Location,Order #,Opened,Server,Table,Revenue Center,Discount Amount,Amount,Tax,Tip,Gratuity,Duration (Opened to Paid)
Tink-a-Tako - Potranco,1,8/6/25 6:12 AM,Daniela Torres,,Dining Room,0.00,5.98,0.49,0.00,0.00,00:18:51
Tink-a-Tako - Potranco,2,8/6/25 6:31 AM,Daniela Torres,,Dining Room,0.00,25.80,2.13,0.00,0.00,00:04:55
Tink-a-Tako - Potranco,3,8/6/25 6:33 AM,Daniela Torres,,Dining Room,0.00,3.98,0.33,0.00,0.00,00:04:58
Tink-a-Tako - Potranco,4,8/6/25 6:33 AM,Daniela Torres,,Dining Room,0.00,8.67,0.71,2.00,0.00,00:05:32
Tink-a-Tako - Potranco,5,8/6/25 6:38 AM,Daniela Torres,,Dining Room,0.00,4.48,0.37,0.00,0.00,00:02:10
Tink-a-Tako - Potranco,6,8/6/25 6:41 AM,Daniela Torres,,Dining Room,0.00,8.37,0.68,0.00,0.00,00:02:19
Tink-a-Tako - Potranco,7,8/6/25 6:41 AM,Daniela Torres,,Dining Room,0.00,6.97,0.57,0.00,0.00,00:04:01
Tink-a-Tako - Potranco,8,8/6/25 6:45 AM,Daniela Torres,,Dining Room,0.00,9.35,0.76,0.00,0.00,00:01:04
Tink-a-Tako - Potranco,9,8/6/25 6:52 AM,Norma Vasquez,,Dining Room,0.00,39.80,3.28,8.00,0.00,00:13:12
Tink-a-Tako - Potranco,10,8/6/25 6:53 AM,Daniela Torres,,Dining Room,0.00,21.89,1.81,0.00,0.00,00:00:42
Tink-a-Tako - Potranco,12,8/6/25 6:54 AM,Norma Vasquez,17,Dining Room,0.00,19.96,1.66,0.00,0.00,00:25:58
Tink-a-Tako - Potranco,11,8/6/25 6:54 AM,Daniela Torres,,Dining Room,0.00,7.77,0.64,0.00,0.00,00:04:13
Tink-a-Tako - Potranco,13,8/6/25 7:02 AM,Daniela Torres,,Dining Room,0.00,3.98,0.33,0.00,0.00,00:00:09
Tink-a-Tako - Potranco,14,8/6/25 7:02 AM,Norma Vasquez,26,Dining Room,0.00,9.98,0.83,0.00,0.00,00:37:58
Tink-a-Tako - Potranco,15,8/6/25 7:02 AM,Daniela Torres,,Dining Room,0.00,5.97,0.48,0.00,0.00,00:09:10
Tink-a-Tako - Potranco,16,8/6/25 7:11 AM,Daniela Torres,,Dining Room,0.00,7.97,0.66,1.00,0.00,00:01:56
Tink-a-Tako - Potranco,17,8/6/25 7:12 AM,Daniela Torres,,Dining Room,0.00,4.98,0.42,2.00,0.00,00:03:13
Tink-a-Tako - Potranco,18,8/6/25 7:14 AM,Daniela Torres,,Dining Room,0.00,0.00,0.00,0.00,0.00,00:01:21
Tink-a-Tako - Potranco,19,8/6/25 7:15 AM,Daniela Torres,,Dining Room,0.00,8.47,0.70,0.00,0.00,00:02:20
Tink-a-Tako - Potranco,20,8/6/25 7:16 AM,Daniela Torres,,Dining Room,0.00,35.97,2.97,0.00,0.00,00:00:26
Tink-a-Tako - Potranco,23,8/6/25 7:17 AM,Daniela Torres,,Dining Room,0.00,2.99,0.25,0.00,0.00,00:01:13
Tink-a-Tako - Potranco,22,8/6/25 7:17 AM,Norma Vasquez,,Dining Room,0.00,251.30,20.72,40.00,0.00,00:25:11
Tink-a-Tako - Potranco,24,8/6/25 7:21 AM,Daniela Torres,,Dining Room,0.00,3.98,0.33,1.00,0.00,03:24:57
Tink-a-Tako - Potranco,25,8/6/25 7:21 AM,Daniela Torres,,Dining Room,0.00,6.48,0.54,0.00,0.00,00:04:41
Tink-a-Tako - Potranco,26,8/6/25 7:22 AM,Daniela Torres,,Dining Room,0.00,7.38,0.61,2.00,0.00,00:05:29
Tink-a-Tako - Potranco,27,8/6/25 7:25 AM,Daniela Torres,,Dining Room,0.00,7.47,0.62,0.00,0.00,00:03:49
Tink-a-Tako - Potranco,28,8/6/25 7:35 AM,Daniela Torres,,Dining Room,0.50,4.48,0.37,0.00,0.00,00:02:28
Tink-a-Tako - Potranco,29,8/6/25 7:36 AM,Daniela Torres,,Dining Room,0.00,19.48,1.61,0.00,0.00,00:03:39
Tink-a-Tako - Potranco,30,8/6/25 7:37 AM,Daniela Torres,,Dining Room,0.00,7.23,0.59,0.00,0.00,00:04:33
Tink-a-Tako - Potranco,31,8/6/25 7:39 AM,Daniela Torres,,Dining Room,0.00,4.48,0.37,1.00,0.00,00:03:48
Tink-a-Tako - Potranco,32,8/6/25 7:39 AM,Daniela Torres,,Dining Room,0.00,1.99,0.16,0.00,0.00,00:04:37
Tink-a-Tako - Potranco,33,8/6/25 7:42 AM,Daniela Torres,,Dining Room,0.00,7.67,0.63,0.00,0.00,00:04:16
Tink-a-Tako - Potranco,34,8/6/25 7:43 AM,Daniela Torres,,Dining Room,0.00,8.03,0.66,0.00,0.00,00:01:23
Tink-a-Tako - Potranco,35,8/6/25 7:43 AM,Daniela Torres,,Dining Room,0.00,7.67,0.62,0.00,0.00,00:03:47
Tink-a-Tako - Potranco,36,8/6/25 7:46 AM,Daniela Torres,,Dining Room,0.00,4.98,0.41,0.00,0.00,00:02:18
Tink-a-Tako - Potranco,38,8/6/25 7:47 AM,Daniela Torres,,Dining Room,0.00,6.97,0.58,0.00,0.00,00:03:09
Tink-a-Tako - Potranco,39,8/6/25 7:48 AM,Daniela Torres,,Dining Room,0.00,4.98,0.41,0.00,0.00,00:02:26
Tink-a-Tako - Potranco,37,8/6/25 7:47 AM,Norma Vasquez,,Dining Room,0.00,13.99,1.15,0.00,0.00,00:00:39
Tink-a-Tako - Potranco,40,8/6/25 7:49 AM,Daniela Torres,,Dining Room,0.00,9.58,0.79,0.00,0.00,00:02:48
Tink-a-Tako - Potranco,41,8/6/25 7:52 AM,Daniela Torres,,Dining Room,0.00,3.98,0.33,0.00,0.00,00:00:25
Tink-a-Tako - Potranco,42,8/6/25 8:00 AM,Daniela Torres,,Dining Room,0.00,3.58,0.30,0.00,0.00,00:00:43
Tink-a-Tako - Potranco,43,8/6/25 8:06 AM,Daniela Torres,,Dining Room,0.00,9.72,0.80,0.00,0.00,00:00:36
Tink-a-Tako - Potranco,44,8/6/25 8:07 AM,Daniela Torres,,Dining Room,0.00,20.56,1.70,0.00,0.00,00:03:44
Tink-a-Tako - Potranco,45,8/6/25 8:10 AM,Daniela Torres,,Dining Room,0.00,7.67,0.63,0.00,0.00,00:06:00
Tink-a-Tako - Potranco,46,8/6/25 8:10 AM,Daniela Torres,,Dining Room,0.00,9.42,0.77,0.00,0.00,00:06:34
Tink-a-Tako - Potranco,48,8/6/25 8:12 AM,Ivana Abundiz,,Dining Room,0.00,6.37,0.52,0.00,0.00,00:00:31
Tink-a-Tako - Potranco,49,8/6/25 8:15 AM,Norma Vasquez,26,Dining Room,0.00,23.93,1.97,6.00,0.00,00:26:48
Tink-a-Tako - Potranco,47,8/6/25 8:11 AM,Daniela Torres,,Dining Room,0.00,6.78,0.56,0.00,0.00,00:06:56
Tink-a-Tako - Potranco,50,8/6/25 8:18 AM,Daniela Torres,,Dining Room,0.00,0.00,0.00,0.00,0.00,00:00:09
Tink-a-Tako - Potranco,51,8/6/25 8:18 AM,Esperansa Caviedes,23,Dining Room,0.00,18.39,1.52,3.00,0.00,00:18:09
Tink-a-Tako - Potranco,53,8/6/25 8:23 AM,Daniela Torres,,Dining Room,0.00,3.78,0.31,0.00,0.00,00:00:49
Tink-a-Tako - Potranco,52,8/6/25 8:22 AM,Rosa Compean,33,Dining Room,0.00,26.73,2.21,5.00,0.00,00:24:27
Tink-a-Tako - Potranco,54,8/6/25 8:25 AM,Daniela Torres,,Dining Room,0.00,8.18,0.67,0.00,0.00,00:03:58
Tink-a-Tako - Potranco,55,8/6/25 8:25 AM,Ivana Abundiz,,Dining Room,0.00,11.26,0.93,0.00,0.00,00:02:02
Tink-a-Tako - Potranco,57,8/6/25 8:32 AM,Norma Vasquez,37,Dining Room,0.00,7.38,0.61,0.00,0.00,00:09:56
Tink-a-Tako - Potranco,58,8/6/25 8:34 AM,Daniela Torres,,Dining Room,0.00,5.28,0.44,0.00,0.00,00:00:12
Tink-a-Tako - Potranco,59,8/6/25 8:34 AM,Daniela Torres,,Dining Room,0.00,9.66,0.79,0.00,0.00,00:01:36
Tink-a-Tako - Potranco,60,8/6/25 8:36 AM,Daniela Torres,,Dining Room,0.00,12.36,1.02,0.00,0.00,00:01:14
Tink-a-Tako - Potranco,61,8/6/25 8:39 AM,Daniela Torres,,Dining Room,0.00,8.78,0.72,0.00,0.00,00:01:09
Tink-a-Tako - Potranco,62,8/6/25 8:39 AM,Daniela Torres,,Dining Room,0.90,8.07,0.66,3.00,0.00,00:02:36
Tink-a-Tako - Potranco,63,8/6/25 8:44 AM,Daniela Torres,,Dining Room,0.00,10.67,0.88,0.00,0.00,00:00:38
Tink-a-Tako - Potranco,64,8/6/25 8:44 AM,Esperansa Caviedes,24,Dining Room,0.00,19.62,1.62,4.00,0.00,00:26:25
Tink-a-Tako - Potranco,66,8/6/25 8:53 AM,Daniela Torres,,Dining Room,0.00,12.99,1.07,0.00,0.00,00:03:11
Tink-a-Tako - Potranco,67,8/6/25 8:54 AM,Daniela Torres,,Dining Room,0.00,10.96,0.90,0.00,0.00,00:04:45
Tink-a-Tako - Potranco,68,8/6/25 8:55 AM,Daniela Torres,,Dining Room,0.00,12.15,1.00,0.00,0.00,00:05:30
Tink-a-Tako - Potranco,69,8/6/25 8:56 AM,Daniela Torres,,Dining Room,0.00,10.55,0.87,3.00,0.00,00:05:30
Tink-a-Tako - Potranco,70,8/6/25 8:56 AM,Daniela Torres,,Dining Room,0.00,18.74,1.55,2.00,0.00,00:05:59
Tink-a-Tako - Potranco,72,8/6/25 8:59 AM,Norma Vasquez,,Dining Room,0.00,3.98,0.33,2.00,0.00,00:00:14
Tink-a-Tako - Potranco,71,8/6/25 8:58 AM,Daniela Torres,,Dining Room,0.00,3.78,0.31,0.00,0.00,00:08:26
Tink-a-Tako - Potranco,73,8/6/25 8:59 AM,Norma Vasquez,,Dining Room,0.00,10.87,0.89,0.00,0.00,00:00:30
Tink-a-Tako - Potranco,75,8/6/25 9:00 AM,Norma Vasquez,,Dining Room,0.00,5.49,0.45,0.00,0.00,00:00:26
Tink-a-Tako - Potranco,76,8/6/25 9:01 AM,Norma Vasquez,,Dining Room,0.00,3.83,0.32,0.00,0.00,00:00:18
Tink-a-Tako - Potranco,77,8/6/25 9:01 AM,Norma Vasquez,,Dining Room,0.00,7.38,0.61,0.00,0.00,00:00:35
Tink-a-Tako - Potranco,78,8/6/25 9:05 AM,Daniela Torres,,Dining Room,0.00,9.57,0.79,0.00,0.00,00:02:32
Tink-a-Tako - Potranco,79,8/6/25 9:06 AM,Daniela Torres,,Dining Room,0.00,3.98,0.33,0.00,0.00,00:03:27
Tink-a-Tako - Potranco,80,8/6/25 9:07 AM,Daniela Torres,,Dining Room,0.00,7.38,0.60,0.00,0.00,00:02:54
Tink-a-Tako - Potranco,81,8/6/25 9:08 AM,Daniela Torres,,Dining Room,0.00,6.68,0.55,0.00,0.00,00:03:24
Tink-a-Tako - Potranco,82,8/6/25 9:09 AM,Rosa Compean,38,Dining Room,0.00,35.21,2.90,5.28,0.00,00:31:13
Tink-a-Tako - Potranco,83,8/6/25 9:12 AM,Daniela Torres,,Dining Room,0.00,11.06,0.91,0.00,0.00,00:00:47
Tink-a-Tako - Potranco,84,8/6/25 9:13 AM,Daniela Torres,,Dining Room,0.00,16.64,1.37,0.00,0.00,00:04:12
Tink-a-Tako - Potranco,85,8/6/25 9:15 AM,Esperansa Caviedes,32,Dining Room,0.00,20.96,1.73,3.00,0.00,00:32:21
Tink-a-Tako - Potranco,86,8/6/25 9:15 AM,Daniela Torres,,Dining Room,0.00,6.77,0.56,0.00,0.00,00:04:21
Tink-a-Tako - Potranco,87,8/6/25 9:16 AM,Daniela Torres,,Dining Room,0.00,7.28,0.61,0.00,0.00,00:03:50
Tink-a-Tako - Potranco,89,8/6/25 9:17 AM,Norma Vasquez,25,Dining Room,0.00,7.96,0.65,0.00,0.00,00:30:44
Tink-a-Tako - Potranco,88,8/6/25 9:16 AM,Rosa Compean,18,Dining Room,0.00,20.72,1.72,10.00,0.00,00:25:19
Tink-a-Tako - Potranco,90,8/6/25 9:17 AM,Daniela Torres,,Dining Room,0.00,23.93,1.97,0.00,0.00,00:06:10
Tink-a-Tako - Potranco,92,8/6/25 9:18 AM,Esperansa Caviedes,8,Dining Room,0.00,7.02,0.58,0.00,0.00,01:01:31
Tink-a-Tako - Potranco,93,8/6/25 9:19 AM,Daniela Torres,,Dining Room,0.48,4.31,0.36,0.00,0.00,00:05:14
Tink-a-Tako - Potranco,95,8/6/25 9:20 AM,Norma Vasquez,37,Dining Room,0.00,10.83,0.89,0.00,0.00,00:10:56
Tink-a-Tako - Potranco,94,8/6/25 9:20 AM,Daniela Torres,,Dining Room,0.00,13.35,1.11,0.00,0.00,00:05:25
Tink-a-Tako - Potranco,97,8/6/25 9:23 AM,Ivana Abundiz,,Dining Room,0.00,3.98,0.33,0.00,0.00,00:00:12
Tink-a-Tako - Potranco,98,8/6/25 9:27 AM,Daniela Torres,,Dining Room,0.00,9.35,0.76,0.00,0.00,00:01:26
Tink-a-Tako - Potranco,99,8/6/25 9:27 AM,Daniela Torres,,Dining Room,0.00,5.77,0.47,0.00,0.00,00:02:12
Tink-a-Tako - Potranco,100,8/6/25 9:28 AM,Rosa Compean,22,Dining Room,0.00,21.83,1.81,0.00,0.00,00:20:03
Tink-a-Tako - Potranco,101,8/6/25 9:30 AM,Norma Vasquez,17,Dining Room,0.00,9.58,0.79,3.00,0.00,00:23:01
Tink-a-Tako - Potranco,102,8/6/25 9:33 AM,Esperansa Caviedes,23,Dining Room,0.00,9.47,0.78,0.00,0.00,00:45:55
Tink-a-Tako - Potranco,103,8/6/25 9:37 AM,Rosa Compean,33,Dining Room,0.00,11.91,0.97,0.00,0.00,00:38:54
Tink-a-Tako - Potranco,104,8/6/25 9:38 AM,Daniela Torres,,Dining Room,0.00,17.52,1.45,0.00,0.00,00:03:03
Tink-a-Tako - Potranco,105,8/6/25 9:39 AM,Daniela Torres,,Dining Room,0.00,7.77,0.64,0.00,0.00,00:03:59
Tink-a-Tako - Potranco,106,8/6/25 9:39 AM,Daniela Torres,,Dining Room,0.00,8.47,0.70,0.00,0.00,00:05:11
Tink-a-Tako - Potranco,107,8/6/25 9:40 AM,Daniela Torres,,Dining Room,0.00,27.43,2.26,0.00,0.00,00:05:00
Tink-a-Tako - Potranco,108,8/6/25 9:40 AM,Esperansa Caviedes,24,Dining Room,0.00,15.25,1.26,3.49,0.00,00:28:35
Tink-a-Tako - Potranco,109,8/6/25 9:42 AM,Norma Vasquez,31,Dining Room,0.00,40.75,3.35,0.00,0.00,00:24:10
Tink-a-Tako - Potranco,110,8/6/25 9:43 AM,Daniela Torres,,Dining Room,0.00,6.28,0.52,2.00,0.00,00:04:12
Tink-a-Tako - Potranco,74,8/6/25 8:59 AM,Daniela Torres,,Dining Room,0.00,9.28,0.76,0.00,0.00,00:50:16
Tink-a-Tako - Potranco,112,8/6/25 9:52 AM,Daniela Torres,,Dining Room,0.00,3.98,0.33,0.00,0.00,00:00:17
Tink-a-Tako - Potranco,114,8/6/25 9:52 AM,Norma Vasquez,34,Dining Room,0.00,18.23,1.51,0.00,0.00,00:55:37
Tink-a-Tako - Potranco,113,8/6/25 9:52 AM,Rosa Compean,7,Dining Room,0.00,12.90,1.06,0.00,0.00,00:35:39
Tink-a-Tako - Potranco,115,8/6/25 9:58 AM,Daniela Torres,,Dining Room,0.00,9.67,0.79,0.00,0.00,00:01:30
Tink-a-Tako - Potranco,111,8/6/25 9:49 AM,Daniela Torres,,Dining Room,0.00,5.94,0.49,0.00,0.00,00:11:57
Tink-a-Tako - Potranco,117,8/6/25 10:02 AM,Daniela Torres,,Dining Room,0.00,12.31,1.01,0.00,0.00,00:01:15
Tink-a-Tako - Potranco,118,8/6/25 10:04 AM,Daniela Torres,,Dining Room,0.00,5.97,0.49,0.00,0.00,00:03:21
Tink-a-Tako - Potranco,119,8/6/25 10:06 AM,Daniela Torres,,Dining Room,0.00,18.98,1.57,0.00,0.00,00:02:00
Tink-a-Tako - Potranco,120,8/6/25 10:07 AM,Daniela Torres,,Dining Room,0.00,17.54,1.45,0.00,0.00,00:02:44
Tink-a-Tako - Potranco,121,8/6/25 10:10 AM,Daniela Torres,,Dining Room,0.00,13.93,1.15,0.00,0.00,00:01:41
Tink-a-Tako - Potranco,122,8/6/25 10:10 AM,Daniela Torres,,Dining Room,0.00,15.77,1.30,0.00,0.00,00:03:11
Tink-a-Tako - Potranco,123,8/6/25 10:14 AM,Daniela Torres,,Dining Room,0.00,9.58,0.79,0.00,0.00,00:01:51
Tink-a-Tako - Potranco,124,8/6/25 10:17 AM,Daniela Torres,,Dining Room,0.00,10.56,0.87,0.00,0.00,00:01:32
Tink-a-Tako - Potranco,125,8/6/25 10:19 AM,Daniela Torres,,Dining Room,0.00,17.84,1.47,0.00,0.00,00:04:09
Tink-a-Tako - Potranco,126,8/6/25 10:20 AM,Esperansa Caviedes,25,Dining Room,0.00,10.72,0.88,3.00,0.00,00:23:43
Tink-a-Tako - Potranco,127,8/6/25 10:20 AM,Norma Vasquez,9,Dining Room,0.00,39.79,3.27,5.00,0.00,00:38:29
Tink-a-Tako - Potranco,128,8/6/25 10:20 AM,Daniela Torres,,Dining Room,0.00,16.74,1.39,0.00,0.00,00:05:18
Tink-a-Tako - Potranco,129,8/6/25 10:20 AM,Daniela Torres,,Dining Room,0.00,9.78,0.81,0.00,0.00,00:06:41
Tink-a-Tako - Potranco,130,8/6/25 10:24 AM,Daniela Torres,,Dining Room,0.00,6.88,0.56,0.00,0.00,00:05:33
Tink-a-Tako - Potranco,131,8/6/25 10:27 AM,Daniela Torres,,Dining Room,0.00,5.44,0.44,0.00,0.00,00:03:00
Tink-a-Tako - Potranco,132,8/6/25 10:30 AM,Rosa Compean,18,Dining Room,0.00,19.48,1.61,0.00,0.00,00:32:32
Tink-a-Tako - Potranco,133,8/6/25 10:31 AM,Esperansa Caviedes,37,Dining Room,0.00,25.96,2.15,0.00,0.00,01:04:15
Tink-a-Tako - Potranco,134,8/6/25 10:31 AM,Norma Vasquez,22,Dining Room,0.00,48.97,4.04,0.00,0.00,01:21:57
Tink-a-Tako - Potranco,135,8/6/25 10:33 AM,Rosa Compean,,Dining Room,0.00,13.67,1.13,2.00,0.00,00:18:21
Tink-a-Tako - Potranco,136,8/6/25 10:34 AM,Daniela Torres,,Dining Room,0.00,31.14,2.58,0.00,0.00,00:02:14
Tink-a-Tako - Potranco,137,8/6/25 10:35 AM,Rosa Compean,20,Dining Room,0.00,52.50,4.32,10.00,0.00,00:43:43
Tink-a-Tako - Potranco,138,8/6/25 10:36 AM,Daniela Torres,,Dining Room,0.00,0.00,0.00,0.00,0.00,02:57:52
Tink-a-Tako - Potranco,139,8/6/25 10:37 AM,Esperansa Caviedes,24,Dining Room,0.00,14.46,1.19,0.00,0.00,01:15:33
Tink-a-Tako - Potranco,116,8/6/25 10:00 AM,Daniela Torres,,Dining Room,0.00,4.78,0.40,0.00,0.00,00:44:25
Tink-a-Tako - Potranco,141,8/6/25 10:40 AM,Daniela Torres,,Dining Room,0.00,5.57,0.46,0.00,0.00,00:08:31
Tink-a-Tako - Potranco,143,8/6/25 10:43 AM,Rosa Compean,32,Dining Room,0.00,23.65,1.94,0.00,0.00,00:37:05
Tink-a-Tako - Potranco,144,8/6/25 10:44 AM,Norma Vasquez,17,Dining Room,0.00,19.19,1.59,0.00,0.00,00:31:52
Tink-a-Tako - Potranco,145,8/6/25 10:45 AM,Daniela Torres,,Dining Room,0.00,14.43,1.19,1.00,0.00,00:05:41
Tink-a-Tako - Potranco,146,8/6/25 10:45 AM,Daniela Torres,,Dining Room,0.00,8.95,0.74,0.00,0.00,00:08:31
Tink-a-Tako - Potranco,147,8/6/25 10:46 AM,Ivana Abundiz,,Dining Room,0.00,5.37,0.44,0.00,0.00,00:00:12
Tink-a-Tako - Potranco,148,8/6/25 10:47 AM,Daniela Torres,,Dining Room,0.00,34.39,2.85,2.00,0.00,00:12:10
Tink-a-Tako - Potranco,150,8/6/25 10:48 AM,Esperansa Caviedes,39,Dining Room,0.00,21.96,1.81,0.00,0.00,01:11:11
Tink-a-Tako - Potranco,151,8/6/25 10:49 AM,Rosa Compean,26,Dining Room,0.00,15.48,1.28,4.20,0.00,00:24:23
Tink-a-Tako - Potranco,152,8/6/25 10:50 AM,Daniela Torres,,Dining Room,0.00,10.55,0.86,0.00,0.00,00:08:04
Tink-a-Tako - Potranco,154,8/6/25 10:54 AM,Esperansa Caviedes,34,Dining Room,0.00,47.74,3.92,6.00,0.00,00:43:43
Tink-a-Tako - Potranco,153,8/6/25 10:54 AM,Daniela Torres,,Dining Room,0.00,7.96,0.65,0.00,0.00,00:04:31
Tink-a-Tako - Potranco,156,8/6/25 10:55 AM,Rosa Compean,25,Dining Room,0.00,13.98,1.15,0.00,0.00,00:20:17
Tink-a-Tako - Potranco,157,8/6/25 10:58 AM,Norma Vasquez,1,Dining Room,0.00,86.69,7.17,5.00,17.34,00:42:11
Tink-a-Tako - Potranco,160,8/6/25 10:58 AM,Daniela Torres,,Dining Room,0.00,9.95,0.82,0.00,0.00,00:01:02
Tink-a-Tako - Potranco,162,8/6/25 10:59 AM,Daniela Torres,,Dining Room,0.00,9.75,0.81,0.00,0.00,00:01:45
Tink-a-Tako - Potranco,163,8/6/25 11:04 AM,Daniela Torres,,Dining Room,0.00,19.98,1.64,0.00,0.00,00:01:24
Tink-a-Tako - Potranco,164,8/6/25 11:08 AM,Norma Vasquez,15,Dining Room,0.00,27.91,2.33,5.00,0.00,00:23:43
Tink-a-Tako - Potranco,165,8/6/25 11:08 AM,Esperansa Caviedes,38,Dining Room,0.00,23.00,1.91,4.60,0.00,00:36:43
Tink-a-Tako - Potranco,166,8/6/25 11:10 AM,Rosa Compean,10,Dining Room,0.00,20.16,1.66,10.00,0.00,00:41:24
Tink-a-Tako - Potranco,168,8/6/25 11:13 AM,Daniela Torres,,Dining Room,0.00,3.98,0.32,1.00,0.00,00:00:13
Tink-a-Tako - Potranco,167,8/6/25 11:12 AM,Norma Vasquez,23,Dining Room,0.00,48.94,4.05,8.00,0.00,00:31:07
Tink-a-Tako - Potranco,169,8/6/25 11:17 AM,Daniela Torres,,Dining Room,0.00,31.88,2.62,0.00,0.00,00:01:26
Tink-a-Tako - Potranco,170,8/6/25 11:22 AM,Daniela Torres,,Dining Room,0.00,4.39,0.36,0.00,0.00,00:04:40
Tink-a-Tako - Potranco,171,8/6/25 11:22 AM,Daniela Torres,,Dining Room,0.00,11.56,0.95,0.00,0.00,00:07:30
Tink-a-Tako - Potranco,173,8/6/25 11:26 AM,Ivana Abundiz,,Dining Room,0.00,2.99,0.25,0.00,0.00,00:00:18
Tink-a-Tako - Potranco,174,8/6/25 11:26 AM,Daniela Torres,,Dining Room,0.00,15.74,1.29,0.00,0.00,00:05:59
Tink-a-Tako - Potranco,175,8/6/25 11:28 AM,Daniela Torres,,Dining Room,0.00,8.68,0.71,0.00,0.00,00:04:53
Tink-a-Tako - Potranco,176,8/6/25 11:28 AM,Daniela Torres,,Dining Room,0.00,14.46,1.20,0.00,0.00,00:07:25
Tink-a-Tako - Potranco,177,8/6/25 11:30 AM,Daniela Torres,,Dining Room,0.00,7.68,0.63,0.00,0.00,00:06:09
Tink-a-Tako - Potranco,178,8/6/25 11:32 AM,Daniela Torres,,Dining Room,0.00,17.45,1.43,0.00,0.00,00:05:16
Tink-a-Tako - Potranco,179,8/6/25 11:34 AM,Daniela Torres,,Dining Room,0.00,9.96,0.82,0.00,0.00,00:06:19
Tink-a-Tako - Potranco,180,8/6/25 11:35 AM,Esperansa Caviedes,37,Dining Room,0.00,12.44,1.02,0.00,0.00,00:21:11
Tink-a-Tako - Potranco,181,8/6/25 11:36 AM,Daniela Torres,,Dining Room,0.00,27.22,2.24,0.00,0.00,00:06:26
Tink-a-Tako - Potranco,183,8/6/25 11:37 AM,Daniela Torres,,Dining Room,0.00,9.98,0.82,0.00,0.00,00:03:35
Tink-a-Tako - Potranco,182,8/6/25 11:37 AM,Norma Vasquez,,Dining Room,0.00,28.14,2.32,3.00,0.00,00:00:57
Tink-a-Tako - Potranco,185,8/6/25 11:41 AM,Daniela Torres,,Dining Room,0.00,3.98,0.33,2.00,0.00,00:04:15
Tink-a-Tako - Potranco,184,8/6/25 11:40 AM,Esperansa Caviedes,42,Dining Room,0.00,50.27,4.13,10.00,0.00,00:29:47
Tink-a-Tako - Potranco,186,8/6/25 11:42 AM,Rosa Compean,17,Dining Room,0.00,10.46,0.87,0.00,0.00,00:38:22
Tink-a-Tako - Potranco,188,8/6/25 11:43 AM,Rosa Compean,8,Dining Room,1.40,15.83,1.31,4.00,0.00,00:39:46
Tink-a-Tako - Potranco,190,8/6/25 11:44 AM,Norma Vasquez,4,Dining Room,0.00,49.92,4.12,0.00,9.98,00:28:31
Tink-a-Tako - Potranco,189,8/6/25 11:44 AM,Daniela Torres,,Dining Room,0.00,8.73,0.72,0.00,0.00,00:04:16
Tink-a-Tako - Potranco,193,8/6/25 11:45 AM,Esperansa Caviedes,9,Dining Room,0.00,17.98,1.48,0.00,0.00,01:08:25
Tink-a-Tako - Potranco,192,8/6/25 11:45 AM,Daniela Torres,,Dining Room,0.00,3.98,0.32,0.00,0.00,00:09:47
Tink-a-Tako - Potranco,194,8/6/25 11:48 AM,Daniela Torres,,Dining Room,0.40,3.58,0.30,2.00,0.00,00:07:53
Tink-a-Tako - Potranco,196,8/6/25 11:49 AM,Daniela Torres,,Dining Room,0.00,20.41,1.69,0.00,0.00,00:07:57
Tink-a-Tako - Potranco,198,8/6/25 11:49 AM,Rosa Compean,32,Dining Room,0.00,39.25,3.22,5.00,0.00,01:49:22
Tink-a-Tako - Potranco,200,8/6/25 11:52 AM,Norma Vasquez,19,Dining Room,1.84,22.51,1.87,6.00,0.00,00:49:07
Tink-a-Tako - Potranco,199,8/6/25 11:51 AM,Daniela Torres,,Dining Room,0.00,15.76,1.30,0.00,0.00,00:01:07
Tink-a-Tako - Potranco,201,8/6/25 11:53 AM,Daniela Torres,,Dining Room,0.00,11.74,0.97,0.00,0.00,00:07:09
Tink-a-Tako - Potranco,202,8/6/25 11:55 AM,Daniela Torres,,Dining Room,0.00,7.18,0.59,1.00,0.00,00:04:52
Tink-a-Tako - Potranco,203,8/6/25 12:00 PM,Esperansa Caviedes,7,Dining Room,0.00,34.12,2.80,0.00,0.00,01:27:15
Tink-a-Tako - Potranco,204,8/6/25 12:01 PM,Daniela Torres,,Dining Room,0.00,3.98,0.33,0.00,0.00,00:01:11
Tink-a-Tako - Potranco,205,8/6/25 12:02 PM,Daniela Torres,,Dining Room,0.00,14.44,1.19,0.00,0.00,00:03:25
Tink-a-Tako - Potranco,207,8/6/25 12:03 PM,Norma Vasquez,25,Dining Room,0.00,28.07,2.31,0.00,0.00,00:29:46
Tink-a-Tako - Potranco,208,8/6/25 12:04 PM,Norma Vasquez,18,Dining Room,0.00,42.76,3.51,0.00,0.00,00:36:05
Tink-a-Tako - Potranco,209,8/6/25 12:05 PM,Ivana Abundiz,,Dining Room,0.00,13.99,1.15,0.00,0.00,00:08:22
Tink-a-Tako - Potranco,210,8/6/25 12:05 PM,Rosa Compean,39,Dining Room,0.00,40.22,3.32,3.00,0.00,00:36:14
Tink-a-Tako - Potranco,211,8/6/25 12:06 PM,Rosa Compean,38,Dining Room,0.00,12.98,1.07,0.00,0.00,00:22:37
Tink-a-Tako - Potranco,212,8/6/25 12:06 PM,Esperansa Caviedes,23,Dining Room,0.00,29.70,2.44,0.00,0.00,00:58:49
Tink-a-Tako - Potranco,213,8/6/25 12:08 PM,Daniela Torres,,Dining Room,0.00,32.22,2.65,0.00,0.00,00:02:10
Tink-a-Tako - Potranco,215,8/6/25 12:10 PM,Daniela Torres,,Dining Room,0.00,18.26,1.49,0.00,0.00,00:06:47
Tink-a-Tako - Potranco,216,8/6/25 12:11 PM,Daniela Torres,,Dining Room,0.00,2.99,0.25,0.00,0.00,00:08:02
Tink-a-Tako - Potranco,217,8/6/25 12:11 PM,Daniela Torres,,Dining Room,0.00,8.17,0.67,0.00,0.00,00:08:00
Tink-a-Tako - Potranco,142,8/6/25 10:42 AM,Daniela Torres,,Dining Room,0.00,7.56,0.63,0.00,0.00,01:37:46
Tink-a-Tako - Potranco,219,8/6/25 12:16 PM,Norma Vasquez,16,Dining Room,0.00,14.24,1.17,3.00,0.00,00:34:43
Tink-a-Tako - Potranco,220,8/6/25 12:23 PM,Rosa Compean,12,Dining Room,0.00,18.23,1.51,0.00,0.00,00:24:18
Tink-a-Tako - Potranco,221,8/6/25 12:23 PM,Ivana Abundiz,,Dining Room,0.00,21.44,1.77,0.00,0.00,00:14:15
Tink-a-Tako - Potranco,222,8/6/25 12:23 PM,Esperansa Caviedes,22,Dining Room,0.00,36.67,3.02,5.00,0.00,00:30:09
Tink-a-Tako - Potranco,223,8/6/25 12:25 PM,Norma Vasquez,33,Dining Room,0.00,29.43,2.42,0.00,0.00,00:43:51
Tink-a-Tako - Potranco,224,8/6/25 12:30 PM,Daniela Torres,,Dining Room,0.00,8.95,0.74,0.00,0.00,00:00:38
Tink-a-Tako - Potranco,225,8/6/25 12:33 PM,Norma Vasquez,11,Dining Room,0.00,56.06,4.61,0.00,0.00,00:26:50
Tink-a-Tako - Potranco,226,8/6/25 12:33 PM,Esperansa Caviedes,24,Dining Room,0.00,14.97,1.24,0.00,0.00,00:53:34
Tink-a-Tako - Potranco,227,8/6/25 12:35 PM,Daniela Torres,,Dining Room,0.00,9.17,0.76,0.00,0.00,00:00:51
Tink-a-Tako - Potranco,231,8/6/25 12:40 PM,Rosa Compean,38,Dining Room,0.00,14.21,1.16,4.00,0.00,00:23:48
Tink-a-Tako - Potranco,230,8/6/25 12:38 PM,Esperansa Caviedes,31,Dining Room,0.00,73.76,6.05,20.00,14.75,00:55:45
Tink-a-Tako - Potranco,232,8/6/25 12:40 PM,Rosa Compean,10,Dining Room,0.00,20.97,1.73,0.00,0.00,00:33:31
Tink-a-Tako - Potranco,233,8/6/25 12:45 PM,Daniela Torres,,Dining Room,0.00,3.99,0.33,0.00,0.00,00:00:17
Tink-a-Tako - Potranco,235,8/6/25 12:45 PM,Norma Vasquez,37,Dining Room,0.00,21.27,1.74,0.00,0.00,00:22:44
Tink-a-Tako - Potranco,234,8/6/25 12:45 PM,Daniela Torres,,Dining Room,0.00,4.89,0.40,0.00,0.00,00:05:34
Tink-a-Tako - Potranco,236,8/6/25 12:52 PM,Daniela Torres,,Dining Room,0.00,4.58,0.38,0.00,0.00,00:01:04
Tink-a-Tako - Potranco,237,8/6/25 1:00 PM,Daniela Torres,,Dining Room,0.00,13.67,1.12,0.00,0.00,00:01:19
Tink-a-Tako - Potranco,238,8/6/25 1:01 PM,Esperansa Caviedes,12,Dining Room,0.00,32.88,2.69,4.00,0.00,00:36:13
Tink-a-Tako - Potranco,240,8/6/25 1:02 PM,Norma Vasquez,17,Dining Room,1.40,15.58,1.29,5.00,0.00,00:26:21
Tink-a-Tako - Potranco,241,8/6/25 1:04 PM,Norma Vasquez,18,Dining Room,0.00,39.87,3.28,0.00,0.00,00:27:22
Tink-a-Tako - Potranco,242,8/6/25 1:05 PM,Rosa Compean,20,Dining Room,0.00,13.99,1.15,0.00,0.00,00:33:30
Tink-a-Tako - Potranco,243,8/6/25 1:13 PM,Esperansa Caviedes,22,Dining Room,0.00,27.97,2.30,5.23,0.00,00:42:08
Tink-a-Tako - Potranco,239,8/6/25 1:01 PM,Daniela Torres,,Dining Room,0.00,13.99,1.15,0.00,0.00,00:12:51
Tink-a-Tako - Potranco,244,8/6/25 1:19 PM,Norma Vasquez,37,Dining Room,0.00,28.10,2.31,5.00,0.00,00:28:11
Tink-a-Tako - Potranco,245,8/6/25 1:25 PM,Esperansa Caviedes,38,Dining Room,0.00,15.48,1.27,5.00,0.00,00:55:16
Tink-a-Tako - Potranco,246,8/6/25 1:27 PM,Daniela Torres,,Dining Room,0.00,14.36,1.18,0.00,0.00,00:01:39
Tink-a-Tako - Potranco,247,8/6/25 1:28 PM,Daniela Torres,,Dining Room,0.00,13.23,1.09,10.00,0.00,00:04:21
Tink-a-Tako - Potranco,248,8/6/25 1:35 PM,Daniela Torres,,Dining Room,0.00,19.68,1.62,4.00,0.00,00:00:43
Tink-a-Tako - Potranco,249,8/6/25 1:36 PM,Daniela Torres,,Dining Room,4.52,40.58,3.35,0.00,0.00,00:09:44
Tink-a-Tako - Potranco,250,8/6/25 1:42 PM,Daniela Torres,,Dining Room,0.00,7.13,0.59,0.00,0.00,00:07:30
Tink-a-Tako - Potranco,252,8/6/25 1:44 PM,Norma Vasquez,25,Dining Room,0.00,18.94,1.57,0.00,0.00,00:34:07
Tink-a-Tako - Potranco,254,8/6/25 1:46 PM,Rosa Compean,1,Dining Room,0.00,60.30,4.97,0.00,12.06,00:43:39
Tink-a-Tako - Potranco,255,8/6/25 1:48 PM,Esperansa Caviedes,24,Dining Room,0.00,33.87,2.78,0.00,0.00,00:24:45
Tink-a-Tako - Potranco,256,8/6/25 1:50 PM,Rosa Compean,18,Dining Room,0.00,23.00,1.90,0.00,0.00,00:32:44
Tink-a-Tako - Potranco,257,8/6/25 1:55 PM,Norma Vasquez,17,Dining Room,0.00,22.71,1.87,5.00,0.00,00:32:07
Tink-a-Tako - Potranco,258,8/6/25 1:55 PM,Daniela Torres,,Dining Room,0.00,4.98,0.41,0.00,0.00,00:00:47
Tink-a-Tako - Potranco,259,8/6/25 2:08 PM,Melissa Urena,,Dining Room,0.00,11.36,0.93,0.00,0.00,00:01:24
Tink-a-Tako - Potranco,260,8/6/25 2:08 PM,Melissa Urena,,Dining Room,0.00,3.99,0.33,0.00,0.00,00:04:38
Tink-a-Tako - Potranco,261,8/6/25 2:14 PM,Sergio Abundiz,41,Dining Room,0.00,36.38,2.99,5.46,0.00,00:34:57
Tink-a-Tako - Potranco,262,8/6/25 2:26 PM,Sergio Abundiz,40,Dining Room,11.99,0.00,0.00,0.00,0.00,06:27:09
Tink-a-Tako - Potranco,263,8/6/25 2:27 PM,Melissa Urena,,Dining Room,0.00,5.37,0.44,0.00,0.00,00:00:37
Tink-a-Tako - Potranco,264,8/6/25 2:29 PM,Melissa Urena,,Dining Room,0.00,5.39,0.44,0.00,0.00,00:02:44
Tink-a-Tako - Potranco,265,8/6/25 2:30 PM,Sergio Abundiz,25,Dining Room,0.00,36.34,2.99,5.00,0.00,00:22:59
Tink-a-Tako - Potranco,266,8/6/25 2:31 PM,Melissa Urena,,Dining Room,0.00,13.98,1.15,0.00,0.00,00:02:49
Tink-a-Tako - Potranco,267,8/6/25 2:34 PM,Melissa Urena,,Dining Room,0.00,8.97,0.74,0.00,0.00,00:09:25
Tink-a-Tako - Potranco,268,8/6/25 2:38 PM,Sergio Abundiz,,Dining Room,0.00,0.00,0.00,0.00,0.00,00:03:42
Tink-a-Tako - Potranco,270,8/6/25 2:43 PM,Melissa Urena,,Dining Room,0.00,6.28,0.52,2.00,0.00,00:01:46
Tink-a-Tako - Potranco,272,8/6/25 2:45 PM,Juan  Camacho,18,Dining Room,1.03,40.67,3.36,0.00,0.00,00:27:20
Tink-a-Tako - Potranco,273,8/6/25 2:50 PM,Melissa Urena,,Dining Room,0.00,4.99,0.41,0.00,0.00,00:00:18
Tink-a-Tako - Potranco,275,8/6/25 2:54 PM,Melissa Urena,,Dining Room,0.00,7.36,0.60,0.00,0.00,00:04:28
Tink-a-Tako - Potranco,276,8/6/25 2:55 PM,Melissa Urena,,Dining Room,0.00,1.79,0.15,0.00,0.00,00:00:25
Tink-a-Tako - Potranco,277,8/6/25 3:13 PM,Sergio Abundiz,17,Dining Room,0.00,53.38,4.40,0.00,0.00,00:28:59
Tink-a-Tako - Potranco,278,8/6/25 3:15 PM,Melissa Urena,,Dining Room,0.00,24.48,2.02,0.00,0.00,00:00:38
Tink-a-Tako - Potranco,279,8/6/25 3:22 PM,Melissa Urena,,Dining Room,0.00,22.98,1.89,0.00,0.00,00:01:22
Tink-a-Tako - Potranco,280,8/6/25 3:23 PM,Melissa Urena,,Dining Room,0.00,11.99,0.99,0.00,0.00,00:19:59
Tink-a-Tako - Potranco,282,8/6/25 4:03 PM,Melissa Urena,,Dining Room,0.00,18.96,1.57,0.00,0.00,00:06:19
Tink-a-Tako - Potranco,283,8/6/25 4:21 PM,Sergio Abundiz,35,Dining Room,0.00,28.68,2.36,10.00,0.00,00:32:54
Tink-a-Tako - Potranco,284,8/6/25 4:22 PM,Melissa Urena,,Dining Room,0.00,18.48,1.52,0.00,0.00,00:00:51
Tink-a-Tako - Potranco,285,8/6/25 4:23 PM,Melissa Urena,,Dining Room,0.00,15.98,1.32,2.00,0.00,00:11:10
Tink-a-Tako - Potranco,287,8/6/25 4:33 PM,Juan  Camacho,32,Dining Room,0.00,26.87,2.22,6.00,0.00,00:41:46
Tink-a-Tako - Potranco,286,8/6/25 4:33 PM,Melissa Urena,,Dining Room,0.00,26.53,2.20,0.00,0.00,00:08:47
Tink-a-Tako - Potranco,288,8/6/25 4:34 PM,Sergio Abundiz,24,Dining Room,0.00,25.62,2.10,10.00,0.00,00:27:36
Tink-a-Tako - Potranco,289,8/6/25 4:41 PM,Juan  Camacho,18,Dining Room,0.00,22.98,1.90,0.00,0.00,00:21:51
Tink-a-Tako - Potranco,290,8/6/25 4:44 PM,Melissa Urena,,Dining Room,0.00,10.53,0.87,0.00,0.00,00:02:26
Tink-a-Tako - Potranco,291,8/6/25 4:46 PM,Melissa Urena,,Dining Room,0.00,12.99,1.07,0.00,0.00,00:03:36
Tink-a-Tako - Potranco,292,8/6/25 4:49 PM,Melissa Urena,,Dining Room,0.00,6.98,0.58,0.00,0.00,00:05:58
Tink-a-Tako - Potranco,293,8/6/25 4:52 PM,Sergio Abundiz,25,Dining Room,0.00,14.22,1.18,0.00,0.00,01:07:42
Tink-a-Tako - Potranco,294,8/6/25 5:18 PM,Juan  Camacho,38,Dining Room,0.00,42.44,3.50,0.00,0.00,00:31:26
Tink-a-Tako - Potranco,295,8/6/25 5:20 PM,Sergio Abundiz,24,Dining Room,0.00,26.66,2.19,5.33,0.00,00:32:33
Tink-a-Tako - Potranco,296,8/6/25 5:21 PM,Melissa Urena,,Dining Room,0.00,7.58,0.63,0.00,0.00,00:01:49
Tink-a-Tako - Potranco,298,8/6/25 5:27 PM,Melissa Urena,,Dining Room,2.95,26.51,2.18,0.00,0.00,00:01:29
Tink-a-Tako - Potranco,299,8/6/25 5:29 PM,Melissa Urena,,Dining Room,0.00,38.35,3.16,0.00,0.00,00:07:19
Tink-a-Tako - Potranco,300,8/6/25 5:31 PM,Sergio Abundiz,31,Dining Room,0.00,55.20,4.55,10.25,0.00,00:24:44
Tink-a-Tako - Potranco,301,8/6/25 5:32 PM,Melissa Urena,,Dining Room,0.00,21.93,1.81,0.00,0.00,00:12:39
Tink-a-Tako - Potranco,302,8/6/25 5:40 PM,Melissa Urena,,Dining Room,0.00,11.99,0.99,0.00,0.00,00:07:27
Tink-a-Tako - Potranco,303,8/6/25 5:53 PM,Melissa Urena,,Dining Room,0.00,19.81,1.63,0.00,0.00,00:00:12
Tink-a-Tako - Potranco,305,8/6/25 5:54 PM,Sergio Abundiz,7,Dining Room,0.00,20.41,1.67,5.00,0.00,01:04:24
Tink-a-Tako - Potranco,304,8/6/25 5:53 PM,Melissa Urena,,Dining Room,0.00,10.99,0.91,0.00,0.00,00:13:18
Tink-a-Tako - Potranco,306,8/6/25 6:11 PM,Melissa Urena,,Dining Room,0.00,18.68,1.54,0.00,0.00,02:57:42
Tink-a-Tako - Potranco,307,8/6/25 6:12 PM,Juan  Camacho,25,Dining Room,0.00,34.33,2.82,5.00,0.00,00:37:26
Tink-a-Tako - Potranco,308,8/6/25 6:13 PM,Sergio Abundiz,,Dining Room,4.06,16.21,1.33,0.46,0.00,00:04:14
Tink-a-Tako - Potranco,310,8/6/25 6:18 PM,Melissa Urena,,Dining Room,0.00,29.42,2.42,0.00,0.00,00:03:25
Tink-a-Tako - Potranco,311,8/6/25 6:26 PM,Melissa Urena,,Dining Room,0.00,5.77,0.47,1.00,0.00,00:03:01
Tink-a-Tako - Potranco,312,8/6/25 6:28 PM,Melissa Urena,,Dining Room,0.00,16.96,1.40,0.00,0.00,00:02:08
Tink-a-Tako - Potranco,313,8/6/25 6:31 PM,Juan  Camacho,17,Dining Room,0.00,37.61,3.09,10.00,0.00,00:35:44
Tink-a-Tako - Potranco,314,8/6/25 6:33 PM,Sergio Abundiz,31,Dining Room,0.00,55.07,4.53,0.00,0.00,00:39:39
Tink-a-Tako - Potranco,315,8/6/25 6:37 PM,Melissa Urena,,Dining Room,0.00,1.00,0.08,0.00,0.00,00:00:08
Tink-a-Tako - Potranco,317,8/6/25 6:38 PM,Juan  Camacho,37,Dining Room,0.00,47.98,3.95,0.00,0.00,00:55:11
Tink-a-Tako - Potranco,318,8/6/25 6:44 PM,Sergio Abundiz,33,Dining Room,0.00,33.37,2.75,0.00,0.00,00:25:05
Tink-a-Tako - Potranco,316,8/6/25 6:38 PM,Melissa Urena,,Dining Room,0.00,23.86,1.96,0.00,0.00,00:09:41
Tink-a-Tako - Potranco,320,8/6/25 7:01 PM,Melissa Urena,,Dining Room,0.00,10.99,0.91,0.00,0.00,00:00:24
Tink-a-Tako - Potranco,319,8/6/25 7:00 PM,Juan  Camacho,32,Dining Room,0.00,45.40,3.74,10.00,0.00,00:36:20
Tink-a-Tako - Potranco,321,8/6/25 7:02 PM,Juan  Camacho,23,Dining Room,0.00,49.86,4.09,12.00,0.00,00:34:38
Tink-a-Tako - Potranco,322,8/6/25 7:04 PM,Melissa Urena,,Dining Room,0.00,28.56,2.36,0.00,0.00,00:04:06
Tink-a-Tako - Potranco,323,8/6/25 7:06 PM,Melissa Urena,,Dining Room,0.00,0.00,0.00,0.00,0.00,00:20:48
Tink-a-Tako - Potranco,324,8/6/25 7:08 PM,Melissa Urena,,Dining Room,0.00,11.99,0.99,0.00,0.00,00:11:18
Tink-a-Tako - Potranco,325,8/6/25 7:20 PM,Melissa Urena,,Dining Room,0.00,19.97,1.65,0.00,0.00,00:08:04
Tink-a-Tako - Potranco,327,8/6/25 7:47 PM,Sergio Abundiz,22,Dining Room,0.00,40.37,3.31,0.00,0.00,00:58:07
Tink-a-Tako - Potranco,326,8/6/25 7:28 PM,Melissa Urena,,Dining Room,0.00,6.99,0.58,0.00,0.00,00:32:23
Tink-a-Tako - Potranco,328,8/6/25 8:00 PM,Melissa Urena,,Dining Room,0.00,19.96,1.65,0.00,0.00,00:05:39
Tink-a-Tako - Potranco,329,8/6/25 8:00 PM,Juan  Camacho,,Dining Room,0.00,17.98,1.48,0.00,0.00,00:01:26
Tink-a-Tako - Potranco,330,8/6/25 8:01 PM,Melissa Urena,,Dining Room,0.00,7.87,0.65,0.00,0.00,00:05:51
Tink-a-Tako - Potranco,331,8/6/25 8:02 PM,Melissa Urena,,Dining Room,0.00,4.97,0.41,0.00,0.00,00:04:59
Tink-a-Tako - Potranco,332,8/6/25 8:05 PM,Sergio Abundiz,34,Dining Room,0.00,40.90,3.37,8.00,0.00,00:40:22
Tink-a-Tako - Potranco,333,8/6/25 8:07 PM,Melissa Urena,,Dining Room,0.00,3.99,0.33,0.00,0.00,00:06:52
Tink-a-Tako - Potranco,334,8/6/25 8:14 PM,Melissa Urena,,Dining Room,0.00,19.44,1.60,0.00,0.00,00:06:04
Tink-a-Tako - Potranco,336,8/6/25 8:26 PM,Sergio Abundiz,42,Dining Room,0.00,63.21,5.18,0.00,0.00,00:23:46
