,Location,Employee,Job Title,In Date,Shift Closed Date,Out Date,Hours,Cash Tips Decl.,Cash on Hand,Cash in Drawer,Non-Cash Tips,Cash Gratuity,Non-Cash Gratuity,Tips Withheld,Non-Cash Sales,Cash Sales,Total Sales,Cash Collected?,Tips Paid?,Open,Paid,Closed,Tip Share Total
800000027989578280,Tink-a-Tako - Potranco,Daniela Torres,Drive-Thru,8/6/25 6:12 AM,8/6/25 2:01 PM,8/6/25 2:03 PM,7.85,,305.52,0.00,42.00,0.00,0.00,0.00,1329.37,305.52,1634.89,yes,yes,0,0,141,0.00
800000027989583724,Tink-a-Tako - Potranco,Norma Vasquez,Server,8/6/25 6:13 AM,8/6/25 2:30 PM,8/6/25 3:06 PM,8.87,,306.56,0.00,109.00,7.81,19.51,0.00,972.43,298.75,1271.18,yes,yes,0,0,43,0.00
800000027990161849,Tink-a-Tako - Potranco,Zoila Salinas,Manager S.,8/6/25 7:21 AM,8/7/25 4:07 AM,8/7/25 4:00 AM,20.64,0.00,0.00,0.00,0.00,0.00,0.00,0.00,0.00,0.00,0.00,yes,yes,0,0,0,0.00
800000027990287367,Tink-a-Tako - Potranco,Esperansa Caviedes,Server,8/6/25 7:31 AM,8/6/25 2:39 PM,8/6/25 2:40 PM,7.15,,190.11,0.00,76.32,0.00,14.75,0.00,475.12,190.11,665.23,yes,yes,0,0,24,0.00
800000027990336616,Tink-a-Tako - Potranco,Rosa Compean,Server,8/6/25 7:34 AM,8/6/25 2:43 PM,8/6/25 2:43 PM,7.14,,220.94,0.00,62.48,12.06,0.00,0.00,394.75,208.88,603.63,yes,yes,0,0,26,0.00
800000027990659417,Tink-a-Tako - Potranco,Ivana Abundiz,Host,8/6/25 7:57 AM,8/6/25 1:57 PM,8/6/25 2:00 PM,6.05,,0.00,37.46,0.00,0.00,0.00,0.00,33.33,37.46,70.79,yes,yes,0,0,7,0.00
800000028001228977,Tink-a-Tako - Potranco,Sergio Abundiz,Server,8/6/25 1:38 PM,8/6/25 8:53 PM,8/6/25 9:18 PM,7.66,,244.85,0.00,59.50,0.00,0.00,0.00,346.07,244.85,590.92,yes,yes,0,0,16,0.00
800000028001867230,Tink-a-Tako - Potranco,Juan  Camacho,Server,8/6/25 1:55 PM,8/6/25 9:00 PM,8/6/25 9:16 PM,7.35,,120.84,0.00,43.00,0.00,0.00,0.00,275.43,120.84,396.27,yes,yes,0,0,11,0.00
800000028001946891,Tink-a-Tako - Potranco,Melissa Urena,Drive-Thru,8/6/25 1:58 PM,8/6/25 9:09 PM,8/6/25 9:09 PM,7.20,,210.46,0.00,5.00,0.00,0.00,0.00,446.55,210.46,657.01,yes,yes,0,0,45,0.00
800000028002142471,Tink-a-Tako - Potranco,Jesus Calderon,Cook,8/6/25 2:03 PM,8/6/25 8:56 PM,8/6/25 8:56 PM,6.88,,0.00,0.00,0.00,0.00,0.00,0.00,0.00,0.00,0.00,yes,yes,0,0,0,0.00
800000028003548930,Tink-a-Tako - Potranco,Arturo Rangel,General Manager,8/6/25 2:42 PM,8/7/25 4:07 AM,8/7/25 4:00 AM,13.29,0.00,0.00,0.00,0.00,0.00,0.00,0.00,0.00,0.00,0.00,yes,yes,0,0,0,0.00
800000028004881266,Tink-a-Tako - Potranco,Ivana Abundiz,Host,8/6/25 3:22 PM,8/6/25 6:08 PM,8/6/25 6:08 PM,2.76,,0.00,0.00,0.00,0.00,0.00,0.00,0.00,0.00,0.00,yes,yes,0,0,0,0.00
800000028006603082,Tink-a-Tako - Potranco,Jonathan Rueda,Busser,8/6/25 4:09 PM,8/6/25 9:12 PM,8/6/25 9:12 PM,5.04,,0.00,0.00,0.00,0.00,0.00,0.00,0.00,0.00,0.00,yes,yes,0,0,0,0.00
