Employee,Job Title,In Date,Out Date,Auto Clock-out,Total Hours,Unpaid Break Time,Paid Break Time,Payable Hours
"Aviles, Genaro",Cook,8/6/25 5:27 AM,8/6/25 3:09 PM,No,9.71,0.00,0.00,9.71
"Diaz, Diego",Cook,8/6/25 5:27 AM,8/6/25 2:10 PM,No,8.72,0.00,0.00,8.72
"Gonzales (Line) , Maria",Cook,8/6/25 5:30 AM,8/6/25 8:49 PM,No,15.31,0.00,0.00,15.31
"Alvarado, Rodolfo",Cook,8/6/25 5:38 AM,8/6/25 2:04 PM,No,8.43,0.00,0.00,8.43
"Torres, Daniela",Drive-Thru,8/6/25 6:12 AM,8/6/25 2:03 PM,No,7.85,0.00,0.00,7.85
"Vasquez, Norma",Server,8/6/25 6:13 AM,8/6/25 3:06 PM,No,8.87,0.00,0.00,8.87
"Salinas, Zoila",Manager S.,8/6/25 7:21 AM,8/7/25 4:00 AM,Yes,20.64,0.00,0.00,20.64
"Caviedes, Esperansa",Server,8/6/25 7:31 AM,8/6/25 2:40 PM,No,7.15,0.00,0.00,7.15
"Compean, Rosa",Server,8/6/25 7:34 AM,8/6/25 2:43 PM,No,7.14,0.00,0.00,7.14
"huerta, Arturo ",Dishwasher,8/6/25 7:56 AM,8/6/25 3:00 PM,No,7.06,0.00,0.00,7.06
"Abundiz, Ivana",Host,8/6/25 7:57 AM,8/6/25 2:00 PM,No,6.05,0.00,0.00,6.05
"Serrato, Joshua ",Busser,8/6/25 8:58 AM,8/6/25 2:05 PM,No,5.13,0.00,0.00,5.13
"Abundiz, Sergio",Server,8/6/25 1:38 PM,8/6/25 9:18 PM,No,7.66,0.00,0.00,7.66
"Camacho, Juan ",Server,8/6/25 1:55 PM,8/6/25 9:16 PM,No,7.35,0.00,0.00,7.35
"Gonzalez, Maria ",Tortillero,8/6/25 1:57 PM,8/6/25 9:14 PM,No,7.28,0.00,0.00,7.28
"Urena, Melissa",Drive-Thru,8/6/25 1:58 PM,8/6/25 9:09 PM,No,7.20,0.00,0.00,7.20
"Calderon, Jesus",Cook,8/6/25 2:03 PM,8/6/25 8:56 PM,No,6.88,0.00,0.00,6.88
"Trevino, Melissa",Dishwasher,8/6/25 2:04 PM,8/6/25 9:15 PM,No,7.18,0.00,0.00,7.18
"Rangel, Arturo",General Manager,8/6/25 2:42 PM,8/7/25 4:00 AM,Yes,13.29,0.00,0.00,13.29
"Abundiz, Ivana",Host,8/6/25 3:22 PM,8/6/25 6:08 PM,No,2.76,0.00,0.00,2.76
"Rueda, Jonathan",Busser,8/6/25 4:09 PM,8/6/25 9:12 PM,No,5.04,0.00,0.00,5.04
