Location,Server,Check #,Table,Station,Expediter Level,Fired Date,Fulfilled Date,Fulfillment Time,Fulfilled By
Tink-a-Tako - Potranco,Daniela Torres,3,,Lobby,,9/17/25 6:32 AM,9/17/25 7:08 AM,35 minutes and 45 seconds,Zoila Salinas
Tink-a-Tako - Potranco,Daniela Torres,1,,Lobby,,9/17/25 6:29 AM,9/17/25 7:08 AM,38 minutes and 32 seconds,Zoila Salinas
Tink-a-Tako - Potranco,Norma Vasquez,5,,Lobby,,9/17/25 6:35 AM,9/17/25 7:08 AM,32 minutes and 9 seconds,Zoila Salinas
Tink-a-Tako - Potranco,Daniela Torres,6,,Lobby,,9/17/25 6:37 AM,9/17/25 7:08 AM,30 minutes and 45 seconds,Zoila Salinas
Tink-a-Tako - Potranco,Daniela Torres,8,,Lobby,,9/17/25 6:42 AM,9/17/25 7:08 AM,26 minutes and 3 seconds,Zoila Salinas
Tink-a-Tako - Potranco,Norma Vasquez,12,,Lobby,,9/17/25 6:47 AM,9/17/25 7:08 AM,20 minutes and 58 seconds,Zoila Salinas
Tink-a-Tako - Potranco,Daniela Torres,2,,Lobby,,9/17/25 6:31 AM,9/17/25 7:08 AM,36 minutes and 48 seconds,Zoila Salinas
Tink-a-Tako - Potranco,Daniela Torres,11,,Lobby,,9/17/25 6:54 AM,9/17/25 7:08 AM,13 minutes and 42 seconds,Zoila Salinas
Tink-a-Tako - Potranco,Daniela Torres,4,,Lobby,,9/17/25 6:33 AM,9/17/25 7:08 AM,34 minutes and 43 seconds,Zoila Salinas
Tink-a-Tako - Potranco,Norma Vasquez,10,,Lobby,,9/17/25 6:43 AM,9/17/25 7:08 AM,24 minutes and 26 seconds,Zoila Salinas
Tink-a-Tako - Potranco,Daniela Torres,9,,Lobby,,9/17/25 6:45 AM,9/17/25 7:08 AM,22 minutes and 55 seconds,Zoila Salinas
Tink-a-Tako - Potranco,Daniela Torres,13,,Lobby,,9/17/25 6:56 AM,9/17/25 7:08 AM,11 minutes and 43 seconds,Zoila Salinas
Tink-a-Tako - Potranco,Daniela Torres,15,,Lobby,,9/17/25 6:58 AM,9/17/25 7:08 AM,9 minutes and 35 seconds,Zoila Salinas
Tink-a-Tako - Potranco,Norma Vasquez,18,,Lobby,,9/17/25 6:59 AM,9/17/25 7:08 AM,8 minutes and 27 seconds,Zoila Salinas
Tink-a-Tako - Potranco,Norma Vasquez,7,25,Lobby,,9/17/25 6:38 AM,9/17/25 7:09 AM,31 minutes and 38 seconds,Zoila Salinas
Tink-a-Tako - Potranco,Norma Vasquez,17,37,Lobby,,9/17/25 6:59 AM,9/17/25 7:09 AM,10 minutes and 33 seconds,Zoila Salinas
Tink-a-Tako - Potranco,Norma Vasquez,18,,,2,9/17/25 7:08 AM,9/17/25 7:10 AM,2 minutes and 1 second,Zoila Salinas
Tink-a-Tako - Potranco,Norma Vasquez,10,,,2,9/17/25 7:08 AM,9/17/25 7:10 AM,2 minutes and 18 seconds,Zoila Salinas
Tink-a-Tako - Potranco,Norma Vasquez,5,,,2,9/17/25 7:08 AM,9/17/25 7:10 AM,2 minutes and 21 seconds,Zoila Salinas
Tink-a-Tako - Potranco,Norma Vasquez,17,37,,2,9/17/25 7:09 AM,9/17/25 7:10 AM,37 seconds,Zoila Salinas
Tink-a-Tako - Potranco,Norma Vasquez,12,,,2,9/17/25 7:08 AM,9/17/25 7:10 AM,2 minutes and 18 seconds,Zoila Salinas
Tink-a-Tako - Potranco,Norma Vasquez,7,25,,2,9/17/25 7:09 AM,9/17/25 7:10 AM,47 seconds,Zoila Salinas
Tink-a-Tako - Potranco,Norma Vasquez,19,18,Lobby,,9/17/25 7:08 AM,9/17/25 7:11 AM,2 minutes and 34 seconds,Zoila Salinas
Tink-a-Tako - Potranco,Daniela Torres,14,,Lobby,,9/17/25 7:07 AM,9/17/25 7:11 AM,3 minutes and 45 seconds,Zoila Salinas
Tink-a-Tako - Potranco,Daniela Torres,20,,Lobby,,9/17/25 7:09 AM,9/17/25 7:13 AM,3 minutes and 42 seconds,Zoila Salinas
Tink-a-Tako - Potranco,Daniela Torres,22,,Lobby,,9/17/25 7:14 AM,9/17/25 7:15 AM,52 seconds,Zoila Salinas
Tink-a-Tako - Potranco,Norma Vasquez,23,24,Lobby,,9/17/25 7:17 AM,9/17/25 7:20 AM,2 minutes and 30 seconds,Zoila Salinas
Tink-a-Tako - Potranco,Daniela Torres,25,,Lobby,,9/17/25 7:28 AM,9/17/25 7:29 AM,45 seconds,Zoila Salinas
Tink-a-Tako - Potranco,Daniela Torres,21,,Lobby,,9/17/25 7:32 AM,9/17/25 7:34 AM,2 minutes and 7 seconds,Zoila Salinas
Tink-a-Tako - Potranco,Norma Vasquez,23,24,,2,9/17/25 7:20 AM,9/17/25 7:36 AM,15 minutes and 45 seconds,Zoila Salinas
Tink-a-Tako - Potranco,Norma Vasquez,19,18,,2,9/17/25 7:11 AM,9/17/25 7:36 AM,24 minutes and 49 seconds,Zoila Salinas
Tink-a-Tako - Potranco,Daniela Torres,24,,Lobby,,9/17/25 7:28 AM,9/17/25 7:36 AM,7 minutes and 52 seconds,Zoila Salinas
Tink-a-Tako - Potranco,Daniela Torres,24,,Tortillero,,9/17/25 7:28 AM,9/17/25 7:36 AM,7 minutes and 52 seconds,Zoila Salinas
Tink-a-Tako - Potranco,Norma Vasquez,28,35,Lobby,,9/17/25 7:33 AM,9/17/25 7:37 AM,3 minutes and 9 seconds,Zoila Salinas
Tink-a-Tako - Potranco,Daniela Torres,24,,,2,9/17/25 7:36 AM,9/17/25 7:38 AM,1 minute and 37 seconds,Zoila Salinas
Tink-a-Tako - Potranco,Norma Vasquez,28,35,,2,9/17/25 7:37 AM,9/17/25 7:38 AM,1 minute and 1 second,Zoila Salinas
Tink-a-Tako - Potranco,Daniela Torres,29,,Lobby,,9/17/25 7:37 AM,9/17/25 7:39 AM,2 minutes and 12 seconds,Zoila Salinas
Tink-a-Tako - Potranco,Daniela Torres,27,,Lobby,,9/17/25 7:37 AM,9/17/25 7:40 AM,2 minutes and 47 seconds,Zoila Salinas
Tink-a-Tako - Potranco,Daniela Torres,30,,Lobby,,9/17/25 7:38 AM,9/17/25 7:41 AM,3 minutes and 5 seconds,Zoila Salinas
Tink-a-Tako - Potranco,Daniela Torres,31,,Lobby,,9/17/25 7:42 AM,9/17/25 7:43 AM,1 minute and 28 seconds,Zoila Salinas
Tink-a-Tako - Potranco,Daniela Torres,24,,Lobby,,9/17/25 7:42 AM,9/17/25 7:43 AM,1 minute and 38 seconds,Zoila Salinas
Tink-a-Tako - Potranco,Norma Vasquez,33,,Lobby,,9/17/25 7:42 AM,9/17/25 7:44 AM,2 minutes and 5 seconds,Zoila Salinas
Tink-a-Tako - Potranco,Daniela Torres,32,,Lobby,,9/17/25 7:44 AM,9/17/25 7:45 AM,1 minute and 41 seconds,Zoila Salinas
Tink-a-Tako - Potranco,Daniela Torres,29,,,2,9/17/25 7:39 AM,9/17/25 7:46 AM,6 minutes and 12 seconds,Zoila Salinas
Tink-a-Tako - Potranco,Daniela Torres,24,,,2,9/17/25 7:43 AM,9/17/25 7:46 AM,2 minutes and 8 seconds,Zoila Salinas
Tink-a-Tako - Potranco,Norma Vasquez,33,,,2,9/17/25 7:44 AM,9/17/25 7:46 AM,1 minute and 22 seconds,Zoila Salinas
Tink-a-Tako - Potranco,Daniela Torres,35,,Lobby,,9/17/25 7:44 AM,9/17/25 7:47 AM,2 minutes and 47 seconds,Zoila Salinas
Tink-a-Tako - Potranco,Daniela Torres,36,,Lobby,,9/17/25 7:45 AM,9/17/25 7:47 AM,2 minutes and 8 seconds,Zoila Salinas
Tink-a-Tako - Potranco,Norma Vasquez,34,,Lobby,,9/17/25 7:44 AM,9/17/25 7:48 AM,3 minutes and 54 seconds,Zoila Salinas
Tink-a-Tako - Potranco,Norma Vasquez,34,,,2,9/17/25 7:48 AM,9/17/25 7:48 AM,24 seconds,Zoila Salinas
Tink-a-Tako - Potranco,Daniela Torres,37,,Lobby,,9/17/25 7:49 AM,9/17/25 7:50 AM,1 minute,Zoila Salinas
Tink-a-Tako - Potranco,Norma Vasquez,39,,Lobby,,9/17/25 7:50 AM,9/17/25 7:53 AM,3 minutes and 50 seconds,Zoila Salinas
Tink-a-Tako - Potranco,Daniela Torres,38,,Lobby,,9/17/25 7:52 AM,9/17/25 7:57 AM,5 minutes and 19 seconds,Zoila Salinas
Tink-a-Tako - Potranco,Norma Vasquez,39,,,2,9/17/25 7:53 AM,9/17/25 7:57 AM,3 minutes and 43 seconds,Zoila Salinas
Tink-a-Tako - Potranco,Daniela Torres,40,,Lobby,,9/17/25 7:56 AM,9/17/25 7:57 AM,1 minute,Zoila Salinas
Tink-a-Tako - Potranco,Norma Vasquez,41,10,Lobby,,9/17/25 7:56 AM,9/17/25 7:58 AM,1 minute and 49 seconds,Zoila Salinas
Tink-a-Tako - Potranco,Norma Vasquez,41,10,Prep,,9/17/25 7:56 AM,9/17/25 7:58 AM,1 minute and 49 seconds,Zoila Salinas
Tink-a-Tako - Potranco,Daniela Torres,42,,Lobby,,9/17/25 7:57 AM,9/17/25 7:59 AM,1 minute and 50 seconds,Zoila Salinas
Tink-a-Tako - Potranco,Ivana Abundiz,44,,Lobby,,9/17/25 8:00 AM,9/17/25 8:01 AM,21 seconds,Zoila Salinas
Tink-a-Tako - Potranco,Ivana Abundiz,44,,Prep,,9/17/25 8:00 AM,9/17/25 8:01 AM,21 seconds,Zoila Salinas
Tink-a-Tako - Potranco,Daniela Torres,46,,Lobby,,9/17/25 8:02 AM,9/17/25 8:03 AM,1 minute and 36 seconds,Zoila Salinas
Tink-a-Tako - Potranco,Daniela Torres,45,,Lobby,,9/17/25 8:02 AM,9/17/25 8:04 AM,2 minutes and 30 seconds,Zoila Salinas
Tink-a-Tako - Potranco,Daniela Torres,43,,Lobby,,9/17/25 8:01 AM,9/17/25 8:05 AM,3 minutes and 10 seconds,Zoila Salinas
Tink-a-Tako - Potranco,Daniela Torres,47,,Lobby,,9/17/25 8:06 AM,9/17/25 8:07 AM,35 seconds,Zoila Salinas
Tink-a-Tako - Potranco,Daniela Torres,43,,Lobby,,9/17/25 8:08 AM,9/17/25 8:09 AM,1 minute and 12 seconds,Zoila Salinas
Tink-a-Tako - Potranco,Daniela Torres,50,,Lobby,,9/17/25 8:08 AM,9/17/25 8:09 AM,1 minute and 4 seconds,Zoila Salinas
Tink-a-Tako - Potranco,Daniela Torres,49,,Lobby,,9/17/25 8:07 AM,9/17/25 8:10 AM,2 minutes and 49 seconds,Zoila Salinas
Tink-a-Tako - Potranco,Daniela Torres,49,,Prep,,9/17/25 8:07 AM,9/17/25 8:10 AM,2 minutes and 49 seconds,Zoila Salinas
Tink-a-Tako - Potranco,Esperansa Caviedes,54,15,Lobby,,9/17/25 8:10 AM,9/17/25 8:12 AM,1 minute and 20 seconds,Zoila Salinas
Tink-a-Tako - Potranco,Daniela Torres,53,,Lobby,,9/17/25 8:12 AM,9/17/25 8:12 AM,17 seconds,Zoila Salinas
Tink-a-Tako - Potranco,Norma Vasquez,51,9,Lobby,,9/17/25 8:08 AM,9/17/25 8:13 AM,5 minutes and 23 seconds,Zoila Salinas
Tink-a-Tako - Potranco,Rosa Compean,55,32,Lobby,,9/17/25 8:12 AM,9/17/25 8:15 AM,3 minutes and 14 seconds,Zoila Salinas
Tink-a-Tako - Potranco,Daniela Torres,57,,Lobby,,9/17/25 8:15 AM,9/17/25 8:16 AM,1 minute and 27 seconds,Zoila Salinas
Tink-a-Tako - Potranco,Daniela Torres,58,,Lobby,,9/17/25 8:17 AM,9/17/25 8:18 AM,1 minute and 2 seconds,Zoila Salinas
Tink-a-Tako - Potranco,Norma Vasquez,51,9,,2,9/17/25 8:13 AM,9/17/25 8:18 AM,4 minutes and 27 seconds,Zoila Salinas
Tink-a-Tako - Potranco,Rosa Compean,55,32,,2,9/17/25 8:15 AM,9/17/25 8:18 AM,2 minutes and 31 seconds,Zoila Salinas
Tink-a-Tako - Potranco,Norma Vasquez,41,10,,2,9/17/25 7:58 AM,9/17/25 8:18 AM,19 minutes and 52 seconds,Zoila Salinas
Tink-a-Tako - Potranco,Esperansa Caviedes,54,15,,2,9/17/25 8:12 AM,9/17/25 8:18 AM,6 minutes and 9 seconds,Zoila Salinas
Tink-a-Tako - Potranco,Ivana Abundiz,44,,,2,9/17/25 8:01 AM,9/17/25 8:18 AM,17 minutes and 11 seconds,Zoila Salinas
Tink-a-Tako - Potranco,Daniela Torres,56,,Lobby,,9/17/25 8:14 AM,9/17/25 8:18 AM,3 minutes and 59 seconds,Zoila Salinas
Tink-a-Tako - Potranco,Daniela Torres,59,,Lobby,,9/17/25 8:18 AM,9/17/25 8:19 AM,1 minute,Zoila Salinas
Tink-a-Tako - Potranco,Daniela Torres,60,,Lobby,,9/17/25 8:20 AM,9/17/25 8:21 AM,25 seconds,Zoila Salinas
Tink-a-Tako - Potranco,Daniela Torres,61,,Lobby,,9/17/25 8:22 AM,9/17/25 8:24 AM,2 minutes and 3 seconds,Zoila Salinas
Tink-a-Tako - Potranco,Ivana Abundiz,63,,Lobby,,9/17/25 8:24 AM,9/17/25 8:26 AM,2 minutes and 6 seconds,Zoila Salinas
Tink-a-Tako - Potranco,Esperansa Caviedes,64,31,Prep,,9/17/25 8:27 AM,9/17/25 8:28 AM,40 seconds,Zoila Salinas
Tink-a-Tako - Potranco,Esperansa Caviedes,64,31,Lobby,,9/17/25 8:27 AM,9/17/25 8:28 AM,40 seconds,Zoila Salinas
Tink-a-Tako - Potranco,Daniela Torres,65,,Lobby,,9/17/25 8:29 AM,9/17/25 8:30 AM,1 minute and 9 seconds,Zoila Salinas
Tink-a-Tako - Potranco,Daniela Torres,67,,Lobby,,9/17/25 8:29 AM,9/17/25 8:30 AM,1 minute and 1 second,Zoila Salinas
Tink-a-Tako - Potranco,Norma Vasquez,66,37,Lobby,,9/17/25 8:29 AM,9/17/25 8:32 AM,2 minutes and 29 seconds,Zoila Salinas
Tink-a-Tako - Potranco,Daniela Torres,68,,Lobby,,9/17/25 8:33 AM,9/17/25 8:33 AM,32 seconds,Zoila Salinas
Tink-a-Tako - Potranco,Daniela Torres,69,,Lobby,,9/17/25 8:35 AM,9/17/25 8:36 AM,46 seconds,Zoila Salinas
Tink-a-Tako - Potranco,Daniela Torres,70,,Lobby,,9/17/25 8:36 AM,9/17/25 8:37 AM,50 seconds,Zoila Salinas
Tink-a-Tako - Potranco,Daniela Torres,71,,Lobby,,9/17/25 8:39 AM,9/17/25 8:40 AM,1 minute and 39 seconds,Zoila Salinas
Tink-a-Tako - Potranco,Daniela Torres,72,,Lobby,,9/17/25 8:40 AM,9/17/25 8:42 AM,1 minute and 57 seconds,Zoila Salinas
Tink-a-Tako - Potranco,Daniela Torres,74,,Lobby,,9/17/25 8:42 AM,9/17/25 8:42 AM,36 seconds,Zoila Salinas
Tink-a-Tako - Potranco,Daniela Torres,75,,Lobby,,9/17/25 8:43 AM,9/17/25 8:43 AM,25 seconds,Zoila Salinas
Tink-a-Tako - Potranco,Daniela Torres,73,,Lobby,,9/17/25 8:41 AM,9/17/25 8:44 AM,3 minutes and 9 seconds,Zoila Salinas
Tink-a-Tako - Potranco,Daniela Torres,76,,Lobby,,9/17/25 8:44 AM,9/17/25 8:45 AM,56 seconds,Zoila Salinas
Tink-a-Tako - Potranco,Daniela Torres,77,,Lobby,,9/17/25 8:47 AM,9/17/25 8:48 AM,57 seconds,Zoila Salinas
Tink-a-Tako - Potranco,Daniela Torres,79,,Lobby,,9/17/25 8:48 AM,9/17/25 8:50 AM,1 minute and 39 seconds,Zoila Salinas
Tink-a-Tako - Potranco,Daniela Torres,79,,Prep,,9/17/25 8:48 AM,9/17/25 8:50 AM,1 minute and 39 seconds,Zoila Salinas
Tink-a-Tako - Potranco,Ivana Abundiz,63,,,2,9/17/25 8:26 AM,9/17/25 8:50 AM,23 minutes and 39 seconds,Zoila Salinas
Tink-a-Tako - Potranco,Esperansa Caviedes,64,31,,2,9/17/25 8:28 AM,9/17/25 8:50 AM,21 minutes and 40 seconds,Zoila Salinas
Tink-a-Tako - Potranco,Norma Vasquez,66,37,,2,9/17/25 8:32 AM,9/17/25 8:50 AM,18 minutes and 2 seconds,Zoila Salinas
Tink-a-Tako - Potranco,Daniela Torres,80,,Lobby,,9/17/25 8:51 AM,9/17/25 8:51 AM,50 seconds,Zoila Salinas
Tink-a-Tako - Potranco,Rosa Compean,78,4,Lobby,,9/17/25 8:48 AM,9/17/25 8:55 AM,7 minutes,Zoila Salinas
Tink-a-Tako - Potranco,Esperansa Caviedes,81,25,Lobby,,9/17/25 8:52 AM,9/17/25 8:56 AM,4 minutes and 20 seconds,Zoila Salinas
Tink-a-Tako - Potranco,Daniela Torres,82,,Lobby,,9/17/25 8:52 AM,9/17/25 8:57 AM,5 minutes and 10 seconds,Zoila Salinas
Tink-a-Tako - Potranco,Daniela Torres,83,,Lobby,,9/17/25 8:56 AM,9/17/25 8:57 AM,43 seconds,Zoila Salinas
Tink-a-Tako - Potranco,Esperansa Caviedes,81,25,,2,9/17/25 8:56 AM,9/17/25 8:59 AM,2 minutes and 41 seconds,Zoila Salinas
Tink-a-Tako - Potranco,Rosa Compean,78,4,,2,9/17/25 8:55 AM,9/17/25 8:59 AM,3 minutes and 11 seconds,Zoila Salinas
Tink-a-Tako - Potranco,Ivana Abundiz,86,,Lobby,,9/17/25 8:58 AM,9/17/25 8:59 AM,1 minute and 8 seconds,Zoila Salinas
Tink-a-Tako - Potranco,Ivana Abundiz,86,,Prep,,9/17/25 8:58 AM,9/17/25 8:59 AM,1 minute and 8 seconds,Zoila Salinas
Tink-a-Tako - Potranco,Daniela Torres,85,,Lobby,,9/17/25 8:59 AM,9/17/25 8:59 AM,45 seconds,Zoila Salinas
Tink-a-Tako - Potranco,Daniela Torres,87,,Lobby,,9/17/25 8:59 AM,9/17/25 9:00 AM,1 minute and 14 seconds,Zoila Salinas
Tink-a-Tako - Potranco,Daniela Torres,88,,Lobby,,9/17/25 8:59 AM,9/17/25 9:00 AM,1 minute and 1 second,Zoila Salinas
Tink-a-Tako - Potranco,Norma Vasquez,84,38,Lobby,,9/17/25 8:56 AM,9/17/25 9:01 AM,4 minutes and 58 seconds,Zoila Salinas
Tink-a-Tako - Potranco,Norma Vasquez,84,38,Tortillero,,9/17/25 8:56 AM,9/17/25 9:01 AM,4 minutes and 58 seconds,Zoila Salinas
Tink-a-Tako - Potranco,Daniela Torres,90,,Lobby,,9/17/25 9:03 AM,9/17/25 9:03 AM,41 seconds,Zoila Salinas
Tink-a-Tako - Potranco,Daniela Torres,89,,Lobby,,9/17/25 9:01 AM,9/17/25 9:04 AM,2 minutes and 8 seconds,Zoila Salinas
Tink-a-Tako - Potranco,Daniela Torres,91,,Lobby,,9/17/25 9:04 AM,9/17/25 9:05 AM,51 seconds,Zoila Salinas
Tink-a-Tako - Potranco,Rosa Compean,93,24,Lobby,,9/17/25 9:06 AM,9/17/25 9:08 AM,1 minute and 55 seconds,Zoila Salinas
Tink-a-Tako - Potranco,Daniela Torres,92,,Lobby,,9/17/25 9:07 AM,9/17/25 9:08 AM,1 minute and 26 seconds,Zoila Salinas
Tink-a-Tako - Potranco,Esperansa Caviedes,81,25,Lobby,,9/17/25 9:07 AM,9/17/25 9:08 AM,48 seconds,Zoila Salinas
Tink-a-Tako - Potranco,Daniela Torres,95,,Lobby,,9/17/25 9:10 AM,9/17/25 9:12 AM,1 minute and 46 seconds,Zoila Salinas
Tink-a-Tako - Potranco,Daniela Torres,94,,Lobby,,9/17/25 9:09 AM,9/17/25 9:13 AM,3 minutes and 11 seconds,Zoila Salinas
Tink-a-Tako - Potranco,Daniela Torres,96,,Lobby,,9/17/25 9:13 AM,9/17/25 9:15 AM,2 minutes and 17 seconds,Zoila Salinas
Tink-a-Tako - Potranco,Ivana Abundiz,86,,,2,9/17/25 8:59 AM,9/17/25 9:17 AM,18 minutes and 5 seconds,Zoila Salinas
Tink-a-Tako - Potranco,Rosa Compean,93,24,,2,9/17/25 9:08 AM,9/17/25 9:17 AM,9 minutes and 7 seconds,Zoila Salinas
Tink-a-Tako - Potranco,Esperansa Caviedes,81,25,,2,9/17/25 9:08 AM,9/17/25 9:17 AM,8 minutes and 43 seconds,Zoila Salinas
Tink-a-Tako - Potranco,Norma Vasquez,84,38,,2,9/17/25 9:01 AM,9/17/25 9:17 AM,16 minutes and 16 seconds,Zoila Salinas
Tink-a-Tako - Potranco,Daniela Torres,102,,Lobby,,9/17/25 9:16 AM,9/17/25 9:18 AM,1 minute and 34 seconds,Zoila Salinas
Tink-a-Tako - Potranco,Norma Vasquez,97,33,Prep,,9/17/25 9:12 AM,9/17/25 9:18 AM,6 minutes and 41 seconds,Zoila Salinas
Tink-a-Tako - Potranco,Norma Vasquez,97,33,Lobby,,9/17/25 9:12 AM,9/17/25 9:18 AM,6 minutes and 41 seconds,Zoila Salinas
Tink-a-Tako - Potranco,Norma Vasquez,97,33,Tortillero,,9/17/25 9:12 AM,9/17/25 9:18 AM,6 minutes and 41 seconds,Zoila Salinas
Tink-a-Tako - Potranco,Norma Vasquez,100,7,Lobby,,9/17/25 9:16 AM,9/17/25 9:18 AM,2 minutes and 44 seconds,Zoila Salinas
Tink-a-Tako - Potranco,Daniela Torres,98,,Lobby,,9/17/25 9:16 AM,9/17/25 9:19 AM,3 minutes and 10 seconds,Zoila Salinas
Tink-a-Tako - Potranco,Daniela Torres,98,,Lobby,,9/17/25 9:18 AM,9/17/25 9:20 AM,2 minutes and 1 second,Zoila Salinas
Tink-a-Tako - Potranco,Daniela Torres,98,,Prep,,9/17/25 9:18 AM,9/17/25 9:20 AM,2 minutes and 1 second,Zoila Salinas
Tink-a-Tako - Potranco,Daniela Torres,103,,Lobby,,9/17/25 9:23 AM,9/17/25 9:23 AM,25 seconds,Zoila Salinas
Tink-a-Tako - Potranco,Daniela Torres,101,,Lobby,,9/17/25 9:23 AM,9/17/25 9:25 AM,2 minutes and 22 seconds,Zoila Salinas
Tink-a-Tako - Potranco,Daniela Torres,101,,Prep,,9/17/25 9:23 AM,9/17/25 9:25 AM,2 minutes and 22 seconds,Zoila Salinas
Tink-a-Tako - Potranco,Ivana Abundiz,63,,Lobby,,9/17/25 9:20 AM,9/17/25 9:26 AM,5 minutes and 57 seconds,Zoila Salinas
Tink-a-Tako - Potranco,Daniela Torres,106,,Lobby,,9/17/25 9:25 AM,9/17/25 9:26 AM,1 minute and 43 seconds,Zoila Salinas
Tink-a-Tako - Potranco,Daniela Torres,104,,Lobby,,9/17/25 9:24 AM,9/17/25 9:27 AM,3 minutes and 21 seconds,Zoila Salinas
Tink-a-Tako - Potranco,Daniela Torres,104,,Prep,,9/17/25 9:24 AM,9/17/25 9:27 AM,3 minutes and 21 seconds,Zoila Salinas
Tink-a-Tako - Potranco,Rosa Compean,105,12,Lobby,,9/17/25 9:23 AM,9/17/25 9:28 AM,4 minutes and 51 seconds,Zoila Salinas
Tink-a-Tako - Potranco,Rosa Compean,110,10,Lobby,,9/17/25 9:28 AM,9/17/25 9:29 AM,53 seconds,Zoila Salinas
Tink-a-Tako - Potranco,Ivana Abundiz,109,,Lobby,,9/17/25 9:27 AM,9/17/25 9:29 AM,2 minutes and 18 seconds,Zoila Salinas
Tink-a-Tako - Potranco,Daniela Torres,107,,Lobby,,9/17/25 9:26 AM,9/17/25 9:30 AM,3 minutes and 31 seconds,Zoila Salinas
Tink-a-Tako - Potranco,Daniela Torres,108,,Lobby,,9/17/25 9:28 AM,9/17/25 9:31 AM,3 minutes and 27 seconds,Zoila Salinas
Tink-a-Tako - Potranco,Daniela Torres,112,,Lobby,,9/17/25 9:31 AM,9/17/25 9:34 AM,3 minutes and 9 seconds,Zoila Salinas
Tink-a-Tako - Potranco,Daniela Torres,112,,Prep,,9/17/25 9:31 AM,9/17/25 9:34 AM,3 minutes and 9 seconds,Zoila Salinas
Tink-a-Tako - Potranco,Rosa Compean,105,12,,2,9/17/25 9:28 AM,9/17/25 9:35 AM,7 minutes and 2 seconds,Zoila Salinas
Tink-a-Tako - Potranco,Rosa Compean,110,10,,2,9/17/25 9:29 AM,9/17/25 9:35 AM,6 minutes and 17 seconds,Zoila Salinas
Tink-a-Tako - Potranco,Esperansa Caviedes,99,34,Prep,,9/17/25 9:31 AM,9/17/25 9:38 AM,7 minutes and 15 seconds,Zoila Salinas
Tink-a-Tako - Potranco,Esperansa Caviedes,99,34,Lobby,,9/17/25 9:31 AM,9/17/25 9:38 AM,7 minutes and 15 seconds,Zoila Salinas
Tink-a-Tako - Potranco,Esperansa Caviedes,99,34,Tortillero,,9/17/25 9:31 AM,9/17/25 9:38 AM,7 minutes and 15 seconds,Zoila Salinas
Tink-a-Tako - Potranco,Rosa Compean,115,17,Lobby,,9/17/25 9:32 AM,9/17/25 9:40 AM,8 minutes and 58 seconds,Zoila Salinas
Tink-a-Tako - Potranco,Esperansa Caviedes,114,32,Prep,,9/17/25 9:33 AM,9/17/25 9:41 AM,7 minutes and 19 seconds,Zoila Salinas
Tink-a-Tako - Potranco,Esperansa Caviedes,114,32,Lobby,,9/17/25 9:33 AM,9/17/25 9:41 AM,7 minutes and 19 seconds,Zoila Salinas
Tink-a-Tako - Potranco,Esperansa Caviedes,114,32,Tortillero,,9/17/25 9:33 AM,9/17/25 9:41 AM,7 minutes and 19 seconds,Zoila Salinas
Tink-a-Tako - Potranco,Rosa Compean,122,9,Lobby,,9/17/25 9:39 AM,9/17/25 9:41 AM,2 minutes and 29 seconds,Zoila Salinas
Tink-a-Tako - Potranco,Esperansa Caviedes,116,23,Lobby,,9/17/25 9:34 AM,9/17/25 9:41 AM,7 minutes and 36 seconds,Zoila Salinas
Tink-a-Tako - Potranco,Daniela Torres,119,,Lobby,,9/17/25 9:38 AM,9/17/25 9:41 AM,2 minutes and 52 seconds,Zoila Salinas
Tink-a-Tako - Potranco,Esperansa Caviedes,116,23,Lobby,,9/17/25 9:34 AM,9/17/25 9:41 AM,7 minutes and 18 seconds,Zoila Salinas
Tink-a-Tako - Potranco,Daniela Torres,111,,Lobby,,9/17/25 9:38 AM,9/17/25 9:43 AM,4 minutes and 43 seconds,Zoila Salinas
Tink-a-Tako - Potranco,Norma Vasquez,117,25,Prep,,9/17/25 9:35 AM,9/17/25 9:44 AM,8 minutes and 27 seconds,Zoila Salinas
Tink-a-Tako - Potranco,Norma Vasquez,117,25,Lobby,,9/17/25 9:35 AM,9/17/25 9:44 AM,8 minutes and 27 seconds,Zoila Salinas
Tink-a-Tako - Potranco,Norma Vasquez,117,25,Tortillero,,9/17/25 9:35 AM,9/17/25 9:44 AM,8 minutes and 27 seconds,Zoila Salinas
Tink-a-Tako - Potranco,Daniela Torres,121,,Lobby,,9/17/25 9:40 AM,9/17/25 9:44 AM,4 minutes and 19 seconds,Zoila Salinas
Tink-a-Tako - Potranco,Ivana Abundiz,120,,Lobby,,9/17/25 9:39 AM,9/17/25 9:45 AM,5 minutes and 30 seconds,Zoila Salinas
Tink-a-Tako - Potranco,Daniela Torres,123,,Lobby,,9/17/25 9:42 AM,9/17/25 9:46 AM,3 minutes and 29 seconds,Zoila Salinas
Tink-a-Tako - Potranco,Daniela Torres,124,,Lobby,,9/17/25 9:44 AM,9/17/25 9:46 AM,1 minute and 28 seconds,Zoila Salinas
Tink-a-Tako - Potranco,Daniela Torres,125,,Lobby,,9/17/25 9:47 AM,9/17/25 9:47 AM,40 seconds,Zoila Salinas
Tink-a-Tako - Potranco,Esperansa Caviedes,118,18,Lobby,,9/17/25 9:46 AM,9/17/25 9:48 AM,2 minutes and 33 seconds,Zoila Salinas
Tink-a-Tako - Potranco,Esperansa Caviedes,118,18,Tortillero,,9/17/25 9:46 AM,9/17/25 9:48 AM,2 minutes and 33 seconds,Zoila Salinas
Tink-a-Tako - Potranco,Esperansa Caviedes,118,18,Prep,,9/17/25 9:46 AM,9/17/25 9:48 AM,2 minutes and 33 seconds,Zoila Salinas
Tink-a-Tako - Potranco,Esperansa Caviedes,118,18,,2,9/17/25 9:49 AM,9/17/25 9:49 AM,5 seconds,Zoila Salinas
Tink-a-Tako - Potranco,Esperansa Caviedes,114,32,,2,9/17/25 9:41 AM,9/17/25 9:49 AM,8 minutes and 46 seconds,Zoila Salinas
Tink-a-Tako - Potranco,Norma Vasquez,117,25,,2,9/17/25 9:44 AM,9/17/25 9:49 AM,5 minutes and 47 seconds,Zoila Salinas
Tink-a-Tako - Potranco,Rosa Compean,122,9,,2,9/17/25 9:41 AM,9/17/25 9:49 AM,8 minutes and 18 seconds,Zoila Salinas
Tink-a-Tako - Potranco,Esperansa Caviedes,116,23,,2,9/17/25 9:41 AM,9/17/25 9:49 AM,8 minutes and 9 seconds,Zoila Salinas
Tink-a-Tako - Potranco,Rosa Compean,115,17,,2,9/17/25 9:40 AM,9/17/25 9:50 AM,9 minutes and 1 second,Zoila Salinas
Tink-a-Tako - Potranco,Esperansa Caviedes,116,23,,2,9/17/25 9:41 AM,9/17/25 9:50 AM,8 minutes and 15 seconds,Zoila Salinas
Tink-a-Tako - Potranco,Ivana Abundiz,120,,,2,9/17/25 9:45 AM,9/17/25 9:50 AM,5 minutes and 3 seconds,Zoila Salinas
Tink-a-Tako - Potranco,Norma Vasquez,97,33,,2,9/17/25 9:18 AM,9/17/25 9:50 AM,31 minutes and 21 seconds,Zoila Salinas
Tink-a-Tako - Potranco,Ivana Abundiz,63,,,2,9/17/25 9:26 AM,9/17/25 9:50 AM,24 minutes and 10 seconds,Zoila Salinas
Tink-a-Tako - Potranco,Norma Vasquez,100,7,,2,9/17/25 9:18 AM,9/17/25 9:50 AM,31 minutes and 23 seconds,Zoila Salinas
Tink-a-Tako - Potranco,Ivana Abundiz,109,,,2,9/17/25 9:29 AM,9/17/25 9:50 AM,20 minutes and 48 seconds,Zoila Salinas
Tink-a-Tako - Potranco,Daniela Torres,129,,Lobby,,9/17/25 9:49 AM,9/17/25 9:50 AM,1 minute and 38 seconds,Zoila Salinas
Tink-a-Tako - Potranco,Norma Vasquez,127,22,Lobby,,9/17/25 9:47 AM,9/17/25 9:52 AM,5 minutes and 30 seconds,Zoila Salinas
Tink-a-Tako - Potranco,Daniela Torres,128,,Lobby,,9/17/25 9:50 AM,9/17/25 9:55 AM,5 minutes and 4 seconds,Zoila Salinas
Tink-a-Tako - Potranco,Rosa Compean,126,37,Prep,,9/17/25 9:46 AM,9/17/25 9:55 AM,8 minutes and 50 seconds,Zoila Salinas
Tink-a-Tako - Potranco,Rosa Compean,126,37,Lobby,,9/17/25 9:46 AM,9/17/25 9:55 AM,8 minutes and 50 seconds,Zoila Salinas
Tink-a-Tako - Potranco,Rosa Compean,126,37,Tortillero,,9/17/25 9:46 AM,9/17/25 9:55 AM,8 minutes and 50 seconds,Zoila Salinas
Tink-a-Tako - Potranco,Norma Vasquez,133,21,Lobby,,9/17/25 9:50 AM,9/17/25 9:55 AM,5 minutes and 7 seconds,Zoila Salinas
Tink-a-Tako - Potranco,Rosa Compean,135,2,Prep,,9/17/25 9:51 AM,9/17/25 9:55 AM,3 minutes and 41 seconds,Zoila Salinas
Tink-a-Tako - Potranco,Rosa Compean,135,2,Lobby,,9/17/25 9:51 AM,9/17/25 9:55 AM,3 minutes and 41 seconds,Zoila Salinas
Tink-a-Tako - Potranco,Esperansa Caviedes,131,7,Lobby,,9/17/25 9:53 AM,9/17/25 9:55 AM,1 minute and 55 seconds,Zoila Salinas
Tink-a-Tako - Potranco,Esperansa Caviedes,130,19,Prep,,9/17/25 9:47 AM,9/17/25 9:56 AM,8 minutes and 56 seconds,Zoila Salinas
Tink-a-Tako - Potranco,Esperansa Caviedes,130,19,Lobby,,9/17/25 9:47 AM,9/17/25 9:56 AM,8 minutes and 56 seconds,Zoila Salinas
Tink-a-Tako - Potranco,Esperansa Caviedes,130,19,Tortillero,,9/17/25 9:47 AM,9/17/25 9:56 AM,8 minutes and 56 seconds,Zoila Salinas
Tink-a-Tako - Potranco,Norma Vasquez,133,21,,2,9/17/25 9:55 AM,9/17/25 9:57 AM,1 minute and 54 seconds,Zoila Salinas
Tink-a-Tako - Potranco,Esperansa Caviedes,130,19,,2,9/17/25 9:56 AM,9/17/25 9:57 AM,27 seconds,Zoila Salinas
Tink-a-Tako - Potranco,Daniela Torres,132,,Lobby,,9/17/25 9:53 AM,9/17/25 9:57 AM,3 minutes and 57 seconds,Zoila Salinas
Tink-a-Tako - Potranco,Norma Vasquez,127,22,,2,9/17/25 9:52 AM,9/17/25 9:57 AM,4 minutes and 42 seconds,Zoila Salinas
Tink-a-Tako - Potranco,Daniela Torres,128,,,2,9/17/25 9:55 AM,9/17/25 9:57 AM,2 minutes and 8 seconds,Zoila Salinas
Tink-a-Tako - Potranco,Esperansa Caviedes,99,34,,2,9/17/25 9:38 AM,9/17/25 9:57 AM,18 minutes and 53 seconds,Zoila Salinas
Tink-a-Tako - Potranco,Rosa Compean,135,2,,2,9/17/25 9:55 AM,9/17/25 9:57 AM,1 minute and 56 seconds,Zoila Salinas
Tink-a-Tako - Potranco,Esperansa Caviedes,131,7,,2,9/17/25 9:55 AM,9/17/25 9:57 AM,1 minute and 39 seconds,Zoila Salinas
Tink-a-Tako - Potranco,Rosa Compean,126,37,,2,9/17/25 9:55 AM,9/17/25 9:57 AM,1 minute and 53 seconds,Zoila Salinas
Tink-a-Tako - Potranco,Esperansa Caviedes,118,18,,2,9/17/25 9:48 AM,9/17/25 9:57 AM,8 minutes and 30 seconds,Zoila Salinas
Tink-a-Tako - Potranco,Norma Vasquez,136,36,Lobby,,9/17/25 9:53 AM,9/17/25 9:57 AM,4 minutes and 23 seconds,Zoila Salinas
Tink-a-Tako - Potranco,Norma Vasquez,136,36,Prep,,9/17/25 9:53 AM,9/17/25 9:57 AM,4 minutes and 23 seconds,Zoila Salinas
Tink-a-Tako - Potranco,Norma Vasquez,136,36,Tortillero,,9/17/25 9:53 AM,9/17/25 9:57 AM,4 minutes and 23 seconds,Zoila Salinas
Tink-a-Tako - Potranco,Norma Vasquez,134,23,Lobby,,9/17/25 9:52 AM,9/17/25 9:59 AM,7 minutes and 25 seconds,Zoila Salinas
Tink-a-Tako - Potranco,Esperansa Caviedes,131,7,Lobby,,9/17/25 9:52 AM,9/17/25 9:59 AM,6 minutes and 59 seconds,Zoila Salinas
Tink-a-Tako - Potranco,Norma Vasquez,134,23,Prep,,9/17/25 9:52 AM,9/17/25 9:59 AM,7 minutes and 25 seconds,Zoila Salinas
Tink-a-Tako - Potranco,Norma Vasquez,134,23,Tortillero,,9/17/25 9:52 AM,9/17/25 9:59 AM,7 minutes and 25 seconds,Zoila Salinas
Tink-a-Tako - Potranco,Esperansa Caviedes,131,7,,2,9/17/25 9:59 AM,9/17/25 10:05 AM,6 minutes and 17 seconds,Zoila Salinas
Tink-a-Tako - Potranco,Norma Vasquez,134,23,,2,9/17/25 9:59 AM,9/17/25 10:05 AM,6 minutes and 17 seconds,Zoila Salinas
Tink-a-Tako - Potranco,Norma Vasquez,136,36,,2,9/17/25 9:57 AM,9/17/25 10:05 AM,8 minutes and 2 seconds,Zoila Salinas
Tink-a-Tako - Potranco,Daniela Torres,138,,Lobby,,9/17/25 10:05 AM,9/17/25 10:07 AM,2 minutes and 31 seconds,Zoila Salinas
Tink-a-Tako - Potranco,Ivana Abundiz,140,,Lobby,,9/17/25 10:02 AM,9/17/25 10:08 AM,6 minutes,Zoila Salinas
Tink-a-Tako - Potranco,Daniela Torres,144,,Lobby,,9/17/25 10:08 AM,9/17/25 10:10 AM,2 minutes and 8 seconds,Zoila Salinas
Tink-a-Tako - Potranco,Esperansa Caviedes,139,24,Lobby,,9/17/25 10:10 AM,9/17/25 10:13 AM,3 minutes and 15 seconds,Zoila Salinas
Tink-a-Tako - Potranco,Daniela Torres,145,,Lobby,,9/17/25 10:11 AM,9/17/25 10:15 AM,4 minutes and 28 seconds,Zoila Salinas
Tink-a-Tako - Potranco,Norma Vasquez,146,16,Lobby,,9/17/25 10:09 AM,9/17/25 10:16 AM,6 minutes and 18 seconds,Zoila Salinas
Tink-a-Tako - Potranco,Daniela Torres,151,,Lobby,,9/17/25 10:16 AM,9/17/25 10:19 AM,2 minutes and 41 seconds,Zoila Salinas
Tink-a-Tako - Potranco,Rosa Compean,148,25,Lobby,,9/17/25 10:14 AM,9/17/25 10:21 AM,7 minutes and 26 seconds,Zoila Salinas
Tink-a-Tako - Potranco,Rosa Compean,150,17,Lobby,,9/17/25 10:15 AM,9/17/25 10:21 AM,6 minutes and 7 seconds,Zoila Salinas
Tink-a-Tako - Potranco,Rosa Compean,152,,Lobby,,9/17/25 10:17 AM,9/17/25 10:21 AM,3 minutes and 44 seconds,Zoila Salinas
Tink-a-Tako - Potranco,Rosa Compean,152,,Tortillero,,9/17/25 10:17 AM,9/17/25 10:21 AM,3 minutes and 44 seconds,Zoila Salinas
Tink-a-Tako - Potranco,Esperansa Caviedes,149,33,Lobby,,9/17/25 10:15 AM,9/17/25 10:21 AM,5 minutes and 53 seconds,Zoila Salinas
Tink-a-Tako - Potranco,Daniela Torres,153,,Lobby,,9/17/25 10:20 AM,9/17/25 10:22 AM,1 minute and 45 seconds,Zoila Salinas
Tink-a-Tako - Potranco,Daniela Torres,154,,Lobby,,9/17/25 10:21 AM,9/17/25 10:23 AM,1 minute and 41 seconds,Zoila Salinas
Tink-a-Tako - Potranco,Esperansa Caviedes,139,24,,2,9/17/25 10:13 AM,9/17/25 10:23 AM,9 minutes and 56 seconds,Zoila Salinas
Tink-a-Tako - Potranco,Ivana Abundiz,140,,,2,9/17/25 10:08 AM,9/17/25 10:23 AM,15 minutes and 5 seconds,Zoila Salinas
Tink-a-Tako - Potranco,Rosa Compean,150,17,,2,9/17/25 10:21 AM,9/17/25 10:23 AM,2 minutes and 8 seconds,Zoila Salinas
Tink-a-Tako - Potranco,Esperansa Caviedes,149,33,,2,9/17/25 10:21 AM,9/17/25 10:23 AM,1 minute and 56 seconds,Zoila Salinas
Tink-a-Tako - Potranco,Norma Vasquez,146,16,,2,9/17/25 10:16 AM,9/17/25 10:23 AM,7 minutes and 29 seconds,Zoila Salinas
Tink-a-Tako - Potranco,Rosa Compean,148,25,,2,9/17/25 10:21 AM,9/17/25 10:23 AM,2 minutes and 9 seconds,Zoila Salinas
Tink-a-Tako - Potranco,Rosa Compean,152,,,2,9/17/25 10:21 AM,9/17/25 10:23 AM,2 minutes and 4 seconds,Zoila Salinas
Tink-a-Tako - Potranco,Daniela Torres,156,,Lobby,,9/17/25 10:24 AM,9/17/25 10:25 AM,1 minute and 8 seconds,Zoila Salinas
Tink-a-Tako - Potranco,Daniela Torres,155,,Lobby,,9/17/25 10:25 AM,9/17/25 10:26 AM,40 seconds,Zoila Salinas
Tink-a-Tako - Potranco,Brianna  Arias ,158,,Lobby,,9/17/25 10:26 AM,9/17/25 10:29 AM,2 minutes and 42 seconds,Zoila Salinas
Tink-a-Tako - Potranco,Daniela Torres,157,,Lobby,,9/17/25 10:30 AM,9/17/25 10:32 AM,2 minutes and 2 seconds,Zoila Salinas
Tink-a-Tako - Potranco,Daniela Torres,159,,Lobby,,9/17/25 10:30 AM,9/17/25 10:33 AM,2 minutes and 39 seconds,Zoila Salinas
Tink-a-Tako - Potranco,Daniela Torres,162,,Lobby,,9/17/25 10:32 AM,9/17/25 10:34 AM,1 minute and 46 seconds,Zoila Salinas
Tink-a-Tako - Potranco,Daniela Torres,160,,Lobby,,9/17/25 10:32 AM,9/17/25 10:35 AM,2 minutes and 58 seconds,Zoila Salinas
Tink-a-Tako - Potranco,Norma Vasquez,165,18,Lobby,,9/17/25 10:35 AM,9/17/25 10:38 AM,3 minutes and 35 seconds,Zoila Salinas
Tink-a-Tako - Potranco,Rosa Compean,166,39,Lobby,,9/17/25 10:36 AM,9/17/25 10:38 AM,2 minutes and 34 seconds,Zoila Salinas
Tink-a-Tako - Potranco,Daniela Torres,167,,Lobby,,9/17/25 10:41 AM,9/17/25 10:42 AM,1 minute and 29 seconds,Zoila Salinas
Tink-a-Tako - Potranco,Esperansa Caviedes,114,32,Lobby,,9/17/25 10:39 AM,9/17/25 10:43 AM,4 minutes and 13 seconds,Zoila Salinas
Tink-a-Tako - Potranco,Rosa Compean,166,39,,2,9/17/25 10:38 AM,9/17/25 10:43 AM,4 minutes and 34 seconds,Zoila Salinas
Tink-a-Tako - Potranco,Esperansa Caviedes,114,32,,2,9/17/25 10:43 AM,9/17/25 10:43 AM,18 seconds,Zoila Salinas
Tink-a-Tako - Potranco,Brianna  Arias ,158,,,2,9/17/25 10:29 AM,9/17/25 10:43 AM,13 minutes and 55 seconds,Zoila Salinas
Tink-a-Tako - Potranco,Norma Vasquez,165,18,,2,9/17/25 10:38 AM,9/17/25 10:43 AM,4 minutes and 32 seconds,Zoila Salinas
Tink-a-Tako - Potranco,Daniela Torres,169,,Lobby,,9/17/25 10:42 AM,9/17/25 10:43 AM,1 minute and 6 seconds,Zoila Salinas
Tink-a-Tako - Potranco,Esperansa Caviedes,161,21,,2,9/17/25 10:32 AM,9/17/25 10:44 AM,11 minutes and 28 seconds,Zoila Salinas
Tink-a-Tako - Potranco,Rosa Compean,170,35,Lobby,,9/17/25 10:43 AM,9/17/25 10:46 AM,2 minutes and 59 seconds,Zoila Salinas
Tink-a-Tako - Potranco,Norma Vasquez,165,18,Lobby,,9/17/25 10:44 AM,9/17/25 10:46 AM,1 minute and 59 seconds,Zoila Salinas
Tink-a-Tako - Potranco,Daniela Torres,172,,Lobby,,9/17/25 10:46 AM,9/17/25 10:47 AM,1 minute and 24 seconds,Zoila Salinas
Tink-a-Tako - Potranco,Norma Vasquez,165,18,,2,9/17/25 10:46 AM,9/17/25 10:47 AM,1 minute and 9 seconds,Zoila Salinas
Tink-a-Tako - Potranco,Rosa Compean,170,35,,2,9/17/25 10:46 AM,9/17/25 10:47 AM,1 minute and 18 seconds,Zoila Salinas
Tink-a-Tako - Potranco,Norma Vasquez,168,26,Lobby,,9/17/25 10:47 AM,9/17/25 10:48 AM,37 seconds,Zoila Salinas
Tink-a-Tako - Potranco,Esperansa Caviedes,173,4,Lobby,,9/17/25 10:48 AM,9/17/25 10:48 AM,14 seconds,Zoila Salinas
Tink-a-Tako - Potranco,Norma Vasquez,168,26,Lobby,,9/17/25 10:41 AM,9/17/25 10:49 AM,8 minutes and 9 seconds,Zoila Salinas
Tink-a-Tako - Potranco,Daniela Torres,171,,Lobby,,9/17/25 10:46 AM,9/17/25 10:51 AM,4 minutes and 57 seconds,Zoila Salinas
Tink-a-Tako - Potranco,Daniela Torres,174,,Lobby,,9/17/25 10:47 AM,9/17/25 10:52 AM,5 minutes and 37 seconds,Zoila Salinas
Tink-a-Tako - Potranco,Daniela Torres,177,,Lobby,,9/17/25 10:51 AM,9/17/25 10:52 AM,1 minute and 43 seconds,Zoila Salinas
Tink-a-Tako - Potranco,Esperansa Caviedes,173,4,Lobby,,9/17/25 10:47 AM,9/17/25 10:54 AM,6 minutes and 59 seconds,Zoila Salinas
Tink-a-Tako - Potranco,Rosa Compean,176,7,Lobby,,9/17/25 10:49 AM,9/17/25 10:54 AM,4 minutes and 44 seconds,Zoila Salinas
Tink-a-Tako - Potranco,Rosa Compean,176,7,Tortillero,,9/17/25 10:49 AM,9/17/25 10:54 AM,4 minutes and 44 seconds,Zoila Salinas
Tink-a-Tako - Potranco,Daniela Torres,171,,,2,9/17/25 10:51 AM,9/17/25 10:55 AM,4 minutes and 46 seconds,Zoila Salinas
Tink-a-Tako - Potranco,Daniela Torres,175,,Lobby,,9/17/25 10:50 AM,9/17/25 10:56 AM,5 minutes and 54 seconds,Zoila Salinas
Tink-a-Tako - Potranco,Daniela Torres,175,,Prep,,9/17/25 10:50 AM,9/17/25 10:56 AM,5 minutes and 54 seconds,Zoila Salinas
Tink-a-Tako - Potranco,Norma Vasquez,168,26,,2,9/17/25 10:49 AM,9/17/25 10:56 AM,6 minutes and 43 seconds,Zoila Salinas
Tink-a-Tako - Potranco,Esperansa Caviedes,173,4,,2,9/17/25 10:54 AM,9/17/25 10:56 AM,2 minutes and 9 seconds,Zoila Salinas
Tink-a-Tako - Potranco,Rosa Compean,176,7,,2,9/17/25 10:54 AM,9/17/25 10:56 AM,2 minutes and 4 seconds,Zoila Salinas
Tink-a-Tako - Potranco,Esperansa Caviedes,173,4,,2,9/17/25 10:48 AM,9/17/25 10:56 AM,7 minutes and 53 seconds,Zoila Salinas
Tink-a-Tako - Potranco,Norma Vasquez,168,26,,2,9/17/25 10:48 AM,9/17/25 10:56 AM,8 minutes and 3 seconds,Zoila Salinas
Tink-a-Tako - Potranco,Daniela Torres,178,,Lobby,,9/17/25 10:55 AM,9/17/25 10:56 AM,38 seconds,Zoila Salinas
Tink-a-Tako - Potranco,Norma Vasquez,179,42,Lobby,,9/17/25 10:53 AM,9/17/25 10:57 AM,3 minutes and 37 seconds,Zoila Salinas
Tink-a-Tako - Potranco,Daniela Torres,181,,Lobby,,9/17/25 10:57 AM,9/17/25 10:58 AM,36 seconds,Zoila Salinas
Tink-a-Tako - Potranco,Norma Vasquez,180,17,Lobby,,9/17/25 10:54 AM,9/17/25 10:58 AM,4 minutes and 31 seconds,Zoila Salinas
Tink-a-Tako - Potranco,Norma Vasquez,179,42,,2,9/17/25 10:57 AM,9/17/25 11:02 AM,4 minutes and 47 seconds,Zoila Salinas
Tink-a-Tako - Potranco,Norma Vasquez,180,17,,2,9/17/25 10:58 AM,9/17/25 11:02 AM,3 minutes and 25 seconds,Zoila Salinas
Tink-a-Tako - Potranco,Daniela Torres,182,,Lobby,,9/17/25 11:00 AM,9/17/25 11:02 AM,1 minute and 41 seconds,Zoila Salinas
Tink-a-Tako - Potranco,Norma Vasquez,180,17,Lobby,,9/17/25 11:03 AM,9/17/25 11:03 AM,23 seconds,Zoila Salinas
Tink-a-Tako - Potranco,Norma Vasquez,180,17,,2,9/17/25 11:03 AM,9/17/25 11:03 AM,2 seconds,Zoila Salinas
Tink-a-Tako - Potranco,Esperansa Caviedes,183,24,Lobby,,9/17/25 11:02 AM,9/17/25 11:08 AM,6 minutes and 28 seconds,Zoila Salinas
Tink-a-Tako - Potranco,Daniela Torres,186,,Lobby,,9/17/25 11:07 AM,9/17/25 11:09 AM,1 minute and 24 seconds,Zoila Salinas
Tink-a-Tako - Potranco,Daniela Torres,185,,Lobby,,9/17/25 11:06 AM,9/17/25 11:09 AM,2 minutes and 25 seconds,Zoila Salinas
Tink-a-Tako - Potranco,Norma Vasquez,179,42,Lobby,,9/17/25 11:08 AM,9/17/25 11:09 AM,1 minute and 38 seconds,Zoila Salinas
Tink-a-Tako - Potranco,Daniela Torres,186,,Lobby,,9/17/25 11:07 AM,9/17/25 11:12 AM,5 minutes and 7 seconds,Zoila Salinas
Tink-a-Tako - Potranco,Rosa Compean,187,36,Lobby,,9/17/25 11:09 AM,9/17/25 11:12 AM,3 minutes and 40 seconds,Zoila Salinas
Tink-a-Tako - Potranco,Daniela Torres,189,,Lobby,,9/17/25 11:09 AM,9/17/25 11:14 AM,4 minutes and 24 seconds,Zoila Salinas
Tink-a-Tako - Potranco,Rosa Compean,176,7,,2,9/17/25 11:10 AM,9/17/25 11:15 AM,4 minutes and 32 seconds,Zoila Salinas
Tink-a-Tako - Potranco,Norma Vasquez,179,42,,2,9/17/25 11:09 AM,9/17/25 11:15 AM,5 minutes and 20 seconds,Zoila Salinas
Tink-a-Tako - Potranco,Rosa Compean,187,36,,2,9/17/25 11:12 AM,9/17/25 11:15 AM,2 minutes and 22 seconds,Zoila Salinas
Tink-a-Tako - Potranco,Esperansa Caviedes,183,24,,2,9/17/25 11:08 AM,9/17/25 11:15 AM,6 minutes and 43 seconds,Zoila Salinas
Tink-a-Tako - Potranco,Daniela Torres,190,,Lobby,,9/17/25 11:11 AM,9/17/25 11:17 AM,6 minutes and 3 seconds,Zoila Salinas
Tink-a-Tako - Potranco,Daniela Torres,191,,Lobby,,9/17/25 11:13 AM,9/17/25 11:17 AM,3 minutes and 35 seconds,Zoila Salinas
Tink-a-Tako - Potranco,Norma Vasquez,193,32,Lobby,,9/17/25 11:15 AM,9/17/25 11:17 AM,2 minutes and 29 seconds,Zoila Salinas
Tink-a-Tako - Potranco,Norma Vasquez,193,32,Prep,,9/17/25 11:15 AM,9/17/25 11:17 AM,2 minutes and 29 seconds,Zoila Salinas
Tink-a-Tako - Potranco,Norma Vasquez,193,32,Tortillero,,9/17/25 11:15 AM,9/17/25 11:17 AM,2 minutes and 29 seconds,Zoila Salinas
Tink-a-Tako - Potranco,Norma Vasquez,193,32,,2,9/17/25 11:17 AM,9/17/25 11:18 AM,15 seconds,Zoila Salinas
Tink-a-Tako - Potranco,Daniela Torres,188,,Lobby,,9/17/25 11:09 AM,9/17/25 11:18 AM,9 minutes and 50 seconds,Zoila Salinas
Tink-a-Tako - Potranco,Daniela Torres,194,,Lobby,,9/17/25 11:19 AM,9/17/25 11:20 AM,1 minute,Zoila Salinas
Tink-a-Tako - Potranco,Esperansa Caviedes,195,10,Lobby,,9/17/25 11:20 AM,9/17/25 11:21 AM,1 minute and 41 seconds,Zoila Salinas
Tink-a-Tako - Potranco,Esperansa Caviedes,195,10,Tortillero,,9/17/25 11:20 AM,9/17/25 11:21 AM,1 minute and 41 seconds,Zoila Salinas
Tink-a-Tako - Potranco,Norma Vasquez,184,18,Lobby,,9/17/25 11:23 AM,9/17/25 11:25 AM,1 minute and 40 seconds,Zoila Salinas
Tink-a-Tako - Potranco,Rosa Compean,197,37,Lobby,,9/17/25 11:21 AM,9/17/25 11:26 AM,4 minutes and 53 seconds,Zoila Salinas
Tink-a-Tako - Potranco,Rosa Compean,197,37,,2,9/17/25 11:26 AM,9/17/25 11:26 AM,32 seconds,Zoila Salinas
Tink-a-Tako - Potranco,Esperansa Caviedes,195,10,,2,9/17/25 11:21 AM,9/17/25 11:26 AM,4 minutes and 54 seconds,Zoila Salinas
Tink-a-Tako - Potranco,Norma Vasquez,184,18,,2,9/17/25 11:25 AM,9/17/25 11:26 AM,1 minute and 33 seconds,Zoila Salinas
Tink-a-Tako - Potranco,Daniela Torres,200,,Lobby,,9/17/25 11:24 AM,9/17/25 11:27 AM,3 minutes and 15 seconds,Zoila Salinas
Tink-a-Tako - Potranco,Daniela Torres,196,,Lobby,,9/17/25 11:23 AM,9/17/25 11:27 AM,4 minutes and 15 seconds,Zoila Salinas
Tink-a-Tako - Potranco,Esperansa Caviedes,199,33,Prep,,9/17/25 11:23 AM,9/17/25 11:31 AM,8 minutes and 43 seconds,Zoila Salinas
Tink-a-Tako - Potranco,Esperansa Caviedes,199,33,Lobby,,9/17/25 11:23 AM,9/17/25 11:31 AM,8 minutes and 43 seconds,Zoila Salinas
Tink-a-Tako - Potranco,Esperansa Caviedes,199,33,Tortillero,,9/17/25 11:23 AM,9/17/25 11:31 AM,8 minutes and 43 seconds,Zoila Salinas
Tink-a-Tako - Potranco,Daniela Torres,205,,Lobby,,9/17/25 11:31 AM,9/17/25 11:32 AM,46 seconds,Zoila Salinas
Tink-a-Tako - Potranco,Daniela Torres,201,,Lobby,,9/17/25 11:29 AM,9/17/25 11:35 AM,5 minutes and 39 seconds,Zoila Salinas
Tink-a-Tako - Potranco,Daniela Torres,203,,Lobby,,9/17/25 11:31 AM,9/17/25 11:35 AM,4 minutes and 5 seconds,Zoila Salinas
Tink-a-Tako - Potranco,Ivana Abundiz,202,,Lobby,,9/17/25 11:26 AM,9/17/25 11:36 AM,9 minutes and 56 seconds,Zoila Salinas
Tink-a-Tako - Potranco,Norma Vasquez,204,4,Lobby,,9/17/25 11:30 AM,9/17/25 11:36 AM,5 minutes and 58 seconds,Zoila Salinas
Tink-a-Tako - Potranco,Rosa Compean,206,9,Lobby,,9/17/25 11:32 AM,9/17/25 11:39 AM,7 minutes and 7 seconds,Zoila Salinas
Tink-a-Tako - Potranco,Rosa Compean,206,9,Prep,,9/17/25 11:32 AM,9/17/25 11:39 AM,7 minutes and 7 seconds,Zoila Salinas
Tink-a-Tako - Potranco,Ivana Abundiz,202,,,2,9/17/25 11:36 AM,9/17/25 11:40 AM,3 minutes and 31 seconds,Zoila Salinas
Tink-a-Tako - Potranco,Esperansa Caviedes,199,33,,2,9/17/25 11:31 AM,9/17/25 11:40 AM,8 minutes and 7 seconds,Zoila Salinas
Tink-a-Tako - Potranco,Norma Vasquez,204,4,,2,9/17/25 11:36 AM,9/17/25 11:40 AM,3 minutes and 10 seconds,Zoila Salinas
Tink-a-Tako - Potranco,Rosa Compean,206,9,,2,9/17/25 11:39 AM,9/17/25 11:40 AM,38 seconds,Zoila Salinas
Tink-a-Tako - Potranco,Daniela Torres,209,,Lobby,,9/17/25 11:38 AM,9/17/25 11:41 AM,2 minutes and 57 seconds,Zoila Salinas
Tink-a-Tako - Potranco,Daniela Torres,207,,Lobby,,9/17/25 11:33 AM,9/17/25 11:42 AM,8 minutes and 53 seconds,Zoila Salinas
Tink-a-Tako - Potranco,Daniela Torres,211,,Lobby,,9/17/25 11:40 AM,9/17/25 11:42 AM,2 minutes and 25 seconds,Zoila Salinas
Tink-a-Tako - Potranco,Daniela Torres,212,,Lobby,,9/17/25 11:42 AM,9/17/25 11:48 AM,6 minutes and 24 seconds,Zoila Salinas
Tink-a-Tako - Potranco,Daniela Torres,216,,Lobby,,9/17/25 11:45 AM,9/17/25 11:49 AM,4 minutes and 1 second,Zoila Salinas
Tink-a-Tako - Potranco,Daniela Torres,214,,Lobby,,9/17/25 11:44 AM,9/17/25 11:49 AM,5 minutes and 17 seconds,Zoila Salinas
Tink-a-Tako - Potranco,Esperansa Caviedes,116,23,Lobby,,9/17/25 11:36 AM,9/17/25 11:50 AM,13 minutes and 55 seconds,Zoila Salinas
Tink-a-Tako - Potranco,Rosa Compean,210,39,Lobby,,9/17/25 11:38 AM,9/17/25 11:50 AM,11 minutes and 14 seconds,Zoila Salinas
Tink-a-Tako - Potranco,Ivana Abundiz,221,,Lobby,,9/17/25 11:48 AM,9/17/25 11:50 AM,2 minutes and 22 seconds,Zoila Salinas
Tink-a-Tako - Potranco,Ivana Abundiz,213,,Lobby,,9/17/25 11:42 AM,9/17/25 11:50 AM,8 minutes and 23 seconds,Zoila Salinas
Tink-a-Tako - Potranco,Daniela Torres,217,,Lobby,,9/17/25 11:46 AM,9/17/25 11:51 AM,4 minutes and 50 seconds,Zoila Salinas
Tink-a-Tako - Potranco,Daniela Torres,217,,Prep,,9/17/25 11:46 AM,9/17/25 11:51 AM,4 minutes and 50 seconds,Zoila Salinas
Tink-a-Tako - Potranco,Norma Vasquez,219,17,Lobby,,9/17/25 11:47 AM,9/17/25 11:52 AM,5 minutes and 41 seconds,Zoila Salinas
Tink-a-Tako - Potranco,Norma Vasquez,219,17,Tortillero,,9/17/25 11:47 AM,9/17/25 11:52 AM,5 minutes and 41 seconds,Zoila Salinas
Tink-a-Tako - Potranco,Esperansa Caviedes,199,33,Lobby,,9/17/25 11:52 AM,9/17/25 11:53 AM,42 seconds,Zoila Salinas
Tink-a-Tako - Potranco,Ivana Abundiz,220,,Lobby,,9/17/25 11:47 AM,9/17/25 11:53 AM,5 minutes and 35 seconds,Zoila Salinas
Tink-a-Tako - Potranco,Daniela Torres,218,,Lobby,,9/17/25 11:51 AM,9/17/25 11:54 AM,3 minutes and 8 seconds,Zoila Salinas
Tink-a-Tako - Potranco,Daniela Torres,225,,Lobby,,9/17/25 11:53 AM,9/17/25 11:54 AM,45 seconds,Zoila Salinas
Tink-a-Tako - Potranco,Daniela Torres,224,,Lobby,,9/17/25 11:51 AM,9/17/25 11:56 AM,4 minutes and 51 seconds,Zoila Salinas
Tink-a-Tako - Potranco,Daniela Torres,226,,Lobby,,9/17/25 11:54 AM,9/17/25 11:56 AM,2 minutes and 8 seconds,Zoila Salinas
Tink-a-Tako - Potranco,Norma Vasquez,229,26,Lobby,,9/17/25 11:56 AM,9/17/25 11:56 AM,36 seconds,Zoila Salinas
Tink-a-Tako - Potranco,Ivana Abundiz,221,,,2,9/17/25 11:50 AM,9/17/25 11:57 AM,6 minutes and 36 seconds,Zoila Salinas
Tink-a-Tako - Potranco,Esperansa Caviedes,199,33,,2,9/17/25 11:53 AM,9/17/25 11:57 AM,3 minutes and 50 seconds,Zoila Salinas
Tink-a-Tako - Potranco,Norma Vasquez,219,17,,2,9/17/25 11:52 AM,9/17/25 11:57 AM,4 minutes and 27 seconds,Zoila Salinas
Tink-a-Tako - Potranco,Norma Vasquez,229,26,,2,9/17/25 11:56 AM,9/17/25 11:57 AM,36 seconds,Zoila Salinas
Tink-a-Tako - Potranco,Daniela Torres,227,,Lobby,,9/17/25 11:55 AM,9/17/25 11:58 AM,2 minutes and 53 seconds,Zoila Salinas
Tink-a-Tako - Potranco,Daniela Torres,227,,Prep,,9/17/25 11:55 AM,9/17/25 11:58 AM,2 minutes and 53 seconds,Zoila Salinas
Tink-a-Tako - Potranco,Esperansa Caviedes,223,25,Lobby,,9/17/25 11:51 AM,9/17/25 11:59 AM,8 minutes and 27 seconds,Zoila Salinas
Tink-a-Tako - Potranco,Esperansa Caviedes,223,25,Prep,,9/17/25 11:51 AM,9/17/25 11:59 AM,8 minutes and 27 seconds,Zoila Salinas
Tink-a-Tako - Potranco,Esperansa Caviedes,223,25,Tortillero,,9/17/25 11:51 AM,9/17/25 11:59 AM,8 minutes and 27 seconds,Zoila Salinas
Tink-a-Tako - Potranco,Rosa Compean,232,21,Lobby,,9/17/25 12:01 PM,9/17/25 12:02 PM,45 seconds,Zoila Salinas
Tink-a-Tako - Potranco,Norma Vasquez,235,7,Lobby,,9/17/25 12:02 PM,9/17/25 12:02 PM,8 seconds,Zoila Salinas
Tink-a-Tako - Potranco,Daniela Torres,233,,Lobby,,9/17/25 12:04 PM,9/17/25 12:05 PM,39 seconds,Zoila Salinas
Tink-a-Tako - Potranco,Daniela Torres,231,,Lobby,,9/17/25 12:01 PM,9/17/25 12:05 PM,4 minutes and 14 seconds,Zoila Salinas
Tink-a-Tako - Potranco,Daniela Torres,231,,Prep,,9/17/25 12:01 PM,9/17/25 12:05 PM,4 minutes and 14 seconds,Zoila Salinas
Tink-a-Tako - Potranco,Esperansa Caviedes,234,32,Lobby,,9/17/25 12:02 PM,9/17/25 12:08 PM,5 minutes and 58 seconds,Zoila Salinas
Tink-a-Tako - Potranco,Daniela Torres,236,,Lobby,,9/17/25 12:07 PM,9/17/25 12:08 PM,1 minute and 21 seconds,Zoila Salinas
Tink-a-Tako - Potranco,Rosa Compean,210,39,,2,9/17/25 11:50 AM,9/17/25 12:08 PM,18 minutes and 48 seconds,Zoila Salinas
Tink-a-Tako - Potranco,Ivana Abundiz,220,,,2,9/17/25 11:53 AM,9/17/25 12:08 PM,15 minutes and 24 seconds,Zoila Salinas
Tink-a-Tako - Potranco,Esperansa Caviedes,116,23,,2,9/17/25 11:50 AM,9/17/25 12:08 PM,18 minutes and 50 seconds,Zoila Salinas
Tink-a-Tako - Potranco,Norma Vasquez,235,7,,2,9/17/25 12:02 PM,9/17/25 12:08 PM,6 minutes and 26 seconds,Zoila Salinas
Tink-a-Tako - Potranco,Esperansa Caviedes,234,32,,2,9/17/25 12:08 PM,9/17/25 12:08 PM,36 seconds,Zoila Salinas
Tink-a-Tako - Potranco,Ivana Abundiz,213,,,2,9/17/25 11:50 AM,9/17/25 12:08 PM,18 minutes and 6 seconds,Zoila Salinas
Tink-a-Tako - Potranco,Rosa Compean,232,21,,2,9/17/25 12:02 PM,9/17/25 12:08 PM,6 minutes and 27 seconds,Zoila Salinas
Tink-a-Tako - Potranco,Esperansa Caviedes,223,25,,2,9/17/25 11:59 AM,9/17/25 12:08 PM,9 minutes,Zoila Salinas
Tink-a-Tako - Potranco,Daniela Torres,238,,Lobby,,9/17/25 12:08 PM,9/17/25 12:11 PM,2 minutes and 59 seconds,Zoila Salinas
Tink-a-Tako - Potranco,Norma Vasquez,235,7,Lobby,,9/17/25 12:07 PM,9/17/25 12:12 PM,4 minutes and 17 seconds,Zoila Salinas
Tink-a-Tako - Potranco,Norma Vasquez,235,7,Prep,,9/17/25 12:07 PM,9/17/25 12:12 PM,4 minutes and 17 seconds,Zoila Salinas
Tink-a-Tako - Potranco,Norma Vasquez,235,7,Tortillero,,9/17/25 12:07 PM,9/17/25 12:12 PM,4 minutes and 17 seconds,Zoila Salinas
Tink-a-Tako - Potranco,Daniela Torres,237,,Lobby,,9/17/25 12:08 PM,9/17/25 12:12 PM,4 minutes and 30 seconds,Zoila Salinas
Tink-a-Tako - Potranco,Esperansa Caviedes,239,24,Lobby,,9/17/25 12:10 PM,9/17/25 12:12 PM,2 minutes and 41 seconds,Zoila Salinas
Tink-a-Tako - Potranco,Esperansa Caviedes,239,24,Lobby,,9/17/25 12:10 PM,9/17/25 12:12 PM,1 minute and 56 seconds,Zoila Salinas
Tink-a-Tako - Potranco,Norma Vasquez,235,7,,2,9/17/25 12:14 PM,9/17/25 12:14 PM,12 seconds,Zoila Salinas
Tink-a-Tako - Potranco,Rosa Compean,241,37,Lobby,,9/17/25 12:12 PM,9/17/25 12:14 PM,2 minutes and 22 seconds,Zoila Salinas
Tink-a-Tako - Potranco,Norma Vasquez,242,23,Lobby,,9/17/25 12:12 PM,9/17/25 12:14 PM,1 minute and 56 seconds,Zoila Salinas
Tink-a-Tako - Potranco,Rosa Compean,244,33,Lobby,,9/17/25 12:16 PM,9/17/25 12:18 PM,2 minutes and 35 seconds,Zoila Salinas
Tink-a-Tako - Potranco,Esperansa Caviedes,239,24,,2,9/17/25 12:12 PM,9/17/25 12:19 PM,6 minutes and 29 seconds,Zoila Salinas
Tink-a-Tako - Potranco,Norma Vasquez,235,7,,2,9/17/25 12:12 PM,9/17/25 12:19 PM,7 minutes and 7 seconds,Zoila Salinas
Tink-a-Tako - Potranco,Esperansa Caviedes,239,24,,2,9/17/25 12:12 PM,9/17/25 12:19 PM,6 minutes and 31 seconds,Zoila Salinas
Tink-a-Tako - Potranco,Rosa Compean,241,37,,2,9/17/25 12:14 PM,9/17/25 12:19 PM,4 minutes and 39 seconds,Zoila Salinas
Tink-a-Tako - Potranco,Rosa Compean,244,33,,2,9/17/25 12:18 PM,9/17/25 12:19 PM,22 seconds,Zoila Salinas
Tink-a-Tako - Potranco,Norma Vasquez,242,23,,2,9/17/25 12:14 PM,9/17/25 12:19 PM,4 minutes and 43 seconds,Zoila Salinas
Tink-a-Tako - Potranco,Daniela Torres,240,,Lobby,,9/17/25 12:17 PM,9/17/25 12:24 PM,7 minutes and 8 seconds,Zoila Salinas
Tink-a-Tako - Potranco,Daniela Torres,240,,Prep,,9/17/25 12:17 PM,9/17/25 12:24 PM,7 minutes and 8 seconds,Zoila Salinas
Tink-a-Tako - Potranco,Esperansa Caviedes,246,19,Lobby,,9/17/25 12:18 PM,9/17/25 12:25 PM,6 minutes and 37 seconds,Zoila Salinas
Tink-a-Tako - Potranco,Esperansa Caviedes,246,19,Tortillero,,9/17/25 12:18 PM,9/17/25 12:25 PM,6 minutes and 37 seconds,Zoila Salinas
Tink-a-Tako - Potranco,Daniela Torres,248,,Lobby,,9/17/25 12:20 PM,9/17/25 12:26 PM,6 minutes and 55 seconds,Zoila Salinas
Tink-a-Tako - Potranco,Daniela Torres,248,,Prep,,9/17/25 12:20 PM,9/17/25 12:26 PM,6 minutes and 55 seconds,Zoila Salinas
Tink-a-Tako - Potranco,Esperansa Caviedes,246,19,Lobby,,9/17/25 12:26 PM,9/17/25 12:28 PM,2 minutes and 8 seconds,Zoila Salinas
Tink-a-Tako - Potranco,Daniela Torres,247,,Lobby,,9/17/25 12:18 PM,9/17/25 12:30 PM,12 minutes and 23 seconds,Zoila Salinas
Tink-a-Tako - Potranco,Norma Vasquez,252,36,Lobby,,9/17/25 12:25 PM,9/17/25 12:31 PM,6 minutes and 13 seconds,Zoila Salinas
Tink-a-Tako - Potranco,Rosa Compean,245,31,Lobby,,9/17/25 12:18 PM,9/17/25 12:31 PM,13 minutes and 14 seconds,Zoila Salinas
Tink-a-Tako - Potranco,Rosa Compean,255,9,Lobby,,9/17/25 12:27 PM,9/17/25 12:31 PM,4 minutes and 9 seconds,Zoila Salinas
Tink-a-Tako - Potranco,Esperansa Caviedes,243,10,Lobby,,9/17/25 12:17 PM,9/17/25 12:31 PM,14 minutes and 25 seconds,Zoila Salinas
Tink-a-Tako - Potranco,Daniela Torres,253,,Lobby,,9/17/25 12:26 PM,9/17/25 12:33 PM,6 minutes and 45 seconds,Zoila Salinas
Tink-a-Tako - Potranco,Daniela Torres,249,,Lobby,,9/17/25 12:22 PM,9/17/25 12:34 PM,12 minutes and 30 seconds,Zoila Salinas
Tink-a-Tako - Potranco,Daniela Torres,250,,Lobby,,9/17/25 12:25 PM,9/17/25 12:34 PM,8 minutes and 48 seconds,Zoila Salinas
Tink-a-Tako - Potranco,Daniela Torres,250,,Tortillero,,9/17/25 12:25 PM,9/17/25 12:34 PM,8 minutes and 48 seconds,Zoila Salinas
Tink-a-Tako - Potranco,Daniela Torres,250,,Prep,,9/17/25 12:25 PM,9/17/25 12:34 PM,8 minutes and 48 seconds,Zoila Salinas
Tink-a-Tako - Potranco,Esperansa Caviedes,243,10,,2,9/17/25 12:31 PM,9/17/25 12:35 PM,3 minutes and 43 seconds,Zoila Salinas
Tink-a-Tako - Potranco,Rosa Compean,245,31,,2,9/17/25 12:31 PM,9/17/25 12:35 PM,3 minutes and 45 seconds,Zoila Salinas
Tink-a-Tako - Potranco,Esperansa Caviedes,251,35,Lobby,,9/17/25 12:31 PM,9/17/25 12:35 PM,3 minutes and 37 seconds,Zoila Salinas
Tink-a-Tako - Potranco,Esperansa Caviedes,246,19,,2,9/17/25 12:25 PM,9/17/25 12:35 PM,10 minutes and 20 seconds,Zoila Salinas
Tink-a-Tako - Potranco,Esperansa Caviedes,246,19,,2,9/17/25 12:28 PM,9/17/25 12:36 PM,7 minutes and 46 seconds,Zoila Salinas
Tink-a-Tako - Potranco,Norma Vasquez,252,36,,2,9/17/25 12:31 PM,9/17/25 12:36 PM,4 minutes and 53 seconds,Zoila Salinas
Tink-a-Tako - Potranco,Rosa Compean,255,9,,2,9/17/25 12:31 PM,9/17/25 12:36 PM,4 minutes and 55 seconds,Zoila Salinas
Tink-a-Tako - Potranco,Esperansa Caviedes,256,15,Lobby,,9/17/25 12:37 PM,9/17/25 12:40 PM,2 minutes and 44 seconds,Zoila Salinas
Tink-a-Tako - Potranco,Norma Vasquez,257,8,Lobby,,9/17/25 12:38 PM,9/17/25 12:40 PM,2 minutes and 31 seconds,Zoila Salinas
Tink-a-Tako - Potranco,Norma Vasquez,258,17,Lobby,,9/17/25 12:38 PM,9/17/25 12:41 PM,2 minutes and 50 seconds,Zoila Salinas
Tink-a-Tako - Potranco,Esperansa Caviedes,262,25,Lobby,,9/17/25 12:40 PM,9/17/25 12:41 PM,1 minute and 10 seconds,Zoila Salinas
Tink-a-Tako - Potranco,Daniela Torres,254,,Lobby,,9/17/25 12:38 PM,9/17/25 12:45 PM,6 minutes and 56 seconds,Zoila Salinas
Tink-a-Tako - Potranco,Daniela Torres,260,,Lobby,,9/17/25 12:44 PM,9/17/25 12:45 PM,1 minute and 25 seconds,Zoila Salinas
Tink-a-Tako - Potranco,Daniela Torres,264,,Lobby,,9/17/25 12:46 PM,9/17/25 12:46 PM,34 seconds,Zoila Salinas
Tink-a-Tako - Potranco,Esperansa Caviedes,267,37,Lobby,,9/17/25 12:47 PM,9/17/25 12:49 PM,2 minutes,Zoila Salinas
Tink-a-Tako - Potranco,Rosa Compean,265,18,Lobby,,9/17/25 12:44 PM,9/17/25 12:49 PM,4 minutes and 32 seconds,Zoila Salinas
Tink-a-Tako - Potranco,Rosa Compean,265,18,Prep,,9/17/25 12:44 PM,9/17/25 12:49 PM,4 minutes and 32 seconds,Zoila Salinas
Tink-a-Tako - Potranco,Rosa Compean,265,18,Tortillero,,9/17/25 12:44 PM,9/17/25 12:49 PM,4 minutes and 32 seconds,Zoila Salinas
Tink-a-Tako - Potranco,Rosa Compean,263,22,Lobby,,9/17/25 12:41 PM,9/17/25 12:51 PM,9 minutes and 50 seconds,Zoila Salinas
Tink-a-Tako - Potranco,Esperansa Caviedes,251,35,,2,9/17/25 12:35 PM,9/17/25 12:51 PM,16 minutes and 5 seconds,Zoila Salinas
Tink-a-Tako - Potranco,Norma Vasquez,257,8,,2,9/17/25 12:40 PM,9/17/25 12:51 PM,11 minutes,Zoila Salinas
Tink-a-Tako - Potranco,Esperansa Caviedes,256,15,,2,9/17/25 12:40 PM,9/17/25 12:51 PM,10 minutes and 58 seconds,Zoila Salinas
Tink-a-Tako - Potranco,Norma Vasquez,258,17,,2,9/17/25 12:41 PM,9/17/25 12:51 PM,10 minutes and 5 seconds,Zoila Salinas
Tink-a-Tako - Potranco,Rosa Compean,263,22,,2,9/17/25 12:51 PM,9/17/25 12:53 PM,2 minutes and 17 seconds,Zoila Salinas
Tink-a-Tako - Potranco,Rosa Compean,265,18,,2,9/17/25 12:49 PM,9/17/25 12:53 PM,4 minutes and 17 seconds,Zoila Salinas
Tink-a-Tako - Potranco,Esperansa Caviedes,262,25,,2,9/17/25 12:41 PM,9/17/25 12:53 PM,12 minutes and 10 seconds,Zoila Salinas
Tink-a-Tako - Potranco,Esperansa Caviedes,267,37,,2,9/17/25 12:49 PM,9/17/25 12:53 PM,4 minutes and 22 seconds,Zoila Salinas
Tink-a-Tako - Potranco,Daniela Torres,266,,Lobby,,9/17/25 12:52 PM,9/17/25 12:56 PM,4 minutes and 31 seconds,Zoila Salinas
Tink-a-Tako - Potranco,Rosa Compean,269,24,Lobby,,9/17/25 12:50 PM,9/17/25 12:58 PM,7 minutes and 51 seconds,Zoila Salinas
Tink-a-Tako - Potranco,Norma Vasquez,270,34,,2,9/17/25 12:51 PM,9/17/25 12:59 PM,7 minutes and 43 seconds,Zoila Salinas
Tink-a-Tako - Potranco,Norma Vasquez,272,23,Lobby,,9/17/25 12:54 PM,9/17/25 1:00 PM,6 minutes and 16 seconds,Zoila Salinas
Tink-a-Tako - Potranco,Norma Vasquez,272,23,Prep,,9/17/25 12:54 PM,9/17/25 1:00 PM,6 minutes and 16 seconds,Zoila Salinas
Tink-a-Tako - Potranco,Norma Vasquez,272,23,Tortillero,,9/17/25 12:54 PM,9/17/25 1:00 PM,6 minutes and 16 seconds,Zoila Salinas
Tink-a-Tako - Potranco,Rosa Compean,245,31,Prep,,9/17/25 1:01 PM,9/17/25 1:05 PM,4 minutes and 21 seconds,Zoila Salinas
Tink-a-Tako - Potranco,Rosa Compean,245,31,Lobby,,9/17/25 1:01 PM,9/17/25 1:05 PM,4 minutes and 21 seconds,Zoila Salinas
Tink-a-Tako - Potranco,Rosa Compean,245,31,Tortillero,,9/17/25 1:01 PM,9/17/25 1:05 PM,4 minutes and 21 seconds,Zoila Salinas
Tink-a-Tako - Potranco,Rosa Compean,245,31,Lobby,,9/17/25 12:55 PM,9/17/25 1:07 PM,11 minutes and 40 seconds,Zoila Salinas
Tink-a-Tako - Potranco,Daniela Torres,275,,Lobby,,9/17/25 1:03 PM,9/17/25 1:09 PM,5 minutes and 51 seconds,Zoila Salinas
Tink-a-Tako - Potranco,Daniela Torres,271,,Lobby,,9/17/25 1:01 PM,9/17/25 1:11 PM,9 minutes and 56 seconds,Zoila Salinas
Tink-a-Tako - Potranco,Daniela Torres,271,,Tortillero,,9/17/25 1:01 PM,9/17/25 1:11 PM,9 minutes and 56 seconds,Zoila Salinas
Tink-a-Tako - Potranco,Daniela Torres,271,,Prep,,9/17/25 1:01 PM,9/17/25 1:11 PM,9 minutes and 56 seconds,Zoila Salinas
Tink-a-Tako - Potranco,Rosa Compean,277,33,Lobby,,9/17/25 1:09 PM,9/17/25 1:12 PM,3 minutes and 9 seconds,Zoila Salinas
Tink-a-Tako - Potranco,Norma Vasquez,278,25,Lobby,,9/17/25 1:10 PM,9/17/25 1:13 PM,3 minutes,Zoila Salinas
Tink-a-Tako - Potranco,Esperansa Caviedes,268,2,Lobby,,9/17/25 1:03 PM,9/17/25 1:13 PM,10 minutes and 10 seconds,Zoila Salinas
Tink-a-Tako - Potranco,Esperansa Caviedes,268,2,Prep,,9/17/25 1:03 PM,9/17/25 1:13 PM,10 minutes and 10 seconds,Zoila Salinas
Tink-a-Tako - Potranco,Rosa Compean,269,24,,2,9/17/25 12:58 PM,9/17/25 1:13 PM,15 minutes and 38 seconds,Zoila Salinas
Tink-a-Tako - Potranco,Norma Vasquez,272,23,,2,9/17/25 1:00 PM,9/17/25 1:13 PM,12 minutes and 57 seconds,Zoila Salinas
Tink-a-Tako - Potranco,Rosa Compean,245,31,,2,9/17/25 1:07 PM,9/17/25 1:13 PM,6 minutes and 24 seconds,Zoila Salinas
Tink-a-Tako - Potranco,Rosa Compean,245,31,,2,9/17/25 1:05 PM,9/17/25 1:13 PM,8 minutes and 4 seconds,Zoila Salinas
Tink-a-Tako - Potranco,Rosa Compean,277,33,,2,9/17/25 1:12 PM,9/17/25 1:14 PM,1 minute and 13 seconds,Zoila Salinas
Tink-a-Tako - Potranco,Norma Vasquez,278,25,,2,9/17/25 1:13 PM,9/17/25 1:14 PM,10 seconds,Zoila Salinas
Tink-a-Tako - Potranco,Daniela Torres,279,,Lobby,,9/17/25 1:18 PM,9/17/25 1:22 PM,3 minutes and 33 seconds,Zoila Salinas
Tink-a-Tako - Potranco,Esperansa Caviedes,268,2,,2,9/17/25 1:13 PM,9/17/25 1:23 PM,9 minutes and 9 seconds,Zoila Salinas
Tink-a-Tako - Potranco,Esperansa Caviedes,281,4,Lobby,,9/17/25 1:20 PM,9/17/25 1:24 PM,4 minutes and 7 seconds,Zoila Salinas
Tink-a-Tako - Potranco,Daniela Torres,282,,Lobby,,9/17/25 1:24 PM,9/17/25 1:35 PM,11 minutes and 24 seconds,Zoila Salinas
Tink-a-Tako - Potranco,Daniela Torres,284,,Lobby,,9/17/25 1:27 PM,9/17/25 1:39 PM,12 minutes and 28 seconds,Zoila Salinas
Tink-a-Tako - Potranco,Norma Vasquez,288,24,Lobby,,9/17/25 1:41 PM,9/17/25 1:44 PM,3 minutes,Zoila Salinas
Tink-a-Tako - Potranco,Rosa Compean,287,32,Prep,,9/17/25 1:42 PM,9/17/25 1:48 PM,6 minutes and 14 seconds,Zoila Salinas
Tink-a-Tako - Potranco,Rosa Compean,287,32,Lobby,,9/17/25 1:42 PM,9/17/25 1:48 PM,6 minutes and 14 seconds,Zoila Salinas
Tink-a-Tako - Potranco,Rosa Compean,287,32,Tortillero,,9/17/25 1:42 PM,9/17/25 1:48 PM,6 minutes and 14 seconds,Zoila Salinas
Tink-a-Tako - Potranco,Daniela Torres,285,,Lobby,,9/17/25 1:50 PM,9/17/25 1:52 PM,2 minutes and 7 seconds,Zoila Salinas
Tink-a-Tako - Potranco,Sergio Abundiz,290,25,Lobby,,9/17/25 1:52 PM,9/17/25 1:55 PM,2 minutes and 36 seconds,Zoila Salinas
Tink-a-Tako - Potranco,Norma Vasquez,291,,Lobby,,9/17/25 1:53 PM,9/17/25 1:59 PM,5 minutes and 42 seconds,Zoila Salinas
Tink-a-Tako - Potranco,Sergio Abundiz,292,3,Lobby,,9/17/25 1:56 PM,9/17/25 2:00 PM,3 minutes and 52 seconds,Zoila Salinas
Tink-a-Tako - Potranco,Lizeth Alonso,293,,Lobby,,9/17/25 2:01 PM,9/17/25 2:02 PM,1 minute and 19 seconds,Zoila Salinas
Tink-a-Tako - Potranco,Ivana Abundiz,294,,,2,9/17/25 2:04 PM,9/17/25 2:07 PM,2 minutes and 47 seconds,Zoila Salinas
Tink-a-Tako - Potranco,Lizeth Alonso,295,,Lobby,,9/17/25 2:07 PM,9/17/25 2:20 PM,12 minutes and 57 seconds,Zoila Salinas
Tink-a-Tako - Potranco,Sergio Abundiz,297,8,Lobby,,9/17/25 2:07 PM,9/17/25 2:21 PM,13 minutes and 43 seconds,Zoila Salinas
Tink-a-Tako - Potranco,Sergio Abundiz,300,24,Lobby,,9/17/25 2:11 PM,9/17/25 2:22 PM,11 minutes and 11 seconds,Zoila Salinas
Tink-a-Tako - Potranco,Norma Vasquez,301,11,Lobby,,9/17/25 2:23 PM,9/17/25 2:26 PM,3 minutes and 12 seconds,Zoila Salinas
Tink-a-Tako - Potranco,Sergio Abundiz,300,24,,2,9/17/25 2:22 PM,9/17/25 2:26 PM,4 minutes and 7 seconds,Zoila Salinas
Tink-a-Tako - Potranco,Sergio Abundiz,302,20,Lobby,,9/17/25 2:30 PM,9/17/25 2:38 PM,8 minutes and 10 seconds,Zoila Salinas
Tink-a-Tako - Potranco,Sergio Abundiz,302,20,Prep,,9/17/25 2:30 PM,9/17/25 2:38 PM,8 minutes and 10 seconds,Zoila Salinas
Tink-a-Tako - Potranco,Sergio Abundiz,302,20,Tortillero,,9/17/25 2:30 PM,9/17/25 2:38 PM,8 minutes and 10 seconds,Zoila Salinas
Tink-a-Tako - Potranco,Sergio Abundiz,302,20,,2,9/17/25 2:38 PM,9/17/25 2:43 PM,4 minutes and 41 seconds,Zoila Salinas
Tink-a-Tako - Potranco,Norma Vasquez,301,11,,2,9/17/25 2:26 PM,9/17/25 2:43 PM,16 minutes and 51 seconds,Zoila Salinas
Tink-a-Tako - Potranco,Sergio Abundiz,297,8,,2,9/17/25 2:21 PM,9/17/25 2:43 PM,22 minutes and 1 second,Zoila Salinas
Tink-a-Tako - Potranco,Norma Vasquez,288,24,,2,9/17/25 1:44 PM,9/17/25 2:43 PM,58 minutes and 46 seconds,Zoila Salinas
Tink-a-Tako - Potranco,Sergio Abundiz,290,25,,2,9/17/25 1:55 PM,9/17/25 2:43 PM,48 minutes and 8 seconds,Zoila Salinas
Tink-a-Tako - Potranco,Sergio Abundiz,292,3,,2,9/17/25 2:00 PM,9/17/25 2:43 PM,43 minutes and 12 seconds,Zoila Salinas
Tink-a-Tako - Potranco,Esperansa Caviedes,281,4,,2,9/17/25 1:24 PM,9/17/25 2:43 PM,"1 hour, 19 minutes and 3 seconds",Zoila Salinas
Tink-a-Tako - Potranco,Rosa Compean,287,32,,2,9/17/25 1:48 PM,9/17/25 2:43 PM,55 minutes and 6 seconds,Zoila Salinas
Tink-a-Tako - Potranco,Norma Vasquez,291,,,2,9/17/25 1:59 PM,9/17/25 2:43 PM,44 minutes and 12 seconds,Zoila Salinas
Tink-a-Tako - Potranco,Norma Vasquez,303,11,Lobby,,9/17/25 2:40 PM,9/17/25 2:44 PM,3 minutes and 38 seconds,Zoila Salinas
Tink-a-Tako - Potranco,Sergio Abundiz,300,24,Lobby,,9/17/25 2:49 PM,9/17/25 2:49 PM,22 seconds,Zoila Salinas
Tink-a-Tako - Potranco,Lizeth Alonso,304,,Lobby,,9/17/25 2:41 PM,9/17/25 2:50 PM,9 minutes and 17 seconds,Zoila Salinas
Tink-a-Tako - Potranco,Lizeth Alonso,306,,Lobby,,9/17/25 2:45 PM,9/17/25 2:50 PM,4 minutes and 51 seconds,Zoila Salinas
Tink-a-Tako - Potranco,Sergio Abundiz,305,7,Lobby,,9/17/25 2:45 PM,9/17/25 2:53 PM,8 minutes,Zoila Salinas
Tink-a-Tako - Potranco,Lizeth Alonso,309,,Lobby,,9/17/25 2:49 PM,9/17/25 2:53 PM,3 minutes and 39 seconds,Zoila Salinas
Tink-a-Tako - Potranco,Juan  Camacho,307,39,Lobby,,9/17/25 2:47 PM,9/17/25 2:57 PM,10 minutes and 27 seconds,Zoila Salinas
Tink-a-Tako - Potranco,Sergio Abundiz,305,7,Lobby,,9/17/25 2:54 PM,9/17/25 2:57 PM,3 minutes and 27 seconds,Zoila Salinas
Tink-a-Tako - Potranco,Norma Vasquez,308,11,Lobby,,9/17/25 2:49 PM,9/17/25 2:57 PM,7 minutes and 56 seconds,Zoila Salinas
Tink-a-Tako - Potranco,Lizeth Alonso,310,,Lobby,,9/17/25 2:52 PM,9/17/25 3:01 PM,8 minutes and 54 seconds,Zoila Salinas
Tink-a-Tako - Potranco,Norma Vasquez,313,11,Lobby,,9/17/25 3:04 PM,9/17/25 3:06 PM,1 minute and 19 seconds,Zoila Salinas
Tink-a-Tako - Potranco,Juan  Camacho,307,39,Lobby,,9/17/25 2:59 PM,9/17/25 3:06 PM,7 minutes and 2 seconds,Zoila Salinas
Tink-a-Tako - Potranco,Lizeth Alonso,311,,Lobby,,9/17/25 3:00 PM,9/17/25 3:10 PM,10 minutes and 51 seconds,Zoila Salinas
Tink-a-Tako - Potranco,Lizeth Alonso,312,,Lobby,,9/17/25 3:05 PM,9/17/25 3:12 PM,7 minutes and 8 seconds,Zoila Salinas
Tink-a-Tako - Potranco,Lizeth Alonso,314,,Lobby,,9/17/25 3:13 PM,9/17/25 3:19 PM,5 minutes and 48 seconds,Zoila Salinas
Tink-a-Tako - Potranco,Lizeth Alonso,315,,Lobby,,9/17/25 3:14 PM,9/17/25 3:19 PM,5 minutes and 12 seconds,Zoila Salinas
Tink-a-Tako - Potranco,Lizeth Alonso,314,,Prep,,9/17/25 3:13 PM,9/17/25 3:19 PM,5 minutes and 48 seconds,Zoila Salinas
Tink-a-Tako - Potranco,Sergio Abundiz,305,7,Lobby,,9/17/25 3:12 PM,9/17/25 3:20 PM,8 minutes,Zoila Salinas
Tink-a-Tako - Potranco,Juan  Camacho,317,37,Lobby,,9/17/25 3:16 PM,9/17/25 3:24 PM,7 minutes and 39 seconds,Zoila Salinas
Tink-a-Tako - Potranco,Juan  Camacho,319,25,Lobby,,9/17/25 3:25 PM,9/17/25 3:29 PM,3 minutes and 25 seconds,Zoila Salinas
Tink-a-Tako - Potranco,Mayra Luna,318,,Lobby,,9/17/25 3:25 PM,9/17/25 3:30 PM,4 minutes and 39 seconds,Zoila Salinas
Tink-a-Tako - Potranco,Lizeth Alonso,320,,Lobby,,9/17/25 3:30 PM,9/17/25 3:31 PM,1 minute and 53 seconds,Zoila Salinas
Tink-a-Tako - Potranco,Juan  Camacho,319,25,Lobby,,9/17/25 3:25 PM,9/17/25 3:36 PM,10 minutes and 54 seconds,Zoila Salinas
Tink-a-Tako - Potranco,Lizeth Alonso,321,,Lobby,,9/17/25 3:37 PM,9/17/25 3:42 PM,4 minutes and 52 seconds,Zoila Salinas
Tink-a-Tako - Potranco,Lizeth Alonso,321,,Prep,,9/17/25 3:37 PM,9/17/25 3:42 PM,4 minutes and 52 seconds,Zoila Salinas
Tink-a-Tako - Potranco,Juan  Camacho,317,37,Prep,,9/17/25 3:34 PM,9/17/25 3:45 PM,11 minutes and 17 seconds,Zoila Salinas
Tink-a-Tako - Potranco,Juan  Camacho,317,37,Lobby,,9/17/25 3:34 PM,9/17/25 3:45 PM,11 minutes and 17 seconds,Zoila Salinas
Tink-a-Tako - Potranco,Juan  Camacho,317,37,Tortillero,,9/17/25 3:34 PM,9/17/25 3:45 PM,11 minutes and 17 seconds,Zoila Salinas
Tink-a-Tako - Potranco,Juan  Camacho,322,16,Lobby,,9/17/25 3:45 PM,9/17/25 3:53 PM,8 minutes and 8 seconds,Zoila Salinas
Tink-a-Tako - Potranco,Lizeth Alonso,323,,Lobby,,9/17/25 3:46 PM,9/17/25 3:54 PM,8 minutes and 23 seconds,Zoila Salinas
Tink-a-Tako - Potranco,Juan  Camacho,324,26,Lobby,,9/17/25 3:48 PM,9/17/25 3:54 PM,6 minutes and 19 seconds,Zoila Salinas
Tink-a-Tako - Potranco,Juan  Camacho,319,25,Lobby,,9/17/25 3:56 PM,9/17/25 3:56 PM,11 seconds,Zoila Salinas
Tink-a-Tako - Potranco,Lizeth Alonso,325,,Lobby,,9/17/25 4:15 PM,9/17/25 4:23 PM,7 minutes and 47 seconds,Zoila Salinas
Tink-a-Tako - Potranco,Lizeth Alonso,326,,Lobby,,9/17/25 4:21 PM,9/17/25 4:23 PM,2 minutes,Zoila Salinas
Tink-a-Tako - Potranco,Sergio Abundiz,327,,Lobby,,9/17/25 4:27 PM,9/17/25 4:36 PM,8 minutes and 52 seconds,Zoila Salinas
Tink-a-Tako - Potranco,Lizeth Alonso,328,,Lobby,,9/17/25 4:29 PM,9/17/25 4:36 PM,7 minutes and 16 seconds,Zoila Salinas
Tink-a-Tako - Potranco,Juan  Camacho,331,17,Lobby,,9/17/25 4:50 PM,9/17/25 4:55 PM,5 minutes and 7 seconds,Zoila Salinas
Tink-a-Tako - Potranco,Lizeth Alonso,330,,Lobby,,9/17/25 4:46 PM,9/17/25 5:12 PM,25 minutes and 22 seconds,Zoila Salinas
Tink-a-Tako - Potranco,Lizeth Alonso,334,,Lobby,,9/17/25 5:08 PM,9/17/25 5:16 PM,7 minutes and 30 seconds,Zoila Salinas
Tink-a-Tako - Potranco,Lizeth Alonso,332,,Lobby,,9/17/25 5:08 PM,9/17/25 5:16 PM,8 minutes and 1 second,Zoila Salinas
Tink-a-Tako - Potranco,Sergio Abundiz,333,35,Lobby,,9/17/25 5:08 PM,9/17/25 5:17 PM,9 minutes and 31 seconds,Zoila Salinas
Tink-a-Tako - Potranco,Norma Vasquez,313,11,Lobby,,9/17/25 5:17 PM,9/17/25 5:25 PM,8 minutes and 17 seconds,Zoila Salinas
Tink-a-Tako - Potranco,Norma Vasquez,313,11,Prep,,9/17/25 5:17 PM,9/17/25 5:25 PM,8 minutes and 17 seconds,Zoila Salinas
Tink-a-Tako - Potranco,Sergio Abundiz,335,42,Lobby,,9/17/25 5:18 PM,9/17/25 5:27 PM,9 minutes and 2 seconds,Zoila Salinas
Tink-a-Tako - Potranco,Sergio Abundiz,335,42,Tortillero,,9/17/25 5:18 PM,9/17/25 5:27 PM,9 minutes and 2 seconds,Zoila Salinas
Tink-a-Tako - Potranco,Lizeth Alonso,336,,Lobby,,9/17/25 5:24 PM,9/17/25 5:28 PM,4 minutes and 31 seconds,Zoila Salinas
Tink-a-Tako - Potranco,Juan  Camacho,340,25,Lobby,,9/17/25 5:30 PM,9/17/25 5:31 PM,27 seconds,Zoila Salinas
Tink-a-Tako - Potranco,Juan  Camacho,340,25,Lobby,,9/17/25 5:29 PM,9/17/25 5:31 PM,1 minute and 43 seconds,Zoila Salinas
Tink-a-Tako - Potranco,Juan  Camacho,343,25,Lobby,,9/17/25 5:31 PM,9/17/25 5:33 PM,2 minutes and 10 seconds,Zoila Salinas
Tink-a-Tako - Potranco,Lizeth Alonso,337,,Lobby,,9/17/25 5:27 PM,9/17/25 5:36 PM,9 minutes and 8 seconds,Zoila Salinas
Tink-a-Tako - Potranco,Lizeth Alonso,338,,Lobby,,9/17/25 5:28 PM,9/17/25 5:36 PM,8 minutes and 15 seconds,Zoila Salinas
Tink-a-Tako - Potranco,Juan  Camacho,322,16,,2,9/17/25 3:53 PM,9/17/25 5:37 PM,"1 hour, 44 minutes and 9 seconds",Zoila Salinas
Tink-a-Tako - Potranco,Juan  Camacho,319,25,,2,9/17/25 3:56 PM,9/17/25 5:37 PM,"1 hour, 40 minutes and 40 seconds",Zoila Salinas
Tink-a-Tako - Potranco,Lizeth Alonso,323,,,2,9/17/25 3:54 PM,9/17/25 5:37 PM,"1 hour, 42 minutes and 54 seconds",Zoila Salinas
Tink-a-Tako - Potranco,Lizeth Alonso,325,,,2,9/17/25 4:23 PM,9/17/25 5:37 PM,"1 hour, 14 minutes and 8 seconds",Zoila Salinas
Tink-a-Tako - Potranco,Sergio Abundiz,333,35,,2,9/17/25 5:17 PM,9/17/25 5:37 PM,19 minutes and 50 seconds,Zoila Salinas
Tink-a-Tako - Potranco,Norma Vasquez,313,11,,2,9/17/25 5:25 PM,9/17/25 5:37 PM,11 minutes and 56 seconds,Zoila Salinas
Tink-a-Tako - Potranco,Sergio Abundiz,327,,,2,9/17/25 4:36 PM,9/17/25 5:37 PM,1 hour and 48 seconds,Zoila Salinas
Tink-a-Tako - Potranco,Juan  Camacho,317,37,,2,9/17/25 3:45 PM,9/17/25 5:37 PM,"1 hour, 51 minutes and 49 seconds",Zoila Salinas
Tink-a-Tako - Potranco,Juan  Camacho,324,26,,2,9/17/25 3:54 PM,9/17/25 5:37 PM,"1 hour, 42 minutes and 44 seconds",Zoila Salinas
Tink-a-Tako - Potranco,Juan  Camacho,319,25,,2,9/17/25 3:29 PM,9/17/25 5:37 PM,"2 hours, 8 minutes and 11 seconds",Zoila Salinas
Tink-a-Tako - Potranco,Juan  Camacho,331,17,,2,9/17/25 4:55 PM,9/17/25 5:37 PM,42 minutes and 7 seconds,Zoila Salinas
Tink-a-Tako - Potranco,Mayra Luna,318,,,2,9/17/25 3:30 PM,9/17/25 5:37 PM,"2 hours, 7 minutes and 8 seconds",Zoila Salinas
Tink-a-Tako - Potranco,Juan  Camacho,317,37,,2,9/17/25 3:24 PM,9/17/25 5:37 PM,"2 hours, 13 minutes and 24 seconds",Zoila Salinas
Tink-a-Tako - Potranco,Sergio Abundiz,335,42,,2,9/17/25 5:27 PM,9/17/25 5:37 PM,9 minutes and 56 seconds,Zoila Salinas
Tink-a-Tako - Potranco,Juan  Camacho,319,25,,2,9/17/25 3:36 PM,9/17/25 5:37 PM,2 hours and 55 seconds,Zoila Salinas
Tink-a-Tako - Potranco,Lizeth Alonso,357,,Lobby,,9/17/25 5:34 PM,9/17/25 5:43 PM,8 minutes and 54 seconds,Zoila Salinas
Tink-a-Tako - Potranco,Juan  Camacho,340,25,,2,9/17/25 5:31 PM,9/17/25 5:46 PM,14 minutes and 51 seconds,Zoila Salinas
Tink-a-Tako - Potranco,Juan  Camacho,343,25,,2,9/17/25 5:33 PM,9/17/25 5:46 PM,12 minutes and 35 seconds,Zoila Salinas
Tink-a-Tako - Potranco,Juan  Camacho,340,25,,2,9/17/25 5:31 PM,9/17/25 5:46 PM,14 minutes and 50 seconds,Zoila Salinas
Tink-a-Tako - Potranco,Sergio Abundiz,345,39,Lobby,,9/17/25 5:33 PM,9/17/25 5:47 PM,13 minutes and 55 seconds,Zoila Salinas
Tink-a-Tako - Potranco,Norma Vasquez,346,12,Lobby,,9/17/25 5:37 PM,9/17/25 5:52 PM,14 minutes and 45 seconds,Zoila Salinas
Tink-a-Tako - Potranco,Norma Vasquez,348,12,Lobby,,9/17/25 5:37 PM,9/17/25 5:52 PM,14 minutes and 47 seconds,Zoila Salinas
Tink-a-Tako - Potranco,Norma Vasquez,349,12,Lobby,,9/17/25 5:37 PM,9/17/25 5:52 PM,14 minutes and 48 seconds,Zoila Salinas
Tink-a-Tako - Potranco,Norma Vasquez,351,12,Lobby,,9/17/25 5:37 PM,9/17/25 5:52 PM,14 minutes and 50 seconds,Zoila Salinas
Tink-a-Tako - Potranco,Norma Vasquez,365,10,Lobby,,9/17/25 5:42 PM,9/17/25 5:52 PM,10 minutes and 31 seconds,Zoila Salinas
Tink-a-Tako - Potranco,Norma Vasquez,365,10,Tortillero,,9/17/25 5:42 PM,9/17/25 5:52 PM,10 minutes and 31 seconds,Zoila Salinas
Tink-a-Tako - Potranco,Norma Vasquez,359,10,Lobby,,9/17/25 5:42 PM,9/17/25 5:53 PM,11 minutes and 27 seconds,Zoila Salinas
Tink-a-Tako - Potranco,Norma Vasquez,352,12,Lobby,,9/17/25 5:37 PM,9/17/25 5:54 PM,16 minutes and 46 seconds,Zoila Salinas
Tink-a-Tako - Potranco,Norma Vasquez,350,12,Lobby,,9/17/25 5:37 PM,9/17/25 5:54 PM,16 minutes and 48 seconds,Zoila Salinas
Tink-a-Tako - Potranco,Lizeth Alonso,368,,Lobby,,9/17/25 5:42 PM,9/17/25 5:54 PM,12 minutes and 8 seconds,Zoila Salinas
Tink-a-Tako - Potranco,Juan  Camacho,343,25,Lobby,,9/17/25 5:48 PM,9/17/25 5:58 PM,10 minutes and 39 seconds,Zoila Salinas
Tink-a-Tako - Potranco,Juan  Camacho,343,25,Tortillero,,9/17/25 5:48 PM,9/17/25 5:58 PM,10 minutes and 39 seconds,Zoila Salinas
Tink-a-Tako - Potranco,Juan  Camacho,343,25,Lobby,,9/17/25 5:57 PM,9/17/25 5:58 PM,55 seconds,Zoila Salinas
Tink-a-Tako - Potranco,Norma Vasquez,367,10,Lobby,,9/17/25 5:42 PM,9/17/25 6:00 PM,18 minutes and 23 seconds,Zoila Salinas
Tink-a-Tako - Potranco,Norma Vasquez,367,10,Tortillero,,9/17/25 5:42 PM,9/17/25 6:00 PM,18 minutes and 23 seconds,Zoila Salinas
Tink-a-Tako - Potranco,Norma Vasquez,355,12,Lobby,,9/17/25 5:37 PM,9/17/25 6:04 PM,26 minutes and 44 seconds,Zoila Salinas
Tink-a-Tako - Potranco,Norma Vasquez,355,12,Tortillero,,9/17/25 5:37 PM,9/17/25 6:04 PM,26 minutes and 44 seconds,Zoila Salinas
Tink-a-Tako - Potranco,Norma Vasquez,360,10,Lobby,,9/17/25 5:42 PM,9/17/25 6:05 PM,23 minutes and 14 seconds,Zoila Salinas
Tink-a-Tako - Potranco,Norma Vasquez,354,12,Lobby,,9/17/25 5:37 PM,9/17/25 6:05 PM,28 minutes,Zoila Salinas
Tink-a-Tako - Potranco,Norma Vasquez,358,10,Lobby,,9/17/25 5:42 PM,9/17/25 6:05 PM,23 minutes and 17 seconds,Zoila Salinas
Tink-a-Tako - Potranco,Norma Vasquez,361,10,Lobby,,9/17/25 5:42 PM,9/17/25 6:05 PM,23 minutes and 19 seconds,Zoila Salinas
Tink-a-Tako - Potranco,Norma Vasquez,353,12,Lobby,,9/17/25 5:37 PM,9/17/25 6:05 PM,28 minutes and 2 seconds,Zoila Salinas
Tink-a-Tako - Potranco,Norma Vasquez,353,12,Tortillero,,9/17/25 5:37 PM,9/17/25 6:05 PM,28 minutes and 2 seconds,Zoila Salinas
Tink-a-Tako - Potranco,Norma Vasquez,362,10,Lobby,,9/17/25 5:42 PM,9/17/25 6:05 PM,23 minutes and 21 seconds,Zoila Salinas
Tink-a-Tako - Potranco,Norma Vasquez,366,10,Lobby,,9/17/25 5:42 PM,9/17/25 6:05 PM,23 minutes and 22 seconds,Zoila Salinas
Tink-a-Tako - Potranco,Lizeth Alonso,372,,Lobby,,9/17/25 5:55 PM,9/17/25 6:09 PM,13 minutes and 50 seconds,Zoila Salinas
Tink-a-Tako - Potranco,Lizeth Alonso,375,,Lobby,,9/17/25 5:59 PM,9/17/25 6:09 PM,10 minutes and 20 seconds,Zoila Salinas
Tink-a-Tako - Potranco,Juan  Camacho,373,25,Lobby,,9/17/25 5:56 PM,9/17/25 6:12 PM,16 minutes and 15 seconds,Zoila Salinas
Tink-a-Tako - Potranco,Juan  Camacho,370,40,Lobby,,9/17/25 5:43 PM,9/17/25 6:12 PM,29 minutes and 10 seconds,Zoila Salinas
Tink-a-Tako - Potranco,Juan  Camacho,369,40,Lobby,,9/17/25 5:42 PM,9/17/25 6:12 PM,30 minutes and 4 seconds,Zoila Salinas
Tink-a-Tako - Potranco,Lizeth Alonso,376,,Lobby,,9/17/25 6:00 PM,9/17/25 6:15 PM,14 minutes and 54 seconds,Zoila Salinas
Tink-a-Tako - Potranco,Sergio Abundiz,374,,Lobby,,9/17/25 6:00 PM,9/17/25 6:18 PM,18 minutes and 4 seconds,Zoila Salinas
Tink-a-Tako - Potranco,Sergio Abundiz,374,,Tortillero,,9/17/25 6:00 PM,9/17/25 6:18 PM,18 minutes and 4 seconds,Zoila Salinas
Tink-a-Tako - Potranco,Sergio Abundiz,374,,Prep,,9/17/25 6:00 PM,9/17/25 6:18 PM,18 minutes and 4 seconds,Zoila Salinas
Tink-a-Tako - Potranco,Sergio Abundiz,377,33,Lobby,,9/17/25 6:12 PM,9/17/25 6:21 PM,9 minutes and 13 seconds,Zoila Salinas
Tink-a-Tako - Potranco,Juan  Camacho,370,40,,2,9/17/25 6:12 PM,9/17/25 6:25 PM,12 minutes and 32 seconds,Zoila Salinas
Tink-a-Tako - Potranco,Juan  Camacho,369,40,,2,9/17/25 6:12 PM,9/17/25 6:25 PM,12 minutes and 31 seconds,Zoila Salinas
Tink-a-Tako - Potranco,Juan  Camacho,373,25,,2,9/17/25 6:12 PM,9/17/25 6:25 PM,12 minutes and 34 seconds,Zoila Salinas
Tink-a-Tako - Potranco,Sergio Abundiz,374,,,2,9/17/25 6:18 PM,9/17/25 6:25 PM,7 minutes and 9 seconds,Zoila Salinas
Tink-a-Tako - Potranco,Sergio Abundiz,377,33,,2,9/17/25 6:21 PM,9/17/25 6:25 PM,3 minutes and 28 seconds,Zoila Salinas
Tink-a-Tako - Potranco,Norma Vasquez,367,10,,2,9/17/25 6:00 PM,9/17/25 6:25 PM,24 minutes and 53 seconds,Zoila Salinas
Tink-a-Tako - Potranco,Norma Vasquez,365,10,,2,9/17/25 5:52 PM,9/17/25 6:25 PM,32 minutes and 48 seconds,Zoila Salinas
Tink-a-Tako - Potranco,Norma Vasquez,366,10,,2,9/17/25 6:05 PM,9/17/25 6:25 PM,19 minutes and 57 seconds,Zoila Salinas
Tink-a-Tako - Potranco,Juan  Camacho,343,25,,2,9/17/25 5:58 PM,9/17/25 6:25 PM,26 minutes and 41 seconds,Zoila Salinas
Tink-a-Tako - Potranco,Norma Vasquez,362,10,,2,9/17/25 6:05 PM,9/17/25 6:25 PM,20 minutes and 1 second,Zoila Salinas
Tink-a-Tako - Potranco,Norma Vasquez,361,10,,2,9/17/25 6:05 PM,9/17/25 6:25 PM,20 minutes and 4 seconds,Zoila Salinas
Tink-a-Tako - Potranco,Norma Vasquez,359,10,,2,9/17/25 5:53 PM,9/17/25 6:25 PM,31 minutes and 57 seconds,Zoila Salinas
Tink-a-Tako - Potranco,Norma Vasquez,360,10,,2,9/17/25 6:05 PM,9/17/25 6:25 PM,20 minutes and 11 seconds,Zoila Salinas
Tink-a-Tako - Potranco,Norma Vasquez,355,12,,2,9/17/25 6:04 PM,9/17/25 6:25 PM,21 minutes and 25 seconds,Zoila Salinas
Tink-a-Tako - Potranco,Norma Vasquez,358,10,,2,9/17/25 6:05 PM,9/17/25 6:25 PM,20 minutes and 11 seconds,Zoila Salinas
Tink-a-Tako - Potranco,Norma Vasquez,353,12,,2,9/17/25 6:05 PM,9/17/25 6:25 PM,20 minutes and 9 seconds,Zoila Salinas
Tink-a-Tako - Potranco,Juan  Camacho,343,25,,2,9/17/25 5:58 PM,9/17/25 6:25 PM,26 minutes and 52 seconds,Zoila Salinas
Tink-a-Tako - Potranco,Norma Vasquez,354,12,,2,9/17/25 6:05 PM,9/17/25 6:25 PM,20 minutes and 14 seconds,Zoila Salinas
Tink-a-Tako - Potranco,Norma Vasquez,350,12,,2,9/17/25 5:54 PM,9/17/25 6:25 PM,31 minutes and 28 seconds,Zoila Salinas
Tink-a-Tako - Potranco,Norma Vasquez,349,12,,2,9/17/25 5:52 PM,9/17/25 6:25 PM,33 minutes and 29 seconds,Zoila Salinas
Tink-a-Tako - Potranco,Norma Vasquez,346,12,,2,9/17/25 5:52 PM,9/17/25 6:25 PM,33 minutes and 34 seconds,Zoila Salinas
Tink-a-Tako - Potranco,Norma Vasquez,351,12,,2,9/17/25 5:52 PM,9/17/25 6:25 PM,33 minutes and 29 seconds,Zoila Salinas
Tink-a-Tako - Potranco,Sergio Abundiz,345,39,,2,9/17/25 5:47 PM,9/17/25 6:25 PM,38 minutes and 34 seconds,Zoila Salinas
Tink-a-Tako - Potranco,Sergio Abundiz,305,7,,2,9/17/25 3:20 PM,9/17/25 6:25 PM,"3 hours, 5 minutes and 11 seconds",Zoila Salinas
Tink-a-Tako - Potranco,Lizeth Alonso,378,,Lobby,,9/17/25 6:26 PM,9/17/25 6:29 PM,2 minutes and 24 seconds,Zoila Salinas
Tink-a-Tako - Potranco,Norma Vasquez,347,12,Lobby,,9/17/25 6:33 PM,9/17/25 6:33 PM,5 seconds,Zoila Salinas
Tink-a-Tako - Potranco,Norma Vasquez,347,12,,2,9/17/25 6:33 PM,9/17/25 6:33 PM,1 second,Zoila Salinas
Tink-a-Tako - Potranco,Lizeth Alonso,379,,Lobby,,9/17/25 6:30 PM,9/17/25 6:34 PM,3 minutes and 36 seconds,Zoila Salinas
Tink-a-Tako - Potranco,Norma Vasquez,359,10,Lobby,,9/17/25 6:36 PM,9/17/25 6:40 PM,3 minutes and 51 seconds,Zoila Salinas
Tink-a-Tako - Potranco,Lizeth Alonso,380,,Lobby,,9/17/25 6:51 PM,9/17/25 6:56 PM,5 minutes and 33 seconds,Zoila Salinas
Tink-a-Tako - Potranco,Lizeth Alonso,382,,Lobby,,9/17/25 6:52 PM,9/17/25 6:56 PM,3 minutes and 51 seconds,Zoila Salinas
Tink-a-Tako - Potranco,Lizeth Alonso,382,,Tortillero,,9/17/25 6:52 PM,9/17/25 6:56 PM,3 minutes and 51 seconds,Zoila Salinas
Tink-a-Tako - Potranco,Lizeth Alonso,382,,Prep,,9/17/25 6:52 PM,9/17/25 6:56 PM,3 minutes and 51 seconds,Zoila Salinas
Tink-a-Tako - Potranco,Norma Vasquez,387,12,Prep,,9/17/25 7:07 PM,9/17/25 7:07 PM,24 seconds,Zoila Salinas
Tink-a-Tako - Potranco,Norma Vasquez,387,12,Lobby,,9/17/25 7:07 PM,9/17/25 7:07 PM,24 seconds,Zoila Salinas
Tink-a-Tako - Potranco,Norma Vasquez,387,12,Tortillero,,9/17/25 7:07 PM,9/17/25 7:07 PM,24 seconds,Zoila Salinas
Tink-a-Tako - Potranco,Lizeth Alonso,383,,Lobby,,9/17/25 7:01 PM,9/17/25 7:09 PM,8 minutes and 36 seconds,Zoila Salinas
Tink-a-Tako - Potranco,Juan  Camacho,384,24,Lobby,,9/17/25 7:01 PM,9/17/25 7:10 PM,8 minutes and 43 seconds,Zoila Salinas
Tink-a-Tako - Potranco,Juan  Camacho,386,32,Lobby,,9/17/25 7:06 PM,9/17/25 7:12 PM,5 minutes and 45 seconds,Zoila Salinas
Tink-a-Tako - Potranco,Juan  Camacho,307,39,,2,9/17/25 2:57 PM,9/17/25 7:13 PM,"4 hours, 15 minutes and 58 seconds",Zoila Salinas
Tink-a-Tako - Potranco,Sergio Abundiz,300,24,,2,9/17/25 2:49 PM,9/17/25 7:13 PM,"4 hours, 24 minutes and 7 seconds",Zoila Salinas
Tink-a-Tako - Potranco,Norma Vasquez,303,11,,2,9/17/25 2:44 PM,9/17/25 7:13 PM,"4 hours, 29 minutes and 54 seconds",Zoila Salinas
Tink-a-Tako - Potranco,Sergio Abundiz,305,7,,2,9/17/25 2:53 PM,9/17/25 7:13 PM,"4 hours, 20 minutes and 31 seconds",Zoila Salinas
Tink-a-Tako - Potranco,Norma Vasquez,308,11,,2,9/17/25 2:57 PM,9/17/25 7:13 PM,"4 hours, 16 minutes and 1 second",Zoila Salinas
Tink-a-Tako - Potranco,Sergio Abundiz,305,7,,2,9/17/25 2:57 PM,9/17/25 7:13 PM,"4 hours, 16 minutes and 4 seconds",Zoila Salinas
Tink-a-Tako - Potranco,Juan  Camacho,307,39,,2,9/17/25 3:06 PM,9/17/25 7:13 PM,"4 hours, 7 minutes and 42 seconds",Zoila Salinas
Tink-a-Tako - Potranco,Norma Vasquez,313,11,,2,9/17/25 3:06 PM,9/17/25 7:13 PM,"4 hours, 7 minutes and 45 seconds",Zoila Salinas
Tink-a-Tako - Potranco,Norma Vasquez,352,12,,2,9/17/25 5:54 PM,9/17/25 7:14 PM,"1 hour, 19 minutes and 55 seconds",Zoila Salinas
Tink-a-Tako - Potranco,Norma Vasquez,348,12,,2,9/17/25 5:52 PM,9/17/25 7:13 PM,"1 hour, 21 minutes and 52 seconds",Zoila Salinas
Tink-a-Tako - Potranco,Norma Vasquez,359,10,,2,9/17/25 6:40 PM,9/17/25 7:14 PM,33 minutes and 38 seconds,Zoila Salinas
Tink-a-Tako - Potranco,Juan  Camacho,384,24,,2,9/17/25 7:10 PM,9/17/25 7:14 PM,3 minutes and 41 seconds,Zoila Salinas
Tink-a-Tako - Potranco,Juan  Camacho,386,32,,2,9/17/25 7:12 PM,9/17/25 7:14 PM,2 minutes and 6 seconds,Zoila Salinas
Tink-a-Tako - Potranco,Norma Vasquez,387,12,,2,9/17/25 7:07 PM,9/17/25 7:14 PM,6 minutes and 35 seconds,Zoila Salinas
Tink-a-Tako - Potranco,Lizeth Alonso,385,,Lobby,,9/17/25 7:03 PM,9/17/25 7:19 PM,15 minutes and 23 seconds,Zoila Salinas
Tink-a-Tako - Potranco,Sergio Abundiz,389,34,Lobby,,9/17/25 7:13 PM,9/17/25 7:25 PM,12 minutes and 31 seconds,Zoila Salinas
Tink-a-Tako - Potranco,Juan  Camacho,391,33,Lobby,,9/17/25 7:16 PM,9/17/25 7:26 PM,9 minutes and 20 seconds,Zoila Salinas
Tink-a-Tako - Potranco,Juan  Camacho,390,25,Lobby,,9/17/25 7:15 PM,9/17/25 7:26 PM,11 minutes and 53 seconds,Zoila Salinas
Tink-a-Tako - Potranco,Sergio Abundiz,392,37,Prep,,9/17/25 7:39 PM,9/17/25 7:51 PM,12 minutes and 16 seconds,Zoila Salinas
Tink-a-Tako - Potranco,Lizeth Alonso,393,,Lobby,,9/17/25 7:40 PM,9/17/25 7:51 PM,11 minutes and 42 seconds,Zoila Salinas
Tink-a-Tako - Potranco,Sergio Abundiz,392,37,Lobby,,9/17/25 7:39 PM,9/17/25 7:51 PM,12 minutes and 16 seconds,Zoila Salinas
Tink-a-Tako - Potranco,Sergio Abundiz,392,37,Tortillero,,9/17/25 7:39 PM,9/17/25 7:51 PM,12 minutes and 16 seconds,Zoila Salinas
Tink-a-Tako - Potranco,Norma Vasquez,395,12,Lobby,,9/17/25 7:44 PM,9/17/25 7:54 PM,10 minutes and 52 seconds,Zoila Salinas
Tink-a-Tako - Potranco,Juan  Camacho,394,31,Lobby,,9/17/25 7:43 PM,9/17/25 7:54 PM,11 minutes and 30 seconds,Zoila Salinas
Tink-a-Tako - Potranco,Sergio Abundiz,396,24,Lobby,,9/17/25 7:45 PM,9/17/25 7:54 PM,9 minutes and 31 seconds,Zoila Salinas
Tink-a-Tako - Potranco,Lizeth Alonso,398,,Lobby,,9/17/25 7:57 PM,9/17/25 8:07 PM,10 minutes and 53 seconds,Zoila Salinas
Tink-a-Tako - Potranco,Juan  Camacho,399,26,Lobby,,9/17/25 8:10 PM,9/17/25 8:24 PM,13 minutes and 33 seconds,Zoila Salinas
Tink-a-Tako - Potranco,Lizeth Alonso,398,,,2,9/17/25 8:07 PM,9/17/25 8:31 PM,23 minutes and 25 seconds,Zoila Salinas
Tink-a-Tako - Potranco,Sergio Abundiz,396,24,,2,9/17/25 7:54 PM,9/17/25 8:31 PM,36 minutes and 25 seconds,Zoila Salinas
Tink-a-Tako - Potranco,Juan  Camacho,394,31,,2,9/17/25 7:54 PM,9/17/25 8:31 PM,36 minutes and 27 seconds,Zoila Salinas
Tink-a-Tako - Potranco,Juan  Camacho,399,26,,2,9/17/25 8:24 PM,9/17/25 8:31 PM,6 minutes and 56 seconds,Zoila Salinas
Tink-a-Tako - Potranco,Sergio Abundiz,392,37,,2,9/17/25 7:51 PM,9/17/25 8:31 PM,39 minutes and 43 seconds,Zoila Salinas
Tink-a-Tako - Potranco,Sergio Abundiz,389,34,,2,9/17/25 7:25 PM,9/17/25 8:31 PM,"1 hour, 5 minutes and 37 seconds",Zoila Salinas
Tink-a-Tako - Potranco,Juan  Camacho,390,25,,2,9/17/25 7:26 PM,9/17/25 8:31 PM,"1 hour, 4 minutes and 29 seconds",Zoila Salinas
Tink-a-Tako - Potranco,Juan  Camacho,391,33,,2,9/17/25 7:26 PM,9/17/25 8:31 PM,"1 hour, 5 minutes and 22 seconds",Zoila Salinas
Tink-a-Tako - Potranco,Norma Vasquez,395,12,,2,9/17/25 7:54 PM,9/17/25 8:31 PM,36 minutes and 33 seconds,Zoila Salinas
Tink-a-Tako - Potranco,Norma Vasquez,400,18,Lobby,,9/17/25 8:25 PM,9/17/25 8:34 PM,8 minutes and 38 seconds,Zoila Salinas
Tink-a-Tako - Potranco,Juan  Camacho,399,26,Lobby,,9/17/25 8:25 PM,9/17/25 8:43 PM,17 minutes and 44 seconds,Zoila Salinas
Tink-a-Tako - Potranco,Lizeth Alonso,401,,Lobby,,9/17/25 8:42 PM,9/17/25 8:51 PM,8 minutes and 44 seconds,Zoila Salinas
