Employee,Job Title,Regular Hours,Overtime Hours,Hourly Rate,Regular Pay,Overtime Pay,Total Pay,Net Sales,Declared Tips,Non-Cash Tips,Total Tips,Tips Withheld,Total Gratuity,Employee ID,Job Code,Location,Location Code
"Abundiz, Ivana",Host,6.42,0.0,14.00,89.88,0.00,89.88,128.69,,4.00,4.00,0.00,0.00,,,Tink-a-Tako - Potranco,
"Abundiz, Sergio",Server,7.77,0.0,,,,,447.62,,55.00,55.00,0.00,0.00,,,Tink-a-Tako - Potranco,
"Alonso, Lizeth",Host,7.23,0.0,13.00,93.99,0.00,93.99,564.88,,30.41,30.41,0.00,0.00,,,Tink-a-Tako - Potranco,
"Alvarado, Rodolfo",Cook,8.32,0.0,17.00,141.44,0.00,141.44,0.00,,0.00,0.00,0.00,0.00,,,Tink-a-Tako - Potranco,
"Aviles, Genaro",Cook,10.65,0.0,15.00,159.75,0.00,159.75,0.00,,0.00,0.00,0.00,0.00,,,Tink-a-Tako - Potranco,
"Calderon, Jesus",Cook,6.98,0.0,,,,,0.00,,0.00,0.00,0.00,0.00,,,Tink-a-Tako - Potranco,
"Camacho, Juan ",Server,7.21,0.0,3.00,21.63,0.00,21.63,427.60,,48.00,48.00,0.00,0.00,,,Tink-a-Tako - Potranco,
"Caviedes, Esperansa",Server,6.4,0.0,3.00,19.20,0.00,19.20,740.56,,73.40,73.40,0.00,12.77,,,Tink-a-Tako - Potranco,
"Compean, Rosa",Server,6.36,0.0,3.00,19.08,0.00,19.08,732.50,,55.67,55.67,0.00,0.00,,,Tink-a-Tako - Potranco,
"Diaz, Diego",Cook,8.59,0.0,,,,,0.00,,0.00,0.00,0.00,0.00,,,Tink-a-Tako - Potranco,
"Gonzales (Line) , Maria",Cook,6.95,0.0,14.00,97.30,0.00,97.30,0.00,,0.00,0.00,0.00,0.00,,,Tink-a-Tako - Potranco,
"Gonzalez, Maria ",Tortillero,7.32,0.0,13.00,95.16,0.00,95.16,0.00,,0.00,0.00,0.00,0.00,,,Tink-a-Tako - Potranco,
"Luna, Mayra",Shift Manager / Assistant Manager,7.18,0.0,,,,,10.37,,0.00,0.00,0.00,0.00,1919,,Tink-a-Tako - Potranco,
"Ramirez Perez, Silvia",Cook,8.55,0.0,17.00,145.35,0.00,145.35,0.00,,0.00,0.00,0.00,0.00,,,Tink-a-Tako - Potranco,
"Rueda, Jonathan",Busser,5.01,0.0,12.00,60.12,0.00,60.12,0.00,,0.00,0.00,0.00,0.00,,,Tink-a-Tako - Potranco,
"Salinas, Zoila",Manager S.,20.88,0.0,18.75,391.50,0.00,391.50,0.00,0.00,0.00,0.00,0.00,0.00,,,Tink-a-Tako - Potranco,
"Serrato, Joshua ",Busser,5.19,0.0,12.00,62.28,0.00,62.28,0.00,,0.00,0.00,0.00,0.00,,,Tink-a-Tako - Potranco,
"Torres, Daniela",Drive-Thru,7.7,0.0,,,,,1764.71,0.00,46.93,46.93,0.00,0.00,,,Tink-a-Tako - Potranco,
"Trevino, Melissa",Dishwasher,6.96,0.0,13.00,90.48,0.00,90.48,0.00,,0.00,0.00,0.00,0.00,,,Tink-a-Tako - Potranco,
"Vasquez, Norma",Server,14.719999999999999,0.0,5.00,73.60,0.00,73.60,1398.33,,131.50,131.50,0.00,104.89,,,Tink-a-Tako - Potranco,
"huerta, Arturo ",Dishwasher,6.53,0.0,12.00,78.36,0.00,78.36,0.00,,0.00,0.00,0.00,0.00,,,Tink-a-Tako - Potranco,
