Employee,Job Title,Regular Hours,Overtime Hours,Hourly Rate,Regular Pay,Overtime Pay,Total Pay,Net Sales,Declared Tips,Non-Cash Tips,Total Tips,Tips Withheld,Total Gratuity,Employee ID,Job Code,Location,Location Code
"C, PM Cashier",Cashier,2.26,0.0,,,,,296.45,,11.46,11.46,0.00,0.00,,,2919 Blanco Rd,
"CASHIER, AM",General Manager,14.66,0.0,,,,,355.95,,13.52,13.52,0.00,0.00,,,2919 Blanco Rd,
"Franco , Eduardo ",Cook,13.65,0.0,14.00,191.10,0.00,191.10,0.00,,0.00,0.00,0.00,0.00,,,2919 Blanco Rd,
"Hernandez, Celinda",Cook,16.02,0.0,16.00,256.32,0.00,256.32,0.00,,0.00,0.00,0.00,0.00,,,2919 Blanco Rd,
"Hernandez, Fidelia ",Cook,8.89,0.0,14.00,124.46,0.00,124.46,0.00,,0.00,0.00,0.00,0.00,,,2919 Blanco Rd,
"Martinez , Sami",Server,14.95,0.0,3.00,44.85,0.00,44.85,1172.16,,94.28,94.28,0.00,0.00,,,2919 Blanco Rd,
"Martinez , Sami",Busser,0.0,0.0,11.00,0.00,0.00,0.00,0.00,,0.00,0.00,0.00,0.00,,,2919 Blanco Rd,
"Ovalle , Martina",Drive-Thru,13.15,0.0,,,,,1642.14,,51.10,51.10,0.00,0.00,,,2919 Blanco Rd,
"Salazar, Maria ",Shift Manager / Assistant Manager,8.58,0.0,,,,,0.00,,0.00,0.00,0.00,0.00,,,2919 Blanco Rd,
"Villalobos , Veronica ",Cook,8.28,0.0,14.00,115.92,0.00,115.92,0.00,,0.00,0.00,0.00,0.00,,,2919 Blanco Rd,
