,Location,Employee,Job Title,In Date,Shift Closed Date,Out Date,Hours,Cash Tips Decl.,Cash on Hand,Cash in Drawer,Non-Cash Tips,Cash Gratuity,Non-Cash Gratuity,Tips Withheld,Non-Cash Sales,Cash Sales,Total Sales,Cash Collected?,Tips Paid?,Open,Paid,Closed,Tip Share Total
800000029921009962,2919 Blanco Rd,AM CASHIER,General Manager,9/23/25 5:28 AM,9/23/25 2:09 PM,9/23/25 2:10 PM,8.70,,0.00,111.33,4.00,0.00,0.00,0.00,130.93,111.33,242.26,yes,yes,0,0,24,0.00
800000029921010737,2919 Blanco Rd,Martina Ovalle ,Shift Manager / Assistant Manager,9/23/25 5:28 AM,9/23/25 2:07 PM,9/23/25 2:15 PM,8.78,,0.00,126.98,35.00,0.00,0.00,0.00,237.64,126.98,364.62,yes,yes,0,0,35,0.00
800000029921093779,2919 Blanco Rd,Betty Salazar,Chef,9/23/25 5:54 AM,9/24/25 4:08 AM,9/23/25 2:00 PM,8.10,0.00,0.00,0.00,0.00,0.00,0.00,0.00,0.00,0.00,0.00,yes,yes,0,0,0,0.00
800000029921656010,2919 Blanco Rd,samantha lopez,Drive-Thru,9/23/25 7:14 AM,9/23/25 2:11 PM,9/23/25 2:19 PM,7.09,,0.00,555.95,38.55,0.00,0.00,0.00,837.91,555.95,1393.86,yes,yes,0,0,117,0.00
800000029922360966,2919 Blanco Rd,Mery Rodriguez,Server,9/23/25 8:06 AM,9/23/25 2:08 PM,9/23/25 2:08 PM,6.04,,0.00,219.93,35.00,0.00,0.00,0.00,252.51,219.93,472.44,yes,yes,0,0,23,0.00
800000029932295785,2919 Blanco Rd,Mery Rodriguez,Server,9/23/25 2:09 PM,9/23/25 7:51 PM,9/23/25 7:55 PM,5.78,,0.00,46.32,19.00,0.00,0.00,0.00,182.71,46.32,229.03,yes,yes,0,0,12,0.00
800000029932344067,2919 Blanco Rd,AM CASHIER,General Manager,9/23/25 2:10 PM,9/24/25 4:08 AM,9/24/25 4:00 AM,13.83,0.00,0.00,0.00,0.00,0.00,0.00,0.00,14.06,0.00,14.06,yes,yes,0,1,0,0.00
800000029932365162,2919 Blanco Rd,Maria  Salazar,Shift Manager / Assistant Manager,9/23/25 2:11 PM,9/23/25 7:40 PM,9/23/25 8:02 PM,5.85,,0.00,71.11,9.00,0.00,0.00,0.00,227.60,71.11,298.71,yes,yes,0,0,22,0.00
