Location,Order #,Opened,# of Guests,Server,Table,Discount Amount,Amount,Tax,Tip,Gratuity
Tink-a-Tako - Potranco,2,9/21/25 7:59 AM,1,Ivana Abundiz,,0.00,9.35,0.77,0.00,0.00
Tink-a-Tako - Potranco,3,9/21/25 8:01 AM,1,Ivana Abundiz,,0.00,1.99,0.16,0.00,0.00
Tink-a-Tako - Potranco,4,9/21/25 8:01 AM,1,Ivana Abundiz,,0.00,7.27,0.60,2.00,0.00
Tink-a-Tako - Potranco,7,9/21/25 8:07 AM,1,Ivana Abundiz,,0.00,17.78,1.47,2.00,0.00
Tink-a-Tako - Potranco,8,9/21/25 8:10 AM,1,Ivana Abundiz,,0.00,13.94,1.14,1.00,0.00
Tink-a-Tako - Potranco,10,9/21/25 8:11 AM,1,Esperansa Caviedes,18,0.00,10.97,0.91,0.00,0.00
Tink-a-Tako - Potranco,11,9/21/25 8:14 AM,1,Ivana Abundiz,,0.00,6.87,0.57,1.50,0.00
Tink-a-Tako - Potranco,12,9/21/25 8:14 AM,2,Maria Majana,17,0.00,23.21,1.92,7.00,0.00
Tink-a-Tako - Potranco,14,9/21/25 8:18 AM,1,Ivana Abundiz,,0.00,12.07,1.00,1.00,0.00
Tink-a-Tako - Potranco,13,9/21/25 8:17 AM,2,Sergio Abundiz,22,0.00,14.94,1.23,3.00,0.00
Tink-a-Tako - Potranco,15,9/21/25 8:19 AM,1,Ivana Abundiz,,0.00,3.98,0.32,1.00,0.00
Tink-a-Tako - Potranco,16,9/21/25 8:20 AM,1,Rosa Compean,33,0.00,14.97,1.24,0.00,0.00
Tink-a-Tako - Potranco,17,9/21/25 8:22 AM,1,Ivana Abundiz,,0.00,3.98,0.33,0.00,0.00
Tink-a-Tako - Potranco,18,9/21/25 8:24 AM,1,Ivana Abundiz,,0.00,11.56,0.96,1.00,0.00
Tink-a-Tako - Potranco,21,9/21/25 8:35 AM,1,Ivana Abundiz,,0.00,20.09,1.65,1.00,0.00
Tink-a-Tako - Potranco,20,9/21/25 8:35 AM,4,Silvia Hernandez,15,0.00,27.18,2.23,5.59,0.00
Tink-a-Tako - Potranco,22,9/21/25 8:40 AM,1,Daniela Torres,,0.00,6.47,0.54,0.00,0.00
Tink-a-Tako - Potranco,23,9/21/25 8:42 AM,1,Ivana Abundiz,,0.00,37.92,3.14,0.00,0.00
Tink-a-Tako - Potranco,24,9/21/25 8:44 AM,1,Ivana Abundiz,,0.00,11.77,0.97,0.00,0.00
Tink-a-Tako - Potranco,26,9/21/25 8:45 AM,1,Maria Majana,35,0.00,9.77,0.81,5.00,0.00
Tink-a-Tako - Potranco,25,9/21/25 8:45 AM,1,Daniela Torres,,0.00,58.70,4.84,0.00,0.00
Tink-a-Tako - Potranco,29,9/21/25 8:47 AM,1,Ivana Abundiz,,0.00,2.99,0.25,0.00,0.00
Tink-a-Tako - Potranco,27,9/21/25 8:47 AM,2,Isabel Cisneros,24,1.40,26.28,2.16,5.00,0.00
Tink-a-Tako - Potranco,32,9/21/25 8:48 AM,1,Ivana Abundiz,,0.00,5.44,0.44,2.00,0.00
Tink-a-Tako - Potranco,31,9/21/25 8:47 AM,1,Daniela Torres,,0.00,9.67,0.80,0.00,0.00
Tink-a-Tako - Potranco,28,9/21/25 8:47 AM,2,Esperansa Caviedes,25,0.00,20.33,1.66,0.00,0.00
Tink-a-Tako - Potranco,33,9/21/25 8:55 AM,1,Sergio Abundiz,,0.00,5.98,0.49,0.00,0.00
Tink-a-Tako - Potranco,34,9/21/25 8:55 AM,2,Silvia Hernandez,23,0.00,12.41,1.02,3.00,0.00
Tink-a-Tako - Potranco,9,9/21/25 8:10 AM,1,Rosa Compean,,0.00,0.00,0.00,0.00,0.00
Tink-a-Tako - Potranco,36,9/21/25 9:02 AM,2,Rosa Compean,7,0.00,28.33,2.36,0.00,0.00
Tink-a-Tako - Potranco,35,9/21/25 9:02 AM,7,Esperansa Caviedes,8,0.00,59.02,4.89,0.00,11.80
Tink-a-Tako - Potranco,37,9/21/25 9:03 AM,2,Maria Majana,11,0.00,11.98,0.99,2.40,0.00
Tink-a-Tako - Potranco,38,9/21/25 9:03 AM,2,Sergio Abundiz,32,0.00,19.53,1.61,0.00,0.00
Tink-a-Tako - Potranco,40,9/21/25 9:06 AM,1,Mayra Luna,,60.66,0.00,0.00,0.00,0.00
Tink-a-Tako - Potranco,41,9/21/25 9:08 AM,1,Daniela Torres,,0.00,18.56,1.53,3.00,0.00
Tink-a-Tako - Potranco,39,9/21/25 9:03 AM,1,Ivana Abundiz,,0.00,11.99,0.99,2.00,0.00
Tink-a-Tako - Potranco,43,9/21/25 9:13 AM,2,Isabel Cisneros,22,0.00,10.46,0.86,3.00,0.00
Tink-a-Tako - Potranco,44,9/21/25 9:14 AM,1,Ivana Abundiz,,0.00,13.57,1.13,0.00,0.00
Tink-a-Tako - Potranco,45,9/21/25 9:14 AM,3,Silvia Hernandez,18,0.00,24.16,1.99,6.00,0.00
Tink-a-Tako - Potranco,47,9/21/25 9:17 AM,2,Isabel Cisneros,41,0.00,30.80,2.54,5.00,0.00
Tink-a-Tako - Potranco,48,9/21/25 9:17 AM,2,Rosa Compean,33,0.00,21.33,1.77,3.00,0.00
Tink-a-Tako - Potranco,50,9/21/25 9:19 AM,1,Ivana Abundiz,,0.00,12.99,1.07,0.00,0.00
Tink-a-Tako - Potranco,49,9/21/25 9:18 AM,5,Sergio Abundiz,31,0.00,74.72,6.15,13.00,0.00
Tink-a-Tako - Potranco,52,9/21/25 9:20 AM,1,Ivana Abundiz,,0.00,11.17,0.91,1.00,0.00
Tink-a-Tako - Potranco,53,9/21/25 9:20 AM,1,Ivana Abundiz,,0.00,26.65,2.20,0.00,0.00
Tink-a-Tako - Potranco,56,9/21/25 9:22 AM,2,Maria Majana,37,0.00,22.42,1.85,10.00,0.00
Tink-a-Tako - Potranco,55,9/21/25 9:22 AM,5,Esperansa Caviedes,19,0.00,51.27,4.23,11.00,0.00
Tink-a-Tako - Potranco,58,9/21/25 9:25 AM,1,Ivana Abundiz,,0.00,19.62,1.62,0.00,0.00
Tink-a-Tako - Potranco,59,9/21/25 9:26 AM,2,Silvia Hernandez,36,0.00,14.36,1.19,0.00,0.00
Tink-a-Tako - Potranco,60,9/21/25 9:27 AM,1,Ivana Abundiz,,0.00,7.56,0.62,0.00,0.00
Tink-a-Tako - Potranco,61,9/21/25 9:28 AM,1,Ivana Abundiz,,0.00,18.31,1.51,0.00,0.00
Tink-a-Tako - Potranco,63,9/21/25 9:29 AM,2,Sergio Abundiz,17,0.00,30.75,2.55,6.70,0.00
Tink-a-Tako - Potranco,66,9/21/25 9:31 AM,4,Esperansa Caviedes,20,0.00,48.17,3.98,10.60,0.00
Tink-a-Tako - Potranco,67,9/21/25 9:31 AM,1,Ivana Abundiz,,0.00,20.20,1.66,0.00,0.00
Tink-a-Tako - Potranco,68,9/21/25 9:33 AM,1,Ivana Abundiz,,0.00,6.98,0.58,3.00,0.00
Tink-a-Tako - Potranco,70,9/21/25 9:33 AM,2,Isabel Cisneros,25,0.00,29.37,2.41,0.00,0.00
Tink-a-Tako - Potranco,69,9/21/25 9:33 AM,1,Ivana Abundiz,,0.00,12.74,1.05,2.00,0.00
Tink-a-Tako - Potranco,71,9/21/25 9:34 AM,1,Ivana Abundiz,,0.00,6.78,0.56,0.00,0.00
Tink-a-Tako - Potranco,72,9/21/25 9:36 AM,1,Ivana Abundiz,,0.00,24.43,2.02,0.00,0.00
Tink-a-Tako - Potranco,73,9/21/25 9:38 AM,2,Sergio Abundiz,39,0.00,57.36,4.72,12.00,0.00
Tink-a-Tako - Potranco,74,9/21/25 9:38 AM,1,Silvia Hernandez,,0.00,10.56,0.87,0.00,0.00
Tink-a-Tako - Potranco,76,9/21/25 9:40 AM,2,Rosa Compean,15,0.00,12.62,1.03,0.00,0.00
Tink-a-Tako - Potranco,75,9/21/25 9:40 AM,1,Ivana Abundiz,,0.00,10.27,0.85,0.00,0.00
Tink-a-Tako - Potranco,77,9/21/25 9:40 AM,1,Ivana Abundiz,,0.00,19.57,1.61,0.00,0.00
Tink-a-Tako - Potranco,78,9/21/25 9:41 AM,1,Ivana Abundiz,,0.00,21.64,1.79,0.00,0.00
Tink-a-Tako - Potranco,79,9/21/25 9:43 AM,1,Ivana Abundiz,,0.00,36.03,2.97,2.00,0.00
Tink-a-Tako - Potranco,80,9/21/25 9:46 AM,1,Maria Majana,,0.00,10.67,0.88,2.00,0.00
Tink-a-Tako - Potranco,81,9/21/25 9:47 AM,2,Rosa Compean,7,0.00,16.47,1.36,3.00,0.00
Tink-a-Tako - Potranco,82,9/21/25 9:47 AM,1,Ivana Abundiz,,0.00,4.98,0.41,0.00,0.00
Tink-a-Tako - Potranco,83,9/21/25 9:49 AM,1,Ivana Abundiz,,0.00,18.93,1.56,5.00,0.00
Tink-a-Tako - Potranco,84,9/21/25 9:50 AM,1,Ivana Abundiz,,0.00,6.37,0.53,0.00,0.00
Tink-a-Tako - Potranco,86,9/21/25 9:51 AM,3,Silvia Hernandez,23,0.00,61.31,5.06,7.00,0.00
Tink-a-Tako - Potranco,88,9/21/25 9:56 AM,1,Ivana Abundiz,,0.00,25.98,2.14,0.00,0.00
Tink-a-Tako - Potranco,89,9/21/25 9:56 AM,1,Ivana Abundiz,,0.00,16.35,1.35,0.00,0.00
Tink-a-Tako - Potranco,92,9/21/25 9:58 AM,1,Ivana Abundiz,,0.00,5.97,0.49,0.00,0.00
Tink-a-Tako - Potranco,90,9/21/25 9:57 AM,5,Rosa Compean,41,0.00,62.46,5.16,10.00,0.00
Tink-a-Tako - Potranco,87,9/21/25 9:55 AM,2,Maria Majana,11,0.00,60.58,5.00,10.00,0.00
Tink-a-Tako - Potranco,94,9/21/25 10:00 AM,2,Isabel Cisneros,24,0.00,24.60,2.04,5.00,0.00
Tink-a-Tako - Potranco,95,9/21/25 10:02 AM,1,Ivana Abundiz,,0.00,22.98,1.89,0.00,0.00
Tink-a-Tako - Potranco,96,9/21/25 10:03 AM,1,Ivana Abundiz,,0.00,10.97,0.90,0.00,0.00
Tink-a-Tako - Potranco,98,9/21/25 10:05 AM,2,Isabel Cisneros,18,0.00,35.15,2.89,6.00,0.00
Tink-a-Tako - Potranco,99,9/21/25 10:05 AM,2,Esperansa Caviedes,25,0.00,17.80,1.46,5.00,0.00
Tink-a-Tako - Potranco,97,9/21/25 10:05 AM,1,Ivana Abundiz,,0.00,12.76,1.04,0.00,0.00
Tink-a-Tako - Potranco,100,9/21/25 10:06 AM,2,Silvia Hernandez,32,0.00,18.45,1.53,0.00,0.00
Tink-a-Tako - Potranco,101,9/21/25 10:07 AM,5,Esperansa Caviedes,9,0.00,93.47,7.71,21.86,0.00
Tink-a-Tako - Potranco,103,9/21/25 10:07 AM,2,Esperansa Caviedes,10,0.00,28.26,2.34,0.00,0.00
Tink-a-Tako - Potranco,104,9/21/25 10:07 AM,1,Rosa Compean,17,0.00,33.17,2.73,0.00,0.00
Tink-a-Tako - Potranco,102,9/21/25 10:07 AM,1,Ivana Abundiz,,0.00,10.73,0.88,0.00,0.00
Tink-a-Tako - Potranco,105,9/21/25 10:09 AM,1,Ivana Abundiz,,0.00,3.58,0.30,0.00,0.00
Tink-a-Tako - Potranco,106,9/21/25 10:09 AM,2,Isabel Cisneros,16,0.00,24.54,2.04,3.00,0.00
Tink-a-Tako - Potranco,93,9/21/25 10:00 AM,6,Maria Majana,4,0.00,48.06,3.99,0.00,9.61
Tink-a-Tako - Potranco,109,9/21/25 10:10 AM,1,Ivana Abundiz,,0.00,5.48,0.46,1.00,0.00
Tink-a-Tako - Potranco,108,9/21/25 10:10 AM,3,Sergio Abundiz,33,0.00,32.59,2.70,10.00,0.00
Tink-a-Tako - Potranco,107,9/21/25 10:09 AM,5,Rosa Compean,22,0.00,52.57,4.34,5.00,0.00
Tink-a-Tako - Potranco,111,9/21/25 10:10 AM,3,Silvia Hernandez,36,0.00,31.79,2.61,5.60,0.00
Tink-a-Tako - Potranco,113,9/21/25 10:14 AM,1,Ivana Abundiz,,0.00,21.11,1.73,0.00,0.00
Tink-a-Tako - Potranco,114,9/21/25 10:15 AM,1,Ivana Abundiz,,0.00,10.46,0.86,0.68,0.00
Tink-a-Tako - Potranco,112,9/21/25 10:14 AM,4,Maria Majana,3,0.00,56.98,4.68,0.00,0.00
Tink-a-Tako - Potranco,116,9/21/25 10:18 AM,1,Ivana Abundiz,,0.00,4.49,0.37,0.00,0.00
Tink-a-Tako - Potranco,117,9/21/25 10:19 AM,1,Ivana Abundiz,,0.00,6.97,0.57,0.00,0.00
Tink-a-Tako - Potranco,118,9/21/25 10:20 AM,1,Ivana Abundiz,,0.00,10.97,0.91,0.00,0.00
Tink-a-Tako - Potranco,115,9/21/25 10:16 AM,2,Silvia Hernandez,1,0.00,24.34,2.01,3.00,0.00
Tink-a-Tako - Potranco,119,9/21/25 10:20 AM,2,Rosa Compean,35,0.00,21.53,1.79,3.00,0.00
Tink-a-Tako - Potranco,121,9/21/25 10:21 AM,2,Isabel Cisneros,40,0.58,8.18,0.68,3.00,0.00
Tink-a-Tako - Potranco,120,9/21/25 10:21 AM,2,Silvia Hernandez,20,0.00,31.21,2.57,6.87,0.00
Tink-a-Tako - Potranco,122,9/21/25 10:21 AM,2,Melissa Urena,26,0.00,23.77,1.96,5.00,0.00
Tink-a-Tako - Potranco,123,9/21/25 10:21 AM,1,Ivana Abundiz,,0.00,49.63,4.08,0.00,0.00
Tink-a-Tako - Potranco,124,9/21/25 10:22 AM,5,Esperansa Caviedes,31,0.00,71.36,5.90,0.00,0.00
Tink-a-Tako - Potranco,127,9/21/25 10:23 AM,2,Maria Majana,12,0.00,20.51,1.70,5.00,0.00
Tink-a-Tako - Potranco,125,9/21/25 10:23 AM,1,Ivana Abundiz,,0.00,12.07,1.00,0.00,0.00
Tink-a-Tako - Potranco,126,9/21/25 10:23 AM,1,Ivana Abundiz,,0.00,22.63,1.87,0.00,0.00
Tink-a-Tako - Potranco,128,9/21/25 10:25 AM,5,Sergio Abundiz,2,0.00,42.43,3.50,5.00,0.00
Tink-a-Tako - Potranco,129,9/21/25 10:27 AM,1,Ivana Abundiz,,0.00,17.94,1.48,0.00,0.00
Tink-a-Tako - Potranco,130,9/21/25 10:29 AM,1,Ivana Abundiz,,0.00,16.77,1.38,0.00,0.00
Tink-a-Tako - Potranco,132,9/21/25 10:31 AM,1,Daniela Torres,,0.00,12.45,1.03,0.00,0.00
Tink-a-Tako - Potranco,134,9/21/25 10:32 AM,2,Silvia Hernandez,24,0.00,19.43,1.60,0.00,0.00
Tink-a-Tako - Potranco,133,9/21/25 10:32 AM,4,Rosa Compean,34,0.00,51.42,4.22,14.36,0.00
Tink-a-Tako - Potranco,131,9/21/25 10:31 AM,1,Ivana Abundiz,,0.00,11.85,0.98,0.00,0.00
Tink-a-Tako - Potranco,135,9/21/25 10:34 AM,5,Isabel Cisneros,31,0.00,60.69,5.00,7.12,0.00
Tink-a-Tako - Potranco,141,9/21/25 10:35 AM,3,Sergio Abundiz,42,0.00,32.95,2.72,7.00,0.00
Tink-a-Tako - Potranco,140,9/21/25 10:35 AM,1,Ivana Abundiz,,0.00,26.80,2.20,0.00,0.00
Tink-a-Tako - Potranco,142,9/21/25 10:36 AM,1,Ivana Abundiz,,0.00,21.83,1.80,0.00,0.00
Tink-a-Tako - Potranco,143,9/21/25 10:37 AM,1,Ivana Abundiz,,0.00,35.56,2.93,0.00,0.00
Tink-a-Tako - Potranco,144,9/21/25 10:38 AM,1,Ivana Abundiz,,0.00,13.95,1.14,1.00,0.00
Tink-a-Tako - Potranco,146,9/21/25 10:39 AM,2,Melissa Urena,7,0.00,26.85,2.21,5.00,0.00
Tink-a-Tako - Potranco,147,9/21/25 10:40 AM,1,Ivana Abundiz,,0.00,33.50,2.76,0.00,0.00
Tink-a-Tako - Potranco,145,9/21/25 10:39 AM,7,Juan  Camacho,19,0.00,62.42,5.15,0.00,12.48
Tink-a-Tako - Potranco,148,9/21/25 10:41 AM,1,Ivana Abundiz,,0.00,27.29,2.25,1.00,0.00
Tink-a-Tako - Potranco,149,9/21/25 10:42 AM,1,Ivana Abundiz,,0.00,13.74,1.13,0.00,0.00
Tink-a-Tako - Potranco,150,9/21/25 10:42 AM,1,Ivana Abundiz,,0.00,9.27,0.77,0.00,0.00
Tink-a-Tako - Potranco,151,9/21/25 10:43 AM,1,Ivana Abundiz,,0.00,13.65,1.12,0.00,0.00
Tink-a-Tako - Potranco,154,9/21/25 10:45 AM,2,Juan  Camacho,17,0.00,72.92,6.00,20.00,0.00
Tink-a-Tako - Potranco,152,9/21/25 10:44 AM,3,Silvia Hernandez,18,0.00,48.27,3.99,20.00,0.00
Tink-a-Tako - Potranco,156,9/21/25 10:51 AM,6,Esperansa Caviedes,22,0.00,73.60,6.07,0.00,14.72
Tink-a-Tako - Potranco,158,9/21/25 10:53 AM,2,Rosa Compean,33,0.00,28.00,2.31,0.00,0.00
Tink-a-Tako - Potranco,157,9/21/25 10:52 AM,4,Maria Majana,10,0.00,27.40,2.26,4.11,0.00
Tink-a-Tako - Potranco,161,9/21/25 10:56 AM,2,Juan  Camacho,39,0.00,26.67,2.19,5.14,0.00
Tink-a-Tako - Potranco,160,9/21/25 10:56 AM,2,Sergio Abundiz,25,0.00,25.51,2.10,0.00,0.00
Tink-a-Tako - Potranco,162,9/21/25 10:57 AM,1,Ivana Abundiz,,0.00,17.53,1.44,2.00,0.00
Tink-a-Tako - Potranco,163,9/21/25 10:57 AM,1,Ivana Abundiz,,0.00,9.36,0.78,2.00,0.00
Tink-a-Tako - Potranco,164,9/21/25 10:58 AM,1,Ivana Abundiz,,0.00,7.56,0.62,0.00,0.00
Tink-a-Tako - Potranco,166,9/21/25 10:59 AM,1,Ivana Abundiz,,0.00,12.94,1.07,0.00,0.00
Tink-a-Tako - Potranco,167,9/21/25 10:59 AM,1,Ivana Abundiz,,0.00,15.05,1.25,1.00,0.00
Tink-a-Tako - Potranco,169,9/21/25 11:05 AM,2,Esperansa Caviedes,8,0.00,23.41,1.92,0.00,0.00
Tink-a-Tako - Potranco,168,9/21/25 11:04 AM,2,Melissa Urena,36,0.00,19.21,1.58,10.00,0.00
Tink-a-Tako - Potranco,171,9/21/25 11:10 AM,1,Ivana Abundiz,,0.00,16.46,1.35,2.00,0.00
Tink-a-Tako - Potranco,170,9/21/25 11:08 AM,2,Maria Majana,11,0.00,25.96,2.14,5.00,0.00
Tink-a-Tako - Potranco,172,9/21/25 11:10 AM,1,Ivana Abundiz,,0.00,28.69,2.37,0.00,0.00
Tink-a-Tako - Potranco,173,9/21/25 11:11 AM,1,Ivana Abundiz,,0.00,14.50,1.20,2.00,0.00
Tink-a-Tako - Potranco,176,9/21/25 11:12 AM,2,Isabel Cisneros,23,0.00,11.06,0.92,0.00,0.00
Tink-a-Tako - Potranco,175,9/21/25 11:12 AM,1,Melissa Urena,,0.00,13.56,1.11,0.00,0.00
Tink-a-Tako - Potranco,174,9/21/25 11:11 AM,1,Ivana Abundiz,,0.00,14.85,1.22,0.00,0.00
Tink-a-Tako - Potranco,177,9/21/25 11:14 AM,1,Ivana Abundiz,,0.00,12.15,1.00,1.00,0.00
Tink-a-Tako - Potranco,178,9/21/25 11:14 AM,2,Silvia Hernandez,35,0.00,25.66,2.12,5.00,0.00
Tink-a-Tako - Potranco,179,9/21/25 11:15 AM,1,Ivana Abundiz,,13.33,0.00,0.00,0.00,0.00
Tink-a-Tako - Potranco,180,9/21/25 11:16 AM,3,Rosa Compean,20,0.00,39.06,3.20,10.00,0.00
Tink-a-Tako - Potranco,181,9/21/25 11:16 AM,1,Ivana Abundiz,,0.00,20.37,1.68,2.00,0.00
Tink-a-Tako - Potranco,183,9/21/25 11:17 AM,4,Esperansa Caviedes,40,0.00,43.72,3.59,0.00,0.00
Tink-a-Tako - Potranco,185,9/21/25 11:19 AM,2,Isabel Cisneros,15,0.00,14.94,1.23,0.00,0.00
Tink-a-Tako - Potranco,186,9/21/25 11:20 AM,2,Juan  Camacho,12,0.00,18.51,1.53,4.07,0.00
Tink-a-Tako - Potranco,188,9/21/25 11:22 AM,1,Ivana Abundiz,,0.00,39.97,3.30,0.00,0.00
Tink-a-Tako - Potranco,190,9/21/25 11:22 AM,1,Daniela Torres,,0.00,14.75,1.20,1.00,0.00
Tink-a-Tako - Potranco,191,9/21/25 11:24 AM,1,Ivana Abundiz,,0.00,17.73,1.45,0.00,0.00
Tink-a-Tako - Potranco,187,9/21/25 11:21 AM,6,Sergio Abundiz,41,0.00,49.78,4.10,0.00,9.96
Tink-a-Tako - Potranco,193,9/21/25 11:25 AM,2,Rosa Compean,24,0.00,27.93,2.30,0.00,0.00
Tink-a-Tako - Potranco,194,9/21/25 11:28 AM,1,Ivana Abundiz,,0.00,13.34,1.10,2.00,0.00
Tink-a-Tako - Potranco,195,9/21/25 11:28 AM,1,Silvia Hernandez,16,0.00,7.18,0.60,0.00,0.00
Tink-a-Tako - Potranco,196,9/21/25 11:28 AM,1,Ivana Abundiz,,0.00,35.11,2.88,0.00,0.00
Tink-a-Tako - Potranco,198,9/21/25 11:31 AM,4,Melissa Urena,4,0.00,50.07,4.13,0.00,0.00
Tink-a-Tako - Potranco,197,9/21/25 11:31 AM,1,Ivana Abundiz,,0.00,15.54,1.28,0.00,0.00
Tink-a-Tako - Potranco,199,9/21/25 11:32 AM,1,Ivana Abundiz,,0.00,15.14,1.25,0.00,0.00
Tink-a-Tako - Potranco,201,9/21/25 11:33 AM,1,Esperansa Caviedes,26,0.00,12.98,1.07,5.00,0.00
Tink-a-Tako - Potranco,202,9/21/25 11:34 AM,2,Juan  Camacho,2,0.00,39.05,3.20,6.00,0.00
Tink-a-Tako - Potranco,200,9/21/25 11:33 AM,1,Ivana Abundiz,,0.00,10.76,0.88,0.00,0.00
Tink-a-Tako - Potranco,203,9/21/25 11:36 AM,1,Ivana Abundiz,,0.00,24.71,2.04,1.00,0.00
Tink-a-Tako - Potranco,204,9/21/25 11:37 AM,1,Ivana Abundiz,,0.00,26.56,2.19,0.00,0.00
Tink-a-Tako - Potranco,184,9/21/25 11:19 AM,3,Maria Majana,7,0.00,0.00,0.00,0.00,0.00
Tink-a-Tako - Potranco,206,9/21/25 11:37 AM,1,Ivana Abundiz,,0.00,25.54,2.11,0.00,0.00
Tink-a-Tako - Potranco,205,9/21/25 11:37 AM,1,Daniela Torres,,3.95,35.52,2.93,0.00,0.00
Tink-a-Tako - Potranco,208,9/21/25 11:38 AM,1,Ivana Abundiz,,0.00,18.68,1.54,0.00,0.00
Tink-a-Tako - Potranco,209,9/21/25 11:38 AM,2,Esperansa Caviedes,3,0.00,30.90,2.55,0.00,0.00
Tink-a-Tako - Potranco,210,9/21/25 11:39 AM,1,Ivana Abundiz,,0.00,6.87,0.57,0.00,0.00
Tink-a-Tako - Potranco,207,9/21/25 11:38 AM,2,Maria Majana,37,0.00,21.92,1.81,4.38,0.00
Tink-a-Tako - Potranco,211,9/21/25 11:41 AM,4,Melissa Urena,42,0.00,54.37,4.48,0.00,0.00
Tink-a-Tako - Potranco,214,9/21/25 11:43 AM,2,Silvia Hernandez,33,0.00,25.38,2.08,0.00,0.00
Tink-a-Tako - Potranco,216,9/21/25 11:43 AM,3,Sergio Abundiz,18,0.00,42.99,3.55,8.00,0.00
Tink-a-Tako - Potranco,213,9/21/25 11:42 AM,1,Maria Majana,36,0.00,7.38,0.61,4.00,0.00
Tink-a-Tako - Potranco,215,9/21/25 11:43 AM,4,Rosa Compean,39,0.00,59.69,4.92,12.00,0.00
Tink-a-Tako - Potranco,217,9/21/25 11:46 AM,6,Rosa Compean,9,0.00,84.53,7.00,0.00,16.91
Tink-a-Tako - Potranco,218,9/21/25 11:47 AM,4,Melissa Urena,19,0.00,69.95,5.76,20.00,0.00
Tink-a-Tako - Potranco,219,9/21/25 11:48 AM,3,Juan  Camacho,7,0.00,28.01,2.32,0.00,0.00
Tink-a-Tako - Potranco,220,9/21/25 11:48 AM,2,Esperansa Caviedes,21,0.00,29.98,2.47,5.00,0.00
Tink-a-Tako - Potranco,221,9/21/25 11:49 AM,3,Isabel Cisneros,32,0.00,27.03,2.22,4.00,0.00
Tink-a-Tako - Potranco,222,9/21/25 11:50 AM,1,Ivana Abundiz,,0.00,26.23,2.17,0.00,0.00
Tink-a-Tako - Potranco,223,9/21/25 11:51 AM,3,Rosa Compean,1,0.00,48.41,3.98,7.61,0.00
Tink-a-Tako - Potranco,224,9/21/25 11:51 AM,1,Ivana Abundiz,,0.00,9.16,0.76,0.00,0.00
Tink-a-Tako - Potranco,225,9/21/25 11:51 AM,2,Sergio Abundiz,10,0.00,19.91,1.64,5.00,0.00
Tink-a-Tako - Potranco,226,9/21/25 11:52 AM,1,Ivana Abundiz,,0.00,7.77,0.64,0.00,0.00
Tink-a-Tako - Potranco,228,9/21/25 11:53 AM,1,Daniela Torres,,0.00,7.07,0.58,0.00,0.00
Tink-a-Tako - Potranco,229,9/21/25 11:54 AM,1,Daniela Torres,,0.00,12.56,1.04,0.00,0.00
Tink-a-Tako - Potranco,230,9/21/25 11:54 AM,3,Esperansa Caviedes,34,0.00,36.03,2.96,0.00,0.00
Tink-a-Tako - Potranco,227,9/21/25 11:53 AM,2,Maria Majana,15,0.00,54.03,4.47,11.00,0.00
Tink-a-Tako - Potranco,231,9/21/25 11:55 AM,3,Isabel Cisneros,20,0.00,43.99,3.61,7.00,0.00
Tink-a-Tako - Potranco,233,9/21/25 11:57 AM,1,Ivana Abundiz,,0.00,23.10,1.91,0.00,0.00
Tink-a-Tako - Potranco,234,9/21/25 11:58 AM,2,Silvia Hernandez,35,0.00,26.10,2.15,0.00,0.00
Tink-a-Tako - Potranco,235,9/21/25 11:59 AM,2,Rosa Compean,22,0.00,39.53,3.26,0.00,0.00
Tink-a-Tako - Potranco,232,9/21/25 11:56 AM,4,Maria Majana,25,0.00,62.36,5.11,4.00,0.00
Tink-a-Tako - Potranco,236,9/21/25 12:02 PM,1,Maria Majana,,0.00,15.65,1.29,2.00,0.00
Tink-a-Tako - Potranco,237,9/21/25 12:03 PM,1,Ivana Abundiz,,0.00,4.30,0.35,0.00,0.00
Tink-a-Tako - Potranco,238,9/21/25 12:03 PM,2,Juan  Camacho,11,0.00,52.65,4.33,8.00,0.00
Tink-a-Tako - Potranco,239,9/21/25 12:03 PM,1,Ivana Abundiz,,0.00,16.94,1.40,0.00,0.00
Tink-a-Tako - Potranco,240,9/21/25 12:06 PM,1,Ivana Abundiz,,0.00,28.52,2.34,0.00,0.00
Tink-a-Tako - Potranco,241,9/21/25 12:07 PM,1,Ivana Abundiz,,0.00,14.63,1.21,0.00,0.00
Tink-a-Tako - Potranco,243,9/21/25 12:09 PM,2,Juan  Camacho,23,0.00,34.63,2.84,0.00,0.00
Tink-a-Tako - Potranco,242,9/21/25 12:09 PM,1,Ivana Abundiz,,0.00,28.52,2.36,0.00,0.00
Tink-a-Tako - Potranco,244,9/21/25 12:10 PM,4,Rosa Compean,12,0.00,30.03,2.47,6.00,0.00
Tink-a-Tako - Potranco,245,9/21/25 12:12 PM,2,Esperansa Caviedes,16,0.00,15.65,1.27,5.00,0.00
Tink-a-Tako - Potranco,246,9/21/25 12:12 PM,1,Ivana Abundiz,,0.00,20.97,1.73,1.00,0.00
Tink-a-Tako - Potranco,248,9/21/25 12:13 PM,1,Ivana Abundiz,,0.00,33.24,2.74,0.00,0.00
Tink-a-Tako - Potranco,249,9/21/25 12:14 PM,2,Isabel Cisneros,24,0.00,19.24,1.61,4.00,0.00
Tink-a-Tako - Potranco,251,9/21/25 12:17 PM,2,Maria Majana,21,0.00,9.96,0.82,2.00,0.00
Tink-a-Tako - Potranco,252,9/21/25 12:17 PM,1,Ivana Abundiz,,0.00,18.29,1.50,0.00,0.00
Tink-a-Tako - Potranco,254,9/21/25 12:18 PM,1,Ivana Abundiz,,0.00,40.83,3.37,4.00,0.00
Tink-a-Tako - Potranco,256,9/21/25 12:22 PM,2,Sergio Abundiz,40,0.00,20.96,1.73,4.00,0.00
Tink-a-Tako - Potranco,255,9/21/25 12:21 PM,1,Ivana Abundiz,,0.00,20.47,1.69,2.00,0.00
Tink-a-Tako - Potranco,257,9/21/25 12:24 PM,1,Melissa Urena,,0.00,2.39,0.20,0.00,0.00
Tink-a-Tako - Potranco,258,9/21/25 12:25 PM,1,Ivana Abundiz,,0.00,8.57,0.71,0.00,0.00
Tink-a-Tako - Potranco,261,9/21/25 12:26 PM,1,Silvia Hernandez,10,0.00,9.77,0.81,0.00,0.00
Tink-a-Tako - Potranco,259,9/21/25 12:25 PM,1,Daniela Torres,,0.00,5.50,0.45,0.00,0.00
Tink-a-Tako - Potranco,260,9/21/25 12:26 PM,1,Daniela Torres,,8.39,8.37,0.68,0.00,0.00
Tink-a-Tako - Potranco,262,9/21/25 12:26 PM,1,Ivana Abundiz,,0.00,7.68,0.63,0.00,0.00
Tink-a-Tako - Potranco,263,9/21/25 12:27 PM,1,Ivana Abundiz,,0.00,15.56,1.29,3.42,0.00
Tink-a-Tako - Potranco,264,9/21/25 12:27 PM,1,Daniela Torres,,0.00,27.81,2.28,0.00,0.00
Tink-a-Tako - Potranco,265,9/21/25 12:28 PM,1,Ivana Abundiz,,0.00,30.48,2.50,0.00,0.00
Tink-a-Tako - Potranco,266,9/21/25 12:28 PM,1,Daniela Torres,,0.00,22.77,1.88,0.00,0.00
Tink-a-Tako - Potranco,268,9/21/25 12:29 PM,1,Ivana Abundiz,,0.00,15.65,1.29,3.00,0.00
Tink-a-Tako - Potranco,269,9/21/25 12:31 PM,1,Ivana Abundiz,,0.00,7.96,0.66,0.00,0.00
Tink-a-Tako - Potranco,270,9/21/25 12:31 PM,1,Ivana Abundiz,,0.00,0.00,0.00,0.00,0.00
Tink-a-Tako - Potranco,271,9/21/25 12:32 PM,1,Isabel Cisneros,37,0.00,17.18,1.42,5.00,0.00
Tink-a-Tako - Potranco,273,9/21/25 12:34 PM,3,Rosa Compean,31,0.00,49.22,4.05,7.00,0.00
Tink-a-Tako - Potranco,274,9/21/25 12:35 PM,2,Esperansa Caviedes,32,0.00,15.77,1.30,0.00,0.00
Tink-a-Tako - Potranco,275,9/21/25 12:37 PM,2,Melissa Urena,36,0.00,25.43,2.09,0.00,0.00
Tink-a-Tako - Potranco,10001,9/21/25 12:38 PM,1,Melissa Urena,,0.00,30.24,2.48,20.00,0.00
Tink-a-Tako - Potranco,276,9/21/25 12:42 PM,1,Ivana Abundiz,,0.00,23.11,1.90,0.00,0.00
Tink-a-Tako - Potranco,278,9/21/25 12:43 PM,1,Ivana Abundiz,,0.00,11.76,0.98,0.00,0.00
Tink-a-Tako - Potranco,279,9/21/25 12:43 PM,1,Ivana Abundiz,,0.00,12.96,1.07,0.00,0.00
Tink-a-Tako - Potranco,280,9/21/25 12:44 PM,1,Ivana Abundiz,,0.00,22.98,1.90,0.00,0.00
Tink-a-Tako - Potranco,281,9/21/25 12:45 PM,1,Ivana Abundiz,,0.00,4.39,0.36,0.00,0.00
Tink-a-Tako - Potranco,277,9/21/25 12:42 PM,5,Maria Majana,42,0.00,43.03,3.53,5.00,0.00
Tink-a-Tako - Potranco,283,9/21/25 12:50 PM,2,Sergio Abundiz,12,0.00,13.98,1.16,0.00,0.00
Tink-a-Tako - Potranco,282,9/21/25 12:49 PM,1,Ivana Abundiz,,0.00,19.66,1.62,0.00,0.00
Tink-a-Tako - Potranco,284,9/21/25 12:55 PM,10,Juan  Camacho,3,0.00,85.88,7.09,0.00,17.18
Tink-a-Tako - Potranco,285,9/21/25 12:55 PM,1,Ivana Abundiz,,0.00,9.98,0.82,0.00,0.00
Tink-a-Tako - Potranco,286,9/21/25 12:58 PM,1,Ivana Abundiz,,0.00,20.74,1.71,0.00,0.00
Tink-a-Tako - Potranco,287,9/21/25 1:04 PM,2,Rosa Compean,18,0.00,25.22,2.08,5.00,0.00
Tink-a-Tako - Potranco,290,9/21/25 1:06 PM,1,Daniela Torres,,0.00,3.58,0.30,0.00,0.00
Tink-a-Tako - Potranco,291,9/21/25 1:06 PM,5,Isabel Cisneros,34,0.00,57.48,4.72,7.80,0.00
Tink-a-Tako - Potranco,292,9/21/25 1:06 PM,1,Ivana Abundiz,,0.00,18.34,1.51,0.00,0.00
Tink-a-Tako - Potranco,288,9/21/25 1:05 PM,8,Rosa Compean,22,0.00,94.06,7.75,5.00,18.81
Tink-a-Tako - Potranco,294,9/21/25 1:10 PM,1,Ivana Abundiz,,0.00,43.87,3.61,0.00,0.00
Tink-a-Tako - Potranco,293,9/21/25 1:09 PM,5,Sergio Abundiz,15,0.00,71.65,5.92,5.00,0.00
Tink-a-Tako - Potranco,296,9/21/25 1:15 PM,1,Ivana Abundiz,,0.00,26.73,2.21,3.00,0.00
Tink-a-Tako - Potranco,297,9/21/25 1:16 PM,4,Melissa Urena,20,0.00,35.04,2.87,5.00,0.00
Tink-a-Tako - Potranco,299,9/21/25 1:18 PM,3,Esperansa Caviedes,35,0.00,53.19,4.38,8.00,0.00
Tink-a-Tako - Potranco,300,9/21/25 1:25 PM,5,Juan  Camacho,31,53.36,0.00,0.00,0.00,0.00
Tink-a-Tako - Potranco,301,9/21/25 1:26 PM,1,Ivana Abundiz,,0.00,15.94,1.32,0.00,0.00
Tink-a-Tako - Potranco,304,9/21/25 1:28 PM,4,Silvia Hernandez,25,0.00,42.78,3.53,7.00,0.00
Tink-a-Tako - Potranco,302,9/21/25 1:27 PM,4,Maria Majana,37,0.00,50.05,4.13,7.51,0.00
Tink-a-Tako - Potranco,305,9/21/25 1:33 PM,3,Esperansa Caviedes,18,0.00,14.63,1.21,0.00,0.00
Tink-a-Tako - Potranco,309,9/21/25 1:34 PM,2,Melissa Urena,24,0.00,25.95,2.14,0.00,0.00
Tink-a-Tako - Potranco,306,9/21/25 1:33 PM,6,Rosa Compean,41,0.00,37.99,3.11,0.00,7.60
Tink-a-Tako - Potranco,307,9/21/25 1:34 PM,4,Isabel Cisneros,17,0.00,53.64,4.41,6.95,0.00
Tink-a-Tako - Potranco,311,9/21/25 1:35 PM,1,Ivana Abundiz,,0.00,15.42,1.27,0.00,0.00
Tink-a-Tako - Potranco,310,9/21/25 1:35 PM,1,Ivana Abundiz,,0.00,23.98,1.98,0.00,0.00
Tink-a-Tako - Potranco,313,9/21/25 1:39 PM,3,Sergio Abundiz,40,0.00,30.93,2.57,2.00,0.00
Tink-a-Tako - Potranco,314,9/21/25 1:39 PM,4,Rosa Compean,11,0.00,30.00,2.48,5.00,0.00
Tink-a-Tako - Potranco,316,9/21/25 1:41 PM,0,Rosa Compean,,0.00,0.00,0.00,0.00,0.00
Tink-a-Tako - Potranco,308,9/21/25 1:34 PM,3,Silvia Hernandez,32,0.00,49.24,4.05,0.00,0.00
Tink-a-Tako - Potranco,315,9/21/25 1:40 PM,3,Maria Majana,9,0.00,33.57,2.77,5.00,0.00
Tink-a-Tako - Potranco,312,9/21/25 1:35 PM,1,Ivana Abundiz,,0.00,5.97,0.49,0.00,0.00
Tink-a-Tako - Potranco,318,9/21/25 1:44 PM,2,Esperansa Caviedes,7,0.00,28.91,2.38,0.00,0.00
Tink-a-Tako - Potranco,319,9/21/25 1:49 PM,1,Ivana Abundiz,,0.00,11.77,0.97,0.00,0.00
Tink-a-Tako - Potranco,322,9/21/25 1:51 PM,1,Ivana Abundiz,,0.00,19.86,1.65,0.00,0.00
Tink-a-Tako - Potranco,324,9/21/25 1:52 PM,1,Ivana Abundiz,,0.00,5.58,0.46,0.00,0.00
Tink-a-Tako - Potranco,323,9/21/25 1:52 PM,3,Esperansa Caviedes,39,0.00,53.45,4.41,5.00,0.00
Tink-a-Tako - Potranco,325,9/21/25 1:53 PM,2,Juan  Camacho,36,0.00,40.44,3.34,5.00,0.00
Tink-a-Tako - Potranco,326,9/21/25 2:05 PM,1,Sergio Abundiz,,0.00,6.99,0.58,0.00,0.00
Tink-a-Tako - Potranco,327,9/21/25 2:06 PM,1,Ivana Abundiz,,0.00,12.99,1.07,1.00,0.00
Tink-a-Tako - Potranco,328,9/21/25 2:09 PM,3,Rosa Compean,3,1.30,46.76,3.84,0.00,0.00
Tink-a-Tako - Potranco,330,9/21/25 2:11 PM,8,Isabel Cisneros,9,0.00,111.84,9.24,0.00,22.37
Tink-a-Tako - Potranco,329,9/21/25 2:11 PM,4,Sergio Abundiz,34,0.00,70.72,5.81,5.00,0.00
Tink-a-Tako - Potranco,331,9/21/25 2:12 PM,1,Ivana Abundiz,,0.00,6.38,0.52,1.00,0.00
Tink-a-Tako - Potranco,332,9/21/25 2:19 PM,1,Daniela Torres,,0.00,17.99,1.48,0.00,0.00
Tink-a-Tako - Potranco,333,9/21/25 2:20 PM,1,Ivana Abundiz,,0.00,24.92,2.06,0.00,0.00
Tink-a-Tako - Potranco,334,9/21/25 2:25 PM,3,Rosa Compean,1,0.00,35.60,2.92,5.00,0.00
Tink-a-Tako - Potranco,335,9/21/25 2:26 PM,5,Rosa Compean,23,0.00,90.34,7.45,7.00,0.00
Tink-a-Tako - Potranco,337,9/21/25 2:29 PM,2,Silvia Hernandez,25,0.00,41.11,3.37,7.00,0.00
Tink-a-Tako - Potranco,338,9/21/25 2:30 PM,6,Rosa Compean,8,0.00,89.01,7.34,2.99,17.81
Tink-a-Tako - Potranco,340,9/21/25 2:32 PM,2,Isabel Cisneros,24,0.00,54.86,4.52,10.97,0.00
Tink-a-Tako - Potranco,339,9/21/25 2:30 PM,1,Ivana Abundiz,,0.00,55.95,4.61,0.00,0.00
Tink-a-Tako - Potranco,341,9/21/25 2:35 PM,4,Rosa Compean,32,0.00,43.51,3.58,0.00,0.00
Tink-a-Tako - Potranco,343,9/21/25 2:45 PM,1,Ivana Abundiz,,0.00,27.55,2.27,0.00,0.00
Tink-a-Tako - Potranco,344,9/21/25 2:52 PM,1,Ivana Abundiz,,0.00,9.27,0.77,0.00,0.00
