Employee,Job Title,Regular Hours,Overtime Hours,Hourly Rate,Regular Pay,Overtime Pay,Total Pay,Net Sales,Declared Tips,Non-Cash Tips,Total Tips,Tips Withheld,Total Gratuity,Employee ID,Job Code,Location,Location Code
"Abundiz, Ivana",Host,8.12,0.0,14.00,113.68,0.00,113.68,2221.44,,64.60,64.60,0.00,0.00,,,Tink-a-Tako - Potranco,
"Abundiz, Sergio",Server,0.0,8.7,,,,,664.67,,85.70,85.70,0.00,9.96,,,Tink-a-Tako - Potranco,
"Alonso, Lizeth",Host,1.39,5.91,13.00,18.07,115.25,133.32,0.00,,0.00,0.00,0.00,0.00,,,Tink-a-Tako - Potranco,
"Alvarado, Rodolfo",Cook,8.2,0.0,17.00,139.40,0.00,139.40,0.00,,0.00,0.00,0.00,0.00,,,Tink-a-Tako - Potranco,
"Calderon, Jesus",Cook,2.16,4.49,,,,,0.00,,0.00,0.00,0.00,0.00,,,Tink-a-Tako - Potranco,
"Camacho, Juan ",Server,0.0,6.04,3.00,0.00,27.18,27.18,461.18,,48.21,48.21,0.00,29.66,,,Tink-a-Tako - Potranco,
"Caviedes, Esperansa",Server,8.46,0.0,3.00,25.38,0.00,25.38,832.87,,76.46,76.46,0.00,26.52,,,Tink-a-Tako - Potranco,
"Cisneros, Isabel",Server,7.2,1.02,3.00,21.60,4.59,26.19,661.33,,82.84,82.84,0.00,22.37,,,Tink-a-Tako - Potranco,
"Compean, Rosa",Server,6.92,0.0,3.00,20.76,0.00,20.76,1213.76,0.00,110.96,110.96,0.00,61.13,,,Tink-a-Tako - Potranco,
"Diaz, Diego",Cook,0.0,9.03,,,,,0.00,,0.00,0.00,0.00,0.00,,,Tink-a-Tako - Potranco,
"Dominguez, Jose ",Cook,0.0,7.95,17.00,0.00,202.73,202.73,0.00,,0.00,0.00,0.00,0.00,,,Tink-a-Tako - Potranco,
"Gonzales (Line) , Maria",Cook,0.0,9.29,14.00,0.00,195.09,195.09,0.00,,0.00,0.00,0.00,0.00,,,Tink-a-Tako - Potranco,
"Hernandez, Silvia",Server,7.79,0.0,3.00,23.37,0.00,23.37,550.69,,76.06,76.06,0.00,0.00,,,Tink-a-Tako - Potranco,
"Luna, Mayra",Shift Manager / Assistant Manager,0.0,9.34,,,,,0.00,,0.00,0.00,0.00,0.00,1919,,Tink-a-Tako - Potranco,
"Majana, Maria",Server,4.06,3.28,3.00,12.18,14.76,26.94,615.49,,95.40,95.40,0.00,9.61,,,Tink-a-Tako - Potranco,
"Nanez Partida, Jose",Cook,9.1,0.0,15.00,136.50,0.00,136.50,0.00,,0.00,0.00,0.00,0.00,,,Tink-a-Tako - Potranco,
"Rueda, Jonathan",Busser,2.32,4.64,12.00,27.84,83.52,111.36,0.00,,0.00,0.00,0.00,0.00,,,Tink-a-Tako - Potranco,
"Salinas, Zoila",Manager S.,1.37,14.85,18.75,25.69,417.66,443.35,0.00,0.00,0.00,0.00,0.00,0.00,,,Tink-a-Tako - Potranco,
"Serrato, Joshua ",Busser,7.06,0.01,12.00,84.72,0.18,84.90,0.00,,0.00,0.00,0.00,0.00,,,Tink-a-Tako - Potranco,
"Torres, Daniela",Drive-Thru,0.0,6.81,,,,,261.77,,4.00,4.00,0.00,0.00,,,Tink-a-Tako - Potranco,
"Trevino, Melissa",Dishwasher,4.05,3.95,13.00,52.65,77.03,129.68,0.00,,0.00,0.00,0.00,0.00,,,Tink-a-Tako - Potranco,
"Urena, Melissa",Server,5.76,0.0,3.00,17.28,0.00,17.28,376.83,,65.00,65.00,0.00,0.00,,,Tink-a-Tako - Potranco,
"Zuniga, Sebastian",Cook,5.6,0.0,15.00,84.00,0.00,84.00,0.00,,0.00,0.00,0.00,0.00,,,Tink-a-Tako - Potranco,
"huerta, Arturo ",Dishwasher,0.0,8.12,12.00,0.00,146.16,146.16,0.00,,0.00,0.00,0.00,0.00,,,Tink-a-Tako - Potranco,
