Location,Server,Check #,Table,Station,Expediter Level,Fired Date,Fulfilled Date,Fulfillment Time,Fulfilled By
2919 Blanco Rd,Maria  Salazar,1,,,1,8/14/25 6:21 AM,8/14/25 7:05 AM,44 minutes and 20 seconds,Cinthia Patlan
2919 Blanco Rd,Maria  Salazar,32,25,,1,8/14/25 6:52 AM,8/14/25 7:05 AM,13 minutes and 2 seconds,Cinthia Patlan
2919 Blanco Rd,Maria  Salazar,23,,,1,8/14/25 6:40 AM,8/14/25 7:05 AM,25 minutes and 42 seconds,Cinthia Patlan
2919 Blanco Rd,Maria  Salazar,34,19,,1,8/14/25 6:59 AM,8/14/25 7:05 AM,6 minutes and 14 seconds,Cinthia Patlan
2919 Blanco Rd,Maria  Salazar,37,,,1,8/14/25 7:02 AM,8/14/25 7:05 AM,3 minutes and 8 seconds,Cinthia Patlan
2919 Blanco Rd,Maria  Salazar,29,4,,1,8/14/25 6:49 AM,8/14/25 7:05 AM,16 minutes and 10 seconds,Cinthia Patlan
2919 Blanco Rd,Maria  Salazar,36,14,,1,8/14/25 7:01 AM,8/14/25 7:05 AM,3 minutes and 59 seconds,Cinthia Patlan
2919 Blanco Rd,Maria  Salazar,36,14,,1,8/14/25 7:16 AM,8/14/25 7:27 AM,10 minutes and 32 seconds,Cinthia Patlan
2919 Blanco Rd,Maria  Salazar,35,11,,1,8/14/25 7:01 AM,8/14/25 7:27 AM,26 minutes and 4 seconds,Cinthia Patlan
2919 Blanco Rd,Maria  Salazar,47,,,1,8/14/25 7:14 AM,8/14/25 7:27 AM,12 minutes and 30 seconds,Cinthia Patlan
2919 Blanco Rd,Maria  Salazar,57,,,1,8/14/25 7:27 AM,8/14/25 7:35 AM,8 minutes and 17 seconds,Cinthia Patlan
2919 Blanco Rd,Maria  Salazar,56,,,1,8/14/25 7:26 AM,8/14/25 7:35 AM,9 minutes and 26 seconds,Cinthia Patlan
2919 Blanco Rd,Maria  Salazar,69,,,1,8/14/25 7:46 AM,8/14/25 8:12 AM,25 minutes and 57 seconds,Cinthia Patlan
2919 Blanco Rd,Martina Ovalle ,73,,,1,8/14/25 7:53 AM,8/14/25 8:12 AM,19 minutes and 20 seconds,Cinthia Patlan
2919 Blanco Rd,Maria  Salazar,65,,,1,8/14/25 7:42 AM,8/14/25 8:12 AM,30 minutes and 45 seconds,Cinthia Patlan
2919 Blanco Rd,Maria  Salazar,71,,,1,8/14/25 7:49 AM,8/14/25 8:12 AM,23 minutes and 25 seconds,Cinthia Patlan
2919 Blanco Rd,Maria  Salazar,65,,,1,8/14/25 6:21 AM,8/14/25 8:12 AM,"1 hour, 51 minutes and 11 seconds",Cinthia Patlan
2919 Blanco Rd,Maria  Salazar,74,,,1,8/14/25 7:55 AM,8/14/25 8:12 AM,17 minutes and 4 seconds,Cinthia Patlan
2919 Blanco Rd,Maria  Salazar,78,,,1,8/14/25 8:04 AM,8/14/25 8:12 AM,8 minutes and 44 seconds,Cinthia Patlan
2919 Blanco Rd,Maria  Salazar,82,,,1,8/14/25 8:06 AM,8/14/25 8:12 AM,6 minutes and 21 seconds,Cinthia Patlan
2919 Blanco Rd,Maria  Salazar,85,,,1,8/14/25 8:07 AM,8/14/25 8:13 AM,5 minutes and 21 seconds,Cinthia Patlan
2919 Blanco Rd,ADRIAN MORALES,91,6,,1,8/14/25 8:10 AM,8/14/25 8:24 AM,14 minutes and 7 seconds,Cinthia Patlan
2919 Blanco Rd,Maria  Salazar,83,,,1,8/14/25 8:07 AM,8/14/25 8:24 AM,17 minutes and 9 seconds,Cinthia Patlan
2919 Blanco Rd,Maria  Salazar,86,,,1,8/14/25 8:08 AM,8/14/25 8:24 AM,16 minutes and 13 seconds,Cinthia Patlan
2919 Blanco Rd,Maria  Salazar,100,,,1,8/14/25 8:19 AM,8/14/25 8:24 AM,5 minutes and 1 second,Cinthia Patlan
2919 Blanco Rd,Maria  Salazar,93,,,1,8/14/25 8:14 AM,8/14/25 8:24 AM,10 minutes and 21 seconds,Cinthia Patlan
2919 Blanco Rd,Maria  Salazar,96,,,1,8/14/25 8:18 AM,8/14/25 8:24 AM,6 minutes and 25 seconds,Cinthia Patlan
2919 Blanco Rd,Sami Martinez ,99,20,,1,8/14/25 8:19 AM,8/14/25 8:24 AM,5 minutes and 31 seconds,Cinthia Patlan
2919 Blanco Rd,ADRIAN MORALES,111,12,,1,8/14/25 8:36 AM,8/14/25 8:57 AM,20 minutes and 21 seconds,Cinthia Patlan
2919 Blanco Rd,Sami Martinez ,107,3,,1,8/14/25 8:30 AM,8/14/25 8:57 AM,26 minutes and 46 seconds,Cinthia Patlan
2919 Blanco Rd,ADRIAN MORALES,103,25,,1,8/14/25 8:26 AM,8/14/25 8:57 AM,30 minutes and 46 seconds,Cinthia Patlan
2919 Blanco Rd,Sami Martinez ,118,,,1,8/14/25 8:46 AM,8/14/25 8:57 AM,10 minutes and 52 seconds,Cinthia Patlan
2919 Blanco Rd,Sami Martinez ,118,,,1,8/14/25 8:44 AM,8/14/25 8:57 AM,13 minutes and 27 seconds,Cinthia Patlan
2919 Blanco Rd,Maria  Salazar,119,,,1,8/14/25 8:44 AM,8/14/25 8:57 AM,13 minutes and 43 seconds,Cinthia Patlan
2919 Blanco Rd,Martina Ovalle ,128,,,1,8/14/25 8:51 AM,8/14/25 8:57 AM,6 minutes and 6 seconds,Cinthia Patlan
2919 Blanco Rd,ADRIAN MORALES,127,17,,1,8/14/25 8:52 AM,8/14/25 8:58 AM,5 minutes and 56 seconds,Cinthia Patlan
2919 Blanco Rd,Sami Martinez ,136,6,,1,8/14/25 9:08 AM,8/14/25 9:10 AM,1 minute and 53 seconds,Cinthia Patlan
2919 Blanco Rd,Maria  Salazar,133,,,1,8/14/25 8:59 AM,8/14/25 9:10 AM,11 minutes and 1 second,Cinthia Patlan
2919 Blanco Rd,Sami Martinez ,126,4,,1,8/14/25 8:53 AM,8/14/25 9:10 AM,16 minutes and 52 seconds,Cinthia Patlan
2919 Blanco Rd,Maria  Salazar,142,,,1,8/14/25 9:24 AM,8/14/25 9:55 AM,31 minutes and 3 seconds,Cinthia Patlan
2919 Blanco Rd,Sami Martinez ,146,5,,1,8/14/25 9:28 AM,8/14/25 9:55 AM,27 minutes and 53 seconds,Cinthia Patlan
2919 Blanco Rd,ADRIAN MORALES,151,4,,1,8/14/25 9:39 AM,8/14/25 9:55 AM,16 minutes and 23 seconds,Cinthia Patlan
2919 Blanco Rd,ADRIAN MORALES,143,7,,1,8/14/25 9:25 AM,8/14/25 9:55 AM,30 minutes and 51 seconds,Cinthia Patlan
2919 Blanco Rd,Sami Martinez ,152,19,,1,8/14/25 9:45 AM,8/14/25 9:57 AM,12 minutes and 44 seconds,Cinthia Patlan
2919 Blanco Rd,ADRIAN MORALES,156,6,,1,8/14/25 9:48 AM,8/14/25 10:03 AM,15 minutes and 8 seconds,Cinthia Patlan
2919 Blanco Rd,Maria  Salazar,164,,,1,8/14/25 9:52 AM,8/14/25 10:03 AM,10 minutes and 49 seconds,Cinthia Patlan
2919 Blanco Rd,ADRIAN MORALES,163,8,,1,8/14/25 9:53 AM,8/14/25 10:03 AM,10 minutes and 39 seconds,Cinthia Patlan
2919 Blanco Rd,Maria  Salazar,165,,,1,8/14/25 9:56 AM,8/14/25 10:03 AM,7 minutes and 4 seconds,Cinthia Patlan
2919 Blanco Rd,Sami Martinez ,159,17,,1,8/14/25 9:52 AM,8/14/25 10:03 AM,10 minutes and 43 seconds,Cinthia Patlan
2919 Blanco Rd,Maria  Salazar,167,,,1,8/14/25 9:58 AM,8/14/25 10:03 AM,5 minutes and 37 seconds,Cinthia Patlan
2919 Blanco Rd,Maria  Salazar,174,,,1,8/14/25 10:11 AM,8/14/25 10:49 AM,37 minutes and 44 seconds,Cinthia Patlan
2919 Blanco Rd,Sami Martinez ,184,4,,1,8/14/25 10:23 AM,8/14/25 10:49 AM,25 minutes and 52 seconds,Cinthia Patlan
2919 Blanco Rd,Sami Martinez ,190,6,,1,8/14/25 10:41 AM,8/14/25 10:49 AM,7 minutes and 49 seconds,Cinthia Patlan
2919 Blanco Rd,Maria  Salazar,176,,,1,8/14/25 10:12 AM,8/14/25 10:49 AM,36 minutes and 32 seconds,Cinthia Patlan
2919 Blanco Rd,Maria  Salazar,186,,,1,8/14/25 10:25 AM,8/14/25 10:49 AM,23 minutes and 38 seconds,Cinthia Patlan
2919 Blanco Rd,Maria  Salazar,189,,,1,8/14/25 10:39 AM,8/14/25 10:49 AM,9 minutes and 42 seconds,Cinthia Patlan
2919 Blanco Rd,ADRIAN MORALES,188,15,,1,8/14/25 10:32 AM,8/14/25 10:49 AM,16 minutes and 37 seconds,Cinthia Patlan
2919 Blanco Rd,Sami Martinez ,184,4,,1,8/14/25 10:48 AM,8/14/25 10:49 AM,1 minute and 16 seconds,Cinthia Patlan
2919 Blanco Rd,Sami Martinez ,190,6,,1,8/14/25 10:44 AM,8/14/25 10:55 AM,11 minutes and 5 seconds,Cinthia Patlan
2919 Blanco Rd,Sami Martinez ,190,6,,1,8/14/25 11:09 AM,8/14/25 11:10 AM,1 minute and 17 seconds,Cinthia Patlan
2919 Blanco Rd,Martina Ovalle ,195,,,1,8/14/25 10:58 AM,8/14/25 11:17 AM,19 minutes and 27 seconds,Cinthia Patlan
2919 Blanco Rd,ADRIAN MORALES,202,3,,1,8/14/25 11:13 AM,8/14/25 11:17 AM,4 minutes and 2 seconds,Cinthia Patlan
2919 Blanco Rd,ADRIAN MORALES,220,13,,1,8/14/25 11:56 AM,8/14/25 12:04 PM,8 minutes and 18 seconds,Cinthia Patlan
2919 Blanco Rd,Sami Martinez ,217,22,,1,8/14/25 11:48 AM,8/14/25 12:05 PM,16 minutes and 44 seconds,Cinthia Patlan
2919 Blanco Rd,Sami Martinez ,222,25,,1,8/14/25 11:56 AM,8/14/25 12:05 PM,8 minutes and 45 seconds,Cinthia Patlan
2919 Blanco Rd,Sami Martinez ,213,8,,1,8/14/25 11:34 AM,8/14/25 12:05 PM,30 minutes and 52 seconds,Cinthia Patlan
2919 Blanco Rd,ADRIAN MORALES,214,20,,1,8/14/25 11:37 AM,8/14/25 12:05 PM,27 minutes and 50 seconds,Cinthia Patlan
2919 Blanco Rd,Maria  Salazar,218,,,1,8/14/25 11:48 AM,8/14/25 12:05 PM,17 minutes and 5 seconds,Cinthia Patlan
2919 Blanco Rd,Sami Martinez ,217,22,,1,8/14/25 11:58 AM,8/14/25 12:07 PM,9 minutes and 31 seconds,Cinthia Patlan
2919 Blanco Rd,Martina Ovalle ,223,,,1,8/14/25 11:57 AM,8/14/25 12:07 PM,10 minutes and 10 seconds,Cinthia Patlan
2919 Blanco Rd,ADRIAN MORALES,226,18,,1,8/14/25 12:00 PM,8/14/25 12:08 PM,7 minutes and 25 seconds,Cinthia Patlan
2919 Blanco Rd,Sami Martinez ,227,2,,1,8/14/25 12:04 PM,8/14/25 12:25 PM,20 minutes and 56 seconds,Cinthia Patlan
2919 Blanco Rd,Martina Ovalle ,230,,,1,8/14/25 12:11 PM,8/14/25 12:25 PM,13 minutes and 38 seconds,Cinthia Patlan
2919 Blanco Rd,Sami Martinez ,217,22,,1,8/14/25 12:07 PM,8/14/25 12:25 PM,17 minutes and 52 seconds,Cinthia Patlan
2919 Blanco Rd,ADRIAN MORALES,226,18,,1,8/14/25 12:12 PM,8/14/25 12:25 PM,12 minutes and 45 seconds,Cinthia Patlan
2919 Blanco Rd,Sami Martinez ,240,15,,1,8/14/25 12:25 PM,8/14/25 1:09 PM,44 minutes and 33 seconds,Cinthia Patlan
2919 Blanco Rd,Sami Martinez ,238,7,,1,8/14/25 12:23 PM,8/14/25 1:09 PM,46 minutes and 26 seconds,Cinthia Patlan
2919 Blanco Rd,Martina Ovalle ,230,,,1,8/14/25 12:24 PM,8/14/25 1:09 PM,45 minutes and 5 seconds,Cinthia Patlan
2919 Blanco Rd,ADRIAN MORALES,241,5,,1,8/14/25 12:25 PM,8/14/25 1:09 PM,44 minutes and 19 seconds,Cinthia Patlan
2919 Blanco Rd,ADRIAN MORALES,239,8,,1,8/14/25 12:23 PM,8/14/25 1:09 PM,46 minutes and 13 seconds,Cinthia Patlan
2919 Blanco Rd,Sami Martinez ,238,7,,1,8/14/25 12:29 PM,8/14/25 1:09 PM,40 minutes and 33 seconds,Cinthia Patlan
2919 Blanco Rd,ADRIAN MORALES,241,5,,1,8/14/25 12:42 PM,8/14/25 1:09 PM,27 minutes,Cinthia Patlan
2919 Blanco Rd,Martina Ovalle ,245,,,1,8/14/25 12:39 PM,8/14/25 1:09 PM,30 minutes and 45 seconds,Cinthia Patlan
2919 Blanco Rd,Maria  Salazar,248,,,1,8/14/25 12:42 PM,8/14/25 1:09 PM,27 minutes and 44 seconds,Cinthia Patlan
2919 Blanco Rd,ADRIAN MORALES,239,8,,1,8/14/25 12:47 PM,8/14/25 1:20 PM,32 minutes and 57 seconds,Cinthia Patlan
2919 Blanco Rd,Maria  Salazar,261,,,1,8/14/25 1:19 PM,8/14/25 1:20 PM,48 seconds,Cinthia Patlan
2919 Blanco Rd,Sami Martinez ,238,7,,1,8/14/25 12:50 PM,8/14/25 1:20 PM,29 minutes and 20 seconds,Cinthia Patlan
2919 Blanco Rd,AM CASHIER,260,8,,1,8/14/25 1:23 PM,8/14/25 1:44 PM,20 minutes and 40 seconds,Cinthia Patlan
2919 Blanco Rd,AM CASHIER,263,,,1,8/14/25 1:24 PM,8/14/25 1:44 PM,20 minutes and 13 seconds,Cinthia Patlan
2919 Blanco Rd,Sami Martinez ,272,7,,1,8/14/25 1:44 PM,8/14/25 1:44 PM,34 seconds,Cinthia Patlan
2919 Blanco Rd,Maria  Salazar,264,,,1,8/14/25 1:28 PM,8/14/25 1:44 PM,16 minutes and 16 seconds,Cinthia Patlan
2919 Blanco Rd,Maria  Salazar,277,,,1,8/14/25 1:57 PM,8/14/25 2:18 PM,21 minutes and 1 second,Cinthia Patlan
2919 Blanco Rd,AM CASHIER,284,,,1,8/14/25 2:17 PM,8/14/25 2:29 PM,12 minutes and 14 seconds,Cinthia Patlan
2919 Blanco Rd,AM CASHIER,285,,,1,8/14/25 2:24 PM,8/14/25 2:29 PM,5 minutes and 55 seconds,Cinthia Patlan
2919 Blanco Rd,Sami Martinez ,287,9,,1,8/14/25 2:32 PM,8/14/25 2:37 PM,4 minutes and 44 seconds,Cinthia Patlan
2919 Blanco Rd,Sami Martinez ,288,1,,1,8/14/25 2:45 PM,8/14/25 3:00 PM,15 minutes and 7 seconds,Cinthia Patlan
2919 Blanco Rd,Sami Martinez ,287,9,,1,8/14/25 2:45 PM,8/14/25 3:00 PM,14 minutes and 25 seconds,Cinthia Patlan
2919 Blanco Rd,Maria  Salazar,295,,,1,8/14/25 3:20 PM,8/14/25 3:53 PM,33 minutes and 9 seconds,Cinthia Patlan
2919 Blanco Rd,Sami Martinez ,291,4,,1,8/14/25 3:09 PM,8/14/25 3:53 PM,44 minutes and 28 seconds,Cinthia Patlan
2919 Blanco Rd,Sami Martinez ,298,6,,1,8/14/25 3:31 PM,8/14/25 3:53 PM,21 minutes and 45 seconds,Cinthia Patlan
2919 Blanco Rd,Sami Martinez ,291,4,,1,8/14/25 3:42 PM,8/14/25 3:53 PM,11 minutes and 36 seconds,Cinthia Patlan
2919 Blanco Rd,Sami Martinez ,313,5,,1,8/14/25 4:42 PM,8/14/25 4:53 PM,10 minutes and 4 seconds,Cinthia Patlan
2919 Blanco Rd,Sami Martinez ,305,16,,1,8/14/25 4:09 PM,8/14/25 4:53 PM,43 minutes and 17 seconds,Cinthia Patlan
2919 Blanco Rd,Sami Martinez ,301,7,,1,8/14/25 3:50 PM,8/14/25 4:53 PM,"1 hour, 2 minutes and 59 seconds",Cinthia Patlan
2919 Blanco Rd,AM CASHIER,309,,,1,8/14/25 4:25 PM,8/14/25 4:53 PM,27 minutes and 27 seconds,Cinthia Patlan
2919 Blanco Rd,Sami Martinez ,305,16,,1,8/14/25 4:50 PM,8/14/25 4:53 PM,2 minutes and 55 seconds,Cinthia Patlan
2919 Blanco Rd,Sami Martinez ,313,5,,1,8/14/25 4:52 PM,8/14/25 4:53 PM,7 seconds,Cinthia Patlan
2919 Blanco Rd,Sami Martinez ,313,5,,1,8/14/25 5:22 PM,8/14/25 5:32 PM,10 minutes and 12 seconds,Cinthia Patlan
2919 Blanco Rd,AM CASHIER,314,,,1,8/14/25 5:16 PM,8/14/25 5:32 PM,15 minutes and 34 seconds,Cinthia Patlan
2919 Blanco Rd,Sami Martinez ,323,15,,1,8/14/25 5:21 PM,8/14/25 5:32 PM,10 minutes and 52 seconds,Cinthia Patlan
2919 Blanco Rd,Sami Martinez ,321,9,,1,8/14/25 5:19 PM,8/14/25 5:33 PM,14 minutes and 43 seconds,Cinthia Patlan
2919 Blanco Rd,Sami Martinez ,326,4,,1,8/14/25 5:39 PM,8/14/25 6:14 PM,34 minutes and 41 seconds,Cinthia Patlan
2919 Blanco Rd,Sami Martinez ,326,4,,1,8/14/25 5:43 PM,8/14/25 6:14 PM,31 minutes and 23 seconds,Cinthia Patlan
2919 Blanco Rd,AM CASHIER,332,,,1,8/14/25 6:35 PM,8/14/25 6:39 PM,3 minutes and 36 seconds,Cinthia Patlan
2919 Blanco Rd,AM CASHIER,334,,,1,8/14/25 6:51 PM,8/14/25 8:12 PM,"1 hour, 21 minutes and 12 seconds",Cinthia Patlan
2919 Blanco Rd,AM CASHIER,335,,,1,8/14/25 7:11 PM,8/14/25 8:12 PM,1 hour and 26 seconds,Cinthia Patlan
