Employee,Job Title,Regular Hours,Overtime Hours,Hourly Rate,Regular Pay,Overtime Pay,Total Pay,Net Sales,Declared Tips,Non-Cash Tips,Total Tips,Tips Withheld,Total Gratuity,Employee ID,Job Code,Location,Location Code
"CASHIER, AM",General Manager,14.41,0.0,,,,,119.84,0.00,10.00,10.00,0.00,0.00,,,2919 Blanco Rd,
"Franco, Fidel",Cook,7.37,0.0,13.00,95.81,0.00,95.81,0.00,,0.00,0.00,0.00,0.00,,,2919 Blanco Rd,
"Hernandez, Celinda",Cook,9.11,0.0,16.00,145.76,0.00,145.76,0.00,,0.00,0.00,0.00,0.00,,,2919 Blanco Rd,
"Hernandez, Fidelia ",Cook,7.46,0.0,14.00,104.44,0.00,104.44,0.00,,0.00,0.00,0.00,0.00,,,2919 Blanco Rd,
"MORALES, ADRIAN",Server,6.26,0.0,3.00,18.78,0.00,18.78,244.10,,12.00,12.00,0.00,0.00,,,2919 Blanco Rd,
"Martinez , Sami",Server,7.68,5.25,3.00,23.04,23.63,46.67,600.68,,28.00,28.00,0.00,14.02,,,2919 Blanco Rd,
"Ovalle , Martina",Drive-Thru,7.85,0.0,,,,,1587.77,,42.97,42.97,0.00,0.00,,,2919 Blanco Rd,
"Pena , Vilma",Cook,8.19,0.0,14.00,114.66,0.00,114.66,0.00,,0.00,0.00,0.00,0.00,,,2919 Blanco Rd,
"Salazar, Maria ",Shift Manager / Assistant Manager,7.62,0.0,,,,,580.85,,47.00,47.00,0.00,0.00,,,2919 Blanco Rd,
"Salazar, Maria ",Drive-Thru,7.53,0.0,12.00,90.36,0.00,90.36,455.55,,16.00,16.00,0.00,0.00,,,2919 Blanco Rd,
"Villalobos , Veronica ",Cook,6.66,0.0,14.00,93.24,0.00,93.24,0.00,,0.00,0.00,0.00,0.00,,,2919 Blanco Rd,
"santander, yerlinson",Cook,7.11,0.0,14.00,99.54,0.00,99.54,0.00,,0.00,0.00,0.00,0.00,,,2919 Blanco Rd,
