Employee,Job Title,In Date,Out Date,Auto Clock-out,Total Hours,Unpaid Break Time,Paid Break Time,Payable Hours
"Hernandez, Celinda",Cook,8/23/25 4:58 AM,8/23/25 1:35 PM,No,8.63,0.00,0.00,8.63
"Pena , Vilma",Cook,8/23/25 5:54 AM,8/23/25 2:07 PM,No,8.22,0.00,0.00,8.22
"Salazar, Maria ",Shift Manager / Assistant Manager,8/23/25 5:55 AM,8/23/25 2:02 PM,No,8.11,0.00,0.00,8.11
"C, PM Cashier",Cashier,8/23/25 6:04 AM,8/23/25 8:05 PM,No,14.01,0.00,0.00,14.01
"Hernandez, Fidelia ",Cook,8/23/25 6:08 AM,8/23/25 1:57 PM,No,7.81,0.00,0.00,7.81
"Franco , Eduardo ",Server,8/23/25 6:15 AM,8/23/25 8:27 PM,No,14.20,0.00,0.00,14.20
"Martinez , Sami",Server,8/23/25 9:05 AM,8/23/25 9:05 AM,No,0.00,0.00,0.00,0.00
"Martinez , Sami",Busser,8/23/25 9:05 AM,8/23/25 12:56 PM,No,3.84,0.00,0.00,3.84
"Villalobos , Veronica ",Cook,8/23/25 9:15 AM,8/23/25 8:30 PM,No,11.25,0.00,0.00,11.25
"lopez, samantha",Drive-Thru,8/23/25 9:33 AM,8/23/25 1:04 PM,No,3.52,0.00,0.00,3.52
"Melendez, Ninoska",Tortillero/a,8/23/25 12:06 PM,8/23/25 8:31 PM,No,8.41,0.00,0.00,8.41
"lopez, samantha",Drive-Thru,8/23/25 1:04 PM,8/23/25 8:25 PM,No,7.35,0.00,0.00,7.35
"CASHIER, AM",General Manager,8/23/25 8:07 PM,8/23/25 8:07 PM,No,0.01,0.00,0.00,0.01
