Location,Order #,Opened Date,Server,Table,Discount Name,Discount Reason,Comment,Discount Amount
Tink-a-Tako - Potranco,294,9/1/25 1:44 PM,Esperansa Caviedes,38,Open % Item,,,2.60
Tink-a-Tako - Potranco,272,9/1/25 1:00 PM,Silvia Hernandez,39,Open % Item,,,0.40
Tink-a-Tako - Potranco,272,9/1/25 1:00 PM,Silvia Hernandez,39,Open % Item,,,0.46
Tink-a-Tako - Potranco,272,9/1/25 1:00 PM,Silvia Hernandez,39,Open % Item,,,1.50
Tink-a-Tako - Potranco,238,9/1/25 12:16 PM,Ivana Abundiz,,Military Discount,,,0.44
Tink-a-Tako - Potranco,238,9/1/25 12:16 PM,Ivana Abundiz,,Military Discount,,,0.20
Tink-a-Tako - Potranco,238,9/1/25 12:16 PM,Ivana Abundiz,,Military Discount,,,0.40
Tink-a-Tako - Potranco,238,9/1/25 12:16 PM,Ivana Abundiz,,Military Discount,,,0.18
Tink-a-Tako - Potranco,234,9/1/25 12:08 PM,Esperansa Caviedes,12,Open % Item,,,0.60
Tink-a-Tako - Potranco,234,9/1/25 12:08 PM,Esperansa Caviedes,12,Open % Item,,,2.60
Tink-a-Tako - Potranco,234,9/1/25 12:08 PM,Esperansa Caviedes,12,Open % Item,,,0.80
Tink-a-Tako - Potranco,214,9/1/25 11:42 AM,Ivana Abundiz,,Military Discount,,,1.44
Tink-a-Tako - Potranco,214,9/1/25 11:42 AM,Ivana Abundiz,,Military Discount,,,0.88
Tink-a-Tako - Potranco,214,9/1/25 11:42 AM,Ivana Abundiz,,Military Discount,,,0.18
Tink-a-Tako - Potranco,140,9/1/25 10:25 AM,Ivana Abundiz,,Open % Check,,,7.29
Tink-a-Tako - Potranco,64,9/1/25 8:58 AM,Candy  Del angel ,,Open % Check,,,0.20
Tink-a-Tako - Potranco,50,9/1/25 8:46 AM,Candy  Del angel ,,Open % Check,,,0.92
Tink-a-Tako - Potranco,45,9/1/25 8:39 AM,Esperansa Caviedes,12,Open % Item,,,0.60
Tink-a-Tako - Potranco,45,9/1/25 8:39 AM,Esperansa Caviedes,12,Open % Item,,,0.28
Tink-a-Tako - Potranco,45,9/1/25 8:39 AM,Esperansa Caviedes,12,Open % Item,,,0.80
Tink-a-Tako - Potranco,45,9/1/25 8:39 AM,Esperansa Caviedes,12,Open % Item,,,0.36
Tink-a-Tako - Potranco,45,9/1/25 8:39 AM,Esperansa Caviedes,12,Open % Item,,,0.88
Tink-a-Tako - Potranco,45,9/1/25 8:39 AM,Esperansa Caviedes,12,Open % Item,,,0.60
Tink-a-Tako - Potranco,41,9/1/25 8:31 AM,Ivana Abundiz,,Employee Discount - Check,Employee Discount,Meseras,15.98
