Employee,Job Title,In Date,Out Date,Auto Clock-out,Total Hours,Unpaid Break Time,Paid Break Time,Payable Hours
"Aviles, Genaro",Cook,9/1/25 5:29 AM,9/1/25 2:54 PM,No,9.41,0.00,0.00,9.41
"Ramirez Perez, Silvia",Cook,9/1/25 5:29 AM,9/1/25 2:14 PM,No,8.75,0.00,0.00,8.75
"Diaz, Diego",Cook,9/1/25 5:31 AM,9/1/25 2:43 PM,No,9.19,0.00,0.00,9.19
"Majana, Maria",Server,9/1/25 6:04 AM,9/1/25 2:14 PM,No,8.17,0.00,0.00,8.17
"Del angel , Candy ",Drive-Thru,9/1/25 6:11 AM,9/1/25 2:24 PM,No,8.21,0.00,0.00,8.21
"Brito, Victor ",Regular,9/1/25 6:54 AM,9/1/25 2:48 PM,No,7.91,0.00,0.00,7.91
"Dominguez, Jose ",Cook,9/1/25 6:57 AM,9/1/25 2:40 PM,No,7.72,0.00,0.00,7.72
"ORDONEZ, Rosie ",Shift Manager / Assistant Manager,9/1/25 6:57 AM,9/1/25 2:40 PM,No,7.72,0.00,0.00,7.72
"Caviedes, Esperansa",Server,9/1/25 7:50 AM,9/1/25 2:36 PM,No,6.78,0.00,0.00,6.78
"Abundiz, Ivana",Host,9/1/25 7:56 AM,9/1/25 2:10 PM,No,6.24,0.00,0.00,6.24
"Gonzales (Line) , Maria",Cook,9/1/25 7:58 AM,9/1/25 2:17 PM,No,6.32,0.00,0.00,6.32
"Hernandez, Silvia",Server,9/1/25 8:02 AM,9/1/25 2:19 PM,No,6.28,0.00,0.00,6.28
"Zuniga, Sebastian",Cook,9/1/25 8:32 AM,9/1/25 2:14 PM,No,5.71,0.00,0.00,5.71
"Serrato, Joshua ",Busser,9/1/25 8:52 AM,9/1/25 2:28 PM,No,5.59,0.00,0.00,5.59
"Abundiz, Sergio",Dishwasher,9/1/25 9:30 AM,9/1/25 2:42 PM,No,5.21,0.00,0.00,5.21
