Location,Order #,Opened,# of Guests,Server,Table,Discount Amount,Amount,Tax,Tip,Gratuity
12060 Potranco Road,2,9/27/25 6:30 AM,1,Melissa  Urena,,0.00,7.17,0.59,0.00,0.00
12060 Potranco Road,3,9/27/25 6:31 AM,1,Melissa  Urena,,5.55,4.07,0.34,2.00,0.00
12060 Potranco Road,4,9/27/25 6:37 AM,1,Melissa  Urena,,0.00,3.99,0.33,0.00,0.00
12060 Potranco Road,5,9/27/25 6:37 AM,1,Melissa  Urena,,0.00,5.97,0.49,0.00,0.00
12060 Potranco Road,8,9/27/25 7:13 AM,1,Melissa  Urena,,5.95,13.49,1.11,0.00,0.00
12060 Potranco Road,9,9/27/25 7:25 AM,1,Melissa  Urena,,0.00,28.76,2.37,0.00,0.00
12060 Potranco Road,10,9/27/25 7:27 AM,1,Melissa  Urena,,0.00,28.70,2.37,2.00,0.00
12060 Potranco Road,11,9/27/25 7:29 AM,1,Melissa  Urena,,0.00,12.97,1.07,0.00,0.00
12060 Potranco Road,12,9/27/25 7:30 AM,1,Melissa  Urena,,0.00,16.91,1.40,0.00,0.00
12060 Potranco Road,14,9/27/25 7:37 AM,1,Sugey Cabrera,22,0.00,5.98,0.50,0.00,0.00
12060 Potranco Road,13,9/27/25 7:36 AM,2,Lizbeth Garcia,31,0.00,31.94,2.63,7.00,0.00
12060 Potranco Road,15,9/27/25 7:38 AM,1,Sugey Cabrera,,0.00,10.16,0.84,0.00,0.00
12060 Potranco Road,17,9/27/25 7:47 AM,1,Melissa  Urena,,0.00,15.97,1.32,2.00,0.00
12060 Potranco Road,16,9/27/25 7:47 AM,3,Lizbeth Garcia,16,0.76,17.19,1.41,0.00,0.00
12060 Potranco Road,18,9/27/25 7:54 AM,1,Melissa  Urena,,0.00,7.96,0.66,0.00,0.00
12060 Potranco Road,19,9/27/25 7:57 AM,1,Melissa  Urena,,0.00,31.52,2.61,0.00,0.00
12060 Potranco Road,21,9/27/25 7:59 AM,1,Melissa  Urena,,0.00,12.45,1.03,0.00,0.00
12060 Potranco Road,23,9/27/25 8:05 AM,1,Melissa  Urena,,0.00,10.07,0.84,0.00,0.00
12060 Potranco Road,24,9/27/25 8:05 AM,1,Melissa  Urena,,6.15,47.63,3.94,0.00,0.00
12060 Potranco Road,26,9/27/25 8:07 AM,1,Lizbeth Garcia,,0.00,0.00,0.00,0.00,0.00
12060 Potranco Road,27,9/27/25 8:08 AM,1,Brianna Aragon,,0.68,14.60,1.20,0.00,0.00
12060 Potranco Road,28,9/27/25 8:08 AM,1,Melissa  Urena,,0.00,6.28,0.52,0.00,0.00
12060 Potranco Road,31,9/27/25 8:11 AM,1,Melissa  Urena,,0.00,18.73,1.54,2.00,0.00
12060 Potranco Road,29,9/27/25 8:09 AM,4,Lizbeth Garcia,27,0.00,24.12,1.99,6.00,0.00
12060 Potranco Road,33,9/27/25 8:14 AM,1,Melissa  Urena,,0.00,21.03,1.74,0.00,0.00
12060 Potranco Road,32,9/27/25 8:14 AM,2,Sugey Cabrera,11,0.00,19.03,1.56,0.00,0.00
12060 Potranco Road,34,9/27/25 8:15 AM,1,Brianna Aragon,,65.25,0.00,0.00,0.00,0.00
12060 Potranco Road,35,9/27/25 8:16 AM,1,Sugey Cabrera,29,0.00,29.15,2.41,5.44,0.00
12060 Potranco Road,36,9/27/25 8:17 AM,1,Melissa  Urena,,0.00,0.00,0.00,0.00,0.00
12060 Potranco Road,37,9/27/25 8:17 AM,1,Melissa  Urena,,0.00,8.37,0.68,0.00,0.00
12060 Potranco Road,38,9/27/25 8:21 AM,2,Leticia Roman,5,0.00,50.12,4.15,0.00,0.00
12060 Potranco Road,39,9/27/25 8:23 AM,1,Melissa  Urena,,0.00,20.88,1.73,0.00,0.00
12060 Potranco Road,40,9/27/25 8:25 AM,1,Melissa  Urena,,0.00,30.22,2.50,3.00,0.00
12060 Potranco Road,41,9/27/25 8:32 AM,1,Lisa Velasquez,21,0.00,13.26,1.10,3.00,0.00
12060 Potranco Road,42,9/27/25 8:35 AM,1,Melissa  Urena,,0.00,16.23,1.33,5.00,0.00
12060 Potranco Road,43,9/27/25 8:36 AM,2,Sugey Cabrera,14,0.00,25.35,2.10,5.00,0.00
12060 Potranco Road,44,9/27/25 8:37 AM,1,Melissa  Urena,,0.00,30.99,2.56,0.00,0.00
12060 Potranco Road,45,9/27/25 8:38 AM,1,Melissa  Urena,,0.00,9.99,0.82,0.00,0.00
12060 Potranco Road,46,9/27/25 8:41 AM,3,Leticia Roman,23,0.00,40.51,3.34,0.00,0.00
12060 Potranco Road,47,9/27/25 8:43 AM,1,Sugey Cabrera,11,3.99,0.00,0.00,0.00,0.00
12060 Potranco Road,49,9/27/25 8:47 AM,1,Melissa  Urena,,0.00,26.23,2.15,0.00,0.00
12060 Potranco Road,48,9/27/25 8:46 AM,6,Lizbeth Garcia,37,0.00,74.98,6.19,0.00,0.00
12060 Potranco Road,51,9/27/25 8:52 AM,1,Melissa  Urena,,0.00,38.91,3.20,0.00,0.00
12060 Potranco Road,52,9/27/25 8:53 AM,1,Melissa  Urena,,0.00,21.31,1.75,2.00,0.00
12060 Potranco Road,50,9/27/25 8:51 AM,1,Brianna Aragon,,0.00,9.06,0.75,1.00,0.00
12060 Potranco Road,54,9/27/25 8:56 AM,1,Melissa  Urena,,0.00,3.99,0.33,0.00,0.00
12060 Potranco Road,53,9/27/25 8:56 AM,1,Brianna Aragon,,0.00,16.25,1.34,0.00,0.00
12060 Potranco Road,56,9/27/25 8:56 AM,1,Melissa  Urena,,0.00,21.61,1.78,0.00,0.00
12060 Potranco Road,58,9/27/25 9:03 AM,1,Melissa  Urena,,0.00,9.62,0.79,0.00,0.00
12060 Potranco Road,59,9/27/25 9:03 AM,1,Melissa  Urena,,0.00,29.84,2.46,0.00,0.00
12060 Potranco Road,57,9/27/25 9:03 AM,4,Lisa Velasquez,18,0.00,47.02,3.88,10.00,0.00
12060 Potranco Road,60,9/27/25 9:06 AM,1,Melissa  Urena,,0.00,9.99,0.82,0.00,0.00
12060 Potranco Road,62,9/27/25 9:08 AM,1,Melissa  Urena,,0.00,5.28,0.44,0.00,0.00
12060 Potranco Road,63,9/27/25 9:10 AM,1,Melissa  Urena,,0.00,7.97,0.66,2.00,0.00
12060 Potranco Road,65,9/27/25 9:12 AM,2,Sugey Cabrera,15,0.00,5.98,0.49,1.00,0.00
12060 Potranco Road,67,9/27/25 9:13 AM,1,Melissa  Urena,,0.00,14.85,1.23,0.00,0.00
12060 Potranco Road,66,9/27/25 9:13 AM,4,Lizbeth Garcia,21,0.00,37.83,3.11,5.00,0.00
12060 Potranco Road,64,9/27/25 9:11 AM,1,Brianna Aragon,,0.00,58.34,4.82,0.00,0.00
12060 Potranco Road,69,9/27/25 9:15 AM,2,Leticia Roman,26,0.00,21.26,1.76,0.00,0.00
12060 Potranco Road,68,9/27/25 9:15 AM,10,Sugey Cabrera,32,0.00,82.82,6.86,5.32,16.56
12060 Potranco Road,70,9/27/25 9:17 AM,1,Melissa  Urena,,0.00,18.21,1.50,2.29,0.00
12060 Potranco Road,71,9/27/25 9:18 AM,1,Melissa  Urena,,0.00,4.39,0.36,0.00,0.00
12060 Potranco Road,72,9/27/25 9:21 AM,1,Melissa  Urena,,0.00,10.57,0.88,0.00,0.00
12060 Potranco Road,73,9/27/25 9:22 AM,1,Melissa  Urena,,0.00,9.66,0.80,0.00,0.00
12060 Potranco Road,74,9/27/25 9:22 AM,1,Brianna Aragon,,0.00,18.74,1.56,0.00,0.00
12060 Potranco Road,76,9/27/25 9:24 AM,1,Melissa  Urena,,0.00,5.19,0.43,0.00,0.00
12060 Potranco Road,78,9/27/25 9:28 AM,7,Leticia Roman,8,1.00,56.80,4.67,10.00,0.00
12060 Potranco Road,75,9/27/25 9:23 AM,5,Lisa Velasquez,3,0.00,65.77,5.42,11.81,0.00
12060 Potranco Road,79,9/27/25 9:29 AM,1,Melissa  Urena,,0.00,15.65,1.29,0.00,0.00
12060 Potranco Road,80,9/27/25 9:29 AM,1,Melissa  Urena,,0.00,4.48,0.37,0.00,0.00
12060 Potranco Road,81,9/27/25 9:29 AM,1,Melissa  Urena,,0.00,11.16,0.93,0.00,0.00
12060 Potranco Road,83,9/27/25 9:31 AM,1,Melissa  Urena,,6.15,7.39,0.61,0.00,0.00
12060 Potranco Road,82,9/27/25 9:30 AM,2,Lisa Velasquez,15,6.60,23.34,1.92,5.00,0.00
12060 Potranco Road,77,9/27/25 9:24 AM,1,Brianna Aragon,,0.00,33.96,2.80,0.00,0.00
12060 Potranco Road,86,9/27/25 9:36 AM,1,Melissa  Urena,,0.00,8.76,0.72,0.00,0.00
12060 Potranco Road,84,9/27/25 9:33 AM,4,Lizbeth Garcia,12,0.00,28.85,2.37,0.00,0.00
12060 Potranco Road,87,9/27/25 9:39 AM,1,Melissa  Urena,,0.00,9.56,0.79,0.00,0.00
12060 Potranco Road,88,9/27/25 9:39 AM,1,Melissa  Urena,,0.00,14.98,1.24,0.00,0.00
12060 Potranco Road,91,9/27/25 9:42 AM,1,Melissa  Urena,,0.00,10.25,0.84,0.00,0.00
12060 Potranco Road,90,9/27/25 9:40 AM,3,Sugey Cabrera,7,0.00,23.91,1.98,10.00,0.00
12060 Potranco Road,92,9/27/25 9:42 AM,1,Melissa  Urena,,0.00,22.44,1.85,0.00,0.00
12060 Potranco Road,94,9/27/25 9:45 AM,1,Melissa  Urena,,0.00,24.21,1.99,0.00,0.00
12060 Potranco Road,93,9/27/25 9:45 AM,1,Lizbeth Garcia,20,0.00,2.29,0.19,2.00,0.00
12060 Potranco Road,96,9/27/25 9:45 AM,1,Leticia Roman,5,0.00,13.43,1.11,2.69,0.00
12060 Potranco Road,102,9/27/25 9:47 AM,1,Melissa  Urena,,0.00,3.78,0.31,1.91,0.00
12060 Potranco Road,101,9/27/25 9:47 AM,2,Lisa Velasquez,23,0.00,17.95,1.49,2.00,0.00
12060 Potranco Road,103,9/27/25 9:48 AM,1,Melissa  Urena,,0.00,12.27,1.01,2.70,0.00
12060 Potranco Road,104,9/27/25 9:48 AM,4,Leticia Roman,26,0.00,57.20,4.73,8.58,0.00
12060 Potranco Road,105,9/27/25 9:50 AM,2,Sugey Cabrera,35,0.00,19.34,1.59,5.00,0.00
12060 Potranco Road,106,9/27/25 9:52 AM,1,Melissa  Urena,,0.00,12.55,1.03,0.00,0.00
12060 Potranco Road,107,9/27/25 9:53 AM,1,Melissa  Urena,,0.00,9.75,0.81,0.00,0.00
12060 Potranco Road,108,9/27/25 9:54 AM,1,Melissa  Urena,,0.00,22.35,1.84,0.00,0.00
12060 Potranco Road,109,9/27/25 9:55 AM,1,Brianna Aragon,,0.00,9.16,0.76,0.00,0.00
12060 Potranco Road,113,9/27/25 9:58 AM,1,Melissa  Urena,,0.00,9.75,0.79,0.00,0.00
12060 Potranco Road,112,9/27/25 9:57 AM,4,Sugey Cabrera,28,0.00,55.99,4.63,10.00,0.00
12060 Potranco Road,114,9/27/25 9:59 AM,1,Melissa  Urena,,0.00,14.86,1.23,1.00,0.00
12060 Potranco Road,116,9/27/25 10:00 AM,1,Melissa  Urena,,0.00,13.36,1.11,0.00,0.00
12060 Potranco Road,110,9/27/25 9:56 AM,1,Brianna Aragon,,0.00,18.55,1.53,2.00,0.00
12060 Potranco Road,115,9/27/25 9:59 AM,2,Sugey Cabrera,16,0.00,28.54,2.35,4.00,0.00
12060 Potranco Road,117,9/27/25 10:00 AM,1,Brianna Aragon,,0.00,4.29,0.35,0.00,0.00
12060 Potranco Road,119,9/27/25 10:00 AM,2,Lizbeth Garcia,21,0.00,14.16,1.17,5.00,0.00
12060 Potranco Road,111,9/27/25 9:56 AM,3,Lisa Velasquez,2,0.00,42.39,3.49,8.48,0.00
12060 Potranco Road,118,9/27/25 10:00 AM,1,Melissa  Urena,,0.00,24.85,2.04,2.00,0.00
12060 Potranco Road,121,9/27/25 10:01 AM,3,Lisa Velasquez,2,0.00,0.00,0.00,0.00,0.00
12060 Potranco Road,122,9/27/25 10:03 AM,1,Melissa  Urena,,0.00,23.74,1.95,0.00,0.00
12060 Potranco Road,124,9/27/25 10:05 AM,1,Melissa  Urena,,0.00,7.48,0.61,0.00,0.00
12060 Potranco Road,125,9/27/25 10:06 AM,1,Melissa  Urena,,0.00,0.00,0.00,0.00,0.00
12060 Potranco Road,126,9/27/25 10:07 AM,1,Melissa  Urena,,0.00,24.80,2.04,0.00,0.00
12060 Potranco Road,127,9/27/25 10:08 AM,1,Brianna Aragon,,0.00,12.05,1.00,0.00,0.00
12060 Potranco Road,128,9/27/25 10:09 AM,4,Lizbeth Garcia,1,0.00,48.50,4.02,5.00,0.00
12060 Potranco Road,130,9/27/25 10:10 AM,1,Melissa  Urena,,0.00,34.54,2.86,3.00,0.00
12060 Potranco Road,131,9/27/25 10:11 AM,1,Melissa  Urena,,0.00,30.64,2.53,0.00,0.00
12060 Potranco Road,132,9/27/25 10:13 AM,1,Melissa  Urena,,0.00,9.95,0.83,0.00,0.00
12060 Potranco Road,133,9/27/25 10:14 AM,1,Melissa  Urena,,0.00,25.23,2.07,0.00,0.00
12060 Potranco Road,134,9/27/25 10:16 AM,1,Brianna Aragon,,0.00,18.25,1.51,0.00,0.00
12060 Potranco Road,136,9/27/25 10:18 AM,1,Melissa  Urena,,0.00,43.77,3.60,0.00,0.00
12060 Potranco Road,138,9/27/25 10:20 AM,1,Melissa  Urena,,0.00,13.54,1.12,0.00,0.00
12060 Potranco Road,137,9/27/25 10:19 AM,1,Brianna Aragon,,0.00,23.42,1.93,0.00,0.00
12060 Potranco Road,139,9/27/25 10:21 AM,1,Melissa  Urena,,0.00,7.68,0.63,4.00,0.00
12060 Potranco Road,141,9/27/25 10:21 AM,1,Brianna Aragon,,0.00,6.77,0.57,0.00,0.00
12060 Potranco Road,140,9/27/25 10:21 AM,1,Brianna Aragon,,0.00,11.41,0.94,0.00,0.00
12060 Potranco Road,144,9/27/25 10:23 AM,1,Melissa  Urena,,0.00,10.52,0.87,0.00,0.00
12060 Potranco Road,145,9/27/25 10:23 AM,2,Adrian Morales,18,0.00,12.67,1.05,3.00,0.00
12060 Potranco Road,147,9/27/25 10:24 AM,1,Brianna Aragon,,0.00,11.94,0.99,0.00,0.00
12060 Potranco Road,148,9/27/25 10:25 AM,2,Lisa Velasquez,3,0.00,27.24,2.26,0.00,0.00
12060 Potranco Road,149,9/27/25 10:26 AM,11,Leticia Roman,8,0.00,163.92,13.49,30.00,32.78
12060 Potranco Road,150,9/27/25 10:26 AM,1,Melissa  Urena,,0.00,22.23,1.83,0.00,0.00
12060 Potranco Road,151,9/27/25 10:27 AM,1,Melissa  Urena,,0.00,18.85,1.56,0.00,0.00
12060 Potranco Road,153,9/27/25 10:28 AM,1,Melissa  Urena,,0.00,30.63,2.53,1.00,0.00
12060 Potranco Road,152,9/27/25 10:28 AM,1,Brianna Aragon,,0.00,18.82,1.56,0.00,0.00
12060 Potranco Road,154,9/27/25 10:31 AM,2,Sugey Cabrera,15,0.00,31.97,2.63,6.00,0.00
12060 Potranco Road,155,9/27/25 10:32 AM,1,Melissa  Urena,,0.00,15.94,1.31,1.00,0.00
12060 Potranco Road,156,9/27/25 10:33 AM,3,Leticia Roman,14,0.00,34.43,2.85,5.16,0.00
12060 Potranco Road,159,9/27/25 10:34 AM,1,Melissa  Urena,,0.00,28.53,2.34,0.00,0.00
12060 Potranco Road,161,9/27/25 10:34 AM,2,Adrian Morales,21,0.00,14.74,1.22,0.00,0.00
12060 Potranco Road,160,9/27/25 10:34 AM,1,Sugey Cabrera,20,0.00,18.36,1.51,0.00,0.00
12060 Potranco Road,158,9/27/25 10:34 AM,1,Brianna Aragon,,0.00,16.47,1.36,0.00,0.00
12060 Potranco Road,163,9/27/25 10:35 AM,1,Melissa  Urena,,0.00,39.01,3.22,5.20,0.00
12060 Potranco Road,162,9/27/25 10:35 AM,4,Lizbeth Garcia,12,0.00,36.27,3.02,5.00,0.00
12060 Potranco Road,164,9/27/25 10:38 AM,1,Melissa  Urena,,0.00,16.45,1.37,0.00,0.00
12060 Potranco Road,165,9/27/25 10:38 AM,1,Melissa  Urena,,0.00,11.26,0.93,2.00,0.00
12060 Potranco Road,166,9/27/25 10:40 AM,2,Lizbeth Garcia,2,0.00,26.96,2.22,10.00,0.00
12060 Potranco Road,157,9/27/25 10:34 AM,6,Lisa Velasquez,35,0.00,47.30,3.92,0.00,0.00
12060 Potranco Road,167,9/27/25 10:43 AM,1,Melissa  Urena,,0.00,25.14,2.08,0.00,0.00
12060 Potranco Road,169,9/27/25 10:48 AM,1,Melissa  Urena,,0.00,4.98,0.41,0.00,0.00
12060 Potranco Road,168,9/27/25 10:47 AM,1,Brianna Aragon,,0.00,16.39,1.35,0.00,0.00
12060 Potranco Road,170,9/27/25 10:49 AM,1,Melissa  Urena,,0.00,10.85,0.90,0.00,0.00
12060 Potranco Road,172,9/27/25 10:50 AM,1,Melissa  Urena,,0.00,26.31,2.18,0.00,0.00
12060 Potranco Road,171,9/27/25 10:50 AM,2,Lisa Velasquez,23,0.00,47.60,3.94,5.00,0.00
12060 Potranco Road,173,9/27/25 10:51 AM,2,Adrian Morales,17,0.00,24.40,2.02,6.00,0.00
12060 Potranco Road,174,9/27/25 10:52 AM,1,Melissa  Urena,,0.00,11.56,0.96,3.00,0.00
12060 Potranco Road,176,9/27/25 10:54 AM,1,Melissa  Urena,,0.00,5.97,0.49,0.00,0.00
12060 Potranco Road,177,9/27/25 10:55 AM,2,Leticia Roman,5,0.00,35.56,2.92,5.33,0.00
12060 Potranco Road,179,9/27/25 10:56 AM,1,Melissa  Urena,,0.00,16.19,1.33,3.00,0.00
12060 Potranco Road,178,9/27/25 10:55 AM,1,Lizbeth Garcia,16,0.00,14.12,1.17,0.00,0.00
12060 Potranco Road,175,9/27/25 10:54 AM,1,Brianna Aragon,,0.00,65.42,5.40,0.00,0.00
12060 Potranco Road,181,9/27/25 10:59 AM,1,Brianna Aragon,,0.00,7.37,0.60,0.00,0.00
12060 Potranco Road,180,9/27/25 10:59 AM,3,Sugey Cabrera,31,0.00,32.96,2.72,5.00,0.00
12060 Potranco Road,182,9/27/25 11:01 AM,1,Melissa  Urena,,0.00,30.32,2.52,0.00,0.00
12060 Potranco Road,183,9/27/25 11:04 AM,1,Melissa  Urena,,0.00,16.66,1.38,2.00,0.00
12060 Potranco Road,184,9/27/25 11:04 AM,3,Adrian Morales,26,0.00,19.04,1.58,4.00,0.00
12060 Potranco Road,185,9/27/25 11:06 AM,1,Melissa  Urena,,0.00,8.06,0.67,2.00,0.00
12060 Potranco Road,186,9/27/25 11:09 AM,1,Melissa  Urena,,0.00,27.20,2.24,2.00,0.00
12060 Potranco Road,188,9/27/25 11:13 AM,1,Melissa  Urena,,0.00,23.84,1.97,0.00,0.00
12060 Potranco Road,190,9/27/25 11:14 AM,1,Melissa  Urena,,0.00,12.05,1.00,0.00,0.00
12060 Potranco Road,187,9/27/25 11:12 AM,2,Sugey Cabrera,3,0.00,25.32,2.10,7.00,0.00
12060 Potranco Road,189,9/27/25 11:14 AM,1,Brianna Aragon,,0.00,7.88,0.65,0.00,0.00
12060 Potranco Road,191,9/27/25 11:15 AM,1,Melissa  Urena,,0.00,33.70,2.77,0.00,0.00
12060 Potranco Road,193,9/27/25 11:15 AM,1,Brianna Aragon,,0.00,12.46,1.03,0.00,0.00
12060 Potranco Road,197,9/27/25 11:18 AM,1,Melissa  Urena,,0.00,4.79,0.40,0.00,0.00
12060 Potranco Road,195,9/27/25 11:17 AM,2,Lizbeth Garcia,25,0.00,42.54,3.51,0.00,0.00
12060 Potranco Road,199,9/27/25 11:23 AM,10,Lisa Velasquez,29,5.05,132.79,10.97,0.00,27.57
12060 Potranco Road,201,9/27/25 11:25 AM,1,Melissa  Urena,,0.00,14.67,1.21,2.00,0.00
12060 Potranco Road,202,9/27/25 11:29 AM,1,Melissa  Urena,,0.00,12.76,1.05,0.00,0.00
12060 Potranco Road,203,9/27/25 11:30 AM,1,Melissa  Urena,,0.00,7.78,0.64,1.71,0.00
12060 Potranco Road,198,9/27/25 11:22 AM,10,Adrian Morales,21,0.00,118.55,9.79,19.91,23.71
12060 Potranco Road,205,9/27/25 11:32 AM,2,Lisa Velasquez,34,0.00,8.97,0.74,0.00,0.00
12060 Potranco Road,204,9/27/25 11:31 AM,1,Melissa  Urena,,0.00,16.34,1.35,0.00,0.00
12060 Potranco Road,207,9/27/25 11:33 AM,1,Melissa  Urena,,0.00,12.87,1.06,0.00,0.00
12060 Potranco Road,208,9/27/25 11:37 AM,2,Leticia Roman,5,1.10,24.77,2.04,5.00,0.00
12060 Potranco Road,209,9/27/25 11:37 AM,1,Melissa  Urena,,0.00,24.43,2.01,0.00,0.00
12060 Potranco Road,211,9/27/25 11:39 AM,2,Lizbeth Garcia,7,0.00,44.31,3.63,7.00,0.00
12060 Potranco Road,210,9/27/25 11:37 AM,1,Melissa  Urena,,0.00,35.54,2.94,0.00,0.00
12060 Potranco Road,213,9/27/25 11:40 AM,1,Melissa  Urena,,0.00,7.36,0.60,0.00,0.00
12060 Potranco Road,212,9/27/25 11:40 AM,2,Sugey Cabrera,15,0.00,19.86,1.63,0.00,0.00
12060 Potranco Road,215,9/27/25 11:40 AM,1,Brianna Aragon,,0.00,9.36,0.77,0.00,0.00
12060 Potranco Road,217,9/27/25 11:43 AM,2,Leticia Roman,16,0.00,22.34,1.84,3.35,0.00
12060 Potranco Road,214,9/27/25 11:40 AM,1,Melissa  Urena,,9.15,41.62,3.43,0.00,0.00
12060 Potranco Road,218,9/27/25 11:46 AM,3,Lisa Velasquez,27,0.00,45.32,3.75,10.00,0.00
12060 Potranco Road,222,9/27/25 11:48 AM,2,Sugey Cabrera,12,37.93,0.00,0.00,0.00,0.00
12060 Potranco Road,224,9/27/25 11:50 AM,1,Melissa  Urena,,0.00,28.91,2.39,0.00,0.00
12060 Potranco Road,225,9/27/25 11:50 AM,1,Melissa  Urena,,0.00,9.77,0.80,0.00,0.00
12060 Potranco Road,227,9/27/25 11:53 AM,2,Sugey Cabrera,1,0.00,29.89,2.47,4.48,0.00
12060 Potranco Road,228,9/27/25 11:54 AM,3,Adrian Morales,4,0.00,22.96,1.89,5.00,0.00
12060 Potranco Road,229,9/27/25 11:55 AM,1,Melissa  Urena,,0.00,17.26,1.43,0.00,0.00
12060 Potranco Road,230,9/27/25 11:57 AM,2,Leticia Roman,25,0.00,32.77,2.69,4.00,0.00
12060 Potranco Road,231,9/27/25 11:57 AM,1,Brianna Aragon,,0.00,19.96,1.64,0.00,0.00
12060 Potranco Road,232,9/27/25 11:58 AM,1,Melissa  Urena,,5.20,0.38,0.03,0.00,0.00
12060 Potranco Road,233,9/27/25 11:59 AM,1,Brianna Aragon,,0.00,12.36,1.02,0.00,0.00
12060 Potranco Road,235,9/27/25 12:00 PM,1,Melissa  Urena,,0.00,13.46,1.11,2.00,0.00
12060 Potranco Road,234,9/27/25 11:59 AM,4,Lizbeth Garcia,2,0.00,37.30,3.07,0.00,0.00
12060 Potranco Road,237,9/27/25 12:03 PM,2,Lisa Velasquez,35,0.00,37.26,3.07,0.00,0.00
12060 Potranco Road,238,9/27/25 12:06 PM,2,Adrian Morales,10,0.00,28.98,2.39,6.00,0.00
12060 Potranco Road,239,9/27/25 12:12 PM,1,Brianna Aragon,,0.00,11.65,0.96,1.00,0.00
12060 Potranco Road,240,9/27/25 12:13 PM,1,Melissa  Urena,,0.00,2.79,0.23,0.00,0.00
12060 Potranco Road,241,9/27/25 12:13 PM,1,Melissa  Urena,,0.00,13.36,1.10,2.00,0.00
12060 Potranco Road,242,9/27/25 12:16 PM,1,Lizbeth Garcia,7,0.00,12.99,1.07,0.00,0.00
12060 Potranco Road,244,9/27/25 12:17 PM,1,Melissa  Urena,,0.00,16.65,1.37,0.00,0.00
12060 Potranco Road,246,9/27/25 12:18 PM,1,Melissa  Urena,,0.00,37.21,3.08,0.00,0.00
12060 Potranco Road,243,9/27/25 12:17 PM,2,Sugey Cabrera,32,0.00,36.74,3.03,10.00,0.00
12060 Potranco Road,245,9/27/25 12:17 PM,1,Brianna Aragon,,0.00,37.97,3.13,0.00,0.00
12060 Potranco Road,247,9/27/25 12:18 PM,3,Lizbeth Garcia,3,0.00,40.22,3.31,10.00,0.00
12060 Potranco Road,250,9/27/25 12:21 PM,1,Melissa  Urena,,0.00,25.13,2.07,0.00,0.00
12060 Potranco Road,248,9/27/25 12:21 PM,4,Lisa Velasquez,16,0.00,88.92,7.35,20.00,0.00
12060 Potranco Road,253,9/27/25 12:24 PM,1,Melissa  Urena,,0.00,18.90,1.57,0.00,0.00
12060 Potranco Road,252,9/27/25 12:24 PM,1,Melissa  Urena,,0.00,23.02,1.90,0.00,0.00
12060 Potranco Road,254,9/27/25 12:24 PM,4,Leticia Roman,17,0.00,74.50,6.14,10.00,0.00
12060 Potranco Road,256,9/27/25 12:26 PM,1,Adrian Morales,,0.00,14.25,1.17,8.00,0.00
12060 Potranco Road,257,9/27/25 12:28 PM,1,Melissa  Urena,,0.00,11.82,0.98,2.00,0.00
12060 Potranco Road,259,9/27/25 12:29 PM,1,Melissa  Urena,,0.00,21.74,1.80,2.00,0.00
12060 Potranco Road,261,9/27/25 12:33 PM,1,Melissa  Urena,,0.00,16.27,1.34,7.39,0.00
12060 Potranco Road,262,9/27/25 12:34 PM,1,Melissa  Urena,,0.00,10.82,0.90,0.00,0.00
12060 Potranco Road,263,9/27/25 12:35 PM,1,Melissa  Urena,,0.00,31.77,2.62,2.00,0.00
12060 Potranco Road,264,9/27/25 12:36 PM,1,Melissa  Urena,,0.00,38.52,3.17,0.00,0.00
12060 Potranco Road,266,9/27/25 12:41 PM,1,Melissa  Urena,,0.00,38.97,3.22,4.00,0.00
12060 Potranco Road,265,9/27/25 12:40 PM,4,Sugey Cabrera,2,0.00,50.26,4.15,10.59,0.00
12060 Potranco Road,267,9/27/25 12:42 PM,2,Lisa Velasquez,12,0.00,46.55,3.83,10.62,0.00
12060 Potranco Road,268,9/27/25 12:44 PM,1,Melissa  Urena,,0.00,19.37,1.60,4.00,0.00
12060 Potranco Road,271,9/27/25 12:46 PM,2,Leticia Roman,31,0.00,17.56,1.45,5.00,0.00
12060 Potranco Road,272,9/27/25 12:48 PM,1,Melissa  Urena,,3.98,0.00,0.00,0.00,0.00
12060 Potranco Road,273,9/27/25 12:48 PM,1,Brianna Aragon,,0.00,3.78,0.31,0.00,0.00
12060 Potranco Road,275,9/27/25 12:55 PM,1,Melissa  Urena,,0.00,12.93,1.07,4.00,0.00
12060 Potranco Road,277,9/27/25 12:58 PM,1,Melissa  Urena,,0.00,7.28,0.60,0.00,0.00
12060 Potranco Road,278,9/27/25 1:00 PM,1,Melissa  Urena,,0.00,8.27,0.69,0.00,0.00
12060 Potranco Road,279,9/27/25 1:01 PM,1,Melissa  Urena,,0.00,13.46,1.11,3.00,0.00
12060 Potranco Road,280,9/27/25 1:03 PM,1,Melissa  Urena,,0.00,32.14,2.66,0.00,0.00
12060 Potranco Road,281,9/27/25 1:04 PM,1,Melissa  Urena,,0.00,26.34,2.17,20.00,0.00
12060 Potranco Road,282,9/27/25 1:06 PM,1,Melissa  Urena,,0.00,48.97,4.04,0.00,0.00
12060 Potranco Road,284,9/27/25 1:11 PM,1,Melissa  Urena,,0.00,10.96,0.90,1.00,0.00
12060 Potranco Road,285,9/27/25 1:11 PM,1,Melissa  Urena,,0.00,19.60,1.62,0.00,0.00
12060 Potranco Road,286,9/27/25 1:12 PM,2,Adrian Morales,1,0.00,29.92,2.46,0.00,0.00
12060 Potranco Road,288,9/27/25 1:16 PM,1,Melissa  Urena,,0.00,15.84,1.31,0.00,0.00
12060 Potranco Road,289,9/27/25 1:16 PM,2,Adrian Morales,4,0.00,8.97,0.75,0.00,0.00
12060 Potranco Road,290,9/27/25 1:17 PM,1,Melissa  Urena,,0.00,5.58,0.46,0.00,0.00
12060 Potranco Road,292,9/27/25 1:18 PM,1,Melissa  Urena,,0.00,27.82,2.30,5.56,0.00
12060 Potranco Road,291,9/27/25 1:17 PM,3,Sugey Cabrera,34,0.00,55.80,4.59,0.00,0.00
12060 Potranco Road,287,9/27/25 1:14 PM,1,Brianna Aragon,,1.24,48.10,3.97,0.00,0.00
12060 Potranco Road,295,9/27/25 1:20 PM,1,Melissa  Urena,,0.00,8.96,0.74,0.00,0.00
12060 Potranco Road,297,9/27/25 1:21 PM,1,Brianna Aragon,,0.00,9.38,0.78,0.00,0.00
12060 Potranco Road,298,9/27/25 1:38 PM,1,Melissa  Urena,,0.00,47.02,3.87,5.00,0.00
12060 Potranco Road,299,9/27/25 1:39 PM,2,Lizbeth Garcia,2,0.00,20.97,1.73,5.00,0.00
12060 Potranco Road,300,9/27/25 1:41 PM,1,Melissa  Urena,,0.00,22.75,1.87,2.00,0.00
12060 Potranco Road,302,9/27/25 1:44 PM,1,Melissa  Urena,,0.00,11.99,0.99,0.00,0.00
12060 Potranco Road,301,9/27/25 1:44 PM,4,Leticia Roman,16,0.00,17.79,1.48,5.00,0.00
12060 Potranco Road,304,9/27/25 1:52 PM,3,Lisa Velasquez,12,0.00,41.30,3.40,0.00,0.00
12060 Potranco Road,305,9/27/25 1:54 PM,1,Carlos Morales,,0.00,41.96,3.46,0.00,0.00
12060 Potranco Road,306,9/27/25 1:56 PM,1,Carlos Morales,,0.00,10.36,0.85,0.00,0.00
12060 Potranco Road,307,9/27/25 1:57 PM,1,Carlos Morales,,0.00,18.26,1.51,0.00,0.00
12060 Potranco Road,309,9/27/25 2:04 PM,2,Adrian Morales,4,0.00,31.97,2.63,7.03,0.00
12060 Potranco Road,310,9/27/25 2:07 PM,1,Carlos Morales,,0.00,4.79,0.40,0.00,0.00
12060 Potranco Road,312,9/27/25 2:09 PM,2,Adrian Morales,1,0.00,70.19,5.78,5.00,0.00
12060 Potranco Road,313,9/27/25 2:11 PM,3,Emanuel Sanchez,18,0.00,54.46,4.48,9.00,0.00
12060 Potranco Road,315,9/27/25 2:14 PM,1,Carlos Morales,,0.00,6.27,0.51,0.00,0.00
12060 Potranco Road,314,9/27/25 2:12 PM,2,Emanuel Sanchez,31,0.00,27.40,2.26,5.00,0.00
12060 Potranco Road,317,9/27/25 2:30 PM,2,Angelique Jacobo,23,1.82,28.40,2.35,4.00,0.00
12060 Potranco Road,318,9/27/25 2:33 PM,1,Carlos Morales,,0.00,5.49,0.45,0.00,0.00
12060 Potranco Road,319,9/27/25 2:33 PM,1,Carlos Morales,,0.00,39.93,3.29,0.00,0.00
12060 Potranco Road,323,9/27/25 2:47 PM,1,Candy Del Angel,,11.99,0.00,0.00,0.00,0.00
12060 Potranco Road,324,9/27/25 2:53 PM,1,Carlos Morales,,0.00,26.95,2.23,0.00,0.00
12060 Potranco Road,325,9/27/25 2:55 PM,2,Emanuel Sanchez,26,0.00,47.84,3.94,9.57,0.00
12060 Potranco Road,326,9/27/25 3:01 PM,1,Angelique Jacobo,,0.00,9.78,0.81,0.00,0.00
12060 Potranco Road,327,9/27/25 3:03 PM,2,Angelique Jacobo,16,1.40,38.76,3.19,6.00,0.00
12060 Potranco Road,330,9/27/25 3:23 PM,2,Angelique Jacobo,1,0.00,14.99,1.24,7.00,0.00
12060 Potranco Road,329,9/27/25 3:19 PM,3,Emanuel Sanchez,31,0.85,63.51,5.23,10.00,0.00
12060 Potranco Road,331,9/27/25 3:34 PM,2,Emanuel Sanchez,29,0.00,34.66,2.86,7.48,0.00
12060 Potranco Road,332,9/27/25 3:39 PM,1,Angelique Jacobo,7,0.00,18.28,1.50,0.00,0.00
12060 Potranco Road,333,9/27/25 3:54 PM,1,Carlos Morales,,0.00,37.55,3.10,5.63,0.00
12060 Potranco Road,334,9/27/25 3:57 PM,1,Carlos Morales,,0.00,49.88,4.12,9.98,0.00
12060 Potranco Road,335,9/27/25 4:26 PM,1,Carlos Morales,,0.00,12.57,1.03,0.00,0.00
12060 Potranco Road,337,9/27/25 4:27 PM,2,Emanuel Sanchez,16,0.00,39.56,3.25,10.00,0.00
12060 Potranco Road,338,9/27/25 4:29 PM,1,Emanuel Sanchez,,0.00,22.95,1.90,0.00,0.00
12060 Potranco Road,339,9/27/25 4:32 PM,7,Angelique Jacobo,20,1.64,70.85,5.85,20.00,14.50
12060 Potranco Road,340,9/27/25 4:36 PM,5,Angelique Jacobo,27,5.60,34.63,2.86,10.00,0.00
12060 Potranco Road,341,9/27/25 4:45 PM,1,Emanuel Sanchez,15,0.00,9.68,0.80,0.00,0.00
12060 Potranco Road,336,9/27/25 4:26 PM,1,Carlos Morales,,0.00,38.83,3.20,5.82,0.00
12060 Potranco Road,342,9/27/25 4:48 PM,1,Angelique Jacobo,,0.00,11.99,0.99,0.00,0.00
12060 Potranco Road,345,9/27/25 4:59 PM,1,Carlos Morales,,0.00,7.98,0.66,0.00,0.00
12060 Potranco Road,344,9/27/25 4:54 PM,2,Emanuel Sanchez,14,0.00,46.25,3.81,6.94,0.00
12060 Potranco Road,348,9/27/25 5:07 PM,3,Angelique Jacobo,4,0.00,12.85,1.05,0.00,0.00
12060 Potranco Road,347,9/27/25 5:06 PM,3,Emanuel Sanchez,22,0.00,41.85,3.45,0.00,0.00
12060 Potranco Road,349,9/27/25 5:17 PM,1,Mia Juliet,,0.00,6.87,0.57,0.00,0.00
12060 Potranco Road,351,9/27/25 5:18 PM,1,Carlos Morales,,0.00,47.21,3.90,2.00,0.00
12060 Potranco Road,350,9/27/25 5:18 PM,6,Angelique Jacobo,3,0.00,84.93,7.01,20.00,0.00
12060 Potranco Road,346,9/27/25 5:06 PM,1,Carlos Morales,,0.00,38.60,3.20,5.79,0.00
12060 Potranco Road,353,9/27/25 5:29 PM,1,Mia Juliet,,0.00,15.51,1.28,5.21,0.00
12060 Potranco Road,354,9/27/25 5:35 PM,2,Emanuel Sanchez,15,0.00,43.50,3.58,10.00,0.00
12060 Potranco Road,357,9/27/25 5:48 PM,1,Mia Juliet,,0.00,4.99,0.41,0.00,0.00
12060 Potranco Road,356,9/27/25 5:48 PM,3,Angelique Jacobo,18,0.00,31.75,2.61,5.00,0.00
12060 Potranco Road,358,9/27/25 6:09 PM,1,Carlos Morales,,0.00,8.98,0.74,0.00,0.00
12060 Potranco Road,360,9/27/25 6:13 PM,1,Emanuel Sanchez,10,6.99,0.00,0.00,0.00,0.00
12060 Potranco Road,361,9/27/25 6:13 PM,1,Candy Del Angel,,0.00,0.00,0.00,0.00,0.00
12060 Potranco Road,362,9/27/25 6:18 PM,8,Emanuel Sanchez,37,0.00,0.00,0.00,0.00,0.00
12060 Potranco Road,355,9/27/25 5:47 PM,1,Carlos Morales,,0.00,15.23,1.26,0.00,0.00
12060 Potranco Road,363,9/27/25 6:24 PM,8,Emanuel Sanchez,37,0.00,100.04,8.23,0.00,0.00
12060 Potranco Road,365,9/27/25 6:35 PM,5,Angelique Jacobo,30,1.30,79.68,6.57,7.00,0.00
12060 Potranco Road,366,9/27/25 6:43 PM,1,Carlos Morales,,0.00,6.99,0.58,0.00,0.00
12060 Potranco Road,367,9/27/25 6:45 PM,1,Mia Juliet,,3.99,0.00,0.00,0.00,0.00
12060 Potranco Road,368,9/27/25 6:49 PM,5,Emanuel Sanchez,1,0.00,80.79,6.66,16.16,0.00
12060 Potranco Road,370,9/27/25 7:00 PM,2,Angelique Jacobo,3,1.60,27.38,2.26,0.00,0.00
12060 Potranco Road,371,9/27/25 7:00 PM,1,Mia Juliet,,0.00,28.97,2.39,0.00,0.00
12060 Potranco Road,369,9/27/25 6:57 PM,1,Carlos Morales,,0.00,11.99,0.99,0.00,0.00
12060 Potranco Road,372,9/27/25 7:21 PM,1,Carlos Morales,,0.00,14.25,1.17,0.00,0.00
12060 Potranco Road,373,9/27/25 7:22 PM,2,Emanuel Sanchez,12,0.00,41.71,3.44,6.00,0.00
12060 Potranco Road,374,9/27/25 7:24 PM,1,Carlos Morales,,0.00,11.07,0.92,0.00,0.00
12060 Potranco Road,377,9/27/25 7:46 PM,1,Carlos Morales,,0.00,21.23,1.75,0.00,0.00
12060 Potranco Road,378,9/27/25 7:57 PM,1,Carlos Morales,,0.00,8.47,0.70,0.00,0.00
12060 Potranco Road,379,9/27/25 7:59 PM,1,Carlos Morales,,0.00,13.06,1.07,2.61,0.00
12060 Potranco Road,380,9/27/25 8:10 PM,1,Carlos Morales,,0.00,28.86,2.38,0.00,0.00
12060 Potranco Road,384,9/27/25 8:49 PM,1,Carlos Morales,,0.00,8.27,0.68,1.82,0.00
