Order #,Opened Date,Void Date,Server,Approver,Item Name,Reason,Item Quantity,Total Price
119,9/27/25 10:00 AM,9/27/25 10:22 AM,Lizbeth Garcia,Zoila Salinas,Papa Ranchera Taco,Customer Changed Mind,1.0,1.99
156,9/27/25 10:33 AM,9/27/25 11:11 AM,Leticia Roman,Zoila Salinas,Lengua Taco,Customer Changed Mind,1.0,4.39
212,9/27/25 11:40 AM,9/27/25 1:42 PM,Sugey Cabrera,Zoila Salinas,Large Menudo,Customer Changed Mind,1.0,11.99
208,9/27/25 11:37 AM,9/27/25 2:09 PM,Leticia Roman,Zoila Salinas,Pozole,Customer Changed Mind,1.0,9.99
