Location,Order #,Opened Date,Server,Table,Discount Name,Discount Reason,Comment,Discount Amount
Sandra's Cuisine - Potranco - 12060 Potranco Road,22001,9/7/25 9:01 AM,Sugey Cabrera,25,Open % Item,,,1.00
Sandra's Cuisine - Potranco - 12060 Potranco Road,22001,9/7/25 9:01 AM,Sugey Cabrera,25,Open % Item,,,0.48
Sandra's Cuisine - Potranco - 12060 Potranco Road,22001,9/7/25 9:01 AM,Sugey Cabrera,25,Open % Item,,,1.00
Sandra's Cuisine - Potranco - 12060 Potranco Road,298,9/7/25 2:23 PM,Carlos Morales,,Reward Dollars,,,5.30
Sandra's Cuisine - Potranco - 12060 Potranco Road,252,9/7/25 12:55 PM,Sugey Cabrera,8,Open % Item,,,1.10
Sandra's Cuisine - Potranco - 12060 Potranco Road,252,9/7/25 12:55 PM,Sugey Cabrera,8,Open % Item,,,0.70
Sandra's Cuisine - Potranco - 12060 Potranco Road,197,9/7/25 11:45 AM,siri quiroz,,Reward Dollars,,,5.75
Sandra's Cuisine - Potranco - 12060 Potranco Road,152,9/7/25 11:11 AM,Leticia Roman,12,Reward Dollars,,,7.95
Sandra's Cuisine - Potranco - 12060 Potranco Road,118,9/7/25 10:39 AM,siri quiroz,,Open % Check,,,1.10
Sandra's Cuisine - Potranco - 12060 Potranco Road,108,9/7/25 10:30 AM,Mario Jimenez,,Open % Check,,,1.24
Sandra's Cuisine - Potranco - 12060 Potranco Road,92,9/7/25 10:15 AM,Mario Jimenez,,Reward Dollars,,,5.50
Sandra's Cuisine - Potranco - 12060 Potranco Road,89,9/7/25 10:14 AM,Mario Jimenez,,Reward Dollars,,,5.40
Sandra's Cuisine - Potranco - 12060 Potranco Road,66,9/7/25 9:52 AM,Leticia Roman,8,Open % Item,,,0.12
Sandra's Cuisine - Potranco - 12060 Potranco Road,66,9/7/25 9:52 AM,Leticia Roman,8,Open % Item,,,0.80
Sandra's Cuisine - Potranco - 12060 Potranco Road,59,9/7/25 9:46 AM,Mario Jimenez,,Open % Check,,,1.44
Sandra's Cuisine - Potranco - 12060 Potranco Road,14,9/7/25 8:15 AM,Gabriel Tovar ,,Employee Discount - Item,Employee Discount,Employee,1.99
Sandra's Cuisine - Potranco - 12060 Potranco Road,14,9/7/25 8:15 AM,Gabriel Tovar ,,Employee Discount - Item,Employee Discount,Employee,9.99
Sandra's Cuisine - Potranco - 12060 Potranco Road,14,9/7/25 8:15 AM,Gabriel Tovar ,,Employee Discount - Item,Employee Discount,Employee,1.39
Sandra's Cuisine - Potranco - 12060 Potranco Road,14,9/7/25 8:15 AM,Gabriel Tovar ,,Employee Discount - Item,Employee Discount,Employee,2.29
Sandra's Cuisine - Potranco - 12060 Potranco Road,14,9/7/25 8:15 AM,Gabriel Tovar ,,Employee Discount - Item,Employee Discount,Employee,2.29
Sandra's Cuisine - Potranco - 12060 Potranco Road,14,9/7/25 8:15 AM,Gabriel Tovar ,,Employee Discount - Item,Employee Discount,Employee,2.29
Sandra's Cuisine - Potranco - 12060 Potranco Road,13,9/7/25 8:09 AM,Sugey Cabrera,16,Open % Item,,,0.30
Sandra's Cuisine - Potranco - 12060 Potranco Road,13,9/7/25 8:09 AM,Sugey Cabrera,16,Open % Item,,,0.35
