Location,Server,Check #,Table,Station,Expediter Level,Fired Date,Fulfilled Date,Fulfillment Time,Fulfilled By
12060 Potranco Road,Mario Jimenez,3,,Drive Thru,,9/7/25 8:00 AM,9/7/25 8:06 AM,6 minutes and 52 seconds,KDS - Login Don't Delete
12060 Potranco Road,Mario Jimenez,3,,Food,,9/7/25 8:00 AM,9/7/25 8:06 AM,6 minutes and 52 seconds,KDS - Login Don't Delete
12060 Potranco Road,Mario Jimenez,5,,Drive Thru,,9/7/25 8:00 AM,9/7/25 8:09 AM,8 minutes and 13 seconds,KDS - Login Don't Delete
12060 Potranco Road,Mario Jimenez,5,,Food,,9/7/25 8:00 AM,9/7/25 8:09 AM,8 minutes and 13 seconds,KDS - Login Don't Delete
12060 Potranco Road,Mario Jimenez,9,,Drive Thru,,9/7/25 8:05 AM,9/7/25 8:09 AM,3 minutes and 57 seconds,KDS - Login Don't Delete
12060 Potranco Road,Mario Jimenez,9,,Food,,9/7/25 8:05 AM,9/7/25 8:09 AM,3 minutes and 57 seconds,KDS - Login Don't Delete
12060 Potranco Road,Gabriel Tovar ,4,,Drive Thru,,9/7/25 8:00 AM,9/7/25 8:10 AM,9 minutes and 35 seconds,KDS - Login Don't Delete
12060 Potranco Road,Gabriel Tovar ,4,,Food,,9/7/25 8:00 AM,9/7/25 8:10 AM,9 minutes and 35 seconds,KDS - Login Don't Delete
12060 Potranco Road,Sugey Cabrera,7,,Drive Thru,,9/7/25 8:02 AM,9/7/25 8:10 AM,7 minutes and 24 seconds,KDS - Login Don't Delete
12060 Potranco Road,Sugey Cabrera,7,,Food,,9/7/25 8:02 AM,9/7/25 8:10 AM,7 minutes and 24 seconds,KDS - Login Don't Delete
12060 Potranco Road,Gabriel Tovar ,4,,,1,9/7/25 8:10 AM,9/7/25 8:11 AM,1 minute and 43 seconds,Zoila Salinas
12060 Potranco Road,Sugey Cabrera,7,,,1,9/7/25 8:10 AM,9/7/25 8:11 AM,1 minute and 40 seconds,Zoila Salinas
12060 Potranco Road,Mario Jimenez,10,,Drive Thru,,9/7/25 8:07 AM,9/7/25 8:17 AM,10 minutes and 7 seconds,KDS - Login Don't Delete
12060 Potranco Road,Mario Jimenez,10,,Food,,9/7/25 8:07 AM,9/7/25 8:17 AM,10 minutes and 7 seconds,KDS - Login Don't Delete
12060 Potranco Road,Sugey Cabrera,13,16,No Print,,9/7/25 8:11 AM,9/7/25 8:20 AM,8 minutes and 33 seconds,KDS - Login Don't Delete
12060 Potranco Road,Sugey Cabrera,13,16,Food,,9/7/25 8:11 AM,9/7/25 8:20 AM,8 minutes and 33 seconds,KDS - Login Don't Delete
12060 Potranco Road,Sugey Cabrera,13,16,,1,9/7/25 8:20 AM,9/7/25 8:22 AM,2 minutes and 44 seconds,Zoila Salinas
12060 Potranco Road,Mario Jimenez,12,,Drive Thru,,9/7/25 8:15 AM,9/7/25 8:22 AM,7 minutes and 40 seconds,KDS - Login Don't Delete
12060 Potranco Road,Mario Jimenez,12,,Food,,9/7/25 8:15 AM,9/7/25 8:22 AM,7 minutes and 40 seconds,KDS - Login Don't Delete
12060 Potranco Road,Sugey Cabrera,11,3,No Print,,9/7/25 8:09 AM,9/7/25 8:24 AM,15 minutes and 39 seconds,KDS - Login Don't Delete
12060 Potranco Road,Sugey Cabrera,11,3,Food,,9/7/25 8:09 AM,9/7/25 8:24 AM,15 minutes and 39 seconds,KDS - Login Don't Delete
12060 Potranco Road,Gabriel Tovar ,6,,No Print,,9/7/25 8:04 AM,9/7/25 8:31 AM,26 minutes and 36 seconds,KDS - Login Don't Delete
12060 Potranco Road,Gabriel Tovar ,6,,Food,,9/7/25 8:04 AM,9/7/25 8:31 AM,26 minutes and 36 seconds,KDS - Login Don't Delete
12060 Potranco Road,Gabriel Tovar ,14,,No Print,,9/7/25 8:16 AM,9/7/25 8:33 AM,16 minutes and 52 seconds,KDS - Login Don't Delete
12060 Potranco Road,Gabriel Tovar ,14,,Food,,9/7/25 8:16 AM,9/7/25 8:33 AM,16 minutes and 52 seconds,KDS - Login Don't Delete
12060 Potranco Road,Mario Jimenez,16,,Drive Thru,,9/7/25 8:34 AM,9/7/25 8:37 AM,3 minutes and 40 seconds,KDS - Login Don't Delete
12060 Potranco Road,Mario Jimenez,16,,Food,,9/7/25 8:34 AM,9/7/25 8:37 AM,3 minutes and 40 seconds,KDS - Login Don't Delete
12060 Potranco Road,Gabriel Tovar ,6,,,1,9/7/25 8:31 AM,9/7/25 8:40 AM,9 minutes and 44 seconds,Zoila Salinas
12060 Potranco Road,Mario Jimenez,18,,Drive Thru,,9/7/25 8:37 AM,9/7/25 8:41 AM,4 minutes,KDS - Login Don't Delete
12060 Potranco Road,Mario Jimenez,18,,Food,,9/7/25 8:37 AM,9/7/25 8:41 AM,4 minutes,KDS - Login Don't Delete
12060 Potranco Road,Sugey Cabrera,11,3,,1,9/7/25 8:24 AM,9/7/25 8:47 AM,22 minutes and 29 seconds,Zoila Salinas
12060 Potranco Road,Gabriel Tovar ,14,,,1,9/7/25 8:33 AM,9/7/25 8:47 AM,13 minutes and 41 seconds,Zoila Salinas
12060 Potranco Road,Sugey Cabrera,22,34,No Print,,9/7/25 8:39 AM,9/7/25 8:49 AM,9 minutes and 40 seconds,KDS - Login Don't Delete
12060 Potranco Road,Sugey Cabrera,22,34,Food,,9/7/25 8:39 AM,9/7/25 8:49 AM,9 minutes and 40 seconds,KDS - Login Don't Delete
12060 Potranco Road,Gabriel Tovar ,17,,Drive Thru,,9/7/25 8:34 AM,9/7/25 8:49 AM,15 minutes and 19 seconds,KDS - Login Don't Delete
12060 Potranco Road,Gabriel Tovar ,17,,Food,,9/7/25 8:34 AM,9/7/25 8:49 AM,15 minutes and 19 seconds,KDS - Login Don't Delete
12060 Potranco Road,Lisa Velasquez,24,18,No Print,,9/7/25 8:41 AM,9/7/25 8:50 AM,9 minutes and 25 seconds,KDS - Login Don't Delete
12060 Potranco Road,Lisa Velasquez,24,18,Food,,9/7/25 8:41 AM,9/7/25 8:50 AM,9 minutes and 25 seconds,KDS - Login Don't Delete
12060 Potranco Road,Mario Jimenez,25,,Drive Thru,,9/7/25 8:53 AM,9/7/25 8:53 AM,29 seconds,KDS - Login Don't Delete
12060 Potranco Road,Mario Jimenez,25,,Food,,9/7/25 8:53 AM,9/7/25 8:53 AM,29 seconds,KDS - Login Don't Delete
12060 Potranco Road,Emanuel Sanchez,20,1,Food,,9/7/25 8:47 AM,9/7/25 8:58 AM,10 minutes and 52 seconds,KDS - Login Don't Delete
12060 Potranco Road,Emanuel Sanchez,20,1,No Print,,9/7/25 8:47 AM,9/7/25 8:58 AM,10 minutes and 52 seconds,KDS - Login Don't Delete
12060 Potranco Road,Mario Jimenez,19,,Drive Thru,,9/7/25 9:00 AM,9/7/25 9:04 AM,4 minutes and 13 seconds,KDS - Login Don't Delete
12060 Potranco Road,Mario Jimenez,19,,Food,,9/7/25 9:00 AM,9/7/25 9:04 AM,4 minutes and 13 seconds,KDS - Login Don't Delete
12060 Potranco Road,Mario Jimenez,27,,Drive Thru,,9/7/25 9:01 AM,9/7/25 9:05 AM,4 minutes and 10 seconds,KDS - Login Don't Delete
12060 Potranco Road,Mario Jimenez,27,,Food,,9/7/25 9:01 AM,9/7/25 9:05 AM,4 minutes and 10 seconds,KDS - Login Don't Delete
12060 Potranco Road,Sugey Cabrera,22,34,,1,9/7/25 8:49 AM,9/7/25 9:06 AM,16 minutes and 50 seconds,Zoila Salinas
12060 Potranco Road,siri quiroz,26,,Drive Thru,,9/7/25 9:01 AM,9/7/25 9:08 AM,7 minutes,KDS - Login Don't Delete
12060 Potranco Road,siri quiroz,26,,Food,,9/7/25 9:01 AM,9/7/25 9:08 AM,7 minutes,KDS - Login Don't Delete
12060 Potranco Road,Gabriel Tovar ,17,,,1,9/7/25 8:49 AM,9/7/25 9:08 AM,18 minutes and 40 seconds,Zoila Salinas
12060 Potranco Road,siri quiroz,26,,,1,9/7/25 9:08 AM,9/7/25 9:08 AM,23 seconds,Zoila Salinas
12060 Potranco Road,Emanuel Sanchez,20,1,,1,9/7/25 8:58 AM,9/7/25 9:08 AM,9 minutes and 44 seconds,Zoila Salinas
12060 Potranco Road,Lisa Velasquez,24,18,,1,9/7/25 8:50 AM,9/7/25 9:08 AM,17 minutes and 40 seconds,Zoila Salinas
12060 Potranco Road,Mario Jimenez,28,,Drive Thru,,9/7/25 9:06 AM,9/7/25 9:10 AM,4 minutes and 48 seconds,KDS - Login Don't Delete
12060 Potranco Road,Mario Jimenez,28,,Food,,9/7/25 9:06 AM,9/7/25 9:10 AM,4 minutes and 48 seconds,KDS - Login Don't Delete
12060 Potranco Road,Gabriel Tovar ,14,,No Print,,9/7/25 8:56 AM,9/7/25 9:11 AM,14 minutes and 54 seconds,KDS - Login Don't Delete
12060 Potranco Road,Gabriel Tovar ,14,,Food,,9/7/25 8:56 AM,9/7/25 9:11 AM,14 minutes and 54 seconds,KDS - Login Don't Delete
12060 Potranco Road,Sugey Cabrera,22001,25,No Print,,9/7/25 9:05 AM,9/7/25 9:11 AM,5 minutes and 48 seconds,KDS - Login Don't Delete
12060 Potranco Road,Sugey Cabrera,22001,25,Food,,9/7/25 9:05 AM,9/7/25 9:11 AM,5 minutes and 48 seconds,KDS - Login Don't Delete
12060 Potranco Road,Mario Jimenez,29,,Drive Thru,,9/7/25 9:08 AM,9/7/25 9:12 AM,3 minutes and 37 seconds,KDS - Login Don't Delete
12060 Potranco Road,Mario Jimenez,29,,Food,,9/7/25 9:08 AM,9/7/25 9:12 AM,3 minutes and 37 seconds,KDS - Login Don't Delete
12060 Potranco Road,siri quiroz,31,,Drive Thru,,9/7/25 9:10 AM,9/7/25 9:14 AM,3 minutes and 41 seconds,KDS - Login Don't Delete
12060 Potranco Road,siri quiroz,31,,Food,,9/7/25 9:10 AM,9/7/25 9:14 AM,3 minutes and 41 seconds,KDS - Login Don't Delete
12060 Potranco Road,siri quiroz,31,,,1,9/7/25 9:14 AM,9/7/25 9:15 AM,59 seconds,Zoila Salinas
12060 Potranco Road,Gabriel Tovar ,14,,,1,9/7/25 9:11 AM,9/7/25 9:15 AM,3 minutes and 59 seconds,Zoila Salinas
12060 Potranco Road,Sugey Cabrera,22001,25,,1,9/7/25 9:11 AM,9/7/25 9:16 AM,5 minutes and 13 seconds,Zoila Salinas
12060 Potranco Road,Mario Jimenez,30,,Drive Thru,,9/7/25 9:11 AM,9/7/25 9:17 AM,6 minutes and 20 seconds,KDS - Login Don't Delete
12060 Potranco Road,Mario Jimenez,30,,Food,,9/7/25 9:11 AM,9/7/25 9:17 AM,6 minutes and 20 seconds,KDS - Login Don't Delete
12060 Potranco Road,Mario Jimenez,32,,Drive Thru,,9/7/25 9:14 AM,9/7/25 9:18 AM,4 minutes and 2 seconds,KDS - Login Don't Delete
12060 Potranco Road,Mario Jimenez,32,,Food,,9/7/25 9:14 AM,9/7/25 9:18 AM,4 minutes and 2 seconds,KDS - Login Don't Delete
12060 Potranco Road,Mario Jimenez,33,,Drive Thru,,9/7/25 9:13 AM,9/7/25 9:18 AM,5 minutes and 48 seconds,KDS - Login Don't Delete
12060 Potranco Road,Mario Jimenez,33,,Food,,9/7/25 9:13 AM,9/7/25 9:18 AM,5 minutes and 48 seconds,KDS - Login Don't Delete
12060 Potranco Road,Emanuel Sanchez,34,22,No Print,,9/7/25 9:15 AM,9/7/25 9:22 AM,7 minutes and 8 seconds,KDS - Login Don't Delete
12060 Potranco Road,Emanuel Sanchez,34,22,Food,,9/7/25 9:15 AM,9/7/25 9:22 AM,7 minutes and 8 seconds,KDS - Login Don't Delete
12060 Potranco Road,siri quiroz,39,,Drive Thru,,9/7/25 9:21 AM,9/7/25 9:28 AM,6 minutes and 21 seconds,KDS - Login Don't Delete
12060 Potranco Road,siri quiroz,39,,Food,,9/7/25 9:21 AM,9/7/25 9:28 AM,6 minutes and 21 seconds,KDS - Login Don't Delete
12060 Potranco Road,siri quiroz,35,,Drive Thru,,9/7/25 9:19 AM,9/7/25 9:28 AM,8 minutes and 26 seconds,KDS - Login Don't Delete
12060 Potranco Road,siri quiroz,35,,Food,,9/7/25 9:19 AM,9/7/25 9:28 AM,8 minutes and 26 seconds,KDS - Login Don't Delete
12060 Potranco Road,Mario Jimenez,38,,Drive Thru,,9/7/25 9:23 AM,9/7/25 9:30 AM,7 minutes and 30 seconds,KDS - Login Don't Delete
12060 Potranco Road,Mario Jimenez,38,,Food,,9/7/25 9:23 AM,9/7/25 9:30 AM,7 minutes and 30 seconds,KDS - Login Don't Delete
12060 Potranco Road,Mario Jimenez,40,,Drive Thru,,9/7/25 9:26 AM,9/7/25 9:32 AM,6 minutes and 8 seconds,KDS - Login Don't Delete
12060 Potranco Road,Mario Jimenez,40,,Food,,9/7/25 9:26 AM,9/7/25 9:32 AM,6 minutes and 8 seconds,KDS - Login Don't Delete
12060 Potranco Road,Mario Jimenez,41,,Drive Thru,,9/7/25 9:28 AM,9/7/25 9:33 AM,4 minutes and 55 seconds,KDS - Login Don't Delete
12060 Potranco Road,Mario Jimenez,41,,Food,,9/7/25 9:28 AM,9/7/25 9:33 AM,4 minutes and 55 seconds,KDS - Login Don't Delete
12060 Potranco Road,Mario Jimenez,42,,Drive Thru,,9/7/25 9:29 AM,9/7/25 9:34 AM,5 minutes and 18 seconds,KDS - Login Don't Delete
12060 Potranco Road,Mario Jimenez,42,,Food,,9/7/25 9:29 AM,9/7/25 9:34 AM,5 minutes and 18 seconds,KDS - Login Don't Delete
12060 Potranco Road,Lisa Velasquez,36,3,No Print,,9/7/25 9:26 AM,9/7/25 9:38 AM,11 minutes and 34 seconds,KDS - Login Don't Delete
12060 Potranco Road,Lisa Velasquez,36,3,Food,,9/7/25 9:26 AM,9/7/25 9:38 AM,11 minutes and 34 seconds,KDS - Login Don't Delete
12060 Potranco Road,Mario Jimenez,45,,Drive Thru,,9/7/25 9:34 AM,9/7/25 9:38 AM,3 minutes and 35 seconds,KDS - Login Don't Delete
12060 Potranco Road,Mario Jimenez,45,,Food,,9/7/25 9:34 AM,9/7/25 9:38 AM,3 minutes and 35 seconds,KDS - Login Don't Delete
12060 Potranco Road,Mario Jimenez,44,,Drive Thru,,9/7/25 9:34 AM,9/7/25 9:39 AM,4 minutes and 58 seconds,KDS - Login Don't Delete
12060 Potranco Road,Mario Jimenez,44,,Food,,9/7/25 9:34 AM,9/7/25 9:39 AM,4 minutes and 58 seconds,KDS - Login Don't Delete
12060 Potranco Road,Mario Jimenez,43,,Drive Thru,,9/7/25 9:32 AM,9/7/25 9:39 AM,6 minutes and 52 seconds,KDS - Login Don't Delete
12060 Potranco Road,Mario Jimenez,43,,Food,,9/7/25 9:32 AM,9/7/25 9:39 AM,6 minutes and 52 seconds,KDS - Login Don't Delete
12060 Potranco Road,Gabriel Tovar ,14,,No Print,,9/7/25 9:33 AM,9/7/25 9:40 AM,6 minutes and 52 seconds,KDS - Login Don't Delete
12060 Potranco Road,Gabriel Tovar ,14,,Food,,9/7/25 9:33 AM,9/7/25 9:40 AM,6 minutes and 52 seconds,KDS - Login Don't Delete
12060 Potranco Road,Mario Jimenez,46,,Drive Thru,,9/7/25 9:36 AM,9/7/25 9:42 AM,5 minutes and 43 seconds,KDS - Login Don't Delete
12060 Potranco Road,Mario Jimenez,46,,Food,,9/7/25 9:36 AM,9/7/25 9:42 AM,5 minutes and 43 seconds,KDS - Login Don't Delete
12060 Potranco Road,Mario Jimenez,47,,Drive Thru,,9/7/25 9:39 AM,9/7/25 9:42 AM,3 minutes and 27 seconds,KDS - Login Don't Delete
12060 Potranco Road,Mario Jimenez,47,,Food,,9/7/25 9:39 AM,9/7/25 9:42 AM,3 minutes and 27 seconds,KDS - Login Don't Delete
12060 Potranco Road,Mario Jimenez,52,,Drive Thru,,9/7/25 9:42 AM,9/7/25 9:44 AM,1 minute and 37 seconds,KDS - Login Don't Delete
12060 Potranco Road,Mario Jimenez,52,,Food,,9/7/25 9:42 AM,9/7/25 9:44 AM,1 minute and 37 seconds,KDS - Login Don't Delete
12060 Potranco Road,Mario Jimenez,49,,Drive Thru,,9/7/25 9:40 AM,9/7/25 9:44 AM,4 minutes and 5 seconds,KDS - Login Don't Delete
12060 Potranco Road,Mario Jimenez,49,,Food,,9/7/25 9:40 AM,9/7/25 9:44 AM,4 minutes and 5 seconds,KDS - Login Don't Delete
12060 Potranco Road,Mario Jimenez,53,,Drive Thru,,9/7/25 9:45 AM,9/7/25 9:46 AM,1 minute and 48 seconds,KDS - Login Don't Delete
12060 Potranco Road,Mario Jimenez,53,,Food,,9/7/25 9:45 AM,9/7/25 9:46 AM,1 minute and 48 seconds,KDS - Login Don't Delete
12060 Potranco Road,Mario Jimenez,51,,Drive Thru,,9/7/25 9:41 AM,9/7/25 9:47 AM,5 minutes and 46 seconds,KDS - Login Don't Delete
12060 Potranco Road,Mario Jimenez,51,,Food,,9/7/25 9:41 AM,9/7/25 9:47 AM,5 minutes and 46 seconds,KDS - Login Don't Delete
12060 Potranco Road,Mario Jimenez,53,,Drive Thru,,9/7/25 9:45 AM,9/7/25 9:47 AM,1 minute and 46 seconds,KDS - Login Don't Delete
12060 Potranco Road,Mario Jimenez,53,,Food,,9/7/25 9:45 AM,9/7/25 9:47 AM,1 minute and 46 seconds,KDS - Login Don't Delete
12060 Potranco Road,Mario Jimenez,58,,Drive Thru,,9/7/25 9:46 AM,9/7/25 9:47 AM,1 minute and 31 seconds,KDS - Login Don't Delete
12060 Potranco Road,Mario Jimenez,58,,Food,,9/7/25 9:46 AM,9/7/25 9:47 AM,1 minute and 31 seconds,KDS - Login Don't Delete
12060 Potranco Road,Sugey Cabrera,54,27,No Print,,9/7/25 9:44 AM,9/7/25 9:49 AM,5 minutes and 3 seconds,KDS - Login Don't Delete
12060 Potranco Road,siri quiroz,56,,Drive Thru,,9/7/25 9:45 AM,9/7/25 9:49 AM,3 minutes and 55 seconds,KDS - Login Don't Delete
12060 Potranco Road,siri quiroz,56,,Food,,9/7/25 9:45 AM,9/7/25 9:49 AM,3 minutes and 55 seconds,KDS - Login Don't Delete
12060 Potranco Road,Sugey Cabrera,54,27,Food,,9/7/25 9:44 AM,9/7/25 9:49 AM,5 minutes and 3 seconds,KDS - Login Don't Delete
12060 Potranco Road,Sugey Cabrera,54,27,Drive Thru,,9/7/25 9:44 AM,9/7/25 9:49 AM,5 minutes and 3 seconds,KDS - Login Don't Delete
12060 Potranco Road,Gabriel Tovar ,14,,,1,9/7/25 9:40 AM,9/7/25 9:50 AM,9 minutes and 58 seconds,Zoila Salinas
12060 Potranco Road,siri quiroz,39,,,1,9/7/25 9:28 AM,9/7/25 9:50 AM,22 minutes and 21 seconds,Zoila Salinas
12060 Potranco Road,siri quiroz,35,,,1,9/7/25 9:28 AM,9/7/25 9:50 AM,22 minutes and 5 seconds,Zoila Salinas
12060 Potranco Road,siri quiroz,56,,,1,9/7/25 9:49 AM,9/7/25 9:50 AM,55 seconds,Zoila Salinas
12060 Potranco Road,Emanuel Sanchez,55,29,No Print,,9/7/25 9:45 AM,9/7/25 9:51 AM,5 minutes and 54 seconds,KDS - Login Don't Delete
12060 Potranco Road,Emanuel Sanchez,55,29,Food,,9/7/25 9:45 AM,9/7/25 9:51 AM,5 minutes and 54 seconds,KDS - Login Don't Delete
12060 Potranco Road,Emanuel Sanchez,34,22,,1,9/7/25 9:22 AM,9/7/25 9:51 AM,29 minutes and 8 seconds,Zoila Salinas
12060 Potranco Road,Mario Jimenez,60,,Drive Thru,,9/7/25 9:49 AM,9/7/25 9:51 AM,1 minute and 48 seconds,KDS - Login Don't Delete
12060 Potranco Road,Mario Jimenez,60,,Food,,9/7/25 9:49 AM,9/7/25 9:51 AM,1 minute and 48 seconds,KDS - Login Don't Delete
12060 Potranco Road,Mario Jimenez,59,,No Print,,9/7/25 9:47 AM,9/7/25 9:51 AM,3 minutes and 42 seconds,KDS - Login Don't Delete
12060 Potranco Road,Mario Jimenez,59,,Drive Thru,,9/7/25 9:47 AM,9/7/25 9:51 AM,3 minutes and 42 seconds,KDS - Login Don't Delete
12060 Potranco Road,Mario Jimenez,59,,Food,,9/7/25 9:47 AM,9/7/25 9:51 AM,3 minutes and 42 seconds,KDS - Login Don't Delete
12060 Potranco Road,Mario Jimenez,59,,Drinks,,9/7/25 9:47 AM,9/7/25 9:51 AM,3 minutes and 42 seconds,KDS - Login Don't Delete
12060 Potranco Road,siri quiroz,63,,Drive Thru,,9/7/25 9:50 AM,9/7/25 9:51 AM,1 minute and 7 seconds,KDS - Login Don't Delete
12060 Potranco Road,siri quiroz,63,,Food,,9/7/25 9:50 AM,9/7/25 9:51 AM,1 minute and 7 seconds,KDS - Login Don't Delete
12060 Potranco Road,Mario Jimenez,61,,Drive Thru,,9/7/25 9:51 AM,9/7/25 9:52 AM,1 minute and 45 seconds,KDS - Login Don't Delete
12060 Potranco Road,Mario Jimenez,61,,Food,,9/7/25 9:51 AM,9/7/25 9:52 AM,1 minute and 45 seconds,KDS - Login Don't Delete
12060 Potranco Road,Sugey Cabrera,54,27,,1,9/7/25 9:49 AM,9/7/25 9:52 AM,3 minutes and 25 seconds,Zoila Salinas
12060 Potranco Road,Lisa Velasquez,64,12,No Print,,9/7/25 9:51 AM,9/7/25 9:53 AM,2 minutes and 11 seconds,KDS - Login Don't Delete
12060 Potranco Road,Lisa Velasquez,64,12,Food,,9/7/25 9:51 AM,9/7/25 9:53 AM,2 minutes and 11 seconds,KDS - Login Don't Delete
12060 Potranco Road,Emanuel Sanchez,55,29,,1,9/7/25 9:51 AM,9/7/25 9:53 AM,2 minutes and 31 seconds,Zoila Salinas
12060 Potranco Road,Lisa Velasquez,64,12,,1,9/7/25 9:53 AM,9/7/25 9:54 AM,1 minute and 2 seconds,Zoila Salinas
12060 Potranco Road,siri quiroz,63,,,1,9/7/25 9:51 AM,9/7/25 9:54 AM,3 minutes and 19 seconds,Zoila Salinas
12060 Potranco Road,Lisa Velasquez,36,3,,1,9/7/25 9:38 AM,9/7/25 9:58 AM,20 minutes and 57 seconds,Zoila Salinas
12060 Potranco Road,Mario Jimenez,69,,Drive Thru,,9/7/25 9:56 AM,9/7/25 9:59 AM,3 minutes and 13 seconds,KDS - Login Don't Delete
12060 Potranco Road,Mario Jimenez,69,,Food,,9/7/25 9:56 AM,9/7/25 9:59 AM,3 minutes and 13 seconds,KDS - Login Don't Delete
12060 Potranco Road,Leticia Roman,66,8,Drive Thru,,9/7/25 9:56 AM,9/7/25 10:00 AM,3 minutes and 58 seconds,KDS - Login Don't Delete
12060 Potranco Road,Leticia Roman,66,8,Food,,9/7/25 9:56 AM,9/7/25 10:00 AM,3 minutes and 58 seconds,KDS - Login Don't Delete
12060 Potranco Road,Leticia Roman,66,8,No Print,,9/7/25 9:56 AM,9/7/25 10:00 AM,3 minutes and 58 seconds,KDS - Login Don't Delete
12060 Potranco Road,Mario Jimenez,70,,Drive Thru,,9/7/25 9:59 AM,9/7/25 10:01 AM,1 minute and 57 seconds,KDS - Login Don't Delete
12060 Potranco Road,Mario Jimenez,70,,Food,,9/7/25 9:59 AM,9/7/25 10:01 AM,1 minute and 57 seconds,KDS - Login Don't Delete
12060 Potranco Road,Emanuel Sanchez,67,16,No Print,,9/7/25 9:57 AM,9/7/25 10:02 AM,5 minutes and 48 seconds,KDS - Login Don't Delete
12060 Potranco Road,Emanuel Sanchez,67,16,Food,,9/7/25 9:57 AM,9/7/25 10:02 AM,5 minutes and 48 seconds,KDS - Login Don't Delete
12060 Potranco Road,siri quiroz,68,,Drive Thru,,9/7/25 9:58 AM,9/7/25 10:05 AM,6 minutes and 40 seconds,KDS - Login Don't Delete
12060 Potranco Road,siri quiroz,68,,Food,,9/7/25 9:58 AM,9/7/25 10:05 AM,6 minutes and 40 seconds,KDS - Login Don't Delete
12060 Potranco Road,Leticia Roman,66,8,,1,9/7/25 10:00 AM,9/7/25 10:07 AM,6 minutes and 19 seconds,Zoila Salinas
12060 Potranco Road,Emanuel Sanchez,67,16,,1,9/7/25 10:02 AM,9/7/25 10:07 AM,4 minutes and 14 seconds,Zoila Salinas
12060 Potranco Road,siri quiroz,68,,,1,9/7/25 10:05 AM,9/7/25 10:07 AM,1 minute and 55 seconds,Zoila Salinas
12060 Potranco Road,Sugey Cabrera,73,35,No Print,,9/7/25 10:02 AM,9/7/25 10:07 AM,5 minutes and 6 seconds,KDS - Login Don't Delete
12060 Potranco Road,Sugey Cabrera,73,35,Food,,9/7/25 10:02 AM,9/7/25 10:07 AM,5 minutes and 6 seconds,KDS - Login Don't Delete
12060 Potranco Road,Mario Jimenez,74,,Drive Thru,,9/7/25 10:01 AM,9/7/25 10:08 AM,7 minutes and 10 seconds,KDS - Login Don't Delete
12060 Potranco Road,Mario Jimenez,74,,Food,,9/7/25 10:01 AM,9/7/25 10:08 AM,7 minutes and 10 seconds,KDS - Login Don't Delete
12060 Potranco Road,Lisa Velasquez,72,14,No Print,,9/7/25 10:03 AM,9/7/25 10:09 AM,5 minutes and 50 seconds,KDS - Login Don't Delete
12060 Potranco Road,Lisa Velasquez,72,14,Food,,9/7/25 10:03 AM,9/7/25 10:09 AM,5 minutes and 50 seconds,KDS - Login Don't Delete
12060 Potranco Road,Sugey Cabrera,73,35,,1,9/7/25 10:07 AM,9/7/25 10:10 AM,3 minutes and 38 seconds,Zoila Salinas
12060 Potranco Road,Mario Jimenez,75,,Drive Thru,,9/7/25 10:02 AM,9/7/25 10:11 AM,8 minutes and 27 seconds,KDS - Login Don't Delete
12060 Potranco Road,Mario Jimenez,75,,Food,,9/7/25 10:02 AM,9/7/25 10:11 AM,8 minutes and 27 seconds,KDS - Login Don't Delete
12060 Potranco Road,Lisa Velasquez,72,14,,1,9/7/25 10:09 AM,9/7/25 10:11 AM,1 minute and 55 seconds,Zoila Salinas
12060 Potranco Road,Mario Jimenez,78,,Drive Thru,,9/7/25 10:04 AM,9/7/25 10:11 AM,7 minutes and 22 seconds,KDS - Login Don't Delete
12060 Potranco Road,Mario Jimenez,78,,Food,,9/7/25 10:04 AM,9/7/25 10:11 AM,7 minutes and 22 seconds,KDS - Login Don't Delete
12060 Potranco Road,Leticia Roman,77,5,No Print,,9/7/25 10:04 AM,9/7/25 10:12 AM,7 minutes and 57 seconds,KDS - Login Don't Delete
12060 Potranco Road,Leticia Roman,77,5,Food,,9/7/25 10:04 AM,9/7/25 10:12 AM,7 minutes and 57 seconds,KDS - Login Don't Delete
12060 Potranco Road,Mario Jimenez,80,,Drive Thru,,9/7/25 10:06 AM,9/7/25 10:13 AM,6 minutes and 34 seconds,KDS - Login Don't Delete
12060 Potranco Road,Mario Jimenez,80,,Food,,9/7/25 10:06 AM,9/7/25 10:13 AM,6 minutes and 34 seconds,KDS - Login Don't Delete
12060 Potranco Road,Sugey Cabrera,79,18,No Print,,9/7/25 10:05 AM,9/7/25 10:13 AM,7 minutes and 44 seconds,KDS - Login Don't Delete
12060 Potranco Road,Sugey Cabrera,79,18,Food,,9/7/25 10:05 AM,9/7/25 10:13 AM,7 minutes and 44 seconds,KDS - Login Don't Delete
12060 Potranco Road,Sugey Cabrera,79,18,Drive Thru,,9/7/25 10:05 AM,9/7/25 10:13 AM,7 minutes and 44 seconds,KDS - Login Don't Delete
12060 Potranco Road,Sugey Cabrera,79,18,,1,9/7/25 10:13 AM,9/7/25 10:14 AM,36 seconds,Zoila Salinas
12060 Potranco Road,Lisa Velasquez,82,22,No Print,,9/7/25 10:09 AM,9/7/25 10:15 AM,5 minutes and 5 seconds,KDS - Login Don't Delete
12060 Potranco Road,Lisa Velasquez,82,22,Food,,9/7/25 10:09 AM,9/7/25 10:15 AM,5 minutes and 5 seconds,KDS - Login Don't Delete
12060 Potranco Road,Candy Del Angel,85,,Drive Thru,,9/7/25 10:12 AM,9/7/25 10:17 AM,4 minutes and 20 seconds,KDS - Login Don't Delete
12060 Potranco Road,Candy Del Angel,85,,Food,,9/7/25 10:12 AM,9/7/25 10:17 AM,4 minutes and 20 seconds,KDS - Login Don't Delete
12060 Potranco Road,Mario Jimenez,84,,Drive Thru,,9/7/25 10:10 AM,9/7/25 10:17 AM,6 minutes and 51 seconds,KDS - Login Don't Delete
12060 Potranco Road,Mario Jimenez,84,,Food,,9/7/25 10:10 AM,9/7/25 10:17 AM,6 minutes and 51 seconds,KDS - Login Don't Delete
12060 Potranco Road,Leticia Roman,50,15,No Print,,9/7/25 10:11 AM,9/7/25 10:17 AM,6 minutes and 1 second,KDS - Login Don't Delete
12060 Potranco Road,Leticia Roman,50,15,Food,,9/7/25 10:11 AM,9/7/25 10:17 AM,6 minutes and 1 second,KDS - Login Don't Delete
12060 Potranco Road,Mario Jimenez,81,,Drive Thru,,9/7/25 10:07 AM,9/7/25 10:18 AM,11 minutes and 8 seconds,KDS - Login Don't Delete
12060 Potranco Road,Mario Jimenez,81,,Food,,9/7/25 10:07 AM,9/7/25 10:18 AM,11 minutes and 8 seconds,KDS - Login Don't Delete
12060 Potranco Road,Lisa Velasquez,82,22,Drive Thru,,9/7/25 10:19 AM,9/7/25 10:19 AM,23 seconds,KDS - Login Don't Delete
12060 Potranco Road,Lisa Velasquez,82,22,Food,,9/7/25 10:19 AM,9/7/25 10:19 AM,23 seconds,KDS - Login Don't Delete
12060 Potranco Road,Lisa Velasquez,93,2,No Print,,9/7/25 10:18 AM,9/7/25 10:19 AM,1 minute and 4 seconds,KDS - Login Don't Delete
12060 Potranco Road,Lisa Velasquez,93,2,Food,,9/7/25 10:18 AM,9/7/25 10:19 AM,1 minute and 4 seconds,KDS - Login Don't Delete
12060 Potranco Road,Lisa Velasquez,64,12,No Print,,9/7/25 10:11 AM,9/7/25 10:19 AM,7 minutes and 31 seconds,KDS - Login Don't Delete
12060 Potranco Road,Lisa Velasquez,64,12,Food,,9/7/25 10:11 AM,9/7/25 10:19 AM,7 minutes and 31 seconds,KDS - Login Don't Delete
12060 Potranco Road,Lisa Velasquez,64,12,,1,9/7/25 10:19 AM,9/7/25 10:19 AM,24 seconds,Zoila Salinas
12060 Potranco Road,Leticia Roman,87,31,No Print,,9/7/25 10:16 AM,9/7/25 10:20 AM,3 minutes and 50 seconds,KDS - Login Don't Delete
12060 Potranco Road,Leticia Roman,87,31,Food,,9/7/25 10:16 AM,9/7/25 10:20 AM,3 minutes and 50 seconds,KDS - Login Don't Delete
12060 Potranco Road,Mario Jimenez,76,,Drive Thru,,9/7/25 10:13 AM,9/7/25 10:21 AM,8 minutes and 2 seconds,KDS - Login Don't Delete
12060 Potranco Road,Mario Jimenez,76,,Food,,9/7/25 10:13 AM,9/7/25 10:21 AM,8 minutes and 2 seconds,KDS - Login Don't Delete
12060 Potranco Road,Leticia Roman,96,3,No Print,,9/7/25 10:21 AM,9/7/25 10:22 AM,58 seconds,KDS - Login Don't Delete
12060 Potranco Road,Leticia Roman,96,3,Food,,9/7/25 10:21 AM,9/7/25 10:22 AM,58 seconds,KDS - Login Don't Delete
12060 Potranco Road,Emanuel Sanchez,83,1,No Print,,9/7/25 10:10 AM,9/7/25 10:22 AM,11 minutes and 12 seconds,KDS - Login Don't Delete
12060 Potranco Road,Emanuel Sanchez,83,1,Food,,9/7/25 10:10 AM,9/7/25 10:22 AM,11 minutes and 12 seconds,KDS - Login Don't Delete
12060 Potranco Road,Lisa Velasquez,82,22,,1,9/7/25 10:19 AM,9/7/25 10:23 AM,3 minutes and 37 seconds,Zoila Salinas
12060 Potranco Road,Leticia Roman,87,31,,1,9/7/25 10:20 AM,9/7/25 10:23 AM,2 minutes and 21 seconds,Zoila Salinas
12060 Potranco Road,Mario Jimenez,86,,Drive Thru,,9/7/25 10:14 AM,9/7/25 10:23 AM,9 minutes and 30 seconds,KDS - Login Don't Delete
12060 Potranco Road,Mario Jimenez,86,,Food,,9/7/25 10:14 AM,9/7/25 10:23 AM,9 minutes and 30 seconds,KDS - Login Don't Delete
12060 Potranco Road,Leticia Roman,96,3,,1,9/7/25 10:22 AM,9/7/25 10:24 AM,2 minutes and 6 seconds,Zoila Salinas
12060 Potranco Road,Emanuel Sanchez,91,21,No Print,,9/7/25 10:17 AM,9/7/25 10:24 AM,7 minutes and 25 seconds,KDS - Login Don't Delete
12060 Potranco Road,Emanuel Sanchez,91,21,Food,,9/7/25 10:17 AM,9/7/25 10:24 AM,7 minutes and 25 seconds,KDS - Login Don't Delete
12060 Potranco Road,Mario Jimenez,89,,Drive Thru,,9/7/25 10:15 AM,9/7/25 10:26 AM,11 minutes and 13 seconds,KDS - Login Don't Delete
12060 Potranco Road,Mario Jimenez,89,,Food,,9/7/25 10:15 AM,9/7/25 10:26 AM,11 minutes and 13 seconds,KDS - Login Don't Delete
12060 Potranco Road,Leticia Roman,77,5,,1,9/7/25 10:12 AM,9/7/25 10:27 AM,14 minutes and 41 seconds,Zoila Salinas
12060 Potranco Road,Mario Jimenez,92,,Drive Thru,,9/7/25 10:20 AM,9/7/25 10:27 AM,7 minutes and 41 seconds,KDS - Login Don't Delete
12060 Potranco Road,Mario Jimenez,92,,Food,,9/7/25 10:20 AM,9/7/25 10:27 AM,7 minutes and 41 seconds,KDS - Login Don't Delete
12060 Potranco Road,Mario Jimenez,95,,Drive Thru,,9/7/25 10:21 AM,9/7/25 10:29 AM,8 minutes and 12 seconds,KDS - Login Don't Delete
12060 Potranco Road,Mario Jimenez,95,,Food,,9/7/25 10:21 AM,9/7/25 10:29 AM,8 minutes and 12 seconds,KDS - Login Don't Delete
12060 Potranco Road,Mario Jimenez,100,,Drive Thru,,9/7/25 10:23 AM,9/7/25 10:31 AM,8 minutes,KDS - Login Don't Delete
12060 Potranco Road,Mario Jimenez,100,,Food,,9/7/25 10:23 AM,9/7/25 10:31 AM,8 minutes,KDS - Login Don't Delete
12060 Potranco Road,Emanuel Sanchez,83,1,,1,9/7/25 10:22 AM,9/7/25 10:31 AM,9 minutes and 33 seconds,Zoila Salinas
12060 Potranco Road,Lisa Velasquez,82,22,,1,9/7/25 10:15 AM,9/7/25 10:31 AM,16 minutes and 42 seconds,Zoila Salinas
12060 Potranco Road,Leticia Roman,50,15,,1,9/7/25 10:17 AM,9/7/25 10:31 AM,14 minutes and 23 seconds,Zoila Salinas
12060 Potranco Road,Candy Del Angel,85,,,1,9/7/25 10:17 AM,9/7/25 10:31 AM,14 minutes and 36 seconds,Zoila Salinas
12060 Potranco Road,Emanuel Sanchez,91,21,,1,9/7/25 10:24 AM,9/7/25 10:32 AM,7 minutes and 28 seconds,Zoila Salinas
12060 Potranco Road,Lisa Velasquez,93,2,,1,9/7/25 10:19 AM,9/7/25 10:32 AM,12 minutes and 42 seconds,Zoila Salinas
12060 Potranco Road,siri quiroz,98,,Drive Thru,,9/7/25 10:24 AM,9/7/25 10:34 AM,10 minutes and 11 seconds,KDS - Login Don't Delete
12060 Potranco Road,siri quiroz,98,,Food,,9/7/25 10:24 AM,9/7/25 10:34 AM,10 minutes and 11 seconds,KDS - Login Don't Delete
12060 Potranco Road,Mario Jimenez,90,,Drive Thru,,9/7/25 10:16 AM,9/7/25 10:34 AM,18 minutes and 5 seconds,KDS - Login Don't Delete
12060 Potranco Road,Mario Jimenez,90,,Food,,9/7/25 10:16 AM,9/7/25 10:34 AM,18 minutes and 5 seconds,KDS - Login Don't Delete
12060 Potranco Road,Candy Del Angel,85,,Drive Thru,,9/7/25 10:21 AM,9/7/25 10:34 AM,12 minutes and 31 seconds,KDS - Login Don't Delete
12060 Potranco Road,Candy Del Angel,85,,Food,,9/7/25 10:21 AM,9/7/25 10:34 AM,12 minutes and 31 seconds,KDS - Login Don't Delete
12060 Potranco Road,Emanuel Sanchez,99,29,No Print,,9/7/25 10:25 AM,9/7/25 10:34 AM,9 minutes and 11 seconds,KDS - Login Don't Delete
12060 Potranco Road,Emanuel Sanchez,99,29,Food,,9/7/25 10:25 AM,9/7/25 10:34 AM,9 minutes and 11 seconds,KDS - Login Don't Delete
12060 Potranco Road,Emanuel Sanchez,99,29,,1,9/7/25 10:34 AM,9/7/25 10:34 AM,20 seconds,Zoila Salinas
12060 Potranco Road,Sugey Cabrera,94,23,No Print,,9/7/25 10:20 AM,9/7/25 10:35 AM,14 minutes and 28 seconds,KDS - Login Don't Delete
12060 Potranco Road,Sugey Cabrera,94,23,Food,,9/7/25 10:20 AM,9/7/25 10:35 AM,14 minutes and 28 seconds,KDS - Login Don't Delete
12060 Potranco Road,Candy Del Angel,85,,,1,9/7/25 10:34 AM,9/7/25 10:35 AM,1 minute,Zoila Salinas
12060 Potranco Road,Emanuel Sanchez,91,21,Drive Thru,,9/7/25 10:31 AM,9/7/25 10:35 AM,3 minutes and 57 seconds,KDS - Login Don't Delete
12060 Potranco Road,Emanuel Sanchez,91,21,Food,,9/7/25 10:31 AM,9/7/25 10:35 AM,3 minutes and 57 seconds,KDS - Login Don't Delete
12060 Potranco Road,Mario Jimenez,104,,Drive Thru,,9/7/25 10:28 AM,9/7/25 10:35 AM,7 minutes and 26 seconds,KDS - Login Don't Delete
12060 Potranco Road,Mario Jimenez,104,,Food,,9/7/25 10:28 AM,9/7/25 10:35 AM,7 minutes and 26 seconds,KDS - Login Don't Delete
12060 Potranco Road,Mario Jimenez,105,,Drive Thru,,9/7/25 10:30 AM,9/7/25 10:35 AM,5 minutes and 23 seconds,KDS - Login Don't Delete
12060 Potranco Road,Mario Jimenez,105,,Food,,9/7/25 10:30 AM,9/7/25 10:35 AM,5 minutes and 23 seconds,KDS - Login Don't Delete
12060 Potranco Road,Sugey Cabrera,94,23,,1,9/7/25 10:35 AM,9/7/25 10:36 AM,1 minute and 6 seconds,Zoila Salinas
12060 Potranco Road,Mario Jimenez,108,,Drive Thru,,9/7/25 10:31 AM,9/7/25 10:36 AM,5 minutes,KDS - Login Don't Delete
12060 Potranco Road,Mario Jimenez,108,,Food,,9/7/25 10:31 AM,9/7/25 10:36 AM,5 minutes,KDS - Login Don't Delete
12060 Potranco Road,siri quiroz,98,,,1,9/7/25 10:34 AM,9/7/25 10:37 AM,2 minutes and 50 seconds,Zoila Salinas
12060 Potranco Road,Sugey Cabrera,79,18,No Print,,9/7/25 10:22 AM,9/7/25 10:37 AM,14 minutes and 45 seconds,KDS - Login Don't Delete
12060 Potranco Road,Sugey Cabrera,79,18,Food,,9/7/25 10:22 AM,9/7/25 10:37 AM,14 minutes and 45 seconds,KDS - Login Don't Delete
12060 Potranco Road,Sugey Cabrera,103,6,No Print,,9/7/25 10:26 AM,9/7/25 10:38 AM,11 minutes and 43 seconds,KDS - Login Don't Delete
12060 Potranco Road,Sugey Cabrera,103,6,Food,,9/7/25 10:26 AM,9/7/25 10:38 AM,11 minutes and 43 seconds,KDS - Login Don't Delete
12060 Potranco Road,Sugey Cabrera,103,6,Drive Thru,,9/7/25 10:26 AM,9/7/25 10:38 AM,11 minutes and 43 seconds,KDS - Login Don't Delete
12060 Potranco Road,Sugey Cabrera,103,6,Drinks,,9/7/25 10:26 AM,9/7/25 10:38 AM,11 minutes and 43 seconds,KDS - Login Don't Delete
12060 Potranco Road,Leticia Roman,102,8,No Print,,9/7/25 10:28 AM,9/7/25 10:39 AM,10 minutes and 37 seconds,KDS - Login Don't Delete
12060 Potranco Road,Leticia Roman,102,8,Food,,9/7/25 10:28 AM,9/7/25 10:39 AM,10 minutes and 37 seconds,KDS - Login Don't Delete
12060 Potranco Road,Mario Jimenez,110,,Drive Thru,,9/7/25 10:37 AM,9/7/25 10:39 AM,2 minutes and 48 seconds,KDS - Login Don't Delete
12060 Potranco Road,Mario Jimenez,110,,Food,,9/7/25 10:37 AM,9/7/25 10:39 AM,2 minutes and 48 seconds,KDS - Login Don't Delete
12060 Potranco Road,Emanuel Sanchez,115,28,No Print,,9/7/25 10:38 AM,9/7/25 10:40 AM,2 minutes and 8 seconds,KDS - Login Don't Delete
12060 Potranco Road,Emanuel Sanchez,115,28,Food,,9/7/25 10:38 AM,9/7/25 10:40 AM,2 minutes and 8 seconds,KDS - Login Don't Delete
12060 Potranco Road,Mario Jimenez,113,,Drive Thru,,9/7/25 10:37 AM,9/7/25 10:42 AM,4 minutes and 17 seconds,KDS - Login Don't Delete
12060 Potranco Road,Mario Jimenez,113,,Food,,9/7/25 10:37 AM,9/7/25 10:42 AM,4 minutes and 17 seconds,KDS - Login Don't Delete
12060 Potranco Road,Mario Jimenez,114,,Drive Thru,,9/7/25 10:38 AM,9/7/25 10:43 AM,5 minutes and 23 seconds,KDS - Login Don't Delete
12060 Potranco Road,Mario Jimenez,114,,Food,,9/7/25 10:38 AM,9/7/25 10:43 AM,5 minutes and 23 seconds,KDS - Login Don't Delete
12060 Potranco Road,Mario Jimenez,90,,,1,9/7/25 10:34 AM,9/7/25 10:43 AM,9 minutes and 38 seconds,Zoila Salinas
12060 Potranco Road,Sugey Cabrera,79,18,,1,9/7/25 10:37 AM,9/7/25 10:43 AM,6 minutes and 46 seconds,Zoila Salinas
12060 Potranco Road,Emanuel Sanchez,91,21,,1,9/7/25 10:35 AM,9/7/25 10:43 AM,8 minutes and 32 seconds,Zoila Salinas
12060 Potranco Road,Sugey Cabrera,103,6,,1,9/7/25 10:38 AM,9/7/25 10:44 AM,5 minutes and 36 seconds,Zoila Salinas
12060 Potranco Road,siri quiroz,118,,,1,9/7/25 10:39 AM,9/7/25 10:44 AM,4 minutes and 33 seconds,Zoila Salinas
12060 Potranco Road,Emanuel Sanchez,115,28,,1,9/7/25 10:40 AM,9/7/25 10:44 AM,3 minutes and 52 seconds,Zoila Salinas
12060 Potranco Road,Leticia Roman,102,8,,1,9/7/25 10:39 AM,9/7/25 10:45 AM,6 minutes and 17 seconds,Zoila Salinas
12060 Potranco Road,Mario Jimenez,116,,Drive Thru,,9/7/25 10:38 AM,9/7/25 10:45 AM,6 minutes and 56 seconds,KDS - Login Don't Delete
12060 Potranco Road,Mario Jimenez,116,,Food,,9/7/25 10:38 AM,9/7/25 10:45 AM,6 minutes and 56 seconds,KDS - Login Don't Delete
12060 Potranco Road,Mario Jimenez,119,,Drive Thru,,9/7/25 10:39 AM,9/7/25 10:45 AM,5 minutes and 49 seconds,KDS - Login Don't Delete
12060 Potranco Road,Mario Jimenez,119,,Food,,9/7/25 10:39 AM,9/7/25 10:45 AM,5 minutes and 49 seconds,KDS - Login Don't Delete
12060 Potranco Road,Sugey Cabrera,107,4,,1,9/7/25 10:31 AM,9/7/25 10:45 AM,14 minutes and 5 seconds,Zoila Salinas
12060 Potranco Road,Lisa Velasquez,106,25,No Print,,9/7/25 10:30 AM,9/7/25 10:46 AM,15 minutes and 46 seconds,KDS - Login Don't Delete
12060 Potranco Road,Lisa Velasquez,106,25,Food,,9/7/25 10:30 AM,9/7/25 10:46 AM,15 minutes and 46 seconds,KDS - Login Don't Delete
12060 Potranco Road,Lisa Velasquez,111,12,No Print,,9/7/25 10:34 AM,9/7/25 10:46 AM,12 minutes and 16 seconds,KDS - Login Don't Delete
12060 Potranco Road,Lisa Velasquez,111,12,Food,,9/7/25 10:34 AM,9/7/25 10:46 AM,12 minutes and 16 seconds,KDS - Login Don't Delete
12060 Potranco Road,Lisa Velasquez,106,25,,1,9/7/25 10:46 AM,9/7/25 10:47 AM,1 minute and 3 seconds,Zoila Salinas
12060 Potranco Road,Lisa Velasquez,111,12,,1,9/7/25 10:46 AM,9/7/25 10:47 AM,38 seconds,Zoila Salinas
12060 Potranco Road,Mario Jimenez,120,,Drive Thru,,9/7/25 10:43 AM,9/7/25 10:48 AM,4 minutes and 53 seconds,KDS - Login Don't Delete
12060 Potranco Road,Mario Jimenez,120,,Food,,9/7/25 10:43 AM,9/7/25 10:48 AM,4 minutes and 53 seconds,KDS - Login Don't Delete
12060 Potranco Road,Emanuel Sanchez,115,28,Drive Thru,,9/7/25 10:45 AM,9/7/25 10:48 AM,3 minutes and 9 seconds,KDS - Login Don't Delete
12060 Potranco Road,Emanuel Sanchez,115,28,Food,,9/7/25 10:45 AM,9/7/25 10:48 AM,3 minutes and 9 seconds,KDS - Login Don't Delete
12060 Potranco Road,Mario Jimenez,121,,Drive Thru,,9/7/25 10:47 AM,9/7/25 10:50 AM,2 minutes and 59 seconds,KDS - Login Don't Delete
12060 Potranco Road,Mario Jimenez,121,,Food,,9/7/25 10:47 AM,9/7/25 10:50 AM,2 minutes and 59 seconds,KDS - Login Don't Delete
12060 Potranco Road,Leticia Roman,112,27,No Print,,9/7/25 10:41 AM,9/7/25 10:51 AM,10 minutes and 2 seconds,KDS - Login Don't Delete
12060 Potranco Road,Leticia Roman,112,27,Food,,9/7/25 10:41 AM,9/7/25 10:51 AM,10 minutes and 2 seconds,KDS - Login Don't Delete
12060 Potranco Road,Mario Jimenez,90,,Drive Thru,,9/7/25 10:45 AM,9/7/25 10:53 AM,8 minutes and 13 seconds,KDS - Login Don't Delete
12060 Potranco Road,Mario Jimenez,90,,Food,,9/7/25 10:45 AM,9/7/25 10:53 AM,8 minutes and 13 seconds,KDS - Login Don't Delete
12060 Potranco Road,Emanuel Sanchez,124,5,No Print,,9/7/25 10:51 AM,9/7/25 10:53 AM,2 minutes and 47 seconds,KDS - Login Don't Delete
12060 Potranco Road,Emanuel Sanchez,124,5,Food,,9/7/25 10:51 AM,9/7/25 10:53 AM,2 minutes and 47 seconds,KDS - Login Don't Delete
12060 Potranco Road,Mario Jimenez,123,,Drive Thru,,9/7/25 10:50 AM,9/7/25 10:54 AM,4 minutes and 27 seconds,KDS - Login Don't Delete
12060 Potranco Road,Mario Jimenez,123,,Food,,9/7/25 10:50 AM,9/7/25 10:54 AM,4 minutes and 27 seconds,KDS - Login Don't Delete
12060 Potranco Road,Mario Jimenez,128,,Drive Thru,,9/7/25 10:52 AM,9/7/25 10:56 AM,4 minutes and 5 seconds,KDS - Login Don't Delete
12060 Potranco Road,Mario Jimenez,128,,Food,,9/7/25 10:52 AM,9/7/25 10:56 AM,4 minutes and 5 seconds,KDS - Login Don't Delete
12060 Potranco Road,Mario Jimenez,129,,Drive Thru,,9/7/25 10:53 AM,9/7/25 11:01 AM,7 minutes and 55 seconds,KDS - Login Don't Delete
12060 Potranco Road,Mario Jimenez,129,,Food,,9/7/25 10:53 AM,9/7/25 11:01 AM,7 minutes and 55 seconds,KDS - Login Don't Delete
12060 Potranco Road,Sugey Cabrera,127,16,No Print,,9/7/25 10:52 AM,9/7/25 11:01 AM,9 minutes and 10 seconds,KDS - Login Don't Delete
12060 Potranco Road,Sugey Cabrera,127,16,Food,,9/7/25 10:52 AM,9/7/25 11:01 AM,9 minutes and 10 seconds,KDS - Login Don't Delete
12060 Potranco Road,Sugey Cabrera,127,16,Drive Thru,,9/7/25 10:52 AM,9/7/25 11:01 AM,9 minutes and 10 seconds,KDS - Login Don't Delete
12060 Potranco Road,Mario Jimenez,131,,Drive Thru,,9/7/25 10:55 AM,9/7/25 11:02 AM,6 minutes and 25 seconds,KDS - Login Don't Delete
12060 Potranco Road,Mario Jimenez,131,,Food,,9/7/25 10:55 AM,9/7/25 11:02 AM,6 minutes and 25 seconds,KDS - Login Don't Delete
12060 Potranco Road,Sugey Cabrera,127,16,,1,9/7/25 11:01 AM,9/7/25 11:02 AM,27 seconds,Zoila Salinas
12060 Potranco Road,Mario Jimenez,133,,Drive Thru,,9/7/25 10:56 AM,9/7/25 11:03 AM,7 minutes and 20 seconds,KDS - Login Don't Delete
12060 Potranco Road,Mario Jimenez,133,,Food,,9/7/25 10:56 AM,9/7/25 11:03 AM,7 minutes and 20 seconds,KDS - Login Don't Delete
12060 Potranco Road,Emanuel Sanchez,115,28,,1,9/7/25 10:48 AM,9/7/25 11:04 AM,15 minutes and 18 seconds,Zoila Salinas
12060 Potranco Road,Emanuel Sanchez,124,5,,1,9/7/25 10:53 AM,9/7/25 11:04 AM,10 minutes and 14 seconds,Zoila Salinas
12060 Potranco Road,Leticia Roman,125,20,No Print,,9/7/25 10:54 AM,9/7/25 11:05 AM,11 minutes and 18 seconds,KDS - Login Don't Delete
12060 Potranco Road,Leticia Roman,125,20,Food,,9/7/25 10:54 AM,9/7/25 11:05 AM,11 minutes and 18 seconds,KDS - Login Don't Delete
12060 Potranco Road,Lisa Velasquez,132,11,No Print,,9/7/25 10:54 AM,9/7/25 11:06 AM,11 minutes and 47 seconds,KDS - Login Don't Delete
12060 Potranco Road,Lisa Velasquez,132,11,Food,,9/7/25 10:54 AM,9/7/25 11:06 AM,11 minutes and 47 seconds,KDS - Login Don't Delete
12060 Potranco Road,Mario Jimenez,135,,Drive Thru,,9/7/25 10:58 AM,9/7/25 11:07 AM,8 minutes and 43 seconds,KDS - Login Don't Delete
12060 Potranco Road,Mario Jimenez,135,,Food,,9/7/25 10:58 AM,9/7/25 11:07 AM,8 minutes and 43 seconds,KDS - Login Don't Delete
12060 Potranco Road,Emanuel Sanchez,130,2,No Print,,9/7/25 10:56 AM,9/7/25 11:08 AM,11 minutes and 36 seconds,KDS - Login Don't Delete
12060 Potranco Road,Emanuel Sanchez,130,2,Food,,9/7/25 10:56 AM,9/7/25 11:08 AM,11 minutes and 36 seconds,KDS - Login Don't Delete
12060 Potranco Road,Emanuel Sanchez,130,2,Drive Thru,,9/7/25 10:56 AM,9/7/25 11:08 AM,11 minutes and 36 seconds,KDS - Login Don't Delete
12060 Potranco Road,Leticia Roman,112,27,,1,9/7/25 10:51 AM,9/7/25 11:09 AM,18 minutes and 4 seconds,Zoila Salinas
12060 Potranco Road,Leticia Roman,125,20,,1,9/7/25 11:05 AM,9/7/25 11:09 AM,3 minutes and 22 seconds,Zoila Salinas
12060 Potranco Road,Sugey Cabrera,139,35,No Print,,9/7/25 11:01 AM,9/7/25 11:10 AM,9 minutes and 18 seconds,KDS - Login Don't Delete
12060 Potranco Road,Sugey Cabrera,139,35,Food,,9/7/25 11:01 AM,9/7/25 11:10 AM,9 minutes and 18 seconds,KDS - Login Don't Delete
12060 Potranco Road,Mario Jimenez,137,,Drive Thru,,9/7/25 11:03 AM,9/7/25 11:10 AM,7 minutes and 13 seconds,KDS - Login Don't Delete
12060 Potranco Road,Mario Jimenez,137,,Food,,9/7/25 11:03 AM,9/7/25 11:10 AM,7 minutes and 13 seconds,KDS - Login Don't Delete
12060 Potranco Road,Leticia Roman,142,7,No Print,,9/7/25 11:02 AM,9/7/25 11:10 AM,8 minutes and 27 seconds,KDS - Login Don't Delete
12060 Potranco Road,Leticia Roman,142,7,Food,,9/7/25 11:02 AM,9/7/25 11:10 AM,8 minutes and 27 seconds,KDS - Login Don't Delete
12060 Potranco Road,Sugey Cabrera,139,35,,1,9/7/25 11:10 AM,9/7/25 11:11 AM,38 seconds,Zoila Salinas
12060 Potranco Road,Mario Jimenez,143,,Drive Thru,,9/7/25 11:06 AM,9/7/25 11:12 AM,5 minutes and 31 seconds,KDS - Login Don't Delete
12060 Potranco Road,Mario Jimenez,143,,Food,,9/7/25 11:06 AM,9/7/25 11:12 AM,5 minutes and 31 seconds,KDS - Login Don't Delete
12060 Potranco Road,Mario Jimenez,147,,Drive Thru,,9/7/25 11:08 AM,9/7/25 11:12 AM,4 minutes and 2 seconds,KDS - Login Don't Delete
12060 Potranco Road,Mario Jimenez,147,,Food,,9/7/25 11:08 AM,9/7/25 11:12 AM,4 minutes and 2 seconds,KDS - Login Don't Delete
12060 Potranco Road,Gabriel Tovar ,136,1,No Print,,9/7/25 11:00 AM,9/7/25 11:12 AM,12 minutes and 15 seconds,KDS - Login Don't Delete
12060 Potranco Road,Gabriel Tovar ,136,1,Food,,9/7/25 11:00 AM,9/7/25 11:12 AM,12 minutes and 15 seconds,KDS - Login Don't Delete
12060 Potranco Road,Gabriel Tovar ,136,1,Drive Thru,,9/7/25 11:00 AM,9/7/25 11:12 AM,12 minutes and 15 seconds,KDS - Login Don't Delete
12060 Potranco Road,Sugey Cabrera,146,31,No Print,,9/7/25 11:06 AM,9/7/25 11:12 AM,6 minutes,KDS - Login Don't Delete
12060 Potranco Road,Sugey Cabrera,146,31,Food,,9/7/25 11:06 AM,9/7/25 11:12 AM,6 minutes,KDS - Login Don't Delete
12060 Potranco Road,Sugey Cabrera,146,31,,1,9/7/25 11:12 AM,9/7/25 11:15 AM,2 minutes and 9 seconds,Zoila Salinas
12060 Potranco Road,Lisa Velasquez,141,18,No Print,,9/7/25 11:03 AM,9/7/25 11:15 AM,12 minutes and 38 seconds,KDS - Login Don't Delete
12060 Potranco Road,Lisa Velasquez,141,18,Food,,9/7/25 11:03 AM,9/7/25 11:15 AM,12 minutes and 38 seconds,KDS - Login Don't Delete
12060 Potranco Road,Leticia Roman,144,3,No Print,,9/7/25 11:04 AM,9/7/25 11:16 AM,12 minutes and 22 seconds,KDS - Login Don't Delete
12060 Potranco Road,Leticia Roman,144,3,Food,,9/7/25 11:04 AM,9/7/25 11:16 AM,12 minutes and 22 seconds,KDS - Login Don't Delete
12060 Potranco Road,siri quiroz,138,,Drive Thru,,9/7/25 11:00 AM,9/7/25 11:17 AM,17 minutes and 1 second,KDS - Login Don't Delete
12060 Potranco Road,siri quiroz,138,,Food,,9/7/25 11:00 AM,9/7/25 11:17 AM,17 minutes and 1 second,KDS - Login Don't Delete
12060 Potranco Road,Emanuel Sanchez,145,32,No Print,,9/7/25 11:12 AM,9/7/25 11:19 AM,7 minutes and 27 seconds,KDS - Login Don't Delete
12060 Potranco Road,Emanuel Sanchez,145,32,Food,,9/7/25 11:12 AM,9/7/25 11:19 AM,7 minutes and 27 seconds,KDS - Login Don't Delete
12060 Potranco Road,Emanuel Sanchez,145,32,Drive Thru,,9/7/25 11:12 AM,9/7/25 11:19 AM,7 minutes and 27 seconds,KDS - Login Don't Delete
12060 Potranco Road,Lisa Velasquez,132,11,,1,9/7/25 11:06 AM,9/7/25 11:20 AM,13 minutes and 32 seconds,Zoila Salinas
12060 Potranco Road,siri quiroz,138,,,1,9/7/25 11:17 AM,9/7/25 11:20 AM,2 minutes and 53 seconds,Zoila Salinas
12060 Potranco Road,Lisa Velasquez,149,22,Food,,9/7/25 11:11 AM,9/7/25 11:20 AM,9 minutes and 27 seconds,KDS - Login Don't Delete
12060 Potranco Road,Lisa Velasquez,149,22,No Print,,9/7/25 11:11 AM,9/7/25 11:20 AM,9 minutes and 27 seconds,KDS - Login Don't Delete
12060 Potranco Road,Lisa Velasquez,149,22,Drive Thru,,9/7/25 11:11 AM,9/7/25 11:20 AM,9 minutes and 27 seconds,KDS - Login Don't Delete
12060 Potranco Road,Lisa Velasquez,149,22,Drinks,,9/7/25 11:11 AM,9/7/25 11:20 AM,9 minutes and 27 seconds,KDS - Login Don't Delete
12060 Potranco Road,Gabriel Tovar ,151,8,No Print,,9/7/25 11:12 AM,9/7/25 11:21 AM,8 minutes and 54 seconds,KDS - Login Don't Delete
12060 Potranco Road,Gabriel Tovar ,151,8,Food,,9/7/25 11:12 AM,9/7/25 11:21 AM,8 minutes and 54 seconds,KDS - Login Don't Delete
12060 Potranco Road,Gabriel Tovar ,151,8,Drive Thru,,9/7/25 11:12 AM,9/7/25 11:21 AM,8 minutes and 54 seconds,KDS - Login Don't Delete
12060 Potranco Road,Gabriel Tovar ,151,8,Drinks,,9/7/25 11:12 AM,9/7/25 11:21 AM,8 minutes and 54 seconds,KDS - Login Don't Delete
12060 Potranco Road,Mario Jimenez,148,,Drive Thru,,9/7/25 11:14 AM,9/7/25 11:21 AM,6 minutes and 45 seconds,KDS - Login Don't Delete
12060 Potranco Road,Mario Jimenez,148,,Food,,9/7/25 11:14 AM,9/7/25 11:21 AM,6 minutes and 45 seconds,KDS - Login Don't Delete
12060 Potranco Road,Leticia Roman,144,3,,1,9/7/25 11:16 AM,9/7/25 11:21 AM,4 minutes and 59 seconds,Zoila Salinas
12060 Potranco Road,Gabriel Tovar ,136,1,,1,9/7/25 11:12 AM,9/7/25 11:21 AM,8 minutes and 53 seconds,Zoila Salinas
12060 Potranco Road,Lisa Velasquez,141,18,,1,9/7/25 11:15 AM,9/7/25 11:21 AM,5 minutes and 52 seconds,Zoila Salinas
12060 Potranco Road,Emanuel Sanchez,130,2,,1,9/7/25 11:08 AM,9/7/25 11:21 AM,13 minutes and 39 seconds,Zoila Salinas
12060 Potranco Road,Leticia Roman,142,7,,1,9/7/25 11:10 AM,9/7/25 11:21 AM,11 minutes and 14 seconds,Zoila Salinas
12060 Potranco Road,Lisa Velasquez,149,22,,1,9/7/25 11:20 AM,9/7/25 11:21 AM,53 seconds,Zoila Salinas
12060 Potranco Road,Mario Jimenez,154,,Drive Thru,,9/7/25 11:16 AM,9/7/25 11:22 AM,5 minutes and 48 seconds,KDS - Login Don't Delete
12060 Potranco Road,Mario Jimenez,154,,Food,,9/7/25 11:16 AM,9/7/25 11:22 AM,5 minutes and 48 seconds,KDS - Login Don't Delete
12060 Potranco Road,Gabriel Tovar ,151,8,,1,9/7/25 11:21 AM,9/7/25 11:23 AM,1 minute and 38 seconds,Zoila Salinas
12060 Potranco Road,Leticia Roman,152,12,No Print,,9/7/25 11:13 AM,9/7/25 11:23 AM,9 minutes and 29 seconds,KDS - Login Don't Delete
12060 Potranco Road,Leticia Roman,152,12,Food,,9/7/25 11:13 AM,9/7/25 11:23 AM,9 minutes and 29 seconds,KDS - Login Don't Delete
12060 Potranco Road,Mario Jimenez,155,,Drive Thru,,9/7/25 11:17 AM,9/7/25 11:24 AM,7 minutes and 17 seconds,KDS - Login Don't Delete
12060 Potranco Road,Mario Jimenez,155,,Food,,9/7/25 11:17 AM,9/7/25 11:24 AM,7 minutes and 17 seconds,KDS - Login Don't Delete
12060 Potranco Road,Sugey Cabrera,157,26,No Print,,9/7/25 11:18 AM,9/7/25 11:25 AM,6 minutes and 23 seconds,KDS - Login Don't Delete
12060 Potranco Road,Sugey Cabrera,157,26,Food,,9/7/25 11:18 AM,9/7/25 11:25 AM,6 minutes and 23 seconds,KDS - Login Don't Delete
12060 Potranco Road,Sugey Cabrera,127,16,No Print,,9/7/25 11:24 AM,9/7/25 11:25 AM,1 minute and 5 seconds,KDS - Login Don't Delete
12060 Potranco Road,Sugey Cabrera,127,16,Food,,9/7/25 11:24 AM,9/7/25 11:25 AM,1 minute and 5 seconds,KDS - Login Don't Delete
12060 Potranco Road,Sugey Cabrera,127,16,,1,9/7/25 11:25 AM,9/7/25 11:26 AM,7 seconds,Zoila Salinas
12060 Potranco Road,Sugey Cabrera,157,26,,1,9/7/25 11:25 AM,9/7/25 11:27 AM,1 minute and 42 seconds,Zoila Salinas
12060 Potranco Road,Emanuel Sanchez,145,32,Drive Thru,,9/7/25 11:28 AM,9/7/25 11:28 AM,2 seconds,KDS - Login Don't Delete
12060 Potranco Road,Emanuel Sanchez,145,32,Food,,9/7/25 11:28 AM,9/7/25 11:28 AM,2 seconds,KDS - Login Don't Delete
12060 Potranco Road,Leticia Roman,152,12,,1,9/7/25 11:23 AM,9/7/25 11:28 AM,5 minutes and 7 seconds,Zoila Salinas
12060 Potranco Road,Emanuel Sanchez,145,32,,1,9/7/25 11:28 AM,9/7/25 11:28 AM,5 seconds,Zoila Salinas
12060 Potranco Road,Mario Jimenez,156,,Drive Thru,,9/7/25 11:19 AM,9/7/25 11:28 AM,8 minutes and 52 seconds,KDS - Login Don't Delete
12060 Potranco Road,Mario Jimenez,156,,Food,,9/7/25 11:19 AM,9/7/25 11:28 AM,8 minutes and 52 seconds,KDS - Login Don't Delete
12060 Potranco Road,Emanuel Sanchez,153,21,No Print,,9/7/25 11:21 AM,9/7/25 11:28 AM,7 minutes and 22 seconds,KDS - Login Don't Delete
12060 Potranco Road,Emanuel Sanchez,153,21,Food,,9/7/25 11:21 AM,9/7/25 11:28 AM,7 minutes and 22 seconds,KDS - Login Don't Delete
12060 Potranco Road,Mario Jimenez,163,,Drive Thru,,9/7/25 11:24 AM,9/7/25 11:29 AM,5 minutes and 11 seconds,KDS - Login Don't Delete
12060 Potranco Road,Mario Jimenez,163,,Food,,9/7/25 11:24 AM,9/7/25 11:29 AM,5 minutes and 11 seconds,KDS - Login Don't Delete
12060 Potranco Road,Lisa Velasquez,168,6,No Print,,9/7/25 11:26 AM,9/7/25 11:30 AM,4 minutes and 12 seconds,KDS - Login Don't Delete
12060 Potranco Road,Lisa Velasquez,168,6,Food,,9/7/25 11:26 AM,9/7/25 11:30 AM,4 minutes and 12 seconds,KDS - Login Don't Delete
12060 Potranco Road,Mario Jimenez,159,,Drive Thru,,9/7/25 11:22 AM,9/7/25 11:31 AM,8 minutes and 39 seconds,KDS - Login Don't Delete
12060 Potranco Road,Mario Jimenez,159,,Food,,9/7/25 11:22 AM,9/7/25 11:31 AM,8 minutes and 39 seconds,KDS - Login Don't Delete
12060 Potranco Road,siri quiroz,162,,Drive Thru,,9/7/25 11:22 AM,9/7/25 11:32 AM,10 minutes and 4 seconds,KDS - Login Don't Delete
12060 Potranco Road,siri quiroz,162,,Food,,9/7/25 11:22 AM,9/7/25 11:32 AM,10 minutes and 4 seconds,KDS - Login Don't Delete
12060 Potranco Road,Mario Jimenez,165,,Drive Thru,,9/7/25 11:26 AM,9/7/25 11:34 AM,7 minutes and 7 seconds,KDS - Login Don't Delete
12060 Potranco Road,Mario Jimenez,165,,Food,,9/7/25 11:26 AM,9/7/25 11:34 AM,7 minutes and 7 seconds,KDS - Login Don't Delete
12060 Potranco Road,Mario Jimenez,169,,Drive Thru,,9/7/25 11:27 AM,9/7/25 11:34 AM,6 minutes and 40 seconds,KDS - Login Don't Delete
12060 Potranco Road,Mario Jimenez,169,,Food,,9/7/25 11:27 AM,9/7/25 11:34 AM,6 minutes and 40 seconds,KDS - Login Don't Delete
12060 Potranco Road,Mario Jimenez,171,,Drive Thru,,9/7/25 11:29 AM,9/7/25 11:36 AM,6 minutes and 38 seconds,KDS - Login Don't Delete
12060 Potranco Road,Mario Jimenez,171,,Food,,9/7/25 11:29 AM,9/7/25 11:36 AM,6 minutes and 38 seconds,KDS - Login Don't Delete
12060 Potranco Road,Emanuel Sanchez,145,32,,1,9/7/25 11:19 AM,9/7/25 11:37 AM,17 minutes and 57 seconds,Zoila Salinas
12060 Potranco Road,Emanuel Sanchez,153,21,,1,9/7/25 11:28 AM,9/7/25 11:37 AM,8 minutes and 44 seconds,Zoila Salinas
12060 Potranco Road,siri quiroz,162,,,1,9/7/25 11:32 AM,9/7/25 11:37 AM,4 minutes and 50 seconds,Zoila Salinas
12060 Potranco Road,Mario Jimenez,166,,No Print,,9/7/25 11:27 AM,9/7/25 11:38 AM,10 minutes and 15 seconds,KDS - Login Don't Delete
12060 Potranco Road,Mario Jimenez,166,,Food,,9/7/25 11:27 AM,9/7/25 11:38 AM,10 minutes and 15 seconds,KDS - Login Don't Delete
12060 Potranco Road,Leticia Roman,167,29,No Print,,9/7/25 11:31 AM,9/7/25 11:38 AM,6 minutes and 32 seconds,KDS - Login Don't Delete
12060 Potranco Road,Leticia Roman,167,29,Food,,9/7/25 11:31 AM,9/7/25 11:38 AM,6 minutes and 32 seconds,KDS - Login Don't Delete
12060 Potranco Road,Mario Jimenez,174,,Drive Thru,,9/7/25 11:30 AM,9/7/25 11:38 AM,7 minutes and 56 seconds,KDS - Login Don't Delete
12060 Potranco Road,Mario Jimenez,174,,Food,,9/7/25 11:30 AM,9/7/25 11:38 AM,7 minutes and 56 seconds,KDS - Login Don't Delete
12060 Potranco Road,siri quiroz,172,,Drive Thru,,9/7/25 11:30 AM,9/7/25 11:38 AM,7 minutes and 56 seconds,KDS - Login Don't Delete
12060 Potranco Road,siri quiroz,172,,Food,,9/7/25 11:30 AM,9/7/25 11:38 AM,7 minutes and 56 seconds,KDS - Login Don't Delete
12060 Potranco Road,Emanuel Sanchez,161,17,No Print,,9/7/25 11:22 AM,9/7/25 11:39 AM,16 minutes and 29 seconds,KDS - Login Don't Delete
12060 Potranco Road,Emanuel Sanchez,161,17,Food,,9/7/25 11:22 AM,9/7/25 11:39 AM,16 minutes and 29 seconds,KDS - Login Don't Delete
12060 Potranco Road,Emanuel Sanchez,161,17,Drive Thru,,9/7/25 11:22 AM,9/7/25 11:39 AM,16 minutes and 29 seconds,KDS - Login Don't Delete
12060 Potranco Road,Lisa Velasquez,132,11,Food,,9/7/25 11:36 AM,9/7/25 11:39 AM,3 minutes and 13 seconds,KDS - Login Don't Delete
12060 Potranco Road,Emanuel Sanchez,173,28,Food,,9/7/25 11:35 AM,9/7/25 11:39 AM,4 minutes and 11 seconds,KDS - Login Don't Delete
12060 Potranco Road,Emanuel Sanchez,173,28,No Print,,9/7/25 11:35 AM,9/7/25 11:39 AM,4 minutes and 11 seconds,KDS - Login Don't Delete
12060 Potranco Road,Mario Jimenez,175,,Drive Thru,,9/7/25 11:31 AM,9/7/25 11:41 AM,9 minutes and 37 seconds,KDS - Login Don't Delete
12060 Potranco Road,Mario Jimenez,175,,Food,,9/7/25 11:31 AM,9/7/25 11:41 AM,9 minutes and 37 seconds,KDS - Login Don't Delete
12060 Potranco Road,Mario Jimenez,176,,Drive Thru,,9/7/25 11:32 AM,9/7/25 11:42 AM,10 minutes and 15 seconds,KDS - Login Don't Delete
12060 Potranco Road,Mario Jimenez,176,,Food,,9/7/25 11:32 AM,9/7/25 11:42 AM,10 minutes and 15 seconds,KDS - Login Don't Delete
12060 Potranco Road,Leticia Roman,50,15,No Print,,9/7/25 11:36 AM,9/7/25 11:42 AM,6 minutes and 23 seconds,KDS - Login Don't Delete
12060 Potranco Road,Leticia Roman,50,15,Food,,9/7/25 11:36 AM,9/7/25 11:42 AM,6 minutes and 23 seconds,KDS - Login Don't Delete
12060 Potranco Road,Leticia Roman,50,15,Drive Thru,,9/7/25 11:36 AM,9/7/25 11:42 AM,6 minutes and 23 seconds,KDS - Login Don't Delete
12060 Potranco Road,Gabriel Tovar ,186,3,No Print,,9/7/25 11:37 AM,9/7/25 11:44 AM,6 minutes and 11 seconds,KDS - Login Don't Delete
12060 Potranco Road,Gabriel Tovar ,186,3,Food,,9/7/25 11:37 AM,9/7/25 11:44 AM,6 minutes and 11 seconds,KDS - Login Don't Delete
12060 Potranco Road,Sugey Cabrera,180,27,No Print,,9/7/25 11:36 AM,9/7/25 11:45 AM,9 minutes and 11 seconds,KDS - Login Don't Delete
12060 Potranco Road,Sugey Cabrera,180,27,Food,,9/7/25 11:36 AM,9/7/25 11:45 AM,9 minutes and 11 seconds,KDS - Login Don't Delete
12060 Potranco Road,Sugey Cabrera,180,27,Drive Thru,,9/7/25 11:36 AM,9/7/25 11:45 AM,9 minutes and 11 seconds,KDS - Login Don't Delete
12060 Potranco Road,Sugey Cabrera,180,27,Drinks,,9/7/25 11:36 AM,9/7/25 11:45 AM,9 minutes and 11 seconds,KDS - Login Don't Delete
12060 Potranco Road,Mario Jimenez,177,,Drive Thru,,9/7/25 11:33 AM,9/7/25 11:46 AM,12 minutes and 36 seconds,KDS - Login Don't Delete
12060 Potranco Road,Mario Jimenez,177,,Food,,9/7/25 11:33 AM,9/7/25 11:46 AM,12 minutes and 36 seconds,KDS - Login Don't Delete
12060 Potranco Road,Sugey Cabrera,187,23,No Print,,9/7/25 11:38 AM,9/7/25 11:46 AM,7 minutes and 52 seconds,KDS - Login Don't Delete
12060 Potranco Road,Sugey Cabrera,187,23,Food,,9/7/25 11:38 AM,9/7/25 11:46 AM,7 minutes and 52 seconds,KDS - Login Don't Delete
12060 Potranco Road,Emanuel Sanchez,185,16,No Print,,9/7/25 11:39 AM,9/7/25 11:47 AM,8 minutes and 6 seconds,KDS - Login Don't Delete
12060 Potranco Road,Emanuel Sanchez,185,16,Food,,9/7/25 11:39 AM,9/7/25 11:47 AM,8 minutes and 6 seconds,KDS - Login Don't Delete
12060 Potranco Road,Emanuel Sanchez,173,28,,1,9/7/25 11:39 AM,9/7/25 11:47 AM,8 minutes and 20 seconds,Zoila Salinas
12060 Potranco Road,Lisa Velasquez,149,22,Food,,9/7/25 11:48 AM,9/7/25 11:48 AM,8 seconds,KDS - Login Don't Delete
12060 Potranco Road,Leticia Roman,152,12,No Print,,9/7/25 11:39 AM,9/7/25 11:48 AM,9 minutes and 45 seconds,KDS - Login Don't Delete
12060 Potranco Road,Leticia Roman,152,12,Food,,9/7/25 11:39 AM,9/7/25 11:48 AM,9 minutes and 45 seconds,KDS - Login Don't Delete
12060 Potranco Road,Mario Jimenez,179,,Drive Thru,,9/7/25 11:34 AM,9/7/25 11:49 AM,14 minutes and 39 seconds,KDS - Login Don't Delete
12060 Potranco Road,Mario Jimenez,179,,Food,,9/7/25 11:34 AM,9/7/25 11:49 AM,14 minutes and 39 seconds,KDS - Login Don't Delete
12060 Potranco Road,siri quiroz,172,,,1,9/7/25 11:38 AM,9/7/25 11:51 AM,12 minutes and 51 seconds,Zoila Salinas
12060 Potranco Road,Emanuel Sanchez,161,17,,1,9/7/25 11:39 AM,9/7/25 11:51 AM,11 minutes and 52 seconds,Zoila Salinas
12060 Potranco Road,Mario Jimenez,184,,Drive Thru,,9/7/25 11:37 AM,9/7/25 11:52 AM,14 minutes and 50 seconds,KDS - Login Don't Delete
12060 Potranco Road,Mario Jimenez,184,,Food,,9/7/25 11:37 AM,9/7/25 11:52 AM,14 minutes and 50 seconds,KDS - Login Don't Delete
12060 Potranco Road,Mario Jimenez,182,,Drive Thru,,9/7/25 11:36 AM,9/7/25 11:52 AM,16 minutes and 14 seconds,KDS - Login Don't Delete
12060 Potranco Road,Mario Jimenez,182,,Food,,9/7/25 11:36 AM,9/7/25 11:52 AM,16 minutes and 14 seconds,KDS - Login Don't Delete
12060 Potranco Road,Sugey Cabrera,180,27,,1,9/7/25 11:45 AM,9/7/25 11:53 AM,7 minutes and 48 seconds,Zoila Salinas
12060 Potranco Road,Sugey Cabrera,187,23,,1,9/7/25 11:46 AM,9/7/25 11:53 AM,6 minutes and 50 seconds,Zoila Salinas
12060 Potranco Road,Lisa Velasquez,183,34,No Print,,9/7/25 11:41 AM,9/7/25 11:54 AM,12 minutes and 40 seconds,KDS - Login Don't Delete
12060 Potranco Road,Lisa Velasquez,183,34,Food,,9/7/25 11:41 AM,9/7/25 11:54 AM,12 minutes and 40 seconds,KDS - Login Don't Delete
12060 Potranco Road,Sugey Cabrera,194,10,No Print,,9/7/25 11:44 AM,9/7/25 11:56 AM,12 minutes and 7 seconds,KDS - Login Don't Delete
12060 Potranco Road,Sugey Cabrera,194,10,Food,,9/7/25 11:44 AM,9/7/25 11:56 AM,12 minutes and 7 seconds,KDS - Login Don't Delete
12060 Potranco Road,siri quiroz,190,,No Print,,9/7/25 11:41 AM,9/7/25 11:56 AM,14 minutes and 58 seconds,KDS - Login Don't Delete
12060 Potranco Road,siri quiroz,190,,Food,,9/7/25 11:41 AM,9/7/25 11:56 AM,14 minutes and 58 seconds,KDS - Login Don't Delete
12060 Potranco Road,siri quiroz,188,,Drive Thru,,9/7/25 11:40 AM,9/7/25 11:56 AM,16 minutes and 24 seconds,KDS - Login Don't Delete
12060 Potranco Road,siri quiroz,188,,Food,,9/7/25 11:40 AM,9/7/25 11:56 AM,16 minutes and 24 seconds,KDS - Login Don't Delete
12060 Potranco Road,Mario Jimenez,166,,,1,9/7/25 11:38 AM,9/7/25 11:57 AM,18 minutes and 58 seconds,Zoila Salinas
12060 Potranco Road,Leticia Roman,167,29,,1,9/7/25 11:38 AM,9/7/25 11:57 AM,18 minutes and 59 seconds,Zoila Salinas
12060 Potranco Road,Lisa Velasquez,168,6,,1,9/7/25 11:30 AM,9/7/25 11:57 AM,26 minutes and 14 seconds,Zoila Salinas
12060 Potranco Road,Lisa Velasquez,132,11,,1,9/7/25 11:39 AM,9/7/25 11:57 AM,17 minutes and 35 seconds,Zoila Salinas
12060 Potranco Road,Sugey Cabrera,194,10,,1,9/7/25 11:56 AM,9/7/25 11:57 AM,58 seconds,Zoila Salinas
12060 Potranco Road,Mario Jimenez,34001,,Drive Thru,,9/7/25 11:39 AM,9/7/25 11:58 AM,19 minutes and 7 seconds,KDS - Login Don't Delete
12060 Potranco Road,Mario Jimenez,34001,,Food,,9/7/25 11:39 AM,9/7/25 11:58 AM,19 minutes and 7 seconds,KDS - Login Don't Delete
12060 Potranco Road,Mario Jimenez,195,,Drive Thru,,9/7/25 11:45 AM,9/7/25 11:58 AM,13 minutes and 26 seconds,KDS - Login Don't Delete
12060 Potranco Road,Mario Jimenez,195,,Food,,9/7/25 11:45 AM,9/7/25 11:58 AM,13 minutes and 26 seconds,KDS - Login Don't Delete
12060 Potranco Road,Mario Jimenez,189,,Drive Thru,,9/7/25 11:42 AM,9/7/25 11:59 AM,17 minutes and 8 seconds,KDS - Login Don't Delete
12060 Potranco Road,Mario Jimenez,189,,Food,,9/7/25 11:42 AM,9/7/25 11:59 AM,17 minutes and 8 seconds,KDS - Login Don't Delete
12060 Potranco Road,Mario Jimenez,192,,Drive Thru,,9/7/25 11:43 AM,9/7/25 12:01 PM,17 minutes and 34 seconds,KDS - Login Don't Delete
12060 Potranco Road,Mario Jimenez,192,,Food,,9/7/25 11:43 AM,9/7/25 12:01 PM,17 minutes and 34 seconds,KDS - Login Don't Delete
12060 Potranco Road,siri quiroz,197,,Drive Thru,,9/7/25 11:47 AM,9/7/25 12:02 PM,14 minutes and 36 seconds,KDS - Login Don't Delete
12060 Potranco Road,siri quiroz,197,,Food,,9/7/25 11:47 AM,9/7/25 12:02 PM,14 minutes and 36 seconds,KDS - Login Don't Delete
12060 Potranco Road,siri quiroz,201,,Drive Thru,,9/7/25 11:49 AM,9/7/25 12:03 PM,13 minutes and 12 seconds,KDS - Login Don't Delete
12060 Potranco Road,siri quiroz,201,,Food,,9/7/25 11:49 AM,9/7/25 12:03 PM,13 minutes and 12 seconds,KDS - Login Don't Delete
12060 Potranco Road,Gabriel Tovar ,208,31,No Print,,9/7/25 11:57 AM,9/7/25 12:04 PM,6 minutes and 31 seconds,KDS - Login Don't Delete
12060 Potranco Road,Gabriel Tovar ,208,31,Food,,9/7/25 11:57 AM,9/7/25 12:04 PM,6 minutes and 31 seconds,KDS - Login Don't Delete
12060 Potranco Road,Mario Jimenez,196,,Drive Thru,,9/7/25 11:46 AM,9/7/25 12:04 PM,18 minutes and 27 seconds,KDS - Login Don't Delete
12060 Potranco Road,Mario Jimenez,196,,Food,,9/7/25 11:46 AM,9/7/25 12:04 PM,18 minutes and 27 seconds,KDS - Login Don't Delete
12060 Potranco Road,Sugey Cabrera,198,4,,1,9/7/25 11:49 AM,9/7/25 12:06 PM,17 minutes and 14 seconds,Zoila Salinas
12060 Potranco Road,Sugey Cabrera,198,4,No Print,,9/7/25 12:05 PM,9/7/25 12:06 PM,1 minute and 15 seconds,KDS - Login Don't Delete
12060 Potranco Road,Sugey Cabrera,198,4,Food,,9/7/25 12:05 PM,9/7/25 12:06 PM,1 minute and 15 seconds,KDS - Login Don't Delete
12060 Potranco Road,Sugey Cabrera,180,27,No Print,,9/7/25 12:05 PM,9/7/25 12:06 PM,1 minute,KDS - Login Don't Delete
12060 Potranco Road,Sugey Cabrera,180,27,Food,,9/7/25 12:05 PM,9/7/25 12:06 PM,1 minute,KDS - Login Don't Delete
12060 Potranco Road,Mario Jimenez,199,,Drive Thru,,9/7/25 11:48 AM,9/7/25 12:07 PM,19 minutes and 38 seconds,KDS - Login Don't Delete
12060 Potranco Road,Mario Jimenez,199,,Food,,9/7/25 11:48 AM,9/7/25 12:07 PM,19 minutes and 38 seconds,KDS - Login Don't Delete
12060 Potranco Road,Leticia Roman,152,12,,1,9/7/25 11:48 AM,9/7/25 12:08 PM,19 minutes and 18 seconds,Zoila Salinas
12060 Potranco Road,Lisa Velasquez,216,25,No Print,,9/7/25 12:02 PM,9/7/25 12:09 PM,6 minutes and 36 seconds,KDS - Login Don't Delete
12060 Potranco Road,Lisa Velasquez,216,25,Food,,9/7/25 12:02 PM,9/7/25 12:09 PM,6 minutes and 36 seconds,KDS - Login Don't Delete
12060 Potranco Road,Mario Jimenez,203,,Drive Thru,,9/7/25 11:54 AM,9/7/25 12:09 PM,15 minutes and 7 seconds,KDS - Login Don't Delete
12060 Potranco Road,Mario Jimenez,203,,Food,,9/7/25 11:54 AM,9/7/25 12:09 PM,15 minutes and 7 seconds,KDS - Login Don't Delete
12060 Potranco Road,Sugey Cabrera,198,4,,1,9/7/25 12:06 PM,9/7/25 12:09 PM,2 minutes and 36 seconds,Zoila Salinas
12060 Potranco Road,Sugey Cabrera,180,27,,1,9/7/25 12:06 PM,9/7/25 12:09 PM,2 minutes and 36 seconds,Zoila Salinas
12060 Potranco Road,Sugey Cabrera,213,1,No Print,,9/7/25 12:01 PM,9/7/25 12:09 PM,8 minutes and 45 seconds,KDS - Login Don't Delete
12060 Potranco Road,Sugey Cabrera,213,1,Food,,9/7/25 12:01 PM,9/7/25 12:09 PM,8 minutes and 45 seconds,KDS - Login Don't Delete
12060 Potranco Road,Sugey Cabrera,213,1,Drive Thru,,9/7/25 12:01 PM,9/7/25 12:09 PM,8 minutes and 45 seconds,KDS - Login Don't Delete
12060 Potranco Road,Sugey Cabrera,213,1,Drinks,,9/7/25 12:01 PM,9/7/25 12:09 PM,8 minutes and 45 seconds,KDS - Login Don't Delete
12060 Potranco Road,siri quiroz,188,,,1,9/7/25 11:56 AM,9/7/25 12:10 PM,13 minutes and 31 seconds,Zoila Salinas
12060 Potranco Road,Leticia Roman,202,14,No Print,,9/7/25 11:57 AM,9/7/25 12:10 PM,12 minutes and 48 seconds,KDS - Login Don't Delete
12060 Potranco Road,Leticia Roman,202,14,Food,,9/7/25 11:57 AM,9/7/25 12:10 PM,12 minutes and 48 seconds,KDS - Login Don't Delete
12060 Potranco Road,Gabriel Tovar ,212,5,No Print,,9/7/25 12:01 PM,9/7/25 12:10 PM,9 minutes and 27 seconds,KDS - Login Don't Delete
12060 Potranco Road,Gabriel Tovar ,212,5,Food,,9/7/25 12:01 PM,9/7/25 12:10 PM,9 minutes and 27 seconds,KDS - Login Don't Delete
12060 Potranco Road,Gabriel Tovar ,212,5,Drive Thru,,9/7/25 12:01 PM,9/7/25 12:10 PM,9 minutes and 27 seconds,KDS - Login Don't Delete
12060 Potranco Road,Gabriel Tovar ,212,5,Drinks,,9/7/25 12:01 PM,9/7/25 12:10 PM,9 minutes and 27 seconds,KDS - Login Don't Delete
12060 Potranco Road,Mario Jimenez,204,,Drive Thru,,9/7/25 11:55 AM,9/7/25 12:11 PM,16 minutes and 23 seconds,KDS - Login Don't Delete
12060 Potranco Road,Mario Jimenez,204,,Food,,9/7/25 11:55 AM,9/7/25 12:11 PM,16 minutes and 23 seconds,KDS - Login Don't Delete
12060 Potranco Road,Sugey Cabrera,194,10,No Print,,9/7/25 12:09 PM,9/7/25 12:11 PM,2 minutes and 37 seconds,KDS - Login Don't Delete
12060 Potranco Road,Sugey Cabrera,194,10,Food,,9/7/25 12:09 PM,9/7/25 12:11 PM,2 minutes and 37 seconds,KDS - Login Don't Delete
12060 Potranco Road,siri quiroz,219,,,1,9/7/25 12:03 PM,9/7/25 12:12 PM,8 minutes and 22 seconds,Zoila Salinas
12060 Potranco Road,siri quiroz,190,,,1,9/7/25 11:56 AM,9/7/25 12:12 PM,16 minutes and 4 seconds,Zoila Salinas
12060 Potranco Road,Mario Jimenez,206,,Drive Thru,,9/7/25 11:57 AM,9/7/25 12:13 PM,15 minutes and 41 seconds,KDS - Login Don't Delete
12060 Potranco Road,Mario Jimenez,206,,Food,,9/7/25 11:57 AM,9/7/25 12:13 PM,15 minutes and 41 seconds,KDS - Login Don't Delete
12060 Potranco Road,Mario Jimenez,209,,Drive Thru,,9/7/25 11:59 AM,9/7/25 12:13 PM,14 minutes and 39 seconds,KDS - Login Don't Delete
12060 Potranco Road,Mario Jimenez,209,,Food,,9/7/25 11:59 AM,9/7/25 12:13 PM,14 minutes and 39 seconds,KDS - Login Don't Delete
12060 Potranco Road,Candy Del Angel,200,,Drive Thru,,9/7/25 11:49 AM,9/7/25 12:13 PM,24 minutes and 31 seconds,KDS - Login Don't Delete
12060 Potranco Road,Candy Del Angel,200,,Food,,9/7/25 11:49 AM,9/7/25 12:13 PM,24 minutes and 31 seconds,KDS - Login Don't Delete
12060 Potranco Road,Leticia Roman,164,20,Drive Thru,,9/7/25 12:16 PM,9/7/25 12:16 PM,35 seconds,KDS - Login Don't Delete
12060 Potranco Road,Leticia Roman,164,20,Food,,9/7/25 12:16 PM,9/7/25 12:16 PM,35 seconds,KDS - Login Don't Delete
12060 Potranco Road,Mario Jimenez,210,,Drive Thru,,9/7/25 12:00 PM,9/7/25 12:16 PM,16 minutes and 28 seconds,KDS - Login Don't Delete
12060 Potranco Road,Mario Jimenez,210,,Food,,9/7/25 12:00 PM,9/7/25 12:16 PM,16 minutes and 28 seconds,KDS - Login Don't Delete
12060 Potranco Road,Leticia Roman,202,14,,1,9/7/25 12:10 PM,9/7/25 12:18 PM,8 minutes and 2 seconds,Zoila Salinas
12060 Potranco Road,Sugey Cabrera,213,1,,1,9/7/25 12:09 PM,9/7/25 12:18 PM,8 minutes and 53 seconds,Zoila Salinas
12060 Potranco Road,siri quiroz,201,,,1,9/7/25 12:03 PM,9/7/25 12:18 PM,15 minutes and 33 seconds,Zoila Salinas
12060 Potranco Road,Candy Del Angel,200,,,1,9/7/25 12:13 PM,9/7/25 12:18 PM,4 minutes and 46 seconds,Zoila Salinas
12060 Potranco Road,Lisa Velasquez,149,22,,1,9/7/25 11:48 AM,9/7/25 12:18 PM,29 minutes and 47 seconds,Zoila Salinas
12060 Potranco Road,Gabriel Tovar ,186,3,,1,9/7/25 11:44 AM,9/7/25 12:18 PM,34 minutes and 39 seconds,Zoila Salinas
12060 Potranco Road,Leticia Roman,50,15,,1,9/7/25 11:42 AM,9/7/25 12:18 PM,35 minutes and 52 seconds,Zoila Salinas
12060 Potranco Road,Emanuel Sanchez,185,16,,1,9/7/25 11:47 AM,9/7/25 12:18 PM,31 minutes and 9 seconds,Zoila Salinas
12060 Potranco Road,Lisa Velasquez,183,34,,1,9/7/25 11:54 AM,9/7/25 12:18 PM,24 minutes and 17 seconds,Zoila Salinas
12060 Potranco Road,siri quiroz,197,,,1,9/7/25 12:02 PM,9/7/25 12:18 PM,16 minutes and 34 seconds,Zoila Salinas
12060 Potranco Road,siri quiroz,205,,Drive Thru,,9/7/25 11:56 AM,9/7/25 12:18 PM,22 minutes and 30 seconds,KDS - Login Don't Delete
12060 Potranco Road,siri quiroz,205,,Food,,9/7/25 11:56 AM,9/7/25 12:18 PM,22 minutes and 30 seconds,KDS - Login Don't Delete
12060 Potranco Road,siri quiroz,207,,,1,9/7/25 11:58 AM,9/7/25 12:18 PM,20 minutes and 51 seconds,Zoila Salinas
12060 Potranco Road,Sugey Cabrera,194,10,,1,9/7/25 12:11 PM,9/7/25 12:19 PM,7 minutes and 34 seconds,Zoila Salinas
12060 Potranco Road,Mario Jimenez,214,,Drive Thru,,9/7/25 12:01 PM,9/7/25 12:19 PM,18 minutes and 10 seconds,KDS - Login Don't Delete
12060 Potranco Road,Mario Jimenez,214,,Food,,9/7/25 12:01 PM,9/7/25 12:19 PM,18 minutes and 10 seconds,KDS - Login Don't Delete
12060 Potranco Road,siri quiroz,205,,,1,9/7/25 12:18 PM,9/7/25 12:23 PM,4 minutes and 47 seconds,Zoila Salinas
12060 Potranco Road,Gabriel Tovar ,208,31,,1,9/7/25 12:04 PM,9/7/25 12:23 PM,19 minutes and 26 seconds,Zoila Salinas
12060 Potranco Road,Gabriel Tovar ,212,5,,1,9/7/25 12:10 PM,9/7/25 12:23 PM,13 minutes and 8 seconds,Zoila Salinas
12060 Potranco Road,Mario Jimenez,215,,Drive Thru,,9/7/25 12:02 PM,9/7/25 12:23 PM,21 minutes and 50 seconds,KDS - Login Don't Delete
12060 Potranco Road,Mario Jimenez,215,,Food,,9/7/25 12:02 PM,9/7/25 12:23 PM,21 minutes and 50 seconds,KDS - Login Don't Delete
12060 Potranco Road,Leticia Roman,164,20,,1,9/7/25 12:16 PM,9/7/25 12:24 PM,7 minutes and 30 seconds,Zoila Salinas
12060 Potranco Road,Lisa Velasquez,216,25,,1,9/7/25 12:09 PM,9/7/25 12:24 PM,15 minutes and 11 seconds,Zoila Salinas
12060 Potranco Road,Mario Jimenez,218,,Drive Thru,,9/7/25 12:03 PM,9/7/25 12:26 PM,23 minutes and 32 seconds,KDS - Login Don't Delete
12060 Potranco Road,Mario Jimenez,218,,Food,,9/7/25 12:03 PM,9/7/25 12:26 PM,23 minutes and 32 seconds,KDS - Login Don't Delete
12060 Potranco Road,Leticia Roman,164,20,No Print,,9/7/25 12:04 PM,9/7/25 12:26 PM,22 minutes and 18 seconds,KDS - Login Don't Delete
12060 Potranco Road,Leticia Roman,164,20,Food,,9/7/25 12:04 PM,9/7/25 12:26 PM,22 minutes and 18 seconds,KDS - Login Don't Delete
12060 Potranco Road,Leticia Roman,164,20,Drive Thru,,9/7/25 12:04 PM,9/7/25 12:26 PM,22 minutes and 18 seconds,KDS - Login Don't Delete
12060 Potranco Road,Leticia Roman,164,20,Drinks,,9/7/25 12:04 PM,9/7/25 12:26 PM,22 minutes and 18 seconds,KDS - Login Don't Delete
12060 Potranco Road,Emanuel Sanchez,220,22,No Print,,9/7/25 12:08 PM,9/7/25 12:26 PM,18 minutes and 8 seconds,KDS - Login Don't Delete
12060 Potranco Road,Emanuel Sanchez,220,22,Food,,9/7/25 12:08 PM,9/7/25 12:26 PM,18 minutes and 8 seconds,KDS - Login Don't Delete
12060 Potranco Road,Mario Jimenez,221,,Drive Thru,,9/7/25 12:05 PM,9/7/25 12:26 PM,21 minutes and 55 seconds,KDS - Login Don't Delete
12060 Potranco Road,Mario Jimenez,221,,Food,,9/7/25 12:05 PM,9/7/25 12:26 PM,21 minutes and 55 seconds,KDS - Login Don't Delete
12060 Potranco Road,Mario Jimenez,222,,Drive Thru,,9/7/25 12:06 PM,9/7/25 12:27 PM,20 minutes and 54 seconds,KDS - Login Don't Delete
12060 Potranco Road,Mario Jimenez,222,,Food,,9/7/25 12:06 PM,9/7/25 12:27 PM,20 minutes and 54 seconds,KDS - Login Don't Delete
12060 Potranco Road,siri quiroz,224,,Drive Thru,,9/7/25 12:09 PM,9/7/25 12:28 PM,19 minutes and 1 second,KDS - Login Don't Delete
12060 Potranco Road,siri quiroz,224,,Food,,9/7/25 12:09 PM,9/7/25 12:28 PM,19 minutes and 1 second,KDS - Login Don't Delete
12060 Potranco Road,Mario Jimenez,225,,Drive Thru,,9/7/25 12:24 PM,9/7/25 12:28 PM,4 minutes and 3 seconds,KDS - Login Don't Delete
12060 Potranco Road,Mario Jimenez,225,,Food,,9/7/25 12:24 PM,9/7/25 12:28 PM,4 minutes and 3 seconds,KDS - Login Don't Delete
12060 Potranco Road,Leticia Roman,164,20,,1,9/7/25 12:26 PM,9/7/25 12:29 PM,2 minutes and 21 seconds,Zoila Salinas
12060 Potranco Road,Emanuel Sanchez,220,22,,1,9/7/25 12:26 PM,9/7/25 12:29 PM,2 minutes and 23 seconds,Zoila Salinas
12060 Potranco Road,siri quiroz,224,,,1,9/7/25 12:28 PM,9/7/25 12:29 PM,1 minute and 3 seconds,Zoila Salinas
12060 Potranco Road,Sugey Cabrera,198,4,Food,,9/7/25 12:28 PM,9/7/25 12:29 PM,1 minute and 20 seconds,KDS - Login Don't Delete
12060 Potranco Road,Leticia Roman,223,2,No Print,,9/7/25 12:15 PM,9/7/25 12:29 PM,14 minutes and 47 seconds,KDS - Login Don't Delete
12060 Potranco Road,Leticia Roman,223,2,Food,,9/7/25 12:15 PM,9/7/25 12:29 PM,14 minutes and 47 seconds,KDS - Login Don't Delete
12060 Potranco Road,Mario Jimenez,226,,Drive Thru,,9/7/25 12:25 PM,9/7/25 12:30 PM,4 minutes and 48 seconds,KDS - Login Don't Delete
12060 Potranco Road,Mario Jimenez,226,,Food,,9/7/25 12:25 PM,9/7/25 12:30 PM,4 minutes and 48 seconds,KDS - Login Don't Delete
12060 Potranco Road,Sugey Cabrera,213,1,,1,9/7/25 12:20 PM,9/7/25 12:39 PM,18 minutes and 38 seconds,Zoila Salinas
12060 Potranco Road,Mario Jimenez,228,,Drive Thru,,9/7/25 12:28 PM,9/7/25 12:39 PM,11 minutes and 12 seconds,KDS - Login Don't Delete
12060 Potranco Road,Mario Jimenez,228,,Food,,9/7/25 12:28 PM,9/7/25 12:39 PM,11 minutes and 12 seconds,KDS - Login Don't Delete
12060 Potranco Road,Mario Jimenez,235,,Drive Thru,,9/7/25 12:37 PM,9/7/25 12:39 PM,2 minutes and 2 seconds,KDS - Login Don't Delete
12060 Potranco Road,Mario Jimenez,235,,Food,,9/7/25 12:37 PM,9/7/25 12:39 PM,2 minutes and 2 seconds,KDS - Login Don't Delete
12060 Potranco Road,Mario Jimenez,230,,Drive Thru,,9/7/25 12:35 PM,9/7/25 12:39 PM,4 minutes and 13 seconds,KDS - Login Don't Delete
12060 Potranco Road,Mario Jimenez,230,,Food,,9/7/25 12:35 PM,9/7/25 12:39 PM,4 minutes and 13 seconds,KDS - Login Don't Delete
12060 Potranco Road,Mario Jimenez,235,,Drive Thru,,9/7/25 12:37 PM,9/7/25 12:40 PM,2 minutes and 59 seconds,KDS - Login Don't Delete
12060 Potranco Road,Mario Jimenez,235,,Food,,9/7/25 12:37 PM,9/7/25 12:40 PM,2 minutes and 59 seconds,KDS - Login Don't Delete
12060 Potranco Road,Mario Jimenez,229,,Food,,9/7/25 12:34 PM,9/7/25 12:44 PM,10 minutes and 14 seconds,KDS - Login Don't Delete
12060 Potranco Road,Mario Jimenez,236,,Food,,9/7/25 12:37 PM,9/7/25 12:44 PM,7 minutes and 12 seconds,KDS - Login Don't Delete
12060 Potranco Road,Lisa Velasquez,231,37,No Print,,9/7/25 12:42 PM,9/7/25 12:46 PM,4 minutes and 31 seconds,KDS - Login Don't Delete
12060 Potranco Road,Lisa Velasquez,231,37,Food,,9/7/25 12:42 PM,9/7/25 12:46 PM,4 minutes and 31 seconds,KDS - Login Don't Delete
12060 Potranco Road,Leticia Roman,244,16,Drive Thru,,9/7/25 12:47 PM,9/7/25 12:47 PM,13 seconds,KDS - Login Don't Delete
12060 Potranco Road,Leticia Roman,244,16,Food,,9/7/25 12:47 PM,9/7/25 12:47 PM,13 seconds,KDS - Login Don't Delete
12060 Potranco Road,Sugey Cabrera,241,15,No Print,,9/7/25 12:40 PM,9/7/25 12:49 PM,9 minutes and 18 seconds,KDS - Login Don't Delete
12060 Potranco Road,Sugey Cabrera,241,15,Food,,9/7/25 12:40 PM,9/7/25 12:49 PM,9 minutes and 18 seconds,KDS - Login Don't Delete
12060 Potranco Road,Mario Jimenez,242,,Drive Thru,,9/7/25 12:43 PM,9/7/25 12:50 PM,7 minutes and 8 seconds,KDS - Login Don't Delete
12060 Potranco Road,Mario Jimenez,242,,Food,,9/7/25 12:43 PM,9/7/25 12:50 PM,7 minutes and 8 seconds,KDS - Login Don't Delete
12060 Potranco Road,Leticia Roman,244,16,No Print,,9/7/25 12:46 PM,9/7/25 12:51 PM,5 minutes and 40 seconds,KDS - Login Don't Delete
12060 Potranco Road,Leticia Roman,244,16,Food,,9/7/25 12:46 PM,9/7/25 12:51 PM,5 minutes and 40 seconds,KDS - Login Don't Delete
12060 Potranco Road,Mario Jimenez,245,,Drive Thru,,9/7/25 12:48 PM,9/7/25 12:53 PM,4 minutes and 48 seconds,KDS - Login Don't Delete
12060 Potranco Road,Mario Jimenez,245,,Food,,9/7/25 12:48 PM,9/7/25 12:53 PM,4 minutes and 48 seconds,KDS - Login Don't Delete
12060 Potranco Road,Mario Jimenez,243,,Drive Thru,,9/7/25 12:47 PM,9/7/25 12:53 PM,6 minutes and 4 seconds,KDS - Login Don't Delete
12060 Potranco Road,Mario Jimenez,243,,Food,,9/7/25 12:47 PM,9/7/25 12:53 PM,6 minutes and 4 seconds,KDS - Login Don't Delete
12060 Potranco Road,Emanuel Sanchez,238,29,No Print,,9/7/25 12:42 PM,9/7/25 12:55 PM,12 minutes and 51 seconds,KDS - Login Don't Delete
12060 Potranco Road,Emanuel Sanchez,238,29,Food,,9/7/25 12:42 PM,9/7/25 12:55 PM,12 minutes and 51 seconds,KDS - Login Don't Delete
12060 Potranco Road,Sugey Cabrera,198,4,,1,9/7/25 12:29 PM,9/7/25 12:56 PM,26 minutes and 35 seconds,Zoila Salinas
12060 Potranco Road,Emanuel Sanchez,238,29,,1,9/7/25 12:55 PM,9/7/25 12:56 PM,1 minute and 28 seconds,Zoila Salinas
12060 Potranco Road,Mario Jimenez,247,,Drive Thru,,9/7/25 12:49 PM,9/7/25 12:57 PM,7 minutes and 39 seconds,KDS - Login Don't Delete
12060 Potranco Road,Mario Jimenez,247,,Food,,9/7/25 12:49 PM,9/7/25 12:57 PM,7 minutes and 39 seconds,KDS - Login Don't Delete
12060 Potranco Road,Leticia Roman,244,16,,1,9/7/25 12:47 PM,9/7/25 12:57 PM,9 minutes and 47 seconds,Zoila Salinas
12060 Potranco Road,Mario Jimenez,249,,Drive Thru,,9/7/25 12:51 PM,9/7/25 1:03 PM,12 minutes and 19 seconds,KDS - Login Don't Delete
12060 Potranco Road,Mario Jimenez,249,,Food,,9/7/25 12:51 PM,9/7/25 1:03 PM,12 minutes and 19 seconds,KDS - Login Don't Delete
12060 Potranco Road,Mario Jimenez,250,,Drive Thru,,9/7/25 12:55 PM,9/7/25 1:06 PM,11 minutes and 22 seconds,KDS - Login Don't Delete
12060 Potranco Road,Mario Jimenez,250,,Food,,9/7/25 12:55 PM,9/7/25 1:06 PM,11 minutes and 22 seconds,KDS - Login Don't Delete
12060 Potranco Road,Lisa Velasquez,231,37,No Print,,9/7/25 12:40 PM,9/7/25 1:07 PM,26 minutes and 43 seconds,KDS - Login Don't Delete
12060 Potranco Road,Lisa Velasquez,231,37,Food,,9/7/25 12:40 PM,9/7/25 1:07 PM,26 minutes and 43 seconds,KDS - Login Don't Delete
12060 Potranco Road,Sugey Cabrera,252,8,No Print,,9/7/25 12:55 PM,9/7/25 1:07 PM,11 minutes and 52 seconds,KDS - Login Don't Delete
12060 Potranco Road,Sugey Cabrera,252,8,Food,,9/7/25 12:55 PM,9/7/25 1:07 PM,11 minutes and 52 seconds,KDS - Login Don't Delete
12060 Potranco Road,Sugey Cabrera,241,15,,1,9/7/25 12:49 PM,9/7/25 1:08 PM,18 minutes and 45 seconds,Zoila Salinas
12060 Potranco Road,Leticia Roman,223,2,,1,9/7/25 12:29 PM,9/7/25 1:08 PM,38 minutes and 30 seconds,Zoila Salinas
12060 Potranco Road,Lisa Velasquez,231,37,,1,9/7/25 1:07 PM,9/7/25 1:08 PM,1 minute and 14 seconds,Zoila Salinas
12060 Potranco Road,Lisa Velasquez,231,37,,1,9/7/25 12:46 PM,9/7/25 1:08 PM,21 minutes and 50 seconds,Zoila Salinas
12060 Potranco Road,Sugey Cabrera,252,8,,1,9/7/25 1:07 PM,9/7/25 1:08 PM,1 minute and 26 seconds,Zoila Salinas
12060 Potranco Road,Emanuel Sanchez,251,21,No Print,,9/7/25 1:03 PM,9/7/25 1:09 PM,5 minutes and 50 seconds,KDS - Login Don't Delete
12060 Potranco Road,Emanuel Sanchez,251,21,Food,,9/7/25 1:03 PM,9/7/25 1:09 PM,5 minutes and 50 seconds,KDS - Login Don't Delete
12060 Potranco Road,Mario Jimenez,253,,Drive Thru,,9/7/25 1:08 PM,9/7/25 1:12 PM,4 minutes and 31 seconds,KDS - Login Don't Delete
12060 Potranco Road,Mario Jimenez,253,,Food,,9/7/25 1:08 PM,9/7/25 1:12 PM,4 minutes and 31 seconds,KDS - Login Don't Delete
12060 Potranco Road,Leticia Roman,239,20,No Print,,9/7/25 1:06 PM,9/7/25 1:14 PM,8 minutes and 2 seconds,KDS - Login Don't Delete
12060 Potranco Road,Leticia Roman,239,20,Food,,9/7/25 1:06 PM,9/7/25 1:14 PM,8 minutes and 2 seconds,KDS - Login Don't Delete
12060 Potranco Road,Lisa Velasquez,246,3,No Print,,9/7/25 1:06 PM,9/7/25 1:14 PM,8 minutes and 21 seconds,KDS - Login Don't Delete
12060 Potranco Road,Lisa Velasquez,246,3,Food,,9/7/25 1:06 PM,9/7/25 1:14 PM,8 minutes and 21 seconds,KDS - Login Don't Delete
12060 Potranco Road,Sugey Cabrera,257,12,No Print,,9/7/25 1:13 PM,9/7/25 1:15 PM,1 minute and 11 seconds,KDS - Login Don't Delete
12060 Potranco Road,Sugey Cabrera,257,12,Food,,9/7/25 1:13 PM,9/7/25 1:15 PM,1 minute and 11 seconds,KDS - Login Don't Delete
12060 Potranco Road,Sugey Cabrera,257,12,,1,9/7/25 1:15 PM,9/7/25 1:16 PM,1 minute and 32 seconds,Zoila Salinas
12060 Potranco Road,Leticia Roman,244,16,,1,9/7/25 12:51 PM,9/7/25 1:17 PM,25 minutes and 33 seconds,Zoila Salinas
12060 Potranco Road,Lisa Velasquez,246,3,,1,9/7/25 1:14 PM,9/7/25 1:17 PM,2 minutes and 46 seconds,Zoila Salinas
12060 Potranco Road,Emanuel Sanchez,251,21,,1,9/7/25 1:09 PM,9/7/25 1:17 PM,8 minutes and 12 seconds,Zoila Salinas
12060 Potranco Road,Mario Jimenez,254,,Drive Thru,,9/7/25 1:13 PM,9/7/25 1:18 PM,4 minutes and 19 seconds,KDS - Login Don't Delete
12060 Potranco Road,Mario Jimenez,254,,Food,,9/7/25 1:13 PM,9/7/25 1:18 PM,4 minutes and 19 seconds,KDS - Login Don't Delete
12060 Potranco Road,Lisa Velasquez,231,37,No Print,,9/7/25 1:09 PM,9/7/25 1:20 PM,10 minutes and 46 seconds,KDS - Login Don't Delete
12060 Potranco Road,Lisa Velasquez,231,37,Food,,9/7/25 1:09 PM,9/7/25 1:20 PM,10 minutes and 46 seconds,KDS - Login Don't Delete
12060 Potranco Road,siri quiroz,259,,Food,,9/7/25 1:16 PM,9/7/25 1:26 PM,9 minutes and 59 seconds,KDS - Login Don't Delete
12060 Potranco Road,siri quiroz,259,,Drive Thru,,9/7/25 1:16 PM,9/7/25 1:26 PM,9 minutes and 59 seconds,KDS - Login Don't Delete
12060 Potranco Road,Mario Jimenez,258,,Food,,9/7/25 1:22 PM,9/7/25 1:27 PM,5 minutes and 35 seconds,KDS - Login Don't Delete
12060 Potranco Road,Mario Jimenez,258,,Drive Thru,,9/7/25 1:22 PM,9/7/25 1:27 PM,5 minutes and 35 seconds,KDS - Login Don't Delete
12060 Potranco Road,Sugey Cabrera,257,12,No Print,,9/7/25 1:17 PM,9/7/25 1:28 PM,10 minutes and 35 seconds,KDS - Login Don't Delete
12060 Potranco Road,Sugey Cabrera,257,12,Food,,9/7/25 1:17 PM,9/7/25 1:28 PM,10 minutes and 35 seconds,KDS - Login Don't Delete
12060 Potranco Road,Lisa Velasquez,268,16,No Print,,9/7/25 1:29 PM,9/7/25 1:31 PM,2 minutes and 20 seconds,KDS - Login Don't Delete
12060 Potranco Road,Lisa Velasquez,268,16,Food,,9/7/25 1:29 PM,9/7/25 1:31 PM,2 minutes and 20 seconds,KDS - Login Don't Delete
12060 Potranco Road,siri quiroz,267,,Drive Thru,,9/7/25 1:28 PM,9/7/25 1:32 PM,4 minutes and 37 seconds,KDS - Login Don't Delete
12060 Potranco Road,siri quiroz,267,,Food,,9/7/25 1:28 PM,9/7/25 1:32 PM,4 minutes and 37 seconds,KDS - Login Don't Delete
12060 Potranco Road,Emanuel Sanchez,261,2,No Print,,9/7/25 1:29 PM,9/7/25 1:35 PM,5 minutes and 59 seconds,KDS - Login Don't Delete
12060 Potranco Road,Emanuel Sanchez,261,2,Food,,9/7/25 1:29 PM,9/7/25 1:35 PM,5 minutes and 59 seconds,KDS - Login Don't Delete
12060 Potranco Road,Leticia Roman,266,25,No Print,,9/7/25 1:32 PM,9/7/25 1:37 PM,5 minutes and 36 seconds,KDS - Login Don't Delete
12060 Potranco Road,Leticia Roman,266,25,Food,,9/7/25 1:32 PM,9/7/25 1:37 PM,5 minutes and 36 seconds,KDS - Login Don't Delete
12060 Potranco Road,Leticia Roman,266,25,Drive Thru,,9/7/25 1:32 PM,9/7/25 1:37 PM,5 minutes and 36 seconds,KDS - Login Don't Delete
12060 Potranco Road,Leticia Roman,266,25,Drinks,,9/7/25 1:32 PM,9/7/25 1:37 PM,5 minutes and 36 seconds,KDS - Login Don't Delete
12060 Potranco Road,Mario Jimenez,265,,Drive Thru,,9/7/25 1:35 PM,9/7/25 1:39 PM,4 minutes and 24 seconds,KDS - Login Don't Delete
12060 Potranco Road,Mario Jimenez,265,,Food,,9/7/25 1:35 PM,9/7/25 1:39 PM,4 minutes and 24 seconds,KDS - Login Don't Delete
12060 Potranco Road,Leticia Roman,239,20,,1,9/7/25 1:14 PM,9/7/25 1:39 PM,25 minutes and 4 seconds,Zoila Salinas
12060 Potranco Road,Lisa Velasquez,231,37,,1,9/7/25 1:20 PM,9/7/25 1:39 PM,19 minutes and 33 seconds,Zoila Salinas
12060 Potranco Road,Lisa Velasquez,268,16,,1,9/7/25 1:31 PM,9/7/25 1:39 PM,8 minutes and 9 seconds,Zoila Salinas
12060 Potranco Road,Mario Jimenez,272,,Drive Thru,,9/7/25 1:36 PM,9/7/25 1:41 PM,5 minutes and 8 seconds,KDS - Login Don't Delete
12060 Potranco Road,Mario Jimenez,272,,Food,,9/7/25 1:36 PM,9/7/25 1:41 PM,5 minutes and 8 seconds,KDS - Login Don't Delete
12060 Potranco Road,Gabriel Tovar ,273,14,No Print,,9/7/25 1:36 PM,9/7/25 1:41 PM,5 minutes and 36 seconds,KDS - Login Don't Delete
12060 Potranco Road,Gabriel Tovar ,273,14,Food,,9/7/25 1:36 PM,9/7/25 1:41 PM,5 minutes and 36 seconds,KDS - Login Don't Delete
12060 Potranco Road,Lisa Velasquez,268,16,No Print,,9/7/25 1:33 PM,9/7/25 1:42 PM,8 minutes and 18 seconds,KDS - Login Don't Delete
12060 Potranco Road,Lisa Velasquez,268,16,Food,,9/7/25 1:33 PM,9/7/25 1:42 PM,8 minutes and 18 seconds,KDS - Login Don't Delete
12060 Potranco Road,Mario Jimenez,275,,Drive Thru,,9/7/25 1:38 PM,9/7/25 1:42 PM,3 minutes and 58 seconds,KDS - Login Don't Delete
12060 Potranco Road,Mario Jimenez,275,,Food,,9/7/25 1:38 PM,9/7/25 1:42 PM,3 minutes and 58 seconds,KDS - Login Don't Delete
12060 Potranco Road,Mario Jimenez,276,,Drive Thru,,9/7/25 1:38 PM,9/7/25 1:44 PM,5 minutes and 25 seconds,KDS - Login Don't Delete
12060 Potranco Road,Mario Jimenez,276,,Food,,9/7/25 1:38 PM,9/7/25 1:44 PM,5 minutes and 25 seconds,KDS - Login Don't Delete
12060 Potranco Road,siri quiroz,267,,,1,9/7/25 1:32 PM,9/7/25 1:45 PM,12 minutes and 57 seconds,Zoila Salinas
12060 Potranco Road,Emanuel Sanchez,261,2,,1,9/7/25 1:35 PM,9/7/25 1:45 PM,10 minutes and 23 seconds,Zoila Salinas
12060 Potranco Road,siri quiroz,259,,,1,9/7/25 1:26 PM,9/7/25 1:45 PM,19 minutes and 26 seconds,Zoila Salinas
12060 Potranco Road,Sugey Cabrera,257,12,,1,9/7/25 1:28 PM,9/7/25 1:45 PM,17 minutes and 25 seconds,Zoila Salinas
12060 Potranco Road,Leticia Roman,266,25,,1,9/7/25 1:37 PM,9/7/25 1:45 PM,8 minutes and 10 seconds,Zoila Salinas
12060 Potranco Road,Gabriel Tovar ,273,14,,1,9/7/25 1:41 PM,9/7/25 1:45 PM,4 minutes and 17 seconds,Zoila Salinas
12060 Potranco Road,Lisa Velasquez,268,16,,1,9/7/25 1:42 PM,9/7/25 1:45 PM,3 minutes and 39 seconds,Zoila Salinas
12060 Potranco Road,Sugey Cabrera,262,7,No Print,,9/7/25 1:33 PM,9/7/25 1:46 PM,12 minutes and 13 seconds,KDS - Login Don't Delete
12060 Potranco Road,Sugey Cabrera,262,7,Food,,9/7/25 1:33 PM,9/7/25 1:46 PM,12 minutes and 13 seconds,KDS - Login Don't Delete
12060 Potranco Road,Sugey Cabrera,262,7,Drive Thru,,9/7/25 1:33 PM,9/7/25 1:46 PM,12 minutes and 13 seconds,KDS - Login Don't Delete
12060 Potranco Road,Leticia Roman,266,25,No Print,,9/7/25 1:41 PM,9/7/25 1:46 PM,5 minutes and 45 seconds,KDS - Login Don't Delete
12060 Potranco Road,Leticia Roman,266,25,Food,,9/7/25 1:41 PM,9/7/25 1:46 PM,5 minutes and 45 seconds,KDS - Login Don't Delete
12060 Potranco Road,Sugey Cabrera,262,7,,1,9/7/25 1:46 PM,9/7/25 1:52 PM,5 minutes and 59 seconds,Zoila Salinas
12060 Potranco Road,Sugey Cabrera,277,15,,1,9/7/25 1:42 PM,9/7/25 1:52 PM,9 minutes and 56 seconds,Zoila Salinas
12060 Potranco Road,Mario Jimenez,274,,Food,,9/7/25 1:44 PM,9/7/25 1:52 PM,8 minutes and 13 seconds,KDS - Login Don't Delete
12060 Potranco Road,Mario Jimenez,274,,Drive Thru,,9/7/25 1:44 PM,9/7/25 1:52 PM,8 minutes and 13 seconds,KDS - Login Don't Delete
12060 Potranco Road,Mario Jimenez,281,,Drive Thru,,9/7/25 1:45 PM,9/7/25 1:57 PM,11 minutes and 42 seconds,KDS - Login Don't Delete
12060 Potranco Road,Mario Jimenez,281,,Food,,9/7/25 1:45 PM,9/7/25 1:57 PM,11 minutes and 42 seconds,KDS - Login Don't Delete
12060 Potranco Road,Mario Jimenez,283,,Drive Thru,,9/7/25 1:54 PM,9/7/25 2:01 PM,7 minutes and 5 seconds,KDS - Login Don't Delete
12060 Potranco Road,Mario Jimenez,283,,Food,,9/7/25 1:54 PM,9/7/25 2:01 PM,7 minutes and 5 seconds,KDS - Login Don't Delete
12060 Potranco Road,Mario Jimenez,288,,Drive Thru,,9/7/25 1:58 PM,9/7/25 2:03 PM,4 minutes and 50 seconds,KDS - Login Don't Delete
12060 Potranco Road,Mario Jimenez,288,,Food,,9/7/25 1:58 PM,9/7/25 2:03 PM,4 minutes and 50 seconds,KDS - Login Don't Delete
12060 Potranco Road,Lisa Velasquez,289,1,No Print,,9/7/25 1:55 PM,9/7/25 2:04 PM,8 minutes and 11 seconds,KDS - Login Don't Delete
12060 Potranco Road,Lisa Velasquez,289,1,Food,,9/7/25 1:55 PM,9/7/25 2:04 PM,8 minutes and 11 seconds,KDS - Login Don't Delete
12060 Potranco Road,Emanuel Sanchez,284,21,No Print,,9/7/25 1:47 PM,9/7/25 2:04 PM,16 minutes and 55 seconds,KDS - Login Don't Delete
12060 Potranco Road,Emanuel Sanchez,284,21,Food,,9/7/25 1:47 PM,9/7/25 2:04 PM,16 minutes and 55 seconds,KDS - Login Don't Delete
12060 Potranco Road,Emanuel Sanchez,284,21,Drive Thru,,9/7/25 1:47 PM,9/7/25 2:04 PM,16 minutes and 55 seconds,KDS - Login Don't Delete
12060 Potranco Road,Leticia Roman,266,25,,1,9/7/25 1:46 PM,9/7/25 2:06 PM,19 minutes and 7 seconds,Zoila Salinas
12060 Potranco Road,Lisa Velasquez,289,1,,1,9/7/25 2:04 PM,9/7/25 2:06 PM,2 minutes,Zoila Salinas
12060 Potranco Road,Emanuel Sanchez,284,21,,1,9/7/25 2:04 PM,9/7/25 2:06 PM,1 minute and 57 seconds,Zoila Salinas
12060 Potranco Road,Gabriel Tovar ,14,,No Print,,9/7/25 2:00 PM,9/7/25 2:06 PM,6 minutes and 49 seconds,KDS - Login Don't Delete
12060 Potranco Road,Gabriel Tovar ,14,,Food,,9/7/25 2:00 PM,9/7/25 2:06 PM,6 minutes and 49 seconds,KDS - Login Don't Delete
12060 Potranco Road,Sugey Cabrera,287,3,No Print,,9/7/25 1:55 PM,9/7/25 2:10 PM,14 minutes and 30 seconds,KDS - Login Don't Delete
12060 Potranco Road,Sugey Cabrera,287,3,Food,,9/7/25 1:55 PM,9/7/25 2:10 PM,14 minutes and 30 seconds,KDS - Login Don't Delete
12060 Potranco Road,Leticia Roman,286,18,No Print,,9/7/25 2:02 PM,9/7/25 2:13 PM,11 minutes and 32 seconds,KDS - Login Don't Delete
12060 Potranco Road,Leticia Roman,286,18,Food,,9/7/25 2:02 PM,9/7/25 2:13 PM,11 minutes and 32 seconds,KDS - Login Don't Delete
12060 Potranco Road,Mario Jimenez,291,,Drive Thru,,9/7/25 2:11 PM,9/7/25 2:16 PM,5 minutes and 4 seconds,KDS - Login Don't Delete
12060 Potranco Road,Mario Jimenez,291,,Food,,9/7/25 2:11 PM,9/7/25 2:16 PM,5 minutes and 4 seconds,KDS - Login Don't Delete
12060 Potranco Road,Sugey Cabrera,287,3,,1,9/7/25 2:10 PM,9/7/25 2:17 PM,7 minutes and 19 seconds,Zoila Salinas
12060 Potranco Road,Mario Jimenez,290,,Drive Thru,,9/7/25 2:10 PM,9/7/25 2:18 PM,8 minutes,KDS - Login Don't Delete
12060 Potranco Road,Mario Jimenez,290,,Food,,9/7/25 2:10 PM,9/7/25 2:18 PM,8 minutes,KDS - Login Don't Delete
12060 Potranco Road,Mario Jimenez,291,,Drive Thru,,9/7/25 2:17 PM,9/7/25 2:21 PM,4 minutes and 18 seconds,KDS - Login Don't Delete
12060 Potranco Road,Mario Jimenez,291,,Food,,9/7/25 2:17 PM,9/7/25 2:21 PM,4 minutes and 18 seconds,KDS - Login Don't Delete
12060 Potranco Road,Carlos Morales,297,,Drive Thru,,9/7/25 2:23 PM,9/7/25 2:34 PM,11 minutes and 39 seconds,KDS - Login Don't Delete
12060 Potranco Road,Carlos Morales,297,,Food,,9/7/25 2:23 PM,9/7/25 2:34 PM,11 minutes and 39 seconds,KDS - Login Don't Delete
12060 Potranco Road,Carlos Morales,298,,Drive Thru,,9/7/25 2:31 PM,9/7/25 2:35 PM,3 minutes and 57 seconds,KDS - Login Don't Delete
12060 Potranco Road,Carlos Morales,298,,Food,,9/7/25 2:31 PM,9/7/25 2:35 PM,3 minutes and 57 seconds,KDS - Login Don't Delete
12060 Potranco Road,Emanuel Sanchez,293,4,No Print,,9/7/25 2:13 PM,9/7/25 2:41 PM,27 minutes and 59 seconds,KDS - Login Don't Delete
12060 Potranco Road,Emanuel Sanchez,293,4,Food,,9/7/25 2:13 PM,9/7/25 2:41 PM,27 minutes and 59 seconds,KDS - Login Don't Delete
12060 Potranco Road,Leticia Roman,295,10,No Print,,9/7/25 2:19 PM,9/7/25 2:41 PM,22 minutes and 1 second,KDS - Login Don't Delete
12060 Potranco Road,Leticia Roman,295,10,Food,,9/7/25 2:19 PM,9/7/25 2:41 PM,22 minutes and 1 second,KDS - Login Don't Delete
12060 Potranco Road,siri quiroz,296,,Drive Thru,,9/7/25 2:22 PM,9/7/25 2:42 PM,19 minutes and 24 seconds,KDS - Login Don't Delete
12060 Potranco Road,siri quiroz,296,,Food,,9/7/25 2:22 PM,9/7/25 2:42 PM,19 minutes and 24 seconds,KDS - Login Don't Delete
12060 Potranco Road,Sugey Cabrera,303,1,No Print,,9/7/25 2:47 PM,9/7/25 2:55 PM,7 minutes and 18 seconds,KDS - Login Don't Delete
12060 Potranco Road,Sugey Cabrera,303,1,Food,,9/7/25 2:47 PM,9/7/25 2:55 PM,7 minutes and 18 seconds,KDS - Login Don't Delete
12060 Potranco Road,Carlos Morales,304,,Drive Thru,,9/7/25 2:52 PM,9/7/25 2:56 PM,4 minutes and 20 seconds,KDS - Login Don't Delete
12060 Potranco Road,Carlos Morales,304,,Food,,9/7/25 2:52 PM,9/7/25 2:56 PM,4 minutes and 20 seconds,KDS - Login Don't Delete
12060 Potranco Road,Carlos Morales,300,,Drive Thru,,9/7/25 2:49 PM,9/7/25 3:00 PM,10 minutes and 36 seconds,KDS - Login Don't Delete
12060 Potranco Road,Carlos Morales,300,,Food,,9/7/25 2:49 PM,9/7/25 3:00 PM,10 minutes and 36 seconds,KDS - Login Don't Delete
12060 Potranco Road,Carlos Morales,305,,Drive Thru,,9/7/25 2:54 PM,9/7/25 3:04 PM,9 minutes and 19 seconds,KDS - Login Don't Delete
12060 Potranco Road,Carlos Morales,305,,Food,,9/7/25 2:54 PM,9/7/25 3:04 PM,9 minutes and 19 seconds,KDS - Login Don't Delete
12060 Potranco Road,siri quiroz,301,,Drive Thru,,9/7/25 2:45 PM,9/7/25 3:04 PM,18 minutes and 25 seconds,KDS - Login Don't Delete
12060 Potranco Road,siri quiroz,301,,Food,,9/7/25 2:45 PM,9/7/25 3:04 PM,18 minutes and 25 seconds,KDS - Login Don't Delete
12060 Potranco Road,siri quiroz,301,,,1,9/7/25 3:04 PM,9/7/25 3:16 PM,12 minutes and 31 seconds,Zoila Salinas
12060 Potranco Road,Emanuel Sanchez,293,4,,1,9/7/25 2:41 PM,9/7/25 3:16 PM,35 minutes and 47 seconds,Zoila Salinas
12060 Potranco Road,Gabriel Tovar ,14,,,1,9/7/25 2:06 PM,9/7/25 3:16 PM,"1 hour, 10 minutes and 3 seconds",Zoila Salinas
12060 Potranco Road,Sugey Cabrera,303,1,,1,9/7/25 2:55 PM,9/7/25 3:16 PM,21 minutes and 35 seconds,Zoila Salinas
12060 Potranco Road,siri quiroz,296,,,1,9/7/25 2:42 PM,9/7/25 3:16 PM,34 minutes and 33 seconds,Zoila Salinas
12060 Potranco Road,Leticia Roman,295,10,,1,9/7/25 2:41 PM,9/7/25 3:16 PM,35 minutes and 49 seconds,Zoila Salinas
12060 Potranco Road,Leticia Roman,286,18,,1,9/7/25 2:13 PM,9/7/25 3:16 PM,"1 hour, 3 minutes and 3 seconds",Zoila Salinas
