Location,Order #,Opened Date,Server,Table,Discount Name,Discount Reason,Comment,Discount Amount
Sandra's Cuisine - Potranco - 12060 Potranco Road,208,9/3/25 7:40 PM,Mario Jimenez,,Open % Check,,,2.50
Sandra's Cuisine - Potranco - 12060 Potranco Road,206,9/3/25 7:35 PM,Mario Jimenez,,Birthday Rewards,,,5.00
Sandra's Cuisine - Potranco - 12060 Potranco Road,182,9/3/25 5:33 PM,Gabriel Tovar ,,Employee Discount - Item,Employee Discount,Employy,13.99
Sandra's Cuisine - Potranco - 12060 Potranco Road,182,9/3/25 5:33 PM,Gabriel Tovar ,,Employee Discount - Item,Employee Discount,Employy,2.00
Sandra's Cuisine - Potranco - 12060 Potranco Road,182,9/3/25 5:33 PM,Gabriel Tovar ,,Employee Discount - Item,Employee Discount,Employy,1.39
Sandra's Cuisine - Potranco - 12060 Potranco Road,182,9/3/25 5:33 PM,Gabriel Tovar ,,Employee Discount - Item,Employee Discount,Employy,6.99
Sandra's Cuisine - Potranco - 12060 Potranco Road,176,9/3/25 5:11 PM,Emanuel Sanchez,,Open % Item,,,1.15
Sandra's Cuisine - Potranco - 12060 Potranco Road,176,9/3/25 5:11 PM,Emanuel Sanchez,,Open % Item,,,1.10
Sandra's Cuisine - Potranco - 12060 Potranco Road,175,9/3/25 5:04 PM,Lisa Velasquez,12,Open % Item,,,1.10
Sandra's Cuisine - Potranco - 12060 Potranco Road,175,9/3/25 5:04 PM,Lisa Velasquez,12,Open % Item,,,0.44
Sandra's Cuisine - Potranco - 12060 Potranco Road,175,9/3/25 5:04 PM,Lisa Velasquez,12,Open % Item,,,0.50
Sandra's Cuisine - Potranco - 12060 Potranco Road,149,9/3/25 1:29 PM,Lizbeth Garcia,3,Reward Dollars,,,9.35
Sandra's Cuisine - Potranco - 12060 Potranco Road,145,9/3/25 1:09 PM,Adriana Navarro,16,Reward Dollars,,,5.35
Sandra's Cuisine - Potranco - 12060 Potranco Road,127,9/3/25 11:48 AM,Melissa  Urena,,Reward Dollars,,,12.55
Sandra's Cuisine - Potranco - 12060 Potranco Road,102,9/3/25 10:58 AM,Melissa  Urena,,Open % Check,,,1.01
Sandra's Cuisine - Potranco - 12060 Potranco Road,81,9/3/25 10:12 AM,Candy Del Angel,,Employee Discount - Check,Employee Discount,Employee,7.28
Sandra's Cuisine - Potranco - 12060 Potranco Road,74,9/3/25 9:59 AM,Lizbeth Garcia,2,Open % Item,,,0.58
Sandra's Cuisine - Potranco - 12060 Potranco Road,74,9/3/25 9:59 AM,Lizbeth Garcia,2,Open % Item,,,0.23
Sandra's Cuisine - Potranco - 12060 Potranco Road,74,9/3/25 9:59 AM,Lizbeth Garcia,2,Open % Item,,,0.44
Sandra's Cuisine - Potranco - 12060 Potranco Road,74,9/3/25 9:59 AM,Lizbeth Garcia,2,Open % Item,,,0.20
Sandra's Cuisine - Potranco - 12060 Potranco Road,70,9/3/25 9:48 AM,Adriana Navarro,20,Open % Item,,,1.00
