Location,Server,Check #,Table,Station,Expediter Level,Fired Date,Fulfilled Date,Fulfillment Time,Fulfilled By
12060 Potranco Road,Melissa  Urena,1,,Food,,9/3/25 6:41 AM,9/3/25 6:52 AM,10 minutes and 55 seconds,KDS - Login Don't Delete
12060 Potranco Road,Melissa  Urena,1,,Drive Thru,,9/3/25 6:41 AM,9/3/25 6:52 AM,10 minutes and 55 seconds,KDS - Login Don't Delete
12060 Potranco Road,Melissa  Urena,2,,Food,,9/3/25 6:58 AM,9/3/25 7:10 AM,12 minutes and 16 seconds,KDS - Login Don't Delete
12060 Potranco Road,Melissa  Urena,2,,Drive Thru,,9/3/25 6:58 AM,9/3/25 7:10 AM,12 minutes and 16 seconds,KDS - Login Don't Delete
12060 Potranco Road,Melissa  Urena,3,,Food,,9/3/25 6:59 AM,9/3/25 7:10 AM,10 minutes and 39 seconds,KDS - Login Don't Delete
12060 Potranco Road,Melissa  Urena,3,,Drive Thru,,9/3/25 6:59 AM,9/3/25 7:10 AM,10 minutes and 39 seconds,KDS - Login Don't Delete
12060 Potranco Road,Melissa  Urena,4,,Food,,9/3/25 7:11 AM,9/3/25 7:12 AM,1 minute and 15 seconds,KDS - Login Don't Delete
12060 Potranco Road,Melissa  Urena,4,,Drive Thru,,9/3/25 7:11 AM,9/3/25 7:12 AM,1 minute and 15 seconds,KDS - Login Don't Delete
12060 Potranco Road,Melissa  Urena,8,,Food,,9/3/25 7:29 AM,9/3/25 7:30 AM,1 minute,KDS - Login Don't Delete
12060 Potranco Road,Melissa  Urena,8,,Drive Thru,,9/3/25 7:29 AM,9/3/25 7:30 AM,1 minute,KDS - Login Don't Delete
12060 Potranco Road,Melissa  Urena,5,,Food,,9/3/25 7:23 AM,9/3/25 7:30 AM,7 minutes and 32 seconds,KDS - Login Don't Delete
12060 Potranco Road,Melissa  Urena,5,,Drive Thru,,9/3/25 7:23 AM,9/3/25 7:30 AM,7 minutes and 32 seconds,KDS - Login Don't Delete
12060 Potranco Road,Melissa  Urena,10,,Food,,9/3/25 7:32 AM,9/3/25 7:39 AM,6 minutes and 53 seconds,KDS - Login Don't Delete
12060 Potranco Road,Melissa  Urena,10,,Drive Thru,,9/3/25 7:32 AM,9/3/25 7:39 AM,6 minutes and 53 seconds,KDS - Login Don't Delete
12060 Potranco Road,Melissa  Urena,9,,Food,,9/3/25 7:30 AM,9/3/25 7:39 AM,9 minutes and 31 seconds,KDS - Login Don't Delete
12060 Potranco Road,Melissa  Urena,9,,Drive Thru,,9/3/25 7:30 AM,9/3/25 7:39 AM,9 minutes and 31 seconds,KDS - Login Don't Delete
12060 Potranco Road,Lizbeth Garcia,7,34,Food,,9/3/25 7:24 AM,9/3/25 7:42 AM,18 minutes and 12 seconds,KDS - Login Don't Delete
12060 Potranco Road,Lizbeth Garcia,7,34,No Print,,9/3/25 7:24 AM,9/3/25 7:42 AM,18 minutes and 12 seconds,KDS - Login Don't Delete
12060 Potranco Road,Melissa  Urena,12,,Food,,9/3/25 7:35 AM,9/3/25 7:44 AM,9 minutes and 16 seconds,KDS - Login Don't Delete
12060 Potranco Road,Melissa  Urena,12,,Drive Thru,,9/3/25 7:35 AM,9/3/25 7:44 AM,9 minutes and 16 seconds,KDS - Login Don't Delete
12060 Potranco Road,Melissa  Urena,15,,Food,,9/3/25 7:37 AM,9/3/25 7:44 AM,7 minutes and 6 seconds,KDS - Login Don't Delete
12060 Potranco Road,Melissa  Urena,15,,Drive Thru,,9/3/25 7:37 AM,9/3/25 7:44 AM,7 minutes and 6 seconds,KDS - Login Don't Delete
12060 Potranco Road,Melissa  Urena,14,,Food,,9/3/25 7:36 AM,9/3/25 7:44 AM,7 minutes and 52 seconds,KDS - Login Don't Delete
12060 Potranco Road,Melissa  Urena,14,,Drive Thru,,9/3/25 7:36 AM,9/3/25 7:44 AM,7 minutes and 52 seconds,KDS - Login Don't Delete
12060 Potranco Road,Melissa  Urena,13,,Food,,9/3/25 7:36 AM,9/3/25 7:44 AM,8 minutes and 27 seconds,KDS - Login Don't Delete
12060 Potranco Road,Melissa  Urena,13,,Drive Thru,,9/3/25 7:36 AM,9/3/25 7:44 AM,8 minutes and 27 seconds,KDS - Login Don't Delete
12060 Potranco Road,Melissa  Urena,16,,Food,,9/3/25 7:43 AM,9/3/25 7:44 AM,1 minute and 17 seconds,KDS - Login Don't Delete
12060 Potranco Road,Melissa  Urena,16,,Drive Thru,,9/3/25 7:43 AM,9/3/25 7:44 AM,1 minute and 17 seconds,KDS - Login Don't Delete
12060 Potranco Road,Melissa  Urena,16,,Food,,9/3/25 7:43 AM,9/3/25 7:55 AM,11 minutes and 55 seconds,KDS - Login Don't Delete
12060 Potranco Road,Melissa  Urena,16,,Drive Thru,,9/3/25 7:43 AM,9/3/25 7:55 AM,11 minutes and 55 seconds,KDS - Login Don't Delete
12060 Potranco Road,Melissa  Urena,18,,Food,,9/3/25 7:47 AM,9/3/25 7:55 AM,8 minutes and 32 seconds,KDS - Login Don't Delete
12060 Potranco Road,Melissa  Urena,18,,Drive Thru,,9/3/25 7:47 AM,9/3/25 7:55 AM,8 minutes and 32 seconds,KDS - Login Don't Delete
12060 Potranco Road,Melissa  Urena,17,,Food,,9/3/25 7:44 AM,9/3/25 7:55 AM,11 minutes and 21 seconds,KDS - Login Don't Delete
12060 Potranco Road,Melissa  Urena,17,,Drive Thru,,9/3/25 7:44 AM,9/3/25 7:55 AM,11 minutes and 21 seconds,KDS - Login Don't Delete
12060 Potranco Road,Melissa  Urena,18,,Drinks,,9/3/25 7:47 AM,9/3/25 7:55 AM,8 minutes and 32 seconds,KDS - Login Don't Delete
12060 Potranco Road,Melissa  Urena,18,,No Print,,9/3/25 7:47 AM,9/3/25 7:55 AM,8 minutes and 32 seconds,KDS - Login Don't Delete
12060 Potranco Road,Melissa  Urena,20,,Food,,9/3/25 7:51 AM,9/3/25 7:55 AM,4 minutes and 51 seconds,KDS - Login Don't Delete
12060 Potranco Road,Melissa  Urena,20,,Drive Thru,,9/3/25 7:51 AM,9/3/25 7:55 AM,4 minutes and 51 seconds,KDS - Login Don't Delete
12060 Potranco Road,Melissa  Urena,23,,Food,,9/3/25 8:02 AM,9/3/25 8:04 AM,1 minute and 11 seconds,KDS - Login Don't Delete
12060 Potranco Road,Melissa  Urena,23,,Drive Thru,,9/3/25 8:02 AM,9/3/25 8:04 AM,1 minute and 11 seconds,KDS - Login Don't Delete
12060 Potranco Road,Lizbeth Garcia,21,14,Food,,9/3/25 7:52 AM,9/3/25 8:05 AM,13 minutes and 8 seconds,KDS - Login Don't Delete
12060 Potranco Road,Lizbeth Garcia,21,14,No Print,,9/3/25 7:52 AM,9/3/25 8:05 AM,13 minutes and 8 seconds,KDS - Login Don't Delete
12060 Potranco Road,Lizbeth Garcia,22,16,Food,,9/3/25 8:01 AM,9/3/25 8:05 AM,3 minutes and 36 seconds,KDS - Login Don't Delete
12060 Potranco Road,Lizbeth Garcia,22,16,No Print,,9/3/25 8:01 AM,9/3/25 8:05 AM,3 minutes and 36 seconds,KDS - Login Don't Delete
12060 Potranco Road,Melissa  Urena,27,,Food,,9/3/25 8:22 AM,9/3/25 8:26 AM,4 minutes and 37 seconds,KDS - Login Don't Delete
12060 Potranco Road,Melissa  Urena,27,,Drive Thru,,9/3/25 8:22 AM,9/3/25 8:26 AM,4 minutes and 37 seconds,KDS - Login Don't Delete
12060 Potranco Road,Melissa  Urena,26,,Food,,9/3/25 8:18 AM,9/3/25 8:26 AM,8 minutes and 1 second,KDS - Login Don't Delete
12060 Potranco Road,Melissa  Urena,26,,Drive Thru,,9/3/25 8:18 AM,9/3/25 8:26 AM,8 minutes and 1 second,KDS - Login Don't Delete
12060 Potranco Road,Melissa  Urena,25,,Food,,9/3/25 8:17 AM,9/3/25 8:26 AM,9 minutes and 20 seconds,KDS - Login Don't Delete
12060 Potranco Road,Melissa  Urena,25,,Drive Thru,,9/3/25 8:17 AM,9/3/25 8:26 AM,9 minutes and 20 seconds,KDS - Login Don't Delete
12060 Potranco Road,Lizbeth Garcia,21,14,,1,9/3/25 8:05 AM,9/3/25 8:30 AM,25 minutes and 35 seconds,KDS - Login Don't Delete
12060 Potranco Road,Candy Del Angel,29,,Drive Thru,,9/3/25 8:25 AM,9/3/25 8:30 AM,5 minutes and 27 seconds,KDS - Login Don't Delete
12060 Potranco Road,Candy Del Angel,29,,Food,,9/3/25 8:25 AM,9/3/25 8:30 AM,5 minutes and 27 seconds,KDS - Login Don't Delete
12060 Potranco Road,Melissa  Urena,28,,Food,,9/3/25 8:24 AM,9/3/25 8:30 AM,6 minutes and 40 seconds,KDS - Login Don't Delete
12060 Potranco Road,Melissa  Urena,28,,Drive Thru,,9/3/25 8:24 AM,9/3/25 8:30 AM,6 minutes and 40 seconds,KDS - Login Don't Delete
12060 Potranco Road,Melissa  Urena,32,,Food,,9/3/25 8:26 AM,9/3/25 8:30 AM,4 minutes and 26 seconds,KDS - Login Don't Delete
12060 Potranco Road,Melissa  Urena,32,,Drive Thru,,9/3/25 8:26 AM,9/3/25 8:30 AM,4 minutes and 26 seconds,KDS - Login Don't Delete
12060 Potranco Road,Lizbeth Garcia,22,16,,1,9/3/25 8:05 AM,9/3/25 8:30 AM,25 minutes and 37 seconds,KDS - Login Don't Delete
12060 Potranco Road,Lizbeth Garcia,7,34,,1,9/3/25 7:42 AM,9/3/25 8:30 AM,48 minutes and 20 seconds,KDS - Login Don't Delete
12060 Potranco Road,Candy Del Angel,29,,,1,9/3/25 8:30 AM,9/3/25 8:30 AM,1 second,KDS - Login Don't Delete
12060 Potranco Road,Melissa  Urena,34,,Food,,9/3/25 8:31 AM,9/3/25 8:39 AM,7 minutes and 26 seconds,KDS - Login Don't Delete
12060 Potranco Road,Melissa  Urena,34,,Drive Thru,,9/3/25 8:31 AM,9/3/25 8:39 AM,7 minutes and 26 seconds,KDS - Login Don't Delete
12060 Potranco Road,Carlos Morales,31,,,1,9/3/25 8:39 AM,9/3/25 8:42 AM,2 minutes and 39 seconds,KDS - Login Don't Delete
12060 Potranco Road,Leticia Roman,38,2,Food,,9/3/25 8:42 AM,9/3/25 8:50 AM,7 minutes and 24 seconds,KDS - Login Don't Delete
12060 Potranco Road,Leticia Roman,38,2,No Print,,9/3/25 8:42 AM,9/3/25 8:50 AM,7 minutes and 24 seconds,KDS - Login Don't Delete
12060 Potranco Road,Melissa  Urena,39,,Food,,9/3/25 8:46 AM,9/3/25 8:50 AM,3 minutes and 42 seconds,KDS - Login Don't Delete
12060 Potranco Road,Melissa  Urena,39,,Drive Thru,,9/3/25 8:46 AM,9/3/25 8:50 AM,3 minutes and 42 seconds,KDS - Login Don't Delete
12060 Potranco Road,Melissa  Urena,42,,Food,,9/3/25 8:54 AM,9/3/25 8:57 AM,3 minutes and 27 seconds,KDS - Login Don't Delete
12060 Potranco Road,Melissa  Urena,40,,Food,,9/3/25 8:53 AM,9/3/25 8:57 AM,4 minutes and 14 seconds,KDS - Login Don't Delete
12060 Potranco Road,Melissa  Urena,40,,Drive Thru,,9/3/25 8:53 AM,9/3/25 8:57 AM,4 minutes and 14 seconds,KDS - Login Don't Delete
12060 Potranco Road,Melissa  Urena,41,,Food,,9/3/25 8:53 AM,9/3/25 8:57 AM,4 minutes and 5 seconds,KDS - Login Don't Delete
12060 Potranco Road,Melissa  Urena,41,,Drive Thru,,9/3/25 8:53 AM,9/3/25 8:57 AM,4 minutes and 5 seconds,KDS - Login Don't Delete
12060 Potranco Road,Melissa  Urena,42,,Drive Thru,,9/3/25 8:54 AM,9/3/25 8:57 AM,3 minutes and 27 seconds,KDS - Login Don't Delete
12060 Potranco Road,Melissa  Urena,43,,Food,,9/3/25 8:58 AM,9/3/25 9:00 AM,2 minutes and 44 seconds,KDS - Login Don't Delete
12060 Potranco Road,Melissa  Urena,44,,Food,,9/3/25 8:58 AM,9/3/25 9:00 AM,1 minute and 58 seconds,KDS - Login Don't Delete
12060 Potranco Road,Melissa  Urena,44,,Drive Thru,,9/3/25 8:58 AM,9/3/25 9:00 AM,1 minute and 58 seconds,KDS - Login Don't Delete
12060 Potranco Road,Melissa  Urena,43,,Drive Thru,,9/3/25 8:58 AM,9/3/25 9:00 AM,2 minutes and 44 seconds,KDS - Login Don't Delete
12060 Potranco Road,Melissa  Urena,45,,Food,,9/3/25 9:01 AM,9/3/25 9:04 AM,3 minutes and 11 seconds,KDS - Login Don't Delete
12060 Potranco Road,Melissa  Urena,46,,Food,,9/3/25 9:01 AM,9/3/25 9:04 AM,2 minutes and 36 seconds,KDS - Login Don't Delete
12060 Potranco Road,Melissa  Urena,46,,Drive Thru,,9/3/25 9:01 AM,9/3/25 9:04 AM,2 minutes and 36 seconds,KDS - Login Don't Delete
12060 Potranco Road,Lizbeth Garcia,47,34,Food,,9/3/25 9:04 AM,9/3/25 9:11 AM,6 minutes and 58 seconds,KDS - Login Don't Delete
12060 Potranco Road,Lizbeth Garcia,47,34,No Print,,9/3/25 9:04 AM,9/3/25 9:11 AM,6 minutes and 58 seconds,KDS - Login Don't Delete
12060 Potranco Road,Melissa  Urena,49,,Food,,9/3/25 9:06 AM,9/3/25 9:15 AM,9 minutes and 20 seconds,KDS - Login Don't Delete
12060 Potranco Road,Melissa  Urena,49,,Drive Thru,,9/3/25 9:06 AM,9/3/25 9:15 AM,9 minutes and 20 seconds,KDS - Login Don't Delete
12060 Potranco Road,Melissa  Urena,50,,Food,,9/3/25 9:08 AM,9/3/25 9:15 AM,7 minutes and 16 seconds,KDS - Login Don't Delete
12060 Potranco Road,Melissa  Urena,50,,Drive Thru,,9/3/25 9:08 AM,9/3/25 9:15 AM,7 minutes and 16 seconds,KDS - Login Don't Delete
12060 Potranco Road,Melissa  Urena,51,,Food,,9/3/25 9:12 AM,9/3/25 9:15 AM,3 minutes and 9 seconds,KDS - Login Don't Delete
12060 Potranco Road,Melissa  Urena,51,,Drive Thru,,9/3/25 9:12 AM,9/3/25 9:15 AM,3 minutes and 9 seconds,KDS - Login Don't Delete
12060 Potranco Road,Melissa  Urena,53,,Food,,9/3/25 9:16 AM,9/3/25 9:19 AM,3 minutes and 2 seconds,KDS - Login Don't Delete
12060 Potranco Road,Melissa  Urena,53,,Drive Thru,,9/3/25 9:16 AM,9/3/25 9:19 AM,3 minutes and 2 seconds,KDS - Login Don't Delete
12060 Potranco Road,Melissa  Urena,57,,Food,,9/3/25 9:22 AM,9/3/25 9:23 AM,51 seconds,KDS - Login Don't Delete
12060 Potranco Road,Melissa  Urena,57,,Drive Thru,,9/3/25 9:22 AM,9/3/25 9:23 AM,51 seconds,KDS - Login Don't Delete
12060 Potranco Road,Melissa  Urena,54,,Food,,9/3/25 9:16 AM,9/3/25 9:23 AM,7 minutes and 11 seconds,KDS - Login Don't Delete
12060 Potranco Road,Melissa  Urena,56,,Food,,9/3/25 9:22 AM,9/3/25 9:23 AM,58 seconds,KDS - Login Don't Delete
12060 Potranco Road,Melissa  Urena,56,,Drive Thru,,9/3/25 9:22 AM,9/3/25 9:23 AM,58 seconds,KDS - Login Don't Delete
12060 Potranco Road,Leticia Roman,38,2,,1,9/3/25 8:50 AM,9/3/25 9:26 AM,36 minutes and 40 seconds,KDS - Login Don't Delete
12060 Potranco Road,Lizbeth Garcia,47,34,,1,9/3/25 9:11 AM,9/3/25 9:26 AM,14 minutes and 59 seconds,KDS - Login Don't Delete
12060 Potranco Road,Melissa  Urena,58,,Food,,9/3/25 9:28 AM,9/3/25 9:31 AM,2 minutes and 18 seconds,KDS - Login Don't Delete
12060 Potranco Road,Melissa  Urena,58,,Drive Thru,,9/3/25 9:28 AM,9/3/25 9:31 AM,2 minutes and 18 seconds,KDS - Login Don't Delete
12060 Potranco Road,Melissa  Urena,58,,Food,,9/3/25 9:28 AM,9/3/25 9:31 AM,2 minutes and 16 seconds,KDS - Login Don't Delete
12060 Potranco Road,Melissa  Urena,58,,Drive Thru,,9/3/25 9:28 AM,9/3/25 9:31 AM,2 minutes and 16 seconds,KDS - Login Don't Delete
12060 Potranco Road,Leticia Roman,55,3,Food,,9/3/25 9:25 AM,9/3/25 9:31 AM,5 minutes and 44 seconds,KDS - Login Don't Delete
12060 Potranco Road,Leticia Roman,55,3,No Print,,9/3/25 9:25 AM,9/3/25 9:31 AM,5 minutes and 44 seconds,KDS - Login Don't Delete
12060 Potranco Road,Leticia Roman,55,3,,1,9/3/25 9:31 AM,9/3/25 9:31 AM,3 seconds,KDS - Login Don't Delete
12060 Potranco Road,Melissa  Urena,61,,Food,,9/3/25 9:32 AM,9/3/25 9:33 AM,47 seconds,KDS - Login Don't Delete
12060 Potranco Road,Melissa  Urena,61,,Drive Thru,,9/3/25 9:32 AM,9/3/25 9:33 AM,47 seconds,KDS - Login Don't Delete
12060 Potranco Road,Lizbeth Garcia,59,15,Food,,9/3/25 9:29 AM,9/3/25 9:36 AM,6 minutes and 6 seconds,KDS - Login Don't Delete
12060 Potranco Road,Lizbeth Garcia,59,15,No Print,,9/3/25 9:29 AM,9/3/25 9:36 AM,6 minutes and 6 seconds,KDS - Login Don't Delete
12060 Potranco Road,Candy Del Angel,60,,Drive Thru,,9/3/25 9:29 AM,9/3/25 9:39 AM,9 minutes and 54 seconds,KDS - Login Don't Delete
12060 Potranco Road,Candy Del Angel,60,,Food,,9/3/25 9:29 AM,9/3/25 9:39 AM,9 minutes and 54 seconds,KDS - Login Don't Delete
12060 Potranco Road,Leticia Roman,65,12,Food,,9/3/25 9:40 AM,9/3/25 9:42 AM,1 minute and 41 seconds,KDS - Login Don't Delete
12060 Potranco Road,Leticia Roman,65,12,No Print,,9/3/25 9:40 AM,9/3/25 9:42 AM,1 minute and 41 seconds,KDS - Login Don't Delete
12060 Potranco Road,Melissa  Urena,66,,Food,,9/3/25 9:42 AM,9/3/25 9:44 AM,2 minutes and 31 seconds,KDS - Login Don't Delete
12060 Potranco Road,Melissa  Urena,66,,Drive Thru,,9/3/25 9:42 AM,9/3/25 9:44 AM,2 minutes and 31 seconds,KDS - Login Don't Delete
12060 Potranco Road,Candy Del Angel,67,,Drive Thru,,9/3/25 9:43 AM,9/3/25 9:48 AM,4 minutes and 54 seconds,KDS - Login Don't Delete
12060 Potranco Road,Candy Del Angel,67,,Food,,9/3/25 9:43 AM,9/3/25 9:48 AM,4 minutes and 54 seconds,KDS - Login Don't Delete
12060 Potranco Road,Melissa  Urena,68,,Food,,9/3/25 9:43 AM,9/3/25 9:49 AM,5 minutes and 23 seconds,KDS - Login Don't Delete
12060 Potranco Road,Melissa  Urena,68,,Drive Thru,,9/3/25 9:43 AM,9/3/25 9:49 AM,5 minutes and 23 seconds,KDS - Login Don't Delete
12060 Potranco Road,Melissa  Urena,71,,Food,,9/3/25 9:50 AM,9/3/25 9:53 AM,3 minutes and 19 seconds,KDS - Login Don't Delete
12060 Potranco Road,Melissa  Urena,71,,Drive Thru,,9/3/25 9:50 AM,9/3/25 9:53 AM,3 minutes and 19 seconds,KDS - Login Don't Delete
12060 Potranco Road,Melissa  Urena,71,,Food,,9/3/25 9:50 AM,9/3/25 9:53 AM,3 minutes and 6 seconds,KDS - Login Don't Delete
12060 Potranco Road,Melissa  Urena,71,,Drive Thru,,9/3/25 9:50 AM,9/3/25 9:53 AM,3 minutes and 6 seconds,KDS - Login Don't Delete
12060 Potranco Road,Melissa  Urena,71,,Food,,9/3/25 9:50 AM,9/3/25 9:53 AM,3 minutes and 3 seconds,KDS - Login Don't Delete
12060 Potranco Road,Melissa  Urena,71,,Drive Thru,,9/3/25 9:50 AM,9/3/25 9:53 AM,3 minutes and 3 seconds,KDS - Login Don't Delete
12060 Potranco Road,Leticia Roman,69,1,Food,,9/3/25 9:50 AM,9/3/25 9:54 AM,3 minutes and 18 seconds,KDS - Login Don't Delete
12060 Potranco Road,Leticia Roman,69,1,No Print,,9/3/25 9:50 AM,9/3/25 9:54 AM,3 minutes and 18 seconds,KDS - Login Don't Delete
12060 Potranco Road,Adriana Navarro,70,20,Food,,9/3/25 9:49 AM,9/3/25 9:54 AM,4 minutes and 31 seconds,KDS - Login Don't Delete
12060 Potranco Road,Adriana Navarro,70,20,No Print,,9/3/25 9:49 AM,9/3/25 9:54 AM,4 minutes and 31 seconds,KDS - Login Don't Delete
12060 Potranco Road,Leticia Roman,64,3,Food,,9/3/25 9:51 AM,9/3/25 9:55 AM,3 minutes and 46 seconds,KDS - Login Don't Delete
12060 Potranco Road,Leticia Roman,64,3,No Print,,9/3/25 9:51 AM,9/3/25 9:55 AM,3 minutes and 46 seconds,KDS - Login Don't Delete
12060 Potranco Road,Candy Del Angel,67,,,1,9/3/25 9:48 AM,9/3/25 9:56 AM,7 minutes and 54 seconds,KDS - Login Don't Delete
12060 Potranco Road,Adriana Navarro,70,20,,1,9/3/25 9:54 AM,9/3/25 9:57 AM,2 minutes and 56 seconds,KDS - Login Don't Delete
12060 Potranco Road,Lizbeth Garcia,59,15,,1,9/3/25 9:36 AM,9/3/25 9:57 AM,21 minutes and 28 seconds,KDS - Login Don't Delete
12060 Potranco Road,Leticia Roman,69,1,,1,9/3/25 9:54 AM,9/3/25 9:57 AM,3 minutes and 11 seconds,KDS - Login Don't Delete
12060 Potranco Road,Candy Del Angel,60,,,1,9/3/25 9:39 AM,9/3/25 9:57 AM,17 minutes and 50 seconds,KDS - Login Don't Delete
12060 Potranco Road,Leticia Roman,64,3,,1,9/3/25 9:55 AM,9/3/25 9:57 AM,2 minutes and 18 seconds,KDS - Login Don't Delete
12060 Potranco Road,Leticia Roman,65,12,,1,9/3/25 9:42 AM,9/3/25 9:57 AM,15 minutes and 5 seconds,KDS - Login Don't Delete
12060 Potranco Road,Melissa  Urena,72,,Food,,9/3/25 9:57 AM,9/3/25 9:59 AM,2 minutes and 4 seconds,KDS - Login Don't Delete
12060 Potranco Road,Melissa  Urena,72,,Drive Thru,,9/3/25 9:57 AM,9/3/25 9:59 AM,2 minutes and 4 seconds,KDS - Login Don't Delete
12060 Potranco Road,Lizbeth Garcia,74,2,Food,,9/3/25 10:00 AM,9/3/25 10:01 AM,1 minute and 56 seconds,KDS - Login Don't Delete
12060 Potranco Road,Lizbeth Garcia,74,2,No Print,,9/3/25 10:00 AM,9/3/25 10:01 AM,1 minute and 56 seconds,KDS - Login Don't Delete
12060 Potranco Road,Lizbeth Garcia,74,2,Drive Thru,,9/3/25 10:05 AM,9/3/25 10:09 AM,3 minutes and 47 seconds,KDS - Login Don't Delete
12060 Potranco Road,Lizbeth Garcia,74,2,Food,,9/3/25 10:05 AM,9/3/25 10:09 AM,3 minutes and 47 seconds,KDS - Login Don't Delete
12060 Potranco Road,Lizbeth Garcia,76,34,Food,,9/3/25 10:07 AM,9/3/25 10:09 AM,1 minute and 36 seconds,KDS - Login Don't Delete
12060 Potranco Road,Lizbeth Garcia,76,34,No Print,,9/3/25 10:07 AM,9/3/25 10:09 AM,1 minute and 36 seconds,KDS - Login Don't Delete
12060 Potranco Road,Melissa  Urena,73,,Food,,9/3/25 10:04 AM,9/3/25 10:10 AM,6 minutes and 7 seconds,KDS - Login Don't Delete
12060 Potranco Road,Melissa  Urena,73,,Drive Thru,,9/3/25 10:04 AM,9/3/25 10:10 AM,6 minutes and 7 seconds,KDS - Login Don't Delete
12060 Potranco Road,Melissa  Urena,75,,Food,,9/3/25 10:07 AM,9/3/25 10:10 AM,3 minutes and 47 seconds,KDS - Login Don't Delete
12060 Potranco Road,Melissa  Urena,75,,Drive Thru,,9/3/25 10:07 AM,9/3/25 10:10 AM,3 minutes and 47 seconds,KDS - Login Don't Delete
12060 Potranco Road,Melissa  Urena,80,,Food,,9/3/25 10:11 AM,9/3/25 10:12 AM,1 minute and 18 seconds,KDS - Login Don't Delete
12060 Potranco Road,Melissa  Urena,80,,Drive Thru,,9/3/25 10:11 AM,9/3/25 10:12 AM,1 minute and 18 seconds,KDS - Login Don't Delete
12060 Potranco Road,Leticia Roman,79,18,Food,,9/3/25 10:12 AM,9/3/25 10:15 AM,3 minutes and 21 seconds,KDS - Login Don't Delete
12060 Potranco Road,Adriana Navarro,78,15,Food,,9/3/25 10:10 AM,9/3/25 10:15 AM,5 minutes and 34 seconds,KDS - Login Don't Delete
12060 Potranco Road,Adriana Navarro,78,15,No Print,,9/3/25 10:10 AM,9/3/25 10:15 AM,5 minutes and 34 seconds,KDS - Login Don't Delete
12060 Potranco Road,Candy Del Angel,81,,Food,,9/3/25 10:13 AM,9/3/25 10:15 AM,2 minutes and 22 seconds,KDS - Login Don't Delete
12060 Potranco Road,Candy Del Angel,81,,No Print,,9/3/25 10:13 AM,9/3/25 10:15 AM,2 minutes and 22 seconds,KDS - Login Don't Delete
12060 Potranco Road,Leticia Roman,79,18,No Print,,9/3/25 10:12 AM,9/3/25 10:15 AM,3 minutes and 21 seconds,KDS - Login Don't Delete
12060 Potranco Road,Leticia Roman,79,18,Drive Thru,,9/3/25 10:12 AM,9/3/25 10:15 AM,3 minutes and 21 seconds,KDS - Login Don't Delete
12060 Potranco Road,Lizbeth Garcia,74,2,Food,,9/3/25 10:17 AM,9/3/25 10:18 AM,29 seconds,KDS - Login Don't Delete
12060 Potranco Road,Lizbeth Garcia,74,2,No Print,,9/3/25 10:17 AM,9/3/25 10:18 AM,29 seconds,KDS - Login Don't Delete
12060 Potranco Road,Melissa  Urena,83,,Food,,9/3/25 10:14 AM,9/3/25 10:20 AM,5 minutes and 22 seconds,KDS - Login Don't Delete
12060 Potranco Road,Melissa  Urena,83,,Drive Thru,,9/3/25 10:14 AM,9/3/25 10:20 AM,5 minutes and 22 seconds,KDS - Login Don't Delete
12060 Potranco Road,Leticia Roman,89,,Drive Thru,,9/3/25 10:27 AM,9/3/25 10:29 AM,1 minute and 41 seconds,KDS - Login Don't Delete
12060 Potranco Road,Leticia Roman,89,,Food,,9/3/25 10:27 AM,9/3/25 10:29 AM,1 minute and 41 seconds,KDS - Login Don't Delete
12060 Potranco Road,Melissa  Urena,85,,Food,,9/3/25 10:23 AM,9/3/25 10:29 AM,6 minutes and 15 seconds,KDS - Login Don't Delete
12060 Potranco Road,Melissa  Urena,85,,Drive Thru,,9/3/25 10:23 AM,9/3/25 10:29 AM,6 minutes and 15 seconds,KDS - Login Don't Delete
12060 Potranco Road,Melissa  Urena,87,,Food,,9/3/25 10:26 AM,9/3/25 10:29 AM,3 minutes and 23 seconds,KDS - Login Don't Delete
12060 Potranco Road,Melissa  Urena,87,,Drive Thru,,9/3/25 10:26 AM,9/3/25 10:29 AM,3 minutes and 23 seconds,KDS - Login Don't Delete
12060 Potranco Road,Melissa  Urena,86,,Food,,9/3/25 10:23 AM,9/3/25 10:29 AM,5 minutes and 35 seconds,KDS - Login Don't Delete
12060 Potranco Road,Melissa  Urena,86,,Drive Thru,,9/3/25 10:23 AM,9/3/25 10:29 AM,5 minutes and 35 seconds,KDS - Login Don't Delete
12060 Potranco Road,Adriana Navarro,88,22,Food,,9/3/25 10:27 AM,9/3/25 10:29 AM,2 minutes and 39 seconds,KDS - Login Don't Delete
12060 Potranco Road,Adriana Navarro,88,22,No Print,,9/3/25 10:27 AM,9/3/25 10:29 AM,2 minutes and 39 seconds,KDS - Login Don't Delete
12060 Potranco Road,Adriana Navarro,88,22,Drive Thru,,9/3/25 10:32 AM,9/3/25 10:34 AM,2 minutes and 11 seconds,KDS - Login Don't Delete
12060 Potranco Road,Adriana Navarro,88,22,Food,,9/3/25 10:32 AM,9/3/25 10:34 AM,2 minutes and 11 seconds,KDS - Login Don't Delete
12060 Potranco Road,Lizbeth Garcia,74,2,,1,9/3/25 10:09 AM,9/3/25 10:42 AM,33 minutes and 20 seconds,KDS - Login Don't Delete
12060 Potranco Road,Lizbeth Garcia,76,34,,1,9/3/25 10:09 AM,9/3/25 10:42 AM,33 minutes and 20 seconds,KDS - Login Don't Delete
12060 Potranco Road,Lizbeth Garcia,74,2,,1,9/3/25 10:01 AM,9/3/25 10:42 AM,40 minutes and 28 seconds,KDS - Login Don't Delete
12060 Potranco Road,Candy Del Angel,81,,,1,9/3/25 10:15 AM,9/3/25 10:42 AM,26 minutes and 32 seconds,KDS - Login Don't Delete
12060 Potranco Road,Leticia Roman,79,18,,1,9/3/25 10:15 AM,9/3/25 10:42 AM,26 minutes and 32 seconds,KDS - Login Don't Delete
12060 Potranco Road,Adriana Navarro,88,22,,1,9/3/25 10:29 AM,9/3/25 10:42 AM,12 minutes and 50 seconds,KDS - Login Don't Delete
12060 Potranco Road,Adriana Navarro,78,15,,1,9/3/25 10:15 AM,9/3/25 10:42 AM,26 minutes and 33 seconds,KDS - Login Don't Delete
12060 Potranco Road,Lizbeth Garcia,74,2,,1,9/3/25 10:18 AM,9/3/25 10:42 AM,24 minutes and 20 seconds,KDS - Login Don't Delete
12060 Potranco Road,Leticia Roman,89,,,1,9/3/25 10:29 AM,9/3/25 10:42 AM,13 minutes and 14 seconds,KDS - Login Don't Delete
12060 Potranco Road,Adriana Navarro,88,22,,1,9/3/25 10:34 AM,9/3/25 10:42 AM,8 minutes and 16 seconds,KDS - Login Don't Delete
12060 Potranco Road,Melissa  Urena,92,,Food,,9/3/25 10:35 AM,9/3/25 10:46 AM,10 minutes and 19 seconds,KDS - Login Don't Delete
12060 Potranco Road,Melissa  Urena,92,,Food,,9/3/25 10:35 AM,9/3/25 10:46 AM,10 minutes and 13 seconds,KDS - Login Don't Delete
12060 Potranco Road,Melissa  Urena,92,,Drive Thru,,9/3/25 10:35 AM,9/3/25 10:46 AM,10 minutes and 13 seconds,KDS - Login Don't Delete
12060 Potranco Road,Melissa  Urena,93,,Food,,9/3/25 10:37 AM,9/3/25 10:46 AM,8 minutes and 37 seconds,KDS - Login Don't Delete
12060 Potranco Road,Melissa  Urena,93,,Drive Thru,,9/3/25 10:37 AM,9/3/25 10:46 AM,8 minutes and 37 seconds,KDS - Login Don't Delete
12060 Potranco Road,Melissa  Urena,92,,Drive Thru,,9/3/25 10:35 AM,9/3/25 10:46 AM,10 minutes and 19 seconds,KDS - Login Don't Delete
12060 Potranco Road,Melissa  Urena,94,,Food,,9/3/25 10:38 AM,9/3/25 10:46 AM,8 minutes,KDS - Login Don't Delete
12060 Potranco Road,Melissa  Urena,95,,Food,,9/3/25 10:42 AM,9/3/25 10:46 AM,3 minutes and 57 seconds,KDS - Login Don't Delete
12060 Potranco Road,Melissa  Urena,95,,Drive Thru,,9/3/25 10:42 AM,9/3/25 10:46 AM,3 minutes and 57 seconds,KDS - Login Don't Delete
12060 Potranco Road,Melissa  Urena,94,,Drive Thru,,9/3/25 10:38 AM,9/3/25 10:46 AM,8 minutes,KDS - Login Don't Delete
12060 Potranco Road,Lizbeth Garcia,91,26,Food,,9/3/25 10:38 AM,9/3/25 10:46 AM,8 minutes and 18 seconds,KDS - Login Don't Delete
12060 Potranco Road,Leticia Roman,90,3,Food,,9/3/25 10:39 AM,9/3/25 10:46 AM,7 minutes and 20 seconds,KDS - Login Don't Delete
12060 Potranco Road,Leticia Roman,90,3,No Print,,9/3/25 10:39 AM,9/3/25 10:46 AM,7 minutes and 20 seconds,KDS - Login Don't Delete
12060 Potranco Road,Lizbeth Garcia,91,26,No Print,,9/3/25 10:38 AM,9/3/25 10:46 AM,8 minutes and 18 seconds,KDS - Login Don't Delete
12060 Potranco Road,Lizbeth Garcia,91,26,Drive Thru,,9/3/25 10:38 AM,9/3/25 10:46 AM,8 minutes and 18 seconds,KDS - Login Don't Delete
12060 Potranco Road,Lizbeth Garcia,91,26,,1,9/3/25 10:46 AM,9/3/25 10:47 AM,47 seconds,KDS - Login Don't Delete
12060 Potranco Road,Melissa  Urena,97,,Food,,9/3/25 10:46 AM,9/3/25 10:48 AM,1 minute and 30 seconds,KDS - Login Don't Delete
12060 Potranco Road,Melissa  Urena,97,,Drive Thru,,9/3/25 10:46 AM,9/3/25 10:48 AM,1 minute and 30 seconds,KDS - Login Don't Delete
12060 Potranco Road,Melissa  Urena,96,,Food,,9/3/25 10:44 AM,9/3/25 10:48 AM,4 minutes and 4 seconds,KDS - Login Don't Delete
12060 Potranco Road,Melissa  Urena,96,,Drive Thru,,9/3/25 10:44 AM,9/3/25 10:48 AM,4 minutes and 4 seconds,KDS - Login Don't Delete
12060 Potranco Road,Melissa  Urena,98,,Food,,9/3/25 10:49 AM,9/3/25 10:55 AM,5 minutes and 26 seconds,KDS - Login Don't Delete
12060 Potranco Road,Melissa  Urena,98,,Drive Thru,,9/3/25 10:49 AM,9/3/25 10:55 AM,5 minutes and 26 seconds,KDS - Login Don't Delete
12060 Potranco Road,Melissa  Urena,100,,Food,,9/3/25 10:56 AM,9/3/25 11:01 AM,5 minutes and 25 seconds,KDS - Login Don't Delete
12060 Potranco Road,Melissa  Urena,100,,Drive Thru,,9/3/25 10:56 AM,9/3/25 11:01 AM,5 minutes and 25 seconds,KDS - Login Don't Delete
12060 Potranco Road,Melissa  Urena,99,,Food,,9/3/25 10:51 AM,9/3/25 11:01 AM,10 minutes and 13 seconds,KDS - Login Don't Delete
12060 Potranco Road,Melissa  Urena,99,,Drive Thru,,9/3/25 10:51 AM,9/3/25 11:01 AM,10 minutes and 13 seconds,KDS - Login Don't Delete
12060 Potranco Road,Melissa  Urena,101,,Food,,9/3/25 10:56 AM,9/3/25 11:01 AM,4 minutes and 59 seconds,KDS - Login Don't Delete
12060 Potranco Road,Melissa  Urena,101,,Drive Thru,,9/3/25 10:56 AM,9/3/25 11:01 AM,4 minutes and 59 seconds,KDS - Login Don't Delete
12060 Potranco Road,Melissa  Urena,102,,Food,,9/3/25 10:58 AM,9/3/25 11:05 AM,6 minutes and 57 seconds,KDS - Login Don't Delete
12060 Potranco Road,Melissa  Urena,106,,Food,,9/3/25 11:05 AM,9/3/25 11:05 AM,55 seconds,KDS - Login Don't Delete
12060 Potranco Road,Melissa  Urena,106,,Drive Thru,,9/3/25 11:05 AM,9/3/25 11:05 AM,55 seconds,KDS - Login Don't Delete
12060 Potranco Road,Melissa  Urena,102,,Drive Thru,,9/3/25 10:58 AM,9/3/25 11:05 AM,6 minutes and 57 seconds,KDS - Login Don't Delete
12060 Potranco Road,Adriana Navarro,104,27,Food,,9/3/25 11:07 AM,9/3/25 11:10 AM,2 minutes and 27 seconds,KDS - Login Don't Delete
12060 Potranco Road,Adriana Navarro,104,27,No Print,,9/3/25 11:07 AM,9/3/25 11:10 AM,2 minutes and 27 seconds,KDS - Login Don't Delete
12060 Potranco Road,Adriana Navarro,104,27,Drive Thru,,9/3/25 11:07 AM,9/3/25 11:10 AM,2 minutes and 27 seconds,KDS - Login Don't Delete
12060 Potranco Road,Lizbeth Garcia,107,16,Food,,9/3/25 11:13 AM,9/3/25 11:20 AM,7 minutes and 7 seconds,KDS - Login Don't Delete
12060 Potranco Road,Lizbeth Garcia,107,16,No Print,,9/3/25 11:13 AM,9/3/25 11:20 AM,7 minutes and 7 seconds,KDS - Login Don't Delete
12060 Potranco Road,Adriana Navarro,104,27,Food,,9/3/25 11:13 AM,9/3/25 11:20 AM,7 minutes and 4 seconds,KDS - Login Don't Delete
12060 Potranco Road,Adriana Navarro,104,27,No Print,,9/3/25 11:13 AM,9/3/25 11:20 AM,7 minutes and 4 seconds,KDS - Login Don't Delete
12060 Potranco Road,Lizbeth Garcia,112,,Food,,9/3/25 11:24 AM,9/3/25 11:27 AM,2 minutes and 27 seconds,KDS - Login Don't Delete
12060 Potranco Road,Lizbeth Garcia,112,,No Print,,9/3/25 11:24 AM,9/3/25 11:27 AM,2 minutes and 27 seconds,KDS - Login Don't Delete
12060 Potranco Road,Candy Del Angel,111,,Drive Thru,,9/3/25 11:23 AM,9/3/25 11:27 AM,3 minutes and 47 seconds,KDS - Login Don't Delete
12060 Potranco Road,Candy Del Angel,111,,Food,,9/3/25 11:23 AM,9/3/25 11:27 AM,3 minutes and 47 seconds,KDS - Login Don't Delete
12060 Potranco Road,Leticia Roman,110,15,Food,,9/3/25 11:25 AM,9/3/25 11:33 AM,8 minutes and 6 seconds,KDS - Login Don't Delete
12060 Potranco Road,Leticia Roman,110,15,No Print,,9/3/25 11:25 AM,9/3/25 11:33 AM,8 minutes and 6 seconds,KDS - Login Don't Delete
12060 Potranco Road,Leticia Roman,110,15,Drive Thru,,9/3/25 11:35 AM,9/3/25 11:35 AM,2 seconds,KDS - Login Don't Delete
12060 Potranco Road,Leticia Roman,110,15,Food,,9/3/25 11:35 AM,9/3/25 11:35 AM,2 seconds,KDS - Login Don't Delete
12060 Potranco Road,Lizbeth Garcia,116,6,Food,,9/3/25 11:30 AM,9/3/25 11:36 AM,6 minutes and 4 seconds,KDS - Login Don't Delete
12060 Potranco Road,Lizbeth Garcia,116,6,No Print,,9/3/25 11:30 AM,9/3/25 11:36 AM,6 minutes and 4 seconds,KDS - Login Don't Delete
12060 Potranco Road,Candy Del Angel,114,,Drive Thru,,9/3/25 11:31 AM,9/3/25 11:38 AM,7 minutes and 18 seconds,KDS - Login Don't Delete
12060 Potranco Road,Candy Del Angel,114,,Food,,9/3/25 11:31 AM,9/3/25 11:38 AM,7 minutes and 18 seconds,KDS - Login Don't Delete
12060 Potranco Road,Candy Del Angel,114,,,1,9/3/25 11:38 AM,9/3/25 11:39 AM,33 seconds,KDS - Login Don't Delete
12060 Potranco Road,Candy Del Angel,111,,,1,9/3/25 11:27 AM,9/3/25 11:39 AM,11 minutes and 32 seconds,KDS - Login Don't Delete
12060 Potranco Road,Lizbeth Garcia,112,,,1,9/3/25 11:27 AM,9/3/25 11:39 AM,11 minutes and 56 seconds,KDS - Login Don't Delete
12060 Potranco Road,Leticia Roman,110,15,,1,9/3/25 11:33 AM,9/3/25 11:39 AM,6 minutes and 9 seconds,KDS - Login Don't Delete
12060 Potranco Road,Adriana Navarro,104,27,,1,9/3/25 11:20 AM,9/3/25 11:39 AM,18 minutes and 56 seconds,KDS - Login Don't Delete
12060 Potranco Road,Lizbeth Garcia,116,6,,1,9/3/25 11:36 AM,9/3/25 11:39 AM,2 minutes and 53 seconds,KDS - Login Don't Delete
12060 Potranco Road,Lizbeth Garcia,107,16,,1,9/3/25 11:20 AM,9/3/25 11:39 AM,18 minutes and 55 seconds,KDS - Login Don't Delete
12060 Potranco Road,Adriana Navarro,104,27,,1,9/3/25 11:10 AM,9/3/25 11:39 AM,29 minutes and 6 seconds,KDS - Login Don't Delete
12060 Potranco Road,Leticia Roman,90,3,,1,9/3/25 10:46 AM,9/3/25 11:39 AM,52 minutes and 59 seconds,KDS - Login Don't Delete
12060 Potranco Road,Leticia Roman,110,15,,1,9/3/25 11:35 AM,9/3/25 11:39 AM,3 minutes and 59 seconds,KDS - Login Don't Delete
12060 Potranco Road,Leticia Roman,117,34,Food,,9/3/25 11:31 AM,9/3/25 11:41 AM,9 minutes and 25 seconds,KDS - Login Don't Delete
12060 Potranco Road,Leticia Roman,117,34,No Print,,9/3/25 11:31 AM,9/3/25 11:41 AM,9 minutes and 25 seconds,KDS - Login Don't Delete
12060 Potranco Road,Lizbeth Garcia,119,14,Food,,9/3/25 11:35 AM,9/3/25 11:41 AM,6 minutes and 2 seconds,KDS - Login Don't Delete
12060 Potranco Road,Lizbeth Garcia,119,14,No Print,,9/3/25 11:35 AM,9/3/25 11:41 AM,6 minutes and 2 seconds,KDS - Login Don't Delete
12060 Potranco Road,Adriana Navarro,121,12,Food,,9/3/25 11:37 AM,9/3/25 11:41 AM,4 minutes and 7 seconds,KDS - Login Don't Delete
12060 Potranco Road,Adriana Navarro,121,12,No Print,,9/3/25 11:37 AM,9/3/25 11:41 AM,4 minutes and 7 seconds,KDS - Login Don't Delete
12060 Potranco Road,Adriana Navarro,122,25,Drive Thru,,9/3/25 11:40 AM,9/3/25 11:41 AM,51 seconds,KDS - Login Don't Delete
12060 Potranco Road,Adriana Navarro,122,25,Food,,9/3/25 11:40 AM,9/3/25 11:41 AM,51 seconds,KDS - Login Don't Delete
12060 Potranco Road,Leticia Roman,117,34,,1,9/3/25 11:41 AM,9/3/25 11:42 AM,1 minute and 16 seconds,KDS - Login Don't Delete
12060 Potranco Road,Melissa  Urena,113,,Food,,9/3/25 11:27 AM,9/3/25 11:42 AM,14 minutes and 27 seconds,KDS - Login Don't Delete
12060 Potranco Road,Melissa  Urena,113,,Drive Thru,,9/3/25 11:27 AM,9/3/25 11:42 AM,14 minutes and 27 seconds,KDS - Login Don't Delete
12060 Potranco Road,Lizbeth Garcia,119,14,,1,9/3/25 11:41 AM,9/3/25 11:42 AM,1 minute and 26 seconds,KDS - Login Don't Delete
12060 Potranco Road,Adriana Navarro,122,25,,1,9/3/25 11:41 AM,9/3/25 11:42 AM,1 minute and 27 seconds,KDS - Login Don't Delete
12060 Potranco Road,Leticia Roman,120,23,,1,9/3/25 11:41 AM,9/3/25 11:47 AM,6 minutes and 5 seconds,KDS - Login Don't Delete
12060 Potranco Road,Melissa  Urena,124,,Food,,9/3/25 11:44 AM,9/3/25 11:52 AM,7 minutes and 51 seconds,KDS - Login Don't Delete
12060 Potranco Road,Melissa  Urena,124,,Drive Thru,,9/3/25 11:44 AM,9/3/25 11:52 AM,7 minutes and 51 seconds,KDS - Login Don't Delete
12060 Potranco Road,Candy Del Angel,114,,Drive Thru,,9/3/25 11:42 AM,9/3/25 11:53 AM,11 minutes and 31 seconds,KDS - Login Don't Delete
12060 Potranco Road,Candy Del Angel,114,,Food,,9/3/25 11:42 AM,9/3/25 11:53 AM,11 minutes and 31 seconds,KDS - Login Don't Delete
12060 Potranco Road,Melissa  Urena,127,,Food,,9/3/25 11:49 AM,9/3/25 11:57 AM,7 minutes and 34 seconds,KDS - Login Don't Delete
12060 Potranco Road,Melissa  Urena,127,,Drive Thru,,9/3/25 11:49 AM,9/3/25 11:57 AM,7 minutes and 34 seconds,KDS - Login Don't Delete
12060 Potranco Road,Leticia Roman,128,16,Food,,9/3/25 11:52 AM,9/3/25 11:58 AM,6 minutes and 21 seconds,KDS - Login Don't Delete
12060 Potranco Road,Leticia Roman,128,16,No Print,,9/3/25 11:52 AM,9/3/25 11:58 AM,6 minutes and 21 seconds,KDS - Login Don't Delete
12060 Potranco Road,Candy Del Angel,114,,,1,9/3/25 11:53 AM,9/3/25 11:59 AM,5 minutes and 40 seconds,KDS - Login Don't Delete
12060 Potranco Road,Lizbeth Garcia,129,26,Food,,9/3/25 11:59 AM,9/3/25 12:10 PM,10 minutes and 39 seconds,KDS - Login Don't Delete
12060 Potranco Road,Lizbeth Garcia,129,26,No Print,,9/3/25 11:59 AM,9/3/25 12:10 PM,10 minutes and 39 seconds,KDS - Login Don't Delete
12060 Potranco Road,Adriana Navarro,126,21,Food,,9/3/25 11:50 AM,9/3/25 12:10 PM,19 minutes and 28 seconds,KDS - Login Don't Delete
12060 Potranco Road,Adriana Navarro,126,21,No Print,,9/3/25 11:50 AM,9/3/25 12:10 PM,19 minutes and 28 seconds,KDS - Login Don't Delete
12060 Potranco Road,Melissa  Urena,130,,Food,,9/3/25 12:00 PM,9/3/25 12:10 PM,10 minutes and 19 seconds,KDS - Login Don't Delete
12060 Potranco Road,Melissa  Urena,130,,Drive Thru,,9/3/25 12:00 PM,9/3/25 12:10 PM,10 minutes and 19 seconds,KDS - Login Don't Delete
12060 Potranco Road,Melissa  Urena,131,,Food,,9/3/25 12:01 PM,9/3/25 12:10 PM,9 minutes and 28 seconds,KDS - Login Don't Delete
12060 Potranco Road,Melissa  Urena,131,,Drive Thru,,9/3/25 12:01 PM,9/3/25 12:10 PM,9 minutes and 28 seconds,KDS - Login Don't Delete
12060 Potranco Road,Adriana Navarro,121,12,,1,9/3/25 11:41 AM,9/3/25 12:15 PM,34 minutes and 4 seconds,KDS - Login Don't Delete
12060 Potranco Road,Adriana Navarro,126,21,,1,9/3/25 12:10 PM,9/3/25 12:15 PM,4 minutes and 58 seconds,KDS - Login Don't Delete
12060 Potranco Road,Lizbeth Garcia,129,26,,1,9/3/25 12:10 PM,9/3/25 12:18 PM,7 minutes and 58 seconds,KDS - Login Don't Delete
12060 Potranco Road,Leticia Roman,128,16,,1,9/3/25 11:58 AM,9/3/25 12:18 PM,19 minutes and 44 seconds,KDS - Login Don't Delete
12060 Potranco Road,Adriana Navarro,132,2,,1,9/3/25 12:08 PM,9/3/25 12:18 PM,9 minutes and 31 seconds,KDS - Login Don't Delete
12060 Potranco Road,Adriana Navarro,121,12,,1,9/3/25 12:12 PM,9/3/25 12:18 PM,5 minutes and 28 seconds,KDS - Login Don't Delete
12060 Potranco Road,Lizbeth Garcia,133,15,Food,,9/3/25 12:15 PM,9/3/25 12:21 PM,5 minutes and 43 seconds,KDS - Login Don't Delete
12060 Potranco Road,Lizbeth Garcia,133,15,No Print,,9/3/25 12:15 PM,9/3/25 12:21 PM,5 minutes and 43 seconds,KDS - Login Don't Delete
12060 Potranco Road,Adriana Navarro,138,18,Food,,9/3/25 12:28 PM,9/3/25 12:29 PM,1 minute and 18 seconds,KDS - Login Don't Delete
12060 Potranco Road,Adriana Navarro,138,18,No Print,,9/3/25 12:28 PM,9/3/25 12:29 PM,1 minute and 18 seconds,KDS - Login Don't Delete
12060 Potranco Road,Leticia Roman,134,31,,1,9/3/25 12:24 PM,9/3/25 12:34 PM,9 minutes and 46 seconds,KDS - Login Don't Delete
12060 Potranco Road,Lizbeth Garcia,135,7,Food,,9/3/25 12:25 PM,9/3/25 12:35 PM,10 minutes and 1 second,KDS - Login Don't Delete
12060 Potranco Road,Lizbeth Garcia,135,7,No Print,,9/3/25 12:25 PM,9/3/25 12:35 PM,10 minutes and 1 second,KDS - Login Don't Delete
12060 Potranco Road,Adriana Navarro,121,12,Drive Thru,,9/3/25 12:34 PM,9/3/25 12:35 PM,21 seconds,KDS - Login Don't Delete
12060 Potranco Road,Adriana Navarro,121,12,Food,,9/3/25 12:34 PM,9/3/25 12:35 PM,21 seconds,KDS - Login Don't Delete
12060 Potranco Road,Melissa  Urena,136,,Food,,9/3/25 12:25 PM,9/3/25 12:35 PM,10 minutes and 14 seconds,KDS - Login Don't Delete
12060 Potranco Road,Melissa  Urena,136,,Drive Thru,,9/3/25 12:25 PM,9/3/25 12:35 PM,10 minutes and 14 seconds,KDS - Login Don't Delete
12060 Potranco Road,Adriana Navarro,138,18,Drive Thru,,9/3/25 12:35 PM,9/3/25 12:36 PM,1 minute and 21 seconds,KDS - Login Don't Delete
12060 Potranco Road,Adriana Navarro,138,18,Food,,9/3/25 12:35 PM,9/3/25 12:36 PM,1 minute and 21 seconds,KDS - Login Don't Delete
12060 Potranco Road,Lizbeth Garcia,135,7,,1,9/3/25 12:35 PM,9/3/25 12:41 PM,6 minutes and 42 seconds,KDS - Login Don't Delete
12060 Potranco Road,Adriana Navarro,121,12,,1,9/3/25 12:35 PM,9/3/25 12:41 PM,6 minutes and 40 seconds,KDS - Login Don't Delete
12060 Potranco Road,Adriana Navarro,138,18,,1,9/3/25 12:36 PM,9/3/25 12:41 PM,4 minutes and 55 seconds,KDS - Login Don't Delete
12060 Potranco Road,Lizbeth Garcia,133,15,,1,9/3/25 12:21 PM,9/3/25 12:41 PM,20 minutes and 36 seconds,KDS - Login Don't Delete
12060 Potranco Road,Adriana Navarro,138,18,,1,9/3/25 12:29 PM,9/3/25 12:41 PM,12 minutes and 22 seconds,KDS - Login Don't Delete
12060 Potranco Road,Adriana Navarro,122,25,Food,,9/3/25 12:33 PM,9/3/25 12:57 PM,23 minutes and 8 seconds,KDS - Login Don't Delete
12060 Potranco Road,Adriana Navarro,122,25,No Print,,9/3/25 12:33 PM,9/3/25 12:57 PM,23 minutes and 8 seconds,KDS - Login Don't Delete
12060 Potranco Road,Adriana Navarro,122,25,Drive Thru,,9/3/25 12:33 PM,9/3/25 12:57 PM,23 minutes and 8 seconds,KDS - Login Don't Delete
12060 Potranco Road,Melissa  Urena,140,,Food,,9/3/25 12:52 PM,9/3/25 1:09 PM,17 minutes and 34 seconds,KDS - Login Don't Delete
12060 Potranco Road,Melissa  Urena,140,,Drive Thru,,9/3/25 12:52 PM,9/3/25 1:09 PM,17 minutes and 34 seconds,KDS - Login Don't Delete
12060 Potranco Road,Melissa  Urena,137,,Food,,9/3/25 12:45 PM,9/3/25 1:09 PM,24 minutes and 23 seconds,KDS - Login Don't Delete
12060 Potranco Road,Melissa  Urena,137,,Drive Thru,,9/3/25 12:45 PM,9/3/25 1:09 PM,24 minutes and 23 seconds,KDS - Login Don't Delete
12060 Potranco Road,Melissa  Urena,142,,Food,,9/3/25 1:04 PM,9/3/25 1:10 PM,5 minutes and 55 seconds,KDS - Login Don't Delete
12060 Potranco Road,Melissa  Urena,142,,Drive Thru,,9/3/25 1:04 PM,9/3/25 1:10 PM,5 minutes and 55 seconds,KDS - Login Don't Delete
12060 Potranco Road,Melissa  Urena,144,,Food,,9/3/25 1:06 PM,9/3/25 1:10 PM,3 minutes and 39 seconds,KDS - Login Don't Delete
12060 Potranco Road,Melissa  Urena,144,,Drive Thru,,9/3/25 1:06 PM,9/3/25 1:10 PM,3 minutes and 39 seconds,KDS - Login Don't Delete
12060 Potranco Road,Adriana Navarro,145,16,Food,,9/3/25 1:09 PM,9/3/25 1:10 PM,1 minute and 15 seconds,KDS - Login Don't Delete
12060 Potranco Road,Adriana Navarro,145,16,No Print,,9/3/25 1:09 PM,9/3/25 1:10 PM,1 minute and 15 seconds,KDS - Login Don't Delete
12060 Potranco Road,Leticia Roman,143,23,Food,,9/3/25 1:05 PM,9/3/25 1:16 PM,10 minutes and 49 seconds,KDS - Login Don't Delete
12060 Potranco Road,Leticia Roman,143,23,No Print,,9/3/25 1:05 PM,9/3/25 1:16 PM,10 minutes and 49 seconds,KDS - Login Don't Delete
12060 Potranco Road,Adriana Navarro,141,4,Drive Thru,,9/3/25 12:57 PM,9/3/25 1:16 PM,19 minutes and 32 seconds,KDS - Login Don't Delete
12060 Potranco Road,Adriana Navarro,141,4,Food,,9/3/25 12:57 PM,9/3/25 1:16 PM,19 minutes and 32 seconds,KDS - Login Don't Delete
12060 Potranco Road,Adriana Navarro,122,25,,1,9/3/25 12:57 PM,9/3/25 1:20 PM,23 minutes and 9 seconds,KDS - Login Don't Delete
12060 Potranco Road,Adriana Navarro,141,4,,1,9/3/25 1:16 PM,9/3/25 1:20 PM,3 minutes and 31 seconds,KDS - Login Don't Delete
12060 Potranco Road,Leticia Roman,143,23,,1,9/3/25 1:16 PM,9/3/25 1:20 PM,4 minutes and 8 seconds,KDS - Login Don't Delete
12060 Potranco Road,Adriana Navarro,145,16,,1,9/3/25 1:10 PM,9/3/25 1:20 PM,9 minutes and 46 seconds,KDS - Login Don't Delete
12060 Potranco Road,Melissa  Urena,148,,Food,,9/3/25 1:18 PM,9/3/25 1:29 PM,10 minutes and 17 seconds,KDS - Login Don't Delete
12060 Potranco Road,Melissa  Urena,148,,Drive Thru,,9/3/25 1:18 PM,9/3/25 1:29 PM,10 minutes and 17 seconds,KDS - Login Don't Delete
12060 Potranco Road,Lizbeth Garcia,149,3,Food,,9/3/25 1:30 PM,9/3/25 1:39 PM,9 minutes and 22 seconds,KDS - Login Don't Delete
12060 Potranco Road,Lizbeth Garcia,149,3,No Print,,9/3/25 1:30 PM,9/3/25 1:39 PM,9 minutes and 22 seconds,KDS - Login Don't Delete
12060 Potranco Road,Leticia Roman,150,29,Food,,9/3/25 1:36 PM,9/3/25 1:39 PM,2 minutes and 37 seconds,KDS - Login Don't Delete
12060 Potranco Road,Leticia Roman,150,29,No Print,,9/3/25 1:36 PM,9/3/25 1:39 PM,2 minutes and 37 seconds,KDS - Login Don't Delete
12060 Potranco Road,Lizbeth Garcia,149,3,Drive Thru,,9/3/25 1:41 PM,9/3/25 1:44 PM,3 minutes and 6 seconds,KDS - Login Don't Delete
12060 Potranco Road,Lizbeth Garcia,149,3,Food,,9/3/25 1:41 PM,9/3/25 1:44 PM,3 minutes and 6 seconds,KDS - Login Don't Delete
12060 Potranco Road,Leticia Roman,150,29,Drive Thru,,9/3/25 1:41 PM,9/3/25 1:44 PM,2 minutes and 57 seconds,KDS - Login Don't Delete
12060 Potranco Road,Leticia Roman,150,29,Food,,9/3/25 1:41 PM,9/3/25 1:44 PM,2 minutes and 57 seconds,KDS - Login Don't Delete
12060 Potranco Road,Melissa  Urena,151,,Food,,9/3/25 1:35 PM,9/3/25 2:01 PM,26 minutes and 31 seconds,KDS - Login Don't Delete
12060 Potranco Road,Melissa  Urena,151,,Drive Thru,,9/3/25 1:35 PM,9/3/25 2:01 PM,26 minutes and 31 seconds,KDS - Login Don't Delete
12060 Potranco Road,Melissa  Urena,153,,Food,,9/3/25 1:57 PM,9/3/25 2:01 PM,4 minutes and 14 seconds,KDS - Login Don't Delete
12060 Potranco Road,Melissa  Urena,153,,Drive Thru,,9/3/25 1:57 PM,9/3/25 2:01 PM,4 minutes and 14 seconds,KDS - Login Don't Delete
12060 Potranco Road,Melissa  Urena,152,,Food,,9/3/25 1:53 PM,9/3/25 2:01 PM,8 minutes and 9 seconds,KDS - Login Don't Delete
12060 Potranco Road,Melissa  Urena,152,,Drive Thru,,9/3/25 1:53 PM,9/3/25 2:01 PM,8 minutes and 9 seconds,KDS - Login Don't Delete
12060 Potranco Road,Lizbeth Garcia,149,3,,1,9/3/25 1:39 PM,9/3/25 2:04 PM,24 minutes and 46 seconds,KDS - Login Don't Delete
12060 Potranco Road,Lizbeth Garcia,149,3,,1,9/3/25 1:44 PM,9/3/25 2:04 PM,19 minutes and 49 seconds,KDS - Login Don't Delete
12060 Potranco Road,Leticia Roman,150,29,,1,9/3/25 1:39 PM,9/3/25 2:04 PM,24 minutes and 49 seconds,KDS - Login Don't Delete
12060 Potranco Road,Leticia Roman,150,29,,1,9/3/25 1:44 PM,9/3/25 2:04 PM,19 minutes and 49 seconds,KDS - Login Don't Delete
12060 Potranco Road,Melissa  Urena,155,,Food,,9/3/25 2:05 PM,9/3/25 2:07 PM,2 minutes and 20 seconds,KDS - Login Don't Delete
12060 Potranco Road,Melissa  Urena,155,,Drive Thru,,9/3/25 2:05 PM,9/3/25 2:07 PM,2 minutes and 20 seconds,KDS - Login Don't Delete
12060 Potranco Road,Adriana Navarro,154,1,Food,,9/3/25 2:05 PM,9/3/25 2:16 PM,10 minutes and 59 seconds,KDS - Login Don't Delete
12060 Potranco Road,Adriana Navarro,154,1,No Print,,9/3/25 2:05 PM,9/3/25 2:16 PM,10 minutes and 59 seconds,KDS - Login Don't Delete
12060 Potranco Road,Melissa  Urena,156,,Food,,9/3/25 2:11 PM,9/3/25 2:16 PM,5 minutes and 36 seconds,KDS - Login Don't Delete
12060 Potranco Road,Melissa  Urena,156,,Drive Thru,,9/3/25 2:11 PM,9/3/25 2:16 PM,5 minutes and 36 seconds,KDS - Login Don't Delete
12060 Potranco Road,Melissa  Urena,156,,Food,,9/3/25 2:12 PM,9/3/25 2:16 PM,4 minutes and 21 seconds,KDS - Login Don't Delete
12060 Potranco Road,Melissa  Urena,156,,Drive Thru,,9/3/25 2:12 PM,9/3/25 2:16 PM,4 minutes and 21 seconds,KDS - Login Don't Delete
12060 Potranco Road,Melissa  Urena,156,,Food,,9/3/25 2:12 PM,9/3/25 2:16 PM,4 minutes and 27 seconds,KDS - Login Don't Delete
12060 Potranco Road,Melissa  Urena,156,,Drive Thru,,9/3/25 2:12 PM,9/3/25 2:16 PM,4 minutes and 27 seconds,KDS - Login Don't Delete
12060 Potranco Road,Mario Jimenez,160,,Food,,9/3/25 2:35 PM,9/3/25 2:36 PM,1 minute and 15 seconds,KDS - Login Don't Delete
12060 Potranco Road,Mario Jimenez,160,,Drive Thru,,9/3/25 2:35 PM,9/3/25 2:36 PM,1 minute and 15 seconds,KDS - Login Don't Delete
12060 Potranco Road,Adriana Navarro,154,1,,1,9/3/25 2:16 PM,9/3/25 2:39 PM,22 minutes and 56 seconds,KDS - Login Don't Delete
12060 Potranco Road,Emanuel Sanchez,161,3,Food,,9/3/25 2:37 PM,9/3/25 2:41 PM,4 minutes and 17 seconds,KDS - Login Don't Delete
12060 Potranco Road,Emanuel Sanchez,161,3,No Print,,9/3/25 2:37 PM,9/3/25 2:41 PM,4 minutes and 17 seconds,KDS - Login Don't Delete
12060 Potranco Road,Emanuel Sanchez,161,3,Drive Thru,,9/3/25 2:37 PM,9/3/25 2:41 PM,4 minutes and 17 seconds,KDS - Login Don't Delete
12060 Potranco Road,Emanuel Sanchez,161,3,,1,9/3/25 2:41 PM,9/3/25 2:48 PM,6 minutes and 30 seconds,KDS - Login Don't Delete
12060 Potranco Road,Mario Jimenez,163,,Food,,9/3/25 2:55 PM,9/3/25 2:56 PM,1 minute and 8 seconds,KDS - Login Don't Delete
12060 Potranco Road,Mario Jimenez,163,,Drive Thru,,9/3/25 2:55 PM,9/3/25 2:56 PM,1 minute and 8 seconds,KDS - Login Don't Delete
12060 Potranco Road,Mario Jimenez,165,,Drinks,,9/3/25 3:02 PM,9/3/25 3:05 PM,3 minutes and 12 seconds,KDS - Login Don't Delete
12060 Potranco Road,Mario Jimenez,165,,Food,,9/3/25 3:02 PM,9/3/25 3:05 PM,3 minutes and 12 seconds,KDS - Login Don't Delete
12060 Potranco Road,Mario Jimenez,165,,No Print,,9/3/25 3:02 PM,9/3/25 3:05 PM,3 minutes and 12 seconds,KDS - Login Don't Delete
12060 Potranco Road,Mario Jimenez,165,,Drive Thru,,9/3/25 3:02 PM,9/3/25 3:05 PM,3 minutes and 12 seconds,KDS - Login Don't Delete
12060 Potranco Road,Emanuel Sanchez,161,3,Food,,9/3/25 3:07 PM,9/3/25 3:13 PM,6 minutes and 36 seconds,KDS - Login Don't Delete
12060 Potranco Road,Emanuel Sanchez,161,3,No Print,,9/3/25 3:07 PM,9/3/25 3:13 PM,6 minutes and 36 seconds,KDS - Login Don't Delete
12060 Potranco Road,Emanuel Sanchez,161,3,Drive Thru,,9/3/25 3:07 PM,9/3/25 3:13 PM,6 minutes and 36 seconds,KDS - Login Don't Delete
12060 Potranco Road,Emanuel Sanchez,164,7,Food,,9/3/25 3:03 PM,9/3/25 3:13 PM,10 minutes and 53 seconds,KDS - Login Don't Delete
12060 Potranco Road,Emanuel Sanchez,164,7,No Print,,9/3/25 3:03 PM,9/3/25 3:13 PM,10 minutes and 53 seconds,KDS - Login Don't Delete
12060 Potranco Road,Emanuel Sanchez,164,7,Drive Thru,,9/3/25 3:13 PM,9/3/25 3:13 PM,6 seconds,KDS - Login Don't Delete
12060 Potranco Road,Emanuel Sanchez,164,7,Food,,9/3/25 3:13 PM,9/3/25 3:13 PM,6 seconds,KDS - Login Don't Delete
12060 Potranco Road,Emanuel Sanchez,161,3,,1,9/3/25 3:13 PM,9/3/25 3:50 PM,36 minutes and 45 seconds,KDS - Login Don't Delete
12060 Potranco Road,Emanuel Sanchez,164,7,,1,9/3/25 3:13 PM,9/3/25 3:50 PM,36 minutes and 36 seconds,KDS - Login Don't Delete
12060 Potranco Road,Emanuel Sanchez,164,7,,1,9/3/25 3:13 PM,9/3/25 3:50 PM,36 minutes and 34 seconds,KDS - Login Don't Delete
12060 Potranco Road,Emanuel Sanchez,168,2,Food,,9/3/25 3:59 PM,9/3/25 4:00 PM,1 minute and 43 seconds,KDS - Login Don't Delete
12060 Potranco Road,Emanuel Sanchez,168,2,No Print,,9/3/25 3:59 PM,9/3/25 4:00 PM,1 minute and 43 seconds,KDS - Login Don't Delete
12060 Potranco Road,Emanuel Sanchez,167,16,Food,,9/3/25 3:54 PM,9/3/25 4:03 PM,9 minutes and 12 seconds,KDS - Login Don't Delete
12060 Potranco Road,Emanuel Sanchez,167,16,No Print,,9/3/25 3:54 PM,9/3/25 4:03 PM,9 minutes and 12 seconds,KDS - Login Don't Delete
12060 Potranco Road,Emanuel Sanchez,167,16,Drive Thru,,9/3/25 3:54 PM,9/3/25 4:03 PM,9 minutes and 12 seconds,KDS - Login Don't Delete
12060 Potranco Road,Emanuel Sanchez,168,2,,1,9/3/25 4:00 PM,9/3/25 4:05 PM,4 minutes and 35 seconds,KDS - Login Don't Delete
12060 Potranco Road,Emanuel Sanchez,167,16,,1,9/3/25 4:03 PM,9/3/25 4:05 PM,2 minutes and 7 seconds,KDS - Login Don't Delete
12060 Potranco Road,Mario Jimenez,169,,Food,,9/3/25 4:06 PM,9/3/25 4:10 PM,3 minutes and 38 seconds,KDS - Login Don't Delete
12060 Potranco Road,Mario Jimenez,169,,Drive Thru,,9/3/25 4:06 PM,9/3/25 4:10 PM,3 minutes and 38 seconds,KDS - Login Don't Delete
12060 Potranco Road,Mario Jimenez,170,,Food,,9/3/25 4:16 PM,9/3/25 4:19 PM,3 minutes and 11 seconds,KDS - Login Don't Delete
12060 Potranco Road,Mario Jimenez,170,,Drive Thru,,9/3/25 4:16 PM,9/3/25 4:19 PM,3 minutes and 11 seconds,KDS - Login Don't Delete
12060 Potranco Road,Mario Jimenez,171,,Food,,9/3/25 4:26 PM,9/3/25 4:30 PM,3 minutes and 33 seconds,KDS - Login Don't Delete
12060 Potranco Road,Mario Jimenez,171,,Drive Thru,,9/3/25 4:26 PM,9/3/25 4:30 PM,3 minutes and 33 seconds,KDS - Login Don't Delete
12060 Potranco Road,Mario Jimenez,173,,Food,,9/3/25 4:50 PM,9/3/25 5:02 PM,12 minutes and 2 seconds,KDS - Login Don't Delete
12060 Potranco Road,Mario Jimenez,173,,Drive Thru,,9/3/25 4:50 PM,9/3/25 5:02 PM,12 minutes and 2 seconds,KDS - Login Don't Delete
12060 Potranco Road,Emanuel Sanchez,172,15,Food,,9/3/25 4:55 PM,9/3/25 5:04 PM,8 minutes and 45 seconds,KDS - Login Don't Delete
12060 Potranco Road,Emanuel Sanchez,172,15,No Print,,9/3/25 4:55 PM,9/3/25 5:04 PM,8 minutes and 45 seconds,KDS - Login Don't Delete
12060 Potranco Road,Emanuel Sanchez,172,15,Drive Thru,,9/3/25 4:55 PM,9/3/25 5:04 PM,8 minutes and 45 seconds,KDS - Login Don't Delete
12060 Potranco Road,Emanuel Sanchez,172,15,Drinks,,9/3/25 4:55 PM,9/3/25 5:04 PM,8 minutes and 45 seconds,KDS - Login Don't Delete
12060 Potranco Road,Lisa Velasquez,174,18,Food,,9/3/25 4:56 PM,9/3/25 5:08 PM,12 minutes and 51 seconds,KDS - Login Don't Delete
12060 Potranco Road,Lisa Velasquez,174,18,No Print,,9/3/25 4:56 PM,9/3/25 5:08 PM,12 minutes and 51 seconds,KDS - Login Don't Delete
12060 Potranco Road,Lisa Velasquez,174,18,Drive Thru,,9/3/25 4:56 PM,9/3/25 5:08 PM,12 minutes and 51 seconds,KDS - Login Don't Delete
12060 Potranco Road,Lisa Velasquez,175,12,Food,,9/3/25 5:04 PM,9/3/25 5:12 PM,7 minutes and 23 seconds,KDS - Login Don't Delete
12060 Potranco Road,Lisa Velasquez,175,12,No Print,,9/3/25 5:04 PM,9/3/25 5:12 PM,7 minutes and 23 seconds,KDS - Login Don't Delete
12060 Potranco Road,Mario Jimenez,178,,Food,,9/3/25 5:17 PM,9/3/25 5:23 PM,6 minutes and 25 seconds,KDS - Login Don't Delete
12060 Potranco Road,Mario Jimenez,178,,Drive Thru,,9/3/25 5:17 PM,9/3/25 5:23 PM,6 minutes and 25 seconds,KDS - Login Don't Delete
12060 Potranco Road,Lisa Velasquez,174,18,,1,9/3/25 5:08 PM,9/3/25 5:24 PM,15 minutes and 28 seconds,KDS - Login Don't Delete
12060 Potranco Road,Emanuel Sanchez,172,15,,1,9/3/25 5:04 PM,9/3/25 5:24 PM,20 minutes and 7 seconds,KDS - Login Don't Delete
12060 Potranco Road,Lisa Velasquez,175,12,,1,9/3/25 5:12 PM,9/3/25 5:24 PM,12 minutes,KDS - Login Don't Delete
12060 Potranco Road,Emanuel Sanchez,176,,,1,9/3/25 5:12 PM,9/3/25 5:24 PM,12 minutes and 12 seconds,KDS - Login Don't Delete
12060 Potranco Road,Mario Jimenez,179,,Food,,9/3/25 5:25 PM,9/3/25 5:29 PM,3 minutes and 40 seconds,KDS - Login Don't Delete
12060 Potranco Road,Mario Jimenez,179,,Drive Thru,,9/3/25 5:25 PM,9/3/25 5:29 PM,3 minutes and 40 seconds,KDS - Login Don't Delete
12060 Potranco Road,Emanuel Sanchez,177,23,Food,,9/3/25 5:20 PM,9/3/25 5:29 PM,8 minutes and 24 seconds,KDS - Login Don't Delete
12060 Potranco Road,Emanuel Sanchez,177,23,No Print,,9/3/25 5:20 PM,9/3/25 5:29 PM,8 minutes and 24 seconds,KDS - Login Don't Delete
12060 Potranco Road,Emanuel Sanchez,177,23,Drive Thru,,9/3/25 5:20 PM,9/3/25 5:29 PM,8 minutes and 24 seconds,KDS - Login Don't Delete
12060 Potranco Road,Emanuel Sanchez,177,23,,1,9/3/25 5:29 PM,9/3/25 5:29 PM,31 seconds,KDS - Login Don't Delete
12060 Potranco Road,Mario Jimenez,180,,Food,,9/3/25 5:29 PM,9/3/25 5:36 PM,6 minutes and 32 seconds,KDS - Login Don't Delete
12060 Potranco Road,Mario Jimenez,180,,Drive Thru,,9/3/25 5:29 PM,9/3/25 5:36 PM,6 minutes and 32 seconds,KDS - Login Don't Delete
12060 Potranco Road,Gabriel Tovar ,182,,Food,,9/3/25 5:35 PM,9/3/25 5:38 PM,2 minutes and 41 seconds,KDS - Login Don't Delete
12060 Potranco Road,Gabriel Tovar ,182,,No Print,,9/3/25 5:35 PM,9/3/25 5:38 PM,2 minutes and 41 seconds,KDS - Login Don't Delete
12060 Potranco Road,Mario Jimenez,184,,Food,,9/3/25 5:42 PM,9/3/25 5:47 PM,5 minutes and 1 second,KDS - Login Don't Delete
12060 Potranco Road,Mario Jimenez,184,,Drive Thru,,9/3/25 5:42 PM,9/3/25 5:47 PM,5 minutes and 1 second,KDS - Login Don't Delete
12060 Potranco Road,Lisa Velasquez,174,18,,1,9/3/25 5:30 PM,9/3/25 5:49 PM,19 minutes and 23 seconds,KDS - Login Don't Delete
12060 Potranco Road,Lisa Velasquez,185,3,Food,,9/3/25 5:53 PM,9/3/25 5:57 PM,4 minutes and 14 seconds,KDS - Login Don't Delete
12060 Potranco Road,Lisa Velasquez,185,3,No Print,,9/3/25 5:53 PM,9/3/25 5:57 PM,4 minutes and 14 seconds,KDS - Login Don't Delete
12060 Potranco Road,Lisa Velasquez,185,3,,1,9/3/25 5:57 PM,9/3/25 5:58 PM,1 minute and 1 second,KDS - Login Don't Delete
12060 Potranco Road,Gabriel Tovar ,182,,,1,9/3/25 5:38 PM,9/3/25 5:58 PM,20 minutes and 18 seconds,KDS - Login Don't Delete
12060 Potranco Road,Mario Jimenez,186,,Food,,9/3/25 5:54 PM,9/3/25 6:03 PM,8 minutes and 43 seconds,KDS - Login Don't Delete
12060 Potranco Road,Mario Jimenez,186,,No Print,,9/3/25 5:54 PM,9/3/25 6:03 PM,8 minutes and 43 seconds,KDS - Login Don't Delete
12060 Potranco Road,Mario Jimenez,186,,,1,9/3/25 6:03 PM,9/3/25 6:05 PM,2 minutes and 18 seconds,KDS - Login Don't Delete
12060 Potranco Road,Mario Jimenez,183,,Food,,9/3/25 6:02 PM,9/3/25 6:08 PM,5 minutes and 35 seconds,KDS - Login Don't Delete
12060 Potranco Road,Mario Jimenez,183,,Drive Thru,,9/3/25 6:02 PM,9/3/25 6:08 PM,5 minutes and 35 seconds,KDS - Login Don't Delete
12060 Potranco Road,Gabriel Tovar ,182,,Food,,9/3/25 5:58 PM,9/3/25 6:09 PM,10 minutes and 45 seconds,KDS - Login Don't Delete
12060 Potranco Road,Gabriel Tovar ,182,,No Print,,9/3/25 5:58 PM,9/3/25 6:09 PM,10 minutes and 45 seconds,KDS - Login Don't Delete
12060 Potranco Road,Gabriel Tovar ,182,,Drive Thru,,9/3/25 5:58 PM,9/3/25 6:09 PM,10 minutes and 45 seconds,KDS - Login Don't Delete
12060 Potranco Road,Mario Jimenez,188,,Food,,9/3/25 6:11 PM,9/3/25 6:19 PM,7 minutes and 54 seconds,KDS - Login Don't Delete
12060 Potranco Road,Mario Jimenez,188,,Drive Thru,,9/3/25 6:11 PM,9/3/25 6:19 PM,7 minutes and 54 seconds,KDS - Login Don't Delete
12060 Potranco Road,Emanuel Sanchez,187,21,Food,,9/3/25 6:11 PM,9/3/25 6:23 PM,11 minutes and 18 seconds,KDS - Login Don't Delete
12060 Potranco Road,Emanuel Sanchez,187,21,No Print,,9/3/25 6:11 PM,9/3/25 6:23 PM,11 minutes and 18 seconds,KDS - Login Don't Delete
12060 Potranco Road,Lisa Velasquez,189,34,Food,,9/3/25 6:11 PM,9/3/25 6:24 PM,12 minutes and 25 seconds,KDS - Login Don't Delete
12060 Potranco Road,Lisa Velasquez,189,34,No Print,,9/3/25 6:11 PM,9/3/25 6:24 PM,12 minutes and 25 seconds,KDS - Login Don't Delete
12060 Potranco Road,Mario Jimenez,191,,Food,,9/3/25 6:22 PM,9/3/25 6:32 PM,9 minutes and 54 seconds,KDS - Login Don't Delete
12060 Potranco Road,Mario Jimenez,191,,Drive Thru,,9/3/25 6:22 PM,9/3/25 6:32 PM,9 minutes and 54 seconds,KDS - Login Don't Delete
12060 Potranco Road,Emanuel Sanchez,192,2,Food,,9/3/25 6:30 PM,9/3/25 6:35 PM,5 minutes and 37 seconds,KDS - Login Don't Delete
12060 Potranco Road,Emanuel Sanchez,192,2,No Print,,9/3/25 6:30 PM,9/3/25 6:35 PM,5 minutes and 37 seconds,KDS - Login Don't Delete
12060 Potranco Road,Lisa Velasquez,189,34,,1,9/3/25 6:24 PM,9/3/25 6:38 PM,14 minutes and 12 seconds,KDS - Login Don't Delete
12060 Potranco Road,Emanuel Sanchez,192,2,,1,9/3/25 6:35 PM,9/3/25 6:38 PM,2 minutes and 20 seconds,KDS - Login Don't Delete
12060 Potranco Road,Emanuel Sanchez,187,21,,1,9/3/25 6:23 PM,9/3/25 6:38 PM,14 minutes and 57 seconds,KDS - Login Don't Delete
12060 Potranco Road,Gabriel Tovar ,182,,,1,9/3/25 6:09 PM,9/3/25 6:38 PM,29 minutes and 7 seconds,KDS - Login Don't Delete
12060 Potranco Road,Mario Jimenez,193,,Food,,9/3/25 6:34 PM,9/3/25 6:44 PM,10 minutes and 11 seconds,KDS - Login Don't Delete
12060 Potranco Road,Mario Jimenez,193,,Drive Thru,,9/3/25 6:34 PM,9/3/25 6:44 PM,10 minutes and 11 seconds,KDS - Login Don't Delete
12060 Potranco Road,Emanuel Sanchez,192,2,Food,,9/3/25 6:36 PM,9/3/25 6:47 PM,11 minutes and 28 seconds,KDS - Login Don't Delete
12060 Potranco Road,Emanuel Sanchez,192,2,No Print,,9/3/25 6:36 PM,9/3/25 6:47 PM,11 minutes and 28 seconds,KDS - Login Don't Delete
12060 Potranco Road,Mario Jimenez,194,,Food,,9/3/25 6:38 PM,9/3/25 6:49 PM,10 minutes and 16 seconds,KDS - Login Don't Delete
12060 Potranco Road,Mario Jimenez,194,,Drive Thru,,9/3/25 6:38 PM,9/3/25 6:49 PM,10 minutes and 16 seconds,KDS - Login Don't Delete
12060 Potranco Road,Emanuel Sanchez,198,21,Food,,9/3/25 6:47 PM,9/3/25 6:49 PM,1 minute and 22 seconds,KDS - Login Don't Delete
12060 Potranco Road,Mario Jimenez,195,,Food,,9/3/25 6:38 PM,9/3/25 6:49 PM,10 minutes and 25 seconds,KDS - Login Don't Delete
12060 Potranco Road,Mario Jimenez,195,,No Print,,9/3/25 6:38 PM,9/3/25 6:49 PM,10 minutes and 25 seconds,KDS - Login Don't Delete
12060 Potranco Road,Emanuel Sanchez,198,21,No Print,,9/3/25 6:47 PM,9/3/25 6:49 PM,1 minute and 22 seconds,KDS - Login Don't Delete
12060 Potranco Road,Emanuel Sanchez,192,2,,1,9/3/25 6:47 PM,9/3/25 6:49 PM,1 minute and 38 seconds,KDS - Login Don't Delete
12060 Potranco Road,Emanuel Sanchez,198,21,,1,9/3/25 6:49 PM,9/3/25 6:49 PM,9 seconds,KDS - Login Don't Delete
12060 Potranco Road,Mario Jimenez,196,,Food,,9/3/25 6:43 PM,9/3/25 6:50 PM,6 minutes and 48 seconds,KDS - Login Don't Delete
12060 Potranco Road,Mario Jimenez,196,,Drive Thru,,9/3/25 6:43 PM,9/3/25 6:50 PM,6 minutes and 48 seconds,KDS - Login Don't Delete
12060 Potranco Road,Mario Jimenez,199,,Food,,9/3/25 6:58 PM,9/3/25 7:00 PM,2 minutes and 56 seconds,KDS - Login Don't Delete
12060 Potranco Road,Mario Jimenez,199,,Drive Thru,,9/3/25 6:58 PM,9/3/25 7:00 PM,2 minutes and 56 seconds,KDS - Login Don't Delete
12060 Potranco Road,Lisa Velasquez,200,1,Food,,9/3/25 6:57 PM,9/3/25 7:11 PM,13 minutes and 43 seconds,KDS - Login Don't Delete
12060 Potranco Road,Lisa Velasquez,200,1,No Print,,9/3/25 6:57 PM,9/3/25 7:11 PM,13 minutes and 43 seconds,KDS - Login Don't Delete
12060 Potranco Road,Lisa Velasquez,200,1,Drive Thru,,9/3/25 6:57 PM,9/3/25 7:11 PM,13 minutes and 43 seconds,KDS - Login Don't Delete
12060 Potranco Road,Lisa Velasquez,200,1,Drive Thru,,9/3/25 7:10 PM,9/3/25 7:12 PM,1 minute and 49 seconds,KDS - Login Don't Delete
12060 Potranco Road,Lisa Velasquez,200,1,Food,,9/3/25 7:10 PM,9/3/25 7:12 PM,1 minute and 49 seconds,KDS - Login Don't Delete
12060 Potranco Road,Emanuel Sanchez,202,12,Food,,9/3/25 7:19 PM,9/3/25 7:20 PM,46 seconds,KDS - Login Don't Delete
12060 Potranco Road,Emanuel Sanchez,202,12,No Print,,9/3/25 7:19 PM,9/3/25 7:20 PM,46 seconds,KDS - Login Don't Delete
12060 Potranco Road,Emanuel Sanchez,202,12,Drive Thru,,9/3/25 7:20 PM,9/3/25 7:21 PM,27 seconds,KDS - Login Don't Delete
12060 Potranco Road,Emanuel Sanchez,202,12,Food,,9/3/25 7:20 PM,9/3/25 7:21 PM,27 seconds,KDS - Login Don't Delete
12060 Potranco Road,Emanuel Sanchez,202,12,Food,,9/3/25 7:20 PM,9/3/25 7:23 PM,3 minutes and 25 seconds,KDS - Login Don't Delete
12060 Potranco Road,Emanuel Sanchez,202,12,No Print,,9/3/25 7:20 PM,9/3/25 7:23 PM,3 minutes and 25 seconds,KDS - Login Don't Delete
12060 Potranco Road,Lisa Velasquez,204,16,Food,,9/3/25 7:21 PM,9/3/25 7:25 PM,4 minutes and 47 seconds,KDS - Login Don't Delete
12060 Potranco Road,Lisa Velasquez,204,16,No Print,,9/3/25 7:21 PM,9/3/25 7:25 PM,4 minutes and 47 seconds,KDS - Login Don't Delete
12060 Potranco Road,Lisa Velasquez,204,16,Drive Thru,,9/3/25 7:29 PM,9/3/25 7:30 PM,31 seconds,KDS - Login Don't Delete
12060 Potranco Road,Lisa Velasquez,204,16,Food,,9/3/25 7:29 PM,9/3/25 7:30 PM,31 seconds,KDS - Login Don't Delete
12060 Potranco Road,Lisa Velasquez,200,1,Food,,9/3/25 7:32 PM,9/3/25 7:33 PM,5 seconds,KDS - Login Don't Delete
12060 Potranco Road,Lisa Velasquez,200,1,No Print,,9/3/25 7:32 PM,9/3/25 7:33 PM,5 seconds,KDS - Login Don't Delete
12060 Potranco Road,Mario Jimenez,203,,Food,,9/3/25 7:35 PM,9/3/25 7:39 PM,4 minutes and 36 seconds,KDS - Login Don't Delete
12060 Potranco Road,Mario Jimenez,203,,Drive Thru,,9/3/25 7:35 PM,9/3/25 7:39 PM,4 minutes and 36 seconds,KDS - Login Don't Delete
12060 Potranco Road,Mario Jimenez,206,,Food,,9/3/25 7:35 PM,9/3/25 7:44 PM,8 minutes and 25 seconds,KDS - Login Don't Delete
12060 Potranco Road,Mario Jimenez,206,,Drive Thru,,9/3/25 7:35 PM,9/3/25 7:44 PM,8 minutes and 25 seconds,KDS - Login Don't Delete
12060 Potranco Road,Mario Jimenez,207,,Food,,9/3/25 7:40 PM,9/3/25 7:48 PM,7 minutes and 45 seconds,KDS - Login Don't Delete
12060 Potranco Road,Mario Jimenez,208,,Food,,9/3/25 7:42 PM,9/3/25 7:49 PM,6 minutes and 38 seconds,KDS - Login Don't Delete
12060 Potranco Road,Mario Jimenez,208,,Drive Thru,,9/3/25 7:42 PM,9/3/25 7:49 PM,6 minutes and 38 seconds,KDS - Login Don't Delete
12060 Potranco Road,Emanuel Sanchez,202,12,Food,,9/3/25 7:49 PM,9/3/25 7:50 PM,1 minute and 2 seconds,KDS - Login Don't Delete
12060 Potranco Road,Mario Jimenez,195,,,1,9/3/25 6:49 PM,9/3/25 7:50 PM,"1 hour, 1 minute and 21 seconds",KDS - Login Don't Delete
12060 Potranco Road,Lisa Velasquez,200,1,,1,9/3/25 7:11 PM,9/3/25 7:50 PM,38 minutes and 55 seconds,KDS - Login Don't Delete
12060 Potranco Road,Lisa Velasquez,200,1,,1,9/3/25 7:12 PM,9/3/25 7:50 PM,38 minutes and 10 seconds,KDS - Login Don't Delete
12060 Potranco Road,Emanuel Sanchez,202,12,,1,9/3/25 7:23 PM,9/3/25 7:50 PM,26 minutes and 48 seconds,KDS - Login Don't Delete
12060 Potranco Road,Emanuel Sanchez,202,12,,1,9/3/25 7:21 PM,9/3/25 7:50 PM,29 minutes and 11 seconds,KDS - Login Don't Delete
12060 Potranco Road,Lisa Velasquez,204,16,,1,9/3/25 7:25 PM,9/3/25 7:50 PM,24 minutes and 43 seconds,KDS - Login Don't Delete
12060 Potranco Road,Lisa Velasquez,204,16,,1,9/3/25 7:30 PM,9/3/25 7:50 PM,20 minutes and 34 seconds,KDS - Login Don't Delete
12060 Potranco Road,Emanuel Sanchez,202,12,,1,9/3/25 7:19 PM,9/3/25 7:50 PM,30 minutes and 55 seconds,KDS - Login Don't Delete
12060 Potranco Road,Lisa Velasquez,200,1,,1,9/3/25 7:33 PM,9/3/25 7:50 PM,17 minutes and 41 seconds,KDS - Login Don't Delete
12060 Potranco Road,Emanuel Sanchez,202,12,,1,9/3/25 7:50 PM,9/3/25 7:50 PM,12 seconds,KDS - Login Don't Delete
12060 Potranco Road,Emanuel Sanchez,205,4,Food,,9/3/25 7:39 PM,9/3/25 7:53 PM,13 minutes and 58 seconds,KDS - Login Don't Delete
12060 Potranco Road,Emanuel Sanchez,205,4,No Print,,9/3/25 7:39 PM,9/3/25 7:53 PM,13 minutes and 58 seconds,KDS - Login Don't Delete
12060 Potranco Road,Emanuel Sanchez,205,4,Drive Thru,,9/3/25 7:39 PM,9/3/25 7:53 PM,13 minutes and 58 seconds,KDS - Login Don't Delete
12060 Potranco Road,Mario Jimenez,209,,Food,,9/3/25 7:59 PM,9/3/25 8:00 PM,1 minute and 50 seconds,KDS - Login Don't Delete
12060 Potranco Road,Mario Jimenez,209,,Drive Thru,,9/3/25 7:59 PM,9/3/25 8:00 PM,1 minute and 50 seconds,KDS - Login Don't Delete
12060 Potranco Road,Mario Jimenez,211,,Food,,9/3/25 8:00 PM,9/3/25 8:04 PM,4 minutes and 46 seconds,KDS - Login Don't Delete
12060 Potranco Road,Mario Jimenez,211,,Drive Thru,,9/3/25 8:00 PM,9/3/25 8:04 PM,4 minutes and 46 seconds,KDS - Login Don't Delete
12060 Potranco Road,Mario Jimenez,212,,Food,,9/3/25 8:17 PM,9/3/25 8:21 PM,3 minutes and 9 seconds,KDS - Login Don't Delete
12060 Potranco Road,Mario Jimenez,212,,Drive Thru,,9/3/25 8:17 PM,9/3/25 8:21 PM,3 minutes and 9 seconds,KDS - Login Don't Delete
12060 Potranco Road,Emanuel Sanchez,205,4,,1,9/3/25 7:53 PM,9/3/25 8:45 PM,52 minutes and 11 seconds,KDS - Login Don't Delete
12060 Potranco Road,Mario Jimenez,213,,Food,,9/3/25 8:50 PM,9/3/25 8:55 PM,5 minutes and 13 seconds,KDS - Login Don't Delete
12060 Potranco Road,Mario Jimenez,213,,Drive Thru,,9/3/25 8:50 PM,9/3/25 8:55 PM,5 minutes and 13 seconds,KDS - Login Don't Delete
12060 Potranco Road,Mario Jimenez,214,,Food,,9/3/25 8:57 PM,9/3/25 9:13 PM,16 minutes and 16 seconds,KDS - Login Don't Delete
12060 Potranco Road,Mario Jimenez,214,,Drive Thru,,9/3/25 8:57 PM,9/3/25 9:13 PM,16 minutes and 16 seconds,KDS - Login Don't Delete
