Location,Order #,Opened Date,Server,Table,Discount Name,Discount Reason,Comment,Discount Amount
Tink-a-Tako - Potranco,16001,8/15/25 6:23 AM,Candy  Del angel ,,Open % Check,,,0.60
Tink-a-Tako - Potranco,462,8/15/25 8:45 PM,Lizeth Alonso,,Employee Discount - Item,Employee Discount,Maria,3.90
Tink-a-Tako - Potranco,406,8/15/25 6:04 PM,Lizeth Alonso,,Military Discount,,,0.36
Tink-a-Tako - Potranco,406,8/15/25 6:04 PM,Lizeth Alonso,,Military Discount,,,1.00
Tink-a-Tako - Potranco,406,8/15/25 6:04 PM,Lizeth Alonso,,Military Discount,,,0.30
Tink-a-Tako - Potranco,384,8/15/25 4:53 PM,Lizeth Alonso,,Police Discount,,,5.00
Tink-a-Tako - Potranco,380,8/15/25 4:49 PM,Isabel Cisneros,23,Military Discount,,,0.20
Tink-a-Tako - Potranco,380,8/15/25 4:49 PM,Isabel Cisneros,23,Military Discount,,,0.50
Tink-a-Tako - Potranco,358,8/15/25 3:01 PM,Mayra Luna,1,Manager Comp - Check,,,58.90
Tink-a-Tako - Potranco,317,8/15/25 1:16 PM,Melissa Urena,,Open % Check,,,4.44
Tink-a-Tako - Potranco,205,8/15/25 10:50 AM,Melissa Urena,,Open % Check,,,6.74
Tink-a-Tako - Potranco,150,8/15/25 9:43 AM,Melissa Urena,,Open % Check,,,1.39
Tink-a-Tako - Potranco,144,8/15/25 9:34 AM,Maria Majana,,Open % Item,,,0.80
Tink-a-Tako - Potranco,144,8/15/25 9:34 AM,Maria Majana,,Open % Item,,,0.80
Tink-a-Tako - Potranco,144,8/15/25 9:34 AM,Maria Majana,,Open % Item,,,0.40
Tink-a-Tako - Potranco,144,8/15/25 9:34 AM,Maria Majana,,Open % Item,,,2.80
Tink-a-Tako - Potranco,144,8/15/25 9:34 AM,Maria Majana,,Open % Item,,,1.80
Tink-a-Tako - Potranco,79,8/15/25 8:28 AM,Maria Majana,,Employee Discount - Check,Employee Discount,Meseras,26.73
Tink-a-Tako - Potranco,68,8/15/25 8:17 AM,Rosie  ORDONEZ,,Open % Check,,,10.78
