Check #,Table,Payment Type,Server,Cashier,Tip,Amount,Cash Drawer,Date,Opened Date
16001,,CREDIT,Candy ,Candy ,5.00,1.50,,8/15/25 6:24 AM,8/15/25 6:24 AM
1,,CASH,Candy ,Candy ,0.00,7.54,Drive Box,8/15/25 6:32 AM,8/15/25 6:29 AM
2,,CASH,Candy ,Candy ,0.00,8.19,Drive Box,8/15/25 6:35 AM,8/15/25 6:30 AM
3,,CREDIT,Norma,Norma,1.00,15.13,,8/15/25 6:38 AM,8/15/25 6:37 AM
5,,CREDIT,Candy ,Candy ,0.00,4.09,,8/15/25 6:40 AM,8/15/25 6:40 AM
6,,CASH,Candy ,Candy ,0.00,4.31,Drive Box,8/15/25 6:42 AM,8/15/25 6:42 AM
8,,CREDIT,Candy ,Candy ,1.00,24.99,,8/15/25 6:48 AM,8/15/25 6:47 AM
9,,CREDIT,Candy ,Candy ,0.00,45.46,,8/15/25 6:54 AM,8/15/25 6:48 AM
11,,CREDIT,Candy ,Candy ,0.00,7.98,,8/15/25 6:56 AM,8/15/25 6:49 AM
12,,CREDIT,Candy ,Candy ,0.00,13.16,,8/15/25 6:59 AM,8/15/25 6:54 AM
13,,CREDIT,Candy ,Candy ,0.00,10.41,,8/15/25 7:00 AM,8/15/25 6:56 AM
14,,CASH,Candy ,Candy ,0.00,3.24,Drive Box,8/15/25 7:02 AM,8/15/25 6:58 AM
15,,CASH,Candy ,Candy ,0.00,4.96,Drive Box,8/15/25 7:03 AM,8/15/25 6:59 AM
10,,CASH,Norma,Norma,0.00,27.18,,8/15/25 7:03 AM,8/15/25 6:49 AM
16,,CREDIT,Candy ,Candy ,0.85,2.15,,8/15/25 7:04 AM,8/15/25 7:01 AM
17,,CREDIT,Candy ,Candy ,0.00,7.11,,8/15/25 7:05 AM,8/15/25 7:04 AM
7,24,CREDIT,Norma,Norma,3.00,20.14,,8/15/25 7:07 AM,8/15/25 6:45 AM
18,,CREDIT,Candy ,Candy ,0.00,13.58,,8/15/25 7:08 AM,8/15/25 7:07 AM
19,,CREDIT,Candy ,Candy ,3.00,11.61,,8/15/25 7:10 AM,8/15/25 7:08 AM
21,,CREDIT,Candy ,Candy ,0.00,6.47,,8/15/25 7:13 AM,8/15/25 7:13 AM
25,,CREDIT,Candy ,Candy ,2.21,10.79,,8/15/25 7:17 AM,8/15/25 7:16 AM
24,,CREDIT,Candy ,Candy ,0.00,7.34,,8/15/25 7:20 AM,8/15/25 7:15 AM
26,,CREDIT,Candy ,Candy ,1.00,7.02,,8/15/25 7:21 AM,8/15/25 7:19 AM
22,,CASH,Norma,Norma,0.00,4.30,,8/15/25 7:22 AM,8/15/25 7:13 AM
27,,CREDIT,Candy ,Candy ,0.00,2.15,,8/15/25 7:24 AM,8/15/25 7:20 AM
29,,CREDIT,Candy ,Candy ,0.00,10.46,,8/15/25 7:26 AM,8/15/25 7:24 AM
20,26,CASH,Norma,Norma,0.00,8.20,,8/15/25 7:26 AM,8/15/25 7:11 AM
30,,CREDIT,Candy ,Candy ,0.00,7.55,,8/15/25 7:27 AM,8/15/25 7:24 AM
31,,CREDIT,Candy ,Candy ,0.00,6.45,,8/15/25 7:31 AM,8/15/25 7:25 AM
33,,CREDIT,Candy ,Candy ,1.00,5.28,,8/15/25 7:31 AM,8/15/25 7:26 AM
34,,CREDIT,Candy ,Candy ,0.00,2.70,,8/15/25 7:32 AM,8/15/25 7:30 AM
35,,CASH,Candy ,Candy ,0.00,22.44,Drive Box,8/15/25 7:34 AM,8/15/25 7:31 AM
32,,CREDIT,Norma,Norma,10.00,69.67,,8/15/25 7:37 AM,8/15/25 7:25 AM
36,,CREDIT,Candy ,Candy ,0.00,6.47,,8/15/25 7:40 AM,8/15/25 7:32 AM
37,,CASH,Candy ,Candy ,0.00,17.24,Drive Box,8/15/25 7:40 AM,8/15/25 7:33 AM
38,,CREDIT,Candy ,Candy ,0.00,11.29,,8/15/25 7:41 AM,8/15/25 7:33 AM
28,19,CASH,Norma,Norma,0.00,7.99,,8/15/25 7:41 AM,8/15/25 7:20 AM
39,,CREDIT,Candy ,Candy ,1.00,15.98,,8/15/25 7:42 AM,8/15/25 7:36 AM
42,,CREDIT,Candy ,Candy ,0.00,10.19,,8/15/25 7:44 AM,8/15/25 7:43 AM
43,,CREDIT,Candy ,Candy ,0.00,11.76,,8/15/25 7:46 AM,8/15/25 7:45 AM
44,,CREDIT,Candy ,Candy ,0.00,3.88,,8/15/25 7:48 AM,8/15/25 7:47 AM
48,,CREDIT,Candy ,Candy ,0.00,19.98,,8/15/25 7:52 AM,8/15/25 7:50 AM
40,,CREDIT,Norma,Rosie ,0.00,4.09,,8/15/25 7:53 AM,8/15/25 7:40 AM
49,,CREDIT,Candy ,Candy ,0.00,12.98,,8/15/25 7:55 AM,8/15/25 7:51 AM
50,,CREDIT,Candy ,Candy ,0.00,12.19,,8/15/25 8:00 AM,8/15/25 7:59 AM
51,,CREDIT,Candy ,Candy ,0.00,14.06,,8/15/25 8:03 AM,8/15/25 8:01 AM
52,,CREDIT,Candy ,Candy ,0.00,7.77,,8/15/25 8:07 AM,8/15/25 8:02 AM
45,22,CREDIT,Norma,,6.00,24.62,,8/15/25 8:09 AM,8/15/25 7:48 AM
53,,CASH,Candy ,Candy ,0.00,5.18,Drive Box,8/15/25 8:09 AM,8/15/25 8:02 AM
61,,CASH,Maria,Maria,0.00,10.86,Front Left,8/15/25 8:09 AM,8/15/25 8:09 AM
47,32,CREDIT,Esperansa,Esperansa,10.00,19.60,,8/15/25 8:10 AM,8/15/25 7:49 AM
54,,CREDIT,Candy ,Candy ,0.00,15.86,,8/15/25 8:10 AM,8/15/25 8:03 AM
56,,CREDIT,Candy ,Candy ,5.00,15.60,,8/15/25 8:12 AM,8/15/25 8:05 AM
60,,CREDIT,Candy ,Candy ,0.00,9.76,,8/15/25 8:13 AM,8/15/25 8:08 AM
63,,CREDIT,Candy ,Candy ,0.00,15.12,,8/15/25 8:15 AM,8/15/25 8:11 AM
64,,CREDIT,Candy ,Candy ,0.00,6.46,,8/15/25 8:16 AM,8/15/25 8:12 AM
65,,CASH,Candy ,Candy ,0.00,6.00,Drive Box,8/15/25 8:18 AM,8/15/25 8:13 AM
65,,CREDIT,Candy ,Candy ,0.00,1.82,,8/15/25 8:18 AM,8/15/25 8:13 AM
66,,CREDIT,Candy ,Candy ,1.00,17.73,,8/15/25 8:19 AM,8/15/25 8:15 AM
68,,CREDIT,Rosie ,Rosie ,0.00,46.67,,8/15/25 8:19 AM,8/15/25 8:18 AM
62,,CASH,Maria,Maria,0.00,9.47,Front Left,8/15/25 8:20 AM,8/15/25 8:20 AM
67,,CREDIT,Candy ,Candy ,1.00,9.73,,8/15/25 8:25 AM,8/15/25 8:17 AM
41,11,CREDIT,Norma,Norma,10.00,40.26,,8/15/25 8:26 AM,8/15/25 7:44 AM
69,,CREDIT,Candy ,Candy ,0.00,29.66,,8/15/25 8:29 AM,8/15/25 8:18 AM
70,,CREDIT,Candy ,Candy ,0.00,22.52,,8/15/25 8:31 AM,8/15/25 8:19 AM
59,25,CREDIT,Norma,Norma,2.00,5.39,,8/15/25 8:33 AM,8/15/25 8:07 AM
71,,CREDIT,Candy ,Candy ,0.00,19.00,,8/15/25 8:33 AM,8/15/25 8:20 AM
51,,CREDIT,Candy ,Rosie ,0.00,-14.06,,8/15/25 8:34 AM,8/15/25 8:01 AM
72,,CREDIT,Maria,Maria,0.00,6.46,,8/15/25 8:34 AM,8/15/25 8:21 AM
77,,CREDIT,Candy ,Candy ,0.00,14.11,,8/15/25 8:38 AM,8/15/25 8:25 AM
81,,CREDIT,Candy ,Candy ,0.00,12.64,,8/15/25 8:40 AM,8/15/25 8:32 AM
82,,CREDIT,Candy ,Candy ,4.00,28.94,,8/15/25 8:43 AM,8/15/25 8:36 AM
84,,CREDIT,Candy ,Candy ,0.00,11.50,,8/15/25 8:45 AM,8/15/25 8:37 AM
86,,CREDIT,Candy ,Candy ,0.00,5.41,,8/15/25 8:46 AM,8/15/25 8:39 AM
89,,CASH,Candy ,Candy ,0.00,9.29,Drive Box,8/15/25 8:48 AM,8/15/25 8:41 AM
92,,CREDIT,Candy ,Candy ,0.00,12.74,,8/15/25 8:49 AM,8/15/25 8:42 AM
99,23,CREDIT,Silvia,Silvia,6.17,33.39,,8/15/25 8:50 AM,8/15/25 8:50 AM
58,4,CREDIT,Silvia,Silvia,6.00,22.41,,8/15/25 8:51 AM,8/15/25 8:11 AM
95,,CREDIT,Candy ,Candy ,0.00,20.09,,8/15/25 8:51 AM,8/15/25 8:47 AM
88,,CREDIT,Maria,Maria,0.00,13.70,,8/15/25 8:52 AM,8/15/25 8:41 AM
96,,CASH,Candy ,Candy ,0.00,5.39,Drive Box,8/15/25 8:53 AM,8/15/25 8:48 AM
87,21,CREDIT,Norma,Norma,0.00,8.53,,8/15/25 8:53 AM,8/15/25 8:40 AM
97,,CREDIT,Candy ,Candy ,2.00,8.62,,8/15/25 8:55 AM,8/15/25 8:49 AM
100,,CREDIT,Candy ,Candy ,0.00,7.75,,8/15/25 8:56 AM,8/15/25 8:50 AM
101,,CREDIT,Candy ,Candy ,0.00,6.46,,8/15/25 8:59 AM,8/15/25 8:51 AM
103,,CREDIT,Candy ,Candy ,0.00,15.09,,8/15/25 9:00 AM,8/15/25 8:54 AM
80,32,CREDIT,Rosa,Rosa,5.00,23.46,,8/15/25 9:00 AM,8/15/25 8:31 AM
23,35,CREDIT,Norma,,5.00,14.21,,8/15/25 9:02 AM,8/15/25 7:13 AM
105,,CREDIT,Candy ,Candy ,0.00,9.50,,8/15/25 9:02 AM,8/15/25 8:54 AM
109,,CASH,Candy ,Rosie ,0.00,9.17,Drive Box,8/15/25 9:06 AM,8/15/25 8:58 AM
110,,CREDIT,Candy ,Rosie ,0.00,5.41,,8/15/25 9:08 AM,8/15/25 9:00 AM
94,22,CREDIT,Norma,Norma,5.00,15.14,,8/15/25 9:09 AM,8/15/25 8:47 AM
111,,CREDIT,Candy ,Rosie ,0.00,11.84,,8/15/25 9:09 AM,8/15/25 9:02 AM
113,,CREDIT,Melissa,Rosie ,0.00,24.93,,8/15/25 9:11 AM,8/15/25 9:04 AM
55,9,CREDIT,Rosa,,5.00,22.04,,8/15/25 9:11 AM,8/15/25 8:04 AM
121,9,CREDIT,Rosa,,1.00,22.24,,8/15/25 9:14 AM,8/15/25 9:09 AM
116,,CREDIT,Melissa,Melissa,0.00,13.59,,8/15/25 9:14 AM,8/15/25 9:07 AM
117,,CREDIT,Melissa,Melissa,2.00,8.31,,8/15/25 9:18 AM,8/15/25 9:07 AM
102,25,CASH,Esperansa,Esperansa,0.00,18.38,,8/15/25 9:19 AM,8/15/25 8:51 AM
118,,CASH,Melissa,Melissa,0.00,4.30,,8/15/25 9:20 AM,8/15/25 9:07 AM
119,,CREDIT,Melissa,Melissa,0.00,5.72,,8/15/25 9:20 AM,8/15/25 9:07 AM
126,,CREDIT,Melissa,Melissa,0.00,12.41,,8/15/25 9:22 AM,8/15/25 9:15 AM
134,,CREDIT,Rosa,Rosa,2.00,13.38,,8/15/25 9:22 AM,8/15/25 9:21 AM
93,37,CREDIT,Rosa,Rosa,0.00,17.26,,8/15/25 9:23 AM,8/15/25 8:45 AM
104,23,CASH,Silvia,Silvia,0.00,4.60,,8/15/25 9:23 AM,8/15/25 8:54 AM
127,,CREDIT,Melissa,Melissa,0.00,41.99,,8/15/25 9:24 AM,8/15/25 9:16 AM
108,16,CREDIT,Silvia,Silvia,5.00,30.71,,8/15/25 9:24 AM,8/15/25 8:58 AM
128,,CREDIT,Melissa,Melissa,1.00,19.97,,8/15/25 9:25 AM,8/15/25 9:16 AM
112,31,CASH,Norma,Norma,0.00,17.25,,8/15/25 9:25 AM,8/15/25 9:04 AM
129,,CREDIT,Melissa,Melissa,0.00,6.46,,8/15/25 9:26 AM,8/15/25 9:16 AM
75,17,CASH,Esperansa,Esperansa,0.00,7.57,,8/15/25 9:28 AM,8/15/25 8:24 AM
107,41,CREDIT,Esperansa,Esperansa,8.00,52.94,,8/15/25 9:30 AM,8/15/25 8:56 AM
130,,CREDIT,Melissa,Melissa,0.00,47.26,,8/15/25 9:31 AM,8/15/25 9:17 AM
131,,CREDIT,Melissa,Melissa,3.00,4.30,,8/15/25 9:33 AM,8/15/25 9:17 AM
136,,CREDIT,Melissa,Melissa,0.00,11.74,,8/15/25 9:34 AM,8/15/25 9:27 AM
138,,CREDIT,Melissa,Melissa,2.00,14.56,,8/15/25 9:37 AM,8/15/25 9:28 AM
139,,CREDIT,Melissa,Melissa,0.00,12.09,,8/15/25 9:37 AM,8/15/25 9:28 AM
144,,CREDIT,Maria,Maria,5.00,28.49,,8/15/25 9:37 AM,8/15/25 9:37 AM
124,,CREDIT,Maria,Maria,0.00,14.72,,8/15/25 9:38 AM,8/15/25 9:14 AM
140,,CREDIT,Melissa,Melissa,2.00,13.70,,8/15/25 9:39 AM,8/15/25 9:28 AM
141,,CREDIT,Melissa,Melissa,0.00,6.89,,8/15/25 9:40 AM,8/15/25 9:28 AM
142,,CASH,Melissa,Melissa,0.00,4.09,,8/15/25 9:41 AM,8/15/25 9:29 AM
143,,CREDIT,Melissa,Melissa,0.00,4.64,,8/15/25 9:41 AM,8/15/25 9:29 AM
120,20,CREDIT,Silvia,Silvia,10.00,34.31,,8/15/25 9:43 AM,8/15/25 9:10 AM
147,,CREDIT,Melissa,Melissa,3.00,28.65,,8/15/25 9:44 AM,8/15/25 9:40 AM
145,25,CREDIT,Rosa,Rosa,3.00,15.08,,8/15/25 9:51 AM,8/15/25 9:35 AM
150,,CREDIT,Melissa,Melissa,0.00,6.04,,8/15/25 9:52 AM,8/15/25 9:43 AM
114,34,CREDIT,Esperansa,Maria,0.00,18.77,,8/15/25 9:53 AM,8/15/25 9:04 AM
151,,CREDIT,Melissa,Melissa,0.00,6.24,,8/15/25 9:55 AM,8/15/25 9:43 AM
161,,CREDIT,Melissa,Melissa,0.70,3.78,,8/15/25 9:57 AM,8/15/25 9:57 AM
141,,CREDIT,Melissa,Rosie ,0.00,-6.89,,8/15/25 9:59 AM,8/15/25 9:28 AM
106,18,CREDIT,Rosa,Rosa,4.00,14.91,,8/15/25 9:59 AM,8/15/25 8:56 AM
133,24,CREDIT,Esperansa,,0.00,25.92,,8/15/25 10:00 AM,8/15/25 9:19 AM
152,,CREDIT,Melissa,Melissa,0.00,11.55,,8/15/25 10:02 AM,8/15/25 9:43 AM
157,,CASH,Melissa,Melissa,0.00,3.78,,8/15/25 10:03 AM,8/15/25 9:53 AM
132,42,CASH,Rosa,Rosa,0.00,10.81,,8/15/25 10:03 AM,8/15/25 9:19 AM
156,42,CASH,Rosa,Rosa,0.00,11.67,,8/15/25 10:04 AM,8/15/25 9:45 AM
154,42,CASH,Rosa,Rosa,0.00,11.75,,8/15/25 10:04 AM,8/15/25 9:45 AM
155,42,CREDIT,Rosa,Rosa,3.00,12.91,,8/15/25 10:04 AM,8/15/25 9:45 AM
149,32,CREDIT,Norma,,5.00,22.37,,8/15/25 10:04 AM,8/15/25 9:41 AM
153,42,CASH,Rosa,Rosa,0.00,8.96,,8/15/25 10:04 AM,8/15/25 9:45 AM
148,9,CREDIT,Silvia,Silvia,5.88,28.95,,8/15/25 10:07 AM,8/15/25 9:40 AM
159,,CASH,Melissa,Melissa,0.00,9.80,,8/15/25 10:11 AM,8/15/25 9:54 AM
168,,CASH,Melissa,Melissa,0.00,8.62,,8/15/25 10:14 AM,8/15/25 10:06 AM
158,33,CREDIT,Esperansa,Esperansa,0.00,28.31,,8/15/25 10:14 AM,8/15/25 9:54 AM
137,7,CASH,Silvia,Silvia,0.00,19.86,,8/15/25 10:16 AM,8/15/25 9:28 AM
164,,CASH,Melissa,Melissa,0.00,20.90,,8/15/25 10:16 AM,8/15/25 9:59 AM
135,10,CREDIT,Norma,Norma,3.00,42.43,,8/15/25 10:17 AM,8/15/25 9:23 AM
165,,CREDIT,Melissa,Melissa,8.41,45.54,,8/15/25 10:18 AM,8/15/25 9:59 AM
160,,CREDIT,Maria,Maria,0.00,24.52,,8/15/25 10:19 AM,8/15/25 9:57 AM
166,,CREDIT,Melissa,Melissa,0.00,11.09,,8/15/25 10:19 AM,8/15/25 10:00 AM
167,,CREDIT,Melissa,Melissa,0.00,30.00,,8/15/25 10:20 AM,8/15/25 10:06 AM
169,,CASH,Melissa,Melissa,0.00,8.19,,8/15/25 10:21 AM,8/15/25 10:06 AM
170,,CREDIT,Melissa,Melissa,0.00,19.22,,8/15/25 10:22 AM,8/15/25 10:07 AM
171,,CREDIT,Melissa,Melissa,2.00,11.10,,8/15/25 10:24 AM,8/15/25 10:07 AM
179,,CREDIT,Melissa,Melissa,0.00,12.93,,8/15/25 10:25 AM,8/15/25 10:14 AM
182,,CREDIT,Melissa,Melissa,0.00,21.65,,8/15/25 10:25 AM,8/15/25 10:21 AM
173,,CREDIT,Maria,Maria,0.00,20.95,,8/15/25 10:26 AM,8/15/25 10:09 AM
184,,CREDIT,Melissa,Melissa,1.00,19.86,,8/15/25 10:28 AM,8/15/25 10:22 AM
187,1,CREDIT,Esperansa,Esperansa,0.00,3.02,,8/15/25 10:29 AM,8/15/25 10:29 AM
186,,CREDIT,Melissa,Melissa,0.00,18.17,,8/15/25 10:30 AM,8/15/25 10:28 AM
177,31,CASH,Norma,Norma,0.00,51.15,,8/15/25 10:36 AM,8/15/25 10:11 AM
172,38,CREDIT,Rosa,Rosa,3.00,32.97,,8/15/25 10:37 AM,8/15/25 10:09 AM
188,,CREDIT,Melissa,Melissa,0.00,9.50,,8/15/25 10:37 AM,8/15/25 10:30 AM
189,,CREDIT,Melissa,Melissa,0.00,6.46,,8/15/25 10:38 AM,8/15/25 10:31 AM
180,24,CREDIT,Silvia,,4.15,29.94,,8/15/25 10:39 AM,8/15/25 10:16 AM
191,,CREDIT,Melissa,Melissa,0.00,6.69,,8/15/25 10:39 AM,8/15/25 10:32 AM
192,,CREDIT,Melissa,Melissa,0.00,13.37,,8/15/25 10:40 AM,8/15/25 10:32 AM
195,,CREDIT,Melissa,Melissa,0.00,6.46,,8/15/25 10:41 AM,8/15/25 10:38 AM
198,,CASH,Melissa,Melissa,0.00,16.61,,8/15/25 10:44 AM,8/15/25 10:43 AM
183,17,CASH,Norma,Norma,0.00,14.92,,8/15/25 10:46 AM,8/15/25 10:21 AM
185,10,CREDIT,Rosa,Rosa,5.00,30.27,,8/15/25 10:49 AM,8/15/25 10:22 AM
203,,CREDIT,Melissa,Melissa,0.00,20.56,,8/15/25 10:49 AM,8/15/25 10:49 AM
205,,CREDIT,Melissa,Melissa,2.00,7.28,,8/15/25 10:52 AM,8/15/25 10:50 AM
206,,CREDIT,Melissa,Melissa,0.00,16.24,,8/15/25 10:56 AM,8/15/25 10:51 AM
214,,CREDIT,Melissa,Melissa,0.00,29.04,,8/15/25 10:57 AM,8/15/25 10:57 AM
181,25,CREDIT,Silvia,Silvia,0.00,16.75,,8/15/25 11:00 AM,8/15/25 10:19 AM
215,,CREDIT,Melissa,Melissa,2.40,12.97,,8/15/25 11:01 AM,8/15/25 10:59 AM
197,39,CREDIT,Esperansa,Maria,2.44,17.56,,8/15/25 11:04 AM,8/15/25 10:43 AM
194,32,CASH,Esperansa,Esperansa,0.00,30.72,,8/15/25 11:06 AM,8/15/25 10:37 AM
213,,CREDIT,Maria,Maria,0.00,8.09,,8/15/25 11:06 AM,8/15/25 10:59 AM
196,18,CREDIT,Norma,Norma,6.00,30.19,,8/15/25 11:06 AM,8/15/25 10:42 AM
216,,CASH,Melissa,Melissa,0.00,8.62,,8/15/25 11:08 AM,8/15/25 11:01 AM
219,,CREDIT,Melissa,Melissa,0.00,15.88,,8/15/25 11:09 AM,8/15/25 11:03 AM
193,15,CREDIT,Rosa,Maria,3.65,31.35,,8/15/25 11:12 AM,8/15/25 10:35 AM
,,TIP_OUT,Candy ,Candy ,-28.06,0.00,House,8/15/25 11:15 AM,8/15/25 11:15 AM
199,37,CREDIT,Silvia,Silvia,4.00,32.94,,8/15/25 11:16 AM,8/15/25 10:44 AM
222,,CREDIT,Melissa,Melissa,0.00,10.89,,8/15/25 11:18 AM,8/15/25 11:04 AM
224,,CREDIT,Melissa,Rosie ,0.00,22.15,,8/15/25 11:23 AM,8/15/25 11:07 AM
210,24,CREDIT,Silvia,Silvia,0.00,27.23,,8/15/25 11:24 AM,8/15/25 10:54 AM
207,31,CREDIT,Norma,,4.00,25.95,,8/15/25 11:25 AM,8/15/25 10:51 AM
234,,CASH,Melissa,Melissa,0.00,2.70,,8/15/25 11:26 AM,8/15/25 11:21 AM
225,,CREDIT,Melissa,Melissa,0.00,12.59,,8/15/25 11:26 AM,8/15/25 11:07 AM
209,21,CREDIT,Esperansa,Esperansa,5.00,11.30,,8/15/25 11:28 AM,8/15/25 10:51 AM
218,42,CREDIT,Norma,,0.00,34.86,,8/15/25 11:28 AM,8/15/25 11:03 AM
226,,CASH,Melissa,Melissa,0.00,15.89,,8/15/25 11:29 AM,8/15/25 11:10 AM
200,33,CREDIT,Rosa,Rosa,0.00,10.81,,8/15/25 11:30 AM,8/15/25 10:45 AM
237,,CREDIT,Maria,Maria,1.00,9.60,,8/15/25 11:30 AM,8/15/25 11:30 AM
231,,CREDIT,Melissa,Melissa,0.00,15.10,,8/15/25 11:31 AM,8/15/25 11:20 AM
232,,CASH,Melissa,Melissa,0.00,19.57,,8/15/25 11:33 AM,8/15/25 11:21 AM
235,,CASH,Melissa,Melissa,0.00,2.16,,8/15/25 11:35 AM,8/15/25 11:22 AM
227,11,CREDIT,Silvia,Silvia,5.00,20.50,,8/15/25 11:35 AM,8/15/25 11:11 AM
241,,CREDIT,Melissa,Melissa,2.00,17.06,,8/15/25 11:37 AM,8/15/25 11:29 AM
221,23,CREDIT,Silvia,Silvia,10.00,53.76,,8/15/25 11:40 AM,8/15/25 11:04 AM
220,1,CREDIT,Esperansa,Esperansa,7.00,80.19,,8/15/25 11:42 AM,8/15/25 11:04 AM
245,,CREDIT,Melissa,Melissa,0.00,14.79,,8/15/25 11:42 AM,8/15/25 11:32 AM
256,,CASH,Melissa,Melissa,0.00,2.15,,8/15/25 11:43 AM,8/15/25 11:43 AM
246,,CREDIT,Melissa,Melissa,0.00,17.84,,8/15/25 11:45 AM,8/15/25 11:33 AM
228,8,CREDIT,Esperansa,Maria,2.00,27.78,,8/15/25 11:47 AM,8/15/25 11:16 AM
250,,CREDIT,Melissa,Melissa,2.53,18.23,,8/15/25 11:47 AM,8/15/25 11:40 AM
258,10,CREDIT,Rosa,Rosa,2.00,10.14,,8/15/25 11:48 AM,8/15/25 11:43 AM
257,10,CASH,Rosa,Rosa,0.00,7.54,,8/15/25 11:48 AM,8/15/25 11:43 AM
212,10,CASH,Rosa,Rosa,0.00,16.08,,8/15/25 11:48 AM,8/15/25 11:00 AM
251,,CASH,Melissa,Melissa,0.00,25.12,,8/15/25 11:49 AM,8/15/25 11:40 AM
175,17,CASH,Esperansa,Esperansa,0.00,17.53,,8/15/25 11:50 AM,8/15/25 10:10 AM
252,,CREDIT,Melissa,Melissa,0.00,12.08,,8/15/25 11:51 AM,8/15/25 11:40 AM
253,,CREDIT,Melissa,Melissa,1.00,12.50,,8/15/25 11:52 AM,8/15/25 11:40 AM
233,35,CREDIT,Silvia,Silvia,4.00,20.31,,8/15/25 11:54 AM,8/15/25 11:22 AM
261,,CREDIT,Melissa,Melissa,0.00,13.28,,8/15/25 11:54 AM,8/15/25 11:50 AM
239,12,CREDIT,Esperansa,Maria,0.00,39.41,,8/15/25 11:56 AM,8/15/25 11:27 AM
229,16,CASH,Norma,Norma,0.00,25.95,,8/15/25 11:56 AM,8/15/25 11:16 AM
254,18,CREDIT,Norma,,0.00,24.06,,8/15/25 11:56 AM,8/15/25 11:43 AM
238,18,CREDIT,Norma,,3.29,17.79,,8/15/25 11:57 AM,8/15/25 11:24 AM
262,,CREDIT,Melissa,Melissa,1.84,9.07,,8/15/25 11:58 AM,8/15/25 11:51 AM
230,41,CASH,Rosa,Rosa,0.00,28.27,,8/15/25 12:01 PM,8/15/25 11:19 AM
272,,CASH,Melissa,Melissa,0.00,1.08,,8/15/25 12:02 PM,8/15/25 12:02 PM
269,,CASH,Melissa,Melissa,0.00,22.56,,8/15/25 12:05 PM,8/15/25 11:58 AM
264,,CREDIT,Melissa,Melissa,0.00,22.54,,8/15/25 12:06 PM,8/15/25 11:56 AM
255,,CREDIT,Maria,Maria,0.00,16.21,,8/15/25 12:06 PM,8/15/25 11:46 AM
243,26,CASH,Esperansa,Esperansa,0.00,12.98,,8/15/25 12:07 PM,8/15/25 11:30 AM
236,25,CREDIT,Rosa,Rosa,0.00,9.73,,8/15/25 12:09 PM,8/15/25 11:23 AM
247,40,CREDIT,Norma,Norma,5.00,40.94,,8/15/25 12:09 PM,8/15/25 11:33 AM
271,25,CASH,Rosa,Rosa,0.00,22.71,,8/15/25 12:09 PM,8/15/25 12:02 PM
264,,CREDIT,Melissa,Melissa,0.00,-22.54,,8/15/25 12:09 PM,8/15/25 11:56 AM
248,20,CREDIT,Silvia,Silvia,4.00,21.62,,8/15/25 12:10 PM,8/15/25 11:35 AM
264,,CREDIT,Melissa,Melissa,0.00,22.54,,8/15/25 12:10 PM,8/15/25 11:56 AM
276,,CREDIT,Melissa,Melissa,0.00,7.13,,8/15/25 12:13 PM,8/15/25 12:12 PM
263,10,CASH,Rosa,Rosa,0.00,12.93,,8/15/25 12:14 PM,8/15/25 11:52 AM
249,15,CREDIT,Rosa,,7.25,40.75,,8/15/25 12:15 PM,8/15/25 11:37 AM
240,32,CREDIT,Rosa,Rosa,5.00,27.51,,8/15/25 12:18 PM,8/15/25 11:29 AM
279,,CREDIT,Melissa,Melissa,0.00,12.74,,8/15/25 12:18 PM,8/15/25 12:17 PM
259,19,CREDIT,Esperansa,Esperansa,6.00,14.53,,8/15/25 12:19 PM,8/15/25 11:46 AM
268,37,CREDIT,Norma,Norma,4.00,12.64,,8/15/25 12:20 PM,8/15/25 11:58 AM
279,,CREDIT,Melissa,Melissa,0.00,6.31,,8/15/25 12:21 PM,8/15/25 12:17 PM
260,24,CREDIT,Silvia,Silvia,10.00,33.52,,8/15/25 12:21 PM,8/15/25 11:50 AM
278,,CASH,Melissa,Melissa,0.00,12.74,,8/15/25 12:23 PM,8/15/25 12:13 PM
266,36,CREDIT,Esperansa,Esperansa,0.00,16.16,,8/15/25 12:26 PM,8/15/25 11:57 AM
282,,CASH,Melissa,Melissa,0.00,3.24,,8/15/25 12:27 PM,8/15/25 12:27 PM
201,17,CASH,Norma,Norma,0.00,30.80,,8/15/25 12:27 PM,8/15/25 10:45 AM
275,,CREDIT,Maria,Maria,0.00,29.20,,8/15/25 12:28 PM,8/15/25 12:08 PM
280,,CASH,Melissa,Melissa,0.00,14.90,,8/15/25 12:31 PM,8/15/25 12:20 PM
288,,CREDIT,Melissa,Melissa,0.00,14.90,,8/15/25 12:34 PM,8/15/25 12:34 PM
265,11,CASH,Silvia,Silvia,0.00,24.11,,8/15/25 12:36 PM,8/15/25 11:57 AM
277,9,CREDIT,Rosa,Rosa,0.00,19.96,,8/15/25 12:38 PM,8/15/25 12:13 PM
283,,CREDIT,Melissa,Melissa,0.00,5.73,,8/15/25 12:39 PM,8/15/25 12:30 PM
286,,CASH,Melissa,Melissa,0.00,10.04,,8/15/25 12:39 PM,8/15/25 12:32 PM
291,,CREDIT,Melissa,Melissa,0.00,3.78,,8/15/25 12:44 PM,8/15/25 12:38 PM
281,23,CREDIT,Norma,Norma,0.00,31.81,,8/15/25 12:46 PM,8/15/25 12:20 PM
292,,CASH,Melissa,Melissa,0.00,12.38,,8/15/25 12:48 PM,8/15/25 12:39 PM
296,,CREDIT,Melissa,Melissa,0.00,15.00,,8/15/25 12:49 PM,8/15/25 12:44 PM
298,,CREDIT,Melissa,Melissa,0.00,29.50,,8/15/25 12:51 PM,8/15/25 12:49 PM
289,9,CASH,Rosa,Rosa,0.00,16.97,,8/15/25 12:55 PM,8/15/25 12:35 PM
300,,CREDIT,Melissa,Melissa,0.00,23.68,,8/15/25 12:57 PM,8/15/25 12:50 PM
301,,CREDIT,Melissa,Melissa,0.00,21.40,,8/15/25 1:01 PM,8/15/25 12:56 PM
287,7,CREDIT,Rosa,Rosa,0.00,23.66,,8/15/25 1:04 PM,8/15/25 12:32 PM
285,37,CASH,Esperansa,Esperansa,0.00,5.39,,8/15/25 1:06 PM,8/15/25 12:30 PM
284,12,CASH,Norma,Norma,0.00,55.50,,8/15/25 1:09 PM,8/15/25 12:30 PM
305,18,CREDIT,Rosa,,0.42,3.02,,8/15/25 1:12 PM,8/15/25 1:04 PM
310,,CREDIT,Melissa,Melissa,1.05,7.61,,8/15/25 1:13 PM,8/15/25 1:13 PM
295,20,CREDIT,Esperansa,Maria,0.00,49.15,,8/15/25 1:17 PM,8/15/25 12:43 PM
313,,CREDIT,Melissa,Melissa,0.00,7.61,,8/15/25 1:19 PM,8/15/25 1:14 PM
315,,CREDIT,Melissa,Melissa,0.00,13.82,,8/15/25 1:20 PM,8/15/25 1:15 PM
316,,CASH,Melissa,Melissa,0.00,2.15,,8/15/25 1:22 PM,8/15/25 1:15 PM
293,18,CREDIT,Rosa,Rosa,0.00,3.02,,8/15/25 1:22 PM,8/15/25 12:42 PM
317,,CREDIT,Melissa,Melissa,0.00,8.29,,8/15/25 1:24 PM,8/15/25 1:16 PM
323,,CREDIT,Melissa,Melissa,0.00,5.81,,8/15/25 1:26 PM,8/15/25 1:26 PM
308,38,CREDIT,Rosa,Rosa,4.11,20.22,,8/15/25 1:28 PM,8/15/25 1:11 PM
302,24,CREDIT,Esperansa,Maria,2.00,18.38,,8/15/25 1:29 PM,8/15/25 12:57 PM
318,,CREDIT,Melissa,Melissa,0.00,17.81,,8/15/25 1:30 PM,8/15/25 1:21 PM
325,9,CREDIT,Rosa,Rosa,4.00,17.30,,8/15/25 1:33 PM,8/15/25 1:32 PM
326,,CREDIT,Maria,Maria,1.00,13.61,,8/15/25 1:33 PM,8/15/25 1:33 PM
306,9,CREDIT,Rosa,Rosa,3.00,16.70,,8/15/25 1:33 PM,8/15/25 1:06 PM
304,25,CREDIT,Norma,Norma,10.00,41.24,,8/15/25 1:33 PM,8/15/25 1:02 PM
299,32,CASH,Silvia,Silvia,0.00,12.97,,8/15/25 1:40 PM,8/15/25 12:49 PM
312,37,CREDIT,Silvia,Silvia,5.00,29.09,,8/15/25 1:41 PM,8/15/25 1:14 PM
330,,CREDIT,Melissa,Melissa,0.00,4.79,,8/15/25 1:44 PM,8/15/25 1:39 PM
307,4,CREDIT,Esperansa,Esperansa,5.00,40.63,,8/15/25 1:45 PM,8/15/25 1:07 PM
332,,CREDIT,Melissa,Melissa,0.00,20.52,,8/15/25 1:45 PM,8/15/25 1:42 PM
294,22,CREDIT,Norma,Norma,10.00,36.76,,8/15/25 1:46 PM,8/15/25 12:42 PM
290,21,CASH,Silvia,Silvia,0.00,13.46,,8/15/25 1:48 PM,8/15/25 12:36 PM
314,17,CREDIT,Silvia,Silvia,5.27,24.73,,8/15/25 1:51 PM,8/15/25 1:14 PM
337,31,CREDIT,Rosa,Rosa,0.00,14.20,,8/15/25 1:52 PM,8/15/25 1:46 PM
324,31,CREDIT,Rosa,Rosa,2.00,14.20,,8/15/25 1:52 PM,8/15/25 1:30 PM
321,39,CREDIT,Esperansa,Esperansa,7.00,34.55,,8/15/25 1:55 PM,8/15/25 1:26 PM
333,,CREDIT,Melissa,Melissa,0.00,12.75,,8/15/25 1:55 PM,8/15/25 1:43 PM
,,CASH_COLLECTED,Silvia,Silvia,0.00,75.00*,House,8/15/25 1:56 PM,8/15/25 1:56 PM
,,TIP_OUT,Silvia,Silvia,-84.47,0.00,House,8/15/25 1:56 PM,8/15/25 1:56 PM
334,,CREDIT,Melissa,Melissa,0.00,25.18,,8/15/25 1:57 PM,8/15/25 1:45 PM
311,33,CREDIT,Norma,Norma,0.00,29.60,,8/15/25 1:58 PM,8/15/25 1:13 PM
335,,CREDIT,Melissa,Melissa,0.00,23.98,,8/15/25 1:58 PM,8/15/25 1:46 PM
341,,CREDIT,Rosa,Rosa,0.00,11.90,,8/15/25 1:59 PM,8/15/25 1:59 PM
319,36,CREDIT,Norma,Maria,3.00,12.98,,8/15/25 2:01 PM,8/15/25 1:23 PM
,,TIP_OUT,Maria,Maria,-7.00,0.00,House,8/15/25 2:01 PM,8/15/25 2:01 PM
320,,CASH,Melissa,Melissa,0.00,15.56,,8/15/25 2:02 PM,8/15/25 1:23 PM
339,,CREDIT,Melissa,Melissa,2.96,14.54,,8/15/25 2:05 PM,8/15/25 1:57 PM
342,,CREDIT,Melissa,Melissa,10.00,9.67,,8/15/25 2:06 PM,8/15/25 2:03 PM
328,7,CREDIT,Norma,Norma,5.80,19.20,,8/15/25 2:10 PM,8/15/25 1:37 PM
336,31,CASH,Rosa,Rosa,0.00,12.15,,8/15/25 2:13 PM,8/15/25 1:46 PM
331,23,CREDIT,Norma,Norma,10.00,55.14,,8/15/25 2:13 PM,8/15/25 1:42 PM
344,,CREDIT,Lizeth,Lizeth,0.00,15.08,,8/15/25 2:14 PM,8/15/25 2:13 PM
345,,CREDIT,Lizeth,Lizeth,0.00,9.61,,8/15/25 2:18 PM,8/15/25 2:14 PM
340,24,CREDIT,Rosa,Rosa,2.00,26.30,,8/15/25 2:19 PM,8/15/25 1:57 PM
346,,CREDIT,Lizeth,Lizeth,2.65,19.13,,8/15/25 2:20 PM,8/15/25 2:16 PM
350,,CREDIT,Lizeth,Lizeth,0.00,12.52,,8/15/25 2:26 PM,8/15/25 2:26 PM
349,,CREDIT,Giselle,Giselle,0.00,14.22,,8/15/25 2:27 PM,8/15/25 2:27 PM
,,CASH_COLLECTED,Melissa,Melissa,0.00,247.15*,House,8/15/25 2:30 PM,8/15/25 2:30 PM
,,TIP_OUT,Melissa,Melissa,-50.89,0.00,House,8/15/25 2:30 PM,8/15/25 2:30 PM
343,9,CREDIT,Norma,Norma,0.00,38.91,,8/15/25 2:33 PM,8/15/25 2:05 PM
,,CASH_COLLECTED,Norma,Norma,0.00,243.24*,House,8/15/25 2:36 PM,8/15/25 2:36 PM
,,TIP_OUT,Norma,Norma,-111.09,0.00,House,8/15/25 2:36 PM,8/15/25 2:36 PM
338,10,CREDIT,Rosa,Rosa,6.73,35.27,,8/15/25 2:36 PM,8/15/25 1:57 PM
329,18,CASH,Esperansa,Esperansa,0.00,43.63,,8/15/25 2:37 PM,8/15/25 1:37 PM
,,CASH_COLLECTED,Esperansa,Esperansa,0.00,136.20*,House,8/15/25 2:40 PM,8/15/25 2:40 PM
,,TIP_OUT,Esperansa,Esperansa,-54.44,0.00,House,8/15/25 2:40 PM,8/15/25 2:40 PM
,,CASH_COLLECTED,Rosa,Rosa,0.00,159.84*,House,8/15/25 2:40 PM,8/15/25 2:40 PM
,,TIP_OUT,Rosa,Rosa,-71.16,0.00,House,8/15/25 2:40 PM,8/15/25 2:40 PM
347,32,CREDIT,Juan ,Juan ,5.46,39.54,,8/15/25 2:47 PM,8/15/25 2:19 PM
351,,CREDIT,Lizeth,Lizeth,0.00,9.71,,8/15/25 2:49 PM,8/15/25 2:49 PM
356,,CASH,Lizeth,Lizeth,0.00,16.23,Drive Box,8/15/25 3:02 PM,8/15/25 3:01 PM
354,17,CREDIT,Isabel,Giselle,5.00,15.63,,8/15/25 3:05 PM,8/15/25 2:47 PM
357,,CREDIT,Lizeth,Lizeth,0.00,13.00,,8/15/25 3:11 PM,8/15/25 3:01 PM
357,,CASH,Lizeth,Lizeth,0.00,1.75,Drive Box,8/15/25 3:13 PM,8/15/25 3:01 PM
359,,CREDIT,Lizeth,Lizeth,0.00,9.50,,8/15/25 3:14 PM,8/15/25 3:05 PM
352,24,CREDIT,Isabel,Isabel,5.00,41.04,,8/15/25 3:15 PM,8/15/25 2:38 PM
355,37,CREDIT,Isabel,Isabel,0.00,17.30,,8/15/25 3:18 PM,8/15/25 2:56 PM
363,,CREDIT,Lizeth,Lizeth,0.00,6.38,,8/15/25 3:33 PM,8/15/25 3:32 PM
362,12,CREDIT,Juan ,Juan ,0.00,7.82,,8/15/25 3:34 PM,8/15/25 3:16 PM
361,9,CREDIT,Isabel,Isabel,5.00,26.53,,8/15/25 3:47 PM,8/15/25 3:07 PM
360,32,CASH,Isabel,Isabel,0.00,56.59,,8/15/25 3:51 PM,8/15/25 3:05 PM
364,,CREDIT,Lizeth,Lizeth,0.00,5.94,,8/15/25 3:54 PM,8/15/25 3:51 PM
365,,CASH,Lizeth,Lizeth,0.00,17.79,Drive Box,8/15/25 3:56 PM,8/15/25 3:52 PM
370,,CREDIT,Lizeth,Lizeth,0.00,11.90,,8/15/25 4:01 PM,8/15/25 4:00 PM
372,,CREDIT,Lizeth,Lizeth,1.00,20.55,,8/15/25 4:13 PM,8/15/25 4:12 PM
373,,CASH,Lizeth,Lizeth,0.00,15.63,Drive Box,8/15/25 4:18 PM,8/15/25 4:15 PM
374,,CASH,Lizeth,Lizeth,0.00,3.44,Drive Box,8/15/25 4:22 PM,8/15/25 4:21 PM
367,39,CREDIT,Juan ,Giselle,0.00,43.30,,8/15/25 4:26 PM,8/15/25 3:55 PM
378,,CASH,Lizeth,Lizeth,0.00,9.50,Drive Box,8/15/25 4:39 PM,8/15/25 4:39 PM
379,,CREDIT,Lizeth,Lizeth,0.00,26.96,,8/15/25 4:46 PM,8/15/25 4:46 PM
383,,CREDIT,Lizeth,Lizeth,9.56,47.02,,8/15/25 4:54 PM,8/15/25 4:53 PM
371,35,CREDIT,Isabel,Isabel,7.00,21.45,,8/15/25 4:57 PM,8/15/25 4:01 PM
384,,CASH,Lizeth,Lizeth,0.00,9.72,Drive Box,8/15/25 5:06 PM,8/15/25 4:59 PM
377,25,CREDIT,Isabel,Giselle,6.00,30.75,,8/15/25 5:10 PM,8/15/25 4:35 PM
389,,CREDIT,Lizeth,Lizeth,2.55,18.38,,8/15/25 5:11 PM,8/15/25 5:10 PM
380,23,CREDIT,Isabel,Isabel,5.00,10.81,,8/15/25 5:19 PM,8/15/25 4:50 PM
393,,CREDIT,Giselle,Giselle,0.00,13.28,,8/15/25 5:19 PM,8/15/25 5:19 PM
382,32,CREDIT,Juan ,Juan ,10.00,32.09,,8/15/25 5:24 PM,8/15/25 4:52 PM
369,24,CREDIT,Isabel,Isabel,5.00,38.92,,8/15/25 5:25 PM,8/15/25 3:59 PM
394,,CASH,Lizeth,Lizeth,0.00,21.08,Drive Box,8/15/25 5:28 PM,8/15/25 5:28 PM
375,41,CREDIT,Isabel,Isabel,6.00,45.92,,8/15/25 5:34 PM,8/15/25 4:32 PM
387,33,CREDIT,Isabel,Isabel,10.00,45.42,,8/15/25 5:43 PM,8/15/25 5:04 PM
391,17,CREDIT,Juan ,Juan ,4.00,22.37,,8/15/25 5:49 PM,8/15/25 5:18 PM
,,PAY_OUT,Mayra,,0.00,-62.24,House,8/15/25 5:49 PM,8/15/25 5:49 PM
397,,CREDIT,Lizeth,Lizeth,0.00,28.90,,8/15/25 5:51 PM,8/15/25 5:47 PM
398,,CASH,Lizeth,Lizeth,0.00,15.54,Drive Box,8/15/25 5:52 PM,8/15/25 5:48 PM
388,7,CREDIT,Juan ,Juan ,6.00,56.80,,8/15/25 5:56 PM,8/15/25 5:11 PM
390,38,CASH,Isabel,Isabel,0.00,51.91,,8/15/25 5:59 PM,8/15/25 5:16 PM
403,37,CREDIT,Juan ,Juan ,3.00,34.61,,8/15/25 5:59 PM,8/15/25 5:55 PM
399,,CASH,Lizeth,Lizeth,0.00,24.69,Drive Box,8/15/25 6:01 PM,8/15/25 5:49 PM
401,,CREDIT,Lizeth,Lizeth,2.00,20.58,,8/15/25 6:06 PM,8/15/25 5:50 PM
402,,CASH,Lizeth,Lizeth,0.00,6.48,Drive Box,8/15/25 6:08 PM,8/15/25 5:55 PM
400,,CREDIT,Giselle,Giselle,0.00,32.46,,8/15/25 6:11 PM,8/15/25 5:50 PM
406,,CREDIT,Lizeth,Lizeth,0.00,16.13,,8/15/25 6:12 PM,8/15/25 6:05 PM
407,,CREDIT,Lizeth,Lizeth,0.00,18.38,,8/15/25 6:15 PM,8/15/25 6:06 PM
395,18,CASH,Isabel,Isabel,0.00,43.89,,8/15/25 6:20 PM,8/15/25 5:42 PM
396,25,CREDIT,Juan ,Juan ,6.00,38.33,,8/15/25 6:24 PM,8/15/25 5:44 PM
409,,CREDIT,Lizeth,Lizeth,0.00,20.56,,8/15/25 6:26 PM,8/15/25 6:26 PM
410,,CREDIT,Lizeth,Lizeth,0.00,20.93,,8/15/25 6:38 PM,8/15/25 6:24 PM
416,,CREDIT,Lizeth,Lizeth,0.00,9.73,,8/15/25 6:40 PM,8/15/25 6:34 PM
421,,CREDIT,Lizeth,Lizeth,0.00,20.50,,8/15/25 6:42 PM,8/15/25 6:40 PM
405,32,CREDIT,Isabel,Giselle,5.00,35.30,,8/15/25 6:44 PM,8/15/25 6:04 PM
423,,CASH,Lizeth,Lizeth,0.00,15.68,Drive Box,8/15/25 6:49 PM,8/15/25 6:46 PM
408,24,CREDIT,Juan ,Juan ,8.00,18.11,,8/15/25 6:50 PM,8/15/25 6:16 PM
419,37,CREDIT,Isabel,Isabel,4.00,21.63,,8/15/25 6:56 PM,8/15/25 6:34 PM
428,,CREDIT,Lizeth,Lizeth,0.00,28.92,,8/15/25 6:58 PM,8/15/25 6:57 PM
411,33,CREDIT,Juan ,Juan ,6.00,48.03,,8/15/25 6:58 PM,8/15/25 6:24 PM
430,,CREDIT,Lizeth,Lizeth,3.00,21.61,,8/15/25 7:06 PM,8/15/25 6:59 PM
420,38,CREDIT,Isabel,Giselle,8.00,46.14,,8/15/25 7:07 PM,8/15/25 6:35 PM
392,39,CREDIT,Juan ,Juan ,5.00,30.83,,8/15/25 7:09 PM,8/15/25 5:18 PM
434,39,CASH,Juan ,Juan ,0.00,47.60,,8/15/25 7:10 PM,8/15/25 7:09 PM
436,,CREDIT,Lizeth,Lizeth,0.00,15.13,,8/15/25 7:11 PM,8/15/25 7:10 PM
424,17,CREDIT,Juan ,Juan ,40.00,57.03,,8/15/25 7:17 PM,8/15/25 6:49 PM
437,,CASH,Lizeth,Lizeth,0.00,50.84,Drive Box,8/15/25 7:19 PM,8/15/25 7:18 PM
415,9,CREDIT,Juan ,Juan ,4.35,28.65,,8/15/25 7:20 PM,8/15/25 6:31 PM
429,10,CREDIT,Juan ,Juan ,3.00,29.66,,8/15/25 7:28 PM,8/15/25 6:57 PM
440,10,CASH,Juan ,Juan ,0.00,0.70,,8/15/25 7:28 PM,8/15/25 7:27 PM
413,12,CREDIT,Juan ,Juan ,10.00,52.44,,8/15/25 7:28 PM,8/15/25 6:26 PM
433,25,CREDIT,Isabel,Giselle,2.00,21.73,,8/15/25 7:32 PM,8/15/25 7:09 PM
441,,CREDIT,Lizeth,Lizeth,0.00,12.95,,8/15/25 7:34 PM,8/15/25 7:28 PM
431,32,CREDIT,Isabel,Giselle,5.00,28.59,,8/15/25 7:35 PM,8/15/25 7:01 PM
442,,CASH,Lizeth,Lizeth,0.00,5.39,Drive Box,8/15/25 7:36 PM,8/15/25 7:29 PM
438,,CREDIT,Giselle,Giselle,0.00,40.02,,8/15/25 7:38 PM,8/15/25 7:17 PM
386,39,CREDIT,Juan ,Juan ,0.00,45.40,,8/15/25 7:44 PM,8/15/25 5:02 PM
444,31,CREDIT,Isabel,Giselle,0.00,54.33,,8/15/25 7:49 PM,8/15/25 7:49 PM
422,31,CREDIT,Isabel,Giselle,0.00,58.47,,8/15/25 7:49 PM,8/15/25 6:47 PM
443,,CASH,Lizeth,Lizeth,0.00,3.88,Drive Box,8/15/25 7:55 PM,8/15/25 7:54 PM
447,38,CREDIT,Isabel,Isabel,2.00,4.32,,8/15/25 7:55 PM,8/15/25 7:53 PM
445,,CREDIT,Mayra,Mayra,0.00,21.40,,8/15/25 7:58 PM,8/15/25 7:49 PM
439,22,CREDIT,Isabel,Isabel,0.00,27.61,,8/15/25 8:11 PM,8/15/25 7:24 PM
449,,CREDIT,Lizeth,Lizeth,4.00,14.60,,8/15/25 8:18 PM,8/15/25 8:18 PM
454,,CREDIT,Juan ,Juan ,0.00,17.25,,8/15/25 8:23 PM,8/15/25 8:23 PM
453,,CREDIT,Lizeth,Lizeth,0.00,10.15,,8/15/25 8:25 PM,8/15/25 8:23 PM
456,34,CREDIT,Isabel,Isabel,0.00,65.33,,8/15/25 8:30 PM,8/15/25 8:28 PM
457,34,CREDIT,Isabel,Isabel,0.00,11.52,,8/15/25 8:32 PM,8/15/25 8:31 PM
414,7,CREDIT,Isabel,Isabel,0.00,60.54,,8/15/25 8:34 PM,8/15/25 6:29 PM
458,34,CREDIT,Isabel,Isabel,0.00,49.19,,8/15/25 8:34 PM,8/15/25 8:34 PM
417,34,CREDIT,Isabel,Isabel,0.00,42.52,,8/15/25 8:35 PM,8/15/25 6:34 PM
455,,CREDIT,Lizeth,Lizeth,1.00,5.40,,8/15/25 8:35 PM,8/15/25 8:34 PM
432,23,CREDIT,Juan ,Juan ,0.00,128.18,,8/15/25 8:39 PM,8/15/25 7:05 PM
460,,CREDIT,Lizeth,Lizeth,0.00,8.94,,8/15/25 8:42 PM,8/15/25 8:39 PM
446,3,CREDIT,Juan ,Juan ,0.00,117.66,,8/15/25 8:42 PM,8/15/25 7:53 PM
450,32,CREDIT,Juan ,,3.87,20.94,,8/15/25 8:43 PM,8/15/25 8:11 PM
461,9,CREDIT,Isabel,Isabel,4.00,20.27,,8/15/25 8:44 PM,8/15/25 8:43 PM
448,9,CASH,Isabel,Isabel,0.00,10.96,,8/15/25 8:44 PM,8/15/25 8:00 PM
462,,CASH,Lizeth,Lizeth,0.00,9.84,Drive Box,8/15/25 9:00 PM,8/15/25 8:58 PM
464,,CASH,Lizeth,Lizeth,0.00,25.05,Drive Box,8/15/25 9:20 PM,8/15/25 9:08 PM
451,41,CREDIT,Juan ,,0.00,89.15,,8/15/25 9:22 PM,8/15/25 8:19 PM
467,,CREDIT,Lizeth,Lizeth,0.00,39.21,,8/15/25 9:36 PM,8/15/25 9:35 PM
463,24,CREDIT,Isabel,Isabel,4.00,31.13,,8/15/25 9:40 PM,8/15/25 8:49 PM
468,24,CASH,Isabel,Isabel,0.00,14.06,,8/15/25 9:42 PM,8/15/25 9:38 PM
469,,CASH,Juan ,Juan ,0.00,5.40,,8/15/25 9:47 PM,8/15/25 9:47 PM
465,32,CASH,Juan ,Juan ,0.00,47.59,,8/15/25 9:48 PM,8/15/25 9:12 PM
471,,CASH,Juan ,Juan ,0.00,3.19,,8/15/25 9:54 PM,8/15/25 9:53 PM
472,,CASH,Juan ,Juan ,0.00,8.02,,8/15/25 9:57 PM,8/15/25 9:56 PM
452,41,CASH,Juan ,Juan ,0.00,100.00,,8/15/25 9:58 PM,8/15/25 8:19 PM
452,41,CREDIT,Juan ,Juan ,0.00,11.70,,8/15/25 9:59 PM,8/15/25 8:19 PM
472,,CASH,Juan ,Mayra,0.00,-8.02,,8/15/25 10:01 PM,8/15/25 9:56 PM
,,TIP_OUT,Lizeth,Lizeth,-25.76,0.00,House,8/15/25 10:04 PM,8/15/25 10:04 PM
,,CASH_COLLECTED,Juan ,Juan ,0.00,204.48*,House,8/15/25 10:05 PM,8/15/25 10:05 PM
,,TIP_OUT,Juan ,Juan ,-164.35,0.00,House,8/15/25 10:05 PM,8/15/25 10:05 PM
466,4,CREDIT,Isabel,Isabel,24.00,169.20,,8/15/25 10:14 PM,8/15/25 9:12 PM
459,19,CREDIT,Isabel,Isabel,5.00,21.60,,8/15/25 10:26 PM,8/15/25 8:39 PM
,,CASH_COLLECTED,Isabel,Isabel,0.00,177.41*,House,8/15/25 10:31 PM,8/15/25 10:31 PM
,,TIP_OUT,Isabel,Isabel,-187.27,0.00,House,8/15/25 10:31 PM,8/15/25 10:31 PM
,,CLOSE_OUT_EXACT,Mayra,,0.00,0.00,Front Left,8/15/25 10:37 PM,8/15/25 10:37 PM
,,CLOSE_OUT_EXACT,Mayra,,0.00,0.00,Drive Box,8/15/25 10:37 PM,8/15/25 10:37 PM
,,TOTAL,,,-119.94,8511.55,,,
