Location,Server,Check #,Table,Station,Expediter Level,Fired Date,Fulfilled Date,Fulfillment Time,Fulfilled By
Tink-a-Tako - Potranco,Candy  Del angel ,1,,Lobby,,8/15/25 6:29 AM,8/15/25 6:32 AM,2 minutes and 40 seconds,Zoila Salinas
Tink-a-Tako - Potranco,Candy  Del angel ,2,,Lobby,,8/15/25 6:30 AM,8/15/25 6:33 AM,2 minutes and 58 seconds,Zoila Salinas
Tink-a-Tako - Potranco,Candy  Del angel ,16001,,Lobby,,8/15/25 6:24 AM,8/15/25 6:33 AM,8 minutes and 49 seconds,Zoila Salinas
Tink-a-Tako - Potranco,Norma Vasquez,3,,Lobby,,8/15/25 6:37 AM,8/15/25 6:38 AM,1 minute and 3 seconds,Zoila Salinas
Tink-a-Tako - Potranco,Candy  Del angel ,5,,Lobby,,8/15/25 6:40 AM,8/15/25 6:41 AM,51 seconds,Zoila Salinas
Tink-a-Tako - Potranco,Candy  Del angel ,6,,Lobby,,8/15/25 6:42 AM,8/15/25 6:43 AM,1 minute and 20 seconds,Zoila Salinas
Tink-a-Tako - Potranco,Norma Vasquez,7,24,Lobby,,8/15/25 6:45 AM,8/15/25 6:49 AM,3 minutes and 56 seconds,Zoila Salinas
Tink-a-Tako - Potranco,Candy  Del angel ,8,,Lobby,,8/15/25 6:47 AM,8/15/25 6:51 AM,4 minutes and 23 seconds,Zoila Salinas
Tink-a-Tako - Potranco,Candy  Del angel ,9,,Lobby,,8/15/25 6:48 AM,8/15/25 6:54 AM,5 minutes and 57 seconds,Zoila Salinas
Tink-a-Tako - Potranco,Candy  Del angel ,11,,Lobby,,8/15/25 6:49 AM,8/15/25 6:56 AM,6 minutes and 36 seconds,Zoila Salinas
Tink-a-Tako - Potranco,Candy  Del angel ,12,,Lobby,,8/15/25 6:54 AM,8/15/25 6:56 AM,2 minutes and 5 seconds,Zoila Salinas
Tink-a-Tako - Potranco,Candy  Del angel ,13,,Lobby,,8/15/25 6:56 AM,8/15/25 6:57 AM,39 seconds,Zoila Salinas
Tink-a-Tako - Potranco,Norma Vasquez,10,,Lobby,,8/15/25 6:49 AM,8/15/25 6:58 AM,9 minutes and 27 seconds,Zoila Salinas
Tink-a-Tako - Potranco,Candy  Del angel ,14,,Lobby,,8/15/25 6:58 AM,8/15/25 6:58 AM,29 seconds,Zoila Salinas
Tink-a-Tako - Potranco,Candy  Del angel ,15,,Lobby,,8/15/25 6:59 AM,8/15/25 7:01 AM,2 minutes and 3 seconds,Zoila Salinas
Tink-a-Tako - Potranco,Candy  Del angel ,16,,Lobby,,8/15/25 7:01 AM,8/15/25 7:02 AM,56 seconds,Zoila Salinas
Tink-a-Tako - Potranco,Candy  Del angel ,17,,Lobby,,8/15/25 7:04 AM,8/15/25 7:06 AM,1 minute and 20 seconds,Zoila Salinas
Tink-a-Tako - Potranco,Candy  Del angel ,18,,Lobby,,8/15/25 7:07 AM,8/15/25 7:09 AM,2 minutes and 18 seconds,Zoila Salinas
Tink-a-Tako - Potranco,Candy  Del angel ,19,,Lobby,,8/15/25 7:08 AM,8/15/25 7:10 AM,1 minute and 29 seconds,Zoila Salinas
Tink-a-Tako - Potranco,Norma Vasquez,20,26,Lobby,,8/15/25 7:11 AM,8/15/25 7:12 AM,1 minute and 1 second,Zoila Salinas
Tink-a-Tako - Potranco,Candy  Del angel ,21,,Lobby,,8/15/25 7:13 AM,8/15/25 7:14 AM,1 minute and 9 seconds,Zoila Salinas
Tink-a-Tako - Potranco,Norma Vasquez,10,,,2,8/15/25 6:58 AM,8/15/25 7:16 AM,17 minutes and 40 seconds,Zoila Salinas
Tink-a-Tako - Potranco,Norma Vasquez,3,,,2,8/15/25 6:38 AM,8/15/25 7:16 AM,37 minutes and 30 seconds,Zoila Salinas
Tink-a-Tako - Potranco,Norma Vasquez,20,26,,2,8/15/25 7:12 AM,8/15/25 7:16 AM,3 minutes and 57 seconds,Zoila Salinas
Tink-a-Tako - Potranco,Norma Vasquez,7,24,,2,8/15/25 6:49 AM,8/15/25 7:16 AM,27 minutes and 28 seconds,Zoila Salinas
Tink-a-Tako - Potranco,Norma Vasquez,22,,Lobby,,8/15/25 7:13 AM,8/15/25 7:16 AM,3 minutes and 15 seconds,Zoila Salinas
Tink-a-Tako - Potranco,Norma Vasquez,22,,,2,8/15/25 7:16 AM,8/15/25 7:16 AM,14 seconds,Zoila Salinas
Tink-a-Tako - Potranco,Candy  Del angel ,24,,Lobby,,8/15/25 7:15 AM,8/15/25 7:17 AM,1 minute and 13 seconds,Zoila Salinas
Tink-a-Tako - Potranco,Candy  Del angel ,24,,,2,8/15/25 7:17 AM,8/15/25 7:17 AM,41 seconds,Zoila Salinas
Tink-a-Tako - Potranco,Candy  Del angel ,25,,Lobby,,8/15/25 7:16 AM,8/15/25 7:18 AM,2 minutes and 11 seconds,Zoila Salinas
Tink-a-Tako - Potranco,Norma Vasquez,28,19,Lobby,,8/15/25 7:20 AM,8/15/25 7:21 AM,1 minute and 34 seconds,Zoila Salinas
Tink-a-Tako - Potranco,Norma Vasquez,23,35,Lobby,,8/15/25 7:13 AM,8/15/25 7:21 AM,8 minutes and 5 seconds,Zoila Salinas
Tink-a-Tako - Potranco,Candy  Del angel ,26,,Lobby,,8/15/25 7:19 AM,8/15/25 7:22 AM,2 minutes and 44 seconds,Zoila Salinas
Tink-a-Tako - Potranco,Candy  Del angel ,27,,Lobby,,8/15/25 7:20 AM,8/15/25 7:22 AM,2 minutes and 30 seconds,Zoila Salinas
Tink-a-Tako - Potranco,Candy  Del angel ,29,,Lobby,,8/15/25 7:24 AM,8/15/25 7:26 AM,2 minutes and 10 seconds,Zoila Salinas
Tink-a-Tako - Potranco,Candy  Del angel ,30,,Lobby,,8/15/25 7:24 AM,8/15/25 7:26 AM,2 minutes and 8 seconds,Zoila Salinas
Tink-a-Tako - Potranco,Candy  Del angel ,31,,Lobby,,8/15/25 7:25 AM,8/15/25 7:28 AM,3 minutes and 51 seconds,Zoila Salinas
Tink-a-Tako - Potranco,Candy  Del angel ,33,,Lobby,,8/15/25 7:26 AM,8/15/25 7:29 AM,3 minutes and 42 seconds,Zoila Salinas
Tink-a-Tako - Potranco,Candy  Del angel ,33,,Prep,,8/15/25 7:26 AM,8/15/25 7:29 AM,3 minutes and 42 seconds,Zoila Salinas
Tink-a-Tako - Potranco,Candy  Del angel ,34,,Lobby,,8/15/25 7:30 AM,8/15/25 7:33 AM,2 minutes and 16 seconds,Zoila Salinas
Tink-a-Tako - Potranco,Candy  Del angel ,38,,Lobby,,8/15/25 7:33 AM,8/15/25 7:36 AM,2 minutes and 35 seconds,Zoila Salinas
Tink-a-Tako - Potranco,Candy  Del angel ,36,,Lobby,,8/15/25 7:32 AM,8/15/25 7:37 AM,4 minutes and 21 seconds,Zoila Salinas
Tink-a-Tako - Potranco,Candy  Del angel ,35,,Lobby,,8/15/25 7:31 AM,8/15/25 7:37 AM,6 minutes and 44 seconds,Zoila Salinas
Tink-a-Tako - Potranco,Norma Vasquez,32,,Lobby,,8/15/25 7:25 AM,8/15/25 7:39 AM,13 minutes and 18 seconds,Zoila Salinas
Tink-a-Tako - Potranco,Candy  Del angel ,37,,Lobby,,8/15/25 7:33 AM,8/15/25 7:40 AM,6 minutes and 57 seconds,Zoila Salinas
Tink-a-Tako - Potranco,Candy  Del angel ,39,,Lobby,,8/15/25 7:36 AM,8/15/25 7:41 AM,5 minutes and 39 seconds,Zoila Salinas
Tink-a-Tako - Potranco,Norma Vasquez,40,,Lobby,,8/15/25 7:40 AM,8/15/25 7:42 AM,1 minute and 47 seconds,Zoila Salinas
Tink-a-Tako - Potranco,Candy  Del angel ,42,,Lobby,,8/15/25 7:43 AM,8/15/25 7:44 AM,1 minute and 5 seconds,Zoila Salinas
Tink-a-Tako - Potranco,Candy  Del angel ,43,,Lobby,,8/15/25 7:45 AM,8/15/25 7:46 AM,57 seconds,Zoila Salinas
Tink-a-Tako - Potranco,Candy  Del angel ,44,,Lobby,,8/15/25 7:47 AM,8/15/25 7:48 AM,37 seconds,Zoila Salinas
Tink-a-Tako - Potranco,Norma Vasquez,45,22,Lobby,,8/15/25 7:48 AM,8/15/25 7:51 AM,2 minutes and 33 seconds,Zoila Salinas
Tink-a-Tako - Potranco,Norma Vasquez,45,22,,2,8/15/25 7:51 AM,8/15/25 7:51 AM,36 seconds,Zoila Salinas
Tink-a-Tako - Potranco,Norma Vasquez,32,,,2,8/15/25 7:39 AM,8/15/25 7:51 AM,12 minutes and 33 seconds,Zoila Salinas
Tink-a-Tako - Potranco,Norma Vasquez,28,19,,2,8/15/25 7:21 AM,8/15/25 7:51 AM,29 minutes and 56 seconds,Zoila Salinas
Tink-a-Tako - Potranco,Norma Vasquez,23,35,,2,8/15/25 7:21 AM,8/15/25 7:51 AM,29 minutes and 57 seconds,Zoila Salinas
Tink-a-Tako - Potranco,Norma Vasquez,40,,,2,8/15/25 7:42 AM,8/15/25 7:51 AM,9 minutes and 40 seconds,Zoila Salinas
Tink-a-Tako - Potranco,Esperansa Caviedes,47,32,Lobby,,8/15/25 7:49 AM,8/15/25 7:53 AM,3 minutes and 40 seconds,Zoila Salinas
Tink-a-Tako - Potranco,Candy  Del angel ,48,,Tortillero,,8/15/25 7:50 AM,8/15/25 7:53 AM,2 minutes and 38 seconds,Zoila Salinas
Tink-a-Tako - Potranco,Candy  Del angel ,48,,Lobby,,8/15/25 7:50 AM,8/15/25 7:53 AM,2 minutes and 38 seconds,Zoila Salinas
Tink-a-Tako - Potranco,Norma Vasquez,41,11,Lobby,,8/15/25 7:44 AM,8/15/25 7:53 AM,9 minutes and 2 seconds,Zoila Salinas
Tink-a-Tako - Potranco,Norma Vasquez,41,11,Tortillero,,8/15/25 7:44 AM,8/15/25 7:53 AM,9 minutes and 2 seconds,Zoila Salinas
Tink-a-Tako - Potranco,Norma Vasquez,41,11,Prep,,8/15/25 7:44 AM,8/15/25 7:53 AM,9 minutes and 2 seconds,Zoila Salinas
Tink-a-Tako - Potranco,Candy  Del angel ,49,,Lobby,,8/15/25 7:51 AM,8/15/25 7:59 AM,7 minutes and 35 seconds,Zoila Salinas
Tink-a-Tako - Potranco,Candy  Del angel ,50,,Lobby,,8/15/25 7:59 AM,8/15/25 8:02 AM,2 minutes and 59 seconds,Zoila Salinas
Tink-a-Tako - Potranco,Candy  Del angel ,53,,Lobby,,8/15/25 8:02 AM,8/15/25 8:03 AM,1 minute and 5 seconds,Zoila Salinas
Tink-a-Tako - Potranco,Candy  Del angel ,52,,Lobby,,8/15/25 8:02 AM,8/15/25 8:04 AM,2 minutes and 29 seconds,Zoila Salinas
Tink-a-Tako - Potranco,Candy  Del angel ,51,,Lobby,,8/15/25 8:01 AM,8/15/25 8:05 AM,4 minutes and 23 seconds,Zoila Salinas
Tink-a-Tako - Potranco,Candy  Del angel ,54,,Lobby,,8/15/25 8:03 AM,8/15/25 8:07 AM,3 minutes and 31 seconds,Zoila Salinas
Tink-a-Tako - Potranco,Rosa Compean,55,9,Lobby,,8/15/25 8:04 AM,8/15/25 8:08 AM,4 minutes and 7 seconds,Zoila Salinas
Tink-a-Tako - Potranco,Norma Vasquez,59,25,Lobby,,8/15/25 8:07 AM,8/15/25 8:09 AM,1 minute and 49 seconds,Zoila Salinas
Tink-a-Tako - Potranco,Candy  Del angel ,56,,Lobby,,8/15/25 8:05 AM,8/15/25 8:10 AM,4 minutes and 48 seconds,Zoila Salinas
Tink-a-Tako - Potranco,Candy  Del angel ,60,,Lobby,,8/15/25 8:08 AM,8/15/25 8:10 AM,2 minutes and 50 seconds,Zoila Salinas
Tink-a-Tako - Potranco,Norma Vasquez,41,11,,2,8/15/25 7:53 AM,8/15/25 8:10 AM,17 minutes and 15 seconds,Zoila Salinas
Tink-a-Tako - Potranco,Esperansa Caviedes,47,32,,2,8/15/25 7:53 AM,8/15/25 8:10 AM,17 minutes and 45 seconds,Zoila Salinas
Tink-a-Tako - Potranco,Maria Majana,61,,Lobby,,8/15/25 8:09 AM,8/15/25 8:11 AM,1 minute and 39 seconds,Zoila Salinas
Tink-a-Tako - Potranco,Candy  Del angel ,63,,Lobby,,8/15/25 8:11 AM,8/15/25 8:13 AM,1 minute and 51 seconds,Zoila Salinas
Tink-a-Tako - Potranco,Candy  Del angel ,64,,Lobby,,8/15/25 8:12 AM,8/15/25 8:14 AM,2 minutes and 4 seconds,Zoila Salinas
Tink-a-Tako - Potranco,Candy  Del angel ,65,,Lobby,,8/15/25 8:13 AM,8/15/25 8:14 AM,1 minute and 41 seconds,Zoila Salinas
Tink-a-Tako - Potranco,Silvia Hernandez,58,4,Lobby,,8/15/25 8:11 AM,8/15/25 8:15 AM,3 minutes and 58 seconds,Zoila Salinas
Tink-a-Tako - Potranco,Maria Majana,61,,,2,8/15/25 8:11 AM,8/15/25 8:17 AM,5 minutes and 59 seconds,Zoila Salinas
Tink-a-Tako - Potranco,Norma Vasquez,59,25,,2,8/15/25 8:09 AM,8/15/25 8:17 AM,8 minutes and 20 seconds,Zoila Salinas
Tink-a-Tako - Potranco,Silvia Hernandez,58,4,,2,8/15/25 8:15 AM,8/15/25 8:17 AM,2 minutes and 21 seconds,Zoila Salinas
Tink-a-Tako - Potranco,Rosa Compean,55,9,,2,8/15/25 8:08 AM,8/15/25 8:17 AM,8 minutes and 30 seconds,Zoila Salinas
Tink-a-Tako - Potranco,Candy  Del angel ,67,,Lobby,,8/15/25 8:17 AM,8/15/25 8:20 AM,2 minutes and 53 seconds,Zoila Salinas
Tink-a-Tako - Potranco,Candy  Del angel ,69,,Lobby,,8/15/25 8:18 AM,8/15/25 8:21 AM,3 minutes and 50 seconds,Zoila Salinas
Tink-a-Tako - Potranco,Candy  Del angel ,70,,Lobby,,8/15/25 8:19 AM,8/15/25 8:24 AM,5 minutes and 6 seconds,Zoila Salinas
Tink-a-Tako - Potranco,Maria Majana,62,,Lobby,,8/15/25 8:20 AM,8/15/25 8:24 AM,4 minutes and 21 seconds,Zoila Salinas
Tink-a-Tako - Potranco,Candy  Del angel ,71,,Lobby,,8/15/25 8:20 AM,8/15/25 8:26 AM,5 minutes and 37 seconds,Zoila Salinas
Tink-a-Tako - Potranco,Esperansa Caviedes,75,17,Lobby,,8/15/25 8:24 AM,8/15/25 8:27 AM,2 minutes and 58 seconds,Zoila Salinas
Tink-a-Tako - Potranco,Rosie  ORDONEZ,68,,Lobby,,8/15/25 8:18 AM,8/15/25 8:27 AM,8 minutes and 41 seconds,Zoila Salinas
Tink-a-Tako - Potranco,Candy  Del angel ,66,,Lobby,,8/15/25 8:15 AM,8/15/25 8:27 AM,12 minutes and 15 seconds,Zoila Salinas
Tink-a-Tako - Potranco,Maria Majana,72,,Lobby,,8/15/25 8:21 AM,8/15/25 8:28 AM,6 minutes and 29 seconds,Zoila Salinas
Tink-a-Tako - Potranco,Maria Majana,62,,,2,8/15/25 8:24 AM,8/15/25 8:29 AM,4 minutes and 38 seconds,Zoila Salinas
Tink-a-Tako - Potranco,Candy  Del angel ,77,,Lobby,,8/15/25 8:25 AM,8/15/25 8:29 AM,4 minutes and 3 seconds,Zoila Salinas
Tink-a-Tako - Potranco,Maria Majana,72,,,2,8/15/25 8:28 AM,8/15/25 8:30 AM,2 minutes and 12 seconds,Zoila Salinas
Tink-a-Tako - Potranco,Maria Majana,79,,Lobby,,8/15/25 8:29 AM,8/15/25 8:32 AM,3 minutes and 44 seconds,Zoila Salinas
Tink-a-Tako - Potranco,Maria Majana,79,,Tortillero,,8/15/25 8:29 AM,8/15/25 8:32 AM,3 minutes and 44 seconds,Zoila Salinas
Tink-a-Tako - Potranco,Maria Majana,79,,Prep,,8/15/25 8:29 AM,8/15/25 8:32 AM,3 minutes and 44 seconds,Zoila Salinas
Tink-a-Tako - Potranco,Candy  Del angel ,81,,Lobby,,8/15/25 8:32 AM,8/15/25 8:35 AM,3 minutes and 15 seconds,Zoila Salinas
Tink-a-Tako - Potranco,Rosa Compean,80,32,Lobby,,8/15/25 8:31 AM,8/15/25 8:37 AM,5 minutes and 54 seconds,Zoila Salinas
Tink-a-Tako - Potranco,Candy  Del angel ,86,,Lobby,,8/15/25 8:39 AM,8/15/25 8:39 AM,19 seconds,Zoila Salinas
Tink-a-Tako - Potranco,Candy  Del angel ,82,,Lobby,,8/15/25 8:36 AM,8/15/25 8:39 AM,2 minutes and 54 seconds,Zoila Salinas
Tink-a-Tako - Potranco,Rosa Compean,80,32,,2,8/15/25 8:37 AM,8/15/25 8:40 AM,3 minutes and 8 seconds,Zoila Salinas
Tink-a-Tako - Potranco,Maria Majana,79,,,2,8/15/25 8:32 AM,8/15/25 8:40 AM,7 minutes and 38 seconds,Zoila Salinas
Tink-a-Tako - Potranco,Rosie  ORDONEZ,68,,,2,8/15/25 8:27 AM,8/15/25 8:40 AM,13 minutes and 1 second,Zoila Salinas
Tink-a-Tako - Potranco,Esperansa Caviedes,75,17,,2,8/15/25 8:27 AM,8/15/25 8:40 AM,13 minutes and 3 seconds,Zoila Salinas
Tink-a-Tako - Potranco,Candy  Del angel ,84,,Lobby,,8/15/25 8:37 AM,8/15/25 8:40 AM,3 minutes and 24 seconds,Zoila Salinas
Tink-a-Tako - Potranco,Norma Vasquez,87,21,Lobby,,8/15/25 8:40 AM,8/15/25 8:41 AM,1 minute and 28 seconds,Zoila Salinas
Tink-a-Tako - Potranco,Maria Majana,88,,Lobby,,8/15/25 8:41 AM,8/15/25 8:42 AM,1 minute and 16 seconds,Zoila Salinas
Tink-a-Tako - Potranco,Candy  Del angel ,89,,Lobby,,8/15/25 8:41 AM,8/15/25 8:43 AM,2 minutes and 7 seconds,Zoila Salinas
Tink-a-Tako - Potranco,Candy  Del angel ,92,,Lobby,,8/15/25 8:42 AM,8/15/25 8:45 AM,2 minutes and 25 seconds,Zoila Salinas
Tink-a-Tako - Potranco,Maria Majana,79,,Lobby,,8/15/25 8:40 AM,8/15/25 8:47 AM,6 minutes and 32 seconds,Zoila Salinas
Tink-a-Tako - Potranco,Candy  Del angel ,95,,Lobby,,8/15/25 8:47 AM,8/15/25 8:49 AM,2 minutes and 28 seconds,Zoila Salinas
Tink-a-Tako - Potranco,Rosa Compean,93,37,Lobby,,8/15/25 8:45 AM,8/15/25 8:50 AM,5 minutes and 1 second,Zoila Salinas
Tink-a-Tako - Potranco,Norma Vasquez,94,22,Lobby,,8/15/25 8:47 AM,8/15/25 8:50 AM,3 minutes and 32 seconds,Zoila Salinas
Tink-a-Tako - Potranco,Candy  Del angel ,96,,Lobby,,8/15/25 8:48 AM,8/15/25 8:51 AM,2 minutes and 39 seconds,Zoila Salinas
Tink-a-Tako - Potranco,Silvia Hernandez,99,23,Lobby,,8/15/25 8:50 AM,8/15/25 8:52 AM,2 minutes and 6 seconds,Zoila Salinas
Tink-a-Tako - Potranco,Silvia Hernandez,99,23,Lobby,,8/15/25 8:50 AM,8/15/25 8:52 AM,2 minutes and 20 seconds,Zoila Salinas
Tink-a-Tako - Potranco,Candy  Del angel ,100,,Lobby,,8/15/25 8:50 AM,8/15/25 8:53 AM,2 minutes and 53 seconds,Zoila Salinas
Tink-a-Tako - Potranco,Maria Majana,79,,,2,8/15/25 8:47 AM,8/15/25 8:54 AM,7 minutes and 3 seconds,Zoila Salinas
Tink-a-Tako - Potranco,Silvia Hernandez,99,23,,2,8/15/25 8:52 AM,8/15/25 8:54 AM,1 minute and 53 seconds,Zoila Salinas
Tink-a-Tako - Potranco,Maria Majana,88,,,2,8/15/25 8:42 AM,8/15/25 8:54 AM,11 minutes and 43 seconds,Zoila Salinas
Tink-a-Tako - Potranco,Rosa Compean,93,37,,2,8/15/25 8:50 AM,8/15/25 8:54 AM,3 minutes and 47 seconds,Zoila Salinas
Tink-a-Tako - Potranco,Norma Vasquez,94,22,,2,8/15/25 8:50 AM,8/15/25 8:54 AM,3 minutes and 42 seconds,Zoila Salinas
Tink-a-Tako - Potranco,Norma Vasquez,87,21,,2,8/15/25 8:41 AM,8/15/25 8:54 AM,12 minutes and 36 seconds,Zoila Salinas
Tink-a-Tako - Potranco,Candy  Del angel ,101,,Lobby,,8/15/25 8:51 AM,8/15/25 8:54 AM,3 minutes and 9 seconds,Zoila Salinas
Tink-a-Tako - Potranco,Esperansa Caviedes,102,25,Lobby,,8/15/25 8:51 AM,8/15/25 8:54 AM,3 minutes and 35 seconds,Zoila Salinas
Tink-a-Tako - Potranco,Silvia Hernandez,104,23,Lobby,,8/15/25 8:54 AM,8/15/25 8:54 AM,41 seconds,Zoila Salinas
Tink-a-Tako - Potranco,Candy  Del angel ,97,,Lobby,,8/15/25 8:49 AM,8/15/25 8:55 AM,6 minutes and 2 seconds,Zoila Salinas
Tink-a-Tako - Potranco,Rosa Compean,106,18,Lobby,,8/15/25 8:56 AM,8/15/25 8:59 AM,2 minutes and 24 seconds,Zoila Salinas
Tink-a-Tako - Potranco,Rosa Compean,106,18,Lobby,,8/15/25 8:58 AM,8/15/25 8:59 AM,29 seconds,Zoila Salinas
Tink-a-Tako - Potranco,Candy  Del angel ,105,,Lobby,,8/15/25 8:54 AM,8/15/25 8:59 AM,5 minutes and 15 seconds,Zoila Salinas
Tink-a-Tako - Potranco,Rosa Compean,93,37,Lobby,,8/15/25 8:59 AM,8/15/25 9:00 AM,16 seconds,Zoila Salinas
Tink-a-Tako - Potranco,Candy  Del angel ,103,,Lobby,,8/15/25 8:54 AM,8/15/25 9:01 AM,7 minutes and 11 seconds,Zoila Salinas
Tink-a-Tako - Potranco,Candy  Del angel ,110,,Lobby,,8/15/25 9:00 AM,8/15/25 9:01 AM,1 minute and 1 second,Zoila Salinas
Tink-a-Tako - Potranco,Silvia Hernandez,108,16,Lobby,,8/15/25 8:58 AM,8/15/25 9:04 AM,5 minutes and 9 seconds,Zoila Salinas
Tink-a-Tako - Potranco,Candy  Del angel ,109,,Lobby,,8/15/25 8:58 AM,8/15/25 9:04 AM,5 minutes and 28 seconds,Zoila Salinas
Tink-a-Tako - Potranco,Silvia Hernandez,108,16,,2,8/15/25 9:04 AM,8/15/25 9:07 AM,3 minutes and 13 seconds,Zoila Salinas
Tink-a-Tako - Potranco,Rosa Compean,93,37,,2,8/15/25 9:00 AM,8/15/25 9:07 AM,7 minutes and 4 seconds,Zoila Salinas
Tink-a-Tako - Potranco,Esperansa Caviedes,102,25,,2,8/15/25 8:54 AM,8/15/25 9:07 AM,12 minutes and 27 seconds,Zoila Salinas
Tink-a-Tako - Potranco,Rosa Compean,106,18,,2,8/15/25 8:59 AM,8/15/25 9:07 AM,8 minutes and 8 seconds,Zoila Salinas
Tink-a-Tako - Potranco,Rosa Compean,106,18,,2,8/15/25 8:59 AM,8/15/25 9:07 AM,8 minutes and 11 seconds,Zoila Salinas
Tink-a-Tako - Potranco,Silvia Hernandez,99,23,,2,8/15/25 8:52 AM,8/15/25 9:07 AM,15 minutes,Zoila Salinas
Tink-a-Tako - Potranco,Silvia Hernandez,104,23,,2,8/15/25 8:54 AM,8/15/25 9:07 AM,12 minutes and 34 seconds,Zoila Salinas
Tink-a-Tako - Potranco,Candy  Del angel ,111,,Lobby,,8/15/25 9:02 AM,8/15/25 9:08 AM,6 minutes and 32 seconds,Zoila Salinas
Tink-a-Tako - Potranco,Rosie  ORDONEZ,115,,Prep,,8/15/25 9:05 AM,8/15/25 9:10 AM,4 minutes and 28 seconds,Zoila Salinas
Tink-a-Tako - Potranco,Rosie  ORDONEZ,115,,Lobby,,8/15/25 9:05 AM,8/15/25 9:10 AM,4 minutes and 28 seconds,Zoila Salinas
Tink-a-Tako - Potranco,Esperansa Caviedes,107,41,Lobby,,8/15/25 9:02 AM,8/15/25 9:10 AM,8 minutes and 3 seconds,Zoila Salinas
Tink-a-Tako - Potranco,Norma Vasquez,112,31,Lobby,,8/15/25 9:04 AM,8/15/25 9:10 AM,6 minutes and 19 seconds,Zoila Salinas
Tink-a-Tako - Potranco,Melissa Urena,116,,Lobby,,8/15/25 9:07 AM,8/15/25 9:11 AM,3 minutes and 46 seconds,Zoila Salinas
Tink-a-Tako - Potranco,Melissa Urena,113,,Lobby,,8/15/25 9:04 AM,8/15/25 9:13 AM,8 minutes and 10 seconds,Zoila Salinas
Tink-a-Tako - Potranco,Melissa Urena,117,,Lobby,,8/15/25 9:07 AM,8/15/25 9:15 AM,7 minutes and 45 seconds,Zoila Salinas
Tink-a-Tako - Potranco,Melissa Urena,117,,Prep,,8/15/25 9:07 AM,8/15/25 9:15 AM,7 minutes and 45 seconds,Zoila Salinas
Tink-a-Tako - Potranco,Melissa Urena,118,,Lobby,,8/15/25 9:07 AM,8/15/25 9:16 AM,8 minutes and 16 seconds,Zoila Salinas
Tink-a-Tako - Potranco,Melissa Urena,119,,Lobby,,8/15/25 9:07 AM,8/15/25 9:17 AM,9 minutes and 11 seconds,Zoila Salinas
Tink-a-Tako - Potranco,Silvia Hernandez,120,20,Lobby,,8/15/25 9:10 AM,8/15/25 9:19 AM,8 minutes and 56 seconds,Zoila Salinas
Tink-a-Tako - Potranco,Norma Vasquez,112,31,,2,8/15/25 9:10 AM,8/15/25 9:19 AM,8 minutes and 36 seconds,Zoila Salinas
Tink-a-Tako - Potranco,Silvia Hernandez,120,20,,2,8/15/25 9:19 AM,8/15/25 9:19 AM,3 seconds,Zoila Salinas
Tink-a-Tako - Potranco,Esperansa Caviedes,107,41,,2,8/15/25 9:10 AM,8/15/25 9:19 AM,8 minutes and 54 seconds,Zoila Salinas
Tink-a-Tako - Potranco,Melissa Urena,126,,Lobby,,8/15/25 9:15 AM,8/15/25 9:19 AM,3 minutes and 56 seconds,Zoila Salinas
Tink-a-Tako - Potranco,Maria Majana,124,,Lobby,,8/15/25 9:14 AM,8/15/25 9:21 AM,6 minutes and 33 seconds,Zoila Salinas
Tink-a-Tako - Potranco,Esperansa Caviedes,107,41,Lobby,,8/15/25 9:21 AM,8/15/25 9:22 AM,56 seconds,Zoila Salinas
Tink-a-Tako - Potranco,Melissa Urena,128,,Lobby,,8/15/25 9:16 AM,8/15/25 9:22 AM,6 minutes and 20 seconds,Zoila Salinas
Tink-a-Tako - Potranco,Melissa Urena,127,,Lobby,,8/15/25 9:16 AM,8/15/25 9:23 AM,6 minutes and 58 seconds,Zoila Salinas
Tink-a-Tako - Potranco,Melissa Urena,131,,Lobby,,8/15/25 9:17 AM,8/15/25 9:23 AM,6 minutes and 37 seconds,Zoila Salinas
Tink-a-Tako - Potranco,Esperansa Caviedes,114,34,Lobby,,8/15/25 9:17 AM,8/15/25 9:24 AM,7 minutes and 13 seconds,Zoila Salinas
Tink-a-Tako - Potranco,Melissa Urena,129,,Lobby,,8/15/25 9:16 AM,8/15/25 9:25 AM,8 minutes and 20 seconds,Zoila Salinas
Tink-a-Tako - Potranco,Rosa Compean,132,42,Lobby,,8/15/25 9:19 AM,8/15/25 9:26 AM,6 minutes and 12 seconds,Zoila Salinas
Tink-a-Tako - Potranco,Rosa Compean,132,42,Tortillero,,8/15/25 9:19 AM,8/15/25 9:26 AM,6 minutes and 12 seconds,Zoila Salinas
Tink-a-Tako - Potranco,Rosa Compean,132,42,Prep,,8/15/25 9:19 AM,8/15/25 9:26 AM,6 minutes and 12 seconds,Zoila Salinas
Tink-a-Tako - Potranco,Rosa Compean,132,42,,2,8/15/25 9:26 AM,8/15/25 9:26 AM,9 seconds,Zoila Salinas
Tink-a-Tako - Potranco,Esperansa Caviedes,107,41,,2,8/15/25 9:22 AM,8/15/25 9:26 AM,4 minutes and 2 seconds,Zoila Salinas
Tink-a-Tako - Potranco,Esperansa Caviedes,114,34,,2,8/15/25 9:24 AM,8/15/25 9:27 AM,2 minutes and 47 seconds,Zoila Salinas
Tink-a-Tako - Potranco,Maria Majana,124,,,2,8/15/25 9:21 AM,8/15/25 9:27 AM,6 minutes and 21 seconds,Zoila Salinas
Tink-a-Tako - Potranco,Melissa Urena,130,,Lobby,,8/15/25 9:17 AM,8/15/25 9:29 AM,12 minutes and 17 seconds,Zoila Salinas
Tink-a-Tako - Potranco,Melissa Urena,139,,Lobby,,8/15/25 9:28 AM,8/15/25 9:30 AM,2 minutes and 29 seconds,Zoila Salinas
Tink-a-Tako - Potranco,Melissa Urena,142,,Prep,,8/15/25 9:29 AM,8/15/25 9:31 AM,2 minutes and 27 seconds,Zoila Salinas
Tink-a-Tako - Potranco,Melissa Urena,142,,Lobby,,8/15/25 9:29 AM,8/15/25 9:31 AM,2 minutes and 27 seconds,Zoila Salinas
Tink-a-Tako - Potranco,Norma Vasquez,135,10,Lobby,,8/15/25 9:23 AM,8/15/25 9:32 AM,8 minutes and 41 seconds,Zoila Salinas
Tink-a-Tako - Potranco,Melissa Urena,141,,Lobby,,8/15/25 9:28 AM,8/15/25 9:32 AM,3 minutes and 39 seconds,Zoila Salinas
Tink-a-Tako - Potranco,Silvia Hernandez,137,7,Lobby,,8/15/25 9:28 AM,8/15/25 9:33 AM,5 minutes and 4 seconds,Zoila Salinas
Tink-a-Tako - Potranco,Melissa Urena,138,,Lobby,,8/15/25 9:28 AM,8/15/25 9:33 AM,5 minutes and 28 seconds,Zoila Salinas
Tink-a-Tako - Potranco,Rosa Compean,134,,Lobby,,8/15/25 9:21 AM,8/15/25 9:33 AM,11 minutes and 48 seconds,Zoila Salinas
Tink-a-Tako - Potranco,Maria Majana,79,,Lobby,,8/15/25 9:31 AM,8/15/25 9:35 AM,3 minutes and 14 seconds,Zoila Salinas
Tink-a-Tako - Potranco,Melissa Urena,136,,Lobby,,8/15/25 9:27 AM,8/15/25 9:35 AM,7 minutes and 36 seconds,Zoila Salinas
Tink-a-Tako - Potranco,Melissa Urena,136,,Prep,,8/15/25 9:27 AM,8/15/25 9:35 AM,7 minutes and 36 seconds,Zoila Salinas
Tink-a-Tako - Potranco,Melissa Urena,140,,Prep,,8/15/25 9:28 AM,8/15/25 9:36 AM,7 minutes and 33 seconds,Zoila Salinas
Tink-a-Tako - Potranco,Melissa Urena,140,,Lobby,,8/15/25 9:28 AM,8/15/25 9:36 AM,7 minutes and 33 seconds,Zoila Salinas
Tink-a-Tako - Potranco,Melissa Urena,143,,Lobby,,8/15/25 9:29 AM,8/15/25 9:36 AM,6 minutes and 38 seconds,Zoila Salinas
Tink-a-Tako - Potranco,Melissa Urena,143,,Prep,,8/15/25 9:29 AM,8/15/25 9:36 AM,6 minutes and 38 seconds,Zoila Salinas
Tink-a-Tako - Potranco,Rosa Compean,145,25,Lobby,,8/15/25 9:35 AM,8/15/25 9:38 AM,3 minutes and 8 seconds,Zoila Salinas
Tink-a-Tako - Potranco,Esperansa Caviedes,133,24,Lobby,,8/15/25 9:36 AM,8/15/25 9:42 AM,5 minutes and 55 seconds,Zoila Salinas
Tink-a-Tako - Potranco,Silvia Hernandez,120,20,,2,8/15/25 9:42 AM,8/15/25 9:43 AM,1 minute and 2 seconds,Zoila Salinas
Tink-a-Tako - Potranco,Rosa Compean,145,25,,2,8/15/25 9:38 AM,8/15/25 9:44 AM,5 minutes and 37 seconds,Zoila Salinas
Tink-a-Tako - Potranco,Esperansa Caviedes,133,24,,2,8/15/25 9:42 AM,8/15/25 9:44 AM,2 minutes and 34 seconds,Zoila Salinas
Tink-a-Tako - Potranco,Norma Vasquez,135,10,,2,8/15/25 9:32 AM,8/15/25 9:44 AM,12 minutes and 38 seconds,Zoila Salinas
Tink-a-Tako - Potranco,Silvia Hernandez,137,7,,2,8/15/25 9:33 AM,8/15/25 9:44 AM,11 minutes and 19 seconds,Zoila Salinas
Tink-a-Tako - Potranco,Maria Majana,79,,,2,8/15/25 9:35 AM,8/15/25 9:44 AM,9 minutes and 27 seconds,Zoila Salinas
Tink-a-Tako - Potranco,Rosa Compean,134,,,2,8/15/25 9:33 AM,8/15/25 9:44 AM,10 minutes and 53 seconds,Zoila Salinas
Tink-a-Tako - Potranco,Norma Vasquez,149,32,Lobby,,8/15/25 9:41 AM,8/15/25 9:45 AM,4 minutes and 49 seconds,Zoila Salinas
Tink-a-Tako - Potranco,Maria Majana,144,,Lobby,,8/15/25 9:37 AM,8/15/25 9:46 AM,8 minutes and 22 seconds,Zoila Salinas
Tink-a-Tako - Potranco,Rosa Compean,132,42,Lobby,,8/15/25 9:41 AM,8/15/25 9:46 AM,5 minutes,Zoila Salinas
Tink-a-Tako - Potranco,Melissa Urena,147,,Lobby,,8/15/25 9:42 AM,8/15/25 9:48 AM,5 minutes and 12 seconds,Zoila Salinas
Tink-a-Tako - Potranco,Melissa Urena,147,,Lobby,,8/15/25 9:40 AM,8/15/25 9:48 AM,7 minutes and 16 seconds,Zoila Salinas
Tink-a-Tako - Potranco,Maria Majana,144,,,2,8/15/25 9:46 AM,8/15/25 9:48 AM,2 minutes and 21 seconds,Zoila Salinas
Tink-a-Tako - Potranco,Norma Vasquez,149,32,,2,8/15/25 9:45 AM,8/15/25 9:48 AM,2 minutes and 29 seconds,Zoila Salinas
Tink-a-Tako - Potranco,Rosa Compean,132,42,,2,8/15/25 9:46 AM,8/15/25 9:48 AM,1 minute and 35 seconds,Zoila Salinas
Tink-a-Tako - Potranco,Silvia Hernandez,120,20,Lobby,,8/15/25 9:42 AM,8/15/25 9:49 AM,6 minutes and 5 seconds,Zoila Salinas
Tink-a-Tako - Potranco,Melissa Urena,151,,Prep,,8/15/25 9:43 AM,8/15/25 9:49 AM,6 minutes and 7 seconds,Zoila Salinas
Tink-a-Tako - Potranco,Melissa Urena,151,,Lobby,,8/15/25 9:43 AM,8/15/25 9:49 AM,6 minutes and 7 seconds,Zoila Salinas
Tink-a-Tako - Potranco,Silvia Hernandez,120,20,,2,8/15/25 9:49 AM,8/15/25 9:49 AM,53 seconds,Zoila Salinas
Tink-a-Tako - Potranco,Melissa Urena,150,,Lobby,,8/15/25 9:43 AM,8/15/25 9:50 AM,6 minutes and 59 seconds,Zoila Salinas
Tink-a-Tako - Potranco,Melissa Urena,152,,Lobby,,8/15/25 9:43 AM,8/15/25 9:51 AM,7 minutes and 14 seconds,Zoila Salinas
Tink-a-Tako - Potranco,Silvia Hernandez,148,9,Lobby,,8/15/25 9:41 AM,8/15/25 9:51 AM,9 minutes and 43 seconds,Zoila Salinas
Tink-a-Tako - Potranco,Esperansa Caviedes,158,33,Lobby,,8/15/25 9:54 AM,8/15/25 9:56 AM,2 minutes and 19 seconds,Zoila Salinas
Tink-a-Tako - Potranco,Esperansa Caviedes,158,33,Prep,,8/15/25 9:54 AM,8/15/25 9:56 AM,2 minutes and 19 seconds,Zoila Salinas
Tink-a-Tako - Potranco,Melissa Urena,159,,Lobby,,8/15/25 9:54 AM,8/15/25 9:58 AM,3 minutes and 20 seconds,Zoila Salinas
Tink-a-Tako - Potranco,Melissa Urena,157,,Lobby,,8/15/25 9:53 AM,8/15/25 9:58 AM,5 minutes and 19 seconds,Zoila Salinas
Tink-a-Tako - Potranco,Melissa Urena,161,,Lobby,,8/15/25 9:57 AM,8/15/25 9:59 AM,1 minute and 50 seconds,Zoila Salinas
Tink-a-Tako - Potranco,Maria Majana,160,,Lobby,,8/15/25 9:57 AM,8/15/25 10:01 AM,3 minutes and 24 seconds,Zoila Salinas
Tink-a-Tako - Potranco,Melissa Urena,166,,Lobby,,8/15/25 10:00 AM,8/15/25 10:06 AM,5 minutes and 40 seconds,Zoila Salinas
Tink-a-Tako - Potranco,Melissa Urena,165,,Prep,,8/15/25 9:59 AM,8/15/25 10:07 AM,7 minutes and 33 seconds,Zoila Salinas
Tink-a-Tako - Potranco,Melissa Urena,165,,Lobby,,8/15/25 9:59 AM,8/15/25 10:07 AM,7 minutes and 33 seconds,Zoila Salinas
Tink-a-Tako - Potranco,Melissa Urena,157,,Lobby,,8/15/25 10:01 AM,8/15/25 10:09 AM,7 minutes and 37 seconds,Zoila Salinas
Tink-a-Tako - Potranco,Melissa Urena,164,,Lobby,,8/15/25 9:59 AM,8/15/25 10:10 AM,11 minutes and 15 seconds,Zoila Salinas
Tink-a-Tako - Potranco,Melissa Urena,164,,Prep,,8/15/25 9:59 AM,8/15/25 10:10 AM,11 minutes and 15 seconds,Zoila Salinas
Tink-a-Tako - Potranco,Melissa Urena,164,,Tortillero,,8/15/25 9:59 AM,8/15/25 10:10 AM,11 minutes and 15 seconds,Zoila Salinas
Tink-a-Tako - Potranco,Melissa Urena,168,,Lobby,,8/15/25 10:06 AM,8/15/25 10:11 AM,5 minutes and 20 seconds,Zoila Salinas
Tink-a-Tako - Potranco,Melissa Urena,176,,Prep,,8/15/25 10:10 AM,8/15/25 10:12 AM,2 minutes and 11 seconds,Zoila Salinas
Tink-a-Tako - Potranco,Melissa Urena,176,,Lobby,,8/15/25 10:10 AM,8/15/25 10:12 AM,2 minutes and 11 seconds,Zoila Salinas
Tink-a-Tako - Potranco,Maria Majana,160,,,2,8/15/25 10:01 AM,8/15/25 10:12 AM,11 minutes and 50 seconds,Zoila Salinas
Tink-a-Tako - Potranco,Esperansa Caviedes,158,33,,2,8/15/25 9:56 AM,8/15/25 10:13 AM,16 minutes and 33 seconds,Zoila Salinas
Tink-a-Tako - Potranco,Silvia Hernandez,148,9,,2,8/15/25 9:51 AM,8/15/25 10:13 AM,21 minutes and 47 seconds,Zoila Salinas
Tink-a-Tako - Potranco,Melissa Urena,168,,Lobby,,8/15/25 10:06 AM,8/15/25 10:13 AM,6 minutes and 23 seconds,Zoila Salinas
Tink-a-Tako - Potranco,Melissa Urena,168,,Prep,,8/15/25 10:06 AM,8/15/25 10:13 AM,6 minutes and 23 seconds,Zoila Salinas
Tink-a-Tako - Potranco,Rosa Compean,172,38,Lobby,,8/15/25 10:09 AM,8/15/25 10:13 AM,4 minutes,Zoila Salinas
Tink-a-Tako - Potranco,Melissa Urena,167,,Lobby,,8/15/25 10:06 AM,8/15/25 10:14 AM,8 minutes and 4 seconds,Zoila Salinas
Tink-a-Tako - Potranco,Melissa Urena,167,,Prep,,8/15/25 10:06 AM,8/15/25 10:14 AM,8 minutes and 4 seconds,Zoila Salinas
Tink-a-Tako - Potranco,Melissa Urena,168,,Lobby,,8/15/25 10:14 AM,8/15/25 10:14 AM,27 seconds,Zoila Salinas
Tink-a-Tako - Potranco,Rosa Compean,172,38,,2,8/15/25 10:13 AM,8/15/25 10:14 AM,38 seconds,Zoila Salinas
Tink-a-Tako - Potranco,Norma Vasquez,177,31,Lobby,,8/15/25 10:11 AM,8/15/25 10:15 AM,4 minutes and 16 seconds,Zoila Salinas
Tink-a-Tako - Potranco,Melissa Urena,170,,Lobby,,8/15/25 10:07 AM,8/15/25 10:16 AM,8 minutes and 39 seconds,Zoila Salinas
Tink-a-Tako - Potranco,Melissa Urena,170,,Prep,,8/15/25 10:07 AM,8/15/25 10:16 AM,8 minutes and 39 seconds,Zoila Salinas
Tink-a-Tako - Potranco,Melissa Urena,171,,Lobby,,8/15/25 10:07 AM,8/15/25 10:16 AM,8 minutes and 59 seconds,Zoila Salinas
Tink-a-Tako - Potranco,Melissa Urena,171,,Tortillero,,8/15/25 10:07 AM,8/15/25 10:16 AM,8 minutes and 59 seconds,Zoila Salinas
Tink-a-Tako - Potranco,Melissa Urena,171,,Prep,,8/15/25 10:07 AM,8/15/25 10:16 AM,8 minutes and 59 seconds,Zoila Salinas
Tink-a-Tako - Potranco,Esperansa Caviedes,175,17,Lobby,,8/15/25 10:14 AM,8/15/25 10:18 AM,4 minutes and 23 seconds,Zoila Salinas
Tink-a-Tako - Potranco,Maria Majana,173,,Lobby,,8/15/25 10:09 AM,8/15/25 10:18 AM,9 minutes and 17 seconds,Zoila Salinas
Tink-a-Tako - Potranco,Silvia Hernandez,180,24,Lobby,,8/15/25 10:16 AM,8/15/25 10:19 AM,3 minutes and 10 seconds,Zoila Salinas
Tink-a-Tako - Potranco,Silvia Hernandez,181,25,Lobby,,8/15/25 10:19 AM,8/15/25 10:22 AM,2 minutes and 55 seconds,Zoila Salinas
Tink-a-Tako - Potranco,Melissa Urena,182,,Lobby,,8/15/25 10:21 AM,8/15/25 10:23 AM,2 minutes and 38 seconds,Zoila Salinas
Tink-a-Tako - Potranco,Norma Vasquez,183,17,Lobby,,8/15/25 10:21 AM,8/15/25 10:25 AM,4 minutes and 1 second,Zoila Salinas
Tink-a-Tako - Potranco,Norma Vasquez,183,17,Tortillero,,8/15/25 10:21 AM,8/15/25 10:25 AM,4 minutes and 1 second,Zoila Salinas
Tink-a-Tako - Potranco,Norma Vasquez,183,17,Prep,,8/15/25 10:21 AM,8/15/25 10:25 AM,4 minutes and 1 second,Zoila Salinas
Tink-a-Tako - Potranco,Rosa Compean,185,10,Lobby,,8/15/25 10:22 AM,8/15/25 10:25 AM,3 minutes and 42 seconds,Zoila Salinas
Tink-a-Tako - Potranco,Rosa Compean,185,10,Tortillero,,8/15/25 10:22 AM,8/15/25 10:25 AM,3 minutes and 42 seconds,Zoila Salinas
Tink-a-Tako - Potranco,Rosa Compean,185,10,Prep,,8/15/25 10:22 AM,8/15/25 10:25 AM,3 minutes and 42 seconds,Zoila Salinas
Tink-a-Tako - Potranco,Melissa Urena,184,,Lobby,,8/15/25 10:22 AM,8/15/25 10:29 AM,7 minutes and 33 seconds,Zoila Salinas
Tink-a-Tako - Potranco,Esperansa Caviedes,187,1,Lobby,,8/15/25 10:29 AM,8/15/25 10:31 AM,1 minute and 44 seconds,Zoila Salinas
Tink-a-Tako - Potranco,Melissa Urena,186,,Prep,,8/15/25 10:28 AM,8/15/25 10:33 AM,4 minutes and 42 seconds,Zoila Salinas
Tink-a-Tako - Potranco,Melissa Urena,186,,Lobby,,8/15/25 10:28 AM,8/15/25 10:33 AM,4 minutes and 42 seconds,Zoila Salinas
Tink-a-Tako - Potranco,Melissa Urena,188,,Lobby,,8/15/25 10:30 AM,8/15/25 10:34 AM,3 minutes and 38 seconds,Zoila Salinas
Tink-a-Tako - Potranco,Melissa Urena,189,,Lobby,,8/15/25 10:31 AM,8/15/25 10:34 AM,3 minutes and 38 seconds,Zoila Salinas
Tink-a-Tako - Potranco,Melissa Urena,189,,Tortillero,,8/15/25 10:31 AM,8/15/25 10:34 AM,3 minutes and 38 seconds,Zoila Salinas
Tink-a-Tako - Potranco,Melissa Urena,189,,Prep,,8/15/25 10:31 AM,8/15/25 10:34 AM,3 minutes and 38 seconds,Zoila Salinas
Tink-a-Tako - Potranco,Melissa Urena,191,,Prep,,8/15/25 10:32 AM,8/15/25 10:35 AM,3 minutes and 21 seconds,Zoila Salinas
Tink-a-Tako - Potranco,Melissa Urena,191,,Lobby,,8/15/25 10:32 AM,8/15/25 10:35 AM,3 minutes and 21 seconds,Zoila Salinas
Tink-a-Tako - Potranco,Esperansa Caviedes,175,17,Lobby,,8/15/25 10:35 AM,8/15/25 10:35 AM,20 seconds,Zoila Salinas
Tink-a-Tako - Potranco,Melissa Urena,192,,Lobby,,8/15/25 10:32 AM,8/15/25 10:37 AM,4 minutes and 45 seconds,Zoila Salinas
Tink-a-Tako - Potranco,Melissa Urena,195,,Lobby,,8/15/25 10:38 AM,8/15/25 10:39 AM,1 minute and 19 seconds,Zoila Salinas
Tink-a-Tako - Potranco,Maria Majana,173,,,2,8/15/25 10:18 AM,8/15/25 10:39 AM,20 minutes and 54 seconds,Zoila Salinas
Tink-a-Tako - Potranco,Esperansa Caviedes,175,17,,2,8/15/25 10:18 AM,8/15/25 10:39 AM,21 minutes and 14 seconds,Zoila Salinas
Tink-a-Tako - Potranco,Norma Vasquez,177,31,,2,8/15/25 10:15 AM,8/15/25 10:39 AM,24 minutes and 8 seconds,Zoila Salinas
Tink-a-Tako - Potranco,Silvia Hernandez,180,24,,2,8/15/25 10:19 AM,8/15/25 10:39 AM,20 minutes and 18 seconds,Zoila Salinas
Tink-a-Tako - Potranco,Silvia Hernandez,181,25,,2,8/15/25 10:22 AM,8/15/25 10:39 AM,17 minutes and 48 seconds,Zoila Salinas
Tink-a-Tako - Potranco,Norma Vasquez,183,17,,2,8/15/25 10:25 AM,8/15/25 10:39 AM,14 minutes and 2 seconds,Zoila Salinas
Tink-a-Tako - Potranco,Rosa Compean,185,10,,2,8/15/25 10:25 AM,8/15/25 10:40 AM,14 minutes and 8 seconds,Zoila Salinas
Tink-a-Tako - Potranco,Esperansa Caviedes,187,1,,2,8/15/25 10:31 AM,8/15/25 10:40 AM,8 minutes and 53 seconds,Zoila Salinas
Tink-a-Tako - Potranco,Esperansa Caviedes,175,17,,2,8/15/25 10:35 AM,8/15/25 10:40 AM,4 minutes and 27 seconds,Zoila Salinas
Tink-a-Tako - Potranco,Esperansa Caviedes,194,32,Lobby,,8/15/25 10:37 AM,8/15/25 10:40 AM,3 minutes and 28 seconds,Zoila Salinas
Tink-a-Tako - Potranco,Esperansa Caviedes,194,32,Tortillero,,8/15/25 10:37 AM,8/15/25 10:40 AM,3 minutes and 28 seconds,Zoila Salinas
Tink-a-Tako - Potranco,Rosa Compean,193,15,Lobby,,8/15/25 10:35 AM,8/15/25 10:40 AM,5 minutes,Zoila Salinas
Tink-a-Tako - Potranco,Esperansa Caviedes,194,32,Lobby,,8/15/25 10:38 AM,8/15/25 10:40 AM,2 minutes and 30 seconds,Zoila Salinas
Tink-a-Tako - Potranco,Esperansa Caviedes,194,32,,2,8/15/25 10:40 AM,8/15/25 10:45 AM,4 minutes and 52 seconds,Zoila Salinas
Tink-a-Tako - Potranco,Esperansa Caviedes,194,32,,2,8/15/25 10:40 AM,8/15/25 10:45 AM,5 minutes and 5 seconds,Zoila Salinas
Tink-a-Tako - Potranco,Rosa Compean,193,15,,2,8/15/25 10:40 AM,8/15/25 10:45 AM,5 minutes and 6 seconds,Zoila Salinas
Tink-a-Tako - Potranco,Norma Vasquez,196,18,Lobby,,8/15/25 10:42 AM,8/15/25 10:46 AM,3 minutes and 58 seconds,Zoila Salinas
Tink-a-Tako - Potranco,Norma Vasquez,196,18,Tortillero,,8/15/25 10:42 AM,8/15/25 10:46 AM,3 minutes and 58 seconds,Zoila Salinas
Tink-a-Tako - Potranco,Norma Vasquez,196,18,Prep,,8/15/25 10:42 AM,8/15/25 10:46 AM,3 minutes and 58 seconds,Zoila Salinas
Tink-a-Tako - Potranco,Melissa Urena,198,,Prep,,8/15/25 10:43 AM,8/15/25 10:47 AM,3 minutes and 47 seconds,Zoila Salinas
Tink-a-Tako - Potranco,Melissa Urena,198,,Lobby,,8/15/25 10:43 AM,8/15/25 10:47 AM,3 minutes and 47 seconds,Zoila Salinas
Tink-a-Tako - Potranco,Esperansa Caviedes,197,39,Lobby,,8/15/25 10:43 AM,8/15/25 10:48 AM,5 minutes and 42 seconds,Zoila Salinas
Tink-a-Tako - Potranco,Rosa Compean,200,33,Lobby,,8/15/25 10:45 AM,8/15/25 10:48 AM,3 minutes and 31 seconds,Zoila Salinas
Tink-a-Tako - Potranco,Silvia Hernandez,199,37,Lobby,,8/15/25 10:44 AM,8/15/25 10:48 AM,4 minutes and 23 seconds,Zoila Salinas
Tink-a-Tako - Potranco,Melissa Urena,203,,Lobby,,8/15/25 10:49 AM,8/15/25 10:50 AM,1 minute and 23 seconds,Zoila Salinas
Tink-a-Tako - Potranco,Silvia Hernandez,199,37,,2,8/15/25 10:48 AM,8/15/25 10:51 AM,2 minutes and 23 seconds,Zoila Salinas
Tink-a-Tako - Potranco,Rosa Compean,200,33,,2,8/15/25 10:48 AM,8/15/25 10:51 AM,2 minutes and 33 seconds,Zoila Salinas
Tink-a-Tako - Potranco,Esperansa Caviedes,197,39,,2,8/15/25 10:48 AM,8/15/25 10:51 AM,2 minutes and 35 seconds,Zoila Salinas
Tink-a-Tako - Potranco,Norma Vasquez,196,18,,2,8/15/25 10:46 AM,8/15/25 10:51 AM,5 minutes and 16 seconds,Zoila Salinas
Tink-a-Tako - Potranco,Melissa Urena,206,,Lobby,,8/15/25 10:51 AM,8/15/25 10:52 AM,57 seconds,Zoila Salinas
Tink-a-Tako - Potranco,Melissa Urena,205,,Lobby,,8/15/25 10:50 AM,8/15/25 10:53 AM,2 minutes and 24 seconds,Zoila Salinas
Tink-a-Tako - Potranco,Norma Vasquez,207,31,Lobby,,8/15/25 10:51 AM,8/15/25 10:56 AM,5 minutes and 11 seconds,Zoila Salinas
Tink-a-Tako - Potranco,Norma Vasquez,207,31,,2,8/15/25 10:56 AM,8/15/25 10:56 AM,2 seconds,Zoila Salinas
Tink-a-Tako - Potranco,Esperansa Caviedes,209,21,Lobby,,8/15/25 10:51 AM,8/15/25 10:56 AM,4 minutes and 46 seconds,Zoila Salinas
Tink-a-Tako - Potranco,Melissa Urena,214,,Prep,,8/15/25 10:57 AM,8/15/25 11:00 AM,2 minutes and 51 seconds,Zoila Salinas
Tink-a-Tako - Potranco,Melissa Urena,214,,Lobby,,8/15/25 10:57 AM,8/15/25 11:00 AM,2 minutes and 51 seconds,Zoila Salinas
Tink-a-Tako - Potranco,Maria Majana,213,,Lobby,,8/15/25 10:59 AM,8/15/25 11:01 AM,2 minutes and 12 seconds,Zoila Salinas
Tink-a-Tako - Potranco,Melissa Urena,216,,Lobby,,8/15/25 11:01 AM,8/15/25 11:02 AM,56 seconds,Zoila Salinas
Tink-a-Tako - Potranco,Melissa Urena,215,,Lobby,,8/15/25 10:59 AM,8/15/25 11:04 AM,5 minutes and 13 seconds,Zoila Salinas
Tink-a-Tako - Potranco,Silvia Hernandez,210,24,Lobby,,8/15/25 11:00 AM,8/15/25 11:05 AM,5 minutes and 9 seconds,Zoila Salinas
Tink-a-Tako - Potranco,Rosa Compean,212,10,Lobby,,8/15/25 11:00 AM,8/15/25 11:06 AM,6 minutes and 5 seconds,Zoila Salinas
Tink-a-Tako - Potranco,Rosa Compean,212,10,Lobby,,8/15/25 11:01 AM,8/15/25 11:08 AM,7 minutes and 15 seconds,Zoila Salinas
Tink-a-Tako - Potranco,Norma Vasquez,218,42,Lobby,,8/15/25 11:03 AM,8/15/25 11:10 AM,6 minutes and 36 seconds,Zoila Salinas
Tink-a-Tako - Potranco,Norma Vasquez,218,42,Tortillero,,8/15/25 11:03 AM,8/15/25 11:10 AM,6 minutes and 36 seconds,Zoila Salinas
Tink-a-Tako - Potranco,Norma Vasquez,218,42,Prep,,8/15/25 11:03 AM,8/15/25 11:10 AM,6 minutes and 36 seconds,Zoila Salinas
Tink-a-Tako - Potranco,Melissa Urena,222,,Lobby,,8/15/25 11:04 AM,8/15/25 11:13 AM,9 minutes and 5 seconds,Zoila Salinas
Tink-a-Tako - Potranco,Maria Majana,213,,,2,8/15/25 11:01 AM,8/15/25 11:14 AM,13 minutes,Zoila Salinas
Tink-a-Tako - Potranco,Rosa Compean,212,10,,2,8/15/25 11:06 AM,8/15/25 11:14 AM,7 minutes and 30 seconds,Zoila Salinas
Tink-a-Tako - Potranco,Silvia Hernandez,210,24,,2,8/15/25 11:05 AM,8/15/25 11:14 AM,9 minutes and 10 seconds,Zoila Salinas
Tink-a-Tako - Potranco,Esperansa Caviedes,209,21,,2,8/15/25 10:56 AM,8/15/25 11:14 AM,18 minutes and 2 seconds,Zoila Salinas
Tink-a-Tako - Potranco,Rosa Compean,212,10,,2,8/15/25 11:08 AM,8/15/25 11:14 AM,5 minutes and 42 seconds,Zoila Salinas
Tink-a-Tako - Potranco,Norma Vasquez,218,42,,2,8/15/25 11:10 AM,8/15/25 11:14 AM,4 minutes and 26 seconds,Zoila Salinas
Tink-a-Tako - Potranco,Rosa Compean,193,15,,2,8/15/25 11:05 AM,8/15/25 11:14 AM,9 minutes and 33 seconds,Zoila Salinas
Tink-a-Tako - Potranco,Silvia Hernandez,221,23,Lobby,,8/15/25 11:04 AM,8/15/25 11:16 AM,11 minutes and 22 seconds,Zoila Salinas
Tink-a-Tako - Potranco,Silvia Hernandez,221,23,Tortillero,,8/15/25 11:04 AM,8/15/25 11:16 AM,11 minutes and 22 seconds,Zoila Salinas
Tink-a-Tako - Potranco,Silvia Hernandez,221,23,Prep,,8/15/25 11:04 AM,8/15/25 11:16 AM,11 minutes and 22 seconds,Zoila Salinas
Tink-a-Tako - Potranco,Melissa Urena,219,,Lobby,,8/15/25 11:03 AM,8/15/25 11:18 AM,14 minutes and 40 seconds,Zoila Salinas
Tink-a-Tako - Potranco,Silvia Hernandez,227,11,Lobby,,8/15/25 11:11 AM,8/15/25 11:18 AM,7 minutes and 4 seconds,Zoila Salinas
Tink-a-Tako - Potranco,Norma Vasquez,229,16,Lobby,,8/15/25 11:16 AM,8/15/25 11:20 AM,3 minutes and 20 seconds,Zoila Salinas
Tink-a-Tako - Potranco,Norma Vasquez,229,16,Tortillero,,8/15/25 11:16 AM,8/15/25 11:20 AM,3 minutes and 20 seconds,Zoila Salinas
Tink-a-Tako - Potranco,Norma Vasquez,229,16,Prep,,8/15/25 11:16 AM,8/15/25 11:20 AM,3 minutes and 20 seconds,Zoila Salinas
Tink-a-Tako - Potranco,Melissa Urena,224,,Tortillero,,8/15/25 11:07 AM,8/15/25 11:20 AM,13 minutes and 28 seconds,Zoila Salinas
Tink-a-Tako - Potranco,Melissa Urena,224,,Lobby,,8/15/25 11:07 AM,8/15/25 11:20 AM,13 minutes and 28 seconds,Zoila Salinas
Tink-a-Tako - Potranco,Melissa Urena,224,,Prep,,8/15/25 11:07 AM,8/15/25 11:20 AM,13 minutes and 28 seconds,Zoila Salinas
Tink-a-Tako - Potranco,Esperansa Caviedes,220,1,Lobby,,8/15/25 11:14 AM,8/15/25 11:20 AM,5 minutes and 59 seconds,Zoila Salinas
Tink-a-Tako - Potranco,Esperansa Caviedes,228,8,Lobby,,8/15/25 11:19 AM,8/15/25 11:21 AM,2 minutes and 27 seconds,Zoila Salinas
Tink-a-Tako - Potranco,Rosa Compean,212,10,Lobby,,8/15/25 11:20 AM,8/15/25 11:21 AM,1 minute and 36 seconds,Zoila Salinas
Tink-a-Tako - Potranco,Melissa Urena,225,,Lobby,,8/15/25 11:07 AM,8/15/25 11:21 AM,13 minutes and 47 seconds,Zoila Salinas
Tink-a-Tako - Potranco,Melissa Urena,225,,Prep,,8/15/25 11:07 AM,8/15/25 11:21 AM,13 minutes and 47 seconds,Zoila Salinas
Tink-a-Tako - Potranco,Rosa Compean,230,41,Lobby,,8/15/25 11:19 AM,8/15/25 11:21 AM,1 minute and 48 seconds,Zoila Salinas
Tink-a-Tako - Potranco,Silvia Hernandez,227,11,,2,8/15/25 11:18 AM,8/15/25 11:22 AM,3 minutes and 43 seconds,Zoila Salinas
Tink-a-Tako - Potranco,Silvia Hernandez,221,23,,2,8/15/25 11:16 AM,8/15/25 11:22 AM,6 minutes and 13 seconds,Zoila Salinas
Tink-a-Tako - Potranco,Esperansa Caviedes,220,1,,2,8/15/25 11:20 AM,8/15/25 11:22 AM,1 minute and 49 seconds,Zoila Salinas
Tink-a-Tako - Potranco,Melissa Urena,226,,Lobby,,8/15/25 11:10 AM,8/15/25 11:24 AM,14 minutes and 43 seconds,Zoila Salinas
Tink-a-Tako - Potranco,Esperansa Caviedes,228,8,,2,8/15/25 11:21 AM,8/15/25 11:26 AM,4 minutes and 38 seconds,Zoila Salinas
Tink-a-Tako - Potranco,Rosa Compean,230,41,,2,8/15/25 11:21 AM,8/15/25 11:26 AM,4 minutes and 29 seconds,Zoila Salinas
Tink-a-Tako - Potranco,Rosa Compean,212,10,,2,8/15/25 11:21 AM,8/15/25 11:26 AM,4 minutes and 30 seconds,Zoila Salinas
Tink-a-Tako - Potranco,Norma Vasquez,229,16,,2,8/15/25 11:20 AM,8/15/25 11:26 AM,5 minutes and 51 seconds,Zoila Salinas
Tink-a-Tako - Potranco,Norma Vasquez,238,18,Lobby,,8/15/25 11:25 AM,8/15/25 11:26 AM,1 minute and 33 seconds,Zoila Salinas
Tink-a-Tako - Potranco,Melissa Urena,234,,Lobby,,8/15/25 11:21 AM,8/15/25 11:26 AM,4 minutes and 57 seconds,Zoila Salinas
Tink-a-Tako - Potranco,Silvia Hernandez,221,23,Lobby,,8/15/25 11:24 AM,8/15/25 11:26 AM,2 minutes and 10 seconds,Zoila Salinas
Tink-a-Tako - Potranco,Melissa Urena,231,,Lobby,,8/15/25 11:20 AM,8/15/25 11:27 AM,6 minutes and 56 seconds,Zoila Salinas
Tink-a-Tako - Potranco,Melissa Urena,231,,Prep,,8/15/25 11:20 AM,8/15/25 11:27 AM,6 minutes and 56 seconds,Zoila Salinas
Tink-a-Tako - Potranco,Silvia Hernandez,233,35,Lobby,,8/15/25 11:22 AM,8/15/25 11:31 AM,9 minutes and 7 seconds,Zoila Salinas
Tink-a-Tako - Potranco,Rosa Compean,236,25,Lobby,,8/15/25 11:23 AM,8/15/25 11:31 AM,8 minutes and 12 seconds,Zoila Salinas
Tink-a-Tako - Potranco,Melissa Urena,232,,Lobby,,8/15/25 11:21 AM,8/15/25 11:32 AM,11 minutes and 3 seconds,Zoila Salinas
Tink-a-Tako - Potranco,Melissa Urena,235,,Prep,,8/15/25 11:22 AM,8/15/25 11:32 AM,10 minutes and 45 seconds,Zoila Salinas
Tink-a-Tako - Potranco,Melissa Urena,235,,Lobby,,8/15/25 11:22 AM,8/15/25 11:32 AM,10 minutes and 45 seconds,Zoila Salinas
Tink-a-Tako - Potranco,Rosa Compean,236,25,,2,8/15/25 11:31 AM,8/15/25 11:34 AM,2 minutes and 16 seconds,Zoila Salinas
Tink-a-Tako - Potranco,Silvia Hernandez,233,35,,2,8/15/25 11:31 AM,8/15/25 11:34 AM,2 minutes and 18 seconds,Zoila Salinas
Tink-a-Tako - Potranco,Norma Vasquez,238,18,Lobby,,8/15/25 11:24 AM,8/15/25 11:34 AM,9 minutes and 55 seconds,Zoila Salinas
Tink-a-Tako - Potranco,Esperansa Caviedes,239,12,Lobby,,8/15/25 11:27 AM,8/15/25 11:34 AM,7 minutes and 36 seconds,Zoila Salinas
Tink-a-Tako - Potranco,Esperansa Caviedes,239,12,Prep,,8/15/25 11:27 AM,8/15/25 11:34 AM,7 minutes and 36 seconds,Zoila Salinas
Tink-a-Tako - Potranco,Rosa Compean,240,32,Lobby,,8/15/25 11:29 AM,8/15/25 11:36 AM,6 minutes and 29 seconds,Zoila Salinas
Tink-a-Tako - Potranco,Rosa Compean,240,32,Tortillero,,8/15/25 11:29 AM,8/15/25 11:36 AM,6 minutes and 29 seconds,Zoila Salinas
Tink-a-Tako - Potranco,Rosa Compean,240,32,Prep,,8/15/25 11:29 AM,8/15/25 11:36 AM,6 minutes and 29 seconds,Zoila Salinas
Tink-a-Tako - Potranco,Maria Majana,237,,Lobby,,8/15/25 11:30 AM,8/15/25 11:37 AM,6 minutes and 7 seconds,Zoila Salinas
Tink-a-Tako - Potranco,Esperansa Caviedes,239,12,,2,8/15/25 11:34 AM,8/15/25 11:37 AM,2 minutes and 26 seconds,Zoila Salinas
Tink-a-Tako - Potranco,Maria Majana,237,,,2,8/15/25 11:37 AM,8/15/25 11:37 AM,10 seconds,Zoila Salinas
Tink-a-Tako - Potranco,Rosa Compean,240,32,,2,8/15/25 11:36 AM,8/15/25 11:37 AM,1 minute and 10 seconds,Zoila Salinas
Tink-a-Tako - Potranco,Norma Vasquez,238,18,,2,8/15/25 11:26 AM,8/15/25 11:37 AM,10 minutes and 40 seconds,Zoila Salinas
Tink-a-Tako - Potranco,Silvia Hernandez,221,23,,2,8/15/25 11:26 AM,8/15/25 11:37 AM,10 minutes and 24 seconds,Zoila Salinas
Tink-a-Tako - Potranco,Norma Vasquez,238,18,,2,8/15/25 11:34 AM,8/15/25 11:37 AM,2 minutes and 41 seconds,Zoila Salinas
Tink-a-Tako - Potranco,Melissa Urena,241,,Lobby,,8/15/25 11:29 AM,8/15/25 11:39 AM,9 minutes and 59 seconds,Zoila Salinas
Tink-a-Tako - Potranco,Melissa Urena,241,,Prep,,8/15/25 11:29 AM,8/15/25 11:39 AM,9 minutes and 59 seconds,Zoila Salinas
Tink-a-Tako - Potranco,Norma Vasquez,247,40,,2,8/15/25 11:33 AM,8/15/25 11:40 AM,6 minutes and 18 seconds,Zoila Salinas
Tink-a-Tako - Potranco,Esperansa Caviedes,243,26,Lobby,,8/15/25 11:30 AM,8/15/25 11:40 AM,9 minutes and 44 seconds,Zoila Salinas
Tink-a-Tako - Potranco,Melissa Urena,246,,Lobby,,8/15/25 11:33 AM,8/15/25 11:40 AM,7 minutes and 31 seconds,Zoila Salinas
Tink-a-Tako - Potranco,Melissa Urena,245,,Lobby,,8/15/25 11:32 AM,8/15/25 11:41 AM,9 minutes and 5 seconds,Zoila Salinas
Tink-a-Tako - Potranco,Silvia Hernandez,248,20,Lobby,,8/15/25 11:37 AM,8/15/25 11:41 AM,4 minutes and 13 seconds,Zoila Salinas
Tink-a-Tako - Potranco,Silvia Hernandez,248,20,,2,8/15/25 11:41 AM,8/15/25 11:43 AM,2 minutes and 5 seconds,Zoila Salinas
Tink-a-Tako - Potranco,Rosa Compean,249,15,Lobby,,8/15/25 11:37 AM,8/15/25 11:44 AM,6 minutes and 10 seconds,Zoila Salinas
Tink-a-Tako - Potranco,Melissa Urena,250,,Lobby,,8/15/25 11:40 AM,8/15/25 11:45 AM,5 minutes and 53 seconds,Zoila Salinas
Tink-a-Tako - Potranco,Norma Vasquez,247,40,Lobby,,8/15/25 11:45 AM,8/15/25 11:46 AM,43 seconds,Zoila Salinas
Tink-a-Tako - Potranco,Norma Vasquez,247,40,Prep,,8/15/25 11:45 AM,8/15/25 11:46 AM,43 seconds,Zoila Salinas
Tink-a-Tako - Potranco,Melissa Urena,251,,Lobby,,8/15/25 11:40 AM,8/15/25 11:47 AM,6 minutes and 50 seconds,Zoila Salinas
Tink-a-Tako - Potranco,Melissa Urena,256,,Lobby,,8/15/25 11:43 AM,8/15/25 11:48 AM,5 minutes and 20 seconds,Zoila Salinas
Tink-a-Tako - Potranco,Melissa Urena,252,,Prep,,8/15/25 11:40 AM,8/15/25 11:49 AM,9 minutes and 4 seconds,Zoila Salinas
Tink-a-Tako - Potranco,Melissa Urena,252,,Lobby,,8/15/25 11:40 AM,8/15/25 11:49 AM,9 minutes and 4 seconds,Zoila Salinas
Tink-a-Tako - Potranco,Melissa Urena,253,,Lobby,,8/15/25 11:40 AM,8/15/25 11:50 AM,9 minutes and 30 seconds,Zoila Salinas
Tink-a-Tako - Potranco,Esperansa Caviedes,243,26,,2,8/15/25 11:40 AM,8/15/25 11:50 AM,10 minutes and 16 seconds,Zoila Salinas
Tink-a-Tako - Potranco,Rosa Compean,249,15,,2,8/15/25 11:44 AM,8/15/25 11:50 AM,6 minutes and 39 seconds,Zoila Salinas
Tink-a-Tako - Potranco,Melissa Urena,262,,Prep,,8/15/25 11:51 AM,8/15/25 11:51 AM,36 seconds,Zoila Salinas
Tink-a-Tako - Potranco,Melissa Urena,262,,Lobby,,8/15/25 11:51 AM,8/15/25 11:51 AM,36 seconds,Zoila Salinas
Tink-a-Tako - Potranco,Norma Vasquez,201,17,Lobby,,8/15/25 11:49 AM,8/15/25 11:53 AM,3 minutes and 42 seconds,Zoila Salinas
Tink-a-Tako - Potranco,Esperansa Caviedes,259,19,Lobby,,8/15/25 11:46 AM,8/15/25 11:53 AM,7 minutes and 36 seconds,Zoila Salinas
Tink-a-Tako - Potranco,Esperansa Caviedes,259,19,Tortillero,,8/15/25 11:46 AM,8/15/25 11:53 AM,7 minutes and 36 seconds,Zoila Salinas
Tink-a-Tako - Potranco,Rosa Compean,263,10,Lobby,,8/15/25 11:52 AM,8/15/25 11:55 AM,3 minutes and 24 seconds,Zoila Salinas
Tink-a-Tako - Potranco,Melissa Urena,261,,Lobby,,8/15/25 11:50 AM,8/15/25 11:55 AM,4 minutes and 57 seconds,Zoila Salinas
Tink-a-Tako - Potranco,Silvia Hernandez,260,24,Lobby,,8/15/25 11:50 AM,8/15/25 11:57 AM,7 minutes and 6 seconds,Zoila Salinas
Tink-a-Tako - Potranco,Esperansa Caviedes,266,36,Lobby,,8/15/25 11:57 AM,8/15/25 11:57 AM,54 seconds,Zoila Salinas
Tink-a-Tako - Potranco,Esperansa Caviedes,266,36,Tortillero,,8/15/25 11:57 AM,8/15/25 11:57 AM,54 seconds,Zoila Salinas
Tink-a-Tako - Potranco,Esperansa Caviedes,266,36,Prep,,8/15/25 11:57 AM,8/15/25 11:57 AM,54 seconds,Zoila Salinas
Tink-a-Tako - Potranco,Melissa Urena,264,,Lobby,,8/15/25 11:56 AM,8/15/25 12:00 PM,3 minutes and 34 seconds,Zoila Salinas
Tink-a-Tako - Potranco,Rosa Compean,263,10,,2,8/15/25 11:55 AM,8/15/25 12:01 PM,5 minutes and 55 seconds,Zoila Salinas
Tink-a-Tako - Potranco,Norma Vasquez,201,17,,2,8/15/25 11:53 AM,8/15/25 12:01 PM,7 minutes and 49 seconds,Zoila Salinas
Tink-a-Tako - Potranco,Esperansa Caviedes,259,19,,2,8/15/25 11:53 AM,8/15/25 12:01 PM,7 minutes and 34 seconds,Zoila Salinas
Tink-a-Tako - Potranco,Esperansa Caviedes,266,36,,2,8/15/25 11:57 AM,8/15/25 12:01 PM,3 minutes and 39 seconds,Zoila Salinas
Tink-a-Tako - Potranco,Silvia Hernandez,260,24,,2,8/15/25 11:57 AM,8/15/25 12:01 PM,4 minutes and 15 seconds,Zoila Salinas
Tink-a-Tako - Potranco,Norma Vasquez,247,40,,2,8/15/25 11:46 AM,8/15/25 12:01 PM,15 minutes and 15 seconds,Zoila Salinas
Tink-a-Tako - Potranco,Melissa Urena,272,,Lobby,,8/15/25 12:02 PM,8/15/25 12:03 PM,18 seconds,Zoila Salinas
Tink-a-Tako - Potranco,Silvia Hernandez,265,11,Lobby,,8/15/25 11:57 AM,8/15/25 12:03 PM,5 minutes and 40 seconds,Zoila Salinas
Tink-a-Tako - Potranco,Norma Vasquez,268,37,Lobby,,8/15/25 11:58 AM,8/15/25 12:03 PM,5 minutes and 17 seconds,Zoila Salinas
Tink-a-Tako - Potranco,Maria Majana,255,,Lobby,,8/15/25 11:46 AM,8/15/25 12:05 PM,18 minutes and 27 seconds,Zoila Salinas
Tink-a-Tako - Potranco,Melissa Urena,269,,Prep,,8/15/25 11:58 AM,8/15/25 12:06 PM,7 minutes and 36 seconds,Zoila Salinas
Tink-a-Tako - Potranco,Melissa Urena,269,,Lobby,,8/15/25 11:58 AM,8/15/25 12:06 PM,7 minutes and 36 seconds,Zoila Salinas
Tink-a-Tako - Potranco,Melissa Urena,269,,Lobby,,8/15/25 12:04 PM,8/15/25 12:07 PM,3 minutes and 23 seconds,Zoila Salinas
Tink-a-Tako - Potranco,Melissa Urena,276,,Prep,,8/15/25 12:12 PM,8/15/25 12:15 PM,3 minutes and 42 seconds,Zoila Salinas
Tink-a-Tako - Potranco,Melissa Urena,276,,Lobby,,8/15/25 12:12 PM,8/15/25 12:15 PM,3 minutes and 42 seconds,Zoila Salinas
Tink-a-Tako - Potranco,Melissa Urena,278,,Prep,,8/15/25 12:13 PM,8/15/25 12:18 PM,4 minutes and 34 seconds,Zoila Salinas
Tink-a-Tako - Potranco,Melissa Urena,278,,Lobby,,8/15/25 12:13 PM,8/15/25 12:18 PM,4 minutes and 34 seconds,Zoila Salinas
Tink-a-Tako - Potranco,Maria Majana,275,,Lobby,,8/15/25 12:08 PM,8/15/25 12:20 PM,11 minutes and 39 seconds,Zoila Salinas
Tink-a-Tako - Potranco,Norma Vasquez,281,23,Lobby,,8/15/25 12:20 PM,8/15/25 12:24 PM,3 minutes and 31 seconds,Zoila Salinas
Tink-a-Tako - Potranco,Rosa Compean,277,9,Lobby,,8/15/25 12:13 PM,8/15/25 12:24 PM,11 minutes and 20 seconds,Zoila Salinas
Tink-a-Tako - Potranco,Melissa Urena,280,,Lobby,,8/15/25 12:20 PM,8/15/25 12:24 PM,4 minutes and 26 seconds,Zoila Salinas
Tink-a-Tako - Potranco,Melissa Urena,279,,Lobby,,8/15/25 12:17 PM,8/15/25 12:25 PM,8 minutes and 17 seconds,Zoila Salinas
Tink-a-Tako - Potranco,Melissa Urena,279,,Prep,,8/15/25 12:17 PM,8/15/25 12:25 PM,8 minutes and 17 seconds,Zoila Salinas
Tink-a-Tako - Potranco,Rosa Compean,277,9,,2,8/15/25 12:24 PM,8/15/25 12:27 PM,2 minutes and 58 seconds,Zoila Salinas
Tink-a-Tako - Potranco,Maria Majana,275,,,2,8/15/25 12:20 PM,8/15/25 12:27 PM,7 minutes and 2 seconds,Zoila Salinas
Tink-a-Tako - Potranco,Maria Majana,255,,,2,8/15/25 12:05 PM,8/15/25 12:27 PM,22 minutes and 30 seconds,Zoila Salinas
Tink-a-Tako - Potranco,Silvia Hernandez,265,11,,2,8/15/25 12:03 PM,8/15/25 12:27 PM,24 minutes and 3 seconds,Zoila Salinas
Tink-a-Tako - Potranco,Norma Vasquez,268,37,,2,8/15/25 12:03 PM,8/15/25 12:27 PM,23 minutes and 58 seconds,Zoila Salinas
Tink-a-Tako - Potranco,Norma Vasquez,281,23,,2,8/15/25 12:24 PM,8/15/25 12:27 PM,3 minutes and 2 seconds,Zoila Salinas
Tink-a-Tako - Potranco,Esperansa Caviedes,266,36,Lobby,,8/15/25 12:23 PM,8/15/25 12:28 PM,5 minutes and 17 seconds,Zoila Salinas
Tink-a-Tako - Potranco,Esperansa Caviedes,266,36,Tortillero,,8/15/25 12:23 PM,8/15/25 12:28 PM,5 minutes and 17 seconds,Zoila Salinas
Tink-a-Tako - Potranco,Esperansa Caviedes,266,36,Prep,,8/15/25 12:23 PM,8/15/25 12:28 PM,5 minutes and 17 seconds,Zoila Salinas
Tink-a-Tako - Potranco,Rosa Compean,287,7,Lobby,,8/15/25 12:32 PM,8/15/25 12:36 PM,3 minutes and 33 seconds,Zoila Salinas
Tink-a-Tako - Potranco,Norma Vasquez,281,23,Lobby,,8/15/25 12:30 PM,8/15/25 12:36 PM,5 minutes and 51 seconds,Zoila Salinas
Tink-a-Tako - Potranco,Melissa Urena,288,,Lobby,,8/15/25 12:34 PM,8/15/25 12:37 PM,2 minutes and 55 seconds,Zoila Salinas
Tink-a-Tako - Potranco,Esperansa Caviedes,285,37,Lobby,,8/15/25 12:30 PM,8/15/25 12:37 PM,6 minutes and 53 seconds,Zoila Salinas
Tink-a-Tako - Potranco,Norma Vasquez,284,12,Lobby,,8/15/25 12:30 PM,8/15/25 12:37 PM,7 minutes and 9 seconds,Zoila Salinas
Tink-a-Tako - Potranco,Norma Vasquez,284,12,Tortillero,,8/15/25 12:30 PM,8/15/25 12:37 PM,7 minutes and 9 seconds,Zoila Salinas
Tink-a-Tako - Potranco,Norma Vasquez,284,12,Prep,,8/15/25 12:30 PM,8/15/25 12:37 PM,7 minutes and 9 seconds,Zoila Salinas
Tink-a-Tako - Potranco,Melissa Urena,283,,Lobby,,8/15/25 12:30 PM,8/15/25 12:38 PM,7 minutes and 25 seconds,Zoila Salinas
Tink-a-Tako - Potranco,Melissa Urena,291,,Lobby,,8/15/25 12:38 PM,8/15/25 12:38 PM,42 seconds,Zoila Salinas
Tink-a-Tako - Potranco,Melissa Urena,292,,Lobby,,8/15/25 12:39 PM,8/15/25 12:39 PM,24 seconds,Zoila Salinas
Tink-a-Tako - Potranco,Norma Vasquez,284,12,Lobby,,8/15/25 12:39 PM,8/15/25 12:40 PM,17 seconds,Zoila Salinas
Tink-a-Tako - Potranco,Silvia Hernandez,290,21,Lobby,,8/15/25 12:36 PM,8/15/25 12:41 PM,5 minutes and 21 seconds,Zoila Salinas
Tink-a-Tako - Potranco,Esperansa Caviedes,285,37,,2,8/15/25 12:37 PM,8/15/25 12:42 PM,5 minutes and 38 seconds,Zoila Salinas
Tink-a-Tako - Potranco,Rosa Compean,287,7,,2,8/15/25 12:36 PM,8/15/25 12:42 PM,6 minutes and 49 seconds,Zoila Salinas
Tink-a-Tako - Potranco,Esperansa Caviedes,266,36,,2,8/15/25 12:28 PM,8/15/25 12:42 PM,14 minutes and 37 seconds,Zoila Salinas
Tink-a-Tako - Potranco,Norma Vasquez,284,12,,2,8/15/25 12:37 PM,8/15/25 12:42 PM,5 minutes and 33 seconds,Zoila Salinas
Tink-a-Tako - Potranco,Norma Vasquez,284,12,,2,8/15/25 12:40 PM,8/15/25 12:42 PM,2 minutes and 56 seconds,Zoila Salinas
Tink-a-Tako - Potranco,Melissa Urena,286,,Lobby,,8/15/25 12:32 PM,8/15/25 12:43 PM,11 minutes and 13 seconds,Zoila Salinas
Tink-a-Tako - Potranco,Norma Vasquez,281,23,,2,8/15/25 12:36 PM,8/15/25 12:44 PM,7 minutes and 58 seconds,Zoila Salinas
Tink-a-Tako - Potranco,Silvia Hernandez,290,21,,2,8/15/25 12:41 PM,8/15/25 12:44 PM,2 minutes and 20 seconds,Zoila Salinas
Tink-a-Tako - Potranco,Rosa Compean,293,18,Lobby,,8/15/25 12:42 PM,8/15/25 12:46 PM,3 minutes and 51 seconds,Zoila Salinas
Tink-a-Tako - Potranco,Norma Vasquez,294,22,Lobby,,8/15/25 12:42 PM,8/15/25 12:46 PM,3 minutes and 35 seconds,Zoila Salinas
Tink-a-Tako - Potranco,Norma Vasquez,294,22,Tortillero,,8/15/25 12:42 PM,8/15/25 12:46 PM,3 minutes and 35 seconds,Zoila Salinas
Tink-a-Tako - Potranco,Norma Vasquez,294,22,Prep,,8/15/25 12:42 PM,8/15/25 12:46 PM,3 minutes and 35 seconds,Zoila Salinas
Tink-a-Tako - Potranco,Norma Vasquez,294,22,,2,8/15/25 12:46 PM,8/15/25 12:47 PM,1 minute and 5 seconds,Zoila Salinas
Tink-a-Tako - Potranco,Rosa Compean,293,18,,2,8/15/25 12:46 PM,8/15/25 12:47 PM,1 minute and 7 seconds,Zoila Salinas
Tink-a-Tako - Potranco,Melissa Urena,296,,Tortillero,,8/15/25 12:44 PM,8/15/25 12:47 PM,2 minutes and 58 seconds,Zoila Salinas
Tink-a-Tako - Potranco,Melissa Urena,296,,Lobby,,8/15/25 12:44 PM,8/15/25 12:47 PM,2 minutes and 58 seconds,Zoila Salinas
Tink-a-Tako - Potranco,Melissa Urena,291,,Lobby,,8/15/25 12:44 PM,8/15/25 12:47 PM,2 minutes and 36 seconds,Zoila Salinas
Tink-a-Tako - Potranco,Silvia Hernandez,299,32,Lobby,,8/15/25 12:49 PM,8/15/25 12:51 PM,1 minute and 41 seconds,Zoila Salinas
Tink-a-Tako - Potranco,Melissa Urena,298,,Lobby,,8/15/25 12:49 PM,8/15/25 12:51 PM,2 minutes and 35 seconds,Zoila Salinas
Tink-a-Tako - Potranco,Rosa Compean,287,7,Lobby,,8/15/25 12:51 PM,8/15/25 12:51 PM,39 seconds,Zoila Salinas
Tink-a-Tako - Potranco,Esperansa Caviedes,295,20,Lobby,,8/15/25 12:45 PM,8/15/25 12:51 PM,6 minutes and 18 seconds,Zoila Salinas
Tink-a-Tako - Potranco,Rosa Compean,287,7,,2,8/15/25 12:51 PM,8/15/25 12:52 PM,25 seconds,Zoila Salinas
Tink-a-Tako - Potranco,Esperansa Caviedes,295,20,,2,8/15/25 12:51 PM,8/15/25 12:52 PM,24 seconds,Zoila Salinas
Tink-a-Tako - Potranco,Melissa Urena,300,,Prep,,8/15/25 12:50 PM,8/15/25 12:55 PM,4 minutes and 46 seconds,Zoila Salinas
Tink-a-Tako - Potranco,Melissa Urena,300,,Lobby,,8/15/25 12:50 PM,8/15/25 12:55 PM,4 minutes and 46 seconds,Zoila Salinas
Tink-a-Tako - Potranco,Norma Vasquez,284,12,Lobby,,8/15/25 12:51 PM,8/15/25 12:55 PM,4 minutes and 8 seconds,Zoila Salinas
Tink-a-Tako - Potranco,Norma Vasquez,284,12,Tortillero,,8/15/25 12:51 PM,8/15/25 12:55 PM,4 minutes and 8 seconds,Zoila Salinas
Tink-a-Tako - Potranco,Norma Vasquez,284,12,Prep,,8/15/25 12:51 PM,8/15/25 12:55 PM,4 minutes and 8 seconds,Zoila Salinas
Tink-a-Tako - Potranco,Melissa Urena,300,,Lobby,,8/15/25 12:56 PM,8/15/25 12:59 PM,2 minutes and 33 seconds,Zoila Salinas
Tink-a-Tako - Potranco,Esperansa Caviedes,302,24,Lobby,,8/15/25 12:57 PM,8/15/25 1:02 PM,5 minutes and 1 second,Zoila Salinas
Tink-a-Tako - Potranco,Rosa Compean,293,18,Lobby,,8/15/25 1:01 PM,8/15/25 1:03 PM,1 minute and 29 seconds,Zoila Salinas
Tink-a-Tako - Potranco,Norma Vasquez,284,12,,2,8/15/25 12:55 PM,8/15/25 1:04 PM,8 minutes and 28 seconds,Zoila Salinas
Tink-a-Tako - Potranco,Esperansa Caviedes,302,24,,2,8/15/25 1:02 PM,8/15/25 1:04 PM,1 minute and 24 seconds,Zoila Salinas
Tink-a-Tako - Potranco,Rosa Compean,293,18,,2,8/15/25 1:03 PM,8/15/25 1:04 PM,43 seconds,Zoila Salinas
Tink-a-Tako - Potranco,Silvia Hernandez,299,32,,2,8/15/25 12:51 PM,8/15/25 1:04 PM,13 minutes and 7 seconds,Zoila Salinas
Tink-a-Tako - Potranco,Melissa Urena,301,,Lobby,,8/15/25 12:56 PM,8/15/25 1:06 PM,10 minutes and 33 seconds,Zoila Salinas
Tink-a-Tako - Potranco,Norma Vasquez,304,25,Lobby,,8/15/25 1:02 PM,8/15/25 1:11 PM,8 minutes and 44 seconds,Zoila Salinas
Tink-a-Tako - Potranco,Norma Vasquez,304,25,Tortillero,,8/15/25 1:02 PM,8/15/25 1:11 PM,8 minutes and 44 seconds,Zoila Salinas
Tink-a-Tako - Potranco,Norma Vasquez,304,25,Prep,,8/15/25 1:02 PM,8/15/25 1:11 PM,8 minutes and 44 seconds,Zoila Salinas
Tink-a-Tako - Potranco,Rosa Compean,306,9,Lobby,,8/15/25 1:06 PM,8/15/25 1:14 PM,8 minutes and 47 seconds,Zoila Salinas
Tink-a-Tako - Potranco,Rosa Compean,306,9,Tortillero,,8/15/25 1:06 PM,8/15/25 1:14 PM,8 minutes and 47 seconds,Zoila Salinas
Tink-a-Tako - Potranco,Rosa Compean,306,9,Prep,,8/15/25 1:06 PM,8/15/25 1:14 PM,8 minutes and 47 seconds,Zoila Salinas
Tink-a-Tako - Potranco,Rosa Compean,306,9,,2,8/15/25 1:14 PM,8/15/25 1:15 PM,28 seconds,Zoila Salinas
Tink-a-Tako - Potranco,Norma Vasquez,304,25,,2,8/15/25 1:11 PM,8/15/25 1:15 PM,4 minutes and 18 seconds,Zoila Salinas
Tink-a-Tako - Potranco,Melissa Urena,313,,Prep,,8/15/25 1:14 PM,8/15/25 1:17 PM,3 minutes and 28 seconds,Zoila Salinas
Tink-a-Tako - Potranco,Melissa Urena,313,,Lobby,,8/15/25 1:14 PM,8/15/25 1:17 PM,3 minutes and 28 seconds,Zoila Salinas
Tink-a-Tako - Potranco,Melissa Urena,310,,Prep,,8/15/25 1:13 PM,8/15/25 1:17 PM,4 minutes and 18 seconds,Zoila Salinas
Tink-a-Tako - Potranco,Melissa Urena,310,,Lobby,,8/15/25 1:13 PM,8/15/25 1:17 PM,4 minutes and 18 seconds,Zoila Salinas
Tink-a-Tako - Potranco,Silvia Hernandez,312,37,Lobby,,8/15/25 1:14 PM,8/15/25 1:18 PM,4 minutes and 2 seconds,Zoila Salinas
Tink-a-Tako - Potranco,Silvia Hernandez,312,37,Tortillero,,8/15/25 1:14 PM,8/15/25 1:18 PM,4 minutes and 2 seconds,Zoila Salinas
Tink-a-Tako - Potranco,Rosa Compean,308,38,Lobby,,8/15/25 1:11 PM,8/15/25 1:18 PM,6 minutes and 15 seconds,Zoila Salinas
Tink-a-Tako - Potranco,Silvia Hernandez,312,37,Prep,,8/15/25 1:14 PM,8/15/25 1:18 PM,4 minutes and 2 seconds,Zoila Salinas
Tink-a-Tako - Potranco,Melissa Urena,315,,Lobby,,8/15/25 1:15 PM,8/15/25 1:18 PM,2 minutes and 39 seconds,Zoila Salinas
Tink-a-Tako - Potranco,Melissa Urena,316,,Lobby,,8/15/25 1:15 PM,8/15/25 1:18 PM,3 minutes and 3 seconds,Zoila Salinas
Tink-a-Tako - Potranco,Norma Vasquez,311,33,Lobby,,8/15/25 1:13 PM,8/15/25 1:19 PM,5 minutes and 39 seconds,Zoila Salinas
Tink-a-Tako - Potranco,Melissa Urena,317,,Lobby,,8/15/25 1:16 PM,8/15/25 1:19 PM,2 minutes and 48 seconds,Zoila Salinas
Tink-a-Tako - Potranco,Rosa Compean,308,38,,2,8/15/25 1:18 PM,8/15/25 1:20 PM,2 minutes and 25 seconds,Zoila Salinas
Tink-a-Tako - Potranco,Silvia Hernandez,312,37,,2,8/15/25 1:18 PM,8/15/25 1:20 PM,2 minutes and 27 seconds,Zoila Salinas
Tink-a-Tako - Potranco,Norma Vasquez,311,33,,2,8/15/25 1:19 PM,8/15/25 1:20 PM,1 minute and 27 seconds,Zoila Salinas
Tink-a-Tako - Potranco,Silvia Hernandez,314,17,Lobby,,8/15/25 1:14 PM,8/15/25 1:25 PM,10 minutes and 29 seconds,Zoila Salinas
Tink-a-Tako - Potranco,Melissa Urena,318,,Prep,,8/15/25 1:21 PM,8/15/25 1:25 PM,4 minutes and 16 seconds,Zoila Salinas
Tink-a-Tako - Potranco,Melissa Urena,318,,Lobby,,8/15/25 1:21 PM,8/15/25 1:25 PM,4 minutes and 16 seconds,Zoila Salinas
Tink-a-Tako - Potranco,Melissa Urena,317,,Lobby,,8/15/25 1:23 PM,8/15/25 1:26 PM,2 minutes and 26 seconds,Zoila Salinas
Tink-a-Tako - Potranco,Esperansa Caviedes,307,4,Lobby,,8/15/25 1:17 PM,8/15/25 1:27 PM,9 minutes and 28 seconds,Zoila Salinas
Tink-a-Tako - Potranco,Esperansa Caviedes,307,4,Tortillero,,8/15/25 1:17 PM,8/15/25 1:27 PM,9 minutes and 28 seconds,Zoila Salinas
Tink-a-Tako - Potranco,Esperansa Caviedes,307,4,Prep,,8/15/25 1:17 PM,8/15/25 1:27 PM,9 minutes and 28 seconds,Zoila Salinas
Tink-a-Tako - Potranco,Melissa Urena,323,,Prep,,8/15/25 1:26 PM,8/15/25 1:28 PM,2 minutes and 3 seconds,Zoila Salinas
Tink-a-Tako - Potranco,Melissa Urena,323,,Lobby,,8/15/25 1:26 PM,8/15/25 1:28 PM,2 minutes and 3 seconds,Zoila Salinas
Tink-a-Tako - Potranco,Norma Vasquez,319,36,Lobby,,8/15/25 1:23 PM,8/15/25 1:31 PM,8 minutes and 25 seconds,Zoila Salinas
Tink-a-Tako - Potranco,Maria Majana,326,,Tortillero,,8/15/25 1:33 PM,8/15/25 1:35 PM,2 minutes and 21 seconds,Zoila Salinas
Tink-a-Tako - Potranco,Maria Majana,326,,Prep,,8/15/25 1:33 PM,8/15/25 1:35 PM,2 minutes and 21 seconds,Zoila Salinas
Tink-a-Tako - Potranco,Maria Majana,326,,Lobby,,8/15/25 1:33 PM,8/15/25 1:35 PM,2 minutes and 21 seconds,Zoila Salinas
Tink-a-Tako - Potranco,Rosa Compean,324,31,Lobby,,8/15/25 1:30 PM,8/15/25 1:36 PM,6 minutes and 16 seconds,Zoila Salinas
Tink-a-Tako - Potranco,Silvia Hernandez,314,17,,2,8/15/25 1:25 PM,8/15/25 1:38 PM,13 minutes and 19 seconds,Zoila Salinas
Tink-a-Tako - Potranco,Norma Vasquez,319,36,,2,8/15/25 1:31 PM,8/15/25 1:38 PM,7 minutes and 16 seconds,Zoila Salinas
Tink-a-Tako - Potranco,Rosa Compean,324,31,,2,8/15/25 1:36 PM,8/15/25 1:38 PM,2 minutes and 4 seconds,Zoila Salinas
Tink-a-Tako - Potranco,Esperansa Caviedes,307,4,,2,8/15/25 1:27 PM,8/15/25 1:38 PM,11 minutes and 18 seconds,Zoila Salinas
Tink-a-Tako - Potranco,Maria Majana,326,,,2,8/15/25 1:35 PM,8/15/25 1:38 PM,3 minutes and 10 seconds,Zoila Salinas
Tink-a-Tako - Potranco,Norma Vasquez,304,25,Lobby,,8/15/25 1:32 PM,8/15/25 1:40 PM,7 minutes and 58 seconds,Zoila Salinas
Tink-a-Tako - Potranco,Esperansa Caviedes,321,39,Lobby,,8/15/25 1:26 PM,8/15/25 1:40 PM,13 minutes and 30 seconds,Zoila Salinas
Tink-a-Tako - Potranco,Esperansa Caviedes,321,39,Tortillero,,8/15/25 1:26 PM,8/15/25 1:40 PM,13 minutes and 30 seconds,Zoila Salinas
Tink-a-Tako - Potranco,Esperansa Caviedes,321,39,Prep,,8/15/25 1:26 PM,8/15/25 1:40 PM,13 minutes and 30 seconds,Zoila Salinas
Tink-a-Tako - Potranco,Norma Vasquez,304,25,Tortillero,,8/15/25 1:32 PM,8/15/25 1:40 PM,7 minutes and 58 seconds,Zoila Salinas
Tink-a-Tako - Potranco,Norma Vasquez,304,25,Prep,,8/15/25 1:32 PM,8/15/25 1:40 PM,7 minutes and 58 seconds,Zoila Salinas
Tink-a-Tako - Potranco,Melissa Urena,330,,Lobby,,8/15/25 1:39 PM,8/15/25 1:41 PM,1 minute and 30 seconds,Zoila Salinas
Tink-a-Tako - Potranco,Norma Vasquez,328,7,Lobby,,8/15/25 1:37 PM,8/15/25 1:45 PM,7 minutes and 36 seconds,Zoila Salinas
Tink-a-Tako - Potranco,Melissa Urena,332,,Lobby,,8/15/25 1:42 PM,8/15/25 1:49 PM,7 minutes and 9 seconds,Zoila Salinas
Tink-a-Tako - Potranco,Esperansa Caviedes,329,18,Lobby,,8/15/25 1:42 PM,8/15/25 1:51 PM,8 minutes and 52 seconds,Zoila Salinas
Tink-a-Tako - Potranco,Melissa Urena,334,,Lobby,,8/15/25 1:45 PM,8/15/25 1:52 PM,6 minutes and 54 seconds,Zoila Salinas
Tink-a-Tako - Potranco,Melissa Urena,333,,Lobby,,8/15/25 1:43 PM,8/15/25 1:52 PM,8 minutes and 12 seconds,Zoila Salinas
Tink-a-Tako - Potranco,Melissa Urena,333,,Prep,,8/15/25 1:43 PM,8/15/25 1:52 PM,8 minutes and 12 seconds,Zoila Salinas
Tink-a-Tako - Potranco,Melissa Urena,335,,Prep,,8/15/25 1:46 PM,8/15/25 1:53 PM,7 minutes and 36 seconds,Zoila Salinas
Tink-a-Tako - Potranco,Melissa Urena,335,,Lobby,,8/15/25 1:46 PM,8/15/25 1:53 PM,7 minutes and 36 seconds,Zoila Salinas
Tink-a-Tako - Potranco,Melissa Urena,320,,Lobby,,8/15/25 1:48 PM,8/15/25 1:55 PM,6 minutes and 41 seconds,Zoila Salinas
Tink-a-Tako - Potranco,Norma Vasquez,331,23,Lobby,,8/15/25 1:42 PM,8/15/25 1:55 PM,12 minutes and 45 seconds,Zoila Salinas
Tink-a-Tako - Potranco,Norma Vasquez,331,23,Tortillero,,8/15/25 1:42 PM,8/15/25 1:55 PM,12 minutes and 45 seconds,Zoila Salinas
Tink-a-Tako - Potranco,Norma Vasquez,331,23,Prep,,8/15/25 1:42 PM,8/15/25 1:55 PM,12 minutes and 45 seconds,Zoila Salinas
Tink-a-Tako - Potranco,Melissa Urena,320,,Lobby,,8/15/25 1:48 PM,8/15/25 1:55 PM,6 minutes and 52 seconds,Zoila Salinas
Tink-a-Tako - Potranco,Melissa Urena,335,,Prep,,8/15/25 1:46 PM,8/15/25 1:56 PM,10 minutes and 43 seconds,Zoila Salinas
Tink-a-Tako - Potranco,Melissa Urena,335,,Lobby,,8/15/25 1:46 PM,8/15/25 1:56 PM,10 minutes and 43 seconds,Zoila Salinas
Tink-a-Tako - Potranco,Rosa Compean,340,24,Lobby,,8/15/25 1:57 PM,8/15/25 2:01 PM,3 minutes and 20 seconds,Zoila Salinas
Tink-a-Tako - Potranco,Rosa Compean,340,24,Tortillero,,8/15/25 1:57 PM,8/15/25 2:01 PM,3 minutes and 20 seconds,Zoila Salinas
Tink-a-Tako - Potranco,Rosa Compean,341,,Lobby,,8/15/25 1:59 PM,8/15/25 2:02 PM,2 minutes and 50 seconds,Zoila Salinas
Tink-a-Tako - Potranco,Melissa Urena,339,,Tortillero,,8/15/25 1:57 PM,8/15/25 2:03 PM,5 minutes and 45 seconds,Zoila Salinas
Tink-a-Tako - Potranco,Melissa Urena,339,,Prep,,8/15/25 1:57 PM,8/15/25 2:03 PM,5 minutes and 45 seconds,Zoila Salinas
Tink-a-Tako - Potranco,Melissa Urena,339,,Lobby,,8/15/25 1:57 PM,8/15/25 2:03 PM,5 minutes and 45 seconds,Zoila Salinas
Tink-a-Tako - Potranco,Melissa Urena,342,,Lobby,,8/15/25 2:03 PM,8/15/25 2:06 PM,2 minutes and 55 seconds,Zoila Salinas
Tink-a-Tako - Potranco,Rosa Compean,340,24,,2,8/15/25 2:01 PM,8/15/25 2:07 PM,6 minutes and 10 seconds,Zoila Salinas
Tink-a-Tako - Potranco,Esperansa Caviedes,321,39,,2,8/15/25 1:40 PM,8/15/25 2:07 PM,27 minutes and 4 seconds,Zoila Salinas
Tink-a-Tako - Potranco,Rosa Compean,341,,,2,8/15/25 2:02 PM,8/15/25 2:07 PM,5 minutes and 11 seconds,Zoila Salinas
Tink-a-Tako - Potranco,Norma Vasquez,331,23,,2,8/15/25 1:55 PM,8/15/25 2:07 PM,11 minutes and 45 seconds,Zoila Salinas
Tink-a-Tako - Potranco,Norma Vasquez,304,25,,2,8/15/25 1:40 PM,8/15/25 2:07 PM,27 minutes and 2 seconds,Zoila Salinas
Tink-a-Tako - Potranco,Norma Vasquez,328,7,,2,8/15/25 1:45 PM,8/15/25 2:07 PM,21 minutes and 56 seconds,Zoila Salinas
Tink-a-Tako - Potranco,Esperansa Caviedes,329,18,,2,8/15/25 1:51 PM,8/15/25 2:07 PM,15 minutes and 46 seconds,Zoila Salinas
Tink-a-Tako - Potranco,Norma Vasquez,343,9,Lobby,,8/15/25 2:05 PM,8/15/25 2:09 PM,3 minutes and 34 seconds,Zoila Salinas
Tink-a-Tako - Potranco,Rosa Compean,338,10,Lobby,,8/15/25 1:57 PM,8/15/25 2:09 PM,12 minutes and 26 seconds,Zoila Salinas
Tink-a-Tako - Potranco,Rosa Compean,338,10,Tortillero,,8/15/25 1:57 PM,8/15/25 2:09 PM,12 minutes and 26 seconds,Zoila Salinas
Tink-a-Tako - Potranco,Rosa Compean,338,10,Prep,,8/15/25 1:57 PM,8/15/25 2:09 PM,12 minutes and 26 seconds,Zoila Salinas
Tink-a-Tako - Potranco,Lizeth Alonso,344,,Lobby,,8/15/25 2:13 PM,8/15/25 2:16 PM,3 minutes and 1 second,Zoila Salinas
Tink-a-Tako - Potranco,Lizeth Alonso,345,,Lobby,,8/15/25 2:14 PM,8/15/25 2:16 PM,2 minutes and 1 second,Zoila Salinas
Tink-a-Tako - Potranco,Lizeth Alonso,346,,Lobby,,8/15/25 2:16 PM,8/15/25 2:23 PM,6 minutes and 30 seconds,Zoila Salinas
Tink-a-Tako - Potranco,Juan  Camacho,347,32,Lobby,,8/15/25 2:19 PM,8/15/25 2:23 PM,4 minutes and 8 seconds,Zoila Salinas
Tink-a-Tako - Potranco,Juan  Camacho,347,32,Tortillero,,8/15/25 2:19 PM,8/15/25 2:23 PM,4 minutes and 8 seconds,Zoila Salinas
Tink-a-Tako - Potranco,Juan  Camacho,347,32,Prep,,8/15/25 2:19 PM,8/15/25 2:23 PM,4 minutes and 8 seconds,Zoila Salinas
Tink-a-Tako - Potranco,Norma Vasquez,343,9,,2,8/15/25 2:09 PM,8/15/25 2:24 PM,14 minutes and 45 seconds,Zoila Salinas
Tink-a-Tako - Potranco,Rosa Compean,338,10,,2,8/15/25 2:09 PM,8/15/25 2:24 PM,14 minutes and 34 seconds,Zoila Salinas
Tink-a-Tako - Potranco,Juan  Camacho,347,32,,2,8/15/25 2:23 PM,8/15/25 2:24 PM,46 seconds,Zoila Salinas
Tink-a-Tako - Potranco,Esperansa Caviedes,329,18,Lobby,,8/15/25 2:20 PM,8/15/25 2:28 PM,7 minutes and 51 seconds,Zoila Salinas
Tink-a-Tako - Potranco,Norma Vasquez,343,9,Lobby,,8/15/25 2:24 PM,8/15/25 2:28 PM,3 minutes and 51 seconds,Zoila Salinas
Tink-a-Tako - Potranco,Lizeth Alonso,350,,Lobby,,8/15/25 2:26 PM,8/15/25 2:33 PM,6 minutes and 46 seconds,Zoila Salinas
Tink-a-Tako - Potranco,Giselle Cisneross,349,,Lobby,,8/15/25 2:27 PM,8/15/25 2:38 PM,11 minutes and 42 seconds,Zoila Salinas
Tink-a-Tako - Potranco,Isabel Cisneros,352,24,Lobby,,8/15/25 2:40 PM,8/15/25 2:40 PM,37 seconds,Zoila Salinas
Tink-a-Tako - Potranco,Isabel Cisneros,352,24,Lobby,,8/15/25 2:38 PM,8/15/25 2:44 PM,5 minutes and 30 seconds,Zoila Salinas
Tink-a-Tako - Potranco,Juan  Camacho,353,40,Lobby,,8/15/25 2:48 PM,8/15/25 2:54 PM,5 minutes and 54 seconds,Zoila Salinas
Tink-a-Tako - Potranco,Isabel Cisneros,354,17,Lobby,,8/15/25 2:47 PM,8/15/25 2:55 PM,7 minutes and 42 seconds,Zoila Salinas
Tink-a-Tako - Potranco,Lizeth Alonso,351,,Lobby,,8/15/25 2:49 PM,8/15/25 2:56 PM,7 minutes and 54 seconds,Zoila Salinas
Tink-a-Tako - Potranco,Isabel Cisneros,355,37,Lobby,,8/15/25 2:56 PM,8/15/25 3:01 PM,4 minutes and 49 seconds,Zoila Salinas
Tink-a-Tako - Potranco,Lizeth Alonso,359,,Lobby,,8/15/25 3:05 PM,8/15/25 3:06 PM,1 minute and 29 seconds,Zoila Salinas
Tink-a-Tako - Potranco,Isabel Cisneros,355,37,,2,8/15/25 3:01 PM,8/15/25 3:08 PM,7 minutes and 29 seconds,Zoila Salinas
Tink-a-Tako - Potranco,Juan  Camacho,353,40,,2,8/15/25 2:54 PM,8/15/25 3:08 PM,13 minutes and 55 seconds,Zoila Salinas
Tink-a-Tako - Potranco,Isabel Cisneros,354,17,,2,8/15/25 2:55 PM,8/15/25 3:08 PM,13 minutes and 13 seconds,Zoila Salinas
Tink-a-Tako - Potranco,Isabel Cisneros,352,24,,2,8/15/25 2:40 PM,8/15/25 3:08 PM,27 minutes and 54 seconds,Zoila Salinas
Tink-a-Tako - Potranco,Isabel Cisneros,352,24,,2,8/15/25 2:44 PM,8/15/25 3:08 PM,24 minutes and 20 seconds,Zoila Salinas
Tink-a-Tako - Potranco,Esperansa Caviedes,329,18,,2,8/15/25 2:28 PM,8/15/25 3:08 PM,40 minutes and 47 seconds,Zoila Salinas
Tink-a-Tako - Potranco,Giselle Cisneross,349,,,2,8/15/25 2:38 PM,8/15/25 3:08 PM,30 minutes,Zoila Salinas
Tink-a-Tako - Potranco,Norma Vasquez,343,9,,2,8/15/25 2:28 PM,8/15/25 3:08 PM,40 minutes and 29 seconds,Zoila Salinas
Tink-a-Tako - Potranco,Lizeth Alonso,357,,Lobby,,8/15/25 3:01 PM,8/15/25 3:10 PM,8 minutes and 33 seconds,Zoila Salinas
Tink-a-Tako - Potranco,Lizeth Alonso,356,,Lobby,,8/15/25 3:01 PM,8/15/25 3:12 PM,11 minutes and 30 seconds,Zoila Salinas
Tink-a-Tako - Potranco,Isabel Cisneros,361,9,Lobby,,8/15/25 3:07 PM,8/15/25 3:14 PM,6 minutes and 59 seconds,Zoila Salinas
Tink-a-Tako - Potranco,Isabel Cisneros,361,9,Tortillero,,8/15/25 3:07 PM,8/15/25 3:14 PM,6 minutes and 59 seconds,Zoila Salinas
Tink-a-Tako - Potranco,Mayra Luna,358,1,Lobby,,8/15/25 3:02 PM,8/15/25 3:14 PM,11 minutes and 36 seconds,Zoila Salinas
Tink-a-Tako - Potranco,Juan  Camacho,362,12,Lobby,,8/15/25 3:16 PM,8/15/25 3:20 PM,4 minutes and 19 seconds,Zoila Salinas
Tink-a-Tako - Potranco,Isabel Cisneros,360,32,Lobby,,8/15/25 3:05 PM,8/15/25 3:20 PM,15 minutes and 33 seconds,Zoila Salinas
Tink-a-Tako - Potranco,Juan  Camacho,362,12,,2,8/15/25 3:20 PM,8/15/25 3:50 PM,29 minutes and 33 seconds,Zoila Salinas
Tink-a-Tako - Potranco,Isabel Cisneros,361,9,,2,8/15/25 3:14 PM,8/15/25 3:50 PM,35 minutes and 43 seconds,Zoila Salinas
Tink-a-Tako - Potranco,Mayra Luna,358,1,,2,8/15/25 3:14 PM,8/15/25 3:50 PM,35 minutes and 48 seconds,Zoila Salinas
Tink-a-Tako - Potranco,Isabel Cisneros,360,32,,2,8/15/25 3:20 PM,8/15/25 3:50 PM,29 minutes and 32 seconds,Zoila Salinas
Tink-a-Tako - Potranco,Mayra Luna,358,1,Lobby,,8/15/25 3:41 PM,8/15/25 3:53 PM,12 minutes and 1 second,Zoila Salinas
Tink-a-Tako - Potranco,Lizeth Alonso,364,,Lobby,,8/15/25 3:51 PM,8/15/25 3:58 PM,6 minutes and 41 seconds,Zoila Salinas
Tink-a-Tako - Potranco,Lizeth Alonso,365,,Lobby,,8/15/25 3:52 PM,8/15/25 3:58 PM,5 minutes and 33 seconds,Zoila Salinas
Tink-a-Tako - Potranco,Juan  Camacho,367,39,Lobby,,8/15/25 3:55 PM,8/15/25 4:06 PM,10 minutes and 52 seconds,Zoila Salinas
Tink-a-Tako - Potranco,Juan  Camacho,367,39,Tortillero,,8/15/25 3:55 PM,8/15/25 4:06 PM,10 minutes and 52 seconds,Zoila Salinas
Tink-a-Tako - Potranco,Juan  Camacho,367,39,Prep,,8/15/25 3:55 PM,8/15/25 4:06 PM,10 minutes and 52 seconds,Zoila Salinas
Tink-a-Tako - Potranco,Isabel Cisneros,371,35,Lobby,,8/15/25 4:01 PM,8/15/25 4:06 PM,5 minutes and 11 seconds,Zoila Salinas
Tink-a-Tako - Potranco,Lizeth Alonso,370,,Lobby,,8/15/25 4:00 PM,8/15/25 4:06 PM,5 minutes and 49 seconds,Zoila Salinas
Tink-a-Tako - Potranco,Juan  Camacho,367,39,Lobby,,8/15/25 4:06 PM,8/15/25 4:16 PM,10 minutes and 10 seconds,Zoila Salinas
Tink-a-Tako - Potranco,Lizeth Alonso,372,,Lobby,,8/15/25 4:12 PM,8/15/25 4:19 PM,6 minutes and 53 seconds,Zoila Salinas
Tink-a-Tako - Potranco,Lizeth Alonso,373,,Lobby,,8/15/25 4:15 PM,8/15/25 4:19 PM,4 minutes and 26 seconds,Zoila Salinas
Tink-a-Tako - Potranco,Lizeth Alonso,374,,Lobby,,8/15/25 4:21 PM,8/15/25 4:24 PM,2 minutes and 15 seconds,Zoila Salinas
Tink-a-Tako - Potranco,Isabel Cisneros,375,41,Lobby,,8/15/25 4:32 PM,8/15/25 4:39 PM,7 minutes and 8 seconds,Zoila Salinas
Tink-a-Tako - Potranco,Isabel Cisneros,377,25,Lobby,,8/15/25 4:35 PM,8/15/25 4:39 PM,4 minutes and 28 seconds,Zoila Salinas
Tink-a-Tako - Potranco,Isabel Cisneros,377,25,Tortillero,,8/15/25 4:35 PM,8/15/25 4:39 PM,4 minutes and 28 seconds,Zoila Salinas
Tink-a-Tako - Potranco,Isabel Cisneros,377,25,Prep,,8/15/25 4:35 PM,8/15/25 4:39 PM,4 minutes and 28 seconds,Zoila Salinas
Tink-a-Tako - Potranco,Lizeth Alonso,378,,Lobby,,8/15/25 4:39 PM,8/15/25 4:41 PM,1 minute and 47 seconds,Zoila Salinas
Tink-a-Tako - Potranco,Mayra Luna,358,1,,2,8/15/25 3:53 PM,8/15/25 4:43 PM,50 minutes and 6 seconds,Zoila Salinas
Tink-a-Tako - Potranco,Juan  Camacho,367,39,,2,8/15/25 4:06 PM,8/15/25 4:43 PM,37 minutes,Zoila Salinas
Tink-a-Tako - Potranco,Juan  Camacho,367,39,,2,8/15/25 4:16 PM,8/15/25 4:43 PM,26 minutes and 37 seconds,Zoila Salinas
Tink-a-Tako - Potranco,Isabel Cisneros,371,35,,2,8/15/25 4:06 PM,8/15/25 4:43 PM,37 minutes and 1 second,Zoila Salinas
Tink-a-Tako - Potranco,Isabel Cisneros,377,25,,2,8/15/25 4:39 PM,8/15/25 4:43 PM,3 minutes and 25 seconds,Zoila Salinas
Tink-a-Tako - Potranco,Isabel Cisneros,375,41,,2,8/15/25 4:39 PM,8/15/25 4:43 PM,3 minutes and 39 seconds,Zoila Salinas
Tink-a-Tako - Potranco,Isabel Cisneros,369,24,Lobby,,8/15/25 4:39 PM,8/15/25 4:46 PM,6 minutes and 47 seconds,Zoila Salinas
Tink-a-Tako - Potranco,Lizeth Alonso,379,,Lobby,,8/15/25 4:46 PM,8/15/25 4:50 PM,4 minutes and 6 seconds,Zoila Salinas
Tink-a-Tako - Potranco,Isabel Cisneros,380,23,Lobby,,8/15/25 4:50 PM,8/15/25 4:52 PM,2 minutes and 43 seconds,Zoila Salinas
Tink-a-Tako - Potranco,Juan  Camacho,382,32,Lobby,,8/15/25 4:52 PM,8/15/25 4:59 PM,7 minutes and 2 seconds,Zoila Salinas
Tink-a-Tako - Potranco,Lizeth Alonso,383,,Lobby,,8/15/25 4:53 PM,8/15/25 5:00 PM,6 minutes and 37 seconds,Zoila Salinas
Tink-a-Tako - Potranco,Lizeth Alonso,384,,Lobby,,8/15/25 4:59 PM,8/15/25 5:01 PM,1 minute and 55 seconds,Zoila Salinas
Tink-a-Tako - Potranco,Isabel Cisneros,369,24,,2,8/15/25 4:46 PM,8/15/25 5:04 PM,18 minutes,Zoila Salinas
Tink-a-Tako - Potranco,Isabel Cisneros,380,23,,2,8/15/25 4:52 PM,8/15/25 5:04 PM,11 minutes and 40 seconds,Zoila Salinas
Tink-a-Tako - Potranco,Juan  Camacho,382,32,,2,8/15/25 4:59 PM,8/15/25 5:04 PM,4 minutes and 46 seconds,Zoila Salinas
Tink-a-Tako - Potranco,Juan  Camacho,382,32,Lobby,,8/15/25 5:05 PM,8/15/25 5:05 PM,7 seconds,Zoila Salinas
Tink-a-Tako - Potranco,Juan  Camacho,386,39,Lobby,,8/15/25 5:02 PM,8/15/25 5:05 PM,3 minutes and 9 seconds,Zoila Salinas
Tink-a-Tako - Potranco,Juan  Camacho,386,39,Tortillero,,8/15/25 5:02 PM,8/15/25 5:05 PM,3 minutes and 9 seconds,Zoila Salinas
Tink-a-Tako - Potranco,Juan  Camacho,386,39,Prep,,8/15/25 5:02 PM,8/15/25 5:05 PM,3 minutes and 9 seconds,Zoila Salinas
Tink-a-Tako - Potranco,Isabel Cisneros,387,33,Lobby,,8/15/25 5:04 PM,8/15/25 5:10 PM,6 minutes and 23 seconds,Zoila Salinas
Tink-a-Tako - Potranco,Lizeth Alonso,389,,Lobby,,8/15/25 5:10 PM,8/15/25 5:15 PM,4 minutes and 49 seconds,Zoila Salinas
Tink-a-Tako - Potranco,Isabel Cisneros,387,33,,2,8/15/25 5:10 PM,8/15/25 5:19 PM,8 minutes and 25 seconds,Zoila Salinas
Tink-a-Tako - Potranco,Juan  Camacho,386,39,,2,8/15/25 5:05 PM,8/15/25 5:19 PM,13 minutes and 26 seconds,Zoila Salinas
Tink-a-Tako - Potranco,Juan  Camacho,382,32,,2,8/15/25 5:05 PM,8/15/25 5:19 PM,13 minutes and 38 seconds,Zoila Salinas
Tink-a-Tako - Potranco,Juan  Camacho,388,7,Lobby,,8/15/25 5:11 PM,8/15/25 5:21 PM,10 minutes and 16 seconds,Zoila Salinas
Tink-a-Tako - Potranco,Juan  Camacho,388,7,Tortillero,,8/15/25 5:11 PM,8/15/25 5:21 PM,10 minutes and 16 seconds,Zoila Salinas
Tink-a-Tako - Potranco,Juan  Camacho,388,7,Prep,,8/15/25 5:11 PM,8/15/25 5:21 PM,10 minutes and 16 seconds,Zoila Salinas
Tink-a-Tako - Potranco,Isabel Cisneros,390,38,Lobby,,8/15/25 5:16 PM,8/15/25 5:28 PM,11 minutes and 48 seconds,Zoila Salinas
Tink-a-Tako - Potranco,Giselle Cisneross,393,,Lobby,,8/15/25 5:19 PM,8/15/25 5:28 PM,9 minutes and 6 seconds,Zoila Salinas
Tink-a-Tako - Potranco,Giselle Cisneross,393,,Prep,,8/15/25 5:19 PM,8/15/25 5:28 PM,9 minutes and 6 seconds,Zoila Salinas
Tink-a-Tako - Potranco,Juan  Camacho,392,39,Lobby,,8/15/25 5:18 PM,8/15/25 5:29 PM,11 minutes and 11 seconds,Zoila Salinas
Tink-a-Tako - Potranco,Juan  Camacho,392,39,Tortillero,,8/15/25 5:18 PM,8/15/25 5:29 PM,11 minutes and 11 seconds,Zoila Salinas
Tink-a-Tako - Potranco,Juan  Camacho,392,39,Prep,,8/15/25 5:18 PM,8/15/25 5:29 PM,11 minutes and 11 seconds,Zoila Salinas
Tink-a-Tako - Potranco,Juan  Camacho,392,39,,2,8/15/25 5:29 PM,8/15/25 5:29 PM,10 seconds,Zoila Salinas
Tink-a-Tako - Potranco,Juan  Camacho,388,7,,2,8/15/25 5:21 PM,8/15/25 5:29 PM,8 minutes and 24 seconds,Zoila Salinas
Tink-a-Tako - Potranco,Giselle Cisneross,393,,,2,8/15/25 5:28 PM,8/15/25 5:29 PM,1 minute and 14 seconds,Zoila Salinas
Tink-a-Tako - Potranco,Isabel Cisneros,390,38,,2,8/15/25 5:28 PM,8/15/25 5:29 PM,1 minute and 41 seconds,Zoila Salinas
Tink-a-Tako - Potranco,Juan  Camacho,391,17,Lobby,,8/15/25 5:18 PM,8/15/25 5:30 PM,12 minutes and 6 seconds,Zoila Salinas
Tink-a-Tako - Potranco,Juan  Camacho,391,17,Lobby,,8/15/25 5:21 PM,8/15/25 5:30 PM,8 minutes and 19 seconds,Zoila Salinas
Tink-a-Tako - Potranco,Juan  Camacho,391,17,Tortillero,,8/15/25 5:21 PM,8/15/25 5:30 PM,8 minutes and 19 seconds,Zoila Salinas
Tink-a-Tako - Potranco,Juan  Camacho,391,17,Prep,,8/15/25 5:21 PM,8/15/25 5:30 PM,8 minutes and 19 seconds,Zoila Salinas
Tink-a-Tako - Potranco,Lizeth Alonso,394,,Lobby,,8/15/25 5:28 PM,8/15/25 5:30 PM,2 minutes and 18 seconds,Zoila Salinas
Tink-a-Tako - Potranco,Juan  Camacho,392,39,Lobby,,8/15/25 5:38 PM,8/15/25 5:48 PM,10 minutes and 17 seconds,Zoila Salinas
Tink-a-Tako - Potranco,Juan  Camacho,392,39,Tortillero,,8/15/25 5:38 PM,8/15/25 5:48 PM,10 minutes and 17 seconds,Zoila Salinas
Tink-a-Tako - Potranco,Juan  Camacho,392,39,Prep,,8/15/25 5:38 PM,8/15/25 5:48 PM,10 minutes and 17 seconds,Zoila Salinas
Tink-a-Tako - Potranco,Isabel Cisneros,395,18,Lobby,,8/15/25 5:42 PM,8/15/25 5:48 PM,6 minutes and 42 seconds,Zoila Salinas
Tink-a-Tako - Potranco,Isabel Cisneros,395,18,Tortillero,,8/15/25 5:42 PM,8/15/25 5:48 PM,6 minutes and 42 seconds,Zoila Salinas
Tink-a-Tako - Potranco,Isabel Cisneros,395,18,Prep,,8/15/25 5:42 PM,8/15/25 5:48 PM,6 minutes and 42 seconds,Zoila Salinas
Tink-a-Tako - Potranco,Lizeth Alonso,401,,Lobby,,8/15/25 5:50 PM,8/15/25 5:55 PM,4 minutes and 47 seconds,Zoila Salinas
Tink-a-Tako - Potranco,Juan  Camacho,396,25,Lobby,,8/15/25 5:44 PM,8/15/25 5:55 PM,11 minutes and 43 seconds,Zoila Salinas
Tink-a-Tako - Potranco,Juan  Camacho,396,25,Lobby,,8/15/25 5:46 PM,8/15/25 5:55 PM,9 minutes and 1 second,Zoila Salinas
Tink-a-Tako - Potranco,Juan  Camacho,396,25,Tortillero,,8/15/25 5:46 PM,8/15/25 5:55 PM,9 minutes and 1 second,Zoila Salinas
Tink-a-Tako - Potranco,Juan  Camacho,396,25,Prep,,8/15/25 5:46 PM,8/15/25 5:55 PM,9 minutes and 1 second,Zoila Salinas
Tink-a-Tako - Potranco,Isabel Cisneros,395,18,Lobby,,8/15/25 5:52 PM,8/15/25 5:58 PM,6 minutes and 7 seconds,Zoila Salinas
Tink-a-Tako - Potranco,Isabel Cisneros,395,18,Tortillero,,8/15/25 5:52 PM,8/15/25 5:58 PM,6 minutes and 7 seconds,Zoila Salinas
Tink-a-Tako - Potranco,Isabel Cisneros,395,18,Prep,,8/15/25 5:52 PM,8/15/25 5:58 PM,6 minutes and 7 seconds,Zoila Salinas
Tink-a-Tako - Potranco,Juan  Camacho,403,37,Lobby,,8/15/25 5:55 PM,8/15/25 5:58 PM,3 minutes and 14 seconds,Zoila Salinas
Tink-a-Tako - Potranco,Lizeth Alonso,397,,Tortillero,,8/15/25 5:47 PM,8/15/25 5:58 PM,11 minutes and 12 seconds,Zoila Salinas
Tink-a-Tako - Potranco,Lizeth Alonso,397,,Prep,,8/15/25 5:47 PM,8/15/25 5:58 PM,11 minutes and 12 seconds,Zoila Salinas
Tink-a-Tako - Potranco,Lizeth Alonso,397,,Lobby,,8/15/25 5:47 PM,8/15/25 5:58 PM,11 minutes and 12 seconds,Zoila Salinas
Tink-a-Tako - Potranco,Lizeth Alonso,398,,Lobby,,8/15/25 5:48 PM,8/15/25 5:59 PM,10 minutes and 23 seconds,Zoila Salinas
Tink-a-Tako - Potranco,Lizeth Alonso,399,,Lobby,,8/15/25 5:49 PM,8/15/25 6:02 PM,12 minutes and 24 seconds,Zoila Salinas
Tink-a-Tako - Potranco,Lizeth Alonso,399,,Tortillero,,8/15/25 5:49 PM,8/15/25 6:02 PM,12 minutes and 24 seconds,Zoila Salinas
Tink-a-Tako - Potranco,Juan  Camacho,391,17,,2,8/15/25 5:30 PM,8/15/25 6:04 PM,33 minutes and 56 seconds,Zoila Salinas
Tink-a-Tako - Potranco,Juan  Camacho,391,17,,2,8/15/25 5:30 PM,8/15/25 6:04 PM,33 minutes and 55 seconds,Zoila Salinas
Tink-a-Tako - Potranco,Juan  Camacho,392,39,,2,8/15/25 5:48 PM,8/15/25 6:04 PM,15 minutes and 14 seconds,Zoila Salinas
Tink-a-Tako - Potranco,Isabel Cisneros,395,18,,2,8/15/25 5:48 PM,8/15/25 6:04 PM,15 minutes and 11 seconds,Zoila Salinas
Tink-a-Tako - Potranco,Juan  Camacho,396,25,,2,8/15/25 5:55 PM,8/15/25 6:04 PM,8 minutes and 26 seconds,Zoila Salinas
Tink-a-Tako - Potranco,Juan  Camacho,396,25,,2,8/15/25 5:55 PM,8/15/25 6:04 PM,8 minutes and 25 seconds,Zoila Salinas
Tink-a-Tako - Potranco,Juan  Camacho,403,37,,2,8/15/25 5:58 PM,8/15/25 6:04 PM,5 minutes and 57 seconds,Zoila Salinas
Tink-a-Tako - Potranco,Isabel Cisneros,395,18,,2,8/15/25 5:58 PM,8/15/25 6:04 PM,5 minutes and 59 seconds,Zoila Salinas
Tink-a-Tako - Potranco,Giselle Cisneross,400,,Lobby,,8/15/25 5:50 PM,8/15/25 6:05 PM,14 minutes and 41 seconds,Zoila Salinas
Tink-a-Tako - Potranco,Lizeth Alonso,402,,Lobby,,8/15/25 5:55 PM,8/15/25 6:05 PM,10 minutes and 50 seconds,Zoila Salinas
Tink-a-Tako - Potranco,Isabel Cisneros,405,32,Lobby,,8/15/25 6:04 PM,8/15/25 6:10 PM,5 minutes and 51 seconds,Zoila Salinas
Tink-a-Tako - Potranco,Isabel Cisneros,405,32,Prep,,8/15/25 6:04 PM,8/15/25 6:10 PM,5 minutes and 51 seconds,Zoila Salinas
Tink-a-Tako - Potranco,Lizeth Alonso,404,,Prep,,8/15/25 5:59 PM,8/15/25 6:10 PM,11 minutes and 16 seconds,Zoila Salinas
Tink-a-Tako - Potranco,Lizeth Alonso,404,,Lobby,,8/15/25 5:59 PM,8/15/25 6:10 PM,11 minutes and 16 seconds,Zoila Salinas
Tink-a-Tako - Potranco,Lizeth Alonso,406,,Lobby,,8/15/25 6:05 PM,8/15/25 6:11 PM,5 minutes and 39 seconds,Zoila Salinas
Tink-a-Tako - Potranco,Lizeth Alonso,407,,Lobby,,8/15/25 6:06 PM,8/15/25 6:20 PM,13 minutes and 35 seconds,Zoila Salinas
Tink-a-Tako - Potranco,Juan  Camacho,408,24,Lobby,,8/15/25 6:16 PM,8/15/25 6:22 PM,6 minutes and 10 seconds,Zoila Salinas
Tink-a-Tako - Potranco,Mayra Luna,358,1,Lobby,,8/15/25 6:15 PM,8/15/25 6:22 PM,7 minutes and 13 seconds,Zoila Salinas
Tink-a-Tako - Potranco,Lizeth Alonso,410,,Lobby,,8/15/25 6:24 PM,8/15/25 6:31 PM,7 minutes and 10 seconds,Zoila Salinas
Tink-a-Tako - Potranco,Juan  Camacho,413,12,Lobby,,8/15/25 6:26 PM,8/15/25 6:32 PM,5 minutes and 40 seconds,Zoila Salinas
Tink-a-Tako - Potranco,Juan  Camacho,411,33,Lobby,,8/15/25 6:24 PM,8/15/25 6:32 PM,8 minutes and 28 seconds,Zoila Salinas
Tink-a-Tako - Potranco,Juan  Camacho,411,33,Tortillero,,8/15/25 6:24 PM,8/15/25 6:32 PM,8 minutes and 28 seconds,Zoila Salinas
Tink-a-Tako - Potranco,Juan  Camacho,411,33,Prep,,8/15/25 6:24 PM,8/15/25 6:32 PM,8 minutes and 28 seconds,Zoila Salinas
Tink-a-Tako - Potranco,Lizeth Alonso,409,,Lobby,,8/15/25 6:26 PM,8/15/25 6:34 PM,8 minutes and 10 seconds,Zoila Salinas
Tink-a-Tako - Potranco,Isabel Cisneros,414,7,Lobby,,8/15/25 6:29 PM,8/15/25 6:35 PM,5 minutes and 29 seconds,Zoila Salinas
Tink-a-Tako - Potranco,Juan  Camacho,415,9,Lobby,,8/15/25 6:31 PM,8/15/25 6:35 PM,4 minutes and 23 seconds,Zoila Salinas
Tink-a-Tako - Potranco,Isabel Cisneros,419,37,Lobby,,8/15/25 6:34 PM,8/15/25 6:37 PM,3 minutes and 16 seconds,Zoila Salinas
Tink-a-Tako - Potranco,Lizeth Alonso,416,,Lobby,,8/15/25 6:34 PM,8/15/25 6:43 PM,8 minutes and 58 seconds,Zoila Salinas
Tink-a-Tako - Potranco,Isabel Cisneros,420,38,Lobby,,8/15/25 6:35 PM,8/15/25 6:46 PM,11 minutes and 47 seconds,Zoila Salinas
Tink-a-Tako - Potranco,Juan  Camacho,408,24,,2,8/15/25 6:22 PM,8/15/25 6:48 PM,26 minutes and 21 seconds,Zoila Salinas
Tink-a-Tako - Potranco,Mayra Luna,358,1,,2,8/15/25 6:22 PM,8/15/25 6:48 PM,26 minutes and 18 seconds,Zoila Salinas
Tink-a-Tako - Potranco,Isabel Cisneros,405,32,,2,8/15/25 6:10 PM,8/15/25 6:48 PM,38 minutes and 15 seconds,Zoila Salinas
Tink-a-Tako - Potranco,Juan  Camacho,413,12,,2,8/15/25 6:32 PM,8/15/25 6:48 PM,16 minutes and 13 seconds,Zoila Salinas
Tink-a-Tako - Potranco,Juan  Camacho,411,33,,2,8/15/25 6:32 PM,8/15/25 6:48 PM,16 minutes and 9 seconds,Zoila Salinas
Tink-a-Tako - Potranco,Giselle Cisneross,400,,,2,8/15/25 6:05 PM,8/15/25 6:48 PM,43 minutes and 40 seconds,Zoila Salinas
Tink-a-Tako - Potranco,Lizeth Alonso,421,,Lobby,,8/15/25 6:40 PM,8/15/25 6:48 PM,8 minutes and 49 seconds,Zoila Salinas
Tink-a-Tako - Potranco,Juan  Camacho,415,9,,2,8/15/25 6:35 PM,8/15/25 6:49 PM,13 minutes and 39 seconds,Zoila Salinas
Tink-a-Tako - Potranco,Isabel Cisneros,414,7,,2,8/15/25 6:35 PM,8/15/25 6:49 PM,13 minutes and 41 seconds,Zoila Salinas
Tink-a-Tako - Potranco,Isabel Cisneros,419,37,,2,8/15/25 6:37 PM,8/15/25 6:49 PM,11 minutes and 20 seconds,Zoila Salinas
Tink-a-Tako - Potranco,Isabel Cisneros,420,38,,2,8/15/25 6:46 PM,8/15/25 6:49 PM,2 minutes and 20 seconds,Zoila Salinas
Tink-a-Tako - Potranco,Isabel Cisneros,417,34,Lobby,,8/15/25 6:45 PM,8/15/25 6:52 PM,7 minutes,Zoila Salinas
Tink-a-Tako - Potranco,Lizeth Alonso,423,,Lobby,,8/15/25 6:46 PM,8/15/25 6:55 PM,8 minutes and 37 seconds,Zoila Salinas
Tink-a-Tako - Potranco,Isabel Cisneros,422,31,Lobby,,8/15/25 6:47 PM,8/15/25 6:59 PM,11 minutes and 7 seconds,Zoila Salinas
Tink-a-Tako - Potranco,Juan  Camacho,424,17,Lobby,,8/15/25 6:49 PM,8/15/25 6:59 PM,9 minutes and 12 seconds,Zoila Salinas
Tink-a-Tako - Potranco,Juan  Camacho,386,39,Lobby,,8/15/25 6:53 PM,8/15/25 6:59 PM,5 minutes and 29 seconds,Zoila Salinas
Tink-a-Tako - Potranco,Isabel Cisneros,422,31,,2,8/15/25 6:59 PM,8/15/25 6:59 PM,23 seconds,Zoila Salinas
Tink-a-Tako - Potranco,Juan  Camacho,424,17,,2,8/15/25 6:59 PM,8/15/25 6:59 PM,47 seconds,Zoila Salinas
Tink-a-Tako - Potranco,Juan  Camacho,386,39,,2,8/15/25 6:59 PM,8/15/25 6:59 PM,47 seconds,Zoila Salinas
Tink-a-Tako - Potranco,Isabel Cisneros,417,34,,2,8/15/25 6:52 PM,8/15/25 7:00 PM,7 minutes and 55 seconds,Zoila Salinas
Tink-a-Tako - Potranco,Isabel Cisneros,422,31,Lobby,,8/15/25 7:01 PM,8/15/25 7:04 PM,3 minutes and 37 seconds,Zoila Salinas
Tink-a-Tako - Potranco,Lizeth Alonso,428,,Lobby,,8/15/25 6:57 PM,8/15/25 7:05 PM,7 minutes and 28 seconds,Zoila Salinas
Tink-a-Tako - Potranco,Juan  Camacho,429,10,Lobby,,8/15/25 6:57 PM,8/15/25 7:06 PM,9 minutes and 34 seconds,Zoila Salinas
Tink-a-Tako - Potranco,Isabel Cisneros,422,31,,2,8/15/25 7:04 PM,8/15/25 7:08 PM,3 minutes and 52 seconds,Zoila Salinas
Tink-a-Tako - Potranco,Isabel Cisneros,431,32,Lobby,,8/15/25 7:01 PM,8/15/25 7:10 PM,9 minutes and 12 seconds,Zoila Salinas
Tink-a-Tako - Potranco,Isabel Cisneros,431,32,Tortillero,,8/15/25 7:01 PM,8/15/25 7:10 PM,9 minutes and 12 seconds,Zoila Salinas
Tink-a-Tako - Potranco,Isabel Cisneros,431,32,Prep,,8/15/25 7:01 PM,8/15/25 7:10 PM,9 minutes and 12 seconds,Zoila Salinas
Tink-a-Tako - Potranco,Lizeth Alonso,430,,Lobby,,8/15/25 6:59 PM,8/15/25 7:11 PM,11 minutes and 54 seconds,Zoila Salinas
Tink-a-Tako - Potranco,Juan  Camacho,432,23,Lobby,,8/15/25 7:05 PM,8/15/25 7:12 PM,6 minutes and 14 seconds,Zoila Salinas
Tink-a-Tako - Potranco,Juan  Camacho,432,23,Tortillero,,8/15/25 7:05 PM,8/15/25 7:12 PM,6 minutes and 14 seconds,Zoila Salinas
Tink-a-Tako - Potranco,Juan  Camacho,432,23,Prep,,8/15/25 7:05 PM,8/15/25 7:12 PM,6 minutes and 14 seconds,Zoila Salinas
Tink-a-Tako - Potranco,Isabel Cisneros,431,32,,2,8/15/25 7:10 PM,8/15/25 7:13 PM,3 minutes and 8 seconds,Zoila Salinas
Tink-a-Tako - Potranco,Juan  Camacho,429,10,,2,8/15/25 7:06 PM,8/15/25 7:13 PM,6 minutes and 50 seconds,Zoila Salinas
Tink-a-Tako - Potranco,Juan  Camacho,432,23,,2,8/15/25 7:12 PM,8/15/25 7:13 PM,1 minute and 29 seconds,Zoila Salinas
Tink-a-Tako - Potranco,Isabel Cisneros,431,32,Lobby,,8/15/25 7:13 PM,8/15/25 7:15 PM,1 minute and 44 seconds,Zoila Salinas
Tink-a-Tako - Potranco,Lizeth Alonso,436,,Lobby,,8/15/25 7:10 PM,8/15/25 7:18 PM,7 minutes and 45 seconds,Zoila Salinas
Tink-a-Tako - Potranco,Isabel Cisneros,433,25,Lobby,,8/15/25 7:09 PM,8/15/25 7:21 PM,12 minutes and 3 seconds,Zoila Salinas
Tink-a-Tako - Potranco,Juan  Camacho,413,12,Lobby,,8/15/25 7:17 PM,8/15/25 7:21 PM,4 minutes and 5 seconds,Zoila Salinas
Tink-a-Tako - Potranco,Giselle Cisneross,438,,Lobby,,8/15/25 7:17 PM,8/15/25 7:25 PM,7 minutes and 48 seconds,Zoila Salinas
Tink-a-Tako - Potranco,Giselle Cisneross,438,,Prep,,8/15/25 7:17 PM,8/15/25 7:25 PM,7 minutes and 48 seconds,Zoila Salinas
Tink-a-Tako - Potranco,Isabel Cisneros,431,32,,2,8/15/25 7:30 PM,8/15/25 7:30 PM,10 seconds,Zoila Salinas
Tink-a-Tako - Potranco,Isabel Cisneros,439,22,Lobby,,8/15/25 7:24 PM,8/15/25 7:31 PM,7 minutes and 13 seconds,Zoila Salinas
Tink-a-Tako - Potranco,Lizeth Alonso,437,,Lobby,,8/15/25 7:18 PM,8/15/25 7:31 PM,13 minutes and 2 seconds,Zoila Salinas
Tink-a-Tako - Potranco,Lizeth Alonso,441,,Lobby,,8/15/25 7:28 PM,8/15/25 7:32 PM,3 minutes and 46 seconds,Zoila Salinas
Tink-a-Tako - Potranco,Lizeth Alonso,442,,Lobby,,8/15/25 7:29 PM,8/15/25 7:36 PM,6 minutes and 43 seconds,Zoila Salinas
Tink-a-Tako - Potranco,Giselle Cisneross,438,,,2,8/15/25 7:25 PM,8/15/25 7:38 PM,13 minutes and 20 seconds,Zoila Salinas
Tink-a-Tako - Potranco,Isabel Cisneros,433,25,,2,8/15/25 7:21 PM,8/15/25 7:38 PM,17 minutes and 24 seconds,Zoila Salinas
Tink-a-Tako - Potranco,Isabel Cisneros,431,32,,2,8/15/25 7:15 PM,8/15/25 7:38 PM,23 minutes and 47 seconds,Zoila Salinas
Tink-a-Tako - Potranco,Juan  Camacho,413,12,,2,8/15/25 7:21 PM,8/15/25 7:38 PM,17 minutes and 13 seconds,Zoila Salinas
Tink-a-Tako - Potranco,Isabel Cisneros,439,22,,2,8/15/25 7:31 PM,8/15/25 7:38 PM,7 minutes and 21 seconds,Zoila Salinas
Tink-a-Tako - Potranco,Isabel Cisneros,439,22,Lobby,,8/15/25 7:33 PM,8/15/25 7:45 PM,12 minutes and 16 seconds,Zoila Salinas
Tink-a-Tako - Potranco,Isabel Cisneros,417,34,Lobby,,8/15/25 7:39 PM,8/15/25 7:51 PM,12 minutes and 14 seconds,Zoila Salinas
Tink-a-Tako - Potranco,Isabel Cisneros,417,34,Tortillero,,8/15/25 7:39 PM,8/15/25 7:51 PM,12 minutes and 14 seconds,Zoila Salinas
Tink-a-Tako - Potranco,Isabel Cisneros,417,34,,2,8/15/25 7:51 PM,8/15/25 7:51 PM,13 seconds,Zoila Salinas
Tink-a-Tako - Potranco,Mayra Luna,445,,Lobby,,8/15/25 7:49 PM,8/15/25 7:54 PM,5 minutes and 23 seconds,Zoila Salinas
Tink-a-Tako - Potranco,Lizeth Alonso,443,,Lobby,,8/15/25 7:54 PM,8/15/25 7:56 PM,1 minute and 51 seconds,Zoila Salinas
Tink-a-Tako - Potranco,Isabel Cisneros,439,22,,2,8/15/25 7:45 PM,8/15/25 8:00 PM,15 minutes and 32 seconds,Zoila Salinas
Tink-a-Tako - Potranco,Isabel Cisneros,417,34,,2,8/15/25 7:51 PM,8/15/25 8:00 PM,9 minutes and 42 seconds,Zoila Salinas
Tink-a-Tako - Potranco,Mayra Luna,445,,,2,8/15/25 7:54 PM,8/15/25 8:00 PM,6 minutes and 21 seconds,Zoila Salinas
Tink-a-Tako - Potranco,Isabel Cisneros,417,34,,2,8/15/25 7:58 PM,8/15/25 8:01 PM,2 minutes and 4 seconds,Zoila Salinas
Tink-a-Tako - Potranco,Juan  Camacho,446,3,Lobby,,8/15/25 7:53 PM,8/15/25 8:06 PM,13 minutes and 28 seconds,Zoila Salinas
Tink-a-Tako - Potranco,Juan  Camacho,446,3,Tortillero,,8/15/25 7:53 PM,8/15/25 8:06 PM,13 minutes and 28 seconds,Zoila Salinas
Tink-a-Tako - Potranco,Juan  Camacho,446,3,Prep,,8/15/25 7:53 PM,8/15/25 8:06 PM,13 minutes and 28 seconds,Zoila Salinas
Tink-a-Tako - Potranco,Isabel Cisneros,448,9,Lobby,,8/15/25 8:00 PM,8/15/25 8:06 PM,6 minutes and 6 seconds,Zoila Salinas
Tink-a-Tako - Potranco,Isabel Cisneros,417,34,Lobby,,8/15/25 8:17 PM,8/15/25 8:20 PM,2 minutes and 57 seconds,Zoila Salinas
Tink-a-Tako - Potranco,Juan  Camacho,450,32,Lobby,,8/15/25 8:11 PM,8/15/25 8:28 PM,16 minutes and 31 seconds,Zoila Salinas
Tink-a-Tako - Potranco,Lizeth Alonso,449,,Lobby,,8/15/25 8:18 PM,8/15/25 8:28 PM,10 minutes and 42 seconds,Zoila Salinas
Tink-a-Tako - Potranco,Juan  Camacho,451,41,Lobby,,8/15/25 8:21 PM,8/15/25 8:32 PM,10 minutes and 54 seconds,Zoila Salinas
Tink-a-Tako - Potranco,Juan  Camacho,452,41,Lobby,,8/15/25 8:21 PM,8/15/25 8:32 PM,10 minutes and 55 seconds,Zoila Salinas
Tink-a-Tako - Potranco,Juan  Camacho,454,,Lobby,,8/15/25 8:23 PM,8/15/25 8:34 PM,10 minutes and 50 seconds,Zoila Salinas
Tink-a-Tako - Potranco,Lizeth Alonso,453,,Lobby,,8/15/25 8:23 PM,8/15/25 8:35 PM,11 minutes and 26 seconds,Zoila Salinas
Tink-a-Tako - Potranco,Juan  Camacho,454,,,2,8/15/25 8:34 PM,8/15/25 8:39 PM,5 minutes and 37 seconds,Zoila Salinas
Tink-a-Tako - Potranco,Juan  Camacho,451,41,,2,8/15/25 8:32 PM,8/15/25 8:39 PM,7 minutes and 24 seconds,Zoila Salinas
Tink-a-Tako - Potranco,Juan  Camacho,452,41,,2,8/15/25 8:32 PM,8/15/25 8:39 PM,7 minutes and 22 seconds,Zoila Salinas
Tink-a-Tako - Potranco,Juan  Camacho,450,32,,2,8/15/25 8:28 PM,8/15/25 8:39 PM,11 minutes and 32 seconds,Zoila Salinas
Tink-a-Tako - Potranco,Isabel Cisneros,417,34,,2,8/15/25 8:20 PM,8/15/25 8:39 PM,19 minutes and 5 seconds,Zoila Salinas
Tink-a-Tako - Potranco,Lizeth Alonso,455,,Lobby,,8/15/25 8:34 PM,8/15/25 8:42 PM,8 minutes and 27 seconds,Zoila Salinas
Tink-a-Tako - Potranco,Lizeth Alonso,455,,Prep,,8/15/25 8:34 PM,8/15/25 8:42 PM,8 minutes and 27 seconds,Zoila Salinas
Tink-a-Tako - Potranco,Lizeth Alonso,460,,Lobby,,8/15/25 8:39 PM,8/15/25 8:42 PM,3 minutes and 1 second,Zoila Salinas
Tink-a-Tako - Potranco,Lizeth Alonso,460,,Lobby,,8/15/25 8:42 PM,8/15/25 8:46 PM,3 minutes and 40 seconds,Zoila Salinas
Tink-a-Tako - Potranco,Isabel Cisneros,463,24,Lobby,,8/15/25 8:49 PM,8/15/25 9:01 PM,12 minutes and 23 seconds,Zoila Salinas
Tink-a-Tako - Potranco,Lizeth Alonso,462,,Lobby,,8/15/25 8:58 PM,8/15/25 9:11 PM,12 minutes and 24 seconds,Zoila Salinas
Tink-a-Tako - Potranco,Isabel Cisneros,466,4,Lobby,,8/15/25 9:12 PM,8/15/25 9:16 PM,4 minutes and 3 seconds,Zoila Salinas
Tink-a-Tako - Potranco,Juan  Camacho,465,32,Lobby,,8/15/25 9:12 PM,8/15/25 9:22 PM,10 minutes and 22 seconds,Zoila Salinas
Tink-a-Tako - Potranco,Lizeth Alonso,464,,Tortillero,,8/15/25 9:08 PM,8/15/25 9:23 PM,15 minutes and 39 seconds,Zoila Salinas
Tink-a-Tako - Potranco,Lizeth Alonso,464,,Lobby,,8/15/25 9:08 PM,8/15/25 9:23 PM,15 minutes and 39 seconds,Zoila Salinas
Tink-a-Tako - Potranco,Isabel Cisneros,448,9,,2,8/15/25 8:06 PM,8/15/25 9:28 PM,"1 hour, 21 minutes and 38 seconds",Zoila Salinas
Tink-a-Tako - Potranco,Juan  Camacho,446,3,,2,8/15/25 8:06 PM,8/15/25 9:28 PM,"1 hour, 21 minutes and 40 seconds",Zoila Salinas
Tink-a-Tako - Potranco,Lizeth Alonso,464,,,2,8/15/25 9:23 PM,8/15/25 9:28 PM,4 minutes and 52 seconds,Zoila Salinas
Tink-a-Tako - Potranco,Juan  Camacho,465,32,,2,8/15/25 9:22 PM,8/15/25 9:28 PM,5 minutes and 40 seconds,Zoila Salinas
Tink-a-Tako - Potranco,Isabel Cisneros,463,24,,2,8/15/25 9:01 PM,8/15/25 9:28 PM,26 minutes and 39 seconds,Zoila Salinas
Tink-a-Tako - Potranco,Isabel Cisneros,466,4,,2,8/15/25 9:16 PM,8/15/25 9:28 PM,11 minutes and 52 seconds,Zoila Salinas
Tink-a-Tako - Potranco,Isabel Cisneros,466,4,Lobby,,8/15/25 9:21 PM,8/15/25 9:32 PM,10 minutes and 52 seconds,Zoila Salinas
Tink-a-Tako - Potranco,Isabel Cisneros,463,24,Lobby,,8/15/25 9:25 PM,8/15/25 9:32 PM,7 minutes and 1 second,Zoila Salinas
Tink-a-Tako - Potranco,Lizeth Alonso,467,,Lobby,,8/15/25 9:35 PM,8/15/25 9:41 PM,5 minutes and 56 seconds,Zoila Salinas
Tink-a-Tako - Potranco,Isabel Cisneros,466,4,,2,8/15/25 9:32 PM,8/15/25 10:41 PM,"1 hour, 8 minutes and 24 seconds",Zoila Salinas
Tink-a-Tako - Potranco,Isabel Cisneros,463,24,,2,8/15/25 9:32 PM,8/15/25 10:41 PM,"1 hour, 8 minutes and 22 seconds",Zoila Salinas
Tink-a-Tako - Potranco,Juan  Camacho,472,,,2,8/15/25 9:56 PM,8/15/25 10:41 PM,44 minutes and 43 seconds,Zoila Salinas
