Location,Order #,Opened Date,Server,Table,Discount Name,Discount Reason,Comment,Discount Amount
Sandra's Cuisine - Potranco - 12060 Potranco Road,214,10/21/25 6:47 PM,Candy Del Angel,2,Open % Item,,,1.40
Sandra's Cuisine - Potranco - 12060 Potranco Road,182,10/21/25 4:10 PM,Adrian Morales,2,Reward Dollars,,,6.55
Sandra's Cuisine - Potranco - 12060 Potranco Road,169,10/21/25 2:51 PM,Adrian Morales,14,Open % Check,,,2.34
Sandra's Cuisine - Potranco - 12060 Potranco Road,163,10/21/25 2:28 PM,Adrian Morales,,Employee Discount - Check,Employee Discount,Employee,1.80
Sandra's Cuisine - Potranco - 12060 Potranco Road,135,10/21/25 12:34 PM,Melissa  Urena,,Reward Dollars,,,5.85
Sandra's Cuisine - Potranco - 12060 Potranco Road,113,10/21/25 11:30 AM,Sugey Cabrera,,Open % Item,,,1.20
Sandra's Cuisine - Potranco - 12060 Potranco Road,113,10/21/25 11:30 AM,Sugey Cabrera,,Open % Item,,,0.90
Sandra's Cuisine - Potranco - 12060 Potranco Road,105,10/21/25 10:51 AM,Melissa  Urena,,Open % Item,,,1.00
Sandra's Cuisine - Potranco - 12060 Potranco Road,77,10/21/25 9:45 AM,Melissa  Urena,,Reward Dollars,,,5.30
Sandra's Cuisine - Potranco - 12060 Potranco Road,61,10/21/25 9:01 AM,Sugey Cabrera,,Employee Discount - Check,Employee Discount,Employee,35.44
Sandra's Cuisine - Potranco - 12060 Potranco Road,52,10/21/25 8:50 AM,Melissa  Urena,,Reward Dollars,,,2.99
