Location,Server,Check #,Table,Station,Expediter Level,Fired Date,Fulfilled Date,Fulfillment Time,Fulfilled By
12060 Potranco Road,Melissa  Urena,3,,Drive Thru,,10/21/25 6:33 AM,10/21/25 6:35 AM,2 minutes and 11 seconds,KDS - Login Don't Delete
12060 Potranco Road,Melissa  Urena,3,,Food,,10/21/25 6:33 AM,10/21/25 6:35 AM,2 minutes and 11 seconds,KDS - Login Don't Delete
12060 Potranco Road,Melissa  Urena,1,,Food,,10/21/25 6:30 AM,10/21/25 6:35 AM,4 minutes and 15 seconds,KDS - Login Don't Delete
12060 Potranco Road,Melissa  Urena,4,,Drive Thru,,10/21/25 6:38 AM,10/21/25 6:44 AM,6 minutes and 1 second,KDS - Login Don't Delete
12060 Potranco Road,Melissa  Urena,4,,Food,,10/21/25 6:38 AM,10/21/25 6:44 AM,6 minutes and 1 second,KDS - Login Don't Delete
12060 Potranco Road,Melissa  Urena,5,,Drive Thru,,10/21/25 6:42 AM,10/21/25 6:44 AM,1 minute and 48 seconds,KDS - Login Don't Delete
12060 Potranco Road,Melissa  Urena,5,,Food,,10/21/25 6:42 AM,10/21/25 6:44 AM,1 minute and 48 seconds,KDS - Login Don't Delete
12060 Potranco Road,Melissa  Urena,7,,Drive Thru,,10/21/25 6:49 AM,10/21/25 6:51 AM,2 minutes and 25 seconds,KDS - Login Don't Delete
12060 Potranco Road,Melissa  Urena,7,,Food,,10/21/25 6:49 AM,10/21/25 6:51 AM,2 minutes and 25 seconds,KDS - Login Don't Delete
12060 Potranco Road,Lizbeth Garcia,6,27,No Print,,10/21/25 6:42 AM,10/21/25 6:57 AM,14 minutes and 27 seconds,KDS - Login Don't Delete
12060 Potranco Road,Lizbeth Garcia,6,27,Food,,10/21/25 6:42 AM,10/21/25 6:57 AM,14 minutes and 27 seconds,KDS - Login Don't Delete
12060 Potranco Road,Melissa  Urena,11,,Drive Thru,,10/21/25 7:13 AM,10/21/25 7:17 AM,4 minutes and 5 seconds,KDS - Login Don't Delete
12060 Potranco Road,Melissa  Urena,11,,Food,,10/21/25 7:13 AM,10/21/25 7:17 AM,4 minutes and 5 seconds,KDS - Login Don't Delete
12060 Potranco Road,Melissa  Urena,10,,Food,,10/21/25 7:09 AM,10/21/25 7:17 AM,7 minutes and 28 seconds,KDS - Login Don't Delete
12060 Potranco Road,Lizbeth Garcia,8,21,No Print,,10/21/25 7:11 AM,10/21/25 7:22 AM,10 minutes and 52 seconds,KDS - Login Don't Delete
12060 Potranco Road,Lizbeth Garcia,8,21,Food,,10/21/25 7:11 AM,10/21/25 7:22 AM,10 minutes and 52 seconds,KDS - Login Don't Delete
12060 Potranco Road,Lizbeth Garcia,8,21,Drive Thru,,10/21/25 7:11 AM,10/21/25 7:22 AM,10 minutes and 52 seconds,KDS - Login Don't Delete
12060 Potranco Road,Melissa  Urena,15,,Food,,10/21/25 7:28 AM,10/21/25 7:32 AM,4 minutes and 46 seconds,KDS - Login Don't Delete
12060 Potranco Road,Melissa  Urena,15,,Drive Thru,,10/21/25 7:28 AM,10/21/25 7:32 AM,4 minutes and 46 seconds,KDS - Login Don't Delete
12060 Potranco Road,Melissa  Urena,12,,Drive Thru,,10/21/25 7:25 AM,10/21/25 7:32 AM,6 minutes and 54 seconds,KDS - Login Don't Delete
12060 Potranco Road,Melissa  Urena,12,,Food,,10/21/25 7:25 AM,10/21/25 7:32 AM,6 minutes and 54 seconds,KDS - Login Don't Delete
12060 Potranco Road,Lizbeth Garcia,20,16,No Print,,10/21/25 7:38 AM,10/21/25 7:44 AM,5 minutes and 26 seconds,KDS - Login Don't Delete
12060 Potranco Road,Lizbeth Garcia,20,16,Food,,10/21/25 7:38 AM,10/21/25 7:44 AM,5 minutes and 26 seconds,KDS - Login Don't Delete
12060 Potranco Road,Melissa  Urena,21,,Food,,10/21/25 7:38 AM,10/21/25 7:44 AM,5 minutes and 45 seconds,KDS - Login Don't Delete
12060 Potranco Road,Melissa  Urena,22,,Drive Thru,,10/21/25 7:39 AM,10/21/25 7:44 AM,4 minutes and 25 seconds,KDS - Login Don't Delete
12060 Potranco Road,Melissa  Urena,22,,Food,,10/21/25 7:39 AM,10/21/25 7:44 AM,4 minutes and 25 seconds,KDS - Login Don't Delete
12060 Potranco Road,Melissa  Urena,23,,Drive Thru,,10/21/25 7:47 AM,10/21/25 7:48 AM,1 minute and 30 seconds,KDS - Login Don't Delete
12060 Potranco Road,Melissa  Urena,23,,Food,,10/21/25 7:47 AM,10/21/25 7:48 AM,1 minute and 30 seconds,KDS - Login Don't Delete
12060 Potranco Road,Melissa  Urena,24,,Drive Thru,,10/21/25 7:52 AM,10/21/25 7:54 AM,1 minute and 59 seconds,KDS - Login Don't Delete
12060 Potranco Road,Melissa  Urena,24,,Food,,10/21/25 7:52 AM,10/21/25 7:54 AM,1 minute and 59 seconds,KDS - Login Don't Delete
12060 Potranco Road,Melissa  Urena,25,,Drive Thru,,10/21/25 7:56 AM,10/21/25 7:57 AM,51 seconds,KDS - Login Don't Delete
12060 Potranco Road,Melissa  Urena,25,,Food,,10/21/25 7:56 AM,10/21/25 7:57 AM,51 seconds,KDS - Login Don't Delete
12060 Potranco Road,Sugey Cabrera,29,,Food,,10/21/25 8:03 AM,10/21/25 8:07 AM,3 minutes and 27 seconds,KDS - Login Don't Delete
12060 Potranco Road,Sugey Cabrera,29,,Drive Thru,,10/21/25 8:03 AM,10/21/25 8:07 AM,3 minutes and 27 seconds,KDS - Login Don't Delete
12060 Potranco Road,Melissa  Urena,27,,Drive Thru,,10/21/25 8:02 AM,10/21/25 8:07 AM,4 minutes and 45 seconds,KDS - Login Don't Delete
12060 Potranco Road,Melissa  Urena,27,,Food,,10/21/25 8:02 AM,10/21/25 8:07 AM,4 minutes and 45 seconds,KDS - Login Don't Delete
12060 Potranco Road,Melissa  Urena,26,,Drive Thru,,10/21/25 7:59 AM,10/21/25 8:07 AM,7 minutes and 46 seconds,KDS - Login Don't Delete
12060 Potranco Road,Melissa  Urena,26,,Food,,10/21/25 7:59 AM,10/21/25 8:07 AM,7 minutes and 46 seconds,KDS - Login Don't Delete
12060 Potranco Road,Sugey Cabrera,29,,,1,10/21/25 8:07 AM,10/21/25 8:08 AM,57 seconds,KDS - Login Don't Delete
12060 Potranco Road,Lizbeth Garcia,6,27,,1,10/21/25 6:42 AM,10/21/25 8:08 AM,"1 hour, 25 minutes and 12 seconds",KDS - Login Don't Delete
12060 Potranco Road,Lizbeth Garcia,8,21,,1,10/21/25 7:11 AM,10/21/25 8:08 AM,56 minutes and 33 seconds,KDS - Login Don't Delete
12060 Potranco Road,Lizbeth Garcia,20,16,,1,10/21/25 7:38 AM,10/21/25 8:08 AM,29 minutes and 33 seconds,KDS - Login Don't Delete
12060 Potranco Road,Melissa  Urena,28,,Drive Thru,,10/21/25 8:07 AM,10/21/25 8:08 AM,1 minute,KDS - Login Don't Delete
12060 Potranco Road,Melissa  Urena,28,,Food,,10/21/25 8:07 AM,10/21/25 8:08 AM,1 minute,KDS - Login Don't Delete
12060 Potranco Road,Melissa  Urena,32,,Drive Thru,,10/21/25 8:10 AM,10/21/25 8:11 AM,1 minute and 20 seconds,KDS - Login Don't Delete
12060 Potranco Road,Melissa  Urena,32,,Food,,10/21/25 8:10 AM,10/21/25 8:11 AM,1 minute and 20 seconds,KDS - Login Don't Delete
12060 Potranco Road,Melissa  Urena,31,,Drive Thru,,10/21/25 8:09 AM,10/21/25 8:11 AM,1 minute and 40 seconds,KDS - Login Don't Delete
12060 Potranco Road,Melissa  Urena,31,,Food,,10/21/25 8:09 AM,10/21/25 8:11 AM,1 minute and 40 seconds,KDS - Login Don't Delete
12060 Potranco Road,Melissa  Urena,33,,Drive Thru,,10/21/25 8:10 AM,10/21/25 8:14 AM,3 minutes and 56 seconds,KDS - Login Don't Delete
12060 Potranco Road,Melissa  Urena,33,,Food,,10/21/25 8:10 AM,10/21/25 8:14 AM,3 minutes and 56 seconds,KDS - Login Don't Delete
12060 Potranco Road,Melissa  Urena,38,,Food,,10/21/25 8:16 AM,10/21/25 8:17 AM,1 minute and 44 seconds,KDS - Login Don't Delete
12060 Potranco Road,Melissa  Urena,38,,Drive Thru,,10/21/25 8:16 AM,10/21/25 8:17 AM,1 minute and 44 seconds,KDS - Login Don't Delete
12060 Potranco Road,Melissa  Urena,34,,Food,,10/21/25 8:11 AM,10/21/25 8:17 AM,5 minutes and 51 seconds,KDS - Login Don't Delete
12060 Potranco Road,Melissa  Urena,37,,Food,,10/21/25 8:15 AM,10/21/25 8:17 AM,2 minutes and 43 seconds,KDS - Login Don't Delete
12060 Potranco Road,Melissa  Urena,40,,Food,,10/21/25 8:23 AM,10/21/25 8:27 AM,4 minutes and 4 seconds,KDS - Login Don't Delete
12060 Potranco Road,Melissa  Urena,39,,Drive Thru,,10/21/25 8:23 AM,10/21/25 8:27 AM,4 minutes and 32 seconds,KDS - Login Don't Delete
12060 Potranco Road,Melissa  Urena,39,,Food,,10/21/25 8:23 AM,10/21/25 8:27 AM,4 minutes and 32 seconds,KDS - Login Don't Delete
12060 Potranco Road,Melissa  Urena,42,,Food,,10/21/25 8:31 AM,10/21/25 8:36 AM,5 minutes and 7 seconds,KDS - Login Don't Delete
12060 Potranco Road,Melissa  Urena,42,,Drive Thru,,10/21/25 8:31 AM,10/21/25 8:36 AM,5 minutes and 7 seconds,KDS - Login Don't Delete
12060 Potranco Road,Melissa  Urena,41,,Food,,10/21/25 8:31 AM,10/21/25 8:36 AM,5 minutes and 44 seconds,KDS - Login Don't Delete
12060 Potranco Road,Melissa  Urena,41,,Drive Thru,,10/21/25 8:31 AM,10/21/25 8:36 AM,5 minutes and 44 seconds,KDS - Login Don't Delete
12060 Potranco Road,Melissa  Urena,41,,Drive Thru,,10/21/25 8:32 AM,10/21/25 8:36 AM,4 minutes and 24 seconds,KDS - Login Don't Delete
12060 Potranco Road,Melissa  Urena,41,,Food,,10/21/25 8:32 AM,10/21/25 8:36 AM,4 minutes and 24 seconds,KDS - Login Don't Delete
12060 Potranco Road,Leticia Roman,36,18,No Print,,10/21/25 8:37 AM,10/21/25 8:37 AM,25 seconds,KDS - Login Don't Delete
12060 Potranco Road,Leticia Roman,36,18,Food,,10/21/25 8:37 AM,10/21/25 8:37 AM,25 seconds,KDS - Login Don't Delete
12060 Potranco Road,Melissa  Urena,43,,Drive Thru,,10/21/25 8:37 AM,10/21/25 8:37 AM,12 seconds,KDS - Login Don't Delete
12060 Potranco Road,Melissa  Urena,43,,Food,,10/21/25 8:37 AM,10/21/25 8:37 AM,12 seconds,KDS - Login Don't Delete
12060 Potranco Road,Lizbeth Garcia,20,16,No Print,,10/21/25 8:37 AM,10/21/25 8:41 AM,4 minutes and 31 seconds,KDS - Login Don't Delete
12060 Potranco Road,Lizbeth Garcia,20,16,Food,,10/21/25 8:37 AM,10/21/25 8:41 AM,4 minutes and 31 seconds,KDS - Login Don't Delete
12060 Potranco Road,Melissa  Urena,47,,Drive Thru,,10/21/25 8:40 AM,10/21/25 8:46 AM,6 minutes and 11 seconds,KDS - Login Don't Delete
12060 Potranco Road,Melissa  Urena,47,,Food,,10/21/25 8:40 AM,10/21/25 8:46 AM,6 minutes and 11 seconds,KDS - Login Don't Delete
12060 Potranco Road,Melissa  Urena,48,,Drive Thru,,10/21/25 8:41 AM,10/21/25 8:46 AM,5 minutes and 10 seconds,KDS - Login Don't Delete
12060 Potranco Road,Melissa  Urena,48,,Food,,10/21/25 8:41 AM,10/21/25 8:46 AM,5 minutes and 10 seconds,KDS - Login Don't Delete
12060 Potranco Road,Melissa  Urena,45,,Drive Thru,,10/21/25 8:36 AM,10/21/25 8:46 AM,9 minutes and 51 seconds,KDS - Login Don't Delete
12060 Potranco Road,Melissa  Urena,45,,Food,,10/21/25 8:36 AM,10/21/25 8:46 AM,9 minutes and 51 seconds,KDS - Login Don't Delete
12060 Potranco Road,Melissa  Urena,49,,Food,,10/21/25 8:47 AM,10/21/25 8:49 AM,1 minute and 48 seconds,KDS - Login Don't Delete
12060 Potranco Road,Melissa  Urena,49,,Drive Thru,,10/21/25 8:47 AM,10/21/25 8:49 AM,1 minute and 48 seconds,KDS - Login Don't Delete
12060 Potranco Road,Melissa  Urena,51,,Drive Thru,,10/21/25 8:49 AM,10/21/25 8:53 AM,3 minutes and 31 seconds,KDS - Login Don't Delete
12060 Potranco Road,Melissa  Urena,51,,Food,,10/21/25 8:49 AM,10/21/25 8:53 AM,3 minutes and 31 seconds,KDS - Login Don't Delete
12060 Potranco Road,Melissa  Urena,50,,Drive Thru,,10/21/25 8:48 AM,10/21/25 8:53 AM,4 minutes and 43 seconds,KDS - Login Don't Delete
12060 Potranco Road,Melissa  Urena,50,,Food,,10/21/25 8:48 AM,10/21/25 8:53 AM,4 minutes and 43 seconds,KDS - Login Don't Delete
12060 Potranco Road,Melissa  Urena,53,,Drive Thru,,10/21/25 8:51 AM,10/21/25 8:54 AM,2 minutes and 53 seconds,KDS - Login Don't Delete
12060 Potranco Road,Melissa  Urena,53,,Food,,10/21/25 8:51 AM,10/21/25 8:54 AM,2 minutes and 53 seconds,KDS - Login Don't Delete
12060 Potranco Road,Melissa  Urena,52,,Drive Thru,,10/21/25 8:50 AM,10/21/25 8:54 AM,3 minutes and 26 seconds,KDS - Login Don't Delete
12060 Potranco Road,Melissa  Urena,52,,Food,,10/21/25 8:50 AM,10/21/25 8:54 AM,3 minutes and 26 seconds,KDS - Login Don't Delete
12060 Potranco Road,Sugey Cabrera,55,,Food,,10/21/25 8:54 AM,10/21/25 8:58 AM,4 minutes and 1 second,KDS - Login Don't Delete
12060 Potranco Road,Sugey Cabrera,55,,Drive Thru,,10/21/25 8:54 AM,10/21/25 8:58 AM,4 minutes and 1 second,KDS - Login Don't Delete
12060 Potranco Road,Sugey Cabrera,54,,Food,,10/21/25 8:52 AM,10/21/25 8:58 AM,5 minutes and 35 seconds,KDS - Login Don't Delete
12060 Potranco Road,Sugey Cabrera,54,,Drive Thru,,10/21/25 8:52 AM,10/21/25 8:58 AM,5 minutes and 35 seconds,KDS - Login Don't Delete
12060 Potranco Road,Melissa  Urena,56,,Food,,10/21/25 8:54 AM,10/21/25 8:58 AM,3 minutes and 49 seconds,KDS - Login Don't Delete
12060 Potranco Road,Melissa  Urena,58,,Food,,10/21/25 8:56 AM,10/21/25 8:58 AM,2 minutes and 19 seconds,KDS - Login Don't Delete
12060 Potranco Road,Melissa  Urena,53,,Food,,10/21/25 8:57 AM,10/21/25 8:59 AM,2 minutes and 22 seconds,KDS - Login Don't Delete
12060 Potranco Road,Melissa  Urena,60,,Food,,10/21/25 8:58 AM,10/21/25 8:59 AM,1 minute and 7 seconds,KDS - Login Don't Delete
12060 Potranco Road,Melissa  Urena,60,,Drive Thru,,10/21/25 8:58 AM,10/21/25 8:59 AM,1 minute and 7 seconds,KDS - Login Don't Delete
12060 Potranco Road,Leticia Roman,35,31,,1,10/21/25 8:13 AM,10/21/25 9:00 AM,47 minutes and 44 seconds,KDS - Login Don't Delete
12060 Potranco Road,Sugey Cabrera,55,,,1,10/21/25 8:58 AM,10/21/25 9:00 AM,2 minutes and 36 seconds,KDS - Login Don't Delete
12060 Potranco Road,Leticia Roman,36,18,,1,10/21/25 8:13 AM,10/21/25 9:00 AM,47 minutes and 34 seconds,KDS - Login Don't Delete
12060 Potranco Road,Melissa  Urena,57,,,1,10/21/25 8:55 AM,10/21/25 9:00 AM,5 minutes and 10 seconds,KDS - Login Don't Delete
12060 Potranco Road,Sugey Cabrera,54,,,1,10/21/25 8:52 AM,10/21/25 9:00 AM,8 minutes and 12 seconds,KDS - Login Don't Delete
12060 Potranco Road,Leticia Roman,36,18,,1,10/21/25 8:37 AM,10/21/25 9:00 AM,23 minutes and 29 seconds,KDS - Login Don't Delete
12060 Potranco Road,Lizbeth Garcia,20,16,,1,10/21/25 8:41 AM,10/21/25 9:00 AM,19 minutes and 10 seconds,KDS - Login Don't Delete
12060 Potranco Road,Melissa  Urena,60,,Drive Thru,,10/21/25 9:01 AM,10/21/25 9:02 AM,1 minute and 16 seconds,KDS - Login Don't Delete
12060 Potranco Road,Melissa  Urena,60,,Food,,10/21/25 9:01 AM,10/21/25 9:02 AM,1 minute and 16 seconds,KDS - Login Don't Delete
12060 Potranco Road,Lizbeth Garcia,19,21,No Print,,10/21/25 9:00 AM,10/21/25 9:06 AM,6 minutes and 31 seconds,KDS - Login Don't Delete
12060 Potranco Road,Lizbeth Garcia,19,21,Food,,10/21/25 9:00 AM,10/21/25 9:06 AM,6 minutes and 31 seconds,KDS - Login Don't Delete
12060 Potranco Road,Lizbeth Garcia,19,21,Drive Thru,,10/21/25 9:00 AM,10/21/25 9:06 AM,6 minutes and 31 seconds,KDS - Login Don't Delete
12060 Potranco Road,Melissa  Urena,65,,Drive Thru,,10/21/25 9:08 AM,10/21/25 9:11 AM,2 minutes and 57 seconds,KDS - Login Don't Delete
12060 Potranco Road,Melissa  Urena,65,,Food,,10/21/25 9:08 AM,10/21/25 9:11 AM,2 minutes and 57 seconds,KDS - Login Don't Delete
12060 Potranco Road,Melissa  Urena,64,,Drive Thru,,10/21/25 9:06 AM,10/21/25 9:11 AM,4 minutes and 33 seconds,KDS - Login Don't Delete
12060 Potranco Road,Melissa  Urena,64,,Food,,10/21/25 9:06 AM,10/21/25 9:11 AM,4 minutes and 33 seconds,KDS - Login Don't Delete
12060 Potranco Road,Melissa  Urena,67,,Drive Thru,,10/21/25 9:09 AM,10/21/25 9:11 AM,2 minutes and 7 seconds,KDS - Login Don't Delete
12060 Potranco Road,Melissa  Urena,67,,Food,,10/21/25 9:09 AM,10/21/25 9:11 AM,2 minutes and 7 seconds,KDS - Login Don't Delete
12060 Potranco Road,Melissa  Urena,67,,Drive Thru,,10/21/25 9:09 AM,10/21/25 9:11 AM,2 minutes and 13 seconds,KDS - Login Don't Delete
12060 Potranco Road,Melissa  Urena,67,,Food,,10/21/25 9:09 AM,10/21/25 9:11 AM,2 minutes and 13 seconds,KDS - Login Don't Delete
12060 Potranco Road,Sugey Cabrera,61,,No Print,,10/21/25 9:03 AM,10/21/25 9:13 AM,9 minutes and 12 seconds,KDS - Login Don't Delete
12060 Potranco Road,Sugey Cabrera,61,,Food,,10/21/25 9:03 AM,10/21/25 9:13 AM,9 minutes and 12 seconds,KDS - Login Don't Delete
12060 Potranco Road,Leticia Roman,63,23,No Print,,10/21/25 9:05 AM,10/21/25 9:13 AM,7 minutes and 13 seconds,KDS - Login Don't Delete
12060 Potranco Road,Leticia Roman,63,23,Food,,10/21/25 9:05 AM,10/21/25 9:13 AM,7 minutes and 13 seconds,KDS - Login Don't Delete
12060 Potranco Road,Leticia Roman,63,23,Drinks,,10/21/25 9:05 AM,10/21/25 9:13 AM,7 minutes and 13 seconds,KDS - Login Don't Delete
12060 Potranco Road,Leticia Roman,63,23,Drive Thru,,10/21/25 9:05 AM,10/21/25 9:13 AM,7 minutes and 13 seconds,KDS - Login Don't Delete
12060 Potranco Road,Carlos Morales,68,,,1,10/21/25 9:12 AM,10/21/25 9:24 AM,11 minutes and 57 seconds,KDS - Login Don't Delete
12060 Potranco Road,Leticia Roman,63,23,,1,10/21/25 9:02 AM,10/21/25 9:24 AM,22 minutes and 41 seconds,KDS - Login Don't Delete
12060 Potranco Road,Sugey Cabrera,61,,,1,10/21/25 9:13 AM,10/21/25 9:24 AM,11 minutes and 49 seconds,KDS - Login Don't Delete
12060 Potranco Road,Leticia Roman,63,23,,1,10/21/25 9:13 AM,10/21/25 9:24 AM,11 minutes and 51 seconds,KDS - Login Don't Delete
12060 Potranco Road,Lizbeth Garcia,19,21,,1,10/21/25 9:00 AM,10/21/25 9:24 AM,24 minutes and 54 seconds,KDS - Login Don't Delete
12060 Potranco Road,Melissa  Urena,70,,Drive Thru,,10/21/25 9:17 AM,10/21/25 9:34 AM,16 minutes and 22 seconds,KDS - Login Don't Delete
12060 Potranco Road,Melissa  Urena,70,,Food,,10/21/25 9:17 AM,10/21/25 9:34 AM,16 minutes and 22 seconds,KDS - Login Don't Delete
12060 Potranco Road,Melissa  Urena,71,,Drive Thru,,10/21/25 9:24 AM,10/21/25 9:34 AM,9 minutes and 11 seconds,KDS - Login Don't Delete
12060 Potranco Road,Melissa  Urena,71,,Food,,10/21/25 9:24 AM,10/21/25 9:34 AM,9 minutes and 11 seconds,KDS - Login Don't Delete
12060 Potranco Road,Sugey Cabrera,73,,Food,,10/21/25 9:30 AM,10/21/25 9:35 AM,4 minutes and 39 seconds,KDS - Login Don't Delete
12060 Potranco Road,Sugey Cabrera,73,,Drive Thru,,10/21/25 9:30 AM,10/21/25 9:35 AM,4 minutes and 39 seconds,KDS - Login Don't Delete
12060 Potranco Road,Melissa  Urena,72,,Drive Thru,,10/21/25 9:31 AM,10/21/25 9:36 AM,5 minutes and 8 seconds,KDS - Login Don't Delete
12060 Potranco Road,Melissa  Urena,72,,Food,,10/21/25 9:31 AM,10/21/25 9:36 AM,5 minutes and 8 seconds,KDS - Login Don't Delete
12060 Potranco Road,Sugey Cabrera,61,,No Print,,10/21/25 9:31 AM,10/21/25 9:37 AM,6 minutes and 15 seconds,KDS - Login Don't Delete
12060 Potranco Road,Sugey Cabrera,61,,Food,,10/21/25 9:31 AM,10/21/25 9:37 AM,6 minutes and 15 seconds,KDS - Login Don't Delete
12060 Potranco Road,Sugey Cabrera,74,,Food,,10/21/25 9:39 AM,10/21/25 9:41 AM,1 minute and 24 seconds,KDS - Login Don't Delete
12060 Potranco Road,Sugey Cabrera,74,,Drive Thru,,10/21/25 9:39 AM,10/21/25 9:41 AM,1 minute and 24 seconds,KDS - Login Don't Delete
12060 Potranco Road,Sugey Cabrera,74,,,1,10/21/25 9:41 AM,10/21/25 9:50 AM,9 minutes and 35 seconds,KDS - Login Don't Delete
12060 Potranco Road,Sugey Cabrera,61,,,1,10/21/25 9:37 AM,10/21/25 9:50 AM,12 minutes and 57 seconds,KDS - Login Don't Delete
12060 Potranco Road,Lizbeth Garcia,78,15,,1,10/21/25 9:47 AM,10/21/25 9:50 AM,3 minutes and 42 seconds,KDS - Login Don't Delete
12060 Potranco Road,Sugey Cabrera,73,,,1,10/21/25 9:30 AM,10/21/25 9:50 AM,19 minutes and 47 seconds,KDS - Login Don't Delete
12060 Potranco Road,Melissa  Urena,75,,Drive Thru,,10/21/25 9:45 AM,10/21/25 9:52 AM,6 minutes and 15 seconds,KDS - Login Don't Delete
12060 Potranco Road,Melissa  Urena,75,,Food,,10/21/25 9:45 AM,10/21/25 9:52 AM,6 minutes and 15 seconds,KDS - Login Don't Delete
12060 Potranco Road,Melissa  Urena,77,,Drive Thru,,10/21/25 9:49 AM,10/21/25 9:52 AM,2 minutes and 41 seconds,KDS - Login Don't Delete
12060 Potranco Road,Melissa  Urena,77,,Food,,10/21/25 9:49 AM,10/21/25 9:52 AM,2 minutes and 41 seconds,KDS - Login Don't Delete
12060 Potranco Road,Leticia Roman,79,26,No Print,,10/21/25 9:50 AM,10/21/25 9:54 AM,3 minutes and 56 seconds,KDS - Login Don't Delete
12060 Potranco Road,Leticia Roman,79,26,Food,,10/21/25 9:50 AM,10/21/25 9:54 AM,3 minutes and 56 seconds,KDS - Login Don't Delete
12060 Potranco Road,Melissa  Urena,80,,Drive Thru,,10/21/25 9:51 AM,10/21/25 9:55 AM,4 minutes and 19 seconds,KDS - Login Don't Delete
12060 Potranco Road,Melissa  Urena,80,,Food,,10/21/25 9:51 AM,10/21/25 9:55 AM,4 minutes and 19 seconds,KDS - Login Don't Delete
12060 Potranco Road,Melissa  Urena,81,,Drive Thru,,10/21/25 9:58 AM,10/21/25 10:02 AM,4 minutes and 3 seconds,KDS - Login Don't Delete
12060 Potranco Road,Melissa  Urena,81,,Food,,10/21/25 9:58 AM,10/21/25 10:02 AM,4 minutes and 3 seconds,KDS - Login Don't Delete
12060 Potranco Road,Melissa  Urena,82,,Drive Thru,,10/21/25 10:07 AM,10/21/25 10:11 AM,3 minutes and 42 seconds,KDS - Login Don't Delete
12060 Potranco Road,Melissa  Urena,82,,Food,,10/21/25 10:07 AM,10/21/25 10:11 AM,3 minutes and 42 seconds,KDS - Login Don't Delete
12060 Potranco Road,Melissa  Urena,83,,Food,,10/21/25 10:08 AM,10/21/25 10:13 AM,4 minutes and 38 seconds,KDS - Login Don't Delete
12060 Potranco Road,Melissa  Urena,83,,Drive Thru,,10/21/25 10:08 AM,10/21/25 10:13 AM,4 minutes and 38 seconds,KDS - Login Don't Delete
12060 Potranco Road,Melissa  Urena,86,,Drive Thru,,10/21/25 10:12 AM,10/21/25 10:15 AM,2 minutes and 25 seconds,KDS - Login Don't Delete
12060 Potranco Road,Melissa  Urena,86,,Food,,10/21/25 10:12 AM,10/21/25 10:15 AM,2 minutes and 25 seconds,KDS - Login Don't Delete
12060 Potranco Road,Leticia Roman,79,26,,1,10/21/25 9:50 AM,10/21/25 10:16 AM,25 minutes and 57 seconds,KDS - Login Don't Delete
12060 Potranco Road,Leticia Roman,79,26,,1,10/21/25 10:09 AM,10/21/25 10:16 AM,7 minutes and 13 seconds,KDS - Login Don't Delete
12060 Potranco Road,Leticia Roman,84,23,,1,10/21/25 10:12 AM,10/21/25 10:16 AM,3 minutes and 41 seconds,KDS - Login Don't Delete
12060 Potranco Road,Melissa  Urena,87,,Drive Thru,,10/21/25 10:14 AM,10/21/25 10:18 AM,3 minutes and 58 seconds,KDS - Login Don't Delete
12060 Potranco Road,Melissa  Urena,87,,Food,,10/21/25 10:14 AM,10/21/25 10:18 AM,3 minutes and 58 seconds,KDS - Login Don't Delete
12060 Potranco Road,Melissa  Urena,91,,Drive Thru,,10/21/25 10:17 AM,10/21/25 10:21 AM,4 minutes and 22 seconds,KDS - Login Don't Delete
12060 Potranco Road,Melissa  Urena,91,,Food,,10/21/25 10:17 AM,10/21/25 10:21 AM,4 minutes and 22 seconds,KDS - Login Don't Delete
12060 Potranco Road,Melissa  Urena,87,,Drive Thru,,10/21/25 10:19 AM,10/21/25 10:21 AM,2 minutes,KDS - Login Don't Delete
12060 Potranco Road,Melissa  Urena,87,,Food,,10/21/25 10:19 AM,10/21/25 10:21 AM,2 minutes,KDS - Login Don't Delete
12060 Potranco Road,Lizbeth Garcia,85,4,No Print,,10/21/25 10:14 AM,10/21/25 10:22 AM,7 minutes and 10 seconds,KDS - Login Don't Delete
12060 Potranco Road,Lizbeth Garcia,85,4,Food,,10/21/25 10:14 AM,10/21/25 10:22 AM,7 minutes and 10 seconds,KDS - Login Don't Delete
12060 Potranco Road,Melissa  Urena,93,,Drive Thru,,10/21/25 10:22 AM,10/21/25 10:23 AM,1 minute and 5 seconds,KDS - Login Don't Delete
12060 Potranco Road,Melissa  Urena,93,,Food,,10/21/25 10:22 AM,10/21/25 10:23 AM,1 minute and 5 seconds,KDS - Login Don't Delete
12060 Potranco Road,Lizbeth Garcia,95,26,No Print,,10/21/25 10:28 AM,10/21/25 10:35 AM,7 minutes and 10 seconds,KDS - Login Don't Delete
12060 Potranco Road,Lizbeth Garcia,95,26,Food,,10/21/25 10:28 AM,10/21/25 10:35 AM,7 minutes and 10 seconds,KDS - Login Don't Delete
12060 Potranco Road,Leticia Roman,96,2,No Print,,10/21/25 10:31 AM,10/21/25 10:35 AM,4 minutes and 35 seconds,KDS - Login Don't Delete
12060 Potranco Road,Leticia Roman,96,2,Food,,10/21/25 10:31 AM,10/21/25 10:35 AM,4 minutes and 35 seconds,KDS - Login Don't Delete
12060 Potranco Road,Leticia Roman,96,2,Drive Thru,,10/21/25 10:31 AM,10/21/25 10:35 AM,4 minutes and 35 seconds,KDS - Login Don't Delete
12060 Potranco Road,Melissa  Urena,94,,Drive Thru,,10/21/25 10:26 AM,10/21/25 10:35 AM,9 minutes and 42 seconds,KDS - Login Don't Delete
12060 Potranco Road,Melissa  Urena,94,,Food,,10/21/25 10:26 AM,10/21/25 10:35 AM,9 minutes and 42 seconds,KDS - Login Don't Delete
12060 Potranco Road,Leticia Roman,96,2,,1,10/21/25 10:35 AM,10/21/25 10:37 AM,2 minutes and 3 seconds,KDS - Login Don't Delete
12060 Potranco Road,Melissa  Urena,97,,Drive Thru,,10/21/25 10:36 AM,10/21/25 10:39 AM,2 minutes and 30 seconds,KDS - Login Don't Delete
12060 Potranco Road,Melissa  Urena,97,,Food,,10/21/25 10:36 AM,10/21/25 10:39 AM,2 minutes and 30 seconds,KDS - Login Don't Delete
12060 Potranco Road,Melissa  Urena,98,,Drive Thru,,10/21/25 10:38 AM,10/21/25 10:39 AM,1 minute and 21 seconds,KDS - Login Don't Delete
12060 Potranco Road,Melissa  Urena,98,,Food,,10/21/25 10:38 AM,10/21/25 10:39 AM,1 minute and 21 seconds,KDS - Login Don't Delete
12060 Potranco Road,Melissa  Urena,102,,Drive Thru,,10/21/25 10:47 AM,10/21/25 10:49 AM,2 minutes and 43 seconds,KDS - Login Don't Delete
12060 Potranco Road,Melissa  Urena,102,,Food,,10/21/25 10:47 AM,10/21/25 10:49 AM,2 minutes and 43 seconds,KDS - Login Don't Delete
12060 Potranco Road,Leticia Roman,101,16,No Print,,10/21/25 10:46 AM,10/21/25 10:51 AM,4 minutes and 58 seconds,KDS - Login Don't Delete
12060 Potranco Road,Leticia Roman,101,16,Food,,10/21/25 10:46 AM,10/21/25 10:51 AM,4 minutes and 58 seconds,KDS - Login Don't Delete
12060 Potranco Road,Lizbeth Garcia,100,20,Food,,10/21/25 10:50 AM,10/21/25 10:51 AM,1 minute and 26 seconds,KDS - Login Don't Delete
12060 Potranco Road,Lizbeth Garcia,100,20,Drive Thru,,10/21/25 10:50 AM,10/21/25 10:51 AM,1 minute and 26 seconds,KDS - Login Don't Delete
12060 Potranco Road,Lizbeth Garcia,100,20,No Print,,10/21/25 10:43 AM,10/21/25 10:51 AM,7 minutes and 50 seconds,KDS - Login Don't Delete
12060 Potranco Road,Lizbeth Garcia,100,20,Food,,10/21/25 10:43 AM,10/21/25 10:51 AM,7 minutes and 50 seconds,KDS - Login Don't Delete
12060 Potranco Road,Lizbeth Garcia,100,20,,1,10/21/25 10:51 AM,10/21/25 10:53 AM,2 minutes and 15 seconds,KDS - Login Don't Delete
12060 Potranco Road,Lizbeth Garcia,85,4,,1,10/21/25 10:14 AM,10/21/25 10:54 AM,39 minutes and 9 seconds,KDS - Login Don't Delete
12060 Potranco Road,Lizbeth Garcia,95,26,,1,10/21/25 10:28 AM,10/21/25 10:54 AM,25 minutes and 32 seconds,KDS - Login Don't Delete
12060 Potranco Road,Lizbeth Garcia,100,20,,1,10/21/25 10:43 AM,10/21/25 10:54 AM,10 minutes and 20 seconds,KDS - Login Don't Delete
12060 Potranco Road,Lizbeth Garcia,107,34,No Print,,10/21/25 10:53 AM,10/21/25 10:56 AM,2 minutes and 50 seconds,KDS - Login Don't Delete
12060 Potranco Road,Lizbeth Garcia,107,34,Food,,10/21/25 10:53 AM,10/21/25 10:56 AM,2 minutes and 50 seconds,KDS - Login Don't Delete
12060 Potranco Road,Melissa  Urena,104,,Food,,10/21/25 10:50 AM,10/21/25 10:58 AM,8 minutes and 14 seconds,KDS - Login Don't Delete
12060 Potranco Road,Melissa  Urena,103,,Drive Thru,,10/21/25 10:48 AM,10/21/25 10:58 AM,10 minutes and 15 seconds,KDS - Login Don't Delete
12060 Potranco Road,Melissa  Urena,103,,Food,,10/21/25 10:48 AM,10/21/25 10:58 AM,10 minutes and 15 seconds,KDS - Login Don't Delete
12060 Potranco Road,Melissa  Urena,108,,Drive Thru,,10/21/25 10:56 AM,10/21/25 10:58 AM,2 minutes and 34 seconds,KDS - Login Don't Delete
12060 Potranco Road,Melissa  Urena,108,,Food,,10/21/25 10:56 AM,10/21/25 10:58 AM,2 minutes and 34 seconds,KDS - Login Don't Delete
12060 Potranco Road,Melissa  Urena,105,,Drive Thru,,10/21/25 10:51 AM,10/21/25 10:58 AM,7 minutes and 24 seconds,KDS - Login Don't Delete
12060 Potranco Road,Melissa  Urena,105,,Food,,10/21/25 10:51 AM,10/21/25 10:58 AM,7 minutes and 24 seconds,KDS - Login Don't Delete
12060 Potranco Road,Melissa  Urena,109,,Drive Thru,,10/21/25 10:57 AM,10/21/25 11:00 AM,2 minutes and 47 seconds,KDS - Login Don't Delete
12060 Potranco Road,Melissa  Urena,109,,Food,,10/21/25 10:57 AM,10/21/25 11:00 AM,2 minutes and 47 seconds,KDS - Login Don't Delete
12060 Potranco Road,Leticia Roman,106,12,No Print,,10/21/25 11:01 AM,10/21/25 11:03 AM,2 minutes and 16 seconds,KDS - Login Don't Delete
12060 Potranco Road,Lizbeth Garcia,100,20,No Print,,10/21/25 10:58 AM,10/21/25 11:03 AM,5 minutes and 16 seconds,KDS - Login Don't Delete
12060 Potranco Road,Lizbeth Garcia,100,20,Food,,10/21/25 10:58 AM,10/21/25 11:03 AM,5 minutes and 16 seconds,KDS - Login Don't Delete
12060 Potranco Road,Leticia Roman,106,12,Food,,10/21/25 11:01 AM,10/21/25 11:03 AM,2 minutes and 16 seconds,KDS - Login Don't Delete
12060 Potranco Road,Melissa  Urena,111,,Drive Thru,,10/21/25 11:06 AM,10/21/25 11:13 AM,7 minutes and 31 seconds,KDS - Login Don't Delete
12060 Potranco Road,Melissa  Urena,111,,Food,,10/21/25 11:06 AM,10/21/25 11:13 AM,7 minutes and 31 seconds,KDS - Login Don't Delete
12060 Potranco Road,Melissa  Urena,110,,Food,,10/21/25 11:03 AM,10/21/25 11:13 AM,10 minutes and 39 seconds,KDS - Login Don't Delete
12060 Potranco Road,Sugey Cabrera,113,,,1,10/21/25 11:32 AM,10/21/25 11:38 AM,6 minutes and 1 second,KDS - Login Don't Delete
12060 Potranco Road,Leticia Roman,101,16,,1,10/21/25 10:51 AM,10/21/25 11:38 AM,46 minutes and 43 seconds,KDS - Login Don't Delete
12060 Potranco Road,Lizbeth Garcia,100,20,,1,10/21/25 11:03 AM,10/21/25 11:38 AM,34 minutes and 51 seconds,KDS - Login Don't Delete
12060 Potranco Road,Leticia Roman,106,12,,1,10/21/25 11:03 AM,10/21/25 11:38 AM,34 minutes and 53 seconds,KDS - Login Don't Delete
12060 Potranco Road,Leticia Roman,101,16,,1,10/21/25 10:59 AM,10/21/25 11:38 AM,39 minutes and 24 seconds,KDS - Login Don't Delete
12060 Potranco Road,Leticia Roman,96,2,,1,10/21/25 11:01 AM,10/21/25 11:38 AM,36 minutes and 55 seconds,KDS - Login Don't Delete
12060 Potranco Road,Lizbeth Garcia,107,34,,1,10/21/25 10:53 AM,10/21/25 11:38 AM,45 minutes and 5 seconds,KDS - Login Don't Delete
12060 Potranco Road,Leticia Roman,106,12,,1,10/21/25 10:52 AM,10/21/25 11:38 AM,45 minutes and 43 seconds,KDS - Login Don't Delete
12060 Potranco Road,Leticia Roman,106,12,,1,10/21/25 11:34 AM,10/21/25 11:38 AM,4 minutes and 20 seconds,KDS - Login Don't Delete
12060 Potranco Road,Melissa  Urena,112,,Drive Thru,,10/21/25 11:32 AM,10/21/25 11:46 AM,13 minutes and 32 seconds,KDS - Login Don't Delete
12060 Potranco Road,Melissa  Urena,112,,Food,,10/21/25 11:32 AM,10/21/25 11:46 AM,13 minutes and 32 seconds,KDS - Login Don't Delete
12060 Potranco Road,Melissa  Urena,114,,Drive Thru,,10/21/25 11:33 AM,10/21/25 11:46 AM,12 minutes and 36 seconds,KDS - Login Don't Delete
12060 Potranco Road,Melissa  Urena,114,,Food,,10/21/25 11:33 AM,10/21/25 11:46 AM,12 minutes and 36 seconds,KDS - Login Don't Delete
12060 Potranco Road,Lizbeth Garcia,116,1,No Print,,10/21/25 11:43 AM,10/21/25 11:49 AM,6 minutes and 22 seconds,KDS - Login Don't Delete
12060 Potranco Road,Lizbeth Garcia,116,1,Food,,10/21/25 11:43 AM,10/21/25 11:49 AM,6 minutes and 22 seconds,KDS - Login Don't Delete
12060 Potranco Road,Lizbeth Garcia,116,1,Drinks,,10/21/25 11:43 AM,10/21/25 11:49 AM,6 minutes and 22 seconds,KDS - Login Don't Delete
12060 Potranco Road,Lizbeth Garcia,116,1,Drive Thru,,10/21/25 11:43 AM,10/21/25 11:49 AM,6 minutes and 22 seconds,KDS - Login Don't Delete
12060 Potranco Road,Melissa  Urena,115,,Drive Thru,,10/21/25 11:47 AM,10/21/25 11:51 AM,3 minutes and 44 seconds,KDS - Login Don't Delete
12060 Potranco Road,Melissa  Urena,115,,Food,,10/21/25 11:47 AM,10/21/25 11:51 AM,3 minutes and 44 seconds,KDS - Login Don't Delete
12060 Potranco Road,Melissa  Urena,120,,Drive Thru,,10/21/25 11:50 AM,10/21/25 11:52 AM,1 minute and 54 seconds,KDS - Login Don't Delete
12060 Potranco Road,Melissa  Urena,120,,Food,,10/21/25 11:50 AM,10/21/25 11:52 AM,1 minute and 54 seconds,KDS - Login Don't Delete
12060 Potranco Road,Lizbeth Garcia,118,26,No Print,,10/21/25 11:48 AM,10/21/25 11:53 AM,4 minutes and 41 seconds,KDS - Login Don't Delete
12060 Potranco Road,Lizbeth Garcia,118,26,Food,,10/21/25 11:48 AM,10/21/25 11:53 AM,4 minutes and 41 seconds,KDS - Login Don't Delete
12060 Potranco Road,Lizbeth Garcia,116,1,,1,10/21/25 11:43 AM,10/21/25 11:56 AM,13 minutes and 50 seconds,KDS - Login Don't Delete
12060 Potranco Road,Leticia Roman,122,23,,1,10/21/25 11:52 AM,10/21/25 11:56 AM,4 minutes and 18 seconds,KDS - Login Don't Delete
12060 Potranco Road,Leticia Roman,117,31,,1,10/21/25 11:47 AM,10/21/25 11:56 AM,9 minutes and 43 seconds,KDS - Login Don't Delete
12060 Potranco Road,Lizbeth Garcia,118,26,,1,10/21/25 11:48 AM,10/21/25 11:56 AM,8 minutes and 25 seconds,KDS - Login Don't Delete
12060 Potranco Road,Lizbeth Garcia,116,1,,1,10/21/25 11:51 AM,10/21/25 11:56 AM,5 minutes and 39 seconds,KDS - Login Don't Delete
12060 Potranco Road,Leticia Roman,117,31,No Print,,10/21/25 11:54 AM,10/21/25 12:00 PM,5 minutes and 49 seconds,KDS - Login Don't Delete
12060 Potranco Road,Leticia Roman,117,31,Food,,10/21/25 11:54 AM,10/21/25 12:00 PM,5 minutes and 49 seconds,KDS - Login Don't Delete
12060 Potranco Road,Sugey Cabrera,123,,Food,,10/21/25 12:01 PM,10/21/25 12:03 PM,2 minutes and 44 seconds,KDS - Login Don't Delete
12060 Potranco Road,Sugey Cabrera,123,,Drive Thru,,10/21/25 12:01 PM,10/21/25 12:03 PM,2 minutes and 44 seconds,KDS - Login Don't Delete
12060 Potranco Road,Melissa  Urena,125,,Drive Thru,,10/21/25 12:06 PM,10/21/25 12:13 PM,7 minutes and 1 second,KDS - Login Don't Delete
12060 Potranco Road,Melissa  Urena,125,,Food,,10/21/25 12:06 PM,10/21/25 12:13 PM,7 minutes and 1 second,KDS - Login Don't Delete
12060 Potranco Road,Leticia Roman,117,31,,1,10/21/25 12:19 PM,10/21/25 12:31 PM,12 minutes and 26 seconds,KDS - Login Don't Delete
12060 Potranco Road,Lizbeth Garcia,116,1,,1,10/21/25 12:25 PM,10/21/25 12:31 PM,6 minutes and 23 seconds,KDS - Login Don't Delete
12060 Potranco Road,Leticia Roman,130,16,,1,10/21/25 12:24 PM,10/21/25 12:31 PM,7 minutes and 39 seconds,KDS - Login Don't Delete
12060 Potranco Road,Leticia Roman,117,31,,1,10/21/25 12:00 PM,10/21/25 12:31 PM,31 minutes and 37 seconds,KDS - Login Don't Delete
12060 Potranco Road,Lizbeth Garcia,129,20,,1,10/21/25 12:22 PM,10/21/25 12:31 PM,9 minutes and 6 seconds,KDS - Login Don't Delete
12060 Potranco Road,Sugey Cabrera,123,,,1,10/21/25 12:03 PM,10/21/25 12:31 PM,27 minutes and 49 seconds,KDS - Login Don't Delete
12060 Potranco Road,Lizbeth Garcia,129,20,,1,10/21/25 12:18 PM,10/21/25 12:34 PM,15 minutes and 55 seconds,KDS - Login Don't Delete
12060 Potranco Road,Melissa  Urena,126,,Food,,10/21/25 12:17 PM,10/21/25 12:39 PM,22 minutes and 9 seconds,KDS - Login Don't Delete
12060 Potranco Road,Melissa  Urena,128,,Drive Thru,,10/21/25 12:17 PM,10/21/25 12:39 PM,21 minutes and 22 seconds,KDS - Login Don't Delete
12060 Potranco Road,Melissa  Urena,128,,Food,,10/21/25 12:17 PM,10/21/25 12:39 PM,21 minutes and 22 seconds,KDS - Login Don't Delete
12060 Potranco Road,Sugey Cabrera,136,,,1,10/21/25 12:35 PM,10/21/25 12:51 PM,15 minutes and 44 seconds,KDS - Login Don't Delete
12060 Potranco Road,Melissa  Urena,134,,Drive Thru,,10/21/25 12:33 PM,10/21/25 12:51 PM,18 minutes and 18 seconds,KDS - Login Don't Delete
12060 Potranco Road,Melissa  Urena,134,,Food,,10/21/25 12:33 PM,10/21/25 12:51 PM,18 minutes and 18 seconds,KDS - Login Don't Delete
12060 Potranco Road,Melissa  Urena,138,,Drive Thru,,10/21/25 12:39 PM,10/21/25 12:51 PM,12 minutes and 10 seconds,KDS - Login Don't Delete
12060 Potranco Road,Melissa  Urena,138,,Food,,10/21/25 12:39 PM,10/21/25 12:51 PM,12 minutes and 10 seconds,KDS - Login Don't Delete
12060 Potranco Road,Melissa  Urena,135,,Drive Thru,,10/21/25 12:37 PM,10/21/25 12:51 PM,13 minutes and 58 seconds,KDS - Login Don't Delete
12060 Potranco Road,Melissa  Urena,135,,Food,,10/21/25 12:37 PM,10/21/25 12:51 PM,13 minutes and 58 seconds,KDS - Login Don't Delete
12060 Potranco Road,Melissa  Urena,137,,Drive Thru,,10/21/25 12:37 PM,10/21/25 12:51 PM,13 minutes and 54 seconds,KDS - Login Don't Delete
12060 Potranco Road,Melissa  Urena,137,,Food,,10/21/25 12:37 PM,10/21/25 12:51 PM,13 minutes and 54 seconds,KDS - Login Don't Delete
12060 Potranco Road,Leticia Roman,130,16,No Print,,10/21/25 12:37 PM,10/21/25 12:52 PM,14 minutes and 13 seconds,KDS - Login Don't Delete
12060 Potranco Road,Leticia Roman,130,16,Food,,10/21/25 12:37 PM,10/21/25 12:52 PM,14 minutes and 13 seconds,KDS - Login Don't Delete
12060 Potranco Road,Melissa  Urena,142,,Drive Thru,,10/21/25 12:51 PM,10/21/25 12:59 PM,7 minutes and 43 seconds,KDS - Login Don't Delete
12060 Potranco Road,Melissa  Urena,142,,Food,,10/21/25 12:51 PM,10/21/25 12:59 PM,7 minutes and 43 seconds,KDS - Login Don't Delete
12060 Potranco Road,Lizbeth Garcia,140,15,No Print,,10/21/25 12:46 PM,10/21/25 1:01 PM,14 minutes and 48 seconds,KDS - Login Don't Delete
12060 Potranco Road,Lizbeth Garcia,140,15,Food,,10/21/25 12:46 PM,10/21/25 1:01 PM,14 minutes and 48 seconds,KDS - Login Don't Delete
12060 Potranco Road,Leticia Roman,141,1,No Print,,10/21/25 12:51 PM,10/21/25 1:01 PM,9 minutes and 53 seconds,KDS - Login Don't Delete
12060 Potranco Road,Leticia Roman,141,1,Food,,10/21/25 12:51 PM,10/21/25 1:01 PM,9 minutes and 53 seconds,KDS - Login Don't Delete
12060 Potranco Road,Leticia Roman,141,1,Drive Thru,,10/21/25 12:51 PM,10/21/25 1:01 PM,9 minutes and 53 seconds,KDS - Login Don't Delete
12060 Potranco Road,Melissa  Urena,145,,Drive Thru,,10/21/25 12:58 PM,10/21/25 1:03 PM,4 minutes and 33 seconds,KDS - Login Don't Delete
12060 Potranco Road,Melissa  Urena,145,,Food,,10/21/25 12:58 PM,10/21/25 1:03 PM,4 minutes and 33 seconds,KDS - Login Don't Delete
12060 Potranco Road,Melissa  Urena,146,,Drive Thru,,10/21/25 1:04 PM,10/21/25 1:08 PM,4 minutes and 19 seconds,KDS - Login Don't Delete
12060 Potranco Road,Melissa  Urena,146,,Food,,10/21/25 1:04 PM,10/21/25 1:08 PM,4 minutes and 19 seconds,KDS - Login Don't Delete
12060 Potranco Road,Melissa  Urena,147,,Drive Thru,,10/21/25 1:05 PM,10/21/25 1:08 PM,3 minutes and 44 seconds,KDS - Login Don't Delete
12060 Potranco Road,Melissa  Urena,147,,Food,,10/21/25 1:05 PM,10/21/25 1:08 PM,3 minutes and 44 seconds,KDS - Login Don't Delete
12060 Potranco Road,Melissa  Urena,149,,Food,,10/21/25 1:15 PM,10/21/25 1:18 PM,3 minutes and 26 seconds,KDS - Login Don't Delete
12060 Potranco Road,Lizbeth Garcia,148,6,No Print,,10/21/25 1:08 PM,10/21/25 1:22 PM,13 minutes and 15 seconds,KDS - Login Don't Delete
12060 Potranco Road,Lizbeth Garcia,148,6,Food,,10/21/25 1:08 PM,10/21/25 1:22 PM,13 minutes and 15 seconds,KDS - Login Don't Delete
12060 Potranco Road,Melissa  Urena,151,,Drive Thru,,10/21/25 1:20 PM,10/21/25 1:22 PM,2 minutes and 12 seconds,KDS - Login Don't Delete
12060 Potranco Road,Melissa  Urena,151,,Food,,10/21/25 1:20 PM,10/21/25 1:22 PM,2 minutes and 12 seconds,KDS - Login Don't Delete
12060 Potranco Road,Melissa  Urena,152,,Drive Thru,,10/21/25 1:39 PM,10/21/25 1:42 PM,2 minutes and 50 seconds,KDS - Login Don't Delete
12060 Potranco Road,Melissa  Urena,152,,Food,,10/21/25 1:39 PM,10/21/25 1:42 PM,2 minutes and 50 seconds,KDS - Login Don't Delete
12060 Potranco Road,Lizbeth Garcia,140,15,,1,10/21/25 12:46 PM,10/21/25 1:42 PM,56 minutes and 35 seconds,KDS - Login Don't Delete
12060 Potranco Road,Leticia Roman,130,16,,1,10/21/25 12:52 PM,10/21/25 1:42 PM,50 minutes and 44 seconds,KDS - Login Don't Delete
12060 Potranco Road,Lizbeth Garcia,148,6,,1,10/21/25 1:08 PM,10/21/25 1:42 PM,34 minutes and 6 seconds,KDS - Login Don't Delete
12060 Potranco Road,Leticia Roman,141,1,,1,10/21/25 1:01 PM,10/21/25 1:42 PM,41 minutes and 46 seconds,KDS - Login Don't Delete
12060 Potranco Road,Leticia Roman,141,1,,1,10/21/25 12:46 PM,10/21/25 1:42 PM,56 minutes and 33 seconds,KDS - Login Don't Delete
12060 Potranco Road,Leticia Roman,130,16,,1,10/21/25 1:15 PM,10/21/25 1:42 PM,27 minutes and 16 seconds,KDS - Login Don't Delete
12060 Potranco Road,Melissa  Urena,156,,Food,,10/21/25 1:51 PM,10/21/25 1:54 PM,2 minutes and 35 seconds,KDS - Login Don't Delete
12060 Potranco Road,Melissa  Urena,156,,Drive Thru,,10/21/25 1:51 PM,10/21/25 1:54 PM,2 minutes and 35 seconds,KDS - Login Don't Delete
12060 Potranco Road,Leticia Roman,154,14,No Print,,10/21/25 1:42 PM,10/21/25 1:56 PM,13 minutes and 53 seconds,KDS - Login Don't Delete
12060 Potranco Road,Leticia Roman,154,14,Food,,10/21/25 1:42 PM,10/21/25 1:56 PM,13 minutes and 53 seconds,KDS - Login Don't Delete
12060 Potranco Road,Lizbeth Garcia,155,22,No Print,,10/21/25 1:49 PM,10/21/25 1:59 PM,10 minutes and 14 seconds,KDS - Login Don't Delete
12060 Potranco Road,Lizbeth Garcia,155,22,Food,,10/21/25 1:49 PM,10/21/25 1:59 PM,10 minutes and 14 seconds,KDS - Login Don't Delete
12060 Potranco Road,Leticia Roman,160,2,No Print,,10/21/25 1:56 PM,10/21/25 1:59 PM,3 minutes and 1 second,KDS - Login Don't Delete
12060 Potranco Road,Leticia Roman,160,2,Food,,10/21/25 1:56 PM,10/21/25 1:59 PM,3 minutes and 1 second,KDS - Login Don't Delete
12060 Potranco Road,Leticia Roman,160,2,,1,10/21/25 1:59 PM,10/21/25 2:05 PM,6 minutes and 2 seconds,KDS - Login Don't Delete
12060 Potranco Road,Leticia Roman,154,14,,1,10/21/25 1:42 PM,10/21/25 2:05 PM,23 minutes and 8 seconds,KDS - Login Don't Delete
12060 Potranco Road,Leticia Roman,160,2,,1,10/21/25 1:57 PM,10/21/25 2:05 PM,8 minutes and 16 seconds,KDS - Login Don't Delete
12060 Potranco Road,Lizbeth Garcia,158,,,1,10/21/25 1:52 PM,10/21/25 2:05 PM,13 minutes and 10 seconds,KDS - Login Don't Delete
12060 Potranco Road,Lizbeth Garcia,155,22,,1,10/21/25 1:49 PM,10/21/25 2:05 PM,16 minutes and 17 seconds,KDS - Login Don't Delete
12060 Potranco Road,Melissa  Urena,157,,Food,,10/21/25 2:04 PM,10/21/25 2:08 PM,3 minutes and 45 seconds,KDS - Login Don't Delete
12060 Potranco Road,Melissa  Urena,157,,Drive Thru,,10/21/25 2:04 PM,10/21/25 2:08 PM,3 minutes and 45 seconds,KDS - Login Don't Delete
12060 Potranco Road,Lizbeth Garcia,155,22,Food,,10/21/25 2:21 PM,10/21/25 2:28 PM,7 minutes and 10 seconds,KDS - Login Don't Delete
12060 Potranco Road,Lizbeth Garcia,155,22,No Print,,10/21/25 2:21 PM,10/21/25 2:28 PM,7 minutes and 10 seconds,KDS - Login Don't Delete
12060 Potranco Road,Adrian Morales,163,,Food,,10/21/25 2:28 PM,10/21/25 2:28 PM,2 seconds,KDS - Login Don't Delete
12060 Potranco Road,Adrian Morales,163,,Drive Thru,,10/21/25 2:28 PM,10/21/25 2:28 PM,2 seconds,KDS - Login Don't Delete
12060 Potranco Road,Mario Jimenez,161,,Drive Thru,,10/21/25 2:26 PM,10/21/25 2:30 PM,4 minutes,KDS - Login Don't Delete
12060 Potranco Road,Mario Jimenez,161,,Food,,10/21/25 2:26 PM,10/21/25 2:30 PM,4 minutes,KDS - Login Don't Delete
12060 Potranco Road,Adrian Morales,165,15,No Print,,10/21/25 2:42 PM,10/21/25 2:48 PM,5 minutes and 39 seconds,KDS - Login Don't Delete
12060 Potranco Road,Adrian Morales,165,15,Food,,10/21/25 2:42 PM,10/21/25 2:48 PM,5 minutes and 39 seconds,KDS - Login Don't Delete
12060 Potranco Road,Adrian Morales,166,3,No Print,,10/21/25 2:47 PM,10/21/25 2:53 PM,5 minutes and 59 seconds,KDS - Login Don't Delete
12060 Potranco Road,Adrian Morales,166,3,Food,,10/21/25 2:47 PM,10/21/25 2:53 PM,5 minutes and 59 seconds,KDS - Login Don't Delete
12060 Potranco Road,Mario Jimenez,167,,Drive Thru,,10/21/25 2:51 PM,10/21/25 2:55 PM,4 minutes and 48 seconds,KDS - Login Don't Delete
12060 Potranco Road,Mario Jimenez,167,,Food,,10/21/25 2:51 PM,10/21/25 2:55 PM,4 minutes and 48 seconds,KDS - Login Don't Delete
12060 Potranco Road,Lizbeth Garcia,155,22,,1,10/21/25 2:28 PM,10/21/25 2:57 PM,29 minutes and 27 seconds,KDS - Login Don't Delete
12060 Potranco Road,Adrian Morales,166,3,,1,10/21/25 2:53 PM,10/21/25 2:57 PM,4 minutes and 39 seconds,KDS - Login Don't Delete
12060 Potranco Road,Adrian Morales,163,,,1,10/21/25 2:28 PM,10/21/25 2:58 PM,29 minutes and 11 seconds,KDS - Login Don't Delete
12060 Potranco Road,Lizbeth Garcia,155,22,,1,10/21/25 2:07 PM,10/21/25 2:58 PM,50 minutes and 59 seconds,KDS - Login Don't Delete
12060 Potranco Road,Adrian Morales,165,15,,1,10/21/25 2:48 PM,10/21/25 2:58 PM,9 minutes and 33 seconds,KDS - Login Don't Delete
12060 Potranco Road,Adrian Morales,169,14,No Print,,10/21/25 2:52 PM,10/21/25 2:59 PM,6 minutes and 58 seconds,KDS - Login Don't Delete
12060 Potranco Road,Adrian Morales,169,14,Food,,10/21/25 2:52 PM,10/21/25 2:59 PM,6 minutes and 58 seconds,KDS - Login Don't Delete
12060 Potranco Road,Adrian Morales,172,2,No Print,,10/21/25 3:03 PM,10/21/25 3:09 PM,6 minutes and 42 seconds,KDS - Login Don't Delete
12060 Potranco Road,Adrian Morales,172,2,Food,,10/21/25 3:03 PM,10/21/25 3:09 PM,6 minutes and 42 seconds,KDS - Login Don't Delete
12060 Potranco Road,Adrian Morales,169,14,,1,10/21/25 2:59 PM,10/21/25 3:10 PM,11 minutes and 12 seconds,KDS - Login Don't Delete
12060 Potranco Road,Adrian Morales,166,3,,1,10/21/25 3:09 PM,10/21/25 3:10 PM,1 minute and 44 seconds,KDS - Login Don't Delete
12060 Potranco Road,Adrian Morales,172,2,,1,10/21/25 3:09 PM,10/21/25 3:11 PM,1 minute and 49 seconds,KDS - Login Don't Delete
12060 Potranco Road,Mario Jimenez,174,,Drive Thru,,10/21/25 3:13 PM,10/21/25 3:17 PM,4 minutes and 28 seconds,KDS - Login Don't Delete
12060 Potranco Road,Mario Jimenez,174,,Food,,10/21/25 3:13 PM,10/21/25 3:17 PM,4 minutes and 28 seconds,KDS - Login Don't Delete
12060 Potranco Road,Adrian Morales,165,15,,1,10/21/25 3:22 PM,10/21/25 3:26 PM,3 minutes and 24 seconds,KDS - Login Don't Delete
12060 Potranco Road,Adrian Morales,169,14,,1,10/21/25 3:16 PM,10/21/25 3:26 PM,10 minutes and 6 seconds,KDS - Login Don't Delete
12060 Potranco Road,Adrian Morales,173,1,,1,10/21/25 3:08 PM,10/21/25 3:26 PM,17 minutes and 52 seconds,KDS - Login Don't Delete
12060 Potranco Road,Mario Jimenez,176,,Drive Thru,,10/21/25 3:31 PM,10/21/25 3:34 PM,3 minutes and 15 seconds,KDS - Login Don't Delete
12060 Potranco Road,Mario Jimenez,176,,Food,,10/21/25 3:31 PM,10/21/25 3:34 PM,3 minutes and 15 seconds,KDS - Login Don't Delete
12060 Potranco Road,Adrian Morales,175,20,No Print,,10/21/25 3:29 PM,10/21/25 3:36 PM,7 minutes and 24 seconds,KDS - Login Don't Delete
12060 Potranco Road,Adrian Morales,175,20,Food,,10/21/25 3:29 PM,10/21/25 3:36 PM,7 minutes and 24 seconds,KDS - Login Don't Delete
12060 Potranco Road,Mario Jimenez,170,,Drive Thru,,10/21/25 3:32 PM,10/21/25 3:37 PM,4 minutes and 53 seconds,KDS - Login Don't Delete
12060 Potranco Road,Mario Jimenez,170,,Food,,10/21/25 3:32 PM,10/21/25 3:37 PM,4 minutes and 53 seconds,KDS - Login Don't Delete
12060 Potranco Road,Mario Jimenez,177,,Drive Thru,,10/21/25 3:35 PM,10/21/25 3:37 PM,2 minutes and 11 seconds,KDS - Login Don't Delete
12060 Potranco Road,Mario Jimenez,177,,Food,,10/21/25 3:35 PM,10/21/25 3:37 PM,2 minutes and 11 seconds,KDS - Login Don't Delete
12060 Potranco Road,Adrian Morales,172,2,,1,10/21/25 3:26 PM,10/21/25 3:42 PM,15 minutes and 56 seconds,KDS - Login Don't Delete
12060 Potranco Road,Adrian Morales,175,20,,1,10/21/25 3:29 PM,10/21/25 3:42 PM,13 minutes and 35 seconds,KDS - Login Don't Delete
12060 Potranco Road,Adrian Morales,173,1,,1,10/21/25 3:40 PM,10/21/25 3:42 PM,2 minutes and 14 seconds,KDS - Login Don't Delete
12060 Potranco Road,Adrian Morales,178,29,No Print,,10/21/25 3:33 PM,10/21/25 3:43 PM,9 minutes and 57 seconds,KDS - Login Don't Delete
12060 Potranco Road,Adrian Morales,178,29,Food,,10/21/25 3:33 PM,10/21/25 3:43 PM,9 minutes and 57 seconds,KDS - Login Don't Delete
12060 Potranco Road,Adrian Morales,175,20,Food,,10/21/25 3:46 PM,10/21/25 3:49 PM,3 minutes and 46 seconds,KDS - Login Don't Delete
12060 Potranco Road,Mario Jimenez,179,,Drive Thru,,10/21/25 3:52 PM,10/21/25 3:55 PM,3 minutes and 1 second,KDS - Login Don't Delete
12060 Potranco Road,Mario Jimenez,179,,Food,,10/21/25 3:52 PM,10/21/25 3:55 PM,3 minutes and 1 second,KDS - Login Don't Delete
12060 Potranco Road,Adrian Morales,182,2,No Print,,10/21/25 4:10 PM,10/21/25 4:12 PM,2 minutes and 1 second,KDS - Login Don't Delete
12060 Potranco Road,Adrian Morales,182,2,Food,,10/21/25 4:10 PM,10/21/25 4:12 PM,2 minutes and 1 second,KDS - Login Don't Delete
12060 Potranco Road,Adrian Morales,182,2,Drive Thru,,10/21/25 4:10 PM,10/21/25 4:12 PM,2 minutes and 1 second,KDS - Login Don't Delete
12060 Potranco Road,Adrian Morales,175,20,,1,10/21/25 3:49 PM,10/21/25 4:14 PM,24 minutes and 11 seconds,KDS - Login Don't Delete
12060 Potranco Road,Adrian Morales,178,29,,1,10/21/25 4:05 PM,10/21/25 4:14 PM,8 minutes and 21 seconds,KDS - Login Don't Delete
12060 Potranco Road,Adrian Morales,182,2,,1,10/21/25 4:12 PM,10/21/25 4:14 PM,1 minute and 16 seconds,KDS - Login Don't Delete
12060 Potranco Road,Adrian Morales,178,29,,1,10/21/25 3:43 PM,10/21/25 4:14 PM,30 minutes and 26 seconds,KDS - Login Don't Delete
12060 Potranco Road,Adrian Morales,184,14,No Print,,10/21/25 4:17 PM,10/21/25 4:17 PM,16 seconds,KDS - Login Don't Delete
12060 Potranco Road,Adrian Morales,184,14,Food,,10/21/25 4:17 PM,10/21/25 4:17 PM,16 seconds,KDS - Login Don't Delete
12060 Potranco Road,Adrian Morales,182,2,No Print,,10/21/25 4:14 PM,10/21/25 4:17 PM,2 minutes and 51 seconds,KDS - Login Don't Delete
12060 Potranco Road,Adrian Morales,182,2,Food,,10/21/25 4:14 PM,10/21/25 4:17 PM,2 minutes and 51 seconds,KDS - Login Don't Delete
12060 Potranco Road,Adrian Morales,182,2,,1,10/21/25 4:17 PM,10/21/25 4:18 PM,40 seconds,KDS - Login Don't Delete
12060 Potranco Road,Adrian Morales,184,14,,1,10/21/25 4:17 PM,10/21/25 4:18 PM,41 seconds,KDS - Login Don't Delete
12060 Potranco Road,Candy Del Angel,181,,,1,10/21/25 4:08 PM,10/21/25 4:18 PM,10 minutes and 19 seconds,KDS - Login Don't Delete
12060 Potranco Road,Adrian Morales,184,14,No Print,,10/21/25 4:24 PM,10/21/25 4:32 PM,7 minutes and 10 seconds,KDS - Login Don't Delete
12060 Potranco Road,Adrian Morales,184,14,Food,,10/21/25 4:24 PM,10/21/25 4:32 PM,7 minutes and 10 seconds,KDS - Login Don't Delete
12060 Potranco Road,Adrian Morales,184,14,,1,10/21/25 4:32 PM,10/21/25 4:36 PM,4 minutes and 25 seconds,KDS - Login Don't Delete
12060 Potranco Road,Adrian Morales,182,2,,1,10/21/25 4:35 PM,10/21/25 4:36 PM,1 minute and 10 seconds,KDS - Login Don't Delete
12060 Potranco Road,Candy Del Angel,181,,,1,10/21/25 4:36 PM,10/21/25 4:45 PM,9 minutes and 19 seconds,KDS - Login Don't Delete
12060 Potranco Road,Adrian Morales,185,20,No Print,,10/21/25 4:44 PM,10/21/25 4:51 PM,6 minutes and 56 seconds,KDS - Login Don't Delete
12060 Potranco Road,Adrian Morales,185,20,Food,,10/21/25 4:44 PM,10/21/25 4:51 PM,6 minutes and 56 seconds,KDS - Login Don't Delete
12060 Potranco Road,Adrian Morales,186,23,Food,,10/21/25 4:50 PM,10/21/25 4:51 PM,47 seconds,KDS - Login Don't Delete
12060 Potranco Road,Adrian Morales,186,23,Drive Thru,,10/21/25 4:50 PM,10/21/25 4:51 PM,47 seconds,KDS - Login Don't Delete
12060 Potranco Road,Adrian Morales,186,23,,1,10/21/25 4:51 PM,10/21/25 4:52 PM,1 minute and 1 second,KDS - Login Don't Delete
12060 Potranco Road,Adrian Morales,185,20,,1,10/21/25 4:51 PM,10/21/25 4:52 PM,1 minute and 1 second,KDS - Login Don't Delete
12060 Potranco Road,Mario Jimenez,187,,Drive Thru,,10/21/25 4:49 PM,10/21/25 4:55 PM,5 minutes and 52 seconds,KDS - Login Don't Delete
12060 Potranco Road,Mario Jimenez,187,,Food,,10/21/25 4:49 PM,10/21/25 4:55 PM,5 minutes and 52 seconds,KDS - Login Don't Delete
12060 Potranco Road,Adrian Morales,186,23,No Print,,10/21/25 4:50 PM,10/21/25 5:00 PM,10 minutes and 24 seconds,KDS - Login Don't Delete
12060 Potranco Road,Adrian Morales,186,23,Food,,10/21/25 4:50 PM,10/21/25 5:00 PM,10 minutes and 24 seconds,KDS - Login Don't Delete
12060 Potranco Road,Adrian Morales,184,14,,1,10/21/25 4:57 PM,10/21/25 5:00 PM,2 minutes and 49 seconds,KDS - Login Don't Delete
12060 Potranco Road,Adrian Morales,186,23,,1,10/21/25 5:00 PM,10/21/25 5:02 PM,2 minutes and 14 seconds,KDS - Login Don't Delete
12060 Potranco Road,Adrian Morales,189,16,No Print,,10/21/25 5:03 PM,10/21/25 5:12 PM,8 minutes and 15 seconds,KDS - Login Don't Delete
12060 Potranco Road,Adrian Morales,189,16,Food,,10/21/25 5:03 PM,10/21/25 5:12 PM,8 minutes and 15 seconds,KDS - Login Don't Delete
12060 Potranco Road,Mario Jimenez,190,,Drive Thru,,10/21/25 5:08 PM,10/21/25 5:12 PM,3 minutes and 46 seconds,KDS - Login Don't Delete
12060 Potranco Road,Mario Jimenez,190,,Food,,10/21/25 5:08 PM,10/21/25 5:12 PM,3 minutes and 46 seconds,KDS - Login Don't Delete
12060 Potranco Road,Adrian Morales,192,1,No Print,,10/21/25 5:15 PM,10/21/25 5:16 PM,25 seconds,KDS - Login Don't Delete
12060 Potranco Road,Adrian Morales,192,1,Food,,10/21/25 5:15 PM,10/21/25 5:16 PM,25 seconds,KDS - Login Don't Delete
12060 Potranco Road,Mario Jimenez,180,,Drive Thru,,10/21/25 5:09 PM,10/21/25 5:17 PM,8 minutes and 6 seconds,KDS - Login Don't Delete
12060 Potranco Road,Mario Jimenez,180,,Food,,10/21/25 5:09 PM,10/21/25 5:17 PM,8 minutes and 6 seconds,KDS - Login Don't Delete
12060 Potranco Road,Adrian Morales,189,16,,1,10/21/25 5:12 PM,10/21/25 5:29 PM,16 minutes and 48 seconds,KDS - Login Don't Delete
12060 Potranco Road,Adrian Morales,185,20,,1,10/21/25 5:13 PM,10/21/25 5:29 PM,15 minutes and 24 seconds,KDS - Login Don't Delete
12060 Potranco Road,Adrian Morales,192,1,,1,10/21/25 5:16 PM,10/21/25 5:29 PM,12 minutes and 53 seconds,KDS - Login Don't Delete
12060 Potranco Road,Adrian Morales,186,23,,1,10/21/25 5:23 PM,10/21/25 5:29 PM,5 minutes and 18 seconds,KDS - Login Don't Delete
12060 Potranco Road,Adrian Morales,192,1,No Print,,10/21/25 5:22 PM,10/21/25 5:32 PM,10 minutes and 45 seconds,KDS - Login Don't Delete
12060 Potranco Road,Adrian Morales,192,1,Food,,10/21/25 5:22 PM,10/21/25 5:32 PM,10 minutes and 45 seconds,KDS - Login Don't Delete
12060 Potranco Road,Adrian Morales,192,1,,1,10/21/25 5:32 PM,10/21/25 5:36 PM,3 minutes and 57 seconds,KDS - Login Don't Delete
12060 Potranco Road,Adrian Morales,193,8,,1,10/21/25 5:26 PM,10/21/25 5:36 PM,10 minutes and 4 seconds,KDS - Login Don't Delete
12060 Potranco Road,Adrian Morales,196,25,No Print,,10/21/25 5:38 PM,10/21/25 5:42 PM,4 minutes and 47 seconds,KDS - Login Don't Delete
12060 Potranco Road,Adrian Morales,196,25,Food,,10/21/25 5:38 PM,10/21/25 5:42 PM,4 minutes and 47 seconds,KDS - Login Don't Delete
12060 Potranco Road,Adrian Morales,189,16,,1,10/21/25 5:30 PM,10/21/25 5:44 PM,13 minutes and 34 seconds,KDS - Login Don't Delete
12060 Potranco Road,Adrian Morales,194,3,,1,10/21/25 5:29 PM,10/21/25 5:44 PM,14 minutes and 54 seconds,KDS - Login Don't Delete
12060 Potranco Road,Adrian Morales,196,25,,1,10/21/25 5:42 PM,10/21/25 5:45 PM,2 minutes and 34 seconds,KDS - Login Don't Delete
12060 Potranco Road,Adrian Morales,197,14,No Print,,10/21/25 5:40 PM,10/21/25 5:47 PM,7 minutes and 26 seconds,KDS - Login Don't Delete
12060 Potranco Road,Adrian Morales,197,14,Food,,10/21/25 5:40 PM,10/21/25 5:47 PM,7 minutes and 26 seconds,KDS - Login Don't Delete
12060 Potranco Road,Adrian Morales,194,3,No Print,,10/21/25 5:39 PM,10/21/25 5:48 PM,9 minutes and 42 seconds,KDS - Login Don't Delete
12060 Potranco Road,Adrian Morales,194,3,Food,,10/21/25 5:39 PM,10/21/25 5:48 PM,9 minutes and 42 seconds,KDS - Login Don't Delete
12060 Potranco Road,Mario Jimenez,199,,,1,10/21/25 5:44 PM,10/21/25 5:52 PM,7 minutes and 25 seconds,KDS - Login Don't Delete
12060 Potranco Road,Adrian Morales,194,3,,1,10/21/25 5:48 PM,10/21/25 5:56 PM,8 minutes and 6 seconds,KDS - Login Don't Delete
12060 Potranco Road,Adrian Morales,197,14,,1,10/21/25 5:47 PM,10/21/25 5:57 PM,9 minutes and 3 seconds,KDS - Login Don't Delete
12060 Potranco Road,Candy Del Angel,200,,Food,,10/21/25 5:48 PM,10/21/25 5:58 PM,10 minutes and 27 seconds,KDS - Login Don't Delete
12060 Potranco Road,Candy Del Angel,200,,Drive Thru,,10/21/25 5:48 PM,10/21/25 5:58 PM,10 minutes and 27 seconds,KDS - Login Don't Delete
12060 Potranco Road,Adrian Morales,196,25,No Print,,10/21/25 5:56 PM,10/21/25 6:00 PM,4 minutes and 5 seconds,KDS - Login Don't Delete
12060 Potranco Road,Adrian Morales,196,25,Food,,10/21/25 5:56 PM,10/21/25 6:00 PM,4 minutes and 5 seconds,KDS - Login Don't Delete
12060 Potranco Road,Mario Jimenez,202,,Food,,10/21/25 5:51 PM,10/21/25 6:00 PM,9 minutes and 1 second,KDS - Login Don't Delete
12060 Potranco Road,Candy Del Angel,200,,,1,10/21/25 5:58 PM,10/21/25 6:03 PM,4 minutes and 32 seconds,KDS - Login Don't Delete
12060 Potranco Road,Adrian Morales,193,8,,1,10/21/25 5:58 PM,10/21/25 6:03 PM,4 minutes and 26 seconds,KDS - Login Don't Delete
12060 Potranco Road,Adrian Morales,203,4,No Print,,10/21/25 6:07 PM,10/21/25 6:08 PM,1 minute and 1 second,KDS - Login Don't Delete
12060 Potranco Road,Adrian Morales,203,4,Food,,10/21/25 6:07 PM,10/21/25 6:08 PM,1 minute and 1 second,KDS - Login Don't Delete
12060 Potranco Road,Adrian Morales,196,25,Food,,10/21/25 6:04 PM,10/21/25 6:08 PM,3 minutes and 15 seconds,KDS - Login Don't Delete
12060 Potranco Road,Adrian Morales,196,25,,1,10/21/25 6:00 PM,10/21/25 6:09 PM,8 minutes and 40 seconds,KDS - Login Don't Delete
12060 Potranco Road,Adrian Morales,197,14,,1,10/21/25 6:07 PM,10/21/25 6:09 PM,1 minute and 34 seconds,KDS - Login Don't Delete
12060 Potranco Road,Adrian Morales,196,25,,1,10/21/25 6:08 PM,10/21/25 6:09 PM,1 minute and 18 seconds,KDS - Login Don't Delete
12060 Potranco Road,Adrian Morales,203,4,,1,10/21/25 6:08 PM,10/21/25 6:14 PM,6 minutes and 15 seconds,KDS - Login Don't Delete
12060 Potranco Road,Adrian Morales,196,25,,1,10/21/25 6:13 PM,10/21/25 6:14 PM,33 seconds,KDS - Login Don't Delete
12060 Potranco Road,Adrian Morales,194,3,Food,,10/21/25 6:14 PM,10/21/25 6:16 PM,1 minute and 41 seconds,KDS - Login Don't Delete
12060 Potranco Road,Adrian Morales,203,4,,1,10/21/25 6:07 PM,10/21/25 6:18 PM,11 minutes and 51 seconds,KDS - Login Don't Delete
12060 Potranco Road,Candy Del Angel,204,21,,1,10/21/25 6:16 PM,10/21/25 6:18 PM,2 minutes and 2 seconds,KDS - Login Don't Delete
12060 Potranco Road,Adrian Morales,206,8,,1,10/21/25 6:19 PM,10/21/25 6:21 PM,1 minute and 50 seconds,KDS - Login Don't Delete
12060 Potranco Road,Adrian Morales,192,1,,1,10/21/25 6:21 PM,10/21/25 6:22 PM,1 minute and 22 seconds,KDS - Login Don't Delete
12060 Potranco Road,Adrian Morales,194,3,,1,10/21/25 6:14 PM,10/21/25 6:22 PM,7 minutes and 52 seconds,KDS - Login Don't Delete
12060 Potranco Road,Adrian Morales,205,16,No Print,,10/21/25 6:17 PM,10/21/25 6:22 PM,5 minutes and 26 seconds,KDS - Login Don't Delete
12060 Potranco Road,Adrian Morales,205,16,Food,,10/21/25 6:17 PM,10/21/25 6:22 PM,5 minutes and 26 seconds,KDS - Login Don't Delete
12060 Potranco Road,Candy Del Angel,204,21,No Print,,10/21/25 6:16 PM,10/21/25 6:22 PM,6 minutes and 17 seconds,KDS - Login Don't Delete
12060 Potranco Road,Candy Del Angel,204,21,Food,,10/21/25 6:16 PM,10/21/25 6:22 PM,6 minutes and 17 seconds,KDS - Login Don't Delete
12060 Potranco Road,Adrian Morales,205,16,,1,10/21/25 6:22 PM,10/21/25 6:23 PM,1 minute and 1 second,KDS - Login Don't Delete
12060 Potranco Road,Candy Del Angel,204,21,,1,10/21/25 6:22 PM,10/21/25 6:23 PM,1 minute and 1 second,KDS - Login Don't Delete
12060 Potranco Road,Adrian Morales,192,1,,1,10/21/25 6:29 PM,10/21/25 6:29 PM,11 seconds,KDS - Login Don't Delete
12060 Potranco Road,Adrian Morales,207,7,No Print,,10/21/25 6:24 PM,10/21/25 6:30 PM,5 minutes and 39 seconds,KDS - Login Don't Delete
12060 Potranco Road,Adrian Morales,207,7,Food,,10/21/25 6:24 PM,10/21/25 6:30 PM,5 minutes and 39 seconds,KDS - Login Don't Delete
12060 Potranco Road,Mario Jimenez,210,,Food,,10/21/25 6:34 PM,10/21/25 6:37 PM,3 minutes and 11 seconds,KDS - Login Don't Delete
12060 Potranco Road,Mario Jimenez,209,,Drive Thru,,10/21/25 6:32 PM,10/21/25 6:37 PM,4 minutes and 55 seconds,KDS - Login Don't Delete
12060 Potranco Road,Mario Jimenez,209,,Food,,10/21/25 6:32 PM,10/21/25 6:37 PM,4 minutes and 55 seconds,KDS - Login Don't Delete
12060 Potranco Road,Mario Jimenez,212,,Drive Thru,,10/21/25 6:36 PM,10/21/25 6:40 PM,4 minutes and 4 seconds,KDS - Login Don't Delete
12060 Potranco Road,Mario Jimenez,212,,Food,,10/21/25 6:36 PM,10/21/25 6:40 PM,4 minutes and 4 seconds,KDS - Login Don't Delete
12060 Potranco Road,Adrian Morales,207,7,,1,10/21/25 6:24 PM,10/21/25 6:45 PM,20 minutes and 57 seconds,KDS - Login Don't Delete
12060 Potranco Road,Adrian Morales,203,4,,1,10/21/25 6:39 PM,10/21/25 6:45 PM,6 minutes and 41 seconds,KDS - Login Don't Delete
12060 Potranco Road,Adrian Morales,213,37,,1,10/21/25 6:41 PM,10/21/25 6:45 PM,4 minutes and 3 seconds,KDS - Login Don't Delete
12060 Potranco Road,Candy Del Angel,214,2,Food,,10/21/25 6:48 PM,10/21/25 6:54 PM,6 minutes and 29 seconds,KDS - Login Don't Delete
12060 Potranco Road,Candy Del Angel,214,2,Drive Thru,,10/21/25 6:48 PM,10/21/25 6:54 PM,6 minutes and 29 seconds,KDS - Login Don't Delete
12060 Potranco Road,Candy Del Angel,214,2,,1,10/21/25 6:54 PM,10/21/25 6:58 PM,3 minutes and 29 seconds,KDS - Login Don't Delete
12060 Potranco Road,Adrian Morales,215,34,No Print,,10/21/25 6:56 PM,10/21/25 7:05 PM,8 minutes and 21 seconds,KDS - Login Don't Delete
12060 Potranco Road,Adrian Morales,215,34,Food,,10/21/25 6:56 PM,10/21/25 7:05 PM,8 minutes and 21 seconds,KDS - Login Don't Delete
12060 Potranco Road,Mario Jimenez,216,,Drive Thru,,10/21/25 6:58 PM,10/21/25 7:06 PM,7 minutes and 27 seconds,KDS - Login Don't Delete
12060 Potranco Road,Mario Jimenez,216,,Food,,10/21/25 6:58 PM,10/21/25 7:06 PM,7 minutes and 27 seconds,KDS - Login Don't Delete
12060 Potranco Road,Adrian Morales,206,8,,1,10/21/25 6:54 PM,10/21/25 7:09 PM,15 minutes and 11 seconds,KDS - Login Don't Delete
12060 Potranco Road,Adrian Morales,213,37,,1,10/21/25 6:48 PM,10/21/25 7:09 PM,21 minutes and 10 seconds,KDS - Login Don't Delete
12060 Potranco Road,Adrian Morales,215,34,,1,10/21/25 7:05 PM,10/21/25 7:10 PM,4 minutes and 48 seconds,KDS - Login Don't Delete
12060 Potranco Road,Adrian Morales,215,34,,1,10/21/25 7:19 PM,10/21/25 7:21 PM,1 minute and 26 seconds,KDS - Login Don't Delete
12060 Potranco Road,Candy Del Angel,214,2,,1,10/21/25 7:28 PM,10/21/25 7:29 PM,1 minute and 6 seconds,KDS - Login Don't Delete
12060 Potranco Road,Adrian Morales,205,16,,1,10/21/25 7:29 PM,10/21/25 7:29 PM,31 seconds,KDS - Login Don't Delete
12060 Potranco Road,Adrian Morales,221,15,,1,10/21/25 7:36 PM,10/21/25 7:42 PM,5 minutes and 54 seconds,KDS - Login Don't Delete
12060 Potranco Road,Candy Del Angel,218,,,1,10/21/25 7:42 PM,10/21/25 7:42 PM,28 seconds,KDS - Login Don't Delete
12060 Potranco Road,Candy Del Angel,219,,,1,10/21/25 7:33 PM,10/21/25 7:42 PM,9 minutes and 23 seconds,KDS - Login Don't Delete
12060 Potranco Road,Candy Del Angel,218,,,1,10/21/25 7:33 PM,10/21/25 7:42 PM,9 minutes and 43 seconds,KDS - Login Don't Delete
12060 Potranco Road,Adrian Morales,221,15,No Print,,10/21/25 7:35 PM,10/21/25 7:45 PM,10 minutes and 3 seconds,KDS - Login Don't Delete
12060 Potranco Road,Adrian Morales,221,15,Food,,10/21/25 7:35 PM,10/21/25 7:45 PM,10 minutes and 3 seconds,KDS - Login Don't Delete
12060 Potranco Road,Adrian Morales,221,15,No Print,,10/21/25 7:35 PM,10/21/25 7:45 PM,9 minutes and 40 seconds,KDS - Login Don't Delete
12060 Potranco Road,Adrian Morales,221,15,Food,,10/21/25 7:35 PM,10/21/25 7:45 PM,9 minutes and 40 seconds,KDS - Login Don't Delete
12060 Potranco Road,Mario Jimenez,211,,Drive Thru,,10/21/25 7:43 PM,10/21/25 7:47 PM,3 minutes and 11 seconds,KDS - Login Don't Delete
12060 Potranco Road,Mario Jimenez,211,,Food,,10/21/25 7:43 PM,10/21/25 7:47 PM,3 minutes and 11 seconds,KDS - Login Don't Delete
12060 Potranco Road,Mario Jimenez,224,,Drive Thru,,10/21/25 7:45 PM,10/21/25 7:47 PM,2 minutes and 15 seconds,KDS - Login Don't Delete
12060 Potranco Road,Mario Jimenez,224,,Food,,10/21/25 7:45 PM,10/21/25 7:47 PM,2 minutes and 15 seconds,KDS - Login Don't Delete
12060 Potranco Road,Mario Jimenez,227,,Food,,10/21/25 8:02 PM,10/21/25 8:06 PM,3 minutes and 49 seconds,KDS - Login Don't Delete
12060 Potranco Road,Mario Jimenez,227,,Drive Thru,,10/21/25 8:02 PM,10/21/25 8:06 PM,3 minutes and 49 seconds,KDS - Login Don't Delete
12060 Potranco Road,Adrian Morales,221,15,,1,10/21/25 7:45 PM,10/21/25 8:12 PM,27 minutes and 15 seconds,KDS - Login Don't Delete
12060 Potranco Road,Adrian Morales,221,15,,1,10/21/25 7:45 PM,10/21/25 8:12 PM,27 minutes and 15 seconds,KDS - Login Don't Delete
12060 Potranco Road,Adrian Morales,221,15,,1,10/21/25 8:09 PM,10/21/25 8:12 PM,3 minutes and 10 seconds,KDS - Login Don't Delete
12060 Potranco Road,Adrian Morales,226,8,,1,10/21/25 7:48 PM,10/21/25 8:12 PM,24 minutes and 7 seconds,KDS - Login Don't Delete
12060 Potranco Road,Mario Jimenez,227,,,1,10/21/25 8:06 PM,10/21/25 8:12 PM,6 minutes and 9 seconds,KDS - Login Don't Delete
12060 Potranco Road,Mario Jimenez,228,,Drive Thru,,10/21/25 8:16 PM,10/21/25 8:45 PM,28 minutes and 42 seconds,KDS - Login Don't Delete
12060 Potranco Road,Mario Jimenez,228,,Food,,10/21/25 8:16 PM,10/21/25 8:45 PM,28 minutes and 42 seconds,KDS - Login Don't Delete
12060 Potranco Road,Adrian Morales,229,23,,1,10/21/25 8:50 PM,10/21/25 8:53 PM,2 minutes and 48 seconds,KDS - Login Don't Delete
12060 Potranco Road,Adrian Morales,229,23,No Print,,10/21/25 8:48 PM,10/21/25 8:58 PM,9 minutes and 52 seconds,KDS - Login Don't Delete
12060 Potranco Road,Adrian Morales,229,23,Food,,10/21/25 8:48 PM,10/21/25 8:58 PM,9 minutes and 52 seconds,KDS - Login Don't Delete
12060 Potranco Road,Adrian Morales,229,23,,1,10/21/25 8:58 PM,10/21/25 9:01 PM,3 minutes and 8 seconds,KDS - Login Don't Delete
