Location,Order #,Opened,# of Guests,Server,Table,Discount Amount,Amount,Tax,Tip,Gratuity
12060 Potranco Road,1,10/21/25 6:30 AM,1,Melissa  Urena,,0.00,5.97,0.50,1.00,0.00
12060 Potranco Road,3,10/21/25 6:33 AM,1,Melissa  Urena,,0.00,3.98,0.33,0.00,0.00
12060 Potranco Road,4,10/21/25 6:37 AM,1,Melissa  Urena,,0.00,14.07,1.16,2.00,0.00
12060 Potranco Road,5,10/21/25 6:38 AM,1,Melissa  Urena,,0.00,4.58,0.38,0.00,0.00
12060 Potranco Road,6,10/21/25 6:42 AM,1,Lizbeth Garcia,27,0.00,16.16,1.34,0.00,0.00
12060 Potranco Road,7,10/21/25 6:49 AM,1,Melissa  Urena,,0.00,19.16,1.58,2.00,0.00
12060 Potranco Road,9,10/21/25 7:09 AM,1,Melissa  Urena,,0.00,0.00,0.00,0.00,0.00
12060 Potranco Road,10,10/21/25 7:09 AM,1,Melissa  Urena,,0.00,1.79,0.15,0.00,0.00
12060 Potranco Road,8,10/21/25 7:08 AM,4,Lizbeth Garcia,21,0.00,81.42,6.71,7.80,0.00
12060 Potranco Road,11,10/21/25 7:13 AM,1,Melissa  Urena,,0.00,7.37,0.60,0.00,0.00
12060 Potranco Road,12,10/21/25 7:13 AM,1,Melissa  Urena,,0.00,14.97,1.24,0.00,0.00
12060 Potranco Road,15,10/21/25 7:25 AM,1,Melissa  Urena,,0.00,18.33,1.52,0.00,0.00
12060 Potranco Road,21,10/21/25 7:38 AM,1,Melissa  Urena,,0.00,5.37,0.44,0.00,0.00
12060 Potranco Road,20,10/21/25 7:37 AM,1,Lizbeth Garcia,16,0.00,7.97,0.66,0.00,0.00
12060 Potranco Road,22,10/21/25 7:38 AM,1,Melissa  Urena,,0.00,9.57,0.79,6.00,0.00
12060 Potranco Road,23,10/21/25 7:46 AM,1,Melissa  Urena,,0.00,6.27,0.51,0.00,0.00
12060 Potranco Road,24,10/21/25 7:47 AM,1,Melissa  Urena,,0.00,4.28,0.35,0.00,0.00
12060 Potranco Road,25,10/21/25 7:56 AM,1,Melissa  Urena,,0.00,4.89,0.40,0.00,0.00
12060 Potranco Road,26,10/21/25 7:57 AM,1,Melissa  Urena,,0.00,8.77,0.72,0.00,0.00
12060 Potranco Road,27,10/21/25 8:02 AM,1,Melissa  Urena,,0.00,5.98,0.49,0.00,0.00
12060 Potranco Road,29,10/21/25 8:03 AM,1,Sugey Cabrera,,0.00,14.45,1.19,0.00,0.00
12060 Potranco Road,28,10/21/25 8:03 AM,1,Melissa  Urena,,0.00,2.79,0.23,0.00,0.00
12060 Potranco Road,31,10/21/25 8:07 AM,1,Melissa  Urena,,0.00,3.98,0.33,0.00,0.00
12060 Potranco Road,32,10/21/25 8:09 AM,1,Melissa  Urena,,0.00,5.39,0.44,0.00,0.00
12060 Potranco Road,33,10/21/25 8:10 AM,1,Melissa  Urena,,0.00,11.96,0.98,0.00,0.00
12060 Potranco Road,34,10/21/25 8:11 AM,1,Melissa  Urena,,0.00,10.98,0.91,0.00,0.00
12060 Potranco Road,35,10/21/25 8:13 AM,2,Leticia Roman,31,0.00,2.99,0.25,0.00,0.00
12060 Potranco Road,36,10/21/25 8:13 AM,1,Leticia Roman,18,0.00,9.98,0.83,3.00,0.00
12060 Potranco Road,37,10/21/25 8:15 AM,1,Melissa  Urena,,0.00,3.58,0.30,2.00,0.00
12060 Potranco Road,38,10/21/25 8:15 AM,1,Melissa  Urena,,0.00,5.77,0.48,0.00,0.00
12060 Potranco Road,39,10/21/25 8:23 AM,1,Melissa  Urena,,0.00,9.03,0.75,0.00,0.00
12060 Potranco Road,40,10/21/25 8:23 AM,1,Melissa  Urena,,0.00,3.58,0.30,0.00,0.00
12060 Potranco Road,41,10/21/25 8:30 AM,1,Melissa  Urena,,0.00,16.84,1.39,0.00,0.00
12060 Potranco Road,42,10/21/25 8:31 AM,1,Melissa  Urena,,0.00,18.03,1.48,2.70,0.00
12060 Potranco Road,44,10/21/25 8:36 AM,1,Melissa  Urena,,0.00,0.00,0.00,0.00,0.00
12060 Potranco Road,45,10/21/25 8:36 AM,1,Melissa  Urena,,0.00,14.56,1.19,20.00,0.00
12060 Potranco Road,46,10/21/25 8:37 AM,1,Melissa  Urena,,0.00,0.00,0.00,0.00,0.00
12060 Potranco Road,47,10/21/25 8:40 AM,1,Melissa  Urena,,0.00,7.78,0.64,0.00,0.00
12060 Potranco Road,48,10/21/25 8:41 AM,1,Melissa  Urena,,0.00,3.49,0.29,0.00,0.00
12060 Potranco Road,49,10/21/25 8:47 AM,1,Melissa  Urena,,0.00,3.19,0.26,0.00,0.00
12060 Potranco Road,50,10/21/25 8:48 AM,1,Melissa  Urena,,0.00,7.97,0.65,0.00,0.00
12060 Potranco Road,51,10/21/25 8:49 AM,1,Melissa  Urena,,0.00,11.98,0.99,0.00,0.00
12060 Potranco Road,52,10/21/25 8:50 AM,1,Melissa  Urena,,2.99,0.00,0.00,0.00,0.00
12060 Potranco Road,53,10/21/25 8:51 AM,1,Melissa  Urena,,0.00,13.84,1.13,0.00,0.00
12060 Potranco Road,54,10/21/25 8:52 AM,1,Sugey Cabrera,,0.00,14.28,1.17,0.00,0.00
12060 Potranco Road,55,10/21/25 8:52 AM,1,Sugey Cabrera,,0.00,4.28,0.35,5.00,0.00
12060 Potranco Road,56,10/21/25 8:54 AM,1,Melissa  Urena,,0.00,4.58,0.38,3.00,0.00
12060 Potranco Road,57,10/21/25 8:55 AM,2,Melissa  Urena,,0.00,0.00,0.00,0.00,0.00
12060 Potranco Road,58,10/21/25 8:56 AM,1,Melissa  Urena,,0.00,5.37,0.44,0.00,0.00
12060 Potranco Road,60,10/21/25 8:58 AM,1,Melissa  Urena,,0.00,9.56,0.79,0.00,0.00
12060 Potranco Road,63,10/21/25 9:02 AM,2,Leticia Roman,23,0.00,24.96,2.06,3.00,0.00
12060 Potranco Road,61,10/21/25 9:01 AM,1,Sugey Cabrera,,35.44,0.00,0.00,0.00,0.00
12060 Potranco Road,64,10/21/25 9:06 AM,1,Melissa  Urena,,0.00,8.88,0.73,0.00,0.00
12060 Potranco Road,65,10/21/25 9:08 AM,1,Melissa  Urena,,0.00,16.53,1.37,0.00,0.00
12060 Potranco Road,67,10/21/25 9:09 AM,1,Melissa  Urena,,0.00,17.50,1.43,0.00,0.00
12060 Potranco Road,68,10/21/25 9:11 AM,1,Carlos Morales,,0.00,27.97,2.31,2.00,0.00
12060 Potranco Road,70,10/21/25 9:16 AM,1,Melissa  Urena,,0.00,33.53,2.77,0.00,0.00
12060 Potranco Road,71,10/21/25 9:18 AM,1,Melissa  Urena,,0.00,11.37,0.93,0.00,0.00
12060 Potranco Road,73,10/21/25 9:30 AM,1,Sugey Cabrera,,0.00,4.98,0.41,0.00,0.00
12060 Potranco Road,72,10/21/25 9:30 AM,1,Melissa  Urena,,0.00,32.90,2.70,0.00,0.00
12060 Potranco Road,74,10/21/25 9:39 AM,1,Sugey Cabrera,,0.00,8.07,0.67,0.00,0.00
12060 Potranco Road,75,10/21/25 9:45 AM,1,Melissa  Urena,,0.00,11.96,0.99,0.00,0.00
12060 Potranco Road,76,10/21/25 9:45 AM,2,Lizbeth Garcia,14,0.00,0.00,0.00,0.00,0.00
12060 Potranco Road,78,10/21/25 9:46 AM,2,Lizbeth Garcia,15,0.00,8.16,0.67,0.00,0.00
12060 Potranco Road,77,10/21/25 9:45 AM,1,Melissa  Urena,,5.30,3.26,0.27,3.00,0.00
12060 Potranco Road,79,10/21/25 9:48 AM,2,Leticia Roman,26,0.00,15.46,1.27,2.00,0.00
12060 Potranco Road,80,10/21/25 9:51 AM,1,Melissa  Urena,,0.00,6.78,0.56,0.00,0.00
12060 Potranco Road,81,10/21/25 9:57 AM,1,Melissa  Urena,,0.00,19.55,1.61,0.00,0.00
12060 Potranco Road,82,10/21/25 9:58 AM,1,Melissa  Urena,,0.00,17.30,1.43,0.00,0.00
12060 Potranco Road,83,10/21/25 10:08 AM,1,Melissa  Urena,,0.00,19.74,1.63,0.00,0.00
12060 Potranco Road,86,10/21/25 10:12 AM,1,Melissa  Urena,,0.00,4.98,0.41,0.00,0.00
12060 Potranco Road,84,10/21/25 10:12 AM,2,Leticia Roman,23,0.00,15.96,1.33,10.00,0.00
12060 Potranco Road,87,10/21/25 10:14 AM,1,Melissa  Urena,,0.00,10.26,0.86,1.00,0.00
12060 Potranco Road,85,10/21/25 10:12 AM,5,Lizbeth Garcia,4,0.00,36.81,3.02,5.46,0.00
12060 Potranco Road,91,10/21/25 10:17 AM,1,Melissa  Urena,,0.00,4.38,0.36,0.00,0.00
12060 Potranco Road,93,10/21/25 10:21 AM,1,Melissa  Urena,,0.00,2.49,0.21,0.00,0.00
12060 Potranco Road,94,10/21/25 10:24 AM,1,Melissa  Urena,,0.00,19.55,1.62,0.00,0.00
12060 Potranco Road,95,10/21/25 10:26 AM,3,Lizbeth Garcia,26,0.00,32.22,2.65,6.00,0.00
12060 Potranco Road,96,10/21/25 10:30 AM,2,Leticia Roman,2,0.00,20.95,1.74,4.00,0.00
12060 Potranco Road,97,10/21/25 10:36 AM,1,Melissa  Urena,,0.00,18.24,1.50,0.00,0.00
12060 Potranco Road,98,10/21/25 10:37 AM,1,Melissa  Urena,,0.00,9.37,0.77,0.00,0.00
12060 Potranco Road,100,10/21/25 10:42 AM,4,Lizbeth Garcia,20,0.00,25.50,2.09,0.00,0.00
12060 Potranco Road,101,10/21/25 10:45 AM,2,Leticia Roman,16,0.00,27.26,2.24,0.00,0.00
12060 Potranco Road,102,10/21/25 10:47 AM,1,Melissa  Urena,,0.00,16.26,1.34,0.00,0.00
12060 Potranco Road,103,10/21/25 10:48 AM,1,Melissa  Urena,,0.00,12.65,1.04,0.00,0.00
12060 Potranco Road,104,10/21/25 10:50 AM,1,Melissa  Urena,,0.00,2.79,0.23,0.00,0.00
12060 Potranco Road,105,10/21/25 10:51 AM,1,Melissa  Urena,,1.00,8.98,0.74,0.00,0.00
12060 Potranco Road,106,10/21/25 10:52 AM,3,Leticia Roman,12,0.00,34.33,2.82,5.00,0.00
12060 Potranco Road,107,10/21/25 10:52 AM,1,Lizbeth Garcia,34,0.00,9.98,0.83,5.00,0.00
12060 Potranco Road,108,10/21/25 10:56 AM,1,Melissa  Urena,,0.00,9.78,0.81,0.00,0.00
12060 Potranco Road,109,10/21/25 10:57 AM,1,Melissa  Urena,,0.00,15.37,1.26,2.00,0.00
12060 Potranco Road,110,10/21/25 11:03 AM,1,Melissa  Urena,,0.00,3.58,0.30,0.00,0.00
12060 Potranco Road,111,10/21/25 11:03 AM,1,Melissa  Urena,,0.00,11.99,0.99,0.00,0.00
12060 Potranco Road,113,10/21/25 11:30 AM,1,Sugey Cabrera,,2.10,18.88,1.56,0.00,0.00
12060 Potranco Road,112,10/21/25 11:06 AM,1,Melissa  Urena,,0.00,10.98,0.91,0.00,0.00
12060 Potranco Road,114,10/21/25 11:33 AM,1,Melissa  Urena,,0.00,20.30,1.68,0.00,0.00
12060 Potranco Road,116,10/21/25 11:41 AM,2,Lizbeth Garcia,1,0.00,43.49,3.60,5.00,0.00
12060 Potranco Road,117,10/21/25 11:46 AM,3,Leticia Roman,31,0.00,81.44,6.71,0.00,0.00
12060 Potranco Road,115,10/21/25 11:36 AM,1,Melissa  Urena,,0.00,10.16,0.84,0.00,0.00
12060 Potranco Road,118,10/21/25 11:47 AM,1,Lizbeth Garcia,26,0.00,12.98,1.07,0.00,0.00
12060 Potranco Road,120,10/21/25 11:49 AM,1,Melissa  Urena,,0.00,8.56,0.71,5.00,0.00
12060 Potranco Road,122,10/21/25 11:52 AM,2,Leticia Roman,23,0.00,15.98,1.32,0.00,0.00
12060 Potranco Road,119,10/21/25 11:49 AM,1,Melissa  Urena,,0.00,0.00,0.00,0.00,0.00
12060 Potranco Road,123,10/21/25 11:59 AM,1,Sugey Cabrera,,0.00,25.98,2.14,0.00,0.00
12060 Potranco Road,124,10/21/25 12:01 PM,1,Sugey Cabrera,,0.00,0.00,0.00,0.00,0.00
12060 Potranco Road,125,10/21/25 12:06 PM,1,Melissa  Urena,,0.00,12.76,1.05,0.00,0.00
12060 Potranco Road,126,10/21/25 12:06 PM,1,Melissa  Urena,,0.00,13.36,1.10,0.00,0.00
12060 Potranco Road,128,10/21/25 12:17 PM,1,Melissa  Urena,,0.00,32.98,2.71,0.00,0.00
12060 Potranco Road,129,10/21/25 12:17 PM,1,Lizbeth Garcia,20,0.00,16.28,1.34,3.00,0.00
12060 Potranco Road,130,10/21/25 12:23 PM,4,Leticia Roman,16,0.00,37.30,3.08,6.00,0.00
12060 Potranco Road,134,10/21/25 12:33 PM,1,Melissa  Urena,,0.00,14.98,1.24,0.00,0.00
12060 Potranco Road,136,10/21/25 12:34 PM,1,Sugey Cabrera,,0.00,21.37,1.76,0.00,0.00
12060 Potranco Road,135,10/21/25 12:34 PM,1,Melissa  Urena,,5.85,15.89,1.31,0.00,0.00
12060 Potranco Road,137,10/21/25 12:37 PM,1,Melissa  Urena,,0.00,16.74,1.38,0.00,0.00
12060 Potranco Road,138,10/21/25 12:39 PM,1,Melissa  Urena,,0.00,22.05,1.81,10.00,0.00
12060 Potranco Road,140,10/21/25 12:45 PM,2,Lizbeth Garcia,15,0.00,30.26,2.50,5.00,0.00
12060 Potranco Road,141,10/21/25 12:46 PM,2,Leticia Roman,1,0.00,24.47,2.02,0.00,0.00
12060 Potranco Road,142,10/21/25 12:51 PM,1,Melissa  Urena,,0.00,23.85,1.97,0.00,0.00
12060 Potranco Road,144,10/21/25 12:53 PM,1,Carlos Morales,,0.00,0.00,0.00,0.00,0.00
12060 Potranco Road,145,10/21/25 12:58 PM,1,Melissa  Urena,,0.00,4.98,0.41,0.00,0.00
12060 Potranco Road,146,10/21/25 1:04 PM,1,Melissa  Urena,,0.00,13.47,1.10,0.00,0.00
12060 Potranco Road,147,10/21/25 1:04 PM,1,Melissa  Urena,,0.00,15.03,1.24,0.00,0.00
12060 Potranco Road,148,10/21/25 1:08 PM,1,Lizbeth Garcia,6,0.00,16.68,1.38,0.00,0.00
12060 Potranco Road,149,10/21/25 1:15 PM,1,Melissa  Urena,,0.00,11.28,0.93,3.00,0.00
12060 Potranco Road,151,10/21/25 1:19 PM,1,Melissa  Urena,,0.00,6.87,0.57,3.00,0.00
12060 Potranco Road,152,10/21/25 1:39 PM,1,Melissa  Urena,,0.00,9.97,0.82,3.00,0.00
12060 Potranco Road,154,10/21/25 1:41 PM,2,Leticia Roman,14,0.00,33.26,2.74,5.00,0.00
12060 Potranco Road,155,10/21/25 1:48 PM,2,Lizbeth Garcia,22,0.00,40.03,3.30,0.00,0.00
12060 Potranco Road,156,10/21/25 1:51 PM,1,Melissa  Urena,,0.00,8.95,0.74,0.00,0.00
12060 Potranco Road,158,10/21/25 1:51 PM,1,Lizbeth Garcia,,0.00,6.99,0.58,0.00,0.00
12060 Potranco Road,159,10/21/25 1:52 PM,1,Carlos Morales,,0.00,0.00,0.00,0.00,0.00
12060 Potranco Road,160,10/21/25 1:55 PM,2,Leticia Roman,2,0.00,22.84,1.87,4.00,0.00
12060 Potranco Road,157,10/21/25 1:51 PM,1,Melissa  Urena,,0.00,8.95,0.74,0.00,0.00
12060 Potranco Road,161,10/21/25 2:26 PM,1,Mario Jimenez,,0.00,6.78,0.56,0.00,0.00
12060 Potranco Road,163,10/21/25 2:28 PM,1,Adrian Morales,,1.80,7.19,0.59,0.00,0.00
12060 Potranco Road,162,10/21/25 2:28 PM,1,Mario Jimenez,,0.00,7.99,0.66,0.00,0.00
12060 Potranco Road,165,10/21/25 2:42 PM,2,Adrian Morales,15,0.00,36.26,2.99,0.00,0.00
12060 Potranco Road,166,10/21/25 2:47 PM,2,Adrian Morales,3,0.00,11.97,0.99,6.00,0.00
12060 Potranco Road,167,10/21/25 2:50 PM,1,Mario Jimenez,,0.00,11.99,0.99,0.00,0.00
12060 Potranco Road,168,10/21/25 2:50 PM,2,Adrian Morales,14,0.00,0.00,0.00,0.00,0.00
12060 Potranco Road,169,10/21/25 2:51 PM,2,Adrian Morales,14,2.34,21.02,1.73,4.67,0.00
12060 Potranco Road,172,10/21/25 3:02 PM,2,Adrian Morales,2,0.00,49.74,4.10,7.46,0.00
12060 Potranco Road,173,10/21/25 3:03 PM,3,Adrian Morales,1,0.00,67.69,5.58,10.15,0.00
12060 Potranco Road,174,10/21/25 3:13 PM,1,Mario Jimenez,,0.00,9.87,0.81,0.00,0.00
12060 Potranco Road,175,10/21/25 3:27 PM,2,Adrian Morales,20,0.00,25.87,2.13,6.00,0.00
12060 Potranco Road,176,10/21/25 3:31 PM,1,Mario Jimenez,,0.00,22.14,1.83,0.00,0.00
12060 Potranco Road,170,10/21/25 2:52 PM,1,Mario Jimenez,,0.00,15.45,1.27,0.00,0.00
12060 Potranco Road,178,10/21/25 3:33 PM,2,Adrian Morales,29,0.00,16.28,1.34,5.00,0.00
12060 Potranco Road,177,10/21/25 3:32 PM,1,Mario Jimenez,,0.00,16.25,1.34,0.00,0.00
12060 Potranco Road,179,10/21/25 3:51 PM,1,Mario Jimenez,,0.00,28.30,2.34,0.00,0.00
12060 Potranco Road,181,10/21/25 4:06 PM,1,Candy Del Angel,,0.00,25.98,2.14,0.00,0.00
12060 Potranco Road,182,10/21/25 4:10 PM,2,Adrian Morales,2,6.55,20.78,1.72,10.00,0.00
12060 Potranco Road,184,10/21/25 4:17 PM,2,Adrian Morales,14,0.00,41.63,3.43,20.00,0.00
12060 Potranco Road,185,10/21/25 4:43 PM,2,Adrian Morales,20,0.00,36.46,3.01,5.47,0.00
12060 Potranco Road,187,10/21/25 4:49 PM,1,Mario Jimenez,,0.00,9.97,0.82,0.00,0.00
12060 Potranco Road,186,10/21/25 4:47 PM,2,Adrian Morales,23,0.00,40.08,3.29,0.00,0.00
12060 Potranco Road,189,10/21/25 5:03 PM,2,Adrian Morales,16,0.00,33.26,2.74,10.00,0.00
12060 Potranco Road,190,10/21/25 5:08 PM,1,Mario Jimenez,,0.00,10.99,0.91,0.00,0.00
12060 Potranco Road,180,10/21/25 3:56 PM,1,Mario Jimenez,,0.00,29.70,2.45,0.00,0.00
12060 Potranco Road,192,10/21/25 5:15 PM,2,Adrian Morales,1,0.00,64.47,5.33,16.00,0.00
12060 Potranco Road,193,10/21/25 5:26 PM,2,Adrian Morales,8,0.00,32.22,2.66,6.00,0.00
12060 Potranco Road,194,10/21/25 5:28 PM,2,Adrian Morales,3,0.00,24.56,2.03,3.00,0.00
12060 Potranco Road,195,10/21/25 5:29 PM,2,Adrian Morales,25,0.00,0.00,0.00,0.00,0.00
12060 Potranco Road,196,10/21/25 5:36 PM,3,Adrian Morales,25,0.00,47.03,3.88,0.00,9.41
12060 Potranco Road,197,10/21/25 5:39 PM,2,Adrian Morales,14,0.00,34.46,2.84,7.46,0.00
12060 Potranco Road,199,10/21/25 5:44 PM,1,Mario Jimenez,,0.00,11.99,0.99,2.00,0.00
12060 Potranco Road,200,10/21/25 5:47 PM,1,Candy Del Angel,,0.00,41.01,3.39,0.00,0.00
12060 Potranco Road,202,10/21/25 5:51 PM,1,Mario Jimenez,,0.00,6.99,0.58,0.00,0.00
12060 Potranco Road,203,10/21/25 6:05 PM,2,Adrian Morales,4,0.00,51.00,4.21,7.00,0.00
12060 Potranco Road,204,10/21/25 6:16 PM,1,Candy Del Angel,21,0.00,21.98,1.81,4.21,0.00
12060 Potranco Road,205,10/21/25 6:16 PM,2,Adrian Morales,16,0.00,37.97,3.12,4.00,0.00
12060 Potranco Road,206,10/21/25 6:18 PM,2,Adrian Morales,8,0.00,100.62,8.28,20.00,20.12
12060 Potranco Road,207,10/21/25 6:24 PM,2,Adrian Morales,7,0.00,16.98,1.40,5.00,0.00
12060 Potranco Road,209,10/21/25 6:32 PM,1,Mario Jimenez,,0.00,26.02,2.15,3.90,0.00
12060 Potranco Road,210,10/21/25 6:34 PM,1,Mario Jimenez,,0.00,3.60,0.30,0.00,0.00
12060 Potranco Road,212,10/21/25 6:36 PM,1,Mario Jimenez,,0.00,9.58,0.79,0.00,0.00
12060 Potranco Road,213,10/21/25 6:40 PM,7,Adrian Morales,37,0.00,99.38,8.20,0.00,19.88
12060 Potranco Road,214,10/21/25 6:47 PM,3,Candy Del Angel,2,1.40,64.15,5.29,0.00,0.00
12060 Potranco Road,215,10/21/25 6:56 PM,2,Adrian Morales,34,0.00,51.54,4.24,11.34,0.00
12060 Potranco Road,216,10/21/25 6:58 PM,1,Mario Jimenez,,0.00,18.04,1.49,2.71,0.00
12060 Potranco Road,218,10/21/25 7:32 PM,1,Candy Del Angel,,0.00,27.95,2.30,3.00,0.00
12060 Potranco Road,219,10/21/25 7:33 PM,1,Candy Del Angel,,0.00,7.29,0.60,0.00,0.00
12060 Potranco Road,221,10/21/25 7:35 PM,2,Adrian Morales,15,0.00,57.34,4.74,25.00,0.00
12060 Potranco Road,211,10/21/25 6:35 PM,1,Mario Jimenez,,0.00,15.23,1.26,0.00,0.00
12060 Potranco Road,224,10/21/25 7:43 PM,1,Mario Jimenez,,0.00,8.78,0.72,1.93,0.00
12060 Potranco Road,227,10/21/25 8:01 PM,1,Mario Jimenez,,0.00,12.99,1.07,0.00,0.00
12060 Potranco Road,228,10/21/25 8:16 PM,1,Mario Jimenez,,0.00,19.78,1.63,0.00,0.00
12060 Potranco Road,229,10/21/25 8:46 PM,2,Adrian Morales,23,0.00,45.19,3.73,9.94,0.00
