Location,Order #,Opened Date,Server,Table,Discount Name,Discount Reason,Comment,Discount Amount
Tink a Tako #9 - Blanco Rd - 2919 Blanco Rd,250,8/5/25 2:06 PM,PM Cashier C,,Open % Item,,,1.10
Tink a Tako #9 - Blanco Rd - 2919 Blanco Rd,122,8/5/25 9:47 AM,AM CASHIER,,Open % Item,,,1.00
Tink a Tako #9 - Blanco Rd - 2919 Blanco Rd,33,8/5/25 6:55 AM,Maria  Salazar,14,Open % Item,,,1.54
Tink a Tako #9 - Blanco Rd - 2919 Blanco Rd,33,8/5/25 6:55 AM,Maria  Salazar,14,Open % Item,,,1.54
Tink a Tako #9 - Blanco Rd - 2919 Blanco Rd,33,8/5/25 6:55 AM,Maria  Salazar,14,Open % Item,,,1.20
Tink a Tako #9 - Blanco Rd - 2919 Blanco Rd,33,8/5/25 6:55 AM,Maria  Salazar,14,Open % Item,,,1.05
Tink a Tako #9 - Blanco Rd - 2919 Blanco Rd,33,8/5/25 6:55 AM,Maria  Salazar,14,Open % Item,,,1.05
Tink a Tako #9 - Blanco Rd - 2919 Blanco Rd,33,8/5/25 6:55 AM,Maria  Salazar,14,Open % Item,,,1.50
Tink a Tako #9 - Blanco Rd - 2919 Blanco Rd,33,8/5/25 6:55 AM,Maria  Salazar,14,Open % Item,,,1.20
Tink a Tako #9 - Blanco Rd - 2919 Blanco Rd,33,8/5/25 6:55 AM,Maria  Salazar,14,Open % Item,,,1.58
Tink a Tako #9 - Blanco Rd - 2919 Blanco Rd,33,8/5/25 6:55 AM,Maria  Salazar,14,Open % Item,,,1.20
