Location,Order #,Opened,Server,Table,Revenue Center,Discount Amount,Amount,Tax,Tip,Gratuity,Duration (Opened to Paid)
2919 Blanco Rd,1,8/5/25 5:54 AM,samantha lopez,,Dining Room,0.00,8.72,0.72,0.00,0.00,00:15:32
2919 Blanco Rd,3,8/5/25 6:07 AM,samantha lopez,,Dining Room,0.00,7.96,0.66,0.00,0.00,00:08:57
2919 Blanco Rd,2,8/5/25 6:05 AM,AM CASHIER,,Dining Room,0.00,21.16,1.73,0.00,0.00,00:01:45
2919 Blanco Rd,5,8/5/25 6:08 AM,samantha lopez,,Dining Room,0.00,11.94,0.98,0.00,0.00,00:09:06
2919 Blanco Rd,6,8/5/25 6:16 AM,samantha lopez,,Drive Thru,0.00,1.99,0.16,0.00,0.00,00:03:00
2919 Blanco Rd,8,8/5/25 6:16 AM,AM CASHIER,,Dining Room,0.00,3.98,0.33,0.00,0.00,00:00:09
2919 Blanco Rd,10,8/5/25 6:17 AM,samantha lopez,,Drive Thru,0.00,3.49,0.29,0.00,0.00,00:02:32
2919 Blanco Rd,11,8/5/25 6:19 AM,samantha lopez,,Dining Room,0.00,12.70,1.05,0.00,0.00,00:17:53
2919 Blanco Rd,13,8/5/25 6:20 AM,AM CASHIER,,Dining Room,0.00,8.97,0.74,0.00,0.00,00:08:26
2919 Blanco Rd,16,8/5/25 6:23 AM,samantha lopez,,Dining Room,0.00,11.07,0.91,2.00,0.00,00:03:07
2919 Blanco Rd,17,8/5/25 6:26 AM,samantha lopez,,Drive Thru,0.00,8.67,0.72,0.00,0.00,00:02:41
2919 Blanco Rd,18,8/5/25 6:28 AM,AM CASHIER,,Dining Room,0.00,9.96,0.82,2.00,0.00,00:00:11
2919 Blanco Rd,21,8/5/25 6:29 AM,samantha lopez,,Dining Room,0.00,7.96,0.66,1.38,0.00,00:02:21
2919 Blanco Rd,20,8/5/25 6:29 AM,samantha lopez,,Drive Thru,0.00,5.97,0.49,0.00,0.00,00:05:32
2919 Blanco Rd,22,8/5/25 6:36 AM,samantha lopez,,Dining Room,0.00,13.94,1.15,0.00,0.00,00:02:13
2919 Blanco Rd,24,8/5/25 6:37 AM,samantha lopez,,Drive Thru,0.00,4.28,0.35,0.00,0.00,00:06:01
2919 Blanco Rd,26,8/5/25 6:46 AM,samantha lopez,,Dining Room,0.00,3.98,0.33,0.00,0.00,00:00:56
2919 Blanco Rd,28,8/5/25 6:48 AM,Maria  Salazar,2,Dining Room,0.00,7.03,0.58,0.00,0.00,00:22:56
2919 Blanco Rd,27,8/5/25 6:48 AM,samantha lopez,,Drive Thru,0.00,11.37,0.93,0.00,0.00,00:01:45
2919 Blanco Rd,29,8/5/25 6:48 AM,samantha lopez,,Drive Thru,0.00,7.47,0.62,0.00,0.00,00:03:45
2919 Blanco Rd,31,8/5/25 6:55 AM,Maria  Salazar,18,Dining Room,0.00,12.34,1.03,10.00,0.00,00:16:42
2919 Blanco Rd,32,8/5/25 6:55 AM,Maria  Salazar,10,Dining Room,0.00,6.79,0.56,0.00,0.00,00:10:44
2919 Blanco Rd,34,8/5/25 6:56 AM,samantha lopez,,Dining Room,0.00,17.32,1.44,0.00,0.00,00:03:37
2919 Blanco Rd,35,8/5/25 6:58 AM,samantha lopez,,Dining Room,0.00,5.74,0.47,0.00,0.00,00:05:11
2919 Blanco Rd,36,8/5/25 6:59 AM,samantha lopez,,Dining Room,0.00,8.78,0.72,0.00,0.00,00:05:39
2919 Blanco Rd,33,8/5/25 6:55 AM,Maria  Salazar,14,Dining Room,11.86,32.95,2.71,2.00,0.00,00:51:40
2919 Blanco Rd,37,8/5/25 7:03 AM,samantha lopez,,Drive Thru,0.00,5.28,0.44,0.00,0.00,00:01:30
2919 Blanco Rd,38,8/5/25 7:04 AM,samantha lopez,,Drive Thru,0.00,2.99,0.25,0.00,0.00,00:02:00
2919 Blanco Rd,39,8/5/25 7:05 AM,samantha lopez,,Drive Thru,0.00,13.79,1.14,0.00,0.00,00:01:57
2919 Blanco Rd,40,8/5/25 7:05 AM,AM CASHIER,,Dining Room,0.00,7.96,0.65,1.00,0.00,00:01:30
2919 Blanco Rd,41,8/5/25 7:10 AM,samantha lopez,,Drive Thru,0.00,5.14,0.42,0.00,0.00,00:01:03
2919 Blanco Rd,42,8/5/25 7:10 AM,samantha lopez,,Drive Thru,0.00,11.94,0.97,0.00,0.00,00:01:54
2919 Blanco Rd,43,8/5/25 7:12 AM,samantha lopez,,Drive Thru,0.00,4.58,0.38,0.00,0.00,00:01:45
2919 Blanco Rd,44,8/5/25 7:12 AM,samantha lopez,,Drive Thru,0.00,8.73,0.72,0.00,0.00,00:03:25
2919 Blanco Rd,46,8/5/25 7:15 AM,samantha lopez,,Drive Thru,0.00,5.48,0.46,0.00,0.00,00:01:42
2919 Blanco Rd,47,8/5/25 7:17 AM,Maria  Salazar,19,Dining Room,0.00,7.73,0.64,5.00,0.00,00:18:24
2919 Blanco Rd,48,8/5/25 7:25 AM,samantha lopez,,Dining Room,0.00,5.97,0.48,0.00,0.00,00:01:37
2919 Blanco Rd,49,8/5/25 7:25 AM,samantha lopez,,Dining Room,0.00,6.28,0.52,1.00,0.00,00:03:00
2919 Blanco Rd,50,8/5/25 7:25 AM,samantha lopez,,Dining Room,0.00,20.90,1.73,0.00,0.00,00:03:58
2919 Blanco Rd,51,8/5/25 7:29 AM,samantha lopez,,Drive Thru,0.00,3.98,0.33,0.00,0.00,00:03:32
2919 Blanco Rd,52,8/5/25 7:29 AM,samantha lopez,,Drive Thru,0.00,1.99,0.16,0.00,0.00,00:03:33
2919 Blanco Rd,53,8/5/25 7:33 AM,samantha lopez,,Drive Thru,0.00,7.43,0.61,0.00,0.00,00:01:03
2919 Blanco Rd,54,8/5/25 7:34 AM,samantha lopez,,Drive Thru,0.00,4.28,0.35,0.00,0.00,00:03:00
2919 Blanco Rd,57,8/5/25 7:38 AM,samantha lopez,,Dining Room,0.00,5.58,0.46,1.00,0.00,00:02:51
2919 Blanco Rd,58,8/5/25 7:44 AM,samantha lopez,,Dining Room,0.00,10.00,0.82,0.00,0.00,00:00:32
2919 Blanco Rd,59,8/5/25 7:44 AM,samantha lopez,,Drive Thru,0.00,10.23,0.84,1.00,0.00,00:03:49
2919 Blanco Rd,62,8/5/25 7:48 AM,samantha lopez,,Drive Thru,0.00,8.67,0.71,0.00,0.00,00:01:10
2919 Blanco Rd,63,8/5/25 7:50 AM,samantha lopez,,Drive Thru,0.00,11.33,0.93,1.00,0.00,00:01:04
2919 Blanco Rd,64,8/5/25 7:54 AM,samantha lopez,,Drive Thru,0.00,1.99,0.16,0.00,0.00,00:00:30
2919 Blanco Rd,65,8/5/25 7:58 AM,samantha lopez,,Dining Room,0.00,17.24,1.42,0.00,0.00,00:02:45
2919 Blanco Rd,66,8/5/25 8:01 AM,samantha lopez,,Drive Thru,0.00,13.36,1.10,0.00,0.00,00:02:29
2919 Blanco Rd,68,8/5/25 8:06 AM,samantha lopez,,Dining Room,0.00,16.37,1.34,0.00,0.00,00:02:28
2919 Blanco Rd,70,8/5/25 8:11 AM,AM CASHIER,,Dining Room,0.00,30.49,2.51,0.00,0.00,00:00:26
2919 Blanco Rd,71,8/5/25 8:22 AM,samantha lopez,,Dining Room,0.00,5.97,0.49,0.00,0.00,00:01:58
2919 Blanco Rd,72,8/5/25 8:22 AM,samantha lopez,,Dining Room,0.00,9.19,0.75,0.00,0.00,00:02:36
2919 Blanco Rd,74,8/5/25 8:28 AM,samantha lopez,,Dining Room,0.00,10.53,0.87,0.00,0.00,00:01:47
2919 Blanco Rd,75,8/5/25 8:30 AM,samantha lopez,,Dining Room,0.00,2.29,0.19,0.00,0.00,00:01:53
2919 Blanco Rd,77,8/5/25 8:35 AM,samantha lopez,,Dining Room,0.00,7.43,0.61,5.00,0.00,00:01:28
2919 Blanco Rd,76,8/5/25 8:32 AM,samantha lopez,,Drive Thru,0.00,32.86,2.70,0.00,0.00,00:09:16
2919 Blanco Rd,78,8/5/25 8:40 AM,samantha lopez,,Dining Room,0.00,6.44,0.53,0.00,0.00,00:03:37
2919 Blanco Rd,79,8/5/25 8:40 AM,samantha lopez,,Drive Thru,0.00,4.28,0.35,0.00,0.00,00:04:22
2919 Blanco Rd,80,8/5/25 8:41 AM,Maria  Salazar,4,Dining Room,0.00,14.45,1.19,3.00,0.00,00:28:19
2919 Blanco Rd,81,8/5/25 8:42 AM,ADRIAN MORALES,18,Dining Room,0.00,4.98,0.41,0.00,0.00,00:14:58
2919 Blanco Rd,82,8/5/25 8:43 AM,samantha lopez,,Drive Thru,0.00,6.88,0.56,0.00,0.00,00:02:34
2919 Blanco Rd,83,8/5/25 8:46 AM,samantha lopez,,Drive Thru,0.00,6.23,0.52,0.00,0.00,00:08:43
2919 Blanco Rd,85,8/5/25 8:55 AM,Maria  Salazar,11,Dining Room,0.00,21.48,1.78,0.00,0.00,00:44:24
2919 Blanco Rd,86,8/5/25 8:55 AM,ADRIAN MORALES,2,Dining Room,0.00,0.00,0.00,0.00,0.00,00:00:15
2919 Blanco Rd,88,8/5/25 8:56 AM,AM CASHIER,,Dining Room,0.00,2.75,0.23,0.00,0.00,00:00:07
2919 Blanco Rd,89,8/5/25 8:56 AM,samantha lopez,,Dining Room,0.00,14.77,1.22,0.00,0.00,00:01:04
2919 Blanco Rd,90,8/5/25 8:56 AM,AM CASHIER,,Dining Room,0.00,0.00,0.00,0.00,0.00,00:00:08
2919 Blanco Rd,91,8/5/25 8:57 AM,samantha lopez,,Drive Thru,0.00,7.38,0.61,0.00,0.00,00:03:25
2919 Blanco Rd,93,8/5/25 9:00 AM,samantha lopez,,Drive Thru,0.00,3.29,0.27,1.00,0.00,00:01:37
2919 Blanco Rd,94,8/5/25 9:00 AM,samantha lopez,,Drive Thru,0.00,7.17,0.59,0.00,0.00,00:02:27
2919 Blanco Rd,96,8/5/25 9:02 AM,samantha lopez,,Drive Thru,0.00,4.98,0.41,2.00,0.00,00:02:03
2919 Blanco Rd,97,8/5/25 9:03 AM,ADRIAN MORALES,2,Dining Room,0.00,17.98,1.48,3.00,0.00,00:26:43
2919 Blanco Rd,98,8/5/25 9:05 AM,samantha lopez,,Drive Thru,0.00,15.69,1.29,0.00,0.00,00:04:23
2919 Blanco Rd,100,8/5/25 9:08 AM,samantha lopez,,Dining Room,0.00,11.42,0.93,0.00,0.00,00:03:35
2919 Blanco Rd,99,8/5/25 9:07 AM,samantha lopez,,Drive Thru,0.00,6.38,0.52,1.00,0.00,00:06:00
2919 Blanco Rd,101,8/5/25 9:12 AM,samantha lopez,,Drive Thru,0.00,4.48,0.37,0.00,0.00,00:01:35
2919 Blanco Rd,103,8/5/25 9:19 AM,samantha lopez,,Dining Room,0.00,3.98,0.33,0.00,0.00,00:00:53
2919 Blanco Rd,104,8/5/25 9:21 AM,samantha lopez,,Drive Thru,0.00,4.98,0.41,1.00,0.00,00:01:48
2919 Blanco Rd,106,8/5/25 9:22 AM,samantha lopez,,Drive Thru,0.00,9.12,0.75,0.00,0.00,00:02:10
2919 Blanco Rd,107,8/5/25 9:23 AM,samantha lopez,,Drive Thru,0.00,9.95,0.82,0.00,0.00,00:02:53
2919 Blanco Rd,105,8/5/25 9:21 AM,Maria  Salazar,14,Dining Room,0.00,126.59,10.44,25.00,25.32,00:46:40
2919 Blanco Rd,108,8/5/25 9:24 AM,samantha lopez,,Drive Thru,0.00,6.27,0.52,0.00,0.00,00:02:05
2919 Blanco Rd,109,8/5/25 9:25 AM,samantha lopez,,Drive Thru,0.00,8.56,0.71,0.00,0.00,00:02:44
2919 Blanco Rd,112,8/5/25 9:27 AM,samantha lopez,,Drive Thru,0.00,8.97,0.74,0.00,0.00,00:05:19
2919 Blanco Rd,110,8/5/25 9:27 AM,Maria  Salazar,8,Dining Room,0.00,12.24,1.00,0.00,0.00,00:17:41
2919 Blanco Rd,111,8/5/25 9:27 AM,ADRIAN MORALES,7,Dining Room,0.00,27.70,2.30,0.00,0.00,00:32:29
2919 Blanco Rd,114,8/5/25 9:35 AM,samantha lopez,,Dining Room,0.00,7.97,0.65,0.00,0.00,00:02:35
2919 Blanco Rd,115,8/5/25 9:35 AM,samantha lopez,,Dining Room,0.00,7.38,0.61,0.00,0.00,00:03:34
2919 Blanco Rd,113,8/5/25 9:35 AM,ADRIAN MORALES,6,Dining Room,0.00,18.81,1.55,5.00,0.00,00:30:35
2919 Blanco Rd,116,8/5/25 9:36 AM,samantha lopez,,Dining Room,0.00,8.72,0.72,0.00,0.00,00:06:47
2919 Blanco Rd,118,8/5/25 9:40 AM,samantha lopez,,Dining Room,0.00,6.47,0.54,0.00,0.00,00:02:59
2919 Blanco Rd,120,8/5/25 9:43 AM,samantha lopez,,Drive Thru,0.00,3.98,0.33,0.00,0.00,00:01:13
2919 Blanco Rd,122,8/5/25 9:47 AM,AM CASHIER,,Dining Room,1.00,0.99,0.08,0.00,0.00,00:00:21
2919 Blanco Rd,123,8/5/25 9:49 AM,Maria  Salazar,4,Dining Room,0.00,18.12,1.49,0.00,0.00,00:27:46
2919 Blanco Rd,95,8/5/25 9:00 AM,samantha lopez,,Drive Thru,0.00,10.34,0.85,0.00,0.00,00:53:49
2919 Blanco Rd,126,8/5/25 9:58 AM,AM CASHIER,,Dining Room,0.00,5.74,0.47,0.00,0.00,00:10:35
2919 Blanco Rd,125,8/5/25 9:54 AM,samantha lopez,,Drive Thru,0.00,12.99,1.07,0.00,0.00,00:05:24
2919 Blanco Rd,127,8/5/25 9:58 AM,samantha lopez,,Drive Thru,0.00,14.04,1.15,0.00,0.00,00:03:42
2919 Blanco Rd,128,8/5/25 10:01 AM,samantha lopez,,Drive Thru,0.00,14.02,1.16,0.00,0.00,00:02:41
2919 Blanco Rd,129,8/5/25 10:04 AM,samantha lopez,,Drive Thru,0.00,6.47,0.53,3.00,0.00,00:02:54
2919 Blanco Rd,130,8/5/25 10:05 AM,samantha lopez,,Drive Thru,0.00,11.27,0.93,0.00,0.00,00:04:00
2919 Blanco Rd,131,8/5/25 10:05 AM,ADRIAN MORALES,5,Dining Room,0.00,12.12,1.00,0.00,0.00,00:14:15
2919 Blanco Rd,133,8/5/25 10:07 AM,samantha lopez,,Drive Thru,0.00,7.43,0.61,0.00,0.00,00:02:57
2919 Blanco Rd,134,8/5/25 10:09 AM,samantha lopez,,Drive Thru,0.00,30.39,2.51,0.00,0.00,00:02:38
2919 Blanco Rd,136,8/5/25 10:10 AM,samantha lopez,,Drive Thru,0.00,8.97,0.74,0.00,0.00,00:02:12
2919 Blanco Rd,137,8/5/25 10:11 AM,samantha lopez,,Drive Thru,0.00,3.98,0.33,0.00,0.00,00:04:51
2919 Blanco Rd,139,8/5/25 10:15 AM,AM CASHIER,,Drive Thru,0.00,6.48,0.54,0.00,0.00,00:05:13
2919 Blanco Rd,138,8/5/25 10:14 AM,Maria  Salazar,19,Dining Room,0.00,24.44,2.02,0.00,0.00,00:34:21
2919 Blanco Rd,140,8/5/25 10:22 AM,samantha lopez,,Dining Room,0.00,15.44,1.26,0.00,0.00,00:02:39
2919 Blanco Rd,141,8/5/25 10:23 AM,ADRIAN MORALES,3,Dining Room,0.00,10.99,0.91,0.00,0.00,00:34:15
2919 Blanco Rd,143,8/5/25 10:23 AM,samantha lopez,,Drive Thru,0.00,1.99,0.16,0.00,0.00,00:00:15
2919 Blanco Rd,144,8/5/25 10:25 AM,samantha lopez,,Drive Thru,0.00,2.99,0.25,0.00,0.00,00:01:59
2919 Blanco Rd,145,8/5/25 10:27 AM,samantha lopez,,Drive Thru,0.00,9.95,0.81,3.00,0.00,00:00:39
2919 Blanco Rd,146,8/5/25 10:29 AM,samantha lopez,,Drive Thru,0.00,9.72,0.80,0.00,0.00,00:04:39
2919 Blanco Rd,149,8/5/25 10:36 AM,samantha lopez,,Dining Room,0.00,7.96,0.65,0.00,0.00,00:05:50
2919 Blanco Rd,150,8/5/25 10:40 AM,samantha lopez,,Dining Room,0.00,13.46,1.10,0.00,0.00,00:03:22
2919 Blanco Rd,148,8/5/25 10:36 AM,samantha lopez,,Drive Thru,0.00,5.97,0.49,5.00,0.00,00:08:33
2919 Blanco Rd,151,8/5/25 10:41 AM,Maria  Salazar,7,Dining Room,0.00,13.77,1.15,3.00,0.00,01:01:14
2919 Blanco Rd,153,8/5/25 10:42 AM,samantha lopez,,Dining Room,0.00,17.91,1.47,0.00,0.00,00:10:12
2919 Blanco Rd,152,8/5/25 10:42 AM,ADRIAN MORALES,4,Dining Room,0.00,16.73,1.39,0.00,0.00,00:30:57
2919 Blanco Rd,155,8/5/25 10:43 AM,samantha lopez,,Drive Thru,0.00,10.36,0.85,0.00,0.00,00:02:24
2919 Blanco Rd,156,8/5/25 10:44 AM,ADRIAN MORALES,2,Dining Room,0.00,12.06,0.99,4.00,0.00,02:40:43
2919 Blanco Rd,157,8/5/25 10:45 AM,samantha lopez,,Drive Thru,0.00,12.05,0.99,0.00,0.00,00:04:02
2919 Blanco Rd,158,8/5/25 10:45 AM,samantha lopez,,Drive Thru,0.00,15.34,1.26,2.00,0.00,00:01:24
2919 Blanco Rd,160,8/5/25 10:48 AM,ADRIAN MORALES,25,Dining Room,0.00,32.88,2.70,5.00,0.00,00:26:31
2919 Blanco Rd,162,8/5/25 10:49 AM,AM CASHIER,,Dining Room,0.00,3.00,0.24,0.00,0.00,00:00:12
2919 Blanco Rd,165,8/5/25 10:50 AM,samantha lopez,,Dining Room,0.00,7.96,0.65,0.00,0.00,00:04:28
2919 Blanco Rd,167,8/5/25 10:59 AM,samantha lopez,,Dining Room,0.00,7.19,0.59,0.00,0.00,00:01:57
2919 Blanco Rd,168,8/5/25 11:00 AM,AM CASHIER,,Dining Room,0.00,10.42,0.87,2.00,0.00,00:01:17
2919 Blanco Rd,170,8/5/25 11:05 AM,samantha lopez,,Dining Room,0.00,12.75,1.05,0.00,0.00,00:00:32
2919 Blanco Rd,172,8/5/25 11:07 AM,AM CASHIER,,Dining Room,0.00,13.99,1.15,0.00,0.00,00:06:35
2919 Blanco Rd,3001,8/5/25 11:10 AM,samantha lopez,,Dining Room,0.00,34.24,2.82,10.00,0.00,00:02:05
2919 Blanco Rd,171,8/5/25 11:06 AM,samantha lopez,,Drive Thru,0.00,15.92,1.31,0.00,0.00,00:08:09
2919 Blanco Rd,175,8/5/25 11:12 AM,Maria  Salazar,5,Dining Room,0.00,22.07,1.83,0.00,0.00,00:34:00
2919 Blanco Rd,174,8/5/25 11:12 AM,samantha lopez,,Drive Thru,0.00,9.56,0.79,0.00,0.00,00:06:46
2919 Blanco Rd,176,8/5/25 11:16 AM,samantha lopez,,Drive Thru,0.00,15.81,1.30,2.00,0.00,00:04:29
2919 Blanco Rd,10001,8/5/25 11:10 AM,ADRIAN MORALES,22,Dining Room,0.00,59.01,4.87,0.00,0.00,00:49:23
2919 Blanco Rd,177,8/5/25 11:19 AM,samantha lopez,,Drive Thru,0.00,8.78,0.72,0.00,0.00,00:03:07
2919 Blanco Rd,179,8/5/25 11:20 AM,Maria  Salazar,3,Dining Room,0.00,27.76,2.28,0.00,0.00,00:19:59
2919 Blanco Rd,180,8/5/25 11:21 AM,samantha lopez,,Drive Thru,0.00,9.95,0.81,0.00,0.00,00:02:43
2919 Blanco Rd,182,8/5/25 11:23 AM,samantha lopez,,Drive Thru,0.00,17.56,1.44,0.00,0.00,00:03:22
2919 Blanco Rd,181,8/5/25 11:22 AM,samantha lopez,,Dining Room,0.00,27.41,2.26,0.00,0.00,00:29:41
2919 Blanco Rd,184,8/5/25 11:23 AM,samantha lopez,,Drive Thru,0.00,19.55,1.61,0.00,0.00,00:05:02
2919 Blanco Rd,185,8/5/25 11:28 AM,samantha lopez,,Drive Thru,0.00,19.92,1.64,0.00,0.00,00:07:33
2919 Blanco Rd,186,8/5/25 11:32 AM,samantha lopez,,Dining Room,0.00,13.43,1.10,0.00,0.00,00:04:28
2919 Blanco Rd,183,8/5/25 11:23 AM,AM CASHIER,,Dining Room,0.00,10.00,0.82,0.00,0.00,00:12:51
2919 Blanco Rd,187,8/5/25 11:35 AM,samantha lopez,,Drive Thru,0.00,18.04,1.49,0.00,0.00,00:02:57
2919 Blanco Rd,188,8/5/25 11:37 AM,Maria  Salazar,25,Dining Room,0.00,30.85,2.55,4.00,0.00,00:31:37
2919 Blanco Rd,190,8/5/25 11:41 AM,samantha lopez,,Dining Room,0.00,7.97,0.65,0.00,0.00,00:07:34
2919 Blanco Rd,189,8/5/25 11:40 AM,samantha lopez,,Drive Thru,0.00,8.26,0.67,0.00,0.00,00:02:49
2919 Blanco Rd,193,8/5/25 11:47 AM,samantha lopez,,Dining Room,0.00,3.98,0.33,0.00,0.00,00:02:16
2919 Blanco Rd,194,8/5/25 11:49 AM,Maria  Salazar,6,Dining Room,0.00,5.94,0.49,0.00,0.00,00:26:59
2919 Blanco Rd,195,8/5/25 11:50 AM,ADRIAN MORALES,19,Dining Room,0.00,50.36,4.14,0.00,0.00,00:42:27
2919 Blanco Rd,196,8/5/25 11:52 AM,ADRIAN MORALES,17,Dining Room,0.00,28.81,2.37,3.00,0.00,00:32:09
2919 Blanco Rd,197,8/5/25 11:52 AM,samantha lopez,,Drive Thru,0.00,10.34,0.85,2.00,0.00,00:01:03
2919 Blanco Rd,199,8/5/25 11:55 AM,AM CASHIER,,Dining Room,0.00,1.79,0.15,0.00,0.00,00:00:43
2919 Blanco Rd,200,8/5/25 11:56 AM,samantha lopez,,Dining Room,0.00,23.42,1.93,0.00,0.00,00:08:23
2919 Blanco Rd,202,8/5/25 12:01 PM,Maria  Salazar,16,Dining Room,0.00,13.27,1.09,0.00,0.00,00:18:02
2919 Blanco Rd,203,8/5/25 12:04 PM,samantha lopez,,Dining Room,0.00,11.93,0.98,0.00,0.00,00:02:37
2919 Blanco Rd,204,8/5/25 12:05 PM,samantha lopez,,Drive Thru,0.00,6.97,0.58,0.00,0.00,00:02:10
2919 Blanco Rd,205,8/5/25 12:07 PM,ADRIAN MORALES,7,Dining Room,0.00,19.89,1.65,0.00,0.00,00:36:07
2919 Blanco Rd,207,8/5/25 12:09 PM,samantha lopez,,Dining Room,0.00,7.47,0.62,0.00,0.00,00:04:06
2919 Blanco Rd,208,8/5/25 12:17 PM,samantha lopez,,Dining Room,0.00,13.93,1.15,0.00,0.00,00:04:53
2919 Blanco Rd,210,8/5/25 12:22 PM,samantha lopez,,Drive Thru,0.00,4.99,0.41,0.00,0.00,00:00:33
2919 Blanco Rd,213,8/5/25 12:26 PM,ADRIAN MORALES,3,Dining Room,0.00,20.34,1.67,0.00,0.00,00:30:59
2919 Blanco Rd,212,8/5/25 12:25 PM,ADRIAN MORALES,5,Dining Room,0.00,24.83,2.05,0.00,0.00,00:40:31
2919 Blanco Rd,211,8/5/25 12:23 PM,samantha lopez,,Drive Thru,0.00,9.66,0.79,1.00,0.00,00:06:10
2919 Blanco Rd,214,8/5/25 12:28 PM,samantha lopez,,Dining Room,0.00,6.38,0.52,0.00,0.00,00:02:58
2919 Blanco Rd,215,8/5/25 12:30 PM,samantha lopez,,Drive Thru,0.00,10.13,0.84,0.00,0.00,00:02:04
2919 Blanco Rd,216,8/5/25 12:34 PM,samantha lopez,,Drive Thru,0.00,10.96,0.90,0.00,0.00,00:04:10
2919 Blanco Rd,217,8/5/25 12:47 PM,samantha lopez,,Dining Room,0.00,14.98,1.23,0.00,0.00,00:02:04
2919 Blanco Rd,218,8/5/25 12:48 PM,samantha lopez,,Dining Room,0.00,22.59,1.86,0.00,0.00,00:04:57
2919 Blanco Rd,219,8/5/25 12:49 PM,PM Cashier C,,Dining Room,0.00,1.99,0.16,0.00,0.00,00:00:30
2919 Blanco Rd,220,8/5/25 12:49 PM,samantha lopez,,Drive Thru,0.00,3.98,0.33,0.00,0.00,00:05:00
2919 Blanco Rd,221,8/5/25 12:51 PM,ADRIAN MORALES,6,Dining Room,0.00,30.41,2.49,0.00,0.00,00:27:40
2919 Blanco Rd,222,8/5/25 12:54 PM,samantha lopez,,Drive Thru,0.00,7.97,0.66,0.00,0.00,00:03:26
2919 Blanco Rd,223,8/5/25 12:55 PM,samantha lopez,,Dining Room,0.00,8.99,0.74,0.00,0.00,00:21:29
2919 Blanco Rd,225,8/5/25 12:58 PM,samantha lopez,,Drive Thru,0.00,13.43,1.10,2.00,0.00,00:01:51
2919 Blanco Rd,226,8/5/25 12:59 PM,ADRIAN MORALES,8,Dining Room,0.00,29.98,2.46,0.00,0.00,00:30:28
2919 Blanco Rd,227,8/5/25 1:03 PM,samantha lopez,,Dining Room,0.00,12.99,1.07,0.00,0.00,00:01:38
2919 Blanco Rd,229,8/5/25 1:11 PM,samantha lopez,,Dining Room,0.00,7.84,0.64,0.00,0.00,00:01:46
2919 Blanco Rd,230,8/5/25 1:11 PM,ADRIAN MORALES,7,Dining Room,0.00,10.34,0.85,2.00,0.00,00:18:19
2919 Blanco Rd,231,8/5/25 1:23 PM,PM Cashier C,,Dining Room,0.00,27.98,2.31,0.00,0.00,00:00:37
2919 Blanco Rd,233,8/5/25 1:24 PM,samantha lopez,,Dining Room,0.00,12.94,1.07,0.00,0.00,00:05:19
2919 Blanco Rd,234,8/5/25 1:25 PM,samantha lopez,,Dining Room,0.00,8.78,0.72,0.00,0.00,00:05:50
2919 Blanco Rd,232,8/5/25 1:23 PM,ADRIAN MORALES,18,Dining Room,0.00,38.69,3.17,3.68,0.00,00:40:06
2919 Blanco Rd,236,8/5/25 1:29 PM,samantha lopez,,Drive Thru,0.00,8.43,0.69,0.00,0.00,00:04:22
2919 Blanco Rd,238,8/5/25 1:37 PM,samantha lopez,,Dining Room,0.00,15.96,1.30,0.00,0.00,00:10:32
2919 Blanco Rd,239,8/5/25 1:38 PM,samantha lopez,,Dining Room,0.00,10.34,0.85,2.00,0.00,00:08:48
2919 Blanco Rd,240,8/5/25 1:44 PM,PM Cashier C,,Dining Room,0.00,6.30,0.52,0.00,0.00,00:00:08
2919 Blanco Rd,242,8/5/25 1:54 PM,samantha lopez,,Dining Room,0.00,9.95,0.82,0.00,0.00,00:06:43
2919 Blanco Rd,243,8/5/25 1:54 PM,samantha lopez,,Dining Room,0.00,20.68,1.70,0.00,0.00,00:03:10
2919 Blanco Rd,244,8/5/25 1:58 PM,samantha lopez,,Drive Thru,0.00,10.34,0.85,0.00,0.00,00:06:15
2919 Blanco Rd,245,8/5/25 1:59 PM,samantha lopez,,Drive Thru,0.00,3.98,0.33,0.00,0.00,00:00:08
2919 Blanco Rd,246,8/5/25 2:00 PM,samantha lopez,,Drive Thru,0.00,20.14,1.65,0.00,0.00,00:06:18
2919 Blanco Rd,247,8/5/25 2:00 PM,samantha lopez,,Drive Thru,0.00,16.65,1.37,0.00,0.00,00:08:32
2919 Blanco Rd,250,8/5/25 2:06 PM,PM Cashier C,,Drive Thru,1.10,9.89,0.82,0.00,0.00,00:23:05
2919 Blanco Rd,251,8/5/25 2:11 PM,ADRIAN MORALES,4,Dining Room,0.00,15.94,1.32,0.00,0.00,00:22:29
2919 Blanco Rd,252,8/5/25 2:14 PM,samantha lopez,,Dining Room,0.00,5.97,0.49,0.00,0.00,00:03:44
2919 Blanco Rd,253,8/5/25 2:14 PM,samantha lopez,,Dining Room,0.00,6.38,0.52,0.00,0.00,00:08:08
2919 Blanco Rd,255,8/5/25 2:21 PM,ADRIAN MORALES,1,Dining Room,0.00,9.99,0.82,0.00,0.00,00:18:07
2919 Blanco Rd,256,8/5/25 2:25 PM,ADRIAN MORALES,7,Dining Room,0.00,27.41,2.27,10.00,0.00,00:20:44
2919 Blanco Rd,257,8/5/25 2:27 PM,PM Cashier C,,Dining Room,0.00,8.97,0.74,0.00,0.00,00:00:16
2919 Blanco Rd,258,8/5/25 2:32 PM,samantha lopez,,Dining Room,0.00,10.36,0.85,0.00,0.00,00:03:22
2919 Blanco Rd,259,8/5/25 2:36 PM,samantha lopez,,Drive Thru,0.00,8.97,0.74,0.00,0.00,00:04:36
2919 Blanco Rd,260,8/5/25 2:52 PM,samantha lopez,,Dining Room,0.00,2.29,0.19,0.00,0.00,00:02:54
2919 Blanco Rd,261,8/5/25 2:53 PM,samantha lopez,,Dining Room,0.00,6.38,0.52,0.00,0.00,00:19:13
2919 Blanco Rd,262,8/5/25 2:55 PM,samantha lopez,,Drive Thru,0.00,2.99,0.25,0.00,0.00,00:00:36
2919 Blanco Rd,264,8/5/25 3:04 PM,samantha lopez,,Dining Room,0.00,10.38,0.86,0.00,0.00,00:03:58
2919 Blanco Rd,265,8/5/25 3:04 PM,samantha lopez,,Dining Room,0.00,3.99,0.33,0.00,0.00,00:04:34
2919 Blanco Rd,267,8/5/25 3:05 PM,samantha lopez,,Dining Room,0.00,7.97,0.65,0.00,0.00,00:05:26
2919 Blanco Rd,270,8/5/25 3:22 PM,samantha lopez,,Drive Thru,0.00,14.67,1.21,2.00,0.00,00:00:11
2919 Blanco Rd,271,8/5/25 3:25 PM,samantha lopez,,Drive Thru,0.00,18.34,1.51,0.00,0.00,00:22:12
2919 Blanco Rd,272,8/5/25 3:51 PM,PM Cashier C,19,Dining Room,0.00,15.14,1.25,5.00,0.00,00:02:35
2919 Blanco Rd,273,8/5/25 3:56 PM,PM Cashier C,,Dining Room,0.00,3.99,0.33,0.00,0.00,00:01:12
2919 Blanco Rd,274,8/5/25 3:58 PM,ADRIAN MORALES,10,Dining Room,0.00,6.24,0.52,0.00,0.00,00:29:20
2919 Blanco Rd,275,8/5/25 4:12 PM,samantha lopez,,Dining Room,0.00,27.49,2.26,0.00,0.00,00:07:57
2919 Blanco Rd,277,8/5/25 4:15 PM,ADRIAN MORALES,12,Dining Room,0.00,17.44,1.43,4.00,0.00,00:31:28
2919 Blanco Rd,278,8/5/25 4:17 PM,PM Cashier C,,Dining Room,0.00,4.24,0.35,0.00,0.00,00:00:41
2919 Blanco Rd,279,8/5/25 4:23 PM,samantha lopez,,Dining Room,0.00,15.44,1.28,0.00,0.00,00:07:14
2919 Blanco Rd,281,8/5/25 4:26 PM,PM Cashier C,,Dining Room,0.00,0.75,0.06,0.00,0.00,00:00:05
2919 Blanco Rd,282,8/5/25 4:32 PM,ADRIAN MORALES,6,Dining Room,0.00,6.03,0.49,0.00,0.00,01:12:16
2919 Blanco Rd,283,8/5/25 4:38 PM,samantha lopez,,Dining Room,0.00,11.99,0.99,0.00,0.00,00:17:47
2919 Blanco Rd,284,8/5/25 4:47 PM,samantha lopez,,Dining Room,0.00,15.33,1.26,0.00,0.00,00:02:53
2919 Blanco Rd,288,8/5/25 5:05 PM,samantha lopez,,Dining Room,0.00,15.44,1.27,0.00,0.00,00:02:48
2919 Blanco Rd,289,8/5/25 5:05 PM,samantha lopez,,Dining Room,0.00,3.98,0.32,0.00,0.00,00:05:22
2919 Blanco Rd,290,8/5/25 5:06 PM,ADRIAN MORALES,20,Dining Room,0.00,9.99,0.82,3.00,0.00,00:33:06
2919 Blanco Rd,291,8/5/25 5:13 PM,samantha lopez,,Dining Room,0.00,18.09,1.48,0.00,0.00,00:05:21
2919 Blanco Rd,292,8/5/25 5:16 PM,samantha lopez,,Dining Room,0.00,1.99,0.16,0.00,0.00,00:06:46
2919 Blanco Rd,294,8/5/25 5:43 PM,ADRIAN MORALES,13,Dining Room,0.00,9.92,0.82,0.00,0.00,00:21:23
2919 Blanco Rd,295,8/5/25 6:00 PM,ADRIAN MORALES,8,Dining Room,0.00,24.12,1.99,0.00,0.00,00:30:44
2919 Blanco Rd,296,8/5/25 6:06 PM,ADRIAN MORALES,18,Dining Room,0.00,33.48,2.76,0.00,0.00,00:41:14
2919 Blanco Rd,297,8/5/25 6:07 PM,samantha lopez,,Dining Room,0.00,10.98,0.90,0.00,0.00,00:01:32
2919 Blanco Rd,299,8/5/25 6:07 PM,samantha lopez,,Drive Thru,0.00,7.57,0.63,0.00,0.00,00:02:33
2919 Blanco Rd,300,8/5/25 6:09 PM,PM Cashier C,,Dining Room,0.00,24.97,2.06,0.00,0.00,00:00:50
2919 Blanco Rd,301,8/5/25 6:09 PM,samantha lopez,,Drive Thru,0.00,13.98,1.15,0.00,0.00,00:02:09
2919 Blanco Rd,303,8/5/25 6:44 PM,samantha lopez,,Dining Room,0.00,13.99,1.15,0.00,0.00,00:07:51
2919 Blanco Rd,304,8/5/25 6:46 PM,samantha lopez,,Dining Room,0.00,22.98,1.90,0.00,0.00,00:06:22
2919 Blanco Rd,9001,8/5/25 3:29 PM,ADRIAN MORALES,19,Dining Room,0.00,0.00,0.00,0.00,0.00,17:32:26
