Employee,Job Title,Regular Hours,Overtime Hours,Hourly Rate,Regular Pay,Overtime Pay,Total Pay,Net Sales,Declared Tips,Non-Cash Tips,Total Tips,Tips Withheld,Total Gratuity,Employee ID,Job Code,Location,Location Code
"C, PM Cashier",Cashier,7.61,0.0,,,,,104.22,,5.00,5.00,0.00,0.00,,,2919 Blanco Rd,
"CASHIER, AM",General Manager,6.95,0.0,,,,,137.68,,5.00,5.00,0.00,0.00,,,2919 Blanco Rd,
"Hernandez, Celinda",Cook,6.54,0.0,16.00,104.64,0.00,104.64,0.00,,0.00,0.00,0.00,0.00,,,2919 Blanco Rd,
"Hernandez, Fidelia ",Cook,8.43,0.0,14.00,118.02,0.00,118.02,0.00,,0.00,0.00,0.00,0.00,,,2919 Blanco Rd,
"MORALES, ADRIAN",Server,12.17,0.0,3.00,36.51,0.00,36.51,627.47,,42.68,42.68,0.00,0.00,,,2919 Blanco Rd,
"Melendez, Ninoska",Tortillero/a,7.79,0.0,13.00,101.27,0.00,101.27,0.00,,0.00,0.00,0.00,0.00,,,2919 Blanco Rd,
"Salazar, Betty",Chef,6.83,0.0,,,,,0.00,,0.00,0.00,0.00,0.00,,,2919 Blanco Rd,
"Salazar, Maria ",Shift Manager / Assistant Manager,7.62,0.0,,,,,397.82,,52.00,52.00,0.00,25.32,,,2919 Blanco Rd,
"Villalobos , Veronica ",Cook,8.64,0.0,14.00,120.96,0.00,120.96,0.00,,0.00,0.00,0.00,0.00,,,2919 Blanco Rd,
"lopez, samantha",Drive-Thru,14.3,0.0,13.00,185.90,0.00,185.90,1737.29,,51.38,51.38,0.00,0.00,,,2919 Blanco Rd,
"santander, yerlinson",Cook,6.68,0.0,14.00,93.52,0.00,93.52,0.00,,0.00,0.00,0.00,0.00,,,2919 Blanco Rd,
