Location,Entry Id,Created Date,Action,Amount,Cash Drawer,Payout Reason,No Sale Reason,Comment,Employee,Employee 2
Tink-a-Tako - Potranco,800000031254977377,10/27/25 6:34 AM,CASH_PAYMENT,6.47,Drive Box,,,Cash payment,Candy  Del angel ,
Tink-a-Tako - Potranco,800000031255020651,10/27/25 6:38 AM,CASH_PAYMENT,4.31,Drive Box,,,Cash payment,Candy  Del angel ,
Tink-a-Tako - Potranco,800000031255028225,10/27/25 6:39 AM,CASH_PAYMENT,14.02,Drive Box,,,Cash payment,Candy  Del angel ,
Tink-a-Tako - Potranco,800000031255060583,10/27/25 6:45 AM,CASH_PAYMENT,5.40,Drive Box,,,Cash payment,Candy  Del angel ,
Tink-a-Tako - Potranco,800000031255097818,10/27/25 6:51 AM,CASH_PAYMENT,2.70,Drive Box,,,Cash payment,Candy  Del angel ,
Tink-a-Tako - Potranco,800000031255109390,10/27/25 6:52 AM,CASH_PAYMENT,2.15,Drive Box,,,Cash payment,Candy  Del angel ,
Tink-a-Tako - Potranco,800000031255615057,10/27/25 7:42 AM,CASH_PAYMENT,16.20,Drive Box,,,Cash payment,Candy  Del angel ,
Tink-a-Tako - Potranco,800000031255625711,10/27/25 7:43 AM,CASH_PAYMENT,14.04,Drive Box,,,Cash payment,Candy  Del angel ,
Tink-a-Tako - Potranco,800000031255643873,10/27/25 7:44 AM,CASH_PAYMENT,7.55,Drive Box,,,Cash payment,Candy  Del angel ,
Tink-a-Tako - Potranco,800000031255704660,10/27/25 7:49 AM,CASH_PAYMENT,7.99,Drive Box,,,Cash payment,Candy  Del angel ,
Tink-a-Tako - Potranco,800000031255907787,10/27/25 8:04 AM,CASH_PAYMENT,6.46,Front Left,,,Cash payment,Ivana Abundiz,
Tink-a-Tako - Potranco,800000031256043979,10/27/25 8:14 AM,CASH_PAYMENT,4.09,Drive Box,,,Cash payment,Candy  Del angel ,
Tink-a-Tako - Potranco,800000031256275888,10/27/25 8:31 AM,CASH_PAYMENT,6.58,Drive Box,,,Cash payment,Candy  Del angel ,
Tink-a-Tako - Potranco,800000031256314557,10/27/25 8:34 AM,CASH_PAYMENT,11.77,Front Left,,,Cash payment,Ivana Abundiz,
Tink-a-Tako - Potranco,800000031256472863,10/27/25 8:44 AM,CASH_PAYMENT,29.43,Drive Box,,,Cash payment,Candy  Del angel ,
Tink-a-Tako - Potranco,800000031256666233,10/27/25 8:58 AM,CASH_PAYMENT,4.75,Front Left,,,Cash payment,Ivana Abundiz,
Tink-a-Tako - Potranco,800000031256726470,10/27/25 9:02 AM,CASH_PAYMENT,10.59,Drive Box,,,Cash payment,Candy  Del angel ,
Tink-a-Tako - Potranco,800000031257112705,10/27/25 9:27 AM,CASH_PAYMENT,9.71,Drive Box,,,Cash payment,Candy  Del angel ,
Tink-a-Tako - Potranco,800000031257473486,10/27/25 9:51 AM,CASH_PAYMENT,4.31,Drive Box,,,Cash payment,Candy  Del angel ,
Tink-a-Tako - Potranco,800000031257485586,10/27/25 9:52 AM,CASH_PAYMENT,15.55,Drive Box,,,Cash payment,Candy  Del angel ,
Tink-a-Tako - Potranco,800000031257977292,10/27/25 10:18 AM,CASH_PAYMENT,3.24,Front Left,,,Cash payment,Ivana Abundiz,
Tink-a-Tako - Potranco,800000031258068457,10/27/25 10:23 AM,CASH_PAYMENT,10.89,Drive Box,,,Cash payment,Candy  Del angel ,
Tink-a-Tako - Potranco,800000031258513341,10/27/25 10:44 AM,CASH_PAYMENT,17.24,Drive Box,,,Cash payment,Candy  Del angel ,
Tink-a-Tako - Potranco,800000031258541396,10/27/25 10:45 AM,CASH_PAYMENT,28.75,Drive Box,,,Cash payment,Candy  Del angel ,
Tink-a-Tako - Potranco,800000031258626054,10/27/25 10:48 AM,CASH_PAYMENT,10.00,Drive Box,,,Cash payment,Candy  Del angel ,
Tink-a-Tako - Potranco,800000031259387324,10/27/25 11:15 AM,CASH_PAYMENT,4.96,Drive Box,,,Cash payment,Candy  Del angel ,
Tink-a-Tako - Potranco,800000031259960253,10/27/25 11:33 AM,CASH_PAYMENT,9.48,Drive Box,,,Cash payment,Candy  Del angel ,
Tink-a-Tako - Potranco,800000031259992305,10/27/25 11:34 AM,CASH_PAYMENT,4.75,Drive Box,,,Cash payment,Candy  Del angel ,
Tink-a-Tako - Potranco,800000031260502981,10/27/25 11:49 AM,CASH_PAYMENT,4.86,Drive Box,,,Cash payment,Candy  Del angel ,
Tink-a-Tako - Potranco,800000031260876651,10/27/25 12:00 PM,CASH_PAYMENT,5.17,Drive Box,,,Cash payment,Candy  Del angel ,
Tink-a-Tako - Potranco,800000031261827804,10/27/25 12:28 PM,CASH_PAYMENT,5.81,Front Left,,,Cash payment,Ivana Abundiz,
Tink-a-Tako - Potranco,800000031262927502,10/27/25 1:03 PM,TIP_OUT,-47.00,House,,,Tips paid out from shift review.,Candy  Del angel ,Candy  Del angel 
Tink-a-Tako - Potranco,800000031264397952,10/27/25 1:54 PM,CASH_COLLECTED,84.34,House,,,Cash revenue collected from shift review.,Maria Majana,Maria Majana
Tink-a-Tako - Potranco,800000031264398009,10/27/25 1:54 PM,TIP_OUT,-49.75,House,,,Tips paid out from shift review.,Maria Majana,Maria Majana
Tink-a-Tako - Potranco,800000031264680666,10/27/25 2:04 PM,CLOSE_OUT_EXACT,0.00,Front Left,,,Close out balance matches expected balance,Ivana Abundiz,
Tink-a-Tako - Potranco,800000031264734297,10/27/25 2:06 PM,TIP_OUT,-2.00,House,,,Tips paid out from shift review.,Ivana Abundiz,Ivana Abundiz
Tink-a-Tako - Potranco,800000031264829937,10/27/25 2:10 PM,CASH_COLLECTED,105.25,House,,,Cash revenue collected from shift review.,Silvia Hernandez,Silvia Hernandez
Tink-a-Tako - Potranco,800000031264831370,10/27/25 2:10 PM,TIP_OUT,-51.58,House,,,Tips paid out from shift review.,Silvia Hernandez,Silvia Hernandez
Tink-a-Tako - Potranco,800000031264868741,10/27/25 2:11 PM,CASH_PAYMENT,14.06,Drive Box,,,Cash payment,Lizeth Alonso,
Tink-a-Tako - Potranco,800000031265310738,10/27/25 2:27 PM,CASH_PAYMENT,5.29,Drive Box,,,Cash payment,Lizeth Alonso,
Tink-a-Tako - Potranco,800000031265584285,10/27/25 2:38 PM,CASH_COLLECTED,191.83,House,,,Cash revenue collected from shift review.,Rosa Compean,Rosa Compean
Tink-a-Tako - Potranco,800000031265586851,10/27/25 2:38 PM,TIP_OUT,-108.38,House,,,Tips paid out from shift review.,Rosa Compean,Rosa Compean
Tink-a-Tako - Potranco,800000031267428604,10/27/25 3:49 PM,CASH_PAYMENT,7.87,Drive Box,,,Cash payment,Lizeth Alonso,
Tink-a-Tako - Potranco,800000031267695036,10/27/25 3:59 PM,CASH_PAYMENT,9.50,Drive Box,,,Cash payment,Lizeth Alonso,
Tink-a-Tako - Potranco,800000031267841599,10/27/25 4:04 PM,CASH_PAYMENT,7.75,Drive Box,,,Cash payment,Lizeth Alonso,
Tink-a-Tako - Potranco,800000031268656999,10/27/25 4:31 PM,CASH_PAYMENT,5.18,Drive Box,,,Cash payment,Lizeth Alonso,
Tink-a-Tako - Potranco,800000031269557277,10/27/25 4:57 PM,CASH_PAYMENT,20.00,Drive Box,,,Cash payment,Lizeth Alonso,
Tink-a-Tako - Potranco,800000031270449659,10/27/25 5:20 PM,CASH_PAYMENT,17.85,Drive Box,,,Cash payment,Lizeth Alonso,
Tink-a-Tako - Potranco,800000031270512763,10/27/25 5:22 PM,CASH_PAYMENT,12.44,Drive Box,,,Cash payment,Lizeth Alonso,
Tink-a-Tako - Potranco,800000031270663502,10/27/25 5:26 PM,CASH_PAYMENT,30.82,Drive Box,,,Cash payment,Lizeth Alonso,
Tink-a-Tako - Potranco,800000031275309804,10/27/25 7:22 PM,CASH_PAYMENT,5.40,Drive Box,,,Cash payment,Lizeth Alonso,
Tink-a-Tako - Potranco,800000031277378607,10/27/25 8:35 PM,CASH_PAYMENT,9.84,Drive Box,,,Cash payment,Lizeth Alonso,
Tink-a-Tako - Potranco,800000031277617578,10/27/25 8:45 PM,CASH_PAYMENT,18.60,Drive Box,,,Cash payment,Lizeth Alonso,
Tink-a-Tako - Potranco,800000031277934221,10/27/25 9:01 PM,TIP_OUT,-32.85,House,,,Tips paid out from shift review.,Lizeth Alonso,Lizeth Alonso
Tink-a-Tako - Potranco,800000031278051286,10/27/25 9:08 PM,TIP_OUT,-37.00,House,,,Tips paid out from shift review.,Sergio Abundiz,Sergio Abundiz
Tink-a-Tako - Potranco,800000031278051396,10/27/25 9:08 PM,CASH_COLLECTED,195.87,House,,,Cash revenue collected from shift review.,Sergio Abundiz,Sergio Abundiz
Tink-a-Tako - Potranco,800000031278186199,10/27/25 9:16 PM,TIP_OUT,-74.24,House,,,Tips paid out from shift review.,Isabel Cisneros,Isabel Cisneros
Tink-a-Tako - Potranco,800000031278187500,10/27/25 9:16 PM,CASH_COLLECTED,123.04,House,,,Cash revenue collected from shift review.,Isabel Cisneros,Isabel Cisneros
Tink-a-Tako - Potranco,800000031278287367,10/27/25 9:22 PM,CLOSE_OUT_EXACT,0.00,Drive Box,,,Close out balance matches expected balance,Mayra Luna,
