Employee,Job Title,Regular Hours,Overtime Hours,Hourly Rate,Regular Pay,Overtime Pay,Total Pay,Net Sales,Declared Tips,Non-Cash Tips,Total Tips,Tips Withheld,Total Gratuity,Employee ID,Job Code,Location,Location Code
"Abundiz, Ivana",Host,6.19,0.0,14.00,86.66,0.00,86.66,83.81,,2.00,2.00,0.00,0.00,,,Tink-a-Tako - Potranco,
"Abundiz, Sergio",Server,7.83,0.0,,,,,603.10,,37.00,37.00,0.00,0.00,,,Tink-a-Tako - Potranco,
"Alonso, Lizeth",Host,8.28,0.0,13.00,107.64,0.00,107.64,774.98,,32.85,32.85,0.00,0.00,,,Tink-a-Tako - Potranco,
"Aviles, Genaro",Cook,9.84,0.0,15.00,147.60,0.00,147.60,0.00,,0.00,0.00,0.00,0.00,,,Tink-a-Tako - Potranco,
"Brito, Victor ",Regular,7.36,0.0,12.00,88.32,0.00,88.32,0.00,,0.00,0.00,0.00,0.00,,,Tink-a-Tako - Potranco,
"Calderon, Jesus",Cook,6.94,0.0,,,,,0.00,,0.00,0.00,0.00,0.00,,,Tink-a-Tako - Potranco,
"Cisneros, Isabel",Server,7.42,0.0,3.00,22.26,0.00,22.26,567.25,,57.00,57.00,0.00,17.24,,,Tink-a-Tako - Potranco,
"Compean, Rosa",Server,6.76,0.0,3.00,20.28,0.00,20.28,694.53,,108.38,108.38,0.00,0.00,,,Tink-a-Tako - Potranco,
"Del angel , Candy ",Drive-Thru,6.68,0.0,15.00,100.20,0.00,100.20,1383.46,,47.00,47.00,0.00,0.00,,,Tink-a-Tako - Potranco,
"Diaz, Diego",Cook,8.66,0.0,,,,,0.00,,0.00,0.00,0.00,0.00,,,Tink-a-Tako - Potranco,
"Gonzales (Line) , Maria",Cook,15.57,0.0,14.00,217.98,0.00,217.98,0.00,,0.00,0.00,0.00,0.00,,,Tink-a-Tako - Potranco,
"Gonzalez, Maria ",Tortillero,7.46,0.0,13.00,96.98,0.00,96.98,0.00,,0.00,0.00,0.00,0.00,,,Tink-a-Tako - Potranco,
"Hernandez, Silvia",Server,7.42,0.0,3.00,22.26,0.00,22.26,507.49,,51.58,51.58,0.00,0.00,,,Tink-a-Tako - Potranco,
"Luna, Mayra",Shift Manager / Assistant Manager,7.27,0.0,,,,,0.00,,0.00,0.00,0.00,0.00,1919,,Tink-a-Tako - Potranco,
"Majana, Maria",Server,7.92,0.0,3.00,23.76,0.00,23.76,453.55,,49.75,49.75,0.00,0.00,,,Tink-a-Tako - Potranco,
"ORDONEZ, Rosie ",Shift Manager / Assistant Manager,8.03,0.0,,,,,0.00,,0.00,0.00,0.00,0.00,,,Tink-a-Tako - Potranco,
"Ramirez Perez, Silvia",Cook,8.58,0.0,17.00,145.86,0.00,145.86,0.00,,0.00,0.00,0.00,0.00,,,Tink-a-Tako - Potranco,
"Serrato, Joshua ",Busser,5.07,0.0,12.00,60.84,0.00,60.84,0.00,,0.00,0.00,0.00,0.00,,,Tink-a-Tako - Potranco,
"huerta, Arturo ",Dishwasher,7.05,0.0,12.00,84.60,0.00,84.60,0.00,,0.00,0.00,0.00,0.00,,,Tink-a-Tako - Potranco,
