,Location,Employee,Job Title,In Date,Shift Closed Date,Out Date,Hours,Cash Tips Decl.,Cash on Hand,Cash in Drawer,Non-Cash Tips,Cash Gratuity,Non-Cash Gratuity,Tips Withheld,Non-Cash Sales,Cash Sales,Total Sales,Cash Collected?,Tips Paid?,Open,Paid,Closed,Tip Share Total
800000031254819232,Tink-a-Tako - Potranco,Maria Majana,Server,10/27/25 5:59 AM,10/27/25 1:54 PM,10/27/25 1:54 PM,7.92,,84.34,0.00,49.75,0.00,0.00,0.00,406.56,84.34,490.90,yes,yes,0,0,28,0.00
800000031254904773,Tink-a-Tako - Potranco,Rosie  ORDONEZ,Shift Manager / Assistant Manager,10/27/25 6:20 AM,10/27/25 2:22 PM,10/27/25 2:22 PM,8.03,,0.00,0.00,0.00,0.00,0.00,0.00,0.00,0.00,0.00,yes,yes,0,0,0,0.00
800000031254920034,Tink-a-Tako - Potranco,Candy  Del angel ,Drive-Thru,10/27/25 6:23 AM,10/27/25 1:03 PM,10/27/25 1:03 PM,6.68,,0.00,257.19,47.00,0.00,0.00,0.00,1240.33,257.19,1497.52,yes,yes,0,0,120,0.00
800000031255063528,Tink-a-Tako - Potranco,Silvia Hernandez,Server,10/27/25 6:45 AM,10/27/25 2:10 PM,10/27/25 2:10 PM,7.42,,105.25,0.00,51.58,0.00,0.00,0.00,444.13,105.25,549.38,yes,yes,0,0,26,0.00
800000031255745465,Tink-a-Tako - Potranco,Rosa Compean,Server,10/27/25 7:52 AM,10/27/25 2:37 PM,10/27/25 2:38 PM,6.76,,191.83,0.00,108.38,0.00,0.00,0.00,559.87,191.83,751.70,yes,yes,0,0,33,0.00
800000031255839725,Tink-a-Tako - Potranco,Ivana Abundiz,Host,10/27/25 7:59 AM,10/27/25 2:06 PM,10/27/25 2:10 PM,6.19,,0.00,32.03,2.00,0.00,0.00,0.00,58.69,32.03,90.72,yes,yes,0,0,13,0.00
800000031262596124,Tink-a-Tako - Potranco,Lizeth Alonso,Host,10/27/25 12:52 PM,10/27/25 9:01 PM,10/27/25 9:09 PM,8.28,,0.00,164.60,32.85,0.00,0.00,0.00,674.28,164.60,838.88,yes,yes,0,0,49,0.00
800000031263958979,Tink-a-Tako - Potranco,Sergio Abundiz,Server,10/27/25 1:38 PM,10/27/25 9:08 PM,10/27/25 9:28 PM,7.83,,195.87,0.00,37.00,0.00,0.00,0.00,456.87,195.87,652.74,yes,yes,0,0,22,0.00
800000031264678047,Tink-a-Tako - Potranco,Jesus Calderon,Cook,10/27/25 2:04 PM,10/27/25 9:01 PM,10/27/25 9:01 PM,6.94,,0.00,0.00,0.00,0.00,0.00,0.00,0.00,0.00,0.00,yes,yes,0,0,0,0.00
800000031264838665,Tink-a-Tako - Potranco,Isabel Cisneros,Server,10/27/25 2:10 PM,10/27/25 9:15 PM,10/27/25 9:35 PM,7.42,,123.04,0.00,57.00,0.00,17.24,0.00,490.88,123.04,613.92,yes,yes,0,0,19,0.00
800000031265096099,Tink-a-Tako - Potranco,Mayra Luna,Shift Manager / Assistant Manager,10/27/25 2:19 PM,10/27/25 9:28 PM,10/27/25 9:36 PM,7.27,,0.00,0.00,0.00,0.00,0.00,0.00,0.00,0.00,0.00,yes,yes,0,0,0,0.00
