Location,Employee,Job Title,In Date,Out Date,Total Hours,Unpaid Break Time,Paid Break Time,Payable Hours
Tink-a-Tako - Potranco,"Ramirez Perez, Silvia",Cook,10/27/25 5:26 AM,10/27/25 2:01 PM,8.58,0.00,0.00,8.58
Tink-a-Tako - Potranco,"Aviles, Genaro",Cook,10/27/25 5:26 AM,10/27/25 3:16 PM,9.84,0.00,0.00,9.84
Tink-a-Tako - Potranco,"Diaz, Diego",Cook,10/27/25 5:28 AM,10/27/25 2:08 PM,8.66,0.00,0.00,8.66
Tink-a-Tako - Potranco,"Gonzales (Line) , Maria",Cook,10/27/25 5:30 AM,10/27/25 9:04 PM,15.57,0.00,0.00,15.57
Tink-a-Tako - Potranco,"Majana, Maria",Server,10/27/25 5:59 AM,10/27/25 1:54 PM,7.92,0.00,0.00,7.92
Tink-a-Tako - Potranco,"ORDONEZ, Rosie ",Shift Manager / Assistant Manager,10/27/25 6:20 AM,10/27/25 2:22 PM,8.03,0.00,0.00,8.03
Tink-a-Tako - Potranco,"Del angel , Candy ",Drive-Thru,10/27/25 6:23 AM,10/27/25 1:03 PM,6.68,0.00,0.00,6.68
Tink-a-Tako - Potranco,"Hernandez, Silvia",Server,10/27/25 6:45 AM,10/27/25 2:10 PM,7.42,0.00,0.00,7.42
Tink-a-Tako - Potranco,"Brito, Victor ",Regular,10/27/25 6:54 AM,10/27/25 2:15 PM,7.36,0.00,0.00,7.36
Tink-a-Tako - Potranco,"Compean, Rosa",Server,10/27/25 7:52 AM,10/27/25 2:38 PM,6.76,0.00,0.00,6.76
Tink-a-Tako - Potranco,"Abundiz, Ivana",Host,10/27/25 7:59 AM,10/27/25 2:10 PM,6.19,0.00,0.00,6.19
Tink-a-Tako - Potranco,"Serrato, Joshua ",Busser,10/27/25 8:59 AM,10/27/25 2:04 PM,5.07,0.00,0.00,5.07
Tink-a-Tako - Potranco,"Alonso, Lizeth",Host,10/27/25 12:52 PM,10/27/25 9:09 PM,8.28,0.00,0.00,8.28
Tink-a-Tako - Potranco,"Abundiz, Sergio",Server,10/27/25 1:38 PM,10/27/25 9:28 PM,7.83,0.00,0.00,7.83
Tink-a-Tako - Potranco,"Gonzalez, Maria ",Tortillero,10/27/25 1:48 PM,10/27/25 9:15 PM,7.46,0.00,0.00,7.46
Tink-a-Tako - Potranco,"huerta, Arturo ",Dishwasher,10/27/25 1:57 PM,10/27/25 9:00 PM,7.05,0.00,0.00,7.05
Tink-a-Tako - Potranco,"Calderon, Jesus",Cook,10/27/25 2:04 PM,10/27/25 9:01 PM,6.94,0.00,0.00,6.94
Tink-a-Tako - Potranco,"Cisneros, Isabel",Server,10/27/25 2:10 PM,10/27/25 9:35 PM,7.42,0.00,0.00,7.42
Tink-a-Tako - Potranco,"Luna, Mayra",Shift Manager / Assistant Manager,10/27/25 2:19 PM,10/27/25 9:36 PM,7.27,0.00,0.00,7.27
