Location,Order #,Opened Date,Server,Table,Discount Name,Discount Reason,Comment,Discount Amount
Tink-a-Tako - Potranco,324,9/29/25 4:28 PM,Mayra Luna,,Manager Comp - Check,,,5.15
Tink-a-Tako - Potranco,302,9/29/25 2:56 PM,Isabel Cisneros,8,Military Discount,,,1.20
Tink-a-Tako - Potranco,302,9/29/25 2:56 PM,Isabel Cisneros,8,Military Discount,,,0.90
Tink-a-Tako - Potranco,274,9/29/25 1:29 PM,Silvia Hernandez,38,Open % Item,,,0.40
Tink-a-Tako - Potranco,274,9/29/25 1:29 PM,Silvia Hernandez,38,Open % Item,,,0.40
Tink-a-Tako - Potranco,274,9/29/25 1:29 PM,Silvia Hernandez,38,Open % Item,,,0.40
Tink-a-Tako - Potranco,274,9/29/25 1:29 PM,Silvia Hernandez,38,Open % Item,,,0.46
Tink-a-Tako - Potranco,274,9/29/25 1:29 PM,Silvia Hernandez,38,Open % Item,,,0.40
Tink-a-Tako - Potranco,249,9/29/25 12:47 PM,Rosie  ORDONEZ,3,Open % Item,,,5.84
Tink-a-Tako - Potranco,249,9/29/25 12:47 PM,Rosie  ORDONEZ,3,Open % Item,,,3.49
Tink-a-Tako - Potranco,234,9/29/25 12:25 PM,Rosa Compean,32,Open % Item,,,2.00
Tink-a-Tako - Potranco,137,9/29/25 10:09 AM,Maria Majana,9,Reward Dollars,,,1.25
Tink-a-Tako - Potranco,98,9/29/25 9:19 AM,Maria Majana,,Open % Item,,,1.19
Tink-a-Tako - Potranco,98,9/29/25 9:19 AM,Maria Majana,,Open % Item,,,1.79
Tink-a-Tako - Potranco,98,9/29/25 9:19 AM,Maria Majana,,Open % Item,,,1.19
Tink-a-Tako - Potranco,98,9/29/25 9:19 AM,Maria Majana,,Open % Item,,,1.19
Tink-a-Tako - Potranco,92,9/29/25 9:17 AM,Rosa Compean,15,Open % Item,,,1.20
Tink-a-Tako - Potranco,92,9/29/25 9:17 AM,Rosa Compean,15,Open % Item,,,1.80
Tink-a-Tako - Potranco,92,9/29/25 9:17 AM,Rosa Compean,15,Open % Item,,,1.40
Tink-a-Tako - Potranco,86,9/29/25 9:12 AM,Ivana Abundiz,,Employee Discount - Check,Employee Discount,Meseras,15.98
Tink-a-Tako - Potranco,69,9/29/25 8:47 AM,Silvia Hernandez,38,Open % Item,,,0.60
Tink-a-Tako - Potranco,69,9/29/25 8:47 AM,Silvia Hernandez,38,Open % Item,,,0.46
Tink-a-Tako - Potranco,60,9/29/25 8:29 AM,Rosa Compean,31,Open % Item,,,5.49
Tink-a-Tako - Potranco,29,9/29/25 7:28 AM,Candy  Del angel ,,Open $ Check,,,1.00
