Location,Server,Check #,Table,Station,Expediter Level,Fired Date,Fulfilled Date,Fulfillment Time,Fulfilled By
Tink-a-Tako - Potranco,Candy  Del angel ,2,,Lobby,,9/29/25 6:31 AM,9/29/25 6:35 AM,4 minutes and 45 seconds,Mayra Luna
Tink-a-Tako - Potranco,Candy  Del angel ,3,,Lobby,,9/29/25 6:34 AM,9/29/25 6:36 AM,2 minutes and 6 seconds,Mayra Luna
Tink-a-Tako - Potranco,Candy  Del angel ,4,,Lobby,,9/29/25 6:35 AM,9/29/25 6:39 AM,4 minutes and 29 seconds,Mayra Luna
Tink-a-Tako - Potranco,Candy  Del angel ,5,,Lobby,,9/29/25 6:35 AM,9/29/25 6:39 AM,4 minutes and 9 seconds,Mayra Luna
Tink-a-Tako - Potranco,Candy  Del angel ,6,,Lobby,,9/29/25 6:37 AM,9/29/25 6:40 AM,2 minutes and 39 seconds,Mayra Luna
Tink-a-Tako - Potranco,Candy  Del angel ,7,,Lobby,,9/29/25 6:41 AM,9/29/25 6:42 AM,1 minute and 31 seconds,Mayra Luna
Tink-a-Tako - Potranco,Candy  Del angel ,8,,Lobby,,9/29/25 6:42 AM,9/29/25 6:43 AM,1 minute and 14 seconds,Mayra Luna
Tink-a-Tako - Potranco,Candy  Del angel ,9,,Lobby,,9/29/25 6:50 AM,9/29/25 6:52 AM,2 minutes and 7 seconds,Mayra Luna
Tink-a-Tako - Potranco,Candy  Del angel ,10,,Lobby,,9/29/25 6:51 AM,9/29/25 6:55 AM,3 minutes and 48 seconds,Mayra Luna
Tink-a-Tako - Potranco,Candy  Del angel ,11,,Lobby,,9/29/25 6:51 AM,9/29/25 6:55 AM,4 minutes and 10 seconds,Mayra Luna
Tink-a-Tako - Potranco,Candy  Del angel ,12,,Lobby,,9/29/25 6:57 AM,9/29/25 7:00 AM,2 minutes and 21 seconds,Mayra Luna
Tink-a-Tako - Potranco,Candy  Del angel ,14,,Lobby,,9/29/25 7:00 AM,9/29/25 7:00 AM,13 seconds,Mayra Luna
Tink-a-Tako - Potranco,Candy  Del angel ,16,,Lobby,,9/29/25 7:03 AM,9/29/25 7:06 AM,3 minutes and 8 seconds,Mayra Luna
Tink-a-Tako - Potranco,Candy  Del angel ,18,,Lobby,,9/29/25 7:08 AM,9/29/25 7:09 AM,39 seconds,Mayra Luna
Tink-a-Tako - Potranco,Candy  Del angel ,10,,,2,9/29/25 6:55 AM,9/29/25 7:18 AM,23 minutes and 26 seconds,Zoila Salinas
Tink-a-Tako - Potranco,Candy  Del angel ,21,,Lobby,,9/29/25 7:18 AM,9/29/25 7:19 AM,1 minute and 20 seconds,Mayra Luna
Tink-a-Tako - Potranco,Candy  Del angel ,23,,Lobby,,9/29/25 7:20 AM,9/29/25 7:21 AM,53 seconds,Mayra Luna
Tink-a-Tako - Potranco,Candy  Del angel ,24,,Lobby,,9/29/25 7:24 AM,9/29/25 7:25 AM,52 seconds,Mayra Luna
Tink-a-Tako - Potranco,Maria Majana,22,24,Lobby,,9/29/25 7:17 AM,9/29/25 7:25 AM,7 minutes and 53 seconds,Mayra Luna
Tink-a-Tako - Potranco,Maria Majana,25,,Lobby,,9/29/25 7:26 AM,9/29/25 7:27 AM,35 seconds,Mayra Luna
Tink-a-Tako - Potranco,Candy  Del angel ,26,,Lobby,,9/29/25 7:27 AM,9/29/25 7:28 AM,53 seconds,Mayra Luna
Tink-a-Tako - Potranco,Candy  Del angel ,28,,Lobby,,9/29/25 7:28 AM,9/29/25 7:28 AM,29 seconds,Mayra Luna
Tink-a-Tako - Potranco,Candy  Del angel ,29,,Lobby,,9/29/25 7:30 AM,9/29/25 7:31 AM,43 seconds,Mayra Luna
Tink-a-Tako - Potranco,Candy  Del angel ,30,,Lobby,,9/29/25 7:30 AM,9/29/25 7:31 AM,1 minute and 12 seconds,Mayra Luna
Tink-a-Tako - Potranco,Candy  Del angel ,31,,Lobby,,9/29/25 7:32 AM,9/29/25 7:35 AM,3 minutes and 12 seconds,Mayra Luna
Tink-a-Tako - Potranco,Candy  Del angel ,32,,Lobby,,9/29/25 7:35 AM,9/29/25 7:36 AM,50 seconds,Mayra Luna
Tink-a-Tako - Potranco,Candy  Del angel ,32,,Prep,,9/29/25 7:35 AM,9/29/25 7:36 AM,50 seconds,Mayra Luna
Tink-a-Tako - Potranco,Candy  Del angel ,33,,Lobby,,9/29/25 7:36 AM,9/29/25 7:37 AM,1 minute and 53 seconds,Mayra Luna
Tink-a-Tako - Potranco,Maria Majana,22,24,,2,9/29/25 7:25 AM,9/29/25 7:44 AM,18 minutes and 33 seconds,Zoila Salinas
Tink-a-Tako - Potranco,Maria Majana,25,,,2,9/29/25 7:27 AM,9/29/25 7:44 AM,17 minutes and 23 seconds,Zoila Salinas
Tink-a-Tako - Potranco,Maria Majana,20,17,Lobby,,9/29/25 7:41 AM,9/29/25 7:44 AM,3 minutes and 20 seconds,Mayra Luna
Tink-a-Tako - Potranco,Maria Majana,35,,Lobby,,9/29/25 7:43 AM,9/29/25 7:45 AM,1 minute and 46 seconds,Mayra Luna
Tink-a-Tako - Potranco,Candy  Del angel ,34,,Lobby,,9/29/25 7:44 AM,9/29/25 7:45 AM,47 seconds,Mayra Luna
Tink-a-Tako - Potranco,Candy  Del angel ,36,,Lobby,,9/29/25 7:51 AM,9/29/25 7:52 AM,1 minute and 24 seconds,Mayra Luna
Tink-a-Tako - Potranco,Candy  Del angel ,36,,Prep,,9/29/25 7:51 AM,9/29/25 7:52 AM,1 minute and 24 seconds,Mayra Luna
Tink-a-Tako - Potranco,Maria Majana,42,,Lobby,,9/29/25 7:53 AM,9/29/25 7:55 AM,1 minute and 16 seconds,Mayra Luna
Tink-a-Tako - Potranco,Maria Majana,39,,Lobby,,9/29/25 7:53 AM,9/29/25 7:55 AM,2 minutes and 15 seconds,Mayra Luna
Tink-a-Tako - Potranco,Maria Majana,38,25,Lobby,,9/29/25 7:52 AM,9/29/25 7:57 AM,4 minutes and 44 seconds,Mayra Luna
Tink-a-Tako - Potranco,Rosa Compean,41,,Lobby,,9/29/25 7:53 AM,9/29/25 7:57 AM,4 minutes and 22 seconds,Mayra Luna
Tink-a-Tako - Potranco,Candy  Del angel ,43,,Lobby,,9/29/25 7:55 AM,9/29/25 7:58 AM,2 minutes and 22 seconds,Mayra Luna
Tink-a-Tako - Potranco,Rosa Compean,41,,,2,9/29/25 7:57 AM,9/29/25 7:58 AM,1 minute and 24 seconds,Zoila Salinas
Tink-a-Tako - Potranco,Maria Majana,38,25,,2,9/29/25 7:57 AM,9/29/25 7:58 AM,1 minute and 43 seconds,Zoila Salinas
Tink-a-Tako - Potranco,Maria Majana,35,,,2,9/29/25 7:45 AM,9/29/25 7:58 AM,13 minutes and 21 seconds,Zoila Salinas
Tink-a-Tako - Potranco,Maria Majana,20,17,,2,9/29/25 7:44 AM,9/29/25 7:58 AM,13 minutes and 54 seconds,Zoila Salinas
Tink-a-Tako - Potranco,Candy  Del angel ,46,,Lobby,,9/29/25 7:59 AM,9/29/25 8:00 AM,54 seconds,Mayra Luna
Tink-a-Tako - Potranco,Maria Majana,37,32,Lobby,,9/29/25 7:59 AM,9/29/25 8:00 AM,47 seconds,Mayra Luna
Tink-a-Tako - Potranco,Candy  Del angel ,47,,Lobby,,9/29/25 8:01 AM,9/29/25 8:02 AM,56 seconds,Mayra Luna
Tink-a-Tako - Potranco,Candy  Del angel ,48,,Lobby,,9/29/25 8:01 AM,9/29/25 8:02 AM,1 minute and 9 seconds,Mayra Luna
Tink-a-Tako - Potranco,Maria Majana,42,,,2,9/29/25 7:55 AM,9/29/25 8:02 AM,7 minutes and 30 seconds,Zoila Salinas
Tink-a-Tako - Potranco,Maria Majana,39,,,2,9/29/25 7:55 AM,9/29/25 8:02 AM,6 minutes and 51 seconds,Zoila Salinas
Tink-a-Tako - Potranco,Maria Majana,37,32,Lobby,,9/29/25 8:00 AM,9/29/25 8:03 AM,3 minutes and 21 seconds,Mayra Luna
Tink-a-Tako - Potranco,Maria Majana,49,8,Lobby,,9/29/25 8:06 AM,9/29/25 8:07 AM,44 seconds,Mayra Luna
Tink-a-Tako - Potranco,Candy  Del angel ,51,,Lobby,,9/29/25 8:10 AM,9/29/25 8:11 AM,52 seconds,Mayra Luna
Tink-a-Tako - Potranco,Candy  Del angel ,52,,Lobby,,9/29/25 8:11 AM,9/29/25 8:11 AM,35 seconds,Mayra Luna
Tink-a-Tako - Potranco,Maria Majana,20,17,Lobby,,9/29/25 8:11 AM,9/29/25 8:12 AM,22 seconds,Mayra Luna
Tink-a-Tako - Potranco,Candy  Del angel ,50,,Lobby,,9/29/25 8:08 AM,9/29/25 8:12 AM,4 minutes and 16 seconds,Mayra Luna
Tink-a-Tako - Potranco,Candy  Del angel ,53,,Lobby,,9/29/25 8:12 AM,9/29/25 8:13 AM,40 seconds,Mayra Luna
Tink-a-Tako - Potranco,Candy  Del angel ,54,,Lobby,,9/29/25 8:14 AM,9/29/25 8:14 AM,18 seconds,Mayra Luna
Tink-a-Tako - Potranco,Candy  Del angel ,55,,Lobby,,9/29/25 8:16 AM,9/29/25 8:17 AM,35 seconds,Mayra Luna
Tink-a-Tako - Potranco,Candy  Del angel ,56,,Lobby,,9/29/25 8:21 AM,9/29/25 8:22 AM,58 seconds,Mayra Luna
Tink-a-Tako - Potranco,Candy  Del angel ,58,,Lobby,,9/29/25 8:26 AM,9/29/25 8:27 AM,40 seconds,Mayra Luna
Tink-a-Tako - Potranco,Maria Majana,57,33,Lobby,,9/29/25 8:27 AM,9/29/25 8:28 AM,1 minute and 38 seconds,Mayra Luna
Tink-a-Tako - Potranco,Maria Majana,57,33,Prep,,9/29/25 8:27 AM,9/29/25 8:28 AM,1 minute and 38 seconds,Mayra Luna
Tink-a-Tako - Potranco,Rosa Compean,60,31,Lobby,,9/29/25 8:30 AM,9/29/25 8:31 AM,1 minute and 30 seconds,Mayra Luna
Tink-a-Tako - Potranco,Maria Majana,49,8,,2,9/29/25 8:07 AM,9/29/25 8:32 AM,25 minutes and 43 seconds,Zoila Salinas
Tink-a-Tako - Potranco,Maria Majana,37,32,,2,9/29/25 8:00 AM,9/29/25 8:32 AM,32 minutes and 20 seconds,Zoila Salinas
Tink-a-Tako - Potranco,Maria Majana,57,33,,2,9/29/25 8:28 AM,9/29/25 8:32 AM,4 minutes and 13 seconds,Zoila Salinas
Tink-a-Tako - Potranco,Maria Majana,20,17,,2,9/29/25 8:12 AM,9/29/25 8:32 AM,20 minutes and 46 seconds,Zoila Salinas
Tink-a-Tako - Potranco,Candy  Del angel ,59,,Lobby,,9/29/25 8:33 AM,9/29/25 8:34 AM,36 seconds,Mayra Luna
Tink-a-Tako - Potranco,Silvia Hernandez,61,24,Lobby,,9/29/25 8:32 AM,9/29/25 8:35 AM,2 minutes and 58 seconds,Mayra Luna
Tink-a-Tako - Potranco,Ivana Abundiz,63,,Lobby,,9/29/25 8:35 AM,9/29/25 8:36 AM,36 seconds,Mayra Luna
Tink-a-Tako - Potranco,Ivana Abundiz,64,,Lobby,,9/29/25 8:37 AM,9/29/25 8:38 AM,52 seconds,Mayra Luna
Tink-a-Tako - Potranco,Candy  Del angel ,59,,Lobby,,9/29/25 8:33 AM,9/29/25 8:39 AM,5 minutes and 53 seconds,Mayra Luna
Tink-a-Tako - Potranco,Candy  Del angel ,62,,Lobby,,9/29/25 8:39 AM,9/29/25 8:40 AM,46 seconds,Mayra Luna
Tink-a-Tako - Potranco,Candy  Del angel ,65,,Lobby,,9/29/25 8:39 AM,9/29/25 8:40 AM,35 seconds,Mayra Luna
Tink-a-Tako - Potranco,Maria Majana,37,32,,2,9/29/25 8:03 AM,9/29/25 8:41 AM,37 minutes and 53 seconds,Zoila Salinas
Tink-a-Tako - Potranco,Ivana Abundiz,64,,,2,9/29/25 8:38 AM,9/29/25 8:41 AM,3 minutes and 22 seconds,Zoila Salinas
Tink-a-Tako - Potranco,Rosa Compean,60,31,,2,9/29/25 8:31 AM,9/29/25 8:41 AM,9 minutes and 34 seconds,Zoila Salinas
Tink-a-Tako - Potranco,Ivana Abundiz,63,,,2,9/29/25 8:36 AM,9/29/25 8:41 AM,4 minutes and 53 seconds,Zoila Salinas
Tink-a-Tako - Potranco,Silvia Hernandez,61,24,,2,9/29/25 8:35 AM,9/29/25 8:41 AM,5 minutes and 55 seconds,Zoila Salinas
Tink-a-Tako - Potranco,Candy  Del angel ,67,,Lobby,,9/29/25 8:43 AM,9/29/25 8:45 AM,1 minute and 26 seconds,Mayra Luna
Tink-a-Tako - Potranco,Candy  Del angel ,70,,Lobby,,9/29/25 8:48 AM,9/29/25 8:48 AM,52 seconds,Mayra Luna
Tink-a-Tako - Potranco,Candy  Del angel ,66,,Lobby,,9/29/25 8:43 AM,9/29/25 8:51 AM,7 minutes and 56 seconds,Mayra Luna
Tink-a-Tako - Potranco,Candy  Del angel ,66,,Prep,,9/29/25 8:43 AM,9/29/25 8:51 AM,7 minutes and 56 seconds,Mayra Luna
Tink-a-Tako - Potranco,Candy  Del angel ,66,,Tortillero,,9/29/25 8:43 AM,9/29/25 8:51 AM,7 minutes and 56 seconds,Mayra Luna
Tink-a-Tako - Potranco,Candy  Del angel ,72,,Lobby,,9/29/25 8:50 AM,9/29/25 8:51 AM,53 seconds,Mayra Luna
Tink-a-Tako - Potranco,Silvia Hernandez,69,38,Lobby,,9/29/25 8:47 AM,9/29/25 8:51 AM,3 minutes and 46 seconds,Mayra Luna
Tink-a-Tako - Potranco,Maria Majana,68,22,Lobby,,9/29/25 8:46 AM,9/29/25 8:51 AM,4 minutes and 37 seconds,Mayra Luna
Tink-a-Tako - Potranco,Candy  Del angel ,15,,Lobby,,9/29/25 8:49 AM,9/29/25 8:53 AM,3 minutes and 14 seconds,Mayra Luna
Tink-a-Tako - Potranco,Silvia Hernandez,69,38,Lobby,,9/29/25 8:58 AM,9/29/25 8:59 AM,1 minute and 11 seconds,Mayra Luna
Tink-a-Tako - Potranco,Rosa Compean,76,24,Lobby,,9/29/25 8:57 AM,9/29/25 8:59 AM,2 minutes and 1 second,Mayra Luna
Tink-a-Tako - Potranco,Candy  Del angel ,75,,Lobby,,9/29/25 8:55 AM,9/29/25 9:01 AM,5 minutes and 34 seconds,Mayra Luna
Tink-a-Tako - Potranco,Candy  Del angel ,73,,Lobby,,9/29/25 9:02 AM,9/29/25 9:04 AM,2 minutes and 1 second,Mayra Luna
Tink-a-Tako - Potranco,Candy  Del angel ,77,,Lobby,,9/29/25 9:01 AM,9/29/25 9:05 AM,3 minutes and 29 seconds,Mayra Luna
Tink-a-Tako - Potranco,Rosa Compean,76,24,Lobby,,9/29/25 9:05 AM,9/29/25 9:07 AM,1 minute and 8 seconds,Mayra Luna
Tink-a-Tako - Potranco,Candy  Del angel ,81,,Lobby,,9/29/25 9:06 AM,9/29/25 9:07 AM,1 minute and 3 seconds,Mayra Luna
Tink-a-Tako - Potranco,Candy  Del angel ,82,,Lobby,,9/29/25 9:07 AM,9/29/25 9:09 AM,1 minute and 59 seconds,Mayra Luna
Tink-a-Tako - Potranco,Candy  Del angel ,83,,Lobby,,9/29/25 9:08 AM,9/29/25 9:13 AM,4 minutes and 25 seconds,Mayra Luna
Tink-a-Tako - Potranco,Candy  Del angel ,84,,Lobby,,9/29/25 9:11 AM,9/29/25 9:13 AM,2 minutes and 25 seconds,Mayra Luna
Tink-a-Tako - Potranco,Candy  Del angel ,87,,Lobby,,9/29/25 9:13 AM,9/29/25 9:14 AM,47 seconds,Mayra Luna
Tink-a-Tako - Potranco,Ivana Abundiz,86,,Lobby,,9/29/25 9:13 AM,9/29/25 9:16 AM,2 minutes and 45 seconds,Mayra Luna
Tink-a-Tako - Potranco,Silvia Hernandez,69,38,,2,9/29/25 8:59 AM,9/29/25 9:16 AM,17 minutes and 30 seconds,Zoila Salinas
Tink-a-Tako - Potranco,Candy  Del angel ,90,,Lobby,,9/29/25 9:15 AM,9/29/25 9:18 AM,2 minutes and 46 seconds,Mayra Luna
Tink-a-Tako - Potranco,Ivana Abundiz,89,,Lobby,,9/29/25 9:14 AM,9/29/25 9:18 AM,4 minutes and 4 seconds,Mayra Luna
Tink-a-Tako - Potranco,Candy  Del angel ,93,,Lobby,,9/29/25 9:17 AM,9/29/25 9:19 AM,2 minutes and 18 seconds,Mayra Luna
Tink-a-Tako - Potranco,Candy  Del angel ,91,,Lobby,,9/29/25 9:16 AM,9/29/25 9:19 AM,2 minutes and 51 seconds,Mayra Luna
Tink-a-Tako - Potranco,Rosa Compean,92,15,Lobby,,9/29/25 9:18 AM,9/29/25 9:22 AM,3 minutes and 58 seconds,Mayra Luna
Tink-a-Tako - Potranco,Rosa Compean,92,15,Tortillero,,9/29/25 9:18 AM,9/29/25 9:22 AM,3 minutes and 58 seconds,Mayra Luna
Tink-a-Tako - Potranco,Rosa Compean,92,15,Prep,,9/29/25 9:18 AM,9/29/25 9:22 AM,3 minutes and 58 seconds,Mayra Luna
Tink-a-Tako - Potranco,Candy  Del angel ,96,,Lobby,,9/29/25 9:18 AM,9/29/25 9:22 AM,4 minutes and 4 seconds,Mayra Luna
Tink-a-Tako - Potranco,Candy  Del angel ,95,,Lobby,,9/29/25 9:19 AM,9/29/25 9:23 AM,4 minutes and 35 seconds,Mayra Luna
Tink-a-Tako - Potranco,Rosa Compean,92,15,,2,9/29/25 9:22 AM,9/29/25 9:24 AM,1 minute and 29 seconds,Zoila Salinas
Tink-a-Tako - Potranco,Maria Majana,98,,Lobby,,9/29/25 9:21 AM,9/29/25 9:26 AM,4 minutes and 32 seconds,Mayra Luna
Tink-a-Tako - Potranco,Silvia Hernandez,94,33,Lobby,,9/29/25 9:18 AM,9/29/25 9:26 AM,7 minutes and 24 seconds,Mayra Luna
Tink-a-Tako - Potranco,Candy  Del angel ,99,,Lobby,,9/29/25 9:22 AM,9/29/25 9:26 AM,3 minutes and 58 seconds,Mayra Luna
Tink-a-Tako - Potranco,Candy  Del angel ,102,,Lobby,,9/29/25 9:25 AM,9/29/25 9:27 AM,1 minute and 43 seconds,Mayra Luna
Tink-a-Tako - Potranco,Candy  Del angel ,103,,Lobby,,9/29/25 9:26 AM,9/29/25 9:27 AM,1 minute and 18 seconds,Mayra Luna
Tink-a-Tako - Potranco,Candy  Del angel ,104,,Lobby,,9/29/25 9:28 AM,9/29/25 9:29 AM,43 seconds,Mayra Luna
Tink-a-Tako - Potranco,Candy  Del angel ,106,,Lobby,,9/29/25 9:32 AM,9/29/25 9:33 AM,1 minute and 7 seconds,Mayra Luna
Tink-a-Tako - Potranco,Candy  Del angel ,105,,Lobby,,9/29/25 9:31 AM,9/29/25 9:34 AM,3 minutes and 8 seconds,Mayra Luna
Tink-a-Tako - Potranco,Candy  Del angel ,107,,Lobby,,9/29/25 9:33 AM,9/29/25 9:34 AM,48 seconds,Mayra Luna
Tink-a-Tako - Potranco,Maria Majana,74,8,Lobby,,9/29/25 9:33 AM,9/29/25 9:34 AM,57 seconds,Mayra Luna
Tink-a-Tako - Potranco,Candy  Del angel ,111,,Lobby,,9/29/25 9:35 AM,9/29/25 9:36 AM,31 seconds,Mayra Luna
Tink-a-Tako - Potranco,Maria Majana,80,7,Lobby,,9/29/25 9:35 AM,9/29/25 9:37 AM,2 minutes and 13 seconds,Mayra Luna
Tink-a-Tako - Potranco,Candy  Del angel ,112,,Lobby,,9/29/25 9:36 AM,9/29/25 9:38 AM,1 minute and 41 seconds,Mayra Luna
Tink-a-Tako - Potranco,Rosa Compean,110,17,Lobby,,9/29/25 9:34 AM,9/29/25 9:38 AM,3 minutes and 40 seconds,Mayra Luna
Tink-a-Tako - Potranco,Silvia Hernandez,113,23,Lobby,,9/29/25 9:37 AM,9/29/25 9:39 AM,1 minute and 51 seconds,Mayra Luna
Tink-a-Tako - Potranco,Silvia Hernandez,113,23,Prep,,9/29/25 9:37 AM,9/29/25 9:39 AM,1 minute and 51 seconds,Mayra Luna
Tink-a-Tako - Potranco,Maria Majana,114,22,Lobby,,9/29/25 9:39 AM,9/29/25 9:42 AM,3 minutes and 47 seconds,Mayra Luna
Tink-a-Tako - Potranco,Rosa Compean,116,25,Lobby,,9/29/25 9:43 AM,9/29/25 9:44 AM,36 seconds,Mayra Luna
Tink-a-Tako - Potranco,Candy  Del angel ,115,,Lobby,,9/29/25 9:42 AM,9/29/25 9:44 AM,1 minute and 56 seconds,Mayra Luna
Tink-a-Tako - Potranco,Candy  Del angel ,118,,Prep,,9/29/25 9:47 AM,9/29/25 9:49 AM,1 minute and 50 seconds,Mayra Luna
Tink-a-Tako - Potranco,Candy  Del angel ,118,,Lobby,,9/29/25 9:47 AM,9/29/25 9:49 AM,1 minute and 50 seconds,Mayra Luna
Tink-a-Tako - Potranco,Maria Majana,74,8,,2,9/29/25 9:34 AM,9/29/25 9:50 AM,16 minutes,Zoila Salinas
Tink-a-Tako - Potranco,Rosa Compean,110,17,,2,9/29/25 9:38 AM,9/29/25 9:50 AM,12 minutes and 8 seconds,Zoila Salinas
Tink-a-Tako - Potranco,Rosa Compean,116,25,,2,9/29/25 9:44 AM,9/29/25 9:50 AM,6 minutes and 20 seconds,Zoila Salinas
Tink-a-Tako - Potranco,Rosa Compean,126,32,Lobby,,9/29/25 9:48 AM,9/29/25 9:50 AM,2 minutes and 18 seconds,Mayra Luna
Tink-a-Tako - Potranco,Candy  Del angel ,127,,Lobby,,9/29/25 9:49 AM,9/29/25 9:52 AM,2 minutes and 20 seconds,Mayra Luna
Tink-a-Tako - Potranco,Candy  Del angel ,128,,Lobby,,9/29/25 9:51 AM,9/29/25 9:53 AM,1 minute and 57 seconds,Mayra Luna
Tink-a-Tako - Potranco,Maria Majana,117,37,Lobby,,9/29/25 9:51 AM,9/29/25 9:55 AM,3 minutes and 13 seconds,Mayra Luna
Tink-a-Tako - Potranco,Candy  Del angel ,129,,Lobby,,9/29/25 9:52 AM,9/29/25 9:56 AM,3 minutes and 45 seconds,Mayra Luna
Tink-a-Tako - Potranco,Silvia Hernandez,119,39,Lobby,,9/29/25 9:47 AM,9/29/25 9:56 AM,8 minutes and 47 seconds,Mayra Luna
Tink-a-Tako - Potranco,Candy  Del angel ,130,,Lobby,,9/29/25 9:56 AM,9/29/25 9:57 AM,55 seconds,Mayra Luna
Tink-a-Tako - Potranco,Maria Majana,114,22,Lobby,,9/29/25 9:56 AM,9/29/25 9:57 AM,53 seconds,Mayra Luna
Tink-a-Tako - Potranco,Candy  Del angel ,130,,Lobby,,9/29/25 9:56 AM,9/29/25 9:58 AM,2 minutes and 15 seconds,Mayra Luna
Tink-a-Tako - Potranco,Candy  Del angel ,102,,Lobby,,9/29/25 9:57 AM,9/29/25 9:59 AM,1 minute and 46 seconds,Mayra Luna
Tink-a-Tako - Potranco,Candy  Del angel ,102,,Prep,,9/29/25 9:57 AM,9/29/25 9:59 AM,1 minute and 46 seconds,Mayra Luna
Tink-a-Tako - Potranco,Candy  Del angel ,131,,Lobby,,9/29/25 10:00 AM,9/29/25 10:01 AM,25 seconds,Mayra Luna
Tink-a-Tako - Potranco,Candy  Del angel ,133,,Lobby,,9/29/25 10:01 AM,9/29/25 10:02 AM,29 seconds,Mayra Luna
Tink-a-Tako - Potranco,Maria Majana,117,37,,2,9/29/25 9:55 AM,9/29/25 10:02 AM,7 minutes and 40 seconds,Zoila Salinas
Tink-a-Tako - Potranco,Rosa Compean,126,32,,2,9/29/25 9:50 AM,9/29/25 10:02 AM,12 minutes and 1 second,Zoila Salinas
Tink-a-Tako - Potranco,Silvia Hernandez,119,39,,2,9/29/25 9:56 AM,9/29/25 10:02 AM,6 minutes and 27 seconds,Zoila Salinas
Tink-a-Tako - Potranco,Maria Majana,114,22,,2,9/29/25 9:42 AM,9/29/25 10:02 AM,20 minutes and 3 seconds,Zoila Salinas
Tink-a-Tako - Potranco,Maria Majana,114,22,,2,9/29/25 9:57 AM,9/29/25 10:02 AM,5 minutes and 25 seconds,Zoila Salinas
Tink-a-Tako - Potranco,Maria Majana,98,,,2,9/29/25 9:26 AM,9/29/25 10:02 AM,36 minutes and 41 seconds,Zoila Salinas
Tink-a-Tako - Potranco,Candy  Del angel ,105,,,2,9/29/25 9:34 AM,9/29/25 10:02 AM,28 minutes and 47 seconds,Zoila Salinas
Tink-a-Tako - Potranco,Silvia Hernandez,113,23,,2,9/29/25 9:39 AM,9/29/25 10:02 AM,23 minutes and 4 seconds,Zoila Salinas
Tink-a-Tako - Potranco,Candy  Del angel ,95,,,2,9/29/25 9:23 AM,9/29/25 10:02 AM,39 minutes and 20 seconds,Zoila Salinas
Tink-a-Tako - Potranco,Maria Majana,80,7,,2,9/29/25 9:37 AM,9/29/25 10:02 AM,25 minutes and 9 seconds,Zoila Salinas
Tink-a-Tako - Potranco,Ivana Abundiz,86,,,2,9/29/25 9:16 AM,9/29/25 10:03 AM,46 minutes and 29 seconds,Zoila Salinas
Tink-a-Tako - Potranco,Ivana Abundiz,89,,,2,9/29/25 9:18 AM,9/29/25 10:03 AM,44 minutes and 6 seconds,Zoila Salinas
Tink-a-Tako - Potranco,Silvia Hernandez,94,33,,2,9/29/25 9:26 AM,9/29/25 10:03 AM,36 minutes and 37 seconds,Zoila Salinas
Tink-a-Tako - Potranco,Rosa Compean,76,24,,2,9/29/25 8:59 AM,9/29/25 10:03 AM,"1 hour, 3 minutes and 41 seconds",Zoila Salinas
Tink-a-Tako - Potranco,Maria Majana,68,22,,2,9/29/25 8:51 AM,9/29/25 10:03 AM,"1 hour, 11 minutes and 44 seconds",Zoila Salinas
Tink-a-Tako - Potranco,Silvia Hernandez,69,38,,2,9/29/25 8:51 AM,9/29/25 10:03 AM,"1 hour, 11 minutes and 44 seconds",Zoila Salinas
Tink-a-Tako - Potranco,Rosa Compean,76,24,,2,9/29/25 9:07 AM,9/29/25 10:03 AM,56 minutes and 4 seconds,Zoila Salinas
Tink-a-Tako - Potranco,Candy  Del angel ,134,,Lobby,,9/29/25 10:04 AM,9/29/25 10:06 AM,1 minute and 9 seconds,Mayra Luna
Tink-a-Tako - Potranco,Silvia Hernandez,135,24,Lobby,,9/29/25 10:06 AM,9/29/25 10:07 AM,57 seconds,Mayra Luna
Tink-a-Tako - Potranco,Candy  Del angel ,138,,Lobby,,9/29/25 10:11 AM,9/29/25 10:13 AM,1 minute and 55 seconds,Mayra Luna
Tink-a-Tako - Potranco,Rosa Compean,136,15,Lobby,,9/29/25 10:11 AM,9/29/25 10:17 AM,5 minutes and 40 seconds,Mayra Luna
Tink-a-Tako - Potranco,Maria Majana,137,9,Lobby,,9/29/25 10:11 AM,9/29/25 10:17 AM,5 minutes and 36 seconds,Mayra Luna
Tink-a-Tako - Potranco,Candy  Del angel ,139,,Lobby,,9/29/25 10:12 AM,9/29/25 10:17 AM,5 minutes and 23 seconds,Mayra Luna
Tink-a-Tako - Potranco,Candy  Del angel ,140,,Lobby,,9/29/25 10:13 AM,9/29/25 10:18 AM,4 minutes and 20 seconds,Mayra Luna
Tink-a-Tako - Potranco,Candy  Del angel ,142,,Lobby,,9/29/25 10:16 AM,9/29/25 10:18 AM,1 minute and 37 seconds,Mayra Luna
Tink-a-Tako - Potranco,Candy  Del angel ,141,,Lobby,,9/29/25 10:16 AM,9/29/25 10:18 AM,2 minutes and 8 seconds,Mayra Luna
Tink-a-Tako - Potranco,Silvia Hernandez,143,18,Lobby,,9/29/25 10:19 AM,9/29/25 10:21 AM,1 minute and 36 seconds,Mayra Luna
Tink-a-Tako - Potranco,Rosa Compean,144,20,Lobby,,9/29/25 10:20 AM,9/29/25 10:22 AM,2 minutes and 19 seconds,Mayra Luna
Tink-a-Tako - Potranco,Rosa Compean,144,20,Prep,,9/29/25 10:20 AM,9/29/25 10:22 AM,2 minutes and 19 seconds,Mayra Luna
Tink-a-Tako - Potranco,Candy  Del angel ,147,,Lobby,,9/29/25 10:22 AM,9/29/25 10:23 AM,56 seconds,Mayra Luna
Tink-a-Tako - Potranco,Candy  Del angel ,148,,Lobby,,9/29/25 10:24 AM,9/29/25 10:26 AM,1 minute and 50 seconds,Mayra Luna
Tink-a-Tako - Potranco,Candy  Del angel ,149,,Lobby,,9/29/25 10:28 AM,9/29/25 10:30 AM,1 minute and 25 seconds,Mayra Luna
Tink-a-Tako - Potranco,Candy  Del angel ,150,,Lobby,,9/29/25 10:29 AM,9/29/25 10:30 AM,1 minute and 9 seconds,Mayra Luna
Tink-a-Tako - Potranco,Maria Majana,145,32,Lobby,,9/29/25 10:24 AM,9/29/25 10:30 AM,6 minutes and 5 seconds,Mayra Luna
Tink-a-Tako - Potranco,Maria Majana,145,32,Tortillero,,9/29/25 10:24 AM,9/29/25 10:30 AM,6 minutes and 5 seconds,Mayra Luna
Tink-a-Tako - Potranco,Maria Majana,145,32,Prep,,9/29/25 10:24 AM,9/29/25 10:30 AM,6 minutes and 5 seconds,Mayra Luna
Tink-a-Tako - Potranco,Rosa Compean,151,22,Lobby,,9/29/25 10:29 AM,9/29/25 10:30 AM,1 minute and 6 seconds,Mayra Luna
Tink-a-Tako - Potranco,Candy  Del angel ,152,,Lobby,,9/29/25 10:31 AM,9/29/25 10:32 AM,1 minute,Mayra Luna
Tink-a-Tako - Potranco,Rosa Compean,151,22,,2,9/29/25 10:30 AM,9/29/25 10:32 AM,1 minute and 27 seconds,Zoila Salinas
Tink-a-Tako - Potranco,Maria Majana,145,32,,2,9/29/25 10:30 AM,9/29/25 10:32 AM,1 minute and 29 seconds,Zoila Salinas
Tink-a-Tako - Potranco,Silvia Hernandez,135,24,,2,9/29/25 10:07 AM,9/29/25 10:32 AM,24 minutes and 42 seconds,Zoila Salinas
Tink-a-Tako - Potranco,Rosa Compean,136,15,,2,9/29/25 10:17 AM,9/29/25 10:32 AM,15 minutes and 8 seconds,Zoila Salinas
Tink-a-Tako - Potranco,Maria Majana,137,9,,2,9/29/25 10:17 AM,9/29/25 10:32 AM,15 minutes and 9 seconds,Zoila Salinas
Tink-a-Tako - Potranco,Silvia Hernandez,143,18,,2,9/29/25 10:21 AM,9/29/25 10:32 AM,11 minutes and 10 seconds,Zoila Salinas
Tink-a-Tako - Potranco,Rosa Compean,144,20,,2,9/29/25 10:22 AM,9/29/25 10:32 AM,9 minutes and 43 seconds,Zoila Salinas
Tink-a-Tako - Potranco,Candy  Del angel ,153,,Lobby,,9/29/25 10:34 AM,9/29/25 10:35 AM,16 seconds,Mayra Luna
Tink-a-Tako - Potranco,Candy  Del angel ,155,,Lobby,,9/29/25 10:37 AM,9/29/25 10:38 AM,1 minute and 20 seconds,Mayra Luna
Tink-a-Tako - Potranco,Candy  Del angel ,156,,Lobby,,9/29/25 10:41 AM,9/29/25 10:45 AM,3 minutes and 28 seconds,Mayra Luna
Tink-a-Tako - Potranco,Candy  Del angel ,156,,Prep,,9/29/25 10:41 AM,9/29/25 10:45 AM,3 minutes and 28 seconds,Mayra Luna
Tink-a-Tako - Potranco,Candy  Del angel ,156,,Tortillero,,9/29/25 10:41 AM,9/29/25 10:45 AM,3 minutes and 28 seconds,Mayra Luna
Tink-a-Tako - Potranco,Silvia Hernandez,157,26,,2,9/29/25 10:44 AM,9/29/25 10:47 AM,2 minutes and 38 seconds,Zoila Salinas
Tink-a-Tako - Potranco,Maria Majana,158,24,Lobby,,9/29/25 10:47 AM,9/29/25 10:48 AM,55 seconds,Mayra Luna
Tink-a-Tako - Potranco,Candy  Del angel ,159,,Lobby,,9/29/25 10:48 AM,9/29/25 10:49 AM,1 minute and 10 seconds,Mayra Luna
Tink-a-Tako - Potranco,Candy  Del angel ,160,,Lobby,,9/29/25 10:49 AM,9/29/25 10:52 AM,3 minutes and 12 seconds,Mayra Luna
Tink-a-Tako - Potranco,Rosa Compean,162,17,Lobby,,9/29/25 10:53 AM,9/29/25 10:54 AM,1 minute and 49 seconds,Mayra Luna
Tink-a-Tako - Potranco,Silvia Hernandez,163,23,Lobby,,9/29/25 10:53 AM,9/29/25 10:57 AM,3 minutes and 53 seconds,Mayra Luna
Tink-a-Tako - Potranco,Silvia Hernandez,163,23,Tortillero,,9/29/25 10:53 AM,9/29/25 10:57 AM,3 minutes and 53 seconds,Mayra Luna
Tink-a-Tako - Potranco,Candy  Del angel ,164,,Lobby,,9/29/25 10:55 AM,9/29/25 10:58 AM,2 minutes and 43 seconds,Mayra Luna
Tink-a-Tako - Potranco,Rosa Compean,162,17,,2,9/29/25 10:54 AM,9/29/25 10:58 AM,4 minutes and 3 seconds,Zoila Salinas
Tink-a-Tako - Potranco,Candy  Del angel ,165,,Lobby,,9/29/25 10:58 AM,9/29/25 10:59 AM,47 seconds,Mayra Luna
Tink-a-Tako - Potranco,Maria Majana,132,7,Lobby,,9/29/25 10:57 AM,9/29/25 11:00 AM,2 minutes and 42 seconds,Mayra Luna
Tink-a-Tako - Potranco,Candy  Del angel ,167,,Lobby,,9/29/25 11:00 AM,9/29/25 11:02 AM,2 minutes and 1 second,Mayra Luna
Tink-a-Tako - Potranco,Candy  Del angel ,168,,Lobby,,9/29/25 11:04 AM,9/29/25 11:12 AM,8 minutes and 35 seconds,Mayra Luna
Tink-a-Tako - Potranco,Ivana Abundiz,170,,Lobby,,9/29/25 11:05 AM,9/29/25 11:12 AM,6 minutes and 57 seconds,Mayra Luna
Tink-a-Tako - Potranco,Candy  Del angel ,169,,Lobby,,9/29/25 11:04 AM,9/29/25 11:12 AM,7 minutes and 55 seconds,Mayra Luna
Tink-a-Tako - Potranco,Maria Majana,171,12,Lobby,,9/29/25 11:07 AM,9/29/25 11:13 AM,5 minutes and 49 seconds,Mayra Luna
Tink-a-Tako - Potranco,Maria Majana,171,12,Tortillero,,9/29/25 11:07 AM,9/29/25 11:13 AM,5 minutes and 49 seconds,Mayra Luna
Tink-a-Tako - Potranco,Maria Majana,171,12,Prep,,9/29/25 11:07 AM,9/29/25 11:13 AM,5 minutes and 49 seconds,Mayra Luna
Tink-a-Tako - Potranco,Candy  Del angel ,166,,Lobby,,9/29/25 11:09 AM,9/29/25 11:13 AM,3 minutes and 50 seconds,Mayra Luna
Tink-a-Tako - Potranco,Candy  Del angel ,166,,Prep,,9/29/25 11:09 AM,9/29/25 11:13 AM,3 minutes and 50 seconds,Mayra Luna
Tink-a-Tako - Potranco,Rosa Compean,173,32,,2,9/29/25 11:11 AM,9/29/25 11:17 AM,6 minutes and 11 seconds,Zoila Salinas
Tink-a-Tako - Potranco,Candy  Del angel ,174,,Lobby,,9/29/25 11:13 AM,9/29/25 11:17 AM,4 minutes and 21 seconds,Mayra Luna
Tink-a-Tako - Potranco,Candy  Del angel ,177,,Lobby,,9/29/25 11:16 AM,9/29/25 11:19 AM,2 minutes and 29 seconds,Mayra Luna
Tink-a-Tako - Potranco,Candy  Del angel ,176,,Lobby,,9/29/25 11:15 AM,9/29/25 11:19 AM,3 minutes and 44 seconds,Mayra Luna
Tink-a-Tako - Potranco,Candy  Del angel ,178,,Lobby,,9/29/25 11:20 AM,9/29/25 11:22 AM,1 minute and 31 seconds,Mayra Luna
Tink-a-Tako - Potranco,Candy  Del angel ,183,,Lobby,,9/29/25 11:23 AM,9/29/25 11:24 AM,48 seconds,Mayra Luna
Tink-a-Tako - Potranco,Silvia Hernandez,179,22,Lobby,,9/29/25 11:19 AM,9/29/25 11:24 AM,4 minutes and 19 seconds,Mayra Luna
Tink-a-Tako - Potranco,Silvia Hernandez,163,23,,2,9/29/25 10:57 AM,9/29/25 11:24 AM,27 minutes and 20 seconds,Zoila Salinas
Tink-a-Tako - Potranco,Maria Majana,158,24,,2,9/29/25 10:48 AM,9/29/25 11:24 AM,36 minutes and 19 seconds,Zoila Salinas
Tink-a-Tako - Potranco,Silvia Hernandez,179,22,,2,9/29/25 11:24 AM,9/29/25 11:25 AM,49 seconds,Zoila Salinas
Tink-a-Tako - Potranco,Ivana Abundiz,170,,,2,9/29/25 11:12 AM,9/29/25 11:24 AM,12 minutes and 17 seconds,Zoila Salinas
Tink-a-Tako - Potranco,Maria Majana,132,7,,2,9/29/25 11:00 AM,9/29/25 11:24 AM,24 minutes and 22 seconds,Zoila Salinas
Tink-a-Tako - Potranco,Maria Majana,171,12,,2,9/29/25 11:13 AM,9/29/25 11:25 AM,11 minutes and 44 seconds,Zoila Salinas
Tink-a-Tako - Potranco,Rosa Compean,180,18,Lobby,,9/29/25 11:21 AM,9/29/25 11:26 AM,5 minutes and 9 seconds,Mayra Luna
Tink-a-Tako - Potranco,Silvia Hernandez,182,25,Lobby,,9/29/25 11:22 AM,9/29/25 11:26 AM,4 minutes and 16 seconds,Mayra Luna
Tink-a-Tako - Potranco,Silvia Hernandez,182,25,Tortillero,,9/29/25 11:22 AM,9/29/25 11:26 AM,4 minutes and 16 seconds,Mayra Luna
Tink-a-Tako - Potranco,Silvia Hernandez,182,25,Prep,,9/29/25 11:22 AM,9/29/25 11:26 AM,4 minutes and 16 seconds,Mayra Luna
Tink-a-Tako - Potranco,Ivana Abundiz,181,,Lobby,,9/29/25 11:21 AM,9/29/25 11:27 AM,5 minutes and 26 seconds,Mayra Luna
Tink-a-Tako - Potranco,Rosa Compean,180,18,,2,9/29/25 11:26 AM,9/29/25 11:27 AM,59 seconds,Zoila Salinas
Tink-a-Tako - Potranco,Ivana Abundiz,181,,,2,9/29/25 11:27 AM,9/29/25 11:27 AM,24 seconds,Zoila Salinas
Tink-a-Tako - Potranco,Silvia Hernandez,182,25,,2,9/29/25 11:26 AM,9/29/25 11:27 AM,54 seconds,Zoila Salinas
Tink-a-Tako - Potranco,Rosa Compean,188,17,Lobby,,9/29/25 11:27 AM,9/29/25 11:31 AM,3 minutes and 21 seconds,Mayra Luna
Tink-a-Tako - Potranco,Candy  Del angel ,189,,Lobby,,9/29/25 11:29 AM,9/29/25 11:32 AM,2 minutes and 43 seconds,Mayra Luna
Tink-a-Tako - Potranco,Candy  Del angel ,184,,Prep,,9/29/25 11:26 AM,9/29/25 11:32 AM,6 minutes and 15 seconds,Mayra Luna
Tink-a-Tako - Potranco,Candy  Del angel ,184,,Lobby,,9/29/25 11:26 AM,9/29/25 11:32 AM,6 minutes and 15 seconds,Mayra Luna
Tink-a-Tako - Potranco,Candy  Del angel ,184,,Tortillero,,9/29/25 11:26 AM,9/29/25 11:32 AM,6 minutes and 15 seconds,Mayra Luna
Tink-a-Tako - Potranco,Maria Majana,185,23,Lobby,,9/29/25 11:27 AM,9/29/25 11:35 AM,7 minutes and 23 seconds,Mayra Luna
Tink-a-Tako - Potranco,Candy  Del angel ,191,,Lobby,,9/29/25 11:31 AM,9/29/25 11:35 AM,3 minutes and 28 seconds,Mayra Luna
Tink-a-Tako - Potranco,Candy  Del angel ,190,,Lobby,,9/29/25 11:30 AM,9/29/25 11:39 AM,9 minutes and 1 second,Mayra Luna
Tink-a-Tako - Potranco,Silvia Hernandez,194,24,Lobby,,9/29/25 11:38 AM,9/29/25 11:40 AM,2 minutes and 1 second,Mayra Luna
Tink-a-Tako - Potranco,Maria Majana,193,9,Lobby,,9/29/25 11:38 AM,9/29/25 11:41 AM,3 minutes and 11 seconds,Mayra Luna
Tink-a-Tako - Potranco,Candy  Del angel ,198,,Lobby,,9/29/25 11:41 AM,9/29/25 11:42 AM,1 minute and 1 second,Mayra Luna
Tink-a-Tako - Potranco,Rosa Compean,188,17,,2,9/29/25 11:31 AM,9/29/25 11:43 AM,12 minutes,Zoila Salinas
Tink-a-Tako - Potranco,Candy  Del angel ,195,,Lobby,,9/29/25 11:38 AM,9/29/25 11:45 AM,6 minutes and 11 seconds,Mayra Luna
Tink-a-Tako - Potranco,Candy  Del angel ,195,,Prep,,9/29/25 11:38 AM,9/29/25 11:45 AM,6 minutes and 11 seconds,Mayra Luna
Tink-a-Tako - Potranco,Candy  Del angel ,195,,Tortillero,,9/29/25 11:38 AM,9/29/25 11:45 AM,6 minutes and 11 seconds,Mayra Luna
Tink-a-Tako - Potranco,Ivana Abundiz,196,,Prep,,9/29/25 11:40 AM,9/29/25 11:45 AM,5 minutes and 12 seconds,Mayra Luna
Tink-a-Tako - Potranco,Ivana Abundiz,196,,Lobby,,9/29/25 11:40 AM,9/29/25 11:45 AM,5 minutes and 12 seconds,Mayra Luna
Tink-a-Tako - Potranco,Candy  Del angel ,197,,Lobby,,9/29/25 11:40 AM,9/29/25 11:45 AM,5 minutes and 10 seconds,Mayra Luna
Tink-a-Tako - Potranco,Candy  Del angel ,197,,Tortillero,,9/29/25 11:40 AM,9/29/25 11:45 AM,5 minutes and 10 seconds,Mayra Luna
Tink-a-Tako - Potranco,Candy  Del angel ,199,,Lobby,,9/29/25 11:42 AM,9/29/25 11:46 AM,3 minutes and 38 seconds,Mayra Luna
Tink-a-Tako - Potranco,Candy  Del angel ,201,,Lobby,,9/29/25 11:43 AM,9/29/25 11:46 AM,3 minutes and 7 seconds,Mayra Luna
Tink-a-Tako - Potranco,Candy  Del angel ,197,,Lobby,,9/29/25 11:40 AM,9/29/25 11:48 AM,7 minutes and 40 seconds,Mayra Luna
Tink-a-Tako - Potranco,Rosa Compean,203,20,Lobby,,9/29/25 11:46 AM,9/29/25 11:48 AM,2 minutes and 17 seconds,Mayra Luna
Tink-a-Tako - Potranco,Ivana Abundiz,196,,,2,9/29/25 11:45 AM,9/29/25 11:51 AM,6 minutes and 8 seconds,Zoila Salinas
Tink-a-Tako - Potranco,Rosa Compean,203,20,,2,9/29/25 11:48 AM,9/29/25 11:51 AM,3 minutes and 3 seconds,Zoila Salinas
Tink-a-Tako - Potranco,Maria Majana,193,9,,2,9/29/25 11:41 AM,9/29/25 11:51 AM,10 minutes,Zoila Salinas
Tink-a-Tako - Potranco,Maria Majana,185,23,,2,9/29/25 11:35 AM,9/29/25 11:51 AM,16 minutes and 12 seconds,Zoila Salinas
Tink-a-Tako - Potranco,Silvia Hernandez,194,24,,2,9/29/25 11:40 AM,9/29/25 11:54 AM,13 minutes and 42 seconds,Zoila Salinas
Tink-a-Tako - Potranco,Maria Majana,200,8,,2,9/29/25 11:45 AM,9/29/25 11:54 AM,9 minutes and 3 seconds,Zoila Salinas
Tink-a-Tako - Potranco,Candy  Del angel ,207,,Lobby,,9/29/25 11:51 AM,9/29/25 11:54 AM,2 minutes and 53 seconds,Mayra Luna
Tink-a-Tako - Potranco,Candy  Del angel ,208,,Lobby,,9/29/25 11:51 AM,9/29/25 11:54 AM,2 minutes and 39 seconds,Mayra Luna
Tink-a-Tako - Potranco,Candy  Del angel ,210,,Lobby,,9/29/25 11:53 AM,9/29/25 11:55 AM,2 minutes and 28 seconds,Mayra Luna
Tink-a-Tako - Potranco,Silvia Hernandez,205,33,Lobby,,9/29/25 11:48 AM,9/29/25 11:55 AM,7 minutes and 38 seconds,Mayra Luna
Tink-a-Tako - Potranco,Silvia Hernandez,205,33,Tortillero,,9/29/25 11:48 AM,9/29/25 11:55 AM,7 minutes and 38 seconds,Mayra Luna
Tink-a-Tako - Potranco,Silvia Hernandez,205,33,Prep,,9/29/25 11:48 AM,9/29/25 11:55 AM,7 minutes and 38 seconds,Mayra Luna
Tink-a-Tako - Potranco,Candy  Del angel ,206,,Lobby,,9/29/25 11:49 AM,9/29/25 11:57 AM,8 minutes and 25 seconds,Mayra Luna
Tink-a-Tako - Potranco,Candy  Del angel ,209,,Lobby,,9/29/25 11:52 AM,9/29/25 11:58 AM,5 minutes and 50 seconds,Mayra Luna
Tink-a-Tako - Potranco,Silvia Hernandez,214,25,Lobby,,9/29/25 11:59 AM,9/29/25 12:00 PM,1 minute and 1 second,Mayra Luna
Tink-a-Tako - Potranco,Rosa Compean,203,20,Lobby,,9/29/25 12:01 PM,9/29/25 12:02 PM,39 seconds,Mayra Luna
Tink-a-Tako - Potranco,Rosa Compean,203,20,Prep,,9/29/25 12:01 PM,9/29/25 12:02 PM,39 seconds,Mayra Luna
Tink-a-Tako - Potranco,Ivana Abundiz,217,,Lobby,,9/29/25 12:02 PM,9/29/25 12:05 PM,3 minutes and 1 second,Mayra Luna
Tink-a-Tako - Potranco,Maria Majana,211,38,Lobby,,9/29/25 12:01 PM,9/29/25 12:05 PM,4 minutes and 41 seconds,Mayra Luna
Tink-a-Tako - Potranco,Maria Majana,211,38,Tortillero,,9/29/25 12:01 PM,9/29/25 12:05 PM,4 minutes and 41 seconds,Mayra Luna
Tink-a-Tako - Potranco,Maria Majana,211,38,Prep,,9/29/25 12:01 PM,9/29/25 12:05 PM,4 minutes and 41 seconds,Mayra Luna
Tink-a-Tako - Potranco,Silvia Hernandez,205,33,,2,9/29/25 11:55 AM,9/29/25 12:08 PM,12 minutes and 19 seconds,Zoila Salinas
Tink-a-Tako - Potranco,Silvia Hernandez,214,25,,2,9/29/25 12:00 PM,9/29/25 12:08 PM,7 minutes and 58 seconds,Zoila Salinas
Tink-a-Tako - Potranco,Maria Majana,211,38,,2,9/29/25 12:05 PM,9/29/25 12:08 PM,2 minutes and 27 seconds,Zoila Salinas
Tink-a-Tako - Potranco,Silvia Hernandez,218,22,Lobby,,9/29/25 12:04 PM,9/29/25 12:09 PM,4 minutes and 38 seconds,Mayra Luna
Tink-a-Tako - Potranco,Silvia Hernandez,218,22,Tortillero,,9/29/25 12:04 PM,9/29/25 12:09 PM,4 minutes and 38 seconds,Mayra Luna
Tink-a-Tako - Potranco,Silvia Hernandez,218,22,Prep,,9/29/25 12:04 PM,9/29/25 12:09 PM,4 minutes and 38 seconds,Mayra Luna
Tink-a-Tako - Potranco,Candy  Del angel ,220,,Lobby,,9/29/25 12:06 PM,9/29/25 12:09 PM,2 minutes and 44 seconds,Mayra Luna
Tink-a-Tako - Potranco,Candy  Del angel ,212,,Lobby,,9/29/25 11:58 AM,9/29/25 12:09 PM,10 minutes and 49 seconds,Mayra Luna
Tink-a-Tako - Potranco,Rosa Compean,215,10,Lobby,,9/29/25 12:00 PM,9/29/25 12:12 PM,12 minutes and 17 seconds,Mayra Luna
Tink-a-Tako - Potranco,Rosa Compean,215,10,Tortillero,,9/29/25 12:00 PM,9/29/25 12:12 PM,12 minutes and 17 seconds,Mayra Luna
Tink-a-Tako - Potranco,Rosa Compean,215,10,Prep,,9/29/25 12:00 PM,9/29/25 12:12 PM,12 minutes and 17 seconds,Mayra Luna
Tink-a-Tako - Potranco,Rosa Compean,215,10,,2,9/29/25 12:12 PM,9/29/25 12:12 PM,2 seconds,Zoila Salinas
Tink-a-Tako - Potranco,Rosa Compean,203,20,,2,9/29/25 12:02 PM,9/29/25 12:12 PM,10 minutes and 49 seconds,Zoila Salinas
Tink-a-Tako - Potranco,Rosa Compean,204,37,Lobby,,9/29/25 11:47 AM,9/29/25 12:12 PM,25 minutes and 37 seconds,Mayra Luna
Tink-a-Tako - Potranco,Silvia Hernandez,218,22,,2,9/29/25 12:09 PM,9/29/25 12:14 PM,5 minutes and 25 seconds,Zoila Salinas
Tink-a-Tako - Potranco,Silvia Hernandez,223,24,Lobby,,9/29/25 12:11 PM,9/29/25 12:14 PM,3 minutes and 8 seconds,Mayra Luna
Tink-a-Tako - Potranco,Ivana Abundiz,217,,,2,9/29/25 12:05 PM,9/29/25 12:14 PM,8 minutes and 57 seconds,Zoila Salinas
Tink-a-Tako - Potranco,Rosa Compean,204,37,,2,9/29/25 12:12 PM,9/29/25 12:14 PM,1 minute and 31 seconds,Zoila Salinas
Tink-a-Tako - Potranco,Maria Majana,219,9,Lobby,,9/29/25 12:09 PM,9/29/25 12:14 PM,4 minutes and 37 seconds,Mayra Luna
Tink-a-Tako - Potranco,Rosa Compean,188,17,Lobby,,9/29/25 12:11 PM,9/29/25 12:14 PM,3 minutes and 30 seconds,Mayra Luna
Tink-a-Tako - Potranco,Rosa Compean,188,17,Tortillero,,9/29/25 12:11 PM,9/29/25 12:14 PM,3 minutes and 30 seconds,Mayra Luna
Tink-a-Tako - Potranco,Rosa Compean,188,17,Prep,,9/29/25 12:11 PM,9/29/25 12:14 PM,3 minutes and 30 seconds,Mayra Luna
Tink-a-Tako - Potranco,Ivana Abundiz,221,,Lobby,,9/29/25 12:07 PM,9/29/25 12:15 PM,7 minutes and 49 seconds,Mayra Luna
Tink-a-Tako - Potranco,Ivana Abundiz,225,,Prep,,9/29/25 12:13 PM,9/29/25 12:15 PM,2 minutes and 28 seconds,Mayra Luna
Tink-a-Tako - Potranco,Ivana Abundiz,225,,Lobby,,9/29/25 12:13 PM,9/29/25 12:15 PM,2 minutes and 28 seconds,Mayra Luna
Tink-a-Tako - Potranco,Ivana Abundiz,224,,Lobby,,9/29/25 12:12 PM,9/29/25 12:16 PM,3 minutes and 24 seconds,Mayra Luna
Tink-a-Tako - Potranco,Ivana Abundiz,224,,Prep,,9/29/25 12:12 PM,9/29/25 12:16 PM,3 minutes and 24 seconds,Mayra Luna
Tink-a-Tako - Potranco,Ivana Abundiz,227,,Prep,,9/29/25 12:13 PM,9/29/25 12:17 PM,3 minutes and 5 seconds,Mayra Luna
Tink-a-Tako - Potranco,Ivana Abundiz,227,,Lobby,,9/29/25 12:13 PM,9/29/25 12:17 PM,3 minutes and 5 seconds,Mayra Luna
Tink-a-Tako - Potranco,Ivana Abundiz,228,,Prep,,9/29/25 12:14 PM,9/29/25 12:18 PM,4 minutes and 15 seconds,Mayra Luna
Tink-a-Tako - Potranco,Ivana Abundiz,228,,Lobby,,9/29/25 12:14 PM,9/29/25 12:18 PM,4 minutes and 15 seconds,Mayra Luna
Tink-a-Tako - Potranco,Ivana Abundiz,228,,Tortillero,,9/29/25 12:14 PM,9/29/25 12:18 PM,4 minutes and 15 seconds,Mayra Luna
Tink-a-Tako - Potranco,Rosa Compean,229,18,Lobby,,9/29/25 12:17 PM,9/29/25 12:21 PM,4 minutes and 9 seconds,Mayra Luna
Tink-a-Tako - Potranco,Candy  Del angel ,230,,Lobby,,9/29/25 12:18 PM,9/29/25 12:21 PM,3 minutes and 41 seconds,Mayra Luna
Tink-a-Tako - Potranco,Ivana Abundiz,233,,Lobby,,9/29/25 12:19 PM,9/29/25 12:24 PM,4 minutes and 55 seconds,Mayra Luna
Tink-a-Tako - Potranco,Candy  Del angel ,231,,Lobby,,9/29/25 12:18 PM,9/29/25 12:24 PM,6 minutes and 4 seconds,Mayra Luna
Tink-a-Tako - Potranco,Candy  Del angel ,222,,Lobby,,9/29/25 12:11 PM,9/29/25 12:24 PM,13 minutes and 11 seconds,Mayra Luna
Tink-a-Tako - Potranco,Candy  Del angel ,232,,Lobby,,9/29/25 12:22 PM,9/29/25 12:24 PM,2 minutes and 50 seconds,Mayra Luna
Tink-a-Tako - Potranco,Silvia Hernandez,236,7,Lobby,,9/29/25 12:27 PM,9/29/25 12:28 PM,24 seconds,Mayra Luna
Tink-a-Tako - Potranco,Maria Majana,235,39,Lobby,,9/29/25 12:28 PM,9/29/25 12:29 PM,1 minute and 11 seconds,Mayra Luna
Tink-a-Tako - Potranco,Candy  Del angel ,232,,Lobby,,9/29/25 12:30 PM,9/29/25 12:32 PM,2 minutes and 1 second,Mayra Luna
Tink-a-Tako - Potranco,Candy  Del angel ,239,,Lobby,,9/29/25 12:30 PM,9/29/25 12:32 PM,1 minute and 32 seconds,Mayra Luna
Tink-a-Tako - Potranco,Rosa Compean,234,32,Lobby,,9/29/25 12:26 PM,9/29/25 12:33 PM,6 minutes and 43 seconds,Mayra Luna
Tink-a-Tako - Potranco,Rosa Compean,204,37,Lobby,,9/29/25 12:27 PM,9/29/25 12:33 PM,5 minutes and 18 seconds,Mayra Luna
Tink-a-Tako - Potranco,Candy  Del angel ,240,,Lobby,,9/29/25 12:31 PM,9/29/25 12:33 PM,2 minutes and 5 seconds,Mayra Luna
Tink-a-Tako - Potranco,Candy  Del angel ,243,,Lobby,,9/29/25 12:38 PM,9/29/25 12:38 PM,46 seconds,Mayra Luna
Tink-a-Tako - Potranco,Candy  Del angel ,231,,Lobby,,9/29/25 12:35 PM,9/29/25 12:40 PM,4 minutes and 56 seconds,Mayra Luna
Tink-a-Tako - Potranco,Maria Majana,238,25,Lobby,,9/29/25 12:31 PM,9/29/25 12:43 PM,11 minutes and 51 seconds,Mayra Luna
Tink-a-Tako - Potranco,Rosa Compean,245,33,Lobby,,9/29/25 12:41 PM,9/29/25 12:43 PM,2 minutes and 24 seconds,Mayra Luna
Tink-a-Tako - Potranco,Rosa Compean,245,33,Tortillero,,9/29/25 12:41 PM,9/29/25 12:43 PM,2 minutes and 24 seconds,Mayra Luna
Tink-a-Tako - Potranco,Rosa Compean,245,33,Prep,,9/29/25 12:41 PM,9/29/25 12:43 PM,2 minutes and 24 seconds,Mayra Luna
Tink-a-Tako - Potranco,Rosa Compean,245,33,,2,9/29/25 12:43 PM,9/29/25 12:46 PM,3 minutes and 21 seconds,Zoila Salinas
Tink-a-Tako - Potranco,Maria Majana,235,39,,2,9/29/25 12:29 PM,9/29/25 12:46 PM,17 minutes and 11 seconds,Zoila Salinas
Tink-a-Tako - Potranco,Ivana Abundiz,228,,,2,9/29/25 12:18 PM,9/29/25 12:47 PM,28 minutes and 10 seconds,Zoila Salinas
Tink-a-Tako - Potranco,Maria Majana,238,25,,2,9/29/25 12:43 PM,9/29/25 12:46 PM,3 minutes and 30 seconds,Zoila Salinas
Tink-a-Tako - Potranco,Rosa Compean,234,32,,2,9/29/25 12:33 PM,9/29/25 12:47 PM,13 minutes and 55 seconds,Zoila Salinas
Tink-a-Tako - Potranco,Rosa Compean,204,37,,2,9/29/25 12:33 PM,9/29/25 12:46 PM,13 minutes and 56 seconds,Zoila Salinas
Tink-a-Tako - Potranco,Silvia Hernandez,236,7,,2,9/29/25 12:28 PM,9/29/25 12:47 PM,18 minutes and 56 seconds,Zoila Salinas
Tink-a-Tako - Potranco,Rosa Compean,229,18,,2,9/29/25 12:21 PM,9/29/25 12:47 PM,25 minutes and 28 seconds,Zoila Salinas
Tink-a-Tako - Potranco,Ivana Abundiz,233,,,2,9/29/25 12:24 PM,9/29/25 12:47 PM,22 minutes and 44 seconds,Zoila Salinas
Tink-a-Tako - Potranco,Ivana Abundiz,224,,,2,9/29/25 12:16 PM,9/29/25 12:47 PM,31 minutes and 3 seconds,Zoila Salinas
Tink-a-Tako - Potranco,Ivana Abundiz,227,,,2,9/29/25 12:17 PM,9/29/25 12:47 PM,30 minutes and 2 seconds,Zoila Salinas
Tink-a-Tako - Potranco,Silvia Hernandez,223,24,,2,9/29/25 12:14 PM,9/29/25 12:47 PM,32 minutes and 38 seconds,Zoila Salinas
Tink-a-Tako - Potranco,Rosa Compean,188,17,,2,9/29/25 12:14 PM,9/29/25 12:47 PM,32 minutes and 33 seconds,Zoila Salinas
Tink-a-Tako - Potranco,Ivana Abundiz,225,,,2,9/29/25 12:15 PM,9/29/25 12:47 PM,31 minutes and 21 seconds,Zoila Salinas
Tink-a-Tako - Potranco,Maria Majana,219,9,,2,9/29/25 12:14 PM,9/29/25 12:47 PM,32 minutes and 38 seconds,Zoila Salinas
Tink-a-Tako - Potranco,Ivana Abundiz,221,,,2,9/29/25 12:15 PM,9/29/25 12:47 PM,31 minutes and 42 seconds,Zoila Salinas
Tink-a-Tako - Potranco,Rosie  ORDONEZ,249,3,Lobby,,9/29/25 12:47 PM,9/29/25 12:50 PM,2 minutes and 16 seconds,Mayra Luna
Tink-a-Tako - Potranco,Rosie  ORDONEZ,249,3,Prep,,9/29/25 12:47 PM,9/29/25 12:50 PM,2 minutes and 16 seconds,Mayra Luna
Tink-a-Tako - Potranco,Candy  Del angel ,247,,Lobby,,9/29/25 12:46 PM,9/29/25 12:51 PM,5 minutes and 22 seconds,Mayra Luna
Tink-a-Tako - Potranco,Silvia Hernandez,250,17,Lobby,,9/29/25 12:48 PM,9/29/25 12:52 PM,3 minutes and 39 seconds,Mayra Luna
Tink-a-Tako - Potranco,Candy  Del angel ,251,,Lobby,,9/29/25 12:52 PM,9/29/25 12:55 PM,3 minutes and 1 second,Mayra Luna
Tink-a-Tako - Potranco,Ivana Abundiz,255,,Lobby,,9/29/25 12:55 PM,9/29/25 12:56 PM,50 seconds,Mayra Luna
Tink-a-Tako - Potranco,Rosie  ORDONEZ,249,3,Lobby,,9/29/25 12:57 PM,9/29/25 12:57 PM,34 seconds,Mayra Luna
Tink-a-Tako - Potranco,Silvia Hernandez,256,9,Lobby,,9/29/25 12:58 PM,9/29/25 1:00 PM,2 minutes and 31 seconds,Mayra Luna
Tink-a-Tako - Potranco,Rosa Compean,254,22,Lobby,,9/29/25 12:54 PM,9/29/25 1:02 PM,7 minutes and 49 seconds,Mayra Luna
Tink-a-Tako - Potranco,Rosa Compean,254,22,Tortillero,,9/29/25 12:54 PM,9/29/25 1:02 PM,7 minutes and 49 seconds,Mayra Luna
Tink-a-Tako - Potranco,Rosa Compean,254,22,Prep,,9/29/25 12:54 PM,9/29/25 1:02 PM,7 minutes and 49 seconds,Mayra Luna
Tink-a-Tako - Potranco,Candy  Del angel ,257,,Lobby,,9/29/25 12:59 PM,9/29/25 1:03 PM,3 minutes and 41 seconds,Mayra Luna
Tink-a-Tako - Potranco,Rosie  ORDONEZ,249,3,,2,9/29/25 12:50 PM,9/29/25 1:03 PM,13 minutes and 24 seconds,Zoila Salinas
Tink-a-Tako - Potranco,Silvia Hernandez,250,17,,2,9/29/25 12:52 PM,9/29/25 1:03 PM,10 minutes and 59 seconds,Zoila Salinas
Tink-a-Tako - Potranco,Rosa Compean,253,11,Lobby,,9/29/25 12:54 PM,9/29/25 1:05 PM,11 minutes and 10 seconds,Mayra Luna
Tink-a-Tako - Potranco,Rosa Compean,253,11,Tortillero,,9/29/25 12:54 PM,9/29/25 1:05 PM,11 minutes and 10 seconds,Mayra Luna
Tink-a-Tako - Potranco,Rosa Compean,253,11,Prep,,9/29/25 12:54 PM,9/29/25 1:05 PM,11 minutes and 10 seconds,Mayra Luna
Tink-a-Tako - Potranco,Lizeth Alonso,259,,Lobby,,9/29/25 1:02 PM,9/29/25 1:05 PM,3 minutes and 4 seconds,Mayra Luna
Tink-a-Tako - Potranco,Lizeth Alonso,258,,Lobby,,9/29/25 1:04 PM,9/29/25 1:06 PM,1 minute and 37 seconds,Mayra Luna
Tink-a-Tako - Potranco,Maria Majana,211,38,Lobby,,9/29/25 1:08 PM,9/29/25 1:08 PM,20 seconds,Mayra Luna
Tink-a-Tako - Potranco,Ivana Abundiz,86,,Lobby,,9/29/25 1:01 PM,9/29/25 1:10 PM,9 minutes and 9 seconds,Mayra Luna
Tink-a-Tako - Potranco,Lizeth Alonso,261,,Lobby,,9/29/25 1:07 PM,9/29/25 1:11 PM,3 minutes and 5 seconds,Mayra Luna
Tink-a-Tako - Potranco,Lizeth Alonso,260,,Prep,,9/29/25 1:05 PM,9/29/25 1:12 PM,7 minutes and 17 seconds,Mayra Luna
Tink-a-Tako - Potranco,Lizeth Alonso,260,,Lobby,,9/29/25 1:05 PM,9/29/25 1:12 PM,7 minutes and 17 seconds,Mayra Luna
Tink-a-Tako - Potranco,Lizeth Alonso,260,,Tortillero,,9/29/25 1:05 PM,9/29/25 1:12 PM,7 minutes and 17 seconds,Mayra Luna
Tink-a-Tako - Potranco,Lizeth Alonso,267,,Lobby,,9/29/25 1:12 PM,9/29/25 1:13 PM,35 seconds,Mayra Luna
Tink-a-Tako - Potranco,Maria Majana,262,36,Lobby,,9/29/25 1:13 PM,9/29/25 1:18 PM,5 minutes and 18 seconds,Mayra Luna
Tink-a-Tako - Potranco,Maria Majana,262,36,Tortillero,,9/29/25 1:13 PM,9/29/25 1:18 PM,5 minutes and 18 seconds,Mayra Luna
Tink-a-Tako - Potranco,Maria Majana,262,36,Prep,,9/29/25 1:13 PM,9/29/25 1:18 PM,5 minutes and 18 seconds,Mayra Luna
Tink-a-Tako - Potranco,Rosa Compean,266,18,Lobby,,9/29/25 1:14 PM,9/29/25 1:20 PM,6 minutes and 24 seconds,Mayra Luna
Tink-a-Tako - Potranco,Rosa Compean,269,7,Lobby,,9/29/25 1:15 PM,9/29/25 1:23 PM,8 minutes and 18 seconds,Mayra Luna
Tink-a-Tako - Potranco,Rosa Compean,269,7,Tortillero,,9/29/25 1:15 PM,9/29/25 1:23 PM,8 minutes and 18 seconds,Mayra Luna
Tink-a-Tako - Potranco,Silvia Hernandez,268,23,Lobby,,9/29/25 1:13 PM,9/29/25 1:23 PM,10 minutes and 6 seconds,Mayra Luna
Tink-a-Tako - Potranco,Silvia Hernandez,270,19,Lobby,,9/29/25 1:19 PM,9/29/25 1:23 PM,3 minutes and 57 seconds,Mayra Luna
Tink-a-Tako - Potranco,Rosa Compean,269,7,Prep,,9/29/25 1:15 PM,9/29/25 1:23 PM,8 minutes and 18 seconds,Mayra Luna
Tink-a-Tako - Potranco,Rosa Compean,271,32,Lobby,,9/29/25 1:19 PM,9/29/25 1:23 PM,3 minutes and 48 seconds,Mayra Luna
Tink-a-Tako - Potranco,Lizeth Alonso,272,,Lobby,,9/29/25 1:20 PM,9/29/25 1:24 PM,3 minutes and 34 seconds,Mayra Luna
Tink-a-Tako - Potranco,Maria Majana,262,36,,2,9/29/25 1:18 PM,9/29/25 1:26 PM,7 minutes and 58 seconds,Zoila Salinas
Tink-a-Tako - Potranco,Lizeth Alonso,273,,Lobby,,9/29/25 1:24 PM,9/29/25 1:28 PM,4 minutes and 11 seconds,Mayra Luna
Tink-a-Tako - Potranco,Rosa Compean,269,7,Lobby,,9/29/25 1:29 PM,9/29/25 1:30 PM,1 minute and 2 seconds,Mayra Luna
Tink-a-Tako - Potranco,Silvia Hernandez,274,38,Lobby,,9/29/25 1:30 PM,9/29/25 1:33 PM,2 minutes and 36 seconds,Mayra Luna
Tink-a-Tako - Potranco,Lizeth Alonso,278,,Lobby,,9/29/25 1:35 PM,9/29/25 1:39 PM,4 minutes and 38 seconds,Mayra Luna
Tink-a-Tako - Potranco,Lizeth Alonso,278,,Tortillero,,9/29/25 1:35 PM,9/29/25 1:39 PM,4 minutes and 38 seconds,Mayra Luna
Tink-a-Tako - Potranco,Sergio Abundiz,280,20,Lobby,,9/29/25 1:35 PM,9/29/25 1:42 PM,6 minutes and 31 seconds,Mayra Luna
Tink-a-Tako - Potranco,Lizeth Alonso,275,,Lobby,,9/29/25 1:31 PM,9/29/25 1:42 PM,11 minutes and 8 seconds,Mayra Luna
Tink-a-Tako - Potranco,Lizeth Alonso,281,,Lobby,,9/29/25 1:44 PM,9/29/25 1:49 PM,5 minutes and 42 seconds,Mayra Luna
Tink-a-Tako - Potranco,Lizeth Alonso,284,,Lobby,,9/29/25 1:53 PM,9/29/25 1:57 PM,3 minutes and 45 seconds,Mayra Luna
Tink-a-Tako - Potranco,Silvia Hernandez,270,19,,2,9/29/25 1:23 PM,9/29/25 2:02 PM,38 minutes and 53 seconds,Zoila Salinas
Tink-a-Tako - Potranco,Rosa Compean,271,32,,2,9/29/25 1:23 PM,9/29/25 2:02 PM,38 minutes and 49 seconds,Zoila Salinas
Tink-a-Tako - Potranco,Rosa Compean,269,7,,2,9/29/25 1:23 PM,9/29/25 2:02 PM,38 minutes and 55 seconds,Zoila Salinas
Tink-a-Tako - Potranco,Rosa Compean,269,7,,2,9/29/25 1:30 PM,9/29/25 2:02 PM,31 minutes and 36 seconds,Zoila Salinas
Tink-a-Tako - Potranco,Sergio Abundiz,280,20,,2,9/29/25 1:42 PM,9/29/25 2:02 PM,20 minutes and 19 seconds,Zoila Salinas
Tink-a-Tako - Potranco,Silvia Hernandez,274,38,,2,9/29/25 1:33 PM,9/29/25 2:02 PM,29 minutes,Zoila Salinas
Tink-a-Tako - Potranco,Silvia Hernandez,268,23,,2,9/29/25 1:23 PM,9/29/25 2:02 PM,39 minutes and 4 seconds,Zoila Salinas
Tink-a-Tako - Potranco,Sergio Abundiz,285,3,Lobby,,9/29/25 1:59 PM,9/29/25 2:02 PM,3 minutes and 33 seconds,Mayra Luna
Tink-a-Tako - Potranco,Sergio Abundiz,285,3,Tortillero,,9/29/25 1:59 PM,9/29/25 2:02 PM,3 minutes and 33 seconds,Mayra Luna
Tink-a-Tako - Potranco,Rosa Compean,266,18,,2,9/29/25 1:20 PM,9/29/25 2:02 PM,41 minutes and 59 seconds,Zoila Salinas
Tink-a-Tako - Potranco,Lizeth Alonso,286,,Lobby,,9/29/25 2:00 PM,9/29/25 2:03 PM,3 minutes and 27 seconds,Mayra Luna
Tink-a-Tako - Potranco,Lizeth Alonso,289,,Lobby,,9/29/25 2:06 PM,9/29/25 2:11 PM,4 minutes and 14 seconds,Mayra Luna
Tink-a-Tako - Potranco,Sergio Abundiz,288,25,Lobby,,9/29/25 2:04 PM,9/29/25 2:14 PM,9 minutes and 39 seconds,Mayra Luna
Tink-a-Tako - Potranco,Sergio Abundiz,288,25,Tortillero,,9/29/25 2:04 PM,9/29/25 2:14 PM,9 minutes and 39 seconds,Mayra Luna
Tink-a-Tako - Potranco,Sergio Abundiz,288,25,Prep,,9/29/25 2:04 PM,9/29/25 2:14 PM,9 minutes and 39 seconds,Mayra Luna
Tink-a-Tako - Potranco,Lizeth Alonso,287,,Lobby,,9/29/25 2:01 PM,9/29/25 2:16 PM,14 minutes and 38 seconds,Mayra Luna
Tink-a-Tako - Potranco,Isabel Cisneros,290,33,Lobby,,9/29/25 2:15 PM,9/29/25 2:17 PM,2 minutes and 15 seconds,Mayra Luna
Tink-a-Tako - Potranco,Lizeth Alonso,291,,Lobby,,9/29/25 2:19 PM,9/29/25 2:24 PM,4 minutes and 54 seconds,Mayra Luna
Tink-a-Tako - Potranco,Sergio Abundiz,294,24,Lobby,,9/29/25 2:28 PM,9/29/25 2:36 PM,8 minutes and 26 seconds,Mayra Luna
Tink-a-Tako - Potranco,Sergio Abundiz,294,24,Tortillero,,9/29/25 2:28 PM,9/29/25 2:36 PM,8 minutes and 26 seconds,Mayra Luna
Tink-a-Tako - Potranco,Ivana Abundiz,86,,,2,9/29/25 1:10 PM,9/29/25 2:38 PM,"1 hour, 27 minutes and 21 seconds",Zoila Salinas
Tink-a-Tako - Potranco,Maria Majana,211,38,,2,9/29/25 1:08 PM,9/29/25 2:38 PM,"1 hour, 29 minutes and 24 seconds",Zoila Salinas
Tink-a-Tako - Potranco,Ivana Abundiz,255,,,2,9/29/25 12:56 PM,9/29/25 2:38 PM,"1 hour, 42 minutes and 4 seconds",Zoila Salinas
Tink-a-Tako - Potranco,Rosa Compean,254,22,,2,9/29/25 1:02 PM,9/29/25 2:38 PM,"1 hour, 35 minutes and 39 seconds",Zoila Salinas
Tink-a-Tako - Potranco,Isabel Cisneros,295,23,Lobby,,9/29/25 2:30 PM,9/29/25 2:38 PM,7 minutes and 39 seconds,Mayra Luna
Tink-a-Tako - Potranco,Isabel Cisneros,295,23,Tortillero,,9/29/25 2:30 PM,9/29/25 2:38 PM,7 minutes and 39 seconds,Mayra Luna
Tink-a-Tako - Potranco,Lizeth Alonso,292,,Lobby,,9/29/25 2:27 PM,9/29/25 2:38 PM,11 minutes and 2 seconds,Mayra Luna
Tink-a-Tako - Potranco,Isabel Cisneros,295,23,Prep,,9/29/25 2:30 PM,9/29/25 2:38 PM,7 minutes and 39 seconds,Mayra Luna
Tink-a-Tako - Potranco,Rosa Compean,253,11,,2,9/29/25 1:05 PM,9/29/25 2:40 PM,"1 hour, 35 minutes and 38 seconds",Zoila Salinas
Tink-a-Tako - Potranco,Rosie  ORDONEZ,249,3,,2,9/29/25 12:57 PM,9/29/25 2:41 PM,"1 hour, 43 minutes and 18 seconds",Zoila Salinas
Tink-a-Tako - Potranco,Lizeth Alonso,297,,Lobby,,9/29/25 2:38 PM,9/29/25 2:45 PM,7 minutes and 3 seconds,Mayra Luna
Tink-a-Tako - Potranco,Lizeth Alonso,297,,Tortillero,,9/29/25 2:38 PM,9/29/25 2:45 PM,7 minutes and 3 seconds,Mayra Luna
Tink-a-Tako - Potranco,Sergio Abundiz,296,17,Lobby,,9/29/25 2:36 PM,9/29/25 2:46 PM,9 minutes and 10 seconds,Mayra Luna
Tink-a-Tako - Potranco,Lizeth Alonso,298,,Lobby,,9/29/25 2:42 PM,9/29/25 2:46 PM,3 minutes and 41 seconds,Mayra Luna
Tink-a-Tako - Potranco,Lizeth Alonso,299,,Lobby,,9/29/25 2:49 PM,9/29/25 2:54 PM,4 minutes and 48 seconds,Mayra Luna
Tink-a-Tako - Potranco,Lizeth Alonso,300,,Lobby,,9/29/25 2:51 PM,9/29/25 2:55 PM,3 minutes and 52 seconds,Mayra Luna
Tink-a-Tako - Potranco,Lizeth Alonso,300,,Lobby,,9/29/25 2:50 PM,9/29/25 2:55 PM,5 minutes and 2 seconds,Mayra Luna
Tink-a-Tako - Potranco,Lizeth Alonso,301,,Lobby,,9/29/25 2:52 PM,9/29/25 2:55 PM,3 minutes and 20 seconds,Mayra Luna
Tink-a-Tako - Potranco,Lizeth Alonso,263,,Lobby,,9/29/25 3:01 PM,9/29/25 3:05 PM,4 minutes and 30 seconds,Mayra Luna
Tink-a-Tako - Potranco,Isabel Cisneros,302,8,Lobby,,9/29/25 2:56 PM,9/29/25 3:07 PM,10 minutes and 12 seconds,Mayra Luna
Tink-a-Tako - Potranco,Lizeth Alonso,303,,Lobby,,9/29/25 3:05 PM,9/29/25 3:07 PM,2 minutes and 51 seconds,Mayra Luna
Tink-a-Tako - Potranco,Isabel Cisneros,305,18,Lobby,,9/29/25 3:12 PM,9/29/25 3:16 PM,4 minutes and 48 seconds,Mayra Luna
Tink-a-Tako - Potranco,Sergio Abundiz,306,,Lobby,,9/29/25 3:14 PM,9/29/25 3:16 PM,2 minutes and 46 seconds,Mayra Luna
Tink-a-Tako - Potranco,Isabel Cisneros,308,38,,2,9/29/25 3:27 PM,9/29/25 3:27 PM,5 seconds,Zoila Salinas
Tink-a-Tako - Potranco,Lizeth Alonso,307,,Lobby,,9/29/25 3:22 PM,9/29/25 3:31 PM,9 minutes and 4 seconds,Mayra Luna
Tink-a-Tako - Potranco,Isabel Cisneros,308,38,Lobby,,9/29/25 3:24 PM,9/29/25 3:31 PM,7 minutes and 5 seconds,Mayra Luna
Tink-a-Tako - Potranco,Isabel Cisneros,295,23,Lobby,,9/29/25 3:27 PM,9/29/25 3:31 PM,4 minutes and 11 seconds,Mayra Luna
Tink-a-Tako - Potranco,Isabel Cisneros,295,23,Tortillero,,9/29/25 3:27 PM,9/29/25 3:31 PM,4 minutes and 11 seconds,Mayra Luna
Tink-a-Tako - Potranco,Isabel Cisneros,295,23,Prep,,9/29/25 3:27 PM,9/29/25 3:31 PM,4 minutes and 11 seconds,Mayra Luna
Tink-a-Tako - Potranco,Lizeth Alonso,309,,Lobby,,9/29/25 3:33 PM,9/29/25 3:39 PM,5 minutes and 45 seconds,Mayra Luna
Tink-a-Tako - Potranco,Lizeth Alonso,310,,Lobby,,9/29/25 3:34 PM,9/29/25 3:39 PM,5 minutes and 14 seconds,Mayra Luna
Tink-a-Tako - Potranco,Sergio Abundiz,311,25,Lobby,,9/29/25 3:46 PM,9/29/25 3:55 PM,9 minutes and 1 second,Mayra Luna
Tink-a-Tako - Potranco,Isabel Cisneros,312,33,Lobby,,9/29/25 3:54 PM,9/29/25 4:00 PM,6 minutes and 19 seconds,Mayra Luna
Tink-a-Tako - Potranco,Lizeth Alonso,313,,Lobby,,9/29/25 4:00 PM,9/29/25 4:04 PM,3 minutes and 47 seconds,Mayra Luna
Tink-a-Tako - Potranco,Lizeth Alonso,318,,Lobby,,9/29/25 4:03 PM,9/29/25 4:06 PM,3 minutes and 4 seconds,Mayra Luna
Tink-a-Tako - Potranco,Sergio Abundiz,314,9,Lobby,,9/29/25 4:01 PM,9/29/25 4:09 PM,8 minutes and 37 seconds,Mayra Luna
Tink-a-Tako - Potranco,Sergio Abundiz,314,9,Tortillero,,9/29/25 4:01 PM,9/29/25 4:09 PM,8 minutes and 37 seconds,Mayra Luna
Tink-a-Tako - Potranco,Sergio Abundiz,311,25,,2,9/29/25 3:55 PM,9/29/25 4:11 PM,16 minutes and 16 seconds,Zoila Salinas
Tink-a-Tako - Potranco,Isabel Cisneros,312,33,,2,9/29/25 4:00 PM,9/29/25 4:11 PM,11 minutes and 4 seconds,Zoila Salinas
Tink-a-Tako - Potranco,Isabel Cisneros,295,23,,2,9/29/25 3:31 PM,9/29/25 4:11 PM,40 minutes and 23 seconds,Zoila Salinas
Tink-a-Tako - Potranco,Sergio Abundiz,306,,,2,9/29/25 3:16 PM,9/29/25 4:11 PM,54 minutes and 55 seconds,Zoila Salinas
Tink-a-Tako - Potranco,Isabel Cisneros,308,38,,2,9/29/25 3:31 PM,9/29/25 4:11 PM,40 minutes and 26 seconds,Zoila Salinas
Tink-a-Tako - Potranco,Sergio Abundiz,314,9,,2,9/29/25 4:09 PM,9/29/25 4:11 PM,1 minute and 50 seconds,Zoila Salinas
Tink-a-Tako - Potranco,Isabel Cisneros,305,18,,2,9/29/25 3:16 PM,9/29/25 4:11 PM,55 minutes and 1 second,Zoila Salinas
Tink-a-Tako - Potranco,Isabel Cisneros,302,8,,2,9/29/25 3:07 PM,9/29/25 4:11 PM,"1 hour, 4 minutes and 42 seconds",Zoila Salinas
Tink-a-Tako - Potranco,Sergio Abundiz,294,24,,2,9/29/25 2:36 PM,9/29/25 4:11 PM,"1 hour, 34 minutes and 55 seconds",Zoila Salinas
Tink-a-Tako - Potranco,Sergio Abundiz,296,17,,2,9/29/25 2:46 PM,9/29/25 4:11 PM,"1 hour, 25 minutes and 43 seconds",Zoila Salinas
Tink-a-Tako - Potranco,Isabel Cisneros,290,33,,2,9/29/25 2:17 PM,9/29/25 4:11 PM,"1 hour, 54 minutes and 9 seconds",Zoila Salinas
Tink-a-Tako - Potranco,Lizeth Alonso,289,,,2,9/29/25 2:11 PM,9/29/25 4:11 PM,2 hours and 44 seconds,Zoila Salinas
Tink-a-Tako - Potranco,Isabel Cisneros,317,32,Lobby,,9/29/25 4:02 PM,9/29/25 4:12 PM,10 minutes and 39 seconds,Mayra Luna
Tink-a-Tako - Potranco,Lizeth Alonso,315,,Lobby,,9/29/25 4:03 PM,9/29/25 4:23 PM,20 minutes and 2 seconds,Mayra Luna
Tink-a-Tako - Potranco,Lizeth Alonso,319,,Lobby,,9/29/25 4:08 PM,9/29/25 4:23 PM,14 minutes and 43 seconds,Mayra Luna
Tink-a-Tako - Potranco,Lizeth Alonso,319,,Tortillero,,9/29/25 4:08 PM,9/29/25 4:23 PM,14 minutes and 43 seconds,Mayra Luna
Tink-a-Tako - Potranco,Lizeth Alonso,322,,Lobby,,9/29/25 4:22 PM,9/29/25 4:23 PM,1 minute and 16 seconds,Mayra Luna
Tink-a-Tako - Potranco,Sergio Abundiz,321,8,Lobby,,9/29/25 4:13 PM,9/29/25 4:26 PM,12 minutes and 57 seconds,Mayra Luna
Tink-a-Tako - Potranco,Sergio Abundiz,321,8,Tortillero,,9/29/25 4:13 PM,9/29/25 4:26 PM,12 minutes and 57 seconds,Mayra Luna
Tink-a-Tako - Potranco,Sergio Abundiz,321,8,Prep,,9/29/25 4:13 PM,9/29/25 4:26 PM,12 minutes and 57 seconds,Mayra Luna
Tink-a-Tako - Potranco,Lizeth Alonso,325,,Lobby,,9/29/25 4:29 PM,9/29/25 4:31 PM,1 minute and 32 seconds,Mayra Luna
Tink-a-Tako - Potranco,Mayra Luna,324,,Lobby,,9/29/25 4:28 PM,9/29/25 4:34 PM,5 minutes and 29 seconds,Mayra Luna
Tink-a-Tako - Potranco,Isabel Cisneros,327,21,Lobby,,9/29/25 4:31 PM,9/29/25 4:36 PM,5 minutes and 1 second,Mayra Luna
Tink-a-Tako - Potranco,Isabel Cisneros,327,21,Tortillero,,9/29/25 4:31 PM,9/29/25 4:36 PM,5 minutes and 1 second,Mayra Luna
Tink-a-Tako - Potranco,Isabel Cisneros,327,21,Prep,,9/29/25 4:31 PM,9/29/25 4:36 PM,5 minutes and 1 second,Mayra Luna
Tink-a-Tako - Potranco,Lizeth Alonso,323,,Lobby,,9/29/25 4:28 PM,9/29/25 4:42 PM,14 minutes and 29 seconds,Mayra Luna
Tink-a-Tako - Potranco,Sergio Abundiz,330,9,Lobby,,9/29/25 4:43 PM,9/29/25 4:48 PM,4 minutes and 40 seconds,Mayra Luna
Tink-a-Tako - Potranco,Lizeth Alonso,328,,Lobby,,9/29/25 4:39 PM,9/29/25 4:48 PM,9 minutes and 6 seconds,Mayra Luna
Tink-a-Tako - Potranco,Lizeth Alonso,332,,Lobby,,9/29/25 4:53 PM,9/29/25 4:55 PM,2 minutes and 39 seconds,Mayra Luna
Tink-a-Tako - Potranco,Lizeth Alonso,304,,Lobby,,9/29/25 4:50 PM,9/29/25 4:55 PM,5 minutes and 28 seconds,Mayra Luna
Tink-a-Tako - Potranco,Lizeth Alonso,329,,Lobby,,9/29/25 4:50 PM,9/29/25 4:55 PM,5 minutes and 48 seconds,Mayra Luna
Tink-a-Tako - Potranco,Sergio Abundiz,321,8,Lobby,,9/29/25 5:01 PM,9/29/25 5:05 PM,3 minutes and 16 seconds,Mayra Luna
Tink-a-Tako - Potranco,Sergio Abundiz,333,,Prep,,9/29/25 4:57 PM,9/29/25 5:10 PM,12 minutes and 54 seconds,Mayra Luna
Tink-a-Tako - Potranco,Sergio Abundiz,333,,Lobby,,9/29/25 4:57 PM,9/29/25 5:10 PM,12 minutes and 54 seconds,Mayra Luna
Tink-a-Tako - Potranco,Sergio Abundiz,333,,Tortillero,,9/29/25 4:57 PM,9/29/25 5:10 PM,12 minutes and 54 seconds,Mayra Luna
Tink-a-Tako - Potranco,Lizeth Alonso,337,,Lobby,,9/29/25 5:09 PM,9/29/25 5:15 PM,5 minutes and 5 seconds,Mayra Luna
Tink-a-Tako - Potranco,Lizeth Alonso,334,,Lobby,,9/29/25 5:07 PM,9/29/25 5:20 PM,12 minutes and 48 seconds,Mayra Luna
Tink-a-Tako - Potranco,Sergio Abundiz,336,,Lobby,,9/29/25 5:09 PM,9/29/25 5:20 PM,11 minutes and 26 seconds,Mayra Luna
Tink-a-Tako - Potranco,Sergio Abundiz,336,,Tortillero,,9/29/25 5:09 PM,9/29/25 5:20 PM,11 minutes and 26 seconds,Mayra Luna
Tink-a-Tako - Potranco,Sergio Abundiz,333,,,2,9/29/25 5:10 PM,9/29/25 5:21 PM,11 minutes and 33 seconds,Zoila Salinas
Tink-a-Tako - Potranco,Sergio Abundiz,330,9,,2,9/29/25 4:48 PM,9/29/25 5:21 PM,33 minutes and 25 seconds,Zoila Salinas
Tink-a-Tako - Potranco,Isabel Cisneros,317,32,,2,9/29/25 4:12 PM,9/29/25 5:21 PM,"1 hour, 9 minutes and 1 second",Zoila Salinas
Tink-a-Tako - Potranco,Mayra Luna,324,,,2,9/29/25 4:34 PM,9/29/25 5:21 PM,47 minutes and 23 seconds,Zoila Salinas
Tink-a-Tako - Potranco,Isabel Cisneros,327,21,,2,9/29/25 4:36 PM,9/29/25 5:21 PM,45 minutes and 9 seconds,Zoila Salinas
Tink-a-Tako - Potranco,Sergio Abundiz,321,8,,2,9/29/25 4:26 PM,9/29/25 5:21 PM,55 minutes and 15 seconds,Zoila Salinas
Tink-a-Tako - Potranco,Lizeth Alonso,338,,Lobby,,9/29/25 5:15 PM,9/29/25 5:24 PM,8 minutes and 59 seconds,Mayra Luna
Tink-a-Tako - Potranco,Isabel Cisneros,341,23,Lobby,,9/29/25 5:17 PM,9/29/25 5:25 PM,8 minutes and 9 seconds,Mayra Luna
Tink-a-Tako - Potranco,Lizeth Alonso,340,,Lobby,,9/29/25 5:18 PM,9/29/25 5:29 PM,11 minutes and 7 seconds,Mayra Luna
Tink-a-Tako - Potranco,Sergio Abundiz,343,37,Lobby,,9/29/25 5:27 PM,9/29/25 5:31 PM,3 minutes and 48 seconds,Mayra Luna
Tink-a-Tako - Potranco,Lizeth Alonso,342,,Prep,,9/29/25 5:24 PM,9/29/25 5:35 PM,10 minutes and 17 seconds,Mayra Luna
Tink-a-Tako - Potranco,Lizeth Alonso,342,,Lobby,,9/29/25 5:24 PM,9/29/25 5:35 PM,10 minutes and 17 seconds,Mayra Luna
Tink-a-Tako - Potranco,Isabel Cisneros,344,35,Lobby,,9/29/25 5:31 PM,9/29/25 5:38 PM,6 minutes and 37 seconds,Mayra Luna
Tink-a-Tako - Potranco,Isabel Cisneros,344,35,Tortillero,,9/29/25 5:31 PM,9/29/25 5:38 PM,6 minutes and 37 seconds,Mayra Luna
Tink-a-Tako - Potranco,Isabel Cisneros,344,35,Prep,,9/29/25 5:31 PM,9/29/25 5:38 PM,6 minutes and 37 seconds,Mayra Luna
Tink-a-Tako - Potranco,Isabel Cisneros,312,33,Lobby,,9/29/25 5:40 PM,9/29/25 5:47 PM,6 minutes and 50 seconds,Mayra Luna
Tink-a-Tako - Potranco,Isabel Cisneros,346,22,Lobby,,9/29/25 5:47 PM,9/29/25 5:56 PM,8 minutes and 32 seconds,Mayra Luna
Tink-a-Tako - Potranco,Isabel Cisneros,346,22,Tortillero,,9/29/25 5:47 PM,9/29/25 5:56 PM,8 minutes and 32 seconds,Mayra Luna
Tink-a-Tako - Potranco,Isabel Cisneros,346,22,Prep,,9/29/25 5:47 PM,9/29/25 5:56 PM,8 minutes and 32 seconds,Mayra Luna
Tink-a-Tako - Potranco,Isabel Cisneros,344,35,Lobby,,9/29/25 5:54 PM,9/29/25 5:56 PM,1 minute and 47 seconds,Mayra Luna
Tink-a-Tako - Potranco,Sergio Abundiz,348,25,Lobby,,9/29/25 5:52 PM,9/29/25 5:58 PM,6 minutes and 18 seconds,Mayra Luna
Tink-a-Tako - Potranco,Sergio Abundiz,348,25,Prep,,9/29/25 5:52 PM,9/29/25 5:58 PM,6 minutes and 18 seconds,Mayra Luna
Tink-a-Tako - Potranco,Lizeth Alonso,345,,Lobby,,9/29/25 5:50 PM,9/29/25 6:04 PM,14 minutes and 16 seconds,Mayra Luna
Tink-a-Tako - Potranco,Lizeth Alonso,349,,Lobby,,9/29/25 5:58 PM,9/29/25 6:04 PM,5 minutes and 42 seconds,Mayra Luna
Tink-a-Tako - Potranco,Lizeth Alonso,349,,Prep,,9/29/25 5:58 PM,9/29/25 6:04 PM,5 minutes and 42 seconds,Mayra Luna
Tink-a-Tako - Potranco,Lizeth Alonso,349,,Tortillero,,9/29/25 5:58 PM,9/29/25 6:04 PM,5 minutes and 42 seconds,Mayra Luna
Tink-a-Tako - Potranco,Sergio Abundiz,351,24,Lobby,,9/29/25 6:01 PM,9/29/25 6:05 PM,4 minutes and 34 seconds,Mayra Luna
Tink-a-Tako - Potranco,Silvia Hernandez,256,9,,2,9/29/25 1:00 PM,9/29/25 6:10 PM,"5 hours, 9 minutes and 33 seconds",Zoila Salinas
Tink-a-Tako - Potranco,Sergio Abundiz,336,,,2,9/29/25 5:20 PM,9/29/25 6:10 PM,49 minutes and 41 seconds,Zoila Salinas
Tink-a-Tako - Potranco,Sergio Abundiz,285,3,,2,9/29/25 2:02 PM,9/29/25 6:10 PM,"4 hours, 7 minutes and 31 seconds",Zoila Salinas
Tink-a-Tako - Potranco,Sergio Abundiz,288,25,,2,9/29/25 2:14 PM,9/29/25 6:10 PM,"3 hours, 55 minutes and 56 seconds",Zoila Salinas
Tink-a-Tako - Potranco,Isabel Cisneros,341,23,,2,9/29/25 5:25 PM,9/29/25 6:10 PM,44 minutes and 13 seconds,Zoila Salinas
Tink-a-Tako - Potranco,Isabel Cisneros,295,23,,2,9/29/25 2:38 PM,9/29/25 6:10 PM,"3 hours, 31 minutes and 39 seconds",Zoila Salinas
Tink-a-Tako - Potranco,Isabel Cisneros,352,,Lobby,,9/29/25 6:08 PM,9/29/25 6:14 PM,5 minutes and 50 seconds,Mayra Luna
Tink-a-Tako - Potranco,Lizeth Alonso,353,,Lobby,,9/29/25 6:10 PM,9/29/25 6:14 PM,4 minutes and 7 seconds,Mayra Luna
Tink-a-Tako - Potranco,Lizeth Alonso,354,,Lobby,,9/29/25 6:12 PM,9/29/25 6:14 PM,2 minutes and 3 seconds,Mayra Luna
Tink-a-Tako - Potranco,Isabel Cisneros,346,22,,2,9/29/25 5:56 PM,9/29/25 6:21 PM,25 minutes and 37 seconds,Zoila Salinas
Tink-a-Tako - Potranco,Isabel Cisneros,352,,,2,9/29/25 6:14 PM,9/29/25 6:21 PM,7 minutes and 50 seconds,Zoila Salinas
Tink-a-Tako - Potranco,Sergio Abundiz,351,24,,2,9/29/25 6:05 PM,9/29/25 6:21 PM,16 minutes and 4 seconds,Zoila Salinas
Tink-a-Tako - Potranco,Isabel Cisneros,312,33,,2,9/29/25 5:47 PM,9/29/25 6:21 PM,34 minutes and 33 seconds,Zoila Salinas
Tink-a-Tako - Potranco,Isabel Cisneros,344,35,,2,9/29/25 5:56 PM,9/29/25 6:21 PM,25 minutes and 39 seconds,Zoila Salinas
Tink-a-Tako - Potranco,Sergio Abundiz,348,25,,2,9/29/25 5:58 PM,9/29/25 6:21 PM,23 minutes and 6 seconds,Zoila Salinas
Tink-a-Tako - Potranco,Sergio Abundiz,321,8,,2,9/29/25 5:05 PM,9/29/25 6:21 PM,"1 hour, 16 minutes and 48 seconds",Zoila Salinas
Tink-a-Tako - Potranco,Sergio Abundiz,343,37,,2,9/29/25 5:31 PM,9/29/25 6:21 PM,50 minutes and 55 seconds,Zoila Salinas
Tink-a-Tako - Potranco,Isabel Cisneros,344,35,,2,9/29/25 5:38 PM,9/29/25 6:21 PM,43 minutes and 20 seconds,Zoila Salinas
Tink-a-Tako - Potranco,Lizeth Alonso,358,,Lobby,,9/29/25 6:29 PM,9/29/25 6:33 PM,4 minutes and 22 seconds,Mayra Luna
Tink-a-Tako - Potranco,Isabel Cisneros,357,7,Lobby,,9/29/25 6:28 PM,9/29/25 6:37 PM,8 minutes and 41 seconds,Mayra Luna
Tink-a-Tako - Potranco,Isabel Cisneros,357,7,Tortillero,,9/29/25 6:28 PM,9/29/25 6:37 PM,8 minutes and 41 seconds,Mayra Luna
Tink-a-Tako - Potranco,Isabel Cisneros,357,7,Prep,,9/29/25 6:28 PM,9/29/25 6:37 PM,8 minutes and 41 seconds,Mayra Luna
Tink-a-Tako - Potranco,Lizeth Alonso,356,,Lobby,,9/29/25 6:19 PM,9/29/25 6:42 PM,22 minutes and 30 seconds,Mayra Luna
Tink-a-Tako - Potranco,Lizeth Alonso,359,,Lobby,,9/29/25 6:39 PM,9/29/25 6:44 PM,4 minutes and 39 seconds,Mayra Luna
Tink-a-Tako - Potranco,Lizeth Alonso,360,,Lobby,,9/29/25 6:40 PM,9/29/25 6:45 PM,4 minutes and 22 seconds,Mayra Luna
Tink-a-Tako - Potranco,Lizeth Alonso,361,,Lobby,,9/29/25 6:41 PM,9/29/25 6:46 PM,4 minutes and 50 seconds,Mayra Luna
Tink-a-Tako - Potranco,Sergio Abundiz,364,23,Lobby,,9/29/25 6:50 PM,9/29/25 6:59 PM,8 minutes and 9 seconds,Mayra Luna
Tink-a-Tako - Potranco,Sergio Abundiz,364,23,Tortillero,,9/29/25 6:50 PM,9/29/25 6:59 PM,8 minutes and 9 seconds,Mayra Luna
Tink-a-Tako - Potranco,Sergio Abundiz,364,23,Prep,,9/29/25 6:50 PM,9/29/25 6:59 PM,8 minutes and 9 seconds,Mayra Luna
Tink-a-Tako - Potranco,Sergio Abundiz,364,23,Lobby,,9/29/25 7:04 PM,9/29/25 7:06 PM,1 minute and 41 seconds,Mayra Luna
Tink-a-Tako - Potranco,Sergio Abundiz,364,23,Lobby,,9/29/25 7:04 PM,9/29/25 7:06 PM,2 minutes and 3 seconds,Mayra Luna
Tink-a-Tako - Potranco,Lizeth Alonso,365,,Lobby,,9/29/25 6:58 PM,9/29/25 7:06 PM,8 minutes and 1 second,Mayra Luna
Tink-a-Tako - Potranco,Isabel Cisneros,366,11,Lobby,,9/29/25 7:04 PM,9/29/25 7:13 PM,9 minutes and 12 seconds,Mayra Luna
Tink-a-Tako - Potranco,Sergio Abundiz,367,37,Lobby,,9/29/25 7:10 PM,9/29/25 7:22 PM,12 minutes and 54 seconds,Mayra Luna
Tink-a-Tako - Potranco,Lizeth Alonso,368,,Lobby,,9/29/25 7:16 PM,9/29/25 7:27 PM,10 minutes and 25 seconds,Mayra Luna
Tink-a-Tako - Potranco,Isabel Cisneros,366,11,Lobby,,9/29/25 7:23 PM,9/29/25 7:34 PM,10 minutes and 38 seconds,Mayra Luna
Tink-a-Tako - Potranco,Isabel Cisneros,373,32,Lobby,,9/29/25 7:33 PM,9/29/25 7:37 PM,3 minutes and 59 seconds,Mayra Luna
Tink-a-Tako - Potranco,Sergio Abundiz,370,33,Lobby,,9/29/25 7:30 PM,9/29/25 7:42 PM,11 minutes and 28 seconds,Mayra Luna
Tink-a-Tako - Potranco,Isabel Cisneros,371,31,Lobby,,9/29/25 7:31 PM,9/29/25 7:42 PM,10 minutes and 45 seconds,Mayra Luna
Tink-a-Tako - Potranco,Isabel Cisneros,371,31,Tortillero,,9/29/25 7:31 PM,9/29/25 7:42 PM,10 minutes and 45 seconds,Mayra Luna
Tink-a-Tako - Potranco,Isabel Cisneros,371,31,Prep,,9/29/25 7:31 PM,9/29/25 7:42 PM,10 minutes and 45 seconds,Mayra Luna
Tink-a-Tako - Potranco,Lizeth Alonso,372,,Prep,,9/29/25 7:33 PM,9/29/25 7:42 PM,8 minutes and 52 seconds,Mayra Luna
Tink-a-Tako - Potranco,Lizeth Alonso,372,,Lobby,,9/29/25 7:33 PM,9/29/25 7:42 PM,8 minutes and 52 seconds,Mayra Luna
Tink-a-Tako - Potranco,Lizeth Alonso,372,,Tortillero,,9/29/25 7:33 PM,9/29/25 7:42 PM,8 minutes and 52 seconds,Mayra Luna
Tink-a-Tako - Potranco,Lizeth Alonso,369,,Lobby,,9/29/25 7:28 PM,9/29/25 7:42 PM,13 minutes and 56 seconds,Mayra Luna
Tink-a-Tako - Potranco,Sergio Abundiz,364,23,,2,9/29/25 7:06 PM,9/29/25 7:43 PM,37 minutes and 34 seconds,Zoila Salinas
Tink-a-Tako - Potranco,Sergio Abundiz,364,23,,2,9/29/25 6:59 PM,9/29/25 7:43 PM,44 minutes and 44 seconds,Zoila Salinas
Tink-a-Tako - Potranco,Isabel Cisneros,366,11,,2,9/29/25 7:13 PM,9/29/25 7:43 PM,30 minutes and 31 seconds,Zoila Salinas
Tink-a-Tako - Potranco,Isabel Cisneros,366,11,,2,9/29/25 7:34 PM,9/29/25 7:43 PM,9 minutes and 54 seconds,Zoila Salinas
Tink-a-Tako - Potranco,Isabel Cisneros,357,7,,2,9/29/25 6:37 PM,9/29/25 7:43 PM,"1 hour, 6 minutes and 14 seconds",Zoila Salinas
Tink-a-Tako - Potranco,Sergio Abundiz,364,23,,2,9/29/25 7:06 PM,9/29/25 7:43 PM,37 minutes and 34 seconds,Zoila Salinas
Tink-a-Tako - Potranco,Sergio Abundiz,367,37,,2,9/29/25 7:22 PM,9/29/25 7:43 PM,20 minutes and 56 seconds,Zoila Salinas
Tink-a-Tako - Potranco,Sergio Abundiz,370,33,,2,9/29/25 7:42 PM,9/29/25 7:43 PM,1 minute and 45 seconds,Zoila Salinas
Tink-a-Tako - Potranco,Isabel Cisneros,373,32,,2,9/29/25 7:37 PM,9/29/25 7:43 PM,6 minutes and 6 seconds,Zoila Salinas
Tink-a-Tako - Potranco,Isabel Cisneros,371,31,,2,9/29/25 7:42 PM,9/29/25 7:43 PM,1 minute and 47 seconds,Zoila Salinas
Tink-a-Tako - Potranco,Sergio Abundiz,367,37,Lobby,,9/29/25 8:11 PM,9/29/25 8:12 PM,1 minute and 14 seconds,Mayra Luna
Tink-a-Tako - Potranco,Sergio Abundiz,367,37,Tortillero,,9/29/25 8:11 PM,9/29/25 8:12 PM,1 minute and 14 seconds,Mayra Luna
Tink-a-Tako - Potranco,Sergio Abundiz,367,37,Prep,,9/29/25 8:11 PM,9/29/25 8:12 PM,1 minute and 14 seconds,Mayra Luna
Tink-a-Tako - Potranco,Sergio Abundiz,375,25,Lobby,,9/29/25 7:57 PM,9/29/25 8:12 PM,14 minutes and 27 seconds,Mayra Luna
Tink-a-Tako - Potranco,Lizeth Alonso,374,,Lobby,,9/29/25 7:57 PM,9/29/25 8:15 PM,17 minutes and 12 seconds,Mayra Luna
Tink-a-Tako - Potranco,Lizeth Alonso,376,,Lobby,,9/29/25 8:09 PM,9/29/25 8:15 PM,5 minutes and 58 seconds,Mayra Luna
Tink-a-Tako - Potranco,Lizeth Alonso,377,,Lobby,,9/29/25 8:46 PM,9/29/25 8:55 PM,9 minutes and 3 seconds,Mayra Luna
Tink-a-Tako - Potranco,Lizeth Alonso,379,,Lobby,,9/29/25 8:50 PM,9/29/25 8:56 PM,6 minutes and 19 seconds,Mayra Luna
Tink-a-Tako - Potranco,Lizeth Alonso,378,,Lobby,,9/29/25 8:49 PM,9/29/25 8:56 PM,6 minutes and 50 seconds,Mayra Luna
Tink-a-Tako - Potranco,Sergio Abundiz,367,37,,2,9/29/25 8:12 PM,9/29/25 9:25 PM,"1 hour, 13 minutes and 38 seconds",Zoila Salinas
Tink-a-Tako - Potranco,Sergio Abundiz,375,25,,2,9/29/25 8:12 PM,9/29/25 9:25 PM,"1 hour, 13 minutes and 40 seconds",Zoila Salinas
