Location,Order #,Opened,# of Guests,Server,Table,Discount Amount,Amount,Tax,Tip,Gratuity
Tink-a-Tako - Potranco,2,9/29/25 6:21 AM,1,Candy  Del angel ,,0.00,10.42,0.86,0.00,0.00
Tink-a-Tako - Potranco,3,9/29/25 6:31 AM,1,Candy  Del angel ,,0.00,9.62,0.80,0.00,0.00
Tink-a-Tako - Potranco,4,9/29/25 6:34 AM,1,Candy  Del angel ,,0.00,3.98,0.33,0.00,0.00
Tink-a-Tako - Potranco,5,9/29/25 6:35 AM,1,Candy  Del angel ,,0.00,10.95,0.91,0.00,0.00
Tink-a-Tako - Potranco,6,9/29/25 6:35 AM,1,Candy  Del angel ,,0.00,3.58,0.30,0.00,0.00
Tink-a-Tako - Potranco,7,9/29/25 6:41 AM,1,Candy  Del angel ,,0.00,8.67,0.72,0.00,0.00
Tink-a-Tako - Potranco,8,9/29/25 6:42 AM,1,Candy  Del angel ,,0.00,5.37,0.44,0.00,0.00
Tink-a-Tako - Potranco,9,9/29/25 6:45 AM,1,Candy  Del angel ,,0.00,8.37,0.69,0.00,0.00
Tink-a-Tako - Potranco,11,9/29/25 6:51 AM,1,Candy  Del angel ,,0.00,4.28,0.36,0.00,0.00
Tink-a-Tako - Potranco,10,9/29/25 6:50 AM,1,Candy  Del angel ,,0.00,25.88,2.14,0.00,0.00
Tink-a-Tako - Potranco,12,9/29/25 6:57 AM,1,Candy  Del angel ,,0.00,26.37,2.17,0.00,0.00
Tink-a-Tako - Potranco,14,9/29/25 7:00 AM,1,Candy  Del angel ,,0.00,2.99,0.25,0.00,0.00
Tink-a-Tako - Potranco,16,9/29/25 7:02 AM,1,Candy  Del angel ,,0.00,18.57,1.53,4.00,0.00
Tink-a-Tako - Potranco,17,9/29/25 7:03 AM,1,Candy  Del angel ,,0.00,0.00,0.00,0.00,0.00
Tink-a-Tako - Potranco,18,9/29/25 7:08 AM,1,Candy  Del angel ,,0.00,3.83,0.32,1.00,0.00
Tink-a-Tako - Potranco,20,9/29/25 7:10 AM,2,Maria Majana,17,0.00,30.93,2.56,5.00,0.00
Tink-a-Tako - Potranco,21,9/29/25 7:10 AM,1,Candy  Del angel ,,0.00,5.68,0.46,0.00,0.00
Tink-a-Tako - Potranco,22,9/29/25 7:16 AM,2,Maria Majana,24,0.00,6.99,0.58,2.00,0.00
Tink-a-Tako - Potranco,23,9/29/25 7:20 AM,1,Candy  Del angel ,,0.00,8.26,0.69,0.00,0.00
Tink-a-Tako - Potranco,24,9/29/25 7:24 AM,1,Candy  Del angel ,,0.00,2.49,0.21,0.00,0.00
Tink-a-Tako - Potranco,25,9/29/25 7:26 AM,1,Maria Majana,,0.00,1.99,0.16,0.00,0.00
Tink-a-Tako - Potranco,26,9/29/25 7:26 AM,1,Candy  Del angel ,,0.00,7.79,0.64,0.00,0.00
Tink-a-Tako - Potranco,28,9/29/25 7:28 AM,1,Candy  Del angel ,,0.00,5.98,0.49,0.00,0.00
Tink-a-Tako - Potranco,29,9/29/25 7:28 AM,1,Candy  Del angel ,,1.00,5.97,0.49,0.00,0.00
Tink-a-Tako - Potranco,30,9/29/25 7:30 AM,1,Candy  Del angel ,,0.00,5.97,0.49,4.00,0.00
Tink-a-Tako - Potranco,31,9/29/25 7:31 AM,1,Candy  Del angel ,,0.00,22.64,1.86,0.00,0.00
Tink-a-Tako - Potranco,32,9/29/25 7:35 AM,1,Candy  Del angel ,,0.00,8.78,0.73,0.00,0.00
Tink-a-Tako - Potranco,33,9/29/25 7:35 AM,1,Candy  Del angel ,,0.00,12.45,1.03,1.00,0.00
Tink-a-Tako - Potranco,35,9/29/25 7:43 AM,1,Maria Majana,,0.00,11.34,0.93,2.00,0.00
Tink-a-Tako - Potranco,34,9/29/25 7:41 AM,1,Candy  Del angel ,,0.00,4.39,0.36,0.00,0.00
Tink-a-Tako - Potranco,37,9/29/25 7:45 AM,1,Maria Majana,32,0.00,23.41,1.93,4.00,0.00
Tink-a-Tako - Potranco,36,9/29/25 7:45 AM,1,Candy  Del angel ,,0.00,4.28,0.35,1.00,0.00
Tink-a-Tako - Potranco,38,9/29/25 7:47 AM,3,Maria Majana,25,0.00,32.94,2.72,6.59,0.00
Tink-a-Tako - Potranco,41,9/29/25 7:52 AM,1,Rosa Compean,,0.00,8.87,0.73,0.00,0.00
Tink-a-Tako - Potranco,39,9/29/25 7:48 AM,1,Maria Majana,,0.00,8.67,0.71,0.00,0.00
Tink-a-Tako - Potranco,42,9/29/25 7:53 AM,1,Maria Majana,,0.00,3.98,0.33,0.00,0.00
Tink-a-Tako - Potranco,43,9/29/25 7:53 AM,1,Candy  Del angel ,,0.00,21.31,1.75,0.00,0.00
Tink-a-Tako - Potranco,45,9/29/25 7:55 AM,1,Candy  Del angel ,,0.00,0.00,0.00,0.00,0.00
Tink-a-Tako - Potranco,46,9/29/25 7:56 AM,1,Candy  Del angel ,,0.00,5.98,0.49,0.00,0.00
Tink-a-Tako - Potranco,47,9/29/25 8:00 AM,1,Candy  Del angel ,,0.00,14.37,1.18,0.00,0.00
Tink-a-Tako - Potranco,48,9/29/25 8:01 AM,1,Candy  Del angel ,,0.00,3.78,0.31,0.00,0.00
Tink-a-Tako - Potranco,50,9/29/25 8:08 AM,1,Candy  Del angel ,,0.00,4.98,0.41,0.00,0.00
Tink-a-Tako - Potranco,51,9/29/25 8:10 AM,1,Candy  Del angel ,,0.00,5.77,0.47,2.00,0.00
Tink-a-Tako - Potranco,52,9/29/25 8:10 AM,1,Candy  Del angel ,,0.00,6.28,0.52,0.00,0.00
Tink-a-Tako - Potranco,53,9/29/25 8:12 AM,1,Candy  Del angel ,,0.00,3.98,0.32,0.00,0.00
Tink-a-Tako - Potranco,54,9/29/25 8:14 AM,1,Candy  Del angel ,,0.00,2.99,0.25,0.00,0.00
Tink-a-Tako - Potranco,55,9/29/25 8:16 AM,1,Candy  Del angel ,,0.00,3.98,0.33,0.00,0.00
Tink-a-Tako - Potranco,56,9/29/25 8:17 AM,1,Candy  Del angel ,,0.00,18.66,1.53,0.00,0.00
Tink-a-Tako - Potranco,58,9/29/25 8:26 AM,1,Candy  Del angel ,,0.00,9.79,0.81,0.00,0.00
Tink-a-Tako - Potranco,57,9/29/25 8:25 AM,2,Maria Majana,33,0.00,25.97,2.14,0.00,0.00
Tink-a-Tako - Potranco,60,9/29/25 8:29 AM,1,Rosa Compean,31,5.49,8.73,0.72,5.00,0.00
Tink-a-Tako - Potranco,61,9/29/25 8:31 AM,1,Silvia Hernandez,24,0.00,12.08,0.99,2.93,0.00
Tink-a-Tako - Potranco,59,9/29/25 8:26 AM,1,Candy  Del angel ,,0.00,16.78,1.38,0.00,0.00
Tink-a-Tako - Potranco,63,9/29/25 8:35 AM,1,Ivana Abundiz,,0.00,7.38,0.61,0.00,0.00
Tink-a-Tako - Potranco,64,9/29/25 8:36 AM,1,Ivana Abundiz,,0.00,7.97,0.65,0.00,0.00
Tink-a-Tako - Potranco,62,9/29/25 8:34 AM,1,Candy  Del angel ,,0.00,10.82,0.89,0.00,0.00
Tink-a-Tako - Potranco,65,9/29/25 8:39 AM,1,Candy  Del angel ,,0.00,1.99,0.16,0.00,0.00
Tink-a-Tako - Potranco,66,9/29/25 8:42 AM,1,Candy  Del angel ,,0.00,11.48,0.95,0.00,0.00
Tink-a-Tako - Potranco,67,9/29/25 8:43 AM,1,Candy  Del angel ,,0.00,13.98,1.15,0.00,0.00
Tink-a-Tako - Potranco,68,9/29/25 8:44 AM,2,Maria Majana,22,0.00,22.17,1.83,0.00,0.00
Tink-a-Tako - Potranco,69,9/29/25 8:47 AM,1,Silvia Hernandez,38,1.06,11.29,0.94,4.00,0.00
Tink-a-Tako - Potranco,70,9/29/25 8:48 AM,1,Candy  Del angel ,,0.00,1.99,0.16,0.00,0.00
Tink-a-Tako - Potranco,15,9/29/25 7:00 AM,1,Candy  Del angel ,,0.00,12.57,1.04,0.00,0.00
Tink-a-Tako - Potranco,72,9/29/25 8:49 AM,1,Candy  Del angel ,,0.00,4.28,0.35,0.00,0.00
Tink-a-Tako - Potranco,74,9/29/25 8:52 AM,4,Maria Majana,8,0.00,24.22,2.02,4.00,0.00
Tink-a-Tako - Potranco,75,9/29/25 8:54 AM,1,Candy  Del angel ,,0.00,17.55,1.45,0.00,0.00
Tink-a-Tako - Potranco,76,9/29/25 8:56 AM,2,Rosa Compean,24,0.00,32.88,2.70,0.00,0.00
Tink-a-Tako - Potranco,77,9/29/25 9:01 AM,1,Candy  Del angel ,,0.00,14.46,1.19,0.00,0.00
Tink-a-Tako - Potranco,73,9/29/25 8:50 AM,1,Candy  Del angel ,,0.00,7.47,0.62,0.00,0.00
Tink-a-Tako - Potranco,81,9/29/25 9:06 AM,1,Candy  Del angel ,,0.00,6.99,0.57,0.00,0.00
Tink-a-Tako - Potranco,82,9/29/25 9:06 AM,1,Candy  Del angel ,,0.00,8.23,0.68,0.00,0.00
Tink-a-Tako - Potranco,83,9/29/25 9:08 AM,1,Candy  Del angel ,,0.00,23.95,1.96,0.00,0.00
Tink-a-Tako - Potranco,84,9/29/25 9:10 AM,1,Candy  Del angel ,,0.00,3.98,0.32,0.00,0.00
Tink-a-Tako - Potranco,87,9/29/25 9:13 AM,1,Candy  Del angel ,,0.00,3.98,0.32,0.00,0.00
Tink-a-Tako - Potranco,86,9/29/25 9:12 AM,1,Ivana Abundiz,,15.98,0.00,0.00,0.00,0.00
Tink-a-Tako - Potranco,89,9/29/25 9:14 AM,1,Ivana Abundiz,,0.00,30.53,2.51,0.00,0.00
Tink-a-Tako - Potranco,90,9/29/25 9:15 AM,1,Candy  Del angel ,,0.00,10.36,0.86,1.00,0.00
Tink-a-Tako - Potranco,91,9/29/25 9:16 AM,1,Candy  Del angel ,,0.00,6.38,0.52,0.00,0.00
Tink-a-Tako - Potranco,93,9/29/25 9:17 AM,1,Candy  Del angel ,,0.00,6.18,0.51,0.00,0.00
Tink-a-Tako - Potranco,96,9/29/25 9:18 AM,1,Candy  Del angel ,,0.00,9.66,0.79,1.00,0.00
Tink-a-Tako - Potranco,92,9/29/25 9:17 AM,5,Rosa Compean,15,4.40,57.91,4.76,11.83,0.00
Tink-a-Tako - Potranco,94,9/29/25 9:17 AM,2,Silvia Hernandez,33,0.00,17.43,1.44,5.00,0.00
Tink-a-Tako - Potranco,95,9/29/25 9:18 AM,1,Candy  Del angel ,,0.00,18.34,1.51,0.00,0.00
Tink-a-Tako - Potranco,98,9/29/25 9:19 AM,1,Maria Majana,,5.36,27.50,2.25,0.00,0.00
Tink-a-Tako - Potranco,99,9/29/25 9:22 AM,1,Candy  Del angel ,,0.00,11.55,0.96,0.00,0.00
Tink-a-Tako - Potranco,102,9/29/25 9:24 AM,1,Candy  Del angel ,,0.00,24.85,2.05,0.00,0.00
Tink-a-Tako - Potranco,103,9/29/25 9:25 AM,1,Candy  Del angel ,,0.00,4.39,0.36,0.00,0.00
Tink-a-Tako - Potranco,104,9/29/25 9:28 AM,1,Candy  Del angel ,,0.00,10.57,0.87,0.00,0.00
Tink-a-Tako - Potranco,105,9/29/25 9:30 AM,1,Candy  Del angel ,,0.00,14.96,1.23,0.00,0.00
Tink-a-Tako - Potranco,106,9/29/25 9:31 AM,1,Candy  Del angel ,,0.00,12.85,1.06,0.00,0.00
Tink-a-Tako - Potranco,108,9/29/25 9:33 AM,1,Maria Majana,7,0.00,43.19,3.57,0.00,0.00
Tink-a-Tako - Potranco,107,9/29/25 9:32 AM,1,Candy  Del angel ,,0.00,11.49,0.95,0.00,0.00
Tink-a-Tako - Potranco,110,9/29/25 9:33 AM,2,Rosa Compean,17,0.00,40.25,3.33,6.00,0.00
Tink-a-Tako - Potranco,111,9/29/25 9:35 AM,1,Candy  Del angel ,,0.00,4.39,0.36,0.00,0.00
Tink-a-Tako - Potranco,113,9/29/25 9:36 AM,2,Silvia Hernandez,23,0.00,29.40,2.42,0.00,0.00
Tink-a-Tako - Potranco,114,9/29/25 9:37 AM,2,Maria Majana,22,0.00,23.31,1.91,4.00,0.00
Tink-a-Tako - Potranco,115,9/29/25 9:41 AM,1,Candy  Del angel ,,0.00,12.05,1.00,0.00,0.00
Tink-a-Tako - Potranco,116,9/29/25 9:43 AM,1,Rosa Compean,25,0.00,3.98,0.32,4.00,0.00
Tink-a-Tako - Potranco,117,9/29/25 9:44 AM,2,Maria Majana,37,0.00,22.35,1.85,0.00,0.00
Tink-a-Tako - Potranco,118,9/29/25 9:44 AM,1,Candy  Del angel ,,0.00,29.51,2.43,0.00,0.00
Tink-a-Tako - Potranco,119,9/29/25 9:45 AM,2,Silvia Hernandez,39,0.00,36.96,3.06,0.00,0.00
Tink-a-Tako - Potranco,126,9/29/25 9:47 AM,2,Rosa Compean,32,0.00,11.38,0.94,0.00,0.00
Tink-a-Tako - Potranco,127,9/29/25 9:48 AM,1,Candy  Del angel ,,0.00,6.57,0.54,0.00,0.00
Tink-a-Tako - Potranco,128,9/29/25 9:51 AM,1,Candy  Del angel ,,0.00,6.27,0.51,0.00,0.00
Tink-a-Tako - Potranco,129,9/29/25 9:52 AM,1,Candy  Del angel ,,0.00,10.37,0.85,0.00,0.00
Tink-a-Tako - Potranco,130,9/29/25 9:56 AM,1,Candy  Del angel ,,0.00,4.78,0.40,0.00,0.00
Tink-a-Tako - Potranco,131,9/29/25 10:00 AM,1,Candy  Del angel ,,0.00,3.98,0.32,0.00,0.00
Tink-a-Tako - Potranco,133,9/29/25 10:01 AM,1,Candy  Del angel ,,0.00,4.48,0.37,0.00,0.00
Tink-a-Tako - Potranco,134,9/29/25 10:04 AM,1,Candy  Del angel ,,0.00,5.97,0.49,0.00,0.00
Tink-a-Tako - Potranco,135,9/29/25 10:05 AM,2,Silvia Hernandez,24,0.00,12.80,1.06,5.00,0.00
Tink-a-Tako - Potranco,137,9/29/25 10:09 AM,2,Maria Majana,9,1.25,23.50,1.95,0.00,0.00
Tink-a-Tako - Potranco,136,9/29/25 10:09 AM,3,Rosa Compean,15,0.00,43.19,3.57,5.00,0.00
Tink-a-Tako - Potranco,138,9/29/25 10:11 AM,1,Candy  Del angel ,,0.00,12.47,1.02,0.00,0.00
Tink-a-Tako - Potranco,139,9/29/25 10:11 AM,1,Candy  Del angel ,,0.00,9.37,0.77,1.00,0.00
Tink-a-Tako - Potranco,140,9/29/25 10:12 AM,1,Candy  Del angel ,,0.00,12.76,1.04,0.00,0.00
Tink-a-Tako - Potranco,141,9/29/25 10:16 AM,1,Candy  Del angel ,,0.00,10.98,0.90,0.00,0.00
Tink-a-Tako - Potranco,142,9/29/25 10:16 AM,1,Candy  Del angel ,,0.00,6.99,0.57,0.00,0.00
Tink-a-Tako - Potranco,143,9/29/25 10:19 AM,1,Silvia Hernandez,18,0.00,6.97,0.58,0.00,0.00
Tink-a-Tako - Potranco,144,9/29/25 10:20 AM,2,Rosa Compean,20,0.00,25.96,2.15,0.00,0.00
Tink-a-Tako - Potranco,146,9/29/25 10:22 AM,1,Maria Majana,32,0.00,38.73,3.20,4.00,0.00
Tink-a-Tako - Potranco,147,9/29/25 10:22 AM,1,Candy  Del angel ,,0.00,16.36,1.35,0.00,0.00
Tink-a-Tako - Potranco,148,9/29/25 10:24 AM,1,Candy  Del angel ,,0.00,7.96,0.65,0.00,0.00
Tink-a-Tako - Potranco,149,9/29/25 10:28 AM,1,Candy  Del angel ,,0.00,15.44,1.28,0.00,0.00
Tink-a-Tako - Potranco,150,9/29/25 10:28 AM,1,Candy  Del angel ,,0.00,4.78,0.39,0.00,0.00
Tink-a-Tako - Potranco,151,9/29/25 10:29 AM,2,Rosa Compean,22,0.00,17.95,1.49,0.00,0.00
Tink-a-Tako - Potranco,152,9/29/25 10:30 AM,1,Candy  Del angel ,,0.00,12.35,1.02,0.00,0.00
Tink-a-Tako - Potranco,153,9/29/25 10:34 AM,1,Candy  Del angel ,,0.00,4.79,0.40,0.00,0.00
Tink-a-Tako - Potranco,154,9/29/25 10:35 AM,1,Candy  Del angel ,,0.00,3.45,0.28,0.00,0.00
Tink-a-Tako - Potranco,155,9/29/25 10:37 AM,1,Candy  Del angel ,,0.00,15.04,1.24,0.00,0.00
Tink-a-Tako - Potranco,156,9/29/25 10:41 AM,1,Candy  Del angel ,,0.00,34.87,2.87,2.00,0.00
Tink-a-Tako - Potranco,157,9/29/25 10:44 AM,1,Silvia Hernandez,26,0.00,7.77,0.64,0.00,0.00
Tink-a-Tako - Potranco,158,9/29/25 10:46 AM,1,Maria Majana,24,0.00,7.57,0.63,2.00,0.00
Tink-a-Tako - Potranco,159,9/29/25 10:47 AM,1,Candy  Del angel ,,0.00,5.48,0.46,1.00,0.00
Tink-a-Tako - Potranco,160,9/29/25 10:48 AM,1,Candy  Del angel ,,0.00,8.96,0.73,3.00,0.00
Tink-a-Tako - Potranco,162,9/29/25 10:51 AM,2,Rosa Compean,17,0.00,25.39,2.09,0.00,0.00
Tink-a-Tako - Potranco,163,9/29/25 10:52 AM,2,Silvia Hernandez,23,0.00,29.79,2.46,0.00,0.00
Tink-a-Tako - Potranco,164,9/29/25 10:54 AM,1,Candy  Del angel ,,0.00,6.03,0.50,0.00,0.00
Tink-a-Tako - Potranco,165,9/29/25 10:58 AM,1,Candy  Del angel ,,0.00,8.78,0.72,0.00,0.00
Tink-a-Tako - Potranco,166,9/29/25 11:00 AM,1,Candy  Del angel ,,0.00,18.09,1.49,0.00,0.00
Tink-a-Tako - Potranco,167,9/29/25 11:00 AM,1,Candy  Del angel ,,0.00,17.95,1.47,0.00,0.00
Tink-a-Tako - Potranco,168,9/29/25 11:04 AM,1,Candy  Del angel ,,0.00,6.38,0.52,0.00,0.00
Tink-a-Tako - Potranco,169,9/29/25 11:04 AM,1,Candy  Del angel ,,0.00,15.25,1.26,0.00,0.00
Tink-a-Tako - Potranco,170,9/29/25 11:04 AM,1,Ivana Abundiz,,0.00,17.34,1.43,0.00,0.00
Tink-a-Tako - Potranco,171,9/29/25 11:06 AM,1,Maria Majana,12,0.00,12.44,1.02,0.00,0.00
Tink-a-Tako - Potranco,172,9/29/25 11:08 AM,1,Candy  Del angel ,,0.00,0.00,0.00,0.00,0.00
Tink-a-Tako - Potranco,173,9/29/25 11:11 AM,2,Rosa Compean,32,0.00,27.65,2.28,2.00,0.00
Tink-a-Tako - Potranco,174,9/29/25 11:13 AM,1,Candy  Del angel ,,0.00,13.66,1.12,0.00,0.00
Tink-a-Tako - Potranco,175,9/29/25 11:14 AM,1,Candy  Del angel ,,0.00,0.00,0.00,0.00,0.00
Tink-a-Tako - Potranco,176,9/29/25 11:15 AM,1,Candy  Del angel ,,0.00,8.97,0.74,0.00,0.00
Tink-a-Tako - Potranco,177,9/29/25 11:16 AM,1,Candy  Del angel ,,0.00,14.37,1.18,1.00,0.00
Tink-a-Tako - Potranco,179,9/29/25 11:19 AM,1,Silvia Hernandez,22,0.00,12.97,1.07,5.00,0.00
Tink-a-Tako - Potranco,178,9/29/25 11:18 AM,1,Candy  Del angel ,,0.00,18.29,1.50,0.00,0.00
Tink-a-Tako - Potranco,180,9/29/25 11:21 AM,2,Rosa Compean,18,0.00,23.47,1.94,0.00,0.00
Tink-a-Tako - Potranco,181,9/29/25 11:21 AM,1,Ivana Abundiz,,0.00,12.99,1.07,0.00,0.00
Tink-a-Tako - Potranco,182,9/29/25 11:22 AM,1,Silvia Hernandez,25,0.00,16.44,1.35,5.00,0.00
Tink-a-Tako - Potranco,183,9/29/25 11:23 AM,1,Candy  Del angel ,,0.00,8.23,0.67,2.00,0.00
Tink-a-Tako - Potranco,186,9/29/25 11:25 AM,1,Maria Majana,23,0.00,20.93,1.72,5.00,0.00
Tink-a-Tako - Potranco,184,9/29/25 11:24 AM,1,Candy  Del angel ,,0.00,41.73,3.44,0.00,0.00
Tink-a-Tako - Potranco,188,9/29/25 11:27 AM,2,Rosa Compean,17,0.00,51.58,4.25,5.00,0.00
Tink-a-Tako - Potranco,189,9/29/25 11:29 AM,1,Candy  Del angel ,,0.00,13.98,1.16,0.00,0.00
Tink-a-Tako - Potranco,190,9/29/25 11:29 AM,1,Candy  Del angel ,,0.00,9.16,0.76,0.00,0.00
Tink-a-Tako - Potranco,191,9/29/25 11:30 AM,1,Candy  Del angel ,,0.00,11.97,0.99,0.00,0.00
Tink-a-Tako - Potranco,193,9/29/25 11:35 AM,3,Maria Majana,9,0.00,18.78,1.54,0.00,0.00
Tink-a-Tako - Potranco,194,9/29/25 11:36 AM,2,Silvia Hernandez,24,0.00,32.38,2.67,7.12,0.00
Tink-a-Tako - Potranco,195,9/29/25 11:37 AM,1,Candy  Del angel ,,0.00,40.28,3.31,0.00,0.00
Tink-a-Tako - Potranco,196,9/29/25 11:39 AM,1,Ivana Abundiz,,0.00,7.16,0.59,0.00,0.00
Tink-a-Tako - Potranco,197,9/29/25 11:39 AM,1,Candy  Del angel ,,0.00,9.97,0.82,0.00,0.00
Tink-a-Tako - Potranco,198,9/29/25 11:40 AM,1,Candy  Del angel ,,0.00,3.98,0.32,0.00,0.00
Tink-a-Tako - Potranco,199,9/29/25 11:42 AM,1,Candy  Del angel ,,0.00,12.67,1.04,0.00,0.00
Tink-a-Tako - Potranco,201,9/29/25 11:43 AM,1,Candy  Del angel ,,0.00,13.54,1.12,0.00,0.00
Tink-a-Tako - Potranco,200,9/29/25 11:43 AM,1,Maria Majana,8,0.00,12.69,1.04,5.00,0.00
Tink-a-Tako - Potranco,203,9/29/25 11:45 AM,1,Rosa Compean,20,0.00,8.72,0.71,0.00,0.00
Tink-a-Tako - Potranco,204,9/29/25 11:46 AM,2,Rosa Compean,37,0.00,26.54,2.20,0.00,0.00
Tink-a-Tako - Potranco,205,9/29/25 11:47 AM,2,Silvia Hernandez,33,0.00,26.92,2.21,0.00,0.00
Tink-a-Tako - Potranco,206,9/29/25 11:48 AM,1,Candy  Del angel ,,0.00,9.99,0.82,0.00,0.00
Tink-a-Tako - Potranco,207,9/29/25 11:51 AM,1,Candy  Del angel ,,0.00,13.99,1.15,2.00,0.00
Tink-a-Tako - Potranco,208,9/29/25 11:51 AM,1,Candy  Del angel ,,0.00,29.41,2.43,0.00,0.00
Tink-a-Tako - Potranco,209,9/29/25 11:52 AM,1,Candy  Del angel ,,0.00,26.11,2.15,0.00,0.00
Tink-a-Tako - Potranco,210,9/29/25 11:52 AM,1,Candy  Del angel ,,0.00,9.26,0.76,0.00,0.00
Tink-a-Tako - Potranco,212,9/29/25 11:58 AM,1,Candy  Del angel ,,0.00,12.99,1.07,0.00,0.00
Tink-a-Tako - Potranco,213,9/29/25 11:58 AM,1,Candy  Del angel ,,0.00,3.45,0.28,0.00,0.00
Tink-a-Tako - Potranco,214,9/29/25 11:59 AM,1,Silvia Hernandez,25,0.00,15.69,1.29,4.00,0.00
Tink-a-Tako - Potranco,215,9/29/25 11:59 AM,3,Rosa Compean,10,0.00,37.32,3.06,0.00,0.00
Tink-a-Tako - Potranco,211,9/29/25 11:57 AM,3,Maria Majana,38,0.00,50.02,4.12,5.00,0.00
Tink-a-Tako - Potranco,217,9/29/25 12:01 PM,1,Ivana Abundiz,,0.00,8.48,0.70,0.00,0.00
Tink-a-Tako - Potranco,218,9/29/25 12:03 PM,2,Silvia Hernandez,22,0.00,19.76,1.64,3.00,0.00
Tink-a-Tako - Potranco,220,9/29/25 12:06 PM,1,Candy  Del angel ,,0.00,13.74,1.14,0.00,0.00
Tink-a-Tako - Potranco,221,9/29/25 12:06 PM,1,Ivana Abundiz,,0.00,10.99,0.91,1.00,0.00
Tink-a-Tako - Potranco,219,9/29/25 12:05 PM,2,Maria Majana,9,0.00,32.21,2.66,3.00,0.00
Tink-a-Tako - Potranco,223,9/29/25 12:10 PM,2,Silvia Hernandez,24,0.00,16.27,1.34,0.00,0.00
Tink-a-Tako - Potranco,222,9/29/25 12:09 PM,1,Candy  Del angel ,,0.00,28.73,2.37,0.00,0.00
Tink-a-Tako - Potranco,224,9/29/25 12:12 PM,1,Ivana Abundiz,,0.00,11.27,0.93,0.00,0.00
Tink-a-Tako - Potranco,225,9/29/25 12:12 PM,1,Ivana Abundiz,,0.00,14.52,1.19,0.00,0.00
Tink-a-Tako - Potranco,227,9/29/25 12:13 PM,1,Ivana Abundiz,,0.00,10.47,0.86,0.00,0.00
Tink-a-Tako - Potranco,228,9/29/25 12:14 PM,1,Ivana Abundiz,,0.00,8.99,0.74,0.00,0.00
Tink-a-Tako - Potranco,229,9/29/25 12:16 PM,3,Rosa Compean,18,0.00,15.84,1.32,0.00,0.00
Tink-a-Tako - Potranco,230,9/29/25 12:18 PM,1,Candy  Del angel ,,0.00,1.79,0.15,0.00,0.00
Tink-a-Tako - Potranco,231,9/29/25 12:18 PM,1,Candy  Del angel ,,0.00,29.23,2.42,0.00,0.00
Tink-a-Tako - Potranco,233,9/29/25 12:19 PM,1,Ivana Abundiz,,0.00,8.78,0.72,0.00,0.00
Tink-a-Tako - Potranco,232,9/29/25 12:18 PM,1,Candy  Del angel ,,0.00,22.55,1.87,0.00,0.00
Tink-a-Tako - Potranco,234,9/29/25 12:25 PM,2,Rosa Compean,32,2.00,21.91,1.81,3.00,0.00
Tink-a-Tako - Potranco,236,9/29/25 12:27 PM,1,Silvia Hernandez,7,0.00,7.23,0.60,2.00,0.00
Tink-a-Tako - Potranco,235,9/29/25 12:25 PM,2,Maria Majana,39,0.00,23.60,1.95,0.00,0.00
Tink-a-Tako - Potranco,237,9/29/25 12:29 PM,1,Candy  Del angel ,,0.00,0.00,0.00,0.00,0.00
Tink-a-Tako - Potranco,240,9/29/25 12:30 PM,1,Candy  Del angel ,,0.00,2.29,0.19,0.00,0.00
Tink-a-Tako - Potranco,238,9/29/25 12:29 PM,2,Maria Majana,25,0.00,31.38,2.58,5.00,0.00
Tink-a-Tako - Potranco,241,9/29/25 12:35 PM,1,Candy  Del angel ,,0.00,0.00,0.00,0.00,0.00
Tink-a-Tako - Potranco,243,9/29/25 12:38 PM,1,Candy  Del angel ,,0.00,5.28,0.44,0.00,0.00
Tink-a-Tako - Potranco,245,9/29/25 12:40 PM,2,Rosa Compean,33,0.00,36.91,3.04,5.00,0.00
Tink-a-Tako - Potranco,247,9/29/25 12:44 PM,1,Candy  Del angel ,,0.00,14.97,1.23,0.00,0.00
Tink-a-Tako - Potranco,249,9/29/25 12:47 PM,1,Rosie  ORDONEZ,3,9.33,9.34,0.77,0.00,0.00
Tink-a-Tako - Potranco,250,9/29/25 12:48 PM,2,Silvia Hernandez,17,0.00,30.46,2.51,5.00,0.00
Tink-a-Tako - Potranco,251,9/29/25 12:52 PM,1,Candy  Del angel ,,0.00,20.85,1.72,1.00,0.00
Tink-a-Tako - Potranco,253,9/29/25 12:53 PM,3,Rosa Compean,11,0.00,43.10,3.54,0.00,0.00
Tink-a-Tako - Potranco,254,9/29/25 12:54 PM,2,Rosa Compean,22,0.00,22.57,1.86,5.00,0.00
Tink-a-Tako - Potranco,255,9/29/25 12:54 PM,1,Ivana Abundiz,,0.00,19.77,1.63,0.00,0.00
Tink-a-Tako - Potranco,256,9/29/25 12:57 PM,2,Silvia Hernandez,9,0.00,30.46,2.51,6.00,0.00
Tink-a-Tako - Potranco,257,9/29/25 12:59 PM,1,Candy  Del angel ,,0.00,11.26,0.93,0.00,0.00
Tink-a-Tako - Potranco,259,9/29/25 1:02 PM,1,Lizeth Alonso,,0.00,7.68,0.63,0.00,0.00
Tink-a-Tako - Potranco,258,9/29/25 1:00 PM,1,Lizeth Alonso,,0.00,9.99,0.82,0.00,0.00
Tink-a-Tako - Potranco,260,9/29/25 1:04 PM,1,Lizeth Alonso,,0.00,8.99,0.74,0.00,0.00
Tink-a-Tako - Potranco,261,9/29/25 1:05 PM,1,Lizeth Alonso,,0.00,24.46,2.03,3.00,0.00
Tink-a-Tako - Potranco,262,9/29/25 1:06 PM,2,Maria Majana,36,0.00,26.41,2.17,5.28,0.00
Tink-a-Tako - Potranco,267,9/29/25 1:12 PM,1,Lizeth Alonso,,0.00,9.58,0.79,0.00,0.00
Tink-a-Tako - Potranco,268,9/29/25 1:13 PM,2,Silvia Hernandez,23,0.00,30.95,2.56,3.00,0.00
Tink-a-Tako - Potranco,266,9/29/25 1:12 PM,2,Rosa Compean,18,0.00,25.10,2.08,3.77,0.00
Tink-a-Tako - Potranco,269,9/29/25 1:14 PM,3,Rosa Compean,7,0.00,46.95,3.86,6.10,0.00
Tink-a-Tako - Potranco,270,9/29/25 1:19 PM,2,Silvia Hernandez,19,0.00,25.42,2.09,2.00,0.00
Tink-a-Tako - Potranco,271,9/29/25 1:19 PM,2,Rosa Compean,32,0.00,24.88,2.04,0.00,0.00
Tink-a-Tako - Potranco,272,9/29/25 1:20 PM,1,Lizeth Alonso,,0.00,3.38,0.27,0.00,0.00
Tink-a-Tako - Potranco,273,9/29/25 1:24 PM,1,Lizeth Alonso,,0.00,9.35,0.77,0.00,0.00
Tink-a-Tako - Potranco,274,9/29/25 1:29 PM,2,Silvia Hernandez,38,2.06,15.65,1.28,0.00,0.00
Tink-a-Tako - Potranco,275,9/29/25 1:30 PM,1,Lizeth Alonso,,0.00,28.60,2.36,0.00,0.00
Tink-a-Tako - Potranco,276,9/29/25 1:32 PM,1,Lizeth Alonso,,0.00,0.00,0.00,0.00,0.00
Tink-a-Tako - Potranco,278,9/29/25 1:34 PM,1,Lizeth Alonso,,0.00,15.43,1.27,0.00,0.00
Tink-a-Tako - Potranco,280,9/29/25 1:35 PM,4,Sergio Abundiz,20,0.00,51.36,4.22,5.00,0.00
Tink-a-Tako - Potranco,281,9/29/25 1:43 PM,1,Lizeth Alonso,,0.00,18.95,1.56,0.00,0.00
Tink-a-Tako - Potranco,284,9/29/25 1:52 PM,1,Lizeth Alonso,,0.00,7.96,0.65,0.00,0.00
Tink-a-Tako - Potranco,285,9/29/25 1:57 PM,2,Sergio Abundiz,3,0.00,45.42,3.75,0.00,0.00
Tink-a-Tako - Potranco,286,9/29/25 2:00 PM,1,Lizeth Alonso,,0.00,26.34,2.17,5.00,0.00
Tink-a-Tako - Potranco,287,9/29/25 2:00 PM,1,Lizeth Alonso,,0.00,11.99,0.99,0.00,0.00
Tink-a-Tako - Potranco,288,9/29/25 2:04 PM,2,Sergio Abundiz,25,0.00,23.38,1.92,0.00,0.00
Tink-a-Tako - Potranco,289,9/29/25 2:05 PM,1,Lizeth Alonso,,0.00,13.85,1.14,0.00,0.00
Tink-a-Tako - Potranco,290,9/29/25 2:15 PM,1,Isabel Cisneros,33,0.00,7.28,0.60,3.00,0.00
Tink-a-Tako - Potranco,291,9/29/25 2:18 PM,1,Lizeth Alonso,,0.00,21.47,1.77,0.00,0.00
Tink-a-Tako - Potranco,292,9/29/25 2:27 PM,1,Lizeth Alonso,,0.00,4.98,0.41,0.00,0.00
Tink-a-Tako - Potranco,294,9/29/25 2:27 PM,2,Sergio Abundiz,24,0.00,29.37,2.41,5.00,0.00
Tink-a-Tako - Potranco,295,9/29/25 2:30 PM,2,Isabel Cisneros,23,0.00,29.11,2.39,5.00,0.00
Tink-a-Tako - Potranco,296,9/29/25 2:36 PM,2,Sergio Abundiz,17,0.00,30.42,2.51,0.00,0.00
Tink-a-Tako - Potranco,297,9/29/25 2:38 PM,1,Lizeth Alonso,,0.00,5.49,0.45,0.00,0.00
Tink-a-Tako - Potranco,298,9/29/25 2:42 PM,1,Lizeth Alonso,,0.00,8.78,0.72,0.00,0.00
Tink-a-Tako - Potranco,299,9/29/25 2:49 PM,1,Lizeth Alonso,,0.00,19.77,1.63,0.00,0.00
Tink-a-Tako - Potranco,300,9/29/25 2:49 PM,1,Lizeth Alonso,,0.00,6.88,0.56,0.00,0.00
Tink-a-Tako - Potranco,301,9/29/25 2:52 PM,1,Lizeth Alonso,,0.00,13.17,1.09,0.00,0.00
Tink-a-Tako - Potranco,302,9/29/25 2:56 PM,3,Isabel Cisneros,8,2.10,31.87,2.63,5.00,0.00
Tink-a-Tako - Potranco,263,9/29/25 1:07 PM,1,Lizeth Alonso,,0.00,2.99,0.25,0.00,0.00
Tink-a-Tako - Potranco,303,9/29/25 3:01 PM,1,Lizeth Alonso,,0.00,3.58,0.30,0.00,0.00
Tink-a-Tako - Potranco,305,9/29/25 3:11 PM,2,Isabel Cisneros,18,0.00,29.42,2.42,5.00,0.00
Tink-a-Tako - Potranco,306,9/29/25 3:12 PM,1,Sergio Abundiz,,0.00,6.78,0.56,2.00,0.00
Tink-a-Tako - Potranco,307,9/29/25 3:20 PM,1,Lizeth Alonso,,0.00,40.83,3.35,0.00,0.00
Tink-a-Tako - Potranco,308,9/29/25 3:23 PM,2,Isabel Cisneros,38,0.00,42.94,3.55,6.51,0.00
Tink-a-Tako - Potranco,309,9/29/25 3:33 PM,1,Lizeth Alonso,,0.00,6.73,0.56,0.00,0.00
Tink-a-Tako - Potranco,310,9/29/25 3:33 PM,1,Lizeth Alonso,,0.00,4.57,0.38,0.00,0.00
Tink-a-Tako - Potranco,311,9/29/25 3:46 PM,2,Sergio Abundiz,25,0.00,17.93,1.48,0.00,0.00
Tink-a-Tako - Potranco,312,9/29/25 3:54 PM,2,Isabel Cisneros,33,0.00,24.81,2.05,5.00,0.00
Tink-a-Tako - Potranco,313,9/29/25 3:59 PM,1,Lizeth Alonso,,0.00,24.65,2.03,0.00,0.00
Tink-a-Tako - Potranco,314,9/29/25 4:00 PM,2,Sergio Abundiz,9,0.00,25.37,2.09,8.00,0.00
Tink-a-Tako - Potranco,317,9/29/25 4:02 PM,1,Isabel Cisneros,32,0.00,17.99,1.49,4.00,0.00
Tink-a-Tako - Potranco,316,9/29/25 4:01 PM,1,Mayra Luna,,0.00,0.00,0.00,0.00,0.00
Tink-a-Tako - Potranco,315,9/29/25 4:00 PM,1,Lizeth Alonso,,0.00,29.64,2.44,4.00,0.00
Tink-a-Tako - Potranco,318,9/29/25 4:03 PM,1,Lizeth Alonso,,0.00,11.97,0.99,1.00,0.00
Tink-a-Tako - Potranco,319,9/29/25 4:08 PM,1,Lizeth Alonso,,0.00,9.98,0.82,0.00,0.00
Tink-a-Tako - Potranco,321,9/29/25 4:13 PM,2,Sergio Abundiz,8,0.00,32.45,2.67,0.00,0.00
Tink-a-Tako - Potranco,322,9/29/25 4:20 PM,1,Lizeth Alonso,,0.00,19.97,1.65,0.00,0.00
Tink-a-Tako - Potranco,323,9/29/25 4:28 PM,1,Lizeth Alonso,,0.00,10.99,0.91,4.00,0.00
Tink-a-Tako - Potranco,324,9/29/25 4:28 PM,1,Mayra Luna,,5.15,0.00,0.00,0.00,0.00
Tink-a-Tako - Potranco,325,9/29/25 4:29 PM,1,Lizeth Alonso,,0.00,5.37,0.44,0.00,0.00
Tink-a-Tako - Potranco,327,9/29/25 4:31 PM,2,Isabel Cisneros,21,0.00,21.60,1.79,3.00,0.00
Tink-a-Tako - Potranco,328,9/29/25 4:39 PM,1,Lizeth Alonso,,0.00,18.37,1.51,2.00,0.00
Tink-a-Tako - Potranco,330,9/29/25 4:42 PM,2,Sergio Abundiz,9,0.00,30.42,2.51,0.00,0.00
Tink-a-Tako - Potranco,329,9/29/25 4:40 PM,1,Lizeth Alonso,,0.00,12.94,1.07,0.00,0.00
Tink-a-Tako - Potranco,304,9/29/25 3:05 PM,1,Lizeth Alonso,,0.00,6.18,0.51,0.00,0.00
Tink-a-Tako - Potranco,332,9/29/25 4:52 PM,1,Lizeth Alonso,,0.00,6.98,0.58,0.00,0.00
Tink-a-Tako - Potranco,333,9/29/25 4:56 PM,1,Sergio Abundiz,,0.00,8.99,0.74,0.00,0.00
Tink-a-Tako - Potranco,334,9/29/25 5:07 PM,1,Lizeth Alonso,,0.00,10.99,0.91,3.00,0.00
Tink-a-Tako - Potranco,335,9/29/25 5:07 PM,1,Lizeth Alonso,,0.00,0.00,0.00,0.00,0.00
Tink-a-Tako - Potranco,336,9/29/25 5:08 PM,1,Sergio Abundiz,,0.00,45.35,3.74,2.00,0.00
Tink-a-Tako - Potranco,337,9/29/25 5:09 PM,1,Lizeth Alonso,,0.00,24.96,2.06,1.00,0.00
Tink-a-Tako - Potranco,338,9/29/25 5:09 PM,1,Lizeth Alonso,,0.00,16.57,1.37,1.00,0.00
Tink-a-Tako - Potranco,341,9/29/25 5:17 PM,2,Isabel Cisneros,23,0.00,28.95,2.40,7.00,0.00
Tink-a-Tako - Potranco,340,9/29/25 5:15 PM,1,Lizeth Alonso,,0.00,14.99,1.23,2.00,0.00
Tink-a-Tako - Potranco,342,9/29/25 5:24 PM,1,Lizeth Alonso,,0.00,6.00,0.50,0.00,0.00
Tink-a-Tako - Potranco,343,9/29/25 5:26 PM,2,Sergio Abundiz,37,0.00,26.62,2.19,5.00,0.00
Tink-a-Tako - Potranco,344,9/29/25 5:31 PM,2,Isabel Cisneros,35,0.00,28.40,2.34,5.00,0.00
Tink-a-Tako - Potranco,346,9/29/25 5:47 PM,2,Isabel Cisneros,22,0.00,16.39,1.34,5.00,0.00
Tink-a-Tako - Potranco,345,9/29/25 5:34 PM,1,Lizeth Alonso,,0.00,24.98,2.06,0.00,0.00
Tink-a-Tako - Potranco,348,9/29/25 5:52 PM,2,Sergio Abundiz,25,0.00,28.97,2.39,6.00,0.00
Tink-a-Tako - Potranco,349,9/29/25 5:54 PM,1,Lizeth Alonso,,0.00,30.97,2.55,0.00,0.00
Tink-a-Tako - Potranco,351,9/29/25 6:00 PM,2,Sergio Abundiz,24,0.00,19.60,1.62,8.00,0.00
Tink-a-Tako - Potranco,352,9/29/25 6:05 PM,1,Isabel Cisneros,,0.00,45.46,3.75,0.00,0.00
Tink-a-Tako - Potranco,353,9/29/25 6:09 PM,1,Lizeth Alonso,,0.00,8.78,0.72,0.00,0.00
Tink-a-Tako - Potranco,354,9/29/25 6:11 PM,1,Lizeth Alonso,,0.00,3.58,0.30,0.00,0.00
Tink-a-Tako - Potranco,355,9/29/25 6:12 PM,1,Lizeth Alonso,,0.00,4.99,0.41,0.00,0.00
Tink-a-Tako - Potranco,356,9/29/25 6:19 PM,1,Lizeth Alonso,,0.00,32.97,2.72,0.00,0.00
Tink-a-Tako - Potranco,357,9/29/25 6:28 PM,2,Isabel Cisneros,7,0.00,26.97,2.23,0.00,0.00
Tink-a-Tako - Potranco,358,9/29/25 6:29 PM,1,Lizeth Alonso,,0.00,11.99,0.99,0.00,0.00
Tink-a-Tako - Potranco,359,9/29/25 6:34 PM,1,Lizeth Alonso,,0.00,18.47,1.53,0.00,0.00
Tink-a-Tako - Potranco,360,9/29/25 6:40 PM,1,Lizeth Alonso,,0.00,7.16,0.59,0.00,0.00
Tink-a-Tako - Potranco,361,9/29/25 6:40 PM,1,Lizeth Alonso,,0.00,8.28,0.68,2.00,0.00
Tink-a-Tako - Potranco,362,9/29/25 6:46 PM,1,Lizeth Alonso,,0.00,4.99,0.41,0.00,0.00
Tink-a-Tako - Potranco,364,9/29/25 6:49 PM,3,Sergio Abundiz,23,0.00,39.09,3.21,0.00,0.00
Tink-a-Tako - Potranco,365,9/29/25 6:57 PM,1,Lizeth Alonso,,0.00,51.98,4.29,2.00,0.00
Tink-a-Tako - Potranco,366,9/29/25 7:03 PM,2,Isabel Cisneros,11,0.00,54.96,4.52,0.00,0.00
Tink-a-Tako - Potranco,367,9/29/25 7:09 PM,2,Sergio Abundiz,37,0.00,54.95,4.53,10.00,0.00
Tink-a-Tako - Potranco,368,9/29/25 7:11 PM,1,Lizeth Alonso,,0.00,24.06,1.98,0.00,0.00
Tink-a-Tako - Potranco,369,9/29/25 7:18 PM,1,Lizeth Alonso,,0.00,19.97,1.65,0.00,0.00
Tink-a-Tako - Potranco,370,9/29/25 7:30 PM,2,Sergio Abundiz,33,0.00,27.93,2.30,0.00,0.00
Tink-a-Tako - Potranco,371,9/29/25 7:30 PM,3,Isabel Cisneros,31,0.00,38.95,3.21,5.00,0.00
Tink-a-Tako - Potranco,372,9/29/25 7:33 PM,1,Lizeth Alonso,,0.00,8.99,0.74,1.00,0.00
Tink-a-Tako - Potranco,373,9/29/25 7:33 PM,1,Isabel Cisneros,32,0.00,11.99,0.99,3.00,0.00
Tink-a-Tako - Potranco,375,9/29/25 7:54 PM,3,Sergio Abundiz,25,0.00,53.91,4.47,0.00,0.00
Tink-a-Tako - Potranco,374,9/29/25 7:42 PM,1,Lizeth Alonso,,0.00,13.61,1.11,0.00,0.00
Tink-a-Tako - Potranco,376,9/29/25 8:07 PM,1,Lizeth Alonso,,0.00,11.99,0.99,0.00,0.00
Tink-a-Tako - Potranco,377,9/29/25 8:45 PM,1,Lizeth Alonso,,0.00,13.78,1.14,0.00,0.00
Tink-a-Tako - Potranco,378,9/29/25 8:49 PM,1,Lizeth Alonso,,0.00,16.97,1.40,0.00,0.00
Tink-a-Tako - Potranco,379,9/29/25 8:49 PM,1,Lizeth Alonso,,0.00,5.19,0.43,0.00,0.00
