Employee,Job Title,Regular Hours,Overtime Hours,Hourly Rate,Regular Pay,Overtime Pay,Total Pay,Net Sales,Declared Tips,Non-Cash Tips,Total Tips,Tips Withheld,Total Gratuity,Employee ID,Job Code,Location,Location Code
"Abundiz, Ivana",Host,6.2,0.0,14.00,86.80,0.00,86.80,176.64,,1.00,1.00,0.00,0.00,,,Tink-a-Tako - Potranco,
"Abundiz, Sergio",Server,8.0,0.0,,,,,598.31,,51.00,51.00,0.00,0.00,,,Tink-a-Tako - Potranco,
"Alonso, Lizeth",Host,8.41,0.0,13.00,109.33,0.00,109.33,890.04,,31.00,31.00,0.00,0.00,,,Tink-a-Tako - Potranco,
"Aviles, Genaro",Cook,9.17,0.0,15.00,137.55,0.00,137.55,0.00,,0.00,0.00,0.00,0.00,,,Tink-a-Tako - Potranco,
"Brito, Victor ",Regular,7.55,0.0,12.00,90.60,0.00,90.60,0.00,,0.00,0.00,0.00,0.00,,,Tink-a-Tako - Potranco,
"Calderon, Jesus",Cook,6.97,0.0,,,,,0.00,,0.00,0.00,0.00,0.00,,,Tink-a-Tako - Potranco,
"Cisneros, Isabel",Server,7.31,0.0,3.00,21.93,0.00,21.93,457.09,,61.51,61.51,0.00,0.00,,,Tink-a-Tako - Potranco,
"Compean, Rosa",Server,6.36,0.0,3.00,19.08,0.00,19.08,689.03,,61.70,61.70,0.00,0.00,,,Tink-a-Tako - Potranco,
"Del angel , Candy ",Drive-Thru,6.89,0.0,15.00,103.35,0.00,103.35,1461.10,,28.00,28.00,0.00,0.00,,,Tink-a-Tako - Potranco,
"Diaz, Diego",Cook,8.63,0.0,,,,,0.00,,0.00,0.00,0.00,0.00,,,Tink-a-Tako - Potranco,
"Dominguez, Jose ",Cook,7.74,0.0,17.00,131.58,0.00,131.58,0.00,0.00,0.00,0.00,0.00,0.00,,,Tink-a-Tako - Potranco,
"Gonzales (Line) , Maria",Cook,6.98,0.0,14.00,97.72,0.00,97.72,0.00,,0.00,0.00,0.00,0.00,,,Tink-a-Tako - Potranco,
"Gonzalez, Maria ",Tortillero,7.38,0.0,13.00,95.94,0.00,95.94,0.00,,0.00,0.00,0.00,0.00,,,Tink-a-Tako - Potranco,
"Hernandez, Silvia",Server,6.45,0.0,3.00,19.35,0.00,19.35,445.09,,59.05,59.05,0.00,0.00,,,Tink-a-Tako - Potranco,
"Luna, Mayra",Shift Manager / Assistant Manager,7.12,0.0,,,,,0.00,,0.00,0.00,0.00,0.00,1919,,Tink-a-Tako - Potranco,
"Majana, Maria",Server,7.7,0.0,3.00,23.10,0.00,23.10,607.22,,61.87,61.87,0.00,0.00,,,Tink-a-Tako - Potranco,
"ORDONEZ, Rosie ",Drive-Thru,8.18,0.0,14.00,114.52,0.00,114.52,9.34,,0.00,0.00,0.00,0.00,,,Tink-a-Tako - Potranco,
"Ramirez Perez, Silvia",Cook,8.57,0.0,17.00,145.69,0.00,145.69,0.00,,0.00,0.00,0.00,0.00,,,Tink-a-Tako - Potranco,
"Serrato, Joshua ",Busser,5.59,0.0,12.00,67.08,0.00,67.08,0.00,,0.00,0.00,0.00,0.00,,,Tink-a-Tako - Potranco,
"Trevino, Melissa",Dishwasher,7.25,0.0,13.00,94.25,0.00,94.25,0.00,,0.00,0.00,0.00,0.00,,,Tink-a-Tako - Potranco,
