Location,Order #,Opened Date,Server,Table,Discount Name,Discount Reason,Comment,Discount Amount
Tink-a-Tako - Potranco,362,9/4/25 7:12 PM,Juan  Camacho,18,Open % Item,,,2.80
Tink-a-Tako - Potranco,338,9/4/25 5:44 PM,Juan  Camacho,23,Military Discount,,,1.20
Tink-a-Tako - Potranco,338,9/4/25 5:44 PM,Juan  Camacho,23,Military Discount,,,1.30
Tink-a-Tako - Potranco,329,9/4/25 4:56 PM,Brianna  Arias ,,Open % Item,,,11.99
Tink-a-Tako - Potranco,310,9/4/25 3:26 PM,Sergio Abundiz,39,Manager Comp - Item,,,9.99
Tink-a-Tako - Potranco,310,9/4/25 3:26 PM,Sergio Abundiz,39,Manager Comp - Item,,,13.99
Tink-a-Tako - Potranco,310,9/4/25 3:26 PM,Sergio Abundiz,39,Manager Comp - Item,,,13.99
Tink-a-Tako - Potranco,292,9/4/25 2:22 PM,Brianna  Arias ,,Manager Comp - Check,,,1.99
Tink-a-Tako - Potranco,286,9/4/25 2:09 PM,Lizeth Alonso,,Open % Check,,,4.20
Tink-a-Tako - Potranco,278,9/4/25 1:40 PM,Daniela Torres,,Military Discount,,,0.46
Tink-a-Tako - Potranco,235,9/4/25 12:09 PM,Norma Vasquez,18,Open % Item,,,1.60
Tink-a-Tako - Potranco,235,9/4/25 12:09 PM,Norma Vasquez,18,Open % Item,,,1.00
Tink-a-Tako - Potranco,181,9/4/25 11:15 AM,Norma Vasquez,31,Open % Item,,,0.20
Tink-a-Tako - Potranco,181,9/4/25 11:15 AM,Norma Vasquez,31,Open % Item,,,1.80
Tink-a-Tako - Potranco,181,9/4/25 11:15 AM,Norma Vasquez,31,Open % Item,,,1.80
Tink-a-Tako - Potranco,168,9/4/25 10:59 AM,Isabel Cisneros,37,Open % Item,,,1.76
Tink-a-Tako - Potranco,82,9/4/25 8:45 AM,Ivana Abundiz,,Employee Discount - Check,Employee Discount,Meseras,17.77
Tink-a-Tako - Potranco,78,9/4/25 8:42 AM,Daniela Torres,,Military Discount,,,2.15
Tink-a-Tako - Potranco,62,9/4/25 8:21 AM,Daniela Torres,,Military Discount,,,0.20
Tink-a-Tako - Potranco,62,9/4/25 8:21 AM,Daniela Torres,,Military Discount,,,0.20
Tink-a-Tako - Potranco,57,9/4/25 8:20 AM,Norma Vasquez,25,Open % Item,,,0.40
Tink-a-Tako - Potranco,57,9/4/25 8:20 AM,Norma Vasquez,25,Open % Item,,,0.40
Tink-a-Tako - Potranco,57,9/4/25 8:20 AM,Norma Vasquez,25,Open % Item,,,1.40
Tink-a-Tako - Potranco,10,9/4/25 7:13 AM,Daniela Torres,,Military Discount,,,0.44
Tink-a-Tako - Potranco,10,9/4/25 7:13 AM,Daniela Torres,,Military Discount,,,0.55
