Employee,Job Title,Regular Hours,Overtime Hours,Hourly Rate,Regular Pay,Overtime Pay,Total Pay,Net Sales,Declared Tips,Non-Cash Tips,Total Tips,Tips Withheld,Total Gratuity,Employee ID,Job Code,Location,Location Code
"Abundiz, Ivana",Host,6.23,0.0,14.00,87.22,0.00,87.22,469.26,,66.05,66.05,0.00,0.00,,,Tink-a-Tako - Potranco,
"Abundiz, Sergio",Dishwasher,8.27,0.0,12.50,103.38,0.00,103.38,674.27,,57.81,57.81,0.00,0.00,,,Tink-a-Tako - Potranco,
"Alonso, Lizeth",Host,8.22,0.0,13.00,106.86,0.00,106.86,647.00,,9.50,9.50,0.00,0.00,,,Tink-a-Tako - Potranco,
"Aviles, Genaro",Cook,5.79,3.75,15.00,86.85,84.38,171.23,0.00,,0.00,0.00,0.00,0.00,,,Tink-a-Tako - Potranco,
"Brito, Victor ",Regular,7.12,0.0,12.00,85.44,0.00,85.44,0.00,,0.00,0.00,0.00,0.00,,,Tink-a-Tako - Potranco,
"CANDELA, OLIVIA",Tortillero,7.99,0.0,14.00,111.86,0.00,111.86,0.00,,0.00,0.00,0.00,0.00,,,Tink-a-Tako - Potranco,
"Calderon, Jesus",Cook,7.97,0.0,,,,,0.00,,0.00,0.00,0.00,0.00,,,Tink-a-Tako - Potranco,
"Camacho, Juan ",Server,8.46,0.0,3.00,25.38,0.00,25.38,542.20,,72.02,72.02,0.00,0.00,,,Tink-a-Tako - Potranco,
"Caviedes, Esperansa",Server,6.59,0.0,3.00,19.77,0.00,19.77,514.10,,52.61,52.61,0.00,0.00,,,Tink-a-Tako - Potranco,
"Cisneros, Isabel",Server,9.93,0.0,3.00,29.79,0.00,29.79,507.89,,59.54,59.54,0.00,0.00,,,Tink-a-Tako - Potranco,
"Compean, Rosa",Server,6.44,0.0,3.00,19.32,0.00,19.32,485.07,,57.65,57.65,0.00,0.00,,,Tink-a-Tako - Potranco,
"Dominguez, Jose ",Cook,7.48,0.0,17.00,127.16,0.00,127.16,0.00,,0.00,0.00,0.00,0.00,,,Tink-a-Tako - Potranco,
"Gonzales (Line) , Maria",Cook,8.94,0.0,14.00,125.16,0.00,125.16,0.00,,0.00,0.00,0.00,0.00,,,Tink-a-Tako - Potranco,
"Luna, Mayra",Shift Manager / Assistant Manager,8.38,0.0,,,,,16.98,,2.00,2.00,0.00,0.00,1919,,Tink-a-Tako - Potranco,
"Nanez Partida, Jose",Cook,7.28,0.0,15.00,109.20,0.00,109.20,0.00,,0.00,0.00,0.00,0.00,,,Tink-a-Tako - Potranco,
"ORDONEZ, Rosie ",Shift Manager / Assistant Manager,7.8,0.0,,,,,0.00,,0.00,0.00,0.00,0.00,,,Tink-a-Tako - Potranco,
"Ramirez Perez, Silvia",Cook,8.53,0.0,17.00,145.01,0.00,145.01,0.00,,0.00,0.00,0.00,0.00,,,Tink-a-Tako - Potranco,
"Rueda, Jonathan",Busser,5.54,0.0,12.00,66.48,0.00,66.48,0.00,,0.00,0.00,0.00,0.00,,,Tink-a-Tako - Potranco,
"Serrato, Joshua ",Busser,5.05,0.0,12.00,60.60,0.00,60.60,0.00,,0.00,0.00,0.00,0.00,,,Tink-a-Tako - Potranco,
"Torres, Daniela",Drive-Thru,7.98,0.0,,,,,1642.10,,37.00,37.00,0.00,0.00,,,Tink-a-Tako - Potranco,
"Trevino, Melissa",Dishwasher,5.78,0.0,13.00,75.14,0.00,75.14,0.00,,0.00,0.00,0.00,0.00,,,Tink-a-Tako - Potranco,
"Vasquez, Norma",Server,7.02,0.0,5.00,35.10,0.00,35.10,549.65,,70.48,70.48,0.00,0.00,,,Tink-a-Tako - Potranco,
"huerta, Arturo ",Dishwasher,8.07,0.0,12.00,96.84,0.00,96.84,0.00,,0.00,0.00,0.00,0.00,,,Tink-a-Tako - Potranco,
