Employee,Job Title,In Date,Out Date,Auto Clock-out,Total Hours,Unpaid Break Time,Paid Break Time,Payable Hours
"Ramirez Perez, Silvia",Cook,9/4/25 5:27 AM,9/4/25 1:58 PM,No,8.53,0.00,0.00,8.53
"Aviles, Genaro",Cook,9/4/25 5:27 AM,9/4/25 2:59 PM,No,9.54,0.00,0.00,9.54
"Nanez Partida, Jose",Cook,9/4/25 5:43 AM,9/4/25 1:00 PM,No,7.28,0.00,0.00,7.28
"Torres, Daniela",Drive-Thru,9/4/25 6:06 AM,9/4/25 2:05 PM,No,7.98,0.00,0.00,7.98
"Vasquez, Norma",Server,9/4/25 6:10 AM,9/4/25 1:12 PM,No,7.02,0.00,0.00,7.02
"Dominguez, Jose ",Cook,9/4/25 6:30 AM,9/4/25 1:58 PM,No,7.48,0.00,0.00,7.48
"ORDONEZ, Rosie ",Shift Manager / Assistant Manager,9/4/25 6:31 AM,9/4/25 2:19 PM,No,7.80,0.00,0.00,7.80
"Brito, Victor ",Regular,9/4/25 6:59 AM,9/4/25 2:06 PM,No,7.12,0.00,0.00,7.12
"Caviedes, Esperansa",Server,9/4/25 7:41 AM,9/4/25 2:16 PM,No,6.59,0.00,0.00,6.59
"Compean, Rosa",Server,9/4/25 7:54 AM,9/4/25 2:21 PM,No,6.44,0.00,0.00,6.44
"Cisneros, Isabel",Server,9/4/25 7:56 AM,9/4/25 5:52 PM,No,9.93,0.00,0.00,9.93
"Abundiz, Ivana",Host,9/4/25 8:00 AM,9/4/25 2:13 PM,No,6.23,0.00,0.00,6.23
"Trevino, Melissa",Dishwasher,9/4/25 8:10 AM,9/4/25 1:57 PM,No,5.78,0.00,0.00,5.78
"Serrato, Joshua ",Busser,9/4/25 9:01 AM,9/4/25 2:04 PM,No,5.05,0.00,0.00,5.05
"Gonzales (Line) , Maria",Cook,9/4/25 12:58 PM,9/4/25 9:55 PM,No,8.94,0.00,0.00,8.94
"Abundiz, Sergio",Dishwasher,9/4/25 1:44 PM,9/4/25 10:00 PM,No,8.27,0.00,0.00,8.27
"Alonso, Lizeth",Host,9/4/25 1:55 PM,9/4/25 10:08 PM,No,8.22,0.00,0.00,8.22
"huerta, Arturo ",Dishwasher,9/4/25 1:55 PM,9/4/25 10:00 PM,No,8.07,0.00,0.00,8.07
"Calderon, Jesus",Cook,9/4/25 1:55 PM,9/4/25 9:54 PM,No,7.97,0.00,0.00,7.97
"CANDELA, OLIVIA",Tortillero,9/4/25 2:00 PM,9/4/25 9:59 PM,No,7.99,0.00,0.00,7.99
"Camacho, Juan ",Server,9/4/25 2:04 PM,9/4/25 10:31 PM,No,8.46,0.00,0.00,8.46
"Luna, Mayra",Shift Manager / Assistant Manager,9/4/25 2:09 PM,9/4/25 10:31 PM,No,8.38,0.00,0.00,8.38
"Rueda, Jonathan",Busser,9/4/25 4:03 PM,9/4/25 9:35 PM,No,5.54,0.00,0.00,5.54
