Location,Order #,Opened Date,Server,Table,Discount Name,Discount Reason,Comment,Discount Amount
Tink-a-Tako - Potranco,297,9/15/25 8:42 PM,Sergio Abundiz,,Employee Discount - Item,Employee Discount,Sergio,2.93
Tink-a-Tako - Potranco,297,9/15/25 8:42 PM,Sergio Abundiz,,Employee Discount - Item,Employee Discount,Sergio,1.47
Tink-a-Tako - Potranco,294,9/15/25 8:27 PM,Lizeth Alonso,,Employee Discount - Item,Employee Discount,Maria,3.90
Tink-a-Tako - Potranco,281,9/15/25 6:22 PM,Sergio Abundiz,15,Police Discount,,,2.70
Tink-a-Tako - Potranco,281,9/15/25 6:22 PM,Sergio Abundiz,15,Police Discount,,,2.60
Tink-a-Tako - Potranco,281,9/15/25 6:22 PM,Sergio Abundiz,15,Police Discount,,,6.50
Tink-a-Tako - Potranco,266,9/15/25 5:05 PM,Sergio Abundiz,,Military Discount,,,0.88
Tink-a-Tako - Potranco,266,9/15/25 5:05 PM,Sergio Abundiz,,Military Discount,,,2.20
Tink-a-Tako - Potranco,191,9/15/25 12:58 PM,Maria Majana,38,Open $ Item,,,1.99
Tink-a-Tako - Potranco,161,9/15/25 11:06 AM,Rosa Compean,24,Open % Item,,,1.40
Tink-a-Tako - Potranco,161,9/15/25 11:06 AM,Rosa Compean,24,Open % Item,,,2.20
Tink-a-Tako - Potranco,130,9/15/25 10:20 AM,Silvia Hernandez,38,Open % Item,,,0.88
Tink-a-Tako - Potranco,130,9/15/25 10:20 AM,Silvia Hernandez,38,Open % Item,,,0.40
Tink-a-Tako - Potranco,91,9/15/25 9:32 AM,Maria Majana,20,Open % Item,,,5.00
Tink-a-Tako - Potranco,91,9/15/25 9:32 AM,Maria Majana,20,Open % Item,,,1.99
Tink-a-Tako - Potranco,91,9/15/25 9:32 AM,Maria Majana,20,Open % Item,,,1.00
Tink-a-Tako - Potranco,87,9/15/25 9:27 AM,Rosa Compean,12,Open % Item,,,0.40
Tink-a-Tako - Potranco,87,9/15/25 9:27 AM,Rosa Compean,12,Open % Item,,,0.60
Tink-a-Tako - Potranco,87,9/15/25 9:27 AM,Rosa Compean,12,Open % Item,,,0.40
Tink-a-Tako - Potranco,87,9/15/25 9:27 AM,Rosa Compean,12,Open % Item,,,2.00
Tink-a-Tako - Potranco,87,9/15/25 9:27 AM,Rosa Compean,12,Open % Item,,,0.40
Tink-a-Tako - Potranco,87,9/15/25 9:27 AM,Rosa Compean,12,Open % Item,,,0.70
Tink-a-Tako - Potranco,59,9/15/25 8:30 AM,Ivana Abundiz,,Employee Discount - Check,Employee Discount,Meseros,19.96
Tink-a-Tako - Potranco,47,9/15/25 8:17 AM,Silvia Hernandez,33,Open % Item,,,2.40
