Location,Server,Check #,Table,Station,Expediter Level,Fired Date,Fulfilled Date,Fulfillment Time,Fulfilled By
Tink-a-Tako - Potranco,Candy  Del angel ,1,,Lobby,,9/15/25 6:33 AM,9/15/25 6:34 AM,1 minute and 6 seconds,Mayra Luna
Tink-a-Tako - Potranco,Candy  Del angel ,2,,Lobby,,9/15/25 6:33 AM,9/15/25 6:36 AM,2 minutes and 28 seconds,Mayra Luna
Tink-a-Tako - Potranco,Candy  Del angel ,3,,Lobby,,9/15/25 6:35 AM,9/15/25 6:38 AM,3 minutes and 8 seconds,Mayra Luna
Tink-a-Tako - Potranco,Candy  Del angel ,4,,Lobby,,9/15/25 6:38 AM,9/15/25 6:42 AM,3 minutes and 32 seconds,Mayra Luna
Tink-a-Tako - Potranco,Candy  Del angel ,5,,Lobby,,9/15/25 6:49 AM,9/15/25 6:51 AM,1 minute and 54 seconds,Mayra Luna
Tink-a-Tako - Potranco,Candy  Del angel ,8,,Lobby,,9/15/25 6:58 AM,9/15/25 7:02 AM,4 minutes and 5 seconds,Mayra Luna
Tink-a-Tako - Potranco,Candy  Del angel ,6,,Lobby,,9/15/25 6:57 AM,9/15/25 7:02 AM,4 minutes and 46 seconds,Mayra Luna
Tink-a-Tako - Potranco,Maria Majana,7,24,Lobby,,9/15/25 6:57 AM,9/15/25 7:04 AM,6 minutes and 8 seconds,Mayra Luna
Tink-a-Tako - Potranco,Maria Majana,7,24,,2,9/15/25 7:04 AM,9/15/25 7:05 AM,56 seconds,Mayra Luna
Tink-a-Tako - Potranco,Candy  Del angel ,9,,Lobby,,9/15/25 7:00 AM,9/15/25 7:05 AM,5 minutes and 13 seconds,Mayra Luna
Tink-a-Tako - Potranco,Candy  Del angel ,10,,Lobby,,9/15/25 7:01 AM,9/15/25 7:08 AM,6 minutes and 42 seconds,Mayra Luna
Tink-a-Tako - Potranco,Candy  Del angel ,12,,Lobby,,9/15/25 7:05 AM,9/15/25 7:08 AM,3 minutes and 37 seconds,Mayra Luna
Tink-a-Tako - Potranco,Candy  Del angel ,14,,Lobby,,9/15/25 7:07 AM,9/15/25 7:09 AM,1 minute and 27 seconds,Mayra Luna
Tink-a-Tako - Potranco,Candy  Del angel ,11,,Lobby,,9/15/25 7:03 AM,9/15/25 7:09 AM,5 minutes and 49 seconds,Mayra Luna
Tink-a-Tako - Potranco,Candy  Del angel ,13,,Lobby,,9/15/25 7:06 AM,9/15/25 7:11 AM,4 minutes and 34 seconds,Mayra Luna
Tink-a-Tako - Potranco,Maria Majana,15,,Lobby,,9/15/25 7:12 AM,9/15/25 7:14 AM,1 minute and 32 seconds,Mayra Luna
Tink-a-Tako - Potranco,Candy  Del angel ,16,,Lobby,,9/15/25 7:13 AM,9/15/25 7:17 AM,3 minutes and 26 seconds,Mayra Luna
Tink-a-Tako - Potranco,Candy  Del angel ,19,,Lobby,,9/15/25 7:21 AM,9/15/25 7:22 AM,41 seconds,Mayra Luna
Tink-a-Tako - Potranco,Candy  Del angel ,20,,Lobby,,9/15/25 7:24 AM,9/15/25 7:25 AM,48 seconds,Mayra Luna
Tink-a-Tako - Potranco,Maria Majana,18,17,Prep,,9/15/25 7:24 AM,9/15/25 7:26 AM,1 minute and 30 seconds,Mayra Luna
Tink-a-Tako - Potranco,Maria Majana,18,17,Lobby,,9/15/25 7:24 AM,9/15/25 7:26 AM,1 minute and 30 seconds,Mayra Luna
Tink-a-Tako - Potranco,Maria Majana,15,,,2,9/15/25 7:14 AM,9/15/25 7:29 AM,15 minutes and 2 seconds,Mayra Luna
Tink-a-Tako - Potranco,Candy  Del angel ,21,,Lobby,,9/15/25 7:29 AM,9/15/25 7:30 AM,1 minute and 4 seconds,Mayra Luna
Tink-a-Tako - Potranco,Candy  Del angel ,22,,Lobby,,9/15/25 7:31 AM,9/15/25 7:32 AM,1 minute and 16 seconds,Mayra Luna
Tink-a-Tako - Potranco,Maria Majana,17,,Lobby,,9/15/25 7:32 AM,9/15/25 7:33 AM,56 seconds,Mayra Luna
Tink-a-Tako - Potranco,Candy  Del angel ,23,,Lobby,,9/15/25 7:32 AM,9/15/25 7:34 AM,2 minutes and 37 seconds,Mayra Luna
Tink-a-Tako - Potranco,Candy  Del angel ,24,,Lobby,,9/15/25 7:32 AM,9/15/25 7:35 AM,2 minutes and 29 seconds,Mayra Luna
Tink-a-Tako - Potranco,Candy  Del angel ,25,,Lobby,,9/15/25 7:33 AM,9/15/25 7:35 AM,2 minutes and 18 seconds,Mayra Luna
Tink-a-Tako - Potranco,Candy  Del angel ,26,,Lobby,,9/15/25 7:39 AM,9/15/25 7:41 AM,2 minutes and 24 seconds,Mayra Luna
Tink-a-Tako - Potranco,Candy  Del angel ,26,,Tortillero,,9/15/25 7:44 AM,9/15/25 7:52 AM,8 minutes and 14 seconds,Mayra Luna
Tink-a-Tako - Potranco,Candy  Del angel ,26,,Lobby,,9/15/25 7:44 AM,9/15/25 7:52 AM,8 minutes and 14 seconds,Mayra Luna
Tink-a-Tako - Potranco,Candy  Del angel ,26,,Prep,,9/15/25 7:44 AM,9/15/25 7:52 AM,8 minutes and 14 seconds,Mayra Luna
Tink-a-Tako - Potranco,Maria Majana,18,17,,2,9/15/25 7:26 AM,9/15/25 7:52 AM,26 minutes and 21 seconds,Mayra Luna
Tink-a-Tako - Potranco,Maria Majana,17,,,2,9/15/25 7:33 AM,9/15/25 7:52 AM,19 minutes and 32 seconds,Mayra Luna
Tink-a-Tako - Potranco,Ivana Abundiz,29,,Lobby,,9/15/25 7:51 AM,9/15/25 7:52 AM,56 seconds,Mayra Luna
Tink-a-Tako - Potranco,Maria Majana,28,,Lobby,,9/15/25 7:52 AM,9/15/25 7:53 AM,1 minute and 24 seconds,Mayra Luna
Tink-a-Tako - Potranco,Candy  Del angel ,27,,Lobby,,9/15/25 7:52 AM,9/15/25 7:53 AM,1 minute and 15 seconds,Mayra Luna
Tink-a-Tako - Potranco,Candy  Del angel ,27,,Prep,,9/15/25 7:52 AM,9/15/25 7:53 AM,1 minute and 15 seconds,Mayra Luna
Tink-a-Tako - Potranco,Candy  Del angel ,30,,Lobby,,9/15/25 7:52 AM,9/15/25 7:54 AM,2 minutes and 7 seconds,Mayra Luna
Tink-a-Tako - Potranco,Maria Majana,28,,Lobby,,9/15/25 7:51 AM,9/15/25 7:58 AM,7 minutes and 6 seconds,Mayra Luna
Tink-a-Tako - Potranco,Ivana Abundiz,33,,,2,9/15/25 7:59 AM,9/15/25 8:00 AM,48 seconds,Mayra Luna
Tink-a-Tako - Potranco,Candy  Del angel ,32,,Lobby,,9/15/25 7:58 AM,9/15/25 8:00 AM,1 minute and 8 seconds,Mayra Luna
Tink-a-Tako - Potranco,Maria Majana,28,,,2,9/15/25 7:53 AM,9/15/25 8:00 AM,6 minutes and 50 seconds,Mayra Luna
Tink-a-Tako - Potranco,Ivana Abundiz,29,,,2,9/15/25 7:52 AM,9/15/25 8:00 AM,7 minutes and 21 seconds,Mayra Luna
Tink-a-Tako - Potranco,Maria Majana,28,,,2,9/15/25 7:58 AM,9/15/25 8:00 AM,1 minute and 27 seconds,Mayra Luna
Tink-a-Tako - Potranco,Candy  Del angel ,34,,Lobby,,9/15/25 7:59 AM,9/15/25 8:00 AM,1 minute and 3 seconds,Mayra Luna
Tink-a-Tako - Potranco,Candy  Del angel ,35,,Lobby,,9/15/25 8:02 AM,9/15/25 8:03 AM,1 minute and 29 seconds,Mayra Luna
Tink-a-Tako - Potranco,Candy  Del angel ,36,,Lobby,,9/15/25 8:02 AM,9/15/25 8:05 AM,2 minutes and 28 seconds,Mayra Luna
Tink-a-Tako - Potranco,Ivana Abundiz,31,,Lobby,,9/15/25 7:57 AM,9/15/25 8:11 AM,14 minutes and 17 seconds,Mayra Luna
Tink-a-Tako - Potranco,Candy  Del angel ,40,,Lobby,,9/15/25 8:12 AM,9/15/25 8:14 AM,1 minute and 53 seconds,Mayra Luna
Tink-a-Tako - Potranco,Candy  Del angel ,42,,Lobby,,9/15/25 8:13 AM,9/15/25 8:14 AM,1 minute and 33 seconds,Mayra Luna
Tink-a-Tako - Potranco,Candy  Del angel ,38,,Lobby,,9/15/25 8:11 AM,9/15/25 8:14 AM,3 minutes and 15 seconds,Mayra Luna
Tink-a-Tako - Potranco,Maria Majana,41,22,Lobby,,9/15/25 8:14 AM,9/15/25 8:16 AM,1 minute and 40 seconds,Mayra Luna
Tink-a-Tako - Potranco,Maria Majana,45,8,Lobby,,9/15/25 8:16 AM,9/15/25 8:19 AM,3 minutes and 10 seconds,Mayra Luna
Tink-a-Tako - Potranco,Candy  Del angel ,43,,Lobby,,9/15/25 8:13 AM,9/15/25 8:19 AM,6 minutes and 7 seconds,Mayra Luna
Tink-a-Tako - Potranco,Candy  Del angel ,48,,Lobby,,9/15/25 8:18 AM,9/15/25 8:20 AM,1 minute and 40 seconds,Mayra Luna
Tink-a-Tako - Potranco,Maria Majana,28,,Lobby,,9/15/25 8:19 AM,9/15/25 8:23 AM,3 minutes and 53 seconds,Mayra Luna
Tink-a-Tako - Potranco,Candy  Del angel ,49,,Lobby,,9/15/25 8:19 AM,9/15/25 8:23 AM,3 minutes and 41 seconds,Mayra Luna
Tink-a-Tako - Potranco,Silvia Hernandez,50,25,Lobby,,9/15/25 8:19 AM,9/15/25 8:23 AM,3 minutes and 50 seconds,Mayra Luna
Tink-a-Tako - Potranco,Candy  Del angel ,51,,Lobby,,9/15/25 8:20 AM,9/15/25 8:24 AM,4 minutes and 1 second,Mayra Luna
Tink-a-Tako - Potranco,Silvia Hernandez,47,33,Lobby,,9/15/25 8:18 AM,9/15/25 8:25 AM,6 minutes and 34 seconds,Mayra Luna
Tink-a-Tako - Potranco,Silvia Hernandez,47,33,Lobby,,9/15/25 8:25 AM,9/15/25 8:27 AM,1 minute and 49 seconds,Mayra Luna
Tink-a-Tako - Potranco,Candy  Del angel ,52,,Lobby,,9/15/25 8:23 AM,9/15/25 8:28 AM,4 minutes and 31 seconds,Mayra Luna
Tink-a-Tako - Potranco,Candy  Del angel ,54,,Lobby,,9/15/25 8:27 AM,9/15/25 8:29 AM,1 minute and 23 seconds,Mayra Luna
Tink-a-Tako - Potranco,Candy  Del angel ,55,,Lobby,,9/15/25 8:28 AM,9/15/25 8:29 AM,1 minute and 19 seconds,Mayra Luna
Tink-a-Tako - Potranco,Maria Majana,46,3,Lobby,,9/15/25 8:23 AM,9/15/25 8:30 AM,7 minutes and 24 seconds,Mayra Luna
Tink-a-Tako - Potranco,Maria Majana,28,,,2,9/15/25 8:23 AM,9/15/25 8:31 AM,7 minutes and 59 seconds,Mayra Luna
Tink-a-Tako - Potranco,Maria Majana,41,22,,2,9/15/25 8:16 AM,9/15/25 8:31 AM,15 minutes and 5 seconds,Mayra Luna
Tink-a-Tako - Potranco,Maria Majana,45,8,,2,9/15/25 8:19 AM,9/15/25 8:31 AM,11 minutes and 32 seconds,Mayra Luna
Tink-a-Tako - Potranco,Ivana Abundiz,56,,Lobby,,9/15/25 8:29 AM,9/15/25 8:31 AM,2 minutes and 35 seconds,Mayra Luna
Tink-a-Tako - Potranco,Candy  Del angel ,57,,Lobby,,9/15/25 8:30 AM,9/15/25 8:34 AM,3 minutes and 45 seconds,Mayra Luna
Tink-a-Tako - Potranco,Candy  Del angel ,57,,Prep,,9/15/25 8:30 AM,9/15/25 8:34 AM,3 minutes and 45 seconds,Mayra Luna
Tink-a-Tako - Potranco,Candy  Del angel ,60,,Lobby,,9/15/25 8:31 AM,9/15/25 8:34 AM,2 minutes and 45 seconds,Mayra Luna
Tink-a-Tako - Potranco,Candy  Del angel ,62,,Lobby,,9/15/25 8:32 AM,9/15/25 8:36 AM,3 minutes and 21 seconds,Mayra Luna
Tink-a-Tako - Potranco,Rosa Compean,61,24,Lobby,,9/15/25 8:32 AM,9/15/25 8:36 AM,4 minutes and 56 seconds,Mayra Luna
Tink-a-Tako - Potranco,Ivana Abundiz,59,,Lobby,,9/15/25 8:30 AM,9/15/25 8:38 AM,7 minutes and 16 seconds,Mayra Luna
Tink-a-Tako - Potranco,Maria Majana,46,3,,2,9/15/25 8:30 AM,9/15/25 8:40 AM,9 minutes and 10 seconds,Mayra Luna
Tink-a-Tako - Potranco,Ivana Abundiz,59,,,2,9/15/25 8:38 AM,9/15/25 8:40 AM,1 minute and 54 seconds,Mayra Luna
Tink-a-Tako - Potranco,Candy  Del angel ,64,,Lobby,,9/15/25 8:39 AM,9/15/25 8:42 AM,3 minutes,Mayra Luna
Tink-a-Tako - Potranco,Silvia Hernandez,50,25,Prep,,9/15/25 8:36 AM,9/15/25 8:43 AM,7 minutes and 20 seconds,Mayra Luna
Tink-a-Tako - Potranco,Silvia Hernandez,50,25,Tortillero,,9/15/25 8:36 AM,9/15/25 8:43 AM,7 minutes and 20 seconds,Mayra Luna
Tink-a-Tako - Potranco,Silvia Hernandez,50,25,Lobby,,9/15/25 8:36 AM,9/15/25 8:43 AM,7 minutes and 20 seconds,Mayra Luna
Tink-a-Tako - Potranco,Candy  Del angel ,63,,Lobby,,9/15/25 8:34 AM,9/15/25 8:44 AM,9 minutes and 51 seconds,Mayra Luna
Tink-a-Tako - Potranco,Candy  Del angel ,65,,Lobby,,9/15/25 8:42 AM,9/15/25 8:44 AM,2 minutes and 26 seconds,Mayra Luna
Tink-a-Tako - Potranco,Candy  Del angel ,66,,Lobby,,9/15/25 8:45 AM,9/15/25 8:46 AM,39 seconds,Mayra Luna
Tink-a-Tako - Potranco,Rosa Compean,61,24,Lobby,,9/15/25 8:45 AM,9/15/25 8:47 AM,2 minutes and 3 seconds,Mayra Luna
Tink-a-Tako - Potranco,Candy  Del angel ,67,,Lobby,,9/15/25 8:46 AM,9/15/25 8:49 AM,3 minutes and 20 seconds,Mayra Luna
Tink-a-Tako - Potranco,Candy  Del angel ,69,,Lobby,,9/15/25 8:49 AM,9/15/25 8:50 AM,1 minute and 2 seconds,Mayra Luna
Tink-a-Tako - Potranco,Candy  Del angel ,68,,Lobby,,9/15/25 8:48 AM,9/15/25 8:50 AM,2 minutes and 43 seconds,Mayra Luna
Tink-a-Tako - Potranco,Rosie  ORDONEZ,70,37,Lobby,,9/15/25 8:49 AM,9/15/25 8:51 AM,1 minute and 43 seconds,Mayra Luna
Tink-a-Tako - Potranco,Candy  Del angel ,72,,Lobby,,9/15/25 8:51 AM,9/15/25 8:51 AM,44 seconds,Mayra Luna
Tink-a-Tako - Potranco,Candy  Del angel ,73,,Lobby,,9/15/25 8:54 AM,9/15/25 8:55 AM,43 seconds,Mayra Luna
Tink-a-Tako - Potranco,Silvia Hernandez,47,33,,2,9/15/25 8:27 AM,9/15/25 9:01 AM,33 minutes and 54 seconds,Mayra Luna
Tink-a-Tako - Potranco,Rosie  ORDONEZ,70,37,,2,9/15/25 8:51 AM,9/15/25 9:00 AM,9 minutes and 31 seconds,Mayra Luna
Tink-a-Tako - Potranco,Ivana Abundiz,56,,,2,9/15/25 8:31 AM,9/15/25 9:01 AM,29 minutes and 30 seconds,Mayra Luna
Tink-a-Tako - Potranco,Silvia Hernandez,50,25,,2,9/15/25 8:23 AM,9/15/25 9:01 AM,37 minutes and 13 seconds,Mayra Luna
Tink-a-Tako - Potranco,Silvia Hernandez,50,25,,2,9/15/25 8:43 AM,9/15/25 9:01 AM,17 minutes and 16 seconds,Mayra Luna
Tink-a-Tako - Potranco,Rosa Compean,61,24,,2,9/15/25 8:36 AM,9/15/25 9:00 AM,23 minutes and 59 seconds,Mayra Luna
Tink-a-Tako - Potranco,Silvia Hernandez,47,33,,2,9/15/25 8:25 AM,9/15/25 9:01 AM,35 minutes and 53 seconds,Mayra Luna
Tink-a-Tako - Potranco,Ivana Abundiz,31,,,2,9/15/25 8:11 AM,9/15/25 9:01 AM,49 minutes and 22 seconds,Mayra Luna
Tink-a-Tako - Potranco,Rosa Compean,61,24,,2,9/15/25 8:47 AM,9/15/25 9:01 AM,13 minutes and 49 seconds,Mayra Luna
Tink-a-Tako - Potranco,Maria Majana,74,39,Lobby,,9/15/25 9:00 AM,9/15/25 9:01 AM,1 minute and 21 seconds,Mayra Luna
Tink-a-Tako - Potranco,Candy  Del angel ,75,,Lobby,,9/15/25 9:06 AM,9/15/25 9:07 AM,19 seconds,Mayra Luna
Tink-a-Tako - Potranco,Candy  Del angel ,76,,Lobby,,9/15/25 9:07 AM,9/15/25 9:08 AM,31 seconds,Mayra Luna
Tink-a-Tako - Potranco,Candy  Del angel ,78,,Lobby,,9/15/25 9:13 AM,9/15/25 9:14 AM,42 seconds,Mayra Luna
Tink-a-Tako - Potranco,Candy  Del angel ,77,,Lobby,,9/15/25 9:12 AM,9/15/25 9:15 AM,2 minutes and 57 seconds,Mayra Luna
Tink-a-Tako - Potranco,Silvia Hernandez,80,38,Lobby,,9/15/25 9:16 AM,9/15/25 9:16 AM,20 seconds,Mayra Luna
Tink-a-Tako - Potranco,Silvia Hernandez,80,38,Prep,,9/15/25 9:16 AM,9/15/25 9:16 AM,20 seconds,Mayra Luna
Tink-a-Tako - Potranco,Ivana Abundiz,59,,Lobby,,9/15/25 9:16 AM,9/15/25 9:18 AM,1 minute and 54 seconds,Mayra Luna
Tink-a-Tako - Potranco,Ivana Abundiz,59,,Lobby,,9/15/25 9:18 AM,9/15/25 9:20 AM,1 minute and 57 seconds,Mayra Luna
Tink-a-Tako - Potranco,Maria Majana,74,39,Lobby,,9/15/25 9:18 AM,9/15/25 9:20 AM,2 minutes and 8 seconds,Mayra Luna
Tink-a-Tako - Potranco,Candy  Del angel ,81,,Lobby,,9/15/25 9:21 AM,9/15/25 9:21 AM,21 seconds,Mayra Luna
Tink-a-Tako - Potranco,Candy  Del angel ,83,,Lobby,,9/15/25 9:22 AM,9/15/25 9:22 AM,26 seconds,Mayra Luna
Tink-a-Tako - Potranco,Candy  Del angel ,86,,Lobby,,9/15/25 9:24 AM,9/15/25 9:25 AM,40 seconds,Mayra Luna
Tink-a-Tako - Potranco,Rosa Compean,85,32,Lobby,,9/15/25 9:24 AM,9/15/25 9:26 AM,2 minutes and 1 second,Mayra Luna
Tink-a-Tako - Potranco,Candy  Del angel ,86,,Lobby,,9/15/25 9:25 AM,9/15/25 9:27 AM,2 minutes and 2 seconds,Mayra Luna
Tink-a-Tako - Potranco,Silvia Hernandez,82,7,Prep,,9/15/25 9:23 AM,9/15/25 9:27 AM,4 minutes and 10 seconds,Mayra Luna
Tink-a-Tako - Potranco,Silvia Hernandez,82,7,Tortillero,,9/15/25 9:23 AM,9/15/25 9:27 AM,4 minutes and 10 seconds,Mayra Luna
Tink-a-Tako - Potranco,Silvia Hernandez,82,7,Lobby,,9/15/25 9:23 AM,9/15/25 9:27 AM,4 minutes and 10 seconds,Mayra Luna
Tink-a-Tako - Potranco,Maria Majana,88,39,Prep,,9/15/25 9:29 AM,9/15/25 9:29 AM,43 seconds,Mayra Luna
Tink-a-Tako - Potranco,Maria Majana,88,39,Lobby,,9/15/25 9:29 AM,9/15/25 9:29 AM,43 seconds,Mayra Luna
Tink-a-Tako - Potranco,Candy  Del angel ,89,,Lobby,,9/15/25 9:31 AM,9/15/25 9:32 AM,52 seconds,Mayra Luna
Tink-a-Tako - Potranco,Maria Majana,88,39,,2,9/15/25 9:29 AM,9/15/25 9:34 AM,4 minutes and 32 seconds,Mayra Luna
Tink-a-Tako - Potranco,Maria Majana,74,39,,2,9/15/25 9:20 AM,9/15/25 9:34 AM,13 minutes and 36 seconds,Mayra Luna
Tink-a-Tako - Potranco,Rosa Compean,87,12,Lobby,,9/15/25 9:29 AM,9/15/25 9:34 AM,4 minutes and 43 seconds,Mayra Luna
Tink-a-Tako - Potranco,Ivana Abundiz,59,,,2,9/15/25 9:20 AM,9/15/25 9:34 AM,13 minutes and 42 seconds,Mayra Luna
Tink-a-Tako - Potranco,Rosa Compean,85,32,,2,9/15/25 9:26 AM,9/15/25 9:34 AM,8 minutes and 12 seconds,Mayra Luna
Tink-a-Tako - Potranco,Silvia Hernandez,82,7,,2,9/15/25 9:27 AM,9/15/25 9:34 AM,6 minutes and 37 seconds,Mayra Luna
Tink-a-Tako - Potranco,Maria Majana,74,39,,2,9/15/25 9:01 AM,9/15/25 9:34 AM,32 minutes and 45 seconds,Mayra Luna
Tink-a-Tako - Potranco,Silvia Hernandez,80,38,,2,9/15/25 9:16 AM,9/15/25 9:34 AM,17 minutes and 47 seconds,Mayra Luna
Tink-a-Tako - Potranco,Ivana Abundiz,92,,Lobby,,9/15/25 9:33 AM,9/15/25 9:35 AM,1 minute and 33 seconds,Mayra Luna
Tink-a-Tako - Potranco,Ivana Abundiz,92,,Prep,,9/15/25 9:33 AM,9/15/25 9:35 AM,1 minute and 33 seconds,Mayra Luna
Tink-a-Tako - Potranco,Candy  Del angel ,95,,Lobby,,9/15/25 9:34 AM,9/15/25 9:36 AM,1 minute and 12 seconds,Mayra Luna
Tink-a-Tako - Potranco,Candy  Del angel ,94,,Lobby,,9/15/25 9:34 AM,9/15/25 9:38 AM,4 minutes and 13 seconds,Mayra Luna
Tink-a-Tako - Potranco,Maria Majana,93,,Lobby,,9/15/25 9:34 AM,9/15/25 9:38 AM,4 minutes and 25 seconds,Mayra Luna
Tink-a-Tako - Potranco,Maria Majana,91,20,Lobby,,9/15/25 9:33 AM,9/15/25 9:38 AM,5 minutes and 30 seconds,Mayra Luna
Tink-a-Tako - Potranco,Candy  Del angel ,99,,Lobby,,9/15/25 9:38 AM,9/15/25 9:42 AM,3 minutes and 23 seconds,Mayra Luna
Tink-a-Tako - Potranco,Maria Majana,97,33,Lobby,,9/15/25 9:36 AM,9/15/25 9:42 AM,6 minutes and 14 seconds,Mayra Luna
Tink-a-Tako - Potranco,Rosa Compean,100,25,Lobby,,9/15/25 9:37 AM,9/15/25 9:42 AM,5 minutes and 22 seconds,Mayra Luna
Tink-a-Tako - Potranco,Candy  Del angel ,101,,Lobby,,9/15/25 9:40 AM,9/15/25 9:43 AM,3 minutes and 20 seconds,Mayra Luna
Tink-a-Tako - Potranco,Silvia Hernandez,103,17,Lobby,,9/15/25 9:40 AM,9/15/25 9:43 AM,3 minutes and 3 seconds,Mayra Luna
Tink-a-Tako - Potranco,Ivana Abundiz,92,,,2,9/15/25 9:35 AM,9/15/25 9:45 AM,10 minutes and 7 seconds,Mayra Luna
Tink-a-Tako - Potranco,Maria Majana,93,,,2,9/15/25 9:38 AM,9/15/25 9:45 AM,6 minutes and 41 seconds,Mayra Luna
Tink-a-Tako - Potranco,Rosa Compean,100,25,,2,9/15/25 9:42 AM,9/15/25 9:45 AM,2 minutes and 30 seconds,Mayra Luna
Tink-a-Tako - Potranco,Silvia Hernandez,103,17,,2,9/15/25 9:43 AM,9/15/25 9:45 AM,1 minute and 24 seconds,Mayra Luna
Tink-a-Tako - Potranco,Maria Majana,97,33,,2,9/15/25 9:42 AM,9/15/25 9:45 AM,2 minutes and 33 seconds,Mayra Luna
Tink-a-Tako - Potranco,Rosa Compean,87,12,,2,9/15/25 9:34 AM,9/15/25 9:45 AM,11 minutes and 3 seconds,Mayra Luna
Tink-a-Tako - Potranco,Maria Majana,91,20,,2,9/15/25 9:38 AM,9/15/25 9:45 AM,6 minutes and 32 seconds,Mayra Luna
Tink-a-Tako - Potranco,Ivana Abundiz,59,,,2,9/15/25 9:18 AM,9/15/25 9:45 AM,26 minutes and 53 seconds,Mayra Luna
Tink-a-Tako - Potranco,Candy  Del angel ,98,,Lobby,,9/15/25 9:37 AM,9/15/25 9:46 AM,9 minutes and 24 seconds,Mayra Luna
Tink-a-Tako - Potranco,Candy  Del angel ,98,,Tortillero,,9/15/25 9:37 AM,9/15/25 9:46 AM,9 minutes and 24 seconds,Mayra Luna
Tink-a-Tako - Potranco,Candy  Del angel ,98,,Prep,,9/15/25 9:37 AM,9/15/25 9:46 AM,9 minutes and 24 seconds,Mayra Luna
Tink-a-Tako - Potranco,Candy  Del angel ,102,,Lobby,,9/15/25 9:40 AM,9/15/25 9:47 AM,6 minutes and 31 seconds,Mayra Luna
Tink-a-Tako - Potranco,Rosa Compean,104,35,Lobby,,9/15/25 9:45 AM,9/15/25 9:50 AM,4 minutes and 37 seconds,Mayra Luna
Tink-a-Tako - Potranco,Maria Majana,105,18,Lobby,,9/15/25 9:47 AM,9/15/25 9:50 AM,2 minutes and 55 seconds,Mayra Luna
Tink-a-Tako - Potranco,Ivana Abundiz,106,,Lobby,,9/15/25 9:49 AM,9/15/25 9:51 AM,1 minute and 55 seconds,Mayra Luna
Tink-a-Tako - Potranco,Candy  Del angel ,108,,Lobby,,9/15/25 9:51 AM,9/15/25 9:52 AM,1 minute and 53 seconds,Mayra Luna
Tink-a-Tako - Potranco,Candy  Del angel ,107,,Lobby,,9/15/25 9:50 AM,9/15/25 9:52 AM,2 minutes and 50 seconds,Mayra Luna
Tink-a-Tako - Potranco,Candy  Del angel ,109,,Lobby,,9/15/25 9:56 AM,9/15/25 9:57 AM,48 seconds,Mayra Luna
Tink-a-Tako - Potranco,Silvia Hernandez,111,21,Lobby,,9/15/25 9:58 AM,9/15/25 9:59 AM,53 seconds,Mayra Luna
Tink-a-Tako - Potranco,Candy  Del angel ,113,,Lobby,,9/15/25 10:01 AM,9/15/25 10:02 AM,45 seconds,Mayra Luna
Tink-a-Tako - Potranco,Candy  Del angel ,113,,Prep,,9/15/25 10:01 AM,9/15/25 10:02 AM,45 seconds,Mayra Luna
Tink-a-Tako - Potranco,Candy  Del angel ,110,,Lobby,,9/15/25 9:57 AM,9/15/25 10:02 AM,5 minutes and 1 second,Mayra Luna
Tink-a-Tako - Potranco,Candy  Del angel ,117,,Lobby,,9/15/25 10:05 AM,9/15/25 10:06 AM,1 minute and 5 seconds,Mayra Luna
Tink-a-Tako - Potranco,Rosa Compean,104,35,Lobby,,9/15/25 10:05 AM,9/15/25 10:08 AM,2 minutes and 49 seconds,Mayra Luna
Tink-a-Tako - Potranco,Silvia Hernandez,116,8,Lobby,,9/15/25 10:03 AM,9/15/25 10:08 AM,5 minutes and 16 seconds,Mayra Luna
Tink-a-Tako - Potranco,Maria Majana,112,37,Lobby,,9/15/25 10:03 AM,9/15/25 10:08 AM,5 minutes and 24 seconds,Mayra Luna
Tink-a-Tako - Potranco,Rosa Compean,115,24,Lobby,,9/15/25 10:02 AM,9/15/25 10:08 AM,6 minutes and 33 seconds,Mayra Luna
Tink-a-Tako - Potranco,Candy  Del angel ,122,,Lobby,,9/15/25 10:14 AM,9/15/25 10:17 AM,2 minutes and 56 seconds,Mayra Luna
Tink-a-Tako - Potranco,Rosa Compean,123,32,Lobby,,9/15/25 10:10 AM,9/15/25 10:17 AM,6 minutes and 26 seconds,Mayra Luna
Tink-a-Tako - Potranco,Rosa Compean,123,32,Prep,,9/15/25 10:10 AM,9/15/25 10:17 AM,6 minutes and 26 seconds,Mayra Luna
Tink-a-Tako - Potranco,Rosa Compean,123,32,Tortillero,,9/15/25 10:10 AM,9/15/25 10:17 AM,6 minutes and 26 seconds,Mayra Luna
Tink-a-Tako - Potranco,Candy  Del angel ,127,,Lobby,,9/15/25 10:16 AM,9/15/25 10:18 AM,2 minutes and 1 second,Mayra Luna
Tink-a-Tako - Potranco,Ivana Abundiz,129,,Lobby,,9/15/25 10:16 AM,9/15/25 10:18 AM,1 minute and 46 seconds,Mayra Luna
Tink-a-Tako - Potranco,Rosa Compean,123,32,,2,9/15/25 10:17 AM,9/15/25 10:21 AM,4 minutes and 12 seconds,Mayra Luna
Tink-a-Tako - Potranco,Maria Majana,112,37,,2,9/15/25 10:08 AM,9/15/25 10:21 AM,12 minutes and 56 seconds,Mayra Luna
Tink-a-Tako - Potranco,Rosa Compean,115,24,,2,9/15/25 10:08 AM,9/15/25 10:21 AM,12 minutes and 52 seconds,Mayra Luna
Tink-a-Tako - Potranco,Maria Majana,105,18,,2,9/15/25 9:50 AM,9/15/25 10:21 AM,31 minutes and 1 second,Mayra Luna
Tink-a-Tako - Potranco,Silvia Hernandez,116,8,,2,9/15/25 10:08 AM,9/15/25 10:21 AM,12 minutes and 56 seconds,Mayra Luna
Tink-a-Tako - Potranco,Silvia Hernandez,111,21,,2,9/15/25 9:59 AM,9/15/25 10:21 AM,21 minutes and 52 seconds,Mayra Luna
Tink-a-Tako - Potranco,Rosa Compean,125,22,Lobby,,9/15/25 10:15 AM,9/15/25 10:22 AM,6 minutes and 51 seconds,Mayra Luna
Tink-a-Tako - Potranco,Maria Majana,91,20,Lobby,,9/15/25 10:20 AM,9/15/25 10:23 AM,2 minutes and 51 seconds,Mayra Luna
Tink-a-Tako - Potranco,Silvia Hernandez,130,38,Lobby,,9/15/25 10:21 AM,9/15/25 10:23 AM,2 minutes and 32 seconds,Mayra Luna
Tink-a-Tako - Potranco,Maria Majana,124,34,Lobby,,9/15/25 10:18 AM,9/15/25 10:25 AM,6 minutes and 51 seconds,Mayra Luna
Tink-a-Tako - Potranco,Silvia Hernandez,126,19,Lobby,,9/15/25 10:16 AM,9/15/25 10:25 AM,8 minutes and 24 seconds,Mayra Luna
Tink-a-Tako - Potranco,Candy  Del angel ,132,,Lobby,,9/15/25 10:23 AM,9/15/25 10:25 AM,2 minutes and 3 seconds,Mayra Luna
Tink-a-Tako - Potranco,Candy  Del angel ,131,,Lobby,,9/15/25 10:22 AM,9/15/25 10:25 AM,3 minutes and 7 seconds,Mayra Luna
Tink-a-Tako - Potranco,Candy  Del angel ,134,,Lobby,,9/15/25 10:27 AM,9/15/25 10:29 AM,1 minute and 47 seconds,Mayra Luna
Tink-a-Tako - Potranco,Candy  Del angel ,134,,Lobby,,9/15/25 10:29 AM,9/15/25 10:30 AM,55 seconds,Mayra Luna
Tink-a-Tako - Potranco,Rosa Compean,115,24,,2,9/15/25 10:31 AM,9/15/25 10:32 AM,7 seconds,Mayra Luna
Tink-a-Tako - Potranco,Maria Majana,91,20,,2,9/15/25 10:23 AM,9/15/25 10:32 AM,9 minutes and 35 seconds,Mayra Luna
Tink-a-Tako - Potranco,Maria Majana,124,34,,2,9/15/25 10:25 AM,9/15/25 10:32 AM,7 minutes and 51 seconds,Mayra Luna
Tink-a-Tako - Potranco,Silvia Hernandez,126,19,,2,9/15/25 10:25 AM,9/15/25 10:32 AM,7 minutes and 49 seconds,Mayra Luna
Tink-a-Tako - Potranco,Rosa Compean,135,10,Lobby,,9/15/25 10:29 AM,9/15/25 10:34 AM,5 minutes and 22 seconds,Mayra Luna
Tink-a-Tako - Potranco,Silvia Hernandez,130,38,,2,9/15/25 10:23 AM,9/15/25 10:36 AM,12 minutes and 31 seconds,Mayra Luna
Tink-a-Tako - Potranco,Ivana Abundiz,129,,,2,9/15/25 10:18 AM,9/15/25 10:36 AM,17 minutes and 30 seconds,Mayra Luna
Tink-a-Tako - Potranco,Rosa Compean,125,22,,2,9/15/25 10:22 AM,9/15/25 10:36 AM,13 minutes and 46 seconds,Mayra Luna
Tink-a-Tako - Potranco,Rosa Compean,135,10,,2,9/15/25 10:34 AM,9/15/25 10:36 AM,1 minute and 58 seconds,Mayra Luna
Tink-a-Tako - Potranco,Rosa Compean,104,35,,2,9/15/25 10:08 AM,9/15/25 10:36 AM,27 minutes and 54 seconds,Mayra Luna
Tink-a-Tako - Potranco,Rosa Compean,104,35,,2,9/15/25 9:50 AM,9/15/25 10:36 AM,46 minutes and 7 seconds,Mayra Luna
Tink-a-Tako - Potranco,Ivana Abundiz,106,,,2,9/15/25 9:51 AM,9/15/25 10:36 AM,45 minutes and 13 seconds,Mayra Luna
Tink-a-Tako - Potranco,Rosa Compean,123,32,Lobby,,9/15/25 10:35 AM,9/15/25 10:37 AM,1 minute and 55 seconds,Mayra Luna
Tink-a-Tako - Potranco,Candy  Del angel ,138,,Lobby,,9/15/25 10:34 AM,9/15/25 10:38 AM,4 minutes and 34 seconds,Mayra Luna
Tink-a-Tako - Potranco,Candy  Del angel ,139,,Lobby,,9/15/25 10:35 AM,9/15/25 10:39 AM,4 minutes and 26 seconds,Mayra Luna
Tink-a-Tako - Potranco,Silvia Hernandez,136,35,Lobby,,9/15/25 10:30 AM,9/15/25 10:40 AM,9 minutes and 30 seconds,Mayra Luna
Tink-a-Tako - Potranco,Rosa Compean,123,32,,2,9/15/25 10:37 AM,9/15/25 10:42 AM,4 minutes and 43 seconds,Mayra Luna
Tink-a-Tako - Potranco,Silvia Hernandez,136,35,,2,9/15/25 10:40 AM,9/15/25 10:42 AM,1 minute and 58 seconds,Mayra Luna
Tink-a-Tako - Potranco,Maria Majana,133,33,Lobby,,9/15/25 10:29 AM,9/15/25 10:42 AM,13 minutes and 46 seconds,Mayra Luna
Tink-a-Tako - Potranco,Candy  Del angel ,142,,Lobby,,9/15/25 10:40 AM,9/15/25 10:42 AM,2 minutes and 8 seconds,Mayra Luna
Tink-a-Tako - Potranco,Candy  Del angel ,140,,Lobby,,9/15/25 10:41 AM,9/15/25 10:44 AM,2 minutes and 27 seconds,Mayra Luna
Tink-a-Tako - Potranco,Candy  Del angel ,140,,Prep,,9/15/25 10:41 AM,9/15/25 10:44 AM,2 minutes and 27 seconds,Mayra Luna
Tink-a-Tako - Potranco,Candy  Del angel ,140,,Lobby,,9/15/25 10:36 AM,9/15/25 10:44 AM,7 minutes and 44 seconds,Mayra Luna
Tink-a-Tako - Potranco,Candy  Del angel ,144,,Lobby,,9/15/25 10:43 AM,9/15/25 10:44 AM,1 minute and 17 seconds,Mayra Luna
Tink-a-Tako - Potranco,Candy  Del angel ,141,,Lobby,,9/15/25 10:37 AM,9/15/25 10:45 AM,7 minutes and 41 seconds,Mayra Luna
Tink-a-Tako - Potranco,Candy  Del angel ,141,,Prep,,9/15/25 10:37 AM,9/15/25 10:45 AM,7 minutes and 41 seconds,Mayra Luna
Tink-a-Tako - Potranco,Silvia Hernandez,137,25,Lobby,,9/15/25 10:33 AM,9/15/25 10:46 AM,12 minutes and 29 seconds,Mayra Luna
Tink-a-Tako - Potranco,Rosa Compean,143,17,Lobby,,9/15/25 10:41 AM,9/15/25 10:47 AM,6 minutes and 52 seconds,Mayra Luna
Tink-a-Tako - Potranco,Rosa Compean,143,17,Prep,,9/15/25 10:41 AM,9/15/25 10:47 AM,6 minutes and 52 seconds,Mayra Luna
Tink-a-Tako - Potranco,Maria Majana,124,34,Lobby,,9/15/25 10:45 AM,9/15/25 10:49 AM,4 minutes and 11 seconds,Mayra Luna
Tink-a-Tako - Potranco,Candy  Del angel ,147,,Lobby,,9/15/25 10:50 AM,9/15/25 10:51 AM,45 seconds,Mayra Luna
Tink-a-Tako - Potranco,Silvia Hernandez,137,25,,2,9/15/25 10:46 AM,9/15/25 10:53 AM,7 minutes and 57 seconds,Mayra Luna
Tink-a-Tako - Potranco,Maria Majana,133,33,,2,9/15/25 10:42 AM,9/15/25 10:53 AM,11 minutes and 7 seconds,Mayra Luna
Tink-a-Tako - Potranco,Maria Majana,124,34,,2,9/15/25 10:49 AM,9/15/25 10:53 AM,3 minutes and 56 seconds,Mayra Luna
Tink-a-Tako - Potranco,Rosa Compean,143,17,,2,9/15/25 10:47 AM,9/15/25 10:53 AM,5 minutes and 58 seconds,Mayra Luna
Tink-a-Tako - Potranco,Candy  Del angel ,146,,Tortillero,,9/15/25 10:49 AM,9/15/25 10:55 AM,5 minutes and 32 seconds,Mayra Luna
Tink-a-Tako - Potranco,Candy  Del angel ,146,,Lobby,,9/15/25 10:49 AM,9/15/25 10:55 AM,5 minutes and 32 seconds,Mayra Luna
Tink-a-Tako - Potranco,Candy  Del angel ,146,,Prep,,9/15/25 10:49 AM,9/15/25 10:55 AM,5 minutes and 32 seconds,Mayra Luna
Tink-a-Tako - Potranco,Candy  Del angel ,149,,Lobby,,9/15/25 10:53 AM,9/15/25 10:58 AM,5 minutes and 26 seconds,Mayra Luna
Tink-a-Tako - Potranco,Maria Majana,148,32,Lobby,,9/15/25 10:53 AM,9/15/25 11:00 AM,6 minutes and 57 seconds,Mayra Luna
Tink-a-Tako - Potranco,Candy  Del angel ,155,,Lobby,,9/15/25 10:58 AM,9/15/25 11:00 AM,2 minutes and 25 seconds,Mayra Luna
Tink-a-Tako - Potranco,Rosa Compean,143,17,Lobby,,9/15/25 11:00 AM,9/15/25 11:01 AM,21 seconds,Mayra Luna
Tink-a-Tako - Potranco,Ivana Abundiz,158,,Lobby,,9/15/25 11:01 AM,9/15/25 11:01 AM,17 seconds,Mayra Luna
Tink-a-Tako - Potranco,Rosa Compean,153,15,,2,9/15/25 11:03 AM,9/15/25 11:03 AM,4 seconds,Mayra Luna
Tink-a-Tako - Potranco,Rosa Compean,153,15,Lobby,,9/15/25 10:57 AM,9/15/25 11:03 AM,5 minutes and 23 seconds,Mayra Luna
Tink-a-Tako - Potranco,Rosa Compean,143,17,,2,9/15/25 11:01 AM,9/15/25 11:03 AM,2 minutes and 2 seconds,Mayra Luna
Tink-a-Tako - Potranco,Maria Majana,148,32,,2,9/15/25 11:00 AM,9/15/25 11:03 AM,3 minutes and 17 seconds,Mayra Luna
Tink-a-Tako - Potranco,Silvia Hernandez,160,9,Lobby,,9/15/25 11:02 AM,9/15/25 11:04 AM,1 minute and 47 seconds,Mayra Luna
Tink-a-Tako - Potranco,Silvia Hernandez,151,7,Lobby,,9/15/25 10:54 AM,9/15/25 11:04 AM,9 minutes and 47 seconds,Mayra Luna
Tink-a-Tako - Potranco,Candy  Del angel ,152,,Lobby,,9/15/25 10:57 AM,9/15/25 11:06 AM,9 minutes and 23 seconds,Mayra Luna
Tink-a-Tako - Potranco,Candy  Del angel ,159,,Lobby,,9/15/25 11:02 AM,9/15/25 11:07 AM,4 minutes and 51 seconds,Mayra Luna
Tink-a-Tako - Potranco,Rosie  ORDONEZ,154,39,Lobby,,9/15/25 10:59 AM,9/15/25 11:08 AM,9 minutes and 1 second,Mayra Luna
Tink-a-Tako - Potranco,Maria Majana,156,20,Lobby,,9/15/25 11:00 AM,9/15/25 11:09 AM,9 minutes and 10 seconds,Mayra Luna
Tink-a-Tako - Potranco,Candy  Del angel ,157,,Lobby,,9/15/25 11:00 AM,9/15/25 11:10 AM,9 minutes and 38 seconds,Mayra Luna
Tink-a-Tako - Potranco,Silvia Hernandez,151,7,Lobby,,9/15/25 11:08 AM,9/15/25 11:10 AM,1 minute and 26 seconds,Mayra Luna
Tink-a-Tako - Potranco,Maria Majana,156,20,,2,9/15/25 11:09 AM,9/15/25 11:11 AM,1 minute and 37 seconds,Mayra Luna
Tink-a-Tako - Potranco,Silvia Hernandez,151,7,,2,9/15/25 11:10 AM,9/15/25 11:11 AM,37 seconds,Mayra Luna
Tink-a-Tako - Potranco,Silvia Hernandez,151,7,,2,9/15/25 11:04 AM,9/15/25 11:11 AM,6 minutes and 16 seconds,Mayra Luna
Tink-a-Tako - Potranco,Rosa Compean,161,24,Lobby,,9/15/25 11:07 AM,9/15/25 11:11 AM,4 minutes and 32 seconds,Mayra Luna
Tink-a-Tako - Potranco,Maria Majana,162,38,Lobby,,9/15/25 11:09 AM,9/15/25 11:11 AM,2 minutes and 24 seconds,Mayra Luna
Tink-a-Tako - Potranco,Silvia Hernandez,165,26,Lobby,,9/15/25 11:17 AM,9/15/25 11:18 AM,1 minute and 4 seconds,Mayra Luna
Tink-a-Tako - Potranco,Maria Majana,162,38,Lobby,,9/15/25 11:18 AM,9/15/25 11:20 AM,2 minutes and 12 seconds,Mayra Luna
Tink-a-Tako - Potranco,Rosa Compean,164,18,Prep,,9/15/25 11:13 AM,9/15/25 11:20 AM,7 minutes and 18 seconds,Mayra Luna
Tink-a-Tako - Potranco,Rosa Compean,164,18,Tortillero,,9/15/25 11:13 AM,9/15/25 11:20 AM,7 minutes and 18 seconds,Mayra Luna
Tink-a-Tako - Potranco,Rosa Compean,164,18,Lobby,,9/15/25 11:13 AM,9/15/25 11:20 AM,7 minutes and 18 seconds,Mayra Luna
Tink-a-Tako - Potranco,Maria Majana,163,33,Lobby,,9/15/25 11:15 AM,9/15/25 11:22 AM,7 minutes and 4 seconds,Mayra Luna
Tink-a-Tako - Potranco,Candy  Del angel ,167,,Lobby,,9/15/25 11:20 AM,9/15/25 11:26 AM,6 minutes and 13 seconds,Mayra Luna
Tink-a-Tako - Potranco,Rosa Compean,161,24,,2,9/15/25 11:11 AM,9/15/25 11:25 AM,13 minutes and 28 seconds,Mayra Luna
Tink-a-Tako - Potranco,Maria Majana,162,38,,2,9/15/25 11:20 AM,9/15/25 11:25 AM,4 minutes and 29 seconds,Mayra Luna
Tink-a-Tako - Potranco,Maria Majana,162,38,,2,9/15/25 11:11 AM,9/15/25 11:25 AM,13 minutes and 34 seconds,Mayra Luna
Tink-a-Tako - Potranco,Maria Majana,163,33,,2,9/15/25 11:15 AM,9/15/25 11:25 AM,9 minutes and 18 seconds,Mayra Luna
Tink-a-Tako - Potranco,Silvia Hernandez,166,35,Lobby,,9/15/25 11:17 AM,9/15/25 11:26 AM,9 minutes and 1 second,Mayra Luna
Tink-a-Tako - Potranco,Silvia Hernandez,166,35,Prep,,9/15/25 11:17 AM,9/15/25 11:26 AM,9 minutes and 1 second,Mayra Luna
Tink-a-Tako - Potranco,Silvia Hernandez,166,35,Tortillero,,9/15/25 11:17 AM,9/15/25 11:26 AM,9 minutes and 1 second,Mayra Luna
Tink-a-Tako - Potranco,Silvia Hernandez,160,9,,2,9/15/25 11:04 AM,9/15/25 11:27 AM,22 minutes and 21 seconds,Mayra Luna
Tink-a-Tako - Potranco,Rosie  ORDONEZ,154,39,,2,9/15/25 11:08 AM,9/15/25 11:27 AM,18 minutes and 59 seconds,Mayra Luna
Tink-a-Tako - Potranco,Rosa Compean,164,18,,2,9/15/25 11:20 AM,9/15/25 11:27 AM,6 minutes and 32 seconds,Mayra Luna
Tink-a-Tako - Potranco,Silvia Hernandez,165,26,,2,9/15/25 11:18 AM,9/15/25 11:27 AM,8 minutes and 54 seconds,Mayra Luna
Tink-a-Tako - Potranco,Candy  Del angel ,16001,,Lobby,,9/15/25 11:28 AM,9/15/25 11:29 AM,58 seconds,Mayra Luna
Tink-a-Tako - Potranco,Rosa Compean,168,23,Lobby,,9/15/25 11:27 AM,9/15/25 11:30 AM,2 minutes and 48 seconds,Mayra Luna
Tink-a-Tako - Potranco,Silvia Hernandez,165,26,Prep,,9/15/25 11:29 AM,9/15/25 11:30 AM,1 minute and 21 seconds,Mayra Luna
Tink-a-Tako - Potranco,Silvia Hernandez,165,26,Lobby,,9/15/25 11:29 AM,9/15/25 11:30 AM,1 minute and 21 seconds,Mayra Luna
Tink-a-Tako - Potranco,Maria Majana,169,34,Lobby,,9/15/25 11:30 AM,9/15/25 11:33 AM,2 minutes and 39 seconds,Mayra Luna
Tink-a-Tako - Potranco,Candy  Del angel ,171,,Lobby,,9/15/25 11:32 AM,9/15/25 11:33 AM,56 seconds,Mayra Luna
Tink-a-Tako - Potranco,Silvia Hernandez,172,16,Lobby,,9/15/25 11:33 AM,9/15/25 11:34 AM,1 minute and 7 seconds,Mayra Luna
Tink-a-Tako - Potranco,Candy  Del angel ,170,,Lobby,,9/15/25 11:32 AM,9/15/25 11:36 AM,3 minutes and 46 seconds,Mayra Luna
Tink-a-Tako - Potranco,Candy  Del angel ,175,,Lobby,,9/15/25 11:35 AM,9/15/25 11:37 AM,1 minute and 55 seconds,Mayra Luna
Tink-a-Tako - Potranco,Candy  Del angel ,173,,Lobby,,9/15/25 11:34 AM,9/15/25 11:37 AM,3 minutes and 2 seconds,Mayra Luna
Tink-a-Tako - Potranco,Rosa Compean,174,17,Lobby,,9/15/25 11:35 AM,9/15/25 11:39 AM,4 minutes and 14 seconds,Mayra Luna
Tink-a-Tako - Potranco,Candy  Del angel ,179,,Lobby,,9/15/25 11:40 AM,9/15/25 11:40 AM,29 seconds,Mayra Luna
Tink-a-Tako - Potranco,Rosa Compean,168,23,,2,9/15/25 11:30 AM,9/15/25 11:40 AM,10 minutes and 23 seconds,Mayra Luna
Tink-a-Tako - Potranco,Maria Majana,178,38,Lobby,,9/15/25 11:38 AM,9/15/25 11:41 AM,3 minutes,Mayra Luna
Tink-a-Tako - Potranco,Candy  Del angel ,180,,Lobby,,9/15/25 11:42 AM,9/15/25 11:44 AM,1 minute and 53 seconds,Mayra Luna
Tink-a-Tako - Potranco,Candy  Del angel ,181,,Lobby,,9/15/25 11:44 AM,9/15/25 11:45 AM,1 minute and 37 seconds,Mayra Luna
Tink-a-Tako - Potranco,Candy  Del angel ,182,,Lobby,,9/15/25 11:45 AM,9/15/25 11:47 AM,1 minute and 53 seconds,Mayra Luna
Tink-a-Tako - Potranco,Maria Majana,169,34,,2,9/15/25 11:33 AM,9/15/25 12:29 PM,55 minutes and 44 seconds,Mayra Luna
Tink-a-Tako - Potranco,Silvia Hernandez,166,35,,2,9/15/25 11:26 AM,9/15/25 12:29 PM,"1 hour, 2 minutes and 25 seconds",Mayra Luna
Tink-a-Tako - Potranco,Rosa Compean,174,17,,2,9/15/25 11:39 AM,9/15/25 12:29 PM,49 minutes and 29 seconds,Mayra Luna
Tink-a-Tako - Potranco,Maria Majana,178,38,,2,9/15/25 11:41 AM,9/15/25 12:29 PM,47 minutes and 23 seconds,Mayra Luna
Tink-a-Tako - Potranco,Silvia Hernandez,172,16,,2,9/15/25 11:34 AM,9/15/25 12:29 PM,54 minutes and 23 seconds,Mayra Luna
Tink-a-Tako - Potranco,Silvia Hernandez,165,26,,2,9/15/25 11:30 AM,9/15/25 12:33 PM,"1 hour, 2 minutes and 8 seconds",Mayra Luna
Tink-a-Tako - Potranco,Candy  Del angel ,16029,,Tortillero,,9/15/25 12:42 PM,9/15/25 12:51 PM,9 minutes and 18 seconds,Mayra Luna
Tink-a-Tako - Potranco,Candy  Del angel ,16029,,Lobby,,9/15/25 12:42 PM,9/15/25 12:51 PM,9 minutes and 18 seconds,Mayra Luna
Tink-a-Tako - Potranco,Candy  Del angel ,16029,,Prep,,9/15/25 12:42 PM,9/15/25 12:51 PM,9 minutes and 18 seconds,Mayra Luna
Tink-a-Tako - Potranco,Ivana Abundiz,14005,,Lobby,,9/15/25 12:44 PM,9/15/25 12:51 PM,7 minutes and 25 seconds,Mayra Luna
Tink-a-Tako - Potranco,Rosa Compean,15014,32,Lobby,,9/15/25 12:44 PM,9/15/25 12:52 PM,8 minutes and 54 seconds,Mayra Luna
Tink-a-Tako - Potranco,Ivana Abundiz,184,,Lobby,,9/15/25 12:49 PM,9/15/25 12:53 PM,3 minutes and 34 seconds,Mayra Luna
Tink-a-Tako - Potranco,Candy  Del angel ,185,,Lobby,,9/15/25 12:52 PM,9/15/25 12:58 PM,5 minutes and 19 seconds,Mayra Luna
Tink-a-Tako - Potranco,Candy  Del angel ,186,,Lobby,,9/15/25 12:53 PM,9/15/25 12:58 PM,5 minutes,Mayra Luna
Tink-a-Tako - Potranco,Rosa Compean,15014,32,,2,9/15/25 12:52 PM,9/15/25 12:59 PM,6 minutes and 43 seconds,Mayra Luna
Tink-a-Tako - Potranco,Silvia Hernandez,15006,18,,2,9/15/25 12:20 PM,9/15/25 12:59 PM,38 minutes and 59 seconds,Mayra Luna
Tink-a-Tako - Potranco,Ivana Abundiz,184,,,2,9/15/25 12:53 PM,9/15/25 12:59 PM,6 minutes and 26 seconds,Mayra Luna
Tink-a-Tako - Potranco,Ivana Abundiz,14005,,,2,9/15/25 12:51 PM,9/15/25 12:59 PM,7 minutes and 52 seconds,Mayra Luna
Tink-a-Tako - Potranco,Candy  Del angel ,188,,Lobby,,9/15/25 12:55 PM,9/15/25 12:59 PM,4 minutes and 2 seconds,Mayra Luna
Tink-a-Tako - Potranco,Candy  Del angel ,187,,Lobby,,9/15/25 12:55 PM,9/15/25 1:02 PM,6 minutes and 48 seconds,Mayra Luna
Tink-a-Tako - Potranco,Candy  Del angel ,189,,Lobby,,9/15/25 12:58 PM,9/15/25 1:02 PM,3 minutes and 22 seconds,Mayra Luna
Tink-a-Tako - Potranco,Silvia Hernandez,192,7,Lobby,,9/15/25 1:02 PM,9/15/25 1:04 PM,2 minutes and 14 seconds,Mayra Luna
Tink-a-Tako - Potranco,Maria Majana,191,38,Lobby,,9/15/25 12:59 PM,9/15/25 1:04 PM,4 minutes and 57 seconds,Mayra Luna
Tink-a-Tako - Potranco,Lizeth Alonso,195,,Lobby,,9/15/25 1:02 PM,9/15/25 1:06 PM,3 minutes and 59 seconds,Mayra Luna
Tink-a-Tako - Potranco,Lizeth Alonso,197,,Lobby,,9/15/25 1:10 PM,9/15/25 1:13 PM,2 minutes and 55 seconds,Mayra Luna
Tink-a-Tako - Potranco,Lizeth Alonso,200,,Lobby,,9/15/25 1:11 PM,9/15/25 1:15 PM,3 minutes and 17 seconds,Mayra Luna
Tink-a-Tako - Potranco,Maria Majana,199,37,Lobby,,9/15/25 1:13 PM,9/15/25 1:20 PM,7 minutes and 37 seconds,Mayra Luna
Tink-a-Tako - Potranco,Lizeth Alonso,201,,Lobby,,9/15/25 1:20 PM,9/15/25 1:24 PM,3 minutes and 44 seconds,Mayra Luna
Tink-a-Tako - Potranco,Rosa Compean,196,23,Lobby,,9/15/25 1:20 PM,9/15/25 1:26 PM,5 minutes and 55 seconds,Mayra Luna
Tink-a-Tako - Potranco,Lizeth Alonso,203,,Lobby,,9/15/25 1:25 PM,9/15/25 1:27 PM,2 minutes and 14 seconds,Mayra Luna
Tink-a-Tako - Potranco,Maria Majana,205,,Lobby,,9/15/25 1:28 PM,9/15/25 1:30 PM,2 minutes and 43 seconds,Mayra Luna
Tink-a-Tako - Potranco,Ivana Abundiz,204,,Lobby,,9/15/25 1:27 PM,9/15/25 1:30 PM,3 minutes and 32 seconds,Mayra Luna
Tink-a-Tako - Potranco,Lizeth Alonso,202,,Lobby,,9/15/25 1:22 PM,9/15/25 1:31 PM,8 minutes and 47 seconds,Mayra Luna
Tink-a-Tako - Potranco,Rosa Compean,196,23,,2,9/15/25 1:26 PM,9/15/25 1:34 PM,8 minutes and 7 seconds,Mayra Luna
Tink-a-Tako - Potranco,Lizeth Alonso,207,,Lobby,,9/15/25 1:32 PM,9/15/25 1:35 PM,3 minutes and 5 seconds,Mayra Luna
Tink-a-Tako - Potranco,Silvia Hernandez,208,8,Lobby,,9/15/25 1:32 PM,9/15/25 1:37 PM,4 minutes and 40 seconds,Mayra Luna
Tink-a-Tako - Potranco,Lizeth Alonso,210,,Lobby,,9/15/25 1:35 PM,9/15/25 1:37 PM,2 minutes and 23 seconds,Mayra Luna
Tink-a-Tako - Potranco,Rosa Compean,209,32,Prep,,9/15/25 1:34 PM,9/15/25 1:37 PM,3 minutes and 26 seconds,Mayra Luna
Tink-a-Tako - Potranco,Rosa Compean,209,32,Lobby,,9/15/25 1:34 PM,9/15/25 1:37 PM,3 minutes and 26 seconds,Mayra Luna
Tink-a-Tako - Potranco,Maria Majana,191,38,,2,9/15/25 1:04 PM,9/15/25 1:39 PM,34 minutes and 13 seconds,Mayra Luna
Tink-a-Tako - Potranco,Maria Majana,199,37,,2,9/15/25 1:20 PM,9/15/25 1:39 PM,18 minutes and 28 seconds,Mayra Luna
Tink-a-Tako - Potranco,Silvia Hernandez,208,8,,2,9/15/25 1:37 PM,9/15/25 1:39 PM,1 minute and 36 seconds,Mayra Luna
Tink-a-Tako - Potranco,Silvia Hernandez,192,7,,2,9/15/25 1:04 PM,9/15/25 1:39 PM,34 minutes and 16 seconds,Mayra Luna
Tink-a-Tako - Potranco,Ivana Abundiz,204,,,2,9/15/25 1:30 PM,9/15/25 1:39 PM,8 minutes and 21 seconds,Mayra Luna
Tink-a-Tako - Potranco,Maria Majana,205,,,2,9/15/25 1:30 PM,9/15/25 1:39 PM,8 minutes and 27 seconds,Mayra Luna
Tink-a-Tako - Potranco,Rosa Compean,209,32,,2,9/15/25 1:37 PM,9/15/25 1:39 PM,1 minute and 43 seconds,Mayra Luna
Tink-a-Tako - Potranco,Lizeth Alonso,212,,Lobby,,9/15/25 1:38 PM,9/15/25 1:40 PM,2 minutes and 21 seconds,Mayra Luna
Tink-a-Tako - Potranco,Lizeth Alonso,211,,Lobby,,9/15/25 1:37 PM,9/15/25 1:40 PM,3 minutes and 33 seconds,Mayra Luna
Tink-a-Tako - Potranco,Sergio Abundiz,213,18,Lobby,,9/15/25 1:41 PM,9/15/25 1:48 PM,6 minutes and 59 seconds,Mayra Luna
Tink-a-Tako - Potranco,Lizeth Alonso,217,,Lobby,,9/15/25 1:50 PM,9/15/25 1:51 PM,55 seconds,Mayra Luna
Tink-a-Tako - Potranco,Lizeth Alonso,217,,Prep,,9/15/25 1:50 PM,9/15/25 1:51 PM,55 seconds,Mayra Luna
Tink-a-Tako - Potranco,Lizeth Alonso,216,,Lobby,,9/15/25 1:49 PM,9/15/25 1:51 PM,2 minutes and 40 seconds,Mayra Luna
Tink-a-Tako - Potranco,Sergio Abundiz,214,25,,2,9/15/25 1:43 PM,9/15/25 1:53 PM,10 minutes and 40 seconds,Mayra Luna
Tink-a-Tako - Potranco,Sergio Abundiz,215,24,Prep,,9/15/25 1:47 PM,9/15/25 2:01 PM,14 minutes and 33 seconds,Mayra Luna
Tink-a-Tako - Potranco,Sergio Abundiz,215,24,Lobby,,9/15/25 1:47 PM,9/15/25 2:01 PM,14 minutes and 33 seconds,Mayra Luna
Tink-a-Tako - Potranco,Lizeth Alonso,218,,Lobby,,9/15/25 1:56 PM,9/15/25 2:01 PM,5 minutes and 47 seconds,Mayra Luna
Tink-a-Tako - Potranco,Lizeth Alonso,220,,Lobby,,9/15/25 2:03 PM,9/15/25 2:07 PM,4 minutes and 25 seconds,Mayra Luna
Tink-a-Tako - Potranco,Isabel Cisneros,219,15,Prep,,9/15/25 2:01 PM,9/15/25 2:09 PM,8 minutes and 27 seconds,Mayra Luna
Tink-a-Tako - Potranco,Isabel Cisneros,219,15,Tortillero,,9/15/25 2:01 PM,9/15/25 2:09 PM,8 minutes and 27 seconds,Mayra Luna
Tink-a-Tako - Potranco,Isabel Cisneros,219,15,Lobby,,9/15/25 2:01 PM,9/15/25 2:09 PM,8 minutes and 27 seconds,Mayra Luna
Tink-a-Tako - Potranco,Sergio Abundiz,213,18,,2,9/15/25 1:48 PM,9/15/25 2:13 PM,25 minutes and 3 seconds,Mayra Luna
Tink-a-Tako - Potranco,Sergio Abundiz,215,24,,2,9/15/25 2:01 PM,9/15/25 2:13 PM,11 minutes and 26 seconds,Mayra Luna
Tink-a-Tako - Potranco,Sergio Abundiz,221,7,Lobby,,9/15/25 2:06 PM,9/15/25 2:14 PM,7 minutes and 25 seconds,Mayra Luna
Tink-a-Tako - Potranco,Sergio Abundiz,221,7,Prep,,9/15/25 2:06 PM,9/15/25 2:14 PM,7 minutes and 25 seconds,Mayra Luna
Tink-a-Tako - Potranco,Sergio Abundiz,221,7,Tortillero,,9/15/25 2:06 PM,9/15/25 2:14 PM,7 minutes and 25 seconds,Mayra Luna
Tink-a-Tako - Potranco,Isabel Cisneros,222,33,Lobby,,9/15/25 2:07 PM,9/15/25 2:16 PM,9 minutes and 28 seconds,Mayra Luna
Tink-a-Tako - Potranco,Lizeth Alonso,224,,Lobby,,9/15/25 2:11 PM,9/15/25 2:16 PM,5 minutes and 7 seconds,Mayra Luna
Tink-a-Tako - Potranco,Isabel Cisneros,223,38,Lobby,,9/15/25 2:11 PM,9/15/25 2:19 PM,7 minutes and 35 seconds,Mayra Luna
Tink-a-Tako - Potranco,Sergio Abundiz,226,39,Lobby,,9/15/25 2:18 PM,9/15/25 2:21 PM,3 minutes and 31 seconds,Mayra Luna
Tink-a-Tako - Potranco,Isabel Cisneros,222,33,,2,9/15/25 2:16 PM,9/15/25 2:29 PM,13 minutes and 11 seconds,Mayra Luna
Tink-a-Tako - Potranco,Sergio Abundiz,226,39,,2,9/15/25 2:21 PM,9/15/25 2:29 PM,8 minutes,Mayra Luna
Tink-a-Tako - Potranco,Sergio Abundiz,221,7,,2,9/15/25 2:14 PM,9/15/25 2:29 PM,15 minutes and 35 seconds,Mayra Luna
Tink-a-Tako - Potranco,Isabel Cisneros,219,15,,2,9/15/25 2:09 PM,9/15/25 2:29 PM,19 minutes and 48 seconds,Mayra Luna
Tink-a-Tako - Potranco,Isabel Cisneros,223,38,,2,9/15/25 2:19 PM,9/15/25 2:29 PM,10 minutes and 29 seconds,Mayra Luna
Tink-a-Tako - Potranco,Isabel Cisneros,227,37,Prep,,9/15/25 2:23 PM,9/15/25 2:34 PM,10 minutes and 54 seconds,Mayra Luna
Tink-a-Tako - Potranco,Isabel Cisneros,227,37,Tortillero,,9/15/25 2:23 PM,9/15/25 2:34 PM,10 minutes and 54 seconds,Mayra Luna
Tink-a-Tako - Potranco,Isabel Cisneros,227,37,Lobby,,9/15/25 2:23 PM,9/15/25 2:34 PM,10 minutes and 54 seconds,Mayra Luna
Tink-a-Tako - Potranco,Lizeth Alonso,225,,Lobby,,9/15/25 2:15 PM,9/15/25 2:37 PM,21 minutes and 40 seconds,Mayra Luna
Tink-a-Tako - Potranco,Isabel Cisneros,227,37,Lobby,,9/15/25 2:35 PM,9/15/25 2:48 PM,13 minutes and 13 seconds,Mayra Luna
Tink-a-Tako - Potranco,Isabel Cisneros,227,37,Prep,,9/15/25 2:35 PM,9/15/25 2:48 PM,13 minutes and 13 seconds,Mayra Luna
Tink-a-Tako - Potranco,Lizeth Alonso,228,,Lobby,,9/15/25 2:45 PM,9/15/25 2:54 PM,8 minutes and 55 seconds,Mayra Luna
Tink-a-Tako - Potranco,Lizeth Alonso,231,,Lobby,,9/15/25 2:59 PM,9/15/25 3:03 PM,4 minutes and 3 seconds,Mayra Luna
Tink-a-Tako - Potranco,Sergio Abundiz,229,,Lobby,,9/15/25 2:54 PM,9/15/25 3:04 PM,10 minutes and 11 seconds,Mayra Luna
Tink-a-Tako - Potranco,Lizeth Alonso,230,,Tortillero,,9/15/25 2:59 PM,9/15/25 3:04 PM,5 minutes and 41 seconds,Mayra Luna
Tink-a-Tako - Potranco,Lizeth Alonso,230,,Lobby,,9/15/25 2:59 PM,9/15/25 3:04 PM,5 minutes and 41 seconds,Mayra Luna
Tink-a-Tako - Potranco,Lizeth Alonso,230,,Prep,,9/15/25 2:59 PM,9/15/25 3:04 PM,5 minutes and 41 seconds,Mayra Luna
Tink-a-Tako - Potranco,Isabel Cisneros,233,,Tortillero,,9/15/25 3:09 PM,9/15/25 3:21 PM,12 minutes and 4 seconds,Mayra Luna
Tink-a-Tako - Potranco,Isabel Cisneros,233,,Lobby,,9/15/25 3:09 PM,9/15/25 3:21 PM,12 minutes and 4 seconds,Mayra Luna
Tink-a-Tako - Potranco,Isabel Cisneros,233,,Prep,,9/15/25 3:09 PM,9/15/25 3:21 PM,12 minutes and 4 seconds,Mayra Luna
Tink-a-Tako - Potranco,Sergio Abundiz,234,17,Lobby,,9/15/25 3:17 PM,9/15/25 3:22 PM,4 minutes and 43 seconds,Mayra Luna
Tink-a-Tako - Potranco,Sergio Abundiz,234,17,Lobby,,9/15/25 3:14 PM,9/15/25 3:22 PM,7 minutes and 6 seconds,Mayra Luna
Tink-a-Tako - Potranco,Sergio Abundiz,229,,,2,9/15/25 3:04 PM,9/15/25 3:22 PM,17 minutes and 59 seconds,Mayra Luna
Tink-a-Tako - Potranco,Isabel Cisneros,227,37,,2,9/15/25 2:48 PM,9/15/25 3:22 PM,34 minutes and 12 seconds,Mayra Luna
Tink-a-Tako - Potranco,Isabel Cisneros,233,,,2,9/15/25 3:21 PM,9/15/25 3:22 PM,1 minute and 36 seconds,Mayra Luna
Tink-a-Tako - Potranco,Isabel Cisneros,227,37,,2,9/15/25 2:34 PM,9/15/25 3:22 PM,47 minutes and 47 seconds,Mayra Luna
Tink-a-Tako - Potranco,Sergio Abundiz,234,17,,2,9/15/25 3:22 PM,9/15/25 3:22 PM,42 seconds,Mayra Luna
Tink-a-Tako - Potranco,Sergio Abundiz,234,17,,2,9/15/25 3:22 PM,9/15/25 3:22 PM,43 seconds,Mayra Luna
Tink-a-Tako - Potranco,Sergio Abundiz,234,17,Lobby,,9/15/25 3:21 PM,9/15/25 3:24 PM,2 minutes and 38 seconds,Mayra Luna
Tink-a-Tako - Potranco,Sergio Abundiz,234,17,Lobby,,9/15/25 3:24 PM,9/15/25 3:25 PM,1 minute and 2 seconds,Mayra Luna
Tink-a-Tako - Potranco,Isabel Cisneros,235,8,Prep,,9/15/25 3:21 PM,9/15/25 3:30 PM,9 minutes and 4 seconds,Mayra Luna
Tink-a-Tako - Potranco,Isabel Cisneros,235,8,Tortillero,,9/15/25 3:21 PM,9/15/25 3:30 PM,9 minutes and 4 seconds,Mayra Luna
Tink-a-Tako - Potranco,Isabel Cisneros,235,8,Lobby,,9/15/25 3:21 PM,9/15/25 3:30 PM,9 minutes and 4 seconds,Mayra Luna
Tink-a-Tako - Potranco,Lizeth Alonso,238,,Lobby,,9/15/25 3:34 PM,9/15/25 3:41 PM,7 minutes and 9 seconds,Mayra Luna
Tink-a-Tako - Potranco,Lizeth Alonso,236,,Lobby,,9/15/25 3:32 PM,9/15/25 3:41 PM,9 minutes and 15 seconds,Mayra Luna
Tink-a-Tako - Potranco,Lizeth Alonso,239,,Lobby,,9/15/25 3:35 PM,9/15/25 3:42 PM,6 minutes and 58 seconds,Mayra Luna
Tink-a-Tako - Potranco,Lizeth Alonso,241,,Lobby,,9/15/25 3:36 PM,9/15/25 3:45 PM,8 minutes and 32 seconds,Mayra Luna
Tink-a-Tako - Potranco,Lizeth Alonso,242,,Lobby,,9/15/25 3:38 PM,9/15/25 3:45 PM,7 minutes and 7 seconds,Mayra Luna
Tink-a-Tako - Potranco,Lizeth Alonso,239,,Lobby,,9/15/25 3:47 PM,9/15/25 3:50 PM,3 minutes and 36 seconds,Mayra Luna
Tink-a-Tako - Potranco,Lizeth Alonso,243,,Lobby,,9/15/25 3:43 PM,9/15/25 3:50 PM,7 minutes and 22 seconds,Mayra Luna
Tink-a-Tako - Potranco,Lizeth Alonso,245,,Lobby,,9/15/25 3:53 PM,9/15/25 3:56 PM,2 minutes and 56 seconds,Mayra Luna
Tink-a-Tako - Potranco,Lizeth Alonso,241,,Lobby,,9/15/25 3:51 PM,9/15/25 3:56 PM,4 minutes and 55 seconds,Mayra Luna
Tink-a-Tako - Potranco,Lizeth Alonso,243,,Lobby,,9/15/25 3:59 PM,9/15/25 4:02 PM,2 minutes and 25 seconds,Mayra Luna
Tink-a-Tako - Potranco,Lizeth Alonso,247,,Lobby,,9/15/25 4:01 PM,9/15/25 4:02 PM,1 minute and 37 seconds,Mayra Luna
Tink-a-Tako - Potranco,Lizeth Alonso,247,,Prep,,9/15/25 4:01 PM,9/15/25 4:02 PM,1 minute and 37 seconds,Mayra Luna
Tink-a-Tako - Potranco,Sergio Abundiz,234,17,,2,9/15/25 3:25 PM,9/15/25 4:05 PM,39 minutes and 5 seconds,Mayra Luna
Tink-a-Tako - Potranco,Isabel Cisneros,235,8,,2,9/15/25 3:30 PM,9/15/25 4:05 PM,34 minutes and 55 seconds,Mayra Luna
Tink-a-Tako - Potranco,Sergio Abundiz,234,17,,2,9/15/25 3:24 PM,9/15/25 4:05 PM,40 minutes and 36 seconds,Mayra Luna
Tink-a-Tako - Potranco,Isabel Cisneros,249,,Lobby,,9/15/25 4:03 PM,9/15/25 4:05 PM,2 minutes and 14 seconds,Mayra Luna
Tink-a-Tako - Potranco,Lizeth Alonso,250,,Lobby,,9/15/25 4:05 PM,9/15/25 4:06 PM,41 seconds,Mayra Luna
Tink-a-Tako - Potranco,Lizeth Alonso,246,,Lobby,,9/15/25 3:58 PM,9/15/25 4:09 PM,10 minutes and 39 seconds,Mayra Luna
Tink-a-Tako - Potranco,Lizeth Alonso,251,,Lobby,,9/15/25 4:06 PM,9/15/25 4:12 PM,5 minutes and 59 seconds,Mayra Luna
Tink-a-Tako - Potranco,Sergio Abundiz,252,33,Lobby,,9/15/25 4:11 PM,9/15/25 4:15 PM,4 minutes and 16 seconds,Mayra Luna
Tink-a-Tako - Potranco,Lizeth Alonso,253,,Lobby,,9/15/25 4:21 PM,9/15/25 4:27 PM,5 minutes and 50 seconds,Mayra Luna
Tink-a-Tako - Potranco,Isabel Cisneros,254,32,Lobby,,9/15/25 4:19 PM,9/15/25 4:30 PM,10 minutes and 57 seconds,Mayra Luna
Tink-a-Tako - Potranco,Lizeth Alonso,256,,Lobby,,9/15/25 4:29 PM,9/15/25 4:32 PM,2 minutes and 59 seconds,Mayra Luna
Tink-a-Tako - Potranco,Sergio Abundiz,255,39,Lobby,,9/15/25 4:24 PM,9/15/25 4:32 PM,8 minutes and 8 seconds,Mayra Luna
Tink-a-Tako - Potranco,Isabel Cisneros,257,8,Lobby,,9/15/25 4:29 PM,9/15/25 4:46 PM,16 minutes and 49 seconds,Mayra Luna
Tink-a-Tako - Potranco,Lizeth Alonso,237,,Lobby,,9/15/25 4:45 PM,9/15/25 4:47 PM,1 minute and 10 seconds,Mayra Luna
Tink-a-Tako - Potranco,Lizeth Alonso,261,,Lobby,,9/15/25 4:58 PM,9/15/25 5:00 PM,2 minutes and 36 seconds,Mayra Luna
Tink-a-Tako - Potranco,Isabel Cisneros,254,32,Lobby,,9/15/25 4:53 PM,9/15/25 5:01 PM,7 minutes and 19 seconds,Mayra Luna
Tink-a-Tako - Potranco,Lizeth Alonso,259,,Lobby,,9/15/25 4:51 PM,9/15/25 5:01 PM,9 minutes and 24 seconds,Mayra Luna
Tink-a-Tako - Potranco,Sergio Abundiz,260,25,Prep,,9/15/25 4:58 PM,9/15/25 5:04 PM,5 minutes and 58 seconds,Mayra Luna
Tink-a-Tako - Potranco,Sergio Abundiz,260,25,Tortillero,,9/15/25 4:58 PM,9/15/25 5:04 PM,5 minutes and 58 seconds,Mayra Luna
Tink-a-Tako - Potranco,Sergio Abundiz,260,25,Lobby,,9/15/25 4:58 PM,9/15/25 5:04 PM,5 minutes and 58 seconds,Mayra Luna
Tink-a-Tako - Potranco,Isabel Cisneros,263,23,Prep,,9/15/25 4:59 PM,9/15/25 5:09 PM,9 minutes and 50 seconds,Mayra Luna
Tink-a-Tako - Potranco,Isabel Cisneros,263,23,Tortillero,,9/15/25 4:59 PM,9/15/25 5:09 PM,9 minutes and 50 seconds,Mayra Luna
Tink-a-Tako - Potranco,Isabel Cisneros,263,23,Lobby,,9/15/25 4:59 PM,9/15/25 5:09 PM,9 minutes and 50 seconds,Mayra Luna
Tink-a-Tako - Potranco,Sergio Abundiz,266,,Lobby,,9/15/25 5:05 PM,9/15/25 5:12 PM,6 minutes and 30 seconds,Mayra Luna
Tink-a-Tako - Potranco,Lizeth Alonso,265,,Lobby,,9/15/25 5:06 PM,9/15/25 5:13 PM,7 minutes and 30 seconds,Mayra Luna
Tink-a-Tako - Potranco,Isabel Cisneros,254,32,,2,9/15/25 5:01 PM,9/15/25 5:14 PM,13 minutes and 26 seconds,Mayra Luna
Tink-a-Tako - Potranco,Isabel Cisneros,257,8,,2,9/15/25 4:46 PM,9/15/25 5:14 PM,27 minutes and 54 seconds,Mayra Luna
Tink-a-Tako - Potranco,Isabel Cisneros,263,23,,2,9/15/25 5:09 PM,9/15/25 5:14 PM,5 minutes and 10 seconds,Mayra Luna
Tink-a-Tako - Potranco,Sergio Abundiz,255,39,,2,9/15/25 4:32 PM,9/15/25 5:14 PM,41 minutes and 48 seconds,Mayra Luna
Tink-a-Tako - Potranco,Sergio Abundiz,260,25,,2,9/15/25 5:04 PM,9/15/25 5:14 PM,10 minutes and 43 seconds,Mayra Luna
Tink-a-Tako - Potranco,Isabel Cisneros,254,32,,2,9/15/25 4:30 PM,9/15/25 5:14 PM,44 minutes and 47 seconds,Mayra Luna
Tink-a-Tako - Potranco,Sergio Abundiz,252,33,,2,9/15/25 4:15 PM,9/15/25 5:14 PM,58 minutes and 55 seconds,Mayra Luna
Tink-a-Tako - Potranco,Isabel Cisneros,264,24,Prep,,9/15/25 5:04 PM,9/15/25 5:16 PM,12 minutes and 12 seconds,Mayra Luna
Tink-a-Tako - Potranco,Isabel Cisneros,264,24,Tortillero,,9/15/25 5:04 PM,9/15/25 5:16 PM,12 minutes and 12 seconds,Mayra Luna
Tink-a-Tako - Potranco,Isabel Cisneros,264,24,Lobby,,9/15/25 5:04 PM,9/15/25 5:16 PM,12 minutes and 12 seconds,Mayra Luna
Tink-a-Tako - Potranco,Sergio Abundiz,268,,Lobby,,9/15/25 5:22 PM,9/15/25 5:24 PM,1 minute and 34 seconds,Mayra Luna
Tink-a-Tako - Potranco,Sergio Abundiz,268,,Prep,,9/15/25 5:22 PM,9/15/25 5:24 PM,1 minute and 34 seconds,Mayra Luna
Tink-a-Tako - Potranco,Lizeth Alonso,258,,Lobby,,9/15/25 5:13 PM,9/15/25 5:24 PM,10 minutes and 44 seconds,Mayra Luna
Tink-a-Tako - Potranco,Sergio Abundiz,269,10,Lobby,,9/15/25 5:27 PM,9/15/25 5:32 PM,4 minutes and 54 seconds,Mayra Luna
Tink-a-Tako - Potranco,Lizeth Alonso,271,,Lobby,,9/15/25 5:37 PM,9/15/25 5:40 PM,3 minutes and 31 seconds,Mayra Luna
Tink-a-Tako - Potranco,Isabel Cisneros,273,8,Lobby,,9/15/25 5:51 PM,9/15/25 5:57 PM,5 minutes and 50 seconds,Mayra Luna
Tink-a-Tako - Potranco,Sergio Abundiz,274,32,Lobby,,9/15/25 5:57 PM,9/15/25 6:02 PM,5 minutes and 29 seconds,Mayra Luna
Tink-a-Tako - Potranco,Lizeth Alonso,275,,Lobby,,9/15/25 6:02 PM,9/15/25 6:03 PM,1 minute and 12 seconds,Mayra Luna
Tink-a-Tako - Potranco,Lizeth Alonso,275,,Prep,,9/15/25 6:02 PM,9/15/25 6:03 PM,1 minute and 12 seconds,Mayra Luna
Tink-a-Tako - Potranco,Lizeth Alonso,276,,Lobby,,9/15/25 6:12 PM,9/15/25 6:15 PM,2 minutes and 31 seconds,Mayra Luna
Tink-a-Tako - Potranco,Isabel Cisneros,273,8,,2,9/15/25 5:57 PM,9/15/25 6:22 PM,25 minutes and 6 seconds,Mayra Luna
Tink-a-Tako - Potranco,Sergio Abundiz,268,,,2,9/15/25 5:24 PM,9/15/25 6:22 PM,58 minutes and 34 seconds,Mayra Luna
Tink-a-Tako - Potranco,Isabel Cisneros,264,24,,2,9/15/25 5:16 PM,9/15/25 6:23 PM,"1 hour, 6 minutes and 43 seconds",Mayra Luna
Tink-a-Tako - Potranco,Sergio Abundiz,269,10,,2,9/15/25 5:32 PM,9/15/25 6:22 PM,50 minutes and 12 seconds,Mayra Luna
Tink-a-Tako - Potranco,Isabel Cisneros,249,,,2,9/15/25 4:05 PM,9/15/25 6:23 PM,"2 hours, 17 minutes and 9 seconds",Mayra Luna
Tink-a-Tako - Potranco,Sergio Abundiz,274,32,,2,9/15/25 6:02 PM,9/15/25 6:22 PM,20 minutes and 6 seconds,Mayra Luna
Tink-a-Tako - Potranco,Sergio Abundiz,266,,,2,9/15/25 5:12 PM,9/15/25 6:23 PM,"1 hour, 10 minutes and 36 seconds",Mayra Luna
Tink-a-Tako - Potranco,Isabel Cisneros,278,33,Prep,,9/15/25 6:17 PM,9/15/25 6:23 PM,5 minutes and 21 seconds,Mayra Luna
Tink-a-Tako - Potranco,Isabel Cisneros,278,33,Tortillero,,9/15/25 6:17 PM,9/15/25 6:23 PM,5 minutes and 21 seconds,Mayra Luna
Tink-a-Tako - Potranco,Isabel Cisneros,278,33,Lobby,,9/15/25 6:17 PM,9/15/25 6:23 PM,5 minutes and 21 seconds,Mayra Luna
Tink-a-Tako - Potranco,Isabel Cisneros,280,37,Lobby,,9/15/25 6:22 PM,9/15/25 6:31 PM,8 minutes and 50 seconds,Mayra Luna
Tink-a-Tako - Potranco,Isabel Cisneros,280,37,Tortillero,,9/15/25 6:22 PM,9/15/25 6:31 PM,8 minutes and 50 seconds,Mayra Luna
Tink-a-Tako - Potranco,Sergio Abundiz,281,15,Lobby,,9/15/25 6:23 PM,9/15/25 6:31 PM,7 minutes and 55 seconds,Mayra Luna
Tink-a-Tako - Potranco,Lizeth Alonso,279,,Lobby,,9/15/25 6:22 PM,9/15/25 6:31 PM,8 minutes and 55 seconds,Mayra Luna
Tink-a-Tako - Potranco,Sergio Abundiz,284,32,Lobby,,9/15/25 7:07 PM,9/15/25 7:19 PM,12 minutes and 16 seconds,Mayra Luna
Tink-a-Tako - Potranco,Isabel Cisneros,285,39,Lobby,,9/15/25 7:07 PM,9/15/25 7:20 PM,12 minutes and 15 seconds,Mayra Luna
Tink-a-Tako - Potranco,Sergio Abundiz,286,25,Lobby,,9/15/25 7:14 PM,9/15/25 7:20 PM,5 minutes and 55 seconds,Mayra Luna
Tink-a-Tako - Potranco,Isabel Cisneros,287,33,Lobby,,9/15/25 7:22 PM,9/15/25 7:34 PM,11 minutes and 46 seconds,Mayra Luna
Tink-a-Tako - Potranco,Lizeth Alonso,288,,Lobby,,9/15/25 7:38 PM,9/15/25 7:56 PM,17 minutes and 56 seconds,Mayra Luna
Tink-a-Tako - Potranco,Lizeth Alonso,289,,Lobby,,9/15/25 7:53 PM,9/15/25 8:04 PM,11 minutes and 12 seconds,Mayra Luna
Tink-a-Tako - Potranco,Sergio Abundiz,290,,Lobby,,9/15/25 7:57 PM,9/15/25 8:04 PM,7 minutes and 22 seconds,Mayra Luna
Tink-a-Tako - Potranco,Lizeth Alonso,292,,Lobby,,9/15/25 8:02 PM,9/15/25 8:28 PM,25 minutes and 57 seconds,Mayra Luna
Tink-a-Tako - Potranco,Lizeth Alonso,294,,Lobby,,9/15/25 8:27 PM,9/15/25 8:28 PM,40 seconds,Mayra Luna
Tink-a-Tako - Potranco,Isabel Cisneros,285,39,,2,9/15/25 7:20 PM,9/15/25 8:36 PM,"1 hour, 16 minutes and 28 seconds",Mayra Luna
Tink-a-Tako - Potranco,Sergio Abundiz,286,25,,2,9/15/25 7:20 PM,9/15/25 8:36 PM,"1 hour, 16 minutes and 27 seconds",Mayra Luna
Tink-a-Tako - Potranco,Sergio Abundiz,290,,,2,9/15/25 8:04 PM,9/15/25 8:36 PM,32 minutes and 1 second,Mayra Luna
Tink-a-Tako - Potranco,Isabel Cisneros,280,37,,2,9/15/25 6:31 PM,9/15/25 8:36 PM,"2 hours, 5 minutes and 32 seconds",Mayra Luna
Tink-a-Tako - Potranco,Sergio Abundiz,281,15,,2,9/15/25 6:31 PM,9/15/25 8:36 PM,"2 hours, 5 minutes and 29 seconds",Mayra Luna
Tink-a-Tako - Potranco,Isabel Cisneros,287,33,,2,9/15/25 7:34 PM,9/15/25 8:36 PM,"1 hour, 2 minutes and 3 seconds",Mayra Luna
Tink-a-Tako - Potranco,Sergio Abundiz,284,32,,2,9/15/25 7:19 PM,9/15/25 8:36 PM,"1 hour, 16 minutes and 43 seconds",Mayra Luna
Tink-a-Tako - Potranco,Isabel Cisneros,278,33,,2,9/15/25 6:23 PM,9/15/25 8:36 PM,"2 hours, 13 minutes and 23 seconds",Mayra Luna
Tink-a-Tako - Potranco,Sergio Abundiz,293,,Lobby,,9/15/25 8:34 PM,9/15/25 8:41 PM,6 minutes and 20 seconds,Mayra Luna
Tink-a-Tako - Potranco,Lizeth Alonso,296,,Lobby,,9/15/25 8:37 PM,9/15/25 8:42 PM,4 minutes and 34 seconds,Mayra Luna
Tink-a-Tako - Potranco,Sergio Abundiz,297,,Lobby,,9/15/25 8:42 PM,9/15/25 8:49 PM,7 minutes and 21 seconds,Mayra Luna
Tink-a-Tako - Potranco,Sergio Abundiz,297,,,2,9/15/25 8:49 PM,9/15/25 9:17 PM,27 minutes and 59 seconds,Mayra Luna
Tink-a-Tako - Potranco,Sergio Abundiz,293,,,2,9/15/25 8:41 PM,9/15/25 9:18 PM,37 minutes and 10 seconds,Mayra Luna
