Employee,Job Title,Regular Hours,Overtime Hours,Hourly Rate,Regular Pay,Overtime Pay,Total Pay,Net Sales,Declared Tips,Non-Cash Tips,Total Tips,Tips Withheld,Total Gratuity,Employee ID,Job Code,Location,Location Code
"Abundiz, Ivana",Host,6.34,0.0,14.00,88.76,0.00,88.76,129.98,,3.69,3.69,0.00,0.00,,,Tink-a-Tako - Potranco,
"Abundiz, Sergio",Server,7.7,0.0,,,,,574.71,,28.00,28.00,0.00,0.00,,,Tink-a-Tako - Potranco,
"Alonso, Lizeth",Host,8.16,0.0,13.00,106.08,0.00,106.08,598.20,,25.91,25.91,0.00,0.00,,,Tink-a-Tako - Potranco,
"Aviles, Genaro",Cook,9.92,0.0,15.00,148.80,0.00,148.80,0.00,,0.00,0.00,0.00,0.00,,,Tink-a-Tako - Potranco,
"Brito, Victor ",Regular,7.42,0.0,12.00,89.04,0.00,89.04,0.00,,0.00,0.00,0.00,0.00,,,Tink-a-Tako - Potranco,
"Calderon, Jesus",Cook,7.02,0.0,,,,,0.00,,0.00,0.00,0.00,0.00,,,Tink-a-Tako - Potranco,
"Cisneros, Isabel",Server,7.32,0.0,3.00,21.96,0.00,21.96,470.38,,65.31,65.31,0.00,0.00,,,Tink-a-Tako - Potranco,
"Compean, Rosa",Server,6.19,0.0,3.00,18.57,0.00,18.57,563.55,,74.80,74.80,0.00,0.00,,,Tink-a-Tako - Potranco,
"Del angel , Candy ",Drive-Thru,6.58,0.0,15.00,98.70,0.00,98.70,1301.99,,46.29,46.29,0.00,0.00,,,Tink-a-Tako - Potranco,
"Diaz, Diego",Cook,8.61,0.0,,,,,0.00,,0.00,0.00,0.00,0.00,,,Tink-a-Tako - Potranco,
"Gonzales (Line) , Maria",Cook,15.66,0.0,14.00,219.24,0.00,219.24,0.00,,0.00,0.00,0.00,0.00,,,Tink-a-Tako - Potranco,
"Gonzalez, Maria ",Tortillero,7.47,0.0,13.00,97.11,0.00,97.11,0.00,,0.00,0.00,0.00,0.00,,,Tink-a-Tako - Potranco,
"Hernandez, Silvia",Server,6.09,0.0,3.00,18.27,0.00,18.27,536.38,,50.96,50.96,0.00,0.00,,,Tink-a-Tako - Potranco,
"Luna, Mayra",Shift Manager / Assistant Manager,7.07,0.0,,,,,0.00,,0.00,0.00,0.00,0.00,1919,,Tink-a-Tako - Potranco,
"Majana, Maria",Server,7.68,0.0,3.00,23.04,0.00,23.04,742.25,,72.83,72.83,0.00,0.00,,,Tink-a-Tako - Potranco,
"ORDONEZ, Rosie ",Shift Manager / Assistant Manager,7.51,0.0,,,,,4.89,,0.00,0.00,0.00,0.00,,,Tink-a-Tako - Potranco,
"Ramirez Perez, Silvia",Cook,8.53,0.0,17.00,145.01,0.00,145.01,0.00,,0.00,0.00,0.00,0.00,,,Tink-a-Tako - Potranco,
"Serrato, Joshua ",Busser,5.38,0.0,12.00,64.56,0.00,64.56,0.00,,0.00,0.00,0.00,0.00,,,Tink-a-Tako - Potranco,
"huerta, Arturo ",Dishwasher,7.03,0.0,12.00,84.36,0.00,84.36,0.00,,0.00,0.00,0.00,0.00,,,Tink-a-Tako - Potranco,
