Location,Server,Check #,Table,Station,Expediter Level,Fired Date,Fulfilled Date,Fulfillment Time,Fulfilled By
Tink-a-Tako - Potranco,Nadia  Reyes,1,,Lobby,,10/9/25 6:29 AM,10/9/25 6:34 AM,5 minutes and 20 seconds,Mayra Luna
Tink-a-Tako - Potranco,Nadia  Reyes,3,,Lobby,,10/9/25 6:34 AM,10/9/25 6:38 AM,4 minutes and 10 seconds,Mayra Luna
Tink-a-Tako - Potranco,Nadia  Reyes,4,,Lobby,,10/9/25 6:38 AM,10/9/25 6:39 AM,49 seconds,Mayra Luna
Tink-a-Tako - Potranco,Nadia  Reyes,5,,Lobby,,10/9/25 6:39 AM,10/9/25 6:39 AM,16 seconds,Mayra Luna
Tink-a-Tako - Potranco,Nadia  Reyes,6,,Lobby,,10/9/25 6:39 AM,10/9/25 6:40 AM,26 seconds,Mayra Luna
Tink-a-Tako - Potranco,Nadia  Reyes,7,,Lobby,,10/9/25 6:40 AM,10/9/25 6:43 AM,2 minutes and 58 seconds,Mayra Luna
Tink-a-Tako - Potranco,Nadia  Reyes,8,,Lobby,,10/9/25 6:42 AM,10/9/25 6:44 AM,2 minutes and 25 seconds,Mayra Luna
Tink-a-Tako - Potranco,Nadia  Reyes,9,,Lobby,,10/9/25 6:44 AM,10/9/25 6:45 AM,1 minute and 29 seconds,Mayra Luna
Tink-a-Tako - Potranco,Nadia  Reyes,9,,Prep,,10/9/25 6:44 AM,10/9/25 6:45 AM,1 minute and 29 seconds,Mayra Luna
Tink-a-Tako - Potranco,Nadia  Reyes,10,,Lobby,,10/9/25 6:45 AM,10/9/25 6:46 AM,1 minute and 5 seconds,Mayra Luna
Tink-a-Tako - Potranco,Nadia  Reyes,12,,Lobby,,10/9/25 6:52 AM,10/9/25 6:55 AM,3 minutes,Mayra Luna
Tink-a-Tako - Potranco,Nadia  Reyes,13,,Lobby,,10/9/25 6:56 AM,10/9/25 6:58 AM,2 minutes and 8 seconds,Mayra Luna
Tink-a-Tako - Potranco,Nadia  Reyes,15,,Lobby,,10/9/25 6:57 AM,10/9/25 6:59 AM,2 minutes and 1 second,Mayra Luna
Tink-a-Tako - Potranco,Nadia  Reyes,16,,Lobby,,10/9/25 6:57 AM,10/9/25 7:00 AM,2 minutes and 6 seconds,Mayra Luna
Tink-a-Tako - Potranco,Norma Vasquez,14,12,Lobby,,10/9/25 6:58 AM,10/9/25 7:01 AM,3 minutes and 24 seconds,Mayra Luna
Tink-a-Tako - Potranco,Nadia  Reyes,17,,Lobby,,10/9/25 7:00 AM,10/9/25 7:02 AM,2 minutes and 34 seconds,Mayra Luna
Tink-a-Tako - Potranco,Norma Vasquez,14,12,Lobby,,10/9/25 6:52 AM,10/9/25 7:02 AM,10 minutes and 25 seconds,Mayra Luna
Tink-a-Tako - Potranco,Nadia  Reyes,18,,Lobby,,10/9/25 7:01 AM,10/9/25 7:04 AM,3 minutes and 31 seconds,Mayra Luna
Tink-a-Tako - Potranco,Nadia  Reyes,19,,Lobby,,10/9/25 7:03 AM,10/9/25 7:06 AM,2 minutes and 52 seconds,Mayra Luna
Tink-a-Tako - Potranco,Norma Vasquez,11,,Lobby,,10/9/25 6:48 AM,10/9/25 7:07 AM,18 minutes and 56 seconds,Mayra Luna
Tink-a-Tako - Potranco,Nadia  Reyes,21,,Lobby,,10/9/25 7:08 AM,10/9/25 7:09 AM,1 minute and 5 seconds,Mayra Luna
Tink-a-Tako - Potranco,Nadia  Reyes,22,,Lobby,,10/9/25 7:08 AM,10/9/25 7:10 AM,1 minute and 57 seconds,Mayra Luna
Tink-a-Tako - Potranco,Nadia  Reyes,20,,Lobby,,10/9/25 7:07 AM,10/9/25 7:11 AM,4 minutes and 15 seconds,Mayra Luna
Tink-a-Tako - Potranco,Nadia  Reyes,23,,Lobby,,10/9/25 7:11 AM,10/9/25 7:12 AM,1 minute and 11 seconds,Mayra Luna
Tink-a-Tako - Potranco,Nadia  Reyes,24,,Lobby,,10/9/25 7:15 AM,10/9/25 7:15 AM,54 seconds,Mayra Luna
Tink-a-Tako - Potranco,Nadia  Reyes,24,,Prep,,10/9/25 7:15 AM,10/9/25 7:15 AM,54 seconds,Mayra Luna
Tink-a-Tako - Potranco,Rosie  ORDONEZ,25,36,Lobby,,10/9/25 7:14 AM,10/9/25 7:17 AM,2 minutes and 55 seconds,Mayra Luna
Tink-a-Tako - Potranco,Nadia  Reyes,27,,Lobby,,10/9/25 7:17 AM,10/9/25 7:17 AM,39 seconds,Mayra Luna
Tink-a-Tako - Potranco,Norma Vasquez,28,,Lobby,,10/9/25 7:17 AM,10/9/25 7:18 AM,59 seconds,Mayra Luna
Tink-a-Tako - Potranco,Nadia  Reyes,26,,Lobby,,10/9/25 7:15 AM,10/9/25 7:18 AM,3 minutes and 10 seconds,Mayra Luna
Tink-a-Tako - Potranco,Nadia  Reyes,30,,Lobby,,10/9/25 7:18 AM,10/9/25 7:20 AM,1 minute and 31 seconds,Mayra Luna
Tink-a-Tako - Potranco,Nadia  Reyes,31,,Lobby,,10/9/25 7:20 AM,10/9/25 7:21 AM,54 seconds,Mayra Luna
Tink-a-Tako - Potranco,Norma Vasquez,14,12,,2,10/9/25 7:02 AM,10/9/25 7:23 AM,20 minutes and 30 seconds,Mayra Luna
Tink-a-Tako - Potranco,Rosie  ORDONEZ,25,36,,2,10/9/25 7:17 AM,10/9/25 7:23 AM,5 minutes and 53 seconds,Mayra Luna
Tink-a-Tako - Potranco,Norma Vasquez,28,,,2,10/9/25 7:18 AM,10/9/25 7:23 AM,4 minutes and 47 seconds,Mayra Luna
Tink-a-Tako - Potranco,Norma Vasquez,11,,,2,10/9/25 7:07 AM,10/9/25 7:23 AM,16 minutes and 23 seconds,Mayra Luna
Tink-a-Tako - Potranco,Norma Vasquez,14,12,,2,10/9/25 7:01 AM,10/9/25 7:23 AM,21 minutes and 49 seconds,Mayra Luna
Tink-a-Tako - Potranco,Nadia  Reyes,33,,Lobby,,10/9/25 7:24 AM,10/9/25 7:26 AM,1 minute and 46 seconds,Mayra Luna
Tink-a-Tako - Potranco,Nadia  Reyes,32,,Lobby,,10/9/25 7:23 AM,10/9/25 7:29 AM,6 minutes,Mayra Luna
Tink-a-Tako - Potranco,Nadia  Reyes,18,,Lobby,,10/9/25 7:27 AM,10/9/25 7:29 AM,2 minutes and 12 seconds,Mayra Luna
Tink-a-Tako - Potranco,Nadia  Reyes,34,,Lobby,,10/9/25 7:27 AM,10/9/25 7:29 AM,2 minutes and 38 seconds,Mayra Luna
Tink-a-Tako - Potranco,Nadia  Reyes,35,,Lobby,,10/9/25 7:29 AM,10/9/25 7:32 AM,2 minutes and 41 seconds,Mayra Luna
Tink-a-Tako - Potranco,Nadia  Reyes,37,,Lobby,,10/9/25 7:34 AM,10/9/25 7:34 AM,28 seconds,Mayra Luna
Tink-a-Tako - Potranco,Norma Vasquez,36,31,Lobby,,10/9/25 7:34 AM,10/9/25 7:36 AM,2 minutes and 25 seconds,Mayra Luna
Tink-a-Tako - Potranco,Norma Vasquez,38,,Lobby,,10/9/25 7:35 AM,10/9/25 7:37 AM,1 minute and 44 seconds,Mayra Luna
Tink-a-Tako - Potranco,Nadia  Reyes,34,,Lobby,,10/9/25 7:35 AM,10/9/25 7:37 AM,1 minute and 48 seconds,Mayra Luna
Tink-a-Tako - Potranco,Nadia  Reyes,40,,Lobby,,10/9/25 7:41 AM,10/9/25 7:41 AM,19 seconds,Mayra Luna
Tink-a-Tako - Potranco,Nadia  Reyes,41,,Lobby,,10/9/25 7:41 AM,10/9/25 7:42 AM,57 seconds,Mayra Luna
Tink-a-Tako - Potranco,Nadia  Reyes,42,,Lobby,,10/9/25 7:42 AM,10/9/25 7:44 AM,1 minute and 34 seconds,Mayra Luna
Tink-a-Tako - Potranco,Nadia  Reyes,44,,Lobby,,10/9/25 7:43 AM,10/9/25 7:44 AM,1 minute and 28 seconds,Mayra Luna
Tink-a-Tako - Potranco,Nadia  Reyes,45,,Lobby,,10/9/25 7:44 AM,10/9/25 7:46 AM,1 minute and 4 seconds,Mayra Luna
Tink-a-Tako - Potranco,Nadia  Reyes,46,,Lobby,,10/9/25 7:46 AM,10/9/25 7:46 AM,38 seconds,Mayra Luna
Tink-a-Tako - Potranco,Nadia  Reyes,47,,Lobby,,10/9/25 7:48 AM,10/9/25 7:51 AM,2 minutes and 52 seconds,Mayra Luna
Tink-a-Tako - Potranco,Nadia  Reyes,49,,Lobby,,10/9/25 7:50 AM,10/9/25 7:54 AM,3 minutes and 29 seconds,Mayra Luna
Tink-a-Tako - Potranco,Norma Vasquez,38,,,2,10/9/25 7:37 AM,10/9/25 7:55 AM,18 minutes and 2 seconds,Mayra Luna
Tink-a-Tako - Potranco,Nadia  Reyes,48,,Lobby,,10/9/25 7:50 AM,10/9/25 7:55 AM,5 minutes and 12 seconds,Mayra Luna
Tink-a-Tako - Potranco,Norma Vasquez,36,31,,2,10/9/25 7:36 AM,10/9/25 7:55 AM,18 minutes and 45 seconds,Mayra Luna
Tink-a-Tako - Potranco,Norma Vasquez,50,3,Lobby,,10/9/25 7:54 AM,10/9/25 7:57 AM,2 minutes and 51 seconds,Mayra Luna
Tink-a-Tako - Potranco,Nadia  Reyes,51,,Lobby,,10/9/25 7:56 AM,10/9/25 8:01 AM,4 minutes and 43 seconds,Mayra Luna
Tink-a-Tako - Potranco,Nadia  Reyes,52,,Lobby,,10/9/25 8:02 AM,10/9/25 8:03 AM,37 seconds,Mayra Luna
Tink-a-Tako - Potranco,Nadia  Reyes,53,,Lobby,,10/9/25 8:03 AM,10/9/25 8:04 AM,44 seconds,Mayra Luna
Tink-a-Tako - Potranco,Norma Vasquez,55,18,Lobby,,10/9/25 8:03 AM,10/9/25 8:07 AM,3 minutes and 30 seconds,Mayra Luna
Tink-a-Tako - Potranco,Norma Vasquez,50,3,Lobby,,10/9/25 7:59 AM,10/9/25 8:07 AM,7 minutes and 28 seconds,Mayra Luna
Tink-a-Tako - Potranco,Nadia  Reyes,57,,Lobby,,10/9/25 8:05 AM,10/9/25 8:07 AM,2 minutes and 32 seconds,Mayra Luna
Tink-a-Tako - Potranco,Nadia  Reyes,60,,Lobby,,10/9/25 8:08 AM,10/9/25 8:09 AM,47 seconds,Mayra Luna
Tink-a-Tako - Potranco,Norma Vasquez,56,25,Lobby,,10/9/25 8:03 AM,10/9/25 8:09 AM,5 minutes and 59 seconds,Mayra Luna
Tink-a-Tako - Potranco,Nadia  Reyes,58,,Lobby,,10/9/25 8:06 AM,10/9/25 8:11 AM,5 minutes and 1 second,Mayra Luna
Tink-a-Tako - Potranco,Nadia  Reyes,61,,Lobby,,10/9/25 8:10 AM,10/9/25 8:11 AM,1 minute and 20 seconds,Mayra Luna
Tink-a-Tako - Potranco,Nadia  Reyes,59,,Lobby,,10/9/25 8:07 AM,10/9/25 8:13 AM,6 minutes and 11 seconds,Mayra Luna
Tink-a-Tako - Potranco,Ivana Abundiz,63,,Lobby,,10/9/25 8:13 AM,10/9/25 8:14 AM,1 minute and 32 seconds,Mayra Luna
Tink-a-Tako - Potranco,Ivana Abundiz,63,,Prep,,10/9/25 8:13 AM,10/9/25 8:14 AM,1 minute and 32 seconds,Mayra Luna
Tink-a-Tako - Potranco,Nadia  Reyes,62,,Lobby,,10/9/25 8:12 AM,10/9/25 8:15 AM,2 minutes and 39 seconds,Mayra Luna
Tink-a-Tako - Potranco,Nadia  Reyes,49,,Lobby,,10/9/25 8:14 AM,10/9/25 8:15 AM,1 minute and 35 seconds,Mayra Luna
Tink-a-Tako - Potranco,Ivana Abundiz,63,,,2,10/9/25 8:14 AM,10/9/25 8:17 AM,2 minutes and 25 seconds,Mayra Luna
Tink-a-Tako - Potranco,Norma Vasquez,50,3,,2,10/9/25 7:57 AM,10/9/25 8:17 AM,19 minutes and 15 seconds,Mayra Luna
Tink-a-Tako - Potranco,Norma Vasquez,55,18,,2,10/9/25 8:07 AM,10/9/25 8:17 AM,9 minutes and 55 seconds,Mayra Luna
Tink-a-Tako - Potranco,Norma Vasquez,56,25,,2,10/9/25 8:09 AM,10/9/25 8:17 AM,7 minutes and 9 seconds,Mayra Luna
Tink-a-Tako - Potranco,Norma Vasquez,50,3,,2,10/9/25 8:07 AM,10/9/25 8:17 AM,9 minutes and 56 seconds,Mayra Luna
Tink-a-Tako - Potranco,Norma Vasquez,65,32,Lobby,,10/9/25 8:13 AM,10/9/25 8:18 AM,5 minutes and 42 seconds,Mayra Luna
Tink-a-Tako - Potranco,Norma Vasquez,65,32,Prep,,10/9/25 8:13 AM,10/9/25 8:18 AM,5 minutes and 42 seconds,Mayra Luna
Tink-a-Tako - Potranco,Norma Vasquez,67,7,Lobby,,10/9/25 8:14 AM,10/9/25 8:18 AM,4 minutes and 12 seconds,Mayra Luna
Tink-a-Tako - Potranco,Norma Vasquez,71,26,Lobby,,10/9/25 8:17 AM,10/9/25 8:18 AM,1 minute and 35 seconds,Mayra Luna
Tink-a-Tako - Potranco,Ivana Abundiz,66,,Lobby,,10/9/25 8:13 AM,10/9/25 8:19 AM,5 minutes and 47 seconds,Mayra Luna
Tink-a-Tako - Potranco,Nadia  Reyes,68,,Lobby,,10/9/25 8:16 AM,10/9/25 8:19 AM,3 minutes and 25 seconds,Mayra Luna
Tink-a-Tako - Potranco,Nadia  Reyes,69,,Lobby,,10/9/25 8:16 AM,10/9/25 8:20 AM,3 minutes and 20 seconds,Mayra Luna
Tink-a-Tako - Potranco,Nadia  Reyes,72,,Lobby,,10/9/25 8:19 AM,10/9/25 8:22 AM,3 minutes and 19 seconds,Mayra Luna
Tink-a-Tako - Potranco,Nadia  Reyes,73,,Lobby,,10/9/25 8:20 AM,10/9/25 8:27 AM,6 minutes and 45 seconds,Mayra Luna
Tink-a-Tako - Potranco,Nadia  Reyes,74,,Lobby,,10/9/25 8:22 AM,10/9/25 8:27 AM,4 minutes and 30 seconds,Mayra Luna
Tink-a-Tako - Potranco,Norma Vasquez,71,26,,2,10/9/25 8:18 AM,10/9/25 8:27 AM,8 minutes and 44 seconds,Mayra Luna
Tink-a-Tako - Potranco,Norma Vasquez,67,7,,2,10/9/25 8:18 AM,10/9/25 8:27 AM,8 minutes and 43 seconds,Mayra Luna
Tink-a-Tako - Potranco,Norma Vasquez,65,32,,2,10/9/25 8:18 AM,10/9/25 8:27 AM,8 minutes and 44 seconds,Mayra Luna
Tink-a-Tako - Potranco,Ivana Abundiz,66,,,2,10/9/25 8:19 AM,10/9/25 8:27 AM,8 minutes and 27 seconds,Mayra Luna
Tink-a-Tako - Potranco,Ivana Abundiz,75,,Lobby,,10/9/25 8:23 AM,10/9/25 8:27 AM,4 minutes and 51 seconds,Mayra Luna
Tink-a-Tako - Potranco,Nadia  Reyes,76,,Lobby,,10/9/25 8:24 AM,10/9/25 8:28 AM,4 minutes and 17 seconds,Mayra Luna
Tink-a-Tako - Potranco,Nadia  Reyes,77,,Lobby,,10/9/25 8:25 AM,10/9/25 8:29 AM,3 minutes and 36 seconds,Mayra Luna
Tink-a-Tako - Potranco,Nadia  Reyes,78,,Lobby,,10/9/25 8:28 AM,10/9/25 8:29 AM,44 seconds,Mayra Luna
Tink-a-Tako - Potranco,Nadia  Reyes,80,,Lobby,,10/9/25 8:32 AM,10/9/25 8:35 AM,2 minutes and 42 seconds,Mayra Luna
Tink-a-Tako - Potranco,Nadia  Reyes,81,,Lobby,,10/9/25 8:33 AM,10/9/25 8:36 AM,2 minutes and 31 seconds,Mayra Luna
Tink-a-Tako - Potranco,Nadia  Reyes,82,,Lobby,,10/9/25 8:34 AM,10/9/25 8:36 AM,2 minutes and 8 seconds,Mayra Luna
Tink-a-Tako - Potranco,Esperansa Caviedes,84,32,Lobby,,10/9/25 8:36 AM,10/9/25 8:37 AM,56 seconds,Mayra Luna
Tink-a-Tako - Potranco,Nadia  Reyes,83,,Lobby,,10/9/25 8:36 AM,10/9/25 8:40 AM,3 minutes and 19 seconds,Mayra Luna
Tink-a-Tako - Potranco,Nadia  Reyes,86,,Lobby,,10/9/25 8:38 AM,10/9/25 8:40 AM,2 minutes and 28 seconds,Mayra Luna
Tink-a-Tako - Potranco,Ivana Abundiz,85,,Lobby,,10/9/25 8:38 AM,10/9/25 8:42 AM,3 minutes and 26 seconds,Mayra Luna
Tink-a-Tako - Potranco,Ivana Abundiz,88,,Lobby,,10/9/25 8:42 AM,10/9/25 8:43 AM,1 minute and 33 seconds,Mayra Luna
Tink-a-Tako - Potranco,Esperansa Caviedes,84,32,Lobby,,10/9/25 8:40 AM,10/9/25 8:45 AM,4 minutes and 53 seconds,Mayra Luna
Tink-a-Tako - Potranco,Esperansa Caviedes,84,32,Lobby,,10/9/25 8:45 AM,10/9/25 8:47 AM,1 minute and 49 seconds,Mayra Luna
Tink-a-Tako - Potranco,Isabel Cisneros,90,8,Lobby,,10/9/25 8:42 AM,10/9/25 8:48 AM,6 minutes and 24 seconds,Mayra Luna
Tink-a-Tako - Potranco,Nadia  Reyes,93,,Lobby,,10/9/25 8:48 AM,10/9/25 8:50 AM,2 minutes and 13 seconds,Mayra Luna
Tink-a-Tako - Potranco,Nadia  Reyes,87,,Lobby,,10/9/25 8:41 AM,10/9/25 8:51 AM,9 minutes and 51 seconds,Mayra Luna
Tink-a-Tako - Potranco,Nadia  Reyes,91,,Tortillero,,10/9/25 8:43 AM,10/9/25 8:52 AM,9 minutes and 15 seconds,Mayra Luna
Tink-a-Tako - Potranco,Nadia  Reyes,91,,Lobby,,10/9/25 8:43 AM,10/9/25 8:52 AM,9 minutes and 15 seconds,Mayra Luna
Tink-a-Tako - Potranco,Nadia  Reyes,91,,Prep,,10/9/25 8:43 AM,10/9/25 8:52 AM,9 minutes and 15 seconds,Mayra Luna
Tink-a-Tako - Potranco,Ivana Abundiz,75,,,2,10/9/25 8:27 AM,10/9/25 8:52 AM,24 minutes and 42 seconds,Mayra Luna
Tink-a-Tako - Potranco,Esperansa Caviedes,84,32,,2,10/9/25 8:37 AM,10/9/25 8:52 AM,15 minutes and 17 seconds,Mayra Luna
Tink-a-Tako - Potranco,Ivana Abundiz,88,,,2,10/9/25 8:43 AM,10/9/25 8:52 AM,9 minutes and 9 seconds,Mayra Luna
Tink-a-Tako - Potranco,Ivana Abundiz,85,,,2,10/9/25 8:42 AM,10/9/25 8:52 AM,10 minutes and 39 seconds,Mayra Luna
Tink-a-Tako - Potranco,Esperansa Caviedes,84,32,,2,10/9/25 8:45 AM,10/9/25 8:52 AM,7 minutes and 36 seconds,Mayra Luna
Tink-a-Tako - Potranco,Isabel Cisneros,90,8,,2,10/9/25 8:48 AM,10/9/25 8:52 AM,4 minutes and 5 seconds,Mayra Luna
Tink-a-Tako - Potranco,Esperansa Caviedes,84,32,,2,10/9/25 8:47 AM,10/9/25 8:52 AM,4 minutes and 59 seconds,Mayra Luna
Tink-a-Tako - Potranco,Esperansa Caviedes,84,32,Lobby,,10/9/25 8:52 AM,10/9/25 8:53 AM,43 seconds,Mayra Luna
Tink-a-Tako - Potranco,Nadia  Reyes,94,,Lobby,,10/9/25 8:49 AM,10/9/25 8:54 AM,4 minutes and 25 seconds,Mayra Luna
Tink-a-Tako - Potranco,Nadia  Reyes,94,,Lobby,,10/9/25 8:55 AM,10/9/25 8:56 AM,45 seconds,Mayra Luna
Tink-a-Tako - Potranco,Norma Vasquez,98,24,Lobby,,10/9/25 8:54 AM,10/9/25 8:57 AM,3 minutes and 6 seconds,Mayra Luna
Tink-a-Tako - Potranco,Ivana Abundiz,97,,Tortillero,,10/9/25 8:53 AM,10/9/25 8:59 AM,5 minutes and 49 seconds,Mayra Luna
Tink-a-Tako - Potranco,Ivana Abundiz,97,,Lobby,,10/9/25 8:53 AM,10/9/25 8:59 AM,5 minutes and 49 seconds,Mayra Luna
Tink-a-Tako - Potranco,Ivana Abundiz,96,,Lobby,,10/9/25 8:51 AM,10/9/25 9:03 AM,12 minutes and 5 seconds,Mayra Luna
Tink-a-Tako - Potranco,Nadia  Reyes,103,,Lobby,,10/9/25 9:01 AM,10/9/25 9:04 AM,3 minutes and 36 seconds,Mayra Luna
Tink-a-Tako - Potranco,Ivana Abundiz,102,,Lobby,,10/9/25 9:01 AM,10/9/25 9:05 AM,3 minutes and 23 seconds,Mayra Luna
Tink-a-Tako - Potranco,Ivana Abundiz,102,,Prep,,10/9/25 9:01 AM,10/9/25 9:05 AM,3 minutes and 23 seconds,Mayra Luna
Tink-a-Tako - Potranco,Ivana Abundiz,99,,Lobby,,10/9/25 8:55 AM,10/9/25 9:05 AM,10 minutes and 7 seconds,Mayra Luna
Tink-a-Tako - Potranco,Nadia  Reyes,100,,Lobby,,10/9/25 8:58 AM,10/9/25 9:06 AM,7 minutes and 49 seconds,Mayra Luna
Tink-a-Tako - Potranco,Nadia  Reyes,109,,Lobby,,10/9/25 9:06 AM,10/9/25 9:07 AM,1 minute and 19 seconds,Mayra Luna
Tink-a-Tako - Potranco,Norma Vasquez,98,24,,2,10/9/25 8:57 AM,10/9/25 9:08 AM,10 minutes and 48 seconds,Mayra Luna
Tink-a-Tako - Potranco,Ivana Abundiz,97,,,2,10/9/25 8:59 AM,10/9/25 9:08 AM,8 minutes and 22 seconds,Mayra Luna
Tink-a-Tako - Potranco,Nadia  Reyes,108,,Lobby,,10/9/25 9:05 AM,10/9/25 9:08 AM,2 minutes and 45 seconds,Mayra Luna
Tink-a-Tako - Potranco,Nadia  Reyes,106,,Lobby,,10/9/25 9:04 AM,10/9/25 9:09 AM,5 minutes and 15 seconds,Mayra Luna
Tink-a-Tako - Potranco,Nadia  Reyes,106,,Lobby,,10/9/25 9:08 AM,10/9/25 9:10 AM,2 minutes,Mayra Luna
Tink-a-Tako - Potranco,Norma Vasquez,105,15,Lobby,,10/9/25 9:02 AM,10/9/25 9:10 AM,7 minutes and 56 seconds,Mayra Luna
Tink-a-Tako - Potranco,Esperansa Caviedes,101,21,Prep,,10/9/25 9:00 AM,10/9/25 9:10 AM,10 minutes and 15 seconds,Mayra Luna
Tink-a-Tako - Potranco,Esperansa Caviedes,101,21,Lobby,,10/9/25 9:00 AM,10/9/25 9:10 AM,10 minutes and 15 seconds,Mayra Luna
Tink-a-Tako - Potranco,Esperansa Caviedes,101,21,Tortillero,,10/9/25 9:00 AM,10/9/25 9:10 AM,10 minutes and 15 seconds,Mayra Luna
Tink-a-Tako - Potranco,Isabel Cisneros,107,25,Lobby,,10/9/25 9:05 AM,10/9/25 9:10 AM,5 minutes and 32 seconds,Mayra Luna
Tink-a-Tako - Potranco,Nadia  Reyes,110,,Lobby,,10/9/25 9:07 AM,10/9/25 9:11 AM,4 minutes and 11 seconds,Mayra Luna
Tink-a-Tako - Potranco,Nadia  Reyes,111,,Lobby,,10/9/25 9:08 AM,10/9/25 9:11 AM,3 minutes and 19 seconds,Mayra Luna
Tink-a-Tako - Potranco,Ivana Abundiz,102,,,2,10/9/25 9:05 AM,10/9/25 9:12 AM,7 minutes and 2 seconds,Mayra Luna
Tink-a-Tako - Potranco,Ivana Abundiz,96,,,2,10/9/25 9:03 AM,10/9/25 9:12 AM,8 minutes and 35 seconds,Mayra Luna
Tink-a-Tako - Potranco,Esperansa Caviedes,101,21,,2,10/9/25 9:10 AM,10/9/25 9:12 AM,1 minute and 27 seconds,Mayra Luna
Tink-a-Tako - Potranco,Esperansa Caviedes,84,32,,2,10/9/25 8:53 AM,10/9/25 9:12 AM,18 minutes and 49 seconds,Mayra Luna
Tink-a-Tako - Potranco,Ivana Abundiz,99,,,2,10/9/25 9:05 AM,10/9/25 9:12 AM,6 minutes and 20 seconds,Mayra Luna
Tink-a-Tako - Potranco,Norma Vasquez,105,15,,2,10/9/25 9:10 AM,10/9/25 9:12 AM,1 minute and 28 seconds,Mayra Luna
Tink-a-Tako - Potranco,Isabel Cisneros,107,25,,2,10/9/25 9:10 AM,10/9/25 9:12 AM,1 minute and 29 seconds,Mayra Luna
Tink-a-Tako - Potranco,Nadia  Reyes,112,,Lobby,,10/9/25 9:12 AM,10/9/25 9:13 AM,57 seconds,Mayra Luna
Tink-a-Tako - Potranco,Nadia  Reyes,114,,Lobby,,10/9/25 9:13 AM,10/9/25 9:13 AM,35 seconds,Mayra Luna
Tink-a-Tako - Potranco,Ivana Abundiz,116,,Lobby,,10/9/25 9:14 AM,10/9/25 9:14 AM,37 seconds,Mayra Luna
Tink-a-Tako - Potranco,Ivana Abundiz,113,,Lobby,,10/9/25 9:13 AM,10/9/25 9:16 AM,2 minutes and 55 seconds,Mayra Luna
Tink-a-Tako - Potranco,Nadia  Reyes,118,,Lobby,,10/9/25 9:17 AM,10/9/25 9:17 AM,36 seconds,Mayra Luna
Tink-a-Tako - Potranco,Nadia  Reyes,117,,Lobby,,10/9/25 9:15 AM,10/9/25 9:17 AM,1 minute and 57 seconds,Mayra Luna
Tink-a-Tako - Potranco,Ivana Abundiz,116,,,2,10/9/25 9:14 AM,10/9/25 9:18 AM,3 minutes and 42 seconds,Mayra Luna
Tink-a-Tako - Potranco,Ivana Abundiz,113,,,2,10/9/25 9:16 AM,10/9/25 9:21 AM,5 minutes and 34 seconds,Mayra Luna
Tink-a-Tako - Potranco,Isabel Cisneros,121,10,Lobby,,10/9/25 9:22 AM,10/9/25 9:23 AM,58 seconds,Mayra Luna
Tink-a-Tako - Potranco,Isabel Cisneros,121,10,,2,10/9/25 9:23 AM,10/9/25 9:24 AM,48 seconds,Mayra Luna
Tink-a-Tako - Potranco,Norma Vasquez,119,35,Lobby,,10/9/25 9:18 AM,10/9/25 9:25 AM,6 minutes and 58 seconds,Mayra Luna
Tink-a-Tako - Potranco,Nadia  Reyes,123,,Lobby,,10/9/25 9:25 AM,10/9/25 9:26 AM,1 minute,Mayra Luna
Tink-a-Tako - Potranco,Norma Vasquez,119,35,,2,10/9/25 9:25 AM,10/9/25 9:26 AM,50 seconds,Mayra Luna
Tink-a-Tako - Potranco,Nadia  Reyes,122,,Lobby,,10/9/25 9:24 AM,10/9/25 9:26 AM,2 minutes and 12 seconds,Mayra Luna
Tink-a-Tako - Potranco,Esperansa Caviedes,120,37,Prep,,10/9/25 9:19 AM,10/9/25 9:28 AM,8 minutes and 35 seconds,Mayra Luna
Tink-a-Tako - Potranco,Esperansa Caviedes,120,37,Lobby,,10/9/25 9:19 AM,10/9/25 9:28 AM,8 minutes and 35 seconds,Mayra Luna
Tink-a-Tako - Potranco,Esperansa Caviedes,120,37,Tortillero,,10/9/25 9:19 AM,10/9/25 9:28 AM,8 minutes and 35 seconds,Mayra Luna
Tink-a-Tako - Potranco,Esperansa Caviedes,120,37,,2,10/9/25 9:28 AM,10/9/25 9:29 AM,31 seconds,Mayra Luna
Tink-a-Tako - Potranco,Nadia  Reyes,126,,Lobby,,10/9/25 9:28 AM,10/9/25 9:29 AM,1 minute and 18 seconds,Mayra Luna
Tink-a-Tako - Potranco,Nadia  Reyes,125,,Lobby,,10/9/25 9:27 AM,10/9/25 9:33 AM,6 minutes and 45 seconds,Mayra Luna
Tink-a-Tako - Potranco,Isabel Cisneros,121,10,Lobby,,10/9/25 9:33 AM,10/9/25 9:34 AM,1 minute and 22 seconds,Mayra Luna
Tink-a-Tako - Potranco,Nadia  Reyes,127,,Lobby,,10/9/25 9:29 AM,10/9/25 9:34 AM,5 minutes and 4 seconds,Mayra Luna
Tink-a-Tako - Potranco,Nadia  Reyes,128,,Lobby,,10/9/25 9:32 AM,10/9/25 9:36 AM,3 minutes and 25 seconds,Mayra Luna
Tink-a-Tako - Potranco,Nadia  Reyes,131,,Lobby,,10/9/25 9:35 AM,10/9/25 9:36 AM,1 minute and 12 seconds,Mayra Luna
Tink-a-Tako - Potranco,Norma Vasquez,132,33,Lobby,,10/9/25 9:36 AM,10/9/25 9:36 AM,52 seconds,Mayra Luna
Tink-a-Tako - Potranco,Nadia  Reyes,128,,Lobby,,10/9/25 9:36 AM,10/9/25 9:37 AM,35 seconds,Mayra Luna
Tink-a-Tako - Potranco,Nadia  Reyes,133,,Lobby,,10/9/25 9:36 AM,10/9/25 9:38 AM,1 minute and 40 seconds,Mayra Luna
Tink-a-Tako - Potranco,Esperansa Caviedes,120,37,Lobby,,10/9/25 9:36 AM,10/9/25 9:39 AM,3 minutes and 12 seconds,Mayra Luna
Tink-a-Tako - Potranco,Nadia  Reyes,134,,Lobby,,10/9/25 9:38 AM,10/9/25 9:40 AM,2 minutes and 18 seconds,Mayra Luna
Tink-a-Tako - Potranco,Nadia  Reyes,134,,Prep,,10/9/25 9:38 AM,10/9/25 9:40 AM,2 minutes and 18 seconds,Mayra Luna
Tink-a-Tako - Potranco,Norma Vasquez,119,35,Lobby,,10/9/25 9:40 AM,10/9/25 9:41 AM,41 seconds,Mayra Luna
Tink-a-Tako - Potranco,Nadia  Reyes,138,,Lobby,,10/9/25 9:42 AM,10/9/25 9:45 AM,2 minutes and 36 seconds,Mayra Luna
Tink-a-Tako - Potranco,Norma Vasquez,119,35,,2,10/9/25 9:41 AM,10/9/25 9:45 AM,4 minutes and 7 seconds,Mayra Luna
Tink-a-Tako - Potranco,Esperansa Caviedes,120,37,,2,10/9/25 9:39 AM,10/9/25 9:45 AM,5 minutes and 49 seconds,Mayra Luna
Tink-a-Tako - Potranco,Isabel Cisneros,121,10,,2,10/9/25 9:34 AM,10/9/25 9:45 AM,11 minutes and 12 seconds,Mayra Luna
Tink-a-Tako - Potranco,Norma Vasquez,132,33,,2,10/9/25 9:36 AM,10/9/25 9:45 AM,8 minutes and 40 seconds,Mayra Luna
Tink-a-Tako - Potranco,Esperansa Caviedes,136,22,Lobby,,10/9/25 9:40 AM,10/9/25 9:47 AM,7 minutes and 16 seconds,Mayra Luna
Tink-a-Tako - Potranco,Nadia  Reyes,140,,Lobby,,10/9/25 9:46 AM,10/9/25 9:49 AM,2 minutes and 42 seconds,Mayra Luna
Tink-a-Tako - Potranco,Nadia  Reyes,140,,Prep,,10/9/25 9:46 AM,10/9/25 9:49 AM,2 minutes and 42 seconds,Mayra Luna
Tink-a-Tako - Potranco,Nadia  Reyes,139,,Lobby,,10/9/25 9:44 AM,10/9/25 9:50 AM,5 minutes and 13 seconds,Mayra Luna
Tink-a-Tako - Potranco,Nadia  Reyes,144,,Lobby,,10/9/25 9:48 AM,10/9/25 9:50 AM,1 minute and 44 seconds,Mayra Luna
Tink-a-Tako - Potranco,Isabel Cisneros,143,9,Lobby,,10/9/25 9:48 AM,10/9/25 9:51 AM,3 minutes and 28 seconds,Mayra Luna
Tink-a-Tako - Potranco,Isabel Cisneros,143,9,Prep,,10/9/25 9:48 AM,10/9/25 9:51 AM,3 minutes and 28 seconds,Mayra Luna
Tink-a-Tako - Potranco,Nadia  Reyes,145,,Lobby,,10/9/25 9:49 AM,10/9/25 9:52 AM,3 minutes and 4 seconds,Mayra Luna
Tink-a-Tako - Potranco,Esperansa Caviedes,146,26,Lobby,,10/9/25 9:51 AM,10/9/25 9:53 AM,1 minute and 46 seconds,Mayra Luna
Tink-a-Tako - Potranco,Nadia  Reyes,147,,Lobby,,10/9/25 9:52 AM,10/9/25 9:55 AM,3 minutes and 11 seconds,Mayra Luna
Tink-a-Tako - Potranco,Esperansa Caviedes,136,22,,2,10/9/25 9:47 AM,10/9/25 9:55 AM,8 minutes and 11 seconds,Mayra Luna
Tink-a-Tako - Potranco,Esperansa Caviedes,146,26,,2,10/9/25 9:53 AM,10/9/25 9:55 AM,1 minute and 54 seconds,Mayra Luna
Tink-a-Tako - Potranco,Isabel Cisneros,143,9,,2,10/9/25 9:51 AM,10/9/25 9:55 AM,3 minutes and 44 seconds,Mayra Luna
Tink-a-Tako - Potranco,Ivana Abundiz,150,,Lobby,,10/9/25 9:55 AM,10/9/25 9:58 AM,3 minutes and 12 seconds,Mayra Luna
Tink-a-Tako - Potranco,Ivana Abundiz,150,,Prep,,10/9/25 9:55 AM,10/9/25 9:58 AM,3 minutes and 12 seconds,Mayra Luna
Tink-a-Tako - Potranco,Norma Vasquez,148,23,Prep,,10/9/25 9:52 AM,10/9/25 9:59 AM,7 minutes and 10 seconds,Mayra Luna
Tink-a-Tako - Potranco,Norma Vasquez,148,23,Lobby,,10/9/25 9:52 AM,10/9/25 9:59 AM,7 minutes and 10 seconds,Mayra Luna
Tink-a-Tako - Potranco,Norma Vasquez,148,23,Tortillero,,10/9/25 9:52 AM,10/9/25 9:59 AM,7 minutes and 10 seconds,Mayra Luna
Tink-a-Tako - Potranco,Nadia  Reyes,151,,Lobby,,10/9/25 9:57 AM,10/9/25 9:59 AM,2 minutes and 34 seconds,Mayra Luna
Tink-a-Tako - Potranco,Nadia  Reyes,153,,Lobby,,10/9/25 9:59 AM,10/9/25 10:00 AM,1 minute and 14 seconds,Mayra Luna
Tink-a-Tako - Potranco,Nadia  Reyes,152,,Lobby,,10/9/25 9:58 AM,10/9/25 10:01 AM,3 minutes and 29 seconds,Mayra Luna
Tink-a-Tako - Potranco,Nadia  Reyes,154,,Lobby,,10/9/25 10:01 AM,10/9/25 10:02 AM,51 seconds,Mayra Luna
Tink-a-Tako - Potranco,Nadia  Reyes,156,,Lobby,,10/9/25 10:04 AM,10/9/25 10:06 AM,1 minute and 23 seconds,Mayra Luna
Tink-a-Tako - Potranco,Isabel Cisneros,155,34,Lobby,,10/9/25 10:03 AM,10/9/25 10:06 AM,2 minutes and 39 seconds,Mayra Luna
Tink-a-Tako - Potranco,Norma Vasquez,158,18,Lobby,,10/9/25 10:05 AM,10/9/25 10:07 AM,2 minutes and 28 seconds,Mayra Luna
Tink-a-Tako - Potranco,Ivana Abundiz,157,,Lobby,,10/9/25 10:04 AM,10/9/25 10:07 AM,3 minutes and 1 second,Mayra Luna
Tink-a-Tako - Potranco,Nadia  Reyes,159,,Lobby,,10/9/25 10:08 AM,10/9/25 10:10 AM,2 minutes and 55 seconds,Mayra Luna
Tink-a-Tako - Potranco,Nadia  Reyes,160,,Lobby,,10/9/25 10:09 AM,10/9/25 10:11 AM,2 minutes and 34 seconds,Mayra Luna
Tink-a-Tako - Potranco,Nadia  Reyes,160,,Prep,,10/9/25 10:09 AM,10/9/25 10:11 AM,2 minutes and 34 seconds,Mayra Luna
Tink-a-Tako - Potranco,Nadia  Reyes,167,,Lobby,,10/9/25 10:11 AM,10/9/25 10:12 AM,48 seconds,Mayra Luna
Tink-a-Tako - Potranco,Esperansa Caviedes,146,26,Lobby,,10/9/25 10:09 AM,10/9/25 10:16 AM,6 minutes and 47 seconds,Mayra Luna
Tink-a-Tako - Potranco,Esperansa Caviedes,146,26,Tortillero,,10/9/25 10:09 AM,10/9/25 10:16 AM,6 minutes and 47 seconds,Mayra Luna
Tink-a-Tako - Potranco,Nadia  Reyes,164,,Lobby,,10/9/25 10:11 AM,10/9/25 10:16 AM,4 minutes and 55 seconds,Mayra Luna
Tink-a-Tako - Potranco,Norma Vasquez,169,10,Lobby,,10/9/25 10:14 AM,10/9/25 10:16 AM,1 minute and 39 seconds,Mayra Luna
Tink-a-Tako - Potranco,Norma Vasquez,169,10,Prep,,10/9/25 10:14 AM,10/9/25 10:16 AM,1 minute and 39 seconds,Mayra Luna
Tink-a-Tako - Potranco,Norma Vasquez,168,11,Prep,,10/9/25 10:11 AM,10/9/25 10:16 AM,4 minutes and 52 seconds,Mayra Luna
Tink-a-Tako - Potranco,Norma Vasquez,168,11,Lobby,,10/9/25 10:11 AM,10/9/25 10:16 AM,4 minutes and 52 seconds,Mayra Luna
Tink-a-Tako - Potranco,Norma Vasquez,168,11,Tortillero,,10/9/25 10:11 AM,10/9/25 10:16 AM,4 minutes and 52 seconds,Mayra Luna
Tink-a-Tako - Potranco,Ivana Abundiz,165,,Lobby,,10/9/25 10:11 AM,10/9/25 10:18 AM,7 minutes and 6 seconds,Mayra Luna
Tink-a-Tako - Potranco,Ivana Abundiz,165,,Prep,,10/9/25 10:11 AM,10/9/25 10:18 AM,7 minutes and 6 seconds,Mayra Luna
Tink-a-Tako - Potranco,Nadia  Reyes,170,,Lobby,,10/9/25 10:20 AM,10/9/25 10:21 AM,51 seconds,Mayra Luna
Tink-a-Tako - Potranco,Nadia  Reyes,171,,Lobby,,10/9/25 10:20 AM,10/9/25 10:21 AM,50 seconds,Mayra Luna
Tink-a-Tako - Potranco,Isabel Cisneros,172,,Lobby,,10/9/25 10:24 AM,10/9/25 10:26 AM,1 minute and 57 seconds,Mayra Luna
Tink-a-Tako - Potranco,Esperansa Caviedes,101,21,Lobby,,10/9/25 10:28 AM,10/9/25 10:33 AM,5 minutes and 24 seconds,Mayra Luna
Tink-a-Tako - Potranco,Isabel Cisneros,173,41,Lobby,,10/9/25 10:28 AM,10/9/25 10:33 AM,5 minutes and 18 seconds,Mayra Luna
Tink-a-Tako - Potranco,Nadia  Reyes,174,,Lobby,,10/9/25 10:29 AM,10/9/25 10:34 AM,4 minutes and 37 seconds,Mayra Luna
Tink-a-Tako - Potranco,Norma Vasquez,169,10,Lobby,,10/9/25 10:35 AM,10/9/25 10:36 AM,38 seconds,Mayra Luna
Tink-a-Tako - Potranco,Norma Vasquez,178,25,Lobby,,10/9/25 10:32 AM,10/9/25 10:37 AM,5 minutes and 35 seconds,Mayra Luna
Tink-a-Tako - Potranco,Isabel Cisneros,172,,Lobby,,10/9/25 10:30 AM,10/9/25 10:37 AM,7 minutes and 3 seconds,Mayra Luna
Tink-a-Tako - Potranco,Esperansa Caviedes,101,21,,2,10/9/25 10:33 AM,10/9/25 10:38 AM,4 minutes and 54 seconds,Mayra Luna
Tink-a-Tako - Potranco,Norma Vasquez,169,10,,2,10/9/25 10:16 AM,10/9/25 10:38 AM,22 minutes and 15 seconds,Mayra Luna
Tink-a-Tako - Potranco,Isabel Cisneros,172,,,2,10/9/25 10:26 AM,10/9/25 10:38 AM,11 minutes and 48 seconds,Mayra Luna
Tink-a-Tako - Potranco,Isabel Cisneros,173,41,,2,10/9/25 10:33 AM,10/9/25 10:38 AM,4 minutes and 57 seconds,Mayra Luna
Tink-a-Tako - Potranco,Ivana Abundiz,165,,,2,10/9/25 10:18 AM,10/9/25 10:38 AM,19 minutes and 44 seconds,Mayra Luna
Tink-a-Tako - Potranco,Esperansa Caviedes,146,26,,2,10/9/25 10:16 AM,10/9/25 10:38 AM,22 minutes and 43 seconds,Mayra Luna
Tink-a-Tako - Potranco,Norma Vasquez,158,18,,2,10/9/25 10:07 AM,10/9/25 10:38 AM,31 minutes and 3 seconds,Mayra Luna
Tink-a-Tako - Potranco,Ivana Abundiz,157,,,2,10/9/25 10:07 AM,10/9/25 10:38 AM,30 minutes and 50 seconds,Mayra Luna
Tink-a-Tako - Potranco,Norma Vasquez,148,23,,2,10/9/25 9:59 AM,10/9/25 10:38 AM,39 minutes and 27 seconds,Mayra Luna
Tink-a-Tako - Potranco,Isabel Cisneros,155,34,,2,10/9/25 10:06 AM,10/9/25 10:38 AM,32 minutes and 21 seconds,Mayra Luna
Tink-a-Tako - Potranco,Ivana Abundiz,150,,,2,10/9/25 9:58 AM,10/9/25 10:38 AM,40 minutes and 2 seconds,Mayra Luna
Tink-a-Tako - Potranco,Norma Vasquez,178,25,,2,10/9/25 10:37 AM,10/9/25 10:38 AM,55 seconds,Mayra Luna
Tink-a-Tako - Potranco,Isabel Cisneros,172,,,2,10/9/25 10:37 AM,10/9/25 10:38 AM,1 minute and 16 seconds,Mayra Luna
Tink-a-Tako - Potranco,Norma Vasquez,169,10,,2,10/9/25 10:36 AM,10/9/25 10:38 AM,2 minutes and 36 seconds,Mayra Luna
Tink-a-Tako - Potranco,Norma Vasquez,168,11,,2,10/9/25 10:16 AM,10/9/25 10:38 AM,22 minutes and 19 seconds,Mayra Luna
Tink-a-Tako - Potranco,Esperansa Caviedes,181,7,Lobby,,10/9/25 10:37 AM,10/9/25 10:39 AM,2 minutes and 34 seconds,Mayra Luna
Tink-a-Tako - Potranco,Esperansa Caviedes,177,18,Lobby,,10/9/25 10:33 AM,10/9/25 10:39 AM,6 minutes and 29 seconds,Mayra Luna
Tink-a-Tako - Potranco,Norma Vasquez,176,20,Lobby,,10/9/25 10:31 AM,10/9/25 10:40 AM,8 minutes and 50 seconds,Mayra Luna
Tink-a-Tako - Potranco,Esperansa Caviedes,177,18,Lobby,,10/9/25 10:40 AM,10/9/25 10:41 AM,1 minute and 24 seconds,Mayra Luna
Tink-a-Tako - Potranco,Nadia  Reyes,179,,Lobby,,10/9/25 10:36 AM,10/9/25 10:42 AM,5 minutes and 43 seconds,Mayra Luna
Tink-a-Tako - Potranco,Nadia  Reyes,179,,Prep,,10/9/25 10:36 AM,10/9/25 10:42 AM,5 minutes and 43 seconds,Mayra Luna
Tink-a-Tako - Potranco,Nadia  Reyes,182,,Lobby,,10/9/25 10:37 AM,10/9/25 10:42 AM,5 minutes and 3 seconds,Mayra Luna
Tink-a-Tako - Potranco,Norma Vasquez,176,20,,2,10/9/25 10:40 AM,10/9/25 10:43 AM,2 minutes and 54 seconds,Mayra Luna
Tink-a-Tako - Potranco,Esperansa Caviedes,177,18,,2,10/9/25 10:39 AM,10/9/25 10:43 AM,3 minutes and 35 seconds,Mayra Luna
Tink-a-Tako - Potranco,Esperansa Caviedes,181,7,,2,10/9/25 10:39 AM,10/9/25 10:43 AM,3 minutes and 36 seconds,Mayra Luna
Tink-a-Tako - Potranco,Esperansa Caviedes,177,18,,2,10/9/25 10:41 AM,10/9/25 10:43 AM,1 minute and 23 seconds,Mayra Luna
Tink-a-Tako - Potranco,Nadia  Reyes,183,,Lobby,,10/9/25 10:40 AM,10/9/25 10:43 AM,3 minutes and 16 seconds,Mayra Luna
Tink-a-Tako - Potranco,Norma Vasquez,176,20,Lobby,,10/9/25 10:44 AM,10/9/25 10:44 AM,47 seconds,Mayra Luna
Tink-a-Tako - Potranco,Isabel Cisneros,184,32,Lobby,,10/9/25 10:44 AM,10/9/25 10:46 AM,2 minutes and 31 seconds,Mayra Luna
Tink-a-Tako - Potranco,Isabel Cisneros,184,32,Prep,,10/9/25 10:44 AM,10/9/25 10:46 AM,2 minutes and 31 seconds,Mayra Luna
Tink-a-Tako - Potranco,Isabel Cisneros,172,,Lobby,,10/9/25 10:43 AM,10/9/25 10:46 AM,3 minutes and 19 seconds,Mayra Luna
Tink-a-Tako - Potranco,Nadia  Reyes,186,,Lobby,,10/9/25 10:47 AM,10/9/25 10:49 AM,2 minutes and 21 seconds,Mayra Luna
Tink-a-Tako - Potranco,Nadia  Reyes,186,,Prep,,10/9/25 10:47 AM,10/9/25 10:49 AM,2 minutes and 21 seconds,Mayra Luna
Tink-a-Tako - Potranco,Nadia  Reyes,188,,Lobby,,10/9/25 10:48 AM,10/9/25 10:50 AM,2 minutes and 10 seconds,Mayra Luna
Tink-a-Tako - Potranco,Nadia  Reyes,191,,Lobby,,10/9/25 10:51 AM,10/9/25 10:54 AM,2 minutes and 7 seconds,Mayra Luna
Tink-a-Tako - Potranco,Norma Vasquez,176,20,,2,10/9/25 10:44 AM,10/9/25 10:54 AM,9 minutes and 30 seconds,Mayra Luna
Tink-a-Tako - Potranco,Isabel Cisneros,184,32,Lobby,,10/9/25 10:49 AM,10/9/25 10:54 AM,5 minutes and 20 seconds,Mayra Luna
Tink-a-Tako - Potranco,Isabel Cisneros,172,,,2,10/9/25 10:46 AM,10/9/25 10:54 AM,7 minutes and 25 seconds,Mayra Luna
Tink-a-Tako - Potranco,Norma Vasquez,189,22,Lobby,,10/9/25 10:50 AM,10/9/25 10:54 AM,4 minutes and 1 second,Mayra Luna
Tink-a-Tako - Potranco,Isabel Cisneros,184,32,,2,10/9/25 10:46 AM,10/9/25 10:54 AM,7 minutes and 27 seconds,Mayra Luna
Tink-a-Tako - Potranco,Isabel Cisneros,185,15,Lobby,,10/9/25 10:46 AM,10/9/25 10:54 AM,8 minutes and 24 seconds,Mayra Luna
Tink-a-Tako - Potranco,Esperansa Caviedes,187,33,Lobby,,10/9/25 10:49 AM,10/9/25 10:54 AM,4 minutes and 51 seconds,Mayra Luna
Tink-a-Tako - Potranco,Nadia  Reyes,192,,Lobby,,10/9/25 10:52 AM,10/9/25 10:54 AM,1 minute and 55 seconds,Mayra Luna
Tink-a-Tako - Potranco,Ivana Abundiz,194,,Lobby,,10/9/25 10:53 AM,10/9/25 10:55 AM,2 minutes and 2 seconds,Mayra Luna
Tink-a-Tako - Potranco,Ivana Abundiz,194,,Prep,,10/9/25 10:53 AM,10/9/25 10:55 AM,2 minutes and 2 seconds,Mayra Luna
Tink-a-Tako - Potranco,Nadia  Reyes,197,,Lobby,,10/9/25 10:58 AM,10/9/25 11:00 AM,1 minute and 9 seconds,Mayra Luna
Tink-a-Tako - Potranco,Isabel Cisneros,195,23,Lobby,,10/9/25 10:55 AM,10/9/25 11:01 AM,5 minutes and 25 seconds,Mayra Luna
Tink-a-Tako - Potranco,Norma Vasquez,196,3,Lobby,,10/9/25 10:56 AM,10/9/25 11:01 AM,4 minutes and 33 seconds,Mayra Luna
Tink-a-Tako - Potranco,Nadia  Reyes,199,,Lobby,,10/9/25 11:01 AM,10/9/25 11:03 AM,1 minute and 46 seconds,Mayra Luna
Tink-a-Tako - Potranco,Nadia  Reyes,202,,Lobby,,10/9/25 11:04 AM,10/9/25 11:07 AM,2 minutes and 52 seconds,Mayra Luna
Tink-a-Tako - Potranco,Isabel Cisneros,184,32,,2,10/9/25 10:54 AM,10/9/25 11:07 AM,13 minutes,Mayra Luna
Tink-a-Tako - Potranco,Esperansa Caviedes,187,33,,2,10/9/25 10:54 AM,10/9/25 11:07 AM,12 minutes and 59 seconds,Mayra Luna
Tink-a-Tako - Potranco,Isabel Cisneros,185,15,,2,10/9/25 10:54 AM,10/9/25 11:07 AM,13 minutes and 2 seconds,Mayra Luna
Tink-a-Tako - Potranco,Norma Vasquez,189,22,,2,10/9/25 10:54 AM,10/9/25 11:07 AM,13 minutes and 5 seconds,Mayra Luna
Tink-a-Tako - Potranco,Ivana Abundiz,194,,,2,10/9/25 10:55 AM,10/9/25 11:07 AM,11 minutes and 48 seconds,Mayra Luna
Tink-a-Tako - Potranco,Isabel Cisneros,195,23,,2,10/9/25 11:01 AM,10/9/25 11:07 AM,6 minutes and 25 seconds,Mayra Luna
Tink-a-Tako - Potranco,Norma Vasquez,196,3,,2,10/9/25 11:01 AM,10/9/25 11:07 AM,6 minutes and 28 seconds,Mayra Luna
Tink-a-Tako - Potranco,Isabel Cisneros,201,10,Prep,,10/9/25 11:04 AM,10/9/25 11:08 AM,3 minutes and 42 seconds,Mayra Luna
Tink-a-Tako - Potranco,Isabel Cisneros,201,10,Lobby,,10/9/25 11:04 AM,10/9/25 11:08 AM,3 minutes and 42 seconds,Mayra Luna
Tink-a-Tako - Potranco,Nadia  Reyes,205,,Lobby,,10/9/25 11:07 AM,10/9/25 11:09 AM,2 minutes and 6 seconds,Mayra Luna
Tink-a-Tako - Potranco,Esperansa Caviedes,200,2,Lobby,,10/9/25 11:04 AM,10/9/25 11:12 AM,7 minutes and 24 seconds,Mayra Luna
Tink-a-Tako - Potranco,Norma Vasquez,198,35,Lobby,,10/9/25 11:02 AM,10/9/25 11:12 AM,9 minutes and 37 seconds,Mayra Luna
Tink-a-Tako - Potranco,Esperansa Caviedes,200,2,Prep,,10/9/25 11:04 AM,10/9/25 11:12 AM,7 minutes and 24 seconds,Mayra Luna
Tink-a-Tako - Potranco,Esperansa Caviedes,204,24,Lobby,,10/9/25 11:07 AM,10/9/25 11:12 AM,4 minutes and 47 seconds,Mayra Luna
Tink-a-Tako - Potranco,Isabel Cisneros,201,10,Prep,,10/9/25 11:08 AM,10/9/25 11:13 AM,5 minutes and 22 seconds,Mayra Luna
Tink-a-Tako - Potranco,Isabel Cisneros,201,10,Lobby,,10/9/25 11:08 AM,10/9/25 11:13 AM,5 minutes and 22 seconds,Mayra Luna
Tink-a-Tako - Potranco,Norma Vasquez,176,20,Lobby,,10/9/25 11:04 AM,10/9/25 11:13 AM,8 minutes and 49 seconds,Mayra Luna
Tink-a-Tako - Potranco,Nadia  Reyes,206,,Lobby,,10/9/25 11:10 AM,10/9/25 11:14 AM,3 minutes and 48 seconds,Mayra Luna
Tink-a-Tako - Potranco,Isabel Cisneros,201,10,,2,10/9/25 11:13 AM,10/9/25 11:14 AM,59 seconds,Mayra Luna
Tink-a-Tako - Potranco,Norma Vasquez,203,17,Prep,,10/9/25 11:05 AM,10/9/25 11:15 AM,9 minutes and 54 seconds,Mayra Luna
Tink-a-Tako - Potranco,Norma Vasquez,203,17,Lobby,,10/9/25 11:05 AM,10/9/25 11:15 AM,9 minutes and 54 seconds,Mayra Luna
Tink-a-Tako - Potranco,Norma Vasquez,203,17,Tortillero,,10/9/25 11:05 AM,10/9/25 11:15 AM,9 minutes and 54 seconds,Mayra Luna
Tink-a-Tako - Potranco,Nadia  Reyes,207,,Lobby,,10/9/25 11:13 AM,10/9/25 11:15 AM,1 minute and 51 seconds,Mayra Luna
Tink-a-Tako - Potranco,Nadia  Reyes,207,,Tortillero,,10/9/25 11:13 AM,10/9/25 11:15 AM,1 minute and 51 seconds,Mayra Luna
Tink-a-Tako - Potranco,Isabel Cisneros,201,10,Lobby,,10/9/25 11:08 AM,10/9/25 11:16 AM,7 minutes and 32 seconds,Mayra Luna
Tink-a-Tako - Potranco,Nadia  Reyes,208,,Lobby,,10/9/25 11:16 AM,10/9/25 11:18 AM,2 minutes and 29 seconds,Mayra Luna
Tink-a-Tako - Potranco,Nadia  Reyes,209,,Lobby,,10/9/25 11:17 AM,10/9/25 11:23 AM,6 minutes and 15 seconds,Mayra Luna
Tink-a-Tako - Potranco,Ivana Abundiz,211,,Lobby,,10/9/25 11:21 AM,10/9/25 11:25 AM,3 minutes and 48 seconds,Mayra Luna
Tink-a-Tako - Potranco,Ivana Abundiz,211,,Prep,,10/9/25 11:21 AM,10/9/25 11:25 AM,3 minutes and 48 seconds,Mayra Luna
Tink-a-Tako - Potranco,Nadia  Reyes,212,,Lobby,,10/9/25 11:26 AM,10/9/25 11:27 AM,1 minute and 20 seconds,Mayra Luna
Tink-a-Tako - Potranco,Nadia  Reyes,215,,Lobby,,10/9/25 11:28 AM,10/9/25 11:29 AM,1 minute and 27 seconds,Mayra Luna
Tink-a-Tako - Potranco,Ivana Abundiz,211,,,2,10/9/25 11:25 AM,10/9/25 11:30 AM,5 minutes and 19 seconds,Mayra Luna
Tink-a-Tako - Potranco,Isabel Cisneros,201,10,,2,10/9/25 11:16 AM,10/9/25 11:30 AM,14 minutes and 58 seconds,Mayra Luna
Tink-a-Tako - Potranco,Esperansa Caviedes,200,2,,2,10/9/25 11:12 AM,10/9/25 11:31 AM,19 minutes,Mayra Luna
Tink-a-Tako - Potranco,Esperansa Caviedes,204,24,,2,10/9/25 11:12 AM,10/9/25 11:31 AM,18 minutes and 53 seconds,Mayra Luna
Tink-a-Tako - Potranco,Norma Vasquez,176,20,,2,10/9/25 11:13 AM,10/9/25 11:31 AM,17 minutes and 22 seconds,Mayra Luna
Tink-a-Tako - Potranco,Isabel Cisneros,201,10,,2,10/9/25 11:08 AM,10/9/25 11:31 AM,22 minutes and 57 seconds,Mayra Luna
Tink-a-Tako - Potranco,Norma Vasquez,198,35,,2,10/9/25 11:12 AM,10/9/25 11:31 AM,19 minutes and 2 seconds,Mayra Luna
Tink-a-Tako - Potranco,Norma Vasquez,203,17,,2,10/9/25 11:15 AM,10/9/25 11:31 AM,16 minutes and 3 seconds,Mayra Luna
Tink-a-Tako - Potranco,Ivana Abundiz,213,,Lobby,,10/9/25 11:27 AM,10/9/25 11:32 AM,4 minutes and 44 seconds,Mayra Luna
Tink-a-Tako - Potranco,Nadia  Reyes,216,,Lobby,,10/9/25 11:31 AM,10/9/25 11:33 AM,2 minutes and 24 seconds,Mayra Luna
Tink-a-Tako - Potranco,Nadia  Reyes,217,,Lobby,,10/9/25 11:32 AM,10/9/25 11:33 AM,1 minute and 21 seconds,Mayra Luna
Tink-a-Tako - Potranco,Nadia  Reyes,219,,Lobby,,10/9/25 11:33 AM,10/9/25 11:34 AM,47 seconds,Mayra Luna
Tink-a-Tako - Potranco,Nadia  Reyes,220,,Lobby,,10/9/25 11:34 AM,10/9/25 11:38 AM,3 minutes and 26 seconds,Mayra Luna
Tink-a-Tako - Potranco,Isabel Cisneros,224,32,Lobby,,10/9/25 11:37 AM,10/9/25 11:39 AM,1 minute and 45 seconds,Mayra Luna
Tink-a-Tako - Potranco,Ivana Abundiz,225,,Lobby,,10/9/25 11:37 AM,10/9/25 11:40 AM,2 minutes and 29 seconds,Mayra Luna
Tink-a-Tako - Potranco,Nadia  Reyes,227,,Lobby,,10/9/25 11:39 AM,10/9/25 11:40 AM,1 minute and 23 seconds,Mayra Luna
Tink-a-Tako - Potranco,Nadia  Reyes,226,,Tortillero,,10/9/25 11:38 AM,10/9/25 11:42 AM,3 minutes and 56 seconds,Mayra Luna
Tink-a-Tako - Potranco,Nadia  Reyes,226,,Lobby,,10/9/25 11:38 AM,10/9/25 11:42 AM,3 minutes and 56 seconds,Mayra Luna
Tink-a-Tako - Potranco,Nadia  Reyes,226,,Prep,,10/9/25 11:38 AM,10/9/25 11:42 AM,3 minutes and 56 seconds,Mayra Luna
Tink-a-Tako - Potranco,Isabel Cisneros,214,,Lobby,,10/9/25 11:29 AM,10/9/25 11:43 AM,14 minutes and 11 seconds,Mayra Luna
Tink-a-Tako - Potranco,Nadia  Reyes,229,,Lobby,,10/9/25 11:41 AM,10/9/25 11:44 AM,2 minutes and 40 seconds,Mayra Luna
Tink-a-Tako - Potranco,Brianna  Arias ,228,,Lobby,,10/9/25 11:41 AM,10/9/25 11:46 AM,4 minutes and 57 seconds,Mayra Luna
Tink-a-Tako - Potranco,Brianna  Arias ,228,,,2,10/9/25 11:46 AM,10/9/25 11:48 AM,1 minute and 40 seconds,Mayra Luna
Tink-a-Tako - Potranco,Nadia  Reyes,234,,Lobby,,10/9/25 11:50 AM,10/9/25 11:53 AM,3 minutes and 33 seconds,Mayra Luna
Tink-a-Tako - Potranco,Norma Vasquez,238,15,Lobby,,10/9/25 11:52 AM,10/9/25 11:53 AM,1 minute and 40 seconds,Mayra Luna
Tink-a-Tako - Potranco,Norma Vasquez,231,38,Lobby,,10/9/25 11:46 AM,10/9/25 11:53 AM,7 minutes and 13 seconds,Mayra Luna
Tink-a-Tako - Potranco,Esperansa Caviedes,232,33,Prep,,10/9/25 11:48 AM,10/9/25 11:54 AM,5 minutes and 33 seconds,Mayra Luna
Tink-a-Tako - Potranco,Esperansa Caviedes,232,33,Lobby,,10/9/25 11:48 AM,10/9/25 11:54 AM,5 minutes and 33 seconds,Mayra Luna
Tink-a-Tako - Potranco,Esperansa Caviedes,232,33,Tortillero,,10/9/25 11:48 AM,10/9/25 11:54 AM,5 minutes and 33 seconds,Mayra Luna
Tink-a-Tako - Potranco,Nadia  Reyes,235,,Lobby,,10/9/25 11:50 AM,10/9/25 11:54 AM,4 minutes,Mayra Luna
Tink-a-Tako - Potranco,Isabel Cisneros,233,17,Lobby,,10/9/25 11:49 AM,10/9/25 11:54 AM,5 minutes and 28 seconds,Mayra Luna
Tink-a-Tako - Potranco,Nadia  Reyes,239,,Lobby,,10/9/25 11:54 AM,10/9/25 11:55 AM,27 seconds,Mayra Luna
Tink-a-Tako - Potranco,Ivana Abundiz,213,,,2,10/9/25 11:32 AM,10/9/25 12:01 PM,29 minutes and 17 seconds,Mayra Luna
Tink-a-Tako - Potranco,Isabel Cisneros,224,32,,2,10/9/25 11:39 AM,10/9/25 12:01 PM,22 minutes and 27 seconds,Mayra Luna
Tink-a-Tako - Potranco,Ivana Abundiz,225,,,2,10/9/25 11:40 AM,10/9/25 12:01 PM,21 minutes and 28 seconds,Mayra Luna
Tink-a-Tako - Potranco,Norma Vasquez,231,38,,2,10/9/25 11:53 AM,10/9/25 12:01 PM,7 minutes and 50 seconds,Mayra Luna
Tink-a-Tako - Potranco,Isabel Cisneros,214,,,2,10/9/25 11:43 AM,10/9/25 12:01 PM,18 minutes and 12 seconds,Mayra Luna
Tink-a-Tako - Potranco,Esperansa Caviedes,232,33,,2,10/9/25 11:54 AM,10/9/25 12:01 PM,7 minutes and 49 seconds,Mayra Luna
Tink-a-Tako - Potranco,Norma Vasquez,238,15,,2,10/9/25 11:53 AM,10/9/25 12:01 PM,7 minutes and 59 seconds,Mayra Luna
Tink-a-Tako - Potranco,Isabel Cisneros,233,17,,2,10/9/25 11:54 AM,10/9/25 12:01 PM,7 minutes and 1 second,Mayra Luna
Tink-a-Tako - Potranco,Nadia  Reyes,241,,Lobby,,10/9/25 12:00 PM,10/9/25 12:03 PM,2 minutes and 57 seconds,Mayra Luna
Tink-a-Tako - Potranco,Nadia  Reyes,241,,Lobby,,10/9/25 12:03 PM,10/9/25 12:04 PM,25 seconds,Mayra Luna
Tink-a-Tako - Potranco,Esperansa Caviedes,200,2,Lobby,,10/9/25 12:01 PM,10/9/25 12:04 PM,2 minutes and 55 seconds,Mayra Luna
Tink-a-Tako - Potranco,Esperansa Caviedes,242,20,Lobby,,10/9/25 12:04 PM,10/9/25 12:15 PM,10 minutes and 52 seconds,Mayra Luna
Tink-a-Tako - Potranco,Isabel Cisneros,244,40,Lobby,,10/9/25 12:07 PM,10/9/25 12:15 PM,7 minutes and 37 seconds,Mayra Luna
Tink-a-Tako - Potranco,Esperansa Caviedes,204,24,Lobby,,10/9/25 12:07 PM,10/9/25 12:15 PM,7 minutes and 41 seconds,Mayra Luna
Tink-a-Tako - Potranco,Nadia  Reyes,246,,Lobby,,10/9/25 12:13 PM,10/9/25 12:16 PM,2 minutes and 52 seconds,Mayra Luna
Tink-a-Tako - Potranco,Isabel Cisneros,247,7,Lobby,,10/9/25 12:14 PM,10/9/25 12:17 PM,3 minutes and 11 seconds,Mayra Luna
Tink-a-Tako - Potranco,Isabel Cisneros,244,40,,2,10/9/25 12:15 PM,10/9/25 12:18 PM,3 minutes,Mayra Luna
Tink-a-Tako - Potranco,Esperansa Caviedes,242,20,,2,10/9/25 12:15 PM,10/9/25 12:18 PM,3 minutes and 1 second,Mayra Luna
Tink-a-Tako - Potranco,Esperansa Caviedes,204,24,,2,10/9/25 12:15 PM,10/9/25 12:18 PM,3 minutes and 1 second,Mayra Luna
Tink-a-Tako - Potranco,Esperansa Caviedes,200,2,,2,10/9/25 12:04 PM,10/9/25 12:18 PM,14 minutes and 19 seconds,Mayra Luna
Tink-a-Tako - Potranco,Esperansa Caviedes,204,24,Lobby,,10/9/25 12:18 PM,10/9/25 12:20 PM,1 minute and 43 seconds,Mayra Luna
Tink-a-Tako - Potranco,Esperansa Caviedes,204,24,,2,10/9/25 12:20 PM,10/9/25 12:20 PM,5 seconds,Mayra Luna
Tink-a-Tako - Potranco,Ivana Abundiz,250,,Lobby,,10/9/25 12:18 PM,10/9/25 12:20 PM,1 minute and 33 seconds,Mayra Luna
Tink-a-Tako - Potranco,Ivana Abundiz,252,,Lobby,,10/9/25 12:20 PM,10/9/25 12:20 PM,54 seconds,Mayra Luna
Tink-a-Tako - Potranco,Ivana Abundiz,251,,Lobby,,10/9/25 12:19 PM,10/9/25 12:20 PM,1 minute and 19 seconds,Mayra Luna
Tink-a-Tako - Potranco,Nadia  Reyes,254,,Lobby,,10/9/25 12:21 PM,10/9/25 12:22 PM,57 seconds,Mayra Luna
Tink-a-Tako - Potranco,Ivana Abundiz,248,,Lobby,,10/9/25 12:17 PM,10/9/25 12:24 PM,6 minutes and 48 seconds,Mayra Luna
Tink-a-Tako - Potranco,Nadia  Reyes,249,,Lobby,,10/9/25 12:21 PM,10/9/25 12:25 PM,4 minutes and 10 seconds,Mayra Luna
Tink-a-Tako - Potranco,Ivana Abundiz,251,,,2,10/9/25 12:20 PM,10/9/25 12:25 PM,4 minutes and 44 seconds,Mayra Luna
Tink-a-Tako - Potranco,Ivana Abundiz,248,,,2,10/9/25 12:24 PM,10/9/25 12:25 PM,58 seconds,Mayra Luna
Tink-a-Tako - Potranco,Ivana Abundiz,252,,,2,10/9/25 12:20 PM,10/9/25 12:25 PM,4 minutes and 45 seconds,Mayra Luna
Tink-a-Tako - Potranco,Isabel Cisneros,247,7,,2,10/9/25 12:17 PM,10/9/25 12:25 PM,8 minutes and 8 seconds,Mayra Luna
Tink-a-Tako - Potranco,Ivana Abundiz,250,,,2,10/9/25 12:20 PM,10/9/25 12:25 PM,5 minutes and 16 seconds,Mayra Luna
Tink-a-Tako - Potranco,Norma Vasquez,255,37,Lobby,,10/9/25 12:23 PM,10/9/25 12:29 PM,5 minutes and 55 seconds,Mayra Luna
Tink-a-Tako - Potranco,Norma Vasquez,255,37,Prep,,10/9/25 12:23 PM,10/9/25 12:29 PM,5 minutes and 55 seconds,Mayra Luna
Tink-a-Tako - Potranco,Norma Vasquez,255,37,Tortillero,,10/9/25 12:23 PM,10/9/25 12:29 PM,5 minutes and 55 seconds,Mayra Luna
Tink-a-Tako - Potranco,Esperansa Caviedes,256,42,Lobby,,10/9/25 12:23 PM,10/9/25 12:29 PM,5 minutes and 59 seconds,Mayra Luna
Tink-a-Tako - Potranco,Nadia  Reyes,257,,Lobby,,10/9/25 12:24 PM,10/9/25 12:29 PM,4 minutes and 35 seconds,Mayra Luna
Tink-a-Tako - Potranco,Norma Vasquez,260,25,Lobby,,10/9/25 12:26 PM,10/9/25 12:30 PM,3 minutes and 12 seconds,Mayra Luna
Tink-a-Tako - Potranco,Nadia  Reyes,261,,Lobby,,10/9/25 12:29 PM,10/9/25 12:30 PM,21 seconds,Mayra Luna
Tink-a-Tako - Potranco,Norma Vasquez,238,15,Lobby,,10/9/25 12:30 PM,10/9/25 12:31 PM,34 seconds,Mayra Luna
Tink-a-Tako - Potranco,Nadia  Reyes,262,,Lobby,,10/9/25 12:31 PM,10/9/25 12:32 PM,1 minute and 2 seconds,Mayra Luna
Tink-a-Tako - Potranco,Nadia  Reyes,263,,Lobby,,10/9/25 12:32 PM,10/9/25 12:33 PM,1 minute and 3 seconds,Mayra Luna
Tink-a-Tako - Potranco,Nadia  Reyes,264,,Lobby,,10/9/25 12:34 PM,10/9/25 12:37 PM,2 minutes and 12 seconds,Mayra Luna
Tink-a-Tako - Potranco,Isabel Cisneros,265,18,Lobby,,10/9/25 12:35 PM,10/9/25 12:37 PM,2 minutes and 31 seconds,Mayra Luna
Tink-a-Tako - Potranco,Nadia  Reyes,267,,Lobby,,10/9/25 12:37 PM,10/9/25 12:39 PM,2 minutes and 28 seconds,Mayra Luna
Tink-a-Tako - Potranco,Norma Vasquez,266,32,Lobby,,10/9/25 12:37 PM,10/9/25 12:40 PM,3 minutes and 32 seconds,Mayra Luna
Tink-a-Tako - Potranco,Nadia  Reyes,268,,Lobby,,10/9/25 12:40 PM,10/9/25 12:42 PM,1 minute and 53 seconds,Mayra Luna
Tink-a-Tako - Potranco,Nadia  Reyes,270,,Lobby,,10/9/25 12:42 PM,10/9/25 12:44 PM,1 minute and 55 seconds,Mayra Luna
Tink-a-Tako - Potranco,Nadia  Reyes,273,,Lobby,,10/9/25 12:46 PM,10/9/25 12:48 PM,1 minute and 41 seconds,Mayra Luna
Tink-a-Tako - Potranco,Isabel Cisneros,275,33,Lobby,,10/9/25 12:48 PM,10/9/25 12:50 PM,2 minutes and 5 seconds,Mayra Luna
Tink-a-Tako - Potranco,Ivana Abundiz,272,,Lobby,,10/9/25 12:45 PM,10/9/25 12:51 PM,5 minutes and 35 seconds,Mayra Luna
Tink-a-Tako - Potranco,Ivana Abundiz,272,,Tortillero,,10/9/25 12:45 PM,10/9/25 12:51 PM,5 minutes and 35 seconds,Mayra Luna
Tink-a-Tako - Potranco,Ivana Abundiz,272,,Prep,,10/9/25 12:45 PM,10/9/25 12:51 PM,5 minutes and 35 seconds,Mayra Luna
Tink-a-Tako - Potranco,Esperansa Caviedes,274,7,Prep,,10/9/25 12:49 PM,10/9/25 12:54 PM,4 minutes and 45 seconds,Mayra Luna
Tink-a-Tako - Potranco,Esperansa Caviedes,274,7,Lobby,,10/9/25 12:49 PM,10/9/25 12:54 PM,4 minutes and 45 seconds,Mayra Luna
Tink-a-Tako - Potranco,Esperansa Caviedes,274,7,Tortillero,,10/9/25 12:49 PM,10/9/25 12:54 PM,4 minutes and 45 seconds,Mayra Luna
Tink-a-Tako - Potranco,Norma Vasquez,238,15,,2,10/9/25 12:31 PM,10/9/25 12:55 PM,24 minutes and 8 seconds,Mayra Luna
Tink-a-Tako - Potranco,Esperansa Caviedes,256,42,,2,10/9/25 12:29 PM,10/9/25 12:55 PM,25 minutes and 44 seconds,Mayra Luna
Tink-a-Tako - Potranco,Norma Vasquez,255,37,,2,10/9/25 12:29 PM,10/9/25 12:55 PM,25 minutes and 50 seconds,Mayra Luna
Tink-a-Tako - Potranco,Ivana Abundiz,272,,,2,10/9/25 12:51 PM,10/9/25 12:55 PM,4 minutes and 9 seconds,Mayra Luna
Tink-a-Tako - Potranco,Norma Vasquez,260,25,,2,10/9/25 12:30 PM,10/9/25 12:55 PM,24 minutes and 57 seconds,Mayra Luna
Tink-a-Tako - Potranco,Isabel Cisneros,265,18,,2,10/9/25 12:37 PM,10/9/25 12:55 PM,17 minutes and 18 seconds,Mayra Luna
Tink-a-Tako - Potranco,Norma Vasquez,266,32,,2,10/9/25 12:40 PM,10/9/25 12:55 PM,14 minutes and 22 seconds,Mayra Luna
Tink-a-Tako - Potranco,Norma Vasquez,276,17,Lobby,,10/9/25 12:57 PM,10/9/25 1:00 PM,3 minutes and 9 seconds,Mayra Luna
Tink-a-Tako - Potranco,Nadia  Reyes,277,,Lobby,,10/9/25 1:00 PM,10/9/25 1:02 PM,2 minutes and 28 seconds,Mayra Luna
Tink-a-Tako - Potranco,Nadia  Reyes,277,,Prep,,10/9/25 1:00 PM,10/9/25 1:02 PM,2 minutes and 28 seconds,Mayra Luna
Tink-a-Tako - Potranco,Rosie  ORDONEZ,278,,Lobby,,10/9/25 1:02 PM,10/9/25 1:03 PM,1 minute and 17 seconds,Mayra Luna
Tink-a-Tako - Potranco,Isabel Cisneros,280,35,Lobby,,10/9/25 1:03 PM,10/9/25 1:09 PM,5 minutes and 50 seconds,Mayra Luna
Tink-a-Tako - Potranco,Nadia  Reyes,282,,Lobby,,10/9/25 1:06 PM,10/9/25 1:09 PM,3 minutes and 32 seconds,Mayra Luna
Tink-a-Tako - Potranco,Nadia  Reyes,287,,Lobby,,10/9/25 1:09 PM,10/9/25 1:10 PM,34 seconds,Mayra Luna
Tink-a-Tako - Potranco,Isabel Cisneros,280,35,,2,10/9/25 1:09 PM,10/9/25 1:10 PM,59 seconds,Mayra Luna
Tink-a-Tako - Potranco,Norma Vasquez,276,17,,2,10/9/25 1:00 PM,10/9/25 1:10 PM,10 minutes and 20 seconds,Mayra Luna
Tink-a-Tako - Potranco,Esperansa Caviedes,274,7,,2,10/9/25 12:54 PM,10/9/25 1:10 PM,16 minutes and 23 seconds,Mayra Luna
Tink-a-Tako - Potranco,Nadia  Reyes,284,,Lobby,,10/9/25 1:07 PM,10/9/25 1:12 PM,5 minutes and 29 seconds,Mayra Luna
Tink-a-Tako - Potranco,Nadia  Reyes,286,,Lobby,,10/9/25 1:09 PM,10/9/25 1:13 PM,4 minutes and 10 seconds,Mayra Luna
Tink-a-Tako - Potranco,Norma Vasquez,285,38,Lobby,,10/9/25 1:08 PM,10/9/25 1:14 PM,5 minutes and 59 seconds,Mayra Luna
Tink-a-Tako - Potranco,Esperansa Caviedes,283,24,Lobby,,10/9/25 1:07 PM,10/9/25 1:14 PM,6 minutes and 29 seconds,Mayra Luna
Tink-a-Tako - Potranco,Ivana Abundiz,289,,Lobby,,10/9/25 1:11 PM,10/9/25 1:14 PM,3 minutes and 11 seconds,Mayra Luna
Tink-a-Tako - Potranco,Ivana Abundiz,289,,Prep,,10/9/25 1:11 PM,10/9/25 1:14 PM,3 minutes and 11 seconds,Mayra Luna
Tink-a-Tako - Potranco,Nadia  Reyes,288,,Lobby,,10/9/25 1:12 PM,10/9/25 1:15 PM,2 minutes and 53 seconds,Mayra Luna
Tink-a-Tako - Potranco,Norma Vasquez,285,38,,2,10/9/25 1:14 PM,10/9/25 1:22 PM,8 minutes and 11 seconds,Mayra Luna
Tink-a-Tako - Potranco,Esperansa Caviedes,283,24,,2,10/9/25 1:14 PM,10/9/25 1:22 PM,8 minutes and 10 seconds,Mayra Luna
Tink-a-Tako - Potranco,Rosie  ORDONEZ,278,,,2,10/9/25 1:03 PM,10/9/25 1:22 PM,18 minutes and 21 seconds,Mayra Luna
Tink-a-Tako - Potranco,Isabel Cisneros,275,33,,2,10/9/25 12:50 PM,10/9/25 1:22 PM,31 minutes and 19 seconds,Mayra Luna
Tink-a-Tako - Potranco,Ivana Abundiz,289,,,2,10/9/25 1:14 PM,10/9/25 1:22 PM,7 minutes and 29 seconds,Mayra Luna
Tink-a-Tako - Potranco,Esperansa Caviedes,283,24,,2,10/9/25 1:23 PM,10/9/25 1:23 PM,1 second,Mayra Luna
Tink-a-Tako - Potranco,Ivana Abundiz,290,,Lobby,,10/9/25 1:22 PM,10/9/25 1:26 PM,3 minutes and 23 seconds,Mayra Luna
Tink-a-Tako - Potranco,Esperansa Caviedes,242,20,Lobby,,10/9/25 1:22 PM,10/9/25 1:27 PM,5 minutes and 42 seconds,Mayra Luna
Tink-a-Tako - Potranco,Nadia  Reyes,291,,Lobby,,10/9/25 1:25 PM,10/9/25 1:33 PM,7 minutes and 31 seconds,Mayra Luna
Tink-a-Tako - Potranco,Nadia  Reyes,291,,Tortillero,,10/9/25 1:25 PM,10/9/25 1:33 PM,7 minutes and 31 seconds,Mayra Luna
Tink-a-Tako - Potranco,Nadia  Reyes,291,,Prep,,10/9/25 1:25 PM,10/9/25 1:33 PM,7 minutes and 31 seconds,Mayra Luna
Tink-a-Tako - Potranco,Nadia  Reyes,292,,Lobby,,10/9/25 1:26 PM,10/9/25 1:33 PM,6 minutes and 30 seconds,Mayra Luna
Tink-a-Tako - Potranco,Ivana Abundiz,113,,Lobby,,10/9/25 1:22 PM,10/9/25 1:34 PM,12 minutes and 15 seconds,Mayra Luna
Tink-a-Tako - Potranco,Isabel Cisneros,294,21,Lobby,,10/9/25 1:30 PM,10/9/25 1:34 PM,3 minutes and 48 seconds,Mayra Luna
Tink-a-Tako - Potranco,Ivana Abundiz,113,,Lobby,,10/9/25 1:25 PM,10/9/25 1:34 PM,8 minutes and 56 seconds,Mayra Luna
Tink-a-Tako - Potranco,Nadia  Reyes,296,,Lobby,,10/9/25 1:34 PM,10/9/25 1:35 PM,1 minute and 33 seconds,Mayra Luna
Tink-a-Tako - Potranco,Nadia  Reyes,295,,Lobby,,10/9/25 1:33 PM,10/9/25 1:37 PM,4 minutes and 1 second,Mayra Luna
Tink-a-Tako - Potranco,Ivana Abundiz,113,,,2,10/9/25 1:34 PM,10/9/25 1:39 PM,4 minutes and 44 seconds,Mayra Luna
Tink-a-Tako - Potranco,Esperansa Caviedes,242,20,,2,10/9/25 1:27 PM,10/9/25 1:39 PM,11 minutes and 27 seconds,Mayra Luna
Tink-a-Tako - Potranco,Ivana Abundiz,290,,,2,10/9/25 1:26 PM,10/9/25 1:39 PM,13 minutes and 9 seconds,Mayra Luna
Tink-a-Tako - Potranco,Ivana Abundiz,113,,,2,10/9/25 1:34 PM,10/9/25 1:39 PM,4 minutes and 43 seconds,Mayra Luna
Tink-a-Tako - Potranco,Isabel Cisneros,294,21,,2,10/9/25 1:34 PM,10/9/25 1:39 PM,4 minutes and 48 seconds,Mayra Luna
Tink-a-Tako - Potranco,Esperansa Caviedes,297,37,Lobby,,10/9/25 1:35 PM,10/9/25 1:41 PM,6 minutes and 13 seconds,Mayra Luna
Tink-a-Tako - Potranco,Nadia  Reyes,298,,Lobby,,10/9/25 1:38 PM,10/9/25 1:42 PM,3 minutes and 52 seconds,Mayra Luna
Tink-a-Tako - Potranco,Nadia  Reyes,302,,Lobby,,10/9/25 1:44 PM,10/9/25 1:46 PM,1 minute and 42 seconds,Mayra Luna
Tink-a-Tako - Potranco,Esperansa Caviedes,301,33,Lobby,,10/9/25 1:44 PM,10/9/25 1:46 PM,2 minutes and 9 seconds,Mayra Luna
Tink-a-Tako - Potranco,Isabel Cisneros,300,32,Lobby,,10/9/25 1:42 PM,10/9/25 1:46 PM,4 minutes and 36 seconds,Mayra Luna
Tink-a-Tako - Potranco,Norma Vasquez,304,25,Lobby,,10/9/25 1:45 PM,10/9/25 1:46 PM,55 seconds,Mayra Luna
Tink-a-Tako - Potranco,Nadia  Reyes,303,,Lobby,,10/9/25 1:51 PM,10/9/25 1:53 PM,1 minute and 56 seconds,Mayra Luna
Tink-a-Tako - Potranco,Esperansa Caviedes,306,8,Lobby,,10/9/25 1:57 PM,10/9/25 1:59 PM,1 minute and 46 seconds,Mayra Luna
Tink-a-Tako - Potranco,Lizeth Alonso,308,,Lobby,,10/9/25 1:59 PM,10/9/25 2:00 PM,1 minute and 37 seconds,Mayra Luna
Tink-a-Tako - Potranco,Lizeth Alonso,309,,Lobby,,10/9/25 2:00 PM,10/9/25 2:00 PM,52 seconds,Mayra Luna
Tink-a-Tako - Potranco,Isabel Cisneros,305,7,Lobby,,10/9/25 1:54 PM,10/9/25 2:01 PM,6 minutes and 26 seconds,Mayra Luna
Tink-a-Tako - Potranco,Lizeth Alonso,310,,Lobby,,10/9/25 2:00 PM,10/9/25 2:02 PM,2 minutes and 2 seconds,Mayra Luna
Tink-a-Tako - Potranco,Lizeth Alonso,309,,Lobby,,10/9/25 2:03 PM,10/9/25 2:04 PM,56 seconds,Mayra Luna
Tink-a-Tako - Potranco,Norma Vasquez,304,25,,2,10/9/25 1:46 PM,10/9/25 2:08 PM,22 minutes and 5 seconds,Mayra Luna
Tink-a-Tako - Potranco,Isabel Cisneros,305,7,,2,10/9/25 2:01 PM,10/9/25 2:08 PM,7 minutes and 25 seconds,Mayra Luna
Tink-a-Tako - Potranco,Esperansa Caviedes,306,8,,2,10/9/25 1:59 PM,10/9/25 2:08 PM,9 minutes and 45 seconds,Mayra Luna
Tink-a-Tako - Potranco,Isabel Cisneros,300,32,,2,10/9/25 1:46 PM,10/9/25 2:08 PM,22 minutes and 8 seconds,Mayra Luna
Tink-a-Tako - Potranco,Esperansa Caviedes,301,33,,2,10/9/25 1:46 PM,10/9/25 2:08 PM,22 minutes and 7 seconds,Mayra Luna
Tink-a-Tako - Potranco,Esperansa Caviedes,297,37,,2,10/9/25 1:41 PM,10/9/25 2:08 PM,27 minutes and 26 seconds,Mayra Luna
Tink-a-Tako - Potranco,Sergio Abundiz,311,18,Lobby,,10/9/25 2:07 PM,10/9/25 2:12 PM,5 minutes and 40 seconds,Mayra Luna
Tink-a-Tako - Potranco,Lizeth Alonso,312,,Lobby,,10/9/25 2:12 PM,10/9/25 2:13 PM,29 seconds,Mayra Luna
Tink-a-Tako - Potranco,Sergio Abundiz,314,11,Lobby,,10/9/25 2:17 PM,10/9/25 2:25 PM,8 minutes and 23 seconds,Mayra Luna
Tink-a-Tako - Potranco,Isabel Cisneros,313,31,Lobby,,10/9/25 2:20 PM,10/9/25 2:31 PM,10 minutes and 45 seconds,Mayra Luna
Tink-a-Tako - Potranco,Isabel Cisneros,313,31,Prep,,10/9/25 2:20 PM,10/9/25 2:31 PM,10 minutes and 45 seconds,Mayra Luna
Tink-a-Tako - Potranco,Isabel Cisneros,313,31,Tortillero,,10/9/25 2:20 PM,10/9/25 2:31 PM,10 minutes and 45 seconds,Mayra Luna
Tink-a-Tako - Potranco,Lizeth Alonso,316,,Lobby,,10/9/25 2:27 PM,10/9/25 2:35 PM,7 minutes and 32 seconds,Mayra Luna
Tink-a-Tako - Potranco,Lizeth Alonso,318,,Lobby,,10/9/25 2:35 PM,10/9/25 2:44 PM,9 minutes and 17 seconds,Mayra Luna
Tink-a-Tako - Potranco,Sergio Abundiz,319,,Lobby,,10/9/25 2:35 PM,10/9/25 2:44 PM,9 minutes and 13 seconds,Mayra Luna
Tink-a-Tako - Potranco,Isabel Cisneros,321,37,Lobby,,10/9/25 2:43 PM,10/9/25 2:48 PM,5 minutes and 7 seconds,Mayra Luna
Tink-a-Tako - Potranco,Lizeth Alonso,320,,Lobby,,10/9/25 2:38 PM,10/9/25 2:48 PM,10 minutes and 39 seconds,Mayra Luna
Tink-a-Tako - Potranco,Lizeth Alonso,323,,Lobby,,10/9/25 2:48 PM,10/9/25 2:54 PM,6 minutes and 6 seconds,Mayra Luna
Tink-a-Tako - Potranco,Lizeth Alonso,324,,Lobby,,10/9/25 2:50 PM,10/9/25 2:54 PM,3 minutes and 30 seconds,Mayra Luna
Tink-a-Tako - Potranco,Sergio Abundiz,325,24,Lobby,,10/9/25 2:52 PM,10/9/25 2:59 PM,6 minutes and 51 seconds,Mayra Luna
Tink-a-Tako - Potranco,Sergio Abundiz,325,24,,2,10/9/25 2:59 PM,10/9/25 2:59 PM,7 seconds,Mayra Luna
Tink-a-Tako - Potranco,Isabel Cisneros,321,37,,2,10/9/25 2:48 PM,10/9/25 2:59 PM,10 minutes and 54 seconds,Mayra Luna
Tink-a-Tako - Potranco,Sergio Abundiz,311,18,,2,10/9/25 2:12 PM,10/9/25 2:59 PM,46 minutes and 38 seconds,Mayra Luna
Tink-a-Tako - Potranco,Isabel Cisneros,313,31,,2,10/9/25 2:31 PM,10/9/25 2:59 PM,28 minutes and 3 seconds,Mayra Luna
Tink-a-Tako - Potranco,Sergio Abundiz,319,,,2,10/9/25 2:44 PM,10/9/25 2:59 PM,15 minutes and 7 seconds,Mayra Luna
Tink-a-Tako - Potranco,Sergio Abundiz,314,11,,2,10/9/25 2:25 PM,10/9/25 2:59 PM,33 minutes and 48 seconds,Mayra Luna
Tink-a-Tako - Potranco,Isabel Cisneros,326,33,Lobby,,10/9/25 2:56 PM,10/9/25 3:06 PM,9 minutes and 50 seconds,Mayra Luna
Tink-a-Tako - Potranco,Lizeth Alonso,327,,Tortillero,,10/9/25 2:58 PM,10/9/25 3:11 PM,12 minutes and 58 seconds,Mayra Luna
Tink-a-Tako - Potranco,Lizeth Alonso,327,,Lobby,,10/9/25 2:58 PM,10/9/25 3:11 PM,12 minutes and 58 seconds,Mayra Luna
Tink-a-Tako - Potranco,Lizeth Alonso,327,,Prep,,10/9/25 2:58 PM,10/9/25 3:11 PM,12 minutes and 58 seconds,Mayra Luna
Tink-a-Tako - Potranco,Lizeth Alonso,328,,Lobby,,10/9/25 3:30 PM,10/9/25 3:34 PM,3 minutes and 39 seconds,Mayra Luna
Tink-a-Tako - Potranco,Sergio Abundiz,329,3,Lobby,,10/9/25 3:27 PM,10/9/25 3:35 PM,7 minutes and 48 seconds,Mayra Luna
Tink-a-Tako - Potranco,Lizeth Alonso,330,,Lobby,,10/9/25 3:36 PM,10/9/25 3:41 PM,5 minutes,Mayra Luna
Tink-a-Tako - Potranco,Lizeth Alonso,331,,Lobby,,10/9/25 3:41 PM,10/9/25 3:42 PM,1 minute and 22 seconds,Mayra Luna
Tink-a-Tako - Potranco,Isabel Cisneros,326,33,,2,10/9/25 3:50 PM,10/9/25 3:50 PM,4 seconds,Mayra Luna
Tink-a-Tako - Potranco,Isabel Cisneros,332,25,Lobby,,10/9/25 3:47 PM,10/9/25 3:51 PM,4 minutes and 4 seconds,Mayra Luna
Tink-a-Tako - Potranco,Lizeth Alonso,333,,Lobby,,10/9/25 3:47 PM,10/9/25 3:54 PM,7 minutes and 31 seconds,Mayra Luna
Tink-a-Tako - Potranco,Lizeth Alonso,336,,Lobby,,10/9/25 3:53 PM,10/9/25 3:56 PM,2 minutes and 33 seconds,Mayra Luna
Tink-a-Tako - Potranco,Lizeth Alonso,334,,Tortillero,,10/9/25 3:48 PM,10/9/25 3:56 PM,8 minutes and 10 seconds,Mayra Luna
Tink-a-Tako - Potranco,Lizeth Alonso,334,,Lobby,,10/9/25 3:48 PM,10/9/25 3:56 PM,8 minutes and 10 seconds,Mayra Luna
Tink-a-Tako - Potranco,Lizeth Alonso,337,,Lobby,,10/9/25 3:57 PM,10/9/25 4:03 PM,6 minutes and 8 seconds,Mayra Luna
Tink-a-Tako - Potranco,Sergio Abundiz,329,3,Lobby,,10/9/25 4:04 PM,10/9/25 4:07 PM,3 minutes and 22 seconds,Mayra Luna
Tink-a-Tako - Potranco,Isabel Cisneros,339,38,Lobby,,10/9/25 4:06 PM,10/9/25 4:13 PM,7 minutes and 17 seconds,Mayra Luna
Tink-a-Tako - Potranco,Sergio Abundiz,340,,Lobby,,10/9/25 4:10 PM,10/9/25 4:13 PM,3 minutes and 11 seconds,Mayra Luna
Tink-a-Tako - Potranco,Sergio Abundiz,341,,Lobby,,10/9/25 4:17 PM,10/9/25 4:24 PM,7 minutes,Mayra Luna
Tink-a-Tako - Potranco,Lizeth Alonso,342,,Lobby,,10/9/25 4:24 PM,10/9/25 4:29 PM,5 minutes and 38 seconds,Mayra Luna
Tink-a-Tako - Potranco,Lizeth Alonso,342,,Lobby,,10/9/25 4:24 PM,10/9/25 4:29 PM,4 minutes and 52 seconds,Mayra Luna
Tink-a-Tako - Potranco,Isabel Cisneros,344,37,Lobby,,10/9/25 4:31 PM,10/9/25 4:38 PM,7 minutes and 32 seconds,Mayra Luna
Tink-a-Tako - Potranco,Sergio Abundiz,345,,Lobby,,10/9/25 4:32 PM,10/9/25 4:39 PM,6 minutes and 48 seconds,Mayra Luna
Tink-a-Tako - Potranco,Sergio Abundiz,345,,Prep,,10/9/25 4:32 PM,10/9/25 4:39 PM,6 minutes and 48 seconds,Mayra Luna
Tink-a-Tako - Potranco,Isabel Cisneros,344,37,,2,10/9/25 4:38 PM,10/9/25 4:42 PM,3 minutes and 34 seconds,Mayra Luna
Tink-a-Tako - Potranco,Sergio Abundiz,345,,,2,10/9/25 4:39 PM,10/9/25 4:42 PM,2 minutes and 40 seconds,Mayra Luna
Tink-a-Tako - Potranco,Sergio Abundiz,341,,,2,10/9/25 4:24 PM,10/9/25 4:42 PM,17 minutes and 19 seconds,Mayra Luna
Tink-a-Tako - Potranco,Isabel Cisneros,339,38,,2,10/9/25 4:13 PM,10/9/25 4:42 PM,28 minutes and 37 seconds,Mayra Luna
Tink-a-Tako - Potranco,Sergio Abundiz,329,3,,2,10/9/25 4:07 PM,10/9/25 4:42 PM,34 minutes and 20 seconds,Mayra Luna
Tink-a-Tako - Potranco,Isabel Cisneros,332,25,,2,10/9/25 3:51 PM,10/9/25 4:42 PM,50 minutes and 58 seconds,Mayra Luna
Tink-a-Tako - Potranco,Sergio Abundiz,340,,,2,10/9/25 4:13 PM,10/9/25 4:42 PM,28 minutes and 36 seconds,Mayra Luna
Tink-a-Tako - Potranco,Sergio Abundiz,329,3,,2,10/9/25 3:35 PM,10/9/25 4:42 PM,"1 hour, 6 minutes and 51 seconds",Mayra Luna
Tink-a-Tako - Potranco,Isabel Cisneros,326,33,,2,10/9/25 3:06 PM,10/9/25 4:42 PM,"1 hour, 35 minutes and 57 seconds",Mayra Luna
Tink-a-Tako - Potranco,Isabel Cisneros,348,8,,2,10/9/25 4:39 PM,10/9/25 4:44 PM,5 minutes and 11 seconds,Mayra Luna
Tink-a-Tako - Potranco,Sergio Abundiz,347,24,,2,10/9/25 4:37 PM,10/9/25 4:44 PM,7 minutes and 13 seconds,Mayra Luna
Tink-a-Tako - Potranco,Lizeth Alonso,349,,Lobby,,10/9/25 4:41 PM,10/9/25 4:45 PM,4 minutes and 21 seconds,Mayra Luna
Tink-a-Tako - Potranco,Lizeth Alonso,346,,Lobby,,10/9/25 4:34 PM,10/9/25 4:45 PM,10 minutes and 34 seconds,Mayra Luna
Tink-a-Tako - Potranco,Isabel Cisneros,348,8,Lobby,,10/9/25 4:54 PM,10/9/25 5:04 PM,9 minutes and 56 seconds,Mayra Luna
Tink-a-Tako - Potranco,Isabel Cisneros,348,8,Tortillero,,10/9/25 4:54 PM,10/9/25 5:04 PM,9 minutes and 56 seconds,Mayra Luna
Tink-a-Tako - Potranco,Mayra Luna,356,36,Lobby,,10/9/25 4:59 PM,10/9/25 5:04 PM,5 minutes and 30 seconds,Mayra Luna
Tink-a-Tako - Potranco,Lizeth Alonso,350,,Lobby,,10/9/25 4:51 PM,10/9/25 5:06 PM,14 minutes and 39 seconds,Mayra Luna
Tink-a-Tako - Potranco,Lizeth Alonso,351,,Lobby,,10/9/25 4:52 PM,10/9/25 5:07 PM,15 minutes and 18 seconds,Mayra Luna
Tink-a-Tako - Potranco,Sergio Abundiz,352,2,Lobby,,10/9/25 4:54 PM,10/9/25 5:09 PM,15 minutes and 25 seconds,Mayra Luna
Tink-a-Tako - Potranco,Mayra Luna,356,36,,2,10/9/25 5:04 PM,10/9/25 5:10 PM,5 minutes and 35 seconds,Mayra Luna
Tink-a-Tako - Potranco,Sergio Abundiz,352,2,,2,10/9/25 5:09 PM,10/9/25 5:10 PM,1 minute,Mayra Luna
Tink-a-Tako - Potranco,Isabel Cisneros,348,8,,2,10/9/25 5:04 PM,10/9/25 5:10 PM,6 minutes and 29 seconds,Mayra Luna
Tink-a-Tako - Potranco,Lizeth Alonso,357,,Lobby,,10/9/25 5:02 PM,10/9/25 5:11 PM,8 minutes and 58 seconds,Mayra Luna
Tink-a-Tako - Potranco,Sergio Abundiz,355,,Lobby,,10/9/25 4:59 PM,10/9/25 5:11 PM,12 minutes and 19 seconds,Mayra Luna
Tink-a-Tako - Potranco,Isabel Cisneros,353,25,Lobby,,10/9/25 4:58 PM,10/9/25 5:14 PM,16 minutes and 17 seconds,Mayra Luna
Tink-a-Tako - Potranco,Lizeth Alonso,360,,Lobby,,10/9/25 5:16 PM,10/9/25 5:21 PM,5 minutes and 36 seconds,Mayra Luna
Tink-a-Tako - Potranco,Lizeth Alonso,359,,Lobby,,10/9/25 5:13 PM,10/9/25 5:21 PM,8 minutes and 4 seconds,Mayra Luna
Tink-a-Tako - Potranco,Sergio Abundiz,362,,Lobby,,10/9/25 5:19 PM,10/9/25 5:21 PM,1 minute and 54 seconds,Mayra Luna
Tink-a-Tako - Potranco,Sergio Abundiz,364,17,Lobby,,10/9/25 5:21 PM,10/9/25 5:29 PM,7 minutes and 40 seconds,Mayra Luna
Tink-a-Tako - Potranco,Isabel Cisneros,363,7,Lobby,,10/9/25 5:21 PM,10/9/25 5:31 PM,10 minutes and 10 seconds,Mayra Luna
Tink-a-Tako - Potranco,Lizeth Alonso,366,,Lobby,,10/9/25 6:05 PM,10/9/25 6:10 PM,5 minutes and 18 seconds,Mayra Luna
Tink-a-Tako - Potranco,Lizeth Alonso,366,,Prep,,10/9/25 6:05 PM,10/9/25 6:10 PM,5 minutes and 18 seconds,Mayra Luna
Tink-a-Tako - Potranco,Lizeth Alonso,368,,Lobby,,10/9/25 6:13 PM,10/9/25 6:15 PM,2 minutes and 19 seconds,Mayra Luna
Tink-a-Tako - Potranco,Sergio Abundiz,367,25,Lobby,,10/9/25 6:09 PM,10/9/25 6:15 PM,6 minutes and 6 seconds,Mayra Luna
Tink-a-Tako - Potranco,Lizeth Alonso,371,,Lobby,,10/9/25 6:23 PM,10/9/25 6:25 PM,2 minutes and 16 seconds,Mayra Luna
Tink-a-Tako - Potranco,Lizeth Alonso,370,,Lobby,,10/9/25 6:21 PM,10/9/25 6:25 PM,3 minutes and 58 seconds,Mayra Luna
Tink-a-Tako - Potranco,Sergio Abundiz,364,17,,2,10/9/25 5:29 PM,10/9/25 6:25 PM,56 minutes and 36 seconds,Mayra Luna
Tink-a-Tako - Potranco,Isabel Cisneros,363,7,,2,10/9/25 5:31 PM,10/9/25 6:25 PM,54 minutes and 30 seconds,Mayra Luna
Tink-a-Tako - Potranco,Lizeth Alonso,360,,,2,10/9/25 5:21 PM,10/9/25 6:25 PM,"1 hour, 4 minutes and 12 seconds",Mayra Luna
Tink-a-Tako - Potranco,Sergio Abundiz,362,,,2,10/9/25 5:21 PM,10/9/25 6:25 PM,"1 hour, 4 minutes and 11 seconds",Mayra Luna
Tink-a-Tako - Potranco,Sergio Abundiz,355,,,2,10/9/25 5:11 PM,10/9/25 6:25 PM,"1 hour, 14 minutes and 33 seconds",Mayra Luna
Tink-a-Tako - Potranco,Isabel Cisneros,353,25,,2,10/9/25 5:14 PM,10/9/25 6:25 PM,"1 hour, 11 minutes and 20 seconds",Mayra Luna
Tink-a-Tako - Potranco,Sergio Abundiz,367,25,,2,10/9/25 6:15 PM,10/9/25 6:25 PM,10 minutes and 30 seconds,Mayra Luna
Tink-a-Tako - Potranco,Lizeth Alonso,369,,Lobby,,10/9/25 6:20 PM,10/9/25 6:26 PM,5 minutes and 54 seconds,Mayra Luna
Tink-a-Tako - Potranco,Isabel Cisneros,335,33,Lobby,,10/9/25 6:20 PM,10/9/25 6:28 PM,7 minutes and 31 seconds,Mayra Luna
Tink-a-Tako - Potranco,Lizeth Alonso,371,,Lobby,,10/9/25 6:27 PM,10/9/25 6:28 PM,31 seconds,Mayra Luna
Tink-a-Tako - Potranco,Lizeth Alonso,375,,Lobby,,10/9/25 6:36 PM,10/9/25 6:38 PM,1 minute and 42 seconds,Mayra Luna
Tink-a-Tako - Potranco,Isabel Cisneros,373,,Lobby,,10/9/25 6:33 PM,10/9/25 6:42 PM,9 minutes and 45 seconds,Mayra Luna
Tink-a-Tako - Potranco,Sergio Abundiz,374,7,Lobby,,10/9/25 6:34 PM,10/9/25 6:48 PM,14 minutes and 11 seconds,Mayra Luna
Tink-a-Tako - Potranco,Sergio Abundiz,374,7,Prep,,10/9/25 6:34 PM,10/9/25 6:48 PM,14 minutes and 11 seconds,Mayra Luna
Tink-a-Tako - Potranco,Sergio Abundiz,374,7,Tortillero,,10/9/25 6:34 PM,10/9/25 6:48 PM,14 minutes and 11 seconds,Mayra Luna
Tink-a-Tako - Potranco,Isabel Cisneros,376,35,Lobby,,10/9/25 6:46 PM,10/9/25 6:52 PM,5 minutes and 19 seconds,Mayra Luna
Tink-a-Tako - Potranco,Sergio Abundiz,377,19,Lobby,,10/9/25 6:57 PM,10/9/25 7:00 PM,3 minutes and 19 seconds,Mayra Luna
Tink-a-Tako - Potranco,Lizeth Alonso,378,,Lobby,,10/9/25 6:59 PM,10/9/25 7:06 PM,6 minutes and 51 seconds,Mayra Luna
Tink-a-Tako - Potranco,Sergio Abundiz,379,,Lobby,,10/9/25 7:08 PM,10/9/25 7:18 PM,10 minutes and 4 seconds,Mayra Luna
Tink-a-Tako - Potranco,Lizeth Alonso,380,,Lobby,,10/9/25 7:14 PM,10/9/25 7:27 PM,12 minutes and 31 seconds,Mayra Luna
Tink-a-Tako - Potranco,Isabel Cisneros,381,33,Lobby,,10/9/25 7:22 PM,10/9/25 7:32 PM,9 minutes and 50 seconds,Mayra Luna
Tink-a-Tako - Potranco,Sergio Abundiz,382,31,Lobby,,10/9/25 7:43 PM,10/9/25 7:52 PM,8 minutes and 51 seconds,Mayra Luna
Tink-a-Tako - Potranco,Lizeth Alonso,383,,Lobby,,10/9/25 7:47 PM,10/9/25 7:52 PM,4 minutes and 33 seconds,Mayra Luna
Tink-a-Tako - Potranco,Isabel Cisneros,381,33,Lobby,,10/9/25 7:52 PM,10/9/25 7:56 PM,3 minutes and 39 seconds,Mayra Luna
Tink-a-Tako - Potranco,Lizeth Alonso,386,,Lobby,,10/9/25 7:51 PM,10/9/25 8:01 PM,9 minutes and 41 seconds,Mayra Luna
Tink-a-Tako - Potranco,Lizeth Alonso,385,,Lobby,,10/9/25 7:50 PM,10/9/25 8:01 PM,10 minutes and 43 seconds,Mayra Luna
Tink-a-Tako - Potranco,Lizeth Alonso,387,,Lobby,,10/9/25 7:53 PM,10/9/25 8:01 PM,8 minutes,Mayra Luna
Tink-a-Tako - Potranco,Sergio Abundiz,388,25,Lobby,,10/9/25 8:02 PM,10/9/25 8:24 PM,21 minutes and 4 seconds,Mayra Luna
Tink-a-Tako - Potranco,Lizeth Alonso,389,,Lobby,,10/9/25 8:16 PM,10/9/25 8:25 PM,9 minutes and 2 seconds,Mayra Luna
Tink-a-Tako - Potranco,Lizeth Alonso,389,,Prep,,10/9/25 8:16 PM,10/9/25 8:25 PM,9 minutes and 2 seconds,Mayra Luna
Tink-a-Tako - Potranco,Sergio Abundiz,391,24,Lobby,,10/9/25 8:30 PM,10/9/25 8:35 PM,4 minutes and 41 seconds,Mayra Luna
Tink-a-Tako - Potranco,Lizeth Alonso,392,,Lobby,,10/9/25 8:39 PM,10/9/25 8:49 PM,10 minutes and 19 seconds,Mayra Luna
Tink-a-Tako - Potranco,Lizeth Alonso,393,,Lobby,,10/9/25 8:41 PM,10/9/25 8:49 PM,7 minutes and 47 seconds,Mayra Luna
Tink-a-Tako - Potranco,Lizeth Alonso,394,,Lobby,,10/9/25 9:18 PM,10/9/25 9:26 PM,8 minutes and 21 seconds,Mayra Luna
Tink-a-Tako - Potranco,Sergio Abundiz,374,7,,2,10/9/25 6:48 PM,10/9/25 9:36 PM,"2 hours, 47 minutes and 47 seconds",Mayra Luna
Tink-a-Tako - Potranco,Isabel Cisneros,373,,,2,10/9/25 6:42 PM,10/9/25 9:36 PM,"2 hours, 53 minutes and 13 seconds",Mayra Luna
Tink-a-Tako - Potranco,Isabel Cisneros,335,33,,2,10/9/25 6:28 PM,10/9/25 9:36 PM,"3 hours, 8 minutes and 1 second",Mayra Luna
Tink-a-Tako - Potranco,Sergio Abundiz,388,25,,2,10/9/25 8:24 PM,10/9/25 9:36 PM,"1 hour, 12 minutes and 12 seconds",Mayra Luna
Tink-a-Tako - Potranco,Sergio Abundiz,377,19,,2,10/9/25 7:00 PM,10/9/25 9:36 PM,"2 hours, 35 minutes and 22 seconds",Mayra Luna
Tink-a-Tako - Potranco,Sergio Abundiz,382,31,,2,10/9/25 7:52 PM,10/9/25 9:36 PM,"1 hour, 44 minutes and 9 seconds",Mayra Luna
Tink-a-Tako - Potranco,Sergio Abundiz,379,,,2,10/9/25 7:18 PM,10/9/25 9:36 PM,"2 hours, 17 minutes and 38 seconds",Mayra Luna
Tink-a-Tako - Potranco,Isabel Cisneros,376,35,,2,10/9/25 6:52 PM,10/9/25 9:36 PM,"2 hours, 43 minutes and 51 seconds",Mayra Luna
Tink-a-Tako - Potranco,Sergio Abundiz,391,24,,2,10/9/25 8:35 PM,10/9/25 9:36 PM,1 hour and 41 seconds,Mayra Luna
Tink-a-Tako - Potranco,Isabel Cisneros,381,33,,2,10/9/25 7:32 PM,10/9/25 9:36 PM,"2 hours, 3 minutes and 27 seconds",Mayra Luna
Tink-a-Tako - Potranco,Isabel Cisneros,381,33,,2,10/9/25 7:56 PM,10/9/25 9:36 PM,"1 hour, 39 minutes and 47 seconds",Mayra Luna
Tink-a-Tako - Potranco,Lizeth Alonso,395,,Lobby,,10/9/25 9:43 PM,10/9/25 9:51 PM,7 minutes and 47 seconds,Mayra Luna
