Location,Order #,Opened,# of Guests,Server,Table,Discount Amount,Amount,Tax,Tip,Gratuity
Tink-a-Tako - Potranco,1,10/9/25 6:08 AM,1,Nadia  Reyes,,0.00,5.97,0.49,0.00,0.00
Tink-a-Tako - Potranco,3,10/9/25 6:34 AM,1,Nadia  Reyes,,0.00,5.97,0.48,0.00,0.00
Tink-a-Tako - Potranco,4,10/9/25 6:37 AM,1,Nadia  Reyes,,0.00,9.17,0.76,0.00,0.00
Tink-a-Tako - Potranco,6,10/9/25 6:39 AM,1,Nadia  Reyes,,0.00,1.99,0.16,0.00,0.00
Tink-a-Tako - Potranco,5,10/9/25 6:39 AM,1,Nadia  Reyes,,0.00,5.44,0.44,0.00,0.00
Tink-a-Tako - Potranco,7,10/9/25 6:39 AM,1,Nadia  Reyes,,0.00,9.98,0.83,0.00,0.00
Tink-a-Tako - Potranco,8,10/9/25 6:42 AM,1,Nadia  Reyes,,0.00,7.96,0.66,1.19,0.00
Tink-a-Tako - Potranco,9,10/9/25 6:43 AM,1,Nadia  Reyes,,0.00,7.77,0.64,0.00,0.00
Tink-a-Tako - Potranco,10,10/9/25 6:45 AM,1,Nadia  Reyes,,0.00,10.67,0.88,1.60,0.00
Tink-a-Tako - Potranco,11,10/9/25 6:46 AM,1,Norma Vasquez,,0.00,10.99,0.91,0.00,0.00
Tink-a-Tako - Potranco,12,10/9/25 6:51 AM,1,Nadia  Reyes,,0.00,5.97,0.49,0.00,0.00
Tink-a-Tako - Potranco,14,10/9/25 6:52 AM,2,Norma Vasquez,12,0.00,29.85,2.47,0.00,0.00
Tink-a-Tako - Potranco,13,10/9/25 6:52 AM,1,Nadia  Reyes,,0.00,7.78,0.65,0.00,0.00
Tink-a-Tako - Potranco,15,10/9/25 6:56 AM,1,Nadia  Reyes,,0.00,8.77,0.73,4.00,0.00
Tink-a-Tako - Potranco,16,10/9/25 6:57 AM,1,Nadia  Reyes,,0.00,7.56,0.63,1.00,0.00
Tink-a-Tako - Potranco,17,10/9/25 6:57 AM,1,Nadia  Reyes,,0.00,5.97,0.49,0.54,0.00
Tink-a-Tako - Potranco,18,10/9/25 7:00 AM,1,Nadia  Reyes,,0.00,20.09,1.65,0.00,0.00
Tink-a-Tako - Potranco,19,10/9/25 7:01 AM,1,Nadia  Reyes,,0.00,20.54,1.69,2.00,0.00
Tink-a-Tako - Potranco,20,10/9/25 7:06 AM,1,Nadia  Reyes,,0.00,57.34,4.73,0.00,0.00
Tink-a-Tako - Potranco,21,10/9/25 7:08 AM,1,Nadia  Reyes,,0.00,12.99,1.07,0.00,0.00
Tink-a-Tako - Potranco,22,10/9/25 7:08 AM,1,Nadia  Reyes,,0.00,9.16,0.76,1.37,0.00
Tink-a-Tako - Potranco,23,10/9/25 7:08 AM,1,Nadia  Reyes,,0.00,13.08,1.08,0.00,0.00
Tink-a-Tako - Potranco,25,10/9/25 7:14 AM,1,Rosie  ORDONEZ,36,0.00,3.98,0.32,0.00,0.00
Tink-a-Tako - Potranco,24,10/9/25 7:12 AM,1,Nadia  Reyes,,0.00,13.16,1.09,0.00,0.00
Tink-a-Tako - Potranco,26,10/9/25 7:15 AM,1,Nadia  Reyes,,1.38,12.45,1.03,0.00,0.00
Tink-a-Tako - Potranco,27,10/9/25 7:17 AM,1,Nadia  Reyes,,0.00,8.97,0.74,0.00,0.00
Tink-a-Tako - Potranco,28,10/9/25 7:17 AM,1,Norma Vasquez,,0.00,4.78,0.40,0.00,0.00
Tink-a-Tako - Potranco,30,10/9/25 7:18 AM,1,Nadia  Reyes,,0.00,14.72,1.21,0.00,0.00
Tink-a-Tako - Potranco,31,10/9/25 7:20 AM,1,Nadia  Reyes,,0.00,11.54,0.95,2.00,0.00
Tink-a-Tako - Potranco,32,10/9/25 7:23 AM,1,Nadia  Reyes,,0.00,9.86,0.82,0.00,0.00
Tink-a-Tako - Potranco,33,10/9/25 7:23 AM,1,Nadia  Reyes,,0.00,9.98,0.82,0.00,0.00
Tink-a-Tako - Potranco,34,10/9/25 7:26 AM,1,Nadia  Reyes,,0.00,7.67,0.63,0.00,0.00
Tink-a-Tako - Potranco,35,10/9/25 7:29 AM,1,Nadia  Reyes,,0.00,5.97,0.49,0.00,0.00
Tink-a-Tako - Potranco,37,10/9/25 7:34 AM,1,Nadia  Reyes,,0.00,8.97,0.74,1.79,0.00
Tink-a-Tako - Potranco,36,10/9/25 7:33 AM,1,Norma Vasquez,31,0.00,14.22,1.18,5.00,0.00
Tink-a-Tako - Potranco,38,10/9/25 7:35 AM,1,Norma Vasquez,,0.00,4.98,0.42,0.00,0.00
Tink-a-Tako - Potranco,40,10/9/25 7:40 AM,1,Nadia  Reyes,,0.60,5.38,0.45,0.00,0.00
Tink-a-Tako - Potranco,41,10/9/25 7:41 AM,1,Nadia  Reyes,,0.00,16.75,1.38,0.00,0.00
Tink-a-Tako - Potranco,42,10/9/25 7:42 AM,1,Nadia  Reyes,,0.00,12.96,1.07,0.00,0.00
Tink-a-Tako - Potranco,44,10/9/25 7:42 AM,1,Nadia  Reyes,,0.00,7.43,0.60,0.00,0.00
Tink-a-Tako - Potranco,45,10/9/25 7:44 AM,1,Nadia  Reyes,,0.00,6.48,0.54,1.30,0.00
Tink-a-Tako - Potranco,46,10/9/25 7:45 AM,1,Nadia  Reyes,,0.00,3.58,0.30,0.00,0.00
Tink-a-Tako - Potranco,47,10/9/25 7:47 AM,1,Nadia  Reyes,,0.00,12.74,1.05,0.00,0.00
Tink-a-Tako - Potranco,48,10/9/25 7:49 AM,1,Nadia  Reyes,,0.00,22.74,1.87,3.41,0.00
Tink-a-Tako - Potranco,49,10/9/25 7:50 AM,1,Nadia  Reyes,,0.00,4.98,0.42,0.60,0.00
Tink-a-Tako - Potranco,50,10/9/25 7:54 AM,1,Norma Vasquez,3,0.00,24.72,2.04,0.00,0.00
Tink-a-Tako - Potranco,51,10/9/25 7:56 AM,1,Nadia  Reyes,,0.00,37.14,3.06,0.00,0.00
Tink-a-Tako - Potranco,52,10/9/25 8:02 AM,1,Nadia  Reyes,,0.00,5.44,0.44,0.00,0.00
Tink-a-Tako - Potranco,53,10/9/25 8:02 AM,1,Nadia  Reyes,,0.00,6.37,0.53,0.00,0.00
Tink-a-Tako - Potranco,55,10/9/25 8:03 AM,2,Norma Vasquez,18,0.00,18.31,1.52,3.00,0.00
Tink-a-Tako - Potranco,56,10/9/25 8:03 AM,2,Norma Vasquez,25,0.00,22.27,1.82,0.00,0.00
Tink-a-Tako - Potranco,57,10/9/25 8:04 AM,1,Nadia  Reyes,,0.00,7.87,0.65,0.00,0.00
Tink-a-Tako - Potranco,58,10/9/25 8:05 AM,1,Nadia  Reyes,,0.00,12.95,1.07,2.59,0.00
Tink-a-Tako - Potranco,59,10/9/25 8:07 AM,1,Nadia  Reyes,,0.00,22.38,1.84,0.00,0.00
Tink-a-Tako - Potranco,60,10/9/25 8:08 AM,1,Nadia  Reyes,,0.00,6.27,0.51,0.00,0.00
Tink-a-Tako - Potranco,61,10/9/25 8:10 AM,1,Nadia  Reyes,,0.00,4.79,0.40,0.72,0.00
Tink-a-Tako - Potranco,62,10/9/25 8:12 AM,1,Nadia  Reyes,,0.00,11.77,0.97,0.00,0.00
Tink-a-Tako - Potranco,63,10/9/25 8:12 AM,1,Ivana Abundiz,,0.00,15.46,1.28,0.00,0.00
Tink-a-Tako - Potranco,65,10/9/25 8:12 AM,1,Norma Vasquez,32,3.39,7.09,0.57,5.00,0.00
Tink-a-Tako - Potranco,66,10/9/25 8:13 AM,1,Ivana Abundiz,,0.00,12.35,1.02,1.00,0.00
Tink-a-Tako - Potranco,67,10/9/25 8:14 AM,3,Norma Vasquez,7,0.00,27.95,2.32,0.00,0.00
Tink-a-Tako - Potranco,68,10/9/25 8:16 AM,1,Nadia  Reyes,,0.00,7.77,0.64,1.17,0.00
Tink-a-Tako - Potranco,69,10/9/25 8:16 AM,1,Nadia  Reyes,,0.00,6.97,0.57,0.00,0.00
Tink-a-Tako - Potranco,71,10/9/25 8:17 AM,1,Norma Vasquez,26,0.00,6.97,0.57,0.00,0.00
Tink-a-Tako - Potranco,72,10/9/25 8:19 AM,1,Nadia  Reyes,,0.55,4.93,0.40,0.00,0.00
Tink-a-Tako - Potranco,73,10/9/25 8:20 AM,1,Nadia  Reyes,,0.00,12.43,1.02,1.86,0.00
Tink-a-Tako - Potranco,74,10/9/25 8:21 AM,1,Nadia  Reyes,,0.00,14.97,1.23,0.00,0.00
Tink-a-Tako - Potranco,75,10/9/25 8:22 AM,1,Ivana Abundiz,,0.00,13.21,1.09,0.00,0.00
Tink-a-Tako - Potranco,76,10/9/25 8:23 AM,1,Nadia  Reyes,,0.00,2.79,0.23,0.00,0.00
Tink-a-Tako - Potranco,77,10/9/25 8:25 AM,1,Nadia  Reyes,,0.00,4.98,0.42,0.00,0.00
Tink-a-Tako - Potranco,78,10/9/25 8:28 AM,1,Nadia  Reyes,,0.00,8.34,0.69,0.00,0.00
Tink-a-Tako - Potranco,80,10/9/25 8:31 AM,1,Nadia  Reyes,,0.00,11.25,0.92,0.00,0.00
Tink-a-Tako - Potranco,81,10/9/25 8:33 AM,1,Nadia  Reyes,,0.00,9.58,0.79,0.00,0.00
Tink-a-Tako - Potranco,82,10/9/25 8:34 AM,1,Nadia  Reyes,,0.00,3.98,0.33,0.00,0.00
Tink-a-Tako - Potranco,84,10/9/25 8:36 AM,3,Esperansa Caviedes,32,0.00,35.62,2.95,0.00,0.00
Tink-a-Tako - Potranco,83,10/9/25 8:34 AM,1,Nadia  Reyes,,0.00,43.82,3.60,1.00,0.00
Tink-a-Tako - Potranco,86,10/9/25 8:38 AM,1,Nadia  Reyes,,0.00,3.98,0.33,0.00,0.00
Tink-a-Tako - Potranco,85,10/9/25 8:38 AM,1,Ivana Abundiz,,0.00,10.86,0.89,0.00,0.00
Tink-a-Tako - Potranco,87,10/9/25 8:41 AM,1,Nadia  Reyes,,0.00,37.68,3.11,1.00,0.00
Tink-a-Tako - Potranco,88,10/9/25 8:41 AM,1,Ivana Abundiz,,0.00,5.97,0.49,1.31,0.00
Tink-a-Tako - Potranco,90,10/9/25 8:42 AM,2,Isabel Cisneros,8,0.00,37.96,3.14,5.00,0.00
Tink-a-Tako - Potranco,91,10/9/25 8:42 AM,1,Nadia  Reyes,,0.00,4.65,0.39,1.02,0.00
Tink-a-Tako - Potranco,93,10/9/25 8:47 AM,1,Nadia  Reyes,,0.00,13.16,1.09,0.00,0.00
Tink-a-Tako - Potranco,94,10/9/25 8:49 AM,1,Nadia  Reyes,,0.00,21.83,1.81,3.27,0.00
Tink-a-Tako - Potranco,96,10/9/25 8:50 AM,1,Ivana Abundiz,,0.00,177.12,14.62,50.00,0.00
Tink-a-Tako - Potranco,97,10/9/25 8:53 AM,1,Ivana Abundiz,,0.00,5.49,0.45,0.00,0.00
Tink-a-Tako - Potranco,98,10/9/25 8:54 AM,1,Norma Vasquez,24,0.00,10.98,0.91,0.00,0.00
Tink-a-Tako - Potranco,99,10/9/25 8:54 AM,1,Ivana Abundiz,,0.00,10.48,0.86,1.57,0.00
Tink-a-Tako - Potranco,100,10/9/25 8:55 AM,1,Nadia  Reyes,,0.00,11.77,0.97,0.00,0.00
Tink-a-Tako - Potranco,101,10/9/25 8:59 AM,1,Esperansa Caviedes,21,1.40,37.04,3.06,6.00,0.00
Tink-a-Tako - Potranco,103,10/9/25 9:01 AM,1,Nadia  Reyes,,0.00,6.38,0.52,0.00,0.00
Tink-a-Tako - Potranco,102,10/9/25 9:01 AM,1,Ivana Abundiz,,0.00,26.73,2.21,2.06,0.00
Tink-a-Tako - Potranco,105,10/9/25 9:02 AM,3,Norma Vasquez,15,0.00,38.94,3.21,7.85,0.00
Tink-a-Tako - Potranco,106,10/9/25 9:03 AM,1,Nadia  Reyes,,0.00,18.01,1.49,0.00,0.00
Tink-a-Tako - Potranco,107,10/9/25 9:05 AM,3,Isabel Cisneros,25,0.00,15.24,1.26,0.00,0.00
Tink-a-Tako - Potranco,108,10/9/25 9:05 AM,1,Nadia  Reyes,,0.00,10.16,0.83,0.00,0.00
Tink-a-Tako - Potranco,109,10/9/25 9:05 AM,1,Nadia  Reyes,,0.00,4.39,0.36,0.00,0.00
Tink-a-Tako - Potranco,110,10/9/25 9:07 AM,1,Nadia  Reyes,,0.00,7.43,0.61,0.00,0.00
Tink-a-Tako - Potranco,111,10/9/25 9:08 AM,1,Nadia  Reyes,,0.00,7.97,0.66,1.59,0.00
Tink-a-Tako - Potranco,112,10/9/25 9:11 AM,1,Nadia  Reyes,,0.00,3.78,0.31,0.00,0.00
Tink-a-Tako - Potranco,114,10/9/25 9:12 AM,1,Nadia  Reyes,,0.00,6.99,0.57,0.00,0.00
Tink-a-Tako - Potranco,113,10/9/25 9:12 AM,1,Ivana Abundiz,,24.77,0.00,0.00,0.00,0.00
Tink-a-Tako - Potranco,116,10/9/25 9:13 AM,1,Ivana Abundiz,,0.00,0.00,0.00,0.00,0.00
Tink-a-Tako - Potranco,117,10/9/25 9:15 AM,1,Nadia  Reyes,,0.00,11.96,0.99,2.63,0.00
Tink-a-Tako - Potranco,118,10/9/25 9:16 AM,1,Nadia  Reyes,,0.00,5.94,0.49,0.00,0.00
Tink-a-Tako - Potranco,119,10/9/25 9:16 AM,2,Norma Vasquez,35,0.00,23.82,1.97,0.00,0.00
Tink-a-Tako - Potranco,120,10/9/25 9:18 AM,2,Esperansa Caviedes,37,0.00,25.65,2.11,0.00,0.00
Tink-a-Tako - Potranco,121,10/9/25 9:22 AM,1,Isabel Cisneros,10,0.00,17.75,1.46,0.00,0.00
Tink-a-Tako - Potranco,122,10/9/25 9:23 AM,1,Nadia  Reyes,,0.00,18.64,1.53,3.73,0.00
Tink-a-Tako - Potranco,123,10/9/25 9:24 AM,1,Nadia  Reyes,,0.00,6.87,0.57,0.00,0.00
Tink-a-Tako - Potranco,125,10/9/25 9:25 AM,1,Nadia  Reyes,,0.00,14.35,1.18,0.00,0.00
Tink-a-Tako - Potranco,126,10/9/25 9:27 AM,1,Nadia  Reyes,,0.00,9.42,0.77,0.00,0.00
Tink-a-Tako - Potranco,127,10/9/25 9:29 AM,1,Nadia  Reyes,,0.00,3.78,0.31,0.83,0.00
Tink-a-Tako - Potranco,128,10/9/25 9:31 AM,1,Nadia  Reyes,,0.00,4.98,0.41,0.00,0.00
Tink-a-Tako - Potranco,131,10/9/25 9:35 AM,1,Nadia  Reyes,,0.00,3.29,0.27,0.00,0.00
Tink-a-Tako - Potranco,132,10/9/25 9:36 AM,1,Norma Vasquez,33,0.00,6.97,0.57,0.00,0.00
Tink-a-Tako - Potranco,133,10/9/25 9:36 AM,1,Nadia  Reyes,,0.00,6.57,0.55,0.00,0.00
Tink-a-Tako - Potranco,134,10/9/25 9:36 AM,1,Nadia  Reyes,,0.00,10.87,0.90,0.00,0.00
Tink-a-Tako - Potranco,136,10/9/25 9:38 AM,2,Esperansa Caviedes,22,0.00,17.76,1.47,0.00,0.00
Tink-a-Tako - Potranco,138,10/9/25 9:42 AM,1,Nadia  Reyes,,0.00,19.11,1.58,0.00,0.00
Tink-a-Tako - Potranco,139,10/9/25 9:44 AM,1,Nadia  Reyes,,0.00,14.53,1.20,0.00,0.00
Tink-a-Tako - Potranco,140,10/9/25 9:46 AM,1,Nadia  Reyes,,0.00,20.52,1.70,0.00,0.00
Tink-a-Tako - Potranco,143,10/9/25 9:47 AM,2,Isabel Cisneros,9,0.00,28.44,2.34,0.00,0.00
Tink-a-Tako - Potranco,144,10/9/25 9:48 AM,1,Nadia  Reyes,,0.00,8.78,0.72,0.00,0.00
Tink-a-Tako - Potranco,145,10/9/25 9:48 AM,1,Nadia  Reyes,,4.38,4.38,0.36,2.00,0.00
Tink-a-Tako - Potranco,146,10/9/25 9:51 AM,1,Esperansa Caviedes,26,0.00,25.10,2.06,5.49,0.00
Tink-a-Tako - Potranco,147,10/9/25 9:51 AM,1,Nadia  Reyes,,0.00,19.78,1.63,0.00,0.00
Tink-a-Tako - Potranco,148,10/9/25 9:51 AM,2,Norma Vasquez,23,0.00,24.56,2.02,6.00,0.00
Tink-a-Tako - Potranco,150,10/9/25 9:54 AM,1,Ivana Abundiz,,0.00,12.25,1.01,0.00,0.00
Tink-a-Tako - Potranco,151,10/9/25 9:56 AM,1,Nadia  Reyes,,0.00,11.18,0.92,0.00,0.00
Tink-a-Tako - Potranco,152,10/9/25 9:57 AM,1,Nadia  Reyes,,0.00,15.55,1.28,2.33,0.00
Tink-a-Tako - Potranco,153,10/9/25 9:58 AM,1,Nadia  Reyes,,0.00,6.87,0.57,0.00,0.00
Tink-a-Tako - Potranco,154,10/9/25 10:01 AM,1,Nadia  Reyes,,0.00,6.99,0.57,1.05,0.00
Tink-a-Tako - Potranco,155,10/9/25 10:02 AM,4,Isabel Cisneros,34,0.00,31.03,2.55,3.00,0.00
Tink-a-Tako - Potranco,156,10/9/25 10:03 AM,1,Nadia  Reyes,,0.00,11.14,0.92,0.00,0.00
Tink-a-Tako - Potranco,157,10/9/25 10:03 AM,1,Ivana Abundiz,,0.00,14.95,1.23,0.00,0.00
Tink-a-Tako - Potranco,158,10/9/25 10:05 AM,2,Norma Vasquez,18,0.00,3.78,0.31,2.00,0.00
Tink-a-Tako - Potranco,159,10/9/25 10:06 AM,1,Nadia  Reyes,,0.00,21.25,1.76,0.00,0.00
Tink-a-Tako - Potranco,160,10/9/25 10:08 AM,1,Nadia  Reyes,,0.00,1.79,0.15,0.00,0.00
Tink-a-Tako - Potranco,164,10/9/25 10:10 AM,1,Nadia  Reyes,,0.00,10.38,0.86,1.00,0.00
Tink-a-Tako - Potranco,167,10/9/25 10:11 AM,1,Nadia  Reyes,,0.00,23.16,1.91,0.00,0.00
Tink-a-Tako - Potranco,168,10/9/25 10:11 AM,2,Norma Vasquez,11,0.00,19.82,1.63,3.00,0.00
Tink-a-Tako - Potranco,165,10/9/25 10:10 AM,1,Ivana Abundiz,,0.00,31.92,2.64,0.00,0.00
Tink-a-Tako - Potranco,169,10/9/25 10:14 AM,2,Norma Vasquez,10,4.64,25.20,2.08,5.00,0.00
Tink-a-Tako - Potranco,170,10/9/25 10:19 AM,1,Nadia  Reyes,,0.00,10.36,0.86,0.00,0.00
Tink-a-Tako - Potranco,171,10/9/25 10:20 AM,1,Nadia  Reyes,,0.00,10.06,0.82,0.00,0.00
Tink-a-Tako - Potranco,172,10/9/25 10:24 AM,4,Isabel Cisneros,,0.00,44.40,3.65,2.00,0.00
Tink-a-Tako - Potranco,173,10/9/25 10:27 AM,3,Isabel Cisneros,41,0.00,20.97,1.74,4.00,0.00
Tink-a-Tako - Potranco,174,10/9/25 10:28 AM,1,Nadia  Reyes,,0.00,14.61,1.20,2.00,0.00
Tink-a-Tako - Potranco,176,10/9/25 10:30 AM,3,Norma Vasquez,20,0.00,79.50,6.57,10.00,0.00
Tink-a-Tako - Potranco,178,10/9/25 10:32 AM,1,Norma Vasquez,25,0.00,6.99,0.58,0.00,0.00
Tink-a-Tako - Potranco,177,10/9/25 10:31 AM,3,Esperansa Caviedes,18,0.00,40.47,3.33,0.00,0.00
Tink-a-Tako - Potranco,179,10/9/25 10:35 AM,1,Nadia  Reyes,,0.00,18.97,1.56,0.00,0.00
Tink-a-Tako - Potranco,181,10/9/25 10:36 AM,2,Esperansa Caviedes,7,0.00,6.37,0.52,3.00,0.00
Tink-a-Tako - Potranco,182,10/9/25 10:37 AM,1,Nadia  Reyes,,0.00,16.54,1.37,0.00,0.00
Tink-a-Tako - Potranco,183,10/9/25 10:37 AM,1,Nadia  Reyes,,0.00,8.67,0.71,0.00,0.00
Tink-a-Tako - Potranco,184,10/9/25 10:43 AM,2,Isabel Cisneros,32,0.00,24.96,2.06,4.00,0.00
Tink-a-Tako - Potranco,185,10/9/25 10:44 AM,4,Isabel Cisneros,15,0.00,45.58,3.77,0.00,0.00
Tink-a-Tako - Potranco,186,10/9/25 10:46 AM,1,Nadia  Reyes,,0.00,7.78,0.64,0.00,0.00
Tink-a-Tako - Potranco,188,10/9/25 10:48 AM,1,Nadia  Reyes,,0.00,6.97,0.57,0.00,0.00
Tink-a-Tako - Potranco,187,10/9/25 10:48 AM,2,Esperansa Caviedes,33,0.00,30.86,2.53,12.00,0.00
Tink-a-Tako - Potranco,189,10/9/25 10:49 AM,2,Norma Vasquez,22,0.00,29.11,2.39,5.00,0.00
Tink-a-Tako - Potranco,191,10/9/25 10:51 AM,1,Nadia  Reyes,,0.00,5.48,0.46,0.00,0.00
Tink-a-Tako - Potranco,192,10/9/25 10:51 AM,1,Nadia  Reyes,,0.00,6.99,0.57,1.54,0.00
Tink-a-Tako - Potranco,194,10/9/25 10:53 AM,1,Ivana Abundiz,,0.00,18.22,1.50,0.00,0.00
Tink-a-Tako - Potranco,195,10/9/25 10:55 AM,2,Isabel Cisneros,23,0.00,29.25,2.42,5.85,0.00
Tink-a-Tako - Potranco,196,10/9/25 10:56 AM,2,Norma Vasquez,3,16.97,0.00,0.00,0.00,0.00
Tink-a-Tako - Potranco,197,10/9/25 10:58 AM,1,Nadia  Reyes,,0.00,10.00,0.82,0.00,0.00
Tink-a-Tako - Potranco,199,10/9/25 11:01 AM,1,Nadia  Reyes,,0.00,3.98,0.32,0.00,0.00
Tink-a-Tako - Potranco,198,10/9/25 11:01 AM,3,Norma Vasquez,35,0.00,36.58,3.02,0.00,0.00
Tink-a-Tako - Potranco,201,10/9/25 11:03 AM,2,Isabel Cisneros,10,0.00,50.72,4.18,10.00,0.00
Tink-a-Tako - Potranco,202,10/9/25 11:03 AM,1,Nadia  Reyes,,0.00,13.16,1.08,0.00,0.00
Tink-a-Tako - Potranco,200,10/9/25 11:02 AM,3,Esperansa Caviedes,2,0.00,58.12,4.78,5.00,0.00
Tink-a-Tako - Potranco,203,10/9/25 11:04 AM,2,Norma Vasquez,17,0.00,35.42,2.92,0.00,0.00
Tink-a-Tako - Potranco,204,10/9/25 11:06 AM,1,Esperansa Caviedes,24,0.00,58.82,4.83,7.00,0.00
Tink-a-Tako - Potranco,205,10/9/25 11:07 AM,1,Nadia  Reyes,,0.00,4.08,0.34,0.00,0.00
Tink-a-Tako - Potranco,206,10/9/25 11:10 AM,1,Nadia  Reyes,,0.00,7.96,0.66,0.00,0.00
Tink-a-Tako - Potranco,207,10/9/25 11:12 AM,1,Nadia  Reyes,,0.00,25.73,2.12,3.86,0.00
Tink-a-Tako - Potranco,208,10/9/25 11:16 AM,1,Nadia  Reyes,,0.00,3.58,0.30,0.00,0.00
Tink-a-Tako - Potranco,209,10/9/25 11:16 AM,1,Nadia  Reyes,,0.00,28.35,2.33,0.00,0.00
Tink-a-Tako - Potranco,211,10/9/25 11:20 AM,1,Ivana Abundiz,,0.00,37.44,3.10,0.00,0.00
Tink-a-Tako - Potranco,212,10/9/25 11:26 AM,1,Nadia  Reyes,,0.00,22.93,1.89,0.00,0.00
Tink-a-Tako - Potranco,213,10/9/25 11:27 AM,1,Ivana Abundiz,,0.00,12.99,1.07,0.00,0.00
Tink-a-Tako - Potranco,215,10/9/25 11:28 AM,1,Nadia  Reyes,,0.00,17.16,1.41,0.00,0.00
Tink-a-Tako - Potranco,214,10/9/25 11:27 AM,1,Isabel Cisneros,,0.00,9.67,0.80,0.00,0.00
Tink-a-Tako - Potranco,216,10/9/25 11:30 AM,1,Nadia  Reyes,,0.00,18.98,1.56,2.85,0.00
Tink-a-Tako - Potranco,217,10/9/25 11:31 AM,1,Nadia  Reyes,,0.00,10.57,0.87,2.33,0.00
Tink-a-Tako - Potranco,219,10/9/25 11:33 AM,1,Nadia  Reyes,,0.00,9.67,0.79,0.00,0.00
Tink-a-Tako - Potranco,220,10/9/25 11:34 AM,1,Nadia  Reyes,,0.00,21.65,1.78,0.00,0.00
Tink-a-Tako - Potranco,224,10/9/25 11:37 AM,3,Isabel Cisneros,32,0.00,22.47,1.85,3.00,0.00
Tink-a-Tako - Potranco,225,10/9/25 11:37 AM,1,Ivana Abundiz,,0.00,17.94,1.48,0.00,0.00
Tink-a-Tako - Potranco,226,10/9/25 11:37 AM,1,Nadia  Reyes,,0.00,13.98,1.15,2.10,0.00
Tink-a-Tako - Potranco,227,10/9/25 11:39 AM,1,Nadia  Reyes,,0.00,5.97,0.49,0.00,0.00
Tink-a-Tako - Potranco,229,10/9/25 11:41 AM,1,Nadia  Reyes,,0.00,21.37,1.76,0.00,0.00
Tink-a-Tako - Potranco,228,10/9/25 11:40 AM,1,Brianna  Arias ,,3.99,0.00,0.00,0.00,0.00
Tink-a-Tako - Potranco,231,10/9/25 11:46 AM,2,Norma Vasquez,38,0.00,33.88,2.78,0.00,0.00
Tink-a-Tako - Potranco,232,10/9/25 11:47 AM,3,Esperansa Caviedes,33,0.00,41.94,3.45,0.00,0.00
Tink-a-Tako - Potranco,233,10/9/25 11:49 AM,3,Isabel Cisneros,17,0.00,16.22,1.33,0.00,0.00
Tink-a-Tako - Potranco,234,10/9/25 11:49 AM,1,Nadia  Reyes,,0.00,10.11,0.83,1.00,0.00
Tink-a-Tako - Potranco,235,10/9/25 11:50 AM,1,Nadia  Reyes,,0.00,8.77,0.72,0.00,0.00
Tink-a-Tako - Potranco,238,10/9/25 11:52 AM,2,Norma Vasquez,15,0.00,18.96,1.56,0.00,0.00
Tink-a-Tako - Potranco,239,10/9/25 11:54 AM,1,Nadia  Reyes,,0.77,6.90,0.57,1.53,0.00
Tink-a-Tako - Potranco,241,10/9/25 11:59 AM,1,Nadia  Reyes,,0.00,28.36,2.33,3.00,0.00
Tink-a-Tako - Potranco,242,10/9/25 12:01 PM,3,Esperansa Caviedes,20,0.00,74.92,6.18,5.00,0.00
Tink-a-Tako - Potranco,244,10/9/25 12:07 PM,2,Isabel Cisneros,40,0.00,35.12,2.88,10.00,0.00
Tink-a-Tako - Potranco,246,10/9/25 12:13 PM,1,Nadia  Reyes,,0.00,3.98,0.32,0.00,0.00
Tink-a-Tako - Potranco,247,10/9/25 12:14 PM,2,Isabel Cisneros,7,0.00,30.88,2.54,0.00,0.00
Tink-a-Tako - Potranco,248,10/9/25 12:16 PM,1,Ivana Abundiz,,0.00,31.86,2.62,0.00,0.00
Tink-a-Tako - Potranco,250,10/9/25 12:18 PM,1,Ivana Abundiz,,0.00,9.72,0.81,0.00,0.00
Tink-a-Tako - Potranco,251,10/9/25 12:19 PM,1,Ivana Abundiz,,0.00,4.98,0.41,0.00,0.00
Tink-a-Tako - Potranco,252,10/9/25 12:19 PM,1,Ivana Abundiz,,0.00,4.98,0.41,0.00,0.00
Tink-a-Tako - Potranco,249,10/9/25 12:18 PM,1,Nadia  Reyes,,0.00,25.45,2.09,0.00,0.00
Tink-a-Tako - Potranco,254,10/9/25 12:21 PM,1,Nadia  Reyes,,0.00,8.78,0.72,0.00,0.00
Tink-a-Tako - Potranco,255,10/9/25 12:22 PM,3,Norma Vasquez,37,0.00,33.40,2.76,10.00,0.00
Tink-a-Tako - Potranco,256,10/9/25 12:22 PM,2,Esperansa Caviedes,42,0.00,17.69,1.45,5.00,0.00
Tink-a-Tako - Potranco,257,10/9/25 12:24 PM,1,Nadia  Reyes,,0.00,6.48,0.54,0.00,0.00
Tink-a-Tako - Potranco,260,10/9/25 12:26 PM,2,Norma Vasquez,25,26.95,0.00,0.00,0.00,0.00
Tink-a-Tako - Potranco,261,10/9/25 12:29 PM,1,Nadia  Reyes,,0.00,12.73,1.05,0.00,0.00
Tink-a-Tako - Potranco,262,10/9/25 12:31 PM,1,Nadia  Reyes,,0.00,5.37,0.44,1.07,0.00
Tink-a-Tako - Potranco,263,10/9/25 12:31 PM,1,Nadia  Reyes,,0.00,21.56,1.78,0.00,0.00
Tink-a-Tako - Potranco,264,10/9/25 12:32 PM,1,Nadia  Reyes,,0.00,9.78,0.81,1.96,0.00
Tink-a-Tako - Potranco,265,10/9/25 12:34 PM,2,Isabel Cisneros,18,0.00,25.77,2.13,5.00,0.00
Tink-a-Tako - Potranco,267,10/9/25 12:36 PM,1,Nadia  Reyes,,0.00,9.48,0.78,1.42,0.00
Tink-a-Tako - Potranco,266,10/9/25 12:36 PM,2,Norma Vasquez,32,0.00,34.92,2.87,0.00,0.00
Tink-a-Tako - Potranco,268,10/9/25 12:40 PM,1,Nadia  Reyes,,0.00,7.96,0.66,0.00,0.00
Tink-a-Tako - Potranco,270,10/9/25 12:42 PM,1,Nadia  Reyes,,0.00,15.95,1.31,0.00,0.00
Tink-a-Tako - Potranco,272,10/9/25 12:44 PM,1,Ivana Abundiz,,0.00,46.40,3.82,3.00,0.00
Tink-a-Tako - Potranco,273,10/9/25 12:46 PM,1,Nadia  Reyes,,0.00,5.00,0.41,0.75,0.00
Tink-a-Tako - Potranco,275,10/9/25 12:48 PM,1,Isabel Cisneros,33,0.00,14.98,1.23,3.00,0.00
Tink-a-Tako - Potranco,274,10/9/25 12:47 PM,2,Esperansa Caviedes,7,0.00,28.22,2.32,4.46,0.00
Tink-a-Tako - Potranco,276,10/9/25 12:57 PM,2,Norma Vasquez,17,0.00,13.75,1.15,5.00,0.00
Tink-a-Tako - Potranco,277,10/9/25 1:00 PM,1,Nadia  Reyes,,0.00,10.57,0.87,0.00,0.00
Tink-a-Tako - Potranco,278,10/9/25 1:02 PM,1,Rosie  ORDONEZ,,0.00,8.23,0.68,0.00,0.00
Tink-a-Tako - Potranco,280,10/9/25 1:03 PM,1,Isabel Cisneros,35,0.00,5.98,0.50,5.00,0.00
Tink-a-Tako - Potranco,282,10/9/25 1:06 PM,1,Nadia  Reyes,,0.00,20.74,1.71,0.00,0.00
Tink-a-Tako - Potranco,284,10/9/25 1:06 PM,1,Nadia  Reyes,,0.00,18.99,1.57,0.00,0.00
Tink-a-Tako - Potranco,283,10/9/25 1:06 PM,2,Esperansa Caviedes,24,0.00,32.17,2.65,6.00,0.00
Tink-a-Tako - Potranco,285,10/9/25 1:07 PM,1,Norma Vasquez,38,0.00,16.44,1.35,5.00,0.00
Tink-a-Tako - Potranco,286,10/9/25 1:08 PM,1,Nadia  Reyes,,0.00,7.96,0.65,0.00,0.00
Tink-a-Tako - Potranco,287,10/9/25 1:09 PM,1,Nadia  Reyes,,0.00,1.39,0.11,0.00,0.00
Tink-a-Tako - Potranco,289,10/9/25 1:11 PM,1,Ivana Abundiz,,0.00,6.18,0.51,0.00,0.00
Tink-a-Tako - Potranco,288,10/9/25 1:09 PM,1,Nadia  Reyes,,0.00,2.99,0.25,0.00,0.00
Tink-a-Tako - Potranco,290,10/9/25 1:22 PM,1,Ivana Abundiz,,0.00,12.99,1.07,2.00,0.00
Tink-a-Tako - Potranco,291,10/9/25 1:25 PM,1,Nadia  Reyes,,0.00,19.26,1.59,0.00,0.00
Tink-a-Tako - Potranco,292,10/9/25 1:26 PM,1,Nadia  Reyes,,0.00,15.27,1.26,3.36,0.00
Tink-a-Tako - Potranco,294,10/9/25 1:30 PM,1,Isabel Cisneros,21,0.00,13.91,1.15,2.78,0.00
Tink-a-Tako - Potranco,295,10/9/25 1:32 PM,1,Nadia  Reyes,,0.00,30.72,2.52,0.00,0.00
Tink-a-Tako - Potranco,296,10/9/25 1:33 PM,1,Nadia  Reyes,,0.00,4.39,0.36,0.00,0.00
Tink-a-Tako - Potranco,297,10/9/25 1:34 PM,2,Esperansa Caviedes,37,0.00,29.27,2.40,10.00,0.00
Tink-a-Tako - Potranco,298,10/9/25 1:37 PM,1,Nadia  Reyes,,0.00,21.78,1.80,0.00,0.00
Tink-a-Tako - Potranco,300,10/9/25 1:41 PM,2,Isabel Cisneros,32,0.00,24.71,2.03,0.00,0.00
Tink-a-Tako - Potranco,301,10/9/25 1:43 PM,2,Esperansa Caviedes,33,0.00,20.97,1.73,5.00,0.00
Tink-a-Tako - Potranco,302,10/9/25 1:44 PM,1,Nadia  Reyes,,0.00,3.58,0.30,0.00,0.00
Tink-a-Tako - Potranco,304,10/9/25 1:44 PM,1,Norma Vasquez,25,0.00,5.96,0.49,10.00,0.00
Tink-a-Tako - Potranco,303,10/9/25 1:44 PM,1,Nadia  Reyes,,0.00,16.47,1.36,1.00,0.00
Tink-a-Tako - Potranco,305,10/9/25 1:54 PM,2,Isabel Cisneros,7,0.00,34.88,2.86,5.00,0.00
Tink-a-Tako - Potranco,306,10/9/25 1:56 PM,2,Esperansa Caviedes,8,0.00,35.12,2.89,10.00,0.00
Tink-a-Tako - Potranco,308,10/9/25 1:58 PM,1,Lizeth Alonso,,0.00,11.34,0.93,0.00,0.00
Tink-a-Tako - Potranco,309,10/9/25 1:59 PM,1,Lizeth Alonso,,0.00,17.56,1.45,0.00,0.00
Tink-a-Tako - Potranco,310,10/9/25 2:00 PM,1,Lizeth Alonso,,0.00,8.93,0.74,0.00,0.00
Tink-a-Tako - Potranco,311,10/9/25 2:06 PM,2,Sergio Abundiz,18,0.00,35.62,2.93,5.00,0.00
Tink-a-Tako - Potranco,312,10/9/25 2:12 PM,1,Lizeth Alonso,,0.00,1.79,0.15,0.00,0.00
Tink-a-Tako - Potranco,313,10/9/25 2:15 PM,4,Isabel Cisneros,31,0.00,67.48,5.55,0.00,0.00
Tink-a-Tako - Potranco,314,10/9/25 2:17 PM,3,Sergio Abundiz,11,0.00,30.96,2.55,0.00,0.00
Tink-a-Tako - Potranco,315,10/9/25 2:18 PM,1,Lizeth Alonso,,0.00,11.43,0.94,0.00,0.00
Tink-a-Tako - Potranco,316,10/9/25 2:25 PM,1,Lizeth Alonso,,0.00,19.97,1.64,0.00,0.00
Tink-a-Tako - Potranco,318,10/9/25 2:34 PM,1,Lizeth Alonso,,0.00,29.67,2.45,3.00,0.00
Tink-a-Tako - Potranco,319,10/9/25 2:34 PM,1,Sergio Abundiz,,0.00,22.98,1.90,0.00,0.00
Tink-a-Tako - Potranco,320,10/9/25 2:37 PM,1,Lizeth Alonso,,0.00,10.98,0.91,0.00,0.00
Tink-a-Tako - Potranco,321,10/9/25 2:43 PM,2,Isabel Cisneros,37,0.00,27.43,2.26,8.31,0.00
Tink-a-Tako - Potranco,322,10/9/25 2:43 PM,1,Lizeth Alonso,,0.00,0.00,0.00,0.00,0.00
Tink-a-Tako - Potranco,323,10/9/25 2:47 PM,1,Lizeth Alonso,,0.00,2.00,0.16,1.00,0.00
Tink-a-Tako - Potranco,324,10/9/25 2:48 PM,1,Lizeth Alonso,,0.00,10.77,0.89,2.00,0.00
Tink-a-Tako - Potranco,325,10/9/25 2:52 PM,2,Sergio Abundiz,24,0.00,34.38,2.82,0.00,0.00
Tink-a-Tako - Potranco,326,10/9/25 2:56 PM,2,Isabel Cisneros,33,0.00,57.58,4.74,15.00,0.00
Tink-a-Tako - Potranco,327,10/9/25 2:58 PM,1,Lizeth Alonso,,0.00,16.98,1.40,0.00,0.00
Tink-a-Tako - Potranco,329,10/9/25 3:27 PM,2,Sergio Abundiz,3,0.00,52.60,4.33,2.00,0.00
Tink-a-Tako - Potranco,328,10/9/25 3:15 PM,1,Lizeth Alonso,,0.00,17.56,1.45,4.00,0.00
Tink-a-Tako - Potranco,330,10/9/25 3:36 PM,1,Lizeth Alonso,,0.00,8.78,0.72,2.00,0.00
Tink-a-Tako - Potranco,332,10/9/25 3:40 PM,2,Isabel Cisneros,25,0.00,29.98,2.48,0.00,0.00
Tink-a-Tako - Potranco,331,10/9/25 3:38 PM,1,Lizeth Alonso,,0.00,8.47,0.70,0.00,0.00
Tink-a-Tako - Potranco,333,10/9/25 3:46 PM,1,Lizeth Alonso,,0.00,9.78,0.81,2.00,0.00
Tink-a-Tako - Potranco,334,10/9/25 3:47 PM,1,Lizeth Alonso,,0.00,21.81,1.79,0.00,0.00
Tink-a-Tako - Potranco,336,10/9/25 3:53 PM,1,Lizeth Alonso,,0.00,3.58,0.30,0.00,0.00
Tink-a-Tako - Potranco,337,10/9/25 3:57 PM,1,Lizeth Alonso,,0.00,5.24,0.43,0.00,0.00
Tink-a-Tako - Potranco,339,10/9/25 4:04 PM,2,Isabel Cisneros,38,0.00,37.42,3.08,8.00,0.00
Tink-a-Tako - Potranco,340,10/9/25 4:10 PM,1,Sergio Abundiz,,0.00,8.95,0.74,0.00,0.00
Tink-a-Tako - Potranco,341,10/9/25 4:17 PM,1,Sergio Abundiz,,0.00,13.99,1.15,0.00,0.00
Tink-a-Tako - Potranco,342,10/9/25 4:23 PM,1,Lizeth Alonso,,0.00,29.24,2.41,0.00,0.00
Tink-a-Tako - Potranco,344,10/9/25 4:30 PM,1,Isabel Cisneros,37,0.00,14.99,1.24,2.00,0.00
Tink-a-Tako - Potranco,345,10/9/25 4:31 PM,1,Sergio Abundiz,,0.00,0.00,0.00,0.00,0.00
Tink-a-Tako - Potranco,346,10/9/25 4:33 PM,1,Lizeth Alonso,,0.00,24.96,2.06,0.00,0.00
Tink-a-Tako - Potranco,347,10/9/25 4:35 PM,2,Sergio Abundiz,24,0.00,26.68,2.19,0.00,0.00
Tink-a-Tako - Potranco,348,10/9/25 4:36 PM,3,Isabel Cisneros,8,0.00,43.62,3.59,0.00,0.00
Tink-a-Tako - Potranco,349,10/9/25 4:40 PM,1,Lizeth Alonso,,0.00,18.84,1.55,0.00,0.00
Tink-a-Tako - Potranco,350,10/9/25 4:50 PM,1,Lizeth Alonso,,0.00,83.97,6.93,10.00,0.00
Tink-a-Tako - Potranco,351,10/9/25 4:51 PM,1,Lizeth Alonso,,0.00,12.55,1.04,0.00,0.00
Tink-a-Tako - Potranco,352,10/9/25 4:53 PM,3,Sergio Abundiz,2,0.00,47.95,3.96,9.00,0.00
Tink-a-Tako - Potranco,353,10/9/25 4:58 PM,2,Isabel Cisneros,25,0.00,15.98,1.32,0.00,0.00
Tink-a-Tako - Potranco,355,10/9/25 4:58 PM,1,Sergio Abundiz,,0.00,12.78,1.06,0.00,0.00
Tink-a-Tako - Potranco,356,10/9/25 4:59 PM,1,Mayra Luna,36,11.99,0.00,0.00,0.00,0.00
Tink-a-Tako - Potranco,357,10/9/25 4:59 PM,1,Lizeth Alonso,,0.00,14.26,1.17,0.00,0.00
Tink-a-Tako - Potranco,359,10/9/25 5:11 PM,1,Lizeth Alonso,,0.00,22.50,1.86,1.00,0.00
Tink-a-Tako - Potranco,360,10/9/25 5:12 PM,1,Lizeth Alonso,,0.00,29.43,2.43,0.00,0.00
Tink-a-Tako - Potranco,362,10/9/25 5:19 PM,1,Sergio Abundiz,,0.00,13.81,1.15,0.00,0.00
Tink-a-Tako - Potranco,363,10/9/25 5:20 PM,2,Isabel Cisneros,7,0.00,28.96,2.39,5.00,0.00
Tink-a-Tako - Potranco,364,10/9/25 5:20 PM,2,Sergio Abundiz,17,0.00,36.10,2.98,0.00,0.00
Tink-a-Tako - Potranco,366,10/9/25 5:28 PM,1,Lizeth Alonso,,0.00,17.44,1.43,0.00,0.00
Tink-a-Tako - Potranco,367,10/9/25 6:08 PM,2,Sergio Abundiz,25,0.00,21.96,1.81,4.00,0.00
Tink-a-Tako - Potranco,368,10/9/25 6:12 PM,1,Lizeth Alonso,,0.00,6.87,0.57,0.00,0.00
Tink-a-Tako - Potranco,369,10/9/25 6:20 PM,1,Lizeth Alonso,,0.00,12.99,1.07,1.00,0.00
Tink-a-Tako - Potranco,370,10/9/25 6:20 PM,1,Lizeth Alonso,,0.00,0.00,0.00,0.00,0.00
Tink-a-Tako - Potranco,371,10/9/25 6:22 PM,1,Lizeth Alonso,,0.00,11.48,0.95,0.00,0.00
Tink-a-Tako - Potranco,373,10/9/25 6:31 PM,1,Isabel Cisneros,,0.00,30.85,2.54,0.00,0.00
Tink-a-Tako - Potranco,374,10/9/25 6:33 PM,4,Sergio Abundiz,7,0.00,48.83,4.02,15.00,0.00
Tink-a-Tako - Potranco,375,10/9/25 6:36 PM,1,Lizeth Alonso,,0.00,6.18,0.51,0.00,0.00
Tink-a-Tako - Potranco,376,10/9/25 6:46 PM,2,Isabel Cisneros,35,0.00,21.41,1.76,5.00,0.00
Tink-a-Tako - Potranco,377,10/9/25 6:57 PM,1,Sergio Abundiz,19,0.00,14.23,1.17,5.00,0.00
Tink-a-Tako - Potranco,378,10/9/25 6:58 PM,1,Lizeth Alonso,,0.00,16.98,1.40,0.00,0.00
Tink-a-Tako - Potranco,379,10/9/25 7:08 PM,1,Sergio Abundiz,,0.00,8.99,0.74,0.00,0.00
Tink-a-Tako - Potranco,380,10/9/25 7:14 PM,1,Lizeth Alonso,,0.00,10.99,0.91,0.00,0.00
Tink-a-Tako - Potranco,381,10/9/25 7:22 PM,2,Isabel Cisneros,33,0.00,51.94,4.29,0.00,0.00
Tink-a-Tako - Potranco,382,10/9/25 7:41 PM,4,Sergio Abundiz,31,0.00,39.61,3.26,7.13,0.00
Tink-a-Tako - Potranco,383,10/9/25 7:47 PM,1,Lizeth Alonso,,1.08,9.70,0.80,0.00,0.00
Tink-a-Tako - Potranco,385,10/9/25 7:49 PM,1,Lizeth Alonso,,0.00,54.25,4.48,0.00,0.00
Tink-a-Tako - Potranco,386,10/9/25 7:51 PM,1,Lizeth Alonso,,0.00,24.64,2.04,0.00,0.00
Tink-a-Tako - Potranco,387,10/9/25 7:53 PM,1,Lizeth Alonso,,0.00,12.99,1.07,0.00,0.00
Tink-a-Tako - Potranco,388,10/9/25 8:02 PM,1,Sergio Abundiz,25,0.00,25.28,2.07,10.00,0.00
Tink-a-Tako - Potranco,389,10/9/25 8:15 PM,1,Lizeth Alonso,,0.00,25.75,2.12,3.00,0.00
Tink-a-Tako - Potranco,390,10/9/25 8:24 PM,1,Lizeth Alonso,,0.00,3.99,0.33,0.00,0.00
Tink-a-Tako - Potranco,391,10/9/25 8:29 PM,3,Sergio Abundiz,24,0.00,49.22,4.06,6.72,0.00
Tink-a-Tako - Potranco,392,10/9/25 8:38 PM,1,Lizeth Alonso,,0.00,19.56,1.62,3.00,0.00
Tink-a-Tako - Potranco,393,10/9/25 8:41 PM,1,Lizeth Alonso,,0.00,18.68,1.54,0.00,0.00
Tink-a-Tako - Potranco,394,10/9/25 8:49 PM,1,Lizeth Alonso,,0.00,12.99,1.07,0.00,0.00
Tink-a-Tako - Potranco,395,10/9/25 9:43 PM,1,Lizeth Alonso,,0.00,18.98,1.57,2.00,0.00
