Location,Order #,Opened,Server,Table,Revenue Center,Discount Amount,Amount,Tax,Tip,Gratuity,Duration (Opened to Paid)
Tink-a-Tako - Potranco,1,8/4/25 6:24 AM,Maria Majana,,Dining Room,0.00,27.78,2.28,0.00,0.00,00:15:32
Tink-a-Tako - Potranco,3,8/4/25 6:38 AM,Candy  Del angel ,,Dining Room,0.00,10.95,0.91,0.00,0.00,00:01:10
Tink-a-Tako - Potranco,4,8/4/25 6:39 AM,Candy  Del angel ,,Dining Room,0.00,8.97,0.74,0.00,0.00,00:05:17
Tink-a-Tako - Potranco,5,8/4/25 6:39 AM,Candy  Del angel ,,Dining Room,0.00,8.17,0.67,0.00,0.00,00:05:15
Tink-a-Tako - Potranco,6,8/4/25 6:42 AM,Candy  Del angel ,,Dining Room,0.00,15.16,1.25,0.00,0.00,00:04:42
Tink-a-Tako - Potranco,7,8/4/25 6:43 AM,Candy  Del angel ,,Dining Room,0.00,3.98,0.33,0.00,0.00,00:05:21
Tink-a-Tako - Potranco,8,8/4/25 6:44 AM,Candy  Del angel ,,Dining Room,0.00,7.67,0.63,0.00,0.00,00:04:56
Tink-a-Tako - Potranco,9,8/4/25 6:45 AM,Candy  Del angel ,,Dining Room,0.00,8.01,0.65,0.00,0.00,00:08:04
Tink-a-Tako - Potranco,10,8/4/25 6:49 AM,Maria Majana,,Dining Room,0.00,3.98,0.33,0.00,0.00,00:37:41
Tink-a-Tako - Potranco,11,8/4/25 6:49 AM,Candy  Del angel ,,Dining Room,0.00,5.97,0.49,0.00,0.00,00:05:38
Tink-a-Tako - Potranco,12,8/4/25 6:50 AM,Candy  Del angel ,,Dining Room,0.00,9.93,0.82,0.00,0.00,00:05:48
Tink-a-Tako - Potranco,13,8/4/25 6:55 AM,Candy  Del angel ,,Dining Room,0.00,21.37,1.76,0.00,0.00,00:02:32
Tink-a-Tako - Potranco,16,8/4/25 6:58 AM,Candy  Del angel ,,Dining Room,0.00,7.99,0.66,0.00,0.00,00:06:57
Tink-a-Tako - Potranco,15,8/4/25 6:56 AM,Maria Majana,22,Dining Room,0.00,27.20,2.25,5.00,0.00,00:47:25
Tink-a-Tako - Potranco,17,8/4/25 7:03 AM,Candy  Del angel ,,Dining Room,0.00,9.66,0.79,1.00,0.00,00:05:24
Tink-a-Tako - Potranco,18,8/4/25 7:03 AM,Maria Majana,21,Dining Room,0.00,6.99,0.58,0.00,0.00,04:45:59
Tink-a-Tako - Potranco,19,8/4/25 7:05 AM,Candy  Del angel ,,Dining Room,0.00,16.53,1.36,0.00,0.00,00:11:38
Tink-a-Tako - Potranco,20,8/4/25 7:08 AM,Candy  Del angel ,,Dining Room,0.00,1.79,0.15,2.00,0.00,00:03:42
Tink-a-Tako - Potranco,21,8/4/25 7:08 AM,Candy  Del angel ,,Dining Room,0.00,3.99,0.33,0.00,0.00,00:04:04
Tink-a-Tako - Potranco,23,8/4/25 7:11 AM,Candy  Del angel ,,Dining Room,0.00,17.56,1.45,0.00,0.00,00:03:17
Tink-a-Tako - Potranco,24,8/4/25 7:15 AM,Candy  Del angel ,,Dining Room,0.00,7.56,0.63,0.00,0.00,00:03:41
Tink-a-Tako - Potranco,25,8/4/25 7:18 AM,Candy  Del angel ,,Dining Room,0.00,10.15,0.83,0.00,0.00,00:08:09
Tink-a-Tako - Potranco,26,8/4/25 7:21 AM,Candy  Del angel ,,Dining Room,0.00,7.57,0.62,0.00,0.00,00:00:45
Tink-a-Tako - Potranco,27,8/4/25 7:22 AM,Candy  Del angel ,,Dining Room,0.00,2.99,0.25,0.00,0.00,00:03:38
Tink-a-Tako - Potranco,28,8/4/25 7:25 AM,Candy  Del angel ,,Dining Room,0.00,8.03,0.66,3.00,0.00,00:03:36
Tink-a-Tako - Potranco,29,8/4/25 7:26 AM,Candy  Del angel ,,Dining Room,0.00,6.97,0.58,0.00,0.00,00:04:12
Tink-a-Tako - Potranco,30,8/4/25 7:27 AM,Candy  Del angel ,,Dining Room,0.00,15.73,1.29,1.00,0.00,00:06:22
Tink-a-Tako - Potranco,31,8/4/25 7:30 AM,Candy  Del angel ,,Dining Room,0.00,11.26,0.93,0.00,0.00,00:03:35
Tink-a-Tako - Potranco,32,8/4/25 7:33 AM,Candy  Del angel ,,Dining Room,0.00,6.48,0.54,1.00,0.00,00:02:39
Tink-a-Tako - Potranco,33,8/4/25 7:36 AM,Candy  Del angel ,,Dining Room,0.00,7.23,0.59,0.00,0.00,00:02:34
Tink-a-Tako - Potranco,34,8/4/25 7:36 AM,Candy  Del angel ,,Dining Room,0.00,6.88,0.57,0.00,0.00,00:04:53
Tink-a-Tako - Potranco,35,8/4/25 7:41 AM,Candy  Del angel ,,Dining Room,0.00,12.79,1.05,0.00,0.00,00:03:08
Tink-a-Tako - Potranco,36,8/4/25 7:44 AM,Candy  Del angel ,,Dining Room,0.00,3.58,0.30,0.00,0.00,00:00:35
Tink-a-Tako - Potranco,37,8/4/25 7:45 AM,Maria Majana,,Dining Room,0.00,8.67,0.71,0.00,0.00,00:02:37
Tink-a-Tako - Potranco,39,8/4/25 7:49 AM,Candy  Del angel ,,Dining Room,0.00,1.79,0.15,1.00,0.00,00:00:13
Tink-a-Tako - Potranco,38,8/4/25 7:49 AM,Maria Majana,,Dining Room,0.00,4.78,0.40,0.00,0.00,00:09:59
Tink-a-Tako - Potranco,42,8/4/25 7:50 AM,Candy  Del angel ,,Dining Room,0.00,13.16,1.09,0.00,0.00,00:01:38
Tink-a-Tako - Potranco,41,8/4/25 7:49 AM,Maria Majana,,Dining Room,0.00,8.47,0.70,2.00,0.00,00:16:26
Tink-a-Tako - Potranco,44,8/4/25 7:53 AM,Maria Majana,,Dining Room,0.00,3.78,0.31,0.00,0.00,00:00:22
Tink-a-Tako - Potranco,46,8/4/25 7:54 AM,Candy  Del angel ,,Dining Room,0.00,5.48,0.46,0.00,0.00,00:01:43
Tink-a-Tako - Potranco,48,8/4/25 7:54 AM,Maria Majana,32,Dining Room,0.00,29.36,2.41,0.00,0.00,01:29:01
Tink-a-Tako - Potranco,47,8/4/25 7:54 AM,Candy  Del angel ,,Dining Room,0.00,6.97,0.57,2.00,0.00,00:03:30
Tink-a-Tako - Potranco,49,8/4/25 7:57 AM,Candy  Del angel ,,Dining Room,0.00,33.85,2.80,0.00,0.00,00:01:55
Tink-a-Tako - Potranco,51,8/4/25 8:00 AM,Maria Majana,33,Dining Room,0.00,32.54,2.67,7.16,0.00,00:29:02
Tink-a-Tako - Potranco,53,8/4/25 8:04 AM,Candy  Del angel ,,Dining Room,0.00,3.69,0.30,10.00,0.00,00:00:47
Tink-a-Tako - Potranco,54,8/4/25 8:05 AM,Candy  Del angel ,,Dining Room,0.00,2.49,0.21,0.00,0.00,00:01:47
Tink-a-Tako - Potranco,55,8/4/25 8:06 AM,Ivana Abundiz,,Dining Room,0.00,4.98,0.41,0.00,0.00,00:01:07
Tink-a-Tako - Potranco,56,8/4/25 8:08 AM,Ivana Abundiz,,Dining Room,13.13,13.13,1.08,2.00,0.00,00:02:07
Tink-a-Tako - Potranco,10001,8/4/25 8:09 AM,Rosa Compean,15,Dining Room,0.00,24.21,2.01,0.00,0.00,00:35:14
Tink-a-Tako - Potranco,60,8/4/25 8:15 AM,Candy  Del angel ,,Dining Room,0.00,5.77,0.48,0.00,0.00,00:01:18
Tink-a-Tako - Potranco,61,8/4/25 8:15 AM,Candy  Del angel ,,Dining Room,0.00,3.98,0.33,0.00,0.00,00:04:45
Tink-a-Tako - Potranco,59,8/4/25 8:15 AM,Silvia Hernandez,9,Dining Room,0.00,24.92,2.06,0.00,0.00,00:44:54
Tink-a-Tako - Potranco,63,8/4/25 8:17 AM,Maria Majana,,Dining Room,0.00,9.96,0.82,0.00,0.00,00:14:28
Tink-a-Tako - Potranco,64,8/4/25 8:18 AM,Maria Majana,,Dining Room,0.00,7.93,0.65,0.00,0.00,05:01:04
Tink-a-Tako - Potranco,62,8/4/25 8:17 AM,Maria Majana,35,Dining Room,0.00,0.00,0.00,0.00,0.00,00:02:56
Tink-a-Tako - Potranco,65,8/4/25 8:20 AM,Maria Majana,35,Dining Room,0.00,12.73,1.05,5.00,0.00,00:47:37
Tink-a-Tako - Potranco,66,8/4/25 8:22 AM,Candy  Del angel ,,Dining Room,0.00,8.17,0.67,0.00,0.00,00:00:13
Tink-a-Tako - Potranco,68,8/4/25 8:25 AM,Rosa Compean,11,Dining Room,3.06,94.54,7.80,8.00,19.52,01:33:33
Tink-a-Tako - Potranco,67,8/4/25 8:24 AM,Candy  Del angel ,,Dining Room,0.00,3.58,0.30,0.00,0.00,00:04:28
Tink-a-Tako - Potranco,69,8/4/25 8:35 AM,Maria Majana,38,Dining Room,0.00,10.95,0.91,2.19,0.00,01:00:28
Tink-a-Tako - Potranco,70,8/4/25 8:36 AM,Candy  Del angel ,,Dining Room,0.00,12.02,0.99,0.00,0.00,00:01:13
Tink-a-Tako - Potranco,71,8/4/25 8:40 AM,Candy  Del angel ,,Dining Room,0.00,3.98,0.33,0.00,0.00,00:02:20
Tink-a-Tako - Potranco,73,8/4/25 8:40 AM,Rosa Compean,37,Dining Room,0.00,9.37,0.77,0.00,0.00,01:19:43
Tink-a-Tako - Potranco,74,8/4/25 8:43 AM,Silvia Hernandez,7,Dining Room,0.00,29.46,2.43,3.00,0.00,00:18:32
Tink-a-Tako - Potranco,75,8/4/25 8:44 AM,Candy  Del angel ,,Dining Room,0.00,15.12,1.25,3.00,0.00,00:01:09
Tink-a-Tako - Potranco,77,8/4/25 8:45 AM,Silvia Hernandez,33,Dining Room,0.00,14.76,1.22,0.00,0.00,01:04:58
Tink-a-Tako - Potranco,78,8/4/25 8:51 AM,Candy  Del angel ,,Dining Room,0.00,9.58,0.79,0.00,0.00,00:01:01
Tink-a-Tako - Potranco,79,8/4/25 8:52 AM,Candy  Del angel ,,Dining Room,0.00,4.48,0.37,0.00,0.00,00:05:58
Tink-a-Tako - Potranco,81,8/4/25 8:54 AM,Ivana Abundiz,,Dining Room,0.00,4.79,0.40,0.00,0.00,00:10:48
Tink-a-Tako - Potranco,80,8/4/25 8:52 AM,Candy  Del angel ,,Dining Room,0.00,8.23,0.67,0.00,0.00,00:07:09
Tink-a-Tako - Potranco,82,8/4/25 8:56 AM,Candy  Del angel ,,Dining Room,0.00,13.35,1.11,0.00,0.00,00:06:05
Tink-a-Tako - Potranco,83,8/4/25 8:56 AM,Rosa Compean,34,Dining Room,0.00,51.78,4.26,13.55,0.00,00:42:37
Tink-a-Tako - Potranco,84,8/4/25 8:58 AM,Candy  Del angel ,,Dining Room,0.93,8.33,0.69,2.00,0.00,00:07:01
Tink-a-Tako - Potranco,85,8/4/25 9:01 AM,Candy  Del angel ,,Dining Room,0.00,18.63,1.53,0.00,0.00,00:09:05
Tink-a-Tako - Potranco,86,8/4/25 9:04 AM,Candy  Del angel ,,Dining Room,0.00,9.48,0.78,0.00,0.00,00:10:53
Tink-a-Tako - Potranco,87,8/4/25 9:05 AM,Maria Majana,23,Dining Room,4.64,11.56,0.94,5.00,0.00,00:42:27
Tink-a-Tako - Potranco,88,8/4/25 9:06 AM,Ivana Abundiz,,Dining Room,0.00,10.96,0.90,0.00,0.00,00:08:16
Tink-a-Tako - Potranco,89,8/4/25 9:06 AM,Candy  Del angel ,,Dining Room,0.00,7.96,0.66,0.00,0.00,00:10:33
Tink-a-Tako - Potranco,92,8/4/25 9:08 AM,Candy  Del angel ,,Dining Room,0.00,23.64,1.94,0.00,0.00,00:09:48
Tink-a-Tako - Potranco,91,8/4/25 9:07 AM,Silvia Hernandez,31,Dining Room,0.00,67.01,5.52,0.00,0.00,00:53:24
Tink-a-Tako - Potranco,93,8/4/25 9:14 AM,Candy  Del angel ,,Dining Room,0.00,2.99,0.25,0.00,0.00,00:06:13
Tink-a-Tako - Potranco,94,8/4/25 9:15 AM,Candy  Del angel ,,Dining Room,0.00,11.95,0.98,0.00,0.00,00:07:06
Tink-a-Tako - Potranco,95,8/4/25 9:16 AM,Candy  Del angel ,,Dining Room,0.00,20.91,1.74,0.00,0.00,00:09:03
Tink-a-Tako - Potranco,97,8/4/25 9:18 AM,Candy  Del angel ,,Dining Room,0.00,7.97,0.66,0.00,0.00,00:08:39
Tink-a-Tako - Potranco,98,8/4/25 9:21 AM,Candy  Del angel ,,Dining Room,0.00,16.75,1.37,2.00,0.00,00:08:06
Tink-a-Tako - Potranco,99,8/4/25 9:22 AM,Candy  Del angel ,,Dining Room,0.00,10.66,0.89,0.00,0.00,00:10:43
Tink-a-Tako - Potranco,101,8/4/25 9:26 AM,Candy  Del angel ,,Dining Room,0.00,3.98,0.33,0.00,0.00,00:07:57
Tink-a-Tako - Potranco,102,8/4/25 9:26 AM,Rosa Compean,18,Dining Room,0.00,18.45,1.52,5.31,0.00,00:49:15
Tink-a-Tako - Potranco,100,8/4/25 9:23 AM,Maria Majana,39,Dining Room,0.00,35.96,2.97,0.00,0.00,01:00:21
Tink-a-Tako - Potranco,103,8/4/25 9:27 AM,Candy  Del angel ,,Dining Room,0.00,4.94,0.40,0.00,0.00,00:08:05
Tink-a-Tako - Potranco,106,8/4/25 9:30 AM,Candy  Del angel ,,Dining Room,0.00,8.16,0.68,0.00,0.00,00:06:12
Tink-a-Tako - Potranco,105,8/4/25 9:30 AM,Rosa Compean,24,Dining Room,0.00,31.38,2.59,5.00,0.00,00:26:29
Tink-a-Tako - Potranco,104,8/4/25 9:30 AM,Maria Majana,36,Dining Room,0.00,14.23,1.18,0.00,0.00,01:13:50
Tink-a-Tako - Potranco,111,8/4/25 9:32 AM,Silvia Hernandez,17,Dining Room,0.00,30.60,2.52,5.00,0.00,00:44:32
Tink-a-Tako - Potranco,113,8/4/25 9:33 AM,Silvia Hernandez,9,Dining Room,0.70,9.28,0.77,2.20,0.00,00:34:40
Tink-a-Tako - Potranco,114,8/4/25 9:34 AM,Candy  Del angel ,,Dining Room,0.00,10.78,0.89,0.00,0.00,00:04:00
Tink-a-Tako - Potranco,115,8/4/25 9:38 AM,Candy  Del angel ,,Dining Room,0.00,3.98,0.33,0.00,0.00,00:02:59
Tink-a-Tako - Potranco,116,8/4/25 9:38 AM,Candy  Del angel ,,Dining Room,0.00,11.17,0.92,2.00,0.00,00:04:02
Tink-a-Tako - Potranco,118,8/4/25 9:39 AM,Ivana Abundiz,,Dining Room,0.00,13.68,1.12,0.00,0.00,00:00:30
Tink-a-Tako - Potranco,119,8/4/25 9:41 AM,Candy  Del angel ,,Dining Room,0.00,12.15,1.00,0.00,0.00,00:01:52
Tink-a-Tako - Potranco,120,8/4/25 9:42 AM,Silvia Hernandez,7,Dining Room,0.00,26.96,2.23,0.00,0.00,00:36:47
Tink-a-Tako - Potranco,124,8/4/25 9:43 AM,Candy  Del angel ,,Dining Room,0.00,5.97,0.49,0.00,0.00,00:04:11
Tink-a-Tako - Potranco,125,8/4/25 9:46 AM,Rosa Compean,19,Dining Room,0.00,23.13,1.91,0.00,0.00,00:30:49
Tink-a-Tako - Potranco,126,8/4/25 9:48 AM,Candy  Del angel ,,Dining Room,0.00,5.48,0.46,1.00,0.00,00:01:33
Tink-a-Tako - Potranco,127,8/4/25 9:49 AM,Maria Majana,32,Dining Room,0.00,22.19,1.82,5.00,0.00,00:20:26
Tink-a-Tako - Potranco,130,8/4/25 9:53 AM,Candy  Del angel ,,Dining Room,0.00,2.49,0.21,0.00,0.00,00:01:06
Tink-a-Tako - Potranco,131,8/4/25 9:55 AM,Candy  Del angel ,,Dining Room,0.00,26.20,2.17,0.00,0.00,00:05:16
Tink-a-Tako - Potranco,133,8/4/25 9:56 AM,Rosa Compean,25,Dining Room,0.00,5.28,0.44,2.00,0.00,00:10:21
Tink-a-Tako - Potranco,132,8/4/25 9:56 AM,Candy  Del angel ,,Dining Room,0.00,17.09,1.41,2.00,0.00,00:07:04
Tink-a-Tako - Potranco,135,8/4/25 10:01 AM,Candy  Del angel ,,Dining Room,0.00,17.32,1.43,1.25,0.00,00:04:36
Tink-a-Tako - Potranco,138,8/4/25 10:06 AM,Candy  Del angel ,,Dining Room,0.00,9.47,0.78,0.00,0.00,00:03:29
Tink-a-Tako - Potranco,136,8/4/25 10:05 AM,Silvia Hernandez,33,Dining Room,0.00,13.97,1.15,0.00,0.00,01:29:30
Tink-a-Tako - Potranco,139,8/4/25 10:06 AM,Candy  Del angel ,,Dining Room,0.00,3.98,0.33,0.00,0.00,00:05:04
Tink-a-Tako - Potranco,137,8/4/25 10:05 AM,Maria Majana,24,Dining Room,0.00,32.46,2.67,0.00,0.00,00:33:35
Tink-a-Tako - Potranco,140,8/4/25 10:07 AM,Candy  Del angel ,,Dining Room,0.00,12.99,1.07,0.00,0.00,00:05:49
Tink-a-Tako - Potranco,141,8/4/25 10:10 AM,Rosa Compean,37,Dining Room,0.00,20.65,1.68,8.00,0.00,00:34:12
Tink-a-Tako - Potranco,145,8/4/25 10:15 AM,Candy  Del angel ,,Dining Room,0.00,26.54,2.19,0.00,0.00,00:03:21
Tink-a-Tako - Potranco,144,8/4/25 10:15 AM,Silvia Hernandez,38,Dining Room,0.00,24.92,2.05,0.00,0.00,01:14:10
Tink-a-Tako - Potranco,146,8/4/25 10:18 AM,Candy  Del angel ,,Dining Room,0.00,15.03,1.23,1.00,0.00,00:04:55
Tink-a-Tako - Potranco,143,8/4/25 10:13 AM,Maria Majana,34,Dining Room,0.00,49.25,4.06,8.00,0.00,00:43:25
Tink-a-Tako - Potranco,147,8/4/25 10:22 AM,Candy  Del angel ,,Dining Room,0.00,5.77,0.47,3.00,0.00,00:03:04
Tink-a-Tako - Potranco,148,8/4/25 10:25 AM,Candy  Del angel ,,Dining Room,0.00,8.96,0.74,0.00,0.00,00:02:25
Tink-a-Tako - Potranco,150,8/4/25 10:27 AM,Silvia Hernandez,9,Dining Room,0.00,19.98,1.65,0.00,0.00,01:17:13
Tink-a-Tako - Potranco,151,8/4/25 10:28 AM,Candy  Del angel ,,Dining Room,0.00,7.56,0.63,0.00,0.00,00:05:09
Tink-a-Tako - Potranco,152,8/4/25 10:29 AM,Rosa Compean,31,Dining Room,0.00,37.22,3.06,0.00,0.00,00:31:28
Tink-a-Tako - Potranco,153,8/4/25 10:33 AM,Candy  Del angel ,,Dining Room,0.00,50.94,4.19,5.00,0.00,00:06:42
Tink-a-Tako - Potranco,154,8/4/25 10:34 AM,Candy  Del angel ,,Dining Room,0.00,14.04,1.15,0.00,0.00,00:12:06
Tink-a-Tako - Potranco,155,8/4/25 10:34 AM,Candy  Del angel ,,Dining Room,0.00,8.88,0.73,0.00,0.00,00:14:56
Tink-a-Tako - Potranco,156,8/4/25 10:36 AM,Rosa Compean,22,Dining Room,0.00,41.54,3.42,0.00,0.00,00:49:36
Tink-a-Tako - Potranco,157,8/4/25 10:39 AM,Maria Majana,25,Dining Room,0.00,5.48,0.46,2.00,0.00,00:27:47
Tink-a-Tako - Potranco,158,8/4/25 10:39 AM,Rosa Compean,41,Dining Room,0.00,48.21,3.99,0.00,0.00,01:04:57
Tink-a-Tako - Potranco,159,8/4/25 10:42 AM,Candy  Del angel ,,Dining Room,0.00,5.14,0.42,3.00,0.00,00:09:25
Tink-a-Tako - Potranco,160,8/4/25 10:42 AM,Candy  Del angel ,,Dining Room,0.00,11.96,0.99,0.00,0.00,00:10:56
Tink-a-Tako - Potranco,162,8/4/25 10:43 AM,Rosa Compean,20,Dining Room,0.00,11.66,0.96,1.50,0.00,00:27:55
Tink-a-Tako - Potranco,163,8/4/25 10:47 AM,Candy  Del angel ,,Dining Room,0.00,53.23,4.40,0.00,0.00,00:07:48
Tink-a-Tako - Potranco,165,8/4/25 10:48 AM,Ivana Abundiz,,Dining Room,0.63,5.64,0.46,0.00,0.00,00:03:37
Tink-a-Tako - Potranco,167,8/4/25 10:49 AM,Silvia Hernandez,18,Dining Room,0.00,5.48,0.46,0.00,0.00,00:16:27
Tink-a-Tako - Potranco,166,8/4/25 10:49 AM,Maria Majana,24,Dining Room,0.00,28.96,2.39,5.79,0.00,00:37:20
Tink-a-Tako - Potranco,168,8/4/25 10:52 AM,Candy  Del angel ,,Dining Room,2.28,20.50,1.69,5.00,0.00,00:09:30
Tink-a-Tako - Potranco,169,8/4/25 10:54 AM,Candy  Del angel ,,Dining Room,0.00,7.96,0.66,1.00,0.00,00:11:45
Tink-a-Tako - Potranco,170,8/4/25 10:54 AM,Silvia Hernandez,3,Dining Room,0.00,39.66,3.28,0.00,0.00,00:42:33
Tink-a-Tako - Potranco,171,8/4/25 10:55 AM,Candy  Del angel ,,Dining Room,0.00,24.58,2.03,2.00,0.00,00:13:56
Tink-a-Tako - Potranco,172,8/4/25 10:55 AM,Candy  Del angel ,,Dining Room,0.00,7.04,0.58,0.00,0.00,00:15:24
Tink-a-Tako - Potranco,175,8/4/25 11:00 AM,Maria Majana,23,Dining Room,0.00,32.42,2.67,7.89,0.00,00:38:15
Tink-a-Tako - Potranco,174,8/4/25 10:59 AM,Ivana Abundiz,,Dining Room,0.00,13.77,1.13,0.00,0.00,00:09:11
Tink-a-Tako - Potranco,176,8/4/25 11:00 AM,Rosa Compean,35,Dining Room,0.00,19.16,1.56,0.00,0.00,00:58:05
Tink-a-Tako - Potranco,178,8/4/25 11:01 AM,Candy  Del angel ,,Dining Room,0.00,9.65,0.80,0.00,0.00,00:38:55
Tink-a-Tako - Potranco,177,8/4/25 11:01 AM,Silvia Hernandez,15,Dining Room,2.60,26.36,2.18,13.00,0.00,00:41:35
Tink-a-Tako - Potranco,180,8/4/25 11:02 AM,Ivana Abundiz,,Dining Room,0.00,17.98,1.48,0.00,0.00,00:00:57
Tink-a-Tako - Potranco,181,8/4/25 11:06 AM,Rosa Compean,42,Dining Room,0.00,69.89,5.74,0.00,0.00,00:43:33
Tink-a-Tako - Potranco,182,8/4/25 11:07 AM,Maria Majana,19,Dining Room,0.00,25.62,2.10,2.00,0.00,00:42:03
Tink-a-Tako - Potranco,183,8/4/25 11:10 AM,Candy  Del angel ,,Dining Room,0.00,22.98,1.90,0.00,0.00,00:01:26
Tink-a-Tako - Potranco,184,8/4/25 11:11 AM,Candy  Del angel ,,Dining Room,0.00,13.99,1.15,0.00,0.00,00:09:30
Tink-a-Tako - Potranco,185,8/4/25 11:12 AM,Candy  Del angel ,,Dining Room,0.00,8.67,0.71,0.00,0.00,00:14:12
Tink-a-Tako - Potranco,187,8/4/25 11:12 AM,Candy  Del angel ,,Dining Room,0.00,17.45,1.44,0.00,0.00,00:14:56
Tink-a-Tako - Potranco,186,8/4/25 11:12 AM,Rosa Compean,32,Dining Room,0.00,30.30,2.49,4.55,0.00,00:29:58
Tink-a-Tako - Potranco,189,8/4/25 11:14 AM,Rosa Compean,36,Dining Room,0.00,7.99,0.66,4.00,0.00,00:26:14
Tink-a-Tako - Potranco,190,8/4/25 11:14 AM,Ivana Abundiz,,Dining Room,0.00,10.17,0.84,0.00,0.00,00:19:00
Tink-a-Tako - Potranco,191,8/4/25 11:17 AM,Candy  Del angel ,,Dining Room,0.00,47.08,3.88,10.00,0.00,00:45:09
Tink-a-Tako - Potranco,192,8/4/25 11:18 AM,Maria Majana,25,Dining Room,0.00,22.40,1.82,0.00,0.00,00:31:02
Tink-a-Tako - Potranco,194,8/4/25 11:21 AM,Candy  Del angel ,,Dining Room,0.00,13.76,1.13,0.00,0.00,00:07:56
Tink-a-Tako - Potranco,193,8/4/25 11:19 AM,Silvia Hernandez,7,Dining Room,0.00,8.48,0.69,2.00,0.00,00:31:00
Tink-a-Tako - Potranco,196,8/4/25 11:23 AM,Silvia Hernandez,37,Dining Room,0.00,21.92,1.81,5.00,0.00,00:25:09
Tink-a-Tako - Potranco,199,8/4/25 11:28 AM,Maria Majana,8,Dining Room,0.00,6.98,0.57,0.00,0.00,00:28:12
Tink-a-Tako - Potranco,198,8/4/25 11:27 AM,Rosa Compean,17,Dining Room,0.00,37.19,3.07,0.00,0.00,01:11:17
Tink-a-Tako - Potranco,200,8/4/25 11:28 AM,Silvia Hernandez,18,Dining Room,1.80,23.16,1.92,0.00,0.00,01:03:30
Tink-a-Tako - Potranco,201,8/4/25 11:28 AM,Candy  Del angel ,,Dining Room,0.00,5.78,0.48,0.00,0.00,00:03:32
Tink-a-Tako - Potranco,202,8/4/25 11:29 AM,Ivana Abundiz,,Dining Room,0.00,1.99,0.16,0.00,0.00,00:00:31
Tink-a-Tako - Potranco,204,8/4/25 11:30 AM,Candy  Del angel ,,Dining Room,0.00,15.98,1.32,0.00,0.00,00:10:59
Tink-a-Tako - Potranco,205,8/4/25 11:32 AM,Candy  Del angel ,,Dining Room,0.00,16.44,1.35,0.00,0.00,00:12:47
Tink-a-Tako - Potranco,206,8/4/25 11:32 AM,Candy  Del angel ,,Dining Room,0.00,15.74,1.30,2.00,0.00,00:13:25
Tink-a-Tako - Potranco,208,8/4/25 11:34 AM,Silvia Hernandez,39,Dining Room,0.00,13.15,1.09,0.00,0.00,00:20:26
Tink-a-Tako - Potranco,203,8/4/25 11:30 AM,Maria Majana,25,Dining Room,0.00,48.67,4.02,0.00,0.00,01:27:44
Tink-a-Tako - Potranco,209,8/4/25 11:36 AM,Rosa Compean,22,Dining Room,0.00,17.98,1.48,0.00,0.00,00:28:40
Tink-a-Tako - Potranco,212,8/4/25 11:39 AM,Maria Majana,24,Dining Room,0.00,19.35,1.59,5.00,0.00,00:38:49
Tink-a-Tako - Potranco,213,8/4/25 11:41 AM,Candy  Del angel ,,Dining Room,0.00,16.98,1.40,3.00,0.00,00:08:51
Tink-a-Tako - Potranco,214,8/4/25 11:41 AM,Rosa Compean,36,Dining Room,0.00,27.61,2.27,5.52,0.00,00:43:16
Tink-a-Tako - Potranco,215,8/4/25 11:44 AM,Candy  Del angel ,,Dining Room,0.00,11.68,0.96,0.00,0.00,00:16:10
Tink-a-Tako - Potranco,218,8/4/25 11:47 AM,Rosa Compean,9,Dining Room,0.00,23.91,1.97,6.00,0.00,00:33:40
Tink-a-Tako - Potranco,217,8/4/25 11:47 AM,Candy  Del angel ,,Dining Room,0.00,21.37,1.75,0.00,0.00,00:07:45
Tink-a-Tako - Potranco,219,8/4/25 11:50 AM,Candy  Del angel ,,Dining Room,0.00,15.03,1.25,0.00,0.00,00:13:59
Tink-a-Tako - Potranco,220,8/4/25 11:51 AM,Silvia Hernandez,33,Dining Room,0.00,11.94,0.98,4.00,0.00,00:26:23
Tink-a-Tako - Potranco,221,8/4/25 11:51 AM,Ivana Abundiz,,Dining Room,0.00,7.96,0.66,0.00,0.00,00:38:18
Tink-a-Tako - Potranco,223,8/4/25 11:54 AM,Ivana Abundiz,,Dining Room,0.00,2.99,0.25,0.00,0.00,00:02:45
Tink-a-Tako - Potranco,222,8/4/25 11:54 AM,Rosa Compean,2,Dining Room,0.00,28.55,2.35,0.00,0.00,00:25:58
Tink-a-Tako - Potranco,224,8/4/25 12:01 PM,Candy  Del angel ,,Dining Room,0.00,15.04,1.23,0.00,0.00,00:03:55
Tink-a-Tako - Potranco,225,8/4/25 12:03 PM,Candy  Del angel ,,Dining Room,0.00,5.58,0.46,0.00,0.00,00:03:27
Tink-a-Tako - Potranco,226,8/4/25 12:04 PM,Candy  Del angel ,,Dining Room,0.00,6.38,0.52,0.00,0.00,00:03:46
Tink-a-Tako - Potranco,227,8/4/25 12:07 PM,Candy  Del angel ,,Dining Room,0.00,12.54,1.04,0.00,0.00,00:02:26
Tink-a-Tako - Potranco,228,8/4/25 12:08 PM,Candy  Del angel ,,Dining Room,0.00,6.18,0.51,0.00,0.00,00:04:20
Tink-a-Tako - Potranco,232,8/4/25 12:09 PM,Candy  Del angel ,,Dining Room,0.00,14.83,1.22,0.00,0.00,00:03:23
Tink-a-Tako - Potranco,231,8/4/25 12:08 PM,Maria Majana,32,Dining Room,0.00,23.03,1.89,0.00,0.00,00:04:59
Tink-a-Tako - Potranco,233,8/4/25 12:14 PM,Candy  Del angel ,,Dining Room,0.00,19.10,1.57,0.00,0.00,00:01:33
Tink-a-Tako - Potranco,236,8/4/25 12:15 PM,Candy  Del angel ,,Dining Room,0.00,8.26,0.67,0.00,0.00,00:13:40
Tink-a-Tako - Potranco,234,8/4/25 12:14 PM,Maria Majana,8,Dining Room,0.00,34.92,2.87,0.00,0.00,00:30:01
Tink-a-Tako - Potranco,235,8/4/25 12:14 PM,Silvia Hernandez,31,Dining Room,0.00,63.77,5.26,0.00,0.00,00:36:48
Tink-a-Tako - Potranco,237,8/4/25 12:16 PM,Rosa Compean,20,Dining Room,0.00,66.30,5.46,13.24,0.00,00:28:49
Tink-a-Tako - Potranco,239,8/4/25 12:19 PM,Candy  Del angel ,,Dining Room,0.00,7.53,0.63,0.00,0.00,00:13:16
Tink-a-Tako - Potranco,240,8/4/25 12:22 PM,Candy  Del angel ,,Dining Room,0.00,11.97,0.99,2.00,0.00,00:14:23
Tink-a-Tako - Potranco,242,8/4/25 12:28 PM,Silvia Hernandez,24,Dining Room,0.00,24.88,2.04,0.00,0.00,01:13:47
Tink-a-Tako - Potranco,243,8/4/25 12:30 PM,Ivana Abundiz,,Dining Room,0.00,10.57,0.88,0.00,0.00,00:00:27
Tink-a-Tako - Potranco,244,8/4/25 12:30 PM,Candy  Del angel ,,Dining Room,0.00,31.47,2.58,0.00,0.00,00:07:03
Tink-a-Tako - Potranco,245,8/4/25 12:31 PM,Ivana Abundiz,,Dining Room,0.00,9.47,0.78,0.00,0.00,00:00:21
Tink-a-Tako - Potranco,246,8/4/25 12:32 PM,Silvia Hernandez,26,Dining Room,0.00,7.77,0.64,0.00,0.00,00:33:27
Tink-a-Tako - Potranco,247,8/4/25 12:32 PM,Candy  Del angel ,,Dining Room,0.00,21.06,1.74,0.00,0.00,00:12:35
Tink-a-Tako - Potranco,248,8/4/25 12:38 PM,Rosa Compean,17,Dining Room,0.00,32.97,2.71,0.00,0.00,00:34:24
Tink-a-Tako - Potranco,250,8/4/25 12:40 PM,Maria Majana,37,Dining Room,0.00,17.67,1.44,3.00,0.00,00:31:56
Tink-a-Tako - Potranco,251,8/4/25 12:44 PM,Rosa Compean,7,Dining Room,0.00,13.28,1.09,3.00,0.00,00:26:47
Tink-a-Tako - Potranco,249,8/4/25 12:40 PM,Candy  Del angel ,,Dining Room,0.00,26.62,2.19,0.00,0.00,00:08:05
Tink-a-Tako - Potranco,252,8/4/25 12:44 PM,Candy  Del angel ,,Dining Room,0.00,22.74,1.88,0.00,0.00,00:07:19
Tink-a-Tako - Potranco,254,8/4/25 12:46 PM,Maria Majana,15,Dining Room,0.00,14.97,1.23,0.00,0.00,00:47:09
Tink-a-Tako - Potranco,253,8/4/25 12:46 PM,Candy  Del angel ,,Dining Room,0.00,6.48,0.53,2.00,0.00,00:06:24
Tink-a-Tako - Potranco,256,8/4/25 12:52 PM,Candy  Del angel ,,Dining Room,0.00,2.95,0.24,0.00,0.00,00:00:15
Tink-a-Tako - Potranco,255,8/4/25 12:52 PM,Ivana Abundiz,,Dining Room,0.00,6.00,0.50,0.00,0.00,00:00:21
Tink-a-Tako - Potranco,257,8/4/25 12:54 PM,Candy  Del angel ,,Dining Room,0.00,3.99,0.33,0.00,0.00,00:00:11
Tink-a-Tako - Potranco,259,8/4/25 12:54 PM,Rosa Compean,33,Dining Room,0.00,24.87,2.04,0.00,0.00,00:33:38
Tink-a-Tako - Potranco,260,8/4/25 12:57 PM,Candy  Del angel ,,Dining Room,0.00,10.99,0.91,0.00,0.00,00:01:11
Tink-a-Tako - Potranco,261,8/4/25 12:57 PM,Candy  Del angel ,,Dining Room,0.00,23.29,1.92,0.00,0.00,00:06:05
Tink-a-Tako - Potranco,262,8/4/25 1:01 PM,Candy  Del angel ,,Dining Room,0.00,20.95,1.72,0.00,0.00,00:08:57
Tink-a-Tako - Potranco,263,8/4/25 1:01 PM,Candy  Del angel ,,Dining Room,0.00,9.98,0.82,0.00,0.00,00:09:43
Tink-a-Tako - Potranco,265,8/4/25 1:07 PM,Rosa Compean,,Dining Room,0.00,5.97,0.49,0.00,0.00,00:00:20
Tink-a-Tako - Potranco,266,8/4/25 1:09 PM,Rosa Compean,18,Dining Room,0.00,20.21,1.68,0.00,0.00,00:23:12
Tink-a-Tako - Potranco,267,8/4/25 1:12 PM,Candy  Del angel ,,Dining Room,0.00,18.89,1.56,0.00,0.00,00:04:54
Tink-a-Tako - Potranco,268,8/4/25 1:12 PM,Candy  Del angel ,,Dining Room,0.00,21.57,1.77,5.00,0.00,00:08:00
Tink-a-Tako - Potranco,269,8/4/25 1:20 PM,Candy  Del angel ,,Dining Room,0.00,7.84,0.64,0.00,0.00,00:01:21
Tink-a-Tako - Potranco,270,8/4/25 1:29 PM,Candy  Del angel ,,Dining Room,0.00,10.43,0.86,0.00,0.00,00:01:33
Tink-a-Tako - Potranco,271,8/4/25 1:29 PM,Candy  Del angel ,,Dining Room,0.00,10.77,0.90,0.00,0.00,00:04:00
Tink-a-Tako - Potranco,272,8/4/25 1:33 PM,Candy  Del angel ,,Dining Room,0.00,10.25,0.84,0.00,0.00,00:04:01
Tink-a-Tako - Potranco,273,8/4/25 1:44 PM,Candy  Del angel ,,Dining Room,0.00,7.88,0.65,0.00,0.00,00:00:30
Tink-a-Tako - Potranco,274,8/4/25 1:45 PM,Sergio Abundiz,33,Dining Room,0.00,12.99,1.07,2.00,0.00,00:28:29
Tink-a-Tako - Potranco,276,8/4/25 1:52 PM,Sergio Abundiz,17,Dining Room,0.00,32.93,2.72,0.00,0.00,00:29:16
Tink-a-Tako - Potranco,277,8/4/25 1:59 PM,Candy  Del angel ,,Dining Room,0.00,12.99,1.07,2.00,0.00,00:01:32
Tink-a-Tako - Potranco,278,8/4/25 2:02 PM,Candy  Del angel ,,Dining Room,0.00,8.78,0.72,0.00,0.00,00:05:24
Tink-a-Tako - Potranco,279,8/4/25 2:22 PM,Arturo Rangel,,Dining Room,0.00,3.98,0.33,0.00,0.00,00:02:37
Tink-a-Tako - Potranco,280,8/4/25 2:29 PM,Arturo Rangel,,Dining Room,0.00,4.98,0.41,0.00,0.00,00:01:37
Tink-a-Tako - Potranco,281,8/4/25 2:32 PM,Arturo Rangel,,Dining Room,0.00,11.49,0.95,0.00,0.00,00:00:28
Tink-a-Tako - Potranco,282,8/4/25 2:34 PM,Sergio Abundiz,32,Dining Room,0.00,15.38,1.27,0.00,0.00,00:49:38
Tink-a-Tako - Potranco,283,8/4/25 2:35 PM,Isabel Cisneros,4,Dining Room,0.00,55.54,4.57,0.00,0.00,00:47:08
Tink-a-Tako - Potranco,284,8/4/25 2:37 PM,Isabel Cisneros,,Dining Room,2.20,19.76,1.63,4.00,0.00,00:01:30
Tink-a-Tako - Potranco,285,8/4/25 2:46 PM,Isabel Cisneros,25,Dining Room,0.00,57.60,4.75,8.00,0.00,00:45:36
Tink-a-Tako - Potranco,286,8/4/25 2:48 PM,Arturo Rangel,,None,0.00,5.37,0.44,0.00,0.00,00:02:48
Tink-a-Tako - Potranco,287,8/4/25 2:52 PM,Sergio Abundiz,18,Dining Room,0.00,31.45,2.58,5.00,0.00,00:42:35
Tink-a-Tako - Potranco,288,8/4/25 2:52 PM,Arturo Rangel,,Dining Room,0.00,14.57,1.21,0.00,0.00,00:05:46
Tink-a-Tako - Potranco,292,8/4/25 2:59 PM,Isabel Cisneros,7,Dining Room,0.00,34.08,2.81,0.00,0.00,00:34:45
Tink-a-Tako - Potranco,291,8/4/25 2:58 PM,Arturo Rangel,,Dining Room,0.00,0.00,0.00,0.00,0.00,00:01:45
Tink-a-Tako - Potranco,293,8/4/25 3:10 PM,Isabel Cisneros,17,Dining Room,0.00,21.43,1.76,0.00,0.00,00:33:56
Tink-a-Tako - Potranco,294,8/4/25 3:10 PM,Sergio Abundiz,33,Dining Room,0.00,20.98,1.73,0.00,0.00,00:27:18
Tink-a-Tako - Potranco,295,8/4/25 3:22 PM,Sergio Abundiz,,Dining Room,0.00,8.99,0.74,2.00,0.00,00:04:44
Tink-a-Tako - Potranco,296,8/4/25 3:36 PM,Arturo Rangel,,None,0.00,29.35,2.42,0.00,0.00,00:01:12
Tink-a-Tako - Potranco,290,8/4/25 2:54 PM,Arturo Rangel,,Dining Room,0.00,12.57,1.04,0.00,0.00,00:52:30
Tink-a-Tako - Potranco,300,8/4/25 3:46 PM,Arturo Rangel,,Dining Room,0.00,3.99,0.33,0.00,0.00,00:00:13
Tink-a-Tako - Potranco,301,8/4/25 4:07 PM,Arturo Rangel,,Dining Room,0.00,41.30,3.40,0.00,0.00,00:04:13
Tink-a-Tako - Potranco,302,8/4/25 4:11 PM,Sergio Abundiz,23,Dining Room,0.00,34.53,2.84,0.00,0.00,00:34:44
Tink-a-Tako - Potranco,303,8/4/25 4:14 PM,Arturo Rangel,,Dining Room,0.00,3.58,0.30,2.00,0.00,00:04:33
Tink-a-Tako - Potranco,304,8/4/25 4:14 PM,Arturo Rangel,,Dining Room,0.00,29.95,2.47,1.00,0.00,00:05:34
Tink-a-Tako - Potranco,305,8/4/25 4:16 PM,Isabel Cisneros,9,Dining Room,0.00,20.07,1.65,0.00,0.00,00:53:44
Tink-a-Tako - Potranco,306,8/4/25 4:18 PM,Sergio Abundiz,,Dining Room,0.00,15.96,1.32,0.00,0.00,00:14:25
Tink-a-Tako - Potranco,307,8/4/25 4:21 PM,Arturo Rangel,,Dining Room,0.00,14.36,1.18,0.00,0.00,00:11:00
Tink-a-Tako - Potranco,308,8/4/25 4:22 PM,Sergio Abundiz,35,Dining Room,0.00,34.97,2.89,10.00,0.00,00:33:04
Tink-a-Tako - Potranco,309,8/4/25 4:25 PM,Isabel Cisneros,24,Dining Room,0.00,39.96,3.30,10.00,0.00,00:43:19
Tink-a-Tako - Potranco,310,8/4/25 4:30 PM,Arturo Rangel,,Dining Room,0.00,0.00,0.00,0.00,0.00,00:03:35
Tink-a-Tako - Potranco,311,8/4/25 4:30 PM,Sergio Abundiz,7,Dining Room,0.00,31.38,2.58,0.00,0.00,00:29:35
Tink-a-Tako - Potranco,312,8/4/25 4:34 PM,Isabel Cisneros,32,Dining Room,0.00,24.97,2.06,0.00,0.00,00:32:36
Tink-a-Tako - Potranco,313,8/4/25 4:40 PM,Arturo Rangel,,Dining Room,0.00,6.98,0.58,0.00,0.00,00:02:26
Tink-a-Tako - Potranco,314,8/4/25 4:41 PM,Arturo Rangel,,Dining Room,0.00,19.57,1.61,0.00,0.00,00:03:39
Tink-a-Tako - Potranco,315,8/4/25 4:47 PM,Arturo Rangel,,Dining Room,0.00,13.98,1.15,0.00,0.00,00:01:33
Tink-a-Tako - Potranco,316,8/4/25 4:52 PM,Lizeth Alonso,,Dining Room,0.00,3.58,0.30,0.00,0.00,00:00:35
Tink-a-Tako - Potranco,318,8/4/25 4:56 PM,Lizeth Alonso,,Dining Room,0.00,3.98,0.33,0.00,0.00,00:00:49
Tink-a-Tako - Potranco,319,8/4/25 5:05 PM,Lizeth Alonso,,Dining Room,0.00,7.16,0.59,0.00,0.00,00:00:44
Tink-a-Tako - Potranco,320,8/4/25 5:15 PM,Lizeth Alonso,,Dining Room,0.00,10.05,0.83,0.00,0.00,00:02:04
Tink-a-Tako - Potranco,321,8/4/25 5:22 PM,Isabel Cisneros,32,Dining Room,1.80,23.58,1.93,10.00,0.00,00:29:17
Tink-a-Tako - Potranco,322,8/4/25 5:22 PM,Lizeth Alonso,,Dining Room,0.00,5.99,0.49,0.00,0.00,00:01:51
Tink-a-Tako - Potranco,323,8/4/25 5:25 PM,Lizeth Alonso,,Dining Room,0.00,0.00,0.00,0.00,0.00,00:04:21
Tink-a-Tako - Potranco,324,8/4/25 5:29 PM,Lizeth Alonso,,Dining Room,0.00,5.99,0.49,0.00,0.00,00:01:05
Tink-a-Tako - Potranco,325,8/4/25 5:31 PM,Lizeth Alonso,,Dining Room,0.00,6.76,0.56,2.00,0.00,00:00:34
Tink-a-Tako - Potranco,326,8/4/25 5:32 PM,Lizeth Alonso,,Dining Room,0.00,23.47,1.93,4.00,0.00,00:02:47
Tink-a-Tako - Potranco,327,8/4/25 5:35 PM,Sergio Abundiz,25,Dining Room,0.00,25.38,2.08,5.08,0.00,00:42:12
Tink-a-Tako - Potranco,328,8/4/25 5:36 PM,Sergio Abundiz,17,Dining Room,0.00,36.31,2.98,0.00,0.00,00:41:48
Tink-a-Tako - Potranco,329,8/4/25 5:37 PM,Isabel Cisneros,7,Dining Room,0.00,21.46,1.76,3.00,0.00,01:09:12
Tink-a-Tako - Potranco,330,8/4/25 5:43 PM,Lizeth Alonso,,Dining Room,0.00,9.78,0.81,0.00,0.00,00:00:30
Tink-a-Tako - Potranco,331,8/4/25 5:49 PM,Lizeth Alonso,,Dining Room,0.00,8.98,0.74,0.00,0.00,00:02:09
Tink-a-Tako - Potranco,333,8/4/25 5:52 PM,Lizeth Alonso,,Dining Room,0.00,12.99,1.07,3.00,0.00,00:03:34
Tink-a-Tako - Potranco,334,8/4/25 5:52 PM,Lizeth Alonso,,Dining Room,0.00,0.00,0.00,0.00,0.00,00:02:51
Tink-a-Tako - Potranco,335,8/4/25 5:55 PM,Sergio Abundiz,33,Dining Room,0.00,16.37,1.35,4.00,0.00,00:29:49
Tink-a-Tako - Potranco,336,8/4/25 5:57 PM,Lizeth Alonso,,Dining Room,0.00,32.26,2.66,0.00,0.00,00:01:01
Tink-a-Tako - Potranco,337,8/4/25 6:07 PM,Lizeth Alonso,,Dining Room,0.00,24.98,2.06,0.00,0.00,00:02:56
Tink-a-Tako - Potranco,338,8/4/25 6:10 PM,Lizeth Alonso,,Dining Room,0.00,11.49,0.95,2.00,0.00,00:10:25
Tink-a-Tako - Potranco,339,8/4/25 6:14 PM,Sergio Abundiz,,Dining Room,0.00,20.98,1.73,0.00,0.00,00:00:51
Tink-a-Tako - Potranco,341,8/4/25 6:15 PM,Isabel Cisneros,9,Dining Room,0.00,29.41,2.41,6.00,0.00,00:53:14
Tink-a-Tako - Potranco,340,8/4/25 6:14 PM,Sergio Abundiz,32,Dining Room,0.00,37.92,3.13,5.00,0.00,00:26:37
Tink-a-Tako - Potranco,342,8/4/25 6:15 PM,Lizeth Alonso,,Dining Room,0.00,6.17,0.51,0.00,0.00,00:06:21
Tink-a-Tako - Potranco,343,8/4/25 6:24 PM,Lizeth Alonso,,Dining Room,0.00,9.28,0.76,2.96,0.00,00:02:12
Tink-a-Tako - Potranco,344,8/4/25 6:27 PM,Isabel Cisneros,23,Dining Room,0.00,38.94,3.21,0.00,0.00,00:34:06
Tink-a-Tako - Potranco,345,8/4/25 6:34 PM,Lizeth Alonso,,Dining Room,0.00,24.73,2.04,0.00,0.00,00:01:59
Tink-a-Tako - Potranco,346,8/4/25 6:39 PM,Sergio Abundiz,24,Dining Room,0.00,33.17,2.74,0.00,0.00,00:23:07
Tink-a-Tako - Potranco,347,8/4/25 6:46 PM,Isabel Cisneros,41,Dining Room,0.00,16.13,1.33,0.00,0.00,00:47:15
Tink-a-Tako - Potranco,348,8/4/25 6:50 PM,Sergio Abundiz,22,Dining Room,0.00,12.99,1.07,3.00,0.00,00:17:01
Tink-a-Tako - Potranco,349,8/4/25 6:56 PM,Isabel Cisneros,10,Dining Room,0.70,9.98,0.82,5.00,0.00,00:26:47
Tink-a-Tako - Potranco,351,8/4/25 6:59 PM,Sergio Abundiz,32,Dining Room,0.00,25.38,2.08,6.00,0.00,00:33:14
Tink-a-Tako - Potranco,350,8/4/25 6:58 PM,Lizeth Alonso,,Dining Room,0.00,23.40,1.94,0.00,0.00,00:03:49
Tink-a-Tako - Potranco,352,8/4/25 7:11 PM,Isabel Cisneros,23,Dining Room,0.00,27.35,2.26,0.00,0.00,00:29:56
Tink-a-Tako - Potranco,354,8/4/25 7:14 PM,Sergio Abundiz,39,Dining Room,0.00,38.31,3.14,0.00,0.00,00:25:08
Tink-a-Tako - Potranco,353,8/4/25 7:13 PM,Lizeth Alonso,,Dining Room,0.00,32.97,2.72,0.00,0.00,00:02:33
Tink-a-Tako - Potranco,355,8/4/25 7:16 PM,Lizeth Alonso,,Dining Room,0.00,2.95,0.24,0.00,0.00,00:00:11
Tink-a-Tako - Potranco,358,8/4/25 7:20 PM,Isabel Cisneros,,Dining Room,0.00,0.00,0.00,0.00,0.00,00:01:12
Tink-a-Tako - Potranco,356,8/4/25 7:16 PM,Lizeth Alonso,,Dining Room,0.00,16.15,1.33,0.00,0.00,00:12:31
Tink-a-Tako - Potranco,360,8/4/25 7:22 PM,Sergio Abundiz,,Dining Room,0.00,4.39,0.36,0.00,0.00,00:00:28
Tink-a-Tako - Potranco,361,8/4/25 7:22 PM,Lizeth Alonso,,Dining Room,0.00,17.48,1.44,0.00,0.00,00:10:17
Tink-a-Tako - Potranco,362,8/4/25 7:27 PM,Lizeth Alonso,,Dining Room,0.00,9.38,0.78,0.00,0.00,00:08:19
Tink-a-Tako - Potranco,363,8/4/25 7:39 PM,Isabel Cisneros,9,Dining Room,0.00,24.43,2.01,4.00,0.00,00:40:12
Tink-a-Tako - Potranco,364,8/4/25 7:41 PM,Lizeth Alonso,,Dining Room,0.00,16.44,1.35,0.00,0.00,00:00:58
Tink-a-Tako - Potranco,365,8/4/25 8:02 PM,Lizeth Alonso,,Dining Room,0.00,31.97,2.64,3.00,0.00,00:00:50
Tink-a-Tako - Potranco,366,8/4/25 8:20 PM,Sergio Abundiz,42,Dining Room,1.80,61.63,5.09,0.00,0.00,00:43:23
Tink-a-Tako - Potranco,367,8/4/25 8:21 PM,Sergio Abundiz,,Dining Room,13.99,0.00,0.00,0.00,0.00,00:40:32
Tink-a-Tako - Potranco,368,8/4/25 8:41 PM,Isabel Cisneros,32,Dining Room,0.00,21.67,1.78,0.00,0.00,00:40:41
Tink-a-Tako - Potranco,369,8/4/25 8:44 PM,Arturo Rangel,,None,0.00,62.86,5.18,2.00,0.00,00:03:32
Tink-a-Tako - Potranco,370,8/4/25 8:56 PM,Arturo Rangel,,Dining Room,0.00,3.45,0.28,0.00,0.00,00:00:12
Tink-a-Tako - Potranco,372,8/4/25 8:56 PM,Arturo Rangel,,None,0.00,19.71,1.63,0.00,0.00,00:01:44
