Location,Server,Check #,Table,Station,Expediter Level,Fired Date,Fulfilled Date,Fulfillment Time,Fulfilled By
2919 Blanco Rd,Maria  Salazar,4,,,1,9/10/25 6:09 AM,9/10/25 6:20 AM,11 minutes and 16 seconds,Cinthia Patlan
2919 Blanco Rd,Martina Ovalle ,10,,,1,9/10/25 6:25 AM,9/10/25 7:09 AM,43 minutes and 56 seconds,Cinthia Patlan
2919 Blanco Rd,Maria  Salazar,6,17,,1,9/10/25 6:13 AM,9/10/25 7:09 AM,55 minutes and 3 seconds,Cinthia Patlan
2919 Blanco Rd,Maria  Salazar,33,2,,1,9/10/25 7:08 AM,9/10/25 7:10 AM,1 minute and 13 seconds,Cinthia Patlan
2919 Blanco Rd,Maria  Salazar,41,13,,1,9/10/25 7:28 AM,9/10/25 7:32 AM,3 minutes and 52 seconds,Cinthia Patlan
2919 Blanco Rd,Maria  Salazar,44,,,1,9/10/25 7:31 AM,9/10/25 7:35 AM,4 minutes and 1 second,Cinthia Patlan
2919 Blanco Rd,Maria  Salazar,46,,,1,9/10/25 7:32 AM,9/10/25 7:35 AM,3 minutes and 35 seconds,Cinthia Patlan
2919 Blanco Rd,Maria  Salazar,54,,,1,9/10/25 7:39 AM,9/10/25 8:08 AM,28 minutes and 20 seconds,Cinthia Patlan
2919 Blanco Rd,Maria  Salazar,58,,,1,9/10/25 7:43 AM,9/10/25 8:08 AM,25 minutes and 11 seconds,Cinthia Patlan
2919 Blanco Rd,Maria  Salazar,60,,,1,9/10/25 7:48 AM,9/10/25 8:08 AM,20 minutes,Cinthia Patlan
2919 Blanco Rd,Maria  Salazar,67,6,,1,9/10/25 7:54 AM,9/10/25 8:08 AM,13 minutes and 53 seconds,Cinthia Patlan
2919 Blanco Rd,Maria  Salazar,86,,,1,9/10/25 8:24 AM,9/10/25 8:43 AM,19 minutes and 47 seconds,Cinthia Patlan
2919 Blanco Rd,Maria  Salazar,69,16,,1,9/10/25 8:02 AM,9/10/25 8:43 AM,41 minutes and 41 seconds,Cinthia Patlan
2919 Blanco Rd,Maria  Salazar,73,,,1,9/10/25 8:07 AM,9/10/25 8:43 AM,35 minutes and 56 seconds,Cinthia Patlan
2919 Blanco Rd,Maria  Salazar,76,,,1,9/10/25 8:16 AM,9/10/25 8:43 AM,26 minutes and 56 seconds,Cinthia Patlan
2919 Blanco Rd,Maria  Salazar,91,,,1,9/10/25 8:27 AM,9/10/25 8:43 AM,16 minutes and 5 seconds,Cinthia Patlan
2919 Blanco Rd,Maria  Salazar,98,4,,1,9/10/25 8:38 AM,9/10/25 8:43 AM,5 minutes and 13 seconds,Cinthia Patlan
2919 Blanco Rd,Maria  Salazar,110,,,1,9/10/25 8:57 AM,9/10/25 9:00 AM,3 minutes and 25 seconds,Cinthia Patlan
2919 Blanco Rd,Maria  Salazar,101,,,1,9/10/25 8:43 AM,9/10/25 9:00 AM,17 minutes and 24 seconds,Cinthia Patlan
2919 Blanco Rd,Maria  Salazar,120,8,,1,9/10/25 9:09 AM,9/10/25 9:47 AM,37 minutes and 32 seconds,Cinthia Patlan
2919 Blanco Rd,Sami Martinez ,108,18,,1,9/10/25 8:52 AM,9/10/25 9:47 AM,55 minutes and 11 seconds,Cinthia Patlan
2919 Blanco Rd,Maria  Salazar,135,,,1,9/10/25 9:34 AM,9/10/25 9:47 AM,13 minutes and 28 seconds,Cinthia Patlan
2919 Blanco Rd,Sami Martinez ,128,3,,1,9/10/25 9:23 AM,9/10/25 9:47 AM,23 minutes and 50 seconds,Cinthia Patlan
2919 Blanco Rd,Maria  Salazar,123,,,1,9/10/25 9:11 AM,9/10/25 9:47 AM,36 minutes and 22 seconds,Cinthia Patlan
2919 Blanco Rd,Sami Martinez ,108,18,,1,9/10/25 9:17 AM,9/10/25 9:47 AM,30 minutes and 21 seconds,Cinthia Patlan
2919 Blanco Rd,Sami Martinez ,138,7,,1,9/10/25 9:40 AM,9/10/25 9:48 AM,8 minutes and 45 seconds,Cinthia Patlan
2919 Blanco Rd,Maria  Salazar,143,,,1,9/10/25 9:45 AM,9/10/25 9:51 AM,6 minutes and 43 seconds,Cinthia Patlan
2919 Blanco Rd,Sami Martinez ,146,6,,1,9/10/25 9:48 AM,9/10/25 9:51 AM,3 minutes and 47 seconds,Cinthia Patlan
2919 Blanco Rd,Sami Martinez ,144,5,,1,9/10/25 9:47 AM,9/10/25 9:51 AM,4 minutes and 32 seconds,Cinthia Patlan
2919 Blanco Rd,Sami Martinez ,140,20,,1,9/10/25 9:40 AM,9/10/25 9:51 AM,11 minutes,Cinthia Patlan
2919 Blanco Rd,Sami Martinez ,139,14,,1,9/10/25 9:40 AM,9/10/25 9:51 AM,10 minutes and 55 seconds,Cinthia Patlan
2919 Blanco Rd,Sami Martinez ,154,16,,1,9/10/25 10:11 AM,9/10/25 10:19 AM,7 minutes and 46 seconds,Cinthia Patlan
2919 Blanco Rd,Sami Martinez ,159,6,,1,9/10/25 10:15 AM,9/10/25 10:58 AM,42 minutes and 56 seconds,Cinthia Patlan
2919 Blanco Rd,Maria  Salazar,148,,,1,9/10/25 10:00 AM,9/10/25 10:58 AM,58 minutes and 19 seconds,Cinthia Patlan
2919 Blanco Rd,Sami Martinez ,194,3,,1,9/10/25 10:34 AM,9/10/25 10:58 AM,23 minutes and 40 seconds,Cinthia Patlan
2919 Blanco Rd,Maria  Salazar,161,,,1,9/10/25 10:24 AM,9/10/25 10:58 AM,33 minutes and 50 seconds,Cinthia Patlan
2919 Blanco Rd,Sami Martinez ,160,8,,1,9/10/25 10:22 AM,9/10/25 10:58 AM,36 minutes and 31 seconds,Cinthia Patlan
2919 Blanco Rd,Sami Martinez ,172,2,,1,9/10/25 10:37 AM,9/10/25 10:58 AM,21 minutes and 29 seconds,Cinthia Patlan
2919 Blanco Rd,Sami Martinez ,173,13,,1,9/10/25 10:37 AM,9/10/25 10:58 AM,21 minutes and 9 seconds,Cinthia Patlan
2919 Blanco Rd,Sami Martinez ,180,3,,1,9/10/25 10:42 AM,9/10/25 10:58 AM,15 minutes and 38 seconds,Cinthia Patlan
2919 Blanco Rd,Sami Martinez ,176,7,,1,9/10/25 10:38 AM,9/10/25 10:58 AM,20 minutes and 7 seconds,Cinthia Patlan
2919 Blanco Rd,Sami Martinez ,174,4,,1,9/10/25 10:38 AM,9/10/25 10:58 AM,20 minutes and 26 seconds,Cinthia Patlan
2919 Blanco Rd,Sami Martinez ,182,6,,1,9/10/25 10:54 AM,9/10/25 10:58 AM,4 minutes and 34 seconds,Cinthia Patlan
2919 Blanco Rd,Sami Martinez ,180,3,,1,9/10/25 10:51 AM,9/10/25 10:58 AM,7 minutes and 22 seconds,Cinthia Patlan
2919 Blanco Rd,Sami Martinez ,180,3,,1,9/10/25 10:57 AM,9/10/25 11:33 AM,35 minutes and 28 seconds,Cinthia Patlan
2919 Blanco Rd,Maria  Salazar,184,,,1,9/10/25 10:59 AM,9/10/25 11:33 AM,33 minutes and 33 seconds,Cinthia Patlan
2919 Blanco Rd,Martina Ovalle ,183,,,1,9/10/25 10:57 AM,9/10/25 11:33 AM,35 minutes and 14 seconds,Cinthia Patlan
2919 Blanco Rd,Maria  Salazar,192,,,1,9/10/25 11:10 AM,9/10/25 11:33 AM,22 minutes and 52 seconds,Cinthia Patlan
2919 Blanco Rd,Maria  Salazar,190,,,1,9/10/25 11:04 AM,9/10/25 11:33 AM,28 minutes and 24 seconds,Cinthia Patlan
2919 Blanco Rd,Maria  Salazar,200,,,1,9/10/25 11:27 AM,9/10/25 11:33 AM,5 minutes and 18 seconds,Cinthia Patlan
2919 Blanco Rd,Sami Martinez ,199,5,,1,9/10/25 11:28 AM,9/10/25 11:44 AM,16 minutes and 15 seconds,Cinthia Patlan
2919 Blanco Rd,Sami Martinez ,206,15,,1,9/10/25 11:46 AM,9/10/25 12:51 PM,"1 hour, 5 minutes and 18 seconds",Cinthia Patlan
2919 Blanco Rd,Sami Martinez ,211,3,,1,9/10/25 11:51 AM,9/10/25 12:51 PM,1 hour and 7 seconds,Cinthia Patlan
2919 Blanco Rd,Maria  Salazar,210,,,1,9/10/25 11:48 AM,9/10/25 12:51 PM,"1 hour, 3 minutes and 9 seconds",Cinthia Patlan
2919 Blanco Rd,Sami Martinez ,208,6,,1,9/10/25 11:50 AM,9/10/25 12:51 PM,"1 hour, 1 minute and 49 seconds",Cinthia Patlan
2919 Blanco Rd,Martina Ovalle ,215,,,1,9/10/25 12:11 PM,9/10/25 12:52 PM,40 minutes and 25 seconds,Cinthia Patlan
2919 Blanco Rd,Maria  Salazar,213,,,1,9/10/25 12:03 PM,9/10/25 12:52 PM,48 minutes and 27 seconds,Cinthia Patlan
2919 Blanco Rd,Sami Martinez ,212,8,,1,9/10/25 12:05 PM,9/10/25 12:52 PM,46 minutes and 25 seconds,Cinthia Patlan
2919 Blanco Rd,Maria  Salazar,222,,,1,9/10/25 12:27 PM,9/10/25 12:52 PM,24 minutes and 8 seconds,Cinthia Patlan
2919 Blanco Rd,Maria  Salazar,216,2,,1,9/10/25 12:17 PM,9/10/25 12:52 PM,34 minutes and 36 seconds,Cinthia Patlan
2919 Blanco Rd,Sami Martinez ,221,12,,1,9/10/25 12:27 PM,9/10/25 12:52 PM,24 minutes and 54 seconds,Cinthia Patlan
2919 Blanco Rd,Martina Ovalle ,218,,,1,9/10/25 12:40 PM,9/10/25 12:52 PM,12 minutes and 2 seconds,Cinthia Patlan
2919 Blanco Rd,Sami Martinez ,233,4,,1,9/10/25 1:02 PM,9/10/25 1:03 PM,33 seconds,Cinthia Patlan
2919 Blanco Rd,Sami Martinez ,226,25,,1,9/10/25 12:40 PM,9/10/25 1:03 PM,22 minutes and 14 seconds,Cinthia Patlan
2919 Blanco Rd,Sami Martinez ,233,4,,1,9/10/25 12:48 PM,9/10/25 1:03 PM,14 minutes and 52 seconds,Cinthia Patlan
2919 Blanco Rd,Sami Martinez ,230,6,,1,9/10/25 12:45 PM,9/10/25 1:03 PM,17 minutes and 16 seconds,Cinthia Patlan
2919 Blanco Rd,Sami Martinez ,236,5,,1,9/10/25 12:52 PM,9/10/25 1:03 PM,10 minutes and 26 seconds,Cinthia Patlan
2919 Blanco Rd,Sami Martinez ,226,25,,1,9/10/25 12:54 PM,9/10/25 1:03 PM,8 minutes and 47 seconds,Cinthia Patlan
2919 Blanco Rd,Sami Martinez ,226,25,,1,9/10/25 1:29 PM,9/10/25 1:55 PM,25 minutes and 57 seconds,Cinthia Patlan
2919 Blanco Rd,Maria  Salazar,251,19,,1,9/10/25 1:36 PM,9/10/25 1:55 PM,18 minutes and 23 seconds,Cinthia Patlan
2919 Blanco Rd,Martina Ovalle ,256,4,,1,9/10/25 1:46 PM,9/10/25 1:55 PM,8 minutes and 44 seconds,Cinthia Patlan
2919 Blanco Rd,Maria  Salazar,251,19,,1,9/10/25 1:56 PM,9/10/25 1:57 PM,43 seconds,Cinthia Patlan
2919 Blanco Rd,Maria  Salazar,255,25,,1,9/10/25 1:53 PM,9/10/25 1:57 PM,3 minutes and 16 seconds,Cinthia Patlan
2919 Blanco Rd,Maria  Salazar,275,15,,1,9/10/25 2:50 PM,9/10/25 3:19 PM,28 minutes and 21 seconds,Cinthia Patlan
2919 Blanco Rd,Maria  Salazar,274,,,1,9/10/25 2:51 PM,9/10/25 3:19 PM,27 minutes and 3 seconds,Cinthia Patlan
2919 Blanco Rd,Maria  Salazar,285,20,,1,9/10/25 3:25 PM,9/10/25 4:42 PM,1 hour and 17 minutes,Cinthia Patlan
2919 Blanco Rd,Maria  Salazar,283,5,,1,9/10/25 3:18 PM,9/10/25 4:42 PM,"1 hour, 23 minutes and 51 seconds",Cinthia Patlan
2919 Blanco Rd,Maria  Salazar,296,,,1,9/10/25 4:31 PM,9/10/25 4:42 PM,11 minutes and 2 seconds,Cinthia Patlan
2919 Blanco Rd,Maria  Salazar,284,17,,1,9/10/25 3:19 PM,9/10/25 4:42 PM,"1 hour, 22 minutes and 57 seconds",Cinthia Patlan
2919 Blanco Rd,Maria  Salazar,294,,,1,9/10/25 4:28 PM,9/10/25 4:42 PM,14 minutes and 4 seconds,Cinthia Patlan
2919 Blanco Rd,Maria  Salazar,295,,,1,9/10/25 4:30 PM,9/10/25 4:42 PM,12 minutes and 15 seconds,Cinthia Patlan
2919 Blanco Rd,Maria  Salazar,298,5,,1,9/10/25 4:38 PM,9/10/25 4:58 PM,19 minutes and 55 seconds,Cinthia Patlan
2919 Blanco Rd,Maria  Salazar,299,,,1,9/10/25 4:48 PM,9/10/25 4:58 PM,10 minutes and 11 seconds,Cinthia Patlan
2919 Blanco Rd,Maria  Salazar,304,3,,1,9/10/25 5:04 PM,9/10/25 6:06 PM,"1 hour, 2 minutes and 25 seconds",Cinthia Patlan
2919 Blanco Rd,Maria  Salazar,306,,,1,9/10/25 5:10 PM,9/10/25 6:06 PM,55 minutes and 36 seconds,Cinthia Patlan
2919 Blanco Rd,Maria  Salazar,313,5,,1,9/10/25 6:11 PM,9/10/25 6:23 PM,11 minutes and 21 seconds,Cinthia Patlan
2919 Blanco Rd,Maria  Salazar,318,,,1,9/10/25 6:35 PM,9/10/25 7:31 PM,56 minutes and 36 seconds,Cinthia Patlan
2919 Blanco Rd,Maria  Salazar,316,4,,1,9/10/25 6:33 PM,9/10/25 7:31 PM,58 minutes and 27 seconds,Cinthia Patlan
2919 Blanco Rd,Maria  Salazar,323,3,,1,9/10/25 6:50 PM,9/10/25 7:31 PM,41 minutes and 38 seconds,Cinthia Patlan
2919 Blanco Rd,Maria  Salazar,330,,,1,9/10/25 7:15 PM,9/10/25 7:31 PM,16 minutes and 14 seconds,Cinthia Patlan
2919 Blanco Rd,Maria  Salazar,335,8,,1,9/10/25 7:39 PM,9/10/25 8:16 PM,36 minutes and 15 seconds,Cinthia Patlan
2919 Blanco Rd,Maria  Salazar,337,15,,1,9/10/25 7:56 PM,9/10/25 8:16 PM,19 minutes and 42 seconds,Cinthia Patlan
2919 Blanco Rd,Maria  Salazar,333,5,,1,9/10/25 7:32 PM,9/10/25 8:16 PM,43 minutes and 39 seconds,Cinthia Patlan
2919 Blanco Rd,Maria  Salazar,337,15,,1,9/10/25 7:55 PM,9/10/25 8:16 PM,21 minutes and 2 seconds,Cinthia Patlan
