Employee,Job Title,Regular Hours,Overtime Hours,Hourly Rate,Regular Pay,Overtime Pay,Total Pay,Net Sales,Declared Tips,Non-Cash Tips,Total Tips,Tips Withheld,Total Gratuity,Employee ID,Job Code,Location,Location Code
"Cin, Cin",Drive-Thru,4.64,0.0,,,,,280.20,,2.71,2.71,0.00,0.00,,,2919 Blanco Rd,
"Franco, Fidel",Cook,8.15,0.0,13.00,105.95,0.00,105.95,0.00,,0.00,0.00,0.00,0.00,,,2919 Blanco Rd,
"Hernandez, Celinda",Cook,9.02,0.0,16.00,144.32,0.00,144.32,0.00,,0.00,0.00,0.00,0.00,,,2919 Blanco Rd,
"Martinez , Sami",Server,19.92,0.0,3.00,59.76,0.00,59.76,536.60,0.00,41.85,41.85,0.00,0.00,,,2919 Blanco Rd,
"Melendez, Ninoska",Tortillero/a,8.98,0.0,13.00,116.74,0.00,116.74,0.00,,0.00,0.00,0.00,0.00,,,2919 Blanco Rd,
"Ovalle , Martina",Drive-Thru,10.24,0.0,,,,,1787.55,,44.06,44.06,0.00,0.00,,,2919 Blanco Rd,
"Pena , Vilma",Cook,8.3,0.0,14.00,116.20,0.00,116.20,0.00,,0.00,0.00,0.00,0.00,,,2919 Blanco Rd,
"Salazar, Betty",Chef,1.68,0.0,,,,,0.00,,0.00,0.00,0.00,0.00,,,2919 Blanco Rd,
"Salazar, Maria ",Shift Manager / Assistant Manager,8.5,0.0,,,,,374.24,,18.00,18.00,0.00,0.00,,,2919 Blanco Rd,
"Salazar, Maria ",Server,6.49,0.0,3.00,19.47,0.00,19.47,416.95,,40.00,40.00,0.00,0.00,,,2919 Blanco Rd,
"Villalobos , Veronica ",Cook,7.58,0.0,14.00,106.12,0.00,106.12,0.00,,0.00,0.00,0.00,0.00,,,2919 Blanco Rd,
