Employee,Job Title,Regular Hours,Overtime Hours,Hourly Rate,Regular Pay,Overtime Pay,Total Pay,Net Sales,Declared Tips,Non-Cash Tips,Total Tips,Tips Withheld,Total Gratuity,Employee ID,Job Code,Location,Location Code
"Abundiz, Sergio",Dishwasher,8.15,0.0,12.50,101.88,0.00,101.88,827.22,,112.71,112.71,0.00,0.00,,,Tink-a-Tako - Potranco,
"Alonso, Lizeth",Host,7.28,0.0,13.00,94.64,0.00,94.64,512.45,,26.31,26.31,0.00,0.00,,,Tink-a-Tako - Potranco,
"Aviles, Genaro",Cook,15.67,0.0,15.00,235.05,0.00,235.05,0.00,,0.00,0.00,0.00,0.00,,,Tink-a-Tako - Potranco,
"Brito, Victor ",Regular,7.2,0.0,12.00,86.40,0.00,86.40,0.00,,0.00,0.00,0.00,0.00,,,Tink-a-Tako - Potranco,
"Cisneros, Isabel",Server,11.65,0.0,3.00,34.95,0.00,34.95,570.55,,80.69,80.69,0.00,0.00,,,Tink-a-Tako - Potranco,
"Cisneross, Giselle",Host,6.02,0.0,,,,,267.29,0.00,7.00,7.00,0.00,0.00,,,Tink-a-Tako - Potranco,
"Diaz, Diego",Cook,8.7,0.0,,,,,0.00,,0.00,0.00,0.00,0.00,,,Tink-a-Tako - Potranco,
"Dominguez, Jose ",Cook,15.3,0.0,17.00,260.10,0.00,260.10,0.00,,0.00,0.00,0.00,0.00,,,Tink-a-Tako - Potranco,
"Gonzalez, Maria ",Tortillero,7.32,0.0,13.00,95.16,0.00,95.16,0.00,,0.00,0.00,0.00,0.00,,,Tink-a-Tako - Potranco,
"Hernandez, Silvia",Server,6.39,0.0,3.00,19.17,0.00,19.17,485.84,,54.50,54.50,0.00,0.00,,,Tink-a-Tako - Potranco,
"Luna, Mayra",Shift Manager / Assistant Manager,15.18,0.0,,,,,120.81,,18.00,18.00,0.00,0.00,1919,,Tink-a-Tako - Potranco,
"Majana, Maria",Server,7.61,0.0,3.00,22.83,0.00,22.83,605.91,,80.27,80.27,0.00,0.00,,,Tink-a-Tako - Potranco,
"ROJAS, JAIME",Dishwasher,7.24,0.0,14.00,101.36,0.00,101.36,0.00,,0.00,0.00,0.00,0.00,,,Tink-a-Tako - Potranco,
"Ramirez Perez, Silvia",Cook,8.62,0.0,17.00,146.54,0.00,146.54,0.00,,0.00,0.00,0.00,0.00,,,Tink-a-Tako - Potranco,
"Rueda, Jonathan",Busser,9.72,0.0,12.00,116.64,0.00,116.64,0.00,,0.00,0.00,0.00,0.00,,,Tink-a-Tako - Potranco,
"Torres, Daniela",Drive-Thru,7.77,0.0,,,,,1518.37,,25.29,25.29,0.00,0.00,,,Tink-a-Tako - Potranco,
"Urena, Melissa",Server,3.37,0.0,3.00,10.11,0.00,10.11,116.03,,26.00,26.00,0.00,0.00,,,Tink-a-Tako - Potranco,
