Employee,Job Title,In Date,Out Date,Auto Clock-out,Total Hours,Unpaid Break Time,Paid Break Time,Payable Hours
"Aviles, Genaro",Cook,8/26/25 5:23 AM,8/26/25 9:04 PM,No,15.67,0.00,0.00,15.67
"Ramirez Perez, Silvia",Cook,8/26/25 5:23 AM,8/26/25 2:00 PM,No,8.62,0.00,0.00,8.62
"Diaz, Diego",Cook,8/26/25 5:24 AM,8/26/25 2:06 PM,No,8.70,0.00,0.00,8.70
"Dominguez, Jose ",Cook,8/26/25 5:39 AM,8/26/25 8:57 PM,No,15.30,0.00,0.00,15.30
"Majana, Maria",Server,8/26/25 6:10 AM,8/26/25 1:47 PM,No,7.61,0.00,0.00,7.61
"Torres, Daniela",Drive-Thru,8/26/25 6:14 AM,8/26/25 2:00 PM,No,7.77,0.00,0.00,7.77
"Luna, Mayra",Shift Manager / Assistant Manager,8/26/25 6:19 AM,8/26/25 9:30 PM,No,15.18,0.00,0.00,15.18
"Brito, Victor ",Regular,8/26/25 7:03 AM,8/26/25 2:15 PM,No,7.20,0.00,0.00,7.20
"Cisneros, Isabel",Server,8/26/25 7:52 AM,8/26/25 7:31 PM,No,11.65,0.00,0.00,11.65
"Hernandez, Silvia",Server,8/26/25 7:58 AM,8/26/25 2:21 PM,No,6.39,0.00,0.00,6.39
"Cisneross, Giselle",Host,8/26/25 7:59 AM,8/26/25 2:00 PM,No,6.02,0.00,0.00,6.02
"Rueda, Jonathan",Busser,8/26/25 9:00 AM,8/26/25 2:01 PM,No,5.03,0.00,0.00,5.03
"Abundiz, Sergio",Dishwasher,8/26/25 1:12 PM,8/26/25 9:21 PM,No,8.15,0.00,0.00,8.15
"Gonzalez, Maria ",Tortillero,8/26/25 1:47 PM,8/26/25 9:06 PM,No,7.32,0.00,0.00,7.32
"Alonso, Lizeth",Host,8/26/25 1:47 PM,8/26/25 9:04 PM,No,7.28,0.00,0.00,7.28
"ROJAS, JAIME",Dishwasher,8/26/25 2:01 PM,8/26/25 9:16 PM,No,7.24,0.00,0.00,7.24
"Urena, Melissa",Server,8/26/25 2:47 PM,8/26/25 6:10 PM,No,3.37,0.00,0.00,3.37
"Rueda, Jonathan",Busser,8/26/25 4:01 PM,8/26/25 8:42 PM,No,4.69,0.00,0.00,4.69
