Order #,Opened Date,Void Date,Server,Approver,Item Name,Reason,Item Quantity,Total Price
117,8/26/25 9:43 AM,8/26/25 2:07 PM,Isabel Cisneros,Mayra Luna,Country & Egg Taco,Customer Changed Mind,1.0,2.29
215,8/26/25 12:01 PM,8/26/25 3:42 PM,Daniela Torres,Mayra Luna,Barbacoa Taco,Customer Changed Mind,2.0,9.58
288,8/26/25 3:22 PM,8/26/25 8:59 PM,Lizeth Alonso,Mayra Luna,Lemonade,Customer Changed Mind,1.0,3.99
288,8/26/25 3:22 PM,8/26/25 8:59 PM,Lizeth Alonso,Mayra Luna,Carne Guisada Taco,Customer Changed Mind,1.0,4.89
306,8/26/25 4:47 PM,8/26/25 4:54 PM,Lizeth Alonso,Mayra Luna,Carne Guisada Taco,Customer Changed Mind,1.0,4.39
324,8/26/25 6:33 PM,8/26/25 8:07 PM,Sergio Abundiz,Mayra Luna,Lengua Taco,Customer Changed Mind,1.0,4.39
