Location,Order #,Opened,# of Guests,Server,Table,Discount Amount,Amount,Tax,Tip,Gratuity
12060 Potranco Road,2,10/29/25 6:31 AM,1,Melissa  Urena,,0.00,8.78,0.72,0.00,0.00
12060 Potranco Road,3,10/29/25 6:46 AM,1,Melissa  Urena,,0.00,6.87,0.57,2.00,0.00
12060 Potranco Road,4,10/29/25 6:51 AM,1,Melissa  Urena,,0.00,4.18,0.35,1.00,0.00
12060 Potranco Road,5,10/29/25 6:52 AM,1,Melissa  Urena,,0.00,6.07,0.51,0.00,0.00
12060 Potranco Road,6,10/29/25 6:55 AM,1,Melissa  Urena,,0.00,8.97,0.75,2.00,0.00
12060 Potranco Road,7,10/29/25 7:03 AM,1,Melissa  Urena,,0.00,5.97,0.49,5.00,0.00
12060 Potranco Road,8,10/29/25 7:07 AM,1,Melissa  Urena,,0.00,5.37,0.44,1.00,0.00
12060 Potranco Road,9,10/29/25 7:10 AM,1,Lizbeth Garcia,,0.00,9.98,0.83,4.00,0.00
12060 Potranco Road,10,10/29/25 7:20 AM,1,Emanuel Sanchez,8,0.00,14.98,1.24,3.00,0.00
12060 Potranco Road,12,10/29/25 7:32 AM,1,Melissa  Urena,,0.00,3.98,0.33,0.00,0.00
12060 Potranco Road,11,10/29/25 7:31 AM,2,Lizbeth Garcia,26,0.00,22.75,1.89,5.00,0.00
12060 Potranco Road,13,10/29/25 7:33 AM,1,Melissa  Urena,,0.00,9.53,0.79,0.00,0.00
12060 Potranco Road,15,10/29/25 7:39 AM,2,Lizbeth Garcia,16,0.00,4.98,0.41,0.00,0.00
12060 Potranco Road,16,10/29/25 7:47 AM,1,Melissa  Urena,,0.00,4.39,0.36,0.00,0.00
12060 Potranco Road,17,10/29/25 7:47 AM,1,Melissa  Urena,,0.00,9.15,0.75,0.00,0.00
12060 Potranco Road,18,10/29/25 7:50 AM,1,Melissa  Urena,,0.00,10.26,0.84,3.00,0.00
12060 Potranco Road,19,10/29/25 7:51 AM,1,Melissa  Urena,,0.00,12.37,1.02,0.00,0.00
12060 Potranco Road,20,10/29/25 7:52 AM,1,Melissa  Urena,,0.00,14.36,1.18,0.00,0.00
12060 Potranco Road,21,10/29/25 7:52 AM,1,Melissa  Urena,,0.00,18.23,1.49,5.00,0.00
12060 Potranco Road,22,10/29/25 7:53 AM,2,Lizbeth Garcia,3,10.60,0.86,0.07,6.00,0.00
12060 Potranco Road,23,10/29/25 7:59 AM,2,Emanuel Sanchez,2,0.00,36.64,3.03,8.00,0.00
12060 Potranco Road,24,10/29/25 8:05 AM,1,Melissa  Urena,,0.00,24.53,2.02,0.00,0.00
12060 Potranco Road,26,10/29/25 8:06 AM,1,Melissa  Urena,,0.00,5.28,0.44,0.00,0.00
12060 Potranco Road,25,10/29/25 8:06 AM,2,Lizbeth Garcia,1,0.00,9.96,0.82,0.00,0.00
12060 Potranco Road,27,10/29/25 8:09 AM,1,Melissa  Urena,,0.00,14.63,1.21,0.00,0.00
12060 Potranco Road,28,10/29/25 8:11 AM,1,Melissa  Urena,,0.00,5.28,0.44,0.00,0.00
12060 Potranco Road,29,10/29/25 8:15 AM,1,Melissa  Urena,,0.00,3.78,0.31,0.00,0.00
12060 Potranco Road,31,10/29/25 8:23 AM,1,Candy Del Angel,,0.00,22.82,1.89,1.00,0.00
12060 Potranco Road,33,10/29/25 8:26 AM,1,Lizbeth Garcia,3,0.00,2.99,0.25,0.00,0.00
12060 Potranco Road,30,10/29/25 8:15 AM,1,Melissa  Urena,,0.00,14.50,1.20,3.00,0.00
12060 Potranco Road,35,10/29/25 8:27 AM,1,Lizbeth Garcia,,0.00,3.58,0.30,0.00,0.00
12060 Potranco Road,32,10/29/25 8:25 AM,1,Candy Del Angel,,28.15,0.00,0.00,0.00,0.00
12060 Potranco Road,34,10/29/25 8:27 AM,1,Melissa  Urena,,0.00,4.78,0.39,0.00,0.00
12060 Potranco Road,36,10/29/25 8:31 AM,1,Melissa  Urena,,0.00,4.58,0.38,0.00,0.00
12060 Potranco Road,39,10/29/25 8:34 AM,1,Melissa  Urena,,0.00,4.28,0.35,0.00,0.00
12060 Potranco Road,42,10/29/25 8:44 AM,1,Melissa  Urena,,0.00,8.37,0.69,0.00,0.00
12060 Potranco Road,41,10/29/25 8:44 AM,3,Emanuel Sanchez,7,0.00,29.54,2.44,0.00,0.00
12060 Potranco Road,43,10/29/25 8:47 AM,1,Melissa  Urena,,0.00,13.98,1.15,0.00,0.00
12060 Potranco Road,44,10/29/25 8:48 AM,1,Candy Del Angel,,0.00,7.16,0.59,0.00,0.00
12060 Potranco Road,46,10/29/25 8:55 AM,2,Lizbeth Garcia,34,0.00,5.37,0.45,2.00,0.00
12060 Potranco Road,47,10/29/25 8:59 AM,1,Melissa  Urena,,0.00,9.16,0.76,0.00,0.00
12060 Potranco Road,49,10/29/25 9:03 AM,2,Emanuel Sanchez,14,0.00,44.25,3.66,6.00,0.00
12060 Potranco Road,50,10/29/25 9:04 AM,1,Lizbeth Garcia,20,0.00,6.78,0.56,5.00,0.00
12060 Potranco Road,51,10/29/25 9:11 AM,1,Melissa  Urena,,2.28,20.49,1.69,0.00,0.00
12060 Potranco Road,52,10/29/25 9:13 AM,1,Melissa  Urena,,0.00,7.37,0.61,0.00,0.00
12060 Potranco Road,53,10/29/25 9:16 AM,1,Melissa  Urena,,0.00,16.53,1.36,0.00,0.00
12060 Potranco Road,54,10/29/25 9:19 AM,1,Melissa  Urena,,0.00,26.84,2.22,2.00,0.00
12060 Potranco Road,55,10/29/25 9:21 AM,1,Melissa  Urena,,0.00,21.63,1.79,0.00,0.00
12060 Potranco Road,56,10/29/25 9:23 AM,2,Emanuel Sanchez,3,0.00,31.05,2.56,2.00,0.00
12060 Potranco Road,57,10/29/25 9:27 AM,1,Melissa  Urena,,0.00,7.96,0.66,5.00,0.00
12060 Potranco Road,58,10/29/25 9:30 AM,1,Melissa  Urena,,0.00,3.38,0.27,0.00,0.00
12060 Potranco Road,59,10/29/25 9:33 AM,1,Melissa  Urena,,0.00,15.80,1.31,0.00,0.00
12060 Potranco Road,61,10/29/25 9:34 AM,1,Melissa  Urena,,5.50,0.08,0.01,0.00,0.00
12060 Potranco Road,63,10/29/25 9:35 AM,1,Melissa  Urena,,0.00,5.28,0.44,0.00,0.00
12060 Potranco Road,60,10/29/25 9:34 AM,2,Adrian Morales,2,0.00,66.68,5.50,15.00,0.00
12060 Potranco Road,64,10/29/25 9:35 AM,2,Lizbeth Garcia,31,0.00,27.94,2.30,5.00,0.00
12060 Potranco Road,62,10/29/25 9:35 AM,3,Emanuel Sanchez,20,0.00,6.37,0.52,3.00,0.00
12060 Potranco Road,65,10/29/25 9:41 AM,1,Melissa  Urena,,0.00,8.78,0.72,0.00,0.00
12060 Potranco Road,67,10/29/25 9:43 AM,1,Carlos Morales,,0.00,7.99,0.66,0.00,0.00
12060 Potranco Road,68,10/29/25 9:44 AM,1,Candy Del Angel,,0.00,10.36,0.85,0.00,0.00
12060 Potranco Road,72,10/29/25 9:50 AM,2,Adrian Morales,29,0.00,19.98,1.64,0.00,0.00
12060 Potranco Road,66,10/29/25 9:41 AM,1,Melissa  Urena,,0.00,12.95,1.07,0.00,0.00
12060 Potranco Road,73,10/29/25 9:55 AM,2,Lizbeth Garcia,26,0.00,19.09,1.57,0.00,0.00
12060 Potranco Road,75,10/29/25 9:58 AM,1,Melissa  Urena,,0.00,11.94,0.98,0.00,0.00
12060 Potranco Road,77,10/29/25 10:02 AM,2,Emanuel Sanchez,34,0.00,22.96,1.90,7.14,0.00
12060 Potranco Road,80,10/29/25 10:11 AM,2,Adrian Morales,23,0.00,31.24,2.57,3.00,0.00
12060 Potranco Road,81,10/29/25 10:14 AM,1,Lizbeth Garcia,25,0.00,7.76,0.64,0.00,0.00
12060 Potranco Road,82,10/29/25 10:15 AM,1,Lizbeth Garcia,16,0.00,7.27,0.60,0.00,0.00
12060 Potranco Road,78,10/29/25 10:06 AM,1,Melissa  Urena,,0.00,4.89,0.40,0.00,0.00
12060 Potranco Road,83,10/29/25 10:17 AM,1,Candy Del Angel,,0.00,12.25,1.01,0.00,0.00
12060 Potranco Road,84,10/29/25 10:20 AM,1,Candy Del Angel,,0.00,22.98,1.90,0.00,0.00
12060 Potranco Road,85,10/29/25 10:25 AM,2,Emanuel Sanchez,7,0.00,25.96,2.15,4.89,0.00
12060 Potranco Road,86,10/29/25 10:30 AM,1,Melissa  Urena,,0.00,14.05,1.16,5.00,0.00
12060 Potranco Road,87,10/29/25 10:30 AM,1,Melissa  Urena,,0.00,4.58,0.38,4.00,0.00
12060 Potranco Road,88,10/29/25 10:30 AM,1,Melissa  Urena,,0.00,4.28,0.35,0.00,0.00
12060 Potranco Road,89,10/29/25 10:37 AM,1,Melissa  Urena,,0.00,13.22,1.09,2.00,0.00
12060 Potranco Road,90,10/29/25 10:38 AM,1,Melissa  Urena,,0.00,12.84,1.06,0.00,0.00
12060 Potranco Road,91,10/29/25 10:44 AM,2,Adrian Morales,2,0.00,18.98,1.56,0.00,0.00
12060 Potranco Road,92,10/29/25 10:46 AM,1,Melissa  Urena,,0.00,5.97,0.49,1.00,0.00
12060 Potranco Road,94,10/29/25 10:51 AM,2,Lizbeth Garcia,4,0.00,16.97,1.41,7.00,0.00
12060 Potranco Road,93,10/29/25 10:49 AM,2,Emanuel Sanchez,5,0.00,24.55,2.02,4.00,0.00
12060 Potranco Road,95,10/29/25 10:54 AM,1,Melissa  Urena,,0.00,24.89,2.05,0.00,0.00
12060 Potranco Road,96,10/29/25 10:56 AM,1,Melissa  Urena,,0.00,4.89,0.40,0.00,0.00
12060 Potranco Road,97,10/29/25 10:59 AM,2,Emanuel Sanchez,16,0.00,21.97,1.81,0.00,0.00
12060 Potranco Road,98,10/29/25 11:01 AM,4,Lizbeth Garcia,14,5.80,30.70,2.54,0.00,0.00
12060 Potranco Road,99,10/29/25 11:07 AM,12,Adrian Morales,21,0.00,168.40,13.88,0.00,33.68
12060 Potranco Road,100,10/29/25 11:10 AM,1,Melissa  Urena,,0.00,9.78,0.81,0.00,0.00
12060 Potranco Road,102,10/29/25 11:11 AM,1,Melissa  Urena,,0.00,9.55,0.79,0.00,0.00
12060 Potranco Road,103,10/29/25 11:11 AM,1,Melissa  Urena,,1.90,18.08,1.49,0.00,0.00
12060 Potranco Road,104,10/29/25 11:13 AM,1,Melissa  Urena,,0.00,14.56,1.20,0.00,0.00
12060 Potranco Road,105,10/29/25 11:15 AM,1,Melissa  Urena,,0.00,29.14,2.40,1.00,0.00
12060 Potranco Road,107,10/29/25 11:17 AM,1,Melissa  Urena,,0.00,4.58,0.38,0.00,0.00
12060 Potranco Road,109,10/29/25 11:19 AM,1,Melissa  Urena,,0.00,13.36,1.10,0.00,0.00
12060 Potranco Road,110,10/29/25 11:24 AM,3,Adrian Morales,3,0.00,20.56,1.68,2.00,0.00
12060 Potranco Road,111,10/29/25 11:25 AM,1,Melissa  Urena,,0.00,32.15,2.65,0.00,0.00
12060 Potranco Road,112,10/29/25 11:28 AM,2,Lizbeth Garcia,23,0.00,19.44,1.61,0.00,0.00
12060 Potranco Road,113,10/29/25 11:32 AM,2,Emanuel Sanchez,12,0.00,18.95,1.56,5.00,0.00
12060 Potranco Road,114,10/29/25 11:37 AM,1,Melissa  Urena,,0.00,10.35,0.86,0.00,0.00
12060 Potranco Road,115,10/29/25 11:38 AM,1,Melissa  Urena,,0.00,11.57,0.96,0.00,0.00
12060 Potranco Road,116,10/29/25 11:39 AM,1,Melissa  Urena,,0.00,18.51,1.52,0.00,0.00
12060 Potranco Road,117,10/29/25 11:39 AM,1,Melissa  Urena,,0.00,0.00,0.00,0.00,0.00
12060 Potranco Road,118,10/29/25 11:45 AM,2,Lizbeth Garcia,16,6.30,10.67,0.89,0.00,0.00
12060 Potranco Road,119,10/29/25 11:48 AM,2,Adrian Morales,31,0.00,30.96,2.56,6.00,0.00
12060 Potranco Road,120,10/29/25 11:48 AM,1,Melissa  Urena,,0.00,2.99,0.25,0.00,0.00
12060 Potranco Road,123,10/29/25 11:53 AM,2,Adrian Morales,2,0.00,15.52,1.28,0.00,0.00
12060 Potranco Road,122,10/29/25 11:52 AM,2,Emanuel Sanchez,11,0.00,28.45,2.36,5.19,0.00
12060 Potranco Road,121,10/29/25 11:50 AM,1,Melissa  Urena,,0.00,32.44,2.68,0.00,0.00
12060 Potranco Road,124,10/29/25 11:59 AM,1,Melissa  Urena,,0.00,5.29,0.44,0.00,0.00
12060 Potranco Road,125,10/29/25 12:00 PM,1,Melissa  Urena,,0.00,13.55,1.11,0.00,0.00
12060 Potranco Road,126,10/29/25 12:05 PM,1,Melissa  Urena,,0.00,5.37,0.44,0.00,0.00
12060 Potranco Road,127,10/29/25 12:08 PM,1,Melissa  Urena,,0.00,7.56,0.63,1.00,0.00
12060 Potranco Road,128,10/29/25 12:08 PM,1,Melissa  Urena,,0.00,11.34,0.93,0.00,0.00
12060 Potranco Road,129,10/29/25 12:09 PM,1,Melissa  Urena,,0.00,40.68,3.35,5.00,0.00
12060 Potranco Road,130,10/29/25 12:12 PM,1,Melissa  Urena,,0.00,14.07,1.15,2.00,0.00
12060 Potranco Road,132,10/29/25 12:16 PM,1,Melissa  Urena,,0.00,47.22,3.90,0.00,0.00
12060 Potranco Road,131,10/29/25 12:14 PM,2,Emanuel Sanchez,28,0.00,24.47,2.02,4.51,0.00
12060 Potranco Road,133,10/29/25 12:17 PM,2,Adrian Morales,14,0.00,26.97,2.23,5.00,0.00
12060 Potranco Road,136,10/29/25 12:22 PM,1,Melissa  Urena,,0.00,10.78,0.89,0.00,0.00
12060 Potranco Road,137,10/29/25 12:22 PM,1,Melissa  Urena,,0.00,12.25,1.01,1.00,0.00
12060 Potranco Road,135,10/29/25 12:20 PM,6,Lizbeth Garcia,6,0.00,78.25,6.47,0.00,15.65
12060 Potranco Road,138,10/29/25 12:24 PM,2,Lizbeth Garcia,1,0.00,19.32,1.59,3.86,0.00
12060 Potranco Road,139,10/29/25 12:27 PM,1,Melissa  Urena,,0.00,27.94,2.31,0.00,0.00
12060 Potranco Road,140,10/29/25 12:29 PM,1,Lizbeth Garcia,3,0.00,1.99,0.16,0.00,0.00
12060 Potranco Road,141,10/29/25 12:32 PM,2,Emanuel Sanchez,15,0.00,35.96,2.97,10.00,0.00
12060 Potranco Road,142,10/29/25 12:36 PM,1,Melissa  Urena,,0.00,3.78,0.31,0.00,0.00
12060 Potranco Road,143,10/29/25 12:36 PM,1,Melissa  Urena,,0.00,39.84,3.29,0.00,0.00
12060 Potranco Road,144,10/29/25 12:38 PM,2,Lizbeth Garcia,27,0.00,13.38,1.10,0.00,0.00
12060 Potranco Road,145,10/29/25 12:41 PM,2,Adrian Morales,2,0.00,12.18,1.01,2.00,0.00
12060 Potranco Road,147,10/29/25 12:44 PM,1,Melissa  Urena,,0.00,3.58,0.30,0.00,0.00
12060 Potranco Road,148,10/29/25 12:44 PM,1,Melissa  Urena,,0.00,15.05,1.25,0.00,0.00
12060 Potranco Road,149,10/29/25 12:46 PM,1,Melissa  Urena,,0.00,27.98,2.30,0.00,0.00
12060 Potranco Road,150,10/29/25 12:49 PM,2,Emanuel Sanchez,16,0.00,24.31,2.00,5.00,0.00
12060 Potranco Road,151,10/29/25 12:53 PM,1,Melissa  Urena,,0.00,0.00,0.00,0.00,0.00
12060 Potranco Road,152,10/29/25 12:56 PM,2,Emanuel Sanchez,34,0.00,43.20,3.55,10.00,0.00
12060 Potranco Road,154,10/29/25 1:00 PM,1,Melissa  Urena,,0.00,19.85,1.63,20.00,0.00
12060 Potranco Road,155,10/29/25 1:01 PM,1,Melissa  Urena,,0.00,13.03,1.07,0.00,0.00
12060 Potranco Road,156,10/29/25 1:02 PM,1,Melissa  Urena,,0.00,19.96,1.65,0.00,0.00
12060 Potranco Road,157,10/29/25 1:10 PM,1,Melissa  Urena,,0.00,11.99,0.99,0.00,0.00
12060 Potranco Road,158,10/29/25 1:10 PM,1,Melissa  Urena,,0.00,28.37,2.34,0.00,0.00
12060 Potranco Road,159,10/29/25 1:16 PM,1,Melissa  Urena,,0.00,4.39,0.36,0.00,0.00
12060 Potranco Road,160,10/29/25 1:24 PM,1,Melissa  Urena,,0.00,9.66,0.79,2.00,0.00
12060 Potranco Road,163,10/29/25 1:32 PM,1,Candy Del Angel,,0.00,17.44,1.44,0.00,0.00
12060 Potranco Road,164,10/29/25 1:33 PM,1,Melissa  Urena,,2.77,30.65,2.53,0.00,0.00
12060 Potranco Road,165,10/29/25 1:35 PM,1,Melissa  Urena,,0.40,3.58,0.30,0.00,0.00
12060 Potranco Road,166,10/29/25 1:38 PM,1,Adrian Morales,,0.00,3.99,0.33,0.00,0.00
12060 Potranco Road,167,10/29/25 1:41 PM,1,Adrian Morales,,0.00,0.00,0.00,0.00,0.00
12060 Potranco Road,169,10/29/25 1:44 PM,1,Melissa  Urena,,0.00,10.28,0.84,0.00,0.00
12060 Potranco Road,171,10/29/25 2:07 PM,2,Adrian Morales,5,6.05,16.76,1.39,3.85,0.00
12060 Potranco Road,172,10/29/25 2:10 PM,1,Mario Jimenez,,0.00,8.95,0.74,0.00,0.00
12060 Potranco Road,177,10/29/25 2:18 PM,1,Mario Jimenez,,0.00,37.40,3.08,0.00,0.00
12060 Potranco Road,179,10/29/25 2:19 PM,2,Emanuel Sanchez,22,0.00,16.12,1.32,5.00,0.00
12060 Potranco Road,181,10/29/25 2:21 PM,1,Mario Jimenez,,0.00,4.99,0.41,0.00,0.00
12060 Potranco Road,180,10/29/25 2:20 PM,2,Emanuel Sanchez,2,0.00,44.95,3.70,10.00,0.00
12060 Potranco Road,182,10/29/25 2:43 PM,2,Emanuel Sanchez,25,0.00,21.43,1.77,3.00,0.00
12060 Potranco Road,184,10/29/25 2:54 PM,1,Emanuel Sanchez,16,0.00,13.99,1.15,5.00,0.00
12060 Potranco Road,185,10/29/25 2:56 PM,1,Mario Jimenez,,0.00,39.95,3.30,0.00,0.00
12060 Potranco Road,186,10/29/25 3:00 PM,1,Mario Jimenez,,0.00,16.98,1.40,0.00,0.00
12060 Potranco Road,188,10/29/25 3:02 PM,1,Mario Jimenez,,0.00,38.22,3.15,0.00,0.00
12060 Potranco Road,189,10/29/25 3:03 PM,2,Emanuel Sanchez,20,0.00,19.97,1.65,0.00,0.00
12060 Potranco Road,190,10/29/25 3:17 PM,1,Emanuel Sanchez,3,0.00,6.37,0.52,0.00,0.00
12060 Potranco Road,191,10/29/25 3:27 PM,2,Monica Herrera,4,0.00,26.23,2.16,5.25,0.00
12060 Potranco Road,192,10/29/25 3:54 PM,2,Monica Herrera,3,0.00,18.24,1.52,5.00,0.00
12060 Potranco Road,193,10/29/25 3:57 PM,1,Monica Herrera,22,0.00,15.98,1.32,10.00,0.00
12060 Potranco Road,194,10/29/25 4:18 PM,1,Mario Jimenez,,0.00,11.99,0.99,0.00,0.00
12060 Potranco Road,196,10/29/25 4:36 PM,1,Sugey Cabrera,,25.98,0.00,0.00,0.00,0.00
12060 Potranco Road,197,10/29/25 4:47 PM,2,Monica Herrera,15,0.00,45.94,3.78,10.00,0.00
12060 Potranco Road,199,10/29/25 5:02 PM,2,Brianna Aragon,2,0.00,33.56,2.77,10.00,0.00
12060 Potranco Road,198,10/29/25 4:49 PM,1,Mario Jimenez,,0.00,12.97,1.07,0.00,0.00
12060 Potranco Road,200,10/29/25 5:08 PM,1,Mario Jimenez,,0.00,15.51,1.28,5.21,0.00
12060 Potranco Road,202,10/29/25 5:10 PM,2,Brianna Aragon,12,0.00,45.33,3.74,8.00,0.00
12060 Potranco Road,201,10/29/25 5:09 PM,1,Mario Jimenez,,0.00,15.76,1.31,0.00,0.00
12060 Potranco Road,204,10/29/25 5:31 PM,1,Brianna Aragon,,0.00,1.25,0.10,0.00,0.00
12060 Potranco Road,205,10/29/25 5:32 PM,2,Monica Herrera,15,0.00,39.06,3.22,0.00,0.00
12060 Potranco Road,207,10/29/25 5:41 PM,1,Brianna Aragon,,0.00,14.49,1.20,3.00,0.00
12060 Potranco Road,209,10/29/25 5:46 PM,1,Brianna Aragon,,0.00,0.00,0.00,0.00,0.00
12060 Potranco Road,210,10/29/25 5:49 PM,2,Monica Herrera,3,0.00,29.97,2.47,5.00,0.00
12060 Potranco Road,206,10/29/25 5:38 PM,1,Mario Jimenez,,0.00,11.98,0.98,1.80,0.00
12060 Potranco Road,212,10/29/25 5:58 PM,1,Mario Jimenez,,0.00,21.98,1.82,0.00,0.00
12060 Potranco Road,213,10/29/25 5:58 PM,1,Mario Jimenez,,7.80,11.27,0.92,2.86,0.00
12060 Potranco Road,216,10/29/25 6:06 PM,2,Brianna Aragon,16,0.00,21.16,1.75,4.00,0.00
12060 Potranco Road,217,10/29/25 6:32 PM,4,Brianna Aragon,14,0.00,49.25,4.05,7.00,0.00
12060 Potranco Road,218,10/29/25 6:42 PM,1,Sugey Cabrera,,0.00,0.00,0.00,0.00,0.00
12060 Potranco Road,220,10/29/25 6:51 PM,1,Mario Jimenez,,0.00,12.99,1.07,0.00,0.00
12060 Potranco Road,221,10/29/25 7:10 PM,1,Mario Jimenez,,0.00,11.99,0.99,0.00,0.00
12060 Potranco Road,222,10/29/25 7:10 PM,1,Brianna Aragon,,0.00,5.99,0.49,0.00,0.00
12060 Potranco Road,224,10/29/25 7:14 PM,3,Monica Herrera,21,0.00,53.84,4.44,3.00,0.00
12060 Potranco Road,227,10/29/25 7:18 PM,2,Brianna Aragon,5,0.00,0.00,0.00,0.00,0.00
12060 Potranco Road,225,10/29/25 7:16 PM,2,Monica Herrera,16,0.00,25.94,2.14,5.00,0.00
12060 Potranco Road,228,10/29/25 7:21 PM,2,Brianna Aragon,5,0.00,35.26,2.91,10.00,0.00
12060 Potranco Road,226,10/29/25 7:18 PM,1,Mario Jimenez,,0.00,31.76,2.63,4.76,0.00
12060 Potranco Road,229,10/29/25 7:26 PM,1,Mario Jimenez,,4.36,39.25,3.26,0.00,0.00
12060 Potranco Road,230,10/29/25 7:34 PM,1,Mario Jimenez,,0.00,23.17,1.91,0.00,0.00
12060 Potranco Road,231,10/29/25 8:07 PM,1,Mario Jimenez,,0.00,21.98,1.81,0.00,0.00
12060 Potranco Road,232,10/29/25 8:07 PM,1,Mario Jimenez,,0.00,17.45,1.44,2.62,0.00
12060 Potranco Road,233,10/29/25 8:28 PM,1,Mario Jimenez,,0.00,12.99,1.07,1.95,0.00
12060 Potranco Road,234,10/29/25 8:51 PM,1,Mario Jimenez,,0.00,4.89,0.40,0.00,0.00
12060 Potranco Road,236,10/29/25 8:54 PM,1,Sugey Cabrera,,0.00,8.99,0.74,0.00,0.00
