Employee,Job Title,Regular Hours,Overtime Hours,Hourly Rate,Regular Pay,Overtime Pay,Total Pay,Net Sales,Declared Tips,Non-Cash Tips,Total Tips,Tips Withheld,Total Gratuity,Employee ID,Job Code,Location,Location Code
"Aragon, Brianna",Server,4.64,0.0,,,,,206.29,0.00,42.00,42.00,0.00,0.00,,,12060 Potranco Road,
"Aragon, Cecilia",Tortillera,7.23,0.0,13.00,93.99,0.00,93.99,0.00,,0.00,0.00,0.00,0.00,,,12060 Potranco Road,
"Cabrera, Sugey",Shift Leader,7.390000000000001,0.0,14.00,103.46,0.00,103.46,8.99,,0.00,0.00,0.00,0.00,,,12060 Potranco Road,
"Cardenas, Salvador",Cook,8.49,0.0,15.00,127.35,0.00,127.35,0.00,,0.00,0.00,0.00,0.00,,,12060 Potranco Road,
"Del Angel, Candy",Shift Manager / Assistant Manager,7.67,0.0,,,,,93.01,,1.00,1.00,0.00,0.00,,,12060 Potranco Road,
"Farias, Claudia",Cook,9.11,0.0,15.00,136.65,0.00,136.65,0.00,,0.00,0.00,0.00,0.00,,,12060 Potranco Road,
"GUTIERREZ, ERIC",Cook,7.1,0.0,16.00,113.60,0.00,113.60,0.00,,0.00,0.00,0.00,0.00,,,12060 Potranco Road,
"Garcia, Enriqueta",Chef,7.37,0.0,,,,,0.00,,0.00,0.00,0.00,0.00,,,12060 Potranco Road,
"Garcia, Lizbeth",Server,8.02,0.0,3.00,24.06,0.00,24.06,320.03,1.00,37.86,38.86,0.00,15.65,,,12060 Potranco Road,
"Herrera, Monica",Server,5.42,0.0,2.50,13.55,0.00,13.55,255.20,0.00,43.25,43.25,0.00,0.00,,,12060 Potranco Road,
"Jimenez, Mario",Driver,6.86,0.0,14.00,96.04,0.00,96.04,424.42,0.00,19.20,19.20,0.00,0.00,,,12060 Potranco Road,
"Lino Santana, David ",Prep,9.09,0.0,15.00,136.35,0.00,136.35,0.00,,0.00,0.00,0.00,0.00,,,12060 Potranco Road,
"Morales, Adrian",Server,5.8,0.0,3.00,17.40,0.00,17.40,432.22,0.00,36.85,36.85,0.00,33.68,,,12060 Potranco Road,
"Morales, Carlos",Busser,5.2,0.0,11.00,57.20,0.00,57.20,7.99,,0.00,0.00,0.00,0.00,,,12060 Potranco Road,
"Ojeda, George",Runner,7.11,0.0,12.50,88.88,0.00,88.88,0.00,,0.00,0.00,0.00,0.00,,,12060 Potranco Road,
"Reyes , Jesús Ricardo",Prep,6.95,0.0,12.00,83.40,0.00,83.40,0.00,,0.00,0.00,0.00,0.00,,,12060 Potranco Road,
"Sanchez, Emanuel",Server,9.12,0.0,3.00,27.36,0.00,27.36,556.44,5.00,100.73,105.73,0.00,0.00,,,12060 Potranco Road,
"Urena, Melissa ",Host,8.15,0.0,12.00,97.80,0.00,97.80,1135.37,0.00,73.00,73.00,0.00,0.00,,,12060 Potranco Road,
