Location,Employee,Job Title,In Date,Out Date,Total Hours,Unpaid Break Time,Paid Break Time,Payable Hours
12060 Potranco Road,"Farias, Claudia",Cook,10/29/25 5:02 AM,10/29/25 2:09 PM,9.11,0.00,0.00,9.11
12060 Potranco Road,"Lino Santana, David ",Prep,10/29/25 5:02 AM,10/29/25 2:08 PM,9.09,0.00,0.00,9.09
12060 Potranco Road,"Cardenas, Salvador",Cook,10/29/25 5:38 AM,10/29/25 2:07 PM,8.49,0.00,0.00,8.49
12060 Potranco Road,"Garcia, Lizbeth",Server,10/29/25 6:21 AM,10/29/25 2:22 PM,8.02,0.00,0.00,8.02
12060 Potranco Road,"Urena, Melissa ",Host,10/29/25 6:26 AM,10/29/25 2:34 PM,8.15,0.00,0.00,8.15
12060 Potranco Road,"Garcia, Enriqueta",Chef,10/29/25 6:57 AM,10/29/25 2:19 PM,7.37,0.00,0.00,7.37
12060 Potranco Road,"Del Angel, Candy",Shift Manager / Assistant Manager,10/29/25 7:03 AM,10/29/25 2:44 PM,7.67,0.00,0.00,7.67
12060 Potranco Road,"Sanchez, Emanuel",Server,10/29/25 7:08 AM,10/29/25 4:15 PM,9.12,0.00,0.00,9.12
12060 Potranco Road,"Morales, Carlos",Busser,10/29/25 9:04 AM,10/29/25 9:48 AM,0.75,0.00,0.00,0.75
12060 Potranco Road,"Morales, Adrian",Server,10/29/25 9:06 AM,10/29/25 2:54 PM,5.80,0.00,0.00,5.80
12060 Potranco Road,"Reyes , Jes�s Ricardo",Prep,10/29/25 9:11 AM,10/29/25 4:08 PM,6.95,0.00,0.00,6.95
12060 Potranco Road,"Morales, Carlos",Busser,10/29/25 9:49 AM,10/29/25 2:15 PM,4.45,0.00,0.00,4.45
12060 Potranco Road,"Cabrera, Sugey",Shift Leader,10/29/25 2:03 PM,10/29/25 9:20 PM,7.28,0.00,0.00,7.28
12060 Potranco Road,"Aragon, Cecilia",Tortillera,10/29/25 2:04 PM,10/29/25 9:17 PM,7.23,0.00,0.00,7.23
12060 Potranco Road,"Ojeda, George",Runner,10/29/25 2:06 PM,10/29/25 9:13 PM,7.11,0.00,0.00,7.11
12060 Potranco Road,"Jimenez, Mario",Driver,10/29/25 2:08 PM,10/29/25 9:00 PM,6.86,0.00,0.00,6.86
12060 Potranco Road,"GUTIERREZ, ERIC",Cook,10/29/25 2:09 PM,10/29/25 9:15 PM,7.10,0.00,0.00,7.10
12060 Potranco Road,"Herrera, Monica",Server,10/29/25 3:45 PM,10/29/25 9:11 PM,5.42,0.00,0.00,5.42
12060 Potranco Road,"Aragon, Brianna",Server,10/29/25 4:43 PM,10/29/25 9:22 PM,4.64,0.00,0.00,4.64
12060 Potranco Road,"Cabrera, Sugey",Shift Leader,10/29/25 9:20 PM,10/29/25 9:27 PM,0.11,0.00,0.00,0.11
