Location,Order #,Opened Date,Server,Table,Discount Name,Discount Reason,Comment,Discount Amount
Tink a Tako #9 - Blanco Rd - 2919 Blanco Rd,384,10/2/25 6:17 PM,Martina Ovalle ,,Open % Check,,,3.50
Tink a Tako #9 - Blanco Rd - 2919 Blanco Rd,346,10/2/25 3:32 PM,Martina Ovalle ,,Open % Item,,,3.45
Tink a Tako #9 - Blanco Rd - 2919 Blanco Rd,344,10/2/25 3:25 PM,Cin Cin,,Open % Check,,,3.41
Tink a Tako #9 - Blanco Rd - 2919 Blanco Rd,275,10/2/25 12:01 PM,Cin Cin,,Open % Check,,,1.88
Tink a Tako #9 - Blanco Rd - 2919 Blanco Rd,194,10/2/25 9:45 AM,Maria  Salazar,14,Open % Item,,,3.30
Tink a Tako #9 - Blanco Rd - 2919 Blanco Rd,194,10/2/25 9:45 AM,Maria  Salazar,14,Open % Item,,,2.99
Tink a Tako #9 - Blanco Rd - 2919 Blanco Rd,194,10/2/25 9:45 AM,Maria  Salazar,14,Open % Item,,,1.05
Tink a Tako #9 - Blanco Rd - 2919 Blanco Rd,182,10/2/25 9:32 AM,Maria  Salazar,6,Open $ Item,,,0.50
Tink a Tako #9 - Blanco Rd - 2919 Blanco Rd,143,10/2/25 8:40 AM,Maria  Salazar,8,Open % Check,,,8.15
