,Location,Employee,Job Title,In Date,Shift Closed Date,Out Date,Hours,Cash Tips Decl.,Cash on Hand,Cash in Drawer,Non-Cash Tips,Cash Gratuity,Non-Cash Gratuity,Tips Withheld,Non-Cash Sales,Cash Sales,Total Sales,Cash Collected?,Tips Paid?,Open,Paid,Closed,Tip Share Total
800000030257585478,2919 Blanco Rd,Maria  Salazar,Shift Manager / Assistant Manager,10/2/25 5:42 AM,10/2/25 11:27 AM,10/2/25 11:35 AM,5.89,,0.00,56.94,12.24,0.00,0.00,0.00,148.05,56.94,204.99,yes,yes,0,0,11,0.00
800000030257627503,2919 Blanco Rd,PM Cashier C,Cashier,10/2/25 5:56 AM,10/2/25 8:12 AM,10/2/25 8:12 AM,2.27,,0.00,111.02,21.57,0.00,0.00,0.00,415.59,111.02,526.61,yes,yes,0,0,55,0.00
800000030258104992,2919 Blanco Rd,Sami Martinez ,Server,10/2/25 7:00 AM,10/2/25 1:32 PM,10/2/25 2:02 PM,7.03,,0.00,169.39,44.18,0.00,0.00,0.00,372.80,169.39,542.19,yes,yes,0,0,26,0.00
800000030259115344,2919 Blanco Rd,Martina Ovalle ,Drive-Thru,10/2/25 8:06 AM,10/2/25 11:13 AM,10/2/25 11:14 AM,3.12,,0.00,225.86,15.92,0.00,0.00,0.00,514.18,225.86,740.04,yes,yes,0,0,79,0.00
800000030263293343,2919 Blanco Rd,Cin Cin,Drive-Thru,10/2/25 11:11 AM,10/2/25 9:04 PM,10/2/25 9:31 PM,10.33,,0.00,445.32,34.23,0.00,0.00,0.00,646.76,445.32,1092.08,yes,yes,0,0,79,0.00
800000030263412901,2919 Blanco Rd,Martina Ovalle ,Server,10/2/25 11:14 AM,10/2/25 1:33 PM,10/2/25 1:34 PM,2.33,,0.00,21.62,19.00,0.00,0.00,0.00,196.91,21.62,218.53,yes,yes,0,0,9,0.00
800000030264396195,2919 Blanco Rd,AM CASHIER,General Manager,10/2/25 11:37 AM,10/2/25 1:34 PM,10/2/25 1:35 PM,1.97,,0.00,129.61,9.00,0.00,0.00,0.00,342.47,129.61,472.08,yes,yes,0,0,46,0.00
800000030269124522,2919 Blanco Rd,Martina Ovalle ,Server,10/2/25 1:34 PM,10/2/25 9:04 PM,10/2/25 9:31 PM,7.95,,0.00,128.53,31.00,0.00,0.00,0.00,374.71,128.53,503.24,yes,yes,0,0,24,0.00
