Employee,Job Title,Regular Hours,Overtime Hours,Hourly Rate,Regular Pay,Overtime Pay,Total Pay,Net Sales,Declared Tips,Non-Cash Tips,Total Tips,Tips Withheld,Total Gratuity,Employee ID,Job Code,Location,Location Code
"Cin, Cin",Drive-Thru,5.07,0.0,,,,,278.00,,18.00,18.00,0.00,0.00,,,2919 Blanco Rd,
"Franco, Fidel",Cook,8.82,0.0,13.00,114.66,0.00,114.66,0.00,,0.00,0.00,0.00,0.00,,,2919 Blanco Rd,
"Hernandez, Celinda",Cook,8.96,0.0,16.00,143.36,0.00,143.36,0.00,,0.00,0.00,0.00,0.00,,,2919 Blanco Rd,
"Hernandez, Fidelia ",Cook,8.08,0.0,14.00,113.12,0.00,113.12,0.00,,0.00,0.00,0.00,0.00,,,2919 Blanco Rd,
"Melendez, Ninoska",Tortillero/a,13.87,0.0,13.00,180.31,0.00,180.31,0.00,,0.00,0.00,0.00,0.00,,,2919 Blanco Rd,
"Ovalle , Martina",Server,6.39,0.0,,,,,644.14,,52.00,52.00,0.00,0.00,,,2919 Blanco Rd,
"Rivera, Dante Antonio ",Cook,8.08,0.0,,,,,0.00,,0.00,0.00,0.00,0.00,,,2919 Blanco Rd,
"Salazar, Maria ",Shift Manager / Assistant Manager,8.39,0.0,,,,,513.08,,5.00,5.00,0.00,0.00,,,2919 Blanco Rd,
"Salazar, Maria ",Server,7.04,0.0,3.00,21.12,0.00,21.12,412.56,,24.00,24.00,0.00,0.00,,,2919 Blanco Rd,
"lopez, samantha",Drive-Thru,10.21,0.0,13.00,132.73,0.00,132.73,1613.42,,33.68,33.68,0.00,0.00,,,2919 Blanco Rd,
