Location,Order #,Opened Date,Server,Table,Discount Name,Discount Reason,Comment,Discount Amount
Sandra's Cuisine - Potranco - 12060 Potranco Road,250,8/6/25 6:50 PM,Emanuel Sanchez,35,Open % Item,,,1.20
Sandra's Cuisine - Potranco - 12060 Potranco Road,244,8/6/25 6:32 PM,Lisa Velasquez,25,Employee Discount - Item,Employee Discount,Employee,9.99
Sandra's Cuisine - Potranco - 12060 Potranco Road,244,8/6/25 6:32 PM,Lisa Velasquez,25,Employee Discount - Item,Employee Discount,Employee,15.99
Sandra's Cuisine - Potranco - 12060 Potranco Road,233,8/6/25 5:54 PM,Mario Jimenez,,Open % Check,,,3.30
Sandra's Cuisine - Potranco - 12060 Potranco Road,214,8/6/25 3:55 PM,Gabriel Tovar ,,Employee Discount - Item,Employee Discount,Employee,2.50
Sandra's Cuisine - Potranco - 12060 Potranco Road,214,8/6/25 3:55 PM,Gabriel Tovar ,,Employee Discount - Item,Employee Discount,Employee,1.99
Sandra's Cuisine - Potranco - 12060 Potranco Road,214,8/6/25 3:55 PM,Gabriel Tovar ,,Employee Discount - Item,Employee Discount,Employee,2.59
Sandra's Cuisine - Potranco - 12060 Potranco Road,210,8/6/25 3:23 PM,Emanuel Sanchez,3,Reward Dollars,,,6.30
Sandra's Cuisine - Potranco - 12060 Potranco Road,195,8/6/25 1:38 PM,Lizbeth Garcia,2,Reward Dollars,,,5.40
Sandra's Cuisine - Potranco - 12060 Potranco Road,138,8/6/25 11:58 AM,Nadia Reyes,,Open % Check,,,1.36
Sandra's Cuisine - Potranco - 12060 Potranco Road,128,8/6/25 11:49 AM,Nadia Reyes,,Open $ Check,,,1.50
Sandra's Cuisine - Potranco - 12060 Potranco Road,125,8/6/25 11:39 AM,Nadia Reyes,,Open % Check,,,3.60
Sandra's Cuisine - Potranco - 12060 Potranco Road,81,8/6/25 10:15 AM,Nadia Reyes,,Open % Check,,,1.45
Sandra's Cuisine - Potranco - 12060 Potranco Road,80,8/6/25 10:08 AM,Nadia Reyes,,Reward Dollars,,,5.65
Sandra's Cuisine - Potranco - 12060 Potranco Road,69,8/6/25 9:39 AM,Nadia Reyes,,Reward Dollars,,,5.05
Sandra's Cuisine - Potranco - 12060 Potranco Road,67,8/6/25 9:36 AM,Lizbeth Garcia,7,Open % Item,,,0.18
Sandra's Cuisine - Potranco - 12060 Potranco Road,67,8/6/25 9:36 AM,Lizbeth Garcia,7,Birthday Rewards,,,5.00
Sandra's Cuisine - Potranco - 12060 Potranco Road,67,8/6/25 9:36 AM,Lizbeth Garcia,7,Open % Item,,,0.18
Sandra's Cuisine - Potranco - 12060 Potranco Road,46,8/6/25 8:47 AM,Sugey Cabrera,,Employee Discount - Check,Employee Discount,Employee,29.73
