Employee,Job Title,Regular Hours,Overtime Hours,Hourly Rate,Regular Pay,Overtime Pay,Total Pay,Net Sales,Declared Tips,Non-Cash Tips,Total Tips,Tips Withheld,Total Gratuity,Employee ID,Job Code,Location,Location Code
"Aragon, Cecilia",Tortillera,8.03,0.0,13.00,104.39,0.00,104.39,0.00,,0.00,0.00,0.00,0.00,,,12060 Potranco Road,
"Barton, Arion",Cook,5.19,0.0,13.00,67.47,0.00,67.47,0.00,,0.00,0.00,0.00,0.00,,,12060 Potranco Road,
"Cabrera, Sugey",Server,5.92,0.0,3.00,17.76,0.00,17.76,495.13,0.00,64.77,64.77,0.00,19.45,,,12060 Potranco Road,
"Cardenas, Salvador",Cook,8.46,0.0,15.00,126.90,0.00,126.90,0.00,,0.00,0.00,0.00,0.00,,,12060 Potranco Road,
"Del Angel, Candy",Shift Manager / Assistant Manager,7.32,0.0,,,,,95.30,,0.00,0.00,0.00,0.00,,,12060 Potranco Road,
"Farias, Claudia",Cook,8.82,0.0,15.00,132.30,0.00,132.30,0.00,,0.00,0.00,0.00,0.00,,,12060 Potranco Road,
"GUTIERREZ, ERIC",Cook,6.67,0.0,16.00,106.72,0.00,106.72,0.00,,0.00,0.00,0.00,0.00,,,12060 Potranco Road,
"Garcia, Enriqueta",Chef,8.24,0.0,,,,,0.00,,0.00,0.00,0.00,0.00,,,12060 Potranco Road,
"Garcia, Lizbeth",Server,8.31,0.0,3.00,24.93,0.00,24.93,509.65,0.00,82.29,82.29,0.00,0.00,,,12060 Potranco Road,
"JOSSUETH, FRANLOD",Busser,6.59,0.0,13.00,85.67,0.00,85.67,0.00,,0.00,0.00,0.00,0.00,,,12060 Potranco Road,
"Jimenez, Mario",Driver,7.8,0.0,14.00,109.20,0.00,109.20,810.76,0.00,24.92,24.92,0.00,0.00,,,12060 Potranco Road,
"Lino Santana, David ",Prep,8.83,0.0,15.00,132.45,0.00,132.45,0.00,,0.00,0.00,0.00,0.00,,,12060 Potranco Road,
"RODRIGUEZ , MARIO ",Prep,6.2,0.0,12.00,74.40,0.00,74.40,0.00,,0.00,0.00,0.00,0.00,,,12060 Potranco Road,
"Reyes, Nadia",Driver,6.85,0.0,15.00,102.75,0.00,102.75,1279.80,0.00,90.41,90.41,0.00,0.00,,,12060 Potranco Road,
"Roman, Leticia",Server,6.67,0.0,3.00,20.01,0.00,20.01,566.10,25.00,59.97,84.97,0.00,0.00,,,12060 Potranco Road,
"Sanchez, Emanuel",Server,7.77,0.0,3.00,23.31,0.00,23.31,700.78,5.00,62.53,67.53,0.00,45.30,,,12060 Potranco Road,
"Tovar , Gabriel",Shift Leader,7.86,0.0,,,,,51.61,,0.00,0.00,0.00,0.00,,,12060 Potranco Road,
"Velasquez, Lisa",Server,7.58,0.0,3.00,22.74,0.00,22.74,526.10,5.00,49.05,54.05,0.00,0.00,,,12060 Potranco Road,
"vanenzuela, felix",Cook,7.28,0.0,,,,,0.00,,0.00,0.00,0.00,0.00,,,12060 Potranco Road,
