Employee,Job Title,In Date,Out Date,Auto Clock-out,Total Hours,Unpaid Break Time,Paid Break Time,Payable Hours
"Lino Santana, David ",Prep,8/6/25 5:17 AM,8/6/25 2:07 PM,No,8.83,0.00,0.00,8.83
"Farias, Claudia",Cook,8/6/25 5:17 AM,8/6/25 2:06 PM,No,8.82,0.00,0.00,8.82
"Cardenas, Salvador",Cook,8/6/25 5:36 AM,8/6/25 2:03 PM,No,8.46,0.00,0.00,8.46
"Garcia, Lizbeth",Server,8/6/25 6:16 AM,8/6/25 2:34 PM,No,8.31,0.00,0.00,8.31
"Reyes, Nadia",Driver,8/6/25 6:20 AM,8/6/25 1:11 PM,No,6.85,0.00,0.00,6.85
"Garcia, Enriqueta",Chef,8/6/25 7:02 AM,8/6/25 3:17 PM,No,8.24,0.00,0.00,8.24
"Del Angel, Candy",Shift Manager / Assistant Manager,8/6/25 7:57 AM,8/6/25 3:16 PM,No,7.32,0.00,0.00,7.32
"Roman, Leticia",Server,8/6/25 8:02 AM,8/6/25 2:42 PM,No,6.67,0.00,0.00,6.67
"Cabrera, Sugey",Server,8/6/25 8:05 AM,8/6/25 2:00 PM,No,5.92,0.00,0.00,5.92
"JOSSUETH, FRANLOD",Busser,8/6/25 8:30 AM,8/6/25 3:05 PM,No,6.59,0.00,0.00,6.59
"Barton, Arion",Cook,8/6/25 12:23 PM,8/6/25 5:34 PM,No,5.19,0.00,0.00,5.19
"Jimenez, Mario",Driver,8/6/25 1:12 PM,8/6/25 9:00 PM,No,7.80,0.00,0.00,7.80
"Sanchez, Emanuel",Server,8/6/25 1:49 PM,8/6/25 9:35 PM,No,7.77,0.00,0.00,7.77
"Velasquez, Lisa",Server,8/6/25 1:59 PM,8/6/25 9:33 PM,No,7.58,0.00,0.00,7.58
"Aragon, Cecilia",Tortillera,8/6/25 1:59 PM,8/6/25 10:01 PM,No,8.03,0.00,0.00,8.03
"Tovar , Gabriel",Shift Leader,8/6/25 2:07 PM,8/6/25 8:57 PM,No,6.83,0.00,0.00,6.83
"vanenzuela, felix",Cook,8/6/25 2:12 PM,8/6/25 9:29 PM,No,7.28,0.00,0.00,7.28
"GUTIERREZ, ERIC",Cook,8/6/25 2:49 PM,8/6/25 9:29 PM,No,6.67,0.00,0.00,6.67
"RODRIGUEZ , MARIO ",Prep,8/6/25 3:52 PM,8/6/25 10:04 PM,No,6.20,0.00,0.00,6.20
"Tovar , Gabriel",Shift Leader,8/6/25 8:57 PM,8/6/25 9:59 PM,No,1.03,0.00,0.00,1.03
