Order #,Opened Date,Void Date,Server,Approver,Item Name,Reason,Item Quantity,Total Price
101,8/6/25 10:59 AM,8/6/25 2:50 PM,Sugey Cabrera,Candy Del Angel,Huevos Ranchero Plate,Customer Changed Mind,1.0,7.99
101,8/6/25 10:59 AM,8/6/25 2:50 PM,Sugey Cabrera,Candy Del Angel,Side Barbacoa,Customer Changed Mind,1.0,4.25
101,8/6/25 10:59 AM,8/6/25 2:50 PM,Sugey Cabrera,Candy Del Angel,Ham & Egg Taco,Customer Changed Mind,1.0,1.99
101,8/6/25 10:59 AM,8/6/25 2:50 PM,Sugey Cabrera,Candy Del Angel,Kids Pancake Plt,Customer Changed Mind,1.0,6.99
101,8/6/25 10:59 AM,8/6/25 2:50 PM,Sugey Cabrera,Candy Del Angel,Pancakes Plate,Customer Changed Mind,1.0,9.99
101,8/6/25 10:59 AM,8/6/25 2:50 PM,Sugey Cabrera,Candy Del Angel,water,Customer Changed Mind,1.0,0.00
101,8/6/25 10:59 AM,8/6/25 2:50 PM,Sugey Cabrera,Candy Del Angel,water,Customer Changed Mind,1.0,0.00
101,8/6/25 10:59 AM,8/6/25 2:50 PM,Sugey Cabrera,Candy Del Angel,water,Customer Changed Mind,1.0,0.00
101,8/6/25 10:59 AM,8/6/25 2:50 PM,Sugey Cabrera,Candy Del Angel,water,Customer Changed Mind,1.0,0.00
