Location,Order #,Opened,# of Guests,Server,Table,Discount Amount,Amount,Tax,Tip,Gratuity
12060 Potranco Road,3,9/15/25 6:29 AM,1,Melissa  Urena,,0.00,5.37,0.44,0.00,0.00
12060 Potranco Road,4,9/15/25 6:35 AM,1,Melissa  Urena,,0.00,19.52,1.61,2.00,0.00
12060 Potranco Road,5,9/15/25 6:39 AM,1,Melissa  Urena,,0.00,1.00,0.08,0.00,0.00
12060 Potranco Road,6,9/15/25 6:46 AM,1,Melissa  Urena,,0.00,8.47,0.70,0.00,0.00
12060 Potranco Road,7,9/15/25 7:07 AM,1,Melissa  Urena,,0.00,18.35,1.52,1.00,0.00
12060 Potranco Road,8,9/15/25 7:08 AM,1,Melissa  Urena,,0.00,11.77,0.97,0.00,0.00
12060 Potranco Road,9,9/15/25 7:12 AM,1,Melissa  Urena,,0.00,6.97,0.58,0.00,0.00
12060 Potranco Road,10,9/15/25 7:15 AM,1,Melissa  Urena,,0.00,6.57,0.54,2.00,0.00
12060 Potranco Road,11,9/15/25 7:25 AM,1,Melissa  Urena,,0.00,12.94,1.07,0.00,0.00
12060 Potranco Road,12,9/15/25 7:25 AM,1,Melissa  Urena,,0.00,22.82,1.88,0.00,0.00
12060 Potranco Road,14,9/15/25 7:33 AM,1,Sugey Cabrera,,0.00,8.18,0.67,2.00,0.00
12060 Potranco Road,15,9/15/25 7:33 AM,1,Melissa  Urena,,0.00,11.95,0.98,0.00,0.00
12060 Potranco Road,13,9/15/25 7:32 AM,1,Sugey Cabrera,16,0.55,4.93,0.41,0.00,0.00
12060 Potranco Road,16,9/15/25 7:34 AM,1,Melissa  Urena,,0.00,3.58,0.30,2.00,0.00
12060 Potranco Road,18,9/15/25 7:38 AM,2,Leticia Roman,3,0.00,18.65,1.54,0.00,0.00
12060 Potranco Road,19,9/15/25 7:41 AM,1,Melissa  Urena,,0.00,18.92,1.57,5.00,0.00
12060 Potranco Road,20,9/15/25 7:43 AM,1,Melissa  Urena,,5.00,10.48,0.86,0.00,0.00
12060 Potranco Road,21,9/15/25 7:44 AM,1,Melissa  Urena,,0.00,4.89,0.40,0.00,0.00
12060 Potranco Road,22,9/15/25 7:46 AM,1,Melissa  Urena,,0.43,3.85,0.32,0.00,0.00
12060 Potranco Road,23,9/15/25 7:49 AM,1,Melissa  Urena,,0.00,19.54,1.61,0.00,0.00
12060 Potranco Road,25,9/15/25 7:50 AM,1,Melissa  Urena,,0.00,10.56,0.87,0.00,0.00
12060 Potranco Road,26,9/15/25 7:57 AM,1,Melissa  Urena,,0.00,7.16,0.59,0.00,0.00
12060 Potranco Road,27,9/15/25 7:59 AM,1,Melissa  Urena,,0.00,5.17,0.42,0.00,0.00
12060 Potranco Road,28,9/15/25 8:01 AM,1,Melissa  Urena,,0.00,3.78,0.31,0.00,0.00
12060 Potranco Road,29,9/15/25 8:08 AM,1,Melissa  Urena,,0.00,7.88,0.65,0.00,0.00
12060 Potranco Road,30,9/15/25 8:20 AM,1,Melissa  Urena,,0.00,5.77,0.47,1.15,0.00
12060 Potranco Road,31,9/15/25 8:24 AM,1,Sugey Cabrera,18,0.00,11.98,0.99,3.00,0.00
12060 Potranco Road,32,9/15/25 8:32 AM,2,Sugey Cabrera,4,0.00,39.42,3.26,0.00,0.00
12060 Potranco Road,33,9/15/25 8:35 AM,1,Melissa  Urena,,0.00,8.77,0.73,0.00,0.00
12060 Potranco Road,35,9/15/25 8:45 AM,2,Adrian Morales,23,0.30,5.68,0.47,0.00,0.00
12060 Potranco Road,34,9/15/25 8:37 AM,1,Melissa  Urena,,0.00,16.36,1.35,0.00,0.00
12060 Potranco Road,36,9/15/25 8:52 AM,1,Melissa  Urena,,0.00,9.16,0.75,0.00,0.00
12060 Potranco Road,37,9/15/25 8:53 AM,1,Melissa  Urena,,0.00,15.03,1.24,0.00,0.00
12060 Potranco Road,38,9/15/25 8:53 AM,1,Melissa  Urena,,0.00,1.99,0.16,0.00,0.00
12060 Potranco Road,39,9/15/25 8:53 AM,1,Melissa  Urena,,0.00,7.27,0.60,0.00,0.00
12060 Potranco Road,40,9/15/25 8:54 AM,1,Melissa  Urena,,0.00,20.84,1.73,0.00,0.00
12060 Potranco Road,41,9/15/25 8:58 AM,1,Melissa  Urena,,0.00,3.98,0.32,0.00,0.00
12060 Potranco Road,42,9/15/25 8:59 AM,1,Melissa  Urena,,0.00,8.56,0.71,1.00,0.00
12060 Potranco Road,43,9/15/25 9:02 AM,1,Melissa  Urena,,0.00,12.17,1.00,0.00,0.00
12060 Potranco Road,44,9/15/25 9:04 AM,1,Melissa  Urena,,0.00,22.13,1.82,0.00,0.00
12060 Potranco Road,45,9/15/25 9:08 AM,1,Melissa  Urena,,0.00,22.97,1.90,0.00,0.00
12060 Potranco Road,46,9/15/25 9:09 AM,1,Melissa  Urena,,0.00,7.87,0.66,0.00,0.00
12060 Potranco Road,49,9/15/25 9:12 AM,2,Leticia Roman,14,0.00,19.92,1.63,5.00,0.00
12060 Potranco Road,48,9/15/25 9:12 AM,1,Sugey Cabrera,,22.92,0.00,0.00,0.00,0.00
12060 Potranco Road,47,9/15/25 9:12 AM,1,Melissa  Urena,,0.00,17.86,1.47,0.00,0.00
12060 Potranco Road,50,9/15/25 9:16 AM,1,Melissa  Urena,,0.00,12.17,1.01,0.00,0.00
12060 Potranco Road,52,9/15/25 9:21 AM,1,Sugey Cabrera,,0.00,8.56,0.71,1.00,0.00
12060 Potranco Road,53,9/15/25 9:22 AM,1,Melissa  Urena,,0.00,4.78,0.40,0.00,0.00
12060 Potranco Road,54,9/15/25 9:24 AM,1,Melissa  Urena,,0.00,19.14,1.58,5.00,0.00
12060 Potranco Road,55,9/15/25 9:28 AM,1,Sugey Cabrera,,0.00,7.16,0.59,0.00,0.00
12060 Potranco Road,57,9/15/25 9:29 AM,1,Carlos Morales,,0.00,60.57,4.99,0.00,0.00
12060 Potranco Road,58,9/15/25 9:41 AM,5,Adrian Morales,35,0.80,23.50,1.96,0.00,0.00
12060 Potranco Road,59,9/15/25 9:44 AM,1,Melissa  Urena,,0.00,8.88,0.73,0.00,0.00
12060 Potranco Road,60,9/15/25 9:49 AM,1,Melissa  Urena,,0.00,4.28,0.35,0.00,0.00
12060 Potranco Road,61,9/15/25 9:59 AM,1,Melissa  Urena,,0.00,6.38,0.52,5.00,0.00
12060 Potranco Road,62,9/15/25 10:01 AM,1,Melissa  Urena,,0.00,18.24,1.51,0.00,0.00
12060 Potranco Road,63,9/15/25 10:01 AM,1,Melissa  Urena,,0.00,5.98,0.49,3.00,0.00
12060 Potranco Road,65,9/15/25 10:03 AM,1,Melissa  Urena,,0.00,3.58,0.30,0.00,0.00
12060 Potranco Road,64,9/15/25 10:03 AM,1,Carlos Morales,,0.00,9.15,0.75,0.00,0.00
12060 Potranco Road,67,9/15/25 10:06 AM,1,Sugey Cabrera,,0.00,24.02,1.98,0.00,0.00
12060 Potranco Road,69,9/15/25 10:12 AM,1,Sugey Cabrera,1,0.00,9.98,0.83,0.00,0.00
12060 Potranco Road,70,9/15/25 10:13 AM,2,Leticia Roman,2,2.70,28.77,2.37,0.00,0.00
12060 Potranco Road,71,9/15/25 10:16 AM,1,Melissa  Urena,,0.00,10.98,0.91,0.00,0.00
12060 Potranco Road,72,9/15/25 10:18 AM,1,Melissa  Urena,,0.00,9.37,0.77,0.00,0.00
12060 Potranco Road,73,9/15/25 10:20 AM,2,Adrian Morales,26,0.00,34.64,2.86,10.00,0.00
12060 Potranco Road,74,9/15/25 10:22 AM,1,Melissa  Urena,,6.20,1.53,0.13,0.00,0.00
12060 Potranco Road,75,9/15/25 10:24 AM,1,Melissa  Urena,,0.00,11.47,0.94,0.00,0.00
12060 Potranco Road,76,9/15/25 10:24 AM,1,Melissa  Urena,,0.00,9.56,0.79,2.00,0.00
12060 Potranco Road,77,9/15/25 10:26 AM,1,Melissa  Urena,,0.00,8.77,0.72,2.00,0.00
12060 Potranco Road,78,9/15/25 10:33 AM,3,Leticia Roman,5,0.00,56.48,4.66,6.00,0.00
12060 Potranco Road,79,9/15/25 10:38 AM,1,Melissa  Urena,,0.00,12.34,1.01,0.00,0.00
12060 Potranco Road,80,9/15/25 10:39 AM,1,Melissa  Urena,,0.00,7.56,0.63,0.00,0.00
12060 Potranco Road,81,9/15/25 10:43 AM,2,Sugey Cabrera,3,0.00,19.56,1.61,0.00,0.00
12060 Potranco Road,82,9/15/25 10:44 AM,1,Melissa  Urena,,0.00,22.13,1.82,0.00,0.00
12060 Potranco Road,84,9/15/25 10:45 AM,2,Sugey Cabrera,16,0.00,30.96,2.55,10.00,0.00
12060 Potranco Road,83,9/15/25 10:45 AM,2,Leticia Roman,14,0.00,29.83,2.46,5.00,0.00
12060 Potranco Road,86,9/15/25 10:49 AM,2,Adrian Morales,8,0.00,15.46,1.27,3.00,0.00
12060 Potranco Road,88,9/15/25 10:51 AM,2,Adrian Morales,20,0.00,75.93,6.26,0.00,0.00
12060 Potranco Road,89,9/15/25 10:54 AM,1,Melissa  Urena,,0.00,9.78,0.81,0.00,0.00
12060 Potranco Road,90,9/15/25 10:57 AM,1,Melissa  Urena,,0.00,26.06,2.16,0.00,0.00
12060 Potranco Road,91,9/15/25 10:59 AM,2,Adrian Morales,35,0.00,70.99,5.86,0.00,0.00
12060 Potranco Road,94,9/15/25 11:06 AM,2,Leticia Roman,15,0.98,8.77,0.73,0.00,0.00
12060 Potranco Road,93,9/15/25 11:00 AM,1,Melissa  Urena,,0.00,4.78,0.39,2.00,0.00
12060 Potranco Road,95,9/15/25 11:08 AM,1,Melissa  Urena,,0.00,4.85,0.40,0.00,0.00
12060 Potranco Road,97,9/15/25 11:08 AM,1,Melissa  Urena,,0.00,36.92,3.04,0.00,0.00
12060 Potranco Road,96,9/15/25 11:08 AM,1,Zoila Salinas,,0.00,0.00,0.00,0.00,0.00
12060 Potranco Road,98,9/15/25 11:11 AM,1,Zoila Salinas,,0.00,0.00,0.00,0.00,0.00
12060 Potranco Road,100,9/15/25 11:13 AM,2,Sugey Cabrera,1,0.00,23.98,1.98,2.00,0.00
12060 Potranco Road,99,9/15/25 11:13 AM,1,Zoila Salinas,,0.00,0.00,0.00,0.00,0.00
12060 Potranco Road,101,9/15/25 11:16 AM,1,Melissa  Urena,,0.00,8.16,0.68,0.00,0.00
12060 Potranco Road,102,9/15/25 11:27 AM,1,Melissa  Urena,,0.00,14.97,1.24,0.00,0.00
12060 Potranco Road,104,9/15/25 11:29 AM,2,Sugey Cabrera,31,0.00,44.25,3.65,0.00,0.00
12060 Potranco Road,105,9/15/25 11:29 AM,2,Adrian Morales,2,0.00,50.72,4.18,10.00,0.00
12060 Potranco Road,103,9/15/25 11:28 AM,1,Melissa  Urena,,0.00,9.48,0.78,5.00,0.00
12060 Potranco Road,106,9/15/25 11:37 AM,1,Melissa  Urena,,0.00,5.08,0.42,0.00,0.00
12060 Potranco Road,107,9/15/25 11:39 AM,1,Melissa  Urena,,0.00,13.27,1.10,2.00,0.00
12060 Potranco Road,108,9/15/25 11:40 AM,1,Melissa  Urena,,0.00,9.55,0.79,2.00,0.00
12060 Potranco Road,109,9/15/25 11:41 AM,1,Melissa  Urena,,0.00,44.95,3.71,0.00,0.00
12060 Potranco Road,110,9/15/25 11:42 AM,2,Leticia Roman,23,0.00,23.86,1.97,5.00,0.00
12060 Potranco Road,111,9/15/25 11:45 AM,1,Melissa  Urena,,0.00,11.94,0.99,0.00,0.00
12060 Potranco Road,113,9/15/25 11:47 AM,2,Sugey Cabrera,16,0.00,21.45,1.77,5.00,0.00
12060 Potranco Road,112,9/15/25 11:46 AM,1,Melissa  Urena,,0.00,22.04,1.82,0.00,0.00
12060 Potranco Road,115,9/15/25 11:56 AM,2,Adrian Morales,22,0.00,14.37,1.19,3.00,0.00
12060 Potranco Road,116,9/15/25 11:59 AM,1,Melissa  Urena,,0.00,17.98,1.48,2.00,0.00
12060 Potranco Road,117,9/15/25 12:05 PM,1,Leticia Roman,21,0.00,22.05,1.81,0.00,0.00
12060 Potranco Road,118,9/15/25 12:07 PM,1,Melissa  Urena,,0.00,8.37,0.68,0.00,0.00
12060 Potranco Road,120,9/15/25 12:12 PM,1,Adrian Morales,29,0.00,13.37,1.10,5.00,0.00
12060 Potranco Road,121,9/15/25 12:15 PM,1,Melissa  Urena,,0.00,40.14,3.31,0.00,0.00
12060 Potranco Road,119,9/15/25 12:10 PM,1,Melissa  Urena,,0.00,10.97,0.90,2.00,0.00
12060 Potranco Road,122,9/15/25 12:21 PM,3,Sugey Cabrera,14,0.00,43.99,3.63,5.00,0.00
12060 Potranco Road,123,9/15/25 12:29 PM,1,Melissa  Urena,,0.00,15.99,1.32,3.00,0.00
12060 Potranco Road,124,9/15/25 12:30 PM,4,Leticia Roman,26,0.00,64.23,5.28,0.00,0.00
12060 Potranco Road,125,9/15/25 12:32 PM,2,Adrian Morales,1,0.00,47.20,3.88,0.00,0.00
12060 Potranco Road,126,9/15/25 12:35 PM,2,Sugey Cabrera,20,0.00,31.56,2.59,0.00,0.00
12060 Potranco Road,128,9/15/25 12:42 PM,3,Leticia Roman,4,0.00,31.83,2.62,0.00,0.00
12060 Potranco Road,127,9/15/25 12:40 PM,1,Carlos Morales,,0.00,10.97,0.90,0.00,0.00
12060 Potranco Road,129,9/15/25 12:44 PM,1,Melissa  Urena,,0.00,18.05,1.48,0.00,0.00
12060 Potranco Road,130,9/15/25 12:44 PM,1,Melissa  Urena,,0.00,24.84,2.04,10.00,0.00
12060 Potranco Road,131,9/15/25 12:47 PM,1,Melissa  Urena,,0.00,9.38,0.77,2.00,0.00
12060 Potranco Road,132,9/15/25 12:51 PM,1,Melissa  Urena,,0.00,23.98,1.98,0.00,0.00
12060 Potranco Road,134,9/15/25 1:05 PM,1,Carlos Morales,,0.00,0.00,0.00,0.00,0.00
12060 Potranco Road,135,9/15/25 1:05 PM,1,Adrian Morales,,0.00,3.98,0.33,0.00,0.00
12060 Potranco Road,136,9/15/25 1:07 PM,2,Adrian Morales,29,0.00,31.46,2.59,5.00,0.00
12060 Potranco Road,137,9/15/25 1:09 PM,1,Sugey Cabrera,5,0.00,27.36,2.26,0.00,0.00
12060 Potranco Road,138,9/15/25 1:11 PM,1,Leticia Roman,,0.00,5.77,0.48,0.00,0.00
12060 Potranco Road,140,9/15/25 1:19 PM,1,Melissa  Urena,,0.00,0.00,0.00,0.00,0.00
12060 Potranco Road,142,9/15/25 1:21 PM,2,Leticia Roman,21,0.00,29.62,2.44,0.00,0.00
12060 Potranco Road,139,9/15/25 1:16 PM,1,Sugey Cabrera,,0.00,29.04,2.40,5.00,0.00
12060 Potranco Road,141,9/15/25 1:19 PM,1,Melissa  Urena,,0.00,20.35,1.68,0.00,0.00
12060 Potranco Road,145,9/15/25 1:30 PM,2,Adrian Morales,3,0.00,24.30,1.99,0.00,0.00
12060 Potranco Road,147,9/15/25 1:37 PM,1,Carlos Morales,,1.00,8.96,0.74,0.00,0.00
12060 Potranco Road,148,9/15/25 1:41 PM,1,Melissa  Urena,,0.00,14.78,1.22,0.00,0.00
12060 Potranco Road,150,9/15/25 1:44 PM,1,Carlos Morales,,0.00,17.98,1.49,0.00,0.00
12060 Potranco Road,151,9/15/25 1:45 PM,1,Sugey Cabrera,,0.00,0.00,0.00,0.00,0.00
12060 Potranco Road,155,9/15/25 1:48 PM,1,Carlos Morales,,0.00,43.65,3.60,5.00,0.00
12060 Potranco Road,157,9/15/25 1:55 PM,1,Melissa  Urena,,0.00,9.97,0.82,0.00,0.00
12060 Potranco Road,158,9/15/25 1:58 PM,1,Melissa  Urena,,0.00,9.58,0.79,0.00,0.00
12060 Potranco Road,159,9/15/25 2:07 PM,1,Sugey Cabrera,,0.00,7.99,0.66,0.00,0.00
12060 Potranco Road,160,9/15/25 2:08 PM,1,Melissa  Urena,,0.00,3.99,0.33,0.00,0.00
12060 Potranco Road,161,9/15/25 2:08 PM,1,Melissa  Urena,,0.00,12.77,1.05,0.00,0.00
12060 Potranco Road,162,9/15/25 2:10 PM,1,Melissa  Urena,,0.00,10.32,0.86,2.06,0.00
12060 Potranco Road,163,9/15/25 2:14 PM,1,Mario Jimenez,,0.00,3.38,0.27,0.51,0.00
12060 Potranco Road,165,9/15/25 2:16 PM,1,Lisa Velasquez,,1.24,4.94,0.41,0.00,0.00
12060 Potranco Road,166,9/15/25 2:19 PM,1,Adrian Morales,,0.00,12.77,1.05,3.00,0.00
12060 Potranco Road,167,9/15/25 2:27 PM,1,Mario Jimenez,,0.00,23.16,1.91,2.00,0.00
12060 Potranco Road,168,9/15/25 2:28 PM,2,Adrian Morales,16,0.00,31.98,2.63,7.00,0.00
12060 Potranco Road,170,9/15/25 2:44 PM,1,Mario Jimenez,,0.00,15.86,1.31,3.49,0.00
12060 Potranco Road,173,9/15/25 2:52 PM,2,Adrian Morales,35,0.00,10.99,0.91,0.00,0.00
12060 Potranco Road,174,9/15/25 2:54 PM,1,Lisa Velasquez,23,0.00,14.97,1.24,2.99,0.00
12060 Potranco Road,175,9/15/25 3:03 PM,2,Lisa Velasquez,14,1.40,21.58,1.78,4.00,0.00
12060 Potranco Road,176,9/15/25 3:25 PM,1,Mario Jimenez,,0.00,23.97,1.97,0.00,0.00
12060 Potranco Road,178,9/15/25 3:37 PM,1,Mario Jimenez,,10.80,20.46,1.68,3.00,0.00
12060 Potranco Road,179,9/15/25 3:44 PM,1,Candy Del Angel,,2.80,25.17,2.08,0.00,0.00
12060 Potranco Road,182,9/15/25 4:25 PM,2,Angelique Jacobo,29,0.00,25.02,2.06,7.00,0.00
12060 Potranco Road,184,9/15/25 4:32 PM,1,Mario Jimenez,,0.00,14.97,1.24,0.00,0.00
12060 Potranco Road,186,9/15/25 4:51 PM,1,Mario Jimenez,,0.00,9.18,0.76,0.00,0.00
12060 Potranco Road,187,9/15/25 4:58 PM,1,Mario Jimenez,,0.00,17.46,1.44,2.62,0.00
12060 Potranco Road,188,9/15/25 5:02 PM,1,Mario Jimenez,,0.00,20.85,1.72,3.13,0.00
12060 Potranco Road,185,9/15/25 4:33 PM,1,Mario Jimenez,,0.00,12.97,1.07,0.00,0.00
12060 Potranco Road,189,9/15/25 5:10 PM,1,Mario Jimenez,,0.00,9.98,0.82,0.00,0.00
12060 Potranco Road,191,9/15/25 5:15 PM,1,Lisa Velasquez,,0.00,0.00,0.00,0.00,0.00
12060 Potranco Road,192,9/15/25 5:23 PM,1,Mario Jimenez,,0.00,22.98,1.89,0.00,0.00
12060 Potranco Road,193,9/15/25 5:23 PM,1,Mario Jimenez,,0.00,8.24,0.68,0.00,0.00
12060 Potranco Road,194,9/15/25 5:36 PM,1,Mario Jimenez,,3.36,51.57,4.25,4.05,0.00
12060 Potranco Road,195,9/15/25 5:46 PM,1,Mario Jimenez,,0.00,0.00,0.00,0.00,0.00
12060 Potranco Road,197,9/15/25 6:02 PM,1,Mario Jimenez,,0.00,0.00,0.00,0.00,0.00
12060 Potranco Road,198,9/15/25 6:10 PM,1,Mario Jimenez,,0.00,0.00,0.00,0.00,0.00
12060 Potranco Road,202,9/15/25 6:37 PM,2,Lisa Velasquez,14,1.06,17.09,1.42,3.00,0.00
12060 Potranco Road,203,9/15/25 6:42 PM,1,Mario Jimenez,,0.00,17.85,1.48,0.00,0.00
12060 Potranco Road,204,9/15/25 6:44 PM,1,Mario Jimenez,,0.00,10.99,0.91,0.00,0.00
12060 Potranco Road,206,9/15/25 7:00 PM,2,Angelique Jacobo,1,0.00,21.52,1.77,0.00,0.00
12060 Potranco Road,207,9/15/25 7:05 PM,1,Mario Jimenez,,0.00,33.96,2.80,0.00,0.00
12060 Potranco Road,208,9/15/25 7:07 PM,1,Candy Del Angel,,9.14,0.00,0.00,0.00,0.00
12060 Potranco Road,210,9/15/25 7:14 PM,1,Mario Jimenez,,0.00,13.35,1.11,2.00,0.00
12060 Potranco Road,211,9/15/25 7:15 PM,1,Mario Jimenez,,0.00,10.99,0.91,0.00,0.00
12060 Potranco Road,212,9/15/25 7:33 PM,1,Mario Jimenez,,0.00,15.57,1.29,0.00,0.00
12060 Potranco Road,213,9/15/25 7:41 PM,1,Mario Jimenez,,0.00,4.25,0.35,0.00,0.00
12060 Potranco Road,214,9/15/25 8:12 PM,1,Mario Jimenez,,0.00,13.98,1.15,0.00,0.00
12060 Potranco Road,215,9/15/25 8:38 PM,1,Mario Jimenez,,0.00,3.79,0.31,0.00,0.00
