Order #,Opened Date,Void Date,Server,Approver,Item Name,Reason,Item Quantity,Total Price
137,9/15/25 1:09 PM,9/15/25 2:12 PM,Sugey Cabrera,Candy Del Angel,Caldo de Pollo,Customer Changed Mind,1.0,10.99
141,9/15/25 1:19 PM,9/15/25 1:37 PM,Melissa  Urena,Zoila Salinas,Soft Chicken Tacos Plt,Customer Changed Mind,1.0,11.99
191,9/15/25 5:15 PM,9/15/25 8:55 PM,Lisa Velasquez,Candy Del Angel,Barbacoa Taco,Customer Changed Mind,1.0,4.79
191,9/15/25 5:15 PM,9/15/25 8:55 PM,Lisa Velasquez,Candy Del Angel,Carne Guisada Taco,Customer Changed Mind,3.0,14.67
191,9/15/25 5:15 PM,9/15/25 8:55 PM,Lisa Velasquez,Candy Del Angel,bean and cheese,Customer Changed Mind,2.0,3.58
191,9/15/25 5:15 PM,9/15/25 8:55 PM,Lisa Velasquez,Candy Del Angel,Bacon & Egg Taco,Customer Changed Mind,1.0,1.99
191,9/15/25 5:15 PM,9/15/25 8:55 PM,Lisa Velasquez,Candy Del Angel,Bean & Cheese Taco,Customer Changed Mind,1.0,1.79
191,9/15/25 5:15 PM,9/15/25 8:55 PM,Lisa Velasquez,Candy Del Angel,water,Customer Changed Mind,1.0,0.00
191,9/15/25 5:15 PM,9/15/25 8:55 PM,Lisa Velasquez,Candy Del Angel,water,Customer Changed Mind,1.0,0.00
191,9/15/25 5:15 PM,9/15/25 8:55 PM,Lisa Velasquez,Candy Del Angel,Sweet tea,Customer Changed Mind,1.0,4.29
