Check #,Table,Payment Type,Server,Cashier,Tip,Amount,Cash Drawer,Date,Opened Date
1,,CASH,Candy ,Candy ,0.00,11.32,Drive Box,8/11/25 6:35 AM,8/11/25 6:31 AM
3,,CREDIT,Candy ,Candy ,0.00,8.73,,8/11/25 6:42 AM,8/11/25 6:38 AM
4,,CREDIT,Candy ,Candy ,0.00,20.96,,8/11/25 6:45 AM,8/11/25 6:38 AM
5,,CREDIT,Candy ,Candy ,0.00,13.23,,8/11/25 6:46 AM,8/11/25 6:39 AM
6,,CREDIT,Candy ,Candy ,0.00,5.29,,8/11/25 6:48 AM,8/11/25 6:42 AM
7,,CASH,Candy ,Candy ,0.00,9.71,Drive Box,8/11/25 6:49 AM,8/11/25 6:48 AM
8,,CASH,Candy ,Candy ,0.00,11.45,Drive Box,8/11/25 6:58 AM,8/11/25 6:57 AM
10,,CREDIT,Candy ,Candy ,0.00,6.25,,8/11/25 7:03 AM,8/11/25 6:58 AM
11,,CREDIT,Candy ,Candy ,1.00,9.70,,8/11/25 7:06 AM,8/11/25 7:05 AM
2,,CREDIT,Maria,Maria,15.00,87.47,,8/11/25 7:07 AM,8/11/25 6:38 AM
12,,CREDIT,Candy ,Candy ,1.00,7.02,,8/11/25 7:18 AM,8/11/25 7:16 AM
16,,CREDIT,Candy ,Candy ,1.00,9.06,,8/11/25 7:19 AM,8/11/25 7:17 AM
17,,CREDIT,Candy ,Candy ,3.00,32.63,,8/11/25 7:21 AM,8/11/25 7:17 AM
19,,CREDIT,Candy ,Candy ,0.00,3.66,,8/11/25 7:25 AM,8/11/25 7:18 AM
14,,CREDIT,Candy ,Candy ,2.00,7.54,,8/11/25 7:26 AM,8/11/25 7:10 AM
22,,CREDIT,Maria,Maria,0.00,19.63,,8/11/25 7:27 AM,8/11/25 7:27 AM
9,24,CASH,Maria,Maria,0.00,12.98,,8/11/25 7:28 AM,8/11/25 6:57 AM
20,,CASH,Candy ,Candy ,0.00,13.49,Drive Box,8/11/25 7:30 AM,8/11/25 7:21 AM
21,,CASH,Candy ,Candy ,0.00,8.72,Drive Box,8/11/25 7:32 AM,8/11/25 7:25 AM
25,,CREDIT,Candy ,Candy ,0.00,10.82,,8/11/25 7:32 AM,8/11/25 7:32 AM
26,,CASH,Candy ,Candy ,0.00,10.03,Drive Box,8/11/25 7:34 AM,8/11/25 7:33 AM
27,,CREDIT,Candy ,Candy ,1.00,18.35,,8/11/25 7:38 AM,8/11/25 7:36 AM
28,,CASH,Candy ,Candy ,0.00,4.31,Drive Box,8/11/25 7:41 AM,8/11/25 7:40 AM
30,,CREDIT,Candy ,Candy ,0.00,14.76,,8/11/25 7:42 AM,8/11/25 7:42 AM
18,37,CREDIT,Maria,Maria,5.00,12.93,,8/11/25 7:45 AM,8/11/25 7:19 AM
32,,CREDIT,Candy ,Candy ,0.00,7.44,,8/11/25 7:47 AM,8/11/25 7:46 AM
34,,CREDIT,Candy ,Candy ,0.00,4.31,,8/11/25 7:49 AM,8/11/25 7:47 AM
35,,CASH,Candy ,Candy ,0.00,5.39,Drive Box,8/11/25 7:50 AM,8/11/25 7:49 AM
29,,CREDIT,Maria,Maria,2.00,12.27,,8/11/25 7:51 AM,8/11/25 7:42 AM
39,,CREDIT,Maria,Maria,1.00,6.69,,8/11/25 7:52 AM,8/11/25 7:52 AM
37,,CREDIT,Candy ,Candy ,0.00,8.62,,8/11/25 7:55 AM,8/11/25 7:51 AM
38,,CREDIT,Candy ,Candy ,2.00,8.39,,8/11/25 7:56 AM,8/11/25 7:52 AM
40,,CREDIT,Candy ,Candy ,0.00,4.31,,8/11/25 7:58 AM,8/11/25 7:52 AM
43,,CASH,Candy ,Candy ,0.00,2.15,Drive Box,8/11/25 7:59 AM,8/11/25 7:53 AM
45,,CREDIT,Candy ,Candy ,4.00,15.31,,8/11/25 8:00 AM,8/11/25 7:55 AM
44,,CASH,Candy ,Candy ,0.00,4.30,Drive Box,8/11/25 8:02 AM,8/11/25 7:56 AM
48,,CREDIT,Candy ,Candy ,0.00,9.49,,8/11/25 8:04 AM,8/11/25 7:59 AM
51,,CREDIT,Candy ,Candy ,0.00,7.34,,8/11/25 8:04 AM,8/11/25 8:00 AM
52,,CREDIT,Candy ,Candy ,0.00,12.74,,8/11/25 8:06 AM,8/11/25 8:02 AM
47,,CREDIT,Candy ,Candy ,3.00,6.75,,8/11/25 8:08 AM,8/11/25 8:07 AM
57,,CREDIT,Rosa,Rosa,0.00,4.09,,8/11/25 8:09 AM,8/11/25 8:08 AM
33,32,CREDIT,Maria,Maria,0.00,18.43,,8/11/25 8:13 AM,8/11/25 7:48 AM
58,,CASH,Candy ,Candy ,0.00,17.79,Drive Box,8/11/25 8:15 AM,8/11/25 8:09 AM
59,,CREDIT,Maria,Giselle,3.00,24.59,,8/11/25 8:19 AM,8/11/25 8:10 AM
62,,CREDIT,Candy ,Candy ,0.00,18.77,,8/11/25 8:19 AM,8/11/25 8:12 AM
56,,CASH,Candy ,Candy ,0.00,4.31,Drive Box,8/11/25 8:20 AM,8/11/25 8:13 AM
36,24,CASH,Maria,Maria,0.00,5.00,Front Left,8/11/25 8:21 AM,8/11/25 7:50 AM
36,24,CREDIT,Maria,Maria,0.00,27.31,,8/11/25 8:22 AM,8/11/25 7:50 AM
50,33,CREDIT,Maria,Maria,4.00,29.09,,8/11/25 8:22 AM,8/11/25 8:00 AM
66,,CREDIT,Candy ,Candy ,0.00,24.64,,8/11/25 8:23 AM,8/11/25 8:15 AM
53,25,CREDIT,Maria,,3.84,20.78,,8/11/25 8:26 AM,8/11/25 8:07 AM
75,,CASH,Giselle,Giselle,0.00,8.51,Front Left,8/11/25 8:26 AM,8/11/25 8:26 AM
64,,CASH,Candy ,Candy ,0.00,9.59,Drive Box,8/11/25 8:27 AM,8/11/25 8:17 AM
70,,CREDIT,Candy ,Candy ,0.00,4.31,,8/11/25 8:27 AM,8/11/25 8:20 AM
71,,CREDIT,Candy ,Candy ,2.00,6.46,,8/11/25 8:29 AM,8/11/25 8:23 AM
77,,CREDIT,Candy ,Candy ,0.00,10.79,,8/11/25 8:31 AM,8/11/25 8:29 AM
79,,CREDIT,Candy ,Candy ,0.00,48.28,,8/11/25 8:34 AM,8/11/25 8:31 AM
61,,CASH,Silvia,Silvia,0.00,20.97,,8/11/25 8:38 AM,8/11/25 8:11 AM
46,9,CASH,Maria,Maria,0.00,35.63,,8/11/25 8:38 AM,8/11/25 7:56 AM
82,,CREDIT,Candy ,Candy ,0.00,4.63,,8/11/25 8:38 AM,8/11/25 8:34 AM
55,26,CASH,Rosa,Rosa,0.00,16.21,,8/11/25 8:39 AM,8/11/25 8:08 AM
54,7,CREDIT,Silvia,,5.19,28.10,,8/11/25 8:39 AM,8/11/25 8:07 AM
84,,CASH,Candy ,Candy ,0.00,6.47,Drive Box,8/11/25 8:41 AM,8/11/25 8:35 AM
85,,CREDIT,Candy ,Candy ,0.00,8.04,,8/11/25 8:41 AM,8/11/25 8:38 AM
89,,CASH,Giselle,Giselle,0.00,7.77,Front Left,8/11/25 8:43 AM,8/11/25 8:41 AM
90,,CREDIT,Candy ,Candy ,0.00,5.39,,8/11/25 8:44 AM,8/11/25 8:43 AM
67,42,CREDIT,Rosa,Giselle,4.00,37.03,,8/11/25 8:44 AM,8/11/25 8:16 AM
93,,CREDIT,Giselle,Giselle,2.00,10.67,,8/11/25 8:46 AM,8/11/25 8:45 AM
81,39,CASH,Silvia,Silvia,0.00,7.99,,8/11/25 8:46 AM,8/11/25 8:34 AM
92,,CASH,Candy ,Candy ,0.00,7.87,Drive Box,8/11/25 8:46 AM,8/11/25 8:45 AM
74,35,CREDIT,Maria,Maria,5.00,23.21,,8/11/25 8:48 AM,8/11/25 8:26 AM
96,,CREDIT,Giselle,Giselle,0.00,6.64,,8/11/25 8:49 AM,8/11/25 8:46 AM
97,,CASH,Candy ,Candy ,0.00,57.00,Drive Box,8/11/25 8:50 AM,8/11/25 8:48 AM
99,,CREDIT,Candy ,Candy ,0.00,1.94,,8/11/25 8:56 AM,8/11/25 8:49 AM
69,25,CREDIT,Maria,Maria,10.00,17.27,,8/11/25 8:56 AM,8/11/25 8:18 AM
100,,CREDIT,Candy ,Candy ,0.00,18.78,,8/11/25 8:57 AM,8/11/25 8:51 AM
76,,CASH,Candy ,Candy ,0.00,12.73,Drive Box,8/11/25 8:59 AM,8/11/25 8:52 AM
86,,CREDIT,Giselle,Giselle,0.00,16.83,,8/11/25 9:00 AM,8/11/25 8:40 AM
101,,CASH,Candy ,Candy ,0.00,3.24,Drive Box,8/11/25 9:00 AM,8/11/25 8:56 AM
88,20,CREDIT,Rosa,Rosa,7.00,33.65,,8/11/25 9:01 AM,8/11/25 8:40 AM
102,,CREDIT,Candy ,Candy ,0.00,13.44,,8/11/25 9:01 AM,8/11/25 8:57 AM
68,23,CREDIT,Maria,,5.03,36.31,,8/11/25 9:03 AM,8/11/25 8:17 AM
103,,CREDIT,Candy ,Candy ,2.00,25.07,,8/11/25 9:03 AM,8/11/25 9:00 AM
95,22,CREDIT,Silvia,Giselle,0.00,15.20,,8/11/25 9:04 AM,8/11/25 8:46 AM
73,18,CASH,Rosa,Rosa,0.00,19.17,,8/11/25 9:04 AM,8/11/25 8:24 AM
105,,CASH,Candy ,Candy ,0.00,5.34,Drive Box,8/11/25 9:04 AM,8/11/25 9:01 AM
98,32,CREDIT,Rosa,,7.00,17.22,,8/11/25 9:05 AM,8/11/25 8:48 AM
107,,CREDIT,Candy ,Candy ,0.00,15.76,,8/11/25 9:09 AM,8/11/25 9:03 AM
115,,CASH,Giselle,Giselle,0.00,9.73,Front Left,8/11/25 9:11 AM,8/11/25 9:10 AM
111,,CASH,Candy ,Candy ,0.00,10.15,Drive Box,8/11/25 9:12 AM,8/11/25 9:07 AM
114,,CASH,Candy ,Candy ,0.00,2.69,Drive Box,8/11/25 9:13 AM,8/11/25 9:08 AM
80,38,CASH,Silvia,Silvia,0.00,21.91,,8/11/25 9:14 AM,8/11/25 8:33 AM
110,,CREDIT,Giselle,Giselle,0.00,11.86,,8/11/25 9:14 AM,8/11/25 9:06 AM
118,,CASH,Candy ,Candy ,0.00,11.11,Drive Box,8/11/25 9:14 AM,8/11/25 9:12 AM
122,,CREDIT,Giselle,Mayra,1.69,4.31,,8/11/25 9:20 AM,8/11/25 9:20 AM
91,9,CREDIT,Maria,Maria,4.00,27.16,,8/11/25 9:21 AM,8/11/25 8:44 AM
120,,CASH,Candy ,Candy ,0.00,3.88,Drive Box,8/11/25 9:23 AM,8/11/25 9:13 AM
123,,CREDIT,Candy ,Candy ,0.00,2.15,,8/11/25 9:24 AM,8/11/25 9:22 AM
125,,CASH,Candy ,Candy ,0.00,6.26,Drive Box,8/11/25 9:25 AM,8/11/25 9:24 AM
113,7,CREDIT,Silvia,Silvia,3.00,10.81,,8/11/25 9:29 AM,8/11/25 9:08 AM
127,7,CREDIT,Silvia,Silvia,5.00,3.24,,8/11/25 9:29 AM,8/11/25 9:27 AM
128,,CREDIT,Candy ,Candy ,0.00,6.73,,8/11/25 9:32 AM,8/11/25 9:31 AM
106,33,CREDIT,Rosa,Rosa,0.00,32.93,,8/11/25 9:36 AM,8/11/25 9:03 AM
131,,CREDIT,Candy ,Candy ,0.00,9.76,,8/11/25 9:37 AM,8/11/25 9:34 AM
124,,CREDIT,Candy ,Candy ,0.00,13.69,,8/11/25 9:40 AM,8/11/25 9:36 AM
134,,CASH,Candy ,Candy ,0.00,4.96,Drive Box,8/11/25 9:41 AM,8/11/25 9:37 AM
138,,CREDIT,Candy ,Candy ,0.00,7.56,,8/11/25 9:42 AM,8/11/25 9:42 AM
137,,CREDIT,Candy ,Candy ,2.00,10.80,,8/11/25 9:48 AM,8/11/25 9:41 AM
139,,CASH,Candy ,Candy ,0.00,5.50,Drive Box,8/11/25 9:49 AM,8/11/25 9:42 AM
140,,CASH,Candy ,Candy ,0.00,13.37,Drive Box,8/11/25 9:51 AM,8/11/25 9:43 AM
143,,CREDIT,Candy ,Candy ,0.00,14.58,,8/11/25 9:52 AM,8/11/25 9:49 AM
108,24,CREDIT,Rosa,Rosa,3.00,19.54,,8/11/25 9:53 AM,8/11/25 9:07 AM
121,38,CREDIT,Silvia,Silvia,0.00,24.41,,8/11/25 9:53 AM,8/11/25 9:14 AM
130,42,CREDIT,Rosa,Rosa,3.60,29.40,,8/11/25 9:53 AM,8/11/25 9:34 AM
144,,CREDIT,Candy ,Candy ,0.00,11.01,,8/11/25 9:53 AM,8/11/25 9:49 AM
145,,CREDIT,Candy ,Candy ,0.00,11.47,,8/11/25 9:55 AM,8/11/25 9:50 AM
147,,CREDIT,Candy ,Candy ,0.00,3.88,,8/11/25 9:57 AM,8/11/25 9:55 AM
150,,CREDIT,Candy ,Candy ,0.00,4.31,,8/11/25 9:59 AM,8/11/25 9:56 AM
151,,CASH,Candy ,Candy ,0.00,15.08,Drive Box,8/11/25 10:02 AM,8/11/25 10:00 AM
116,37,CASH,Maria,Maria,0.00,18.79,,8/11/25 10:04 AM,8/11/25 9:11 AM
154,,CASH,Candy ,Candy ,0.00,19.01,Drive Box,8/11/25 10:06 AM,8/11/25 10:03 AM
126,23,CREDIT,Maria,Maria,0.00,22.54,,8/11/25 10:08 AM,8/11/25 9:28 AM
156,,CASH,Candy ,Candy ,0.00,9.50,Drive Box,8/11/25 10:08 AM,8/11/25 10:04 AM
157,,CASH,Candy ,Candy ,0.00,5.83,Drive Box,8/11/25 10:09 AM,8/11/25 10:04 AM
158,,CREDIT,Candy ,Candy ,2.00,7.96,,8/11/25 10:12 AM,8/11/25 10:06 AM
104,25,CASH,Maria,Maria,0.00,32.45,,8/11/25 10:12 AM,8/11/25 9:02 AM
163,,CREDIT,Silvia,Silvia,0.00,6.46,,8/11/25 10:13 AM,8/11/25 10:13 AM
164,15,CREDIT,Rosa,Rosa,3.00,8.36,,8/11/25 10:13 AM,8/11/25 10:13 AM
159,,CASH,Candy ,Candy ,0.00,10.11,Drive Box,8/11/25 10:14 AM,8/11/25 10:07 AM
160,,CREDIT,Candy ,Candy ,0.00,24.52,,8/11/25 10:15 AM,8/11/25 10:11 AM
136,11,CASH,Maria,Maria,0.00,18.80,,8/11/25 10:16 AM,8/11/25 9:41 AM
166,,CREDIT,Giselle,Giselle,0.00,33.26,,8/11/25 10:19 AM,8/11/25 10:19 AM
142,32,CREDIT,Maria,,5.49,39.63,,8/11/25 10:19 AM,8/11/25 9:49 AM
161,,CREDIT,Candy ,Candy ,0.00,14.46,,8/11/25 10:19 AM,8/11/25 10:12 AM
165,,CREDIT,Candy ,Candy ,0.00,10.82,,8/11/25 10:20 AM,8/11/25 10:15 AM
167,31,CASH,Rosa,Rosa,0.00,16.05,,8/11/25 10:22 AM,8/11/25 10:20 AM
135,31,CASH,Rosa,Rosa,0.00,40.53,,8/11/25 10:23 AM,8/11/25 9:39 AM
169,31,CREDIT,Rosa,Rosa,2.00,16.36,,8/11/25 10:24 AM,8/11/25 10:20 AM
148,33,CREDIT,Rosa,Giselle,6.00,24.97,,8/11/25 10:26 AM,8/11/25 9:55 AM
129,41,CASH,Silvia,Silvia,0.00,29.00,,8/11/25 10:27 AM,8/11/25 9:33 AM
170,,CREDIT,Candy ,Candy ,3.00,4.53,,8/11/25 10:33 AM,8/11/25 10:33 AM
155,37,CASH,Maria,Maria,0.00,23.77,,8/11/25 10:34 AM,8/11/25 10:04 AM
149,17,CREDIT,Silvia,Silvia,0.00,33.77,,8/11/25 10:34 AM,8/11/25 9:57 AM
178,,CASH,Candy ,Candy ,0.00,11.89,Drive Box,8/11/25 10:35 AM,8/11/25 10:35 AM
146,18,CREDIT,Rosa,Rosa,5.00,24.53,,8/11/25 10:38 AM,8/11/25 9:51 AM
119,15,CREDIT,Rosa,Rosa,4.00,27.87,,8/11/25 10:39 AM,8/11/25 9:13 AM
177,15,CREDIT,Rosa,Rosa,5.32,27.28,,8/11/25 10:39 AM,8/11/25 10:34 AM
153,7,CASH,Rosa,Rosa,0.00,33.20,,8/11/25 10:41 AM,8/11/25 10:03 AM
180,,CASH,Candy ,Candy ,0.00,17.39,Drive Box,8/11/25 10:45 AM,8/11/25 10:42 AM
183,,CREDIT,Candy ,Candy ,0.00,3.73,,8/11/25 10:45 AM,8/11/25 10:45 AM
133,,CASH,Candy ,Candy ,0.00,4.09,Drive Box,8/11/25 10:46 AM,8/11/25 10:44 AM
172,9,CREDIT,Silvia,Silvia,6.00,38.09,,8/11/25 10:50 AM,8/11/25 10:29 AM
141,25,CASH,Silvia,Silvia,0.00,20.00,,8/11/25 10:51 AM,8/11/25 9:47 AM
141,25,CREDIT,Silvia,Silvia,0.00,8.11,,8/11/25 10:51 AM,8/11/25 9:47 AM
175,,CASH,Candy ,Candy ,0.00,12.08,Drive Box,8/11/25 10:53 AM,8/11/25 10:33 AM
186,,CREDIT,Candy ,Candy ,0.00,9.71,,8/11/25 10:53 AM,8/11/25 10:52 AM
189,,CREDIT,Giselle,Giselle,1.00,14.06,,8/11/25 10:57 AM,8/11/25 10:56 AM
190,,CREDIT,Candy ,Candy ,0.00,9.67,,8/11/25 10:59 AM,8/11/25 10:59 AM
171,24,CREDIT,Rosa,Rosa,5.00,20.91,,8/11/25 11:00 AM,8/11/25 10:24 AM
174,32,CREDIT,Silvia,Silvia,0.00,12.42,,8/11/25 11:01 AM,8/11/25 10:33 AM
179,38,CREDIT,Rosa,Rosa,3.00,14.06,,8/11/25 11:08 AM,8/11/25 10:41 AM
191,,CREDIT,Candy ,Candy ,0.00,11.86,,8/11/25 11:09 AM,8/11/25 11:08 AM
184,33,CREDIT,Silvia,,3.15,17.07,,8/11/25 11:14 AM,8/11/25 10:49 AM
193,,CREDIT,Candy ,Candy ,0.00,10.02,,8/11/25 11:16 AM,8/11/25 11:15 AM
187,18,CASH,Rosa,Rosa,0.00,17.45,,8/11/25 11:21 AM,8/11/25 10:53 AM
182,,CREDIT,Candy ,Candy ,0.00,3.88,,8/11/25 11:22 AM,8/11/25 11:18 AM
195,,CREDIT,Candy ,Candy ,2.00,16.21,,8/11/25 11:22 AM,8/11/25 11:20 AM
198,,CASH,Candy ,Candy ,0.00,10.05,Drive Box,8/11/25 11:29 AM,8/11/25 11:28 AM
188,23,CASH,Silvia,Silvia,0.00,24.67,,8/11/25 11:30 AM,8/11/25 10:59 AM
199,,CREDIT,Candy ,Candy ,0.00,15.13,,8/11/25 11:33 AM,8/11/25 11:29 AM
192,2,CREDIT,Rosa,Rosa,7.00,42.42,,8/11/25 11:36 AM,8/11/25 11:02 AM
205,,CREDIT,Giselle,Giselle,0.00,14.58,,8/11/25 11:38 AM,8/11/25 11:38 AM
196,,CREDIT,Candy ,Candy ,0.00,8.95,,8/11/25 11:40 AM,8/11/25 11:31 AM
201,,CASH,Candy ,Candy ,0.00,6.47,Drive Box,8/11/25 11:41 AM,8/11/25 11:32 AM
203,,CASH,Candy ,Candy ,0.00,10.00,Drive Box,8/11/25 11:42 AM,8/11/25 11:34 AM
210,,CREDIT,Candy ,Candy ,0.00,9.72,,8/11/25 11:43 AM,8/11/25 11:41 AM
185,7,CREDIT,Maria,Maria,0.00,55.53,,8/11/25 11:43 AM,8/11/25 10:52 AM
10001,25,CASH,Maria,Maria,0.00,36.76,,8/11/25 11:45 AM,8/11/25 10:12 AM
211,,CREDIT,Candy ,Candy ,0.00,4.58,,8/11/25 11:46 AM,8/11/25 11:42 AM
213,,CASH,Candy ,Candy ,0.00,8.09,Drive Box,8/11/25 11:47 AM,8/11/25 11:43 AM
206,,CREDIT,Candy ,Candy ,0.00,10.68,,8/11/25 11:52 AM,8/11/25 11:44 AM
215,,CASH,Candy ,Candy ,0.00,3.24,Drive Box,8/11/25 11:55 AM,8/11/25 11:49 AM
217,,CREDIT,Candy ,Candy ,11.82,13.18,,8/11/25 11:55 AM,8/11/25 11:49 AM
207,,CREDIT,Maria,Maria,0.00,12.96,,8/11/25 11:56 AM,8/11/25 11:38 AM
197,11,CREDIT,Rosa,Rosa,7.00,55.39,,8/11/25 11:57 AM,8/11/25 11:21 AM
219,,CASH,Candy ,Candy ,0.00,6.90,Drive Box,8/11/25 11:57 AM,8/11/25 11:51 AM
225,,CREDIT,Candy ,Candy ,0.00,4.32,,8/11/25 11:57 AM,8/11/25 11:57 AM
222,,CREDIT,Candy ,Candy ,0.00,24.88,,8/11/25 11:58 AM,8/11/25 11:55 AM
208,36,CREDIT,Rosa,Maria,0.00,8.90,,8/11/25 12:02 PM,8/11/25 11:39 AM
216,25,CREDIT,Maria,Maria,0.00,13.51,,8/11/25 12:03 PM,8/11/25 11:45 AM
13,,CASH,Maria,Maria,0.00,4.63,,8/11/25 12:07 PM,8/11/25 7:10 AM
31,,CASH,Maria,Maria,0.00,11.90,,8/11/25 12:07 PM,8/11/25 7:44 AM
218,,CREDIT,Candy ,Candy ,0.00,27.26,,8/11/25 12:09 PM,8/11/25 12:07 PM
209,32,CREDIT,Rosa,,0.00,50.03,,8/11/25 12:12 PM,8/11/25 11:40 AM
233,,CREDIT,Candy ,Candy ,3.00,9.17,,8/11/25 12:17 PM,8/11/25 12:10 PM
234,,CREDIT,Candy ,Candy ,0.00,21.54,,8/11/25 12:18 PM,8/11/25 12:13 PM
238,,CREDIT,Candy ,Candy ,0.00,25.30,,8/11/25 12:20 PM,8/11/25 12:18 PM
212,17,CREDIT,Silvia,,6.62,35.83,,8/11/25 12:22 PM,8/11/25 11:44 AM
221,33,CREDIT,Silvia,Silvia,3.00,24.00,,8/11/25 12:22 PM,8/11/25 11:55 AM
239,38,CREDIT,Maria,Giselle,4.00,12.75,,8/11/25 12:23 PM,8/11/25 12:19 PM
224,20,CREDIT,Rosa,Giselle,3.00,15.69,,8/11/25 12:25 PM,8/11/25 11:56 AM
229,,CASH,Candy ,Candy ,0.00,35.69,Drive Box,8/11/25 12:26 PM,8/11/25 12:06 PM
241,,CREDIT,Candy ,Candy ,2.00,21.51,,8/11/25 12:30 PM,8/11/25 12:22 PM
244,,CASH,Giselle,Giselle,0.00,10.25,Front Left,8/11/25 12:30 PM,8/11/25 12:30 PM
220,38,CREDIT,Maria,Giselle,2.00,4.17,,8/11/25 12:31 PM,8/11/25 11:52 AM
248,,CREDIT,Candy ,Candy ,0.00,3.73,,8/11/25 12:34 PM,8/11/25 12:34 PM
226,18,CASH,Silvia,Silvia,0.00,23.45,,8/11/25 12:34 PM,8/11/25 11:59 AM
235,25,CREDIT,Silvia,Silvia,6.00,19.14,,8/11/25 12:35 PM,8/11/25 12:12 PM
243,,CREDIT,Giselle,Giselle,3.00,34.62,,8/11/25 12:37 PM,8/11/25 12:27 PM
247,,CREDIT,Candy ,Candy ,0.00,21.81,,8/11/25 12:39 PM,8/11/25 12:33 PM
251,,CASH,Candy ,Candy ,0.00,11.90,Drive Box,8/11/25 12:39 PM,8/11/25 12:38 PM
223,24,CREDIT,Rosa,Rosa,3.00,19.13,,8/11/25 12:40 PM,8/11/25 11:56 AM
240,26,CASH,Silvia,Silvia,0.00,8.41,,8/11/25 12:42 PM,8/11/25 12:20 PM
255,7,CREDIT,Silvia,Giselle,2.00,12.91,,8/11/25 12:43 PM,8/11/25 12:43 PM
232,7,CREDIT,Silvia,Giselle,3.00,12.70,,8/11/25 12:44 PM,8/11/25 12:09 PM
230,,CASH,Candy ,Candy ,0.00,4.64,Drive Box,8/11/25 12:45 PM,8/11/25 12:43 PM
,,TIP_OUT,Candy ,Candy ,-47.82,0.00,House,8/11/25 12:49 PM,8/11/25 12:49 PM
231,9,CREDIT,Maria,Maria,5.00,19.73,,8/11/25 12:50 PM,8/11/25 12:10 PM
257,,CASH,Arturo,Arturo,0.00,13.69,Drive Box,8/11/25 12:50 PM,8/11/25 12:49 PM
228,42,CREDIT,Rosa,Giselle,10.00,44.97,,8/11/25 12:51 PM,8/11/25 12:03 PM
237,37,CREDIT,Rosa,Rosa,10.00,19.43,,8/11/25 12:53 PM,8/11/25 12:13 PM
260,,CASH,Arturo,Arturo,0.00,3.02,Drive Box,8/11/25 12:56 PM,8/11/25 12:53 PM
242,32,CREDIT,Rosa,Rosa,7.00,34.33,,8/11/25 12:59 PM,8/11/25 12:25 PM
262,,CASH,Arturo,Arturo,0.00,12.44,Drive Box,8/11/25 1:03 PM,8/11/25 1:02 PM
263,,CREDIT,Arturo,Arturo,0.00,11.22,,8/11/25 1:06 PM,8/11/25 1:03 PM
254,23,CREDIT,Silvia,Silvia,0.00,36.76,,8/11/25 1:09 PM,8/11/25 12:43 PM
236,39,CREDIT,Maria,Maria,5.00,37.21,,8/11/25 1:10 PM,8/11/25 12:16 PM
270,,CREDIT,Arturo,Arturo,0.00,15.55,,8/11/25 1:10 PM,8/11/25 1:09 PM
227,3,CREDIT,Maria,Maria,0.00,40.00,,8/11/25 1:11 PM,8/11/25 12:06 PM
227,3,CREDIT,Maria,Maria,8.00,12.25,,8/11/25 1:11 PM,8/11/25 12:06 PM
272,,CREDIT,Giselle,Giselle,0.00,9.73,,8/11/25 1:12 PM,8/11/25 1:11 PM
249,17,CREDIT,Rosa,Rosa,5.00,28.87,,8/11/25 1:13 PM,8/11/25 12:38 PM
250,18,CASH,Rosa,Rosa,0.00,21.17,,8/11/25 1:18 PM,8/11/25 12:38 PM
252,33,CREDIT,Rosa,Rosa,0.00,53.68,,8/11/25 1:19 PM,8/11/25 12:39 PM
274,,CASH,Arturo,Arturo,0.00,5.39,Drive Box,8/11/25 1:20 PM,8/11/25 1:18 PM
275,,CREDIT,Arturo,Arturo,0.00,6.78,,8/11/25 1:21 PM,8/11/25 1:19 PM
276,,CASH,Giselle,Giselle,0.00,10.48,Front Left,8/11/25 1:25 PM,8/11/25 1:25 PM
265,7,CREDIT,Maria,Maria,0.00,38.27,,8/11/25 1:28 PM,8/11/25 1:06 PM
258,38,CASH,Rosa,Rosa,0.00,29.47,,8/11/25 1:28 PM,8/11/25 12:50 PM
245,11,CASH,Maria,Maria,0.00,15.02,,8/11/25 1:28 PM,8/11/25 12:34 PM
277,,CASH,Arturo,Arturo,0.00,19.19,Drive Box,8/11/25 1:29 PM,8/11/25 1:27 PM
266,24,CREDIT,Rosa,Rosa,5.00,38.50,,8/11/25 1:31 PM,8/11/25 1:05 PM
278,,CREDIT,Arturo,Arturo,0.00,9.06,,8/11/25 1:32 PM,8/11/25 1:28 PM
282,,CREDIT,Arturo,Arturo,0.00,39.58,,8/11/25 1:33 PM,8/11/25 1:31 PM
261,25,CASH,Silvia,Silvia,0.00,45.43,,8/11/25 1:39 PM,8/11/25 12:54 PM
286,,CREDIT,Giselle,Giselle,0.00,14.06,,8/11/25 1:39 PM,8/11/25 1:38 PM
283,,CASH,Arturo,Arturo,0.00,10.81,Drive Box,8/11/25 1:40 PM,8/11/25 1:36 PM
273,9,CREDIT,Maria,,3.94,21.31,,8/11/25 1:44 PM,8/11/25 1:14 PM
268,32,CASH,Silvia,Silvia,0.00,31.73,,8/11/25 1:45 PM,8/11/25 1:08 PM
285,,CREDIT,Arturo,Arturo,0.00,39.75,,8/11/25 1:51 PM,8/11/25 1:38 PM
,,TIP_OUT,Giselle,Giselle,-7.69,0.00,House,8/11/25 1:52 PM,8/11/25 1:52 PM
,,CASH_COLLECTED,Silvia,Silvia,0.00,233.56*,House,8/11/25 1:52 PM,8/11/25 1:52 PM
,,TIP_OUT,Silvia,Silvia,-42.96,0.00,House,8/11/25 1:52 PM,8/11/25 1:52 PM
287,,CREDIT,Maria,Maria,2.00,6.80,,8/11/25 1:54 PM,8/11/25 1:45 PM
,,CASH_COLLECTED,Maria,Maria,0.00,210.73*,House,8/11/25 1:57 PM,8/11/25 1:57 PM
,,TIP_OUT,Maria,Maria,-93.30,0.00,House,8/11/25 1:57 PM,8/11/25 1:57 PM
290,,CREDIT,Arturo,Arturo,0.00,34.56,,8/11/25 1:57 PM,8/11/25 1:52 PM
284,,CREDIT,Arturo,Arturo,0.00,25.94,,8/11/25 2:01 PM,8/11/25 1:55 PM
291,,CASH,Arturo,Arturo,0.00,5.40,Drive Box,8/11/25 2:07 PM,8/11/25 1:56 PM
294,,CASH,Arturo,Arturo,0.00,14.59,Drive Box,8/11/25 2:08 PM,8/11/25 2:04 PM
295,,CREDIT,Arturo,Arturo,0.00,15.14,,8/11/25 2:15 PM,8/11/25 2:08 PM
296,,CREDIT,Arturo,Arturo,0.00,24.64,,8/11/25 2:17 PM,8/11/25 2:10 PM
298,,CREDIT,Arturo,Arturo,0.00,21.39,,8/11/25 2:18 PM,8/11/25 2:13 PM
288,25,CREDIT,Sergio,Sergio,0.00,21.60,,8/11/25 2:19 PM,8/11/25 1:47 PM
280,3,CREDIT,Rosa,,4.60,33.20,,8/11/25 2:20 PM,8/11/25 1:28 PM
,,CASH_COLLECTED,Rosa,Rosa,0.00,193.25*,House,8/11/25 2:23 PM,8/11/25 2:23 PM
,,TIP_OUT,Rosa,Rosa,-119.52,0.00,House,8/11/25 2:23 PM,8/11/25 2:23 PM
292,33,CREDIT,Esperansa,Esperansa,0.00,24.54,,8/11/25 2:34 PM,8/11/25 1:59 PM
293,24,CREDIT,Sergio,Sergio,2.00,17.07,,8/11/25 2:35 PM,8/11/25 2:01 PM
299,,CREDIT,Arturo,Arturo,0.00,4.30,,8/11/25 2:37 PM,8/11/25 2:34 PM
300,,CREDIT,Arturo,Arturo,0.00,19.13,,8/11/25 2:39 PM,8/11/25 2:37 PM
303,,CREDIT,Arturo,Arturo,0.00,6.75,,8/11/25 2:45 PM,8/11/25 2:44 PM
305,,CASH,Arturo,Arturo,0.00,5.39,Drive Box,8/11/25 2:52 PM,8/11/25 2:50 PM
306,7,CREDIT,Sergio,Sergio,0.00,34.91,,8/11/25 3:16 PM,8/11/25 2:51 PM
309,,CREDIT,Arturo,Arturo,0.00,5.81,,8/11/25 3:17 PM,8/11/25 3:16 PM
310,,CREDIT,Arturo,Arturo,0.00,6.04,,8/11/25 3:19 PM,8/11/25 3:17 PM
301,37,CREDIT,Esperansa,Esperansa,3.00,9.73,,8/11/25 3:22 PM,8/11/25 2:41 PM
312,1,CREDIT,Esperansa,Esperansa,2.00,16.07,,8/11/25 3:27 PM,8/11/25 3:27 PM
308,24,CREDIT,Sergio,Sergio,0.00,33.94,,8/11/25 3:32 PM,8/11/25 3:06 PM
304,32,CREDIT,Sergio,Sergio,7.32,35.68,,8/11/25 3:47 PM,8/11/25 2:49 PM
311,33,CREDIT,Esperansa,Esperansa,5.00,39.72,,8/11/25 3:52 PM,8/11/25 3:21 PM
314,7,CASH,Sergio,Sergio,0.00,16.08,,8/11/25 3:52 PM,8/11/25 3:34 PM
313,17,CREDIT,Esperansa,Esperansa,3.50,18.80,,8/11/25 3:58 PM,8/11/25 3:33 PM
315,,CASH,Arturo,Arturo,0.00,22.77,Drive Box,8/11/25 4:00 PM,8/11/25 3:57 PM
317,,CREDIT,Sergio,Sergio,5.00,10.71,,8/11/25 4:03 PM,8/11/25 4:02 PM
318,,CASH,Sergio,Sergio,0.00,8.09,,8/11/25 4:27 PM,8/11/25 4:24 PM
322,,CREDIT,Arturo,Arturo,1.00,21.17,,8/11/25 4:52 PM,8/11/25 4:52 PM
323,,CREDIT,Arturo,Arturo,0.00,9.27,,8/11/25 4:59 PM,8/11/25 4:54 PM
321,24,CREDIT,Sergio,Sergio,0.00,21.31,,8/11/25 5:07 PM,8/11/25 4:47 PM
324,,CREDIT,Lizeth,Lizeth,0.00,11.30,,8/11/25 5:09 PM,8/11/25 4:54 PM
326,,CREDIT,Arturo,Arturo,0.00,22.70,,8/11/25 5:11 PM,8/11/25 5:07 PM
327,,CASH,Arturo,Arturo,0.00,21.63,Drive Box,8/11/25 5:20 PM,8/11/25 5:08 PM
332,,CREDIT,Arturo,Arturo,0.00,36.11,,8/11/25 5:24 PM,8/11/25 5:22 PM
329,33,CREDIT,Esperansa,Esperansa,0.00,17.24,,8/11/25 5:39 PM,8/11/25 5:15 PM
325,32,CREDIT,Esperansa,Esperansa,4.00,36.41,,8/11/25 5:44 PM,8/11/25 5:00 PM
330,15,CASH,Sergio,Sergio,0.00,41.63,,8/11/25 5:54 PM,8/11/25 5:16 PM
334,23,CREDIT,Esperansa,Esperansa,6.00,9.54,,8/11/25 5:58 PM,8/11/25 5:42 PM
307,18,CASH,Esperansa,Esperansa,0.00,18.85,,8/11/25 6:00 PM,8/11/25 3:02 PM
336,,CREDIT,Arturo,Arturo,2.00,18.38,,8/11/25 6:04 PM,8/11/25 6:04 PM
302,25,CASH,Esperansa,Esperansa,0.00,31.80,,8/11/25 6:12 PM,8/11/25 2:43 PM
341,,CREDIT,Arturo,Arturo,0.00,5.39,,8/11/25 6:13 PM,8/11/25 6:12 PM
343,,CREDIT,Arturo,Arturo,1.00,10.35,,8/11/25 6:18 PM,8/11/25 6:16 PM
345,,CASH,Arturo,Arturo,0.00,5.29,Drive Box,8/11/25 6:24 PM,8/11/25 6:22 PM
346,,CREDIT,Arturo,Arturo,2.00,24.48,,8/11/25 6:26 PM,8/11/25 6:24 PM
338,18,CREDIT,Esperansa,,5.00,15.12,,8/11/25 6:30 PM,8/11/25 6:00 PM
349,24,CREDIT,Sergio,Sergio,2.00,9.73,,8/11/25 6:33 PM,8/11/25 6:33 PM
335,24,CREDIT,Sergio,,4.00,36.81,,8/11/25 6:34 PM,8/11/25 5:47 PM
344,33,CREDIT,Sergio,Sergio,3.00,31.79,,8/11/25 6:40 PM,8/11/25 6:19 PM
340,9,CASH,Sergio,Sergio,0.00,20.81,,8/11/25 6:44 PM,8/11/25 6:12 PM
342,25,CREDIT,Esperansa,Esperansa,0.00,15.14,,8/11/25 6:47 PM,8/11/25 6:13 PM
347,17,CREDIT,Esperansa,Esperansa,6.00,23.46,,8/11/25 6:48 PM,8/11/25 6:28 PM
350,,CREDIT,Arturo,Arturo,0.00,8.65,,8/11/25 6:49 PM,8/11/25 6:49 PM
337,32,CREDIT,Sergio,Sergio,3.00,26.58,,8/11/25 6:51 PM,8/11/25 5:55 PM
353,,CREDIT,Arturo,Arturo,0.00,15.31,,8/11/25 7:06 PM,8/11/25 7:05 PM
358,,CREDIT,Arturo,Arturo,0.00,30.26,,8/11/25 7:17 PM,8/11/25 7:17 PM
359,,CREDIT,Arturo,Arturo,0.00,25.77,,8/11/25 7:27 PM,8/11/25 7:20 PM
355,34,CREDIT,Esperansa,Esperansa,0.00,49.34,,8/11/25 7:37 PM,8/11/25 7:08 PM
361,,CASH,Arturo,Arturo,0.00,12.96,Drive Box,8/11/25 7:39 PM,8/11/25 7:39 PM
362,,CREDIT,Arturo,Arturo,0.00,15.11,,8/11/25 7:46 PM,8/11/25 7:45 PM
352,23,CREDIT,Sergio,Sergio,6.00,17.73,,8/11/25 7:49 PM,8/11/25 6:57 PM
357,37,CREDIT,Sergio,Sergio,10.00,46.87,,8/11/25 7:50 PM,8/11/25 7:14 PM
356,,CREDIT,Arturo,Arturo,40.00,218.65,,8/11/25 8:01 PM,8/11/25 8:00 PM
365,36,CREDIT,Sergio,Sergio,3.00,16.68,,8/11/25 8:32 PM,8/11/25 8:11 PM
364,41,CREDIT,Sergio,Sergio,0.00,62.67,,8/11/25 8:36 PM,8/11/25 8:03 PM
366,35,CREDIT,Esperansa,Esperansa,3.14,32.86,,8/11/25 8:49 PM,8/11/25 8:13 PM
368,,CREDIT,Sergio,Sergio,0.00,19.46,,8/11/25 8:49 PM,8/11/25 8:48 PM
360,7,CASH,Esperansa,Esperansa,0.00,16.66,,8/11/25 8:52 PM,8/11/25 7:19 PM
,,PAY_OUT,Arturo,,0.00,-75.00,House,8/11/25 8:59 PM,8/11/25 8:59 PM
,,TIP_OUT,Arturo,Arturo,-46.00,0.00,House,8/11/25 9:05 PM,8/11/25 9:05 PM
367,32,CREDIT,Esperansa,Esperansa,5.00,26.70,,8/11/25 9:06 PM,8/11/25 8:35 PM
,,PAY_OUT,Arturo,,0.00,-50.00,House,8/11/25 9:11 PM,8/11/25 9:11 PM
369,42,CASH,Sergio,Sergio,0.00,21.07,,8/11/25 9:13 PM,8/11/25 8:49 PM
,,CASH_COLLECTED,Sergio,Sergio,0.00,107.68*,House,8/11/25 9:16 PM,8/11/25 9:16 PM
,,TIP_OUT,Sergio,Sergio,-45.32,0.00,House,8/11/25 9:16 PM,8/11/25 9:16 PM
370,33,CASH,Esperansa,Esperansa,0.00,46.22,,8/11/25 9:28 PM,8/11/25 8:51 PM
,,CASH_COLLECTED,Esperansa,Esperansa,0.00,113.53*,House,8/11/25 9:29 PM,8/11/25 9:29 PM
,,TIP_OUT,Esperansa,Esperansa,-42.64,0.00,House,8/11/25 9:29 PM,8/11/25 9:29 PM
,,CLOSE_OUT_EXACT,Arturo,,0.00,0.00,Front Left,8/11/25 9:33 PM,8/11/25 9:33 PM
,,CLOSE_OUT_EXACT,Arturo,,0.00,0.00,Drive Box,8/11/25 9:33 PM,8/11/25 9:33 PM
,,TOTAL,,,0.00,5836.15,,,
