Location,Order #,Opened,Server,Table,Revenue Center,Discount Amount,Amount,Tax,Tip,Gratuity,Duration (Opened to Paid)
Tink-a-Tako - Potranco,1,8/11/25 6:31 AM,Candy  Del angel ,,Dining Room,0.00,10.45,0.87,0.00,0.00,00:03:54
Tink-a-Tako - Potranco,3,8/11/25 6:37 AM,Candy  Del angel ,,Dining Room,0.00,8.06,0.67,0.00,0.00,00:04:39
Tink-a-Tako - Potranco,2,8/11/25 6:37 AM,Maria Majana,,Dining Room,0.00,80.80,6.67,15.00,0.00,00:30:08
Tink-a-Tako - Potranco,4,8/11/25 6:38 AM,Candy  Del angel ,,Dining Room,0.00,19.37,1.59,0.00,0.00,00:07:08
Tink-a-Tako - Potranco,5,8/11/25 6:38 AM,Candy  Del angel ,,Dining Room,0.00,12.23,1.00,0.00,0.00,00:07:54
Tink-a-Tako - Potranco,6,8/11/25 6:42 AM,Candy  Del angel ,,Dining Room,0.00,4.88,0.41,0.00,0.00,00:06:10
Tink-a-Tako - Potranco,7,8/11/25 6:48 AM,Candy  Del angel ,,Dining Room,0.00,8.97,0.74,0.00,0.00,00:01:10
Tink-a-Tako - Potranco,8,8/11/25 6:51 AM,Candy  Del angel ,,Dining Room,0.00,10.58,0.87,0.00,0.00,00:06:45
Tink-a-Tako - Potranco,10,8/11/25 6:58 AM,Candy  Del angel ,,Dining Room,0.00,5.77,0.48,0.00,0.00,00:04:28
Tink-a-Tako - Potranco,11,8/11/25 7:05 AM,Candy  Del angel ,,Dining Room,0.00,8.96,0.74,1.00,0.00,00:01:14
Tink-a-Tako - Potranco,13,8/11/25 7:09 AM,Maria Majana,,Dining Room,0.00,4.28,0.35,0.00,0.00,04:57:22
Tink-a-Tako - Potranco,14,8/11/25 7:10 AM,Candy  Del angel ,,Dining Room,0.00,6.97,0.57,2.00,0.00,00:16:15
Tink-a-Tako - Potranco,12,8/11/25 7:08 AM,Candy  Del angel ,,Dining Room,0.00,6.48,0.54,1.00,0.00,00:10:03
Tink-a-Tako - Potranco,16,8/11/25 7:16 AM,Candy  Del angel ,,Dining Room,0.00,8.37,0.69,1.00,0.00,00:03:16
Tink-a-Tako - Potranco,17,8/11/25 7:17 AM,Candy  Del angel ,,Dining Room,0.00,30.15,2.48,3.00,0.00,00:04:24
Tink-a-Tako - Potranco,19,8/11/25 7:18 AM,Candy  Del angel ,,Dining Room,0.00,3.38,0.28,0.00,0.00,00:07:10
Tink-a-Tako - Potranco,18,8/11/25 7:18 AM,Maria Majana,37,Dining Room,0.00,11.95,0.98,5.00,0.00,00:27:32
Tink-a-Tako - Potranco,20,8/11/25 7:20 AM,Candy  Del angel ,,Dining Room,0.00,12.46,1.03,0.00,0.00,00:09:50
Tink-a-Tako - Potranco,21,8/11/25 7:24 AM,Candy  Del angel ,,Dining Room,0.00,8.06,0.66,0.00,0.00,00:07:49
Tink-a-Tako - Potranco,22,8/11/25 7:26 AM,Maria Majana,,Dining Room,0.00,18.13,1.50,0.00,0.00,00:01:15
Tink-a-Tako - Potranco,25,8/11/25 7:32 AM,Candy  Del angel ,,Dining Room,0.00,10.00,0.82,0.00,0.00,00:00:23
Tink-a-Tako - Potranco,26,8/11/25 7:32 AM,Candy  Del angel ,,Dining Room,0.00,9.27,0.76,0.00,0.00,00:01:41
Tink-a-Tako - Potranco,27,8/11/25 7:35 AM,Candy  Del angel ,,Dining Room,0.00,16.96,1.39,1.00,0.00,00:03:04
Tink-a-Tako - Potranco,28,8/11/25 7:39 AM,Candy  Del angel ,,Dining Room,0.00,3.98,0.33,0.00,0.00,00:01:44
Tink-a-Tako - Potranco,30,8/11/25 7:41 AM,Candy  Del angel ,,Dining Room,0.00,13.64,1.12,0.00,0.00,00:00:41
Tink-a-Tako - Potranco,29,8/11/25 7:41 AM,Maria Majana,,Dining Room,0.00,11.34,0.93,2.00,0.00,00:10:17
Tink-a-Tako - Potranco,31,8/11/25 7:42 AM,Maria Majana,,Dining Room,0.00,10.99,0.91,0.00,0.00,04:25:18
Tink-a-Tako - Potranco,32,8/11/25 7:42 AM,Candy  Del angel ,,Dining Room,0.00,6.87,0.57,0.00,0.00,00:04:51
Tink-a-Tako - Potranco,34,8/11/25 7:46 AM,Candy  Del angel ,,Dining Room,0.00,3.98,0.33,0.00,0.00,00:03:31
Tink-a-Tako - Potranco,33,8/11/25 7:46 AM,Maria Majana,32,Dining Room,0.00,17.02,1.41,0.00,0.00,00:27:36
Tink-a-Tako - Potranco,35,8/11/25 7:49 AM,Candy  Del angel ,,Dining Room,0.00,4.98,0.41,0.00,0.00,00:01:57
Tink-a-Tako - Potranco,36,8/11/25 7:49 AM,Maria Majana,24,Dining Room,0.00,41.84,3.45,0.00,0.00,00:32:37
Tink-a-Tako - Potranco,37,8/11/25 7:51 AM,Candy  Del angel ,,Dining Room,0.00,7.96,0.66,0.00,0.00,00:03:52
Tink-a-Tako - Potranco,38,8/11/25 7:51 AM,Candy  Del angel ,,Dining Room,0.00,7.76,0.63,2.00,0.00,00:04:33
Tink-a-Tako - Potranco,39,8/11/25 7:52 AM,Maria Majana,,Dining Room,0.00,6.18,0.51,1.00,0.00,00:00:22
Tink-a-Tako - Potranco,40,8/11/25 7:52 AM,Candy  Del angel ,,Dining Room,0.00,3.98,0.33,0.00,0.00,00:05:30
Tink-a-Tako - Potranco,43,8/11/25 7:53 AM,Candy  Del angel ,,Dining Room,0.00,1.99,0.16,0.00,0.00,00:06:30
Tink-a-Tako - Potranco,45,8/11/25 7:55 AM,Candy  Del angel ,,Dining Room,0.00,14.14,1.17,4.00,0.00,00:05:06
Tink-a-Tako - Potranco,46,8/11/25 7:55 AM,Maria Majana,9,Dining Room,0.00,32.92,2.71,0.00,0.00,00:42:27
Tink-a-Tako - Potranco,44,8/11/25 7:53 AM,Candy  Del angel ,,Dining Room,0.00,3.98,0.32,0.00,0.00,00:08:34
Tink-a-Tako - Potranco,48,8/11/25 7:59 AM,Candy  Del angel ,,Dining Room,0.00,8.77,0.72,0.00,0.00,00:04:55
Tink-a-Tako - Potranco,50,8/11/25 7:59 AM,Maria Majana,33,Dining Room,0.00,26.87,2.22,4.00,0.00,00:23:20
Tink-a-Tako - Potranco,51,8/11/25 8:00 AM,Candy  Del angel ,,Dining Room,0.00,6.78,0.56,0.00,0.00,00:04:14
Tink-a-Tako - Potranco,52,8/11/25 8:02 AM,Candy  Del angel ,,Dining Room,0.00,11.77,0.97,0.00,0.00,00:03:34
Tink-a-Tako - Potranco,54,8/11/25 8:06 AM,Silvia Hernandez,7,Dining Room,0.00,25.96,2.14,5.19,0.00,00:32:14
Tink-a-Tako - Potranco,53,8/11/25 8:05 AM,Maria Majana,25,Dining Room,0.00,35.14,2.91,13.84,0.00,00:51:34
Tink-a-Tako - Potranco,47,8/11/25 7:56 AM,Candy  Del angel ,,Dining Room,0.00,6.24,0.51,3.00,0.00,00:11:36
Tink-a-Tako - Potranco,55,8/11/25 8:07 AM,Rosa Compean,26,Dining Room,0.00,14.97,1.24,0.00,0.00,00:31:11
Tink-a-Tako - Potranco,57,8/11/25 8:08 AM,Rosa Compean,,Dining Room,0.00,3.78,0.31,0.00,0.00,00:00:31
Tink-a-Tako - Potranco,58,8/11/25 8:08 AM,Candy  Del angel ,,Dining Room,0.00,16.44,1.35,0.00,0.00,00:06:47
Tink-a-Tako - Potranco,59,8/11/25 8:09 AM,Maria Majana,,Dining Room,0.00,22.71,1.88,3.00,0.00,00:09:58
Tink-a-Tako - Potranco,61,8/11/25 8:10 AM,Silvia Hernandez,,Dining Room,0.00,19.37,1.60,0.00,0.00,00:27:03
Tink-a-Tako - Potranco,62,8/11/25 8:12 AM,Candy  Del angel ,,Dining Room,3.58,17.33,1.44,0.00,0.00,00:07:35
Tink-a-Tako - Potranco,56,8/11/25 8:07 AM,Candy  Del angel ,,Dining Room,0.00,3.98,0.33,0.00,0.00,00:12:35
Tink-a-Tako - Potranco,66,8/11/25 8:13 AM,Candy  Del angel ,,Dining Room,0.00,22.76,1.88,0.00,0.00,00:09:35
Tink-a-Tako - Potranco,67,8/11/25 8:15 AM,Rosa Compean,42,Dining Room,0.00,34.21,2.82,4.00,0.00,00:29:48
Tink-a-Tako - Potranco,68,8/11/25 8:15 AM,Maria Majana,23,Dining Room,0.00,33.55,2.76,5.03,0.00,00:47:40
Tink-a-Tako - Potranco,64,8/11/25 8:13 AM,Candy  Del angel ,,Dining Room,0.00,8.86,0.73,0.00,0.00,00:14:13
Tink-a-Tako - Potranco,70,8/11/25 8:20 AM,Candy  Del angel ,,Dining Room,0.00,3.98,0.33,0.00,0.00,00:07:41
Tink-a-Tako - Potranco,71,8/11/25 8:23 AM,Candy  Del angel ,,Dining Room,0.00,5.97,0.49,2.00,0.00,00:06:09
Tink-a-Tako - Potranco,73,8/11/25 8:24 AM,Rosa Compean,18,Dining Room,0.00,17.71,1.46,0.00,0.00,00:40:10
Tink-a-Tako - Potranco,75,8/11/25 8:25 AM,Giselle Cisneross,,Dining Room,0.00,7.86,0.65,0.00,0.00,00:00:58
Tink-a-Tako - Potranco,74,8/11/25 8:25 AM,Maria Majana,35,Dining Room,2.10,21.44,1.77,5.00,0.00,00:23:07
Tink-a-Tako - Potranco,77,8/11/25 8:28 AM,Candy  Del angel ,,Dining Room,0.00,9.97,0.82,0.00,0.00,00:02:31
Tink-a-Tako - Potranco,79,8/11/25 8:30 AM,Candy  Del angel ,,Dining Room,0.00,44.60,3.68,0.00,0.00,00:03:26
Tink-a-Tako - Potranco,80,8/11/25 8:33 AM,Silvia Hernandez,38,Dining Room,0.00,20.24,1.67,0.00,0.00,00:40:48
Tink-a-Tako - Potranco,81,8/11/25 8:33 AM,Silvia Hernandez,39,Dining Room,0.00,7.38,0.61,0.00,0.00,00:12:26
Tink-a-Tako - Potranco,82,8/11/25 8:34 AM,Candy  Del angel ,,Dining Room,0.00,4.28,0.35,0.00,0.00,00:03:55
Tink-a-Tako - Potranco,84,8/11/25 8:34 AM,Candy  Del angel ,,Dining Room,0.00,5.98,0.49,0.00,0.00,00:06:11
Tink-a-Tako - Potranco,85,8/11/25 8:38 AM,Candy  Del angel ,,Dining Room,0.00,7.43,0.61,0.00,0.00,00:03:26
Tink-a-Tako - Potranco,86,8/11/25 8:39 AM,Giselle Cisneross,,Dining Room,0.00,15.54,1.29,0.00,0.00,00:20:52
Tink-a-Tako - Potranco,88,8/11/25 8:40 AM,Rosa Compean,20,Dining Room,2.46,31.07,2.58,7.00,0.00,00:21:11
Tink-a-Tako - Potranco,89,8/11/25 8:41 AM,Giselle Cisneross,,Dining Room,0.00,7.18,0.59,0.00,0.00,00:01:54
Tink-a-Tako - Potranco,90,8/11/25 8:42 AM,Candy  Del angel ,,Dining Room,0.00,4.98,0.41,0.00,0.00,00:01:34
Tink-a-Tako - Potranco,91,8/11/25 8:44 AM,Maria Majana,9,Dining Room,0.00,25.10,2.06,4.00,0.00,00:36:44
Tink-a-Tako - Potranco,92,8/11/25 8:45 AM,Candy  Del angel ,,Dining Room,0.00,7.27,0.60,0.00,0.00,00:01:33
Tink-a-Tako - Potranco,93,8/11/25 8:45 AM,Giselle Cisneross,,Dining Room,0.00,9.86,0.81,2.00,0.00,00:00:33
Tink-a-Tako - Potranco,95,8/11/25 8:45 AM,Silvia Hernandez,22,Dining Room,0.00,14.04,1.16,0.00,0.00,00:18:37
Tink-a-Tako - Potranco,96,8/11/25 8:46 AM,Giselle Cisneross,,Dining Room,6.13,6.14,0.50,0.00,0.00,00:03:00
Tink-a-Tako - Potranco,97,8/11/25 8:46 AM,Candy  Del angel ,,Dining Room,0.00,52.65,4.35,0.00,0.00,00:03:52
Tink-a-Tako - Potranco,98,8/11/25 8:48 AM,Rosa Compean,32,Dining Room,1.99,15.92,1.30,7.00,0.00,00:17:00
Tink-a-Tako - Potranco,99,8/11/25 8:49 AM,Candy  Del angel ,,Dining Room,0.00,1.79,0.15,0.00,0.00,00:06:21
Tink-a-Tako - Potranco,100,8/11/25 8:50 AM,Candy  Del angel ,,Dining Room,0.00,17.35,1.43,0.00,0.00,00:06:43
Tink-a-Tako - Potranco,76,8/11/25 8:28 AM,Candy  Del angel ,,Dining Room,0.00,11.76,0.97,0.00,0.00,00:31:21
Tink-a-Tako - Potranco,101,8/11/25 8:51 AM,Candy  Del angel ,,Dining Room,0.00,2.99,0.25,0.00,0.00,00:09:29
Tink-a-Tako - Potranco,102,8/11/25 8:56 AM,Candy  Del angel ,,Dining Room,0.00,12.42,1.02,0.00,0.00,00:05:05
Tink-a-Tako - Potranco,103,8/11/25 9:00 AM,Candy  Del angel ,,Dining Room,0.00,23.16,1.91,2.00,0.00,00:03:34
Tink-a-Tako - Potranco,105,8/11/25 9:00 AM,Candy  Del angel ,,Dining Room,0.00,4.94,0.40,0.00,0.00,00:03:47
Tink-a-Tako - Potranco,104,8/11/25 9:00 AM,Maria Majana,25,Dining Room,0.00,76.42,6.30,0.00,0.00,03:03:06
Tink-a-Tako - Potranco,107,8/11/25 9:03 AM,Candy  Del angel ,,Dining Room,0.00,14.56,1.20,0.00,0.00,00:06:04
Tink-a-Tako - Potranco,106,8/11/25 9:03 AM,Rosa Compean,33,Dining Room,0.00,30.43,2.50,0.00,0.00,00:33:12
Tink-a-Tako - Potranco,109,8/11/25 9:05 AM,Arturo Rangel,,Dining Room,14.44,0.00,0.00,0.00,0.00,04:51:43
Tink-a-Tako - Potranco,110,8/11/25 9:06 AM,Giselle Cisneross,,Dining Room,0.00,10.96,0.90,0.00,0.00,00:07:56
Tink-a-Tako - Potranco,108,8/11/25 9:05 AM,Rosa Compean,24,Dining Room,0.00,18.04,1.50,3.00,0.00,00:47:53
Tink-a-Tako - Potranco,111,8/11/25 9:07 AM,Candy  Del angel ,,Dining Room,0.00,9.38,0.77,0.00,0.00,00:05:20
Tink-a-Tako - Potranco,114,8/11/25 9:08 AM,Candy  Del angel ,,Dining Room,0.00,2.49,0.20,0.00,0.00,00:05:39
Tink-a-Tako - Potranco,113,8/11/25 9:07 AM,Silvia Hernandez,7,Dining Room,0.00,12.97,1.08,8.00,0.00,00:21:58
Tink-a-Tako - Potranco,115,8/11/25 9:09 AM,Giselle Cisneross,,Dining Room,0.00,8.99,0.74,0.00,0.00,00:02:11
Tink-a-Tako - Potranco,116,8/11/25 9:10 AM,Maria Majana,37,Dining Room,0.00,39.32,3.24,0.00,0.00,01:24:01
Tink-a-Tako - Potranco,118,8/11/25 9:11 AM,Candy  Del angel ,,Dining Room,0.00,10.26,0.85,0.00,0.00,00:02:18
Tink-a-Tako - Potranco,120,8/11/25 9:13 AM,Candy  Del angel ,,Dining Room,0.00,3.58,0.30,0.00,0.00,00:10:38
Tink-a-Tako - Potranco,119,8/11/25 9:12 AM,Rosa Compean,15,Dining Room,4.20,58.67,4.84,12.32,0.00,01:26:36
Tink-a-Tako - Potranco,121,8/11/25 9:14 AM,Silvia Hernandez,38,Dining Room,0.00,22.55,1.86,0.00,0.00,00:39:15
Tink-a-Tako - Potranco,122,8/11/25 9:19 AM,Giselle Cisneross,,Dining Room,0.00,3.98,0.33,1.69,0.00,00:00:19
Tink-a-Tako - Potranco,123,8/11/25 9:22 AM,Candy  Del angel ,,Dining Room,0.00,1.99,0.16,0.00,0.00,00:02:28
Tink-a-Tako - Potranco,125,8/11/25 9:23 AM,Candy  Del angel ,,Dining Room,0.00,5.78,0.48,0.00,0.00,00:01:33
Tink-a-Tako - Potranco,126,8/11/25 9:25 AM,Maria Majana,23,Dining Room,0.00,20.82,1.72,0.00,0.00,00:42:54
Tink-a-Tako - Potranco,128,8/11/25 9:30 AM,Candy  Del angel ,,Dining Room,0.00,6.22,0.51,0.00,0.00,00:01:22
Tink-a-Tako - Potranco,129,8/11/25 9:33 AM,Silvia Hernandez,41,Dining Room,0.00,26.79,2.21,0.00,0.00,00:54:41
Tink-a-Tako - Potranco,131,8/11/25 9:34 AM,Candy  Del angel ,,Dining Room,0.00,9.02,0.74,0.00,0.00,00:03:48
Tink-a-Tako - Potranco,130,8/11/25 9:33 AM,Rosa Compean,42,Dining Room,0.00,27.17,2.23,3.60,0.00,00:19:34
Tink-a-Tako - Potranco,124,8/11/25 9:22 AM,Candy  Del angel ,,Dining Room,0.00,12.65,1.04,0.00,0.00,00:17:44
Tink-a-Tako - Potranco,134,8/11/25 9:37 AM,Candy  Del angel ,,Dining Room,0.00,4.58,0.38,0.00,0.00,00:04:10
Tink-a-Tako - Potranco,135,8/11/25 9:38 AM,Rosa Compean,31,Dining Room,0.00,67.38,5.56,2.00,0.00,00:46:00
Tink-a-Tako - Potranco,136,8/11/25 9:40 AM,Maria Majana,11,Dining Room,0.00,17.37,1.43,0.00,0.00,00:36:19
Tink-a-Tako - Potranco,137,8/11/25 9:41 AM,Candy  Del angel ,,Dining Room,0.00,9.98,0.82,2.00,0.00,00:06:41
Tink-a-Tako - Potranco,138,8/11/25 9:41 AM,Candy  Del angel ,,Dining Room,0.00,6.98,0.58,0.00,0.00,00:00:28
Tink-a-Tako - Potranco,139,8/11/25 9:42 AM,Candy  Del angel ,,Dining Room,0.00,5.08,0.42,0.00,0.00,00:07:33
Tink-a-Tako - Potranco,140,8/11/25 9:43 AM,Candy  Del angel ,,Dining Room,0.00,12.36,1.01,0.00,0.00,00:07:55
Tink-a-Tako - Potranco,141,8/11/25 9:47 AM,Silvia Hernandez,25,Dining Room,0.00,25.96,2.15,0.00,0.00,01:04:08
Tink-a-Tako - Potranco,143,8/11/25 9:48 AM,Candy  Del angel ,,Dining Room,0.00,13.47,1.11,0.00,0.00,00:03:25
Tink-a-Tako - Potranco,144,8/11/25 9:49 AM,Candy  Del angel ,,Dining Room,0.00,10.17,0.84,0.00,0.00,00:04:18
Tink-a-Tako - Potranco,142,8/11/25 9:48 AM,Maria Majana,32,Dining Room,0.00,36.62,3.01,5.49,0.00,00:31:57
Tink-a-Tako - Potranco,145,8/11/25 9:50 AM,Candy  Del angel ,,Dining Room,0.00,10.61,0.86,0.00,0.00,00:05:25
Tink-a-Tako - Potranco,146,8/11/25 9:51 AM,Rosa Compean,18,Dining Room,0.00,22.67,1.86,5.00,0.00,00:47:48
Tink-a-Tako - Potranco,147,8/11/25 9:55 AM,Candy  Del angel ,,Dining Room,0.00,3.58,0.30,0.00,0.00,00:01:52
Tink-a-Tako - Potranco,148,8/11/25 9:55 AM,Rosa Compean,33,Dining Room,1.85,23.07,1.90,6.00,0.00,00:31:07
Tink-a-Tako - Potranco,150,8/11/25 9:55 AM,Candy  Del angel ,,Dining Room,0.00,3.98,0.33,0.00,0.00,00:03:39
Tink-a-Tako - Potranco,149,8/11/25 9:55 AM,Silvia Hernandez,17,Dining Room,0.00,31.19,2.58,0.00,0.00,02:14:12
Tink-a-Tako - Potranco,151,8/11/25 10:00 AM,Candy  Del angel ,,Dining Room,0.00,13.94,1.14,0.00,0.00,00:02:36
Tink-a-Tako - Potranco,154,8/11/25 10:03 AM,Candy  Del angel ,,Dining Room,0.00,17.56,1.45,0.00,0.00,00:03:28
Tink-a-Tako - Potranco,153,8/11/25 10:02 AM,Rosa Compean,7,Dining Room,0.00,30.68,2.52,0.00,0.00,00:38:47
Tink-a-Tako - Potranco,156,8/11/25 10:04 AM,Candy  Del angel ,,Dining Room,0.00,8.78,0.72,0.00,0.00,00:04:07
Tink-a-Tako - Potranco,157,8/11/25 10:04 AM,Candy  Del angel ,,Dining Room,0.00,5.39,0.44,0.00,0.00,00:05:07
Tink-a-Tako - Potranco,158,8/11/25 10:06 AM,Candy  Del angel ,,Dining Room,0.00,7.36,0.60,2.00,0.00,00:06:13
Tink-a-Tako - Potranco,159,8/11/25 10:06 AM,Candy  Del angel ,,Dining Room,0.00,9.35,0.76,0.00,0.00,00:07:13
Tink-a-Tako - Potranco,160,8/11/25 10:10 AM,Candy  Del angel ,,Dining Room,0.00,22.65,1.87,0.00,0.00,00:04:58
Tink-a-Tako - Potranco,161,8/11/25 10:12 AM,Candy  Del angel ,,Dining Room,0.00,13.36,1.10,0.00,0.00,00:07:28
Tink-a-Tako - Potranco,163,8/11/25 10:13 AM,Silvia Hernandez,,Dining Room,0.00,5.97,0.49,0.00,0.00,00:00:24
Tink-a-Tako - Potranco,165,8/11/25 10:15 AM,Candy  Del angel ,,Dining Room,0.00,10.00,0.82,0.00,0.00,00:05:35
Tink-a-Tako - Potranco,166,8/11/25 10:18 AM,Giselle Cisneross,,Dining Room,0.00,30.73,2.53,0.00,0.00,00:00:47
Tink-a-Tako - Potranco,171,8/11/25 10:24 AM,Rosa Compean,24,Dining Room,1.74,19.32,1.59,5.00,0.00,00:36:27
Tink-a-Tako - Potranco,172,8/11/25 10:28 AM,Silvia Hernandez,9,Dining Room,0.00,35.20,2.89,6.00,0.00,00:21:54
Tink-a-Tako - Potranco,174,8/11/25 10:32 AM,Silvia Hernandez,32,Dining Room,0.00,11.47,0.95,0.00,0.00,00:29:04
Tink-a-Tako - Potranco,170,8/11/25 10:20 AM,Candy  Del angel ,,Dining Room,0.00,4.18,0.35,3.00,0.00,00:12:41
Tink-a-Tako - Potranco,175,8/11/25 10:33 AM,Candy  Del angel ,,Dining Room,0.00,11.16,0.92,0.00,0.00,00:19:55
Tink-a-Tako - Potranco,178,8/11/25 10:34 AM,Candy  Del angel ,,Dining Room,0.00,10.98,0.91,0.00,0.00,00:01:06
Tink-a-Tako - Potranco,179,8/11/25 10:41 AM,Rosa Compean,38,Dining Room,0.00,12.99,1.07,3.00,0.00,00:27:35
Tink-a-Tako - Potranco,180,8/11/25 10:42 AM,Candy  Del angel ,,Dining Room,0.00,16.06,1.33,0.00,0.00,00:02:58
Tink-a-Tako - Potranco,133,8/11/25 9:36 AM,Candy  Del angel ,,Dining Room,0.00,3.78,0.31,0.00,0.00,01:09:47
Tink-a-Tako - Potranco,183,8/11/25 10:45 AM,Candy  Del angel ,,Dining Room,0.00,3.45,0.28,0.00,0.00,00:00:28
Tink-a-Tako - Potranco,184,8/11/25 10:48 AM,Silvia Hernandez,33,Dining Room,0.00,15.77,1.30,3.15,0.00,00:25:38
Tink-a-Tako - Potranco,185,8/11/25 10:51 AM,Maria Majana,7,Dining Room,0.00,51.29,4.24,0.00,0.00,00:52:04
Tink-a-Tako - Potranco,186,8/11/25 10:52 AM,Candy  Del angel ,,Dining Room,0.00,8.97,0.74,0.00,0.00,00:01:32
Tink-a-Tako - Potranco,187,8/11/25 10:52 AM,Rosa Compean,18,Dining Room,0.00,16.14,1.31,0.00,0.00,00:29:20
Tink-a-Tako - Potranco,189,8/11/25 10:55 AM,Giselle Cisneross,,Dining Room,0.00,12.99,1.07,1.00,0.00,00:01:42
Tink-a-Tako - Potranco,190,8/11/25 10:58 AM,Candy  Del angel ,,Dining Room,0.00,8.93,0.74,0.00,0.00,00:00:56
Tink-a-Tako - Potranco,188,8/11/25 10:54 AM,Silvia Hernandez,23,Dining Room,1.02,22.79,1.88,0.00,0.00,00:35:23
Tink-a-Tako - Potranco,192,8/11/25 11:01 AM,Rosa Compean,2,Dining Room,0.00,39.18,3.24,7.00,0.00,00:34:40
Tink-a-Tako - Potranco,191,8/11/25 10:59 AM,Candy  Del angel ,,Dining Room,0.00,10.97,0.89,0.00,0.00,00:09:33
Tink-a-Tako - Potranco,193,8/11/25 11:14 AM,Candy  Del angel ,,Dining Room,0.00,9.26,0.76,0.00,0.00,00:02:07
Tink-a-Tako - Potranco,182,8/11/25 10:44 AM,Candy  Del angel ,,Dining Room,0.00,3.58,0.30,0.00,0.00,00:37:49
Tink-a-Tako - Potranco,195,8/11/25 11:18 AM,Candy  Del angel ,,Dining Room,0.00,14.98,1.23,2.00,0.00,00:04:22
Tink-a-Tako - Potranco,197,8/11/25 11:20 AM,Rosa Compean,11,Dining Room,0.00,51.18,4.21,7.00,0.00,00:36:31
Tink-a-Tako - Potranco,198,8/11/25 11:28 AM,Candy  Del angel ,,Dining Room,0.00,9.28,0.77,0.00,0.00,00:00:47
Tink-a-Tako - Potranco,199,8/11/25 11:29 AM,Candy  Del angel ,,Dining Room,0.00,13.98,1.15,0.00,0.00,00:04:18
Tink-a-Tako - Potranco,196,8/11/25 11:20 AM,Candy  Del angel ,,Dining Room,0.00,8.27,0.68,0.00,0.00,00:20:00
Tink-a-Tako - Potranco,201,8/11/25 11:31 AM,Candy  Del angel ,,Dining Room,0.00,5.98,0.49,0.00,0.00,00:09:36
Tink-a-Tako - Potranco,203,8/11/25 11:33 AM,Candy  Del angel ,,Dining Room,0.00,9.24,0.76,0.00,0.00,00:08:46
Tink-a-Tako - Potranco,205,8/11/25 11:37 AM,Giselle Cisneross,,Dining Room,0.00,13.47,1.11,0.00,0.00,00:00:36
Tink-a-Tako - Potranco,207,8/11/25 11:38 AM,Maria Majana,,Dining Room,0.00,11.97,0.99,0.00,0.00,00:18:39
Tink-a-Tako - Potranco,208,8/11/25 11:39 AM,Rosa Compean,36,Dining Room,0.00,8.23,0.67,0.00,0.00,00:23:25
Tink-a-Tako - Potranco,209,8/11/25 11:40 AM,Rosa Compean,32,Dining Room,0.00,46.21,3.82,0.00,0.00,00:32:44
Tink-a-Tako - Potranco,210,8/11/25 11:40 AM,Candy  Del angel ,,Dining Room,0.00,8.98,0.74,0.00,0.00,00:02:31
Tink-a-Tako - Potranco,211,8/11/25 11:42 AM,Candy  Del angel ,,Dining Room,0.00,4.23,0.35,0.00,0.00,00:04:02
Tink-a-Tako - Potranco,213,8/11/25 11:43 AM,Candy  Del angel ,,Dining Room,0.00,7.48,0.61,0.00,0.00,00:03:50
Tink-a-Tako - Potranco,212,8/11/25 11:43 AM,Silvia Hernandez,17,Dining Room,0.00,33.11,2.72,6.62,0.00,00:38:57
Tink-a-Tako - Potranco,206,8/11/25 11:38 AM,Candy  Del angel ,,Dining Room,0.00,9.87,0.81,0.00,0.00,00:14:02
Tink-a-Tako - Potranco,215,8/11/25 11:44 AM,Candy  Del angel ,,Dining Room,0.00,2.99,0.25,0.00,0.00,00:10:25
Tink-a-Tako - Potranco,217,8/11/25 11:49 AM,Candy  Del angel ,,Dining Room,0.00,12.17,1.01,11.82,0.00,00:06:16
Tink-a-Tako - Potranco,219,8/11/25 11:51 AM,Candy  Del angel ,,Dining Room,0.00,6.38,0.52,0.00,0.00,00:05:41
Tink-a-Tako - Potranco,220,8/11/25 11:51 AM,Maria Majana,38,Dining Room,1.33,15.63,1.29,6.00,0.00,00:39:31
Tink-a-Tako - Potranco,221,8/11/25 11:55 AM,Silvia Hernandez,33,Dining Room,0.00,22.18,1.82,3.00,0.00,00:27:40
Tink-a-Tako - Potranco,222,8/11/25 11:55 AM,Candy  Del angel ,,Dining Room,0.00,22.98,1.90,0.00,0.00,00:03:06
Tink-a-Tako - Potranco,223,8/11/25 11:56 AM,Rosa Compean,24,Dining Room,0.00,17.68,1.45,3.00,0.00,00:44:13
Tink-a-Tako - Potranco,224,8/11/25 11:56 AM,Rosa Compean,20,Dining Room,0.00,14.49,1.20,3.00,0.00,00:28:46
Tink-a-Tako - Potranco,225,8/11/25 11:57 AM,Candy  Del angel ,,Dining Room,0.00,3.99,0.33,0.00,0.00,00:00:13
Tink-a-Tako - Potranco,226,8/11/25 11:58 AM,Silvia Hernandez,18,Dining Room,0.00,21.67,1.78,0.00,0.00,00:36:20
Tink-a-Tako - Potranco,228,8/11/25 12:03 PM,Rosa Compean,42,Dining Room,0.00,41.56,3.41,10.00,0.00,00:48:23
Tink-a-Tako - Potranco,229,8/11/25 12:05 PM,Candy  Del angel ,,Dining Room,0.00,32.97,2.72,0.00,0.00,00:20:21
Tink-a-Tako - Potranco,227,8/11/25 11:59 AM,Maria Majana,3,Dining Room,0.00,48.29,3.96,8.00,0.00,01:12:11
Tink-a-Tako - Potranco,218,8/11/25 11:49 AM,Candy  Del angel ,,Dining Room,0.00,25.19,2.07,0.00,0.00,00:19:42
Tink-a-Tako - Potranco,232,8/11/25 12:08 PM,Silvia Hernandez,7,Dining Room,0.00,23.66,1.95,5.00,0.00,00:35:25
Tink-a-Tako - Potranco,231,8/11/25 12:07 PM,Maria Majana,9,Dining Room,0.00,18.23,1.50,5.00,0.00,00:43:10
Tink-a-Tako - Potranco,233,8/11/25 12:10 PM,Candy  Del angel ,,Dining Room,0.00,8.47,0.70,3.00,0.00,00:07:13
Tink-a-Tako - Potranco,235,8/11/25 12:12 PM,Silvia Hernandez,25,Dining Room,0.00,17.69,1.45,6.00,0.00,00:23:09
Tink-a-Tako - Potranco,234,8/11/25 12:10 PM,Candy  Del angel ,,Dining Room,0.00,19.91,1.63,0.00,0.00,00:07:58
Tink-a-Tako - Potranco,237,8/11/25 12:13 PM,Rosa Compean,37,Dining Room,0.00,17.95,1.48,10.00,0.00,00:40:34
Tink-a-Tako - Potranco,236,8/11/25 12:13 PM,Maria Majana,39,Dining Room,0.00,34.38,2.83,5.00,0.00,00:57:27
Tink-a-Tako - Potranco,238,8/11/25 12:17 PM,Candy  Del angel ,,Dining Room,2.60,23.38,1.92,0.00,0.00,00:02:47
Tink-a-Tako - Potranco,240,8/11/25 12:19 PM,Silvia Hernandez,26,Dining Room,0.00,7.77,0.64,0.00,0.00,00:23:05
Tink-a-Tako - Potranco,241,8/11/25 12:22 PM,Candy  Del angel ,,Dining Room,0.00,19.87,1.64,2.00,0.00,00:07:46
Tink-a-Tako - Potranco,242,8/11/25 12:25 PM,Rosa Compean,32,Dining Room,0.00,31.71,2.62,7.00,0.00,00:34:07
Tink-a-Tako - Potranco,243,8/11/25 12:25 PM,Giselle Cisneross,,Dining Room,0.00,31.98,2.64,3.00,0.00,00:12:03
Tink-a-Tako - Potranco,244,8/11/25 12:30 PM,Giselle Cisneross,,Dining Room,0.00,9.47,0.78,0.00,0.00,00:00:22
Tink-a-Tako - Potranco,247,8/11/25 12:33 PM,Candy  Del angel ,,Dining Room,0.00,20.15,1.66,0.00,0.00,00:05:35
Tink-a-Tako - Potranco,248,8/11/25 12:33 PM,Candy  Del angel ,,Dining Room,0.00,3.45,0.28,0.00,0.00,00:00:32
Tink-a-Tako - Potranco,245,8/11/25 12:31 PM,Maria Majana,11,Dining Room,0.00,13.88,1.14,0.00,0.00,00:56:52
Tink-a-Tako - Potranco,246,8/11/25 12:32 PM,Giselle Cisneross,,Dining Room,0.00,0.00,0.00,0.00,0.00,00:04:50
Tink-a-Tako - Potranco,249,8/11/25 12:38 PM,Rosa Compean,17,Dining Room,0.00,26.67,2.20,5.00,0.00,00:35:32
Tink-a-Tako - Potranco,250,8/11/25 12:38 PM,Rosa Compean,18,Dining Room,0.00,19.55,1.62,0.00,0.00,00:40:22
Tink-a-Tako - Potranco,251,8/11/25 12:38 PM,Candy  Del angel ,,Dining Room,0.00,10.99,0.91,0.00,0.00,00:01:10
Tink-a-Tako - Potranco,252,8/11/25 12:39 PM,Rosa Compean,33,Dining Room,0.00,49.60,4.08,0.00,0.00,00:39:59
Tink-a-Tako - Potranco,254,8/11/25 12:42 PM,Silvia Hernandez,23,Dining Room,0.00,33.96,2.80,0.00,0.00,01:09:06
Tink-a-Tako - Potranco,230,8/11/25 12:07 PM,Candy  Del angel ,,Dining Room,0.00,4.28,0.36,0.00,0.00,00:38:43
Tink-a-Tako - Potranco,257,8/11/25 12:48 PM,Arturo Rangel,,Dining Room,0.00,12.64,1.05,0.00,0.00,00:02:19
Tink-a-Tako - Potranco,258,8/11/25 12:50 PM,Rosa Compean,38,Dining Room,0.00,27.21,2.26,0.00,0.00,00:38:22
Tink-a-Tako - Potranco,260,8/11/25 12:53 PM,Arturo Rangel,,Dining Room,0.00,2.79,0.23,0.00,0.00,00:02:47
Tink-a-Tako - Potranco,261,8/11/25 12:54 PM,Silvia Hernandez,25,Dining Room,0.00,41.98,3.45,0.00,0.00,00:44:26
Tink-a-Tako - Potranco,262,8/11/25 1:01 PM,Arturo Rangel,,Dining Room,0.00,11.49,0.95,0.00,0.00,00:01:10
Tink-a-Tako - Potranco,263,8/11/25 1:03 PM,Arturo Rangel,,Dining Room,0.00,10.36,0.86,0.00,0.00,00:02:38
Tink-a-Tako - Potranco,266,8/11/25 1:05 PM,Rosa Compean,24,Dining Room,2.60,35.56,2.94,5.00,0.00,00:26:07
Tink-a-Tako - Potranco,265,8/11/25 1:04 PM,Maria Majana,7,Dining Room,0.00,35.37,2.90,0.00,0.00,00:23:35
Tink-a-Tako - Potranco,268,8/11/25 1:08 PM,Silvia Hernandez,32,Dining Room,0.00,29.32,2.41,0.00,0.00,00:37:34
Tink-a-Tako - Potranco,267,8/11/25 1:07 PM,Arturo Rangel,,Dining Room,0.00,0.00,0.00,0.00,0.00,07:57:30
Tink-a-Tako - Potranco,270,8/11/25 1:08 PM,Arturo Rangel,,Dining Room,0.00,14.37,1.18,0.00,0.00,00:01:58
Tink-a-Tako - Potranco,272,8/11/25 1:10 PM,Giselle Cisneross,,Dining Room,0.00,8.99,0.74,0.00,0.00,00:01:19
Tink-a-Tako - Potranco,273,8/11/25 1:14 PM,Maria Majana,9,Dining Room,0.00,19.69,1.62,3.94,0.00,00:30:21
Tink-a-Tako - Potranco,274,8/11/25 1:18 PM,Arturo Rangel,,Dining Room,0.00,4.98,0.41,0.00,0.00,00:01:15
Tink-a-Tako - Potranco,275,8/11/25 1:19 PM,Arturo Rangel,,Dining Room,0.00,6.27,0.51,0.00,0.00,00:01:56
Tink-a-Tako - Potranco,276,8/11/25 1:24 PM,Giselle Cisneross,,Dining Room,0.00,9.68,0.80,0.00,0.00,00:00:17
Tink-a-Tako - Potranco,277,8/11/25 1:25 PM,Arturo Rangel,,None,0.00,17.74,1.45,0.00,0.00,00:04:16
Tink-a-Tako - Potranco,278,8/11/25 1:27 PM,Arturo Rangel,,None,0.00,8.37,0.69,0.00,0.00,00:05:22
Tink-a-Tako - Potranco,280,8/11/25 1:28 PM,Rosa Compean,3,Dining Room,0.00,30.67,2.53,4.60,0.00,00:52:05
Tink-a-Tako - Potranco,282,8/11/25 1:30 PM,Arturo Rangel,,Dining Room,0.00,36.57,3.01,0.00,0.00,00:03:43
Tink-a-Tako - Potranco,283,8/11/25 1:36 PM,Arturo Rangel,,None,0.00,9.99,0.82,0.00,0.00,00:04:34
Tink-a-Tako - Potranco,286,8/11/25 1:38 PM,Giselle Cisneross,,Dining Room,0.00,12.99,1.07,0.00,0.00,00:00:49
Tink-a-Tako - Potranco,285,8/11/25 1:38 PM,Arturo Rangel,,Dining Room,0.00,36.72,3.03,0.00,0.00,00:13:16
Tink-a-Tako - Potranco,287,8/11/25 1:44 PM,Maria Majana,,Dining Room,0.00,6.28,0.52,2.00,0.00,00:09:35
Tink-a-Tako - Potranco,288,8/11/25 1:47 PM,Sergio Abundiz,25,Dining Room,0.00,19.95,1.65,0.00,0.00,00:32:30
Tink-a-Tako - Potranco,290,8/11/25 1:51 PM,Arturo Rangel,,Dining Room,0.00,31.93,2.63,0.00,0.00,00:05:44
Tink-a-Tako - Potranco,284,8/11/25 1:36 PM,Arturo Rangel,,None,0.00,23.96,1.98,0.00,0.00,00:25:00
Tink-a-Tako - Potranco,291,8/11/25 1:55 PM,Arturo Rangel,,None,0.00,4.99,0.41,0.00,0.00,00:11:39
Tink-a-Tako - Potranco,292,8/11/25 1:57 PM,Esperansa Caviedes,33,Dining Room,0.00,22.67,1.87,0.00,0.00,00:37:06
Tink-a-Tako - Potranco,293,8/11/25 2:01 PM,Sergio Abundiz,24,Dining Room,0.00,15.77,1.30,2.00,0.00,00:33:36
Tink-a-Tako - Potranco,294,8/11/25 2:04 PM,Arturo Rangel,,None,0.00,13.48,1.11,0.00,0.00,00:03:47
Tink-a-Tako - Potranco,295,8/11/25 2:08 PM,Arturo Rangel,,Dining Room,0.00,13.99,1.15,0.00,0.00,00:06:32
Tink-a-Tako - Potranco,296,8/11/25 2:09 PM,Arturo Rangel,,Dining Room,0.00,22.77,1.87,0.00,0.00,00:08:27
Tink-a-Tako - Potranco,298,8/11/25 2:12 PM,Arturo Rangel,,Dining Room,2.20,19.76,1.63,0.00,0.00,00:06:33
Tink-a-Tako - Potranco,299,8/11/25 2:33 PM,Arturo Rangel,,Dining Room,0.00,3.98,0.32,0.00,0.00,00:04:02
Tink-a-Tako - Potranco,300,8/11/25 2:37 PM,Arturo Rangel,,Dining Room,0.00,17.68,1.45,0.00,0.00,00:02:27
Tink-a-Tako - Potranco,301,8/11/25 2:40 PM,Esperansa Caviedes,37,Dining Room,0.00,8.99,0.74,3.00,0.00,00:41:24
Tink-a-Tako - Potranco,302,8/11/25 2:42 PM,Esperansa Caviedes,25,Dining Room,0.00,29.38,2.42,0.00,0.00,03:30:18
Tink-a-Tako - Potranco,303,8/11/25 2:44 PM,Arturo Rangel,,None,0.00,6.24,0.51,0.00,0.00,00:01:27
Tink-a-Tako - Potranco,304,8/11/25 2:49 PM,Sergio Abundiz,32,Dining Room,0.00,32.96,2.72,7.32,0.00,00:58:20
Tink-a-Tako - Potranco,305,8/11/25 2:50 PM,Arturo Rangel,,None,0.00,4.98,0.41,0.00,0.00,00:01:39
Tink-a-Tako - Potranco,306,8/11/25 2:51 PM,Sergio Abundiz,7,Dining Room,0.00,32.26,2.65,0.00,0.00,00:25:21
Tink-a-Tako - Potranco,307,8/11/25 3:01 PM,Esperansa Caviedes,18,Dining Room,0.00,17.42,1.43,0.00,0.00,02:58:31
Tink-a-Tako - Potranco,308,8/11/25 3:06 PM,Sergio Abundiz,24,Dining Room,0.00,31.36,2.58,0.00,0.00,00:26:20
Tink-a-Tako - Potranco,309,8/11/25 3:16 PM,Arturo Rangel,,None,0.00,5.37,0.44,0.00,0.00,00:01:10
Tink-a-Tako - Potranco,310,8/11/25 3:16 PM,Arturo Rangel,,None,0.00,5.58,0.46,0.00,0.00,00:02:24
Tink-a-Tako - Potranco,311,8/11/25 3:20 PM,Esperansa Caviedes,33,Dining Room,0.00,36.69,3.03,5.00,0.00,00:31:30
Tink-a-Tako - Potranco,312,8/11/25 3:26 PM,Esperansa Caviedes,1,Dining Room,0.00,14.85,1.22,2.00,0.00,00:01:40
Tink-a-Tako - Potranco,313,8/11/25 3:32 PM,Esperansa Caviedes,17,Dining Room,0.00,17.38,1.42,3.50,0.00,00:25:32
Tink-a-Tako - Potranco,314,8/11/25 3:33 PM,Sergio Abundiz,7,Dining Room,0.00,14.86,1.22,0.00,0.00,00:19:09
Tink-a-Tako - Potranco,315,8/11/25 3:57 PM,Arturo Rangel,,None,2.34,21.03,1.74,0.00,0.00,00:03:35
Tink-a-Tako - Potranco,317,8/11/25 4:01 PM,Sergio Abundiz,,Dining Room,1.10,9.89,0.82,5.00,0.00,00:01:20
Tink-a-Tako - Potranco,318,8/11/25 4:24 PM,Sergio Abundiz,,Dining Room,0.00,7.48,0.61,0.00,0.00,00:02:40
Tink-a-Tako - Potranco,321,8/11/25 4:46 PM,Sergio Abundiz,24,Dining Room,0.00,19.69,1.62,0.00,0.00,00:20:51
Tink-a-Tako - Potranco,322,8/11/25 4:51 PM,Arturo Rangel,,Dining Room,0.00,19.56,1.61,1.00,0.00,00:00:51
Tink-a-Tako - Potranco,323,8/11/25 4:53 PM,Arturo Rangel,,Dining Room,0.00,8.56,0.71,0.00,0.00,00:05:39
Tink-a-Tako - Potranco,324,8/11/25 4:53 PM,Lizeth Alonso,,Dining Room,0.00,10.44,0.86,0.00,0.00,00:15:57
Tink-a-Tako - Potranco,325,8/11/25 5:00 PM,Esperansa Caviedes,32,Dining Room,0.00,33.65,2.76,4.00,0.00,00:44:07
Tink-a-Tako - Potranco,326,8/11/25 5:06 PM,Arturo Rangel,,Dining Room,0.00,20.97,1.73,0.00,0.00,00:04:44
Tink-a-Tako - Potranco,327,8/11/25 5:07 PM,Arturo Rangel,,Dining Room,0.00,19.98,1.65,0.00,0.00,00:12:52
Tink-a-Tako - Potranco,329,8/11/25 5:14 PM,Esperansa Caviedes,33,Dining Room,0.00,15.93,1.31,0.00,0.00,00:24:37
Tink-a-Tako - Potranco,330,8/11/25 5:16 PM,Sergio Abundiz,15,Dining Room,0.00,38.45,3.18,0.00,0.00,00:38:11
Tink-a-Tako - Potranco,332,8/11/25 5:20 PM,Arturo Rangel,,Dining Room,0.00,33.36,2.75,0.00,0.00,00:04:29
Tink-a-Tako - Potranco,333,8/11/25 5:28 PM,Sergio Abundiz,1,Dining Room,26.75,0.00,0.00,0.00,0.00,03:46:51
Tink-a-Tako - Potranco,334,8/11/25 5:41 PM,Esperansa Caviedes,23,Dining Room,0.98,8.81,0.73,6.00,0.00,00:16:48
Tink-a-Tako - Potranco,335,8/11/25 5:46 PM,Sergio Abundiz,24,Dining Room,0.00,43.00,3.54,6.00,0.00,00:48:17
Tink-a-Tako - Potranco,337,8/11/25 5:55 PM,Sergio Abundiz,32,Dining Room,0.00,24.55,2.03,3.00,0.00,00:56:22
Tink-a-Tako - Potranco,338,8/11/25 6:00 PM,Esperansa Caviedes,18,Dining Room,0.00,13.97,1.15,5.00,0.00,00:29:55
Tink-a-Tako - Potranco,336,8/11/25 5:47 PM,Arturo Rangel,,Dining Room,0.00,16.98,1.40,2.00,0.00,00:16:45
Tink-a-Tako - Potranco,339,8/11/25 6:10 PM,Esperansa Caviedes,8,Dining Room,0.00,0.00,0.00,0.00,0.00,00:01:21
Tink-a-Tako - Potranco,340,8/11/25 6:11 PM,Sergio Abundiz,9,Dining Room,0.00,19.23,1.58,0.00,0.00,00:33:02
Tink-a-Tako - Potranco,341,8/11/25 6:11 PM,Arturo Rangel,,Dining Room,0.00,4.98,0.41,0.00,0.00,00:01:36
Tink-a-Tako - Potranco,342,8/11/25 6:13 PM,Esperansa Caviedes,25,Dining Room,0.00,13.98,1.16,0.00,0.00,00:34:47
Tink-a-Tako - Potranco,343,8/11/25 6:16 PM,Arturo Rangel,,Dining Room,0.00,9.56,0.79,1.00,0.00,00:01:39
Tink-a-Tako - Potranco,344,8/11/25 6:18 PM,Sergio Abundiz,33,Dining Room,0.00,29.38,2.41,3.00,0.00,00:21:41
Tink-a-Tako - Potranco,345,8/11/25 6:22 PM,Arturo Rangel,,Dining Room,0.00,4.89,0.40,0.00,0.00,00:01:52
Tink-a-Tako - Potranco,346,8/11/25 6:23 PM,Arturo Rangel,,Dining Room,0.00,22.62,1.86,2.00,0.00,00:03:13
Tink-a-Tako - Potranco,347,8/11/25 6:28 PM,Esperansa Caviedes,17,Dining Room,0.00,21.68,1.78,6.00,0.00,00:20:19
Tink-a-Tako - Potranco,348,8/11/25 6:31 PM,Sergio Abundiz,,Dining Room,0.00,0.00,0.00,0.00,0.00,02:43:24
Tink-a-Tako - Potranco,350,8/11/25 6:49 PM,Arturo Rangel,,Dining Room,0.00,7.99,0.66,0.00,0.00,00:00:38
Tink-a-Tako - Potranco,352,8/11/25 6:57 PM,Sergio Abundiz,23,Dining Room,0.00,16.39,1.34,6.00,0.00,00:52:47
Tink-a-Tako - Potranco,353,8/11/25 7:04 PM,Arturo Rangel,,Dining Room,0.00,14.14,1.17,0.00,0.00,00:02:08
Tink-a-Tako - Potranco,355,8/11/25 7:07 PM,Esperansa Caviedes,34,Dining Room,0.00,45.57,3.77,0.00,0.00,00:29:54
Tink-a-Tako - Potranco,357,8/11/25 7:13 PM,Sergio Abundiz,37,Dining Room,0.00,43.31,3.56,10.00,0.00,00:36:59
Tink-a-Tako - Potranco,358,8/11/25 7:16 PM,Arturo Rangel,,Dining Room,0.00,27.96,2.30,0.00,0.00,00:01:29
Tink-a-Tako - Potranco,360,8/11/25 7:19 PM,Esperansa Caviedes,7,Dining Room,0.00,15.39,1.27,0.00,0.00,01:32:36
Tink-a-Tako - Potranco,359,8/11/25 7:19 PM,Arturo Rangel,,Dining Room,0.00,23.81,1.96,0.00,0.00,00:08:05
Tink-a-Tako - Potranco,361,8/11/25 7:37 PM,Arturo Rangel,,Dining Room,0.00,11.97,0.99,0.00,0.00,00:02:37
Tink-a-Tako - Potranco,362,8/11/25 7:44 PM,Arturo Rangel,,Dining Room,0.00,13.96,1.15,0.00,0.00,00:01:17
Tink-a-Tako - Potranco,356,8/11/25 7:09 PM,Arturo Rangel,,Dining Room,0.00,202.00,16.65,40.00,0.00,00:52:06
Tink-a-Tako - Potranco,364,8/11/25 8:02 PM,Sergio Abundiz,41,Dining Room,0.00,57.90,4.77,0.00,0.00,00:34:32
Tink-a-Tako - Potranco,365,8/11/25 8:11 PM,Sergio Abundiz,36,Dining Room,0.00,15.41,1.27,3.00,0.00,00:21:06
Tink-a-Tako - Potranco,366,8/11/25 8:13 PM,Esperansa Caviedes,35,Dining Room,0.00,30.37,2.49,3.14,0.00,00:36:18
Tink-a-Tako - Potranco,367,8/11/25 8:34 PM,Esperansa Caviedes,32,Dining Room,0.00,24.66,2.04,5.00,0.00,00:31:48
Tink-a-Tako - Potranco,368,8/11/25 8:47 PM,Sergio Abundiz,,Dining Room,0.00,17.98,1.48,0.00,0.00,00:02:20
Tink-a-Tako - Potranco,369,8/11/25 8:48 PM,Sergio Abundiz,42,Dining Room,0.00,19.48,1.59,0.00,0.00,00:24:31
Tink-a-Tako - Potranco,370,8/11/25 8:50 PM,Esperansa Caviedes,33,Dining Room,0.00,42.71,3.51,0.00,0.00,00:38:16
