Employee,Job Title,Regular Hours,Overtime Hours,Hourly Rate,Regular Pay,Overtime Pay,Total Pay,Net Sales,Declared Tips,Non-Cash Tips,Total Tips,Tips Withheld,Total Gratuity,Employee ID,Job Code,Location,Location Code
"Abundiz, Sergio",Server,8.27,0.0,,,,,509.30,,45.32,45.32,0.00,0.00,,,Tink-a-Tako - Potranco,
"Alonso, Lizeth",Host,4.53,0.0,13.00,58.89,0.00,58.89,10.44,,0.00,0.00,0.00,0.00,,,Tink-a-Tako - Potranco,
"Aviles, Genaro",Cook,16.02,0.0,15.00,240.30,0.00,240.30,0.00,,0.00,0.00,0.00,0.00,,,Tink-a-Tako - Potranco,
"Brito, Victor ",Regular,7.9,0.0,12.00,94.80,0.00,94.80,0.00,,0.00,0.00,0.00,0.00,,,Tink-a-Tako - Potranco,
"Calderon, Jesus",Cook,7.19,0.0,,,,,0.00,,0.00,0.00,0.00,0.00,,,Tink-a-Tako - Potranco,
"Caviedes, Esperansa",Server,7.89,0.0,3.00,23.67,0.00,23.67,414.10,,42.64,42.64,0.00,0.00,,,Tink-a-Tako - Potranco,
"Cisneross, Giselle",Host,5.7,0.0,,,,,200.81,,7.69,7.69,0.00,0.00,,,Tink-a-Tako - Potranco,
"Compean, Rosa",Server,6.39,0.0,3.00,19.17,0.00,19.17,901.67,,119.52,119.52,0.00,0.00,,,Tink-a-Tako - Potranco,
"Del angel , Candy ",Drive-Thru,6.65,0.0,15.00,99.75,0.00,99.75,1264.97,,47.82,47.82,0.00,0.00,,,Tink-a-Tako - Potranco,
"Diaz, Diego",Cook,8.67,0.0,,,,,0.00,,0.00,0.00,0.00,0.00,,,Tink-a-Tako - Potranco,
"Gonzales (Line) , Maria",Cook,7.11,0.0,14.00,99.54,0.00,99.54,0.00,,0.00,0.00,0.00,0.00,,,Tink-a-Tako - Potranco,
"Gonzalez, Maria ",Tortillero,7.52,0.0,13.00,97.76,0.00,97.76,0.00,,0.00,0.00,0.00,0.00,,,Tink-a-Tako - Potranco,
"Hernandez, Silvia",Server,5.86,0.0,3.00,17.58,0.00,17.58,528.99,,42.96,42.96,0.00,0.00,,,Tink-a-Tako - Potranco,
"Luna, Mayra",Shift Manager / Assistant Manager,0.0,0.0,,,,,0.00,,0.00,0.00,0.00,0.00,1919,,Tink-a-Tako - Potranco,
"Majana, Maria",Server,7.97,0.0,3.00,23.91,0.00,23.91,845.82,,93.30,93.30,0.00,0.00,,,Tink-a-Tako - Potranco,
"ROJAS, JAIME",Busser,5.24,0.0,13.00,68.12,0.00,68.12,0.00,,0.00,0.00,0.00,0.00,,,Tink-a-Tako - Potranco,
"Ramirez Perez, Silvia",Cook,8.66,0.0,17.00,147.22,0.00,147.22,0.00,,0.00,0.00,0.00,0.00,,,Tink-a-Tako - Potranco,
"Rangel, Arturo",General Manager,15.19,0.0,,,,,831.32,0.00,46.00,46.00,0.00,0.00,,,Tink-a-Tako - Potranco,
"Serrato, Joshua ",Busser,5.08,0.0,12.00,60.96,0.00,60.96,0.00,,0.00,0.00,0.00,0.00,,,Tink-a-Tako - Potranco,
"huerta, Arturo ",Dishwasher,7.15,0.0,12.00,85.80,0.00,85.80,0.00,,0.00,0.00,0.00,0.00,,,Tink-a-Tako - Potranco,
