,Location,Employee,Job Title,In Date,Shift Closed Date,Out Date,Hours,Cash Tips Decl.,Cash on Hand,Cash in Drawer,Non-Cash Tips,Cash Gratuity,Non-Cash Gratuity,Tips Withheld,Non-Cash Sales,Cash Sales,Total Sales,Cash Collected?,Tips Paid?,Open,Paid,Closed,Tip Share Total
800000028218123153,Tink-a-Tako - Potranco,Maria Majana,Server,8/11/25 5:59 AM,8/11/25 1:57 PM,8/11/25 1:57 PM,7.97,,210.73,5.00,93.30,0.00,0.00,0.00,699.80,215.73,915.53,yes,yes,0,0,38,0.00
800000028218172657,Tink-a-Tako - Potranco,Candy  Del angel ,Drive-Thru,8/11/25 6:11 AM,8/11/25 12:49 PM,8/11/25 12:50 PM,6.65,,0.00,465.09,47.82,0.00,0.00,0.00,904.07,465.09,1369.16,yes,yes,0,0,121,0.00
800000028219150085,Tink-a-Tako - Potranco,Rosa Compean,Server,8/11/25 8:00 AM,8/11/25 2:23 PM,8/11/25 2:23 PM,6.39,,193.25,0.00,119.52,0.00,0.00,0.00,782.74,193.25,975.99,yes,yes,0,0,36,0.00
800000028219159663,Tink-a-Tako - Potranco,Silvia Hernandez,Server,8/11/25 8:01 AM,8/11/25 1:52 PM,8/11/25 1:52 PM,5.86,,233.56,0.00,42.96,0.00,0.00,0.00,339.02,233.56,572.58,yes,yes,0,0,28,0.00
800000028219362893,Tink-a-Tako - Potranco,Giselle Cisneross,Host,8/11/25 8:15 AM,8/11/25 1:52 PM,8/11/25 1:57 PM,5.70,,0.00,46.74,7.69,0.00,0.00,0.00,170.62,46.74,217.36,yes,yes,0,0,16,0.00
800000028226526505,Tink-a-Tako - Potranco,Arturo Rangel,General Manager,8/11/25 12:48 PM,8/11/25 9:05 PM,8/12/25 4:00 AM,15.19,0.00,0.00,152.57,46.00,0.00,0.00,0.00,747.24,152.57,899.81,yes,yes,0,0,44,0.00
800000028227696929,Tink-a-Tako - Potranco,Sergio Abundiz,Server,8/11/25 1:22 PM,8/11/25 9:16 PM,8/11/25 9:39 PM,8.27,,107.68,0.00,45.32,0.00,0.00,0.00,443.54,107.68,551.22,yes,yes,0,0,22,0.00
800000028228148829,Tink-a-Tako - Potranco,Esperansa Caviedes,Server,8/11/25 1:36 PM,8/11/25 9:29 PM,8/11/25 9:30 PM,7.89,,113.53,0.00,42.64,0.00,0.00,0.00,334.67,113.53,448.20,yes,yes,0,0,18,0.00
800000028228743347,Tink-a-Tako - Potranco,Jesus Calderon,Cook,8/11/25 1:54 PM,8/11/25 9:06 PM,8/11/25 9:06 PM,7.19,,0.00,0.00,0.00,0.00,0.00,0.00,0.00,0.00,0.00,yes,yes,0,0,0,0.00
800000028229977777,Tink-a-Tako - Potranco,Mayra Luna,Shift Manager / Assistant Manager,8/11/25 2:34 PM,8/11/25 2:34 PM,8/11/25 2:34 PM,0.00,,0.00,0.00,0.00,0.00,0.00,0.00,0.00,0.00,0.00,yes,yes,0,0,0,0.00
800000028233890710,Tink-a-Tako - Potranco,Lizeth Alonso,Host,8/11/25 4:38 PM,8/11/25 9:09 PM,8/11/25 9:10 PM,4.53,,0.00,0.00,0.00,0.00,0.00,0.00,11.30,0.00,11.30,yes,yes,0,0,1,0.00
