Location,Server,Check #,Table,Station,Expediter Level,Fired Date,Fulfilled Date,Fulfillment Time,Fulfilled By
Tink-a-Tako - Potranco,Daniela Torres,1,,Lobby,,8/10/25 7:58 AM,8/10/25 8:03 AM,4 minutes and 47 seconds,Zoila Salinas
Tink-a-Tako - Potranco,Daniela Torres,2,,Lobby,,8/10/25 8:00 AM,8/10/25 8:05 AM,5 minutes and 44 seconds,Zoila Salinas
Tink-a-Tako - Potranco,Daniela Torres,3,,Lobby,,8/10/25 8:01 AM,8/10/25 8:09 AM,8 minutes and 6 seconds,Zoila Salinas
Tink-a-Tako - Potranco,Daniela Torres,6,,Lobby,,8/10/25 8:05 AM,8/10/25 8:11 AM,5 minutes and 27 seconds,Zoila Salinas
Tink-a-Tako - Potranco,Esperansa Caviedes,4,24,Lobby,,8/10/25 8:04 AM,8/10/25 8:11 AM,7 minutes and 33 seconds,Zoila Salinas
Tink-a-Tako - Potranco,Esperansa Caviedes,4,24,,2,8/10/25 8:11 AM,8/10/25 8:12 AM,48 seconds,Zoila Salinas
Tink-a-Tako - Potranco,Daniela Torres,8,,Lobby,,8/10/25 8:10 AM,8/10/25 8:12 AM,1 minute and 56 seconds,Zoila Salinas
Tink-a-Tako - Potranco,Daniela Torres,8,,Prep,,8/10/25 8:10 AM,8/10/25 8:12 AM,1 minute and 56 seconds,Zoila Salinas
Tink-a-Tako - Potranco,Daniela Torres,7,,Lobby,,8/10/25 8:07 AM,8/10/25 8:14 AM,6 minutes and 17 seconds,Zoila Salinas
Tink-a-Tako - Potranco,Maria Majana,11,,Lobby,,8/10/25 8:11 AM,8/10/25 8:15 AM,3 minutes and 25 seconds,Zoila Salinas
Tink-a-Tako - Potranco,Daniela Torres,12,,Lobby,,8/10/25 8:15 AM,8/10/25 8:17 AM,1 minute and 47 seconds,Zoila Salinas
Tink-a-Tako - Potranco,Sergio Abundiz,10,32,Lobby,,8/10/25 8:11 AM,8/10/25 8:18 AM,6 minutes and 16 seconds,Zoila Salinas
Tink-a-Tako - Potranco,Esperansa Caviedes,4,24,Lobby,,8/10/25 8:12 AM,8/10/25 8:18 AM,5 minutes and 54 seconds,Zoila Salinas
Tink-a-Tako - Potranco,Silvia Hernandez,13,21,Lobby,,8/10/25 8:15 AM,8/10/25 8:18 AM,3 minutes and 24 seconds,Zoila Salinas
Tink-a-Tako - Potranco,Silvia Hernandez,13,21,Prep,,8/10/25 8:15 AM,8/10/25 8:18 AM,3 minutes and 24 seconds,Zoila Salinas
Tink-a-Tako - Potranco,Daniela Torres,14,,Lobby,,8/10/25 8:17 AM,8/10/25 8:19 AM,1 minute and 16 seconds,Zoila Salinas
Tink-a-Tako - Potranco,Esperansa Caviedes,4,24,,2,8/10/25 8:18 AM,8/10/25 8:19 AM,1 minute and 6 seconds,Zoila Salinas
Tink-a-Tako - Potranco,Sergio Abundiz,10,32,,2,8/10/25 8:18 AM,8/10/25 8:19 AM,1 minute and 20 seconds,Zoila Salinas
Tink-a-Tako - Potranco,Silvia Hernandez,13,21,,2,8/10/25 8:18 AM,8/10/25 8:19 AM,52 seconds,Zoila Salinas
Tink-a-Tako - Potranco,Maria Majana,11,,,2,8/10/25 8:15 AM,8/10/25 8:19 AM,3 minutes and 58 seconds,Zoila Salinas
Tink-a-Tako - Potranco,Daniela Torres,15,,Prep,,8/10/25 8:22 AM,8/10/25 8:25 AM,3 minutes and 10 seconds,Zoila Salinas
Tink-a-Tako - Potranco,Daniela Torres,15,,Lobby,,8/10/25 8:22 AM,8/10/25 8:25 AM,3 minutes and 10 seconds,Zoila Salinas
Tink-a-Tako - Potranco,Isabel Cisneros,17,9,Lobby,,8/10/25 8:25 AM,8/10/25 8:28 AM,2 minutes and 54 seconds,Zoila Salinas
Tink-a-Tako - Potranco,Daniela Torres,18,,Lobby,,8/10/25 8:27 AM,8/10/25 8:29 AM,2 minutes and 2 seconds,Zoila Salinas
Tink-a-Tako - Potranco,Daniela Torres,20,,Lobby,,8/10/25 8:30 AM,8/10/25 8:32 AM,2 minutes and 39 seconds,Zoila Salinas
Tink-a-Tako - Potranco,Daniela Torres,22,,Lobby,,8/10/25 8:34 AM,8/10/25 8:37 AM,2 minutes and 55 seconds,Zoila Salinas
Tink-a-Tako - Potranco,Isabel Cisneros,17,9,,2,8/10/25 8:28 AM,8/10/25 8:38 AM,10 minutes and 28 seconds,Zoila Salinas
Tink-a-Tako - Potranco,Daniela Torres,23,,Lobby,,8/10/25 8:38 AM,8/10/25 8:41 AM,3 minutes and 35 seconds,Zoila Salinas
Tink-a-Tako - Potranco,Maria Majana,16,31,Lobby,,8/10/25 8:28 AM,8/10/25 8:44 AM,16 minutes and 17 seconds,Zoila Salinas
Tink-a-Tako - Potranco,Maria Majana,16,31,Prep,,8/10/25 8:28 AM,8/10/25 8:44 AM,16 minutes and 17 seconds,Zoila Salinas
Tink-a-Tako - Potranco,Maria Majana,16,31,Tortillero,,8/10/25 8:28 AM,8/10/25 8:44 AM,16 minutes and 17 seconds,Zoila Salinas
Tink-a-Tako - Potranco,Daniela Torres,24,,Lobby,,8/10/25 8:40 AM,8/10/25 8:44 AM,4 minutes and 35 seconds,Zoila Salinas
Tink-a-Tako - Potranco,Mayra Luna,26,,Lobby,,8/10/25 8:41 AM,8/10/25 8:44 AM,3 minutes and 37 seconds,Zoila Salinas
Tink-a-Tako - Potranco,Mayra Luna,26,,Prep,,8/10/25 8:41 AM,8/10/25 8:44 AM,3 minutes and 37 seconds,Zoila Salinas
Tink-a-Tako - Potranco,Daniela Torres,25,,Lobby,,8/10/25 8:42 AM,8/10/25 8:46 AM,3 minutes and 47 seconds,Zoila Salinas
Tink-a-Tako - Potranco,Maria Majana,16,31,,2,8/10/25 8:47 AM,8/10/25 8:47 AM,2 seconds,Zoila Salinas
Tink-a-Tako - Potranco,Maria Majana,16,31,,2,8/10/25 8:44 AM,8/10/25 8:47 AM,2 minutes and 34 seconds,Zoila Salinas
Tink-a-Tako - Potranco,Daniela Torres,27,,Lobby,,8/10/25 8:46 AM,8/10/25 8:49 AM,2 minutes and 11 seconds,Zoila Salinas
Tink-a-Tako - Potranco,Mayra Luna,26,,Lobby,,8/10/25 8:42 AM,8/10/25 8:49 AM,7 minutes and 7 seconds,Zoila Salinas
Tink-a-Tako - Potranco,Isabel Cisneros,17,9,Lobby,,8/10/25 8:47 AM,8/10/25 8:49 AM,1 minute and 53 seconds,Zoila Salinas
Tink-a-Tako - Potranco,Mayra Luna,26,,,2,8/10/25 8:49 AM,8/10/25 8:50 AM,40 seconds,Zoila Salinas
Tink-a-Tako - Potranco,Mayra Luna,26,,,2,8/10/25 8:44 AM,8/10/25 8:50 AM,5 minutes and 24 seconds,Zoila Salinas
Tink-a-Tako - Potranco,Isabel Cisneros,17,9,,2,8/10/25 8:49 AM,8/10/25 8:50 AM,25 seconds,Zoila Salinas
Tink-a-Tako - Potranco,Daniela Torres,29,,Lobby,,8/10/25 8:48 AM,8/10/25 8:51 AM,3 minutes and 21 seconds,Zoila Salinas
Tink-a-Tako - Potranco,Daniela Torres,30,,Lobby,,8/10/25 8:48 AM,8/10/25 8:52 AM,3 minutes and 42 seconds,Zoila Salinas
Tink-a-Tako - Potranco,Silvia Hernandez,32,38,Lobby,,8/10/25 8:53 AM,8/10/25 8:56 AM,2 minutes and 47 seconds,Zoila Salinas
Tink-a-Tako - Potranco,Daniela Torres,31,,Lobby,,8/10/25 8:53 AM,8/10/25 9:00 AM,6 minutes and 53 seconds,Zoila Salinas
Tink-a-Tako - Potranco,Silvia Hernandez,32,38,,2,8/10/25 8:56 AM,8/10/25 9:03 AM,6 minutes and 49 seconds,Zoila Salinas
Tink-a-Tako - Potranco,Daniela Torres,37,,Lobby,,8/10/25 9:01 AM,8/10/25 9:04 AM,3 minutes and 3 seconds,Zoila Salinas
Tink-a-Tako - Potranco,Maria Majana,33,18,Lobby,,8/10/25 8:56 AM,8/10/25 9:06 AM,9 minutes and 47 seconds,Zoila Salinas
Tink-a-Tako - Potranco,Maria Majana,33,18,,2,8/10/25 9:06 AM,8/10/25 9:07 AM,1 minute and 41 seconds,Zoila Salinas
Tink-a-Tako - Potranco,Esperansa Caviedes,34,10,Lobby,,8/10/25 8:57 AM,8/10/25 9:08 AM,10 minutes and 24 seconds,Zoila Salinas
Tink-a-Tako - Potranco,Esperansa Caviedes,34,10,Prep,,8/10/25 8:57 AM,8/10/25 9:08 AM,10 minutes and 24 seconds,Zoila Salinas
Tink-a-Tako - Potranco,Sergio Abundiz,35,22,Lobby,,8/10/25 8:58 AM,8/10/25 9:09 AM,11 minutes and 34 seconds,Zoila Salinas
Tink-a-Tako - Potranco,Sergio Abundiz,35,22,Tortillero,,8/10/25 8:58 AM,8/10/25 9:09 AM,11 minutes and 34 seconds,Zoila Salinas
Tink-a-Tako - Potranco,Isabel Cisneros,36,15,Lobby,,8/10/25 8:58 AM,8/10/25 9:09 AM,11 minutes and 17 seconds,Zoila Salinas
Tink-a-Tako - Potranco,Sergio Abundiz,35,22,Prep,,8/10/25 8:58 AM,8/10/25 9:09 AM,11 minutes and 34 seconds,Zoila Salinas
Tink-a-Tako - Potranco,Mayra Luna,26,,Lobby,,8/10/25 9:10 AM,8/10/25 9:11 AM,1 minute and 23 seconds,Zoila Salinas
Tink-a-Tako - Potranco,Isabel Cisneros,36,15,,2,8/10/25 9:09 AM,8/10/25 9:11 AM,2 minutes,Zoila Salinas
Tink-a-Tako - Potranco,Sergio Abundiz,35,22,,2,8/10/25 9:09 AM,8/10/25 9:11 AM,2 minutes and 1 second,Zoila Salinas
Tink-a-Tako - Potranco,Sergio Abundiz,35,22,Lobby,,8/10/25 9:11 AM,8/10/25 9:12 AM,12 seconds,Zoila Salinas
Tink-a-Tako - Potranco,Mayra Luna,26,,,2,8/10/25 9:11 AM,8/10/25 9:12 AM,7 seconds,Zoila Salinas
Tink-a-Tako - Potranco,Esperansa Caviedes,34,10,,2,8/10/25 9:08 AM,8/10/25 9:12 AM,3 minutes and 42 seconds,Zoila Salinas
Tink-a-Tako - Potranco,Sergio Abundiz,35,22,,2,8/10/25 9:12 AM,8/10/25 9:12 AM,6 seconds,Zoila Salinas
Tink-a-Tako - Potranco,Silvia Hernandez,38,24,Lobby,,8/10/25 9:07 AM,8/10/25 9:14 AM,6 minutes and 44 seconds,Zoila Salinas
Tink-a-Tako - Potranco,Silvia Hernandez,38,24,Tortillero,,8/10/25 9:07 AM,8/10/25 9:14 AM,6 minutes and 44 seconds,Zoila Salinas
Tink-a-Tako - Potranco,Silvia Hernandez,38,24,Prep,,8/10/25 9:07 AM,8/10/25 9:14 AM,6 minutes and 44 seconds,Zoila Salinas
Tink-a-Tako - Potranco,Daniela Torres,39,,Lobby,,8/10/25 9:08 AM,8/10/25 9:14 AM,6 minutes and 2 seconds,Zoila Salinas
Tink-a-Tako - Potranco,Giselle Cisneross,43,,Lobby,,8/10/25 9:11 AM,8/10/25 9:17 AM,6 minutes and 6 seconds,Zoila Salinas
Tink-a-Tako - Potranco,Daniela Torres,47,,Lobby,,8/10/25 9:13 AM,8/10/25 9:17 AM,4 minutes and 24 seconds,Zoila Salinas
Tink-a-Tako - Potranco,Maria Majana,46,7,Lobby,,8/10/25 9:14 AM,8/10/25 9:19 AM,4 minutes and 53 seconds,Zoila Salinas
Tink-a-Tako - Potranco,Daniela Torres,42,,Lobby,,8/10/25 9:18 AM,8/10/25 9:20 AM,1 minute and 3 seconds,Zoila Salinas
Tink-a-Tako - Potranco,Daniela Torres,45,,Lobby,,8/10/25 9:13 AM,8/10/25 9:20 AM,6 minutes and 56 seconds,Zoila Salinas
Tink-a-Tako - Potranco,Daniela Torres,52,,Lobby,,8/10/25 9:20 AM,8/10/25 9:20 AM,22 seconds,Zoila Salinas
Tink-a-Tako - Potranco,Silvia Hernandez,38,24,,2,8/10/25 9:14 AM,8/10/25 9:21 AM,7 minutes and 12 seconds,Zoila Salinas
Tink-a-Tako - Potranco,Maria Majana,46,7,,2,8/10/25 9:19 AM,8/10/25 9:21 AM,1 minute and 57 seconds,Zoila Salinas
Tink-a-Tako - Potranco,Giselle Cisneross,43,,,2,8/10/25 9:17 AM,8/10/25 9:21 AM,4 minutes and 3 seconds,Zoila Salinas
Tink-a-Tako - Potranco,Esperansa Caviedes,21,25,Lobby,,8/10/25 9:16 AM,8/10/25 9:22 AM,5 minutes and 31 seconds,Zoila Salinas
Tink-a-Tako - Potranco,Esperansa Caviedes,21,25,Prep,,8/10/25 9:16 AM,8/10/25 9:22 AM,5 minutes and 31 seconds,Zoila Salinas
Tink-a-Tako - Potranco,Sergio Abundiz,49,11,Lobby,,8/10/25 9:16 AM,8/10/25 9:21 AM,5 minutes and 40 seconds,Zoila Salinas
Tink-a-Tako - Potranco,Sergio Abundiz,49,11,Tortillero,,8/10/25 9:16 AM,8/10/25 9:21 AM,5 minutes and 40 seconds,Zoila Salinas
Tink-a-Tako - Potranco,Sergio Abundiz,49,11,Prep,,8/10/25 9:16 AM,8/10/25 9:21 AM,5 minutes and 40 seconds,Zoila Salinas
Tink-a-Tako - Potranco,Esperansa Caviedes,44,35,Lobby,,8/10/25 9:14 AM,8/10/25 9:24 AM,10 minutes and 21 seconds,Zoila Salinas
Tink-a-Tako - Potranco,Giselle Cisneross,53,,Lobby,,8/10/25 9:20 AM,8/10/25 9:25 AM,5 minutes and 12 seconds,Zoila Salinas
Tink-a-Tako - Potranco,Silvia Hernandez,51,23,Lobby,,8/10/25 9:21 AM,8/10/25 9:26 AM,5 minutes and 18 seconds,Zoila Salinas
Tink-a-Tako - Potranco,Silvia Hernandez,51,23,Prep,,8/10/25 9:21 AM,8/10/25 9:26 AM,5 minutes and 18 seconds,Zoila Salinas
Tink-a-Tako - Potranco,Daniela Torres,59,,Lobby,,8/10/25 9:24 AM,8/10/25 9:26 AM,1 minute and 43 seconds,Zoila Salinas
Tink-a-Tako - Potranco,Maria Majana,50,32,Lobby,,8/10/25 9:21 AM,8/10/25 9:27 AM,6 minutes and 8 seconds,Zoila Salinas
Tink-a-Tako - Potranco,Sergio Abundiz,56,17,Lobby,,8/10/25 9:21 AM,8/10/25 9:28 AM,6 minutes and 10 seconds,Zoila Salinas
Tink-a-Tako - Potranco,Sergio Abundiz,56,17,Prep,,8/10/25 9:21 AM,8/10/25 9:28 AM,6 minutes and 10 seconds,Zoila Salinas
Tink-a-Tako - Potranco,Isabel Cisneros,57,33,Lobby,,8/10/25 9:23 AM,8/10/25 9:29 AM,5 minutes and 31 seconds,Zoila Salinas
Tink-a-Tako - Potranco,Isabel Cisneros,57,33,Tortillero,,8/10/25 9:23 AM,8/10/25 9:29 AM,5 minutes and 31 seconds,Zoila Salinas
Tink-a-Tako - Potranco,Isabel Cisneros,57,33,Prep,,8/10/25 9:23 AM,8/10/25 9:29 AM,5 minutes and 31 seconds,Zoila Salinas
Tink-a-Tako - Potranco,Daniela Torres,60,,Lobby,,8/10/25 9:27 AM,8/10/25 9:29 AM,1 minute and 22 seconds,Zoila Salinas
Tink-a-Tako - Potranco,Isabel Cisneros,58,37,Lobby,,8/10/25 9:24 AM,8/10/25 9:30 AM,6 minutes and 9 seconds,Zoila Salinas
Tink-a-Tako - Potranco,Isabel Cisneros,58,37,Prep,,8/10/25 9:24 AM,8/10/25 9:30 AM,6 minutes and 9 seconds,Zoila Salinas
Tink-a-Tako - Potranco,Esperansa Caviedes,55,8,Lobby,,8/10/25 9:24 AM,8/10/25 9:31 AM,7 minutes and 20 seconds,Zoila Salinas
Tink-a-Tako - Potranco,Esperansa Caviedes,55,8,Tortillero,,8/10/25 9:24 AM,8/10/25 9:31 AM,7 minutes and 20 seconds,Zoila Salinas
Tink-a-Tako - Potranco,Silvia Hernandez,51,23,,2,8/10/25 9:26 AM,8/10/25 9:34 AM,8 minutes and 17 seconds,Zoila Salinas
Tink-a-Tako - Potranco,Maria Majana,50,32,,2,8/10/25 9:27 AM,8/10/25 9:34 AM,6 minutes and 58 seconds,Zoila Salinas
Tink-a-Tako - Potranco,Isabel Cisneros,57,33,,2,8/10/25 9:29 AM,8/10/25 9:34 AM,5 minutes and 38 seconds,Zoila Salinas
Tink-a-Tako - Potranco,Giselle Cisneross,53,,,2,8/10/25 9:25 AM,8/10/25 9:34 AM,8 minutes and 48 seconds,Zoila Salinas
Tink-a-Tako - Potranco,Sergio Abundiz,56,17,,2,8/10/25 9:28 AM,8/10/25 9:34 AM,6 minutes and 33 seconds,Zoila Salinas
Tink-a-Tako - Potranco,Isabel Cisneros,58,37,,2,8/10/25 9:30 AM,8/10/25 9:34 AM,4 minutes and 25 seconds,Zoila Salinas
Tink-a-Tako - Potranco,Esperansa Caviedes,21,25,,2,8/10/25 9:22 AM,8/10/25 9:34 AM,12 minutes and 44 seconds,Zoila Salinas
Tink-a-Tako - Potranco,Esperansa Caviedes,55,8,,2,8/10/25 9:31 AM,8/10/25 9:34 AM,3 minutes and 4 seconds,Zoila Salinas
Tink-a-Tako - Potranco,Esperansa Caviedes,44,35,,2,8/10/25 9:24 AM,8/10/25 9:34 AM,10 minutes and 8 seconds,Zoila Salinas
Tink-a-Tako - Potranco,Sergio Abundiz,49,11,,2,8/10/25 9:21 AM,8/10/25 9:34 AM,12 minutes and 51 seconds,Zoila Salinas
Tink-a-Tako - Potranco,Silvia Hernandez,61,38,,2,8/10/25 9:33 AM,8/10/25 9:37 AM,4 minutes and 12 seconds,Zoila Salinas
Tink-a-Tako - Potranco,Silvia Hernandez,61,38,,2,8/10/25 9:35 AM,8/10/25 9:37 AM,2 minutes and 47 seconds,Zoila Salinas
Tink-a-Tako - Potranco,Daniela Torres,62,,Lobby,,8/10/25 9:34 AM,8/10/25 9:37 AM,3 minutes and 11 seconds,Zoila Salinas
Tink-a-Tako - Potranco,Daniela Torres,64,,Lobby,,8/10/25 9:35 AM,8/10/25 9:38 AM,2 minutes and 32 seconds,Zoila Salinas
Tink-a-Tako - Potranco,Giselle Cisneross,66,,Lobby,,8/10/25 9:38 AM,8/10/25 9:39 AM,49 seconds,Zoila Salinas
Tink-a-Tako - Potranco,Daniela Torres,67,,Lobby,,8/10/25 9:39 AM,8/10/25 9:40 AM,1 minute and 14 seconds,Zoila Salinas
Tink-a-Tako - Potranco,Daniela Torres,68,,Prep,,8/10/25 9:39 AM,8/10/25 9:42 AM,2 minutes and 48 seconds,Zoila Salinas
Tink-a-Tako - Potranco,Daniela Torres,68,,Lobby,,8/10/25 9:39 AM,8/10/25 9:42 AM,2 minutes and 48 seconds,Zoila Salinas
Tink-a-Tako - Potranco,Sergio Abundiz,65,42,Lobby,,8/10/25 9:38 AM,8/10/25 9:44 AM,5 minutes and 54 seconds,Zoila Salinas
Tink-a-Tako - Potranco,Daniela Torres,70,,Lobby,,8/10/25 9:43 AM,8/10/25 9:44 AM,54 seconds,Zoila Salinas
Tink-a-Tako - Potranco,Maria Majana,63,42,Lobby,,8/10/25 9:38 AM,8/10/25 9:45 AM,6 minutes and 56 seconds,Zoila Salinas
Tink-a-Tako - Potranco,Maria Majana,63,42,Tortillero,,8/10/25 9:38 AM,8/10/25 9:45 AM,6 minutes and 56 seconds,Zoila Salinas
Tink-a-Tako - Potranco,Maria Majana,63,42,Prep,,8/10/25 9:38 AM,8/10/25 9:45 AM,6 minutes and 56 seconds,Zoila Salinas
Tink-a-Tako - Potranco,Esperansa Caviedes,69,12,Lobby,,8/10/25 9:40 AM,8/10/25 9:46 AM,6 minutes and 27 seconds,Zoila Salinas
Tink-a-Tako - Potranco,Esperansa Caviedes,69,12,Prep,,8/10/25 9:40 AM,8/10/25 9:46 AM,6 minutes and 27 seconds,Zoila Salinas
Tink-a-Tako - Potranco,Daniela Torres,71,,Lobby,,8/10/25 9:44 AM,8/10/25 9:48 AM,4 minutes and 10 seconds,Zoila Salinas
Tink-a-Tako - Potranco,Daniela Torres,54,,Lobby,,8/10/25 9:48 AM,8/10/25 9:49 AM,1 minute and 27 seconds,Zoila Salinas
Tink-a-Tako - Potranco,Daniela Torres,73,,Prep,,8/10/25 9:49 AM,8/10/25 9:51 AM,1 minute and 43 seconds,Zoila Salinas
Tink-a-Tako - Potranco,Daniela Torres,73,,Lobby,,8/10/25 9:49 AM,8/10/25 9:51 AM,1 minute and 43 seconds,Zoila Salinas
Tink-a-Tako - Potranco,Giselle Cisneross,66,,,2,8/10/25 9:39 AM,8/10/25 9:52 AM,12 minutes and 44 seconds,Zoila Salinas
Tink-a-Tako - Potranco,Esperansa Caviedes,69,12,,2,8/10/25 9:46 AM,8/10/25 9:53 AM,6 minutes and 15 seconds,Zoila Salinas
Tink-a-Tako - Potranco,Maria Majana,63,42,,2,8/10/25 9:45 AM,8/10/25 9:53 AM,7 minutes and 18 seconds,Zoila Salinas
Tink-a-Tako - Potranco,Sergio Abundiz,65,42,,2,8/10/25 9:44 AM,8/10/25 9:53 AM,8 minutes and 33 seconds,Zoila Salinas
Tink-a-Tako - Potranco,Maria Majana,74,22,Lobby,,8/10/25 9:51 AM,8/10/25 9:53 AM,1 minute and 53 seconds,Zoila Salinas
Tink-a-Tako - Potranco,Silvia Hernandez,51,23,Lobby,,8/10/25 9:53 AM,8/10/25 9:55 AM,1 minute and 30 seconds,Zoila Salinas
Tink-a-Tako - Potranco,Silvia Hernandez,51,23,,2,8/10/25 9:55 AM,8/10/25 9:55 AM,13 seconds,Zoila Salinas
Tink-a-Tako - Potranco,Giselle Cisneross,78,,Lobby,,8/10/25 9:55 AM,8/10/25 9:56 AM,1 minute and 22 seconds,Zoila Salinas
Tink-a-Tako - Potranco,Daniela Torres,72,,Lobby,,8/10/25 9:48 AM,8/10/25 9:57 AM,8 minutes and 6 seconds,Zoila Salinas
Tink-a-Tako - Potranco,Daniela Torres,72,,Prep,,8/10/25 9:48 AM,8/10/25 9:57 AM,8 minutes and 6 seconds,Zoila Salinas
Tink-a-Tako - Potranco,Giselle Cisneross,78,,,2,8/10/25 9:56 AM,8/10/25 9:57 AM,23 seconds,Zoila Salinas
Tink-a-Tako - Potranco,Maria Majana,74,22,,2,8/10/25 9:53 AM,8/10/25 9:57 AM,3 minutes and 28 seconds,Zoila Salinas
Tink-a-Tako - Potranco,Daniela Torres,79,,Lobby,,8/10/25 9:56 AM,8/10/25 9:57 AM,43 seconds,Zoila Salinas
Tink-a-Tako - Potranco,Silvia Hernandez,76,18,Lobby,,8/10/25 9:51 AM,8/10/25 9:58 AM,6 minutes and 21 seconds,Zoila Salinas
Tink-a-Tako - Potranco,Isabel Cisneros,77,39,Lobby,,8/10/25 9:54 AM,8/10/25 9:59 AM,5 minutes and 18 seconds,Zoila Salinas
Tink-a-Tako - Potranco,Daniela Torres,80,,Lobby,,8/10/25 9:57 AM,8/10/25 10:00 AM,3 minutes and 10 seconds,Zoila Salinas
Tink-a-Tako - Potranco,Daniela Torres,81,,Lobby,,8/10/25 9:58 AM,8/10/25 10:01 AM,3 minutes and 20 seconds,Zoila Salinas
Tink-a-Tako - Potranco,Isabel Cisneros,77,39,,2,8/10/25 9:59 AM,8/10/25 10:05 AM,5 minutes and 33 seconds,Zoila Salinas
Tink-a-Tako - Potranco,Daniela Torres,75,,Lobby,,8/10/25 10:00 AM,8/10/25 10:06 AM,5 minutes and 58 seconds,Zoila Salinas
Tink-a-Tako - Potranco,Silvia Hernandez,76,18,,2,8/10/25 9:58 AM,8/10/25 10:07 AM,8 minutes and 53 seconds,Zoila Salinas
Tink-a-Tako - Potranco,Sergio Abundiz,65,42,Lobby,,8/10/25 10:06 AM,8/10/25 10:07 AM,56 seconds,Zoila Salinas
Tink-a-Tako - Potranco,Daniela Torres,86,,Lobby,,8/10/25 10:03 AM,8/10/25 10:07 AM,4 minutes and 40 seconds,Zoila Salinas
Tink-a-Tako - Potranco,Maria Majana,85,10,Lobby,,8/10/25 10:03 AM,8/10/25 10:09 AM,6 minutes and 8 seconds,Zoila Salinas
Tink-a-Tako - Potranco,Maria Majana,85,10,Prep,,8/10/25 10:03 AM,8/10/25 10:09 AM,6 minutes and 8 seconds,Zoila Salinas
Tink-a-Tako - Potranco,Sergio Abundiz,87,32,Lobby,,8/10/25 10:04 AM,8/10/25 10:09 AM,5 minutes and 57 seconds,Zoila Salinas
Tink-a-Tako - Potranco,Sergio Abundiz,87,32,Prep,,8/10/25 10:04 AM,8/10/25 10:09 AM,5 minutes and 57 seconds,Zoila Salinas
Tink-a-Tako - Potranco,Giselle Cisneross,90,,Prep,,8/10/25 10:06 AM,8/10/25 10:10 AM,3 minutes and 48 seconds,Zoila Salinas
Tink-a-Tako - Potranco,Giselle Cisneross,90,,Lobby,,8/10/25 10:06 AM,8/10/25 10:10 AM,3 minutes and 48 seconds,Zoila Salinas
Tink-a-Tako - Potranco,Daniela Torres,83,,Lobby,,8/10/25 10:06 AM,8/10/25 10:10 AM,3 minutes and 41 seconds,Zoila Salinas
Tink-a-Tako - Potranco,Daniela Torres,89,,Lobby,,8/10/25 10:04 AM,8/10/25 10:10 AM,5 minutes and 52 seconds,Zoila Salinas
Tink-a-Tako - Potranco,Sergio Abundiz,87,32,,2,8/10/25 10:09 AM,8/10/25 10:11 AM,1 minute and 32 seconds,Zoila Salinas
Tink-a-Tako - Potranco,Giselle Cisneross,90,,,2,8/10/25 10:10 AM,8/10/25 10:11 AM,1 minute and 17 seconds,Zoila Salinas
Tink-a-Tako - Potranco,Sergio Abundiz,65,42,Lobby,,8/10/25 10:08 AM,8/10/25 10:12 AM,4 minutes and 5 seconds,Zoila Salinas
Tink-a-Tako - Potranco,Daniela Torres,83,,Lobby,,8/10/25 10:06 AM,8/10/25 10:13 AM,6 minutes and 51 seconds,Zoila Salinas
Tink-a-Tako - Potranco,Maria Majana,85,10,,2,8/10/25 10:09 AM,8/10/25 10:13 AM,4 minutes and 20 seconds,Zoila Salinas
Tink-a-Tako - Potranco,Sergio Abundiz,65,42,,2,8/10/25 10:07 AM,8/10/25 10:13 AM,6 minutes and 3 seconds,Zoila Salinas
Tink-a-Tako - Potranco,Sergio Abundiz,65,42,,2,8/10/25 10:12 AM,8/10/25 10:13 AM,1 minute and 20 seconds,Zoila Salinas
Tink-a-Tako - Potranco,Silvia Hernandez,88,24,,2,8/10/25 10:04 AM,8/10/25 10:14 AM,9 minutes and 13 seconds,Zoila Salinas
Tink-a-Tako - Potranco,Esperansa Caviedes,92,23,Lobby,,8/10/25 10:10 AM,8/10/25 10:14 AM,4 minutes and 17 seconds,Zoila Salinas
Tink-a-Tako - Potranco,Isabel Cisneros,93,15,Lobby,,8/10/25 10:11 AM,8/10/25 10:17 AM,5 minutes and 19 seconds,Zoila Salinas
Tink-a-Tako - Potranco,Isabel Cisneros,93,15,Tortillero,,8/10/25 10:11 AM,8/10/25 10:17 AM,5 minutes and 19 seconds,Zoila Salinas
Tink-a-Tako - Potranco,Isabel Cisneros,93,15,Prep,,8/10/25 10:11 AM,8/10/25 10:17 AM,5 minutes and 19 seconds,Zoila Salinas
Tink-a-Tako - Potranco,Silvia Hernandez,76,18,Lobby,,8/10/25 10:14 AM,8/10/25 10:17 AM,2 minutes and 46 seconds,Zoila Salinas
Tink-a-Tako - Potranco,Silvia Hernandez,76,18,,2,8/10/25 10:17 AM,8/10/25 10:17 AM,15 seconds,Zoila Salinas
Tink-a-Tako - Potranco,Isabel Cisneros,93,15,,2,8/10/25 10:17 AM,8/10/25 10:17 AM,38 seconds,Zoila Salinas
Tink-a-Tako - Potranco,Esperansa Caviedes,92,23,,2,8/10/25 10:14 AM,8/10/25 10:17 AM,3 minutes and 8 seconds,Zoila Salinas
Tink-a-Tako - Potranco,Daniela Torres,91,,Lobby,,8/10/25 10:15 AM,8/10/25 10:18 AM,3 minutes and 2 seconds,Zoila Salinas
Tink-a-Tako - Potranco,Daniela Torres,101,,Lobby,,8/10/25 10:17 AM,8/10/25 10:19 AM,2 minutes and 45 seconds,Zoila Salinas
Tink-a-Tako - Potranco,Daniela Torres,95,,Lobby,,8/10/25 10:16 AM,8/10/25 10:20 AM,3 minutes and 51 seconds,Zoila Salinas
Tink-a-Tako - Potranco,Giselle Cisneross,104,,Lobby,,8/10/25 10:17 AM,8/10/25 10:21 AM,4 minutes and 16 seconds,Zoila Salinas
Tink-a-Tako - Potranco,Giselle Cisneross,104,,,2,8/10/25 10:21 AM,8/10/25 10:22 AM,32 seconds,Zoila Salinas
Tink-a-Tako - Potranco,Silvia Hernandez,97,9,Lobby,,8/10/25 10:16 AM,8/10/25 10:22 AM,6 minutes and 30 seconds,Zoila Salinas
Tink-a-Tako - Potranco,Silvia Hernandez,97,9,,2,8/10/25 10:22 AM,8/10/25 10:23 AM,44 seconds,Zoila Salinas
Tink-a-Tako - Potranco,Daniela Torres,102,,Tortillero,,8/10/25 10:17 AM,8/10/25 10:24 AM,6 minutes and 43 seconds,Zoila Salinas
Tink-a-Tako - Potranco,Daniela Torres,102,,Lobby,,8/10/25 10:17 AM,8/10/25 10:24 AM,6 minutes and 43 seconds,Zoila Salinas
Tink-a-Tako - Potranco,Daniela Torres,102,,Prep,,8/10/25 10:17 AM,8/10/25 10:24 AM,6 minutes and 43 seconds,Zoila Salinas
Tink-a-Tako - Potranco,Maria Majana,84,36,Lobby,,8/10/25 10:16 AM,8/10/25 10:24 AM,8 minutes and 9 seconds,Zoila Salinas
Tink-a-Tako - Potranco,Isabel Cisneros,96,31,Lobby,,8/10/25 10:17 AM,8/10/25 10:25 AM,7 minutes and 48 seconds,Zoila Salinas
Tink-a-Tako - Potranco,Isabel Cisneros,98,31,Lobby,,8/10/25 10:17 AM,8/10/25 10:25 AM,8 minutes and 18 seconds,Zoila Salinas
Tink-a-Tako - Potranco,Esperansa Caviedes,106,25,Lobby,,8/10/25 10:20 AM,8/10/25 10:26 AM,6 minutes and 22 seconds,Zoila Salinas
Tink-a-Tako - Potranco,Daniela Torres,111,,Lobby,,8/10/25 10:22 AM,8/10/25 10:26 AM,3 minutes and 36 seconds,Zoila Salinas
Tink-a-Tako - Potranco,Daniela Torres,108,,Lobby,,8/10/25 10:20 AM,8/10/25 10:27 AM,6 minutes and 34 seconds,Zoila Salinas
Tink-a-Tako - Potranco,Maria Majana,84,36,,2,8/10/25 10:24 AM,8/10/25 10:27 AM,2 minutes and 56 seconds,Zoila Salinas
Tink-a-Tako - Potranco,Esperansa Caviedes,82,4,Lobby,,8/10/25 10:17 AM,8/10/25 10:28 AM,10 minutes and 17 seconds,Zoila Salinas
Tink-a-Tako - Potranco,Esperansa Caviedes,82,4,Prep,,8/10/25 10:17 AM,8/10/25 10:28 AM,10 minutes and 17 seconds,Zoila Salinas
Tink-a-Tako - Potranco,Maria Majana,110,37,Lobby,,8/10/25 10:24 AM,8/10/25 10:28 AM,4 minutes and 1 second,Zoila Salinas
Tink-a-Tako - Potranco,Maria Majana,110,37,,2,8/10/25 10:28 AM,8/10/25 10:29 AM,53 seconds,Zoila Salinas
Tink-a-Tako - Potranco,Silvia Hernandez,107,7,Lobby,,8/10/25 10:28 AM,8/10/25 10:29 AM,1 minute and 9 seconds,Zoila Salinas
Tink-a-Tako - Potranco,Silvia Hernandez,107,7,Prep,,8/10/25 10:28 AM,8/10/25 10:29 AM,1 minute and 9 seconds,Zoila Salinas
Tink-a-Tako - Potranco,Maria Majana,112,38,Lobby,,8/10/25 10:25 AM,8/10/25 10:29 AM,4 minutes and 33 seconds,Zoila Salinas
Tink-a-Tako - Potranco,Silvia Hernandez,116,3,Lobby,,8/10/25 10:28 AM,8/10/25 10:30 AM,1 minute and 45 seconds,Zoila Salinas
Tink-a-Tako - Potranco,Sergio Abundiz,113,17,Lobby,,8/10/25 10:25 AM,8/10/25 10:31 AM,5 minutes and 59 seconds,Zoila Salinas
Tink-a-Tako - Potranco,Sergio Abundiz,113,17,Tortillero,,8/10/25 10:25 AM,8/10/25 10:31 AM,5 minutes and 59 seconds,Zoila Salinas
Tink-a-Tako - Potranco,Sergio Abundiz,113,17,Prep,,8/10/25 10:25 AM,8/10/25 10:31 AM,5 minutes and 59 seconds,Zoila Salinas
Tink-a-Tako - Potranco,Silvia Hernandez,116,3,,2,8/10/25 10:30 AM,8/10/25 10:31 AM,1 minute and 23 seconds,Zoila Salinas
Tink-a-Tako - Potranco,Silvia Hernandez,107,7,,2,8/10/25 10:29 AM,8/10/25 10:31 AM,2 minutes and 14 seconds,Zoila Salinas
Tink-a-Tako - Potranco,Maria Majana,112,38,,2,8/10/25 10:29 AM,8/10/25 10:31 AM,2 minutes and 6 seconds,Zoila Salinas
Tink-a-Tako - Potranco,Daniela Torres,117,,Lobby,,8/10/25 10:30 AM,8/10/25 10:32 AM,1 minute and 43 seconds,Zoila Salinas
Tink-a-Tako - Potranco,Sergio Abundiz,113,17,,2,8/10/25 10:31 AM,8/10/25 10:32 AM,1 minute and 27 seconds,Zoila Salinas
Tink-a-Tako - Potranco,Daniela Torres,120,,Lobby,,8/10/25 10:31 AM,8/10/25 10:32 AM,1 minute and 27 seconds,Zoila Salinas
Tink-a-Tako - Potranco,Isabel Cisneros,115,20,Lobby,,8/10/25 10:27 AM,8/10/25 10:32 AM,5 minutes and 35 seconds,Zoila Salinas
Tink-a-Tako - Potranco,Sergio Abundiz,119,22,Lobby,,8/10/25 10:30 AM,8/10/25 10:33 AM,2 minutes and 28 seconds,Zoila Salinas
Tink-a-Tako - Potranco,Sergio Abundiz,119,22,Tortillero,,8/10/25 10:30 AM,8/10/25 10:33 AM,2 minutes and 28 seconds,Zoila Salinas
Tink-a-Tako - Potranco,Sergio Abundiz,119,22,Prep,,8/10/25 10:30 AM,8/10/25 10:33 AM,2 minutes and 28 seconds,Zoila Salinas
Tink-a-Tako - Potranco,Sergio Abundiz,119,22,,2,8/10/25 10:33 AM,8/10/25 10:33 AM,31 seconds,Zoila Salinas
Tink-a-Tako - Potranco,Isabel Cisneros,115,20,,2,8/10/25 10:32 AM,8/10/25 10:33 AM,48 seconds,Zoila Salinas
Tink-a-Tako - Potranco,Esperansa Caviedes,106,25,,2,8/10/25 10:26 AM,8/10/25 10:33 AM,7 minutes and 20 seconds,Zoila Salinas
Tink-a-Tako - Potranco,Maria Majana,28,1,Lobby,,8/10/25 10:28 AM,8/10/25 10:33 AM,4 minutes and 57 seconds,Zoila Salinas
Tink-a-Tako - Potranco,Maria Majana,28,1,,2,8/10/25 10:33 AM,8/10/25 10:34 AM,22 seconds,Zoila Salinas
Tink-a-Tako - Potranco,Isabel Cisneros,98,31,,2,8/10/25 10:25 AM,8/10/25 10:35 AM,9 minutes and 20 seconds,Zoila Salinas
Tink-a-Tako - Potranco,Esperansa Caviedes,82,4,,2,8/10/25 10:28 AM,8/10/25 10:34 AM,6 minutes and 50 seconds,Zoila Salinas
Tink-a-Tako - Potranco,Isabel Cisneros,96,31,,2,8/10/25 10:25 AM,8/10/25 10:35 AM,9 minutes and 50 seconds,Zoila Salinas
Tink-a-Tako - Potranco,Daniela Torres,122,,Lobby,,8/10/25 10:33 AM,8/10/25 10:38 AM,4 minutes and 13 seconds,Zoila Salinas
Tink-a-Tako - Potranco,Isabel Cisneros,98,31,Lobby,,8/10/25 10:33 AM,8/10/25 10:38 AM,4 minutes and 54 seconds,Zoila Salinas
Tink-a-Tako - Potranco,Isabel Cisneros,98,31,,2,8/10/25 10:38 AM,8/10/25 10:38 AM,39 seconds,Zoila Salinas
Tink-a-Tako - Potranco,Esperansa Caviedes,114,33,Lobby,,8/10/25 10:37 AM,8/10/25 10:39 AM,2 minutes and 14 seconds,Zoila Salinas
Tink-a-Tako - Potranco,Esperansa Caviedes,114,33,Tortillero,,8/10/25 10:37 AM,8/10/25 10:39 AM,2 minutes and 14 seconds,Zoila Salinas
Tink-a-Tako - Potranco,Esperansa Caviedes,114,33,Prep,,8/10/25 10:37 AM,8/10/25 10:39 AM,2 minutes and 14 seconds,Zoila Salinas
Tink-a-Tako - Potranco,Esperansa Caviedes,114,33,,2,8/10/25 10:39 AM,8/10/25 10:39 AM,12 seconds,Zoila Salinas
Tink-a-Tako - Potranco,Daniela Torres,105,,Lobby,,8/10/25 10:37 AM,8/10/25 10:41 AM,3 minutes and 28 seconds,Zoila Salinas
Tink-a-Tako - Potranco,Silvia Hernandez,123,19,Lobby,,8/10/25 10:37 AM,8/10/25 10:42 AM,4 minutes and 54 seconds,Zoila Salinas
Tink-a-Tako - Potranco,Silvia Hernandez,123,19,Tortillero,,8/10/25 10:37 AM,8/10/25 10:42 AM,4 minutes and 54 seconds,Zoila Salinas
Tink-a-Tako - Potranco,Silvia Hernandez,123,19,Prep,,8/10/25 10:37 AM,8/10/25 10:42 AM,4 minutes and 54 seconds,Zoila Salinas
Tink-a-Tako - Potranco,Daniela Torres,126,,Prep,,8/10/25 10:40 AM,8/10/25 10:43 AM,3 minutes and 3 seconds,Zoila Salinas
Tink-a-Tako - Potranco,Daniela Torres,126,,Lobby,,8/10/25 10:40 AM,8/10/25 10:43 AM,3 minutes and 3 seconds,Zoila Salinas
Tink-a-Tako - Potranco,Daniela Torres,129,,Lobby,,8/10/25 10:42 AM,8/10/25 10:44 AM,2 minutes and 12 seconds,Zoila Salinas
Tink-a-Tako - Potranco,Isabel Cisneros,98,31,Lobby,,8/10/25 10:41 AM,8/10/25 10:45 AM,3 minutes and 58 seconds,Zoila Salinas
Tink-a-Tako - Potranco,Daniela Torres,125,,Prep,,8/10/25 10:38 AM,8/10/25 10:45 AM,6 minutes and 47 seconds,Zoila Salinas
Tink-a-Tako - Potranco,Daniela Torres,125,,Lobby,,8/10/25 10:38 AM,8/10/25 10:45 AM,6 minutes and 47 seconds,Zoila Salinas
Tink-a-Tako - Potranco,Daniela Torres,124,,Lobby,,8/10/25 10:43 AM,8/10/25 10:46 AM,2 minutes and 50 seconds,Zoila Salinas
Tink-a-Tako - Potranco,Esperansa Caviedes,118,35,Lobby,,8/10/25 10:38 AM,8/10/25 10:46 AM,8 minutes and 16 seconds,Zoila Salinas
Tink-a-Tako - Potranco,Esperansa Caviedes,118,35,Tortillero,,8/10/25 10:38 AM,8/10/25 10:46 AM,8 minutes and 16 seconds,Zoila Salinas
Tink-a-Tako - Potranco,Esperansa Caviedes,118,35,Prep,,8/10/25 10:38 AM,8/10/25 10:46 AM,8 minutes and 16 seconds,Zoila Salinas
Tink-a-Tako - Potranco,Isabel Cisneros,98,31,,2,8/10/25 10:45 AM,8/10/25 10:46 AM,41 seconds,Zoila Salinas
Tink-a-Tako - Potranco,Esperansa Caviedes,118,35,,2,8/10/25 10:46 AM,8/10/25 10:46 AM,5 seconds,Zoila Salinas
Tink-a-Tako - Potranco,Silvia Hernandez,123,19,,2,8/10/25 10:42 AM,8/10/25 10:46 AM,4 minutes and 13 seconds,Zoila Salinas
Tink-a-Tako - Potranco,Mayra Luna,128,41,Lobby,,8/10/25 10:41 AM,8/10/25 10:46 AM,5 minutes and 35 seconds,Zoila Salinas
Tink-a-Tako - Potranco,Mayra Luna,128,41,,2,8/10/25 10:46 AM,8/10/25 10:47 AM,13 seconds,Zoila Salinas
Tink-a-Tako - Potranco,Isabel Cisneros,132,12,Lobby,,8/10/25 10:43 AM,8/10/25 10:48 AM,5 minutes and 20 seconds,Zoila Salinas
Tink-a-Tako - Potranco,Isabel Cisneros,132,12,,2,8/10/25 10:48 AM,8/10/25 10:49 AM,35 seconds,Zoila Salinas
Tink-a-Tako - Potranco,Daniela Torres,135,,Lobby,,8/10/25 10:47 AM,8/10/25 10:49 AM,1 minute and 59 seconds,Zoila Salinas
Tink-a-Tako - Potranco,Sergio Abundiz,130,11,Lobby,,8/10/25 10:44 AM,8/10/25 10:50 AM,6 minutes and 20 seconds,Zoila Salinas
Tink-a-Tako - Potranco,Sergio Abundiz,130,11,,2,8/10/25 10:50 AM,8/10/25 10:50 AM,15 seconds,Zoila Salinas
Tink-a-Tako - Potranco,Daniela Torres,137,,Lobby,,8/10/25 10:48 AM,8/10/25 10:51 AM,2 minutes and 28 seconds,Zoila Salinas
Tink-a-Tako - Potranco,Esperansa Caviedes,134,32,Lobby,,8/10/25 10:47 AM,8/10/25 10:51 AM,3 minutes and 30 seconds,Zoila Salinas
Tink-a-Tako - Potranco,Esperansa Caviedes,134,32,Prep,,8/10/25 10:47 AM,8/10/25 10:51 AM,3 minutes and 30 seconds,Zoila Salinas
Tink-a-Tako - Potranco,Esperansa Caviedes,134,32,Tortillero,,8/10/25 10:47 AM,8/10/25 10:51 AM,3 minutes and 30 seconds,Zoila Salinas
Tink-a-Tako - Potranco,Esperansa Caviedes,134,32,,2,8/10/25 10:51 AM,8/10/25 10:51 AM,11 seconds,Zoila Salinas
Tink-a-Tako - Potranco,Daniela Torres,135,,Lobby,,8/10/25 10:51 AM,8/10/25 10:52 AM,1 minute and 12 seconds,Zoila Salinas
Tink-a-Tako - Potranco,Maria Majana,136,,Lobby,,8/10/25 10:48 AM,8/10/25 10:52 AM,4 minutes and 29 seconds,Zoila Salinas
Tink-a-Tako - Potranco,Maria Majana,136,,,2,8/10/25 10:52 AM,8/10/25 10:53 AM,22 seconds,Zoila Salinas
Tink-a-Tako - Potranco,Giselle Cisneross,138,,Prep,,8/10/25 10:49 AM,8/10/25 10:53 AM,4 minutes and 36 seconds,Zoila Salinas
Tink-a-Tako - Potranco,Giselle Cisneross,138,,Lobby,,8/10/25 10:49 AM,8/10/25 10:53 AM,4 minutes and 36 seconds,Zoila Salinas
Tink-a-Tako - Potranco,Silvia Hernandez,139,2,Lobby,,8/10/25 10:49 AM,8/10/25 10:54 AM,4 minutes and 47 seconds,Zoila Salinas
Tink-a-Tako - Potranco,Silvia Hernandez,139,2,Prep,,8/10/25 10:49 AM,8/10/25 10:54 AM,4 minutes and 47 seconds,Zoila Salinas
Tink-a-Tako - Potranco,Daniela Torres,146,,Lobby,,8/10/25 10:53 AM,8/10/25 10:54 AM,1 minute and 33 seconds,Zoila Salinas
Tink-a-Tako - Potranco,Mayra Luna,141,25,Lobby,,8/10/25 10:51 AM,8/10/25 10:55 AM,3 minutes and 39 seconds,Zoila Salinas
Tink-a-Tako - Potranco,Daniela Torres,140,,Lobby,,8/10/25 10:50 AM,8/10/25 10:56 AM,5 minutes and 38 seconds,Zoila Salinas
Tink-a-Tako - Potranco,Giselle Cisneross,138,,,2,8/10/25 10:53 AM,8/10/25 10:56 AM,3 minutes and 4 seconds,Zoila Salinas
Tink-a-Tako - Potranco,Silvia Hernandez,139,2,,2,8/10/25 10:54 AM,8/10/25 10:56 AM,2 minutes and 16 seconds,Zoila Salinas
Tink-a-Tako - Potranco,Mayra Luna,145,26,Lobby,,8/10/25 10:54 AM,8/10/25 10:57 AM,2 minutes and 48 seconds,Zoila Salinas
Tink-a-Tako - Potranco,Mayra Luna,145,26,Prep,,8/10/25 10:54 AM,8/10/25 10:57 AM,2 minutes and 48 seconds,Zoila Salinas
Tink-a-Tako - Potranco,Mayra Luna,141,25,Lobby,,8/10/25 10:57 AM,8/10/25 10:57 AM,21 seconds,Zoila Salinas
Tink-a-Tako - Potranco,Daniela Torres,148,,Lobby,,8/10/25 10:54 AM,8/10/25 10:58 AM,3 minutes and 56 seconds,Zoila Salinas
Tink-a-Tako - Potranco,Daniela Torres,151,,Lobby,,8/10/25 10:56 AM,8/10/25 10:58 AM,2 minutes and 14 seconds,Zoila Salinas
Tink-a-Tako - Potranco,Giselle Cisneross,147,39,Lobby,,8/10/25 10:56 AM,8/10/25 10:59 AM,2 minutes and 32 seconds,Zoila Salinas
Tink-a-Tako - Potranco,Mayra Luna,141,25,,2,8/10/25 10:57 AM,8/10/25 11:00 AM,2 minutes and 27 seconds,Zoila Salinas
Tink-a-Tako - Potranco,Giselle Cisneross,147,39,,2,8/10/25 10:59 AM,8/10/25 11:00 AM,57 seconds,Zoila Salinas
Tink-a-Tako - Potranco,Mayra Luna,145,26,,2,8/10/25 10:57 AM,8/10/25 11:00 AM,3 minutes,Zoila Salinas
Tink-a-Tako - Potranco,Mayra Luna,141,25,,2,8/10/25 10:55 AM,8/10/25 11:00 AM,5 minutes and 1 second,Zoila Salinas
Tink-a-Tako - Potranco,Giselle Cisneross,150,,Prep,,8/10/25 10:55 AM,8/10/25 11:01 AM,6 minutes,Zoila Salinas
Tink-a-Tako - Potranco,Giselle Cisneross,150,,Lobby,,8/10/25 10:55 AM,8/10/25 11:01 AM,6 minutes,Zoila Salinas
Tink-a-Tako - Potranco,Daniela Torres,153,,Lobby,,8/10/25 10:56 AM,8/10/25 11:01 AM,4 minutes and 59 seconds,Zoila Salinas
Tink-a-Tako - Potranco,Daniela Torres,156,,Lobby,,8/10/25 10:58 AM,8/10/25 11:02 AM,3 minutes and 49 seconds,Zoila Salinas
Tink-a-Tako - Potranco,Silvia Hernandez,144,23,Lobby,,8/10/25 10:56 AM,8/10/25 11:03 AM,6 minutes and 39 seconds,Zoila Salinas
Tink-a-Tako - Potranco,Isabel Cisneros,152,,Lobby,,8/10/25 10:57 AM,8/10/25 11:04 AM,7 minutes and 1 second,Zoila Salinas
Tink-a-Tako - Potranco,Daniela Torres,143,,Lobby,,8/10/25 11:07 AM,8/10/25 11:10 AM,2 minutes and 56 seconds,Zoila Salinas
Tink-a-Tako - Potranco,Daniela Torres,143,,Prep,,8/10/25 11:07 AM,8/10/25 11:10 AM,2 minutes and 56 seconds,Zoila Salinas
Tink-a-Tako - Potranco,Daniela Torres,159,,Lobby,,8/10/25 11:05 AM,8/10/25 11:10 AM,4 minutes and 57 seconds,Zoila Salinas
Tink-a-Tako - Potranco,Sergio Abundiz,158,38,Lobby,,8/10/25 11:05 AM,8/10/25 11:10 AM,4 minutes and 52 seconds,Zoila Salinas
Tink-a-Tako - Potranco,Mayra Luna,141,25,Lobby,,8/10/25 11:10 AM,8/10/25 11:11 AM,53 seconds,Zoila Salinas
Tink-a-Tako - Potranco,Isabel Cisneros,165,40,Lobby,,8/10/25 11:08 AM,8/10/25 11:12 AM,3 minutes and 38 seconds,Zoila Salinas
Tink-a-Tako - Potranco,Isabel Cisneros,165,40,Lobby,,8/10/25 11:11 AM,8/10/25 11:12 AM,32 seconds,Zoila Salinas
Tink-a-Tako - Potranco,Giselle Cisneross,163,,Lobby,,8/10/25 11:07 AM,8/10/25 11:12 AM,5 minutes and 19 seconds,Zoila Salinas
Tink-a-Tako - Potranco,Daniela Torres,164,,Lobby,,8/10/25 11:08 AM,8/10/25 11:13 AM,4 minutes and 28 seconds,Zoila Salinas
Tink-a-Tako - Potranco,Giselle Cisneross,150,,,2,8/10/25 11:01 AM,8/10/25 11:13 AM,11 minutes and 57 seconds,Zoila Salinas
Tink-a-Tako - Potranco,Silvia Hernandez,144,23,,2,8/10/25 11:03 AM,8/10/25 11:13 AM,9 minutes and 47 seconds,Zoila Salinas
Tink-a-Tako - Potranco,Isabel Cisneros,152,,,2,8/10/25 11:04 AM,8/10/25 11:13 AM,9 minutes and 6 seconds,Zoila Salinas
Tink-a-Tako - Potranco,Giselle Cisneross,163,,,2,8/10/25 11:12 AM,8/10/25 11:13 AM,46 seconds,Zoila Salinas
Tink-a-Tako - Potranco,Sergio Abundiz,158,38,,2,8/10/25 11:10 AM,8/10/25 11:13 AM,2 minutes and 54 seconds,Zoila Salinas
Tink-a-Tako - Potranco,Daniela Torres,166,,Lobby,,8/10/25 11:09 AM,8/10/25 11:14 AM,5 minutes and 4 seconds,Zoila Salinas
Tink-a-Tako - Potranco,Silvia Hernandez,160,15,Lobby,,8/10/25 11:13 AM,8/10/25 11:15 AM,1 minute and 48 seconds,Zoila Salinas
Tink-a-Tako - Potranco,Mayra Luna,141,25,,2,8/10/25 11:11 AM,8/10/25 11:17 AM,6 minutes and 27 seconds,Zoila Salinas
Tink-a-Tako - Potranco,Isabel Cisneros,165,40,,2,8/10/25 11:12 AM,8/10/25 11:17 AM,5 minutes and 19 seconds,Zoila Salinas
Tink-a-Tako - Potranco,Daniela Torres,169,,Lobby,,8/10/25 11:13 AM,8/10/25 11:18 AM,4 minutes and 39 seconds,Zoila Salinas
Tink-a-Tako - Potranco,Daniela Torres,170,,Lobby,,8/10/25 11:14 AM,8/10/25 11:19 AM,5 minutes and 22 seconds,Zoila Salinas
Tink-a-Tako - Potranco,Esperansa Caviedes,168,19,Lobby,,8/10/25 11:14 AM,8/10/25 11:20 AM,5 minutes and 45 seconds,Zoila Salinas
Tink-a-Tako - Potranco,Esperansa Caviedes,168,19,Prep,,8/10/25 11:14 AM,8/10/25 11:20 AM,5 minutes and 45 seconds,Zoila Salinas
Tink-a-Tako - Potranco,Daniela Torres,172,,Lobby,,8/10/25 11:17 AM,8/10/25 11:21 AM,4 minutes and 2 seconds,Zoila Salinas
Tink-a-Tako - Potranco,Maria Majana,162,42,Lobby,,8/10/25 11:15 AM,8/10/25 11:21 AM,6 minutes and 4 seconds,Zoila Salinas
Tink-a-Tako - Potranco,Maria Majana,162,42,Tortillero,,8/10/25 11:15 AM,8/10/25 11:21 AM,6 minutes and 4 seconds,Zoila Salinas
Tink-a-Tako - Potranco,Maria Majana,162,42,Prep,,8/10/25 11:15 AM,8/10/25 11:21 AM,6 minutes and 4 seconds,Zoila Salinas
Tink-a-Tako - Potranco,Sergio Abundiz,171,7,Lobby,,8/10/25 11:16 AM,8/10/25 11:21 AM,5 minutes and 15 seconds,Zoila Salinas
Tink-a-Tako - Potranco,Rosie  ORDONEZ,173,16,Lobby,,8/10/25 11:17 AM,8/10/25 11:22 AM,4 minutes and 52 seconds,Zoila Salinas
Tink-a-Tako - Potranco,Maria Majana,162,42,,2,8/10/25 11:21 AM,8/10/25 11:22 AM,36 seconds,Zoila Salinas
Tink-a-Tako - Potranco,Esperansa Caviedes,168,19,,2,8/10/25 11:20 AM,8/10/25 11:22 AM,2 minutes and 16 seconds,Zoila Salinas
Tink-a-Tako - Potranco,Daniela Torres,176,,Lobby,,8/10/25 11:20 AM,8/10/25 11:22 AM,2 minutes and 15 seconds,Zoila Salinas
Tink-a-Tako - Potranco,Sergio Abundiz,171,7,,2,8/10/25 11:21 AM,8/10/25 11:22 AM,47 seconds,Zoila Salinas
Tink-a-Tako - Potranco,Rosie  ORDONEZ,173,16,,2,8/10/25 11:22 AM,8/10/25 11:22 AM,33 seconds,Zoila Salinas
Tink-a-Tako - Potranco,Silvia Hernandez,160,15,,2,8/10/25 11:15 AM,8/10/25 11:22 AM,7 minutes and 43 seconds,Zoila Salinas
Tink-a-Tako - Potranco,Isabel Cisneros,178,17,Lobby,,8/10/25 11:20 AM,8/10/25 11:23 AM,3 minutes and 4 seconds,Zoila Salinas
Tink-a-Tako - Potranco,Isabel Cisneros,178,17,Prep,,8/10/25 11:20 AM,8/10/25 11:23 AM,3 minutes and 4 seconds,Zoila Salinas
Tink-a-Tako - Potranco,Daniela Torres,179,,Lobby,,8/10/25 11:21 AM,8/10/25 11:24 AM,2 minutes and 44 seconds,Zoila Salinas
Tink-a-Tako - Potranco,Daniela Torres,180,,Lobby,,8/10/25 11:22 AM,8/10/25 11:24 AM,1 minute and 59 seconds,Zoila Salinas
Tink-a-Tako - Potranco,Giselle Cisneross,181,,Lobby,,8/10/25 11:23 AM,8/10/25 11:26 AM,2 minutes and 33 seconds,Zoila Salinas
Tink-a-Tako - Potranco,Esperansa Caviedes,157,10,Lobby,,8/10/25 11:17 AM,8/10/25 11:26 AM,9 minutes and 45 seconds,Zoila Salinas
Tink-a-Tako - Potranco,Silvia Hernandez,175,18,Lobby,,8/10/25 11:19 AM,8/10/25 11:26 AM,7 minutes and 22 seconds,Zoila Salinas
Tink-a-Tako - Potranco,Daniela Torres,182,,Lobby,,8/10/25 11:24 AM,8/10/25 11:27 AM,3 minutes and 24 seconds,Zoila Salinas
Tink-a-Tako - Potranco,Daniela Torres,183,,Prep,,8/10/25 11:25 AM,8/10/25 11:28 AM,2 minutes and 46 seconds,Zoila Salinas
Tink-a-Tako - Potranco,Daniela Torres,183,,Lobby,,8/10/25 11:25 AM,8/10/25 11:28 AM,2 minutes and 46 seconds,Zoila Salinas
Tink-a-Tako - Potranco,Daniela Torres,179,,Lobby,,8/10/25 11:28 AM,8/10/25 11:31 AM,2 minutes and 50 seconds,Zoila Salinas
Tink-a-Tako - Potranco,Daniela Torres,184,,Lobby,,8/10/25 11:30 AM,8/10/25 11:31 AM,1 minute and 37 seconds,Zoila Salinas
Tink-a-Tako - Potranco,Daniela Torres,184,,Lobby,,8/10/25 11:29 AM,8/10/25 11:32 AM,2 minutes and 37 seconds,Zoila Salinas
Tink-a-Tako - Potranco,Esperansa Caviedes,177,12,Lobby,,8/10/25 11:20 AM,8/10/25 11:32 AM,11 minutes and 27 seconds,Zoila Salinas
Tink-a-Tako - Potranco,Esperansa Caviedes,177,12,Tortillero,,8/10/25 11:20 AM,8/10/25 11:32 AM,11 minutes and 27 seconds,Zoila Salinas
Tink-a-Tako - Potranco,Esperansa Caviedes,177,12,Prep,,8/10/25 11:20 AM,8/10/25 11:32 AM,11 minutes and 27 seconds,Zoila Salinas
Tink-a-Tako - Potranco,Isabel Cisneros,178,17,,2,8/10/25 11:23 AM,8/10/25 11:32 AM,9 minutes and 12 seconds,Zoila Salinas
Tink-a-Tako - Potranco,Esperansa Caviedes,177,12,,2,8/10/25 11:32 AM,8/10/25 11:32 AM,30 seconds,Zoila Salinas
Tink-a-Tako - Potranco,Giselle Cisneross,181,,,2,8/10/25 11:26 AM,8/10/25 11:32 AM,6 minutes and 37 seconds,Zoila Salinas
Tink-a-Tako - Potranco,Silvia Hernandez,175,18,,2,8/10/25 11:26 AM,8/10/25 11:32 AM,5 minutes and 45 seconds,Zoila Salinas
Tink-a-Tako - Potranco,Daniela Torres,186,,Lobby,,8/10/25 11:33 AM,8/10/25 11:35 AM,2 minutes and 8 seconds,Zoila Salinas
Tink-a-Tako - Potranco,Isabel Cisneros,190,32,,2,8/10/25 11:36 AM,8/10/25 11:36 AM,4 seconds,Zoila Salinas
Tink-a-Tako - Potranco,Isabel Cisneros,165,40,,2,8/10/25 11:12 AM,8/10/25 11:37 AM,24 minutes and 35 seconds,Zoila Salinas
Tink-a-Tako - Potranco,Esperansa Caviedes,157,10,,2,8/10/25 11:26 AM,8/10/25 11:37 AM,10 minutes and 13 seconds,Zoila Salinas
Tink-a-Tako - Potranco,Esperansa Caviedes,185,37,Lobby,,8/10/25 11:35 AM,8/10/25 11:39 AM,3 minutes and 51 seconds,Zoila Salinas
Tink-a-Tako - Potranco,Esperansa Caviedes,185,37,Prep,,8/10/25 11:35 AM,8/10/25 11:39 AM,3 minutes and 51 seconds,Zoila Salinas
Tink-a-Tako - Potranco,Isabel Cisneros,189,33,Lobby,,8/10/25 11:36 AM,8/10/25 11:39 AM,3 minutes and 36 seconds,Zoila Salinas
Tink-a-Tako - Potranco,Isabel Cisneros,189,33,,2,8/10/25 11:39 AM,8/10/25 11:40 AM,1 minute and 10 seconds,Zoila Salinas
Tink-a-Tako - Potranco,Silvia Hernandez,187,40,Lobby,,8/10/25 11:35 AM,8/10/25 11:40 AM,5 minutes and 32 seconds,Zoila Salinas
Tink-a-Tako - Potranco,Daniela Torres,188,,Prep,,8/10/25 11:36 AM,8/10/25 11:41 AM,5 minutes and 21 seconds,Zoila Salinas
Tink-a-Tako - Potranco,Daniela Torres,188,,Lobby,,8/10/25 11:36 AM,8/10/25 11:41 AM,5 minutes and 21 seconds,Zoila Salinas
Tink-a-Tako - Potranco,Daniela Torres,188,,Tortillero,,8/10/25 11:36 AM,8/10/25 11:41 AM,5 minutes and 21 seconds,Zoila Salinas
Tink-a-Tako - Potranco,Esperansa Caviedes,185,37,,2,8/10/25 11:39 AM,8/10/25 11:42 AM,3 minutes and 12 seconds,Zoila Salinas
Tink-a-Tako - Potranco,Silvia Hernandez,187,40,,2,8/10/25 11:40 AM,8/10/25 11:42 AM,1 minute and 21 seconds,Zoila Salinas
Tink-a-Tako - Potranco,Daniela Torres,191,,Lobby,,8/10/25 11:37 AM,8/10/25 11:42 AM,4 minutes and 46 seconds,Zoila Salinas
Tink-a-Tako - Potranco,Daniela Torres,192,,Lobby,,8/10/25 11:40 AM,8/10/25 11:44 AM,3 minutes and 11 seconds,Zoila Salinas
Tink-a-Tako - Potranco,Giselle Cisneross,193,,Prep,,8/10/25 11:42 AM,8/10/25 11:44 AM,2 minutes and 21 seconds,Zoila Salinas
Tink-a-Tako - Potranco,Giselle Cisneross,193,,Lobby,,8/10/25 11:42 AM,8/10/25 11:44 AM,2 minutes and 21 seconds,Zoila Salinas
Tink-a-Tako - Potranco,Daniela Torres,197,,Lobby,,8/10/25 11:43 AM,8/10/25 11:45 AM,1 minute and 55 seconds,Zoila Salinas
Tink-a-Tako - Potranco,Giselle Cisneross,193,,Prep,,8/10/25 11:41 AM,8/10/25 11:46 AM,5 minutes and 3 seconds,Zoila Salinas
Tink-a-Tako - Potranco,Giselle Cisneross,193,,Lobby,,8/10/25 11:41 AM,8/10/25 11:46 AM,5 minutes and 3 seconds,Zoila Salinas
Tink-a-Tako - Potranco,Daniela Torres,200,,Prep,,8/10/25 11:46 AM,8/10/25 11:47 AM,33 seconds,Zoila Salinas
Tink-a-Tako - Potranco,Daniela Torres,200,,Lobby,,8/10/25 11:46 AM,8/10/25 11:47 AM,33 seconds,Zoila Salinas
Tink-a-Tako - Potranco,Daniela Torres,167,,Lobby,,8/10/25 11:44 AM,8/10/25 11:50 AM,5 minutes and 57 seconds,Zoila Salinas
Tink-a-Tako - Potranco,Mayra Luna,196,2,Lobby,,8/10/25 11:43 AM,8/10/25 11:52 AM,8 minutes and 48 seconds,Zoila Salinas
Tink-a-Tako - Potranco,Silvia Hernandez,195,31,Lobby,,8/10/25 11:44 AM,8/10/25 11:53 AM,8 minutes and 22 seconds,Zoila Salinas
Tink-a-Tako - Potranco,Sergio Abundiz,199,35,Lobby,,8/10/25 11:45 AM,8/10/25 11:53 AM,8 minutes and 7 seconds,Zoila Salinas
Tink-a-Tako - Potranco,Sergio Abundiz,199,35,Prep,,8/10/25 11:45 AM,8/10/25 11:53 AM,8 minutes and 7 seconds,Zoila Salinas
Tink-a-Tako - Potranco,Daniela Torres,209,,Lobby,,8/10/25 11:50 AM,8/10/25 11:53 AM,2 minutes and 45 seconds,Zoila Salinas
Tink-a-Tako - Potranco,Daniela Torres,213,,Lobby,,8/10/25 11:52 AM,8/10/25 11:54 AM,2 minutes and 21 seconds,Zoila Salinas
Tink-a-Tako - Potranco,Sergio Abundiz,207,39,Lobby,,8/10/25 11:48 AM,8/10/25 11:55 AM,7 minutes and 26 seconds,Zoila Salinas
Tink-a-Tako - Potranco,Giselle Cisneross,193,,,2,8/10/25 11:46 AM,8/10/25 11:56 AM,9 minutes and 46 seconds,Zoila Salinas
Tink-a-Tako - Potranco,Giselle Cisneross,193,,,2,8/10/25 11:44 AM,8/10/25 11:56 AM,11 minutes and 45 seconds,Zoila Salinas
Tink-a-Tako - Potranco,Silvia Hernandez,195,31,,2,8/10/25 11:53 AM,8/10/25 11:56 AM,2 minutes and 53 seconds,Zoila Salinas
Tink-a-Tako - Potranco,Mayra Luna,196,2,,2,8/10/25 11:52 AM,8/10/25 11:56 AM,3 minutes and 44 seconds,Zoila Salinas
Tink-a-Tako - Potranco,Sergio Abundiz,207,39,,2,8/10/25 11:55 AM,8/10/25 11:56 AM,48 seconds,Zoila Salinas
Tink-a-Tako - Potranco,Sergio Abundiz,199,35,,2,8/10/25 11:53 AM,8/10/25 11:56 AM,2 minutes and 54 seconds,Zoila Salinas
Tink-a-Tako - Potranco,Esperansa Caviedes,206,41,Lobby,,8/10/25 11:48 AM,8/10/25 11:56 AM,8 minutes and 49 seconds,Zoila Salinas
Tink-a-Tako - Potranco,Daniela Torres,217,,Lobby,,8/10/25 11:53 AM,8/10/25 11:57 AM,4 minutes and 3 seconds,Zoila Salinas
Tink-a-Tako - Potranco,Silvia Hernandez,211,9,Lobby,,8/10/25 11:51 AM,8/10/25 11:58 AM,7 minutes and 9 seconds,Zoila Salinas
Tink-a-Tako - Potranco,Daniela Torres,208,,Lobby,,8/10/25 11:49 AM,8/10/25 11:58 AM,9 minutes and 11 seconds,Zoila Salinas
Tink-a-Tako - Potranco,Daniela Torres,208,,Prep,,8/10/25 11:49 AM,8/10/25 11:58 AM,9 minutes and 11 seconds,Zoila Salinas
Tink-a-Tako - Potranco,Silvia Hernandez,211,9,Prep,,8/10/25 11:51 AM,8/10/25 11:58 AM,7 minutes and 9 seconds,Zoila Salinas
Tink-a-Tako - Potranco,Maria Majana,202,4,Lobby,,8/10/25 11:52 AM,8/10/25 11:58 AM,6 minutes and 35 seconds,Zoila Salinas
Tink-a-Tako - Potranco,Daniela Torres,220,,Lobby,,8/10/25 11:55 AM,8/10/25 12:00 PM,5 minutes and 36 seconds,Zoila Salinas
Tink-a-Tako - Potranco,Maria Majana,203,4,Lobby,,8/10/25 11:52 AM,8/10/25 12:01 PM,9 minutes and 24 seconds,Zoila Salinas
Tink-a-Tako - Potranco,Maria Majana,203,4,Prep,,8/10/25 11:52 AM,8/10/25 12:01 PM,9 minutes and 24 seconds,Zoila Salinas
Tink-a-Tako - Potranco,Maria Majana,203,4,Tortillero,,8/10/25 11:52 AM,8/10/25 12:01 PM,9 minutes and 24 seconds,Zoila Salinas
Tink-a-Tako - Potranco,Giselle Cisneross,219,,Lobby,,8/10/25 11:55 AM,8/10/25 12:03 PM,8 minutes and 16 seconds,Zoila Salinas
Tink-a-Tako - Potranco,Maria Majana,204,4,Lobby,,8/10/25 11:52 AM,8/10/25 12:03 PM,11 minutes and 35 seconds,Zoila Salinas
Tink-a-Tako - Potranco,Daniela Torres,222,,Lobby,,8/10/25 12:00 PM,8/10/25 12:04 PM,4 minutes and 9 seconds,Zoila Salinas
Tink-a-Tako - Potranco,Maria Majana,205,4,Lobby,,8/10/25 11:52 AM,8/10/25 12:05 PM,13 minutes and 6 seconds,Zoila Salinas
Tink-a-Tako - Potranco,Esperansa Caviedes,185,37,Lobby,,8/10/25 12:00 PM,8/10/25 12:06 PM,6 minutes and 25 seconds,Zoila Salinas
Tink-a-Tako - Potranco,Mayra Luna,215,21,Lobby,,8/10/25 11:53 AM,8/10/25 12:06 PM,13 minutes and 3 seconds,Zoila Salinas
Tink-a-Tako - Potranco,Mayra Luna,215,21,Tortillero,,8/10/25 11:53 AM,8/10/25 12:06 PM,13 minutes and 3 seconds,Zoila Salinas
Tink-a-Tako - Potranco,Mayra Luna,215,21,Prep,,8/10/25 11:53 AM,8/10/25 12:06 PM,13 minutes and 3 seconds,Zoila Salinas
Tink-a-Tako - Potranco,Daniela Torres,226,,Lobby,,8/10/25 12:03 PM,8/10/25 12:06 PM,3 minutes and 47 seconds,Zoila Salinas
Tink-a-Tako - Potranco,Esperansa Caviedes,216,10,Lobby,,8/10/25 11:53 AM,8/10/25 12:09 PM,15 minutes and 58 seconds,Zoila Salinas
Tink-a-Tako - Potranco,Esperansa Caviedes,216,10,Prep,,8/10/25 11:53 AM,8/10/25 12:09 PM,15 minutes and 58 seconds,Zoila Salinas
Tink-a-Tako - Potranco,Isabel Cisneros,218,23,Lobby,,8/10/25 11:54 AM,8/10/25 12:10 PM,15 minutes and 54 seconds,Zoila Salinas
Tink-a-Tako - Potranco,Isabel Cisneros,218,23,Tortillero,,8/10/25 11:54 AM,8/10/25 12:10 PM,15 minutes and 54 seconds,Zoila Salinas
Tink-a-Tako - Potranco,Sergio Abundiz,207,39,Lobby,,8/10/25 12:01 PM,8/10/25 12:10 PM,8 minutes and 41 seconds,Zoila Salinas
Tink-a-Tako - Potranco,Mayra Luna,224,17,Lobby,,8/10/25 12:01 PM,8/10/25 12:10 PM,8 minutes and 49 seconds,Zoila Salinas
Tink-a-Tako - Potranco,Mayra Luna,224,17,Prep,,8/10/25 12:01 PM,8/10/25 12:10 PM,8 minutes and 49 seconds,Zoila Salinas
Tink-a-Tako - Potranco,Isabel Cisneros,228,38,Lobby,,8/10/25 12:03 PM,8/10/25 12:11 PM,7 minutes and 54 seconds,Zoila Salinas
Tink-a-Tako - Potranco,Isabel Cisneros,228,38,Prep,,8/10/25 12:03 PM,8/10/25 12:11 PM,7 minutes and 54 seconds,Zoila Salinas
Tink-a-Tako - Potranco,Daniela Torres,229,,Lobby,,8/10/25 12:03 PM,8/10/25 12:11 PM,7 minutes and 45 seconds,Zoila Salinas
Tink-a-Tako - Potranco,Daniela Torres,201,,Lobby,,8/10/25 12:04 PM,8/10/25 12:12 PM,7 minutes and 17 seconds,Zoila Salinas
Tink-a-Tako - Potranco,Silvia Hernandez,227,18,Lobby,,8/10/25 12:05 PM,8/10/25 12:13 PM,7 minutes and 37 seconds,Zoila Salinas
Tink-a-Tako - Potranco,Daniela Torres,232,,Lobby,,8/10/25 12:05 PM,8/10/25 12:13 PM,7 minutes and 16 seconds,Zoila Salinas
Tink-a-Tako - Potranco,Mayra Luna,230,11,Lobby,,8/10/25 12:06 PM,8/10/25 12:13 PM,7 minutes and 3 seconds,Zoila Salinas
Tink-a-Tako - Potranco,Mayra Luna,224,17,,2,8/10/25 12:10 PM,8/10/25 12:15 PM,4 minutes and 41 seconds,Zoila Salinas
Tink-a-Tako - Potranco,Isabel Cisneros,228,38,,2,8/10/25 12:11 PM,8/10/25 12:15 PM,4 minutes and 5 seconds,Zoila Salinas
Tink-a-Tako - Potranco,Daniela Torres,237,,Lobby,,8/10/25 12:10 PM,8/10/25 12:15 PM,4 minutes and 58 seconds,Zoila Salinas
Tink-a-Tako - Potranco,Sergio Abundiz,235,19,Lobby,,8/10/25 12:09 PM,8/10/25 12:15 PM,6 minutes and 10 seconds,Zoila Salinas
Tink-a-Tako - Potranco,Sergio Abundiz,235,19,Prep,,8/10/25 12:09 PM,8/10/25 12:15 PM,6 minutes and 10 seconds,Zoila Salinas
Tink-a-Tako - Potranco,Isabel Cisneros,238,37,Lobby,,8/10/25 12:11 PM,8/10/25 12:16 PM,4 minutes and 56 seconds,Zoila Salinas
Tink-a-Tako - Potranco,Isabel Cisneros,238,37,Prep,,8/10/25 12:11 PM,8/10/25 12:16 PM,4 minutes and 56 seconds,Zoila Salinas
Tink-a-Tako - Potranco,Silvia Hernandez,211,9,Lobby,,8/10/25 12:12 PM,8/10/25 12:16 PM,4 minutes and 35 seconds,Zoila Salinas
Tink-a-Tako - Potranco,Daniela Torres,233,,Lobby,,8/10/25 12:07 PM,8/10/25 12:17 PM,9 minutes and 37 seconds,Zoila Salinas
Tink-a-Tako - Potranco,Daniela Torres,233,,Tortillero,,8/10/25 12:07 PM,8/10/25 12:17 PM,9 minutes and 37 seconds,Zoila Salinas
Tink-a-Tako - Potranco,Giselle Cisneross,239,,Lobby,,8/10/25 12:12 PM,8/10/25 12:17 PM,5 minutes and 19 seconds,Zoila Salinas
Tink-a-Tako - Potranco,Esperansa Caviedes,225,12,Lobby,,8/10/25 12:09 PM,8/10/25 12:17 PM,8 minutes and 7 seconds,Zoila Salinas
Tink-a-Tako - Potranco,Esperansa Caviedes,225,12,Tortillero,,8/10/25 12:09 PM,8/10/25 12:17 PM,8 minutes and 7 seconds,Zoila Salinas
Tink-a-Tako - Potranco,Silvia Hernandez,236,15,Lobby,,8/10/25 12:10 PM,8/10/25 12:18 PM,7 minutes and 4 seconds,Zoila Salinas
Tink-a-Tako - Potranco,Silvia Hernandez,236,15,Prep,,8/10/25 12:10 PM,8/10/25 12:18 PM,7 minutes and 4 seconds,Zoila Salinas
Tink-a-Tako - Potranco,Giselle Cisneross,234,,Lobby,,8/10/25 12:08 PM,8/10/25 12:17 PM,9 minutes and 51 seconds,Zoila Salinas
Tink-a-Tako - Potranco,Silvia Hernandez,227,18,Lobby,,8/10/25 12:15 PM,8/10/25 12:18 PM,2 minutes and 58 seconds,Zoila Salinas
Tink-a-Tako - Potranco,Silvia Hernandez,227,18,Prep,,8/10/25 12:15 PM,8/10/25 12:18 PM,2 minutes and 58 seconds,Zoila Salinas
Tink-a-Tako - Potranco,Daniela Torres,243,,Lobby,,8/10/25 12:15 PM,8/10/25 12:18 PM,3 minutes and 4 seconds,Zoila Salinas
Tink-a-Tako - Potranco,Daniela Torres,241,,Lobby,,8/10/25 12:12 PM,8/10/25 12:19 PM,6 minutes and 1 second,Zoila Salinas
Tink-a-Tako - Potranco,Esperansa Caviedes,242,42,Lobby,,8/10/25 12:14 PM,8/10/25 12:19 PM,4 minutes and 58 seconds,Zoila Salinas
Tink-a-Tako - Potranco,Maria Majana,205,4,,2,8/10/25 12:05 PM,8/10/25 12:20 PM,15 minutes and 26 seconds,Zoila Salinas
Tink-a-Tako - Potranco,Daniela Torres,244,,Lobby,,8/10/25 12:17 PM,8/10/25 12:21 PM,4 minutes and 24 seconds,Zoila Salinas
Tink-a-Tako - Potranco,Daniela Torres,231,,Lobby,,8/10/25 12:20 PM,8/10/25 12:23 PM,3 minutes and 16 seconds,Zoila Salinas
Tink-a-Tako - Potranco,Daniela Torres,250,,Lobby,,8/10/25 12:22 PM,8/10/25 12:24 PM,1 minute and 53 seconds,Zoila Salinas
Tink-a-Tako - Potranco,Daniela Torres,253,,Lobby,,8/10/25 12:24 PM,8/10/25 12:26 PM,1 minute and 15 seconds,Zoila Salinas
Tink-a-Tako - Potranco,Rosie  ORDONEZ,252,40,Lobby,,8/10/25 12:23 PM,8/10/25 12:27 PM,3 minutes and 42 seconds,Zoila Salinas
Tink-a-Tako - Potranco,Esperansa Caviedes,249,32,Lobby,,8/10/25 12:22 PM,8/10/25 12:29 PM,7 minutes and 32 seconds,Zoila Salinas
Tink-a-Tako - Potranco,Isabel Cisneros,251,33,Lobby,,8/10/25 12:22 PM,8/10/25 12:30 PM,8 minutes and 11 seconds,Zoila Salinas
Tink-a-Tako - Potranco,Sergio Abundiz,246,36,Lobby,,8/10/25 12:19 PM,8/10/25 12:30 PM,11 minutes,Zoila Salinas
Tink-a-Tako - Potranco,Sergio Abundiz,246,36,Tortillero,,8/10/25 12:19 PM,8/10/25 12:30 PM,11 minutes,Zoila Salinas
Tink-a-Tako - Potranco,Sergio Abundiz,246,36,Prep,,8/10/25 12:19 PM,8/10/25 12:30 PM,11 minutes,Zoila Salinas
Tink-a-Tako - Potranco,Daniela Torres,254,,Lobby,,8/10/25 12:27 PM,8/10/25 12:33 PM,5 minutes and 51 seconds,Zoila Salinas
Tink-a-Tako - Potranco,Giselle Cisneross,264,,Prep,,8/10/25 12:32 PM,8/10/25 12:35 PM,2 minutes and 14 seconds,Zoila Salinas
Tink-a-Tako - Potranco,Giselle Cisneross,264,,Lobby,,8/10/25 12:32 PM,8/10/25 12:35 PM,2 minutes and 14 seconds,Zoila Salinas
Tink-a-Tako - Potranco,Rosie  ORDONEZ,258,22,Lobby,,8/10/25 12:30 PM,8/10/25 12:37 PM,6 minutes and 50 seconds,Zoila Salinas
Tink-a-Tako - Potranco,Maria Majana,261,8,Lobby,,8/10/25 12:30 PM,8/10/25 12:37 PM,6 minutes and 46 seconds,Zoila Salinas
Tink-a-Tako - Potranco,Maria Majana,261,8,Tortillero,,8/10/25 12:30 PM,8/10/25 12:37 PM,6 minutes and 46 seconds,Zoila Salinas
Tink-a-Tako - Potranco,Maria Majana,261,8,Prep,,8/10/25 12:30 PM,8/10/25 12:37 PM,6 minutes and 46 seconds,Zoila Salinas
Tink-a-Tako - Potranco,Daniela Torres,259,,Lobby,,8/10/25 12:29 PM,8/10/25 12:37 PM,8 minutes and 30 seconds,Zoila Salinas
Tink-a-Tako - Potranco,Daniela Torres,257,,Lobby,,8/10/25 12:28 PM,8/10/25 12:37 PM,9 minutes and 39 seconds,Zoila Salinas
Tink-a-Tako - Potranco,Daniela Torres,248,,Lobby,,8/10/25 12:32 PM,8/10/25 12:38 PM,5 minutes and 46 seconds,Zoila Salinas
Tink-a-Tako - Potranco,Silvia Hernandez,263,26,Lobby,,8/10/25 12:32 PM,8/10/25 12:40 PM,7 minutes and 23 seconds,Zoila Salinas
Tink-a-Tako - Potranco,Daniela Torres,265,,Prep,,8/10/25 12:36 PM,8/10/25 12:41 PM,4 minutes and 17 seconds,Zoila Salinas
Tink-a-Tako - Potranco,Daniela Torres,265,,Lobby,,8/10/25 12:36 PM,8/10/25 12:41 PM,4 minutes and 17 seconds,Zoila Salinas
Tink-a-Tako - Potranco,Daniela Torres,265,,Tortillero,,8/10/25 12:36 PM,8/10/25 12:41 PM,4 minutes and 17 seconds,Zoila Salinas
Tink-a-Tako - Potranco,Esperansa Caviedes,271,25,Lobby,,8/10/25 12:38 PM,8/10/25 12:43 PM,4 minutes and 55 seconds,Zoila Salinas
Tink-a-Tako - Potranco,Esperansa Caviedes,271,25,Tortillero,,8/10/25 12:38 PM,8/10/25 12:43 PM,4 minutes and 55 seconds,Zoila Salinas
Tink-a-Tako - Potranco,Daniela Torres,270,,Lobby,,8/10/25 12:41 PM,8/10/25 12:44 PM,3 minutes and 36 seconds,Zoila Salinas
Tink-a-Tako - Potranco,Daniela Torres,275,,Lobby,,8/10/25 12:42 PM,8/10/25 12:45 PM,2 minutes and 59 seconds,Zoila Salinas
Tink-a-Tako - Potranco,Rosie  ORDONEZ,266,1,Lobby,,8/10/25 12:36 PM,8/10/25 12:46 PM,9 minutes and 21 seconds,Zoila Salinas
Tink-a-Tako - Potranco,Mayra Luna,272,31,Lobby,,8/10/25 12:40 PM,8/10/25 12:46 PM,6 minutes and 9 seconds,Zoila Salinas
Tink-a-Tako - Potranco,Mayra Luna,272,31,Tortillero,,8/10/25 12:40 PM,8/10/25 12:46 PM,6 minutes and 9 seconds,Zoila Salinas
Tink-a-Tako - Potranco,Mayra Luna,272,31,Prep,,8/10/25 12:40 PM,8/10/25 12:46 PM,6 minutes and 9 seconds,Zoila Salinas
Tink-a-Tako - Potranco,Daniela Torres,280,,Lobby,,8/10/25 12:45 PM,8/10/25 12:47 PM,2 minutes and 36 seconds,Zoila Salinas
Tink-a-Tako - Potranco,Isabel Cisneros,279,2,Lobby,,8/10/25 12:45 PM,8/10/25 12:49 PM,3 minutes and 30 seconds,Zoila Salinas
Tink-a-Tako - Potranco,Esperansa Caviedes,274,20,Lobby,,8/10/25 12:45 PM,8/10/25 12:49 PM,3 minutes and 59 seconds,Zoila Salinas
Tink-a-Tako - Potranco,Mayra Luna,215,21,,2,8/10/25 12:06 PM,8/10/25 12:49 PM,43 minutes and 13 seconds,Zoila Salinas
Tink-a-Tako - Potranco,Maria Majana,204,4,,2,8/10/25 12:03 PM,8/10/25 12:49 PM,45 minutes and 58 seconds,Zoila Salinas
Tink-a-Tako - Potranco,Daniela Torres,281,,Lobby,,8/10/25 12:46 PM,8/10/25 12:50 PM,3 minutes and 47 seconds,Zoila Salinas
Tink-a-Tako - Potranco,Sergio Abundiz,278,10,Lobby,,8/10/25 12:46 PM,8/10/25 12:52 PM,5 minutes and 20 seconds,Zoila Salinas
Tink-a-Tako - Potranco,Sergio Abundiz,278,10,Tortillero,,8/10/25 12:46 PM,8/10/25 12:52 PM,5 minutes and 20 seconds,Zoila Salinas
Tink-a-Tako - Potranco,Sergio Abundiz,278,10,Prep,,8/10/25 12:46 PM,8/10/25 12:52 PM,5 minutes and 20 seconds,Zoila Salinas
Tink-a-Tako - Potranco,Maria Majana,273,23,Lobby,,8/10/25 12:47 PM,8/10/25 12:53 PM,6 minutes and 18 seconds,Zoila Salinas
Tink-a-Tako - Potranco,Maria Majana,273,23,Tortillero,,8/10/25 12:47 PM,8/10/25 12:53 PM,6 minutes and 18 seconds,Zoila Salinas
Tink-a-Tako - Potranco,Giselle Cisneross,264,,,2,8/10/25 12:35 PM,8/10/25 12:53 PM,18 minutes and 40 seconds,Zoila Salinas
Tink-a-Tako - Potranco,Rosie  ORDONEZ,266,1,,2,8/10/25 12:46 PM,8/10/25 12:53 PM,7 minutes and 46 seconds,Zoila Salinas
Tink-a-Tako - Potranco,Silvia Hernandez,276,15,Lobby,,8/10/25 12:47 PM,8/10/25 12:54 PM,7 minutes and 47 seconds,Zoila Salinas
Tink-a-Tako - Potranco,Maria Majana,273,23,Lobby,,8/10/25 12:46 PM,8/10/25 12:54 PM,7 minutes and 58 seconds,Zoila Salinas
Tink-a-Tako - Potranco,Silvia Hernandez,282,18,Lobby,,8/10/25 12:47 PM,8/10/25 12:54 PM,7 minutes and 26 seconds,Zoila Salinas
Tink-a-Tako - Potranco,Esperansa Caviedes,249,32,Lobby,,8/10/25 12:53 PM,8/10/25 12:55 PM,1 minute and 29 seconds,Zoila Salinas
Tink-a-Tako - Potranco,Sergio Abundiz,287,17,Lobby,,8/10/25 12:53 PM,8/10/25 12:56 PM,2 minutes and 52 seconds,Zoila Salinas
Tink-a-Tako - Potranco,Sergio Abundiz,287,17,Prep,,8/10/25 12:53 PM,8/10/25 12:56 PM,2 minutes and 52 seconds,Zoila Salinas
Tink-a-Tako - Potranco,Maria Majana,273,23,,2,8/10/25 12:54 PM,8/10/25 12:56 PM,1 minute and 28 seconds,Zoila Salinas
Tink-a-Tako - Potranco,Daniela Torres,286,,Lobby,,8/10/25 12:52 PM,8/10/25 12:58 PM,5 minutes and 12 seconds,Zoila Salinas
Tink-a-Tako - Potranco,Daniela Torres,286,,Prep,,8/10/25 12:52 PM,8/10/25 12:58 PM,5 minutes and 12 seconds,Zoila Salinas
Tink-a-Tako - Potranco,Maria Majana,283,38,Lobby,,8/10/25 12:53 PM,8/10/25 12:59 PM,5 minutes and 51 seconds,Zoila Salinas
Tink-a-Tako - Potranco,Isabel Cisneros,284,42,Lobby,,8/10/25 12:51 PM,8/10/25 1:00 PM,8 minutes and 37 seconds,Zoila Salinas
Tink-a-Tako - Potranco,Giselle Cisneross,285,,Lobby,,8/10/25 12:53 PM,8/10/25 1:00 PM,6 minutes and 31 seconds,Zoila Salinas
Tink-a-Tako - Potranco,Giselle Cisneross,285,,Prep,,8/10/25 12:53 PM,8/10/25 1:00 PM,6 minutes and 31 seconds,Zoila Salinas
Tink-a-Tako - Potranco,Daniela Torres,277,,Prep,,8/10/25 12:55 PM,8/10/25 1:01 PM,5 minutes and 51 seconds,Zoila Salinas
Tink-a-Tako - Potranco,Daniela Torres,277,,Lobby,,8/10/25 12:55 PM,8/10/25 1:01 PM,5 minutes and 51 seconds,Zoila Salinas
Tink-a-Tako - Potranco,Daniela Torres,291,,Lobby,,8/10/25 1:04 PM,8/10/25 1:04 PM,23 seconds,Zoila Salinas
Tink-a-Tako - Potranco,Rosie  ORDONEZ,290,16,Lobby,,8/10/25 1:03 PM,8/10/25 1:08 PM,5 minutes and 2 seconds,Zoila Salinas
Tink-a-Tako - Potranco,Rosie  ORDONEZ,290,16,Tortillero,,8/10/25 1:03 PM,8/10/25 1:08 PM,5 minutes and 2 seconds,Zoila Salinas
Tink-a-Tako - Potranco,Rosie  ORDONEZ,290,16,Prep,,8/10/25 1:03 PM,8/10/25 1:08 PM,5 minutes and 2 seconds,Zoila Salinas
Tink-a-Tako - Potranco,Esperansa Caviedes,289,11,Lobby,,8/10/25 1:04 PM,8/10/25 1:10 PM,6 minutes and 17 seconds,Zoila Salinas
Tink-a-Tako - Potranco,Esperansa Caviedes,249,32,,2,8/10/25 12:29 PM,8/10/25 1:10 PM,41 minutes and 5 seconds,Zoila Salinas
Tink-a-Tako - Potranco,Sergio Abundiz,246,36,,2,8/10/25 12:30 PM,8/10/25 1:10 PM,39 minutes and 53 seconds,Zoila Salinas
Tink-a-Tako - Potranco,Isabel Cisneros,293,40,Lobby,,8/10/25 1:10 PM,8/10/25 1:11 PM,1 minute and 8 seconds,Zoila Salinas
Tink-a-Tako - Potranco,Isabel Cisneros,293,40,Prep,,8/10/25 1:10 PM,8/10/25 1:11 PM,1 minute and 8 seconds,Zoila Salinas
Tink-a-Tako - Potranco,Maria Majana,292,38,Lobby,,8/10/25 1:09 PM,8/10/25 1:13 PM,4 minutes and 2 seconds,Zoila Salinas
Tink-a-Tako - Potranco,Daniela Torres,295,,Lobby,,8/10/25 1:11 PM,8/10/25 1:14 PM,2 minutes and 26 seconds,Zoila Salinas
Tink-a-Tako - Potranco,Isabel Cisneros,294,40,Lobby,,8/10/25 1:10 PM,8/10/25 1:14 PM,3 minutes and 35 seconds,Zoila Salinas
Tink-a-Tako - Potranco,Isabel Cisneros,294,40,Prep,,8/10/25 1:10 PM,8/10/25 1:14 PM,3 minutes and 35 seconds,Zoila Salinas
Tink-a-Tako - Potranco,Sergio Abundiz,287,17,Lobby,,8/10/25 1:10 PM,8/10/25 1:14 PM,3 minutes and 31 seconds,Zoila Salinas
Tink-a-Tako - Potranco,Daniela Torres,296,,Lobby,,8/10/25 1:12 PM,8/10/25 1:15 PM,3 minutes and 10 seconds,Zoila Salinas
Tink-a-Tako - Potranco,Daniela Torres,297,,Prep,,8/10/25 1:13 PM,8/10/25 1:19 PM,5 minutes and 37 seconds,Zoila Salinas
Tink-a-Tako - Potranco,Daniela Torres,297,,Lobby,,8/10/25 1:13 PM,8/10/25 1:19 PM,5 minutes and 37 seconds,Zoila Salinas
Tink-a-Tako - Potranco,Daniela Torres,299,,Lobby,,8/10/25 1:16 PM,8/10/25 1:20 PM,3 minutes and 31 seconds,Zoila Salinas
Tink-a-Tako - Potranco,Esperansa Caviedes,301,26,Lobby,,8/10/25 1:19 PM,8/10/25 1:22 PM,2 minutes and 46 seconds,Zoila Salinas
Tink-a-Tako - Potranco,Esperansa Caviedes,301,26,Prep,,8/10/25 1:19 PM,8/10/25 1:22 PM,2 minutes and 46 seconds,Zoila Salinas
Tink-a-Tako - Potranco,Daniela Torres,300,,Prep,,8/10/25 1:17 PM,8/10/25 1:23 PM,6 minutes and 27 seconds,Zoila Salinas
Tink-a-Tako - Potranco,Daniela Torres,300,,Lobby,,8/10/25 1:17 PM,8/10/25 1:23 PM,6 minutes and 27 seconds,Zoila Salinas
Tink-a-Tako - Potranco,Silvia Hernandez,302,33,Lobby,,8/10/25 1:20 PM,8/10/25 1:23 PM,3 minutes and 26 seconds,Zoila Salinas
Tink-a-Tako - Potranco,Esperansa Caviedes,289,11,,2,8/10/25 1:10 PM,8/10/25 1:24 PM,13 minutes and 48 seconds,Zoila Salinas
Tink-a-Tako - Potranco,Rosie  ORDONEZ,290,16,,2,8/10/25 1:08 PM,8/10/25 1:24 PM,15 minutes and 40 seconds,Zoila Salinas
Tink-a-Tako - Potranco,Maria Majana,283,38,,2,8/10/25 12:59 PM,8/10/25 1:24 PM,24 minutes and 27 seconds,Zoila Salinas
Tink-a-Tako - Potranco,Maria Majana,292,38,,2,8/10/25 1:13 PM,8/10/25 1:24 PM,10 minutes and 30 seconds,Zoila Salinas
Tink-a-Tako - Potranco,Giselle Cisneross,285,,,2,8/10/25 1:00 PM,8/10/25 1:24 PM,23 minutes and 54 seconds,Zoila Salinas
Tink-a-Tako - Potranco,Daniela Torres,288,,Lobby,,8/10/25 1:19 PM,8/10/25 1:25 PM,5 minutes and 52 seconds,Zoila Salinas
Tink-a-Tako - Potranco,Daniela Torres,298,,Lobby,,8/10/25 1:15 PM,8/10/25 1:25 PM,9 minutes and 59 seconds,Zoila Salinas
Tink-a-Tako - Potranco,Daniela Torres,304,,Lobby,,8/10/25 1:24 PM,8/10/25 1:29 PM,5 minutes and 6 seconds,Zoila Salinas
Tink-a-Tako - Potranco,Silvia Hernandez,302,33,,2,8/10/25 1:23 PM,8/10/25 1:30 PM,6 minutes and 20 seconds,Zoila Salinas
Tink-a-Tako - Potranco,Esperansa Caviedes,301,26,,2,8/10/25 1:22 PM,8/10/25 1:30 PM,7 minutes and 58 seconds,Zoila Salinas
Tink-a-Tako - Potranco,Isabel Cisneros,293,40,,2,8/10/25 1:11 PM,8/10/25 1:30 PM,18 minutes and 30 seconds,Zoila Salinas
Tink-a-Tako - Potranco,Esperansa Caviedes,249,32,,2,8/10/25 12:55 PM,8/10/25 1:30 PM,34 minutes and 58 seconds,Zoila Salinas
Tink-a-Tako - Potranco,Sergio Abundiz,287,17,,2,8/10/25 1:14 PM,8/10/25 1:30 PM,16 minutes and 3 seconds,Zoila Salinas
Tink-a-Tako - Potranco,Isabel Cisneros,294,40,,2,8/10/25 1:14 PM,8/10/25 1:30 PM,16 minutes and 5 seconds,Zoila Salinas
Tink-a-Tako - Potranco,Isabel Cisneros,284,42,,2,8/10/25 1:00 PM,8/10/25 1:30 PM,30 minutes and 10 seconds,Zoila Salinas
Tink-a-Tako - Potranco,Silvia Hernandez,282,18,,2,8/10/25 12:54 PM,8/10/25 1:30 PM,35 minutes and 25 seconds,Zoila Salinas
Tink-a-Tako - Potranco,Sergio Abundiz,287,17,,2,8/10/25 12:56 PM,8/10/25 1:30 PM,34 minutes and 21 seconds,Zoila Salinas
Tink-a-Tako - Potranco,Esperansa Caviedes,274,20,,2,8/10/25 12:49 PM,8/10/25 1:30 PM,41 minutes and 16 seconds,Zoila Salinas
Tink-a-Tako - Potranco,Mayra Luna,272,31,,2,8/10/25 12:46 PM,8/10/25 1:30 PM,44 minutes and 45 seconds,Zoila Salinas
Tink-a-Tako - Potranco,Sergio Abundiz,278,10,,2,8/10/25 12:52 PM,8/10/25 1:30 PM,38 minutes and 47 seconds,Zoila Salinas
Tink-a-Tako - Potranco,Isabel Cisneros,279,2,,2,8/10/25 12:49 PM,8/10/25 1:30 PM,41 minutes and 49 seconds,Zoila Salinas
Tink-a-Tako - Potranco,Isabel Cisneros,293,40,,2,8/10/25 1:30 PM,8/10/25 1:31 PM,57 seconds,Zoila Salinas
Tink-a-Tako - Potranco,Giselle Cisneross,306,,Lobby,,8/10/25 1:27 PM,8/10/25 1:31 PM,4 minutes and 19 seconds,Zoila Salinas
Tink-a-Tako - Potranco,Maria Majana,11001,38,Lobby,,8/10/25 1:29 PM,8/10/25 1:31 PM,1 minute and 57 seconds,Zoila Salinas
Tink-a-Tako - Potranco,Isabel Cisneros,293,40,Lobby,,8/10/25 1:29 PM,8/10/25 1:31 PM,2 minutes and 1 second,Zoila Salinas
Tink-a-Tako - Potranco,Daniela Torres,304,,Prep,,8/10/25 1:32 PM,8/10/25 1:33 PM,1 minute and 22 seconds,Zoila Salinas
Tink-a-Tako - Potranco,Daniela Torres,304,,Lobby,,8/10/25 1:32 PM,8/10/25 1:33 PM,1 minute and 22 seconds,Zoila Salinas
Tink-a-Tako - Potranco,Sergio Abundiz,311,7,Lobby,,8/10/25 1:34 PM,8/10/25 1:40 PM,5 minutes and 51 seconds,Zoila Salinas
Tink-a-Tako - Potranco,Sergio Abundiz,311,7,Prep,,8/10/25 1:34 PM,8/10/25 1:40 PM,5 minutes and 51 seconds,Zoila Salinas
Tink-a-Tako - Potranco,Silvia Hernandez,312,9,Lobby,,8/10/25 1:36 PM,8/10/25 1:40 PM,3 minutes and 52 seconds,Zoila Salinas
Tink-a-Tako - Potranco,Daniela Torres,309,,Lobby,,8/10/25 1:32 PM,8/10/25 1:41 PM,8 minutes and 47 seconds,Zoila Salinas
Tink-a-Tako - Potranco,Daniela Torres,318,,Lobby,,8/10/25 1:40 PM,8/10/25 1:41 PM,1 minute,Zoila Salinas
Tink-a-Tako - Potranco,Daniela Torres,318,,Lobby,,8/10/25 1:40 PM,8/10/25 1:42 PM,1 minute and 20 seconds,Zoila Salinas
Tink-a-Tako - Potranco,Esperansa Caviedes,314,8,Lobby,,8/10/25 1:37 PM,8/10/25 1:42 PM,5 minutes and 33 seconds,Zoila Salinas
Tink-a-Tako - Potranco,Sergio Abundiz,316,23,Lobby,,8/10/25 1:39 PM,8/10/25 1:45 PM,5 minutes and 43 seconds,Zoila Salinas
Tink-a-Tako - Potranco,Esperansa Caviedes,305,24,Lobby,,8/10/25 1:34 PM,8/10/25 1:47 PM,12 minutes and 41 seconds,Zoila Salinas
Tink-a-Tako - Potranco,Esperansa Caviedes,305,24,Tortillero,,8/10/25 1:34 PM,8/10/25 1:47 PM,12 minutes and 41 seconds,Zoila Salinas
Tink-a-Tako - Potranco,Esperansa Caviedes,305,24,Prep,,8/10/25 1:34 PM,8/10/25 1:47 PM,12 minutes and 41 seconds,Zoila Salinas
Tink-a-Tako - Potranco,Maria Majana,317,32,Lobby,,8/10/25 1:40 PM,8/10/25 1:49 PM,8 minutes and 16 seconds,Zoila Salinas
Tink-a-Tako - Potranco,Sergio Abundiz,311,7,,2,8/10/25 1:40 PM,8/10/25 1:49 PM,9 minutes and 33 seconds,Zoila Salinas
Tink-a-Tako - Potranco,Esperansa Caviedes,305,24,,2,8/10/25 1:47 PM,8/10/25 1:49 PM,2 minutes,Zoila Salinas
Tink-a-Tako - Potranco,Rosie  ORDONEZ,323,21,Lobby,,8/10/25 1:42 PM,8/10/25 1:50 PM,8 minutes and 19 seconds,Zoila Salinas
Tink-a-Tako - Potranco,Rosie  ORDONEZ,320,19,Lobby,,8/10/25 1:41 PM,8/10/25 1:51 PM,10 minutes and 9 seconds,Zoila Salinas
Tink-a-Tako - Potranco,Maria Majana,273,23,,2,8/10/25 12:53 PM,8/10/25 1:51 PM,57 minutes and 39 seconds,Zoila Salinas
Tink-a-Tako - Potranco,Silvia Hernandez,276,15,,2,8/10/25 12:54 PM,8/10/25 1:51 PM,56 minutes and 37 seconds,Zoila Salinas
Tink-a-Tako - Potranco,Giselle Cisneross,306,,,2,8/10/25 1:31 PM,8/10/25 1:51 PM,20 minutes,Zoila Salinas
Tink-a-Tako - Potranco,Esperansa Caviedes,271,25,,2,8/10/25 12:43 PM,8/10/25 1:51 PM,"1 hour, 8 minutes and 15 seconds",Zoila Salinas
Tink-a-Tako - Potranco,Maria Majana,11001,38,,2,8/10/25 1:31 PM,8/10/25 1:51 PM,19 minutes and 45 seconds,Zoila Salinas
Tink-a-Tako - Potranco,Daniela Torres,327,,Lobby,,8/10/25 1:48 PM,8/10/25 1:51 PM,2 minutes and 35 seconds,Zoila Salinas
Tink-a-Tako - Potranco,Silvia Hernandez,312,9,,2,8/10/25 1:40 PM,8/10/25 1:51 PM,10 minutes and 53 seconds,Zoila Salinas
Tink-a-Tako - Potranco,Maria Majana,317,32,,2,8/10/25 1:49 PM,8/10/25 1:51 PM,2 minutes and 29 seconds,Zoila Salinas
Tink-a-Tako - Potranco,Rosie  ORDONEZ,323,21,,2,8/10/25 1:50 PM,8/10/25 1:51 PM,55 seconds,Zoila Salinas
Tink-a-Tako - Potranco,Silvia Hernandez,263,26,,2,8/10/25 12:40 PM,8/10/25 1:51 PM,"1 hour, 11 minutes and 47 seconds",Zoila Salinas
Tink-a-Tako - Potranco,Maria Majana,261,8,,2,8/10/25 12:37 PM,8/10/25 1:51 PM,"1 hour, 14 minutes and 29 seconds",Zoila Salinas
Tink-a-Tako - Potranco,Isabel Cisneros,293,40,,2,8/10/25 1:31 PM,8/10/25 1:51 PM,20 minutes and 10 seconds,Zoila Salinas
Tink-a-Tako - Potranco,Rosie  ORDONEZ,258,22,,2,8/10/25 12:37 PM,8/10/25 1:51 PM,"1 hour, 14 minutes and 34 seconds",Zoila Salinas
Tink-a-Tako - Potranco,Giselle Cisneross,326,,Lobby,,8/10/25 1:46 PM,8/10/25 1:51 PM,5 minutes and 34 seconds,Zoila Salinas
Tink-a-Tako - Potranco,Giselle Cisneross,326,,Prep,,8/10/25 1:46 PM,8/10/25 1:51 PM,5 minutes and 34 seconds,Zoila Salinas
Tink-a-Tako - Potranco,Isabel Cisneros,251,33,,2,8/10/25 12:30 PM,8/10/25 1:51 PM,"1 hour, 21 minutes and 6 seconds",Zoila Salinas
Tink-a-Tako - Potranco,Esperansa Caviedes,314,8,,2,8/10/25 1:42 PM,8/10/25 1:52 PM,9 minutes and 16 seconds,Zoila Salinas
Tink-a-Tako - Potranco,Rosie  ORDONEZ,252,40,,2,8/10/25 12:27 PM,8/10/25 1:52 PM,"1 hour, 24 minutes and 55 seconds",Zoila Salinas
Tink-a-Tako - Potranco,Esperansa Caviedes,242,42,,2,8/10/25 12:19 PM,8/10/25 1:52 PM,"1 hour, 32 minutes and 56 seconds",Zoila Salinas
Tink-a-Tako - Potranco,Silvia Hernandez,227,18,,2,8/10/25 12:18 PM,8/10/25 1:52 PM,1 hour and 34 minutes,Zoila Salinas
Tink-a-Tako - Potranco,Giselle Cisneross,239,,,2,8/10/25 12:17 PM,8/10/25 1:52 PM,"1 hour, 34 minutes and 30 seconds",Zoila Salinas
Tink-a-Tako - Potranco,Silvia Hernandez,211,9,,2,8/10/25 12:16 PM,8/10/25 1:52 PM,"1 hour, 35 minutes and 22 seconds",Zoila Salinas
Tink-a-Tako - Potranco,Silvia Hernandez,236,15,,2,8/10/25 12:18 PM,8/10/25 1:52 PM,"1 hour, 34 minutes and 5 seconds",Zoila Salinas
Tink-a-Tako - Potranco,Isabel Cisneros,238,37,,2,8/10/25 12:16 PM,8/10/25 1:52 PM,"1 hour, 35 minutes and 43 seconds",Zoila Salinas
Tink-a-Tako - Potranco,Rosie  ORDONEZ,320,19,,2,8/10/25 1:51 PM,8/10/25 1:52 PM,1 minute and 9 seconds,Zoila Salinas
Tink-a-Tako - Potranco,Sergio Abundiz,316,23,,2,8/10/25 1:45 PM,8/10/25 1:52 PM,7 minutes,Zoila Salinas
Tink-a-Tako - Potranco,Sergio Abundiz,235,19,,2,8/10/25 12:15 PM,8/10/25 1:52 PM,"1 hour, 36 minutes and 30 seconds",Zoila Salinas
Tink-a-Tako - Potranco,Giselle Cisneross,326,,,2,8/10/25 1:51 PM,8/10/25 1:52 PM,26 seconds,Zoila Salinas
Tink-a-Tako - Potranco,Esperansa Caviedes,225,12,,2,8/10/25 12:17 PM,8/10/25 1:52 PM,"1 hour, 35 minutes and 5 seconds",Zoila Salinas
Tink-a-Tako - Potranco,Giselle Cisneross,234,,,2,8/10/25 12:17 PM,8/10/25 1:52 PM,"1 hour, 34 minutes and 42 seconds",Zoila Salinas
Tink-a-Tako - Potranco,Daniela Torres,331,,Prep,,8/10/25 1:53 PM,8/10/25 1:54 PM,1 minute,Zoila Salinas
Tink-a-Tako - Potranco,Daniela Torres,331,,Lobby,,8/10/25 1:53 PM,8/10/25 1:54 PM,1 minute,Zoila Salinas
Tink-a-Tako - Potranco,Silvia Hernandez,319,17,Lobby,,8/10/25 1:42 PM,8/10/25 1:54 PM,12 minutes and 25 seconds,Zoila Salinas
Tink-a-Tako - Potranco,Maria Majana,325,18,Lobby,,8/10/25 1:52 PM,8/10/25 1:56 PM,4 minutes and 9 seconds,Zoila Salinas
Tink-a-Tako - Potranco,Esperansa Caviedes,206,41,,2,8/10/25 11:56 AM,8/10/25 1:57 PM,2 hours and 5 seconds,Zoila Salinas
Tink-a-Tako - Potranco,Silvia Hernandez,211,9,,2,8/10/25 11:58 AM,8/10/25 1:57 PM,"1 hour, 58 minutes and 14 seconds",Zoila Salinas
Tink-a-Tako - Potranco,Maria Majana,202,4,,2,8/10/25 11:58 AM,8/10/25 1:57 PM,"1 hour, 58 minutes and 13 seconds",Zoila Salinas
Tink-a-Tako - Potranco,Maria Majana,203,4,,2,8/10/25 12:01 PM,8/10/25 1:57 PM,"1 hour, 55 minutes and 31 seconds",Zoila Salinas
Tink-a-Tako - Potranco,Giselle Cisneross,329,,Lobby,,8/10/25 1:52 PM,8/10/25 1:57 PM,4 minutes and 58 seconds,Zoila Salinas
Tink-a-Tako - Potranco,Isabel Cisneros,324,37,Lobby,,8/10/25 1:44 PM,8/10/25 1:58 PM,13 minutes and 25 seconds,Zoila Salinas
Tink-a-Tako - Potranco,Daniela Torres,333,,Lobby,,8/10/25 1:54 PM,8/10/25 1:59 PM,4 minutes and 19 seconds,Zoila Salinas
Tink-a-Tako - Potranco,Daniela Torres,333,,Prep,,8/10/25 1:54 PM,8/10/25 1:59 PM,4 minutes and 19 seconds,Zoila Salinas
Tink-a-Tako - Potranco,Daniela Torres,334,,Lobby,,8/10/25 1:58 PM,8/10/25 1:59 PM,1 minute and 32 seconds,Zoila Salinas
Tink-a-Tako - Potranco,Maria Majana,325,18,Lobby,,8/10/25 1:51 PM,8/10/25 2:00 PM,8 minutes and 30 seconds,Zoila Salinas
Tink-a-Tako - Potranco,Rosie  ORDONEZ,330,33,Lobby,,8/10/25 1:54 PM,8/10/25 2:02 PM,7 minutes and 27 seconds,Zoila Salinas
Tink-a-Tako - Potranco,Rosie  ORDONEZ,330,33,Tortillero,,8/10/25 1:54 PM,8/10/25 2:02 PM,7 minutes and 27 seconds,Zoila Salinas
Tink-a-Tako - Potranco,Rosie  ORDONEZ,330,33,Prep,,8/10/25 1:54 PM,8/10/25 2:02 PM,7 minutes and 27 seconds,Zoila Salinas
Tink-a-Tako - Potranco,Daniela Torres,334,,Lobby,,8/10/25 1:58 PM,8/10/25 2:02 PM,4 minutes and 26 seconds,Zoila Salinas
Tink-a-Tako - Potranco,Esperansa Caviedes,321,31,Lobby,,8/10/25 1:55 PM,8/10/25 2:02 PM,7 minutes and 24 seconds,Zoila Salinas
Tink-a-Tako - Potranco,Esperansa Caviedes,321,31,Tortillero,,8/10/25 1:55 PM,8/10/25 2:02 PM,7 minutes and 24 seconds,Zoila Salinas
Tink-a-Tako - Potranco,Esperansa Caviedes,321,31,Prep,,8/10/25 1:55 PM,8/10/25 2:02 PM,7 minutes and 24 seconds,Zoila Salinas
Tink-a-Tako - Potranco,Daniela Torres,336,,Lobby,,8/10/25 2:01 PM,8/10/25 2:02 PM,51 seconds,Zoila Salinas
Tink-a-Tako - Potranco,Isabel Cisneros,337,39,Lobby,,8/10/25 2:02 PM,8/10/25 2:04 PM,1 minute and 33 seconds,Zoila Salinas
Tink-a-Tako - Potranco,Giselle Cisneross,332,,Lobby,,8/10/25 1:56 PM,8/10/25 2:07 PM,11 minutes and 1 second,Zoila Salinas
Tink-a-Tako - Potranco,Giselle Cisneross,332,,Prep,,8/10/25 1:56 PM,8/10/25 2:07 PM,11 minutes and 1 second,Zoila Salinas
Tink-a-Tako - Potranco,Daniela Torres,339,,Lobby,,8/10/25 2:07 PM,8/10/25 2:09 PM,1 minute and 27 seconds,Zoila Salinas
Tink-a-Tako - Potranco,Daniela Torres,339,,Lobby,,8/10/25 2:04 PM,8/10/25 2:11 PM,6 minutes and 38 seconds,Zoila Salinas
Tink-a-Tako - Potranco,Mayra Luna,26,,Lobby,,8/10/25 2:08 PM,8/10/25 2:12 PM,4 minutes and 39 seconds,Zoila Salinas
Tink-a-Tako - Potranco,Sergio Abundiz,341,11,Lobby,,8/10/25 2:11 PM,8/10/25 2:12 PM,1 minute and 18 seconds,Zoila Salinas
Tink-a-Tako - Potranco,Esperansa Caviedes,335,4,Lobby,,8/10/25 2:14 PM,8/10/25 2:23 PM,8 minutes and 58 seconds,Zoila Salinas
Tink-a-Tako - Potranco,Esperansa Caviedes,335,4,Tortillero,,8/10/25 2:14 PM,8/10/25 2:23 PM,8 minutes and 58 seconds,Zoila Salinas
Tink-a-Tako - Potranco,Esperansa Caviedes,335,4,Prep,,8/10/25 2:14 PM,8/10/25 2:23 PM,8 minutes and 58 seconds,Zoila Salinas
Tink-a-Tako - Potranco,Sergio Abundiz,341,11,Lobby,,8/10/25 2:17 PM,8/10/25 2:28 PM,10 minutes and 30 seconds,Zoila Salinas
Tink-a-Tako - Potranco,Daniela Torres,340,,Lobby,,8/10/25 2:21 PM,8/10/25 2:29 PM,7 minutes and 57 seconds,Zoila Salinas
Tink-a-Tako - Potranco,Daniela Torres,343,,Lobby,,8/10/25 2:27 PM,8/10/25 2:29 PM,2 minutes and 6 seconds,Zoila Salinas
Tink-a-Tako - Potranco,Silvia Hernandez,342,7,Lobby,,8/10/25 2:20 PM,8/10/25 2:29 PM,8 minutes and 41 seconds,Zoila Salinas
Tink-a-Tako - Potranco,Esperansa Caviedes,344,24,Lobby,,8/10/25 2:30 PM,8/10/25 2:32 PM,2 minutes and 37 seconds,Zoila Salinas
Tink-a-Tako - Potranco,Daniela Torres,345,,Lobby,,8/10/25 2:34 PM,8/10/25 2:35 PM,1 minute and 9 seconds,Zoila Salinas
Tink-a-Tako - Potranco,Daniela Torres,346,,Lobby,,8/10/25 2:34 PM,8/10/25 2:37 PM,2 minutes and 46 seconds,Zoila Salinas
Tink-a-Tako - Potranco,Daniela Torres,349,,Lobby,,8/10/25 2:37 PM,8/10/25 2:38 PM,46 seconds,Zoila Salinas
Tink-a-Tako - Potranco,Sergio Abundiz,348,37,Lobby,,8/10/25 2:34 PM,8/10/25 2:38 PM,3 minutes and 49 seconds,Zoila Salinas
Tink-a-Tako - Potranco,Silvia Hernandez,342,7,Lobby,,8/10/25 2:38 PM,8/10/25 2:41 PM,2 minutes and 26 seconds,Zoila Salinas
Tink-a-Tako - Potranco,Daniela Torres,352,,Lobby,,8/10/25 2:41 PM,8/10/25 2:43 PM,1 minute and 41 seconds,Zoila Salinas
Tink-a-Tako - Potranco,Daniela Torres,303,,Lobby,,8/10/25 2:39 PM,8/10/25 2:43 PM,4 minutes and 25 seconds,Zoila Salinas
Tink-a-Tako - Potranco,Isabel Cisneros,351,17,Lobby,,8/10/25 2:39 PM,8/10/25 2:44 PM,4 minutes and 39 seconds,Zoila Salinas
Tink-a-Tako - Potranco,Sergio Abundiz,354,36,Lobby,,8/10/25 2:42 PM,8/10/25 2:45 PM,3 minutes and 32 seconds,Zoila Salinas
Tink-a-Tako - Potranco,Sergio Abundiz,354,36,Prep,,8/10/25 2:42 PM,8/10/25 2:45 PM,3 minutes and 32 seconds,Zoila Salinas
Tink-a-Tako - Potranco,Daniela Torres,353,,Prep,,8/10/25 2:44 PM,8/10/25 2:48 PM,3 minutes and 27 seconds,Zoila Salinas
Tink-a-Tako - Potranco,Daniela Torres,353,,Lobby,,8/10/25 2:44 PM,8/10/25 2:48 PM,3 minutes and 27 seconds,Zoila Salinas
Tink-a-Tako - Potranco,Daniela Torres,359,,Lobby,,8/10/25 2:49 PM,8/10/25 2:53 PM,4 minutes and 29 seconds,Zoila Salinas
Tink-a-Tako - Potranco,Daniela Torres,359,,Tortillero,,8/10/25 2:50 PM,8/10/25 2:53 PM,3 minutes and 46 seconds,Zoila Salinas
Tink-a-Tako - Potranco,Daniela Torres,359,,Prep,,8/10/25 2:50 PM,8/10/25 2:53 PM,3 minutes and 46 seconds,Zoila Salinas
Tink-a-Tako - Potranco,Daniela Torres,359,,Lobby,,8/10/25 2:50 PM,8/10/25 2:53 PM,3 minutes and 46 seconds,Zoila Salinas
Tink-a-Tako - Potranco,Isabel Cisneros,358,22,Lobby,,8/10/25 2:48 PM,8/10/25 2:55 PM,6 minutes and 57 seconds,Zoila Salinas
Tink-a-Tako - Potranco,Maria Majana,357,9,Lobby,,8/10/25 2:47 PM,8/10/25 2:55 PM,7 minutes and 24 seconds,Zoila Salinas
Tink-a-Tako - Potranco,Maria Majana,357,9,Lobby,,8/10/25 2:52 PM,8/10/25 2:56 PM,3 minutes and 41 seconds,Zoila Salinas
Tink-a-Tako - Potranco,Maria Majana,357,9,Lobby,,8/10/25 2:52 PM,8/10/25 2:56 PM,3 minutes and 13 seconds,Zoila Salinas
Tink-a-Tako - Potranco,Daniela Torres,361,,Prep,,8/10/25 2:52 PM,8/10/25 2:58 PM,5 minutes and 37 seconds,Zoila Salinas
Tink-a-Tako - Potranco,Daniela Torres,361,,Lobby,,8/10/25 2:52 PM,8/10/25 2:58 PM,5 minutes and 37 seconds,Zoila Salinas
Tink-a-Tako - Potranco,Maria Majana,357,9,Lobby,,8/10/25 2:59 PM,8/10/25 3:00 PM,1 minute and 5 seconds,Zoila Salinas
Tink-a-Tako - Potranco,Daniela Torres,360,,Lobby,,8/10/25 2:51 PM,8/10/25 3:03 PM,11 minutes and 19 seconds,Zoila Salinas
Tink-a-Tako - Potranco,Daniela Torres,360,,Tortillero,,8/10/25 2:51 PM,8/10/25 3:03 PM,11 minutes and 19 seconds,Zoila Salinas
Tink-a-Tako - Potranco,Daniela Torres,360,,Prep,,8/10/25 2:51 PM,8/10/25 3:03 PM,11 minutes and 19 seconds,Zoila Salinas
Tink-a-Tako - Potranco,Maria Majana,357,9,,2,8/10/25 2:56 PM,8/10/25 3:50 PM,54 minutes and 45 seconds,Zoila Salinas
Tink-a-Tako - Potranco,Maria Majana,357,9,,2,8/10/25 3:00 PM,8/10/25 3:50 PM,50 minutes and 36 seconds,Zoila Salinas
Tink-a-Tako - Potranco,Maria Majana,357,9,,2,8/10/25 2:56 PM,8/10/25 3:50 PM,54 minutes and 45 seconds,Zoila Salinas
Tink-a-Tako - Potranco,Sergio Abundiz,354,36,,2,8/10/25 2:45 PM,8/10/25 3:50 PM,"1 hour, 5 minutes and 20 seconds",Zoila Salinas
Tink-a-Tako - Potranco,Maria Majana,357,9,,2,8/10/25 2:55 PM,8/10/25 3:51 PM,55 minutes and 36 seconds,Zoila Salinas
Tink-a-Tako - Potranco,Sergio Abundiz,348,37,,2,8/10/25 2:38 PM,8/10/25 3:51 PM,"1 hour, 12 minutes and 26 seconds",Zoila Salinas
Tink-a-Tako - Potranco,Isabel Cisneros,358,22,,2,8/10/25 2:55 PM,8/10/25 3:51 PM,55 minutes and 39 seconds,Zoila Salinas
Tink-a-Tako - Potranco,Isabel Cisneros,351,17,,2,8/10/25 2:44 PM,8/10/25 3:51 PM,"1 hour, 6 minutes and 49 seconds",Zoila Salinas
Tink-a-Tako - Potranco,Sergio Abundiz,341,11,,2,8/10/25 2:28 PM,8/10/25 3:51 PM,"1 hour, 22 minutes and 49 seconds",Zoila Salinas
Tink-a-Tako - Potranco,Silvia Hernandez,342,7,,2,8/10/25 2:29 PM,8/10/25 3:51 PM,"1 hour, 21 minutes and 29 seconds",Zoila Salinas
Tink-a-Tako - Potranco,Silvia Hernandez,342,7,,2,8/10/25 2:41 PM,8/10/25 3:51 PM,"1 hour, 9 minutes and 52 seconds",Zoila Salinas
Tink-a-Tako - Potranco,Esperansa Caviedes,344,24,,2,8/10/25 2:32 PM,8/10/25 3:51 PM,"1 hour, 18 minutes and 15 seconds",Zoila Salinas
Tink-a-Tako - Potranco,Esperansa Caviedes,335,4,,2,8/10/25 2:23 PM,8/10/25 3:51 PM,"1 hour, 27 minutes and 29 seconds",Zoila Salinas
Tink-a-Tako - Potranco,Sergio Abundiz,341,11,,2,8/10/25 2:12 PM,8/10/25 3:51 PM,"1 hour, 38 minutes and 19 seconds",Zoila Salinas
Tink-a-Tako - Potranco,Giselle Cisneross,332,,,2,8/10/25 2:07 PM,8/10/25 3:51 PM,"1 hour, 43 minutes and 49 seconds",Zoila Salinas
Tink-a-Tako - Potranco,Mayra Luna,26,,,2,8/10/25 2:12 PM,8/10/25 3:51 PM,"1 hour, 38 minutes and 21 seconds",Zoila Salinas
Tink-a-Tako - Potranco,Isabel Cisneros,337,39,,2,8/10/25 2:04 PM,8/10/25 3:51 PM,"1 hour, 47 minutes and 13 seconds",Zoila Salinas
Tink-a-Tako - Potranco,Esperansa Caviedes,321,31,,2,8/10/25 2:02 PM,8/10/25 3:51 PM,"1 hour, 48 minutes and 34 seconds",Zoila Salinas
Tink-a-Tako - Potranco,Maria Majana,325,18,,2,8/10/25 1:56 PM,8/10/25 3:51 PM,"1 hour, 54 minutes and 34 seconds",Zoila Salinas
Tink-a-Tako - Potranco,Maria Majana,325,18,,2,8/10/25 2:00 PM,8/10/25 3:51 PM,"1 hour, 50 minutes and 58 seconds",Zoila Salinas
Tink-a-Tako - Potranco,Rosie  ORDONEZ,330,33,,2,8/10/25 2:02 PM,8/10/25 3:51 PM,"1 hour, 49 minutes and 18 seconds",Zoila Salinas
Tink-a-Tako - Potranco,Isabel Cisneros,324,37,,2,8/10/25 1:58 PM,8/10/25 3:51 PM,"1 hour, 53 minutes and 21 seconds",Zoila Salinas
Tink-a-Tako - Potranco,Giselle Cisneross,329,,,2,8/10/25 1:57 PM,8/10/25 3:51 PM,"1 hour, 54 minutes and 14 seconds",Zoila Salinas
Tink-a-Tako - Potranco,Silvia Hernandez,319,17,,2,8/10/25 1:54 PM,8/10/25 3:51 PM,"1 hour, 56 minutes and 30 seconds",Zoila Salinas
Tink-a-Tako - Potranco,Mayra Luna,230,11,,2,8/10/25 12:13 PM,8/10/25 3:51 PM,"3 hours, 38 minutes and 7 seconds",Zoila Salinas
Tink-a-Tako - Potranco,Silvia Hernandez,227,18,,2,8/10/25 12:13 PM,8/10/25 3:51 PM,"3 hours, 38 minutes and 28 seconds",Zoila Salinas
Tink-a-Tako - Potranco,Sergio Abundiz,207,39,,2,8/10/25 12:10 PM,8/10/25 3:51 PM,"3 hours, 40 minutes and 57 seconds",Zoila Salinas
Tink-a-Tako - Potranco,Giselle Cisneross,219,,,2,8/10/25 12:03 PM,8/10/25 3:51 PM,"3 hours, 47 minutes and 51 seconds",Zoila Salinas
Tink-a-Tako - Potranco,Esperansa Caviedes,185,37,,2,8/10/25 12:06 PM,8/10/25 3:51 PM,"3 hours, 45 minutes and 6 seconds",Zoila Salinas
Tink-a-Tako - Potranco,Isabel Cisneros,218,23,,2,8/10/25 12:10 PM,8/10/25 3:51 PM,"3 hours, 41 minutes and 15 seconds",Zoila Salinas
Tink-a-Tako - Potranco,Esperansa Caviedes,216,10,,2,8/10/25 12:09 PM,8/10/25 3:51 PM,"3 hours, 42 minutes and 3 seconds",Zoila Salinas
