Location,Order #,Opened,Server,Table,Revenue Center,Discount Amount,Amount,Tax,Tip,Gratuity,Duration (Opened to Paid)
Tink-a-Tako - Potranco,1,8/10/25 7:30 AM,Daniela Torres,,Dining Room,0.00,15.16,1.25,0.00,0.00,00:31:49
Tink-a-Tako - Potranco,2,8/10/25 7:58 AM,Daniela Torres,,Dining Room,0.00,24.92,2.06,0.00,0.00,00:06:34
Tink-a-Tako - Potranco,3,8/10/25 8:00 AM,Daniela Torres,,Dining Room,0.00,21.43,1.79,0.00,0.00,00:07:22
Tink-a-Tako - Potranco,4,8/10/25 8:03 AM,Esperansa Caviedes,24,Dining Room,0.00,25.57,2.11,7.00,0.00,00:19:47
Tink-a-Tako - Potranco,5,8/10/25 8:04 AM,Daniela Torres,,Dining Room,0.00,0.00,0.00,0.00,0.00,00:00:30
Tink-a-Tako - Potranco,6,8/10/25 8:05 AM,Daniela Torres,,Dining Room,0.00,8.26,0.68,0.00,0.00,00:08:21
Tink-a-Tako - Potranco,7,8/10/25 8:07 AM,Daniela Torres,,Dining Room,0.00,10.65,0.88,0.00,0.00,00:06:53
Tink-a-Tako - Potranco,8,8/10/25 8:09 AM,Daniela Torres,,Dining Room,0.00,9.77,0.81,0.00,0.00,00:00:35
Tink-a-Tako - Potranco,10,8/10/25 8:11 AM,Sergio Abundiz,32,Dining Room,0.00,19.89,1.64,3.47,0.00,00:23:12
Tink-a-Tako - Potranco,11,8/10/25 8:11 AM,Maria Majana,,Dining Room,0.00,16.46,1.36,0.00,0.00,00:01:11
Tink-a-Tako - Potranco,13,8/10/25 8:14 AM,Silvia Hernandez,21,Dining Room,0.00,17.77,1.47,0.00,0.00,00:29:14
Tink-a-Tako - Potranco,12,8/10/25 8:14 AM,Daniela Torres,,Dining Room,0.00,12.11,1.00,0.00,0.00,00:03:52
Tink-a-Tako - Potranco,14,8/10/25 8:15 AM,Daniela Torres,,Dining Room,0.00,10.36,0.86,1.00,0.00,00:04:31
Tink-a-Tako - Potranco,15,8/10/25 8:22 AM,Daniela Torres,,Dining Room,0.00,22.03,1.82,0.00,0.00,00:03:55
Tink-a-Tako - Potranco,17,8/10/25 8:25 AM,Isabel Cisneros,9,Dining Room,0.00,14.24,1.17,2.00,0.00,00:35:30
Tink-a-Tako - Potranco,18,8/10/25 8:26 AM,Daniela Torres,,Dining Room,0.00,10.55,0.88,5.00,0.00,00:03:34
Tink-a-Tako - Potranco,16,8/10/25 8:22 AM,Maria Majana,31,Dining Room,0.00,68.58,5.64,0.00,13.71,01:52:14
Tink-a-Tako - Potranco,19,8/10/25 8:27 AM,Daniela Torres,,Dining Room,0.00,0.00,0.00,0.00,0.00,00:01:29
Tink-a-Tako - Potranco,20,8/10/25 8:29 AM,Daniela Torres,,Dining Room,0.00,12.14,1.00,0.00,0.00,00:02:59
Tink-a-Tako - Potranco,21,8/10/25 8:32 AM,Esperansa Caviedes,25,Dining Room,0.00,35.50,2.93,4.00,0.00,01:33:30
Tink-a-Tako - Potranco,22,8/10/25 8:33 AM,Daniela Torres,,Dining Room,0.00,28.30,2.32,0.00,0.00,00:01:57
Tink-a-Tako - Potranco,23,8/10/25 8:38 AM,Daniela Torres,,Dining Room,0.00,10.96,0.90,0.00,0.00,00:00:58
Tink-a-Tako - Potranco,24,8/10/25 8:39 AM,Daniela Torres,,Dining Room,0.00,10.37,0.85,0.00,0.00,00:03:49
Tink-a-Tako - Potranco,26,8/10/25 8:40 AM,Mayra Luna,,Dining Room,52.53,0.00,0.00,0.00,0.00,07:09:36
Tink-a-Tako - Potranco,25,8/10/25 8:40 AM,Daniela Torres,,Dining Room,0.00,2.49,0.21,0.00,0.00,00:05:27
Tink-a-Tako - Potranco,27,8/10/25 8:46 AM,Daniela Torres,,Dining Room,0.00,9.75,0.81,0.00,0.00,00:03:54
Tink-a-Tako - Potranco,29,8/10/25 8:47 AM,Daniela Torres,,Dining Room,0.00,30.99,2.54,0.00,0.00,00:07:15
Tink-a-Tako - Potranco,30,8/10/25 8:48 AM,Daniela Torres,,Dining Room,0.00,6.78,0.56,0.00,0.00,00:07:40
Tink-a-Tako - Potranco,31,8/10/25 8:52 AM,Daniela Torres,,Dining Room,0.00,4.48,0.37,1.00,0.00,00:04:08
Tink-a-Tako - Potranco,32,8/10/25 8:53 AM,Silvia Hernandez,38,Dining Room,0.00,18.42,1.51,2.76,0.00,00:26:10
Tink-a-Tako - Potranco,33,8/10/25 8:54 AM,Maria Majana,18,Dining Room,0.00,29.86,2.45,10.00,0.00,00:30:47
Tink-a-Tako - Potranco,34,8/10/25 8:56 AM,Esperansa Caviedes,10,Dining Room,0.00,32.45,2.68,3.00,0.00,00:29:14
Tink-a-Tako - Potranco,35,8/10/25 8:56 AM,Sergio Abundiz,22,Dining Room,0.00,60.92,5.00,10.00,0.00,00:43:09
Tink-a-Tako - Potranco,36,8/10/25 8:58 AM,Isabel Cisneros,15,Dining Room,0.00,12.94,1.06,1.94,0.00,00:34:10
Tink-a-Tako - Potranco,37,8/10/25 9:00 AM,Daniela Torres,,Dining Room,0.00,16.62,1.38,0.00,0.00,00:03:37
Tink-a-Tako - Potranco,38,8/10/25 9:05 AM,Silvia Hernandez,24,Dining Room,0.00,29.66,2.43,4.00,0.00,00:30:13
Tink-a-Tako - Potranco,39,8/10/25 9:07 AM,Daniela Torres,,Dining Room,0.00,45.37,3.74,0.00,0.00,00:03:42
Tink-a-Tako - Potranco,43,8/10/25 9:10 AM,Giselle Cisneross,,Dining Room,0.00,6.47,0.54,0.00,0.00,00:00:21
Tink-a-Tako - Potranco,45,8/10/25 9:11 AM,Daniela Torres,,Dining Room,0.00,14.77,1.22,0.00,0.00,00:04:34
Tink-a-Tako - Potranco,47,8/10/25 9:13 AM,Daniela Torres,,Dining Room,0.00,9.95,0.82,0.00,0.00,00:10:31
Tink-a-Tako - Potranco,44,8/10/25 9:11 AM,Esperansa Caviedes,35,Dining Room,0.00,26.01,2.15,0.00,0.00,01:00:38
Tink-a-Tako - Potranco,46,8/10/25 9:12 AM,Maria Majana,7,Dining Room,0.00,17.94,1.48,6.00,0.00,00:36:18
Tink-a-Tako - Potranco,49,8/10/25 9:14 AM,Sergio Abundiz,11,Dining Room,0.00,38.52,3.19,7.00,0.00,01:18:59
Tink-a-Tako - Potranco,51,8/10/25 9:17 AM,Silvia Hernandez,23,Dining Room,0.00,56.62,4.66,0.00,0.00,00:40:35
Tink-a-Tako - Potranco,42,8/10/25 9:08 AM,Daniela Torres,,Dining Room,0.00,4.78,0.39,0.00,0.00,00:15:36
Tink-a-Tako - Potranco,52,8/10/25 9:18 AM,Daniela Torres,,Dining Room,0.00,1.99,0.16,0.00,0.00,00:05:59
Tink-a-Tako - Potranco,53,8/10/25 9:20 AM,Giselle Cisneross,,Dining Room,0.00,12.37,1.02,0.00,0.00,00:21:12
Tink-a-Tako - Potranco,55,8/10/25 9:21 AM,Esperansa Caviedes,8,Dining Room,0.00,23.00,1.89,4.00,0.00,00:23:42
Tink-a-Tako - Potranco,50,8/10/25 9:15 AM,Maria Majana,32,Dining Room,0.00,17.22,1.41,3.73,0.00,00:34:54
Tink-a-Tako - Potranco,56,8/10/25 9:21 AM,Sergio Abundiz,17,Dining Room,0.00,38.65,3.18,0.00,0.00,00:32:26
Tink-a-Tako - Potranco,57,8/10/25 9:22 AM,Isabel Cisneros,33,Dining Room,0.00,26.66,2.19,5.00,0.00,00:48:52
Tink-a-Tako - Potranco,58,8/10/25 9:23 AM,Isabel Cisneros,37,Dining Room,0.00,41.70,3.44,0.00,0.00,00:38:23
Tink-a-Tako - Potranco,59,8/10/25 9:24 AM,Daniela Torres,,Dining Room,0.00,11.15,0.92,0.00,0.00,00:00:58
Tink-a-Tako - Potranco,60,8/10/25 9:27 AM,Daniela Torres,,Dining Room,0.00,10.68,0.88,2.00,0.00,00:01:16
Tink-a-Tako - Potranco,61,8/10/25 9:33 AM,Silvia Hernandez,38,Dining Room,4.00,30.74,2.54,0.00,0.00,00:29:28
Tink-a-Tako - Potranco,62,8/10/25 9:34 AM,Daniela Torres,,Dining Room,0.00,27.56,2.27,0.00,0.00,00:02:53
Tink-a-Tako - Potranco,64,8/10/25 9:35 AM,Daniela Torres,,Dining Room,0.00,8.78,0.72,0.00,0.00,00:04:08
Tink-a-Tako - Potranco,66,8/10/25 9:38 AM,Giselle Cisneross,,Dining Room,0.00,11.27,0.92,0.00,0.00,00:00:20
Tink-a-Tako - Potranco,65,8/10/25 9:37 AM,Sergio Abundiz,42,Dining Room,0.00,55.65,4.60,0.00,0.00,00:36:46
Tink-a-Tako - Potranco,63,8/10/25 9:34 AM,Maria Majana,42,Dining Room,0.00,63.16,5.21,8.00,0.00,00:44:18
Tink-a-Tako - Potranco,67,8/10/25 9:39 AM,Daniela Torres,,Dining Room,0.00,16.21,1.33,0.00,0.00,00:03:08
Tink-a-Tako - Potranco,68,8/10/25 9:39 AM,Daniela Torres,,Dining Room,0.00,27.94,2.31,2.00,0.00,00:04:33
Tink-a-Tako - Potranco,69,8/10/25 9:40 AM,Esperansa Caviedes,12,Dining Room,0.00,32.96,2.72,25.00,0.00,00:40:45
Tink-a-Tako - Potranco,70,8/10/25 9:43 AM,Daniela Torres,,Dining Room,0.00,6.97,0.57,0.00,0.00,00:01:32
Tink-a-Tako - Potranco,71,8/10/25 9:44 AM,Daniela Torres,,Dining Room,0.00,11.98,0.99,0.00,0.00,00:02:47
Tink-a-Tako - Potranco,54,8/10/25 9:20 AM,Daniela Torres,,Dining Room,0.00,9.43,0.77,3.00,0.00,00:30:14
Tink-a-Tako - Potranco,72,8/10/25 9:48 AM,Daniela Torres,,Dining Room,0.00,13.56,1.12,0.00,0.00,00:03:32
Tink-a-Tako - Potranco,73,8/10/25 9:48 AM,Daniela Torres,,Dining Room,0.00,12.99,1.07,0.00,0.00,00:07:22
Tink-a-Tako - Potranco,74,8/10/25 9:49 AM,Maria Majana,22,Dining Room,0.00,21.23,1.75,0.00,0.00,00:23:43
Tink-a-Tako - Potranco,76,8/10/25 9:50 AM,Silvia Hernandez,18,Dining Room,0.00,35.81,2.96,0.00,0.00,01:27:27
Tink-a-Tako - Potranco,77,8/10/25 9:53 AM,Isabel Cisneros,39,Dining Room,0.00,22.70,1.87,3.00,0.00,00:51:58
Tink-a-Tako - Potranco,78,8/10/25 9:54 AM,Giselle Cisneross,,Dining Room,0.00,7.96,0.66,4.00,0.00,00:01:03
Tink-a-Tako - Potranco,79,8/10/25 9:56 AM,Daniela Torres,,Dining Room,0.00,8.28,0.69,0.00,0.00,00:01:19
Tink-a-Tako - Potranco,80,8/10/25 9:56 AM,Daniela Torres,,Dining Room,0.00,16.35,1.35,0.00,0.00,00:04:59
Tink-a-Tako - Potranco,81,8/10/25 9:58 AM,Daniela Torres,,Dining Room,0.00,19.34,1.59,0.00,0.00,00:05:11
Tink-a-Tako - Potranco,82,8/10/25 10:00 AM,Esperansa Caviedes,4,Dining Room,0.00,82.42,6.80,20.00,0.00,01:00:54
Tink-a-Tako - Potranco,75,8/10/25 9:49 AM,Daniela Torres,,Dining Room,0.00,13.54,1.12,0.00,0.00,00:15:46
Tink-a-Tako - Potranco,84,8/10/25 10:00 AM,Maria Majana,36,Dining Room,0.00,19.74,1.63,4.00,0.00,01:07:20
Tink-a-Tako - Potranco,86,8/10/25 10:03 AM,Daniela Torres,,Dining Room,0.00,4.98,0.41,0.00,0.00,00:05:27
Tink-a-Tako - Potranco,85,8/10/25 10:02 AM,Maria Majana,10,Dining Room,0.00,12.48,1.03,5.00,0.00,00:37:40
Tink-a-Tako - Potranco,87,8/10/25 10:03 AM,Sergio Abundiz,32,Dining Room,0.00,16.97,1.39,3.00,0.00,00:34:37
Tink-a-Tako - Potranco,89,8/10/25 10:04 AM,Daniela Torres,,Dining Room,0.00,19.65,1.62,0.00,0.00,00:04:55
Tink-a-Tako - Potranco,88,8/10/25 10:03 AM,Silvia Hernandez,24,Dining Room,0.00,19.85,1.63,5.97,0.00,00:58:03
Tink-a-Tako - Potranco,90,8/10/25 10:05 AM,Giselle Cisneross,,Dining Room,0.00,22.97,1.90,5.00,0.00,00:15:54
Tink-a-Tako - Potranco,83,8/10/25 10:00 AM,Daniela Torres,,Dining Room,0.00,26.41,2.18,0.00,0.00,00:11:56
Tink-a-Tako - Potranco,92,8/10/25 10:09 AM,Esperansa Caviedes,23,Dining Room,0.00,16.74,1.38,0.00,0.00,00:43:41
Tink-a-Tako - Potranco,93,8/10/25 10:11 AM,Isabel Cisneros,15,Dining Room,0.00,48.92,4.04,0.00,0.00,00:47:00
Tink-a-Tako - Potranco,94,8/10/25 10:14 AM,Maria Majana,1,Dining Room,0.00,66.87,5.52,0.00,13.37,00:50:10
Tink-a-Tako - Potranco,91,8/10/25 10:06 AM,Daniela Torres,,Dining Room,0.00,5.78,0.48,1.00,0.00,00:11:57
Tink-a-Tako - Potranco,96,8/10/25 10:15 AM,Isabel Cisneros,31,Dining Room,0.00,112.26,9.22,0.00,22.45,01:00:38
Tink-a-Tako - Potranco,97,8/10/25 10:15 AM,Silvia Hernandez,9,Dining Room,0.00,23.96,1.98,0.00,0.00,01:07:49
Tink-a-Tako - Potranco,95,8/10/25 10:15 AM,Daniela Torres,,Dining Room,0.00,13.43,1.10,0.00,0.00,00:04:42
Tink-a-Tako - Potranco,101,8/10/25 10:16 AM,Daniela Torres,,Dining Room,0.00,13.45,1.11,0.00,0.00,00:06:26
Tink-a-Tako - Potranco,104,8/10/25 10:17 AM,Giselle Cisneross,,Dining Room,0.00,13.26,1.09,4.00,0.00,00:00:18
Tink-a-Tako - Potranco,102,8/10/25 10:17 AM,Daniela Torres,,Dining Room,0.00,31.33,2.60,0.00,0.00,00:08:27
Tink-a-Tako - Potranco,106,8/10/25 10:17 AM,Esperansa Caviedes,25,Dining Room,0.00,12.98,1.07,0.00,0.00,00:27:25
Tink-a-Tako - Potranco,107,8/10/25 10:19 AM,Silvia Hernandez,7,Dining Room,0.00,22.35,1.84,0.00,0.00,00:40:58
Tink-a-Tako - Potranco,108,8/10/25 10:20 AM,Daniela Torres,,Dining Room,0.00,14.05,1.16,0.00,0.00,00:07:23
Tink-a-Tako - Potranco,110,8/10/25 10:21 AM,Maria Majana,37,Dining Room,0.00,17.65,1.46,5.00,0.00,00:46:01
Tink-a-Tako - Potranco,111,8/10/25 10:22 AM,Daniela Torres,,Dining Room,0.00,12.25,1.01,0.00,0.00,00:07:57
Tink-a-Tako - Potranco,112,8/10/25 10:23 AM,Maria Majana,38,Dining Room,0.00,10.98,0.91,0.00,0.00,00:33:56
Tink-a-Tako - Potranco,113,8/10/25 10:23 AM,Sergio Abundiz,17,Dining Room,0.00,59.33,4.89,0.00,0.00,00:38:10
Tink-a-Tako - Potranco,114,8/10/25 10:25 AM,Esperansa Caviedes,33,Dining Room,0.00,22.83,1.90,0.00,0.00,00:58:44
Tink-a-Tako - Potranco,115,8/10/25 10:27 AM,Isabel Cisneros,20,Dining Room,0.00,32.43,2.67,5.00,0.00,00:39:49
Tink-a-Tako - Potranco,116,8/10/25 10:28 AM,Silvia Hernandez,3,Dining Room,0.00,8.67,0.71,1.62,0.00,00:14:03
Tink-a-Tako - Potranco,117,8/10/25 10:30 AM,Daniela Torres,,Dining Room,0.00,17.75,1.47,1.00,0.00,00:02:11
Tink-a-Tako - Potranco,118,8/10/25 10:30 AM,Esperansa Caviedes,35,Dining Room,0.00,45.83,3.77,8.00,0.00,00:32:04
Tink-a-Tako - Potranco,119,8/10/25 10:30 AM,Sergio Abundiz,22,Dining Room,0.00,19.75,1.64,5.00,0.00,00:32:23
Tink-a-Tako - Potranco,120,8/10/25 10:31 AM,Daniela Torres,,Dining Room,0.00,5.44,0.44,0.00,0.00,00:03:58
Tink-a-Tako - Potranco,122,8/10/25 10:33 AM,Daniela Torres,,Dining Room,0.00,15.33,1.26,2.00,0.00,00:01:59
Tink-a-Tako - Potranco,123,8/10/25 10:36 AM,Silvia Hernandez,19,Dining Room,0.00,30.03,2.46,8.00,0.00,00:28:25
Tink-a-Tako - Potranco,105,8/10/25 10:17 AM,Daniela Torres,,Dining Room,0.00,20.34,1.66,0.00,0.00,00:22:56
Tink-a-Tako - Potranco,125,8/10/25 10:38 AM,Daniela Torres,,Dining Room,0.00,8.07,0.67,0.00,0.00,00:08:11
Tink-a-Tako - Potranco,126,8/10/25 10:40 AM,Daniela Torres,,Dining Room,0.00,11.16,0.92,0.00,0.00,00:07:18
Tink-a-Tako - Potranco,128,8/10/25 10:40 AM,Mayra Luna,41,Dining Room,0.00,28.42,2.35,7.00,0.00,00:21:24
Tink-a-Tako - Potranco,129,8/10/25 10:41 AM,Daniela Torres,,Dining Room,0.00,10.15,0.83,0.00,0.00,00:07:12
Tink-a-Tako - Potranco,132,8/10/25 10:42 AM,Isabel Cisneros,12,Dining Room,0.00,30.56,2.52,4.58,0.00,00:31:50
Tink-a-Tako - Potranco,124,8/10/25 10:37 AM,Daniela Torres,,Dining Room,0.00,3.98,0.32,0.00,0.00,00:12:08
Tink-a-Tako - Potranco,130,8/10/25 10:42 AM,Sergio Abundiz,11,Dining Room,0.00,28.03,2.30,0.00,0.00,00:52:45
Tink-a-Tako - Potranco,134,8/10/25 10:44 AM,Esperansa Caviedes,32,Dining Room,0.00,30.10,2.49,5.00,0.00,00:30:13
Tink-a-Tako - Potranco,135,8/10/25 10:47 AM,Daniela Torres,,Dining Room,0.00,9.96,0.82,1.00,0.00,00:03:59
Tink-a-Tako - Potranco,136,8/10/25 10:47 AM,Maria Majana,,Dining Room,0.00,20.99,1.73,0.00,0.00,03:08:00
Tink-a-Tako - Potranco,137,8/10/25 10:48 AM,Daniela Torres,,Dining Room,0.00,29.88,2.46,0.00,0.00,00:05:26
Tink-a-Tako - Potranco,138,8/10/25 10:48 AM,Giselle Cisneross,,Dining Room,0.00,24.56,2.02,0.00,0.00,00:22:03
Tink-a-Tako - Potranco,139,8/10/25 10:49 AM,Silvia Hernandez,2,Dining Room,0.00,38.34,3.17,3.00,0.00,00:38:34
Tink-a-Tako - Potranco,140,8/10/25 10:50 AM,Daniela Torres,,Dining Room,0.00,18.56,1.53,0.00,0.00,00:05:59
Tink-a-Tako - Potranco,141,8/10/25 10:50 AM,Mayra Luna,25,Dining Room,0.00,43.59,3.58,5.00,0.00,00:40:03
Tink-a-Tako - Potranco,146,8/10/25 10:53 AM,Daniela Torres,,Dining Room,0.00,10.15,0.84,2.00,0.00,00:05:00
Tink-a-Tako - Potranco,147,8/10/25 10:53 AM,Giselle Cisneross,39,Dining Room,0.00,11.38,0.93,0.00,0.00,00:33:12
Tink-a-Tako - Potranco,144,8/10/25 10:52 AM,Silvia Hernandez,23,Dining Room,0.00,25.44,2.10,0.00,0.00,00:51:04
Tink-a-Tako - Potranco,148,8/10/25 10:53 AM,Daniela Torres,,Dining Room,0.00,16.16,1.33,0.00,0.00,00:05:53
Tink-a-Tako - Potranco,145,8/10/25 10:53 AM,Mayra Luna,26,Dining Room,0.00,26.72,2.21,6.00,0.00,00:28:10
Tink-a-Tako - Potranco,150,8/10/25 10:54 AM,Giselle Cisneross,,Dining Room,0.00,20.63,1.70,0.00,0.00,00:51:46
Tink-a-Tako - Potranco,151,8/10/25 10:56 AM,Daniela Torres,,Dining Room,0.00,4.79,0.40,0.00,0.00,00:05:55
Tink-a-Tako - Potranco,153,8/10/25 10:56 AM,Daniela Torres,,Dining Room,0.00,1.79,0.15,0.00,0.00,00:06:10
Tink-a-Tako - Potranco,152,8/10/25 10:56 AM,Isabel Cisneros,,Dining Room,0.00,27.95,2.31,9.74,0.00,00:27:26
Tink-a-Tako - Potranco,156,8/10/25 10:58 AM,Daniela Torres,,Dining Room,0.00,5.74,0.47,0.00,0.00,00:05:28
Tink-a-Tako - Potranco,157,8/10/25 11:04 AM,Esperansa Caviedes,10,Dining Room,0.00,43.89,3.62,0.00,0.00,00:43:54
Tink-a-Tako - Potranco,159,8/10/25 11:05 AM,Daniela Torres,,Dining Room,0.00,7.99,0.66,3.00,0.00,00:00:25
Tink-a-Tako - Potranco,158,8/10/25 11:04 AM,Sergio Abundiz,38,Dining Room,0.00,20.79,1.69,5.00,0.00,00:33:10
Tink-a-Tako - Potranco,160,8/10/25 11:05 AM,Silvia Hernandez,15,Dining Room,0.00,12.72,1.04,3.00,0.00,00:28:38
Tink-a-Tako - Potranco,143,8/10/25 10:52 AM,Daniela Torres,,Dining Room,0.00,29.91,2.46,2.00,0.00,00:18:39
Tink-a-Tako - Potranco,163,8/10/25 11:06 AM,Giselle Cisneross,,Dining Room,0.00,27.62,2.27,0.00,0.00,00:18:11
Tink-a-Tako - Potranco,165,8/10/25 11:08 AM,Isabel Cisneros,40,Dining Room,0.00,17.85,1.46,0.00,0.00,00:24:07
Tink-a-Tako - Potranco,164,8/10/25 11:07 AM,Daniela Torres,,Dining Room,0.00,7.97,0.66,1.00,0.00,00:06:39
Tink-a-Tako - Potranco,162,8/10/25 11:05 AM,Maria Majana,42,Dining Room,0.00,54.12,4.46,5.00,0.00,00:53:43
Tink-a-Tako - Potranco,166,8/10/25 11:08 AM,Daniela Torres,,Dining Room,0.00,19.53,1.61,0.00,0.00,00:07:26
Tink-a-Tako - Potranco,168,8/10/25 11:09 AM,Esperansa Caviedes,19,Dining Room,0.00,33.13,2.74,4.13,0.00,00:41:10
Tink-a-Tako - Potranco,169,8/10/25 11:13 AM,Daniela Torres,,Dining Room,0.00,10.46,0.86,0.00,0.00,00:05:10
Tink-a-Tako - Potranco,170,8/10/25 11:13 AM,Daniela Torres,,Dining Room,0.00,10.56,0.87,0.00,0.00,00:06:38
Tink-a-Tako - Potranco,171,8/10/25 11:16 AM,Sergio Abundiz,7,Dining Room,0.00,29.96,2.48,0.00,0.00,01:17:08
Tink-a-Tako - Potranco,172,8/10/25 11:16 AM,Daniela Torres,,Dining Room,0.00,13.71,1.13,0.00,0.00,00:07:03
Tink-a-Tako - Potranco,173,8/10/25 11:17 AM,Rosie  ORDONEZ,16,Dining Room,0.00,8.48,0.70,0.00,0.00,01:43:10
Tink-a-Tako - Potranco,175,8/10/25 11:18 AM,Silvia Hernandez,18,Dining Room,0.00,19.41,1.59,0.00,0.00,00:32:21
Tink-a-Tako - Potranco,176,8/10/25 11:19 AM,Daniela Torres,,Dining Room,0.00,11.35,0.94,0.00,0.00,00:05:17
Tink-a-Tako - Potranco,178,8/10/25 11:20 AM,Isabel Cisneros,17,Dining Room,0.00,36.26,2.99,5.00,0.00,00:29:02
Tink-a-Tako - Potranco,177,8/10/25 11:19 AM,Esperansa Caviedes,12,Dining Room,0.00,26.42,2.18,5.28,0.00,00:30:25
Tink-a-Tako - Potranco,179,8/10/25 11:20 AM,Daniela Torres,,Dining Room,0.00,12.75,1.05,0.00,0.00,00:07:57
Tink-a-Tako - Potranco,180,8/10/25 11:21 AM,Daniela Torres,,Dining Room,0.00,8.88,0.73,0.00,0.00,00:09:15
Tink-a-Tako - Potranco,181,8/10/25 11:22 AM,Giselle Cisneross,,Dining Room,0.00,5.03,0.42,0.00,0.00,00:21:03
Tink-a-Tako - Potranco,182,8/10/25 11:24 AM,Daniela Torres,,Dining Room,0.00,3.98,0.32,0.00,0.00,00:09:38
Tink-a-Tako - Potranco,183,8/10/25 11:24 AM,Daniela Torres,,Dining Room,0.00,10.72,0.89,0.00,0.00,00:10:35
Tink-a-Tako - Potranco,184,8/10/25 11:28 AM,Daniela Torres,,Dining Room,0.00,21.79,1.79,0.00,0.00,00:10:12
Tink-a-Tako - Potranco,185,8/10/25 11:31 AM,Esperansa Caviedes,37,Dining Room,0.00,21.83,1.79,5.00,0.00,00:32:53
Tink-a-Tako - Potranco,186,8/10/25 11:33 AM,Daniela Torres,,Dining Room,0.00,16.26,1.34,2.00,0.00,00:08:58
Tink-a-Tako - Potranco,187,8/10/25 11:35 AM,Silvia Hernandez,40,Dining Room,0.00,8.76,0.72,0.00,0.00,00:33:29
Tink-a-Tako - Potranco,189,8/10/25 11:35 AM,Isabel Cisneros,33,Dining Room,0.00,10.37,0.86,0.00,0.00,00:41:40
Tink-a-Tako - Potranco,188,8/10/25 11:35 AM,Daniela Torres,,Dining Room,0.00,15.63,1.29,0.00,0.00,00:11:32
Tink-a-Tako - Potranco,190,8/10/25 11:36 AM,Isabel Cisneros,32,Dining Room,0.00,13.98,1.16,0.00,0.00,00:40:39
Tink-a-Tako - Potranco,191,8/10/25 11:36 AM,Daniela Torres,,Dining Room,0.00,49.24,4.06,0.00,0.00,00:14:07
Tink-a-Tako - Potranco,192,8/10/25 11:39 AM,Daniela Torres,,Dining Room,0.00,24.99,2.06,0.00,0.00,00:12:48
Tink-a-Tako - Potranco,193,8/10/25 11:40 AM,Giselle Cisneross,,Dining Room,0.00,11.15,0.92,0.00,0.00,03:42:50
Tink-a-Tako - Potranco,197,8/10/25 11:43 AM,Daniela Torres,,Dining Room,0.00,8.95,0.74,0.00,0.00,00:00:16
Tink-a-Tako - Potranco,195,8/10/25 11:42 AM,Silvia Hernandez,31,Dining Room,0.00,67.55,5.57,13.51,0.00,00:26:44
Tink-a-Tako - Potranco,196,8/10/25 11:42 AM,Mayra Luna,2,Dining Room,0.00,24.43,2.01,6.00,0.00,00:37:25
Tink-a-Tako - Potranco,167,8/10/25 11:09 AM,Daniela Torres,,Dining Room,0.00,18.26,1.51,0.00,0.00,00:44:19
Tink-a-Tako - Potranco,202,8/10/25 11:44 AM,Maria Majana,4,Dining Room,0.00,219.90,18.11,0.00,43.99,00:58:05
Tink-a-Tako - Potranco,199,8/10/25 11:43 AM,Sergio Abundiz,35,Dining Room,0.00,101.37,8.32,8.00,20.27,00:52:29
Tink-a-Tako - Potranco,200,8/10/25 11:43 AM,Daniela Torres,,Dining Room,0.00,1.79,0.15,0.00,0.00,00:03:29
Tink-a-Tako - Potranco,207,8/10/25 11:47 AM,Sergio Abundiz,39,Dining Room,0.00,58.18,4.79,9.00,0.00,01:07:23
Tink-a-Tako - Potranco,206,8/10/25 11:45 AM,Esperansa Caviedes,41,Dining Room,0.00,50.60,4.21,9.00,0.00,00:42:59
Tink-a-Tako - Potranco,208,8/10/25 11:49 AM,Daniela Torres,,Dining Room,0.00,14.76,1.22,0.00,0.00,00:05:30
Tink-a-Tako - Potranco,209,8/10/25 11:49 AM,Daniela Torres,,Dining Room,14.38,14.33,1.18,0.00,0.00,00:11:32
Tink-a-Tako - Potranco,211,8/10/25 11:50 AM,Silvia Hernandez,9,Dining Room,0.40,28.01,2.30,5.00,0.00,00:27:56
Tink-a-Tako - Potranco,213,8/10/25 11:52 AM,Daniela Torres,,Dining Room,0.00,17.35,1.43,0.00,0.00,00:10:31
Tink-a-Tako - Potranco,215,8/10/25 11:52 AM,Mayra Luna,21,Dining Room,0.00,40.79,3.39,5.00,0.00,00:39:48
Tink-a-Tako - Potranco,217,8/10/25 11:53 AM,Daniela Torres,,Dining Room,0.00,18.15,1.50,0.00,0.00,00:09:45
Tink-a-Tako - Potranco,216,8/10/25 11:52 AM,Esperansa Caviedes,10,Dining Room,0.00,32.71,2.71,3.00,0.00,00:36:51
Tink-a-Tako - Potranco,218,8/10/25 11:54 AM,Isabel Cisneros,23,Dining Room,0.00,25.99,2.14,0.00,0.00,00:40:32
Tink-a-Tako - Potranco,220,8/10/25 11:55 AM,Daniela Torres,,Dining Room,0.00,23.98,1.98,0.00,0.00,00:08:59
Tink-a-Tako - Potranco,219,8/10/25 11:55 AM,Giselle Cisneross,,Dining Room,0.00,12.85,1.06,0.00,0.00,00:00:31
Tink-a-Tako - Potranco,222,8/10/25 12:00 PM,Daniela Torres,,Dining Room,0.00,14.56,1.20,1.00,0.00,00:06:02
Tink-a-Tako - Potranco,225,8/10/25 12:01 PM,Esperansa Caviedes,12,Dining Room,0.00,57.64,4.76,10.50,0.00,01:01:25
Tink-a-Tako - Potranco,224,8/10/25 12:01 PM,Mayra Luna,17,Dining Room,0.00,30.07,2.47,4.00,0.00,00:30:15
Tink-a-Tako - Potranco,226,8/10/25 12:02 PM,Daniela Torres,,Dining Room,0.00,19.50,1.61,0.00,0.00,00:05:29
Tink-a-Tako - Potranco,228,8/10/25 12:03 PM,Isabel Cisneros,38,Dining Room,0.00,33.95,2.80,0.00,0.00,00:50:57
Tink-a-Tako - Potranco,229,8/10/25 12:03 PM,Daniela Torres,,Dining Room,0.00,14.78,1.22,0.00,0.00,00:07:15
Tink-a-Tako - Potranco,201,8/10/25 11:44 AM,Daniela Torres,,Dining Room,0.00,13.68,1.12,0.00,0.00,00:29:03
Tink-a-Tako - Potranco,227,8/10/25 12:02 PM,Silvia Hernandez,18,Dining Room,0.00,23.44,1.94,0.00,0.00,00:32:57
Tink-a-Tako - Potranco,232,8/10/25 12:05 PM,Daniela Torres,,Dining Room,0.00,11.77,0.97,5.00,0.00,00:09:15
Tink-a-Tako - Potranco,230,8/10/25 12:04 PM,Mayra Luna,11,Dining Room,0.00,41.48,3.43,5.00,0.00,00:34:03
Tink-a-Tako - Potranco,233,8/10/25 12:07 PM,Daniela Torres,,Dining Room,0.00,31.93,2.63,3.00,0.00,00:08:30
Tink-a-Tako - Potranco,234,8/10/25 12:07 PM,Giselle Cisneross,,Dining Room,0.00,9.28,0.76,1.00,0.00,00:17:26
Tink-a-Tako - Potranco,235,8/10/25 12:09 PM,Sergio Abundiz,19,Dining Room,0.00,12.65,1.04,2.00,0.00,00:34:38
Tink-a-Tako - Potranco,237,8/10/25 12:10 PM,Daniela Torres,,Dining Room,0.00,21.52,1.78,0.00,0.00,00:08:28
Tink-a-Tako - Potranco,236,8/10/25 12:09 PM,Silvia Hernandez,15,Dining Room,0.00,28.88,2.37,4.33,0.00,00:34:16
Tink-a-Tako - Potranco,238,8/10/25 12:11 PM,Isabel Cisneros,37,Dining Room,0.00,15.97,1.32,0.00,0.00,01:02:19
Tink-a-Tako - Potranco,239,8/10/25 12:11 PM,Giselle Cisneross,,Dining Room,0.00,4.78,0.39,0.00,0.00,00:00:36
Tink-a-Tako - Potranco,241,8/10/25 12:12 PM,Daniela Torres,,Dining Room,0.00,6.97,0.57,0.00,0.00,00:10:15
Tink-a-Tako - Potranco,242,8/10/25 12:13 PM,Esperansa Caviedes,42,Dining Room,0.00,14.99,1.22,3.79,0.00,00:33:47
Tink-a-Tako - Potranco,243,8/10/25 12:15 PM,Daniela Torres,,Dining Room,0.00,9.96,0.82,0.00,0.00,00:08:15
Tink-a-Tako - Potranco,244,8/10/25 12:16 PM,Daniela Torres,,Dining Room,0.00,7.57,0.63,1.00,0.00,00:08:51
Tink-a-Tako - Potranco,246,8/10/25 12:18 PM,Sergio Abundiz,36,Dining Room,0.00,59.76,4.92,10.00,0.00,01:06:35
Tink-a-Tako - Potranco,231,8/10/25 12:04 PM,Daniela Torres,,Dining Room,0.00,5.78,0.47,0.00,0.00,00:22:35
Tink-a-Tako - Potranco,249,8/10/25 12:21 PM,Esperansa Caviedes,32,Dining Room,0.00,35.35,2.91,10.00,0.00,00:36:16
Tink-a-Tako - Potranco,250,8/10/25 12:22 PM,Daniela Torres,,Dining Room,0.00,9.96,0.82,0.00,0.00,00:05:59
Tink-a-Tako - Potranco,251,8/10/25 12:22 PM,Isabel Cisneros,33,Dining Room,0.00,33.12,2.72,0.00,0.00,00:32:19
Tink-a-Tako - Potranco,252,8/10/25 12:23 PM,Rosie  ORDONEZ,40,Dining Room,0.00,31.88,2.62,6.00,0.00,00:27:07
Tink-a-Tako - Potranco,253,8/10/25 12:24 PM,Daniela Torres,,Dining Room,0.00,12.99,1.07,0.00,0.00,00:05:21
Tink-a-Tako - Potranco,254,8/10/25 12:26 PM,Daniela Torres,,Dining Room,0.00,20.23,1.66,0.00,0.00,00:04:43
Tink-a-Tako - Potranco,257,8/10/25 12:27 PM,Daniela Torres,,Dining Room,0.00,22.43,1.84,0.00,0.00,00:07:29
Tink-a-Tako - Potranco,259,8/10/25 12:29 PM,Daniela Torres,,Dining Room,0.00,10.77,0.88,1.00,0.00,00:08:51
Tink-a-Tako - Potranco,258,8/10/25 12:28 PM,Rosie  ORDONEZ,22,Dining Room,0.00,29.35,2.41,10.00,0.00,00:39:03
Tink-a-Tako - Potranco,261,8/10/25 12:29 PM,Maria Majana,8,Dining Room,0.00,23.98,1.98,0.00,0.00,00:33:30
Tink-a-Tako - Potranco,262,8/10/25 12:30 PM,Daniela Torres,,Dining Room,0.00,0.00,0.00,0.00,0.00,00:00:30
Tink-a-Tako - Potranco,263,8/10/25 12:32 PM,Silvia Hernandez,26,Dining Room,0.00,12.99,1.07,2.00,0.00,00:25:49
Tink-a-Tako - Potranco,248,8/10/25 12:20 PM,Daniela Torres,,Dining Room,0.00,12.42,1.02,0.00,0.00,00:19:10
Tink-a-Tako - Potranco,264,8/10/25 12:32 PM,Giselle Cisneross,,Dining Room,0.00,5.50,0.45,0.00,0.00,00:10:03
Tink-a-Tako - Potranco,266,8/10/25 12:35 PM,Rosie  ORDONEZ,1,Dining Room,0.00,14.92,1.22,0.00,0.00,03:07:57
Tink-a-Tako - Potranco,265,8/10/25 12:32 PM,Daniela Torres,,Dining Room,0.00,22.37,1.84,0.00,0.00,00:11:59
Tink-a-Tako - Potranco,271,8/10/25 12:36 PM,Esperansa Caviedes,25,Dining Room,0.00,32.15,2.64,8.00,0.00,00:46:20
Tink-a-Tako - Potranco,272,8/10/25 12:36 PM,Mayra Luna,31,Dining Room,0.00,91.78,7.58,0.00,18.36,00:32:10
Tink-a-Tako - Potranco,274,8/10/25 12:40 PM,Esperansa Caviedes,20,Dining Room,0.00,27.14,2.24,4.00,0.00,00:24:14
Tink-a-Tako - Potranco,270,8/10/25 12:36 PM,Daniela Torres,,Dining Room,0.00,5.28,0.44,0.00,0.00,00:09:04
Tink-a-Tako - Potranco,276,8/10/25 12:41 PM,Silvia Hernandez,15,Dining Room,0.00,28.96,2.40,0.00,0.00,01:07:47
Tink-a-Tako - Potranco,273,8/10/25 12:38 PM,Maria Majana,23,Dining Room,0.00,39.92,3.29,3.00,0.00,00:33:33
Tink-a-Tako - Potranco,275,8/10/25 12:41 PM,Daniela Torres,,Dining Room,0.00,20.98,1.73,0.00,0.00,00:07:49
Tink-a-Tako - Potranco,280,8/10/25 12:44 PM,Daniela Torres,,Dining Room,0.00,18.03,1.49,0.00,0.00,00:05:28
Tink-a-Tako - Potranco,279,8/10/25 12:44 PM,Isabel Cisneros,2,Dining Room,0.00,37.29,3.05,4.00,0.00,00:41:26
Tink-a-Tako - Potranco,281,8/10/25 12:45 PM,Daniela Torres,,Dining Room,0.00,33.12,2.72,0.00,0.00,00:07:25
Tink-a-Tako - Potranco,278,8/10/25 12:44 PM,Sergio Abundiz,10,Dining Room,0.00,49.06,4.06,0.00,0.00,00:47:35
Tink-a-Tako - Potranco,282,8/10/25 12:47 PM,Silvia Hernandez,18,Dining Room,0.00,7.77,0.64,0.00,0.00,00:35:20
Tink-a-Tako - Potranco,284,8/10/25 12:50 PM,Isabel Cisneros,42,Dining Room,0.00,82.09,6.77,0.00,16.41,02:34:05
Tink-a-Tako - Potranco,286,8/10/25 12:51 PM,Daniela Torres,,Dining Room,0.00,40.58,3.35,0.00,0.00,00:05:57
Tink-a-Tako - Potranco,287,8/10/25 12:52 PM,Sergio Abundiz,17,Dining Room,0.00,41.15,3.38,0.00,0.00,00:40:36
Tink-a-Tako - Potranco,285,8/10/25 12:50 PM,Giselle Cisneross,,Dining Room,0.00,32.02,2.63,0.00,0.00,00:53:54
Tink-a-Tako - Potranco,283,8/10/25 12:48 PM,Maria Majana,38,Dining Room,0.00,53.55,4.43,3.00,0.00,01:13:38
Tink-a-Tako - Potranco,277,8/10/25 12:42 PM,Daniela Torres,,Dining Room,0.00,13.16,1.09,0.00,0.00,00:17:27
Tink-a-Tako - Potranco,289,8/10/25 12:59 PM,Esperansa Caviedes,11,Dining Room,0.00,36.38,2.99,7.28,0.00,00:35:11
Tink-a-Tako - Potranco,290,8/10/25 1:02 PM,Rosie  ORDONEZ,16,Dining Room,0.00,50.88,4.18,4.94,0.00,00:43:12
Tink-a-Tako - Potranco,291,8/10/25 1:04 PM,Daniela Torres,,Dining Room,0.00,2.99,0.25,0.00,0.00,00:00:40
Tink-a-Tako - Potranco,293,8/10/25 1:09 PM,Isabel Cisneros,40,Dining Room,0.00,85.28,7.02,0.00,17.05,00:47:05
Tink-a-Tako - Potranco,292,8/10/25 1:04 PM,Maria Majana,38,Dining Room,0.00,41.89,3.45,8.00,0.00,00:32:12
Tink-a-Tako - Potranco,295,8/10/25 1:11 PM,Daniela Torres,,Dining Room,0.00,19.43,1.61,3.00,0.00,00:01:38
Tink-a-Tako - Potranco,296,8/10/25 1:12 PM,Daniela Torres,,Dining Room,0.00,3.98,0.33,0.00,0.00,00:03:38
Tink-a-Tako - Potranco,297,8/10/25 1:13 PM,Daniela Torres,,Dining Room,0.00,23.07,1.90,0.00,0.00,00:04:41
Tink-a-Tako - Potranco,298,8/10/25 1:13 PM,Daniela Torres,,Dining Room,0.00,21.75,1.80,0.00,0.00,00:09:44
Tink-a-Tako - Potranco,299,8/10/25 1:16 PM,Daniela Torres,,Dining Room,0.00,16.36,1.35,0.00,0.00,00:10:52
Tink-a-Tako - Potranco,300,8/10/25 1:16 PM,Daniela Torres,,Dining Room,0.00,24.50,2.02,0.00,0.00,00:11:10
Tink-a-Tako - Potranco,301,8/10/25 1:19 PM,Esperansa Caviedes,26,Dining Room,0.00,13.44,1.10,0.00,0.00,01:08:32
Tink-a-Tako - Potranco,288,8/10/25 12:55 PM,Daniela Torres,,Dining Room,0.00,15.41,1.27,0.00,0.00,00:34:04
Tink-a-Tako - Potranco,302,8/10/25 1:19 PM,Silvia Hernandez,33,Dining Room,0.00,27.21,2.25,0.00,0.00,00:20:40
Tink-a-Tako - Potranco,304,8/10/25 1:23 PM,Daniela Torres,,Dining Room,0.00,42.96,3.54,0.00,0.00,00:08:13
Tink-a-Tako - Potranco,305,8/10/25 1:24 PM,Esperansa Caviedes,24,Dining Room,0.00,49.74,4.10,7.00,0.00,00:50:36
Tink-a-Tako - Potranco,306,8/10/25 1:27 PM,Giselle Cisneross,,Dining Room,0.00,4.89,0.40,0.00,0.00,00:00:12
Tink-a-Tako - Potranco,308,8/10/25 1:30 PM,Esperansa Caviedes,20,Dining Room,0.00,0.00,0.00,0.00,0.00,01:21:07
Tink-a-Tako - Potranco,309,8/10/25 1:32 PM,Daniela Torres,,Dining Room,0.00,10.99,0.91,0.00,0.00,00:05:42
Tink-a-Tako - Potranco,311,8/10/25 1:33 PM,Sergio Abundiz,7,Dining Room,0.00,33.60,2.75,0.00,0.00,00:32:34
Tink-a-Tako - Potranco,312,8/10/25 1:34 PM,Silvia Hernandez,9,Dining Room,0.00,19.44,1.60,0.00,0.00,00:32:51
Tink-a-Tako - Potranco,314,8/10/25 1:36 PM,Esperansa Caviedes,8,Dining Room,0.00,37.38,3.07,0.00,0.00,00:51:48
Tink-a-Tako - Potranco,316,8/10/25 1:39 PM,Sergio Abundiz,23,Dining Room,0.00,37.76,3.11,0.00,0.00,00:45:51
Tink-a-Tako - Potranco,318,8/10/25 1:40 PM,Daniela Torres,,Dining Room,0.00,17.56,1.44,0.00,0.00,00:00:42
Tink-a-Tako - Potranco,317,8/10/25 1:39 PM,Maria Majana,32,Dining Room,0.00,27.65,2.28,10.00,0.00,00:48:47
Tink-a-Tako - Potranco,320,8/10/25 1:40 PM,Rosie  ORDONEZ,19,Dining Room,6.50,23.93,1.97,4.00,0.00,00:43:01
Tink-a-Tako - Potranco,321,8/10/25 1:40 PM,Esperansa Caviedes,31,Dining Room,0.00,81.85,6.74,20.00,16.37,00:44:41
Tink-a-Tako - Potranco,323,8/10/25 1:42 PM,Rosie  ORDONEZ,21,Dining Room,0.00,17.69,1.45,0.00,0.00,00:31:10
Tink-a-Tako - Potranco,319,8/10/25 1:40 PM,Silvia Hernandez,17,Dining Room,0.00,49.34,4.07,0.00,0.00,00:50:30
Tink-a-Tako - Potranco,324,8/10/25 1:44 PM,Isabel Cisneros,37,Dining Room,0.00,38.55,3.18,0.00,0.00,00:38:44
Tink-a-Tako - Potranco,326,8/10/25 1:45 PM,Giselle Cisneross,,Dining Room,0.00,9.77,0.81,0.00,0.00,00:11:54
Tink-a-Tako - Potranco,327,8/10/25 1:48 PM,Daniela Torres,,Dining Room,0.00,16.22,1.34,0.00,0.00,00:00:44
Tink-a-Tako - Potranco,325,8/10/25 1:45 PM,Maria Majana,18,Dining Room,0.00,25.70,2.11,3.26,0.00,01:07:08
Tink-a-Tako - Potranco,329,8/10/25 1:50 PM,Giselle Cisneross,,Dining Room,0.00,27.06,2.22,10.00,0.00,00:01:46
Tink-a-Tako - Potranco,331,8/10/25 1:53 PM,Daniela Torres,,Dining Room,0.00,3.58,0.30,0.00,0.00,00:01:22
Tink-a-Tako - Potranco,330,8/10/25 1:53 PM,Rosie  ORDONEZ,33,Dining Room,0.00,41.87,3.44,3.00,0.00,00:54:34
Tink-a-Tako - Potranco,333,8/10/25 1:54 PM,Daniela Torres,,Dining Room,0.00,19.58,1.61,0.00,0.00,00:02:30
Tink-a-Tako - Potranco,332,8/10/25 1:53 PM,Giselle Cisneross,,Dining Room,0.00,39.47,3.25,0.00,0.00,00:26:19
Tink-a-Tako - Potranco,334,8/10/25 1:56 PM,Daniela Torres,,Dining Room,0.00,22.29,1.83,0.00,0.00,00:04:17
Tink-a-Tako - Potranco,335,8/10/25 2:00 PM,Esperansa Caviedes,4,Dining Room,0.00,74.13,6.11,12.00,0.00,00:44:41
Tink-a-Tako - Potranco,336,8/10/25 2:01 PM,Daniela Torres,,Dining Room,0.00,13.46,1.11,0.00,0.00,00:03:20
Tink-a-Tako - Potranco,337,8/10/25 2:02 PM,Isabel Cisneros,39,Dining Room,0.00,9.77,0.82,0.00,0.00,00:16:00
Tink-a-Tako - Potranco,339,8/10/25 2:04 PM,Daniela Torres,,Dining Room,0.00,15.25,1.25,0.00,0.00,00:04:05
Tink-a-Tako - Potranco,341,8/10/25 2:11 PM,Sergio Abundiz,11,Dining Room,0.00,39.61,3.25,8.00,0.00,00:36:49
Tink-a-Tako - Potranco,342,8/10/25 2:20 PM,Silvia Hernandez,7,Dining Room,0.00,39.19,3.24,5.00,0.00,00:37:30
Tink-a-Tako - Potranco,340,8/10/25 2:08 PM,Daniela Torres,,Dining Room,0.00,18.67,1.53,0.00,0.00,00:16:45
Tink-a-Tako - Potranco,343,8/10/25 2:27 PM,Daniela Torres,,Dining Room,0.00,15.05,1.25,0.00,0.00,00:01:28
Tink-a-Tako - Potranco,344,8/10/25 2:29 PM,Esperansa Caviedes,24,Dining Room,0.00,15.87,1.31,0.00,0.00,00:32:20
Tink-a-Tako - Potranco,345,8/10/25 2:30 PM,Daniela Torres,,Dining Room,0.00,9.46,0.78,0.00,0.00,00:05:54
Tink-a-Tako - Potranco,346,8/10/25 2:34 PM,Daniela Torres,,Dining Room,0.00,20.05,1.67,0.00,0.00,00:03:40
Tink-a-Tako - Potranco,348,8/10/25 2:34 PM,Sergio Abundiz,37,Dining Room,0.00,17.43,1.44,0.00,0.00,00:29:13
Tink-a-Tako - Potranco,349,8/10/25 2:37 PM,Daniela Torres,,Dining Room,0.00,10.87,0.89,0.00,0.00,00:02:52
Tink-a-Tako - Potranco,303,8/10/25 1:19 PM,Daniela Torres,,Dining Room,0.00,25.64,2.12,0.00,0.00,01:20:47
Tink-a-Tako - Potranco,351,8/10/25 2:39 PM,Isabel Cisneros,17,Dining Room,0.00,45.03,3.72,0.00,0.00,00:28:32
Tink-a-Tako - Potranco,352,8/10/25 2:41 PM,Daniela Torres,,Dining Room,0.00,7.38,0.61,0.00,0.00,00:03:25
Tink-a-Tako - Potranco,354,8/10/25 2:41 PM,Sergio Abundiz,36,Dining Room,0.00,21.23,1.75,0.00,0.00,00:31:10
Tink-a-Tako - Potranco,353,8/10/25 2:41 PM,Daniela Torres,,Dining Room,0.00,10.37,0.85,0.00,0.00,00:03:54
Tink-a-Tako - Potranco,357,8/10/25 2:47 PM,Maria Majana,9,Dining Room,0.00,33.01,2.73,5.00,0.00,00:36:14
Tink-a-Tako - Potranco,358,8/10/25 2:48 PM,Isabel Cisneros,22,Dining Room,0.00,13.98,1.15,3.00,0.00,00:28:39
Tink-a-Tako - Potranco,359,8/10/25 2:49 PM,Daniela Torres,,Dining Room,0.00,27.99,2.31,0.00,0.00,00:00:52
Tink-a-Tako - Potranco,360,8/10/25 2:50 PM,Daniela Torres,,Dining Room,0.00,54.88,4.52,0.00,0.00,00:09:02
Tink-a-Tako - Potranco,361,8/10/25 2:51 PM,Daniela Torres,,Dining Room,0.00,11.26,0.93,0.00,0.00,00:10:56
