,Location,Employee,Job Title,In Date,Shift Closed Date,Out Date,Hours,Cash Tips Decl.,Cash on Hand,Cash in Drawer,Non-Cash Tips,Cash Gratuity,Non-Cash Gratuity,Tips Withheld,Non-Cash Sales,Cash Sales,Total Sales,Cash Collected?,Tips Paid?,Open,Paid,Closed,Tip Share Total
800000028175716993,Tink-a-Tako - Potranco,Rosie  ORDONEZ,Shift Manager / Assistant Manager,8/10/25 6:43 AM,8/10/25 3:47 PM,8/10/25 4:36 PM,9.88,0.00,44.19,0.00,27.94,0.00,0.00,0.00,192.80,44.19,236.99,yes,yes,0,0,10,0.00
800000028175769459,Tink-a-Tako - Potranco,Esperansa Caviedes,Server,8/10/25 6:55 AM,8/10/25 3:37 PM,8/10/25 3:56 PM,9.02,,132.50,0.00,184.98,0.00,16.37,0.00,1026.86,132.50,1159.36,yes,yes,0,0,32,0.00
800000028176061153,Tink-a-Tako - Potranco,Daniela Torres,Drive-Thru,8/10/25 7:30 AM,8/10/25 3:04 PM,8/10/25 3:09 PM,7.65,,498.14,0.00,43.00,0.00,0.00,0.00,1877.77,498.14,2375.91,yes,yes,0,0,142,0.00
800000028176209708,Tink-a-Tako - Potranco,Sergio Abundiz,Server,8/10/25 7:43 AM,8/10/25 3:37 PM,8/10/25 3:59 PM,8.27,,320.97,0.00,70.47,7.47,12.80,0.00,617.57,313.50,931.07,yes,yes,0,0,24,0.00
800000028176415296,Tink-a-Tako - Potranco,Silvia Hernandez,Server,8/10/25 8:00 AM,8/10/25 3:38 PM,8/10/25 3:45 PM,7.76,,217.87,0.00,58.19,0.00,0.00,0.00,573.72,217.87,791.59,yes,yes,0,0,28,0.00
800000028176500331,Tink-a-Tako - Potranco,Maria Majana,Server,8/10/25 8:05 AM,8/10/25 3:46 PM,8/10/25 3:46 PM,7.68,,263.18,0.00,78.99,29.08,41.99,0.00,743.20,234.10,977.30,yes,yes,0,0,31,0.00
800000028176679586,Tink-a-Tako - Potranco,Isabel Cisneros,Server,8/10/25 8:16 AM,8/10/25 3:25 PM,8/10/25 4:01 PM,7.75,,229.08,0.00,43.26,15.93,39.98,0.00,728.34,213.15,941.49,yes,yes,0,0,30,0.00
800000028176803842,Tink-a-Tako - Potranco,Giselle Cisneross,Host,8/10/25 8:23 AM,8/10/25 3:24 PM,8/10/25 3:37 PM,7.23,,0.00,103.78,24.00,0.00,0.00,0.00,242.87,103.78,346.65,yes,yes,0,0,22,0.00
800000028177576672,Tink-a-Tako - Potranco,Jonathan Rueda,Busser,8/10/25 9:02 AM,8/10/25 3:41 PM,8/10/25 3:41 PM,6.66,,0.00,0.00,0.00,0.00,0.00,0.00,0.00,0.00,0.00,yes,yes,0,0,0,0.00
800000028177973005,Tink-a-Tako - Potranco,Jesus Calderon,Cook,8/10/25 9:17 AM,8/10/25 3:39 PM,8/10/25 3:39 PM,6.37,,0.00,0.00,0.00,0.00,0.00,0.00,0.00,0.00,0.00,yes,yes,0,0,0,0.00
800000028179505930,Tink-a-Tako - Potranco,Mayra Luna,Shift Manager / Assistant Manager,8/10/25 10:09 AM,8/10/25 3:50 PM,8/10/25 4:51 PM,6.70,0.00,0.00,0.00,38.00,0.00,18.36,0.00,354.30,0.00,354.30,yes,yes,0,0,9,0.00
