Employee,Job Title,Regular Hours,Overtime Hours,Hourly Rate,Regular Pay,Overtime Pay,Total Pay,Net Sales,Declared Tips,Non-Cash Tips,Total Tips,Tips Withheld,Total Gratuity,Employee ID,Job Code,Location,Location Code
"C, PM Cashier",Cashier,2.26,0.0,,,,,419.08,,17.20,17.20,0.00,0.00,,,2919 Blanco Rd,
"CASHIER, AM",General Manager,14.14,0.0,,,,,393.92,,15.00,15.00,0.00,0.00,,,2919 Blanco Rd,
"Hernandez, Celinda",Cook,9.12,0.0,16.00,145.92,0.00,145.92,0.00,,0.00,0.00,0.00,0.00,,,2919 Blanco Rd,
"Hernandez, Fidelia ",Cook,7.11,0.0,14.00,99.54,0.00,99.54,0.00,,0.00,0.00,0.00,0.00,,,2919 Blanco Rd,
"Martinez , Sami",Server,14.22,0.0,3.00,42.66,0.00,42.66,697.58,,79.16,79.16,0.00,0.00,,,2919 Blanco Rd,
"Melendez, Ninoska",Tortillero/a,15.11,0.0,13.00,196.43,0.00,196.43,0.00,,0.00,0.00,0.00,0.00,,,2919 Blanco Rd,
"Ovalle , Martina",Server,5.84,0.0,,,,,219.10,,26.30,26.30,0.00,0.00,,,2919 Blanco Rd,
"Rivera, Dante Antonio ",Cook,7.31,0.0,,,,,0.00,,0.00,0.00,0.00,0.00,,,2919 Blanco Rd,
"Salazar, Maria ",Shift Manager / Assistant Manager,22.23,0.0,,,,,0.00,0.00,0.00,0.00,0.00,0.00,,,2919 Blanco Rd,
"Villalobos , Veronica ",Cook,8.42,0.0,14.00,117.88,0.00,117.88,0.00,,0.00,0.00,0.00,0.00,,,2919 Blanco Rd,
"lopez, samantha",Drive-Thru,12.24,0.0,13.00,159.12,0.00,159.12,1393.31,,50.21,50.21,0.00,0.00,,,2919 Blanco Rd,
