Location,Server,Check #,Table,Station,Expediter Level,Fired Date,Fulfilled Date,Fulfillment Time,Fulfilled By
12060 Potranco Road,Melissa  Urena,1,,Food,,8/28/25 6:32 AM,8/28/25 6:46 AM,14 minutes and 34 seconds,KDS - Login Don't Delete
12060 Potranco Road,Melissa  Urena,2,,Drive Thru,,8/28/25 6:39 AM,8/28/25 6:46 AM,7 minutes and 7 seconds,KDS - Login Don't Delete
12060 Potranco Road,Melissa  Urena,2,,Food,,8/28/25 6:39 AM,8/28/25 6:46 AM,7 minutes and 7 seconds,KDS - Login Don't Delete
12060 Potranco Road,Melissa  Urena,3,,Drive Thru,,8/28/25 6:39 AM,8/28/25 6:46 AM,6 minutes and 59 seconds,KDS - Login Don't Delete
12060 Potranco Road,Melissa  Urena,3,,Food,,8/28/25 6:39 AM,8/28/25 6:46 AM,6 minutes and 59 seconds,KDS - Login Don't Delete
12060 Potranco Road,Melissa  Urena,4,,Food,,8/28/25 6:39 AM,8/28/25 6:46 AM,6 minutes and 56 seconds,KDS - Login Don't Delete
12060 Potranco Road,Melissa  Urena,8,,Food,,8/28/25 6:57 AM,8/28/25 7:09 AM,11 minutes and 32 seconds,KDS - Login Don't Delete
12060 Potranco Road,Melissa  Urena,9,,Drive Thru,,8/28/25 7:07 AM,8/28/25 7:09 AM,1 minute and 20 seconds,KDS - Login Don't Delete
12060 Potranco Road,Melissa  Urena,9,,Food,,8/28/25 7:07 AM,8/28/25 7:09 AM,1 minute and 20 seconds,KDS - Login Don't Delete
12060 Potranco Road,Melissa  Urena,6,,Food,,8/28/25 6:57 AM,8/28/25 7:09 AM,12 minutes and 10 seconds,KDS - Login Don't Delete
12060 Potranco Road,Melissa  Urena,6,,Drive Thru,,8/28/25 6:57 AM,8/28/25 7:09 AM,12 minutes and 10 seconds,KDS - Login Don't Delete
12060 Potranco Road,Melissa  Urena,7,,Food,,8/28/25 6:57 AM,8/28/25 7:09 AM,11 minutes and 48 seconds,KDS - Login Don't Delete
12060 Potranco Road,Melissa  Urena,7,,Drive Thru,,8/28/25 6:57 AM,8/28/25 7:09 AM,11 minutes and 48 seconds,KDS - Login Don't Delete
12060 Potranco Road,Lizbeth Garcia,5,,No Print,,8/28/25 6:42 AM,8/28/25 7:10 AM,28 minutes and 10 seconds,KDS - Login Don't Delete
12060 Potranco Road,Lizbeth Garcia,5,,Food,,8/28/25 6:42 AM,8/28/25 7:10 AM,28 minutes and 10 seconds,KDS - Login Don't Delete
12060 Potranco Road,Melissa  Urena,13,,Drive Thru,,8/28/25 7:26 AM,8/28/25 7:28 AM,2 minutes and 34 seconds,KDS - Login Don't Delete
12060 Potranco Road,Melissa  Urena,13,,Food,,8/28/25 7:26 AM,8/28/25 7:28 AM,2 minutes and 34 seconds,KDS - Login Don't Delete
12060 Potranco Road,Melissa  Urena,10,,Drive Thru,,8/28/25 7:13 AM,8/28/25 7:28 AM,14 minutes and 50 seconds,KDS - Login Don't Delete
12060 Potranco Road,Melissa  Urena,10,,Food,,8/28/25 7:13 AM,8/28/25 7:28 AM,14 minutes and 50 seconds,KDS - Login Don't Delete
12060 Potranco Road,Melissa  Urena,12,,Drive Thru,,8/28/25 7:23 AM,8/28/25 7:28 AM,5 minutes and 12 seconds,KDS - Login Don't Delete
12060 Potranco Road,Melissa  Urena,12,,Food,,8/28/25 7:23 AM,8/28/25 7:28 AM,5 minutes and 12 seconds,KDS - Login Don't Delete
12060 Potranco Road,Melissa  Urena,16,,Drive Thru,,8/28/25 7:42 AM,8/28/25 7:47 AM,4 minutes and 35 seconds,KDS - Login Don't Delete
12060 Potranco Road,Melissa  Urena,16,,Food,,8/28/25 7:42 AM,8/28/25 7:47 AM,4 minutes and 35 seconds,KDS - Login Don't Delete
12060 Potranco Road,Melissa  Urena,15,,Drive Thru,,8/28/25 7:36 AM,8/28/25 7:47 AM,11 minutes and 1 second,KDS - Login Don't Delete
12060 Potranco Road,Melissa  Urena,15,,Food,,8/28/25 7:36 AM,8/28/25 7:47 AM,11 minutes and 1 second,KDS - Login Don't Delete
12060 Potranco Road,Melissa  Urena,14,,Drive Thru,,8/28/25 7:32 AM,8/28/25 7:47 AM,15 minutes,KDS - Login Don't Delete
12060 Potranco Road,Melissa  Urena,14,,Food,,8/28/25 7:32 AM,8/28/25 7:47 AM,15 minutes,KDS - Login Don't Delete
12060 Potranco Road,Melissa  Urena,17,,Drive Thru,,8/28/25 7:46 AM,8/28/25 7:47 AM,37 seconds,KDS - Login Don't Delete
12060 Potranco Road,Melissa  Urena,17,,Food,,8/28/25 7:46 AM,8/28/25 7:47 AM,37 seconds,KDS - Login Don't Delete
12060 Potranco Road,Melissa  Urena,18,,Drive Thru,,8/28/25 7:49 AM,8/28/25 7:57 AM,7 minutes and 39 seconds,KDS - Login Don't Delete
12060 Potranco Road,Melissa  Urena,19,,Food,,8/28/25 7:54 AM,8/28/25 7:57 AM,2 minutes and 32 seconds,KDS - Login Don't Delete
12060 Potranco Road,Melissa  Urena,19,,Drive Thru,,8/28/25 7:54 AM,8/28/25 7:57 AM,2 minutes and 32 seconds,KDS - Login Don't Delete
12060 Potranco Road,Melissa  Urena,18,,Food,,8/28/25 7:49 AM,8/28/25 7:57 AM,7 minutes and 39 seconds,KDS - Login Don't Delete
12060 Potranco Road,Melissa  Urena,20,,Drive Thru,,8/28/25 7:56 AM,8/28/25 8:09 AM,12 minutes and 35 seconds,KDS - Login Don't Delete
12060 Potranco Road,Melissa  Urena,20,,Food,,8/28/25 7:56 AM,8/28/25 8:09 AM,12 minutes and 35 seconds,KDS - Login Don't Delete
12060 Potranco Road,Melissa  Urena,21,,Drive Thru,,8/28/25 8:03 AM,8/28/25 8:09 AM,6 minutes and 8 seconds,KDS - Login Don't Delete
12060 Potranco Road,Melissa  Urena,21,,Food,,8/28/25 8:03 AM,8/28/25 8:09 AM,6 minutes and 8 seconds,KDS - Login Don't Delete
12060 Potranco Road,Melissa  Urena,24,,Drive Thru,,8/28/25 8:06 AM,8/28/25 8:09 AM,2 minutes and 57 seconds,KDS - Login Don't Delete
12060 Potranco Road,Melissa  Urena,24,,Food,,8/28/25 8:06 AM,8/28/25 8:09 AM,2 minutes and 57 seconds,KDS - Login Don't Delete
12060 Potranco Road,Melissa  Urena,22,,Drive Thru,,8/28/25 8:04 AM,8/28/25 8:14 AM,10 minutes and 10 seconds,KDS - Login Don't Delete
12060 Potranco Road,Melissa  Urena,22,,Food,,8/28/25 8:04 AM,8/28/25 8:14 AM,10 minutes and 10 seconds,KDS - Login Don't Delete
12060 Potranco Road,Melissa  Urena,30,,Drive Thru,,8/28/25 8:11 AM,8/28/25 8:14 AM,3 minutes and 12 seconds,KDS - Login Don't Delete
12060 Potranco Road,Melissa  Urena,30,,Food,,8/28/25 8:11 AM,8/28/25 8:14 AM,3 minutes and 12 seconds,KDS - Login Don't Delete
12060 Potranco Road,Melissa  Urena,23,,Food,,8/28/25 8:05 AM,8/28/25 8:14 AM,9 minutes and 2 seconds,KDS - Login Don't Delete
12060 Potranco Road,Melissa  Urena,23,,Drive Thru,,8/28/25 8:05 AM,8/28/25 8:14 AM,9 minutes and 2 seconds,KDS - Login Don't Delete
12060 Potranco Road,Melissa  Urena,29,,Food,,8/28/25 8:10 AM,8/28/25 8:14 AM,3 minutes and 47 seconds,KDS - Login Don't Delete
12060 Potranco Road,Melissa  Urena,29,,Drive Thru,,8/28/25 8:10 AM,8/28/25 8:14 AM,3 minutes and 47 seconds,KDS - Login Don't Delete
12060 Potranco Road,Lizbeth Garcia,25,,No Print,,8/28/25 8:08 AM,8/28/25 8:14 AM,6 minutes and 35 seconds,KDS - Login Don't Delete
12060 Potranco Road,Lizbeth Garcia,25,,Food,,8/28/25 8:08 AM,8/28/25 8:14 AM,6 minutes and 35 seconds,KDS - Login Don't Delete
12060 Potranco Road,Lizbeth Garcia,27,,No Print,,8/28/25 8:09 AM,8/28/25 8:14 AM,5 minutes and 10 seconds,KDS - Login Don't Delete
12060 Potranco Road,Lizbeth Garcia,27,,Food,,8/28/25 8:09 AM,8/28/25 8:14 AM,5 minutes and 10 seconds,KDS - Login Don't Delete
12060 Potranco Road,Melissa  Urena,31,,Drive Thru,,8/28/25 8:12 AM,8/28/25 8:16 AM,3 minutes and 27 seconds,KDS - Login Don't Delete
12060 Potranco Road,Melissa  Urena,31,,Food,,8/28/25 8:12 AM,8/28/25 8:16 AM,3 minutes and 27 seconds,KDS - Login Don't Delete
12060 Potranco Road,Melissa  Urena,34,,Food,,8/28/25 8:17 AM,8/28/25 8:20 AM,3 minutes and 24 seconds,KDS - Login Don't Delete
12060 Potranco Road,Melissa  Urena,34,,Drive Thru,,8/28/25 8:17 AM,8/28/25 8:20 AM,3 minutes and 24 seconds,KDS - Login Don't Delete
12060 Potranco Road,Melissa  Urena,32,,Drive Thru,,8/28/25 8:15 AM,8/28/25 8:20 AM,5 minutes and 26 seconds,KDS - Login Don't Delete
12060 Potranco Road,Melissa  Urena,32,,Food,,8/28/25 8:15 AM,8/28/25 8:20 AM,5 minutes and 26 seconds,KDS - Login Don't Delete
12060 Potranco Road,Melissa  Urena,35,,Drive Thru,,8/28/25 8:18 AM,8/28/25 8:23 AM,5 minutes and 12 seconds,KDS - Login Don't Delete
12060 Potranco Road,Melissa  Urena,35,,Food,,8/28/25 8:18 AM,8/28/25 8:23 AM,5 minutes and 12 seconds,KDS - Login Don't Delete
12060 Potranco Road,Melissa  Urena,35,,Drive Thru,,8/28/25 8:18 AM,8/28/25 8:23 AM,5 minutes and 9 seconds,KDS - Login Don't Delete
12060 Potranco Road,Melissa  Urena,35,,Food,,8/28/25 8:18 AM,8/28/25 8:23 AM,5 minutes and 9 seconds,KDS - Login Don't Delete
12060 Potranco Road,Leticia Roman,26,,Food,,8/28/25 8:09 AM,8/28/25 8:24 AM,14 minutes and 56 seconds,KDS - Login Don't Delete
12060 Potranco Road,Leticia Roman,26,,Drive Thru,,8/28/25 8:09 AM,8/28/25 8:24 AM,14 minutes and 56 seconds,KDS - Login Don't Delete
12060 Potranco Road,Lizbeth Garcia,33,16,No Print,,8/28/25 8:16 AM,8/28/25 8:24 AM,8 minutes and 32 seconds,KDS - Login Don't Delete
12060 Potranco Road,Lizbeth Garcia,33,16,Food,,8/28/25 8:16 AM,8/28/25 8:24 AM,8 minutes and 32 seconds,KDS - Login Don't Delete
12060 Potranco Road,Lizbeth Garcia,37,,Food,,8/28/25 8:24 AM,8/28/25 8:24 AM,47 seconds,KDS - Login Don't Delete
12060 Potranco Road,Lizbeth Garcia,37,,Drive Thru,,8/28/25 8:24 AM,8/28/25 8:24 AM,47 seconds,KDS - Login Don't Delete
12060 Potranco Road,Melissa  Urena,36,,Drive Thru,,8/28/25 8:19 AM,8/28/25 8:24 AM,5 minutes and 27 seconds,KDS - Login Don't Delete
12060 Potranco Road,Melissa  Urena,36,,Food,,8/28/25 8:19 AM,8/28/25 8:24 AM,5 minutes and 27 seconds,KDS - Login Don't Delete
12060 Potranco Road,Melissa  Urena,38,,Drive Thru,,8/28/25 8:27 AM,8/28/25 8:27 AM,36 seconds,KDS - Login Don't Delete
12060 Potranco Road,Melissa  Urena,38,,Food,,8/28/25 8:27 AM,8/28/25 8:27 AM,36 seconds,KDS - Login Don't Delete
12060 Potranco Road,Melissa  Urena,39,,Drive Thru,,8/28/25 8:31 AM,8/28/25 8:39 AM,8 minutes and 12 seconds,KDS - Login Don't Delete
12060 Potranco Road,Melissa  Urena,39,,Food,,8/28/25 8:31 AM,8/28/25 8:39 AM,8 minutes and 12 seconds,KDS - Login Don't Delete
12060 Potranco Road,Lizbeth Garcia,41,18,No Print,,8/28/25 8:31 AM,8/28/25 8:40 AM,9 minutes,KDS - Login Don't Delete
12060 Potranco Road,Lizbeth Garcia,41,18,Food,,8/28/25 8:31 AM,8/28/25 8:40 AM,9 minutes,KDS - Login Don't Delete
12060 Potranco Road,Melissa  Urena,43,,Food,,8/28/25 8:38 AM,8/28/25 8:44 AM,6 minutes and 12 seconds,KDS - Login Don't Delete
12060 Potranco Road,Melissa  Urena,43,,Drive Thru,,8/28/25 8:38 AM,8/28/25 8:44 AM,6 minutes and 12 seconds,KDS - Login Don't Delete
12060 Potranco Road,Melissa  Urena,42,,Drive Thru,,8/28/25 8:36 AM,8/28/25 8:44 AM,8 minutes and 37 seconds,KDS - Login Don't Delete
12060 Potranco Road,Melissa  Urena,42,,Food,,8/28/25 8:36 AM,8/28/25 8:44 AM,8 minutes and 37 seconds,KDS - Login Don't Delete
12060 Potranco Road,Melissa  Urena,44,,Drive Thru,,8/28/25 8:42 AM,8/28/25 8:45 AM,3 minutes and 9 seconds,KDS - Login Don't Delete
12060 Potranco Road,Melissa  Urena,44,,Food,,8/28/25 8:42 AM,8/28/25 8:45 AM,3 minutes and 9 seconds,KDS - Login Don't Delete
12060 Potranco Road,Melissa  Urena,44,,Drive Thru,,8/28/25 8:40 AM,8/28/25 8:45 AM,4 minutes and 24 seconds,KDS - Login Don't Delete
12060 Potranco Road,Melissa  Urena,44,,Food,,8/28/25 8:40 AM,8/28/25 8:45 AM,4 minutes and 24 seconds,KDS - Login Don't Delete
12060 Potranco Road,Melissa  Urena,45,,Drive Thru,,8/28/25 8:41 AM,8/28/25 8:46 AM,4 minutes and 27 seconds,KDS - Login Don't Delete
12060 Potranco Road,Melissa  Urena,45,,Food,,8/28/25 8:41 AM,8/28/25 8:46 AM,4 minutes and 27 seconds,KDS - Login Don't Delete
12060 Potranco Road,Melissa  Urena,45,,Drive Thru,,8/28/25 8:41 AM,8/28/25 8:46 AM,4 minutes and 20 seconds,KDS - Login Don't Delete
12060 Potranco Road,Melissa  Urena,45,,Food,,8/28/25 8:41 AM,8/28/25 8:46 AM,4 minutes and 20 seconds,KDS - Login Don't Delete
12060 Potranco Road,Melissa  Urena,49,,No Print,,8/28/25 8:46 AM,8/28/25 8:51 AM,5 minutes and 10 seconds,KDS - Login Don't Delete
12060 Potranco Road,Melissa  Urena,49,,Food,,8/28/25 8:46 AM,8/28/25 8:51 AM,5 minutes and 10 seconds,KDS - Login Don't Delete
12060 Potranco Road,Melissa  Urena,46,,Food,,8/28/25 8:42 AM,8/28/25 8:53 AM,10 minutes and 48 seconds,KDS - Login Don't Delete
12060 Potranco Road,Melissa  Urena,48,,Drive Thru,,8/28/25 8:52 AM,8/28/25 8:53 AM,55 seconds,KDS - Login Don't Delete
12060 Potranco Road,Melissa  Urena,48,,Food,,8/28/25 8:52 AM,8/28/25 8:53 AM,55 seconds,KDS - Login Don't Delete
12060 Potranco Road,Melissa  Urena,47,,Drive Thru,,8/28/25 8:43 AM,8/28/25 8:53 AM,10 minutes and 6 seconds,KDS - Login Don't Delete
12060 Potranco Road,Melissa  Urena,47,,Food,,8/28/25 8:43 AM,8/28/25 8:53 AM,10 minutes and 6 seconds,KDS - Login Don't Delete
12060 Potranco Road,Melissa  Urena,50,,Drive Thru,,8/28/25 8:47 AM,8/28/25 8:53 AM,5 minutes and 31 seconds,KDS - Login Don't Delete
12060 Potranco Road,Melissa  Urena,50,,Food,,8/28/25 8:47 AM,8/28/25 8:53 AM,5 minutes and 31 seconds,KDS - Login Don't Delete
12060 Potranco Road,Leticia Roman,40,,Food,,8/28/25 8:28 AM,8/28/25 8:55 AM,27 minutes and 2 seconds,KDS - Login Don't Delete
12060 Potranco Road,Leticia Roman,51,,Food,,8/28/25 8:49 AM,8/28/25 8:55 AM,6 minutes and 23 seconds,KDS - Login Don't Delete
12060 Potranco Road,Leticia Roman,51,,Drive Thru,,8/28/25 8:49 AM,8/28/25 8:55 AM,6 minutes and 23 seconds,KDS - Login Don't Delete
12060 Potranco Road,Leticia Roman,40,,Drive Thru,,8/28/25 8:28 AM,8/28/25 8:55 AM,27 minutes and 2 seconds,KDS - Login Don't Delete
12060 Potranco Road,Leticia Roman,52,4,No Print,,8/28/25 8:51 AM,8/28/25 9:00 AM,9 minutes and 3 seconds,KDS - Login Don't Delete
12060 Potranco Road,Leticia Roman,52,4,Food,,8/28/25 8:51 AM,8/28/25 9:00 AM,9 minutes and 3 seconds,KDS - Login Don't Delete
12060 Potranco Road,Lizbeth Garcia,33,16,No Print,,8/28/25 8:53 AM,8/28/25 9:00 AM,6 minutes and 46 seconds,KDS - Login Don't Delete
12060 Potranco Road,Lizbeth Garcia,33,16,Food,,8/28/25 8:53 AM,8/28/25 9:00 AM,6 minutes and 46 seconds,KDS - Login Don't Delete
12060 Potranco Road,Lizbeth Garcia,33,16,Drive Thru,,8/28/25 8:53 AM,8/28/25 9:00 AM,6 minutes and 46 seconds,KDS - Login Don't Delete
12060 Potranco Road,Melissa  Urena,54,,Drive Thru,,8/28/25 8:57 AM,8/28/25 9:03 AM,5 minutes and 49 seconds,KDS - Login Don't Delete
12060 Potranco Road,Melissa  Urena,54,,Food,,8/28/25 8:57 AM,8/28/25 9:03 AM,5 minutes and 49 seconds,KDS - Login Don't Delete
12060 Potranco Road,Melissa  Urena,56,,Drive Thru,,8/28/25 9:01 AM,8/28/25 9:05 AM,3 minutes and 36 seconds,KDS - Login Don't Delete
12060 Potranco Road,Melissa  Urena,56,,Food,,8/28/25 9:01 AM,8/28/25 9:05 AM,3 minutes and 36 seconds,KDS - Login Don't Delete
12060 Potranco Road,Melissa  Urena,57,,Drive Thru,,8/28/25 9:02 AM,8/28/25 9:05 AM,3 minutes and 14 seconds,KDS - Login Don't Delete
12060 Potranco Road,Melissa  Urena,57,,Food,,8/28/25 9:02 AM,8/28/25 9:05 AM,3 minutes and 14 seconds,KDS - Login Don't Delete
12060 Potranco Road,Lizbeth Garcia,27,,,1,8/28/25 8:14 AM,8/28/25 9:05 AM,50 minutes and 49 seconds,Zoila Salinas
12060 Potranco Road,Lizbeth Garcia,25,,,1,8/28/25 8:14 AM,8/28/25 9:05 AM,50 minutes and 50 seconds,Zoila Salinas
12060 Potranco Road,Lizbeth Garcia,5,,,1,8/28/25 7:10 AM,8/28/25 9:05 AM,"1 hour, 54 minutes and 52 seconds",Zoila Salinas
12060 Potranco Road,Leticia Roman,40,,,1,8/28/25 8:55 AM,8/28/25 9:05 AM,9 minutes and 53 seconds,Zoila Salinas
12060 Potranco Road,Melissa  Urena,49,,,1,8/28/25 8:51 AM,8/28/25 9:05 AM,13 minutes and 58 seconds,Zoila Salinas
12060 Potranco Road,Lizbeth Garcia,37,,,1,8/28/25 8:24 AM,8/28/25 9:05 AM,40 minutes and 56 seconds,Zoila Salinas
12060 Potranco Road,Leticia Roman,26,,,1,8/28/25 8:24 AM,8/28/25 9:05 AM,41 minutes and 36 seconds,Zoila Salinas
12060 Potranco Road,Lizbeth Garcia,33,16,,1,8/28/25 8:24 AM,8/28/25 9:05 AM,40 minutes and 57 seconds,Zoila Salinas
12060 Potranco Road,Lizbeth Garcia,41,18,,1,8/28/25 8:40 AM,8/28/25 9:05 AM,25 minutes and 11 seconds,Zoila Salinas
12060 Potranco Road,Melissa  Urena,58,,Drive Thru,,8/28/25 9:06 AM,8/28/25 9:07 AM,1 minute and 22 seconds,KDS - Login Don't Delete
12060 Potranco Road,Melissa  Urena,58,,Food,,8/28/25 9:06 AM,8/28/25 9:07 AM,1 minute and 22 seconds,KDS - Login Don't Delete
12060 Potranco Road,Melissa  Urena,60,,Drive Thru,,8/28/25 9:11 AM,8/28/25 9:17 AM,6 minutes and 21 seconds,KDS - Login Don't Delete
12060 Potranco Road,Melissa  Urena,60,,Food,,8/28/25 9:11 AM,8/28/25 9:17 AM,6 minutes and 21 seconds,KDS - Login Don't Delete
12060 Potranco Road,Melissa  Urena,62,,Drive Thru,,8/28/25 9:12 AM,8/28/25 9:17 AM,4 minutes and 59 seconds,KDS - Login Don't Delete
12060 Potranco Road,Melissa  Urena,62,,Food,,8/28/25 9:12 AM,8/28/25 9:17 AM,4 minutes and 59 seconds,KDS - Login Don't Delete
12060 Potranco Road,Lizbeth Garcia,63,1,Food,,8/28/25 9:15 AM,8/28/25 9:22 AM,7 minutes and 3 seconds,KDS - Login Don't Delete
12060 Potranco Road,Lizbeth Garcia,63,1,Drive Thru,,8/28/25 9:15 AM,8/28/25 9:22 AM,7 minutes and 3 seconds,KDS - Login Don't Delete
12060 Potranco Road,Melissa  Urena,65,,Drive Thru,,8/28/25 9:19 AM,8/28/25 9:23 AM,4 minutes and 34 seconds,KDS - Login Don't Delete
12060 Potranco Road,Melissa  Urena,65,,Food,,8/28/25 9:19 AM,8/28/25 9:23 AM,4 minutes and 34 seconds,KDS - Login Don't Delete
12060 Potranco Road,Melissa  Urena,65,,Drive Thru,,8/28/25 9:16 AM,8/28/25 9:23 AM,7 minutes and 13 seconds,KDS - Login Don't Delete
12060 Potranco Road,Melissa  Urena,65,,Food,,8/28/25 9:16 AM,8/28/25 9:23 AM,7 minutes and 13 seconds,KDS - Login Don't Delete
12060 Potranco Road,Melissa  Urena,66,,Drive Thru,,8/28/25 9:21 AM,8/28/25 9:23 AM,1 minute and 53 seconds,KDS - Login Don't Delete
12060 Potranco Road,Melissa  Urena,66,,Food,,8/28/25 9:21 AM,8/28/25 9:23 AM,1 minute and 53 seconds,KDS - Login Don't Delete
12060 Potranco Road,Gabriel Tovar ,64,,No Print,,8/28/25 9:21 AM,8/28/25 9:26 AM,4 minutes and 50 seconds,KDS - Login Don't Delete
12060 Potranco Road,Gabriel Tovar ,64,,Food,,8/28/25 9:21 AM,8/28/25 9:26 AM,4 minutes and 50 seconds,KDS - Login Don't Delete
12060 Potranco Road,Gabriel Tovar ,64,,No Print,,8/28/25 9:18 AM,8/28/25 9:26 AM,8 minutes and 4 seconds,KDS - Login Don't Delete
12060 Potranco Road,Gabriel Tovar ,64,,Food,,8/28/25 9:18 AM,8/28/25 9:26 AM,8 minutes and 4 seconds,KDS - Login Don't Delete
12060 Potranco Road,Melissa  Urena,68,,Food,,8/28/25 9:28 AM,8/28/25 9:32 AM,3 minutes and 58 seconds,KDS - Login Don't Delete
12060 Potranco Road,Melissa  Urena,68,,Drive Thru,,8/28/25 9:28 AM,8/28/25 9:32 AM,3 minutes and 58 seconds,KDS - Login Don't Delete
12060 Potranco Road,Melissa  Urena,69,,Drive Thru,,8/28/25 9:33 AM,8/28/25 9:37 AM,3 minutes and 48 seconds,KDS - Login Don't Delete
12060 Potranco Road,Melissa  Urena,69,,Food,,8/28/25 9:33 AM,8/28/25 9:37 AM,3 minutes and 48 seconds,KDS - Login Don't Delete
12060 Potranco Road,Gabriel Tovar ,71,14,No Print,,8/28/25 9:34 AM,8/28/25 9:40 AM,6 minutes and 27 seconds,KDS - Login Don't Delete
12060 Potranco Road,Gabriel Tovar ,71,14,Food,,8/28/25 9:34 AM,8/28/25 9:40 AM,6 minutes and 27 seconds,KDS - Login Don't Delete
12060 Potranco Road,Leticia Roman,52,4,,1,8/28/25 9:00 AM,8/28/25 9:43 AM,42 minutes and 16 seconds,Zoila Salinas
12060 Potranco Road,Leticia Roman,51,,,1,8/28/25 8:55 AM,8/28/25 9:43 AM,47 minutes and 6 seconds,Zoila Salinas
12060 Potranco Road,Lizbeth Garcia,63,1,,1,8/28/25 9:22 AM,8/28/25 9:43 AM,20 minutes and 31 seconds,Zoila Salinas
12060 Potranco Road,Lizbeth Garcia,33,16,,1,8/28/25 9:00 AM,8/28/25 9:43 AM,42 minutes and 16 seconds,Zoila Salinas
12060 Potranco Road,Gabriel Tovar ,64,,,1,8/28/25 9:26 AM,8/28/25 9:43 AM,16 minutes and 51 seconds,Zoila Salinas
12060 Potranco Road,Gabriel Tovar ,64,,,1,8/28/25 9:26 AM,8/28/25 9:43 AM,16 minutes and 53 seconds,Zoila Salinas
12060 Potranco Road,Gabriel Tovar ,71,14,,1,8/28/25 9:40 AM,8/28/25 9:43 AM,2 minutes and 27 seconds,Zoila Salinas
12060 Potranco Road,Melissa  Urena,72,,Food,,8/28/25 9:41 AM,8/28/25 9:47 AM,5 minutes and 59 seconds,KDS - Login Don't Delete
12060 Potranco Road,Melissa  Urena,72,,Drive Thru,,8/28/25 9:41 AM,8/28/25 9:47 AM,5 minutes and 59 seconds,KDS - Login Don't Delete
12060 Potranco Road,Lizbeth Garcia,33,16,No Print,,8/28/25 9:43 AM,8/28/25 9:52 AM,9 minutes and 6 seconds,KDS - Login Don't Delete
12060 Potranco Road,Lizbeth Garcia,33,16,Food,,8/28/25 9:43 AM,8/28/25 9:52 AM,9 minutes and 6 seconds,KDS - Login Don't Delete
12060 Potranco Road,Melissa  Urena,77,,Food,,8/28/25 9:53 AM,8/28/25 9:57 AM,4 minutes and 10 seconds,KDS - Login Don't Delete
12060 Potranco Road,Melissa  Urena,75,,Drive Thru,,8/28/25 9:47 AM,8/28/25 9:57 AM,9 minutes and 59 seconds,KDS - Login Don't Delete
12060 Potranco Road,Melissa  Urena,75,,Food,,8/28/25 9:47 AM,8/28/25 9:57 AM,9 minutes and 59 seconds,KDS - Login Don't Delete
12060 Potranco Road,Melissa  Urena,77,,Drive Thru,,8/28/25 9:52 AM,8/28/25 9:57 AM,5 minutes and 47 seconds,KDS - Login Don't Delete
12060 Potranco Road,Melissa  Urena,77,,Food,,8/28/25 9:52 AM,8/28/25 9:57 AM,5 minutes and 47 seconds,KDS - Login Don't Delete
12060 Potranco Road,Melissa  Urena,78,,Drive Thru,,8/28/25 9:53 AM,8/28/25 9:57 AM,4 minutes and 43 seconds,KDS - Login Don't Delete
12060 Potranco Road,Melissa  Urena,78,,Food,,8/28/25 9:53 AM,8/28/25 9:57 AM,4 minutes and 43 seconds,KDS - Login Don't Delete
12060 Potranco Road,Lizbeth Garcia,33,16,,1,8/28/25 9:52 AM,8/28/25 10:00 AM,7 minutes and 39 seconds,Zoila Salinas
12060 Potranco Road,Melissa  Urena,82,,Drive Thru,,8/28/25 9:59 AM,8/28/25 10:02 AM,2 minutes and 35 seconds,KDS - Login Don't Delete
12060 Potranco Road,Melissa  Urena,82,,Food,,8/28/25 9:59 AM,8/28/25 10:02 AM,2 minutes and 35 seconds,KDS - Login Don't Delete
12060 Potranco Road,Leticia Roman,76,4,No Print,,8/28/25 9:55 AM,8/28/25 10:03 AM,8 minutes and 12 seconds,KDS - Login Don't Delete
12060 Potranco Road,Leticia Roman,76,4,Food,,8/28/25 9:55 AM,8/28/25 10:03 AM,8 minutes and 12 seconds,KDS - Login Don't Delete
12060 Potranco Road,Leticia Roman,76,4,Drive Thru,,8/28/25 9:55 AM,8/28/25 10:03 AM,8 minutes and 12 seconds,KDS - Login Don't Delete
12060 Potranco Road,Gabriel Tovar ,79,15,No Print,,8/28/25 9:56 AM,8/28/25 10:04 AM,8 minutes and 35 seconds,KDS - Login Don't Delete
12060 Potranco Road,Gabriel Tovar ,79,15,Food,,8/28/25 9:56 AM,8/28/25 10:04 AM,8 minutes and 35 seconds,KDS - Login Don't Delete
12060 Potranco Road,Gabriel Tovar ,79,15,Drive Thru,,8/28/25 9:56 AM,8/28/25 10:04 AM,8 minutes and 35 seconds,KDS - Login Don't Delete
12060 Potranco Road,Leticia Roman,76,4,,1,8/28/25 10:03 AM,8/28/25 10:04 AM,1 minute and 26 seconds,Zoila Salinas
12060 Potranco Road,Leticia Roman,80,2,No Print,,8/28/25 9:59 AM,8/28/25 10:04 AM,5 minutes and 6 seconds,KDS - Login Don't Delete
12060 Potranco Road,Leticia Roman,80,2,Food,,8/28/25 9:59 AM,8/28/25 10:04 AM,5 minutes and 6 seconds,KDS - Login Don't Delete
12060 Potranco Road,Leticia Roman,80,2,,1,8/28/25 10:04 AM,8/28/25 10:05 AM,23 seconds,Zoila Salinas
12060 Potranco Road,Lizbeth Garcia,81,8,No Print,,8/28/25 9:59 AM,8/28/25 10:07 AM,8 minutes and 26 seconds,KDS - Login Don't Delete
12060 Potranco Road,Lizbeth Garcia,81,8,Food,,8/28/25 9:59 AM,8/28/25 10:07 AM,8 minutes and 26 seconds,KDS - Login Don't Delete
12060 Potranco Road,Lizbeth Garcia,81,8,Drive Thru,,8/28/25 9:59 AM,8/28/25 10:07 AM,8 minutes and 26 seconds,KDS - Login Don't Delete
12060 Potranco Road,Lizbeth Garcia,81,8,,1,8/28/25 10:07 AM,8/28/25 10:11 AM,3 minutes and 29 seconds,Zoila Salinas
12060 Potranco Road,Gabriel Tovar ,79,15,,1,8/28/25 10:04 AM,8/28/25 10:11 AM,6 minutes and 32 seconds,Zoila Salinas
12060 Potranco Road,Gabriel Tovar ,87,,No Print,,8/28/25 10:06 AM,8/28/25 10:13 AM,6 minutes and 43 seconds,KDS - Login Don't Delete
12060 Potranco Road,Gabriel Tovar ,87,,Food,,8/28/25 10:06 AM,8/28/25 10:13 AM,6 minutes and 43 seconds,KDS - Login Don't Delete
12060 Potranco Road,Melissa  Urena,86,,Food,,8/28/25 10:05 AM,8/28/25 10:14 AM,9 minutes and 10 seconds,KDS - Login Don't Delete
12060 Potranco Road,Melissa  Urena,86,,Drinks,,8/28/25 10:05 AM,8/28/25 10:14 AM,9 minutes and 10 seconds,KDS - Login Don't Delete
12060 Potranco Road,Melissa  Urena,83,,Drive Thru,,8/28/25 10:00 AM,8/28/25 10:14 AM,14 minutes and 3 seconds,KDS - Login Don't Delete
12060 Potranco Road,Melissa  Urena,83,,Food,,8/28/25 10:00 AM,8/28/25 10:14 AM,14 minutes and 3 seconds,KDS - Login Don't Delete
12060 Potranco Road,Melissa  Urena,84,,Food,,8/28/25 10:01 AM,8/28/25 10:14 AM,13 minutes and 26 seconds,KDS - Login Don't Delete
12060 Potranco Road,Melissa  Urena,86,,Drive Thru,,8/28/25 10:05 AM,8/28/25 10:14 AM,9 minutes and 10 seconds,KDS - Login Don't Delete
12060 Potranco Road,Melissa  Urena,86,,No Print,,8/28/25 10:05 AM,8/28/25 10:14 AM,9 minutes and 10 seconds,KDS - Login Don't Delete
12060 Potranco Road,Melissa  Urena,90,,Drive Thru,,8/28/25 10:06 AM,8/28/25 10:14 AM,8 minutes and 1 second,KDS - Login Don't Delete
12060 Potranco Road,Melissa  Urena,90,,Food,,8/28/25 10:06 AM,8/28/25 10:14 AM,8 minutes and 1 second,KDS - Login Don't Delete
12060 Potranco Road,Leticia Roman,76,4,Drive Thru,,8/28/25 10:14 AM,8/28/25 10:15 AM,1 minute and 43 seconds,KDS - Login Don't Delete
12060 Potranco Road,Leticia Roman,76,4,Food,,8/28/25 10:14 AM,8/28/25 10:15 AM,1 minute and 43 seconds,KDS - Login Don't Delete
12060 Potranco Road,Leticia Roman,80,2,No Print,,8/28/25 10:10 AM,8/28/25 10:15 AM,5 minutes and 6 seconds,KDS - Login Don't Delete
12060 Potranco Road,Leticia Roman,80,2,Food,,8/28/25 10:10 AM,8/28/25 10:15 AM,5 minutes and 6 seconds,KDS - Login Don't Delete
12060 Potranco Road,Leticia Roman,88,,Food,,8/28/25 10:06 AM,8/28/25 10:16 AM,9 minutes and 33 seconds,KDS - Login Don't Delete
12060 Potranco Road,Leticia Roman,88,,Drive Thru,,8/28/25 10:06 AM,8/28/25 10:16 AM,9 minutes and 33 seconds,KDS - Login Don't Delete
12060 Potranco Road,Lizbeth Garcia,89,12,No Print,,8/28/25 10:09 AM,8/28/25 10:19 AM,9 minutes and 17 seconds,KDS - Login Don't Delete
12060 Potranco Road,Lizbeth Garcia,89,12,Food,,8/28/25 10:09 AM,8/28/25 10:19 AM,9 minutes and 17 seconds,KDS - Login Don't Delete
12060 Potranco Road,Melissa  Urena,92,,Food,,8/28/25 10:13 AM,8/28/25 10:22 AM,9 minutes and 41 seconds,KDS - Login Don't Delete
12060 Potranco Road,Melissa  Urena,92,,Drive Thru,,8/28/25 10:13 AM,8/28/25 10:22 AM,9 minutes and 41 seconds,KDS - Login Don't Delete
12060 Potranco Road,Melissa  Urena,91,,Drive Thru,,8/28/25 10:11 AM,8/28/25 10:22 AM,10 minutes and 45 seconds,KDS - Login Don't Delete
12060 Potranco Road,Melissa  Urena,91,,Food,,8/28/25 10:11 AM,8/28/25 10:22 AM,10 minutes and 45 seconds,KDS - Login Don't Delete
12060 Potranco Road,Melissa  Urena,96,,Food,,8/28/25 10:19 AM,8/28/25 10:22 AM,3 minutes and 4 seconds,KDS - Login Don't Delete
12060 Potranco Road,Melissa  Urena,92,,Food,,8/28/25 10:13 AM,8/28/25 10:22 AM,9 minutes and 20 seconds,KDS - Login Don't Delete
12060 Potranco Road,Gabriel Tovar ,85,1,No Print,,8/28/25 10:04 AM,8/28/25 10:23 AM,18 minutes and 51 seconds,KDS - Login Don't Delete
12060 Potranco Road,Gabriel Tovar ,85,1,Food,,8/28/25 10:04 AM,8/28/25 10:23 AM,18 minutes and 51 seconds,KDS - Login Don't Delete
12060 Potranco Road,Gabriel Tovar ,85,1,,1,8/28/25 10:23 AM,8/28/25 10:25 AM,1 minute and 47 seconds,Zoila Salinas
12060 Potranco Road,Gabriel Tovar ,87,,,1,8/28/25 10:13 AM,8/28/25 10:25 AM,12 minutes and 3 seconds,Zoila Salinas
12060 Potranco Road,Leticia Roman,88,,,1,8/28/25 10:16 AM,8/28/25 10:25 AM,9 minutes and 12 seconds,Zoila Salinas
12060 Potranco Road,Leticia Roman,76,4,,1,8/28/25 10:15 AM,8/28/25 10:25 AM,9 minutes and 31 seconds,Zoila Salinas
12060 Potranco Road,Lizbeth Garcia,89,12,,1,8/28/25 10:19 AM,8/28/25 10:25 AM,6 minutes and 17 seconds,Zoila Salinas
12060 Potranco Road,Leticia Roman,80,2,,1,8/28/25 10:15 AM,8/28/25 10:25 AM,9 minutes and 29 seconds,Zoila Salinas
12060 Potranco Road,Melissa  Urena,97,,Food,,8/28/25 10:21 AM,8/28/25 10:26 AM,5 minutes and 46 seconds,KDS - Login Don't Delete
12060 Potranco Road,Melissa  Urena,97,,Drive Thru,,8/28/25 10:21 AM,8/28/25 10:26 AM,5 minutes and 46 seconds,KDS - Login Don't Delete
12060 Potranco Road,Melissa  Urena,94,,Drive Thru,,8/28/25 10:17 AM,8/28/25 10:26 AM,9 minutes and 15 seconds,KDS - Login Don't Delete
12060 Potranco Road,Melissa  Urena,94,,Food,,8/28/25 10:17 AM,8/28/25 10:26 AM,9 minutes and 15 seconds,KDS - Login Don't Delete
12060 Potranco Road,Leticia Roman,99,,No Print,,8/28/25 10:26 AM,8/28/25 10:27 AM,1 minute and 13 seconds,KDS - Login Don't Delete
12060 Potranco Road,Leticia Roman,99,,Food,,8/28/25 10:26 AM,8/28/25 10:27 AM,1 minute and 13 seconds,KDS - Login Don't Delete
12060 Potranco Road,Melissa  Urena,98,,Drive Thru,,8/28/25 10:24 AM,8/28/25 10:30 AM,6 minutes and 41 seconds,KDS - Login Don't Delete
12060 Potranco Road,Melissa  Urena,98,,Food,,8/28/25 10:24 AM,8/28/25 10:30 AM,6 minutes and 41 seconds,KDS - Login Don't Delete
12060 Potranco Road,Gabriel Tovar ,93,3,No Print,,8/28/25 10:19 AM,8/28/25 10:32 AM,13 minutes and 28 seconds,KDS - Login Don't Delete
12060 Potranco Road,Gabriel Tovar ,85,1,Food,,8/28/25 10:22 AM,8/28/25 10:32 AM,10 minutes and 26 seconds,KDS - Login Don't Delete
12060 Potranco Road,Gabriel Tovar ,64,,Food,,8/28/25 10:26 AM,8/28/25 10:32 AM,6 minutes and 6 seconds,KDS - Login Don't Delete
12060 Potranco Road,Gabriel Tovar ,93,3,Food,,8/28/25 10:19 AM,8/28/25 10:32 AM,13 minutes and 28 seconds,KDS - Login Don't Delete
12060 Potranco Road,Leticia Roman,95,6,No Print,,8/28/25 10:23 AM,8/28/25 10:32 AM,9 minutes and 13 seconds,KDS - Login Don't Delete
12060 Potranco Road,Leticia Roman,95,6,Food,,8/28/25 10:23 AM,8/28/25 10:32 AM,9 minutes and 13 seconds,KDS - Login Don't Delete
12060 Potranco Road,Adriana Navarro,100,4,Food,,8/28/25 10:30 AM,8/28/25 10:34 AM,3 minutes and 10 seconds,KDS - Login Don't Delete
12060 Potranco Road,Adriana Navarro,100,4,Drive Thru,,8/28/25 10:30 AM,8/28/25 10:34 AM,3 minutes and 10 seconds,KDS - Login Don't Delete
12060 Potranco Road,Lizbeth Garcia,102,10,No Print,,8/28/25 10:32 AM,8/28/25 10:36 AM,4 minutes and 49 seconds,KDS - Login Don't Delete
12060 Potranco Road,Lizbeth Garcia,102,10,Food,,8/28/25 10:32 AM,8/28/25 10:36 AM,4 minutes and 49 seconds,KDS - Login Don't Delete
12060 Potranco Road,Lizbeth Garcia,102,10,Drive Thru,,8/28/25 10:32 AM,8/28/25 10:36 AM,4 minutes and 49 seconds,KDS - Login Don't Delete
12060 Potranco Road,Melissa  Urena,103,,Food,,8/28/25 10:31 AM,8/28/25 10:40 AM,9 minutes and 16 seconds,KDS - Login Don't Delete
12060 Potranco Road,Melissa  Urena,106,,Drive Thru,,8/28/25 10:36 AM,8/28/25 10:40 AM,4 minutes,KDS - Login Don't Delete
12060 Potranco Road,Melissa  Urena,106,,Food,,8/28/25 10:36 AM,8/28/25 10:40 AM,4 minutes,KDS - Login Don't Delete
12060 Potranco Road,Leticia Roman,95,6,,1,8/28/25 10:32 AM,8/28/25 10:45 AM,12 minutes and 39 seconds,Zoila Salinas
12060 Potranco Road,Gabriel Tovar ,85,1,,1,8/28/25 10:32 AM,8/28/25 10:45 AM,12 minutes and 38 seconds,Zoila Salinas
12060 Potranco Road,Gabriel Tovar ,93,3,,1,8/28/25 10:32 AM,8/28/25 10:45 AM,12 minutes and 39 seconds,Zoila Salinas
12060 Potranco Road,Gabriel Tovar ,64,,,1,8/28/25 10:32 AM,8/28/25 10:45 AM,12 minutes and 42 seconds,Zoila Salinas
12060 Potranco Road,Leticia Roman,99,,,1,8/28/25 10:27 AM,8/28/25 10:45 AM,17 minutes and 22 seconds,Zoila Salinas
12060 Potranco Road,Adriana Navarro,100,4,,1,8/28/25 10:34 AM,8/28/25 10:45 AM,11 minutes and 20 seconds,Zoila Salinas
12060 Potranco Road,Lizbeth Garcia,102,10,,1,8/28/25 10:36 AM,8/28/25 10:45 AM,8 minutes and 33 seconds,Zoila Salinas
12060 Potranco Road,Gabriel Tovar ,105,20,No Print,,8/28/25 10:35 AM,8/28/25 10:46 AM,10 minutes and 56 seconds,KDS - Login Don't Delete
12060 Potranco Road,Gabriel Tovar ,105,20,Food,,8/28/25 10:35 AM,8/28/25 10:46 AM,10 minutes and 56 seconds,KDS - Login Don't Delete
12060 Potranco Road,Melissa  Urena,107,,Drive Thru,,8/28/25 10:37 AM,8/28/25 10:46 AM,9 minutes and 47 seconds,KDS - Login Don't Delete
12060 Potranco Road,Melissa  Urena,107,,Food,,8/28/25 10:37 AM,8/28/25 10:46 AM,9 minutes and 47 seconds,KDS - Login Don't Delete
12060 Potranco Road,Leticia Roman,101,35,No Print,,8/28/25 10:37 AM,8/28/25 10:49 AM,11 minutes and 42 seconds,KDS - Login Don't Delete
12060 Potranco Road,Leticia Roman,101,35,Food,,8/28/25 10:37 AM,8/28/25 10:49 AM,11 minutes and 42 seconds,KDS - Login Don't Delete
12060 Potranco Road,Leticia Roman,101,35,Drive Thru,,8/28/25 10:37 AM,8/28/25 10:49 AM,11 minutes and 42 seconds,KDS - Login Don't Delete
12060 Potranco Road,Melissa  Urena,112,,Drive Thru,,8/28/25 10:42 AM,8/28/25 10:50 AM,7 minutes and 58 seconds,KDS - Login Don't Delete
12060 Potranco Road,Melissa  Urena,112,,Food,,8/28/25 10:42 AM,8/28/25 10:50 AM,7 minutes and 58 seconds,KDS - Login Don't Delete
12060 Potranco Road,Melissa  Urena,114,,Drive Thru,,8/28/25 10:43 AM,8/28/25 10:50 AM,6 minutes and 54 seconds,KDS - Login Don't Delete
12060 Potranco Road,Melissa  Urena,114,,Food,,8/28/25 10:43 AM,8/28/25 10:50 AM,6 minutes and 54 seconds,KDS - Login Don't Delete
12060 Potranco Road,Lizbeth Garcia,111,16,No Print,,8/28/25 10:41 AM,8/28/25 10:51 AM,10 minutes and 10 seconds,KDS - Login Don't Delete
12060 Potranco Road,Lizbeth Garcia,111,16,Food,,8/28/25 10:41 AM,8/28/25 10:51 AM,10 minutes and 10 seconds,KDS - Login Don't Delete
12060 Potranco Road,Lizbeth Garcia,113,,No Print,,8/28/25 10:44 AM,8/28/25 10:51 AM,7 minutes and 46 seconds,KDS - Login Don't Delete
12060 Potranco Road,Lizbeth Garcia,113,,Food,,8/28/25 10:44 AM,8/28/25 10:51 AM,7 minutes and 46 seconds,KDS - Login Don't Delete
12060 Potranco Road,Leticia Roman,99,,No Print,,8/28/25 10:46 AM,8/28/25 10:52 AM,6 minutes and 42 seconds,KDS - Login Don't Delete
12060 Potranco Road,Leticia Roman,99,,Food,,8/28/25 10:46 AM,8/28/25 10:52 AM,6 minutes and 42 seconds,KDS - Login Don't Delete
12060 Potranco Road,Leticia Roman,109,14,No Print,,8/28/25 10:44 AM,8/28/25 10:52 AM,8 minutes and 36 seconds,KDS - Login Don't Delete
12060 Potranco Road,Leticia Roman,109,14,Food,,8/28/25 10:44 AM,8/28/25 10:52 AM,8 minutes and 36 seconds,KDS - Login Don't Delete
12060 Potranco Road,Melissa  Urena,115,,Drive Thru,,8/28/25 10:45 AM,8/28/25 10:57 AM,12 minutes and 40 seconds,KDS - Login Don't Delete
12060 Potranco Road,Melissa  Urena,115,,Food,,8/28/25 10:45 AM,8/28/25 10:57 AM,12 minutes and 40 seconds,KDS - Login Don't Delete
12060 Potranco Road,Melissa  Urena,117,,Drive Thru,,8/28/25 10:47 AM,8/28/25 10:57 AM,10 minutes and 18 seconds,KDS - Login Don't Delete
12060 Potranco Road,Melissa  Urena,117,,Food,,8/28/25 10:47 AM,8/28/25 10:57 AM,10 minutes and 18 seconds,KDS - Login Don't Delete
12060 Potranco Road,Adriana Navarro,116,18,No Print,,8/28/25 10:47 AM,8/28/25 10:57 AM,10 minutes and 40 seconds,KDS - Login Don't Delete
12060 Potranco Road,Adriana Navarro,116,18,Food,,8/28/25 10:47 AM,8/28/25 10:57 AM,10 minutes and 40 seconds,KDS - Login Don't Delete
12060 Potranco Road,Gabriel Tovar ,105,20,,1,8/28/25 10:46 AM,8/28/25 11:01 AM,14 minutes and 39 seconds,Zoila Salinas
12060 Potranco Road,Leticia Roman,101,35,,1,8/28/25 10:49 AM,8/28/25 11:01 AM,12 minutes and 3 seconds,Zoila Salinas
12060 Potranco Road,Zoila Salinas,108,,,1,8/28/25 10:40 AM,8/28/25 11:01 AM,20 minutes and 33 seconds,Zoila Salinas
12060 Potranco Road,Lizbeth Garcia,111,16,,1,8/28/25 10:51 AM,8/28/25 11:01 AM,9 minutes and 39 seconds,Zoila Salinas
12060 Potranco Road,Lizbeth Garcia,113,,,1,8/28/25 10:51 AM,8/28/25 11:01 AM,9 minutes and 41 seconds,Zoila Salinas
12060 Potranco Road,Leticia Roman,109,14,,1,8/28/25 10:52 AM,8/28/25 11:01 AM,8 minutes and 44 seconds,Zoila Salinas
12060 Potranco Road,Leticia Roman,99,,,1,8/28/25 10:52 AM,8/28/25 11:01 AM,8 minutes and 46 seconds,Zoila Salinas
12060 Potranco Road,Adriana Navarro,116,18,,1,8/28/25 10:57 AM,8/28/25 11:01 AM,3 minutes and 37 seconds,Zoila Salinas
12060 Potranco Road,Adriana Navarro,116,18,No Print,,8/28/25 10:49 AM,8/28/25 11:03 AM,13 minutes and 23 seconds,KDS - Login Don't Delete
12060 Potranco Road,Adriana Navarro,116,18,Food,,8/28/25 10:49 AM,8/28/25 11:03 AM,13 minutes and 23 seconds,KDS - Login Don't Delete
12060 Potranco Road,Adriana Navarro,119,23,No Print,,8/28/25 10:51 AM,8/28/25 11:03 AM,11 minutes and 44 seconds,KDS - Login Don't Delete
12060 Potranco Road,Adriana Navarro,119,23,Food,,8/28/25 10:51 AM,8/28/25 11:03 AM,11 minutes and 44 seconds,KDS - Login Don't Delete
12060 Potranco Road,Melissa  Urena,118,,Drive Thru,,8/28/25 10:48 AM,8/28/25 11:03 AM,14 minutes and 49 seconds,KDS - Login Don't Delete
12060 Potranco Road,Melissa  Urena,118,,Food,,8/28/25 10:48 AM,8/28/25 11:03 AM,14 minutes and 49 seconds,KDS - Login Don't Delete
12060 Potranco Road,Adriana Navarro,119,23,,1,8/28/25 11:03 AM,8/28/25 11:03 AM,45 seconds,Zoila Salinas
12060 Potranco Road,Adriana Navarro,116,18,,1,8/28/25 11:03 AM,8/28/25 11:03 AM,44 seconds,Zoila Salinas
12060 Potranco Road,Gabriel Tovar ,123,,,1,8/28/25 10:58 AM,8/28/25 11:03 AM,5 minutes and 37 seconds,Zoila Salinas
12060 Potranco Road,Melissa  Urena,121,,Drive Thru,,8/28/25 10:53 AM,8/28/25 11:09 AM,15 minutes and 53 seconds,KDS - Login Don't Delete
12060 Potranco Road,Melissa  Urena,121,,Food,,8/28/25 10:53 AM,8/28/25 11:09 AM,15 minutes and 53 seconds,KDS - Login Don't Delete
12060 Potranco Road,Melissa  Urena,120,,Drive Thru,,8/28/25 10:52 AM,8/28/25 11:09 AM,16 minutes and 35 seconds,KDS - Login Don't Delete
12060 Potranco Road,Melissa  Urena,120,,Food,,8/28/25 10:52 AM,8/28/25 11:09 AM,16 minutes and 35 seconds,KDS - Login Don't Delete
12060 Potranco Road,Melissa  Urena,122,,Drive Thru,,8/28/25 10:54 AM,8/28/25 11:09 AM,14 minutes and 52 seconds,KDS - Login Don't Delete
12060 Potranco Road,Melissa  Urena,122,,Food,,8/28/25 10:54 AM,8/28/25 11:09 AM,14 minutes and 52 seconds,KDS - Login Don't Delete
12060 Potranco Road,Melissa  Urena,125,,Drive Thru,,8/28/25 11:00 AM,8/28/25 11:09 AM,9 minutes and 10 seconds,KDS - Login Don't Delete
12060 Potranco Road,Melissa  Urena,125,,Food,,8/28/25 11:00 AM,8/28/25 11:09 AM,9 minutes and 10 seconds,KDS - Login Don't Delete
12060 Potranco Road,Melissa  Urena,126,,Drive Thru,,8/28/25 11:03 AM,8/28/25 11:09 AM,5 minutes and 53 seconds,KDS - Login Don't Delete
12060 Potranco Road,Melissa  Urena,126,,Food,,8/28/25 11:03 AM,8/28/25 11:09 AM,5 minutes and 53 seconds,KDS - Login Don't Delete
12060 Potranco Road,Melissa  Urena,125,,Drive Thru,,8/28/25 11:07 AM,8/28/25 11:09 AM,1 minute and 35 seconds,KDS - Login Don't Delete
12060 Potranco Road,Melissa  Urena,125,,Food,,8/28/25 11:07 AM,8/28/25 11:09 AM,1 minute and 35 seconds,KDS - Login Don't Delete
12060 Potranco Road,Melissa  Urena,130,,Drive Thru,,8/28/25 11:12 AM,8/28/25 11:20 AM,8 minutes and 40 seconds,KDS - Login Don't Delete
12060 Potranco Road,Melissa  Urena,130,,Food,,8/28/25 11:12 AM,8/28/25 11:20 AM,8 minutes and 40 seconds,KDS - Login Don't Delete
12060 Potranco Road,Melissa  Urena,127,,Drive Thru,,8/28/25 11:06 AM,8/28/25 11:20 AM,14 minutes and 19 seconds,KDS - Login Don't Delete
12060 Potranco Road,Melissa  Urena,127,,Food,,8/28/25 11:06 AM,8/28/25 11:20 AM,14 minutes and 19 seconds,KDS - Login Don't Delete
12060 Potranco Road,Melissa  Urena,129,,Drive Thru,,8/28/25 11:07 AM,8/28/25 11:20 AM,13 minutes and 3 seconds,KDS - Login Don't Delete
12060 Potranco Road,Melissa  Urena,129,,Food,,8/28/25 11:07 AM,8/28/25 11:20 AM,13 minutes and 3 seconds,KDS - Login Don't Delete
12060 Potranco Road,Leticia Roman,109,14,Food,,8/28/25 11:05 AM,8/28/25 11:23 AM,17 minutes and 51 seconds,KDS - Login Don't Delete
12060 Potranco Road,Gabriel Tovar ,128,15,No Print,,8/28/25 11:08 AM,8/28/25 11:23 AM,14 minutes and 54 seconds,KDS - Login Don't Delete
12060 Potranco Road,Gabriel Tovar ,128,15,Food,,8/28/25 11:08 AM,8/28/25 11:23 AM,14 minutes and 54 seconds,KDS - Login Don't Delete
12060 Potranco Road,Melissa  Urena,137,,Drive Thru,,8/28/25 11:23 AM,8/28/25 11:28 AM,5 minutes and 41 seconds,KDS - Login Don't Delete
12060 Potranco Road,Melissa  Urena,137,,Food,,8/28/25 11:23 AM,8/28/25 11:28 AM,5 minutes and 41 seconds,KDS - Login Don't Delete
12060 Potranco Road,Melissa  Urena,136,,Drive Thru,,8/28/25 11:22 AM,8/28/25 11:28 AM,6 minutes and 1 second,KDS - Login Don't Delete
12060 Potranco Road,Melissa  Urena,136,,Food,,8/28/25 11:22 AM,8/28/25 11:28 AM,6 minutes and 1 second,KDS - Login Don't Delete
12060 Potranco Road,Gabriel Tovar ,131,,Food,,8/28/25 11:21 AM,8/28/25 11:30 AM,9 minutes and 13 seconds,KDS - Login Don't Delete
12060 Potranco Road,Leticia Roman,132,12,No Print,,8/28/25 11:22 AM,8/28/25 11:30 AM,8 minutes and 27 seconds,KDS - Login Don't Delete
12060 Potranco Road,Leticia Roman,132,12,Food,,8/28/25 11:22 AM,8/28/25 11:30 AM,8 minutes and 27 seconds,KDS - Login Don't Delete
12060 Potranco Road,Lizbeth Garcia,133,16,No Print,,8/28/25 11:22 AM,8/28/25 11:32 AM,9 minutes and 41 seconds,KDS - Login Don't Delete
12060 Potranco Road,Lizbeth Garcia,133,16,Food,,8/28/25 11:22 AM,8/28/25 11:32 AM,9 minutes and 41 seconds,KDS - Login Don't Delete
12060 Potranco Road,Adriana Navarro,116,18,No Print,,8/28/25 11:29 AM,8/28/25 11:33 AM,3 minutes and 56 seconds,KDS - Login Don't Delete
12060 Potranco Road,Adriana Navarro,116,18,Food,,8/28/25 11:29 AM,8/28/25 11:33 AM,3 minutes and 56 seconds,KDS - Login Don't Delete
12060 Potranco Road,Leticia Roman,109,14,,1,8/28/25 11:23 AM,8/28/25 11:33 AM,10 minutes and 25 seconds,Zoila Salinas
12060 Potranco Road,Gabriel Tovar ,128,15,,1,8/28/25 11:23 AM,8/28/25 11:33 AM,10 minutes and 25 seconds,Zoila Salinas
12060 Potranco Road,Gabriel Tovar ,131,,,1,8/28/25 11:30 AM,8/28/25 11:33 AM,3 minutes and 6 seconds,Zoila Salinas
12060 Potranco Road,Adriana Navarro,140,5,No Print,,8/28/25 11:28 AM,8/28/25 11:37 AM,9 minutes and 46 seconds,KDS - Login Don't Delete
12060 Potranco Road,Adriana Navarro,140,5,Food,,8/28/25 11:28 AM,8/28/25 11:37 AM,9 minutes and 46 seconds,KDS - Login Don't Delete
12060 Potranco Road,Melissa  Urena,138,,Drive Thru,,8/28/25 11:24 AM,8/28/25 11:38 AM,14 minutes and 2 seconds,KDS - Login Don't Delete
12060 Potranco Road,Melissa  Urena,138,,Food,,8/28/25 11:24 AM,8/28/25 11:38 AM,14 minutes and 2 seconds,KDS - Login Don't Delete
12060 Potranco Road,Melissa  Urena,141,,Drive Thru,,8/28/25 11:27 AM,8/28/25 11:38 AM,11 minutes and 21 seconds,KDS - Login Don't Delete
12060 Potranco Road,Melissa  Urena,141,,Food,,8/28/25 11:27 AM,8/28/25 11:38 AM,11 minutes and 21 seconds,KDS - Login Don't Delete
12060 Potranco Road,Melissa  Urena,142,,Food,,8/28/25 11:28 AM,8/28/25 11:38 AM,10 minutes and 17 seconds,KDS - Login Don't Delete
12060 Potranco Road,Melissa  Urena,143,,Drive Thru,,8/28/25 11:30 AM,8/28/25 11:38 AM,8 minutes and 23 seconds,KDS - Login Don't Delete
12060 Potranco Road,Melissa  Urena,143,,Food,,8/28/25 11:30 AM,8/28/25 11:38 AM,8 minutes and 23 seconds,KDS - Login Don't Delete
12060 Potranco Road,Lizbeth Garcia,145,25,No Print,,8/28/25 11:36 AM,8/28/25 11:40 AM,3 minutes and 43 seconds,KDS - Login Don't Delete
12060 Potranco Road,Lizbeth Garcia,145,25,Food,,8/28/25 11:36 AM,8/28/25 11:40 AM,3 minutes and 43 seconds,KDS - Login Don't Delete
12060 Potranco Road,Gabriel Tovar ,144,1,No Print,,8/28/25 11:31 AM,8/28/25 11:40 AM,9 minutes and 20 seconds,KDS - Login Don't Delete
12060 Potranco Road,Gabriel Tovar ,144,1,Food,,8/28/25 11:31 AM,8/28/25 11:40 AM,9 minutes and 20 seconds,KDS - Login Don't Delete
12060 Potranco Road,Lizbeth Garcia,133,16,,1,8/28/25 11:32 AM,8/28/25 11:45 AM,12 minutes and 46 seconds,Zoila Salinas
12060 Potranco Road,Leticia Roman,132,12,,1,8/28/25 11:30 AM,8/28/25 11:45 AM,14 minutes and 34 seconds,Zoila Salinas
12060 Potranco Road,Adriana Navarro,140,5,,1,8/28/25 11:37 AM,8/28/25 11:45 AM,7 minutes and 22 seconds,Zoila Salinas
12060 Potranco Road,Adriana Navarro,116,18,,1,8/28/25 11:33 AM,8/28/25 11:45 AM,11 minutes and 49 seconds,Zoila Salinas
12060 Potranco Road,Melissa  Urena,151,,Drive Thru,,8/28/25 11:41 AM,8/28/25 11:47 AM,6 minutes and 7 seconds,KDS - Login Don't Delete
12060 Potranco Road,Melissa  Urena,151,,Food,,8/28/25 11:41 AM,8/28/25 11:47 AM,6 minutes and 7 seconds,KDS - Login Don't Delete
12060 Potranco Road,Melissa  Urena,147,,Drive Thru,,8/28/25 11:37 AM,8/28/25 11:47 AM,9 minutes and 50 seconds,KDS - Login Don't Delete
12060 Potranco Road,Melissa  Urena,147,,Food,,8/28/25 11:37 AM,8/28/25 11:47 AM,9 minutes and 50 seconds,KDS - Login Don't Delete
12060 Potranco Road,Melissa  Urena,152,,Drive Thru,,8/28/25 11:41 AM,8/28/25 11:47 AM,5 minutes and 39 seconds,KDS - Login Don't Delete
12060 Potranco Road,Melissa  Urena,152,,Food,,8/28/25 11:41 AM,8/28/25 11:47 AM,5 minutes and 39 seconds,KDS - Login Don't Delete
12060 Potranco Road,Melissa  Urena,146,,Food,,8/28/25 11:37 AM,8/28/25 11:47 AM,9 minutes and 54 seconds,KDS - Login Don't Delete
12060 Potranco Road,Gabriel Tovar ,144,1,,1,8/28/25 11:40 AM,8/28/25 11:52 AM,11 minutes and 29 seconds,Zoila Salinas
12060 Potranco Road,Lizbeth Garcia,145,25,,1,8/28/25 11:40 AM,8/28/25 11:52 AM,11 minutes and 40 seconds,Zoila Salinas
12060 Potranco Road,Leticia Roman,148,8,,1,8/28/25 11:40 AM,8/28/25 11:52 AM,11 minutes and 35 seconds,Zoila Salinas
12060 Potranco Road,Gabriel Tovar ,150,2,No Print,,8/28/25 11:39 AM,8/28/25 11:52 AM,12 minutes and 17 seconds,KDS - Login Don't Delete
12060 Potranco Road,Gabriel Tovar ,150,2,Food,,8/28/25 11:39 AM,8/28/25 11:52 AM,12 minutes and 17 seconds,KDS - Login Don't Delete
12060 Potranco Road,Leticia Roman,148,8,,1,8/28/25 11:51 AM,8/28/25 11:53 AM,1 minute and 17 seconds,Zoila Salinas
12060 Potranco Road,Adriana Navarro,157,16,No Print,,8/28/25 11:49 AM,8/28/25 11:55 AM,5 minutes and 47 seconds,KDS - Login Don't Delete
12060 Potranco Road,Adriana Navarro,157,16,Food,,8/28/25 11:49 AM,8/28/25 11:55 AM,5 minutes and 47 seconds,KDS - Login Don't Delete
12060 Potranco Road,Melissa  Urena,151,,Drive Thru,,8/28/25 11:43 AM,8/28/25 11:57 AM,13 minutes and 47 seconds,KDS - Login Don't Delete
12060 Potranco Road,Melissa  Urena,151,,Food,,8/28/25 11:43 AM,8/28/25 11:57 AM,13 minutes and 47 seconds,KDS - Login Don't Delete
12060 Potranco Road,Melissa  Urena,153,,Drive Thru,,8/28/25 11:43 AM,8/28/25 11:57 AM,14 minutes and 2 seconds,KDS - Login Don't Delete
12060 Potranco Road,Melissa  Urena,153,,Food,,8/28/25 11:43 AM,8/28/25 11:57 AM,14 minutes and 2 seconds,KDS - Login Don't Delete
12060 Potranco Road,Melissa  Urena,156,,Drive Thru,,8/28/25 11:45 AM,8/28/25 11:57 AM,12 minutes and 12 seconds,KDS - Login Don't Delete
12060 Potranco Road,Melissa  Urena,156,,Food,,8/28/25 11:45 AM,8/28/25 11:57 AM,12 minutes and 12 seconds,KDS - Login Don't Delete
12060 Potranco Road,Melissa  Urena,154,,Drive Thru,,8/28/25 11:44 AM,8/28/25 11:57 AM,13 minutes and 19 seconds,KDS - Login Don't Delete
12060 Potranco Road,Melissa  Urena,154,,Food,,8/28/25 11:44 AM,8/28/25 11:57 AM,13 minutes and 19 seconds,KDS - Login Don't Delete
12060 Potranco Road,Adriana Navarro,159,14,No Print,,8/28/25 11:57 AM,8/28/25 12:02 PM,5 minutes and 2 seconds,KDS - Login Don't Delete
12060 Potranco Road,Adriana Navarro,159,14,Food,,8/28/25 11:57 AM,8/28/25 12:02 PM,5 minutes and 2 seconds,KDS - Login Don't Delete
12060 Potranco Road,Gabriel Tovar ,160,20,No Print,,8/28/25 11:56 AM,8/28/25 12:02 PM,6 minutes and 19 seconds,KDS - Login Don't Delete
12060 Potranco Road,Gabriel Tovar ,160,20,Food,,8/28/25 11:56 AM,8/28/25 12:02 PM,6 minutes and 19 seconds,KDS - Login Don't Delete
12060 Potranco Road,Adriana Navarro,159,14,Drive Thru,,8/28/25 11:57 AM,8/28/25 12:02 PM,5 minutes and 2 seconds,KDS - Login Don't Delete
12060 Potranco Road,Lizbeth Garcia,158,3,No Print,,8/28/25 11:53 AM,8/28/25 12:02 PM,9 minutes and 13 seconds,KDS - Login Don't Delete
12060 Potranco Road,Lizbeth Garcia,158,3,Food,,8/28/25 11:53 AM,8/28/25 12:02 PM,9 minutes and 13 seconds,KDS - Login Don't Delete
12060 Potranco Road,Melissa  Urena,163,,Drive Thru,,8/28/25 12:06 PM,8/28/25 12:13 PM,6 minutes and 44 seconds,KDS - Login Don't Delete
12060 Potranco Road,Melissa  Urena,163,,Food,,8/28/25 12:06 PM,8/28/25 12:13 PM,6 minutes and 44 seconds,KDS - Login Don't Delete
12060 Potranco Road,Melissa  Urena,162,,Drive Thru,,8/28/25 12:04 PM,8/28/25 12:13 PM,9 minutes,KDS - Login Don't Delete
12060 Potranco Road,Melissa  Urena,162,,Food,,8/28/25 12:04 PM,8/28/25 12:13 PM,9 minutes,KDS - Login Don't Delete
12060 Potranco Road,Leticia Roman,167,8,No Print,,8/28/25 12:12 PM,8/28/25 12:15 PM,3 minutes and 27 seconds,KDS - Login Don't Delete
12060 Potranco Road,Leticia Roman,167,8,Food,,8/28/25 12:12 PM,8/28/25 12:15 PM,3 minutes and 27 seconds,KDS - Login Don't Delete
12060 Potranco Road,Leticia Roman,161,4,No Print,,8/28/25 12:05 PM,8/28/25 12:15 PM,9 minutes and 55 seconds,KDS - Login Don't Delete
12060 Potranco Road,Leticia Roman,161,4,Food,,8/28/25 12:05 PM,8/28/25 12:15 PM,9 minutes and 55 seconds,KDS - Login Don't Delete
12060 Potranco Road,Leticia Roman,161,4,,1,8/28/25 12:15 PM,8/28/25 12:21 PM,6 minutes and 14 seconds,Zoila Salinas
12060 Potranco Road,Gabriel Tovar ,160,20,,1,8/28/25 12:02 PM,8/28/25 12:21 PM,19 minutes and 31 seconds,Zoila Salinas
12060 Potranco Road,Gabriel Tovar ,150,2,,1,8/28/25 11:52 AM,8/28/25 12:22 PM,30 minutes and 42 seconds,Zoila Salinas
12060 Potranco Road,Adriana Navarro,157,16,,1,8/28/25 11:55 AM,8/28/25 12:22 PM,27 minutes and 28 seconds,Zoila Salinas
12060 Potranco Road,Leticia Roman,167,8,,1,8/28/25 12:15 PM,8/28/25 12:22 PM,7 minutes and 18 seconds,Zoila Salinas
12060 Potranco Road,Lizbeth Garcia,158,3,,1,8/28/25 12:02 PM,8/28/25 12:22 PM,20 minutes and 26 seconds,Zoila Salinas
12060 Potranco Road,Adriana Navarro,159,14,,1,8/28/25 12:02 PM,8/28/25 12:22 PM,20 minutes and 28 seconds,Zoila Salinas
12060 Potranco Road,Adriana Navarro,164,23,,1,8/28/25 12:12 PM,8/28/25 12:22 PM,10 minutes and 37 seconds,Zoila Salinas
12060 Potranco Road,Leticia Roman,170,15,,1,8/28/25 12:23 PM,8/28/25 12:23 PM,2 seconds,Zoila Salinas
12060 Potranco Road,Melissa  Urena,165,,Drive Thru,,8/28/25 12:11 PM,8/28/25 12:31 PM,19 minutes and 56 seconds,KDS - Login Don't Delete
12060 Potranco Road,Melissa  Urena,166,,Drive Thru,,8/28/25 12:11 PM,8/28/25 12:31 PM,19 minutes and 46 seconds,KDS - Login Don't Delete
12060 Potranco Road,Melissa  Urena,166,,Food,,8/28/25 12:11 PM,8/28/25 12:31 PM,19 minutes and 46 seconds,KDS - Login Don't Delete
12060 Potranco Road,Melissa  Urena,166,,Drinks,,8/28/25 12:11 PM,8/28/25 12:31 PM,19 minutes and 46 seconds,KDS - Login Don't Delete
12060 Potranco Road,Melissa  Urena,166,,No Print,,8/28/25 12:11 PM,8/28/25 12:31 PM,19 minutes and 46 seconds,KDS - Login Don't Delete
12060 Potranco Road,Melissa  Urena,165,,Food,,8/28/25 12:11 PM,8/28/25 12:31 PM,19 minutes and 56 seconds,KDS - Login Don't Delete
12060 Potranco Road,Adriana Navarro,164,23,No Print,,8/28/25 12:11 PM,8/28/25 12:31 PM,20 minutes and 48 seconds,KDS - Login Don't Delete
12060 Potranco Road,Adriana Navarro,164,23,Food,,8/28/25 12:11 PM,8/28/25 12:31 PM,20 minutes and 48 seconds,KDS - Login Don't Delete
12060 Potranco Road,Leticia Roman,170,15,No Print,,8/28/25 12:25 PM,8/28/25 12:33 PM,8 minutes and 32 seconds,KDS - Login Don't Delete
12060 Potranco Road,Leticia Roman,170,15,Food,,8/28/25 12:25 PM,8/28/25 12:33 PM,8 minutes and 32 seconds,KDS - Login Don't Delete
12060 Potranco Road,Melissa  Urena,173,,Food,,8/28/25 12:28 PM,8/28/25 12:34 PM,6 minutes and 27 seconds,KDS - Login Don't Delete
12060 Potranco Road,Melissa  Urena,172,,Drive Thru,,8/28/25 12:25 PM,8/28/25 12:34 PM,9 minutes and 23 seconds,KDS - Login Don't Delete
12060 Potranco Road,Melissa  Urena,172,,Food,,8/28/25 12:25 PM,8/28/25 12:34 PM,9 minutes and 23 seconds,KDS - Login Don't Delete
12060 Potranco Road,Melissa  Urena,171,,Drive Thru,,8/28/25 12:24 PM,8/28/25 12:34 PM,10 minutes and 5 seconds,KDS - Login Don't Delete
12060 Potranco Road,Melissa  Urena,171,,Food,,8/28/25 12:24 PM,8/28/25 12:34 PM,10 minutes and 5 seconds,KDS - Login Don't Delete
12060 Potranco Road,Gabriel Tovar ,175,16,No Print,,8/28/25 12:36 PM,8/28/25 12:45 PM,9 minutes and 34 seconds,KDS - Login Don't Delete
12060 Potranco Road,Gabriel Tovar ,175,16,Food,,8/28/25 12:36 PM,8/28/25 12:45 PM,9 minutes and 34 seconds,KDS - Login Don't Delete
12060 Potranco Road,Adriana Navarro,159,14,Food,,8/28/25 12:36 PM,8/28/25 12:45 PM,8 minutes and 57 seconds,KDS - Login Don't Delete
12060 Potranco Road,Leticia Roman,170,15,,1,8/28/25 12:33 PM,8/28/25 12:49 PM,15 minutes and 29 seconds,Zoila Salinas
12060 Potranco Road,Leticia Roman,176,34,No Print,,8/28/25 12:48 PM,8/28/25 12:54 PM,5 minutes and 50 seconds,KDS - Login Don't Delete
12060 Potranco Road,Leticia Roman,176,34,Food,,8/28/25 12:48 PM,8/28/25 12:54 PM,5 minutes and 50 seconds,KDS - Login Don't Delete
12060 Potranco Road,Lizbeth Garcia,168,11,No Print,,8/28/25 12:19 PM,8/28/25 12:57 PM,38 minutes and 5 seconds,KDS - Login Don't Delete
12060 Potranco Road,Lizbeth Garcia,168,11,Food,,8/28/25 12:19 PM,8/28/25 12:57 PM,38 minutes and 5 seconds,KDS - Login Don't Delete
12060 Potranco Road,Lizbeth Garcia,168,11,Drive Thru,,8/28/25 12:19 PM,8/28/25 12:57 PM,38 minutes and 5 seconds,KDS - Login Don't Delete
12060 Potranco Road,Lizbeth Garcia,177,25,No Print,,8/28/25 12:49 PM,8/28/25 12:57 PM,7 minutes and 39 seconds,KDS - Login Don't Delete
12060 Potranco Road,Lizbeth Garcia,177,25,Food,,8/28/25 12:49 PM,8/28/25 12:57 PM,7 minutes and 39 seconds,KDS - Login Don't Delete
12060 Potranco Road,Melissa  Urena,174,,Food,,8/28/25 12:39 PM,8/28/25 12:59 PM,20 minutes and 11 seconds,KDS - Login Don't Delete
12060 Potranco Road,Melissa  Urena,174,,Drive Thru,,8/28/25 12:39 PM,8/28/25 12:59 PM,20 minutes and 11 seconds,KDS - Login Don't Delete
12060 Potranco Road,Gabriel Tovar ,175,16,,1,8/28/25 12:45 PM,8/28/25 12:59 PM,13 minutes and 59 seconds,Zoila Salinas
12060 Potranco Road,Adriana Navarro,164,23,,1,8/28/25 12:31 PM,8/28/25 12:59 PM,27 minutes and 50 seconds,Zoila Salinas
12060 Potranco Road,Adriana Navarro,159,14,,1,8/28/25 12:45 PM,8/28/25 12:59 PM,14 minutes and 4 seconds,Zoila Salinas
12060 Potranco Road,Lizbeth Garcia,168,11,,1,8/28/25 12:57 PM,8/28/25 12:59 PM,2 minutes and 32 seconds,Zoila Salinas
12060 Potranco Road,Leticia Roman,176,34,,1,8/28/25 12:54 PM,8/28/25 12:59 PM,5 minutes and 21 seconds,Zoila Salinas
12060 Potranco Road,Lizbeth Garcia,177,25,,1,8/28/25 12:57 PM,8/28/25 12:59 PM,2 minutes and 38 seconds,Zoila Salinas
12060 Potranco Road,Gabriel Tovar ,169,,,1,8/28/25 12:20 PM,8/28/25 12:59 PM,39 minutes and 26 seconds,Zoila Salinas
12060 Potranco Road,Lizbeth Garcia,149,,,1,8/28/25 11:38 AM,8/28/25 12:59 PM,"1 hour, 21 minutes and 12 seconds",Zoila Salinas
12060 Potranco Road,Leticia Roman,170,15,,1,8/28/25 12:41 PM,8/28/25 12:59 PM,18 minutes and 50 seconds,Zoila Salinas
12060 Potranco Road,Adriana Navarro,180,37,No Print,,8/28/25 12:56 PM,8/28/25 1:07 PM,10 minutes and 28 seconds,KDS - Login Don't Delete
12060 Potranco Road,Adriana Navarro,180,37,Food,,8/28/25 12:56 PM,8/28/25 1:07 PM,10 minutes and 28 seconds,KDS - Login Don't Delete
12060 Potranco Road,Lizbeth Garcia,168,11,No Print,,8/28/25 1:01 PM,8/28/25 1:12 PM,11 minutes and 9 seconds,KDS - Login Don't Delete
12060 Potranco Road,Lizbeth Garcia,168,11,Food,,8/28/25 1:01 PM,8/28/25 1:12 PM,11 minutes and 9 seconds,KDS - Login Don't Delete
12060 Potranco Road,Adriana Navarro,180,37,Drive Thru,,8/28/25 1:04 PM,8/28/25 1:13 PM,8 minutes and 43 seconds,KDS - Login Don't Delete
12060 Potranco Road,Adriana Navarro,180,37,Food,,8/28/25 1:04 PM,8/28/25 1:13 PM,8 minutes and 43 seconds,KDS - Login Don't Delete
12060 Potranco Road,Melissa  Urena,184,,Food,,8/28/25 1:10 PM,8/28/25 1:13 PM,3 minutes and 33 seconds,KDS - Login Don't Delete
12060 Potranco Road,Melissa  Urena,182,,Drive Thru,,8/28/25 1:09 PM,8/28/25 1:13 PM,4 minutes and 3 seconds,KDS - Login Don't Delete
12060 Potranco Road,Melissa  Urena,182,,Food,,8/28/25 1:09 PM,8/28/25 1:13 PM,4 minutes and 3 seconds,KDS - Login Don't Delete
12060 Potranco Road,Melissa  Urena,179,,Drive Thru,,8/28/25 1:03 PM,8/28/25 1:13 PM,10 minutes and 24 seconds,KDS - Login Don't Delete
12060 Potranco Road,Melissa  Urena,179,,Food,,8/28/25 1:03 PM,8/28/25 1:13 PM,10 minutes and 24 seconds,KDS - Login Don't Delete
12060 Potranco Road,Melissa  Urena,185,,Drive Thru,,8/28/25 1:10 PM,8/28/25 1:13 PM,3 minutes and 21 seconds,KDS - Login Don't Delete
12060 Potranco Road,Melissa  Urena,185,,Food,,8/28/25 1:10 PM,8/28/25 1:13 PM,3 minutes and 21 seconds,KDS - Login Don't Delete
12060 Potranco Road,Gabriel Tovar ,186,26,No Print,,8/28/25 1:12 PM,8/28/25 1:22 PM,9 minutes and 40 seconds,KDS - Login Don't Delete
12060 Potranco Road,Gabriel Tovar ,186,26,Food,,8/28/25 1:12 PM,8/28/25 1:22 PM,9 minutes and 40 seconds,KDS - Login Don't Delete
12060 Potranco Road,Lizbeth Garcia,168,11,,1,8/28/25 1:12 PM,8/28/25 1:23 PM,10 minutes and 30 seconds,Zoila Salinas
12060 Potranco Road,Adriana Navarro,180,37,,1,8/28/25 1:07 PM,8/28/25 1:23 PM,16 minutes and 8 seconds,Zoila Salinas
12060 Potranco Road,Adriana Navarro,180,37,,1,8/28/25 1:13 PM,8/28/25 1:23 PM,10 minutes and 31 seconds,Zoila Salinas
12060 Potranco Road,Gabriel Tovar ,186,26,,1,8/28/25 1:22 PM,8/28/25 1:23 PM,1 minute and 16 seconds,Zoila Salinas
12060 Potranco Road,Gabriel Tovar ,181,,,1,8/28/25 1:04 PM,8/28/25 1:25 PM,21 minutes,Zoila Salinas
12060 Potranco Road,Adriana Navarro,187,23,No Print,,8/28/25 1:18 PM,8/28/25 1:26 PM,8 minutes and 12 seconds,KDS - Login Don't Delete
12060 Potranco Road,Adriana Navarro,187,23,Food,,8/28/25 1:18 PM,8/28/25 1:26 PM,8 minutes and 12 seconds,KDS - Login Don't Delete
12060 Potranco Road,Leticia Roman,189,1,No Print,,8/28/25 1:22 PM,8/28/25 1:29 PM,7 minutes and 32 seconds,KDS - Login Don't Delete
12060 Potranco Road,Leticia Roman,189,1,Food,,8/28/25 1:22 PM,8/28/25 1:29 PM,7 minutes and 32 seconds,KDS - Login Don't Delete
12060 Potranco Road,Lizbeth Garcia,191,34,No Print,,8/28/25 1:20 PM,8/28/25 1:31 PM,10 minutes and 24 seconds,KDS - Login Don't Delete
12060 Potranco Road,Lizbeth Garcia,191,34,Food,,8/28/25 1:20 PM,8/28/25 1:31 PM,10 minutes and 24 seconds,KDS - Login Don't Delete
12060 Potranco Road,Gabriel Tovar ,192,15,No Print,,8/28/25 1:30 PM,8/28/25 1:45 PM,15 minutes and 12 seconds,KDS - Login Don't Delete
12060 Potranco Road,Gabriel Tovar ,192,15,Food,,8/28/25 1:30 PM,8/28/25 1:45 PM,15 minutes and 12 seconds,KDS - Login Don't Delete
12060 Potranco Road,Gabriel Tovar ,192,15,Drive Thru,,8/28/25 1:30 PM,8/28/25 1:45 PM,15 minutes and 12 seconds,KDS - Login Don't Delete
12060 Potranco Road,Lizbeth Garcia,168,11,No Print,,8/28/25 1:32 PM,8/28/25 1:45 PM,13 minutes and 46 seconds,KDS - Login Don't Delete
12060 Potranco Road,Lizbeth Garcia,168,11,Food,,8/28/25 1:32 PM,8/28/25 1:45 PM,13 minutes and 46 seconds,KDS - Login Don't Delete
12060 Potranco Road,Leticia Roman,189,1,Drive Thru,,8/28/25 1:34 PM,8/28/25 1:45 PM,11 minutes and 36 seconds,KDS - Login Don't Delete
12060 Potranco Road,Leticia Roman,189,1,Food,,8/28/25 1:34 PM,8/28/25 1:45 PM,11 minutes and 36 seconds,KDS - Login Don't Delete
12060 Potranco Road,Melissa  Urena,188,,Drive Thru,,8/28/25 1:19 PM,8/28/25 1:48 PM,29 minutes and 7 seconds,KDS - Login Don't Delete
12060 Potranco Road,Melissa  Urena,188,,Food,,8/28/25 1:19 PM,8/28/25 1:48 PM,29 minutes and 7 seconds,KDS - Login Don't Delete
12060 Potranco Road,Melissa  Urena,190,,Food,,8/28/25 1:19 PM,8/28/25 1:48 PM,29 minutes and 8 seconds,KDS - Login Don't Delete
12060 Potranco Road,Melissa  Urena,193,,Drive Thru,,8/28/25 1:33 PM,8/28/25 1:48 PM,14 minutes and 52 seconds,KDS - Login Don't Delete
12060 Potranco Road,Melissa  Urena,193,,Food,,8/28/25 1:33 PM,8/28/25 1:48 PM,14 minutes and 52 seconds,KDS - Login Don't Delete
12060 Potranco Road,Melissa  Urena,195,,Drive Thru,,8/28/25 1:37 PM,8/28/25 1:48 PM,11 minutes and 19 seconds,KDS - Login Don't Delete
12060 Potranco Road,Melissa  Urena,195,,Food,,8/28/25 1:37 PM,8/28/25 1:48 PM,11 minutes and 19 seconds,KDS - Login Don't Delete
12060 Potranco Road,Leticia Roman,201,2,No Print,,8/28/25 1:50 PM,8/28/25 1:55 PM,5 minutes and 20 seconds,KDS - Login Don't Delete
12060 Potranco Road,Leticia Roman,201,2,Food,,8/28/25 1:50 PM,8/28/25 1:55 PM,5 minutes and 20 seconds,KDS - Login Don't Delete
12060 Potranco Road,Adriana Navarro,199,14,No Print,,8/28/25 1:51 PM,8/28/25 2:04 PM,13 minutes and 10 seconds,KDS - Login Don't Delete
12060 Potranco Road,Adriana Navarro,199,14,Food,,8/28/25 1:51 PM,8/28/25 2:04 PM,13 minutes and 10 seconds,KDS - Login Don't Delete
12060 Potranco Road,Lizbeth Garcia,200,21,No Print,,8/28/25 1:51 PM,8/28/25 2:04 PM,13 minutes and 13 seconds,KDS - Login Don't Delete
12060 Potranco Road,Lizbeth Garcia,200,21,Food,,8/28/25 1:51 PM,8/28/25 2:04 PM,13 minutes and 13 seconds,KDS - Login Don't Delete
12060 Potranco Road,Melissa  Urena,204,,Food,,8/28/25 2:05 PM,8/28/25 2:06 PM,1 minute and 38 seconds,KDS - Login Don't Delete
12060 Potranco Road,Melissa  Urena,204,,Drive Thru,,8/28/25 2:05 PM,8/28/25 2:06 PM,1 minute and 38 seconds,KDS - Login Don't Delete
12060 Potranco Road,Gabriel Tovar ,202,16,No Print,,8/28/25 1:59 PM,8/28/25 2:08 PM,8 minutes and 7 seconds,KDS - Login Don't Delete
12060 Potranco Road,Gabriel Tovar ,202,16,Food,,8/28/25 1:59 PM,8/28/25 2:08 PM,8 minutes and 7 seconds,KDS - Login Don't Delete
12060 Potranco Road,Gabriel Tovar ,202,16,Drive Thru,,8/28/25 1:59 PM,8/28/25 2:08 PM,8 minutes and 7 seconds,KDS - Login Don't Delete
12060 Potranco Road,Adriana Navarro,203,3,No Print,,8/28/25 2:00 PM,8/28/25 2:08 PM,7 minutes and 30 seconds,KDS - Login Don't Delete
12060 Potranco Road,Adriana Navarro,203,3,Food,,8/28/25 2:00 PM,8/28/25 2:08 PM,7 minutes and 30 seconds,KDS - Login Don't Delete
12060 Potranco Road,Lizbeth Garcia,191,34,,1,8/28/25 1:31 PM,8/28/25 2:15 PM,43 minutes and 57 seconds,Zoila Salinas
12060 Potranco Road,Adriana Navarro,187,23,,1,8/28/25 1:26 PM,8/28/25 2:15 PM,48 minutes and 37 seconds,Zoila Salinas
12060 Potranco Road,Leticia Roman,189,1,,1,8/28/25 1:29 PM,8/28/25 2:15 PM,45 minutes and 33 seconds,Zoila Salinas
12060 Potranco Road,Gabriel Tovar ,192,15,,1,8/28/25 1:45 PM,8/28/25 2:15 PM,29 minutes and 31 seconds,Zoila Salinas
12060 Potranco Road,Leticia Roman,201,2,,1,8/28/25 1:55 PM,8/28/25 2:15 PM,19 minutes and 35 seconds,Zoila Salinas
12060 Potranco Road,Leticia Roman,189,1,,1,8/28/25 1:45 PM,8/28/25 2:15 PM,29 minutes and 34 seconds,Zoila Salinas
12060 Potranco Road,Lizbeth Garcia,168,11,,1,8/28/25 1:45 PM,8/28/25 2:15 PM,29 minutes and 33 seconds,Zoila Salinas
12060 Potranco Road,Lizbeth Garcia,200,21,,1,8/28/25 2:04 PM,8/28/25 2:15 PM,10 minutes and 55 seconds,Zoila Salinas
12060 Potranco Road,Adriana Navarro,199,14,,1,8/28/25 2:04 PM,8/28/25 2:15 PM,10 minutes and 57 seconds,Zoila Salinas
12060 Potranco Road,Mario Jimenez,205,,Drive Thru,,8/28/25 2:16 PM,8/28/25 2:20 PM,3 minutes and 45 seconds,KDS - Login Don't Delete
12060 Potranco Road,Mario Jimenez,205,,Food,,8/28/25 2:16 PM,8/28/25 2:20 PM,3 minutes and 45 seconds,KDS - Login Don't Delete
12060 Potranco Road,Mario Jimenez,207,,Drive Thru,,8/28/25 2:19 PM,8/28/25 2:22 PM,2 minutes and 39 seconds,KDS - Login Don't Delete
12060 Potranco Road,Mario Jimenez,207,,Food,,8/28/25 2:19 PM,8/28/25 2:22 PM,2 minutes and 39 seconds,KDS - Login Don't Delete
12060 Potranco Road,Mario Jimenez,210,,Drive Thru,,8/28/25 2:22 PM,8/28/25 2:31 PM,8 minutes and 47 seconds,KDS - Login Don't Delete
12060 Potranco Road,Mario Jimenez,210,,Food,,8/28/25 2:22 PM,8/28/25 2:31 PM,8 minutes and 47 seconds,KDS - Login Don't Delete
12060 Potranco Road,Emanuel Sanchez,212,12,No Print,,8/28/25 2:28 PM,8/28/25 2:37 PM,9 minutes and 2 seconds,KDS - Login Don't Delete
12060 Potranco Road,Emanuel Sanchez,212,12,Food,,8/28/25 2:28 PM,8/28/25 2:37 PM,9 minutes and 2 seconds,KDS - Login Don't Delete
12060 Potranco Road,Emanuel Sanchez,212,12,Drive Thru,,8/28/25 2:28 PM,8/28/25 2:37 PM,9 minutes and 2 seconds,KDS - Login Don't Delete
12060 Potranco Road,Mario Jimenez,213,,Drive Thru,,8/28/25 2:33 PM,8/28/25 2:39 PM,6 minutes and 17 seconds,KDS - Login Don't Delete
12060 Potranco Road,Mario Jimenez,213,,Food,,8/28/25 2:33 PM,8/28/25 2:39 PM,6 minutes and 17 seconds,KDS - Login Don't Delete
12060 Potranco Road,Gabriel Tovar ,202,16,,1,8/28/25 2:08 PM,8/28/25 2:46 PM,38 minutes and 7 seconds,Zoila Salinas
12060 Potranco Road,Adriana Navarro,203,3,,1,8/28/25 2:08 PM,8/28/25 2:46 PM,38 minutes and 5 seconds,Zoila Salinas
12060 Potranco Road,Emanuel Sanchez,212,12,,1,8/28/25 2:37 PM,8/28/25 2:46 PM,8 minutes and 28 seconds,Zoila Salinas
12060 Potranco Road,Lizbeth Garcia,200,21,,1,8/28/25 2:00 PM,8/28/25 2:46 PM,46 minutes and 6 seconds,Zoila Salinas
12060 Potranco Road,Mario Jimenez,214,,Drive Thru,,8/28/25 2:48 PM,8/28/25 2:51 PM,3 minutes and 23 seconds,KDS - Login Don't Delete
12060 Potranco Road,Mario Jimenez,214,,Food,,8/28/25 2:48 PM,8/28/25 2:51 PM,3 minutes and 23 seconds,KDS - Login Don't Delete
12060 Potranco Road,Candy Del Angel,216,,No Print,,8/28/25 2:54 PM,8/28/25 3:03 PM,9 minutes and 13 seconds,KDS - Login Don't Delete
12060 Potranco Road,Candy Del Angel,216,,Food,,8/28/25 2:54 PM,8/28/25 3:03 PM,9 minutes and 13 seconds,KDS - Login Don't Delete
12060 Potranco Road,Mario Jimenez,219,,Drive Thru,,8/28/25 3:12 PM,8/28/25 3:15 PM,3 minutes and 21 seconds,KDS - Login Don't Delete
12060 Potranco Road,Mario Jimenez,219,,Food,,8/28/25 3:12 PM,8/28/25 3:15 PM,3 minutes and 21 seconds,KDS - Login Don't Delete
12060 Potranco Road,Emanuel Sanchez,217,4,No Print,,8/28/25 3:07 PM,8/28/25 3:16 PM,8 minutes and 14 seconds,KDS - Login Don't Delete
12060 Potranco Road,Emanuel Sanchez,217,4,Food,,8/28/25 3:07 PM,8/28/25 3:16 PM,8 minutes and 14 seconds,KDS - Login Don't Delete
12060 Potranco Road,Candy Del Angel,216,,,1,8/28/25 3:03 PM,8/28/25 3:17 PM,14 minutes and 16 seconds,Zoila Salinas
12060 Potranco Road,Candy Del Angel,218,,Food,,8/28/25 3:09 PM,8/28/25 3:22 PM,12 minutes and 42 seconds,KDS - Login Don't Delete
12060 Potranco Road,Candy Del Angel,218,,Drive Thru,,8/28/25 3:09 PM,8/28/25 3:22 PM,12 minutes and 42 seconds,KDS - Login Don't Delete
12060 Potranco Road,Adriana Navarro,220,3,No Print,,8/28/25 3:12 PM,8/28/25 3:22 PM,9 minutes and 52 seconds,KDS - Login Don't Delete
12060 Potranco Road,Adriana Navarro,220,3,Food,,8/28/25 3:12 PM,8/28/25 3:22 PM,9 minutes and 52 seconds,KDS - Login Don't Delete
12060 Potranco Road,Mario Jimenez,221,,Drive Thru,,8/28/25 3:21 PM,8/28/25 3:24 PM,2 minutes and 28 seconds,KDS - Login Don't Delete
12060 Potranco Road,Mario Jimenez,221,,Food,,8/28/25 3:21 PM,8/28/25 3:24 PM,2 minutes and 28 seconds,KDS - Login Don't Delete
12060 Potranco Road,Emanuel Sanchez,217,4,,1,8/28/25 3:16 PM,8/28/25 3:26 PM,10 minutes and 46 seconds,Zoila Salinas
12060 Potranco Road,Adriana Navarro,220,3,,1,8/28/25 3:22 PM,8/28/25 3:27 PM,4 minutes and 16 seconds,Zoila Salinas
12060 Potranco Road,Candy Del Angel,218,,,1,8/28/25 3:22 PM,8/28/25 3:26 PM,4 minutes and 46 seconds,Zoila Salinas
12060 Potranco Road,Emanuel Sanchez,217,4,,1,8/28/25 3:22 PM,8/28/25 3:27 PM,4 minutes and 24 seconds,Zoila Salinas
12060 Potranco Road,Emanuel Sanchez,222,20,No Print,,8/28/25 3:24 PM,8/28/25 3:35 PM,11 minutes and 23 seconds,KDS - Login Don't Delete
12060 Potranco Road,Emanuel Sanchez,222,20,Food,,8/28/25 3:24 PM,8/28/25 3:35 PM,11 minutes and 23 seconds,KDS - Login Don't Delete
12060 Potranco Road,Emanuel Sanchez,223,14,No Print,,8/28/25 3:26 PM,8/28/25 3:36 PM,10 minutes and 31 seconds,KDS - Login Don't Delete
12060 Potranco Road,Emanuel Sanchez,223,14,Food,,8/28/25 3:26 PM,8/28/25 3:36 PM,10 minutes and 31 seconds,KDS - Login Don't Delete
12060 Potranco Road,Emanuel Sanchez,223,14,Drive Thru,,8/28/25 3:26 PM,8/28/25 3:36 PM,10 minutes and 31 seconds,KDS - Login Don't Delete
12060 Potranco Road,Adriana Navarro,224,1,No Print,,8/28/25 3:30 PM,8/28/25 3:37 PM,6 minutes and 22 seconds,KDS - Login Don't Delete
12060 Potranco Road,Adriana Navarro,224,1,Food,,8/28/25 3:30 PM,8/28/25 3:37 PM,6 minutes and 22 seconds,KDS - Login Don't Delete
12060 Potranco Road,Mario Jimenez,226,,Drive Thru,,8/28/25 3:32 PM,8/28/25 3:38 PM,5 minutes and 53 seconds,KDS - Login Don't Delete
12060 Potranco Road,Mario Jimenez,226,,Food,,8/28/25 3:32 PM,8/28/25 3:38 PM,5 minutes and 53 seconds,KDS - Login Don't Delete
12060 Potranco Road,Emanuel Sanchez,223,14,,1,8/28/25 3:36 PM,8/28/25 3:42 PM,6 minutes and 3 seconds,Zoila Salinas
12060 Potranco Road,Emanuel Sanchez,222,20,,1,8/28/25 3:35 PM,8/28/25 3:42 PM,6 minutes and 49 seconds,Zoila Salinas
12060 Potranco Road,Adriana Navarro,224,1,,1,8/28/25 3:37 PM,8/28/25 3:42 PM,5 minutes and 40 seconds,Zoila Salinas
12060 Potranco Road,Candy Del Angel,225,,Food,,8/28/25 3:31 PM,8/28/25 3:43 PM,11 minutes and 57 seconds,KDS - Login Don't Delete
12060 Potranco Road,Candy Del Angel,225,,Drive Thru,,8/28/25 3:31 PM,8/28/25 3:43 PM,11 minutes and 57 seconds,KDS - Login Don't Delete
12060 Potranco Road,Candy Del Angel,227,,Food,,8/28/25 3:41 PM,8/28/25 3:47 PM,5 minutes and 51 seconds,KDS - Login Don't Delete
12060 Potranco Road,Mario Jimenez,229,,Drive Thru,,8/28/25 3:46 PM,8/28/25 3:50 PM,3 minutes and 34 seconds,KDS - Login Don't Delete
12060 Potranco Road,Mario Jimenez,229,,Food,,8/28/25 3:46 PM,8/28/25 3:50 PM,3 minutes and 34 seconds,KDS - Login Don't Delete
12060 Potranco Road,Candy Del Angel,227,,,1,8/28/25 3:47 PM,8/28/25 4:04 PM,17 minutes and 7 seconds,Zoila Salinas
12060 Potranco Road,Candy Del Angel,225,,,1,8/28/25 3:43 PM,8/28/25 4:04 PM,21 minutes and 10 seconds,Zoila Salinas
12060 Potranco Road,Adrian Morales,230,15,No Print,,8/28/25 4:08 PM,8/28/25 4:10 PM,2 minutes and 6 seconds,KDS - Login Don't Delete
12060 Potranco Road,Adrian Morales,230,15,Food,,8/28/25 4:08 PM,8/28/25 4:10 PM,2 minutes and 6 seconds,KDS - Login Don't Delete
12060 Potranco Road,Adrian Morales,230,15,,1,8/28/25 4:10 PM,8/28/25 4:10 PM,16 seconds,Zoila Salinas
12060 Potranco Road,Mario Jimenez,231,,Drive Thru,,8/28/25 4:20 PM,8/28/25 4:22 PM,2 minutes and 31 seconds,KDS - Login Don't Delete
12060 Potranco Road,Mario Jimenez,231,,Food,,8/28/25 4:20 PM,8/28/25 4:22 PM,2 minutes and 31 seconds,KDS - Login Don't Delete
12060 Potranco Road,Adriana Navarro,232,28,No Print,,8/28/25 4:33 PM,8/28/25 4:38 PM,5 minutes and 15 seconds,KDS - Login Don't Delete
12060 Potranco Road,Adriana Navarro,232,28,Food,,8/28/25 4:33 PM,8/28/25 4:38 PM,5 minutes and 15 seconds,KDS - Login Don't Delete
12060 Potranco Road,Mario Jimenez,234,,Drive Thru,,8/28/25 4:37 PM,8/28/25 4:43 PM,6 minutes and 42 seconds,KDS - Login Don't Delete
12060 Potranco Road,Mario Jimenez,234,,Food,,8/28/25 4:37 PM,8/28/25 4:43 PM,6 minutes and 42 seconds,KDS - Login Don't Delete
12060 Potranco Road,Mario Jimenez,234,,Drinks,,8/28/25 4:37 PM,8/28/25 4:43 PM,6 minutes and 42 seconds,KDS - Login Don't Delete
12060 Potranco Road,Mario Jimenez,234,,No Print,,8/28/25 4:37 PM,8/28/25 4:43 PM,6 minutes and 42 seconds,KDS - Login Don't Delete
12060 Potranco Road,Adriana Navarro,232,28,Drive Thru,,8/28/25 4:44 PM,8/28/25 4:44 PM,30 seconds,KDS - Login Don't Delete
12060 Potranco Road,Adriana Navarro,232,28,Food,,8/28/25 4:44 PM,8/28/25 4:44 PM,30 seconds,KDS - Login Don't Delete
12060 Potranco Road,Mario Jimenez,236,,Drive Thru,,8/28/25 4:41 PM,8/28/25 4:46 PM,5 minutes and 3 seconds,KDS - Login Don't Delete
12060 Potranco Road,Mario Jimenez,236,,Food,,8/28/25 4:41 PM,8/28/25 4:46 PM,5 minutes and 3 seconds,KDS - Login Don't Delete
12060 Potranco Road,Mario Jimenez,233,4,No Print,,8/28/25 4:36 PM,8/28/25 4:46 PM,10 minutes and 20 seconds,KDS - Login Don't Delete
12060 Potranco Road,Mario Jimenez,233,4,Food,,8/28/25 4:36 PM,8/28/25 4:46 PM,10 minutes and 20 seconds,KDS - Login Don't Delete
12060 Potranco Road,Emanuel Sanchez,235,22,No Print,,8/28/25 4:41 PM,8/28/25 4:52 PM,11 minutes and 22 seconds,KDS - Login Don't Delete
12060 Potranco Road,Emanuel Sanchez,235,22,Food,,8/28/25 4:41 PM,8/28/25 4:52 PM,11 minutes and 22 seconds,KDS - Login Don't Delete
12060 Potranco Road,Emanuel Sanchez,235,22,Drive Thru,,8/28/25 4:41 PM,8/28/25 4:52 PM,11 minutes and 22 seconds,KDS - Login Don't Delete
12060 Potranco Road,Adrian Morales,238,15,No Print,,8/28/25 4:51 PM,8/28/25 4:57 PM,6 minutes and 13 seconds,KDS - Login Don't Delete
12060 Potranco Road,Adrian Morales,238,15,Food,,8/28/25 4:51 PM,8/28/25 4:57 PM,6 minutes and 13 seconds,KDS - Login Don't Delete
12060 Potranco Road,Mario Jimenez,239,,Drive Thru,,8/28/25 5:10 PM,8/28/25 5:16 PM,5 minutes and 32 seconds,KDS - Login Don't Delete
12060 Potranco Road,Mario Jimenez,239,,Food,,8/28/25 5:10 PM,8/28/25 5:16 PM,5 minutes and 32 seconds,KDS - Login Don't Delete
12060 Potranco Road,Mario Jimenez,240,,Drive Thru,,8/28/25 5:11 PM,8/28/25 5:16 PM,4 minutes and 47 seconds,KDS - Login Don't Delete
12060 Potranco Road,Mario Jimenez,240,,Food,,8/28/25 5:11 PM,8/28/25 5:16 PM,4 minutes and 47 seconds,KDS - Login Don't Delete
12060 Potranco Road,Mario Jimenez,241,,Drive Thru,,8/28/25 5:13 PM,8/28/25 5:22 PM,9 minutes and 1 second,KDS - Login Don't Delete
12060 Potranco Road,Mario Jimenez,241,,Food,,8/28/25 5:13 PM,8/28/25 5:22 PM,9 minutes and 1 second,KDS - Login Don't Delete
12060 Potranco Road,Mario Jimenez,244,,Drive Thru,,8/28/25 5:27 PM,8/28/25 5:31 PM,3 minutes and 59 seconds,KDS - Login Don't Delete
12060 Potranco Road,Mario Jimenez,244,,Food,,8/28/25 5:27 PM,8/28/25 5:31 PM,3 minutes and 59 seconds,KDS - Login Don't Delete
12060 Potranco Road,Adrian Morales,243,12,No Print,,8/28/25 5:23 PM,8/28/25 5:31 PM,8 minutes and 24 seconds,KDS - Login Don't Delete
12060 Potranco Road,Adrian Morales,243,12,Food,,8/28/25 5:23 PM,8/28/25 5:31 PM,8 minutes and 24 seconds,KDS - Login Don't Delete
12060 Potranco Road,Adrian Morales,243,12,Drive Thru,,8/28/25 5:23 PM,8/28/25 5:31 PM,8 minutes and 24 seconds,KDS - Login Don't Delete
12060 Potranco Road,Adrian Morales,248,23,No Print,,8/28/25 5:28 PM,8/28/25 5:31 PM,2 minutes and 59 seconds,KDS - Login Don't Delete
12060 Potranco Road,Adrian Morales,248,23,Food,,8/28/25 5:28 PM,8/28/25 5:31 PM,2 minutes and 59 seconds,KDS - Login Don't Delete
12060 Potranco Road,Adriana Navarro,245,14,No Print,,8/28/25 5:25 PM,8/28/25 5:31 PM,6 minutes and 51 seconds,KDS - Login Don't Delete
12060 Potranco Road,Adriana Navarro,245,14,Food,,8/28/25 5:25 PM,8/28/25 5:31 PM,6 minutes and 51 seconds,KDS - Login Don't Delete
12060 Potranco Road,Mario Jimenez,252,,Drive Thru,,8/28/25 5:39 PM,8/28/25 5:41 PM,2 minutes and 24 seconds,KDS - Login Don't Delete
12060 Potranco Road,Mario Jimenez,252,,Food,,8/28/25 5:39 PM,8/28/25 5:41 PM,2 minutes and 24 seconds,KDS - Login Don't Delete
12060 Potranco Road,Adriana Navarro,254,2,No Print,,8/28/25 5:42 PM,8/28/25 5:43 PM,59 seconds,KDS - Login Don't Delete
12060 Potranco Road,Adriana Navarro,254,2,Food,,8/28/25 5:42 PM,8/28/25 5:43 PM,59 seconds,KDS - Login Don't Delete
12060 Potranco Road,Adriana Navarro,255,30,No Print,,8/28/25 5:43 PM,8/28/25 5:43 PM,33 seconds,KDS - Login Don't Delete
12060 Potranco Road,Adriana Navarro,255,30,Food,,8/28/25 5:43 PM,8/28/25 5:43 PM,33 seconds,KDS - Login Don't Delete
12060 Potranco Road,Emanuel Sanchez,250,26,No Print,,8/28/25 5:31 PM,8/28/25 5:45 PM,13 minutes and 23 seconds,KDS - Login Don't Delete
12060 Potranco Road,Emanuel Sanchez,250,26,Food,,8/28/25 5:31 PM,8/28/25 5:45 PM,13 minutes and 23 seconds,KDS - Login Don't Delete
12060 Potranco Road,Emanuel Sanchez,246,16,No Print,,8/28/25 5:34 PM,8/28/25 5:45 PM,11 minutes and 32 seconds,KDS - Login Don't Delete
12060 Potranco Road,Emanuel Sanchez,246,16,Food,,8/28/25 5:34 PM,8/28/25 5:45 PM,11 minutes and 32 seconds,KDS - Login Don't Delete
12060 Potranco Road,Adriana Navarro,255,30,No Print,,8/28/25 5:43 PM,8/28/25 5:46 PM,2 minutes and 58 seconds,KDS - Login Don't Delete
12060 Potranco Road,Adriana Navarro,255,30,Food,,8/28/25 5:43 PM,8/28/25 5:46 PM,2 minutes and 58 seconds,KDS - Login Don't Delete
12060 Potranco Road,Mario Jimenez,249,,Food,,8/28/25 5:29 PM,8/28/25 5:47 PM,18 minutes and 28 seconds,KDS - Login Don't Delete
12060 Potranco Road,Mario Jimenez,249,,Drive Thru,,8/28/25 5:29 PM,8/28/25 5:47 PM,18 minutes and 28 seconds,KDS - Login Don't Delete
12060 Potranco Road,Adriana Navarro,255,30,Drinks,,8/28/25 5:48 PM,8/28/25 5:52 PM,4 minutes and 13 seconds,KDS - Login Don't Delete
12060 Potranco Road,Adriana Navarro,255,30,No Print,,8/28/25 5:48 PM,8/28/25 5:52 PM,4 minutes and 13 seconds,KDS - Login Don't Delete
12060 Potranco Road,Adriana Navarro,255,30,Drive Thru,,8/28/25 5:48 PM,8/28/25 5:52 PM,4 minutes and 13 seconds,KDS - Login Don't Delete
12060 Potranco Road,Adriana Navarro,255,30,Food,,8/28/25 5:48 PM,8/28/25 5:52 PM,4 minutes and 13 seconds,KDS - Login Don't Delete
12060 Potranco Road,Emanuel Sanchez,253,4,No Print,,8/28/25 5:47 PM,8/28/25 5:57 PM,9 minutes and 35 seconds,KDS - Login Don't Delete
12060 Potranco Road,Emanuel Sanchez,253,4,Food,,8/28/25 5:47 PM,8/28/25 5:57 PM,9 minutes and 35 seconds,KDS - Login Don't Delete
12060 Potranco Road,Emanuel Sanchez,253,4,Drive Thru,,8/28/25 5:47 PM,8/28/25 5:57 PM,9 minutes and 35 seconds,KDS - Login Don't Delete
12060 Potranco Road,Adriana Navarro,255,30,No Print,,8/28/25 5:43 PM,8/28/25 6:02 PM,18 minutes and 47 seconds,KDS - Login Don't Delete
12060 Potranco Road,Adriana Navarro,255,30,Food,,8/28/25 5:43 PM,8/28/25 6:02 PM,18 minutes and 47 seconds,KDS - Login Don't Delete
12060 Potranco Road,Mario Jimenez,257,,Drive Thru,,8/28/25 6:05 PM,8/28/25 6:06 PM,55 seconds,KDS - Login Don't Delete
12060 Potranco Road,Mario Jimenez,257,,Food,,8/28/25 6:05 PM,8/28/25 6:06 PM,55 seconds,KDS - Login Don't Delete
12060 Potranco Road,Mario Jimenez,258,,Drive Thru,,8/28/25 6:11 PM,8/28/25 6:22 PM,11 minutes and 16 seconds,KDS - Login Don't Delete
12060 Potranco Road,Mario Jimenez,258,,Food,,8/28/25 6:11 PM,8/28/25 6:22 PM,11 minutes and 16 seconds,KDS - Login Don't Delete
12060 Potranco Road,Mario Jimenez,260,,Drive Thru,,8/28/25 6:27 PM,8/28/25 6:30 PM,2 minutes and 36 seconds,KDS - Login Don't Delete
12060 Potranco Road,Mario Jimenez,260,,Food,,8/28/25 6:27 PM,8/28/25 6:30 PM,2 minutes and 36 seconds,KDS - Login Don't Delete
12060 Potranco Road,Mario Jimenez,256,,Drive Thru,,8/28/25 6:28 PM,8/28/25 6:32 PM,4 minutes and 14 seconds,KDS - Login Don't Delete
12060 Potranco Road,Mario Jimenez,256,,Food,,8/28/25 6:28 PM,8/28/25 6:32 PM,4 minutes and 14 seconds,KDS - Login Don't Delete
12060 Potranco Road,Mario Jimenez,261,,Drive Thru,,8/28/25 6:42 PM,8/28/25 6:47 PM,5 minutes and 19 seconds,KDS - Login Don't Delete
12060 Potranco Road,Mario Jimenez,261,,Food,,8/28/25 6:42 PM,8/28/25 6:47 PM,5 minutes and 19 seconds,KDS - Login Don't Delete
12060 Potranco Road,Mario Jimenez,261,,Drive Thru,,8/28/25 6:43 PM,8/28/25 6:47 PM,4 minutes and 49 seconds,KDS - Login Don't Delete
12060 Potranco Road,Mario Jimenez,261,,Food,,8/28/25 6:43 PM,8/28/25 6:47 PM,4 minutes and 49 seconds,KDS - Login Don't Delete
12060 Potranco Road,Adrian Morales,262,29,Drive Thru,,8/28/25 6:51 PM,8/28/25 6:52 PM,24 seconds,KDS - Login Don't Delete
12060 Potranco Road,Adrian Morales,262,29,Food,,8/28/25 6:51 PM,8/28/25 6:52 PM,24 seconds,KDS - Login Don't Delete
12060 Potranco Road,Adrian Morales,262,29,Drinks,,8/28/25 6:49 PM,8/28/25 6:59 PM,10 minutes and 5 seconds,KDS - Login Don't Delete
12060 Potranco Road,Adrian Morales,262,29,No Print,,8/28/25 6:49 PM,8/28/25 6:59 PM,10 minutes and 5 seconds,KDS - Login Don't Delete
12060 Potranco Road,Adrian Morales,262,29,Drive Thru,,8/28/25 6:49 PM,8/28/25 6:59 PM,10 minutes and 5 seconds,KDS - Login Don't Delete
12060 Potranco Road,Adrian Morales,262,29,Food,,8/28/25 6:49 PM,8/28/25 6:59 PM,10 minutes and 5 seconds,KDS - Login Don't Delete
12060 Potranco Road,Adriana Navarro,264,3,No Print,,8/28/25 6:56 PM,8/28/25 7:04 PM,8 minutes and 2 seconds,KDS - Login Don't Delete
12060 Potranco Road,Adriana Navarro,264,3,Food,,8/28/25 6:56 PM,8/28/25 7:04 PM,8 minutes and 2 seconds,KDS - Login Don't Delete
12060 Potranco Road,Mario Jimenez,265,,Drive Thru,,8/28/25 7:07 PM,8/28/25 7:13 PM,5 minutes and 56 seconds,KDS - Login Don't Delete
12060 Potranco Road,Mario Jimenez,265,,Food,,8/28/25 7:07 PM,8/28/25 7:13 PM,5 minutes and 56 seconds,KDS - Login Don't Delete
12060 Potranco Road,Mario Jimenez,265,,Drinks,,8/28/25 7:07 PM,8/28/25 7:13 PM,5 minutes and 56 seconds,KDS - Login Don't Delete
12060 Potranco Road,Mario Jimenez,265,,No Print,,8/28/25 7:07 PM,8/28/25 7:13 PM,5 minutes and 56 seconds,KDS - Login Don't Delete
12060 Potranco Road,Mario Jimenez,268,,Food,,8/28/25 7:31 PM,8/28/25 7:36 PM,5 minutes and 55 seconds,KDS - Login Don't Delete
12060 Potranco Road,Emanuel Sanchez,270,5,No Print,,8/28/25 7:56 PM,8/28/25 7:56 PM,28 seconds,KDS - Login Don't Delete
12060 Potranco Road,Emanuel Sanchez,270,5,Food,,8/28/25 7:56 PM,8/28/25 7:56 PM,28 seconds,KDS - Login Don't Delete
12060 Potranco Road,Adrian Morales,274,26,No Print,,8/28/25 8:03 PM,8/28/25 8:03 PM,14 seconds,KDS - Login Don't Delete
12060 Potranco Road,Adrian Morales,274,26,Food,,8/28/25 8:03 PM,8/28/25 8:03 PM,14 seconds,KDS - Login Don't Delete
12060 Potranco Road,Emanuel Sanchez,272,12,No Print,,8/28/25 8:00 PM,8/28/25 8:10 PM,10 minutes and 5 seconds,KDS - Login Don't Delete
12060 Potranco Road,Emanuel Sanchez,272,12,Food,,8/28/25 8:00 PM,8/28/25 8:10 PM,10 minutes and 5 seconds,KDS - Login Don't Delete
12060 Potranco Road,Adriana Navarro,273,3,Food,,8/28/25 8:03 PM,8/28/25 8:14 PM,11 minutes and 9 seconds,KDS - Login Don't Delete
12060 Potranco Road,Adriana Navarro,273,3,No Print,,8/28/25 8:03 PM,8/28/25 8:14 PM,11 minutes and 9 seconds,KDS - Login Don't Delete
12060 Potranco Road,Adrian Morales,274,26,No Print,,8/28/25 8:06 PM,8/28/25 8:16 PM,9 minutes and 10 seconds,KDS - Login Don't Delete
12060 Potranco Road,Adrian Morales,274,26,Food,,8/28/25 8:06 PM,8/28/25 8:16 PM,9 minutes and 10 seconds,KDS - Login Don't Delete
12060 Potranco Road,Adrian Morales,275,1,No Print,,8/28/25 8:12 PM,8/28/25 8:21 PM,9 minutes and 18 seconds,KDS - Login Don't Delete
12060 Potranco Road,Adrian Morales,275,1,Food,,8/28/25 8:12 PM,8/28/25 8:21 PM,9 minutes and 18 seconds,KDS - Login Don't Delete
12060 Potranco Road,Adriana Navarro,273,3,No Print,,8/28/25 8:22 PM,8/28/25 8:26 PM,3 minutes and 36 seconds,KDS - Login Don't Delete
12060 Potranco Road,Adriana Navarro,273,3,Food,,8/28/25 8:22 PM,8/28/25 8:26 PM,3 minutes and 36 seconds,KDS - Login Don't Delete
12060 Potranco Road,Adriana Navarro,273,3,Drive Thru,,8/28/25 8:22 PM,8/28/25 8:26 PM,3 minutes and 36 seconds,KDS - Login Don't Delete
12060 Potranco Road,Adriana Navarro,273,3,Drive Thru,,8/28/25 8:26 PM,8/28/25 8:27 PM,12 seconds,KDS - Login Don't Delete
12060 Potranco Road,Adriana Navarro,273,3,Food,,8/28/25 8:26 PM,8/28/25 8:27 PM,12 seconds,KDS - Login Don't Delete
12060 Potranco Road,Emanuel Sanchez,272,12,No Print,,8/28/25 8:21 PM,8/28/25 8:27 PM,5 minutes and 14 seconds,KDS - Login Don't Delete
12060 Potranco Road,Emanuel Sanchez,272,12,Food,,8/28/25 8:21 PM,8/28/25 8:27 PM,5 minutes and 14 seconds,KDS - Login Don't Delete
12060 Potranco Road,Adrian Morales,275,1,No Print,,8/28/25 8:29 PM,8/28/25 8:30 PM,1 minute and 2 seconds,KDS - Login Don't Delete
12060 Potranco Road,Adrian Morales,275,1,Food,,8/28/25 8:29 PM,8/28/25 8:30 PM,1 minute and 2 seconds,KDS - Login Don't Delete
12060 Potranco Road,Mario Jimenez,276,,Drive Thru,,8/28/25 8:30 PM,8/28/25 8:39 PM,9 minutes and 1 second,KDS - Login Don't Delete
12060 Potranco Road,Mario Jimenez,276,,Food,,8/28/25 8:30 PM,8/28/25 8:39 PM,9 minutes and 1 second,KDS - Login Don't Delete
12060 Potranco Road,Mario Jimenez,277,,Drive Thru,,8/28/25 8:37 PM,8/28/25 8:39 PM,2 minutes and 2 seconds,KDS - Login Don't Delete
12060 Potranco Road,Mario Jimenez,277,,Food,,8/28/25 8:37 PM,8/28/25 8:39 PM,2 minutes and 2 seconds,KDS - Login Don't Delete
12060 Potranco Road,Adriana Navarro,279,34,Food,,8/28/25 8:42 PM,8/28/25 8:43 PM,52 seconds,KDS - Login Don't Delete
12060 Potranco Road,Adrian Morales,275,1,No Print,,8/28/25 8:49 PM,8/28/25 8:52 PM,3 minutes and 28 seconds,KDS - Login Don't Delete
12060 Potranco Road,Adrian Morales,275,1,Food,,8/28/25 8:49 PM,8/28/25 8:52 PM,3 minutes and 28 seconds,KDS - Login Don't Delete
12060 Potranco Road,Adriana Navarro,279,34,No Print,,8/28/25 8:41 PM,8/28/25 8:52 PM,11 minutes and 33 seconds,KDS - Login Don't Delete
12060 Potranco Road,Adriana Navarro,279,34,Food,,8/28/25 8:41 PM,8/28/25 8:52 PM,11 minutes and 33 seconds,KDS - Login Don't Delete
12060 Potranco Road,Adrian Morales,238,15,,1,8/28/25 4:57 PM,8/28/25 5:30 PM,32 minutes and 17 seconds,Zoila Salinas
12060 Potranco Road,Emanuel Sanchez,250,26,,1,8/28/25 5:45 PM,8/28/25 5:47 PM,2 minutes and 1 second,Zoila Salinas
12060 Potranco Road,Mario Jimenez,233,4,,1,8/28/25 4:46 PM,8/28/25 4:49 PM,2 minutes and 39 seconds,Zoila Salinas
12060 Potranco Road,Emanuel Sanchez,235,22,,1,8/28/25 4:52 PM,8/28/25 5:30 PM,37 minutes and 16 seconds,Zoila Salinas
12060 Potranco Road,Emanuel Sanchez,253,4,,1,8/28/25 5:57 PM,8/28/25 6:50 PM,53 minutes and 6 seconds,Zoila Salinas
12060 Potranco Road,Adriana Navarro,232,28,,1,8/28/25 4:38 PM,8/28/25 4:49 PM,10 minutes and 28 seconds,Zoila Salinas
12060 Potranco Road,Adriana Navarro,232,28,,1,8/28/25 4:44 PM,8/28/25 4:49 PM,4 minutes and 30 seconds,Zoila Salinas
12060 Potranco Road,Adrian Morales,243,12,,1,8/28/25 5:31 PM,8/28/25 5:49 PM,17 minutes and 40 seconds,Zoila Salinas
12060 Potranco Road,Mario Jimenez,269,,,1,8/28/25 7:37 PM,8/28/25 7:40 PM,2 minutes and 48 seconds,Zoila Salinas
12060 Potranco Road,Emanuel Sanchez,246,16,,1,8/28/25 5:45 PM,8/28/25 5:49 PM,4 minutes,Zoila Salinas
12060 Potranco Road,Adriana Navarro,245,14,,1,8/28/25 5:31 PM,8/28/25 5:49 PM,17 minutes and 40 seconds,Zoila Salinas
12060 Potranco Road,Adriana Navarro,254,2,,1,8/28/25 5:43 PM,8/28/25 5:49 PM,5 minutes and 48 seconds,Zoila Salinas
12060 Potranco Road,Adriana Navarro,279,34,,1,8/28/25 8:52 PM,8/28/25 9:08 PM,15 minutes and 36 seconds,Zoila Salinas
12060 Potranco Road,Adriana Navarro,279,34,,1,8/28/25 8:43 PM,8/28/25 9:22 PM,38 minutes and 32 seconds,Zoila Salinas
12060 Potranco Road,Adrian Morales,248,23,,1,8/28/25 5:31 PM,8/28/25 5:49 PM,17 minutes and 40 seconds,Zoila Salinas
12060 Potranco Road,Adriana Navarro,255,30,,1,8/28/25 5:43 PM,8/28/25 5:48 PM,4 minutes and 41 seconds,Zoila Salinas
12060 Potranco Road,Adriana Navarro,255,30,,1,8/28/25 5:46 PM,8/28/25 5:49 PM,2 minutes and 57 seconds,Zoila Salinas
12060 Potranco Road,Adriana Navarro,255,30,,1,8/28/25 5:52 PM,8/28/25 6:50 PM,57 minutes and 23 seconds,Zoila Salinas
12060 Potranco Road,Mario Jimenez,249,,,1,8/28/25 5:47 PM,8/28/25 5:49 PM,1 minute and 48 seconds,Zoila Salinas
12060 Potranco Road,Adrian Morales,274,26,,1,8/28/25 8:03 PM,8/28/25 8:05 PM,1 minute and 16 seconds,Zoila Salinas
12060 Potranco Road,Adrian Morales,274,26,,1,8/28/25 8:16 PM,8/28/25 8:18 PM,2 minutes and 21 seconds,Zoila Salinas
12060 Potranco Road,Adrian Morales,262,29,,1,8/28/25 6:59 PM,8/28/25 7:05 PM,5 minutes and 31 seconds,Zoila Salinas
12060 Potranco Road,Adrian Morales,262,29,,1,8/28/25 6:52 PM,8/28/25 7:05 PM,12 minutes and 53 seconds,Zoila Salinas
12060 Potranco Road,Adriana Navarro,273,3,,1,8/28/25 8:14 PM,8/28/25 8:14 PM,8 seconds,Zoila Salinas
12060 Potranco Road,Adriana Navarro,273,3,,1,8/28/25 8:26 PM,8/28/25 8:28 PM,2 minutes and 8 seconds,Zoila Salinas
12060 Potranco Road,Adriana Navarro,273,3,,1,8/28/25 8:27 PM,8/28/25 8:28 PM,1 minute and 17 seconds,Zoila Salinas
12060 Potranco Road,Adriana Navarro,264,3,,1,8/28/25 7:04 PM,8/28/25 7:05 PM,49 seconds,Zoila Salinas
12060 Potranco Road,Emanuel Sanchez,270,5,,1,8/28/25 7:56 PM,8/28/25 8:05 PM,8 minutes and 37 seconds,Zoila Salinas
12060 Potranco Road,Emanuel Sanchez,270,5,,1,8/28/25 8:22 PM,8/28/25 8:28 PM,6 minutes and 23 seconds,Zoila Salinas
12060 Potranco Road,Mario Jimenez,267,,,1,8/28/25 7:22 PM,8/28/25 7:34 PM,11 minutes and 25 seconds,Zoila Salinas
12060 Potranco Road,Adrian Morales,275,1,,1,8/28/25 8:21 PM,8/28/25 8:34 PM,12 minutes and 59 seconds,Zoila Salinas
12060 Potranco Road,Adrian Morales,275,1,,1,8/28/25 8:12 PM,8/28/25 8:19 PM,6 minutes and 17 seconds,Zoila Salinas
12060 Potranco Road,Adrian Morales,275,1,,1,8/28/25 8:30 PM,8/28/25 9:08 PM,37 minutes and 38 seconds,Zoila Salinas
12060 Potranco Road,Adrian Morales,275,1,,1,8/28/25 8:52 PM,8/28/25 9:22 PM,29 minutes and 18 seconds,Zoila Salinas
12060 Potranco Road,Adrian Morales,275,1,,1,8/28/25 9:02 PM,8/28/25 9:22 PM,20 minutes,Zoila Salinas
12060 Potranco Road,Emanuel Sanchez,272,12,,1,8/28/25 8:10 PM,8/28/25 8:14 PM,4 minutes and 1 second,Zoila Salinas
12060 Potranco Road,Emanuel Sanchez,272,12,,1,8/28/25 8:27 PM,8/28/25 8:28 PM,1 minute and 24 seconds,Zoila Salinas
