Employee,Job Title,Regular Hours,Overtime Hours,Hourly Rate,Regular Pay,Overtime Pay,Total Pay,Net Sales,Declared Tips,Non-Cash Tips,Total Tips,Tips Withheld,Total Gratuity,Employee ID,Job Code,Location,Location Code
"Cardenas, Salvador",Cook,8.63,0.0,15.00,129.45,0.00,129.45,0.00,,0.00,0.00,0.00,0.00,,,12060 Potranco Road,
"Del Angel, Candy",Shift Manager / Assistant Manager,7.84,0.0,,,,,53.52,,0.00,0.00,0.00,0.00,,,12060 Potranco Road,
"Farias, Claudia",Cook,9.21,0.0,15.00,138.15,0.00,138.15,0.00,,0.00,0.00,0.00,0.00,,,12060 Potranco Road,
"GUTIERREZ, ERIC",Cook,6.96,0.0,16.00,111.36,0.00,111.36,0.00,,0.00,0.00,0.00,0.00,,,12060 Potranco Road,
"Garcia, Lizbeth",Server,8.24,0.0,3.00,24.72,0.00,24.72,341.56,0.00,51.86,51.86,0.00,0.00,,,12060 Potranco Road,
"JOSSUETH, FRANLOD",Busser,6.36,0.0,13.00,82.68,0.00,82.68,0.00,,0.00,0.00,0.00,0.00,,,12060 Potranco Road,
"Jimenez, Mario",Driver,6.79,0.0,14.00,95.06,0.00,95.06,410.93,0.00,29.96,29.96,0.00,0.00,,,12060 Potranco Road,
"Lino Santana, David ",Prep,7.51,0.0,15.00,112.65,0.00,112.65,0.00,,0.00,0.00,0.00,0.00,,,12060 Potranco Road,
"Morales, Adrian",Server,6.75,0.0,3.00,20.25,0.00,20.25,303.20,0.00,52.81,52.81,0.00,0.00,,,12060 Potranco Road,
"Navarro, Adriana",Server,11.61,0.0,,,,,674.31,0.00,59.40,59.40,0.00,12.74,,,12060 Potranco Road,
"Roman, Leticia",Server,6.38,0.0,3.00,19.14,0.00,19.14,484.53,10.00,43.78,53.78,0.00,0.00,,,12060 Potranco Road,
"Rosales, Elsa",Tortillera,7.13,0.0,13.00,92.69,0.00,92.69,0.00,,0.00,0.00,0.00,0.00,,,12060 Potranco Road,
"Salinas, Zoila",General Manager,6.31,0.0,,,,,10.74,,0.00,0.00,0.00,0.00,,,12060 Potranco Road,
"Sanchez, Emanuel",Server,7.36,0.0,3.00,22.08,0.00,22.08,350.77,5.00,25.13,30.13,0.00,0.00,,,12060 Potranco Road,
"Tovar , Gabriel",Server,6.58,0.0,3.00,19.74,0.00,19.74,391.24,5.00,36.79,41.79,0.00,0.00,,,12060 Potranco Road,
"Urena, Melissa ",Host,8.09,0.0,12.00,97.08,0.00,97.08,1359.14,0.00,101.45,101.45,0.00,0.00,,,12060 Potranco Road,
"Valderrama, Emmanuel",Prep,12.75,0.0,13.00,165.75,0.00,165.75,0.00,,0.00,0.00,0.00,0.00,,,12060 Potranco Road,
"Vega, Estela",Tortillera,9.24,0.0,15.00,138.60,0.00,138.60,0.00,,0.00,0.00,0.00,0.00,,,12060 Potranco Road,
"vanenzuela, felix",Cook,6.76,0.0,,,,,0.00,,0.00,0.00,0.00,0.00,,,12060 Potranco Road,
