Location,Employee,Job Title,In Date,Out Date,Total Hours,Unpaid Break Time,Paid Break Time,Payable Hours
12060 Potranco Road,"Vega, Estela",Tortillera,8/28/25 4:49 AM,8/28/25 2:03 PM,9.24,0.00,0.00,9.24
12060 Potranco Road,"Farias, Claudia",Cook,8/28/25 5:04 AM,8/28/25 2:16 PM,9.21,0.00,0.00,9.21
12060 Potranco Road,"Cardenas, Salvador",Cook,8/28/25 5:35 AM,8/28/25 2:13 PM,8.63,0.00,0.00,8.63
12060 Potranco Road,"Urena, Melissa ",Host,8/28/25 6:08 AM,8/28/25 2:14 PM,8.09,0.00,0.00,8.09
12060 Potranco Road,"Garcia, Lizbeth",Server,8/28/25 6:18 AM,8/28/25 2:32 PM,8.24,0.00,0.00,8.24
12060 Potranco Road,"Lino Santana, David ",Prep,8/28/25 6:59 AM,8/28/25 2:29 PM,7.51,0.00,0.00,7.51
12060 Potranco Road,"Roman, Leticia",Server,8/28/25 8:02 AM,8/28/25 2:24 PM,6.38,0.00,0.00,6.38
12060 Potranco Road,"Tovar , Gabriel",Server,8/28/25 8:02 AM,8/28/25 2:37 PM,6.58,0.00,0.00,6.58
12060 Potranco Road,"Salinas, Zoila",General Manager,8/28/25 8:09 AM,8/28/25 2:28 PM,6.31,0.00,0.00,6.31
12060 Potranco Road,"JOSSUETH, FRANLOD",Busser,8/28/25 8:34 AM,8/28/25 2:56 PM,6.36,0.00,0.00,6.36
12060 Potranco Road,"Navarro, Adriana",Server,8/28/25 10:05 AM,8/28/25 9:42 PM,11.61,0.00,0.00,11.61
12060 Potranco Road,"Del Angel, Candy",Shift Manager / Assistant Manager,8/28/25 1:45 PM,8/28/25 9:36 PM,7.84,0.00,0.00,7.84
12060 Potranco Road,"Rosales, Elsa",Tortillera,8/28/25 2:00 PM,8/28/25 9:08 PM,7.13,0.00,0.00,7.13
12060 Potranco Road,"Sanchez, Emanuel",Server,8/28/25 2:05 PM,8/28/25 9:27 PM,7.36,0.00,0.00,7.36
12060 Potranco Road,"GUTIERREZ, ERIC",Cook,8/28/25 2:10 PM,8/28/25 9:08 PM,6.96,0.00,0.00,6.96
12060 Potranco Road,"Jimenez, Mario",Driver,8/28/25 2:12 PM,8/28/25 9:00 PM,6.79,0.00,0.00,6.79
12060 Potranco Road,"Morales, Adrian",Server,8/28/25 2:17 PM,8/28/25 3:12 PM,0.92,0.00,0.00,0.92
12060 Potranco Road,"vanenzuela, felix",Cook,8/28/25 2:23 PM,8/28/25 9:09 PM,6.76,0.00,0.00,6.76
12060 Potranco Road,"Morales, Adrian",Server,8/28/25 3:51 PM,8/28/25 9:41 PM,5.83,0.00,0.00,5.83
12060 Potranco Road,"Valderrama, Emmanuel",Prep,8/28/25 9:00 AM,8/28/25 9:45 PM,12.75,0.00,0.00,12.75
