Location,Order #,Opened Date,Server,Table,Discount Name,Discount Reason,Comment,Discount Amount
Sandra's Cuisine - Potranco - 12060 Potranco Road,295,9/14/25 2:45 PM,Lisa Velasquez,16,Open % Item,,,1.45
Sandra's Cuisine - Potranco - 12060 Potranco Road,295,9/14/25 2:45 PM,Lisa Velasquez,16,Open % Item,,,0.80
Sandra's Cuisine - Potranco - 12060 Potranco Road,245,9/14/25 1:06 PM,Leticia Roman,20,Open % Check,,,1.99
Sandra's Cuisine - Potranco - 12060 Potranco Road,187,9/14/25 11:58 AM,Mario Jimenez,,Open % Check,,,3.50
Sandra's Cuisine - Potranco - 12060 Potranco Road,172,9/14/25 11:40 AM,Lisa Velasquez,4,Open % Item,,,0.88
Sandra's Cuisine - Potranco - 12060 Potranco Road,172,9/14/25 11:40 AM,Lisa Velasquez,4,Reward Dollars,,,5.45
Sandra's Cuisine - Potranco - 12060 Potranco Road,172,9/14/25 11:40 AM,Lisa Velasquez,4,Open % Item,,,1.30
Sandra's Cuisine - Potranco - 12060 Potranco Road,151,9/14/25 11:16 AM,Emanuel Sanchez,14,Open % Item,,,1.30
Sandra's Cuisine - Potranco - 12060 Potranco Road,136,9/14/25 11:05 AM,Mario Jimenez,,Open % Check,,,0.65
Sandra's Cuisine - Potranco - 12060 Potranco Road,119,9/14/25 10:43 AM,Mario Jimenez,,Reward Dollars,,,6.90
Sandra's Cuisine - Potranco - 12060 Potranco Road,82,9/14/25 10:07 AM,Mario Jimenez,,Open % Check,,,0.99
Sandra's Cuisine - Potranco - 12060 Potranco Road,75,9/14/25 9:58 AM,Mario Jimenez,,Open % Check,,,1.43
Sandra's Cuisine - Potranco - 12060 Potranco Road,70,9/14/25 9:52 AM,Mario Jimenez,,Reward Dollars,,,5.15
Sandra's Cuisine - Potranco - 12060 Potranco Road,29,9/14/25 9:00 AM,Mario Jimenez,,Reward Dollars,,,5.10
Sandra's Cuisine - Potranco - 12060 Potranco Road,18,9/14/25 8:17 AM,siri quiroz,,Employee Discount - Check,Employee Discount,Employee,42.60
Sandra's Cuisine - Potranco - 12060 Potranco Road,15,9/14/25 8:11 AM,Sugey Cabrera,16,Open % Item,,,0.06
Sandra's Cuisine - Potranco - 12060 Potranco Road,15,9/14/25 8:11 AM,Sugey Cabrera,16,Open % Item,,,0.20
Sandra's Cuisine - Potranco - 12060 Potranco Road,15,9/14/25 8:11 AM,Sugey Cabrera,16,Open % Check,,,0.86
Sandra's Cuisine - Potranco - 12060 Potranco Road,15,9/14/25 8:11 AM,Sugey Cabrera,16,Open % Item,,,0.70
