Location,Server,Check #,Table,Station,Expediter Level,Fired Date,Fulfilled Date,Fulfillment Time,Fulfilled By
12060 Potranco Road,Mario Jimenez,2,,Drive Thru,,9/14/25 7:57 AM,9/14/25 8:03 AM,6 minutes and 45 seconds,KDS - Login Don't Delete
12060 Potranco Road,Mario Jimenez,2,,Food,,9/14/25 7:57 AM,9/14/25 8:03 AM,6 minutes and 45 seconds,KDS - Login Don't Delete
12060 Potranco Road,Mario Jimenez,4,,Drive Thru,,9/14/25 7:57 AM,9/14/25 8:03 AM,6 minutes and 26 seconds,KDS - Login Don't Delete
12060 Potranco Road,Mario Jimenez,4,,Food,,9/14/25 7:57 AM,9/14/25 8:03 AM,6 minutes and 26 seconds,KDS - Login Don't Delete
12060 Potranco Road,Mario Jimenez,5,,Drive Thru,,9/14/25 7:57 AM,9/14/25 8:04 AM,6 minutes and 42 seconds,KDS - Login Don't Delete
12060 Potranco Road,Mario Jimenez,5,,Food,,9/14/25 7:57 AM,9/14/25 8:04 AM,6 minutes and 42 seconds,KDS - Login Don't Delete
12060 Potranco Road,Mario Jimenez,6,,Drive Thru,,9/14/25 7:58 AM,9/14/25 8:05 AM,6 minutes and 34 seconds,KDS - Login Don't Delete
12060 Potranco Road,Mario Jimenez,6,,Food,,9/14/25 7:58 AM,9/14/25 8:05 AM,6 minutes and 34 seconds,KDS - Login Don't Delete
12060 Potranco Road,Mario Jimenez,7,,Drive Thru,,9/14/25 8:00 AM,9/14/25 8:08 AM,8 minutes and 15 seconds,KDS - Login Don't Delete
12060 Potranco Road,Mario Jimenez,7,,Food,,9/14/25 8:00 AM,9/14/25 8:08 AM,8 minutes and 15 seconds,KDS - Login Don't Delete
12060 Potranco Road,Mario Jimenez,10,,Drive Thru,,9/14/25 8:07 AM,9/14/25 8:10 AM,2 minutes and 25 seconds,KDS - Login Don't Delete
12060 Potranco Road,Mario Jimenez,10,,Food,,9/14/25 8:07 AM,9/14/25 8:10 AM,2 minutes and 25 seconds,KDS - Login Don't Delete
12060 Potranco Road,Mario Jimenez,11,,Drive Thru,,9/14/25 8:07 AM,9/14/25 8:10 AM,2 minutes and 37 seconds,KDS - Login Don't Delete
12060 Potranco Road,Mario Jimenez,11,,Food,,9/14/25 8:07 AM,9/14/25 8:10 AM,2 minutes and 37 seconds,KDS - Login Don't Delete
12060 Potranco Road,Mario Jimenez,12,,Drive Thru,,9/14/25 8:09 AM,9/14/25 8:13 AM,4 minutes and 6 seconds,KDS - Login Don't Delete
12060 Potranco Road,Mario Jimenez,12,,Food,,9/14/25 8:09 AM,9/14/25 8:13 AM,4 minutes and 6 seconds,KDS - Login Don't Delete
12060 Potranco Road,Sugey Cabrera,9,3,No Print,,9/14/25 8:08 AM,9/14/25 8:14 AM,6 minutes,KDS - Login Don't Delete
12060 Potranco Road,Sugey Cabrera,9,3,Food,,9/14/25 8:08 AM,9/14/25 8:14 AM,6 minutes,KDS - Login Don't Delete
12060 Potranco Road,Mario Jimenez,16,,Drive Thru,,9/14/25 8:13 AM,9/14/25 8:17 AM,3 minutes and 42 seconds,KDS - Login Don't Delete
12060 Potranco Road,Mario Jimenez,16,,Food,,9/14/25 8:13 AM,9/14/25 8:17 AM,3 minutes and 42 seconds,KDS - Login Don't Delete
12060 Potranco Road,Sugey Cabrera,15,16,Food,,9/14/25 8:14 AM,9/14/25 8:20 AM,5 minutes and 43 seconds,KDS - Login Don't Delete
12060 Potranco Road,siri quiroz,18,,,1,9/14/25 8:19 AM,9/14/25 8:30 AM,11 minutes and 6 seconds,KDS - Login Don't Delete
12060 Potranco Road,Mario Jimenez,19,,Drive Thru,,9/14/25 8:30 AM,9/14/25 8:33 AM,3 minutes and 3 seconds,KDS - Login Don't Delete
12060 Potranco Road,Mario Jimenez,19,,Food,,9/14/25 8:30 AM,9/14/25 8:33 AM,3 minutes and 3 seconds,KDS - Login Don't Delete
12060 Potranco Road,Mario Jimenez,22,,Drive Thru,,9/14/25 8:37 AM,9/14/25 8:39 AM,1 minute and 31 seconds,KDS - Login Don't Delete
12060 Potranco Road,Mario Jimenez,22,,Food,,9/14/25 8:37 AM,9/14/25 8:39 AM,1 minute and 31 seconds,KDS - Login Don't Delete
12060 Potranco Road,siri quiroz,23,,Drive Thru,,9/14/25 8:35 AM,9/14/25 8:41 AM,5 minutes and 17 seconds,KDS - Login Don't Delete
12060 Potranco Road,siri quiroz,23,,Food,,9/14/25 8:35 AM,9/14/25 8:41 AM,5 minutes and 17 seconds,KDS - Login Don't Delete
12060 Potranco Road,Sugey Cabrera,9,3,,1,9/14/25 8:14 AM,9/14/25 8:50 AM,36 minutes and 10 seconds,KDS - Login Don't Delete
12060 Potranco Road,Mario Jimenez,24,,Drive Thru,,9/14/25 8:49 AM,9/14/25 8:50 AM,1 minute and 6 seconds,KDS - Login Don't Delete
12060 Potranco Road,Mario Jimenez,24,,Food,,9/14/25 8:49 AM,9/14/25 8:50 AM,1 minute and 6 seconds,KDS - Login Don't Delete
12060 Potranco Road,siri quiroz,23,,,1,9/14/25 8:41 AM,9/14/25 8:51 AM,9 minutes and 52 seconds,KDS - Login Don't Delete
12060 Potranco Road,Sugey Cabrera,15,16,,1,9/14/25 8:20 AM,9/14/25 8:50 AM,30 minutes and 45 seconds,KDS - Login Don't Delete
12060 Potranco Road,siri quiroz,18,,,1,9/14/25 8:30 AM,9/14/25 8:51 AM,20 minutes and 49 seconds,KDS - Login Don't Delete
12060 Potranco Road,siri quiroz,18,,,1,9/14/25 8:38 AM,9/14/25 8:51 AM,12 minutes and 23 seconds,KDS - Login Don't Delete
12060 Potranco Road,Mario Jimenez,25,,Drive Thru,,9/14/25 8:52 AM,9/14/25 8:53 AM,1 minute and 53 seconds,KDS - Login Don't Delete
12060 Potranco Road,Mario Jimenez,25,,Food,,9/14/25 8:52 AM,9/14/25 8:53 AM,1 minute and 53 seconds,KDS - Login Don't Delete
12060 Potranco Road,Mario Jimenez,27,,Drive Thru,,9/14/25 8:53 AM,9/14/25 8:59 AM,5 minutes and 45 seconds,KDS - Login Don't Delete
12060 Potranco Road,Mario Jimenez,27,,Food,,9/14/25 8:53 AM,9/14/25 8:59 AM,5 minutes and 45 seconds,KDS - Login Don't Delete
12060 Potranco Road,siri quiroz,26,,Drive Thru,,9/14/25 8:52 AM,9/14/25 8:59 AM,6 minutes and 44 seconds,KDS - Login Don't Delete
12060 Potranco Road,siri quiroz,26,,Food,,9/14/25 8:52 AM,9/14/25 8:59 AM,6 minutes and 44 seconds,KDS - Login Don't Delete
12060 Potranco Road,siri quiroz,26,,,1,9/14/25 8:59 AM,9/14/25 9:00 AM,1 minute and 3 seconds,KDS - Login Don't Delete
12060 Potranco Road,Mario Jimenez,29,,Drive Thru,,9/14/25 9:00 AM,9/14/25 9:02 AM,2 minutes and 20 seconds,KDS - Login Don't Delete
12060 Potranco Road,Mario Jimenez,29,,Food,,9/14/25 9:00 AM,9/14/25 9:02 AM,2 minutes and 20 seconds,KDS - Login Don't Delete
12060 Potranco Road,Mario Jimenez,32,,Drive Thru,,9/14/25 9:06 AM,9/14/25 9:09 AM,2 minutes and 37 seconds,KDS - Login Don't Delete
12060 Potranco Road,Mario Jimenez,32,,Food,,9/14/25 9:06 AM,9/14/25 9:09 AM,2 minutes and 37 seconds,KDS - Login Don't Delete
12060 Potranco Road,Sugey Cabrera,15,16,No Print,,9/14/25 9:01 AM,9/14/25 9:12 AM,10 minutes and 10 seconds,KDS - Login Don't Delete
12060 Potranco Road,Sugey Cabrera,15,16,Food,,9/14/25 9:01 AM,9/14/25 9:12 AM,10 minutes and 10 seconds,KDS - Login Don't Delete
12060 Potranco Road,Mario Jimenez,39,,Drive Thru,,9/14/25 9:10 AM,9/14/25 9:13 AM,2 minutes and 53 seconds,KDS - Login Don't Delete
12060 Potranco Road,Mario Jimenez,39,,Food,,9/14/25 9:10 AM,9/14/25 9:13 AM,2 minutes and 53 seconds,KDS - Login Don't Delete
12060 Potranco Road,siri quiroz,35,,Drive Thru,,9/14/25 9:10 AM,9/14/25 9:15 AM,4 minutes and 51 seconds,KDS - Login Don't Delete
12060 Potranco Road,siri quiroz,35,,Food,,9/14/25 9:10 AM,9/14/25 9:15 AM,4 minutes and 51 seconds,KDS - Login Don't Delete
12060 Potranco Road,siri quiroz,35,,,1,9/14/25 9:15 AM,9/14/25 9:15 AM,49 seconds,KDS - Login Don't Delete
12060 Potranco Road,Sugey Cabrera,15,16,,1,9/14/25 9:12 AM,9/14/25 9:15 AM,3 minutes and 42 seconds,KDS - Login Don't Delete
12060 Potranco Road,Mario Jimenez,37,,Drive Thru,,9/14/25 9:10 AM,9/14/25 9:15 AM,5 minutes and 41 seconds,KDS - Login Don't Delete
12060 Potranco Road,Mario Jimenez,37,,Food,,9/14/25 9:10 AM,9/14/25 9:15 AM,5 minutes and 41 seconds,KDS - Login Don't Delete
12060 Potranco Road,Mario Jimenez,33,,Drive Thru,,9/14/25 9:12 AM,9/14/25 9:18 AM,6 minutes and 4 seconds,KDS - Login Don't Delete
12060 Potranco Road,Mario Jimenez,33,,Food,,9/14/25 9:12 AM,9/14/25 9:18 AM,6 minutes and 4 seconds,KDS - Login Don't Delete
12060 Potranco Road,Sugey Cabrera,36,8,No Print,,9/14/25 9:09 AM,9/14/25 9:19 AM,10 minutes,KDS - Login Don't Delete
12060 Potranco Road,Sugey Cabrera,36,8,Food,,9/14/25 9:09 AM,9/14/25 9:19 AM,10 minutes,KDS - Login Don't Delete
12060 Potranco Road,Sugey Cabrera,36,8,,1,9/14/25 9:19 AM,9/14/25 9:19 AM,27 seconds,KDS - Login Don't Delete
12060 Potranco Road,Mario Jimenez,41,,Drive Thru,,9/14/25 9:13 AM,9/14/25 9:21 AM,8 minutes and 7 seconds,KDS - Login Don't Delete
12060 Potranco Road,Mario Jimenez,41,,Food,,9/14/25 9:13 AM,9/14/25 9:21 AM,8 minutes and 7 seconds,KDS - Login Don't Delete
12060 Potranco Road,Mario Jimenez,42,,Drive Thru,,9/14/25 9:20 AM,9/14/25 9:22 AM,2 minutes,KDS - Login Don't Delete
12060 Potranco Road,Mario Jimenez,42,,Food,,9/14/25 9:20 AM,9/14/25 9:22 AM,2 minutes,KDS - Login Don't Delete
12060 Potranco Road,Sugey Cabrera,40,18,No Print,,9/14/25 9:12 AM,9/14/25 9:23 AM,10 minutes and 20 seconds,KDS - Login Don't Delete
12060 Potranco Road,Sugey Cabrera,40,18,Food,,9/14/25 9:12 AM,9/14/25 9:23 AM,10 minutes and 20 seconds,KDS - Login Don't Delete
12060 Potranco Road,siri quiroz,38,,,1,9/14/25 9:14 AM,9/14/25 9:23 AM,8 minutes and 56 seconds,KDS - Login Don't Delete
12060 Potranco Road,siri quiroz,44,,,1,9/14/25 9:16 AM,9/14/25 9:23 AM,6 minutes and 28 seconds,KDS - Login Don't Delete
12060 Potranco Road,Mario Jimenez,45,,Drive Thru,,9/14/25 9:22 AM,9/14/25 9:23 AM,1 minute and 22 seconds,KDS - Login Don't Delete
12060 Potranco Road,Mario Jimenez,45,,Food,,9/14/25 9:22 AM,9/14/25 9:23 AM,1 minute and 22 seconds,KDS - Login Don't Delete
12060 Potranco Road,Sugey Cabrera,40,18,,1,9/14/25 9:23 AM,9/14/25 9:23 AM,36 seconds,KDS - Login Don't Delete
12060 Potranco Road,Mario Jimenez,46,,Drive Thru,,9/14/25 9:23 AM,9/14/25 9:23 AM,45 seconds,KDS - Login Don't Delete
12060 Potranco Road,Mario Jimenez,46,,Food,,9/14/25 9:23 AM,9/14/25 9:23 AM,45 seconds,KDS - Login Don't Delete
12060 Potranco Road,Emanuel Sanchez,34,1,No Print,,9/14/25 9:12 AM,9/14/25 9:24 AM,11 minutes and 7 seconds,KDS - Login Don't Delete
12060 Potranco Road,Emanuel Sanchez,34,1,Food,,9/14/25 9:12 AM,9/14/25 9:24 AM,11 minutes and 7 seconds,KDS - Login Don't Delete
12060 Potranco Road,Emanuel Sanchez,34,1,Drive Thru,,9/14/25 9:12 AM,9/14/25 9:24 AM,11 minutes and 7 seconds,KDS - Login Don't Delete
12060 Potranco Road,Emanuel Sanchez,34,1,Drive Thru,,9/14/25 9:21 AM,9/14/25 9:24 AM,2 minutes and 58 seconds,KDS - Login Don't Delete
12060 Potranco Road,Emanuel Sanchez,34,1,Food,,9/14/25 9:21 AM,9/14/25 9:24 AM,2 minutes and 58 seconds,KDS - Login Don't Delete
12060 Potranco Road,Emanuel Sanchez,34,1,No Print,,9/14/25 9:21 AM,9/14/25 9:24 AM,2 minutes and 58 seconds,KDS - Login Don't Delete
12060 Potranco Road,Emanuel Sanchez,34,1,,1,9/14/25 9:24 AM,9/14/25 9:25 AM,1 minute and 9 seconds,KDS - Login Don't Delete
12060 Potranco Road,Emanuel Sanchez,34,1,,1,9/14/25 9:24 AM,9/14/25 9:25 AM,1 minute and 26 seconds,KDS - Login Don't Delete
12060 Potranco Road,siri quiroz,43,,Drive Thru,,9/14/25 9:14 AM,9/14/25 9:25 AM,11 minutes and 3 seconds,KDS - Login Don't Delete
12060 Potranco Road,siri quiroz,43,,Food,,9/14/25 9:14 AM,9/14/25 9:25 AM,11 minutes and 3 seconds,KDS - Login Don't Delete
12060 Potranco Road,Mario Jimenez,48,,Drive Thru,,9/14/25 9:23 AM,9/14/25 9:26 AM,2 minutes and 47 seconds,KDS - Login Don't Delete
12060 Potranco Road,Mario Jimenez,48,,Food,,9/14/25 9:23 AM,9/14/25 9:26 AM,2 minutes and 47 seconds,KDS - Login Don't Delete
12060 Potranco Road,siri quiroz,43,,,1,9/14/25 9:25 AM,9/14/25 9:27 AM,1 minute and 29 seconds,KDS - Login Don't Delete
12060 Potranco Road,Lisa Velasquez,47,15,No Print,,9/14/25 9:23 AM,9/14/25 9:27 AM,4 minutes and 24 seconds,KDS - Login Don't Delete
12060 Potranco Road,Lisa Velasquez,47,15,Food,,9/14/25 9:23 AM,9/14/25 9:27 AM,4 minutes and 24 seconds,KDS - Login Don't Delete
12060 Potranco Road,Leticia Roman,28,14,No Print,,9/14/25 9:19 AM,9/14/25 9:28 AM,9 minutes and 12 seconds,KDS - Login Don't Delete
12060 Potranco Road,Leticia Roman,28,14,Food,,9/14/25 9:19 AM,9/14/25 9:28 AM,9 minutes and 12 seconds,KDS - Login Don't Delete
12060 Potranco Road,Leticia Roman,28,14,Drive Thru,,9/14/25 9:19 AM,9/14/25 9:28 AM,9 minutes and 12 seconds,KDS - Login Don't Delete
12060 Potranco Road,Mario Jimenez,49,,Drive Thru,,9/14/25 9:28 AM,9/14/25 9:33 AM,4 minutes and 41 seconds,KDS - Login Don't Delete
12060 Potranco Road,Mario Jimenez,49,,Food,,9/14/25 9:28 AM,9/14/25 9:33 AM,4 minutes and 41 seconds,KDS - Login Don't Delete
12060 Potranco Road,siri quiroz,18,,Drive Thru,,9/14/25 9:21 AM,9/14/25 9:33 AM,11 minutes and 22 seconds,KDS - Login Don't Delete
12060 Potranco Road,siri quiroz,18,,Food,,9/14/25 9:21 AM,9/14/25 9:33 AM,11 minutes and 22 seconds,KDS - Login Don't Delete
12060 Potranco Road,siri quiroz,18,,,1,9/14/25 9:33 AM,9/14/25 9:34 AM,1 minute and 11 seconds,KDS - Login Don't Delete
12060 Potranco Road,Mario Jimenez,50,,Drive Thru,,9/14/25 9:31 AM,9/14/25 9:34 AM,3 minutes and 28 seconds,KDS - Login Don't Delete
12060 Potranco Road,Mario Jimenez,50,,Food,,9/14/25 9:31 AM,9/14/25 9:34 AM,3 minutes and 28 seconds,KDS - Login Don't Delete
12060 Potranco Road,Emanuel Sanchez,34,1,No Print,,9/14/25 9:37 AM,9/14/25 9:39 AM,1 minute and 59 seconds,KDS - Login Don't Delete
12060 Potranco Road,Emanuel Sanchez,34,1,Food,,9/14/25 9:37 AM,9/14/25 9:39 AM,1 minute and 59 seconds,KDS - Login Don't Delete
12060 Potranco Road,Angelique Jacobo,51,5,No Print,,9/14/25 9:34 AM,9/14/25 9:39 AM,5 minutes and 8 seconds,KDS - Login Don't Delete
12060 Potranco Road,Angelique Jacobo,51,5,Food,,9/14/25 9:34 AM,9/14/25 9:39 AM,5 minutes and 8 seconds,KDS - Login Don't Delete
12060 Potranco Road,Mario Jimenez,52,,Drive Thru,,9/14/25 9:33 AM,9/14/25 9:40 AM,7 minutes and 16 seconds,KDS - Login Don't Delete
12060 Potranco Road,Mario Jimenez,52,,Food,,9/14/25 9:33 AM,9/14/25 9:40 AM,7 minutes and 16 seconds,KDS - Login Don't Delete
12060 Potranco Road,Leticia Roman,28,14,,1,9/14/25 9:28 AM,9/14/25 9:40 AM,12 minutes and 42 seconds,KDS - Login Don't Delete
12060 Potranco Road,Lisa Velasquez,47,15,,1,9/14/25 9:27 AM,9/14/25 9:41 AM,14 minutes and 4 seconds,KDS - Login Don't Delete
12060 Potranco Road,siri quiroz,53,,,1,9/14/25 9:33 AM,9/14/25 9:42 AM,8 minutes and 29 seconds,KDS - Login Don't Delete
12060 Potranco Road,Emanuel Sanchez,34,1,,1,9/14/25 9:39 AM,9/14/25 9:42 AM,2 minutes and 52 seconds,KDS - Login Don't Delete
12060 Potranco Road,Emanuel Sanchez,34,1,Food,,9/14/25 9:43 AM,9/14/25 9:43 AM,12 seconds,KDS - Login Don't Delete
12060 Potranco Road,Mario Jimenez,55,,Drive Thru,,9/14/25 9:34 AM,9/14/25 9:43 AM,9 minutes and 23 seconds,KDS - Login Don't Delete
12060 Potranco Road,Mario Jimenez,55,,Food,,9/14/25 9:34 AM,9/14/25 9:43 AM,9 minutes and 23 seconds,KDS - Login Don't Delete
12060 Potranco Road,Mario Jimenez,57,,Drive Thru,,9/14/25 9:35 AM,9/14/25 9:44 AM,9 minutes and 38 seconds,KDS - Login Don't Delete
12060 Potranco Road,Mario Jimenez,57,,Food,,9/14/25 9:35 AM,9/14/25 9:44 AM,9 minutes and 38 seconds,KDS - Login Don't Delete
12060 Potranco Road,Leticia Roman,54,26,No Print,,9/14/25 9:37 AM,9/14/25 9:44 AM,7 minutes and 24 seconds,KDS - Login Don't Delete
12060 Potranco Road,Leticia Roman,54,26,Food,,9/14/25 9:37 AM,9/14/25 9:44 AM,7 minutes and 24 seconds,KDS - Login Don't Delete
12060 Potranco Road,Leticia Roman,54,26,,1,9/14/25 9:44 AM,9/14/25 9:45 AM,51 seconds,KDS - Login Don't Delete
12060 Potranco Road,Mario Jimenez,58,,Drive Thru,,9/14/25 9:42 AM,9/14/25 9:46 AM,3 minutes and 44 seconds,KDS - Login Don't Delete
12060 Potranco Road,Mario Jimenez,58,,Food,,9/14/25 9:42 AM,9/14/25 9:46 AM,3 minutes and 44 seconds,KDS - Login Don't Delete
12060 Potranco Road,Mario Jimenez,60,,,1,9/14/25 9:40 AM,9/14/25 9:46 AM,5 minutes and 36 seconds,KDS - Login Don't Delete
12060 Potranco Road,Mario Jimenez,62,,Drive Thru,,9/14/25 9:44 AM,9/14/25 9:47 AM,2 minutes and 19 seconds,KDS - Login Don't Delete
12060 Potranco Road,Mario Jimenez,62,,Food,,9/14/25 9:44 AM,9/14/25 9:47 AM,2 minutes and 19 seconds,KDS - Login Don't Delete
12060 Potranco Road,Mario Jimenez,63,,Drive Thru,,9/14/25 9:45 AM,9/14/25 9:49 AM,3 minutes and 11 seconds,KDS - Login Don't Delete
12060 Potranco Road,Mario Jimenez,63,,Food,,9/14/25 9:45 AM,9/14/25 9:49 AM,3 minutes and 11 seconds,KDS - Login Don't Delete
12060 Potranco Road,Mario Jimenez,64,,Drive Thru,,9/14/25 9:46 AM,9/14/25 9:51 AM,4 minutes and 37 seconds,KDS - Login Don't Delete
12060 Potranco Road,Mario Jimenez,64,,Food,,9/14/25 9:46 AM,9/14/25 9:51 AM,4 minutes and 37 seconds,KDS - Login Don't Delete
12060 Potranco Road,Emanuel Sanchez,66,2,No Print,,9/14/25 9:48 AM,9/14/25 9:51 AM,2 minutes and 38 seconds,KDS - Login Don't Delete
12060 Potranco Road,Emanuel Sanchez,66,2,Food,,9/14/25 9:48 AM,9/14/25 9:51 AM,2 minutes and 38 seconds,KDS - Login Don't Delete
12060 Potranco Road,Emanuel Sanchez,66,2,Drive Thru,,9/14/25 9:48 AM,9/14/25 9:51 AM,2 minutes and 38 seconds,KDS - Login Don't Delete
12060 Potranco Road,Mario Jimenez,65,,Drive Thru,,9/14/25 9:48 AM,9/14/25 9:52 AM,3 minutes and 30 seconds,KDS - Login Don't Delete
12060 Potranco Road,Mario Jimenez,65,,Food,,9/14/25 9:48 AM,9/14/25 9:52 AM,3 minutes and 30 seconds,KDS - Login Don't Delete
12060 Potranco Road,Angelique Jacobo,51,5,,1,9/14/25 9:39 AM,9/14/25 9:53 AM,13 minutes and 56 seconds,KDS - Login Don't Delete
12060 Potranco Road,Emanuel Sanchez,34,1,,1,9/14/25 9:43 AM,9/14/25 9:53 AM,10 minutes and 14 seconds,KDS - Login Don't Delete
12060 Potranco Road,Mario Jimenez,67,,Drive Thru,,9/14/25 9:51 AM,9/14/25 9:53 AM,2 minutes and 18 seconds,KDS - Login Don't Delete
12060 Potranco Road,Mario Jimenez,67,,Food,,9/14/25 9:51 AM,9/14/25 9:53 AM,2 minutes and 18 seconds,KDS - Login Don't Delete
12060 Potranco Road,Emanuel Sanchez,34,1,No Print,,9/14/25 9:54 AM,9/14/25 9:55 AM,1 minute and 17 seconds,KDS - Login Don't Delete
12060 Potranco Road,Emanuel Sanchez,34,1,Food,,9/14/25 9:54 AM,9/14/25 9:55 AM,1 minute and 17 seconds,KDS - Login Don't Delete
12060 Potranco Road,Sugey Cabrera,36,8,No Print,,9/14/25 9:55 AM,9/14/25 9:55 AM,2 seconds,KDS - Login Don't Delete
12060 Potranco Road,Sugey Cabrera,36,8,Food,,9/14/25 9:55 AM,9/14/25 9:55 AM,2 seconds,KDS - Login Don't Delete
12060 Potranco Road,Mario Jimenez,69,,Drive Thru,,9/14/25 9:52 AM,9/14/25 9:56 AM,4 minutes and 11 seconds,KDS - Login Don't Delete
12060 Potranco Road,Mario Jimenez,69,,Food,,9/14/25 9:52 AM,9/14/25 9:56 AM,4 minutes and 11 seconds,KDS - Login Don't Delete
12060 Potranco Road,Mario Jimenez,70,,Drive Thru,,9/14/25 9:53 AM,9/14/25 9:58 AM,4 minutes and 43 seconds,KDS - Login Don't Delete
12060 Potranco Road,Mario Jimenez,70,,Food,,9/14/25 9:53 AM,9/14/25 9:58 AM,4 minutes and 43 seconds,KDS - Login Don't Delete
12060 Potranco Road,Lisa Velasquez,68,7,No Print,,9/14/25 9:51 AM,9/14/25 9:58 AM,6 minutes and 33 seconds,KDS - Login Don't Delete
12060 Potranco Road,Lisa Velasquez,68,7,Food,,9/14/25 9:51 AM,9/14/25 9:58 AM,6 minutes and 33 seconds,KDS - Login Don't Delete
12060 Potranco Road,Mario Jimenez,73,,Food,,9/14/25 9:56 AM,9/14/25 9:58 AM,1 minute and 37 seconds,KDS - Login Don't Delete
12060 Potranco Road,Mario Jimenez,71,,Drive Thru,,9/14/25 9:55 AM,9/14/25 9:59 AM,3 minutes and 44 seconds,KDS - Login Don't Delete
12060 Potranco Road,Mario Jimenez,71,,Food,,9/14/25 9:55 AM,9/14/25 9:59 AM,3 minutes and 44 seconds,KDS - Login Don't Delete
12060 Potranco Road,Mario Jimenez,74,,Drive Thru,,9/14/25 9:58 AM,9/14/25 9:59 AM,1 minute and 5 seconds,KDS - Login Don't Delete
12060 Potranco Road,Mario Jimenez,74,,Food,,9/14/25 9:58 AM,9/14/25 9:59 AM,1 minute and 5 seconds,KDS - Login Don't Delete
12060 Potranco Road,Lisa Velasquez,68,7,,1,9/14/25 9:58 AM,9/14/25 10:00 AM,1 minute and 58 seconds,KDS - Login Don't Delete
12060 Potranco Road,Emanuel Sanchez,34,1,,1,9/14/25 9:55 AM,9/14/25 10:00 AM,5 minutes and 6 seconds,KDS - Login Don't Delete
12060 Potranco Road,Adrian Morales,72,35,No Print,,9/14/25 9:55 AM,9/14/25 10:02 AM,6 minutes and 55 seconds,KDS - Login Don't Delete
12060 Potranco Road,Adrian Morales,72,35,Food,,9/14/25 9:55 AM,9/14/25 10:02 AM,6 minutes and 55 seconds,KDS - Login Don't Delete
12060 Potranco Road,Adrian Morales,72,35,Drive Thru,,9/14/25 9:55 AM,9/14/25 10:02 AM,6 minutes and 55 seconds,KDS - Login Don't Delete
12060 Potranco Road,Mario Jimenez,75,,Drive Thru,,9/14/25 10:01 AM,9/14/25 10:02 AM,1 minute and 17 seconds,KDS - Login Don't Delete
12060 Potranco Road,Mario Jimenez,75,,Food,,9/14/25 10:01 AM,9/14/25 10:02 AM,1 minute and 17 seconds,KDS - Login Don't Delete
12060 Potranco Road,Lisa Velasquez,68,7,No Print,,9/14/25 9:57 AM,9/14/25 10:04 AM,7 minutes and 1 second,KDS - Login Don't Delete
12060 Potranco Road,Lisa Velasquez,68,7,Food,,9/14/25 9:57 AM,9/14/25 10:04 AM,7 minutes and 1 second,KDS - Login Don't Delete
12060 Potranco Road,Mario Jimenez,77,,Drive Thru,,9/14/25 10:02 AM,9/14/25 10:04 AM,2 minutes and 16 seconds,KDS - Login Don't Delete
12060 Potranco Road,Mario Jimenez,77,,Food,,9/14/25 10:02 AM,9/14/25 10:04 AM,2 minutes and 16 seconds,KDS - Login Don't Delete
12060 Potranco Road,Mario Jimenez,78,,Drive Thru,,9/14/25 10:03 AM,9/14/25 10:06 AM,2 minutes and 39 seconds,KDS - Login Don't Delete
12060 Potranco Road,Mario Jimenez,78,,Food,,9/14/25 10:03 AM,9/14/25 10:06 AM,2 minutes and 39 seconds,KDS - Login Don't Delete
12060 Potranco Road,Mario Jimenez,76,,Drive Thru,,9/14/25 10:00 AM,9/14/25 10:09 AM,8 minutes and 51 seconds,KDS - Login Don't Delete
12060 Potranco Road,Mario Jimenez,76,,Food,,9/14/25 10:00 AM,9/14/25 10:09 AM,8 minutes and 51 seconds,KDS - Login Don't Delete
12060 Potranco Road,Emanuel Sanchez,66,2,,1,9/14/25 9:51 AM,9/14/25 10:10 AM,18 minutes and 42 seconds,KDS - Login Don't Delete
12060 Potranco Road,Adrian Morales,72,35,,1,9/14/25 10:02 AM,9/14/25 10:10 AM,7 minutes and 33 seconds,KDS - Login Don't Delete
12060 Potranco Road,Lisa Velasquez,68,7,Food,,9/14/25 10:07 AM,9/14/25 10:10 AM,2 minutes and 34 seconds,KDS - Login Don't Delete
12060 Potranco Road,Sugey Cabrera,36,8,,1,9/14/25 9:55 AM,9/14/25 10:10 AM,14 minutes and 19 seconds,KDS - Login Don't Delete
12060 Potranco Road,Angelique Jacobo,80,15,No Print,,9/14/25 10:07 AM,9/14/25 10:10 AM,3 minutes and 3 seconds,KDS - Login Don't Delete
12060 Potranco Road,Angelique Jacobo,80,15,Food,,9/14/25 10:07 AM,9/14/25 10:10 AM,3 minutes and 3 seconds,KDS - Login Don't Delete
12060 Potranco Road,Lisa Velasquez,68,7,,1,9/14/25 10:04 AM,9/14/25 10:10 AM,5 minutes and 43 seconds,KDS - Login Don't Delete
12060 Potranco Road,Mario Jimenez,76,,,1,9/14/25 10:09 AM,9/14/25 10:10 AM,29 seconds,KDS - Login Don't Delete
12060 Potranco Road,Lisa Velasquez,68,7,,1,9/14/25 10:10 AM,9/14/25 10:10 AM,10 seconds,KDS - Login Don't Delete
12060 Potranco Road,Angelique Jacobo,80,15,,1,9/14/25 10:10 AM,9/14/25 10:11 AM,1 minute and 2 seconds,KDS - Login Don't Delete
12060 Potranco Road,Adrian Morales,84,3,No Print,,9/14/25 10:09 AM,9/14/25 10:12 AM,3 minutes and 46 seconds,KDS - Login Don't Delete
12060 Potranco Road,Adrian Morales,84,3,Food,,9/14/25 10:09 AM,9/14/25 10:12 AM,3 minutes and 46 seconds,KDS - Login Don't Delete
12060 Potranco Road,Mario Jimenez,82,,Drive Thru,,9/14/25 10:10 AM,9/14/25 10:13 AM,2 minutes and 43 seconds,KDS - Login Don't Delete
12060 Potranco Road,Mario Jimenez,82,,Food,,9/14/25 10:10 AM,9/14/25 10:13 AM,2 minutes and 43 seconds,KDS - Login Don't Delete
12060 Potranco Road,Adrian Morales,84,3,,1,9/14/25 10:12 AM,9/14/25 10:14 AM,1 minute and 47 seconds,KDS - Login Don't Delete
12060 Potranco Road,Mario Jimenez,86,,Drive Thru,,9/14/25 10:11 AM,9/14/25 10:15 AM,4 minutes and 4 seconds,KDS - Login Don't Delete
12060 Potranco Road,Mario Jimenez,86,,Food,,9/14/25 10:11 AM,9/14/25 10:15 AM,4 minutes and 4 seconds,KDS - Login Don't Delete
12060 Potranco Road,Sugey Cabrera,83,29,No Print,,9/14/25 10:08 AM,9/14/25 10:15 AM,6 minutes and 50 seconds,KDS - Login Don't Delete
12060 Potranco Road,Sugey Cabrera,83,29,Food,,9/14/25 10:08 AM,9/14/25 10:15 AM,6 minutes and 50 seconds,KDS - Login Don't Delete
12060 Potranco Road,Sugey Cabrera,83,29,Drive Thru,,9/14/25 10:08 AM,9/14/25 10:15 AM,6 minutes and 50 seconds,KDS - Login Don't Delete
12060 Potranco Road,Mario Jimenez,91,,Drive Thru,,9/14/25 10:14 AM,9/14/25 10:18 AM,3 minutes and 45 seconds,KDS - Login Don't Delete
12060 Potranco Road,Mario Jimenez,91,,Food,,9/14/25 10:14 AM,9/14/25 10:18 AM,3 minutes and 45 seconds,KDS - Login Don't Delete
12060 Potranco Road,Mario Jimenez,89,,Drive Thru,,9/14/25 10:12 AM,9/14/25 10:19 AM,6 minutes and 49 seconds,KDS - Login Don't Delete
12060 Potranco Road,Mario Jimenez,89,,Food,,9/14/25 10:12 AM,9/14/25 10:19 AM,6 minutes and 49 seconds,KDS - Login Don't Delete
12060 Potranco Road,Mario Jimenez,94,,Drive Thru,,9/14/25 10:15 AM,9/14/25 10:20 AM,4 minutes and 15 seconds,KDS - Login Don't Delete
12060 Potranco Road,Mario Jimenez,94,,Food,,9/14/25 10:15 AM,9/14/25 10:20 AM,4 minutes and 15 seconds,KDS - Login Don't Delete
12060 Potranco Road,Leticia Roman,87,14,No Print,,9/14/25 10:12 AM,9/14/25 10:20 AM,7 minutes and 32 seconds,KDS - Login Don't Delete
12060 Potranco Road,Leticia Roman,87,14,Food,,9/14/25 10:12 AM,9/14/25 10:20 AM,7 minutes and 32 seconds,KDS - Login Don't Delete
12060 Potranco Road,Leticia Roman,87,14,Drive Thru,,9/14/25 10:12 AM,9/14/25 10:20 AM,7 minutes and 32 seconds,KDS - Login Don't Delete
12060 Potranco Road,Sugey Cabrera,83,29,,1,9/14/25 10:15 AM,9/14/25 10:20 AM,5 minutes and 13 seconds,KDS - Login Don't Delete
12060 Potranco Road,Mario Jimenez,95,,Drive Thru,,9/14/25 10:16 AM,9/14/25 10:21 AM,4 minutes and 53 seconds,KDS - Login Don't Delete
12060 Potranco Road,Mario Jimenez,95,,Food,,9/14/25 10:16 AM,9/14/25 10:21 AM,4 minutes and 53 seconds,KDS - Login Don't Delete
12060 Potranco Road,Leticia Roman,87,14,,1,9/14/25 10:20 AM,9/14/25 10:22 AM,2 minutes and 10 seconds,KDS - Login Don't Delete
12060 Potranco Road,Mario Jimenez,96,,Drive Thru,,9/14/25 10:20 AM,9/14/25 10:22 AM,1 minute and 54 seconds,KDS - Login Don't Delete
12060 Potranco Road,Mario Jimenez,96,,Food,,9/14/25 10:20 AM,9/14/25 10:22 AM,1 minute and 54 seconds,KDS - Login Don't Delete
12060 Potranco Road,Mario Jimenez,100,,Drive Thru,,9/14/25 10:22 AM,9/14/25 10:24 AM,1 minute and 51 seconds,KDS - Login Don't Delete
12060 Potranco Road,Mario Jimenez,100,,Food,,9/14/25 10:22 AM,9/14/25 10:24 AM,1 minute and 51 seconds,KDS - Login Don't Delete
12060 Potranco Road,Adrian Morales,92,12,No Print,,9/14/25 10:15 AM,9/14/25 10:24 AM,8 minutes and 57 seconds,KDS - Login Don't Delete
12060 Potranco Road,Adrian Morales,92,12,Food,,9/14/25 10:15 AM,9/14/25 10:24 AM,8 minutes and 57 seconds,KDS - Login Don't Delete
12060 Potranco Road,Adrian Morales,92,12,Drive Thru,,9/14/25 10:15 AM,9/14/25 10:24 AM,8 minutes and 57 seconds,KDS - Login Don't Delete
12060 Potranco Road,Lisa Velasquez,93,16,Drive Thru,,9/14/25 10:16 AM,9/14/25 10:25 AM,8 minutes and 40 seconds,KDS - Login Don't Delete
12060 Potranco Road,Lisa Velasquez,93,16,Food,,9/14/25 10:16 AM,9/14/25 10:25 AM,8 minutes and 40 seconds,KDS - Login Don't Delete
12060 Potranco Road,Emanuel Sanchez,88,10,No Print,,9/14/25 10:12 AM,9/14/25 10:25 AM,12 minutes and 52 seconds,KDS - Login Don't Delete
12060 Potranco Road,Emanuel Sanchez,88,10,Food,,9/14/25 10:12 AM,9/14/25 10:25 AM,12 minutes and 52 seconds,KDS - Login Don't Delete
12060 Potranco Road,Lisa Velasquez,93,16,No Print,,9/14/25 10:16 AM,9/14/25 10:25 AM,8 minutes and 40 seconds,KDS - Login Don't Delete
12060 Potranco Road,Adrian Morales,92,12,,1,9/14/25 10:24 AM,9/14/25 10:25 AM,1 minute and 31 seconds,KDS - Login Don't Delete
12060 Potranco Road,Emanuel Sanchez,88,10,,1,9/14/25 10:25 AM,9/14/25 10:25 AM,27 seconds,KDS - Login Don't Delete
12060 Potranco Road,Lisa Velasquez,93,16,,1,9/14/25 10:25 AM,9/14/25 10:26 AM,1 minute and 9 seconds,KDS - Login Don't Delete
12060 Potranco Road,Sugey Cabrera,83,29,No Print,,9/14/25 10:26 AM,9/14/25 10:27 AM,1 minute and 8 seconds,KDS - Login Don't Delete
12060 Potranco Road,Sugey Cabrera,83,29,Food,,9/14/25 10:26 AM,9/14/25 10:27 AM,1 minute and 8 seconds,KDS - Login Don't Delete
12060 Potranco Road,Sugey Cabrera,83,29,,1,9/14/25 10:27 AM,9/14/25 10:29 AM,1 minute and 46 seconds,KDS - Login Don't Delete
12060 Potranco Road,Leticia Roman,99,1,No Print,,9/14/25 10:23 AM,9/14/25 10:30 AM,7 minutes and 18 seconds,KDS - Login Don't Delete
12060 Potranco Road,Leticia Roman,99,1,Food,,9/14/25 10:23 AM,9/14/25 10:30 AM,7 minutes and 18 seconds,KDS - Login Don't Delete
12060 Potranco Road,Angelique Jacobo,98,4,No Print,,9/14/25 10:26 AM,9/14/25 10:31 AM,5 minutes and 21 seconds,KDS - Login Don't Delete
12060 Potranco Road,Angelique Jacobo,98,4,Food,,9/14/25 10:26 AM,9/14/25 10:31 AM,5 minutes and 21 seconds,KDS - Login Don't Delete
12060 Potranco Road,Mario Jimenez,101,,Drive Thru,,9/14/25 10:24 AM,9/14/25 10:31 AM,7 minutes and 40 seconds,KDS - Login Don't Delete
12060 Potranco Road,Mario Jimenez,101,,Food,,9/14/25 10:24 AM,9/14/25 10:31 AM,7 minutes and 40 seconds,KDS - Login Don't Delete
12060 Potranco Road,Leticia Roman,99,1,,1,9/14/25 10:30 AM,9/14/25 10:32 AM,1 minute and 37 seconds,KDS - Login Don't Delete
12060 Potranco Road,Lisa Velasquez,68,7,No Print,,9/14/25 10:29 AM,9/14/25 10:32 AM,3 minutes and 25 seconds,KDS - Login Don't Delete
12060 Potranco Road,Lisa Velasquez,68,7,Food,,9/14/25 10:29 AM,9/14/25 10:32 AM,3 minutes and 25 seconds,KDS - Login Don't Delete
12060 Potranco Road,Angelique Jacobo,98,4,,1,9/14/25 10:31 AM,9/14/25 10:32 AM,1 minute and 24 seconds,KDS - Login Don't Delete
12060 Potranco Road,Sugey Cabrera,102,21,No Print,,9/14/25 10:23 AM,9/14/25 10:34 AM,10 minutes and 45 seconds,KDS - Login Don't Delete
12060 Potranco Road,Sugey Cabrera,102,21,Food,,9/14/25 10:23 AM,9/14/25 10:34 AM,10 minutes and 45 seconds,KDS - Login Don't Delete
12060 Potranco Road,Sugey Cabrera,102,21,Drive Thru,,9/14/25 10:23 AM,9/14/25 10:34 AM,10 minutes and 45 seconds,KDS - Login Don't Delete
12060 Potranco Road,Mario Jimenez,103,,Drive Thru,,9/14/25 10:25 AM,9/14/25 10:35 AM,10 minutes,KDS - Login Don't Delete
12060 Potranco Road,Mario Jimenez,103,,Food,,9/14/25 10:25 AM,9/14/25 10:35 AM,10 minutes,KDS - Login Don't Delete
12060 Potranco Road,Lisa Velasquez,109,25,No Print,,9/14/25 10:31 AM,9/14/25 10:35 AM,4 minutes and 3 seconds,KDS - Login Don't Delete
12060 Potranco Road,Lisa Velasquez,109,25,Food,,9/14/25 10:31 AM,9/14/25 10:35 AM,4 minutes and 3 seconds,KDS - Login Don't Delete
12060 Potranco Road,Lisa Velasquez,109,25,Drive Thru,,9/14/25 10:31 AM,9/14/25 10:35 AM,4 minutes and 3 seconds,KDS - Login Don't Delete
12060 Potranco Road,Mario Jimenez,104,,Drive Thru,,9/14/25 10:26 AM,9/14/25 10:35 AM,9 minutes and 24 seconds,KDS - Login Don't Delete
12060 Potranco Road,Mario Jimenez,104,,Food,,9/14/25 10:26 AM,9/14/25 10:35 AM,9 minutes and 24 seconds,KDS - Login Don't Delete
12060 Potranco Road,Mario Jimenez,105,,Drive Thru,,9/14/25 10:28 AM,9/14/25 10:38 AM,10 minutes and 37 seconds,KDS - Login Don't Delete
12060 Potranco Road,Mario Jimenez,105,,Food,,9/14/25 10:28 AM,9/14/25 10:38 AM,10 minutes and 37 seconds,KDS - Login Don't Delete
12060 Potranco Road,Mario Jimenez,106,,Drive Thru,,9/14/25 10:30 AM,9/14/25 10:38 AM,8 minutes and 43 seconds,KDS - Login Don't Delete
12060 Potranco Road,Mario Jimenez,106,,Food,,9/14/25 10:30 AM,9/14/25 10:38 AM,8 minutes and 43 seconds,KDS - Login Don't Delete
12060 Potranco Road,Mario Jimenez,106,,No Print,,9/14/25 10:30 AM,9/14/25 10:38 AM,8 minutes and 43 seconds,KDS - Login Don't Delete
12060 Potranco Road,Mario Jimenez,106,,Drinks,,9/14/25 10:30 AM,9/14/25 10:38 AM,8 minutes and 43 seconds,KDS - Login Don't Delete
12060 Potranco Road,Mario Jimenez,108,,Drive Thru,,9/14/25 10:39 AM,9/14/25 10:40 AM,1 minute and 12 seconds,KDS - Login Don't Delete
12060 Potranco Road,Mario Jimenez,108,,Food,,9/14/25 10:39 AM,9/14/25 10:40 AM,1 minute and 12 seconds,KDS - Login Don't Delete
12060 Potranco Road,Emanuel Sanchez,107,2,No Print,,9/14/25 10:33 AM,9/14/25 10:40 AM,6 minutes and 43 seconds,KDS - Login Don't Delete
12060 Potranco Road,Emanuel Sanchez,107,2,Food,,9/14/25 10:33 AM,9/14/25 10:40 AM,6 minutes and 43 seconds,KDS - Login Don't Delete
12060 Potranco Road,Emanuel Sanchez,107,2,Drive Thru,,9/14/25 10:33 AM,9/14/25 10:40 AM,6 minutes and 43 seconds,KDS - Login Don't Delete
12060 Potranco Road,siri quiroz,97,,Drive Thru,,9/14/25 10:18 AM,9/14/25 10:41 AM,23 minutes and 30 seconds,KDS - Login Don't Delete
12060 Potranco Road,siri quiroz,97,,Food,,9/14/25 10:18 AM,9/14/25 10:41 AM,23 minutes and 30 seconds,KDS - Login Don't Delete
12060 Potranco Road,Lisa Velasquez,68,7,No Print,,9/14/25 10:36 AM,9/14/25 10:42 AM,5 minutes and 36 seconds,KDS - Login Don't Delete
12060 Potranco Road,Lisa Velasquez,68,7,Food,,9/14/25 10:36 AM,9/14/25 10:42 AM,5 minutes and 36 seconds,KDS - Login Don't Delete
12060 Potranco Road,Lisa Velasquez,68,7,Drive Thru,,9/14/25 10:36 AM,9/14/25 10:42 AM,5 minutes and 36 seconds,KDS - Login Don't Delete
12060 Potranco Road,Lisa Velasquez,68,7,Drinks,,9/14/25 10:36 AM,9/14/25 10:42 AM,5 minutes and 36 seconds,KDS - Login Don't Delete
12060 Potranco Road,siri quiroz,97,,,1,9/14/25 10:41 AM,9/14/25 10:43 AM,1 minute and 53 seconds,KDS - Login Don't Delete
12060 Potranco Road,Lisa Velasquez,68,7,,1,9/14/25 10:32 AM,9/14/25 10:43 AM,11 minutes and 15 seconds,KDS - Login Don't Delete
12060 Potranco Road,siri quiroz,110,,,1,9/14/25 10:39 AM,9/14/25 10:46 AM,6 minutes and 54 seconds,KDS - Login Don't Delete
12060 Potranco Road,siri quiroz,114,,Drive Thru,,9/14/25 10:42 AM,9/14/25 10:47 AM,4 minutes and 16 seconds,KDS - Login Don't Delete
12060 Potranco Road,siri quiroz,114,,Food,,9/14/25 10:42 AM,9/14/25 10:47 AM,4 minutes and 16 seconds,KDS - Login Don't Delete
12060 Potranco Road,siri quiroz,114,,,1,9/14/25 10:47 AM,9/14/25 10:48 AM,1 minute and 7 seconds,KDS - Login Don't Delete
12060 Potranco Road,Mario Jimenez,111,,Drive Thru,,9/14/25 10:40 AM,9/14/25 10:48 AM,8 minutes and 23 seconds,KDS - Login Don't Delete
12060 Potranco Road,Mario Jimenez,111,,Food,,9/14/25 10:40 AM,9/14/25 10:48 AM,8 minutes and 23 seconds,KDS - Login Don't Delete
12060 Potranco Road,Sugey Cabrera,102,21,,1,9/14/25 10:34 AM,9/14/25 10:49 AM,15 minutes and 14 seconds,KDS - Login Don't Delete
12060 Potranco Road,Lisa Velasquez,109,25,,1,9/14/25 10:35 AM,9/14/25 10:49 AM,13 minutes and 36 seconds,KDS - Login Don't Delete
12060 Potranco Road,Emanuel Sanchez,107,2,,1,9/14/25 10:40 AM,9/14/25 10:49 AM,8 minutes and 43 seconds,KDS - Login Don't Delete
12060 Potranco Road,Lisa Velasquez,68,7,,1,9/14/25 10:42 AM,9/14/25 10:49 AM,6 minutes and 53 seconds,KDS - Login Don't Delete
12060 Potranco Road,Lisa Velasquez,68,7,Food,,9/14/25 10:45 AM,9/14/25 10:50 AM,4 minutes and 45 seconds,KDS - Login Don't Delete
12060 Potranco Road,Mario Jimenez,112,,Drive Thru,,9/14/25 10:42 AM,9/14/25 10:52 AM,10 minutes and 22 seconds,KDS - Login Don't Delete
12060 Potranco Road,Mario Jimenez,112,,Food,,9/14/25 10:42 AM,9/14/25 10:52 AM,10 minutes and 22 seconds,KDS - Login Don't Delete
12060 Potranco Road,Mario Jimenez,115,,Drive Thru,,9/14/25 10:42 AM,9/14/25 10:53 AM,10 minutes and 27 seconds,KDS - Login Don't Delete
12060 Potranco Road,Mario Jimenez,115,,Food,,9/14/25 10:42 AM,9/14/25 10:53 AM,10 minutes and 27 seconds,KDS - Login Don't Delete
12060 Potranco Road,Lisa Velasquez,68,7,,1,9/14/25 10:50 AM,9/14/25 10:53 AM,3 minutes and 32 seconds,KDS - Login Don't Delete
12060 Potranco Road,Adrian Morales,121,26,No Print,,9/14/25 10:45 AM,9/14/25 10:53 AM,8 minutes and 9 seconds,KDS - Login Don't Delete
12060 Potranco Road,Adrian Morales,121,26,Food,,9/14/25 10:45 AM,9/14/25 10:53 AM,8 minutes and 9 seconds,KDS - Login Don't Delete
12060 Potranco Road,Sugey Cabrera,127,,Drive Thru,,9/14/25 10:51 AM,9/14/25 10:53 AM,2 minutes and 6 seconds,KDS - Login Don't Delete
12060 Potranco Road,Sugey Cabrera,127,,Food,,9/14/25 10:51 AM,9/14/25 10:53 AM,2 minutes and 6 seconds,KDS - Login Don't Delete
12060 Potranco Road,Mario Jimenez,123,,Drive Thru,,9/14/25 10:51 AM,9/14/25 10:53 AM,2 minutes and 17 seconds,KDS - Login Don't Delete
12060 Potranco Road,Mario Jimenez,123,,Food,,9/14/25 10:51 AM,9/14/25 10:53 AM,2 minutes and 17 seconds,KDS - Login Don't Delete
12060 Potranco Road,Sugey Cabrera,124,18,No Print,,9/14/25 10:49 AM,9/14/25 10:54 AM,5 minutes and 6 seconds,KDS - Login Don't Delete
12060 Potranco Road,Sugey Cabrera,124,18,Food,,9/14/25 10:49 AM,9/14/25 10:54 AM,5 minutes and 6 seconds,KDS - Login Don't Delete
12060 Potranco Road,siri quiroz,118,,Drive Thru,,9/14/25 10:44 AM,9/14/25 10:55 AM,11 minutes and 5 seconds,KDS - Login Don't Delete
12060 Potranco Road,siri quiroz,118,,Food,,9/14/25 10:44 AM,9/14/25 10:55 AM,11 minutes and 5 seconds,KDS - Login Don't Delete
12060 Potranco Road,Angelique Jacobo,116,15,No Print,,9/14/25 10:49 AM,9/14/25 10:56 AM,6 minutes and 23 seconds,KDS - Login Don't Delete
12060 Potranco Road,Angelique Jacobo,116,15,Food,,9/14/25 10:49 AM,9/14/25 10:56 AM,6 minutes and 23 seconds,KDS - Login Don't Delete
12060 Potranco Road,Sugey Cabrera,124,18,,1,9/14/25 10:54 AM,9/14/25 10:56 AM,1 minute and 51 seconds,KDS - Login Don't Delete
12060 Potranco Road,Angelique Jacobo,98,4,No Print,,9/14/25 10:53 AM,9/14/25 10:57 AM,4 minutes and 13 seconds,KDS - Login Don't Delete
12060 Potranco Road,Angelique Jacobo,98,4,Food,,9/14/25 10:53 AM,9/14/25 10:57 AM,4 minutes and 13 seconds,KDS - Login Don't Delete
12060 Potranco Road,Mario Jimenez,117,,Drive Thru,,9/14/25 10:43 AM,9/14/25 10:57 AM,14 minutes and 13 seconds,KDS - Login Don't Delete
12060 Potranco Road,Mario Jimenez,117,,Food,,9/14/25 10:43 AM,9/14/25 10:57 AM,14 minutes and 13 seconds,KDS - Login Don't Delete
12060 Potranco Road,Adrian Morales,121,26,,1,9/14/25 10:53 AM,9/14/25 10:59 AM,5 minutes and 25 seconds,KDS - Login Don't Delete
12060 Potranco Road,siri quiroz,118,,,1,9/14/25 10:55 AM,9/14/25 10:59 AM,3 minutes and 44 seconds,KDS - Login Don't Delete
12060 Potranco Road,Mario Jimenez,119,,Drive Thru,,9/14/25 10:44 AM,9/14/25 10:59 AM,15 minutes and 50 seconds,KDS - Login Don't Delete
12060 Potranco Road,Mario Jimenez,119,,Food,,9/14/25 10:44 AM,9/14/25 10:59 AM,15 minutes and 50 seconds,KDS - Login Don't Delete
12060 Potranco Road,Angelique Jacobo,116,15,,1,9/14/25 10:56 AM,9/14/25 11:00 AM,4 minutes and 2 seconds,KDS - Login Don't Delete
12060 Potranco Road,Mario Jimenez,120,,Drive Thru,,9/14/25 10:44 AM,9/14/25 11:00 AM,15 minutes and 59 seconds,KDS - Login Don't Delete
12060 Potranco Road,Mario Jimenez,120,,Food,,9/14/25 10:44 AM,9/14/25 11:00 AM,15 minutes and 59 seconds,KDS - Login Don't Delete
12060 Potranco Road,Mario Jimenez,130,,Drive Thru,,9/14/25 10:58 AM,9/14/25 11:01 AM,2 minutes and 41 seconds,KDS - Login Don't Delete
12060 Potranco Road,Mario Jimenez,130,,Food,,9/14/25 10:58 AM,9/14/25 11:01 AM,2 minutes and 41 seconds,KDS - Login Don't Delete
12060 Potranco Road,Leticia Roman,125,27,No Print,,9/14/25 10:51 AM,9/14/25 11:01 AM,9 minutes and 38 seconds,KDS - Login Don't Delete
12060 Potranco Road,Leticia Roman,125,27,Food,,9/14/25 10:51 AM,9/14/25 11:01 AM,9 minutes and 38 seconds,KDS - Login Don't Delete
12060 Potranco Road,Leticia Roman,125,27,Drive Thru,,9/14/25 10:51 AM,9/14/25 11:01 AM,9 minutes and 38 seconds,KDS - Login Don't Delete
12060 Potranco Road,Emanuel Sanchez,126,12,No Print,,9/14/25 10:54 AM,9/14/25 11:01 AM,6 minutes and 39 seconds,KDS - Login Don't Delete
12060 Potranco Road,Emanuel Sanchez,126,12,Food,,9/14/25 10:54 AM,9/14/25 11:01 AM,6 minutes and 39 seconds,KDS - Login Don't Delete
12060 Potranco Road,Emanuel Sanchez,126,12,,1,9/14/25 11:01 AM,9/14/25 11:02 AM,48 seconds,KDS - Login Don't Delete
12060 Potranco Road,Mario Jimenez,123,,,1,9/14/25 10:53 AM,9/14/25 11:04 AM,10 minutes and 26 seconds,KDS - Login Don't Delete
12060 Potranco Road,Mario Jimenez,122,,Drive Thru,,9/14/25 10:51 AM,9/14/25 11:04 AM,12 minutes and 18 seconds,KDS - Login Don't Delete
12060 Potranco Road,Mario Jimenez,122,,Food,,9/14/25 10:51 AM,9/14/25 11:04 AM,12 minutes and 18 seconds,KDS - Login Don't Delete
12060 Potranco Road,Mario Jimenez,133,,Drive Thru,,9/14/25 11:04 AM,9/14/25 11:06 AM,2 minutes and 25 seconds,KDS - Login Don't Delete
12060 Potranco Road,Mario Jimenez,133,,Food,,9/14/25 11:04 AM,9/14/25 11:06 AM,2 minutes and 25 seconds,KDS - Login Don't Delete
12060 Potranco Road,Mario Jimenez,132,,Drive Thru,,9/14/25 11:02 AM,9/14/25 11:07 AM,4 minutes and 44 seconds,KDS - Login Don't Delete
12060 Potranco Road,Mario Jimenez,132,,Food,,9/14/25 11:02 AM,9/14/25 11:07 AM,4 minutes and 44 seconds,KDS - Login Don't Delete
12060 Potranco Road,Mario Jimenez,131,,Drive Thru,,9/14/25 11:01 AM,9/14/25 11:08 AM,6 minutes and 58 seconds,KDS - Login Don't Delete
12060 Potranco Road,Mario Jimenez,131,,Food,,9/14/25 11:01 AM,9/14/25 11:08 AM,6 minutes and 58 seconds,KDS - Login Don't Delete
12060 Potranco Road,Mario Jimenez,133,,Drive Thru,,9/14/25 11:04 AM,9/14/25 11:09 AM,5 minutes and 8 seconds,KDS - Login Don't Delete
12060 Potranco Road,Mario Jimenez,133,,Food,,9/14/25 11:04 AM,9/14/25 11:09 AM,5 minutes and 8 seconds,KDS - Login Don't Delete
12060 Potranco Road,Mario Jimenez,134,,Drive Thru,,9/14/25 11:05 AM,9/14/25 11:11 AM,5 minutes and 50 seconds,KDS - Login Don't Delete
12060 Potranco Road,Mario Jimenez,134,,Food,,9/14/25 11:05 AM,9/14/25 11:11 AM,5 minutes and 50 seconds,KDS - Login Don't Delete
12060 Potranco Road,Lisa Velasquez,135,22,No Print,,9/14/25 11:05 AM,9/14/25 11:12 AM,6 minutes and 48 seconds,KDS - Login Don't Delete
12060 Potranco Road,Lisa Velasquez,135,22,Food,,9/14/25 11:05 AM,9/14/25 11:12 AM,6 minutes and 48 seconds,KDS - Login Don't Delete
12060 Potranco Road,Mario Jimenez,136,,Drive Thru,,9/14/25 11:08 AM,9/14/25 11:12 AM,4 minutes and 15 seconds,KDS - Login Don't Delete
12060 Potranco Road,Mario Jimenez,136,,Food,,9/14/25 11:08 AM,9/14/25 11:12 AM,4 minutes and 15 seconds,KDS - Login Don't Delete
12060 Potranco Road,Mario Jimenez,140,,Drive Thru,,9/14/25 11:10 AM,9/14/25 11:13 AM,3 minutes,KDS - Login Don't Delete
12060 Potranco Road,Mario Jimenez,140,,Food,,9/14/25 11:10 AM,9/14/25 11:13 AM,3 minutes,KDS - Login Don't Delete
12060 Potranco Road,Lisa Velasquez,135,22,,1,9/14/25 11:12 AM,9/14/25 11:14 AM,1 minute and 43 seconds,KDS - Login Don't Delete
12060 Potranco Road,Leticia Roman,125,27,,1,9/14/25 11:01 AM,9/14/25 11:14 AM,13 minutes and 7 seconds,KDS - Login Don't Delete
12060 Potranco Road,Sugey Cabrera,127,,,1,9/14/25 10:53 AM,9/14/25 11:14 AM,20 minutes and 42 seconds,KDS - Login Don't Delete
12060 Potranco Road,Angelique Jacobo,98,4,,1,9/14/25 10:57 AM,9/14/25 11:14 AM,16 minutes and 51 seconds,KDS - Login Don't Delete
12060 Potranco Road,Mario Jimenez,144,,Drive Thru,,9/14/25 11:12 AM,9/14/25 11:17 AM,4 minutes and 32 seconds,KDS - Login Don't Delete
12060 Potranco Road,Mario Jimenez,144,,Food,,9/14/25 11:12 AM,9/14/25 11:17 AM,4 minutes and 32 seconds,KDS - Login Don't Delete
12060 Potranco Road,Adrian Morales,145,16,No Print,,9/14/25 11:11 AM,9/14/25 11:18 AM,6 minutes and 20 seconds,KDS - Login Don't Delete
12060 Potranco Road,Adrian Morales,145,16,Food,,9/14/25 11:11 AM,9/14/25 11:18 AM,6 minutes and 20 seconds,KDS - Login Don't Delete
12060 Potranco Road,Sugey Cabrera,143,3,No Print,,9/14/25 11:10 AM,9/14/25 11:20 AM,9 minutes and 33 seconds,KDS - Login Don't Delete
12060 Potranco Road,Sugey Cabrera,143,3,Food,,9/14/25 11:10 AM,9/14/25 11:20 AM,9 minutes and 33 seconds,KDS - Login Don't Delete
12060 Potranco Road,Mario Jimenez,146,,Drive Thru,,9/14/25 11:14 AM,9/14/25 11:20 AM,6 minutes and 19 seconds,KDS - Login Don't Delete
12060 Potranco Road,Mario Jimenez,146,,Food,,9/14/25 11:14 AM,9/14/25 11:20 AM,6 minutes and 19 seconds,KDS - Login Don't Delete
12060 Potranco Road,Leticia Roman,141,23,No Print,,9/14/25 11:12 AM,9/14/25 11:21 AM,8 minutes and 59 seconds,KDS - Login Don't Delete
12060 Potranco Road,Leticia Roman,141,23,Food,,9/14/25 11:12 AM,9/14/25 11:21 AM,8 minutes and 59 seconds,KDS - Login Don't Delete
12060 Potranco Road,Mario Jimenez,149,,Drive Thru,,9/14/25 11:16 AM,9/14/25 11:21 AM,5 minutes and 50 seconds,KDS - Login Don't Delete
12060 Potranco Road,Mario Jimenez,149,,Food,,9/14/25 11:16 AM,9/14/25 11:21 AM,5 minutes and 50 seconds,KDS - Login Don't Delete
12060 Potranco Road,Angelique Jacobo,139,8,,1,9/14/25 11:11 AM,9/14/25 11:22 AM,11 minutes and 18 seconds,KDS - Login Don't Delete
12060 Potranco Road,Sugey Cabrera,155,11,No Print,,9/14/25 11:18 AM,9/14/25 11:23 AM,5 minutes,KDS - Login Don't Delete
12060 Potranco Road,Sugey Cabrera,155,11,Food,,9/14/25 11:18 AM,9/14/25 11:23 AM,5 minutes,KDS - Login Don't Delete
12060 Potranco Road,Mario Jimenez,148,,Drive Thru,,9/14/25 11:15 AM,9/14/25 11:23 AM,7 minutes and 50 seconds,KDS - Login Don't Delete
12060 Potranco Road,Mario Jimenez,148,,Food,,9/14/25 11:15 AM,9/14/25 11:23 AM,7 minutes and 50 seconds,KDS - Login Don't Delete
12060 Potranco Road,Mario Jimenez,157,,Drive Thru,,9/14/25 11:21 AM,9/14/25 11:25 AM,4 minutes and 10 seconds,KDS - Login Don't Delete
12060 Potranco Road,Mario Jimenez,157,,Food,,9/14/25 11:21 AM,9/14/25 11:25 AM,4 minutes and 10 seconds,KDS - Login Don't Delete
12060 Potranco Road,Sugey Cabrera,143,3,,1,9/14/25 11:20 AM,9/14/25 11:25 AM,5 minutes and 38 seconds,KDS - Login Don't Delete
12060 Potranco Road,Sugey Cabrera,155,11,,1,9/14/25 11:23 AM,9/14/25 11:25 AM,2 minutes and 38 seconds,KDS - Login Don't Delete
12060 Potranco Road,Adrian Morales,145,16,,1,9/14/25 11:18 AM,9/14/25 11:26 AM,7 minutes and 59 seconds,KDS - Login Don't Delete
12060 Potranco Road,Leticia Roman,141,23,,1,9/14/25 11:21 AM,9/14/25 11:26 AM,4 minutes and 22 seconds,KDS - Login Don't Delete
12060 Potranco Road,Mario Jimenez,157,,Drive Thru,,9/14/25 11:20 AM,9/14/25 11:26 AM,6 minutes and 29 seconds,KDS - Login Don't Delete
12060 Potranco Road,Mario Jimenez,157,,Food,,9/14/25 11:20 AM,9/14/25 11:26 AM,6 minutes and 29 seconds,KDS - Login Don't Delete
12060 Potranco Road,Mario Jimenez,157,,No Print,,9/14/25 11:20 AM,9/14/25 11:26 AM,6 minutes and 29 seconds,KDS - Login Don't Delete
12060 Potranco Road,Mario Jimenez,157,,Drinks,,9/14/25 11:20 AM,9/14/25 11:26 AM,6 minutes and 29 seconds,KDS - Login Don't Delete
12060 Potranco Road,Lisa Velasquez,142,1,,1,9/14/25 11:14 AM,9/14/25 11:26 AM,12 minutes and 31 seconds,KDS - Login Don't Delete
12060 Potranco Road,Mario Jimenez,152,,Drive Thru,,9/14/25 11:17 AM,9/14/25 11:27 AM,9 minutes and 33 seconds,KDS - Login Don't Delete
12060 Potranco Road,Mario Jimenez,152,,Food,,9/14/25 11:17 AM,9/14/25 11:27 AM,9 minutes and 33 seconds,KDS - Login Don't Delete
12060 Potranco Road,Adrian Morales,147,6,No Print,,9/14/25 11:14 AM,9/14/25 11:27 AM,12 minutes and 53 seconds,KDS - Login Don't Delete
12060 Potranco Road,Adrian Morales,147,6,Food,,9/14/25 11:14 AM,9/14/25 11:27 AM,12 minutes and 53 seconds,KDS - Login Don't Delete
12060 Potranco Road,Adrian Morales,147,6,,1,9/14/25 11:27 AM,9/14/25 11:28 AM,55 seconds,KDS - Login Don't Delete
12060 Potranco Road,Mario Jimenez,159,,Drive Thru,,9/14/25 11:22 AM,9/14/25 11:29 AM,6 minutes and 15 seconds,KDS - Login Don't Delete
12060 Potranco Road,Mario Jimenez,159,,Food,,9/14/25 11:22 AM,9/14/25 11:29 AM,6 minutes and 15 seconds,KDS - Login Don't Delete
12060 Potranco Road,Leticia Roman,154,17,No Print,,9/14/25 11:24 AM,9/14/25 11:29 AM,5 minutes and 1 second,KDS - Login Don't Delete
12060 Potranco Road,Leticia Roman,154,17,Food,,9/14/25 11:24 AM,9/14/25 11:29 AM,5 minutes and 1 second,KDS - Login Don't Delete
12060 Potranco Road,Adrian Morales,161,21,No Print,,9/14/25 11:24 AM,9/14/25 11:30 AM,5 minutes and 25 seconds,KDS - Login Don't Delete
12060 Potranco Road,Adrian Morales,161,21,Food,,9/14/25 11:24 AM,9/14/25 11:30 AM,5 minutes and 25 seconds,KDS - Login Don't Delete
12060 Potranco Road,Leticia Roman,154,17,,1,9/14/25 11:29 AM,9/14/25 11:30 AM,1 minute and 2 seconds,KDS - Login Don't Delete
12060 Potranco Road,Mario Jimenez,160,,Drive Thru,,9/14/25 11:29 AM,9/14/25 11:31 AM,2 minutes and 36 seconds,KDS - Login Don't Delete
12060 Potranco Road,Mario Jimenez,160,,Food,,9/14/25 11:29 AM,9/14/25 11:31 AM,2 minutes and 36 seconds,KDS - Login Don't Delete
12060 Potranco Road,Mario Jimenez,164,,Drive Thru,,9/14/25 11:30 AM,9/14/25 11:34 AM,3 minutes and 37 seconds,KDS - Login Don't Delete
12060 Potranco Road,Mario Jimenez,164,,Food,,9/14/25 11:30 AM,9/14/25 11:34 AM,3 minutes and 37 seconds,KDS - Login Don't Delete
12060 Potranco Road,Adrian Morales,161,21,,1,9/14/25 11:30 AM,9/14/25 11:34 AM,4 minutes and 9 seconds,KDS - Login Don't Delete
12060 Potranco Road,Mario Jimenez,165,,Drive Thru,,9/14/25 11:32 AM,9/14/25 11:34 AM,2 minutes and 36 seconds,KDS - Login Don't Delete
12060 Potranco Road,Mario Jimenez,165,,Food,,9/14/25 11:32 AM,9/14/25 11:34 AM,2 minutes and 36 seconds,KDS - Login Don't Delete
12060 Potranco Road,Emanuel Sanchez,158,35,No Print,,9/14/25 11:25 AM,9/14/25 11:36 AM,11 minutes and 41 seconds,KDS - Login Don't Delete
12060 Potranco Road,Emanuel Sanchez,158,35,Food,,9/14/25 11:25 AM,9/14/25 11:36 AM,11 minutes and 41 seconds,KDS - Login Don't Delete
12060 Potranco Road,Mario Jimenez,166,,Drive Thru,,9/14/25 11:34 AM,9/14/25 11:37 AM,3 minutes and 31 seconds,KDS - Login Don't Delete
12060 Potranco Road,Mario Jimenez,166,,Food,,9/14/25 11:34 AM,9/14/25 11:37 AM,3 minutes and 31 seconds,KDS - Login Don't Delete
12060 Potranco Road,Emanuel Sanchez,158,35,,1,9/14/25 11:36 AM,9/14/25 11:38 AM,1 minute and 9 seconds,KDS - Login Don't Delete
12060 Potranco Road,Emanuel Sanchez,151,14,No Print,,9/14/25 11:29 AM,9/14/25 11:41 AM,11 minutes and 36 seconds,KDS - Login Don't Delete
12060 Potranco Road,Emanuel Sanchez,151,14,Food,,9/14/25 11:29 AM,9/14/25 11:41 AM,11 minutes and 36 seconds,KDS - Login Don't Delete
12060 Potranco Road,Lisa Velasquez,162,2,No Print,,9/14/25 11:25 AM,9/14/25 11:41 AM,15 minutes and 51 seconds,KDS - Login Don't Delete
12060 Potranco Road,Lisa Velasquez,162,2,Food,,9/14/25 11:25 AM,9/14/25 11:41 AM,15 minutes and 51 seconds,KDS - Login Don't Delete
12060 Potranco Road,Sugey Cabrera,171,7,,1,9/14/25 11:36 AM,9/14/25 11:41 AM,5 minutes and 14 seconds,KDS - Login Don't Delete
12060 Potranco Road,Emanuel Sanchez,151,14,,1,9/14/25 11:41 AM,9/14/25 11:42 AM,1 minute and 31 seconds,KDS - Login Don't Delete
12060 Potranco Road,Mario Jimenez,170,,Drive Thru,,9/14/25 11:40 AM,9/14/25 11:42 AM,2 minutes and 39 seconds,KDS - Login Don't Delete
12060 Potranco Road,Mario Jimenez,170,,Food,,9/14/25 11:40 AM,9/14/25 11:42 AM,2 minutes and 39 seconds,KDS - Login Don't Delete
12060 Potranco Road,siri quiroz,169,,Drive Thru,,9/14/25 11:36 AM,9/14/25 11:43 AM,6 minutes and 23 seconds,KDS - Login Don't Delete
12060 Potranco Road,siri quiroz,169,,Food,,9/14/25 11:36 AM,9/14/25 11:43 AM,6 minutes and 23 seconds,KDS - Login Don't Delete
12060 Potranco Road,Angelique Jacobo,156,20,No Print,,9/14/25 11:30 AM,9/14/25 11:43 AM,12 minutes and 36 seconds,KDS - Login Don't Delete
12060 Potranco Road,Angelique Jacobo,156,20,Food,,9/14/25 11:30 AM,9/14/25 11:43 AM,12 minutes and 36 seconds,KDS - Login Don't Delete
12060 Potranco Road,Lisa Velasquez,162,2,,1,9/14/25 11:41 AM,9/14/25 11:43 AM,2 minutes and 23 seconds,KDS - Login Don't Delete
12060 Potranco Road,Angelique Jacobo,156,20,,1,9/14/25 11:43 AM,9/14/25 11:44 AM,1 minute and 31 seconds,KDS - Login Don't Delete
12060 Potranco Road,Angelique Jacobo,163,15,No Print,,9/14/25 11:33 AM,9/14/25 11:47 AM,14 minutes and 8 seconds,KDS - Login Don't Delete
12060 Potranco Road,Angelique Jacobo,163,15,Food,,9/14/25 11:33 AM,9/14/25 11:47 AM,14 minutes and 8 seconds,KDS - Login Don't Delete
12060 Potranco Road,Lisa Velasquez,172,4,No Print,,9/14/25 11:41 AM,9/14/25 11:48 AM,7 minutes and 30 seconds,KDS - Login Don't Delete
12060 Potranco Road,Lisa Velasquez,172,4,Food,,9/14/25 11:41 AM,9/14/25 11:48 AM,7 minutes and 30 seconds,KDS - Login Don't Delete
12060 Potranco Road,Emanuel Sanchez,174,12,No Print,,9/14/25 11:42 AM,9/14/25 11:49 AM,7 minutes and 31 seconds,KDS - Login Don't Delete
12060 Potranco Road,Emanuel Sanchez,174,12,Food,,9/14/25 11:42 AM,9/14/25 11:49 AM,7 minutes and 31 seconds,KDS - Login Don't Delete
12060 Potranco Road,Mario Jimenez,173,,Drive Thru,,9/14/25 11:47 AM,9/14/25 11:49 AM,2 minutes and 30 seconds,KDS - Login Don't Delete
12060 Potranco Road,Mario Jimenez,173,,Food,,9/14/25 11:47 AM,9/14/25 11:49 AM,2 minutes and 30 seconds,KDS - Login Don't Delete
12060 Potranco Road,Angelique Jacobo,163,15,,1,9/14/25 11:47 AM,9/14/25 11:50 AM,2 minutes and 47 seconds,KDS - Login Don't Delete
12060 Potranco Road,Leticia Roman,167,18,No Print,,9/14/25 11:37 AM,9/14/25 11:51 AM,13 minutes and 38 seconds,KDS - Login Don't Delete
12060 Potranco Road,Leticia Roman,167,18,Food,,9/14/25 11:37 AM,9/14/25 11:51 AM,13 minutes and 38 seconds,KDS - Login Don't Delete
12060 Potranco Road,Mario Jimenez,176,,Drive Thru,,9/14/25 11:48 AM,9/14/25 11:52 AM,4 minutes and 38 seconds,KDS - Login Don't Delete
12060 Potranco Road,Mario Jimenez,176,,Food,,9/14/25 11:48 AM,9/14/25 11:52 AM,4 minutes and 38 seconds,KDS - Login Don't Delete
12060 Potranco Road,Mario Jimenez,178,,Drive Thru,,9/14/25 11:48 AM,9/14/25 11:52 AM,4 minutes and 24 seconds,KDS - Login Don't Delete
12060 Potranco Road,Mario Jimenez,178,,Food,,9/14/25 11:48 AM,9/14/25 11:52 AM,4 minutes and 24 seconds,KDS - Login Don't Delete
12060 Potranco Road,Mario Jimenez,179,,Drive Thru,,9/14/25 11:55 AM,9/14/25 11:55 AM,38 seconds,KDS - Login Don't Delete
12060 Potranco Road,Mario Jimenez,179,,Food,,9/14/25 11:55 AM,9/14/25 11:55 AM,38 seconds,KDS - Login Don't Delete
12060 Potranco Road,Emanuel Sanchez,174,12,,1,9/14/25 11:49 AM,9/14/25 11:56 AM,6 minutes and 41 seconds,KDS - Login Don't Delete
12060 Potranco Road,Mario Jimenez,182,,Drive Thru,,9/14/25 11:56 AM,9/14/25 11:59 AM,3 minutes and 27 seconds,KDS - Login Don't Delete
12060 Potranco Road,Mario Jimenez,182,,Food,,9/14/25 11:56 AM,9/14/25 11:59 AM,3 minutes and 27 seconds,KDS - Login Don't Delete
12060 Potranco Road,siri quiroz,169,,,1,9/14/25 11:43 AM,9/14/25 12:00 PM,16 minutes and 59 seconds,KDS - Login Don't Delete
12060 Potranco Road,Leticia Roman,167,18,,1,9/14/25 11:51 AM,9/14/25 12:00 PM,8 minutes and 49 seconds,KDS - Login Don't Delete
12060 Potranco Road,Lisa Velasquez,172,4,,1,9/14/25 11:48 AM,9/14/25 12:00 PM,11 minutes and 35 seconds,KDS - Login Don't Delete
12060 Potranco Road,Angelique Jacobo,175,27,No Print,,9/14/25 11:57 AM,9/14/25 12:00 PM,3 minutes and 37 seconds,KDS - Login Don't Delete
12060 Potranco Road,Angelique Jacobo,175,27,Food,,9/14/25 11:57 AM,9/14/25 12:00 PM,3 minutes and 37 seconds,KDS - Login Don't Delete
12060 Potranco Road,Angelique Jacobo,175,27,No Print,,9/14/25 11:55 AM,9/14/25 12:01 PM,5 minutes and 26 seconds,KDS - Login Don't Delete
12060 Potranco Road,Angelique Jacobo,175,27,Food,,9/14/25 11:55 AM,9/14/25 12:01 PM,5 minutes and 26 seconds,KDS - Login Don't Delete
12060 Potranco Road,Angelique Jacobo,175,27,Drive Thru,,9/14/25 11:55 AM,9/14/25 12:01 PM,5 minutes and 26 seconds,KDS - Login Don't Delete
12060 Potranco Road,Mario Jimenez,183,,Drive Thru,,9/14/25 11:58 AM,9/14/25 12:01 PM,3 minutes and 2 seconds,KDS - Login Don't Delete
12060 Potranco Road,Mario Jimenez,183,,Food,,9/14/25 11:58 AM,9/14/25 12:01 PM,3 minutes and 2 seconds,KDS - Login Don't Delete
12060 Potranco Road,Emanuel Sanchez,186,31,No Print,,9/14/25 12:00 PM,9/14/25 12:03 PM,3 minutes and 1 second,KDS - Login Don't Delete
12060 Potranco Road,Emanuel Sanchez,186,31,Food,,9/14/25 12:00 PM,9/14/25 12:03 PM,3 minutes and 1 second,KDS - Login Don't Delete
12060 Potranco Road,Mario Jimenez,187,,Drive Thru,,9/14/25 12:00 PM,9/14/25 12:03 PM,2 minutes and 58 seconds,KDS - Login Don't Delete
12060 Potranco Road,Mario Jimenez,187,,Food,,9/14/25 12:00 PM,9/14/25 12:03 PM,2 minutes and 58 seconds,KDS - Login Don't Delete
12060 Potranco Road,Mario Jimenez,181,,Drive Thru,,9/14/25 11:55 AM,9/14/25 12:03 PM,7 minutes and 49 seconds,KDS - Login Don't Delete
12060 Potranco Road,Mario Jimenez,181,,Food,,9/14/25 11:55 AM,9/14/25 12:03 PM,7 minutes and 49 seconds,KDS - Login Don't Delete
12060 Potranco Road,Adrian Morales,192,23,No Print,,9/14/25 12:00 PM,9/14/25 12:03 PM,2 minutes and 59 seconds,KDS - Login Don't Delete
12060 Potranco Road,Adrian Morales,192,23,Food,,9/14/25 12:00 PM,9/14/25 12:03 PM,2 minutes and 59 seconds,KDS - Login Don't Delete
12060 Potranco Road,Angelique Jacobo,175,27,,1,9/14/25 12:01 PM,9/14/25 12:03 PM,2 minutes and 51 seconds,KDS - Login Don't Delete
12060 Potranco Road,Adrian Morales,192,23,,1,9/14/25 12:03 PM,9/14/25 12:04 PM,33 seconds,KDS - Login Don't Delete
12060 Potranco Road,Adrian Morales,180,37,Food,,9/14/25 11:53 AM,9/14/25 12:06 PM,12 minutes and 43 seconds,KDS - Login Don't Delete
12060 Potranco Road,Adrian Morales,180,37,No Print,,9/14/25 11:53 AM,9/14/25 12:06 PM,12 minutes and 43 seconds,KDS - Login Don't Delete
12060 Potranco Road,Adrian Morales,180,37,,1,9/14/25 12:06 PM,9/14/25 12:06 PM,53 seconds,KDS - Login Don't Delete
12060 Potranco Road,Mario Jimenez,187,,Drive Thru,,9/14/25 12:05 PM,9/14/25 12:07 PM,1 minute and 36 seconds,KDS - Login Don't Delete
12060 Potranco Road,Mario Jimenez,187,,Food,,9/14/25 12:05 PM,9/14/25 12:07 PM,1 minute and 36 seconds,KDS - Login Don't Delete
12060 Potranco Road,Lisa Velasquez,193,26,No Print,,9/14/25 12:03 PM,9/14/25 12:07 PM,4 minutes and 11 seconds,KDS - Login Don't Delete
12060 Potranco Road,Lisa Velasquez,193,26,Food,,9/14/25 12:03 PM,9/14/25 12:07 PM,4 minutes and 11 seconds,KDS - Login Don't Delete
12060 Potranco Road,Mario Jimenez,190,,Drive Thru,,9/14/25 12:06 PM,9/14/25 12:08 PM,1 minute and 54 seconds,KDS - Login Don't Delete
12060 Potranco Road,Mario Jimenez,190,,Food,,9/14/25 12:06 PM,9/14/25 12:08 PM,1 minute and 54 seconds,KDS - Login Don't Delete
12060 Potranco Road,Emanuel Sanchez,186,31,,1,9/14/25 12:03 PM,9/14/25 12:11 PM,8 minutes and 9 seconds,KDS - Login Don't Delete
12060 Potranco Road,Adrian Morales,180,37,No Print,,9/14/25 12:09 PM,9/14/25 12:12 PM,2 minutes and 28 seconds,KDS - Login Don't Delete
12060 Potranco Road,Adrian Morales,180,37,Food,,9/14/25 12:09 PM,9/14/25 12:12 PM,2 minutes and 28 seconds,KDS - Login Don't Delete
12060 Potranco Road,Sugey Cabrera,188,25,No Print,,9/14/25 12:01 PM,9/14/25 12:13 PM,11 minutes and 57 seconds,KDS - Login Don't Delete
12060 Potranco Road,Lisa Velasquez,193,26,No Print,,9/14/25 12:12 PM,9/14/25 12:13 PM,54 seconds,KDS - Login Don't Delete
12060 Potranco Road,Sugey Cabrera,188,25,Food,,9/14/25 12:01 PM,9/14/25 12:13 PM,11 minutes and 57 seconds,KDS - Login Don't Delete
12060 Potranco Road,Lisa Velasquez,193,26,Food,,9/14/25 12:12 PM,9/14/25 12:13 PM,54 seconds,KDS - Login Don't Delete
12060 Potranco Road,Mario Jimenez,202,,Drive Thru,,9/14/25 12:08 PM,9/14/25 12:14 PM,5 minutes and 43 seconds,KDS - Login Don't Delete
12060 Potranco Road,Mario Jimenez,202,,Food,,9/14/25 12:08 PM,9/14/25 12:14 PM,5 minutes and 43 seconds,KDS - Login Don't Delete
12060 Potranco Road,Mario Jimenez,201,,Drive Thru,,9/14/25 12:07 PM,9/14/25 12:14 PM,6 minutes and 28 seconds,KDS - Login Don't Delete
12060 Potranco Road,Mario Jimenez,201,,Food,,9/14/25 12:07 PM,9/14/25 12:14 PM,6 minutes and 28 seconds,KDS - Login Don't Delete
12060 Potranco Road,Mario Jimenez,206,,Drive Thru,,9/14/25 12:09 PM,9/14/25 12:14 PM,5 minutes and 5 seconds,KDS - Login Don't Delete
12060 Potranco Road,Mario Jimenez,206,,Food,,9/14/25 12:09 PM,9/14/25 12:14 PM,5 minutes and 5 seconds,KDS - Login Don't Delete
12060 Potranco Road,Leticia Roman,205,6,No Print,,9/14/25 12:09 PM,9/14/25 12:17 PM,7 minutes and 45 seconds,KDS - Login Don't Delete
12060 Potranco Road,Leticia Roman,205,6,Food,,9/14/25 12:09 PM,9/14/25 12:17 PM,7 minutes and 45 seconds,KDS - Login Don't Delete
12060 Potranco Road,Sugey Cabrera,199,3,No Print,,9/14/25 12:08 PM,9/14/25 12:20 PM,11 minutes and 37 seconds,KDS - Login Don't Delete
12060 Potranco Road,Sugey Cabrera,199,3,Food,,9/14/25 12:08 PM,9/14/25 12:20 PM,11 minutes and 37 seconds,KDS - Login Don't Delete
12060 Potranco Road,Sugey Cabrera,199,3,Drive Thru,,9/14/25 12:08 PM,9/14/25 12:20 PM,11 minutes and 37 seconds,KDS - Login Don't Delete
12060 Potranco Road,Leticia Roman,205,6,,1,9/14/25 12:17 PM,9/14/25 12:21 PM,4 minutes,KDS - Login Don't Delete
12060 Potranco Road,Lisa Velasquez,193,26,,1,9/14/25 12:13 PM,9/14/25 12:22 PM,9 minutes and 7 seconds,KDS - Login Don't Delete
12060 Potranco Road,Mario Jimenez,209,,Drive Thru,,9/14/25 12:12 PM,9/14/25 12:22 PM,10 minutes and 31 seconds,KDS - Login Don't Delete
12060 Potranco Road,Mario Jimenez,209,,Food,,9/14/25 12:12 PM,9/14/25 12:22 PM,10 minutes and 31 seconds,KDS - Login Don't Delete
12060 Potranco Road,Adrian Morales,180,37,,1,9/14/25 12:12 PM,9/14/25 12:22 PM,10 minutes and 37 seconds,KDS - Login Don't Delete
12060 Potranco Road,Emanuel Sanchez,213,34,No Print,,9/14/25 12:17 PM,9/14/25 12:23 PM,5 minutes and 22 seconds,KDS - Login Don't Delete
12060 Potranco Road,Emanuel Sanchez,213,34,Food,,9/14/25 12:17 PM,9/14/25 12:23 PM,5 minutes and 22 seconds,KDS - Login Don't Delete
12060 Potranco Road,Emanuel Sanchez,213,34,Drive Thru,,9/14/25 12:17 PM,9/14/25 12:23 PM,5 minutes and 22 seconds,KDS - Login Don't Delete
12060 Potranco Road,Emanuel Sanchez,213,34,,1,9/14/25 12:23 PM,9/14/25 12:23 PM,45 seconds,KDS - Login Don't Delete
12060 Potranco Road,Emanuel Sanchez,186,31,No Print,,9/14/25 12:22 PM,9/14/25 12:24 PM,1 minute and 52 seconds,KDS - Login Don't Delete
12060 Potranco Road,Emanuel Sanchez,186,31,Food,,9/14/25 12:22 PM,9/14/25 12:24 PM,1 minute and 52 seconds,KDS - Login Don't Delete
12060 Potranco Road,Leticia Roman,185,16,No Print,,9/14/25 12:12 PM,9/14/25 12:24 PM,11 minutes and 10 seconds,KDS - Login Don't Delete
12060 Potranco Road,Leticia Roman,185,16,Food,,9/14/25 12:12 PM,9/14/25 12:24 PM,11 minutes and 10 seconds,KDS - Login Don't Delete
12060 Potranco Road,Leticia Roman,185,16,Drive Thru,,9/14/25 12:12 PM,9/14/25 12:24 PM,11 minutes and 10 seconds,KDS - Login Don't Delete
12060 Potranco Road,siri quiroz,184,,Drive Thru,,9/14/25 12:00 PM,9/14/25 12:24 PM,24 minutes and 6 seconds,KDS - Login Don't Delete
12060 Potranco Road,siri quiroz,184,,Food,,9/14/25 12:00 PM,9/14/25 12:24 PM,24 minutes and 6 seconds,KDS - Login Don't Delete
12060 Potranco Road,Emanuel Sanchez,186,31,,1,9/14/25 12:24 PM,9/14/25 12:25 PM,1 minute and 10 seconds,KDS - Login Don't Delete
12060 Potranco Road,siri quiroz,184,,,1,9/14/25 12:24 PM,9/14/25 12:25 PM,45 seconds,KDS - Login Don't Delete
12060 Potranco Road,Angelique Jacobo,175,27,,1,9/14/25 12:00 PM,9/14/25 12:25 PM,24 minutes and 45 seconds,KDS - Login Don't Delete
12060 Potranco Road,Leticia Roman,185,16,,1,9/14/25 12:24 PM,9/14/25 12:25 PM,1 minute and 41 seconds,KDS - Login Don't Delete
12060 Potranco Road,Adrian Morales,219,8,No Print,,9/14/25 12:24 PM,9/14/25 12:26 PM,1 minute and 40 seconds,KDS - Login Don't Delete
12060 Potranco Road,Adrian Morales,219,8,Food,,9/14/25 12:24 PM,9/14/25 12:26 PM,1 minute and 40 seconds,KDS - Login Don't Delete
12060 Potranco Road,Mario Jimenez,212,,Drive Thru,,9/14/25 12:16 PM,9/14/25 12:26 PM,9 minutes and 37 seconds,KDS - Login Don't Delete
12060 Potranco Road,Mario Jimenez,212,,Food,,9/14/25 12:16 PM,9/14/25 12:26 PM,9 minutes and 37 seconds,KDS - Login Don't Delete
12060 Potranco Road,Sugey Cabrera,188,25,,1,9/14/25 12:13 PM,9/14/25 12:27 PM,14 minutes and 36 seconds,KDS - Login Don't Delete
12060 Potranco Road,Lisa Velasquez,193,26,,1,9/14/25 12:07 PM,9/14/25 12:27 PM,19 minutes and 50 seconds,KDS - Login Don't Delete
12060 Potranco Road,Mario Jimenez,214,,Drive Thru,,9/14/25 12:17 PM,9/14/25 12:28 PM,10 minutes and 44 seconds,KDS - Login Don't Delete
12060 Potranco Road,Mario Jimenez,214,,Food,,9/14/25 12:17 PM,9/14/25 12:28 PM,10 minutes and 44 seconds,KDS - Login Don't Delete
12060 Potranco Road,Leticia Roman,205,6,No Print,,9/14/25 12:28 PM,9/14/25 12:28 PM,46 seconds,KDS - Login Don't Delete
12060 Potranco Road,Leticia Roman,205,6,Food,,9/14/25 12:28 PM,9/14/25 12:28 PM,46 seconds,KDS - Login Don't Delete
12060 Potranco Road,Adrian Morales,219,8,,1,9/14/25 12:26 PM,9/14/25 12:29 PM,3 minutes and 35 seconds,KDS - Login Don't Delete
12060 Potranco Road,Mario Jimenez,216,,Drive Thru,,9/14/25 12:21 PM,9/14/25 12:31 PM,10 minutes and 5 seconds,KDS - Login Don't Delete
12060 Potranco Road,Mario Jimenez,216,,Food,,9/14/25 12:21 PM,9/14/25 12:31 PM,10 minutes and 5 seconds,KDS - Login Don't Delete
12060 Potranco Road,siri quiroz,204,,,1,9/14/25 12:11 PM,9/14/25 12:32 PM,21 minutes and 1 second,KDS - Login Don't Delete
12060 Potranco Road,Angelique Jacobo,175,27,No Print,,9/14/25 12:23 PM,9/14/25 12:33 PM,9 minutes and 5 seconds,KDS - Login Don't Delete
12060 Potranco Road,Emanuel Sanchez,207,,,1,9/14/25 12:11 PM,9/14/25 12:32 PM,21 minutes and 11 seconds,KDS - Login Don't Delete
12060 Potranco Road,Angelique Jacobo,175,27,Food,,9/14/25 12:23 PM,9/14/25 12:33 PM,9 minutes and 5 seconds,KDS - Login Don't Delete
12060 Potranco Road,Leticia Roman,205,6,,1,9/14/25 12:30 PM,9/14/25 12:33 PM,2 minutes and 38 seconds,KDS - Login Don't Delete
12060 Potranco Road,Mario Jimenez,217,,Drive Thru,,9/14/25 12:23 PM,9/14/25 12:33 PM,10 minutes and 9 seconds,KDS - Login Don't Delete
12060 Potranco Road,Mario Jimenez,217,,Food,,9/14/25 12:23 PM,9/14/25 12:33 PM,10 minutes and 9 seconds,KDS - Login Don't Delete
12060 Potranco Road,Angelique Jacobo,175,27,,1,9/14/25 12:33 PM,9/14/25 12:34 PM,1 minute and 38 seconds,KDS - Login Don't Delete
12060 Potranco Road,Lisa Velasquez,221,35,,1,9/14/25 12:26 PM,9/14/25 12:35 PM,9 minutes and 3 seconds,KDS - Login Don't Delete
12060 Potranco Road,Leticia Roman,205,6,No Print,,9/14/25 12:29 PM,9/14/25 12:35 PM,5 minutes and 42 seconds,KDS - Login Don't Delete
12060 Potranco Road,Leticia Roman,205,6,Food,,9/14/25 12:29 PM,9/14/25 12:35 PM,5 minutes and 42 seconds,KDS - Login Don't Delete
12060 Potranco Road,Mario Jimenez,218,,Drive Thru,,9/14/25 12:25 PM,9/14/25 12:35 PM,10 minutes and 33 seconds,KDS - Login Don't Delete
12060 Potranco Road,Mario Jimenez,218,,Food,,9/14/25 12:25 PM,9/14/25 12:35 PM,10 minutes and 33 seconds,KDS - Login Don't Delete
12060 Potranco Road,Leticia Roman,205,6,,1,9/14/25 12:35 PM,9/14/25 12:35 PM,28 seconds,KDS - Login Don't Delete
12060 Potranco Road,Sugey Cabrera,199,3,,1,9/14/25 12:20 PM,9/14/25 12:35 PM,15 minutes and 58 seconds,KDS - Login Don't Delete
12060 Potranco Road,Mario Jimenez,220,,Drive Thru,,9/14/25 12:28 PM,9/14/25 12:37 PM,9 minutes and 5 seconds,KDS - Login Don't Delete
12060 Potranco Road,Mario Jimenez,220,,Food,,9/14/25 12:28 PM,9/14/25 12:37 PM,9 minutes and 5 seconds,KDS - Login Don't Delete
12060 Potranco Road,Sugey Cabrera,199,3,No Print,,9/14/25 12:34 PM,9/14/25 12:38 PM,3 minutes and 54 seconds,KDS - Login Don't Delete
12060 Potranco Road,Sugey Cabrera,199,3,Food,,9/14/25 12:34 PM,9/14/25 12:38 PM,3 minutes and 54 seconds,KDS - Login Don't Delete
12060 Potranco Road,Mario Jimenez,227,,Drive Thru,,9/14/25 12:34 PM,9/14/25 12:38 PM,4 minutes and 23 seconds,KDS - Login Don't Delete
12060 Potranco Road,Mario Jimenez,227,,Food,,9/14/25 12:34 PM,9/14/25 12:38 PM,4 minutes and 23 seconds,KDS - Login Don't Delete
12060 Potranco Road,siri quiroz,211,,,1,9/14/25 12:16 PM,9/14/25 12:39 PM,23 minutes and 28 seconds,KDS - Login Don't Delete
12060 Potranco Road,Mario Jimenez,228,,Drive Thru,,9/14/25 12:38 PM,9/14/25 12:39 PM,1 minute and 12 seconds,KDS - Login Don't Delete
12060 Potranco Road,Mario Jimenez,228,,Food,,9/14/25 12:38 PM,9/14/25 12:39 PM,1 minute and 12 seconds,KDS - Login Don't Delete
12060 Potranco Road,Angelique Jacobo,231,11,No Print,,9/14/25 12:39 PM,9/14/25 12:40 PM,1 minute,KDS - Login Don't Delete
12060 Potranco Road,Angelique Jacobo,231,11,Food,,9/14/25 12:39 PM,9/14/25 12:40 PM,1 minute,KDS - Login Don't Delete
12060 Potranco Road,Sugey Cabrera,229,12,No Print,,9/14/25 12:36 PM,9/14/25 12:46 PM,9 minutes and 13 seconds,KDS - Login Don't Delete
12060 Potranco Road,Sugey Cabrera,229,12,Food,,9/14/25 12:36 PM,9/14/25 12:46 PM,9 minutes and 13 seconds,KDS - Login Don't Delete
12060 Potranco Road,Sugey Cabrera,199,3,,1,9/14/25 12:38 PM,9/14/25 12:47 PM,9 minutes and 11 seconds,KDS - Login Don't Delete
12060 Potranco Road,Sugey Cabrera,229,12,,1,9/14/25 12:46 PM,9/14/25 12:47 PM,1 minute and 47 seconds,KDS - Login Don't Delete
12060 Potranco Road,Angelique Jacobo,231,11,,1,9/14/25 12:40 PM,9/14/25 12:47 PM,7 minutes and 37 seconds,KDS - Login Don't Delete
12060 Potranco Road,Mario Jimenez,232,,Drive Thru,,9/14/25 12:45 PM,9/14/25 12:48 PM,2 minutes and 59 seconds,KDS - Login Don't Delete
12060 Potranco Road,Mario Jimenez,232,,Food,,9/14/25 12:45 PM,9/14/25 12:48 PM,2 minutes and 59 seconds,KDS - Login Don't Delete
12060 Potranco Road,Mario Jimenez,235,,Drive Thru,,9/14/25 12:47 PM,9/14/25 12:49 PM,1 minute and 29 seconds,KDS - Login Don't Delete
12060 Potranco Road,Mario Jimenez,235,,Food,,9/14/25 12:47 PM,9/14/25 12:49 PM,1 minute and 29 seconds,KDS - Login Don't Delete
12060 Potranco Road,Leticia Roman,205,6,,1,9/14/25 12:28 PM,9/14/25 12:50 PM,21 minutes and 15 seconds,KDS - Login Don't Delete
12060 Potranco Road,Angelique Jacobo,231,11,No Print,,9/14/25 12:42 PM,9/14/25 12:54 PM,11 minutes and 9 seconds,KDS - Login Don't Delete
12060 Potranco Road,Angelique Jacobo,231,11,Food,,9/14/25 12:42 PM,9/14/25 12:54 PM,11 minutes and 9 seconds,KDS - Login Don't Delete
12060 Potranco Road,Sugey Cabrera,229,12,No Print,,9/14/25 12:52 PM,9/14/25 12:54 PM,2 minutes and 15 seconds,KDS - Login Don't Delete
12060 Potranco Road,Sugey Cabrera,229,12,Food,,9/14/25 12:52 PM,9/14/25 12:54 PM,2 minutes and 15 seconds,KDS - Login Don't Delete
12060 Potranco Road,Sugey Cabrera,229,12,No Print,,9/14/25 12:52 PM,9/14/25 12:56 PM,3 minutes and 26 seconds,KDS - Login Don't Delete
12060 Potranco Road,Sugey Cabrera,229,12,Food,,9/14/25 12:52 PM,9/14/25 12:56 PM,3 minutes and 26 seconds,KDS - Login Don't Delete
12060 Potranco Road,Angelique Jacobo,231,11,,1,9/14/25 12:54 PM,9/14/25 12:56 PM,2 minutes and 46 seconds,KDS - Login Don't Delete
12060 Potranco Road,Mario Jimenez,236,,Drive Thru,,9/14/25 12:53 PM,9/14/25 12:58 PM,4 minutes and 16 seconds,KDS - Login Don't Delete
12060 Potranco Road,Mario Jimenez,236,,Food,,9/14/25 12:53 PM,9/14/25 12:58 PM,4 minutes and 16 seconds,KDS - Login Don't Delete
12060 Potranco Road,Mario Jimenez,239,,Drive Thru,,9/14/25 12:56 PM,9/14/25 1:00 PM,3 minutes and 32 seconds,KDS - Login Don't Delete
12060 Potranco Road,Mario Jimenez,239,,Food,,9/14/25 12:56 PM,9/14/25 1:00 PM,3 minutes and 32 seconds,KDS - Login Don't Delete
12060 Potranco Road,Adrian Morales,237,15,No Print,,9/14/25 12:51 PM,9/14/25 1:01 PM,9 minutes and 24 seconds,KDS - Login Don't Delete
12060 Potranco Road,Adrian Morales,237,15,Food,,9/14/25 12:51 PM,9/14/25 1:01 PM,9 minutes and 24 seconds,KDS - Login Don't Delete
12060 Potranco Road,Lisa Velasquez,233,27,No Print,,9/14/25 12:54 PM,9/14/25 1:02 PM,7 minutes and 36 seconds,KDS - Login Don't Delete
12060 Potranco Road,Lisa Velasquez,233,27,Food,,9/14/25 12:54 PM,9/14/25 1:02 PM,7 minutes and 36 seconds,KDS - Login Don't Delete
12060 Potranco Road,Lisa Velasquez,233,27,Drive Thru,,9/14/25 12:54 PM,9/14/25 1:02 PM,7 minutes and 36 seconds,KDS - Login Don't Delete
12060 Potranco Road,Mario Jimenez,241,,Drive Thru,,9/14/25 12:59 PM,9/14/25 1:02 PM,2 minutes and 53 seconds,KDS - Login Don't Delete
12060 Potranco Road,Mario Jimenez,241,,Food,,9/14/25 12:59 PM,9/14/25 1:02 PM,2 minutes and 53 seconds,KDS - Login Don't Delete
12060 Potranco Road,Adrian Morales,237,15,,1,9/14/25 1:01 PM,9/14/25 1:03 PM,2 minutes and 21 seconds,KDS - Login Don't Delete
12060 Potranco Road,Sugey Cabrera,229,12,,1,9/14/25 12:54 PM,9/14/25 1:03 PM,8 minutes and 38 seconds,KDS - Login Don't Delete
12060 Potranco Road,Sugey Cabrera,229,12,,1,9/14/25 12:56 PM,9/14/25 1:03 PM,7 minutes and 33 seconds,KDS - Login Don't Delete
12060 Potranco Road,Lisa Velasquez,233,27,,1,9/14/25 12:54 PM,9/14/25 1:03 PM,8 minutes and 58 seconds,KDS - Login Don't Delete
12060 Potranco Road,Angelique Jacobo,243,2,No Print,,9/14/25 1:03 PM,9/14/25 1:08 PM,5 minutes and 11 seconds,KDS - Login Don't Delete
12060 Potranco Road,Angelique Jacobo,243,2,Food,,9/14/25 1:03 PM,9/14/25 1:08 PM,5 minutes and 11 seconds,KDS - Login Don't Delete
12060 Potranco Road,Angelique Jacobo,243,2,Drive Thru,,9/14/25 1:03 PM,9/14/25 1:08 PM,5 minutes and 11 seconds,KDS - Login Don't Delete
12060 Potranco Road,Angelique Jacobo,243,2,No Print,,9/14/25 1:04 PM,9/14/25 1:08 PM,3 minutes and 45 seconds,KDS - Login Don't Delete
12060 Potranco Road,Angelique Jacobo,243,2,Food,,9/14/25 1:04 PM,9/14/25 1:08 PM,3 minutes and 45 seconds,KDS - Login Don't Delete
12060 Potranco Road,Adrian Morales,240,3,No Print,,9/14/25 1:00 PM,9/14/25 1:08 PM,7 minutes and 38 seconds,KDS - Login Don't Delete
12060 Potranco Road,Adrian Morales,240,3,Food,,9/14/25 1:00 PM,9/14/25 1:08 PM,7 minutes and 38 seconds,KDS - Login Don't Delete
12060 Potranco Road,Mario Jimenez,244,,Drive Thru,,9/14/25 1:05 PM,9/14/25 1:08 PM,2 minutes and 54 seconds,KDS - Login Don't Delete
12060 Potranco Road,Mario Jimenez,244,,Food,,9/14/25 1:05 PM,9/14/25 1:08 PM,2 minutes and 54 seconds,KDS - Login Don't Delete
12060 Potranco Road,Mario Jimenez,247,,Drive Thru,,9/14/25 1:07 PM,9/14/25 1:10 PM,3 minutes and 32 seconds,KDS - Login Don't Delete
12060 Potranco Road,Mario Jimenez,247,,Food,,9/14/25 1:07 PM,9/14/25 1:10 PM,3 minutes and 32 seconds,KDS - Login Don't Delete
12060 Potranco Road,Adrian Morales,240,3,,1,9/14/25 1:08 PM,9/14/25 1:11 PM,2 minutes and 40 seconds,KDS - Login Don't Delete
12060 Potranco Road,Angelique Jacobo,243,2,,1,9/14/25 1:08 PM,9/14/25 1:11 PM,2 minutes and 44 seconds,KDS - Login Don't Delete
12060 Potranco Road,Angelique Jacobo,243,2,,1,9/14/25 1:08 PM,9/14/25 1:11 PM,2 minutes and 42 seconds,KDS - Login Don't Delete
12060 Potranco Road,Angelique Jacobo,243,2,Drive Thru,,9/14/25 1:16 PM,9/14/25 1:18 PM,2 minutes,KDS - Login Don't Delete
12060 Potranco Road,Angelique Jacobo,243,2,Food,,9/14/25 1:16 PM,9/14/25 1:18 PM,2 minutes,KDS - Login Don't Delete
12060 Potranco Road,Angelique Jacobo,243,2,,1,9/14/25 1:18 PM,9/14/25 1:21 PM,2 minutes and 40 seconds,KDS - Login Don't Delete
12060 Potranco Road,Leticia Roman,245,20,No Print,,9/14/25 1:15 PM,9/14/25 1:29 PM,14 minutes and 14 seconds,KDS - Login Don't Delete
12060 Potranco Road,Leticia Roman,245,20,Food,,9/14/25 1:15 PM,9/14/25 1:29 PM,14 minutes and 14 seconds,KDS - Login Don't Delete
12060 Potranco Road,Lisa Velasquez,251,16,No Print,,9/14/25 1:19 PM,9/14/25 1:31 PM,11 minutes and 50 seconds,KDS - Login Don't Delete
12060 Potranco Road,Lisa Velasquez,251,16,Food,,9/14/25 1:19 PM,9/14/25 1:31 PM,11 minutes and 50 seconds,KDS - Login Don't Delete
12060 Potranco Road,Leticia Roman,245,20,,1,9/14/25 1:29 PM,9/14/25 1:31 PM,1 minute and 47 seconds,KDS - Login Don't Delete
12060 Potranco Road,Lisa Velasquez,251,16,,1,9/14/25 1:31 PM,9/14/25 1:33 PM,1 minute and 52 seconds,KDS - Login Don't Delete
12060 Potranco Road,Mario Jimenez,253,,Drive Thru,,9/14/25 1:26 PM,9/14/25 1:33 PM,7 minutes and 12 seconds,KDS - Login Don't Delete
12060 Potranco Road,Mario Jimenez,253,,Food,,9/14/25 1:26 PM,9/14/25 1:33 PM,7 minutes and 12 seconds,KDS - Login Don't Delete
12060 Potranco Road,Sugey Cabrera,249,26,No Print,,9/14/25 1:18 PM,9/14/25 1:34 PM,15 minutes and 52 seconds,KDS - Login Don't Delete
12060 Potranco Road,Sugey Cabrera,249,26,Food,,9/14/25 1:18 PM,9/14/25 1:34 PM,15 minutes and 52 seconds,KDS - Login Don't Delete
12060 Potranco Road,Mario Jimenez,252,,Drive Thru,,9/14/25 1:25 PM,9/14/25 1:35 PM,10 minutes and 11 seconds,KDS - Login Don't Delete
12060 Potranco Road,Mario Jimenez,252,,Food,,9/14/25 1:25 PM,9/14/25 1:35 PM,10 minutes and 11 seconds,KDS - Login Don't Delete
12060 Potranco Road,Mario Jimenez,255,,Drive Thru,,9/14/25 1:30 PM,9/14/25 1:37 PM,6 minutes and 48 seconds,KDS - Login Don't Delete
12060 Potranco Road,Mario Jimenez,255,,Food,,9/14/25 1:30 PM,9/14/25 1:37 PM,6 minutes and 48 seconds,KDS - Login Don't Delete
12060 Potranco Road,Leticia Roman,245,20,Drive Thru,,9/14/25 1:36 PM,9/14/25 1:37 PM,1 minute and 3 seconds,KDS - Login Don't Delete
12060 Potranco Road,Leticia Roman,245,20,Food,,9/14/25 1:36 PM,9/14/25 1:37 PM,1 minute and 3 seconds,KDS - Login Don't Delete
12060 Potranco Road,Sugey Cabrera,249,26,,1,9/14/25 1:34 PM,9/14/25 1:39 PM,5 minutes and 28 seconds,KDS - Login Don't Delete
12060 Potranco Road,Leticia Roman,245,20,,1,9/14/25 1:37 PM,9/14/25 1:39 PM,1 minute and 38 seconds,KDS - Login Don't Delete
12060 Potranco Road,Mario Jimenez,260,,Drive Thru,,9/14/25 1:36 PM,9/14/25 1:40 PM,4 minutes and 29 seconds,KDS - Login Don't Delete
12060 Potranco Road,Mario Jimenez,260,,Food,,9/14/25 1:36 PM,9/14/25 1:40 PM,4 minutes and 29 seconds,KDS - Login Don't Delete
12060 Potranco Road,Sugey Cabrera,257,14,No Print,,9/14/25 1:32 PM,9/14/25 1:41 PM,8 minutes and 20 seconds,KDS - Login Don't Delete
12060 Potranco Road,Sugey Cabrera,257,14,Food,,9/14/25 1:32 PM,9/14/25 1:41 PM,8 minutes and 20 seconds,KDS - Login Don't Delete
12060 Potranco Road,Sugey Cabrera,257,14,,1,9/14/25 1:41 PM,9/14/25 1:41 PM,35 seconds,KDS - Login Don't Delete
12060 Potranco Road,Lisa Velasquez,251,16,No Print,,9/14/25 1:39 PM,9/14/25 1:45 PM,5 minutes and 42 seconds,KDS - Login Don't Delete
12060 Potranco Road,Lisa Velasquez,251,16,Food,,9/14/25 1:39 PM,9/14/25 1:45 PM,5 minutes and 42 seconds,KDS - Login Don't Delete
12060 Potranco Road,Leticia Roman,245,20,,1,9/14/25 1:36 PM,9/14/25 1:45 PM,9 minutes and 22 seconds,KDS - Login Don't Delete
12060 Potranco Road,Lisa Velasquez,251,16,,1,9/14/25 1:45 PM,9/14/25 1:45 PM,26 seconds,KDS - Login Don't Delete
12060 Potranco Road,Mario Jimenez,263,,Drive Thru,,9/14/25 1:42 PM,9/14/25 1:48 PM,5 minutes and 50 seconds,KDS - Login Don't Delete
12060 Potranco Road,Mario Jimenez,263,,Food,,9/14/25 1:42 PM,9/14/25 1:48 PM,5 minutes and 50 seconds,KDS - Login Don't Delete
12060 Potranco Road,Angelique Jacobo,258,4,No Print,,9/14/25 1:41 PM,9/14/25 1:50 PM,9 minutes and 17 seconds,KDS - Login Don't Delete
12060 Potranco Road,Angelique Jacobo,258,4,Food,,9/14/25 1:41 PM,9/14/25 1:50 PM,9 minutes and 17 seconds,KDS - Login Don't Delete
12060 Potranco Road,Mario Jimenez,267,,Drive Thru,,9/14/25 1:48 PM,9/14/25 1:51 PM,3 minutes and 3 seconds,KDS - Login Don't Delete
12060 Potranco Road,Mario Jimenez,267,,Food,,9/14/25 1:48 PM,9/14/25 1:51 PM,3 minutes and 3 seconds,KDS - Login Don't Delete
12060 Potranco Road,Mario Jimenez,265,,Drive Thru,,9/14/25 1:46 PM,9/14/25 1:51 PM,5 minutes and 24 seconds,KDS - Login Don't Delete
12060 Potranco Road,Mario Jimenez,265,,Food,,9/14/25 1:46 PM,9/14/25 1:51 PM,5 minutes and 24 seconds,KDS - Login Don't Delete
12060 Potranco Road,Angelique Jacobo,258,4,,1,9/14/25 1:50 PM,9/14/25 1:53 PM,3 minutes and 28 seconds,KDS - Login Don't Delete
12060 Potranco Road,Mario Jimenez,270,,Drive Thru,,9/14/25 1:51 PM,9/14/25 1:54 PM,2 minutes and 42 seconds,KDS - Login Don't Delete
12060 Potranco Road,Mario Jimenez,270,,Food,,9/14/25 1:51 PM,9/14/25 1:54 PM,2 minutes and 42 seconds,KDS - Login Don't Delete
12060 Potranco Road,Lisa Velasquez,259,7,Food,,9/14/25 1:42 PM,9/14/25 1:54 PM,12 minutes and 14 seconds,KDS - Login Don't Delete
12060 Potranco Road,Lisa Velasquez,259,7,No Print,,9/14/25 1:42 PM,9/14/25 1:54 PM,12 minutes and 14 seconds,KDS - Login Don't Delete
12060 Potranco Road,Angelique Jacobo,254,1,No Print,,9/14/25 1:42 PM,9/14/25 1:54 PM,11 minutes and 45 seconds,KDS - Login Don't Delete
12060 Potranco Road,Angelique Jacobo,254,1,Food,,9/14/25 1:42 PM,9/14/25 1:54 PM,11 minutes and 45 seconds,KDS - Login Don't Delete
12060 Potranco Road,Angelique Jacobo,254,1,,1,9/14/25 1:54 PM,9/14/25 1:55 PM,27 seconds,KDS - Login Don't Delete
12060 Potranco Road,Lisa Velasquez,259,7,,1,9/14/25 1:54 PM,9/14/25 1:55 PM,31 seconds,KDS - Login Don't Delete
12060 Potranco Road,Carlos Morales,274,,Drive Thru,,9/14/25 1:54 PM,9/14/25 2:00 PM,5 minutes and 38 seconds,KDS - Login Don't Delete
12060 Potranco Road,Carlos Morales,274,,Food,,9/14/25 1:54 PM,9/14/25 2:00 PM,5 minutes and 38 seconds,KDS - Login Don't Delete
12060 Potranco Road,Emanuel Sanchez,262,8,No Print,,9/14/25 1:48 PM,9/14/25 2:03 PM,15 minutes and 17 seconds,KDS - Login Don't Delete
12060 Potranco Road,Emanuel Sanchez,262,8,Food,,9/14/25 1:48 PM,9/14/25 2:03 PM,15 minutes and 17 seconds,KDS - Login Don't Delete
12060 Potranco Road,Emanuel Sanchez,262,8,Drive Thru,,9/14/25 1:48 PM,9/14/25 2:03 PM,15 minutes and 17 seconds,KDS - Login Don't Delete
12060 Potranco Road,Emanuel Sanchez,262,8,,1,9/14/25 2:03 PM,9/14/25 2:07 PM,3 minutes and 14 seconds,KDS - Login Don't Delete
12060 Potranco Road,Emanuel Sanchez,262,8,No Print,,9/14/25 2:05 PM,9/14/25 2:07 PM,2 minutes and 9 seconds,KDS - Login Don't Delete
12060 Potranco Road,Emanuel Sanchez,262,8,Food,,9/14/25 2:05 PM,9/14/25 2:07 PM,2 minutes and 9 seconds,KDS - Login Don't Delete
12060 Potranco Road,Emanuel Sanchez,262,8,,1,9/14/25 2:07 PM,9/14/25 2:07 PM,8 seconds,KDS - Login Don't Delete
12060 Potranco Road,Adrian Morales,269,30,No Print,,9/14/25 1:57 PM,9/14/25 2:10 PM,12 minutes and 57 seconds,KDS - Login Don't Delete
12060 Potranco Road,Adrian Morales,269,30,Food,,9/14/25 1:57 PM,9/14/25 2:10 PM,12 minutes and 57 seconds,KDS - Login Don't Delete
12060 Potranco Road,Adrian Morales,269,30,,1,9/14/25 2:10 PM,9/14/25 2:14 PM,4 minutes and 15 seconds,KDS - Login Don't Delete
12060 Potranco Road,Adrian Morales,279,3,No Print,,9/14/25 2:02 PM,9/14/25 2:17 PM,15 minutes and 23 seconds,KDS - Login Don't Delete
12060 Potranco Road,Adrian Morales,279,3,Food,,9/14/25 2:02 PM,9/14/25 2:17 PM,15 minutes and 23 seconds,KDS - Login Don't Delete
12060 Potranco Road,Adrian Morales,279,3,,1,9/14/25 2:17 PM,9/14/25 2:18 PM,40 seconds,KDS - Login Don't Delete
12060 Potranco Road,Sugey Cabrera,282,23,No Print,,9/14/25 2:06 PM,9/14/25 2:22 PM,15 minutes and 35 seconds,KDS - Login Don't Delete
12060 Potranco Road,Sugey Cabrera,282,23,Food,,9/14/25 2:06 PM,9/14/25 2:22 PM,15 minutes and 35 seconds,KDS - Login Don't Delete
12060 Potranco Road,Sugey Cabrera,282,23,Drive Thru,,9/14/25 2:06 PM,9/14/25 2:22 PM,15 minutes and 35 seconds,KDS - Login Don't Delete
12060 Potranco Road,Sugey Cabrera,282,23,Drinks,,9/14/25 2:06 PM,9/14/25 2:22 PM,15 minutes and 35 seconds,KDS - Login Don't Delete
12060 Potranco Road,Sugey Cabrera,282,23,,1,9/14/25 2:22 PM,9/14/25 2:22 PM,21 seconds,KDS - Login Don't Delete
12060 Potranco Road,Carlos Morales,284,,Drive Thru,,9/14/25 2:18 PM,9/14/25 2:24 PM,5 minutes and 38 seconds,KDS - Login Don't Delete
12060 Potranco Road,Carlos Morales,284,,Food,,9/14/25 2:18 PM,9/14/25 2:24 PM,5 minutes and 38 seconds,KDS - Login Don't Delete
12060 Potranco Road,Sugey Cabrera,257,14,,1,9/14/25 2:01 PM,9/14/25 2:25 PM,23 minutes and 47 seconds,KDS - Login Don't Delete
12060 Potranco Road,Carlos Morales,286,,Drive Thru,,9/14/25 2:26 PM,9/14/25 2:29 PM,3 minutes and 1 second,KDS - Login Don't Delete
12060 Potranco Road,Carlos Morales,286,,Food,,9/14/25 2:26 PM,9/14/25 2:29 PM,3 minutes and 1 second,KDS - Login Don't Delete
12060 Potranco Road,Carlos Morales,285,,Drive Thru,,9/14/25 2:22 PM,9/14/25 2:29 PM,6 minutes and 46 seconds,KDS - Login Don't Delete
12060 Potranco Road,Carlos Morales,285,,Food,,9/14/25 2:22 PM,9/14/25 2:29 PM,6 minutes and 46 seconds,KDS - Login Don't Delete
12060 Potranco Road,Sugey Cabrera,288,11,No Print,,9/14/25 2:29 PM,9/14/25 2:36 PM,7 minutes and 26 seconds,KDS - Login Don't Delete
12060 Potranco Road,Sugey Cabrera,288,11,Food,,9/14/25 2:29 PM,9/14/25 2:36 PM,7 minutes and 26 seconds,KDS - Login Don't Delete
12060 Potranco Road,Sugey Cabrera,288,11,Drive Thru,,9/14/25 2:29 PM,9/14/25 2:36 PM,7 minutes and 26 seconds,KDS - Login Don't Delete
12060 Potranco Road,Sugey Cabrera,288,11,,1,9/14/25 2:36 PM,9/14/25 2:37 PM,1 minute,KDS - Login Don't Delete
12060 Potranco Road,Carlos Morales,290,,Drive Thru,,9/14/25 2:33 PM,9/14/25 2:38 PM,5 minutes and 33 seconds,KDS - Login Don't Delete
12060 Potranco Road,Carlos Morales,290,,Food,,9/14/25 2:33 PM,9/14/25 2:38 PM,5 minutes and 33 seconds,KDS - Login Don't Delete
12060 Potranco Road,siri quiroz,18,,Drive Thru,,9/14/25 2:16 PM,9/14/25 2:38 PM,22 minutes and 33 seconds,KDS - Login Don't Delete
12060 Potranco Road,siri quiroz,18,,Food,,9/14/25 2:16 PM,9/14/25 2:38 PM,22 minutes and 33 seconds,KDS - Login Don't Delete
12060 Potranco Road,Carlos Morales,290,,,1,9/14/25 2:38 PM,9/14/25 2:42 PM,4 minutes and 13 seconds,KDS - Login Don't Delete
12060 Potranco Road,siri quiroz,18,,,1,9/14/25 2:38 PM,9/14/25 2:42 PM,4 minutes and 12 seconds,KDS - Login Don't Delete
12060 Potranco Road,Emanuel Sanchez,289,1,,1,9/14/25 2:32 PM,9/14/25 2:42 PM,10 minutes and 49 seconds,KDS - Login Don't Delete
12060 Potranco Road,Carlos Morales,292,,Drive Thru,,9/14/25 2:34 PM,9/14/25 2:44 PM,10 minutes and 13 seconds,KDS - Login Don't Delete
12060 Potranco Road,Carlos Morales,292,,Food,,9/14/25 2:34 PM,9/14/25 2:44 PM,10 minutes and 13 seconds,KDS - Login Don't Delete
12060 Potranco Road,Adrian Morales,279,3,Food,,9/14/25 2:40 PM,9/14/25 2:57 PM,16 minutes and 35 seconds,KDS - Login Don't Delete
12060 Potranco Road,Adrian Morales,269,30,Food,,9/14/25 2:55 PM,9/14/25 2:57 PM,2 minutes and 1 second,KDS - Login Don't Delete
12060 Potranco Road,Sugey Cabrera,282,23,No Print,,9/14/25 2:54 PM,9/14/25 2:57 PM,3 minutes and 11 seconds,KDS - Login Don't Delete
12060 Potranco Road,Sugey Cabrera,282,23,Food,,9/14/25 2:54 PM,9/14/25 2:57 PM,3 minutes and 11 seconds,KDS - Login Don't Delete
12060 Potranco Road,Carlos Morales,296,,Drive Thru,,9/14/25 2:46 PM,9/14/25 2:57 PM,11 minutes and 33 seconds,KDS - Login Don't Delete
12060 Potranco Road,Carlos Morales,296,,Food,,9/14/25 2:46 PM,9/14/25 2:57 PM,11 minutes and 33 seconds,KDS - Login Don't Delete
12060 Potranco Road,Carlos Morales,294,,Drive Thru,,9/14/25 2:45 PM,9/14/25 2:58 PM,12 minutes and 48 seconds,KDS - Login Don't Delete
12060 Potranco Road,Carlos Morales,294,,Food,,9/14/25 2:45 PM,9/14/25 2:58 PM,12 minutes and 48 seconds,KDS - Login Don't Delete
12060 Potranco Road,Lisa Velasquez,295,16,No Print,,9/14/25 2:46 PM,9/14/25 2:58 PM,12 minutes and 59 seconds,KDS - Login Don't Delete
12060 Potranco Road,Lisa Velasquez,295,16,Food,,9/14/25 2:46 PM,9/14/25 2:58 PM,12 minutes and 59 seconds,KDS - Login Don't Delete
12060 Potranco Road,Lisa Velasquez,295,16,,1,9/14/25 2:58 PM,9/14/25 3:01 PM,2 minutes and 49 seconds,KDS - Login Don't Delete
12060 Potranco Road,Adrian Morales,279,3,,1,9/14/25 2:57 PM,9/14/25 3:01 PM,4 minutes and 19 seconds,KDS - Login Don't Delete
12060 Potranco Road,Sugey Cabrera,282,23,,1,9/14/25 2:57 PM,9/14/25 3:01 PM,4 minutes and 24 seconds,KDS - Login Don't Delete
12060 Potranco Road,Adrian Morales,269,30,,1,9/14/25 2:57 PM,9/14/25 3:01 PM,4 minutes and 25 seconds,KDS - Login Don't Delete
12060 Potranco Road,siri quiroz,298,,,1,9/14/25 2:47 PM,9/14/25 3:01 PM,14 minutes and 6 seconds,KDS - Login Don't Delete
12060 Potranco Road,Adrian Morales,269,30,Food,,9/14/25 3:11 PM,9/14/25 3:12 PM,26 seconds,KDS - Login Don't Delete
12060 Potranco Road,Adrian Morales,279,3,No Print,,9/14/25 2:59 PM,9/14/25 3:12 PM,12 minutes and 31 seconds,KDS - Login Don't Delete
12060 Potranco Road,Adrian Morales,279,3,Food,,9/14/25 2:59 PM,9/14/25 3:12 PM,12 minutes and 31 seconds,KDS - Login Don't Delete
12060 Potranco Road,Adrian Morales,269,30,,1,9/14/25 3:12 PM,9/14/25 4:00 PM,47 minutes and 44 seconds,KDS - Login Don't Delete
12060 Potranco Road,Adrian Morales,279,3,,1,9/14/25 2:59 PM,9/14/25 4:00 PM,1 hour and 16 seconds,KDS - Login Don't Delete
12060 Potranco Road,Angelique Jacobo,301,,,1,9/14/25 3:12 PM,9/14/25 4:00 PM,47 minutes and 56 seconds,KDS - Login Don't Delete
