Employee,Job Title,Regular Hours,Overtime Hours,Hourly Rate,Regular Pay,Overtime Pay,Total Pay,Net Sales,Declared Tips,Non-Cash Tips,Total Tips,Tips Withheld,Total Gratuity,Employee ID,Job Code,Location,Location Code
"Aragon, Cecilia",Tortillera,3.72,5.3,13.00,48.36,103.35,151.71,0.00,,0.00,0.00,0.00,0.00,,,12060 Potranco Road,
"Barton, Arion",Cook,7.94,0.0,13.00,103.22,0.00,103.22,0.00,,0.00,0.00,0.00,0.00,,,12060 Potranco Road,
"Cabrera, Sugey",Server,8.21,0.0,3.00,24.63,0.00,24.63,617.45,0.00,92.32,92.32,0.00,0.00,,,12060 Potranco Road,
"Del Angel, Candy",Shift Manager / Assistant Manager,7.1,1.11,,,,,0.00,,0.00,0.00,0.00,0.00,,,12060 Potranco Road,
"Farias, Claudia",Cook,0.0,7.53,15.00,0.00,169.43,169.43,0.00,,0.00,0.00,0.00,0.00,,,12060 Potranco Road,
"Gonzales, David",Cook,7.75,0.0,,,,,0.00,,0.00,0.00,0.00,0.00,,,12060 Potranco Road,
"Jacobo, Angelique",Server,6.52,0.0,3.00,19.56,0.00,19.56,507.36,5.00,77.05,82.05,0.00,0.00,,,12060 Potranco Road,
"Jimenez, Mario",Driver,6.22,0.04,14.00,87.08,0.84,87.92,2031.68,0.00,92.10,92.10,0.00,0.00,,,12060 Potranco Road,
"Juliet, Mia",Host,7.4,0.0,,,,,0.00,0.00,0.00,0.00,0.00,0.00,,,12060 Potranco Road,
"Lino Santana, David ",Prep,0.0,9.35,15.00,0.00,210.38,210.38,0.00,,0.00,0.00,0.00,0.00,,,12060 Potranco Road,
"Morales, Adrian",Server,2.51,4.1,3.00,7.53,18.45,25.98,680.22,0.00,180.00,180.00,0.00,32.55,,,12060 Potranco Road,
"Morales, Carlos",Driver,6.95,0.0,,,,,149.76,0.00,1.33,1.33,0.00,0.00,,,12060 Potranco Road,
"Ojeda, George",Runner,4.12,4.39,12.50,51.50,82.31,133.81,0.00,,0.00,0.00,0.00,0.00,,,12060 Potranco Road,
"Roman, Leticia",Server,7.33,0.0,3.00,21.99,0.00,21.99,524.38,0.00,49.50,49.50,0.00,40.60,,,12060 Potranco Road,
"Sanchez, Emanuel",Server,7.06,0.54,3.00,21.18,2.43,23.61,468.21,5.00,66.96,71.96,0.00,0.00,,,12060 Potranco Road,
"Tovar , Gabriel",Shift Leader,0.0,2.31,,,,,0.00,,0.00,0.00,0.00,0.00,,,12060 Potranco Road,
"Vega, Estela",Tortillera,3.08,7.12,15.00,46.20,160.20,206.40,0.00,,0.00,0.00,0.00,0.00,,,12060 Potranco Road,
"Velasquez, Lisa",Server,6.68,0.46,3.00,20.04,2.07,22.11,546.81,5.00,65.37,70.37,0.00,0.00,,,12060 Potranco Road,
"quiroz, siri",Host,7.38,0.0,11.00,81.18,0.00,81.18,363.19,0.00,18.00,18.00,0.00,0.00,,,12060 Potranco Road,
"vanenzuela, felix",Cook,7.62,0.0,,,,,0.00,,0.00,0.00,0.00,0.00,,,12060 Potranco Road,
"velasquez, maximilioano",Busser,7.58,0.0,12.00,90.96,0.00,90.96,0.00,,0.00,0.00,0.00,0.00,,,12060 Potranco Road,
