Location,Order #,Opened Date,Server,Table,Discount Name,Discount Reason,Comment,Discount Amount
Tink-a-Tako - Potranco,463,9/27/25 5:25 PM,Sergio Abundiz,33,Military Discount,,,1.40
Tink-a-Tako - Potranco,430,9/27/25 3:12 PM,Sergio Abundiz,23,Military Discount,,,0.46
Tink-a-Tako - Potranco,430,9/27/25 3:12 PM,Sergio Abundiz,23,Military Discount,,,1.20
Tink-a-Tako - Potranco,421,9/27/25 2:46 PM,Lizeth Alonso,,Police Discount,,,1.99
Tink-a-Tako - Potranco,421,9/27/25 2:46 PM,Lizeth Alonso,,Police Discount,,,0.90
Tink-a-Tako - Potranco,349,9/27/25 12:20 PM,Daniela Torres,,Military Discount,,,0.18
Tink-a-Tako - Potranco,349,9/27/25 12:20 PM,Daniela Torres,,Military Discount,,,0.49
Tink-a-Tako - Potranco,342,9/27/25 12:15 PM,Rosa Compean,24,Military Discount,,,1.20
Tink-a-Tako - Potranco,302,9/27/25 11:41 AM,Daniela Torres,,Military Discount,,,0.20
Tink-a-Tako - Potranco,302,9/27/25 11:41 AM,Daniela Torres,,Military Discount,,,0.20
Tink-a-Tako - Potranco,210,9/27/25 10:24 AM,Rosa Compean,21,Military Discount,,,1.00
Tink-a-Tako - Potranco,210,9/27/25 10:24 AM,Rosa Compean,21,Military Discount,,,1.00
Tink-a-Tako - Potranco,55,9/27/25 8:16 AM,Mayra Luna,,Manager Comp - Check,,,42.93
