Employee,Job Title,Regular Hours,Overtime Hours,Hourly Rate,Regular Pay,Overtime Pay,Total Pay,Net Sales,Declared Tips,Non-Cash Tips,Total Tips,Tips Withheld,Total Gratuity,Employee ID,Job Code,Location,Location Code
"Abundiz, Ivana",Host,7.15,0.0,14.00,100.10,0.00,100.10,256.70,,8.26,8.26,0.00,0.00,,,Tink-a-Tako - Potranco,
"Abundiz, Sergio",Server,3.25,12.1,,,,,1210.49,,145.78,145.78,0.00,41.92,,,Tink-a-Tako - Potranco,
"Alonso, Lizeth",Host,14.25,0.0,13.00,185.25,0.00,185.25,955.75,,29.61,29.61,0.00,0.00,,,Tink-a-Tako - Potranco,
"Alvarado, Rodolfo",Cook,8.45,0.0,17.00,143.65,0.00,143.65,0.00,,0.00,0.00,0.00,0.00,,,Tink-a-Tako - Potranco,
"Aviles, Genaro",Cook,0.0,10.56,15.00,0.00,237.60,237.60,0.00,,0.00,0.00,0.00,0.00,,,Tink-a-Tako - Potranco,
"Brito, Victor ",Regular,8.49,0.0,12.00,101.88,0.00,101.88,0.00,,0.00,0.00,0.00,0.00,,,Tink-a-Tako - Potranco,
"Calderon, Jesus",Cook,7.93,0.0,,,,,0.00,,0.00,0.00,0.00,0.00,,,Tink-a-Tako - Potranco,
"Camacho, Juan ",Server,0.0,12.18,3.00,0.00,54.81,54.81,1219.08,,140.06,140.06,0.00,31.44,,,Tink-a-Tako - Potranco,
"Caviedes, Esperansa",Server,5.93,0.0,3.00,17.79,0.00,17.79,520.65,,74.26,74.26,0.00,10.89,,,Tink-a-Tako - Potranco,
"Cisneros, Isabel",Server,5.71,0.0,3.00,17.13,0.00,17.13,597.08,,69.46,69.46,0.00,26.60,,,Tink-a-Tako - Potranco,
"Compean, Rosa",Server,8.41,0.0,3.00,25.23,0.00,25.23,1100.11,,53.83,53.83,0.00,45.08,,,Tink-a-Tako - Potranco,
"Diaz, Diego",Cook,5.59,2.98,,,,,0.00,,0.00,0.00,0.00,0.00,,,Tink-a-Tako - Potranco,
"Dominguez, Jose ",Cook,8.01,0.17,17.00,136.17,4.34,140.51,0.00,,0.00,0.00,0.00,0.00,,,Tink-a-Tako - Potranco,
"Gonzales (Line) , Maria",Cook,0.24,14.32,14.00,3.36,300.72,304.08,0.00,,0.00,0.00,0.00,0.00,,,Tink-a-Tako - Potranco,
"Gonzalez, Maria ",Tortillero,8.53,0.0,13.00,110.89,0.00,110.89,0.00,,0.00,0.00,0.00,0.00,,,Tink-a-Tako - Potranco,
"Hernandez, Silvia",Server,5.4,0.0,3.00,16.20,0.00,16.20,474.53,,73.34,73.34,0.00,0.00,,,Tink-a-Tako - Potranco,
"Juarez, Maria",Dishwasher,8.25,0.0,12.00,99.00,0.00,99.00,0.00,0.00,0.00,0.00,0.00,0.00,,,Tink-a-Tako - Potranco,
"Luna, Mayra",Shift Manager / Assistant Manager,7.41,5.03,,,,,0.00,,0.00,0.00,0.00,0.00,1919,,Tink-a-Tako - Potranco,
"Majana, Maria",Server,6.08,0.0,3.00,18.24,0.00,18.24,566.42,,65.90,65.90,0.00,0.00,,,Tink-a-Tako - Potranco,
"Majana, Maria",Host,6.85,0.0,14.00,95.90,0.00,95.90,92.38,,10.00,10.00,0.00,0.00,,,Tink-a-Tako - Potranco,
"Nanez Partida, Jose",Cook,7.45,0.0,15.00,111.75,0.00,111.75,0.00,,0.00,0.00,0.00,0.00,,,Tink-a-Tako - Potranco,
"ORDONEZ, Rosie ",Shift Manager / Assistant Manager,1.24,6.72,,,,,66.77,,27.00,27.00,0.00,0.00,,,Tink-a-Tako - Potranco,
"Ramirez Perez, Silvia",Cook,5.88,2.58,17.00,99.96,65.79,165.75,0.00,,0.00,0.00,0.00,0.00,,,Tink-a-Tako - Potranco,
"Reyes, Nadia ",Server,5.57,0.0,,,,,516.12,,49.97,49.97,0.00,0.00,,,Tink-a-Tako - Potranco,
"Rueda, Jonathan",Busser,11.65,0.0,12.00,139.80,0.00,139.80,0.00,,0.00,0.00,0.00,0.00,,,Tink-a-Tako - Potranco,
"Serrato, Joshua ",Busser,4.82,0.0,12.00,57.84,0.00,57.84,0.00,,0.00,0.00,0.00,0.00,,,Tink-a-Tako - Potranco,
"Torres, Daniela",Drive-Thru,7.48,0.19,,,,,2896.18,0.00,62.80,62.80,0.00,0.00,,,Tink-a-Tako - Potranco,
"Trevino, Melissa",Dishwasher,6.22,0.0,13.00,80.86,0.00,80.86,0.00,,0.00,0.00,0.00,0.00,,,Tink-a-Tako - Potranco,
"huerta, Arturo ",Dishwasher,6.25,0.0,12.00,75.00,0.00,75.00,0.00,,0.00,0.00,0.00,0.00,,,Tink-a-Tako - Potranco,
