Order #,Opened Date,Void Date,Server,Approver,Item Name,Reason,Item Quantity,Total Price
46,9/27/25 7:56 AM,9/27/25 8:24 AM,Esperansa Caviedes,Rosie  ORDONEZ,Bean Taco,Server Error,1.0,1.39
84,9/27/25 8:49 AM,9/27/25 1:44 PM,Daniela Torres,Mayra Luna,Barbacoa Taco,Customer Changed Mind,2.0,9.58
84,9/27/25 8:49 AM,9/27/25 1:44 PM,Daniela Torres,Mayra Luna,Bean & Cheese Taco,Customer Changed Mind,1.0,1.79
84,9/27/25 8:49 AM,9/27/25 1:44 PM,Daniela Torres,Mayra Luna,Carne Guisada Taco,Customer Changed Mind,1.0,4.89
152,9/27/25 9:44 AM,9/27/25 10:00 AM,Daniela Torres,Mayra Luna,Bean & Cheese Taco,Customer Changed Mind,1.0,1.79
166,9/27/25 9:54 AM,9/27/25 10:26 AM,Isabel Cisneros,Mayra Luna,Side Cheese,Customer Changed Mind,1.0,2.99
247,9/27/25 10:57 AM,9/27/25 12:01 PM,Nadia  Reyes,Rosie  ORDONEZ,Coffee,Server Error,1.0,2.99
247,9/27/25 10:57 AM,9/27/25 12:01 PM,Nadia  Reyes,Rosie  ORDONEZ,Kids Drink,Server Error,1.0,2.39
263,9/27/25 11:08 AM,9/27/25 12:00 PM,Silvia Hernandez,Rosie  ORDONEZ,Side de Lengua,Customer Changed Mind,1.0,3.99
84,9/27/25 8:49 AM,9/27/25 1:44 PM,Daniela Torres,Mayra Luna,Papa Ranchera Taco,Customer Changed Mind,1.0,1.99
368,9/27/25 12:45 PM,9/28/25 12:06 PM,Ivana Abundiz,Mayra Luna,Oatmeal,Customer Changed Mind,1.0,8.99
