,Location,Employee,Job Title,In Date,Shift Closed Date,Out Date,Hours,Cash Tips Decl.,Cash on Hand,Cash in Drawer,Non-Cash Tips,Cash Gratuity,Non-Cash Gratuity,Tips Withheld,Non-Cash Sales,Cash Sales,Total Sales,Cash Collected?,Tips Paid?,Open,Paid,Closed,Tip Share Total
800000030774347560,2919 Blanco Rd,Martina Ovalle ,Drive-Thru,10/15/25 5:39 AM,10/15/25 1:30 PM,10/15/25 2:02 PM,8.39,,0.00,572.95,35.50,0.00,0.00,0.00,886.99,572.95,1459.94,yes,yes,0,0,137,0.00
800000030774369108,2919 Blanco Rd,AM CASHIER,General Manager,10/15/25 5:47 AM,10/15/25 1:32 PM,10/15/25 1:32 PM,7.75,,0.00,207.26,4.00,0.00,0.00,0.00,288.03,207.26,495.29,yes,yes,0,0,42,0.00
800000030774843827,2919 Blanco Rd,Sami Martinez ,Server,10/15/25 7:00 AM,10/15/25 1:30 PM,10/15/25 1:30 PM,6.51,,0.00,113.03,33.00,0.00,0.00,0.00,239.24,113.03,352.27,yes,yes,0,0,18,0.00
800000030775892188,2919 Blanco Rd,samantha lopez,Server,10/15/25 8:12 AM,10/15/25 1:25 PM,10/15/25 1:31 PM,5.32,,0.00,207.57,27.79,0.00,0.00,0.00,153.66,207.57,361.23,yes,yes,0,0,16,0.00
800000030785007136,2919 Blanco Rd,Sami Martinez ,Server,10/15/25 1:30 PM,10/15/25 8:12 PM,10/15/25 8:40 PM,7.16,,0.00,145.92,30.00,0.00,0.00,0.00,344.62,145.92,490.54,yes,yes,0,0,16,0.00
800000030785024957,2919 Blanco Rd,samantha lopez,Drive-Thru,10/15/25 1:31 PM,10/15/25 7:58 PM,10/15/25 8:38 PM,7.12,,0.00,326.30,17.00,0.00,0.00,0.00,305.87,326.30,632.17,yes,yes,0,0,47,0.00
800000030785063023,2919 Blanco Rd,AM CASHIER,General Manager,10/15/25 1:32 PM,10/15/25 8:12 PM,10/15/25 8:12 PM,6.67,,0.00,39.65,0.00,0.00,0.00,0.00,145.44,39.65,185.09,yes,yes,0,0,14,0.00
