Location,Employee,Job Title,In Date,Out Date,Total Hours,Unpaid Break Time,Paid Break Time,Payable Hours
2919 Blanco Rd,"Hernandez, Fidelia ",Cook,10/15/25 5:13 AM,10/15/25 2:09 PM,8.94,0.00,0.00,8.94
2919 Blanco Rd,"Rivera, Dante Antonio ",Cook,10/15/25 5:37 AM,10/15/25 2:10 PM,8.56,0.00,0.00,8.56
2919 Blanco Rd,"Ovalle , Martina",Drive-Thru,10/15/25 5:39 AM,10/15/25 2:02 PM,8.39,0.00,0.00,8.39
2919 Blanco Rd,"CASHIER, AM",General Manager,10/15/25 5:47 AM,10/15/25 1:32 PM,7.75,0.00,0.00,7.75
2919 Blanco Rd,"Pena , Vilma",Cook,10/15/25 5:54 AM,10/15/25 2:00 PM,8.10,0.00,0.00,8.10
2919 Blanco Rd,"Martinez , Sami",Server,10/15/25 7:00 AM,10/15/25 1:30 PM,6.51,0.00,0.00,6.51
2919 Blanco Rd,"Villalobos , Veronica ",Cook,10/15/25 7:28 AM,10/15/25 2:12 PM,6.73,0.00,0.00,6.73
2919 Blanco Rd,"lopez, samantha",Server,10/15/25 8:12 AM,10/15/25 1:31 PM,5.32,0.00,0.00,5.32
2919 Blanco Rd,"Martinez , Sami",Server,10/15/25 1:30 PM,10/15/25 8:40 PM,7.16,0.00,0.00,7.16
2919 Blanco Rd,"lopez, samantha",Drive-Thru,10/15/25 1:31 PM,10/15/25 8:38 PM,7.12,0.00,0.00,7.12
2919 Blanco Rd,"CASHIER, AM",General Manager,10/15/25 1:32 PM,10/15/25 8:12 PM,6.67,0.00,0.00,6.67
2919 Blanco Rd,"Franco , Eduardo ",Cook,10/15/25 2:02 PM,10/15/25 9:42 PM,7.66,0.00,0.00,7.66
2919 Blanco Rd,"Melendez, Ninoska",Tortillero/a,10/15/25 2:07 PM,10/15/25 9:42 PM,7.58,0.00,0.00,7.58
2919 Blanco Rd,"Hernandez, Fidelia ",Cook,10/15/25 2:09 PM,10/15/25 2:15 PM,0.10,0.00,0.00,0.10
