Location,Order #,Opened,# of Guests,Server,Table,Discount Amount,Amount,Tax,Tip,Gratuity
12060 Potranco Road,1,9/23/25 6:32 AM,1,Melissa  Urena,,0.00,5.37,0.44,0.00,0.00
12060 Potranco Road,2,9/23/25 6:32 AM,1,Melissa  Urena,,0.00,8.16,0.68,0.00,0.00
12060 Potranco Road,3,9/23/25 6:42 AM,1,Melissa  Urena,,0.00,6.37,0.53,2.00,0.00
12060 Potranco Road,4,9/23/25 6:46 AM,1,Melissa  Urena,,0.00,1.79,0.15,0.00,0.00
12060 Potranco Road,5,9/23/25 6:57 AM,1,Melissa  Urena,,0.00,4.98,0.41,0.00,0.00
12060 Potranco Road,6,9/23/25 7:02 AM,1,Melissa  Urena,,0.00,7.77,0.64,0.00,0.00
12060 Potranco Road,7,9/23/25 7:03 AM,1,Melissa  Urena,,0.00,20.43,1.69,2.00,0.00
12060 Potranco Road,8,9/23/25 7:06 AM,1,Melissa  Urena,,0.00,27.89,2.30,0.00,0.00
12060 Potranco Road,9,9/23/25 7:08 AM,1,Melissa  Urena,,0.00,5.99,0.49,0.00,0.00
12060 Potranco Road,10,9/23/25 7:14 AM,1,Melissa  Urena,,0.00,31.70,2.62,0.00,0.00
12060 Potranco Road,11,9/23/25 7:16 AM,1,Melissa  Urena,,0.00,5.58,0.46,2.00,0.00
12060 Potranco Road,13,9/23/25 7:35 AM,1,Melissa  Urena,,0.00,13.56,1.12,0.00,0.00
12060 Potranco Road,15,9/23/25 7:40 AM,1,Lizbeth Garcia,16,0.00,6.97,0.57,0.00,0.00
12060 Potranco Road,14,9/23/25 7:36 AM,1,Melissa  Urena,,0.00,24.53,2.03,0.00,0.00
12060 Potranco Road,16,9/23/25 7:44 AM,1,Melissa  Urena,,0.00,0.00,0.00,0.00,0.00
12060 Potranco Road,17,9/23/25 7:44 AM,1,Sugey Cabrera,,0.00,9.78,0.81,0.00,0.00
12060 Potranco Road,18,9/23/25 7:44 AM,1,Sugey Cabrera,,0.00,14.07,1.16,0.00,0.00
12060 Potranco Road,19,9/23/25 7:45 AM,1,Sugey Cabrera,,0.00,6.18,0.51,0.00,0.00
12060 Potranco Road,21,9/23/25 7:54 AM,1,Melissa  Urena,,0.00,8.08,0.67,0.00,0.00
12060 Potranco Road,22,9/23/25 7:54 AM,1,Melissa  Urena,,0.00,16.56,1.37,0.00,0.00
12060 Potranco Road,24,9/23/25 8:00 AM,2,Sugey Cabrera,23,0.00,25.48,2.10,9.00,0.00
12060 Potranco Road,23,9/23/25 7:57 AM,1,Melissa  Urena,,0.00,3.29,0.27,0.00,0.00
12060 Potranco Road,25,9/23/25 8:05 AM,1,Melissa  Urena,,0.00,5.77,0.48,0.00,0.00
12060 Potranco Road,26,9/23/25 8:12 AM,1,Lizbeth Garcia,,0.00,13.13,1.08,0.00,0.00
12060 Potranco Road,29,9/23/25 8:19 AM,2,Leticia Roman,2,0.00,25.96,2.14,0.00,0.00
12060 Potranco Road,28,9/23/25 8:19 AM,1,Melissa  Urena,,5.05,2.72,0.22,0.00,0.00
12060 Potranco Road,30,9/23/25 8:21 AM,1,Melissa  Urena,,0.00,2.79,0.23,0.00,0.00
12060 Potranco Road,31,9/23/25 8:21 AM,1,Melissa  Urena,,0.00,4.78,0.40,0.00,0.00
12060 Potranco Road,32,9/23/25 8:22 AM,1,Melissa  Urena,,0.00,10.23,0.84,0.00,0.00
12060 Potranco Road,33,9/23/25 8:24 AM,1,Leticia Roman,,0.00,5.37,0.44,0.00,0.00
12060 Potranco Road,34,9/23/25 8:26 AM,1,Lizbeth Garcia,16,0.00,5.98,0.50,3.00,0.00
12060 Potranco Road,37,9/23/25 8:34 AM,1,Lizbeth Garcia,,0.00,12.06,1.00,0.00,0.00
12060 Potranco Road,36,9/23/25 8:28 AM,1,Melissa  Urena,,0.00,6.57,0.54,0.00,0.00
12060 Potranco Road,40,9/23/25 8:36 AM,1,Melissa  Urena,,0.00,9.66,0.79,0.00,0.00
12060 Potranco Road,41,9/23/25 8:48 AM,3,Lizbeth Garcia,14,0.00,29.71,2.45,8.00,0.00
12060 Potranco Road,42,9/23/25 8:50 AM,1,Melissa  Urena,,0.00,6.18,0.51,0.00,0.00
12060 Potranco Road,43,9/23/25 8:51 AM,1,Leticia Roman,16,0.00,7.27,0.60,5.00,0.00
12060 Potranco Road,45,9/23/25 8:54 AM,2,Lizbeth Garcia,20,1.60,22.36,1.85,5.79,0.00
12060 Potranco Road,44,9/23/25 8:54 AM,3,Sugey Cabrera,26,0.00,34.39,2.83,0.00,0.00
12060 Potranco Road,47,9/23/25 8:59 AM,3,Sugey Cabrera,34,0.00,35.03,2.89,0.00,0.00
12060 Potranco Road,48,9/23/25 9:02 AM,1,Melissa  Urena,,0.00,11.56,0.95,0.00,0.00
12060 Potranco Road,38,9/23/25 8:35 AM,1,Melissa  Urena,,0.00,11.15,0.92,0.00,0.00
12060 Potranco Road,50,9/23/25 9:07 AM,1,Lizbeth Garcia,21,0.00,24.55,2.04,3.00,0.00
12060 Potranco Road,51,9/23/25 9:11 AM,2,Leticia Roman,29,0.00,13.92,1.15,0.00,0.00
12060 Potranco Road,52,9/23/25 9:12 AM,1,Melissa  Urena,,0.00,10.53,0.87,0.00,0.00
12060 Potranco Road,53,9/23/25 9:12 AM,1,Melissa  Urena,,0.00,8.99,0.74,0.00,0.00
12060 Potranco Road,54,9/23/25 9:12 AM,1,Melissa  Urena,,0.00,20.55,1.69,0.00,0.00
12060 Potranco Road,55,9/23/25 9:13 AM,1,Melissa  Urena,,0.00,9.07,0.75,0.00,0.00
12060 Potranco Road,57,9/23/25 9:15 AM,1,Melissa  Urena,,0.00,4.78,0.39,0.00,0.00
12060 Potranco Road,56,9/23/25 9:14 AM,2,Sugey Cabrera,23,0.00,29.26,2.41,5.00,0.00
12060 Potranco Road,58,9/23/25 9:19 AM,1,Sugey Cabrera,,16.94,0.00,0.00,0.00,0.00
12060 Potranco Road,59,9/23/25 9:22 AM,1,Melissa  Urena,,0.00,14.74,1.21,0.00,0.00
12060 Potranco Road,60,9/23/25 9:24 AM,1,Lizbeth Garcia,2,0.00,6.78,0.56,3.00,0.00
12060 Potranco Road,61,9/23/25 9:30 AM,1,Candy Del Angel,,0.00,6.77,0.56,0.00,0.00
12060 Potranco Road,62,9/23/25 9:34 AM,1,Melissa  Urena,,0.00,3.68,0.30,0.00,0.00
12060 Potranco Road,65,9/23/25 9:39 AM,2,Sugey Cabrera,31,0.00,21.37,1.76,0.00,0.00
12060 Potranco Road,64,9/23/25 9:38 AM,1,Melissa  Urena,,0.00,12.94,1.06,0.00,0.00
12060 Potranco Road,66,9/23/25 9:43 AM,1,Melissa  Urena,,0.00,22.36,1.84,0.00,0.00
12060 Potranco Road,67,9/23/25 9:43 AM,1,Lizbeth Garcia,1,0.00,7.08,0.58,5.00,0.00
12060 Potranco Road,68,9/23/25 9:50 AM,1,Melissa  Urena,,0.00,15.52,1.28,0.00,0.00
12060 Potranco Road,69,9/23/25 9:53 AM,1,Melissa  Urena,,0.00,6.37,0.52,0.00,0.00
12060 Potranco Road,70,9/23/25 9:53 AM,2,Leticia Roman,35,0.00,22.96,1.90,4.00,0.00
12060 Potranco Road,71,9/23/25 10:02 AM,1,Melissa  Urena,,6.85,3.89,0.32,3.00,0.00
12060 Potranco Road,72,9/23/25 10:02 AM,1,Melissa  Urena,,0.00,8.37,0.69,1.00,0.00
12060 Potranco Road,73,9/23/25 10:07 AM,1,Melissa  Urena,,0.00,12.52,1.03,0.00,0.00
12060 Potranco Road,75,9/23/25 10:12 AM,2,Sugey Cabrera,29,0.00,16.97,1.41,2.00,0.00
12060 Potranco Road,76,9/23/25 10:13 AM,1,Melissa  Urena,,0.00,1.99,0.16,0.00,0.00
12060 Potranco Road,77,9/23/25 10:22 AM,1,Melissa  Urena,,0.00,36.68,3.03,0.00,0.00
12060 Potranco Road,78,9/23/25 10:25 AM,2,Leticia Roman,12,0.00,16.75,1.39,6.00,0.00
12060 Potranco Road,80,9/23/25 10:29 AM,1,Candy Del Angel,,0.00,17.15,1.41,0.00,0.00
12060 Potranco Road,81,9/23/25 10:34 AM,1,Melissa  Urena,,0.00,15.07,1.24,2.00,0.00
12060 Potranco Road,83,9/23/25 10:34 AM,1,Lizbeth Garcia,21,0.00,10.99,0.91,5.00,0.00
12060 Potranco Road,84,9/23/25 10:37 AM,1,Lizbeth Garcia,,0.00,13.34,1.10,0.00,0.00
12060 Potranco Road,86,9/23/25 10:44 AM,1,Sugey Cabrera,22,0.00,14.28,1.17,3.00,0.00
12060 Potranco Road,87,9/23/25 10:45 AM,1,Melissa  Urena,,0.00,31.95,2.63,0.00,0.00
12060 Potranco Road,89,9/23/25 10:52 AM,1,Melissa  Urena,,0.00,6.07,0.50,0.00,0.00
12060 Potranco Road,91,9/23/25 10:56 AM,1,Melissa  Urena,,0.00,5.77,0.48,0.00,0.00
12060 Potranco Road,92,9/23/25 11:00 AM,1,Melissa  Urena,,0.00,9.37,0.77,0.00,0.00
12060 Potranco Road,94,9/23/25 11:01 AM,1,Leticia Roman,3,0.00,18.97,1.56,5.00,0.00
12060 Potranco Road,95,9/23/25 11:07 AM,1,Melissa  Urena,,0.00,5.98,0.49,0.00,0.00
12060 Potranco Road,97,9/23/25 11:08 AM,1,Lizbeth Garcia,7,0.00,18.57,1.53,3.00,0.00
12060 Potranco Road,99,9/23/25 11:15 AM,2,Sugey Cabrera,34,0.00,24.27,2.00,0.00,0.00
12060 Potranco Road,98,9/23/25 11:15 AM,1,Leticia Roman,26,0.00,21.23,1.75,5.00,0.00
12060 Potranco Road,100,9/23/25 11:18 AM,1,Candy Del Angel,,0.00,2.99,0.25,0.00,0.00
12060 Potranco Road,102,9/23/25 11:22 AM,1,Lizbeth Garcia,,0.00,24.80,2.05,2.00,0.00
12060 Potranco Road,103,9/23/25 11:31 AM,2,Lizbeth Garcia,15,0.00,34.55,2.84,0.00,0.00
12060 Potranco Road,104,9/23/25 11:35 AM,1,Melissa  Urena,,0.00,24.88,2.05,0.00,0.00
12060 Potranco Road,106,9/23/25 11:40 AM,1,Leticia Roman,23,0.80,11.18,0.92,0.00,0.00
12060 Potranco Road,105,9/23/25 11:36 AM,1,Melissa  Urena,,0.00,2.49,0.21,2.00,0.00
12060 Potranco Road,107,9/23/25 11:40 AM,7,Sugey Cabrera,37,0.00,117.35,9.69,10.00,23.47
12060 Potranco Road,109,9/23/25 11:44 AM,1,Candy Del Angel,,0.00,35.97,2.97,0.00,0.00
12060 Potranco Road,111,9/23/25 11:48 AM,1,Melissa  Urena,,0.00,91.88,7.57,0.00,0.00
12060 Potranco Road,110,9/23/25 11:47 AM,4,Lizbeth Garcia,29,0.00,86.39,7.12,10.00,0.00
12060 Potranco Road,112,9/23/25 11:59 AM,1,Melissa  Urena,,0.00,17.96,1.48,0.00,0.00
12060 Potranco Road,114,9/23/25 12:07 PM,1,Melissa  Urena,,0.00,25.57,2.11,0.00,0.00
12060 Potranco Road,113,9/23/25 12:05 PM,5,Sugey Cabrera,4,0.00,85.49,7.06,0.00,0.00
12060 Potranco Road,115,9/23/25 12:09 PM,1,Melissa  Urena,,0.00,25.98,2.14,2.00,0.00
12060 Potranco Road,116,9/23/25 12:10 PM,1,Melissa  Urena,,0.00,13.14,1.09,0.00,0.00
12060 Potranco Road,119,9/23/25 12:17 PM,1,Leticia Roman,2,0.00,13.24,1.09,2.65,0.00
12060 Potranco Road,118,9/23/25 12:14 PM,1,Melissa  Urena,,0.00,21.75,1.80,0.00,0.00
12060 Potranco Road,120,9/23/25 12:21 PM,1,Melissa  Urena,,0.00,9.98,0.82,0.00,0.00
12060 Potranco Road,121,9/23/25 12:21 PM,1,Melissa  Urena,,0.00,32.39,2.68,0.00,0.00
12060 Potranco Road,128,9/23/25 12:29 PM,1,Leticia Roman,14,0.00,8.99,0.74,3.00,0.00
12060 Potranco Road,127,9/23/25 12:28 PM,2,Lizbeth Garcia,16,0.00,28.26,2.32,0.00,0.00
12060 Potranco Road,129,9/23/25 12:33 PM,2,Sugey Cabrera,3,0.00,28.04,2.32,0.00,0.00
12060 Potranco Road,134,9/23/25 12:37 PM,2,Lizbeth Garcia,23,2.60,31.61,2.61,0.00,0.00
12060 Potranco Road,135,9/23/25 12:38 PM,1,Melissa  Urena,,0.00,11.07,0.91,0.00,0.00
12060 Potranco Road,136,9/23/25 12:39 PM,1,Melissa  Urena,,0.00,8.97,0.73,0.00,0.00
12060 Potranco Road,137,9/23/25 12:45 PM,3,Sugey Cabrera,25,0.00,51.90,4.28,0.00,0.00
12060 Potranco Road,138,9/23/25 12:48 PM,1,Melissa  Urena,,0.00,13.97,1.14,0.00,0.00
12060 Potranco Road,140,9/23/25 12:52 PM,4,Leticia Roman,28,0.00,40.50,3.33,7.00,0.00
12060 Potranco Road,139,9/23/25 12:48 PM,1,Melissa  Urena,,0.00,14.44,1.19,0.00,0.00
12060 Potranco Road,141,9/23/25 12:54 PM,1,Melissa  Urena,,0.00,38.48,3.17,0.00,0.00
12060 Potranco Road,142,9/23/25 1:08 PM,1,Melissa  Urena,,0.00,21.64,1.78,10.00,0.00
12060 Potranco Road,143,9/23/25 1:11 PM,1,Leticia Roman,21,0.00,10.99,0.91,0.00,0.00
12060 Potranco Road,144,9/23/25 1:14 PM,3,Lizbeth Garcia,10,0.00,33.52,2.76,6.00,0.00
12060 Potranco Road,146,9/23/25 1:25 PM,1,Lizbeth Garcia,14,0.00,7.98,0.66,2.50,0.00
12060 Potranco Road,147,9/23/25 1:27 PM,1,Candy Del Angel,,0.00,10.27,0.84,2.00,0.00
12060 Potranco Road,145,9/23/25 1:15 PM,1,Melissa  Urena,,0.00,8.47,0.70,0.00,0.00
12060 Potranco Road,148,9/23/25 1:31 PM,1,Sugey Cabrera,2,0.00,13.98,1.15,2.00,0.00
12060 Potranco Road,149,9/23/25 1:35 PM,2,Sugey Cabrera,16,0.00,28.96,2.39,4.75,0.00
12060 Potranco Road,150,9/23/25 1:40 PM,1,Melissa  Urena,,0.00,25.55,2.11,0.00,0.00
12060 Potranco Road,151,9/23/25 1:53 PM,1,Melissa  Urena,,0.00,9.48,0.78,0.00,0.00
12060 Potranco Road,153,9/23/25 1:59 PM,2,Leticia Roman,1,0.00,32.97,2.72,5.00,0.00
12060 Potranco Road,154,9/23/25 2:01 PM,2,Sugey Cabrera,3,0.00,32.24,2.66,7.00,0.00
12060 Potranco Road,152,9/23/25 1:54 PM,1,Melissa  Urena,,0.00,12.76,1.05,0.00,0.00
12060 Potranco Road,156,9/23/25 2:08 PM,1,Lisa Velasquez,17,0.00,22.98,1.90,0.00,0.00
12060 Potranco Road,157,9/23/25 2:08 PM,2,Adrian Morales,12,0.00,36.95,3.05,15.00,0.00
12060 Potranco Road,158,9/23/25 2:10 PM,2,Lisa Velasquez,15,0.00,31.26,2.57,6.60,0.00
12060 Potranco Road,159,9/23/25 2:29 PM,2,Adrian Morales,2,0.00,44.74,3.68,0.00,0.00
12060 Potranco Road,161,9/23/25 2:35 PM,1,Mario Jimenez,,0.00,7.83,0.65,1.17,0.00
12060 Potranco Road,164,9/23/25 2:45 PM,1,Mario Jimenez,,0.00,9.98,0.82,0.00,0.00
12060 Potranco Road,165,9/23/25 2:46 PM,1,Mario Jimenez,,0.00,16.95,1.39,2.54,0.00
12060 Potranco Road,167,9/23/25 3:19 PM,1,Candy Del Angel,,0.00,8.99,0.74,0.00,0.00
12060 Potranco Road,168,9/23/25 3:30 PM,1,Candy Del Angel,,0.00,22.95,1.90,0.00,0.00
12060 Potranco Road,166,9/23/25 2:46 PM,1,Mario Jimenez,,0.00,5.97,0.49,0.00,0.00
12060 Potranco Road,170,9/23/25 3:32 PM,1,Mario Jimenez,,0.00,17.98,1.49,0.00,0.00
12060 Potranco Road,172,9/23/25 3:37 PM,1,Candy Del Angel,,2.78,0.00,0.00,0.00,0.00
12060 Potranco Road,173,9/23/25 4:04 PM,1,Mario Jimenez,,0.00,6.98,0.57,0.00,0.00
12060 Potranco Road,175,9/23/25 4:12 PM,1,Adrian Morales,,0.00,7.17,0.59,0.00,0.00
12060 Potranco Road,177,9/23/25 4:18 PM,1,Mario Jimenez,,0.00,28.97,2.39,5.79,0.00
12060 Potranco Road,174,9/23/25 4:09 PM,1,Mario Jimenez,,0.00,9.97,0.82,2.19,0.00
12060 Potranco Road,180,9/23/25 4:32 PM,1,Adrian Morales,,0.00,0.00,0.00,0.00,0.00
12060 Potranco Road,181,9/23/25 4:41 PM,1,Mario Jimenez,,0.00,6.99,0.58,0.00,0.00
12060 Potranco Road,178,9/23/25 4:19 PM,1,Mario Jimenez,,1.30,11.67,0.96,0.00,0.00
12060 Potranco Road,184,9/23/25 5:30 PM,1,Mario Jimenez,,0.00,33.97,2.80,0.00,0.00
12060 Potranco Road,186,9/23/25 5:47 PM,1,Mario Jimenez,,0.00,5.37,0.44,0.00,0.00
12060 Potranco Road,187,9/23/25 5:48 PM,2,Lisa Velasquez,2,0.00,33.23,2.74,7.00,0.00
12060 Potranco Road,188,9/23/25 5:48 PM,2,Adrian Morales,15,0.00,67.18,5.54,17.28,0.00
12060 Potranco Road,189,9/23/25 5:51 PM,2,Lisa Velasquez,12,0.00,26.15,2.16,5.00,0.00
12060 Potranco Road,190,9/23/25 5:56 PM,2,Adrian Morales,34,0.00,52.60,4.34,10.52,0.00
12060 Potranco Road,191,9/23/25 6:07 PM,1,Mario Jimenez,,0.00,6.00,0.50,0.00,0.00
12060 Potranco Road,192,9/23/25 6:15 PM,2,Lisa Velasquez,22,0.00,31.23,2.57,7.00,0.00
12060 Potranco Road,195,9/23/25 6:17 PM,2,Adrian Morales,20,0.00,18.67,1.54,0.00,0.00
12060 Potranco Road,196,9/23/25 6:18 PM,1,Mario Jimenez,,0.00,12.06,1.00,0.00,0.00
12060 Potranco Road,193,9/23/25 6:15 PM,1,Mario Jimenez,,0.00,5.37,0.44,0.00,0.00
12060 Potranco Road,198,9/23/25 6:34 PM,2,Lisa Velasquez,26,0.00,35.65,2.94,0.00,0.00
12060 Potranco Road,199,9/23/25 6:42 PM,1,Mario Jimenez,,0.00,12.99,1.07,1.00,0.00
12060 Potranco Road,200,9/23/25 7:01 PM,1,Mario Jimenez,,0.00,8.79,0.73,1.00,0.00
12060 Potranco Road,202,9/23/25 7:04 PM,5,Adrian Morales,1,0.00,30.97,2.56,7.00,0.00
12060 Potranco Road,205,9/23/25 7:11 PM,1,Adrian Morales,,0.88,7.90,0.65,0.00,0.00
12060 Potranco Road,204,9/23/25 7:11 PM,2,Lisa Velasquez,18,0.00,33.96,2.80,4.24,0.00
12060 Potranco Road,206,9/23/25 7:21 PM,2,Lisa Velasquez,15,0.00,0.00,0.00,0.00,0.00
12060 Potranco Road,207,9/23/25 7:22 PM,2,Lisa Velasquez,15,0.00,73.85,6.08,0.00,0.00
12060 Potranco Road,203,9/23/25 7:09 PM,1,Mario Jimenez,,0.00,12.21,1.01,0.00,0.00
12060 Potranco Road,209,9/23/25 7:41 PM,2,Adrian Morales,3,0.00,58.09,4.79,11.62,0.00
12060 Potranco Road,211,9/23/25 8:09 PM,2,Adrian Morales,1,0.00,32.25,2.66,0.00,0.00
12060 Potranco Road,212,9/23/25 8:17 PM,1,Mario Jimenez,,0.00,46.95,3.87,0.00,0.00
12060 Potranco Road,214,9/23/25 8:29 PM,1,Adrian Morales,,0.00,68.22,5.63,5.00,0.00
12060 Potranco Road,215,9/23/25 8:47 PM,1,Mario Jimenez,,0.00,6.99,0.57,0.00,0.00
