,Location,Employee,Job Title,In Date,Shift Closed Date,Out Date,Hours,Cash Tips Decl.,Cash on Hand,Cash in Drawer,Non-Cash Tips,Cash Gratuity,Non-Cash Gratuity,Tips Withheld,Non-Cash Sales,Cash Sales,Total Sales,Cash Collected?,Tips Paid?,Open,Paid,Closed,Tip Share Total
800000029921236474,12060 Potranco Road,Lizbeth Garcia,Server,9/23/25 6:23 AM,9/23/25 2:25 PM,9/23/25 2:25 PM,8.03,1.00,54.82,0.00,56.29,0.00,0.00,0.00,398.34,54.82,453.16,yes,yes,0,0,19,0.00
800000029921286622,12060 Potranco Road,Melissa  Urena,Host,9/23/25 6:32 AM,9/23/25 2:24 PM,9/23/25 2:24 PM,7.87,0.00,0.00,389.85,26.00,0.00,0.00,0.00,650.90,389.85,1040.75,yes,yes,0,0,70,0.00
800000029921820848,12060 Potranco Road,Sugey Cabrera,Server,9/23/25 7:27 AM,9/23/25 2:59 PM,9/23/25 3:06 PM,7.65,0.00,156.62,0.00,42.75,0.00,23.47,0.00,481.02,156.62,637.64,yes,yes,0,0,26,0.00
800000029922359647,12060 Potranco Road,Leticia Roman,Server,9/23/25 8:06 AM,9/23/25 2:32 PM,9/23/25 2:33 PM,6.46,0.00,72.98,0.00,42.65,0.00,0.00,0.00,197.96,72.98,270.94,yes,yes,0,0,15,0.00
800000029923056750,12060 Potranco Road,Candy Del Angel,Shift Manager / Assistant Manager,9/23/25 8:52 AM,9/23/25 2:05 PM,9/23/25 9:18 PM,12.43,,0.00,7.33,2.00,0.00,0.00,0.00,71.85,7.33,79.18,yes,yes,0,0,5,0.00
800000029931936620,12060 Potranco Road,Lisa Velasquez,Server,9/23/25 1:57 PM,9/23/25 9:11 PM,9/23/25 9:11 PM,7.23,3.00,38.59,0.00,29.84,0.00,0.00,0.00,273.48,38.59,312.07,yes,yes,0,0,9,0.00
800000029932117130,12060 Potranco Road,Adrian Morales,Server,9/23/25 2:03 PM,9/23/25 9:03 PM,9/23/25 9:15 PM,7.21,0.00,20.21,0.00,66.42,0.00,0.00,0.00,439.56,20.21,459.77,yes,yes,0,0,11,0.00
800000029932525505,12060 Potranco Road,Mario Jimenez,Driver,9/23/25 2:16 PM,9/23/25 8:59 PM,9/23/25 9:00 PM,6.73,0.00,0.00,31.31,13.69,0.00,0.00,0.00,265.27,31.31,296.58,yes,yes,0,0,20,0.00
800000029933648361,12060 Potranco Road,Emanuel Sanchez,Server,9/23/25 2:54 PM,9/23/25 5:56 PM,9/23/25 5:57 PM,3.04,0.00,0.00,0.00,0.00,0.00,0.00,0.00,0.00,0.00,0.00,yes,yes,0,0,0,0.00
