Location,Order #,Opened Date,Server,Table,Discount Name,Discount Reason,Comment,Discount Amount
Tink-a-Tako - Potranco,335,10/6/25 6:56 PM,Sergio Abundiz,33,Military Discount,,,1.10
Tink-a-Tako - Potranco,335,10/6/25 6:56 PM,Sergio Abundiz,33,Military Discount,,,0.70
Tink-a-Tako - Potranco,321,10/6/25 6:28 PM,Lizeth Alonso,,Military Discount,,,0.35
Tink-a-Tako - Potranco,321,10/6/25 6:28 PM,Lizeth Alonso,,Military Discount,,,0.35
Tink-a-Tako - Potranco,285,10/6/25 3:28 PM,Lizeth Alonso,,Police Discount,,,0.90
Tink-a-Tako - Potranco,285,10/6/25 3:28 PM,Lizeth Alonso,,Police Discount,,,1.00
Tink-a-Tako - Potranco,274,10/6/25 2:46 PM,Lizeth Alonso,,Open $ Check,,,10.99
Tink-a-Tako - Potranco,253,10/6/25 1:32 PM,Lizeth Alonso,,Open % Item,,,2.20
Tink-a-Tako - Potranco,237,10/6/25 1:07 PM,Nadia  Reyes,,Open % Check,,,0.58
Tink-a-Tako - Potranco,199,10/6/25 11:52 AM,Ivana Abundiz,,Open % Check,,,2.53
Tink-a-Tako - Potranco,191,10/6/25 11:42 AM,Nadia  Reyes,,Open % Item,,,2.60
Tink-a-Tako - Potranco,191,10/6/25 11:42 AM,Nadia  Reyes,,Open % Item,,,2.20
Tink-a-Tako - Potranco,191,10/6/25 11:42 AM,Nadia  Reyes,,Open % Item,,,5.20
Tink-a-Tako - Potranco,191,10/6/25 11:42 AM,Nadia  Reyes,,Open % Item,,,2.20
Tink-a-Tako - Potranco,157,10/6/25 10:51 AM,Silvia Hernandez,38,Open % Item,,,0.40
Tink-a-Tako - Potranco,157,10/6/25 10:51 AM,Silvia Hernandez,38,Open % Item,,,0.88
Tink-a-Tako - Potranco,157,10/6/25 10:51 AM,Silvia Hernandez,38,Open % Item,,,0.96
Tink-a-Tako - Potranco,121,10/6/25 10:02 AM,Rosie  ORDONEZ,26,Employee Discount - Check,Employee Discount,Sr hector,11.98
Tink-a-Tako - Potranco,85,10/6/25 9:08 AM,Rosa Compean,12,Open % Item,,,1.80
Tink-a-Tako - Potranco,85,10/6/25 9:08 AM,Rosa Compean,12,Open % Item,,,1.40
Tink-a-Tako - Potranco,85,10/6/25 9:08 AM,Rosa Compean,12,Open % Item,,,1.80
Tink-a-Tako - Potranco,85,10/6/25 9:08 AM,Rosa Compean,12,Open % Item,,,0.40
Tink-a-Tako - Potranco,85,10/6/25 9:08 AM,Rosa Compean,12,Open % Item,,,2.40
Tink-a-Tako - Potranco,66,10/6/25 8:41 AM,Maria Majana,31,Open % Item,,,4.50
