Location,Order #,Opened,# of Guests,Server,Table,Discount Amount,Amount,Tax,Tip,Gratuity
Tink-a-Tako - Potranco,1,10/6/25 6:04 AM,1,Nadia  Reyes,,0.00,7.73,0.63,0.00,0.00
Tink-a-Tako - Potranco,2,10/6/25 6:31 AM,1,Maria Majana,,0.00,9.27,0.77,3.00,0.00
Tink-a-Tako - Potranco,3,10/6/25 6:32 AM,1,Nadia  Reyes,,0.00,3.98,0.33,0.00,0.00
Tink-a-Tako - Potranco,5,10/6/25 6:33 AM,1,Nadia  Reyes,,0.00,12.94,1.08,0.00,0.00
Tink-a-Tako - Potranco,4,10/6/25 6:33 AM,1,Maria Majana,,0.00,10.86,0.90,0.00,0.00
Tink-a-Tako - Potranco,6,10/6/25 6:37 AM,1,Nadia  Reyes,,0.00,4.58,0.38,0.00,0.00
Tink-a-Tako - Potranco,8,10/6/25 6:38 AM,1,Nadia  Reyes,,0.00,8.67,0.72,0.00,0.00
Tink-a-Tako - Potranco,7,10/6/25 6:38 AM,1,Maria Majana,,0.00,9.98,0.82,0.00,0.00
Tink-a-Tako - Potranco,9,10/6/25 6:43 AM,1,Maria Majana,,0.00,0.00,0.00,0.00,0.00
Tink-a-Tako - Potranco,11,10/6/25 6:53 AM,1,Nadia  Reyes,,0.00,5.88,0.49,0.00,0.00
Tink-a-Tako - Potranco,12,10/6/25 7:06 AM,1,Nadia  Reyes,,0.00,25.88,2.14,0.00,0.00
Tink-a-Tako - Potranco,13,10/6/25 7:06 AM,1,Nadia  Reyes,,0.00,26.37,2.17,0.00,0.00
Tink-a-Tako - Potranco,14,10/6/25 7:15 AM,1,Nadia  Reyes,,0.00,16.14,1.33,0.00,0.00
Tink-a-Tako - Potranco,15,10/6/25 7:16 AM,1,Nadia  Reyes,,0.00,10.47,0.87,0.00,0.00
Tink-a-Tako - Potranco,16,10/6/25 7:17 AM,1,Nadia  Reyes,,0.00,7.97,0.66,0.00,0.00
Tink-a-Tako - Potranco,18,10/6/25 7:18 AM,1,Maria Majana,24,0.00,28.04,2.33,4.00,0.00
Tink-a-Tako - Potranco,19,10/6/25 7:28 AM,1,Nadia  Reyes,,0.00,7.47,0.62,1.00,0.00
Tink-a-Tako - Potranco,20,10/6/25 7:32 AM,1,Nadia  Reyes,,0.00,2.49,0.21,1.00,0.00
Tink-a-Tako - Potranco,22,10/6/25 7:36 AM,1,Nadia  Reyes,,0.00,7.76,0.64,1.71,0.00
Tink-a-Tako - Potranco,23,10/6/25 7:36 AM,1,Nadia  Reyes,,0.00,6.24,0.51,0.00,0.00
Tink-a-Tako - Potranco,24,10/6/25 7:37 AM,1,Maria Majana,,0.00,3.98,0.33,0.00,0.00
Tink-a-Tako - Potranco,26,10/6/25 7:39 AM,1,Nadia  Reyes,,0.00,4.38,0.36,0.96,0.00
Tink-a-Tako - Potranco,25,10/6/25 7:38 AM,1,Maria Majana,,0.00,24.29,2.01,0.00,0.00
Tink-a-Tako - Potranco,27,10/6/25 7:41 AM,1,Nadia  Reyes,,0.00,1.79,0.15,0.00,0.00
Tink-a-Tako - Potranco,29,10/6/25 7:41 AM,1,Rosie  ORDONEZ,,0.00,7.67,0.63,3.00,0.00
Tink-a-Tako - Potranco,30,10/6/25 7:42 AM,1,Nadia  Reyes,,0.00,7.23,0.59,0.00,0.00
Tink-a-Tako - Potranco,31,10/6/25 7:46 AM,1,Nadia  Reyes,,0.00,2.99,0.25,0.00,0.00
Tink-a-Tako - Potranco,32,10/6/25 7:49 AM,1,Nadia  Reyes,,0.00,4.28,0.36,2.00,0.00
Tink-a-Tako - Potranco,33,10/6/25 7:54 AM,1,Nadia  Reyes,,0.00,10.46,0.87,0.00,0.00
Tink-a-Tako - Potranco,37,10/6/25 7:57 AM,1,Nadia  Reyes,,0.00,2.99,0.25,0.00,0.00
Tink-a-Tako - Potranco,36,10/6/25 7:57 AM,2,Maria Majana,32,0.00,17.60,1.45,7.00,0.00
Tink-a-Tako - Potranco,39,10/6/25 7:59 AM,2,Maria Majana,33,0.00,30.38,2.49,0.00,0.00
Tink-a-Tako - Potranco,40,10/6/25 8:00 AM,1,Maria Majana,25,0.00,7.68,0.62,3.00,0.00
Tink-a-Tako - Potranco,38,10/6/25 7:57 AM,1,Nadia  Reyes,,0.00,9.55,0.79,0.00,0.00
Tink-a-Tako - Potranco,41,10/6/25 8:04 AM,1,Nadia  Reyes,,0.00,9.76,0.81,0.00,0.00
Tink-a-Tako - Potranco,42,10/6/25 8:04 AM,1,Nadia  Reyes,,0.00,18.40,1.52,0.00,0.00
Tink-a-Tako - Potranco,43,10/6/25 8:05 AM,1,Nadia  Reyes,,0.00,3.98,0.33,0.00,0.00
Tink-a-Tako - Potranco,44,10/6/25 8:06 AM,1,Nadia  Reyes,,0.00,4.98,0.41,2.00,0.00
Tink-a-Tako - Potranco,46,10/6/25 8:11 AM,1,Nadia  Reyes,,0.00,13.14,1.09,0.00,0.00
Tink-a-Tako - Potranco,47,10/6/25 8:12 AM,1,Nadia  Reyes,,0.00,15.52,1.28,0.00,0.00
Tink-a-Tako - Potranco,45,10/6/25 8:09 AM,2,Maria Majana,18,0.00,27.93,2.32,0.00,0.00
Tink-a-Tako - Potranco,48,10/6/25 8:13 AM,2,Maria Majana,3,0.00,16.21,1.34,5.00,0.00
Tink-a-Tako - Potranco,49,10/6/25 8:17 AM,1,Nadia  Reyes,,0.00,6.48,0.54,0.00,0.00
Tink-a-Tako - Potranco,50,10/6/25 8:17 AM,1,Ivana Abundiz,,0.00,9.26,0.76,3.00,0.00
Tink-a-Tako - Potranco,52,10/6/25 8:19 AM,1,Nadia  Reyes,,0.00,10.75,0.88,2.15,0.00
Tink-a-Tako - Potranco,53,10/6/25 8:19 AM,1,Nadia  Reyes,,0.00,9.96,0.81,0.00,0.00
Tink-a-Tako - Potranco,54,10/6/25 8:20 AM,1,Nadia  Reyes,,0.00,3.98,0.32,0.00,0.00
Tink-a-Tako - Potranco,55,10/6/25 8:23 AM,2,Rosie  ORDONEZ,37,0.00,14.76,1.22,0.00,0.00
Tink-a-Tako - Potranco,57,10/6/25 8:29 AM,1,Nadia  Reyes,,0.00,7.97,0.66,1.59,0.00
Tink-a-Tako - Potranco,60,10/6/25 8:32 AM,1,Nadia  Reyes,,0.00,7.98,0.66,0.00,0.00
Tink-a-Tako - Potranco,61,10/6/25 8:32 AM,1,Nadia  Reyes,,0.00,7.27,0.60,1.60,0.00
Tink-a-Tako - Potranco,62,10/6/25 8:34 AM,2,Maria Majana,23,0.00,26.51,2.17,2.00,0.00
Tink-a-Tako - Potranco,63,10/6/25 8:37 AM,1,Nadia  Reyes,,0.00,8.97,0.75,0.00,0.00
Tink-a-Tako - Potranco,64,10/6/25 8:39 AM,1,Nadia  Reyes,,0.00,5.98,0.50,0.00,0.00
Tink-a-Tako - Potranco,65,10/6/25 8:39 AM,1,Nadia  Reyes,,0.00,3.78,0.31,0.00,0.00
Tink-a-Tako - Potranco,66,10/6/25 8:41 AM,1,Maria Majana,31,4.50,7.73,0.64,6.00,0.00
Tink-a-Tako - Potranco,67,10/6/25 8:41 AM,1,Ivana Abundiz,,0.00,5.37,0.44,0.00,0.00
Tink-a-Tako - Potranco,68,10/6/25 8:43 AM,1,Nadia  Reyes,,0.00,11.77,0.97,0.00,0.00
Tink-a-Tako - Potranco,69,10/6/25 8:43 AM,1,Nadia  Reyes,,0.00,5.37,0.44,0.00,0.00
Tink-a-Tako - Potranco,70,10/6/25 8:45 AM,1,Nadia  Reyes,,0.00,11.26,0.94,0.00,0.00
Tink-a-Tako - Potranco,71,10/6/25 8:49 AM,1,Nadia  Reyes,,0.00,10.57,0.86,2.11,0.00
Tink-a-Tako - Potranco,72,10/6/25 8:50 AM,1,Nadia  Reyes,,0.00,4.98,0.41,0.75,0.00
Tink-a-Tako - Potranco,73,10/6/25 8:52 AM,1,Nadia  Reyes,,0.00,12.77,1.05,0.00,0.00
Tink-a-Tako - Potranco,74,10/6/25 8:53 AM,1,Nadia  Reyes,,0.00,10.92,0.90,0.00,0.00
Tink-a-Tako - Potranco,75,10/6/25 8:54 AM,1,Nadia  Reyes,,0.00,6.98,0.57,1.05,0.00
Tink-a-Tako - Potranco,76,10/6/25 8:55 AM,1,Nadia  Reyes,,0.00,9.66,0.79,1.93,0.00
Tink-a-Tako - Potranco,77,10/6/25 8:58 AM,1,Nadia  Reyes,,0.00,8.96,0.73,0.00,0.00
Tink-a-Tako - Potranco,78,10/6/25 9:00 AM,2,Rosa Compean,25,0.00,13.97,1.14,0.00,0.00
Tink-a-Tako - Potranco,79,10/6/25 9:01 AM,1,Nadia  Reyes,,0.00,20.80,1.71,3.12,0.00
Tink-a-Tako - Potranco,80,10/6/25 9:02 AM,1,Nadia  Reyes,,0.00,12.99,1.07,0.00,0.00
Tink-a-Tako - Potranco,81,10/6/25 9:02 AM,1,Nadia  Reyes,,0.00,2.49,0.21,0.00,0.00
Tink-a-Tako - Potranco,82,10/6/25 9:04 AM,1,Ivana Abundiz,,0.00,17.41,1.43,0.00,0.00
Tink-a-Tako - Potranco,83,10/6/25 9:05 AM,1,Silvia Hernandez,36,0.00,14.69,1.21,0.00,0.00
Tink-a-Tako - Potranco,84,10/6/25 9:07 AM,1,Nadia  Reyes,,0.00,9.75,0.81,0.00,0.00
Tink-a-Tako - Potranco,85,10/6/25 9:08 AM,4,Rosa Compean,12,7.80,52.51,4.33,9.19,0.00
Tink-a-Tako - Potranco,87,10/6/25 9:23 AM,1,Nadia  Reyes,,0.00,5.98,0.49,0.90,0.00
Tink-a-Tako - Potranco,88,10/6/25 9:25 AM,1,Nadia  Reyes,,0.00,4.28,0.36,0.00,0.00
Tink-a-Tako - Potranco,89,10/6/25 9:29 AM,2,Rosa Compean,17,0.00,23.96,1.98,4.06,0.00
Tink-a-Tako - Potranco,90,10/6/25 9:30 AM,2,Maria Majana,3,0.00,13.67,1.11,0.00,0.00
Tink-a-Tako - Potranco,91,10/6/25 9:31 AM,1,Nadia  Reyes,,0.00,5.48,0.45,1.21,0.00
Tink-a-Tako - Potranco,92,10/6/25 9:32 AM,1,Nadia  Reyes,,0.00,12.57,1.03,0.00,0.00
Tink-a-Tako - Potranco,93,10/6/25 9:33 AM,1,Nadia  Reyes,,0.00,7.79,0.64,0.00,0.00
Tink-a-Tako - Potranco,94,10/6/25 9:33 AM,2,Rosa Compean,38,0.00,26.00,2.14,0.00,0.00
Tink-a-Tako - Potranco,95,10/6/25 9:34 AM,1,Nadia  Reyes,,0.00,14.95,1.23,0.00,0.00
Tink-a-Tako - Potranco,96,10/6/25 9:35 AM,1,Nadia  Reyes,,0.00,10.76,0.89,0.00,0.00
Tink-a-Tako - Potranco,97,10/6/25 9:36 AM,1,Nadia  Reyes,,0.00,4.98,0.41,0.00,0.00
Tink-a-Tako - Potranco,99,10/6/25 9:37 AM,1,Nadia  Reyes,,0.00,9.72,0.79,0.00,0.00
Tink-a-Tako - Potranco,98,10/6/25 9:37 AM,2,Silvia Hernandez,32,0.00,19.24,1.59,0.00,0.00
Tink-a-Tako - Potranco,100,10/6/25 9:40 AM,1,Nadia  Reyes,,0.00,17.94,1.48,2.69,0.00
Tink-a-Tako - Potranco,102,10/6/25 9:41 AM,2,Rosa Compean,8,0.00,15.16,1.25,0.00,0.00
Tink-a-Tako - Potranco,103,10/6/25 9:41 AM,1,Nadia  Reyes,,0.00,34.88,2.88,0.00,0.00
Tink-a-Tako - Potranco,105,10/6/25 9:43 AM,1,Ivana Abundiz,,0.00,3.98,0.32,0.00,0.00
Tink-a-Tako - Potranco,104,10/6/25 9:42 AM,2,Maria Majana,20,0.00,56.72,4.66,10.00,0.00
Tink-a-Tako - Potranco,106,10/6/25 9:43 AM,1,Nadia  Reyes,,0.00,8.03,0.66,1.20,0.00
Tink-a-Tako - Potranco,107,10/6/25 9:46 AM,1,Ivana Abundiz,,0.00,14.35,1.18,0.00,0.00
Tink-a-Tako - Potranco,108,10/6/25 9:46 AM,1,Nadia  Reyes,,0.00,8.37,0.69,0.00,0.00
Tink-a-Tako - Potranco,109,10/6/25 9:49 AM,1,Nadia  Reyes,,0.00,9.76,0.81,0.00,0.00
Tink-a-Tako - Potranco,111,10/6/25 9:50 AM,2,Silvia Hernandez,7,0.00,29.46,2.44,5.00,0.00
Tink-a-Tako - Potranco,110,10/6/25 9:49 AM,1,Nadia  Reyes,,0.00,6.97,0.57,0.00,0.00
Tink-a-Tako - Potranco,112,10/6/25 9:52 AM,1,Nadia  Reyes,,0.00,6.98,0.57,0.00,0.00
Tink-a-Tako - Potranco,113,10/6/25 9:54 AM,2,Rosa Compean,23,0.00,32.42,2.67,10.00,0.00
Tink-a-Tako - Potranco,114,10/6/25 9:54 AM,1,Nadia  Reyes,,0.00,14.95,1.23,0.00,0.00
Tink-a-Tako - Potranco,117,10/6/25 9:55 AM,1,Nadia  Reyes,,0.00,11.77,0.97,1.77,0.00
Tink-a-Tako - Potranco,118,10/6/25 9:58 AM,1,Nadia  Reyes,,0.00,10.47,0.86,0.00,0.00
Tink-a-Tako - Potranco,120,10/6/25 10:00 AM,1,Nadia  Reyes,,0.00,18.94,1.56,0.00,0.00
Tink-a-Tako - Potranco,121,10/6/25 10:02 AM,1,Rosie  ORDONEZ,26,11.98,0.00,0.00,0.00,0.00
Tink-a-Tako - Potranco,122,10/6/25 10:03 AM,1,Nadia  Reyes,,0.00,9.97,0.82,0.00,0.00
Tink-a-Tako - Potranco,123,10/6/25 10:05 AM,2,Silvia Hernandez,18,0.00,10.87,0.90,3.00,0.00
Tink-a-Tako - Potranco,119,10/6/25 10:00 AM,4,Maria Majana,31,0.00,44.19,3.65,0.00,0.00
Tink-a-Tako - Potranco,124,10/6/25 10:06 AM,1,Nadia  Reyes,,0.00,19.03,1.56,2.00,0.00
Tink-a-Tako - Potranco,125,10/6/25 10:08 AM,1,Nadia  Reyes,,0.00,4.98,0.41,0.00,0.00
Tink-a-Tako - Potranco,126,10/6/25 10:08 AM,1,Rosa Compean,36,0.00,18.18,1.49,3.00,0.00
Tink-a-Tako - Potranco,127,10/6/25 10:12 AM,2,Rosa Compean,4,0.00,30.41,2.51,0.00,0.00
Tink-a-Tako - Potranco,128,10/6/25 10:16 AM,1,Nadia  Reyes,,0.00,17.56,1.45,0.00,0.00
Tink-a-Tako - Potranco,129,10/6/25 10:16 AM,1,Nadia  Reyes,,0.00,21.44,1.76,0.00,0.00
Tink-a-Tako - Potranco,131,10/6/25 10:17 AM,2,Silvia Hernandez,19,0.00,41.74,3.45,3.00,0.00
Tink-a-Tako - Potranco,130,10/6/25 10:17 AM,1,Nadia  Reyes,,0.00,20.84,1.72,0.00,0.00
Tink-a-Tako - Potranco,132,10/6/25 10:18 AM,1,Nadia  Reyes,,0.00,7.47,0.62,1.12,0.00
Tink-a-Tako - Potranco,135,10/6/25 10:18 AM,2,Rosa Compean,33,0.00,31.44,2.60,5.00,0.00
Tink-a-Tako - Potranco,133,10/6/25 10:18 AM,2,Maria Majana,38,0.00,16.55,1.38,0.00,0.00
Tink-a-Tako - Potranco,134,10/6/25 10:18 AM,1,Nadia  Reyes,,0.00,15.34,1.27,0.00,0.00
Tink-a-Tako - Potranco,136,10/6/25 10:20 AM,1,Ivana Abundiz,,0.00,24.34,2.00,0.00,0.00
Tink-a-Tako - Potranco,137,10/6/25 10:23 AM,1,Nadia  Reyes,,0.00,5.97,0.49,0.00,0.00
Tink-a-Tako - Potranco,138,10/6/25 10:24 AM,1,Nadia  Reyes,,0.00,7.03,0.58,0.00,0.00
Tink-a-Tako - Potranco,139,10/6/25 10:28 AM,1,Nadia  Reyes,,0.00,6.18,0.51,0.00,0.00
Tink-a-Tako - Potranco,141,10/6/25 10:30 AM,1,Nadia  Reyes,,0.00,10.00,0.82,0.00,0.00
Tink-a-Tako - Potranco,140,10/6/25 10:28 AM,2,Silvia Hernandez,9,0.00,26.96,2.23,0.00,0.00
Tink-a-Tako - Potranco,142,10/6/25 10:30 AM,1,Nadia  Reyes,,0.00,9.43,0.77,0.00,0.00
Tink-a-Tako - Potranco,144,10/6/25 10:35 AM,1,Nadia  Reyes,,0.00,1.99,0.16,0.00,0.00
Tink-a-Tako - Potranco,145,10/6/25 10:36 AM,1,Ivana Abundiz,,0.00,16.55,1.37,0.00,0.00
Tink-a-Tako - Potranco,146,10/6/25 10:37 AM,2,Rosa Compean,25,0.00,16.85,1.37,0.00,0.00
Tink-a-Tako - Potranco,147,10/6/25 10:39 AM,2,Silvia Hernandez,24,0.00,24.35,1.99,0.00,0.00
Tink-a-Tako - Potranco,148,10/6/25 10:40 AM,2,Rosa Compean,7,0.00,9.62,0.79,7.00,0.00
Tink-a-Tako - Potranco,150,10/6/25 10:41 AM,1,Nadia  Reyes,,0.00,12.34,1.02,0.00,0.00
Tink-a-Tako - Potranco,149,10/6/25 10:40 AM,3,Silvia Hernandez,15,0.00,42.54,3.50,5.00,0.00
Tink-a-Tako - Potranco,152,10/6/25 10:42 AM,1,Nadia  Reyes,,0.00,9.27,0.76,0.00,0.00
Tink-a-Tako - Potranco,151,10/6/25 10:41 AM,2,Maria Majana,18,0.00,25.47,2.10,4.00,0.00
Tink-a-Tako - Potranco,153,10/6/25 10:46 AM,1,Nadia  Reyes,,0.00,5.97,0.49,0.90,0.00
Tink-a-Tako - Potranco,154,10/6/25 10:46 AM,1,Maria Majana,32,0.00,15.19,1.25,6.00,0.00
Tink-a-Tako - Potranco,155,10/6/25 10:46 AM,1,Ivana Abundiz,,0.00,8.26,0.68,0.00,0.00
Tink-a-Tako - Potranco,156,10/6/25 10:49 AM,2,Rosa Compean,8,0.00,37.02,3.07,0.00,0.00
Tink-a-Tako - Potranco,157,10/6/25 10:51 AM,2,Silvia Hernandez,38,2.24,26.38,2.17,0.00,0.00
Tink-a-Tako - Potranco,158,10/6/25 10:53 AM,2,Silvia Hernandez,3,0.00,8.76,0.73,6.00,0.00
Tink-a-Tako - Potranco,159,10/6/25 10:53 AM,1,Nadia  Reyes,,0.00,36.47,3.01,0.00,0.00
Tink-a-Tako - Potranco,160,10/6/25 10:57 AM,2,Rosa Compean,35,0.00,25.66,2.11,0.00,0.00
Tink-a-Tako - Potranco,161,10/6/25 10:57 AM,1,Nadia  Reyes,,0.00,22.83,1.88,0.00,0.00
Tink-a-Tako - Potranco,163,10/6/25 11:02 AM,2,Maria Majana,33,0.00,23.96,1.98,4.50,0.00
Tink-a-Tako - Potranco,162,10/6/25 10:58 AM,1,Nadia  Reyes,,0.00,9.77,0.81,0.00,0.00
Tink-a-Tako - Potranco,165,10/6/25 11:07 AM,1,Nadia  Reyes,,0.00,7.97,0.66,0.00,0.00
Tink-a-Tako - Potranco,167,10/6/25 11:08 AM,1,Nadia  Reyes,,0.00,12.57,1.04,0.00,0.00
Tink-a-Tako - Potranco,168,10/6/25 11:10 AM,2,Maria Majana,7,0.00,8.99,0.74,5.00,0.00
Tink-a-Tako - Potranco,169,10/6/25 11:11 AM,3,Silvia Hernandez,40,0.00,61.61,5.07,0.00,0.00
Tink-a-Tako - Potranco,170,10/6/25 11:12 AM,1,Nadia  Reyes,,0.00,12.86,1.06,0.00,0.00
Tink-a-Tako - Potranco,171,10/6/25 11:13 AM,1,Nadia  Reyes,,0.00,5.97,0.48,0.00,0.00
Tink-a-Tako - Potranco,164,10/6/25 11:03 AM,3,Rosa Compean,2,0.00,20.53,1.68,5.00,0.00
Tink-a-Tako - Potranco,172,10/6/25 11:20 AM,1,Nadia  Reyes,,0.00,13.45,1.10,0.00,0.00
Tink-a-Tako - Potranco,173,10/6/25 11:20 AM,1,Nadia  Reyes,,0.00,8.97,0.74,1.35,0.00
Tink-a-Tako - Potranco,174,10/6/25 11:23 AM,1,Nadia  Reyes,,0.00,1.99,0.16,0.00,0.00
Tink-a-Tako - Potranco,175,10/6/25 11:25 AM,1,Nadia  Reyes,,0.00,14.06,1.16,0.00,0.00
Tink-a-Tako - Potranco,176,10/6/25 11:27 AM,1,Ivana Abundiz,,0.00,12.99,1.07,0.00,0.00
Tink-a-Tako - Potranco,178,10/6/25 11:28 AM,1,Nadia  Reyes,,0.00,9.96,0.81,2.19,0.00
Tink-a-Tako - Potranco,177,10/6/25 11:28 AM,1,Ivana Abundiz,,0.00,15.90,1.30,3.00,0.00
Tink-a-Tako - Potranco,180,10/6/25 11:29 AM,1,Rosa Compean,,0.00,12.73,1.04,2.00,0.00
Tink-a-Tako - Potranco,181,10/6/25 11:30 AM,1,Nadia  Reyes,,0.00,12.95,1.07,0.00,0.00
Tink-a-Tako - Potranco,182,10/6/25 11:31 AM,1,Nadia  Reyes,,0.00,11.97,0.99,0.00,0.00
Tink-a-Tako - Potranco,183,10/6/25 11:32 AM,1,Nadia  Reyes,,0.00,9.67,0.79,0.00,0.00
Tink-a-Tako - Potranco,185,10/6/25 11:33 AM,1,Silvia Hernandez,25,0.00,15.94,1.31,10.00,0.00
Tink-a-Tako - Potranco,184,10/6/25 11:33 AM,1,Nadia  Reyes,,0.00,8.43,0.69,1.26,0.00
Tink-a-Tako - Potranco,186,10/6/25 11:35 AM,1,Rosa Compean,,0.00,25.14,2.07,5.00,0.00
Tink-a-Tako - Potranco,188,10/6/25 11:37 AM,1,Nadia  Reyes,,0.00,18.49,1.54,0.00,0.00
Tink-a-Tako - Potranco,189,10/6/25 11:38 AM,1,Nadia  Reyes,,0.00,23.98,1.98,0.00,0.00
Tink-a-Tako - Potranco,191,10/6/25 11:42 AM,1,Nadia  Reyes,,12.20,48.76,4.03,0.00,0.00
Tink-a-Tako - Potranco,192,10/6/25 11:42 AM,3,Maria Majana,24,0.00,37.65,3.10,8.00,0.00
Tink-a-Tako - Potranco,193,10/6/25 11:44 AM,1,Nadia  Reyes,,0.00,27.40,2.26,4.00,0.00
Tink-a-Tako - Potranco,194,10/6/25 11:45 AM,1,Maria Majana,36,0.00,7.47,0.62,10.00,0.00
Tink-a-Tako - Potranco,196,10/6/25 11:47 AM,1,Nadia  Reyes,,0.00,9.78,0.81,1.47,0.00
Tink-a-Tako - Potranco,195,10/6/25 11:47 AM,2,Silvia Hernandez,18,0.00,29.20,2.42,5.38,0.00
Tink-a-Tako - Potranco,198,10/6/25 11:49 AM,1,Rosa Compean,20,0.00,8.27,0.69,5.00,0.00
Tink-a-Tako - Potranco,197,10/6/25 11:48 AM,1,Nadia  Reyes,,0.00,16.26,1.34,0.00,0.00
Tink-a-Tako - Potranco,199,10/6/25 11:52 AM,1,Ivana Abundiz,,2.53,10.13,0.83,0.00,0.00
Tink-a-Tako - Potranco,200,10/6/25 11:53 AM,1,Nadia  Reyes,,0.00,8.47,0.69,0.00,0.00
Tink-a-Tako - Potranco,201,10/6/25 11:58 AM,1,Nadia  Reyes,,0.00,2.99,0.25,0.50,0.00
Tink-a-Tako - Potranco,203,10/6/25 12:00 PM,2,Rosa Compean,17,0.00,26.55,2.19,6.00,0.00
Tink-a-Tako - Potranco,204,10/6/25 12:00 PM,1,Nadia  Reyes,,0.00,2.29,0.19,0.46,0.00
Tink-a-Tako - Potranco,205,10/6/25 12:01 PM,1,Nadia  Reyes,,0.00,7.96,0.66,0.00,0.00
Tink-a-Tako - Potranco,206,10/6/25 12:03 PM,1,Nadia  Reyes,,0.00,14.58,1.20,0.00,0.00
Tink-a-Tako - Potranco,207,10/6/25 12:07 PM,3,Silvia Hernandez,19,0.00,47.83,3.95,10.00,0.00
Tink-a-Tako - Potranco,208,10/6/25 12:09 PM,1,Nadia  Reyes,,0.00,26.74,2.21,2.00,0.00
Tink-a-Tako - Potranco,210,10/6/25 12:10 PM,2,Maria Majana,9,0.00,33.08,2.72,8.00,0.00
Tink-a-Tako - Potranco,211,10/6/25 12:15 PM,1,Nadia  Reyes,,0.00,4.08,0.34,0.00,0.00
Tink-a-Tako - Potranco,212,10/6/25 12:19 PM,2,Silvia Hernandez,32,0.00,38.12,3.13,12.00,0.00
Tink-a-Tako - Potranco,214,10/6/25 12:22 PM,1,Nadia  Reyes,,0.00,21.98,1.81,3.30,0.00
Tink-a-Tako - Potranco,213,10/6/25 12:21 PM,1,Ivana Abundiz,,0.00,31.97,2.63,0.00,0.00
Tink-a-Tako - Potranco,215,10/6/25 12:22 PM,1,Nadia  Reyes,,0.00,7.78,0.64,1.56,0.00
Tink-a-Tako - Potranco,216,10/6/25 12:26 PM,2,Maria Majana,8,0.00,21.23,1.75,10.00,0.00
Tink-a-Tako - Potranco,218,10/6/25 12:27 PM,4,Rosa Compean,22,0.00,53.64,4.44,10.00,0.00
Tink-a-Tako - Potranco,220,10/6/25 12:31 PM,2,Rosa Compean,23,0.00,24.38,2.00,5.00,0.00
Tink-a-Tako - Potranco,221,10/6/25 12:31 PM,1,Nadia  Reyes,,0.00,8.73,0.72,1.75,0.00
Tink-a-Tako - Potranco,222,10/6/25 12:36 PM,2,Silvia Hernandez,25,0.00,13.66,1.13,0.00,0.00
Tink-a-Tako - Potranco,223,10/6/25 12:38 PM,1,Nadia  Reyes,,0.00,13.94,1.14,0.00,0.00
Tink-a-Tako - Potranco,224,10/6/25 12:41 PM,3,Silvia Hernandez,15,0.00,37.66,3.09,6.00,0.00
Tink-a-Tako - Potranco,225,10/6/25 12:45 PM,3,Silvia Hernandez,7,0.00,49.41,4.08,0.00,0.00
Tink-a-Tako - Potranco,226,10/6/25 12:50 PM,1,Nadia  Reyes,,0.00,23.43,1.94,0.00,0.00
Tink-a-Tako - Potranco,228,10/6/25 12:52 PM,2,Rosa Compean,10,0.00,11.56,0.96,0.00,0.00
Tink-a-Tako - Potranco,227,10/6/25 12:52 PM,1,Nadia  Reyes,,0.00,42.13,3.47,0.00,0.00
Tink-a-Tako - Potranco,229,10/6/25 12:53 PM,1,Nadia  Reyes,,0.00,7.84,0.64,0.00,0.00
Tink-a-Tako - Potranco,230,10/6/25 12:58 PM,1,Nadia  Reyes,,0.00,8.78,0.72,1.93,0.00
Tink-a-Tako - Potranco,233,10/6/25 1:02 PM,2,Rosa Compean,32,0.00,26.23,2.16,5.00,0.00
Tink-a-Tako - Potranco,232,10/6/25 1:02 PM,2,Maria Majana,24,0.00,34.38,2.83,0.00,0.00
Tink-a-Tako - Potranco,234,10/6/25 1:04 PM,1,Ivana Abundiz,,0.00,8.99,0.74,0.00,0.00
Tink-a-Tako - Potranco,235,10/6/25 1:04 PM,1,Silvia Hernandez,26,0.00,7.77,0.64,0.00,0.00
Tink-a-Tako - Potranco,236,10/6/25 1:05 PM,2,Rosa Compean,36,0.00,31.95,2.64,0.00,0.00
Tink-a-Tako - Potranco,237,10/6/25 1:07 PM,1,Nadia  Reyes,,0.58,5.20,0.43,1.16,0.00
Tink-a-Tako - Potranco,238,10/6/25 1:10 PM,1,Nadia  Reyes,,0.00,1.99,0.16,0.00,0.00
Tink-a-Tako - Potranco,239,10/6/25 1:10 PM,1,Nadia  Reyes,,0.00,4.28,0.36,0.00,0.00
Tink-a-Tako - Potranco,242,10/6/25 1:14 PM,1,Nadia  Reyes,,0.00,5.98,0.49,0.00,0.00
Tink-a-Tako - Potranco,243,10/6/25 1:18 PM,1,Lizeth Alonso,,0.00,5.28,0.44,0.00,0.00
Tink-a-Tako - Potranco,244,10/6/25 1:18 PM,1,Lizeth Alonso,,0.00,7.38,0.61,0.00,0.00
Tink-a-Tako - Potranco,246,10/6/25 1:23 PM,1,Lizeth Alonso,,0.00,13.36,1.09,0.00,0.00
Tink-a-Tako - Potranco,248,10/6/25 1:24 PM,1,Lizeth Alonso,,0.00,1.99,0.16,0.00,0.00
Tink-a-Tako - Potranco,249,10/6/25 1:24 PM,1,Lizeth Alonso,,0.00,15.99,1.32,3.00,0.00
Tink-a-Tako - Potranco,247,10/6/25 1:23 PM,2,Silvia Hernandez,9,0.00,32.36,2.66,5.00,0.00
Tink-a-Tako - Potranco,250,10/6/25 1:25 PM,1,Lizeth Alonso,,0.00,29.97,2.47,3.00,0.00
Tink-a-Tako - Potranco,252,10/6/25 1:26 PM,2,Rosa Compean,17,0.00,13.36,1.10,0.00,0.00
Tink-a-Tako - Potranco,253,10/6/25 1:32 PM,1,Lizeth Alonso,,2.20,8.79,0.73,0.00,0.00
Tink-a-Tako - Potranco,255,10/6/25 1:35 PM,1,Lizeth Alonso,,0.00,31.26,2.57,0.00,0.00
Tink-a-Tako - Potranco,257,10/6/25 1:42 PM,1,Lizeth Alonso,,0.00,10.57,0.87,0.00,0.00
Tink-a-Tako - Potranco,259,10/6/25 1:43 PM,3,Rosa Compean,15,0.00,40.64,3.34,0.00,0.00
Tink-a-Tako - Potranco,263,10/6/25 1:48 PM,1,Rosa Compean,12,0.00,10.99,0.90,5.00,0.00
Tink-a-Tako - Potranco,264,10/6/25 1:49 PM,2,Rosa Compean,33,0.00,17.96,1.48,0.00,0.00
Tink-a-Tako - Potranco,262,10/6/25 1:48 PM,2,Sergio Abundiz,25,0.00,34.24,2.82,0.00,0.00
Tink-a-Tako - Potranco,265,10/6/25 1:54 PM,1,Sergio Abundiz,20,0.00,17.69,1.45,4.00,0.00
Tink-a-Tako - Potranco,266,10/6/25 2:04 PM,2,Sergio Abundiz,7,0.00,13.76,1.14,3.00,0.00
Tink-a-Tako - Potranco,267,10/6/25 2:05 PM,1,Lizeth Alonso,,0.00,8.64,0.71,0.00,0.00
Tink-a-Tako - Potranco,268,10/6/25 2:26 PM,1,Lizeth Alonso,,0.00,3.78,0.31,0.00,0.00
Tink-a-Tako - Potranco,269,10/6/25 2:31 PM,2,Sergio Abundiz,25,0.00,37.97,3.13,10.00,0.00
Tink-a-Tako - Potranco,270,10/6/25 2:39 PM,2,Isabel Cisneros,35,0.00,22.89,1.87,7.00,0.00
Tink-a-Tako - Potranco,271,10/6/25 2:43 PM,1,Lizeth Alonso,,0.00,24.16,2.00,0.00,0.00
Tink-a-Tako - Potranco,272,10/6/25 2:43 PM,1,Lizeth Alonso,,0.00,9.47,0.78,0.00,0.00
Tink-a-Tako - Potranco,273,10/6/25 2:44 PM,1,Lizeth Alonso,,0.00,23.98,1.98,0.00,0.00
Tink-a-Tako - Potranco,274,10/6/25 2:46 PM,1,Lizeth Alonso,,10.99,12.97,1.07,0.00,0.00
Tink-a-Tako - Potranco,275,10/6/25 2:46 PM,3,Sergio Abundiz,32,0.00,29.13,2.40,4.49,0.00
Tink-a-Tako - Potranco,276,10/6/25 2:47 PM,1,Lizeth Alonso,,0.00,7.98,0.66,0.00,0.00
Tink-a-Tako - Potranco,277,10/6/25 2:50 PM,1,Lizeth Alonso,,0.00,32.54,2.69,0.00,0.00
Tink-a-Tako - Potranco,278,10/6/25 3:06 PM,1,Lizeth Alonso,,0.00,7.18,0.59,0.00,0.00
Tink-a-Tako - Potranco,279,10/6/25 3:10 PM,2,Isabel Cisneros,23,0.00,30.97,2.55,0.00,0.00
Tink-a-Tako - Potranco,281,10/6/25 3:15 PM,2,Sergio Abundiz,17,0.00,25.96,2.14,5.00,0.00
Tink-a-Tako - Potranco,280,10/6/25 3:13 PM,1,Isabel Cisneros,,0.00,0.00,0.00,0.00,0.00
Tink-a-Tako - Potranco,282,10/6/25 3:16 PM,1,Lizeth Alonso,,0.00,4.89,0.40,0.00,0.00
Tink-a-Tako - Potranco,283,10/6/25 3:21 PM,2,Isabel Cisneros,24,0.00,34.86,2.86,0.00,0.00
Tink-a-Tako - Potranco,284,10/6/25 3:24 PM,1,Lizeth Alonso,,0.00,13.36,1.11,0.00,0.00
Tink-a-Tako - Potranco,285,10/6/25 3:28 PM,1,Lizeth Alonso,,1.90,1.88,0.15,1.00,0.00
Tink-a-Tako - Potranco,287,10/6/25 3:32 PM,1,Sergio Abundiz,,0.00,17.14,1.41,0.00,0.00
Tink-a-Tako - Potranco,288,10/6/25 3:40 PM,2,Sergio Abundiz,18,0.00,15.89,1.30,0.00,0.00
Tink-a-Tako - Potranco,289,10/6/25 3:43 PM,2,Isabel Cisneros,32,0.00,31.66,2.60,0.00,0.00
Tink-a-Tako - Potranco,291,10/6/25 3:51 PM,2,Sergio Abundiz,8,0.00,23.85,1.97,5.00,0.00
Tink-a-Tako - Potranco,292,10/6/25 4:00 PM,1,Lizeth Alonso,,0.00,5.58,0.46,1.50,0.00
Tink-a-Tako - Potranco,293,10/6/25 4:15 PM,1,Sergio Abundiz,,0.00,21.98,1.81,0.00,0.00
Tink-a-Tako - Potranco,294,10/6/25 4:19 PM,1,Lizeth Alonso,,0.00,38.32,3.16,0.00,0.00
Tink-a-Tako - Potranco,295,10/6/25 4:21 PM,1,Lizeth Alonso,,0.00,17.44,1.43,5.00,0.00
Tink-a-Tako - Potranco,296,10/6/25 4:36 PM,1,Lizeth Alonso,,0.00,21.48,1.77,0.00,0.00
Tink-a-Tako - Potranco,297,10/6/25 4:37 PM,1,Lizeth Alonso,,0.00,11.55,0.95,0.00,0.00
Tink-a-Tako - Potranco,298,10/6/25 4:37 PM,1,Lizeth Alonso,,0.00,11.99,0.99,0.00,0.00
Tink-a-Tako - Potranco,299,10/6/25 4:48 PM,1,Lizeth Alonso,,0.00,8.78,0.72,2.00,0.00
Tink-a-Tako - Potranco,300,10/6/25 4:58 PM,2,Isabel Cisneros,32,0.00,32.47,2.69,10.00,0.00
Tink-a-Tako - Potranco,301,10/6/25 5:05 PM,1,Lizeth Alonso,,0.00,8.78,0.72,0.00,0.00
Tink-a-Tako - Potranco,303,10/6/25 5:14 PM,3,Isabel Cisneros,23,0.00,40.80,3.35,6.12,0.00
Tink-a-Tako - Potranco,304,10/6/25 5:16 PM,1,Sergio Abundiz,38,0.00,19.97,1.65,5.00,0.00
Tink-a-Tako - Potranco,305,10/6/25 5:20 PM,1,Sergio Abundiz,37,0.00,15.99,1.32,0.00,0.00
Tink-a-Tako - Potranco,306,10/6/25 5:24 PM,1,Lizeth Alonso,,0.00,12.99,1.07,0.00,0.00
Tink-a-Tako - Potranco,308,10/6/25 5:30 PM,1,Isabel Cisneros,33,0.00,11.99,0.99,0.00,0.00
Tink-a-Tako - Potranco,307,10/6/25 5:28 PM,1,Lizeth Alonso,,0.00,33.34,2.75,0.00,0.00
Tink-a-Tako - Potranco,309,10/6/25 5:33 PM,1,Lizeth Alonso,,0.00,18.26,1.50,1.00,0.00
Tink-a-Tako - Potranco,310,10/6/25 5:42 PM,33,Sergio Abundiz,25,0.00,36.07,2.96,0.00,7.22
Tink-a-Tako - Potranco,311,10/6/25 5:45 PM,1,Lizeth Alonso,,0.00,3.98,0.32,0.00,0.00
Tink-a-Tako - Potranco,313,10/6/25 5:48 PM,1,Lizeth Alonso,,0.00,27.98,2.31,2.00,0.00
Tink-a-Tako - Potranco,314,10/6/25 5:58 PM,1,Lizeth Alonso,,0.00,6.18,0.51,0.00,0.00
Tink-a-Tako - Potranco,315,10/6/25 6:08 PM,1,Lizeth Alonso,,0.00,22.76,1.87,0.00,0.00
Tink-a-Tako - Potranco,316,10/6/25 6:11 PM,1,Lizeth Alonso,,0.00,39.95,3.29,0.00,0.00
Tink-a-Tako - Potranco,317,10/6/25 6:16 PM,1,Isabel Cisneros,7,0.00,15.98,1.32,3.70,0.00
Tink-a-Tako - Potranco,318,10/6/25 6:24 PM,1,Isabel Cisneros,32,0.00,13.23,1.09,6.00,0.00
Tink-a-Tako - Potranco,319,10/6/25 6:26 PM,1,Isabel Cisneros,,0.00,10.99,0.91,0.00,0.00
Tink-a-Tako - Potranco,320,10/6/25 6:27 PM,5,Sergio Abundiz,31,0.00,54.67,4.51,0.00,0.00
Tink-a-Tako - Potranco,321,10/6/25 6:28 PM,1,Lizeth Alonso,,0.70,6.28,0.52,0.00,0.00
Tink-a-Tako - Potranco,324,10/6/25 6:34 PM,1,Lizeth Alonso,,0.00,14.25,1.17,0.00,0.00
Tink-a-Tako - Potranco,325,10/6/25 6:39 PM,1,Lizeth Alonso,,0.00,12.99,1.07,0.00,0.00
Tink-a-Tako - Potranco,328,10/6/25 6:43 PM,1,Lizeth Alonso,,0.00,11.26,0.92,1.00,0.00
Tink-a-Tako - Potranco,329,10/6/25 6:47 PM,1,Lizeth Alonso,,0.00,14.96,1.22,0.00,0.00
Tink-a-Tako - Potranco,330,10/6/25 6:50 PM,3,Isabel Cisneros,8,0.00,22.88,1.88,6.00,0.00
Tink-a-Tako - Potranco,331,10/6/25 6:52 PM,2,Isabel Cisneros,23,0.00,16.39,1.34,6.00,0.00
Tink-a-Tako - Potranco,333,10/6/25 6:52 PM,1,Lizeth Alonso,,0.00,15.98,1.32,3.00,0.00
Tink-a-Tako - Potranco,332,10/6/25 6:52 PM,2,Sergio Abundiz,24,0.00,39.67,3.26,0.00,0.00
Tink-a-Tako - Potranco,334,10/6/25 6:53 PM,1,Lizeth Alonso,,0.00,31.98,2.64,0.00,0.00
Tink-a-Tako - Potranco,335,10/6/25 6:56 PM,2,Sergio Abundiz,33,1.80,19.63,1.62,0.00,0.00
Tink-a-Tako - Potranco,336,10/6/25 6:57 PM,1,Lizeth Alonso,,0.00,24.77,2.05,3.00,0.00
Tink-a-Tako - Potranco,337,10/6/25 7:00 PM,2,Isabel Cisneros,22,0.00,41.38,3.41,9.21,0.00
Tink-a-Tako - Potranco,338,10/6/25 7:00 PM,1,Lizeth Alonso,,0.00,8.37,0.70,1.00,0.00
Tink-a-Tako - Potranco,339,10/6/25 7:03 PM,1,Sergio Abundiz,26,0.00,7.68,0.62,0.00,0.00
Tink-a-Tako - Potranco,341,10/6/25 7:10 PM,1,Lizeth Alonso,,0.00,43.00,3.56,0.00,0.00
Tink-a-Tako - Potranco,340,10/6/25 7:09 PM,2,Sergio Abundiz,37,0.00,31.46,2.60,5.00,0.00
Tink-a-Tako - Potranco,342,10/6/25 7:27 PM,2,Sergio Abundiz,32,0.00,30.67,2.53,0.00,0.00
Tink-a-Tako - Potranco,343,10/6/25 7:35 PM,1,Lizeth Alonso,,0.00,25.98,2.14,5.00,0.00
Tink-a-Tako - Potranco,344,10/6/25 7:36 PM,1,Lizeth Alonso,,0.00,44.55,3.67,0.00,0.00
Tink-a-Tako - Potranco,345,10/6/25 7:37 PM,1,Lizeth Alonso,,0.00,12.99,1.07,0.00,0.00
Tink-a-Tako - Potranco,347,10/6/25 7:39 PM,2,Isabel Cisneros,7,0.00,27.55,2.27,0.00,0.00
Tink-a-Tako - Potranco,348,10/6/25 7:50 PM,1,Lizeth Alonso,,0.00,11.49,0.95,1.00,0.00
Tink-a-Tako - Potranco,350,10/6/25 8:12 PM,6,Sergio Abundiz,31,0.00,103.88,8.57,0.00,20.78
Tink-a-Tako - Potranco,349,10/6/25 7:58 PM,1,Lizeth Alonso,,0.00,5.58,0.46,0.00,0.00
Tink-a-Tako - Potranco,352,10/6/25 8:22 PM,4,Isabel Cisneros,37,0.00,17.98,1.48,0.00,0.00
Tink-a-Tako - Potranco,353,10/6/25 8:33 PM,1,Sergio Abundiz,,0.00,6.99,0.58,0.00,0.00
