Employee,Job Title,Regular Hours,Overtime Hours,Hourly Rate,Regular Pay,Overtime Pay,Total Pay,Net Sales,Declared Tips,Non-Cash Tips,Total Tips,Tips Withheld,Total Gratuity,Employee ID,Job Code,Location,Location Code
"Abundiz, Ivana",Host,6.15,0.0,14.00,86.10,0.00,86.10,179.50,,6.00,6.00,0.00,0.00,,,Tink-a-Tako - Potranco,
"Abundiz, Sergio",Server,8.11,0.0,,,,,604.29,,41.49,41.49,0.00,28.00,,,Tink-a-Tako - Potranco,
"Alonso, Lizeth",Host,8.25,0.0,13.00,107.25,0.00,107.25,849.21,,32.50,32.50,0.00,0.00,,,Tink-a-Tako - Potranco,
"Aviles, Genaro",Cook,8.86,0.0,15.00,132.90,0.00,132.90,0.00,,0.00,0.00,0.00,0.00,,,Tink-a-Tako - Potranco,
"Brito, Victor ",Regular,7.48,0.0,12.00,89.76,0.00,89.76,0.00,,0.00,0.00,0.00,0.00,,,Tink-a-Tako - Potranco,
"Calderon, Jesus",Cook,6.91,0.0,,,,,0.00,,0.00,0.00,0.00,0.00,,,Tink-a-Tako - Potranco,
"Cisneros, Isabel",Server,7.26,0.0,3.00,21.78,0.00,21.78,372.02,,54.03,54.03,0.00,0.00,,,Tink-a-Tako - Potranco,
"Compean, Rosa",Server,6.54,0.0,3.00,19.62,0.00,19.62,657.13,,86.25,86.25,0.00,0.00,,,Tink-a-Tako - Potranco,
"Diaz, Diego",Cook,9.1,0.0,,,,,0.00,,0.00,0.00,0.00,0.00,,,Tink-a-Tako - Potranco,
"Gonzales (Line) , Maria",Cook,15.62,0.0,14.00,218.68,0.00,218.68,0.00,,0.00,0.00,0.00,0.00,,,Tink-a-Tako - Potranco,
"Gonzalez, Maria ",Tortillero,7.41,0.0,13.00,96.33,0.00,96.33,0.00,,0.00,0.00,0.00,0.00,,,Tink-a-Tako - Potranco,
"Hernandez, Silvia",Server,6.11,0.0,3.00,18.33,0.00,18.33,578.55,,70.38,70.38,0.00,0.00,,,Tink-a-Tako - Potranco,
"Luna, Mayra",Shift Manager / Assistant Manager,7.45,0.0,,,,,0.00,,0.00,0.00,0.00,0.00,1919,,Tink-a-Tako - Potranco,
"Majana, Maria",Server,7.73,0.0,3.00,23.19,0.00,23.19,559.01,,95.50,95.50,0.00,0.00,,,Tink-a-Tako - Potranco,
"ORDONEZ, Rosie ",Shift Manager / Assistant Manager,7.91,0.0,,,,,22.43,,3.00,3.00,0.00,0.00,,,Tink-a-Tako - Potranco,
"Ramirez Perez, Silvia",Cook,8.46,0.0,17.00,143.82,0.00,143.82,0.00,,0.00,0.00,0.00,0.00,,,Tink-a-Tako - Potranco,
"Reyes, Nadia ",Drive-Thru,7.41,0.0,,,,,1450.52,,57.69,57.69,0.00,0.00,,,Tink-a-Tako - Potranco,
"Serrato, Joshua ",Busser,5.12,0.0,12.00,61.44,0.00,61.44,0.00,,0.00,0.00,0.00,0.00,,,Tink-a-Tako - Potranco,
"huerta, Arturo ",Dishwasher,6.97,0.0,12.00,83.64,0.00,83.64,0.00,0.00,0.00,0.00,0.00,0.00,,,Tink-a-Tako - Potranco,
