Location,Order #,Opened Date,Server,Table,Discount Name,Discount Reason,Comment,Discount Amount
Tink a Tako #9 - Blanco Rd - 2919 Blanco Rd,145,8/19/25 10:08 AM,ADRIAN MORALES,,Open % Check,,,7.97
Tink a Tako #9 - Blanco Rd - 2919 Blanco Rd,132,8/19/25 9:44 AM,samantha lopez,,Open % Check,,,2.09
Tink a Tako #9 - Blanco Rd - 2919 Blanco Rd,123,8/19/25 9:19 AM,Martina Ovalle ,14,Open % Item,,,0.50
Tink a Tako #9 - Blanco Rd - 2919 Blanco Rd,123,8/19/25 9:19 AM,Martina Ovalle ,14,Open % Item,,,1.41
Tink a Tako #9 - Blanco Rd - 2919 Blanco Rd,123,8/19/25 9:19 AM,Martina Ovalle ,14,Open % Check,,,1.05
Tink a Tako #9 - Blanco Rd - 2919 Blanco Rd,18,8/19/25 6:47 AM,Martina Ovalle ,10,Open % Item,,,1.41
Tink a Tako #9 - Blanco Rd - 2919 Blanco Rd,18,8/19/25 6:47 AM,Martina Ovalle ,10,Open % Item,,,0.86
