Location,Order #,Opened,Server,Table,Revenue Center,Discount Amount,Amount,Tax,Tip,Gratuity,Duration (Opened to Paid)
2919 Blanco Rd,3,8/19/25 6:05 AM,samantha lopez,,Dining Room,0.00,5.97,0.49,0.00,0.00,00:02:12
2919 Blanco Rd,4,8/19/25 6:07 AM,samantha lopez,,Dining Room,0.00,1.99,0.16,0.00,0.00,00:03:09
2919 Blanco Rd,5,8/19/25 6:12 AM,samantha lopez,,Dining Room,0.00,8.97,0.74,0.00,0.00,00:02:43
2919 Blanco Rd,6,8/19/25 6:12 AM,samantha lopez,,Dining Room,0.00,3.98,0.32,0.00,0.00,00:03:59
2919 Blanco Rd,8,8/19/25 6:21 AM,samantha lopez,,Dining Room,0.00,11.15,0.92,0.00,0.00,00:03:27
2919 Blanco Rd,9,8/19/25 6:25 AM,samantha lopez,,Drive Thru,0.00,11.92,0.98,2.00,0.00,00:01:06
2919 Blanco Rd,10,8/19/25 6:25 AM,samantha lopez,,Drive Thru,0.00,3.49,0.29,0.00,0.00,00:01:36
2919 Blanco Rd,11,8/19/25 6:27 AM,samantha lopez,,Drive Thru,0.00,6.97,0.57,1.46,0.00,00:02:57
2919 Blanco Rd,12,8/19/25 6:30 AM,samantha lopez,,Drive Thru,0.00,6.57,0.54,0.00,0.00,00:02:06
2919 Blanco Rd,14,8/19/25 6:34 AM,samantha lopez,,Dining Room,0.00,33.60,2.78,0.00,0.00,00:03:30
2919 Blanco Rd,13,8/19/25 6:33 AM,samantha lopez,,Drive Thru,0.00,3.98,0.33,0.00,0.00,00:05:29
2919 Blanco Rd,15,8/19/25 6:42 AM,samantha lopez,,Dining Room,0.00,4.28,0.35,0.00,0.00,00:02:24
2919 Blanco Rd,16,8/19/25 6:43 AM,AM CASHIER,,Dining Room,0.00,3.98,0.32,0.00,0.00,00:00:08
2919 Blanco Rd,18,8/19/25 6:47 AM,Martina Ovalle ,10,Dining Room,2.27,10.16,0.84,5.00,0.00,00:24:33
2919 Blanco Rd,19,8/19/25 6:48 AM,samantha lopez,,Dining Room,0.00,6.57,0.53,0.00,0.00,00:01:50
2919 Blanco Rd,20,8/19/25 6:52 AM,samantha lopez,,Dining Room,0.00,11.57,0.95,0.00,0.00,00:00:34
2919 Blanco Rd,21,8/19/25 6:53 AM,samantha lopez,,Drive Thru,0.00,12.77,1.06,0.00,0.00,00:01:27
2919 Blanco Rd,22,8/19/25 6:55 AM,samantha lopez,,Dining Room,0.00,20.91,1.72,2.00,0.00,00:04:39
2919 Blanco Rd,23,8/19/25 6:58 AM,samantha lopez,,Dining Room,0.00,9.42,0.77,0.00,0.00,00:03:45
2919 Blanco Rd,24,8/19/25 6:58 AM,Martina Ovalle ,18,Dining Room,0.00,12.34,1.03,10.00,0.00,00:16:28
2919 Blanco Rd,25,8/19/25 7:00 AM,samantha lopez,,Drive Thru,0.00,5.24,0.44,0.00,0.00,00:02:44
2919 Blanco Rd,27,8/19/25 7:01 AM,AM CASHIER,,Dining Room,0.00,7.96,0.66,0.00,0.00,00:00:09
2919 Blanco Rd,29,8/19/25 7:02 AM,samantha lopez,,Drive Thru,0.00,4.98,0.41,0.00,0.00,00:03:42
2919 Blanco Rd,30,8/19/25 7:05 AM,samantha lopez,,Drive Thru,0.00,5.14,0.42,0.00,0.00,00:01:48
2919 Blanco Rd,31,8/19/25 7:05 AM,AM CASHIER,,Dining Room,0.00,3.98,0.32,0.00,0.00,00:00:13
2919 Blanco Rd,33,8/19/25 7:07 AM,samantha lopez,,Drive Thru,0.00,3.98,0.33,0.00,0.00,00:01:20
2919 Blanco Rd,34,8/19/25 7:07 AM,samantha lopez,,Drive Thru,0.00,10.66,0.87,0.00,0.00,00:01:28
2919 Blanco Rd,36,8/19/25 7:15 AM,samantha lopez,,Dining Room,0.00,6.73,0.55,0.00,0.00,00:02:02
2919 Blanco Rd,37,8/19/25 7:15 AM,samantha lopez,,Dining Room,0.00,17.52,1.45,0.00,0.00,00:04:31
2919 Blanco Rd,39,8/19/25 7:18 AM,samantha lopez,,Dining Room,0.00,1.99,0.16,0.00,0.00,00:03:05
2919 Blanco Rd,40,8/19/25 7:18 AM,samantha lopez,,Dining Room,0.00,7.96,0.66,0.00,0.00,00:03:25
2919 Blanco Rd,43,8/19/25 7:26 AM,samantha lopez,,Dining Room,0.00,1.99,0.16,0.00,0.00,00:00:40
2919 Blanco Rd,44,8/19/25 7:27 AM,samantha lopez,,Drive Thru,0.00,1.99,0.16,0.00,0.00,00:00:48
2919 Blanco Rd,45,8/19/25 7:27 AM,samantha lopez,,Drive Thru,0.00,13.17,1.08,0.75,0.00,00:01:37
2919 Blanco Rd,46,8/19/25 7:29 AM,samantha lopez,,Drive Thru,0.00,21.13,1.74,0.00,0.00,00:03:05
2919 Blanco Rd,47,8/19/25 7:30 AM,samantha lopez,,Dining Room,0.00,7.96,0.65,0.00,0.00,00:03:02
2919 Blanco Rd,48,8/19/25 7:31 AM,samantha lopez,,Dining Room,0.00,12.94,1.06,1.00,0.00,00:04:07
2919 Blanco Rd,49,8/19/25 7:32 AM,samantha lopez,,Drive Thru,0.00,7.73,0.63,0.00,0.00,00:03:38
2919 Blanco Rd,50,8/19/25 7:32 AM,samantha lopez,,Drive Thru,0.00,6.78,0.56,0.00,0.00,00:04:48
2919 Blanco Rd,51,8/19/25 7:34 AM,Arturo Rangel,,Dining Room,0.00,0.00,0.00,0.00,0.00,00:00:17
2919 Blanco Rd,53,8/19/25 7:43 AM,AM CASHIER,,Dining Room,0.00,18.94,1.56,0.00,0.00,00:00:54
2919 Blanco Rd,55,8/19/25 7:44 AM,samantha lopez,,Dining Room,0.00,9.83,0.80,0.00,0.00,00:03:31
2919 Blanco Rd,56,8/19/25 7:45 AM,Martina Ovalle ,,Dining Room,0.00,5.97,0.49,0.00,0.00,00:06:03
2919 Blanco Rd,54,8/19/25 7:44 AM,AM CASHIER,,Dining Room,0.00,5.97,0.49,0.00,0.00,00:02:34
2919 Blanco Rd,57,8/19/25 7:46 AM,samantha lopez,,Dining Room,0.00,9.96,0.82,0.00,0.00,00:02:29
2919 Blanco Rd,60,8/19/25 7:50 AM,samantha lopez,,Dining Room,0.00,5.94,0.49,0.00,0.00,00:01:26
2919 Blanco Rd,61,8/19/25 7:50 AM,samantha lopez,,Dining Room,0.00,3.98,0.32,0.00,0.00,00:02:02
2919 Blanco Rd,59,8/19/25 7:48 AM,samantha lopez,,Drive Thru,0.00,7.56,0.63,0.00,0.00,00:04:35
2919 Blanco Rd,62,8/19/25 7:55 AM,samantha lopez,,Dining Room,0.00,6.97,0.57,0.00,0.00,00:01:38
2919 Blanco Rd,65,8/19/25 8:01 AM,AM CASHIER,,Dining Room,0.00,8.45,0.69,0.00,0.00,00:00:17
2919 Blanco Rd,64,8/19/25 8:01 AM,samantha lopez,,Dining Room,0.00,6.23,0.51,0.00,0.00,00:12:57
2919 Blanco Rd,68,8/19/25 8:03 AM,samantha lopez,,Dining Room,0.00,19.89,1.64,0.00,0.00,00:05:55
2919 Blanco Rd,69,8/19/25 8:03 AM,samantha lopez,,Dining Room,0.00,3.98,0.33,0.00,0.00,00:06:16
2919 Blanco Rd,70,8/19/25 8:04 AM,samantha lopez,,Dining Room,0.00,7.93,0.65,0.00,0.00,00:06:38
2919 Blanco Rd,71,8/19/25 8:07 AM,Martina Ovalle ,6,Dining Room,0.00,16.46,1.36,0.00,0.00,00:21:33
2919 Blanco Rd,72,8/19/25 8:07 AM,Martina Ovalle ,15,Dining Room,0.00,24.47,2.02,0.00,0.00,00:41:48
2919 Blanco Rd,73,8/19/25 8:10 AM,samantha lopez,,Drive Thru,0.00,4.58,0.38,0.00,0.00,00:02:07
2919 Blanco Rd,74,8/19/25 8:12 AM,samantha lopez,,Drive Thru,0.00,7.73,0.63,0.00,0.00,00:01:56
2919 Blanco Rd,75,8/19/25 8:13 AM,samantha lopez,,Drive Thru,0.00,1.99,0.16,0.00,0.00,00:03:04
2919 Blanco Rd,76,8/19/25 8:14 AM,samantha lopez,,Drive Thru,0.00,7.43,0.61,0.00,0.00,00:02:07
2919 Blanco Rd,77,8/19/25 8:16 AM,AM CASHIER,,Dining Room,0.00,7.97,0.66,0.00,0.00,00:11:32
2919 Blanco Rd,79,8/19/25 8:17 AM,AM CASHIER,,Dining Room,0.00,2.69,0.22,0.00,0.00,00:00:05
2919 Blanco Rd,80,8/19/25 8:29 AM,samantha lopez,,Dining Room,0.00,4.28,0.35,0.00,0.00,00:01:46
2919 Blanco Rd,81,8/19/25 8:30 AM,samantha lopez,,Dining Room,0.00,8.52,0.71,0.00,0.00,00:02:23
2919 Blanco Rd,82,8/19/25 8:32 AM,samantha lopez,,Drive Thru,0.00,4.28,0.35,0.00,0.00,00:03:10
2919 Blanco Rd,83,8/19/25 8:37 AM,samantha lopez,,Dining Room,0.00,5.97,0.48,0.00,0.00,00:02:05
2919 Blanco Rd,84,8/19/25 8:38 AM,samantha lopez,,Dining Room,0.00,3.98,0.33,0.00,0.00,00:02:47
2919 Blanco Rd,85,8/19/25 8:41 AM,AM CASHIER,,Dining Room,0.00,13.17,1.08,0.00,0.00,00:00:17
2919 Blanco Rd,87,8/19/25 8:41 AM,samantha lopez,,Dining Room,0.00,10.97,0.90,2.00,0.00,00:02:26
2919 Blanco Rd,88,8/19/25 8:42 AM,samantha lopez,,Dining Room,0.00,8.96,0.74,0.00,0.00,00:02:55
2919 Blanco Rd,89,8/19/25 8:42 AM,samantha lopez,,Dining Room,0.00,5.97,0.49,0.00,0.00,00:03:28
2919 Blanco Rd,91,8/19/25 8:44 AM,Martina Ovalle ,6,Dining Room,0.00,7.23,0.60,2.00,0.00,00:17:46
2919 Blanco Rd,92,8/19/25 8:45 AM,samantha lopez,,Drive Thru,0.00,2.29,0.19,0.00,0.00,00:01:38
2919 Blanco Rd,96,8/19/25 8:46 AM,samantha lopez,,Drive Thru,0.00,7.96,0.66,1.00,0.00,00:01:11
2919 Blanco Rd,97,8/19/25 8:47 AM,samantha lopez,,Drive Thru,0.00,6.98,0.58,0.00,0.00,00:01:51
2919 Blanco Rd,95,8/19/25 8:45 AM,AM CASHIER,,Dining Room,0.00,18.16,1.50,0.00,0.00,00:35:25
2919 Blanco Rd,101,8/19/25 8:52 AM,samantha lopez,,Dining Room,0.00,8.74,0.72,0.00,0.00,00:04:32
2919 Blanco Rd,102,8/19/25 8:54 AM,samantha lopez,,Dining Room,0.00,12.76,1.05,0.00,0.00,00:02:46
2919 Blanco Rd,100,8/19/25 8:50 AM,samantha lopez,,Drive Thru,0.00,4.98,0.41,1.00,0.00,00:08:53
2919 Blanco Rd,103,8/19/25 8:57 AM,AM CASHIER,,Dining Room,0.00,4.98,0.41,0.00,0.00,00:08:03
2919 Blanco Rd,105,8/19/25 9:01 AM,samantha lopez,,Dining Room,0.00,3.98,0.33,0.00,0.00,00:02:31
2919 Blanco Rd,106,8/19/25 9:06 AM,AM CASHIER,,Drive Thru,0.00,7.49,0.62,0.00,0.00,00:05:39
2919 Blanco Rd,107,8/19/25 9:06 AM,samantha lopez,,Drive Thru,0.00,3.49,0.29,0.00,0.00,00:00:24
2919 Blanco Rd,108,8/19/25 9:07 AM,Martina Ovalle ,1,Dining Room,0.00,4.24,0.35,0.00,0.00,01:10:15
2919 Blanco Rd,109,8/19/25 9:07 AM,samantha lopez,,Drive Thru,0.00,13.96,1.16,0.00,0.00,00:03:41
2919 Blanco Rd,112,8/19/25 9:08 AM,samantha lopez,,Drive Thru,0.00,8.46,0.70,1.00,0.00,00:10:30
2919 Blanco Rd,111,8/19/25 9:08 AM,Martina Ovalle ,5,Dining Room,0.00,40.24,3.31,0.00,0.00,00:37:09
2919 Blanco Rd,114,8/19/25 9:09 AM,samantha lopez,,Drive Thru,0.00,5.68,0.47,0.00,0.00,00:03:54
2919 Blanco Rd,110,8/19/25 9:07 AM,ADRIAN MORALES,25,Dining Room,0.00,23.00,1.88,0.00,0.00,01:06:42
2919 Blanco Rd,116,8/19/25 9:09 AM,AM CASHIER,,Dining Room,0.00,8.97,0.74,0.00,0.00,00:00:43
2919 Blanco Rd,117,8/19/25 9:10 AM,ADRIAN MORALES,7,Dining Room,0.00,17.07,1.41,0.00,0.00,00:17:58
2919 Blanco Rd,120,8/19/25 9:13 AM,AM CASHIER,,Dining Room,0.00,1.00,0.08,0.00,0.00,00:00:18
2919 Blanco Rd,119,8/19/25 9:13 AM,ADRIAN MORALES,6,Dining Room,0.00,13.32,1.10,0.00,0.00,00:43:21
2919 Blanco Rd,121,8/19/25 9:18 AM,samantha lopez,,Drive Thru,0.00,10.42,0.85,0.00,0.00,00:01:09
2919 Blanco Rd,122,8/19/25 9:18 AM,Martina Ovalle ,3,Dining Room,0.00,21.57,1.77,0.00,0.00,00:25:43
2919 Blanco Rd,123,8/19/25 9:19 AM,Martina Ovalle ,14,Dining Room,2.96,11.96,0.98,4.00,0.00,00:34:31
2919 Blanco Rd,124,8/19/25 9:20 AM,samantha lopez,,Drive Thru,0.00,6.97,0.57,0.00,0.00,00:00:53
2919 Blanco Rd,125,8/19/25 9:20 AM,ADRIAN MORALES,8,Dining Room,0.00,45.21,3.71,0.00,0.00,00:25:04
2919 Blanco Rd,126,8/19/25 9:22 AM,Martina Ovalle ,4,Dining Room,0.00,8.78,0.72,3.00,0.00,00:49:05
2919 Blanco Rd,128,8/19/25 9:31 AM,samantha lopez,,Dining Room,0.00,6.75,0.56,0.00,0.00,00:01:33
2919 Blanco Rd,129,8/19/25 9:32 AM,AM CASHIER,,Dining Room,0.00,7.97,0.65,0.00,0.00,00:00:18
2919 Blanco Rd,130,8/19/25 9:34 AM,samantha lopez,,Dining Room,0.00,6.60,0.54,0.00,0.00,00:01:58
2919 Blanco Rd,131,8/19/25 9:36 AM,samantha lopez,,Drive Thru,0.00,6.79,0.56,0.00,0.00,00:00:28
2919 Blanco Rd,132,8/19/25 9:44 AM,samantha lopez,,Drive Thru,2.09,4.89,0.40,0.00,0.00,00:00:22
2919 Blanco Rd,135,8/19/25 9:51 AM,samantha lopez,,Dining Room,0.00,10.55,0.87,0.00,0.00,00:02:17
2919 Blanco Rd,134,8/19/25 9:47 AM,samantha lopez,,Dining Room,0.00,5.48,0.46,0.00,0.00,00:05:16
2919 Blanco Rd,137,8/19/25 9:53 AM,samantha lopez,,Drive Thru,0.00,11.96,0.99,0.00,0.00,00:04:14
2919 Blanco Rd,139,8/19/25 9:54 AM,samantha lopez,,Drive Thru,0.00,11.62,0.97,0.00,0.00,00:04:45
2919 Blanco Rd,140,8/19/25 10:00 AM,samantha lopez,,Drive Thru,0.00,2.49,0.21,0.00,0.00,00:00:31
2919 Blanco Rd,141,8/19/25 10:00 AM,samantha lopez,,Drive Thru,0.00,6.38,0.52,0.00,0.00,00:00:58
2919 Blanco Rd,143,8/19/25 10:03 AM,samantha lopez,,Dining Room,0.00,2.29,0.19,0.00,0.00,00:01:39
2919 Blanco Rd,145,8/19/25 10:08 AM,ADRIAN MORALES,,Dining Room,7.97,7.97,0.65,0.00,0.00,09:50:24
2919 Blanco Rd,146,8/19/25 10:08 AM,samantha lopez,,Dining Room,0.00,10.34,0.85,0.00,0.00,00:03:03
2919 Blanco Rd,148,8/19/25 10:10 AM,samantha lopez,,Dining Room,0.00,2.99,0.25,0.00,0.00,00:02:20
2919 Blanco Rd,150,8/19/25 10:13 AM,samantha lopez,,Drive Thru,0.00,19.23,1.58,0.00,0.00,00:04:17
2919 Blanco Rd,151,8/19/25 10:16 AM,samantha lopez,,Drive Thru,0.00,1.99,0.16,0.00,0.00,00:01:30
2919 Blanco Rd,152,8/19/25 10:17 AM,samantha lopez,,Drive Thru,0.00,7.97,0.65,0.00,0.00,00:04:22
2919 Blanco Rd,153,8/19/25 10:17 AM,ADRIAN MORALES,6,Dining Room,0.00,19.02,1.57,0.00,0.00,00:44:34
2919 Blanco Rd,155,8/19/25 10:20 AM,AM CASHIER,,Dining Room,0.00,31.74,2.61,0.00,0.00,00:12:35
2919 Blanco Rd,154,8/19/25 10:19 AM,ADRIAN MORALES,15,Dining Room,0.00,13.14,1.08,0.00,0.00,00:35:15
2919 Blanco Rd,157,8/19/25 10:21 AM,ADRIAN MORALES,,Dining Room,0.00,3.98,0.33,0.00,0.00,00:01:43
2919 Blanco Rd,156,8/19/25 10:21 AM,AM CASHIER,,Dining Room,0.00,11.94,0.98,0.00,0.00,00:17:49
2919 Blanco Rd,159,8/19/25 10:23 AM,samantha lopez,,Dining Room,0.00,17.01,1.41,0.00,0.00,00:05:31
2919 Blanco Rd,162,8/19/25 10:25 AM,Martina Ovalle ,8,Dining Room,0.00,28.16,2.31,8.00,0.00,00:40:07
2919 Blanco Rd,163,8/19/25 10:27 AM,Martina Ovalle ,13,Dining Room,0.00,10.88,0.90,0.00,0.00,00:30:57
2919 Blanco Rd,164,8/19/25 10:31 AM,samantha lopez,,Drive Thru,0.00,25.47,2.10,0.00,0.00,00:04:49
2919 Blanco Rd,165,8/19/25 10:34 AM,samantha lopez,,Drive Thru,0.00,17.75,1.46,0.00,0.00,00:04:56
2919 Blanco Rd,167,8/19/25 10:38 AM,samantha lopez,,Dining Room,0.00,1.99,0.16,0.00,0.00,00:01:50
2919 Blanco Rd,168,8/19/25 10:40 AM,ADRIAN MORALES,3,Dining Room,0.00,14.79,1.22,0.00,0.00,00:34:43
2919 Blanco Rd,169,8/19/25 10:42 AM,samantha lopez,,Dining Room,0.00,24.24,2.00,0.00,0.00,00:04:05
2919 Blanco Rd,170,8/19/25 10:43 AM,ADRIAN MORALES,2,Dining Room,0.00,12.06,0.99,0.00,0.00,01:32:55
2919 Blanco Rd,171,8/19/25 10:46 AM,Martina Ovalle ,5,Dining Room,0.00,9.93,0.82,0.00,0.00,00:07:46
2919 Blanco Rd,173,8/19/25 10:53 AM,Martina Ovalle ,18,Dining Room,0.00,19.98,1.65,0.00,0.00,00:29:36
2919 Blanco Rd,174,8/19/25 10:56 AM,ADRIAN MORALES,25,Dining Room,0.00,8.08,0.66,0.00,0.00,00:28:32
2919 Blanco Rd,175,8/19/25 11:00 AM,samantha lopez,,Dining Room,0.00,10.47,0.86,1.00,0.00,00:01:17
2919 Blanco Rd,178,8/19/25 11:03 AM,ADRIAN MORALES,4,Dining Room,0.00,33.18,2.73,0.00,0.00,00:33:40
2919 Blanco Rd,177,8/19/25 11:01 AM,samantha lopez,,Drive Thru,0.00,11.68,0.96,0.00,0.00,00:14:49
2919 Blanco Rd,179,8/19/25 11:15 AM,samantha lopez,,Drive Thru,0.00,4.98,0.41,0.00,0.00,00:04:49
2919 Blanco Rd,180,8/19/25 11:16 AM,samantha lopez,,Drive Thru,0.00,4.48,0.37,0.00,0.00,00:04:06
2919 Blanco Rd,182,8/19/25 11:18 AM,samantha lopez,,Drive Thru,0.00,10.55,0.87,0.00,0.00,00:02:39
2919 Blanco Rd,184,8/19/25 11:21 AM,AM CASHIER,,Dining Room,0.00,17.97,1.48,0.00,0.00,00:00:18
2919 Blanco Rd,186,8/19/25 11:25 AM,Martina Ovalle ,6,Dining Room,0.00,35.58,2.93,0.00,0.00,00:32:30
2919 Blanco Rd,187,8/19/25 11:26 AM,samantha lopez,,Dining Room,0.00,11.71,0.96,0.00,0.00,00:01:47
2919 Blanco Rd,188,8/19/25 11:27 AM,ADRIAN MORALES,8,Dining Room,0.00,16.79,1.38,0.00,0.00,00:34:20
2919 Blanco Rd,189,8/19/25 11:39 AM,samantha lopez,,Drive Thru,0.00,11.94,0.98,0.00,0.00,00:03:00
2919 Blanco Rd,190,8/19/25 11:43 AM,samantha lopez,,Drive Thru,0.00,5.97,0.49,0.00,0.00,00:00:57
2919 Blanco Rd,191,8/19/25 11:43 AM,samantha lopez,,Drive Thru,0.00,9.97,0.82,0.00,0.00,00:03:20
2919 Blanco Rd,192,8/19/25 11:44 AM,samantha lopez,,Dining Room,0.00,38.93,3.21,0.00,0.00,00:04:01
2919 Blanco Rd,194,8/19/25 11:54 AM,samantha lopez,,Dining Room,0.00,29.73,2.46,0.00,0.00,00:01:47
2919 Blanco Rd,195,8/19/25 11:57 AM,samantha lopez,,Drive Thru,0.00,4.54,0.38,0.00,0.00,00:00:40
2919 Blanco Rd,196,8/19/25 11:58 AM,samantha lopez,,Drive Thru,0.00,9.42,0.78,1.00,0.00,00:03:47
2919 Blanco Rd,197,8/19/25 12:01 PM,samantha lopez,,Drive Thru,0.00,14.32,1.18,0.00,0.00,00:02:49
2919 Blanco Rd,198,8/19/25 12:06 PM,samantha lopez,,Drive Thru,0.00,19.27,1.59,0.00,0.00,00:03:50
2919 Blanco Rd,199,8/19/25 12:07 PM,samantha lopez,,Drive Thru,0.00,4.99,0.41,0.00,0.00,00:07:29
2919 Blanco Rd,200,8/19/25 12:13 PM,samantha lopez,,Drive Thru,0.00,13.99,1.15,5.00,0.00,00:01:57
2919 Blanco Rd,201,8/19/25 12:14 PM,Martina Ovalle ,14,Dining Room,0.00,30.96,2.55,5.00,0.00,00:44:25
2919 Blanco Rd,202,8/19/25 12:15 PM,samantha lopez,,Drive Thru,0.00,7.72,0.64,1.00,0.00,00:06:13
2919 Blanco Rd,204,8/19/25 12:16 PM,AM CASHIER,,Dining Room,0.00,18.96,1.55,0.00,0.00,00:01:51
2919 Blanco Rd,205,8/19/25 12:21 PM,ADRIAN MORALES,3,Dining Room,0.00,19.17,1.57,0.00,0.00,00:38:04
2919 Blanco Rd,207,8/19/25 12:29 PM,ADRIAN MORALES,12,Dining Room,0.00,30.92,2.56,0.00,0.00,01:09:45
2919 Blanco Rd,208,8/19/25 12:31 PM,samantha lopez,,Dining Room,0.00,3.98,0.33,0.00,0.00,00:03:45
2919 Blanco Rd,209,8/19/25 12:32 PM,samantha lopez,,Dining Room,0.00,6.50,0.54,0.00,0.00,00:04:39
2919 Blanco Rd,210,8/19/25 12:35 PM,samantha lopez,,Drive Thru,0.00,25.98,2.14,0.00,0.00,00:03:12
2919 Blanco Rd,211,8/19/25 12:36 PM,samantha lopez,,Drive Thru,0.00,0.00,0.00,0.00,0.00,00:00:16
2919 Blanco Rd,212,8/19/25 12:40 PM,ADRIAN MORALES,6,Dining Room,0.00,9.73,0.80,0.00,0.00,00:27:36
2919 Blanco Rd,214,8/19/25 12:42 PM,samantha lopez,,Dining Room,0.00,8.87,0.72,0.00,0.00,00:02:56
2919 Blanco Rd,215,8/19/25 12:44 PM,ADRIAN MORALES,10,Dining Room,0.00,27.40,2.25,0.00,0.00,00:49:33
2919 Blanco Rd,217,8/19/25 12:50 PM,samantha lopez,,Dining Room,0.00,22.33,1.84,0.00,0.00,00:06:31
2919 Blanco Rd,218,8/19/25 12:54 PM,samantha lopez,,Dining Room,0.00,8.78,0.72,0.00,0.00,00:03:33
2919 Blanco Rd,219,8/19/25 12:59 PM,samantha lopez,,Dining Room,0.00,21.55,1.78,0.00,0.00,00:01:57
2919 Blanco Rd,220,8/19/25 1:00 PM,ADRIAN MORALES,21,Dining Room,0.00,47.60,3.93,2.00,0.00,00:36:40
2919 Blanco Rd,222,8/19/25 1:03 PM,AM CASHIER,,Dining Room,0.00,4.89,0.40,0.00,0.00,00:01:30
2919 Blanco Rd,221,8/19/25 1:02 PM,samantha lopez,,Drive Thru,0.00,10.34,0.85,0.00,0.00,00:04:48
2919 Blanco Rd,223,8/19/25 1:11 PM,ADRIAN MORALES,7,Dining Room,0.00,23.98,1.98,2.00,0.00,00:54:44
2919 Blanco Rd,224,8/19/25 1:17 PM,ADRIAN MORALES,19,Dining Room,0.00,16.44,1.35,5.00,0.00,00:14:07
2919 Blanco Rd,226,8/19/25 1:17 PM,ADRIAN MORALES,8,Dining Room,0.00,14.79,1.22,2.00,0.00,00:28:59
2919 Blanco Rd,227,8/19/25 1:21 PM,samantha lopez,,Dining Room,0.00,8.39,0.69,0.00,0.00,00:04:11
2919 Blanco Rd,228,8/19/25 1:22 PM,ADRIAN MORALES,3,Dining Room,0.00,12.99,1.07,0.00,0.00,00:26:43
2919 Blanco Rd,230,8/19/25 1:25 PM,samantha lopez,,Drive Thru,0.00,11.99,0.99,0.00,0.00,00:03:28
2919 Blanco Rd,231,8/19/25 1:26 PM,samantha lopez,,Drive Thru,0.00,6.38,0.52,0.00,0.00,00:03:43
2919 Blanco Rd,233,8/19/25 1:29 PM,AM CASHIER,,Dining Room,0.00,5.98,0.49,0.00,0.00,00:00:30
2919 Blanco Rd,232,8/19/25 1:28 PM,samantha lopez,,Drive Thru,0.00,57.25,4.70,0.00,0.00,00:03:41
2919 Blanco Rd,235,8/19/25 1:34 PM,AM CASHIER,2,Dining Room,0.00,21.78,1.79,0.00,0.00,00:25:31
2919 Blanco Rd,238,8/19/25 1:47 PM,ADRIAN MORALES,15,Dining Room,0.00,42.96,3.54,0.00,0.00,00:27:44
2919 Blanco Rd,240,8/19/25 1:53 PM,AM CASHIER,,Dining Room,0.00,13.99,1.15,0.00,0.00,00:03:42
2919 Blanco Rd,239,8/19/25 1:53 PM,ADRIAN MORALES,11,Dining Room,0.00,22.44,1.84,0.00,0.00,00:32:01
2919 Blanco Rd,241,8/19/25 1:54 PM,samantha lopez,,Dining Room,0.00,14.99,1.24,0.00,0.00,00:20:50
2919 Blanco Rd,242,8/19/25 1:55 PM,samantha lopez,,Dining Room,0.00,6.27,0.52,0.00,0.00,00:04:26
2919 Blanco Rd,243,8/19/25 2:01 PM,samantha lopez,,Dining Room,0.00,10.34,0.85,0.00,0.00,00:05:30
2919 Blanco Rd,244,8/19/25 2:11 PM,AM CASHIER,,Dining Room,0.00,0.00,0.00,0.00,0.00,05:48:11
2919 Blanco Rd,247,8/19/25 2:12 PM,samantha lopez,,Dining Room,0.00,3.99,0.33,0.00,0.00,00:02:51
2919 Blanco Rd,245,8/19/25 2:11 PM,ADRIAN MORALES,6,Dining Room,0.00,38.26,3.16,0.00,0.00,00:42:20
2919 Blanco Rd,249,8/19/25 2:19 PM,ADRIAN MORALES,25,Dining Room,0.00,9.99,0.82,0.00,0.00,00:24:44
2919 Blanco Rd,248,8/19/25 2:17 PM,samantha lopez,,Drive Thru,0.00,7.97,0.66,0.00,0.00,00:11:31
2919 Blanco Rd,250,8/19/25 2:35 PM,samantha lopez,,Drive Thru,0.00,5.19,0.43,2.00,0.00,00:00:18
2919 Blanco Rd,252,8/19/25 2:41 PM,ADRIAN MORALES,4,Dining Room,0.00,21.79,1.79,3.00,0.00,00:27:56
2919 Blanco Rd,253,8/19/25 2:47 PM,samantha lopez,,Dining Room,0.00,17.76,1.47,0.00,0.00,00:04:42
2919 Blanco Rd,251,8/19/25 2:35 PM,samantha lopez,,Drive Thru,0.00,10.34,0.85,2.00,0.00,00:17:46
2919 Blanco Rd,254,8/19/25 2:47 PM,samantha lopez,,Dining Room,0.00,6.67,0.54,2.00,0.00,00:12:05
2919 Blanco Rd,255,8/19/25 2:59 PM,samantha lopez,,Drive Thru,0.00,9.42,0.77,0.00,0.00,00:01:54
2919 Blanco Rd,257,8/19/25 3:19 PM,ADRIAN MORALES,5,Dining Room,0.00,27.91,2.30,0.00,0.00,00:27:54
2919 Blanco Rd,258,8/19/25 3:34 PM,ADRIAN MORALES,6,Dining Room,0.00,24.13,1.99,0.00,0.00,00:39:38
2919 Blanco Rd,259,8/19/25 3:38 PM,samantha lopez,,Dining Room,0.00,12.44,1.02,0.00,0.00,00:01:36
2919 Blanco Rd,260,8/19/25 3:38 PM,samantha lopez,,Dining Room,0.00,13.99,1.15,0.00,0.00,00:06:46
2919 Blanco Rd,261,8/19/25 3:38 PM,AM CASHIER,,Dining Room,0.00,38.95,3.21,0.00,0.00,00:01:51
2919 Blanco Rd,262,8/19/25 3:44 PM,AM CASHIER,,Drive Thru,0.00,4.74,0.39,1.00,0.00,00:07:47
2919 Blanco Rd,264,8/19/25 3:49 PM,ADRIAN MORALES,3,Dining Room,0.00,21.03,1.74,0.00,0.00,01:01:04
2919 Blanco Rd,265,8/19/25 4:18 PM,samantha lopez,,Dining Room,0.00,10.99,0.91,0.00,0.00,00:03:57
2919 Blanco Rd,266,8/19/25 4:19 PM,ADRIAN MORALES,25,Dining Room,0.00,19.49,1.61,0.00,0.00,00:27:24
2919 Blanco Rd,268,8/19/25 4:22 PM,AM CASHIER,,Drive Thru,0.00,11.48,0.95,0.00,0.00,00:05:15
2919 Blanco Rd,267,8/19/25 4:21 PM,samantha lopez,,Dining Room,0.00,3.98,0.32,0.00,0.00,00:13:20
2919 Blanco Rd,269,8/19/25 4:38 PM,samantha lopez,,Dining Room,0.00,12.99,1.07,0.00,0.00,00:05:31
2919 Blanco Rd,271,8/19/25 4:42 PM,samantha lopez,,Dining Room,0.00,5.97,0.49,0.00,0.00,00:06:30
2919 Blanco Rd,270,8/19/25 4:42 PM,ADRIAN MORALES,18,Dining Room,0.00,31.82,2.63,0.00,0.00,00:49:58
2919 Blanco Rd,272,8/19/25 4:44 PM,samantha lopez,,Drive Thru,0.00,18.49,1.53,0.00,0.00,00:08:55
2919 Blanco Rd,274,8/19/25 4:55 PM,AM CASHIER,2,Dining Room,0.00,3.45,0.28,0.00,0.00,00:00:32
2919 Blanco Rd,275,8/19/25 4:57 PM,samantha lopez,,Dining Room,0.00,5.97,0.48,0.00,0.00,00:04:42
2919 Blanco Rd,276,8/19/25 5:03 PM,samantha lopez,,Drive Thru,0.00,15.99,1.32,0.00,0.00,00:00:35
2919 Blanco Rd,277,8/19/25 5:37 PM,samantha lopez,,Dining Room,0.00,31.02,2.55,2.00,0.00,00:14:33
2919 Blanco Rd,279,8/19/25 5:39 PM,ADRIAN MORALES,12,Dining Room,0.00,23.48,1.94,0.00,0.00,00:36:05
2919 Blanco Rd,278,8/19/25 5:37 PM,AM CASHIER,,Dining Room,0.00,45.94,3.78,0.00,0.00,00:05:36
2919 Blanco Rd,280,8/19/25 5:48 PM,samantha lopez,,Drive Thru,0.00,6.99,0.58,0.00,0.00,00:00:36
2919 Blanco Rd,283,8/19/25 5:52 PM,AM CASHIER,,Dining Room,0.00,6.99,0.57,0.00,0.00,00:01:31
2919 Blanco Rd,284,8/19/25 5:54 PM,AM CASHIER,,Dining Room,0.00,16.13,1.33,0.00,0.00,00:01:51
2919 Blanco Rd,286,8/19/25 6:00 PM,samantha lopez,,Dining Room,0.00,10.34,0.85,0.00,0.00,00:01:16
2919 Blanco Rd,287,8/19/25 6:10 PM,samantha lopez,,Drive Thru,0.00,6.99,0.58,0.00,0.00,00:00:11
2919 Blanco Rd,289,8/19/25 6:15 PM,samantha lopez,,Dining Room,0.00,14.18,1.17,0.00,0.00,00:04:51
2919 Blanco Rd,290,8/19/25 6:39 PM,samantha lopez,,Dining Room,0.00,7.96,0.65,0.00,0.00,00:01:09
2919 Blanco Rd,292,8/19/25 6:41 PM,ADRIAN MORALES,2,Dining Room,0.00,16.76,1.38,0.00,0.00,00:32:05
2919 Blanco Rd,293,8/19/25 6:48 PM,AM CASHIER,,Dining Room,0.00,11.38,0.93,0.00,0.00,00:00:19
2919 Blanco Rd,294,8/19/25 6:48 PM,AM CASHIER,,Dining Room,0.00,2.79,0.23,0.00,0.00,00:02:56
