Payment type,Payment sub type,Count,Amount,Tips,Grat,Tax amount,Refunds,Tip refunds,Legacy tips,Total,Tips/Grat %
Cash,,110,1394.73,0.0,0.0,106.1,0,0,0.00,1394.73,0.0
Credit/debit,,124,1710.45,80.21,0.0,130.09,0,0,80.21,1790.66,5.1
Credit/debit,AMEX,3,57.1,1.0,0.0,4.34,0,0,1.00,58.10,1.9
Credit/debit,MASTERCARD,45,588.17,25.0,0.0,44.77,0,0,25.00,613.17,4.6
Credit/debit,VISA,76,1065.18,54.21,0.0,80.98,0,0,54.21,1119.39,5.5
Gift Card,,0,0.0,0.0,0.0,0.0,0.0,0.0,0.00,0.00,
Other,,0,0.0,0.0,0.0,0.0,0.0,0.0,0.00,0.00,
Total,,234,3105.18,80.21,0.0,236.19,0.0,0.0,80.21,3185.39,2.8
