Location,Order #,Opened Date,Server,Table,Discount Name,Discount Reason,Comment,Discount Amount
Sandra's Cuisine - Potranco - 12060 Potranco Road,262,9/18/25 7:33 PM,Candy Del Angel,11,Employee Discount - Check,Employee Discount,Employee,4.99
Sandra's Cuisine - Potranco - 12060 Potranco Road,247,9/18/25 6:52 PM,Angelique Jacobo,31,Open % Item,,,1.00
Sandra's Cuisine - Potranco - 12060 Potranco Road,243,9/18/25 6:31 PM,Adrian Morales,3,Open % Item,,,0.10
Sandra's Cuisine - Potranco - 12060 Potranco Road,243,9/18/25 6:31 PM,Adrian Morales,3,Open % Item,,,1.35
Sandra's Cuisine - Potranco - 12060 Potranco Road,243,9/18/25 6:31 PM,Adrian Morales,3,Open % Item,,,1.35
Sandra's Cuisine - Potranco - 12060 Potranco Road,237,9/18/25 6:05 PM,Angelique Jacobo,1,Open % Item,,,1.40
Sandra's Cuisine - Potranco - 12060 Potranco Road,224,9/18/25 3:50 PM,Candy Del Angel,,Employee Discount - Check,Employee Discount,Employee,17.27
Sandra's Cuisine - Potranco - 12060 Potranco Road,213,9/18/25 2:33 PM,Adrian Morales,26,Open % Check,,,2.76
Sandra's Cuisine - Potranco - 12060 Potranco Road,198,9/18/25 1:21 PM,Zoila Salinas,,Open % Item,,,2.20
Sandra's Cuisine - Potranco - 12060 Potranco Road,182,9/18/25 12:34 PM,Carlos Morales,,Reward Dollars,,,8.80
Sandra's Cuisine - Potranco - 12060 Potranco Road,162,9/18/25 12:04 PM,Melissa  Urena,,Open % Check,,,2.05
Sandra's Cuisine - Potranco - 12060 Potranco Road,155,9/18/25 11:58 AM,Melissa  Urena,,Reward Dollars,,,7.10
Sandra's Cuisine - Potranco - 12060 Potranco Road,97,9/18/25 10:05 AM,Angelica  Martínez ,34,Open % Item,,,0.13
Sandra's Cuisine - Potranco - 12060 Potranco Road,97,9/18/25 10:05 AM,Angelica  Martínez ,34,Open % Item,,,1.10
Sandra's Cuisine - Potranco - 12060 Potranco Road,97,9/18/25 10:05 AM,Angelica  Martínez ,34,Open % Item,,,1.10
Sandra's Cuisine - Potranco - 12060 Potranco Road,81,9/18/25 9:26 AM,Emanuel Sanchez,8,Open % Item,,,0.20
Sandra's Cuisine - Potranco - 12060 Potranco Road,61,9/18/25 8:45 AM,Melissa  Urena,,Reward Dollars,,,5.15
Sandra's Cuisine - Potranco - 12060 Potranco Road,45,9/18/25 8:16 AM,Lizbeth Garcia,16,Open % Check,,,0.80
