Employee,Job Title,Regular Hours,Overtime Hours,Hourly Rate,Regular Pay,Overtime Pay,Total Pay,Net Sales,Declared Tips,Non-Cash Tips,Total Tips,Tips Withheld,Total Gratuity,Employee ID,Job Code,Location,Location Code
"Aragon, Cecilia",Tortillera,7.42,0.0,13.00,96.46,0.00,96.46,0.00,,0.00,0.00,0.00,0.00,,,12060 Potranco Road,
"Cardenas, Salvador",Cook,8.64,0.0,15.00,129.60,0.00,129.60,0.00,,0.00,0.00,0.00,0.00,,,12060 Potranco Road,
"Casias, Rafael ",Prep,5.22,0.0,12.00,62.64,0.00,62.64,0.00,,0.00,0.00,0.00,0.00,,,12060 Potranco Road,
"Del Angel, Candy",Shift Manager / Assistant Manager,7.73,0.0,,,,,91.69,,0.00,0.00,0.00,0.00,,,12060 Potranco Road,
"Farias, Claudia",Cook,9.06,0.0,15.00,135.90,0.00,135.90,0.00,,0.00,0.00,0.00,0.00,,,12060 Potranco Road,
"Garcia, Lizbeth",Server,7.97,0.0,3.00,23.91,0.00,23.91,643.04,0.00,111.38,111.38,0.00,0.00,,,12060 Potranco Road,
"Gonzales, David",Cook,7.54,0.0,,,,,0.00,,0.00,0.00,0.00,0.00,,,12060 Potranco Road,
"Jacobo, Angelique",Server,3.63,0.0,3.00,10.89,0.00,10.89,246.14,5.00,93.17,98.17,0.00,0.00,,,12060 Potranco Road,
"Jimenez, Mario",Driver,6.8,0.0,14.00,95.20,0.00,95.20,395.76,0.00,21.58,21.58,0.00,0.00,,,12060 Potranco Road,
"Lino Santana, David ",Prep,8.37,0.0,15.00,125.55,0.00,125.55,0.00,,0.00,0.00,0.00,0.00,,,12060 Potranco Road,
"Martínez , Angelica ",Server,6.92,0.0,,,,,446.44,5.00,43.85,48.85,0.00,0.00,,,12060 Potranco Road,
"Morales, Adrian",Server,7.51,0.0,3.00,22.53,0.00,22.53,495.74,0.00,84.04,84.04,0.00,0.00,,,12060 Potranco Road,
"Morales, Carlos",Busser,5.84,0.0,11.00,64.24,0.00,64.24,46.16,,0.00,0.00,0.00,0.00,,,12060 Potranco Road,
"Ojeda, George",Runner,1.49,0.0,12.50,18.62,0.00,18.62,0.00,,0.00,0.00,0.00,0.00,,,12060 Potranco Road,
"Salinas, Zoila",General Manager,20.79,0.0,,,,,129.65,0.00,0.00,0.00,0.00,0.00,,,12060 Potranco Road,
"Sanchez, Emanuel",Server,6.67,0.0,3.00,20.01,0.00,20.01,656.90,5.00,75.21,80.21,0.00,55.23,,,12060 Potranco Road,
"Urena, Melissa ",Host,8.0,0.0,12.00,96.00,0.00,96.00,1400.57,0.00,83.39,83.39,0.00,0.00,,,12060 Potranco Road,
"Vega, Estela",Tortillera,9.38,0.0,15.00,140.70,0.00,140.70,0.00,,0.00,0.00,0.00,0.00,,,12060 Potranco Road,
"vanenzuela, felix",Cook,6.83,0.0,,,,,0.00,0.00,0.00,0.00,0.00,0.00,,,12060 Potranco Road,
