Check #,Table,Payment Type,Server,Cashier,Tip,Amount,Cash Drawer,Date,Opened Date
3,,CREDIT,Nadia,Nadia,1.98,9.72,,8/5/25 6:31 AM,8/5/25 6:28 AM
4,,CREDIT,Nadia,Nadia,1.18,5.81,,8/5/25 6:36 AM,8/5/25 6:35 AM
5,,CREDIT,Nadia,Nadia,1.25,6.79,,8/5/25 6:53 AM,8/5/25 6:53 AM
6,,CASH,Nadia,Nadia,0.00,11.64,DRIVE THRU 1,8/5/25 7:13 AM,8/5/25 7:12 AM
7,,CREDIT,Nadia,Nadia,1.17,8.41,,8/5/25 7:19 AM,8/5/25 7:17 AM
8,,CREDIT,Nadia,Nadia,3.13,16.96,,8/5/25 7:22 AM,8/5/25 7:22 AM
9,,CREDIT,Nadia,Nadia,6.01,29.58,,8/5/25 7:27 AM,8/5/25 7:25 AM
10,,CASH,Nadia,Nadia,0.00,12.42,DRIVE THRU 1,8/5/25 7:36 AM,8/5/25 7:33 AM
11,,CREDIT,Nadia,Nadia,0.00,8.63,,8/5/25 7:39 AM,8/5/25 7:39 AM
12,,CREDIT,Nadia,Nadia,0.00,6.25,,8/5/25 7:42 AM,8/5/25 7:39 AM
13,,CREDIT,Lizbeth,Lizbeth,1.00,3.88,,8/5/25 7:47 AM,8/5/25 7:47 AM
14,,CREDIT,Lizbeth,Lizbeth,0.00,8.63,,8/5/25 7:47 AM,8/5/25 7:47 AM
15,,CREDIT,Candy,Candy,0.00,8.53,,8/5/25 8:00 AM,8/5/25 8:00 AM
17,,CREDIT,Nadia,Nadia,0.00,7.56,,8/5/25 8:02 AM,8/5/25 8:01 AM
19,,CREDIT,Nadia,Nadia,0.00,11.22,,8/5/25 8:05 AM,8/5/25 8:04 AM
21,,CREDIT,Nadia,Nadia,1.18,5.81,,8/5/25 8:11 AM,8/5/25 8:07 AM
22,,CREDIT,Nadia,Nadia,0.00,9.93,,8/5/25 8:11 AM,8/5/25 8:11 AM
26,,CREDIT,Nadia,Nadia,0.00,9.59,,8/5/25 8:16 AM,8/5/25 8:16 AM
27,,CASH,Nadia,Nadia,0.00,10.58,DRIVE THRU 1,8/5/25 8:18 AM,8/5/25 8:17 AM
28,,CREDIT,Nadia,Nadia,0.00,11.87,,8/5/25 8:21 AM,8/5/25 8:21 AM
2,,CREDIT,Nadia,Nadia,2.24,16.19,,8/5/25 8:26 AM,8/5/25 8:25 AM
25,18,CREDIT,Lizbeth,Lizbeth,4.00,18.79,,8/5/25 8:27 AM,8/5/25 8:12 AM
31,,CREDIT,Nadia,Nadia,2.11,15.21,,8/5/25 8:33 AM,8/5/25 8:32 AM
20,,CREDIT,Candy,Candy,0.00,5.07,,8/5/25 8:36 AM,8/5/25 8:10 AM
32,,CREDIT,Nadia,Nadia,0.00,21.47,,8/5/25 8:36 AM,8/5/25 8:32 AM
33,,CASH,Nadia,Nadia,0.00,7.76,DRIVE THRU 1,8/5/25 8:37 AM,8/5/25 8:34 AM
34,,CREDIT,Nadia,Nadia,0.00,9.17,,8/5/25 8:41 AM,8/5/25 8:35 AM
32001,,CASH,Nadia,Nadia,0.00,4.63,DRIVE THRU 1,8/5/25 8:47 AM,8/5/25 8:44 AM
41,,CREDIT,Nadia,Nadia,1.67,9.05,,8/5/25 8:48 AM,8/5/25 8:45 AM
30,1,CREDIT,Leticia,Leticia,3.00,13.93,,8/5/25 8:51 AM,8/5/25 8:22 AM
43,,CREDIT,Nadia,Nadia,0.00,7.11,,8/5/25 8:55 AM,8/5/25 8:53 AM
44,,CREDIT,Nadia,Nadia,0.00,16.17,,8/5/25 8:56 AM,8/5/25 8:55 AM
18,17,CASH,Lizbeth,Lizbeth,0.00,10.38,,8/5/25 8:58 AM,8/5/25 8:04 AM
45,,CREDIT,Leticia,Leticia,0.00,12.63,,8/5/25 9:05 AM,8/5/25 8:59 AM
42,3,CREDIT,Lizbeth,Lizbeth,6.00,12.74,,8/5/25 9:07 AM,8/5/25 8:52 AM
48,,CREDIT,Nadia,Nadia,3.94,19.41,,8/5/25 9:12 AM,8/5/25 9:11 AM
49,,CREDIT,Nadia,Nadia,3.04,21.92,,8/5/25 9:18 AM,8/5/25 9:12 AM
50,,CREDIT,Nadia,Nadia,2.00,13.16,,8/5/25 9:20 AM,8/5/25 9:18 AM
52,,CREDIT,Nadia,Nadia,0.00,23.45,,8/5/25 9:23 AM,8/5/25 9:22 AM
54,,CASH,Nadia,Nadia,0.00,7.99,DRIVE THRU 1,8/5/25 9:24 AM,8/5/25 9:24 AM
57,,CREDIT,Nadia,Nadia,1.43,10.34,,8/5/25 9:31 AM,8/5/25 9:28 AM
58,,CASH,Nadia,Nadia,0.00,5.39,DRIVE THRU 1,8/5/25 9:33 AM,8/5/25 9:28 AM
36,2,CREDIT,Emanuel,Emanuel,4.00,16.75,,8/5/25 9:33 AM,8/5/25 8:37 AM
51,,CASH,Emanuel,Emanuel,0.00,4.96,Host Drawer,8/5/25 9:34 AM,8/5/25 9:22 AM
59,,CREDIT,Nadia,Nadia,0.00,3.88,,8/5/25 9:40 AM,8/5/25 9:38 AM
47,1,CASH,Leticia,Leticia,0.00,22.87,,8/5/25 9:41 AM,8/5/25 9:07 AM
61,,CREDIT,Nadia,Nadia,0.00,29.35,,8/5/25 9:45 AM,8/5/25 9:42 AM
62,,CREDIT,Nadia,Nadia,1.70,12.30,,8/5/25 9:47 AM,8/5/25 9:42 AM
66,,CREDIT,Candy,Candy,0.00,9.17,,8/5/25 9:51 AM,8/5/25 9:49 AM
63,,CREDIT,Nadia,Nadia,0.00,39.32,,8/5/25 9:53 AM,8/5/25 9:44 AM
64,,CREDIT,Nadia,Nadia,2.00,23.69,,8/5/25 9:54 AM,8/5/25 9:47 AM
56,6,CREDIT,Emanuel,Emanuel,0.00,19.46,,8/5/25 9:58 AM,8/5/25 9:27 AM
67,,CREDIT,Nadia,Nadia,1.52,11.00,,8/5/25 9:59 AM,8/5/25 9:51 AM
68,,CREDIT,Nadia,Nadia,5.02,36.23,,8/5/25 10:00 AM,8/5/25 9:52 AM
69,,CREDIT,Nadia,Nadia,0.00,18.20,,8/5/25 10:03 AM,8/5/25 9:54 AM
71,,CREDIT,Nadia,Nadia,0.00,10.25,,8/5/25 10:09 AM,8/5/25 9:59 AM
72,,CREDIT,Nadia,Nadia,2.54,12.49,,8/5/25 10:10 AM,8/5/25 10:02 AM
73,,CREDIT,Nadia,Nadia,3.97,19.54,,8/5/25 10:15 AM,8/5/25 10:03 AM
70,,CREDIT,Nadia,Nadia,2.03,14.65,,8/5/25 10:16 AM,8/5/25 9:56 AM
75,,CREDIT,Nadia,Nadia,3.15,17.03,,8/5/25 10:20 AM,8/5/25 10:20 AM
76,,CREDIT,Nadia,Nadia,0.82,4.42,,8/5/25 10:23 AM,8/5/25 10:20 AM
80,29,CREDIT,Emanuel,Emanuel,2.70,19.47,,8/5/25 10:26 AM,8/5/25 10:25 AM
74,,CASH,Nadia,Nadia,0.00,2.15,DRIVE THRU 1,8/5/25 10:26 AM,8/5/25 10:10 AM
65,29,CREDIT,Emanuel,Emanuel,3.95,19.46,,8/5/25 10:27 AM,8/5/25 9:50 AM
78,,CASH,Nadia,Nadia,0.00,10.19,DRIVE THRU 1,8/5/25 10:27 AM,8/5/25 10:24 AM
81,,CREDIT,Nadia,Nadia,0.00,8.19,,8/5/25 10:28 AM,8/5/25 10:27 AM
82,,CASH,Nadia,Nadia,0.00,12.14,DRIVE THRU 1,8/5/25 10:33 AM,8/5/25 10:28 AM
83,,CREDIT,Nadia,Nadia,0.00,54.10,,8/5/25 10:34 AM,8/5/25 10:29 AM
84,,CREDIT,Nadia,Nadia,0.00,15.98,,8/5/25 10:35 AM,8/5/25 10:32 AM
85,,CREDIT,Nadia,Nadia,0.00,8.63,,8/5/25 10:39 AM,8/5/25 10:32 AM
77,20,CREDIT,Lizbeth,Lizbeth,0.00,0.07,,8/5/25 10:39 AM,8/5/25 10:23 AM
88,,CASH,Nadia,Nadia,0.00,10.81,DRIVE THRU 1,8/5/25 10:39 AM,8/5/25 10:34 AM
89,,CASH,Nadia,Nadia,0.00,15.13,DRIVE THRU 1,8/5/25 10:43 AM,8/5/25 10:38 AM
90,,CREDIT,Nadia,Nadia,0.00,25.59,,8/5/25 10:44 AM,8/5/25 10:42 AM
93,,CREDIT,Nadia,Nadia,2.45,17.70,,8/5/25 10:50 AM,8/5/25 10:47 AM
55,3,CREDIT,Leticia,Leticia,0.00,15.12,,8/5/25 10:51 AM,8/5/25 9:24 AM
95,,CASH,Nadia,Nadia,0.00,4.30,DRIVE THRU 1,8/5/25 10:53 AM,8/5/25 10:48 AM
87,25,CASH,Leticia,Leticia,0.00,11.32,,8/5/25 10:53 AM,8/5/25 10:33 AM
96,,CREDIT,Nadia,Nadia,0.00,8.09,,8/5/25 10:54 AM,8/5/25 10:50 AM
100,,CREDIT,Leticia,Leticia,10.00,116.69,,8/5/25 10:58 AM,8/5/25 10:57 AM
102,,CREDIT,Nadia,Nadia,4.57,24.72,,8/5/25 11:05 AM,8/5/25 11:05 AM
91,2,CREDIT,Leticia,Leticia,9.00,61.69,,8/5/25 11:09 AM,8/5/25 10:43 AM
104,,CASH,Nadia,Nadia,0.00,21.63,DRIVE THRU 1,8/5/25 11:16 AM,8/5/25 11:14 AM
108,,CASH,Leticia,Leticia,0.00,20.20,,8/5/25 11:21 AM,8/5/25 11:21 AM
99,25,CREDIT,Leticia,Leticia,5.00,9.18,,8/5/25 11:21 AM,8/5/25 10:56 AM
110,,CREDIT,Nadia,Nadia,0.00,16.50,,8/5/25 11:23 AM,8/5/25 11:23 AM
106,,CREDIT,Leticia,Leticia,2.00,16.96,,8/5/25 11:24 AM,8/5/25 11:17 AM
94,6,CASH,Lizbeth,Lizbeth,0.00,39.34,,8/5/25 11:29 AM,8/5/25 10:50 AM
111,,CREDIT,Nadia,Nadia,0.00,16.71,,8/5/25 11:29 AM,8/5/25 11:25 AM
103,,CREDIT,Emanuel,Emanuel,0.00,7.23,,8/5/25 11:30 AM,8/5/25 11:14 AM
112,,CASH,Nadia,Nadia,0.00,6.48,DRIVE THRU 1,8/5/25 11:32 AM,8/5/25 11:29 AM
86,22,CREDIT,Emanuel,Emanuel,6.87,37.17,,8/5/25 11:34 AM,8/5/25 10:44 AM
117,,CREDIT,Nadia,Nadia,6.14,44.33,,8/5/25 11:36 AM,8/5/25 11:36 AM
92,10,CREDIT,Emanuel,Emanuel,5.00,12.31,,8/5/25 11:36 AM,8/5/25 10:45 AM
107,3,CREDIT,Leticia,Leticia,3.00,14.54,,8/5/25 11:38 AM,8/5/25 11:19 AM
101,4,CREDIT,Emanuel,Emanuel,6.47,46.72,,8/5/25 11:40 AM,8/5/25 11:09 AM
119,,CREDIT,Nadia,Nadia,1.51,10.90,,8/5/25 11:42 AM,8/5/25 11:41 AM
98,20,CREDIT,Lizbeth,Lizbeth,0.00,32.98,,8/5/25 11:45 AM,8/5/25 10:55 AM
120,,CREDIT,Nadia,Nadia,0.00,8.31,,8/5/25 11:46 AM,8/5/25 11:41 AM
126,,CREDIT,Candy,Candy,2.00,13.52,,8/5/25 11:50 AM,8/5/25 11:49 AM
128,,CREDIT,Nadia,Nadia,1.99,12.92,,8/5/25 11:51 AM,8/5/25 11:50 AM
132,,CREDIT,Nadia,Nadia,2.00,13.68,,8/5/25 12:00 PM,8/5/25 11:54 AM
134,,CREDIT,Nadia,Nadia,0.00,5.40,,8/5/25 12:01 PM,8/5/25 11:56 AM
137,,CASH,Candy,Candy,0.00,30.28,Host Drawer,8/5/25 12:01 PM,8/5/25 12:01 PM
114,25,CREDIT,Lizbeth,Lizbeth,6.00,14.06,,8/5/25 12:04 PM,8/5/25 11:32 AM
109,1,CASH,Lizbeth,Lizbeth,0.00,24.98,,8/5/25 12:09 PM,8/5/25 11:21 AM
139,,CREDIT,Nadia,Nadia,0.00,9.69,,8/5/25 12:10 PM,8/5/25 12:10 PM
138,,CASH,Nadia,Nadia,0.00,2.70,DRIVE THRU 1,8/5/25 12:12 PM,8/5/25 12:01 PM
60,,CASH,Nadia,Nadia,0.00,5.19,DRIVE THRU 1,8/5/25 12:17 PM,8/5/25 12:06 PM
140,,CREDIT,Nadia,Nadia,0.00,53.94,,8/5/25 12:17 PM,8/5/25 12:07 PM
122,34,CREDIT,Emanuel,Emanuel,5.00,58.99,,8/5/25 12:22 PM,8/5/25 11:45 AM
143,,CREDIT,Nadia,Nadia,0.00,16.23,,8/5/25 12:23 PM,8/5/25 12:12 PM
144,,CREDIT,Nadia,Nadia,0.00,41.61,,8/5/25 12:23 PM,8/5/25 12:17 PM
150,17,CREDIT,Emanuel,Emanuel,2.62,18.87,,8/5/25 12:26 PM,8/5/25 12:26 PM
149,17,CREDIT,Emanuel,Emanuel,3.23,15.89,,8/5/25 12:26 PM,8/5/25 12:26 PM
115,17,CREDIT,Emanuel,Emanuel,2.91,21.03,,8/5/25 12:27 PM,8/5/25 11:34 AM
151,17,CREDIT,Emanuel,Emanuel,2.62,18.92,,8/5/25 12:28 PM,8/5/25 12:26 PM
141,,CREDIT,Nadia,Nadia,1.07,7.75,,8/5/25 12:28 PM,8/5/25 12:22 PM
129,6,CREDIT,Lizbeth,Lizbeth,7.00,33.26,,8/5/25 12:28 PM,8/5/25 11:51 AM
133,23,CREDIT,Lizbeth,Lizbeth,10.00,40.43,,8/5/25 12:31 PM,8/5/25 11:54 AM
131,3,CREDIT,Emanuel,Emanuel,5.00,37.01,,8/5/25 12:32 PM,8/5/25 11:52 AM
153,,CASH,Nadia,Nadia,0.00,6.13,DRIVE THRU 1,8/5/25 12:35 PM,8/5/25 12:33 PM
154,,CREDIT,Candy,Candy,0.00,3.24,,8/5/25 12:35 PM,8/5/25 12:35 PM
136,28,CREDIT,Leticia,Leticia,5.00,97.30,,8/5/25 12:40 PM,8/5/25 11:57 AM
156,,CREDIT,Nadia,Nadia,0.00,14.66,,8/5/25 12:41 PM,8/5/25 12:36 PM
116,2,CREDIT,Leticia,Leticia,6.00,63.64,,8/5/25 12:42 PM,8/5/25 11:34 AM
125,4,CREDIT,Leticia,Leticia,7.00,53.54,,8/5/25 12:43 PM,8/5/25 11:46 AM
157,,CREDIT,Nadia,Nadia,1.43,7.02,,8/5/25 12:44 PM,8/5/25 12:40 PM
158,,CREDIT,Nadia,Nadia,1.35,9.71,,8/5/25 12:45 PM,8/5/25 12:42 PM
145,25,CREDIT,Lizbeth,Lizbeth,5.00,18.38,,8/5/25 12:45 PM,8/5/25 12:18 PM
142,8,CREDIT,Emanuel,Emanuel,2.00,17.04,,8/5/25 12:46 PM,8/5/25 12:13 PM
121,,CREDIT,Nadia,Nadia,2.51,18.13,,8/5/25 1:09 PM,8/5/25 11:41 AM
165,,CASH,Nadia,Nadia,0.00,5.72,DRIVE THRU 1,8/5/25 1:19 PM,8/5/25 1:18 PM
152,31,CREDIT,Leticia,Candy,10.00,82.74,,8/5/25 1:24 PM,8/5/25 12:41 PM
171,,CREDIT,Nadia,Nadia,0.00,13.69,,8/5/25 1:26 PM,8/5/25 1:18 PM
164,,CREDIT,Nadia,Nadia,0.00,22.23,,8/5/25 1:31 PM,8/5/25 1:08 PM
174,,CASH,Nadia,Nadia,0.00,10.04,DRIVE THRU 1,8/5/25 1:34 PM,8/5/25 1:31 PM
183,21,CREDIT,Emanuel,Emanuel,0.00,12.17,,8/5/25 1:35 PM,8/5/25 1:35 PM
163,1,CREDIT,Lizbeth,Lizbeth,0.00,11.07,,8/5/25 1:36 PM,8/5/25 1:04 PM
177,21,CREDIT,Emanuel,Emanuel,0.63,11.53,,8/5/25 1:37 PM,8/5/25 1:35 PM
180,21,CREDIT,Emanuel,Emanuel,0.91,16.66,,8/5/25 1:38 PM,8/5/25 1:35 PM
178,,CREDIT,Nadia,Nadia,1.96,7.42,,8/5/25 1:38 PM,8/5/25 1:34 PM
176,21,CREDIT,Emanuel,Emanuel,3.00,11.53,,8/5/25 1:38 PM,8/5/25 1:35 PM
188,,CREDIT,Gabriel,Gabriel,0.00,8.64,,8/5/25 1:39 PM,8/5/25 1:39 PM
182,21,CREDIT,Emanuel,Emanuel,2.10,38.43,,8/5/25 1:39 PM,8/5/25 1:35 PM
184,21,CREDIT,Emanuel,Emanuel,1.24,22.67,,8/5/25 1:40 PM,8/5/25 1:35 PM
160,21,CREDIT,Emanuel,Emanuel,0.00,22.67,,8/5/25 1:41 PM,8/5/25 12:56 PM
168,3,CREDIT,Lizbeth,Lizbeth,0.00,55.35,,8/5/25 1:42 PM,8/5/25 1:15 PM
181,21,CREDIT,Emanuel,Emanuel,0.92,23.71,,8/5/25 1:42 PM,8/5/25 1:35 PM
179,21,CREDIT,Emanuel,Emanuel,1.00,8.97,,8/5/25 1:43 PM,8/5/25 1:35 PM
175,21,CASH,Emanuel,Emanuel,0.00,22.67,,8/5/25 1:47 PM,8/5/25 1:35 PM
191,2,CREDIT,Emanuel,Emanuel,2.09,10.27,,8/5/25 1:48 PM,8/5/25 1:48 PM
192,2,CREDIT,Emanuel,Emanuel,1.80,9.73,,8/5/25 1:49 PM,8/5/25 1:48 PM
193,2,CREDIT,Emanuel,Emanuel,2.00,11.35,,8/5/25 1:50 PM,8/5/25 1:48 PM
194,2,CREDIT,Emanuel,Emanuel,0.87,6.26,,8/5/25 1:51 PM,8/5/25 1:48 PM
162,2,CREDIT,Emanuel,Emanuel,2.00,10.81,,8/5/25 1:52 PM,8/5/25 1:08 PM
172,17,CREDIT,Leticia,Leticia,2.00,9.73,,8/5/25 1:55 PM,8/5/25 1:22 PM
173,8,CREDIT,Emanuel,Emanuel,6.62,35.82,,8/5/25 2:02 PM,8/5/25 1:30 PM
,,TIP_OUT,Nadia,Nadia,-82.06,0.00,House,8/5/25 2:08 PM,8/5/25 2:08 PM
,,CLOSE_OUT_EXACT,Nadia,,0.00,0.00,DRIVE THRU 1,8/5/25 2:08 PM,8/5/25 2:08 PM
185,25,CREDIT,Leticia,Leticia,2.00,22.71,,8/5/25 2:13 PM,8/5/25 1:37 PM
186,25,CASH,Leticia,Leticia,0.00,22.71,,8/5/25 2:14 PM,8/5/25 1:37 PM
190,10,CREDIT,Lizbeth,Lizbeth,10.00,57.34,,8/5/25 2:14 PM,8/5/25 1:40 PM
195,1,CREDIT,Lisa,Lisa,3.00,22.76,,8/5/25 2:18 PM,8/5/25 1:58 PM
,,CASH_COLLECTED,Emanuel,Emanuel,0.00,22.67*,House,8/5/25 2:25 PM,8/5/25 2:25 PM
,,TIP_OUT,Emanuel,Emanuel,-107.36,0.00,House,8/5/25 2:25 PM,8/5/25 2:25 PM
198,,CREDIT,Mario,Mario,0.00,11.63,,8/5/25 2:26 PM,8/5/25 2:26 PM
167,6,CREDIT,Leticia,Leticia,0.00,30.33,,8/5/25 2:30 PM,8/5/25 1:14 PM
,,CASH_COLLECTED,Lizbeth,Lizbeth,0.00,74.70*,House,8/5/25 2:31 PM,8/5/25 2:31 PM
,,TIP_OUT,Lizbeth,Lizbeth,-49.00,0.00,House,8/5/25 2:31 PM,8/5/25 2:31 PM
166,6,CREDIT,Leticia,Leticia,0.00,30.10,,8/5/25 2:32 PM,8/5/25 1:14 PM
,,PAY_OUT,Candy,,0.00,-6.50,House,8/5/25 2:35 PM,8/5/25 2:35 PM
169,6,CREDIT,Leticia,Leticia,0.00,29.14,,8/5/25 2:35 PM,8/5/25 1:14 PM
170,6,CREDIT,Leticia,Leticia,0.00,33.49,,8/5/25 2:36 PM,8/5/25 1:14 PM
,,TIP_OUT,Candy,Candy,-2.00,0.00,House,8/5/25 2:37 PM,8/5/25 2:37 PM
,,CLOSE_OUT_EXACT,Candy,,0.00,0.00,Host Drawer,8/5/25 2:37 PM,8/5/25 2:37 PM
,,PAY_OUT,Candy,,0.00,-37.00,House,8/5/25 2:50 PM,8/5/25 2:50 PM
,,CASH_COLLECTED,Leticia,Leticia,0.00,77.10*,House,8/5/25 2:52 PM,8/5/25 2:52 PM
,,TIP_OUT,Leticia,Leticia,-83.18,0.00,House,8/5/25 2:52 PM,8/5/25 2:52 PM
202,,CREDIT,Mario,Mario,1.20,8.64,,8/5/25 3:00 PM,8/5/25 3:00 PM
199,,CREDIT,Mario,Mario,0.00,2.48,,8/5/25 3:06 PM,8/5/25 3:06 PM
203,,CREDIT,Mario,Mario,0.00,18.92,,8/5/25 3:09 PM,8/5/25 3:08 PM
204,,CREDIT,Mario,Mario,1.00,10.25,,8/5/25 3:18 PM,8/5/25 3:17 PM
201,2,CREDIT,Lisa,Lisa,0.00,58.39,,8/5/25 3:21 PM,8/5/25 2:34 PM
206,,CASH,Mario,Mario,0.00,8.62,DRIVE THRU 1 (2),8/5/25 3:48 PM,8/5/25 3:46 PM
208,25,CREDIT,Lisa,Lisa,6.00,36.33,,8/5/25 4:15 PM,8/5/25 3:52 PM
207,18,CREDIT,Lisa,Lisa,7.00,30.37,,8/5/25 4:21 PM,8/5/25 3:50 PM
211,,CREDIT,Mario,Mario,1.97,9.71,,8/5/25 4:33 PM,8/5/25 4:32 PM
212,,CREDIT,Mario,Mario,0.00,17.52,,8/5/25 4:40 PM,8/5/25 4:40 PM
209,1,CREDIT,Lisa,Lisa,12.00,40.85,,8/5/25 4:51 PM,8/5/25 4:20 PM
210,34,CREDIT,Lisa,Lisa,12.00,57.29,,8/5/25 5:03 PM,8/5/25 4:30 PM
213,,CREDIT,Mario,Mario,0.00,5.40,,8/5/25 5:04 PM,8/5/25 5:03 PM
217,,CREDIT,Mario,Mario,0.00,15.80,,8/5/25 5:11 PM,8/5/25 5:11 PM
219,,CREDIT,Mario,Mario,0.00,27.04,,8/5/25 5:26 PM,8/5/25 5:26 PM
221,,CREDIT,Lisa,Lisa,2.00,15.12,,8/5/25 5:29 PM,8/5/25 5:29 PM
220,,CREDIT,Mario,Mario,4.50,22.13,,8/5/25 5:39 PM,8/5/25 5:31 PM
214,2,CREDIT,Lisa,Lisa,10.00,38.95,,8/5/25 5:42 PM,8/5/25 5:03 PM
225,,CREDIT,Mario,Mario,0.00,40.21,,8/5/25 5:49 PM,8/5/25 5:48 PM
227,,CREDIT,Mario,Mario,5.46,29.55,,8/5/25 6:03 PM,8/5/25 5:59 PM
222,30,CREDIT,Rosalinda,Rosalinda,0.00,21.63,,8/5/25 6:10 PM,8/5/25 5:29 PM
232,,CREDIT,Mario,Mario,3.00,16.22,,8/5/25 6:36 PM,8/5/25 6:35 PM
224,21,CREDIT,Rosalinda,Rosalinda,10.00,58.94,,8/5/25 6:38 PM,8/5/25 5:47 PM
216,4,CREDIT,Lisa,Lisa,7.00,43.73,,8/5/25 6:48 PM,8/5/25 5:08 PM
233,,CASH,Mario,Mario,0.00,11.77,DRIVE THRU 1 (2),8/5/25 6:53 PM,8/5/25 6:53 PM
235,,CASH,Mario,Mario,0.00,9.50,DRIVE THRU 1 (2),8/5/25 7:08 PM,8/5/25 7:07 PM
239,1,CREDIT,Rosalinda,Rosalinda,2.00,12.64,,8/5/25 7:12 PM,8/5/25 7:10 PM
231,1,CREDIT,Rosalinda,Rosalinda,5.00,14.06,,8/5/25 7:12 PM,8/5/25 6:30 PM
238,1,CREDIT,Rosalinda,Rosalinda,5.00,17.84,,8/5/25 7:13 PM,8/5/25 7:10 PM
234,22,CREDIT,Lisa,Lisa,8.00,26.02,,8/5/25 7:18 PM,8/5/25 6:56 PM
240,,CREDIT,Mario,Mario,0.00,29.97,,8/5/25 7:43 PM,8/5/25 7:42 PM
241,,CREDIT,Gabriel,Mario,0.00,3.88,,8/5/25 7:53 PM,8/5/25 7:45 PM
243,,CREDIT,Mario,Mario,0.00,14.37,,8/5/25 7:54 PM,8/5/25 7:48 PM
244,,CREDIT,Mario,Mario,0.00,10.80,,8/5/25 7:55 PM,8/5/25 7:50 PM
237,2,CREDIT,Rosalinda,,17.72,95.92,,8/5/25 7:58 PM,8/5/25 7:07 PM
236,4,CREDIT,Lisa,Lisa,0.00,30.26,,8/5/25 8:09 PM,8/5/25 7:03 PM
249,,CREDIT,Mario,Mario,10.55,51.92,,8/5/25 8:29 PM,8/5/25 8:29 PM
251,,CREDIT,Mario,Mario,5.00,23.20,,8/5/25 8:43 PM,8/5/25 8:43 PM
248,18,CREDIT,Lisa,Lisa,13.00,73.63,,8/5/25 8:52 PM,8/5/25 8:16 PM
229,3,CREDIT,Lisa,Lisa,8.00,51.07,,8/5/25 8:54 PM,8/5/25 6:15 PM
,,TIP_OUT,Mario,Mario,-32.68,0.00,House,8/5/25 9:00 PM,8/5/25 9:00 PM
,,CLOSE_OUT_EXACT,Candy,,0.00,0.00,DRIVE THRU 1 (2),8/5/25 9:08 PM,8/5/25 9:08 PM
,,TIP_OUT,Lisa,Lisa,-88.00,0.00,House,8/5/25 9:29 PM,8/5/25 9:29 PM
,,TIP_OUT,Rosalinda,Rosalinda,-29.72,0.00,House,8/5/25 9:37 PM,8/5/25 9:37 PM
,,TOTAL,,,-38.99,4269.03,,,
