Location,Order #,Opened,Server,Table,Revenue Center,Discount Amount,Amount,Tax,Tip,Gratuity,Duration (Opened to Paid)
12060 Potranco Road,3,8/5/25 6:27 AM,Nadia Reyes,,Drive Thru,0.00,8.98,0.74,1.98,0.00,00:03:58
12060 Potranco Road,4,8/5/25 6:35 AM,Nadia Reyes,,Drive Thru,0.00,5.37,0.44,1.18,0.00,00:01:11
12060 Potranco Road,5,8/5/25 6:53 AM,Nadia Reyes,,Drive Thru,0.00,6.27,0.52,1.25,0.00,00:01:04
12060 Potranco Road,6,8/5/25 7:11 AM,Nadia Reyes,,Drive Thru,0.00,10.76,0.88,0.00,0.00,00:01:23
12060 Potranco Road,7,8/5/25 7:16 AM,Nadia Reyes,,Drive Thru,0.00,7.77,0.64,1.17,0.00,00:02:22
12060 Potranco Road,8,8/5/25 7:17 AM,Nadia Reyes,,Drive Thru,0.00,15.67,1.29,3.13,0.00,00:10:47
12060 Potranco Road,9,8/5/25 7:22 AM,Nadia Reyes,,Drive Thru,0.00,27.32,2.26,6.01,0.00,00:06:00
12060 Potranco Road,10,8/5/25 7:33 AM,Nadia Reyes,,Drive Thru,0.00,11.47,0.95,0.00,0.00,00:03:09
12060 Potranco Road,11,8/5/25 7:38 AM,Nadia Reyes,,Drive Thru,0.00,7.97,0.66,0.00,0.00,00:02:07
12060 Potranco Road,12,8/5/25 7:39 AM,Nadia Reyes,,Drive Thru,0.00,5.77,0.48,0.00,0.00,00:03:39
12060 Potranco Road,13,8/5/25 7:46 AM,Lizbeth Garcia,,Dining Room,0.00,3.58,0.30,1.00,0.00,00:00:14
12060 Potranco Road,14,8/5/25 7:47 AM,Lizbeth Garcia,,Dining Room,0.00,7.97,0.66,0.00,0.00,00:00:37
12060 Potranco Road,15,8/5/25 8:00 AM,Candy Del Angel,,Dining Room,0.00,7.88,0.65,0.00,0.00,00:00:14
12060 Potranco Road,17,8/5/25 8:01 AM,Nadia Reyes,,Drive Thru,0.00,6.98,0.58,0.00,0.00,00:00:58
12060 Potranco Road,19,8/5/25 8:04 AM,Nadia Reyes,,Drive Thru,0.00,10.36,0.86,0.00,0.00,00:01:45
12060 Potranco Road,18,8/5/25 8:02 AM,Lizbeth Garcia,17,Dining Room,0.00,9.59,0.79,0.00,0.00,00:56:21
12060 Potranco Road,21,8/5/25 8:07 AM,Nadia Reyes,,Drive Thru,0.00,5.37,0.44,1.18,0.00,00:04:03
12060 Potranco Road,20,8/5/25 8:07 AM,Candy Del Angel,,Dining Room,0.00,4.68,0.39,0.00,0.00,00:29:04
12060 Potranco Road,22,8/5/25 8:07 AM,Nadia Reyes,,Drive Thru,0.00,9.17,0.76,0.00,0.00,00:04:44
12060 Potranco Road,25,8/5/25 8:12 AM,Lizbeth Garcia,18,Dining Room,0.00,17.35,1.44,4.00,0.00,00:15:50
12060 Potranco Road,26,8/5/25 8:13 AM,Nadia Reyes,,Drive Thru,0.00,8.87,0.72,0.00,0.00,00:03:31
12060 Potranco Road,27,8/5/25 8:16 AM,Nadia Reyes,,Drive Thru,0.00,9.77,0.81,0.00,0.00,00:02:30
12060 Potranco Road,28,8/5/25 8:20 AM,Nadia Reyes,,Drive Thru,0.00,10.96,0.91,0.00,0.00,00:01:04
12060 Potranco Road,30,8/5/25 8:22 AM,Leticia Roman,1,Dining Room,0.00,12.86,1.07,3.00,0.00,00:28:39
12060 Potranco Road,2,8/5/25 6:27 AM,Nadia Reyes,,Drive Thru,0.00,14.95,1.24,2.24,0.00,01:59:14
12060 Potranco Road,31,8/5/25 8:30 AM,Nadia Reyes,,Drive Thru,0.00,14.05,1.16,2.11,0.00,00:02:47
12060 Potranco Road,32,8/5/25 8:32 AM,Nadia Reyes,,Drive Thru,0.00,19.82,1.65,0.00,0.00,00:04:58
12060 Potranco Road,33,8/5/25 8:34 AM,Nadia Reyes,,Drive Thru,0.00,7.16,0.60,0.00,0.00,00:03:16
12060 Potranco Road,34,8/5/25 8:34 AM,Nadia Reyes,,Drive Thru,0.00,8.47,0.70,0.00,0.00,00:07:05
12060 Potranco Road,36,8/5/25 8:36 AM,Emanuel Sanchez,2,Dining Room,0.00,15.47,1.28,4.00,0.00,00:57:36
12060 Potranco Road,38,8/5/25 8:40 AM,Lizbeth Garcia,11,Dining Room,21.94,0.00,0.00,0.00,0.00,02:58:20
12060 Potranco Road,32001,8/5/25 8:43 AM,Nadia Reyes,,Dining Room,0.00,4.28,0.35,0.00,0.00,00:03:20
12060 Potranco Road,39,8/5/25 8:43 AM,Lizbeth Garcia,4,Dining Room,0.00,0.00,0.00,0.00,0.00,00:01:38
12060 Potranco Road,41,8/5/25 8:44 AM,Nadia Reyes,,Dining Room,0.00,8.36,0.69,1.67,0.00,00:03:40
12060 Potranco Road,42,8/5/25 8:51 AM,Lizbeth Garcia,3,Dining Room,0.00,11.76,0.98,6.00,0.00,00:16:26
12060 Potranco Road,43,8/5/25 8:52 AM,Nadia Reyes,,Dining Room,0.00,6.57,0.54,0.00,0.00,00:02:28
12060 Potranco Road,44,8/5/25 8:54 AM,Nadia Reyes,,Drive Thru,0.00,14.94,1.23,0.00,0.00,00:02:50
12060 Potranco Road,45,8/5/25 8:57 AM,Leticia Roman,,Dining Room,0.00,11.67,0.96,0.00,0.00,00:08:14
12060 Potranco Road,47,8/5/25 9:06 AM,Leticia Roman,1,Dining Room,0.00,21.13,1.74,0.00,0.00,00:34:22
12060 Potranco Road,48,8/5/25 9:10 AM,Nadia Reyes,,Dining Room,0.00,17.92,1.49,3.94,0.00,00:02:17
12060 Potranco Road,49,8/5/25 9:12 AM,Nadia Reyes,,Drive Thru,0.00,20.25,1.67,3.04,0.00,00:07:26
12060 Potranco Road,46,8/5/25 9:06 AM,Candy Del Angel,,Dining Room,33.43,0.00,0.00,0.00,0.00,05:30:48
12060 Potranco Road,50,8/5/25 9:17 AM,Nadia Reyes,,Drive Thru,1.35,12.16,1.00,2.00,0.00,00:03:23
12060 Potranco Road,51,8/5/25 9:21 AM,Emanuel Sanchez,,Dining Room,0.00,4.58,0.38,0.00,0.00,00:12:49
12060 Potranco Road,52,8/5/25 9:22 AM,Nadia Reyes,,Drive Thru,0.00,21.66,1.79,0.00,0.00,00:01:56
12060 Potranco Road,54,8/5/25 9:23 AM,Nadia Reyes,,Drive Thru,0.00,7.38,0.61,0.00,0.00,00:00:58
12060 Potranco Road,55,8/5/25 9:24 AM,Leticia Roman,3,Dining Room,0.00,13.96,1.16,0.00,0.00,01:26:53
12060 Potranco Road,56,8/5/25 9:26 AM,Emanuel Sanchez,6,Dining Room,0.00,17.98,1.48,0.00,0.00,00:32:23
12060 Potranco Road,57,8/5/25 9:28 AM,Nadia Reyes,,Drive Thru,0.00,9.56,0.78,1.43,0.00,00:04:07
12060 Potranco Road,58,8/5/25 9:28 AM,Nadia Reyes,,Drive Thru,0.00,4.98,0.41,0.00,0.00,00:04:55
12060 Potranco Road,59,8/5/25 9:38 AM,Nadia Reyes,,Dining Room,0.00,3.58,0.30,0.00,0.00,00:01:43
12060 Potranco Road,61,8/5/25 9:41 AM,Nadia Reyes,,Drive Thru,0.00,27.10,2.25,0.00,0.00,00:04:49
12060 Potranco Road,62,8/5/25 9:42 AM,Nadia Reyes,,Drive Thru,0.00,11.36,0.94,1.70,0.00,00:06:10
12060 Potranco Road,63,8/5/25 9:42 AM,Nadia Reyes,,Drive Thru,0.00,36.31,3.01,0.00,0.00,00:10:56
12060 Potranco Road,64,8/5/25 9:47 AM,Nadia Reyes,,Drive Thru,0.00,21.89,1.80,2.00,0.00,00:07:41
12060 Potranco Road,66,8/5/25 9:49 AM,Candy Del Angel,,None,0.00,8.47,0.70,0.00,0.00,00:01:51
12060 Potranco Road,65,8/5/25 9:48 AM,Emanuel Sanchez,29,Dining Room,0.00,35.95,2.98,6.65,0.00,00:39:01
12060 Potranco Road,67,8/5/25 9:51 AM,Nadia Reyes,,Drive Thru,0.00,10.16,0.84,1.52,0.00,00:07:58
12060 Potranco Road,68,8/5/25 9:51 AM,Nadia Reyes,,Drive Thru,0.00,33.47,2.76,5.02,0.00,00:09:15
12060 Potranco Road,69,8/5/25 9:54 AM,Nadia Reyes,,Drive Thru,0.00,16.81,1.39,0.00,0.00,00:09:08
12060 Potranco Road,70,8/5/25 9:55 AM,Nadia Reyes,,Dining Room,0.00,13.53,1.12,2.03,0.00,00:21:38
12060 Potranco Road,71,8/5/25 9:59 AM,Nadia Reyes,,Drive Thru,0.00,9.47,0.78,0.00,0.00,00:10:31
12060 Potranco Road,72,8/5/25 10:02 AM,Nadia Reyes,,Drive Thru,0.00,13.54,1.10,2.54,0.00,00:24:53
12060 Potranco Road,73,8/5/25 10:02 AM,Nadia Reyes,,Drive Thru,0.00,18.05,1.49,3.97,0.00,00:12:40
12060 Potranco Road,75,8/5/25 10:19 AM,Nadia Reyes,,Drive Thru,0.00,15.74,1.29,3.15,0.00,00:01:14
12060 Potranco Road,76,8/5/25 10:20 AM,Nadia Reyes,,Drive Thru,0.00,4.08,0.34,0.82,0.00,00:03:46
12060 Potranco Road,77,8/5/25 10:22 AM,Lizbeth Garcia,20,Dining Room,6.90,0.07,0.00,0.00,0.00,00:17:05
12060 Potranco Road,78,8/5/25 10:24 AM,Nadia Reyes,,Drive Thru,1.04,9.41,0.78,0.00,0.00,00:02:36
12060 Potranco Road,81,8/5/25 10:27 AM,Nadia Reyes,,Drive Thru,0.00,7.56,0.63,0.00,0.00,00:05:10
12060 Potranco Road,82,8/5/25 10:27 AM,Nadia Reyes,,Drive Thru,1.25,11.22,0.92,0.00,0.00,00:06:13
12060 Potranco Road,83,8/5/25 10:28 AM,Nadia Reyes,,Drive Thru,0.00,49.98,4.12,0.00,0.00,00:05:57
12060 Potranco Road,84,8/5/25 10:29 AM,Nadia Reyes,,Drive Thru,0.00,14.76,1.22,0.00,0.00,00:05:46
12060 Potranco Road,85,8/5/25 10:32 AM,Nadia Reyes,,Drive Thru,0.00,7.97,0.66,0.00,0.00,00:07:14
12060 Potranco Road,87,8/5/25 10:32 AM,Leticia Roman,25,Dining Room,0.00,10.46,0.86,0.00,0.00,00:20:59
12060 Potranco Road,88,8/5/25 10:34 AM,Nadia Reyes,,Drive Thru,0.00,9.99,0.82,0.00,0.00,00:05:16
12060 Potranco Road,89,8/5/25 10:38 AM,Nadia Reyes,,Drive Thru,0.00,13.98,1.15,0.00,0.00,00:05:04
12060 Potranco Road,90,8/5/25 10:41 AM,Nadia Reyes,,Drive Thru,0.00,23.64,1.95,0.00,0.00,00:02:28
12060 Potranco Road,91,8/5/25 10:42 AM,Leticia Roman,2,Dining Room,0.00,56.99,4.70,9.00,0.00,00:26:51
12060 Potranco Road,86,8/5/25 10:32 AM,Emanuel Sanchez,22,Dining Room,0.00,34.33,2.84,6.87,0.00,01:02:46
12060 Potranco Road,92,8/5/25 10:45 AM,Emanuel Sanchez,10,Dining Room,0.00,11.37,0.94,5.00,0.00,00:51:35
12060 Potranco Road,93,8/5/25 10:46 AM,Nadia Reyes,,Dining Room,0.00,16.34,1.36,2.45,0.00,00:03:56
12060 Potranco Road,95,8/5/25 10:48 AM,Nadia Reyes,,Drive Thru,0.00,3.98,0.32,0.00,0.00,00:04:45
12060 Potranco Road,96,8/5/25 10:48 AM,Nadia Reyes,,Drive Thru,0.00,7.47,0.62,0.00,0.00,00:06:29
12060 Potranco Road,94,8/5/25 10:48 AM,Lizbeth Garcia,6,Dining Room,0.00,36.34,3.00,0.00,0.00,00:40:50
12060 Potranco Road,98,8/5/25 10:54 AM,Lizbeth Garcia,20,Dining Room,0.00,30.47,2.51,0.00,0.00,00:50:33
12060 Potranco Road,99,8/5/25 10:55 AM,Leticia Roman,25,Dining Room,0.00,8.48,0.70,5.00,0.00,00:26:18
12060 Potranco Road,100,8/5/25 10:56 AM,Leticia Roman,,Dining Room,0.00,107.80,8.89,10.00,0.00,00:01:29
12060 Potranco Road,102,8/5/25 11:04 AM,Nadia Reyes,,Drive Thru,0.00,22.83,1.89,4.57,0.00,00:02:02
12060 Potranco Road,101,8/5/25 11:01 AM,Emanuel Sanchez,4,Dining Room,0.00,43.16,3.56,6.47,0.00,00:39:17
12060 Potranco Road,103,8/5/25 11:13 AM,Emanuel Sanchez,,Dining Room,0.00,6.68,0.55,0.00,0.00,00:17:29
12060 Potranco Road,104,8/5/25 11:14 AM,Nadia Reyes,,Drive Thru,0.00,19.98,1.65,0.00,0.00,00:01:38
12060 Potranco Road,106,8/5/25 11:15 AM,Leticia Roman,,Dining Room,1.30,15.67,1.29,2.00,0.00,00:08:39
12060 Potranco Road,107,8/5/25 11:19 AM,Leticia Roman,3,Dining Room,0.00,13.44,1.10,3.00,0.00,00:19:55
12060 Potranco Road,108,8/5/25 11:20 AM,Leticia Roman,,Dining Room,0.00,18.66,1.54,0.00,0.00,00:01:11
12060 Potranco Road,109,8/5/25 11:21 AM,Lizbeth Garcia,1,Dining Room,1.80,23.08,1.90,0.00,0.00,00:48:23
12060 Potranco Road,110,8/5/25 11:22 AM,Nadia Reyes,,Drive Thru,0.00,15.25,1.25,0.00,0.00,00:01:30
12060 Potranco Road,111,8/5/25 11:24 AM,Nadia Reyes,,Drive Thru,0.00,15.44,1.27,0.00,0.00,00:05:10
12060 Potranco Road,113,8/5/25 11:27 AM,Lizbeth Garcia,7,Dining Room,38.76,0.00,0.00,0.00,0.00,03:02:33
12060 Potranco Road,112,8/5/25 11:25 AM,Nadia Reyes,,Drive Thru,0.00,5.98,0.50,0.00,0.00,00:07:27
12060 Potranco Road,114,8/5/25 11:31 AM,Lizbeth Garcia,25,Dining Room,0.00,12.99,1.07,6.00,0.00,00:33:19
12060 Potranco Road,116,8/5/25 11:33 AM,Leticia Roman,2,Dining Room,0.00,58.81,4.83,6.00,0.00,01:09:05
12060 Potranco Road,117,8/5/25 11:34 AM,Nadia Reyes,,Drive Thru,0.00,40.95,3.38,6.14,0.00,00:02:01
12060 Potranco Road,119,8/5/25 11:37 AM,Nadia Reyes,,Drive Thru,0.00,10.07,0.83,1.51,0.00,00:04:59
12060 Potranco Road,120,8/5/25 11:41 AM,Nadia Reyes,,Drive Thru,0.00,7.68,0.63,0.00,0.00,00:05:04
12060 Potranco Road,121,8/5/25 11:41 AM,Nadia Reyes,,Drive Thru,0.00,16.75,1.38,2.51,0.00,01:28:15
12060 Potranco Road,125,8/5/25 11:46 AM,Leticia Roman,4,Dining Room,0.00,49.45,4.09,7.00,0.00,00:57:28
12060 Potranco Road,123,8/5/25 11:42 AM,Leticia Roman,,Dining Room,0.00,0.00,0.00,0.00,0.00,00:05:43
12060 Potranco Road,126,8/5/25 11:48 AM,Candy Del Angel,,Dining Room,0.00,12.49,1.03,2.00,0.00,00:01:15
12060 Potranco Road,128,8/5/25 11:50 AM,Nadia Reyes,,Drive Thru,1.32,11.93,0.99,1.99,0.00,00:03:00
12060 Potranco Road,129,8/5/25 11:50 AM,Lizbeth Garcia,6,Dining Room,0.00,30.73,2.53,7.00,0.00,00:38:28
12060 Potranco Road,133,8/5/25 11:54 AM,Lizbeth Garcia,23,Dining Room,0.00,37.36,3.07,10.00,0.00,00:36:53
12060 Potranco Road,132,8/5/25 11:53 AM,Nadia Reyes,,Drive Thru,0.00,12.65,1.03,2.00,0.00,00:06:46
12060 Potranco Road,134,8/5/25 11:54 AM,Nadia Reyes,,Drive Thru,0.00,4.99,0.41,0.00,0.00,00:06:58
12060 Potranco Road,136,8/5/25 11:56 AM,Leticia Roman,28,Dining Room,0.00,89.89,7.41,5.00,0.00,00:43:32
12060 Potranco Road,137,8/5/25 11:59 AM,Candy Del Angel,,Dining Room,0.00,27.98,2.30,0.00,0.00,00:01:52
12060 Potranco Road,138,8/5/25 12:01 PM,Nadia Reyes,,Drive Thru,0.00,2.49,0.21,0.00,0.00,00:10:38
12060 Potranco Road,60,8/5/25 9:40 AM,Nadia Reyes,,Drive Thru,0.00,4.79,0.40,0.00,0.00,02:36:51
12060 Potranco Road,140,8/5/25 12:06 PM,Nadia Reyes,,Drive Thru,0.00,49.83,4.11,0.00,0.00,00:11:27
12060 Potranco Road,139,8/5/25 12:01 PM,Nadia Reyes,,Drive Thru,0.00,8.95,0.74,0.00,0.00,00:08:34
12060 Potranco Road,143,8/5/25 12:12 PM,Nadia Reyes,,Drive Thru,0.00,14.99,1.24,0.00,0.00,00:11:06
12060 Potranco Road,144,8/5/25 12:15 PM,Nadia Reyes,,Drive Thru,0.00,38.44,3.17,0.00,0.00,00:08:25
12060 Potranco Road,131,8/5/25 11:51 AM,Emanuel Sanchez,3,Dining Room,0.00,34.20,2.81,5.00,0.00,00:41:00
12060 Potranco Road,122,8/5/25 11:41 AM,Emanuel Sanchez,34,Dining Room,0.00,54.49,4.50,5.00,0.00,00:41:06
12060 Potranco Road,115,8/5/25 11:31 AM,Emanuel Sanchez,17,Dining Room,0.00,69.03,5.68,11.38,0.00,00:56:59
12060 Potranco Road,142,8/5/25 12:10 PM,Emanuel Sanchez,8,Dining Room,0.00,15.74,1.30,2.00,0.00,00:35:55
12060 Potranco Road,145,8/5/25 12:18 PM,Lizbeth Garcia,25,Dining Room,0.00,16.98,1.40,5.00,0.00,00:27:52
12060 Potranco Road,141,8/5/25 12:07 PM,Nadia Reyes,,Drive Thru,0.00,7.16,0.59,1.07,0.00,00:21:31
12060 Potranco Road,153,8/5/25 12:33 PM,Nadia Reyes,,Drive Thru,3.32,5.66,0.47,0.00,0.00,00:02:15
12060 Potranco Road,154,8/5/25 12:35 PM,Candy Del Angel,,Dining Room,0.00,2.99,0.25,0.00,0.00,00:00:11
12060 Potranco Road,156,8/5/25 12:36 PM,Nadia Reyes,,Drive Thru,0.00,13.54,1.12,0.00,0.00,00:05:15
12060 Potranco Road,157,8/5/25 12:36 PM,Nadia Reyes,,Drive Thru,0.00,6.48,0.54,1.43,0.00,00:07:57
12060 Potranco Road,152,8/5/25 12:31 PM,Leticia Roman,31,Dining Room,0.00,76.43,6.31,10.00,0.00,00:53:09
12060 Potranco Road,158,8/5/25 12:41 PM,Nadia Reyes,,Drive Thru,0.00,8.97,0.74,1.35,0.00,00:03:49
12060 Potranco Road,160,8/5/25 12:43 PM,Emanuel Sanchez,21,Dining Room,0.00,148.94,12.26,9.80,29.81,01:03:44
12060 Potranco Road,161,8/5/25 12:56 PM,Lizbeth Garcia,3,Dining Room,0.00,0.00,0.00,0.00,0.00,00:16:43
12060 Potranco Road,163,8/5/25 1:03 PM,Lizbeth Garcia,1,Dining Room,0.00,10.23,0.84,0.00,0.00,00:32:38
12060 Potranco Road,164,8/5/25 1:07 PM,Nadia Reyes,,Drive Thru,0.00,20.54,1.69,0.00,0.00,00:23:31
12060 Potranco Road,162,8/5/25 1:01 PM,Emanuel Sanchez,2,Dining Room,0.00,44.74,3.68,8.76,0.00,00:51:10
12060 Potranco Road,166,8/5/25 1:12 PM,Leticia Roman,6,Dining Room,0.00,95.97,7.91,0.00,19.18,01:24:22
12060 Potranco Road,168,8/5/25 1:14 PM,Lizbeth Garcia,3,Dining Room,1.52,51.14,4.21,0.00,0.00,00:27:41
12060 Potranco Road,165,8/5/25 1:09 PM,Nadia Reyes,,Drive Thru,0.00,5.28,0.44,0.00,0.00,00:10:12
12060 Potranco Road,171,8/5/25 1:18 PM,Nadia Reyes,,Drive Thru,0.00,12.65,1.04,0.00,0.00,00:08:39
12060 Potranco Road,172,8/5/25 1:21 PM,Leticia Roman,17,Dining Room,0.00,8.99,0.74,2.00,0.00,00:33:57
12060 Potranco Road,173,8/5/25 1:29 PM,Emanuel Sanchez,8,Dining Room,0.00,33.10,2.72,6.62,0.00,00:34:09
12060 Potranco Road,174,8/5/25 1:30 PM,Nadia Reyes,,Drive Thru,0.00,9.28,0.76,0.00,0.00,00:03:13
12060 Potranco Road,178,8/5/25 1:34 PM,Nadia Reyes,,Drive Thru,2.93,6.85,0.57,1.96,0.00,00:04:41
12060 Potranco Road,185,8/5/25 1:36 PM,Leticia Roman,25,Dining Room,0.00,41.96,3.46,2.00,0.00,00:37:15
12060 Potranco Road,188,8/5/25 1:38 PM,Gabriel Tovar ,,Dining Room,0.00,7.98,0.66,0.00,0.00,00:00:31
12060 Potranco Road,190,8/5/25 1:39 PM,Lizbeth Garcia,10,Dining Room,0.00,52.98,4.36,10.00,0.00,00:35:34
12060 Potranco Road,195,8/5/25 1:57 PM,Lisa Velasquez,1,Dining Room,0.00,21.03,1.73,3.00,0.00,00:20:15
12060 Potranco Road,198,8/5/25 2:25 PM,Mario Jimenez,,Dining Room,0.00,10.74,0.89,0.00,0.00,00:00:57
12060 Potranco Road,201,8/5/25 2:32 PM,Lisa Velasquez,2,Dining Room,0.00,53.94,4.45,0.00,0.00,00:49:00
12060 Potranco Road,202,8/5/25 2:59 PM,Mario Jimenez,,Dining Room,0.00,7.98,0.66,1.20,0.00,00:01:11
12060 Potranco Road,199,8/5/25 2:26 PM,Mario Jimenez,,Drive Thru,0.00,2.29,0.19,0.00,0.00,00:39:23
12060 Potranco Road,203,8/5/25 3:06 PM,Mario Jimenez,,Drive Thru,0.00,17.48,1.44,0.00,0.00,00:03:19
12060 Potranco Road,204,8/5/25 3:08 PM,Mario Jimenez,,Drive Thru,0.00,9.47,0.78,1.00,0.00,00:16:03
12060 Potranco Road,206,8/5/25 3:46 PM,Mario Jimenez,,Dining Room,0.00,7.96,0.66,0.00,0.00,00:01:31
12060 Potranco Road,207,8/5/25 3:48 PM,Lisa Velasquez,18,Dining Room,0.00,28.06,2.31,7.00,0.00,00:32:48
12060 Potranco Road,208,8/5/25 3:51 PM,Lisa Velasquez,25,Dining Room,8.35,33.57,2.76,6.00,0.00,00:24:43
12060 Potranco Road,209,8/5/25 4:19 PM,Lisa Velasquez,1,Dining Room,0.00,37.74,3.11,12.00,0.00,00:32:07
12060 Potranco Road,210,8/5/25 4:29 PM,Lisa Velasquez,34,Dining Room,2.70,52.92,4.37,12.00,0.00,00:34:10
12060 Potranco Road,211,8/5/25 4:32 PM,Mario Jimenez,,None,0.00,8.97,0.74,1.97,0.00,00:01:08
12060 Potranco Road,212,8/5/25 4:39 PM,Mario Jimenez,,None,0.00,16.19,1.33,0.00,0.00,00:09:51
12060 Potranco Road,213,8/5/25 5:03 PM,Mario Jimenez,,Dining Room,0.00,4.99,0.41,0.00,0.00,00:01:15
12060 Potranco Road,214,8/5/25 5:03 PM,Lisa Velasquez,2,Dining Room,9.45,35.98,2.97,10.00,0.00,00:38:52
12060 Potranco Road,216,8/5/25 5:08 PM,Lisa Velasquez,4,Dining Room,0.00,40.39,3.34,7.00,0.00,01:40:04
12060 Potranco Road,217,8/5/25 5:11 PM,Mario Jimenez,,Dining Room,0.00,14.59,1.21,0.00,0.00,00:00:41
12060 Potranco Road,219,8/5/25 5:25 PM,Mario Jimenez,,Dining Room,0.00,24.98,2.06,0.00,0.00,00:01:41
12060 Potranco Road,221,8/5/25 5:28 PM,Lisa Velasquez,,Dining Room,0.00,13.97,1.15,2.00,0.00,00:00:40
12060 Potranco Road,222,8/5/25 5:29 PM,Rosalinda Rodriguez,30,Dining Room,0.00,19.98,1.65,0.00,0.00,00:41:33
12060 Potranco Road,220,8/5/25 5:27 PM,Mario Jimenez,,Drive Thru,0.00,20.44,1.69,4.50,0.00,00:12:10
12060 Potranco Road,224,8/5/25 5:47 PM,Rosalinda Rodriguez,21,Dining Room,0.00,54.46,4.48,10.00,0.00,00:51:24
12060 Potranco Road,225,8/5/25 5:47 PM,Mario Jimenez,,Drive Thru,0.00,37.14,3.07,0.00,0.00,00:01:47
12060 Potranco Road,227,8/5/25 5:59 PM,Mario Jimenez,,Dining Room,0.00,27.30,2.25,5.46,0.00,00:06:45
12060 Potranco Road,229,8/5/25 6:15 PM,Lisa Velasquez,3,Dining Room,0.00,47.17,3.90,8.00,0.00,02:39:04
12060 Potranco Road,231,8/5/25 6:30 PM,Rosalinda Rodriguez,1,Dining Room,0.00,41.15,3.39,12.00,0.00,00:42:42
12060 Potranco Road,232,8/5/25 6:34 PM,Mario Jimenez,,Dining Room,0.00,14.98,1.24,3.00,0.00,00:01:32
12060 Potranco Road,233,8/5/25 6:48 PM,Mario Jimenez,,Drive Thru,0.00,10.88,0.89,0.00,0.00,00:05:06
12060 Potranco Road,234,8/5/25 6:56 PM,Lisa Velasquez,22,Dining Room,0.00,24.04,1.98,8.00,0.00,00:22:51
12060 Potranco Road,236,8/5/25 7:02 PM,Lisa Velasquez,4,Dining Room,0.00,27.96,2.30,0.00,0.00,01:07:07
12060 Potranco Road,237,8/5/25 7:06 PM,Rosalinda Rodriguez,2,Dining Room,0.00,88.62,7.30,17.72,0.00,00:52:05
12060 Potranco Road,235,8/5/25 6:59 PM,Mario Jimenez,,Drive Thru,0.00,8.78,0.72,0.00,0.00,00:08:26
12060 Potranco Road,240,8/5/25 7:42 PM,Mario Jimenez,,Drive Thru,3.08,27.68,2.29,0.00,0.00,00:01:20
12060 Potranco Road,241,8/5/25 7:42 PM,Gabriel Tovar ,,Drive Thru,21.22,3.58,0.30,0.00,0.00,00:27:06
12060 Potranco Road,243,8/5/25 7:45 PM,Mario Jimenez,,Drive Thru,0.00,13.27,1.10,0.00,0.00,00:09:51
12060 Potranco Road,244,8/5/25 7:48 PM,Mario Jimenez,,Drive Thru,0.00,9.98,0.82,0.00,0.00,00:07:10
12060 Potranco Road,248,8/5/25 8:15 PM,Lisa Velasquez,18,Dining Room,0.00,68.02,5.61,13.00,0.00,00:37:10
12060 Potranco Road,249,8/5/25 8:28 PM,Mario Jimenez,,Drive Thru,0.00,47.96,3.96,10.55,0.00,00:06:23
12060 Potranco Road,251,8/5/25 8:42 PM,Mario Jimenez,,Dining Room,0.00,21.43,1.77,5.00,0.00,00:06:49
