,Location,Employee,Job Title,In Date,Shift Closed Date,Out Date,Hours,Cash Tips Decl.,Cash on Hand,Cash in Drawer,Non-Cash Tips,Cash Gratuity,Non-Cash Gratuity,Tips Withheld,Non-Cash Sales,Cash Sales,Total Sales,Cash Collected?,Tips Paid?,Open,Paid,Closed,Tip Share Total
800000027955625137,12060 Potranco Road,Lizbeth Garcia,Server,8/5/25 6:12 AM,8/5/25 2:31 PM,8/5/25 2:31 PM,8.32,0.00,74.70,0.00,49.00,0.00,0.00,0.00,306.98,74.70,381.68,yes,yes,0,0,18,0.00
800000027955706363,12060 Potranco Road,Nadia Reyes,Driver,8/5/25 6:27 AM,8/5/25 2:08 PM,8/5/25 2:00 PM,7.55,0.00,0.00,173.02,82.06,0.00,0.00,0.00,1096.96,173.02,1269.98,yes,yes,0,0,88,0.00
800000027956399619,12060 Potranco Road,Candy Del Angel,Shift Manager / Assistant Manager,8/5/25 7:39 AM,8/5/25 2:37 PM,8/5/25 3:07 PM,7.46,,0.00,30.28,2.00,0.00,0.00,0.00,39.53,30.28,69.81,yes,yes,0,0,7,0.00
800000027956767239,12060 Potranco Road,Leticia Roman,Server,8/5/25 8:05 AM,8/5/25 2:52 PM,8/5/25 2:54 PM,6.81,25.00,77.10,0.00,64.00,0.00,19.18,0.00,694.28,77.10,771.38,yes,yes,0,0,22,0.00
800000027956779009,12060 Potranco Road,Emanuel Sanchez,Server,8/5/25 8:06 AM,8/5/25 2:25 PM,8/5/25 2:27 PM,6.35,5.00,22.67,4.96,77.55,3.54,26.27,0.00,592.63,24.09,616.72,yes,yes,0,0,32,0.00
800000027966703848,12060 Potranco Road,Gabriel Tovar ,Shift Leader,8/5/25 1:38 PM,8/5/25 9:11 PM,8/5/25 9:11 PM,7.55,,0.00,0.00,0.00,0.00,0.00,0.00,12.52,0.00,12.52,yes,yes,0,0,3,0.00
800000027966847838,12060 Potranco Road,Lisa Velasquez,Server,8/5/25 1:42 PM,8/5/25 9:29 PM,8/5/25 9:29 PM,7.78,5.00,0.00,0.00,88.00,0.00,0.00,0.00,524.77,0.00,524.77,yes,yes,0,0,13,0.00
800000027967574311,12060 Potranco Road,felix vanenzuela,Cook,8/5/25 2:03 PM,8/5/25 9:51 PM,8/5/25 9:51 PM,7.80,,0.00,0.00,0.00,0.00,0.00,0.00,0.00,0.00,0.00,yes,yes,0,0,0,0.00
800000027967625170,12060 Potranco Road,Mario Jimenez,Driver,8/5/25 2:04 PM,8/5/25 2:07 PM,8/5/25 2:10 PM,0.09,0.00,0.00,0.00,0.00,0.00,0.00,0.00,0.00,0.00,0.00,yes,yes,0,0,0,0.00
800000027967817187,12060 Potranco Road,Mario Jimenez,Driver,8/5/25 2:10 PM,8/5/25 8:59 PM,8/5/25 9:00 PM,6.83,0.00,0.00,29.89,32.68,0.00,0.00,0.00,365.76,29.89,395.65,yes,yes,0,0,22,0.00
800000027975464468,12060 Potranco Road,Rosalinda Rodriguez,Server,8/5/25 5:26 PM,8/5/25 8:54 PM,8/5/25 9:40 PM,4.23,0.00,0.00,0.00,29.72,0.00,0.00,0.00,221.03,0.00,221.03,yes,yes,0,0,6,0.00
800000027986321145,12060 Potranco Road,Candy Del Angel,Shift Manager / Assistant Manager,8/5/25 9:04 PM,8/5/25 9:11 PM,8/5/25 9:11 PM,0.11,,0.00,0.00,0.00,0.00,0.00,0.00,0.00,0.00,0.00,yes,yes,0,0,0,0.00
