Employee,Job Title,In Date,Out Date,Auto Clock-out,Total Hours,Unpaid Break Time,Paid Break Time,Payable Hours
"Vega, Estela",Tortillera,8/5/25 4:53 AM,8/5/25 2:13 PM,No,9.32,0.00,0.00,9.32
"Farias, Claudia",Cook,8/5/25 5:02 AM,8/5/25 2:15 PM,No,9.22,0.00,0.00,9.22
"Cardenas, Salvador",Cook,8/5/25 5:37 AM,8/5/25 2:14 PM,No,8.62,0.00,0.00,8.62
"Garcia, Lizbeth",Server,8/5/25 6:12 AM,8/5/25 2:31 PM,No,8.32,0.00,0.00,8.32
"Reyes, Nadia",Driver,8/5/25 6:27 AM,8/5/25 2:00 PM,No,7.55,0.00,0.00,7.55
"Del Angel, Candy",Shift Manager / Assistant Manager,8/5/25 7:39 AM,8/5/25 3:07 PM,No,7.46,0.00,0.00,7.46
"Roman, Leticia",Server,8/5/25 8:05 AM,8/5/25 2:54 PM,No,6.81,0.00,0.00,6.81
"Sanchez, Emanuel",Server,8/5/25 8:06 AM,8/5/25 2:27 PM,No,6.35,0.00,0.00,6.35
"JOSSUETH, FRANLOD",Busser,8/5/25 8:30 AM,8/5/25 2:57 PM,No,6.45,0.00,0.00,6.45
"Barton, Arion",Cook,8/5/25 8:59 AM,8/5/25 2:59 PM,No,6.00,0.00,0.00,6.00
"Tovar , Gabriel",Shift Leader,8/5/25 1:38 PM,8/5/25 9:11 PM,No,7.55,0.00,0.00,7.55
"Velasquez, Lisa",Server,8/5/25 1:42 PM,8/5/25 9:29 PM,No,7.78,0.00,0.00,7.78
"vanenzuela, felix",Cook,8/5/25 2:03 PM,8/5/25 9:51 PM,No,7.80,0.00,0.00,7.80
"Jimenez, Mario",Driver,8/5/25 2:04 PM,8/5/25 2:10 PM,No,0.09,0.00,0.00,0.09
"Mendoza, Gricelda",Prep,8/5/25 2:09 PM,8/5/25 9:50 PM,No,7.68,0.00,0.00,7.68
"Jimenez, Mario",Driver,8/5/25 2:10 PM,8/5/25 9:00 PM,No,6.83,0.00,0.00,6.83
"Aragon, Cecilia",Tortillera,8/5/25 2:14 PM,8/5/25 9:52 PM,No,7.64,0.00,0.00,7.64
"Rodriguez, Rosalinda",Server,8/5/25 5:26 PM,8/5/25 9:40 PM,No,4.23,0.00,0.00,4.23
"Del Angel, Candy",Shift Manager / Assistant Manager,8/5/25 9:04 PM,8/5/25 9:11 PM,No,0.11,0.00,0.00,0.11
