Employee,Job Title,Regular Hours,Overtime Hours,Hourly Rate,Regular Pay,Overtime Pay,Total Pay,Net Sales,Declared Tips,Non-Cash Tips,Total Tips,Tips Withheld,Total Gratuity,Employee ID,Job Code,Location,Location Code
"Aragon, Brianna",Host,3.95,0.0,11.00,43.45,0.00,43.45,39.97,0.00,5.00,5.00,0.00,0.00,,,12060 Potranco Road,
"Aragon, Cecilia",Tortillera,7.1,0.0,13.00,92.30,0.00,92.30,0.00,,0.00,0.00,0.00,0.00,,,12060 Potranco Road,
"Cabrera, Sugey",Server,7.78,0.0,3.00,23.34,0.00,23.34,356.75,0.00,43.90,43.90,0.00,0.00,,,12060 Potranco Road,
"Cardenas, Salvador",Cook,5.56,3.32,15.00,83.40,74.70,158.10,0.00,,0.00,0.00,0.00,0.00,,,12060 Potranco Road,
"Del Angel, Candy",Shift Manager / Assistant Manager,7.44,0.0,,,,,0.00,,0.00,0.00,0.00,0.00,,,12060 Potranco Road,
"Farias, Claudia",Cook,9.36,0.0,15.00,140.40,0.00,140.40,0.00,,0.00,0.00,0.00,0.00,,,12060 Potranco Road,
"GUTIERREZ, ERIC",Cook,6.78,0.0,16.00,108.48,0.00,108.48,0.00,,0.00,0.00,0.00,0.00,,,12060 Potranco Road,
"Garcia, Enriqueta",Chef,9.35,0.0,,,,,0.00,,0.00,0.00,0.00,0.00,,,12060 Potranco Road,
"Garcia, Lizbeth",Server,7.29,0.0,3.00,21.87,0.00,21.87,326.98,0.00,34.71,34.71,0.00,0.00,,,12060 Potranco Road,
"Jimenez, Mario",Driver,6.64,0.0,14.00,92.96,0.00,92.96,381.18,0.00,30.69,30.69,0.00,0.00,,,12060 Potranco Road,
"Lino Santana, David ",Prep,7.66,0.0,15.00,114.90,0.00,114.90,0.00,,0.00,0.00,0.00,0.00,,,12060 Potranco Road,
"Martínez , Angelica ",Server,5.31,0.0,,,,,386.30,5.00,60.04,65.04,0.00,0.00,,,12060 Potranco Road,
"Morales, Adrian",Server,11.83,0.0,3.00,35.49,0.00,35.49,680.45,0.00,106.26,106.26,0.00,0.00,,,12060 Potranco Road,
"Morales, Carlos",Busser,5.75,0.0,11.00,63.25,0.00,63.25,0.00,,0.00,0.00,0.00,0.00,,,12060 Potranco Road,
"Ojeda, George",Runner,6.91,0.0,12.50,86.38,0.00,86.38,0.00,,0.00,0.00,0.00,0.00,,,12060 Potranco Road,
"Roman, Leticia",Server,6.33,0.0,3.00,18.99,0.00,18.99,460.95,0.00,55.36,55.36,0.00,0.00,,,12060 Potranco Road,
"Rosales, Elsa",Tortillera,5.32,0.0,13.00,69.16,0.00,69.16,0.00,,0.00,0.00,0.00,0.00,,,12060 Potranco Road,
"Salinas, Zoila",General Manager,2.06,14.27,,,,,0.00,0.00,0.00,0.00,0.00,0.00,,,12060 Potranco Road,
"Sanchez, Emanuel",Server,7.28,0.0,3.00,21.84,0.00,21.84,310.59,5.00,66.09,71.09,0.00,0.00,,,12060 Potranco Road,
"Urena, Melissa ",Host,7.88,0.0,12.00,94.56,0.00,94.56,1500.29,0.00,89.22,89.22,0.00,0.00,,,12060 Potranco Road,
"Vega, Estela",Tortillera,9.39,0.0,15.00,140.85,0.00,140.85,0.00,,0.00,0.00,0.00,0.00,,,12060 Potranco Road,
"Velasquez, Lisa",Server,7.16,0.0,3.00,21.48,0.00,21.48,362.09,3.00,70.54,73.54,0.00,0.00,,,12060 Potranco Road,
"vanenzuela, felix",Cook,6.87,0.0,,,,,0.00,,0.00,0.00,0.00,0.00,,,12060 Potranco Road,
"velasquez, maximilioano",Busser,4.28,0.0,12.00,51.36,0.00,51.36,0.00,,0.00,0.00,0.00,0.00,,,12060 Potranco Road,
