Order #,Opened Date,Void Date,Server,Approver,Item Name,Reason,Item Quantity,Total Price
6,9/19/25 6:55 AM,9/19/25 1:55 PM,Melissa  Urena,Zoila Salinas,bean and cheese,Customer Changed Mind,2.0,3.58
6,9/19/25 6:55 AM,9/19/25 1:55 PM,Melissa  Urena,Zoila Salinas,Papa & Egg Taco,Customer Changed Mind,2.0,3.98
243,9/19/25 6:03 PM,9/19/25 7:37 PM,Angelica  Mart�nez ,Candy Del Angel,Side Chorizo,Customer Changed Mind,3.0,8.97
264,9/19/25 7:40 PM,9/19/25 9:12 PM,Angelica  Mart�nez ,Candy Del Angel,Caldo de Res,Customer Changed Mind,1.0,11.99
