Location,Entry Id,Created Date,Action,Amount,Cash Drawer,Payout Reason,No Sale Reason,Comment,Employee,Employee 2
12060 Potranco Road,800000030991648971,10/20/25 7:19 AM,CASH_PAYMENT,13.58,DRIVE THRU 1,,,Cash payment,Melissa  Urena,
12060 Potranco Road,800000030991654773,10/20/25 7:20 AM,CASH_PAYMENT,3.24,DRIVE THRU 1,,,Cash payment,Melissa  Urena,
12060 Potranco Road,800000030991691811,10/20/25 7:24 AM,CASH_PAYMENT,4.31,DRIVE THRU 1,,,Cash payment,Melissa  Urena,
12060 Potranco Road,800000030995741893,10/20/25 8:24 AM,CASH_PAYMENT,8.61,DRIVE THRU 1,,,Cash payment,Melissa  Urena,
12060 Potranco Road,800000030995745691,10/20/25 8:42 AM,CASH_PAYMENT,16.66,DRIVE THRU 1,,,Cash payment,Melissa  Urena,
12060 Potranco Road,800000030995751400,10/20/25 8:52 AM,CASH_PAYMENT,8.94,DRIVE THRU 1,,,Cash payment,Melissa  Urena,
12060 Potranco Road,800000030995753013,10/20/25 9:29 AM,CASH_PAYMENT,44.99,DRIVE THRU 1,,,Cash payment,Melissa  Urena,
12060 Potranco Road,800000030995756402,10/20/25 9:35 AM,CASH_PAYMENT,9.71,DRIVE THRU 1,,,Cash payment,Melissa  Urena,
12060 Potranco Road,800000030995757678,10/20/25 10:05 AM,CASH_PAYMENT,5.81,DRIVE THRU 1,,,Cash payment,Melissa  Urena,
12060 Potranco Road,800000030995761202,10/20/25 10:28 AM,CASH_PAYMENT,11.85,DRIVE THRU 1,,,Cash payment,Melissa  Urena,
12060 Potranco Road,800000030995762339,10/20/25 11:15 AM,CASH_PAYMENT,7.34,DRIVE THRU 1,,,Cash payment,Melissa  Urena,
12060 Potranco Road,800000030995762639,10/20/25 11:09 AM,CASH_PAYMENT,5.17,DRIVE THRU 1,,,Cash payment,Melissa  Urena,
12060 Potranco Road,800000030995764294,10/20/25 11:27 AM,CASH_PAYMENT,2.48,DRIVE THRU 1,,,Cash payment,Melissa  Urena,
12060 Potranco Road,800000030995769740,10/20/25 11:31 AM,CASH_PAYMENT,23.55,DRIVE THRU 1,,,Cash payment,Melissa  Urena,
12060 Potranco Road,800000030995772064,10/20/25 11:38 AM,CASH_PAYMENT,3.88,DRIVE THRU 1,,,Cash payment,Melissa  Urena,
12060 Potranco Road,800000030995774243,10/20/25 11:42 AM,CASH_PAYMENT,14.14,DRIVE THRU 1,,,Cash payment,Melissa  Urena,
12060 Potranco Road,800000030995775247,10/20/25 12:06 PM,CASH_PAYMENT,3.02,DRIVE THRU 1,,,Cash payment,Melissa  Urena,
12060 Potranco Road,800000030995782016,10/20/25 3:19 PM,CASH_PAYMENT,16.65,DRIVE THRU 1,,,Cash payment,Mario Jimenez,
12060 Potranco Road,800000030995784333,10/20/25 3:31 PM,CASH_PAYMENT,18.81,DRIVE THRU 1,,,Cash payment,Mario Jimenez,
12060 Potranco Road,800000030995786993,10/20/25 3:52 PM,CASH_PAYMENT,19.39,DRIVE THRU 1,,,Cash payment,Mario Jimenez,
12060 Potranco Road,800000030995788062,10/20/25 3:47 PM,CASH_PAYMENT,18.66,DRIVE THRU 1,,,Cash payment,Mario Jimenez,
12060 Potranco Road,800000030995794108,10/20/25 4:38 PM,CASH_PAYMENT,5.81,DRIVE THRU 1,,,Cash payment,Mario Jimenez,
12060 Potranco Road,800000030995795393,10/20/25 5:04 PM,CASH_PAYMENT,14.14,DRIVE THRU 1,,,Cash payment,Mario Jimenez,
12060 Potranco Road,800000030999999295,10/20/25 5:45 PM,CASH_COLLECTED,404.65,House,,,Cash revenue collected from shift review.,Sugey Cabrera,Sugey Cabrera
12060 Potranco Road,800000031000001612,10/20/25 5:45 PM,TIP_OUT,-83.78,House,,,Tips paid out from shift review.,Sugey Cabrera,Sugey Cabrera
12060 Potranco Road,800000031003856195,10/20/25 6:11 PM,CASH_COLLECTED,68.61,House,,,Cash revenue collected from shift review.,Leticia Roman,Leticia Roman
12060 Potranco Road,800000031003857892,10/20/25 6:11 PM,TIP_OUT,-63.34,House,,,Tips paid out from shift review.,Leticia Roman,Leticia Roman
12060 Potranco Road,800000031004640378,10/20/25 6:22 PM,TIP_OUT,-55.01,House,,,Tips paid out from shift review.,Melissa  Urena,Melissa  Urena
12060 Potranco Road,800000031007410516,10/20/25 7:33 PM,CASH_PAYMENT,5.40,Host Drawer,,,Cash payment,Brianna Aragon,
12060 Potranco Road,800000031009733825,10/20/25 8:59 PM,TIP_OUT,-26.97,House,,,Tips paid out from shift review.,Mario Jimenez,Mario Jimenez
12060 Potranco Road,800000031009859249,10/20/25 9:05 PM,TIP_OUT,-51.79,House,,,Tips paid out from shift review.,Emanuel Sanchez,Emanuel Sanchez
12060 Potranco Road,800000031009859990,10/20/25 9:05 PM,CASH_COLLECTED,105.31,House,,,Cash revenue collected from shift review.,Emanuel Sanchez,Emanuel Sanchez
12060 Potranco Road,800000031009917313,10/20/25 9:08 PM,CASH_COLLECTED,70.18,House,,,Cash revenue collected from shift review.,Brianna Aragon,Brianna Aragon
