Location,Server,Check #,Table,Station,Expediter Level,Fired Date,Fulfilled Date,Fulfillment Time,Fulfilled By
12060 Potranco Road,Melissa  Urena,2,,Drive Thru,,10/20/25 6:31 AM,10/20/25 6:33 AM,2 minutes and 25 seconds,KDS - Login Don't Delete
12060 Potranco Road,Melissa  Urena,2,,Food,,10/20/25 6:31 AM,10/20/25 6:33 AM,2 minutes and 25 seconds,KDS - Login Don't Delete
12060 Potranco Road,Melissa  Urena,3,,Food,,10/20/25 6:55 AM,10/20/25 7:09 AM,14 minutes and 54 seconds,KDS - Login Don't Delete
12060 Potranco Road,Leticia Roman,6,21,No Print,,10/20/25 7:13 AM,10/20/25 7:14 AM,1 minute and 47 seconds,KDS - Login Don't Delete
12060 Potranco Road,Leticia Roman,6,21,Food,,10/20/25 7:13 AM,10/20/25 7:14 AM,1 minute and 47 seconds,KDS - Login Don't Delete
12060 Potranco Road,Melissa  Urena,4,,Drive Thru,,10/20/25 7:18 AM,10/20/25 7:22 AM,3 minutes and 57 seconds,KDS - Login Don't Delete
12060 Potranco Road,Melissa  Urena,4,,Food,,10/20/25 7:18 AM,10/20/25 7:22 AM,3 minutes and 57 seconds,KDS - Login Don't Delete
12060 Potranco Road,Melissa  Urena,8,,Drive Thru,,10/20/25 7:21 AM,10/20/25 7:22 AM,1 minute and 22 seconds,KDS - Login Don't Delete
12060 Potranco Road,Melissa  Urena,8,,Food,,10/20/25 7:21 AM,10/20/25 7:22 AM,1 minute and 22 seconds,KDS - Login Don't Delete
12060 Potranco Road,Leticia Roman,6,21,,1,10/20/25 7:13 AM,10/20/25 8:14 AM,"1 hour, 1 minute and 8 seconds",KDS - Login Don't Delete
12060 Potranco Road,Emanuel Sanchez,22009,16,,1,10/20/25 5:38 PM,10/20/25 6:10 PM,31 minutes and 50 seconds,KDS - Login Don't Delete
12060 Potranco Road,Emanuel Sanchez,21,,Food,,10/20/25 6:09 PM,10/20/25 6:10 PM,1 minute and 14 seconds,KDS - Login Don't Delete
12060 Potranco Road,Emanuel Sanchez,21,,Drive Thru,,10/20/25 6:09 PM,10/20/25 6:10 PM,1 minute and 14 seconds,KDS - Login Don't Delete
12060 Potranco Road,Emanuel Sanchez,22,15,Food,,10/20/25 6:20 PM,10/20/25 6:20 PM,3 seconds,KDS - Login Don't Delete
12060 Potranco Road,Emanuel Sanchez,22,15,Drive Thru,,10/20/25 6:20 PM,10/20/25 6:20 PM,3 seconds,KDS - Login Don't Delete
12060 Potranco Road,Brianna Aragon,23,2,,1,10/20/25 6:24 PM,10/20/25 6:24 PM,17 seconds,KDS - Login Don't Delete
12060 Potranco Road,Mario Jimenez,24,,Drive Thru,,10/20/25 6:23 PM,10/20/25 6:32 PM,8 minutes and 8 seconds,KDS - Login Don't Delete
12060 Potranco Road,Mario Jimenez,24,,Food,,10/20/25 6:23 PM,10/20/25 6:32 PM,8 minutes and 8 seconds,KDS - Login Don't Delete
12060 Potranco Road,Emanuel Sanchez,22,15,No Print,,10/20/25 6:25 PM,10/20/25 6:33 PM,7 minutes and 24 seconds,KDS - Login Don't Delete
12060 Potranco Road,Emanuel Sanchez,22,15,Food,,10/20/25 6:25 PM,10/20/25 6:33 PM,7 minutes and 24 seconds,KDS - Login Don't Delete
12060 Potranco Road,Mario Jimenez,27,,Drive Thru,,10/20/25 6:29 PM,10/20/25 6:36 PM,7 minutes and 4 seconds,KDS - Login Don't Delete
12060 Potranco Road,Mario Jimenez,27,,Food,,10/20/25 6:29 PM,10/20/25 6:36 PM,7 minutes and 4 seconds,KDS - Login Don't Delete
12060 Potranco Road,Emanuel Sanchez,22,15,,1,10/20/25 6:33 PM,10/20/25 6:46 PM,13 minutes and 45 seconds,KDS - Login Don't Delete
12060 Potranco Road,Emanuel Sanchez,21,,,1,10/20/25 6:10 PM,10/20/25 6:46 PM,35 minutes and 53 seconds,KDS - Login Don't Delete
12060 Potranco Road,Emanuel Sanchez,22,15,,1,10/20/25 6:20 PM,10/20/25 6:46 PM,26 minutes and 43 seconds,KDS - Login Don't Delete
12060 Potranco Road,Mario Jimenez,26,,,1,10/20/25 6:29 PM,10/20/25 6:46 PM,17 minutes and 27 seconds,KDS - Login Don't Delete
12060 Potranco Road,Mario Jimenez,29,,Drive Thru,,10/20/25 6:48 PM,10/20/25 6:54 PM,5 minutes and 46 seconds,KDS - Login Don't Delete
12060 Potranco Road,Mario Jimenez,29,,Food,,10/20/25 6:48 PM,10/20/25 6:54 PM,5 minutes and 46 seconds,KDS - Login Don't Delete
12060 Potranco Road,Brianna Aragon,30,20,,1,10/20/25 6:52 PM,10/20/25 6:58 PM,6 minutes and 6 seconds,KDS - Login Don't Delete
12060 Potranco Road,Brianna Aragon,30,20,No Print,,10/20/25 6:55 PM,10/20/25 7:04 PM,9 minutes and 9 seconds,KDS - Login Don't Delete
12060 Potranco Road,Brianna Aragon,30,20,Food,,10/20/25 6:55 PM,10/20/25 7:04 PM,9 minutes and 9 seconds,KDS - Login Don't Delete
12060 Potranco Road,Brianna Aragon,30,20,Drive Thru,,10/20/25 6:55 PM,10/20/25 7:04 PM,9 minutes and 9 seconds,KDS - Login Don't Delete
12060 Potranco Road,Brianna Aragon,30,20,,1,10/20/25 7:04 PM,10/20/25 7:19 PM,15 minutes and 17 seconds,KDS - Login Don't Delete
12060 Potranco Road,Mario Jimenez,35,,Drive Thru,,10/20/25 7:20 PM,10/20/25 7:30 PM,9 minutes and 19 seconds,KDS - Login Don't Delete
12060 Potranco Road,Mario Jimenez,35,,Food,,10/20/25 7:20 PM,10/20/25 7:30 PM,9 minutes and 19 seconds,KDS - Login Don't Delete
12060 Potranco Road,Mario Jimenez,31,,Drive Thru,,10/20/25 7:23 PM,10/20/25 7:32 PM,8 minutes and 14 seconds,KDS - Login Don't Delete
12060 Potranco Road,Mario Jimenez,31,,Food,,10/20/25 7:23 PM,10/20/25 7:32 PM,8 minutes and 14 seconds,KDS - Login Don't Delete
12060 Potranco Road,Emanuel Sanchez,32,28,,1,10/20/25 7:22 PM,10/20/25 7:34 PM,12 minutes and 3 seconds,KDS - Login Don't Delete
12060 Potranco Road,Emanuel Sanchez,22,15,,1,10/20/25 7:00 PM,10/20/25 7:34 PM,34 minutes and 20 seconds,KDS - Login Don't Delete
12060 Potranco Road,Emanuel Sanchez,32,28,No Print,,10/20/25 7:23 PM,10/20/25 7:35 PM,11 minutes and 6 seconds,KDS - Login Don't Delete
12060 Potranco Road,Brianna Aragon,34,4,No Print,,10/20/25 7:19 PM,10/20/25 7:35 PM,15 minutes and 33 seconds,KDS - Login Don't Delete
12060 Potranco Road,Brianna Aragon,34,4,Food,,10/20/25 7:19 PM,10/20/25 7:35 PM,15 minutes and 33 seconds,KDS - Login Don't Delete
12060 Potranco Road,Emanuel Sanchez,32,28,Food,,10/20/25 7:23 PM,10/20/25 7:35 PM,11 minutes and 6 seconds,KDS - Login Don't Delete
12060 Potranco Road,Emanuel Sanchez,32,28,,1,10/20/25 7:35 PM,10/20/25 7:35 PM,45 seconds,KDS - Login Don't Delete
12060 Potranco Road,Mario Jimenez,36,,Drive Thru,,10/20/25 7:33 PM,10/20/25 7:36 PM,3 minutes and 35 seconds,KDS - Login Don't Delete
12060 Potranco Road,Mario Jimenez,36,,Food,,10/20/25 7:33 PM,10/20/25 7:36 PM,3 minutes and 35 seconds,KDS - Login Don't Delete
12060 Potranco Road,Brianna Aragon,34,4,,1,10/20/25 7:19 PM,10/20/25 7:37 PM,18 minutes and 7 seconds,KDS - Login Don't Delete
12060 Potranco Road,Mario Jimenez,39,,Drive Thru,,10/20/25 7:35 PM,10/20/25 7:38 PM,2 minutes and 53 seconds,KDS - Login Don't Delete
12060 Potranco Road,Mario Jimenez,39,,Food,,10/20/25 7:35 PM,10/20/25 7:38 PM,2 minutes and 53 seconds,KDS - Login Don't Delete
12060 Potranco Road,Emanuel Sanchez,41,31,No Print,,10/20/25 7:40 PM,10/20/25 7:44 PM,4 minutes and 34 seconds,KDS - Login Don't Delete
12060 Potranco Road,Emanuel Sanchez,41,31,Food,,10/20/25 7:40 PM,10/20/25 7:44 PM,4 minutes and 34 seconds,KDS - Login Don't Delete
12060 Potranco Road,Brianna Aragon,34,4,,1,10/20/25 7:52 PM,10/20/25 7:52 PM,10 seconds,KDS - Login Don't Delete
12060 Potranco Road,Candy Del Angel,42,,Drive Thru,,10/20/25 7:52 PM,10/20/25 7:55 PM,2 minutes and 51 seconds,KDS - Login Don't Delete
12060 Potranco Road,Candy Del Angel,42,,Food,,10/20/25 7:52 PM,10/20/25 7:55 PM,2 minutes and 51 seconds,KDS - Login Don't Delete
12060 Potranco Road,Emanuel Sanchez,41,31,,1,10/20/25 7:40 PM,10/20/25 8:01 PM,21 minutes and 27 seconds,KDS - Login Don't Delete
12060 Potranco Road,Mario Jimenez,43,,Drive Thru,,10/20/25 8:12 PM,10/20/25 8:15 PM,2 minutes and 52 seconds,KDS - Login Don't Delete
12060 Potranco Road,Mario Jimenez,43,,Food,,10/20/25 8:12 PM,10/20/25 8:15 PM,2 minutes and 52 seconds,KDS - Login Don't Delete
