Location,Order #,Opened,# of Guests,Server,Table,Discount Amount,Amount,Tax,Tip,Gratuity
12060 Potranco Road,2,10/20/25 6:31 AM,1,Melissa  Urena,,0.00,3.98,0.33,0.00,0.00
12060 Potranco Road,3,10/20/25 6:55 AM,1,Melissa  Urena,,0.00,1.79,0.15,0.00,0.00
12060 Potranco Road,6,10/20/25 7:12 AM,1,Leticia Roman,21,0.00,11.76,0.97,5.00,0.00
12060 Potranco Road,4,10/20/25 6:55 AM,1,Melissa  Urena,,0.00,12.54,1.04,0.00,0.00
12060 Potranco Road,7,10/20/25 7:19 AM,1,Melissa  Urena,,0.00,2.99,0.25,0.00,0.00
12060 Potranco Road,8,10/20/25 7:20 AM,1,Melissa  Urena,,0.00,3.98,0.33,0.00,0.00
12060 Potranco Road,25005,10/20/25 10:03 AM,1,Sugey Cabrera,3,0.00,8.99,0.74,0.00,0.00
12060 Potranco Road,25012,10/20/25 11:23 AM,2,Sugey Cabrera,2,0.00,42.36,3.49,0.00,0.00
12060 Potranco Road,25007,10/20/25 10:17 AM,2,Sugey Cabrera,28,0.00,22.35,1.84,0.00,0.00
12060 Potranco Road,25015,10/20/25 11:53 AM,2,Sugey Cabrera,12,0.00,25.26,2.08,0.00,0.00
12060 Potranco Road,25020,10/20/25 12:54 PM,2,Sugey Cabrera,5,0.00,32.05,2.64,0.00,0.00
12060 Potranco Road,25021,10/20/25 1:05 PM,8,Sugey Cabrera,37,0.00,139.46,11.51,0.00,27.89
12060 Potranco Road,25023,10/20/25 1:44 PM,2,Sugey Cabrera,16,0.00,28.51,2.36,0.00,0.00
12060 Potranco Road,25022,10/20/25 1:27 PM,2,Sugey Cabrera,3,0.43,11.84,0.98,2.70,0.00
12060 Potranco Road,25018,10/20/25 12:24 PM,3,Sugey Cabrera,2,0.00,70.21,5.78,14.04,0.00
12060 Potranco Road,25014,10/20/25 11:40 AM,2,Sugey Cabrera,34,0.00,32.29,2.65,4.84,0.00
12060 Potranco Road,25013,10/20/25 11:37 AM,1,Sugey Cabrera,22,0.00,16.98,1.40,5.00,0.00
12060 Potranco Road,25011,10/20/25 11:13 AM,3,Sugey Cabrera,3,0.00,40.18,3.30,6.03,0.00
12060 Potranco Road,25010,10/20/25 10:40 AM,1,Sugey Cabrera,1,0.00,6.97,0.57,1.53,0.00
12060 Potranco Road,25006,10/20/25 10:13 AM,1,Sugey Cabrera,,0.00,4.78,0.39,0.00,0.00
12060 Potranco Road,25002,10/20/25 8:45 AM,1,Sugey Cabrera,,0.00,10.99,0.91,2.42,0.00
12060 Potranco Road,25003,10/20/25 9:12 AM,2,Sugey Cabrera,28,0.00,11.07,0.92,2.44,0.00
12060 Potranco Road,25001,10/20/25 8:37 AM,1,Sugey Cabrera,2,0.00,11.98,0.99,0.00,0.00
12060 Potranco Road,17005,10/20/25 10:17 AM,2,Leticia Roman,31,0.00,17.25,1.43,0.00,0.00
12060 Potranco Road,17006,10/20/25 10:34 AM,1,Leticia Roman,2,0.00,6.99,0.58,0.00,0.00
12060 Potranco Road,17008,10/20/25 11:18 AM,1,Leticia Roman,23,0.00,15.78,1.30,0.00,0.00
12060 Potranco Road,17014,10/20/25 12:39 PM,1,Leticia Roman,15,0.00,13.78,1.13,0.00,0.00
12060 Potranco Road,17017,10/20/25 12:58 PM,1,Leticia Roman,17,0.00,18.18,1.50,4.00,0.00
12060 Potranco Road,17011,10/20/25 11:55 AM,2,Leticia Roman,28,0.00,14.47,1.20,2.89,0.00
12060 Potranco Road,17003,10/20/25 9:15 AM,2,Leticia Roman,23,0.00,25.51,2.11,5.61,0.00
12060 Potranco Road,17004,10/20/25 9:52 AM,2,Leticia Roman,7,0.00,20.36,1.67,6.50,0.00
12060 Potranco Road,17002,10/20/25 9:10 AM,2,Leticia Roman,15,0.00,15.26,1.27,0.00,0.00
12060 Potranco Road,17007,10/20/25 11:11 AM,2,Leticia Roman,4,0.80,22.29,1.84,3.46,0.00
12060 Potranco Road,17009,10/20/25 11:25 AM,1,Leticia Roman,7,0.00,11.99,0.99,2.00,0.00
12060 Potranco Road,17012,10/20/25 11:56 AM,2,Leticia Roman,15,0.00,26.05,2.14,5.21,0.00
12060 Potranco Road,17010,10/20/25 11:44 AM,2,Leticia Roman,14,0.00,46.96,3.88,9.39,0.00
12060 Potranco Road,17013,10/20/25 12:19 PM,2,Leticia Roman,1,6.00,25.96,2.14,4.80,0.00
12060 Potranco Road,17015,10/20/25 12:47 PM,4,Leticia Roman,35,0.00,81.83,6.73,0.00,0.00
12060 Potranco Road,17018,10/20/25 1:21 PM,2,Leticia Roman,1,0.00,39.97,3.29,0.00,0.00
12060 Potranco Road,17019,10/20/25 1:55 PM,2,Leticia Roman,27,0.00,15.24,1.26,3.35,0.00
12060 Potranco Road,17020,10/20/25 1:56 PM,2,Leticia Roman,12,0.00,45.65,3.77,9.13,0.00
12060 Potranco Road,17001,10/20/25 8:22 AM,1,Leticia Roman,18,0.00,9.98,0.83,2.00,0.00
12060 Potranco Road,1,10/20/25 6:14 AM,1,Sugey Cabrera,,0.00,5.28,0.44,0.00,0.00
12060 Potranco Road,25008,10/20/25 10:19 AM,5,Sugey Cabrera,4,0.00,39.97,3.29,6.00,0.00
12060 Potranco Road,25016,10/20/25 11:53 AM,3,Sugey Cabrera,16,0.00,25.96,2.14,3.89,0.00
12060 Potranco Road,18001,10/20/25 10:33 AM,1,Adrian Morales,28,0.00,0.00,0.00,0.00,0.00
12060 Potranco Road,25019,10/20/25 12:41 PM,1,Sugey Cabrera,16,0.00,22.31,1.83,2.00,0.00
12060 Potranco Road,18002,10/20/25 10:34 AM,2,Adrian Morales,28,0.00,0.00,0.00,0.00,0.00
12060 Potranco Road,27001,10/20/25 9:48 AM,1,Leticia Roman,,0.00,0.00,0.00,0.00,0.00
12060 Potranco Road,27002,10/20/25 10:16 AM,1,Zoila Salinas,,0.00,17.76,1.46,1.00,0.00
12060 Potranco Road,16003,10/20/25 8:49 AM,1,Sugey Cabrera,,12.46,0.00,0.00,0.00,0.00
12060 Potranco Road,16002,10/20/25 8:40 AM,2,Sugey Cabrera,16,0.66,5.92,0.48,5.00,0.00
12060 Potranco Road,9001,10/20/25 8:25 AM,1,Leticia Roman,,0.00,11.53,0.95,0.00,0.00
12060 Potranco Road,9003,10/20/25 8:49 AM,1,Leticia Roman,,0.00,9.58,0.79,0.00,0.00
12060 Potranco Road,9004,10/20/25 9:36 AM,1,Leticia Roman,,0.00,23.91,1.97,0.00,0.00
12060 Potranco Road,9005,10/20/25 10:50 AM,1,Sugey Cabrera,,0.00,0.00,0.00,0.00,0.00
12060 Potranco Road,9007,10/20/25 11:33 AM,1,Carlos Morales,,0.00,7.78,0.65,0.00,0.00
12060 Potranco Road,11,10/20/25 7:53 AM,2,Sugey Cabrera,1,0.00,14.92,1.24,0.00,0.00
12060 Potranco Road,25004,10/20/25 9:48 AM,2,Sugey Cabrera,23,0.00,27.96,2.31,0.00,0.00
12060 Potranco Road,25017,10/20/25 12:23 PM,1,Sugey Cabrera,,0.00,6.18,0.51,0.00,0.00
12060 Potranco Road,9,10/20/25 7:24 AM,1,Melissa  Urena,,0.00,18.56,1.53,0.00,0.00
12060 Potranco Road,10,10/20/25 7:49 AM,1,Melissa  Urena,,0.00,12.36,1.02,0.00,0.00
12060 Potranco Road,12,10/20/25 8:01 AM,1,Melissa  Urena,,0.00,11.12,0.92,2.00,0.00
12060 Potranco Road,13,10/20/25 8:02 AM,1,Melissa  Urena,,0.00,4.98,0.41,0.00,0.00
12060 Potranco Road,31003,10/20/25 8:22 AM,1,Melissa  Urena,,0.00,7.96,0.65,0.00,0.00
12060 Potranco Road,31007,10/20/25 8:38 AM,1,Melissa  Urena,,0.98,15.38,1.28,0.00,0.00
12060 Potranco Road,31011,10/20/25 8:45 AM,1,Melissa  Urena,,0.00,8.26,0.68,0.00,0.00
12060 Potranco Road,31029,10/20/25 10:05 AM,1,Melissa  Urena,,0.00,5.37,0.44,0.00,0.00
12060 Potranco Road,31020,10/20/25 9:22 AM,1,Melissa  Urena,,0.00,41.57,3.42,0.00,0.00
12060 Potranco Road,31022,10/20/25 9:31 AM,1,Melissa  Urena,,0.00,8.97,0.74,0.00,0.00
12060 Potranco Road,31033,10/20/25 10:24 AM,1,Melissa  Urena,,0.00,10.96,0.89,0.00,0.00
12060 Potranco Road,31042,10/20/25 11:04 AM,1,Melissa  Urena,,0.00,4.78,0.39,0.00,0.00
12060 Potranco Road,31045,10/20/25 11:14 AM,1,Melissa  Urena,,0.00,6.78,0.56,0.00,0.00
12060 Potranco Road,31048,10/20/25 11:23 AM,1,Melissa  Urena,,0.00,2.29,0.19,0.00,0.00
12060 Potranco Road,31049,10/20/25 11:30 AM,1,Melissa  Urena,,0.00,21.75,1.80,0.00,0.00
12060 Potranco Road,31050,10/20/25 11:34 AM,1,Melissa  Urena,,0.00,3.58,0.30,0.00,0.00
12060 Potranco Road,31052,10/20/25 11:37 AM,1,Melissa  Urena,,0.00,13.06,1.08,0.00,0.00
12060 Potranco Road,31054,10/20/25 12:06 PM,1,Melissa  Urena,,0.00,2.79,0.23,0.00,0.00
12060 Potranco Road,31070,10/20/25 3:18 PM,1,Mario Jimenez,,0.00,15.38,1.27,0.00,0.00
12060 Potranco Road,31072,10/20/25 3:30 PM,1,Mario Jimenez,,0.00,17.38,1.43,0.00,0.00
12060 Potranco Road,31073,10/20/25 3:45 PM,1,Mario Jimenez,,0.00,17.24,1.42,0.00,0.00
12060 Potranco Road,31074,10/20/25 3:46 PM,1,Mario Jimenez,,0.00,17.92,1.47,0.00,0.00
12060 Potranco Road,31078,10/20/25 4:36 PM,1,Mario Jimenez,,0.00,5.37,0.44,0.00,0.00
12060 Potranco Road,31004,10/20/25 8:24 AM,1,Melissa  Urena,,0.00,19.94,1.65,0.00,0.00
12060 Potranco Road,31080,10/20/25 4:58 PM,1,Mario Jimenez,,0.00,13.06,1.08,0.00,0.00
12060 Potranco Road,31005,10/20/25 8:34 AM,1,Melissa  Urena,,0.00,3.98,0.33,2.00,0.00
12060 Potranco Road,31001,10/20/25 8:17 AM,1,Melissa  Urena,,0.00,14.57,1.20,1.00,0.00
12060 Potranco Road,31006,10/20/25 8:38 AM,1,Melissa  Urena,,0.00,18.94,1.56,3.00,0.00
12060 Potranco Road,31008,10/20/25 8:40 AM,1,Melissa  Urena,,0.00,7.18,0.59,1.00,0.00
12060 Potranco Road,31009,10/20/25 8:41 AM,1,Melissa  Urena,,0.00,4.89,0.40,1.00,0.00
12060 Potranco Road,31010,10/20/25 8:45 AM,1,Melissa  Urena,,0.00,9.78,0.81,0.00,0.00
12060 Potranco Road,31012,10/20/25 8:48 AM,1,Melissa  Urena,,0.00,6.97,0.57,0.00,0.00
12060 Potranco Road,31013,10/20/25 8:59 AM,1,Melissa  Urena,,0.00,23.45,1.93,0.00,0.00
12060 Potranco Road,31015,10/20/25 9:06 AM,1,Melissa  Urena,,0.00,8.38,0.69,0.93,0.00
12060 Potranco Road,31016,10/20/25 9:11 AM,1,Melissa  Urena,,0.00,5.87,0.49,5.00,0.00
12060 Potranco Road,31014,10/20/25 9:03 AM,1,Melissa  Urena,,0.00,26.61,2.19,0.00,0.00
12060 Potranco Road,31017,10/20/25 9:15 AM,1,Melissa  Urena,,0.00,13.14,1.09,1.00,0.00
12060 Potranco Road,31018,10/20/25 9:18 AM,1,Melissa  Urena,,0.00,9.54,0.78,0.00,0.00
12060 Potranco Road,31021,10/20/25 9:31 AM,1,Melissa  Urena,,0.00,16.15,1.33,0.00,0.00
12060 Potranco Road,31019,10/20/25 9:20 AM,1,Melissa  Urena,,0.00,31.88,2.62,2.00,0.00
12060 Potranco Road,31023,10/20/25 9:34 AM,1,Melissa  Urena,,0.00,5.77,0.48,0.00,0.00
12060 Potranco Road,31025,10/20/25 9:53 AM,1,Melissa  Urena,,0.00,8.07,0.66,0.00,0.00
12060 Potranco Road,31024,10/20/25 9:41 AM,1,Melissa  Urena,,0.00,5.28,0.44,1.00,0.00
12060 Potranco Road,31026,10/20/25 9:53 AM,1,Melissa  Urena,,0.00,11.86,0.97,0.00,0.00
12060 Potranco Road,31027,10/20/25 9:58 AM,1,Melissa  Urena,,0.00,6.87,0.57,0.00,0.00
12060 Potranco Road,31030,10/20/25 10:10 AM,1,Melissa  Urena,,0.00,13.93,1.15,2.00,0.00
12060 Potranco Road,31028,10/20/25 10:03 AM,1,Melissa  Urena,,0.00,6.58,0.54,0.00,0.00
12060 Potranco Road,31031,10/20/25 10:16 AM,1,Melissa  Urena,,0.00,8.07,0.67,0.00,0.00
12060 Potranco Road,31032,10/20/25 10:24 AM,1,Melissa  Urena,,0.00,0.00,0.00,0.00,0.00
12060 Potranco Road,31035,10/20/25 10:30 AM,1,Melissa  Urena,,0.00,9.97,0.83,0.00,0.00
12060 Potranco Road,31034,10/20/25 10:29 AM,1,Melissa  Urena,,0.00,5.97,0.49,0.00,0.00
12060 Potranco Road,31036,10/20/25 10:54 AM,1,Melissa  Urena,,0.00,4.78,0.40,0.00,0.00
12060 Potranco Road,31037,10/20/25 10:56 AM,1,Melissa  Urena,,0.00,12.45,1.03,0.00,0.00
12060 Potranco Road,31038,10/20/25 10:56 AM,1,Melissa  Urena,,0.00,15.35,1.26,0.00,0.00
12060 Potranco Road,31040,10/20/25 11:00 AM,1,Melissa  Urena,,0.00,12.85,1.07,2.08,0.00
12060 Potranco Road,31039,10/20/25 10:57 AM,1,Melissa  Urena,,0.00,27.71,2.28,0.00,0.00
12060 Potranco Road,31041,10/20/25 11:02 AM,1,Melissa  Urena,,0.00,8.78,0.72,0.00,0.00
12060 Potranco Road,31043,10/20/25 11:09 AM,1,Melissa  Urena,,0.00,3.58,0.30,2.00,0.00
12060 Potranco Road,31046,10/20/25 11:15 AM,1,Melissa  Urena,,0.00,9.98,0.82,0.00,0.00
12060 Potranco Road,31044,10/20/25 11:10 AM,1,Melissa  Urena,,0.00,3.78,0.31,1.00,0.00
12060 Potranco Road,31047,10/20/25 11:17 AM,1,Melissa  Urena,,0.00,28.74,2.37,3.00,0.00
12060 Potranco Road,31051,10/20/25 11:34 AM,1,Melissa  Urena,,0.00,21.69,1.79,0.00,0.00
12060 Potranco Road,31055,10/20/25 12:06 PM,1,Melissa  Urena,,0.00,10.99,0.91,0.00,0.00
12060 Potranco Road,31053,10/20/25 11:45 AM,1,Melissa  Urena,,0.00,29.52,2.44,5.00,0.00
12060 Potranco Road,31056,10/20/25 12:09 PM,1,Melissa  Urena,,0.00,12.25,1.00,0.00,0.00
12060 Potranco Road,31057,10/20/25 12:48 PM,1,Melissa  Urena,,0.00,5.77,0.48,0.00,0.00
12060 Potranco Road,31062,10/20/25 1:27 PM,1,Melissa  Urena,,0.00,17.24,1.42,0.00,0.00
12060 Potranco Road,31060,10/20/25 1:10 PM,1,Melissa  Urena,,0.00,32.86,2.70,0.00,0.00
12060 Potranco Road,31058,10/20/25 12:48 PM,1,Melissa  Urena,,0.00,10.46,0.86,0.00,0.00
12060 Potranco Road,31061,10/20/25 1:26 PM,1,Melissa  Urena,,0.00,24.97,2.06,0.00,0.00
12060 Potranco Road,31059,10/20/25 1:02 PM,1,Melissa  Urena,,0.00,21.14,1.74,20.00,0.00
12060 Potranco Road,31065,10/20/25 1:50 PM,1,Melissa  Urena,,0.00,8.57,0.71,0.00,0.00
12060 Potranco Road,31063,10/20/25 1:35 PM,1,Melissa  Urena,,0.00,19.95,1.65,0.00,0.00
12060 Potranco Road,31067,10/20/25 2:11 PM,1,Mario Jimenez,,0.00,16.22,1.34,0.00,0.00
12060 Potranco Road,31064,10/20/25 1:49 PM,1,Melissa  Urena,,0.00,7.75,0.64,0.00,0.00
12060 Potranco Road,31068,10/20/25 2:12 PM,1,Mario Jimenez,,0.00,17.28,1.42,2.00,0.00
12060 Potranco Road,31069,10/20/25 2:59 PM,1,Mario Jimenez,,0.00,10.24,0.84,0.00,0.00
12060 Potranco Road,31071,10/20/25 3:22 PM,1,Mario Jimenez,,0.00,13.76,1.14,1.00,0.00
12060 Potranco Road,31076,10/20/25 4:28 PM,1,Mario Jimenez,,0.00,9.99,0.82,2.00,0.00
12060 Potranco Road,31079,10/20/25 4:58 PM,1,Mario Jimenez,,0.00,9.97,0.82,2.00,0.00
12060 Potranco Road,31075,10/20/25 3:52 PM,1,Mario Jimenez,,0.00,11.10,0.91,0.00,0.00
12060 Potranco Road,31077,10/20/25 4:28 PM,1,Mario Jimenez,,0.00,15.96,1.31,0.00,0.00
12060 Potranco Road,22009,10/20/25 4:54 PM,2,Emanuel Sanchez,16,0.00,38.76,3.19,0.00,0.00
12060 Potranco Road,22001,10/20/25 2:36 PM,2,Emanuel Sanchez,16,0.00,32.65,2.70,5.00,0.00
12060 Potranco Road,22003,10/20/25 2:39 PM,2,Emanuel Sanchez,15,0.00,18.02,1.48,0.00,0.00
12060 Potranco Road,22002,10/20/25 2:37 PM,1,Emanuel Sanchez,31,0.00,18.47,1.52,6.00,0.00
12060 Potranco Road,22005,10/20/25 2:51 PM,2,Emanuel Sanchez,34,0.00,32.97,2.72,8.00,0.00
12060 Potranco Road,22006,10/20/25 3:46 PM,2,Emanuel Sanchez,34,0.00,70.93,5.84,15.60,0.00
12060 Potranco Road,22004,10/20/25 2:49 PM,2,Emanuel Sanchez,14,0.00,38.97,3.22,5.00,0.00
12060 Potranco Road,22008,10/20/25 3:56 PM,2,Emanuel Sanchez,14,0.90,27.45,2.26,0.00,0.00
12060 Potranco Road,22007,10/20/25 3:55 PM,2,Emanuel Sanchez,16,0.90,14.87,1.23,0.00,0.00
12060 Potranco Road,21,10/20/25 6:08 PM,1,Emanuel Sanchez,,0.00,10.99,0.91,0.00,0.00
12060 Potranco Road,22,10/20/25 6:19 PM,4,Emanuel Sanchez,15,0.00,75.27,6.19,5.00,0.00
12060 Potranco Road,24,10/20/25 6:23 PM,1,Mario Jimenez,,0.00,3.58,0.30,0.00,0.00
12060 Potranco Road,23,10/20/25 6:23 PM,2,Brianna Aragon,2,2.70,28.57,2.36,0.00,0.00
12060 Potranco Road,26,10/20/25 6:25 PM,1,Mario Jimenez,,0.00,15.98,1.32,1.00,0.00
12060 Potranco Road,27,10/20/25 6:29 PM,1,Mario Jimenez,,0.00,29.97,2.47,6.59,0.00
12060 Potranco Road,29,10/20/25 6:48 PM,1,Mario Jimenez,,0.00,23.98,1.98,5.28,0.00
12060 Potranco Road,30,10/20/25 6:51 PM,9,Brianna Aragon,20,0.00,82.36,6.82,0.00,0.00
12060 Potranco Road,34,10/20/25 7:17 PM,2,Brianna Aragon,4,0.00,36.27,2.98,0.00,0.00
12060 Potranco Road,35,10/20/25 7:20 PM,1,Mario Jimenez,,1.20,10.79,0.89,2.40,0.00
12060 Potranco Road,32,10/20/25 7:11 PM,4,Emanuel Sanchez,28,0.00,58.54,4.82,0.00,0.00
12060 Potranco Road,31,10/20/25 6:56 PM,1,Mario Jimenez,,0.00,17.99,1.48,2.00,0.00
12060 Potranco Road,36,10/20/25 7:33 PM,1,Mario Jimenez,,0.00,6.98,0.58,0.00,0.00
12060 Potranco Road,39,10/20/25 7:34 PM,1,Mario Jimenez,,0.70,6.26,0.52,1.53,0.00
12060 Potranco Road,41,10/20/25 7:39 PM,2,Emanuel Sanchez,31,0.00,35.95,2.97,7.19,0.00
12060 Potranco Road,42,10/20/25 7:52 PM,1,Candy Del Angel,,0.00,0.00,0.00,0.00,0.00
12060 Potranco Road,43,10/20/25 7:53 PM,1,Mario Jimenez,,0.00,7.77,0.64,1.17,0.00
