Location,Employee,Job Title,In Date,Out Date,Total Hours,Unpaid Break Time,Paid Break Time,Payable Hours
12060 Potranco Road,"Vega, Estela",Tortillera,10/20/25 4:50 AM,10/20/25 2:01 PM,9.19,0.00,0.00,9.19
12060 Potranco Road,"Ramirez, Enrique ",Cook,10/20/25 5:29 AM,10/20/25 2:05 PM,8.61,0.00,0.00,8.61
12060 Potranco Road,"Cardenas, Salvador",Cook,10/20/25 5:35 AM,10/20/25 2:10 PM,8.59,0.00,0.00,8.59
12060 Potranco Road,"Cabrera, Sugey",Server,10/20/25 6:14 AM,10/20/25 5:46 PM,11.53,0.00,0.00,11.53
12060 Potranco Road,"Urena, Melissa ",Host,10/20/25 6:22 AM,10/20/25 6:22 PM,11.99,0.00,0.00,11.99
12060 Potranco Road,"Garcia, Enriqueta",Chef,10/20/25 7:01 AM,10/21/25 4:00 AM,20.97,0.00,0.00,20.97
12060 Potranco Road,"Lino Santana, David ",Prep,10/20/25 7:04 AM,10/20/25 2:57 PM,7.89,0.00,0.00,7.89
12060 Potranco Road,"Roman, Leticia",Server,10/20/25 7:05 AM,10/20/25 6:11 PM,11.10,0.00,0.00,11.10
12060 Potranco Road,"vanenzuela, felix",Cook,10/20/25 2:09 PM,10/20/25 9:07 PM,6.96,0.00,0.00,6.96
12060 Potranco Road,"Morales, Adrian",Server,10/20/25 10:18 AM,10/21/25 4:00 AM,17.69,0.00,0.00,17.69
12060 Potranco Road,"Del Angel, Candy",Shift Manager / Assistant Manager,10/20/25 2:04 PM,10/20/25 9:17 PM,7.21,0.00,0.00,7.21
12060 Potranco Road,"Morales, Carlos",Busser,10/20/25 9:01 AM,10/21/25 4:00 AM,18.98,0.00,0.00,18.98
12060 Potranco Road,"Rosales, Elsa",Tortillera,10/20/25 1:58 PM,10/20/25 9:07 PM,7.15,0.00,0.00,7.15
12060 Potranco Road,"GUTIERREZ, ERIC",Cook,10/20/25 2:06 PM,10/20/25 9:09 PM,7.05,0.00,0.00,7.05
12060 Potranco Road,"Sanchez, Emanuel",Server,10/20/25 2:11 PM,10/20/25 9:07 PM,6.93,0.00,0.00,6.93
12060 Potranco Road,"Aragon, Brianna",Host,10/20/25 4:53 PM,10/21/25 4:00 AM,11.11,0.00,0.00,11.11
12060 Potranco Road,"Jimenez, Mario",Driver,10/20/25 2:07 PM,10/20/25 9:00 PM,6.88,0.00,0.00,6.88
