Location,Server,Check #,Table,Station,Expediter Level,Fired Date,Fulfilled Date,Fulfillment Time,Fulfilled By
2919 Blanco Rd,Maria  Salazar,5,,,1,8/27/25 6:08 AM,8/27/25 7:54 AM,"1 hour, 46 minutes and 23 seconds",Cinthia Patlan
2919 Blanco Rd,Maria  Salazar,19,13,,1,8/27/25 6:41 AM,8/27/25 7:54 AM,"1 hour, 12 minutes and 59 seconds",Cinthia Patlan
2919 Blanco Rd,Maria  Salazar,3,,,1,8/27/25 6:03 AM,8/27/25 7:54 AM,"1 hour, 51 minutes and 13 seconds",Cinthia Patlan
2919 Blanco Rd,Maria  Salazar,16,,,1,8/27/25 6:37 AM,8/27/25 7:54 AM,"1 hour, 17 minutes and 31 seconds",Cinthia Patlan
2919 Blanco Rd,Maria  Salazar,50,,,1,8/27/25 7:35 AM,8/27/25 7:54 AM,18 minutes and 56 seconds,Cinthia Patlan
2919 Blanco Rd,Maria  Salazar,41,,,1,8/27/25 7:19 AM,8/27/25 7:54 AM,34 minutes and 55 seconds,Cinthia Patlan
2919 Blanco Rd,Maria  Salazar,15,,,1,8/27/25 6:36 AM,8/27/25 7:54 AM,"1 hour, 18 minutes and 24 seconds",Cinthia Patlan
2919 Blanco Rd,Maria  Salazar,33,11,,1,8/27/25 7:08 AM,8/27/25 7:54 AM,46 minutes and 49 seconds,Cinthia Patlan
2919 Blanco Rd,Maria  Salazar,42,21,,1,8/27/25 7:20 AM,8/27/25 7:54 AM,34 minutes and 20 seconds,Cinthia Patlan
2919 Blanco Rd,Maria  Salazar,52,,,1,8/27/25 7:36 AM,8/27/25 7:54 AM,18 minutes and 22 seconds,Cinthia Patlan
2919 Blanco Rd,Maria  Salazar,60,,,1,8/27/25 7:43 AM,8/27/25 7:54 AM,11 minutes and 32 seconds,Cinthia Patlan
2919 Blanco Rd,Maria  Salazar,54,,,1,8/27/25 7:37 AM,8/27/25 7:54 AM,17 minutes and 18 seconds,Cinthia Patlan
2919 Blanco Rd,Maria  Salazar,94,6,,1,8/27/25 8:27 AM,8/27/25 8:36 AM,8 minutes and 57 seconds,Cinthia Patlan
2919 Blanco Rd,Maria  Salazar,95,5,,1,8/27/25 8:27 AM,8/27/25 8:36 AM,8 minutes and 46 seconds,Cinthia Patlan
2919 Blanco Rd,Maria  Salazar,70,,,1,8/27/25 7:51 AM,8/27/25 8:52 AM,1 hour and 16 seconds,Cinthia Patlan
2919 Blanco Rd,Maria  Salazar,82,,,1,8/27/25 8:06 AM,8/27/25 8:52 AM,46 minutes and 3 seconds,Cinthia Patlan
2919 Blanco Rd,Maria  Salazar,93,8,,1,8/27/25 8:27 AM,8/27/25 8:52 AM,24 minutes and 54 seconds,Cinthia Patlan
2919 Blanco Rd,Maria  Salazar,83,1,,1,8/27/25 8:08 AM,8/27/25 8:52 AM,43 minutes and 29 seconds,Cinthia Patlan
2919 Blanco Rd,Maria  Salazar,99,12,,1,8/27/25 8:34 AM,8/27/25 8:52 AM,17 minutes and 54 seconds,Cinthia Patlan
2919 Blanco Rd,Maria  Salazar,83,1,,1,8/27/25 8:28 AM,8/27/25 8:52 AM,23 minutes and 19 seconds,Cinthia Patlan
2919 Blanco Rd,Maria  Salazar,67,,,1,8/27/25 7:47 AM,8/27/25 8:52 AM,"1 hour, 4 minutes and 22 seconds",Cinthia Patlan
2919 Blanco Rd,Maria  Salazar,79,,,1,8/27/25 8:05 AM,8/27/25 8:52 AM,47 minutes and 2 seconds,Cinthia Patlan
2919 Blanco Rd,samantha lopez,73,,,1,8/27/25 7:57 AM,8/27/25 8:52 AM,54 minutes and 30 seconds,Cinthia Patlan
2919 Blanco Rd,Maria  Salazar,102,,,1,8/27/25 8:39 AM,8/27/25 8:52 AM,12 minutes and 48 seconds,Cinthia Patlan
2919 Blanco Rd,Maria  Salazar,104,,,1,8/27/25 8:45 AM,8/27/25 8:59 AM,14 minutes and 39 seconds,Cinthia Patlan
2919 Blanco Rd,Maria  Salazar,107,19,,1,8/27/25 8:47 AM,8/27/25 8:59 AM,12 minutes and 48 seconds,Cinthia Patlan
2919 Blanco Rd,Maria  Salazar,110,14,,1,8/27/25 8:50 AM,8/27/25 9:00 AM,10 minutes and 11 seconds,Cinthia Patlan
2919 Blanco Rd,Maria  Salazar,93,8,,1,8/27/25 8:54 AM,8/27/25 9:01 AM,7 minutes and 17 seconds,Cinthia Patlan
2919 Blanco Rd,Maria  Salazar,112,,,1,8/27/25 8:52 AM,8/27/25 9:01 AM,8 minutes and 51 seconds,Cinthia Patlan
2919 Blanco Rd,Maria  Salazar,110,14,,1,8/27/25 8:51 AM,8/27/25 9:01 AM,10 minutes and 33 seconds,Cinthia Patlan
2919 Blanco Rd,samantha lopez,115,,,1,8/27/25 9:00 AM,8/27/25 9:11 AM,10 minutes and 30 seconds,Cinthia Patlan
2919 Blanco Rd,Maria  Salazar,110,14,,1,8/27/25 8:55 AM,8/27/25 9:11 AM,15 minutes and 27 seconds,Cinthia Patlan
2919 Blanco Rd,Maria  Salazar,118,7,,1,8/27/25 9:05 AM,8/27/25 9:11 AM,5 minutes and 13 seconds,Cinthia Patlan
2919 Blanco Rd,Maria  Salazar,117,15,,1,8/27/25 9:01 AM,8/27/25 9:11 AM,10 minutes and 7 seconds,Cinthia Patlan
2919 Blanco Rd,Maria  Salazar,119,10,,1,8/27/25 9:07 AM,8/27/25 9:15 AM,8 minutes,Cinthia Patlan
2919 Blanco Rd,samantha lopez,126,,,1,8/27/25 9:20 AM,8/27/25 10:00 AM,39 minutes and 54 seconds,Cinthia Patlan
2919 Blanco Rd,Maria  Salazar,99,12,,1,8/27/25 9:13 AM,8/27/25 10:00 AM,46 minutes and 33 seconds,Cinthia Patlan
2919 Blanco Rd,Maria  Salazar,139,,,1,8/27/25 9:36 AM,8/27/25 10:00 AM,23 minutes and 48 seconds,Cinthia Patlan
2919 Blanco Rd,samantha lopez,120,,,1,8/27/25 9:07 AM,8/27/25 10:00 AM,52 minutes and 44 seconds,Cinthia Patlan
2919 Blanco Rd,Maria  Salazar,133,,,1,8/27/25 9:31 AM,8/27/25 10:00 AM,29 minutes and 3 seconds,Cinthia Patlan
2919 Blanco Rd,Maria  Salazar,121,4,,1,8/27/25 9:07 AM,8/27/25 10:00 AM,52 minutes and 41 seconds,Cinthia Patlan
2919 Blanco Rd,Maria  Salazar,137,19,,1,8/27/25 9:35 AM,8/27/25 10:00 AM,24 minutes and 48 seconds,Cinthia Patlan
2919 Blanco Rd,Maria  Salazar,149,,,1,8/27/25 9:50 AM,8/27/25 10:00 AM,10 minutes and 5 seconds,Cinthia Patlan
2919 Blanco Rd,Maria  Salazar,139,,,1,8/27/25 9:39 AM,8/27/25 10:00 AM,20 minutes and 36 seconds,Cinthia Patlan
2919 Blanco Rd,Maria  Salazar,146,6,,1,8/27/25 9:44 AM,8/27/25 10:00 AM,16 minutes and 22 seconds,Cinthia Patlan
2919 Blanco Rd,samantha lopez,164,,,1,8/27/25 10:27 AM,8/27/25 10:53 AM,25 minutes and 59 seconds,Cinthia Patlan
2919 Blanco Rd,Maria  Salazar,156,3,,1,8/27/25 10:09 AM,8/27/25 10:53 AM,44 minutes and 8 seconds,Cinthia Patlan
2919 Blanco Rd,Maria  Salazar,153,1,,1,8/27/25 9:59 AM,8/27/25 10:53 AM,54 minutes and 35 seconds,Cinthia Patlan
2919 Blanco Rd,Maria  Salazar,161,17,,1,8/27/25 10:17 AM,8/27/25 10:53 AM,36 minutes and 26 seconds,Cinthia Patlan
2919 Blanco Rd,Maria  Salazar,169,7,,1,8/27/25 10:38 AM,8/27/25 10:53 AM,15 minutes and 8 seconds,Cinthia Patlan
2919 Blanco Rd,Maria  Salazar,166,5,,1,8/27/25 10:36 AM,8/27/25 10:53 AM,17 minutes and 14 seconds,Cinthia Patlan
2919 Blanco Rd,Maria  Salazar,170,4,,1,8/27/25 10:39 AM,8/27/25 10:53 AM,14 minutes and 43 seconds,Cinthia Patlan
2919 Blanco Rd,Maria  Salazar,161,17,,1,8/27/25 10:56 AM,8/27/25 11:23 AM,27 minutes and 3 seconds,Cinthia Patlan
2919 Blanco Rd,Maria  Salazar,178,2,,1,8/27/25 10:52 AM,8/27/25 11:23 AM,30 minutes and 10 seconds,Cinthia Patlan
2919 Blanco Rd,Maria  Salazar,177,25,,1,8/27/25 10:52 AM,8/27/25 11:23 AM,30 minutes and 39 seconds,Cinthia Patlan
2919 Blanco Rd,Maria  Salazar,161,17,,1,8/27/25 10:57 AM,8/27/25 11:23 AM,25 minutes and 59 seconds,Cinthia Patlan
2919 Blanco Rd,Maria  Salazar,161,17,,1,8/27/25 10:56 AM,8/27/25 11:23 AM,26 minutes and 50 seconds,Cinthia Patlan
2919 Blanco Rd,Maria  Salazar,166,5,,1,8/27/25 11:06 AM,8/27/25 11:23 AM,16 minutes and 28 seconds,Cinthia Patlan
2919 Blanco Rd,Maria  Salazar,179,,,1,8/27/25 10:58 AM,8/27/25 11:23 AM,24 minutes and 31 seconds,Cinthia Patlan
2919 Blanco Rd,Maria  Salazar,169,7,,1,8/27/25 11:16 AM,8/27/25 11:23 AM,6 minutes and 50 seconds,Cinthia Patlan
2919 Blanco Rd,Maria  Salazar,184,18,,1,8/27/25 11:20 AM,8/27/25 11:51 AM,30 minutes and 23 seconds,Cinthia Patlan
2919 Blanco Rd,Maria  Salazar,207,7,,1,8/27/25 12:09 PM,8/27/25 12:24 PM,15 minutes and 36 seconds,Cinthia Patlan
2919 Blanco Rd,Maria  Salazar,198,,,1,8/27/25 11:54 AM,8/27/25 12:24 PM,30 minutes and 21 seconds,Cinthia Patlan
2919 Blanco Rd,Maria  Salazar,196,10,,1,8/27/25 11:51 AM,8/27/25 12:24 PM,33 minutes and 13 seconds,Cinthia Patlan
2919 Blanco Rd,Maria  Salazar,209,6,,1,8/27/25 12:19 PM,8/27/25 12:25 PM,6 minutes and 16 seconds,Cinthia Patlan
2919 Blanco Rd,Maria  Salazar,213,3,,1,8/27/25 12:29 PM,8/27/25 1:11 PM,41 minutes and 7 seconds,Cinthia Patlan
2919 Blanco Rd,Maria  Salazar,217,5,,1,8/27/25 12:47 PM,8/27/25 1:11 PM,23 minutes and 58 seconds,Cinthia Patlan
2919 Blanco Rd,Maria  Salazar,221,20,,1,8/27/25 1:05 PM,8/27/25 1:15 PM,10 minutes and 7 seconds,Cinthia Patlan
2919 Blanco Rd,Maria  Salazar,223,7,,1,8/27/25 1:09 PM,8/27/25 1:25 PM,15 minutes and 49 seconds,Cinthia Patlan
2919 Blanco Rd,PM Cashier C,226,,,1,8/27/25 1:12 PM,8/27/25 1:25 PM,13 minutes and 19 seconds,Cinthia Patlan
2919 Blanco Rd,Maria  Salazar,217,5,,1,8/27/25 1:14 PM,8/27/25 1:25 PM,11 minutes and 26 seconds,Cinthia Patlan
2919 Blanco Rd,samantha lopez,231,4,,1,8/27/25 1:19 PM,8/27/25 1:25 PM,5 minutes and 58 seconds,Cinthia Patlan
2919 Blanco Rd,samantha lopez,246,3,,1,8/27/25 1:40 PM,8/27/25 2:01 PM,21 minutes and 2 seconds,Cinthia Patlan
2919 Blanco Rd,samantha lopez,249,13,,1,8/27/25 1:47 PM,8/27/25 2:01 PM,14 minutes and 25 seconds,Cinthia Patlan
2919 Blanco Rd,Maria  Salazar,241,,,1,8/27/25 1:39 PM,8/27/25 2:01 PM,21 minutes and 58 seconds,Cinthia Patlan
2919 Blanco Rd,samantha lopez,248,6,,1,8/27/25 1:45 PM,8/27/25 2:01 PM,16 minutes and 49 seconds,Cinthia Patlan
2919 Blanco Rd,samantha lopez,252,14,,1,8/27/25 1:58 PM,8/27/25 2:02 PM,3 minutes and 27 seconds,Cinthia Patlan
2919 Blanco Rd,samantha lopez,255,7,,1,8/27/25 2:07 PM,8/27/25 2:17 PM,9 minutes and 37 seconds,Cinthia Patlan
2919 Blanco Rd,samantha lopez,253,10,,1,8/27/25 2:00 PM,8/27/25 2:17 PM,16 minutes and 56 seconds,Cinthia Patlan
2919 Blanco Rd,samantha lopez,252,14,,1,8/27/25 2:03 PM,8/27/25 2:40 PM,37 minutes and 36 seconds,Cinthia Patlan
2919 Blanco Rd,samantha lopez,258,,,1,8/27/25 2:24 PM,8/27/25 2:40 PM,16 minutes and 38 seconds,Cinthia Patlan
2919 Blanco Rd,samantha lopez,260,21,,1,8/27/25 2:29 PM,8/27/25 2:40 PM,10 minutes and 51 seconds,Cinthia Patlan
2919 Blanco Rd,samantha lopez,261,,,1,8/27/25 2:33 PM,8/27/25 2:45 PM,11 minutes and 55 seconds,Cinthia Patlan
2919 Blanco Rd,PM Cashier C,263,,,1,8/27/25 2:44 PM,8/27/25 3:51 PM,"1 hour, 6 minutes and 54 seconds",Cinthia Patlan
2919 Blanco Rd,PM Cashier C,266,,,1,8/27/25 3:16 PM,8/27/25 3:51 PM,35 minutes and 22 seconds,Cinthia Patlan
2919 Blanco Rd,samantha lopez,255,7,,1,8/27/25 2:46 PM,8/27/25 3:51 PM,"1 hour, 5 minutes and 18 seconds",Cinthia Patlan
2919 Blanco Rd,samantha lopez,268,7,,1,8/27/25 3:41 PM,8/27/25 3:51 PM,9 minutes and 49 seconds,Cinthia Patlan
2919 Blanco Rd,samantha lopez,268,7,,1,8/27/25 3:32 PM,8/27/25 3:51 PM,18 minutes and 36 seconds,Cinthia Patlan
2919 Blanco Rd,samantha lopez,277,,,1,8/27/25 4:32 PM,8/27/25 4:44 PM,11 minutes and 42 seconds,Cinthia Patlan
2919 Blanco Rd,samantha lopez,271,,,1,8/27/25 4:32 PM,8/27/25 4:44 PM,12 minutes and 14 seconds,Cinthia Patlan
2919 Blanco Rd,samantha lopez,278,,,1,8/27/25 4:35 PM,8/27/25 4:44 PM,9 minutes and 22 seconds,Cinthia Patlan
2919 Blanco Rd,samantha lopez,280,,,1,8/27/25 4:39 PM,8/27/25 4:45 PM,6 minutes and 39 seconds,Cinthia Patlan
2919 Blanco Rd,samantha lopez,281,6,,1,8/27/25 4:39 PM,8/27/25 4:56 PM,17 minutes and 10 seconds,Cinthia Patlan
2919 Blanco Rd,samantha lopez,281,6,,1,8/27/25 4:48 PM,8/27/25 4:57 PM,8 minutes and 8 seconds,Cinthia Patlan
2919 Blanco Rd,samantha lopez,290,1,,1,8/27/25 5:07 PM,8/27/25 5:13 PM,5 minutes and 54 seconds,Cinthia Patlan
2919 Blanco Rd,samantha lopez,293,3,,1,8/27/25 5:27 PM,8/27/25 5:52 PM,24 minutes and 31 seconds,Cinthia Patlan
2919 Blanco Rd,samantha lopez,299,,,1,8/27/25 5:42 PM,8/27/25 5:52 PM,9 minutes and 19 seconds,Cinthia Patlan
2919 Blanco Rd,samantha lopez,298,,,1,8/27/25 5:38 PM,8/27/25 5:52 PM,13 minutes and 55 seconds,Cinthia Patlan
2919 Blanco Rd,samantha lopez,300,,,1,8/27/25 5:44 PM,8/27/25 5:52 PM,7 minutes and 26 seconds,Cinthia Patlan
2919 Blanco Rd,samantha lopez,304,,,1,8/27/25 5:56 PM,8/27/25 7:21 PM,"1 hour, 25 minutes and 8 seconds",Cinthia Patlan
2919 Blanco Rd,samantha lopez,293,3,,1,8/27/25 6:01 PM,8/27/25 7:21 PM,"1 hour, 19 minutes and 53 seconds",Cinthia Patlan
2919 Blanco Rd,samantha lopez,305,,,1,8/27/25 6:05 PM,8/27/25 7:21 PM,"1 hour, 15 minutes and 13 seconds",Cinthia Patlan
2919 Blanco Rd,Cinthia Patlan,308,,,1,8/27/25 6:19 PM,8/27/25 7:21 PM,"1 hour, 1 minute and 43 seconds",Cinthia Patlan
2919 Blanco Rd,samantha lopez,315,4,,1,8/27/25 7:02 PM,8/27/25 7:21 PM,19 minutes and 1 second,Cinthia Patlan
2919 Blanco Rd,Cinthia Patlan,310,,,1,8/27/25 6:45 PM,8/27/25 7:21 PM,36 minutes and 1 second,Cinthia Patlan
2919 Blanco Rd,samantha lopez,317,3,,1,8/27/25 7:10 PM,8/27/25 7:35 PM,24 minutes and 25 seconds,Cinthia Patlan
2919 Blanco Rd,samantha lopez,321,15,,1,8/27/25 7:29 PM,8/27/25 7:53 PM,24 minutes,Cinthia Patlan
2919 Blanco Rd,samantha lopez,317,3,,1,8/27/25 7:40 PM,8/27/25 7:53 PM,13 minutes and 11 seconds,Cinthia Patlan
2919 Blanco Rd,samantha lopez,322,7,,1,8/27/25 7:40 PM,8/27/25 7:53 PM,12 minutes and 45 seconds,Cinthia Patlan
