Location,Order #,Opened,Server,Table,Revenue Center,Discount Amount,Amount,Tax,Tip,Gratuity,Duration (Opened to Paid)
Tink-a-Tako - Potranco,1,9/2/25 6:14 AM,Daniela Torres,,Dining Room,0.00,17.12,1.42,0.00,0.00,00:15:42
Tink-a-Tako - Potranco,3,9/2/25 6:28 AM,Daniela Torres,,Dining Room,0.00,23.08,1.91,0.00,0.00,00:06:57
Tink-a-Tako - Potranco,4,9/2/25 6:29 AM,Daniela Torres,,Dining Room,0.50,4.48,0.37,1.00,0.00,00:09:23
Tink-a-Tako - Potranco,5,9/2/25 6:29 AM,Daniela Torres,,Dining Room,0.00,6.94,0.57,0.00,0.00,00:10:06
Tink-a-Tako - Potranco,6,9/2/25 6:29 AM,Daniela Torres,,Dining Room,0.00,3.98,0.33,0.00,0.00,00:10:17
Tink-a-Tako - Potranco,7,9/2/25 6:30 AM,Maria Majana,25,Dining Room,0.00,5.98,0.50,2.00,0.00,00:31:19
Tink-a-Tako - Potranco,8,9/2/25 6:43 AM,Daniela Torres,,Dining Room,0.00,7.56,0.62,0.00,0.00,00:01:26
Tink-a-Tako - Potranco,9,9/2/25 6:44 AM,Daniela Torres,,Dining Room,0.00,9.97,0.83,0.00,0.00,00:02:37
Tink-a-Tako - Potranco,10,9/2/25 6:47 AM,Daniela Torres,,Dining Room,0.00,9.55,0.79,0.00,0.00,00:01:19
Tink-a-Tako - Potranco,11,9/2/25 6:50 AM,Daniela Torres,,Dining Room,0.00,7.97,0.65,0.00,0.00,00:00:33
Tink-a-Tako - Potranco,12,9/2/25 6:56 AM,Daniela Torres,,Dining Room,0.00,8.92,0.72,0.00,0.00,00:02:37
Tink-a-Tako - Potranco,13,9/2/25 7:00 AM,Daniela Torres,,Dining Room,0.00,21.36,1.75,0.00,0.00,00:00:41
Tink-a-Tako - Potranco,15,9/2/25 7:04 AM,Daniela Torres,,Dining Room,0.00,8.67,0.72,0.00,0.00,00:01:19
Tink-a-Tako - Potranco,16,9/2/25 7:05 AM,Daniela Torres,,Dining Room,0.00,5.97,0.49,0.00,0.00,00:01:53
Tink-a-Tako - Potranco,17,9/2/25 7:09 AM,Daniela Torres,,Dining Room,0.00,15.76,1.31,0.00,0.00,00:00:41
Tink-a-Tako - Potranco,14,9/2/25 7:00 AM,Daniela Torres,,Dining Room,0.00,11.94,0.99,0.00,0.00,00:12:46
Tink-a-Tako - Potranco,18,9/2/25 7:10 AM,Daniela Torres,,Dining Room,0.00,14.38,1.18,0.00,0.00,00:03:02
Tink-a-Tako - Potranco,19,9/2/25 7:11 AM,Daniela Torres,,Dining Room,0.00,7.47,0.62,0.00,0.00,00:04:21
Tink-a-Tako - Potranco,21,9/2/25 7:13 AM,Daniela Torres,,Dining Room,0.00,4.98,0.41,1.00,0.00,00:03:20
Tink-a-Tako - Potranco,20,9/2/25 7:11 AM,Daniela Torres,,Dining Room,0.00,6.97,0.58,1.00,0.00,00:05:31
Tink-a-Tako - Potranco,23,9/2/25 7:16 AM,Daniela Torres,,Dining Room,0.00,11.66,0.95,0.00,0.00,00:02:47
Tink-a-Tako - Potranco,24,9/2/25 7:19 AM,Daniela Torres,,Dining Room,0.00,9.97,0.82,0.00,0.00,00:01:08
Tink-a-Tako - Potranco,25,9/2/25 7:22 AM,Daniela Torres,,Dining Room,0.00,16.62,1.38,0.00,0.00,00:14:49
Tink-a-Tako - Potranco,26,9/2/25 7:22 AM,Daniela Torres,,Dining Room,0.00,8.67,0.71,0.00,0.00,00:03:39
Tink-a-Tako - Potranco,22,9/2/25 7:13 AM,Daniela Torres,,Dining Room,0.00,18.66,1.54,0.00,0.00,00:15:28
Tink-a-Tako - Potranco,28,9/2/25 7:27 AM,Daniela Torres,,Dining Room,0.00,43.27,3.58,3.00,0.00,00:05:20
Tink-a-Tako - Potranco,31,9/2/25 7:28 AM,Daniela Torres,,Dining Room,0.00,6.57,0.54,0.00,0.00,00:07:16
Tink-a-Tako - Potranco,30,9/2/25 7:28 AM,Maria Majana,21,Dining Room,0.00,9.99,0.82,0.00,0.00,02:20:03
Tink-a-Tako - Potranco,32,9/2/25 7:29 AM,Daniela Torres,,Dining Room,0.00,6.48,0.54,0.00,0.00,00:07:36
Tink-a-Tako - Potranco,33,9/2/25 7:32 AM,Daniela Torres,,Dining Room,0.00,21.79,1.79,0.00,0.00,00:05:01
Tink-a-Tako - Potranco,34,9/2/25 7:37 AM,Maria Majana,35,Dining Room,0.00,9.77,0.81,5.00,0.00,00:36:15
Tink-a-Tako - Potranco,36,9/2/25 7:38 AM,Daniela Torres,,Dining Room,0.00,8.43,0.70,0.00,0.00,00:02:34
Tink-a-Tako - Potranco,35,9/2/25 7:38 AM,Maria Majana,15,Dining Room,0.00,32.91,2.71,5.00,0.00,00:26:21
Tink-a-Tako - Potranco,29,9/2/25 7:28 AM,Daniela Torres,,Dining Room,0.00,10.56,0.88,0.00,0.00,00:15:51
Tink-a-Tako - Potranco,37,9/2/25 7:43 AM,Daniela Torres,,Dining Room,0.00,4.28,0.35,0.00,0.00,00:04:49
Tink-a-Tako - Potranco,39,9/2/25 7:49 AM,Rosie  ORDONEZ,37,Dining Room,0.00,2.99,0.25,0.00,0.00,01:01:25
Tink-a-Tako - Potranco,40,9/2/25 7:52 AM,Maria Majana,,Dining Room,0.00,11.62,0.95,1.00,0.00,00:00:51
Tink-a-Tako - Potranco,42,9/2/25 7:53 AM,Daniela Torres,,Dining Room,0.00,12.77,1.06,0.00,0.00,00:00:18
Tink-a-Tako - Potranco,41,9/2/25 7:53 AM,Maria Majana,,Dining Room,0.00,10.87,0.89,0.00,0.00,00:00:55
Tink-a-Tako - Potranco,43,9/2/25 7:54 AM,Daniela Torres,,Dining Room,0.00,36.43,3.00,0.00,0.00,02:42:44
Tink-a-Tako - Potranco,45,9/2/25 7:54 AM,Daniela Torres,,Dining Room,0.00,5.97,0.49,0.00,0.00,00:05:44
Tink-a-Tako - Potranco,38,9/2/25 7:46 AM,Daniela Torres,,Dining Room,0.00,3.98,0.33,0.00,0.00,00:14:23
Tink-a-Tako - Potranco,44,9/2/25 7:54 AM,Maria Majana,,Dining Room,0.00,12.14,1.01,0.00,0.00,00:17:09
Tink-a-Tako - Potranco,47,9/2/25 7:55 AM,Daniela Torres,,Dining Room,0.00,10.87,0.89,0.00,0.00,00:06:45
Tink-a-Tako - Potranco,48,9/2/25 7:55 AM,Maria Majana,,Dining Room,0.00,8.23,0.67,0.00,0.00,00:00:48
Tink-a-Tako - Potranco,50,9/2/25 7:56 AM,Maria Majana,,Dining Room,0.00,29.95,2.48,5.00,0.00,00:20:24
Tink-a-Tako - Potranco,53,9/2/25 7:59 AM,Daniela Torres,,Dining Room,0.00,4.28,0.35,0.00,0.00,00:04:26
Tink-a-Tako - Potranco,54,9/2/25 8:00 AM,Daniela Torres,,Dining Room,0.00,14.26,1.18,0.00,0.00,00:04:06
Tink-a-Tako - Potranco,55,9/2/25 8:01 AM,Daniela Torres,,Dining Room,0.00,11.26,0.92,0.00,0.00,00:03:58
Tink-a-Tako - Potranco,49,9/2/25 7:56 AM,Daniela Torres,,Dining Room,0.00,16.61,1.36,0.00,0.00,00:12:20
Tink-a-Tako - Potranco,58,9/2/25 8:09 AM,Maria Majana,,Dining Room,0.00,5.97,0.49,2.00,0.00,00:00:18
Tink-a-Tako - Potranco,57,9/2/25 8:08 AM,Daniela Torres,,Dining Room,0.00,21.72,1.78,0.00,0.00,00:01:58
Tink-a-Tako - Potranco,61,9/2/25 8:12 AM,Isabel Cisneros,23,Dining Room,0.00,6.48,0.54,0.00,0.00,00:12:03
Tink-a-Tako - Potranco,62,9/2/25 8:13 AM,Maria Majana,,Dining Room,0.00,17.56,1.45,0.00,0.00,00:00:30
Tink-a-Tako - Potranco,56,9/2/25 8:07 AM,Daniela Torres,,Dining Room,0.00,6.78,0.56,0.00,0.00,00:08:56
Tink-a-Tako - Potranco,64,9/2/25 8:17 AM,Silvia Hernandez,8,Dining Room,0.00,23.96,1.98,0.00,0.00,00:43:20
Tink-a-Tako - Potranco,63,9/2/25 8:16 AM,Daniela Torres,,Dining Room,0.00,10.27,0.85,0.00,0.00,00:04:04
Tink-a-Tako - Potranco,67,9/2/25 8:21 AM,Daniela Torres,,Dining Room,0.00,4.98,0.41,0.00,0.00,00:00:41
Tink-a-Tako - Potranco,69,9/2/25 8:22 AM,Isabel Cisneros,33,Dining Room,0.00,17.45,1.44,0.00,0.00,00:37:00
Tink-a-Tako - Potranco,66,9/2/25 8:18 AM,Daniela Torres,,Dining Room,0.00,11.66,0.96,0.00,0.00,00:07:36
Tink-a-Tako - Potranco,71,9/2/25 8:29 AM,Silvia Hernandez,25,Dining Room,0.00,14.45,1.21,3.00,0.00,00:49:33
Tink-a-Tako - Potranco,70,9/2/25 8:25 AM,Daniela Torres,,Dining Room,0.00,8.82,0.72,0.00,0.00,00:12:17
Tink-a-Tako - Potranco,73,9/2/25 8:38 AM,Isabel Cisneros,22,Dining Room,0.00,25.96,2.15,0.00,0.00,01:00:14
Tink-a-Tako - Potranco,74,9/2/25 8:47 AM,Silvia Hernandez,32,Dining Room,0.00,31.65,2.60,5.75,0.00,00:47:35
Tink-a-Tako - Potranco,75,9/2/25 8:47 AM,Daniela Torres,,Dining Room,0.00,1.99,0.16,0.00,0.00,00:01:16
Tink-a-Tako - Potranco,76,9/2/25 8:49 AM,Daniela Torres,,Dining Room,0.00,13.53,1.11,3.00,0.00,00:03:24
Tink-a-Tako - Potranco,77,9/2/25 8:55 AM,Isabel Cisneros,10,Dining Room,0.00,14.36,1.19,0.00,0.00,00:17:19
Tink-a-Tako - Potranco,78,9/2/25 8:59 AM,Silvia Hernandez,18,Dining Room,0.00,34.39,2.83,6.00,0.00,00:33:33
Tink-a-Tako - Potranco,79,9/2/25 9:00 AM,Daniela Torres,,Dining Room,0.00,18.36,1.52,0.00,0.00,00:00:33
Tink-a-Tako - Potranco,81,9/2/25 9:05 AM,Isabel Cisneros,38,Dining Room,0.00,21.96,1.82,0.00,0.00,01:03:35
Tink-a-Tako - Potranco,82,9/2/25 9:07 AM,Silvia Hernandez,35,Dining Room,0.00,19.88,1.63,0.00,0.00,00:31:09
Tink-a-Tako - Potranco,80,9/2/25 9:01 AM,Daniela Torres,,Dining Room,0.00,1.79,0.15,0.00,0.00,00:07:48
Tink-a-Tako - Potranco,72,9/2/25 8:36 AM,Daniela Torres,,Dining Room,0.00,15.65,1.29,0.00,0.00,00:34:07
Tink-a-Tako - Potranco,84,9/2/25 9:09 AM,Maria Majana,,Dining Room,0.00,10.73,0.89,0.00,0.00,00:10:12
Tink-a-Tako - Potranco,87,9/2/25 9:11 AM,Daniela Torres,,Dining Room,0.00,2.49,0.21,0.00,0.00,00:02:08
Tink-a-Tako - Potranco,88,9/2/25 9:11 AM,Daniela Torres,,Dining Room,0.00,5.57,0.46,0.00,0.00,00:07:09
Tink-a-Tako - Potranco,89,9/2/25 9:13 AM,Fernando Cepada,24,Dining Room,0.00,12.98,1.07,0.00,0.00,00:25:57
Tink-a-Tako - Potranco,91,9/2/25 9:17 AM,Isabel Cisneros,8,Dining Room,0.00,19.96,1.66,2.00,0.00,00:24:31
Tink-a-Tako - Potranco,93,9/2/25 9:20 AM,Silvia Hernandez,7,Dining Room,0.00,17.56,1.45,0.00,0.00,01:09:20
Tink-a-Tako - Potranco,94,9/2/25 9:20 AM,Daniela Torres,,Dining Room,0.00,13.66,1.12,0.00,0.00,00:01:04
Tink-a-Tako - Potranco,95,9/2/25 9:22 AM,Maria Majana,,Dining Room,0.00,5.18,0.42,0.00,0.00,00:00:12
Tink-a-Tako - Potranco,96,9/2/25 9:23 AM,Isabel Cisneros,26,Dining Room,0.00,8.47,0.71,2.00,0.00,00:15:38
Tink-a-Tako - Potranco,99,9/2/25 9:25 AM,Maria Majana,,Dining Room,0.00,11.76,0.96,0.00,0.00,00:20:37
Tink-a-Tako - Potranco,98,9/2/25 9:24 AM,Fernando Cepada,23,Dining Room,0.00,14.67,1.21,0.00,0.00,00:16:46
Tink-a-Tako - Potranco,100,9/2/25 9:29 AM,Daniela Torres,,Dining Room,0.00,7.43,0.61,0.00,0.00,00:00:57
Tink-a-Tako - Potranco,101,9/2/25 9:29 AM,Daniela Torres,,Dining Room,0.00,6.47,0.53,0.00,0.00,00:01:22
Tink-a-Tako - Potranco,102,9/2/25 9:32 AM,Daniela Torres,,Dining Room,0.00,14.36,1.19,0.00,0.00,00:00:51
Tink-a-Tako - Potranco,103,9/2/25 9:36 AM,Daniela Torres,,Dining Room,0.00,3.98,0.32,0.00,0.00,00:01:10
Tink-a-Tako - Potranco,92,9/2/25 9:19 AM,Fernando Cepada,,Dining Room,0.00,20.58,1.69,0.00,0.00,02:33:25
Tink-a-Tako - Potranco,105,9/2/25 9:37 AM,Silvia Hernandez,10,Dining Room,0.00,22.75,1.88,0.00,0.00,00:23:05
Tink-a-Tako - Potranco,85,9/2/25 9:09 AM,Daniela Torres,,Dining Room,0.00,9.56,0.79,2.00,0.00,00:34:21
Tink-a-Tako - Potranco,109,9/2/25 9:43 AM,Isabel Cisneros,34,Dining Room,0.00,17.89,1.46,0.00,0.00,00:47:10
Tink-a-Tako - Potranco,110,9/2/25 9:45 AM,Daniela Torres,,Dining Room,0.00,5.28,0.44,0.00,0.00,00:00:48
Tink-a-Tako - Potranco,111,9/2/25 9:48 AM,Daniela Torres,,Dining Room,0.00,4.39,0.36,0.00,0.00,00:00:28
Tink-a-Tako - Potranco,113,9/2/25 9:48 AM,Maria Majana,37,Dining Room,0.00,6.97,0.57,0.00,0.00,00:01:34
Tink-a-Tako - Potranco,112,9/2/25 9:48 AM,Silvia Hernandez,17,Dining Room,0.00,19.68,1.62,5.00,0.00,00:24:40
Tink-a-Tako - Potranco,114,9/2/25 9:49 AM,Daniela Torres,,Dining Room,0.00,7.47,0.61,0.00,0.00,00:00:49
Tink-a-Tako - Potranco,115,9/2/25 9:53 AM,Isabel Cisneros,24,Dining Room,0.00,23.95,1.98,4.00,0.00,00:44:59
Tink-a-Tako - Potranco,116,9/2/25 9:55 AM,Daniela Torres,,Dining Room,0.00,7.56,0.62,0.00,0.00,00:00:23
Tink-a-Tako - Potranco,118,9/2/25 9:56 AM,Daniela Torres,,Dining Room,0.00,10.46,0.86,0.00,0.00,00:01:33
Tink-a-Tako - Potranco,117,9/2/25 9:56 AM,Silvia Hernandez,11,Dining Room,0.00,20.96,1.73,6.00,0.00,00:29:45
Tink-a-Tako - Potranco,119,9/2/25 9:57 AM,Daniela Torres,,Dining Room,0.00,21.83,1.79,4.00,0.00,00:02:59
Tink-a-Tako - Potranco,120,9/2/25 9:57 AM,Fernando Cepada,33,Dining Room,0.00,22.86,1.88,5.26,0.00,00:48:50
Tink-a-Tako - Potranco,121,9/2/25 9:58 AM,Daniela Torres,,Dining Room,0.00,3.98,0.32,0.00,0.00,00:04:53
Tink-a-Tako - Potranco,122,9/2/25 9:58 AM,Daniela Torres,,Dining Room,0.00,19.50,1.62,0.00,0.00,00:06:11
Tink-a-Tako - Potranco,123,9/2/25 10:00 AM,Isabel Cisneros,23,Dining Room,0.00,15.20,1.25,0.00,0.00,00:23:03
Tink-a-Tako - Potranco,124,9/2/25 10:02 AM,Daniela Torres,,Dining Room,0.00,25.93,2.15,0.00,0.00,00:03:57
Tink-a-Tako - Potranco,127,9/2/25 10:12 AM,Daniela Torres,,Dining Room,0.00,3.98,0.33,0.00,0.00,00:00:19
Tink-a-Tako - Potranco,129,9/2/25 10:15 AM,Silvia Hernandez,10,Dining Room,0.00,17.43,1.44,4.00,0.00,00:27:01
Tink-a-Tako - Potranco,130,9/2/25 10:17 AM,Daniela Torres,,Dining Room,0.00,7.96,0.66,0.00,0.00,00:02:24
Tink-a-Tako - Potranco,108,9/2/25 9:43 AM,Daniela Torres,,Dining Room,0.00,3.78,0.31,1.00,0.00,00:36:54
Tink-a-Tako - Potranco,132,9/2/25 10:17 AM,Isabel Cisneros,25,Dining Room,0.00,31.18,2.58,6.24,0.00,00:38:13
Tink-a-Tako - Potranco,128,9/2/25 10:13 AM,Daniela Torres,,Dining Room,0.00,16.01,1.32,0.00,0.00,00:08:23
Tink-a-Tako - Potranco,126,9/2/25 10:10 AM,Maria Majana,,Dining Room,0.00,14.17,1.17,4.66,0.00,00:09:20
Tink-a-Tako - Potranco,134,9/2/25 10:19 AM,Daniela Torres,,Dining Room,0.00,3.58,0.30,0.00,0.00,00:03:42
Tink-a-Tako - Potranco,133,9/2/25 10:19 AM,Fernando Cepada,9,Dining Room,0.00,56.91,4.70,5.00,0.00,00:42:42
Tink-a-Tako - Potranco,136,9/2/25 10:25 AM,Isabel Cisneros,18,Dining Room,0.00,10.26,0.85,5.00,0.00,00:15:51
Tink-a-Tako - Potranco,137,9/2/25 10:28 AM,Fernando Cepada,40,Dining Room,0.00,78.31,6.48,0.00,15.67,01:02:56
Tink-a-Tako - Potranco,138,9/2/25 10:29 AM,Maria Majana,,Dining Room,0.00,13.76,1.13,0.00,0.00,00:10:17
Tink-a-Tako - Potranco,140,9/2/25 10:30 AM,Isabel Cisneros,22,Dining Room,0.00,24.74,2.04,7.00,0.00,00:33:03
Tink-a-Tako - Potranco,141,9/2/25 10:30 AM,Daniela Torres,,Dining Room,0.00,8.27,0.68,2.00,0.00,00:02:13
Tink-a-Tako - Potranco,142,9/2/25 10:31 AM,Silvia Hernandez,17,Dining Room,0.00,6.97,0.58,0.00,0.00,00:21:24
Tink-a-Tako - Potranco,143,9/2/25 10:33 AM,Daniela Torres,,Dining Room,0.00,7.99,0.66,0.00,0.00,00:06:28
Tink-a-Tako - Potranco,144,9/2/25 10:33 AM,Daniela Torres,,Dining Room,0.00,10.67,0.88,0.00,0.00,00:09:04
Tink-a-Tako - Potranco,146,9/2/25 10:34 AM,Maria Majana,,Dining Room,0.00,18.93,1.56,0.00,0.00,00:01:26
Tink-a-Tako - Potranco,147,9/2/25 10:36 AM,Silvia Hernandez,26,Dining Room,0.00,7.77,0.64,0.00,0.00,01:04:19
Tink-a-Tako - Potranco,145,9/2/25 10:34 AM,Daniela Torres,,Dining Room,0.00,24.36,2.00,0.00,0.00,00:09:43
Tink-a-Tako - Potranco,149,9/2/25 10:36 AM,Daniela Torres,,Dining Room,0.00,6.97,0.58,0.00,0.00,00:09:03
Tink-a-Tako - Potranco,151,9/2/25 10:40 AM,Isabel Cisneros,7,Dining Room,0.00,25.01,2.06,0.00,0.00,00:38:04
Tink-a-Tako - Potranco,152,9/2/25 10:40 AM,Daniela Torres,,Dining Room,0.00,13.24,1.08,5.00,0.00,00:07:54
Tink-a-Tako - Potranco,150,9/2/25 10:40 AM,Fernando Cepada,19,Dining Room,0.00,0.00,0.00,0.00,0.00,00:30:42
Tink-a-Tako - Potranco,153,9/2/25 10:43 AM,Fernando Cepada,32,Dining Room,0.00,21.97,1.81,0.00,0.00,01:04:13
Tink-a-Tako - Potranco,154,9/2/25 10:46 AM,Daniela Torres,,Dining Room,0.00,13.46,1.11,1.00,0.00,00:03:28
Tink-a-Tako - Potranco,156,9/2/25 10:47 AM,Isabel Cisneros,8,Dining Room,0.00,21.86,1.79,0.00,0.00,00:23:59
Tink-a-Tako - Potranco,157,9/2/25 10:47 AM,Silvia Hernandez,24,Dining Room,0.00,9.98,0.83,0.00,0.00,00:41:43
Tink-a-Tako - Potranco,158,9/2/25 10:47 AM,Maria Majana,,Dining Room,0.00,16.22,1.34,0.00,0.00,00:19:17
Tink-a-Tako - Potranco,162,9/2/25 10:51 AM,Daniela Torres,,Dining Room,0.00,19.54,1.61,2.00,0.00,00:01:35
Tink-a-Tako - Potranco,160,9/2/25 10:50 AM,Silvia Hernandez,16,Dining Room,0.00,8.96,0.73,4.00,0.00,00:21:12
Tink-a-Tako - Potranco,163,9/2/25 10:52 AM,Daniela Torres,,Dining Room,0.00,0.00,0.00,0.00,0.00,03:09:39
Tink-a-Tako - Potranco,161,9/2/25 10:50 AM,Fernando Cepada,23,Dining Room,0.00,62.31,5.14,13.00,0.00,00:55:48
Tink-a-Tako - Potranco,166,9/2/25 10:58 AM,Daniela Torres,,Dining Room,0.00,5.48,0.46,0.00,0.00,00:01:13
Tink-a-Tako - Potranco,169,9/2/25 11:02 AM,Isabel Cisneros,10,Dining Room,0.00,42.94,3.55,8.00,0.00,00:44:57
Tink-a-Tako - Potranco,172,9/2/25 11:02 AM,Daniela Torres,,Dining Room,0.00,10.76,0.89,0.00,0.00,00:01:47
Tink-a-Tako - Potranco,167,9/2/25 11:02 AM,Maria Majana,,Dining Room,0.00,15.44,1.28,0.00,0.00,00:01:25
Tink-a-Tako - Potranco,177,9/2/25 11:06 AM,Daniela Torres,,Dining Room,0.78,7.00,0.58,0.00,0.00,00:01:17
Tink-a-Tako - Potranco,179,9/2/25 11:09 AM,Silvia Hernandez,20,Dining Room,0.00,53.07,4.36,10.00,0.00,00:41:53
Tink-a-Tako - Potranco,131,9/2/25 10:17 AM,Daniela Torres,,Dining Room,0.00,7.76,0.64,0.00,0.00,00:54:11
Tink-a-Tako - Potranco,181,9/2/25 11:10 AM,Maria Majana,37,Dining Room,0.00,22.05,1.80,6.00,0.00,00:19:58
Tink-a-Tako - Potranco,182,9/2/25 11:10 AM,Daniela Torres,,Dining Room,0.00,12.12,0.99,0.00,0.00,00:06:01
Tink-a-Tako - Potranco,184,9/2/25 11:11 AM,Isabel Cisneros,18,Dining Room,0.00,18.98,1.56,1.00,0.00,00:35:36
Tink-a-Tako - Potranco,178,9/2/25 11:07 AM,Daniela Torres,,Dining Room,1.40,12.59,1.04,0.00,0.00,00:09:29
Tink-a-Tako - Potranco,185,9/2/25 11:12 AM,Isabel Cisneros,21,Dining Room,0.00,18.98,1.57,4.00,0.00,00:43:16
Tink-a-Tako - Potranco,186,9/2/25 11:14 AM,Fernando Cepada,33,Dining Room,0.00,8.99,0.74,0.00,0.00,01:03:48
Tink-a-Tako - Potranco,183,9/2/25 11:11 AM,Daniela Torres,,Dining Room,0.00,15.35,1.27,0.00,0.00,00:08:34
Tink-a-Tako - Potranco,188,9/2/25 11:18 AM,Isabel Cisneros,2,Dining Room,0.00,36.01,2.95,0.00,0.00,00:22:59
Tink-a-Tako - Potranco,190,9/2/25 11:21 AM,Daniela Torres,,Dining Room,0.00,7.23,0.59,0.00,0.00,00:00:42
Tink-a-Tako - Potranco,189,9/2/25 11:21 AM,Silvia Hernandez,17,Dining Room,0.00,54.32,4.49,0.00,0.00,00:32:30
Tink-a-Tako - Potranco,191,9/2/25 11:22 AM,Daniela Torres,,Dining Room,0.00,7.37,0.61,0.00,0.00,00:06:07
Tink-a-Tako - Potranco,193,9/2/25 11:24 AM,Silvia Hernandez,22,Dining Room,0.00,30.22,2.49,3.00,0.00,00:30:59
Tink-a-Tako - Potranco,196,9/2/25 11:26 AM,Daniela Torres,,Dining Room,0.00,20.73,1.71,0.00,0.00,00:03:38
Tink-a-Tako - Potranco,197,9/2/25 11:28 AM,Daniela Torres,,Dining Room,0.00,6.98,0.58,0.00,0.00,00:03:12
Tink-a-Tako - Potranco,198,9/2/25 11:29 AM,Isabel Cisneros,24,Dining Room,0.00,51.18,4.22,5.00,0.00,00:47:19
Tink-a-Tako - Potranco,192,9/2/25 11:23 AM,Maria Majana,,Dining Room,0.00,27.67,2.28,0.00,0.00,00:16:11
Tink-a-Tako - Potranco,199,9/2/25 11:33 AM,Daniela Torres,,Dining Room,0.00,20.95,1.72,0.00,0.00,00:07:11
Tink-a-Tako - Potranco,200,9/2/25 11:33 AM,Daniela Torres,,Dining Room,0.00,15.31,1.26,1.00,0.00,00:09:45
Tink-a-Tako - Potranco,201,9/2/25 11:34 AM,Daniela Torres,,Dining Room,0.00,12.42,1.02,2.00,0.00,00:11:48
Tink-a-Tako - Potranco,203,9/2/25 11:36 AM,Isabel Cisneros,8,Dining Room,0.00,15.25,1.27,0.00,0.00,00:43:23
Tink-a-Tako - Potranco,204,9/2/25 11:39 AM,Maria Majana,1,Dining Room,0.00,21.68,1.78,5.00,0.00,00:09:53
Tink-a-Tako - Potranco,205,9/2/25 11:39 AM,Fernando Cepada,34,Dining Room,0.00,20.95,1.72,0.00,0.00,00:26:50
Tink-a-Tako - Potranco,206,9/2/25 11:40 AM,Maria Majana,,Dining Room,0.00,4.89,0.40,0.00,0.00,00:08:32
Tink-a-Tako - Potranco,208,9/2/25 11:40 AM,Daniela Torres,,Dining Room,0.00,10.76,0.88,0.00,0.00,00:07:08
Tink-a-Tako - Potranco,207,9/2/25 11:40 AM,Silvia Hernandez,25,Dining Room,0.00,10.06,0.82,0.00,0.00,01:02:01
Tink-a-Tako - Potranco,210,9/2/25 11:42 AM,Fernando Cepada,38,Dining Room,0.00,27.75,2.28,6.00,0.00,00:41:06
Tink-a-Tako - Potranco,211,9/2/25 11:43 AM,Daniela Torres,,Dining Room,1.50,7.77,0.65,0.00,0.00,00:05:45
Tink-a-Tako - Potranco,212,9/2/25 11:44 AM,Rosie  ORDONEZ,7,Dining Room,0.00,37.60,3.09,5.00,0.00,02:07:26
Tink-a-Tako - Potranco,214,9/2/25 11:44 AM,Isabel Cisneros,31,Dining Room,0.00,57.21,4.72,8.00,0.00,00:30:20
Tink-a-Tako - Potranco,216,9/2/25 11:45 AM,Daniela Torres,,Dining Room,0.00,9.42,0.77,2.00,0.00,00:04:17
Tink-a-Tako - Potranco,215,9/2/25 11:45 AM,Silvia Hernandez,15,Dining Room,0.00,33.47,2.75,5.00,0.00,00:54:45
Tink-a-Tako - Potranco,218,9/2/25 11:46 AM,Rosie  ORDONEZ,39,Dining Room,0.00,24.67,2.03,0.00,0.00,00:39:00
Tink-a-Tako - Potranco,219,9/2/25 11:48 AM,Silvia Hernandez,37,Dining Room,0.00,21.67,1.78,2.00,0.00,00:24:51
Tink-a-Tako - Potranco,220,9/2/25 11:51 AM,Isabel Cisneros,23,Dining Room,0.00,13.04,1.06,0.00,0.00,00:15:52
Tink-a-Tako - Potranco,221,9/2/25 11:52 AM,Rosie  ORDONEZ,32,Dining Room,0.00,24.91,2.06,0.00,0.00,00:32:52
Tink-a-Tako - Potranco,187,9/2/25 11:15 AM,Daniela Torres,,Dining Room,0.00,9.98,0.82,0.00,0.00,00:39:52
Tink-a-Tako - Potranco,222,9/2/25 11:54 AM,Daniela Torres,,Dining Room,0.00,15.91,1.31,0.00,0.00,00:04:30
Tink-a-Tako - Potranco,223,9/2/25 11:56 AM,Daniela Torres,,Dining Room,0.00,6.77,0.56,0.00,0.00,00:03:33
Tink-a-Tako - Potranco,226,9/2/25 11:59 AM,Daniela Torres,,Dining Room,0.00,9.26,0.76,0.00,0.00,00:05:34
Tink-a-Tako - Potranco,224,9/2/25 11:57 AM,Silvia Hernandez,42,Dining Room,0.00,12.44,1.02,0.00,0.00,00:55:03
Tink-a-Tako - Potranco,227,9/2/25 12:01 PM,Isabel Cisneros,10,Dining Room,7.34,19.32,1.59,0.00,0.00,00:21:40
Tink-a-Tako - Potranco,225,9/2/25 11:57 AM,Daniela Torres,,Dining Room,0.00,12.99,1.07,0.00,0.00,00:09:00
Tink-a-Tako - Potranco,228,9/2/25 12:02 PM,Daniela Torres,,Dining Room,0.00,5.78,0.48,0.00,0.00,00:06:54
Tink-a-Tako - Potranco,230,9/2/25 12:03 PM,Fernando Cepada,19,Dining Room,0.00,15.14,1.24,5.00,0.00,00:01:07
Tink-a-Tako - Potranco,231,9/2/25 12:05 PM,Daniela Torres,,Dining Room,0.00,13.98,1.15,3.00,0.00,00:07:06
Tink-a-Tako - Potranco,233,9/2/25 12:05 PM,Maria Majana,,Dining Room,0.00,12.98,1.07,0.00,0.00,00:11:37
Tink-a-Tako - Potranco,232,9/2/25 12:05 PM,Daniela Torres,,Dining Room,0.00,14.45,1.19,2.00,0.00,00:08:24
Tink-a-Tako - Potranco,236,9/2/25 12:06 PM,Daniela Torres,,Dining Room,0.00,35.96,2.97,0.00,0.00,00:11:23
Tink-a-Tako - Potranco,238,9/2/25 12:09 PM,Silvia Hernandez,21,Dining Room,0.00,16.94,1.39,0.00,0.00,00:23:12
Tink-a-Tako - Potranco,239,9/2/25 12:11 PM,Isabel Cisneros,,Dining Room,0.00,19.82,1.64,4.00,0.00,00:24:12
Tink-a-Tako - Potranco,229,9/2/25 12:03 PM,Daniela Torres,,Dining Room,0.00,8.23,0.67,0.00,0.00,00:18:10
Tink-a-Tako - Potranco,241,9/2/25 12:13 PM,Daniela Torres,,Dining Room,0.00,10.87,0.89,0.00,0.00,00:09:06
Tink-a-Tako - Potranco,242,9/2/25 12:14 PM,Daniela Torres,,Dining Room,0.00,7.56,0.63,0.00,0.00,00:09:02
Tink-a-Tako - Potranco,243,9/2/25 12:19 PM,Fernando Cepada,17,Dining Room,0.00,34.25,2.82,0.00,0.00,00:48:37
Tink-a-Tako - Potranco,244,9/2/25 12:25 PM,Silvia Hernandez,33,Dining Room,0.00,56.82,4.67,10.00,0.00,00:36:33
Tink-a-Tako - Potranco,245,9/2/25 12:31 PM,Daniela Torres,,Dining Room,0.00,9.86,0.82,0.00,0.00,00:00:33
Tink-a-Tako - Potranco,246,9/2/25 12:31 PM,Daniela Torres,,Dining Room,0.00,3.49,0.29,0.00,0.00,00:04:26
Tink-a-Tako - Potranco,248,9/2/25 12:39 PM,Isabel Cisneros,24,Dining Room,0.00,16.66,1.36,0.00,0.00,00:35:09
Tink-a-Tako - Potranco,240,9/2/25 12:11 PM,Daniela Torres,,Dining Room,0.00,14.99,1.24,0.00,0.00,00:31:36
Tink-a-Tako - Potranco,249,9/2/25 12:39 PM,Fernando Cepada,18,Dining Room,0.00,20.04,1.64,0.00,0.00,00:56:07
Tink-a-Tako - Potranco,250,9/2/25 12:39 PM,Silvia Hernandez,8,Dining Room,0.00,35.05,2.88,0.00,0.00,00:54:51
Tink-a-Tako - Potranco,251,9/2/25 12:40 PM,Daniela Torres,,Dining Room,0.00,11.98,0.99,0.00,0.00,00:06:33
Tink-a-Tako - Potranco,247,9/2/25 12:36 PM,Daniela Torres,,Dining Room,0.00,5.57,0.46,0.00,0.00,00:13:13
Tink-a-Tako - Potranco,253,9/2/25 12:44 PM,Daniela Torres,,Dining Room,0.00,11.93,0.99,0.00,0.00,00:05:34
Tink-a-Tako - Potranco,254,9/2/25 12:44 PM,Fernando Cepada,23,Dining Room,0.00,35.56,2.93,3.00,0.00,00:22:46
Tink-a-Tako - Potranco,255,9/2/25 12:54 PM,Daniela Torres,,Dining Room,0.00,23.21,1.91,0.00,0.00,00:01:02
Tink-a-Tako - Potranco,257,9/2/25 12:55 PM,Maria Majana,,Dining Room,15.97,0.00,0.00,0.00,0.00,01:07:33
Tink-a-Tako - Potranco,258,9/2/25 12:55 PM,Isabel Cisneros,25,Dining Room,0.00,28.88,2.37,0.00,0.00,00:19:14
Tink-a-Tako - Potranco,256,9/2/25 12:55 PM,Daniela Torres,,Dining Room,0.00,9.97,0.82,0.00,0.00,00:01:50
Tink-a-Tako - Potranco,259,9/2/25 1:00 PM,Daniela Torres,,Dining Room,0.00,12.76,1.05,0.00,0.00,00:01:21
Tink-a-Tako - Potranco,260,9/2/25 1:01 PM,Daniela Torres,,Dining Room,0.00,13.76,1.13,0.00,0.00,00:03:01
Tink-a-Tako - Potranco,261,9/2/25 1:03 PM,Isabel Cisneros,35,Dining Room,0.00,8.99,0.74,0.00,0.00,00:24:08
Tink-a-Tako - Potranco,264,9/2/25 1:07 PM,Rosie  ORDONEZ,38,Dining Room,7.00,32.96,2.72,0.00,0.00,00:28:19
Tink-a-Tako - Potranco,265,9/2/25 1:10 PM,Daniela Torres,,Dining Room,0.00,4.99,0.41,0.00,0.00,00:00:28
Tink-a-Tako - Potranco,266,9/2/25 1:10 PM,Daniela Torres,,Dining Room,0.00,6.28,0.52,3.00,0.00,00:03:24
Tink-a-Tako - Potranco,267,9/2/25 1:16 PM,Silvia Hernandez,32,Dining Room,0.00,22.38,1.84,0.00,0.00,00:32:10
Tink-a-Tako - Potranco,268,9/2/25 1:21 PM,Daniela Torres,,Dining Room,0.00,12.99,1.07,0.00,0.00,00:00:58
Tink-a-Tako - Potranco,269,9/2/25 1:22 PM,Daniela Torres,,Dining Room,0.00,4.98,0.40,0.00,0.00,00:06:37
Tink-a-Tako - Potranco,270,9/2/25 1:33 PM,Daniela Torres,,Dining Room,0.00,23.94,1.98,0.00,0.00,00:00:16
Tink-a-Tako - Potranco,272,9/2/25 1:33 PM,Isabel Cisneros,33,Dining Room,0.00,23.87,1.96,0.00,0.00,00:27:21
Tink-a-Tako - Potranco,271,9/2/25 1:33 PM,Daniela Torres,,Dining Room,0.00,11.99,0.99,0.00,0.00,00:05:48
Tink-a-Tako - Potranco,275,9/2/25 1:42 PM,Fernando Cepada,18,Dining Room,0.00,18.96,1.56,6.00,0.00,00:27:05
Tink-a-Tako - Potranco,276,9/2/25 1:46 PM,Sergio Abundiz,9,Dining Room,0.00,20.93,1.72,4.00,0.00,00:34:05
Tink-a-Tako - Potranco,277,9/2/25 1:46 PM,Sergio Abundiz,24,Dining Room,0.00,5.48,0.46,3.00,0.00,00:19:27
Tink-a-Tako - Potranco,278,9/2/25 1:50 PM,Sergio Abundiz,32,Dining Room,20.12,30.18,2.47,0.00,0.00,07:37:33
Tink-a-Tako - Potranco,274,9/2/25 1:39 PM,Daniela Torres,,Dining Room,0.00,12.97,1.07,0.00,0.00,00:18:46
Tink-a-Tako - Potranco,279,9/2/25 1:59 PM,Lizeth Alonso,,Dining Room,0.00,33.39,2.74,0.00,0.00,00:02:09
Tink-a-Tako - Potranco,280,9/2/25 2:07 PM,Lizeth Alonso,,Dining Room,0.00,9.86,0.81,0.00,0.00,00:01:02
Tink-a-Tako - Potranco,281,9/2/25 2:09 PM,Sergio Abundiz,26,Dining Room,19.92,0.00,0.00,0.00,0.00,00:47:37
Tink-a-Tako - Potranco,283,9/2/25 2:18 PM,Lizeth Alonso,,Dining Room,0.00,21.98,1.81,2.00,0.00,00:00:37
Tink-a-Tako - Potranco,284,9/2/25 2:20 PM,Sergio Abundiz,17,Dining Room,0.00,21.28,1.74,0.00,0.00,00:35:55
Tink-a-Tako - Potranco,285,9/2/25 2:21 PM,Sergio Abundiz,24,Dining Room,0.00,28.96,2.39,0.00,0.00,00:06:36
Tink-a-Tako - Potranco,286,9/2/25 2:22 PM,Lizeth Alonso,,Dining Room,0.00,16.97,1.40,0.00,0.00,00:05:46
Tink-a-Tako - Potranco,287,9/2/25 2:22 PM,Lizeth Alonso,,Dining Room,0.00,17.44,1.43,0.00,0.00,00:08:17
Tink-a-Tako - Potranco,288,9/2/25 2:24 PM,Lizeth Alonso,,Dining Room,0.00,15.56,1.28,0.00,0.00,00:11:13
Tink-a-Tako - Potranco,289,9/2/25 2:31 PM,Rosie  ORDONEZ,,Dining Room,0.00,8.99,0.74,0.00,0.00,00:16:19
Tink-a-Tako - Potranco,290,9/2/25 2:32 PM,Lizeth Alonso,,Dining Room,0.00,6.68,0.55,1.00,0.00,00:05:38
Tink-a-Tako - Potranco,292,9/2/25 2:32 PM,Sergio Abundiz,11,Dining Room,0.00,36.47,2.99,0.00,0.00,00:32:05
Tink-a-Tako - Potranco,293,9/2/25 2:36 PM,Rosie  ORDONEZ,23,Dining Room,0.00,22.76,1.88,0.00,0.00,00:28:36
Tink-a-Tako - Potranco,294,9/2/25 2:41 PM,Rosie  ORDONEZ,,Dining Room,0.00,22.98,1.90,0.00,0.00,00:05:31
Tink-a-Tako - Potranco,297,9/2/25 2:43 PM,Sergio Abundiz,37,Dining Room,0.00,38.87,3.20,0.00,0.00,00:39:33
Tink-a-Tako - Potranco,298,9/2/25 2:56 PM,Lizeth Alonso,,Dining Room,0.00,24.95,2.07,2.00,0.00,00:06:10
Tink-a-Tako - Potranco,299,9/2/25 2:57 PM,Lizeth Alonso,,Dining Room,0.00,7.28,0.61,2.00,0.00,00:01:00
Tink-a-Tako - Potranco,300,9/2/25 3:03 PM,Lizeth Alonso,,Dining Room,0.00,2.49,0.21,0.00,0.00,00:03:57
Tink-a-Tako - Potranco,301,9/2/25 3:06 PM,Sergio Abundiz,25,Dining Room,0.00,14.44,1.19,2.00,0.00,00:33:17
Tink-a-Tako - Potranco,302,9/2/25 3:16 PM,Lizeth Alonso,,Dining Room,0.00,12.99,1.07,2.00,0.00,00:00:44
Tink-a-Tako - Potranco,303,9/2/25 3:30 PM,Lizeth Alonso,,Dining Room,0.00,7.38,0.61,0.00,0.00,00:02:51
Tink-a-Tako - Potranco,304,9/2/25 3:31 PM,Lizeth Alonso,,Dining Room,0.00,3.58,0.30,0.00,0.00,00:09:44
Tink-a-Tako - Potranco,305,9/2/25 3:32 PM,Lizeth Alonso,,Dining Room,0.00,5.48,0.45,0.00,0.00,00:08:44
Tink-a-Tako - Potranco,307,9/2/25 3:33 PM,Juan  Camacho,33,Dining Room,0.00,25.63,2.11,7.00,0.00,00:33:57
Tink-a-Tako - Potranco,308,9/2/25 3:33 PM,Lizeth Alonso,,Dining Room,0.00,18.89,1.57,0.00,0.00,00:09:34
Tink-a-Tako - Potranco,309,9/2/25 3:33 PM,Juan  Camacho,9,Dining Room,0.00,22.86,1.89,0.00,0.00,00:34:29
Tink-a-Tako - Potranco,310,9/2/25 3:33 PM,Juan  Camacho,24,Dining Room,0.00,27.97,2.31,0.00,0.00,00:27:11
Tink-a-Tako - Potranco,311,9/2/25 3:34 PM,Lizeth Alonso,,Dining Room,0.00,13.99,1.15,0.00,0.00,00:11:41
Tink-a-Tako - Potranco,312,9/2/25 3:38 PM,Sergio Abundiz,,Dining Room,0.00,10.57,0.87,0.00,0.00,00:00:52
Tink-a-Tako - Potranco,313,9/2/25 3:43 PM,Juan  Camacho,34,Dining Room,0.00,24.48,2.02,0.00,0.00,00:25:50
Tink-a-Tako - Potranco,314,9/2/25 3:55 PM,Juan  Camacho,7,Dining Room,0.00,58.30,4.79,11.91,0.00,00:40:48
Tink-a-Tako - Potranco,315,9/2/25 4:07 PM,Lizeth Alonso,,Dining Room,0.00,15.36,1.27,4.00,0.00,00:01:07
Tink-a-Tako - Potranco,316,9/2/25 4:15 PM,Juan  Camacho,31,Dining Room,0.00,33.38,2.75,0.00,0.00,00:38:12
Tink-a-Tako - Potranco,317,9/2/25 4:19 PM,Lizeth Alonso,,Dining Room,0.00,5.49,0.45,0.00,0.00,00:00:50
Tink-a-Tako - Potranco,319,9/2/25 4:30 PM,Lizeth Alonso,,Dining Room,0.00,4.18,0.35,1.00,0.00,00:01:09
Tink-a-Tako - Potranco,320,9/2/25 4:32 PM,Juan  Camacho,24,Dining Room,0.00,22.48,1.86,0.00,0.00,00:40:02
Tink-a-Tako - Potranco,321,9/2/25 4:36 PM,Lizeth Alonso,,Dining Room,0.00,14.67,1.21,0.00,0.00,00:00:33
Tink-a-Tako - Potranco,322,9/2/25 4:42 PM,Lizeth Alonso,,Dining Room,0.00,4.89,0.40,0.00,0.00,00:00:36
Tink-a-Tako - Potranco,323,9/2/25 4:45 PM,Lizeth Alonso,,Dining Room,0.00,2.99,0.25,0.00,0.00,00:00:41
Tink-a-Tako - Potranco,324,9/2/25 4:48 PM,Lizeth Alonso,,Dining Room,0.00,13.78,1.14,0.00,0.00,00:01:51
Tink-a-Tako - Potranco,326,9/2/25 5:16 PM,Lizeth Alonso,,Dining Room,0.00,6.18,0.51,2.00,0.00,00:00:27
Tink-a-Tako - Potranco,325,9/2/25 5:13 PM,Sergio Abundiz,39,Dining Room,19.97,0.00,0.00,0.00,0.00,04:15:51
Tink-a-Tako - Potranco,327,9/2/25 5:17 PM,Lizeth Alonso,,Dining Room,0.00,34.91,2.88,3.00,0.00,00:02:06
Tink-a-Tako - Potranco,328,9/2/25 5:27 PM,Sergio Abundiz,23,Dining Room,0.00,42.04,3.47,5.00,0.00,01:20:56
Tink-a-Tako - Potranco,330,9/2/25 5:30 PM,Sergio Abundiz,7,Dining Room,0.00,51.28,4.21,10.00,0.00,01:12:45
Tink-a-Tako - Potranco,329,9/2/25 5:30 PM,Lizeth Alonso,,Dining Room,0.00,21.27,1.76,0.00,0.00,00:04:37
Tink-a-Tako - Potranco,331,9/2/25 5:34 PM,Lizeth Alonso,,Dining Room,0.00,13.53,1.12,0.00,0.00,00:07:31
Tink-a-Tako - Potranco,332,9/2/25 5:34 PM,Sergio Abundiz,24,Dining Room,0.00,21.88,1.80,0.00,0.00,00:35:50
Tink-a-Tako - Potranco,333,9/2/25 5:39 PM,Rosie  ORDONEZ,,Dining Room,0.00,11.99,0.99,0.00,0.00,00:01:14
Tink-a-Tako - Potranco,335,9/2/25 5:42 PM,Juan  Camacho,33,Dining Room,0.00,18.66,1.53,0.00,0.00,00:25:11
Tink-a-Tako - Potranco,336,9/2/25 5:43 PM,Sergio Abundiz,36,Dining Room,0.00,69.94,5.77,10.00,0.00,00:56:56
Tink-a-Tako - Potranco,334,9/2/25 5:41 PM,Lizeth Alonso,,Dining Room,0.00,8.07,0.66,1.00,0.00,00:06:08
Tink-a-Tako - Potranco,337,9/2/25 5:44 PM,Lizeth Alonso,,Dining Room,0.00,11.49,0.95,0.00,0.00,00:05:41
Tink-a-Tako - Potranco,339,9/2/25 5:45 PM,Juan  Camacho,10,Dining Room,0.00,26.92,2.22,0.00,0.00,00:28:13
Tink-a-Tako - Potranco,340,9/2/25 5:51 PM,Lizeth Alonso,,Dining Room,0.00,11.99,0.99,0.00,0.00,00:02:07
Tink-a-Tako - Potranco,341,9/2/25 6:06 PM,Sergio Abundiz,25,Dining Room,4.40,20.57,1.70,5.00,0.00,00:29:37
Tink-a-Tako - Potranco,342,9/2/25 6:09 PM,Lizeth Alonso,,Dining Room,0.00,2.99,0.25,0.00,0.00,00:00:47
Tink-a-Tako - Potranco,343,9/2/25 6:11 PM,Juan  Camacho,38,Dining Room,0.00,16.98,1.40,3.74,0.00,00:39:35
Tink-a-Tako - Potranco,345,9/2/25 6:14 PM,Sergio Abundiz,35,Dining Room,0.00,32.68,2.69,4.63,0.00,00:34:33
Tink-a-Tako - Potranco,346,9/2/25 6:14 PM,Sergio Abundiz,37,Dining Room,0.00,17.71,1.46,5.00,0.00,00:39:21
Tink-a-Tako - Potranco,344,9/2/25 6:11 PM,Lizeth Alonso,,Dining Room,0.00,12.83,1.05,0.00,0.00,00:06:37
Tink-a-Tako - Potranco,347,9/2/25 6:17 PM,Juan  Camacho,22,Dining Room,0.00,48.56,3.99,20.00,0.00,00:31:38
Tink-a-Tako - Potranco,348,9/2/25 6:25 PM,Lizeth Alonso,,Dining Room,0.00,14.98,1.24,0.00,0.00,00:01:05
Tink-a-Tako - Potranco,349,9/2/25 6:30 PM,Lizeth Alonso,,Dining Room,0.00,17.06,1.41,0.00,0.00,00:01:26
Tink-a-Tako - Potranco,350,9/2/25 6:36 PM,Lizeth Alonso,,Dining Room,0.00,7.56,0.63,0.00,0.00,00:00:25
Tink-a-Tako - Potranco,351,9/2/25 6:40 PM,Juan  Camacho,24,Dining Room,0.00,19.98,1.65,5.00,0.00,00:36:49
Tink-a-Tako - Potranco,352,9/2/25 6:50 PM,Lizeth Alonso,,Dining Room,0.00,19.96,1.65,0.00,0.00,00:03:55
Tink-a-Tako - Potranco,353,9/2/25 6:58 PM,Juan  Camacho,33,Dining Room,0.00,35.97,2.97,5.00,0.00,00:25:14
Tink-a-Tako - Potranco,354,9/2/25 7:02 PM,Sergio Abundiz,25,Dining Room,0.00,19.25,1.58,4.00,0.00,00:21:29
Tink-a-Tako - Potranco,355,9/2/25 7:03 PM,Sergio Abundiz,9,Dining Room,0.00,20.96,1.73,3.00,0.00,00:43:40
Tink-a-Tako - Potranco,356,9/2/25 7:16 PM,Juan  Camacho,31,Dining Room,0.00,374.76,30.86,35.85,74.97,01:41:41
Tink-a-Tako - Potranco,371,9/2/25 7:35 PM,Lizeth Alonso,,Dining Room,0.00,11.49,0.95,0.00,0.00,00:00:29
Tink-a-Tako - Potranco,372,9/2/25 7:40 PM,Juan  Camacho,24,Dining Room,0.00,37.11,3.05,4.00,0.00,00:37:35
Tink-a-Tako - Potranco,373,9/2/25 7:58 PM,Lizeth Alonso,,Dining Room,0.00,24.76,2.04,0.00,0.00,00:01:30
Tink-a-Tako - Potranco,374,9/2/25 8:03 PM,Lizeth Alonso,,Dining Room,0.00,12.36,1.02,0.00,0.00,00:07:01
Tink-a-Tako - Potranco,376,9/2/25 8:07 PM,Sergio Abundiz,23,Dining Room,0.00,27.38,2.25,4.20,0.00,00:30:13
Tink-a-Tako - Potranco,375,9/2/25 8:04 PM,Lizeth Alonso,,Dining Room,0.00,9.38,0.77,0.00,0.00,00:08:34
Tink-a-Tako - Potranco,378,9/2/25 8:09 PM,Juan  Camacho,8,Dining Room,0.00,11.98,0.98,3.00,0.00,00:22:13
Tink-a-Tako - Potranco,379,9/2/25 8:15 PM,Sergio Abundiz,38,Dining Room,0.00,49.16,4.04,10.00,0.00,00:29:32
Tink-a-Tako - Potranco,380,9/2/25 8:17 PM,Juan  Camacho,35,Dining Room,0.00,17.18,1.41,0.00,0.00,00:41:31
Tink-a-Tako - Potranco,381,9/2/25 8:17 PM,Lizeth Alonso,,Dining Room,0.00,13.47,1.11,0.00,0.00,00:01:42
Tink-a-Tako - Potranco,382,9/2/25 8:20 PM,Lizeth Alonso,,Dining Room,0.00,5.37,0.44,0.00,0.00,00:05:49
Tink-a-Tako - Potranco,383,9/2/25 8:37 PM,Lizeth Alonso,,Dining Room,0.00,24.02,1.96,10.00,0.00,00:01:59
Tink-a-Tako - Potranco,318,9/2/25 4:20 PM,Lizeth Alonso,,Dining Room,0.00,24.76,2.04,0.00,0.00,04:29:02
Tink-a-Tako - Potranco,384,9/2/25 8:43 PM,Lizeth Alonso,,Dining Room,0.00,0.00,0.00,0.00,0.00,00:06:25
Tink-a-Tako - Potranco,387,9/2/25 8:52 PM,Lizeth Alonso,,Dining Room,0.00,6.53,0.54,0.00,0.00,00:00:44
