Location,Order #,Opened Date,Server,Table,Discount Name,Discount Reason,Comment,Discount Amount
Sandra's Cuisine - Potranco - 12060 Potranco Road,227,8/18/25 6:30 PM,Nadia Reyes,,Reward Dollars,,,5.40
Sandra's Cuisine - Potranco - 12060 Potranco Road,211,8/18/25 5:21 PM,Nadia Reyes,,Open % Check,,,1.69
Sandra's Cuisine - Potranco - 12060 Potranco Road,170,8/18/25 1:38 PM,Sugey Cabrera,,Open % Item,,,0.90
Sandra's Cuisine - Potranco - 12060 Potranco Road,90,8/18/25 10:40 AM,Gabriel Tovar ,11,Reward Dollars,,,5.15
Sandra's Cuisine - Potranco - 12060 Potranco Road,86,8/18/25 10:34 AM,Sugey Cabrera,23,Open % Item,,,0.70
Sandra's Cuisine - Potranco - 12060 Potranco Road,86,8/18/25 10:34 AM,Sugey Cabrera,23,Open % Item,,,0.20
Sandra's Cuisine - Potranco - 12060 Potranco Road,72,8/18/25 10:07 AM,Leticia Roman,18,Open % Item,,,0.70
Sandra's Cuisine - Potranco - 12060 Potranco Road,71,8/18/25 10:07 AM,Gabriel Tovar ,20,Open % Item,,,0.70
Sandra's Cuisine - Potranco - 12060 Potranco Road,64,8/18/25 9:58 AM,Mario Jimenez,,Open % Check,,,1.66
Sandra's Cuisine - Potranco - 12060 Potranco Road,49,8/18/25 9:35 AM,Leticia Roman,1,Open % Item,,,0.18
Sandra's Cuisine - Potranco - 12060 Potranco Road,49,8/18/25 9:35 AM,Leticia Roman,1,Open % Item,,,0.30
Sandra's Cuisine - Potranco - 12060 Potranco Road,49,8/18/25 9:35 AM,Leticia Roman,1,Open % Item,,,0.20
Sandra's Cuisine - Potranco - 12060 Potranco Road,48,8/18/25 9:35 AM,Mario Jimenez,,Reward Dollars,,,5.50
Sandra's Cuisine - Potranco - 12060 Potranco Road,39,8/18/25 8:58 AM,Sugey Cabrera,,Employee Discount - Check,Employee Discount,Emp,18.95
Sandra's Cuisine - Potranco - 12060 Potranco Road,20,8/18/25 8:12 AM,Gabriel Tovar ,16,Open % Item,,,0.90
