Location,Server,Check #,Table,Station,Expediter Level,Fired Date,Fulfilled Date,Fulfillment Time,Fulfilled By
12060 Potranco Road,Mario Jimenez,1,,Food,,8/18/25 6:30 AM,8/18/25 6:32 AM,1 minute and 37 seconds,KDS - Login Don't Delete
12060 Potranco Road,Mario Jimenez,1,,Drive Thru,,8/18/25 6:30 AM,8/18/25 6:32 AM,1 minute and 37 seconds,KDS - Login Don't Delete
12060 Potranco Road,Mario Jimenez,3,,Food,,8/18/25 6:36 AM,8/18/25 6:37 AM,1 minute and 3 seconds,KDS - Login Don't Delete
12060 Potranco Road,Mario Jimenez,3,,Drive Thru,,8/18/25 6:36 AM,8/18/25 6:37 AM,1 minute and 3 seconds,KDS - Login Don't Delete
12060 Potranco Road,Mario Jimenez,4,,Food,,8/18/25 6:53 AM,8/18/25 6:54 AM,1 minute and 52 seconds,KDS - Login Don't Delete
12060 Potranco Road,Mario Jimenez,4,,Drive Thru,,8/18/25 6:53 AM,8/18/25 6:54 AM,1 minute and 52 seconds,KDS - Login Don't Delete
12060 Potranco Road,Mario Jimenez,5,,Food,,8/18/25 7:04 AM,8/18/25 7:05 AM,1 minute and 6 seconds,KDS - Login Don't Delete
12060 Potranco Road,Mario Jimenez,5,,Drive Thru,,8/18/25 7:04 AM,8/18/25 7:05 AM,1 minute and 6 seconds,KDS - Login Don't Delete
12060 Potranco Road,Mario Jimenez,7,,Food,,8/18/25 7:18 AM,8/18/25 7:20 AM,2 minutes and 7 seconds,KDS - Login Don't Delete
12060 Potranco Road,Mario Jimenez,7,,Drive Thru,,8/18/25 7:18 AM,8/18/25 7:20 AM,2 minutes and 7 seconds,KDS - Login Don't Delete
12060 Potranco Road,Mario Jimenez,9,,Food,,8/18/25 7:23 AM,8/18/25 7:25 AM,2 minutes and 7 seconds,KDS - Login Don't Delete
12060 Potranco Road,Mario Jimenez,9,,Drive Thru,,8/18/25 7:23 AM,8/18/25 7:25 AM,2 minutes and 7 seconds,KDS - Login Don't Delete
12060 Potranco Road,Mario Jimenez,8,,Food,,8/18/25 7:22 AM,8/18/25 7:25 AM,2 minutes and 43 seconds,KDS - Login Don't Delete
12060 Potranco Road,Mario Jimenez,8,,Drive Thru,,8/18/25 7:22 AM,8/18/25 7:25 AM,2 minutes and 43 seconds,KDS - Login Don't Delete
12060 Potranco Road,Mario Jimenez,10,,Food,,8/18/25 7:35 AM,8/18/25 7:37 AM,2 minutes and 9 seconds,KDS - Login Don't Delete
12060 Potranco Road,Mario Jimenez,10,,Drive Thru,,8/18/25 7:35 AM,8/18/25 7:37 AM,2 minutes and 9 seconds,KDS - Login Don't Delete
12060 Potranco Road,Mario Jimenez,12,,Food,,8/18/25 7:43 AM,8/18/25 7:44 AM,1 minute and 20 seconds,KDS - Login Don't Delete
12060 Potranco Road,Mario Jimenez,12,,Drive Thru,,8/18/25 7:43 AM,8/18/25 7:44 AM,1 minute and 20 seconds,KDS - Login Don't Delete
12060 Potranco Road,Mario Jimenez,11,,Food,,8/18/25 7:45 AM,8/18/25 7:48 AM,3 minutes and 2 seconds,KDS - Login Don't Delete
12060 Potranco Road,Mario Jimenez,11,,Drive Thru,,8/18/25 7:45 AM,8/18/25 7:48 AM,3 minutes and 2 seconds,KDS - Login Don't Delete
12060 Potranco Road,Leticia Roman,14,23,Food,,8/18/25 7:46 AM,8/18/25 7:53 AM,6 minutes and 52 seconds,KDS - Login Don't Delete
12060 Potranco Road,Leticia Roman,14,23,No Print,,8/18/25 7:46 AM,8/18/25 7:53 AM,6 minutes and 52 seconds,KDS - Login Don't Delete
12060 Potranco Road,Mario Jimenez,15,,Food,,8/18/25 8:02 AM,8/18/25 8:03 AM,48 seconds,KDS - Login Don't Delete
12060 Potranco Road,Mario Jimenez,15,,Drive Thru,,8/18/25 8:02 AM,8/18/25 8:03 AM,48 seconds,KDS - Login Don't Delete
12060 Potranco Road,Mario Jimenez,17,,Food,,8/18/25 8:04 AM,8/18/25 8:05 AM,1 minute and 14 seconds,KDS - Login Don't Delete
12060 Potranco Road,Mario Jimenez,17,,Drive Thru,,8/18/25 8:04 AM,8/18/25 8:05 AM,1 minute and 14 seconds,KDS - Login Don't Delete
12060 Potranco Road,Mario Jimenez,18,,Food,,8/18/25 8:11 AM,8/18/25 8:14 AM,2 minutes and 16 seconds,KDS - Login Don't Delete
12060 Potranco Road,Mario Jimenez,18,,Drive Thru,,8/18/25 8:11 AM,8/18/25 8:14 AM,2 minutes and 16 seconds,KDS - Login Don't Delete
12060 Potranco Road,Gabriel Tovar ,20,16,Food,,8/18/25 8:13 AM,8/18/25 8:18 AM,5 minutes and 3 seconds,KDS - Login Don't Delete
12060 Potranco Road,Gabriel Tovar ,20,16,No Print,,8/18/25 8:13 AM,8/18/25 8:18 AM,5 minutes and 3 seconds,KDS - Login Don't Delete
12060 Potranco Road,Mario Jimenez,19,,Food,,8/18/25 8:18 AM,8/18/25 8:19 AM,1 minute and 7 seconds,KDS - Login Don't Delete
12060 Potranco Road,Mario Jimenez,19,,Drive Thru,,8/18/25 8:18 AM,8/18/25 8:19 AM,1 minute and 7 seconds,KDS - Login Don't Delete
12060 Potranco Road,Leticia Roman,22,,Drive Thru,,8/18/25 8:25 AM,8/18/25 8:28 AM,2 minutes and 18 seconds,KDS - Login Don't Delete
12060 Potranco Road,Leticia Roman,22,,Food,,8/18/25 8:25 AM,8/18/25 8:28 AM,2 minutes and 18 seconds,KDS - Login Don't Delete
12060 Potranco Road,Mario Jimenez,21,,Food,,8/18/25 8:26 AM,8/18/25 8:28 AM,2 minutes and 5 seconds,KDS - Login Don't Delete
12060 Potranco Road,Mario Jimenez,21,,Drive Thru,,8/18/25 8:26 AM,8/18/25 8:28 AM,2 minutes and 5 seconds,KDS - Login Don't Delete
12060 Potranco Road,Mario Jimenez,23,,Food,,8/18/25 8:26 AM,8/18/25 8:28 AM,1 minute and 13 seconds,KDS - Login Don't Delete
12060 Potranco Road,Mario Jimenez,23,,Drive Thru,,8/18/25 8:26 AM,8/18/25 8:28 AM,1 minute and 13 seconds,KDS - Login Don't Delete
12060 Potranco Road,Mario Jimenez,26,,Food,,8/18/25 8:31 AM,8/18/25 8:33 AM,1 minute and 15 seconds,KDS - Login Don't Delete
12060 Potranco Road,Mario Jimenez,26,,Drive Thru,,8/18/25 8:31 AM,8/18/25 8:33 AM,1 minute and 15 seconds,KDS - Login Don't Delete
12060 Potranco Road,Mario Jimenez,24,,Food,,8/18/25 8:35 AM,8/18/25 8:36 AM,1 minute and 10 seconds,KDS - Login Don't Delete
12060 Potranco Road,Mario Jimenez,24,,Drive Thru,,8/18/25 8:35 AM,8/18/25 8:36 AM,1 minute and 10 seconds,KDS - Login Don't Delete
12060 Potranco Road,Mario Jimenez,29,,Food,,8/18/25 8:40 AM,8/18/25 8:42 AM,2 minutes and 20 seconds,KDS - Login Don't Delete
12060 Potranco Road,Mario Jimenez,29,,Drive Thru,,8/18/25 8:40 AM,8/18/25 8:42 AM,2 minutes and 20 seconds,KDS - Login Don't Delete
12060 Potranco Road,Mario Jimenez,30,,Food,,8/18/25 8:45 AM,8/18/25 8:47 AM,2 minutes and 45 seconds,KDS - Login Don't Delete
12060 Potranco Road,Mario Jimenez,30,,Drive Thru,,8/18/25 8:45 AM,8/18/25 8:47 AM,2 minutes and 45 seconds,KDS - Login Don't Delete
12060 Potranco Road,Mario Jimenez,27,,Food,,8/18/25 8:32 AM,8/18/25 8:47 AM,14 minutes and 52 seconds,KDS - Login Don't Delete
12060 Potranco Road,Mario Jimenez,27,,Drive Thru,,8/18/25 8:32 AM,8/18/25 8:47 AM,14 minutes and 52 seconds,KDS - Login Don't Delete
12060 Potranco Road,Sugey Cabrera,32,18,Food,,8/18/25 8:49 AM,8/18/25 8:52 AM,3 minutes and 20 seconds,KDS - Login Don't Delete
12060 Potranco Road,Sugey Cabrera,32,18,No Print,,8/18/25 8:49 AM,8/18/25 8:52 AM,3 minutes and 20 seconds,KDS - Login Don't Delete
12060 Potranco Road,Mario Jimenez,31,,Food,,8/18/25 8:50 AM,8/18/25 8:54 AM,4 minutes and 20 seconds,KDS - Login Don't Delete
12060 Potranco Road,Mario Jimenez,31,,Drive Thru,,8/18/25 8:50 AM,8/18/25 8:54 AM,4 minutes and 20 seconds,KDS - Login Don't Delete
12060 Potranco Road,Mario Jimenez,34,,Food,,8/18/25 8:50 AM,8/18/25 8:57 AM,6 minutes and 36 seconds,KDS - Login Don't Delete
12060 Potranco Road,Mario Jimenez,34,,Drive Thru,,8/18/25 8:50 AM,8/18/25 8:57 AM,6 minutes and 36 seconds,KDS - Login Don't Delete
12060 Potranco Road,Gabriel Tovar ,33,26,Food,,8/18/25 8:50 AM,8/18/25 8:58 AM,7 minutes and 14 seconds,KDS - Login Don't Delete
12060 Potranco Road,Gabriel Tovar ,33,26,No Print,,8/18/25 8:50 AM,8/18/25 8:58 AM,7 minutes and 14 seconds,KDS - Login Don't Delete
12060 Potranco Road,Gabriel Tovar ,33,26,Drive Thru,,8/18/25 8:50 AM,8/18/25 8:58 AM,7 minutes and 14 seconds,KDS - Login Don't Delete
12060 Potranco Road,Leticia Roman,14,23,,1,8/18/25 7:53 AM,8/18/25 9:01 AM,"1 hour, 8 minutes and 37 seconds",KDS - Login Don't Delete
12060 Potranco Road,Sugey Cabrera,32,18,,1,8/18/25 8:52 AM,8/18/25 9:02 AM,9 minutes and 34 seconds,KDS - Login Don't Delete
12060 Potranco Road,Gabriel Tovar ,20,16,,1,8/18/25 8:18 AM,8/18/25 9:01 AM,43 minutes and 47 seconds,KDS - Login Don't Delete
12060 Potranco Road,Leticia Roman,22,,,1,8/18/25 8:28 AM,8/18/25 9:02 AM,34 minutes,KDS - Login Don't Delete
12060 Potranco Road,Leticia Roman,36,,,1,8/18/25 8:57 AM,8/18/25 9:02 AM,5 minutes and 6 seconds,KDS - Login Don't Delete
12060 Potranco Road,Sugey Cabrera,39,,Food,,8/18/25 9:03 AM,8/18/25 9:08 AM,4 minutes and 47 seconds,KDS - Login Don't Delete
12060 Potranco Road,Sugey Cabrera,39,,No Print,,8/18/25 9:03 AM,8/18/25 9:08 AM,4 minutes and 47 seconds,KDS - Login Don't Delete
12060 Potranco Road,Gabriel Tovar ,33,26,,1,8/18/25 8:58 AM,8/18/25 9:11 AM,13 minutes and 11 seconds,KDS - Login Don't Delete
12060 Potranco Road,Sugey Cabrera,39,,,1,8/18/25 9:08 AM,8/18/25 9:11 AM,3 minutes and 4 seconds,KDS - Login Don't Delete
12060 Potranco Road,Leticia Roman,37,14,Food,,8/18/25 9:07 AM,8/18/25 9:12 AM,5 minutes and 9 seconds,KDS - Login Don't Delete
12060 Potranco Road,Leticia Roman,37,14,No Print,,8/18/25 9:07 AM,8/18/25 9:12 AM,5 minutes and 9 seconds,KDS - Login Don't Delete
12060 Potranco Road,Leticia Roman,37,14,Drive Thru,,8/18/25 9:07 AM,8/18/25 9:12 AM,5 minutes and 9 seconds,KDS - Login Don't Delete
12060 Potranco Road,Gabriel Tovar ,40,15,Food,,8/18/25 9:11 AM,8/18/25 9:15 AM,4 minutes and 15 seconds,KDS - Login Don't Delete
12060 Potranco Road,Gabriel Tovar ,40,15,No Print,,8/18/25 9:11 AM,8/18/25 9:15 AM,4 minutes and 15 seconds,KDS - Login Don't Delete
12060 Potranco Road,Leticia Roman,37,14,Food,,8/18/25 9:14 AM,8/18/25 9:15 AM,1 minute,KDS - Login Don't Delete
12060 Potranco Road,Leticia Roman,37,14,No Print,,8/18/25 9:14 AM,8/18/25 9:15 AM,1 minute,KDS - Login Don't Delete
12060 Potranco Road,Leticia Roman,37,14,,1,8/18/25 9:12 AM,8/18/25 9:16 AM,3 minutes and 41 seconds,KDS - Login Don't Delete
12060 Potranco Road,Sugey Cabrera,43,29,Food,,8/18/25 9:24 AM,8/18/25 9:27 AM,3 minutes and 6 seconds,KDS - Login Don't Delete
12060 Potranco Road,Sugey Cabrera,43,29,No Print,,8/18/25 9:24 AM,8/18/25 9:27 AM,3 minutes and 6 seconds,KDS - Login Don't Delete
12060 Potranco Road,Leticia Roman,42,23,Food,,8/18/25 9:27 AM,8/18/25 9:27 AM,9 seconds,KDS - Login Don't Delete
12060 Potranco Road,Leticia Roman,42,23,No Print,,8/18/25 9:27 AM,8/18/25 9:27 AM,9 seconds,KDS - Login Don't Delete
12060 Potranco Road,Mario Jimenez,44,,Food,,8/18/25 9:27 AM,8/18/25 9:28 AM,54 seconds,KDS - Login Don't Delete
12060 Potranco Road,Mario Jimenez,44,,Drive Thru,,8/18/25 9:27 AM,8/18/25 9:28 AM,54 seconds,KDS - Login Don't Delete
12060 Potranco Road,Sugey Cabrera,46,2,Food,,8/18/25 9:32 AM,8/18/25 9:33 AM,1 minute and 20 seconds,KDS - Login Don't Delete
12060 Potranco Road,Sugey Cabrera,46,2,No Print,,8/18/25 9:32 AM,8/18/25 9:33 AM,1 minute and 20 seconds,KDS - Login Don't Delete
12060 Potranco Road,Mario Jimenez,41,,Food,,8/18/25 9:24 AM,8/18/25 9:34 AM,9 minutes and 48 seconds,KDS - Login Don't Delete
12060 Potranco Road,Mario Jimenez,41,,Drive Thru,,8/18/25 9:24 AM,8/18/25 9:34 AM,9 minutes and 48 seconds,KDS - Login Don't Delete
12060 Potranco Road,Gabriel Tovar ,47,20,Food,,8/18/25 9:32 AM,8/18/25 9:35 AM,3 minutes and 6 seconds,KDS - Login Don't Delete
12060 Potranco Road,Gabriel Tovar ,47,20,No Print,,8/18/25 9:32 AM,8/18/25 9:35 AM,3 minutes and 6 seconds,KDS - Login Don't Delete
12060 Potranco Road,Gabriel Tovar ,40,15,,1,8/18/25 9:15 AM,8/18/25 9:36 AM,20 minutes and 5 seconds,KDS - Login Don't Delete
12060 Potranco Road,Leticia Roman,42,23,,1,8/18/25 9:27 AM,8/18/25 9:36 AM,8 minutes and 43 seconds,KDS - Login Don't Delete
12060 Potranco Road,Sugey Cabrera,46,2,,1,8/18/25 9:33 AM,8/18/25 9:35 AM,2 minutes and 20 seconds,KDS - Login Don't Delete
12060 Potranco Road,Leticia Roman,37,14,,1,8/18/25 9:15 AM,8/18/25 9:36 AM,20 minutes and 9 seconds,KDS - Login Don't Delete
12060 Potranco Road,Sugey Cabrera,43,29,,1,8/18/25 9:27 AM,8/18/25 9:36 AM,8 minutes and 55 seconds,KDS - Login Don't Delete
12060 Potranco Road,Leticia Roman,49,1,Food,,8/18/25 9:35 AM,8/18/25 9:37 AM,1 minute and 19 seconds,KDS - Login Don't Delete
12060 Potranco Road,Leticia Roman,49,1,No Print,,8/18/25 9:35 AM,8/18/25 9:37 AM,1 minute and 19 seconds,KDS - Login Don't Delete
12060 Potranco Road,Leticia Roman,49,1,Food,,8/18/25 9:38 AM,8/18/25 9:38 AM,34 seconds,KDS - Login Don't Delete
12060 Potranco Road,Leticia Roman,49,1,No Print,,8/18/25 9:38 AM,8/18/25 9:38 AM,34 seconds,KDS - Login Don't Delete
12060 Potranco Road,Leticia Roman,49,1,,1,8/18/25 9:38 AM,8/18/25 9:39 AM,28 seconds,KDS - Login Don't Delete
12060 Potranco Road,Leticia Roman,49,1,,1,8/18/25 9:37 AM,8/18/25 9:39 AM,2 minutes and 17 seconds,KDS - Login Don't Delete
12060 Potranco Road,Leticia Roman,37,14,Food,,8/18/25 9:37 AM,8/18/25 9:40 AM,3 minutes and 36 seconds,KDS - Login Don't Delete
12060 Potranco Road,Leticia Roman,37,14,No Print,,8/18/25 9:37 AM,8/18/25 9:40 AM,3 minutes and 36 seconds,KDS - Login Don't Delete
12060 Potranco Road,Mario Jimenez,50,,Food,,8/18/25 9:38 AM,8/18/25 9:42 AM,4 minutes and 6 seconds,KDS - Login Don't Delete
12060 Potranco Road,Mario Jimenez,50,,Drive Thru,,8/18/25 9:38 AM,8/18/25 9:42 AM,4 minutes and 6 seconds,KDS - Login Don't Delete
12060 Potranco Road,Mario Jimenez,48,,Food,,8/18/25 9:37 AM,8/18/25 9:44 AM,6 minutes and 43 seconds,KDS - Login Don't Delete
12060 Potranco Road,Mario Jimenez,48,,Drive Thru,,8/18/25 9:37 AM,8/18/25 9:44 AM,6 minutes and 43 seconds,KDS - Login Don't Delete
12060 Potranco Road,Gabriel Tovar ,47,20,,1,8/18/25 9:35 AM,8/18/25 9:46 AM,10 minutes and 38 seconds,KDS - Login Don't Delete
12060 Potranco Road,Mario Jimenez,52,,Food,,8/18/25 9:43 AM,8/18/25 9:46 AM,3 minutes and 31 seconds,KDS - Login Don't Delete
12060 Potranco Road,Mario Jimenez,52,,Drive Thru,,8/18/25 9:43 AM,8/18/25 9:46 AM,3 minutes and 31 seconds,KDS - Login Don't Delete
12060 Potranco Road,Gabriel Tovar ,54,8,Food,,8/18/25 9:46 AM,8/18/25 9:47 AM,1 minute and 21 seconds,KDS - Login Don't Delete
12060 Potranco Road,Gabriel Tovar ,54,8,No Print,,8/18/25 9:46 AM,8/18/25 9:47 AM,1 minute and 21 seconds,KDS - Login Don't Delete
12060 Potranco Road,Mario Jimenez,56,,Food,,8/18/25 9:48 AM,8/18/25 9:51 AM,3 minutes and 20 seconds,KDS - Login Don't Delete
12060 Potranco Road,Mario Jimenez,56,,Drive Thru,,8/18/25 9:48 AM,8/18/25 9:51 AM,3 minutes and 20 seconds,KDS - Login Don't Delete
12060 Potranco Road,Mario Jimenez,55,,Food,,8/18/25 9:48 AM,8/18/25 9:51 AM,3 minutes and 41 seconds,KDS - Login Don't Delete
12060 Potranco Road,Mario Jimenez,55,,Drive Thru,,8/18/25 9:48 AM,8/18/25 9:51 AM,3 minutes and 41 seconds,KDS - Login Don't Delete
12060 Potranco Road,Mario Jimenez,51,,Food,,8/18/25 9:42 AM,8/18/25 9:51 AM,8 minutes and 59 seconds,KDS - Login Don't Delete
12060 Potranco Road,Mario Jimenez,51,,Drive Thru,,8/18/25 9:42 AM,8/18/25 9:51 AM,8 minutes and 59 seconds,KDS - Login Don't Delete
12060 Potranco Road,Mario Jimenez,57,,Food,,8/18/25 9:54 AM,8/18/25 9:59 AM,5 minutes and 7 seconds,KDS - Login Don't Delete
12060 Potranco Road,Mario Jimenez,57,,Drive Thru,,8/18/25 9:54 AM,8/18/25 9:59 AM,5 minutes and 7 seconds,KDS - Login Don't Delete
12060 Potranco Road,Sugey Cabrera,39,,Drive Thru,,8/18/25 9:54 AM,8/18/25 9:59 AM,4 minutes and 37 seconds,KDS - Login Don't Delete
12060 Potranco Road,Sugey Cabrera,39,,Food,,8/18/25 9:54 AM,8/18/25 9:59 AM,4 minutes and 37 seconds,KDS - Login Don't Delete
12060 Potranco Road,Mario Jimenez,59,,Food,,8/18/25 9:55 AM,8/18/25 10:00 AM,4 minutes and 26 seconds,KDS - Login Don't Delete
12060 Potranco Road,Mario Jimenez,59,,Drive Thru,,8/18/25 9:55 AM,8/18/25 10:00 AM,4 minutes and 26 seconds,KDS - Login Don't Delete
12060 Potranco Road,Mario Jimenez,61,,Food,,8/18/25 9:55 AM,8/18/25 10:03 AM,7 minutes and 4 seconds,KDS - Login Don't Delete
12060 Potranco Road,Mario Jimenez,61,,Drive Thru,,8/18/25 9:55 AM,8/18/25 10:03 AM,7 minutes and 4 seconds,KDS - Login Don't Delete
12060 Potranco Road,Sugey Cabrera,58,3,Food,,8/18/25 9:53 AM,8/18/25 10:03 AM,10 minutes and 46 seconds,KDS - Login Don't Delete
12060 Potranco Road,Sugey Cabrera,58,3,No Print,,8/18/25 9:53 AM,8/18/25 10:03 AM,10 minutes and 46 seconds,KDS - Login Don't Delete
12060 Potranco Road,Leticia Roman,60,15,,1,8/18/25 9:59 AM,8/18/25 10:05 AM,5 minutes and 57 seconds,KDS - Login Don't Delete
12060 Potranco Road,Mario Jimenez,64,,Food,,8/18/25 9:59 AM,8/18/25 10:06 AM,7 minutes and 23 seconds,KDS - Login Don't Delete
12060 Potranco Road,Mario Jimenez,64,,Drive Thru,,8/18/25 9:59 AM,8/18/25 10:06 AM,7 minutes and 23 seconds,KDS - Login Don't Delete
12060 Potranco Road,Mario Jimenez,62,,Food,,8/18/25 10:02 AM,8/18/25 10:08 AM,6 minutes and 5 seconds,KDS - Login Don't Delete
12060 Potranco Road,Mario Jimenez,62,,Drive Thru,,8/18/25 10:02 AM,8/18/25 10:08 AM,6 minutes and 5 seconds,KDS - Login Don't Delete
12060 Potranco Road,Mario Jimenez,67,,Food,,8/18/25 10:05 AM,8/18/25 10:08 AM,3 minutes and 12 seconds,KDS - Login Don't Delete
12060 Potranco Road,Mario Jimenez,67,,Drive Thru,,8/18/25 10:05 AM,8/18/25 10:08 AM,3 minutes and 12 seconds,KDS - Login Don't Delete
12060 Potranco Road,Gabriel Tovar ,71,20,Food,,8/18/25 10:07 AM,8/18/25 10:10 AM,2 minutes and 32 seconds,KDS - Login Don't Delete
12060 Potranco Road,Gabriel Tovar ,71,20,No Print,,8/18/25 10:07 AM,8/18/25 10:10 AM,2 minutes and 32 seconds,KDS - Login Don't Delete
12060 Potranco Road,Sugey Cabrera,58,3,,1,8/18/25 10:03 AM,8/18/25 10:14 AM,10 minutes and 57 seconds,KDS - Login Don't Delete
12060 Potranco Road,Leticia Roman,37,14,,1,8/18/25 9:40 AM,8/18/25 10:14 AM,34 minutes and 9 seconds,KDS - Login Don't Delete
12060 Potranco Road,Gabriel Tovar ,54,8,,1,8/18/25 9:47 AM,8/18/25 10:14 AM,27 minutes and 26 seconds,KDS - Login Don't Delete
12060 Potranco Road,Gabriel Tovar ,71,20,,1,8/18/25 10:10 AM,8/18/25 10:14 AM,4 minutes and 32 seconds,KDS - Login Don't Delete
12060 Potranco Road,Sugey Cabrera,39,,,1,8/18/25 9:59 AM,8/18/25 10:14 AM,15 minutes and 21 seconds,KDS - Login Don't Delete
12060 Potranco Road,Gabriel Tovar ,63,,Drive Thru,,8/18/25 9:57 AM,8/18/25 10:18 AM,21 minutes and 7 seconds,KDS - Login Don't Delete
12060 Potranco Road,Gabriel Tovar ,63,,Food,,8/18/25 9:57 AM,8/18/25 10:18 AM,21 minutes and 7 seconds,KDS - Login Don't Delete
12060 Potranco Road,Gabriel Tovar ,69,,Drive Thru,,8/18/25 10:06 AM,8/18/25 10:18 AM,12 minutes and 38 seconds,KDS - Login Don't Delete
12060 Potranco Road,Gabriel Tovar ,69,,Food,,8/18/25 10:06 AM,8/18/25 10:18 AM,12 minutes and 38 seconds,KDS - Login Don't Delete
12060 Potranco Road,Mario Jimenez,73,,Food,,8/18/25 10:15 AM,8/18/25 10:18 AM,3 minutes and 40 seconds,KDS - Login Don't Delete
12060 Potranco Road,Mario Jimenez,73,,Drive Thru,,8/18/25 10:15 AM,8/18/25 10:18 AM,3 minutes and 40 seconds,KDS - Login Don't Delete
12060 Potranco Road,Leticia Roman,72,18,Food,,8/18/25 10:08 AM,8/18/25 10:19 AM,10 minutes and 7 seconds,KDS - Login Don't Delete
12060 Potranco Road,Leticia Roman,72,18,No Print,,8/18/25 10:08 AM,8/18/25 10:19 AM,10 minutes and 7 seconds,KDS - Login Don't Delete
12060 Potranco Road,Leticia Roman,72,18,Drive Thru,,8/18/25 10:08 AM,8/18/25 10:19 AM,10 minutes and 7 seconds,KDS - Login Don't Delete
12060 Potranco Road,Sugey Cabrera,70,2,Food,,8/18/25 10:13 AM,8/18/25 10:19 AM,5 minutes and 15 seconds,KDS - Login Don't Delete
12060 Potranco Road,Sugey Cabrera,70,2,No Print,,8/18/25 10:13 AM,8/18/25 10:19 AM,5 minutes and 15 seconds,KDS - Login Don't Delete
12060 Potranco Road,Sugey Cabrera,74,12,Food,,8/18/25 10:15 AM,8/18/25 10:22 AM,7 minutes and 6 seconds,KDS - Login Don't Delete
12060 Potranco Road,Sugey Cabrera,74,12,No Print,,8/18/25 10:15 AM,8/18/25 10:22 AM,7 minutes and 6 seconds,KDS - Login Don't Delete
12060 Potranco Road,Sugey Cabrera,70,2,,1,8/18/25 10:19 AM,8/18/25 10:24 AM,5 minutes and 18 seconds,KDS - Login Don't Delete
12060 Potranco Road,Sugey Cabrera,74,12,,1,8/18/25 10:22 AM,8/18/25 10:24 AM,2 minutes and 6 seconds,KDS - Login Don't Delete
12060 Potranco Road,Sugey Cabrera,74,12,Food,,8/18/25 10:25 AM,8/18/25 10:26 AM,51 seconds,KDS - Login Don't Delete
12060 Potranco Road,Sugey Cabrera,74,12,No Print,,8/18/25 10:25 AM,8/18/25 10:26 AM,51 seconds,KDS - Login Don't Delete
12060 Potranco Road,Mario Jimenez,75,,Food,,8/18/25 10:22 AM,8/18/25 10:27 AM,5 minutes and 16 seconds,KDS - Login Don't Delete
12060 Potranco Road,Mario Jimenez,75,,Drive Thru,,8/18/25 10:22 AM,8/18/25 10:27 AM,5 minutes and 16 seconds,KDS - Login Don't Delete
12060 Potranco Road,Mario Jimenez,77,,Food,,8/18/25 10:22 AM,8/18/25 10:27 AM,4 minutes and 53 seconds,KDS - Login Don't Delete
12060 Potranco Road,Mario Jimenez,77,,Drive Thru,,8/18/25 10:22 AM,8/18/25 10:27 AM,4 minutes and 53 seconds,KDS - Login Don't Delete
12060 Potranco Road,Sugey Cabrera,58,3,Food,,8/18/25 10:28 AM,8/18/25 10:28 AM,13 seconds,KDS - Login Don't Delete
12060 Potranco Road,Sugey Cabrera,74,12,Food,,8/18/25 10:28 AM,8/18/25 10:28 AM,20 seconds,KDS - Login Don't Delete
12060 Potranco Road,Sugey Cabrera,74,12,No Print,,8/18/25 10:28 AM,8/18/25 10:28 AM,20 seconds,KDS - Login Don't Delete
12060 Potranco Road,Leticia Roman,76,27,Food,,8/18/25 10:25 AM,8/18/25 10:29 AM,4 minutes and 38 seconds,KDS - Login Don't Delete
12060 Potranco Road,Leticia Roman,76,27,No Print,,8/18/25 10:25 AM,8/18/25 10:29 AM,4 minutes and 38 seconds,KDS - Login Don't Delete
12060 Potranco Road,Leticia Roman,76,27,Drive Thru,,8/18/25 10:25 AM,8/18/25 10:29 AM,4 minutes and 38 seconds,KDS - Login Don't Delete
12060 Potranco Road,Mario Jimenez,81,,Food,,8/18/25 10:25 AM,8/18/25 10:30 AM,4 minutes and 13 seconds,KDS - Login Don't Delete
12060 Potranco Road,Mario Jimenez,81,,Drive Thru,,8/18/25 10:25 AM,8/18/25 10:30 AM,4 minutes and 13 seconds,KDS - Login Don't Delete
12060 Potranco Road,Sugey Cabrera,74,12,,1,8/18/25 10:28 AM,8/18/25 10:30 AM,2 minutes and 31 seconds,KDS - Login Don't Delete
12060 Potranco Road,Sugey Cabrera,58,3,,1,8/18/25 10:28 AM,8/18/25 10:30 AM,2 minutes and 32 seconds,KDS - Login Don't Delete
12060 Potranco Road,Mario Jimenez,83,,Food,,8/18/25 10:29 AM,8/18/25 10:31 AM,2 minutes and 41 seconds,KDS - Login Don't Delete
12060 Potranco Road,Mario Jimenez,83,,Drive Thru,,8/18/25 10:29 AM,8/18/25 10:31 AM,2 minutes and 41 seconds,KDS - Login Don't Delete
12060 Potranco Road,Sugey Cabrera,79,,Drive Thru,,8/18/25 10:23 AM,8/18/25 10:33 AM,9 minutes and 14 seconds,KDS - Login Don't Delete
12060 Potranco Road,Sugey Cabrera,79,,Food,,8/18/25 10:23 AM,8/18/25 10:33 AM,9 minutes and 14 seconds,KDS - Login Don't Delete
12060 Potranco Road,Mario Jimenez,82,,Drive Thru,,8/18/25 10:27 AM,8/18/25 10:33 AM,5 minutes and 42 seconds,KDS - Login Don't Delete
12060 Potranco Road,Mario Jimenez,82,,Food,,8/18/25 10:27 AM,8/18/25 10:33 AM,5 minutes and 42 seconds,KDS - Login Don't Delete
12060 Potranco Road,Leticia Roman,76,27,,1,8/18/25 10:29 AM,8/18/25 10:37 AM,7 minutes and 21 seconds,KDS - Login Don't Delete
12060 Potranco Road,Leticia Roman,72,18,,1,8/18/25 10:19 AM,8/18/25 10:37 AM,18 minutes and 6 seconds,KDS - Login Don't Delete
12060 Potranco Road,Sugey Cabrera,74,12,,1,8/18/25 10:26 AM,8/18/25 10:37 AM,10 minutes and 59 seconds,KDS - Login Don't Delete
12060 Potranco Road,Gabriel Tovar ,63,,,1,8/18/25 10:18 AM,8/18/25 10:37 AM,18 minutes and 29 seconds,KDS - Login Don't Delete
12060 Potranco Road,Sugey Cabrera,79,,,1,8/18/25 10:33 AM,8/18/25 10:37 AM,4 minutes and 7 seconds,KDS - Login Don't Delete
12060 Potranco Road,Gabriel Tovar ,69,,,1,8/18/25 10:18 AM,8/18/25 10:37 AM,18 minutes and 32 seconds,KDS - Login Don't Delete
12060 Potranco Road,Sugey Cabrera,86,23,Food,,8/18/25 10:36 AM,8/18/25 10:39 AM,2 minutes and 52 seconds,KDS - Login Don't Delete
12060 Potranco Road,Sugey Cabrera,86,23,No Print,,8/18/25 10:36 AM,8/18/25 10:39 AM,2 minutes and 52 seconds,KDS - Login Don't Delete
12060 Potranco Road,Mario Jimenez,87,,Food,,8/18/25 10:37 AM,8/18/25 10:40 AM,3 minutes and 1 second,KDS - Login Don't Delete
12060 Potranco Road,Mario Jimenez,87,,Drive Thru,,8/18/25 10:37 AM,8/18/25 10:40 AM,3 minutes and 1 second,KDS - Login Don't Delete
12060 Potranco Road,Gabriel Tovar ,85,16,Food,,8/18/25 10:35 AM,8/18/25 10:40 AM,4 minutes and 52 seconds,KDS - Login Don't Delete
12060 Potranco Road,Gabriel Tovar ,85,16,No Print,,8/18/25 10:35 AM,8/18/25 10:40 AM,4 minutes and 52 seconds,KDS - Login Don't Delete
12060 Potranco Road,Gabriel Tovar ,85,16,Drive Thru,,8/18/25 10:35 AM,8/18/25 10:40 AM,4 minutes and 52 seconds,KDS - Login Don't Delete
12060 Potranco Road,Leticia Roman,88,14,Food,,8/18/25 10:40 AM,8/18/25 10:43 AM,2 minutes and 23 seconds,KDS - Login Don't Delete
12060 Potranco Road,Leticia Roman,88,14,No Print,,8/18/25 10:40 AM,8/18/25 10:43 AM,2 minutes and 23 seconds,KDS - Login Don't Delete
12060 Potranco Road,Sugey Cabrera,86,23,,1,8/18/25 10:39 AM,8/18/25 10:43 AM,3 minutes and 58 seconds,KDS - Login Don't Delete
12060 Potranco Road,Gabriel Tovar ,90,11,Food,,8/18/25 10:41 AM,8/18/25 10:44 AM,2 minutes and 59 seconds,KDS - Login Don't Delete
12060 Potranco Road,Gabriel Tovar ,90,11,No Print,,8/18/25 10:41 AM,8/18/25 10:44 AM,2 minutes and 59 seconds,KDS - Login Don't Delete
12060 Potranco Road,Leticia Roman,66,1,Food,,8/18/25 10:46 AM,8/18/25 10:49 AM,2 minutes and 42 seconds,KDS - Login Don't Delete
12060 Potranco Road,Leticia Roman,66,1,No Print,,8/18/25 10:46 AM,8/18/25 10:49 AM,2 minutes and 42 seconds,KDS - Login Don't Delete
12060 Potranco Road,Leticia Roman,66,1,Food,,8/18/25 10:45 AM,8/18/25 10:49 AM,3 minutes and 39 seconds,KDS - Login Don't Delete
12060 Potranco Road,Leticia Roman,66,1,No Print,,8/18/25 10:45 AM,8/18/25 10:49 AM,3 minutes and 39 seconds,KDS - Login Don't Delete
12060 Potranco Road,Sugey Cabrera,79,,,1,8/18/25 10:32 AM,8/18/25 10:49 AM,16 minutes and 52 seconds,KDS - Login Don't Delete
12060 Potranco Road,Leticia Roman,66,1,,1,8/18/25 10:49 AM,8/18/25 10:49 AM,20 seconds,KDS - Login Don't Delete
12060 Potranco Road,Leticia Roman,88,14,,1,8/18/25 10:43 AM,8/18/25 10:49 AM,6 minutes and 37 seconds,KDS - Login Don't Delete
12060 Potranco Road,Leticia Roman,66,1,,1,8/18/25 10:49 AM,8/18/25 10:49 AM,20 seconds,KDS - Login Don't Delete
12060 Potranco Road,Gabriel Tovar ,85,16,,1,8/18/25 10:40 AM,8/18/25 10:49 AM,8 minutes and 48 seconds,KDS - Login Don't Delete
12060 Potranco Road,Gabriel Tovar ,90,11,,1,8/18/25 10:44 AM,8/18/25 10:49 AM,5 minutes and 10 seconds,KDS - Login Don't Delete
12060 Potranco Road,Sugey Cabrera,74,12,Food,,8/18/25 10:48 AM,8/18/25 10:50 AM,2 minutes and 38 seconds,KDS - Login Don't Delete
12060 Potranco Road,Sugey Cabrera,74,12,No Print,,8/18/25 10:48 AM,8/18/25 10:50 AM,2 minutes and 38 seconds,KDS - Login Don't Delete
12060 Potranco Road,Sugey Cabrera,91,15,Food,,8/18/25 10:46 AM,8/18/25 10:50 AM,4 minutes and 8 seconds,KDS - Login Don't Delete
12060 Potranco Road,Sugey Cabrera,91,15,No Print,,8/18/25 10:46 AM,8/18/25 10:50 AM,4 minutes and 8 seconds,KDS - Login Don't Delete
12060 Potranco Road,Gabriel Tovar ,93,20,Food,,8/18/25 10:51 AM,8/18/25 10:55 AM,4 minutes and 38 seconds,KDS - Login Don't Delete
12060 Potranco Road,Gabriel Tovar ,93,20,No Print,,8/18/25 10:51 AM,8/18/25 10:55 AM,4 minutes and 38 seconds,KDS - Login Don't Delete
12060 Potranco Road,Sugey Cabrera,74,12,,1,8/18/25 10:50 AM,8/18/25 10:56 AM,6 minutes,KDS - Login Don't Delete
12060 Potranco Road,Sugey Cabrera,91,15,,1,8/18/25 10:50 AM,8/18/25 10:56 AM,6 minutes,KDS - Login Don't Delete
12060 Potranco Road,Mario Jimenez,96,,Food,,8/18/25 10:55 AM,8/18/25 10:59 AM,4 minutes,KDS - Login Don't Delete
12060 Potranco Road,Mario Jimenez,96,,Drive Thru,,8/18/25 10:55 AM,8/18/25 10:59 AM,4 minutes,KDS - Login Don't Delete
12060 Potranco Road,Mario Jimenez,92,,Food,,8/18/25 10:55 AM,8/18/25 10:59 AM,4 minutes and 30 seconds,KDS - Login Don't Delete
12060 Potranco Road,Mario Jimenez,92,,Drive Thru,,8/18/25 10:55 AM,8/18/25 10:59 AM,4 minutes and 30 seconds,KDS - Login Don't Delete
12060 Potranco Road,Mario Jimenez,97,,Food,,8/18/25 10:57 AM,8/18/25 10:59 AM,2 minutes and 42 seconds,KDS - Login Don't Delete
12060 Potranco Road,Mario Jimenez,97,,Drive Thru,,8/18/25 10:57 AM,8/18/25 10:59 AM,2 minutes and 42 seconds,KDS - Login Don't Delete
12060 Potranco Road,Sugey Cabrera,94,,Drive Thru,,8/18/25 10:51 AM,8/18/25 11:01 AM,9 minutes and 45 seconds,KDS - Login Don't Delete
12060 Potranco Road,Sugey Cabrera,94,,Food,,8/18/25 10:51 AM,8/18/25 11:01 AM,9 minutes and 45 seconds,KDS - Login Don't Delete
12060 Potranco Road,Sugey Cabrera,102,21,Food,,8/18/25 11:03 AM,8/18/25 11:04 AM,1 minute and 28 seconds,KDS - Login Don't Delete
12060 Potranco Road,Sugey Cabrera,102,21,No Print,,8/18/25 11:03 AM,8/18/25 11:04 AM,1 minute and 28 seconds,KDS - Login Don't Delete
12060 Potranco Road,Leticia Roman,100,6,Food,,8/18/25 11:01 AM,8/18/25 11:07 AM,6 minutes and 46 seconds,KDS - Login Don't Delete
12060 Potranco Road,Gabriel Tovar ,95,25,Food,,8/18/25 10:53 AM,8/18/25 11:07 AM,14 minutes and 26 seconds,KDS - Login Don't Delete
12060 Potranco Road,Gabriel Tovar ,95,25,No Print,,8/18/25 10:53 AM,8/18/25 11:07 AM,14 minutes and 26 seconds,KDS - Login Don't Delete
12060 Potranco Road,Leticia Roman,100,6,No Print,,8/18/25 11:01 AM,8/18/25 11:07 AM,6 minutes and 46 seconds,KDS - Login Don't Delete
12060 Potranco Road,Leticia Roman,100,6,Drive Thru,,8/18/25 11:01 AM,8/18/25 11:07 AM,6 minutes and 46 seconds,KDS - Login Don't Delete
12060 Potranco Road,Zoila Salinas,99,,Drive Thru,,8/18/25 10:58 AM,8/18/25 11:08 AM,10 minutes and 5 seconds,KDS - Login Don't Delete
12060 Potranco Road,Zoila Salinas,99,,Food,,8/18/25 10:58 AM,8/18/25 11:08 AM,10 minutes and 5 seconds,KDS - Login Don't Delete
12060 Potranco Road,Mario Jimenez,101,,Food,,8/18/25 11:04 AM,8/18/25 11:08 AM,4 minutes and 25 seconds,KDS - Login Don't Delete
12060 Potranco Road,Mario Jimenez,101,,Drive Thru,,8/18/25 11:04 AM,8/18/25 11:08 AM,4 minutes and 25 seconds,KDS - Login Don't Delete
12060 Potranco Road,Sugey Cabrera,103,23,Food,,8/18/25 11:04 AM,8/18/25 11:08 AM,4 minutes and 22 seconds,KDS - Login Don't Delete
12060 Potranco Road,Sugey Cabrera,103,23,No Print,,8/18/25 11:04 AM,8/18/25 11:08 AM,4 minutes and 22 seconds,KDS - Login Don't Delete
12060 Potranco Road,Gabriel Tovar ,93,20,,1,8/18/25 10:55 AM,8/18/25 11:10 AM,14 minutes and 50 seconds,KDS - Login Don't Delete
12060 Potranco Road,Sugey Cabrera,94,,,1,8/18/25 11:01 AM,8/18/25 11:10 AM,9 minutes and 17 seconds,KDS - Login Don't Delete
12060 Potranco Road,Leticia Roman,100,6,,1,8/18/25 10:58 AM,8/18/25 11:13 AM,14 minutes and 58 seconds,KDS - Login Don't Delete
12060 Potranco Road,Sugey Cabrera,103,23,,1,8/18/25 11:08 AM,8/18/25 11:13 AM,4 minutes and 48 seconds,KDS - Login Don't Delete
12060 Potranco Road,Sugey Cabrera,102,21,,1,8/18/25 11:04 AM,8/18/25 11:13 AM,8 minutes and 53 seconds,KDS - Login Don't Delete
12060 Potranco Road,Gabriel Tovar ,95,25,,1,8/18/25 11:07 AM,8/18/25 11:13 AM,5 minutes and 49 seconds,KDS - Login Don't Delete
12060 Potranco Road,Leticia Roman,100,6,,1,8/18/25 11:07 AM,8/18/25 11:13 AM,5 minutes and 49 seconds,KDS - Login Don't Delete
12060 Potranco Road,Leticia Roman,106,34,Food,,8/18/25 11:19 AM,8/18/25 11:20 AM,1 minute and 47 seconds,KDS - Login Don't Delete
12060 Potranco Road,Leticia Roman,106,34,No Print,,8/18/25 11:19 AM,8/18/25 11:20 AM,1 minute and 47 seconds,KDS - Login Don't Delete
12060 Potranco Road,Mario Jimenez,109,,Food,,8/18/25 11:20 AM,8/18/25 11:22 AM,2 minutes and 4 seconds,KDS - Login Don't Delete
12060 Potranco Road,Mario Jimenez,109,,Drive Thru,,8/18/25 11:20 AM,8/18/25 11:22 AM,2 minutes and 4 seconds,KDS - Login Don't Delete
12060 Potranco Road,Gabriel Tovar ,111,3,Food,,8/18/25 11:23 AM,8/18/25 11:24 AM,1 minute and 4 seconds,KDS - Login Don't Delete
12060 Potranco Road,Gabriel Tovar ,111,3,No Print,,8/18/25 11:23 AM,8/18/25 11:24 AM,1 minute and 4 seconds,KDS - Login Don't Delete
12060 Potranco Road,Sugey Cabrera,108,,Drive Thru,,8/18/25 11:19 AM,8/18/25 11:24 AM,4 minutes and 56 seconds,KDS - Login Don't Delete
12060 Potranco Road,Sugey Cabrera,108,,Food,,8/18/25 11:19 AM,8/18/25 11:24 AM,4 minutes and 56 seconds,KDS - Login Don't Delete
12060 Potranco Road,Mario Jimenez,107,,Food,,8/18/25 11:21 AM,8/18/25 11:28 AM,6 minutes and 42 seconds,KDS - Login Don't Delete
12060 Potranco Road,Mario Jimenez,107,,Drive Thru,,8/18/25 11:21 AM,8/18/25 11:28 AM,6 minutes and 42 seconds,KDS - Login Don't Delete
12060 Potranco Road,Sugey Cabrera,113,14,Food,,8/18/25 11:27 AM,8/18/25 11:29 AM,2 minutes and 39 seconds,KDS - Login Don't Delete
12060 Potranco Road,Mario Jimenez,112,,Food,,8/18/25 11:26 AM,8/18/25 11:30 AM,3 minutes and 45 seconds,KDS - Login Don't Delete
12060 Potranco Road,Mario Jimenez,112,,Drive Thru,,8/18/25 11:26 AM,8/18/25 11:30 AM,3 minutes and 45 seconds,KDS - Login Don't Delete
12060 Potranco Road,Sugey Cabrera,108,,,1,8/18/25 11:24 AM,8/18/25 11:31 AM,6 minutes and 25 seconds,KDS - Login Don't Delete
12060 Potranco Road,Leticia Roman,106,34,,1,8/18/25 11:20 AM,8/18/25 11:31 AM,10 minutes and 24 seconds,KDS - Login Don't Delete
12060 Potranco Road,Gabriel Tovar ,111,3,,1,8/18/25 11:24 AM,8/18/25 11:31 AM,6 minutes and 36 seconds,KDS - Login Don't Delete
12060 Potranco Road,Zoila Salinas,99,,,1,8/18/25 11:08 AM,8/18/25 11:31 AM,22 minutes and 59 seconds,KDS - Login Don't Delete
12060 Potranco Road,Sugey Cabrera,113,14,,1,8/18/25 11:29 AM,8/18/25 11:31 AM,1 minute and 38 seconds,KDS - Login Don't Delete
12060 Potranco Road,Mario Jimenez,110,,Food,,8/18/25 11:27 AM,8/18/25 11:32 AM,4 minutes and 43 seconds,KDS - Login Don't Delete
12060 Potranco Road,Mario Jimenez,110,,Drive Thru,,8/18/25 11:27 AM,8/18/25 11:32 AM,4 minutes and 43 seconds,KDS - Login Don't Delete
12060 Potranco Road,Mario Jimenez,114,,Food,,8/18/25 11:28 AM,8/18/25 11:32 AM,3 minutes and 59 seconds,KDS - Login Don't Delete
12060 Potranco Road,Mario Jimenez,114,,Drive Thru,,8/18/25 11:28 AM,8/18/25 11:32 AM,3 minutes and 59 seconds,KDS - Login Don't Delete
12060 Potranco Road,Leticia Roman,116,29,Food,,8/18/25 11:31 AM,8/18/25 11:34 AM,3 minutes and 38 seconds,KDS - Login Don't Delete
12060 Potranco Road,Leticia Roman,116,29,No Print,,8/18/25 11:31 AM,8/18/25 11:34 AM,3 minutes and 38 seconds,KDS - Login Don't Delete
12060 Potranco Road,Mario Jimenez,115,,Food,,8/18/25 11:31 AM,8/18/25 11:35 AM,3 minutes and 59 seconds,KDS - Login Don't Delete
12060 Potranco Road,Mario Jimenez,115,,Drive Thru,,8/18/25 11:31 AM,8/18/25 11:35 AM,3 minutes and 59 seconds,KDS - Login Don't Delete
12060 Potranco Road,Mario Jimenez,117,,Food,,8/18/25 11:36 AM,8/18/25 11:37 AM,1 minute and 22 seconds,KDS - Login Don't Delete
12060 Potranco Road,Mario Jimenez,117,,Drive Thru,,8/18/25 11:36 AM,8/18/25 11:37 AM,1 minute and 22 seconds,KDS - Login Don't Delete
12060 Potranco Road,Gabriel Tovar ,118,31,Food,,8/18/25 11:34 AM,8/18/25 11:41 AM,6 minutes and 53 seconds,KDS - Login Don't Delete
12060 Potranco Road,Gabriel Tovar ,118,31,No Print,,8/18/25 11:34 AM,8/18/25 11:41 AM,6 minutes and 53 seconds,KDS - Login Don't Delete
12060 Potranco Road,Gabriel Tovar ,118,31,Drive Thru,,8/18/25 11:34 AM,8/18/25 11:41 AM,6 minutes and 53 seconds,KDS - Login Don't Delete
12060 Potranco Road,Gabriel Tovar ,118,31,Drinks,,8/18/25 11:34 AM,8/18/25 11:41 AM,6 minutes and 53 seconds,KDS - Login Don't Delete
12060 Potranco Road,Leticia Roman,125,23,Drive Thru,,8/18/25 11:46 AM,8/18/25 11:46 AM,13 seconds,KDS - Login Don't Delete
12060 Potranco Road,Leticia Roman,125,23,Food,,8/18/25 11:46 AM,8/18/25 11:46 AM,13 seconds,KDS - Login Don't Delete
12060 Potranco Road,Mario Jimenez,122,,Food,,8/18/25 11:46 AM,8/18/25 11:48 AM,2 minutes and 3 seconds,KDS - Login Don't Delete
12060 Potranco Road,Mario Jimenez,122,,Drive Thru,,8/18/25 11:46 AM,8/18/25 11:48 AM,2 minutes and 3 seconds,KDS - Login Don't Delete
12060 Potranco Road,Mario Jimenez,120,,Food,,8/18/25 11:42 AM,8/18/25 11:48 AM,5 minutes and 31 seconds,KDS - Login Don't Delete
12060 Potranco Road,Mario Jimenez,120,,Drive Thru,,8/18/25 11:42 AM,8/18/25 11:48 AM,5 minutes and 31 seconds,KDS - Login Don't Delete
12060 Potranco Road,Sugey Cabrera,123,8,Food,,8/18/25 11:46 AM,8/18/25 11:50 AM,4 minutes and 15 seconds,KDS - Login Don't Delete
12060 Potranco Road,Sugey Cabrera,123,8,No Print,,8/18/25 11:46 AM,8/18/25 11:50 AM,4 minutes and 15 seconds,KDS - Login Don't Delete
12060 Potranco Road,Sugey Cabrera,123,8,,1,8/18/25 11:50 AM,8/18/25 11:52 AM,2 minutes and 9 seconds,KDS - Login Don't Delete
12060 Potranco Road,Leticia Roman,125,23,Food,,8/18/25 11:49 AM,8/18/25 11:53 AM,4 minutes and 26 seconds,KDS - Login Don't Delete
12060 Potranco Road,Leticia Roman,125,23,No Print,,8/18/25 11:49 AM,8/18/25 11:53 AM,4 minutes and 26 seconds,KDS - Login Don't Delete
12060 Potranco Road,Gabriel Tovar ,124,2,Food,,8/18/25 11:47 AM,8/18/25 11:53 AM,6 minutes and 32 seconds,KDS - Login Don't Delete
12060 Potranco Road,Gabriel Tovar ,124,2,No Print,,8/18/25 11:47 AM,8/18/25 11:53 AM,6 minutes and 32 seconds,KDS - Login Don't Delete
12060 Potranco Road,Gabriel Tovar ,111,3,Food,,8/18/25 11:53 AM,8/18/25 11:55 AM,2 minutes and 30 seconds,KDS - Login Don't Delete
12060 Potranco Road,Gabriel Tovar ,111,3,No Print,,8/18/25 11:53 AM,8/18/25 11:55 AM,2 minutes and 30 seconds,KDS - Login Don't Delete
12060 Potranco Road,Leticia Roman,106,34,Food,,8/18/25 11:43 AM,8/18/25 11:55 AM,12 minutes and 4 seconds,KDS - Login Don't Delete
12060 Potranco Road,Leticia Roman,106,34,No Print,,8/18/25 11:43 AM,8/18/25 11:55 AM,12 minutes and 4 seconds,KDS - Login Don't Delete
12060 Potranco Road,Zoila Salinas,121,,Drive Thru,,8/18/25 11:55 AM,8/18/25 12:00 PM,4 minutes and 44 seconds,KDS - Login Don't Delete
12060 Potranco Road,Zoila Salinas,121,,Food,,8/18/25 11:55 AM,8/18/25 12:00 PM,4 minutes and 44 seconds,KDS - Login Don't Delete
12060 Potranco Road,Zoila Salinas,121,,Drive Thru,,8/18/25 11:55 AM,8/18/25 12:00 PM,4 minutes and 23 seconds,KDS - Login Don't Delete
12060 Potranco Road,Zoila Salinas,121,,Food,,8/18/25 11:55 AM,8/18/25 12:00 PM,4 minutes and 23 seconds,KDS - Login Don't Delete
12060 Potranco Road,Gabriel Tovar ,124,2,Drive Thru,,8/18/25 12:01 PM,8/18/25 12:01 PM,11 seconds,KDS - Login Don't Delete
12060 Potranco Road,Gabriel Tovar ,124,2,Food,,8/18/25 12:01 PM,8/18/25 12:01 PM,11 seconds,KDS - Login Don't Delete
12060 Potranco Road,Gabriel Tovar ,124,2,,1,8/18/25 12:01 PM,8/18/25 12:03 PM,2 minutes and 7 seconds,KDS - Login Don't Delete
12060 Potranco Road,Leticia Roman,125,23,,1,8/18/25 11:53 AM,8/18/25 12:03 PM,9 minutes and 57 seconds,KDS - Login Don't Delete
12060 Potranco Road,Leticia Roman,106,34,,1,8/18/25 11:55 AM,8/18/25 12:03 PM,7 minutes and 40 seconds,KDS - Login Don't Delete
12060 Potranco Road,Zoila Salinas,121,,,1,8/18/25 12:00 PM,8/18/25 12:03 PM,3 minutes and 35 seconds,KDS - Login Don't Delete
12060 Potranco Road,Leticia Roman,116,29,,1,8/18/25 11:34 AM,8/18/25 12:03 PM,28 minutes and 47 seconds,KDS - Login Don't Delete
12060 Potranco Road,Gabriel Tovar ,118,31,,1,8/18/25 11:41 AM,8/18/25 12:03 PM,22 minutes and 17 seconds,KDS - Login Don't Delete
12060 Potranco Road,Leticia Roman,125,23,,1,8/18/25 11:46 AM,8/18/25 12:03 PM,17 minutes and 20 seconds,KDS - Login Don't Delete
12060 Potranco Road,Gabriel Tovar ,124,2,,1,8/18/25 11:53 AM,8/18/25 12:03 PM,10 minutes and 1 second,KDS - Login Don't Delete
12060 Potranco Road,Zoila Salinas,121,,,1,8/18/25 12:00 PM,8/18/25 12:03 PM,3 minutes and 42 seconds,KDS - Login Don't Delete
12060 Potranco Road,Gabriel Tovar ,111,3,,1,8/18/25 11:55 AM,8/18/25 12:03 PM,7 minutes and 46 seconds,KDS - Login Don't Delete
12060 Potranco Road,Leticia Roman,128,1,Food,,8/18/25 12:00 PM,8/18/25 12:04 PM,4 minutes and 35 seconds,KDS - Login Don't Delete
12060 Potranco Road,Leticia Roman,128,1,No Print,,8/18/25 12:00 PM,8/18/25 12:04 PM,4 minutes and 35 seconds,KDS - Login Don't Delete
12060 Potranco Road,Leticia Roman,128,1,Drive Thru,,8/18/25 12:00 PM,8/18/25 12:04 PM,4 minutes and 35 seconds,KDS - Login Don't Delete
12060 Potranco Road,Mario Jimenez,134,,Food,,8/18/25 12:02 PM,8/18/25 12:05 PM,2 minutes and 16 seconds,KDS - Login Don't Delete
12060 Potranco Road,Mario Jimenez,134,,Drive Thru,,8/18/25 12:02 PM,8/18/25 12:05 PM,2 minutes and 16 seconds,KDS - Login Don't Delete
12060 Potranco Road,Leticia Roman,128,1,,1,8/18/25 12:04 PM,8/18/25 12:08 PM,4 minutes and 6 seconds,KDS - Login Don't Delete
12060 Potranco Road,Sugey Cabrera,129,16,Food,,8/18/25 11:59 AM,8/18/25 12:09 PM,9 minutes and 49 seconds,KDS - Login Don't Delete
12060 Potranco Road,Sugey Cabrera,129,16,No Print,,8/18/25 11:59 AM,8/18/25 12:09 PM,9 minutes and 49 seconds,KDS - Login Don't Delete
12060 Potranco Road,Mario Jimenez,136,,Food,,8/18/25 12:04 PM,8/18/25 12:10 PM,5 minutes and 34 seconds,KDS - Login Don't Delete
12060 Potranco Road,Mario Jimenez,136,,Drive Thru,,8/18/25 12:04 PM,8/18/25 12:10 PM,5 minutes and 34 seconds,KDS - Login Don't Delete
12060 Potranco Road,Sugey Cabrera,129,16,,1,8/18/25 12:09 PM,8/18/25 12:11 PM,2 minutes and 25 seconds,KDS - Login Don't Delete
12060 Potranco Road,Mario Jimenez,137,,Food,,8/18/25 12:10 PM,8/18/25 12:15 PM,4 minutes and 21 seconds,KDS - Login Don't Delete
12060 Potranco Road,Mario Jimenez,138,,Food,,8/18/25 12:11 PM,8/18/25 12:15 PM,3 minutes and 42 seconds,KDS - Login Don't Delete
12060 Potranco Road,Mario Jimenez,138,,Drive Thru,,8/18/25 12:11 PM,8/18/25 12:15 PM,3 minutes and 42 seconds,KDS - Login Don't Delete
12060 Potranco Road,Mario Jimenez,137,,Drive Thru,,8/18/25 12:10 PM,8/18/25 12:15 PM,4 minutes and 21 seconds,KDS - Login Don't Delete
12060 Potranco Road,Sugey Cabrera,140,11,Food,,8/18/25 12:13 PM,8/18/25 12:19 PM,5 minutes and 30 seconds,KDS - Login Don't Delete
12060 Potranco Road,Sugey Cabrera,140,11,No Print,,8/18/25 12:13 PM,8/18/25 12:19 PM,5 minutes and 30 seconds,KDS - Login Don't Delete
12060 Potranco Road,Leticia Roman,116,29,Food,,8/18/25 12:15 PM,8/18/25 12:19 PM,3 minutes and 18 seconds,KDS - Login Don't Delete
12060 Potranco Road,Leticia Roman,116,29,No Print,,8/18/25 12:15 PM,8/18/25 12:19 PM,3 minutes and 18 seconds,KDS - Login Don't Delete
12060 Potranco Road,Mario Jimenez,142,,Food,,8/18/25 12:18 PM,8/18/25 12:21 PM,2 minutes and 26 seconds,KDS - Login Don't Delete
12060 Potranco Road,Mario Jimenez,142,,Drive Thru,,8/18/25 12:18 PM,8/18/25 12:21 PM,2 minutes and 26 seconds,KDS - Login Don't Delete
12060 Potranco Road,Gabriel Tovar ,141,25,Food,,8/18/25 12:19 PM,8/18/25 12:25 PM,6 minutes and 26 seconds,KDS - Login Don't Delete
12060 Potranco Road,Gabriel Tovar ,141,25,No Print,,8/18/25 12:19 PM,8/18/25 12:25 PM,6 minutes and 26 seconds,KDS - Login Don't Delete
12060 Potranco Road,Mario Jimenez,143,,Food,,8/18/25 12:23 PM,8/18/25 12:27 PM,4 minutes and 33 seconds,KDS - Login Don't Delete
12060 Potranco Road,Mario Jimenez,143,,Drive Thru,,8/18/25 12:23 PM,8/18/25 12:27 PM,4 minutes and 33 seconds,KDS - Login Don't Delete
12060 Potranco Road,Gabriel Tovar ,141,25,,1,8/18/25 12:25 PM,8/18/25 12:28 PM,3 minutes and 2 seconds,KDS - Login Don't Delete
12060 Potranco Road,Leticia Roman,116,29,,1,8/18/25 12:19 PM,8/18/25 12:28 PM,9 minutes and 36 seconds,KDS - Login Don't Delete
12060 Potranco Road,Sugey Cabrera,140,11,,1,8/18/25 12:19 PM,8/18/25 12:28 PM,9 minutes and 37 seconds,KDS - Login Don't Delete
12060 Potranco Road,Mario Jimenez,144,,Food,,8/18/25 12:29 PM,8/18/25 12:32 PM,3 minutes and 13 seconds,KDS - Login Don't Delete
12060 Potranco Road,Mario Jimenez,144,,Drive Thru,,8/18/25 12:29 PM,8/18/25 12:32 PM,3 minutes and 13 seconds,KDS - Login Don't Delete
12060 Potranco Road,Mario Jimenez,145,,Food,,8/18/25 12:34 PM,8/18/25 12:38 PM,3 minutes and 52 seconds,KDS - Login Don't Delete
12060 Potranco Road,Mario Jimenez,145,,Drive Thru,,8/18/25 12:34 PM,8/18/25 12:38 PM,3 minutes and 52 seconds,KDS - Login Don't Delete
12060 Potranco Road,Mario Jimenez,146,,Food,,8/18/25 12:36 PM,8/18/25 12:41 PM,4 minutes and 55 seconds,KDS - Login Don't Delete
12060 Potranco Road,Mario Jimenez,146,,Drive Thru,,8/18/25 12:36 PM,8/18/25 12:41 PM,4 minutes and 55 seconds,KDS - Login Don't Delete
12060 Potranco Road,Sugey Cabrera,35001,3,,1,8/18/25 12:24 PM,8/18/25 12:42 PM,17 minutes and 46 seconds,KDS - Login Don't Delete
12060 Potranco Road,Mario Jimenez,154,,Food,,8/18/25 12:46 PM,8/18/25 12:51 PM,4 minutes and 33 seconds,KDS - Login Don't Delete
12060 Potranco Road,Mario Jimenez,154,,Drive Thru,,8/18/25 12:46 PM,8/18/25 12:51 PM,4 minutes and 33 seconds,KDS - Login Don't Delete
12060 Potranco Road,Mario Jimenez,155,,Food,,8/18/25 12:49 PM,8/18/25 12:51 PM,2 minutes and 35 seconds,KDS - Login Don't Delete
12060 Potranco Road,Mario Jimenez,155,,Drive Thru,,8/18/25 12:49 PM,8/18/25 12:51 PM,2 minutes and 35 seconds,KDS - Login Don't Delete
12060 Potranco Road,Sugey Cabrera,150,23,Food,,8/18/25 12:45 PM,8/18/25 12:52 PM,7 minutes and 2 seconds,KDS - Login Don't Delete
12060 Potranco Road,Gabriel Tovar ,149,2,Food,,8/18/25 12:44 PM,8/18/25 12:52 PM,7 minutes and 54 seconds,KDS - Login Don't Delete
12060 Potranco Road,Gabriel Tovar ,149,2,No Print,,8/18/25 12:44 PM,8/18/25 12:52 PM,7 minutes and 54 seconds,KDS - Login Don't Delete
12060 Potranco Road,Gabriel Tovar ,149,2,Drive Thru,,8/18/25 12:44 PM,8/18/25 12:52 PM,7 minutes and 54 seconds,KDS - Login Don't Delete
12060 Potranco Road,Leticia Roman,148,20,Food,,8/18/25 12:44 PM,8/18/25 12:52 PM,7 minutes and 54 seconds,KDS - Login Don't Delete
12060 Potranco Road,Leticia Roman,148,20,No Print,,8/18/25 12:44 PM,8/18/25 12:52 PM,7 minutes and 54 seconds,KDS - Login Don't Delete
12060 Potranco Road,Sugey Cabrera,150,23,No Print,,8/18/25 12:45 PM,8/18/25 12:52 PM,7 minutes and 2 seconds,KDS - Login Don't Delete
12060 Potranco Road,Leticia Roman,148,20,,1,8/18/25 12:52 PM,8/18/25 12:55 PM,2 minutes and 13 seconds,KDS - Login Don't Delete
12060 Potranco Road,Sugey Cabrera,150,23,,1,8/18/25 12:52 PM,8/18/25 12:55 PM,2 minutes and 13 seconds,KDS - Login Don't Delete
12060 Potranco Road,Gabriel Tovar ,149,2,,1,8/18/25 12:52 PM,8/18/25 12:55 PM,2 minutes and 14 seconds,KDS - Login Don't Delete
12060 Potranco Road,Zoila Salinas,156,,,1,8/18/25 12:49 PM,8/18/25 12:55 PM,5 minutes and 33 seconds,KDS - Login Don't Delete
12060 Potranco Road,Gabriel Tovar ,153,25,,1,8/18/25 12:47 PM,8/18/25 12:55 PM,7 minutes and 17 seconds,KDS - Login Don't Delete
12060 Potranco Road,Leticia Roman,148,20,Drive Thru,,8/18/25 12:55 PM,8/18/25 12:56 PM,1 minute and 9 seconds,KDS - Login Don't Delete
12060 Potranco Road,Leticia Roman,148,20,Food,,8/18/25 12:55 PM,8/18/25 12:56 PM,1 minute and 9 seconds,KDS - Login Don't Delete
12060 Potranco Road,Mario Jimenez,159,,Food,,8/18/25 1:05 PM,8/18/25 1:08 PM,3 minutes and 2 seconds,KDS - Login Don't Delete
12060 Potranco Road,Mario Jimenez,159,,Drive Thru,,8/18/25 1:05 PM,8/18/25 1:08 PM,3 minutes and 2 seconds,KDS - Login Don't Delete
12060 Potranco Road,Gabriel Tovar ,162,3,Food,,8/18/25 1:06 PM,8/18/25 1:14 PM,7 minutes and 49 seconds,KDS - Login Don't Delete
12060 Potranco Road,Gabriel Tovar ,162,3,No Print,,8/18/25 1:06 PM,8/18/25 1:14 PM,7 minutes and 49 seconds,KDS - Login Don't Delete
12060 Potranco Road,Leticia Roman,160,4,Food,,8/18/25 1:18 PM,8/18/25 1:26 PM,8 minutes and 51 seconds,KDS - Login Don't Delete
12060 Potranco Road,Sugey Cabrera,163,1,Food,,8/18/25 1:19 PM,8/18/25 1:26 PM,7 minutes and 33 seconds,KDS - Login Don't Delete
12060 Potranco Road,Sugey Cabrera,163,1,No Print,,8/18/25 1:19 PM,8/18/25 1:26 PM,7 minutes and 33 seconds,KDS - Login Don't Delete
12060 Potranco Road,Leticia Roman,160,4,No Print,,8/18/25 1:18 PM,8/18/25 1:26 PM,8 minutes and 51 seconds,KDS - Login Don't Delete
12060 Potranco Road,Leticia Roman,160,4,Drive Thru,,8/18/25 1:26 PM,8/18/25 1:26 PM,56 seconds,KDS - Login Don't Delete
12060 Potranco Road,Leticia Roman,160,4,Food,,8/18/25 1:26 PM,8/18/25 1:26 PM,56 seconds,KDS - Login Don't Delete
12060 Potranco Road,Mario Jimenez,164,,Food,,8/18/25 1:25 PM,8/18/25 1:27 PM,2 minutes and 43 seconds,KDS - Login Don't Delete
12060 Potranco Road,Mario Jimenez,164,,Drive Thru,,8/18/25 1:25 PM,8/18/25 1:27 PM,2 minutes and 43 seconds,KDS - Login Don't Delete
12060 Potranco Road,Leticia Roman,148,20,,1,8/18/25 12:56 PM,8/18/25 1:30 PM,34 minutes and 20 seconds,KDS - Login Don't Delete
12060 Potranco Road,Gabriel Tovar ,162,3,,1,8/18/25 1:14 PM,8/18/25 1:30 PM,16 minutes and 4 seconds,KDS - Login Don't Delete
12060 Potranco Road,Sugey Cabrera,163,1,,1,8/18/25 1:26 PM,8/18/25 1:30 PM,3 minutes and 33 seconds,KDS - Login Don't Delete
12060 Potranco Road,Leticia Roman,160,4,,1,8/18/25 1:26 PM,8/18/25 1:30 PM,3 minutes and 36 seconds,KDS - Login Don't Delete
12060 Potranco Road,Leticia Roman,160,4,,1,8/18/25 1:26 PM,8/18/25 1:30 PM,3 minutes and 37 seconds,KDS - Login Don't Delete
12060 Potranco Road,Mario Jimenez,168,,Food,,8/18/25 1:37 PM,8/18/25 1:42 PM,4 minutes and 11 seconds,KDS - Login Don't Delete
12060 Potranco Road,Mario Jimenez,168,,Drive Thru,,8/18/25 1:37 PM,8/18/25 1:42 PM,4 minutes and 11 seconds,KDS - Login Don't Delete
12060 Potranco Road,Sugey Cabrera,170,,Drive Thru,,8/18/25 1:39 PM,8/18/25 1:47 PM,7 minutes and 12 seconds,KDS - Login Don't Delete
12060 Potranco Road,Sugey Cabrera,170,,Food,,8/18/25 1:39 PM,8/18/25 1:47 PM,7 minutes and 12 seconds,KDS - Login Don't Delete
12060 Potranco Road,Sugey Cabrera,172,,Drive Thru,,8/18/25 1:42 PM,8/18/25 1:47 PM,4 minutes and 49 seconds,KDS - Login Don't Delete
12060 Potranco Road,Sugey Cabrera,172,,Food,,8/18/25 1:42 PM,8/18/25 1:47 PM,4 minutes and 49 seconds,KDS - Login Don't Delete
12060 Potranco Road,Leticia Roman,167,25,Food,,8/18/25 1:38 PM,8/18/25 1:50 PM,11 minutes and 56 seconds,KDS - Login Don't Delete
12060 Potranco Road,Leticia Roman,167,25,No Print,,8/18/25 1:38 PM,8/18/25 1:50 PM,11 minutes and 56 seconds,KDS - Login Don't Delete
12060 Potranco Road,Mario Jimenez,173,,Food,,8/18/25 1:52 PM,8/18/25 1:54 PM,2 minutes and 32 seconds,KDS - Login Don't Delete
12060 Potranco Road,Mario Jimenez,173,,Drive Thru,,8/18/25 1:52 PM,8/18/25 1:54 PM,2 minutes and 32 seconds,KDS - Login Don't Delete
12060 Potranco Road,Mario Jimenez,177,,Food,,8/18/25 1:54 PM,8/18/25 1:58 PM,4 minutes and 2 seconds,KDS - Login Don't Delete
12060 Potranco Road,Mario Jimenez,177,,Drive Thru,,8/18/25 1:54 PM,8/18/25 1:58 PM,4 minutes and 2 seconds,KDS - Login Don't Delete
12060 Potranco Road,Mario Jimenez,175,,Food,,8/18/25 1:56 PM,8/18/25 2:06 PM,10 minutes and 11 seconds,KDS - Login Don't Delete
12060 Potranco Road,Mario Jimenez,175,,Drive Thru,,8/18/25 1:56 PM,8/18/25 2:06 PM,10 minutes and 11 seconds,KDS - Login Don't Delete
12060 Potranco Road,Mario Jimenez,180,,Food,,8/18/25 2:00 PM,8/18/25 2:11 PM,11 minutes and 6 seconds,KDS - Login Don't Delete
12060 Potranco Road,Mario Jimenez,180,,Drive Thru,,8/18/25 2:00 PM,8/18/25 2:11 PM,11 minutes and 6 seconds,KDS - Login Don't Delete
12060 Potranco Road,Sugey Cabrera,170,,,1,8/18/25 1:47 PM,8/18/25 2:12 PM,25 minutes and 43 seconds,KDS - Login Don't Delete
12060 Potranco Road,Leticia Roman,167,25,,1,8/18/25 1:50 PM,8/18/25 2:12 PM,22 minutes and 37 seconds,KDS - Login Don't Delete
12060 Potranco Road,Sugey Cabrera,172,,,1,8/18/25 1:47 PM,8/18/25 2:12 PM,25 minutes and 44 seconds,KDS - Login Don't Delete
12060 Potranco Road,Sugey Cabrera,163,1,,1,8/18/25 2:10 PM,8/18/25 2:12 PM,2 minutes and 2 seconds,KDS - Login Don't Delete
12060 Potranco Road,Sugey Cabrera,163,1,,1,8/18/25 1:57 PM,8/18/25 2:12 PM,15 minutes and 32 seconds,KDS - Login Don't Delete
12060 Potranco Road,Mario Jimenez,181,,Food,,8/18/25 2:25 PM,8/18/25 2:30 PM,4 minutes and 59 seconds,KDS - Login Don't Delete
12060 Potranco Road,Mario Jimenez,181,,Drive Thru,,8/18/25 2:25 PM,8/18/25 2:30 PM,4 minutes and 59 seconds,KDS - Login Don't Delete
12060 Potranco Road,Mario Jimenez,183,,Food,,8/18/25 2:27 PM,8/18/25 2:31 PM,3 minutes and 59 seconds,KDS - Login Don't Delete
12060 Potranco Road,Mario Jimenez,183,,Drive Thru,,8/18/25 2:27 PM,8/18/25 2:31 PM,3 minutes and 59 seconds,KDS - Login Don't Delete
12060 Potranco Road,Mario Jimenez,182,,Food,,8/18/25 2:26 PM,8/18/25 2:31 PM,4 minutes and 13 seconds,KDS - Login Don't Delete
12060 Potranco Road,Mario Jimenez,182,,Drive Thru,,8/18/25 2:26 PM,8/18/25 2:31 PM,4 minutes and 13 seconds,KDS - Login Don't Delete
12060 Potranco Road,Mario Jimenez,183,,Food,,8/18/25 2:32 PM,8/18/25 2:34 PM,2 minutes and 15 seconds,KDS - Login Don't Delete
12060 Potranco Road,Mario Jimenez,183,,Drive Thru,,8/18/25 2:32 PM,8/18/25 2:34 PM,2 minutes and 15 seconds,KDS - Login Don't Delete
12060 Potranco Road,Mario Jimenez,188,,Food,,8/18/25 2:46 PM,8/18/25 2:48 PM,1 minute and 8 seconds,KDS - Login Don't Delete
12060 Potranco Road,Mario Jimenez,188,,Drive Thru,,8/18/25 2:46 PM,8/18/25 2:48 PM,1 minute and 8 seconds,KDS - Login Don't Delete
12060 Potranco Road,Mario Jimenez,189,,Food,,8/18/25 2:53 PM,8/18/25 3:13 PM,20 minutes and 28 seconds,KDS - Login Don't Delete
12060 Potranco Road,Nadia Reyes,191,,Food,,8/18/25 3:13 PM,8/18/25 3:19 PM,6 minutes and 14 seconds,KDS - Login Don't Delete
12060 Potranco Road,Nadia Reyes,191,,Drive Thru,,8/18/25 3:13 PM,8/18/25 3:19 PM,6 minutes and 14 seconds,KDS - Login Don't Delete
12060 Potranco Road,Nadia Reyes,192,,Food,,8/18/25 3:21 PM,8/18/25 3:22 PM,1 minute and 31 seconds,KDS - Login Don't Delete
12060 Potranco Road,Nadia Reyes,192,,Drive Thru,,8/18/25 3:21 PM,8/18/25 3:22 PM,1 minute and 31 seconds,KDS - Login Don't Delete
12060 Potranco Road,Nadia Reyes,196,,,1,8/18/25 3:38 PM,8/18/25 3:45 PM,7 minutes and 2 seconds,KDS - Login Don't Delete
12060 Potranco Road,Nadia Reyes,193,,Food,,8/18/25 3:31 PM,8/18/25 3:46 PM,14 minutes and 58 seconds,KDS - Login Don't Delete
12060 Potranco Road,Nadia Reyes,193,,Drive Thru,,8/18/25 3:31 PM,8/18/25 3:46 PM,14 minutes and 58 seconds,KDS - Login Don't Delete
12060 Potranco Road,Lisa Velasquez,185,,Food,,8/18/25 2:34 PM,8/18/25 3:50 PM,"1 hour, 15 minutes and 54 seconds",KDS - Login Don't Delete
12060 Potranco Road,Lisa Velasquez,185,,No Print,,8/18/25 2:34 PM,8/18/25 3:50 PM,"1 hour, 15 minutes and 54 seconds",KDS - Login Don't Delete
12060 Potranco Road,Lisa Velasquez,185,,,1,8/18/25 3:50 PM,8/18/25 3:51 PM,26 seconds,KDS - Login Don't Delete
12060 Potranco Road,Lisa Velasquez,190,,,1,8/18/25 3:13 PM,8/18/25 3:51 PM,37 minutes and 37 seconds,KDS - Login Don't Delete
12060 Potranco Road,Nadia Reyes,198,,Food,,8/18/25 3:49 PM,8/18/25 3:59 PM,10 minutes and 5 seconds,KDS - Login Don't Delete
12060 Potranco Road,Nadia Reyes,198,,Drive Thru,,8/18/25 3:49 PM,8/18/25 3:59 PM,10 minutes and 5 seconds,KDS - Login Don't Delete
12060 Potranco Road,Lisa Velasquez,199,2,Food,,8/18/25 4:14 PM,8/18/25 4:16 PM,1 minute and 9 seconds,KDS - Login Don't Delete
12060 Potranco Road,Lisa Velasquez,199,2,No Print,,8/18/25 4:14 PM,8/18/25 4:16 PM,1 minute and 9 seconds,KDS - Login Don't Delete
12060 Potranco Road,Lisa Velasquez,200,2,Food,,8/18/25 4:15 PM,8/18/25 4:22 PM,7 minutes and 3 seconds,KDS - Login Don't Delete
12060 Potranco Road,Lisa Velasquez,200,2,No Print,,8/18/25 4:15 PM,8/18/25 4:22 PM,7 minutes and 3 seconds,KDS - Login Don't Delete
12060 Potranco Road,Adrian Morales,201,14,Food,,8/18/25 4:25 PM,8/18/25 4:29 PM,4 minutes and 21 seconds,KDS - Login Don't Delete
12060 Potranco Road,Adrian Morales,201,14,No Print,,8/18/25 4:25 PM,8/18/25 4:29 PM,4 minutes and 21 seconds,KDS - Login Don't Delete
12060 Potranco Road,Lisa Velasquez,200,2,Food,,8/18/25 4:31 PM,8/18/25 4:35 PM,3 minutes and 17 seconds,KDS - Login Don't Delete
12060 Potranco Road,Lisa Velasquez,200,2,No Print,,8/18/25 4:31 PM,8/18/25 4:35 PM,3 minutes and 17 seconds,KDS - Login Don't Delete
12060 Potranco Road,Lisa Velasquez,202,1,Food,,8/18/25 4:29 PM,8/18/25 4:36 PM,7 minutes and 18 seconds,KDS - Login Don't Delete
12060 Potranco Road,Lisa Velasquez,202,1,No Print,,8/18/25 4:29 PM,8/18/25 4:36 PM,7 minutes and 18 seconds,KDS - Login Don't Delete
12060 Potranco Road,Adrian Morales,204,16,Food,,8/18/25 4:43 PM,8/18/25 4:45 PM,1 minute and 49 seconds,KDS - Login Don't Delete
12060 Potranco Road,Adrian Morales,204,16,No Print,,8/18/25 4:43 PM,8/18/25 4:45 PM,1 minute and 49 seconds,KDS - Login Don't Delete
12060 Potranco Road,Lisa Velasquez,205,,Food,,8/18/25 4:45 PM,8/18/25 4:49 PM,3 minutes and 16 seconds,KDS - Login Don't Delete
12060 Potranco Road,Lisa Velasquez,205,,No Print,,8/18/25 4:45 PM,8/18/25 4:49 PM,3 minutes and 16 seconds,KDS - Login Don't Delete
12060 Potranco Road,Lisa Velasquez,202,1,,1,8/18/25 4:36 PM,8/18/25 4:53 PM,17 minutes and 3 seconds,KDS - Login Don't Delete
12060 Potranco Road,Lisa Velasquez,200,2,,1,8/18/25 4:35 PM,8/18/25 4:53 PM,18 minutes and 17 seconds,KDS - Login Don't Delete
12060 Potranco Road,Adrian Morales,201,14,,1,8/18/25 4:29 PM,8/18/25 4:53 PM,23 minutes and 46 seconds,KDS - Login Don't Delete
12060 Potranco Road,Lisa Velasquez,199,2,,1,8/18/25 4:16 PM,8/18/25 4:53 PM,37 minutes and 23 seconds,KDS - Login Don't Delete
12060 Potranco Road,Lisa Velasquez,200,2,,1,8/18/25 4:22 PM,8/18/25 4:53 PM,31 minutes and 9 seconds,KDS - Login Don't Delete
12060 Potranco Road,Adrian Morales,204,16,,1,8/18/25 4:45 PM,8/18/25 4:53 PM,7 minutes and 53 seconds,KDS - Login Don't Delete
12060 Potranco Road,Lisa Velasquez,205,,,1,8/18/25 4:49 PM,8/18/25 4:53 PM,4 minutes and 31 seconds,KDS - Login Don't Delete
12060 Potranco Road,Adrian Morales,201,14,,1,8/18/25 4:28 PM,8/18/25 4:53 PM,24 minutes and 41 seconds,KDS - Login Don't Delete
12060 Potranco Road,Adrian Morales,201,14,Food,,8/18/25 4:48 PM,8/18/25 4:55 PM,7 minutes and 3 seconds,KDS - Login Don't Delete
12060 Potranco Road,Adrian Morales,201,14,No Print,,8/18/25 4:48 PM,8/18/25 4:55 PM,7 minutes and 3 seconds,KDS - Login Don't Delete
12060 Potranco Road,Adrian Morales,204,16,Food,,8/18/25 4:49 PM,8/18/25 5:01 PM,12 minutes and 18 seconds,KDS - Login Don't Delete
12060 Potranco Road,Adrian Morales,204,16,No Print,,8/18/25 4:49 PM,8/18/25 5:01 PM,12 minutes and 18 seconds,KDS - Login Don't Delete
12060 Potranco Road,Lisa Velasquez,202,1,Food,,8/18/25 5:02 PM,8/18/25 5:05 PM,3 minutes and 9 seconds,KDS - Login Don't Delete
12060 Potranco Road,Lisa Velasquez,202,1,No Print,,8/18/25 5:02 PM,8/18/25 5:05 PM,3 minutes and 9 seconds,KDS - Login Don't Delete
12060 Potranco Road,Lisa Velasquez,202,1,,1,8/18/25 5:04 PM,8/18/25 5:05 PM,1 minute and 19 seconds,KDS - Login Don't Delete
12060 Potranco Road,Adrian Morales,201,14,,1,8/18/25 4:55 PM,8/18/25 5:09 PM,13 minutes and 43 seconds,KDS - Login Don't Delete
12060 Potranco Road,Lisa Velasquez,202,1,,1,8/18/25 5:12 PM,8/18/25 5:15 PM,3 minutes,KDS - Login Don't Delete
12060 Potranco Road,Lisa Velasquez,202,1,,1,8/18/25 5:05 PM,8/18/25 5:15 PM,10 minutes and 21 seconds,KDS - Login Don't Delete
12060 Potranco Road,Lisa Velasquez,207,3,Food,,8/18/25 5:13 PM,8/18/25 5:17 PM,4 minutes and 38 seconds,KDS - Login Don't Delete
12060 Potranco Road,Lisa Velasquez,207,3,No Print,,8/18/25 5:13 PM,8/18/25 5:17 PM,4 minutes and 38 seconds,KDS - Login Don't Delete
12060 Potranco Road,Lisa Velasquez,207,3,,1,8/18/25 5:17 PM,8/18/25 5:17 PM,3 seconds,KDS - Login Don't Delete
12060 Potranco Road,Adrian Morales,204,16,,1,8/18/25 5:01 PM,8/18/25 5:17 PM,16 minutes and 3 seconds,KDS - Login Don't Delete
12060 Potranco Road,Adrian Morales,208,5,Food,,8/18/25 5:14 PM,8/18/25 5:19 PM,5 minutes and 29 seconds,KDS - Login Don't Delete
12060 Potranco Road,Adrian Morales,208,5,No Print,,8/18/25 5:14 PM,8/18/25 5:19 PM,5 minutes and 29 seconds,KDS - Login Don't Delete
12060 Potranco Road,Nadia Reyes,211,,Food,,8/18/25 5:21 PM,8/18/25 5:22 PM,14 seconds,KDS - Login Don't Delete
12060 Potranco Road,Nadia Reyes,212,,Food,,8/18/25 5:23 PM,8/18/25 5:27 PM,4 minutes and 31 seconds,KDS - Login Don't Delete
12060 Potranco Road,Nadia Reyes,212,,Drive Thru,,8/18/25 5:23 PM,8/18/25 5:27 PM,4 minutes and 31 seconds,KDS - Login Don't Delete
12060 Potranco Road,Nadia Reyes,213,,Food,,8/18/25 5:24 PM,8/18/25 5:27 PM,2 minutes and 54 seconds,KDS - Login Don't Delete
12060 Potranco Road,Nadia Reyes,213,,Drive Thru,,8/18/25 5:24 PM,8/18/25 5:27 PM,2 minutes and 54 seconds,KDS - Login Don't Delete
12060 Potranco Road,Adrian Morales,208,5,,1,8/18/25 5:19 PM,8/18/25 5:31 PM,12 minutes and 1 second,KDS - Login Don't Delete
12060 Potranco Road,Nadia Reyes,213,,Food,,8/18/25 5:23 PM,8/18/25 5:32 PM,9 minutes and 4 seconds,KDS - Login Don't Delete
12060 Potranco Road,Nadia Reyes,213,,Drive Thru,,8/18/25 5:23 PM,8/18/25 5:32 PM,9 minutes and 4 seconds,KDS - Login Don't Delete
12060 Potranco Road,Nadia Reyes,216,,Food,,8/18/25 5:31 PM,8/18/25 5:35 PM,4 minutes and 12 seconds,KDS - Login Don't Delete
12060 Potranco Road,Nadia Reyes,216,,Drive Thru,,8/18/25 5:31 PM,8/18/25 5:35 PM,4 minutes and 12 seconds,KDS - Login Don't Delete
12060 Potranco Road,Nadia Reyes,220,,Food,,8/18/25 5:40 PM,8/18/25 5:42 PM,2 minutes and 20 seconds,KDS - Login Don't Delete
12060 Potranco Road,Nadia Reyes,220,,Drive Thru,,8/18/25 5:40 PM,8/18/25 5:42 PM,2 minutes and 20 seconds,KDS - Login Don't Delete
12060 Potranco Road,Lisa Velasquez,199,2,Drive Thru,,8/18/25 5:34 PM,8/18/25 5:44 PM,9 minutes and 30 seconds,KDS - Login Don't Delete
12060 Potranco Road,Lisa Velasquez,199,2,Food,,8/18/25 5:34 PM,8/18/25 5:44 PM,9 minutes and 30 seconds,KDS - Login Don't Delete
12060 Potranco Road,Lisa Velasquez,199,2,No Print,,8/18/25 5:34 PM,8/18/25 5:44 PM,9 minutes and 30 seconds,KDS - Login Don't Delete
12060 Potranco Road,Lisa Velasquez,199,2,,1,8/18/25 5:44 PM,8/18/25 5:45 PM,55 seconds,KDS - Login Don't Delete
12060 Potranco Road,Nadia Reyes,220,,Food,,8/18/25 5:39 PM,8/18/25 5:50 PM,10 minutes and 51 seconds,KDS - Login Don't Delete
12060 Potranco Road,Nadia Reyes,220,,Drive Thru,,8/18/25 5:39 PM,8/18/25 5:50 PM,10 minutes and 51 seconds,KDS - Login Don't Delete
12060 Potranco Road,Nadia Reyes,223,,Food,,8/18/25 5:50 PM,8/18/25 5:52 PM,1 minute and 50 seconds,KDS - Login Don't Delete
12060 Potranco Road,Nadia Reyes,223,,Drive Thru,,8/18/25 5:50 PM,8/18/25 5:52 PM,1 minute and 50 seconds,KDS - Login Don't Delete
12060 Potranco Road,Candy Del Angel,222,,,1,8/18/25 5:44 PM,8/18/25 5:52 PM,7 minutes and 44 seconds,KDS - Login Don't Delete
12060 Potranco Road,Nadia Reyes,225,,Food,,8/18/25 6:01 PM,8/18/25 6:06 PM,4 minutes and 15 seconds,KDS - Login Don't Delete
12060 Potranco Road,Nadia Reyes,225,,Drive Thru,,8/18/25 6:01 PM,8/18/25 6:06 PM,4 minutes and 15 seconds,KDS - Login Don't Delete
12060 Potranco Road,Adrian Morales,224,15,Food,,8/18/25 6:00 PM,8/18/25 6:09 PM,8 minutes and 8 seconds,KDS - Login Don't Delete
12060 Potranco Road,Adrian Morales,224,15,No Print,,8/18/25 6:00 PM,8/18/25 6:09 PM,8 minutes and 8 seconds,KDS - Login Don't Delete
12060 Potranco Road,Lisa Velasquez,226,16,Food,,8/18/25 6:09 PM,8/18/25 6:20 PM,10 minutes and 23 seconds,KDS - Login Don't Delete
12060 Potranco Road,Lisa Velasquez,226,16,No Print,,8/18/25 6:09 PM,8/18/25 6:20 PM,10 minutes and 23 seconds,KDS - Login Don't Delete
12060 Potranco Road,Adrian Morales,224,15,Drive Thru,,8/18/25 6:28 PM,8/18/25 6:28 PM,7 seconds,KDS - Login Don't Delete
12060 Potranco Road,Adrian Morales,224,15,Food,,8/18/25 6:28 PM,8/18/25 6:28 PM,7 seconds,KDS - Login Don't Delete
12060 Potranco Road,Nadia Reyes,228,,Food,,8/18/25 6:39 PM,8/18/25 6:47 PM,8 minutes and 42 seconds,KDS - Login Don't Delete
12060 Potranco Road,Nadia Reyes,228,,Drive Thru,,8/18/25 6:39 PM,8/18/25 6:47 PM,8 minutes and 42 seconds,KDS - Login Don't Delete
12060 Potranco Road,Nadia Reyes,227,,Food,,8/18/25 6:30 PM,8/18/25 6:47 PM,16 minutes and 51 seconds,KDS - Login Don't Delete
12060 Potranco Road,Nadia Reyes,227,,Drive Thru,,8/18/25 6:30 PM,8/18/25 6:47 PM,16 minutes and 51 seconds,KDS - Login Don't Delete
12060 Potranco Road,Nadia Reyes,229,,Food,,8/18/25 6:45 PM,8/18/25 6:48 PM,2 minutes and 42 seconds,KDS - Login Don't Delete
12060 Potranco Road,Nadia Reyes,229,,Drive Thru,,8/18/25 6:45 PM,8/18/25 6:48 PM,2 minutes and 42 seconds,KDS - Login Don't Delete
12060 Potranco Road,Lisa Velasquez,226,16,,1,8/18/25 6:20 PM,8/18/25 6:54 PM,34 minutes and 6 seconds,KDS - Login Don't Delete
12060 Potranco Road,Adrian Morales,224,15,,1,8/18/25 6:28 PM,8/18/25 6:54 PM,25 minutes and 41 seconds,KDS - Login Don't Delete
12060 Potranco Road,Nadia Reyes,231,,No Print,,8/18/25 6:52 PM,8/18/25 6:58 PM,6 minutes and 5 seconds,KDS - Login Don't Delete
12060 Potranco Road,Nadia Reyes,231,,Drinks,,8/18/25 6:52 PM,8/18/25 6:58 PM,6 minutes and 5 seconds,KDS - Login Don't Delete
12060 Potranco Road,Nadia Reyes,231,,Food,,8/18/25 6:52 PM,8/18/25 6:58 PM,6 minutes and 5 seconds,KDS - Login Don't Delete
12060 Potranco Road,Nadia Reyes,231,,Drive Thru,,8/18/25 6:52 PM,8/18/25 6:58 PM,6 minutes and 5 seconds,KDS - Login Don't Delete
12060 Potranco Road,Adrian Morales,230,,Drive Thru,,8/18/25 6:47 PM,8/18/25 7:01 PM,13 minutes and 40 seconds,KDS - Login Don't Delete
12060 Potranco Road,Adrian Morales,230,,Food,,8/18/25 6:47 PM,8/18/25 7:01 PM,13 minutes and 40 seconds,KDS - Login Don't Delete
12060 Potranco Road,Adrian Morales,230,,,1,8/18/25 7:01 PM,8/18/25 7:10 PM,8 minutes and 35 seconds,KDS - Login Don't Delete
12060 Potranco Road,Nadia Reyes,232,,Food,,8/18/25 7:08 PM,8/18/25 7:11 PM,3 minutes and 25 seconds,KDS - Login Don't Delete
12060 Potranco Road,Nadia Reyes,232,,Drive Thru,,8/18/25 7:08 PM,8/18/25 7:11 PM,3 minutes and 25 seconds,KDS - Login Don't Delete
12060 Potranco Road,Adrian Morales,224,15,,1,8/18/25 6:00 PM,8/18/25 7:14 PM,"1 hour, 13 minutes and 52 seconds",KDS - Login Don't Delete
12060 Potranco Road,Adrian Morales,233,20,Food,,8/18/25 7:08 PM,8/18/25 7:18 PM,9 minutes and 51 seconds,KDS - Login Don't Delete
12060 Potranco Road,Adrian Morales,233,20,No Print,,8/18/25 7:08 PM,8/18/25 7:18 PM,9 minutes and 51 seconds,KDS - Login Don't Delete
12060 Potranco Road,Lisa Velasquez,234,2,Food,,8/18/25 7:12 PM,8/18/25 7:19 PM,7 minutes and 10 seconds,KDS - Login Don't Delete
12060 Potranco Road,Lisa Velasquez,234,2,No Print,,8/18/25 7:12 PM,8/18/25 7:19 PM,7 minutes and 10 seconds,KDS - Login Don't Delete
12060 Potranco Road,Nadia Reyes,235,,Food,,8/18/25 7:16 PM,8/18/25 7:21 PM,4 minutes and 33 seconds,KDS - Login Don't Delete
12060 Potranco Road,Adrian Morales,233,20,,1,8/18/25 7:18 PM,8/18/25 7:24 PM,6 minutes and 3 seconds,KDS - Login Don't Delete
12060 Potranco Road,Lisa Velasquez,234,2,,1,8/18/25 7:19 PM,8/18/25 7:24 PM,5 minutes and 17 seconds,KDS - Login Don't Delete
12060 Potranco Road,Nadia Reyes,238,,Food,,8/18/25 7:52 PM,8/18/25 7:55 PM,2 minutes and 50 seconds,KDS - Login Don't Delete
12060 Potranco Road,Nadia Reyes,238,,Drive Thru,,8/18/25 7:52 PM,8/18/25 7:55 PM,2 minutes and 50 seconds,KDS - Login Don't Delete
12060 Potranco Road,Adrian Morales,233,20,Food,,8/18/25 7:55 PM,8/18/25 7:56 PM,42 seconds,KDS - Login Don't Delete
12060 Potranco Road,Adrian Morales,233,20,No Print,,8/18/25 7:55 PM,8/18/25 7:56 PM,42 seconds,KDS - Login Don't Delete
12060 Potranco Road,Nadia Reyes,237,,Food,,8/18/25 7:49 PM,8/18/25 7:57 PM,7 minutes and 41 seconds,KDS - Login Don't Delete
12060 Potranco Road,Nadia Reyes,237,,Drive Thru,,8/18/25 7:49 PM,8/18/25 7:57 PM,7 minutes and 41 seconds,KDS - Login Don't Delete
12060 Potranco Road,Nadia Reyes,238,,Food,,8/18/25 7:58 PM,8/18/25 8:01 PM,2 minutes and 48 seconds,KDS - Login Don't Delete
12060 Potranco Road,Nadia Reyes,238,,Drive Thru,,8/18/25 7:58 PM,8/18/25 8:01 PM,2 minutes and 48 seconds,KDS - Login Don't Delete
12060 Potranco Road,Adrian Morales,233,20,,1,8/18/25 7:56 PM,8/18/25 8:10 PM,13 minutes and 59 seconds,KDS - Login Don't Delete
12060 Potranco Road,Nadia Reyes,239,,Food,,8/18/25 8:51 PM,8/18/25 9:03 PM,11 minutes and 25 seconds,KDS - Login Don't Delete
12060 Potranco Road,Nadia Reyes,239,,Drive Thru,,8/18/25 8:51 PM,8/18/25 9:03 PM,11 minutes and 25 seconds,KDS - Login Don't Delete
