Employee,Job Title,In Date,Out Date,Auto Clock-out,Total Hours,Unpaid Break Time,Paid Break Time,Payable Hours
"Vega, Estela",Tortillera,8/18/25 4:50 AM,8/18/25 1:59 PM,No,9.15,0.00,0.00,9.15
"Cardenas, Salvador",Cook,8/18/25 5:34 AM,8/18/25 1:26 PM,No,7.87,0.00,0.00,7.87
"Ojeda, George",Runner,8/18/25 5:37 AM,8/18/25 9:08 PM,No,15.52,0.00,0.00,15.52
"Roman, Leticia",Server,8/18/25 5:57 AM,8/18/25 2:46 PM,No,8.80,0.00,0.00,8.80
"Jimenez, Mario",Driver,8/18/25 6:11 AM,8/18/25 3:08 PM,No,8.95,0.00,0.00,8.95
"Lino Santana, David ",Prep,8/18/25 7:07 AM,8/18/25 3:28 PM,No,8.34,0.00,0.00,8.34
"Garcia, Enriqueta",Chef,8/18/25 7:09 AM,8/18/25 5:00 PM,No,9.85,0.00,0.00,9.85
"Tovar , Gabriel",Server,8/18/25 8:05 AM,8/18/25 2:32 PM,No,6.44,0.00,0.00,6.44
"Cabrera, Sugey",Server,8/18/25 8:08 AM,8/18/25 2:36 PM,No,6.46,0.00,0.00,6.46
"JOSSUETH, FRANLOD",Busser,8/18/25 8:30 AM,8/18/25 2:36 PM,No,6.09,0.00,0.00,6.09
"Salinas, Zoila",General Manager,8/18/25 8:56 AM,8/18/25 3:17 PM,No,6.36,0.00,0.00,6.36
"Rosales, Elsa",Tortillera,8/18/25 1:55 PM,8/18/25 9:11 PM,No,7.28,0.00,0.00,7.28
"GUTIERREZ, ERIC",Cook,8/18/25 1:55 PM,8/18/25 9:08 PM,No,7.22,0.00,0.00,7.22
"Vega, Estela",Tortillera,8/18/25 1:59 PM,8/18/25 2:03 PM,No,0.07,0.00,0.00,0.07
"Velasquez, Lisa",Server,8/18/25 2:06 PM,8/18/25 9:06 PM,No,7.01,0.00,0.00,7.01
"Morales, Adrian",Server,8/18/25 2:40 PM,8/18/25 9:13 PM,No,6.56,0.00,0.00,6.56
"Del Angel, Candy",Shift Manager / Assistant Manager,8/18/25 2:59 PM,8/18/25 9:18 PM,No,6.32,0.00,0.00,6.32
"Reyes, Nadia",Driver,8/18/25 3:08 PM,8/18/25 9:04 PM,No,5.93,0.00,0.00,5.93
