Location,Server,Check #,Table,Station,Expediter Level,Fired Date,Fulfilled Date,Fulfillment Time,Fulfilled By
Tink-a-Tako - Potranco,Daniela Torres,1,,Lobby,,9/16/25 6:32 AM,9/16/25 6:35 AM,2 minutes and 52 seconds,Mayra Luna
Tink-a-Tako - Potranco,Juan  Camacho,2,25,Lobby,,9/16/25 6:32 AM,9/16/25 6:36 AM,4 minutes and 43 seconds,Mayra Luna
Tink-a-Tako - Potranco,Juan  Camacho,2,25,Lobby,,9/16/25 6:38 AM,9/16/25 6:38 AM,50 seconds,Mayra Luna
Tink-a-Tako - Potranco,Daniela Torres,3,,Lobby,,9/16/25 6:39 AM,9/16/25 6:44 AM,4 minutes and 50 seconds,Mayra Luna
Tink-a-Tako - Potranco,Daniela Torres,4,,Lobby,,9/16/25 6:40 AM,9/16/25 6:44 AM,4 minutes and 17 seconds,Mayra Luna
Tink-a-Tako - Potranco,Daniela Torres,5,,Lobby,,9/16/25 6:41 AM,9/16/25 6:45 AM,4 minutes and 16 seconds,Mayra Luna
Tink-a-Tako - Potranco,Daniela Torres,6,,Lobby,,9/16/25 6:42 AM,9/16/25 6:46 AM,3 minutes and 18 seconds,Mayra Luna
Tink-a-Tako - Potranco,Daniela Torres,7,,Lobby,,9/16/25 6:47 AM,9/16/25 6:49 AM,1 minute and 27 seconds,Mayra Luna
Tink-a-Tako - Potranco,Daniela Torres,8,,Lobby,,9/16/25 6:53 AM,9/16/25 6:54 AM,1 minute and 7 seconds,Mayra Luna
Tink-a-Tako - Potranco,Daniela Torres,9,,Lobby,,9/16/25 6:54 AM,9/16/25 6:55 AM,1 minute and 9 seconds,Mayra Luna
Tink-a-Tako - Potranco,Daniela Torres,8,,Lobby,,9/16/25 6:54 AM,9/16/25 6:55 AM,1 minute and 1 second,Mayra Luna
Tink-a-Tako - Potranco,Daniela Torres,12,,Lobby,,9/16/25 6:57 AM,9/16/25 6:59 AM,1 minute and 18 seconds,Mayra Luna
Tink-a-Tako - Potranco,Juan  Camacho,11,,Lobby,,9/16/25 6:58 AM,9/16/25 7:03 AM,5 minutes and 20 seconds,Mayra Luna
Tink-a-Tako - Potranco,Daniela Torres,13,,Lobby,,9/16/25 7:13 AM,9/16/25 7:13 AM,44 seconds,Mayra Luna
Tink-a-Tako - Potranco,Daniela Torres,14,,Lobby,,9/16/25 7:14 AM,9/16/25 7:15 AM,1 minute and 35 seconds,Mayra Luna
Tink-a-Tako - Potranco,Daniela Torres,15,,Lobby,,9/16/25 7:16 AM,9/16/25 7:17 AM,18 seconds,Mayra Luna
Tink-a-Tako - Potranco,Juan  Camacho,16,,Lobby,,9/16/25 7:17 AM,9/16/25 7:18 AM,32 seconds,Mayra Luna
Tink-a-Tako - Potranco,Daniela Torres,17,,Lobby,,9/16/25 7:19 AM,9/16/25 7:19 AM,29 seconds,Mayra Luna
Tink-a-Tako - Potranco,Daniela Torres,20,,Lobby,,9/16/25 7:24 AM,9/16/25 7:24 AM,10 seconds,Mayra Luna
Tink-a-Tako - Potranco,Daniela Torres,18,,Lobby,,9/16/25 7:23 AM,9/16/25 7:25 AM,1 minute and 22 seconds,Mayra Luna
Tink-a-Tako - Potranco,Daniela Torres,19,,Lobby,,9/16/25 7:25 AM,9/16/25 7:27 AM,1 minute and 10 seconds,Mayra Luna
Tink-a-Tako - Potranco,Daniela Torres,23,,Lobby,,9/16/25 7:27 AM,9/16/25 7:28 AM,36 seconds,Mayra Luna
Tink-a-Tako - Potranco,Daniela Torres,22,,Lobby,,9/16/25 7:31 AM,9/16/25 7:32 AM,1 minute and 13 seconds,Mayra Luna
Tink-a-Tako - Potranco,Daniela Torres,25,,Lobby,,9/16/25 7:37 AM,9/16/25 7:37 AM,46 seconds,Mayra Luna
Tink-a-Tako - Potranco,Daniela Torres,26,,Lobby,,9/16/25 7:40 AM,9/16/25 7:40 AM,26 seconds,Mayra Luna
Tink-a-Tako - Potranco,Daniela Torres,27,,Lobby,,9/16/25 7:40 AM,9/16/25 7:41 AM,35 seconds,Mayra Luna
Tink-a-Tako - Potranco,Juan  Camacho,28,22,Lobby,,9/16/25 7:44 AM,9/16/25 7:45 AM,51 seconds,Mayra Luna
Tink-a-Tako - Potranco,Juan  Camacho,28,22,Lobby,,9/16/25 7:44 AM,9/16/25 7:45 AM,1 minute and 3 seconds,Mayra Luna
Tink-a-Tako - Potranco,Daniela Torres,29,,Lobby,,9/16/25 7:46 AM,9/16/25 7:47 AM,50 seconds,Mayra Luna
Tink-a-Tako - Potranco,Juan  Camacho,31,11,Lobby,,9/16/25 7:52 AM,9/16/25 7:54 AM,1 minute and 8 seconds,Mayra Luna
Tink-a-Tako - Potranco,Juan  Camacho,2,25,,2,9/16/25 6:36 AM,9/16/25 7:54 AM,"1 hour, 17 minutes and 52 seconds",Mayra Luna
Tink-a-Tako - Potranco,Juan  Camacho,16,,,2,9/16/25 7:18 AM,9/16/25 7:54 AM,36 minutes and 27 seconds,Mayra Luna
Tink-a-Tako - Potranco,Juan  Camacho,11,,,2,9/16/25 7:03 AM,9/16/25 7:54 AM,51 minutes and 22 seconds,Mayra Luna
Tink-a-Tako - Potranco,Juan  Camacho,2,25,,2,9/16/25 6:38 AM,9/16/25 7:54 AM,"1 hour, 15 minutes and 52 seconds",Mayra Luna
Tink-a-Tako - Potranco,Juan  Camacho,28,22,,2,9/16/25 7:45 AM,9/16/25 7:54 AM,9 minutes and 20 seconds,Mayra Luna
Tink-a-Tako - Potranco,Juan  Camacho,28,22,,2,9/16/25 7:45 AM,9/16/25 7:54 AM,9 minutes and 21 seconds,Mayra Luna
Tink-a-Tako - Potranco,Juan  Camacho,32,,Lobby,,9/16/25 7:53 AM,9/16/25 7:54 AM,1 minute and 29 seconds,Mayra Luna
Tink-a-Tako - Potranco,Juan  Camacho,31,11,,2,9/16/25 7:54 AM,9/16/25 7:54 AM,49 seconds,Mayra Luna
Tink-a-Tako - Potranco,Daniela Torres,24,,Lobby,,9/16/25 7:54 AM,9/16/25 7:55 AM,55 seconds,Mayra Luna
Tink-a-Tako - Potranco,Daniela Torres,33,,Lobby,,9/16/25 7:55 AM,9/16/25 7:56 AM,1 minute and 25 seconds,Mayra Luna
Tink-a-Tako - Potranco,Daniela Torres,34,,Lobby,,9/16/25 7:55 AM,9/16/25 7:58 AM,2 minutes and 6 seconds,Mayra Luna
Tink-a-Tako - Potranco,Daniela Torres,30,,Lobby,,9/16/25 7:56 AM,9/16/25 7:58 AM,2 minutes and 1 second,Mayra Luna
Tink-a-Tako - Potranco,Juan  Camacho,36,,Lobby,,9/16/25 7:56 AM,9/16/25 7:58 AM,1 minute and 54 seconds,Mayra Luna
Tink-a-Tako - Potranco,Daniela Torres,35,,Lobby,,9/16/25 7:58 AM,9/16/25 7:59 AM,41 seconds,Mayra Luna
Tink-a-Tako - Potranco,Daniela Torres,40,,Lobby,,9/16/25 8:00 AM,9/16/25 8:01 AM,1 minute and 7 seconds,Mayra Luna
Tink-a-Tako - Potranco,Daniela Torres,40,,Prep,,9/16/25 8:00 AM,9/16/25 8:01 AM,1 minute and 7 seconds,Mayra Luna
Tink-a-Tako - Potranco,Daniela Torres,41,,Lobby,,9/16/25 8:01 AM,9/16/25 8:05 AM,3 minutes and 38 seconds,Mayra Luna
Tink-a-Tako - Potranco,Juan  Camacho,36,,,2,9/16/25 7:58 AM,9/16/25 8:06 AM,7 minutes and 27 seconds,Mayra Luna
Tink-a-Tako - Potranco,Juan  Camacho,32,,,2,9/16/25 7:54 AM,9/16/25 8:06 AM,11 minutes and 22 seconds,Mayra Luna
Tink-a-Tako - Potranco,Daniela Torres,42,,Lobby,,9/16/25 8:04 AM,9/16/25 8:08 AM,4 minutes and 19 seconds,Mayra Luna
Tink-a-Tako - Potranco,Daniela Torres,42,,Tortillero,,9/16/25 8:04 AM,9/16/25 8:08 AM,4 minutes and 19 seconds,Mayra Luna
Tink-a-Tako - Potranco,Daniela Torres,43,,Lobby,,9/16/25 8:07 AM,9/16/25 8:10 AM,3 minutes and 18 seconds,Mayra Luna
Tink-a-Tako - Potranco,Maria Majana,45,,Lobby,,9/16/25 8:08 AM,9/16/25 8:11 AM,2 minutes and 21 seconds,Mayra Luna
Tink-a-Tako - Potranco,Daniela Torres,44,,Lobby,,9/16/25 8:08 AM,9/16/25 8:11 AM,3 minutes and 4 seconds,Mayra Luna
Tink-a-Tako - Potranco,Daniela Torres,46,,Lobby,,9/16/25 8:09 AM,9/16/25 8:12 AM,2 minutes and 38 seconds,Mayra Luna
Tink-a-Tako - Potranco,Daniela Torres,42,,Lobby,,9/16/25 8:10 AM,9/16/25 8:12 AM,2 minutes and 17 seconds,Mayra Luna
Tink-a-Tako - Potranco,Daniela Torres,49,,Lobby,,9/16/25 8:15 AM,9/16/25 8:16 AM,1 minute and 20 seconds,Mayra Luna
Tink-a-Tako - Potranco,Daniela Torres,49,,Prep,,9/16/25 8:15 AM,9/16/25 8:16 AM,1 minute and 20 seconds,Mayra Luna
Tink-a-Tako - Potranco,Daniela Torres,50,,Lobby,,9/16/25 8:16 AM,9/16/25 8:17 AM,30 seconds,Mayra Luna
Tink-a-Tako - Potranco,Daniela Torres,53,,Lobby,,9/16/25 8:17 AM,9/16/25 8:18 AM,45 seconds,Mayra Luna
Tink-a-Tako - Potranco,Daniela Torres,39,,Lobby,,9/16/25 8:18 AM,9/16/25 8:19 AM,26 seconds,Mayra Luna
Tink-a-Tako - Potranco,Daniela Torres,54,,Lobby,,9/16/25 8:19 AM,9/16/25 8:20 AM,27 seconds,Mayra Luna
Tink-a-Tako - Potranco,Daniela Torres,56,,Lobby,,9/16/25 8:22 AM,9/16/25 8:23 AM,40 seconds,Mayra Luna
Tink-a-Tako - Potranco,Daniela Torres,57,,Lobby,,9/16/25 8:23 AM,9/16/25 8:23 AM,18 seconds,Mayra Luna
Tink-a-Tako - Potranco,Daniela Torres,58,,Lobby,,9/16/25 8:24 AM,9/16/25 8:26 AM,1 minute and 56 seconds,Mayra Luna
Tink-a-Tako - Potranco,Daniela Torres,61,,Lobby,,9/16/25 8:25 AM,9/16/25 8:26 AM,54 seconds,Mayra Luna
Tink-a-Tako - Potranco,Daniela Torres,61,,Prep,,9/16/25 8:25 AM,9/16/25 8:26 AM,54 seconds,Mayra Luna
Tink-a-Tako - Potranco,Daniela Torres,60,,Lobby,,9/16/25 8:25 AM,9/16/25 8:27 AM,2 minutes and 30 seconds,Mayra Luna
Tink-a-Tako - Potranco,Daniela Torres,55,,Lobby,,9/16/25 8:28 AM,9/16/25 8:28 AM,32 seconds,Mayra Luna
Tink-a-Tako - Potranco,Juan  Camacho,59,22,Lobby,,9/16/25 8:24 AM,9/16/25 8:29 AM,4 minutes and 27 seconds,Mayra Luna
Tink-a-Tako - Potranco,Maria Majana,63,,Lobby,,9/16/25 8:29 AM,9/16/25 8:30 AM,29 seconds,Mayra Luna
Tink-a-Tako - Potranco,Maria Majana,63,,Prep,,9/16/25 8:29 AM,9/16/25 8:30 AM,29 seconds,Mayra Luna
Tink-a-Tako - Potranco,Silvia Hernandez,64,32,Lobby,,9/16/25 8:29 AM,9/16/25 8:32 AM,3 minutes and 19 seconds,Mayra Luna
Tink-a-Tako - Potranco,Daniela Torres,66,,Lobby,,9/16/25 8:30 AM,9/16/25 8:33 AM,2 minutes and 47 seconds,Mayra Luna
Tink-a-Tako - Potranco,Daniela Torres,67,,Lobby,,9/16/25 8:31 AM,9/16/25 8:34 AM,2 minutes and 20 seconds,Mayra Luna
Tink-a-Tako - Potranco,Maria Majana,63,,,2,9/16/25 8:30 AM,9/16/25 8:34 AM,4 minutes and 17 seconds,Mayra Luna
Tink-a-Tako - Potranco,Maria Majana,45,,,2,9/16/25 8:11 AM,9/16/25 8:34 AM,23 minutes and 31 seconds,Mayra Luna
Tink-a-Tako - Potranco,Juan  Camacho,59,22,,2,9/16/25 8:29 AM,9/16/25 8:34 AM,5 minutes and 44 seconds,Mayra Luna
Tink-a-Tako - Potranco,Silvia Hernandez,64,32,,2,9/16/25 8:32 AM,9/16/25 8:34 AM,2 minutes and 2 seconds,Mayra Luna
Tink-a-Tako - Potranco,Daniela Torres,68,,Lobby,,9/16/25 8:35 AM,9/16/25 8:36 AM,1 minute and 10 seconds,Mayra Luna
Tink-a-Tako - Potranco,Daniela Torres,69,,Lobby,,9/16/25 8:38 AM,9/16/25 8:38 AM,26 seconds,Mayra Luna
Tink-a-Tako - Potranco,Daniela Torres,70,,Lobby,,9/16/25 8:39 AM,9/16/25 8:40 AM,52 seconds,Mayra Luna
Tink-a-Tako - Potranco,Daniela Torres,72,,Lobby,,9/16/25 8:40 AM,9/16/25 8:41 AM,1 minute,Mayra Luna
Tink-a-Tako - Potranco,Daniela Torres,73,,Lobby,,9/16/25 8:41 AM,9/16/25 8:41 AM,34 seconds,Mayra Luna
Tink-a-Tako - Potranco,Juan  Camacho,75,37,Lobby,,9/16/25 8:43 AM,9/16/25 8:44 AM,56 seconds,Mayra Luna
Tink-a-Tako - Potranco,Daniela Torres,74,,Lobby,,9/16/25 8:43 AM,9/16/25 8:45 AM,1 minute and 40 seconds,Mayra Luna
Tink-a-Tako - Potranco,Isabel Cisneros,71,8,Lobby,,9/16/25 8:44 AM,9/16/25 8:46 AM,2 minutes and 24 seconds,Mayra Luna
Tink-a-Tako - Potranco,Isabel Cisneros,76,42,Lobby,,9/16/25 8:47 AM,9/16/25 8:48 AM,51 seconds,Mayra Luna
Tink-a-Tako - Potranco,Juan  Camacho,75,37,,2,9/16/25 8:44 AM,9/16/25 8:49 AM,5 minutes and 11 seconds,Mayra Luna
Tink-a-Tako - Potranco,Isabel Cisneros,71,8,,2,9/16/25 8:46 AM,9/16/25 8:49 AM,2 minutes and 37 seconds,Mayra Luna
Tink-a-Tako - Potranco,Isabel Cisneros,76,42,,2,9/16/25 8:48 AM,9/16/25 8:49 AM,1 minute and 13 seconds,Mayra Luna
Tink-a-Tako - Potranco,Daniela Torres,78,,Lobby,,9/16/25 8:49 AM,9/16/25 8:49 AM,16 seconds,Mayra Luna
Tink-a-Tako - Potranco,Maria Majana,77,,Lobby,,9/16/25 8:48 AM,9/16/25 8:49 AM,1 minute and 1 second,Mayra Luna
Tink-a-Tako - Potranco,Daniela Torres,79,,Lobby,,9/16/25 8:51 AM,9/16/25 8:52 AM,52 seconds,Mayra Luna
Tink-a-Tako - Potranco,Juan  Camacho,81,25,Lobby,,9/16/25 8:54 AM,9/16/25 8:56 AM,2 minutes and 40 seconds,Mayra Luna
Tink-a-Tako - Potranco,Daniela Torres,82,,Lobby,,9/16/25 8:56 AM,9/16/25 8:59 AM,2 minutes and 16 seconds,Mayra Luna
Tink-a-Tako - Potranco,Daniela Torres,84,,Lobby,,9/16/25 8:57 AM,9/16/25 8:59 AM,1 minute and 53 seconds,Mayra Luna
Tink-a-Tako - Potranco,Daniela Torres,80,,Lobby,,9/16/25 8:58 AM,9/16/25 8:59 AM,42 seconds,Mayra Luna
Tink-a-Tako - Potranco,Silvia Hernandez,83,18,Lobby,,9/16/25 8:57 AM,9/16/25 9:02 AM,5 minutes and 9 seconds,Mayra Luna
Tink-a-Tako - Potranco,Isabel Cisneros,71,8,Lobby,,9/16/25 9:01 AM,9/16/25 9:02 AM,1 minute and 41 seconds,Mayra Luna
Tink-a-Tako - Potranco,Daniela Torres,88,,Lobby,,9/16/25 9:02 AM,9/16/25 9:03 AM,54 seconds,Mayra Luna
Tink-a-Tako - Potranco,Daniela Torres,89,,Lobby,,9/16/25 9:03 AM,9/16/25 9:05 AM,1 minute and 49 seconds,Mayra Luna
Tink-a-Tako - Potranco,Isabel Cisneros,86,7,Lobby,,9/16/25 8:59 AM,9/16/25 9:06 AM,7 minutes and 18 seconds,Mayra Luna
Tink-a-Tako - Potranco,Juan  Camacho,87,33,Lobby,,9/16/25 9:07 AM,9/16/25 9:09 AM,1 minute and 48 seconds,Mayra Luna
Tink-a-Tako - Potranco,Daniela Torres,91,,Lobby,,9/16/25 9:05 AM,9/16/25 9:11 AM,5 minutes and 15 seconds,Mayra Luna
Tink-a-Tako - Potranco,Silvia Hernandez,83,18,,2,9/16/25 9:02 AM,9/16/25 9:11 AM,9 minutes and 14 seconds,Mayra Luna
Tink-a-Tako - Potranco,Juan  Camacho,81,25,,2,9/16/25 8:56 AM,9/16/25 9:11 AM,14 minutes and 55 seconds,Mayra Luna
Tink-a-Tako - Potranco,Juan  Camacho,87,33,,2,9/16/25 9:09 AM,9/16/25 9:11 AM,2 minutes and 30 seconds,Mayra Luna
Tink-a-Tako - Potranco,Maria Majana,77,,,2,9/16/25 8:49 AM,9/16/25 9:11 AM,21 minutes and 41 seconds,Mayra Luna
Tink-a-Tako - Potranco,Isabel Cisneros,86,7,,2,9/16/25 9:06 AM,9/16/25 9:11 AM,4 minutes and 47 seconds,Mayra Luna
Tink-a-Tako - Potranco,Isabel Cisneros,71,8,,2,9/16/25 9:02 AM,9/16/25 9:11 AM,8 minutes and 41 seconds,Mayra Luna
Tink-a-Tako - Potranco,Daniela Torres,92,,Lobby,,9/16/25 9:07 AM,9/16/25 9:11 AM,4 minutes and 12 seconds,Mayra Luna
Tink-a-Tako - Potranco,Daniela Torres,93,,Lobby,,9/16/25 9:07 AM,9/16/25 9:11 AM,4 minutes and 7 seconds,Mayra Luna
Tink-a-Tako - Potranco,Daniela Torres,62,,Lobby,,9/16/25 9:10 AM,9/16/25 9:12 AM,1 minute and 42 seconds,Mayra Luna
Tink-a-Tako - Potranco,Silvia Hernandez,90,31,Lobby,,9/16/25 9:05 AM,9/16/25 9:13 AM,8 minutes and 1 second,Mayra Luna
Tink-a-Tako - Potranco,Silvia Hernandez,90,31,Prep,,9/16/25 9:05 AM,9/16/25 9:13 AM,8 minutes and 1 second,Mayra Luna
Tink-a-Tako - Potranco,Silvia Hernandez,90,31,Tortillero,,9/16/25 9:05 AM,9/16/25 9:13 AM,8 minutes and 1 second,Mayra Luna
Tink-a-Tako - Potranco,Daniela Torres,97,,Lobby,,9/16/25 9:13 AM,9/16/25 9:14 AM,1 minute and 11 seconds,Mayra Luna
Tink-a-Tako - Potranco,Daniela Torres,95,,Lobby,,9/16/25 9:09 AM,9/16/25 9:15 AM,5 minutes and 28 seconds,Mayra Luna
Tink-a-Tako - Potranco,Silvia Hernandez,94,17,Lobby,,9/16/25 9:14 AM,9/16/25 9:16 AM,1 minute and 46 seconds,Mayra Luna
Tink-a-Tako - Potranco,Silvia Hernandez,83,18,Lobby,,9/16/25 9:16 AM,9/16/25 9:16 AM,28 seconds,Mayra Luna
Tink-a-Tako - Potranco,Juan  Camacho,99,32,Lobby,,9/16/25 9:15 AM,9/16/25 9:16 AM,1 minute and 14 seconds,Mayra Luna
Tink-a-Tako - Potranco,Daniela Torres,101,,Lobby,,9/16/25 9:16 AM,9/16/25 9:17 AM,58 seconds,Mayra Luna
Tink-a-Tako - Potranco,Daniela Torres,100,,Lobby,,9/16/25 9:16 AM,9/16/25 9:19 AM,2 minutes and 48 seconds,Mayra Luna
Tink-a-Tako - Potranco,Daniela Torres,98,,Lobby,,9/16/25 9:21 AM,9/16/25 9:23 AM,1 minute and 57 seconds,Mayra Luna
Tink-a-Tako - Potranco,Isabel Cisneros,102,10,Lobby,,9/16/25 9:18 AM,9/16/25 9:23 AM,5 minutes and 4 seconds,Mayra Luna
Tink-a-Tako - Potranco,Isabel Cisneros,102,10,Prep,,9/16/25 9:18 AM,9/16/25 9:23 AM,5 minutes and 4 seconds,Mayra Luna
Tink-a-Tako - Potranco,Daniela Torres,103,,Lobby,,9/16/25 9:20 AM,9/16/25 9:23 AM,3 minutes and 44 seconds,Mayra Luna
Tink-a-Tako - Potranco,Daniela Torres,105,,Lobby,,9/16/25 9:23 AM,9/16/25 9:24 AM,31 seconds,Mayra Luna
Tink-a-Tako - Potranco,Isabel Cisneros,102,10,,2,9/16/25 9:23 AM,9/16/25 9:26 AM,3 minutes,Mayra Luna
Tink-a-Tako - Potranco,Silvia Hernandez,90,31,,2,9/16/25 9:13 AM,9/16/25 9:26 AM,12 minutes and 49 seconds,Mayra Luna
Tink-a-Tako - Potranco,Silvia Hernandez,94,17,,2,9/16/25 9:16 AM,9/16/25 9:26 AM,9 minutes and 49 seconds,Mayra Luna
Tink-a-Tako - Potranco,Juan  Camacho,99,32,,2,9/16/25 9:16 AM,9/16/25 9:26 AM,9 minutes and 54 seconds,Mayra Luna
Tink-a-Tako - Potranco,Daniela Torres,106,,Lobby,,9/16/25 9:26 AM,9/16/25 9:27 AM,46 seconds,Mayra Luna
Tink-a-Tako - Potranco,Silvia Hernandez,83,18,,2,9/16/25 9:16 AM,9/16/25 9:28 AM,12 minutes and 4 seconds,Mayra Luna
Tink-a-Tako - Potranco,Juan  Camacho,107,25,Lobby,,9/16/25 9:32 AM,9/16/25 9:33 AM,1 minute and 9 seconds,Mayra Luna
Tink-a-Tako - Potranco,Daniela Torres,104,,Lobby,,9/16/25 9:35 AM,9/16/25 9:37 AM,1 minute and 25 seconds,Mayra Luna
Tink-a-Tako - Potranco,Juan  Camacho,107,25,,2,9/16/25 9:33 AM,9/16/25 9:38 AM,4 minutes and 17 seconds,Mayra Luna
Tink-a-Tako - Potranco,Juan  Camacho,110,9,Lobby,,9/16/25 9:35 AM,9/16/25 9:40 AM,5 minutes and 11 seconds,Mayra Luna
Tink-a-Tako - Potranco,Silvia Hernandez,109,8,Lobby,,9/16/25 9:35 AM,9/16/25 9:40 AM,5 minutes and 11 seconds,Mayra Luna
Tink-a-Tako - Potranco,Maria Majana,114,24,Lobby,,9/16/25 9:39 AM,9/16/25 9:40 AM,1 minute and 55 seconds,Mayra Luna
Tink-a-Tako - Potranco,Daniela Torres,111,,Lobby,,9/16/25 9:38 AM,9/16/25 9:41 AM,3 minutes and 13 seconds,Mayra Luna
Tink-a-Tako - Potranco,Juan  Camacho,115,38,Lobby,,9/16/25 9:41 AM,9/16/25 9:43 AM,2 minutes and 24 seconds,Mayra Luna
Tink-a-Tako - Potranco,Isabel Cisneros,113,18,Lobby,,9/16/25 9:38 AM,9/16/25 9:43 AM,4 minutes and 51 seconds,Mayra Luna
Tink-a-Tako - Potranco,Juan  Camacho,110,9,Lobby,,9/16/25 9:43 AM,9/16/25 9:44 AM,1 minute and 31 seconds,Mayra Luna
Tink-a-Tako - Potranco,Daniela Torres,112,,Lobby,,9/16/25 9:42 AM,9/16/25 9:45 AM,3 minutes and 36 seconds,Mayra Luna
Tink-a-Tako - Potranco,Daniela Torres,117,,Lobby,,9/16/25 9:42 AM,9/16/25 9:45 AM,3 minutes and 4 seconds,Mayra Luna
Tink-a-Tako - Potranco,Daniela Torres,117,,Prep,,9/16/25 9:42 AM,9/16/25 9:45 AM,3 minutes and 4 seconds,Mayra Luna
Tink-a-Tako - Potranco,Silvia Hernandez,116,23,Lobby,,9/16/25 9:42 AM,9/16/25 9:46 AM,4 minutes and 39 seconds,Mayra Luna
Tink-a-Tako - Potranco,Daniela Torres,120,,Lobby,,9/16/25 9:46 AM,9/16/25 9:46 AM,14 seconds,Mayra Luna
Tink-a-Tako - Potranco,Daniela Torres,121,,Lobby,,9/16/25 9:46 AM,9/16/25 9:48 AM,1 minute and 15 seconds,Mayra Luna
Tink-a-Tako - Potranco,Daniela Torres,118,,Lobby,,9/16/25 9:47 AM,9/16/25 9:48 AM,1 minute and 3 seconds,Mayra Luna
Tink-a-Tako - Potranco,Juan  Camacho,122,37,Prep,,9/16/25 9:47 AM,9/16/25 9:50 AM,2 minutes and 49 seconds,Mayra Luna
Tink-a-Tako - Potranco,Juan  Camacho,122,37,Lobby,,9/16/25 9:47 AM,9/16/25 9:50 AM,2 minutes and 49 seconds,Mayra Luna
Tink-a-Tako - Potranco,Juan  Camacho,124,33,Lobby,,9/16/25 9:50 AM,9/16/25 9:51 AM,1 minute and 27 seconds,Mayra Luna
Tink-a-Tako - Potranco,Juan  Camacho,122,37,,2,9/16/25 9:50 AM,9/16/25 9:53 AM,2 minutes and 19 seconds,Mayra Luna
Tink-a-Tako - Potranco,Juan  Camacho,110,9,,2,9/16/25 9:44 AM,9/16/25 9:53 AM,8 minutes and 19 seconds,Mayra Luna
Tink-a-Tako - Potranco,Silvia Hernandez,116,23,,2,9/16/25 9:46 AM,9/16/25 9:53 AM,6 minutes and 12 seconds,Mayra Luna
Tink-a-Tako - Potranco,Juan  Camacho,124,33,,2,9/16/25 9:51 AM,9/16/25 9:53 AM,1 minute and 12 seconds,Mayra Luna
Tink-a-Tako - Potranco,Isabel Cisneros,125,15,Lobby,,9/16/25 9:51 AM,9/16/25 9:54 AM,2 minutes and 52 seconds,Mayra Luna
Tink-a-Tako - Potranco,Daniela Torres,123,,Lobby,,9/16/25 9:52 AM,9/16/25 9:53 AM,1 minute and 7 seconds,Mayra Luna
Tink-a-Tako - Potranco,Juan  Camacho,122,37,Lobby,,9/16/25 9:53 AM,9/16/25 9:54 AM,27 seconds,Mayra Luna
Tink-a-Tako - Potranco,Daniela Torres,128,,Lobby,,9/16/25 9:56 AM,9/16/25 9:56 AM,29 seconds,Mayra Luna
Tink-a-Tako - Potranco,Maria Majana,108,,Lobby,,9/16/25 9:38 AM,9/16/25 9:56 AM,17 minutes and 44 seconds,Mayra Luna
Tink-a-Tako - Potranco,Maria Majana,108,,Prep,,9/16/25 9:38 AM,9/16/25 9:56 AM,17 minutes and 44 seconds,Mayra Luna
Tink-a-Tako - Potranco,Maria Majana,108,,Tortillero,,9/16/25 9:38 AM,9/16/25 9:56 AM,17 minutes and 44 seconds,Mayra Luna
Tink-a-Tako - Potranco,Isabel Cisneros,126,,Lobby,,9/16/25 9:52 AM,9/16/25 9:57 AM,4 minutes and 20 seconds,Mayra Luna
Tink-a-Tako - Potranco,Daniela Torres,128,,Lobby,,9/16/25 9:54 AM,9/16/25 9:57 AM,3 minutes and 24 seconds,Mayra Luna
Tink-a-Tako - Potranco,Daniela Torres,129,,Lobby,,9/16/25 9:55 AM,9/16/25 9:58 AM,3 minutes and 4 seconds,Mayra Luna
Tink-a-Tako - Potranco,Isabel Cisneros,113,18,,2,9/16/25 9:43 AM,9/16/25 9:59 AM,16 minutes and 14 seconds,Mayra Luna
Tink-a-Tako - Potranco,Silvia Hernandez,109,8,,2,9/16/25 9:40 AM,9/16/25 9:59 AM,19 minutes and 36 seconds,Mayra Luna
Tink-a-Tako - Potranco,Maria Majana,108,,,2,9/16/25 9:56 AM,9/16/25 9:59 AM,3 minutes and 23 seconds,Mayra Luna
Tink-a-Tako - Potranco,Juan  Camacho,115,38,,2,9/16/25 9:43 AM,9/16/25 9:59 AM,16 minutes and 23 seconds,Mayra Luna
Tink-a-Tako - Potranco,Isabel Cisneros,126,,,2,9/16/25 9:57 AM,9/16/25 10:04 AM,7 minutes and 21 seconds,Mayra Luna
Tink-a-Tako - Potranco,Juan  Camacho,110,9,,2,9/16/25 9:40 AM,9/16/25 10:04 AM,24 minutes and 6 seconds,Mayra Luna
Tink-a-Tako - Potranco,Juan  Camacho,122,37,,2,9/16/25 9:54 AM,9/16/25 10:04 AM,10 minutes and 9 seconds,Mayra Luna
Tink-a-Tako - Potranco,Daniela Torres,133,,Lobby,,9/16/25 10:05 AM,9/16/25 10:05 AM,35 seconds,Mayra Luna
Tink-a-Tako - Potranco,Silvia Hernandez,130,12,Lobby,,9/16/25 9:59 AM,9/16/25 10:08 AM,8 minutes and 33 seconds,Mayra Luna
Tink-a-Tako - Potranco,Silvia Hernandez,130,12,Prep,,9/16/25 9:59 AM,9/16/25 10:08 AM,8 minutes and 33 seconds,Mayra Luna
Tink-a-Tako - Potranco,Silvia Hernandez,130,12,Tortillero,,9/16/25 9:59 AM,9/16/25 10:08 AM,8 minutes and 33 seconds,Mayra Luna
Tink-a-Tako - Potranco,Daniela Torres,131,,Lobby,,9/16/25 10:00 AM,9/16/25 10:08 AM,7 minutes and 41 seconds,Mayra Luna
Tink-a-Tako - Potranco,Daniela Torres,131,,Prep,,9/16/25 10:00 AM,9/16/25 10:08 AM,7 minutes and 41 seconds,Mayra Luna
Tink-a-Tako - Potranco,Daniela Torres,138,,Lobby,,9/16/25 10:08 AM,9/16/25 10:09 AM,1 minute and 8 seconds,Mayra Luna
Tink-a-Tako - Potranco,Isabel Cisneros,132,17,Lobby,,9/16/25 10:01 AM,9/16/25 10:10 AM,8 minutes and 50 seconds,Mayra Luna
Tink-a-Tako - Potranco,Daniela Torres,127,,Lobby,,9/16/25 10:06 AM,9/16/25 10:10 AM,4 minutes and 2 seconds,Mayra Luna
Tink-a-Tako - Potranco,Daniela Torres,140,,Lobby,,9/16/25 10:09 AM,9/16/25 10:11 AM,1 minute and 41 seconds,Mayra Luna
Tink-a-Tako - Potranco,Maria Majana,136,,Lobby,,9/16/25 10:08 AM,9/16/25 10:11 AM,3 minutes and 16 seconds,Mayra Luna
Tink-a-Tako - Potranco,Daniela Torres,137,,Lobby,,9/16/25 10:07 AM,9/16/25 10:13 AM,5 minutes and 38 seconds,Mayra Luna
Tink-a-Tako - Potranco,Daniela Torres,144,,Lobby,,9/16/25 10:14 AM,9/16/25 10:16 AM,1 minute and 37 seconds,Mayra Luna
Tink-a-Tako - Potranco,Daniela Torres,144,,Prep,,9/16/25 10:14 AM,9/16/25 10:16 AM,1 minute and 37 seconds,Mayra Luna
Tink-a-Tako - Potranco,Daniela Torres,142,,Lobby,,9/16/25 10:12 AM,9/16/25 10:16 AM,4 minutes and 32 seconds,Mayra Luna
Tink-a-Tako - Potranco,Silvia Hernandez,145,26,Lobby,,9/16/25 10:15 AM,9/16/25 10:17 AM,1 minute and 52 seconds,Mayra Luna
Tink-a-Tako - Potranco,Maria Majana,136,,,2,9/16/25 10:11 AM,9/16/25 10:19 AM,7 minutes and 48 seconds,Mayra Luna
Tink-a-Tako - Potranco,Maria Majana,136,,,2,9/16/25 10:17 AM,9/16/25 10:19 AM,1 minute and 54 seconds,Mayra Luna
Tink-a-Tako - Potranco,Juan  Camacho,141,36,Lobby,,9/16/25 10:12 AM,9/16/25 10:19 AM,6 minutes and 33 seconds,Mayra Luna
Tink-a-Tako - Potranco,Juan  Camacho,151,25,Lobby,,9/16/25 10:19 AM,9/16/25 10:19 AM,30 seconds,Mayra Luna
Tink-a-Tako - Potranco,Daniela Torres,135,,Lobby,,9/16/25 10:16 AM,9/16/25 10:20 AM,3 minutes and 35 seconds,Mayra Luna
Tink-a-Tako - Potranco,Isabel Cisneros,143,24,Lobby,,9/16/25 10:13 AM,9/16/25 10:19 AM,6 minutes and 44 seconds,Mayra Luna
Tink-a-Tako - Potranco,Isabel Cisneros,143,24,Prep,,9/16/25 10:13 AM,9/16/25 10:19 AM,6 minutes and 44 seconds,Mayra Luna
Tink-a-Tako - Potranco,Daniela Torres,149,,Lobby,,9/16/25 10:18 AM,9/16/25 10:21 AM,3 minutes and 3 seconds,Mayra Luna
Tink-a-Tako - Potranco,Daniela Torres,153,,Lobby,,9/16/25 10:20 AM,9/16/25 10:22 AM,1 minute and 57 seconds,Mayra Luna
Tink-a-Tako - Potranco,Juan  Camacho,147,7,Lobby,,9/16/25 10:17 AM,9/16/25 10:22 AM,5 minutes and 16 seconds,Mayra Luna
Tink-a-Tako - Potranco,Isabel Cisneros,148,3,Lobby,,9/16/25 10:18 AM,9/16/25 10:22 AM,3 minutes and 58 seconds,Mayra Luna
Tink-a-Tako - Potranco,Juan  Camacho,155,18,Lobby,,9/16/25 10:23 AM,9/16/25 10:24 AM,1 minute and 19 seconds,Mayra Luna
Tink-a-Tako - Potranco,Daniela Torres,152,,Lobby,,9/16/25 10:19 AM,9/16/25 10:24 AM,5 minutes and 8 seconds,Mayra Luna
Tink-a-Tako - Potranco,Isabel Cisneros,143,24,,2,9/16/25 10:19 AM,9/16/25 10:26 AM,7 minutes,Mayra Luna
Tink-a-Tako - Potranco,Juan  Camacho,141,36,,2,9/16/25 10:19 AM,9/16/25 10:26 AM,7 minutes and 31 seconds,Mayra Luna
Tink-a-Tako - Potranco,Isabel Cisneros,132,17,,2,9/16/25 10:10 AM,9/16/25 10:26 AM,16 minutes and 45 seconds,Mayra Luna
Tink-a-Tako - Potranco,Silvia Hernandez,130,12,,2,9/16/25 10:08 AM,9/16/25 10:27 AM,18 minutes and 38 seconds,Mayra Luna
Tink-a-Tako - Potranco,Juan  Camacho,147,7,,2,9/16/25 10:22 AM,9/16/25 10:27 AM,4 minutes and 41 seconds,Mayra Luna
Tink-a-Tako - Potranco,Maria Majana,114,24,,2,9/16/25 9:40 AM,9/16/25 10:27 AM,46 minutes and 9 seconds,Mayra Luna
Tink-a-Tako - Potranco,Silvia Hernandez,145,26,,2,9/16/25 10:17 AM,9/16/25 10:27 AM,9 minutes and 52 seconds,Mayra Luna
Tink-a-Tako - Potranco,Isabel Cisneros,125,15,,2,9/16/25 9:54 AM,9/16/25 10:27 AM,33 minutes and 7 seconds,Mayra Luna
Tink-a-Tako - Potranco,Isabel Cisneros,148,3,,2,9/16/25 10:22 AM,9/16/25 10:27 AM,4 minutes and 47 seconds,Mayra Luna
Tink-a-Tako - Potranco,Daniela Torres,146,,Lobby,,9/16/25 10:22 AM,9/16/25 10:27 AM,5 minutes and 32 seconds,Mayra Luna
Tink-a-Tako - Potranco,Daniela Torres,158,,Lobby,,9/16/25 10:27 AM,9/16/25 10:28 AM,28 seconds,Mayra Luna
Tink-a-Tako - Potranco,Daniela Torres,158,,Lobby,,9/16/25 10:27 AM,9/16/25 10:28 AM,43 seconds,Mayra Luna
Tink-a-Tako - Potranco,Silvia Hernandez,156,8,Lobby,,9/16/25 10:24 AM,9/16/25 10:28 AM,4 minutes and 2 seconds,Mayra Luna
Tink-a-Tako - Potranco,Juan  Camacho,157,33,Lobby,,9/16/25 10:25 AM,9/16/25 10:29 AM,3 minutes and 17 seconds,Mayra Luna
Tink-a-Tako - Potranco,Isabel Cisneros,159,9,Lobby,,9/16/25 10:28 AM,9/16/25 10:29 AM,29 seconds,Mayra Luna
Tink-a-Tako - Potranco,Juan  Camacho,157,33,,2,9/16/25 10:29 AM,9/16/25 10:29 AM,14 seconds,Mayra Luna
Tink-a-Tako - Potranco,Silvia Hernandez,156,8,,2,9/16/25 10:28 AM,9/16/25 10:29 AM,55 seconds,Mayra Luna
Tink-a-Tako - Potranco,Juan  Camacho,151,25,,2,9/16/25 10:19 AM,9/16/25 10:29 AM,9 minutes and 58 seconds,Mayra Luna
Tink-a-Tako - Potranco,Juan  Camacho,155,18,,2,9/16/25 10:24 AM,9/16/25 10:29 AM,5 minutes and 9 seconds,Mayra Luna
Tink-a-Tako - Potranco,Daniela Torres,160,,Lobby,,9/16/25 10:30 AM,9/16/25 10:32 AM,2 minutes and 8 seconds,Mayra Luna
Tink-a-Tako - Potranco,Juan  Camacho,161,19,Lobby,,9/16/25 10:31 AM,9/16/25 10:33 AM,1 minute and 41 seconds,Mayra Luna
Tink-a-Tako - Potranco,Daniela Torres,164,,Lobby,,9/16/25 10:35 AM,9/16/25 10:36 AM,14 seconds,Mayra Luna
Tink-a-Tako - Potranco,Daniela Torres,165,,Lobby,,9/16/25 10:36 AM,9/16/25 10:37 AM,52 seconds,Mayra Luna
Tink-a-Tako - Potranco,Daniela Torres,166,,Lobby,,9/16/25 10:37 AM,9/16/25 10:38 AM,46 seconds,Mayra Luna
Tink-a-Tako - Potranco,Daniela Torres,167,,Lobby,,9/16/25 10:37 AM,9/16/25 10:38 AM,1 minute and 4 seconds,Mayra Luna
Tink-a-Tako - Potranco,Daniela Torres,168,,Lobby,,9/16/25 10:39 AM,9/16/25 10:40 AM,1 minute and 40 seconds,Mayra Luna
Tink-a-Tako - Potranco,Daniela Torres,170,,Lobby,,9/16/25 10:43 AM,9/16/25 10:44 AM,52 seconds,Mayra Luna
Tink-a-Tako - Potranco,Juan  Camacho,161,19,Lobby,,9/16/25 10:45 AM,9/16/25 10:45 AM,16 seconds,Mayra Luna
Tink-a-Tako - Potranco,Daniela Torres,169,,Lobby,,9/16/25 10:43 AM,9/16/25 10:45 AM,2 minutes and 32 seconds,Mayra Luna
Tink-a-Tako - Potranco,Daniela Torres,154,,Lobby,,9/16/25 10:49 AM,9/16/25 10:50 AM,1 minute,Mayra Luna
Tink-a-Tako - Potranco,Silvia Hernandez,172,,Lobby,,9/16/25 10:53 AM,9/16/25 10:54 AM,1 minute and 9 seconds,Mayra Luna
Tink-a-Tako - Potranco,Isabel Cisneros,171,33,Lobby,,9/16/25 10:52 AM,9/16/25 10:55 AM,3 minutes and 25 seconds,Mayra Luna
Tink-a-Tako - Potranco,Juan  Camacho,174,22,Lobby,,9/16/25 10:55 AM,9/16/25 10:58 AM,2 minutes and 59 seconds,Mayra Luna
Tink-a-Tako - Potranco,Daniela Torres,176,,Lobby,,9/16/25 10:58 AM,9/16/25 11:00 AM,1 minute and 40 seconds,Mayra Luna
Tink-a-Tako - Potranco,Silvia Hernandez,178,23,Lobby,,9/16/25 11:01 AM,9/16/25 11:03 AM,2 minutes and 4 seconds,Mayra Luna
Tink-a-Tako - Potranco,Juan  Camacho,161,19,,2,9/16/25 10:33 AM,9/16/25 11:05 AM,32 minutes and 14 seconds,Mayra Luna
Tink-a-Tako - Potranco,Juan  Camacho,161,19,,2,9/16/25 10:45 AM,9/16/25 11:05 AM,19 minutes and 55 seconds,Mayra Luna
Tink-a-Tako - Potranco,Isabel Cisneros,171,33,,2,9/16/25 10:55 AM,9/16/25 11:05 AM,10 minutes and 7 seconds,Mayra Luna
Tink-a-Tako - Potranco,Silvia Hernandez,175,25,,2,9/16/25 10:56 AM,9/16/25 11:05 AM,8 minutes and 43 seconds,Mayra Luna
Tink-a-Tako - Potranco,Silvia Hernandez,172,,,2,9/16/25 10:54 AM,9/16/25 11:05 AM,11 minutes and 9 seconds,Mayra Luna
Tink-a-Tako - Potranco,Isabel Cisneros,159,9,,2,9/16/25 10:29 AM,9/16/25 11:05 AM,36 minutes and 22 seconds,Mayra Luna
Tink-a-Tako - Potranco,Silvia Hernandez,178,23,,2,9/16/25 11:03 AM,9/16/25 11:05 AM,2 minutes and 20 seconds,Mayra Luna
Tink-a-Tako - Potranco,Juan  Camacho,174,22,,2,9/16/25 10:58 AM,9/16/25 11:05 AM,7 minutes and 21 seconds,Mayra Luna
Tink-a-Tako - Potranco,Isabel Cisneros,180,10,Lobby,,9/16/25 11:04 AM,9/16/25 11:07 AM,2 minutes and 50 seconds,Mayra Luna
Tink-a-Tako - Potranco,Maria Majana,181,,Lobby,,9/16/25 11:05 AM,9/16/25 11:07 AM,1 minute and 51 seconds,Mayra Luna
Tink-a-Tako - Potranco,Juan  Camacho,179,24,Lobby,,9/16/25 11:03 AM,9/16/25 11:08 AM,5 minutes and 12 seconds,Mayra Luna
Tink-a-Tako - Potranco,Daniela Torres,177,,Lobby,,9/16/25 11:13 AM,9/16/25 11:14 AM,43 seconds,Mayra Luna
Tink-a-Tako - Potranco,Isabel Cisneros,183,20,Lobby,,9/16/25 11:14 AM,9/16/25 11:18 AM,3 minutes and 50 seconds,Mayra Luna
Tink-a-Tako - Potranco,Silvia Hernandez,185,9,Lobby,,9/16/25 11:18 AM,9/16/25 11:19 AM,36 seconds,Mayra Luna
Tink-a-Tako - Potranco,Daniela Torres,187,,Lobby,,9/16/25 11:20 AM,9/16/25 11:21 AM,46 seconds,Mayra Luna
Tink-a-Tako - Potranco,Isabel Cisneros,180,10,,2,9/16/25 11:07 AM,9/16/25 11:21 AM,14 minutes and 49 seconds,Mayra Luna
Tink-a-Tako - Potranco,Maria Majana,181,,,2,9/16/25 11:07 AM,9/16/25 11:21 AM,14 minutes and 36 seconds,Mayra Luna
Tink-a-Tako - Potranco,Juan  Camacho,179,24,,2,9/16/25 11:08 AM,9/16/25 11:21 AM,13 minutes and 3 seconds,Mayra Luna
Tink-a-Tako - Potranco,Silvia Hernandez,185,9,,2,9/16/25 11:19 AM,9/16/25 11:21 AM,2 minutes and 43 seconds,Mayra Luna
Tink-a-Tako - Potranco,Isabel Cisneros,183,20,,2,9/16/25 11:18 AM,9/16/25 11:21 AM,3 minutes and 41 seconds,Mayra Luna
Tink-a-Tako - Potranco,Daniela Torres,186,,Lobby,,9/16/25 11:19 AM,9/16/25 11:23 AM,3 minutes and 20 seconds,Mayra Luna
Tink-a-Tako - Potranco,Silvia Hernandez,184,9,Prep,,9/16/25 11:18 AM,9/16/25 11:23 AM,4 minutes and 48 seconds,Mayra Luna
Tink-a-Tako - Potranco,Silvia Hernandez,184,9,Tortillero,,9/16/25 11:18 AM,9/16/25 11:23 AM,4 minutes and 48 seconds,Mayra Luna
Tink-a-Tako - Potranco,Silvia Hernandez,184,9,Lobby,,9/16/25 11:18 AM,9/16/25 11:23 AM,4 minutes and 48 seconds,Mayra Luna
Tink-a-Tako - Potranco,Daniela Torres,188,,Lobby,,9/16/25 11:21 AM,9/16/25 11:23 AM,2 minutes and 31 seconds,Mayra Luna
Tink-a-Tako - Potranco,Silvia Hernandez,184,9,,2,9/16/25 11:23 AM,9/16/25 11:24 AM,56 seconds,Mayra Luna
Tink-a-Tako - Potranco,Daniela Torres,194,,Lobby,,9/16/25 11:25 AM,9/16/25 11:25 AM,20 seconds,Mayra Luna
Tink-a-Tako - Potranco,Isabel Cisneros,190,8,Lobby,,9/16/25 11:22 AM,9/16/25 11:29 AM,6 minutes and 23 seconds,Mayra Luna
Tink-a-Tako - Potranco,Daniela Torres,189,,Lobby,,9/16/25 11:23 AM,9/16/25 11:29 AM,6 minutes and 16 seconds,Mayra Luna
Tink-a-Tako - Potranco,Juan  Camacho,193,17,Lobby,,9/16/25 11:25 AM,9/16/25 11:29 AM,4 minutes and 12 seconds,Mayra Luna
Tink-a-Tako - Potranco,Daniela Torres,195,,Lobby,,9/16/25 11:26 AM,9/16/25 11:30 AM,4 minutes and 37 seconds,Mayra Luna
Tink-a-Tako - Potranco,Daniela Torres,199,,Lobby,,9/16/25 11:28 AM,9/16/25 11:31 AM,2 minutes and 35 seconds,Mayra Luna
Tink-a-Tako - Potranco,Maria Majana,196,,Lobby,,9/16/25 11:26 AM,9/16/25 11:31 AM,4 minutes and 17 seconds,Mayra Luna
Tink-a-Tako - Potranco,Daniela Torres,203,,Lobby,,9/16/25 11:32 AM,9/16/25 11:32 AM,26 seconds,Mayra Luna
Tink-a-Tako - Potranco,Juan  Camacho,193,17,Lobby,,9/16/25 11:30 AM,9/16/25 11:33 AM,3 minutes and 4 seconds,Mayra Luna
Tink-a-Tako - Potranco,Daniela Torres,202,,Lobby,,9/16/25 11:31 AM,9/16/25 11:36 AM,4 minutes and 41 seconds,Mayra Luna
Tink-a-Tako - Potranco,Juan  Camacho,201,31,Lobby,,9/16/25 11:33 AM,9/16/25 11:38 AM,5 minutes and 16 seconds,Mayra Luna
Tink-a-Tako - Potranco,Daniela Torres,209,,Lobby,,9/16/25 11:37 AM,9/16/25 11:39 AM,2 minutes and 25 seconds,Mayra Luna
Tink-a-Tako - Potranco,Silvia Hernandez,207,18,Lobby,,9/16/25 11:34 AM,9/16/25 11:39 AM,5 minutes and 39 seconds,Mayra Luna
Tink-a-Tako - Potranco,Juan  Camacho,208,24,Prep,,9/16/25 11:34 AM,9/16/25 11:40 AM,5 minutes and 26 seconds,Mayra Luna
Tink-a-Tako - Potranco,Juan  Camacho,208,24,Lobby,,9/16/25 11:34 AM,9/16/25 11:40 AM,5 minutes and 26 seconds,Mayra Luna
Tink-a-Tako - Potranco,Maria Majana,204,,Tortillero,,9/16/25 11:33 AM,9/16/25 11:40 AM,7 minutes and 44 seconds,Mayra Luna
Tink-a-Tako - Potranco,Maria Majana,204,,Lobby,,9/16/25 11:33 AM,9/16/25 11:40 AM,7 minutes and 44 seconds,Mayra Luna
Tink-a-Tako - Potranco,Daniela Torres,212,,Lobby,,9/16/25 11:39 AM,9/16/25 11:41 AM,1 minute and 43 seconds,Mayra Luna
Tink-a-Tako - Potranco,Juan  Camacho,201,31,Lobby,,9/16/25 11:39 AM,9/16/25 11:41 AM,1 minute and 45 seconds,Mayra Luna
Tink-a-Tako - Potranco,Isabel Cisneros,210,7,Lobby,,9/16/25 11:37 AM,9/16/25 11:41 AM,4 minutes and 52 seconds,Mayra Luna
Tink-a-Tako - Potranco,Juan  Camacho,193,17,,2,9/16/25 11:29 AM,9/16/25 11:42 AM,12 minutes and 35 seconds,Mayra Luna
Tink-a-Tako - Potranco,Isabel Cisneros,190,8,,2,9/16/25 11:29 AM,9/16/25 11:42 AM,13 minutes and 28 seconds,Mayra Luna
Tink-a-Tako - Potranco,Juan  Camacho,193,17,,2,9/16/25 11:33 AM,9/16/25 11:42 AM,8 minutes and 51 seconds,Mayra Luna
Tink-a-Tako - Potranco,Maria Majana,196,,,2,9/16/25 11:31 AM,9/16/25 11:42 AM,11 minutes and 27 seconds,Mayra Luna
Tink-a-Tako - Potranco,Juan  Camacho,201,31,,2,9/16/25 11:38 AM,9/16/25 11:42 AM,4 minutes and 21 seconds,Mayra Luna
Tink-a-Tako - Potranco,Maria Majana,204,,,2,9/16/25 11:40 AM,9/16/25 11:42 AM,1 minute and 45 seconds,Mayra Luna
Tink-a-Tako - Potranco,Silvia Hernandez,207,18,,2,9/16/25 11:39 AM,9/16/25 11:42 AM,2 minutes and 51 seconds,Mayra Luna
Tink-a-Tako - Potranco,Juan  Camacho,208,24,,2,9/16/25 11:40 AM,9/16/25 11:42 AM,2 minutes and 22 seconds,Mayra Luna
Tink-a-Tako - Potranco,Isabel Cisneros,210,7,,2,9/16/25 11:41 AM,9/16/25 11:42 AM,47 seconds,Mayra Luna
Tink-a-Tako - Potranco,Juan  Camacho,201,31,,2,9/16/25 11:41 AM,9/16/25 11:42 AM,1 minute and 13 seconds,Mayra Luna
Tink-a-Tako - Potranco,Daniela Torres,213,,Lobby,,9/16/25 11:41 AM,9/16/25 11:44 AM,2 minutes and 40 seconds,Mayra Luna
Tink-a-Tako - Potranco,Silvia Hernandez,214,39,Lobby,,9/16/25 11:41 AM,9/16/25 11:44 AM,3 minutes and 19 seconds,Mayra Luna
Tink-a-Tako - Potranco,Silvia Hernandez,211,20,Lobby,,9/16/25 11:41 AM,9/16/25 11:45 AM,3 minutes and 8 seconds,Mayra Luna
Tink-a-Tako - Potranco,Isabel Cisneros,210,7,Prep,,9/16/25 11:37 AM,9/16/25 11:47 AM,10 minutes and 23 seconds,Mayra Luna
Tink-a-Tako - Potranco,Isabel Cisneros,210,7,Tortillero,,9/16/25 11:37 AM,9/16/25 11:47 AM,10 minutes and 23 seconds,Mayra Luna
Tink-a-Tako - Potranco,Isabel Cisneros,210,7,Lobby,,9/16/25 11:37 AM,9/16/25 11:47 AM,10 minutes and 23 seconds,Mayra Luna
Tink-a-Tako - Potranco,Silvia Hernandez,214,39,,2,9/16/25 11:44 AM,9/16/25 11:47 AM,2 minutes and 55 seconds,Mayra Luna
Tink-a-Tako - Potranco,Isabel Cisneros,210,7,,2,9/16/25 11:47 AM,9/16/25 11:47 AM,9 seconds,Mayra Luna
Tink-a-Tako - Potranco,Maria Majana,215,,Lobby,,9/16/25 11:43 AM,9/16/25 11:48 AM,5 minutes and 18 seconds,Mayra Luna
Tink-a-Tako - Potranco,Daniela Torres,191,,Lobby,,9/16/25 11:45 AM,9/16/25 11:49 AM,3 minutes and 44 seconds,Mayra Luna
Tink-a-Tako - Potranco,Daniela Torres,191,,Prep,,9/16/25 11:45 AM,9/16/25 11:49 AM,3 minutes and 44 seconds,Mayra Luna
Tink-a-Tako - Potranco,Maria Majana,215,,,2,9/16/25 11:48 AM,9/16/25 11:50 AM,1 minute and 42 seconds,Mayra Luna
Tink-a-Tako - Potranco,Silvia Hernandez,214,39,Lobby,,9/16/25 11:51 AM,9/16/25 11:51 AM,39 seconds,Mayra Luna
Tink-a-Tako - Potranco,Silvia Hernandez,211,20,,2,9/16/25 11:45 AM,9/16/25 11:52 AM,7 minutes and 15 seconds,Mayra Luna
Tink-a-Tako - Potranco,Juan  Camacho,219,25,Tortillero,,9/16/25 11:49 AM,9/16/25 11:53 AM,3 minutes and 56 seconds,Mayra Luna
Tink-a-Tako - Potranco,Juan  Camacho,219,25,Lobby,,9/16/25 11:49 AM,9/16/25 11:53 AM,3 minutes and 56 seconds,Mayra Luna
Tink-a-Tako - Potranco,Daniela Torres,220,,Lobby,,9/16/25 11:51 AM,9/16/25 11:53 AM,2 minutes and 10 seconds,Mayra Luna
Tink-a-Tako - Potranco,Isabel Cisneros,217,23,Lobby,,9/16/25 11:44 AM,9/16/25 11:53 AM,9 minutes and 12 seconds,Mayra Luna
Tink-a-Tako - Potranco,Isabel Cisneros,217,23,Prep,,9/16/25 11:44 AM,9/16/25 11:53 AM,9 minutes and 12 seconds,Mayra Luna
Tink-a-Tako - Potranco,Isabel Cisneros,217,23,Tortillero,,9/16/25 11:44 AM,9/16/25 11:53 AM,9 minutes and 12 seconds,Mayra Luna
Tink-a-Tako - Potranco,Isabel Cisneros,222,22,Lobby,,9/16/25 11:50 AM,9/16/25 11:54 AM,3 minutes and 30 seconds,Mayra Luna
Tink-a-Tako - Potranco,Daniela Torres,218,,Lobby,,9/16/25 11:53 AM,9/16/25 11:54 AM,1 minute and 50 seconds,Mayra Luna
Tink-a-Tako - Potranco,Isabel Cisneros,217,23,Lobby,,9/16/25 11:55 AM,9/16/25 11:56 AM,54 seconds,Mayra Luna
Tink-a-Tako - Potranco,Silvia Hernandez,221,35,Lobby,,9/16/25 11:54 AM,9/16/25 11:56 AM,1 minute and 39 seconds,Mayra Luna
Tink-a-Tako - Potranco,Juan  Camacho,226,19,Lobby,,9/16/25 11:55 AM,9/16/25 11:57 AM,1 minute and 20 seconds,Mayra Luna
Tink-a-Tako - Potranco,Isabel Cisneros,222,22,,2,9/16/25 11:54 AM,9/16/25 11:57 AM,3 minutes and 36 seconds,Mayra Luna
Tink-a-Tako - Potranco,Isabel Cisneros,217,23,,2,9/16/25 11:53 AM,9/16/25 11:57 AM,3 minutes and 51 seconds,Mayra Luna
Tink-a-Tako - Potranco,Juan  Camacho,219,25,,2,9/16/25 11:53 AM,9/16/25 11:57 AM,4 minutes and 41 seconds,Mayra Luna
Tink-a-Tako - Potranco,Silvia Hernandez,221,35,,2,9/16/25 11:56 AM,9/16/25 11:57 AM,1 minute and 39 seconds,Mayra Luna
Tink-a-Tako - Potranco,Silvia Hernandez,214,39,,2,9/16/25 11:51 AM,9/16/25 11:57 AM,5 minutes and 56 seconds,Mayra Luna
Tink-a-Tako - Potranco,Isabel Cisneros,217,23,,2,9/16/25 11:56 AM,9/16/25 11:57 AM,1 minute and 42 seconds,Mayra Luna
Tink-a-Tako - Potranco,Juan  Camacho,227,19,Lobby,,9/16/25 11:55 AM,9/16/25 11:59 AM,3 minutes and 30 seconds,Mayra Luna
Tink-a-Tako - Potranco,Juan  Camacho,225,19,Lobby,,9/16/25 11:55 AM,9/16/25 11:59 AM,4 minutes and 5 seconds,Mayra Luna
Tink-a-Tako - Potranco,Juan  Camacho,228,19,Lobby,,9/16/25 11:55 AM,9/16/25 12:01 PM,6 minutes and 12 seconds,Mayra Luna
Tink-a-Tako - Potranco,Maria Majana,231,,Lobby,,9/16/25 12:01 PM,9/16/25 12:03 PM,1 minute and 40 seconds,Mayra Luna
Tink-a-Tako - Potranco,Isabel Cisneros,229,33,Lobby,,9/16/25 12:00 PM,9/16/25 12:03 PM,3 minutes and 42 seconds,Mayra Luna
Tink-a-Tako - Potranco,Daniela Torres,224,,Lobby,,9/16/25 12:02 PM,9/16/25 12:04 PM,1 minute and 49 seconds,Mayra Luna
Tink-a-Tako - Potranco,Daniela Torres,235,,Lobby,,9/16/25 12:09 PM,9/16/25 12:11 PM,1 minute and 34 seconds,Mayra Luna
Tink-a-Tako - Potranco,Daniela Torres,235,,Prep,,9/16/25 12:09 PM,9/16/25 12:11 PM,1 minute and 34 seconds,Mayra Luna
Tink-a-Tako - Potranco,Daniela Torres,233,,Lobby,,9/16/25 12:08 PM,9/16/25 12:13 PM,5 minutes and 5 seconds,Mayra Luna
Tink-a-Tako - Potranco,Daniela Torres,234,,Lobby,,9/16/25 12:09 PM,9/16/25 12:15 PM,6 minutes and 44 seconds,Mayra Luna
Tink-a-Tako - Potranco,Daniela Torres,236,,Lobby,,9/16/25 12:13 PM,9/16/25 12:18 PM,5 minutes and 20 seconds,Mayra Luna
Tink-a-Tako - Potranco,Daniela Torres,236,,Tortillero,,9/16/25 12:13 PM,9/16/25 12:18 PM,5 minutes and 20 seconds,Mayra Luna
Tink-a-Tako - Potranco,Daniela Torres,236,,Prep,,9/16/25 12:13 PM,9/16/25 12:18 PM,5 minutes and 20 seconds,Mayra Luna
Tink-a-Tako - Potranco,Juan  Camacho,237,16,Lobby,,9/16/25 12:10 PM,9/16/25 12:18 PM,8 minutes and 6 seconds,Mayra Luna
Tink-a-Tako - Potranco,Silvia Hernandez,238,9,Lobby,,9/16/25 12:10 PM,9/16/25 12:18 PM,8 minutes and 8 seconds,Mayra Luna
Tink-a-Tako - Potranco,Isabel Cisneros,241,10,Lobby,,9/16/25 12:14 PM,9/16/25 12:18 PM,4 minutes and 34 seconds,Mayra Luna
Tink-a-Tako - Potranco,Daniela Torres,236,,Lobby,,9/16/25 12:17 PM,9/16/25 12:18 PM,59 seconds,Mayra Luna
Tink-a-Tako - Potranco,Juan  Camacho,239,12,Lobby,,9/16/25 12:11 PM,9/16/25 12:19 PM,7 minutes and 37 seconds,Mayra Luna
Tink-a-Tako - Potranco,Isabel Cisneros,245,42,Lobby,,9/16/25 12:17 PM,9/16/25 12:20 PM,2 minutes and 25 seconds,Mayra Luna
Tink-a-Tako - Potranco,Daniela Torres,248,,Lobby,,9/16/25 12:20 PM,9/16/25 12:23 PM,2 minutes and 15 seconds,Mayra Luna
Tink-a-Tako - Potranco,Juan  Camacho,237,16,,2,9/16/25 12:18 PM,9/16/25 12:23 PM,4 minutes and 20 seconds,Mayra Luna
Tink-a-Tako - Potranco,Silvia Hernandez,238,9,,2,9/16/25 12:18 PM,9/16/25 12:23 PM,4 minutes and 16 seconds,Mayra Luna
Tink-a-Tako - Potranco,Isabel Cisneros,229,33,,2,9/16/25 12:03 PM,9/16/25 12:23 PM,19 minutes and 19 seconds,Mayra Luna
Tink-a-Tako - Potranco,Maria Majana,231,,,2,9/16/25 12:03 PM,9/16/25 12:23 PM,20 minutes and 3 seconds,Mayra Luna
Tink-a-Tako - Potranco,Juan  Camacho,225,19,,2,9/16/25 11:59 AM,9/16/25 12:23 PM,23 minutes and 28 seconds,Mayra Luna
Tink-a-Tako - Potranco,Juan  Camacho,226,19,,2,9/16/25 11:57 AM,9/16/25 12:23 PM,26 minutes and 13 seconds,Mayra Luna
Tink-a-Tako - Potranco,Juan  Camacho,227,19,,2,9/16/25 11:59 AM,9/16/25 12:23 PM,24 minutes and 2 seconds,Mayra Luna
Tink-a-Tako - Potranco,Juan  Camacho,228,19,,2,9/16/25 12:01 PM,9/16/25 12:23 PM,21 minutes and 20 seconds,Mayra Luna
Tink-a-Tako - Potranco,Silvia Hernandez,243,38,Lobby,,9/16/25 12:20 PM,9/16/25 12:23 PM,2 minutes and 59 seconds,Mayra Luna
Tink-a-Tako - Potranco,Silvia Hernandez,244,37,Lobby,,9/16/25 12:20 PM,9/16/25 12:23 PM,3 minutes and 17 seconds,Mayra Luna
Tink-a-Tako - Potranco,Daniela Torres,242,,Lobby,,9/16/25 12:16 PM,9/16/25 12:24 PM,7 minutes and 54 seconds,Mayra Luna
Tink-a-Tako - Potranco,Silvia Hernandez,243,38,,2,9/16/25 12:23 PM,9/16/25 12:26 PM,3 minutes and 7 seconds,Mayra Luna
Tink-a-Tako - Potranco,Isabel Cisneros,245,42,,2,9/16/25 12:20 PM,9/16/25 12:26 PM,6 minutes and 35 seconds,Mayra Luna
Tink-a-Tako - Potranco,Isabel Cisneros,241,10,,2,9/16/25 12:18 PM,9/16/25 12:26 PM,8 minutes and 1 second,Mayra Luna
Tink-a-Tako - Potranco,Juan  Camacho,239,12,,2,9/16/25 12:19 PM,9/16/25 12:26 PM,7 minutes and 28 seconds,Mayra Luna
Tink-a-Tako - Potranco,Silvia Hernandez,244,37,,2,9/16/25 12:23 PM,9/16/25 12:26 PM,3 minutes and 6 seconds,Mayra Luna
Tink-a-Tako - Potranco,Silvia Hernandez,244,37,,2,9/16/25 12:27 PM,9/16/25 12:27 PM,1 second,Mayra Luna
Tink-a-Tako - Potranco,Daniela Torres,249,,Lobby,,9/16/25 12:22 PM,9/16/25 12:28 PM,5 minutes and 37 seconds,Mayra Luna
Tink-a-Tako - Potranco,Daniela Torres,249,,Prep,,9/16/25 12:22 PM,9/16/25 12:28 PM,5 minutes and 37 seconds,Mayra Luna
Tink-a-Tako - Potranco,Daniela Torres,252,,Lobby,,9/16/25 12:28 PM,9/16/25 12:29 PM,1 minute and 25 seconds,Mayra Luna
Tink-a-Tako - Potranco,Daniela Torres,250,,Lobby,,9/16/25 12:26 PM,9/16/25 12:29 PM,2 minutes and 41 seconds,Mayra Luna
Tink-a-Tako - Potranco,Silvia Hernandez,247,18,Lobby,,9/16/25 12:26 PM,9/16/25 12:29 PM,3 minutes and 19 seconds,Mayra Luna
Tink-a-Tako - Potranco,Silvia Hernandez,247,18,Prep,,9/16/25 12:26 PM,9/16/25 12:29 PM,3 minutes and 19 seconds,Mayra Luna
Tink-a-Tako - Potranco,Juan  Camacho,251,31,Lobby,,9/16/25 12:27 PM,9/16/25 12:33 PM,5 minutes and 20 seconds,Mayra Luna
Tink-a-Tako - Potranco,Juan  Camacho,254,24,Lobby,,9/16/25 12:29 PM,9/16/25 12:33 PM,3 minutes and 58 seconds,Mayra Luna
Tink-a-Tako - Potranco,Isabel Cisneros,256,17,Lobby,,9/16/25 12:33 PM,9/16/25 12:37 PM,4 minutes and 38 seconds,Mayra Luna
Tink-a-Tako - Potranco,Isabel Cisneros,256,17,Prep,,9/16/25 12:33 PM,9/16/25 12:37 PM,4 minutes and 38 seconds,Mayra Luna
Tink-a-Tako - Potranco,Isabel Cisneros,256,17,,2,9/16/25 12:37 PM,9/16/25 12:40 PM,2 minutes and 27 seconds,Mayra Luna
Tink-a-Tako - Potranco,Juan  Camacho,254,24,,2,9/16/25 12:33 PM,9/16/25 12:40 PM,7 minutes and 2 seconds,Mayra Luna
Tink-a-Tako - Potranco,Juan  Camacho,251,31,,2,9/16/25 12:33 PM,9/16/25 12:40 PM,7 minutes and 2 seconds,Mayra Luna
Tink-a-Tako - Potranco,Silvia Hernandez,247,18,,2,9/16/25 12:29 PM,9/16/25 12:40 PM,10 minutes and 17 seconds,Mayra Luna
Tink-a-Tako - Potranco,Daniela Torres,240,,Lobby,,9/16/25 12:41 PM,9/16/25 12:43 PM,1 minute and 30 seconds,Mayra Luna
Tink-a-Tako - Potranco,Isabel Cisneros,255,7,Lobby,,9/16/25 12:32 PM,9/16/25 12:43 PM,11 minutes and 12 seconds,Mayra Luna
Tink-a-Tako - Potranco,Daniela Torres,259,,Lobby,,9/16/25 12:42 PM,9/16/25 12:43 PM,1 minute and 11 seconds,Mayra Luna
Tink-a-Tako - Potranco,Silvia Hernandez,261,25,Lobby,,9/16/25 12:44 PM,9/16/25 12:49 PM,5 minutes and 19 seconds,Mayra Luna
Tink-a-Tako - Potranco,Silvia Hernandez,262,23,Lobby,,9/16/25 12:50 PM,9/16/25 12:51 PM,1 minute,Mayra Luna
Tink-a-Tako - Potranco,Daniela Torres,260,,Lobby,,9/16/25 12:52 PM,9/16/25 12:53 PM,1 minute and 26 seconds,Mayra Luna
Tink-a-Tako - Potranco,Daniela Torres,265,,Lobby,,9/16/25 12:54 PM,9/16/25 12:55 PM,57 seconds,Mayra Luna
Tink-a-Tako - Potranco,Daniela Torres,263,,Lobby,,9/16/25 12:58 PM,9/16/25 12:58 PM,52 seconds,Mayra Luna
Tink-a-Tako - Potranco,Maria Majana,267,,Lobby,,9/16/25 12:58 PM,9/16/25 1:01 PM,3 minutes and 8 seconds,Mayra Luna
Tink-a-Tako - Potranco,Daniela Torres,270,,Lobby,,9/16/25 1:00 PM,9/16/25 1:03 PM,2 minutes and 30 seconds,Mayra Luna
Tink-a-Tako - Potranco,Daniela Torres,271,,Lobby,,9/16/25 1:02 PM,9/16/25 1:04 PM,1 minute and 47 seconds,Mayra Luna
Tink-a-Tako - Potranco,Juan  Camacho,264,35,Lobby,,9/16/25 12:54 PM,9/16/25 1:04 PM,10 minutes and 24 seconds,Mayra Luna
Tink-a-Tako - Potranco,Isabel Cisneros,268,33,Lobby,,9/16/25 12:58 PM,9/16/25 1:04 PM,5 minutes and 44 seconds,Mayra Luna
Tink-a-Tako - Potranco,Isabel Cisneros,268,33,Prep,,9/16/25 12:58 PM,9/16/25 1:04 PM,5 minutes and 44 seconds,Mayra Luna
Tink-a-Tako - Potranco,Isabel Cisneros,268,33,Tortillero,,9/16/25 12:58 PM,9/16/25 1:04 PM,5 minutes and 44 seconds,Mayra Luna
Tink-a-Tako - Potranco,Maria Majana,274,,Lobby,,9/16/25 1:04 PM,9/16/25 1:05 PM,1 minute and 2 seconds,Mayra Luna
Tink-a-Tako - Potranco,Daniela Torres,266,,Lobby,,9/16/25 12:59 PM,9/16/25 1:06 PM,7 minutes and 23 seconds,Mayra Luna
Tink-a-Tako - Potranco,Daniela Torres,266,,Tortillero,,9/16/25 12:59 PM,9/16/25 1:06 PM,7 minutes and 23 seconds,Mayra Luna
Tink-a-Tako - Potranco,Daniela Torres,266,,Prep,,9/16/25 12:59 PM,9/16/25 1:06 PM,7 minutes and 23 seconds,Mayra Luna
Tink-a-Tako - Potranco,Daniela Torres,272,,Lobby,,9/16/25 1:04 PM,9/16/25 1:07 PM,2 minutes and 46 seconds,Mayra Luna
Tink-a-Tako - Potranco,Juan  Camacho,264,35,Lobby,,9/16/25 1:04 PM,9/16/25 1:07 PM,2 minutes and 48 seconds,Mayra Luna
Tink-a-Tako - Potranco,Isabel Cisneros,268,33,Lobby,,9/16/25 1:06 PM,9/16/25 1:07 PM,1 minute and 8 seconds,Mayra Luna
Tink-a-Tako - Potranco,Isabel Cisneros,276,39,Lobby,,9/16/25 1:07 PM,9/16/25 1:11 PM,4 minutes and 40 seconds,Mayra Luna
Tink-a-Tako - Potranco,Daniela Torres,277,,Lobby,,9/16/25 1:09 PM,9/16/25 1:11 PM,2 minutes and 53 seconds,Mayra Luna
Tink-a-Tako - Potranco,Daniela Torres,280,,Lobby,,9/16/25 1:11 PM,9/16/25 1:13 PM,1 minute and 21 seconds,Mayra Luna
Tink-a-Tako - Potranco,Isabel Cisneros,278,15,Lobby,,9/16/25 1:11 PM,9/16/25 1:16 PM,5 minutes and 1 second,Mayra Luna
Tink-a-Tako - Potranco,Daniela Torres,281,,Lobby,,9/16/25 1:15 PM,9/16/25 1:18 PM,3 minutes and 54 seconds,Mayra Luna
Tink-a-Tako - Potranco,Daniela Torres,281,,Tortillero,,9/16/25 1:15 PM,9/16/25 1:18 PM,3 minutes and 54 seconds,Mayra Luna
Tink-a-Tako - Potranco,Daniela Torres,281,,Prep,,9/16/25 1:15 PM,9/16/25 1:18 PM,3 minutes and 54 seconds,Mayra Luna
Tink-a-Tako - Potranco,Silvia Hernandez,282,9,Lobby,,9/16/25 1:15 PM,9/16/25 1:19 PM,4 minutes and 40 seconds,Mayra Luna
Tink-a-Tako - Potranco,Isabel Cisneros,255,7,,2,9/16/25 12:43 PM,9/16/25 1:20 PM,36 minutes and 35 seconds,Mayra Luna
Tink-a-Tako - Potranco,Silvia Hernandez,262,23,,2,9/16/25 12:51 PM,9/16/25 1:20 PM,29 minutes and 3 seconds,Mayra Luna
Tink-a-Tako - Potranco,Silvia Hernandez,261,25,,2,9/16/25 12:49 PM,9/16/25 1:20 PM,30 minutes and 29 seconds,Mayra Luna
Tink-a-Tako - Potranco,Maria Majana,267,,,2,9/16/25 1:01 PM,9/16/25 1:20 PM,18 minutes and 39 seconds,Mayra Luna
Tink-a-Tako - Potranco,Juan  Camacho,264,35,,2,9/16/25 1:04 PM,9/16/25 1:20 PM,15 minutes and 39 seconds,Mayra Luna
Tink-a-Tako - Potranco,Isabel Cisneros,276,39,,2,9/16/25 1:11 PM,9/16/25 1:20 PM,8 minutes and 31 seconds,Mayra Luna
Tink-a-Tako - Potranco,Isabel Cisneros,278,15,,2,9/16/25 1:16 PM,9/16/25 1:20 PM,4 minutes and 21 seconds,Mayra Luna
Tink-a-Tako - Potranco,Isabel Cisneros,268,33,,2,9/16/25 1:04 PM,9/16/25 1:20 PM,15 minutes and 42 seconds,Mayra Luna
Tink-a-Tako - Potranco,Juan  Camacho,264,35,,2,9/16/25 1:07 PM,9/16/25 1:20 PM,13 minutes and 10 seconds,Mayra Luna
Tink-a-Tako - Potranco,Isabel Cisneros,268,33,,2,9/16/25 1:07 PM,9/16/25 1:20 PM,12 minutes and 45 seconds,Mayra Luna
Tink-a-Tako - Potranco,Maria Majana,274,,,2,9/16/25 1:05 PM,9/16/25 1:20 PM,14 minutes and 45 seconds,Mayra Luna
Tink-a-Tako - Potranco,Silvia Hernandez,282,9,,2,9/16/25 1:19 PM,9/16/25 1:20 PM,1 minute and 5 seconds,Mayra Luna
Tink-a-Tako - Potranco,Juan  Camacho,284,18,Lobby,,9/16/25 1:20 PM,9/16/25 1:27 PM,7 minutes and 1 second,Mayra Luna
Tink-a-Tako - Potranco,Juan  Camacho,284,18,Lobby,,9/16/25 1:26 PM,9/16/25 1:27 PM,1 minute and 26 seconds,Mayra Luna
Tink-a-Tako - Potranco,Juan  Camacho,287,24,Lobby,,9/16/25 1:23 PM,9/16/25 1:27 PM,3 minutes and 52 seconds,Mayra Luna
Tink-a-Tako - Potranco,Daniela Torres,285,,Lobby,,9/16/25 1:22 PM,9/16/25 1:30 PM,7 minutes and 25 seconds,Mayra Luna
Tink-a-Tako - Potranco,Maria Majana,288,,Lobby,,9/16/25 1:26 PM,9/16/25 1:30 PM,3 minutes and 8 seconds,Mayra Luna
Tink-a-Tako - Potranco,Juan  Camacho,284,18,Lobby,,9/16/25 1:30 PM,9/16/25 1:30 PM,34 seconds,Mayra Luna
Tink-a-Tako - Potranco,Daniela Torres,286,,Lobby,,9/16/25 1:30 PM,9/16/25 1:32 PM,2 minutes and 19 seconds,Mayra Luna
Tink-a-Tako - Potranco,Juan  Camacho,290,25,Lobby,,9/16/25 1:38 PM,9/16/25 1:40 PM,2 minutes and 47 seconds,Mayra Luna
Tink-a-Tako - Potranco,Daniela Torres,292,,Lobby,,9/16/25 1:40 PM,9/16/25 1:41 PM,40 seconds,Mayra Luna
Tink-a-Tako - Potranco,Daniela Torres,289,,Lobby,,9/16/25 1:36 PM,9/16/25 1:45 PM,8 minutes and 28 seconds,Mayra Luna
Tink-a-Tako - Potranco,Daniela Torres,291,,Lobby,,9/16/25 1:39 PM,9/16/25 1:46 PM,7 minutes and 4 seconds,Mayra Luna
Tink-a-Tako - Potranco,Juan  Camacho,294,35,Lobby,,9/16/25 1:42 PM,9/16/25 1:50 PM,7 minutes and 54 seconds,Mayra Luna
Tink-a-Tako - Potranco,Daniela Torres,291,,Lobby,,9/16/25 1:44 PM,9/16/25 1:54 PM,10 minutes,Mayra Luna
Tink-a-Tako - Potranco,Daniela Torres,296,,Lobby,,9/16/25 1:52 PM,9/16/25 1:54 PM,2 minutes and 17 seconds,Mayra Luna
Tink-a-Tako - Potranco,Sergio Abundiz,295,17,Lobby,,9/16/25 1:50 PM,9/16/25 1:54 PM,4 minutes and 47 seconds,Mayra Luna
Tink-a-Tako - Potranco,Daniela Torres,298,,Lobby,,9/16/25 1:55 PM,9/16/25 2:00 PM,5 minutes,Mayra Luna
Tink-a-Tako - Potranco,Juan  Camacho,299,23,Lobby,,9/16/25 1:57 PM,9/16/25 2:01 PM,3 minutes and 45 seconds,Mayra Luna
Tink-a-Tako - Potranco,Daniela Torres,249,,Lobby,,9/16/25 2:01 PM,9/16/25 2:02 PM,1 minute and 24 seconds,Mayra Luna
Tink-a-Tako - Potranco,Daniela Torres,297,,Lobby,,9/16/25 1:53 PM,9/16/25 2:03 PM,9 minutes and 55 seconds,Mayra Luna
Tink-a-Tako - Potranco,Daniela Torres,301,,Lobby,,9/16/25 2:04 PM,9/16/25 2:08 PM,4 minutes and 12 seconds,Mayra Luna
Tink-a-Tako - Potranco,Daniela Torres,303,,Lobby,,9/16/25 2:10 PM,9/16/25 2:12 PM,1 minute and 49 seconds,Mayra Luna
Tink-a-Tako - Potranco,Daniela Torres,304,,Lobby,,9/16/25 2:13 PM,9/16/25 2:15 PM,2 minutes and 1 second,Mayra Luna
Tink-a-Tako - Potranco,Juan  Camacho,302,37,Lobby,,9/16/25 2:10 PM,9/16/25 2:17 PM,6 minutes and 56 seconds,Mayra Luna
Tink-a-Tako - Potranco,Sergio Abundiz,305,33,Lobby,,9/16/25 2:14 PM,9/16/25 2:17 PM,3 minutes and 1 second,Mayra Luna
Tink-a-Tako - Potranco,Daniela Torres,307,,Lobby,,9/16/25 2:23 PM,9/16/25 2:23 PM,37 seconds,Mayra Luna
Tink-a-Tako - Potranco,Sergio Abundiz,306,,Lobby,,9/16/25 2:23 PM,9/16/25 2:26 PM,2 minutes and 19 seconds,Mayra Luna
Tink-a-Tako - Potranco,Daniela Torres,308,,Lobby,,9/16/25 2:26 PM,9/16/25 2:27 PM,1 minute and 38 seconds,Mayra Luna
Tink-a-Tako - Potranco,Juan  Camacho,309,7,Lobby,,9/16/25 2:27 PM,9/16/25 2:31 PM,3 minutes and 51 seconds,Mayra Luna
Tink-a-Tako - Potranco,Daniela Torres,310,,Lobby,,9/16/25 2:32 PM,9/16/25 2:32 PM,6 seconds,Mayra Luna
Tink-a-Tako - Potranco,Melissa Urena,311,,Lobby,,9/16/25 2:46 PM,9/16/25 2:48 PM,1 minute and 58 seconds,Mayra Luna
Tink-a-Tako - Potranco,Melissa Urena,314,,Lobby,,9/16/25 2:47 PM,9/16/25 2:49 PM,1 minute and 23 seconds,Mayra Luna
Tink-a-Tako - Potranco,Melissa Urena,314,,Prep,,9/16/25 2:47 PM,9/16/25 2:49 PM,1 minute and 23 seconds,Mayra Luna
Tink-a-Tako - Potranco,Melissa Urena,315,,Lobby,,9/16/25 2:49 PM,9/16/25 2:50 PM,39 seconds,Mayra Luna
Tink-a-Tako - Potranco,Melissa Urena,315,,Prep,,9/16/25 2:49 PM,9/16/25 2:50 PM,39 seconds,Mayra Luna
Tink-a-Tako - Potranco,Sergio Abundiz,313,,Lobby,,9/16/25 2:47 PM,9/16/25 2:51 PM,3 minutes and 38 seconds,Mayra Luna
Tink-a-Tako - Potranco,Sergio Abundiz,312,33,Lobby,,9/16/25 2:47 PM,9/16/25 2:53 PM,6 minutes and 34 seconds,Mayra Luna
Tink-a-Tako - Potranco,Melissa Urena,316,,Lobby,,9/16/25 2:53 PM,9/16/25 2:54 PM,1 minute and 7 seconds,Mayra Luna
Tink-a-Tako - Potranco,Melissa Urena,314,,Lobby,,9/16/25 2:53 PM,9/16/25 2:54 PM,1 minute and 18 seconds,Mayra Luna
Tink-a-Tako - Potranco,Melissa Urena,319,,Lobby,,9/16/25 3:00 PM,9/16/25 3:02 PM,1 minute and 51 seconds,Mayra Luna
Tink-a-Tako - Potranco,Melissa Urena,319,,Prep,,9/16/25 3:00 PM,9/16/25 3:02 PM,1 minute and 51 seconds,Mayra Luna
Tink-a-Tako - Potranco,Sergio Abundiz,318,22,Lobby,,9/16/25 3:00 PM,9/16/25 3:03 PM,3 minutes and 17 seconds,Mayra Luna
Tink-a-Tako - Potranco,Melissa Urena,321,,Lobby,,9/16/25 3:03 PM,9/16/25 3:04 PM,1 minute and 16 seconds,Mayra Luna
Tink-a-Tako - Potranco,Melissa Urena,321,,Prep,,9/16/25 3:03 PM,9/16/25 3:04 PM,1 minute and 16 seconds,Mayra Luna
Tink-a-Tako - Potranco,Juan  Camacho,322,25,Lobby,,9/16/25 3:04 PM,9/16/25 3:07 PM,2 minutes and 55 seconds,Mayra Luna
Tink-a-Tako - Potranco,Sergio Abundiz,320,39,Lobby,,9/16/25 3:02 PM,9/16/25 3:07 PM,5 minutes and 44 seconds,Mayra Luna
Tink-a-Tako - Potranco,Melissa Urena,323,,Lobby,,9/16/25 3:06 PM,9/16/25 3:11 PM,5 minutes and 12 seconds,Mayra Luna
Tink-a-Tako - Potranco,Melissa Urena,323,,Prep,,9/16/25 3:06 PM,9/16/25 3:11 PM,5 minutes and 12 seconds,Mayra Luna
Tink-a-Tako - Potranco,Sergio Abundiz,324,24,Lobby,,9/16/25 3:08 PM,9/16/25 3:13 PM,5 minutes and 21 seconds,Mayra Luna
Tink-a-Tako - Potranco,Juan  Camacho,325,31,Lobby,,9/16/25 3:13 PM,9/16/25 3:16 PM,3 minutes and 23 seconds,Mayra Luna
Tink-a-Tako - Potranco,Sergio Abundiz,324,24,Lobby,,9/16/25 3:16 PM,9/16/25 3:16 PM,28 seconds,Mayra Luna
Tink-a-Tako - Potranco,Melissa Urena,326,,Lobby,,9/16/25 3:21 PM,9/16/25 3:24 PM,2 minutes and 32 seconds,Mayra Luna
Tink-a-Tako - Potranco,Melissa Urena,326,,Prep,,9/16/25 3:21 PM,9/16/25 3:24 PM,2 minutes and 32 seconds,Mayra Luna
Tink-a-Tako - Potranco,Melissa Urena,327,,Lobby,,9/16/25 3:26 PM,9/16/25 3:26 PM,20 seconds,Mayra Luna
Tink-a-Tako - Potranco,Melissa Urena,327,,Prep,,9/16/25 3:26 PM,9/16/25 3:26 PM,20 seconds,Mayra Luna
Tink-a-Tako - Potranco,Melissa Urena,328,,Lobby,,9/16/25 3:27 PM,9/16/25 3:29 PM,1 minute and 59 seconds,Mayra Luna
Tink-a-Tako - Potranco,Sergio Abundiz,324,24,Lobby,,9/16/25 3:28 PM,9/16/25 3:31 PM,3 minutes and 5 seconds,Mayra Luna
Tink-a-Tako - Potranco,Melissa Urena,329,,Lobby,,9/16/25 3:35 PM,9/16/25 3:35 PM,36 seconds,Mayra Luna
Tink-a-Tako - Potranco,Melissa Urena,329,,Prep,,9/16/25 3:35 PM,9/16/25 3:35 PM,36 seconds,Mayra Luna
Tink-a-Tako - Potranco,Juan  Camacho,331,18,Lobby,,9/16/25 3:37 PM,9/16/25 3:41 PM,3 minutes and 45 seconds,Mayra Luna
Tink-a-Tako - Potranco,Juan  Camacho,299,23,,2,9/16/25 2:01 PM,9/16/25 3:45 PM,"1 hour, 44 minutes and 32 seconds",Mayra Luna
Tink-a-Tako - Potranco,Sergio Abundiz,305,33,,2,9/16/25 2:17 PM,9/16/25 3:45 PM,"1 hour, 28 minutes and 24 seconds",Mayra Luna
Tink-a-Tako - Potranco,Juan  Camacho,302,37,,2,9/16/25 2:17 PM,9/16/25 3:45 PM,"1 hour, 28 minutes and 25 seconds",Mayra Luna
Tink-a-Tako - Potranco,Sergio Abundiz,306,,,2,9/16/25 2:26 PM,9/16/25 3:45 PM,"1 hour, 19 minutes and 40 seconds",Mayra Luna
Tink-a-Tako - Potranco,Sergio Abundiz,313,,,2,9/16/25 2:51 PM,9/16/25 3:45 PM,54 minutes and 32 seconds,Mayra Luna
Tink-a-Tako - Potranco,Sergio Abundiz,318,22,,2,9/16/25 3:03 PM,9/16/25 3:45 PM,42 minutes and 13 seconds,Mayra Luna
Tink-a-Tako - Potranco,Juan  Camacho,309,7,,2,9/16/25 2:31 PM,9/16/25 3:45 PM,"1 hour, 14 minutes and 23 seconds",Mayra Luna
Tink-a-Tako - Potranco,Sergio Abundiz,320,39,,2,9/16/25 3:07 PM,9/16/25 3:45 PM,38 minutes and 6 seconds,Mayra Luna
Tink-a-Tako - Potranco,Juan  Camacho,325,31,,2,9/16/25 3:16 PM,9/16/25 3:46 PM,29 minutes and 18 seconds,Mayra Luna
Tink-a-Tako - Potranco,Sergio Abundiz,324,24,,2,9/16/25 3:13 PM,9/16/25 3:46 PM,32 minutes and 11 seconds,Mayra Luna
Tink-a-Tako - Potranco,Juan  Camacho,322,25,,2,9/16/25 3:07 PM,9/16/25 3:46 PM,38 minutes and 10 seconds,Mayra Luna
Tink-a-Tako - Potranco,Sergio Abundiz,324,24,,2,9/16/25 3:16 PM,9/16/25 3:46 PM,29 minutes and 22 seconds,Mayra Luna
Tink-a-Tako - Potranco,Juan  Camacho,294,35,,2,9/16/25 1:50 PM,9/16/25 3:46 PM,"1 hour, 55 minutes and 44 seconds",Mayra Luna
Tink-a-Tako - Potranco,Juan  Camacho,331,18,,2,9/16/25 3:41 PM,9/16/25 3:46 PM,4 minutes and 32 seconds,Mayra Luna
Tink-a-Tako - Potranco,Sergio Abundiz,324,24,,2,9/16/25 3:31 PM,9/16/25 3:46 PM,14 minutes and 51 seconds,Mayra Luna
Tink-a-Tako - Potranco,Sergio Abundiz,295,17,,2,9/16/25 1:54 PM,9/16/25 3:46 PM,"1 hour, 51 minutes and 7 seconds",Mayra Luna
Tink-a-Tako - Potranco,Sergio Abundiz,312,33,,2,9/16/25 2:53 PM,9/16/25 3:46 PM,52 minutes and 30 seconds,Mayra Luna
Tink-a-Tako - Potranco,Juan  Camacho,290,25,,2,9/16/25 1:40 PM,9/16/25 3:46 PM,"2 hours, 5 minutes and 20 seconds",Mayra Luna
Tink-a-Tako - Potranco,Juan  Camacho,284,18,,2,9/16/25 1:27 PM,9/16/25 3:46 PM,"2 hours, 18 minutes and 32 seconds",Mayra Luna
Tink-a-Tako - Potranco,Juan  Camacho,284,18,,2,9/16/25 1:30 PM,9/16/25 3:46 PM,"2 hours, 15 minutes and 24 seconds",Mayra Luna
Tink-a-Tako - Potranco,Juan  Camacho,284,18,,2,9/16/25 1:27 PM,9/16/25 3:46 PM,"2 hours, 18 minutes and 37 seconds",Mayra Luna
Tink-a-Tako - Potranco,Maria Majana,288,,,2,9/16/25 1:30 PM,9/16/25 3:46 PM,"2 hours, 16 minutes and 13 seconds",Mayra Luna
Tink-a-Tako - Potranco,Juan  Camacho,287,24,,2,9/16/25 1:27 PM,9/16/25 3:46 PM,"2 hours, 18 minutes and 40 seconds",Mayra Luna
Tink-a-Tako - Potranco,Rosie  ORDONEZ,332,36,Lobby,,9/16/25 3:45 PM,9/16/25 3:57 PM,11 minutes and 50 seconds,Mayra Luna
Tink-a-Tako - Potranco,Melissa Urena,330,,Lobby,,9/16/25 3:53 PM,9/16/25 3:59 PM,6 minutes and 35 seconds,Mayra Luna
Tink-a-Tako - Potranco,Melissa Urena,333,,Lobby,,9/16/25 4:09 PM,9/16/25 4:14 PM,5 minutes and 13 seconds,Mayra Luna
Tink-a-Tako - Potranco,Melissa Urena,334,,Lobby,,9/16/25 4:18 PM,9/16/25 4:21 PM,2 minutes and 53 seconds,Mayra Luna
Tink-a-Tako - Potranco,Sergio Abundiz,335,33,Lobby,,9/16/25 4:23 PM,9/16/25 4:27 PM,3 minutes and 36 seconds,Mayra Luna
Tink-a-Tako - Potranco,Melissa Urena,336,,Lobby,,9/16/25 4:27 PM,9/16/25 4:28 PM,1 minute and 11 seconds,Mayra Luna
Tink-a-Tako - Potranco,Sergio Abundiz,337,,Lobby,,9/16/25 4:41 PM,9/16/25 4:46 PM,4 minutes and 33 seconds,Mayra Luna
Tink-a-Tako - Potranco,Melissa Urena,317,,Lobby,,9/16/25 4:54 PM,9/16/25 5:01 PM,7 minutes and 43 seconds,Mayra Luna
Tink-a-Tako - Potranco,Melissa Urena,338,,Lobby,,9/16/25 4:48 PM,9/16/25 5:01 PM,13 minutes and 45 seconds,Mayra Luna
Tink-a-Tako - Potranco,Melissa Urena,338,,Prep,,9/16/25 4:48 PM,9/16/25 5:01 PM,13 minutes and 45 seconds,Mayra Luna
Tink-a-Tako - Potranco,Melissa Urena,317,,Lobby,,9/16/25 4:54 PM,9/16/25 5:01 PM,6 minutes and 55 seconds,Mayra Luna
Tink-a-Tako - Potranco,Sergio Abundiz,339,26,Tortillero,,9/16/25 4:52 PM,9/16/25 5:01 PM,9 minutes and 48 seconds,Mayra Luna
Tink-a-Tako - Potranco,Sergio Abundiz,339,26,Lobby,,9/16/25 4:52 PM,9/16/25 5:01 PM,9 minutes and 48 seconds,Mayra Luna
Tink-a-Tako - Potranco,Melissa Urena,340,,Lobby,,9/16/25 5:00 PM,9/16/25 5:03 PM,2 minutes and 50 seconds,Mayra Luna
Tink-a-Tako - Potranco,Melissa Urena,341,,Lobby,,9/16/25 5:03 PM,9/16/25 5:08 PM,5 minutes and 11 seconds,Mayra Luna
Tink-a-Tako - Potranco,Sergio Abundiz,343,,Lobby,,9/16/25 5:18 PM,9/16/25 5:19 PM,1 minute and 13 seconds,Mayra Luna
Tink-a-Tako - Potranco,Sergio Abundiz,343,,Prep,,9/16/25 5:18 PM,9/16/25 5:19 PM,1 minute and 13 seconds,Mayra Luna
Tink-a-Tako - Potranco,Melissa Urena,345,,Tortillero,,9/16/25 5:27 PM,9/16/25 5:28 PM,46 seconds,Mayra Luna
Tink-a-Tako - Potranco,Melissa Urena,345,,Lobby,,9/16/25 5:27 PM,9/16/25 5:28 PM,46 seconds,Mayra Luna
Tink-a-Tako - Potranco,Melissa Urena,345,,Prep,,9/16/25 5:27 PM,9/16/25 5:28 PM,46 seconds,Mayra Luna
Tink-a-Tako - Potranco,Juan  Camacho,344,35,Lobby,,9/16/25 5:19 PM,9/16/25 5:29 PM,10 minutes and 30 seconds,Mayra Luna
Tink-a-Tako - Potranco,Melissa Urena,347,,Lobby,,9/16/25 5:32 PM,9/16/25 5:35 PM,2 minutes and 35 seconds,Mayra Luna
Tink-a-Tako - Potranco,Melissa Urena,347,,Prep,,9/16/25 5:32 PM,9/16/25 5:35 PM,2 minutes and 35 seconds,Mayra Luna
Tink-a-Tako - Potranco,Melissa Urena,347,,Tortillero,,9/16/25 5:32 PM,9/16/25 5:35 PM,2 minutes and 35 seconds,Mayra Luna
Tink-a-Tako - Potranco,Melissa Urena,346,,Lobby,,9/16/25 5:32 PM,9/16/25 5:35 PM,2 minutes and 52 seconds,Mayra Luna
Tink-a-Tako - Potranco,Juan  Camacho,349,31,Lobby,,9/16/25 5:37 PM,9/16/25 5:46 PM,9 minutes and 41 seconds,Mayra Luna
Tink-a-Tako - Potranco,Melissa Urena,350,,Tortillero,,9/16/25 5:42 PM,9/16/25 5:47 PM,4 minutes and 38 seconds,Mayra Luna
Tink-a-Tako - Potranco,Melissa Urena,350,,Lobby,,9/16/25 5:42 PM,9/16/25 5:47 PM,4 minutes and 38 seconds,Mayra Luna
Tink-a-Tako - Potranco,Melissa Urena,350,,Prep,,9/16/25 5:42 PM,9/16/25 5:47 PM,4 minutes and 38 seconds,Mayra Luna
Tink-a-Tako - Potranco,Melissa Urena,351,,Tortillero,,9/16/25 5:45 PM,9/16/25 5:51 PM,6 minutes,Mayra Luna
Tink-a-Tako - Potranco,Melissa Urena,351,,Lobby,,9/16/25 5:45 PM,9/16/25 5:51 PM,6 minutes,Mayra Luna
Tink-a-Tako - Potranco,Melissa Urena,351,,Prep,,9/16/25 5:45 PM,9/16/25 5:51 PM,6 minutes,Mayra Luna
Tink-a-Tako - Potranco,Melissa Urena,352,,Lobby,,9/16/25 5:46 PM,9/16/25 5:51 PM,4 minutes and 57 seconds,Mayra Luna
Tink-a-Tako - Potranco,Melissa Urena,354,,Tortillero,,9/16/25 5:52 PM,9/16/25 5:57 PM,4 minutes and 55 seconds,Mayra Luna
Tink-a-Tako - Potranco,Melissa Urena,354,,Lobby,,9/16/25 5:52 PM,9/16/25 5:57 PM,4 minutes and 55 seconds,Mayra Luna
Tink-a-Tako - Potranco,Melissa Urena,353,,Lobby,,9/16/25 5:51 PM,9/16/25 5:57 PM,5 minutes and 59 seconds,Mayra Luna
Tink-a-Tako - Potranco,Melissa Urena,355,,Lobby,,9/16/25 6:08 PM,9/16/25 6:15 PM,7 minutes and 10 seconds,Mayra Luna
Tink-a-Tako - Potranco,Sergio Abundiz,357,23,Prep,,9/16/25 6:12 PM,9/16/25 6:17 PM,4 minutes and 39 seconds,Mayra Luna
Tink-a-Tako - Potranco,Sergio Abundiz,357,23,Tortillero,,9/16/25 6:12 PM,9/16/25 6:17 PM,4 minutes and 39 seconds,Mayra Luna
Tink-a-Tako - Potranco,Sergio Abundiz,357,23,Lobby,,9/16/25 6:12 PM,9/16/25 6:17 PM,4 minutes and 39 seconds,Mayra Luna
Tink-a-Tako - Potranco,Melissa Urena,358,,Tortillero,,9/16/25 6:15 PM,9/16/25 6:20 PM,4 minutes and 32 seconds,Mayra Luna
Tink-a-Tako - Potranco,Melissa Urena,358,,Lobby,,9/16/25 6:15 PM,9/16/25 6:20 PM,4 minutes and 32 seconds,Mayra Luna
Tink-a-Tako - Potranco,Melissa Urena,358,,Prep,,9/16/25 6:15 PM,9/16/25 6:20 PM,4 minutes and 32 seconds,Mayra Luna
Tink-a-Tako - Potranco,Melissa Urena,359,,Lobby,,9/16/25 6:22 PM,9/16/25 6:23 PM,13 seconds,Mayra Luna
Tink-a-Tako - Potranco,Sergio Abundiz,363,34,Lobby,,9/16/25 6:26 PM,9/16/25 6:33 PM,7 minutes and 30 seconds,Mayra Luna
Tink-a-Tako - Potranco,Juan  Camacho,364,32,Lobby,,9/16/25 6:26 PM,9/16/25 6:33 PM,6 minutes and 44 seconds,Mayra Luna
Tink-a-Tako - Potranco,Sergio Abundiz,365,9,Lobby,,9/16/25 6:32 PM,9/16/25 6:33 PM,1 minute and 37 seconds,Mayra Luna
Tink-a-Tako - Potranco,Juan  Camacho,362,33,Lobby,,9/16/25 6:26 PM,9/16/25 6:33 PM,7 minutes and 3 seconds,Mayra Luna
Tink-a-Tako - Potranco,Melissa Urena,361,,Lobby,,9/16/25 6:37 PM,9/16/25 6:40 PM,3 minutes and 11 seconds,Mayra Luna
Tink-a-Tako - Potranco,Melissa Urena,367,,Lobby,,9/16/25 6:38 PM,9/16/25 6:41 PM,2 minutes and 59 seconds,Mayra Luna
Tink-a-Tako - Potranco,Melissa Urena,367,,Prep,,9/16/25 6:38 PM,9/16/25 6:41 PM,2 minutes and 59 seconds,Mayra Luna
Tink-a-Tako - Potranco,Sergio Abundiz,366,39,Lobby,,9/16/25 6:40 PM,9/16/25 6:44 PM,3 minutes and 39 seconds,Mayra Luna
Tink-a-Tako - Potranco,Melissa Urena,368,,Lobby,,9/16/25 6:43 PM,9/16/25 6:47 PM,4 minutes and 42 seconds,Mayra Luna
Tink-a-Tako - Potranco,Melissa Urena,368,,Prep,,9/16/25 6:43 PM,9/16/25 6:47 PM,4 minutes and 42 seconds,Mayra Luna
Tink-a-Tako - Potranco,Melissa Urena,370,,Lobby,,9/16/25 6:48 PM,9/16/25 6:51 PM,2 minutes and 26 seconds,Mayra Luna
Tink-a-Tako - Potranco,Sergio Abundiz,363,34,,2,9/16/25 6:33 PM,9/16/25 6:54 PM,21 minutes and 6 seconds,Mayra Luna
Tink-a-Tako - Potranco,Juan  Camacho,349,31,,2,9/16/25 5:46 PM,9/16/25 6:54 PM,"1 hour, 7 minutes and 56 seconds",Mayra Luna
Tink-a-Tako - Potranco,Sergio Abundiz,357,23,,2,9/16/25 6:17 PM,9/16/25 6:54 PM,37 minutes and 8 seconds,Mayra Luna
Tink-a-Tako - Potranco,Juan  Camacho,362,33,,2,9/16/25 6:33 PM,9/16/25 6:54 PM,21 minutes and 7 seconds,Mayra Luna
Tink-a-Tako - Potranco,Sergio Abundiz,365,9,,2,9/16/25 6:33 PM,9/16/25 6:54 PM,21 minutes and 7 seconds,Mayra Luna
Tink-a-Tako - Potranco,Sergio Abundiz,366,39,,2,9/16/25 6:44 PM,9/16/25 6:54 PM,10 minutes and 18 seconds,Mayra Luna
Tink-a-Tako - Potranco,Juan  Camacho,344,35,,2,9/16/25 5:29 PM,9/16/25 6:54 PM,"1 hour, 24 minutes and 58 seconds",Mayra Luna
Tink-a-Tako - Potranco,Juan  Camacho,364,32,,2,9/16/25 6:33 PM,9/16/25 6:54 PM,21 minutes and 10 seconds,Mayra Luna
Tink-a-Tako - Potranco,Rosie  ORDONEZ,332,36,,2,9/16/25 3:57 PM,9/16/25 6:54 PM,"2 hours, 57 minutes and 41 seconds",Mayra Luna
Tink-a-Tako - Potranco,Sergio Abundiz,335,33,,2,9/16/25 4:27 PM,9/16/25 6:54 PM,"2 hours, 27 minutes and 17 seconds",Mayra Luna
Tink-a-Tako - Potranco,Sergio Abundiz,339,26,,2,9/16/25 5:01 PM,9/16/25 6:54 PM,"1 hour, 52 minutes and 53 seconds",Mayra Luna
Tink-a-Tako - Potranco,Sergio Abundiz,337,,,2,9/16/25 4:46 PM,9/16/25 6:54 PM,"2 hours, 8 minutes and 34 seconds",Mayra Luna
Tink-a-Tako - Potranco,Sergio Abundiz,343,,,2,9/16/25 5:19 PM,9/16/25 6:54 PM,"1 hour, 34 minutes and 55 seconds",Mayra Luna
Tink-a-Tako - Potranco,Rosie  ORDONEZ,369,,Lobby,,9/16/25 6:47 PM,9/16/25 6:57 PM,10 minutes and 18 seconds,Mayra Luna
Tink-a-Tako - Potranco,Juan  Camacho,372,37,Lobby,,9/16/25 6:54 PM,9/16/25 6:58 PM,4 minutes and 8 seconds,Mayra Luna
Tink-a-Tako - Potranco,Sergio Abundiz,374,24,Lobby,,9/16/25 6:55 PM,9/16/25 6:58 PM,2 minutes and 34 seconds,Mayra Luna
Tink-a-Tako - Potranco,Sergio Abundiz,373,4,Lobby,,9/16/25 6:55 PM,9/16/25 6:58 PM,3 minutes and 19 seconds,Mayra Luna
Tink-a-Tako - Potranco,Sergio Abundiz,374,24,,2,9/16/25 6:58 PM,9/16/25 7:04 PM,5 minutes and 42 seconds,Mayra Luna
Tink-a-Tako - Potranco,Sergio Abundiz,373,4,,2,9/16/25 6:58 PM,9/16/25 7:04 PM,5 minutes and 25 seconds,Mayra Luna
Tink-a-Tako - Potranco,Rosie  ORDONEZ,369,,,2,9/16/25 6:57 PM,9/16/25 7:04 PM,6 minutes and 45 seconds,Mayra Luna
Tink-a-Tako - Potranco,Juan  Camacho,372,37,,2,9/16/25 6:58 PM,9/16/25 7:04 PM,5 minutes and 49 seconds,Mayra Luna
Tink-a-Tako - Potranco,Melissa Urena,375,,Lobby,,9/16/25 7:05 PM,9/16/25 7:07 PM,1 minute and 54 seconds,Mayra Luna
Tink-a-Tako - Potranco,Melissa Urena,375,,Prep,,9/16/25 7:05 PM,9/16/25 7:07 PM,1 minute and 54 seconds,Mayra Luna
Tink-a-Tako - Potranco,Melissa Urena,371,,Lobby,,9/16/25 7:03 PM,9/16/25 7:11 PM,8 minutes and 31 seconds,Mayra Luna
Tink-a-Tako - Potranco,Melissa Urena,371,,Prep,,9/16/25 7:03 PM,9/16/25 7:11 PM,8 minutes and 31 seconds,Mayra Luna
Tink-a-Tako - Potranco,Melissa Urena,377,,Lobby,,9/16/25 7:13 PM,9/16/25 7:13 PM,35 seconds,Mayra Luna
Tink-a-Tako - Potranco,Melissa Urena,379,,Lobby,,9/16/25 7:14 PM,9/16/25 7:22 PM,7 minutes and 54 seconds,Mayra Luna
Tink-a-Tako - Potranco,Melissa Urena,379,,Prep,,9/16/25 7:14 PM,9/16/25 7:22 PM,7 minutes and 54 seconds,Mayra Luna
Tink-a-Tako - Potranco,Sergio Abundiz,374,24,Lobby,,9/16/25 7:30 PM,9/16/25 7:36 PM,6 minutes and 19 seconds,Mayra Luna
Tink-a-Tako - Potranco,Melissa Urena,380,,Lobby,,9/16/25 7:30 PM,9/16/25 7:43 PM,13 minutes and 12 seconds,Mayra Luna
Tink-a-Tako - Potranco,Melissa Urena,381,,Tortillero,,9/16/25 7:37 PM,9/16/25 7:46 PM,9 minutes and 11 seconds,Mayra Luna
Tink-a-Tako - Potranco,Melissa Urena,381,,Lobby,,9/16/25 7:37 PM,9/16/25 7:46 PM,9 minutes and 11 seconds,Mayra Luna
Tink-a-Tako - Potranco,Melissa Urena,381,,Prep,,9/16/25 7:37 PM,9/16/25 7:46 PM,9 minutes and 11 seconds,Mayra Luna
Tink-a-Tako - Potranco,Sergio Abundiz,382,37,Lobby,,9/16/25 7:48 PM,9/16/25 7:50 PM,1 minute and 18 seconds,Mayra Luna
Tink-a-Tako - Potranco,Sergio Abundiz,382,37,Lobby,,9/16/25 7:42 PM,9/16/25 7:50 PM,8 minutes and 1 second,Mayra Luna
Tink-a-Tako - Potranco,Melissa Urena,383,,Lobby,,9/16/25 7:50 PM,9/16/25 7:54 PM,3 minutes and 27 seconds,Mayra Luna
Tink-a-Tako - Potranco,Melissa Urena,384,,Lobby,,9/16/25 8:04 PM,9/16/25 8:09 PM,4 minutes and 20 seconds,Mayra Luna
Tink-a-Tako - Potranco,Melissa Urena,384,,Tortillero,,9/16/25 8:04 PM,9/16/25 8:09 PM,4 minutes and 20 seconds,Mayra Luna
Tink-a-Tako - Potranco,Melissa Urena,384,,Prep,,9/16/25 8:04 PM,9/16/25 8:09 PM,4 minutes and 20 seconds,Mayra Luna
Tink-a-Tako - Potranco,Melissa Urena,385,,Lobby,,9/16/25 8:05 PM,9/16/25 8:09 PM,4 minutes and 11 seconds,Mayra Luna
Tink-a-Tako - Potranco,Melissa Urena,385,,Prep,,9/16/25 8:05 PM,9/16/25 8:09 PM,4 minutes and 11 seconds,Mayra Luna
Tink-a-Tako - Potranco,Sergio Abundiz,382,37,,2,9/16/25 7:50 PM,9/16/25 8:28 PM,38 minutes and 7 seconds,Mayra Luna
Tink-a-Tako - Potranco,Sergio Abundiz,382,37,,2,9/16/25 7:50 PM,9/16/25 8:28 PM,38 minutes and 7 seconds,Mayra Luna
Tink-a-Tako - Potranco,Sergio Abundiz,374,24,,2,9/16/25 7:36 PM,9/16/25 8:28 PM,51 minutes and 37 seconds,Mayra Luna
Tink-a-Tako - Potranco,Melissa Urena,387,,Lobby,,9/16/25 8:15 PM,9/16/25 8:29 PM,13 minutes and 54 seconds,Mayra Luna
Tink-a-Tako - Potranco,Melissa Urena,387,,Prep,,9/16/25 8:15 PM,9/16/25 8:29 PM,13 minutes and 54 seconds,Mayra Luna
Tink-a-Tako - Potranco,Juan  Camacho,390,35,Lobby,,9/16/25 8:26 PM,9/16/25 8:33 PM,7 minutes and 15 seconds,Mayra Luna
Tink-a-Tako - Potranco,Juan  Camacho,390,35,,2,9/16/25 8:33 PM,9/16/25 8:50 PM,16 minutes and 29 seconds,Mayra Luna
Tink-a-Tako - Potranco,Melissa Urena,388,,Lobby,,9/16/25 8:48 PM,9/16/25 9:19 PM,31 minutes and 15 seconds,Mayra Luna
