Order #,Opened Date,Void Date,Server,Approver,Item Name,Reason,Item Quantity,Total Price
42,9/16/25 8:03 AM,9/16/25 8:11 AM,Daniela Torres,Mayra Luna,Tripa Taco,Customer Changed Mind,1.0,4.93
214,9/16/25 11:41 AM,9/16/25 12:03 PM,Silvia Hernandez,Zoila Salinas,Huevos Ranchero Plate,Customer Changed Mind,1.0,7.99
214,9/16/25 11:41 AM,9/16/25 12:03 PM,Silvia Hernandez,Zoila Salinas,Lengua Taco,Customer Changed Mind,1.0,4.39
244,9/16/25 12:17 PM,9/16/25 12:41 PM,Silvia Hernandez,Zoila Salinas,Carne Guisada Taco,Customer Changed Mind,1.0,4.39
244,9/16/25 12:17 PM,9/16/25 12:41 PM,Silvia Hernandez,Zoila Salinas,Asada Taco,Customer Changed Mind,1.0,4.89
244,9/16/25 12:17 PM,9/16/25 12:41 PM,Silvia Hernandez,Zoila Salinas,Avoc Sli,Customer Changed Mind,1.0,0.50
290,9/16/25 1:37 PM,9/16/25 1:59 PM,Juan  Camacho,Zoila Salinas,Tue - Flautas Plt SP,Customer Changed Mind,1.0,8.99
290,9/16/25 1:37 PM,9/16/25 1:59 PM,Juan  Camacho,Zoila Salinas,No Crema,Customer Changed Mind,1.0,0.00
343,9/16/25 5:17 PM,9/16/25 8:34 PM,Sergio Abundiz,Rosie  ORDONEZ,(1) Flour tort,Customer Changed Mind,2.0,1.00
343,9/16/25 5:17 PM,9/16/25 8:34 PM,Sergio Abundiz,Rosie  ORDONEZ,Side Beans,Customer Changed Mind,1.0,2.00
382,9/16/25 7:41 PM,9/16/25 8:33 PM,Sergio Abundiz,Rosie  ORDONEZ,Carne Guisada Taco,Customer Changed Mind,1.0,4.39
384,9/16/25 8:04 PM,9/16/25 8:34 PM,Melissa Urena,Rosie  ORDONEZ,(1) Corn tort,Customer Changed Mind,2.0,1.00
