Location,Order #,Opened Date,Server,Table,Discount Name,Discount Reason,Comment,Discount Amount
Tink-a-Tako - Potranco,343,9/10/25 7:38 PM,Melissa Urena,,Military Discount,,,0.54
Tink-a-Tako - Potranco,276,9/10/25 3:08 PM,Juan  Camacho,25,Military Discount,,,1.40
Tink-a-Tako - Potranco,231,9/10/25 12:27 PM,Norma Vasquez,7,Open % Item,,,0.80
Tink-a-Tako - Potranco,214,9/10/25 12:03 PM,Rosa Compean,35,Open % Item,,,1.20
Tink-a-Tako - Potranco,210,9/10/25 11:57 AM,Rosa Compean,22,Open % Item,,,1.60
Tink-a-Tako - Potranco,203,9/10/25 11:46 AM,Norma Vasquez,,Open % Item,,,0.90
Tink-a-Tako - Potranco,180,9/10/25 11:09 AM,Zoila Salinas,,Manager Comp - Item,,,8.99
Tink-a-Tako - Potranco,174,9/10/25 11:03 AM,Norma Vasquez,7,Open % Item,,,0.20
Tink-a-Tako - Potranco,174,9/10/25 11:03 AM,Norma Vasquez,7,Open % Item,,,0.70
Tink-a-Tako - Potranco,174,9/10/25 11:03 AM,Norma Vasquez,7,Open % Item,,,0.70
Tink-a-Tako - Potranco,135,9/10/25 9:53 AM,Esperansa Caviedes,31,Open % Item,,,0.48
Tink-a-Tako - Potranco,122,9/10/25 9:43 AM,Daniela Torres,,Military Discount,,,0.40
Tink-a-Tako - Potranco,122,9/10/25 9:43 AM,Daniela Torres,,Military Discount,,,0.40
Tink-a-Tako - Potranco,122,9/10/25 9:43 AM,Daniela Torres,,Military Discount,,,0.88
Tink-a-Tako - Potranco,83,9/10/25 8:54 AM,Ivana Abundiz,,Employee Discount - Check,Employee Discount,Emp,10.07
Tink-a-Tako - Potranco,7,9/10/25 6:45 AM,Daniela Torres,,Police Discount,,,3.98
Tink-a-Tako - Potranco,7,9/10/25 6:45 AM,Daniela Torres,,Police Discount,,,2.90
Tink-a-Tako - Potranco,7,9/10/25 6:45 AM,Daniela Torres,,Police Discount,,,0.90
