Check #,Table,Payment Type,Server,Cashier,Tip,Amount,Cash Drawer,Date,Opened Date
2,,CREDIT,Daniela,Daniela,0.00,9.16,,9/10/25 6:35 AM,9/10/25 6:34 AM
4,,CASH,Daniela,Daniela,0.00,22.70,,9/10/25 6:42 AM,9/10/25 6:37 AM
3,,CASH,Daniela,Daniela,0.00,8.84,,9/10/25 6:44 AM,9/10/25 6:38 AM
6,,CREDIT,Daniela,Daniela,0.00,6.80,,9/10/25 6:46 AM,9/10/25 6:45 AM
7,,CREDIT,Daniela,Daniela,0.00,8.40,,9/10/25 6:52 AM,9/10/25 6:45 AM
9,,CREDIT,Daniela,Daniela,0.00,4.09,,9/10/25 6:53 AM,9/10/25 6:46 AM
5,,CREDIT,Daniela,Daniela,0.00,12.13,,9/10/25 6:55 AM,9/10/25 6:47 AM
10,,CREDIT,Daniela,Daniela,0.00,25.21,,9/10/25 6:56 AM,9/10/25 6:51 AM
11,,CREDIT,Daniela,Daniela,0.00,12.93,,9/10/25 6:57 AM,9/10/25 6:55 AM
13,,CREDIT,Daniela,Daniela,0.00,9.28,,9/10/25 7:01 AM,9/10/25 7:01 AM
8,15,CREDIT,Norma,Norma,5.00,18.32,,9/10/25 7:04 AM,9/10/25 6:45 AM
14,,CREDIT,Daniela,Daniela,0.00,9.54,,9/10/25 7:07 AM,9/10/25 7:07 AM
16,,CREDIT,Daniela,Daniela,0.00,7.02,,9/10/25 7:11 AM,9/10/25 7:08 AM
17,,CASH,Daniela,Daniela,0.00,8.63,,9/10/25 7:11 AM,9/10/25 7:09 AM
19,,CASH,Daniela,Daniela,0.00,2.15,,9/10/25 7:15 AM,9/10/25 7:14 AM
20,,CREDIT,Daniela,Daniela,0.00,7.77,,9/10/25 7:20 AM,9/10/25 7:20 AM
12,,CREDIT,Daniela,Daniela,0.00,4.31,,9/10/25 7:23 AM,9/10/25 7:22 AM
27,,CREDIT,Norma,Norma,0.00,7.34,,9/10/25 7:28 AM,9/10/25 7:28 AM
23,,CREDIT,Daniela,Daniela,0.00,7.88,,9/10/25 7:30 AM,9/10/25 7:25 AM
32,,CREDIT,Norma,Norma,5.00,14.86,,9/10/25 7:33 AM,9/10/25 7:33 AM
15,33,CASH,Norma,Norma,0.00,5.29,,9/10/25 7:33 AM,9/10/25 7:03 AM
24,,CREDIT,Daniela,Daniela,0.00,10.25,,9/10/25 7:33 AM,9/10/25 7:26 AM
25,,CASH,Daniela,Daniela,0.00,5.39,,9/10/25 7:34 AM,9/10/25 7:26 AM
35,,CREDIT,Norma,Norma,0.00,4.31,,9/10/25 7:35 AM,9/10/25 7:35 AM
26,,CREDIT,Daniela,Daniela,0.00,14.84,,9/10/25 7:35 AM,9/10/25 7:28 AM
30,,CREDIT,Daniela,Daniela,0.00,15.09,,9/10/25 7:36 AM,9/10/25 7:31 AM
33,,CREDIT,Daniela,Daniela,0.00,10.78,,9/10/25 7:37 AM,9/10/25 7:34 AM
34,,CREDIT,Daniela,Daniela,0.00,10.34,,9/10/25 7:38 AM,9/10/25 7:35 AM
37,,CREDIT,Daniela,Daniela,0.00,8.63,,9/10/25 7:39 AM,9/10/25 7:35 AM
38,,CASH,Daniela,Daniela,0.00,9.70,,9/10/25 7:40 AM,9/10/25 7:38 AM
22,,CREDIT,Daniela,Daniela,0.00,4.96,,9/10/25 7:48 AM,9/10/25 7:47 AM
41,,CREDIT,Daniela,Daniela,0.00,4.63,,9/10/25 7:55 AM,9/10/25 7:54 AM
43,,CREDIT,Daniela,Daniela,0.00,11.12,,9/10/25 8:01 AM,9/10/25 8:00 AM
44,,CREDIT,Daniela,Daniela,0.00,4.31,,9/10/25 8:02 AM,9/10/25 8:02 AM
40,,CASH,Daniela,Daniela,0.00,4.64,,9/10/25 8:03 AM,9/10/25 8:02 AM
48,,CREDIT,Daniela,Daniela,0.00,9.61,,9/10/25 8:09 AM,9/10/25 8:07 AM
46,,CREDIT,Daniela,Daniela,0.00,5.19,,9/10/25 8:09 AM,9/10/25 8:08 AM
51,,CREDIT,Daniela,Daniela,0.00,11.33,,9/10/25 8:12 AM,9/10/25 8:11 AM
39,22,CREDIT,Norma,,2.95,15.94,,9/10/25 8:15 AM,9/10/25 7:47 AM
42,,CREDIT,Norma,Norma,2.00,15.88,,9/10/25 8:18 AM,9/10/25 7:54 AM
50,,CREDIT,Daniela,Daniela,0.00,3.88,,9/10/25 8:18 AM,9/10/25 8:16 AM
54,,CREDIT,Daniela,Daniela,0.00,4.30,,9/10/25 8:18 AM,9/10/25 8:17 AM
55,,CREDIT,Daniela,Daniela,0.00,5.29,,9/10/25 8:22 AM,9/10/25 8:21 AM
47,11,CASH,Norma,Norma,0.00,12.97,,9/10/25 8:24 AM,9/10/25 8:05 AM
58,,CASH,Daniela,Daniela,0.00,4.75,,9/10/25 8:24 AM,9/10/25 8:22 AM
59,,CREDIT,Daniela,Daniela,0.00,4.31,,9/10/25 8:29 AM,9/10/25 8:27 AM
65,,CREDIT,Daniela,Daniela,0.00,8.09,,9/10/25 8:30 AM,9/10/25 8:30 AM
53,25,CREDIT,Norma,Norma,4.00,8.42,,9/10/25 8:30 AM,9/10/25 8:13 AM
66,,CREDIT,Daniela,Daniela,0.00,4.63,,9/10/25 8:33 AM,9/10/25 8:32 AM
68,,CREDIT,Daniela,Daniela,0.00,9.18,,9/10/25 8:38 AM,9/10/25 8:33 AM
72,,CREDIT,Ivana,Ivana,2.00,12.16,,9/10/25 8:39 AM,9/10/25 8:39 AM
61,,CREDIT,Daniela,Daniela,0.00,6.45,,9/10/25 8:39 AM,9/10/25 8:35 AM
70,,CREDIT,Daniela,Daniela,0.00,12.18,,9/10/25 8:40 AM,9/10/25 8:37 AM
62,32,CREDIT,Norma,Norma,5.00,18.37,,9/10/25 8:42 AM,9/10/25 8:27 AM
71,,CREDIT,Daniela,Daniela,0.00,8.19,,9/10/25 8:42 AM,9/10/25 8:38 AM
56,,CREDIT,Daniela,Daniela,0.00,28.01,,9/10/25 8:48 AM,9/10/25 8:19 AM
78,,CREDIT,Ivana,Ivana,0.00,5.94,,9/10/25 8:49 AM,9/10/25 8:48 AM
74,,CREDIT,Daniela,Daniela,0.00,9.05,,9/10/25 8:49 AM,9/10/25 8:40 AM
79,,CREDIT,Ivana,Ivana,0.00,11.43,,9/10/25 8:49 AM,9/10/25 8:49 AM
75,,CREDIT,Daniela,Daniela,0.00,29.28,,9/10/25 8:50 AM,9/10/25 8:42 AM
73,,CREDIT,Daniela,Daniela,0.00,26.11,,9/10/25 8:52 AM,9/10/25 8:49 AM
76,,CREDIT,Ivana,Ivana,0.00,11.86,,9/10/25 8:54 AM,9/10/25 8:47 AM
81,,CREDIT,Daniela,Daniela,0.00,13.81,,9/10/25 8:55 AM,9/10/25 8:50 AM
67,1,CREDIT,Rosa,Rosa,0.00,27.88,,9/10/25 8:56 AM,9/10/25 8:32 AM
57,10,CREDIT,Esperansa,Esperansa,0.00,65.49,,9/10/25 8:56 AM,9/10/25 8:20 AM
80,,CREDIT,Daniela,Daniela,0.00,19.64,,9/10/25 8:57 AM,9/10/25 8:52 AM
82,,CREDIT,Daniela,Daniela,0.00,8.62,,9/10/25 9:00 AM,9/10/25 8:55 AM
87,,CREDIT,Ivana,Ivana,0.00,10.03,,9/10/25 9:00 AM,9/10/25 8:59 AM
84,,CREDIT,Daniela,Daniela,0.00,22.44,,9/10/25 9:01 AM,9/10/25 8:57 AM
90,,CREDIT,Norma,Norma,1.69,4.31,,9/10/25 9:02 AM,9/10/25 9:02 AM
86,,CREDIT,Daniela,Daniela,0.00,3.78,,9/10/25 9:03 AM,9/10/25 8:59 AM
88,,CREDIT,Daniela,Daniela,0.00,21.01,,9/10/25 9:04 AM,9/10/25 9:02 AM
89,,CREDIT,Daniela,Daniela,0.00,4.31,,9/10/25 9:07 AM,9/10/25 9:03 AM
91,,CASH,Daniela,Daniela,0.00,4.31,,9/10/25 9:08 AM,9/10/25 9:04 AM
96,,CREDIT,Daniela,Daniela,0.00,4.31,,9/10/25 9:09 AM,9/10/25 9:08 AM
77,26,CASH,Norma,Norma,0.00,8.41,,9/10/25 9:14 AM,9/10/25 8:48 AM
100,,CREDIT,Daniela,Daniela,0.00,12.35,,9/10/25 9:16 AM,9/10/25 9:15 AM
101,,CASH,Daniela,Daniela,0.00,23.13,,9/10/25 9:21 AM,9/10/25 9:19 AM
94,12,CREDIT,Rosa,,5.00,22.69,,9/10/25 9:22 AM,9/10/25 9:05 AM
102,,CREDIT,Daniela,Daniela,0.00,15.73,,9/10/25 9:25 AM,9/10/25 9:20 AM
93,,CREDIT,Daniela,Daniela,0.00,15.40,,9/10/25 9:27 AM,9/10/25 9:22 AM
95,18,CREDIT,Esperansa,,4.56,22.41,,9/10/25 9:28 AM,9/10/25 9:08 AM
105,,CREDIT,Daniela,Daniela,0.00,11.86,,9/10/25 9:29 AM,9/10/25 9:23 AM
106,,CASH,Daniela,Daniela,0.00,6.90,,9/10/25 9:31 AM,9/10/25 9:24 AM
108,,CREDIT,Daniela,Daniela,0.00,13.59,,9/10/25 9:32 AM,9/10/25 9:27 AM
92,8,CASH,Esperansa,Esperansa,0.00,5.66,,9/10/25 9:33 AM,9/10/25 9:04 AM
109,,CASH,Daniela,Daniela,0.00,8.29,,9/10/25 9:34 AM,9/10/25 9:27 AM
110,,CREDIT,Daniela,Daniela,0.00,5.81,,9/10/25 9:36 AM,9/10/25 9:30 AM
99,34,CREDIT,Norma,Norma,0.00,31.03,,9/10/25 9:37 AM,9/10/25 9:11 AM
107,,CASH,Daniela,Daniela,0.00,12.09,,9/10/25 9:38 AM,9/10/25 9:31 AM
113,,CREDIT,Daniela,Daniela,1.29,9.71,,9/10/25 9:38 AM,9/10/25 9:35 AM
111,,CREDIT,Daniela,Daniela,0.00,11.72,,9/10/25 9:40 AM,9/10/25 9:37 AM
117,,CASH,Daniela,Daniela,0.00,12.51,,9/10/25 9:46 AM,9/10/25 9:42 AM
120,,CREDIT,Daniela,Daniela,0.00,2.15,,9/10/25 9:47 AM,9/10/25 9:43 AM
121,,CASH,Daniela,Daniela,0.00,4.63,,9/10/25 9:49 AM,9/10/25 9:43 AM
104,32,CREDIT,Norma,Ivana,0.00,12.42,,9/10/25 9:50 AM,9/10/25 9:19 AM
122,,CREDIT,Daniela,Daniela,0.00,16.31,,9/10/25 9:51 AM,9/10/25 9:44 AM
85,1,CREDIT,Rosa,Rosa,4.00,14.03,,9/10/25 9:53 AM,9/10/25 8:56 AM
123,,CREDIT,Daniela,Daniela,0.00,16.07,,9/10/25 9:54 AM,9/10/25 9:45 AM
114,10,CREDIT,Rosa,Ivana,0.00,15.14,,9/10/25 9:54 AM,9/10/25 9:36 AM
125,,CREDIT,Daniela,Daniela,0.00,4.63,,9/10/25 9:55 AM,9/10/25 9:48 AM
128,,CASH,Daniela,Daniela,0.00,18.35,,9/10/25 9:55 AM,9/10/25 9:49 AM
119,7,CREDIT,Rosa,Rosa,5.00,16.75,,9/10/25 9:59 AM,9/10/25 9:39 AM
64,23,CASH,Rosa,Rosa,0.00,38.47,,9/10/25 9:59 AM,9/10/25 8:29 AM
126,,CREDIT,Daniela,Daniela,0.00,30.04,,9/10/25 9:59 AM,9/10/25 9:52 AM
136,,CASH,Daniela,Daniela,0.00,7.61,,9/10/25 10:03 AM,9/10/25 9:57 AM
134,,CASH,Daniela,Daniela,0.00,5.38,,9/10/25 10:03 AM,9/10/25 9:57 AM
137,,CREDIT,Daniela,Daniela,2.00,15.64,,9/10/25 10:05 AM,9/10/25 9:58 AM
138,,CASH,Daniela,Daniela,0.00,7.82,,9/10/25 10:07 AM,9/10/25 9:59 AM
141,,CREDIT,Daniela,Daniela,0.00,17.15,,9/10/25 10:09 AM,9/10/25 10:06 AM
142,,CREDIT,Daniela,Daniela,0.00,3.88,,9/10/25 10:10 AM,9/10/25 10:10 AM
115,25,CREDIT,Rosa,Rosa,5.00,37.63,,9/10/25 10:11 AM,9/10/25 9:37 AM
143,,CREDIT,Daniela,Daniela,0.00,8.84,,9/10/25 10:12 AM,9/10/25 10:10 AM
127,17,CREDIT,Norma,Norma,0.00,28.10,,9/10/25 10:14 AM,9/10/25 9:49 AM
144,,CASH,Daniela,Daniela,0.00,4.09,,9/10/25 10:15 AM,9/10/25 10:13 AM
146,,CREDIT,Daniela,Daniela,0.00,17.14,,9/10/25 10:16 AM,9/10/25 10:14 AM
147,,CREDIT,Daniela,Daniela,0.00,3.24,,9/10/25 10:17 AM,9/10/25 10:14 AM
98,8,CREDIT,Esperansa,Ivana,5.00,23.25,,9/10/25 10:18 AM,9/10/25 9:10 AM
112,22,CREDIT,Norma,Norma,0.00,23.92,,9/10/25 10:18 AM,9/10/25 9:34 AM
149,,CREDIT,Daniela,Daniela,0.00,9.73,,9/10/25 10:22 AM,9/10/25 10:18 AM
153,10,CASH,Esperansa,Esperansa,0.00,7.56,,9/10/25 10:24 AM,9/10/25 10:24 AM
69,37,CREDIT,Esperansa,Esperansa,0.00,32.92,,9/10/25 10:26 AM,9/10/25 8:34 AM
139,,CASH,Daniela,Daniela,0.00,28.40,,9/10/25 10:28 AM,9/10/25 10:26 AM
133,42,CREDIT,Norma,Norma,0.00,17.63,,9/10/25 10:29 AM,9/10/25 9:52 AM
129,42,CASH,Norma,Norma,0.00,18.27,,9/10/25 10:31 AM,9/10/25 9:52 AM
130,42,CASH,Norma,Norma,0.00,19.74,,9/10/25 10:31 AM,9/10/25 9:52 AM
131,42,CASH,Norma,Norma,0.00,6.78,,9/10/25 10:32 AM,9/10/25 9:52 AM
151,,CREDIT,Daniela,Daniela,0.00,6.90,,9/10/25 10:32 AM,9/10/25 10:27 AM
154,,CASH,Daniela,Daniela,0.00,11.87,,9/10/25 10:33 AM,9/10/25 10:30 AM
132,42,CREDIT,Norma,Norma,0.00,7.68,,9/10/25 10:33 AM,9/10/25 9:52 AM
135,31,CREDIT,Esperansa,Esperansa,5.00,88.89,,9/10/25 10:34 AM,9/10/25 9:54 AM
118,35,CASH,Esperansa,Esperansa,0.00,12.96,,9/10/25 10:36 AM,9/10/25 9:39 AM
157,,CREDIT,Daniela,Daniela,2.00,27.64,,9/10/25 10:38 AM,9/10/25 10:30 AM
158,,CREDIT,Daniela,Daniela,2.00,5.81,,9/10/25 10:40 AM,9/10/25 10:32 AM
159,,CREDIT,Daniela,Daniela,2.00,3.88,,9/10/25 10:41 AM,9/10/25 10:38 AM
148,11,CREDIT,Norma,Norma,3.00,10.14,,9/10/25 10:42 AM,9/10/25 10:16 AM
162,,CREDIT,Daniela,Daniela,1.00,5.73,,9/10/25 10:44 AM,9/10/25 10:40 AM
163,,CASH,Daniela,Daniela,0.00,2.48,,9/10/25 10:45 AM,9/10/25 10:41 AM
164,,CREDIT,Daniela,Daniela,0.00,17.57,,9/10/25 10:47 AM,9/10/25 10:43 AM
165,,CREDIT,Daniela,Daniela,0.00,14.94,,9/10/25 10:48 AM,9/10/25 10:47 AM
145,10,CREDIT,Esperansa,Esperansa,0.00,6.19,,9/10/25 10:50 AM,9/10/25 10:14 AM
167,,CREDIT,Daniela,Daniela,0.00,10.37,,9/10/25 10:50 AM,9/10/25 10:50 AM
150,8,CREDIT,Esperansa,Esperansa,5.00,25.02,,9/10/25 10:52 AM,9/10/25 10:22 AM
155,7,CREDIT,Norma,Norma,3.00,40.27,,9/10/25 10:53 AM,9/10/25 10:27 AM
168,,CASH,Daniela,Daniela,0.00,16.58,,9/10/25 10:55 AM,9/10/25 10:54 AM
160,18,CREDIT,Norma,Norma,7.00,33.24,,9/10/25 10:57 AM,9/10/25 10:38 AM
156,,CASH,Daniela,Daniela,0.00,6.90,,9/10/25 11:01 AM,9/10/25 11:00 AM
140,33,CASH,Rosa,Rosa,0.00,25.79,,9/10/25 11:02 AM,9/10/25 10:05 AM
145,10,CASH,Esperansa,Esperansa,0.00,18.06,,9/10/25 11:02 AM,9/10/25 10:14 AM
152,25,CREDIT,Rosa,Rosa,0.00,46.12,,9/10/25 11:05 AM,9/10/25 10:24 AM
166,23,CREDIT,Rosa,Rosa,3.00,8.96,,9/10/25 11:06 AM,9/10/25 10:47 AM
171,,CREDIT,Daniela,Daniela,0.00,6.04,,9/10/25 11:06 AM,9/10/25 11:06 AM
177,,CASH,Daniela,Daniela,0.00,20.29,,9/10/25 11:12 AM,9/10/25 11:09 AM
161,35,CREDIT,Rosa,Rosa,0.00,64.02,,9/10/25 11:13 AM,9/10/25 10:38 AM
179,,CREDIT,Daniela,Daniela,0.00,11.90,,9/10/25 11:16 AM,9/10/25 11:09 AM
181,,CREDIT,Daniela,Daniela,0.00,5.17,,9/10/25 11:17 AM,9/10/25 11:16 AM
169,32,CREDIT,Esperansa,Esperansa,5.00,19.46,,9/10/25 11:23 AM,9/10/25 10:54 AM
183,,CREDIT,Ivana,Daniela,0.00,10.69,,9/10/25 11:24 AM,9/10/25 11:11 AM
188,,CREDIT,Ivana,Ivana,0.00,12.73,,9/10/25 11:26 AM,9/10/25 11:25 AM
186,,CREDIT,Daniela,Daniela,1.00,11.98,,9/10/25 11:28 AM,9/10/25 11:26 AM
176,11,CREDIT,Norma,Norma,2.00,12.83,,9/10/25 11:30 AM,9/10/25 11:06 AM
189,,CASH,Daniela,Daniela,0.00,4.31,,9/10/25 11:30 AM,9/10/25 11:28 AM
178,22,CREDIT,Esperansa,Esperansa,3.00,30.27,,9/10/25 11:31 AM,9/10/25 11:07 AM
185,24,CREDIT,Norma,Norma,3.00,8.97,,9/10/25 11:31 AM,9/10/25 11:13 AM
193,38,CREDIT,Rosa,,1.99,10.76,,9/10/25 11:34 AM,9/10/25 11:29 AM
184,38,CREDIT,Rosa,,2.10,15.12,,9/10/25 11:34 AM,9/10/25 11:12 AM
192,,CREDIT,Daniela,Daniela,0.00,17.04,,9/10/25 11:36 AM,9/10/25 11:34 AM
191,,CREDIT,Ivana,Ivana,0.00,17.79,,9/10/25 11:38 AM,9/10/25 11:27 AM
174,7,CREDIT,Norma,Norma,0.00,29.61,,9/10/25 11:38 AM,9/10/25 11:03 AM
195,,CREDIT,Daniela,Daniela,0.00,9.61,,9/10/25 11:39 AM,9/10/25 11:34 AM
173,10,CREDIT,Esperansa,Esperansa,0.00,14.05,,9/10/25 11:41 AM,9/10/25 11:03 AM
198,,CREDIT,Ivana,Ivana,0.00,23.56,,9/10/25 11:42 AM,9/10/25 11:38 AM
187,18,CREDIT,Esperansa,Esperansa,3.00,20.18,,9/10/25 11:43 AM,9/10/25 11:18 AM
196,,CREDIT,Daniela,Daniela,0.00,12.04,,9/10/25 11:43 AM,9/10/25 11:35 AM
175,26,CREDIT,Rosa,Rosa,0.00,13.38,,9/10/25 11:43 AM,9/10/25 11:05 AM
199,,CREDIT,Daniela,Daniela,0.00,21.02,,9/10/25 11:44 AM,9/10/25 11:41 AM
200,,CREDIT,Daniela,Daniela,0.00,12.98,,9/10/25 11:48 AM,9/10/25 11:41 AM
203,,CREDIT,Norma,Norma,1.00,8.76,,9/10/25 11:50 AM,9/10/25 11:46 AM
170,17,CASH,Norma,Norma,0.00,29.65,,9/10/25 11:51 AM,9/10/25 10:55 AM
201,,CASH,Daniela,Daniela,0.00,20.01,,9/10/25 11:52 AM,9/10/25 11:42 AM
190,25,CREDIT,Norma,Norma,0.00,33.17,,9/10/25 11:54 AM,9/10/25 11:27 AM
197,,CASH,Daniela,Daniela,0.00,8.31,,9/10/25 11:55 AM,9/10/25 11:46 AM
205,,CASH,Daniela,Daniela,0.00,10.34,,9/10/25 11:57 AM,9/10/25 11:50 AM
207,,CREDIT,Daniela,Daniela,0.00,14.04,,9/10/25 11:59 AM,9/10/25 11:56 AM
172,33,CREDIT,Rosa,Rosa,5.00,26.27,,9/10/25 11:59 AM,9/10/25 11:02 AM
211,8,CREDIT,Esperansa,Esperansa,0.00,6.48,,9/10/25 12:00 PM,9/10/25 12:00 PM
208,,CASH,Daniela,Daniela,0.00,16.21,,9/10/25 12:04 PM,9/10/25 11:57 AM
182,15,CASH,Norma,Norma,0.00,47.50,,9/10/25 12:07 PM,9/10/25 11:10 AM
194,37,CREDIT,Norma,Norma,6.00,32.96,,9/10/25 12:09 PM,9/10/25 11:34 AM
204,,CREDIT,Daniela,Daniela,0.00,20.53,,9/10/25 12:13 PM,9/10/25 12:05 PM
215,,CREDIT,Daniela,Daniela,0.00,8.63,,9/10/25 12:14 PM,9/10/25 12:08 PM
212,,CASH,Ivana,Ivana,0.00,4.09,Front Left,9/10/25 12:14 PM,9/10/25 12:01 PM
218,,CREDIT,Daniela,Daniela,0.00,45.41,,9/10/25 12:19 PM,9/10/25 12:17 PM
202,32,CASH,Rosa,Rosa,0.00,28.53,,9/10/25 12:21 PM,9/10/25 11:45 AM
222,,CASH,Daniela,Daniela,0.00,3.88,,9/10/25 12:26 PM,9/10/25 12:18 PM
224,,CREDIT,Daniela,Daniela,0.00,5.17,,9/10/25 12:26 PM,9/10/25 12:20 PM
219,25,CREDIT,Esperansa,Esperansa,2.00,10.77,,9/10/25 12:28 PM,9/10/25 12:12 PM
223,,CREDIT,Daniela,Daniela,0.00,14.53,,9/10/25 12:28 PM,9/10/25 12:22 PM
230,,CASH,Daniela,Daniela,0.00,2.48,,9/10/25 12:30 PM,9/10/25 12:26 PM
214,35,CREDIT,Rosa,Rosa,0.00,20.33,,9/10/25 12:35 PM,9/10/25 12:03 PM
235,22,CREDIT,Rosa,Rosa,7.00,28.27,,9/10/25 12:39 PM,9/10/25 12:35 PM
210,22,CREDIT,Rosa,Rosa,0.00,43.68,,9/10/25 12:39 PM,9/10/25 11:58 AM
226,,CREDIT,Daniela,Daniela,0.00,5.40,,9/10/25 12:42 PM,9/10/25 12:41 PM
221,11,CREDIT,Norma,Norma,4.00,8.15,,9/10/25 12:44 PM,9/10/25 12:14 PM
220,17,CASH,Rosa,Rosa,0.00,28.12,,9/10/25 12:47 PM,9/10/25 12:12 PM
239,,CREDIT,Daniela,Daniela,0.00,10.80,,9/10/25 12:48 PM,9/10/25 12:42 PM
216,10,CREDIT,Esperansa,Ivana,10.00,32.92,,9/10/25 12:51 PM,9/10/25 12:08 PM
231,7,CREDIT,Norma,Norma,5.00,20.22,,9/10/25 12:53 PM,9/10/25 12:27 PM
238,,CREDIT,Daniela,Daniela,0.00,9.50,,9/10/25 12:58 PM,9/10/25 12:56 PM
242,,CASH,Daniela,Daniela,0.00,8.62,,9/10/25 12:59 PM,9/10/25 12:58 PM
228,33,CASH,Esperansa,Esperansa,0.00,20.41,,9/10/25 1:10 PM,9/10/25 12:26 PM
236,16,CREDIT,Norma,Norma,0.00,28.60,,9/10/25 1:11 PM,9/10/25 12:35 PM
234,15,CREDIT,Rosa,Rosa,0.00,27.71,,9/10/25 1:11 PM,9/10/25 12:34 PM
246,32,CREDIT,Norma,,0.00,18.87,,9/10/25 1:13 PM,9/10/25 1:11 PM
232,26,CREDIT,Esperansa,Esperansa,4.00,24.54,,9/10/25 1:15 PM,9/10/25 12:27 PM
247,,CREDIT,Daniela,Daniela,2.00,23.00,,9/10/25 1:15 PM,9/10/25 1:12 PM
233,32,CREDIT,Norma,Norma,2.00,27.49,,9/10/25 1:17 PM,9/10/25 12:32 PM
227,18,CREDIT,Rosa,Rosa,6.00,32.10,,9/10/25 1:19 PM,9/10/25 12:23 PM
240,25,CASH,Esperansa,Esperansa,0.00,28.12,,9/10/25 1:23 PM,9/10/25 12:44 PM
249,,CASH,Daniela,Daniela,0.00,20.66,,9/10/25 1:23 PM,9/10/25 1:21 PM
250,,CREDIT,Daniela,Daniela,0.00,10.68,,9/10/25 1:26 PM,9/10/25 1:22 PM
245,,CREDIT,Ivana,Ivana,0.00,37.41,,9/10/25 1:28 PM,9/10/25 1:12 PM
241,,CREDIT,Daniela,Daniela,0.00,12.18,,9/10/25 1:28 PM,9/10/25 1:27 PM
252,,CREDIT,Daniela,Daniela,0.00,7.56,,9/10/25 1:33 PM,9/10/25 1:32 PM
237,2,CASH,Rosa,Rosa,0.00,8.65,,9/10/25 1:35 PM,9/10/25 12:41 PM
229,38,CASH,Rosa,Rosa,0.00,26.92,,9/10/25 1:35 PM,9/10/25 12:25 PM
253,,CASH,Daniela,Daniela,0.00,7.72,,9/10/25 1:39 PM,9/10/25 1:38 PM
243,34,CREDIT,Esperansa,Esperansa,12.08,47.92,,9/10/25 1:44 PM,9/10/25 1:08 PM
213,24,CASH,Esperansa,Esperansa,0.00,23.14,,9/10/25 1:45 PM,9/10/25 12:01 PM
251,3,CREDIT,Norma,Norma,5.00,31.88,,9/10/25 1:48 PM,9/10/25 1:25 PM
244,35,CREDIT,Rosa,Rosa,0.00,36.43,,9/10/25 1:49 PM,9/10/25 1:10 PM
256,,CREDIT,Ivana,Ivana,0.00,17.30,,9/10/25 1:52 PM,9/10/25 1:52 PM
257,,CASH,Ivana,Ivana,0.00,17.30,Front Left,9/10/25 1:52 PM,9/10/25 1:52 PM
258,,CASH,Ivana,Ivana,0.00,3.24,Front Left,9/10/25 1:53 PM,9/10/25 1:53 PM
,,CASH_COLLECTED,Esperansa,Esperansa,0.00,115.91*,House,9/10/25 1:54 PM,9/10/25 1:54 PM
,,TIP_OUT,Esperansa,Esperansa,-72.58,0.00,House,9/10/25 1:54 PM,9/10/25 1:54 PM
,,CLOSE_OUT_EXACT,Ivana,,0.00,0.00,Front Left,9/10/25 2:03 PM,9/10/25 2:03 PM
,,TIP_OUT,Ivana,Ivana,-2.00,0.00,House,9/10/25 2:04 PM,9/10/25 2:04 PM
248,7,CREDIT,Rosa,Rosa,5.00,27.56,,9/10/25 2:09 PM,9/10/25 1:16 PM
255,,CREDIT,Daniela,Daniela,0.00,18.79,,9/10/25 2:10 PM,9/10/25 2:07 PM
,,CASH_COLLECTED,Rosa,Rosa,0.00,156.48*,House,9/10/25 2:11 PM,9/10/25 2:11 PM
,,TIP_OUT,Rosa,Rosa,-49.09,0.00,House,9/10/25 2:11 PM,9/10/25 2:11 PM
260,,CREDIT,Daniela,Daniela,0.00,53.57,,9/10/25 2:14 PM,9/10/25 2:09 PM
262,,CASH,Daniela,Daniela,0.00,2.82,,9/10/25 2:15 PM,9/10/25 2:15 PM
254,11,CREDIT,Norma,Norma,5.00,39.36,,9/10/25 2:23 PM,9/10/25 1:38 PM
263,11,CASH,Norma,Norma,0.00,38.87,,9/10/25 2:23 PM,9/10/25 2:18 PM
,,CASH_COLLECTED,Norma,Norma,0.00,187.48*,House,9/10/25 2:25 PM,9/10/25 2:25 PM
,,TIP_OUT,Norma,Norma,-82.58,0.00,House,9/10/25 2:25 PM,9/10/25 2:25 PM
266,,CREDIT,Sergio,Sergio,0.00,28.12,,9/10/25 2:30 PM,9/10/25 2:29 PM
261,,CREDIT,Daniela,Daniela,0.00,14.88,,9/10/25 2:44 PM,9/10/25 2:42 PM
264,32,CREDIT,Juan ,Juan ,10.00,51.14,,9/10/25 2:46 PM,9/10/25 2:22 PM
268,,CREDIT,Daniela,Daniela,0.00,28.13,,9/10/25 2:46 PM,9/10/25 2:43 PM
265,18,CREDIT,Juan ,Juan ,3.00,32.11,,9/10/25 2:51 PM,9/10/25 2:26 PM
269,,CREDIT,Daniela,Daniela,0.00,14.48,,9/10/25 2:52 PM,9/10/25 2:43 PM
270,,CREDIT,Daniela,Daniela,0.00,8.48,,9/10/25 2:53 PM,9/10/25 2:47 PM
271,,CREDIT,Daniela,Daniela,0.00,27.03,,9/10/25 2:55 PM,9/10/25 2:51 PM
272,,CREDIT,Daniela,Daniela,0.00,11.65,,9/10/25 3:02 PM,9/10/25 2:58 PM
274,,CREDIT,Daniela,Daniela,0.00,15.60,,9/10/25 3:04 PM,9/10/25 3:01 PM
278,,CASH,Daniela,Daniela,0.00,3.01,,9/10/25 3:15 PM,9/10/25 3:14 PM
273,23,CREDIT,Juan ,Juan ,10.00,26.87,,9/10/25 3:23 PM,9/10/25 2:56 PM
259,33,CASH,Sergio,Sergio,0.00,27.46,,9/10/25 3:30 PM,9/10/25 1:56 PM
279,38,CREDIT,Sergio,Sergio,0.00,10.74,,9/10/25 3:40 PM,9/10/25 3:16 PM
276,25,CREDIT,Juan ,Juan ,0.00,40.55,,9/10/25 3:42 PM,9/10/25 3:08 PM
280,25,CREDIT,Juan ,Juan ,5.00,7.57,,9/10/25 3:43 PM,9/10/25 3:38 PM
277,37,CREDIT,Sergio,Sergio,4.00,22.94,,9/10/25 3:43 PM,9/10/25 3:09 PM
283,,CREDIT,Daniela,Daniela,0.00,18.66,,9/10/25 3:46 PM,9/10/25 3:43 PM
284,,CREDIT,Daniela,Daniela,0.00,20.53,,9/10/25 3:49 PM,9/10/25 3:45 PM
,,CASH_COLLECTED,Daniela,Daniela,0.00,376.80*,House,9/10/25 3:53 PM,9/10/25 3:53 PM
,,TIP_OUT,Daniela,Daniela,-13.29,0.00,House,9/10/25 3:53 PM,9/10/25 3:53 PM
282,,CREDIT,Juan ,Juan ,0.00,10.68,,9/10/25 3:56 PM,9/10/25 3:40 PM
286,,CREDIT,Melissa,Melissa,0.00,11.90,,9/10/25 3:58 PM,9/10/25 3:51 PM
287,,CREDIT,Melissa,Melissa,1.00,12.98,,9/10/25 3:59 PM,9/10/25 3:52 PM
289,,CREDIT,Melissa,Melissa,0.00,6.80,,9/10/25 4:05 PM,9/10/25 4:05 PM
290,35,CREDIT,Juan ,Juan ,2.00,4.85,,9/10/25 4:15 PM,9/10/25 4:15 PM
291,,CASH,Melissa,Melissa,0.00,21.29,,9/10/25 4:17 PM,9/10/25 4:16 PM
292,,CASH,Melissa,Melissa,0.00,14.53,,9/10/25 4:23 PM,9/10/25 4:18 PM
281,7,CREDIT,Juan ,Juan ,10.00,28.80,,9/10/25 4:27 PM,9/10/25 3:39 PM
288,22,CREDIT,Sergio,Sergio,10.00,77.17,,9/10/25 4:29 PM,9/10/25 3:53 PM
294,,CREDIT,Melissa,Melissa,3.00,14.06,,9/10/25 4:32 PM,9/10/25 4:32 PM
297,,CREDIT,Melissa,Melissa,1.00,28.12,,9/10/25 4:39 PM,9/10/25 4:36 PM
299,,CREDIT,Juan ,Juan ,0.00,24.87,,9/10/25 4:50 PM,9/10/25 4:49 PM
298,,CREDIT,Juan ,Melissa,0.00,10.10,,9/10/25 4:53 PM,9/10/25 4:44 PM
298,,CASH,Juan ,Juan ,0.00,3.50,,9/10/25 4:55 PM,9/10/25 4:44 PM
301,,CREDIT,Melissa,Melissa,0.00,10.80,,9/10/25 4:56 PM,9/10/25 4:53 PM
295,35,CREDIT,Sergio,Sergio,10.00,28.51,,9/10/25 5:02 PM,9/10/25 4:31 PM
293,23,CREDIT,Juan ,Juan ,10.00,38.28,,9/10/25 5:07 PM,9/10/25 4:20 PM
300,32,CREDIT,Sergio,Sergio,8.00,52.16,,9/10/25 5:18 PM,9/10/25 4:51 PM
296,25,CREDIT,Juan ,,5.88,31.80,,9/10/25 5:20 PM,9/10/25 4:34 PM
304,,CREDIT,Melissa,Melissa,0.00,21.63,,9/10/25 5:25 PM,9/10/25 5:25 PM
302,,CREDIT,Melissa,Melissa,0.00,8.40,,9/10/25 5:35 PM,9/10/25 5:04 PM
306,,CASH,Melissa,Melissa,0.00,30.22,,9/10/25 5:36 PM,9/10/25 5:32 PM
307,,CREDIT,Melissa,Melissa,0.00,15.70,,9/10/25 5:43 PM,9/10/25 5:43 PM
308,,CREDIT,Melissa,Melissa,5.00,17.30,,9/10/25 6:00 PM,9/10/25 6:00 PM
313,,CREDIT,Melissa,Melissa,1.00,10.79,,9/10/25 6:04 PM,9/10/25 6:01 PM
315,,CREDIT,Melissa,Melissa,2.00,38.43,,9/10/25 6:08 PM,9/10/25 6:03 PM
309,25,CREDIT,Sergio,Sergio,7.00,21.22,,9/10/25 6:13 PM,9/10/25 5:49 PM
317,,CREDIT,Melissa,Melissa,0.00,10.37,,9/10/25 6:13 PM,9/10/25 6:05 PM
318,,CREDIT,Melissa,Melissa,0.00,31.57,,9/10/25 6:19 PM,9/10/25 6:08 PM
303,17,CREDIT,Juan ,Juan ,10.00,57.30,,9/10/25 6:19 PM,9/10/25 5:15 PM
319,,CREDIT,Melissa,Melissa,1.00,11.11,,9/10/25 6:21 PM,9/10/25 6:12 PM
316,33,CREDIT,Sergio,Sergio,4.00,18.15,,9/10/25 6:22 PM,9/10/25 6:05 PM
320,,CREDIT,Melissa,Melissa,0.00,12.44,,9/10/25 6:22 PM,9/10/25 6:18 PM
311,38,CREDIT,Sergio,Sergio,0.00,12.97,,9/10/25 6:24 PM,9/10/25 5:56 PM
321,,CREDIT,Melissa,Melissa,0.00,5.18,,9/10/25 6:26 PM,9/10/25 6:21 PM
322,,CREDIT,Melissa,Melissa,3.00,37.04,,9/10/25 6:28 PM,9/10/25 6:25 PM
310,31,CREDIT,Sergio,Sergio,3.00,32.02,,9/10/25 6:30 PM,9/10/25 5:55 PM
312,,CREDIT,Juan ,Juan ,2.00,36.23,,9/10/25 6:32 PM,9/10/25 5:57 PM
323,,CASH,Melissa,Melissa,0.00,4.32,,9/10/25 6:35 PM,9/10/25 6:27 PM
329,,CREDIT,Melissa,Melissa,0.00,22.17,,9/10/25 6:52 PM,9/10/25 6:52 PM
324,24,CREDIT,Juan ,Juan ,7.00,36.52,,9/10/25 7:03 PM,9/10/25 6:29 PM
330,,CREDIT,Melissa,Melissa,0.00,10.59,,9/10/25 7:12 PM,9/10/25 7:12 PM
325,32,CREDIT,Juan ,,7.86,42.52,,9/10/25 7:13 PM,9/10/25 6:40 PM
326,19,CREDIT,Juan ,Juan ,5.00,26.05,,9/10/25 7:20 PM,9/10/25 6:44 PM
334,,CREDIT,Juan ,Melissa,0.00,63.60,,9/10/25 7:20 PM,9/10/25 7:08 PM
331,19,CASH,Juan ,Juan ,0.00,41.51,,9/10/25 7:21 PM,9/10/25 6:53 PM
336,,CREDIT,Melissa,Melissa,0.00,19.61,,9/10/25 7:23 PM,9/10/25 7:17 PM
332,25,CREDIT,Sergio,Sergio,10.00,56.99,,9/10/25 7:28 PM,9/10/25 6:58 PM
333,31,CREDIT,Juan ,,4.87,26.36,,9/10/25 7:29 PM,9/10/25 7:01 PM
340,,CREDIT,Melissa,Melissa,1.00,5.29,,9/10/25 7:33 PM,9/10/25 7:32 PM
341,,CASH,Melissa,Melissa,0.00,5.94,,9/10/25 7:34 PM,9/10/25 7:33 PM
314,22,CREDIT,Sergio,Sergio,6.12,33.38,,9/10/25 7:37 PM,9/10/25 6:01 PM
343,,CASH,Melissa,Melissa,0.00,5.25,,9/10/25 7:41 PM,9/10/25 7:39 PM
328,33,CREDIT,Sergio,Sergio,4.00,22.05,,9/10/25 7:43 PM,9/10/25 6:46 PM
335,9,CREDIT,Sergio,Sergio,0.00,112.65,,9/10/25 7:47 PM,9/10/25 7:09 PM
346,,CREDIT,Melissa,Melissa,0.00,5.29,,9/10/25 7:54 PM,9/10/25 7:54 PM
337,37,CREDIT,Sergio,Sergio,5.00,88.62,,9/10/25 7:58 PM,9/10/25 7:26 PM
349,,CREDIT,Melissa,Melissa,0.00,23.78,,9/10/25 8:04 PM,9/10/25 8:02 PM
338,38,CREDIT,Juan ,Juan ,5.00,28.05,,9/10/25 8:07 PM,9/10/25 7:27 PM
342,32,CREDIT,Juan ,Juan ,0.00,15.61,,9/10/25 8:08 PM,9/10/25 7:34 PM
348,24,CREDIT,Sergio,Sergio,8.00,34.36,,9/10/25 8:11 PM,9/10/25 7:49 PM
352,,CREDIT,Melissa,Melissa,0.00,14.73,,9/10/25 8:14 PM,9/10/25 8:11 PM
353,,CREDIT,Melissa,Melissa,0.00,15.22,,9/10/25 8:19 PM,9/10/25 8:12 PM
339,15,CASH,Juan ,Juan ,0.00,38.12,,9/10/25 8:25 PM,9/10/25 7:27 PM
351,17,CREDIT,Sergio,Sergio,0.00,29.49,,9/10/25 8:43 PM,9/10/25 8:10 PM
356,,CREDIT,Melissa,Melissa,0.00,27.04,,9/10/25 8:43 PM,9/10/25 8:43 PM
354,25,CASH,Sergio,Sergio,0.00,25.13,,9/10/25 8:50 PM,9/10/25 8:20 PM
,,CASH_COLLECTED,Sergio,Sergio,0.00,52.59*,House,9/10/25 8:50 PM,9/10/25 8:50 PM
,,TIP_OUT,Sergio,Sergio,-96.69,0.00,House,9/10/25 8:50 PM,9/10/25 8:50 PM
347,34,CREDIT,Juan ,Juan ,0.00,170.97,,9/10/25 8:55 PM,9/10/25 7:48 PM
,,CASH_COLLECTED,Melissa,Melissa,0.00,81.55*,House,9/10/25 9:08 PM,9/10/25 9:08 PM
,,TIP_OUT,Melissa,Melissa,-18.00,0.00,House,9/10/25 9:08 PM,9/10/25 9:08 PM
355,9,CREDIT,Juan ,Juan ,10.00,116.96,,9/10/25 9:15 PM,9/10/25 8:34 PM
,,CASH_COLLECTED,Juan ,Juan ,0.00,83.13*,House,9/10/25 9:19 PM,9/10/25 9:19 PM
,,TIP_OUT,Juan ,Juan ,-152.52,0.00,House,9/10/25 9:19 PM,9/10/25 9:19 PM
,,PAY_OUT,Mayra,,0.00,-25.00,House,9/10/25 9:28 PM,9/10/25 9:28 PM
,,PAY_OUT,Mayra,,0.00,-115.89,House,9/10/25 9:29 PM,9/10/25 9:29 PM
,,TOTAL,,,-87.36,6148.20,,,
