Location,Order #,Opened,Server,Table,Revenue Center,Discount Amount,Amount,Tax,Tip,Gratuity,Duration (Opened to Paid)
Tink-a-Tako - Potranco,2,9/10/25 6:29 AM,Daniela Torres,,Dining Room,0.00,8.47,0.69,0.00,0.00,00:05:55
Tink-a-Tako - Potranco,4,9/10/25 6:37 AM,Daniela Torres,,Dining Room,0.00,20.97,1.73,0.00,0.00,00:04:49
Tink-a-Tako - Potranco,3,9/10/25 6:35 AM,Daniela Torres,,Dining Room,0.00,8.17,0.67,0.00,0.00,00:09:10
Tink-a-Tako - Potranco,6,9/10/25 6:44 AM,Daniela Torres,,Dining Room,0.00,6.28,0.52,0.00,0.00,00:01:25
Tink-a-Tako - Potranco,8,9/10/25 6:45 AM,Norma Vasquez,15,Dining Room,0.00,16.93,1.39,5.00,0.00,00:18:57
Tink-a-Tako - Potranco,7,9/10/25 6:45 AM,Daniela Torres,,Dining Room,7.78,7.76,0.64,0.00,0.00,00:07:37
Tink-a-Tako - Potranco,9,9/10/25 6:45 AM,Daniela Torres,,Dining Room,0.00,3.78,0.31,0.00,0.00,00:07:51
Tink-a-Tako - Potranco,5,9/10/25 6:37 AM,Daniela Torres,,Dining Room,0.00,11.21,0.92,0.00,0.00,00:17:32
Tink-a-Tako - Potranco,10,9/10/25 6:47 AM,Daniela Torres,,Dining Room,0.00,23.29,1.92,0.00,0.00,00:09:20
Tink-a-Tako - Potranco,11,9/10/25 6:51 AM,Daniela Torres,,Dining Room,0.00,11.94,0.99,0.00,0.00,00:06:21
Tink-a-Tako - Potranco,13,9/10/25 7:01 AM,Daniela Torres,,Dining Room,0.00,8.57,0.71,0.00,0.00,00:00:33
Tink-a-Tako - Potranco,15,9/10/25 7:03 AM,Norma Vasquez,33,Dining Room,0.00,4.89,0.40,0.00,0.00,00:29:43
Tink-a-Tako - Potranco,14,9/10/25 7:01 AM,Daniela Torres,,Dining Room,0.00,8.82,0.72,0.00,0.00,00:05:59
Tink-a-Tako - Potranco,16,9/10/25 7:07 AM,Daniela Torres,,Dining Room,0.00,6.48,0.54,0.00,0.00,00:03:34
Tink-a-Tako - Potranco,17,9/10/25 7:08 AM,Daniela Torres,,Dining Room,0.00,7.97,0.66,0.00,0.00,00:03:05
Tink-a-Tako - Potranco,18,9/10/25 7:11 AM,Daniela Torres,,Dining Room,0.00,0.00,0.00,0.00,0.00,06:05:40
Tink-a-Tako - Potranco,19,9/10/25 7:14 AM,Daniela Torres,,Dining Room,0.00,1.99,0.16,0.00,0.00,00:00:59
Tink-a-Tako - Potranco,20,9/10/25 7:20 AM,Daniela Torres,,Dining Room,0.00,7.18,0.59,0.00,0.00,00:00:49
Tink-a-Tako - Potranco,12,9/10/25 6:55 AM,Daniela Torres,,Dining Room,0.00,3.98,0.33,0.00,0.00,00:27:03
Tink-a-Tako - Potranco,23,9/10/25 7:25 AM,Daniela Torres,,Dining Room,0.00,7.27,0.61,0.00,0.00,00:05:29
Tink-a-Tako - Potranco,24,9/10/25 7:25 AM,Daniela Torres,,Dining Room,0.00,9.47,0.78,0.00,0.00,00:08:10
Tink-a-Tako - Potranco,25,9/10/25 7:26 AM,Daniela Torres,,Dining Room,0.00,4.98,0.41,0.00,0.00,00:07:45
Tink-a-Tako - Potranco,27,9/10/25 7:28 AM,Norma Vasquez,,Dining Room,0.00,6.78,0.56,0.00,0.00,00:00:21
Tink-a-Tako - Potranco,26,9/10/25 7:26 AM,Daniela Torres,,Dining Room,0.00,13.71,1.13,0.00,0.00,00:08:37
Tink-a-Tako - Potranco,29,9/10/25 7:29 AM,Zoila Salinas,,Dining Room,0.00,0.00,0.00,0.00,0.00,00:00:28
Tink-a-Tako - Potranco,30,9/10/25 7:30 AM,Daniela Torres,,Dining Room,0.00,13.94,1.15,0.00,0.00,00:05:51
Tink-a-Tako - Potranco,32,9/10/25 7:31 AM,Norma Vasquez,,Dining Room,0.00,13.74,1.12,5.00,0.00,00:02:00
Tink-a-Tako - Potranco,33,9/10/25 7:33 AM,Daniela Torres,,Dining Room,0.00,9.96,0.82,0.00,0.00,00:03:36
Tink-a-Tako - Potranco,34,9/10/25 7:34 AM,Daniela Torres,,Dining Room,0.00,9.55,0.79,0.00,0.00,00:03:32
Tink-a-Tako - Potranco,35,9/10/25 7:35 AM,Norma Vasquez,,Dining Room,0.00,3.98,0.33,0.00,0.00,00:00:15
Tink-a-Tako - Potranco,37,9/10/25 7:35 AM,Daniela Torres,,Dining Room,0.00,7.97,0.66,0.00,0.00,00:03:45
Tink-a-Tako - Potranco,38,9/10/25 7:37 AM,Daniela Torres,,Dining Room,0.00,8.96,0.74,0.00,0.00,00:02:38
Tink-a-Tako - Potranco,39,9/10/25 7:47 AM,Norma Vasquez,22,Dining Room,0.00,14.74,1.20,2.95,0.00,00:27:56
Tink-a-Tako - Potranco,22,9/10/25 7:22 AM,Daniela Torres,,Dining Room,0.00,4.58,0.38,0.00,0.00,00:26:31
Tink-a-Tako - Potranco,41,9/10/25 7:54 AM,Daniela Torres,,Dining Room,0.00,4.28,0.35,0.00,0.00,00:00:58
Tink-a-Tako - Potranco,42,9/10/25 7:54 AM,Norma Vasquez,,Dining Room,0.00,14.67,1.21,2.00,0.00,00:23:44
Tink-a-Tako - Potranco,43,9/10/25 8:00 AM,Daniela Torres,,Dining Room,0.00,10.27,0.85,0.00,0.00,00:00:56
Tink-a-Tako - Potranco,44,9/10/25 8:01 AM,Daniela Torres,,Dining Room,0.00,3.98,0.33,0.00,0.00,00:01:11
Tink-a-Tako - Potranco,40,9/10/25 7:47 AM,Daniela Torres,,Dining Room,0.00,4.28,0.36,0.00,0.00,00:15:46
Tink-a-Tako - Potranco,47,9/10/25 8:05 AM,Norma Vasquez,11,Dining Room,0.00,11.98,0.99,0.00,0.00,00:19:32
Tink-a-Tako - Potranco,48,9/10/25 8:07 AM,Daniela Torres,,Dining Room,0.00,8.88,0.73,0.00,0.00,00:01:43
Tink-a-Tako - Potranco,46,9/10/25 8:03 AM,Daniela Torres,,Dining Room,0.00,4.79,0.40,0.00,0.00,00:06:51
Tink-a-Tako - Potranco,51,9/10/25 8:10 AM,Daniela Torres,,Dining Room,0.00,10.47,0.86,0.00,0.00,00:01:51
Tink-a-Tako - Potranco,53,9/10/25 8:13 AM,Norma Vasquez,25,Dining Room,0.00,7.77,0.65,4.00,0.00,00:17:10
Tink-a-Tako - Potranco,50,9/10/25 8:08 AM,Daniela Torres,,Dining Room,0.00,3.58,0.30,0.00,0.00,00:09:30
Tink-a-Tako - Potranco,54,9/10/25 8:16 AM,Daniela Torres,,Dining Room,0.00,3.98,0.32,0.00,0.00,00:02:06
Tink-a-Tako - Potranco,56,9/10/25 8:18 AM,Daniela Torres,,Dining Room,0.00,25.88,2.13,0.00,0.00,00:30:05
Tink-a-Tako - Potranco,57,9/10/25 8:19 AM,Esperansa Caviedes,10,Dining Room,0.00,60.50,4.99,0.00,0.00,00:36:27
Tink-a-Tako - Potranco,55,9/10/25 8:17 AM,Daniela Torres,,Dining Room,0.00,4.89,0.40,0.00,0.00,00:05:45
Tink-a-Tako - Potranco,58,9/10/25 8:21 AM,Daniela Torres,,Dining Room,0.00,4.39,0.36,0.00,0.00,00:03:02
Tink-a-Tako - Potranco,59,9/10/25 8:22 AM,Daniela Torres,,Dining Room,0.00,3.98,0.33,0.00,0.00,00:06:51
Tink-a-Tako - Potranco,62,9/10/25 8:27 AM,Norma Vasquez,32,Dining Room,0.00,16.97,1.40,5.00,0.00,00:15:04
Tink-a-Tako - Potranco,63,9/10/25 8:27 AM,Norma Vasquez,11,Dining Room,0.00,0.00,0.00,0.00,0.00,00:00:33
Tink-a-Tako - Potranco,64,9/10/25 8:27 AM,Rosa Compean,23,Dining Room,0.00,35.54,2.93,0.00,0.00,01:31:15
Tink-a-Tako - Potranco,65,9/10/25 8:29 AM,Daniela Torres,,Dining Room,0.00,7.47,0.62,0.00,0.00,00:00:43
Tink-a-Tako - Potranco,67,9/10/25 8:31 AM,Rosa Compean,1,Dining Room,0.00,38.72,3.19,4.00,0.00,05:23:51
Tink-a-Tako - Potranco,66,9/10/25 8:30 AM,Daniela Torres,,Dining Room,0.00,4.28,0.35,0.00,0.00,00:03:02
Tink-a-Tako - Potranco,68,9/10/25 8:32 AM,Daniela Torres,,Dining Room,0.00,8.47,0.71,0.00,0.00,00:06:01
Tink-a-Tako - Potranco,69,9/10/25 8:33 AM,Esperansa Caviedes,37,Dining Room,0.00,30.42,2.50,0.00,0.00,01:53:21
Tink-a-Tako - Potranco,61,9/10/25 8:27 AM,Daniela Torres,,Dining Room,0.00,5.97,0.48,0.00,0.00,00:12:16
Tink-a-Tako - Potranco,70,9/10/25 8:35 AM,Daniela Torres,,Dining Room,0.00,11.25,0.93,0.00,0.00,00:04:36
Tink-a-Tako - Potranco,71,9/10/25 8:37 AM,Daniela Torres,,Dining Room,0.00,7.57,0.62,0.00,0.00,00:05:11
Tink-a-Tako - Potranco,72,9/10/25 8:38 AM,Ivana Abundiz,,Dining Room,0.00,11.23,0.93,2.00,0.00,00:00:40
Tink-a-Tako - Potranco,74,9/10/25 8:40 AM,Daniela Torres,,Dining Room,0.00,8.36,0.69,0.00,0.00,00:08:55
Tink-a-Tako - Potranco,75,9/10/25 8:40 AM,Daniela Torres,,Dining Room,0.00,27.04,2.24,0.00,0.00,00:09:56
Tink-a-Tako - Potranco,76,9/10/25 8:46 AM,Ivana Abundiz,,Dining Room,0.00,10.96,0.90,0.00,0.00,00:07:25
Tink-a-Tako - Potranco,77,9/10/25 8:48 AM,Norma Vasquez,26,Dining Room,0.00,7.77,0.64,0.00,0.00,00:26:12
Tink-a-Tako - Potranco,78,9/10/25 8:48 AM,Ivana Abundiz,,Dining Room,0.00,5.48,0.46,0.00,0.00,00:00:19
Tink-a-Tako - Potranco,79,9/10/25 8:49 AM,Ivana Abundiz,,Dining Room,0.00,10.57,0.86,0.00,0.00,00:00:28
Tink-a-Tako - Potranco,73,9/10/25 8:38 AM,Daniela Torres,,Dining Room,0.00,24.13,1.98,0.00,0.00,00:14:02
Tink-a-Tako - Potranco,81,9/10/25 8:49 AM,Daniela Torres,,Dining Room,0.00,12.76,1.05,0.00,0.00,00:05:42
Tink-a-Tako - Potranco,80,9/10/25 8:49 AM,Daniela Torres,,Dining Room,0.00,18.14,1.50,0.00,0.00,00:08:06
Tink-a-Tako - Potranco,82,9/10/25 8:52 AM,Daniela Torres,,Dining Room,0.00,7.97,0.65,0.00,0.00,00:07:37
Tink-a-Tako - Potranco,84,9/10/25 8:55 AM,Daniela Torres,,Dining Room,0.00,20.74,1.70,0.00,0.00,00:06:04
Tink-a-Tako - Potranco,83,9/10/25 8:54 AM,Ivana Abundiz,,Dining Room,10.07,0.00,0.00,0.00,0.00,05:10:01
Tink-a-Tako - Potranco,86,9/10/25 8:57 AM,Daniela Torres,,Dining Room,0.00,3.49,0.29,0.00,0.00,00:06:12
Tink-a-Tako - Potranco,87,9/10/25 8:59 AM,Ivana Abundiz,,Dining Room,0.00,9.26,0.77,0.00,0.00,00:00:31
Tink-a-Tako - Potranco,88,9/10/25 8:59 AM,Daniela Torres,,Dining Room,0.00,19.41,1.60,0.00,0.00,00:04:18
Tink-a-Tako - Potranco,90,9/10/25 9:02 AM,Norma Vasquez,,Dining Room,0.00,3.98,0.33,1.69,0.00,00:00:11
Tink-a-Tako - Potranco,89,9/10/25 9:02 AM,Daniela Torres,,Dining Room,0.00,3.98,0.33,0.00,0.00,00:05:07
Tink-a-Tako - Potranco,92,9/10/25 9:04 AM,Esperansa Caviedes,8,Dining Room,0.00,26.71,2.20,5.00,0.00,01:14:20
Tink-a-Tako - Potranco,91,9/10/25 9:03 AM,Daniela Torres,,Dining Room,0.00,3.98,0.33,0.00,0.00,00:05:05
Tink-a-Tako - Potranco,94,9/10/25 9:04 AM,Rosa Compean,12,Dining Room,0.00,20.95,1.74,5.00,0.00,00:18:12
Tink-a-Tako - Potranco,96,9/10/25 9:08 AM,Daniela Torres,,Dining Room,0.00,3.98,0.33,0.00,0.00,00:00:32
Tink-a-Tako - Potranco,95,9/10/25 9:08 AM,Esperansa Caviedes,18,Dining Room,0.00,20.71,1.70,4.56,0.00,00:19:53
Tink-a-Tako - Potranco,99,9/10/25 9:10 AM,Norma Vasquez,34,Dining Room,0.00,28.68,2.35,0.00,0.00,00:26:25
Tink-a-Tako - Potranco,100,9/10/25 9:14 AM,Daniela Torres,,Dining Room,0.00,11.42,0.93,0.00,0.00,00:01:44
Tink-a-Tako - Potranco,101,9/10/25 9:18 AM,Daniela Torres,,Dining Room,0.00,21.37,1.76,0.00,0.00,00:02:53
Tink-a-Tako - Potranco,104,9/10/25 9:19 AM,Norma Vasquez,32,Dining Room,0.00,11.47,0.95,0.00,0.00,00:31:16
Tink-a-Tako - Potranco,102,9/10/25 9:19 AM,Daniela Torres,,Dining Room,0.00,14.53,1.20,0.00,0.00,00:06:23
Tink-a-Tako - Potranco,103,9/10/25 9:19 AM,Esperansa Caviedes,10,Dining Room,0.00,6.98,0.58,0.00,0.00,01:11:21
Tink-a-Tako - Potranco,93,9/10/25 9:04 AM,Daniela Torres,,Dining Room,0.00,14.23,1.17,0.00,0.00,00:23:00
Tink-a-Tako - Potranco,105,9/10/25 9:22 AM,Daniela Torres,,Dining Room,0.00,10.96,0.90,0.00,0.00,00:07:21
Tink-a-Tako - Potranco,106,9/10/25 9:23 AM,Daniela Torres,,Dining Room,0.00,6.38,0.52,0.00,0.00,00:07:55
Tink-a-Tako - Potranco,108,9/10/25 9:25 AM,Daniela Torres,,Dining Room,0.00,12.55,1.04,0.00,0.00,00:06:55
Tink-a-Tako - Potranco,109,9/10/25 9:27 AM,Daniela Torres,,Dining Room,0.00,7.67,0.62,0.00,0.00,00:07:15
Tink-a-Tako - Potranco,110,9/10/25 9:29 AM,Daniela Torres,,Dining Room,0.00,5.37,0.44,0.00,0.00,00:06:35
Tink-a-Tako - Potranco,107,9/10/25 9:24 AM,Daniela Torres,,Dining Room,0.00,11.17,0.92,0.00,0.00,00:13:47
Tink-a-Tako - Potranco,112,9/10/25 9:34 AM,Norma Vasquez,22,Dining Room,0.00,22.11,1.81,0.00,0.00,00:44:37
Tink-a-Tako - Potranco,113,9/10/25 9:35 AM,Daniela Torres,,Dining Room,0.00,8.97,0.74,1.29,0.00,00:03:09
Tink-a-Tako - Potranco,114,9/10/25 9:35 AM,Rosa Compean,10,Dining Room,0.00,13.98,1.16,0.00,0.00,00:18:29
Tink-a-Tako - Potranco,115,9/10/25 9:36 AM,Rosa Compean,25,Dining Room,0.00,34.77,2.86,5.00,0.00,00:35:06
Tink-a-Tako - Potranco,111,9/10/25 9:31 AM,Daniela Torres,,Dining Room,0.00,10.83,0.89,0.00,0.00,00:09:04
Tink-a-Tako - Potranco,118,9/10/25 9:38 AM,Esperansa Caviedes,35,Dining Room,0.00,11.96,1.00,0.00,0.00,00:58:10
Tink-a-Tako - Potranco,119,9/10/25 9:39 AM,Rosa Compean,7,Dining Room,0.00,15.47,1.28,5.00,0.00,00:19:41
Tink-a-Tako - Potranco,117,9/10/25 9:37 AM,Daniela Torres,,Dining Room,0.00,11.56,0.95,0.00,0.00,00:09:30
Tink-a-Tako - Potranco,120,9/10/25 9:42 AM,Daniela Torres,,Dining Room,0.00,1.99,0.16,0.00,0.00,00:04:34
Tink-a-Tako - Potranco,121,9/10/25 9:43 AM,Daniela Torres,,Dining Room,0.00,4.28,0.35,0.00,0.00,00:06:31
Tink-a-Tako - Potranco,122,9/10/25 9:43 AM,Daniela Torres,,Dining Room,1.68,15.06,1.25,0.00,0.00,00:07:42
Tink-a-Tako - Potranco,123,9/10/25 9:44 AM,Daniela Torres,,Dining Room,0.00,14.85,1.22,0.00,0.00,00:09:22
Tink-a-Tako - Potranco,125,9/10/25 9:45 AM,Daniela Torres,,Dining Room,0.00,4.28,0.35,0.00,0.00,00:09:39
Tink-a-Tako - Potranco,127,9/10/25 9:48 AM,Norma Vasquez,17,Dining Room,0.00,25.96,2.14,0.00,0.00,00:25:31
Tink-a-Tako - Potranco,128,9/10/25 9:49 AM,Daniela Torres,,Dining Room,0.00,16.95,1.40,0.00,0.00,00:06:21
Tink-a-Tako - Potranco,129,9/10/25 9:52 AM,Norma Vasquez,42,Dining Room,0.00,54.64,4.52,0.00,10.94,00:41:03
Tink-a-Tako - Potranco,126,9/10/25 9:48 AM,Daniela Torres,,Dining Room,0.00,27.75,2.29,0.00,0.00,00:11:24
Tink-a-Tako - Potranco,135,9/10/25 9:53 AM,Esperansa Caviedes,31,Dining Room,0.48,69.23,5.72,5.00,13.94,00:40:51
Tink-a-Tako - Potranco,136,9/10/25 9:56 AM,Daniela Torres,,Dining Room,0.00,7.03,0.58,0.00,0.00,00:06:09
Tink-a-Tako - Potranco,134,9/10/25 9:52 AM,Daniela Torres,,Dining Room,0.00,4.97,0.41,0.00,0.00,00:11:04
Tink-a-Tako - Potranco,137,9/10/25 9:57 AM,Daniela Torres,,Dining Room,0.00,14.45,1.19,2.00,0.00,00:07:42
Tink-a-Tako - Potranco,138,9/10/25 9:58 AM,Daniela Torres,,Dining Room,0.00,7.23,0.59,0.00,0.00,00:09:02
Tink-a-Tako - Potranco,140,9/10/25 10:05 AM,Rosa Compean,33,Dining Room,0.00,23.83,1.96,0.00,0.00,00:57:01
Tink-a-Tako - Potranco,141,9/10/25 10:06 AM,Daniela Torres,,Dining Room,0.00,15.85,1.30,0.00,0.00,00:02:45
Tink-a-Tako - Potranco,142,9/10/25 10:10 AM,Daniela Torres,,Dining Room,0.00,3.58,0.30,0.00,0.00,00:00:31
Tink-a-Tako - Potranco,143,9/10/25 10:10 AM,Daniela Torres,,Dining Room,0.00,8.17,0.67,0.00,0.00,00:02:16
Tink-a-Tako - Potranco,144,9/10/25 10:13 AM,Daniela Torres,,Dining Room,0.00,3.78,0.31,0.00,0.00,00:01:45
Tink-a-Tako - Potranco,146,9/10/25 10:13 AM,Daniela Torres,,Dining Room,0.00,15.84,1.30,0.00,0.00,00:02:50
Tink-a-Tako - Potranco,145,9/10/25 10:13 AM,Esperansa Caviedes,10,Dining Room,0.00,22.40,1.85,0.00,0.00,00:48:31
Tink-a-Tako - Potranco,147,9/10/25 10:14 AM,Daniela Torres,,Dining Room,0.00,2.99,0.25,0.00,0.00,00:03:55
Tink-a-Tako - Potranco,148,9/10/25 10:16 AM,Norma Vasquez,11,Dining Room,0.00,9.37,0.77,3.00,0.00,00:26:15
Tink-a-Tako - Potranco,149,9/10/25 10:18 AM,Daniela Torres,,Dining Room,0.00,8.99,0.74,0.00,0.00,00:03:52
Tink-a-Tako - Potranco,150,9/10/25 10:22 AM,Esperansa Caviedes,8,Dining Room,0.00,23.12,1.90,5.00,0.00,00:30:32
Tink-a-Tako - Potranco,152,9/10/25 10:23 AM,Rosa Compean,25,Dining Room,0.00,42.61,3.51,0.00,0.00,00:42:21
Tink-a-Tako - Potranco,139,9/10/25 9:59 AM,Daniela Torres,,Dining Room,0.00,26.23,2.17,0.00,0.00,00:29:16
Tink-a-Tako - Potranco,151,9/10/25 10:22 AM,Daniela Torres,,Dining Room,0.00,6.38,0.52,0.00,0.00,00:09:42
Tink-a-Tako - Potranco,155,9/10/25 10:27 AM,Norma Vasquez,7,Dining Room,0.00,37.20,3.07,3.00,0.00,00:25:51
Tink-a-Tako - Potranco,154,9/10/25 10:26 AM,Daniela Torres,,Dining Room,0.00,10.97,0.90,0.00,0.00,00:06:01
Tink-a-Tako - Potranco,157,9/10/25 10:30 AM,Daniela Torres,,Dining Room,0.00,25.53,2.11,2.00,0.00,00:08:13
Tink-a-Tako - Potranco,158,9/10/25 10:32 AM,Daniela Torres,,Dining Room,0.00,5.37,0.44,2.00,0.00,00:07:36
Tink-a-Tako - Potranco,159,9/10/25 10:37 AM,Daniela Torres,,Dining Room,0.00,3.58,0.30,2.00,0.00,00:04:12
Tink-a-Tako - Potranco,161,9/10/25 10:38 AM,Rosa Compean,35,Dining Room,0.00,59.14,4.88,0.00,0.00,00:35:38
Tink-a-Tako - Potranco,160,9/10/25 10:38 AM,Norma Vasquez,18,Dining Room,0.00,30.71,2.53,7.00,0.00,00:19:10
Tink-a-Tako - Potranco,162,9/10/25 10:40 AM,Daniela Torres,,Dining Room,0.00,5.29,0.44,1.00,0.00,00:03:28
Tink-a-Tako - Potranco,163,9/10/25 10:40 AM,Daniela Torres,,Dining Room,0.00,2.29,0.19,0.00,0.00,00:04:50
Tink-a-Tako - Potranco,164,9/10/25 10:42 AM,Daniela Torres,,Dining Room,0.00,16.24,1.33,0.00,0.00,00:04:35
Tink-a-Tako - Potranco,165,9/10/25 10:47 AM,Daniela Torres,,Dining Room,0.00,13.81,1.13,0.00,0.00,00:01:31
Tink-a-Tako - Potranco,166,9/10/25 10:47 AM,Rosa Compean,23,Dining Room,0.00,8.27,0.69,3.00,0.00,00:19:16
Tink-a-Tako - Potranco,167,9/10/25 10:50 AM,Daniela Torres,,Dining Room,0.00,9.58,0.79,0.00,0.00,00:00:39
Tink-a-Tako - Potranco,169,9/10/25 10:54 AM,Esperansa Caviedes,32,Dining Room,0.00,17.98,1.48,5.00,0.00,00:29:40
Tink-a-Tako - Potranco,168,9/10/25 10:50 AM,Daniela Torres,,Dining Room,0.00,15.32,1.26,0.00,0.00,00:04:19
Tink-a-Tako - Potranco,170,9/10/25 10:54 AM,Norma Vasquez,17,Dining Room,0.00,27.39,2.26,0.00,0.00,00:56:30
Tink-a-Tako - Potranco,156,9/10/25 10:30 AM,Daniela Torres,,Dining Room,0.00,6.38,0.52,0.00,0.00,00:31:03
Tink-a-Tako - Potranco,172,9/10/25 11:02 AM,Rosa Compean,33,Dining Room,0.00,24.26,2.01,5.00,0.00,00:57:32
Tink-a-Tako - Potranco,173,9/10/25 11:02 AM,Esperansa Caviedes,10,Dining Room,0.00,12.97,1.08,0.00,0.00,00:39:12
Tink-a-Tako - Potranco,174,9/10/25 11:03 AM,Norma Vasquez,7,Dining Room,1.60,27.35,2.26,0.00,0.00,00:34:58
Tink-a-Tako - Potranco,175,9/10/25 11:04 AM,Rosa Compean,26,Dining Room,0.00,12.37,1.01,0.00,0.00,00:38:31
Tink-a-Tako - Potranco,176,9/10/25 11:06 AM,Norma Vasquez,11,Dining Room,0.00,11.86,0.97,2.00,0.00,00:24:24
Tink-a-Tako - Potranco,171,9/10/25 11:01 AM,Daniela Torres,,Dining Room,0.00,5.58,0.46,0.00,0.00,00:05:44
Tink-a-Tako - Potranco,178,9/10/25 11:06 AM,Esperansa Caviedes,22,Dining Room,0.00,27.96,2.31,3.00,0.00,00:24:26
Tink-a-Tako - Potranco,177,9/10/25 11:06 AM,Daniela Torres,,Dining Room,0.00,18.74,1.55,0.00,0.00,00:05:52
Tink-a-Tako - Potranco,179,9/10/25 11:09 AM,Daniela Torres,,Dining Room,0.00,10.99,0.91,0.00,0.00,00:06:59
Tink-a-Tako - Potranco,182,9/10/25 11:10 AM,Norma Vasquez,15,Dining Room,0.00,43.88,3.62,0.00,0.00,00:57:01
Tink-a-Tako - Potranco,183,9/10/25 11:11 AM,Ivana Abundiz,,Dining Room,0.00,9.87,0.82,0.00,0.00,00:13:30
Tink-a-Tako - Potranco,180,9/10/25 11:09 AM,Zoila Salinas,,Dining Room,8.99,0.00,0.00,0.00,0.00,10:20:03
Tink-a-Tako - Potranco,184,9/10/25 11:11 AM,Rosa Compean,38,Dining Room,0.00,23.91,1.97,4.09,0.00,00:22:58
Tink-a-Tako - Potranco,185,9/10/25 11:13 AM,Norma Vasquez,24,Dining Room,0.00,8.28,0.69,3.00,0.00,00:18:13
Tink-a-Tako - Potranco,181,9/10/25 11:09 AM,Daniela Torres,,Dining Room,0.00,4.78,0.39,0.00,0.00,00:07:36
Tink-a-Tako - Potranco,187,9/10/25 11:17 AM,Esperansa Caviedes,18,Dining Room,0.00,18.65,1.53,3.00,0.00,00:25:52
Tink-a-Tako - Potranco,188,9/10/25 11:25 AM,Ivana Abundiz,,Dining Room,0.00,11.76,0.97,0.00,0.00,00:00:45
Tink-a-Tako - Potranco,186,9/10/25 11:16 AM,Daniela Torres,,Dining Room,0.00,11.06,0.92,1.00,0.00,00:11:13
Tink-a-Tako - Potranco,190,9/10/25 11:26 AM,Norma Vasquez,25,Dining Room,0.00,30.64,2.53,0.00,0.00,00:27:32
Tink-a-Tako - Potranco,191,9/10/25 11:26 AM,Ivana Abundiz,,Dining Room,0.00,16.44,1.35,0.00,0.00,00:11:28
Tink-a-Tako - Potranco,189,9/10/25 11:26 AM,Daniela Torres,,Dining Room,0.00,3.98,0.33,0.00,0.00,00:04:08
Tink-a-Tako - Potranco,194,9/10/25 11:33 AM,Norma Vasquez,37,Dining Room,0.00,30.44,2.52,6.00,0.00,00:35:29
Tink-a-Tako - Potranco,192,9/10/25 11:28 AM,Daniela Torres,,Dining Room,0.00,15.74,1.30,0.00,0.00,00:07:06
Tink-a-Tako - Potranco,195,9/10/25 11:34 AM,Daniela Torres,,Dining Room,0.00,8.88,0.73,0.00,0.00,00:04:54
Tink-a-Tako - Potranco,196,9/10/25 11:34 AM,Daniela Torres,,Dining Room,0.00,11.13,0.91,0.00,0.00,00:08:28
Tink-a-Tako - Potranco,198,9/10/25 11:36 AM,Ivana Abundiz,,Dining Room,0.00,21.77,1.79,0.00,0.00,00:05:54
Tink-a-Tako - Potranco,199,9/10/25 11:39 AM,Daniela Torres,,Dining Room,0.00,19.42,1.60,0.00,0.00,00:04:59
Tink-a-Tako - Potranco,200,9/10/25 11:41 AM,Daniela Torres,,Dining Room,0.00,11.99,0.99,0.00,0.00,00:07:05
Tink-a-Tako - Potranco,201,9/10/25 11:42 AM,Daniela Torres,,Dining Room,0.00,18.49,1.52,0.00,0.00,00:10:02
Tink-a-Tako - Potranco,202,9/10/25 11:44 AM,Rosa Compean,32,Dining Room,0.00,26.37,2.16,0.00,0.00,00:37:38
Tink-a-Tako - Potranco,197,9/10/25 11:35 AM,Daniela Torres,,Dining Room,0.00,7.68,0.63,0.00,0.00,00:19:48
Tink-a-Tako - Potranco,203,9/10/25 11:46 AM,Norma Vasquez,,Dining Room,0.90,8.09,0.67,1.00,0.00,00:04:06
Tink-a-Tako - Potranco,205,9/10/25 11:50 AM,Daniela Torres,,Dining Room,0.00,9.56,0.78,0.00,0.00,00:06:48
Tink-a-Tako - Potranco,207,9/10/25 11:55 AM,Daniela Torres,,Dining Room,0.00,12.97,1.07,0.00,0.00,00:03:55
Tink-a-Tako - Potranco,208,9/10/25 11:56 AM,Daniela Torres,,Dining Room,0.00,14.97,1.24,0.00,0.00,00:07:41
Tink-a-Tako - Potranco,210,9/10/25 11:57 AM,Rosa Compean,22,Dining Room,1.60,66.48,5.47,7.00,0.00,00:42:35
Tink-a-Tako - Potranco,211,9/10/25 12:00 PM,Esperansa Caviedes,8,Dining Room,0.00,5.98,0.50,0.00,0.00,00:00:26
Tink-a-Tako - Potranco,212,9/10/25 12:00 PM,Ivana Abundiz,,Dining Room,0.00,3.78,0.31,0.00,0.00,00:13:50
Tink-a-Tako - Potranco,213,9/10/25 12:01 PM,Esperansa Caviedes,24,Dining Room,0.00,21.38,1.76,0.00,0.00,01:43:57
Tink-a-Tako - Potranco,214,9/10/25 12:03 PM,Rosa Compean,35,Dining Room,1.20,18.78,1.55,0.00,0.00,00:32:22
Tink-a-Tako - Potranco,204,9/10/25 11:46 AM,Daniela Torres,,Dining Room,0.00,18.97,1.56,0.00,0.00,00:27:27
Tink-a-Tako - Potranco,216,9/10/25 12:08 PM,Esperansa Caviedes,10,Dining Room,0.00,30.42,2.50,10.00,0.00,00:43:50
Tink-a-Tako - Potranco,215,9/10/25 12:05 PM,Daniela Torres,,Dining Room,0.00,7.97,0.66,0.00,0.00,00:09:30
Tink-a-Tako - Potranco,219,9/10/25 12:12 PM,Esperansa Caviedes,25,Dining Room,0.00,9.95,0.82,2.00,0.00,00:15:52
Tink-a-Tako - Potranco,220,9/10/25 12:12 PM,Rosa Compean,17,Dining Room,0.00,25.98,2.14,0.00,0.00,00:34:21
Tink-a-Tako - Potranco,221,9/10/25 12:14 PM,Norma Vasquez,11,Dining Room,0.00,7.53,0.62,4.00,0.00,00:30:16
Tink-a-Tako - Potranco,218,9/10/25 12:08 PM,Daniela Torres,,Dining Room,0.00,41.96,3.45,0.00,0.00,00:11:25
Tink-a-Tako - Potranco,222,9/10/25 12:17 PM,Daniela Torres,,Dining Room,0.00,3.58,0.30,0.00,0.00,00:08:37
Tink-a-Tako - Potranco,224,9/10/25 12:19 PM,Daniela Torres,,Dining Room,0.00,4.78,0.39,0.00,0.00,00:07:01
Tink-a-Tako - Potranco,223,9/10/25 12:18 PM,Daniela Torres,,Dining Room,0.00,13.43,1.10,0.00,0.00,00:10:01
Tink-a-Tako - Potranco,227,9/10/25 12:23 PM,Rosa Compean,18,Dining Room,0.00,29.66,2.44,6.00,0.00,00:56:06
Tink-a-Tako - Potranco,229,9/10/25 12:25 PM,Rosa Compean,38,Dining Room,0.00,24.88,2.04,0.00,0.00,01:09:43
Tink-a-Tako - Potranco,230,9/10/25 12:26 PM,Daniela Torres,,Dining Room,0.00,2.29,0.19,0.00,0.00,00:03:43
Tink-a-Tako - Potranco,228,9/10/25 12:24 PM,Esperansa Caviedes,33,Dining Room,0.00,18.86,1.55,0.00,0.00,00:45:55
Tink-a-Tako - Potranco,231,9/10/25 12:27 PM,Norma Vasquez,7,Dining Room,0.80,18.68,1.54,5.00,0.00,00:25:56
Tink-a-Tako - Potranco,232,9/10/25 12:27 PM,Esperansa Caviedes,26,Dining Room,0.00,22.68,1.86,4.00,0.00,00:47:44
Tink-a-Tako - Potranco,233,9/10/25 12:31 PM,Norma Vasquez,32,Dining Room,0.00,42.84,3.52,2.00,0.00,00:46:01
Tink-a-Tako - Potranco,234,9/10/25 12:34 PM,Rosa Compean,15,Dining Room,0.00,25.60,2.11,0.00,0.00,00:37:54
Tink-a-Tako - Potranco,236,9/10/25 12:35 PM,Norma Vasquez,16,Dining Room,0.00,26.43,2.17,0.00,0.00,00:36:06
Tink-a-Tako - Potranco,237,9/10/25 12:41 PM,Rosa Compean,2,Dining Room,0.00,7.99,0.66,0.00,0.00,00:54:19
Tink-a-Tako - Potranco,226,9/10/25 12:22 PM,Daniela Torres,,Dining Room,0.00,4.99,0.41,0.00,0.00,00:19:42
Tink-a-Tako - Potranco,239,9/10/25 12:42 PM,Daniela Torres,,Dining Room,0.00,9.97,0.83,0.00,0.00,00:06:11
Tink-a-Tako - Potranco,240,9/10/25 12:44 PM,Esperansa Caviedes,25,Dining Room,0.00,25.98,2.14,0.00,0.00,00:38:45
Tink-a-Tako - Potranco,238,9/10/25 12:41 PM,Daniela Torres,,Dining Room,0.00,8.77,0.73,0.00,0.00,00:17:18
Tink-a-Tako - Potranco,242,9/10/25 12:58 PM,Daniela Torres,,Dining Room,0.00,7.96,0.66,0.00,0.00,00:00:55
Tink-a-Tako - Potranco,243,9/10/25 1:08 PM,Esperansa Caviedes,34,Dining Room,0.00,44.28,3.64,12.08,0.00,00:36:34
Tink-a-Tako - Potranco,244,9/10/25 1:09 PM,Rosa Compean,35,Dining Room,0.00,33.65,2.78,0.00,0.00,00:39:14
Tink-a-Tako - Potranco,245,9/10/25 1:11 PM,Ivana Abundiz,,Dining Room,0.00,34.56,2.85,0.00,0.00,00:16:30
Tink-a-Tako - Potranco,247,9/10/25 1:12 PM,Daniela Torres,,Dining Room,0.00,21.25,1.75,2.00,0.00,00:02:38
Tink-a-Tako - Potranco,248,9/10/25 1:16 PM,Rosa Compean,7,Dining Room,0.00,25.46,2.10,5.00,0.00,00:53:36
Tink-a-Tako - Potranco,249,9/10/25 1:19 PM,Daniela Torres,,Dining Room,0.00,19.10,1.56,0.00,0.00,00:04:29
Tink-a-Tako - Potranco,250,9/10/25 1:22 PM,Daniela Torres,,Dining Room,0.00,9.87,0.81,0.00,0.00,00:04:38
Tink-a-Tako - Potranco,251,9/10/25 1:23 PM,Norma Vasquez,3,Dining Room,0.00,29.45,2.43,5.00,0.00,00:24:45
Tink-a-Tako - Potranco,241,9/10/25 12:56 PM,Daniela Torres,,Dining Room,0.00,11.25,0.93,0.00,0.00,00:31:39
Tink-a-Tako - Potranco,252,9/10/25 1:27 PM,Daniela Torres,,Dining Room,0.00,6.98,0.58,0.00,0.00,00:05:17
Tink-a-Tako - Potranco,253,9/10/25 1:32 PM,Daniela Torres,,Dining Room,0.00,7.14,0.58,0.00,0.00,00:07:35
Tink-a-Tako - Potranco,254,9/10/25 1:37 PM,Norma Vasquez,11,Dining Room,0.00,72.29,5.94,5.00,0.00,00:45:11
Tink-a-Tako - Potranco,256,9/10/25 1:52 PM,Ivana Abundiz,,Dining Room,0.00,15.98,1.32,0.00,0.00,00:00:18
Tink-a-Tako - Potranco,257,9/10/25 1:52 PM,Ivana Abundiz,,Dining Room,0.00,15.98,1.32,0.00,0.00,00:00:24
Tink-a-Tako - Potranco,258,9/10/25 1:52 PM,Ivana Abundiz,,Dining Room,0.00,2.99,0.25,0.00,0.00,00:00:26
Tink-a-Tako - Potranco,259,9/10/25 1:55 PM,Sergio Abundiz,33,Dining Room,0.00,25.38,2.08,0.00,0.00,01:35:02
Tink-a-Tako - Potranco,255,9/10/25 1:38 PM,Daniela Torres,,Dining Room,0.00,17.36,1.43,0.00,0.00,00:31:48
Tink-a-Tako - Potranco,260,9/10/25 2:07 PM,Daniela Torres,,Dining Room,0.00,49.48,4.09,0.00,0.00,00:06:59
Tink-a-Tako - Potranco,262,9/10/25 2:14 PM,Daniela Torres,,Dining Room,0.00,2.60,0.22,0.00,0.00,00:01:05
Tink-a-Tako - Potranco,264,9/10/25 2:22 PM,Juan  Camacho,32,Dining Room,0.00,47.26,3.88,10.00,0.00,00:24:07
Tink-a-Tako - Potranco,265,9/10/25 2:26 PM,Juan  Camacho,18,Dining Room,0.00,29.67,2.44,3.00,0.00,00:25:02
Tink-a-Tako - Potranco,266,9/10/25 2:29 PM,Sergio Abundiz,,Dining Room,0.00,25.98,2.14,0.00,0.00,00:00:40
Tink-a-Tako - Potranco,261,9/10/25 2:09 PM,Daniela Torres,,Dining Room,0.00,13.75,1.13,0.00,0.00,00:34:44
Tink-a-Tako - Potranco,268,9/10/25 2:42 PM,Daniela Torres,,Dining Room,0.00,25.98,2.15,0.00,0.00,00:04:06
Tink-a-Tako - Potranco,269,9/10/25 2:43 PM,Daniela Torres,,Dining Room,0.00,13.38,1.10,0.00,0.00,00:09:26
Tink-a-Tako - Potranco,270,9/10/25 2:43 PM,Daniela Torres,,Dining Room,0.00,7.84,0.64,0.00,0.00,00:09:28
Tink-a-Tako - Potranco,271,9/10/25 2:47 PM,Daniela Torres,,Dining Room,0.00,24.97,2.06,0.00,0.00,00:08:31
Tink-a-Tako - Potranco,273,9/10/25 2:55 PM,Juan  Camacho,23,Dining Room,0.00,24.83,2.04,10.00,0.00,00:28:07
Tink-a-Tako - Potranco,272,9/10/25 2:51 PM,Daniela Torres,,Dining Room,0.00,10.77,0.88,0.00,0.00,00:10:50
Tink-a-Tako - Potranco,274,9/10/25 2:55 PM,Daniela Torres,,Dining Room,0.00,14.42,1.18,0.00,0.00,00:08:33
Tink-a-Tako - Potranco,276,9/10/25 3:08 PM,Juan  Camacho,25,Dining Room,1.40,44.46,3.66,5.00,0.00,00:34:51
Tink-a-Tako - Potranco,277,9/10/25 3:09 PM,Sergio Abundiz,37,Dining Room,0.00,21.20,1.74,4.00,0.00,00:34:39
Tink-a-Tako - Potranco,278,9/10/25 3:14 PM,Daniela Torres,,Dining Room,0.00,2.78,0.23,0.00,0.00,00:01:29
Tink-a-Tako - Potranco,279,9/10/25 3:16 PM,Sergio Abundiz,38,Dining Room,0.00,9.92,0.82,0.00,0.00,00:24:06
Tink-a-Tako - Potranco,281,9/10/25 3:38 PM,Juan  Camacho,7,Dining Room,0.00,26.61,2.19,10.00,0.00,00:48:38
Tink-a-Tako - Potranco,282,9/10/25 3:39 PM,Juan  Camacho,,Dining Room,0.00,9.86,0.82,0.00,0.00,00:16:27
Tink-a-Tako - Potranco,283,9/10/25 3:43 PM,Daniela Torres,,Dining Room,0.00,17.24,1.42,0.00,0.00,00:02:29
Tink-a-Tako - Potranco,284,9/10/25 3:45 PM,Daniela Torres,,Dining Room,0.00,18.97,1.56,0.00,0.00,00:04:26
Tink-a-Tako - Potranco,286,9/10/25 3:51 PM,Melissa Urena,,Dining Room,0.00,10.99,0.91,0.00,0.00,00:07:06
Tink-a-Tako - Potranco,287,9/10/25 3:51 PM,Melissa Urena,,Dining Room,0.00,11.99,0.99,1.00,0.00,00:07:51
Tink-a-Tako - Potranco,288,9/10/25 3:52 PM,Sergio Abundiz,22,Dining Room,0.00,71.30,5.87,10.00,0.00,00:37:02
Tink-a-Tako - Potranco,289,9/10/25 4:05 PM,Melissa Urena,,Dining Room,0.00,6.28,0.52,0.00,0.00,00:00:39
Tink-a-Tako - Potranco,290,9/10/25 4:15 PM,Juan  Camacho,35,Dining Room,0.00,4.48,0.37,2.00,0.00,00:00:29
Tink-a-Tako - Potranco,291,9/10/25 4:16 PM,Melissa Urena,,Dining Room,0.00,19.67,1.62,0.00,0.00,00:01:13
Tink-a-Tako - Potranco,292,9/10/25 4:18 PM,Melissa Urena,,Dining Room,0.00,13.43,1.10,0.00,0.00,00:05:00
Tink-a-Tako - Potranco,293,9/10/25 4:19 PM,Juan  Camacho,23,Dining Room,0.00,35.38,2.90,10.00,0.00,00:47:45
Tink-a-Tako - Potranco,295,9/10/25 4:30 PM,Sergio Abundiz,35,Dining Room,0.00,26.34,2.17,10.00,0.00,00:31:24
Tink-a-Tako - Potranco,294,9/10/25 4:24 PM,Melissa Urena,,Dining Room,0.00,12.99,1.07,3.00,0.00,00:07:53
Tink-a-Tako - Potranco,296,9/10/25 4:34 PM,Juan  Camacho,25,Dining Room,0.00,29.38,2.42,5.88,0.00,00:46:34
Tink-a-Tako - Potranco,297,9/10/25 4:36 PM,Melissa Urena,,Dining Room,0.00,25.98,2.14,1.00,0.00,00:03:05
Tink-a-Tako - Potranco,298,9/10/25 4:39 PM,Juan  Camacho,,Dining Room,0.00,12.56,1.04,0.00,0.00,00:15:59
Tink-a-Tako - Potranco,299,9/10/25 4:49 PM,Juan  Camacho,,Dining Room,0.00,22.98,1.89,0.00,0.00,00:00:56
Tink-a-Tako - Potranco,300,9/10/25 4:50 PM,Sergio Abundiz,32,Dining Room,0.00,48.18,3.98,8.00,0.00,00:27:56
Tink-a-Tako - Potranco,301,9/10/25 4:53 PM,Melissa Urena,,Dining Room,0.00,9.98,0.82,0.00,0.00,00:03:13
Tink-a-Tako - Potranco,302,9/10/25 5:04 PM,Melissa Urena,,Dining Room,0.00,7.76,0.64,0.00,0.00,00:31:15
Tink-a-Tako - Potranco,303,9/10/25 5:15 PM,Juan  Camacho,17,Dining Room,0.00,52.94,4.36,10.00,0.00,01:03:46
Tink-a-Tako - Potranco,304,9/10/25 5:25 PM,Melissa Urena,,Dining Room,0.00,19.98,1.65,0.00,0.00,00:00:31
Tink-a-Tako - Potranco,306,9/10/25 5:32 PM,Melissa Urena,,Dining Room,0.00,27.92,2.30,0.00,0.00,00:04:03
Tink-a-Tako - Potranco,307,9/10/25 5:43 PM,Melissa Urena,,Dining Room,0.00,14.50,1.20,0.00,0.00,00:00:49
Tink-a-Tako - Potranco,309,9/10/25 5:49 PM,Sergio Abundiz,25,Dining Room,0.00,19.60,1.62,7.00,0.00,00:24:02
Tink-a-Tako - Potranco,310,9/10/25 5:54 PM,Sergio Abundiz,31,Dining Room,0.00,29.58,2.44,3.00,0.00,00:36:00
Tink-a-Tako - Potranco,311,9/10/25 5:55 PM,Sergio Abundiz,38,Dining Room,0.00,11.98,0.99,0.00,0.00,00:28:42
Tink-a-Tako - Potranco,312,9/10/25 5:56 PM,Juan  Camacho,,Dining Room,0.00,33.47,2.76,2.00,0.00,00:35:14
Tink-a-Tako - Potranco,308,9/10/25 5:44 PM,Melissa Urena,,Dining Room,0.00,15.98,1.32,5.00,0.00,00:15:49
Tink-a-Tako - Potranco,313,9/10/25 6:00 PM,Melissa Urena,,Dining Room,0.00,9.97,0.82,1.00,0.00,00:04:43
Tink-a-Tako - Potranco,314,9/10/25 6:00 PM,Sergio Abundiz,22,Dining Room,0.00,30.84,2.54,6.12,0.00,01:37:09
Tink-a-Tako - Potranco,315,9/10/25 6:02 PM,Melissa Urena,,Dining Room,0.00,35.50,2.93,2.00,0.00,00:06:05
Tink-a-Tako - Potranco,317,9/10/25 6:05 PM,Melissa Urena,,Dining Room,0.00,9.58,0.79,0.00,0.00,00:08:20
Tink-a-Tako - Potranco,316,9/10/25 6:04 PM,Sergio Abundiz,33,Dining Room,0.00,16.77,1.38,4.00,0.00,00:17:44
Tink-a-Tako - Potranco,318,9/10/25 6:07 PM,Melissa Urena,,Dining Room,0.00,29.18,2.39,0.00,0.00,00:11:24
Tink-a-Tako - Potranco,319,9/10/25 6:08 PM,Melissa Urena,,Dining Room,0.00,10.26,0.85,1.00,0.00,00:13:02
Tink-a-Tako - Potranco,320,9/10/25 6:18 PM,Melissa Urena,,Dining Room,0.00,11.49,0.95,0.00,0.00,00:04:37
Tink-a-Tako - Potranco,321,9/10/25 6:21 PM,Melissa Urena,,Dining Room,0.00,4.78,0.40,0.00,0.00,00:05:48
Tink-a-Tako - Potranco,322,9/10/25 6:23 PM,Melissa Urena,,Dining Room,0.00,34.22,2.82,3.00,0.00,00:04:51
Tink-a-Tako - Potranco,323,9/10/25 6:27 PM,Melissa Urena,,Dining Room,0.00,3.99,0.33,0.00,0.00,00:07:46
Tink-a-Tako - Potranco,324,9/10/25 6:28 PM,Juan  Camacho,24,Dining Room,0.00,33.74,2.78,7.00,0.00,00:35:10
Tink-a-Tako - Potranco,325,9/10/25 6:40 PM,Juan  Camacho,32,Dining Room,0.00,39.30,3.22,7.86,0.00,00:33:30
Tink-a-Tako - Potranco,326,9/10/25 6:44 PM,Juan  Camacho,19,Dining Room,0.00,62.42,5.14,5.00,0.00,00:37:52
Tink-a-Tako - Potranco,328,9/10/25 6:45 PM,Sergio Abundiz,33,Dining Room,0.00,20.37,1.68,4.00,0.00,00:57:38
Tink-a-Tako - Potranco,329,9/10/25 6:51 PM,Melissa Urena,,Dining Room,0.00,20.48,1.69,0.00,0.00,00:01:14
Tink-a-Tako - Potranco,332,9/10/25 6:57 PM,Sergio Abundiz,25,Dining Room,0.00,52.66,4.33,10.00,0.00,00:31:16
Tink-a-Tako - Potranco,333,9/10/25 7:01 PM,Juan  Camacho,31,Dining Room,0.00,24.36,2.00,4.87,0.00,00:27:52
Tink-a-Tako - Potranco,334,9/10/25 7:06 PM,Juan  Camacho,,Dining Room,0.00,58.75,4.85,0.00,0.00,00:13:44
Tink-a-Tako - Potranco,335,9/10/25 7:07 PM,Sergio Abundiz,9,Dining Room,0.00,87.85,7.23,0.00,17.57,00:40:25
Tink-a-Tako - Potranco,330,9/10/25 6:52 PM,Melissa Urena,,Dining Room,0.00,9.78,0.81,0.00,0.00,00:19:45
Tink-a-Tako - Potranco,336,9/10/25 7:17 PM,Melissa Urena,,Dining Room,0.00,18.12,1.49,0.00,0.00,00:06:14
Tink-a-Tako - Potranco,337,9/10/25 7:25 PM,Sergio Abundiz,37,Dining Room,0.00,81.87,6.75,5.00,0.00,00:32:14
Tink-a-Tako - Potranco,338,9/10/25 7:27 PM,Juan  Camacho,38,Dining Room,0.00,25.92,2.13,5.00,0.00,00:39:59
Tink-a-Tako - Potranco,339,9/10/25 7:27 PM,Juan  Camacho,15,Dining Room,0.00,35.21,2.91,0.00,0.00,00:57:59
Tink-a-Tako - Potranco,340,9/10/25 7:31 PM,Melissa Urena,,Dining Room,0.00,4.89,0.40,1.00,0.00,00:01:29
Tink-a-Tako - Potranco,341,9/10/25 7:33 PM,Melissa Urena,,Dining Room,0.00,5.49,0.45,0.00,0.00,00:01:51
Tink-a-Tako - Potranco,342,9/10/25 7:34 PM,Juan  Camacho,32,Dining Room,0.00,14.43,1.18,0.00,0.00,00:34:09
Tink-a-Tako - Potranco,343,9/10/25 7:38 PM,Melissa Urena,,Dining Room,0.54,4.85,0.40,0.00,0.00,00:02:10
Tink-a-Tako - Potranco,347,9/10/25 7:46 PM,Juan  Camacho,34,Dining Room,0.00,133.33,10.97,0.00,26.67,01:09:20
Tink-a-Tako - Potranco,348,9/10/25 7:48 PM,Sergio Abundiz,24,Dining Room,0.00,31.73,2.63,8.00,0.00,00:23:55
Tink-a-Tako - Potranco,346,9/10/25 7:41 PM,Melissa Urena,,Dining Room,0.00,4.89,0.40,0.00,0.00,00:13:39
Tink-a-Tako - Potranco,349,9/10/25 7:54 PM,Melissa Urena,,Dining Room,0.00,21.97,1.81,0.00,0.00,00:09:56
Tink-a-Tako - Potranco,350,9/10/25 8:04 PM,Melissa Urena,,Dining Room,0.00,0.00,0.00,0.00,0.00,00:01:07
Tink-a-Tako - Potranco,351,9/10/25 8:09 PM,Sergio Abundiz,17,Dining Room,0.00,27.26,2.23,0.00,0.00,00:34:40
Tink-a-Tako - Potranco,352,9/10/25 8:11 PM,Melissa Urena,,Dining Room,0.00,13.61,1.12,0.00,0.00,00:03:29
Tink-a-Tako - Potranco,353,9/10/25 8:11 PM,Melissa Urena,,Dining Room,0.00,14.06,1.16,0.00,0.00,00:08:03
Tink-a-Tako - Potranco,354,9/10/25 8:20 PM,Sergio Abundiz,25,Dining Room,0.00,23.21,1.92,0.00,0.00,00:29:48
Tink-a-Tako - Potranco,355,9/10/25 8:34 PM,Juan  Camacho,9,Dining Room,0.00,91.18,7.54,10.00,18.24,00:41:05
Tink-a-Tako - Potranco,356,9/10/25 8:42 PM,Melissa Urena,,Dining Room,0.00,24.98,2.06,0.00,0.00,00:01:06
