Employee,Job Title,In Date,Out Date,Auto Clock-out,Total Hours,Unpaid Break Time,Paid Break Time,Payable Hours
"Aviles, Genaro",Cook,9/10/25 5:30 AM,9/10/25 2:17 PM,No,8.78,0.00,0.00,8.78
"Gonzales (Line) , Maria",Cook,9/10/25 5:30 AM,9/10/25 9:19 PM,No,15.82,0.00,0.00,15.82
"Diaz, Diego",Cook,9/10/25 5:31 AM,9/10/25 2:05 PM,No,8.58,0.00,0.00,8.58
"Alvarado, Rodolfo",Cook,9/10/25 5:41 AM,9/10/25 1:58 PM,No,8.28,0.00,0.00,8.28
"Vasquez, Norma",Server,9/10/25 6:12 AM,9/10/25 2:25 PM,No,8.21,0.00,0.00,8.21
"Torres, Daniela",Drive-Thru,9/10/25 6:16 AM,9/10/25 3:59 PM,No,9.71,0.00,0.00,9.71
"Salinas, Zoila",Manager S.,9/10/25 7:29 AM,9/11/25 4:00 AM,Yes,20.50,0.00,0.00,20.50
"Caviedes, Esperansa",Server,9/10/25 7:31 AM,9/10/25 1:55 PM,No,6.39,0.00,0.00,6.39
"Compean, Rosa",Server,9/10/25 7:53 AM,9/10/25 2:11 PM,No,6.30,0.00,0.00,6.30
"Abundiz, Ivana",Host,9/10/25 8:04 AM,9/10/25 2:06 PM,No,6.04,0.00,0.00,6.04
"Trevino, Melissa",Dishwasher,9/10/25 8:11 AM,9/10/25 2:21 PM,No,6.15,0.00,0.00,6.15
"Serrato, Joshua ",Busser,9/10/25 9:01 AM,9/10/25 2:04 PM,No,5.06,0.00,0.00,5.06
"Abundiz, Sergio",Server,9/10/25 1:52 PM,9/10/25 9:52 PM,No,8.00,0.00,0.00,8.00
"Gonzalez, Maria ",Tortillero,9/10/25 1:53 PM,9/10/25 9:24 PM,No,7.52,0.00,0.00,7.52
"Calderon, Jesus",Cook,9/10/25 1:55 PM,9/10/25 9:00 PM,No,7.10,0.00,0.00,7.10
"ROJAS, JAIME",Dishwasher,9/10/25 1:57 PM,9/10/25 9:24 PM,No,7.45,0.00,0.00,7.45
"Camacho, Juan ",Server,9/10/25 2:00 PM,9/10/25 9:52 PM,No,7.88,0.00,0.00,7.88
"Luna, Mayra",Shift Manager / Assistant Manager,9/10/25 2:10 PM,9/10/25 9:51 PM,No,7.68,0.00,0.00,7.68
"Urena, Melissa",Drive-Thru,9/10/25 3:50 PM,9/10/25 9:25 PM,No,5.60,0.00,0.00,5.60
"Rueda, Jonathan",Busser,9/10/25 4:03 PM,9/10/25 9:14 PM,No,5.19,0.00,0.00,5.19
