Employee,Job Title,Regular Hours,Overtime Hours,Hourly Rate,Regular Pay,Overtime Pay,Total Pay,Net Sales,Declared Tips,Non-Cash Tips,Total Tips,Tips Withheld,Total Gratuity,Employee ID,Job Code,Location,Location Code
"CASHIER, AM",General Manager,14.32,0.0,,,,,415.36,,6.00,6.00,0.00,0.00,,,2919 Blanco Rd,
"Franco , Eduardo ",Cook,14.35,0.0,14.00,200.90,0.00,200.90,0.00,,0.00,0.00,0.00,0.00,,,2919 Blanco Rd,
"Hernandez, Celinda",Cook,8.96,0.0,16.00,143.36,0.00,143.36,0.00,,0.00,0.00,0.00,0.00,,,2919 Blanco Rd,
"Martinez , Sami",Server,6.25,0.0,3.00,18.75,0.00,18.75,184.26,,6.00,6.00,0.00,0.00,,,2919 Blanco Rd,
"Martinez , Sami",Busser,7.17,0.0,11.00,78.87,0.00,78.87,640.86,,81.00,81.00,0.00,0.00,,,2919 Blanco Rd,
"Ovalle , Martina",Drive-Thru,13.440000000000001,0.0,,,,,1898.55,,39.05,39.05,0.00,0.00,,,2919 Blanco Rd,
"Salazar, Betty",Chef,15.58,0.0,,,,,0.00,,0.00,0.00,0.00,0.00,,,2919 Blanco Rd,
"Salazar, Maria ",Shift Manager / Assistant Manager,8.19,0.0,,,,,130.02,,28.92,28.92,0.00,0.00,,,2919 Blanco Rd,
"Villalobos , Veronica ",Cook,8.71,0.0,14.00,121.94,0.00,121.94,0.00,,0.00,0.00,0.00,0.00,,,2919 Blanco Rd,
