Location,Employee,Job Title,In Date,Out Date,Total Hours,Unpaid Break Time,Paid Break Time,Payable Hours
2919 Blanco Rd,"Hernandez, Celinda",Cook,10/21/25 5:04 AM,10/21/25 2:02 PM,8.96,0.00,0.00,8.96
2919 Blanco Rd,"Villalobos , Veronica ",Cook,10/21/25 5:27 AM,10/21/25 2:10 PM,8.71,0.00,0.00,8.71
2919 Blanco Rd,"Salazar, Betty",Chef,10/21/25 6:00 AM,10/21/25 9:35 PM,15.58,0.00,0.00,15.58
2919 Blanco Rd,"CASHIER, AM",General Manager,10/21/25 6:01 AM,10/21/25 2:15 PM,8.23,0.00,0.00,8.23
2919 Blanco Rd,"Salazar, Maria ",Shift Manager / Assistant Manager,10/21/25 6:02 AM,10/21/25 2:13 PM,8.19,0.00,0.00,8.19
2919 Blanco Rd,"Ovalle , Martina",Drive-Thru,10/21/25 7:03 AM,10/21/25 2:13 PM,7.16,0.00,0.00,7.16
2919 Blanco Rd,"Martinez , Sami",Busser,10/21/25 7:04 AM,10/21/25 2:14 PM,7.17,0.00,0.00,7.17
2919 Blanco Rd,"Franco , Eduardo ",Cook,10/21/25 7:13 AM,10/21/25 9:34 PM,14.35,0.00,0.00,14.35
2919 Blanco Rd,"Ovalle , Martina",Drive-Thru,10/21/25 2:13 PM,10/21/25 8:29 PM,6.28,0.00,0.00,6.28
2919 Blanco Rd,"Martinez , Sami",Server,10/21/25 2:14 PM,10/21/25 8:29 PM,6.25,0.00,0.00,6.25
2919 Blanco Rd,"CASHIER, AM",General Manager,10/21/25 2:15 PM,10/21/25 8:20 PM,6.09,0.00,0.00,6.09
