Location,Order #,Opened Date,Server,Table,Discount Name,Discount Reason,Comment,Discount Amount
Sandra's Cuisine - Potranco - 12060 Potranco Road,20003,10/1/25 2:08 PM,Emanuel Sanchez,1,Open % Item,,,1.20
Sandra's Cuisine - Potranco - 12060 Potranco Road,180,10/1/25 5:57 PM,Mario Jimenez,,Open % Check,,,0.36
Sandra's Cuisine - Potranco - 12060 Potranco Road,177,10/1/25 5:41 PM,Mario Jimenez,,Reward Dollars,,,6.30
Sandra's Cuisine - Potranco - 12060 Potranco Road,170,10/1/25 4:54 PM,Mario Jimenez,,Open % Check,,,2.63
Sandra's Cuisine - Potranco - 12060 Potranco Road,156,10/1/25 12:46 PM,Emanuel Sanchez,3,Open % Item,,,1.10
Sandra's Cuisine - Potranco - 12060 Potranco Road,69,10/1/25 9:43 AM,Melissa  Urena,,Reward Dollars,,,5.65
Sandra's Cuisine - Potranco - 12060 Potranco Road,68,10/1/25 9:42 AM,Lizbeth Garcia,31,Open % Item,,,0.18
Sandra's Cuisine - Potranco - 12060 Potranco Road,68,10/1/25 9:42 AM,Lizbeth Garcia,31,Open % Item,,,0.20
Sandra's Cuisine - Potranco - 12060 Potranco Road,68,10/1/25 9:42 AM,Lizbeth Garcia,31,Open % Item,,,0.48
Sandra's Cuisine - Potranco - 12060 Potranco Road,65,10/1/25 9:36 AM,Emanuel Sanchez,27,Open % Item,,,1.67
Sandra's Cuisine - Potranco - 12060 Potranco Road,53,10/1/25 9:06 AM,Sugey Cabrera,,Employee Discount - Check,Employee Discount,Employee,33.03
Sandra's Cuisine - Potranco - 12060 Potranco Road,48,10/1/25 8:50 AM,Emanuel Sanchez,29,Reward Dollars,,,5.65
Sandra's Cuisine - Potranco - 12060 Potranco Road,28,10/1/25 8:20 AM,Melissa  Urena,,Open % Item,,,0.98
