Location,Entry Id,Created Date,Action,Amount,Cash Drawer,Payout Reason,No Sale Reason,Comment,Employee,Employee 2
Tink-a-Tako - Potranco,800000030567805135,10/10/25 6:38 AM,CASH_PAYMENT,4.31,Drive Box,,,Cash payment,Candy  Del angel ,
Tink-a-Tako - Potranco,800000030567829939,10/10/25 6:40 AM,CASH_PAYMENT,9.27,Drive Box,,,Cash payment,Candy  Del angel ,
Tink-a-Tako - Potranco,800000030567848030,10/10/25 6:42 AM,CASH_PAYMENT,7.33,Drive Box,,,Cash payment,Candy  Del angel ,
Tink-a-Tako - Potranco,800000030567891125,10/10/25 6:46 AM,CASH_PAYMENT,7.77,Drive Box,,,Cash payment,Candy  Del angel ,
Tink-a-Tako - Potranco,800000030567908822,10/10/25 6:48 AM,CASH_PAYMENT,7.56,Drive Box,,,Cash payment,Candy  Del angel ,
Tink-a-Tako - Potranco,800000030567981978,10/10/25 6:54 AM,CASH_PAYMENT,11.86,Drive Box,,,Cash payment,Candy  Del angel ,
Tink-a-Tako - Potranco,800000030568061050,10/10/25 7:01 AM,CASH_PAYMENT,2.15,Drive Box,,,Cash payment,Candy  Del angel ,
Tink-a-Tako - Potranco,800000030568114093,10/10/25 7:04 AM,CASH_PAYMENT,9.05,Drive Box,,,Cash payment,Candy  Del angel ,
Tink-a-Tako - Potranco,800000030568290994,10/10/25 7:15 AM,CASH_PAYMENT,7.87,Drive Box,,,Cash payment,Candy  Del angel ,
Tink-a-Tako - Potranco,800000030568629995,10/10/25 7:34 AM,CASH_PAYMENT,15.44,Drive Box,,,Cash payment,Candy  Del angel ,
Tink-a-Tako - Potranco,800000030568659468,10/10/25 7:36 AM,CASH_PAYMENT,14.05,Drive Box,,,Cash payment,Candy  Del angel ,
Tink-a-Tako - Potranco,800000030568885159,10/10/25 7:48 AM,CASH_PAYMENT,4.30,Drive Box,,,Cash payment,Candy  Del angel ,
Tink-a-Tako - Potranco,800000030569072258,10/10/25 7:58 AM,CASH_PAYMENT,4.30,Drive Box,,,Cash payment,Candy  Del angel ,
Tink-a-Tako - Potranco,800000030569233677,10/10/25 8:06 AM,CASH_PAYMENT,6.58,Drive Box,,,Cash payment,Candy  Del angel ,
Tink-a-Tako - Potranco,800000030569601912,10/10/25 8:23 AM,CASH_PAYMENT,8.62,Drive Box,,,Cash payment,Candy  Del angel ,
Tink-a-Tako - Potranco,800000030569714812,10/10/25 8:29 AM,CASH_PAYMENT,10.27,Drive Box,,,Cash payment,Candy  Del angel ,
Tink-a-Tako - Potranco,800000030569810015,10/10/25 8:33 AM,CASH_PAYMENT,7.56,Drive Box,,,Cash payment,Candy  Del angel ,
Tink-a-Tako - Potranco,800000030570043904,10/10/25 8:45 AM,CASH_PAYMENT,25.05,Drive Box,,,Cash payment,Candy  Del angel ,
Tink-a-Tako - Potranco,800000030570128121,10/10/25 8:49 AM,CASH_PAYMENT,3.65,Drive Box,,,Cash payment,Candy  Del angel ,
Tink-a-Tako - Potranco,800000030570354213,10/10/25 8:59 AM,CASH_PAYMENT,14.03,Drive Box,,,Cash payment,Candy  Del angel ,
Tink-a-Tako - Potranco,800000030570373041,10/10/25 9:00 AM,CASH_PAYMENT,9.72,Drive Box,,,Cash payment,Candy  Del angel ,
Tink-a-Tako - Potranco,800000030570764068,10/10/25 9:18 AM,CASH_PAYMENT,7.88,Drive Box,,,Cash payment,Candy  Del angel ,
Tink-a-Tako - Potranco,800000030571046067,10/10/25 9:30 AM,CASH_PAYMENT,35.62,Front Left,,,Cash payment,Maria Majana,
Tink-a-Tako - Potranco,800000030571591887,10/10/25 9:54 AM,CASH_PAYMENT,4.30,Drive Box,,,Cash payment,Candy  Del angel ,
Tink-a-Tako - Potranco,800000030571665626,10/10/25 9:57 AM,CASH_PAYMENT,4.30,Front Left,,,Cash payment,Maria Majana,
Tink-a-Tako - Potranco,800000030572093331,10/10/25 10:13 AM,CASH_PAYMENT,5.00,Drive Box,,,Cash payment,Candy  Del angel ,
Tink-a-Tako - Potranco,800000030572736274,10/10/25 10:34 AM,CASH_PAYMENT,21.63,Drive Box,,,Cash payment,Candy  Del angel ,
Tink-a-Tako - Potranco,800000030574527299,10/10/25 11:18 AM,CASH_PAYMENT,16.62,Drive Box,,,Cash payment,Candy  Del angel ,
Tink-a-Tako - Potranco,800000030575074408,10/10/25 11:30 AM,CASH_PAYMENT,7.72,Front Left,,,Cash payment,Maria Majana,
Tink-a-Tako - Potranco,800000030575123364,10/10/25 11:31 AM,CASH_PAYMENT,28.12,Front Left,,,Cash payment,Maria Majana,
Tink-a-Tako - Potranco,800000030575977493,10/10/25 11:48 AM,CASH_PAYMENT,15.00,Front Left,,,Cash payment,Maria Majana,
Tink-a-Tako - Potranco,800000030576870686,10/10/25 12:05 PM,CASH_PAYMENT,24.07,Drive Box,,,Cash payment,Candy  Del angel ,
Tink-a-Tako - Potranco,800000030577016660,10/10/25 12:08 PM,CASH_PAYMENT,4.75,Drive Box,,,Cash payment,Candy  Del angel ,
Tink-a-Tako - Potranco,800000030577468245,10/10/25 12:16 PM,CASH_PAYMENT,30.01,Drive Box,,,Cash payment,Candy  Del angel ,
Tink-a-Tako - Potranco,800000030579114750,10/10/25 12:49 PM,CASH_PAYMENT,4.31,Drive Box,,,Cash payment,Candy  Del angel ,
Tink-a-Tako - Potranco,800000030579562055,10/10/25 12:58 PM,TIP_OUT,-63.00,House,,,Tips paid out from shift review.,Candy  Del angel ,Candy  Del angel 
Tink-a-Tako - Potranco,800000030580209338,10/10/25 1:11 PM,TIP_OUT,-129.07,House,,,Tips paid out from shift review.,Norma Vasquez,Norma Vasquez
Tink-a-Tako - Potranco,800000030580211126,10/10/25 1:11 PM,CASH_COLLECTED,265.67,House,,,Cash revenue collected from shift review.,Norma Vasquez,Norma Vasquez
Tink-a-Tako - Potranco,800000030580562653,10/10/25 1:19 PM,CASH_PAYMENT,22.38,Drive Box,,,Cash payment,Lizeth Alonso,
Tink-a-Tako - Potranco,800000030580640480,10/10/25 1:21 PM,CASH_PAYMENT,9.73,Drive Box,,,Cash payment,Lizeth Alonso,
Tink-a-Tako - Potranco,800000030581189811,10/10/25 1:33 PM,CASH_PAYMENT,13.28,Drive Box,,,Cash payment,Lizeth Alonso,
Tink-a-Tako - Potranco,800000030581775144,10/10/25 1:46 PM,CASH_PAYMENT,4.32,Drive Box,,,Cash payment,Lizeth Alonso,
Tink-a-Tako - Potranco,800000030582028458,10/10/25 1:51 PM,TIP_OUT,-49.64,House,,,Tips paid out from shift review.,Silvia Hernandez,Silvia Hernandez
Tink-a-Tako - Potranco,800000030582028602,10/10/25 1:51 PM,CASH_COLLECTED,56.84,House,,,Cash revenue collected from shift review.,Silvia Hernandez,Silvia Hernandez
Tink-a-Tako - Potranco,800000030582680059,10/10/25 2:06 PM,TIP_OUT,-16.00,House,,,Tips paid out from shift review.,Maria Majana,Maria Majana
Tink-a-Tako - Potranco,800000030582716963,10/10/25 2:07 PM,CASH_COLLECTED,12.06,House,,,Cash revenue collected from shift review.,Rosie  ORDONEZ,Rosie  ORDONEZ
Tink-a-Tako - Potranco,800000030582726289,10/10/25 2:07 PM,CASH_PAYMENT,15.14,Drive Box,,,Cash payment,Lizeth Alonso,
Tink-a-Tako - Potranco,800000030583672308,10/10/25 2:29 PM,CASH_COLLECTED,166.97,House,,,Cash revenue collected from shift review.,Esperansa Caviedes,Esperansa Caviedes
Tink-a-Tako - Potranco,800000030583672594,10/10/25 2:29 PM,TIP_OUT,-91.70,House,,,Tips paid out from shift review.,Esperansa Caviedes,Esperansa Caviedes
Tink-a-Tako - Potranco,800000030583750974,10/10/25 2:31 PM,CASH_PAYMENT,25.70,Drive Box,,,Cash payment,Lizeth Alonso,
Tink-a-Tako - Potranco,800000030584480538,10/10/25 2:48 PM,TIP_OUT,-63.59,House,,,Tips paid out from shift review.,Rosa Compean,Rosa Compean
Tink-a-Tako - Potranco,800000030584483116,10/10/25 2:48 PM,CASH_COLLECTED,210.16,House,,,Cash revenue collected from shift review.,Rosa Compean,Rosa Compean
Tink-a-Tako - Potranco,800000030585235355,10/10/25 3:06 PM,CASH_PAYMENT,10.81,Drive Box,,,Cash payment,Lizeth Alonso,
Tink-a-Tako - Potranco,800000030585528670,10/10/25 3:13 PM,CASH_PAYMENT,4.31,Drive Box,,,Cash payment,Lizeth Alonso,
Tink-a-Tako - Potranco,800000030585623295,10/10/25 3:15 PM,CASH_PAYMENT,14.53,Drive Box,,,Cash payment,Lizeth Alonso,
Tink-a-Tako - Potranco,800000030585734728,10/10/25 3:17 PM,CASH_PAYMENT,7.56,Drive Box,,,Cash payment,Lizeth Alonso,
Tink-a-Tako - Potranco,800000030585806285,10/10/25 3:19 PM,CASH_PAYMENT,15.55,Drive Box,,,Cash payment,Lizeth Alonso,
Tink-a-Tako - Potranco,800000030588507338,10/10/25 4:14 PM,CASH_PAYMENT,5.29,Drive Box,,,Cash payment,Lizeth Alonso,
Tink-a-Tako - Potranco,800000030589087041,10/10/25 4:23 PM,CASH_PAYMENT,16.21,Drive Box,,,Cash payment,Lizeth Alonso,
Tink-a-Tako - Potranco,800000030589216785,10/10/25 4:25 PM,CASH_PAYMENT,35.97,Drive Box,,,Cash payment,Lizeth Alonso,
Tink-a-Tako - Potranco,800000030589961839,10/10/25 4:37 PM,CASH_PAYMENT,3.99,Drive Box,,,Cash payment,Lizeth Alonso,
Tink-a-Tako - Potranco,800000030593726103,10/10/25 5:25 PM,CASH_PAYMENT,21.08,Drive Box,,,Cash payment,Lizeth Alonso,
Tink-a-Tako - Potranco,800000030594517477,10/10/25 5:34 PM,CASH_PAYMENT,22.70,Drive Box,,,Cash payment,Lizeth Alonso,
Tink-a-Tako - Potranco,800000030595460761,10/10/25 5:45 PM,CASH_PAYMENT,6.90,Drive Box,,,Cash payment,Lizeth Alonso,
Tink-a-Tako - Potranco,800000030599240863,10/10/25 6:26 PM,CASH_PAYMENT,19.46,Drive Box,,,Cash payment,Lizeth Alonso,
Tink-a-Tako - Potranco,800000030600914507,10/10/25 6:44 PM,CASH_PAYMENT,16.17,Drive Box,,,Cash payment,Lizeth Alonso,
Tink-a-Tako - Potranco,800000030603334591,10/10/25 7:12 PM,CASH_PAYMENT,20.08,Drive Box,,,Cash payment,Lizeth Alonso,
Tink-a-Tako - Potranco,800000030608475667,10/10/25 8:19 PM,CASH_PAYMENT,20.55,Drive Box,,,Cash payment,Lizeth Alonso,
Tink-a-Tako - Potranco,800000030610620644,10/10/25 8:54 PM,CASH_PAYMENT,20.54,Drive Box,,,Cash payment,Lizeth Alonso,
Tink-a-Tako - Potranco,800000030611993963,10/10/25 9:22 PM,CASH_PAYMENT,24.63,Drive Box,,,Cash payment,Lizeth Alonso,
Tink-a-Tako - Potranco,800000030612991705,10/10/25 9:44 PM,CASH_PAYMENT,1.94,Drive Box,,,Cash payment,Lizeth Alonso,
Tink-a-Tako - Potranco,800000030613582944,10/10/25 10:00 PM,CASH_COLLECTED,68.38,House,,,Cash revenue collected from shift review.,Melissa Urena,Melissa Urena
Tink-a-Tako - Potranco,800000030613583373,10/10/25 10:00 PM,TIP_OUT,-89.22,House,,,Tips paid out from shift review.,Melissa Urena,Melissa Urena
Tink-a-Tako - Potranco,800000030613606701,10/10/25 10:00 PM,CASH_COLLECTED,320.41,House,,,Cash revenue collected from shift review.,Isabel Cisneros,Isabel Cisneros
Tink-a-Tako - Potranco,800000030613606900,10/10/25 10:00 PM,TIP_OUT,-115.67,House,,,Tips paid out from shift review.,Isabel Cisneros,Isabel Cisneros
Tink-a-Tako - Potranco,800000030613712038,10/10/25 10:03 PM,TIP_OUT,-25.00,House,,,Tips paid out from shift review.,Lizeth Alonso,Lizeth Alonso
Tink-a-Tako - Potranco,800000030614177759,10/10/25 10:17 PM,PAY_OUT,-400.00,House,Supplies,,ERBEN REF& MECH SERV. #2554,Mayra Luna,
Tink-a-Tako - Potranco,800000030614286018,10/10/25 10:21 PM,CLOSE_OUT_EXACT,0.00,Front Left,,,Close out balance matches expected balance,Mayra Luna,
Tink-a-Tako - Potranco,800000030614287449,10/10/25 10:21 PM,CLOSE_OUT_EXACT,0.00,Drive Box,,,Close out balance matches expected balance,Mayra Luna,
