Location,Order #,Opened Date,Server,Table,Discount Name,Discount Reason,Comment,Discount Amount
Tink-a-Tako - Potranco,479,10/10/25 9:15 PM,Isabel Cisneros,,Manager Comp - Item,,,11.99
Tink-a-Tako - Potranco,445,10/10/25 6:19 PM,Melissa Urena,8,Military Discount,,,0.10
Tink-a-Tako - Potranco,445,10/10/25 6:19 PM,Melissa Urena,8,Military Discount,,,1.60
Tink-a-Tako - Potranco,445,10/10/25 6:19 PM,Melissa Urena,8,Military Discount,,,0.05
Tink-a-Tako - Potranco,445,10/10/25 6:19 PM,Melissa Urena,8,Military Discount,,,1.30
Tink-a-Tako - Potranco,443,10/10/25 6:13 PM,Lizeth Alonso,,Police Discount,,,1.99
Tink-a-Tako - Potranco,434,10/10/25 6:00 PM,Isabel Cisneros,,Military Discount,,,0.55
Tink-a-Tako - Potranco,434,10/10/25 6:00 PM,Isabel Cisneros,,Military Discount,,,0.44
Tink-a-Tako - Potranco,408,10/10/25 4:45 PM,Isabel Cisneros,34,Police Discount,,,1.75
Tink-a-Tako - Potranco,408,10/10/25 4:45 PM,Isabel Cisneros,34,Police Discount,,,1.79
Tink-a-Tako - Potranco,408,10/10/25 4:45 PM,Isabel Cisneros,34,Police Discount,,,0.90
Tink-a-Tako - Potranco,408,10/10/25 4:45 PM,Isabel Cisneros,34,Police Discount,,,5.00
Tink-a-Tako - Potranco,408,10/10/25 4:45 PM,Isabel Cisneros,34,Police Discount,,,2.24
Tink-a-Tako - Potranco,355,10/10/25 1:35 PM,Maria Majana,,Employee Discount - Check,Employee Discount,Meseras,15.99
Tink-a-Tako - Potranco,159,10/10/25 9:33 AM,Silvia Hernandez,18,Open % Item,,,0.43
Tink-a-Tako - Potranco,159,10/10/25 9:33 AM,Silvia Hernandez,18,Open % Item,,,2.20
Tink-a-Tako - Potranco,156,10/10/25 9:30 AM,Norma Vasquez,19,Open % Item,,,0.50
Tink-a-Tako - Potranco,156,10/10/25 9:30 AM,Norma Vasquez,19,Open % Item,,,0.40
Tink-a-Tako - Potranco,137,10/10/25 9:08 AM,Candy  Del angel ,,Open % Item,,,0.40
Tink-a-Tako - Potranco,137,10/10/25 9:08 AM,Candy  Del angel ,,Open % Item,,,0.88
