Location,Server,Check #,Table,Station,Expediter Level,Fired Date,Fulfilled Date,Fulfillment Time,Fulfilled By
Tink-a-Tako - Potranco,Candy  Del angel ,2,,Lobby,,10/10/25 6:29 AM,10/10/25 6:33 AM,3 minutes and 37 seconds,Mayra Luna
Tink-a-Tako - Potranco,Norma Vasquez,1,,Lobby,,10/10/25 6:27 AM,10/10/25 6:33 AM,6 minutes and 30 seconds,Mayra Luna
Tink-a-Tako - Potranco,Candy  Del angel ,3,,Lobby,,10/10/25 6:30 AM,10/10/25 6:34 AM,4 minutes,Mayra Luna
Tink-a-Tako - Potranco,Candy  Del angel ,4,,Lobby,,10/10/25 6:31 AM,10/10/25 6:35 AM,3 minutes and 52 seconds,Mayra Luna
Tink-a-Tako - Potranco,Candy  Del angel ,5,,Lobby,,10/10/25 6:33 AM,10/10/25 6:36 AM,3 minutes and 15 seconds,Mayra Luna
Tink-a-Tako - Potranco,Candy  Del angel ,5,,Lobby,,10/10/25 6:33 AM,10/10/25 6:37 AM,3 minutes and 25 seconds,Mayra Luna
Tink-a-Tako - Potranco,Candy  Del angel ,8,,Lobby,,10/10/25 6:36 AM,10/10/25 6:38 AM,1 minute and 48 seconds,Mayra Luna
Tink-a-Tako - Potranco,Candy  Del angel ,9,,Lobby,,10/10/25 6:37 AM,10/10/25 6:39 AM,1 minute and 4 seconds,Mayra Luna
Tink-a-Tako - Potranco,Norma Vasquez,1,,,2,10/10/25 6:33 AM,10/10/25 6:39 AM,5 minutes and 15 seconds,Mayra Luna
Tink-a-Tako - Potranco,Norma Vasquez,6,,Lobby,,10/10/25 6:35 AM,10/10/25 6:39 AM,4 minutes and 49 seconds,Mayra Luna
Tink-a-Tako - Potranco,Candy  Del angel ,10,,Lobby,,10/10/25 6:40 AM,10/10/25 6:41 AM,1 minute and 11 seconds,Mayra Luna
Tink-a-Tako - Potranco,Candy  Del angel ,11,,Lobby,,10/10/25 6:41 AM,10/10/25 6:42 AM,1 minute and 2 seconds,Mayra Luna
Tink-a-Tako - Potranco,Candy  Del angel ,12,,Lobby,,10/10/25 6:44 AM,10/10/25 6:46 AM,2 minutes and 32 seconds,Mayra Luna
Tink-a-Tako - Potranco,Candy  Del angel ,14,,Lobby,,10/10/25 6:46 AM,10/10/25 6:48 AM,1 minute and 53 seconds,Mayra Luna
Tink-a-Tako - Potranco,Candy  Del angel ,13,,Lobby,,10/10/25 6:45 AM,10/10/25 6:49 AM,4 minutes and 28 seconds,Mayra Luna
Tink-a-Tako - Potranco,Candy  Del angel ,15,,Lobby,,10/10/25 6:47 AM,10/10/25 6:52 AM,4 minutes and 44 seconds,Mayra Luna
Tink-a-Tako - Potranco,Norma Vasquez,16,,Lobby,,10/10/25 6:57 AM,10/10/25 6:58 AM,59 seconds,Mayra Luna
Tink-a-Tako - Potranco,Candy  Del angel ,17,,Lobby,,10/10/25 6:57 AM,10/10/25 6:58 AM,1 minute and 16 seconds,Mayra Luna
Tink-a-Tako - Potranco,Candy  Del angel ,19,,Lobby,,10/10/25 6:58 AM,10/10/25 6:59 AM,1 minute and 46 seconds,Mayra Luna
Tink-a-Tako - Potranco,Candy  Del angel ,18,,Lobby,,10/10/25 6:57 AM,10/10/25 7:00 AM,2 minutes and 59 seconds,Mayra Luna
Tink-a-Tako - Potranco,Candy  Del angel ,20,,Lobby,,10/10/25 6:58 AM,10/10/25 7:01 AM,3 minutes and 4 seconds,Mayra Luna
Tink-a-Tako - Potranco,Norma Vasquez,23,26,Lobby,,10/10/25 7:04 AM,10/10/25 7:05 AM,28 seconds,Mayra Luna
Tink-a-Tako - Potranco,Candy  Del angel ,22,,Lobby,,10/10/25 7:03 AM,10/10/25 7:05 AM,2 minutes and 26 seconds,Mayra Luna
Tink-a-Tako - Potranco,Candy  Del angel ,24,,Lobby,,10/10/25 7:09 AM,10/10/25 7:10 AM,1 minute and 32 seconds,Mayra Luna
Tink-a-Tako - Potranco,Candy  Del angel ,25,,Lobby,,10/10/25 7:09 AM,10/10/25 7:11 AM,1 minute and 56 seconds,Mayra Luna
Tink-a-Tako - Potranco,Candy  Del angel ,25,,Prep,,10/10/25 7:09 AM,10/10/25 7:11 AM,1 minute and 56 seconds,Mayra Luna
Tink-a-Tako - Potranco,Candy  Del angel ,27,,Lobby,,10/10/25 7:11 AM,10/10/25 7:12 AM,38 seconds,Mayra Luna
Tink-a-Tako - Potranco,Candy  Del angel ,26,,Lobby,,10/10/25 7:10 AM,10/10/25 7:12 AM,2 minutes and 6 seconds,Mayra Luna
Tink-a-Tako - Potranco,Norma Vasquez,28,,Lobby,,10/10/25 7:11 AM,10/10/25 7:15 AM,3 minutes and 17 seconds,Mayra Luna
Tink-a-Tako - Potranco,Norma Vasquez,28,,,2,10/10/25 7:15 AM,10/10/25 7:17 AM,2 minutes and 1 second,Mayra Luna
Tink-a-Tako - Potranco,Norma Vasquez,6,,,2,10/10/25 6:39 AM,10/10/25 7:17 AM,37 minutes and 12 seconds,Mayra Luna
Tink-a-Tako - Potranco,Norma Vasquez,23,26,,2,10/10/25 7:05 AM,10/10/25 7:17 AM,11 minutes and 38 seconds,Mayra Luna
Tink-a-Tako - Potranco,Norma Vasquez,16,,,2,10/10/25 6:58 AM,10/10/25 7:17 AM,19 minutes and 2 seconds,Mayra Luna
Tink-a-Tako - Potranco,Candy  Del angel ,29,,Lobby,,10/10/25 7:13 AM,10/10/25 7:20 AM,6 minutes and 43 seconds,Mayra Luna
Tink-a-Tako - Potranco,Norma Vasquez,31,,Lobby,,10/10/25 7:15 AM,10/10/25 7:21 AM,6 minutes and 3 seconds,Mayra Luna
Tink-a-Tako - Potranco,Candy  Del angel ,30,,Lobby,,10/10/25 7:14 AM,10/10/25 7:21 AM,7 minutes and 33 seconds,Mayra Luna
Tink-a-Tako - Potranco,Candy  Del angel ,32,,Lobby,,10/10/25 7:18 AM,10/10/25 7:22 AM,4 minutes and 2 seconds,Mayra Luna
Tink-a-Tako - Potranco,Candy  Del angel ,34,,Lobby,,10/10/25 7:22 AM,10/10/25 7:26 AM,3 minutes and 16 seconds,Mayra Luna
Tink-a-Tako - Potranco,Candy  Del angel ,33,,Lobby,,10/10/25 7:22 AM,10/10/25 7:27 AM,4 minutes and 25 seconds,Mayra Luna
Tink-a-Tako - Potranco,Candy  Del angel ,35,,Lobby,,10/10/25 7:23 AM,10/10/25 7:29 AM,5 minutes and 46 seconds,Mayra Luna
Tink-a-Tako - Potranco,Candy  Del angel ,36,,Lobby,,10/10/25 7:24 AM,10/10/25 7:31 AM,7 minutes and 21 seconds,Mayra Luna
Tink-a-Tako - Potranco,Norma Vasquez,37,,Lobby,,10/10/25 7:28 AM,10/10/25 7:32 AM,3 minutes and 32 seconds,Mayra Luna
Tink-a-Tako - Potranco,Candy  Del angel ,38,,Lobby,,10/10/25 7:28 AM,10/10/25 7:32 AM,4 minutes and 11 seconds,Mayra Luna
Tink-a-Tako - Potranco,Candy  Del angel ,40,,Lobby,,10/10/25 7:30 AM,10/10/25 7:33 AM,3 minutes and 14 seconds,Mayra Luna
Tink-a-Tako - Potranco,Candy  Del angel ,41,,Lobby,,10/10/25 7:31 AM,10/10/25 7:35 AM,3 minutes and 56 seconds,Mayra Luna
Tink-a-Tako - Potranco,Candy  Del angel ,43,,Lobby,,10/10/25 7:31 AM,10/10/25 7:35 AM,4 minutes and 20 seconds,Mayra Luna
Tink-a-Tako - Potranco,Candy  Del angel ,45,,Lobby,,10/10/25 7:32 AM,10/10/25 7:36 AM,4 minutes,Mayra Luna
Tink-a-Tako - Potranco,Candy  Del angel ,44,,Lobby,,10/10/25 7:32 AM,10/10/25 7:36 AM,4 minutes and 49 seconds,Mayra Luna
Tink-a-Tako - Potranco,Norma Vasquez,49,,Lobby,,10/10/25 7:35 AM,10/10/25 7:39 AM,4 minutes and 5 seconds,Mayra Luna
Tink-a-Tako - Potranco,Rosie  ORDONEZ,46,36,Prep,,10/10/25 7:33 AM,10/10/25 7:41 AM,8 minutes and 21 seconds,Mayra Luna
Tink-a-Tako - Potranco,Rosie  ORDONEZ,46,36,Lobby,,10/10/25 7:33 AM,10/10/25 7:41 AM,8 minutes and 21 seconds,Mayra Luna
Tink-a-Tako - Potranco,Rosie  ORDONEZ,46,36,Tortillero,,10/10/25 7:33 AM,10/10/25 7:41 AM,8 minutes and 21 seconds,Mayra Luna
Tink-a-Tako - Potranco,Norma Vasquez,50,,Lobby,,10/10/25 7:36 AM,10/10/25 7:43 AM,7 minutes and 12 seconds,Mayra Luna
Tink-a-Tako - Potranco,Candy  Del angel ,51,,Lobby,,10/10/25 7:38 AM,10/10/25 7:43 AM,4 minutes and 46 seconds,Mayra Luna
Tink-a-Tako - Potranco,Candy  Del angel ,54,,Lobby,,10/10/25 7:40 AM,10/10/25 7:43 AM,3 minutes and 9 seconds,Mayra Luna
Tink-a-Tako - Potranco,Candy  Del angel ,53,,Lobby,,10/10/25 7:39 AM,10/10/25 7:44 AM,4 minutes and 45 seconds,Mayra Luna
Tink-a-Tako - Potranco,Candy  Del angel ,55,,Lobby,,10/10/25 7:42 AM,10/10/25 7:44 AM,2 minutes and 15 seconds,Mayra Luna
Tink-a-Tako - Potranco,Norma Vasquez,47,10,Lobby,,10/10/25 7:34 AM,10/10/25 7:46 AM,12 minutes and 11 seconds,Mayra Luna
Tink-a-Tako - Potranco,Norma Vasquez,47,10,Prep,,10/10/25 7:34 AM,10/10/25 7:46 AM,12 minutes and 11 seconds,Mayra Luna
Tink-a-Tako - Potranco,Norma Vasquez,47,10,Tortillero,,10/10/25 7:34 AM,10/10/25 7:46 AM,12 minutes and 11 seconds,Mayra Luna
Tink-a-Tako - Potranco,Norma Vasquez,42,,Lobby,,10/10/25 7:31 AM,10/10/25 7:46 AM,14 minutes and 57 seconds,Mayra Luna
Tink-a-Tako - Potranco,Norma Vasquez,52,,Lobby,,10/10/25 7:39 AM,10/10/25 7:48 AM,8 minutes and 28 seconds,Mayra Luna
Tink-a-Tako - Potranco,Norma Vasquez,52,,Tortillero,,10/10/25 7:39 AM,10/10/25 7:48 AM,8 minutes and 28 seconds,Mayra Luna
Tink-a-Tako - Potranco,Norma Vasquez,52,,Prep,,10/10/25 7:39 AM,10/10/25 7:48 AM,8 minutes and 28 seconds,Mayra Luna
Tink-a-Tako - Potranco,Candy  Del angel ,56,,Lobby,,10/10/25 7:46 AM,10/10/25 7:50 AM,3 minutes and 58 seconds,Mayra Luna
Tink-a-Tako - Potranco,Norma Vasquez,49,,,2,10/10/25 7:39 AM,10/10/25 7:55 AM,16 minutes and 6 seconds,Mayra Luna
Tink-a-Tako - Potranco,Norma Vasquez,37,,,2,10/10/25 7:32 AM,10/10/25 7:55 AM,23 minutes and 10 seconds,Mayra Luna
Tink-a-Tako - Potranco,Norma Vasquez,42,,,2,10/10/25 7:46 AM,10/10/25 7:55 AM,8 minutes and 50 seconds,Mayra Luna
Tink-a-Tako - Potranco,Norma Vasquez,47,10,,2,10/10/25 7:46 AM,10/10/25 7:55 AM,8 minutes and 50 seconds,Mayra Luna
Tink-a-Tako - Potranco,Norma Vasquez,52,,,2,10/10/25 7:48 AM,10/10/25 7:55 AM,7 minutes and 3 seconds,Mayra Luna
Tink-a-Tako - Potranco,Rosie  ORDONEZ,46,36,,2,10/10/25 7:41 AM,10/10/25 7:55 AM,13 minutes and 57 seconds,Mayra Luna
Tink-a-Tako - Potranco,Norma Vasquez,50,,,2,10/10/25 7:43 AM,10/10/25 7:55 AM,11 minutes and 55 seconds,Mayra Luna
Tink-a-Tako - Potranco,Norma Vasquez,31,,,2,10/10/25 7:21 AM,10/10/25 7:55 AM,33 minutes and 37 seconds,Mayra Luna
Tink-a-Tako - Potranco,Candy  Del angel ,57,,Lobby,,10/10/25 7:50 AM,10/10/25 7:55 AM,5 minutes and 13 seconds,Mayra Luna
Tink-a-Tako - Potranco,Norma Vasquez,59,35,Lobby,,10/10/25 7:51 AM,10/10/25 7:55 AM,4 minutes and 24 seconds,Mayra Luna
Tink-a-Tako - Potranco,Candy  Del angel ,58,,Lobby,,10/10/25 7:51 AM,10/10/25 7:56 AM,5 minutes and 29 seconds,Mayra Luna
Tink-a-Tako - Potranco,Candy  Del angel ,63,,Lobby,,10/10/25 7:53 AM,10/10/25 7:57 AM,4 minutes and 7 seconds,Mayra Luna
Tink-a-Tako - Potranco,Esperansa Caviedes,65,15,Lobby,,10/10/25 7:53 AM,10/10/25 7:57 AM,3 minutes and 55 seconds,Mayra Luna
Tink-a-Tako - Potranco,Candy  Del angel ,64,,Lobby,,10/10/25 7:53 AM,10/10/25 7:59 AM,5 minutes and 13 seconds,Mayra Luna
Tink-a-Tako - Potranco,Candy  Del angel ,66,,Lobby,,10/10/25 7:59 AM,10/10/25 8:02 AM,2 minutes and 53 seconds,Mayra Luna
Tink-a-Tako - Potranco,Candy  Del angel ,68,,Lobby,,10/10/25 8:03 AM,10/10/25 8:05 AM,1 minute and 43 seconds,Mayra Luna
Tink-a-Tako - Potranco,Silvia Hernandez,70,26,Lobby,,10/10/25 8:05 AM,10/10/25 8:08 AM,3 minutes and 15 seconds,Mayra Luna
Tink-a-Tako - Potranco,Candy  Del angel ,67,,Lobby,,10/10/25 8:05 AM,10/10/25 8:08 AM,3 minutes and 11 seconds,Mayra Luna
Tink-a-Tako - Potranco,Candy  Del angel ,71,,Lobby,,10/10/25 8:08 AM,10/10/25 8:13 AM,4 minutes and 45 seconds,Mayra Luna
Tink-a-Tako - Potranco,Esperansa Caviedes,74,37,Lobby,,10/10/25 8:14 AM,10/10/25 8:15 AM,1 minute and 33 seconds,Mayra Luna
Tink-a-Tako - Potranco,Rosa Compean,62,,Lobby,,10/10/25 8:13 AM,10/10/25 8:17 AM,4 minutes and 17 seconds,Mayra Luna
Tink-a-Tako - Potranco,Candy  Del angel ,72,,Lobby,,10/10/25 8:14 AM,10/10/25 8:17 AM,2 minutes and 30 seconds,Mayra Luna
Tink-a-Tako - Potranco,Norma Vasquez,75,9,Lobby,,10/10/25 8:15 AM,10/10/25 8:17 AM,2 minutes and 3 seconds,Mayra Luna
Tink-a-Tako - Potranco,Esperansa Caviedes,74,37,Prep,,10/10/25 8:18 AM,10/10/25 8:19 AM,33 seconds,Mayra Luna
Tink-a-Tako - Potranco,Esperansa Caviedes,74,37,Lobby,,10/10/25 8:18 AM,10/10/25 8:19 AM,33 seconds,Mayra Luna
Tink-a-Tako - Potranco,Candy  Del angel ,78,,Lobby,,10/10/25 8:16 AM,10/10/25 8:20 AM,3 minutes and 41 seconds,Mayra Luna
Tink-a-Tako - Potranco,Maria Majana,80,,Lobby,,10/10/25 8:17 AM,10/10/25 8:21 AM,3 minutes and 45 seconds,Mayra Luna
Tink-a-Tako - Potranco,Candy  Del angel ,84,,Lobby,,10/10/25 8:20 AM,10/10/25 8:21 AM,1 minute and 16 seconds,Mayra Luna
Tink-a-Tako - Potranco,Candy  Del angel ,85,,Lobby,,10/10/25 8:22 AM,10/10/25 8:23 AM,1 minute and 10 seconds,Mayra Luna
Tink-a-Tako - Potranco,Norma Vasquez,47,10,Lobby,,10/10/25 8:24 AM,10/10/25 8:25 AM,7 seconds,Mayra Luna
Tink-a-Tako - Potranco,Candy  Del angel ,87,,Lobby,,10/10/25 8:23 AM,10/10/25 8:25 AM,2 minutes and 41 seconds,Mayra Luna
Tink-a-Tako - Potranco,Rosa Compean,86,20,Prep,,10/10/25 8:24 AM,10/10/25 8:26 AM,2 minutes and 16 seconds,Mayra Luna
Tink-a-Tako - Potranco,Rosa Compean,86,20,Lobby,,10/10/25 8:24 AM,10/10/25 8:26 AM,2 minutes and 16 seconds,Mayra Luna
Tink-a-Tako - Potranco,Candy  Del angel ,90,,Lobby,,10/10/25 8:23 AM,10/10/25 8:27 AM,3 minutes and 55 seconds,Mayra Luna
Tink-a-Tako - Potranco,Rosa Compean,89,,Lobby,,10/10/25 8:23 AM,10/10/25 8:28 AM,5 minutes,Mayra Luna
Tink-a-Tako - Potranco,Esperansa Caviedes,74,37,,2,10/10/25 8:19 AM,10/10/25 8:29 AM,10 minutes and 55 seconds,Mayra Luna
Tink-a-Tako - Potranco,Norma Vasquez,75,9,,2,10/10/25 8:17 AM,10/10/25 8:29 AM,12 minutes and 6 seconds,Mayra Luna
Tink-a-Tako - Potranco,Rosa Compean,89,,,2,10/10/25 8:28 AM,10/10/25 8:30 AM,1 minute and 14 seconds,Mayra Luna
Tink-a-Tako - Potranco,Esperansa Caviedes,74,37,,2,10/10/25 8:15 AM,10/10/25 8:30 AM,14 minutes and 13 seconds,Mayra Luna
Tink-a-Tako - Potranco,Rosa Compean,86,20,,2,10/10/25 8:26 AM,10/10/25 8:29 AM,3 minutes and 34 seconds,Mayra Luna
Tink-a-Tako - Potranco,Esperansa Caviedes,65,15,,2,10/10/25 7:57 AM,10/10/25 8:30 AM,32 minutes and 18 seconds,Mayra Luna
Tink-a-Tako - Potranco,Maria Majana,80,,,2,10/10/25 8:21 AM,10/10/25 8:30 AM,8 minutes and 52 seconds,Mayra Luna
Tink-a-Tako - Potranco,Norma Vasquez,47,10,,2,10/10/25 8:25 AM,10/10/25 8:30 AM,5 minutes and 1 second,Mayra Luna
Tink-a-Tako - Potranco,Rosa Compean,62,,,2,10/10/25 8:17 AM,10/10/25 8:30 AM,12 minutes and 38 seconds,Mayra Luna
Tink-a-Tako - Potranco,Candy  Del angel ,92,,Lobby,,10/10/25 8:24 AM,10/10/25 8:30 AM,5 minutes and 53 seconds,Mayra Luna
Tink-a-Tako - Potranco,Norma Vasquez,59,35,,2,10/10/25 7:55 AM,10/10/25 8:30 AM,35 minutes and 8 seconds,Mayra Luna
Tink-a-Tako - Potranco,Silvia Hernandez,70,26,,2,10/10/25 8:08 AM,10/10/25 8:30 AM,22 minutes and 36 seconds,Mayra Luna
Tink-a-Tako - Potranco,Candy  Del angel ,97,,Lobby,,10/10/25 8:28 AM,10/10/25 8:31 AM,2 minutes and 20 seconds,Mayra Luna
Tink-a-Tako - Potranco,Candy  Del angel ,100,,Lobby,,10/10/25 8:29 AM,10/10/25 8:31 AM,1 minute and 42 seconds,Mayra Luna
Tink-a-Tako - Potranco,Candy  Del angel ,94,,Lobby,,10/10/25 8:25 AM,10/10/25 8:32 AM,7 minutes and 22 seconds,Mayra Luna
Tink-a-Tako - Potranco,Candy  Del angel ,102,,Lobby,,10/10/25 8:32 AM,10/10/25 8:35 AM,3 minutes and 7 seconds,Mayra Luna
Tink-a-Tako - Potranco,Candy  Del angel ,103,,Lobby,,10/10/25 8:34 AM,10/10/25 8:36 AM,1 minute and 59 seconds,Mayra Luna
Tink-a-Tako - Potranco,Candy  Del angel ,104,,Lobby,,10/10/25 8:36 AM,10/10/25 8:36 AM,44 seconds,Mayra Luna
Tink-a-Tako - Potranco,Candy  Del angel ,105,,Lobby,,10/10/25 8:37 AM,10/10/25 8:38 AM,1 minute and 45 seconds,Mayra Luna
Tink-a-Tako - Potranco,Silvia Hernandez,96,23,Lobby,,10/10/25 8:29 AM,10/10/25 8:40 AM,10 minutes and 59 seconds,Mayra Luna
Tink-a-Tako - Potranco,Norma Vasquez,108,18,Lobby,,10/10/25 8:38 AM,10/10/25 8:41 AM,3 minutes,Mayra Luna
Tink-a-Tako - Potranco,Esperansa Caviedes,107,17,Prep,,10/10/25 8:39 AM,10/10/25 8:45 AM,6 minutes and 9 seconds,Mayra Luna
Tink-a-Tako - Potranco,Esperansa Caviedes,107,17,Lobby,,10/10/25 8:39 AM,10/10/25 8:45 AM,6 minutes and 9 seconds,Mayra Luna
Tink-a-Tako - Potranco,Esperansa Caviedes,107,17,Tortillero,,10/10/25 8:39 AM,10/10/25 8:45 AM,6 minutes and 9 seconds,Mayra Luna
Tink-a-Tako - Potranco,Candy  Del angel ,95,,Lobby,,10/10/25 8:40 AM,10/10/25 8:46 AM,6 minutes and 3 seconds,Mayra Luna
Tink-a-Tako - Potranco,Rosa Compean,110,33,Lobby,,10/10/25 8:41 AM,10/10/25 8:46 AM,4 minutes and 56 seconds,Mayra Luna
Tink-a-Tako - Potranco,Candy  Del angel ,111,,Lobby,,10/10/25 8:42 AM,10/10/25 8:48 AM,5 minutes and 21 seconds,Mayra Luna
Tink-a-Tako - Potranco,Maria Majana,112,,Lobby,,10/10/25 8:45 AM,10/10/25 8:49 AM,4 minutes and 9 seconds,Mayra Luna
Tink-a-Tako - Potranco,Candy  Del angel ,115,,Lobby,,10/10/25 8:46 AM,10/10/25 8:49 AM,2 minutes and 53 seconds,Mayra Luna
Tink-a-Tako - Potranco,Candy  Del angel ,114,,Lobby,,10/10/25 8:46 AM,10/10/25 8:49 AM,3 minutes and 41 seconds,Mayra Luna
Tink-a-Tako - Potranco,Norma Vasquez,108,18,,2,10/10/25 8:41 AM,10/10/25 8:55 AM,13 minutes and 25 seconds,Mayra Luna
Tink-a-Tako - Potranco,Maria Majana,112,,,2,10/10/25 8:49 AM,10/10/25 8:55 AM,6 minutes and 16 seconds,Mayra Luna
Tink-a-Tako - Potranco,Silvia Hernandez,96,23,,2,10/10/25 8:40 AM,10/10/25 8:55 AM,14 minutes and 58 seconds,Mayra Luna
Tink-a-Tako - Potranco,Esperansa Caviedes,107,17,,2,10/10/25 8:45 AM,10/10/25 8:55 AM,9 minutes and 46 seconds,Mayra Luna
Tink-a-Tako - Potranco,Rosa Compean,110,33,,2,10/10/25 8:46 AM,10/10/25 8:55 AM,8 minutes and 46 seconds,Mayra Luna
Tink-a-Tako - Potranco,Candy  Del angel ,117,,Lobby,,10/10/25 8:50 AM,10/10/25 8:57 AM,6 minutes and 58 seconds,Mayra Luna
Tink-a-Tako - Potranco,Candy  Del angel ,116,,Lobby,,10/10/25 8:49 AM,10/10/25 8:58 AM,9 minutes and 2 seconds,Mayra Luna
Tink-a-Tako - Potranco,Esperansa Caviedes,120,32,Lobby,,10/10/25 8:54 AM,10/10/25 9:00 AM,5 minutes and 29 seconds,Mayra Luna
Tink-a-Tako - Potranco,Candy  Del angel ,109,,Lobby,,10/10/25 8:55 AM,10/10/25 9:01 AM,5 minutes and 30 seconds,Mayra Luna
Tink-a-Tako - Potranco,Candy  Del angel ,109,,Prep,,10/10/25 8:55 AM,10/10/25 9:01 AM,5 minutes and 30 seconds,Mayra Luna
Tink-a-Tako - Potranco,Candy  Del angel ,119,,Lobby,,10/10/25 8:54 AM,10/10/25 9:02 AM,8 minutes and 1 second,Mayra Luna
Tink-a-Tako - Potranco,Candy  Del angel ,122,,Lobby,,10/10/25 8:54 AM,10/10/25 9:02 AM,7 minutes and 38 seconds,Mayra Luna
Tink-a-Tako - Potranco,Silvia Hernandez,121,7,Lobby,,10/10/25 8:54 AM,10/10/25 9:02 AM,7 minutes and 40 seconds,Mayra Luna
Tink-a-Tako - Potranco,Maria Majana,126,,Lobby,,10/10/25 8:59 AM,10/10/25 9:02 AM,3 minutes and 29 seconds,Mayra Luna
Tink-a-Tako - Potranco,Maria Majana,126,,,2,10/10/25 9:02 AM,10/10/25 9:03 AM,22 seconds,Mayra Luna
Tink-a-Tako - Potranco,Candy  Del angel ,123,,Lobby,,10/10/25 8:56 AM,10/10/25 9:05 AM,9 minutes and 4 seconds,Mayra Luna
Tink-a-Tako - Potranco,Candy  Del angel ,124,,Lobby,,10/10/25 8:56 AM,10/10/25 9:05 AM,9 minutes and 23 seconds,Mayra Luna
Tink-a-Tako - Potranco,Silvia Hernandez,121,7,,2,10/10/25 9:02 AM,10/10/25 9:06 AM,3 minutes and 44 seconds,Mayra Luna
Tink-a-Tako - Potranco,Esperansa Caviedes,120,32,,2,10/10/25 9:00 AM,10/10/25 9:06 AM,6 minutes and 18 seconds,Mayra Luna
Tink-a-Tako - Potranco,Candy  Del angel ,125,,Lobby,,10/10/25 8:57 AM,10/10/25 9:07 AM,10 minutes and 31 seconds,Mayra Luna
Tink-a-Tako - Potranco,Candy  Del angel ,133,,Lobby,,10/10/25 9:05 AM,10/10/25 9:09 AM,4 minutes and 28 seconds,Mayra Luna
Tink-a-Tako - Potranco,Silvia Hernandez,130,38,Lobby,,10/10/25 9:03 AM,10/10/25 9:10 AM,6 minutes and 47 seconds,Mayra Luna
Tink-a-Tako - Potranco,Maria Majana,131,,Lobby,,10/10/25 9:05 AM,10/10/25 9:10 AM,4 minutes and 47 seconds,Mayra Luna
Tink-a-Tako - Potranco,Candy  Del angel ,135,,Lobby,,10/10/25 9:07 AM,10/10/25 9:11 AM,3 minutes and 22 seconds,Mayra Luna
Tink-a-Tako - Potranco,Silvia Hernandez,130,38,,2,10/10/25 9:10 AM,10/10/25 9:12 AM,2 minutes and 4 seconds,Mayra Luna
Tink-a-Tako - Potranco,Maria Majana,131,,,2,10/10/25 9:10 AM,10/10/25 9:12 AM,2 minutes and 5 seconds,Mayra Luna
Tink-a-Tako - Potranco,Candy  Del angel ,137,,Lobby,,10/10/25 9:09 AM,10/10/25 9:12 AM,3 minutes and 29 seconds,Mayra Luna
Tink-a-Tako - Potranco,Norma Vasquez,128,4,Lobby,,10/10/25 9:03 AM,10/10/25 9:13 AM,9 minutes and 43 seconds,Mayra Luna
Tink-a-Tako - Potranco,Norma Vasquez,128,4,Lobby,,10/10/25 9:08 AM,10/10/25 9:13 AM,4 minutes and 52 seconds,Mayra Luna
Tink-a-Tako - Potranco,Candy  Del angel ,125,,Lobby,,10/10/25 9:08 AM,10/10/25 9:14 AM,5 minutes and 27 seconds,Mayra Luna
Tink-a-Tako - Potranco,Candy  Del angel ,136,,Lobby,,10/10/25 9:08 AM,10/10/25 9:14 AM,6 minutes and 23 seconds,Mayra Luna
Tink-a-Tako - Potranco,Norma Vasquez,132,25,Lobby,,10/10/25 9:04 AM,10/10/25 9:15 AM,11 minutes and 3 seconds,Mayra Luna
Tink-a-Tako - Potranco,Norma Vasquez,128,4,,2,10/10/25 9:13 AM,10/10/25 9:17 AM,4 minutes and 26 seconds,Mayra Luna
Tink-a-Tako - Potranco,Esperansa Caviedes,134,8,Prep,,10/10/25 9:06 AM,10/10/25 9:20 AM,13 minutes,Mayra Luna
Tink-a-Tako - Potranco,Esperansa Caviedes,134,8,Lobby,,10/10/25 9:06 AM,10/10/25 9:20 AM,13 minutes,Mayra Luna
Tink-a-Tako - Potranco,Candy  Del angel ,140,,Lobby,,10/10/25 9:18 AM,10/10/25 9:20 AM,1 minute and 47 seconds,Mayra Luna
Tink-a-Tako - Potranco,Candy  Del angel ,137,,Lobby,,10/10/25 9:19 AM,10/10/25 9:20 AM,1 minute and 20 seconds,Mayra Luna
Tink-a-Tako - Potranco,Norma Vasquez,132,25,,2,10/10/25 9:15 AM,10/10/25 9:22 AM,6 minutes and 19 seconds,Mayra Luna
Tink-a-Tako - Potranco,Esperansa Caviedes,134,8,,2,10/10/25 9:20 AM,10/10/25 9:22 AM,2 minutes and 9 seconds,Mayra Luna
Tink-a-Tako - Potranco,Norma Vasquez,128,4,,2,10/10/25 9:13 AM,10/10/25 9:22 AM,8 minutes and 58 seconds,Mayra Luna
Tink-a-Tako - Potranco,Norma Vasquez,141,11,Lobby,,10/10/25 9:18 AM,10/10/25 9:23 AM,4 minutes and 48 seconds,Mayra Luna
Tink-a-Tako - Potranco,Esperansa Caviedes,134,8,Lobby,,10/10/25 9:21 AM,10/10/25 9:23 AM,2 minutes and 3 seconds,Mayra Luna
Tink-a-Tako - Potranco,Silvia Hernandez,138,16,Lobby,,10/10/25 9:16 AM,10/10/25 9:23 AM,7 minutes and 30 seconds,Mayra Luna
Tink-a-Tako - Potranco,Silvia Hernandez,138,16,Prep,,10/10/25 9:16 AM,10/10/25 9:23 AM,7 minutes and 30 seconds,Mayra Luna
Tink-a-Tako - Potranco,Silvia Hernandez,138,16,Tortillero,,10/10/25 9:16 AM,10/10/25 9:23 AM,7 minutes and 30 seconds,Mayra Luna
Tink-a-Tako - Potranco,Candy  Del angel ,142,,Lobby,,10/10/25 9:21 AM,10/10/25 9:23 AM,2 minutes and 23 seconds,Mayra Luna
Tink-a-Tako - Potranco,Rosa Compean,139,24,Lobby,,10/10/25 9:19 AM,10/10/25 9:25 AM,6 minutes and 30 seconds,Mayra Luna
Tink-a-Tako - Potranco,Candy  Del angel ,143,,Lobby,,10/10/25 9:23 AM,10/10/25 9:25 AM,2 minutes and 50 seconds,Mayra Luna
Tink-a-Tako - Potranco,Rosa Compean,139,24,,2,10/10/25 9:25 AM,10/10/25 9:26 AM,23 seconds,Mayra Luna
Tink-a-Tako - Potranco,Silvia Hernandez,138,16,,2,10/10/25 9:23 AM,10/10/25 9:26 AM,2 minutes and 25 seconds,Mayra Luna
Tink-a-Tako - Potranco,Norma Vasquez,141,11,,2,10/10/25 9:23 AM,10/10/25 9:26 AM,2 minutes and 31 seconds,Mayra Luna
Tink-a-Tako - Potranco,Esperansa Caviedes,134,8,,2,10/10/25 9:23 AM,10/10/25 9:26 AM,2 minutes and 33 seconds,Mayra Luna
Tink-a-Tako - Potranco,Candy  Del angel ,145,,Lobby,,10/10/25 9:25 AM,10/10/25 9:26 AM,1 minute and 42 seconds,Mayra Luna
Tink-a-Tako - Potranco,Esperansa Caviedes,144,20,Lobby,,10/10/25 9:23 AM,10/10/25 9:27 AM,4 minutes and 17 seconds,Mayra Luna
Tink-a-Tako - Potranco,Candy  Del angel ,146,,Lobby,,10/10/25 9:25 AM,10/10/25 9:27 AM,2 minutes and 9 seconds,Mayra Luna
Tink-a-Tako - Potranco,Rosa Compean,149,23,Lobby,,10/10/25 9:27 AM,10/10/25 9:28 AM,1 minute and 38 seconds,Mayra Luna
Tink-a-Tako - Potranco,Candy  Del angel ,147,,Lobby,,10/10/25 9:26 AM,10/10/25 9:30 AM,3 minutes and 40 seconds,Mayra Luna
Tink-a-Tako - Potranco,Candy  Del angel ,150,,Lobby,,10/10/25 9:27 AM,10/10/25 9:30 AM,3 minutes and 10 seconds,Mayra Luna
Tink-a-Tako - Potranco,Candy  Del angel ,155,,Lobby,,10/10/25 9:30 AM,10/10/25 9:31 AM,1 minute and 21 seconds,Mayra Luna
Tink-a-Tako - Potranco,Candy  Del angel ,152,,Lobby,,10/10/25 9:29 AM,10/10/25 9:33 AM,3 minutes and 56 seconds,Mayra Luna
Tink-a-Tako - Potranco,Candy  Del angel ,152,,Lobby,,10/10/25 9:29 AM,10/10/25 9:33 AM,4 minutes and 22 seconds,Mayra Luna
Tink-a-Tako - Potranco,Rosa Compean,149,23,,2,10/10/25 9:28 AM,10/10/25 9:34 AM,5 minutes and 49 seconds,Mayra Luna
Tink-a-Tako - Potranco,Esperansa Caviedes,144,20,,2,10/10/25 9:27 AM,10/10/25 9:34 AM,7 minutes and 2 seconds,Mayra Luna
Tink-a-Tako - Potranco,Maria Majana,148,,Lobby,,10/10/25 9:30 AM,10/10/25 9:37 AM,6 minutes and 48 seconds,Mayra Luna
Tink-a-Tako - Potranco,Esperansa Caviedes,153,15,Lobby,,10/10/25 9:32 AM,10/10/25 9:39 AM,7 minutes and 9 seconds,Mayra Luna
Tink-a-Tako - Potranco,Norma Vasquez,154,33,Lobby,,10/10/25 9:30 AM,10/10/25 9:39 AM,8 minutes and 34 seconds,Mayra Luna
Tink-a-Tako - Potranco,Rosa Compean,151,40,Lobby,,10/10/25 9:29 AM,10/10/25 9:39 AM,10 minutes,Mayra Luna
Tink-a-Tako - Potranco,Rosa Compean,151,40,Prep,,10/10/25 9:29 AM,10/10/25 9:39 AM,10 minutes,Mayra Luna
Tink-a-Tako - Potranco,Rosa Compean,151,40,Tortillero,,10/10/25 9:29 AM,10/10/25 9:39 AM,10 minutes,Mayra Luna
Tink-a-Tako - Potranco,Norma Vasquez,156,19,Lobby,,10/10/25 9:31 AM,10/10/25 9:39 AM,8 minutes and 6 seconds,Mayra Luna
Tink-a-Tako - Potranco,Norma Vasquez,154,33,,2,10/10/25 9:39 AM,10/10/25 9:40 AM,56 seconds,Mayra Luna
Tink-a-Tako - Potranco,Esperansa Caviedes,153,15,,2,10/10/25 9:39 AM,10/10/25 9:40 AM,52 seconds,Mayra Luna
Tink-a-Tako - Potranco,Rosa Compean,151,40,,2,10/10/25 9:39 AM,10/10/25 9:40 AM,55 seconds,Mayra Luna
Tink-a-Tako - Potranco,Norma Vasquez,156,19,,2,10/10/25 9:39 AM,10/10/25 9:40 AM,54 seconds,Mayra Luna
Tink-a-Tako - Potranco,Maria Majana,148,,,2,10/10/25 9:37 AM,10/10/25 9:40 AM,2 minutes and 57 seconds,Mayra Luna
Tink-a-Tako - Potranco,Candy  Del angel ,157,,Lobby,,10/10/25 9:31 AM,10/10/25 9:40 AM,9 minutes and 6 seconds,Mayra Luna
Tink-a-Tako - Potranco,Candy  Del angel ,160,,Lobby,,10/10/25 9:33 AM,10/10/25 9:41 AM,7 minutes and 37 seconds,Mayra Luna
Tink-a-Tako - Potranco,Candy  Del angel ,163,,Tortillero,,10/10/25 9:38 AM,10/10/25 9:41 AM,2 minutes and 54 seconds,Mayra Luna
Tink-a-Tako - Potranco,Candy  Del angel ,163,,Lobby,,10/10/25 9:38 AM,10/10/25 9:41 AM,2 minutes and 54 seconds,Mayra Luna
Tink-a-Tako - Potranco,Candy  Del angel ,163,,Prep,,10/10/25 9:38 AM,10/10/25 9:41 AM,2 minutes and 54 seconds,Mayra Luna
Tink-a-Tako - Potranco,Candy  Del angel ,162,,Lobby,,10/10/25 9:36 AM,10/10/25 9:42 AM,5 minutes and 19 seconds,Mayra Luna
Tink-a-Tako - Potranco,Silvia Hernandez,161,31,,2,10/10/25 9:35 AM,10/10/25 9:42 AM,6 minutes and 36 seconds,Mayra Luna
Tink-a-Tako - Potranco,Candy  Del angel ,165,,Lobby,,10/10/25 9:39 AM,10/10/25 9:43 AM,4 minutes and 4 seconds,Mayra Luna
Tink-a-Tako - Potranco,Silvia Hernandez,159,18,Prep,,10/10/25 9:38 AM,10/10/25 9:43 AM,5 minutes and 15 seconds,Mayra Luna
Tink-a-Tako - Potranco,Silvia Hernandez,159,18,Lobby,,10/10/25 9:38 AM,10/10/25 9:43 AM,5 minutes and 15 seconds,Mayra Luna
Tink-a-Tako - Potranco,Silvia Hernandez,159,18,Tortillero,,10/10/25 9:38 AM,10/10/25 9:43 AM,5 minutes and 15 seconds,Mayra Luna
Tink-a-Tako - Potranco,Candy  Del angel ,163,,Lobby,,10/10/25 9:38 AM,10/10/25 9:44 AM,6 minutes,Mayra Luna
Tink-a-Tako - Potranco,Rosa Compean,164,32,Lobby,,10/10/25 9:38 AM,10/10/25 9:44 AM,5 minutes and 27 seconds,Mayra Luna
Tink-a-Tako - Potranco,Rosa Compean,164,32,Prep,,10/10/25 9:38 AM,10/10/25 9:44 AM,5 minutes and 27 seconds,Mayra Luna
Tink-a-Tako - Potranco,Candy  Del angel ,168,,Lobby,,10/10/25 9:43 AM,10/10/25 9:46 AM,2 minutes and 59 seconds,Mayra Luna
Tink-a-Tako - Potranco,Rosa Compean,167,37,Lobby,,10/10/25 9:43 AM,10/10/25 9:46 AM,3 minutes and 23 seconds,Mayra Luna
Tink-a-Tako - Potranco,Norma Vasquez,169,35,Lobby,,10/10/25 9:43 AM,10/10/25 9:46 AM,3 minutes and 6 seconds,Mayra Luna
Tink-a-Tako - Potranco,Candy  Del angel ,170,,Lobby,,10/10/25 9:44 AM,10/10/25 9:48 AM,3 minutes and 55 seconds,Mayra Luna
Tink-a-Tako - Potranco,Maria Majana,172,,Lobby,,10/10/25 9:45 AM,10/10/25 9:48 AM,3 minutes and 30 seconds,Mayra Luna
Tink-a-Tako - Potranco,Candy  Del angel ,175,,Lobby,,10/10/25 9:48 AM,10/10/25 9:49 AM,1 minute and 2 seconds,Mayra Luna
Tink-a-Tako - Potranco,Candy  Del angel ,175,,Prep,,10/10/25 9:48 AM,10/10/25 9:49 AM,1 minute and 2 seconds,Mayra Luna
Tink-a-Tako - Potranco,Esperansa Caviedes,171,17,Prep,,10/10/25 9:45 AM,10/10/25 9:50 AM,4 minutes and 55 seconds,Mayra Luna
Tink-a-Tako - Potranco,Esperansa Caviedes,171,17,Lobby,,10/10/25 9:45 AM,10/10/25 9:50 AM,4 minutes and 55 seconds,Mayra Luna
Tink-a-Tako - Potranco,Esperansa Caviedes,171,17,Tortillero,,10/10/25 9:45 AM,10/10/25 9:50 AM,4 minutes and 55 seconds,Mayra Luna
Tink-a-Tako - Potranco,Rosa Compean,167,37,,2,10/10/25 9:46 AM,10/10/25 9:52 AM,5 minutes and 44 seconds,Mayra Luna
Tink-a-Tako - Potranco,Rosa Compean,164,32,,2,10/10/25 9:44 AM,10/10/25 9:52 AM,7 minutes and 58 seconds,Mayra Luna
Tink-a-Tako - Potranco,Norma Vasquez,169,35,,2,10/10/25 9:46 AM,10/10/25 9:52 AM,5 minutes and 45 seconds,Mayra Luna
Tink-a-Tako - Potranco,Esperansa Caviedes,171,17,,2,10/10/25 9:50 AM,10/10/25 9:52 AM,1 minute and 46 seconds,Mayra Luna
Tink-a-Tako - Potranco,Maria Majana,172,,,2,10/10/25 9:48 AM,10/10/25 9:52 AM,3 minutes and 22 seconds,Mayra Luna
Tink-a-Tako - Potranco,Silvia Hernandez,159,18,,2,10/10/25 9:43 AM,10/10/25 9:52 AM,8 minutes and 52 seconds,Mayra Luna
Tink-a-Tako - Potranco,Candy  Del angel ,178,,Lobby,,10/10/25 9:50 AM,10/10/25 9:53 AM,2 minutes and 39 seconds,Mayra Luna
Tink-a-Tako - Potranco,Candy  Del angel ,180,,Lobby,,10/10/25 9:51 AM,10/10/25 9:54 AM,2 minutes and 38 seconds,Mayra Luna
Tink-a-Tako - Potranco,Maria Majana,173,,Lobby,,10/10/25 9:49 AM,10/10/25 9:55 AM,5 minutes and 33 seconds,Mayra Luna
Tink-a-Tako - Potranco,Maria Majana,173,,,2,10/10/25 9:55 AM,10/10/25 9:55 AM,20 seconds,Mayra Luna
Tink-a-Tako - Potranco,Candy  Del angel ,183,,Lobby,,10/10/25 9:52 AM,10/10/25 9:56 AM,3 minutes and 34 seconds,Mayra Luna
Tink-a-Tako - Potranco,Esperansa Caviedes,174,8,Lobby,,10/10/25 9:48 AM,10/10/25 9:56 AM,8 minutes and 42 seconds,Mayra Luna
Tink-a-Tako - Potranco,Silvia Hernandez,161,31,,2,10/10/25 9:52 AM,10/10/25 9:57 AM,4 minutes and 9 seconds,Mayra Luna
Tink-a-Tako - Potranco,Silvia Hernandez,182,22,Lobby,,10/10/25 9:52 AM,10/10/25 9:58 AM,5 minutes and 45 seconds,Mayra Luna
Tink-a-Tako - Potranco,Rosa Compean,177,3,Lobby,,10/10/25 9:50 AM,10/10/25 9:58 AM,7 minutes and 59 seconds,Mayra Luna
Tink-a-Tako - Potranco,Rosa Compean,177,3,,2,10/10/25 9:58 AM,10/10/25 9:59 AM,1 minute and 5 seconds,Mayra Luna
Tink-a-Tako - Potranco,Esperansa Caviedes,174,8,,2,10/10/25 9:56 AM,10/10/25 9:59 AM,2 minutes and 33 seconds,Mayra Luna
Tink-a-Tako - Potranco,Silvia Hernandez,182,22,,2,10/10/25 9:58 AM,10/10/25 9:59 AM,1 minute and 25 seconds,Mayra Luna
Tink-a-Tako - Potranco,Silvia Hernandez,179,25,Lobby,,10/10/25 9:53 AM,10/10/25 10:01 AM,8 minutes and 19 seconds,Mayra Luna
Tink-a-Tako - Potranco,Candy  Del angel ,184,,Lobby,,10/10/25 9:54 AM,10/10/25 10:01 AM,6 minutes and 56 seconds,Mayra Luna
Tink-a-Tako - Potranco,Esperansa Caviedes,171,17,,2,10/10/25 10:01 AM,10/10/25 10:02 AM,1 minute,Mayra Luna
Tink-a-Tako - Potranco,Silvia Hernandez,179,25,,2,10/10/25 10:01 AM,10/10/25 10:02 AM,1 minute and 6 seconds,Mayra Luna
Tink-a-Tako - Potranco,Candy  Del angel ,185,,Lobby,,10/10/25 9:55 AM,10/10/25 10:03 AM,7 minutes and 29 seconds,Mayra Luna
Tink-a-Tako - Potranco,Candy  Del angel ,186,,Lobby,,10/10/25 9:57 AM,10/10/25 10:03 AM,6 minutes and 39 seconds,Mayra Luna
Tink-a-Tako - Potranco,Maria Majana,187,,Lobby,,10/10/25 9:57 AM,10/10/25 10:04 AM,6 minutes and 58 seconds,Mayra Luna
Tink-a-Tako - Potranco,Maria Majana,187,,,2,10/10/25 10:04 AM,10/10/25 10:04 AM,16 seconds,Mayra Luna
Tink-a-Tako - Potranco,Silvia Hernandez,182,22,Lobby,,10/10/25 10:02 AM,10/10/25 10:05 AM,3 minutes and 7 seconds,Mayra Luna
Tink-a-Tako - Potranco,Candy  Del angel ,188,,Lobby,,10/10/25 9:57 AM,10/10/25 10:05 AM,7 minutes and 40 seconds,Mayra Luna
Tink-a-Tako - Potranco,Candy  Del angel ,190,,Lobby,,10/10/25 9:58 AM,10/10/25 10:06 AM,7 minutes and 58 seconds,Mayra Luna
Tink-a-Tako - Potranco,Maria Majana,198,,Lobby,,10/10/25 10:06 AM,10/10/25 10:07 AM,1 minute and 13 seconds,Mayra Luna
Tink-a-Tako - Potranco,Candy  Del angel ,196,,Lobby,,10/10/25 10:03 AM,10/10/25 10:08 AM,5 minutes and 8 seconds,Mayra Luna
Tink-a-Tako - Potranco,Candy  Del angel ,166,,Lobby,,10/10/25 10:06 AM,10/10/25 10:08 AM,2 minutes and 34 seconds,Mayra Luna
Tink-a-Tako - Potranco,Candy  Del angel ,197,,Lobby,,10/10/25 10:06 AM,10/10/25 10:11 AM,4 minutes and 25 seconds,Mayra Luna
Tink-a-Tako - Potranco,Candy  Del angel ,200,,Lobby,,10/10/25 10:07 AM,10/10/25 10:12 AM,5 minutes and 21 seconds,Mayra Luna
Tink-a-Tako - Potranco,Maria Majana,198,,,2,10/10/25 10:07 AM,10/10/25 10:13 AM,5 minutes and 16 seconds,Mayra Luna
Tink-a-Tako - Potranco,Silvia Hernandez,182,22,,2,10/10/25 10:05 AM,10/10/25 10:13 AM,7 minutes and 53 seconds,Mayra Luna
Tink-a-Tako - Potranco,Norma Vasquez,209,4,Lobby,,10/10/25 10:12 AM,10/10/25 10:13 AM,52 seconds,Mayra Luna
Tink-a-Tako - Potranco,Norma Vasquez,209,4,,2,10/10/25 10:13 AM,10/10/25 10:13 AM,6 seconds,Mayra Luna
Tink-a-Tako - Potranco,Norma Vasquez,203,4,Lobby,,10/10/25 10:12 AM,10/10/25 10:13 AM,1 minute and 4 seconds,Mayra Luna
Tink-a-Tako - Potranco,Norma Vasquez,204,4,Lobby,,10/10/25 10:12 AM,10/10/25 10:13 AM,1 minute and 5 seconds,Mayra Luna
Tink-a-Tako - Potranco,Candy  Del angel ,201,,Tortillero,,10/10/25 10:07 AM,10/10/25 10:14 AM,6 minutes and 14 seconds,Mayra Luna
Tink-a-Tako - Potranco,Candy  Del angel ,201,,Lobby,,10/10/25 10:07 AM,10/10/25 10:14 AM,6 minutes and 14 seconds,Mayra Luna
Tink-a-Tako - Potranco,Norma Vasquez,205,4,Prep,,10/10/25 10:12 AM,10/10/25 10:14 AM,1 minute and 51 seconds,Mayra Luna
Tink-a-Tako - Potranco,Norma Vasquez,205,4,Lobby,,10/10/25 10:12 AM,10/10/25 10:14 AM,1 minute and 51 seconds,Mayra Luna
Tink-a-Tako - Potranco,Norma Vasquez,206,4,Lobby,,10/10/25 10:12 AM,10/10/25 10:14 AM,2 minutes and 17 seconds,Mayra Luna
Tink-a-Tako - Potranco,Norma Vasquez,207,4,Prep,,10/10/25 10:12 AM,10/10/25 10:15 AM,2 minutes and 54 seconds,Mayra Luna
Tink-a-Tako - Potranco,Norma Vasquez,207,4,Lobby,,10/10/25 10:12 AM,10/10/25 10:15 AM,2 minutes and 54 seconds,Mayra Luna
Tink-a-Tako - Potranco,Norma Vasquez,205,4,,2,10/10/25 10:14 AM,10/10/25 10:16 AM,2 minutes and 18 seconds,Mayra Luna
Tink-a-Tako - Potranco,Norma Vasquez,207,4,,2,10/10/25 10:15 AM,10/10/25 10:16 AM,1 minute and 15 seconds,Mayra Luna
Tink-a-Tako - Potranco,Norma Vasquez,203,4,,2,10/10/25 10:13 AM,10/10/25 10:16 AM,3 minutes and 7 seconds,Mayra Luna
Tink-a-Tako - Potranco,Norma Vasquez,206,4,,2,10/10/25 10:14 AM,10/10/25 10:16 AM,1 minute and 54 seconds,Mayra Luna
Tink-a-Tako - Potranco,Maria Majana,199,,Lobby,,10/10/25 10:11 AM,10/10/25 10:17 AM,6 minutes and 28 seconds,Mayra Luna
Tink-a-Tako - Potranco,Norma Vasquez,209,4,Prep,,10/10/25 10:18 AM,10/10/25 10:18 AM,30 seconds,Mayra Luna
Tink-a-Tako - Potranco,Norma Vasquez,209,4,Lobby,,10/10/25 10:18 AM,10/10/25 10:18 AM,30 seconds,Mayra Luna
Tink-a-Tako - Potranco,Candy  Del angel ,211,,Lobby,,10/10/25 10:14 AM,10/10/25 10:20 AM,6 minutes and 1 second,Mayra Luna
Tink-a-Tako - Potranco,Maria Majana,208,,Tortillero,,10/10/25 10:12 AM,10/10/25 10:21 AM,8 minutes and 35 seconds,Mayra Luna
Tink-a-Tako - Potranco,Maria Majana,208,,Lobby,,10/10/25 10:12 AM,10/10/25 10:21 AM,8 minutes and 35 seconds,Mayra Luna
Tink-a-Tako - Potranco,Candy  Del angel ,212,,Lobby,,10/10/25 10:16 AM,10/10/25 10:23 AM,7 minutes and 11 seconds,Mayra Luna
Tink-a-Tako - Potranco,Candy  Del angel ,216,,Lobby,,10/10/25 10:20 AM,10/10/25 10:25 AM,5 minutes and 3 seconds,Mayra Luna
Tink-a-Tako - Potranco,Rosa Compean,215,23,Lobby,,10/10/25 10:19 AM,10/10/25 10:28 AM,8 minutes and 23 seconds,Mayra Luna
Tink-a-Tako - Potranco,Maria Majana,199,,,2,10/10/25 10:17 AM,10/10/25 10:29 AM,12 minutes and 13 seconds,Mayra Luna
Tink-a-Tako - Potranco,Maria Majana,208,,,2,10/10/25 10:21 AM,10/10/25 10:29 AM,8 minutes and 51 seconds,Mayra Luna
Tink-a-Tako - Potranco,Norma Vasquez,204,4,,2,10/10/25 10:13 AM,10/10/25 10:29 AM,16 minutes and 25 seconds,Mayra Luna
Tink-a-Tako - Potranco,Rosa Compean,215,23,,2,10/10/25 10:28 AM,10/10/25 10:30 AM,2 minutes and 42 seconds,Mayra Luna
Tink-a-Tako - Potranco,Norma Vasquez,209,4,,2,10/10/25 10:18 AM,10/10/25 10:30 AM,12 minutes and 12 seconds,Mayra Luna
Tink-a-Tako - Potranco,Silvia Hernandez,221,32,Lobby,,10/10/25 10:27 AM,10/10/25 10:31 AM,4 minutes and 3 seconds,Mayra Luna
Tink-a-Tako - Potranco,Candy  Del angel ,217,,Lobby,,10/10/25 10:21 AM,10/10/25 10:32 AM,10 minutes and 17 seconds,Mayra Luna
Tink-a-Tako - Potranco,Candy  Del angel ,217,,Prep,,10/10/25 10:21 AM,10/10/25 10:32 AM,10 minutes and 17 seconds,Mayra Luna
Tink-a-Tako - Potranco,Esperansa Caviedes,213,20,Lobby,,10/10/25 10:22 AM,10/10/25 10:32 AM,10 minutes and 15 seconds,Mayra Luna
Tink-a-Tako - Potranco,Silvia Hernandez,221,32,,2,10/10/25 10:31 AM,10/10/25 10:33 AM,1 minute and 56 seconds,Mayra Luna
Tink-a-Tako - Potranco,Esperansa Caviedes,213,20,,2,10/10/25 10:32 AM,10/10/25 10:33 AM,1 minute and 6 seconds,Mayra Luna
Tink-a-Tako - Potranco,Candy  Del angel ,218,,Lobby,,10/10/25 10:24 AM,10/10/25 10:34 AM,9 minutes and 41 seconds,Mayra Luna
Tink-a-Tako - Potranco,Esperansa Caviedes,222,8,Prep,,10/10/25 10:30 AM,10/10/25 10:34 AM,4 minutes and 38 seconds,Mayra Luna
Tink-a-Tako - Potranco,Esperansa Caviedes,222,8,Lobby,,10/10/25 10:30 AM,10/10/25 10:34 AM,4 minutes and 38 seconds,Mayra Luna
Tink-a-Tako - Potranco,Candy  Del angel ,219,,Lobby,,10/10/25 10:25 AM,10/10/25 10:34 AM,9 minutes and 51 seconds,Mayra Luna
Tink-a-Tako - Potranco,Rosa Compean,227,33,Lobby,,10/10/25 10:34 AM,10/10/25 10:36 AM,1 minute and 36 seconds,Mayra Luna
Tink-a-Tako - Potranco,Esperansa Caviedes,213,20,Lobby,,10/10/25 10:33 AM,10/10/25 10:36 AM,2 minutes and 36 seconds,Mayra Luna
Tink-a-Tako - Potranco,Norma Vasquez,224,17,Lobby,,10/10/25 10:30 AM,10/10/25 10:36 AM,5 minutes and 47 seconds,Mayra Luna
Tink-a-Tako - Potranco,Norma Vasquez,224,17,Prep,,10/10/25 10:30 AM,10/10/25 10:36 AM,5 minutes and 47 seconds,Mayra Luna
Tink-a-Tako - Potranco,Norma Vasquez,224,17,Tortillero,,10/10/25 10:30 AM,10/10/25 10:36 AM,5 minutes and 47 seconds,Mayra Luna
Tink-a-Tako - Potranco,Esperansa Caviedes,213,20,,2,10/10/25 10:36 AM,10/10/25 10:37 AM,1 minute and 22 seconds,Mayra Luna
Tink-a-Tako - Potranco,Candy  Del angel ,225,,Lobby,,10/10/25 10:31 AM,10/10/25 10:38 AM,7 minutes and 29 seconds,Mayra Luna
Tink-a-Tako - Potranco,Candy  Del angel ,226,,Lobby,,10/10/25 10:33 AM,10/10/25 10:38 AM,5 minutes and 20 seconds,Mayra Luna
Tink-a-Tako - Potranco,Esperansa Caviedes,222,8,Lobby,,10/10/25 10:36 AM,10/10/25 10:41 AM,5 minutes and 4 seconds,Mayra Luna
Tink-a-Tako - Potranco,Candy  Del angel ,223,,Lobby,,10/10/25 10:29 AM,10/10/25 10:43 AM,13 minutes and 39 seconds,Mayra Luna
Tink-a-Tako - Potranco,Esperansa Caviedes,222,8,,2,10/10/25 10:34 AM,10/10/25 10:44 AM,9 minutes and 24 seconds,Mayra Luna
Tink-a-Tako - Potranco,Rosa Compean,227,33,,2,10/10/25 10:36 AM,10/10/25 10:44 AM,8 minutes and 11 seconds,Mayra Luna
Tink-a-Tako - Potranco,Esperansa Caviedes,222,8,,2,10/10/25 10:41 AM,10/10/25 10:44 AM,3 minutes and 7 seconds,Mayra Luna
Tink-a-Tako - Potranco,Norma Vasquez,224,17,,2,10/10/25 10:36 AM,10/10/25 10:44 AM,8 minutes and 8 seconds,Mayra Luna
Tink-a-Tako - Potranco,Candy  Del angel ,229,,Lobby,,10/10/25 10:37 AM,10/10/25 10:44 AM,7 minutes and 29 seconds,Mayra Luna
Tink-a-Tako - Potranco,Rosa Compean,227,33,Lobby,,10/10/25 10:40 AM,10/10/25 10:45 AM,5 minutes and 1 second,Mayra Luna
Tink-a-Tako - Potranco,Rosa Compean,227,33,,2,10/10/25 10:45 AM,10/10/25 10:45 AM,9 seconds,Mayra Luna
Tink-a-Tako - Potranco,Silvia Hernandez,231,24,Lobby,,10/10/25 10:40 AM,10/10/25 10:47 AM,7 minutes and 22 seconds,Mayra Luna
Tink-a-Tako - Potranco,Candy  Del angel ,230,,Lobby,,10/10/25 10:37 AM,10/10/25 10:49 AM,11 minutes and 35 seconds,Mayra Luna
Tink-a-Tako - Potranco,Esperansa Caviedes,233,21,Lobby,,10/10/25 10:43 AM,10/10/25 10:50 AM,6 minutes and 28 seconds,Mayra Luna
Tink-a-Tako - Potranco,Norma Vasquez,232,11,Lobby,,10/10/25 10:43 AM,10/10/25 10:54 AM,10 minutes and 46 seconds,Mayra Luna
Tink-a-Tako - Potranco,Norma Vasquez,232,11,Prep,,10/10/25 10:43 AM,10/10/25 10:54 AM,10 minutes and 46 seconds,Mayra Luna
Tink-a-Tako - Potranco,Norma Vasquez,232,11,Tortillero,,10/10/25 10:43 AM,10/10/25 10:54 AM,10 minutes and 46 seconds,Mayra Luna
Tink-a-Tako - Potranco,Esperansa Caviedes,233,21,,2,10/10/25 10:50 AM,10/10/25 10:54 AM,4 minutes and 22 seconds,Mayra Luna
Tink-a-Tako - Potranco,Norma Vasquez,232,11,,2,10/10/25 10:54 AM,10/10/25 10:54 AM,8 seconds,Mayra Luna
Tink-a-Tako - Potranco,Silvia Hernandez,231,24,,2,10/10/25 10:47 AM,10/10/25 10:54 AM,6 minutes and 34 seconds,Mayra Luna
Tink-a-Tako - Potranco,Rosa Compean,234,19,Lobby,,10/10/25 10:45 AM,10/10/25 10:55 AM,9 minutes and 44 seconds,Mayra Luna
Tink-a-Tako - Potranco,Candy  Del angel ,236,,Lobby,,10/10/25 10:51 AM,10/10/25 10:55 AM,4 minutes and 41 seconds,Mayra Luna
Tink-a-Tako - Potranco,Candy  Del angel ,237,,Lobby,,10/10/25 10:52 AM,10/10/25 10:57 AM,4 minutes and 56 seconds,Mayra Luna
Tink-a-Tako - Potranco,Candy  Del angel ,235,,Tortillero,,10/10/25 10:47 AM,10/10/25 10:57 AM,10 minutes and 5 seconds,Mayra Luna
Tink-a-Tako - Potranco,Candy  Del angel ,235,,Lobby,,10/10/25 10:47 AM,10/10/25 10:57 AM,10 minutes and 5 seconds,Mayra Luna
Tink-a-Tako - Potranco,Candy  Del angel ,235,,Prep,,10/10/25 10:47 AM,10/10/25 10:57 AM,10 minutes and 5 seconds,Mayra Luna
Tink-a-Tako - Potranco,Candy  Del angel ,239,,Lobby,,10/10/25 10:58 AM,10/10/25 11:01 AM,3 minutes and 20 seconds,Mayra Luna
Tink-a-Tako - Potranco,Silvia Hernandez,238,7,Lobby,,10/10/25 10:57 AM,10/10/25 11:02 AM,4 minutes and 43 seconds,Mayra Luna
Tink-a-Tako - Potranco,Silvia Hernandez,238,7,,2,10/10/25 11:02 AM,10/10/25 11:02 AM,17 seconds,Mayra Luna
Tink-a-Tako - Potranco,Rosa Compean,234,19,,2,10/10/25 10:55 AM,10/10/25 11:02 AM,7 minutes and 4 seconds,Mayra Luna
Tink-a-Tako - Potranco,Candy  Del angel ,241,,Lobby,,10/10/25 11:03 AM,10/10/25 11:05 AM,1 minute and 45 seconds,Mayra Luna
Tink-a-Tako - Potranco,Norma Vasquez,240,37,Lobby,,10/10/25 11:01 AM,10/10/25 11:06 AM,4 minutes and 48 seconds,Mayra Luna
Tink-a-Tako - Potranco,Candy  Del angel ,242,,Lobby,,10/10/25 11:04 AM,10/10/25 11:06 AM,2 minutes and 16 seconds,Mayra Luna
Tink-a-Tako - Potranco,Norma Vasquez,240,37,Lobby,,10/10/25 11:07 AM,10/10/25 11:10 AM,2 minutes and 33 seconds,Mayra Luna
Tink-a-Tako - Potranco,Candy  Del angel ,246,,Lobby,,10/10/25 11:09 AM,10/10/25 11:11 AM,2 minutes and 7 seconds,Mayra Luna
Tink-a-Tako - Potranco,Maria Majana,249,,Lobby,,10/10/25 11:11 AM,10/10/25 11:12 AM,1 minute and 27 seconds,Mayra Luna
Tink-a-Tako - Potranco,Candy  Del angel ,251,,Lobby,,10/10/25 11:11 AM,10/10/25 11:14 AM,2 minutes and 36 seconds,Mayra Luna
Tink-a-Tako - Potranco,Maria Majana,249,,,2,10/10/25 11:12 AM,10/10/25 11:16 AM,3 minutes and 45 seconds,Mayra Luna
Tink-a-Tako - Potranco,Candy  Del angel ,252,,Lobby,,10/10/25 11:14 AM,10/10/25 11:17 AM,2 minutes and 45 seconds,Mayra Luna
Tink-a-Tako - Potranco,Candy  Del angel ,252,,Tortillero,,10/10/25 11:14 AM,10/10/25 11:17 AM,2 minutes and 45 seconds,Mayra Luna
Tink-a-Tako - Potranco,Candy  Del angel ,252,,Prep,,10/10/25 11:14 AM,10/10/25 11:17 AM,2 minutes and 45 seconds,Mayra Luna
Tink-a-Tako - Potranco,Candy  Del angel ,253,,Lobby,,10/10/25 11:17 AM,10/10/25 11:19 AM,2 minutes and 26 seconds,Mayra Luna
Tink-a-Tako - Potranco,Esperansa Caviedes,244,34,Lobby,,10/10/25 11:08 AM,10/10/25 11:19 AM,11 minutes and 30 seconds,Mayra Luna
Tink-a-Tako - Potranco,Rosa Compean,250,25,Lobby,,10/10/25 11:15 AM,10/10/25 11:20 AM,5 minutes and 17 seconds,Mayra Luna
Tink-a-Tako - Potranco,Rosa Compean,250,25,Tortillero,,10/10/25 11:15 AM,10/10/25 11:20 AM,5 minutes and 17 seconds,Mayra Luna
Tink-a-Tako - Potranco,Norma Vasquez,245,,Lobby,,10/10/25 11:09 AM,10/10/25 11:21 AM,11 minutes and 51 seconds,Mayra Luna
Tink-a-Tako - Potranco,Norma Vasquez,245,,Tortillero,,10/10/25 11:09 AM,10/10/25 11:21 AM,11 minutes and 51 seconds,Mayra Luna
Tink-a-Tako - Potranco,Norma Vasquez,245,,Prep,,10/10/25 11:09 AM,10/10/25 11:21 AM,11 minutes and 51 seconds,Mayra Luna
Tink-a-Tako - Potranco,Norma Vasquez,254,32,Lobby,,10/10/25 11:16 AM,10/10/25 11:21 AM,5 minutes and 44 seconds,Mayra Luna
Tink-a-Tako - Potranco,Norma Vasquez,254,32,Prep,,10/10/25 11:16 AM,10/10/25 11:21 AM,5 minutes and 44 seconds,Mayra Luna
Tink-a-Tako - Potranco,Norma Vasquez,254,32,Tortillero,,10/10/25 11:16 AM,10/10/25 11:21 AM,5 minutes and 44 seconds,Mayra Luna
Tink-a-Tako - Potranco,Esperansa Caviedes,174,8,Prep,,10/10/25 11:16 AM,10/10/25 11:22 AM,5 minutes and 50 seconds,Mayra Luna
Tink-a-Tako - Potranco,Esperansa Caviedes,174,8,Lobby,,10/10/25 11:16 AM,10/10/25 11:22 AM,5 minutes and 50 seconds,Mayra Luna
Tink-a-Tako - Potranco,Esperansa Caviedes,174,8,Tortillero,,10/10/25 11:16 AM,10/10/25 11:22 AM,5 minutes and 50 seconds,Mayra Luna
Tink-a-Tako - Potranco,Esperansa Caviedes,244,34,,2,10/10/25 11:19 AM,10/10/25 11:25 AM,5 minutes and 58 seconds,Mayra Luna
Tink-a-Tako - Potranco,Norma Vasquez,240,37,,2,10/10/25 11:06 AM,10/10/25 11:25 AM,19 minutes and 24 seconds,Mayra Luna
Tink-a-Tako - Potranco,Norma Vasquez,240,37,,2,10/10/25 11:10 AM,10/10/25 11:25 AM,15 minutes and 28 seconds,Mayra Luna
Tink-a-Tako - Potranco,Norma Vasquez,245,,,2,10/10/25 11:21 AM,10/10/25 11:25 AM,4 minutes and 13 seconds,Mayra Luna
Tink-a-Tako - Potranco,Rosa Compean,250,25,,2,10/10/25 11:20 AM,10/10/25 11:25 AM,4 minutes and 51 seconds,Mayra Luna
Tink-a-Tako - Potranco,Rosa Compean,259,26,Lobby,,10/10/25 11:18 AM,10/10/25 11:25 AM,7 minutes and 40 seconds,Mayra Luna
Tink-a-Tako - Potranco,Norma Vasquez,254,32,,2,10/10/25 11:21 AM,10/10/25 11:25 AM,3 minutes and 52 seconds,Mayra Luna
Tink-a-Tako - Potranco,Esperansa Caviedes,174,8,,2,10/10/25 11:22 AM,10/10/25 11:25 AM,3 minutes and 45 seconds,Mayra Luna
Tink-a-Tako - Potranco,Silvia Hernandez,255,18,,2,10/10/25 11:17 AM,10/10/25 11:26 AM,8 minutes and 59 seconds,Mayra Luna
Tink-a-Tako - Potranco,Silvia Hernandez,261,23,Lobby,,10/10/25 11:23 AM,10/10/25 11:28 AM,4 minutes and 37 seconds,Mayra Luna
Tink-a-Tako - Potranco,Rosa Compean,259,26,,2,10/10/25 11:25 AM,10/10/25 11:28 AM,3 minutes and 10 seconds,Mayra Luna
Tink-a-Tako - Potranco,Silvia Hernandez,261,23,,2,10/10/25 11:28 AM,10/10/25 11:28 AM,56 seconds,Mayra Luna
Tink-a-Tako - Potranco,Silvia Hernandez,261,23,,2,10/10/25 11:28 AM,10/10/25 11:29 AM,22 seconds,Mayra Luna
Tink-a-Tako - Potranco,Candy  Del angel ,260,,Lobby,,10/10/25 11:23 AM,10/10/25 11:31 AM,8 minutes and 24 seconds,Mayra Luna
Tink-a-Tako - Potranco,Candy  Del angel ,263,,Lobby,,10/10/25 11:28 AM,10/10/25 11:32 AM,3 minutes and 56 seconds,Mayra Luna
Tink-a-Tako - Potranco,Rosa Compean,270,33,Lobby,,10/10/25 11:32 AM,10/10/25 11:33 AM,44 seconds,Mayra Luna
Tink-a-Tako - Potranco,Candy  Del angel ,264,,Lobby,,10/10/25 11:29 AM,10/10/25 11:38 AM,8 minutes and 44 seconds,Mayra Luna
Tink-a-Tako - Potranco,Maria Majana,266,,Lobby,,10/10/25 11:30 AM,10/10/25 11:38 AM,7 minutes and 22 seconds,Mayra Luna
Tink-a-Tako - Potranco,Esperansa Caviedes,268,38,Prep,,10/10/25 11:32 AM,10/10/25 11:38 AM,6 minutes and 32 seconds,Mayra Luna
Tink-a-Tako - Potranco,Esperansa Caviedes,268,38,Lobby,,10/10/25 11:32 AM,10/10/25 11:38 AM,6 minutes and 32 seconds,Mayra Luna
Tink-a-Tako - Potranco,Esperansa Caviedes,268,38,Tortillero,,10/10/25 11:32 AM,10/10/25 11:38 AM,6 minutes and 32 seconds,Mayra Luna
Tink-a-Tako - Potranco,Norma Vasquez,269,24,Lobby,,10/10/25 11:32 AM,10/10/25 11:38 AM,6 minutes and 19 seconds,Mayra Luna
Tink-a-Tako - Potranco,Silvia Hernandez,238,7,Lobby,,10/10/25 11:35 AM,10/10/25 11:38 AM,2 minutes and 51 seconds,Mayra Luna
Tink-a-Tako - Potranco,Maria Majana,266,,,2,10/10/25 11:38 AM,10/10/25 11:39 AM,1 minute and 30 seconds,Mayra Luna
Tink-a-Tako - Potranco,Norma Vasquez,269,24,,2,10/10/25 11:38 AM,10/10/25 11:39 AM,1 minute and 2 seconds,Mayra Luna
Tink-a-Tako - Potranco,Esperansa Caviedes,268,38,,2,10/10/25 11:38 AM,10/10/25 11:39 AM,1 minute and 4 seconds,Mayra Luna
Tink-a-Tako - Potranco,Candy  Del angel ,265,,Lobby,,10/10/25 11:30 AM,10/10/25 11:42 AM,11 minutes and 26 seconds,Mayra Luna
Tink-a-Tako - Potranco,Candy  Del angel ,267,,Lobby,,10/10/25 11:34 AM,10/10/25 11:43 AM,9 minutes and 13 seconds,Mayra Luna
Tink-a-Tako - Potranco,Norma Vasquez,279,17,Lobby,,10/10/25 11:41 AM,10/10/25 11:44 AM,2 minutes and 40 seconds,Mayra Luna
Tink-a-Tako - Potranco,Norma Vasquez,279,17,Prep,,10/10/25 11:41 AM,10/10/25 11:44 AM,2 minutes and 40 seconds,Mayra Luna
Tink-a-Tako - Potranco,Norma Vasquez,283,39,Prep,,10/10/25 11:43 AM,10/10/25 11:44 AM,54 seconds,Mayra Luna
Tink-a-Tako - Potranco,Norma Vasquez,283,39,Lobby,,10/10/25 11:43 AM,10/10/25 11:44 AM,54 seconds,Mayra Luna
Tink-a-Tako - Potranco,Candy  Del angel ,274,,Lobby,,10/10/25 11:36 AM,10/10/25 11:45 AM,8 minutes and 33 seconds,Mayra Luna
Tink-a-Tako - Potranco,Rosa Compean,270,33,,2,10/10/25 11:33 AM,10/10/25 11:46 AM,13 minutes and 16 seconds,Mayra Luna
Tink-a-Tako - Potranco,Maria Majana,277,,,2,10/10/25 11:46 AM,10/10/25 11:46 AM,2 seconds,Mayra Luna
Tink-a-Tako - Potranco,Maria Majana,277,,Lobby,,10/10/25 11:38 AM,10/10/25 11:46 AM,8 minutes and 1 second,Mayra Luna
Tink-a-Tako - Potranco,Silvia Hernandez,238,7,,2,10/10/25 11:38 AM,10/10/25 11:46 AM,7 minutes and 35 seconds,Mayra Luna
Tink-a-Tako - Potranco,Norma Vasquez,283,39,,2,10/10/25 11:44 AM,10/10/25 11:46 AM,1 minute and 41 seconds,Mayra Luna
Tink-a-Tako - Potranco,Norma Vasquez,279,17,,2,10/10/25 11:44 AM,10/10/25 11:46 AM,2 minutes and 25 seconds,Mayra Luna
Tink-a-Tako - Potranco,Esperansa Caviedes,280,37,Lobby,,10/10/25 11:41 AM,10/10/25 11:47 AM,6 minutes and 19 seconds,Mayra Luna
Tink-a-Tako - Potranco,Candy  Del angel ,275,,Lobby,,10/10/25 11:37 AM,10/10/25 11:49 AM,11 minutes and 42 seconds,Mayra Luna
Tink-a-Tako - Potranco,Candy  Del angel ,284,,Lobby,,10/10/25 11:45 AM,10/10/25 11:49 AM,4 minutes and 35 seconds,Mayra Luna
Tink-a-Tako - Potranco,Candy  Del angel ,288,,Lobby,,10/10/25 11:48 AM,10/10/25 11:50 AM,2 minutes and 12 seconds,Mayra Luna
Tink-a-Tako - Potranco,Maria Majana,287,,Lobby,,10/10/25 11:47 AM,10/10/25 11:52 AM,4 minutes and 20 seconds,Mayra Luna
Tink-a-Tako - Potranco,Maria Majana,282,,Tortillero,,10/10/25 11:44 AM,10/10/25 11:54 AM,10 minutes and 9 seconds,Mayra Luna
Tink-a-Tako - Potranco,Maria Majana,282,,Lobby,,10/10/25 11:44 AM,10/10/25 11:54 AM,10 minutes and 9 seconds,Mayra Luna
Tink-a-Tako - Potranco,Maria Majana,282,,Prep,,10/10/25 11:44 AM,10/10/25 11:54 AM,10 minutes and 9 seconds,Mayra Luna
Tink-a-Tako - Potranco,Rosa Compean,294,25,Lobby,,10/10/25 11:50 AM,10/10/25 11:55 AM,5 minutes and 20 seconds,Mayra Luna
Tink-a-Tako - Potranco,Candy  Del angel ,286,,Lobby,,10/10/25 11:47 AM,10/10/25 11:57 AM,10 minutes,Mayra Luna
Tink-a-Tako - Potranco,Candy  Del angel ,289,,Lobby,,10/10/25 11:48 AM,10/10/25 11:58 AM,9 minutes and 57 seconds,Mayra Luna
Tink-a-Tako - Potranco,Esperansa Caviedes,280,37,,2,10/10/25 11:47 AM,10/10/25 11:58 AM,10 minutes and 54 seconds,Mayra Luna
Tink-a-Tako - Potranco,Maria Majana,282,,,2,10/10/25 11:54 AM,10/10/25 11:58 AM,4 minutes and 22 seconds,Mayra Luna
Tink-a-Tako - Potranco,Rosa Compean,294,25,,2,10/10/25 11:55 AM,10/10/25 11:58 AM,3 minutes and 27 seconds,Mayra Luna
Tink-a-Tako - Potranco,Maria Majana,287,,,2,10/10/25 11:52 AM,10/10/25 11:58 AM,6 minutes and 41 seconds,Mayra Luna
Tink-a-Tako - Potranco,Candy  Del angel ,291,,Lobby,,10/10/25 11:48 AM,10/10/25 12:00 PM,11 minutes and 58 seconds,Mayra Luna
Tink-a-Tako - Potranco,Maria Majana,297,,Lobby,,10/10/25 11:57 AM,10/10/25 12:01 PM,4 minutes and 48 seconds,Mayra Luna
Tink-a-Tako - Potranco,Candy  Del angel ,298,,Lobby,,10/10/25 11:57 AM,10/10/25 12:03 PM,6 minutes and 17 seconds,Mayra Luna
Tink-a-Tako - Potranco,Candy  Del angel ,300,,Lobby,,10/10/25 12:01 PM,10/10/25 12:05 PM,4 minutes and 30 seconds,Mayra Luna
Tink-a-Tako - Potranco,Candy  Del angel ,302,,Lobby,,10/10/25 12:03 PM,10/10/25 12:08 PM,4 minutes and 39 seconds,Mayra Luna
Tink-a-Tako - Potranco,Candy  Del angel ,302,,Tortillero,,10/10/25 12:03 PM,10/10/25 12:08 PM,4 minutes and 39 seconds,Mayra Luna
Tink-a-Tako - Potranco,Maria Majana,297,,,2,10/10/25 12:01 PM,10/10/25 12:10 PM,8 minutes and 13 seconds,Mayra Luna
Tink-a-Tako - Potranco,Norma Vasquez,301,2,Lobby,,10/10/25 12:04 PM,10/10/25 12:13 PM,9 minutes and 30 seconds,Mayra Luna
Tink-a-Tako - Potranco,Norma Vasquez,301,2,Tortillero,,10/10/25 12:04 PM,10/10/25 12:13 PM,9 minutes and 30 seconds,Mayra Luna
Tink-a-Tako - Potranco,Norma Vasquez,301,2,Prep,,10/10/25 12:04 PM,10/10/25 12:13 PM,9 minutes and 30 seconds,Mayra Luna
Tink-a-Tako - Potranco,Norma Vasquez,301,2,,2,10/10/25 12:13 PM,10/10/25 12:14 PM,34 seconds,Mayra Luna
Tink-a-Tako - Potranco,Silvia Hernandez,304,36,Lobby,,10/10/25 12:05 PM,10/10/25 12:14 PM,8 minutes and 28 seconds,Mayra Luna
Tink-a-Tako - Potranco,Esperansa Caviedes,303,35,Lobby,,10/10/25 12:05 PM,10/10/25 12:15 PM,10 minutes and 8 seconds,Mayra Luna
Tink-a-Tako - Potranco,Esperansa Caviedes,303,35,,2,10/10/25 12:15 PM,10/10/25 12:15 PM,23 seconds,Mayra Luna
Tink-a-Tako - Potranco,Silvia Hernandez,304,36,,2,10/10/25 12:14 PM,10/10/25 12:15 PM,1 minute and 30 seconds,Mayra Luna
Tink-a-Tako - Potranco,Candy  Del angel ,308,,Lobby,,10/10/25 12:12 PM,10/10/25 12:16 PM,4 minutes and 4 seconds,Mayra Luna
Tink-a-Tako - Potranco,Rosa Compean,305,22,Lobby,,10/10/25 12:07 PM,10/10/25 12:17 PM,10 minutes and 19 seconds,Mayra Luna
Tink-a-Tako - Potranco,Norma Vasquez,310,9,Lobby,,10/10/25 12:16 PM,10/10/25 12:17 PM,1 minute and 18 seconds,Mayra Luna
Tink-a-Tako - Potranco,Candy  Del angel ,292,,Lobby,,10/10/25 12:10 PM,10/10/25 12:18 PM,7 minutes and 5 seconds,Mayra Luna
Tink-a-Tako - Potranco,Silvia Hernandez,306,32,Lobby,,10/10/25 12:09 PM,10/10/25 12:18 PM,9 minutes and 28 seconds,Mayra Luna
Tink-a-Tako - Potranco,Candy  Del angel ,311,,Lobby,,10/10/25 12:19 PM,10/10/25 12:22 PM,2 minutes and 55 seconds,Mayra Luna
Tink-a-Tako - Potranco,Candy  Del angel ,307,,Lobby,,10/10/25 12:12 PM,10/10/25 12:22 PM,9 minutes and 45 seconds,Mayra Luna
Tink-a-Tako - Potranco,Candy  Del angel ,316,,Lobby,,10/10/25 12:25 PM,10/10/25 12:31 PM,5 minutes and 34 seconds,Mayra Luna
Tink-a-Tako - Potranco,Candy  Del angel ,312,,Lobby,,10/10/25 12:22 PM,10/10/25 12:31 PM,8 minutes and 46 seconds,Mayra Luna
Tink-a-Tako - Potranco,Candy  Del angel ,315,,Lobby,,10/10/25 12:24 PM,10/10/25 12:33 PM,8 minutes and 45 seconds,Mayra Luna
Tink-a-Tako - Potranco,Candy  Del angel ,312,,Lobby,,10/10/25 12:26 PM,10/10/25 12:34 PM,8 minutes and 15 seconds,Mayra Luna
Tink-a-Tako - Potranco,Silvia Hernandez,306,32,,2,10/10/25 12:18 PM,10/10/25 12:34 PM,15 minutes and 57 seconds,Mayra Luna
Tink-a-Tako - Potranco,Norma Vasquez,314,10,Lobby,,10/10/25 12:24 PM,10/10/25 12:35 PM,11 minutes and 24 seconds,Mayra Luna
Tink-a-Tako - Potranco,Norma Vasquez,314,10,Tortillero,,10/10/25 12:24 PM,10/10/25 12:35 PM,11 minutes and 24 seconds,Mayra Luna
Tink-a-Tako - Potranco,Norma Vasquez,310,9,Lobby,,10/10/25 12:25 PM,10/10/25 12:35 PM,10 minutes and 35 seconds,Mayra Luna
Tink-a-Tako - Potranco,Norma Vasquez,310,9,Prep,,10/10/25 12:25 PM,10/10/25 12:35 PM,10 minutes and 35 seconds,Mayra Luna
Tink-a-Tako - Potranco,Norma Vasquez,310,9,Tortillero,,10/10/25 12:25 PM,10/10/25 12:35 PM,10 minutes and 35 seconds,Mayra Luna
Tink-a-Tako - Potranco,Rosie  ORDONEZ,324,37,Prep,,10/10/25 12:35 PM,10/10/25 12:35 PM,11 seconds,Mayra Luna
Tink-a-Tako - Potranco,Rosie  ORDONEZ,324,37,Lobby,,10/10/25 12:35 PM,10/10/25 12:35 PM,11 seconds,Mayra Luna
Tink-a-Tako - Potranco,Rosie  ORDONEZ,324,37,Tortillero,,10/10/25 12:35 PM,10/10/25 12:35 PM,11 seconds,Mayra Luna
Tink-a-Tako - Potranco,Candy  Del angel ,317,,Lobby,,10/10/25 12:27 PM,10/10/25 12:37 PM,9 minutes and 15 seconds,Mayra Luna
Tink-a-Tako - Potranco,Norma Vasquez,310,9,,2,10/10/25 12:35 PM,10/10/25 12:38 PM,2 minutes and 46 seconds,Mayra Luna
Tink-a-Tako - Potranco,Norma Vasquez,314,10,,2,10/10/25 12:35 PM,10/10/25 12:38 PM,2 minutes and 48 seconds,Mayra Luna
Tink-a-Tako - Potranco,Rosa Compean,305,22,,2,10/10/25 12:17 PM,10/10/25 12:38 PM,21 minutes and 3 seconds,Mayra Luna
Tink-a-Tako - Potranco,Norma Vasquez,310,9,,2,10/10/25 12:17 PM,10/10/25 12:38 PM,21 minutes and 2 seconds,Mayra Luna
Tink-a-Tako - Potranco,Candy  Del angel ,319,,Lobby,,10/10/25 12:32 PM,10/10/25 12:38 PM,6 minutes and 28 seconds,Mayra Luna
Tink-a-Tako - Potranco,Candy  Del angel ,318,,Lobby,,10/10/25 12:29 PM,10/10/25 12:42 PM,13 minutes and 16 seconds,Mayra Luna
Tink-a-Tako - Potranco,Candy  Del angel ,322,,Lobby,,10/10/25 12:34 PM,10/10/25 12:43 PM,8 minutes and 33 seconds,Mayra Luna
Tink-a-Tako - Potranco,Esperansa Caviedes,325,24,Lobby,,10/10/25 12:39 PM,10/10/25 12:43 PM,4 minutes and 33 seconds,Mayra Luna
Tink-a-Tako - Potranco,Esperansa Caviedes,325,24,Prep,,10/10/25 12:39 PM,10/10/25 12:43 PM,4 minutes and 33 seconds,Mayra Luna
Tink-a-Tako - Potranco,Esperansa Caviedes,325,24,Tortillero,,10/10/25 12:39 PM,10/10/25 12:43 PM,4 minutes and 33 seconds,Mayra Luna
Tink-a-Tako - Potranco,Norma Vasquez,310,9,Lobby,,10/10/25 12:38 PM,10/10/25 12:43 PM,5 minutes and 32 seconds,Mayra Luna
Tink-a-Tako - Potranco,Candy  Del angel ,326,,Lobby,,10/10/25 12:38 PM,10/10/25 12:45 PM,6 minutes and 17 seconds,Mayra Luna
Tink-a-Tako - Potranco,Candy  Del angel ,329,,Lobby,,10/10/25 12:46 PM,10/10/25 12:51 PM,4 minutes and 42 seconds,Mayra Luna
Tink-a-Tako - Potranco,Candy  Del angel ,327,,Lobby,,10/10/25 12:45 PM,10/10/25 12:53 PM,8 minutes and 8 seconds,Mayra Luna
Tink-a-Tako - Potranco,Lizeth Alonso,331,,Lobby,,10/10/25 12:50 PM,10/10/25 12:55 PM,5 minutes and 50 seconds,Mayra Luna
Tink-a-Tako - Potranco,Rosa Compean,328,23,Lobby,,10/10/25 12:47 PM,10/10/25 12:59 PM,12 minutes and 31 seconds,Mayra Luna
Tink-a-Tako - Potranco,Rosa Compean,328,23,Prep,,10/10/25 12:47 PM,10/10/25 12:59 PM,12 minutes and 31 seconds,Mayra Luna
Tink-a-Tako - Potranco,Rosa Compean,328,23,Tortillero,,10/10/25 12:47 PM,10/10/25 12:59 PM,12 minutes and 31 seconds,Mayra Luna
Tink-a-Tako - Potranco,Lizeth Alonso,334,,Lobby,,10/10/25 12:55 PM,10/10/25 1:00 PM,5 minutes and 50 seconds,Mayra Luna
Tink-a-Tako - Potranco,Rosa Compean,328,23,,2,10/10/25 12:59 PM,10/10/25 1:01 PM,1 minute and 13 seconds,Mayra Luna
Tink-a-Tako - Potranco,Norma Vasquez,310,9,,2,10/10/25 12:43 PM,10/10/25 1:01 PM,17 minutes and 9 seconds,Mayra Luna
Tink-a-Tako - Potranco,Rosie  ORDONEZ,324,37,,2,10/10/25 12:35 PM,10/10/25 1:01 PM,25 minutes and 22 seconds,Mayra Luna
Tink-a-Tako - Potranco,Esperansa Caviedes,325,24,,2,10/10/25 12:43 PM,10/10/25 1:01 PM,17 minutes and 20 seconds,Mayra Luna
Tink-a-Tako - Potranco,Esperansa Caviedes,335,7,Lobby,,10/10/25 12:52 PM,10/10/25 1:02 PM,9 minutes and 29 seconds,Mayra Luna
Tink-a-Tako - Potranco,Esperansa Caviedes,335,7,Prep,,10/10/25 12:52 PM,10/10/25 1:02 PM,9 minutes and 29 seconds,Mayra Luna
Tink-a-Tako - Potranco,Lizeth Alonso,338,,Lobby,,10/10/25 12:59 PM,10/10/25 1:02 PM,3 minutes and 5 seconds,Mayra Luna
Tink-a-Tako - Potranco,Lizeth Alonso,336,,Lobby,,10/10/25 12:56 PM,10/10/25 1:03 PM,7 minutes and 17 seconds,Mayra Luna
Tink-a-Tako - Potranco,Silvia Hernandez,333,25,Lobby,,10/10/25 12:52 PM,10/10/25 1:04 PM,12 minutes and 17 seconds,Mayra Luna
Tink-a-Tako - Potranco,Lizeth Alonso,338,,Lobby,,10/10/25 1:00 PM,10/10/25 1:05 PM,4 minutes and 28 seconds,Mayra Luna
Tink-a-Tako - Potranco,Lizeth Alonso,332,,Lobby,,10/10/25 12:51 PM,10/10/25 1:05 PM,13 minutes and 49 seconds,Mayra Luna
Tink-a-Tako - Potranco,Rosa Compean,340,20,Prep,,10/10/25 1:02 PM,10/10/25 1:07 PM,5 minutes and 19 seconds,Mayra Luna
Tink-a-Tako - Potranco,Rosa Compean,340,20,Lobby,,10/10/25 1:02 PM,10/10/25 1:07 PM,5 minutes and 19 seconds,Mayra Luna
Tink-a-Tako - Potranco,Lizeth Alonso,339,,Lobby,,10/10/25 1:07 PM,10/10/25 1:11 PM,3 minutes and 33 seconds,Mayra Luna
Tink-a-Tako - Potranco,Maria Majana,330,,Lobby,,10/10/25 1:07 PM,10/10/25 1:14 PM,6 minutes and 16 seconds,Mayra Luna
Tink-a-Tako - Potranco,Maria Majana,330,,,2,10/10/25 1:14 PM,10/10/25 1:14 PM,44 seconds,Mayra Luna
Tink-a-Tako - Potranco,Esperansa Caviedes,335,7,,2,10/10/25 1:02 PM,10/10/25 1:14 PM,12 minutes and 43 seconds,Mayra Luna
Tink-a-Tako - Potranco,Silvia Hernandez,333,25,,2,10/10/25 1:04 PM,10/10/25 1:14 PM,10 minutes and 19 seconds,Mayra Luna
Tink-a-Tako - Potranco,Rosa Compean,340,20,,2,10/10/25 1:07 PM,10/10/25 1:14 PM,7 minutes and 5 seconds,Mayra Luna
Tink-a-Tako - Potranco,Lizeth Alonso,338,,Lobby,,10/10/25 1:14 PM,10/10/25 1:16 PM,2 minutes and 18 seconds,Mayra Luna
Tink-a-Tako - Potranco,Esperansa Caviedes,341,17,Lobby,,10/10/25 1:09 PM,10/10/25 1:17 PM,8 minutes and 35 seconds,Mayra Luna
Tink-a-Tako - Potranco,Lizeth Alonso,343,,Lobby,,10/10/25 1:12 PM,10/10/25 1:20 PM,7 minutes and 23 seconds,Mayra Luna
Tink-a-Tako - Potranco,Lizeth Alonso,347,,Lobby,,10/10/25 1:18 PM,10/10/25 1:20 PM,1 minute and 36 seconds,Mayra Luna
Tink-a-Tako - Potranco,Lizeth Alonso,342,,Lobby,,10/10/25 1:10 PM,10/10/25 1:22 PM,11 minutes and 22 seconds,Mayra Luna
Tink-a-Tako - Potranco,Silvia Hernandez,344,36,Prep,,10/10/25 1:12 PM,10/10/25 1:24 PM,12 minutes and 20 seconds,Mayra Luna
Tink-a-Tako - Potranco,Silvia Hernandez,344,36,Lobby,,10/10/25 1:12 PM,10/10/25 1:24 PM,12 minutes and 20 seconds,Mayra Luna
Tink-a-Tako - Potranco,Silvia Hernandez,344,36,Tortillero,,10/10/25 1:12 PM,10/10/25 1:24 PM,12 minutes and 20 seconds,Mayra Luna
Tink-a-Tako - Potranco,Esperansa Caviedes,345,38,Lobby,,10/10/25 1:16 PM,10/10/25 1:24 PM,8 minutes and 12 seconds,Mayra Luna
Tink-a-Tako - Potranco,Silvia Hernandez,346,18,Lobby,,10/10/25 1:18 PM,10/10/25 1:24 PM,6 minutes and 15 seconds,Mayra Luna
Tink-a-Tako - Potranco,Rosa Compean,348,33,Lobby,,10/10/25 1:21 PM,10/10/25 1:30 PM,9 minutes and 11 seconds,Mayra Luna
Tink-a-Tako - Potranco,Rosa Compean,350,31,Lobby,,10/10/25 1:26 PM,10/10/25 1:32 PM,6 minutes and 25 seconds,Mayra Luna
Tink-a-Tako - Potranco,Rosa Compean,349,3,Prep,,10/10/25 1:25 PM,10/10/25 1:33 PM,8 minutes and 25 seconds,Mayra Luna
Tink-a-Tako - Potranco,Rosa Compean,349,3,Lobby,,10/10/25 1:25 PM,10/10/25 1:33 PM,8 minutes and 25 seconds,Mayra Luna
Tink-a-Tako - Potranco,Rosa Compean,349,3,Tortillero,,10/10/25 1:25 PM,10/10/25 1:33 PM,8 minutes and 25 seconds,Mayra Luna
Tink-a-Tako - Potranco,Silvia Hernandez,344,36,,2,10/10/25 1:24 PM,10/10/25 1:34 PM,9 minutes and 10 seconds,Mayra Luna
Tink-a-Tako - Potranco,Esperansa Caviedes,341,17,,2,10/10/25 1:17 PM,10/10/25 1:34 PM,16 minutes and 21 seconds,Mayra Luna
Tink-a-Tako - Potranco,Rosa Compean,348,33,,2,10/10/25 1:30 PM,10/10/25 1:34 PM,3 minutes and 19 seconds,Mayra Luna
Tink-a-Tako - Potranco,Esperansa Caviedes,345,38,,2,10/10/25 1:24 PM,10/10/25 1:34 PM,9 minutes and 10 seconds,Mayra Luna
Tink-a-Tako - Potranco,Rosa Compean,349,3,,2,10/10/25 1:33 PM,10/10/25 1:34 PM,33 seconds,Mayra Luna
Tink-a-Tako - Potranco,Silvia Hernandez,346,18,,2,10/10/25 1:24 PM,10/10/25 1:34 PM,9 minutes and 10 seconds,Mayra Luna
Tink-a-Tako - Potranco,Rosa Compean,350,31,,2,10/10/25 1:32 PM,10/10/25 1:34 PM,1 minute and 21 seconds,Mayra Luna
Tink-a-Tako - Potranco,Lizeth Alonso,353,,Lobby,,10/10/25 1:32 PM,10/10/25 1:36 PM,4 minutes and 38 seconds,Mayra Luna
Tink-a-Tako - Potranco,Lizeth Alonso,354,,Lobby,,10/10/25 1:35 PM,10/10/25 1:40 PM,4 minutes and 6 seconds,Mayra Luna
Tink-a-Tako - Potranco,Esperansa Caviedes,352,21,Lobby,,10/10/25 1:27 PM,10/10/25 1:41 PM,14 minutes and 23 seconds,Mayra Luna
Tink-a-Tako - Potranco,Maria Majana,355,,Lobby,,10/10/25 1:36 PM,10/10/25 1:51 PM,15 minutes and 26 seconds,Mayra Luna
Tink-a-Tako - Potranco,Lizeth Alonso,360,,Tortillero,,10/10/25 1:47 PM,10/10/25 1:56 PM,9 minutes and 18 seconds,Mayra Luna
Tink-a-Tako - Potranco,Lizeth Alonso,360,,Lobby,,10/10/25 1:47 PM,10/10/25 1:56 PM,9 minutes and 18 seconds,Mayra Luna
Tink-a-Tako - Potranco,Lizeth Alonso,360,,Prep,,10/10/25 1:47 PM,10/10/25 1:56 PM,9 minutes and 18 seconds,Mayra Luna
Tink-a-Tako - Potranco,Rosa Compean,349,3,Lobby,,10/10/25 1:48 PM,10/10/25 1:57 PM,9 minutes and 2 seconds,Mayra Luna
Tink-a-Tako - Potranco,Maria Majana,362,,Lobby,,10/10/25 1:53 PM,10/10/25 2:00 PM,6 minutes and 40 seconds,Mayra Luna
Tink-a-Tako - Potranco,Maria Majana,355,,,2,10/10/25 1:51 PM,10/10/25 2:01 PM,9 minutes and 58 seconds,Mayra Luna
Tink-a-Tako - Potranco,Maria Majana,362,,,2,10/10/25 2:00 PM,10/10/25 2:01 PM,1 minute,Mayra Luna
Tink-a-Tako - Potranco,Rosa Compean,349,3,,2,10/10/25 1:57 PM,10/10/25 2:01 PM,3 minutes and 54 seconds,Mayra Luna
Tink-a-Tako - Potranco,Esperansa Caviedes,352,21,,2,10/10/25 1:41 PM,10/10/25 2:01 PM,19 minutes and 43 seconds,Mayra Luna
Tink-a-Tako - Potranco,Esperansa Caviedes,357,34,Lobby,,10/10/25 1:47 PM,10/10/25 2:02 PM,14 minutes and 41 seconds,Mayra Luna
Tink-a-Tako - Potranco,Esperansa Caviedes,357,34,Prep,,10/10/25 1:47 PM,10/10/25 2:02 PM,14 minutes and 41 seconds,Mayra Luna
Tink-a-Tako - Potranco,Esperansa Caviedes,357,34,Tortillero,,10/10/25 1:47 PM,10/10/25 2:02 PM,14 minutes and 41 seconds,Mayra Luna
Tink-a-Tako - Potranco,Rosa Compean,365,18,Lobby,,10/10/25 1:54 PM,10/10/25 2:04 PM,9 minutes and 56 seconds,Mayra Luna
Tink-a-Tako - Potranco,Rosa Compean,363,40,Lobby,,10/10/25 1:53 PM,10/10/25 2:05 PM,12 minutes,Mayra Luna
Tink-a-Tako - Potranco,Rosa Compean,363,40,Prep,,10/10/25 1:53 PM,10/10/25 2:05 PM,12 minutes,Mayra Luna
Tink-a-Tako - Potranco,Rosa Compean,363,40,Tortillero,,10/10/25 1:53 PM,10/10/25 2:05 PM,12 minutes,Mayra Luna
Tink-a-Tako - Potranco,Lizeth Alonso,366,,Lobby,,10/10/25 2:06 PM,10/10/25 2:07 PM,1 minute and 24 seconds,Mayra Luna
Tink-a-Tako - Potranco,Lizeth Alonso,367,,Lobby,,10/10/25 2:10 PM,10/10/25 2:13 PM,3 minutes and 51 seconds,Mayra Luna
Tink-a-Tako - Potranco,Lizeth Alonso,367,,Lobby,,10/10/25 2:07 PM,10/10/25 2:13 PM,6 minutes and 3 seconds,Mayra Luna
Tink-a-Tako - Potranco,Lizeth Alonso,369,,Lobby,,10/10/25 2:18 PM,10/10/25 2:22 PM,4 minutes and 1 second,Mayra Luna
Tink-a-Tako - Potranco,Lizeth Alonso,370,,Lobby,,10/10/25 2:23 PM,10/10/25 2:25 PM,2 minutes and 4 seconds,Mayra Luna
Tink-a-Tako - Potranco,Lizeth Alonso,368,,Lobby,,10/10/25 2:18 PM,10/10/25 2:28 PM,10 minutes and 37 seconds,Mayra Luna
Tink-a-Tako - Potranco,Lizeth Alonso,368,,Prep,,10/10/25 2:18 PM,10/10/25 2:28 PM,10 minutes and 37 seconds,Mayra Luna
Tink-a-Tako - Potranco,Lizeth Alonso,368,,Tortillero,,10/10/25 2:18 PM,10/10/25 2:28 PM,10 minutes and 37 seconds,Mayra Luna
Tink-a-Tako - Potranco,Lizeth Alonso,371,,Lobby,,10/10/25 2:31 PM,10/10/25 2:36 PM,5 minutes and 21 seconds,Mayra Luna
Tink-a-Tako - Potranco,Esperansa Caviedes,357,34,,2,10/10/25 2:02 PM,10/10/25 2:47 PM,44 minutes and 50 seconds,Mayra Luna
Tink-a-Tako - Potranco,Rosa Compean,363,40,,2,10/10/25 2:05 PM,10/10/25 2:47 PM,41 minutes and 49 seconds,Mayra Luna
Tink-a-Tako - Potranco,Rosa Compean,365,18,,2,10/10/25 2:04 PM,10/10/25 2:47 PM,42 minutes and 42 seconds,Mayra Luna
Tink-a-Tako - Potranco,Isabel Cisneros,376,32,Lobby,,10/10/25 2:44 PM,10/10/25 2:49 PM,4 minutes and 40 seconds,Mayra Luna
Tink-a-Tako - Potranco,Isabel Cisneros,372,25,Lobby,,10/10/25 2:38 PM,10/10/25 2:49 PM,10 minutes and 23 seconds,Mayra Luna
Tink-a-Tako - Potranco,Lizeth Alonso,374,,Lobby,,10/10/25 2:40 PM,10/10/25 2:51 PM,11 minutes and 13 seconds,Mayra Luna
Tink-a-Tako - Potranco,Isabel Cisneros,373,24,Lobby,,10/10/25 2:39 PM,10/10/25 2:53 PM,14 minutes and 21 seconds,Mayra Luna
Tink-a-Tako - Potranco,Isabel Cisneros,373,24,Prep,,10/10/25 2:39 PM,10/10/25 2:53 PM,14 minutes and 21 seconds,Mayra Luna
Tink-a-Tako - Potranco,Isabel Cisneros,373,24,Tortillero,,10/10/25 2:39 PM,10/10/25 2:53 PM,14 minutes and 21 seconds,Mayra Luna
Tink-a-Tako - Potranco,Isabel Cisneros,377,19,Lobby,,10/10/25 2:46 PM,10/10/25 2:55 PM,8 minutes and 30 seconds,Mayra Luna
Tink-a-Tako - Potranco,Isabel Cisneros,376,32,Lobby,,10/10/25 2:49 PM,10/10/25 2:55 PM,6 minutes and 1 second,Mayra Luna
Tink-a-Tako - Potranco,Lizeth Alonso,378,,Lobby,,10/10/25 2:55 PM,10/10/25 3:00 PM,4 minutes and 47 seconds,Mayra Luna
Tink-a-Tako - Potranco,Isabel Cisneros,380,33,Lobby,,10/10/25 2:56 PM,10/10/25 3:03 PM,6 minutes and 33 seconds,Mayra Luna
Tink-a-Tako - Potranco,Lizeth Alonso,379,,Tortillero,,10/10/25 3:03 PM,10/10/25 3:14 PM,11 minutes and 16 seconds,Mayra Luna
Tink-a-Tako - Potranco,Lizeth Alonso,379,,Lobby,,10/10/25 3:03 PM,10/10/25 3:14 PM,11 minutes and 16 seconds,Mayra Luna
Tink-a-Tako - Potranco,Lizeth Alonso,381,,Lobby,,10/10/25 3:05 PM,10/10/25 3:14 PM,9 minutes and 17 seconds,Mayra Luna
Tink-a-Tako - Potranco,Lizeth Alonso,382,,Lobby,,10/10/25 3:06 PM,10/10/25 3:14 PM,8 minutes and 44 seconds,Mayra Luna
Tink-a-Tako - Potranco,Lizeth Alonso,383,,Lobby,,10/10/25 3:08 PM,10/10/25 3:15 PM,7 minutes and 38 seconds,Mayra Luna
Tink-a-Tako - Potranco,Lizeth Alonso,384,,Tortillero,,10/10/25 3:11 PM,10/10/25 3:20 PM,9 minutes and 39 seconds,Mayra Luna
Tink-a-Tako - Potranco,Lizeth Alonso,384,,Lobby,,10/10/25 3:11 PM,10/10/25 3:20 PM,9 minutes and 39 seconds,Mayra Luna
Tink-a-Tako - Potranco,Melissa Urena,385,25,Lobby,,10/10/25 3:20 PM,10/10/25 3:23 PM,2 minutes and 24 seconds,Mayra Luna
Tink-a-Tako - Potranco,Melissa Urena,385,25,Tortillero,,10/10/25 3:20 PM,10/10/25 3:23 PM,2 minutes and 24 seconds,Mayra Luna
Tink-a-Tako - Potranco,Melissa Urena,385,25,Lobby,,10/10/25 3:20 PM,10/10/25 3:23 PM,2 minutes and 41 seconds,Mayra Luna
Tink-a-Tako - Potranco,Melissa Urena,385,25,Prep,,10/10/25 3:20 PM,10/10/25 3:23 PM,2 minutes and 41 seconds,Mayra Luna
Tink-a-Tako - Potranco,Melissa Urena,385,25,Tortillero,,10/10/25 3:20 PM,10/10/25 3:23 PM,2 minutes and 41 seconds,Mayra Luna
Tink-a-Tako - Potranco,Isabel Cisneros,386,7,Lobby,,10/10/25 3:22 PM,10/10/25 3:32 PM,9 minutes and 21 seconds,Mayra Luna
Tink-a-Tako - Potranco,Lizeth Alonso,387,,Lobby,,10/10/25 3:29 PM,10/10/25 3:35 PM,5 minutes and 48 seconds,Mayra Luna
Tink-a-Tako - Potranco,Melissa Urena,389,4,Lobby,,10/10/25 3:33 PM,10/10/25 3:39 PM,5 minutes and 58 seconds,Mayra Luna
Tink-a-Tako - Potranco,Lizeth Alonso,390,,Lobby,,10/10/25 3:41 PM,10/10/25 3:45 PM,3 minutes and 55 seconds,Mayra Luna
Tink-a-Tako - Potranco,Melissa Urena,388,37,Lobby,,10/10/25 3:31 PM,10/10/25 3:45 PM,13 minutes and 32 seconds,Mayra Luna
Tink-a-Tako - Potranco,Melissa Urena,388,37,Prep,,10/10/25 3:31 PM,10/10/25 3:45 PM,13 minutes and 32 seconds,Mayra Luna
Tink-a-Tako - Potranco,Melissa Urena,388,37,Tortillero,,10/10/25 3:31 PM,10/10/25 3:45 PM,13 minutes and 32 seconds,Mayra Luna
Tink-a-Tako - Potranco,Isabel Cisneros,373,24,,2,10/10/25 2:53 PM,10/10/25 3:48 PM,55 minutes,Mayra Luna
Tink-a-Tako - Potranco,Isabel Cisneros,377,19,,2,10/10/25 2:55 PM,10/10/25 3:48 PM,53 minutes and 10 seconds,Mayra Luna
Tink-a-Tako - Potranco,Isabel Cisneros,372,25,,2,10/10/25 2:49 PM,10/10/25 3:48 PM,59 minutes and 29 seconds,Mayra Luna
Tink-a-Tako - Potranco,Isabel Cisneros,376,32,,2,10/10/25 2:49 PM,10/10/25 3:48 PM,59 minutes and 32 seconds,Mayra Luna
Tink-a-Tako - Potranco,Isabel Cisneros,376,32,,2,10/10/25 2:55 PM,10/10/25 3:48 PM,53 minutes and 10 seconds,Mayra Luna
Tink-a-Tako - Potranco,Isabel Cisneros,380,33,,2,10/10/25 3:03 PM,10/10/25 3:48 PM,45 minutes and 20 seconds,Mayra Luna
Tink-a-Tako - Potranco,Isabel Cisneros,386,7,,2,10/10/25 3:32 PM,10/10/25 3:48 PM,16 minutes and 43 seconds,Mayra Luna
Tink-a-Tako - Potranco,Melissa Urena,389,4,,2,10/10/25 3:39 PM,10/10/25 3:48 PM,9 minutes and 27 seconds,Mayra Luna
Tink-a-Tako - Potranco,Melissa Urena,385,25,,2,10/10/25 3:23 PM,10/10/25 3:48 PM,25 minutes and 19 seconds,Mayra Luna
Tink-a-Tako - Potranco,Melissa Urena,385,25,,2,10/10/25 3:23 PM,10/10/25 3:48 PM,25 minutes and 20 seconds,Mayra Luna
Tink-a-Tako - Potranco,Melissa Urena,388,37,,2,10/10/25 3:45 PM,10/10/25 3:48 PM,3 minutes and 27 seconds,Mayra Luna
Tink-a-Tako - Potranco,Isabel Cisneros,392,18,Prep,,10/10/25 3:48 PM,10/10/25 3:51 PM,3 minutes and 12 seconds,Mayra Luna
Tink-a-Tako - Potranco,Isabel Cisneros,392,18,Lobby,,10/10/25 3:48 PM,10/10/25 3:51 PM,3 minutes and 12 seconds,Mayra Luna
Tink-a-Tako - Potranco,Lizeth Alonso,391,,Lobby,,10/10/25 3:48 PM,10/10/25 3:55 PM,7 minutes and 20 seconds,Mayra Luna
Tink-a-Tako - Potranco,Melissa Urena,393,33,Lobby,,10/10/25 3:50 PM,10/10/25 3:56 PM,6 minutes and 45 seconds,Mayra Luna
Tink-a-Tako - Potranco,Melissa Urena,393,33,Prep,,10/10/25 3:50 PM,10/10/25 3:56 PM,6 minutes and 45 seconds,Mayra Luna
Tink-a-Tako - Potranco,Lizeth Alonso,394,,Tortillero,,10/10/25 3:50 PM,10/10/25 3:57 PM,7 minutes and 6 seconds,Mayra Luna
Tink-a-Tako - Potranco,Lizeth Alonso,394,,Lobby,,10/10/25 3:50 PM,10/10/25 3:57 PM,7 minutes and 6 seconds,Mayra Luna
Tink-a-Tako - Potranco,Lizeth Alonso,394,,Prep,,10/10/25 3:50 PM,10/10/25 3:57 PM,7 minutes and 6 seconds,Mayra Luna
Tink-a-Tako - Potranco,Melissa Urena,395,,Lobby,,10/10/25 3:54 PM,10/10/25 3:58 PM,3 minutes and 39 seconds,Mayra Luna
Tink-a-Tako - Potranco,Melissa Urena,395,,Prep,,10/10/25 3:54 PM,10/10/25 3:58 PM,3 minutes and 39 seconds,Mayra Luna
Tink-a-Tako - Potranco,Isabel Cisneros,396,17,Prep,,10/10/25 3:59 PM,10/10/25 4:07 PM,8 minutes and 6 seconds,Mayra Luna
Tink-a-Tako - Potranco,Isabel Cisneros,396,17,Lobby,,10/10/25 3:59 PM,10/10/25 4:07 PM,8 minutes and 6 seconds,Mayra Luna
Tink-a-Tako - Potranco,Lizeth Alonso,397,,Lobby,,10/10/25 3:59 PM,10/10/25 4:07 PM,7 minutes and 59 seconds,Mayra Luna
Tink-a-Tako - Potranco,Melissa Urena,393,33,Lobby,,10/10/25 4:09 PM,10/10/25 4:12 PM,2 minutes and 43 seconds,Mayra Luna
Tink-a-Tako - Potranco,Melissa Urena,389,4,Lobby,,10/10/25 4:08 PM,10/10/25 4:12 PM,4 minutes and 20 seconds,Mayra Luna
Tink-a-Tako - Potranco,Lizeth Alonso,398,,Lobby,,10/10/25 4:13 PM,10/10/25 4:14 PM,53 seconds,Mayra Luna
Tink-a-Tako - Potranco,Melissa Urena,389,4,Lobby,,10/10/25 4:16 PM,10/10/25 4:21 PM,5 minutes,Mayra Luna
Tink-a-Tako - Potranco,Melissa Urena,389,4,Lobby,,10/10/25 4:15 PM,10/10/25 4:21 PM,5 minutes and 10 seconds,Mayra Luna
Tink-a-Tako - Potranco,Melissa Urena,402,32,Lobby,,10/10/25 4:23 PM,10/10/25 4:25 PM,2 minutes and 22 seconds,Mayra Luna
Tink-a-Tako - Potranco,Lizeth Alonso,375,,Lobby,,10/10/25 4:19 PM,10/10/25 4:26 PM,6 minutes and 55 seconds,Mayra Luna
Tink-a-Tako - Potranco,Lizeth Alonso,399,,Lobby,,10/10/25 4:20 PM,10/10/25 4:26 PM,5 minutes and 51 seconds,Mayra Luna
Tink-a-Tako - Potranco,Lizeth Alonso,403,,Lobby,,10/10/25 4:30 PM,10/10/25 4:34 PM,3 minutes and 52 seconds,Mayra Luna
Tink-a-Tako - Potranco,Lizeth Alonso,401,,Lobby,,10/10/25 4:23 PM,10/10/25 4:34 PM,10 minutes and 39 seconds,Mayra Luna
Tink-a-Tako - Potranco,Lizeth Alonso,401,,Tortillero,,10/10/25 4:23 PM,10/10/25 4:34 PM,10 minutes and 39 seconds,Mayra Luna
Tink-a-Tako - Potranco,Lizeth Alonso,404,,Lobby,,10/10/25 4:31 PM,10/10/25 4:38 PM,6 minutes and 46 seconds,Mayra Luna
Tink-a-Tako - Potranco,Lizeth Alonso,406,,Lobby,,10/10/25 4:43 PM,10/10/25 4:49 PM,6 minutes and 30 seconds,Mayra Luna
Tink-a-Tako - Potranco,Melissa Urena,389,4,Lobby,,10/10/25 4:43 PM,10/10/25 4:50 PM,6 minutes and 59 seconds,Mayra Luna
Tink-a-Tako - Potranco,Isabel Cisneros,408,34,Lobby,,10/10/25 4:46 PM,10/10/25 4:55 PM,9 minutes and 8 seconds,Mayra Luna
Tink-a-Tako - Potranco,Melissa Urena,402,32,,2,10/10/25 4:25 PM,10/10/25 4:57 PM,31 minutes and 39 seconds,Mayra Luna
Tink-a-Tako - Potranco,Melissa Urena,389,4,,2,10/10/25 4:50 PM,10/10/25 4:57 PM,6 minutes and 43 seconds,Mayra Luna
Tink-a-Tako - Potranco,Isabel Cisneros,408,34,,2,10/10/25 4:55 PM,10/10/25 4:57 PM,2 minutes and 2 seconds,Mayra Luna
Tink-a-Tako - Potranco,Melissa Urena,389,4,,2,10/10/25 4:21 PM,10/10/25 4:57 PM,36 minutes and 32 seconds,Mayra Luna
Tink-a-Tako - Potranco,Melissa Urena,389,4,,2,10/10/25 4:21 PM,10/10/25 4:57 PM,36 minutes and 32 seconds,Mayra Luna
Tink-a-Tako - Potranco,Melissa Urena,393,33,,2,10/10/25 4:12 PM,10/10/25 4:57 PM,44 minutes and 57 seconds,Mayra Luna
Tink-a-Tako - Potranco,Melissa Urena,389,4,,2,10/10/25 4:12 PM,10/10/25 4:57 PM,44 minutes and 58 seconds,Mayra Luna
Tink-a-Tako - Potranco,Isabel Cisneros,396,17,,2,10/10/25 4:07 PM,10/10/25 4:57 PM,50 minutes and 8 seconds,Mayra Luna
Tink-a-Tako - Potranco,Isabel Cisneros,392,18,,2,10/10/25 3:51 PM,10/10/25 4:57 PM,"1 hour, 6 minutes and 8 seconds",Mayra Luna
Tink-a-Tako - Potranco,Melissa Urena,395,,,2,10/10/25 3:58 PM,10/10/25 4:57 PM,59 minutes and 15 seconds,Mayra Luna
Tink-a-Tako - Potranco,Melissa Urena,393,33,,2,10/10/25 3:56 PM,10/10/25 4:57 PM,1 hour and 53 seconds,Mayra Luna
Tink-a-Tako - Potranco,Lizeth Alonso,409,,Lobby,,10/10/25 4:51 PM,10/10/25 4:58 PM,6 minutes and 25 seconds,Mayra Luna
Tink-a-Tako - Potranco,Isabel Cisneros,408,34,Lobby,,10/10/25 4:51 PM,10/10/25 5:01 PM,10 minutes and 24 seconds,Mayra Luna
Tink-a-Tako - Potranco,Lizeth Alonso,410,,Lobby,,10/10/25 5:04 PM,10/10/25 5:07 PM,2 minutes and 49 seconds,Mayra Luna
Tink-a-Tako - Potranco,Melissa Urena,389,4,Lobby,,10/10/25 5:08 PM,10/10/25 5:15 PM,7 minutes and 7 seconds,Mayra Luna
Tink-a-Tako - Potranco,Melissa Urena,414,23,Lobby,,10/10/25 5:11 PM,10/10/25 5:15 PM,4 minutes and 40 seconds,Mayra Luna
Tink-a-Tako - Potranco,Isabel Cisneros,413,24,Lobby,,10/10/25 5:07 PM,10/10/25 5:15 PM,8 minutes and 23 seconds,Mayra Luna
Tink-a-Tako - Potranco,Isabel Cisneros,413,24,Prep,,10/10/25 5:07 PM,10/10/25 5:15 PM,8 minutes and 23 seconds,Mayra Luna
Tink-a-Tako - Potranco,Lizeth Alonso,411,,Lobby,,10/10/25 5:05 PM,10/10/25 5:16 PM,11 minutes and 10 seconds,Mayra Luna
Tink-a-Tako - Potranco,Melissa Urena,414,23,Lobby,,10/10/25 5:08 PM,10/10/25 5:20 PM,12 minutes and 8 seconds,Mayra Luna
Tink-a-Tako - Potranco,Melissa Urena,416,,Lobby,,10/10/25 5:21 PM,10/10/25 5:21 PM,51 seconds,Mayra Luna
Tink-a-Tako - Potranco,Lizeth Alonso,417,,Lobby,,10/10/25 5:24 PM,10/10/25 5:36 PM,11 minutes and 58 seconds,Mayra Luna
Tink-a-Tako - Potranco,Lizeth Alonso,420,,Lobby,,10/10/25 5:25 PM,10/10/25 5:36 PM,11 minutes and 4 seconds,Mayra Luna
Tink-a-Tako - Potranco,Isabel Cisneros,418,32,Lobby,,10/10/25 5:23 PM,10/10/25 5:36 PM,12 minutes and 46 seconds,Mayra Luna
Tink-a-Tako - Potranco,Isabel Cisneros,419,2,Lobby,,10/10/25 5:23 PM,10/10/25 5:36 PM,12 minutes and 31 seconds,Mayra Luna
Tink-a-Tako - Potranco,Isabel Cisneros,423,17,Lobby,,10/10/25 5:31 PM,10/10/25 5:38 PM,6 minutes and 31 seconds,Mayra Luna
Tink-a-Tako - Potranco,Melissa Urena,422,22,Lobby,,10/10/25 5:29 PM,10/10/25 5:38 PM,8 minutes and 56 seconds,Mayra Luna
Tink-a-Tako - Potranco,Lizeth Alonso,424,,Lobby,,10/10/25 5:37 PM,10/10/25 5:43 PM,5 minutes and 8 seconds,Mayra Luna
Tink-a-Tako - Potranco,Melissa Urena,425,10,Prep,,10/10/25 5:38 PM,10/10/25 5:46 PM,8 minutes and 17 seconds,Mayra Luna
Tink-a-Tako - Potranco,Melissa Urena,425,10,Lobby,,10/10/25 5:38 PM,10/10/25 5:46 PM,8 minutes and 17 seconds,Mayra Luna
Tink-a-Tako - Potranco,Melissa Urena,425,10,Tortillero,,10/10/25 5:38 PM,10/10/25 5:46 PM,8 minutes and 17 seconds,Mayra Luna
Tink-a-Tako - Potranco,Lizeth Alonso,428,,Lobby,,10/10/25 5:43 PM,10/10/25 5:50 PM,7 minutes and 18 seconds,Mayra Luna
Tink-a-Tako - Potranco,Melissa Urena,421,37,Lobby,,10/10/25 5:37 PM,10/10/25 5:51 PM,14 minutes and 39 seconds,Mayra Luna
Tink-a-Tako - Potranco,Isabel Cisneros,419,2,,2,10/10/25 5:36 PM,10/10/25 5:56 PM,20 minutes and 2 seconds,Mayra Luna
Tink-a-Tako - Potranco,Isabel Cisneros,418,32,,2,10/10/25 5:36 PM,10/10/25 5:56 PM,20 minutes and 3 seconds,Mayra Luna
Tink-a-Tako - Potranco,Melissa Urena,421,37,,2,10/10/25 5:51 PM,10/10/25 5:56 PM,4 minutes and 38 seconds,Mayra Luna
Tink-a-Tako - Potranco,Melissa Urena,425,10,,2,10/10/25 5:46 PM,10/10/25 5:56 PM,9 minutes and 49 seconds,Mayra Luna
Tink-a-Tako - Potranco,Melissa Urena,422,22,,2,10/10/25 5:38 PM,10/10/25 6:03 PM,25 minutes and 15 seconds,Mayra Luna
Tink-a-Tako - Potranco,Isabel Cisneros,423,17,,2,10/10/25 5:38 PM,10/10/25 6:03 PM,25 minutes and 32 seconds,Mayra Luna
Tink-a-Tako - Potranco,Melissa Urena,414,23,,2,10/10/25 5:20 PM,10/10/25 6:03 PM,43 minutes and 7 seconds,Mayra Luna
Tink-a-Tako - Potranco,Melissa Urena,389,4,,2,10/10/25 5:15 PM,10/10/25 6:03 PM,47 minutes and 49 seconds,Mayra Luna
Tink-a-Tako - Potranco,Isabel Cisneros,408,34,,2,10/10/25 5:01 PM,10/10/25 6:03 PM,"1 hour, 2 minutes and 15 seconds",Mayra Luna
Tink-a-Tako - Potranco,Melissa Urena,414,23,,2,10/10/25 5:15 PM,10/10/25 6:03 PM,47 minutes and 49 seconds,Mayra Luna
Tink-a-Tako - Potranco,Isabel Cisneros,413,24,,2,10/10/25 5:15 PM,10/10/25 6:03 PM,47 minutes and 50 seconds,Mayra Luna
Tink-a-Tako - Potranco,Melissa Urena,416,,,2,10/10/25 5:21 PM,10/10/25 6:03 PM,41 minutes and 48 seconds,Mayra Luna
Tink-a-Tako - Potranco,Melissa Urena,431,9,Prep,,10/10/25 5:54 PM,10/10/25 6:05 PM,10 minutes and 54 seconds,Mayra Luna
Tink-a-Tako - Potranco,Melissa Urena,431,9,Lobby,,10/10/25 5:54 PM,10/10/25 6:05 PM,10 minutes and 54 seconds,Mayra Luna
Tink-a-Tako - Potranco,Melissa Urena,431,9,Tortillero,,10/10/25 5:54 PM,10/10/25 6:05 PM,10 minutes and 54 seconds,Mayra Luna
Tink-a-Tako - Potranco,Isabel Cisneros,432,33,Lobby,,10/10/25 5:55 PM,10/10/25 6:05 PM,10 minutes and 25 seconds,Mayra Luna
Tink-a-Tako - Potranco,Lizeth Alonso,433,,Tortillero,,10/10/25 5:56 PM,10/10/25 6:05 PM,9 minutes and 29 seconds,Mayra Luna
Tink-a-Tako - Potranco,Lizeth Alonso,433,,Lobby,,10/10/25 5:56 PM,10/10/25 6:05 PM,9 minutes and 29 seconds,Mayra Luna
Tink-a-Tako - Potranco,Lizeth Alonso,433,,Prep,,10/10/25 5:56 PM,10/10/25 6:05 PM,9 minutes and 29 seconds,Mayra Luna
Tink-a-Tako - Potranco,Lizeth Alonso,437,,Lobby,,10/10/25 6:02 PM,10/10/25 6:10 PM,8 minutes and 9 seconds,Mayra Luna
Tink-a-Tako - Potranco,Isabel Cisneros,434,,Lobby,,10/10/25 6:04 PM,10/10/25 6:10 PM,5 minutes and 44 seconds,Mayra Luna
Tink-a-Tako - Potranco,Isabel Cisneros,436,31,Lobby,,10/10/25 6:01 PM,10/10/25 6:15 PM,14 minutes and 10 seconds,Mayra Luna
Tink-a-Tako - Potranco,Melissa Urena,435,12,Lobby,,10/10/25 6:04 PM,10/10/25 6:15 PM,11 minutes and 38 seconds,Mayra Luna
Tink-a-Tako - Potranco,Melissa Urena,440,7,Prep,,10/10/25 6:09 PM,10/10/25 6:15 PM,5 minutes and 58 seconds,Mayra Luna
Tink-a-Tako - Potranco,Melissa Urena,440,7,Lobby,,10/10/25 6:09 PM,10/10/25 6:15 PM,5 minutes and 58 seconds,Mayra Luna
Tink-a-Tako - Potranco,Melissa Urena,440,7,Tortillero,,10/10/25 6:09 PM,10/10/25 6:15 PM,5 minutes and 58 seconds,Mayra Luna
Tink-a-Tako - Potranco,Lizeth Alonso,443,,Lobby,,10/10/25 6:13 PM,10/10/25 6:17 PM,3 minutes and 28 seconds,Mayra Luna
Tink-a-Tako - Potranco,Isabel Cisneros,441,39,Lobby,,10/10/25 6:10 PM,10/10/25 6:17 PM,6 minutes and 36 seconds,Mayra Luna
Tink-a-Tako - Potranco,Lizeth Alonso,442,,Lobby,,10/10/25 6:13 PM,10/10/25 6:20 PM,7 minutes and 5 seconds,Mayra Luna
Tink-a-Tako - Potranco,Isabel Cisneros,430,40,Prep,,10/10/25 6:19 PM,10/10/25 6:24 PM,4 minutes and 26 seconds,Mayra Luna
Tink-a-Tako - Potranco,Isabel Cisneros,430,40,Lobby,,10/10/25 6:19 PM,10/10/25 6:24 PM,4 minutes and 26 seconds,Mayra Luna
Tink-a-Tako - Potranco,Isabel Cisneros,432,33,Lobby,,10/10/25 6:19 PM,10/10/25 6:24 PM,4 minutes and 21 seconds,Mayra Luna
Tink-a-Tako - Potranco,Melissa Urena,445,8,Prep,,10/10/25 6:21 PM,10/10/25 6:25 PM,4 minutes and 2 seconds,Mayra Luna
Tink-a-Tako - Potranco,Melissa Urena,445,8,Lobby,,10/10/25 6:21 PM,10/10/25 6:25 PM,4 minutes and 2 seconds,Mayra Luna
Tink-a-Tako - Potranco,Melissa Urena,445,8,Tortillero,,10/10/25 6:21 PM,10/10/25 6:25 PM,4 minutes and 2 seconds,Mayra Luna
Tink-a-Tako - Potranco,Melissa Urena,435,12,,2,10/10/25 6:15 PM,10/10/25 6:29 PM,13 minutes and 14 seconds,Mayra Luna
Tink-a-Tako - Potranco,Isabel Cisneros,434,,,2,10/10/25 6:10 PM,10/10/25 6:29 PM,18 minutes and 44 seconds,Mayra Luna
Tink-a-Tako - Potranco,Melissa Urena,440,7,,2,10/10/25 6:15 PM,10/10/25 6:29 PM,13 minutes and 14 seconds,Mayra Luna
Tink-a-Tako - Potranco,Isabel Cisneros,441,39,,2,10/10/25 6:17 PM,10/10/25 6:29 PM,12 minutes and 1 second,Mayra Luna
Tink-a-Tako - Potranco,Isabel Cisneros,436,31,,2,10/10/25 6:15 PM,10/10/25 6:29 PM,13 minutes and 19 seconds,Mayra Luna
Tink-a-Tako - Potranco,Isabel Cisneros,430,40,,2,10/10/25 6:24 PM,10/10/25 6:29 PM,4 minutes and 50 seconds,Mayra Luna
Tink-a-Tako - Potranco,Isabel Cisneros,432,33,,2,10/10/25 6:24 PM,10/10/25 6:29 PM,4 minutes and 47 seconds,Mayra Luna
Tink-a-Tako - Potranco,Isabel Cisneros,432,33,,2,10/10/25 6:05 PM,10/10/25 6:29 PM,23 minutes and 36 seconds,Mayra Luna
Tink-a-Tako - Potranco,Melissa Urena,431,9,,2,10/10/25 6:05 PM,10/10/25 6:29 PM,23 minutes and 38 seconds,Mayra Luna
Tink-a-Tako - Potranco,Lizeth Alonso,447,,Lobby,,10/10/25 6:29 PM,10/10/25 6:34 PM,5 minutes and 7 seconds,Mayra Luna
Tink-a-Tako - Potranco,Isabel Cisneros,446,25,Lobby,,10/10/25 6:23 PM,10/10/25 6:34 PM,10 minutes and 56 seconds,Mayra Luna
Tink-a-Tako - Potranco,Melissa Urena,445,8,Lobby,,10/10/25 6:20 PM,10/10/25 6:34 PM,13 minutes and 52 seconds,Mayra Luna
Tink-a-Tako - Potranco,Lizeth Alonso,447,,Lobby,,10/10/25 6:28 PM,10/10/25 6:38 PM,9 minutes and 9 seconds,Mayra Luna
Tink-a-Tako - Potranco,Lizeth Alonso,448,,Lobby,,10/10/25 6:37 PM,10/10/25 6:41 PM,3 minutes and 54 seconds,Mayra Luna
Tink-a-Tako - Potranco,Melissa Urena,445,8,Lobby,,10/10/25 6:34 PM,10/10/25 6:41 PM,7 minutes and 42 seconds,Mayra Luna
Tink-a-Tako - Potranco,Melissa Urena,445,8,,2,10/10/25 6:34 PM,10/10/25 6:49 PM,14 minutes and 34 seconds,Mayra Luna
Tink-a-Tako - Potranco,Melissa Urena,445,8,,2,10/10/25 6:25 PM,10/10/25 6:49 PM,23 minutes and 56 seconds,Mayra Luna
Tink-a-Tako - Potranco,Melissa Urena,445,8,,2,10/10/25 6:41 PM,10/10/25 6:49 PM,7 minutes and 20 seconds,Mayra Luna
Tink-a-Tako - Potranco,Isabel Cisneros,446,25,,2,10/10/25 6:34 PM,10/10/25 6:49 PM,14 minutes and 36 seconds,Mayra Luna
Tink-a-Tako - Potranco,Lizeth Alonso,449,,Lobby,,10/10/25 6:44 PM,10/10/25 6:50 PM,5 minutes and 54 seconds,Mayra Luna
Tink-a-Tako - Potranco,Isabel Cisneros,446,25,Lobby,,10/10/25 6:44 PM,10/10/25 6:54 PM,10 minutes and 27 seconds,Mayra Luna
Tink-a-Tako - Potranco,Isabel Cisneros,450,24,Prep,,10/10/25 6:47 PM,10/10/25 6:54 PM,7 minutes and 48 seconds,Mayra Luna
Tink-a-Tako - Potranco,Isabel Cisneros,450,24,Lobby,,10/10/25 6:47 PM,10/10/25 6:54 PM,7 minutes and 48 seconds,Mayra Luna
Tink-a-Tako - Potranco,Isabel Cisneros,450,24,Tortillero,,10/10/25 6:47 PM,10/10/25 6:54 PM,7 minutes and 48 seconds,Mayra Luna
Tink-a-Tako - Potranco,Lizeth Alonso,451,,Lobby,,10/10/25 7:00 PM,10/10/25 7:10 PM,10 minutes and 11 seconds,Mayra Luna
Tink-a-Tako - Potranco,Lizeth Alonso,453,,Lobby,,10/10/25 7:07 PM,10/10/25 7:12 PM,4 minutes and 51 seconds,Mayra Luna
Tink-a-Tako - Potranco,Melissa Urena,452,32,Prep,,10/10/25 7:06 PM,10/10/25 7:12 PM,6 minutes and 16 seconds,Mayra Luna
Tink-a-Tako - Potranco,Melissa Urena,452,32,Lobby,,10/10/25 7:06 PM,10/10/25 7:12 PM,6 minutes and 16 seconds,Mayra Luna
Tink-a-Tako - Potranco,Melissa Urena,452,32,Tortillero,,10/10/25 7:06 PM,10/10/25 7:12 PM,6 minutes and 16 seconds,Mayra Luna
Tink-a-Tako - Potranco,Lizeth Alonso,455,,Lobby,,10/10/25 7:20 PM,10/10/25 7:25 PM,5 minutes and 2 seconds,Mayra Luna
Tink-a-Tako - Potranco,Isabel Cisneros,454,31,Lobby,,10/10/25 7:16 PM,10/10/25 7:27 PM,11 minutes and 34 seconds,Mayra Luna
Tink-a-Tako - Potranco,Isabel Cisneros,454,31,Prep,,10/10/25 7:16 PM,10/10/25 7:27 PM,11 minutes and 34 seconds,Mayra Luna
Tink-a-Tako - Potranco,Isabel Cisneros,454,31,Tortillero,,10/10/25 7:16 PM,10/10/25 7:27 PM,11 minutes and 34 seconds,Mayra Luna
Tink-a-Tako - Potranco,Lizeth Alonso,456,,Lobby,,10/10/25 7:24 PM,10/10/25 7:30 PM,5 minutes and 45 seconds,Mayra Luna
Tink-a-Tako - Potranco,Isabel Cisneros,457,35,Lobby,,10/10/25 7:26 PM,10/10/25 7:33 PM,6 minutes and 51 seconds,Mayra Luna
Tink-a-Tako - Potranco,Isabel Cisneros,457,35,Prep,,10/10/25 7:26 PM,10/10/25 7:33 PM,6 minutes and 51 seconds,Mayra Luna
Tink-a-Tako - Potranco,Isabel Cisneros,457,35,Tortillero,,10/10/25 7:26 PM,10/10/25 7:33 PM,6 minutes and 51 seconds,Mayra Luna
Tink-a-Tako - Potranco,Lizeth Alonso,458,,Lobby,,10/10/25 7:28 PM,10/10/25 7:34 PM,6 minutes and 3 seconds,Mayra Luna
Tink-a-Tako - Potranco,Isabel Cisneros,454,31,Lobby,,10/10/25 7:31 PM,10/10/25 7:36 PM,4 minutes and 41 seconds,Mayra Luna
Tink-a-Tako - Potranco,Lizeth Alonso,459,,Lobby,,10/10/25 7:29 PM,10/10/25 7:39 PM,10 minutes and 21 seconds,Mayra Luna
Tink-a-Tako - Potranco,Lizeth Alonso,462,,Tortillero,,10/10/25 7:34 PM,10/10/25 7:39 PM,5 minutes and 21 seconds,Mayra Luna
Tink-a-Tako - Potranco,Lizeth Alonso,462,,Lobby,,10/10/25 7:34 PM,10/10/25 7:39 PM,5 minutes and 21 seconds,Mayra Luna
Tink-a-Tako - Potranco,Lizeth Alonso,462,,Prep,,10/10/25 7:34 PM,10/10/25 7:39 PM,5 minutes and 21 seconds,Mayra Luna
Tink-a-Tako - Potranco,Melissa Urena,464,9,Prep,,10/10/25 7:37 PM,10/10/25 7:40 PM,3 minutes and 36 seconds,Mayra Luna
Tink-a-Tako - Potranco,Melissa Urena,464,9,Lobby,,10/10/25 7:37 PM,10/10/25 7:40 PM,3 minutes and 36 seconds,Mayra Luna
Tink-a-Tako - Potranco,Isabel Cisneros,463,25,Lobby,,10/10/25 7:35 PM,10/10/25 7:40 PM,5 minutes and 16 seconds,Mayra Luna
Tink-a-Tako - Potranco,Isabel Cisneros,463,25,Tortillero,,10/10/25 7:35 PM,10/10/25 7:40 PM,5 minutes and 16 seconds,Mayra Luna
Tink-a-Tako - Potranco,Melissa Urena,464,9,,2,10/10/25 7:40 PM,10/10/25 7:47 PM,6 minutes and 41 seconds,Mayra Luna
Tink-a-Tako - Potranco,Isabel Cisneros,463,25,,2,10/10/25 7:40 PM,10/10/25 7:47 PM,6 minutes and 41 seconds,Mayra Luna
Tink-a-Tako - Potranco,Isabel Cisneros,457,35,,2,10/10/25 7:33 PM,10/10/25 7:47 PM,14 minutes and 20 seconds,Mayra Luna
Tink-a-Tako - Potranco,Isabel Cisneros,454,31,,2,10/10/25 7:36 PM,10/10/25 7:47 PM,11 minutes and 22 seconds,Mayra Luna
Tink-a-Tako - Potranco,Isabel Cisneros,454,31,,2,10/10/25 7:27 PM,10/10/25 7:47 PM,19 minutes and 40 seconds,Mayra Luna
Tink-a-Tako - Potranco,Lizeth Alonso,456,,,2,10/10/25 7:30 PM,10/10/25 7:47 PM,17 minutes and 29 seconds,Mayra Luna
Tink-a-Tako - Potranco,Isabel Cisneros,450,24,,2,10/10/25 6:54 PM,10/10/25 7:47 PM,52 minutes and 39 seconds,Mayra Luna
Tink-a-Tako - Potranco,Isabel Cisneros,446,25,,2,10/10/25 6:54 PM,10/10/25 7:47 PM,52 minutes and 40 seconds,Mayra Luna
Tink-a-Tako - Potranco,Melissa Urena,452,32,,2,10/10/25 7:12 PM,10/10/25 7:47 PM,34 minutes and 42 seconds,Mayra Luna
Tink-a-Tako - Potranco,Lizeth Alonso,467,,Lobby,,10/10/25 7:47 PM,10/10/25 7:50 PM,3 minutes and 18 seconds,Mayra Luna
Tink-a-Tako - Potranco,Melissa Urena,469,,Tortillero,,10/10/25 7:50 PM,10/10/25 7:53 PM,3 minutes and 26 seconds,Mayra Luna
Tink-a-Tako - Potranco,Melissa Urena,469,,Lobby,,10/10/25 7:50 PM,10/10/25 7:53 PM,3 minutes and 26 seconds,Mayra Luna
Tink-a-Tako - Potranco,Melissa Urena,469,,Prep,,10/10/25 7:50 PM,10/10/25 7:53 PM,3 minutes and 26 seconds,Mayra Luna
Tink-a-Tako - Potranco,Isabel Cisneros,466,24,Lobby,,10/10/25 7:47 PM,10/10/25 7:54 PM,7 minutes and 41 seconds,Mayra Luna
Tink-a-Tako - Potranco,Melissa Urena,465,7,Lobby,,10/10/25 7:44 PM,10/10/25 7:54 PM,10 minutes and 19 seconds,Mayra Luna
Tink-a-Tako - Potranco,Melissa Urena,465,7,Tortillero,,10/10/25 7:44 PM,10/10/25 7:54 PM,10 minutes and 19 seconds,Mayra Luna
Tink-a-Tako - Potranco,Melissa Urena,470,,Lobby,,10/10/25 7:53 PM,10/10/25 7:54 PM,1 minute and 59 seconds,Mayra Luna
Tink-a-Tako - Potranco,Isabel Cisneros,454,31,Lobby,,10/10/25 7:48 PM,10/10/25 8:01 PM,12 minutes and 46 seconds,Mayra Luna
Tink-a-Tako - Potranco,Lizeth Alonso,472,,Lobby,,10/10/25 8:02 PM,10/10/25 8:07 PM,4 minutes and 54 seconds,Mayra Luna
Tink-a-Tako - Potranco,Melissa Urena,469,,,2,10/10/25 7:53 PM,10/10/25 8:07 PM,14 minutes and 7 seconds,Mayra Luna
Tink-a-Tako - Potranco,Melissa Urena,465,7,,2,10/10/25 7:54 PM,10/10/25 8:07 PM,12 minutes and 47 seconds,Mayra Luna
Tink-a-Tako - Potranco,Isabel Cisneros,454,31,,2,10/10/25 8:01 PM,10/10/25 8:07 PM,5 minutes and 50 seconds,Mayra Luna
Tink-a-Tako - Potranco,Isabel Cisneros,466,24,,2,10/10/25 7:54 PM,10/10/25 8:07 PM,12 minutes and 45 seconds,Mayra Luna
Tink-a-Tako - Potranco,Melissa Urena,470,,,2,10/10/25 7:54 PM,10/10/25 8:07 PM,12 minutes and 39 seconds,Mayra Luna
Tink-a-Tako - Potranco,Isabel Cisneros,463,25,Lobby,,10/10/25 8:00 PM,10/10/25 8:12 PM,12 minutes and 10 seconds,Mayra Luna
Tink-a-Tako - Potranco,Lizeth Alonso,471,,Lobby,,10/10/25 8:01 PM,10/10/25 8:18 PM,16 minutes and 56 seconds,Mayra Luna
Tink-a-Tako - Potranco,Melissa Urena,474,33,Lobby,,10/10/25 8:17 PM,10/10/25 8:20 PM,3 minutes and 30 seconds,Mayra Luna
Tink-a-Tako - Potranco,Melissa Urena,474,33,Lobby,,10/10/25 8:16 PM,10/10/25 8:21 PM,4 minutes and 27 seconds,Mayra Luna
Tink-a-Tako - Potranco,Isabel Cisneros,473,32,Prep,,10/10/25 8:12 PM,10/10/25 8:28 PM,16 minutes and 38 seconds,Mayra Luna
Tink-a-Tako - Potranco,Isabel Cisneros,473,32,Lobby,,10/10/25 8:12 PM,10/10/25 8:28 PM,16 minutes and 38 seconds,Mayra Luna
Tink-a-Tako - Potranco,Isabel Cisneros,473,32,Tortillero,,10/10/25 8:12 PM,10/10/25 8:28 PM,16 minutes and 38 seconds,Mayra Luna
Tink-a-Tako - Potranco,Lizeth Alonso,476,,Lobby,,10/10/25 8:34 PM,10/10/25 8:34 PM,12 seconds,Mayra Luna
Tink-a-Tako - Potranco,Lizeth Alonso,475,,Lobby,,10/10/25 8:18 PM,10/10/25 8:34 PM,15 minutes and 32 seconds,Mayra Luna
Tink-a-Tako - Potranco,Isabel Cisneros,477,,Tortillero,,10/10/25 8:45 PM,10/10/25 8:57 PM,12 minutes and 16 seconds,Mayra Luna
Tink-a-Tako - Potranco,Isabel Cisneros,477,,Lobby,,10/10/25 8:45 PM,10/10/25 8:57 PM,12 minutes and 16 seconds,Mayra Luna
Tink-a-Tako - Potranco,Isabel Cisneros,477,,Prep,,10/10/25 8:45 PM,10/10/25 8:57 PM,12 minutes and 16 seconds,Mayra Luna
Tink-a-Tako - Potranco,Lizeth Alonso,478,,Lobby,,10/10/25 8:54 PM,10/10/25 8:57 PM,3 minutes and 9 seconds,Mayra Luna
Tink-a-Tako - Potranco,Isabel Cisneros,430,40,Lobby,,10/10/25 9:13 PM,10/10/25 9:16 PM,2 minutes and 49 seconds,Mayra Luna
Tink-a-Tako - Potranco,Lizeth Alonso,480,,Lobby,,10/10/25 9:16 PM,10/10/25 9:21 PM,4 minutes and 56 seconds,Mayra Luna
Tink-a-Tako - Potranco,Isabel Cisneros,479,,Lobby,,10/10/25 9:15 PM,10/10/25 9:22 PM,7 minutes and 12 seconds,Mayra Luna
Tink-a-Tako - Potranco,Lizeth Alonso,481,,Lobby,,10/10/25 9:19 PM,10/10/25 9:25 PM,6 minutes and 45 seconds,Mayra Luna
Tink-a-Tako - Potranco,Lizeth Alonso,482,,Lobby,,10/10/25 9:22 PM,10/10/25 9:28 PM,5 minutes and 35 seconds,Mayra Luna
Tink-a-Tako - Potranco,Lizeth Alonso,483,,Lobby,,10/10/25 9:32 PM,10/10/25 9:45 PM,12 minutes and 54 seconds,Mayra Luna
Tink-a-Tako - Potranco,Lizeth Alonso,484,,Lobby,,10/10/25 9:44 PM,10/10/25 9:46 PM,1 minute and 31 seconds,Mayra Luna
Tink-a-Tako - Potranco,Isabel Cisneros,477,,,2,10/10/25 8:57 PM,10/10/25 10:10 PM,"1 hour, 12 minutes and 42 seconds",Mayra Luna
Tink-a-Tako - Potranco,Isabel Cisneros,430,40,,2,10/10/25 9:16 PM,10/10/25 10:10 PM,53 minutes and 59 seconds,Mayra Luna
Tink-a-Tako - Potranco,Isabel Cisneros,479,,,2,10/10/25 9:22 PM,10/10/25 10:10 PM,47 minutes and 52 seconds,Mayra Luna
Tink-a-Tako - Potranco,Melissa Urena,474,33,,2,10/10/25 8:20 PM,10/10/25 10:10 PM,"1 hour, 49 minutes and 49 seconds",Mayra Luna
Tink-a-Tako - Potranco,Melissa Urena,474,33,,2,10/10/25 8:21 PM,10/10/25 10:10 PM,"1 hour, 49 minutes and 3 seconds",Mayra Luna
Tink-a-Tako - Potranco,Isabel Cisneros,463,25,,2,10/10/25 8:12 PM,10/10/25 10:10 PM,"1 hour, 57 minutes and 32 seconds",Mayra Luna
Tink-a-Tako - Potranco,Isabel Cisneros,473,32,,2,10/10/25 8:28 PM,10/10/25 10:10 PM,"1 hour, 41 minutes and 33 seconds",Mayra Luna
