Employee,Job Title,Regular Hours,Overtime Hours,Hourly Rate,Regular Pay,Overtime Pay,Total Pay,Net Sales,Declared Tips,Non-Cash Tips,Total Tips,Tips Withheld,Total Gratuity,Employee ID,Job Code,Location,Location Code
"Alonso, Lizeth",Host,9.33,0.0,13.00,121.29,0.00,121.29,1194.29,,25.00,25.00,0.00,0.00,,,Tink-a-Tako - Potranco,
"Alvarado, Rodolfo",Cook,8.33,0.0,17.00,141.61,0.00,141.61,0.00,,0.00,0.00,0.00,0.00,,,Tink-a-Tako - Potranco,
"Aviles, Genaro",Cook,0.0,9.35,15.00,0.00,210.38,210.38,0.00,,0.00,0.00,0.00,0.00,,,Tink-a-Tako - Potranco,
"Brito, Victor ",Regular,7.3,0.0,12.00,87.60,0.00,87.60,0.00,,0.00,0.00,0.00,0.00,,,Tink-a-Tako - Potranco,
"Calderon, Jesus",Cook,7.93,0.0,,,,,0.00,,0.00,0.00,0.00,0.00,,,Tink-a-Tako - Potranco,
"Caviedes, Esperansa",Server,6.99,0.0,3.00,20.97,0.00,20.97,608.07,,78.17,78.17,0.00,13.53,,,Tink-a-Tako - Potranco,
"Cisneros, Isabel",Server,8.09,0.0,3.00,24.27,0.00,24.27,1016.02,,115.67,115.67,0.00,0.00,,,Tink-a-Tako - Potranco,
"Compean, Rosa",Server,7.06,0.0,3.00,21.18,0.00,21.18,758.10,,63.59,63.59,0.00,0.00,,,Tink-a-Tako - Potranco,
"Del angel , Candy ",Drive-Thru,6.82,0.0,15.00,102.30,0.00,102.30,1892.91,,63.00,63.00,0.00,0.00,,,Tink-a-Tako - Potranco,
"Diaz, Diego",Cook,8.53,0.0,,,,,0.00,,0.00,0.00,0.00,0.00,,,Tink-a-Tako - Potranco,
"Dominguez, Jose ",Cook,8.3,0.0,17.00,141.10,0.00,141.10,0.00,,0.00,0.00,0.00,0.00,,,Tink-a-Tako - Potranco,
"Gonzales (Line) , Maria",Cook,7.52,0.0,14.00,105.28,0.00,105.28,0.00,,0.00,0.00,0.00,0.00,,,Tink-a-Tako - Potranco,
"Hernandez, Silvia",Server,6.04,0.0,3.00,18.12,0.00,18.12,415.85,,49.64,49.64,0.00,0.00,,,Tink-a-Tako - Potranco,
"Juarez, Maria ",Dishwasher,8.14,0.0,12.00,97.68,0.00,97.68,0.00,,0.00,0.00,0.00,0.00,,,Tink-a-Tako - Potranco,
"Luna, Mayra",Shift Manager / Assistant Manager,8.2,0.0,,,,,0.00,,0.00,0.00,0.00,0.00,1919,,Tink-a-Tako - Potranco,
"Majana, Maria",Host,6.08,0.0,14.00,85.12,0.00,85.12,285.76,,16.00,16.00,0.00,0.00,,,Tink-a-Tako - Potranco,
"ORDONEZ, Rosie ",Shift Manager / Assistant Manager,8.49,0.0,,,,,11.14,,0.00,0.00,0.00,0.00,,,Tink-a-Tako - Potranco,
"Rueda, Jonathan",Busser,7.7,0.0,12.00,92.40,0.00,92.40,0.00,,0.00,0.00,0.00,0.00,,,Tink-a-Tako - Potranco,
"Serrato, Joshua ",Busser,5.02,0.0,12.00,60.24,0.00,60.24,0.00,,0.00,0.00,0.00,0.00,,,Tink-a-Tako - Potranco,
"Trevino, Melissa",Dishwasher,8.09,0.0,13.00,105.17,0.00,105.17,0.00,,0.00,0.00,0.00,0.00,,,Tink-a-Tako - Potranco,
"Urena, Melissa",Server,7.66,0.0,3.00,22.98,0.00,22.98,602.81,,89.22,89.22,0.00,0.00,,,Tink-a-Tako - Potranco,
"Vasquez, Norma",Server,7.4,0.0,5.00,37.00,0.00,37.00,918.26,,101.51,101.51,0.00,27.56,,,Tink-a-Tako - Potranco,
"Zuniga, Sebastian",Cook,8.12,0.0,15.00,121.80,0.00,121.80,0.00,,0.00,0.00,0.00,0.00,,,Tink-a-Tako - Potranco,
"huerta, Arturo ",Dishwasher,6.28,0.0,12.00,75.36,0.00,75.36,0.00,,0.00,0.00,0.00,0.00,,,Tink-a-Tako - Potranco,
