,Location,Employee,Job Title,In Date,Shift Closed Date,Out Date,Hours,Cash Tips Decl.,Cash on Hand,Cash in Drawer,Non-Cash Tips,Cash Gratuity,Non-Cash Gratuity,Tips Withheld,Non-Cash Sales,Cash Sales,Total Sales,Cash Collected?,Tips Paid?,Open,Paid,Closed,Tip Share Total
800000030567598806,Tink-a-Tako - Potranco,Norma Vasquez,Server,10/10/25 6:11 AM,10/10/25 1:11 PM,10/10/25 1:35 PM,7.40,,265.67,0.00,101.51,6.89,20.67,0.00,735.12,258.78,993.90,yes,yes,0,0,38,0.00
800000030567678545,Tink-a-Tako - Potranco,Rosie  ORDONEZ,Shift Manager / Assistant Manager,10/10/25 6:23 AM,10/10/25 2:07 PM,10/10/25 2:52 PM,8.49,,12.06,0.00,0.00,0.00,0.00,0.00,0.00,12.06,12.06,yes,yes,0,0,2,0.00
800000030567697159,Tink-a-Tako - Potranco,Candy  Del angel ,Drive-Thru,10/10/25 6:25 AM,10/10/25 12:58 PM,10/10/25 1:14 PM,6.82,,0.00,309.31,63.00,0.00,0.00,0.00,1739.62,309.31,2048.93,yes,yes,0,0,159,0.00
800000030568547150,Tink-a-Tako - Potranco,Esperansa Caviedes,Server,10/10/25 7:30 AM,10/10/25 2:29 PM,10/10/25 2:29 PM,6.99,,166.97,0.00,78.17,13.53,0.00,0.00,504.72,153.44,658.16,yes,yes,0,0,26,0.00
800000030568821191,Tink-a-Tako - Potranco,Rosa Compean,Server,10/10/25 7:45 AM,10/10/25 2:48 PM,10/10/25 2:48 PM,7.06,,210.16,0.00,63.59,0.00,0.00,0.00,610.34,210.16,820.50,yes,yes,0,0,32,0.00
800000030568909490,Tink-a-Tako - Potranco,Silvia Hernandez,Server,10/10/25 7:49 AM,10/10/25 1:51 PM,10/10/25 1:52 PM,6.04,,56.84,0.00,49.64,0.00,0.00,0.00,393.32,56.84,450.16,yes,yes,0,0,20,0.00
800000030569147093,Tink-a-Tako - Potranco,Maria Majana,Host,10/10/25 8:01 AM,10/10/25 2:06 PM,10/10/25 2:06 PM,6.08,,0.00,90.76,16.00,0.00,0.00,0.00,218.50,90.76,309.26,yes,yes,0,0,21,0.00
800000030579042355,Tink-a-Tako - Potranco,Lizeth Alonso,Host,10/10/25 12:47 PM,10/10/25 10:03 PM,10/10/25 10:07 PM,9.33,,0.00,378.82,25.00,0.00,0.00,0.00,913.93,378.82,1292.75,yes,yes,0,0,73,0.00
800000030582427556,Tink-a-Tako - Potranco,Jesus Calderon,Cook,10/10/25 2:01 PM,10/10/25 9:57 PM,10/10/25 9:57 PM,7.93,,0.00,0.00,0.00,0.00,0.00,0.00,0.00,0.00,0.00,yes,yes,0,0,0,0.00
800000030583114410,Tink-a-Tako - Potranco,Isabel Cisneros,Server,10/10/25 2:16 PM,10/10/25 10:00 PM,10/10/25 10:22 PM,8.09,,320.41,0.00,115.67,0.00,0.00,0.00,779.25,320.41,1099.66,yes,yes,0,0,29,0.00
800000030583553305,Tink-a-Tako - Potranco,Mayra Luna,Shift Manager / Assistant Manager,10/10/25 2:26 PM,10/10/25 10:38 PM,10/10/25 10:38 PM,8.20,,0.00,0.00,0.00,0.00,0.00,0.00,0.00,0.00,0.00,yes,yes,0,0,0,0.00
800000030584295099,Tink-a-Tako - Potranco,Jonathan Rueda,Busser,10/10/25 2:44 PM,10/10/25 10:26 PM,10/10/25 10:26 PM,7.70,,0.00,0.00,0.00,0.00,0.00,0.00,0.00,0.00,0.00,yes,yes,0,0,0,0.00
800000030584420901,Tink-a-Tako - Potranco,Melissa Urena,Server,10/10/25 2:47 PM,10/10/25 10:00 PM,10/10/25 10:27 PM,7.66,,68.38,0.00,89.22,0.00,0.00,0.00,584.04,68.38,652.42,yes,yes,0,0,24,0.00
