Location,Order #,Opened Date,Server,Table,Discount Name,Discount Reason,Comment,Discount Amount
Sandra's Cuisine - Potranco - 12060 Potranco Road,366,10/18/25 8:28 PM,Carlos Morales,,Open % Check,,,1.20
Sandra's Cuisine - Potranco - 12060 Potranco Road,361,10/18/25 8:07 PM,Carlos Morales,,Open % Check,,,3.20
Sandra's Cuisine - Potranco - 12060 Potranco Road,351,10/18/25 7:36 PM,Carlos Morales,,Birthday Rewards,,,5.00
Sandra's Cuisine - Potranco - 12060 Potranco Road,346,10/18/25 6:59 PM,Fernanda  Loera,1,Reward Dollars,,,7.85
Sandra's Cuisine - Potranco - 12060 Potranco Road,332,10/18/25 6:15 PM,Emanuel Sanchez,15,Open % Item,,,1.40
Sandra's Cuisine - Potranco - 12060 Potranco Road,332,10/18/25 6:15 PM,Emanuel Sanchez,15,Reward Dollars,,,6.10
Sandra's Cuisine - Potranco - 12060 Potranco Road,332,10/18/25 6:15 PM,Emanuel Sanchez,15,Open % Item,,,1.40
Sandra's Cuisine - Potranco - 12060 Potranco Road,314,10/18/25 3:24 PM,Melissa  Urena,,Open % Check,,,19.57
Sandra's Cuisine - Potranco - 12060 Potranco Road,313,10/18/25 3:23 PM,Melissa  Urena,18,Open % Item,,,2.00
Sandra's Cuisine - Potranco - 12060 Potranco Road,255,10/18/25 12:56 PM,Lisa Velasquez,37,Reward Dollars,,,12.60
Sandra's Cuisine - Potranco - 12060 Potranco Road,240,10/18/25 12:20 PM,Melissa  Urena,,Open % Item,,,0.48
Sandra's Cuisine - Potranco - 12060 Potranco Road,240,10/18/25 12:20 PM,Melissa  Urena,,Open % Item,,,0.46
Sandra's Cuisine - Potranco - 12060 Potranco Road,233,10/18/25 12:10 PM,Melissa  Urena,,Open % Item,,,0.50
Sandra's Cuisine - Potranco - 12060 Potranco Road,233,10/18/25 12:10 PM,Melissa  Urena,,Open % Item,,,0.70
Sandra's Cuisine - Potranco - 12060 Potranco Road,210,10/18/25 11:39 AM,Adrian Morales,1,Open % Item,,,1.20
Sandra's Cuisine - Potranco - 12060 Potranco Road,197,10/18/25 11:23 AM,Lizbeth Garcia,16,Open % Item,,,0.23
Sandra's Cuisine - Potranco - 12060 Potranco Road,197,10/18/25 11:23 AM,Lizbeth Garcia,16,Open % Item,,,0.18
Sandra's Cuisine - Potranco - 12060 Potranco Road,197,10/18/25 11:23 AM,Lizbeth Garcia,16,Open % Item,,,1.00
Sandra's Cuisine - Potranco - 12060 Potranco Road,192,10/18/25 11:22 AM,Melissa  Urena,,Reward Dollars,,,5.90
Sandra's Cuisine - Potranco - 12060 Potranco Road,179,10/18/25 11:14 AM,Sugey Cabrera,25,Open % Item,,,1.20
Sandra's Cuisine - Potranco - 12060 Potranco Road,179,10/18/25 11:14 AM,Sugey Cabrera,25,Open % Item,,,0.12
Sandra's Cuisine - Potranco - 12060 Potranco Road,179,10/18/25 11:14 AM,Sugey Cabrera,25,Open % Item,,,0.90
Sandra's Cuisine - Potranco - 12060 Potranco Road,179,10/18/25 11:14 AM,Sugey Cabrera,25,Open % Check,,,4.35
Sandra's Cuisine - Potranco - 12060 Potranco Road,179,10/18/25 11:14 AM,Sugey Cabrera,25,Open % Item,,,0.06
Sandra's Cuisine - Potranco - 12060 Potranco Road,169,10/18/25 11:01 AM,Melissa  Urena,,Reward Dollars,,,5.10
Sandra's Cuisine - Potranco - 12060 Potranco Road,99,10/18/25 9:47 AM,Sugey Cabrera,11,Employee Discount - Check,Employee Discount,Señor juan,11.98
Sandra's Cuisine - Potranco - 12060 Potranco Road,34,10/18/25 8:17 AM,Lisa Velasquez,,Open % Item,,,0.40
Sandra's Cuisine - Potranco - 12060 Potranco Road,34,10/18/25 8:17 AM,Lisa Velasquez,,Open % Item,,,0.40
Sandra's Cuisine - Potranco - 12060 Potranco Road,33,10/18/25 8:14 AM,Mia Juliet,,Open % Check,,,67.52
Sandra's Cuisine - Potranco - 12060 Potranco Road,15,10/18/25 7:34 AM,Sugey Cabrera,,Open % Item,,,1.12
Sandra's Cuisine - Potranco - 12060 Potranco Road,2,10/18/25 6:43 AM,Lizbeth Garcia,,Reward Dollars,,,5.75
