Location,Order #,Opened Date,Server,Table,Discount Name,Discount Reason,Comment,Discount Amount
Tink a Tako #9 - Blanco Rd - 2919 Blanco Rd,79,8/20/25 7:51 AM,samantha lopez,,Reward Dollars,,,6.40
Tink a Tako #9 - Blanco Rd - 2919 Blanco Rd,31,8/20/25 6:56 AM,Maria  Salazar,14,Open % Item,,,2.85
Tink a Tako #9 - Blanco Rd - 2919 Blanco Rd,31,8/20/25 6:56 AM,Maria  Salazar,14,Open % Item,,,1.84
Tink a Tako #9 - Blanco Rd - 2919 Blanco Rd,31,8/20/25 6:56 AM,Maria  Salazar,14,Open % Item,,,0.82
Tink a Tako #9 - Blanco Rd - 2919 Blanco Rd,31,8/20/25 6:56 AM,Maria  Salazar,14,Open % Item,,,0.82
Tink a Tako #9 - Blanco Rd - 2919 Blanco Rd,31,8/20/25 6:56 AM,Maria  Salazar,14,Open % Item,,,1.04
Tink a Tako #9 - Blanco Rd - 2919 Blanco Rd,31,8/20/25 6:56 AM,Maria  Salazar,14,Open % Item,,,2.70
