Location,Order #,Opened,Server,Table,Revenue Center,Discount Amount,Amount,Tax,Tip,Gratuity,Duration (Opened to Paid)
2919 Blanco Rd,1,8/20/25 6:01 AM,Maria  Salazar,,Dining Room,0.00,12.99,1.07,0.00,0.00,00:01:31
2919 Blanco Rd,3,8/20/25 6:02 AM,samantha lopez,,Drive Thru,0.00,6.73,0.55,0.00,0.00,00:06:33
2919 Blanco Rd,5,8/20/25 6:09 AM,samantha lopez,,Drive Thru,0.00,3.98,0.33,1.00,0.00,00:01:22
2919 Blanco Rd,6,8/20/25 6:10 AM,samantha lopez,,Drive Thru,0.00,5.97,0.49,0.00,0.00,00:03:46
2919 Blanco Rd,8,8/20/25 6:12 AM,samantha lopez,,Dining Room,0.00,13.44,1.11,0.00,0.00,00:02:23
2919 Blanco Rd,10,8/20/25 6:17 AM,samantha lopez,,Dining Room,0.00,20.22,1.67,0.00,0.00,00:03:36
2919 Blanco Rd,9,8/20/25 6:15 AM,samantha lopez,,Drive Thru,0.00,8.78,0.72,0.00,0.00,00:05:51
2919 Blanco Rd,11,8/20/25 6:20 AM,samantha lopez,,Dining Room,0.00,5.98,0.49,0.00,0.00,00:05:44
2919 Blanco Rd,7,8/20/25 6:10 AM,Maria  Salazar,,Dining Room,0.00,3.98,0.33,0.00,0.00,00:12:32
2919 Blanco Rd,12,8/20/25 6:23 AM,samantha lopez,,Dining Room,0.00,5.97,0.49,0.00,0.00,00:02:57
2919 Blanco Rd,13,8/20/25 6:26 AM,samantha lopez,,Drive Thru,0.00,11.12,0.91,0.00,0.00,00:03:27
2919 Blanco Rd,14,8/20/25 6:27 AM,samantha lopez,,Drive Thru,0.00,12.51,1.03,0.00,0.00,00:03:28
2919 Blanco Rd,15,8/20/25 6:30 AM,samantha lopez,,Drive Thru,0.00,3.49,0.29,0.00,0.00,00:04:22
2919 Blanco Rd,16,8/20/25 6:34 AM,samantha lopez,,Drive Thru,0.00,3.98,0.32,0.00,0.00,00:00:44
2919 Blanco Rd,18,8/20/25 6:38 AM,samantha lopez,,Dining Room,0.00,12.54,1.04,0.00,0.00,00:02:06
2919 Blanco Rd,20,8/20/25 6:38 AM,samantha lopez,,Dining Room,0.00,31.60,2.61,0.00,0.00,00:04:19
2919 Blanco Rd,21,8/20/25 6:43 AM,samantha lopez,,Drive Thru,0.00,5.97,0.49,0.00,0.00,00:03:19
2919 Blanco Rd,24,8/20/25 6:45 AM,Maria  Salazar,,Dining Room,0.00,3.98,0.32,0.00,0.00,00:00:19
2919 Blanco Rd,25,8/20/25 6:46 AM,samantha lopez,,Drive Thru,0.00,3.98,0.33,0.00,0.00,00:01:14
2919 Blanco Rd,26,8/20/25 6:46 AM,samantha lopez,,Drive Thru,0.00,7.96,0.66,0.00,0.00,00:01:16
2919 Blanco Rd,28,8/20/25 6:53 AM,samantha lopez,,Dining Room,0.00,5.28,0.44,0.00,0.00,00:03:29
2919 Blanco Rd,29,8/20/25 6:53 AM,samantha lopez,,Dining Room,0.00,2.49,0.21,0.00,0.00,00:04:45
2919 Blanco Rd,31,8/20/25 6:56 AM,Maria  Salazar,14,Dining Room,10.07,23.50,1.94,3.72,0.00,01:05:55
2919 Blanco Rd,32,8/20/25 6:57 AM,samantha lopez,,Drive Thru,0.00,2.29,0.19,0.00,0.00,00:01:58
2919 Blanco Rd,33,8/20/25 6:58 AM,samantha lopez,,Drive Thru,0.00,1.99,0.16,0.00,0.00,00:00:37
2919 Blanco Rd,35,8/20/25 7:03 AM,samantha lopez,,Dining Room,0.00,3.98,0.33,0.00,0.00,00:01:06
2919 Blanco Rd,36,8/20/25 7:03 AM,samantha lopez,,Dining Room,0.00,17.68,1.46,0.00,0.00,00:03:37
2919 Blanco Rd,37,8/20/25 7:06 AM,samantha lopez,,Drive Thru,0.00,3.98,0.33,0.00,0.00,00:04:19
2919 Blanco Rd,38,8/20/25 7:09 AM,samantha lopez,,Drive Thru,0.00,8.22,0.68,0.00,0.00,00:01:41
2919 Blanco Rd,39,8/20/25 7:10 AM,samantha lopez,,Drive Thru,0.00,3.98,0.33,0.00,0.00,00:02:27
2919 Blanco Rd,40,8/20/25 7:11 AM,samantha lopez,,Drive Thru,0.00,4.28,0.35,0.00,0.00,00:02:30
2919 Blanco Rd,44,8/20/25 7:13 AM,samantha lopez,,Dining Room,0.00,10.97,0.90,0.00,0.00,00:08:39
2919 Blanco Rd,45,8/20/25 7:13 AM,samantha lopez,,Drive Thru,0.00,13.10,1.08,0.00,0.00,00:01:25
2919 Blanco Rd,47,8/20/25 7:13 AM,samantha lopez,,Drive Thru,0.00,3.98,0.32,0.00,0.00,00:03:07
2919 Blanco Rd,43,8/20/25 7:12 AM,Maria  Salazar,,Dining Room,0.00,19.88,1.64,0.00,0.00,00:03:05
2919 Blanco Rd,49,8/20/25 7:17 AM,samantha lopez,,Drive Thru,0.00,5.97,0.49,0.00,0.00,00:00:46
2919 Blanco Rd,51,8/20/25 7:19 AM,samantha lopez,,Dining Room,0.00,7.75,0.64,0.00,0.00,00:01:19
2919 Blanco Rd,52,8/20/25 7:21 AM,samantha lopez,,Drive Thru,0.00,9.26,0.76,0.00,0.00,00:03:13
2919 Blanco Rd,53,8/20/25 7:22 AM,samantha lopez,,Drive Thru,0.00,10.72,0.88,0.00,0.00,00:03:19
2919 Blanco Rd,48,8/20/25 7:15 AM,Maria  Salazar,,Dining Room,0.00,5.28,0.44,1.00,0.00,00:07:31
2919 Blanco Rd,55,8/20/25 7:25 AM,samantha lopez,,Drive Thru,0.00,13.98,1.15,0.00,0.00,00:01:14
2919 Blanco Rd,56,8/20/25 7:26 AM,samantha lopez,,Drive Thru,0.00,2.49,0.21,0.00,0.00,00:04:24
2919 Blanco Rd,57,8/20/25 7:27 AM,samantha lopez,,Drive Thru,0.00,3.98,0.32,1.00,0.00,00:04:12
2919 Blanco Rd,59,8/20/25 7:28 AM,samantha lopez,,Drive Thru,0.00,8.56,0.70,0.00,0.00,00:03:25
2919 Blanco Rd,60,8/20/25 7:28 AM,samantha lopez,,Drive Thru,0.00,3.98,0.32,0.00,0.00,00:03:36
2919 Blanco Rd,61,8/20/25 7:29 AM,samantha lopez,,Drive Thru,0.00,6.98,0.58,2.44,0.00,00:03:44
2919 Blanco Rd,63,8/20/25 7:29 AM,Maria  Salazar,,Dining Room,0.00,6.27,0.52,0.00,0.00,00:11:31
2919 Blanco Rd,64,8/20/25 7:33 AM,samantha lopez,,Dining Room,0.00,4.68,0.38,0.00,0.00,00:01:04
2919 Blanco Rd,67,8/20/25 7:38 AM,Maria  Salazar,,Dining Room,0.00,15.42,1.27,0.00,0.00,00:00:37
2919 Blanco Rd,66,8/20/25 7:38 AM,samantha lopez,,Dining Room,0.00,15.35,1.26,0.00,0.00,00:03:11
2919 Blanco Rd,68,8/20/25 7:40 AM,samantha lopez,,Dining Room,0.00,7.43,0.61,0.00,0.00,00:31:39
2919 Blanco Rd,69,8/20/25 7:40 AM,samantha lopez,,Dining Room,0.00,9.96,0.82,0.00,0.00,00:02:20
2919 Blanco Rd,70,8/20/25 7:43 AM,samantha lopez,,Drive Thru,0.00,5.94,0.49,0.00,0.00,00:01:33
2919 Blanco Rd,71,8/20/25 7:43 AM,samantha lopez,,Drive Thru,0.00,7.96,0.66,0.00,0.00,00:01:40
2919 Blanco Rd,72,8/20/25 7:44 AM,samantha lopez,,Dining Room,0.00,3.98,0.32,0.00,0.00,00:20:47
2919 Blanco Rd,74,8/20/25 7:45 AM,samantha lopez,,Drive Thru,0.00,1.99,0.16,0.00,0.00,00:00:51
2919 Blanco Rd,76,8/20/25 7:50 AM,samantha lopez,,Dining Room,0.00,6.27,0.52,2.00,0.00,00:01:37
2919 Blanco Rd,77,8/20/25 7:50 AM,samantha lopez,,Dining Room,0.00,5.98,0.49,0.00,0.00,00:03:34
2919 Blanco Rd,79,8/20/25 7:51 AM,samantha lopez,,Drive Thru,6.40,3.85,0.31,2.00,0.00,00:03:21
2919 Blanco Rd,80,8/20/25 7:53 AM,Maria  Salazar,5,Dining Room,0.00,12.51,1.04,4.00,0.00,00:34:11
2919 Blanco Rd,81,8/20/25 7:54 AM,samantha lopez,,Drive Thru,0.00,3.98,0.33,0.00,0.00,00:02:49
2919 Blanco Rd,83,8/20/25 7:55 AM,Maria  Salazar,,Dining Room,0.00,1.99,0.16,0.00,0.00,00:10:58
2919 Blanco Rd,85,8/20/25 7:55 AM,samantha lopez,,Drive Thru,0.00,28.99,2.39,0.00,0.00,00:24:43
2919 Blanco Rd,86,8/20/25 7:57 AM,samantha lopez,,Drive Thru,0.00,3.98,0.32,0.00,0.00,00:03:27
2919 Blanco Rd,88,8/20/25 7:59 AM,Maria  Salazar,,Dining Room,0.00,6.47,0.54,0.00,0.00,00:00:12
2919 Blanco Rd,89,8/20/25 8:00 AM,samantha lopez,,Drive Thru,0.00,3.98,0.33,0.00,0.00,00:00:46
2919 Blanco Rd,91,8/20/25 8:02 AM,samantha lopez,,Drive Thru,0.00,10.37,0.85,0.00,0.00,00:01:21
2919 Blanco Rd,92,8/20/25 8:05 AM,Maria  Salazar,,Drive Thru,0.00,7.96,0.66,0.00,0.00,00:10:59
2919 Blanco Rd,93,8/20/25 8:08 AM,samantha lopez,,Dining Room,0.00,8.56,0.71,0.00,0.00,00:02:19
2919 Blanco Rd,94,8/20/25 8:08 AM,Maria  Salazar,,Dining Room,0.00,4.28,0.35,0.00,0.00,00:00:25
2919 Blanco Rd,99,8/20/25 8:13 AM,samantha lopez,,Dining Room,0.00,7.96,0.65,0.00,0.00,00:03:08
2919 Blanco Rd,104,8/20/25 8:14 AM,samantha lopez,13,Dining Room,0.00,15.42,1.27,0.00,0.00,00:03:18
2919 Blanco Rd,105,8/20/25 8:15 AM,Sami Martinez ,6,Dining Room,0.00,9.74,0.81,0.00,0.00,00:25:27
2919 Blanco Rd,106,8/20/25 8:15 AM,samantha lopez,,Dining Room,0.00,0.00,0.00,0.00,0.00,00:00:09
2919 Blanco Rd,107,8/20/25 8:17 AM,samantha lopez,,Drive Thru,0.00,4.28,0.35,1.00,0.00,00:05:00
2919 Blanco Rd,108,8/20/25 8:21 AM,Maria  Salazar,,Dining Room,0.00,1.99,0.16,0.00,0.00,01:24:48
2919 Blanco Rd,109,8/20/25 8:21 AM,Maria  Salazar,,Dining Room,0.00,11.94,0.99,0.00,0.00,00:04:04
2919 Blanco Rd,111,8/20/25 8:26 AM,samantha lopez,,Dining Room,0.00,13.72,1.13,1.00,0.00,00:03:11
2919 Blanco Rd,112,8/20/25 8:27 AM,Maria  Salazar,8,Dining Room,0.00,6.99,0.58,0.00,0.00,00:30:37
2919 Blanco Rd,113,8/20/25 8:29 AM,samantha lopez,,Drive Thru,0.00,26.27,2.15,0.00,0.00,00:02:44
2919 Blanco Rd,114,8/20/25 8:31 AM,samantha lopez,,Drive Thru,0.00,4.28,0.35,0.00,0.00,00:02:57
2919 Blanco Rd,115,8/20/25 8:32 AM,Maria  Salazar,,Dining Room,0.00,9.12,0.75,0.00,0.00,00:00:20
2919 Blanco Rd,117,8/20/25 8:40 AM,samantha lopez,,Dining Room,0.00,8.48,0.70,0.00,0.00,00:01:01
2919 Blanco Rd,118,8/20/25 8:40 AM,samantha lopez,,Drive Thru,0.00,4.99,0.41,0.00,0.00,00:01:58
2919 Blanco Rd,119,8/20/25 8:41 AM,samantha lopez,,Drive Thru,0.00,13.94,1.15,0.00,0.00,00:02:01
2919 Blanco Rd,120,8/20/25 8:45 AM,samantha lopez,,Drive Thru,0.00,3.98,0.32,0.00,0.00,00:01:11
2919 Blanco Rd,121,8/20/25 8:46 AM,Sami Martinez ,4,Dining Room,0.00,4.74,0.39,4.50,0.00,00:14:12
2919 Blanco Rd,122,8/20/25 8:53 AM,samantha lopez,,Drive Thru,0.00,18.25,1.50,0.00,0.00,00:03:04
2919 Blanco Rd,123,8/20/25 8:53 AM,samantha lopez,,Drive Thru,0.00,5.58,0.46,0.00,0.00,00:04:22
2919 Blanco Rd,124,8/20/25 8:56 AM,samantha lopez,,Drive Thru,0.00,5.98,0.50,0.00,0.00,00:01:44
2919 Blanco Rd,125,8/20/25 8:56 AM,Maria  Salazar,,Dining Room,0.00,9.93,0.82,0.00,0.00,00:01:06
2919 Blanco Rd,126,8/20/25 9:00 AM,Maria  Salazar,14,Dining Room,0.00,6.99,0.58,0.00,0.00,00:50:31
2919 Blanco Rd,128,8/20/25 9:05 AM,samantha lopez,,Dining Room,0.00,4.74,0.39,0.00,0.00,00:03:38
2919 Blanco Rd,129,8/20/25 9:06 AM,samantha lopez,,Dining Room,0.00,3.98,0.33,0.00,0.00,00:04:15
2919 Blanco Rd,130,8/20/25 9:10 AM,samantha lopez,,Drive Thru,0.00,4.98,0.41,2.00,0.00,00:01:33
2919 Blanco Rd,131,8/20/25 9:11 AM,samantha lopez,,Drive Thru,0.00,2.29,0.19,0.00,0.00,00:01:54
2919 Blanco Rd,133,8/20/25 9:20 AM,samantha lopez,,Dining Room,0.00,6.77,0.55,0.00,0.00,00:02:48
2919 Blanco Rd,134,8/20/25 9:23 AM,samantha lopez,,Drive Thru,0.00,7.93,0.66,0.00,0.00,00:01:09
2919 Blanco Rd,135,8/20/25 9:23 AM,samantha lopez,,Drive Thru,0.00,10.36,0.85,0.00,0.00,00:03:19
2919 Blanco Rd,136,8/20/25 9:24 AM,samantha lopez,,Drive Thru,0.00,7.43,0.60,0.00,0.00,00:03:34
2919 Blanco Rd,137,8/20/25 9:25 AM,samantha lopez,,Drive Thru,0.00,21.37,1.76,3.00,0.00,00:03:29
2919 Blanco Rd,139,8/20/25 9:31 AM,Sami Martinez ,19,Dining Room,0.00,23.23,1.93,0.00,0.00,00:50:55
2919 Blanco Rd,140,8/20/25 9:32 AM,Maria  Salazar,,Dining Room,0.00,5.04,0.42,0.00,0.00,00:00:28
2919 Blanco Rd,141,8/20/25 9:34 AM,samantha lopez,,Dining Room,0.00,15.97,1.30,0.00,0.00,00:03:32
2919 Blanco Rd,142,8/20/25 9:37 AM,samantha lopez,,Drive Thru,0.00,29.90,2.46,0.00,0.00,00:03:40
2919 Blanco Rd,143,8/20/25 9:39 AM,samantha lopez,,Drive Thru,0.00,1.99,0.16,0.00,0.00,00:03:28
2919 Blanco Rd,144,8/20/25 9:40 AM,samantha lopez,,Drive Thru,0.00,3.15,0.26,0.00,0.00,00:00:46
2919 Blanco Rd,145,8/20/25 9:43 AM,Maria  Salazar,17,Dining Room,0.00,12.64,1.04,0.00,0.00,00:22:29
2919 Blanco Rd,147,8/20/25 9:46 AM,samantha lopez,,Dining Room,0.00,4.48,0.37,0.00,0.00,00:02:42
2919 Blanco Rd,149,8/20/25 9:49 AM,samantha lopez,,Drive Thru,0.00,26.87,2.23,0.00,0.00,00:01:27
2919 Blanco Rd,150,8/20/25 9:51 AM,samantha lopez,,Drive Thru,0.00,11.41,0.94,0.00,0.00,00:04:53
2919 Blanco Rd,151,8/20/25 9:51 AM,samantha lopez,,Drive Thru,0.00,14.96,1.24,0.00,0.00,00:05:22
2919 Blanco Rd,62,8/20/25 7:29 AM,samantha lopez,,Drive Thru,0.00,8.78,0.73,0.00,0.00,02:28:47
2919 Blanco Rd,153,8/20/25 9:53 AM,samantha lopez,,Drive Thru,0.00,9.99,0.82,0.00,0.00,00:04:55
2919 Blanco Rd,155,8/20/25 9:58 AM,samantha lopez,,Drive Thru,0.00,7.47,0.62,0.00,0.00,00:01:14
2919 Blanco Rd,157,8/20/25 10:01 AM,samantha lopez,,Dining Room,0.00,23.23,1.90,0.00,0.00,00:06:25
2919 Blanco Rd,158,8/20/25 10:04 AM,Maria  Salazar,,Dining Room,0.00,15.44,1.27,0.00,0.00,00:13:29
2919 Blanco Rd,160,8/20/25 10:05 AM,samantha lopez,,Dining Room,0.00,3.98,0.32,0.00,0.00,00:03:19
2919 Blanco Rd,162,8/20/25 10:07 AM,Maria  Salazar,,Dining Room,0.00,2.75,0.23,0.00,0.00,00:00:06
2919 Blanco Rd,161,8/20/25 10:06 AM,Sami Martinez ,18,Dining Room,0.00,10.58,0.87,2.00,0.00,00:35:15
2919 Blanco Rd,164,8/20/25 10:10 AM,samantha lopez,,Drive Thru,0.00,3.98,0.33,0.00,0.00,00:00:21
2919 Blanco Rd,166,8/20/25 10:12 AM,samantha lopez,,Dining Room,0.00,3.98,0.33,0.00,0.00,00:01:41
2919 Blanco Rd,165,8/20/25 10:11 AM,samantha lopez,,Drive Thru,0.00,6.47,0.53,1.00,0.00,00:03:56
2919 Blanco Rd,167,8/20/25 10:15 AM,samantha lopez,,Drive Thru,0.00,8.78,0.72,0.00,0.00,00:02:52
2919 Blanco Rd,170,8/20/25 10:20 AM,samantha lopez,,Dining Room,0.00,4.28,0.35,2.00,0.00,00:01:18
2919 Blanco Rd,171,8/20/25 10:22 AM,samantha lopez,,Drive Thru,0.00,2.75,0.23,0.00,0.00,00:00:18
2919 Blanco Rd,173,8/20/25 10:23 AM,samantha lopez,,Dining Room,0.00,4.24,0.35,0.00,0.00,00:01:42
2919 Blanco Rd,175,8/20/25 10:30 AM,Maria  Salazar,,Dining Room,0.00,7.43,0.61,0.00,0.00,00:01:59
2919 Blanco Rd,176,8/20/25 10:35 AM,samantha lopez,,Dining Room,0.00,8.26,0.67,0.00,0.00,00:00:39
2919 Blanco Rd,178,8/20/25 10:36 AM,Maria  Salazar,,Dining Room,0.00,5.98,0.50,0.00,0.00,00:00:24
2919 Blanco Rd,180,8/20/25 10:38 AM,samantha lopez,,Dining Room,0.00,46.09,3.79,0.00,0.00,00:02:23
2919 Blanco Rd,179,8/20/25 10:36 AM,Maria  Salazar,,Dining Room,0.00,6.38,0.52,0.00,0.00,00:03:10
2919 Blanco Rd,181,8/20/25 10:39 AM,Maria  Salazar,3,Dining Room,0.00,21.95,1.83,0.00,0.00,00:40:27
2919 Blanco Rd,184,8/20/25 10:43 AM,samantha lopez,,Dining Room,0.00,19.97,1.65,0.00,0.00,00:05:00
2919 Blanco Rd,185,8/20/25 10:52 AM,samantha lopez,,Drive Thru,0.00,14.16,1.17,0.00,0.00,00:04:57
2919 Blanco Rd,186,8/20/25 10:57 AM,samantha lopez,,Drive Thru,0.00,4.74,0.39,0.00,0.00,00:04:34
2919 Blanco Rd,187,8/20/25 11:01 AM,samantha lopez,,Drive Thru,0.00,15.13,1.25,0.00,0.00,00:02:46
2919 Blanco Rd,188,8/20/25 11:02 AM,samantha lopez,,Drive Thru,0.00,12.86,1.04,0.00,0.00,00:05:50
2919 Blanco Rd,191,8/20/25 11:11 AM,samantha lopez,,Dining Room,0.00,13.73,1.14,0.00,0.00,00:05:28
2919 Blanco Rd,189,8/20/25 11:09 AM,Sami Martinez ,6,Dining Room,0.00,20.14,1.66,0.00,0.00,00:33:00
2919 Blanco Rd,190,8/20/25 11:10 AM,samantha lopez,,Drive Thru,0.00,6.27,0.52,0.00,0.00,00:07:26
2919 Blanco Rd,193,8/20/25 11:17 AM,Maria  Salazar,,Dining Room,0.00,13.56,1.11,0.00,0.00,00:10:10
2919 Blanco Rd,192,8/20/25 11:17 AM,samantha lopez,,Drive Thru,0.00,12.27,1.01,0.00,0.00,00:02:38
2919 Blanco Rd,195,8/20/25 11:20 AM,Maria  Salazar,,Dining Room,0.00,10.73,0.88,0.00,0.00,00:00:23
2919 Blanco Rd,197,8/20/25 11:22 AM,Maria  Salazar,4,Dining Room,0.00,10.71,0.88,0.00,0.00,00:26:15
2919 Blanco Rd,198,8/20/25 11:24 AM,samantha lopez,,Drive Thru,0.00,9.96,0.82,2.00,0.00,00:00:28
2919 Blanco Rd,199,8/20/25 11:24 AM,samantha lopez,,Drive Thru,0.00,3.98,0.33,0.00,0.00,00:04:10
2919 Blanco Rd,201,8/20/25 11:32 AM,Sami Martinez ,7,Dining Room,0.00,19.98,1.65,0.00,0.00,00:48:34
2919 Blanco Rd,202,8/20/25 11:38 AM,samantha lopez,,Dining Room,0.00,23.78,1.95,0.00,0.00,00:04:19
2919 Blanco Rd,203,8/20/25 11:40 AM,samantha lopez,,Dining Room,0.00,14.32,1.18,0.00,0.00,00:05:04
2919 Blanco Rd,204,8/20/25 11:43 AM,samantha lopez,,Dining Room,0.00,3.98,0.33,0.00,0.00,00:03:36
2919 Blanco Rd,205,8/20/25 11:45 AM,samantha lopez,,Drive Thru,0.00,10.34,0.85,0.00,0.00,00:03:11
2919 Blanco Rd,206,8/20/25 11:46 AM,Maria  Salazar,5,Dining Room,0.00,16.51,1.36,0.00,0.00,00:27:35
2919 Blanco Rd,207,8/20/25 11:48 AM,samantha lopez,,Drive Thru,0.00,14.76,1.22,0.00,0.00,00:02:52
2919 Blanco Rd,208,8/20/25 11:50 AM,samantha lopez,,Drive Thru,0.00,4.48,0.37,0.00,0.00,00:03:27
2919 Blanco Rd,209,8/20/25 11:50 AM,Sami Martinez ,19,Dining Room,0.00,22.73,1.87,0.00,0.00,00:34:52
2919 Blanco Rd,210,8/20/25 11:52 AM,Maria  Salazar,20,Dining Room,0.00,26.32,2.17,0.00,0.00,00:30:26
2919 Blanco Rd,212,8/20/25 11:55 AM,samantha lopez,,Dining Room,0.00,12.23,1.00,0.00,0.00,00:01:44
2919 Blanco Rd,214,8/20/25 11:57 AM,Maria  Salazar,,Dining Room,0.00,3.49,0.29,0.00,0.00,00:00:11
2919 Blanco Rd,216,8/20/25 11:57 AM,Maria  Salazar,,Drive Thru,0.00,13.34,1.11,0.00,0.00,00:18:14
2919 Blanco Rd,218,8/20/25 12:02 PM,Sami Martinez ,8,Dining Room,0.00,25.58,2.10,0.00,0.00,01:04:05
2919 Blanco Rd,219,8/20/25 12:05 PM,Maria  Salazar,25,Dining Room,0.00,34.34,2.84,0.00,0.00,00:36:59
2919 Blanco Rd,220,8/20/25 12:07 PM,samantha lopez,,Dining Room,0.00,10.34,0.85,0.00,0.00,00:05:33
2919 Blanco Rd,221,8/20/25 12:09 PM,Sami Martinez ,3,Dining Room,0.00,31.13,2.56,0.00,0.00,00:37:19
2919 Blanco Rd,222,8/20/25 12:12 PM,samantha lopez,,Dining Room,0.00,1.99,0.16,0.00,0.00,00:03:40
2919 Blanco Rd,223,8/20/25 12:14 PM,Maria  Salazar,2,Dining Room,0.00,14.64,1.21,7.00,0.00,00:21:35
2919 Blanco Rd,224,8/20/25 12:15 PM,samantha lopez,,Drive Thru,0.00,9.94,0.82,0.00,0.00,00:01:21
2919 Blanco Rd,225,8/20/25 12:16 PM,samantha lopez,,Drive Thru,0.00,10.87,0.89,0.00,0.00,00:04:43
2919 Blanco Rd,227,8/20/25 12:18 PM,Sami Martinez ,4,Dining Room,0.00,0.00,0.00,0.00,0.00,00:00:38
2919 Blanco Rd,228,8/20/25 12:27 PM,Sami Martinez ,6,Dining Room,0.00,13.40,1.11,3.49,0.00,00:38:00
2919 Blanco Rd,229,8/20/25 12:30 PM,samantha lopez,,Dining Room,0.00,9.98,0.82,2.00,0.00,00:02:50
2919 Blanco Rd,231,8/20/25 12:33 PM,Maria  Salazar,,Dining Room,0.00,3.98,0.32,0.00,0.00,00:00:12
2919 Blanco Rd,234,8/20/25 12:37 PM,samantha lopez,,Dining Room,0.00,9.56,0.79,0.00,0.00,00:02:24
2919 Blanco Rd,235,8/20/25 12:38 PM,samantha lopez,,Dining Room,0.00,28.17,2.32,0.00,0.00,00:04:15
2919 Blanco Rd,236,8/20/25 12:41 PM,samantha lopez,,Drive Thru,0.00,10.98,0.91,0.00,0.00,00:02:22
2919 Blanco Rd,238,8/20/25 12:57 PM,samantha lopez,,Dining Room,0.00,12.46,1.03,0.00,0.00,00:04:10
2919 Blanco Rd,239,8/20/25 12:58 PM,samantha lopez,,Dining Room,0.00,4.99,0.41,0.00,0.00,00:04:23
2919 Blanco Rd,240,8/20/25 1:02 PM,samantha lopez,,Drive Thru,0.00,7.96,0.66,0.00,0.00,00:03:44
2919 Blanco Rd,242,8/20/25 1:12 PM,AM CASHIER,10,Dining Room,0.00,20.68,1.71,0.00,0.00,00:39:25
2919 Blanco Rd,243,8/20/25 1:15 PM,samantha lopez,,Dining Room,0.00,7.96,0.65,0.00,0.00,00:01:14
2919 Blanco Rd,244,8/20/25 1:15 PM,samantha lopez,,Dining Room,0.00,3.98,0.33,0.00,0.00,00:05:36
2919 Blanco Rd,246,8/20/25 1:17 PM,samantha lopez,,Drive Thru,0.00,7.98,0.66,0.00,0.00,00:04:49
2919 Blanco Rd,245,8/20/25 1:16 PM,Maria  Salazar,,Dining Room,0.00,0.00,0.00,0.00,0.00,00:11:27
2919 Blanco Rd,247,8/20/25 1:21 PM,samantha lopez,,Drive Thru,0.00,18.57,1.53,0.00,0.00,00:01:13
2919 Blanco Rd,248,8/20/25 1:23 PM,samantha lopez,,Drive Thru,0.00,7.84,0.64,0.00,0.00,00:02:23
2919 Blanco Rd,249,8/20/25 1:23 PM,samantha lopez,,Drive Thru,0.00,6.97,0.58,0.00,0.00,00:02:42
2919 Blanco Rd,250,8/20/25 1:24 PM,Maria  Salazar,,Dining Room,0.00,8.78,0.72,0.00,0.00,00:00:13
2919 Blanco Rd,251,8/20/25 1:24 PM,samantha lopez,,Drive Thru,0.00,15.83,1.31,0.00,0.00,00:02:20
2919 Blanco Rd,253,8/20/25 1:32 PM,Maria  Salazar,,Dining Room,0.00,5.98,0.49,0.00,0.00,00:03:49
2919 Blanco Rd,254,8/20/25 1:32 PM,Maria  Salazar,,Dining Room,0.00,10.00,0.82,0.00,0.00,00:05:12
2919 Blanco Rd,255,8/20/25 1:36 PM,Maria  Salazar,,Drive Thru,0.00,12.35,1.02,0.00,0.00,00:01:24
2919 Blanco Rd,256,8/20/25 1:37 PM,Maria  Salazar,,Drive Thru,0.00,21.27,1.76,0.00,0.00,00:03:09
2919 Blanco Rd,257,8/20/25 1:37 PM,Maria  Salazar,,Dining Room,0.00,3.98,0.33,0.00,0.00,00:00:56
2919 Blanco Rd,258,8/20/25 1:40 PM,Maria  Salazar,,Drive Thru,0.00,1.99,0.16,0.00,0.00,00:03:44
2919 Blanco Rd,259,8/20/25 2:12 PM,Maria  Salazar,,Dining Room,0.00,8.23,0.69,0.00,0.00,00:00:42
2919 Blanco Rd,260,8/20/25 2:12 PM,Maria  Salazar,,Dining Room,0.00,7.96,0.66,0.00,0.00,00:04:19
2919 Blanco Rd,261,8/20/25 2:17 PM,AM CASHIER,,Dining Room,0.00,4.39,0.36,0.00,0.00,00:00:05
2919 Blanco Rd,262,8/20/25 2:29 PM,Sami Martinez ,10,Dining Room,0.00,20.68,1.70,10.00,0.00,00:21:01
2919 Blanco Rd,263,8/20/25 2:35 PM,Sami Martinez ,2,Dining Room,0.00,27.83,2.29,5.00,0.00,00:31:32
2919 Blanco Rd,265,8/20/25 2:43 PM,Maria  Salazar,,Dining Room,0.00,16.40,1.35,0.00,0.00,00:06:02
2919 Blanco Rd,264,8/20/25 2:43 PM,Sami Martinez ,4,Dining Room,0.00,35.45,2.92,0.00,0.00,00:51:17
2919 Blanco Rd,267,8/20/25 2:53 PM,Maria  Salazar,,Dining Room,0.00,12.36,1.01,0.00,0.00,00:04:01
2919 Blanco Rd,269,8/20/25 2:56 PM,Sami Martinez ,12,Dining Room,0.00,11.33,0.93,0.00,0.00,00:15:15
2919 Blanco Rd,268,8/20/25 2:55 PM,Maria  Salazar,,Dining Room,0.00,16.33,1.34,0.00,0.00,00:10:48
2919 Blanco Rd,270,8/20/25 3:15 PM,AM CASHIER,,Dining Room,0.00,14.97,1.23,0.00,0.00,00:01:15
2919 Blanco Rd,271,8/20/25 3:16 PM,Maria  Salazar,,Dining Room,0.00,4.99,0.41,0.00,0.00,00:01:56
2919 Blanco Rd,272,8/20/25 3:21 PM,Maria  Salazar,,Drive Thru,0.00,13.98,1.15,0.00,0.00,00:01:23
2919 Blanco Rd,273,8/20/25 3:49 PM,Maria  Salazar,,Dining Room,0.00,6.24,0.51,0.00,0.00,00:01:08
2919 Blanco Rd,275,8/20/25 3:52 PM,Maria  Salazar,,Dining Room,0.00,3.98,0.32,0.00,0.00,00:03:29
2919 Blanco Rd,276,8/20/25 3:52 PM,Maria  Salazar,,Dining Room,0.00,9.96,0.82,2.00,0.00,00:09:56
2919 Blanco Rd,277,8/20/25 4:02 PM,Maria  Salazar,,Drive Thru,0.00,22.35,1.85,0.00,0.00,00:03:09
2919 Blanco Rd,278,8/20/25 4:14 PM,Sami Martinez ,7,Dining Room,0.00,6.29,0.51,0.00,0.00,00:23:08
2919 Blanco Rd,279,8/20/25 4:18 PM,Maria  Salazar,,Drive Thru,0.00,17.59,1.45,1.00,0.00,00:01:21
2919 Blanco Rd,280,8/20/25 4:19 PM,Sami Martinez ,17,Dining Room,0.00,9.99,0.82,4.00,0.00,00:25:44
2919 Blanco Rd,281,8/20/25 4:21 PM,Maria  Salazar,,Drive Thru,0.00,14.19,1.17,0.00,0.00,00:01:02
2919 Blanco Rd,282,8/20/25 4:26 PM,Sami Martinez ,,Dining Room,0.00,0.00,0.00,0.00,0.00,00:00:31
2919 Blanco Rd,283,8/20/25 4:26 PM,AM CASHIER,,Drive Thru,0.00,29.95,2.47,0.00,0.00,00:08:18
2919 Blanco Rd,284,8/20/25 4:27 PM,Sami Martinez ,,Dining Room,0.00,8.45,0.69,0.00,0.00,00:00:57
2919 Blanco Rd,285,8/20/25 4:27 PM,Maria  Salazar,,Drive Thru,0.00,18.39,1.51,0.00,0.00,00:06:21
2919 Blanco Rd,286,8/20/25 4:28 PM,Maria  Salazar,,Drive Thru,0.00,16.43,1.35,0.00,0.00,00:01:40
2919 Blanco Rd,287,8/20/25 4:30 PM,Sami Martinez ,,Dining Room,0.00,2.99,0.25,0.00,0.00,00:01:15
2919 Blanco Rd,288,8/20/25 4:57 PM,Maria  Salazar,,Dining Room,0.00,27.33,2.25,0.00,0.00,00:02:11
2919 Blanco Rd,289,8/20/25 4:57 PM,Maria  Salazar,,Dining Room,0.00,6.38,0.52,0.00,0.00,00:03:22
2919 Blanco Rd,291,8/20/25 4:58 PM,Sami Martinez ,4,Dining Room,0.00,31.02,2.56,0.00,0.00,00:37:56
2919 Blanco Rd,292,8/20/25 5:03 PM,Sami Martinez ,8,Dining Room,0.00,2.99,0.25,0.00,0.00,00:15:25
2919 Blanco Rd,290,8/20/25 4:58 PM,Maria  Salazar,,Dining Room,0.00,9.95,0.82,0.00,0.00,00:14:33
2919 Blanco Rd,294,8/20/25 5:17 PM,Sami Martinez ,3,Dining Room,0.00,14.68,1.21,3.00,0.00,00:18:25
2919 Blanco Rd,296,8/20/25 5:21 PM,Sami Martinez ,5,Dining Room,0.00,20.68,1.71,0.00,0.00,00:39:11
2919 Blanco Rd,293,8/20/25 5:11 PM,Maria  Salazar,,Dining Room,0.00,4.99,0.41,0.00,0.00,00:14:31
2919 Blanco Rd,298,8/20/25 5:28 PM,Maria  Salazar,,Drive Thru,0.00,22.32,1.84,1.00,0.00,00:03:18
2919 Blanco Rd,300,8/20/25 5:39 PM,Sami Martinez ,4,Dining Room,0.00,18.33,1.51,0.00,0.00,00:26:22
2919 Blanco Rd,297,8/20/25 5:25 PM,Maria  Salazar,,Dining Room,0.00,16.66,1.38,0.00,0.00,00:18:59
2919 Blanco Rd,301,8/20/25 5:42 PM,Maria  Salazar,,Drive Thru,0.00,5.37,0.44,0.00,0.00,02:22:58
2919 Blanco Rd,303,8/20/25 5:53 PM,Sami Martinez ,6,Dining Room,0.00,0.00,0.00,0.00,0.00,00:01:03
2919 Blanco Rd,304,8/20/25 5:54 PM,Sami Martinez ,6,Dining Room,0.00,25.08,2.06,5.00,0.00,00:36:10
2919 Blanco Rd,305,8/20/25 6:02 PM,AM CASHIER,,Dining Room,0.00,3.98,0.33,1.69,0.00,00:00:12
2919 Blanco Rd,307,8/20/25 6:04 PM,Maria  Salazar,,Dining Room,0.00,23.98,1.98,4.00,0.00,00:13:16
2919 Blanco Rd,308,8/20/25 6:17 PM,AM CASHIER,,Dining Room,0.00,17.12,1.42,3.00,0.00,00:00:55
2919 Blanco Rd,310,8/20/25 6:21 PM,AM CASHIER,,Dining Room,0.00,7.73,0.64,1.00,0.00,00:02:19
2919 Blanco Rd,311,8/20/25 6:21 PM,Maria  Salazar,,Dining Room,0.00,19.96,1.64,0.00,0.00,00:06:10
2919 Blanco Rd,315,8/20/25 6:44 PM,Maria  Salazar,,Dining Room,0.00,26.37,2.17,0.00,0.00,00:01:23
2919 Blanco Rd,316,8/20/25 6:52 PM,Sami Martinez ,14,Dining Room,0.00,22.07,1.82,0.00,0.00,00:18:28
2919 Blanco Rd,317,8/20/25 6:53 PM,Maria  Salazar,,Dining Room,0.00,11.72,0.97,0.00,0.00,00:02:46
2919 Blanco Rd,318,8/20/25 7:07 PM,AM CASHIER,,Dining Room,0.00,50.95,4.19,0.00,0.00,00:19:20
2919 Blanco Rd,319,8/20/25 7:14 PM,Sami Martinez ,19,Dining Room,0.00,17.98,1.48,0.00,0.00,00:39:30
2919 Blanco Rd,321,8/20/25 7:30 PM,AM CASHIER,,Dining Room,0.00,26.70,2.19,2.00,0.00,00:01:30
