Payment type,Payment sub type,Count,Amount,Tips,Grat,Tax amount,Refunds,Tip refunds,Legacy tips,Total,Tips/Grat %
Cash,,110,1248.24,0.0,0.0,94.92,0,0,0.00,1248.24,0.0
Credit/debit,,136,1727.94,90.84,0.0,131.56,0,0,90.84,1818.78,5.7
Credit/debit,AMEX,2,10.79,0.0,0.0,0.82,0,0,0.00,10.79,0.0
Credit/debit,DISCOVER,1,6.79,0.0,0.0,0.52,0,0,0.00,6.79,0.0
Credit/debit,MASTERCARD,38,427.65,25.44,0.0,32.53,0,0,25.44,453.09,6.4
Credit/debit,VISA,95,1282.71,65.4,0.0,97.69,0,0,65.40,1348.11,5.5
Gift Card,,0,0.0,0.0,0.0,0.0,0.0,0.0,0.00,0.00,
Other,,0,0.0,0.0,0.0,0.0,0.0,0.0,0.00,0.00,
Total,,246,2976.18,90.84,0.0,226.48,0.0,0.0,90.84,3067.02,3.3
