Employee,Job Title,In Date,Out Date,Auto Clock-out,Total Hours,Unpaid Break Time,Paid Break Time,Payable Hours
"Hernandez, Celinda",Cook,8/20/25 5:04 AM,8/20/25 1:58 PM,No,8.89,0.00,0.00,8.89
"Franco, Fidel",Cook,8/20/25 5:35 AM,8/20/25 2:05 PM,No,8.48,0.00,0.00,8.48
"Pena , Vilma",Cook,8/20/25 5:56 AM,8/20/25 2:05 PM,No,8.14,0.00,0.00,8.14
"Salazar, Maria ",Shift Manager / Assistant Manager,8/20/25 5:59 AM,8/20/25 1:30 PM,No,7.51,0.00,0.00,7.51
"lopez, samantha",Drive-Thru,8/20/25 6:02 AM,8/20/25 1:40 PM,No,7.63,0.00,0.00,7.63
"Martinez , Sami",Server,8/20/25 8:03 AM,8/20/25 1:28 PM,No,5.42,0.00,0.00,5.42
"Hernandez, Fidelia ",Cook,8/20/25 8:18 AM,8/20/25 8:58 PM,No,12.67,0.00,0.00,12.67
"CASHIER, AM",General Manager,8/20/25 1:28 PM,8/21/25 4:00 AM,Yes,14.53,0.00,0.00,14.53
"Salazar, Maria ",Drive-Thru,8/20/25 1:30 PM,8/20/25 8:24 PM,No,6.91,0.00,0.00,6.91
"Martinez , Sami",Server,8/20/25 1:30 PM,8/20/25 8:24 PM,No,6.90,0.00,0.00,6.90
"Melendez, Ninoska",Tortillero/a,8/20/25 2:03 PM,8/20/25 8:58 PM,No,6.91,0.00,0.00,6.91
