Employee,Job Title,In Date,Out Date,Auto Clock-out,Total Hours,Unpaid Break Time,Paid Break Time,Payable Hours
"Vega, Estela",Tortillera,8/16/25 4:51 AM,8/16/25 1:56 PM,No,9.08,0.00,0.00,9.08
"Farias, Claudia",Cook,8/16/25 5:07 AM,8/16/25 2:08 PM,No,9.02,0.00,0.00,9.02
"Cardenas, Salvador",Cook,8/16/25 5:34 AM,8/16/25 2:07 PM,No,8.55,0.00,0.00,8.55
"Rosales, Elsa",Tortillera,8/16/25 6:09 AM,8/16/25 9:27 PM,No,15.29,0.00,0.00,15.29
"Garcia, Lizbeth",Server,8/16/25 6:12 AM,8/16/25 2:22 PM,No,8.16,0.00,0.00,8.16
"Reyes, Nadia",Driver,8/16/25 6:17 AM,8/16/25 2:32 PM,No,8.26,0.00,0.00,8.26
"Garcia, Enriqueta",Chef,8/16/25 7:00 AM,8/16/25 8:01 PM,No,13.02,0.00,0.00,13.02
"Cabrera, Sugey",Server,8/16/25 7:05 AM,8/16/25 2:45 PM,No,7.66,0.00,0.00,7.66
"Lino Santana, David ",Prep,8/16/25 7:06 AM,8/16/25 9:28 PM,No,14.37,0.00,0.00,14.37
"JOSSUETH, FRANLOD",Busser,8/16/25 7:31 AM,8/16/25 2:35 PM,No,7.07,0.00,0.00,7.07
"Tovar , Gabriel",Server,8/16/25 7:58 AM,8/16/25 2:31 PM,No,6.54,0.00,0.00,6.54
"Sanchez, Emanuel",Server,8/16/25 8:00 AM,8/16/25 9:38 PM,No,13.64,0.00,0.00,13.64
"Del Angel, Candy",Shift Manager / Assistant Manager,8/16/25 8:00 AM,8/16/25 4:11 PM,No,8.17,0.00,0.00,8.17
"quiroz, siri",Host,8/16/25 8:01 AM,8/16/25 3:38 PM,No,7.62,0.00,0.00,7.62
"Roman, Leticia",Server,8/16/25 8:03 AM,8/16/25 2:44 PM,No,6.68,0.00,0.00,6.68
"Juliet, Mia",Host,8/16/25 8:04 AM,8/16/25 2:00 PM,No,5.93,0.00,0.00,5.93
"Barton, Arion",Cook,8/16/25 9:00 AM,8/16/25 2:49 PM,No,5.82,0.00,0.00,5.82
"Velasquez, Lisa",Server,8/16/25 9:08 AM,8/16/25 9:28 PM,No,12.35,0.00,0.00,12.35
"Mendoza, Gricelda",Prep,8/16/25 9:24 AM,8/16/25 2:10 PM,No,4.76,0.00,0.00,4.76
"De los Santos, Mia",Host,8/16/25 10:00 AM,8/16/25 9:27 PM,No,11.46,0.00,0.00,11.46
"vanenzuela, felix",Cook,8/16/25 2:11 PM,8/16/25 9:27 PM,No,7.26,0.00,0.00,7.26
"GUTIERREZ, ERIC",Cook,8/16/25 2:14 PM,8/16/25 9:22 PM,No,7.12,0.00,0.00,7.12
"Reyes, Nadia",Shift Manager / Assistant Manager,8/16/25 2:33 PM,8/16/25 9:43 PM,No,7.16,0.00,0.00,7.16
"velasquez, maximilioano",Busser,8/16/25 4:55 PM,8/16/25 9:32 PM,No,4.63,0.00,0.00,4.63
