Order #,Opened Date,Void Date,Server,Approver,Item Name,Reason,Item Quantity,Total Price
181,8/16/25 10:53 AM,8/16/25 1:44 PM,Mia De los Santos,Candy Del Angel,Bean & Cheese Taco,Customer Changed Mind,8.0,14.32
181,8/16/25 10:53 AM,8/16/25 1:44 PM,Mia De los Santos,Candy Del Angel,Barbacoa Taco,Customer Changed Mind,1.0,4.79
181,8/16/25 10:53 AM,8/16/25 1:44 PM,Mia De los Santos,Candy Del Angel,Picadillo Taco,Customer Changed Mind,1.0,2.99
181,8/16/25 10:53 AM,8/16/25 1:44 PM,Mia De los Santos,Candy Del Angel,Side Onion,Customer Changed Mind,1.0,0.75
181,8/16/25 10:53 AM,8/16/25 1:44 PM,Mia De los Santos,Candy Del Angel,Side Cilantro,Customer Changed Mind,1.0,0.65
181,8/16/25 10:53 AM,8/16/25 1:44 PM,Mia De los Santos,Candy Del Angel,Bean & Cheese Taco,Customer Changed Mind,1.0,2.29
181,8/16/25 10:53 AM,8/16/25 1:44 PM,Mia De los Santos,Candy Del Angel,Papa & Egg Taco,Customer Changed Mind,1.0,2.49
181,8/16/25 10:53 AM,8/16/25 1:44 PM,Mia De los Santos,Candy Del Angel,Carne Guisada Taco,Customer Changed Mind,1.0,4.89
181,8/16/25 10:53 AM,8/16/25 1:44 PM,Mia De los Santos,Candy Del Angel,Side Cheese?,Customer Changed Mind,1.0,2.99
181,8/16/25 10:53 AM,8/16/25 1:44 PM,Mia De los Santos,Candy Del Angel,Chorizo & Egg Taco,Customer Changed Mind,1.0,3.29
