Location,Server,Check #,Table,Station,Expediter Level,Fired Date,Fulfilled Date,Fulfillment Time,Fulfilled By
2919 Blanco Rd,Maria  Salazar,5,17,,1,10/8/25 6:04 AM,10/8/25 7:16 AM,"1 hour, 11 minutes and 41 seconds",AM CASHIER
2919 Blanco Rd,AM CASHIER,16,,,1,10/8/25 6:22 AM,10/8/25 7:16 AM,53 minutes and 46 seconds,AM CASHIER
2919 Blanco Rd,AM CASHIER,8,,,1,10/8/25 6:08 AM,10/8/25 7:16 AM,"1 hour, 7 minutes and 50 seconds",AM CASHIER
2919 Blanco Rd,Maria  Salazar,17,14,,1,10/8/25 6:16 AM,10/8/25 7:16 AM,59 minutes and 7 seconds,AM CASHIER
2919 Blanco Rd,AM CASHIER,11,,,1,10/8/25 6:11 AM,10/8/25 7:16 AM,"1 hour, 4 minutes and 40 seconds",AM CASHIER
2919 Blanco Rd,Maria  Salazar,39,18,,1,10/8/25 6:52 AM,10/8/25 7:16 AM,23 minutes and 52 seconds,AM CASHIER
2919 Blanco Rd,AM CASHIER,27,,,1,10/8/25 6:35 AM,10/8/25 7:16 AM,41 minutes and 5 seconds,AM CASHIER
2919 Blanco Rd,AM CASHIER,20,,,1,10/8/25 6:23 AM,10/8/25 7:16 AM,53 minutes and 3 seconds,AM CASHIER
2919 Blanco Rd,Maria  Salazar,32,19,,1,10/8/25 6:42 AM,10/8/25 7:16 AM,34 minutes and 6 seconds,AM CASHIER
2919 Blanco Rd,Maria  Salazar,44,13,,1,10/8/25 7:01 AM,10/8/25 7:16 AM,14 minutes and 26 seconds,AM CASHIER
2919 Blanco Rd,AM CASHIER,52,,,1,10/8/25 7:12 AM,10/8/25 7:16 AM,4 minutes and 7 seconds,AM CASHIER
2919 Blanco Rd,AM CASHIER,46,,,1,10/8/25 7:03 AM,10/8/25 7:16 AM,12 minutes and 48 seconds,AM CASHIER
2919 Blanco Rd,Maria  Salazar,53,10,,1,10/8/25 7:14 AM,10/8/25 8:12 AM,58 minutes and 3 seconds,AM CASHIER
2919 Blanco Rd,AM CASHIER,72,,,1,10/8/25 8:01 AM,10/8/25 8:12 AM,10 minutes and 37 seconds,AM CASHIER
2919 Blanco Rd,Maria  Salazar,63,,,1,10/8/25 7:34 AM,10/8/25 8:12 AM,38 minutes and 9 seconds,AM CASHIER
2919 Blanco Rd,AM CASHIER,82,,,1,10/8/25 8:10 AM,10/8/25 8:12 AM,1 minute and 29 seconds,AM CASHIER
2919 Blanco Rd,AM CASHIER,76,,,1,10/8/25 8:02 AM,10/8/25 8:12 AM,10 minutes,AM CASHIER
2919 Blanco Rd,AM CASHIER,81,,,1,10/8/25 8:06 AM,10/8/25 8:12 AM,5 minutes and 53 seconds,AM CASHIER
2919 Blanco Rd,samantha lopez,92,13,,1,10/8/25 8:19 AM,10/8/25 8:37 AM,17 minutes and 7 seconds,AM CASHIER
2919 Blanco Rd,AM CASHIER,94,,,1,10/8/25 8:20 AM,10/8/25 8:37 AM,16 minutes and 39 seconds,AM CASHIER
2919 Blanco Rd,samantha lopez,92,13,,1,10/8/25 8:22 AM,10/8/25 8:37 AM,14 minutes and 10 seconds,AM CASHIER
2919 Blanco Rd,samantha lopez,105,21,,1,10/8/25 8:30 AM,10/8/25 8:37 AM,6 minutes and 18 seconds,AM CASHIER
2919 Blanco Rd,AM CASHIER,96,,,1,10/8/25 8:21 AM,10/8/25 8:37 AM,15 minutes and 17 seconds,AM CASHIER
2919 Blanco Rd,Martina Ovalle ,95,,,1,10/8/25 8:20 AM,10/8/25 8:37 AM,16 minutes and 36 seconds,AM CASHIER
2919 Blanco Rd,samantha lopez,110,5,,1,10/8/25 8:42 AM,10/8/25 8:55 AM,13 minutes and 7 seconds,AM CASHIER
2919 Blanco Rd,Maria  Salazar,108,8,,1,10/8/25 8:37 AM,10/8/25 8:55 AM,18 minutes and 44 seconds,AM CASHIER
2919 Blanco Rd,AM CASHIER,115,,,1,10/8/25 8:51 AM,10/8/25 8:55 AM,3 minutes and 49 seconds,AM CASHIER
2919 Blanco Rd,samantha lopez,123,3,,1,10/8/25 9:03 AM,10/8/25 9:09 AM,5 minutes and 29 seconds,AM CASHIER
2919 Blanco Rd,samantha lopez,127,12,,1,10/8/25 9:06 AM,10/8/25 9:09 AM,3 minutes and 16 seconds,AM CASHIER
2919 Blanco Rd,samantha lopez,135,19,,1,10/8/25 9:18 AM,10/8/25 9:23 AM,4 minutes and 49 seconds,AM CASHIER
2919 Blanco Rd,AM CASHIER,131,,,1,10/8/25 9:13 AM,10/8/25 9:26 AM,12 minutes and 38 seconds,AM CASHIER
2919 Blanco Rd,samantha lopez,136,8,,1,10/8/25 9:21 AM,10/8/25 9:26 AM,5 minutes and 27 seconds,AM CASHIER
2919 Blanco Rd,AM CASHIER,130,,,1,10/8/25 9:10 AM,10/8/25 9:26 AM,16 minutes and 18 seconds,AM CASHIER
2919 Blanco Rd,samantha lopez,139,6,,1,10/8/25 9:24 AM,10/8/25 9:27 AM,2 minutes and 36 seconds,AM CASHIER
2919 Blanco Rd,samantha lopez,127,12,,1,10/8/25 9:18 AM,10/8/25 9:35 AM,16 minutes and 23 seconds,AM CASHIER
2919 Blanco Rd,AM CASHIER,142,,,1,10/8/25 9:29 AM,10/8/25 9:35 AM,5 minutes and 38 seconds,AM CASHIER
2919 Blanco Rd,Martina Ovalle ,145,,,1,10/8/25 9:30 AM,10/8/25 9:35 AM,4 minutes and 49 seconds,AM CASHIER
2919 Blanco Rd,samantha lopez,157,17,,1,10/8/25 9:53 AM,10/8/25 10:26 AM,33 minutes and 2 seconds,AM CASHIER
2919 Blanco Rd,samantha lopez,158,4,,1,10/8/25 10:05 AM,10/8/25 10:26 AM,21 minutes and 39 seconds,AM CASHIER
2919 Blanco Rd,AM CASHIER,147,,,1,10/8/25 9:39 AM,10/8/25 10:26 AM,47 minutes and 47 seconds,AM CASHIER
2919 Blanco Rd,AM CASHIER,150,,,1,10/8/25 9:44 AM,10/8/25 10:26 AM,42 minutes and 38 seconds,AM CASHIER
2919 Blanco Rd,samantha lopez,162,7,,1,10/8/25 10:21 AM,10/8/25 10:48 AM,27 minutes and 16 seconds,AM CASHIER
2919 Blanco Rd,samantha lopez,162,7,,1,10/8/25 10:21 AM,10/8/25 10:53 AM,31 minutes and 24 seconds,AM CASHIER
2919 Blanco Rd,samantha lopez,174,3,,1,10/8/25 10:47 AM,10/8/25 10:54 AM,6 minutes and 3 seconds,AM CASHIER
2919 Blanco Rd,samantha lopez,173,20,,1,10/8/25 10:46 AM,10/8/25 10:55 AM,8 minutes and 55 seconds,AM CASHIER
2919 Blanco Rd,AM CASHIER,175,,,1,10/8/25 11:08 AM,10/8/25 11:19 AM,11 minutes and 13 seconds,AM CASHIER
2919 Blanco Rd,Martina Ovalle ,179,,,1,10/8/25 11:12 AM,10/8/25 11:19 AM,6 minutes and 44 seconds,AM CASHIER
2919 Blanco Rd,AM CASHIER,183,,,1,10/8/25 11:15 AM,10/8/25 11:19 AM,4 minutes and 21 seconds,AM CASHIER
2919 Blanco Rd,samantha lopez,188,5,,1,10/8/25 11:24 AM,10/8/25 11:31 AM,7 minutes and 23 seconds,AM CASHIER
2919 Blanco Rd,samantha lopez,187,6,,1,10/8/25 11:23 AM,10/8/25 11:31 AM,8 minutes and 25 seconds,AM CASHIER
2919 Blanco Rd,samantha lopez,192,13,,1,10/8/25 11:25 AM,10/8/25 11:31 AM,6 minutes and 31 seconds,AM CASHIER
2919 Blanco Rd,samantha lopez,197,25,,1,10/8/25 11:35 AM,10/8/25 11:54 AM,19 minutes and 44 seconds,AM CASHIER
2919 Blanco Rd,AM CASHIER,201,,,1,10/8/25 11:49 AM,10/8/25 11:54 AM,5 minutes and 41 seconds,AM CASHIER
2919 Blanco Rd,samantha lopez,200,7,,1,10/8/25 11:47 AM,10/8/25 12:14 PM,27 minutes and 9 seconds,AM CASHIER
2919 Blanco Rd,samantha lopez,214,2,,1,10/8/25 12:07 PM,10/8/25 12:14 PM,6 minutes and 25 seconds,AM CASHIER
2919 Blanco Rd,samantha lopez,224,11,,1,10/8/25 12:17 PM,10/8/25 12:29 PM,12 minutes and 17 seconds,AM CASHIER
2919 Blanco Rd,Martina Ovalle ,208,,,1,10/8/25 12:01 PM,10/8/25 12:29 PM,27 minutes and 42 seconds,AM CASHIER
2919 Blanco Rd,samantha lopez,221,17,,1,10/8/25 12:11 PM,10/8/25 12:29 PM,18 minutes and 8 seconds,AM CASHIER
2919 Blanco Rd,Martina Ovalle ,208,,,1,10/8/25 12:12 PM,10/8/25 12:29 PM,16 minutes and 40 seconds,AM CASHIER
2919 Blanco Rd,samantha lopez,225,5,,1,10/8/25 12:22 PM,10/8/25 12:39 PM,17 minutes and 23 seconds,AM CASHIER
2919 Blanco Rd,samantha lopez,231,4,,1,10/8/25 12:29 PM,10/8/25 12:39 PM,10 minutes and 42 seconds,AM CASHIER
2919 Blanco Rd,samantha lopez,242,25,,1,10/8/25 12:51 PM,10/8/25 12:57 PM,5 minutes and 52 seconds,AM CASHIER
2919 Blanco Rd,samantha lopez,238,13,,1,10/8/25 12:42 PM,10/8/25 12:57 PM,14 minutes and 51 seconds,AM CASHIER
2919 Blanco Rd,samantha lopez,256,7,,1,10/8/25 1:29 PM,10/8/25 1:59 PM,30 minutes and 14 seconds,AM CASHIER
2919 Blanco Rd,samantha lopez,250,11,,1,10/8/25 1:17 PM,10/8/25 1:59 PM,42 minutes and 3 seconds,AM CASHIER
2919 Blanco Rd,samantha lopez,258,,,1,10/8/25 1:54 PM,10/8/25 1:59 PM,5 minutes and 14 seconds,AM CASHIER
2919 Blanco Rd,samantha lopez,262,,,1,10/8/25 2:04 PM,10/8/25 3:17 PM,"1 hour, 13 minutes and 18 seconds",AM CASHIER
2919 Blanco Rd,samantha lopez,269,4,,1,10/8/25 3:05 PM,10/8/25 3:17 PM,11 minutes and 40 seconds,AM CASHIER
2919 Blanco Rd,samantha lopez,268,,,1,10/8/25 3:14 PM,10/8/25 4:12 PM,58 minutes and 27 seconds,AM CASHIER
2919 Blanco Rd,samantha lopez,278,6,,1,10/8/25 3:46 PM,10/8/25 4:12 PM,26 minutes and 9 seconds,AM CASHIER
2919 Blanco Rd,samantha lopez,279,5,,1,10/8/25 4:07 PM,10/8/25 4:12 PM,5 minutes and 19 seconds,AM CASHIER
2919 Blanco Rd,samantha lopez,283,2,,1,10/8/25 4:11 PM,10/8/25 4:12 PM,1 minute and 9 seconds,AM CASHIER
2919 Blanco Rd,samantha lopez,285,,,1,10/8/25 4:30 PM,10/8/25 4:51 PM,20 minutes and 31 seconds,AM CASHIER
2919 Blanco Rd,samantha lopez,288,8,,1,10/8/25 4:37 PM,10/8/25 4:51 PM,13 minutes and 27 seconds,AM CASHIER
2919 Blanco Rd,samantha lopez,291,3,,1,10/8/25 4:49 PM,10/8/25 5:07 PM,18 minutes,AM CASHIER
2919 Blanco Rd,samantha lopez,303,,,1,10/8/25 5:30 PM,10/8/25 5:33 PM,3 minutes and 5 seconds,AM CASHIER
2919 Blanco Rd,samantha lopez,300,,,1,10/8/25 5:27 PM,10/8/25 6:16 PM,49 minutes and 1 second,AM CASHIER
2919 Blanco Rd,samantha lopez,307,5,,1,10/8/25 5:37 PM,10/8/25 6:16 PM,38 minutes and 47 seconds,AM CASHIER
2919 Blanco Rd,samantha lopez,312,,,1,10/8/25 5:57 PM,10/8/25 6:16 PM,18 minutes and 21 seconds,AM CASHIER
2919 Blanco Rd,samantha lopez,315,,,1,10/8/25 6:13 PM,10/8/25 6:16 PM,3 minutes and 5 seconds,AM CASHIER
2919 Blanco Rd,samantha lopez,318,,,1,10/8/25 6:25 PM,10/8/25 6:35 PM,9 minutes and 24 seconds,AM CASHIER
2919 Blanco Rd,samantha lopez,320,7,,1,10/8/25 6:30 PM,10/8/25 6:36 PM,6 minutes and 44 seconds,AM CASHIER
2919 Blanco Rd,samantha lopez,320,7,,1,10/8/25 6:51 PM,10/8/25 6:51 PM,21 seconds,AM CASHIER
2919 Blanco Rd,samantha lopez,321,20,,1,10/8/25 6:40 PM,10/8/25 6:51 PM,11 minutes and 31 seconds,AM CASHIER
2919 Blanco Rd,samantha lopez,326,17,,1,10/8/25 6:52 PM,10/8/25 6:56 PM,3 minutes and 38 seconds,AM CASHIER
2919 Blanco Rd,samantha lopez,331,,,1,10/8/25 7:06 PM,10/8/25 7:26 PM,20 minutes and 25 seconds,AM CASHIER
