Location,Order #,Opened Date,Server,Table,Discount Name,Discount Reason,Comment,Discount Amount
Sandra's Cuisine - Potranco - 12060 Potranco Road,239,10/7/25 8:18 PM,Lisa Velasquez,26,Open % Item,,,0.40
Sandra's Cuisine - Potranco - 12060 Potranco Road,239,10/7/25 8:18 PM,Lisa Velasquez,26,Open % Item,,,1.80
Sandra's Cuisine - Potranco - 12060 Potranco Road,224,10/7/25 6:56 PM,Mario Jimenez,,Open % Check,,,2.19
Sandra's Cuisine - Potranco - 12060 Potranco Road,204,10/7/25 5:27 PM,Candy Del Angel,,Employee Discount - Check,Employee Discount,Employee,7.99
Sandra's Cuisine - Potranco - 12060 Potranco Road,195,10/7/25 3:58 PM,Mario Jimenez,,Open % Check,,,0.20
Sandra's Cuisine - Potranco - 12060 Potranco Road,194,10/7/25 3:51 PM,Mario Jimenez,,Reward Dollars,,,5.05
Sandra's Cuisine - Potranco - 12060 Potranco Road,185,10/7/25 2:43 PM,Candy Del Angel,,Employee Discount - Item,Employee Discount,Employeee,1.80
Sandra's Cuisine - Potranco - 12060 Potranco Road,178,10/7/25 2:16 PM,Candy Del Angel,,Open % Check,,,2.54
Sandra's Cuisine - Potranco - 12060 Potranco Road,155,10/7/25 1:29 PM,Melissa  Urena,,Reward Dollars,,,5.65
Sandra's Cuisine - Potranco - 12060 Potranco Road,122,10/7/25 12:07 PM,Lizbeth Garcia,3,Open % Item,,,0.80
Sandra's Cuisine - Potranco - 12060 Potranco Road,80,10/7/25 10:50 AM,Melissa  Urena,,Open % Item,,,0.46
Sandra's Cuisine - Potranco - 12060 Potranco Road,80,10/7/25 10:50 AM,Melissa  Urena,,Open % Item,,,0.33
Sandra's Cuisine - Potranco - 12060 Potranco Road,80,10/7/25 10:50 AM,Melissa  Urena,,Open % Item,,,0.23
Sandra's Cuisine - Potranco - 12060 Potranco Road,77,10/7/25 10:44 AM,Melissa  Urena,,Open % Item,,,1.30
Sandra's Cuisine - Potranco - 12060 Potranco Road,75,10/7/25 10:40 AM,Melissa  Urena,,Open % Item,,,0.30
Sandra's Cuisine - Potranco - 12060 Potranco Road,75,10/7/25 10:40 AM,Melissa  Urena,,Open % Item,,,0.20
Sandra's Cuisine - Potranco - 12060 Potranco Road,75,10/7/25 10:40 AM,Melissa  Urena,,Open % Item,,,0.25
Sandra's Cuisine - Potranco - 12060 Potranco Road,56,10/7/25 9:42 AM,Melissa  Urena,,Open % Item,,,1.10
Sandra's Cuisine - Potranco - 12060 Potranco Road,56,10/7/25 9:42 AM,Melissa  Urena,,Open % Item,,,0.18
Sandra's Cuisine - Potranco - 12060 Potranco Road,56,10/7/25 9:42 AM,Melissa  Urena,,Open % Item,,,1.20
Sandra's Cuisine - Potranco - 12060 Potranco Road,40,10/7/25 9:12 AM,Melissa  Urena,,Reward Dollars,,,10.70
Sandra's Cuisine - Potranco - 12060 Potranco Road,27,10/7/25 8:48 AM,Sugey Cabrera,,Employee Discount - Check,Employee Discount,Employee,14.97
Sandra's Cuisine - Potranco - 12060 Potranco Road,13,10/7/25 8:20 AM,Lizbeth Garcia,22,Open % Item,,,0.30
