Check #,Table,Payment Type,Server,Cashier,Tip,Amount,Cash Drawer,Date,Opened Date
1,,CASH,Ivana,Ivana,0.00,16.62,Drive Box,8/23/25 6:50 AM,8/23/25 6:49 AM
5,,CASH,Ivana,Ivana,0.00,4.32,Drive Box,8/23/25 6:51 AM,8/23/25 6:51 AM
3,,CASH,Ivana,Ivana,0.00,18.09,Drive Box,8/23/25 6:56 AM,8/23/25 6:50 AM
6,,CREDIT,Ivana,Ivana,0.00,7.34,,8/23/25 6:58 AM,8/23/25 6:52 AM
7,,CREDIT,Ivana,Ivana,0.00,12.96,,8/23/25 6:59 AM,8/23/25 6:58 AM
8,1,CASH,Esperansa,Esperansa,0.00,4.75,,8/23/25 7:02 AM,8/23/25 7:01 AM
9,,CASH,Ivana,Ivana,0.00,9.38,Drive Box,8/23/25 7:05 AM,8/23/25 7:05 AM
10,,CREDIT,Ivana,Ivana,0.00,10.77,,8/23/25 7:08 AM,8/23/25 7:08 AM
11,,CREDIT,Ivana,Ivana,0.00,7.55,,8/23/25 7:13 AM,8/23/25 7:09 AM
12,,CREDIT,Ivana,Ivana,0.00,15.19,,8/23/25 7:15 AM,8/23/25 7:13 AM
14,,CREDIT,Ivana,Ivana,2.00,7.34,,8/23/25 7:18 AM,8/23/25 7:17 AM
16,,CREDIT,Ivana,Ivana,2.00,3.73,,8/23/25 7:18 AM,8/23/25 7:18 AM
17,,CREDIT,Ivana,Ivana,1.00,7.02,,8/23/25 7:22 AM,8/23/25 7:19 AM
19,,CASH,Ivana,Ivana,0.00,15.56,Drive Box,8/23/25 7:24 AM,8/23/25 7:21 AM
21,,CREDIT,Ivana,Ivana,0.00,10.13,,8/23/25 7:26 AM,8/23/25 7:25 AM
22,,CASH,Ivana,Ivana,0.00,17.59,Drive Box,8/23/25 7:27 AM,8/23/25 7:26 AM
23,,CASH,Ivana,Ivana,0.00,7.82,Drive Box,8/23/25 7:31 AM,8/23/25 7:30 AM
24,,CREDIT,Ivana,Ivana,1.00,15.31,,8/23/25 7:36 AM,8/23/25 7:35 AM
28,,CREDIT,Ivana,Ivana,0.00,11.87,,8/23/25 7:43 AM,8/23/25 7:43 AM
30,,CREDIT,Ivana,Ivana,5.00,46.96,,8/23/25 7:47 AM,8/23/25 7:47 AM
27,,CREDIT,Rosie ,Rosie ,0.00,21.62,,8/23/25 7:53 AM,8/23/25 7:42 AM
31,,CASH,Ivana,Ivana,0.00,14.26,Drive Box,8/23/25 7:53 AM,8/23/25 7:49 AM
34,,CASH,Ivana,Ivana,0.00,14.03,Drive Box,8/23/25 7:56 AM,8/23/25 7:50 AM
2,25,CASH,Esperansa,Esperansa,0.00,13.59,,8/23/25 7:56 AM,8/23/25 6:48 AM
35,,CREDIT,Ivana,Ivana,0.00,11.67,,8/23/25 7:58 AM,8/23/25 7:50 AM
36,,CREDIT,Ivana,Ivana,2.00,11.88,,8/23/25 7:59 AM,8/23/25 7:53 AM
13,32,CASH,Esperansa,Esperansa,0.00,24.20,,8/23/25 8:02 AM,8/23/25 7:16 AM
38,,CREDIT,Ivana,Ivana,0.00,15.45,,8/23/25 8:03 AM,8/23/25 7:55 AM
39,,CREDIT,Ivana,Ivana,5.00,12.31,,8/23/25 8:04 AM,8/23/25 7:56 AM
26,17,CREDIT,Rosie ,Rosie ,10.00,22.96,,8/23/25 8:05 AM,8/23/25 7:36 AM
15,35,CREDIT,Esperansa,,5.00,10.03,,8/23/25 8:05 AM,8/23/25 7:18 AM
32,26,CREDIT,Esperansa,Rosie ,2.00,11.07,,8/23/25 8:06 AM,8/23/25 7:48 AM
42,,CREDIT,Ivana,Ivana,0.00,4.77,,8/23/25 8:06 AM,8/23/25 7:58 AM
42,,CASH,Ivana,Ivana,0.00,5.82,Drive Box,8/23/25 8:06 AM,8/23/25 7:58 AM
44,,CREDIT,Ivana,Ivana,0.00,7.33,,8/23/25 8:08 AM,8/23/25 8:01 AM
45,,CASH,Ivana,Ivana,0.00,3.56,Drive Box,8/23/25 8:10 AM,8/23/25 8:05 AM
46,,CREDIT,Ivana,Ivana,5.00,17.04,,8/23/25 8:11 AM,8/23/25 8:08 AM
47,,CREDIT,Ivana,Ivana,0.00,22.01,,8/23/25 8:13 AM,8/23/25 8:10 AM
48,,CASH,Ivana,Ivana,0.00,2.48,Drive Box,8/23/25 8:14 AM,8/23/25 8:11 AM
49,,CASH,Ivana,Ivana,0.00,25.86,Drive Box,8/23/25 8:16 AM,8/23/25 8:12 AM
25,22,CREDIT,Esperansa,Esperansa,5.00,32.68,,8/23/25 8:17 AM,8/23/25 7:34 AM
52,,CREDIT,Ivana,Ivana,0.00,6.90,,8/23/25 8:19 AM,8/23/25 8:18 AM
57,,CREDIT,Ivana,Ivana,0.00,2.70,,8/23/25 8:21 AM,8/23/25 8:21 AM
58,,CASH,Ivana,Ivana,0.00,13.83,Drive Box,8/23/25 8:26 AM,8/23/25 8:23 AM
41,31,CREDIT,Esperansa,Esperansa,3.00,14.81,,8/23/25 8:27 AM,8/23/25 8:00 AM
55,31,CREDIT,Esperansa,Esperansa,0.00,16.00,,8/23/25 8:28 AM,8/23/25 8:20 AM
43,38,CREDIT,Rosie ,Daniela,0.00,8.64,,8/23/25 8:28 AM,8/23/25 8:00 AM
60,,CREDIT,Ivana,Ivana,0.00,12.93,,8/23/25 8:29 AM,8/23/25 8:24 AM
54,31,CREDIT,Esperansa,Esperansa,5.00,15.40,,8/23/25 8:29 AM,8/23/25 8:20 AM
64,,CREDIT,Ivana,Ivana,3.44,18.63,,8/23/25 8:30 AM,8/23/25 8:28 AM
53,31,CREDIT,Esperansa,Esperansa,2.00,11.72,,8/23/25 8:30 AM,8/23/25 8:20 AM
56,31,CREDIT,Esperansa,Esperansa,2.00,14.81,,8/23/25 8:31 AM,8/23/25 8:20 AM
65,,CASH,Ivana,Ivana,0.00,1.94,Drive Box,8/23/25 8:32 AM,8/23/25 8:29 AM
66,,CREDIT,Ivana,Ivana,0.00,7.61,,8/23/25 8:33 AM,8/23/25 8:31 AM
67,,CASH,Ivana,Ivana,0.00,21.62,Drive Box,8/23/25 8:35 AM,8/23/25 8:33 AM
69,,CREDIT,Ivana,Ivana,2.00,6.47,,8/23/25 8:39 AM,8/23/25 8:38 AM
71,,CREDIT,Ivana,Ivana,2.55,13.80,,8/23/25 8:41 AM,8/23/25 8:40 AM
63,33,CREDIT,Silvia,Silvia,3.00,11.89,,8/23/25 8:41 AM,8/23/25 8:27 AM
51,39,CREDIT,Sergio,Sergio,5.00,38.10,,8/23/25 8:42 AM,8/23/25 8:18 AM
50,25,CREDIT,Rosa,,6.48,35.07,,8/23/25 8:44 AM,8/23/25 8:17 AM
72,,CREDIT,Ivana,Ivana,1.60,11.55,,8/23/25 8:45 AM,8/23/25 8:42 AM
73,,CREDIT,Ivana,Ivana,3.00,13.60,,8/23/25 8:48 AM,8/23/25 8:43 AM
59,24,CREDIT,Maria,Maria,0.00,14.05,,8/23/25 8:49 AM,8/23/25 8:23 AM
74,,CREDIT,Ivana,Ivana,2.09,15.05,,8/23/25 8:51 AM,8/23/25 8:44 AM
80,,CREDIT,Ivana,Ivana,1.69,12.20,,8/23/25 8:53 AM,8/23/25 8:49 AM
82,,CREDIT,Ivana,Ivana,0.00,39.26,,8/23/25 8:55 AM,8/23/25 8:51 AM
84,,CREDIT,Ivana,Ivana,3.00,37.75,,8/23/25 9:00 AM,8/23/25 8:54 AM
86,,CREDIT,Ivana,Ivana,2.12,15.34,,8/23/25 9:02 AM,8/23/25 8:55 AM
75,32,CREDIT,Maria,,5.64,30.54,,8/23/25 9:04 AM,8/23/25 8:45 AM
87,,CREDIT,Ivana,Ivana,0.00,20.31,,8/23/25 9:06 AM,8/23/25 9:04 AM
78,23,CASH,Rosa,Rosa,0.00,20.61,,8/23/25 9:08 AM,8/23/25 8:48 AM
68,18,CREDIT,Esperansa,Esperansa,5.00,26.44,,8/23/25 9:10 AM,8/23/25 8:37 AM
88,,CASH,Ivana,Ivana,0.00,11.43,Drive Box,8/23/25 9:11 AM,8/23/25 9:04 AM
89,,CREDIT,Ivana,Ivana,0.00,9.77,,8/23/25 9:12 AM,8/23/25 9:05 AM
90,,CREDIT,Ivana,Ivana,3.00,10.76,,8/23/25 9:13 AM,8/23/25 9:07 AM
14001,,CREDIT,Lizeth,Daniela,0.00,10.35,,8/23/25 9:14 AM,8/23/25 8:47 AM
92,,CREDIT,Ivana,Ivana,0.00,14.37,,8/23/25 9:15 AM,8/23/25 9:08 AM
85,25,CREDIT,Rosa,Rosa,0.00,35.68,,8/23/25 9:15 AM,8/23/25 8:55 AM
93,,CREDIT,Ivana,Ivana,2.00,10.14,,8/23/25 9:16 AM,8/23/25 9:12 AM
94,,CREDIT,Ivana,Ivana,0.00,13.24,,8/23/25 9:18 AM,8/23/25 9:12 AM
83,7,CASH,Isabel,Isabel,0.00,17.94,,8/23/25 9:20 AM,8/23/25 8:52 AM
95,,CREDIT,Ivana,Ivana,1.49,10.78,,8/23/25 9:21 AM,8/23/25 9:14 AM
96,,CREDIT,Ivana,Ivana,0.00,24.51,,8/23/25 9:22 AM,8/23/25 9:16 AM
97,,CREDIT,Ivana,Ivana,0.00,17.81,,8/23/25 9:24 AM,8/23/25 9:17 AM
81,37,CREDIT,Silvia,Silvia,6.00,20.01,,8/23/25 9:24 AM,8/23/25 8:49 AM
99,,CREDIT,Ivana,Ivana,0.00,9.05,,8/23/25 9:27 AM,8/23/25 9:21 AM
102,,CREDIT,Ivana,Ivana,0.00,8.63,,8/23/25 9:28 AM,8/23/25 9:22 AM
12001,20,CREDIT,Rosa,Rosa,3.00,16.77,,8/23/25 9:28 AM,8/23/25 9:13 AM
103,,CASH,Ivana,Ivana,0.00,15.96,Drive Box,8/23/25 9:30 AM,8/23/25 9:23 AM
104,,CREDIT,Ivana,Ivana,0.00,6.69,,8/23/25 9:31 AM,8/23/25 9:25 AM
98,,CREDIT,Lizeth,Lizeth,0.00,11.33,,8/23/25 9:32 AM,8/23/25 9:20 AM
113,,CASH,Lizeth,Lizeth,0.00,20.29,Front Left,8/23/25 9:33 AM,8/23/25 9:33 AM
108,,CREDIT,Ivana,Ivana,0.00,13.84,,8/23/25 9:33 AM,8/23/25 9:27 AM
109,,CASH,Ivana,Ivana,0.00,6.91,Drive Box,8/23/25 9:35 AM,8/23/25 9:29 AM
111,,CREDIT,Ivana,Ivana,5.84,42.13,,8/23/25 9:36 AM,8/23/25 9:31 AM
91,38,CREDIT,Isabel,Isabel,0.00,33.47,,8/23/25 9:39 AM,8/23/25 9:07 AM
119,,CREDIT,Lizeth,Lizeth,0.00,5.29,,8/23/25 9:40 AM,8/23/25 9:40 AM
112,,CREDIT,Ivana,Ivana,0.00,18.13,,8/23/25 9:41 AM,8/23/25 9:32 AM
114,,CASH,Ivana,Ivana,0.00,7.11,Drive Box,8/23/25 9:43 AM,8/23/25 9:34 AM
100,33,CREDIT,Maria,Maria,3.00,7.10,,8/23/25 9:44 AM,8/23/25 9:21 AM
116,,CREDIT,Ivana,Ivana,4.27,23.10,,8/23/25 9:45 AM,8/23/25 9:36 AM
117,,CREDIT,Ivana,Ivana,0.00,13.04,,8/23/25 9:47 AM,8/23/25 9:39 AM
110,,CREDIT,Lizeth,Lizeth,1.00,14.24,,8/23/25 9:47 AM,8/23/25 9:30 AM
122,,CREDIT,Ivana,Ivana,0.00,11.88,,8/23/25 9:49 AM,8/23/25 9:41 AM
124,,CREDIT,Ivana,Ivana,0.00,11.21,,8/23/25 9:50 AM,8/23/25 9:44 AM
125,,CREDIT,Ivana,Ivana,2.50,18.03,,8/23/25 9:52 AM,8/23/25 9:46 AM
128,,CREDIT,Ivana,Ivana,0.00,10.81,,8/23/25 9:53 AM,8/23/25 9:48 AM
137,,CASH,Lizeth,Lizeth,0.00,6.47,Front Left,8/23/25 9:55 AM,8/23/25 9:55 AM
131,,CREDIT,Ivana,Ivana,1.52,10.98,,8/23/25 9:56 AM,8/23/25 9:49 AM
134,,CASH,Ivana,Ivana,0.00,2.15,Drive Box,8/23/25 9:57 AM,8/23/25 9:52 AM
135,,CREDIT,Ivana,Ivana,2.00,7.34,,8/23/25 9:58 AM,8/23/25 9:53 AM
130,,CREDIT,Lizeth,Lizeth,0.00,9.94,,8/23/25 9:59 AM,8/23/25 9:49 AM
136,,CREDIT,Ivana,Ivana,0.00,17.30,,8/23/25 10:00 AM,8/23/25 9:54 AM
107,32,CREDIT,Isabel,Isabel,7.50,54.33,,8/23/25 10:02 AM,8/23/25 9:27 AM
101,24,CREDIT,Sergio,Sergio,2.00,15.42,,8/23/25 10:04 AM,8/23/25 9:22 AM
139,,CREDIT,Ivana,Ivana,0.00,20.51,,8/23/25 10:05 AM,8/23/25 9:57 AM
141,,CREDIT,Ivana,Ivana,1.67,9.06,,8/23/25 10:05 AM,8/23/25 9:58 AM
143,,CREDIT,Ivana,Ivana,1.28,9.27,,8/23/25 10:06 AM,8/23/25 9:59 AM
106,1,CREDIT,Rosa,Rosa,0.00,25.82,,8/23/25 10:08 AM,8/23/25 9:28 AM
144,,CREDIT,Ivana,Ivana,2.56,18.46,,8/23/25 10:08 AM,8/23/25 10:00 AM
151,,CASH,Ivana,Ivana,0.00,6.47,Drive Box,8/23/25 10:09 AM,8/23/25 10:05 AM
127,25,CREDIT,Sergio,Sergio,5.00,11.89,,8/23/25 10:10 AM,8/23/25 9:47 AM
152,,CREDIT,Ivana,Ivana,0.00,24.42,,8/23/25 10:10 AM,8/23/25 10:06 AM
153,,CREDIT,Ivana,Ivana,0.00,20.70,,8/23/25 10:11 AM,8/23/25 10:07 AM
154,,CREDIT,Ivana,Ivana,2.29,16.51,,8/23/25 10:13 AM,8/23/25 10:09 AM
115,,CREDIT,Lizeth,Lizeth,4.00,26.09,,8/23/25 10:14 AM,8/23/25 9:36 AM
155,,CASH,Ivana,Ivana,0.00,14.89,Drive Box,8/23/25 10:14 AM,8/23/25 10:10 AM
123,,CREDIT,Lizeth,Lizeth,2.00,19.77,,8/23/25 10:15 AM,8/23/25 9:43 AM
159,,CASH,Ivana,Ivana,0.00,19.09,Drive Box,8/23/25 10:16 AM,8/23/25 10:13 AM
162,,CASH,Lizeth,Lizeth,0.00,8.62,Front Left,8/23/25 10:17 AM,8/23/25 10:17 AM
161,17,CREDIT,Esperansa,Esperansa,0.00,35.04,,8/23/25 10:17 AM,8/23/25 10:13 AM
163,,CREDIT,Ivana,Ivana,0.00,26.26,,8/23/25 10:20 AM,8/23/25 10:20 AM
126,31,CREDIT,Maria,Maria,11.00,72.79,,8/23/25 10:22 AM,8/23/25 9:52 AM
133,7,CREDIT,Rosie ,Rosie ,0.00,38.08,,8/23/25 10:23 AM,8/23/25 9:52 AM
145,22,CREDIT,Rosa,Rosie ,10.00,38.65,,8/23/25 10:24 AM,8/23/25 10:00 AM
142,38,CREDIT,Esperansa,Esperansa,4.00,15.04,,8/23/25 10:24 AM,8/23/25 9:59 AM
166,,CASH,Ivana,Ivana,0.00,6.24,Drive Box,8/23/25 10:26 AM,8/23/25 10:20 AM
158,39,CREDIT,Rosa,Rosa,5.48,12.48,,8/23/25 10:26 AM,8/23/25 10:11 AM
173,,CREDIT,Lizeth,Lizeth,0.00,7.89,,8/23/25 10:27 AM,8/23/25 10:27 AM
149,23,CREDIT,Silvia,Silvia,8.00,42.35,,8/23/25 10:28 AM,8/23/25 10:08 AM
167,,CREDIT,Ivana,Ivana,0.00,23.22,,8/23/25 10:28 AM,8/23/25 10:22 AM
140,33,CREDIT,Silvia,,5.00,33.26,,8/23/25 10:28 AM,8/23/25 9:58 AM
168,,CREDIT,Ivana,Ivana,0.00,11.92,,8/23/25 10:31 AM,8/23/25 10:23 AM
170,,CREDIT,Ivana,Ivana,0.00,30.90,,8/23/25 10:32 AM,8/23/25 10:25 AM
138,18,CREDIT,Rosa,Rosa,0.00,53.47,,8/23/25 10:33 AM,8/23/25 9:57 AM
105,11,CASH,Rosa,Rosa,0.00,38.21,,8/23/25 10:34 AM,8/23/25 9:26 AM
172,,CASH,Ivana,Ivana,0.00,10.88,Drive Box,8/23/25 10:34 AM,8/23/25 10:28 AM
182,,CREDIT,Lizeth,Lizeth,0.00,8.04,,8/23/25 10:37 AM,8/23/25 10:37 AM
176,,CREDIT,Ivana,Ivana,0.00,2.15,,8/23/25 10:37 AM,8/23/25 10:30 AM
160,20,CREDIT,Silvia,,5.00,27.07,,8/23/25 10:38 AM,8/23/25 10:15 AM
181,,CREDIT,Ivana,Ivana,0.00,41.26,,8/23/25 10:39 AM,8/23/25 10:37 AM
148,37,CREDIT,Isabel,,6.09,43.99,,8/23/25 10:41 AM,8/23/25 10:01 AM
184,,CREDIT,Ivana,Ivana,0.00,9.26,,8/23/25 10:44 AM,8/23/25 10:38 AM
147,19,CREDIT,Maria,Daniela,0.00,32.08,,8/23/25 10:44 AM,8/23/25 10:02 AM
185,,CREDIT,Ivana,Ivana,2.00,26.01,,8/23/25 10:45 AM,8/23/25 10:39 AM
169,,CREDIT,Lizeth,Lizeth,0.00,19.09,,8/23/25 10:46 AM,8/23/25 10:25 AM
164,,CREDIT,Lizeth,Ivana,0.00,17.07,,8/23/25 10:48 AM,8/23/25 10:20 AM
188,,CREDIT,Ivana,Ivana,0.00,11.63,,8/23/25 10:49 AM,8/23/25 10:41 AM
22001,15,CREDIT,Isabel,Isabel,4.00,64.36,,8/23/25 10:50 AM,8/23/25 10:14 AM
193,,CREDIT,Ivana,Ivana,0.00,14.66,,8/23/25 10:50 AM,8/23/25 10:45 AM
171,10,CASH,Silvia,Silvia,0.00,18.36,,8/23/25 10:51 AM,8/23/25 10:27 AM
195,,CREDIT,Ivana,Ivana,2.00,6.79,,8/23/25 10:51 AM,8/23/25 10:46 AM
200,,CASH,Ivana,Ivana,0.00,8.19,Drive Box,8/23/25 10:53 AM,8/23/25 10:50 AM
201,,CREDIT,Ivana,Ivana,0.00,16.49,,8/23/25 10:55 AM,8/23/25 10:51 AM
180,16,CREDIT,Isabel,Daniela,2.00,6.47,,8/23/25 10:56 AM,8/23/25 10:36 AM
165,25,CREDIT,Maria,Maria,0.00,31.34,,8/23/25 10:58 AM,8/23/25 10:22 AM
202,,CREDIT,Ivana,Ivana,0.00,11.77,,8/23/25 10:59 AM,8/23/25 10:52 AM
194,,CREDIT,Lizeth,Lizeth,2.00,12.40,,8/23/25 10:59 AM,8/23/25 10:45 AM
146,36,CASH,Sergio,Sergio,0.00,20.09,,8/23/25 11:00 AM,8/23/25 10:00 AM
203,,CREDIT,Ivana,Ivana,0.00,20.40,,8/23/25 11:00 AM,8/23/25 10:54 AM
206,,CREDIT,Ivana,Ivana,0.00,29.20,,8/23/25 11:01 AM,8/23/25 10:55 AM
22002,22,CASH,Rosa,Rosa,0.00,4.32,,8/23/25 11:02 AM,8/23/25 10:37 AM
208,,CREDIT,Ivana,Ivana,0.00,25.47,,8/23/25 11:03 AM,8/23/25 10:55 AM
177,35,CREDIT,Maria,Maria,5.00,12.72,,8/23/25 11:03 AM,8/23/25 10:35 AM
175,32,CREDIT,Isabel,Lizeth,5.00,20.29,,8/23/25 11:04 AM,8/23/25 10:27 AM
157,4,CREDIT,Esperansa,Esperansa,0.00,30.07,,8/23/25 11:06 AM,8/23/25 10:10 AM
210,,CREDIT,Ivana,Ivana,0.00,34.00,,8/23/25 11:06 AM,8/23/25 11:00 AM
178,38,CREDIT,Silvia,Silvia,0.00,23.88,,8/23/25 11:06 AM,8/23/25 10:35 AM
190,23,CREDIT,Rosa,Lizeth,0.00,33.16,,8/23/25 11:09 AM,8/23/25 10:44 AM
214,,CREDIT,Ivana,Ivana,0.00,39.79,,8/23/25 11:10 AM,8/23/25 11:05 AM
225,,CASH,Lizeth,Lizeth,0.00,21.63,Front Left,8/23/25 11:12 AM,8/23/25 11:12 AM
174,42,CREDIT,Esperansa,Lizeth,10.00,45.08,,8/23/25 11:13 AM,8/23/25 10:27 AM
217,,CASH,Ivana,Ivana,0.00,38.00,Drive Box,8/23/25 11:14 AM,8/23/25 11:06 AM
217,,CREDIT,Ivana,Ivana,0.00,7.47,,8/23/25 11:14 AM,8/23/25 11:06 AM
191,24,CASH,Sergio,Sergio,0.00,50.62,,8/23/25 11:14 AM,8/23/25 10:43 AM
187,18,CREDIT,Maria,Lizeth,3.00,21.30,,8/23/25 11:15 AM,8/23/25 10:42 AM
218,,CREDIT,Ivana,Ivana,2.00,25.92,,8/23/25 11:16 AM,8/23/25 11:07 AM
192,31,CREDIT,Esperansa,,4.90,35.34,,8/23/25 11:17 AM,8/23/25 10:44 AM
219,,CREDIT,Ivana,Ivana,5.22,37.63,,8/23/25 11:18 AM,8/23/25 11:09 AM
205,37,CREDIT,Rosa,Rosa,0.00,64.41,,8/23/25 11:18 AM,8/23/25 10:55 AM
226,,CREDIT,Ivana,Ivana,0.00,17.17,,8/23/25 11:21 AM,8/23/25 11:12 AM
227,,CREDIT,Ivana,Ivana,0.00,22.01,,8/23/25 11:22 AM,8/23/25 11:13 AM
197,33,CREDIT,Sergio,Sergio,8.10,11.90,,8/23/25 11:23 AM,8/23/25 10:46 AM
229,,CREDIT,Ivana,Ivana,0.00,11.53,,8/23/25 11:23 AM,8/23/25 11:17 AM
220,,CREDIT,Lizeth,Lizeth,0.00,13.59,,8/23/25 11:24 AM,8/23/25 11:08 AM
230,,CREDIT,Ivana,Ivana,0.00,8.94,,8/23/25 11:24 AM,8/23/25 11:19 AM
232,,CASH,Ivana,Ivana,0.00,16.60,Drive Box,8/23/25 11:26 AM,8/23/25 11:22 AM
233,,CREDIT,Ivana,Ivana,1.93,9.50,,8/23/25 11:27 AM,8/23/25 11:22 AM
198,39,CREDIT,Silvia,Silvia,10.00,58.64,,8/23/25 11:28 AM,8/23/25 10:50 AM
237,,CASH,Ivana,Ivana,0.00,11.42,Drive Box,8/23/25 11:29 AM,8/23/25 11:25 AM
243,,CREDIT,Ivana,Ivana,1.00,14.92,,8/23/25 11:29 AM,8/23/25 11:28 AM
222,32,CREDIT,Maria,,0.00,26.25,,8/23/25 11:30 AM,8/23/25 11:12 AM
216,19,CREDIT,Sergio,Daniela,5.00,23.03,,8/23/25 11:32 AM,8/23/25 11:05 AM
247,,CREDIT,Ivana,Ivana,0.00,20.94,,8/23/25 11:35 AM,8/23/25 11:30 AM
245,,CREDIT,Lizeth,Lizeth,0.00,29.59,,8/23/25 11:39 AM,8/23/25 11:29 AM
248,,CREDIT,Ivana,Ivana,1.00,8.55,,8/23/25 11:40 AM,8/23/25 11:32 AM
252,,CREDIT,Ivana,Ivana,0.00,32.45,,8/23/25 11:41 AM,8/23/25 11:33 AM
246,,CREDIT,Lizeth,Lizeth,0.00,21.80,,8/23/25 11:42 AM,8/23/25 11:31 AM
209,10,CASH,Maria,Maria,0.00,40.81,,8/23/25 11:43 AM,8/23/25 11:02 AM
211,36,CREDIT,Isabel,Isabel,0.00,26.20,,8/23/25 11:43 AM,8/23/25 11:00 AM
267,36,CASH,Isabel,Isabel,0.00,13.34,,8/23/25 11:44 AM,8/23/25 11:41 AM
257,,CREDIT,Ivana,Ivana,0.00,18.13,,8/23/25 11:45 AM,8/23/25 11:37 AM
250,10,CREDIT,Maria,Maria,0.00,27.53,,8/23/25 11:46 AM,8/23/25 11:32 AM
261,,CREDIT,Ivana,Ivana,1.00,16.29,,8/23/25 11:46 AM,8/23/25 11:39 AM
262,,CREDIT,Ivana,Ivana,0.00,7.44,,8/23/25 11:47 AM,8/23/25 11:40 AM
269,,CASH,Lizeth,Lizeth,0.00,17.30,Front Left,8/23/25 11:47 AM,8/23/25 11:47 AM
204,4,CASH,Esperansa,Esperansa,0.00,34.44,,8/23/25 11:49 AM,8/23/25 10:55 AM
274,,CASH,Lizeth,Lizeth,0.00,3.88,Front Left,8/23/25 11:49 AM,8/23/25 11:49 AM
207,4,CASH,Esperansa,Esperansa,0.00,13.79,,8/23/25 11:49 AM,8/23/25 10:55 AM
199,7,CASH,Esperansa,Esperansa,0.00,36.51,,8/23/25 11:49 AM,8/23/25 10:48 AM
263,,CREDIT,Ivana,Ivana,0.00,10.45,,8/23/25 11:49 AM,8/23/25 11:40 AM
265,,CREDIT,Ivana,Ivana,1.00,6.47,,8/23/25 11:50 AM,8/23/25 11:41 AM
236,23,CREDIT,Maria,Maria,0.00,22.90,,8/23/25 11:50 AM,8/23/25 11:27 AM
240,38,CREDIT,Rosa,Rosa,0.00,31.79,,8/23/25 11:51 AM,8/23/25 11:26 AM
231,35,CREDIT,Esperansa,Esperansa,6.00,34.25,,8/23/25 11:52 AM,8/23/25 11:23 AM
266,,CREDIT,Ivana,Ivana,3.00,17.60,,8/23/25 11:52 AM,8/23/25 11:41 AM
179,1,CASH,Rosa,Rosa,0.00,28.10,,8/23/25 11:52 AM,8/23/25 10:35 AM
228,20,CREDIT,Silvia,Silvia,5.00,32.64,,8/23/25 11:53 AM,8/23/25 11:15 AM
224,25,CREDIT,Rosa,Rosa,10.00,64.27,,8/23/25 11:53 AM,8/23/25 11:11 AM
272,,CREDIT,Ivana,Ivana,2.00,36.91,,8/23/25 11:54 AM,8/23/25 11:49 AM
258,12,CREDIT,Esperansa,Esperansa,3.00,13.51,,8/23/25 11:57 AM,8/23/25 11:37 AM
271,,CASH,Lizeth,Lizeth,0.00,5.94,Front Left,8/23/25 11:58 AM,8/23/25 11:48 AM
273,,CREDIT,Ivana,Ivana,3.00,18.27,,8/23/25 11:59 AM,8/23/25 11:49 AM
241,,CASH,Lizeth,Lizeth,0.00,50.76,Front Left,8/23/25 12:00 PM,8/23/25 11:27 AM
251,17,CREDIT,Sergio,Sergio,0.00,45.24,,8/23/25 12:00 PM,8/23/25 11:33 AM
213,11,CASH,Silvia,Silvia,0.00,26.21,,8/23/25 12:01 PM,8/23/25 11:04 AM
276,,CREDIT,Ivana,Ivana,0.00,44.55,,8/23/25 12:01 PM,8/23/25 11:52 AM
255,15,CREDIT,Silvia,Silvia,5.00,17.15,,8/23/25 12:04 PM,8/23/25 11:37 AM
278,,CREDIT,Ivana,Ivana,0.00,10.81,,8/23/25 12:04 PM,8/23/25 11:54 AM
286,,CREDIT,Ivana,Ivana,0.00,23.00,,8/23/25 12:05 PM,8/23/25 12:04 PM
288,,CREDIT,Ivana,Ivana,0.00,6.03,,8/23/25 12:05 PM,8/23/25 12:05 PM
235,42,CASH,Isabel,Isabel,0.00,54.45,,8/23/25 12:05 PM,8/23/25 11:24 AM
281,,CREDIT,Ivana,Ivana,0.00,23.59,,8/23/25 12:06 PM,8/23/25 11:58 AM
289,,CREDIT,Ivana,Ivana,0.00,38.38,,8/23/25 12:07 PM,8/23/25 12:07 PM
256,33,CREDIT,Rosa,Rosa,5.00,30.26,,8/23/25 12:07 PM,8/23/25 11:36 AM
259,22,CREDIT,Silvia,Silvia,8.00,27.01,,8/23/25 12:08 PM,8/23/25 11:39 AM
14002,,CREDIT,Lizeth,Lizeth,2.00,13.43,,8/23/25 12:08 PM,8/23/25 12:08 PM
290,,CREDIT,Ivana,Ivana,0.00,20.40,,8/23/25 12:08 PM,8/23/25 12:08 PM
282,,CREDIT,Ivana,Ivana,2.00,18.67,,8/23/25 12:08 PM,8/23/25 11:59 AM
283,,CREDIT,Ivana,Ivana,0.00,17.15,,8/23/25 12:09 PM,8/23/25 12:02 PM
268,4,CREDIT,Silvia,Silvia,5.00,38.61,,8/23/25 12:10 PM,8/23/25 11:45 AM
293,,CREDIT,Ivana,Ivana,3.17,22.90,,8/23/25 12:10 PM,8/23/25 12:10 PM
260,37,CREDIT,Maria,Maria,0.00,21.40,,8/23/25 12:12 PM,8/23/25 11:39 AM
223,34,CREDIT,Isabel,Isabel,0.00,111.13,,8/23/25 12:15 PM,8/23/25 11:11 AM
291,,CASH,Ivana,Ivana,0.00,15.16,Drive Box,8/23/25 12:16 PM,8/23/25 12:09 PM
292,,CASH,Ivana,Ivana,0.00,11.12,Drive Box,8/23/25 12:17 PM,8/23/25 12:10 PM
280,23,CREDIT,Maria,Maria,5.00,37.30,,8/23/25 12:19 PM,8/23/25 11:59 AM
298,,CREDIT,Ivana,Ivana,0.00,30.35,,8/23/25 12:20 PM,8/23/25 12:20 PM
275,32,CASH,Isabel,Isabel,0.00,31.98,,8/23/25 12:23 PM,8/23/25 11:49 AM
270,26,CASH,Silvia,Silvia,0.00,11.45,,8/23/25 12:26 PM,8/23/25 11:48 AM
297,,CREDIT,Ivana,Ivana,0.00,27.84,,8/23/25 12:29 PM,8/23/25 12:18 PM
254,24,CASH,Isabel,Isabel,0.00,25.13,,8/23/25 12:29 PM,8/23/25 11:34 AM
284,36,CREDIT,Rosa,Rosa,5.00,33.51,,8/23/25 12:30 PM,8/23/25 12:03 PM
301,,CREDIT,Ivana,Ivana,0.00,9.61,,8/23/25 12:30 PM,8/23/25 12:24 PM
304,36,CREDIT,Rosa,Rosa,0.00,20.55,,8/23/25 12:30 PM,8/23/25 12:25 PM
294,15,CREDIT,Rosa,Rosa,4.00,16.51,,8/23/25 12:31 PM,8/23/25 12:11 PM
215,40,CREDIT,Esperansa,Esperansa,15.00,101.12,,8/23/25 12:32 PM,8/23/25 11:04 AM
302,,CREDIT,Ivana,Ivana,0.00,25.89,,8/23/25 12:32 PM,8/23/25 12:25 PM
295,,CREDIT,Lizeth,Lizeth,0.00,14.06,,8/23/25 12:33 PM,8/23/25 12:16 PM
285,20,CREDIT,Isabel,,5.40,29.20,,8/23/25 12:33 PM,8/23/25 12:03 PM
306,,CREDIT,Ivana,Ivana,0.00,1.94,,8/23/25 12:33 PM,8/23/25 12:33 PM
307,40,CREDIT,Esperansa,Esperansa,5.00,20.09,,8/23/25 12:38 PM,8/23/25 12:33 PM
309,,CREDIT,Ivana,Ivana,1.00,9.06,,8/23/25 12:38 PM,8/23/25 12:36 PM
311,,CREDIT,Ivana,Ivana,0.00,6.79,,8/23/25 12:40 PM,8/23/25 12:37 PM
312,,CREDIT,Ivana,Ivana,0.00,10.58,,8/23/25 12:45 PM,8/23/25 12:38 PM
317,,CASH,Ivana,Ivana,0.00,23.77,Drive Box,8/23/25 12:46 PM,8/23/25 12:41 PM
305,23,CASH,Isabel,Isabel,0.00,6.97,,8/23/25 12:48 PM,8/23/25 12:31 PM
326,,CASH,Ivana,Ivana,0.00,6.00,Drive Box,8/23/25 12:53 PM,8/23/25 12:53 PM
303,25,CREDIT,Silvia,Silvia,6.00,35.83,,8/23/25 12:53 PM,8/23/25 12:26 PM
326,,CREDIT,Ivana,Ivana,0.00,1.98,,8/23/25 12:53 PM,8/23/25 12:53 PM
320,,CREDIT,Ivana,Ivana,0.50,6.50,,8/23/25 12:54 PM,8/23/25 12:43 PM
322,,CASH,Ivana,Ivana,0.00,10.99,Drive Box,8/23/25 12:55 PM,8/23/25 12:44 PM
308,,CREDIT,Lizeth,Lizeth,0.00,14.26,,8/23/25 12:56 PM,8/23/25 12:35 PM
323,,CREDIT,Ivana,Ivana,0.00,10.56,,8/23/25 12:56 PM,8/23/25 12:46 PM
325,,CASH,Ivana,Ivana,0.00,6.80,Drive Box,8/23/25 12:57 PM,8/23/25 12:49 PM
327,,CASH,Ivana,Ivana,0.00,15.05,Drive Box,8/23/25 12:58 PM,8/23/25 12:56 PM
310,32,CREDIT,Maria,Maria,0.00,23.99,,8/23/25 1:01 PM,8/23/25 12:37 PM
329,,CASH,Ivana,Ivana,0.00,18.15,Drive Box,8/23/25 1:01 PM,8/23/25 1:01 PM
331,,CREDIT,Ivana,Ivana,0.00,34.61,,8/23/25 1:07 PM,8/23/25 1:04 PM
316,3,CREDIT,Silvia,,5.42,29.34,,8/23/25 1:11 PM,8/23/25 12:40 PM
332,26,CREDIT,Isabel,Isabel,0.00,22.66,,8/23/25 1:13 PM,8/23/25 1:06 PM
319,22,CREDIT,Rosa,Rosa,1.50,12.44,,8/23/25 1:13 PM,8/23/25 12:41 PM
319,22,CREDIT,Rosa,Rosa,1.50,12.44,,8/23/25 1:14 PM,8/23/25 12:41 PM
315,24,CASH,Rosa,Rosa,0.00,65.56,,8/23/25 1:14 PM,8/23/25 12:40 PM
318,26,CASH,Isabel,Isabel,0.00,3.02,,8/23/25 1:16 PM,8/23/25 12:40 PM
324,17,CREDIT,Rosa,Rosa,3.00,30.77,,8/23/25 1:17 PM,8/23/25 12:48 PM
333,,CASH,Ivana,Ivana,0.00,18.05,Drive Box,8/23/25 1:18 PM,8/23/25 1:09 PM
337,,CREDIT,Ivana,Ivana,0.00,2.15,,8/23/25 1:20 PM,8/23/25 1:13 PM
242,18,CASH,Esperansa,Esperansa,0.00,8.64,,8/23/25 1:20 PM,8/23/25 11:29 AM
338,,CREDIT,Ivana,Ivana,0.00,8.84,,8/23/25 1:21 PM,8/23/25 1:14 PM
343,,CREDIT,Ivana,Ivana,0.00,3.73,,8/23/25 1:21 PM,8/23/25 1:21 PM
340,,CREDIT,Ivana,Ivana,0.00,11.17,,8/23/25 1:23 PM,8/23/25 1:18 PM
341,,CASH,Ivana,Ivana,0.00,12.38,Drive Box,8/23/25 1:24 PM,8/23/25 1:20 PM
344,,CASH,Ivana,Ivana,0.00,4.30,Drive Box,8/23/25 1:28 PM,8/23/25 1:22 PM
339,,CREDIT,Lizeth,Lizeth,0.00,10.58,,8/23/25 1:30 PM,8/23/25 1:16 PM
296,41,CREDIT,Maria,Maria,0.00,75.39,,8/23/25 1:30 PM,8/23/25 12:20 PM
346,,CASH,Ivana,Ivana,0.00,6.46,Drive Box,8/23/25 1:33 PM,8/23/25 1:32 PM
299,10,CREDIT,Esperansa,Esperansa,5.00,49.45,,8/23/25 1:37 PM,8/23/25 12:21 PM
328,21,CREDIT,Maria,,0.00,19.14,,8/23/25 1:37 PM,8/23/25 12:57 PM
347,,CREDIT,Ivana,Ivana,1.75,8.62,,8/23/25 1:40 PM,8/23/25 1:34 PM
351,,CASH,Ivana,Ivana,0.00,4.15,Drive Box,8/23/25 1:42 PM,8/23/25 1:36 PM
352,,CREDIT,Ivana,Ivana,0.00,15.33,,8/23/25 1:43 PM,8/23/25 1:38 PM
336,7,CREDIT,Isabel,Isabel,3.00,30.77,,8/23/25 1:46 PM,8/23/25 1:12 PM
334,25,CASH,Silvia,Silvia,0.00,30.26,,8/23/25 1:47 PM,8/23/25 1:09 PM
355,,CREDIT,Ivana,Ivana,1.00,26.80,,8/23/25 1:53 PM,8/23/25 1:52 PM
345,22,CREDIT,Rosa,Rosa,0.00,49.78,,8/23/25 1:55 PM,8/23/25 1:27 PM
,,TIP_OUT,Lizeth,Lizeth,-11.00,0.00,House,8/23/25 1:58 PM,8/23/25 1:58 PM
357,,CASH,Ivana,Ivana,0.00,9.60,Drive Box,8/23/25 2:00 PM,8/23/25 1:59 PM
342,17,CREDIT,Esperansa,Esperansa,0.00,25.11,,8/23/25 2:02 PM,8/23/25 1:22 PM
356,24,CREDIT,Rosa,Rosa,4.00,14.33,,8/23/25 2:04 PM,8/23/25 1:52 PM
361,,CASH,Ivana,Ivana,0.00,18.34,Drive Box,8/23/25 2:05 PM,8/23/25 2:04 PM
19002,19,CASH,Esperansa,Esperansa,0.00,33.99,,8/23/25 2:07 PM,8/23/25 1:14 PM
353,18,CREDIT,Silvia,Silvia,6.91,37.40,,8/23/25 2:07 PM,8/23/25 1:37 PM
,,TIP_OUT,Ivana,Ivana,-109.48,0.00,House,8/23/25 2:08 PM,8/23/25 2:08 PM
350,23,CREDIT,Silvia,Silvia,10.00,56.34,,8/23/25 2:09 PM,8/23/25 1:37 PM
349,35,CASH,Isabel,Isabel,0.00,25.01,,8/23/25 2:12 PM,8/23/25 1:35 PM
368,,CREDIT,Lizeth,Lizeth,0.00,22.99,,8/23/25 2:22 PM,8/23/25 2:19 PM
354,32,CREDIT,Esperansa,Esperansa,3.50,30.21,,8/23/25 2:23 PM,8/23/25 1:48 PM
369,,CREDIT,Lizeth,Lizeth,0.00,44.88,,8/23/25 2:35 PM,8/23/25 2:22 PM
360,25,CREDIT,Isabel,Isabel,5.00,28.03,,8/23/25 2:35 PM,8/23/25 2:04 PM
359,1,CREDIT,Rosa,Rosa,10.00,56.57,,8/23/25 2:40 PM,8/23/25 2:02 PM
358,19,CREDIT,Maria,Giselle,0.00,62.98,,8/23/25 2:40 PM,8/23/25 2:05 PM
,,CASH_COLLECTED,Isabel,Isabel,0.00,177.84*,House,8/23/25 2:41 PM,8/23/25 2:41 PM
,,TIP_OUT,Isabel,Isabel,-55.32,0.00,House,8/23/25 2:41 PM,8/23/25 2:41 PM
370,,CREDIT,Lizeth,Lizeth,2.00,41.26,,8/23/25 2:42 PM,8/23/25 2:24 PM
363,31,CREDIT,Silvia,Silvia,10.00,149.15,,8/23/25 2:42 PM,8/23/25 2:06 PM
378,19,CASH,Maria,Maria,0.00,4.32,,8/23/25 2:43 PM,8/23/25 2:41 PM
364,40,CREDIT,Esperansa,Esperansa,5.00,26.39,,8/23/25 2:43 PM,8/23/25 2:08 PM
,,CASH_COLLECTED,Rosa,Rosa,0.00,156.80*,House,8/23/25 2:44 PM,8/23/25 2:44 PM
,,TIP_OUT,Rosa,Rosa,-68.96,0.00,House,8/23/25 2:44 PM,8/23/25 2:44 PM
321,33,CASH,Esperansa,Esperansa,0.00,35.90,,8/23/25 2:44 PM,8/23/25 12:42 PM
380,40,CREDIT,Esperansa,Esperansa,0.00,6.48,,8/23/25 2:49 PM,8/23/25 2:49 PM
371,,CREDIT,Lizeth,Lizeth,1.31,33.69,,8/23/25 2:50 PM,8/23/25 2:27 PM
,,CASH_COLLECTED,Silvia,Silvia,0.00,86.28*,House,8/23/25 2:51 PM,8/23/25 2:51 PM
,,TIP_OUT,Silvia,Silvia,-121.59,0.00,House,8/23/25 2:51 PM,8/23/25 2:51 PM
374,,CASH,Lizeth,Lizeth,0.00,13.75,Drive Box,8/23/25 2:52 PM,8/23/25 2:30 PM
376,,CASH,Lizeth,Lizeth,0.00,17.62,Drive Box,8/23/25 2:53 PM,8/23/25 2:35 PM
379,,CREDIT,Lizeth,Lizeth,0.00,19.31,,8/23/25 2:55 PM,8/23/25 2:43 PM
366,4,CREDIT,Maria,Giselle,5.00,51.12,,8/23/25 2:56 PM,8/23/25 2:18 PM
372,24,CREDIT,Esperansa,Esperansa,0.00,14.42,,8/23/25 2:57 PM,8/23/25 2:28 PM
389,24,CREDIT,Esperansa,Esperansa,3.00,18.86,,8/23/25 2:58 PM,8/23/25 2:56 PM
388,24,CREDIT,Esperansa,Esperansa,0.00,15.33,,8/23/25 2:58 PM,8/23/25 2:56 PM
381,,CASH,Lizeth,Lizeth,0.00,21.47,Drive Box,8/23/25 2:58 PM,8/23/25 2:50 PM
375,22,CREDIT,Esperansa,Esperansa,4.00,18.61,,8/23/25 3:01 PM,8/23/25 2:30 PM
386,,CREDIT,Lizeth,Lizeth,0.00,11.95,,8/23/25 3:01 PM,8/23/25 2:54 PM
390,,CREDIT,Lizeth,Lizeth,2.00,11.55,,8/23/25 3:04 PM,8/23/25 2:56 PM
377,15,CREDIT,Maria,Maria,0.00,35.84,,8/23/25 3:05 PM,8/23/25 2:38 PM
394,10,CASH,Esperansa,Esperansa,0.00,13.25,,8/23/25 3:05 PM,8/23/25 3:05 PM
373,23,CREDIT,Maria,Maria,5.00,13.51,,8/23/25 3:06 PM,8/23/25 2:28 PM
16001,,CREDIT,Lizeth,Lizeth,0.00,10.68,,8/23/25 3:06 PM,8/23/25 3:03 PM
348,10,CREDIT,Esperansa,Esperansa,0.00,32.85,,8/23/25 3:06 PM,8/23/25 1:34 PM
287,2,CASH,Esperansa,Esperansa,0.00,67.40,,8/23/25 3:08 PM,8/23/25 12:05 PM
396,,CASH,Lizeth,Lizeth,0.00,5.39,Drive Box,8/23/25 3:13 PM,8/23/25 3:11 PM
382,25,CREDIT,Maria,Maria,2.00,18.87,,8/23/25 3:16 PM,8/23/25 2:51 PM
398,,CREDIT,Lizeth,Lizeth,0.00,20.63,,8/23/25 3:21 PM,8/23/25 3:21 PM
397,,CREDIT,Lizeth,Lizeth,2.00,12.81,,8/23/25 3:23 PM,8/23/25 3:17 PM
383,33,CREDIT,Esperansa,Esperansa,5.00,26.98,,8/23/25 3:23 PM,8/23/25 2:53 PM
401,,CREDIT,Lizeth,Lizeth,0.00,9.93,,8/23/25 3:27 PM,8/23/25 3:26 PM
402,,CREDIT,Giselle,Giselle,0.00,25.05,,8/23/25 3:35 PM,8/23/25 3:35 PM
395,42,CREDIT,Maria,Maria,3.25,32.27,,8/23/25 3:44 PM,8/23/25 3:08 PM
404,,CASH,Lizeth,Lizeth,0.00,18.37,Drive Box,8/23/25 3:48 PM,8/23/25 3:48 PM
400,31,CREDIT,Esperansa,Esperansa,0.00,65.51,,8/23/25 3:52 PM,8/23/25 3:25 PM
406,1,CREDIT,Esperansa,Esperansa,0.00,16.63,,8/23/25 4:03 PM,8/23/25 4:03 PM
407,,CASH,Lizeth,Lizeth,0.00,16.96,Drive Box,8/23/25 4:08 PM,8/23/25 4:07 PM
403,23,CREDIT,Esperansa,Esperansa,3.00,14.05,,8/23/25 4:08 PM,8/23/25 3:41 PM
399,22,CASH,Maria,Maria,0.00,55.53,,8/23/25 4:32 PM,8/23/25 3:27 PM
16002,,CREDIT,Lizeth,Lizeth,3.00,15.14,,8/23/25 4:41 PM,8/23/25 4:40 PM
412,,CREDIT,Lizeth,Lizeth,2.00,32.52,,8/23/25 4:54 PM,8/23/25 4:53 PM
405,25,CREDIT,Maria,Maria,0.00,49.71,,8/23/25 5:00 PM,8/23/25 4:00 PM
416,,CREDIT,Lizeth,Lizeth,0.00,6.47,,8/23/25 5:00 PM,8/23/25 4:53 PM
417,,CREDIT,Lizeth,Lizeth,0.00,14.06,,8/23/25 5:02 PM,8/23/25 5:00 PM
410,32,CREDIT,Maria,Giselle,0.00,41.19,,8/23/25 5:10 PM,8/23/25 4:37 PM
419,,CREDIT,Lizeth,Lizeth,0.00,24.76,,8/23/25 5:12 PM,8/23/25 5:11 PM
414,38,CREDIT,Esperansa,Esperansa,3.00,16.97,,8/23/25 5:15 PM,8/23/25 4:52 PM
413,23,CREDIT,Maria,Maria,10.00,35.15,,8/23/25 5:16 PM,8/23/25 4:50 PM
420,,CREDIT,Lizeth,Lizeth,0.00,9.50,,8/23/25 5:19 PM,8/23/25 5:12 PM
421,,CREDIT,Lizeth,Lizeth,0.00,13.82,,8/23/25 5:21 PM,8/23/25 5:12 PM
423,,CREDIT,Lizeth,Lizeth,0.00,24.88,,8/23/25 5:23 PM,8/23/25 5:19 PM
411,7,CREDIT,Esperansa,Esperansa,6.10,44.01,,8/23/25 5:33 PM,8/23/25 4:36 PM
422,33,CREDIT,Maria,Maria,10.00,29.08,,8/23/25 5:43 PM,8/23/25 5:16 PM
426,38,CREDIT,Esperansa,Esperansa,7.00,30.82,,8/23/25 5:54 PM,8/23/25 5:23 PM
424,22,CREDIT,Maria,Maria,6.00,35.67,,8/23/25 5:58 PM,8/23/25 5:19 PM
418,11,CREDIT,Maria,Maria,15.00,61.63,,8/23/25 6:10 PM,8/23/25 5:10 PM
431,,CREDIT,Lizeth,Lizeth,0.00,41.10,,8/23/25 6:13 PM,8/23/25 6:09 PM
435,24,CASH,Esperansa,Esperansa,0.00,33.25,,8/23/25 6:19 PM,8/23/25 6:19 PM
433,,CREDIT,Lizeth,Lizeth,3.89,11.11,,8/23/25 6:26 PM,8/23/25 6:09 PM
429,26,CASH,Rosie ,Rosie ,0.00,17.30,,8/23/25 6:27 PM,8/23/25 5:38 PM
,,CASH_COLLECTED,Rosie ,Rosie ,0.00,17.30*,House,8/23/25 6:27 PM,8/23/25 6:27 PM
,,TIP_OUT,Rosie ,Rosie ,-10.00,0.00,House,8/23/25 6:27 PM,8/23/25 6:27 PM
437,,CREDIT,Lizeth,Lizeth,0.00,14.06,,8/23/25 6:28 PM,8/23/25 6:23 PM
444,,CASH,Lizeth,Lizeth,0.00,8.21,Drive Box,8/23/25 6:35 PM,8/23/25 6:33 PM
445,,CREDIT,Lizeth,Lizeth,0.00,8.63,,8/23/25 6:38 PM,8/23/25 6:36 PM
415,3,CREDIT,Sergio,Sergio,12.00,70.55,,8/23/25 6:44 PM,8/23/25 5:10 PM
451,,CASH,Lizeth,Lizeth,0.00,27.04,Drive Box,8/23/25 6:47 PM,8/23/25 6:46 PM
432,9,CREDIT,Maria,Giselle,11.00,66.74,,8/23/25 6:51 PM,8/23/25 6:13 PM
434,25,CREDIT,Esperansa,Esperansa,0.00,28.12,,8/23/25 6:52 PM,8/23/25 6:13 PM
428,4,CREDIT,Sergio,Sergio,0.00,53.53,,8/23/25 6:53 PM,8/23/25 5:36 PM
453,,CREDIT,Lizeth,Lizeth,0.00,14.00,,8/23/25 6:57 PM,8/23/25 6:53 PM
453,,CASH,Lizeth,Lizeth,0.00,2.18,Drive Box,8/23/25 6:58 PM,8/23/25 6:53 PM
441,31,CREDIT,Sergio,Sergio,0.00,38.07,,8/23/25 6:59 PM,8/23/25 6:34 PM
436,23,CASH,Maria,Maria,0.00,45.09,,8/23/25 6:59 PM,8/23/25 6:24 PM
440,31,CREDIT,Sergio,Sergio,0.00,22.36,,8/23/25 6:59 PM,8/23/25 6:34 PM
12002,23,CASH,Maria,Maria,0.00,10.16,,8/23/25 6:59 PM,8/23/25 6:44 PM
439,31,CREDIT,Sergio,Sergio,0.00,57.65,,8/23/25 7:00 PM,8/23/25 6:34 PM
430,31,CASH,Sergio,Sergio,0.00,39.09,,8/23/25 7:00 PM,8/23/25 6:08 PM
442,31,CREDIT,Sergio,,0.00,49.00,,8/23/25 7:01 PM,8/23/25 6:34 PM
447,32,CREDIT,Esperansa,Esperansa,10.00,41.30,,8/23/25 7:06 PM,8/23/25 6:36 PM
,,CASH_COLLECTED,Sergio,Sergio,0.00,109.80*,House,8/23/25 7:08 PM,8/23/25 7:08 PM
,,TIP_OUT,Sergio,Sergio,-69.26,0.00,House,8/23/25 7:08 PM,8/23/25 7:08 PM
425,17,CASH,Esperansa,Esperansa,0.00,22.05,,8/23/25 7:15 PM,8/23/25 5:21 PM
456,,CREDIT,Lizeth,Lizeth,0.00,54.45,,8/23/25 7:22 PM,8/23/25 7:21 PM
409,24,CASH,Esperansa,Esperansa,0.00,37.65,,8/23/25 7:29 PM,8/23/25 4:33 PM
454,22,CREDIT,Esperansa,Esperansa,7.00,61.08,,8/23/25 7:35 PM,8/23/25 6:57 PM
459,,CREDIT,Maria,Maria,0.00,10.50,,8/23/25 7:48 PM,8/23/25 7:30 PM
460,,CASH,Lizeth,Lizeth,0.00,6.04,Drive Box,8/23/25 7:51 PM,8/23/25 7:51 PM
461,,CASH,Lizeth,Lizeth,0.00,4.86,Drive Box,8/23/25 7:54 PM,8/23/25 7:53 PM
462,,CREDIT,Lizeth,Lizeth,0.00,35.87,,8/23/25 8:01 PM,8/23/25 8:01 PM
452,7,CASH,Esperansa,Esperansa,0.00,33.53,,8/23/25 8:06 PM,8/23/25 6:48 PM
463,,CREDIT,Lizeth,Lizeth,0.00,9.84,,8/23/25 8:09 PM,8/23/25 8:03 PM
464,,CREDIT,Lizeth,Lizeth,0.00,8.65,,8/23/25 8:12 PM,8/23/25 8:08 PM
465,,CASH,Lizeth,Lizeth,0.00,31.37,Drive Box,8/23/25 8:19 PM,8/23/25 8:19 PM
458,1,CREDIT,Esperansa,Esperansa,0.00,23.28,,8/23/25 8:25 PM,8/23/25 7:22 PM
458,1,CREDIT,Esperansa,Esperansa,0.00,130.06,,8/23/25 8:28 PM,8/23/25 7:22 PM
455,23,CREDIT,Maria,Maria,0.00,56.96,,8/23/25 8:31 PM,8/23/25 7:14 PM
465,,CASH,Lizeth,Lizeth,0.00,-31.37,Drive Box,8/23/25 8:32 PM,8/23/25 8:19 PM
465,,CASH,Lizeth,Lizeth,0.00,27.31,Drive Box,8/23/25 8:33 PM,8/23/25 8:19 PM
466,,CREDIT,Lizeth,Lizeth,2.00,5.40,,8/23/25 8:35 PM,8/23/25 8:22 PM
469,,CREDIT,Lizeth,Lizeth,1.00,17.31,,8/23/25 8:37 PM,8/23/25 8:28 PM
470,,CASH,Lizeth,Lizeth,0.00,15.88,Drive Box,8/23/25 8:38 PM,8/23/25 8:35 PM
472,,CREDIT,Lizeth,Lizeth,2.00,11.24,,8/23/25 8:40 PM,8/23/25 8:40 PM
474,,CASH,Lizeth,Lizeth,0.00,17.31,Drive Box,8/23/25 8:46 PM,8/23/25 8:42 PM
449,39,CASH,Maria,Maria,0.00,67.57,,8/23/25 8:47 PM,8/23/25 6:44 PM
473,,CREDIT,Giselle,Giselle,0.00,63.34,,8/23/25 8:50 PM,8/23/25 8:50 PM
,,CASH_COLLECTED,Maria,Maria,0.00,223.48*,House,8/23/25 8:52 PM,8/23/25 8:52 PM
,,TIP_OUT,Maria,Maria,-99.89,0.00,House,8/23/25 8:52 PM,8/23/25 8:52 PM
475,,CREDIT,Lizeth,Lizeth,10.00,24.75,,8/23/25 8:53 PM,8/23/25 8:45 PM
468,37,CREDIT,Esperansa,Esperansa,5.00,32.32,,8/23/25 8:55 PM,8/23/25 8:23 PM
478,,CREDIT,Lizeth,Lizeth,0.00,15.14,,8/23/25 8:58 PM,8/23/25 8:53 PM
479,,CREDIT,Lizeth,Lizeth,0.00,52.39,,8/23/25 9:05 PM,8/23/25 8:55 PM
481,,CASH,Lizeth,Lizeth,0.00,21.64,Drive Box,8/23/25 9:11 PM,8/23/25 9:05 PM
471,32,CREDIT,Esperansa,Esperansa,0.00,32.84,,8/23/25 9:20 PM,8/23/25 8:38 PM
19003,25,CASH,Esperansa,Esperansa,0.00,11.24,,8/23/25 9:40 PM,8/23/25 8:46 PM
,,CASH_COLLECTED,Esperansa,Esperansa,0.00,424.18*,House,8/23/25 9:48 PM,8/23/25 9:48 PM
,,TIP_OUT,Esperansa,Esperansa,-179.63,0.00,House,8/23/25 9:48 PM,8/23/25 9:48 PM
482,,CASH,Lizeth,Lizeth,0.00,12.10,Drive Box,8/23/25 10:02 PM,8/23/25 9:13 PM
,,TIP_OUT,Lizeth,Lizeth,-31.20,0.00,House,8/23/25 10:04 PM,8/23/25 10:04 PM
,,PAY_OUT,Mayra,,0.00,-195.00,House,8/23/25 10:08 PM,8/23/25 10:08 PM
,,PAY_OUT,Mayra,,0.00,-121.00,House,8/23/25 10:09 PM,8/23/25 10:09 PM
,,CLOSE_OUT_EXACT,Mayra,,0.00,0.00,Front Left,8/23/25 10:19 PM,8/23/25 10:19 PM
,,CLOSE_OUT_EXACT,Mayra,,0.00,0.00,Drive Box,8/23/25 10:19 PM,8/23/25 10:19 PM
,,TOTAL,,,-108.88,9713.37,,,
