Location,Order #,Opened,Server,Table,Revenue Center,Discount Amount,Amount,Tax,Tip,Gratuity,Duration (Opened to Paid)
Tink-a-Tako - Potranco,2,8/23/25 6:46 AM,Esperansa Caviedes,25,Dining Room,0.00,12.55,1.04,0.00,0.00,01:10:20
Tink-a-Tako - Potranco,1,8/23/25 5:56 AM,Ivana Abundiz,,Dining Room,0.00,15.35,1.27,0.00,0.00,00:54:01
Tink-a-Tako - Potranco,3,8/23/25 6:49 AM,Ivana Abundiz,,Dining Room,0.00,16.71,1.38,0.00,0.00,00:06:59
Tink-a-Tako - Potranco,4,8/23/25 6:51 AM,Ivana Abundiz,,Dining Room,0.00,0.00,0.00,0.00,0.00,00:00:12
Tink-a-Tako - Potranco,5,8/23/25 6:51 AM,Ivana Abundiz,,Dining Room,0.00,3.99,0.33,0.00,0.00,00:00:07
Tink-a-Tako - Potranco,6,8/23/25 6:52 AM,Ivana Abundiz,,Dining Room,0.00,6.78,0.56,0.00,0.00,00:06:10
Tink-a-Tako - Potranco,7,8/23/25 6:57 AM,Ivana Abundiz,,Dining Room,0.00,11.98,0.98,0.00,0.00,00:01:44
Tink-a-Tako - Potranco,8,8/23/25 7:01 AM,Esperansa Caviedes,1,Dining Room,0.00,4.39,0.36,0.00,0.00,00:00:47
Tink-a-Tako - Potranco,9,8/23/25 7:04 AM,Ivana Abundiz,,Dining Room,0.00,8.67,0.71,0.00,0.00,00:01:00
Tink-a-Tako - Potranco,10,8/23/25 7:05 AM,Ivana Abundiz,,Dining Room,0.00,9.95,0.82,0.00,0.00,00:03:11
Tink-a-Tako - Potranco,11,8/23/25 7:08 AM,Ivana Abundiz,,Dining Room,0.00,6.97,0.58,0.00,0.00,00:04:50
Tink-a-Tako - Potranco,12,8/23/25 7:13 AM,Ivana Abundiz,,Dining Room,0.00,14.04,1.15,0.00,0.00,00:02:02
Tink-a-Tako - Potranco,13,8/23/25 7:14 AM,Esperansa Caviedes,32,Dining Room,0.00,22.36,1.84,0.00,0.00,00:47:09
Tink-a-Tako - Potranco,14,8/23/25 7:16 AM,Ivana Abundiz,,Dining Room,0.00,6.77,0.57,2.00,0.00,00:01:48
Tink-a-Tako - Potranco,16,8/23/25 7:18 AM,Ivana Abundiz,,Dining Room,0.00,3.45,0.28,2.00,0.00,00:00:16
Tink-a-Tako - Potranco,15,8/23/25 7:18 AM,Esperansa Caviedes,35,Dining Room,0.00,9.27,0.76,5.00,0.00,00:47:56
Tink-a-Tako - Potranco,17,8/23/25 7:19 AM,Ivana Abundiz,,Dining Room,0.00,6.48,0.54,1.00,0.00,00:03:03
Tink-a-Tako - Potranco,19,8/23/25 7:21 AM,Ivana Abundiz,,Dining Room,0.00,14.37,1.19,0.00,0.00,00:03:08
Tink-a-Tako - Potranco,20,8/23/25 7:22 AM,Ivana Abundiz,,Dining Room,0.00,0.00,0.00,0.00,0.00,00:20:53
Tink-a-Tako - Potranco,21,8/23/25 7:25 AM,Ivana Abundiz,,Dining Room,0.00,9.36,0.77,0.00,0.00,00:02:29
Tink-a-Tako - Potranco,22,8/23/25 7:25 AM,Ivana Abundiz,,Dining Room,0.00,16.25,1.34,0.00,0.00,00:02:30
Tink-a-Tako - Potranco,23,8/23/25 7:29 AM,Ivana Abundiz,,Dining Room,0.00,7.22,0.60,0.00,0.00,00:01:50
Tink-a-Tako - Potranco,25,8/23/25 7:34 AM,Esperansa Caviedes,22,Dining Room,0.00,30.19,2.49,5.00,0.00,00:43:01
Tink-a-Tako - Potranco,24,8/23/25 7:34 AM,Ivana Abundiz,,Dining Room,0.00,14.15,1.16,1.00,0.00,00:02:11
Tink-a-Tako - Potranco,26,8/23/25 7:35 AM,Rosie  ORDONEZ,17,Dining Room,0.00,21.21,1.75,10.00,0.00,00:29:58
Tink-a-Tako - Potranco,27,8/23/25 7:41 AM,Rosie  ORDONEZ,,Dining Room,0.00,19.98,1.64,0.00,0.00,00:12:10
Tink-a-Tako - Potranco,28,8/23/25 7:41 AM,Ivana Abundiz,,Dining Room,0.00,10.96,0.91,0.00,0.00,00:01:56
Tink-a-Tako - Potranco,30,8/23/25 7:46 AM,Ivana Abundiz,,Dining Room,0.00,43.38,3.58,5.00,0.00,00:00:59
Tink-a-Tako - Potranco,32,8/23/25 7:47 AM,Esperansa Caviedes,26,Dining Room,0.00,10.23,0.84,2.00,0.00,00:18:37
Tink-a-Tako - Potranco,33,8/23/25 7:49 AM,Sergio Abundiz,,Dining Room,0.00,0.00,0.00,0.00,0.00,00:00:32
Tink-a-Tako - Potranco,31,8/23/25 7:47 AM,Ivana Abundiz,,Dining Room,0.00,13.17,1.09,0.00,0.00,00:05:59
Tink-a-Tako - Potranco,34,8/23/25 7:49 AM,Ivana Abundiz,,Dining Room,0.00,12.96,1.07,0.00,0.00,00:06:23
Tink-a-Tako - Potranco,35,8/23/25 7:50 AM,Ivana Abundiz,,Dining Room,0.00,10.78,0.89,0.00,0.00,00:08:03
Tink-a-Tako - Potranco,36,8/23/25 7:53 AM,Ivana Abundiz,,Dining Room,0.00,10.97,0.91,2.00,0.00,00:05:57
Tink-a-Tako - Potranco,38,8/23/25 7:55 AM,Ivana Abundiz,,Dining Room,0.00,14.26,1.19,0.00,0.00,00:08:09
Tink-a-Tako - Potranco,39,8/23/25 7:56 AM,Ivana Abundiz,,Dining Room,0.00,11.37,0.94,5.00,0.00,00:08:09
Tink-a-Tako - Potranco,42,8/23/25 7:58 AM,Ivana Abundiz,,Dining Room,0.00,9.78,0.81,0.00,0.00,00:08:16
Tink-a-Tako - Potranco,43,8/23/25 8:00 AM,Rosie  ORDONEZ,38,Dining Room,0.00,7.98,0.66,0.00,0.00,00:28:31
Tink-a-Tako - Potranco,41,8/23/25 7:57 AM,Esperansa Caviedes,31,Dining Room,0.00,67.22,5.52,12.00,0.00,00:33:52
Tink-a-Tako - Potranco,44,8/23/25 8:00 AM,Ivana Abundiz,,Dining Room,0.00,6.77,0.56,0.00,0.00,00:07:52
Tink-a-Tako - Potranco,45,8/23/25 8:04 AM,Ivana Abundiz,,Dining Room,0.00,3.29,0.27,0.00,0.00,00:06:00
Tink-a-Tako - Potranco,46,8/23/25 8:07 AM,Ivana Abundiz,,Dining Room,0.00,15.75,1.29,5.00,0.00,00:04:02
Tink-a-Tako - Potranco,47,8/23/25 8:09 AM,Ivana Abundiz,,Dining Room,0.00,20.33,1.68,0.00,0.00,00:03:52
Tink-a-Tako - Potranco,48,8/23/25 8:11 AM,Ivana Abundiz,,Dining Room,0.00,2.29,0.19,0.00,0.00,00:03:20
Tink-a-Tako - Potranco,49,8/23/25 8:11 AM,Ivana Abundiz,,Dining Room,0.00,23.88,1.98,0.00,0.00,00:04:43
Tink-a-Tako - Potranco,50,8/23/25 8:16 AM,Rosa Compean,25,Dining Room,0.00,32.40,2.67,6.48,0.00,00:27:49
Tink-a-Tako - Potranco,52,8/23/25 8:17 AM,Ivana Abundiz,,Dining Room,0.00,6.37,0.53,0.00,0.00,00:01:45
Tink-a-Tako - Potranco,51,8/23/25 8:17 AM,Sergio Abundiz,39,Dining Room,0.00,35.20,2.90,5.00,0.00,00:25:02
Tink-a-Tako - Potranco,57,8/23/25 8:21 AM,Ivana Abundiz,,Dining Room,0.00,2.49,0.21,0.00,0.00,00:00:59
Tink-a-Tako - Potranco,58,8/23/25 8:22 AM,Ivana Abundiz,,Dining Room,0.00,12.77,1.06,0.00,0.00,00:03:26
Tink-a-Tako - Potranco,59,8/23/25 8:23 AM,Maria Majana,24,Dining Room,0.00,12.98,1.07,0.00,0.00,00:26:54
Tink-a-Tako - Potranco,60,8/23/25 8:23 AM,Ivana Abundiz,,Dining Room,0.00,11.95,0.98,0.00,0.00,00:06:18
Tink-a-Tako - Potranco,61,8/23/25 8:23 AM,Daniela Torres,,Dining Room,50.76,0.00,0.00,0.00,0.00,06:18:14
Tink-a-Tako - Potranco,63,8/23/25 8:27 AM,Silvia Hernandez,33,Dining Room,0.00,10.98,0.91,3.00,0.00,00:14:28
Tink-a-Tako - Potranco,64,8/23/25 8:27 AM,Ivana Abundiz,,Dining Room,0.00,17.21,1.42,3.44,0.00,00:04:15
Tink-a-Tako - Potranco,65,8/23/25 8:29 AM,Ivana Abundiz,,Dining Room,0.00,1.79,0.15,0.00,0.00,00:02:57
Tink-a-Tako - Potranco,66,8/23/25 8:31 AM,Ivana Abundiz,,Dining Room,0.00,7.03,0.58,0.00,0.00,00:03:08
Tink-a-Tako - Potranco,67,8/23/25 8:32 AM,Ivana Abundiz,,Dining Room,0.00,19.98,1.64,0.00,0.00,00:02:26
Tink-a-Tako - Potranco,68,8/23/25 8:37 AM,Esperansa Caviedes,18,Dining Room,0.00,24.44,2.00,5.00,0.00,00:33:12
Tink-a-Tako - Potranco,69,8/23/25 8:37 AM,Ivana Abundiz,,Dining Room,0.00,5.98,0.49,2.00,0.00,00:02:05
Tink-a-Tako - Potranco,71,8/23/25 8:40 AM,Ivana Abundiz,,Dining Room,0.00,12.74,1.06,2.55,0.00,00:01:35
Tink-a-Tako - Potranco,72,8/23/25 8:41 AM,Ivana Abundiz,,Dining Room,0.00,10.68,0.87,1.60,0.00,00:04:03
Tink-a-Tako - Potranco,73,8/23/25 8:42 AM,Ivana Abundiz,,Dining Room,0.00,12.57,1.03,3.00,0.00,00:07:39
Tink-a-Tako - Potranco,74,8/23/25 8:44 AM,Ivana Abundiz,,Dining Room,0.00,13.91,1.14,2.09,0.00,00:08:06
Tink-a-Tako - Potranco,75,8/23/25 8:44 AM,Maria Majana,32,Dining Room,0.00,28.21,2.33,5.64,0.00,00:19:52
Tink-a-Tako - Potranco,14001,8/23/25 8:45 AM,Lizeth Alonso,,Dining Room,0.00,9.56,0.79,0.00,0.00,00:28:30
Tink-a-Tako - Potranco,78,8/23/25 8:48 AM,Rosa Compean,23,Dining Room,0.00,19.04,1.57,0.00,0.00,00:20:34
Tink-a-Tako - Potranco,80,8/23/25 8:48 AM,Ivana Abundiz,,Dining Room,0.00,11.26,0.94,1.69,0.00,00:04:45
Tink-a-Tako - Potranco,81,8/23/25 8:48 AM,Silvia Hernandez,37,Dining Room,2.63,18.48,1.53,6.00,0.00,00:35:35
Tink-a-Tako - Potranco,82,8/23/25 8:50 AM,Ivana Abundiz,,Dining Room,0.00,36.27,2.99,0.00,0.00,00:05:06
Tink-a-Tako - Potranco,83,8/23/25 8:52 AM,Isabel Cisneros,7,Dining Room,0.00,16.58,1.36,0.00,0.00,00:28:15
Tink-a-Tako - Potranco,84,8/23/25 8:53 AM,Ivana Abundiz,,Dining Room,0.00,34.87,2.88,3.00,0.00,00:07:06
Tink-a-Tako - Potranco,86,8/23/25 8:55 AM,Ivana Abundiz,,Dining Room,0.00,14.16,1.18,2.12,0.00,00:09:10
Tink-a-Tako - Potranco,85,8/23/25 8:54 AM,Rosa Compean,25,Dining Room,0.00,32.96,2.72,0.00,0.00,00:20:58
Tink-a-Tako - Potranco,87,8/23/25 9:02 AM,Ivana Abundiz,,Dining Room,0.00,18.76,1.55,0.00,0.00,00:04:50
Tink-a-Tako - Potranco,88,8/23/25 9:04 AM,Ivana Abundiz,,Dining Room,0.00,10.57,0.86,0.00,0.00,00:06:39
Tink-a-Tako - Potranco,89,8/23/25 9:05 AM,Ivana Abundiz,,Dining Room,0.00,9.03,0.74,0.00,0.00,00:07:30
Tink-a-Tako - Potranco,90,8/23/25 9:06 AM,Ivana Abundiz,,Dining Room,0.00,9.95,0.81,3.00,0.00,00:07:23
Tink-a-Tako - Potranco,91,8/23/25 9:07 AM,Isabel Cisneros,38,Dining Room,0.00,30.92,2.55,0.00,0.00,00:31:57
Tink-a-Tako - Potranco,92,8/23/25 9:07 AM,Ivana Abundiz,,Dining Room,0.00,13.27,1.10,0.00,0.00,00:07:12
Tink-a-Tako - Potranco,93,8/23/25 9:11 AM,Ivana Abundiz,,Dining Room,0.00,9.37,0.77,2.00,0.00,00:04:55
Tink-a-Tako - Potranco,94,8/23/25 9:12 AM,Ivana Abundiz,,Dining Room,0.00,12.24,1.00,0.00,0.00,00:05:53
Tink-a-Tako - Potranco,12001,8/23/25 9:12 AM,Rosa Compean,20,Dining Room,0.00,15.50,1.27,3.00,0.00,00:16:30
Tink-a-Tako - Potranco,95,8/23/25 9:14 AM,Ivana Abundiz,,Dining Room,0.00,9.96,0.82,1.49,0.00,00:07:44
Tink-a-Tako - Potranco,96,8/23/25 9:15 AM,Ivana Abundiz,,Dining Room,0.00,22.64,1.87,0.00,0.00,00:07:28
Tink-a-Tako - Potranco,97,8/23/25 9:16 AM,Ivana Abundiz,,Dining Room,0.00,16.45,1.36,0.00,0.00,00:07:40
Tink-a-Tako - Potranco,98,8/23/25 9:19 AM,Lizeth Alonso,,Dining Room,0.00,10.46,0.87,0.00,0.00,00:12:45
Tink-a-Tako - Potranco,99,8/23/25 9:20 AM,Ivana Abundiz,,Dining Room,0.00,8.36,0.69,0.00,0.00,00:07:34
Tink-a-Tako - Potranco,100,8/23/25 9:20 AM,Maria Majana,33,Dining Room,0.00,6.57,0.53,3.00,0.00,00:23:47
Tink-a-Tako - Potranco,102,8/23/25 9:21 AM,Ivana Abundiz,,Dining Room,0.00,7.97,0.66,0.00,0.00,00:07:32
Tink-a-Tako - Potranco,101,8/23/25 9:21 AM,Sergio Abundiz,24,Dining Room,0.00,14.24,1.18,2.00,0.00,00:42:45
Tink-a-Tako - Potranco,103,8/23/25 9:23 AM,Ivana Abundiz,,Dining Room,0.00,14.75,1.21,0.00,0.00,00:07:25
Tink-a-Tako - Potranco,104,8/23/25 9:24 AM,Ivana Abundiz,,Dining Room,0.00,6.18,0.51,0.00,0.00,00:07:14
Tink-a-Tako - Potranco,105,8/23/25 9:25 AM,Rosa Compean,11,Dining Room,0.00,35.30,2.91,0.00,0.00,01:09:22
Tink-a-Tako - Potranco,107,8/23/25 9:26 AM,Isabel Cisneros,32,Dining Room,0.00,50.18,4.15,7.50,0.00,00:35:40
Tink-a-Tako - Potranco,108,8/23/25 9:27 AM,Ivana Abundiz,,Dining Room,0.00,12.80,1.04,0.00,0.00,00:07:02
Tink-a-Tako - Potranco,106,8/23/25 9:26 AM,Rosa Compean,1,Dining Room,0.00,23.86,1.96,0.00,0.00,00:41:07
Tink-a-Tako - Potranco,109,8/23/25 9:29 AM,Ivana Abundiz,,Dining Room,0.00,6.39,0.52,0.00,0.00,00:06:16
Tink-a-Tako - Potranco,110,8/23/25 9:30 AM,Lizeth Alonso,,Dining Room,0.00,13.16,1.08,1.00,0.00,00:17:32
Tink-a-Tako - Potranco,111,8/23/25 9:30 AM,Ivana Abundiz,,Dining Room,0.00,38.93,3.20,5.84,0.00,00:07:18
Tink-a-Tako - Potranco,19001,8/23/25 9:32 AM,Esperansa Caviedes,17,Dining Room,0.00,32.38,2.66,0.00,0.00,00:45:31
Tink-a-Tako - Potranco,112,8/23/25 9:32 AM,Ivana Abundiz,,Dining Room,0.00,16.75,1.38,0.00,0.00,00:22:46
Tink-a-Tako - Potranco,113,8/23/25 9:32 AM,Lizeth Alonso,,Dining Room,0.00,18.74,1.55,0.00,0.00,00:01:17
Tink-a-Tako - Potranco,114,8/23/25 9:34 AM,Ivana Abundiz,,Dining Room,0.00,6.57,0.54,0.00,0.00,00:09:49
Tink-a-Tako - Potranco,116,8/23/25 9:35 AM,Ivana Abundiz,,Dining Room,0.00,21.34,1.76,4.27,0.00,00:10:39
Tink-a-Tako - Potranco,115,8/23/25 9:35 AM,Lizeth Alonso,,Dining Room,0.00,24.10,1.99,4.00,0.00,00:38:38
Tink-a-Tako - Potranco,117,8/23/25 9:39 AM,Ivana Abundiz,,Dining Room,0.00,12.05,0.99,0.00,0.00,00:08:05
Tink-a-Tako - Potranco,119,8/23/25 9:39 AM,Lizeth Alonso,,Dining Room,0.00,4.89,0.40,0.00,0.00,00:00:46
Tink-a-Tako - Potranco,120,8/23/25 9:40 AM,Lizeth Alonso,,Dining Room,0.00,0.00,0.00,0.00,0.00,00:00:59
Tink-a-Tako - Potranco,122,8/23/25 9:41 AM,Ivana Abundiz,,Dining Room,0.00,10.97,0.91,0.00,0.00,00:07:55
Tink-a-Tako - Potranco,123,8/23/25 9:42 AM,Lizeth Alonso,,Dining Room,0.00,18.26,1.51,2.00,0.00,00:32:47
Tink-a-Tako - Potranco,124,8/23/25 9:44 AM,Ivana Abundiz,,Dining Room,0.00,10.35,0.86,0.00,0.00,00:07:18
Tink-a-Tako - Potranco,125,8/23/25 9:45 AM,Ivana Abundiz,,Dining Room,0.00,16.66,1.37,2.50,0.00,00:07:20
Tink-a-Tako - Potranco,128,8/23/25 9:47 AM,Ivana Abundiz,,Dining Room,0.00,9.99,0.82,0.00,0.00,00:06:25
Tink-a-Tako - Potranco,130,8/23/25 9:48 AM,Lizeth Alonso,,Dining Room,0.00,9.18,0.76,0.00,0.00,00:11:20
Tink-a-Tako - Potranco,131,8/23/25 9:49 AM,Ivana Abundiz,,Dining Room,0.00,10.15,0.83,1.52,0.00,00:07:51
Tink-a-Tako - Potranco,127,8/23/25 9:47 AM,Sergio Abundiz,25,Dining Room,0.00,10.98,0.91,5.00,0.00,00:23:12
Tink-a-Tako - Potranco,134,8/23/25 9:51 AM,Ivana Abundiz,,Dining Room,0.00,1.99,0.16,0.00,0.00,00:05:37
Tink-a-Tako - Potranco,126,8/23/25 9:45 AM,Maria Majana,31,Dining Room,0.00,67.23,5.56,11.00,0.00,00:37:15
Tink-a-Tako - Potranco,133,8/23/25 9:51 AM,Rosie  ORDONEZ,7,Dining Room,0.00,35.19,2.89,0.00,0.00,00:32:10
Tink-a-Tako - Potranco,135,8/23/25 9:52 AM,Ivana Abundiz,,Dining Room,0.00,6.78,0.56,2.00,0.00,00:06:21
Tink-a-Tako - Potranco,136,8/23/25 9:53 AM,Ivana Abundiz,,Dining Room,0.00,15.98,1.32,0.00,0.00,00:07:23
Tink-a-Tako - Potranco,137,8/23/25 9:55 AM,Lizeth Alonso,,Dining Room,0.00,5.98,0.49,0.00,0.00,00:00:16
Tink-a-Tako - Potranco,138,8/23/25 9:55 AM,Rosa Compean,18,Dining Room,0.00,49.40,4.07,0.00,0.00,00:37:42
Tink-a-Tako - Potranco,139,8/23/25 9:56 AM,Ivana Abundiz,,Dining Room,0.00,18.95,1.56,0.00,0.00,00:08:26
Tink-a-Tako - Potranco,141,8/23/25 9:57 AM,Ivana Abundiz,,Dining Room,0.00,8.37,0.69,1.67,0.00,00:08:19
Tink-a-Tako - Potranco,140,8/23/25 9:57 AM,Silvia Hernandez,33,Dining Room,0.00,30.72,2.54,5.00,0.00,00:31:15
Tink-a-Tako - Potranco,142,8/23/25 9:58 AM,Esperansa Caviedes,38,Dining Room,0.00,13.90,1.14,4.00,0.00,00:26:13
Tink-a-Tako - Potranco,143,8/23/25 9:59 AM,Ivana Abundiz,,Dining Room,0.00,8.56,0.71,1.28,0.00,00:08:52
Tink-a-Tako - Potranco,144,8/23/25 9:59 AM,Ivana Abundiz,,Dining Room,0.00,17.05,1.41,2.56,0.00,00:09:31
Tink-a-Tako - Potranco,146,8/23/25 10:00 AM,Sergio Abundiz,36,Dining Room,0.00,18.55,1.54,0.00,0.00,00:59:57
Tink-a-Tako - Potranco,145,8/23/25 9:59 AM,Rosa Compean,22,Dining Room,0.00,35.69,2.96,10.00,0.00,00:24:36
Tink-a-Tako - Potranco,148,8/23/25 10:01 AM,Isabel Cisneros,37,Dining Room,0.00,40.63,3.36,6.09,0.00,00:39:47
Tink-a-Tako - Potranco,147,8/23/25 10:00 AM,Maria Majana,19,Dining Room,0.00,29.65,2.43,0.00,0.00,00:43:58
Tink-a-Tako - Potranco,151,8/23/25 10:05 AM,Ivana Abundiz,,Dining Room,0.00,5.98,0.49,0.00,0.00,00:04:20
Tink-a-Tako - Potranco,152,8/23/25 10:05 AM,Ivana Abundiz,,Dining Room,0.00,22.55,1.87,0.00,0.00,00:05:29
Tink-a-Tako - Potranco,153,8/23/25 10:06 AM,Ivana Abundiz,,Dining Room,0.00,19.13,1.57,0.00,0.00,00:05:42
Tink-a-Tako - Potranco,149,8/23/25 10:04 AM,Silvia Hernandez,23,Dining Room,0.00,39.13,3.22,8.00,0.00,00:23:33
Tink-a-Tako - Potranco,154,8/23/25 10:09 AM,Ivana Abundiz,,Dining Room,0.00,15.26,1.25,2.29,0.00,00:04:25
Tink-a-Tako - Potranco,155,8/23/25 10:10 AM,Ivana Abundiz,,Dining Room,0.00,13.76,1.13,0.00,0.00,00:04:05
Tink-a-Tako - Potranco,157,8/23/25 10:10 AM,Esperansa Caviedes,4,Dining Room,0.00,61.05,5.04,0.00,12.21,01:38:48
Tink-a-Tako - Potranco,158,8/23/25 10:11 AM,Rosa Compean,39,Dining Room,0.00,11.54,0.94,5.48,0.00,00:15:26
Tink-a-Tako - Potranco,159,8/23/25 10:12 AM,Ivana Abundiz,,Dining Room,0.00,17.63,1.46,0.00,0.00,00:03:27
Tink-a-Tako - Potranco,22001,8/23/25 10:13 AM,Isabel Cisneros,15,Dining Room,0.00,59.45,4.91,4.00,0.00,00:37:42
Tink-a-Tako - Potranco,160,8/23/25 10:13 AM,Silvia Hernandez,20,Dining Room,0.00,25.01,2.06,5.00,0.00,00:25:13
Tink-a-Tako - Potranco,162,8/23/25 10:16 AM,Lizeth Alonso,,Dining Room,0.00,7.97,0.65,0.00,0.00,00:01:00
Tink-a-Tako - Potranco,163,8/23/25 10:19 AM,Ivana Abundiz,,Dining Room,0.00,24.25,2.01,0.00,0.00,00:06:33
Tink-a-Tako - Potranco,164,8/23/25 10:19 AM,Lizeth Alonso,,Dining Room,0.00,15.76,1.31,0.00,0.00,00:29:11
Tink-a-Tako - Potranco,166,8/23/25 10:20 AM,Ivana Abundiz,,Dining Room,0.00,5.77,0.47,0.00,0.00,00:06:11
Tink-a-Tako - Potranco,165,8/23/25 10:20 AM,Maria Majana,25,Dining Room,0.00,28.95,2.39,0.00,0.00,00:38:58
Tink-a-Tako - Potranco,167,8/23/25 10:21 AM,Ivana Abundiz,,Dining Room,0.00,21.45,1.77,0.00,0.00,00:07:19
Tink-a-Tako - Potranco,168,8/23/25 10:23 AM,Ivana Abundiz,,Dining Room,0.00,11.01,0.91,0.00,0.00,00:08:06
Tink-a-Tako - Potranco,169,8/23/25 10:24 AM,Lizeth Alonso,,Dining Room,0.00,17.64,1.45,0.00,0.00,00:21:40
Tink-a-Tako - Potranco,170,8/23/25 10:24 AM,Ivana Abundiz,,Dining Room,0.00,28.55,2.35,0.00,0.00,00:09:27
Tink-a-Tako - Potranco,171,8/23/25 10:26 AM,Silvia Hernandez,10,Dining Room,0.00,16.95,1.41,0.00,0.00,00:24:21
Tink-a-Tako - Potranco,175,8/23/25 10:27 AM,Isabel Cisneros,32,Dining Room,0.00,18.74,1.55,5.00,0.00,00:37:02
Tink-a-Tako - Potranco,174,8/23/25 10:27 AM,Esperansa Caviedes,42,Dining Room,0.00,41.67,3.41,10.00,0.00,00:46:06
Tink-a-Tako - Potranco,173,8/23/25 10:27 AM,Lizeth Alonso,,Dining Room,0.00,7.28,0.61,0.00,0.00,00:00:25
Tink-a-Tako - Potranco,172,8/23/25 10:26 AM,Ivana Abundiz,,Dining Room,0.00,10.05,0.83,0.00,0.00,00:07:49
Tink-a-Tako - Potranco,176,8/23/25 10:30 AM,Ivana Abundiz,,Dining Room,0.00,1.99,0.16,0.00,0.00,00:07:24
Tink-a-Tako - Potranco,179,8/23/25 10:34 AM,Rosa Compean,1,Dining Room,0.00,25.96,2.14,0.00,0.00,01:17:47
Tink-a-Tako - Potranco,177,8/23/25 10:32 AM,Maria Majana,35,Dining Room,0.00,11.75,0.97,5.00,0.00,00:30:48
Tink-a-Tako - Potranco,178,8/23/25 10:33 AM,Silvia Hernandez,38,Dining Room,0.00,22.07,1.81,0.00,0.00,00:32:45
Tink-a-Tako - Potranco,180,8/23/25 10:35 AM,Isabel Cisneros,16,Dining Room,6.00,5.98,0.49,2.00,0.00,00:20:48
Tink-a-Tako - Potranco,22002,8/23/25 10:37 AM,Rosa Compean,22,Dining Room,0.00,3.99,0.33,0.00,0.00,00:25:21
Tink-a-Tako - Potranco,182,8/23/25 10:37 AM,Lizeth Alonso,,Dining Room,0.00,7.43,0.61,0.00,0.00,00:00:18
Tink-a-Tako - Potranco,181,8/23/25 10:36 AM,Ivana Abundiz,,Dining Room,0.00,38.10,3.16,0.00,0.00,00:03:11
Tink-a-Tako - Potranco,184,8/23/25 10:38 AM,Ivana Abundiz,,Dining Room,0.00,8.56,0.70,0.00,0.00,00:06:11
Tink-a-Tako - Potranco,185,8/23/25 10:38 AM,Ivana Abundiz,,Dining Room,0.00,24.03,1.98,2.00,0.00,00:07:06
Tink-a-Tako - Potranco,188,8/23/25 10:40 AM,Ivana Abundiz,,Dining Room,0.00,10.74,0.89,0.00,0.00,00:09:34
Tink-a-Tako - Potranco,187,8/23/25 10:40 AM,Maria Majana,18,Dining Room,0.00,19.68,1.62,3.00,0.00,00:35:08
Tink-a-Tako - Potranco,191,8/23/25 10:42 AM,Sergio Abundiz,24,Dining Room,0.00,46.77,3.85,0.00,0.00,00:32:28
Tink-a-Tako - Potranco,192,8/23/25 10:43 AM,Esperansa Caviedes,31,Dining Room,0.00,32.64,2.70,4.90,0.00,00:34:03
Tink-a-Tako - Potranco,193,8/23/25 10:44 AM,Ivana Abundiz,,Dining Room,0.00,13.54,1.12,0.00,0.00,00:06:34
Tink-a-Tako - Potranco,194,8/23/25 10:44 AM,Lizeth Alonso,,Dining Room,0.00,11.45,0.95,2.00,0.00,00:15:19
Tink-a-Tako - Potranco,195,8/23/25 10:46 AM,Ivana Abundiz,,Dining Room,0.00,6.27,0.52,2.00,0.00,00:06:16
Tink-a-Tako - Potranco,197,8/23/25 10:46 AM,Sergio Abundiz,33,Dining Room,0.00,10.99,0.91,8.10,0.00,00:36:42
Tink-a-Tako - Potranco,190,8/23/25 10:41 AM,Rosa Compean,23,Dining Room,0.00,30.65,2.51,0.00,0.00,00:27:08
Tink-a-Tako - Potranco,199,8/23/25 10:48 AM,Esperansa Caviedes,7,Dining Room,0.00,33.75,2.76,0.00,0.00,01:01:34
Tink-a-Tako - Potranco,200,8/23/25 10:50 AM,Ivana Abundiz,,Dining Room,0.00,7.57,0.62,0.00,0.00,00:03:06
Tink-a-Tako - Potranco,198,8/23/25 10:47 AM,Silvia Hernandez,39,Dining Room,0.00,54.19,4.45,10.00,0.00,00:41:19
Tink-a-Tako - Potranco,201,8/23/25 10:50 AM,Ivana Abundiz,,Dining Room,0.00,15.23,1.26,0.00,0.00,00:05:31
Tink-a-Tako - Potranco,202,8/23/25 10:52 AM,Ivana Abundiz,,Dining Room,0.00,10.86,0.91,0.00,0.00,00:07:02
Tink-a-Tako - Potranco,203,8/23/25 10:53 AM,Ivana Abundiz,,Dining Room,0.00,18.84,1.56,0.00,0.00,00:07:15
Tink-a-Tako - Potranco,206,8/23/25 10:54 AM,Ivana Abundiz,,Dining Room,0.00,26.98,2.22,0.00,0.00,00:07:23
Tink-a-Tako - Potranco,205,8/23/25 10:54 AM,Rosa Compean,37,Dining Room,0.00,59.50,4.91,0.00,0.00,00:24:17
Tink-a-Tako - Potranco,208,8/23/25 10:55 AM,Ivana Abundiz,,Dining Room,0.00,23.53,1.94,0.00,0.00,00:08:18
Tink-a-Tako - Potranco,210,8/23/25 10:59 AM,Ivana Abundiz,,Dining Room,0.00,31.41,2.59,0.00,0.00,00:07:18
Tink-a-Tako - Potranco,211,8/23/25 11:00 AM,Isabel Cisneros,36,Dining Room,0.00,36.51,3.03,0.00,0.00,00:44:02
Tink-a-Tako - Potranco,209,8/23/25 10:57 AM,Maria Majana,10,Dining Room,0.00,63.14,5.20,0.00,0.00,00:48:45
Tink-a-Tako - Potranco,212,8/23/25 11:02 AM,Ivana Abundiz,,Dining Room,0.00,0.00,0.00,0.00,0.00,02:43:48
Tink-a-Tako - Potranco,215,8/23/25 11:04 AM,Esperansa Caviedes,40,Dining Room,0.00,93.45,7.67,15.00,0.00,01:27:40
Tink-a-Tako - Potranco,213,8/23/25 11:03 AM,Silvia Hernandez,11,Dining Room,0.00,24.21,2.00,0.00,0.00,00:57:42
Tink-a-Tako - Potranco,214,8/23/25 11:03 AM,Ivana Abundiz,,Dining Room,0.00,36.75,3.04,0.00,0.00,00:06:50
Tink-a-Tako - Potranco,216,8/23/25 11:05 AM,Sergio Abundiz,19,Dining Room,0.00,21.27,1.76,5.00,0.00,00:27:39
Tink-a-Tako - Potranco,217,8/23/25 11:05 AM,Ivana Abundiz,,Dining Room,0.00,42.02,3.45,0.00,0.00,00:09:34
Tink-a-Tako - Potranco,218,8/23/25 11:06 AM,Ivana Abundiz,,Dining Room,0.00,23.95,1.97,2.00,0.00,00:10:58
Tink-a-Tako - Potranco,220,8/23/25 11:08 AM,Lizeth Alonso,,Dining Room,0.00,12.55,1.04,0.00,0.00,00:15:40
Tink-a-Tako - Potranco,219,8/23/25 11:07 AM,Ivana Abundiz,,Dining Room,0.00,34.77,2.86,5.22,0.00,00:12:08
Tink-a-Tako - Potranco,224,8/23/25 11:11 AM,Rosa Compean,25,Dining Room,0.00,59.36,4.91,10.00,0.00,00:42:44
Tink-a-Tako - Potranco,223,8/23/25 11:10 AM,Isabel Cisneros,34,Dining Room,0.00,86.67,7.13,0.00,17.33,01:04:26
Tink-a-Tako - Potranco,225,8/23/25 11:11 AM,Lizeth Alonso,,Dining Room,0.00,19.98,1.65,0.00,0.00,00:00:23
Tink-a-Tako - Potranco,222,8/23/25 11:10 AM,Maria Majana,32,Dining Room,0.00,24.25,2.00,0.00,0.00,00:20:04
Tink-a-Tako - Potranco,226,8/23/25 11:12 AM,Ivana Abundiz,,Dining Room,0.00,15.86,1.31,0.00,0.00,00:09:19
Tink-a-Tako - Potranco,227,8/23/25 11:12 AM,Ivana Abundiz,,Dining Room,0.00,20.33,1.68,0.00,0.00,00:10:30
Tink-a-Tako - Potranco,228,8/23/25 11:14 AM,Silvia Hernandez,20,Dining Room,0.00,30.16,2.48,5.00,0.00,00:38:29
Tink-a-Tako - Potranco,229,8/23/25 11:17 AM,Ivana Abundiz,,Dining Room,0.00,10.66,0.87,0.00,0.00,00:06:56
Tink-a-Tako - Potranco,230,8/23/25 11:19 AM,Ivana Abundiz,,Dining Room,0.00,8.26,0.68,0.00,0.00,00:06:08
Tink-a-Tako - Potranco,232,8/23/25 11:21 AM,Ivana Abundiz,,Dining Room,0.00,15.33,1.27,0.00,0.00,00:04:23
Tink-a-Tako - Potranco,233,8/23/25 11:22 AM,Ivana Abundiz,,Dining Room,0.00,8.77,0.73,1.93,0.00,00:06:07
Tink-a-Tako - Potranco,231,8/23/25 11:20 AM,Esperansa Caviedes,35,Dining Room,0.00,31.65,2.60,6.00,0.00,00:32:03
Tink-a-Tako - Potranco,235,8/23/25 11:24 AM,Isabel Cisneros,42,Dining Room,0.00,50.30,4.15,0.00,0.00,00:41:54
Tink-a-Tako - Potranco,237,8/23/25 11:25 AM,Ivana Abundiz,,Dining Room,0.00,10.55,0.87,0.00,0.00,00:03:46
Tink-a-Tako - Potranco,240,8/23/25 11:26 AM,Rosa Compean,38,Dining Room,0.00,29.38,2.41,0.00,0.00,00:25:27
Tink-a-Tako - Potranco,241,8/23/25 11:26 AM,Lizeth Alonso,,Dining Room,0.00,46.89,3.87,0.00,0.00,00:33:40
Tink-a-Tako - Potranco,236,8/23/25 11:24 AM,Maria Majana,23,Dining Room,0.00,21.14,1.76,0.00,0.00,00:26:31
Tink-a-Tako - Potranco,243,8/23/25 11:28 AM,Ivana Abundiz,,Dining Room,0.00,13.78,1.14,1.00,0.00,00:01:40
Tink-a-Tako - Potranco,242,8/23/25 11:28 AM,Esperansa Caviedes,18,Dining Room,0.00,7.98,0.66,0.00,0.00,01:52:17
Tink-a-Tako - Potranco,245,8/23/25 11:28 AM,Lizeth Alonso,,Dining Room,0.00,27.33,2.26,0.00,0.00,00:11:04
Tink-a-Tako - Potranco,247,8/23/25 11:30 AM,Ivana Abundiz,,Dining Room,0.00,19.34,1.60,0.00,0.00,00:05:42
Tink-a-Tako - Potranco,246,8/23/25 11:29 AM,Lizeth Alonso,,Dining Room,0.00,20.15,1.65,0.00,0.00,00:12:37
Tink-a-Tako - Potranco,248,8/23/25 11:30 AM,Ivana Abundiz,,Dining Room,0.88,7.90,0.65,1.00,0.00,00:09:27
Tink-a-Tako - Potranco,251,8/23/25 11:32 AM,Sergio Abundiz,17,Dining Room,0.00,41.79,3.45,0.00,0.00,00:28:44
Tink-a-Tako - Potranco,252,8/23/25 11:32 AM,Ivana Abundiz,,Dining Room,0.00,29.97,2.48,0.00,0.00,00:08:42
Tink-a-Tako - Potranco,254,8/23/25 11:34 AM,Isabel Cisneros,24,Dining Room,0.00,23.21,1.92,0.00,0.00,00:54:32
Tink-a-Tako - Potranco,256,8/23/25 11:36 AM,Rosa Compean,33,Dining Room,0.00,27.95,2.31,5.00,0.00,00:31:31
Tink-a-Tako - Potranco,258,8/23/25 11:36 AM,Esperansa Caviedes,12,Dining Room,0.00,12.49,1.02,3.00,0.00,00:21:18
Tink-a-Tako - Potranco,257,8/23/25 11:36 AM,Ivana Abundiz,,Dining Room,0.00,16.74,1.39,0.00,0.00,00:09:09
Tink-a-Tako - Potranco,255,8/23/25 11:35 AM,Silvia Hernandez,15,Dining Room,0.00,15.84,1.31,5.00,0.00,00:28:41
Tink-a-Tako - Potranco,10001,8/23/25 11:34 AM,Maria Majana,37,Dining Room,0.00,0.00,0.00,0.00,0.00,00:04:23
Tink-a-Tako - Potranco,261,8/23/25 11:39 AM,Ivana Abundiz,,Dining Room,0.00,15.05,1.24,1.00,0.00,00:07:30
Tink-a-Tako - Potranco,259,8/23/25 11:38 AM,Silvia Hernandez,22,Dining Room,0.00,24.95,2.06,8.00,0.00,00:30:55
Tink-a-Tako - Potranco,260,8/23/25 11:38 AM,Maria Majana,37,Dining Room,0.00,19.77,1.63,0.00,0.00,05:13:01
Tink-a-Tako - Potranco,262,8/23/25 11:39 AM,Ivana Abundiz,,Dining Room,0.00,6.88,0.56,0.00,0.00,00:08:06
Tink-a-Tako - Potranco,263,8/23/25 11:40 AM,Ivana Abundiz,,Dining Room,0.00,9.66,0.79,0.00,0.00,00:09:57
Tink-a-Tako - Potranco,265,8/23/25 11:40 AM,Ivana Abundiz,,Dining Room,0.00,5.98,0.49,1.00,0.00,00:10:02
Tink-a-Tako - Potranco,266,8/23/25 11:41 AM,Ivana Abundiz,,Dining Room,0.00,16.26,1.34,3.00,0.00,00:11:28
Tink-a-Tako - Potranco,268,8/23/25 11:43 AM,Silvia Hernandez,4,Dining Room,0.00,35.67,2.94,5.00,0.00,00:27:02
Tink-a-Tako - Potranco,269,8/23/25 11:47 AM,Lizeth Alonso,,Dining Room,0.00,15.98,1.32,0.00,0.00,00:00:38
Tink-a-Tako - Potranco,270,8/23/25 11:47 AM,Silvia Hernandez,26,Dining Room,0.00,10.57,0.88,0.00,0.00,00:39:02
Tink-a-Tako - Potranco,271,8/23/25 11:48 AM,Lizeth Alonso,,Dining Room,0.00,5.49,0.45,0.00,0.00,00:10:28
Tink-a-Tako - Potranco,272,8/23/25 11:48 AM,Ivana Abundiz,,Dining Room,0.00,34.09,2.82,2.00,0.00,00:06:21
Tink-a-Tako - Potranco,274,8/23/25 11:49 AM,Lizeth Alonso,,Dining Room,0.00,3.58,0.30,0.00,0.00,00:00:23
Tink-a-Tako - Potranco,275,8/23/25 11:49 AM,Isabel Cisneros,32,Dining Room,0.00,29.54,2.44,0.00,0.00,00:34:30
Tink-a-Tako - Potranco,273,8/23/25 11:49 AM,Ivana Abundiz,,Dining Room,0.00,16.88,1.39,3.00,0.00,00:10:20
Tink-a-Tako - Potranco,277,8/23/25 11:51 AM,Esperansa Caviedes,39,Dining Room,0.00,0.00,0.00,0.00,0.00,00:08:47
Tink-a-Tako - Potranco,276,8/23/25 11:51 AM,Ivana Abundiz,,Dining Room,0.00,41.16,3.39,0.00,0.00,00:10:19
Tink-a-Tako - Potranco,278,8/23/25 11:53 AM,Ivana Abundiz,,Dining Room,0.00,9.99,0.82,0.00,0.00,00:10:59
Tink-a-Tako - Potranco,281,8/23/25 11:58 AM,Ivana Abundiz,,Dining Room,0.00,21.80,1.79,0.00,0.00,00:08:01
Tink-a-Tako - Potranco,280,8/23/25 11:57 AM,Maria Majana,23,Dining Room,0.00,34.46,2.84,5.00,0.00,00:22:57
Tink-a-Tako - Potranco,282,8/23/25 11:59 AM,Ivana Abundiz,,Dining Room,0.00,17.26,1.41,2.00,0.00,00:09:06
Tink-a-Tako - Potranco,283,8/23/25 12:01 PM,Ivana Abundiz,,Dining Room,0.00,15.85,1.30,0.00,0.00,00:08:19
Tink-a-Tako - Potranco,285,8/23/25 12:02 PM,Isabel Cisneros,20,Dining Room,0.00,26.99,2.21,5.40,0.00,00:31:06
Tink-a-Tako - Potranco,284,8/23/25 12:02 PM,Rosa Compean,36,Dining Room,0.00,49.94,4.12,5.00,0.00,00:28:13
Tink-a-Tako - Potranco,286,8/23/25 12:03 PM,Ivana Abundiz,,Dining Room,0.00,21.25,1.75,0.00,0.00,00:01:17
Tink-a-Tako - Potranco,288,8/23/25 12:05 PM,Ivana Abundiz,,Dining Room,0.00,5.57,0.46,0.00,0.00,00:00:59
Tink-a-Tako - Potranco,287,8/23/25 12:05 PM,Esperansa Caviedes,2,Dining Room,0.00,62.28,5.12,0.00,0.00,03:03:29
Tink-a-Tako - Potranco,289,8/23/25 12:06 PM,Ivana Abundiz,,Dining Room,0.00,35.45,2.93,0.00,0.00,00:01:18
Tink-a-Tako - Potranco,14002,8/23/25 12:07 PM,Lizeth Alonso,,Dining Room,0.00,12.41,1.02,2.00,0.00,00:01:00
Tink-a-Tako - Potranco,290,8/23/25 12:07 PM,Ivana Abundiz,,Dining Room,0.00,18.85,1.55,0.00,0.00,00:00:56
Tink-a-Tako - Potranco,291,8/23/25 12:08 PM,Ivana Abundiz,,Dining Room,0.00,14.02,1.14,0.00,0.00,00:07:28
Tink-a-Tako - Potranco,292,8/23/25 12:09 PM,Ivana Abundiz,,Dining Room,0.00,10.27,0.85,0.00,0.00,00:08:02
Tink-a-Tako - Potranco,293,8/23/25 12:10 PM,Ivana Abundiz,,Dining Room,0.00,21.16,1.74,3.17,0.00,00:01:21
Tink-a-Tako - Potranco,294,8/23/25 12:11 PM,Rosa Compean,15,Dining Room,0.00,15.25,1.26,4.00,0.00,00:19:52
Tink-a-Tako - Potranco,295,8/23/25 12:15 PM,Lizeth Alonso,,Dining Room,0.00,12.99,1.07,0.00,0.00,00:18:24
Tink-a-Tako - Potranco,297,8/23/25 12:18 PM,Ivana Abundiz,,Dining Room,0.00,25.71,2.13,0.00,0.00,00:11:00
Tink-a-Tako - Potranco,298,8/23/25 12:19 PM,Ivana Abundiz,,Dining Room,0.00,28.04,2.31,0.00,0.00,00:00:55
Tink-a-Tako - Potranco,296,8/23/25 12:15 PM,Maria Majana,41,Dining Room,0.00,69.64,5.75,0.00,0.00,01:15:20
Tink-a-Tako - Potranco,299,8/23/25 12:19 PM,Esperansa Caviedes,10,Dining Room,0.00,88.27,7.28,5.00,0.00,02:47:10
Tink-a-Tako - Potranco,301,8/23/25 12:24 PM,Ivana Abundiz,,Dining Room,0.00,8.87,0.74,0.00,0.00,00:06:23
Tink-a-Tako - Potranco,302,8/23/25 12:24 PM,Ivana Abundiz,,Dining Room,0.00,23.92,1.97,0.00,0.00,00:07:42
Tink-a-Tako - Potranco,303,8/23/25 12:25 PM,Silvia Hernandez,25,Dining Room,0.00,33.10,2.73,6.00,0.00,00:28:26
Tink-a-Tako - Potranco,305,8/23/25 12:31 PM,Isabel Cisneros,23,Dining Room,0.00,6.44,0.53,0.00,0.00,00:17:02
Tink-a-Tako - Potranco,307,8/23/25 12:32 PM,Esperansa Caviedes,40,Dining Room,0.00,18.56,1.53,5.00,0.00,00:05:35
Tink-a-Tako - Potranco,306,8/23/25 12:32 PM,Ivana Abundiz,,Dining Room,0.00,1.79,0.15,0.00,0.00,00:01:02
Tink-a-Tako - Potranco,308,8/23/25 12:34 PM,Lizeth Alonso,,Dining Room,0.00,13.17,1.09,0.00,0.00,00:21:45
Tink-a-Tako - Potranco,309,8/23/25 12:35 PM,Ivana Abundiz,,Dining Room,0.00,8.37,0.69,1.00,0.00,00:08:22
Tink-a-Tako - Potranco,310,8/23/25 12:35 PM,Maria Majana,32,Dining Room,0.00,22.17,1.82,0.00,0.00,00:25:31
Tink-a-Tako - Potranco,311,8/23/25 12:36 PM,Ivana Abundiz,,Dining Room,0.00,6.27,0.52,0.00,0.00,00:03:36
Tink-a-Tako - Potranco,312,8/23/25 12:38 PM,Ivana Abundiz,,Dining Room,0.00,9.77,0.81,0.00,0.00,00:07:10
Tink-a-Tako - Potranco,316,8/23/25 12:39 PM,Silvia Hernandez,3,Dining Room,0.00,27.12,2.22,5.42,0.00,00:31:58
Tink-a-Tako - Potranco,315,8/23/25 12:39 PM,Rosa Compean,24,Dining Room,0.00,60.56,5.00,0.00,0.00,00:35:09
Tink-a-Tako - Potranco,317,8/23/25 12:40 PM,Ivana Abundiz,,Dining Room,0.00,21.96,1.81,0.00,0.00,00:06:12
Tink-a-Tako - Potranco,319,8/23/25 12:41 PM,Rosa Compean,22,Dining Room,0.00,22.98,1.90,3.00,0.00,00:33:03
Tink-a-Tako - Potranco,318,8/23/25 12:40 PM,Isabel Cisneros,26,Dining Room,0.00,23.73,1.95,0.00,0.00,00:35:44
Tink-a-Tako - Potranco,320,8/23/25 12:41 PM,Ivana Abundiz,,Dining Room,0.00,6.00,0.50,0.50,0.00,00:13:50
Tink-a-Tako - Potranco,321,8/23/25 12:41 PM,Esperansa Caviedes,33,Dining Room,0.00,33.17,2.73,0.00,0.00,02:03:07
Tink-a-Tako - Potranco,322,8/23/25 12:43 PM,Ivana Abundiz,,Dining Room,0.00,10.16,0.83,0.00,0.00,00:12:18
Tink-a-Tako - Potranco,323,8/23/25 12:45 PM,Ivana Abundiz,,Dining Room,0.00,9.76,0.80,0.00,0.00,00:11:15
Tink-a-Tako - Potranco,324,8/23/25 12:47 PM,Rosa Compean,17,Dining Room,0.00,28.43,2.34,3.00,0.00,00:30:02
Tink-a-Tako - Potranco,325,8/23/25 12:48 PM,Ivana Abundiz,,Dining Room,0.00,6.28,0.52,0.00,0.00,00:08:40
Tink-a-Tako - Potranco,326,8/23/25 12:53 PM,Ivana Abundiz,,Dining Room,0.00,7.38,0.60,0.00,0.00,00:01:09
Tink-a-Tako - Potranco,327,8/23/25 12:56 PM,Ivana Abundiz,,Dining Room,0.00,13.91,1.14,0.00,0.00,00:02:39
Tink-a-Tako - Potranco,328,8/23/25 12:57 PM,Maria Majana,21,Dining Room,0.00,17.69,1.45,0.00,0.00,00:40:36
Tink-a-Tako - Potranco,329,8/23/25 1:00 PM,Ivana Abundiz,,Dining Room,0.00,16.76,1.39,0.00,0.00,00:01:12
Tink-a-Tako - Potranco,331,8/23/25 1:03 PM,Ivana Abundiz,,Dining Room,0.00,31.98,2.63,0.00,0.00,00:04:20
Tink-a-Tako - Potranco,334,8/23/25 1:08 PM,Silvia Hernandez,25,Dining Room,0.00,27.96,2.30,0.00,0.00,00:38:24
Tink-a-Tako - Potranco,333,8/23/25 1:08 PM,Ivana Abundiz,,Dining Room,0.00,16.68,1.37,0.00,0.00,00:10:57
Tink-a-Tako - Potranco,336,8/23/25 1:12 PM,Isabel Cisneros,7,Dining Room,0.00,28.43,2.34,3.00,0.00,00:34:16
Tink-a-Tako - Potranco,337,8/23/25 1:13 PM,Ivana Abundiz,,Dining Room,0.00,1.99,0.16,0.00,0.00,00:07:01
Tink-a-Tako - Potranco,338,8/23/25 1:13 PM,Ivana Abundiz,,Dining Room,0.00,8.17,0.67,0.00,0.00,00:07:33
Tink-a-Tako - Potranco,19002,8/23/25 1:14 PM,Esperansa Caviedes,19,Dining Room,0.00,31.41,2.58,0.00,0.00,00:53:13
Tink-a-Tako - Potranco,339,8/23/25 1:15 PM,Lizeth Alonso,,Dining Room,0.00,9.77,0.81,0.00,0.00,00:14:29
Tink-a-Tako - Potranco,340,8/23/25 1:17 PM,Ivana Abundiz,,Dining Room,0.00,10.33,0.84,0.00,0.00,00:05:59
Tink-a-Tako - Potranco,341,8/23/25 1:19 PM,Ivana Abundiz,,Dining Room,0.00,11.44,0.94,0.00,0.00,00:05:36
Tink-a-Tako - Potranco,343,8/23/25 1:21 PM,Ivana Abundiz,,Dining Room,0.00,3.45,0.28,0.00,0.00,00:00:23
Tink-a-Tako - Potranco,342,8/23/25 1:20 PM,Esperansa Caviedes,17,Dining Room,0.00,23.20,1.91,0.00,0.00,00:42:28
Tink-a-Tako - Potranco,344,8/23/25 1:22 PM,Ivana Abundiz,,Dining Room,0.00,3.98,0.32,0.00,0.00,00:06:38
Tink-a-Tako - Potranco,345,8/23/25 1:27 PM,Rosa Compean,22,Dining Room,0.00,45.99,3.79,0.00,0.00,00:28:38
Tink-a-Tako - Potranco,346,8/23/25 1:32 PM,Ivana Abundiz,,Dining Room,0.00,5.97,0.49,0.00,0.00,00:01:32
Tink-a-Tako - Potranco,347,8/23/25 1:33 PM,Ivana Abundiz,,Dining Room,0.00,7.96,0.66,1.75,0.00,00:06:33
Tink-a-Tako - Potranco,349,8/23/25 1:35 PM,Isabel Cisneros,35,Dining Room,0.00,23.10,1.91,0.00,0.00,00:37:13
Tink-a-Tako - Potranco,351,8/23/25 1:36 PM,Ivana Abundiz,,Dining Room,0.96,3.83,0.32,0.00,0.00,00:06:19
Tink-a-Tako - Potranco,350,8/23/25 1:35 PM,Silvia Hernandez,23,Dining Room,0.00,52.07,4.27,10.00,0.00,00:33:41
Tink-a-Tako - Potranco,353,8/23/25 1:37 PM,Silvia Hernandez,18,Dining Room,0.00,34.54,2.86,6.91,0.00,00:30:41
Tink-a-Tako - Potranco,352,8/23/25 1:37 PM,Ivana Abundiz,,Dining Room,0.00,14.16,1.17,0.00,0.00,00:06:30
Tink-a-Tako - Potranco,354,8/23/25 1:47 PM,Esperansa Caviedes,32,Dining Room,0.00,27.92,2.29,3.50,0.00,00:35:43
Tink-a-Tako - Potranco,356,8/23/25 1:52 PM,Rosa Compean,24,Dining Room,0.00,13.24,1.09,4.00,0.00,00:11:59
Tink-a-Tako - Potranco,355,8/23/25 1:51 PM,Ivana Abundiz,,Dining Room,0.00,24.76,2.04,1.00,0.00,00:02:05
Tink-a-Tako - Potranco,357,8/23/25 1:58 PM,Ivana Abundiz,,Dining Room,0.00,8.87,0.73,0.00,0.00,00:01:37
Tink-a-Tako - Potranco,359,8/23/25 2:01 PM,Rosa Compean,1,Dining Room,0.00,52.26,4.31,10.00,0.00,00:39:24
Tink-a-Tako - Potranco,360,8/23/25 2:04 PM,Isabel Cisneros,25,Dining Room,0.00,25.90,2.13,5.00,0.00,00:31:38
Tink-a-Tako - Potranco,361,8/23/25 2:04 PM,Ivana Abundiz,,Dining Room,0.00,16.95,1.39,0.00,0.00,00:01:26
Tink-a-Tako - Potranco,358,8/23/25 1:59 PM,Maria Majana,19,Dining Room,0.00,58.18,4.80,0.00,0.00,00:42:02
Tink-a-Tako - Potranco,363,8/23/25 2:04 PM,Silvia Hernandez,31,Dining Room,0.00,116.31,9.58,10.00,23.26,00:37:51
Tink-a-Tako - Potranco,364,8/23/25 2:08 PM,Esperansa Caviedes,40,Dining Room,0.00,24.38,2.01,5.00,0.00,00:35:46
Tink-a-Tako - Potranco,366,8/23/25 2:11 PM,Maria Majana,4,Dining Room,0.00,47.23,3.89,5.00,0.00,00:45:17
Tink-a-Tako - Potranco,368,8/23/25 2:18 PM,Lizeth Alonso,,Dining Room,0.00,21.25,1.74,0.00,0.00,00:03:53
Tink-a-Tako - Potranco,369,8/23/25 2:19 PM,Lizeth Alonso,,Dining Room,0.00,41.47,3.41,0.00,0.00,00:15:43
Tink-a-Tako - Potranco,370,8/23/25 2:23 PM,Lizeth Alonso,,Dining Room,0.00,38.13,3.13,2.00,0.00,00:19:43
Tink-a-Tako - Potranco,371,8/23/25 2:25 PM,Lizeth Alonso,,Dining Room,0.00,31.12,2.57,1.31,0.00,00:24:53
Tink-a-Tako - Potranco,373,8/23/25 2:27 PM,Maria Majana,23,Dining Room,0.00,12.48,1.03,5.00,0.00,00:38:32
Tink-a-Tako - Potranco,372,8/23/25 2:26 PM,Esperansa Caviedes,24,Dining Room,0.00,44.93,3.68,3.00,0.00,00:32:03
Tink-a-Tako - Potranco,375,8/23/25 2:30 PM,Esperansa Caviedes,22,Dining Room,0.00,17.19,1.42,4.00,0.00,00:31:52
Tink-a-Tako - Potranco,374,8/23/25 2:28 PM,Lizeth Alonso,,Dining Room,0.00,12.71,1.04,0.00,0.00,00:24:12
Tink-a-Tako - Potranco,376,8/23/25 2:34 PM,Lizeth Alonso,,Dining Room,0.00,16.29,1.33,0.00,0.00,00:19:23
Tink-a-Tako - Potranco,377,8/23/25 2:35 PM,Maria Majana,15,Dining Room,0.00,33.12,2.72,0.00,0.00,00:29:25
Tink-a-Tako - Potranco,378,8/23/25 2:41 PM,Maria Majana,19,Dining Room,0.00,3.99,0.33,0.00,0.00,00:02:00
Tink-a-Tako - Potranco,379,8/23/25 2:42 PM,Lizeth Alonso,,Dining Room,0.00,17.84,1.47,0.00,0.00,00:13:08
Tink-a-Tako - Potranco,380,8/23/25 2:49 PM,Esperansa Caviedes,40,Dining Room,0.00,5.98,0.50,0.00,0.00,00:00:49
Tink-a-Tako - Potranco,381,8/23/25 2:49 PM,Lizeth Alonso,,Dining Room,0.00,19.84,1.63,0.00,0.00,00:09:28
Tink-a-Tako - Potranco,382,8/23/25 2:50 PM,Maria Majana,25,Dining Room,0.00,17.44,1.43,2.00,0.00,00:25:28
Tink-a-Tako - Potranco,383,8/23/25 2:52 PM,Esperansa Caviedes,33,Dining Room,0.00,24.93,2.05,5.00,0.00,00:30:12
Tink-a-Tako - Potranco,386,8/23/25 2:54 PM,Lizeth Alonso,,Dining Room,0.00,11.05,0.90,0.00,0.00,00:07:34
Tink-a-Tako - Potranco,390,8/23/25 2:56 PM,Lizeth Alonso,,Dining Room,0.00,10.67,0.88,2.00,0.00,00:07:50
Tink-a-Tako - Potranco,391,8/23/25 2:57 PM,Maria Majana,,Dining Room,0.00,0.00,0.00,0.00,0.00,00:03:20
Tink-a-Tako - Potranco,16001,8/23/25 3:02 PM,Lizeth Alonso,,Dining Room,0.00,9.86,0.82,0.00,0.00,00:03:57
Tink-a-Tako - Potranco,395,8/23/25 3:06 PM,Maria Majana,42,Dining Room,0.00,29.82,2.45,3.25,0.00,00:38:24
Tink-a-Tako - Potranco,396,8/23/25 3:10 PM,Lizeth Alonso,,Dining Room,0.00,4.98,0.41,0.00,0.00,00:03:11
Tink-a-Tako - Potranco,397,8/23/25 3:16 PM,Lizeth Alonso,,Dining Room,0.00,11.83,0.98,2.00,0.00,00:06:45
Tink-a-Tako - Potranco,398,8/23/25 3:20 PM,Lizeth Alonso,,Dining Room,0.00,19.05,1.58,0.00,0.00,00:00:44
Tink-a-Tako - Potranco,400,8/23/25 3:23 PM,Esperansa Caviedes,31,Dining Room,0.00,60.51,5.00,0.00,0.00,00:28:31
Tink-a-Tako - Potranco,401,8/23/25 3:25 PM,Lizeth Alonso,,Dining Room,0.00,9.18,0.75,0.00,0.00,00:02:32
Tink-a-Tako - Potranco,399,8/23/25 3:21 PM,Maria Majana,22,Dining Room,0.00,51.30,4.23,0.00,0.00,01:11:26
Tink-a-Tako - Potranco,402,8/23/25 3:35 PM,Giselle Cisneross,,Dining Room,0.00,23.14,1.91,0.00,0.00,00:00:51
Tink-a-Tako - Potranco,403,8/23/25 3:41 PM,Esperansa Caviedes,23,Dining Room,1.40,12.99,1.06,3.00,0.00,00:27:34
Tink-a-Tako - Potranco,404,8/23/25 3:46 PM,Lizeth Alonso,,Dining Room,0.00,16.97,1.40,0.00,0.00,00:02:46
Tink-a-Tako - Potranco,405,8/23/25 3:53 PM,Maria Majana,25,Dining Room,0.00,45.93,3.78,0.00,0.00,01:07:10
Tink-a-Tako - Potranco,406,8/23/25 4:02 PM,Esperansa Caviedes,1,Dining Room,0.00,15.37,1.26,0.00,0.00,00:00:48
Tink-a-Tako - Potranco,407,8/23/25 4:04 PM,Lizeth Alonso,,Dining Room,0.00,15.67,1.29,0.00,0.00,00:03:53
Tink-a-Tako - Potranco,409,8/23/25 4:32 PM,Esperansa Caviedes,24,Dining Room,0.00,65.49,5.41,0.00,0.00,02:56:48
Tink-a-Tako - Potranco,411,8/23/25 4:36 PM,Esperansa Caviedes,7,Dining Room,0.00,40.66,3.35,6.10,0.00,00:58:40
Tink-a-Tako - Potranco,410,8/23/25 4:33 PM,Maria Majana,32,Dining Room,0.00,38.06,3.13,0.00,0.00,00:37:46
Tink-a-Tako - Potranco,16002,8/23/25 4:40 PM,Lizeth Alonso,,Dining Room,0.00,13.99,1.15,3.00,0.00,00:01:04
Tink-a-Tako - Potranco,413,8/23/25 4:47 PM,Maria Majana,23,Dining Room,0.00,32.47,2.68,10.00,0.00,00:30:06
Tink-a-Tako - Potranco,414,8/23/25 4:51 PM,Esperansa Caviedes,38,Dining Room,0.00,15.68,1.29,3.00,0.00,00:23:25
Tink-a-Tako - Potranco,412,8/23/25 4:42 PM,Lizeth Alonso,,Dining Room,0.00,30.06,2.46,2.00,0.00,00:11:25
Tink-a-Tako - Potranco,416,8/23/25 4:53 PM,Lizeth Alonso,,Dining Room,0.00,5.98,0.49,0.00,0.00,00:07:14
Tink-a-Tako - Potranco,417,8/23/25 4:58 PM,Lizeth Alonso,,Dining Room,0.00,12.99,1.07,0.00,0.00,00:04:07
Tink-a-Tako - Potranco,418,8/23/25 5:08 PM,Maria Majana,11,Dining Room,0.00,56.94,4.69,15.00,0.00,01:02:19
Tink-a-Tako - Potranco,415,8/23/25 4:52 PM,Sergio Abundiz,3,Dining Room,0.00,65.18,5.37,12.00,0.00,01:52:45
Tink-a-Tako - Potranco,419,8/23/25 5:10 PM,Lizeth Alonso,,Dining Room,0.00,22.87,1.89,0.00,0.00,00:02:42
Tink-a-Tako - Potranco,420,8/23/25 5:11 PM,Lizeth Alonso,,Dining Room,0.00,8.78,0.72,0.00,0.00,00:07:54
Tink-a-Tako - Potranco,421,8/23/25 5:12 PM,Lizeth Alonso,,Dining Room,0.00,12.77,1.05,0.00,0.00,00:08:41
Tink-a-Tako - Potranco,422,8/23/25 5:13 PM,Maria Majana,33,Dining Room,0.00,26.87,2.21,10.00,0.00,00:29:53
Tink-a-Tako - Potranco,424,8/23/25 5:18 PM,Maria Majana,22,Dining Room,0.00,32.95,2.72,6.00,0.00,00:40:14
Tink-a-Tako - Potranco,423,8/23/25 5:15 PM,Lizeth Alonso,,Dining Room,0.00,22.98,1.90,0.00,0.00,00:08:56
Tink-a-Tako - Potranco,425,8/23/25 5:19 PM,Esperansa Caviedes,17,Dining Room,0.00,20.38,1.67,0.00,0.00,01:55:24
Tink-a-Tako - Potranco,426,8/23/25 5:22 PM,Esperansa Caviedes,38,Dining Room,0.00,28.48,2.34,7.00,0.00,00:31:34
Tink-a-Tako - Potranco,428,8/23/25 5:35 PM,Sergio Abundiz,4,Dining Room,0.00,49.44,4.09,0.00,0.00,01:18:54
Tink-a-Tako - Potranco,429,8/23/25 5:38 PM,Rosie  ORDONEZ,26,Dining Room,0.00,15.98,1.32,0.00,0.00,00:48:19
Tink-a-Tako - Potranco,430,8/23/25 6:06 PM,Sergio Abundiz,31,Dining Room,0.00,160.76,13.25,0.00,32.16,00:55:02
Tink-a-Tako - Potranco,431,8/23/25 6:07 PM,Lizeth Alonso,,Dining Room,0.00,37.97,3.13,0.00,0.00,00:06:40
Tink-a-Tako - Potranco,433,8/23/25 6:09 PM,Lizeth Alonso,,Dining Room,0.00,10.26,0.85,3.89,0.00,00:17:35
Tink-a-Tako - Potranco,432,8/23/25 6:08 PM,Maria Majana,9,Dining Room,0.00,61.66,5.08,11.00,0.00,00:42:55
Tink-a-Tako - Potranco,434,8/23/25 6:12 PM,Esperansa Caviedes,25,Dining Room,0.00,25.97,2.15,0.00,0.00,00:40:01
Tink-a-Tako - Potranco,437,8/23/25 6:23 PM,Lizeth Alonso,,Dining Room,0.00,12.99,1.07,0.00,0.00,00:06:54
Tink-a-Tako - Potranco,436,8/23/25 6:19 PM,Maria Majana,23,Dining Room,0.00,51.03,4.22,0.00,0.00,00:40:08
Tink-a-Tako - Potranco,444,8/23/25 6:33 PM,Lizeth Alonso,,Dining Room,0.00,7.58,0.63,0.00,0.00,00:01:56
Tink-a-Tako - Potranco,445,8/23/25 6:35 PM,Lizeth Alonso,,Dining Room,0.00,7.97,0.66,0.00,0.00,00:03:03
Tink-a-Tako - Potranco,447,8/23/25 6:36 PM,Esperansa Caviedes,32,Dining Room,0.00,38.17,3.13,10.00,0.00,00:30:08
Tink-a-Tako - Potranco,448,8/23/25 6:39 PM,Mayra Luna,,Dining Room,9.19,0.00,0.00,0.00,0.00,03:21:07
Tink-a-Tako - Potranco,449,8/23/25 6:39 PM,Maria Majana,39,Dining Room,0.00,62.41,5.16,0.00,0.00,02:08:04
Tink-a-Tako - Potranco,451,8/23/25 6:45 PM,Lizeth Alonso,,Dining Room,0.00,24.98,2.06,0.00,0.00,00:01:28
Tink-a-Tako - Potranco,452,8/23/25 6:47 PM,Esperansa Caviedes,7,Dining Room,0.00,30.97,2.56,0.00,0.00,01:19:06
Tink-a-Tako - Potranco,453,8/23/25 6:48 PM,Lizeth Alonso,,Dining Room,0.00,14.95,1.23,0.00,0.00,00:09:34
Tink-a-Tako - Potranco,454,8/23/25 6:57 PM,Esperansa Caviedes,22,Dining Room,0.00,56.44,4.64,7.00,0.00,00:38:09
Tink-a-Tako - Potranco,455,8/23/25 7:12 PM,Maria Majana,23,Dining Room,0.00,52.63,4.33,0.00,0.00,01:18:41
Tink-a-Tako - Potranco,456,8/23/25 7:17 PM,Lizeth Alonso,,Dining Room,0.00,50.31,4.14,0.00,0.00,00:05:24
Tink-a-Tako - Potranco,458,8/23/25 7:21 PM,Esperansa Caviedes,1,Dining Room,0.00,119.59,9.83,0.00,23.92,01:07:51
Tink-a-Tako - Potranco,459,8/23/25 7:30 PM,Maria Majana,,Dining Room,1.08,9.70,0.80,0.00,0.00,00:18:45
Tink-a-Tako - Potranco,460,8/23/25 7:50 PM,Lizeth Alonso,,Dining Room,0.00,5.58,0.46,0.00,0.00,00:00:25
Tink-a-Tako - Potranco,461,8/23/25 7:53 PM,Lizeth Alonso,,Dining Room,0.00,4.49,0.37,0.00,0.00,00:01:15
Tink-a-Tako - Potranco,462,8/23/25 7:58 PM,Lizeth Alonso,,Dining Room,0.00,33.14,2.73,0.00,0.00,00:03:08
Tink-a-Tako - Potranco,463,8/23/25 8:03 PM,Lizeth Alonso,,Dining Room,0.00,9.09,0.75,0.00,0.00,00:05:38
Tink-a-Tako - Potranco,464,8/23/25 8:07 PM,Lizeth Alonso,,Dining Room,0.00,7.99,0.66,0.00,0.00,00:05:13
Tink-a-Tako - Potranco,465,8/23/25 8:18 PM,Lizeth Alonso,,Dining Room,0.00,25.23,2.08,0.00,0.00,00:00:50
Tink-a-Tako - Potranco,466,8/23/25 8:21 PM,Lizeth Alonso,,Dining Room,0.00,4.99,0.41,2.00,0.00,00:13:44
Tink-a-Tako - Potranco,468,8/23/25 8:22 PM,Esperansa Caviedes,37,Dining Room,0.00,29.86,2.46,5.00,0.00,00:32:42
Tink-a-Tako - Potranco,469,8/23/25 8:27 PM,Lizeth Alonso,,Dining Room,0.00,15.99,1.32,1.00,0.00,00:09:50
Tink-a-Tako - Potranco,470,8/23/25 8:35 PM,Lizeth Alonso,,Dining Room,0.00,14.67,1.21,0.00,0.00,00:02:37
Tink-a-Tako - Potranco,471,8/23/25 8:37 PM,Esperansa Caviedes,32,Dining Room,0.00,30.35,2.49,0.00,0.00,00:42:22
Tink-a-Tako - Potranco,472,8/23/25 8:40 PM,Lizeth Alonso,,Dining Room,0.00,10.38,0.86,2.00,0.00,00:00:50
Tink-a-Tako - Potranco,474,8/23/25 8:42 PM,Lizeth Alonso,,Dining Room,0.00,15.99,1.32,0.00,0.00,00:04:36
Tink-a-Tako - Potranco,475,8/23/25 8:42 PM,Lizeth Alonso,,Dining Room,0.00,22.87,1.88,10.00,0.00,00:11:26
Tink-a-Tako - Potranco,19003,8/23/25 8:45 PM,Esperansa Caviedes,25,Dining Room,0.00,10.39,0.85,0.00,0.00,00:54:58
Tink-a-Tako - Potranco,473,8/23/25 8:41 PM,Giselle Cisneross,,Dining Room,0.00,58.52,4.82,0.00,0.00,00:10:35
Tink-a-Tako - Potranco,477,8/23/25 8:51 PM,Mayra Luna,,Dining Room,0.00,0.00,0.00,0.00,0.00,00:01:51
Tink-a-Tako - Potranco,478,8/23/25 8:53 PM,Lizeth Alonso,,Dining Room,0.00,13.99,1.15,0.00,0.00,00:05:29
Tink-a-Tako - Potranco,479,8/23/25 8:54 PM,Lizeth Alonso,,Dining Room,0.00,48.40,3.99,0.00,0.00,00:10:18
Tink-a-Tako - Potranco,480,8/23/25 9:02 PM,Lizeth Alonso,,Dining Room,0.00,0.00,0.00,0.00,0.00,00:02:57
Tink-a-Tako - Potranco,481,8/23/25 9:05 PM,Lizeth Alonso,,Dining Room,0.00,19.99,1.65,0.00,0.00,00:05:44
Tink-a-Tako - Potranco,482,8/23/25 9:12 PM,Lizeth Alonso,,Dining Room,4.80,11.18,0.92,0.00,0.00,00:49:24
