Employee,Job Title,In Date,Out Date,Auto Clock-out,Total Hours,Unpaid Break Time,Paid Break Time,Payable Hours
"Aviles, Genaro",Cook,8/23/25 5:33 AM,8/23/25 4:03 PM,No,10.50,0.00,0.00,10.50
"Gonzalez, Maria ",Tortillero,8/23/25 5:33 AM,8/23/25 2:06 PM,No,8.54,0.00,0.00,8.54
"Ramirez Perez, Silvia",Cook,8/23/25 5:33 AM,8/23/25 2:01 PM,No,8.45,0.00,0.00,8.45
"Diaz, Diego",Cook,8/23/25 5:34 AM,8/23/25 2:09 PM,No,8.59,0.00,0.00,8.59
"Alvarado, Rodolfo",Cook,8/23/25 5:39 AM,8/23/25 2:00 PM,No,8.36,0.00,0.00,8.36
"Dominguez, Jose ",Cook,8/23/25 5:42 AM,8/23/25 2:02 PM,No,8.33,0.00,0.00,8.33
"Zuniga, Sebastian",Cook,8/23/25 5:43 AM,8/23/25 2:12 PM,No,8.48,0.00,0.00,8.48
"Caviedes, Esperansa",Server,8/23/25 5:54 AM,8/23/25 9:48 PM,No,15.90,0.00,0.00,15.90
"Abundiz, Ivana",Host,8/23/25 5:56 AM,8/23/25 2:11 PM,No,8.25,0.00,0.00,8.25
"ORDONEZ, Rosie ",Shift Manager / Assistant Manager,8/23/25 6:39 AM,8/23/25 6:28 PM,No,11.81,0.00,0.00,11.81
"Brito, Victor ",Regular,8/23/25 6:55 AM,8/23/25 3:05 PM,No,8.17,0.00,0.00,8.17
"Abundiz, Sergio",Server,8/23/25 7:29 AM,8/23/25 7:30 PM,No,12.00,0.00,0.00,12.00
"Trevino, Melissa",Dishwasher,8/23/25 7:53 AM,8/23/25 2:04 PM,No,6.18,0.00,0.00,6.18
"Compean, Rosa",Server,8/23/25 7:53 AM,8/23/25 2:00 PM,No,6.12,0.00,0.00,6.12
"huerta, Arturo ",Dishwasher,8/23/25 7:56 AM,8/23/25 2:06 PM,No,6.15,0.00,0.00,6.15
"Majana, Maria",Server,8/23/25 8:03 AM,8/23/25 8:53 PM,No,12.82,0.00,0.00,12.82
"Alonso, Lizeth",Host,8/23/25 8:04 AM,8/23/25 2:03 PM,No,5.98,0.00,0.00,5.98
"Hernandez, Silvia",Server,8/23/25 8:05 AM,8/23/25 2:51 PM,No,6.78,0.00,0.00,6.78
"Cisneros, Isabel",Server,8/23/25 8:08 AM,8/23/25 2:44 PM,No,6.59,0.00,0.00,6.59
"Cisneross, Giselle",Host,8/23/25 8:12 AM,8/23/25 9:07 PM,No,12.92,0.00,0.00,12.92
"Torres, Daniela",Drive-Thru,8/23/25 8:13 AM,8/23/25 2:44 PM,No,6.52,0.00,0.00,6.52
"Serrato, Joshua ",Busser,8/23/25 9:10 AM,8/23/25 2:04 PM,No,4.89,0.00,0.00,4.89
"Rueda, Jonathan",Busser,8/23/25 9:15 AM,8/23/25 10:03 PM,No,12.80,0.00,0.00,12.80
"Luna, Mayra",Shift Manager / Assistant Manager,8/23/25 10:38 AM,8/23/25 3:33 PM,No,4.92,0.00,0.00,4.92
"ROJAS, JAIME",Dishwasher,8/23/25 10:44 AM,8/23/25 10:13 PM,No,11.48,0.00,0.00,11.48
"Gonzales (Line) , Maria",Cook,8/23/25 1:55 PM,8/23/25 10:05 PM,No,8.17,0.00,0.00,8.17
"Calderon, Jesus",Cook,8/23/25 1:57 PM,8/23/25 10:00 PM,No,8.05,0.00,0.00,8.05
"CANDELA, OLIVIA",Tortillero,8/23/25 2:03 PM,8/23/25 10:06 PM,No,8.05,0.00,0.00,8.05
"Alonso, Lizeth",Host,8/23/25 2:03 PM,8/23/25 10:08 PM,No,8.09,0.00,0.00,8.09
"Luna, Mayra",Shift Manager / Assistant Manager,8/23/25 6:25 PM,8/23/25 10:15 PM,No,3.83,0.00,0.00,3.83
