Location,Entry Id,Created Date,Action,Amount,Cash Drawer,Payout Reason,No Sale Reason,Comment,Employee,Employee 2
Tink-a-Tako - Potranco,800000030750839377,10/14/25 11:49 AM,CASH_PAYMENT,12.96,Front Left,,,Cash payment,Maria Majana,
Tink-a-Tako - Potranco,800000030751089582,10/14/25 11:55 AM,CASH_PAYMENT,7.75,Front Left,,,Cash payment,Maria Majana,
Tink-a-Tako - Potranco,800000030754740641,10/14/25 1:39 PM,CASH_PAYMENT,16.43,Front Left,,,Cash payment,Maria Majana,
Tink-a-Tako - Potranco,800000030755316615,10/14/25 1:57 PM,CASH_COLLECTED,315.51,House,,,Cash revenue collected from shift review.,Daniela Torres,Daniela Torres
Tink-a-Tako - Potranco,800000030755317010,10/14/25 1:57 PM,TIP_OUT,-32.00,House,,,Tips paid out from shift review.,Daniela Torres,Daniela Torres
Tink-a-Tako - Potranco,800000030755482158,10/14/25 2:02 PM,TIP_OUT,-4.00,House,,,Tips paid out from shift review.,Maria Majana,Maria Majana
Tink-a-Tako - Potranco,800000030755652316,10/14/25 2:06 PM,CASH_PAYMENT,3.41,Drive Box,,,Cash payment,Lizeth Alonso,
Tink-a-Tako - Potranco,800000030756224986,10/14/25 2:15 PM,TIP_OUT,-76.90,House,,,Tips paid out from shift review.,Silvia Hernandez,Silvia Hernandez
Tink-a-Tako - Potranco,800000030756225574,10/14/25 2:15 PM,CASH_COLLECTED,58.49,House,,,Cash revenue collected from shift review.,Silvia Hernandez,Silvia Hernandez
Tink-a-Tako - Potranco,800000030756271721,10/14/25 2:16 PM,CASH_COLLECTED,178.65,House,,,Cash revenue collected from shift review.,Isabel Cisneros,Isabel Cisneros
Tink-a-Tako - Potranco,800000030756272784,10/14/25 2:16 PM,TIP_OUT,-74.96,House,,,Tips paid out from shift review.,Isabel Cisneros,Isabel Cisneros
Tink-a-Tako - Potranco,800000030756327344,10/14/25 2:20 PM,CASH_PAYMENT,34.92,Drive Box,,,Cash payment,Lizeth Alonso,
Tink-a-Tako - Potranco,800000030757325795,10/14/25 2:52 PM,CASH_PAYMENT,8.16,Drive Box,,,Cash payment,Lizeth Alonso,
Tink-a-Tako - Potranco,800000030757511500,10/14/25 2:59 PM,CASH_PAYMENT,10.81,Drive Box,,,Cash payment,Lizeth Alonso,
Tink-a-Tako - Potranco,800000030757928609,10/14/25 3:14 PM,CASH_PAYMENT,6.69,Drive Box,,,Cash payment,Lizeth Alonso,
Tink-a-Tako - Potranco,800000030757992574,10/14/25 3:17 PM,CASH_PAYMENT,0.54,Drive Box,,,Cash payment,Lizeth Alonso,
Tink-a-Tako - Potranco,800000030758546342,10/14/25 3:36 PM,CASH_PAYMENT,7.76,Drive Box,,,Cash payment,Lizeth Alonso,
Tink-a-Tako - Potranco,800000030758760515,10/14/25 3:43 PM,CASH_PAYMENT,14.53,Drive Box,,,Cash payment,Lizeth Alonso,
Tink-a-Tako - Potranco,800000030763873389,10/14/25 5:48 PM,CASH_PAYMENT,7.75,Drive Box,,,Cash payment,Lizeth Alonso,
Tink-a-Tako - Potranco,800000030766215286,10/14/25 6:34 PM,CASH_PAYMENT,16.16,Drive Box,,,Cash payment,Lizeth Alonso,
Tink-a-Tako - Potranco,800000030769621086,10/14/25 7:50 PM,CASH_PAYMENT,17.30,Drive Box,,,Cash payment,Lizeth Alonso,
Tink-a-Tako - Potranco,800000030770039139,10/14/25 8:02 PM,CASH_PAYMENT,11.90,Drive Box,,,Cash payment,Lizeth Alonso,
Tink-a-Tako - Potranco,800000030770281526,10/14/25 8:10 PM,CASH_PAYMENT,21.04,Drive Box,,,Cash payment,Lizeth Alonso,
Tink-a-Tako - Potranco,800000030770924253,10/14/25 8:30 PM,CASH_PAYMENT,5.94,Drive Box,,,Cash payment,Lizeth Alonso,
Tink-a-Tako - Potranco,800000030771709790,10/14/25 9:01 PM,TIP_OUT,-28.72,House,,,Tips paid out from shift review.,Lizeth Alonso,Lizeth Alonso
Tink-a-Tako - Potranco,800000030771843246,10/14/25 9:07 PM,CASH_COLLECTED,96.87,House,,,Cash revenue collected from shift review.,Nadia  Reyes,Nadia  Reyes
Tink-a-Tako - Potranco,800000030771843247,10/14/25 9:07 PM,TIP_OUT,-61.00,House,,,Tips paid out from shift review.,Nadia  Reyes,Nadia  Reyes
Tink-a-Tako - Potranco,800000030771859549,10/14/25 9:08 PM,TIP_OUT,-145.03,House,,,Tips paid out from shift review.,Juan  Camacho,Juan  Camacho
Tink-a-Tako - Potranco,800000030771859988,10/14/25 9:08 PM,CASH_COLLECTED,325.92,House,,,Cash revenue collected from shift review.,Juan  Camacho,Juan  Camacho
