Location,Order #,Opened,# of Guests,Server,Table,Discount Amount,Amount,Tax,Tip,Gratuity
Tink-a-Tako - Potranco,1,10/14/25 6:29 AM,1,Daniela Torres,,0.00,6.07,0.50,0.00,0.00
Tink-a-Tako - Potranco,2,10/14/25 6:31 AM,1,Daniela Torres,,0.00,6.38,0.52,0.00,0.00
Tink-a-Tako - Potranco,3,10/14/25 6:31 AM,1,Daniela Torres,,0.00,8.37,0.68,0.00,0.00
Tink-a-Tako - Potranco,4,10/14/25 6:32 AM,1,Daniela Torres,,0.00,10.63,0.87,0.00,0.00
Tink-a-Tako - Potranco,6,10/14/25 6:34 AM,1,Daniela Torres,,0.00,3.98,0.33,0.00,0.00
Tink-a-Tako - Potranco,7,10/14/25 6:39 AM,1,Daniela Torres,,0.00,15.26,1.25,0.00,0.00
Tink-a-Tako - Potranco,8,10/14/25 6:40 AM,1,Daniela Torres,,0.00,6.97,0.57,0.00,0.00
Tink-a-Tako - Potranco,9,10/14/25 6:45 AM,1,Daniela Torres,,0.20,5.78,0.48,0.00,0.00
Tink-a-Tako - Potranco,11,10/14/25 6:48 AM,1,Daniela Torres,,0.00,6.68,0.55,0.00,0.00
Tink-a-Tako - Potranco,12,10/14/25 6:50 AM,1,Juan  Camacho,35,0.00,9.77,0.81,3.00,0.00
Tink-a-Tako - Potranco,13,10/14/25 6:53 AM,1,Daniela Torres,,0.00,7.88,0.65,0.00,0.00
Tink-a-Tako - Potranco,14,10/14/25 7:00 AM,1,Daniela Torres,,0.00,11.94,0.99,0.00,0.00
Tink-a-Tako - Potranco,15,10/14/25 7:01 AM,1,Daniela Torres,,0.00,3.78,0.31,0.00,0.00
Tink-a-Tako - Potranco,5,10/14/25 6:32 AM,1,Daniela Torres,,0.00,9.56,0.79,0.00,0.00
Tink-a-Tako - Potranco,16,10/14/25 7:04 AM,1,Daniela Torres,,0.00,5.88,0.49,0.00,0.00
Tink-a-Tako - Potranco,18,10/14/25 7:09 AM,1,Daniela Torres,,0.00,3.58,0.30,0.00,0.00
Tink-a-Tako - Potranco,17,10/14/25 7:05 AM,1,Daniela Torres,,0.00,8.43,0.69,0.00,0.00
Tink-a-Tako - Potranco,21,10/14/25 7:14 AM,5,Juan  Camacho,31,0.00,261.82,21.66,30.05,0.00
Tink-a-Tako - Potranco,23,10/14/25 7:15 AM,1,Daniela Torres,,0.00,1.99,0.16,0.00,0.00
Tink-a-Tako - Potranco,24,10/14/25 7:15 AM,1,Daniela Torres,,0.00,3.38,0.27,0.00,0.00
Tink-a-Tako - Potranco,25,10/14/25 7:18 AM,1,Daniela Torres,,0.00,7.43,0.61,0.00,0.00
Tink-a-Tako - Potranco,26,10/14/25 7:18 AM,1,Juan  Camacho,,0.00,27.78,2.28,0.00,0.00
Tink-a-Tako - Potranco,27,10/14/25 7:19 AM,1,Daniela Torres,,0.00,12.92,1.06,0.00,0.00
Tink-a-Tako - Potranco,28,10/14/25 7:21 AM,1,Daniela Torres,,0.00,5.44,0.44,0.00,0.00
Tink-a-Tako - Potranco,20,10/14/25 7:11 AM,1,Daniela Torres,,0.00,4.48,0.37,0.00,0.00
Tink-a-Tako - Potranco,30,10/14/25 7:25 AM,1,Rosie  ORDONEZ,36,0.00,4.98,0.41,0.00,0.00
Tink-a-Tako - Potranco,29,10/14/25 7:23 AM,1,Daniela Torres,,0.00,17.64,1.45,0.00,0.00
Tink-a-Tako - Potranco,31,10/14/25 7:35 AM,1,Daniela Torres,,0.00,6.48,0.54,0.00,0.00
Tink-a-Tako - Potranco,34,10/14/25 7:39 AM,1,Daniela Torres,,0.00,3.78,0.31,0.00,0.00
Tink-a-Tako - Potranco,32,10/14/25 7:35 AM,1,Daniela Torres,,0.00,12.36,1.02,0.00,0.00
Tink-a-Tako - Potranco,33,10/14/25 7:38 AM,1,Juan  Camacho,,0.00,10.87,0.90,38.23,0.00
Tink-a-Tako - Potranco,35,10/14/25 7:45 AM,1,Daniela Torres,,0.00,7.23,0.59,0.00,0.00
Tink-a-Tako - Potranco,36,10/14/25 7:48 AM,1,Juan  Camacho,,0.00,5.97,0.49,0.00,0.00
Tink-a-Tako - Potranco,37,10/14/25 7:53 AM,1,Daniela Torres,,0.00,3.78,0.31,0.00,0.00
Tink-a-Tako - Potranco,41,10/14/25 8:02 AM,1,Daniela Torres,,0.00,9.96,0.82,0.00,0.00
Tink-a-Tako - Potranco,38,10/14/25 7:54 AM,1,Daniela Torres,,0.00,13.16,1.09,1.00,0.00
Tink-a-Tako - Potranco,42,10/14/25 8:02 AM,1,Daniela Torres,,0.00,14.54,1.20,0.00,0.00
Tink-a-Tako - Potranco,44,10/14/25 8:14 AM,1,Daniela Torres,,0.00,9.87,0.81,0.00,0.00
Tink-a-Tako - Potranco,48,10/14/25 8:18 AM,1,Juan  Camacho,,0.00,70.08,5.77,3.00,0.00
Tink-a-Tako - Potranco,43,10/14/25 8:14 AM,1,Daniela Torres,,0.00,5.58,0.46,0.00,0.00
Tink-a-Tako - Potranco,50,10/14/25 8:23 AM,2,Juan  Camacho,33,0.00,21.95,1.82,0.00,0.00
Tink-a-Tako - Potranco,51,10/14/25 8:23 AM,1,Daniela Torres,,0.00,10.72,0.88,0.00,0.00
Tink-a-Tako - Potranco,53,10/14/25 8:24 AM,1,Silvia Hernandez,26,0.00,6.97,0.57,0.00,0.00
Tink-a-Tako - Potranco,54,10/14/25 8:25 AM,2,Isabel Cisneros,32,0.00,18.31,1.51,0.00,0.00
Tink-a-Tako - Potranco,55,10/14/25 8:26 AM,1,Daniela Torres,,0.00,4.28,0.35,0.00,0.00
Tink-a-Tako - Potranco,49,10/14/25 8:20 AM,1,Daniela Torres,,0.00,9.55,0.79,0.00,0.00
Tink-a-Tako - Potranco,59,10/14/25 8:28 AM,1,Daniela Torres,,0.00,3.98,0.33,0.00,0.00
Tink-a-Tako - Potranco,61,10/14/25 8:29 AM,1,Daniela Torres,,0.00,7.76,0.63,0.00,0.00
Tink-a-Tako - Potranco,62,10/14/25 8:31 AM,1,Daniela Torres,,0.00,0.00,0.00,0.00,0.00
Tink-a-Tako - Potranco,63,10/14/25 8:33 AM,1,Daniela Torres,,0.00,10.96,0.90,0.00,0.00
Tink-a-Tako - Potranco,67,10/14/25 8:41 AM,2,Isabel Cisneros,25,0.00,16.46,1.37,4.00,0.00
Tink-a-Tako - Potranco,68,10/14/25 8:43 AM,1,Maria Majana,,0.00,2.79,0.23,0.00,0.00
Tink-a-Tako - Potranco,73,10/14/25 8:45 AM,1,Daniela Torres,,0.00,21.89,1.81,0.00,0.00
Tink-a-Tako - Potranco,77,10/14/25 8:46 AM,1,Daniela Torres,,0.00,10.57,0.86,0.00,0.00
Tink-a-Tako - Potranco,78,10/14/25 8:47 AM,1,Daniela Torres,,0.00,15.25,1.26,0.00,0.00
Tink-a-Tako - Potranco,79,10/14/25 8:48 AM,1,Maria Majana,,0.00,3.98,0.33,0.00,0.00
Tink-a-Tako - Potranco,80,10/14/25 8:48 AM,1,Daniela Torres,,0.00,6.97,0.58,0.00,0.00
Tink-a-Tako - Potranco,82,10/14/25 8:48 AM,1,Daniela Torres,,0.00,19.60,1.60,0.00,0.00
Tink-a-Tako - Potranco,81,10/14/25 8:48 AM,1,Maria Majana,,0.00,10.96,0.90,0.00,0.00
Tink-a-Tako - Potranco,88,10/14/25 8:56 AM,1,Daniela Torres,,0.00,15.37,1.27,0.00,0.00
Tink-a-Tako - Potranco,89,10/14/25 8:56 AM,1,Daniela Torres,,0.00,7.78,0.64,0.00,0.00
Tink-a-Tako - Potranco,92,10/14/25 8:57 AM,1,Daniela Torres,,0.00,4.28,0.36,0.00,0.00
Tink-a-Tako - Potranco,91,10/14/25 8:57 AM,1,Silvia Hernandez,19,2.95,14.77,1.22,5.00,0.00
Tink-a-Tako - Potranco,90,10/14/25 8:57 AM,1,Maria Majana,,0.00,16.22,1.34,0.00,0.00
Tink-a-Tako - Potranco,94,10/14/25 8:59 AM,1,Daniela Torres,,0.00,28.15,2.32,1.00,0.00
Tink-a-Tako - Potranco,60,10/14/25 8:29 AM,1,Daniela Torres,,0.00,12.34,1.02,3.00,0.00
Tink-a-Tako - Potranco,97,10/14/25 9:03 AM,1,Daniela Torres,,0.00,17.94,1.47,0.00,0.00
Tink-a-Tako - Potranco,98,10/14/25 9:04 AM,2,Isabel Cisneros,18,0.00,15.24,1.27,0.00,0.00
Tink-a-Tako - Potranco,99,10/14/25 9:10 AM,1,Daniela Torres,,0.00,15.76,1.30,0.00,0.00
Tink-a-Tako - Potranco,100,10/14/25 9:20 AM,1,Daniela Torres,,0.00,8.87,0.73,0.00,0.00
Tink-a-Tako - Potranco,101,10/14/25 9:25 AM,2,Silvia Hernandez,17,0.00,18.74,1.55,4.12,0.00
Tink-a-Tako - Potranco,102,10/14/25 9:30 AM,1,Daniela Torres,,0.00,6.77,0.56,0.00,0.00
Tink-a-Tako - Potranco,104,10/14/25 9:32 AM,1,Daniela Torres,,0.00,8.87,0.74,0.00,0.00
Tink-a-Tako - Potranco,105,10/14/25 9:33 AM,1,Daniela Torres,,0.00,9.68,0.80,0.00,0.00
Tink-a-Tako - Potranco,106,10/14/25 9:34 AM,1,Daniela Torres,,0.00,5.78,0.48,0.00,0.00
Tink-a-Tako - Potranco,107,10/14/25 9:34 AM,1,Daniela Torres,,0.00,28.57,2.35,0.00,0.00
Tink-a-Tako - Potranco,108,10/14/25 9:36 AM,1,Daniela Torres,,0.00,8.78,0.72,0.00,0.00
Tink-a-Tako - Potranco,95,10/14/25 9:00 AM,1,Daniela Torres,,0.00,3.98,0.33,0.00,0.00
Tink-a-Tako - Potranco,109,10/14/25 9:39 AM,1,Daniela Torres,,0.00,12.06,1.00,0.00,0.00
Tink-a-Tako - Potranco,111,10/14/25 9:40 AM,2,Isabel Cisneros,10,0.00,27.36,2.25,4.00,0.00
Tink-a-Tako - Potranco,110,10/14/25 9:40 AM,1,Daniela Torres,,0.00,9.37,0.78,3.00,0.00
Tink-a-Tako - Potranco,115,10/14/25 9:45 AM,2,Isabel Cisneros,18,0.00,11.96,1.00,0.00,0.00
Tink-a-Tako - Potranco,116,10/14/25 9:45 AM,1,Isabel Cisneros,15,0.00,8.22,0.68,0.00,0.00
Tink-a-Tako - Potranco,117,10/14/25 9:45 AM,1,Daniela Torres,,0.00,12.41,1.01,2.00,0.00
Tink-a-Tako - Potranco,118,10/14/25 9:46 AM,1,Daniela Torres,,0.00,10.33,0.84,0.00,0.00
Tink-a-Tako - Potranco,119,10/14/25 9:48 AM,1,Daniela Torres,,0.00,7.07,0.59,2.00,0.00
Tink-a-Tako - Potranco,120,10/14/25 9:49 AM,2,Silvia Hernandez,38,0.00,23.96,1.98,0.00,0.00
Tink-a-Tako - Potranco,124,10/14/25 9:51 AM,1,Daniela Torres,,0.00,10.77,0.89,0.00,0.00
Tink-a-Tako - Potranco,123,10/14/25 9:51 AM,3,Isabel Cisneros,11,0.00,39.35,3.24,0.00,0.00
Tink-a-Tako - Potranco,122,10/14/25 9:50 AM,3,Silvia Hernandez,24,0.00,28.51,2.34,5.00,0.00
Tink-a-Tako - Potranco,125,10/14/25 9:53 AM,1,Daniela Torres,,0.00,14.03,1.15,0.00,0.00
Tink-a-Tako - Potranco,126,10/14/25 9:54 AM,1,Maria Majana,,0.00,12.37,1.02,0.00,0.00
Tink-a-Tako - Potranco,128,10/14/25 9:55 AM,1,Daniela Torres,,0.00,12.56,1.03,0.00,0.00
Tink-a-Tako - Potranco,129,10/14/25 9:56 AM,1,Daniela Torres,,0.00,44.00,3.64,0.00,0.00
Tink-a-Tako - Potranco,130,10/14/25 9:57 AM,1,Daniela Torres,,0.00,8.77,0.72,0.00,0.00
Tink-a-Tako - Potranco,132,10/14/25 9:58 AM,2,Silvia Hernandez,20,0.00,19.25,1.59,5.00,0.00
Tink-a-Tako - Potranco,133,10/14/25 9:59 AM,1,Daniela Torres,,0.00,2.49,0.21,0.00,0.00
Tink-a-Tako - Potranco,134,10/14/25 10:00 AM,1,Daniela Torres,,0.00,10.26,0.85,1.00,0.00
Tink-a-Tako - Potranco,136,10/14/25 10:02 AM,3,Isabel Cisneros,35,0.00,41.35,3.42,0.00,0.00
Tink-a-Tako - Potranco,137,10/14/25 10:04 AM,1,Maria Majana,4,0.00,6.27,0.52,2.00,0.00
Tink-a-Tako - Potranco,138,10/14/25 10:09 AM,1,Daniela Torres,,0.00,17.42,1.43,0.00,0.00
Tink-a-Tako - Potranco,139,10/14/25 10:10 AM,1,Daniela Torres,,0.00,5.24,0.43,0.00,0.00
Tink-a-Tako - Potranco,140,10/14/25 10:13 AM,1,Daniela Torres,,0.00,9.58,0.79,0.00,0.00
Tink-a-Tako - Potranco,142,10/14/25 10:16 AM,2,Isabel Cisneros,15,0.00,19.78,1.64,0.00,0.00
Tink-a-Tako - Potranco,141,10/14/25 10:14 AM,1,Daniela Torres,,0.00,4.39,0.36,1.00,0.00
Tink-a-Tako - Potranco,143,10/14/25 10:20 AM,2,Isabel Cisneros,37,0.00,4.28,0.36,2.00,0.00
Tink-a-Tako - Potranco,144,10/14/25 10:20 AM,2,Silvia Hernandez,17,0.00,19.45,1.60,0.00,0.00
Tink-a-Tako - Potranco,145,10/14/25 10:23 AM,2,Silvia Hernandez,19,0.00,23.02,1.89,5.00,0.00
Tink-a-Tako - Potranco,147,10/14/25 10:27 AM,4,Juan  Camacho,41,0.00,42.53,3.53,0.00,0.00
Tink-a-Tako - Potranco,148,10/14/25 10:27 AM,1,Daniela Torres,,0.00,5.97,0.49,0.00,0.00
Tink-a-Tako - Potranco,152,10/14/25 10:29 AM,1,Daniela Torres,,0.58,5.20,0.43,0.00,0.00
Tink-a-Tako - Potranco,146,10/14/25 10:25 AM,1,Silvia Hernandez,26,0.00,13.36,1.10,0.00,0.00
Tink-a-Tako - Potranco,153,10/14/25 10:35 AM,1,Daniela Torres,,0.00,9.78,0.81,0.00,0.00
Tink-a-Tako - Potranco,154,10/14/25 10:35 AM,1,Daniela Torres,,0.00,3.98,0.33,1.00,0.00
Tink-a-Tako - Potranco,156,10/14/25 10:36 AM,1,Daniela Torres,,0.00,4.94,0.40,0.00,0.00
Tink-a-Tako - Potranco,158,10/14/25 10:41 AM,1,Daniela Torres,,0.00,11.75,0.97,0.00,0.00
Tink-a-Tako - Potranco,159,10/14/25 10:44 AM,1,Silvia Hernandez,,0.00,4.28,0.35,0.00,0.00
Tink-a-Tako - Potranco,161,10/14/25 10:45 AM,2,Isabel Cisneros,32,0.00,31.88,2.62,6.50,0.00
Tink-a-Tako - Potranco,162,10/14/25 10:46 AM,1,Daniela Torres,,0.00,3.98,0.33,0.00,0.00
Tink-a-Tako - Potranco,160,10/14/25 10:44 AM,1,Daniela Torres,,0.00,10.56,0.87,0.00,0.00
Tink-a-Tako - Potranco,163,10/14/25 10:46 AM,1,Daniela Torres,,0.00,0.99,0.08,0.00,0.00
Tink-a-Tako - Potranco,164,10/14/25 10:47 AM,1,Daniela Torres,,0.00,26.34,2.17,3.00,0.00
Tink-a-Tako - Potranco,165,10/14/25 10:51 AM,2,Silvia Hernandez,37,0.00,11.37,0.93,0.00,0.00
Tink-a-Tako - Potranco,166,10/14/25 10:52 AM,2,Silvia Hernandez,10,0.00,10.55,0.88,5.00,0.00
Tink-a-Tako - Potranco,167,10/14/25 10:53 AM,2,Juan  Camacho,7,0.00,19.96,1.66,0.00,0.00
Tink-a-Tako - Potranco,168,10/14/25 10:54 AM,1,Daniela Torres,,0.00,7.47,0.62,0.00,0.00
Tink-a-Tako - Potranco,169,10/14/25 10:54 AM,1,Daniela Torres,,0.00,18.43,1.52,0.00,0.00
Tink-a-Tako - Potranco,170,10/14/25 10:55 AM,3,Isabel Cisneros,35,0.00,42.38,3.50,0.00,0.00
Tink-a-Tako - Potranco,171,10/14/25 10:57 AM,1,Maria Majana,,0.00,9.17,0.76,2.00,0.00
Tink-a-Tako - Potranco,172,10/14/25 11:00 AM,1,Daniela Torres,,0.00,6.98,0.58,0.00,0.00
Tink-a-Tako - Potranco,173,10/14/25 11:01 AM,1,Daniela Torres,,0.00,7.27,0.60,0.00,0.00
Tink-a-Tako - Potranco,174,10/14/25 11:02 AM,1,Daniela Torres,,0.00,28.19,2.32,0.00,0.00
Tink-a-Tako - Potranco,175,10/14/25 11:06 AM,1,Daniela Torres,,2.99,2.99,0.25,1.00,0.00
Tink-a-Tako - Potranco,176,10/14/25 11:07 AM,2,Isabel Cisneros,25,0.00,33.74,2.79,0.00,0.00
Tink-a-Tako - Potranco,177,10/14/25 11:07 AM,1,Juan  Camacho,23,0.00,26.06,2.14,5.00,0.00
Tink-a-Tako - Potranco,178,10/14/25 11:08 AM,1,Daniela Torres,,0.40,3.58,0.30,0.00,0.00
Tink-a-Tako - Potranco,179,10/14/25 11:09 AM,2,Isabel Cisneros,18,0.00,14.92,1.22,0.00,0.00
Tink-a-Tako - Potranco,180,10/14/25 11:11 AM,1,Daniela Torres,,0.00,14.21,1.17,0.00,0.00
Tink-a-Tako - Potranco,182,10/14/25 11:17 AM,2,Isabel Cisneros,8,0.00,26.41,2.17,0.00,0.00
Tink-a-Tako - Potranco,183,10/14/25 11:17 AM,1,Isabel Cisneros,21,0.00,17.69,1.45,4.00,0.00
Tink-a-Tako - Potranco,184,10/14/25 11:18 AM,2,Silvia Hernandez,24,0.00,22.49,1.85,0.00,0.00
Tink-a-Tako - Potranco,181,10/14/25 11:15 AM,1,Daniela Torres,,0.00,13.99,1.15,0.00,0.00
Tink-a-Tako - Potranco,185,10/14/25 11:22 AM,1,Daniela Torres,,0.00,24.01,1.98,0.00,0.00
Tink-a-Tako - Potranco,187,10/14/25 11:27 AM,1,Isabel Cisneros,,0.00,12.99,1.07,0.00,0.00
Tink-a-Tako - Potranco,186,10/14/25 11:27 AM,3,Silvia Hernandez,22,0.00,48.23,3.97,0.00,0.00
Tink-a-Tako - Potranco,189,10/14/25 11:28 AM,1,Daniela Torres,,0.00,16.85,1.39,0.00,0.00
Tink-a-Tako - Potranco,191,10/14/25 11:30 AM,2,Juan  Camacho,32,0.00,16.64,1.37,0.00,0.00
Tink-a-Tako - Potranco,190,10/14/25 11:29 AM,1,Daniela Torres,,0.00,20.37,1.67,0.00,0.00
Tink-a-Tako - Potranco,192,10/14/25 11:32 AM,1,Daniela Torres,,0.00,3.29,0.27,0.00,0.00
Tink-a-Tako - Potranco,193,10/14/25 11:33 AM,1,Daniela Torres,,0.00,9.67,0.79,0.00,0.00
Tink-a-Tako - Potranco,194,10/14/25 11:33 AM,1,Daniela Torres,,0.00,8.77,0.72,2.00,0.00
Tink-a-Tako - Potranco,195,10/14/25 11:38 AM,1,Daniela Torres,,0.00,13.99,1.15,0.00,0.00
Tink-a-Tako - Potranco,196,10/14/25 11:39 AM,2,Silvia Hernandez,33,0.00,8.46,0.69,0.00,0.00
Tink-a-Tako - Potranco,198,10/14/25 11:40 AM,1,Daniela Torres,,0.00,12.75,1.06,0.00,0.00
Tink-a-Tako - Potranco,199,10/14/25 11:42 AM,3,Juan  Camacho,38,0.00,23.08,1.91,0.00,0.00
Tink-a-Tako - Potranco,200,10/14/25 11:42 AM,1,Daniela Torres,,0.00,9.28,0.76,0.00,0.00
Tink-a-Tako - Potranco,201,10/14/25 11:42 AM,1,Daniela Torres,,0.00,10.66,0.88,0.00,0.00
Tink-a-Tako - Potranco,202,10/14/25 11:43 AM,1,Daniela Torres,,0.00,14.76,1.22,0.00,0.00
Tink-a-Tako - Potranco,203,10/14/25 11:45 AM,1,Daniela Torres,,0.00,4.89,0.40,0.00,0.00
Tink-a-Tako - Potranco,204,10/14/25 11:46 AM,3,Isabel Cisneros,18,0.00,25.63,2.09,2.00,0.00
Tink-a-Tako - Potranco,205,10/14/25 11:46 AM,1,Daniela Torres,,0.00,12.99,1.07,0.00,0.00
Tink-a-Tako - Potranco,207,10/14/25 11:49 AM,1,Maria Majana,,0.00,11.97,0.99,0.00,0.00
Tink-a-Tako - Potranco,206,10/14/25 11:48 AM,1,Daniela Torres,,0.00,18.56,1.53,0.00,0.00
Tink-a-Tako - Potranco,209,10/14/25 11:50 AM,1,Daniela Torres,,0.00,7.96,0.66,0.00,0.00
Tink-a-Tako - Potranco,210,10/14/25 11:51 AM,1,Daniela Torres,,0.00,4.58,0.38,0.00,0.00
Tink-a-Tako - Potranco,211,10/14/25 11:53 AM,2,Silvia Hernandez,20,0.00,23.66,1.95,0.00,0.00
Tink-a-Tako - Potranco,212,10/14/25 11:54 AM,2,Juan  Camacho,15,0.00,32.96,2.72,0.00,0.00
Tink-a-Tako - Potranco,213,10/14/25 11:55 AM,1,Maria Majana,,0.00,7.16,0.59,0.00,0.00
Tink-a-Tako - Potranco,214,10/14/25 12:02 PM,1,Daniela Torres,,0.00,11.34,0.94,0.00,0.00
Tink-a-Tako - Potranco,216,10/14/25 12:03 PM,2,Silvia Hernandez,11,0.00,11.97,0.99,5.00,0.00
Tink-a-Tako - Potranco,217,10/14/25 12:05 PM,1,Daniela Torres,,0.00,8.78,0.72,0.00,0.00
Tink-a-Tako - Potranco,218,10/14/25 12:05 PM,1,Daniela Torres,,0.00,7.43,0.61,1.00,0.00
Tink-a-Tako - Potranco,219,10/14/25 12:08 PM,1,Daniela Torres,,0.00,17.66,1.45,0.00,0.00
Tink-a-Tako - Potranco,220,10/14/25 12:09 PM,1,Maria Majana,,0.00,24.88,2.04,0.00,0.00
Tink-a-Tako - Potranco,222,10/14/25 12:10 PM,1,Daniela Torres,,0.00,18.36,1.51,0.00,0.00
Tink-a-Tako - Potranco,224,10/14/25 12:12 PM,1,Isabel Cisneros,24,0.00,3.98,0.32,2.00,0.00
Tink-a-Tako - Potranco,225,10/14/25 12:13 PM,1,Daniela Torres,,0.00,5.49,0.45,0.00,0.00
Tink-a-Tako - Potranco,226,10/14/25 12:16 PM,5,Juan  Camacho,34,0.00,37.38,3.07,2.00,0.00
Tink-a-Tako - Potranco,223,10/14/25 12:11 PM,4,Silvia Hernandez,42,2.40,56.55,4.67,9.00,0.00
Tink-a-Tako - Potranco,229,10/14/25 12:17 PM,2,Silvia Hernandez,32,0.00,12.69,1.04,2.00,0.00
Tink-a-Tako - Potranco,230,10/14/25 12:18 PM,2,Juan  Camacho,37,0.00,24.01,1.97,0.00,0.00
Tink-a-Tako - Potranco,231,10/14/25 12:21 PM,3,Isabel Cisneros,25,0.00,35.04,2.88,5.00,0.00
Tink-a-Tako - Potranco,232,10/14/25 12:24 PM,3,Juan  Camacho,19,0.00,47.10,3.89,0.00,0.00
Tink-a-Tako - Potranco,233,10/14/25 12:27 PM,1,Daniela Torres,,0.00,13.17,1.09,0.00,0.00
Tink-a-Tako - Potranco,235,10/14/25 12:28 PM,2,Silvia Hernandez,7,0.00,17.37,1.43,4.00,0.00
Tink-a-Tako - Potranco,215,10/14/25 12:02 PM,1,Daniela Torres,,0.00,9.98,0.82,0.00,0.00
Tink-a-Tako - Potranco,234,10/14/25 12:27 PM,1,Daniela Torres,,0.00,3.58,0.30,0.00,0.00
Tink-a-Tako - Potranco,237,10/14/25 12:49 PM,1,Daniela Torres,,0.00,8.56,0.71,0.00,0.00
Tink-a-Tako - Potranco,238,10/14/25 12:50 PM,1,Daniela Torres,,0.00,15.57,1.29,2.00,0.00
Tink-a-Tako - Potranco,239,10/14/25 12:55 PM,1,Daniela Torres,,0.00,14.98,1.24,5.00,0.00
Tink-a-Tako - Potranco,241,10/14/25 12:57 PM,1,Isabel Cisneros,38,0.00,13.68,1.13,3.00,0.00
Tink-a-Tako - Potranco,243,10/14/25 1:00 PM,1,Maria Majana,,29.23,0.00,0.00,0.00,0.00
Tink-a-Tako - Potranco,242,10/14/25 12:58 PM,2,Silvia Hernandez,24,0.00,33.96,2.81,4.00,0.00
Tink-a-Tako - Potranco,244,10/14/25 1:06 PM,1,Daniela Torres,,0.00,5.37,0.44,0.00,0.00
Tink-a-Tako - Potranco,246,10/14/25 1:07 PM,3,Isabel Cisneros,32,0.00,39.41,3.25,0.00,0.00
Tink-a-Tako - Potranco,247,10/14/25 1:12 PM,1,Daniela Torres,,0.00,12.99,1.07,0.00,0.00
Tink-a-Tako - Potranco,248,10/14/25 1:15 PM,3,Silvia Hernandez,8,0.00,39.94,3.30,10.00,0.00
Tink-a-Tako - Potranco,236,10/14/25 12:35 PM,1,Daniela Torres,,0.00,21.14,1.75,0.00,0.00
Tink-a-Tako - Potranco,249,10/14/25 1:16 PM,1,Daniela Torres,,0.00,17.82,1.46,3.00,0.00
Tink-a-Tako - Potranco,251,10/14/25 1:21 PM,2,Silvia Hernandez,25,0.00,34.95,2.88,10.00,0.00
Tink-a-Tako - Potranco,252,10/14/25 1:23 PM,6,Isabel Cisneros,34,0.00,102.28,8.43,20.00,20.46
Tink-a-Tako - Potranco,253,10/14/25 1:24 PM,1,Maria Majana,11,0.00,15.18,1.25,0.00,0.00
Tink-a-Tako - Potranco,254,10/14/25 1:25 PM,1,Daniela Torres,,0.00,26.96,2.22,0.00,0.00
Tink-a-Tako - Potranco,256,10/14/25 1:27 PM,1,Maria Majana,,0.00,13.77,1.14,0.00,0.00
Tink-a-Tako - Potranco,255,10/14/25 1:26 PM,1,Daniela Torres,,0.00,3.98,0.33,0.00,0.00
Tink-a-Tako - Potranco,259,10/14/25 1:29 PM,2,Juan  Camacho,7,2.00,25.86,2.13,0.00,0.00
Tink-a-Tako - Potranco,258,10/14/25 1:28 PM,1,Daniela Torres,,0.00,13.87,1.14,0.00,0.00
Tink-a-Tako - Potranco,261,10/14/25 1:34 PM,1,Isabel Cisneros,18,0.00,15.43,1.27,2.00,0.00
Tink-a-Tako - Potranco,262,10/14/25 1:34 PM,2,Silvia Hernandez,37,0.00,18.88,1.55,3.78,0.00
Tink-a-Tako - Potranco,265,10/14/25 1:43 PM,1,Daniela Torres,,1.40,12.59,1.04,0.00,0.00
Tink-a-Tako - Potranco,266,10/14/25 1:51 PM,1,Daniela Torres,,0.00,22.14,1.82,0.00,0.00
Tink-a-Tako - Potranco,267,10/14/25 2:00 PM,1,Juan  Camacho,35,0.00,6.98,0.58,0.00,0.00
Tink-a-Tako - Potranco,268,10/14/25 2:02 PM,1,Lizeth Alonso,,0.00,24.28,2.00,0.00,0.00
Tink-a-Tako - Potranco,269,10/14/25 2:03 PM,2,Juan  Camacho,17,0.00,32.42,2.67,10.00,0.00
Tink-a-Tako - Potranco,270,10/14/25 2:04 PM,1,Lizeth Alonso,,0.00,0.00,0.00,0.00,0.00
Tink-a-Tako - Potranco,271,10/14/25 2:06 PM,1,Lizeth Alonso,,0.00,3.15,0.26,0.00,0.00
Tink-a-Tako - Potranco,272,10/14/25 2:06 PM,1,Lizeth Alonso,,0.00,13.99,1.15,1.00,0.00
Tink-a-Tako - Potranco,274,10/14/25 2:16 PM,2,Juan  Camacho,25,0.00,33.28,2.73,0.00,0.00
Tink-a-Tako - Potranco,273,10/14/25 2:16 PM,1,Lizeth Alonso,,0.00,32.26,2.66,0.00,0.00
Tink-a-Tako - Potranco,275,10/14/25 2:20 PM,1,Lizeth Alonso,,0.00,19.96,1.65,0.00,0.00
Tink-a-Tako - Potranco,276,10/14/25 2:20 PM,1,Lizeth Alonso,,0.00,24.42,2.01,2.00,0.00
Tink-a-Tako - Potranco,277,10/14/25 2:32 PM,1,Lizeth Alonso,,0.00,8.99,0.74,0.00,0.00
Tink-a-Tako - Potranco,279,10/14/25 2:50 PM,4,Nadia  Reyes,10,0.00,57.48,4.73,0.00,0.00
Tink-a-Tako - Potranco,278,10/14/25 2:40 PM,1,Lizeth Alonso,,0.00,7.54,0.62,0.00,0.00
Tink-a-Tako - Potranco,280,10/14/25 2:53 PM,1,Juan  Camacho,35,0.00,6.99,0.58,0.00,0.00
Tink-a-Tako - Potranco,282,10/14/25 2:55 PM,1,Lizeth Alonso,,0.00,9.99,0.82,0.00,0.00
Tink-a-Tako - Potranco,281,10/14/25 2:54 PM,2,Rosie  ORDONEZ,36,14.98,0.00,0.00,0.00,0.00
Tink-a-Tako - Potranco,283,10/14/25 3:01 PM,1,Juan  Camacho,32,0.00,14.06,1.16,4.00,0.00
Tink-a-Tako - Potranco,284,10/14/25 3:13 PM,1,Lizeth Alonso,,0.00,6.18,0.51,0.00,0.00
Tink-a-Tako - Potranco,285,10/14/25 3:16 PM,1,Lizeth Alonso,,0.00,0.50,0.04,0.00,0.00
Tink-a-Tako - Potranco,286,10/14/25 3:23 PM,1,Lizeth Alonso,,0.00,23.97,1.97,0.00,0.00
Tink-a-Tako - Potranco,287,10/14/25 3:23 PM,1,Lizeth Alonso,,0.00,4.89,0.40,0.00,0.00
Tink-a-Tako - Potranco,288,10/14/25 3:33 PM,1,Lizeth Alonso,,0.00,7.17,0.59,0.00,0.00
Tink-a-Tako - Potranco,289,10/14/25 3:35 PM,1,Lizeth Alonso,,0.00,17.44,1.43,0.00,0.00
Tink-a-Tako - Potranco,290,10/14/25 3:42 PM,1,Lizeth Alonso,,0.00,13.43,1.10,0.00,0.00
Tink-a-Tako - Potranco,291,10/14/25 3:43 PM,1,Juan  Camacho,,0.00,22.98,1.90,2.00,0.00
Tink-a-Tako - Potranco,292,10/14/25 3:57 PM,2,Nadia  Reyes,8,0.00,19.97,1.64,10.00,0.00
Tink-a-Tako - Potranco,293,10/14/25 4:10 PM,1,Lizeth Alonso,,0.00,6.38,0.52,2.00,0.00
Tink-a-Tako - Potranco,294,10/14/25 4:11 PM,1,Lizeth Alonso,,0.00,34.41,2.83,0.00,0.00
Tink-a-Tako - Potranco,295,10/14/25 4:13 PM,2,Juan  Camacho,25,0.00,37.62,3.10,0.00,0.00
Tink-a-Tako - Potranco,296,10/14/25 4:30 PM,2,Nadia  Reyes,37,0.00,23.48,1.92,0.00,0.00
Tink-a-Tako - Potranco,297,10/14/25 4:34 PM,1,Juan  Camacho,35,0.00,42.45,3.50,0.00,0.00
Tink-a-Tako - Potranco,298,10/14/25 4:35 PM,1,Lizeth Alonso,,0.00,34.44,2.84,2.72,0.00
Tink-a-Tako - Potranco,299,10/14/25 4:47 PM,1,Lizeth Alonso,,0.00,5.37,0.45,0.00,0.00
Tink-a-Tako - Potranco,300,10/14/25 4:47 PM,3,Juan  Camacho,32,0.00,33.82,2.79,8.00,0.00
Tink-a-Tako - Potranco,301,10/14/25 4:47 PM,1,Lizeth Alonso,,0.00,11.99,0.99,0.00,0.00
Tink-a-Tako - Potranco,302,10/14/25 4:54 PM,2,Nadia  Reyes,33,0.00,21.71,1.79,5.00,0.00
Tink-a-Tako - Potranco,303,10/14/25 5:04 PM,1,Juan  Camacho,24,0.00,13.99,1.15,5.86,0.00
Tink-a-Tako - Potranco,304,10/14/25 5:07 PM,1,Lizeth Alonso,,0.00,12.99,1.07,2.00,0.00
Tink-a-Tako - Potranco,305,10/14/25 5:10 PM,1,Lizeth Alonso,,0.00,13.97,1.15,0.00,0.00
Tink-a-Tako - Potranco,307,10/14/25 5:30 PM,2,Juan  Camacho,32,0.00,17.98,1.48,0.00,0.00
Tink-a-Tako - Potranco,306,10/14/25 5:30 PM,1,Lizeth Alonso,,0.00,28.92,2.39,3.00,0.00
Tink-a-Tako - Potranco,308,10/14/25 5:31 PM,1,Lizeth Alonso,,0.00,0.00,0.00,0.00,0.00
Tink-a-Tako - Potranco,309,10/14/25 5:44 PM,2,Nadia  Reyes,22,0.00,32.12,2.63,0.00,0.00
Tink-a-Tako - Potranco,310,10/14/25 5:48 PM,1,Lizeth Alonso,,0.00,7.16,0.59,0.00,0.00
Tink-a-Tako - Potranco,311,10/14/25 5:48 PM,2,Juan  Camacho,37,0.00,31.38,2.58,0.00,0.00
Tink-a-Tako - Potranco,312,10/14/25 5:50 PM,1,Lizeth Alonso,,0.00,11.89,0.97,0.00,0.00
Tink-a-Tako - Potranco,314,10/14/25 6:04 PM,1,Nadia  Reyes,,0.00,14.94,1.23,1.00,0.00
Tink-a-Tako - Potranco,315,10/14/25 6:06 PM,1,Lizeth Alonso,,0.00,12.96,1.07,1.00,0.00
Tink-a-Tako - Potranco,316,10/14/25 6:08 PM,1,Juan  Camacho,,0.00,6.99,0.58,0.00,0.00
Tink-a-Tako - Potranco,317,10/14/25 6:14 PM,1,Lizeth Alonso,,0.00,6.99,0.58,1.00,0.00
Tink-a-Tako - Potranco,318,10/14/25 6:15 PM,2,Nadia  Reyes,24,0.00,33.92,2.80,0.00,0.00
Tink-a-Tako - Potranco,319,10/14/25 6:15 PM,2,Juan  Camacho,25,0.00,62.40,5.14,8.00,0.00
Tink-a-Tako - Potranco,320,10/14/25 6:16 PM,1,Rosie  ORDONEZ,,14.99,0.00,0.00,0.00,0.00
Tink-a-Tako - Potranco,321,10/14/25 6:18 PM,1,Lizeth Alonso,,0.00,14.93,1.23,0.00,0.00
Tink-a-Tako - Potranco,323,10/14/25 6:21 PM,4,Juan  Camacho,32,0.00,19.78,1.63,0.00,0.00
Tink-a-Tako - Potranco,324,10/14/25 6:21 PM,1,Lizeth Alonso,,0.00,7.58,0.63,0.00,0.00
Tink-a-Tako - Potranco,325,10/14/25 6:22 PM,2,Nadia  Reyes,34,0.00,33.36,2.74,6.00,0.00
Tink-a-Tako - Potranco,326,10/14/25 6:32 PM,1,Lizeth Alonso,,0.00,13.38,1.11,5.00,0.00
Tink-a-Tako - Potranco,327,10/14/25 6:32 PM,1,Lizeth Alonso,,0.00,30.97,2.55,0.00,0.00
Tink-a-Tako - Potranco,328,10/14/25 6:34 PM,1,Lizeth Alonso,,0.00,7.96,0.66,0.00,0.00
Tink-a-Tako - Potranco,330,10/14/25 6:35 PM,2,Juan  Camacho,7,0.00,33.37,2.74,10.00,0.00
Tink-a-Tako - Potranco,331,10/14/25 6:39 PM,1,Lizeth Alonso,,0.00,49.46,4.09,0.00,0.00
Tink-a-Tako - Potranco,332,10/14/25 6:40 PM,1,Lizeth Alonso,,0.00,15.98,1.32,0.00,0.00
Tink-a-Tako - Potranco,333,10/14/25 6:40 PM,2,Nadia  Reyes,37,0.00,44.93,3.70,0.00,0.00
Tink-a-Tako - Potranco,334,10/14/25 6:44 PM,2,Nadia  Reyes,2,0.00,77.07,6.35,16.00,0.00
Tink-a-Tako - Potranco,335,10/14/25 6:46 PM,3,Juan  Camacho,23,0.00,34.21,2.79,6.00,0.00
Tink-a-Tako - Potranco,336,10/14/25 6:46 PM,1,Lizeth Alonso,,0.00,21.74,1.79,0.00,0.00
Tink-a-Tako - Potranco,337,10/14/25 6:54 PM,1,Lizeth Alonso,,0.00,8.99,0.74,0.00,0.00
Tink-a-Tako - Potranco,338,10/14/25 6:58 PM,1,Lizeth Alonso,,0.00,12.99,1.07,3.00,0.00
Tink-a-Tako - Potranco,339,10/14/25 7:05 PM,1,Lizeth Alonso,,0.00,38.16,3.15,5.00,0.00
Tink-a-Tako - Potranco,340,10/14/25 7:12 PM,2,Nadia  Reyes,33,5.00,48.41,4.00,5.00,0.00
Tink-a-Tako - Potranco,341,10/14/25 7:17 PM,2,Juan  Camacho,25,0.00,24.43,2.01,4.89,0.00
Tink-a-Tako - Potranco,342,10/14/25 7:19 PM,2,Nadia  Reyes,32,0.00,36.42,2.99,10.00,0.00
Tink-a-Tako - Potranco,343,10/14/25 7:34 PM,1,Lizeth Alonso,,0.00,10.37,0.86,1.00,0.00
Tink-a-Tako - Potranco,344,10/14/25 7:35 PM,1,Juan  Camacho,38,0.00,14.81,1.22,5.00,0.00
Tink-a-Tako - Potranco,345,10/14/25 7:39 PM,1,Lizeth Alonso,,0.00,15.98,1.32,0.00,0.00
Tink-a-Tako - Potranco,346,10/14/25 7:43 PM,1,Lizeth Alonso,,0.00,15.98,1.32,0.00,0.00
Tink-a-Tako - Potranco,347,10/14/25 7:53 PM,1,Lizeth Alonso,,0.00,27.43,2.25,0.00,0.00
Tink-a-Tako - Potranco,349,10/14/25 8:01 PM,1,Nadia  Reyes,32,0.00,16.69,1.37,8.00,0.00
Tink-a-Tako - Potranco,348,10/14/25 8:00 PM,1,Lizeth Alonso,,0.00,10.99,0.91,0.00,0.00
Tink-a-Tako - Potranco,350,10/14/25 8:09 PM,1,Lizeth Alonso,,0.00,19.44,1.60,0.00,0.00
Tink-a-Tako - Potranco,351,10/14/25 8:30 PM,1,Lizeth Alonso,,0.00,5.49,0.45,0.00,0.00
Tink-a-Tako - Potranco,352,10/14/25 8:30 PM,1,Lizeth Alonso,,0.00,0.00,0.00,0.00,0.00
