Employee,Job Title,Regular Hours,Overtime Hours,Hourly Rate,Regular Pay,Overtime Pay,Total Pay,Net Sales,Declared Tips,Non-Cash Tips,Total Tips,Tips Withheld,Total Gratuity,Employee ID,Job Code,Location,Location Code
"Alonso, Lizeth",Host,7.28,0.0,13.00,94.64,0.00,94.64,733.45,,28.72,28.72,0.00,0.00,,,Tink-a-Tako - Potranco,
"Aviles, Genaro",Cook,15.56,0.0,15.00,233.40,0.00,233.40,0.00,,0.00,0.00,0.00,0.00,,,Tink-a-Tako - Potranco,
"Brito, Victor ",Regular,20.95,0.0,12.00,251.40,0.00,251.40,0.00,0.00,0.00,0.00,0.00,0.00,,,Tink-a-Tako - Potranco,
"Camacho, Juan ",Server,15.22,0.0,3.00,45.66,0.00,45.66,1193.76,,145.03,145.03,0.00,0.00,,,Tink-a-Tako - Potranco,
"Cisneros, Isabel",Server,6.94,0.0,3.00,20.82,0.00,20.82,617.77,,54.50,54.50,0.00,20.46,,,Tink-a-Tako - Potranco,
"Diaz, Diego",Cook,8.69,0.0,,,,,0.00,,0.00,0.00,0.00,0.00,,,Tink-a-Tako - Potranco,
"Dominguez, Jose ",Cook,15.11,0.0,17.00,256.87,0.00,256.87,0.00,,0.00,0.00,0.00,0.00,,,Tink-a-Tako - Potranco,
"Gonzalez, Maria ",Tortillero,7.31,0.0,13.00,95.03,0.00,95.03,0.00,,0.00,0.00,0.00,0.00,,,Tink-a-Tako - Potranco,
"Hernandez, Silvia",Server,6.15,0.0,3.00,18.45,0.00,18.45,523.38,,76.90,76.90,0.00,0.00,,,Tink-a-Tako - Potranco,
"Juarez, Maria ",Dishwasher,7.21,0.0,12.00,86.52,0.00,86.52,0.00,,0.00,0.00,0.00,0.00,,,Tink-a-Tako - Potranco,
"Majana, Maria",Host,6.06,0.0,14.00,84.84,0.00,84.84,134.72,,4.00,4.00,0.00,0.00,,,Tink-a-Tako - Potranco,
"ORDONEZ, Rosie ",Shift Manager / Assistant Manager,21.83,0.0,,,,,4.98,0.00,0.00,0.00,0.00,0.00,,,Tink-a-Tako - Potranco,
"Ramirez Perez, Silvia",Cook,7.54,0.0,17.00,128.18,0.00,128.18,0.00,,0.00,0.00,0.00,0.00,,,Tink-a-Tako - Potranco,
"Reyes, Nadia ",Server,13.82,0.0,,,,,460.50,0.00,61.00,61.00,0.00,0.00,,,Tink-a-Tako - Potranco,
"Serrato, Joshua ",Busser,5.54,0.0,12.00,66.48,0.00,66.48,0.00,,0.00,0.00,0.00,0.00,,,Tink-a-Tako - Potranco,
"Torres, Daniela",Drive-Thru,7.97,0.0,,,,,1408.13,,32.00,32.00,0.00,0.00,,,Tink-a-Tako - Potranco,
