,Location,Employee,Job Title,In Date,Shift Closed Date,Out Date,Hours,Cash Tips Decl.,Cash on Hand,Cash in Drawer,Non-Cash Tips,Cash Gratuity,Non-Cash Gratuity,Tips Withheld,Non-Cash Sales,Cash Sales,Total Sales,Cash Collected?,Tips Paid?,Open,Paid,Closed,Tip Share Total
800000030744554377,Tink-a-Tako - Potranco,Daniela Torres,Drive-Thru,10/14/25 6:08 AM,10/14/25 1:57 PM,10/14/25 2:06 PM,7.97,,315.51,0.00,32.00,0.00,0.00,0.00,1208.62,315.51,1524.13,yes,yes,0,0,131,0.00
800000030744564458,Tink-a-Tako - Potranco,Rosie  ORDONEZ,Shift Manager / Assistant Manager,10/14/25 6:10 AM,10/15/25 4:08 AM,10/15/25 4:00 AM,21.83,0.00,5.39,0.00,0.00,0.00,0.00,0.00,0.00,5.39,5.39,no,no,0,0,3,0.00
800000030744569068,Tink-a-Tako - Potranco,Juan  Camacho,Server,10/14/25 6:11 AM,10/14/25 9:08 PM,10/14/25 9:24 PM,15.22,,325.92,0.00,145.03,0.00,0.00,0.00,966.29,325.92,1292.21,yes,yes,0,0,60,0.00
800000030744920463,Tink-a-Tako - Potranco,Victor  Brito,Regular,10/14/25 7:03 AM,10/15/25 4:08 AM,10/15/25 4:00 AM,20.95,0.00,0.00,0.00,0.00,0.00,0.00,0.00,0.00,0.00,0.00,yes,yes,0,0,0,0.00
800000030745495126,Tink-a-Tako - Potranco,Isabel Cisneros,Server,10/14/25 7:49 AM,10/14/25 2:16 PM,10/14/25 2:45 PM,6.94,,178.65,0.00,54.50,0.00,20.46,0.00,490.05,178.65,668.70,yes,yes,0,0,26,0.00
800000030745627181,Tink-a-Tako - Potranco,Maria Majana,Host,10/14/25 7:58 AM,10/14/25 2:02 PM,10/14/25 2:02 PM,6.06,,0.00,37.14,4.00,0.00,0.00,0.00,108.69,37.14,145.83,yes,yes,0,0,13,0.00
800000030745738055,Tink-a-Tako - Potranco,Silvia Hernandez,Server,10/14/25 8:06 AM,10/14/25 2:15 PM,10/14/25 2:15 PM,6.15,,58.49,0.00,76.90,0.00,0.00,0.00,508.02,58.49,566.51,yes,yes,0,0,26,0.00
800000030755124185,Tink-a-Tako - Potranco,Lizeth Alonso,Host,10/14/25 1:51 PM,10/14/25 9:00 PM,10/14/25 9:08 PM,7.28,,0.00,166.91,28.72,0.00,0.00,0.00,626.99,166.91,793.90,yes,yes,0,0,46,0.00
800000030755854626,Tink-a-Tako - Potranco,Nadia  Reyes,Server,10/14/25 2:10 PM,10/14/25 9:07 PM,10/15/25 4:00 AM,13.82,0.00,96.87,0.00,61.00,0.00,0.00,0.00,401.52,96.87,498.39,yes,yes,0,0,13,0.00
