Location,Employee,Job Title,In Date,Out Date,Auto Clock-out,Total Hours,Unpaid Break Time,Paid Break Time,Payable Hours
Tink-a-Tako - Potranco,"Aviles, Genaro",Cook,10/14/25 5:28 AM,10/14/25 9:01 PM,No,15.56,0.00,0.00,15.56
Tink-a-Tako - Potranco,"Ramirez Perez, Silvia",Cook,10/14/25 5:28 AM,10/14/25 1:00 PM,No,7.54,0.00,0.00,7.54
Tink-a-Tako - Potranco,"Diaz, Diego",Cook,10/14/25 5:33 AM,10/14/25 2:14 PM,No,8.69,0.00,0.00,8.69
Tink-a-Tako - Potranco,"Dominguez, Jose ",Cook,10/14/25 6:02 AM,10/14/25 9:08 PM,No,15.11,0.00,0.00,15.11
Tink-a-Tako - Potranco,"Torres, Daniela",Drive-Thru,10/14/25 6:08 AM,10/14/25 2:06 PM,No,7.97,0.00,0.00,7.97
Tink-a-Tako - Potranco,"ORDONEZ, Rosie ",Shift Manager / Assistant Manager,10/14/25 6:10 AM,10/15/25 4:00 AM,Yes,21.83,0.00,0.00,21.83
Tink-a-Tako - Potranco,"Camacho, Juan ",Server,10/14/25 6:11 AM,10/14/25 9:24 PM,No,15.22,0.00,0.00,15.22
Tink-a-Tako - Potranco,"Brito, Victor ",Regular,10/14/25 7:03 AM,10/15/25 4:00 AM,Yes,20.95,0.00,0.00,20.95
Tink-a-Tako - Potranco,"Cisneros, Isabel",Server,10/14/25 7:49 AM,10/14/25 2:45 PM,No,6.94,0.00,0.00,6.94
Tink-a-Tako - Potranco,"Majana, Maria",Host,10/14/25 7:58 AM,10/14/25 2:02 PM,No,6.06,0.00,0.00,6.06
Tink-a-Tako - Potranco,"Hernandez, Silvia",Server,10/14/25 8:06 AM,10/14/25 2:15 PM,No,6.15,0.00,0.00,6.15
Tink-a-Tako - Potranco,"Serrato, Joshua ",Busser,10/14/25 8:53 AM,10/14/25 2:25 PM,No,5.54,0.00,0.00,5.54
Tink-a-Tako - Potranco,"Gonzalez, Maria ",Tortillero,10/14/25 1:42 PM,10/14/25 9:01 PM,No,7.31,0.00,0.00,7.31
Tink-a-Tako - Potranco,"Alonso, Lizeth",Host,10/14/25 1:51 PM,10/14/25 9:08 PM,No,7.28,0.00,0.00,7.28
Tink-a-Tako - Potranco,"Juarez, Maria ",Dishwasher,10/14/25 1:51 PM,10/14/25 9:04 PM,No,7.21,0.00,0.00,7.21
Tink-a-Tako - Potranco,"Reyes, Nadia ",Server,10/14/25 2:10 PM,10/15/25 4:00 AM,Yes,13.82,0.00,0.00,13.82
