Location,Server,Check #,Table,Station,Expediter Level,Fired Date,Fulfilled Date,Fulfillment Time,Fulfilled By
12060 Potranco Road,Melissa  Urena,2,,Food,,9/1/25 6:46 AM,9/1/25 7:04 AM,17 minutes and 30 seconds,KDS - Login Don't Delete
12060 Potranco Road,Melissa  Urena,2,,Drive Thru,,9/1/25 6:46 AM,9/1/25 7:04 AM,17 minutes and 30 seconds,KDS - Login Don't Delete
12060 Potranco Road,Sugey Cabrera,3,,Drive Thru,,9/1/25 7:08 AM,9/1/25 7:22 AM,13 minutes and 49 seconds,KDS - Login Don't Delete
12060 Potranco Road,Sugey Cabrera,3,,Food,,9/1/25 7:08 AM,9/1/25 7:22 AM,13 minutes and 49 seconds,KDS - Login Don't Delete
12060 Potranco Road,Melissa  Urena,5,,Food,,9/1/25 7:23 AM,9/1/25 7:24 AM,35 seconds,KDS - Login Don't Delete
12060 Potranco Road,Melissa  Urena,5,,Drive Thru,,9/1/25 7:23 AM,9/1/25 7:24 AM,35 seconds,KDS - Login Don't Delete
12060 Potranco Road,Melissa  Urena,5,,Food,,9/1/25 7:19 AM,9/1/25 7:24 AM,5 minutes and 23 seconds,KDS - Login Don't Delete
12060 Potranco Road,Melissa  Urena,5,,Drive Thru,,9/1/25 7:19 AM,9/1/25 7:24 AM,5 minutes and 23 seconds,KDS - Login Don't Delete
12060 Potranco Road,Melissa  Urena,5,,Food,,9/1/25 7:20 AM,9/1/25 7:24 AM,3 minutes and 52 seconds,KDS - Login Don't Delete
12060 Potranco Road,Melissa  Urena,5,,Drive Thru,,9/1/25 7:20 AM,9/1/25 7:24 AM,3 minutes and 52 seconds,KDS - Login Don't Delete
12060 Potranco Road,Melissa  Urena,5,,Food,,9/1/25 7:25 AM,9/1/25 7:26 AM,1 minute and 2 seconds,KDS - Login Don't Delete
12060 Potranco Road,Melissa  Urena,5,,Drive Thru,,9/1/25 7:25 AM,9/1/25 7:26 AM,1 minute and 2 seconds,KDS - Login Don't Delete
12060 Potranco Road,Melissa  Urena,7,,Food,,9/1/25 7:23 AM,9/1/25 7:26 AM,2 minutes and 58 seconds,KDS - Login Don't Delete
12060 Potranco Road,Melissa  Urena,7,,Drive Thru,,9/1/25 7:23 AM,9/1/25 7:26 AM,2 minutes and 58 seconds,KDS - Login Don't Delete
12060 Potranco Road,Sugey Cabrera,8,2,Food,,9/1/25 7:31 AM,9/1/25 7:35 AM,4 minutes and 14 seconds,KDS - Login Don't Delete
12060 Potranco Road,Sugey Cabrera,8,2,No Print,,9/1/25 7:31 AM,9/1/25 7:35 AM,4 minutes and 14 seconds,KDS - Login Don't Delete
12060 Potranco Road,Sugey Cabrera,8,2,Drive Thru,,9/1/25 7:38 AM,9/1/25 7:48 AM,10 minutes and 18 seconds,KDS - Login Don't Delete
12060 Potranco Road,Sugey Cabrera,8,2,Food,,9/1/25 7:38 AM,9/1/25 7:48 AM,10 minutes and 18 seconds,KDS - Login Don't Delete
12060 Potranco Road,Leticia Roman,9,23,Food,,9/1/25 7:48 AM,9/1/25 7:52 AM,4 minutes and 5 seconds,KDS - Login Don't Delete
12060 Potranco Road,Leticia Roman,9,23,No Print,,9/1/25 7:48 AM,9/1/25 7:52 AM,4 minutes and 5 seconds,KDS - Login Don't Delete
12060 Potranco Road,Sugey Cabrera,10,34,Food,,9/1/25 7:50 AM,9/1/25 7:58 AM,7 minutes and 50 seconds,KDS - Login Don't Delete
12060 Potranco Road,Sugey Cabrera,10,34,No Print,,9/1/25 7:50 AM,9/1/25 7:58 AM,7 minutes and 50 seconds,KDS - Login Don't Delete
12060 Potranco Road,Sugey Cabrera,10,34,Drive Thru,,9/1/25 7:50 AM,9/1/25 7:58 AM,7 minutes and 50 seconds,KDS - Login Don't Delete
12060 Potranco Road,Melissa  Urena,11,,Food,,9/1/25 7:52 AM,9/1/25 8:02 AM,9 minutes and 9 seconds,KDS - Login Don't Delete
12060 Potranco Road,Melissa  Urena,11,,Drive Thru,,9/1/25 7:52 AM,9/1/25 8:02 AM,9 minutes and 9 seconds,KDS - Login Don't Delete
12060 Potranco Road,Melissa  Urena,12,,Food,,9/1/25 7:56 AM,9/1/25 8:02 AM,5 minutes and 46 seconds,KDS - Login Don't Delete
12060 Potranco Road,Melissa  Urena,12,,Drive Thru,,9/1/25 7:56 AM,9/1/25 8:02 AM,5 minutes and 46 seconds,KDS - Login Don't Delete
12060 Potranco Road,Melissa  Urena,13,,Food,,9/1/25 7:57 AM,9/1/25 8:02 AM,4 minutes and 48 seconds,KDS - Login Don't Delete
12060 Potranco Road,Melissa  Urena,13,,Drive Thru,,9/1/25 7:57 AM,9/1/25 8:02 AM,4 minutes and 48 seconds,KDS - Login Don't Delete
12060 Potranco Road,Melissa  Urena,14,,Food,,9/1/25 7:59 AM,9/1/25 8:08 AM,9 minutes and 33 seconds,KDS - Login Don't Delete
12060 Potranco Road,Melissa  Urena,14,,Drive Thru,,9/1/25 7:59 AM,9/1/25 8:08 AM,9 minutes and 33 seconds,KDS - Login Don't Delete
12060 Potranco Road,Melissa  Urena,13,,Food,,9/1/25 8:05 AM,9/1/25 8:08 AM,2 minutes and 53 seconds,KDS - Login Don't Delete
12060 Potranco Road,Melissa  Urena,13,,Drive Thru,,9/1/25 8:05 AM,9/1/25 8:08 AM,2 minutes and 53 seconds,KDS - Login Don't Delete
12060 Potranco Road,Melissa  Urena,15,,Food,,9/1/25 8:09 AM,9/1/25 8:12 AM,2 minutes and 52 seconds,KDS - Login Don't Delete
12060 Potranco Road,Melissa  Urena,16,,Food,,9/1/25 8:12 AM,9/1/25 8:24 AM,11 minutes and 56 seconds,KDS - Login Don't Delete
12060 Potranco Road,Melissa  Urena,16,,Drive Thru,,9/1/25 8:12 AM,9/1/25 8:24 AM,11 minutes and 56 seconds,KDS - Login Don't Delete
12060 Potranco Road,Melissa  Urena,16,,Food,,9/1/25 8:14 AM,9/1/25 8:24 AM,10 minutes and 17 seconds,KDS - Login Don't Delete
12060 Potranco Road,Melissa  Urena,16,,Drive Thru,,9/1/25 8:14 AM,9/1/25 8:24 AM,10 minutes and 17 seconds,KDS - Login Don't Delete
12060 Potranco Road,Leticia Roman,19,20,Food,,9/1/25 8:23 AM,9/1/25 8:26 AM,3 minutes and 8 seconds,KDS - Login Don't Delete
12060 Potranco Road,Leticia Roman,19,20,No Print,,9/1/25 8:23 AM,9/1/25 8:26 AM,3 minutes and 8 seconds,KDS - Login Don't Delete
12060 Potranco Road,Melissa  Urena,18,,Food,,9/1/25 8:23 AM,9/1/25 8:28 AM,5 minutes and 12 seconds,KDS - Login Don't Delete
12060 Potranco Road,Melissa  Urena,18,,Drive Thru,,9/1/25 8:23 AM,9/1/25 8:28 AM,5 minutes and 12 seconds,KDS - Login Don't Delete
12060 Potranco Road,Melissa  Urena,20,,Food,,9/1/25 8:24 AM,9/1/25 8:28 AM,4 minutes and 57 seconds,KDS - Login Don't Delete
12060 Potranco Road,Melissa  Urena,20,,Drive Thru,,9/1/25 8:24 AM,9/1/25 8:28 AM,4 minutes and 57 seconds,KDS - Login Don't Delete
12060 Potranco Road,Melissa  Urena,20,,Food,,9/1/25 8:24 AM,9/1/25 8:28 AM,4 minutes and 55 seconds,KDS - Login Don't Delete
12060 Potranco Road,Melissa  Urena,20,,Drive Thru,,9/1/25 8:24 AM,9/1/25 8:28 AM,4 minutes and 55 seconds,KDS - Login Don't Delete
12060 Potranco Road,Melissa  Urena,22,,Food,,9/1/25 8:29 AM,9/1/25 8:33 AM,3 minutes and 59 seconds,KDS - Login Don't Delete
12060 Potranco Road,Melissa  Urena,22,,Drive Thru,,9/1/25 8:29 AM,9/1/25 8:33 AM,3 minutes and 59 seconds,KDS - Login Don't Delete
12060 Potranco Road,Melissa  Urena,23,,Food,,9/1/25 8:35 AM,9/1/25 8:39 AM,4 minutes and 19 seconds,KDS - Login Don't Delete
12060 Potranco Road,Melissa  Urena,23,,Drive Thru,,9/1/25 8:35 AM,9/1/25 8:39 AM,4 minutes and 19 seconds,KDS - Login Don't Delete
12060 Potranco Road,Melissa  Urena,24,,Food,,9/1/25 8:38 AM,9/1/25 8:39 AM,53 seconds,KDS - Login Don't Delete
12060 Potranco Road,Melissa  Urena,24,,Drive Thru,,9/1/25 8:38 AM,9/1/25 8:39 AM,53 seconds,KDS - Login Don't Delete
12060 Potranco Road,Sugey Cabrera,21,,Drive Thru,,9/1/25 8:27 AM,9/1/25 8:40 AM,13 minutes and 25 seconds,KDS - Login Don't Delete
12060 Potranco Road,Sugey Cabrera,21,,Food,,9/1/25 8:27 AM,9/1/25 8:40 AM,13 minutes and 25 seconds,KDS - Login Don't Delete
12060 Potranco Road,Melissa  Urena,26,,Food,,9/1/25 8:40 AM,9/1/25 8:43 AM,2 minutes and 26 seconds,KDS - Login Don't Delete
12060 Potranco Road,Melissa  Urena,26,,Drive Thru,,9/1/25 8:40 AM,9/1/25 8:43 AM,2 minutes and 26 seconds,KDS - Login Don't Delete
12060 Potranco Road,Sugey Cabrera,25,17,Food,,9/1/25 8:41 AM,9/1/25 8:46 AM,5 minutes and 12 seconds,KDS - Login Don't Delete
12060 Potranco Road,Sugey Cabrera,25,17,No Print,,9/1/25 8:41 AM,9/1/25 8:46 AM,5 minutes and 12 seconds,KDS - Login Don't Delete
12060 Potranco Road,Adrian Morales,28,26,Food,,9/1/25 8:44 AM,9/1/25 8:50 AM,5 minutes and 35 seconds,KDS - Login Don't Delete
12060 Potranco Road,Adrian Morales,28,26,No Print,,9/1/25 8:44 AM,9/1/25 8:50 AM,5 minutes and 35 seconds,KDS - Login Don't Delete
12060 Potranco Road,Adrian Morales,28,26,Drive Thru,,9/1/25 8:44 AM,9/1/25 8:50 AM,5 minutes and 35 seconds,KDS - Login Don't Delete
12060 Potranco Road,Melissa  Urena,29,,Food,,9/1/25 8:47 AM,9/1/25 8:51 AM,4 minutes and 1 second,KDS - Login Don't Delete
12060 Potranco Road,Melissa  Urena,29,,Drive Thru,,9/1/25 8:47 AM,9/1/25 8:51 AM,4 minutes and 1 second,KDS - Login Don't Delete
12060 Potranco Road,Sugey Cabrera,33,11,Food,,9/1/25 8:54 AM,9/1/25 8:56 AM,2 minutes and 29 seconds,KDS - Login Don't Delete
12060 Potranco Road,Sugey Cabrera,33,11,No Print,,9/1/25 8:54 AM,9/1/25 8:56 AM,2 minutes and 29 seconds,KDS - Login Don't Delete
12060 Potranco Road,Melissa  Urena,30,,Food,,9/1/25 8:48 AM,9/1/25 8:57 AM,9 minutes and 15 seconds,KDS - Login Don't Delete
12060 Potranco Road,Melissa  Urena,31,,Food,,9/1/25 8:49 AM,9/1/25 8:57 AM,7 minutes and 20 seconds,KDS - Login Don't Delete
12060 Potranco Road,Melissa  Urena,31,,Drive Thru,,9/1/25 8:49 AM,9/1/25 8:57 AM,7 minutes and 20 seconds,KDS - Login Don't Delete
12060 Potranco Road,Melissa  Urena,32,,Food,,9/1/25 8:52 AM,9/1/25 8:57 AM,4 minutes and 53 seconds,KDS - Login Don't Delete
12060 Potranco Road,Melissa  Urena,32,,Drive Thru,,9/1/25 8:52 AM,9/1/25 8:57 AM,4 minutes and 53 seconds,KDS - Login Don't Delete
12060 Potranco Road,Melissa  Urena,30,,Drive Thru,,9/1/25 8:48 AM,9/1/25 8:57 AM,9 minutes and 15 seconds,KDS - Login Don't Delete
12060 Potranco Road,Sugey Cabrera,25,17,,1,9/1/25 8:46 AM,9/1/25 8:58 AM,11 minutes and 55 seconds,KDS - Login Don't Delete
12060 Potranco Road,Sugey Cabrera,21,,,1,9/1/25 8:40 AM,9/1/25 8:58 AM,17 minutes and 37 seconds,KDS - Login Don't Delete
12060 Potranco Road,Sugey Cabrera,8,2,,1,9/1/25 7:48 AM,9/1/25 8:58 AM,"1 hour, 9 minutes and 27 seconds",KDS - Login Don't Delete
12060 Potranco Road,Adrian Morales,28,26,,1,9/1/25 8:50 AM,9/1/25 8:58 AM,8 minutes and 12 seconds,KDS - Login Don't Delete
12060 Potranco Road,Sugey Cabrera,33,11,,1,9/1/25 8:56 AM,9/1/25 8:58 AM,1 minute and 24 seconds,KDS - Login Don't Delete
12060 Potranco Road,Sugey Cabrera,10,34,,1,9/1/25 7:58 AM,9/1/25 8:58 AM,59 minutes and 38 seconds,KDS - Login Don't Delete
12060 Potranco Road,Leticia Roman,19,20,,1,9/1/25 8:26 AM,9/1/25 8:58 AM,31 minutes and 36 seconds,KDS - Login Don't Delete
12060 Potranco Road,Sugey Cabrera,3,,,1,9/1/25 7:22 AM,9/1/25 8:58 AM,"1 hour, 36 minutes and 15 seconds",KDS - Login Don't Delete
12060 Potranco Road,Leticia Roman,9,23,,1,9/1/25 7:52 AM,9/1/25 8:58 AM,"1 hour, 5 minutes and 31 seconds",KDS - Login Don't Delete
12060 Potranco Road,Sugey Cabrera,8,2,,1,9/1/25 7:35 AM,9/1/25 8:58 AM,"1 hour, 22 minutes and 59 seconds",KDS - Login Don't Delete
12060 Potranco Road,Melissa  Urena,38,,Food,,9/1/25 8:55 AM,9/1/25 9:01 AM,6 minutes and 32 seconds,KDS - Login Don't Delete
12060 Potranco Road,Melissa  Urena,37,,Food,,9/1/25 8:55 AM,9/1/25 9:01 AM,6 minutes and 39 seconds,KDS - Login Don't Delete
12060 Potranco Road,Melissa  Urena,37,,Drive Thru,,9/1/25 8:55 AM,9/1/25 9:01 AM,6 minutes and 39 seconds,KDS - Login Don't Delete
12060 Potranco Road,Melissa  Urena,38,,Drive Thru,,9/1/25 8:55 AM,9/1/25 9:01 AM,6 minutes and 32 seconds,KDS - Login Don't Delete
12060 Potranco Road,Sugey Cabrera,34,,Drive Thru,,9/1/25 8:54 AM,9/1/25 9:01 AM,7 minutes and 10 seconds,KDS - Login Don't Delete
12060 Potranco Road,Sugey Cabrera,34,,Food,,9/1/25 8:54 AM,9/1/25 9:01 AM,7 minutes and 10 seconds,KDS - Login Don't Delete
12060 Potranco Road,Sugey Cabrera,34,,,1,9/1/25 9:01 AM,9/1/25 9:02 AM,3 seconds,KDS - Login Don't Delete
12060 Potranco Road,Melissa  Urena,39,,Food,,9/1/25 9:01 AM,9/1/25 9:07 AM,5 minutes and 45 seconds,KDS - Login Don't Delete
12060 Potranco Road,Melissa  Urena,39,,Drive Thru,,9/1/25 9:01 AM,9/1/25 9:07 AM,5 minutes and 45 seconds,KDS - Login Don't Delete
12060 Potranco Road,Leticia Roman,35,32,Food,,9/1/25 9:01 AM,9/1/25 9:10 AM,8 minutes and 19 seconds,KDS - Login Don't Delete
12060 Potranco Road,Leticia Roman,35,32,No Print,,9/1/25 9:01 AM,9/1/25 9:10 AM,8 minutes and 19 seconds,KDS - Login Don't Delete
12060 Potranco Road,Melissa  Urena,41,,Food,,9/1/25 9:09 AM,9/1/25 9:12 AM,3 minutes and 11 seconds,KDS - Login Don't Delete
12060 Potranco Road,Melissa  Urena,40,,Food,,9/1/25 9:03 AM,9/1/25 9:12 AM,9 minutes and 34 seconds,KDS - Login Don't Delete
12060 Potranco Road,Melissa  Urena,40,,Drive Thru,,9/1/25 9:03 AM,9/1/25 9:12 AM,9 minutes and 34 seconds,KDS - Login Don't Delete
12060 Potranco Road,Melissa  Urena,42,,Food,,9/1/25 9:13 AM,9/1/25 9:14 AM,1 minute and 16 seconds,KDS - Login Don't Delete
12060 Potranco Road,Melissa  Urena,42,,Drive Thru,,9/1/25 9:13 AM,9/1/25 9:14 AM,1 minute and 16 seconds,KDS - Login Don't Delete
12060 Potranco Road,Zoila Salinas,43,,Drive Thru,,9/1/25 9:14 AM,9/1/25 9:19 AM,5 minutes and 47 seconds,KDS - Login Don't Delete
12060 Potranco Road,Zoila Salinas,43,,Food,,9/1/25 9:14 AM,9/1/25 9:19 AM,5 minutes and 47 seconds,KDS - Login Don't Delete
12060 Potranco Road,Leticia Roman,35,32,Food,,9/1/25 9:20 AM,9/1/25 9:21 AM,1 minute and 56 seconds,KDS - Login Don't Delete
12060 Potranco Road,Leticia Roman,35,32,No Print,,9/1/25 9:20 AM,9/1/25 9:21 AM,1 minute and 56 seconds,KDS - Login Don't Delete
12060 Potranco Road,Leticia Roman,35,32,,1,9/1/25 9:10 AM,9/1/25 9:27 AM,17 minutes and 39 seconds,KDS - Login Don't Delete
12060 Potranco Road,Zoila Salinas,43,,,1,9/1/25 9:19 AM,9/1/25 9:27 AM,7 minutes and 58 seconds,KDS - Login Don't Delete
12060 Potranco Road,Leticia Roman,35,32,,1,9/1/25 9:21 AM,9/1/25 9:27 AM,5 minutes and 55 seconds,KDS - Login Don't Delete
12060 Potranco Road,Sugey Cabrera,46,,Food,,9/1/25 9:21 AM,9/1/25 9:29 AM,8 minutes and 17 seconds,KDS - Login Don't Delete
12060 Potranco Road,Sugey Cabrera,46,,No Print,,9/1/25 9:21 AM,9/1/25 9:29 AM,8 minutes and 17 seconds,KDS - Login Don't Delete
12060 Potranco Road,Sugey Cabrera,46,,Drive Thru,,9/1/25 9:25 AM,9/1/25 9:29 AM,4 minutes and 7 seconds,KDS - Login Don't Delete
12060 Potranco Road,Sugey Cabrera,46,,Food,,9/1/25 9:25 AM,9/1/25 9:29 AM,4 minutes and 7 seconds,KDS - Login Don't Delete
12060 Potranco Road,Sugey Cabrera,46,,No Print,,9/1/25 9:25 AM,9/1/25 9:29 AM,4 minutes and 7 seconds,KDS - Login Don't Delete
12060 Potranco Road,Leticia Roman,48,,Food,,9/1/25 9:25 AM,9/1/25 9:30 AM,4 minutes and 14 seconds,KDS - Login Don't Delete
12060 Potranco Road,Leticia Roman,48,,No Print,,9/1/25 9:25 AM,9/1/25 9:30 AM,4 minutes and 14 seconds,KDS - Login Don't Delete
12060 Potranco Road,Melissa  Urena,50,,Food,,9/1/25 9:26 AM,9/1/25 9:30 AM,3 minutes and 33 seconds,KDS - Login Don't Delete
12060 Potranco Road,Melissa  Urena,50,,Drive Thru,,9/1/25 9:26 AM,9/1/25 9:30 AM,3 minutes and 33 seconds,KDS - Login Don't Delete
12060 Potranco Road,Adrian Morales,44,5,Food,,9/1/25 9:27 AM,9/1/25 9:35 AM,7 minutes and 19 seconds,KDS - Login Don't Delete
12060 Potranco Road,Adrian Morales,44,5,No Print,,9/1/25 9:27 AM,9/1/25 9:35 AM,7 minutes and 19 seconds,KDS - Login Don't Delete
12060 Potranco Road,Melissa  Urena,51,,Food,,9/1/25 9:27 AM,9/1/25 9:35 AM,8 minutes and 9 seconds,KDS - Login Don't Delete
12060 Potranco Road,Melissa  Urena,51,,Drive Thru,,9/1/25 9:27 AM,9/1/25 9:35 AM,8 minutes and 9 seconds,KDS - Login Don't Delete
12060 Potranco Road,Melissa  Urena,52,,Food,,9/1/25 9:33 AM,9/1/25 9:35 AM,2 minutes and 4 seconds,KDS - Login Don't Delete
12060 Potranco Road,Melissa  Urena,52,,Drive Thru,,9/1/25 9:33 AM,9/1/25 9:35 AM,2 minutes and 4 seconds,KDS - Login Don't Delete
12060 Potranco Road,Melissa  Urena,51,,Food,,9/1/25 9:26 AM,9/1/25 9:35 AM,8 minutes and 15 seconds,KDS - Login Don't Delete
12060 Potranco Road,Melissa  Urena,51,,Drive Thru,,9/1/25 9:26 AM,9/1/25 9:35 AM,8 minutes and 15 seconds,KDS - Login Don't Delete
12060 Potranco Road,Adrian Morales,56,12,Food,,9/1/25 9:36 AM,9/1/25 9:39 AM,3 minutes and 24 seconds,KDS - Login Don't Delete
12060 Potranco Road,Adrian Morales,56,12,No Print,,9/1/25 9:36 AM,9/1/25 9:39 AM,3 minutes and 24 seconds,KDS - Login Don't Delete
12060 Potranco Road,Adrian Morales,44,5,,1,9/1/25 9:35 AM,9/1/25 9:42 AM,7 minutes and 53 seconds,KDS - Login Don't Delete
12060 Potranco Road,Leticia Roman,55,,Food,,9/1/25 9:36 AM,9/1/25 9:44 AM,8 minutes and 32 seconds,KDS - Login Don't Delete
12060 Potranco Road,Leticia Roman,55,,No Print,,9/1/25 9:36 AM,9/1/25 9:44 AM,8 minutes and 32 seconds,KDS - Login Don't Delete
12060 Potranco Road,Melissa  Urena,57,,Food,,9/1/25 9:40 AM,9/1/25 9:45 AM,5 minutes and 12 seconds,KDS - Login Don't Delete
12060 Potranco Road,Melissa  Urena,57,,Drive Thru,,9/1/25 9:40 AM,9/1/25 9:45 AM,5 minutes and 12 seconds,KDS - Login Don't Delete
12060 Potranco Road,Melissa  Urena,53,,Food,,9/1/25 9:34 AM,9/1/25 9:45 AM,11 minutes and 10 seconds,KDS - Login Don't Delete
12060 Potranco Road,Melissa  Urena,53,,Drive Thru,,9/1/25 9:34 AM,9/1/25 9:45 AM,11 minutes and 10 seconds,KDS - Login Don't Delete
12060 Potranco Road,Melissa  Urena,53,,Food,,9/1/25 9:33 AM,9/1/25 9:45 AM,12 minutes and 21 seconds,KDS - Login Don't Delete
12060 Potranco Road,Melissa  Urena,53,,Drive Thru,,9/1/25 9:33 AM,9/1/25 9:45 AM,12 minutes and 21 seconds,KDS - Login Don't Delete
12060 Potranco Road,Leticia Roman,54,18,Drive Thru,,9/1/25 9:38 AM,9/1/25 9:45 AM,7 minutes and 1 second,KDS - Login Don't Delete
12060 Potranco Road,Leticia Roman,54,18,Drinks,,9/1/25 9:38 AM,9/1/25 9:45 AM,7 minutes and 1 second,KDS - Login Don't Delete
12060 Potranco Road,Leticia Roman,54,18,Food,,9/1/25 9:38 AM,9/1/25 9:45 AM,7 minutes and 1 second,KDS - Login Don't Delete
12060 Potranco Road,Leticia Roman,54,18,No Print,,9/1/25 9:38 AM,9/1/25 9:45 AM,7 minutes and 1 second,KDS - Login Don't Delete
12060 Potranco Road,Leticia Roman,48,,,1,9/1/25 9:30 AM,9/1/25 9:45 AM,15 minutes and 40 seconds,KDS - Login Don't Delete
12060 Potranco Road,Sugey Cabrera,46,,,1,9/1/25 9:29 AM,9/1/25 9:45 AM,15 minutes and 59 seconds,KDS - Login Don't Delete
12060 Potranco Road,Sugey Cabrera,46,,,1,9/1/25 9:29 AM,9/1/25 9:45 AM,15 minutes and 58 seconds,KDS - Login Don't Delete
12060 Potranco Road,Adrian Morales,56,12,,1,9/1/25 9:39 AM,9/1/25 9:45 AM,6 minutes and 16 seconds,KDS - Login Don't Delete
12060 Potranco Road,Leticia Roman,55,,,1,9/1/25 9:44 AM,9/1/25 9:45 AM,1 minute and 8 seconds,KDS - Login Don't Delete
12060 Potranco Road,Leticia Roman,54,18,,1,9/1/25 9:45 AM,9/1/25 9:45 AM,16 seconds,KDS - Login Don't Delete
12060 Potranco Road,Carlos Morales,59,,Drive Thru,,9/1/25 9:41 AM,9/1/25 9:48 AM,6 minutes and 57 seconds,KDS - Login Don't Delete
12060 Potranco Road,Carlos Morales,59,,Food,,9/1/25 9:41 AM,9/1/25 9:48 AM,6 minutes and 57 seconds,KDS - Login Don't Delete
12060 Potranco Road,Zoila Salinas,47,,Drive Thru,,9/1/25 9:25 AM,9/1/25 9:48 AM,22 minutes and 49 seconds,KDS - Login Don't Delete
12060 Potranco Road,Zoila Salinas,47,,Food,,9/1/25 9:25 AM,9/1/25 9:48 AM,22 minutes and 49 seconds,KDS - Login Don't Delete
12060 Potranco Road,Melissa  Urena,63,,Food,,9/1/25 9:43 AM,9/1/25 9:50 AM,7 minutes and 27 seconds,KDS - Login Don't Delete
12060 Potranco Road,Melissa  Urena,63,,Drive Thru,,9/1/25 9:43 AM,9/1/25 9:50 AM,7 minutes and 27 seconds,KDS - Login Don't Delete
12060 Potranco Road,Melissa  Urena,60,,Food,,9/1/25 9:41 AM,9/1/25 9:50 AM,9 minutes and 21 seconds,KDS - Login Don't Delete
12060 Potranco Road,Melissa  Urena,60,,Drive Thru,,9/1/25 9:41 AM,9/1/25 9:50 AM,9 minutes and 21 seconds,KDS - Login Don't Delete
12060 Potranco Road,Melissa  Urena,58,,Food,,9/1/25 9:40 AM,9/1/25 9:50 AM,10 minutes and 17 seconds,KDS - Login Don't Delete
12060 Potranco Road,Sugey Cabrera,61,37,Food,,9/1/25 9:44 AM,9/1/25 9:52 AM,8 minutes and 21 seconds,KDS - Login Don't Delete
12060 Potranco Road,Sugey Cabrera,61,37,No Print,,9/1/25 9:44 AM,9/1/25 9:52 AM,8 minutes and 21 seconds,KDS - Login Don't Delete
12060 Potranco Road,Sugey Cabrera,65,1,Food,,9/1/25 9:45 AM,9/1/25 9:54 AM,8 minutes and 47 seconds,KDS - Login Don't Delete
12060 Potranco Road,Sugey Cabrera,65,1,No Print,,9/1/25 9:45 AM,9/1/25 9:54 AM,8 minutes and 47 seconds,KDS - Login Don't Delete
12060 Potranco Road,Melissa  Urena,67,,Food,,9/1/25 9:46 AM,9/1/25 9:57 AM,10 minutes and 32 seconds,KDS - Login Don't Delete
12060 Potranco Road,Melissa  Urena,67,,Drive Thru,,9/1/25 9:46 AM,9/1/25 9:57 AM,10 minutes and 32 seconds,KDS - Login Don't Delete
12060 Potranco Road,Melissa  Urena,68,,Food,,9/1/25 9:48 AM,9/1/25 9:57 AM,8 minutes and 42 seconds,KDS - Login Don't Delete
12060 Potranco Road,Melissa  Urena,68,,Drive Thru,,9/1/25 9:48 AM,9/1/25 9:57 AM,8 minutes and 42 seconds,KDS - Login Don't Delete
12060 Potranco Road,Sugey Cabrera,61,37,,1,9/1/25 9:52 AM,9/1/25 9:58 AM,5 minutes and 47 seconds,KDS - Login Don't Delete
12060 Potranco Road,Carlos Morales,59,,,1,9/1/25 9:48 AM,9/1/25 9:58 AM,10 minutes and 6 seconds,KDS - Login Don't Delete
12060 Potranco Road,Sugey Cabrera,65,1,,1,9/1/25 9:54 AM,9/1/25 9:58 AM,4 minutes and 19 seconds,KDS - Login Don't Delete
12060 Potranco Road,Zoila Salinas,47,,,1,9/1/25 9:48 AM,9/1/25 9:58 AM,10 minutes and 6 seconds,KDS - Login Don't Delete
12060 Potranco Road,Leticia Roman,69,2,Food,,9/1/25 9:53 AM,9/1/25 9:59 AM,6 minutes and 1 second,KDS - Login Don't Delete
12060 Potranco Road,Leticia Roman,69,2,No Print,,9/1/25 9:53 AM,9/1/25 9:59 AM,6 minutes and 1 second,KDS - Login Don't Delete
12060 Potranco Road,Leticia Roman,54,18,Food,,9/1/25 9:57 AM,9/1/25 10:01 AM,3 minutes and 36 seconds,KDS - Login Don't Delete
12060 Potranco Road,Leticia Roman,54,18,No Print,,9/1/25 9:57 AM,9/1/25 10:01 AM,3 minutes and 36 seconds,KDS - Login Don't Delete
12060 Potranco Road,Melissa  Urena,70,,Food,,9/1/25 9:54 AM,9/1/25 10:04 AM,10 minutes and 30 seconds,KDS - Login Don't Delete
12060 Potranco Road,Melissa  Urena,70,,Drive Thru,,9/1/25 9:54 AM,9/1/25 10:04 AM,10 minutes and 30 seconds,KDS - Login Don't Delete
12060 Potranco Road,Melissa  Urena,71,,Food,,9/1/25 9:54 AM,9/1/25 10:04 AM,10 minutes and 1 second,KDS - Login Don't Delete
12060 Potranco Road,Melissa  Urena,71,,Drive Thru,,9/1/25 9:54 AM,9/1/25 10:04 AM,10 minutes and 1 second,KDS - Login Don't Delete
12060 Potranco Road,Melissa  Urena,73,,Food,,9/1/25 10:01 AM,9/1/25 10:05 AM,3 minutes and 47 seconds,KDS - Login Don't Delete
12060 Potranco Road,Melissa  Urena,73,,Drive Thru,,9/1/25 10:01 AM,9/1/25 10:05 AM,3 minutes and 47 seconds,KDS - Login Don't Delete
12060 Potranco Road,Sugey Cabrera,72,,Drive Thru,,9/1/25 10:01 AM,9/1/25 10:09 AM,8 minutes and 34 seconds,KDS - Login Don't Delete
12060 Potranco Road,Sugey Cabrera,72,,Food,,9/1/25 10:01 AM,9/1/25 10:09 AM,8 minutes and 34 seconds,KDS - Login Don't Delete
12060 Potranco Road,Sugey Cabrera,72,,Drive Thru,,9/1/25 10:03 AM,9/1/25 10:09 AM,6 minutes and 36 seconds,KDS - Login Don't Delete
12060 Potranco Road,Sugey Cabrera,72,,Food,,9/1/25 10:03 AM,9/1/25 10:09 AM,6 minutes and 36 seconds,KDS - Login Don't Delete
12060 Potranco Road,Melissa  Urena,74,,Food,,9/1/25 10:01 AM,9/1/25 10:10 AM,8 minutes and 53 seconds,KDS - Login Don't Delete
12060 Potranco Road,Melissa  Urena,74,,Drive Thru,,9/1/25 10:01 AM,9/1/25 10:10 AM,8 minutes and 53 seconds,KDS - Login Don't Delete
12060 Potranco Road,Adrian Morales,78,20,Food,,9/1/25 10:08 AM,9/1/25 10:12 AM,3 minutes and 58 seconds,KDS - Login Don't Delete
12060 Potranco Road,Adrian Morales,78,20,No Print,,9/1/25 10:08 AM,9/1/25 10:12 AM,3 minutes and 58 seconds,KDS - Login Don't Delete
12060 Potranco Road,Melissa  Urena,76,,Food,,9/1/25 10:02 AM,9/1/25 10:14 AM,12 minutes and 22 seconds,KDS - Login Don't Delete
12060 Potranco Road,Melissa  Urena,77,,Food,,9/1/25 10:06 AM,9/1/25 10:14 AM,7 minutes and 45 seconds,KDS - Login Don't Delete
12060 Potranco Road,Melissa  Urena,76,,Drive Thru,,9/1/25 10:02 AM,9/1/25 10:14 AM,12 minutes and 22 seconds,KDS - Login Don't Delete
12060 Potranco Road,Melissa  Urena,77,,Drive Thru,,9/1/25 10:06 AM,9/1/25 10:14 AM,7 minutes and 45 seconds,KDS - Login Don't Delete
12060 Potranco Road,Sugey Cabrera,82,16,Food,,9/1/25 10:10 AM,9/1/25 10:15 AM,5 minutes and 6 seconds,KDS - Login Don't Delete
12060 Potranco Road,Sugey Cabrera,82,16,No Print,,9/1/25 10:10 AM,9/1/25 10:15 AM,5 minutes and 6 seconds,KDS - Login Don't Delete
12060 Potranco Road,Sugey Cabrera,82,16,,1,9/1/25 10:15 AM,9/1/25 10:17 AM,1 minute and 27 seconds,KDS - Login Don't Delete
12060 Potranco Road,Sugey Cabrera,72,,,1,9/1/25 10:09 AM,9/1/25 10:17 AM,7 minutes and 27 seconds,KDS - Login Don't Delete
12060 Potranco Road,Adrian Morales,78,20,,1,9/1/25 10:12 AM,9/1/25 10:17 AM,5 minutes and 5 seconds,KDS - Login Don't Delete
12060 Potranco Road,Leticia Roman,69,2,,1,9/1/25 9:59 AM,9/1/25 10:17 AM,17 minutes and 28 seconds,KDS - Login Don't Delete
12060 Potranco Road,Sugey Cabrera,72,,,1,9/1/25 10:09 AM,9/1/25 10:17 AM,7 minutes and 26 seconds,KDS - Login Don't Delete
12060 Potranco Road,Leticia Roman,54,18,,1,9/1/25 10:01 AM,9/1/25 10:17 AM,15 minutes and 57 seconds,KDS - Login Don't Delete
12060 Potranco Road,Leticia Roman,83,15,Food,,9/1/25 10:15 AM,9/1/25 10:17 AM,2 minutes and 19 seconds,KDS - Login Don't Delete
12060 Potranco Road,Leticia Roman,83,15,No Print,,9/1/25 10:15 AM,9/1/25 10:17 AM,2 minutes and 19 seconds,KDS - Login Don't Delete
12060 Potranco Road,Melissa  Urena,79,,Food,,9/1/25 10:08 AM,9/1/25 10:19 AM,10 minutes and 46 seconds,KDS - Login Don't Delete
12060 Potranco Road,Melissa  Urena,79,,Drive Thru,,9/1/25 10:08 AM,9/1/25 10:19 AM,10 minutes and 46 seconds,KDS - Login Don't Delete
12060 Potranco Road,Melissa  Urena,81,,Food,,9/1/25 10:09 AM,9/1/25 10:19 AM,9 minutes and 48 seconds,KDS - Login Don't Delete
12060 Potranco Road,Melissa  Urena,81,,Drive Thru,,9/1/25 10:09 AM,9/1/25 10:19 AM,9 minutes and 48 seconds,KDS - Login Don't Delete
12060 Potranco Road,Melissa  Urena,81,,Food,,9/1/25 10:09 AM,9/1/25 10:19 AM,9 minutes and 44 seconds,KDS - Login Don't Delete
12060 Potranco Road,Melissa  Urena,81,,Drive Thru,,9/1/25 10:09 AM,9/1/25 10:19 AM,9 minutes and 44 seconds,KDS - Login Don't Delete
12060 Potranco Road,Melissa  Urena,85,,Food,,9/1/25 10:13 AM,9/1/25 10:19 AM,5 minutes and 59 seconds,KDS - Login Don't Delete
12060 Potranco Road,Melissa  Urena,85,,Drive Thru,,9/1/25 10:13 AM,9/1/25 10:19 AM,5 minutes and 59 seconds,KDS - Login Don't Delete
12060 Potranco Road,Leticia Roman,35,32,,1,9/1/25 10:03 AM,9/1/25 10:19 AM,16 minutes and 31 seconds,KDS - Login Don't Delete
12060 Potranco Road,Melissa  Urena,86,,Food,,9/1/25 10:13 AM,9/1/25 10:22 AM,8 minutes and 51 seconds,KDS - Login Don't Delete
12060 Potranco Road,Melissa  Urena,86,,Drive Thru,,9/1/25 10:13 AM,9/1/25 10:22 AM,8 minutes and 51 seconds,KDS - Login Don't Delete
12060 Potranco Road,Leticia Roman,83,15,,1,9/1/25 10:17 AM,9/1/25 10:22 AM,5 minutes and 19 seconds,KDS - Login Don't Delete
12060 Potranco Road,Adrian Morales,84,22,Food,,9/1/25 10:12 AM,9/1/25 10:22 AM,10 minutes and 13 seconds,KDS - Login Don't Delete
12060 Potranco Road,Adrian Morales,84,22,No Print,,9/1/25 10:12 AM,9/1/25 10:22 AM,10 minutes and 13 seconds,KDS - Login Don't Delete
12060 Potranco Road,Adrian Morales,84,22,Drive Thru,,9/1/25 10:12 AM,9/1/25 10:22 AM,10 minutes and 13 seconds,KDS - Login Don't Delete
12060 Potranco Road,Adrian Morales,84,22,,1,9/1/25 10:22 AM,9/1/25 10:22 AM,1 second,KDS - Login Don't Delete
12060 Potranco Road,Sugey Cabrera,90,14,,1,9/1/25 10:19 AM,9/1/25 10:29 AM,10 minutes and 38 seconds,KDS - Login Don't Delete
12060 Potranco Road,Melissa  Urena,88,,Food,,9/1/25 10:18 AM,9/1/25 10:31 AM,13 minutes and 15 seconds,KDS - Login Don't Delete
12060 Potranco Road,Melissa  Urena,88,,Drive Thru,,9/1/25 10:18 AM,9/1/25 10:31 AM,13 minutes and 15 seconds,KDS - Login Don't Delete
12060 Potranco Road,Melissa  Urena,87,,Food,,9/1/25 10:17 AM,9/1/25 10:31 AM,13 minutes and 50 seconds,KDS - Login Don't Delete
12060 Potranco Road,Melissa  Urena,87,,Drive Thru,,9/1/25 10:17 AM,9/1/25 10:31 AM,13 minutes and 50 seconds,KDS - Login Don't Delete
12060 Potranco Road,Melissa  Urena,91,,Food,,9/1/25 10:20 AM,9/1/25 10:36 AM,15 minutes and 31 seconds,KDS - Login Don't Delete
12060 Potranco Road,Melissa  Urena,91,,Drive Thru,,9/1/25 10:20 AM,9/1/25 10:36 AM,15 minutes and 31 seconds,KDS - Login Don't Delete
12060 Potranco Road,Melissa  Urena,93,,Food,,9/1/25 10:24 AM,9/1/25 10:36 AM,12 minutes and 20 seconds,KDS - Login Don't Delete
12060 Potranco Road,Melissa  Urena,93,,Drive Thru,,9/1/25 10:24 AM,9/1/25 10:36 AM,12 minutes and 20 seconds,KDS - Login Don't Delete
12060 Potranco Road,Zoila Salinas,80,,,1,9/1/25 10:18 AM,9/1/25 10:36 AM,18 minutes and 38 seconds,KDS - Login Don't Delete
12060 Potranco Road,Zoila Salinas,80,,,1,9/1/25 10:18 AM,9/1/25 10:36 AM,18 minutes and 21 seconds,KDS - Login Don't Delete
12060 Potranco Road,Adrian Morales,95,18,Food,,9/1/25 10:29 AM,9/1/25 10:38 AM,8 minutes and 10 seconds,KDS - Login Don't Delete
12060 Potranco Road,Adrian Morales,95,18,No Print,,9/1/25 10:29 AM,9/1/25 10:38 AM,8 minutes and 10 seconds,KDS - Login Don't Delete
12060 Potranco Road,Leticia Roman,92,34,Food,,9/1/25 10:23 AM,9/1/25 10:38 AM,14 minutes and 21 seconds,KDS - Login Don't Delete
12060 Potranco Road,Leticia Roman,92,34,No Print,,9/1/25 10:23 AM,9/1/25 10:38 AM,14 minutes and 21 seconds,KDS - Login Don't Delete
12060 Potranco Road,Zoila Salinas,80,,,1,9/1/25 10:37 AM,9/1/25 10:38 AM,1 minute and 10 seconds,KDS - Login Don't Delete
12060 Potranco Road,Leticia Roman,92,34,,1,9/1/25 10:38 AM,9/1/25 10:38 AM,19 seconds,KDS - Login Don't Delete
12060 Potranco Road,Adrian Morales,95,18,,1,9/1/25 10:38 AM,9/1/25 10:38 AM,21 seconds,KDS - Login Don't Delete
12060 Potranco Road,Leticia Roman,94,,,1,9/1/25 10:27 AM,9/1/25 10:38 AM,11 minutes and 30 seconds,KDS - Login Don't Delete
12060 Potranco Road,Melissa  Urena,96,,Food,,9/1/25 10:31 AM,9/1/25 10:42 AM,10 minutes and 40 seconds,KDS - Login Don't Delete
12060 Potranco Road,Melissa  Urena,96,,Drive Thru,,9/1/25 10:31 AM,9/1/25 10:42 AM,10 minutes and 40 seconds,KDS - Login Don't Delete
12060 Potranco Road,Melissa  Urena,99,,Food,,9/1/25 10:35 AM,9/1/25 10:42 AM,7 minutes and 13 seconds,KDS - Login Don't Delete
12060 Potranco Road,Melissa  Urena,99,,Drive Thru,,9/1/25 10:35 AM,9/1/25 10:42 AM,7 minutes and 13 seconds,KDS - Login Don't Delete
12060 Potranco Road,Leticia Roman,100,5,Food,,9/1/25 10:37 AM,9/1/25 10:43 AM,6 minutes and 15 seconds,KDS - Login Don't Delete
12060 Potranco Road,Leticia Roman,100,5,No Print,,9/1/25 10:37 AM,9/1/25 10:43 AM,6 minutes and 15 seconds,KDS - Login Don't Delete
12060 Potranco Road,Leticia Roman,100,5,Drive Thru,,9/1/25 10:37 AM,9/1/25 10:43 AM,6 minutes and 15 seconds,KDS - Login Don't Delete
12060 Potranco Road,Leticia Roman,100,5,,1,9/1/25 10:43 AM,9/1/25 10:46 AM,2 minutes and 29 seconds,KDS - Login Don't Delete
12060 Potranco Road,Adrian Morales,105,12,Food,,9/1/25 10:43 AM,9/1/25 10:48 AM,5 minutes and 47 seconds,KDS - Login Don't Delete
12060 Potranco Road,Adrian Morales,105,12,No Print,,9/1/25 10:43 AM,9/1/25 10:48 AM,5 minutes and 47 seconds,KDS - Login Don't Delete
12060 Potranco Road,Melissa  Urena,108,,Food,,9/1/25 10:43 AM,9/1/25 10:52 AM,8 minutes and 46 seconds,KDS - Login Don't Delete
12060 Potranco Road,Melissa  Urena,99,,Food,,9/1/25 10:35 AM,9/1/25 10:52 AM,16 minutes and 41 seconds,KDS - Login Don't Delete
12060 Potranco Road,Melissa  Urena,99,,Drive Thru,,9/1/25 10:35 AM,9/1/25 10:52 AM,16 minutes and 41 seconds,KDS - Login Don't Delete
12060 Potranco Road,Melissa  Urena,108,,Drive Thru,,9/1/25 10:43 AM,9/1/25 10:52 AM,8 minutes and 46 seconds,KDS - Login Don't Delete
12060 Potranco Road,Melissa  Urena,107,,Food,,9/1/25 10:42 AM,9/1/25 10:52 AM,9 minutes and 27 seconds,KDS - Login Don't Delete
12060 Potranco Road,Melissa  Urena,107,,Drive Thru,,9/1/25 10:42 AM,9/1/25 10:52 AM,9 minutes and 27 seconds,KDS - Login Don't Delete
12060 Potranco Road,Melissa  Urena,104,,Food,,9/1/25 10:40 AM,9/1/25 10:52 AM,11 minutes and 20 seconds,KDS - Login Don't Delete
12060 Potranco Road,Melissa  Urena,104,,Drive Thru,,9/1/25 10:40 AM,9/1/25 10:52 AM,11 minutes and 20 seconds,KDS - Login Don't Delete
12060 Potranco Road,Melissa  Urena,104,,Food,,9/1/25 10:46 AM,9/1/25 10:52 AM,5 minutes and 14 seconds,KDS - Login Don't Delete
12060 Potranco Road,Melissa  Urena,104,,Drive Thru,,9/1/25 10:46 AM,9/1/25 10:52 AM,5 minutes and 14 seconds,KDS - Login Don't Delete
12060 Potranco Road,Melissa  Urena,107,,Food,,9/1/25 10:42 AM,9/1/25 10:52 AM,9 minutes and 32 seconds,KDS - Login Don't Delete
12060 Potranco Road,Melissa  Urena,107,,Drive Thru,,9/1/25 10:42 AM,9/1/25 10:52 AM,9 minutes and 32 seconds,KDS - Login Don't Delete
12060 Potranco Road,Sugey Cabrera,98,2,Food,,9/1/25 10:44 AM,9/1/25 10:55 AM,10 minutes and 46 seconds,KDS - Login Don't Delete
12060 Potranco Road,Sugey Cabrera,98,2,No Print,,9/1/25 10:44 AM,9/1/25 10:55 AM,10 minutes and 46 seconds,KDS - Login Don't Delete
12060 Potranco Road,Adrian Morales,105,12,,1,9/1/25 10:48 AM,9/1/25 10:57 AM,8 minutes and 34 seconds,KDS - Login Don't Delete
12060 Potranco Road,Carlos Morales,103,,,1,9/1/25 10:42 AM,9/1/25 10:57 AM,15 minutes and 20 seconds,KDS - Login Don't Delete
12060 Potranco Road,Sugey Cabrera,98,2,,1,9/1/25 10:55 AM,9/1/25 10:58 AM,3 minutes and 38 seconds,KDS - Login Don't Delete
12060 Potranco Road,Leticia Roman,109,8,Food,,9/1/25 10:48 AM,9/1/25 10:59 AM,11 minutes and 23 seconds,KDS - Login Don't Delete
12060 Potranco Road,Leticia Roman,109,8,No Print,,9/1/25 10:48 AM,9/1/25 10:59 AM,11 minutes and 23 seconds,KDS - Login Don't Delete
12060 Potranco Road,Leticia Roman,109,8,Drive Thru,,9/1/25 10:48 AM,9/1/25 10:59 AM,11 minutes and 23 seconds,KDS - Login Don't Delete
12060 Potranco Road,Adrian Morales,116,29,Food,,9/1/25 10:54 AM,9/1/25 11:00 AM,6 minutes and 22 seconds,KDS - Login Don't Delete
12060 Potranco Road,Adrian Morales,116,29,No Print,,9/1/25 10:54 AM,9/1/25 11:00 AM,6 minutes and 22 seconds,KDS - Login Don't Delete
12060 Potranco Road,Melissa  Urena,108,,Food,,9/1/25 10:51 AM,9/1/25 11:00 AM,9 minutes and 35 seconds,KDS - Login Don't Delete
12060 Potranco Road,Melissa  Urena,108,,Drive Thru,,9/1/25 10:51 AM,9/1/25 11:00 AM,9 minutes and 35 seconds,KDS - Login Don't Delete
12060 Potranco Road,Melissa  Urena,114,,Food,,9/1/25 10:50 AM,9/1/25 11:00 AM,9 minutes and 47 seconds,KDS - Login Don't Delete
12060 Potranco Road,Melissa  Urena,114,,Drive Thru,,9/1/25 10:50 AM,9/1/25 11:00 AM,9 minutes and 47 seconds,KDS - Login Don't Delete
12060 Potranco Road,Sugey Cabrera,113,3,Food,,9/1/25 10:54 AM,9/1/25 11:02 AM,7 minutes and 26 seconds,KDS - Login Don't Delete
12060 Potranco Road,Sugey Cabrera,113,3,No Print,,9/1/25 10:54 AM,9/1/25 11:02 AM,7 minutes and 26 seconds,KDS - Login Don't Delete
12060 Potranco Road,Sugey Cabrera,113,3,,1,9/1/25 11:02 AM,9/1/25 11:04 AM,2 minutes and 28 seconds,KDS - Login Don't Delete
12060 Potranco Road,Adrian Morales,116,29,,1,9/1/25 11:00 AM,9/1/25 11:04 AM,4 minutes and 4 seconds,KDS - Login Don't Delete
12060 Potranco Road,Leticia Roman,109,8,,1,9/1/25 10:59 AM,9/1/25 11:04 AM,4 minutes and 49 seconds,KDS - Login Don't Delete
12060 Potranco Road,Adrian Morales,95,18,Food,,9/1/25 11:03 AM,9/1/25 11:05 AM,1 minute and 58 seconds,KDS - Login Don't Delete
12060 Potranco Road,Adrian Morales,95,18,No Print,,9/1/25 11:03 AM,9/1/25 11:05 AM,1 minute and 58 seconds,KDS - Login Don't Delete
12060 Potranco Road,Adrian Morales,95,18,,1,9/1/25 11:05 AM,9/1/25 11:10 AM,5 minutes and 5 seconds,KDS - Login Don't Delete
12060 Potranco Road,Leticia Roman,121,27,Food,,9/1/25 11:00 AM,9/1/25 11:10 AM,10 minutes and 14 seconds,KDS - Login Don't Delete
12060 Potranco Road,Leticia Roman,121,27,No Print,,9/1/25 11:00 AM,9/1/25 11:10 AM,10 minutes and 14 seconds,KDS - Login Don't Delete
12060 Potranco Road,Melissa  Urena,120,,Food,,9/1/25 10:56 AM,9/1/25 11:11 AM,14 minutes and 51 seconds,KDS - Login Don't Delete
12060 Potranco Road,Melissa  Urena,120,,Drive Thru,,9/1/25 10:56 AM,9/1/25 11:11 AM,14 minutes and 51 seconds,KDS - Login Don't Delete
12060 Potranco Road,Melissa  Urena,122,,Food,,9/1/25 10:57 AM,9/1/25 11:11 AM,14 minutes and 33 seconds,KDS - Login Don't Delete
12060 Potranco Road,Melissa  Urena,122,,Drive Thru,,9/1/25 10:57 AM,9/1/25 11:11 AM,14 minutes and 33 seconds,KDS - Login Don't Delete
12060 Potranco Road,Melissa  Urena,134,,Food,,9/1/25 11:10 AM,9/1/25 11:12 AM,1 minute and 46 seconds,KDS - Login Don't Delete
12060 Potranco Road,Melissa  Urena,126,,Food,,9/1/25 11:02 AM,9/1/25 11:12 AM,9 minutes and 31 seconds,KDS - Login Don't Delete
12060 Potranco Road,Melissa  Urena,126,,Drive Thru,,9/1/25 11:02 AM,9/1/25 11:12 AM,9 minutes and 31 seconds,KDS - Login Don't Delete
12060 Potranco Road,Adrian Morales,124,21,Food,,9/1/25 11:01 AM,9/1/25 11:14 AM,12 minutes and 29 seconds,KDS - Login Don't Delete
12060 Potranco Road,Adrian Morales,124,21,No Print,,9/1/25 11:01 AM,9/1/25 11:14 AM,12 minutes and 29 seconds,KDS - Login Don't Delete
12060 Potranco Road,Melissa  Urena,128,,Food,,9/1/25 11:03 AM,9/1/25 11:14 AM,10 minutes and 44 seconds,KDS - Login Don't Delete
12060 Potranco Road,Melissa  Urena,128,,Drive Thru,,9/1/25 11:03 AM,9/1/25 11:14 AM,10 minutes and 44 seconds,KDS - Login Don't Delete
12060 Potranco Road,Sugey Cabrera,110,,Drive Thru,,9/1/25 10:45 AM,9/1/25 11:14 AM,28 minutes and 41 seconds,KDS - Login Don't Delete
12060 Potranco Road,Sugey Cabrera,110,,Food,,9/1/25 10:45 AM,9/1/25 11:14 AM,28 minutes and 41 seconds,KDS - Login Don't Delete
12060 Potranco Road,Adrian Morales,123,26,Food,,9/1/25 11:00 AM,9/1/25 11:15 AM,14 minutes and 52 seconds,KDS - Login Don't Delete
12060 Potranco Road,Adrian Morales,123,26,No Print,,9/1/25 11:00 AM,9/1/25 11:15 AM,14 minutes and 52 seconds,KDS - Login Don't Delete
12060 Potranco Road,Sugey Cabrera,127,1,Food,,9/1/25 11:03 AM,9/1/25 11:17 AM,13 minutes and 39 seconds,KDS - Login Don't Delete
12060 Potranco Road,Sugey Cabrera,127,1,No Print,,9/1/25 11:03 AM,9/1/25 11:17 AM,13 minutes and 39 seconds,KDS - Login Don't Delete
12060 Potranco Road,Sugey Cabrera,127,1,,1,9/1/25 11:17 AM,9/1/25 11:18 AM,41 seconds,KDS - Login Don't Delete
12060 Potranco Road,Melissa  Urena,131,,Food,,9/1/25 11:08 AM,9/1/25 11:19 AM,11 minutes and 35 seconds,KDS - Login Don't Delete
12060 Potranco Road,Melissa  Urena,131,,Drive Thru,,9/1/25 11:08 AM,9/1/25 11:19 AM,11 minutes and 35 seconds,KDS - Login Don't Delete
12060 Potranco Road,Leticia Roman,121,27,,1,9/1/25 11:10 AM,9/1/25 11:20 AM,9 minutes and 47 seconds,KDS - Login Don't Delete
12060 Potranco Road,Sugey Cabrera,110,,,1,9/1/25 11:14 AM,9/1/25 11:20 AM,6 minutes and 18 seconds,KDS - Login Don't Delete
12060 Potranco Road,Melissa  Urena,135,,Food,,9/1/25 11:11 AM,9/1/25 11:23 AM,12 minutes and 33 seconds,KDS - Login Don't Delete
12060 Potranco Road,Melissa  Urena,139,,Food,,9/1/25 11:19 AM,9/1/25 11:23 AM,4 minutes and 36 seconds,KDS - Login Don't Delete
12060 Potranco Road,Melissa  Urena,139,,Drive Thru,,9/1/25 11:19 AM,9/1/25 11:23 AM,4 minutes and 36 seconds,KDS - Login Don't Delete
12060 Potranco Road,Melissa  Urena,135,,Drive Thru,,9/1/25 11:11 AM,9/1/25 11:23 AM,12 minutes and 33 seconds,KDS - Login Don't Delete
12060 Potranco Road,Sugey Cabrera,132,16,Food,,9/1/25 11:10 AM,9/1/25 11:24 AM,14 minutes and 26 seconds,KDS - Login Don't Delete
12060 Potranco Road,Sugey Cabrera,132,16,No Print,,9/1/25 11:10 AM,9/1/25 11:24 AM,14 minutes and 26 seconds,KDS - Login Don't Delete
12060 Potranco Road,Leticia Roman,129,20,Food,,9/1/25 11:07 AM,9/1/25 11:24 AM,16 minutes and 43 seconds,KDS - Login Don't Delete
12060 Potranco Road,Leticia Roman,129,20,No Print,,9/1/25 11:07 AM,9/1/25 11:24 AM,16 minutes and 43 seconds,KDS - Login Don't Delete
12060 Potranco Road,Sugey Cabrera,132,16,,1,9/1/25 11:24 AM,9/1/25 11:27 AM,2 minutes and 21 seconds,KDS - Login Don't Delete
12060 Potranco Road,Sugey Cabrera,137,14,,1,9/1/25 11:16 AM,9/1/25 11:27 AM,10 minutes and 58 seconds,KDS - Login Don't Delete
12060 Potranco Road,Zoila Salinas,130,,Drive Thru,,9/1/25 11:09 AM,9/1/25 11:27 AM,18 minutes and 6 seconds,KDS - Login Don't Delete
12060 Potranco Road,Zoila Salinas,130,,Food,,9/1/25 11:09 AM,9/1/25 11:27 AM,18 minutes and 6 seconds,KDS - Login Don't Delete
12060 Potranco Road,Carlos Morales,106,,Drive Thru,,9/1/25 11:03 AM,9/1/25 11:27 AM,24 minutes and 5 seconds,KDS - Login Don't Delete
12060 Potranco Road,Carlos Morales,106,,Food,,9/1/25 11:03 AM,9/1/25 11:27 AM,24 minutes and 5 seconds,KDS - Login Don't Delete
12060 Potranco Road,Zoila Salinas,133,,Drive Thru,,9/1/25 11:24 AM,9/1/25 11:28 AM,3 minutes and 7 seconds,KDS - Login Don't Delete
12060 Potranco Road,Zoila Salinas,133,,Food,,9/1/25 11:24 AM,9/1/25 11:28 AM,3 minutes and 7 seconds,KDS - Login Don't Delete
12060 Potranco Road,Adrian Morales,124,21,,1,9/1/25 11:14 AM,9/1/25 11:31 AM,17 minutes and 34 seconds,KDS - Login Don't Delete
12060 Potranco Road,Adrian Morales,143,35,Food,,9/1/25 11:22 AM,9/1/25 11:33 AM,10 minutes and 53 seconds,KDS - Login Don't Delete
12060 Potranco Road,Adrian Morales,143,35,No Print,,9/1/25 11:22 AM,9/1/25 11:33 AM,10 minutes and 53 seconds,KDS - Login Don't Delete
12060 Potranco Road,Adrian Morales,143,35,Drive Thru,,9/1/25 11:22 AM,9/1/25 11:33 AM,10 minutes and 53 seconds,KDS - Login Don't Delete
12060 Potranco Road,Adrian Morales,143,35,Drinks,,9/1/25 11:22 AM,9/1/25 11:33 AM,10 minutes and 53 seconds,KDS - Login Don't Delete
12060 Potranco Road,Leticia Roman,129,20,,1,9/1/25 11:24 AM,9/1/25 11:34 AM,9 minutes and 28 seconds,KDS - Login Don't Delete
12060 Potranco Road,Melissa  Urena,146,,Food,,9/1/25 11:22 AM,9/1/25 11:34 AM,11 minutes and 32 seconds,KDS - Login Don't Delete
12060 Potranco Road,Melissa  Urena,146,,Drive Thru,,9/1/25 11:22 AM,9/1/25 11:34 AM,11 minutes and 32 seconds,KDS - Login Don't Delete
12060 Potranco Road,Melissa  Urena,140,,Food,,9/1/25 11:21 AM,9/1/25 11:34 AM,13 minutes and 3 seconds,KDS - Login Don't Delete
12060 Potranco Road,Melissa  Urena,140,,Drive Thru,,9/1/25 11:21 AM,9/1/25 11:34 AM,13 minutes and 3 seconds,KDS - Login Don't Delete
12060 Potranco Road,Adrian Morales,143,35,,1,9/1/25 11:33 AM,9/1/25 11:34 AM,33 seconds,KDS - Login Don't Delete
12060 Potranco Road,Zoila Salinas,130,,,1,9/1/25 11:27 AM,9/1/25 11:34 AM,6 minutes and 27 seconds,KDS - Login Don't Delete
12060 Potranco Road,Carlos Morales,106,,,1,9/1/25 11:27 AM,9/1/25 11:34 AM,6 minutes and 32 seconds,KDS - Login Don't Delete
12060 Potranco Road,Zoila Salinas,133,,,1,9/1/25 11:28 AM,9/1/25 11:34 AM,6 minutes and 29 seconds,KDS - Login Don't Delete
12060 Potranco Road,Adrian Morales,123,26,,1,9/1/25 11:15 AM,9/1/25 11:34 AM,18 minutes and 48 seconds,KDS - Login Don't Delete
12060 Potranco Road,Zoila Salinas,133,,,1,9/1/25 11:13 AM,9/1/25 11:34 AM,20 minutes and 49 seconds,KDS - Login Don't Delete
12060 Potranco Road,Melissa  Urena,152,,Food,,9/1/25 11:27 AM,9/1/25 11:35 AM,8 minutes and 4 seconds,KDS - Login Don't Delete
12060 Potranco Road,Melissa  Urena,152,,Drive Thru,,9/1/25 11:27 AM,9/1/25 11:35 AM,8 minutes and 4 seconds,KDS - Login Don't Delete
12060 Potranco Road,Adrian Morales,154,7,Food,,9/1/25 11:29 AM,9/1/25 11:37 AM,7 minutes and 59 seconds,KDS - Login Don't Delete
12060 Potranco Road,Adrian Morales,154,7,No Print,,9/1/25 11:29 AM,9/1/25 11:37 AM,7 minutes and 59 seconds,KDS - Login Don't Delete
12060 Potranco Road,Adrian Morales,150,15,Food,,9/1/25 11:28 AM,9/1/25 11:40 AM,11 minutes and 49 seconds,KDS - Login Don't Delete
12060 Potranco Road,Adrian Morales,150,15,No Print,,9/1/25 11:28 AM,9/1/25 11:40 AM,11 minutes and 49 seconds,KDS - Login Don't Delete
12060 Potranco Road,Adrian Morales,150,15,Drive Thru,,9/1/25 11:28 AM,9/1/25 11:40 AM,11 minutes and 49 seconds,KDS - Login Don't Delete
12060 Potranco Road,Adrian Morales,154,7,,1,9/1/25 11:37 AM,9/1/25 11:40 AM,3 minutes and 15 seconds,KDS - Login Don't Delete
12060 Potranco Road,Zoila Salinas,151,,,1,9/1/25 11:28 AM,9/1/25 11:41 AM,12 minutes and 49 seconds,KDS - Login Don't Delete
12060 Potranco Road,Adrian Morales,150,15,,1,9/1/25 11:40 AM,9/1/25 11:41 AM,1 minute and 22 seconds,KDS - Login Don't Delete
12060 Potranco Road,Leticia Roman,149,37,Food,,9/1/25 11:31 AM,9/1/25 11:43 AM,11 minutes and 39 seconds,KDS - Login Don't Delete
12060 Potranco Road,Leticia Roman,149,37,No Print,,9/1/25 11:31 AM,9/1/25 11:43 AM,11 minutes and 39 seconds,KDS - Login Don't Delete
12060 Potranco Road,Leticia Roman,149,37,Drive Thru,,9/1/25 11:31 AM,9/1/25 11:43 AM,11 minutes and 39 seconds,KDS - Login Don't Delete
12060 Potranco Road,Leticia Roman,121,27,Food,,9/1/25 11:37 AM,9/1/25 11:43 AM,5 minutes and 30 seconds,KDS - Login Don't Delete
12060 Potranco Road,Leticia Roman,121,27,No Print,,9/1/25 11:37 AM,9/1/25 11:43 AM,5 minutes and 30 seconds,KDS - Login Don't Delete
12060 Potranco Road,Leticia Roman,149,37,,1,9/1/25 11:43 AM,9/1/25 11:44 AM,1 minute and 10 seconds,KDS - Login Don't Delete
12060 Potranco Road,Leticia Roman,121,27,,1,9/1/25 11:43 AM,9/1/25 11:44 AM,56 seconds,KDS - Login Don't Delete
12060 Potranco Road,Melissa  Urena,158,,Food,,9/1/25 11:34 AM,9/1/25 11:45 AM,10 minutes and 27 seconds,KDS - Login Don't Delete
12060 Potranco Road,Melissa  Urena,159,,Food,,9/1/25 11:35 AM,9/1/25 11:45 AM,10 minutes and 20 seconds,KDS - Login Don't Delete
12060 Potranco Road,Melissa  Urena,159,,Drive Thru,,9/1/25 11:35 AM,9/1/25 11:45 AM,10 minutes and 20 seconds,KDS - Login Don't Delete
12060 Potranco Road,Melissa  Urena,155,,Food,,9/1/25 11:33 AM,9/1/25 11:45 AM,12 minutes and 22 seconds,KDS - Login Don't Delete
12060 Potranco Road,Melissa  Urena,155,,Drive Thru,,9/1/25 11:33 AM,9/1/25 11:45 AM,12 minutes and 22 seconds,KDS - Login Don't Delete
12060 Potranco Road,Sugey Cabrera,160,5,Food,,9/1/25 11:36 AM,9/1/25 11:47 AM,10 minutes and 43 seconds,KDS - Login Don't Delete
12060 Potranco Road,Sugey Cabrera,160,5,No Print,,9/1/25 11:36 AM,9/1/25 11:47 AM,10 minutes and 43 seconds,KDS - Login Don't Delete
12060 Potranco Road,Sugey Cabrera,160,5,Drive Thru,,9/1/25 11:36 AM,9/1/25 11:47 AM,10 minutes and 43 seconds,KDS - Login Don't Delete
12060 Potranco Road,Sugey Cabrera,157,12,,1,9/1/25 11:35 AM,9/1/25 11:48 AM,13 minutes and 10 seconds,KDS - Login Don't Delete
12060 Potranco Road,Melissa  Urena,161,,Food,,9/1/25 11:37 AM,9/1/25 11:49 AM,11 minutes and 39 seconds,KDS - Login Don't Delete
12060 Potranco Road,Melissa  Urena,161,,Drive Thru,,9/1/25 11:37 AM,9/1/25 11:49 AM,11 minutes and 39 seconds,KDS - Login Don't Delete
12060 Potranco Road,Melissa  Urena,162,,Food,,9/1/25 11:42 AM,9/1/25 11:49 AM,6 minutes and 54 seconds,KDS - Login Don't Delete
12060 Potranco Road,Melissa  Urena,162,,Drive Thru,,9/1/25 11:42 AM,9/1/25 11:49 AM,6 minutes and 54 seconds,KDS - Login Don't Delete
12060 Potranco Road,Melissa  Urena,162,,Food,,9/1/25 11:42 AM,9/1/25 11:49 AM,6 minutes and 53 seconds,KDS - Login Don't Delete
12060 Potranco Road,Melissa  Urena,162,,Drive Thru,,9/1/25 11:42 AM,9/1/25 11:49 AM,6 minutes and 53 seconds,KDS - Login Don't Delete
12060 Potranco Road,Sugey Cabrera,160,5,,1,9/1/25 11:47 AM,9/1/25 11:54 AM,6 minutes and 40 seconds,KDS - Login Don't Delete
12060 Potranco Road,Melissa  Urena,164,,Food,,9/1/25 11:44 AM,9/1/25 11:58 AM,14 minutes and 12 seconds,KDS - Login Don't Delete
12060 Potranco Road,Melissa  Urena,164,,Drive Thru,,9/1/25 11:44 AM,9/1/25 11:58 AM,14 minutes and 12 seconds,KDS - Login Don't Delete
12060 Potranco Road,Adrian Morales,165,4,Food,,9/1/25 11:50 AM,9/1/25 12:02 PM,12 minutes,KDS - Login Don't Delete
12060 Potranco Road,Adrian Morales,165,4,No Print,,9/1/25 11:50 AM,9/1/25 12:02 PM,12 minutes,KDS - Login Don't Delete
12060 Potranco Road,Melissa  Urena,166,,Food,,9/1/25 11:52 AM,9/1/25 12:03 PM,11 minutes and 51 seconds,KDS - Login Don't Delete
12060 Potranco Road,Melissa  Urena,166,,Drive Thru,,9/1/25 11:52 AM,9/1/25 12:03 PM,11 minutes and 51 seconds,KDS - Login Don't Delete
12060 Potranco Road,Melissa  Urena,170,,Food,,9/1/25 11:55 AM,9/1/25 12:03 PM,8 minutes and 43 seconds,KDS - Login Don't Delete
12060 Potranco Road,Melissa  Urena,169,,Food,,9/1/25 11:54 AM,9/1/25 12:03 PM,9 minutes and 54 seconds,KDS - Login Don't Delete
12060 Potranco Road,Melissa  Urena,169,,Drive Thru,,9/1/25 11:54 AM,9/1/25 12:03 PM,9 minutes and 54 seconds,KDS - Login Don't Delete
12060 Potranco Road,Melissa  Urena,170,,Drive Thru,,9/1/25 11:55 AM,9/1/25 12:03 PM,8 minutes and 43 seconds,KDS - Login Don't Delete
12060 Potranco Road,Sugey Cabrera,172,2,Food,,9/1/25 11:59 AM,9/1/25 12:04 PM,5 minutes and 21 seconds,KDS - Login Don't Delete
12060 Potranco Road,Sugey Cabrera,172,2,No Print,,9/1/25 11:59 AM,9/1/25 12:04 PM,5 minutes and 21 seconds,KDS - Login Don't Delete
12060 Potranco Road,Adrian Morales,171,1,Food,,9/1/25 11:58 AM,9/1/25 12:04 PM,6 minutes and 10 seconds,KDS - Login Don't Delete
12060 Potranco Road,Adrian Morales,171,1,No Print,,9/1/25 11:58 AM,9/1/25 12:04 PM,6 minutes and 10 seconds,KDS - Login Don't Delete
12060 Potranco Road,Sugey Cabrera,172,2,,1,9/1/25 12:04 PM,9/1/25 12:05 PM,1 minute and 7 seconds,KDS - Login Don't Delete
12060 Potranco Road,Sugey Cabrera,172,2,Drive Thru,,9/1/25 12:08 PM,9/1/25 12:10 PM,2 minutes and 44 seconds,KDS - Login Don't Delete
12060 Potranco Road,Sugey Cabrera,172,2,Food,,9/1/25 12:08 PM,9/1/25 12:10 PM,2 minutes and 44 seconds,KDS - Login Don't Delete
12060 Potranco Road,Sugey Cabrera,176,8,Drive Thru,,9/1/25 12:04 PM,9/1/25 12:10 PM,6 minutes and 51 seconds,KDS - Login Don't Delete
12060 Potranco Road,Sugey Cabrera,176,8,Drinks,,9/1/25 12:04 PM,9/1/25 12:10 PM,6 minutes and 51 seconds,KDS - Login Don't Delete
12060 Potranco Road,Sugey Cabrera,176,8,Food,,9/1/25 12:04 PM,9/1/25 12:10 PM,6 minutes and 51 seconds,KDS - Login Don't Delete
12060 Potranco Road,Sugey Cabrera,176,8,No Print,,9/1/25 12:04 PM,9/1/25 12:10 PM,6 minutes and 51 seconds,KDS - Login Don't Delete
12060 Potranco Road,Melissa  Urena,173,,Food,,9/1/25 11:58 AM,9/1/25 12:11 PM,13 minutes and 6 seconds,KDS - Login Don't Delete
12060 Potranco Road,Melissa  Urena,173,,Drive Thru,,9/1/25 11:58 AM,9/1/25 12:11 PM,13 minutes and 6 seconds,KDS - Login Don't Delete
12060 Potranco Road,Melissa  Urena,177,,Food,,9/1/25 12:03 PM,9/1/25 12:11 PM,7 minutes and 20 seconds,KDS - Login Don't Delete
12060 Potranco Road,Melissa  Urena,177,,Drive Thru,,9/1/25 12:03 PM,9/1/25 12:11 PM,7 minutes and 20 seconds,KDS - Login Don't Delete
12060 Potranco Road,Melissa  Urena,179,,Food,,9/1/25 12:05 PM,9/1/25 12:11 PM,6 minutes and 8 seconds,KDS - Login Don't Delete
12060 Potranco Road,Melissa  Urena,179,,Drive Thru,,9/1/25 12:05 PM,9/1/25 12:11 PM,6 minutes and 8 seconds,KDS - Login Don't Delete
12060 Potranco Road,Sugey Cabrera,172,2,,1,9/1/25 12:10 PM,9/1/25 12:12 PM,1 minute and 48 seconds,KDS - Login Don't Delete
12060 Potranco Road,Sugey Cabrera,176,8,,1,9/1/25 12:10 PM,9/1/25 12:12 PM,1 minute and 48 seconds,KDS - Login Don't Delete
12060 Potranco Road,Leticia Roman,168,26,Food,,9/1/25 12:01 PM,9/1/25 12:13 PM,12 minutes and 23 seconds,KDS - Login Don't Delete
12060 Potranco Road,Leticia Roman,168,26,No Print,,9/1/25 12:01 PM,9/1/25 12:13 PM,12 minutes and 23 seconds,KDS - Login Don't Delete
12060 Potranco Road,Melissa  Urena,180,,Food,,9/1/25 12:06 PM,9/1/25 12:14 PM,8 minutes and 10 seconds,KDS - Login Don't Delete
12060 Potranco Road,Melissa  Urena,180,,Drive Thru,,9/1/25 12:06 PM,9/1/25 12:14 PM,8 minutes and 10 seconds,KDS - Login Don't Delete
12060 Potranco Road,Melissa  Urena,181,,Food,,9/1/25 12:08 PM,9/1/25 12:17 PM,8 minutes and 28 seconds,KDS - Login Don't Delete
12060 Potranco Road,Melissa  Urena,181,,Drive Thru,,9/1/25 12:08 PM,9/1/25 12:17 PM,8 minutes and 28 seconds,KDS - Login Don't Delete
12060 Potranco Road,Leticia Roman,183,16,Drive Thru,,9/1/25 12:14 PM,9/1/25 12:21 PM,7 minutes,KDS - Login Don't Delete
12060 Potranco Road,Leticia Roman,183,16,Drinks,,9/1/25 12:14 PM,9/1/25 12:21 PM,7 minutes,KDS - Login Don't Delete
12060 Potranco Road,Leticia Roman,183,16,Food,,9/1/25 12:14 PM,9/1/25 12:21 PM,7 minutes,KDS - Login Don't Delete
12060 Potranco Road,Leticia Roman,183,16,No Print,,9/1/25 12:14 PM,9/1/25 12:21 PM,7 minutes,KDS - Login Don't Delete
12060 Potranco Road,Zoila Salinas,136,,Drive Thru,,9/1/25 11:43 AM,9/1/25 12:23 PM,39 minutes and 20 seconds,KDS - Login Don't Delete
12060 Potranco Road,Zoila Salinas,136,,Food,,9/1/25 11:43 AM,9/1/25 12:23 PM,39 minutes and 20 seconds,KDS - Login Don't Delete
12060 Potranco Road,Leticia Roman,188,14,Food,,9/1/25 12:19 PM,9/1/25 12:23 PM,3 minutes and 58 seconds,KDS - Login Don't Delete
12060 Potranco Road,Leticia Roman,188,14,No Print,,9/1/25 12:19 PM,9/1/25 12:23 PM,3 minutes and 58 seconds,KDS - Login Don't Delete
12060 Potranco Road,Sugey Cabrera,176,8,Food,,9/1/25 12:25 PM,9/1/25 12:26 PM,1 minute and 52 seconds,KDS - Login Don't Delete
12060 Potranco Road,Sugey Cabrera,176,8,No Print,,9/1/25 12:25 PM,9/1/25 12:26 PM,1 minute and 52 seconds,KDS - Login Don't Delete
12060 Potranco Road,Melissa  Urena,185,,Food,,9/1/25 12:14 PM,9/1/25 12:27 PM,13 minutes and 52 seconds,KDS - Login Don't Delete
12060 Potranco Road,Melissa  Urena,185,,Drive Thru,,9/1/25 12:14 PM,9/1/25 12:27 PM,13 minutes and 52 seconds,KDS - Login Don't Delete
12060 Potranco Road,Melissa  Urena,186,,Food,,9/1/25 12:16 PM,9/1/25 12:27 PM,11 minutes and 38 seconds,KDS - Login Don't Delete
12060 Potranco Road,Melissa  Urena,186,,Drive Thru,,9/1/25 12:16 PM,9/1/25 12:27 PM,11 minutes and 38 seconds,KDS - Login Don't Delete
12060 Potranco Road,Melissa  Urena,184,,Food,,9/1/25 12:13 PM,9/1/25 12:27 PM,14 minutes and 51 seconds,KDS - Login Don't Delete
12060 Potranco Road,Melissa  Urena,184,,Drive Thru,,9/1/25 12:13 PM,9/1/25 12:27 PM,14 minutes and 51 seconds,KDS - Login Don't Delete
12060 Potranco Road,Sugey Cabrera,176,8,,1,9/1/25 12:26 PM,9/1/25 12:28 PM,1 minute and 24 seconds,KDS - Login Don't Delete
12060 Potranco Road,Adrian Morales,189,21,Food,,9/1/25 12:18 PM,9/1/25 12:28 PM,9 minutes and 34 seconds,KDS - Login Don't Delete
12060 Potranco Road,Adrian Morales,189,21,No Print,,9/1/25 12:18 PM,9/1/25 12:28 PM,9 minutes and 34 seconds,KDS - Login Don't Delete
12060 Potranco Road,Sugey Cabrera,190,3,,1,9/1/25 12:19 PM,9/1/25 12:30 PM,10 minutes and 25 seconds,KDS - Login Don't Delete
12060 Potranco Road,Melissa  Urena,187,,Food,,9/1/25 12:17 PM,9/1/25 12:31 PM,14 minutes and 25 seconds,KDS - Login Don't Delete
12060 Potranco Road,Melissa  Urena,187,,Drive Thru,,9/1/25 12:17 PM,9/1/25 12:31 PM,14 minutes and 25 seconds,KDS - Login Don't Delete
12060 Potranco Road,Zoila Salinas,136,,,1,9/1/25 12:23 PM,9/1/25 12:32 PM,9 minutes and 23 seconds,KDS - Login Don't Delete
12060 Potranco Road,Adrian Morales,165,4,,1,9/1/25 12:02 PM,9/1/25 12:32 PM,30 minutes and 21 seconds,KDS - Login Don't Delete
12060 Potranco Road,Adrian Morales,171,1,,1,9/1/25 12:04 PM,9/1/25 12:32 PM,28 minutes and 14 seconds,KDS - Login Don't Delete
12060 Potranco Road,Leticia Roman,168,26,,1,9/1/25 12:13 PM,9/1/25 12:32 PM,18 minutes and 42 seconds,KDS - Login Don't Delete
12060 Potranco Road,Leticia Roman,183,16,,1,9/1/25 12:21 PM,9/1/25 12:32 PM,11 minutes and 11 seconds,KDS - Login Don't Delete
12060 Potranco Road,Leticia Roman,188,14,,1,9/1/25 12:23 PM,9/1/25 12:32 PM,9 minutes and 7 seconds,KDS - Login Don't Delete
12060 Potranco Road,Adrian Morales,189,21,,1,9/1/25 12:28 PM,9/1/25 12:32 PM,4 minutes and 8 seconds,KDS - Login Don't Delete
12060 Potranco Road,Leticia Roman,183,16,Drive Thru,,9/1/25 12:29 PM,9/1/25 12:35 PM,5 minutes and 33 seconds,KDS - Login Don't Delete
12060 Potranco Road,Leticia Roman,183,16,Drinks,,9/1/25 12:29 PM,9/1/25 12:35 PM,5 minutes and 33 seconds,KDS - Login Don't Delete
12060 Potranco Road,Leticia Roman,183,16,Food,,9/1/25 12:29 PM,9/1/25 12:35 PM,5 minutes and 33 seconds,KDS - Login Don't Delete
12060 Potranco Road,Leticia Roman,183,16,No Print,,9/1/25 12:29 PM,9/1/25 12:35 PM,5 minutes and 33 seconds,KDS - Login Don't Delete
12060 Potranco Road,Adrian Morales,194,18,Food,,9/1/25 12:29 PM,9/1/25 12:35 PM,6 minutes and 43 seconds,KDS - Login Don't Delete
12060 Potranco Road,Adrian Morales,194,18,No Print,,9/1/25 12:29 PM,9/1/25 12:35 PM,6 minutes and 43 seconds,KDS - Login Don't Delete
12060 Potranco Road,Leticia Roman,191,12,Food,,9/1/25 12:27 PM,9/1/25 12:37 PM,10 minutes and 31 seconds,KDS - Login Don't Delete
12060 Potranco Road,Leticia Roman,191,12,No Print,,9/1/25 12:27 PM,9/1/25 12:37 PM,10 minutes and 31 seconds,KDS - Login Don't Delete
12060 Potranco Road,Melissa  Urena,193,,Food,,9/1/25 12:24 PM,9/1/25 12:39 PM,14 minutes and 53 seconds,KDS - Login Don't Delete
12060 Potranco Road,Melissa  Urena,193,,Drive Thru,,9/1/25 12:24 PM,9/1/25 12:39 PM,14 minutes and 53 seconds,KDS - Login Don't Delete
12060 Potranco Road,Adrian Morales,189,21,Food,,9/1/25 12:40 PM,9/1/25 12:42 PM,1 minute and 57 seconds,KDS - Login Don't Delete
12060 Potranco Road,Adrian Morales,189,21,No Print,,9/1/25 12:40 PM,9/1/25 12:42 PM,1 minute and 57 seconds,KDS - Login Don't Delete
12060 Potranco Road,Melissa  Urena,195,,Drive Thru,,9/1/25 12:31 PM,9/1/25 12:42 PM,10 minutes and 37 seconds,KDS - Login Don't Delete
12060 Potranco Road,Melissa  Urena,195,,Food,,9/1/25 12:31 PM,9/1/25 12:42 PM,10 minutes and 37 seconds,KDS - Login Don't Delete
12060 Potranco Road,Sugey Cabrera,196,25,Food,,9/1/25 12:33 PM,9/1/25 12:49 PM,15 minutes and 27 seconds,KDS - Login Don't Delete
12060 Potranco Road,Sugey Cabrera,196,25,No Print,,9/1/25 12:33 PM,9/1/25 12:49 PM,15 minutes and 27 seconds,KDS - Login Don't Delete
12060 Potranco Road,Sugey Cabrera,196,25,Drive Thru,,9/1/25 12:33 PM,9/1/25 12:49 PM,15 minutes and 27 seconds,KDS - Login Don't Delete
12060 Potranco Road,Sugey Cabrera,200,15,Food,,9/1/25 12:39 PM,9/1/25 12:49 PM,10 minutes and 10 seconds,KDS - Login Don't Delete
12060 Potranco Road,Sugey Cabrera,200,15,No Print,,9/1/25 12:39 PM,9/1/25 12:49 PM,10 minutes and 10 seconds,KDS - Login Don't Delete
12060 Potranco Road,Adrian Morales,198,28,Food,,9/1/25 12:42 PM,9/1/25 12:51 PM,9 minutes and 31 seconds,KDS - Login Don't Delete
12060 Potranco Road,Adrian Morales,198,28,No Print,,9/1/25 12:42 PM,9/1/25 12:51 PM,9 minutes and 31 seconds,KDS - Login Don't Delete
12060 Potranco Road,Adrian Morales,198,28,Food,,9/1/25 12:40 PM,9/1/25 12:52 PM,12 minutes and 4 seconds,KDS - Login Don't Delete
12060 Potranco Road,Adrian Morales,198,28,No Print,,9/1/25 12:40 PM,9/1/25 12:52 PM,12 minutes and 4 seconds,KDS - Login Don't Delete
12060 Potranco Road,Adrian Morales,198,28,Drive Thru,,9/1/25 12:40 PM,9/1/25 12:52 PM,12 minutes and 4 seconds,KDS - Login Don't Delete
12060 Potranco Road,Leticia Roman,206,26,Food,,9/1/25 12:43 PM,9/1/25 12:52 PM,9 minutes and 2 seconds,KDS - Login Don't Delete
12060 Potranco Road,Leticia Roman,206,26,No Print,,9/1/25 12:43 PM,9/1/25 12:52 PM,9 minutes and 2 seconds,KDS - Login Don't Delete
12060 Potranco Road,Sugey Cabrera,196,25,,1,9/1/25 12:49 PM,9/1/25 12:55 PM,5 minutes and 58 seconds,KDS - Login Don't Delete
12060 Potranco Road,Sugey Cabrera,200,15,,1,9/1/25 12:49 PM,9/1/25 12:55 PM,6 minutes,KDS - Login Don't Delete
12060 Potranco Road,Melissa  Urena,203,,Food,,9/1/25 12:40 PM,9/1/25 12:55 PM,15 minutes,KDS - Login Don't Delete
12060 Potranco Road,Melissa  Urena,202,,Food,,9/1/25 12:40 PM,9/1/25 12:55 PM,15 minutes and 23 seconds,KDS - Login Don't Delete
12060 Potranco Road,Melissa  Urena,202,,Drive Thru,,9/1/25 12:40 PM,9/1/25 12:55 PM,15 minutes and 23 seconds,KDS - Login Don't Delete
12060 Potranco Road,Melissa  Urena,207,,Food,,9/1/25 12:44 PM,9/1/25 12:55 PM,10 minutes and 58 seconds,KDS - Login Don't Delete
12060 Potranco Road,Melissa  Urena,207,,Drive Thru,,9/1/25 12:44 PM,9/1/25 12:55 PM,10 minutes and 58 seconds,KDS - Login Don't Delete
12060 Potranco Road,Adrian Morales,189,21,,1,9/1/25 12:42 PM,9/1/25 12:55 PM,13 minutes and 3 seconds,KDS - Login Don't Delete
12060 Potranco Road,Melissa  Urena,203,,Drive Thru,,9/1/25 12:40 PM,9/1/25 12:55 PM,15 minutes,KDS - Login Don't Delete
12060 Potranco Road,Leticia Roman,210,23,Food,,9/1/25 12:49 PM,9/1/25 12:57 PM,8 minutes and 9 seconds,KDS - Login Don't Delete
12060 Potranco Road,Leticia Roman,210,23,No Print,,9/1/25 12:49 PM,9/1/25 12:57 PM,8 minutes and 9 seconds,KDS - Login Don't Delete
12060 Potranco Road,Sugey Cabrera,200,15,Drive Thru,,9/1/25 12:57 PM,9/1/25 12:57 PM,45 seconds,KDS - Login Don't Delete
12060 Potranco Road,Sugey Cabrera,200,15,Food,,9/1/25 12:57 PM,9/1/25 12:57 PM,45 seconds,KDS - Login Don't Delete
12060 Potranco Road,Melissa  Urena,211,,Food,,9/1/25 12:51 PM,9/1/25 1:07 PM,15 minutes and 32 seconds,KDS - Login Don't Delete
12060 Potranco Road,Melissa  Urena,211,,Drive Thru,,9/1/25 12:51 PM,9/1/25 1:07 PM,15 minutes and 32 seconds,KDS - Login Don't Delete
12060 Potranco Road,Melissa  Urena,215,,Food,,9/1/25 1:02 PM,9/1/25 1:07 PM,4 minutes and 35 seconds,KDS - Login Don't Delete
12060 Potranco Road,Melissa  Urena,215,,Drive Thru,,9/1/25 1:02 PM,9/1/25 1:07 PM,4 minutes and 35 seconds,KDS - Login Don't Delete
12060 Potranco Road,Sugey Cabrera,200,15,,1,9/1/25 12:57 PM,9/1/25 1:07 PM,10 minutes and 8 seconds,KDS - Login Don't Delete
12060 Potranco Road,Leticia Roman,191,12,,1,9/1/25 12:37 PM,9/1/25 1:08 PM,30 minutes and 20 seconds,KDS - Login Don't Delete
12060 Potranco Road,Melissa  Urena,195,,,1,9/1/25 12:42 PM,9/1/25 1:08 PM,25 minutes and 38 seconds,KDS - Login Don't Delete
12060 Potranco Road,Adrian Morales,194,18,,1,9/1/25 12:35 PM,9/1/25 1:08 PM,32 minutes and 13 seconds,KDS - Login Don't Delete
12060 Potranco Road,Leticia Roman,183,16,,1,9/1/25 12:35 PM,9/1/25 1:08 PM,32 minutes and 32 seconds,KDS - Login Don't Delete
12060 Potranco Road,Adrian Morales,198,28,,1,9/1/25 12:52 PM,9/1/25 1:08 PM,16 minutes and 1 second,KDS - Login Don't Delete
12060 Potranco Road,Melissa  Urena,195,,Drive Thru,,9/1/25 12:47 PM,9/1/25 1:08 PM,21 minutes and 4 seconds,KDS - Login Don't Delete
12060 Potranco Road,Melissa  Urena,195,,Food,,9/1/25 12:47 PM,9/1/25 1:08 PM,21 minutes and 4 seconds,KDS - Login Don't Delete
12060 Potranco Road,Leticia Roman,206,26,,1,9/1/25 12:52 PM,9/1/25 1:08 PM,16 minutes and 4 seconds,KDS - Login Don't Delete
12060 Potranco Road,Adrian Morales,198,28,,1,9/1/25 12:51 PM,9/1/25 1:08 PM,16 minutes and 12 seconds,KDS - Login Don't Delete
12060 Potranco Road,Zoila Salinas,205,,Drive Thru,,9/1/25 12:42 PM,9/1/25 1:08 PM,25 minutes and 38 seconds,KDS - Login Don't Delete
12060 Potranco Road,Zoila Salinas,205,,Food,,9/1/25 12:42 PM,9/1/25 1:08 PM,25 minutes and 38 seconds,KDS - Login Don't Delete
12060 Potranco Road,Melissa  Urena,195,,,1,9/1/25 1:08 PM,9/1/25 1:12 PM,4 minutes and 51 seconds,KDS - Login Don't Delete
12060 Potranco Road,Adrian Morales,213,34,Food,,9/1/25 12:58 PM,9/1/25 1:12 PM,14 minutes and 14 seconds,KDS - Login Don't Delete
12060 Potranco Road,Zoila Salinas,205,,,1,9/1/25 1:08 PM,9/1/25 1:12 PM,4 minutes and 48 seconds,KDS - Login Don't Delete
12060 Potranco Road,Adrian Morales,213,34,No Print,,9/1/25 12:58 PM,9/1/25 1:12 PM,14 minutes and 14 seconds,KDS - Login Don't Delete
12060 Potranco Road,Adrian Morales,213,34,Drive Thru,,9/1/25 12:58 PM,9/1/25 1:12 PM,14 minutes and 14 seconds,KDS - Login Don't Delete
12060 Potranco Road,Leticia Roman,210,23,,1,9/1/25 12:57 PM,9/1/25 1:12 PM,15 minutes and 11 seconds,KDS - Login Don't Delete
12060 Potranco Road,Zoila Salinas,216,,Drive Thru,,9/1/25 1:04 PM,9/1/25 1:14 PM,10 minutes and 19 seconds,KDS - Login Don't Delete
12060 Potranco Road,Zoila Salinas,216,,Food,,9/1/25 1:04 PM,9/1/25 1:14 PM,10 minutes and 19 seconds,KDS - Login Don't Delete
12060 Potranco Road,Melissa  Urena,212,,Drive Thru,,9/1/25 1:02 PM,9/1/25 1:14 PM,12 minutes and 19 seconds,KDS - Login Don't Delete
12060 Potranco Road,Melissa  Urena,212,,Food,,9/1/25 1:02 PM,9/1/25 1:14 PM,12 minutes and 19 seconds,KDS - Login Don't Delete
12060 Potranco Road,Melissa  Urena,218,,Food,,9/1/25 1:05 PM,9/1/25 1:16 PM,11 minutes and 44 seconds,KDS - Login Don't Delete
12060 Potranco Road,Melissa  Urena,218,,Drive Thru,,9/1/25 1:05 PM,9/1/25 1:16 PM,11 minutes and 44 seconds,KDS - Login Don't Delete
12060 Potranco Road,Melissa  Urena,220,,Food,,9/1/25 1:10 PM,9/1/25 1:22 PM,11 minutes and 10 seconds,KDS - Login Don't Delete
12060 Potranco Road,Melissa  Urena,220,,Drive Thru,,9/1/25 1:10 PM,9/1/25 1:22 PM,11 minutes and 10 seconds,KDS - Login Don't Delete
12060 Potranco Road,Melissa  Urena,219,,Food,,9/1/25 1:09 PM,9/1/25 1:22 PM,12 minutes and 10 seconds,KDS - Login Don't Delete
12060 Potranco Road,Melissa  Urena,219,,Drive Thru,,9/1/25 1:09 PM,9/1/25 1:22 PM,12 minutes and 10 seconds,KDS - Login Don't Delete
12060 Potranco Road,Adrian Morales,213,34,,1,9/1/25 1:12 PM,9/1/25 1:23 PM,10 minutes and 51 seconds,KDS - Login Don't Delete
12060 Potranco Road,Melissa  Urena,212,,,1,9/1/25 1:14 PM,9/1/25 1:23 PM,9 minutes and 2 seconds,KDS - Login Don't Delete
12060 Potranco Road,Zoila Salinas,216,,,1,9/1/25 1:14 PM,9/1/25 1:23 PM,9 minutes and 4 seconds,KDS - Login Don't Delete
12060 Potranco Road,Leticia Roman,222,3,Food,,9/1/25 1:15 PM,9/1/25 1:24 PM,9 minutes and 31 seconds,KDS - Login Don't Delete
12060 Potranco Road,Leticia Roman,222,3,No Print,,9/1/25 1:15 PM,9/1/25 1:24 PM,9 minutes and 31 seconds,KDS - Login Don't Delete
12060 Potranco Road,Melissa  Urena,225,,Food,,9/1/25 1:15 PM,9/1/25 1:26 PM,10 minutes and 9 seconds,KDS - Login Don't Delete
12060 Potranco Road,Melissa  Urena,225,,Drive Thru,,9/1/25 1:15 PM,9/1/25 1:26 PM,10 minutes and 9 seconds,KDS - Login Don't Delete
12060 Potranco Road,Melissa  Urena,224,,Food,,9/1/25 1:15 PM,9/1/25 1:26 PM,10 minutes and 56 seconds,KDS - Login Don't Delete
12060 Potranco Road,Melissa  Urena,224,,Drive Thru,,9/1/25 1:15 PM,9/1/25 1:26 PM,10 minutes and 56 seconds,KDS - Login Don't Delete
12060 Potranco Road,Melissa  Urena,221,,Food,,9/1/25 1:13 PM,9/1/25 1:26 PM,12 minutes and 48 seconds,KDS - Login Don't Delete
12060 Potranco Road,Melissa  Urena,221,,Drive Thru,,9/1/25 1:13 PM,9/1/25 1:26 PM,12 minutes and 48 seconds,KDS - Login Don't Delete
12060 Potranco Road,Sugey Cabrera,223,4,Food,,9/1/25 1:16 PM,9/1/25 1:31 PM,15 minutes and 47 seconds,KDS - Login Don't Delete
12060 Potranco Road,Sugey Cabrera,223,4,No Print,,9/1/25 1:16 PM,9/1/25 1:31 PM,15 minutes and 47 seconds,KDS - Login Don't Delete
12060 Potranco Road,Sugey Cabrera,223,4,Drive Thru,,9/1/25 1:16 PM,9/1/25 1:31 PM,15 minutes and 47 seconds,KDS - Login Don't Delete
12060 Potranco Road,Sugey Cabrera,223,4,Drinks,,9/1/25 1:16 PM,9/1/25 1:31 PM,15 minutes and 47 seconds,KDS - Login Don't Delete
12060 Potranco Road,Leticia Roman,222,3,Drive Thru,,9/1/25 1:31 PM,9/1/25 1:35 PM,3 minutes and 42 seconds,KDS - Login Don't Delete
12060 Potranco Road,Leticia Roman,222,3,Food,,9/1/25 1:31 PM,9/1/25 1:35 PM,3 minutes and 42 seconds,KDS - Login Don't Delete
12060 Potranco Road,Zoila Salinas,230,,Drive Thru,,9/1/25 1:25 PM,9/1/25 1:41 PM,16 minutes and 44 seconds,KDS - Login Don't Delete
12060 Potranco Road,Zoila Salinas,230,,Food,,9/1/25 1:25 PM,9/1/25 1:41 PM,16 minutes and 44 seconds,KDS - Login Don't Delete
12060 Potranco Road,Zoila Salinas,228,,Drive Thru,,9/1/25 1:22 PM,9/1/25 1:41 PM,19 minutes and 11 seconds,KDS - Login Don't Delete
12060 Potranco Road,Zoila Salinas,228,,Food,,9/1/25 1:22 PM,9/1/25 1:41 PM,19 minutes and 11 seconds,KDS - Login Don't Delete
12060 Potranco Road,Melissa  Urena,233,,Food,,9/1/25 1:27 PM,9/1/25 1:41 PM,14 minutes and 26 seconds,KDS - Login Don't Delete
12060 Potranco Road,Melissa  Urena,233,,Drive Thru,,9/1/25 1:27 PM,9/1/25 1:41 PM,14 minutes and 26 seconds,KDS - Login Don't Delete
12060 Potranco Road,Melissa  Urena,231,,Food,,9/1/25 1:23 PM,9/1/25 1:41 PM,17 minutes and 49 seconds,KDS - Login Don't Delete
12060 Potranco Road,Melissa  Urena,231,,Drive Thru,,9/1/25 1:23 PM,9/1/25 1:41 PM,17 minutes and 49 seconds,KDS - Login Don't Delete
12060 Potranco Road,Sugey Cabrera,223,4,,1,9/1/25 1:31 PM,9/1/25 1:43 PM,11 minutes and 41 seconds,KDS - Login Don't Delete
12060 Potranco Road,Leticia Roman,222,3,,1,9/1/25 1:24 PM,9/1/25 1:43 PM,18 minutes and 43 seconds,KDS - Login Don't Delete
12060 Potranco Road,Zoila Salinas,228,,,1,9/1/25 1:41 PM,9/1/25 1:43 PM,1 minute and 48 seconds,KDS - Login Don't Delete
12060 Potranco Road,Zoila Salinas,230,,,1,9/1/25 1:41 PM,9/1/25 1:43 PM,1 minute and 49 seconds,KDS - Login Don't Delete
12060 Potranco Road,Leticia Roman,222,3,,1,9/1/25 1:35 PM,9/1/25 1:43 PM,8 minutes and 35 seconds,KDS - Login Don't Delete
12060 Potranco Road,Leticia Roman,222,3,Food,,9/1/25 1:36 PM,9/1/25 1:46 PM,10 minutes and 49 seconds,KDS - Login Don't Delete
12060 Potranco Road,Leticia Roman,222,3,No Print,,9/1/25 1:36 PM,9/1/25 1:46 PM,10 minutes and 49 seconds,KDS - Login Don't Delete
12060 Potranco Road,Adrian Morales,235,12,Food,,9/1/25 1:38 PM,9/1/25 1:49 PM,11 minutes and 10 seconds,KDS - Login Don't Delete
12060 Potranco Road,Adrian Morales,235,12,No Print,,9/1/25 1:38 PM,9/1/25 1:49 PM,11 minutes and 10 seconds,KDS - Login Don't Delete
12060 Potranco Road,Melissa  Urena,236,,Food,,9/1/25 1:39 PM,9/1/25 1:50 PM,10 minutes and 57 seconds,KDS - Login Don't Delete
12060 Potranco Road,Melissa  Urena,236,,Drive Thru,,9/1/25 1:39 PM,9/1/25 1:50 PM,10 minutes and 57 seconds,KDS - Login Don't Delete
12060 Potranco Road,Leticia Roman,222,3,,1,9/1/25 1:46 PM,9/1/25 1:52 PM,5 minutes and 48 seconds,KDS - Login Don't Delete
12060 Potranco Road,Adrian Morales,235,12,,1,9/1/25 1:49 PM,9/1/25 1:52 PM,3 minutes and 16 seconds,KDS - Login Don't Delete
12060 Potranco Road,Sugey Cabrera,240,20,Food,,9/1/25 1:44 PM,9/1/25 1:53 PM,9 minutes and 38 seconds,KDS - Login Don't Delete
12060 Potranco Road,Sugey Cabrera,240,20,No Print,,9/1/25 1:44 PM,9/1/25 1:53 PM,9 minutes and 38 seconds,KDS - Login Don't Delete
12060 Potranco Road,Leticia Roman,238,1,Food,,9/1/25 1:47 PM,9/1/25 1:58 PM,10 minutes and 50 seconds,KDS - Login Don't Delete
12060 Potranco Road,Leticia Roman,238,1,No Print,,9/1/25 1:47 PM,9/1/25 1:58 PM,10 minutes and 50 seconds,KDS - Login Don't Delete
12060 Potranco Road,Leticia Roman,222,3,Food,,9/1/25 1:49 PM,9/1/25 1:58 PM,9 minutes and 6 seconds,KDS - Login Don't Delete
12060 Potranco Road,Leticia Roman,222,3,No Print,,9/1/25 1:49 PM,9/1/25 1:58 PM,9 minutes and 6 seconds,KDS - Login Don't Delete
12060 Potranco Road,Adrian Morales,245,31,Food,,9/1/25 1:58 PM,9/1/25 2:27 PM,29 minutes and 21 seconds,KDS - Login Don't Delete
12060 Potranco Road,Adrian Morales,245,31,No Print,,9/1/25 1:58 PM,9/1/25 2:27 PM,29 minutes and 21 seconds,KDS - Login Don't Delete
12060 Potranco Road,Melissa  Urena,239,,Food,,9/1/25 1:46 PM,9/1/25 2:34 PM,47 minutes and 44 seconds,KDS - Login Don't Delete
12060 Potranco Road,Melissa  Urena,241,,Food,,9/1/25 1:54 PM,9/1/25 2:34 PM,39 minutes and 46 seconds,KDS - Login Don't Delete
12060 Potranco Road,Melissa  Urena,241,,Drive Thru,,9/1/25 1:54 PM,9/1/25 2:34 PM,39 minutes and 46 seconds,KDS - Login Don't Delete
12060 Potranco Road,Melissa  Urena,239,,Drive Thru,,9/1/25 1:46 PM,9/1/25 2:34 PM,47 minutes and 44 seconds,KDS - Login Don't Delete
