Employee,Job Title,Regular Hours,Overtime Hours,Hourly Rate,Regular Pay,Overtime Pay,Total Pay,Net Sales,Declared Tips,Non-Cash Tips,Total Tips,Tips Withheld,Total Gratuity,Employee ID,Job Code,Location,Location Code
"Cabrera, Sugey",Server,8.83,0.0,3.00,26.49,0.00,26.49,949.90,0.00,82.16,82.16,0.00,25.55,,,12060 Potranco Road,
"Cardenas, Salvador",Cook,9.05,0.0,15.00,135.75,0.00,135.75,0.00,,0.00,0.00,0.00,0.00,,,12060 Potranco Road,
"Del Angel, Candy",Driver,6.5,0.0,,,,,0.00,,0.00,0.00,0.00,0.00,,,12060 Potranco Road,
"Garcia, Enriqueta",Chef,8.47,0.0,,,,,0.00,,0.00,0.00,0.00,0.00,,,12060 Potranco Road,
"Lino Santana, David ",Prep,8.48,0.0,15.00,127.20,0.00,127.20,0.00,,0.00,0.00,0.00,0.00,,,12060 Potranco Road,
"Morales, Adrian",Server,7.23,0.0,3.00,21.69,0.00,21.69,784.98,0.00,115.64,115.64,0.00,15.54,,,12060 Potranco Road,
"Morales, Carlos",Busser,7.25,0.0,11.00,79.75,0.00,79.75,107.67,,3.00,3.00,0.00,0.00,,,12060 Potranco Road,
"Ojeda, George",Runner,8.89,0.0,12.50,111.12,0.00,111.12,0.00,,0.00,0.00,0.00,0.00,,,12060 Potranco Road,
"Roman, Leticia",Server,8.24,0.0,3.00,24.72,0.00,24.72,725.78,5.00,58.87,63.87,0.00,18.64,,,12060 Potranco Road,
"Rosales, Elsa",Tortillera,8.02,0.0,13.00,104.26,0.00,104.26,0.00,,0.00,0.00,0.00,0.00,,,12060 Potranco Road,
"Salinas, Zoila",General Manager,18.65,0.0,,,,,301.84,0.00,9.00,9.00,0.00,0.00,,,12060 Potranco Road,
"Santana Diaz, Mario Alberto",Cook,21.13,0.0,15.00,316.95,0.00,316.95,0.00,0.00,0.00,0.00,0.00,0.00,,,12060 Potranco Road,
"Urena, Melissa ",Host,8.26,0.0,12.00,99.12,0.00,99.12,1555.05,0.00,66.82,66.82,0.00,0.00,,,12060 Potranco Road,
