Employee,Job Title,Regular Hours,Overtime Hours,Hourly Rate,Regular Pay,Overtime Pay,Total Pay,Net Sales,Declared Tips,Non-Cash Tips,Total Tips,Tips Withheld,Total Gratuity,Employee ID,Job Code,Location,Location Code
"Aragon, Cecilia",Tortillera,7.38,0.0,13.00,95.94,0.00,95.94,0.00,,0.00,0.00,0.00,0.00,,,12060 Potranco Road,
"Cabrera, Sugey",Server,7.24,0.0,3.00,21.72,0.00,21.72,387.74,0.00,52.35,52.35,0.00,0.00,,,12060 Potranco Road,
"Cardenas, Salvador",Cook,8.68,0.0,15.00,130.20,0.00,130.20,0.00,,0.00,0.00,0.00,0.00,,,12060 Potranco Road,
"Del Angel, Candy",Shift Manager / Assistant Manager,7.29,0.0,,,,,22.97,,0.00,0.00,0.00,0.00,,,12060 Potranco Road,
"GUTIERREZ, ERIC",Cook,7.08,0.0,16.00,113.28,0.00,113.28,0.00,,0.00,0.00,0.00,0.00,,,12060 Potranco Road,
"Garcia, Enriqueta",Chef,7.09,0.0,,,,,0.00,,0.00,0.00,0.00,0.00,,,12060 Potranco Road,
"Jimenez, Mario",Driver,6.69,0.0,14.00,93.66,0.00,93.66,486.41,0.00,8.57,8.57,0.00,0.00,,,12060 Potranco Road,
"Lino Santana, David ",Prep,9.0,0.0,15.00,135.00,0.00,135.00,0.00,,0.00,0.00,0.00,0.00,,,12060 Potranco Road,
"Martínez , Angelica ",Server,7.32,0.0,,,,,264.51,5.00,23.27,28.27,0.00,0.00,,,12060 Potranco Road,
"Morales, Adrian",Server,3.66,0.0,3.00,10.98,0.00,10.98,189.51,0.00,22.42,22.42,0.00,0.00,,,12060 Potranco Road,
"Morales, Carlos",Busser,5.46,0.0,11.00,60.06,0.00,60.06,0.00,,0.00,0.00,0.00,0.00,,,12060 Potranco Road,
"Roman, Leticia",Server,7.35,0.0,3.00,22.05,0.00,22.05,403.59,0.00,48.50,48.50,0.00,0.00,,,12060 Potranco Road,
"Rosales, Elsa",Tortillera,5.29,0.0,13.00,68.77,0.00,68.77,0.00,,0.00,0.00,0.00,0.00,,,12060 Potranco Road,
"Salinas, Zoila",General Manager,14.66,0.0,,,,,0.00,0.00,0.00,0.00,0.00,0.00,,,12060 Potranco Road,
"Urena, Melissa ",Host,8.08,0.0,12.00,96.96,0.00,96.96,1142.80,0.00,69.00,69.00,0.00,0.00,,,12060 Potranco Road,
"Vega, Estela",Tortillera,9.31,0.0,15.00,139.65,0.00,139.65,0.00,,0.00,0.00,0.00,0.00,,,12060 Potranco Road,
"Velasquez, Lisa",Server,7.07,0.0,3.00,21.21,0.00,21.21,278.25,5.00,36.22,41.22,0.00,0.00,,,12060 Potranco Road,
"vanenzuela, felix",Cook,7.27,0.0,,,,,0.00,,0.00,0.00,0.00,0.00,,,12060 Potranco Road,
