Order #,Opened Date,Void Date,Server,Approver,Item Name,Reason,Item Quantity,Total Price
118,9/29/25 11:55 AM,9/29/25 9:07 PM,Zoila Salinas,Candy Del Angel,Papa & Egg Taco,Customer Changed Mind,2.0,3.98
118,9/29/25 11:55 AM,9/29/25 9:07 PM,Zoila Salinas,Candy Del Angel,Sweet tea,Customer Changed Mind,1.0,4.29
129,9/29/25 12:14 PM,9/29/25 1:16 PM,Sugey Cabrera,Zoila Salinas,(1) Bean and Cheese Chalupa,Customer Changed Mind,1.0,3.50
129,9/29/25 12:14 PM,9/29/25 1:16 PM,Sugey Cabrera,Zoila Salinas,Side Guacamole,Customer Changed Mind,1.0,2.75
