Employee,Job Title,Regular Hours,Overtime Hours,Hourly Rate,Regular Pay,Overtime Pay,Total Pay,Net Sales,Declared Tips,Non-Cash Tips,Total Tips,Tips Withheld,Total Gratuity,Employee ID,Job Code,Location,Location Code
"Abundiz, Ivana",Host,8.09,0.0,14.00,113.26,0.00,113.26,2661.56,,112.61,112.61,0.00,0.00,,,Tink-a-Tako - Potranco,
"Abundiz, Sergio",Server,0.0,15.32,,,,,1434.19,,101.50,101.50,0.00,77.22,,,Tink-a-Tako - Potranco,
"Alonso, Lizeth",Host,14.149999999999999,0.0,13.00,183.95,0.00,183.95,1327.96,,35.99,35.99,0.00,0.00,,,Tink-a-Tako - Potranco,
"Alvarado, Rodolfo",Cook,8.07,0.0,17.00,137.19,0.00,137.19,0.00,,0.00,0.00,0.00,0.00,,,Tink-a-Tako - Potranco,
"Aviles, Genaro",Cook,0.0,10.62,15.00,0.00,238.95,238.95,0.00,,0.00,0.00,0.00,0.00,,,Tink-a-Tako - Potranco,
"Brito, Victor ",Regular,2.73,5.26,12.00,32.76,94.68,127.44,0.00,,0.00,0.00,0.00,0.00,,,Tink-a-Tako - Potranco,
"Calderon, Jesus",Cook,7.92,0.0,,,,,0.00,,0.00,0.00,0.00,0.00,,,Tink-a-Tako - Potranco,
"Camacho, Juan ",Server,0.0,13.78,3.00,0.00,62.01,62.01,1425.34,,147.49,147.49,0.00,70.22,,,Tink-a-Tako - Potranco,
"Caviedes, Esperansa",Server,6.7,0.0,3.00,20.10,0.00,20.10,628.29,,92.57,92.57,0.00,22.41,,,Tink-a-Tako - Potranco,
"Cisneros, Isabel",Server,5.73,0.0,3.00,17.19,0.00,17.19,705.64,0.00,88.41,88.41,0.00,0.00,,,Tink-a-Tako - Potranco,
"Cisneross, Giselle",Host,5.23,0.0,,,,,0.00,,0.00,0.00,0.00,0.00,,,Tink-a-Tako - Potranco,
"Compean, Rosa",Server,8.49,0.0,3.00,25.47,0.00,25.47,1144.42,,90.94,90.94,0.00,0.00,,,Tink-a-Tako - Potranco,
"Diaz, Diego",Cook,5.33,3.71,,,,,0.00,,0.00,0.00,0.00,0.00,,,Tink-a-Tako - Potranco,
"Dominguez, Jose ",Cook,8.13,0.18,17.00,138.21,4.59,142.80,0.00,,0.00,0.00,0.00,0.00,,,Tink-a-Tako - Potranco,
"Gonzales (Line) , Maria",Cook,0.0,7.93,14.00,0.00,166.53,166.53,0.00,,0.00,0.00,0.00,0.00,,,Tink-a-Tako - Potranco,
"Gonzalez, Maria ",Tortillero,8.55,0.0,13.00,111.15,0.00,111.15,0.00,,0.00,0.00,0.00,0.00,,,Tink-a-Tako - Potranco,
"Hernandez, Silvia",Server,6.4,0.0,3.00,19.20,0.00,19.20,668.93,,62.22,62.22,0.00,12.42,,,Tink-a-Tako - Potranco,
"Luna, Mayra",Shift Manager / Assistant Manager,6.5,9.32,,,,,39.39,,5.00,5.00,0.00,0.00,1919,,Tink-a-Tako - Potranco,
"Majana, Maria",Server,5.98,0.0,3.00,17.94,0.00,17.94,600.14,,73.35,73.35,0.00,12.79,,,Tink-a-Tako - Potranco,
"Majana, Maria",Host,4.14,0.0,14.00,57.96,0.00,57.96,285.42,,18.47,18.47,0.00,0.00,,,Tink-a-Tako - Potranco,
"Ramirez Perez, Silvia",Cook,5.84,2.69,17.00,99.28,68.60,167.88,0.00,,0.00,0.00,0.00,0.00,,,Tink-a-Tako - Potranco,
"Rueda, Jonathan",Busser,11.84,0.0,12.00,142.08,0.00,142.08,0.00,,0.00,0.00,0.00,0.00,,,Tink-a-Tako - Potranco,
"Serrato, Joshua ",Busser,4.89,0.0,12.00,58.68,0.00,58.68,0.00,,0.00,0.00,0.00,0.00,,,Tink-a-Tako - Potranco,
"Torres, Daniela",Drive-Thru,7.33,6.08,,,,,0.00,,0.00,0.00,0.00,0.00,,,Tink-a-Tako - Potranco,
"Trevino, Melissa",Dishwasher,6.15,0.0,13.00,79.95,0.00,79.95,0.00,,0.00,0.00,0.00,0.00,,,Tink-a-Tako - Potranco,
"Zuniga, Sebastian",Cook,8.38,0.0,15.00,125.70,0.00,125.70,0.00,0.00,0.00,0.00,0.00,0.00,,,Tink-a-Tako - Potranco,
"huerta, Arturo ",Dishwasher,13.62,0.6,12.00,163.44,10.80,174.24,0.00,,0.00,0.00,0.00,0.00,,,Tink-a-Tako - Potranco,
