Location,Order #,Opened Date,Server,Table,Discount Name,Discount Reason,Comment,Discount Amount
Sandra's Cuisine - Potranco - 12060 Potranco Road,370,10/25/25 7:21 PM,Carlos Morales,,Open % Check,,,3.50
Sandra's Cuisine - Potranco - 12060 Potranco Road,364,10/25/25 6:54 PM,Fernanda  Loera,37,Open % Item,,,1.50
Sandra's Cuisine - Potranco - 12060 Potranco Road,362,10/25/25 6:38 PM,Mia Juliet,,Open % Item,,,1.20
Sandra's Cuisine - Potranco - 12060 Potranco Road,362,10/25/25 6:38 PM,Mia Juliet,,Open % Item,,,1.30
Sandra's Cuisine - Potranco - 12060 Potranco Road,362,10/25/25 6:38 PM,Mia Juliet,,Open % Item,,,1.40
Sandra's Cuisine - Potranco - 12060 Potranco Road,362,10/25/25 6:38 PM,Mia Juliet,,Open % Item,,,1.00
Sandra's Cuisine - Potranco - 12060 Potranco Road,362,10/25/25 6:38 PM,Mia Juliet,,Open % Item,,,0.55
Sandra's Cuisine - Potranco - 12060 Potranco Road,329,10/25/25 4:06 PM,Mia Juliet,,Open % Check,,,9.98
Sandra's Cuisine - Potranco - 12060 Potranco Road,325,10/25/25 3:55 PM,Emanuel Sanchez,20,Open % Item,,,0.25
Sandra's Cuisine - Potranco - 12060 Potranco Road,325,10/25/25 3:55 PM,Emanuel Sanchez,20,Open % Item,,,0.12
Sandra's Cuisine - Potranco - 12060 Potranco Road,325,10/25/25 3:55 PM,Emanuel Sanchez,20,Open % Item,,,0.90
Sandra's Cuisine - Potranco - 12060 Potranco Road,321,10/25/25 3:25 PM,Emanuel Sanchez,,Employee Discount - Check,Employee Discount,Emoloyee,12.98
Sandra's Cuisine - Potranco - 12060 Potranco Road,317,10/25/25 3:06 PM,Mia Juliet,,Employee Discount - Item,Employee Discount,Employee,1.80
Sandra's Cuisine - Potranco - 12060 Potranco Road,305,10/25/25 2:35 PM,Carlos Morales,,Reward Dollars,,,5.05
Sandra's Cuisine - Potranco - 12060 Potranco Road,275,10/25/25 1:23 PM,Fernanda  Loera,34,Open % Item,,,0.44
Sandra's Cuisine - Potranco - 12060 Potranco Road,275,10/25/25 1:23 PM,Fernanda  Loera,34,Open % Item,,,1.30
Sandra's Cuisine - Potranco - 12060 Potranco Road,272,10/25/25 1:21 PM,Melissa  Urena,,Reward Dollars,,,5.35
Sandra's Cuisine - Potranco - 12060 Potranco Road,256,10/25/25 1:01 PM,siri quiroz,,Open % Check,,,1.46
Sandra's Cuisine - Potranco - 12060 Potranco Road,202,10/25/25 11:52 AM,Sugey Cabrera,14,Reward Dollars,,,5.25
Sandra's Cuisine - Potranco - 12060 Potranco Road,202,10/25/25 11:52 AM,Sugey Cabrera,14,Open % Item,,,0.40
Sandra's Cuisine - Potranco - 12060 Potranco Road,202,10/25/25 11:52 AM,Sugey Cabrera,14,Open % Item,,,0.84
Sandra's Cuisine - Potranco - 12060 Potranco Road,166,10/25/25 11:18 AM,Adrian Morales,37,Open % Item,,,1.10
Sandra's Cuisine - Potranco - 12060 Potranco Road,152,10/25/25 11:03 AM,Melissa  Urena,,Open % Check,,,1.40
Sandra's Cuisine - Potranco - 12060 Potranco Road,142,10/25/25 10:56 AM,Lizbeth Garcia,1,Reward Dollars,,,1.45
Sandra's Cuisine - Potranco - 12060 Potranco Road,79,10/25/25 9:53 AM,Melissa  Urena,,Reward Dollars,,,10.45
Sandra's Cuisine - Potranco - 12060 Potranco Road,62,10/25/25 9:27 AM,Melissa  Urena,,Reward Dollars,,,5.85
Sandra's Cuisine - Potranco - 12060 Potranco Road,53,10/25/25 9:12 AM,Candy Del Angel,,Employee Discount - Check,Employee Discount,Employee,34.25
Sandra's Cuisine - Potranco - 12060 Potranco Road,38,10/25/25 8:51 AM,Lizbeth Garcia,25,Reward Dollars,,,5.00
Sandra's Cuisine - Potranco - 12060 Potranco Road,29,10/25/25 8:28 AM,Leticia Roman,1,Reward Dollars,,,5.60
Sandra's Cuisine - Potranco - 12060 Potranco Road,20,10/25/25 8:03 AM,siri quiroz,,Employee Discount - Check,Employee Discount,Employee,39.29
Sandra's Cuisine - Potranco - 12060 Potranco Road,10,10/25/25 7:36 AM,Lizbeth Garcia,16,Open % Item,,,0.30
Sandra's Cuisine - Potranco - 12060 Potranco Road,10,10/25/25 7:36 AM,Lizbeth Garcia,16,Open % Item,,,0.30
