Location,Order #,Opened,Server,Table,Revenue Center,Discount Amount,Amount,Tax,Tip,Gratuity,Duration (Opened to Paid)
12060 Potranco Road,2,8/12/25 6:31 AM,Nadia Reyes,,Dining Room,0.00,15.15,1.25,0.00,0.00,00:06:23
12060 Potranco Road,3,8/12/25 6:37 AM,Nadia Reyes,,Drive Thru,0.00,5.37,0.44,1.18,0.00,00:00:31
12060 Potranco Road,4,8/12/25 6:37 AM,Nadia Reyes,,Drive Thru,0.00,7.27,0.60,0.00,0.00,00:28:49
12060 Potranco Road,1,8/12/25 6:22 AM,Nadia Reyes,,Drive Thru,0.00,8.96,0.74,0.00,0.00,00:57:23
12060 Potranco Road,6,8/12/25 7:21 AM,Nadia Reyes,,Drive Thru,0.00,3.49,0.29,0.00,0.00,00:00:06
12060 Potranco Road,8,8/12/25 7:35 AM,Lizbeth Garcia,16,Dining Room,0.00,6.99,0.58,0.00,0.00,00:40:24
12060 Potranco Road,10,8/12/25 7:46 AM,Lizbeth Garcia,20,Dining Room,0.00,2.99,0.25,3.00,0.00,00:00:22
12060 Potranco Road,9,8/12/25 7:41 AM,Candy Del Angel,,Dining Room,0.00,0.00,0.00,0.00,0.00,00:06:40
12060 Potranco Road,12,8/12/25 7:51 AM,Nadia Reyes,,Bar,1.76,15.88,1.31,0.00,0.00,00:05:26
12060 Potranco Road,11,8/12/25 7:50 AM,Candy Del Angel,,Dining Room,30.33,0.00,0.00,0.00,0.00,06:12:14
12060 Potranco Road,15,8/12/25 7:51 AM,Nadia Reyes,,Bar,0.00,16.26,1.34,0.00,0.00,00:06:08
12060 Potranco Road,13,8/12/25 7:51 AM,Lizbeth Garcia,3,Dining Room,0.00,29.15,2.40,2.00,0.00,00:35:21
12060 Potranco Road,16,8/12/25 7:56 AM,Lizbeth Garcia,2,Dining Room,0.00,11.98,0.99,0.00,0.00,00:41:24
12060 Potranco Road,17,8/12/25 8:03 AM,Lizbeth Garcia,1,Dining Room,0.00,24.95,2.06,0.00,0.00,00:40:50
12060 Potranco Road,18,8/12/25 8:07 AM,Nadia Reyes,,Drive Thru,0.00,6.28,0.52,1.38,0.00,00:00:55
12060 Potranco Road,19,8/12/25 8:09 AM,Nadia Reyes,,Drive Thru,0.00,17.13,1.41,0.00,0.00,00:02:17
12060 Potranco Road,21,8/12/25 8:10 AM,Emanuel Sanchez,14,Dining Room,0.00,29.95,2.48,5.00,0.00,00:32:41
12060 Potranco Road,5,8/12/25 7:17 AM,Nadia Reyes,,Drive Thru,0.00,6.88,0.57,1.51,0.00,00:59:58
12060 Potranco Road,23,8/12/25 8:16 AM,Nadia Reyes,,Drive Thru,0.00,8.38,0.69,0.00,0.00,00:02:20
12060 Potranco Road,24,8/12/25 8:19 AM,Nadia Reyes,,Drive Thru,0.00,5.98,0.49,1.20,0.00,00:02:18
12060 Potranco Road,25,8/12/25 8:21 AM,Sugey Cabrera,21,Dining Room,0.00,35.94,2.96,7.00,0.00,00:27:39
12060 Potranco Road,28,8/12/25 8:26 AM,Nadia Reyes,,None,0.00,8.07,0.67,0.00,0.00,00:01:15
12060 Potranco Road,26,8/12/25 8:21 AM,Emanuel Sanchez,7,Dining Room,0.00,31.34,2.59,7.00,0.00,00:31:11
12060 Potranco Road,31,8/12/25 8:32 AM,Nadia Reyes,,Dining Room,0.00,3.78,0.31,0.83,0.00,00:01:30
12060 Potranco Road,29,8/12/25 8:30 AM,Sugey Cabrera,22,Dining Room,0.00,46.37,3.82,5.00,0.00,00:43:32
12060 Potranco Road,32,8/12/25 8:32 AM,Nadia Reyes,,Dining Room,0.00,31.79,2.64,0.00,0.00,00:02:40
12060 Potranco Road,33,8/12/25 8:35 AM,Nadia Reyes,,Drive Thru,0.00,9.56,0.79,0.00,0.00,00:02:20
12060 Potranco Road,30,8/12/25 8:31 AM,Lizbeth Garcia,12,Dining Room,0.00,36.30,2.99,0.00,0.00,00:52:17
12060 Potranco Road,34,8/12/25 8:36 AM,Nadia Reyes,,Drive Thru,0.00,4.39,0.36,1.00,0.00,00:05:59
12060 Potranco Road,35,8/12/25 8:38 AM,Emanuel Sanchez,23,Dining Room,0.00,11.76,0.98,3.00,0.00,00:49:03
12060 Potranco Road,36,8/12/25 8:38 AM,Nadia Reyes,,Drive Thru,0.00,25.97,2.14,2.00,0.00,00:04:44
12060 Potranco Road,37,8/12/25 8:46 AM,Lizbeth Garcia,15,Dining Room,0.00,29.78,2.45,10.00,0.00,00:35:36
12060 Potranco Road,38,8/12/25 8:56 AM,Nadia Reyes,,None,0.00,9.46,0.77,0.00,0.00,00:03:16
12060 Potranco Road,39,8/12/25 9:02 AM,Sugey Cabrera,4,Dining Room,0.00,72.06,5.95,5.00,0.00,00:37:14
12060 Potranco Road,41,8/12/25 9:09 AM,Nadia Reyes,,None,0.00,7.47,0.62,1.12,0.00,00:02:20
12060 Potranco Road,40,8/12/25 9:07 AM,Emanuel Sanchez,18,Dining Room,0.00,29.46,2.44,5.00,0.00,00:51:57
12060 Potranco Road,42,8/12/25 9:10 AM,Sugey Cabrera,17,Dining Room,0.00,21.93,1.80,4.27,0.00,00:27:01
12060 Potranco Road,43,8/12/25 9:11 AM,Nadia Reyes,,Drive Thru,0.00,3.98,0.33,0.00,0.00,00:00:36
12060 Potranco Road,45,8/12/25 9:14 AM,Nadia Reyes,,Dining Room,0.00,14.06,1.17,3.09,0.00,00:03:46
12060 Potranco Road,44,8/12/25 9:13 AM,Lizbeth Garcia,27,Dining Room,0.00,6.98,0.58,0.00,0.00,00:21:06
12060 Potranco Road,46,8/12/25 9:14 AM,Nadia Reyes,,Dining Room,0.00,14.53,1.20,0.00,0.00,00:04:29
12060 Potranco Road,47,8/12/25 9:16 AM,Nadia Reyes,,Drive Thru,0.00,26.73,2.19,5.35,0.00,00:07:25
12060 Potranco Road,48,8/12/25 9:18 AM,Nadia Reyes,,Drive Thru,0.00,10.66,0.88,1.60,0.00,00:08:47
12060 Potranco Road,49,8/12/25 9:18 AM,Candy Del Angel,,Dining Room,0.00,2.99,0.25,0.00,0.00,00:00:17
12060 Potranco Road,52,8/12/25 9:28 AM,Nadia Reyes,,None,0.00,16.76,1.39,1.00,0.00,00:02:21
12060 Potranco Road,53,8/12/25 9:29 AM,Nadia Reyes,,None,0.00,4.48,0.37,0.00,0.00,00:03:42
12060 Potranco Road,51,8/12/25 9:27 AM,Emanuel Sanchez,16,Dining Room,0.00,35.94,2.97,10.00,0.00,00:32:24
12060 Potranco Road,54,8/12/25 9:31 AM,Lizbeth Garcia,28,Dining Room,0.00,15.85,1.32,4.00,0.00,00:37:57
12060 Potranco Road,55,8/12/25 9:36 AM,Nadia Reyes,,Dining Room,0.00,15.55,1.29,2.33,0.00,00:04:16
12060 Potranco Road,56,8/12/25 9:37 AM,Nadia Reyes,,Drive Thru,0.00,11.27,0.92,0.00,0.00,00:03:50
12060 Potranco Road,58,8/12/25 9:38 AM,Nadia Reyes,,Drive Thru,0.00,0.00,0.00,0.00,0.00,00:15:03
12060 Potranco Road,59,8/12/25 9:49 AM,Candy Del Angel,,Dining Room,0.00,7.88,0.65,0.00,0.00,00:00:23
12060 Potranco Road,61,8/12/25 9:51 AM,Nadia Reyes,,None,0.00,5.28,0.44,0.79,0.00,00:02:27
12060 Potranco Road,62,8/12/25 9:52 AM,Nadia Reyes,,Dining Room,0.00,16.53,1.37,0.00,0.00,00:10:39
12060 Potranco Road,63,8/12/25 9:58 AM,Nadia Reyes,,Drive Thru,0.00,4.28,0.35,0.00,0.00,00:03:32
12060 Potranco Road,64,8/12/25 10:00 AM,Nadia Reyes,,Drive Thru,0.00,6.97,0.58,0.00,0.00,00:03:55
12060 Potranco Road,65,8/12/25 10:02 AM,Nadia Reyes,,Drive Thru,0.00,1.79,0.15,0.00,0.00,00:03:27
12060 Potranco Road,67,8/12/25 10:03 AM,Sugey Cabrera,14,Dining Room,0.00,23.87,1.97,0.00,0.00,00:31:25
12060 Potranco Road,66,8/12/25 10:03 AM,Emanuel Sanchez,26,Dining Room,0.00,19.06,1.56,5.00,0.00,00:51:36
12060 Potranco Road,69,8/12/25 10:15 AM,Candy Del Angel,,Dining Room,0.00,15.55,1.28,0.00,0.00,00:01:00
12060 Potranco Road,71,8/12/25 10:17 AM,Nadia Reyes,,Dining Room,0.00,40.66,3.36,0.00,0.00,00:05:38
12060 Potranco Road,72,8/12/25 10:28 AM,Nadia Reyes,,Dining Room,0.00,7.27,0.60,0.00,0.00,00:04:08
12060 Potranco Road,73,8/12/25 10:28 AM,Nadia Reyes,,Dining Room,0.00,15.98,1.31,3.20,0.00,00:08:37
12060 Potranco Road,77,8/12/25 10:45 AM,Nadia Reyes,,Dining Room,0.00,15.66,1.29,0.00,0.00,00:01:43
12060 Potranco Road,79,8/12/25 10:46 AM,Sugey Cabrera,2,Dining Room,0.00,11.98,0.99,3.00,0.00,00:50:29
12060 Potranco Road,78,8/12/25 10:46 AM,Emanuel Sanchez,29,Dining Room,0.00,20.46,1.70,3.00,0.00,00:56:40
12060 Potranco Road,80,8/12/25 10:47 AM,Lizbeth Garcia,4,Dining Room,0.00,16.14,1.34,0.00,0.00,00:41:40
12060 Potranco Road,81,8/12/25 10:54 AM,Nadia Reyes,,None,0.00,16.76,1.38,1.00,0.00,00:02:29
12060 Potranco Road,83,8/12/25 10:59 AM,Nadia Reyes,,Dining Room,0.00,8.37,0.69,1.26,0.00,00:01:36
12060 Potranco Road,82,8/12/25 10:54 AM,Lizbeth Garcia,16,Dining Room,0.00,41.89,3.46,8.00,0.00,00:37:17
12060 Potranco Road,84,8/12/25 11:04 AM,Nadia Reyes,,Dining Room,0.00,4.78,0.39,0.96,0.00,00:04:30
12060 Potranco Road,85,8/12/25 11:07 AM,Emanuel Sanchez,34,Dining Room,0.00,7.07,0.59,0.00,0.00,00:29:53
12060 Potranco Road,86,8/12/25 11:11 AM,Nadia Reyes,,Dining Room,0.00,46.91,3.87,0.00,0.00,01:03:07
12060 Potranco Road,89,8/12/25 11:16 AM,Nadia Reyes,,Drive Thru,0.00,17.56,1.45,0.00,0.00,00:00:51
12060 Potranco Road,88,8/12/25 11:16 AM,Candy Del Angel,,Dining Room,0.00,9.15,0.75,0.00,0.00,00:01:06
12060 Potranco Road,90,8/12/25 11:22 AM,Emanuel Sanchez,21,Dining Room,0.00,12.98,1.07,4.00,0.00,00:23:36
12060 Potranco Road,92,8/12/25 11:23 AM,Sugey Cabrera,1,Dining Room,0.00,22.93,1.88,6.00,0.00,00:29:39
12060 Potranco Road,91,8/12/25 11:23 AM,Lizbeth Garcia,3,Dining Room,0.00,42.74,3.52,3.00,0.00,01:08:17
12060 Potranco Road,93,8/12/25 11:25 AM,Candy Del Angel,,Dining Room,0.00,9.48,0.78,0.00,0.00,00:11:50
12060 Potranco Road,97,8/12/25 11:29 AM,Nadia Reyes,,Drive Thru,0.00,12.19,1.01,0.00,0.00,00:01:39
12060 Potranco Road,95,8/12/25 11:28 AM,Emanuel Sanchez,12,Dining Room,0.00,45.65,3.76,10.00,0.00,00:48:24
12060 Potranco Road,98,8/12/25 11:30 AM,Nadia Reyes,,Drive Thru,0.00,21.46,1.77,0.00,0.00,00:04:14
12060 Potranco Road,99,8/12/25 11:31 AM,Nadia Reyes,,Drive Thru,0.00,16.24,1.35,0.00,0.00,00:09:46
12060 Potranco Road,100,8/12/25 11:32 AM,Nadia Reyes,,Drive Thru,0.00,32.28,2.67,5.00,0.00,00:13:03
12060 Potranco Road,101,8/12/25 11:34 AM,Nadia Reyes,,Dining Room,0.00,11.87,0.98,0.00,0.00,00:14:50
12060 Potranco Road,102,8/12/25 11:36 AM,Lizbeth Garcia,14,Dining Room,0.00,42.94,3.55,5.00,0.00,00:33:26
12060 Potranco Road,104,8/12/25 11:38 AM,Lizbeth Garcia,22,Dining Room,0.00,24.47,2.02,5.00,0.00,00:42:05
12060 Potranco Road,105,8/12/25 11:39 AM,Sugey Cabrera,27,Dining Room,0.00,44.96,3.70,8.00,0.00,00:39:20
12060 Potranco Road,106,8/12/25 11:43 AM,Nadia Reyes,,Drive Thru,1.35,3.14,0.26,0.00,0.00,00:04:00
12060 Potranco Road,107,8/12/25 11:44 AM,Nadia Reyes,,Drive Thru,0.00,28.56,2.35,0.00,0.00,00:07:59
12060 Potranco Road,110,8/12/25 11:46 AM,Emanuel Sanchez,31,Dining Room,0.00,33.17,2.73,2.00,0.00,01:03:28
12060 Potranco Road,111,8/12/25 11:48 AM,Nadia Reyes,,Drive Thru,0.00,12.25,1.02,0.00,0.00,00:06:29
12060 Potranco Road,112,8/12/25 11:48 AM,Nadia Reyes,,Drive Thru,0.00,12.86,1.07,0.00,0.00,00:09:26
12060 Potranco Road,114,8/12/25 11:54 AM,Nadia Reyes,,Drive Thru,0.00,4.48,0.37,0.00,0.00,00:06:00
12060 Potranco Road,115,8/12/25 12:01 PM,Sugey Cabrera,37,Dining Room,0.00,52.36,4.32,10.00,0.00,00:42:29
12060 Potranco Road,116,8/12/25 12:01 PM,Nadia Reyes,,Drive Thru,0.00,12.86,1.07,0.00,0.00,00:03:07
12060 Potranco Road,118,8/12/25 12:04 PM,Sugey Cabrera,18,Dining Room,0.00,16.94,1.39,0.00,0.00,00:38:46
12060 Potranco Road,119,8/12/25 12:11 PM,Nadia Reyes,,Dining Room,0.00,12.67,1.04,1.90,0.00,00:03:21
12060 Potranco Road,120,8/12/25 12:14 PM,Nadia Reyes,,Drive Thru,0.00,12.35,1.02,0.00,0.00,00:05:22
12060 Potranco Road,121,8/12/25 12:17 PM,Lizbeth Garcia,34,Dining Room,0.00,23.98,1.98,10.00,0.00,00:22:49
12060 Potranco Road,122,8/12/25 12:19 PM,Nadia Reyes,,Dining Room,0.00,7.99,0.66,0.00,0.00,00:08:16
12060 Potranco Road,123,8/12/25 12:20 PM,Sugey Cabrera,26,Dining Room,0.00,12.98,1.07,5.00,0.00,00:26:20
12060 Potranco Road,126,8/12/25 12:29 PM,Nadia Reyes,,Drive Thru,0.00,13.48,1.11,0.00,0.00,00:50:53
12060 Potranco Road,124,8/12/25 12:22 PM,Emanuel Sanchez,21,Dining Room,0.00,120.26,9.90,0.00,24.05,00:40:52
12060 Potranco Road,128,8/12/25 12:30 PM,Emanuel Sanchez,1,Dining Room,0.00,32.44,2.68,5.00,0.00,01:34:44
12060 Potranco Road,131,8/12/25 12:34 PM,Lizbeth Garcia,29,Dining Room,0.00,38.97,3.22,0.00,0.00,01:37:48
12060 Potranco Road,132,8/12/25 12:37 PM,Nadia Reyes,,Drive Thru,0.00,7.27,0.60,0.00,0.00,00:00:54
12060 Potranco Road,133,8/12/25 12:41 PM,Nadia Reyes,,Drive Thru,0.00,9.96,0.82,0.00,0.00,00:02:11
12060 Potranco Road,136,8/12/25 12:46 PM,Nadia Reyes,,Drive Thru,0.00,8.47,0.70,0.00,0.00,00:02:50
12060 Potranco Road,135,8/12/25 12:46 PM,Sugey Cabrera,27,Dining Room,0.00,19.77,1.63,6.00,0.00,00:29:12
12060 Potranco Road,134,8/12/25 12:46 PM,Nadia Reyes,,Dining Room,0.00,13.56,1.12,2.03,0.00,00:13:17
12060 Potranco Road,137,8/12/25 12:46 PM,Nadia Reyes,,Drive Thru,0.00,29.46,2.43,0.00,0.00,00:05:40
12060 Potranco Road,139,8/12/25 12:57 PM,Nadia Reyes,,Drive Thru,3.59,32.33,2.66,2.00,0.00,00:10:03
12060 Potranco Road,140,8/12/25 1:00 PM,Nadia Reyes,,Drive Thru,0.00,13.88,1.14,0.00,0.00,00:09:03
12060 Potranco Road,141,8/12/25 1:00 PM,Nadia Reyes,,Drive Thru,0.00,14.43,1.19,0.00,0.00,00:30:40
12060 Potranco Road,142,8/12/25 1:09 PM,Lizbeth Garcia,2,Dining Room,0.00,25.92,2.13,0.00,0.00,00:21:09
12060 Potranco Road,143,8/12/25 1:15 PM,Nadia Reyes,,Drive Thru,0.00,4.58,0.38,0.00,0.00,00:03:10
12060 Potranco Road,147,8/12/25 1:17 PM,Nadia Reyes,,Drive Thru,0.00,3.48,0.29,0.00,0.00,00:04:14
12060 Potranco Road,144,8/12/25 1:16 PM,Lizbeth Garcia,15,Dining Room,0.00,38.14,3.14,8.00,0.00,00:38:42
12060 Potranco Road,146,8/12/25 1:17 PM,Sugey Cabrera,23,Dining Room,0.00,10.98,0.90,6.00,0.00,00:22:51
12060 Potranco Road,148,8/12/25 1:18 PM,Nadia Reyes,,Drive Thru,0.00,12.97,1.07,0.00,0.00,00:05:44
12060 Potranco Road,151,8/12/25 1:23 PM,Nadia Reyes,,Drive Thru,0.00,6.97,0.57,1.53,0.00,00:03:24
12060 Potranco Road,153,8/12/25 1:24 PM,Nadia Reyes,,Drive Thru,0.00,18.12,1.50,0.00,0.00,00:05:28
12060 Potranco Road,154,8/12/25 1:28 PM,Lisa Velasquez,26,Dining Room,0.00,35.74,2.96,5.36,0.00,00:43:59
12060 Potranco Road,156,8/12/25 1:31 PM,Candy Del Angel,,Dining Room,0.00,13.98,1.16,0.00,0.00,00:00:53
12060 Potranco Road,158,8/12/25 1:34 PM,Lizbeth Garcia,12,Dining Room,0.00,19.17,1.58,4.22,0.00,00:33:32
12060 Potranco Road,159,8/12/25 1:35 PM,Emanuel Sanchez,3,Dining Room,10.20,39.13,3.22,0.00,0.00,00:41:09
12060 Potranco Road,160,8/12/25 1:42 PM,Nadia Reyes,,Drive Thru,0.00,15.48,1.28,3.41,0.00,00:03:40
12060 Potranco Road,162,8/12/25 1:44 PM,Lisa Velasquez,21,Dining Room,0.00,32.66,2.68,10.00,0.00,00:29:59
12060 Potranco Road,163,8/12/25 2:01 PM,Lisa Velasquez,2,Dining Room,0.00,10.44,0.86,5.00,0.00,00:13:01
12060 Potranco Road,164,8/12/25 2:14 PM,Mario Jimenez,,Dining Room,0.00,31.96,2.64,0.00,0.00,00:01:11
12060 Potranco Road,166,8/12/25 2:18 PM,Mario Jimenez,,Dining Room,0.00,7.98,0.66,1.20,0.00,00:03:03
12060 Potranco Road,167,8/12/25 2:26 PM,Lisa Velasquez,31,Dining Room,0.00,44.94,3.71,10.00,0.00,00:46:12
12060 Potranco Road,169,8/12/25 2:31 PM,Lisa Velasquez,21,Dining Room,0.00,27.42,2.26,0.00,0.00,00:24:28
12060 Potranco Road,170,8/12/25 2:46 PM,Mario Jimenez,,Bar,0.00,11.99,0.99,0.00,0.00,00:01:04
12060 Potranco Road,172,8/12/25 2:51 PM,Lisa Velasquez,2,Dining Room,7.43,27.95,2.31,0.00,0.00,00:31:24
12060 Potranco Road,173,8/12/25 2:55 PM,Lisa Velasquez,6,Dining Room,0.00,23.98,1.98,0.00,0.00,00:29:02
12060 Potranco Road,174,8/12/25 3:04 PM,Mario Jimenez,,None,0.00,7.97,0.66,0.00,0.00,00:01:55
12060 Potranco Road,175,8/12/25 3:06 PM,Lisa Velasquez,35,Dining Room,0.00,67.22,5.53,8.00,0.00,00:44:59
12060 Potranco Road,171,8/12/25 2:47 PM,Mario Jimenez,,Drive Thru,0.00,11.15,0.92,2.23,0.00,00:28:00
12060 Potranco Road,176,8/12/25 3:09 PM,Mario Jimenez,,Drive Thru,0.00,29.61,2.45,0.00,0.00,00:07:25
12060 Potranco Road,177,8/12/25 3:10 PM,Mario Jimenez,,Drive Thru,0.00,2.99,0.25,0.00,0.00,00:00:27
12060 Potranco Road,179,8/12/25 3:16 PM,Lisa Velasquez,16,Dining Room,0.00,19.48,1.61,4.00,0.00,00:31:07
12060 Potranco Road,178,8/12/25 3:16 PM,Gabriel Tovar ,,None,15.48,0.00,0.00,0.00,0.00,05:50:14
12060 Potranco Road,180,8/12/25 3:53 PM,Mario Jimenez,,Dining Room,0.00,10.77,0.88,1.00,0.00,00:39:22
12060 Potranco Road,182,8/12/25 4:11 PM,Mario Jimenez,,Dining Room,0.00,28.96,2.39,0.00,0.00,00:01:17
12060 Potranco Road,183,8/12/25 4:14 PM,Gabriel Tovar ,,Dining Room,0.00,0.00,0.00,0.00,0.00,00:00:25
12060 Potranco Road,184,8/12/25 4:24 PM,Mario Jimenez,,Drive Thru,0.00,26.96,2.22,0.00,0.00,00:03:14
12060 Potranco Road,186,8/12/25 4:32 PM,Lisa Velasquez,2,Dining Room,0.00,8.99,0.74,3.00,0.00,00:22:53
12060 Potranco Road,187,8/12/25 4:46 PM,Lisa Velasquez,6,Dining Room,0.00,37.96,3.14,8.00,0.00,00:29:29
12060 Potranco Road,188,8/12/25 4:55 PM,Lisa Velasquez,15,Dining Room,0.00,57.35,4.73,15.00,0.00,00:43:26
12060 Potranco Road,189,8/12/25 5:06 PM,Mario Jimenez,,Dining Room,0.00,11.99,0.99,0.00,0.00,00:01:44
12060 Potranco Road,191,8/12/25 5:22 PM,Lisa Velasquez,3,Dining Room,0.00,35.96,2.96,8.00,0.00,00:22:12
12060 Potranco Road,192,8/12/25 5:29 PM,Rosalinda Rodriguez,26,Dining Room,0.00,57.53,4.74,0.00,0.00,00:51:18
12060 Potranco Road,193,8/12/25 5:34 PM,Mario Jimenez,,Drive Thru,0.00,5.28,0.44,0.00,0.00,00:07:14
12060 Potranco Road,195,8/12/25 5:42 PM,Lisa Velasquez,14,Dining Room,0.00,30.47,2.51,7.00,0.00,00:30:07
12060 Potranco Road,194,8/12/25 5:39 PM,Mario Jimenez,,Drive Thru,0.00,19.98,1.64,0.00,0.00,00:25:52
12060 Potranco Road,197,8/12/25 6:05 PM,Rosalinda Rodriguez,16,Dining Room,0.00,17.97,1.48,5.00,0.00,00:39:20
12060 Potranco Road,196,8/12/25 6:04 PM,Mario Jimenez,,Drive Thru,0.00,3.58,0.30,0.00,0.00,00:12:04
12060 Potranco Road,198,8/12/25 6:16 PM,Mario Jimenez,,Drive Thru,0.00,6.99,0.58,0.00,0.00,00:02:31
12060 Potranco Road,200,8/12/25 6:36 PM,Mario Jimenez,,Dining Room,0.00,5.57,0.46,0.00,0.00,00:01:11
12060 Potranco Road,201,8/12/25 6:37 PM,Lisa Velasquez,1,Dining Room,3.05,27.41,2.26,9.84,0.00,01:08:42
12060 Potranco Road,199,8/12/25 6:17 PM,Mario Jimenez,,Drive Thru,0.00,29.92,2.47,0.00,0.00,00:37:53
12060 Potranco Road,203,8/12/25 7:03 PM,Mario Jimenez,,Drive Thru,0.00,2.49,0.21,0.00,0.00,00:15:43
12060 Potranco Road,205,8/12/25 7:22 PM,Rosalinda Rodriguez,3,Dining Room,0.00,30.96,2.56,10.00,0.00,01:25:51
12060 Potranco Road,204,8/12/25 7:22 PM,Mario Jimenez,,Drive Thru,0.00,11.49,0.95,1.00,0.00,00:03:05
12060 Potranco Road,209,8/12/25 7:32 PM,Rosalinda Rodriguez,22,Dining Room,0.00,25.47,2.10,5.09,0.00,00:48:08
12060 Potranco Road,210,8/12/25 7:33 PM,Mario Jimenez,,Drive Thru,0.00,9.16,0.76,0.00,0.00,00:00:59
12060 Potranco Road,208,8/12/25 7:31 PM,Lisa Velasquez,37,Dining Room,0.00,106.65,8.81,14.00,21.33,01:04:46
12060 Potranco Road,212,8/12/25 7:46 PM,Mario Jimenez,,Dining Room,0.00,10.88,0.89,0.00,0.00,00:01:07
12060 Potranco Road,213,8/12/25 7:55 PM,Mario Jimenez,,Drive Thru,0.00,11.14,0.92,1.67,0.00,00:08:32
12060 Potranco Road,202,8/12/25 6:44 PM,Rosalinda Rodriguez,,Dining Room,0.00,28.56,2.36,0.00,0.00,01:13:26
12060 Potranco Road,216,8/12/25 8:13 PM,Rosalinda Rodriguez,26,Dining Room,0.00,4.69,0.39,0.00,0.00,00:00:24
12060 Potranco Road,217,8/12/25 8:46 PM,Mario Jimenez,,Drive Thru,0.00,11.99,0.99,0.00,0.00,00:04:37
