Employee,Job Title,In Date,Out Date,Auto Clock-out,Total Hours,Unpaid Break Time,Paid Break Time,Payable Hours
"Vega, Estela",Tortillera,8/12/25 4:52 AM,8/12/25 2:11 PM,No,9.31,0.00,0.00,9.31
"Farias, Claudia",Cook,8/12/25 5:04 AM,8/12/25 2:12 PM,No,9.13,0.00,0.00,9.13
"Cardenas, Salvador",Cook,8/12/25 5:35 AM,8/12/25 2:10 PM,No,8.57,0.00,0.00,8.57
"Garcia, Lizbeth",Server,8/12/25 6:20 AM,8/12/25 2:19 PM,No,7.98,0.00,0.00,7.98
"Reyes, Nadia",Driver,8/12/25 6:22 AM,8/12/25 2:17 PM,No,7.92,0.00,0.00,7.92
"Del Angel, Candy",Shift Manager / Assistant Manager,8/12/25 7:33 AM,8/12/25 2:39 PM,No,7.10,0.00,0.00,7.10
"quiroz, siri",Host,8/12/25 7:45 AM,8/12/25 7:46 AM,No,0.02,0.00,0.00,0.02
"Sanchez, Emanuel",Server,8/12/25 8:04 AM,8/12/25 2:28 PM,No,6.39,0.00,0.00,6.39
"Cabrera, Sugey",Server,8/12/25 8:20 AM,8/12/25 2:12 PM,No,5.86,0.00,0.00,5.86
"quiroz, siri",Host,8/12/25 8:45 AM,8/12/25 2:15 PM,No,5.50,0.00,0.00,5.50
"Barton, Arion",Cook,8/12/25 8:59 AM,8/12/25 2:13 PM,No,5.24,0.00,0.00,5.24
"Velasquez, Lisa",Server,8/12/25 1:57 PM,8/12/25 9:07 PM,No,7.18,0.00,0.00,7.18
"Tovar , Gabriel",Shift Leader,8/12/25 1:59 PM,8/12/25 9:07 PM,No,7.13,0.00,0.00,7.13
"Ojeda, George",Runner,8/12/25 2:07 PM,8/12/25 9:27 PM,No,7.32,0.00,0.00,7.32
"vanenzuela, felix",Cook,8/12/25 2:08 PM,8/12/25 9:29 PM,No,7.36,0.00,0.00,7.36
"Jimenez, Mario",Driver,8/12/25 2:10 PM,8/12/25 9:00 PM,No,6.82,0.00,0.00,6.82
"Aragon, Cecilia",Tortillera,8/12/25 2:10 PM,8/12/25 9:37 PM,No,7.44,0.00,0.00,7.44
"Rodriguez, Rosalinda",Server,8/12/25 5:22 PM,8/12/25 9:22 PM,No,4.01,0.00,0.00,4.01
"Tovar , Gabriel",Shift Leader,8/12/25 9:07 PM,8/12/25 9:39 PM,No,0.53,0.00,0.00,0.53
"Aragon, Cecilia",Tortillera,8/12/25 9:37 PM,8/13/25 4:00 AM,Yes,6.37,0.00,0.00,6.37
