Location,Server,Check #,Table,Station,Expediter Level,Fired Date,Fulfilled Date,Fulfillment Time,Fulfilled By
Tink-a-Tako - Potranco,Candy  Del angel ,1,,Lobby,,9/8/25 6:32 AM,9/8/25 6:38 AM,5 minutes and 45 seconds,Mayra Luna
Tink-a-Tako - Potranco,Candy  Del angel ,3,,Lobby,,9/8/25 6:36 AM,9/8/25 6:39 AM,2 minutes and 23 seconds,Mayra Luna
Tink-a-Tako - Potranco,Candy  Del angel ,4,,Lobby,,9/8/25 6:37 AM,9/8/25 6:39 AM,2 minutes and 32 seconds,Mayra Luna
Tink-a-Tako - Potranco,Candy  Del angel ,5,,Lobby,,9/8/25 6:42 AM,9/8/25 6:46 AM,4 minutes and 11 seconds,Mayra Luna
Tink-a-Tako - Potranco,Candy  Del angel ,6,,Lobby,,9/8/25 6:42 AM,9/8/25 6:46 AM,3 minutes and 54 seconds,Mayra Luna
Tink-a-Tako - Potranco,Candy  Del angel ,7,,Lobby,,9/8/25 6:43 AM,9/8/25 6:47 AM,4 minutes and 25 seconds,Mayra Luna
Tink-a-Tako - Potranco,Candy  Del angel ,10,,Lobby,,9/8/25 6:50 AM,9/8/25 6:52 AM,2 minutes and 4 seconds,Mayra Luna
Tink-a-Tako - Potranco,Candy  Del angel ,11,,Lobby,,9/8/25 6:50 AM,9/8/25 6:53 AM,3 minutes and 22 seconds,Mayra Luna
Tink-a-Tako - Potranco,Maria Majana,9,25,Lobby,,9/8/25 6:47 AM,9/8/25 6:54 AM,6 minutes and 49 seconds,Mayra Luna
Tink-a-Tako - Potranco,Candy  Del angel ,12,,Lobby,,9/8/25 6:52 AM,9/8/25 6:54 AM,2 minutes and 28 seconds,Mayra Luna
Tink-a-Tako - Potranco,Maria Majana,9,25,,2,9/8/25 6:54 AM,9/8/25 6:56 AM,2 minutes and 13 seconds,Mayra Luna
Tink-a-Tako - Potranco,Candy  Del angel ,13,,Lobby,,9/8/25 6:55 AM,9/8/25 6:58 AM,2 minutes and 37 seconds,Mayra Luna
Tink-a-Tako - Potranco,Candy  Del angel ,14,,Lobby,,9/8/25 6:56 AM,9/8/25 7:00 AM,4 minutes and 40 seconds,Mayra Luna
Tink-a-Tako - Potranco,Candy  Del angel ,15,,Lobby,,9/8/25 6:59 AM,9/8/25 7:03 AM,3 minutes and 44 seconds,Mayra Luna
Tink-a-Tako - Potranco,Candy  Del angel ,16,,Lobby,,9/8/25 7:01 AM,9/8/25 7:03 AM,2 minutes and 30 seconds,Mayra Luna
Tink-a-Tako - Potranco,Candy  Del angel ,17,,Lobby,,9/8/25 7:03 AM,9/8/25 7:04 AM,1 minute,Mayra Luna
Tink-a-Tako - Potranco,Candy  Del angel ,21,,Lobby,,9/8/25 7:08 AM,9/8/25 7:09 AM,52 seconds,Mayra Luna
Tink-a-Tako - Potranco,Candy  Del angel ,20,,Lobby,,9/8/25 7:07 AM,9/8/25 7:09 AM,1 minute and 19 seconds,Mayra Luna
Tink-a-Tako - Potranco,Rosie  ORDONEZ,18,,Lobby,,9/8/25 7:05 AM,9/8/25 7:10 AM,4 minutes and 26 seconds,Mayra Luna
Tink-a-Tako - Potranco,Candy  Del angel ,22,,Lobby,,9/8/25 7:11 AM,9/8/25 7:12 AM,39 seconds,Mayra Luna
Tink-a-Tako - Potranco,Candy  Del angel ,23,,Lobby,,9/8/25 7:14 AM,9/8/25 7:16 AM,2 minutes and 7 seconds,Mayra Luna
Tink-a-Tako - Potranco,Rosie  ORDONEZ,18,,,2,9/8/25 7:10 AM,9/8/25 7:22 AM,12 minutes and 1 second,Mayra Luna
Tink-a-Tako - Potranco,Candy  Del angel ,25,,Lobby,,9/8/25 7:22 AM,9/8/25 7:25 AM,2 minutes and 14 seconds,Mayra Luna
Tink-a-Tako - Potranco,Candy  Del angel ,26,,Lobby,,9/8/25 7:23 AM,9/8/25 7:25 AM,2 minutes and 29 seconds,Mayra Luna
Tink-a-Tako - Potranco,Candy  Del angel ,27,,Lobby,,9/8/25 7:24 AM,9/8/25 7:27 AM,3 minutes and 4 seconds,Mayra Luna
Tink-a-Tako - Potranco,Candy  Del angel ,28,,Lobby,,9/8/25 7:27 AM,9/8/25 7:28 AM,41 seconds,Mayra Luna
Tink-a-Tako - Potranco,Candy  Del angel ,29,,Lobby,,9/8/25 7:27 AM,9/8/25 7:29 AM,1 minute and 58 seconds,Mayra Luna
Tink-a-Tako - Potranco,Candy  Del angel ,30,,Lobby,,9/8/25 7:29 AM,9/8/25 7:31 AM,1 minute and 36 seconds,Mayra Luna
Tink-a-Tako - Potranco,Candy  Del angel ,31,,Lobby,,9/8/25 7:31 AM,9/8/25 7:32 AM,22 seconds,Mayra Luna
Tink-a-Tako - Potranco,Candy  Del angel ,32,,Lobby,,9/8/25 7:33 AM,9/8/25 7:34 AM,49 seconds,Mayra Luna
Tink-a-Tako - Potranco,Candy  Del angel ,33,,Lobby,,9/8/25 7:39 AM,9/8/25 7:40 AM,44 seconds,Mayra Luna
Tink-a-Tako - Potranco,Maria Majana,34,,Lobby,,9/8/25 7:40 AM,9/8/25 7:43 AM,2 minutes and 51 seconds,Mayra Luna
Tink-a-Tako - Potranco,Candy  Del angel ,36,,Lobby,,9/8/25 7:42 AM,9/8/25 7:45 AM,2 minutes and 31 seconds,Mayra Luna
Tink-a-Tako - Potranco,Candy  Del angel ,37,,Lobby,,9/8/25 7:42 AM,9/8/25 7:46 AM,3 minutes and 12 seconds,Mayra Luna
Tink-a-Tako - Potranco,Candy  Del angel ,38,,Lobby,,9/8/25 7:43 AM,9/8/25 7:46 AM,3 minutes and 11 seconds,Mayra Luna
Tink-a-Tako - Potranco,Candy  Del angel ,38,,Prep,,9/8/25 7:43 AM,9/8/25 7:46 AM,3 minutes and 11 seconds,Mayra Luna
Tink-a-Tako - Potranco,Candy  Del angel ,39,,Lobby,,9/8/25 7:43 AM,9/8/25 7:47 AM,3 minutes and 19 seconds,Mayra Luna
Tink-a-Tako - Potranco,Candy  Del angel ,40,,Lobby,,9/8/25 7:44 AM,9/8/25 7:49 AM,4 minutes and 48 seconds,Mayra Luna
Tink-a-Tako - Potranco,Candy  Del angel ,41,,Lobby,,9/8/25 7:48 AM,9/8/25 7:51 AM,2 minutes and 16 seconds,Mayra Luna
Tink-a-Tako - Potranco,Candy  Del angel ,42,,Lobby,,9/8/25 7:50 AM,9/8/25 7:54 AM,4 minutes and 10 seconds,Mayra Luna
Tink-a-Tako - Potranco,Candy  Del angel ,44,,Lobby,,9/8/25 7:52 AM,9/8/25 7:54 AM,2 minutes and 33 seconds,Mayra Luna
Tink-a-Tako - Potranco,Candy  Del angel ,43,,Lobby,,9/8/25 7:51 AM,9/8/25 7:55 AM,3 minutes and 46 seconds,Mayra Luna
Tink-a-Tako - Potranco,Maria Majana,34,,,2,9/8/25 7:43 AM,9/8/25 7:56 AM,12 minutes and 36 seconds,Mayra Luna
Tink-a-Tako - Potranco,Maria Majana,46,,Lobby,,9/8/25 7:56 AM,9/8/25 7:58 AM,2 minutes and 6 seconds,Mayra Luna
Tink-a-Tako - Potranco,Candy  Del angel ,47,,Lobby,,9/8/25 7:56 AM,9/8/25 7:59 AM,3 minutes and 14 seconds,Mayra Luna
Tink-a-Tako - Potranco,Candy  Del angel ,48,,Lobby,,9/8/25 7:57 AM,9/8/25 8:00 AM,3 minutes and 49 seconds,Mayra Luna
Tink-a-Tako - Potranco,Candy  Del angel ,53,,Lobby,,9/8/25 8:02 AM,9/8/25 8:04 AM,2 minutes and 5 seconds,Mayra Luna
Tink-a-Tako - Potranco,Maria Majana,46,,,2,9/8/25 7:58 AM,9/8/25 8:06 AM,8 minutes and 41 seconds,Mayra Luna
Tink-a-Tako - Potranco,Maria Majana,52,10,Lobby,,9/8/25 8:01 AM,9/8/25 8:07 AM,5 minutes and 26 seconds,Mayra Luna
Tink-a-Tako - Potranco,Candy  Del angel ,51,,Lobby,,9/8/25 8:00 AM,9/8/25 8:07 AM,6 minutes and 43 seconds,Mayra Luna
Tink-a-Tako - Potranco,Maria Majana,52,10,,2,9/8/25 8:07 AM,9/8/25 8:08 AM,1 minute and 18 seconds,Mayra Luna
Tink-a-Tako - Potranco,Candy  Del angel ,54,,Lobby,,9/8/25 8:02 AM,9/8/25 8:08 AM,6 minutes and 4 seconds,Mayra Luna
Tink-a-Tako - Potranco,Candy  Del angel ,55,,Lobby,,9/8/25 8:07 AM,9/8/25 8:09 AM,2 minutes and 2 seconds,Mayra Luna
Tink-a-Tako - Potranco,Candy  Del angel ,56,,Lobby,,9/8/25 8:09 AM,9/8/25 8:10 AM,45 seconds,Mayra Luna
Tink-a-Tako - Potranco,Candy  Del angel ,58,,Lobby,,9/8/25 8:11 AM,9/8/25 8:13 AM,1 minute and 21 seconds,Mayra Luna
Tink-a-Tako - Potranco,Candy  Del angel ,57,,Lobby,,9/8/25 8:09 AM,9/8/25 8:15 AM,6 minutes and 1 second,Mayra Luna
Tink-a-Tako - Potranco,Candy  Del angel ,59,,Lobby,,9/8/25 8:12 AM,9/8/25 8:17 AM,5 minutes and 4 seconds,Mayra Luna
Tink-a-Tako - Potranco,Candy  Del angel ,60,,Lobby,,9/8/25 8:13 AM,9/8/25 8:18 AM,4 minutes and 32 seconds,Mayra Luna
Tink-a-Tako - Potranco,Candy  Del angel ,61,,Lobby,,9/8/25 8:17 AM,9/8/25 8:19 AM,2 minutes and 3 seconds,Mayra Luna
Tink-a-Tako - Potranco,Candy  Del angel ,62,,Lobby,,9/8/25 8:19 AM,9/8/25 8:20 AM,40 seconds,Mayra Luna
Tink-a-Tako - Potranco,Ivana Abundiz,63,,Lobby,,9/8/25 8:22 AM,9/8/25 8:24 AM,2 minutes and 16 seconds,Mayra Luna
Tink-a-Tako - Potranco,Candy  Del angel ,65,,Lobby,,9/8/25 8:22 AM,9/8/25 8:26 AM,3 minutes and 24 seconds,Mayra Luna
Tink-a-Tako - Potranco,Candy  Del angel ,66,,Lobby,,9/8/25 8:24 AM,9/8/25 8:26 AM,2 minutes and 2 seconds,Mayra Luna
Tink-a-Tako - Potranco,Candy  Del angel ,67,,Lobby,,9/8/25 8:28 AM,9/8/25 8:28 AM,17 seconds,Mayra Luna
Tink-a-Tako - Potranco,Candy  Del angel ,68,,Lobby,,9/8/25 8:28 AM,9/8/25 8:29 AM,41 seconds,Mayra Luna
Tink-a-Tako - Potranco,Candy  Del angel ,69,,Lobby,,9/8/25 8:29 AM,9/8/25 8:30 AM,52 seconds,Mayra Luna
Tink-a-Tako - Potranco,Candy  Del angel ,70,,Lobby,,9/8/25 8:34 AM,9/8/25 8:36 AM,1 minute and 41 seconds,Mayra Luna
Tink-a-Tako - Potranco,Candy  Del angel ,71,,Lobby,,9/8/25 8:37 AM,9/8/25 8:39 AM,1 minute and 55 seconds,Mayra Luna
Tink-a-Tako - Potranco,Rosa Compean,72,,Lobby,,9/8/25 8:39 AM,9/8/25 8:42 AM,2 minutes and 34 seconds,Mayra Luna
Tink-a-Tako - Potranco,Candy  Del angel ,74,,Lobby,,9/8/25 8:39 AM,9/8/25 8:45 AM,5 minutes and 42 seconds,Mayra Luna
Tink-a-Tako - Potranco,Maria Majana,75,25,Lobby,,9/8/25 8:42 AM,9/8/25 8:45 AM,3 minutes and 7 seconds,Mayra Luna
Tink-a-Tako - Potranco,Maria Majana,75,25,Prep,,9/8/25 8:42 AM,9/8/25 8:45 AM,3 minutes and 7 seconds,Mayra Luna
Tink-a-Tako - Potranco,Rosa Compean,76,35,Lobby,,9/8/25 8:43 AM,9/8/25 8:46 AM,2 minutes and 49 seconds,Mayra Luna
Tink-a-Tako - Potranco,Candy  Del angel ,77,,Lobby,,9/8/25 8:44 AM,9/8/25 8:47 AM,3 minutes and 49 seconds,Mayra Luna
Tink-a-Tako - Potranco,Maria Majana,75,25,,2,9/8/25 8:45 AM,9/8/25 8:49 AM,3 minutes and 55 seconds,Mayra Luna
Tink-a-Tako - Potranco,Ivana Abundiz,63,,,2,9/8/25 8:24 AM,9/8/25 8:49 AM,25 minutes and 3 seconds,Mayra Luna
Tink-a-Tako - Potranco,Rosa Compean,72,,,2,9/8/25 8:42 AM,9/8/25 8:49 AM,7 minutes and 29 seconds,Mayra Luna
Tink-a-Tako - Potranco,Rosa Compean,76,35,,2,9/8/25 8:46 AM,9/8/25 8:49 AM,3 minutes and 11 seconds,Mayra Luna
Tink-a-Tako - Potranco,Maria Majana,75,25,Lobby,,9/8/25 8:46 AM,9/8/25 8:50 AM,4 minutes and 5 seconds,Mayra Luna
Tink-a-Tako - Potranco,Maria Majana,75,25,,2,9/8/25 8:50 AM,9/8/25 8:51 AM,17 seconds,Mayra Luna
Tink-a-Tako - Potranco,Candy  Del angel ,80,,Lobby,,9/8/25 8:51 AM,9/8/25 8:52 AM,1 minute and 22 seconds,Mayra Luna
Tink-a-Tako - Potranco,Silvia Hernandez,82,33,Lobby,,9/8/25 8:52 AM,9/8/25 8:54 AM,1 minute and 57 seconds,Mayra Luna
Tink-a-Tako - Potranco,Candy  Del angel ,81,,Lobby,,9/8/25 8:52 AM,9/8/25 8:54 AM,1 minute and 49 seconds,Mayra Luna
Tink-a-Tako - Potranco,Candy  Del angel ,83,,Lobby,,9/8/25 8:54 AM,9/8/25 8:55 AM,20 seconds,Mayra Luna
Tink-a-Tako - Potranco,Candy  Del angel ,85,,Lobby,,9/8/25 8:55 AM,9/8/25 8:56 AM,57 seconds,Mayra Luna
Tink-a-Tako - Potranco,Ivana Abundiz,86,,Lobby,,9/8/25 8:56 AM,9/8/25 8:58 AM,2 minutes and 5 seconds,Mayra Luna
Tink-a-Tako - Potranco,Ivana Abundiz,86,,,2,9/8/25 8:58 AM,9/8/25 8:59 AM,1 minute and 10 seconds,Mayra Luna
Tink-a-Tako - Potranco,Silvia Hernandez,82,33,,2,9/8/25 8:54 AM,9/8/25 8:59 AM,5 minutes and 49 seconds,Mayra Luna
Tink-a-Tako - Potranco,Silvia Hernandez,84,23,,2,9/8/25 8:55 AM,9/8/25 9:01 AM,5 minutes and 14 seconds,Mayra Luna
Tink-a-Tako - Potranco,Candy  Del angel ,88,,Lobby,,9/8/25 8:58 AM,9/8/25 9:01 AM,3 minutes,Mayra Luna
Tink-a-Tako - Potranco,Candy  Del angel ,87,,Lobby,,9/8/25 8:58 AM,9/8/25 9:01 AM,3 minutes and 28 seconds,Mayra Luna
Tink-a-Tako - Potranco,Candy  Del angel ,89,,Lobby,,9/8/25 9:01 AM,9/8/25 9:03 AM,1 minute and 44 seconds,Mayra Luna
Tink-a-Tako - Potranco,Candy  Del angel ,90,,Lobby,,9/8/25 9:01 AM,9/8/25 9:04 AM,2 minutes and 25 seconds,Mayra Luna
Tink-a-Tako - Potranco,Ivana Abundiz,93,,Lobby,,9/8/25 9:11 AM,9/8/25 9:12 AM,1 minute and 17 seconds,Mayra Luna
Tink-a-Tako - Potranco,Ivana Abundiz,91,,Lobby,,9/8/25 9:07 AM,9/8/25 9:12 AM,5 minutes and 4 seconds,Mayra Luna
Tink-a-Tako - Potranco,Silvia Hernandez,82,33,Lobby,,9/8/25 9:06 AM,9/8/25 9:14 AM,8 minutes and 2 seconds,Mayra Luna
Tink-a-Tako - Potranco,Candy  Del angel ,92,,Lobby,,9/8/25 9:11 AM,9/8/25 9:14 AM,3 minutes and 22 seconds,Mayra Luna
Tink-a-Tako - Potranco,Candy  Del angel ,94,,Lobby,,9/8/25 9:13 AM,9/8/25 9:15 AM,2 minutes and 7 seconds,Mayra Luna
Tink-a-Tako - Potranco,Candy  Del angel ,95,,Lobby,,9/8/25 9:15 AM,9/8/25 9:20 AM,5 minutes and 48 seconds,Mayra Luna
Tink-a-Tako - Potranco,Candy  Del angel ,96,,Lobby,,9/8/25 9:19 AM,9/8/25 9:26 AM,6 minutes and 45 seconds,Mayra Luna
Tink-a-Tako - Potranco,Candy  Del angel ,97,,Lobby,,9/8/25 9:22 AM,9/8/25 9:27 AM,4 minutes and 18 seconds,Mayra Luna
Tink-a-Tako - Potranco,Silvia Hernandez,100,22,Lobby,,9/8/25 9:24 AM,9/8/25 9:27 AM,2 minutes and 26 seconds,Mayra Luna
Tink-a-Tako - Potranco,Maria Majana,102,8,Lobby,,9/8/25 9:26 AM,9/8/25 9:27 AM,58 seconds,Mayra Luna
Tink-a-Tako - Potranco,Rosa Compean,103,24,Lobby,,9/8/25 9:28 AM,9/8/25 9:30 AM,2 minutes and 2 seconds,Mayra Luna
Tink-a-Tako - Potranco,Silvia Hernandez,82,33,,2,9/8/25 9:14 AM,9/8/25 9:31 AM,16 minutes and 57 seconds,Mayra Luna
Tink-a-Tako - Potranco,Ivana Abundiz,91,,,2,9/8/25 9:12 AM,9/8/25 9:31 AM,18 minutes and 30 seconds,Mayra Luna
Tink-a-Tako - Potranco,Rosa Compean,103,24,,2,9/8/25 9:30 AM,9/8/25 9:31 AM,30 seconds,Mayra Luna
Tink-a-Tako - Potranco,Maria Majana,102,8,,2,9/8/25 9:27 AM,9/8/25 9:31 AM,3 minutes and 23 seconds,Mayra Luna
Tink-a-Tako - Potranco,Ivana Abundiz,93,,,2,9/8/25 9:12 AM,9/8/25 9:31 AM,18 minutes and 45 seconds,Mayra Luna
Tink-a-Tako - Potranco,Silvia Hernandez,100,22,,2,9/8/25 9:27 AM,9/8/25 9:31 AM,3 minutes and 57 seconds,Mayra Luna
Tink-a-Tako - Potranco,Candy  Del angel ,106,,Lobby,,9/8/25 9:30 AM,9/8/25 9:33 AM,3 minutes and 5 seconds,Mayra Luna
Tink-a-Tako - Potranco,Candy  Del angel ,101,,Tortillero,,9/8/25 9:26 AM,9/8/25 9:33 AM,7 minutes and 17 seconds,Mayra Luna
Tink-a-Tako - Potranco,Candy  Del angel ,101,,Lobby,,9/8/25 9:26 AM,9/8/25 9:33 AM,7 minutes and 17 seconds,Mayra Luna
Tink-a-Tako - Potranco,Candy  Del angel ,101,,Prep,,9/8/25 9:26 AM,9/8/25 9:33 AM,7 minutes and 17 seconds,Mayra Luna
Tink-a-Tako - Potranco,Ivana Abundiz,107,,Lobby,,9/8/25 9:31 AM,9/8/25 9:35 AM,4 minutes and 3 seconds,Mayra Luna
Tink-a-Tako - Potranco,Ivana Abundiz,107,,Prep,,9/8/25 9:31 AM,9/8/25 9:35 AM,4 minutes and 3 seconds,Mayra Luna
Tink-a-Tako - Potranco,Candy  Del angel ,109,,Lobby,,9/8/25 9:32 AM,9/8/25 9:36 AM,3 minutes and 24 seconds,Mayra Luna
Tink-a-Tako - Potranco,Maria Majana,98,7,Lobby,,9/8/25 9:31 AM,9/8/25 9:37 AM,5 minutes and 5 seconds,Mayra Luna
Tink-a-Tako - Potranco,Rosa Compean,105,32,Lobby,,9/8/25 9:30 AM,9/8/25 9:36 AM,6 minutes and 23 seconds,Mayra Luna
Tink-a-Tako - Potranco,Rosa Compean,105,32,Prep,,9/8/25 9:30 AM,9/8/25 9:36 AM,6 minutes and 23 seconds,Mayra Luna
Tink-a-Tako - Potranco,Rosa Compean,105,32,Tortillero,,9/8/25 9:30 AM,9/8/25 9:36 AM,6 minutes and 23 seconds,Mayra Luna
Tink-a-Tako - Potranco,Silvia Hernandez,104,41,Lobby,,9/8/25 9:30 AM,9/8/25 9:37 AM,6 minutes and 15 seconds,Mayra Luna
Tink-a-Tako - Potranco,Silvia Hernandez,104,41,Prep,,9/8/25 9:30 AM,9/8/25 9:37 AM,6 minutes and 15 seconds,Mayra Luna
Tink-a-Tako - Potranco,Candy  Del angel ,113,,Lobby,,9/8/25 9:36 AM,9/8/25 9:40 AM,4 minutes and 18 seconds,Mayra Luna
Tink-a-Tako - Potranco,Candy  Del angel ,110,,Lobby,,9/8/25 9:38 AM,9/8/25 9:41 AM,3 minutes and 21 seconds,Mayra Luna
Tink-a-Tako - Potranco,Candy  Del angel ,110,,Lobby,,9/8/25 9:34 AM,9/8/25 9:42 AM,7 minutes and 49 seconds,Mayra Luna
Tink-a-Tako - Potranco,Ivana Abundiz,112,,Lobby,,9/8/25 9:35 AM,9/8/25 9:43 AM,7 minutes and 33 seconds,Mayra Luna
Tink-a-Tako - Potranco,Rosa Compean,108,15,Prep,,9/8/25 9:33 AM,9/8/25 9:43 AM,9 minutes and 19 seconds,Mayra Luna
Tink-a-Tako - Potranco,Rosa Compean,108,15,Tortillero,,9/8/25 9:33 AM,9/8/25 9:43 AM,9 minutes and 19 seconds,Mayra Luna
Tink-a-Tako - Potranco,Rosa Compean,108,15,Lobby,,9/8/25 9:33 AM,9/8/25 9:43 AM,9 minutes and 19 seconds,Mayra Luna
Tink-a-Tako - Potranco,Silvia Hernandez,115,25,Lobby,,9/8/25 9:40 AM,9/8/25 9:44 AM,3 minutes and 33 seconds,Mayra Luna
Tink-a-Tako - Potranco,Candy  Del angel ,114,,Lobby,,9/8/25 9:39 AM,9/8/25 9:44 AM,5 minutes and 20 seconds,Mayra Luna
Tink-a-Tako - Potranco,Candy  Del angel ,116,,Lobby,,9/8/25 9:42 AM,9/8/25 9:47 AM,5 minutes and 17 seconds,Mayra Luna
Tink-a-Tako - Potranco,Candy  Del angel ,117,,Lobby,,9/8/25 9:44 AM,9/8/25 9:48 AM,3 minutes and 32 seconds,Mayra Luna
Tink-a-Tako - Potranco,Silvia Hernandez,104,41,,2,9/8/25 9:37 AM,9/8/25 9:48 AM,11 minutes and 25 seconds,Mayra Luna
Tink-a-Tako - Potranco,Ivana Abundiz,107,,,2,9/8/25 9:35 AM,9/8/25 9:48 AM,13 minutes and 18 seconds,Mayra Luna
Tink-a-Tako - Potranco,Rosa Compean,108,15,,2,9/8/25 9:43 AM,9/8/25 9:48 AM,5 minutes and 7 seconds,Mayra Luna
Tink-a-Tako - Potranco,Rosa Compean,105,32,,2,9/8/25 9:36 AM,9/8/25 9:48 AM,11 minutes and 28 seconds,Mayra Luna
Tink-a-Tako - Potranco,Maria Majana,98,7,,2,9/8/25 9:37 AM,9/8/25 9:48 AM,11 minutes and 26 seconds,Mayra Luna
Tink-a-Tako - Potranco,Ivana Abundiz,112,,,2,9/8/25 9:43 AM,9/8/25 9:48 AM,5 minutes and 13 seconds,Mayra Luna
Tink-a-Tako - Potranco,Silvia Hernandez,115,25,,2,9/8/25 9:44 AM,9/8/25 9:48 AM,4 minutes and 17 seconds,Mayra Luna
Tink-a-Tako - Potranco,Rosa Compean,118,18,Lobby,,9/8/25 9:44 AM,9/8/25 9:48 AM,3 minutes and 53 seconds,Mayra Luna
Tink-a-Tako - Potranco,Candy  Del angel ,119,,Lobby,,9/8/25 9:45 AM,9/8/25 9:49 AM,3 minutes and 56 seconds,Mayra Luna
Tink-a-Tako - Potranco,Candy  Del angel ,120,,Lobby,,9/8/25 9:46 AM,9/8/25 9:50 AM,4 minutes and 5 seconds,Mayra Luna
Tink-a-Tako - Potranco,Candy  Del angel ,121,,Lobby,,9/8/25 9:46 AM,9/8/25 9:50 AM,4 minutes and 22 seconds,Mayra Luna
Tink-a-Tako - Potranco,Candy  Del angel ,124,,Lobby,,9/8/25 9:51 AM,9/8/25 9:53 AM,1 minute and 30 seconds,Mayra Luna
Tink-a-Tako - Potranco,Candy  Del angel ,125,,Lobby,,9/8/25 9:52 AM,9/8/25 9:54 AM,2 minutes and 5 seconds,Mayra Luna
Tink-a-Tako - Potranco,Maria Majana,123,34,Lobby,,9/8/25 9:57 AM,9/8/25 9:59 AM,2 minutes and 20 seconds,Mayra Luna
Tink-a-Tako - Potranco,Maria Majana,126,10,Lobby,,9/8/25 9:56 AM,9/8/25 9:59 AM,3 minutes and 21 seconds,Mayra Luna
Tink-a-Tako - Potranco,Candy  Del angel ,127,,Lobby,,9/8/25 9:57 AM,9/8/25 9:59 AM,2 minutes and 54 seconds,Mayra Luna
Tink-a-Tako - Potranco,Rosa Compean,128,33,Lobby,,9/8/25 10:02 AM,9/8/25 10:06 AM,3 minutes and 31 seconds,Mayra Luna
Tink-a-Tako - Potranco,Maria Majana,129,24,Lobby,,9/8/25 10:04 AM,9/8/25 10:08 AM,3 minutes and 38 seconds,Mayra Luna
Tink-a-Tako - Potranco,Candy  Del angel ,131,,Lobby,,9/8/25 10:05 AM,9/8/25 10:09 AM,3 minutes and 31 seconds,Mayra Luna
Tink-a-Tako - Potranco,Candy  Del angel ,132,,Lobby,,9/8/25 10:07 AM,9/8/25 10:13 AM,5 minutes and 46 seconds,Mayra Luna
Tink-a-Tako - Potranco,Maria Majana,126,10,,2,9/8/25 9:59 AM,9/8/25 10:14 AM,14 minutes and 41 seconds,Mayra Luna
Tink-a-Tako - Potranco,Rosa Compean,118,18,,2,9/8/25 9:48 AM,9/8/25 10:14 AM,25 minutes and 27 seconds,Mayra Luna
Tink-a-Tako - Potranco,Rosa Compean,128,33,,2,9/8/25 10:06 AM,9/8/25 10:14 AM,8 minutes and 16 seconds,Mayra Luna
Tink-a-Tako - Potranco,Maria Majana,123,34,,2,9/8/25 9:59 AM,9/8/25 10:14 AM,14 minutes and 40 seconds,Mayra Luna
Tink-a-Tako - Potranco,Maria Majana,129,24,,2,9/8/25 10:08 AM,9/8/25 10:14 AM,6 minutes and 7 seconds,Mayra Luna
Tink-a-Tako - Potranco,Candy  Del angel ,137,,Lobby,,9/8/25 10:11 AM,9/8/25 10:14 AM,3 minutes and 4 seconds,Mayra Luna
Tink-a-Tako - Potranco,Silvia Hernandez,134,26,,2,9/8/25 10:08 AM,9/8/25 10:15 AM,6 minutes and 48 seconds,Mayra Luna
Tink-a-Tako - Potranco,Rosa Compean,136,38,Prep,,9/8/25 10:09 AM,9/8/25 10:15 AM,6 minutes and 23 seconds,Mayra Luna
Tink-a-Tako - Potranco,Rosa Compean,136,38,Tortillero,,9/8/25 10:09 AM,9/8/25 10:15 AM,6 minutes and 23 seconds,Mayra Luna
Tink-a-Tako - Potranco,Rosa Compean,136,38,Lobby,,9/8/25 10:09 AM,9/8/25 10:15 AM,6 minutes and 23 seconds,Mayra Luna
Tink-a-Tako - Potranco,Candy  Del angel ,138,,Lobby,,9/8/25 10:12 AM,9/8/25 10:16 AM,4 minutes and 5 seconds,Mayra Luna
Tink-a-Tako - Potranco,Rosa Compean,136,38,,2,9/8/25 10:15 AM,9/8/25 10:16 AM,46 seconds,Mayra Luna
Tink-a-Tako - Potranco,Candy  Del angel ,140,,Lobby,,9/8/25 10:13 AM,9/8/25 10:17 AM,4 minutes and 18 seconds,Mayra Luna
Tink-a-Tako - Potranco,Maria Majana,139,39,Lobby,,9/8/25 10:12 AM,9/8/25 10:17 AM,5 minutes and 25 seconds,Mayra Luna
Tink-a-Tako - Potranco,Maria Majana,130,37,Lobby,,9/8/25 10:09 AM,9/8/25 10:17 AM,7 minutes and 52 seconds,Mayra Luna
Tink-a-Tako - Potranco,Silvia Hernandez,134,26,Lobby,,9/8/25 10:16 AM,9/8/25 10:17 AM,1 minute and 40 seconds,Mayra Luna
Tink-a-Tako - Potranco,Silvia Hernandez,134,26,,2,9/8/25 10:17 AM,9/8/25 10:18 AM,1 minute,Mayra Luna
Tink-a-Tako - Potranco,Silvia Hernandez,141,8,,2,9/8/25 10:13 AM,9/8/25 10:18 AM,5 minutes and 53 seconds,Mayra Luna
Tink-a-Tako - Potranco,Candy  Del angel ,143,,Lobby,,9/8/25 10:15 AM,9/8/25 10:19 AM,3 minutes and 37 seconds,Mayra Luna
Tink-a-Tako - Potranco,Candy  Del angel ,144,,Lobby,,9/8/25 10:17 AM,9/8/25 10:19 AM,2 minutes and 32 seconds,Mayra Luna
Tink-a-Tako - Potranco,Maria Majana,139,39,,2,9/8/25 10:17 AM,9/8/25 10:22 AM,4 minutes and 20 seconds,Mayra Luna
Tink-a-Tako - Potranco,Maria Majana,130,37,,2,9/8/25 10:17 AM,9/8/25 10:22 AM,4 minutes and 23 seconds,Mayra Luna
Tink-a-Tako - Potranco,Candy  Del angel ,147,,Lobby,,9/8/25 10:21 AM,9/8/25 10:22 AM,1 minute and 40 seconds,Mayra Luna
Tink-a-Tako - Potranco,Ivana Abundiz,146,,Lobby,,9/8/25 10:20 AM,9/8/25 10:25 AM,5 minutes and 25 seconds,Mayra Luna
Tink-a-Tako - Potranco,Candy  Del angel ,148,,Lobby,,9/8/25 10:21 AM,9/8/25 10:27 AM,5 minutes and 23 seconds,Mayra Luna
Tink-a-Tako - Potranco,Ivana Abundiz,146,,,2,9/8/25 10:25 AM,9/8/25 10:29 AM,3 minutes and 42 seconds,Mayra Luna
Tink-a-Tako - Potranco,Candy  Del angel ,151,,Lobby,,9/8/25 10:23 AM,9/8/25 10:30 AM,6 minutes and 22 seconds,Mayra Luna
Tink-a-Tako - Potranco,Rosa Compean,152,23,Lobby,,9/8/25 10:28 AM,9/8/25 10:34 AM,5 minutes and 11 seconds,Mayra Luna
Tink-a-Tako - Potranco,Rosa Compean,152,23,,2,9/8/25 10:34 AM,9/8/25 10:36 AM,2 minutes and 44 seconds,Mayra Luna
Tink-a-Tako - Potranco,Silvia Hernandez,154,7,Lobby,,9/8/25 10:32 AM,9/8/25 10:37 AM,4 minutes and 47 seconds,Mayra Luna
Tink-a-Tako - Potranco,Maria Majana,153,18,Lobby,,9/8/25 10:33 AM,9/8/25 10:37 AM,4 minutes and 55 seconds,Mayra Luna
Tink-a-Tako - Potranco,Candy  Del angel ,156,,Lobby,,9/8/25 10:38 AM,9/8/25 10:41 AM,3 minutes and 35 seconds,Mayra Luna
Tink-a-Tako - Potranco,Candy  Del angel ,156,,Prep,,9/8/25 10:38 AM,9/8/25 10:41 AM,3 minutes and 35 seconds,Mayra Luna
Tink-a-Tako - Potranco,Silvia Hernandez,154,7,,2,9/8/25 10:37 AM,9/8/25 10:42 AM,4 minutes and 39 seconds,Mayra Luna
Tink-a-Tako - Potranco,Maria Majana,153,18,,2,9/8/25 10:37 AM,9/8/25 10:42 AM,4 minutes and 18 seconds,Mayra Luna
Tink-a-Tako - Potranco,Candy  Del angel ,157,,Lobby,,9/8/25 10:40 AM,9/8/25 10:43 AM,2 minutes and 33 seconds,Mayra Luna
Tink-a-Tako - Potranco,Rosa Compean,155,32,Lobby,,9/8/25 10:37 AM,9/8/25 10:45 AM,7 minutes and 36 seconds,Mayra Luna
Tink-a-Tako - Potranco,Candy  Del angel ,158,,Lobby,,9/8/25 10:40 AM,9/8/25 10:45 AM,4 minutes and 50 seconds,Mayra Luna
Tink-a-Tako - Potranco,Candy  Del angel ,160,,Lobby,,9/8/25 10:43 AM,9/8/25 10:49 AM,6 minutes and 27 seconds,Mayra Luna
Tink-a-Tako - Potranco,Silvia Hernandez,162,25,Lobby,,9/8/25 10:44 AM,9/8/25 10:50 AM,5 minutes and 52 seconds,Mayra Luna
Tink-a-Tako - Potranco,Candy  Del angel ,163,,Lobby,,9/8/25 10:49 AM,9/8/25 10:50 AM,1 minute and 28 seconds,Mayra Luna
Tink-a-Tako - Potranco,Candy  Del angel ,159,,Lobby,,9/8/25 10:41 AM,9/8/25 10:51 AM,9 minutes and 35 seconds,Mayra Luna
Tink-a-Tako - Potranco,Candy  Del angel ,159,,Prep,,9/8/25 10:41 AM,9/8/25 10:51 AM,9 minutes and 35 seconds,Mayra Luna
Tink-a-Tako - Potranco,Silvia Hernandez,162,25,,2,9/8/25 10:50 AM,9/8/25 11:00 AM,9 minutes and 56 seconds,Mayra Luna
Tink-a-Tako - Potranco,Rosa Compean,155,32,,2,9/8/25 10:45 AM,9/8/25 11:00 AM,14 minutes and 55 seconds,Mayra Luna
Tink-a-Tako - Potranco,Maria Majana,168,20,Lobby,,9/8/25 10:55 AM,9/8/25 11:01 AM,5 minutes and 20 seconds,Mayra Luna
Tink-a-Tako - Potranco,Candy  Del angel ,165,,Lobby,,9/8/25 10:53 AM,9/8/25 11:01 AM,7 minutes and 50 seconds,Mayra Luna
Tink-a-Tako - Potranco,Candy  Del angel ,167,,Lobby,,9/8/25 10:56 AM,9/8/25 11:02 AM,6 minutes and 37 seconds,Mayra Luna
Tink-a-Tako - Potranco,Candy  Del angel ,170,,Lobby,,9/8/25 10:59 AM,9/8/25 11:05 AM,6 minutes and 28 seconds,Mayra Luna
Tink-a-Tako - Potranco,Candy  Del angel ,170,,Tortillero,,9/8/25 10:59 AM,9/8/25 11:05 AM,6 minutes and 28 seconds,Mayra Luna
Tink-a-Tako - Potranco,Candy  Del angel ,171,,Lobby,,9/8/25 11:00 AM,9/8/25 11:07 AM,6 minutes and 51 seconds,Mayra Luna
Tink-a-Tako - Potranco,Candy  Del angel ,169,,Lobby,,9/8/25 10:57 AM,9/8/25 11:07 AM,9 minutes and 24 seconds,Mayra Luna
Tink-a-Tako - Potranco,Candy  Del angel ,169,,Tortillero,,9/8/25 10:57 AM,9/8/25 11:07 AM,9 minutes and 24 seconds,Mayra Luna
Tink-a-Tako - Potranco,Candy  Del angel ,173,,Lobby,,9/8/25 11:06 AM,9/8/25 11:07 AM,1 minute and 25 seconds,Mayra Luna
Tink-a-Tako - Potranco,Rosa Compean,164,23,Tortillero,,9/8/25 11:06 AM,9/8/25 11:09 AM,3 minutes and 9 seconds,Mayra Luna
Tink-a-Tako - Potranco,Rosa Compean,164,23,Lobby,,9/8/25 11:06 AM,9/8/25 11:09 AM,3 minutes and 9 seconds,Mayra Luna
Tink-a-Tako - Potranco,Candy  Del angel ,174,,Lobby,,9/8/25 11:11 AM,9/8/25 11:13 AM,2 minutes and 29 seconds,Mayra Luna
Tink-a-Tako - Potranco,Silvia Hernandez,176,32,Lobby,,9/8/25 11:12 AM,9/8/25 11:15 AM,3 minutes and 17 seconds,Mayra Luna
Tink-a-Tako - Potranco,Candy  Del angel ,178,,Lobby,,9/8/25 11:14 AM,9/8/25 11:17 AM,3 minutes and 34 seconds,Mayra Luna
Tink-a-Tako - Potranco,Candy  Del angel ,177,,Lobby,,9/8/25 11:13 AM,9/8/25 11:17 AM,3 minutes and 58 seconds,Mayra Luna
Tink-a-Tako - Potranco,Rosa Compean,179,,Lobby,,9/8/25 11:15 AM,9/8/25 11:19 AM,4 minutes and 8 seconds,Mayra Luna
Tink-a-Tako - Potranco,Maria Majana,168,20,,2,9/8/25 11:01 AM,9/8/25 11:20 AM,19 minutes and 1 second,Mayra Luna
Tink-a-Tako - Potranco,Candy  Del angel ,182,,Lobby,,9/8/25 11:16 AM,9/8/25 11:20 AM,4 minutes and 9 seconds,Mayra Luna
Tink-a-Tako - Potranco,Maria Majana,181,8,Lobby,,9/8/25 11:17 AM,9/8/25 11:23 AM,5 minutes and 45 seconds,Mayra Luna
Tink-a-Tako - Potranco,Maria Majana,181,8,Tortillero,,9/8/25 11:17 AM,9/8/25 11:23 AM,5 minutes and 45 seconds,Mayra Luna
Tink-a-Tako - Potranco,Candy  Del angel ,180,,Lobby,,9/8/25 11:15 AM,9/8/25 11:23 AM,7 minutes and 47 seconds,Mayra Luna
Tink-a-Tako - Potranco,Candy  Del angel ,174,,Lobby,,9/8/25 11:20 AM,9/8/25 11:23 AM,2 minutes and 50 seconds,Mayra Luna
Tink-a-Tako - Potranco,Candy  Del angel ,183,,Lobby,,9/8/25 11:17 AM,9/8/25 11:24 AM,7 minutes and 13 seconds,Mayra Luna
Tink-a-Tako - Potranco,Silvia Hernandez,176,32,Lobby,,9/8/25 11:23 AM,9/8/25 11:25 AM,2 minutes and 19 seconds,Mayra Luna
Tink-a-Tako - Potranco,Rosa Compean,187,25,Lobby,,9/8/25 11:23 AM,9/8/25 11:26 AM,3 minutes and 3 seconds,Mayra Luna
Tink-a-Tako - Potranco,Candy  Del angel ,184,,Lobby,,9/8/25 11:25 AM,9/8/25 11:27 AM,2 minutes and 18 seconds,Mayra Luna
Tink-a-Tako - Potranco,Ivana Abundiz,185,,Lobby,,9/8/25 11:19 AM,9/8/25 11:29 AM,9 minutes and 57 seconds,Mayra Luna
Tink-a-Tako - Potranco,Candy  Del angel ,188,,Lobby,,9/8/25 11:25 AM,9/8/25 11:31 AM,5 minutes and 43 seconds,Mayra Luna
Tink-a-Tako - Potranco,Candy  Del angel ,189,,Lobby,,9/8/25 11:26 AM,9/8/25 11:34 AM,8 minutes and 11 seconds,Mayra Luna
Tink-a-Tako - Potranco,Maria Majana,192,24,Lobby,,9/8/25 11:31 AM,9/8/25 11:35 AM,4 minutes and 39 seconds,Mayra Luna
Tink-a-Tako - Potranco,Silvia Hernandez,193,18,Lobby,,9/8/25 11:29 AM,9/8/25 11:35 AM,6 minutes and 24 seconds,Mayra Luna
Tink-a-Tako - Potranco,Rosa Compean,194,7,Tortillero,,9/8/25 11:32 AM,9/8/25 11:38 AM,5 minutes and 14 seconds,Mayra Luna
Tink-a-Tako - Potranco,Rosa Compean,194,7,Lobby,,9/8/25 11:32 AM,9/8/25 11:38 AM,5 minutes and 14 seconds,Mayra Luna
Tink-a-Tako - Potranco,Candy  Del angel ,190,,Lobby,,9/8/25 11:26 AM,9/8/25 11:39 AM,12 minutes and 43 seconds,Mayra Luna
Tink-a-Tako - Potranco,Candy  Del angel ,195,,Lobby,,9/8/25 11:36 AM,9/8/25 11:40 AM,3 minutes and 55 seconds,Mayra Luna
Tink-a-Tako - Potranco,Candy  Del angel ,197,,Lobby,,9/8/25 11:40 AM,9/8/25 11:41 AM,34 seconds,Mayra Luna
Tink-a-Tako - Potranco,Silvia Hernandez,196,18,Prep,,9/8/25 11:37 AM,9/8/25 11:41 AM,3 minutes and 46 seconds,Mayra Luna
Tink-a-Tako - Potranco,Silvia Hernandez,196,18,Tortillero,,9/8/25 11:37 AM,9/8/25 11:41 AM,3 minutes and 46 seconds,Mayra Luna
Tink-a-Tako - Potranco,Silvia Hernandez,196,18,Lobby,,9/8/25 11:37 AM,9/8/25 11:41 AM,3 minutes and 46 seconds,Mayra Luna
Tink-a-Tako - Potranco,Candy  Del angel ,198,,Lobby,,9/8/25 11:40 AM,9/8/25 11:41 AM,49 seconds,Mayra Luna
Tink-a-Tako - Potranco,Rosa Compean,194,7,,2,9/8/25 11:38 AM,9/8/25 11:44 AM,5 minutes and 59 seconds,Mayra Luna
Tink-a-Tako - Potranco,Rosa Compean,179,,,2,9/8/25 11:19 AM,9/8/25 11:44 AM,24 minutes and 54 seconds,Mayra Luna
Tink-a-Tako - Potranco,Rosa Compean,164,23,,2,9/8/25 11:09 AM,9/8/25 11:44 AM,34 minutes and 43 seconds,Mayra Luna
Tink-a-Tako - Potranco,Rosa Compean,187,25,,2,9/8/25 11:26 AM,9/8/25 11:44 AM,17 minutes and 44 seconds,Mayra Luna
Tink-a-Tako - Potranco,Silvia Hernandez,193,18,,2,9/8/25 11:35 AM,9/8/25 11:44 AM,9 minutes and 1 second,Mayra Luna
Tink-a-Tako - Potranco,Silvia Hernandez,176,32,,2,9/8/25 11:25 AM,9/8/25 11:44 AM,19 minutes and 27 seconds,Mayra Luna
Tink-a-Tako - Potranco,Ivana Abundiz,185,,,2,9/8/25 11:29 AM,9/8/25 11:44 AM,15 minutes and 8 seconds,Mayra Luna
Tink-a-Tako - Potranco,Candy  Del angel ,182,,,2,9/8/25 11:20 AM,9/8/25 11:44 AM,24 minutes and 1 second,Mayra Luna
Tink-a-Tako - Potranco,Silvia Hernandez,176,32,,2,9/8/25 11:15 AM,9/8/25 11:44 AM,28 minutes and 59 seconds,Mayra Luna
Tink-a-Tako - Potranco,Maria Majana,181,8,,2,9/8/25 11:23 AM,9/8/25 11:44 AM,21 minutes and 56 seconds,Mayra Luna
Tink-a-Tako - Potranco,Ivana Abundiz,199,,Lobby,,9/8/25 11:45 AM,9/8/25 11:46 AM,1 minute and 3 seconds,Mayra Luna
Tink-a-Tako - Potranco,Ivana Abundiz,199,,Prep,,9/8/25 11:45 AM,9/8/25 11:46 AM,1 minute and 3 seconds,Mayra Luna
Tink-a-Tako - Potranco,Candy  Del angel ,200,,Lobby,,9/8/25 11:46 AM,9/8/25 11:47 AM,1 minute and 15 seconds,Mayra Luna
Tink-a-Tako - Potranco,Ivana Abundiz,201,,Tortillero,,9/8/25 11:49 AM,9/8/25 11:50 AM,51 seconds,Mayra Luna
Tink-a-Tako - Potranco,Ivana Abundiz,201,,Lobby,,9/8/25 11:49 AM,9/8/25 11:50 AM,51 seconds,Mayra Luna
Tink-a-Tako - Potranco,Maria Majana,202,8,Lobby,,9/8/25 11:52 AM,9/8/25 11:59 AM,6 minutes and 47 seconds,Mayra Luna
Tink-a-Tako - Potranco,Candy  Del angel ,203,,Lobby,,9/8/25 11:53 AM,9/8/25 12:00 PM,7 minutes and 18 seconds,Mayra Luna
Tink-a-Tako - Potranco,Candy  Del angel ,204,,Lobby,,9/8/25 11:58 AM,9/8/25 12:01 PM,3 minutes and 4 seconds,Mayra Luna
Tink-a-Tako - Potranco,Candy  Del angel ,205,,Lobby,,9/8/25 11:59 AM,9/8/25 12:02 PM,2 minutes and 37 seconds,Mayra Luna
Tink-a-Tako - Potranco,Candy  Del angel ,206,,Lobby,,9/8/25 12:00 PM,9/8/25 12:04 PM,3 minutes and 48 seconds,Mayra Luna
Tink-a-Tako - Potranco,Candy  Del angel ,209,,Lobby,,9/8/25 12:07 PM,9/8/25 12:09 PM,2 minutes and 23 seconds,Mayra Luna
Tink-a-Tako - Potranco,Candy  Del angel ,209,,Prep,,9/8/25 12:07 PM,9/8/25 12:09 PM,2 minutes and 23 seconds,Mayra Luna
Tink-a-Tako - Potranco,Rosa Compean,208,24,Prep,,9/8/25 12:03 PM,9/8/25 12:14 PM,10 minutes and 56 seconds,Mayra Luna
Tink-a-Tako - Potranco,Rosa Compean,208,24,Tortillero,,9/8/25 12:03 PM,9/8/25 12:14 PM,10 minutes and 56 seconds,Mayra Luna
Tink-a-Tako - Potranco,Rosa Compean,208,24,Lobby,,9/8/25 12:03 PM,9/8/25 12:14 PM,10 minutes and 56 seconds,Mayra Luna
Tink-a-Tako - Potranco,Candy  Del angel ,211,,Lobby,,9/8/25 12:13 PM,9/8/25 12:15 PM,2 minutes and 1 second,Mayra Luna
Tink-a-Tako - Potranco,Silvia Hernandez,196,18,,2,9/8/25 11:41 AM,9/8/25 12:15 PM,34 minutes and 20 seconds,Mayra Luna
Tink-a-Tako - Potranco,Maria Majana,192,24,,2,9/8/25 11:35 AM,9/8/25 12:15 PM,39 minutes and 55 seconds,Mayra Luna
Tink-a-Tako - Potranco,Ivana Abundiz,199,,,2,9/8/25 11:46 AM,9/8/25 12:15 PM,29 minutes and 27 seconds,Mayra Luna
Tink-a-Tako - Potranco,Maria Majana,202,8,,2,9/8/25 11:59 AM,9/8/25 12:15 PM,16 minutes and 44 seconds,Mayra Luna
Tink-a-Tako - Potranco,Ivana Abundiz,201,,,2,9/8/25 11:50 AM,9/8/25 12:15 PM,25 minutes and 16 seconds,Mayra Luna
Tink-a-Tako - Potranco,Candy  Del angel ,212,,Lobby,,9/8/25 12:15 PM,9/8/25 12:17 PM,1 minute and 56 seconds,Mayra Luna
Tink-a-Tako - Potranco,Maria Majana,210,25,Lobby,,9/8/25 12:15 PM,9/8/25 12:20 PM,4 minutes and 53 seconds,Mayra Luna
Tink-a-Tako - Potranco,Rosa Compean,215,22,Lobby,,9/8/25 12:17 PM,9/8/25 12:22 PM,4 minutes and 13 seconds,Mayra Luna
Tink-a-Tako - Potranco,Rosa Compean,215,22,Tortillero,,9/8/25 12:17 PM,9/8/25 12:22 PM,4 minutes and 13 seconds,Mayra Luna
Tink-a-Tako - Potranco,Candy  Del angel ,217,,Lobby,,9/8/25 12:19 PM,9/8/25 12:23 PM,3 minutes and 38 seconds,Mayra Luna
Tink-a-Tako - Potranco,Silvia Hernandez,214,31,Lobby,,9/8/25 12:16 PM,9/8/25 12:24 PM,7 minutes and 41 seconds,Mayra Luna
Tink-a-Tako - Potranco,Silvia Hernandez,214,31,Prep,,9/8/25 12:17 PM,9/8/25 12:25 PM,7 minutes and 29 seconds,Mayra Luna
Tink-a-Tako - Potranco,Silvia Hernandez,214,31,Tortillero,,9/8/25 12:17 PM,9/8/25 12:25 PM,7 minutes and 29 seconds,Mayra Luna
Tink-a-Tako - Potranco,Silvia Hernandez,214,31,Lobby,,9/8/25 12:17 PM,9/8/25 12:25 PM,7 minutes and 29 seconds,Mayra Luna
Tink-a-Tako - Potranco,Rosie  ORDONEZ,216,33,Prep,,9/8/25 12:18 PM,9/8/25 12:27 PM,8 minutes and 42 seconds,Mayra Luna
Tink-a-Tako - Potranco,Rosie  ORDONEZ,216,33,Tortillero,,9/8/25 12:18 PM,9/8/25 12:27 PM,8 minutes and 42 seconds,Mayra Luna
Tink-a-Tako - Potranco,Rosie  ORDONEZ,216,33,Lobby,,9/8/25 12:18 PM,9/8/25 12:27 PM,8 minutes and 42 seconds,Mayra Luna
Tink-a-Tako - Potranco,Candy  Del angel ,222,,Lobby,,9/8/25 12:25 PM,9/8/25 12:28 PM,3 minutes and 20 seconds,Mayra Luna
Tink-a-Tako - Potranco,Candy  Del angel ,219,,Lobby,,9/8/25 12:23 PM,9/8/25 12:31 PM,7 minutes and 13 seconds,Mayra Luna
Tink-a-Tako - Potranco,Rosa Compean,208,24,,2,9/8/25 12:14 PM,9/8/25 12:31 PM,17 minutes and 18 seconds,Mayra Luna
Tink-a-Tako - Potranco,Silvia Hernandez,214,31,,2,9/8/25 12:24 PM,9/8/25 12:31 PM,7 minutes and 29 seconds,Mayra Luna
Tink-a-Tako - Potranco,Maria Majana,210,25,,2,9/8/25 12:20 PM,9/8/25 12:31 PM,11 minutes,Mayra Luna
Tink-a-Tako - Potranco,Silvia Hernandez,214,31,,2,9/8/25 12:25 PM,9/8/25 12:31 PM,6 minutes and 11 seconds,Mayra Luna
Tink-a-Tako - Potranco,Rosa Compean,215,22,,2,9/8/25 12:22 PM,9/8/25 12:31 PM,9 minutes and 27 seconds,Mayra Luna
Tink-a-Tako - Potranco,Rosie  ORDONEZ,216,33,,2,9/8/25 12:27 PM,9/8/25 12:31 PM,4 minutes and 8 seconds,Mayra Luna
Tink-a-Tako - Potranco,Candy  Del angel ,221,,Lobby,,9/8/25 12:25 PM,9/8/25 12:32 PM,7 minutes and 56 seconds,Mayra Luna
Tink-a-Tako - Potranco,Candy  Del angel ,225,,Lobby,,9/8/25 12:26 PM,9/8/25 12:33 PM,7 minutes and 13 seconds,Mayra Luna
Tink-a-Tako - Potranco,Silvia Hernandez,218,37,Prep,,9/8/25 12:21 PM,9/8/25 12:34 PM,12 minutes and 1 second,Mayra Luna
Tink-a-Tako - Potranco,Silvia Hernandez,218,37,Tortillero,,9/8/25 12:21 PM,9/8/25 12:34 PM,12 minutes and 1 second,Mayra Luna
Tink-a-Tako - Potranco,Silvia Hernandez,218,37,Lobby,,9/8/25 12:21 PM,9/8/25 12:34 PM,12 minutes and 1 second,Mayra Luna
Tink-a-Tako - Potranco,Ivana Abundiz,220,,Lobby,,9/8/25 12:25 PM,9/8/25 12:35 PM,10 minutes and 10 seconds,Mayra Luna
Tink-a-Tako - Potranco,Candy  Del angel ,228,,Lobby,,9/8/25 12:32 PM,9/8/25 12:36 PM,4 minutes and 1 second,Mayra Luna
Tink-a-Tako - Potranco,Rosa Compean,227,7,Prep,,9/8/25 12:30 PM,9/8/25 12:37 PM,6 minutes and 51 seconds,Mayra Luna
Tink-a-Tako - Potranco,Rosa Compean,227,7,Lobby,,9/8/25 12:30 PM,9/8/25 12:37 PM,6 minutes and 51 seconds,Mayra Luna
Tink-a-Tako - Potranco,Rosa Compean,227,7,Prep,,9/8/25 12:35 PM,9/8/25 12:37 PM,2 minutes and 27 seconds,Mayra Luna
Tink-a-Tako - Potranco,Rosa Compean,227,7,Lobby,,9/8/25 12:35 PM,9/8/25 12:37 PM,2 minutes and 27 seconds,Mayra Luna
Tink-a-Tako - Potranco,Silvia Hernandez,218,37,,2,9/8/25 12:34 PM,9/8/25 12:38 PM,4 minutes and 19 seconds,Mayra Luna
Tink-a-Tako - Potranco,Rosa Compean,227,7,,2,9/8/25 12:37 PM,9/8/25 12:38 PM,48 seconds,Mayra Luna
Tink-a-Tako - Potranco,Rosa Compean,227,7,,2,9/8/25 12:37 PM,9/8/25 12:38 PM,52 seconds,Mayra Luna
Tink-a-Tako - Potranco,Candy  Del angel ,230,,Lobby,,9/8/25 12:34 PM,9/8/25 12:38 PM,4 minutes and 5 seconds,Mayra Luna
Tink-a-Tako - Potranco,Maria Majana,229,8,Lobby,,9/8/25 12:34 PM,9/8/25 12:38 PM,4 minutes and 6 seconds,Mayra Luna
Tink-a-Tako - Potranco,Maria Majana,229,8,,2,9/8/25 12:38 PM,9/8/25 12:40 PM,1 minute and 43 seconds,Mayra Luna
Tink-a-Tako - Potranco,Silvia Hernandez,231,38,Prep,,9/8/25 12:39 PM,9/8/25 12:41 PM,2 minutes and 27 seconds,Mayra Luna
Tink-a-Tako - Potranco,Silvia Hernandez,231,38,Lobby,,9/8/25 12:39 PM,9/8/25 12:41 PM,2 minutes and 27 seconds,Mayra Luna
Tink-a-Tako - Potranco,Maria Majana,224,20,Lobby,,9/8/25 12:30 PM,9/8/25 12:42 PM,11 minutes and 21 seconds,Mayra Luna
Tink-a-Tako - Potranco,Candy  Del angel ,236,,Lobby,,9/8/25 12:41 PM,9/8/25 12:43 PM,2 minutes and 3 seconds,Mayra Luna
Tink-a-Tako - Potranco,Candy  Del angel ,232,,Tortillero,,9/8/25 12:36 PM,9/8/25 12:43 PM,6 minutes and 57 seconds,Mayra Luna
Tink-a-Tako - Potranco,Candy  Del angel ,232,,Lobby,,9/8/25 12:36 PM,9/8/25 12:43 PM,6 minutes and 57 seconds,Mayra Luna
Tink-a-Tako - Potranco,Candy  Del angel ,232,,Prep,,9/8/25 12:36 PM,9/8/25 12:43 PM,6 minutes and 57 seconds,Mayra Luna
Tink-a-Tako - Potranco,Maria Majana,234,,Tortillero,,9/8/25 12:39 PM,9/8/25 12:44 PM,4 minutes and 48 seconds,Mayra Luna
Tink-a-Tako - Potranco,Maria Majana,234,,Lobby,,9/8/25 12:39 PM,9/8/25 12:44 PM,4 minutes and 48 seconds,Mayra Luna
Tink-a-Tako - Potranco,Ivana Abundiz,238,,Lobby,,9/8/25 12:43 PM,9/8/25 12:46 PM,2 minutes and 59 seconds,Mayra Luna
Tink-a-Tako - Potranco,Ivana Abundiz,238,,Prep,,9/8/25 12:43 PM,9/8/25 12:46 PM,2 minutes and 59 seconds,Mayra Luna
Tink-a-Tako - Potranco,Silvia Hernandez,242,18,Lobby,,9/8/25 12:45 PM,9/8/25 12:49 PM,3 minutes and 16 seconds,Mayra Luna
Tink-a-Tako - Potranco,Ivana Abundiz,240,,Lobby,,9/8/25 12:44 PM,9/8/25 12:49 PM,5 minutes and 37 seconds,Mayra Luna
Tink-a-Tako - Potranco,Ivana Abundiz,240,,Prep,,9/8/25 12:44 PM,9/8/25 12:49 PM,5 minutes and 37 seconds,Mayra Luna
Tink-a-Tako - Potranco,Maria Majana,234,,,2,9/8/25 12:44 PM,9/8/25 12:50 PM,6 minutes and 3 seconds,Mayra Luna
Tink-a-Tako - Potranco,Maria Majana,224,20,,2,9/8/25 12:42 PM,9/8/25 12:50 PM,8 minutes and 11 seconds,Mayra Luna
Tink-a-Tako - Potranco,Ivana Abundiz,220,,,2,9/8/25 12:35 PM,9/8/25 12:50 PM,14 minutes and 56 seconds,Mayra Luna
Tink-a-Tako - Potranco,Silvia Hernandez,231,38,,2,9/8/25 12:41 PM,9/8/25 12:50 PM,8 minutes and 32 seconds,Mayra Luna
Tink-a-Tako - Potranco,Ivana Abundiz,238,,,2,9/8/25 12:46 PM,9/8/25 12:50 PM,4 minutes and 24 seconds,Mayra Luna
Tink-a-Tako - Potranco,Ivana Abundiz,240,,,2,9/8/25 12:49 PM,9/8/25 12:50 PM,46 seconds,Mayra Luna
Tink-a-Tako - Potranco,Ivana Abundiz,241,,Lobby,,9/8/25 12:46 PM,9/8/25 12:51 PM,5 minutes and 8 seconds,Mayra Luna
Tink-a-Tako - Potranco,Ivana Abundiz,241,,Prep,,9/8/25 12:46 PM,9/8/25 12:51 PM,5 minutes and 8 seconds,Mayra Luna
Tink-a-Tako - Potranco,Maria Majana,244,35,Lobby,,9/8/25 12:48 PM,9/8/25 12:55 PM,7 minutes and 8 seconds,Mayra Luna
Tink-a-Tako - Potranco,Candy  Del angel ,239,,Lobby,,9/8/25 12:46 PM,9/8/25 12:57 PM,11 minutes and 8 seconds,Mayra Luna
Tink-a-Tako - Potranco,Rosa Compean,246,17,Lobby,,9/8/25 12:50 PM,9/8/25 12:58 PM,8 minutes and 18 seconds,Mayra Luna
Tink-a-Tako - Potranco,Silvia Hernandez,242,18,,2,9/8/25 12:49 PM,9/8/25 12:58 PM,9 minutes and 44 seconds,Mayra Luna
Tink-a-Tako - Potranco,Ivana Abundiz,241,,,2,9/8/25 12:51 PM,9/8/25 12:59 PM,7 minutes and 18 seconds,Mayra Luna
Tink-a-Tako - Potranco,Rosa Compean,247,3,Prep,,9/8/25 12:52 PM,9/8/25 1:02 PM,10 minutes and 1 second,Mayra Luna
Tink-a-Tako - Potranco,Rosa Compean,247,3,Tortillero,,9/8/25 12:52 PM,9/8/25 1:02 PM,10 minutes and 1 second,Mayra Luna
Tink-a-Tako - Potranco,Rosa Compean,247,3,Lobby,,9/8/25 12:52 PM,9/8/25 1:02 PM,10 minutes and 1 second,Mayra Luna
Tink-a-Tako - Potranco,Silvia Hernandez,250,26,Lobby,,9/8/25 12:57 PM,9/8/25 1:02 PM,4 minutes and 49 seconds,Mayra Luna
Tink-a-Tako - Potranco,Candy  Del angel ,248,,Lobby,,9/8/25 12:54 PM,9/8/25 1:02 PM,8 minutes and 1 second,Mayra Luna
Tink-a-Tako - Potranco,Candy  Del angel ,248,,Prep,,9/8/25 12:54 PM,9/8/25 1:02 PM,8 minutes and 1 second,Mayra Luna
Tink-a-Tako - Potranco,Silvia Hernandez,252,15,Lobby,,9/8/25 12:59 PM,9/8/25 1:04 PM,4 minutes and 29 seconds,Mayra Luna
Tink-a-Tako - Potranco,Ivana Abundiz,245,,Tortillero,,9/8/25 12:57 PM,9/8/25 1:04 PM,6 minutes and 36 seconds,Mayra Luna
Tink-a-Tako - Potranco,Ivana Abundiz,245,,Lobby,,9/8/25 12:57 PM,9/8/25 1:04 PM,6 minutes and 36 seconds,Mayra Luna
Tink-a-Tako - Potranco,Ivana Abundiz,245,,Prep,,9/8/25 12:57 PM,9/8/25 1:04 PM,6 minutes and 36 seconds,Mayra Luna
Tink-a-Tako - Potranco,Lizeth Alonso,249,,Lobby,,9/8/25 12:55 PM,9/8/25 1:04 PM,9 minutes and 3 seconds,Mayra Luna
Tink-a-Tako - Potranco,Rosa Compean,246,17,,2,9/8/25 12:58 PM,9/8/25 1:05 PM,7 minutes and 17 seconds,Mayra Luna
Tink-a-Tako - Potranco,Rosa Compean,247,3,,2,9/8/25 1:02 PM,9/8/25 1:05 PM,3 minutes and 17 seconds,Mayra Luna
Tink-a-Tako - Potranco,Rosa Compean,227,7,,2,9/8/25 1:03 PM,9/8/25 1:05 PM,2 minutes and 4 seconds,Mayra Luna
Tink-a-Tako - Potranco,Lizeth Alonso,12002,,Lobby,,9/8/25 1:02 PM,9/8/25 1:08 PM,6 minutes and 7 seconds,Mayra Luna
Tink-a-Tako - Potranco,Lizeth Alonso,12001,,Lobby,,9/8/25 1:01 PM,9/8/25 1:09 PM,7 minutes and 33 seconds,Mayra Luna
Tink-a-Tako - Potranco,Lizeth Alonso,255,,Lobby,,9/8/25 1:09 PM,9/8/25 1:12 PM,3 minutes and 40 seconds,Mayra Luna
Tink-a-Tako - Potranco,Lizeth Alonso,12001,,Lobby,,9/8/25 1:10 PM,9/8/25 1:12 PM,2 minutes and 9 seconds,Mayra Luna
Tink-a-Tako - Potranco,Lizeth Alonso,257,,Lobby,,9/8/25 1:14 PM,9/8/25 1:19 PM,5 minutes and 11 seconds,Mayra Luna
Tink-a-Tako - Potranco,Ivana Abundiz,245,,,2,9/8/25 1:04 PM,9/8/25 1:26 PM,22 minutes and 34 seconds,Mayra Luna
Tink-a-Tako - Potranco,Maria Majana,244,35,,2,9/8/25 12:55 PM,9/8/25 1:26 PM,31 minutes and 10 seconds,Mayra Luna
Tink-a-Tako - Potranco,Maria Majana,254,23,Lobby,,9/8/25 1:15 PM,9/8/25 1:27 PM,12 minutes and 21 seconds,Mayra Luna
Tink-a-Tako - Potranco,Maria Majana,254,23,Prep,,9/8/25 1:15 PM,9/8/25 1:27 PM,12 minutes and 21 seconds,Mayra Luna
Tink-a-Tako - Potranco,Maria Majana,254,23,Tortillero,,9/8/25 1:15 PM,9/8/25 1:27 PM,12 minutes and 21 seconds,Mayra Luna
Tink-a-Tako - Potranco,Rosa Compean,263,32,Tortillero,,9/8/25 1:22 PM,9/8/25 1:27 PM,5 minutes and 7 seconds,Mayra Luna
Tink-a-Tako - Potranco,Rosa Compean,263,32,Lobby,,9/8/25 1:22 PM,9/8/25 1:27 PM,5 minutes and 7 seconds,Mayra Luna
Tink-a-Tako - Potranco,Lizeth Alonso,258,,Lobby,,9/8/25 1:18 PM,9/8/25 1:28 PM,9 minutes and 55 seconds,Mayra Luna
Tink-a-Tako - Potranco,Ivana Abundiz,259,,Lobby,,9/8/25 1:18 PM,9/8/25 1:28 PM,10 minutes and 30 seconds,Mayra Luna
Tink-a-Tako - Potranco,Lizeth Alonso,260,,Lobby,,9/8/25 1:19 PM,9/8/25 1:28 PM,8 minutes and 49 seconds,Mayra Luna
Tink-a-Tako - Potranco,Maria Majana,224,20,Lobby,,9/8/25 1:20 PM,9/8/25 1:30 PM,10 minutes and 15 seconds,Mayra Luna
Tink-a-Tako - Potranco,Lizeth Alonso,264,,Lobby,,9/8/25 1:26 PM,9/8/25 1:33 PM,6 minutes and 33 seconds,Mayra Luna
Tink-a-Tako - Potranco,Lizeth Alonso,265,,Lobby,,9/8/25 1:27 PM,9/8/25 1:36 PM,9 minutes and 16 seconds,Mayra Luna
Tink-a-Tako - Potranco,Lizeth Alonso,12002,,,2,9/8/25 1:08 PM,9/8/25 1:37 PM,29 minutes and 3 seconds,Mayra Luna
Tink-a-Tako - Potranco,Maria Majana,224,20,,2,9/8/25 1:30 PM,9/8/25 1:37 PM,7 minutes and 19 seconds,Mayra Luna
Tink-a-Tako - Potranco,Ivana Abundiz,259,,,2,9/8/25 1:28 PM,9/8/25 1:37 PM,9 minutes and 11 seconds,Mayra Luna
Tink-a-Tako - Potranco,Lizeth Alonso,12001,,,2,9/8/25 1:09 PM,9/8/25 1:37 PM,28 minutes and 8 seconds,Mayra Luna
Tink-a-Tako - Potranco,Silvia Hernandez,252,15,,2,9/8/25 1:04 PM,9/8/25 1:37 PM,33 minutes and 29 seconds,Mayra Luna
Tink-a-Tako - Potranco,Maria Majana,254,23,,2,9/8/25 1:27 PM,9/8/25 1:37 PM,10 minutes and 1 second,Mayra Luna
Tink-a-Tako - Potranco,Rosa Compean,263,32,,2,9/8/25 1:27 PM,9/8/25 1:37 PM,10 minutes and 1 second,Mayra Luna
Tink-a-Tako - Potranco,Silvia Hernandez,250,26,,2,9/8/25 1:02 PM,9/8/25 1:37 PM,35 minutes and 7 seconds,Mayra Luna
Tink-a-Tako - Potranco,Lizeth Alonso,12001,,,2,9/8/25 1:12 PM,9/8/25 1:37 PM,24 minutes and 45 seconds,Mayra Luna
Tink-a-Tako - Potranco,Rosa Compean,271,24,Prep,,9/8/25 1:36 PM,9/8/25 1:40 PM,3 minutes and 31 seconds,Mayra Luna
Tink-a-Tako - Potranco,Rosa Compean,271,24,Tortillero,,9/8/25 1:36 PM,9/8/25 1:40 PM,3 minutes and 31 seconds,Mayra Luna
Tink-a-Tako - Potranco,Rosa Compean,271,24,Lobby,,9/8/25 1:36 PM,9/8/25 1:40 PM,3 minutes and 31 seconds,Mayra Luna
Tink-a-Tako - Potranco,Rosa Compean,270,25,Lobby,,9/8/25 1:36 PM,9/8/25 1:41 PM,4 minutes and 52 seconds,Mayra Luna
Tink-a-Tako - Potranco,Lizeth Alonso,269,,Lobby,,9/8/25 1:34 PM,9/8/25 1:42 PM,7 minutes and 40 seconds,Mayra Luna
Tink-a-Tako - Potranco,Lizeth Alonso,274,,Lobby,,9/8/25 1:38 PM,9/8/25 1:43 PM,5 minutes and 10 seconds,Mayra Luna
Tink-a-Tako - Potranco,Lizeth Alonso,272,,Lobby,,9/8/25 1:38 PM,9/8/25 1:44 PM,6 minutes and 11 seconds,Mayra Luna
Tink-a-Tako - Potranco,Rosa Compean,273,19,Lobby,,9/8/25 1:39 PM,9/8/25 1:48 PM,9 minutes and 26 seconds,Mayra Luna
Tink-a-Tako - Potranco,Lizeth Alonso,275,,Lobby,,9/8/25 1:39 PM,9/8/25 1:50 PM,10 minutes and 27 seconds,Mayra Luna
Tink-a-Tako - Potranco,Sergio Abundiz,277,18,Lobby,,9/8/25 1:53 PM,9/8/25 1:58 PM,5 minutes,Mayra Luna
Tink-a-Tako - Potranco,Lizeth Alonso,276,,Lobby,,9/8/25 1:50 PM,9/8/25 2:06 PM,15 minutes and 29 seconds,Mayra Luna
Tink-a-Tako - Potranco,Lizeth Alonso,280,,Lobby,,9/8/25 2:02 PM,9/8/25 2:06 PM,3 minutes and 46 seconds,Mayra Luna
Tink-a-Tako - Potranco,Sergio Abundiz,277,18,,2,9/8/25 1:58 PM,9/8/25 2:07 PM,9 minutes and 9 seconds,Mayra Luna
Tink-a-Tako - Potranco,Rosa Compean,270,25,,2,9/8/25 1:41 PM,9/8/25 2:07 PM,26 minutes and 12 seconds,Mayra Luna
Tink-a-Tako - Potranco,Rosa Compean,273,19,,2,9/8/25 1:48 PM,9/8/25 2:07 PM,18 minutes and 54 seconds,Mayra Luna
Tink-a-Tako - Potranco,Rosa Compean,271,24,,2,9/8/25 1:40 PM,9/8/25 2:07 PM,27 minutes and 15 seconds,Mayra Luna
Tink-a-Tako - Potranco,Isabel Cisneros,281,32,Lobby,,9/8/25 2:03 PM,9/8/25 2:08 PM,5 minutes and 44 seconds,Mayra Luna
Tink-a-Tako - Potranco,Sergio Abundiz,279,34,Lobby,,9/8/25 2:01 PM,9/8/25 2:08 PM,7 minutes and 21 seconds,Mayra Luna
Tink-a-Tako - Potranco,Sergio Abundiz,282,38,Lobby,,9/8/25 2:03 PM,9/8/25 2:11 PM,7 minutes and 39 seconds,Mayra Luna
Tink-a-Tako - Potranco,Sergio Abundiz,279,34,,2,9/8/25 2:08 PM,9/8/25 2:11 PM,3 minutes and 6 seconds,Mayra Luna
Tink-a-Tako - Potranco,Isabel Cisneros,281,32,,2,9/8/25 2:08 PM,9/8/25 2:11 PM,3 minutes and 4 seconds,Mayra Luna
Tink-a-Tako - Potranco,Sergio Abundiz,282,38,,2,9/8/25 2:11 PM,9/8/25 2:11 PM,48 seconds,Mayra Luna
Tink-a-Tako - Potranco,Lizeth Alonso,284,,Lobby,,9/8/25 2:11 PM,9/8/25 2:14 PM,3 minutes and 3 seconds,Mayra Luna
Tink-a-Tako - Potranco,Lizeth Alonso,285,,Lobby,,9/8/25 2:12 PM,9/8/25 2:15 PM,2 minutes and 46 seconds,Mayra Luna
Tink-a-Tako - Potranco,Isabel Cisneros,286,35,Lobby,,9/8/25 2:14 PM,9/8/25 2:19 PM,4 minutes and 37 seconds,Mayra Luna
Tink-a-Tako - Potranco,Sergio Abundiz,279,34,Lobby,,9/8/25 2:16 PM,9/8/25 2:21 PM,4 minutes and 42 seconds,Mayra Luna
Tink-a-Tako - Potranco,Lizeth Alonso,287,,Lobby,,9/8/25 2:22 PM,9/8/25 2:25 PM,2 minutes and 37 seconds,Mayra Luna
Tink-a-Tako - Potranco,Isabel Cisneros,286,35,,2,9/8/25 2:19 PM,9/8/25 2:30 PM,11 minutes and 12 seconds,Mayra Luna
Tink-a-Tako - Potranco,Sergio Abundiz,279,34,,2,9/8/25 2:21 PM,9/8/25 2:30 PM,9 minutes and 13 seconds,Mayra Luna
Tink-a-Tako - Potranco,Isabel Cisneros,291,,Prep,,9/8/25 2:24 PM,9/8/25 2:33 PM,9 minutes and 16 seconds,Mayra Luna
Tink-a-Tako - Potranco,Isabel Cisneros,291,,Tortillero,,9/8/25 2:24 PM,9/8/25 2:33 PM,9 minutes and 16 seconds,Mayra Luna
Tink-a-Tako - Potranco,Isabel Cisneros,291,,Lobby,,9/8/25 2:24 PM,9/8/25 2:33 PM,9 minutes and 16 seconds,Mayra Luna
Tink-a-Tako - Potranco,Sergio Abundiz,294,,Lobby,,9/8/25 2:34 PM,9/8/25 2:40 PM,5 minutes and 15 seconds,Mayra Luna
Tink-a-Tako - Potranco,Isabel Cisneros,293,12,Lobby,,9/8/25 2:28 PM,9/8/25 2:40 PM,11 minutes and 57 seconds,Mayra Luna
Tink-a-Tako - Potranco,Isabel Cisneros,293,12,Prep,,9/8/25 2:28 PM,9/8/25 2:40 PM,11 minutes and 57 seconds,Mayra Luna
Tink-a-Tako - Potranco,Isabel Cisneros,293,12,Tortillero,,9/8/25 2:28 PM,9/8/25 2:40 PM,11 minutes and 57 seconds,Mayra Luna
Tink-a-Tako - Potranco,Sergio Abundiz,292,25,Lobby,,9/8/25 2:25 PM,9/8/25 2:40 PM,14 minutes and 45 seconds,Mayra Luna
Tink-a-Tako - Potranco,Lizeth Alonso,295,,Lobby,,9/8/25 2:36 PM,9/8/25 2:45 PM,8 minutes and 55 seconds,Mayra Luna
Tink-a-Tako - Potranco,Sergio Abundiz,279,34,Lobby,,9/8/25 2:45 PM,9/8/25 2:50 PM,4 minutes and 44 seconds,Mayra Luna
Tink-a-Tako - Potranco,Sergio Abundiz,297,,Lobby,,9/8/25 2:47 PM,9/8/25 2:50 PM,3 minutes and 1 second,Mayra Luna
Tink-a-Tako - Potranco,Sergio Abundiz,294,,,2,9/8/25 2:40 PM,9/8/25 2:56 PM,16 minutes and 23 seconds,Mayra Luna
Tink-a-Tako - Potranco,Isabel Cisneros,293,12,,2,9/8/25 2:40 PM,9/8/25 2:56 PM,15 minutes and 58 seconds,Mayra Luna
Tink-a-Tako - Potranco,Sergio Abundiz,279,34,,2,9/8/25 2:50 PM,9/8/25 2:56 PM,5 minutes and 55 seconds,Mayra Luna
Tink-a-Tako - Potranco,Lizeth Alonso,295,,,2,9/8/25 2:45 PM,9/8/25 2:56 PM,11 minutes and 1 second,Mayra Luna
Tink-a-Tako - Potranco,Sergio Abundiz,297,,,2,9/8/25 2:50 PM,9/8/25 2:56 PM,5 minutes and 51 seconds,Mayra Luna
Tink-a-Tako - Potranco,Sergio Abundiz,292,25,,2,9/8/25 2:40 PM,9/8/25 2:56 PM,15 minutes and 59 seconds,Mayra Luna
Tink-a-Tako - Potranco,Isabel Cisneros,291,,,2,9/8/25 2:33 PM,9/8/25 2:56 PM,23 minutes and 9 seconds,Mayra Luna
Tink-a-Tako - Potranco,Sergio Abundiz,292,25,Lobby,,9/8/25 2:25 PM,9/8/25 3:01 PM,35 minutes and 41 seconds,Mayra Luna
Tink-a-Tako - Potranco,Sergio Abundiz,296,17,Prep,,9/8/25 2:46 PM,9/8/25 3:01 PM,15 minutes and 6 seconds,Mayra Luna
Tink-a-Tako - Potranco,Sergio Abundiz,296,17,Tortillero,,9/8/25 2:46 PM,9/8/25 3:01 PM,15 minutes and 6 seconds,Mayra Luna
Tink-a-Tako - Potranco,Sergio Abundiz,296,17,Lobby,,9/8/25 2:46 PM,9/8/25 3:01 PM,15 minutes and 6 seconds,Mayra Luna
Tink-a-Tako - Potranco,Lizeth Alonso,298,,Lobby,,9/8/25 3:05 PM,9/8/25 3:11 PM,5 minutes and 20 seconds,Mayra Luna
Tink-a-Tako - Potranco,Lizeth Alonso,299,,Lobby,,9/8/25 3:08 PM,9/8/25 3:11 PM,2 minutes and 53 seconds,Mayra Luna
Tink-a-Tako - Potranco,Isabel Cisneros,301,,Prep,,9/8/25 3:16 PM,9/8/25 3:27 PM,10 minutes and 42 seconds,Mayra Luna
Tink-a-Tako - Potranco,Isabel Cisneros,301,,Tortillero,,9/8/25 3:16 PM,9/8/25 3:27 PM,10 minutes and 42 seconds,Mayra Luna
Tink-a-Tako - Potranco,Isabel Cisneros,301,,Lobby,,9/8/25 3:16 PM,9/8/25 3:27 PM,10 minutes and 42 seconds,Mayra Luna
Tink-a-Tako - Potranco,Isabel Cisneros,302,7,Lobby,,9/8/25 3:20 PM,9/8/25 3:27 PM,7 minutes and 25 seconds,Mayra Luna
Tink-a-Tako - Potranco,Lizeth Alonso,300,,Lobby,,9/8/25 3:25 PM,9/8/25 3:29 PM,4 minutes and 48 seconds,Mayra Luna
Tink-a-Tako - Potranco,Lizeth Alonso,304,,Lobby,,9/8/25 3:32 PM,9/8/25 3:39 PM,6 minutes and 44 seconds,Mayra Luna
Tink-a-Tako - Potranco,Lizeth Alonso,305,,Lobby,,9/8/25 3:37 PM,9/8/25 3:43 PM,6 minutes,Mayra Luna
Tink-a-Tako - Potranco,Lizeth Alonso,303,,Lobby,,9/8/25 3:32 PM,9/8/25 3:43 PM,10 minutes and 55 seconds,Mayra Luna
Tink-a-Tako - Potranco,Sergio Abundiz,308,42,Prep,,9/8/25 3:41 PM,9/8/25 3:53 PM,12 minutes and 6 seconds,Mayra Luna
Tink-a-Tako - Potranco,Sergio Abundiz,308,42,Tortillero,,9/8/25 3:41 PM,9/8/25 3:53 PM,12 minutes and 6 seconds,Mayra Luna
Tink-a-Tako - Potranco,Sergio Abundiz,308,42,Lobby,,9/8/25 3:41 PM,9/8/25 3:53 PM,12 minutes and 6 seconds,Mayra Luna
Tink-a-Tako - Potranco,Isabel Cisneros,307,8,Lobby,,9/8/25 3:39 PM,9/8/25 3:53 PM,13 minutes and 56 seconds,Mayra Luna
Tink-a-Tako - Potranco,Lizeth Alonso,310,,Lobby,,9/8/25 3:50 PM,9/8/25 3:54 PM,3 minutes and 35 seconds,Mayra Luna
Tink-a-Tako - Potranco,Lizeth Alonso,306,,Lobby,,9/8/25 3:42 PM,9/8/25 3:54 PM,12 minutes and 28 seconds,Mayra Luna
Tink-a-Tako - Potranco,Lizeth Alonso,311,,Lobby,,9/8/25 3:52 PM,9/8/25 3:56 PM,3 minutes and 22 seconds,Mayra Luna
Tink-a-Tako - Potranco,Lizeth Alonso,312,,Lobby,,9/8/25 3:59 PM,9/8/25 4:01 PM,1 minute and 59 seconds,Mayra Luna
Tink-a-Tako - Potranco,Isabel Cisneros,314,25,Prep,,9/8/25 4:13 PM,9/8/25 4:21 PM,8 minutes and 3 seconds,Mayra Luna
Tink-a-Tako - Potranco,Isabel Cisneros,314,25,Tortillero,,9/8/25 4:13 PM,9/8/25 4:21 PM,8 minutes and 3 seconds,Mayra Luna
Tink-a-Tako - Potranco,Isabel Cisneros,314,25,Lobby,,9/8/25 4:13 PM,9/8/25 4:21 PM,8 minutes and 3 seconds,Mayra Luna
Tink-a-Tako - Potranco,Lizeth Alonso,313,,Lobby,,9/8/25 4:14 PM,9/8/25 4:22 PM,8 minutes and 17 seconds,Mayra Luna
Tink-a-Tako - Potranco,Lizeth Alonso,317,,Lobby,,9/8/25 4:25 PM,9/8/25 4:27 PM,2 minutes and 3 seconds,Mayra Luna
Tink-a-Tako - Potranco,Sergio Abundiz,292,25,,2,9/8/25 3:01 PM,9/8/25 4:35 PM,"1 hour, 34 minutes and 9 seconds",Mayra Luna
Tink-a-Tako - Potranco,Isabel Cisneros,301,,,2,9/8/25 3:27 PM,9/8/25 4:35 PM,1 hour and 8 minutes,Mayra Luna
Tink-a-Tako - Potranco,Sergio Abundiz,296,17,,2,9/8/25 3:01 PM,9/8/25 4:35 PM,"1 hour, 34 minutes and 11 seconds",Mayra Luna
Tink-a-Tako - Potranco,Isabel Cisneros,307,8,,2,9/8/25 3:53 PM,9/8/25 4:35 PM,41 minutes and 51 seconds,Mayra Luna
Tink-a-Tako - Potranco,Isabel Cisneros,302,7,,2,9/8/25 3:27 PM,9/8/25 4:35 PM,"1 hour, 8 minutes and 2 seconds",Mayra Luna
Tink-a-Tako - Potranco,Sergio Abundiz,308,42,,2,9/8/25 3:53 PM,9/8/25 4:35 PM,41 minutes and 57 seconds,Mayra Luna
Tink-a-Tako - Potranco,Isabel Cisneros,314,25,,2,9/8/25 4:21 PM,9/8/25 4:35 PM,14 minutes and 28 seconds,Mayra Luna
Tink-a-Tako - Potranco,Sergio Abundiz,318,32,Prep,,9/8/25 4:30 PM,9/8/25 4:37 PM,6 minutes and 58 seconds,Mayra Luna
Tink-a-Tako - Potranco,Sergio Abundiz,318,32,Tortillero,,9/8/25 4:30 PM,9/8/25 4:37 PM,6 minutes and 58 seconds,Mayra Luna
Tink-a-Tako - Potranco,Sergio Abundiz,318,32,Lobby,,9/8/25 4:30 PM,9/8/25 4:37 PM,6 minutes and 58 seconds,Mayra Luna
Tink-a-Tako - Potranco,Sergio Abundiz,318,32,Lobby,,9/8/25 4:41 PM,9/8/25 4:46 PM,5 minutes and 19 seconds,Mayra Luna
Tink-a-Tako - Potranco,Lizeth Alonso,319,,Lobby,,9/8/25 4:40 PM,9/8/25 4:46 PM,6 minutes and 41 seconds,Mayra Luna
Tink-a-Tako - Potranco,Lizeth Alonso,319,,Tortillero,,9/8/25 4:40 PM,9/8/25 4:46 PM,6 minutes and 41 seconds,Mayra Luna
Tink-a-Tako - Potranco,Lizeth Alonso,319,,Prep,,9/8/25 4:40 PM,9/8/25 4:46 PM,6 minutes and 41 seconds,Mayra Luna
Tink-a-Tako - Potranco,Lizeth Alonso,320,,Lobby,,9/8/25 4:40 PM,9/8/25 4:46 PM,5 minutes and 53 seconds,Mayra Luna
Tink-a-Tako - Potranco,Lizeth Alonso,322,,Lobby,,9/8/25 4:48 PM,9/8/25 4:52 PM,4 minutes and 8 seconds,Mayra Luna
Tink-a-Tako - Potranco,Sergio Abundiz,324,41,Lobby,,9/8/25 4:50 PM,9/8/25 5:01 PM,11 minutes and 51 seconds,Mayra Luna
Tink-a-Tako - Potranco,Sergio Abundiz,324,41,Lobby,,9/8/25 5:01 PM,9/8/25 5:08 PM,7 minutes and 9 seconds,Mayra Luna
Tink-a-Tako - Potranco,Lizeth Alonso,327,,Lobby,,9/8/25 5:12 PM,9/8/25 5:16 PM,3 minutes and 27 seconds,Mayra Luna
Tink-a-Tako - Potranco,Isabel Cisneros,325,24,Prep,,9/8/25 5:07 PM,9/8/25 5:19 PM,12 minutes and 1 second,Mayra Luna
Tink-a-Tako - Potranco,Isabel Cisneros,325,24,Tortillero,,9/8/25 5:07 PM,9/8/25 5:19 PM,12 minutes and 1 second,Mayra Luna
Tink-a-Tako - Potranco,Isabel Cisneros,325,24,Lobby,,9/8/25 5:07 PM,9/8/25 5:19 PM,12 minutes and 1 second,Mayra Luna
Tink-a-Tako - Potranco,Sergio Abundiz,326,23,Lobby,,9/8/25 5:11 PM,9/8/25 5:19 PM,8 minutes and 41 seconds,Mayra Luna
Tink-a-Tako - Potranco,Isabel Cisneros,325,24,Prep,,9/8/25 5:18 PM,9/8/25 5:19 PM,1 minute and 11 seconds,Mayra Luna
Tink-a-Tako - Potranco,Isabel Cisneros,325,24,Lobby,,9/8/25 5:18 PM,9/8/25 5:19 PM,1 minute and 11 seconds,Mayra Luna
Tink-a-Tako - Potranco,Lizeth Alonso,328,,Lobby,,9/8/25 5:14 PM,9/8/25 5:20 PM,6 minutes and 15 seconds,Mayra Luna
Tink-a-Tako - Potranco,Lizeth Alonso,328,,Prep,,9/8/25 5:14 PM,9/8/25 5:20 PM,6 minutes and 15 seconds,Mayra Luna
Tink-a-Tako - Potranco,Lizeth Alonso,329,,Lobby,,9/8/25 5:21 PM,9/8/25 5:24 PM,3 minutes and 31 seconds,Mayra Luna
Tink-a-Tako - Potranco,Lizeth Alonso,330,,Lobby,,9/8/25 5:26 PM,9/8/25 5:31 PM,4 minutes and 36 seconds,Mayra Luna
Tink-a-Tako - Potranco,Sergio Abundiz,326,23,Lobby,,9/8/25 5:28 PM,9/8/25 5:38 PM,10 minutes and 40 seconds,Mayra Luna
Tink-a-Tako - Potranco,Lizeth Alonso,331,,Lobby,,9/8/25 5:29 PM,9/8/25 5:42 PM,13 minutes and 16 seconds,Mayra Luna
Tink-a-Tako - Potranco,Lizeth Alonso,333,,Lobby,,9/8/25 5:42 PM,9/8/25 5:43 PM,1 minute and 2 seconds,Mayra Luna
Tink-a-Tako - Potranco,Lizeth Alonso,334,,Lobby,,9/8/25 5:44 PM,9/8/25 5:48 PM,3 minutes and 2 seconds,Mayra Luna
Tink-a-Tako - Potranco,Isabel Cisneros,332,38,Lobby,,9/8/25 5:41 PM,9/8/25 5:48 PM,6 minutes and 31 seconds,Mayra Luna
Tink-a-Tako - Potranco,Isabel Cisneros,332,38,Prep,,9/8/25 5:41 PM,9/8/25 5:48 PM,6 minutes and 31 seconds,Mayra Luna
Tink-a-Tako - Potranco,Isabel Cisneros,332,38,Tortillero,,9/8/25 5:41 PM,9/8/25 5:48 PM,6 minutes and 31 seconds,Mayra Luna
Tink-a-Tako - Potranco,Sergio Abundiz,335,22,Prep,,9/8/25 5:50 PM,9/8/25 5:57 PM,7 minutes and 8 seconds,Mayra Luna
Tink-a-Tako - Potranco,Sergio Abundiz,335,22,Tortillero,,9/8/25 5:50 PM,9/8/25 5:57 PM,7 minutes and 8 seconds,Mayra Luna
Tink-a-Tako - Potranco,Sergio Abundiz,335,22,Lobby,,9/8/25 5:50 PM,9/8/25 5:57 PM,7 minutes and 8 seconds,Mayra Luna
Tink-a-Tako - Potranco,Isabel Cisneros,325,24,,2,9/8/25 5:19 PM,9/8/25 5:58 PM,38 minutes and 39 seconds,Mayra Luna
Tink-a-Tako - Potranco,Sergio Abundiz,324,41,,2,9/8/25 5:08 PM,9/8/25 5:58 PM,50 minutes and 19 seconds,Mayra Luna
Tink-a-Tako - Potranco,Sergio Abundiz,326,23,,2,9/8/25 5:19 PM,9/8/25 5:58 PM,38 minutes and 40 seconds,Mayra Luna
Tink-a-Tako - Potranco,Sergio Abundiz,318,32,,2,9/8/25 4:46 PM,9/8/25 5:58 PM,"1 hour, 11 minutes and 48 seconds",Mayra Luna
Tink-a-Tako - Potranco,Sergio Abundiz,326,23,,2,9/8/25 5:38 PM,9/8/25 5:58 PM,19 minutes and 47 seconds,Mayra Luna
Tink-a-Tako - Potranco,Isabel Cisneros,325,24,,2,9/8/25 5:19 PM,9/8/25 5:58 PM,38 minutes and 44 seconds,Mayra Luna
Tink-a-Tako - Potranco,Sergio Abundiz,324,41,,2,9/8/25 5:01 PM,9/8/25 5:58 PM,56 minutes and 37 seconds,Mayra Luna
Tink-a-Tako - Potranco,Sergio Abundiz,335,22,,2,9/8/25 5:57 PM,9/8/25 5:58 PM,1 minute and 14 seconds,Mayra Luna
Tink-a-Tako - Potranco,Isabel Cisneros,332,38,,2,9/8/25 5:48 PM,9/8/25 5:58 PM,10 minutes and 30 seconds,Mayra Luna
Tink-a-Tako - Potranco,Sergio Abundiz,318,32,,2,9/8/25 4:37 PM,9/8/25 5:58 PM,"1 hour, 21 minutes and 14 seconds",Mayra Luna
Tink-a-Tako - Potranco,Lizeth Alonso,336,,Lobby,,9/8/25 5:57 PM,9/8/25 6:03 PM,6 minutes and 33 seconds,Mayra Luna
Tink-a-Tako - Potranco,Lizeth Alonso,338,,Lobby,,9/8/25 6:01 PM,9/8/25 6:05 PM,3 minutes and 10 seconds,Mayra Luna
Tink-a-Tako - Potranco,Isabel Cisneros,337,32,Lobby,,9/8/25 5:57 PM,9/8/25 6:05 PM,7 minutes and 55 seconds,Mayra Luna
Tink-a-Tako - Potranco,Sergio Abundiz,326,23,Lobby,,9/8/25 5:58 PM,9/8/25 6:05 PM,6 minutes and 43 seconds,Mayra Luna
Tink-a-Tako - Potranco,Sergio Abundiz,339,25,Lobby,,9/8/25 6:14 PM,9/8/25 6:21 PM,7 minutes and 20 seconds,Mayra Luna
Tink-a-Tako - Potranco,Sergio Abundiz,339,25,Prep,,9/8/25 6:14 PM,9/8/25 6:21 PM,7 minutes and 20 seconds,Mayra Luna
Tink-a-Tako - Potranco,Sergio Abundiz,339,25,Tortillero,,9/8/25 6:14 PM,9/8/25 6:21 PM,7 minutes and 20 seconds,Mayra Luna
Tink-a-Tako - Potranco,Sergio Abundiz,339,25,Lobby,,9/8/25 6:15 PM,9/8/25 6:21 PM,6 minutes and 2 seconds,Mayra Luna
Tink-a-Tako - Potranco,Sergio Abundiz,339,25,Lobby,,9/8/25 6:23 PM,9/8/25 6:24 PM,1 minute and 14 seconds,Mayra Luna
Tink-a-Tako - Potranco,Isabel Cisneros,337,32,Lobby,,9/8/25 6:23 PM,9/8/25 6:24 PM,47 seconds,Mayra Luna
Tink-a-Tako - Potranco,Lizeth Alonso,340,,Lobby,,9/8/25 6:29 PM,9/8/25 6:32 PM,3 minutes and 26 seconds,Mayra Luna
Tink-a-Tako - Potranco,Sergio Abundiz,342,1,Lobby,,9/8/25 6:34 PM,9/8/25 6:40 PM,6 minutes and 1 second,Mayra Luna
Tink-a-Tako - Potranco,Isabel Cisneros,341,34,Lobby,,9/8/25 6:34 PM,9/8/25 6:43 PM,9 minutes and 40 seconds,Mayra Luna
Tink-a-Tako - Potranco,Lizeth Alonso,343,,Lobby,,9/8/25 6:41 PM,9/8/25 6:45 PM,4 minutes and 15 seconds,Mayra Luna
Tink-a-Tako - Potranco,Sergio Abundiz,345,23,Lobby,,9/8/25 6:46 PM,9/8/25 6:51 PM,4 minutes and 35 seconds,Mayra Luna
Tink-a-Tako - Potranco,Lizeth Alonso,346,,Lobby,,9/8/25 6:48 PM,9/8/25 6:52 PM,3 minutes and 41 seconds,Mayra Luna
Tink-a-Tako - Potranco,Sergio Abundiz,342,1,,2,9/8/25 6:40 PM,9/8/25 7:01 PM,20 minutes and 52 seconds,Mayra Luna
Tink-a-Tako - Potranco,Sergio Abundiz,345,23,,2,9/8/25 6:51 PM,9/8/25 7:01 PM,10 minutes and 27 seconds,Mayra Luna
Tink-a-Tako - Potranco,Isabel Cisneros,341,34,,2,9/8/25 6:43 PM,9/8/25 7:01 PM,17 minutes and 56 seconds,Mayra Luna
Tink-a-Tako - Potranco,Isabel Cisneros,337,32,,2,9/8/25 6:24 PM,9/8/25 7:01 PM,37 minutes and 4 seconds,Mayra Luna
Tink-a-Tako - Potranco,Sergio Abundiz,339,25,,2,9/8/25 6:21 PM,9/8/25 7:01 PM,39 minutes and 47 seconds,Mayra Luna
Tink-a-Tako - Potranco,Sergio Abundiz,339,25,,2,9/8/25 6:24 PM,9/8/25 7:01 PM,37 minutes and 6 seconds,Mayra Luna
Tink-a-Tako - Potranco,Sergio Abundiz,339,25,,2,9/8/25 6:21 PM,9/8/25 7:01 PM,39 minutes and 49 seconds,Mayra Luna
Tink-a-Tako - Potranco,Sergio Abundiz,326,23,,2,9/8/25 6:05 PM,9/8/25 7:01 PM,56 minutes and 40 seconds,Mayra Luna
Tink-a-Tako - Potranco,Isabel Cisneros,337,32,,2,9/8/25 6:05 PM,9/8/25 7:01 PM,56 minutes and 39 seconds,Mayra Luna
Tink-a-Tako - Potranco,Isabel Cisneros,341,34,Lobby,,9/8/25 7:03 PM,9/8/25 7:18 PM,14 minutes and 22 seconds,Mayra Luna
Tink-a-Tako - Potranco,Isabel Cisneros,351,24,Lobby,,9/8/25 7:16 PM,9/8/25 7:22 PM,5 minutes and 34 seconds,Mayra Luna
Tink-a-Tako - Potranco,Sergio Abundiz,348,38,Lobby,,9/8/25 7:08 PM,9/8/25 7:22 PM,14 minutes and 9 seconds,Mayra Luna
Tink-a-Tako - Potranco,Isabel Cisneros,350,32,Lobby,,9/8/25 7:13 PM,9/8/25 7:24 PM,11 minutes and 22 seconds,Mayra Luna
Tink-a-Tako - Potranco,Isabel Cisneros,351,24,Lobby,,9/8/25 7:16 PM,9/8/25 7:24 PM,8 minutes and 46 seconds,Mayra Luna
Tink-a-Tako - Potranco,Lizeth Alonso,347,,Lobby,,9/8/25 7:17 PM,9/8/25 7:34 PM,16 minutes and 26 seconds,Mayra Luna
Tink-a-Tako - Potranco,Lizeth Alonso,352,,Lobby,,9/8/25 7:18 PM,9/8/25 7:34 PM,16 minutes and 4 seconds,Mayra Luna
Tink-a-Tako - Potranco,Sergio Abundiz,353,,Tortillero,,9/8/25 7:48 PM,9/8/25 7:57 PM,8 minutes and 57 seconds,Mayra Luna
Tink-a-Tako - Potranco,Sergio Abundiz,353,,Lobby,,9/8/25 7:48 PM,9/8/25 7:57 PM,8 minutes and 57 seconds,Mayra Luna
Tink-a-Tako - Potranco,Sergio Abundiz,353,,Prep,,9/8/25 7:48 PM,9/8/25 7:57 PM,8 minutes and 57 seconds,Mayra Luna
Tink-a-Tako - Potranco,Lizeth Alonso,355,,Lobby,,9/8/25 7:54 PM,9/8/25 8:00 PM,5 minutes and 12 seconds,Mayra Luna
Tink-a-Tako - Potranco,Sergio Abundiz,354,8,Lobby,,9/8/25 7:54 PM,9/8/25 8:03 PM,9 minutes and 7 seconds,Mayra Luna
Tink-a-Tako - Potranco,Lizeth Alonso,357,,Lobby,,9/8/25 7:59 PM,9/8/25 8:03 PM,4 minutes,Mayra Luna
Tink-a-Tako - Potranco,Sergio Abundiz,353,,,2,9/8/25 7:57 PM,9/8/25 8:22 PM,25 minutes and 32 seconds,Mayra Luna
Tink-a-Tako - Potranco,Isabel Cisneros,351,24,,2,9/8/25 7:22 PM,9/8/25 8:22 PM,1 hour and 14 seconds,Mayra Luna
Tink-a-Tako - Potranco,Sergio Abundiz,354,8,,2,9/8/25 8:03 PM,9/8/25 8:22 PM,18 minutes and 45 seconds,Mayra Luna
Tink-a-Tako - Potranco,Sergio Abundiz,348,38,,2,9/8/25 7:22 PM,9/8/25 8:22 PM,1 hour and 16 seconds,Mayra Luna
Tink-a-Tako - Potranco,Isabel Cisneros,341,34,,2,9/8/25 7:18 PM,9/8/25 8:22 PM,"1 hour, 4 minutes and 34 seconds",Mayra Luna
Tink-a-Tako - Potranco,Isabel Cisneros,351,24,,2,9/8/25 7:24 PM,9/8/25 8:22 PM,57 minutes and 43 seconds,Mayra Luna
Tink-a-Tako - Potranco,Isabel Cisneros,350,32,,2,9/8/25 7:24 PM,9/8/25 8:22 PM,57 minutes and 43 seconds,Mayra Luna
Tink-a-Tako - Potranco,Lizeth Alonso,361,,Lobby,,9/8/25 8:19 PM,9/8/25 8:25 PM,6 minutes and 20 seconds,Mayra Luna
Tink-a-Tako - Potranco,Isabel Cisneros,358,42,Lobby,,9/8/25 8:27 PM,9/8/25 8:27 PM,11 seconds,Mayra Luna
Tink-a-Tako - Potranco,Isabel Cisneros,359,42,Lobby,,9/8/25 8:19 PM,9/8/25 8:30 PM,10 minutes and 6 seconds,Mayra Luna
Tink-a-Tako - Potranco,Isabel Cisneros,360,42,Lobby,,9/8/25 8:19 PM,9/8/25 8:33 PM,13 minutes and 9 seconds,Mayra Luna
Tink-a-Tako - Potranco,Isabel Cisneros,360,42,Tortillero,,9/8/25 8:19 PM,9/8/25 8:33 PM,13 minutes and 9 seconds,Mayra Luna
Tink-a-Tako - Potranco,Isabel Cisneros,358,42,Lobby,,9/8/25 8:19 PM,9/8/25 8:33 PM,13 minutes and 12 seconds,Mayra Luna
Tink-a-Tako - Potranco,Isabel Cisneros,358,42,Tortillero,,9/8/25 8:19 PM,9/8/25 8:33 PM,13 minutes and 12 seconds,Mayra Luna
Tink-a-Tako - Potranco,Sergio Abundiz,362,25,Prep,,9/8/25 8:34 PM,9/8/25 8:40 PM,6 minutes and 8 seconds,Mayra Luna
Tink-a-Tako - Potranco,Sergio Abundiz,362,25,Tortillero,,9/8/25 8:34 PM,9/8/25 8:40 PM,6 minutes and 8 seconds,Mayra Luna
Tink-a-Tako - Potranco,Sergio Abundiz,362,25,Lobby,,9/8/25 8:34 PM,9/8/25 8:40 PM,6 minutes and 8 seconds,Mayra Luna
Tink-a-Tako - Potranco,Lizeth Alonso,363,,Lobby,,9/8/25 8:39 PM,9/8/25 8:43 PM,3 minutes and 15 seconds,Mayra Luna
Tink-a-Tako - Potranco,Isabel Cisneros,364,33,Lobby,,9/8/25 8:40 PM,9/8/25 8:49 PM,8 minutes and 45 seconds,Mayra Luna
Tink-a-Tako - Potranco,Isabel Cisneros,364,33,,2,9/8/25 8:49 PM,9/8/25 9:32 PM,42 minutes and 45 seconds,Mayra Luna
Tink-a-Tako - Potranco,Isabel Cisneros,358,42,,2,9/8/25 8:27 PM,9/8/25 9:32 PM,"1 hour, 4 minutes and 14 seconds",Mayra Luna
Tink-a-Tako - Potranco,Isabel Cisneros,360,42,,2,9/8/25 8:33 PM,9/8/25 9:32 PM,58 minutes and 57 seconds,Mayra Luna
Tink-a-Tako - Potranco,Sergio Abundiz,362,25,,2,9/8/25 8:40 PM,9/8/25 9:32 PM,51 minutes and 6 seconds,Mayra Luna
Tink-a-Tako - Potranco,Isabel Cisneros,358,42,,2,9/8/25 8:33 PM,9/8/25 9:32 PM,58 minutes and 58 seconds,Mayra Luna
Tink-a-Tako - Potranco,Isabel Cisneros,359,42,,2,9/8/25 8:30 PM,9/8/25 9:32 PM,"1 hour, 2 minutes and 3 seconds",Mayra Luna
