Employee,Job Title,Regular Hours,Overtime Hours,Hourly Rate,Regular Pay,Overtime Pay,Total Pay,Net Sales,Declared Tips,Non-Cash Tips,Total Tips,Tips Withheld,Total Gratuity,Employee ID,Job Code,Location,Location Code
"Abundiz, Ivana",Host,6.19,0.0,14.00,86.66,0.00,86.66,160.76,,6.92,6.92,0.00,0.00,,,Tink-a-Tako - Potranco,
"Abundiz, Sergio",Server,8.03,0.0,,,,,535.74,,62.00,62.00,0.00,0.00,,,Tink-a-Tako - Potranco,
"Alonso, Lizeth",Host,8.29,0.0,13.00,107.77,0.00,107.77,738.31,,25.00,25.00,0.00,0.00,,,Tink-a-Tako - Potranco,
"Aviles, Genaro",Cook,11.11,0.0,15.00,166.65,0.00,166.65,0.00,,0.00,0.00,0.00,0.00,,,Tink-a-Tako - Potranco,
"Brito, Victor ",Regular,7.94,0.0,12.00,95.28,0.00,95.28,0.00,,0.00,0.00,0.00,0.00,,,Tink-a-Tako - Potranco,
"Calderon, Jesus",Cook,6.97,0.0,,,,,0.00,,0.00,0.00,0.00,0.00,,,Tink-a-Tako - Potranco,
"Cisneros, Isabel",Server,7.77,0.0,3.00,23.31,0.00,23.31,625.55,,62.00,62.00,0.00,45.57,,,Tink-a-Tako - Potranco,
"Compean, Rosa",Server,6.35,0.0,3.00,19.05,0.00,19.05,623.62,,85.73,85.73,0.00,12.40,,,Tink-a-Tako - Potranco,
"Del angel , Candy ",Drive-Thru,6.7,0.0,15.00,100.50,0.00,100.50,1478.35,,49.18,49.18,0.00,0.00,,,Tink-a-Tako - Potranco,
"Diaz, Diego",Cook,8.63,0.0,,,,,0.00,,0.00,0.00,0.00,0.00,,,Tink-a-Tako - Potranco,
"Dominguez, Jose ",Cook,8.05,0.0,17.00,136.85,0.00,136.85,0.00,,0.00,0.00,0.00,0.00,,,Tink-a-Tako - Potranco,
"Gonzales (Line) , Maria",Cook,7.38,0.0,14.00,103.32,0.00,103.32,0.00,,0.00,0.00,0.00,0.00,,,Tink-a-Tako - Potranco,
"Gonzalez, Maria ",Tortillero,7.38,0.0,13.00,95.94,0.00,95.94,0.00,,0.00,0.00,0.00,0.00,,,Tink-a-Tako - Potranco,
"Hernandez, Silvia",Server,5.77,0.0,3.00,17.31,0.00,17.31,323.47,,33.29,33.29,0.00,0.00,,,Tink-a-Tako - Potranco,
"Luna, Mayra",Shift Manager / Assistant Manager,7.58,0.0,,,,,0.00,,0.00,0.00,0.00,0.00,1919,,Tink-a-Tako - Potranco,
"Majana, Maria",Server,7.86,0.0,3.00,23.58,0.00,23.58,529.30,,60.13,60.13,0.00,0.00,,,Tink-a-Tako - Potranco,
"ORDONEZ, Rosie ",Shift Manager / Assistant Manager,21.81,0.0,,,,,18.97,0.00,0.00,0.00,0.00,0.00,,,Tink-a-Tako - Potranco,
"ROJAS, JAIME",Busser,4.03,0.0,13.00,52.39,0.00,52.39,0.00,,0.00,0.00,0.00,0.00,,,Tink-a-Tako - Potranco,
"Serrato, Joshua ",Busser,5.11,0.0,12.00,61.32,0.00,61.32,0.00,,0.00,0.00,0.00,0.00,,,Tink-a-Tako - Potranco,
"Trevino, Melissa",Dishwasher,6.75,0.0,13.00,87.75,0.00,87.75,0.00,,0.00,0.00,0.00,0.00,,,Tink-a-Tako - Potranco,
"Zuniga, Sebastian",Cook,8.46,0.0,15.00,126.90,0.00,126.90,0.00,,0.00,0.00,0.00,0.00,,,Tink-a-Tako - Potranco,
