Location,Order #,Opened,Server,Table,Revenue Center,Discount Amount,Amount,Tax,Tip,Gratuity,Duration (Opened to Paid)
Tink-a-Tako - Potranco,1,9/5/25 6:35 AM,Rosie  ORDONEZ,,Dining Room,0.00,5.57,0.46,0.00,0.00,00:02:39
Tink-a-Tako - Potranco,2,9/5/25 6:37 AM,Candy  Del angel ,,Dining Room,0.00,9.87,0.81,0.00,0.00,00:05:00
Tink-a-Tako - Potranco,3,9/5/25 6:38 AM,Candy  Del angel ,,Dining Room,0.00,39.82,3.29,2.00,0.00,00:05:17
Tink-a-Tako - Potranco,4,9/5/25 6:39 AM,Candy  Del angel ,,Dining Room,0.00,14.73,1.21,1.00,0.00,00:06:57
Tink-a-Tako - Potranco,5,9/5/25 6:40 AM,Norma Vasquez,,Dining Room,0.00,15.00,1.24,1.00,0.00,00:00:18
Tink-a-Tako - Potranco,6,9/5/25 6:43 AM,Candy  Del angel ,,Dining Room,0.00,8.67,0.72,0.00,0.00,00:05:09
Tink-a-Tako - Potranco,7,9/5/25 6:43 AM,Candy  Del angel ,,Dining Room,0.00,7.47,0.62,0.00,0.00,00:06:05
Tink-a-Tako - Potranco,8,9/5/25 6:47 AM,Candy  Del angel ,,Dining Room,0.00,31.04,2.57,0.00,0.00,00:03:51
Tink-a-Tako - Potranco,9,9/5/25 7:00 AM,Candy  Del angel ,,Dining Room,0.00,10.63,0.87,0.00,0.00,00:02:46
Tink-a-Tako - Potranco,11,9/5/25 7:01 AM,Norma Vasquez,,Dining Room,0.00,9.27,0.76,0.00,0.00,00:00:28
Tink-a-Tako - Potranco,10,9/5/25 7:00 AM,Candy  Del angel ,,Dining Room,0.00,12.49,1.03,0.00,0.00,00:03:52
Tink-a-Tako - Potranco,12,9/5/25 7:03 AM,Norma Vasquez,,Dining Room,0.00,7.56,0.63,0.00,0.00,00:08:29
Tink-a-Tako - Potranco,13,9/5/25 7:04 AM,Candy  Del angel ,,Dining Room,0.00,12.38,1.01,1.00,0.00,00:02:32
Tink-a-Tako - Potranco,14,9/5/25 7:04 AM,Norma Vasquez,,Dining Room,0.00,10.83,0.89,0.00,0.00,00:00:26
Tink-a-Tako - Potranco,16,9/5/25 7:05 AM,Candy  Del angel ,,Dining Room,0.00,3.04,0.25,0.00,0.00,00:05:37
Tink-a-Tako - Potranco,17,9/5/25 7:06 AM,Candy  Del angel ,,Dining Room,0.00,8.77,0.72,0.00,0.00,00:06:16
Tink-a-Tako - Potranco,18,9/5/25 7:09 AM,Candy  Del angel ,,Dining Room,0.00,9.43,0.77,2.00,0.00,00:04:46
Tink-a-Tako - Potranco,15,9/5/25 7:05 AM,Norma Vasquez,26,Dining Room,0.00,7.57,0.63,0.00,0.00,00:31:12
Tink-a-Tako - Potranco,19,9/5/25 7:10 AM,Candy  Del angel ,,Dining Room,0.00,11.99,0.99,0.00,0.00,00:06:08
Tink-a-Tako - Potranco,20,9/5/25 7:13 AM,Candy  Del angel ,,Dining Room,0.00,33.55,2.76,2.00,0.00,00:10:29
Tink-a-Tako - Potranco,21,9/5/25 7:16 AM,Rosie  ORDONEZ,,Dining Room,0.00,5.79,0.48,0.00,0.00,00:00:24
Tink-a-Tako - Potranco,23,9/5/25 7:17 AM,Candy  Del angel ,,Dining Room,0.00,6.48,0.54,1.00,0.00,00:07:42
Tink-a-Tako - Potranco,22,9/5/25 7:17 AM,Norma Vasquez,25,Dining Room,0.00,13.67,1.14,5.00,0.00,00:17:44
Tink-a-Tako - Potranco,24,9/5/25 7:17 AM,Candy  Del angel ,,Dining Room,0.00,10.76,0.89,0.00,0.00,00:09:02
Tink-a-Tako - Potranco,26,9/5/25 7:17 AM,Norma Vasquez,,Dining Room,0.00,4.48,0.37,0.00,0.00,00:00:33
Tink-a-Tako - Potranco,25,9/5/25 7:17 AM,Candy  Del angel ,,Dining Room,0.00,4.58,0.38,0.00,0.00,00:11:04
Tink-a-Tako - Potranco,27,9/5/25 7:24 AM,Candy  Del angel ,,Dining Room,0.00,7.56,0.63,0.00,0.00,00:05:13
Tink-a-Tako - Potranco,29,9/5/25 7:25 AM,Candy  Del angel ,,Dining Room,0.00,0.00,0.00,0.00,0.00,00:00:23
Tink-a-Tako - Potranco,28,9/5/25 7:25 AM,Norma Vasquez,,Dining Room,0.00,48.54,4.00,10.00,0.00,00:14:10
Tink-a-Tako - Potranco,30,9/5/25 7:28 AM,Candy  Del angel ,,Dining Room,0.00,3.58,0.30,0.00,0.00,00:02:01
Tink-a-Tako - Potranco,31,9/5/25 7:29 AM,Candy  Del angel ,,Dining Room,0.00,8.67,0.71,2.00,0.00,00:04:32
Tink-a-Tako - Potranco,33,9/5/25 7:29 AM,Rosie  ORDONEZ,,Dining Room,0.00,2.99,0.25,0.00,0.00,00:00:21
Tink-a-Tako - Potranco,32,9/5/25 7:29 AM,Candy  Del angel ,,Dining Room,0.00,14.76,1.22,0.00,0.00,00:06:00
Tink-a-Tako - Potranco,35,9/5/25 7:30 AM,Candy  Del angel ,,Dining Room,0.00,7.97,0.66,0.00,0.00,00:09:45
Tink-a-Tako - Potranco,36,9/5/25 7:31 AM,Candy  Del angel ,,Dining Room,0.00,31.02,2.55,0.00,0.00,00:09:39
Tink-a-Tako - Potranco,37,9/5/25 7:34 AM,Rosie  ORDONEZ,,Dining Room,0.00,17.03,1.40,0.00,0.00,00:14:54
Tink-a-Tako - Potranco,38,9/5/25 7:35 AM,Candy  Del angel ,,Dining Room,0.00,17.19,1.41,0.00,0.00,00:06:57
Tink-a-Tako - Potranco,39,9/5/25 7:36 AM,Candy  Del angel ,,Dining Room,0.00,6.44,0.53,0.00,0.00,00:10:03
Tink-a-Tako - Potranco,40,9/5/25 7:41 AM,Candy  Del angel ,,Dining Room,0.00,10.47,0.86,0.00,0.00,00:06:08
Tink-a-Tako - Potranco,42,9/5/25 7:42 AM,Candy  Del angel ,,Dining Room,0.00,14.34,1.19,0.00,0.00,00:06:07
Tink-a-Tako - Potranco,43,9/5/25 7:42 AM,Candy  Del angel ,,Dining Room,0.00,17.56,1.45,0.00,0.00,00:06:26
Tink-a-Tako - Potranco,41,9/5/25 7:41 AM,Norma Vasquez,10,Dining Room,0.00,20.51,1.71,0.00,0.00,00:55:06
Tink-a-Tako - Potranco,44,9/5/25 7:45 AM,Norma Vasquez,,Dining Room,0.00,7.96,0.66,0.38,0.00,00:00:16
Tink-a-Tako - Potranco,45,9/5/25 7:46 AM,Candy  Del angel ,,Dining Room,0.00,2.49,0.21,0.00,0.00,00:05:28
Tink-a-Tako - Potranco,46,9/5/25 7:47 AM,Candy  Del angel ,,Dining Room,0.00,8.27,0.68,0.00,0.00,00:05:17
Tink-a-Tako - Potranco,47,9/5/25 7:49 AM,Candy  Del angel ,,Dining Room,0.00,4.28,0.35,1.00,0.00,00:05:15
Tink-a-Tako - Potranco,48,9/5/25 7:52 AM,Candy  Del angel ,,Dining Room,0.00,15.77,1.30,0.00,0.00,00:03:06
Tink-a-Tako - Potranco,49,9/5/25 7:53 AM,Candy  Del angel ,,Dining Room,0.00,9.58,0.79,0.00,0.00,00:08:47
Tink-a-Tako - Potranco,50,9/5/25 7:55 AM,Candy  Del angel ,,Dining Room,0.00,5.97,0.49,0.00,0.00,00:08:21
Tink-a-Tako - Potranco,51,9/5/25 7:58 AM,Candy  Del angel ,,Dining Room,0.00,41.91,3.46,0.00,0.00,00:09:24
Tink-a-Tako - Potranco,52,9/5/25 7:58 AM,Candy  Del angel ,,Dining Room,0.00,3.58,0.30,0.00,0.00,00:00:11
Tink-a-Tako - Potranco,53,9/5/25 7:58 AM,Candy  Del angel ,,Dining Room,0.00,7.76,0.64,0.00,0.00,00:11:19
Tink-a-Tako - Potranco,54,9/5/25 8:03 AM,Candy  Del angel ,,Dining Room,0.00,4.48,0.37,0.00,0.00,00:07:56
Tink-a-Tako - Potranco,55,9/5/25 8:03 AM,Norma Vasquez,25,Dining Room,0.00,24.45,2.02,0.00,0.00,00:33:53
Tink-a-Tako - Potranco,57,9/5/25 8:04 AM,Rosa Compean,32,Dining Room,0.00,22.64,1.86,0.00,0.00,00:23:31
Tink-a-Tako - Potranco,59,9/5/25 8:08 AM,Esperansa Caviedes,8,Dining Room,0.00,39.40,3.24,0.00,0.00,04:45:05
Tink-a-Tako - Potranco,58,9/5/25 8:08 AM,Candy  Del angel ,,Dining Room,0.00,4.03,0.33,0.00,0.00,00:09:46
Tink-a-Tako - Potranco,61,9/5/25 8:09 AM,Candy  Del angel ,,Dining Room,0.00,3.78,0.31,0.00,0.00,00:08:14
Tink-a-Tako - Potranco,62,9/5/25 8:12 AM,Candy  Del angel ,,Dining Room,0.00,13.04,1.07,0.00,0.00,00:08:00
Tink-a-Tako - Potranco,63,9/5/25 8:13 AM,Candy  Del angel ,,Dining Room,0.00,30.34,2.50,0.00,0.00,02:01:44
Tink-a-Tako - Potranco,64,9/5/25 8:13 AM,Candy  Del angel ,,Dining Room,0.00,16.99,1.40,0.00,0.00,00:08:15
Tink-a-Tako - Potranco,65,9/5/25 8:14 AM,Candy  Del angel ,,Dining Room,0.00,18.65,1.54,0.00,0.00,00:09:10
Tink-a-Tako - Potranco,66,9/5/25 8:14 AM,Candy  Del angel ,,Dining Room,0.00,7.37,0.61,1.00,0.00,00:09:31
Tink-a-Tako - Potranco,67,9/5/25 8:14 AM,Candy  Del angel ,,Dining Room,0.00,6.48,0.54,0.00,0.00,00:10:30
Tink-a-Tako - Potranco,68,9/5/25 8:15 AM,Maria Majana,,Dining Room,0.00,6.37,0.52,0.00,0.00,00:09:13
Tink-a-Tako - Potranco,70,9/5/25 8:15 AM,Maria Majana,,Dining Room,0.00,8.38,0.69,0.00,0.00,00:01:31
Tink-a-Tako - Potranco,71,9/5/25 8:17 AM,Maria Majana,,Dining Room,0.00,42.53,3.50,0.00,0.00,00:14:19
Tink-a-Tako - Potranco,74,9/5/25 8:22 AM,Candy  Del angel ,,Dining Room,0.00,19.57,1.61,0.00,0.00,00:04:19
Tink-a-Tako - Potranco,75,9/5/25 8:24 AM,Candy  Del angel ,,Dining Room,0.00,14.27,1.18,0.00,0.00,00:03:13
Tink-a-Tako - Potranco,76,9/5/25 8:26 AM,Norma Vasquez,22,Dining Room,0.00,21.89,1.79,2.00,0.00,00:14:41
Tink-a-Tako - Potranco,77,9/5/25 8:28 AM,Silvia Hernandez,24,Dining Room,4.40,24.51,2.03,0.00,0.00,00:41:17
Tink-a-Tako - Potranco,78,9/5/25 8:28 AM,Candy  Del angel ,,Dining Room,0.00,23.84,1.96,0.00,0.00,00:01:38
Tink-a-Tako - Potranco,79,9/5/25 8:29 AM,Candy  Del angel ,,Dining Room,0.00,15.64,1.29,0.00,0.00,00:13:03
Tink-a-Tako - Potranco,80,9/5/25 8:30 AM,Candy  Del angel ,,Dining Room,0.60,5.39,0.44,0.00,0.00,00:14:56
Tink-a-Tako - Potranco,81,9/5/25 8:31 AM,Candy  Del angel ,,Dining Room,0.00,27.91,2.29,0.00,0.00,00:15:57
Tink-a-Tako - Potranco,82,9/5/25 8:31 AM,Rosa Compean,37,Dining Room,0.00,20.67,1.70,5.00,0.00,00:27:20
Tink-a-Tako - Potranco,69,9/5/25 8:15 AM,Candy  Del angel ,,Dining Room,0.00,8.27,0.68,0.00,0.00,00:57:49
Tink-a-Tako - Potranco,83,9/5/25 8:33 AM,Norma Vasquez,32,Dining Room,0.00,17.36,1.44,0.00,0.00,00:24:06
Tink-a-Tako - Potranco,85,9/5/25 8:34 AM,Maria Majana,,Dining Room,15.26,0.00,0.00,0.00,0.00,05:19:13
Tink-a-Tako - Potranco,86,9/5/25 8:36 AM,Maria Majana,,Dining Room,0.00,12.75,1.06,0.00,0.00,00:00:46
Tink-a-Tako - Potranco,89,9/5/25 8:37 AM,Esperansa Caviedes,7,Dining Room,0.00,26.62,2.20,0.00,0.00,01:24:10
Tink-a-Tako - Potranco,90,9/5/25 8:39 AM,Silvia Hernandez,23,Dining Room,0.00,13.26,1.09,0.00,0.00,00:41:43
Tink-a-Tako - Potranco,91,9/5/25 8:43 AM,Candy  Del angel ,,Dining Room,0.00,2.79,0.23,0.00,0.00,00:01:17
Tink-a-Tako - Potranco,93,9/5/25 8:44 AM,Norma Vasquez,25,Dining Room,0.00,13.17,1.09,0.00,0.00,00:13:39
Tink-a-Tako - Potranco,94,9/5/25 8:45 AM,Esperansa Caviedes,20,Dining Room,0.00,26.21,2.17,6.00,0.00,00:34:35
Tink-a-Tako - Potranco,92,9/5/25 8:44 AM,Maria Majana,,Dining Room,0.00,31.89,2.62,0.00,0.00,00:25:33
Tink-a-Tako - Potranco,96,9/5/25 8:46 AM,Rosa Compean,38,Dining Room,0.00,26.99,2.22,0.00,0.00,00:35:05
Tink-a-Tako - Potranco,95,9/5/25 8:46 AM,Candy  Del angel ,,Dining Room,0.00,20.97,1.73,0.00,0.00,00:03:57
Tink-a-Tako - Potranco,99,9/5/25 8:48 AM,Rosa Compean,15,Dining Room,0.00,25.92,2.13,4.00,0.00,00:28:56
Tink-a-Tako - Potranco,100,9/5/25 8:48 AM,Norma Vasquez,3,Dining Room,0.00,20.95,1.73,4.00,0.00,00:26:18
Tink-a-Tako - Potranco,98,9/5/25 8:48 AM,Candy  Del angel ,,Dining Room,0.00,27.54,2.26,0.00,0.00,00:10:54
Tink-a-Tako - Potranco,102,9/5/25 8:51 AM,Esperansa Caviedes,31,Dining Room,0.00,0.00,0.00,0.00,0.00,00:45:09
Tink-a-Tako - Potranco,88,9/5/25 8:37 AM,Candy  Del angel ,,Dining Room,0.00,5.98,0.49,0.00,0.00,00:33:08
Tink-a-Tako - Potranco,103,9/5/25 8:53 AM,Silvia Hernandez,9,Dining Room,0.00,30.96,2.56,0.00,0.00,00:29:34
Tink-a-Tako - Potranco,104,9/5/25 8:54 AM,Candy  Del angel ,,Dining Room,0.00,48.85,4.04,0.00,0.00,00:17:05
Tink-a-Tako - Potranco,109,9/5/25 8:59 AM,Candy  Del angel ,,Dining Room,0.00,0.00,0.00,0.00,0.00,00:00:11
Tink-a-Tako - Potranco,107,9/5/25 8:57 AM,Silvia Hernandez,18,Dining Room,3.00,17.96,1.49,6.00,0.00,00:34:59
Tink-a-Tako - Potranco,110,9/5/25 9:11 AM,Candy  Del angel ,,Dining Room,0.00,14.46,1.19,0.00,0.00,00:03:24
Tink-a-Tako - Potranco,111,9/5/25 9:12 AM,Candy  Del angel ,,Dining Room,0.00,10.78,0.89,0.00,0.00,00:04:56
Tink-a-Tako - Potranco,112,9/5/25 9:13 AM,Candy  Del angel ,,Dining Room,0.00,10.96,0.90,1.00,0.00,00:05:16
Tink-a-Tako - Potranco,113,9/5/25 9:14 AM,Candy  Del angel ,,Dining Room,0.00,7.67,0.63,0.00,0.00,00:08:31
Tink-a-Tako - Potranco,114,9/5/25 9:18 AM,Esperansa Caviedes,25,Dining Room,0.00,24.25,2.00,0.00,0.00,00:29:12
Tink-a-Tako - Potranco,115,9/5/25 9:18 AM,Rosa Compean,24,Dining Room,0.00,35.74,2.95,5.31,0.00,00:40:05
Tink-a-Tako - Potranco,116,9/5/25 9:18 AM,Candy  Del angel ,,Dining Room,0.00,18.36,1.51,0.00,0.00,00:05:48
Tink-a-Tako - Potranco,117,9/5/25 9:19 AM,Candy  Del angel ,,Dining Room,0.00,18.86,1.55,5.00,0.00,00:07:21
Tink-a-Tako - Potranco,118,9/5/25 9:20 AM,Maria Majana,,Dining Room,0.00,3.98,0.33,0.00,0.00,00:00:24
Tink-a-Tako - Potranco,119,9/5/25 9:20 AM,Maria Majana,,Dining Room,0.00,9.96,0.82,2.00,0.00,00:00:22
Tink-a-Tako - Potranco,105,9/5/25 8:56 AM,Candy  Del angel ,,Dining Room,0.00,6.97,0.57,0.00,0.00,00:35:04
Tink-a-Tako - Potranco,122,9/5/25 9:24 AM,Candy  Del angel ,,Dining Room,0.00,3.98,0.33,0.00,0.00,00:08:45
Tink-a-Tako - Potranco,124,9/5/25 9:25 AM,Norma Vasquez,33,Dining Room,0.00,17.82,1.47,0.00,0.00,00:16:43
Tink-a-Tako - Potranco,123,9/5/25 9:24 AM,Candy  Del angel ,,Dining Room,0.00,4.58,0.38,1.00,0.00,00:09:09
Tink-a-Tako - Potranco,121,9/5/25 9:22 AM,Candy  Del angel ,,Dining Room,0.00,12.21,1.00,0.00,0.00,00:13:36
Tink-a-Tako - Potranco,125,9/5/25 9:27 AM,Maria Majana,,Dining Room,0.00,18.94,1.56,2.50,0.00,00:01:44
Tink-a-Tako - Potranco,128,9/5/25 9:29 AM,Candy  Del angel ,,Dining Room,0.00,26.71,2.20,0.00,0.00,00:10:08
Tink-a-Tako - Potranco,129,9/5/25 9:29 AM,Candy  Del angel ,,Dining Room,0.00,20.47,1.68,0.00,0.00,00:11:41
Tink-a-Tako - Potranco,130,9/5/25 9:30 AM,Candy  Del angel ,,Dining Room,0.00,3.98,0.33,1.00,0.00,00:12:09
Tink-a-Tako - Potranco,131,9/5/25 9:30 AM,Candy  Del angel ,,Dining Room,0.00,13.69,1.12,2.00,0.00,00:13:15
Tink-a-Tako - Potranco,134,9/5/25 9:32 AM,Rosa Compean,17,Dining Room,0.00,23.96,1.99,0.00,0.00,00:58:30
Tink-a-Tako - Potranco,133,9/5/25 9:31 AM,Esperansa Caviedes,22,Dining Room,0.00,0.00,0.00,0.00,0.00,00:01:07
Tink-a-Tako - Potranco,136,9/5/25 9:35 AM,Silvia Hernandez,4,Dining Room,0.00,25.04,2.06,4.00,0.00,00:22:20
Tink-a-Tako - Potranco,137,9/5/25 9:36 AM,Maria Majana,,Dining Room,0.00,11.33,0.93,0.00,0.00,00:01:26
Tink-a-Tako - Potranco,139,9/5/25 9:37 AM,Esperansa Caviedes,31,Dining Room,0.00,59.54,4.88,7.00,0.00,00:11:29
Tink-a-Tako - Potranco,141,9/5/25 9:39 AM,Candy  Del angel ,,Dining Room,0.00,2.99,0.25,0.00,0.00,00:04:56
Tink-a-Tako - Potranco,142,9/5/25 9:40 AM,Rosa Compean,32,Dining Room,0.00,19.96,1.66,3.00,0.00,00:24:26
Tink-a-Tako - Potranco,143,9/5/25 9:40 AM,Norma Vasquez,20,Dining Room,2.60,19.93,1.65,0.00,0.00,00:48:34
Tink-a-Tako - Potranco,144,9/5/25 9:44 AM,Esperansa Caviedes,36,Dining Room,0.00,21.34,1.75,0.00,0.00,00:32:21
Tink-a-Tako - Potranco,146,9/5/25 9:49 AM,Candy  Del angel ,,Dining Room,0.00,9.96,0.82,0.00,0.00,00:01:35
Tink-a-Tako - Potranco,145,9/5/25 9:48 AM,Brianna  Arias ,,None,3.99,0.00,0.00,0.00,0.00,04:05:10
Tink-a-Tako - Potranco,147,9/5/25 9:49 AM,Candy  Del angel ,,Dining Room,0.00,13.49,1.11,0.00,0.00,00:07:09
Tink-a-Tako - Potranco,149,9/5/25 9:51 AM,Candy  Del angel ,,Dining Room,0.00,3.98,0.33,0.00,0.00,00:07:05
Tink-a-Tako - Potranco,150,9/5/25 9:51 AM,Candy  Del angel ,,Dining Room,0.00,9.96,0.82,0.00,0.00,00:07:16
Tink-a-Tako - Potranco,153,9/5/25 9:52 AM,Norma Vasquez,3,Dining Room,0.00,16.98,1.40,0.00,0.00,00:32:52
Tink-a-Tako - Potranco,154,9/5/25 9:52 AM,Candy  Del angel ,,Dining Room,0.00,3.98,0.33,0.00,0.00,00:00:09
Tink-a-Tako - Potranco,155,9/5/25 9:52 AM,Norma Vasquez,40,Dining Room,0.00,138.65,11.44,9.00,27.76,01:33:28
Tink-a-Tako - Potranco,167,9/5/25 9:54 AM,Silvia Hernandez,37,Dining Room,0.00,23.46,1.94,0.00,0.00,00:28:23
Tink-a-Tako - Potranco,168,9/5/25 9:54 AM,Rosa Compean,10,Dining Room,0.00,49.84,4.10,11.00,0.00,00:49:52
Tink-a-Tako - Potranco,169,9/5/25 9:57 AM,Candy  Del angel ,,Dining Room,0.00,5.48,0.46,1.00,0.00,00:02:23
Tink-a-Tako - Potranco,170,9/5/25 9:58 AM,Candy  Del angel ,,Dining Room,0.00,28.85,2.38,0.00,0.00,00:05:27
Tink-a-Tako - Potranco,171,9/5/25 9:59 AM,Candy  Del angel ,,Dining Room,0.00,21.73,1.79,0.00,0.00,00:12:10
Tink-a-Tako - Potranco,132,9/5/25 9:30 AM,Candy  Del angel ,,Dining Room,0.00,5.98,0.49,0.00,0.00,00:45:28
Tink-a-Tako - Potranco,174,9/5/25 10:02 AM,Esperansa Caviedes,25,Dining Room,0.00,29.67,2.44,4.00,0.00,00:44:11
Tink-a-Tako - Potranco,175,9/5/25 10:04 AM,Candy  Del angel ,,Dining Room,0.00,5.97,0.48,0.00,0.00,00:12:36
Tink-a-Tako - Potranco,177,9/5/25 10:06 AM,Norma Vasquez,18,Dining Room,0.00,12.73,1.05,0.00,0.00,00:14:22
Tink-a-Tako - Potranco,178,9/5/25 10:07 AM,Silvia Hernandez,33,Dining Room,0.00,21.96,1.82,4.00,0.00,00:31:30
Tink-a-Tako - Potranco,179,9/5/25 10:08 AM,Maria Majana,,Dining Room,0.00,17.39,1.43,0.00,0.00,00:14:52
Tink-a-Tako - Potranco,180,9/5/25 10:09 AM,Maria Majana,,Dining Room,0.00,7.36,0.60,0.00,0.00,00:14:44
Tink-a-Tako - Potranco,182,9/5/25 10:10 AM,Rosa Compean,24,Dining Room,0.00,18.03,1.50,10.00,0.00,00:20:21
Tink-a-Tako - Potranco,183,9/5/25 10:11 AM,Candy  Del angel ,,Dining Room,0.00,7.97,0.66,0.00,0.00,00:07:37
Tink-a-Tako - Potranco,184,9/5/25 10:12 AM,Esperansa Caviedes,7,Dining Room,0.00,20.30,1.67,0.00,0.00,00:26:39
Tink-a-Tako - Potranco,185,9/5/25 10:13 AM,Candy  Del angel ,,Dining Room,0.00,8.06,0.67,2.00,0.00,00:06:29
Tink-a-Tako - Potranco,186,9/5/25 10:13 AM,Norma Vasquez,32,Dining Room,0.00,19.43,1.59,0.00,0.00,00:27:26
Tink-a-Tako - Potranco,187,9/5/25 10:13 AM,Candy  Del angel ,,Dining Room,0.00,21.38,1.75,0.00,0.00,00:10:06
Tink-a-Tako - Potranco,190,9/5/25 10:15 AM,Norma Vasquez,15,Dining Room,0.00,26.95,2.23,6.82,0.00,01:02:25
Tink-a-Tako - Potranco,191,9/5/25 10:15 AM,Rosa Compean,9,Dining Room,0.00,22.11,1.82,0.00,0.00,00:33:13
Tink-a-Tako - Potranco,181,9/5/25 10:09 AM,Maria Majana,,Dining Room,0.00,5.98,0.49,0.00,0.00,00:06:06
Tink-a-Tako - Potranco,188,9/5/25 10:14 AM,Esperansa Caviedes,23,Dining Room,0.00,27.18,2.23,0.00,0.00,02:14:37
Tink-a-Tako - Potranco,193,9/5/25 10:17 AM,Candy  Del angel ,,Dining Room,0.00,8.96,0.74,0.00,0.00,00:07:32
Tink-a-Tako - Potranco,194,9/5/25 10:19 AM,Candy  Del angel ,,Dining Room,0.00,6.77,0.56,0.00,0.00,00:11:10
Tink-a-Tako - Potranco,195,9/5/25 10:19 AM,Candy  Del angel ,,Dining Room,0.00,14.92,1.23,0.00,0.00,00:11:36
Tink-a-Tako - Potranco,196,9/5/25 10:21 AM,Candy  Del angel ,,Dining Room,0.00,8.17,0.67,0.00,0.00,00:10:35
Tink-a-Tako - Potranco,199,9/5/25 10:25 AM,Candy  Del angel ,,Dining Room,0.00,9.77,0.81,0.00,0.00,00:07:42
Tink-a-Tako - Potranco,198,9/5/25 10:25 AM,Silvia Hernandez,21,Dining Room,0.00,8.43,0.69,0.00,0.00,00:29:42
Tink-a-Tako - Potranco,200,9/5/25 10:25 AM,Mayra Luna,,Dining Room,15.11,0.00,0.00,0.00,0.00,05:58:20
Tink-a-Tako - Potranco,202,9/5/25 10:26 AM,Norma Vasquez,38,Dining Room,0.00,15.23,1.26,3.00,0.00,00:37:15
Tink-a-Tako - Potranco,203,9/5/25 10:32 AM,Candy  Del angel ,,Dining Room,0.00,25.40,2.10,0.00,0.00,00:01:50
Tink-a-Tako - Potranco,206,9/5/25 10:33 AM,Candy  Del angel ,,Dining Room,0.00,18.65,1.54,0.00,0.00,00:08:31
Tink-a-Tako - Potranco,173,9/5/25 10:00 AM,Candy  Del angel ,,Dining Room,0.00,16.97,1.40,0.00,0.00,00:42:52
Tink-a-Tako - Potranco,209,9/5/25 10:39 AM,Esperansa Caviedes,31,Dining Room,0.00,81.78,6.73,3.49,16.37,00:53:46
Tink-a-Tako - Potranco,211,9/5/25 10:39 AM,Candy  Del angel ,,Dining Room,0.00,17.04,1.41,0.00,0.00,00:06:20
Tink-a-Tako - Potranco,210,9/5/25 10:39 AM,Rosa Compean,18,Dining Room,1.40,18.56,1.54,0.00,0.00,00:29:17
Tink-a-Tako - Potranco,212,9/5/25 10:42 AM,Candy  Del angel ,,Dining Room,0.00,27.10,2.24,0.00,0.00,00:06:45
Tink-a-Tako - Potranco,213,9/5/25 10:43 AM,Silvia Hernandez,17,Dining Room,0.00,15.33,1.26,3.00,0.00,00:17:38
Tink-a-Tako - Potranco,214,9/5/25 10:44 AM,Candy  Del angel ,,Dining Room,0.00,19.60,1.63,3.00,0.00,00:06:23
Tink-a-Tako - Potranco,215,9/5/25 10:46 AM,Candy  Del angel ,,Dining Room,0.00,20.55,1.68,5.00,0.00,00:06:35
Tink-a-Tako - Potranco,208,9/5/25 10:38 AM,Candy  Del angel ,,Dining Room,0.00,9.96,0.83,0.00,0.00,00:17:33
Tink-a-Tako - Potranco,217,9/5/25 10:50 AM,Candy  Del angel ,,Dining Room,0.00,18.03,1.48,0.00,0.00,00:07:25
Tink-a-Tako - Potranco,218,9/5/25 10:51 AM,Candy  Del angel ,,Dining Room,0.00,6.58,0.55,0.00,0.00,00:11:10
Tink-a-Tako - Potranco,220,9/5/25 10:55 AM,Maria Majana,,Dining Room,0.00,21.42,1.76,0.00,0.00,00:00:54
Tink-a-Tako - Potranco,219,9/5/25 10:54 AM,Rosa Compean,22,Dining Room,0.00,26.49,2.19,6.00,0.00,01:09:09
Tink-a-Tako - Potranco,222,9/5/25 10:56 AM,Esperansa Caviedes,12,Dining Room,0.00,64.06,5.29,0.00,0.00,02:10:50
Tink-a-Tako - Potranco,223,9/5/25 10:56 AM,Candy  Del angel ,,Dining Room,0.00,5.77,0.48,0.00,0.00,00:07:05
Tink-a-Tako - Potranco,224,9/5/25 10:58 AM,Candy  Del angel ,,Dining Room,0.00,14.26,1.17,0.00,0.00,00:12:53
Tink-a-Tako - Potranco,225,9/5/25 11:02 AM,Silvia Hernandez,26,Dining Room,0.00,7.77,0.64,0.00,0.00,00:55:18
Tink-a-Tako - Potranco,226,9/5/25 11:04 AM,Candy  Del angel ,,Dining Room,0.00,11.41,0.93,0.00,0.00,00:08:04
Tink-a-Tako - Potranco,227,9/5/25 11:04 AM,Maria Majana,,Dining Room,0.00,10.98,0.91,0.00,0.00,00:44:41
Tink-a-Tako - Potranco,229,9/5/25 11:05 AM,Candy  Del angel ,,Dining Room,0.00,5.77,0.48,0.00,0.00,00:00:20
Tink-a-Tako - Potranco,228,9/5/25 11:04 AM,Norma Vasquez,4,Dining Room,0.00,32.49,2.67,0.00,0.00,00:46:27
Tink-a-Tako - Potranco,230,9/5/25 11:06 AM,Rosa Compean,25,Dining Room,0.00,23.71,1.96,10.00,0.00,00:26:01
Tink-a-Tako - Potranco,231,9/5/25 11:07 AM,Norma Vasquez,24,Dining Room,0.00,53.14,4.39,0.00,0.00,00:23:00
Tink-a-Tako - Potranco,232,9/5/25 11:09 AM,Esperansa Caviedes,32,Dining Room,0.00,10.98,0.91,5.00,0.00,00:20:56
Tink-a-Tako - Potranco,233,9/5/25 11:16 AM,Candy  Del angel ,,Dining Room,0.00,19.53,1.61,0.00,0.00,00:01:25
Tink-a-Tako - Potranco,234,9/5/25 11:17 AM,Silvia Hernandez,33,Dining Room,0.00,13.69,1.12,5.00,0.00,00:28:55
Tink-a-Tako - Potranco,236,9/5/25 11:17 AM,Esperansa Caviedes,7,Dining Room,0.00,18.67,1.54,4.11,0.00,00:41:07
Tink-a-Tako - Potranco,237,9/5/25 11:20 AM,Candy  Del angel ,,Dining Room,0.00,11.76,0.97,0.00,0.00,00:01:32
Tink-a-Tako - Potranco,238,9/5/25 11:21 AM,Candy  Del angel ,,Dining Room,0.00,0.00,0.00,0.00,0.00,00:01:12
Tink-a-Tako - Potranco,239,9/5/25 11:24 AM,Norma Vasquez,9,Dining Room,0.00,8.97,0.75,2.00,0.00,00:23:35
Tink-a-Tako - Potranco,240,9/5/25 11:24 AM,Rosa Compean,34,Dining Room,0.00,9.97,0.81,0.00,0.00,00:45:59
Tink-a-Tako - Potranco,243,9/5/25 11:25 AM,Candy  Del angel ,,Dining Room,0.00,14.94,1.23,0.00,0.00,00:00:45
Tink-a-Tako - Potranco,247,9/5/25 11:25 AM,Candy  Del angel ,,Dining Room,0.00,38.33,3.14,0.00,0.00,00:09:58
Tink-a-Tako - Potranco,250,9/5/25 11:27 AM,Candy  Del angel ,,Dining Room,0.00,13.33,1.09,0.00,0.00,00:10:31
Tink-a-Tako - Potranco,249,9/5/25 11:27 AM,Silvia Hernandez,11,Dining Room,0.00,16.43,1.35,5.00,0.00,00:23:21
Tink-a-Tako - Potranco,251,9/5/25 11:30 AM,Candy  Del angel ,,Dining Room,0.00,7.16,0.59,0.00,0.00,00:09:17
Tink-a-Tako - Potranco,255,9/5/25 11:35 AM,Rosa Compean,24,Dining Room,0.00,12.99,1.07,0.00,0.00,00:18:44
Tink-a-Tako - Potranco,256,9/5/25 11:36 AM,Candy  Del angel ,,Dining Room,0.00,13.57,1.12,2.00,0.00,00:11:55
Tink-a-Tako - Potranco,257,9/5/25 11:40 AM,Candy  Del angel ,,Dining Room,0.00,21.33,1.76,0.00,0.00,00:09:22
Tink-a-Tako - Potranco,258,9/5/25 11:43 AM,Norma Vasquez,36,Dining Room,0.00,16.43,1.35,0.00,0.00,00:25:57
Tink-a-Tako - Potranco,216,9/5/25 10:47 AM,Candy  Del angel ,,Dining Room,0.00,32.38,2.67,0.00,0.00,01:04:43
Tink-a-Tako - Potranco,260,9/5/25 11:44 AM,Rosa Compean,,Dining Room,0.00,4.39,0.36,0.00,0.00,02:38:15
Tink-a-Tako - Potranco,261,9/5/25 11:45 AM,Candy  Del angel ,,Dining Room,0.00,3.69,0.30,0.00,0.00,00:00:30
Tink-a-Tako - Potranco,259,9/5/25 11:43 AM,Candy  Del angel ,,Dining Room,0.00,12.76,1.05,1.00,0.00,00:11:26
Tink-a-Tako - Potranco,264,9/5/25 11:48 AM,Candy  Del angel ,,Dining Room,0.00,14.67,1.21,0.00,0.00,00:07:47
Tink-a-Tako - Potranco,263,9/5/25 11:47 AM,Candy  Del angel ,,Dining Room,0.00,12.87,1.06,1.50,0.00,00:11:33
Tink-a-Tako - Potranco,266,9/5/25 11:49 AM,Candy  Del angel ,,Dining Room,0.00,5.57,0.46,0.00,0.00,00:10:22
Tink-a-Tako - Potranco,267,9/5/25 11:50 AM,Candy  Del angel ,,Dining Room,0.00,22.52,1.86,0.00,0.00,00:10:22
Tink-a-Tako - Potranco,271,9/5/25 11:51 AM,Rosa Compean,25,Dining Room,0.00,21.33,1.75,0.00,0.00,00:28:44
Tink-a-Tako - Potranco,269,9/5/25 11:50 AM,Candy  Del angel ,,Dining Room,0.00,31.90,2.63,0.00,0.00,00:15:44
Tink-a-Tako - Potranco,270,9/5/25 11:50 AM,Silvia Hernandez,21,Dining Room,0.00,81.33,6.70,0.00,0.00,00:44:26
Tink-a-Tako - Potranco,272,9/5/25 11:51 AM,Candy  Del angel ,,Dining Room,0.00,29.88,2.46,0.00,0.00,00:16:35
Tink-a-Tako - Potranco,268,9/5/25 11:50 AM,Esperansa Caviedes,19,Dining Room,0.00,29.74,2.45,5.00,0.00,00:48:59
Tink-a-Tako - Potranco,273,9/5/25 11:52 AM,Candy  Del angel ,,Dining Room,0.00,21.44,1.78,2.00,0.00,00:17:50
Tink-a-Tako - Potranco,274,9/5/25 11:52 AM,Candy  Del angel ,,Dining Room,0.00,8.78,0.72,2.00,0.00,00:18:09
Tink-a-Tako - Potranco,277,9/5/25 11:55 AM,Silvia Hernandez,18,Dining Room,3.40,16.57,1.37,0.00,0.00,01:05:38
Tink-a-Tako - Potranco,278,9/5/25 11:55 AM,Candy  Del angel ,,Dining Room,0.00,27.48,2.27,0.00,0.00,00:16:34
Tink-a-Tako - Potranco,279,9/5/25 11:56 AM,Esperansa Caviedes,15,Dining Room,0.00,48.43,3.99,0.00,0.00,00:38:53
Tink-a-Tako - Potranco,281,9/5/25 11:58 AM,Norma Vasquez,37,Dining Room,0.00,23.59,1.93,0.00,0.00,00:41:27
Tink-a-Tako - Potranco,282,9/5/25 12:01 PM,Rosa Compean,9,Dining Room,0.00,42.61,3.50,9.00,0.00,00:29:23
Tink-a-Tako - Potranco,283,9/5/25 12:02 PM,Norma Vasquez,10,Dining Room,0.00,24.19,2.00,5.00,0.00,00:31:41
Tink-a-Tako - Potranco,284,9/5/25 12:02 PM,Esperansa Caviedes,32,Dining Room,0.00,25.54,2.11,3.00,0.00,00:32:37
Tink-a-Tako - Potranco,285,9/5/25 12:04 PM,Silvia Hernandez,24,Dining Room,0.00,21.43,1.76,0.00,0.00,00:24:44
Tink-a-Tako - Potranco,286,9/5/25 12:08 PM,Candy  Del angel ,,Dining Room,0.00,12.37,1.02,0.00,0.00,00:07:37
Tink-a-Tako - Potranco,287,9/5/25 12:10 PM,Candy  Del angel ,,Dining Room,0.00,11.32,0.93,0.00,0.00,00:07:09
Tink-a-Tako - Potranco,288,9/5/25 12:11 PM,Esperansa Caviedes,17,Dining Room,0.00,18.27,1.50,0.00,0.00,00:44:08
Tink-a-Tako - Potranco,289,9/5/25 12:11 PM,Candy  Del angel ,,Dining Room,0.00,8.17,0.67,0.00,0.00,00:08:20
Tink-a-Tako - Potranco,291,9/5/25 12:13 PM,Silvia Hernandez,11,Dining Room,0.00,26.88,2.21,3.00,0.00,00:29:25
Tink-a-Tako - Potranco,292,9/5/25 12:13 PM,Rosa Compean,38,Dining Room,0.00,25.14,2.08,0.00,0.00,00:21:43
Tink-a-Tako - Potranco,293,9/5/25 12:14 PM,Esperansa Caviedes,36,Dining Room,0.00,8.99,0.74,3.00,0.00,00:30:32
Tink-a-Tako - Potranco,294,9/5/25 12:16 PM,Norma Vasquez,20,Dining Room,4.12,58.41,4.82,7.00,0.00,00:47:26
Tink-a-Tako - Potranco,295,9/5/25 12:19 PM,Candy  Del angel ,,Dining Room,0.00,4.99,0.41,0.00,0.00,00:00:45
Tink-a-Tako - Potranco,296,9/5/25 12:20 PM,Norma Vasquez,33,Dining Room,0.00,40.04,3.29,0.00,0.00,00:42:31
Tink-a-Tako - Potranco,280,9/5/25 11:56 AM,Maria Majana,,Dining Room,0.00,16.46,1.36,0.00,0.00,00:31:09
Tink-a-Tako - Potranco,297,9/5/25 12:23 PM,Maria Majana,,Dining Room,0.00,9.43,0.77,0.00,0.00,00:08:21
Tink-a-Tako - Potranco,299,9/5/25 12:24 PM,Candy  Del angel ,,Dining Room,0.00,16.74,1.38,0.00,0.00,00:05:46
Tink-a-Tako - Potranco,303,9/5/25 12:28 PM,Rosa Compean,31,Dining Room,0.00,58.16,4.80,12.04,0.00,01:19:44
Tink-a-Tako - Potranco,304,9/5/25 12:34 PM,Candy  Del angel ,,Dining Room,0.00,11.77,0.97,0.00,0.00,00:04:49
Tink-a-Tako - Potranco,305,9/5/25 12:35 PM,Silvia Hernandez,7,Dining Room,0.00,13.99,1.15,0.00,0.00,00:27:15
Tink-a-Tako - Potranco,306,9/5/25 12:36 PM,Candy  Del angel ,,Dining Room,0.00,11.77,0.97,0.00,0.00,00:04:10
Tink-a-Tako - Potranco,307,9/5/25 12:39 PM,Candy  Del angel ,,Dining Room,0.00,45.93,3.77,0.00,0.00,00:03:12
Tink-a-Tako - Potranco,308,9/5/25 12:41 PM,Norma Vasquez,24,Dining Room,0.00,31.86,2.62,6.00,0.00,00:44:52
Tink-a-Tako - Potranco,309,9/5/25 12:41 PM,Candy  Del angel ,,Dining Room,0.00,9.56,0.79,0.00,0.00,00:10:04
Tink-a-Tako - Potranco,311,9/5/25 12:43 PM,Esperansa Caviedes,22,Dining Room,0.00,36.92,3.04,4.00,0.00,01:01:54
Tink-a-Tako - Potranco,310,9/5/25 12:43 PM,Rosa Compean,21,Dining Room,0.00,12.94,1.07,4.00,0.00,00:45:09
Tink-a-Tako - Potranco,312,9/5/25 12:47 PM,Silvia Hernandez,25,Dining Room,0.00,45.39,3.74,0.00,0.00,00:52:34
Tink-a-Tako - Potranco,313,9/5/25 12:52 PM,Candy  Del angel ,,Dining Room,0.00,9.98,0.82,0.00,0.00,00:02:41
Tink-a-Tako - Potranco,315,9/5/25 12:59 PM,Candy  Del angel ,,Dining Room,0.00,21.98,1.82,0.00,0.00,00:00:12
Tink-a-Tako - Potranco,314,9/5/25 12:58 PM,Norma Vasquez,32,Dining Room,0.00,49.10,4.04,0.00,0.00,00:32:07
Tink-a-Tako - Potranco,316,9/5/25 1:01 PM,Rosa Compean,18,Dining Room,0.00,20.96,1.72,8.00,0.00,00:28:51
Tink-a-Tako - Potranco,317,9/5/25 1:07 PM,Candy  Del angel ,,Dining Room,0.00,12.23,1.00,0.00,0.00,00:07:58
Tink-a-Tako - Potranco,319,9/5/25 1:09 PM,Candy  Del angel ,,Dining Room,0.00,5.37,0.44,0.00,0.00,00:07:10
Tink-a-Tako - Potranco,318,9/5/25 1:09 PM,Esperansa Caviedes,37,Dining Room,0.00,35.50,2.92,5.00,0.00,00:25:28
Tink-a-Tako - Potranco,321,9/5/25 1:09 PM,Silvia Hernandez,17,Dining Room,0.00,21.96,1.82,6.22,0.00,00:33:31
Tink-a-Tako - Potranco,320,9/5/25 1:09 PM,Candy  Del angel ,,Dining Room,0.00,7.77,0.64,0.00,0.00,00:09:06
Tink-a-Tako - Potranco,322,9/5/25 1:16 PM,Candy  Del angel ,,Dining Room,0.00,3.99,0.33,0.00,0.00,00:02:52
Tink-a-Tako - Potranco,323,9/5/25 1:17 PM,Maria Majana,,Dining Room,2.30,9.19,0.76,0.00,0.00,00:15:29
Tink-a-Tako - Potranco,325,9/5/25 1:19 PM,Rosie  ORDONEZ,,Dining Room,0.00,9.83,0.80,0.00,0.00,00:03:07
Tink-a-Tako - Potranco,326,9/5/25 1:19 PM,Rosie  ORDONEZ,,Dining Room,0.00,9.57,0.80,1.00,0.00,00:04:05
Tink-a-Tako - Potranco,327,9/5/25 1:20 PM,Norma Vasquez,9,Dining Room,0.00,38.42,3.16,0.00,0.00,00:31:39
Tink-a-Tako - Potranco,330,9/5/25 1:24 PM,Silvia Hernandez,42,Dining Room,0.00,34.70,2.86,0.00,0.00,00:42:33
Tink-a-Tako - Potranco,331,9/5/25 1:25 PM,Rosa Compean,38,Dining Room,0.00,48.11,3.95,11.00,0.00,00:50:05
Tink-a-Tako - Potranco,332,9/5/25 1:26 PM,Rosie  ORDONEZ,,Dining Room,0.00,22.15,1.83,0.00,0.00,00:02:51
Tink-a-Tako - Potranco,333,9/5/25 1:28 PM,Rosa Compean,35,Dining Room,0.00,30.88,2.53,0.00,0.00,00:34:54
Tink-a-Tako - Potranco,336,9/5/25 1:37 PM,Norma Vasquez,19,Dining Room,0.00,58.06,4.78,7.16,0.00,00:36:06
Tink-a-Tako - Potranco,334,9/5/25 1:33 PM,Esperansa Caviedes,,Dining Room,0.00,0.00,0.00,0.00,0.00,00:05:08
Tink-a-Tako - Potranco,337,9/5/25 1:38 PM,Esperansa Caviedes,39,Dining Room,0.00,24.60,2.03,6.00,0.00,00:45:32
Tink-a-Tako - Potranco,335,9/5/25 1:34 PM,Rosie  ORDONEZ,,Dining Room,0.00,11.37,0.93,0.00,0.00,00:06:14
Tink-a-Tako - Potranco,339,9/5/25 1:40 PM,Silvia Hernandez,32,Dining Room,0.00,20.32,1.68,0.00,0.00,00:26:56
Tink-a-Tako - Potranco,340,9/5/25 1:46 PM,Maria Majana,,Dining Room,0.00,10.99,0.91,0.00,0.00,00:00:24
Tink-a-Tako - Potranco,341,9/5/25 1:54 PM,Rosie  ORDONEZ,,Dining Room,0.00,16.00,1.33,0.00,0.00,00:04:44
Tink-a-Tako - Potranco,342,9/5/25 1:56 PM,Rosie  ORDONEZ,,Dining Room,0.00,15.92,1.31,0.00,0.00,00:13:02
Tink-a-Tako - Potranco,346,9/5/25 2:04 PM,Rosie  ORDONEZ,,Dining Room,0.00,1.99,0.16,0.00,0.00,00:00:28
Tink-a-Tako - Potranco,347,9/5/25 2:05 PM,Rosie  ORDONEZ,,Dining Room,0.00,13.42,1.10,0.00,0.00,00:06:24
Tink-a-Tako - Potranco,348,9/5/25 2:05 PM,Rosie  ORDONEZ,,Dining Room,0.00,64.61,5.32,0.00,0.00,00:16:16
Tink-a-Tako - Potranco,350,9/5/25 2:08 PM,Isabel Cisneros,7,Dining Room,0.00,22.34,1.83,0.00,0.00,00:40:25
Tink-a-Tako - Potranco,351,9/5/25 2:10 PM,Rosie  ORDONEZ,,Dining Room,0.00,5.39,0.44,0.00,0.00,00:15:04
Tink-a-Tako - Potranco,352,9/5/25 2:11 PM,Rosie  ORDONEZ,18,Dining Room,0.00,5.98,0.49,0.00,0.00,00:24:36
Tink-a-Tako - Potranco,353,9/5/25 2:16 PM,Isabel Cisneros,31,Dining Room,0.00,82.99,6.83,0.00,16.60,06:56:07
Tink-a-Tako - Potranco,354,9/5/25 2:17 PM,Lizeth Alonso,,Dining Room,0.00,29.15,2.40,0.00,0.00,00:10:53
Tink-a-Tako - Potranco,356,9/5/25 2:20 PM,Rosie  ORDONEZ,,Dining Room,0.00,16.66,1.37,0.00,0.00,00:10:44
Tink-a-Tako - Potranco,358,9/5/25 2:26 PM,Rosie  ORDONEZ,,Dining Room,0.00,12.78,1.06,0.00,0.00,00:08:48
Tink-a-Tako - Potranco,359,9/5/25 2:28 PM,Lizeth Alonso,,Dining Room,0.00,0.00,0.00,0.00,0.00,07:32:50
Tink-a-Tako - Potranco,361,9/5/25 2:36 PM,Juan  Camacho,33,Dining Room,0.00,22.43,1.85,0.00,0.00,01:50:20
Tink-a-Tako - Potranco,362,9/5/25 2:38 PM,Lizeth Alonso,,Dining Room,0.00,0.99,0.08,0.00,0.00,00:00:25
Tink-a-Tako - Potranco,363,9/5/25 2:39 PM,Isabel Cisneros,25,Dining Room,0.00,34.43,2.84,5.00,0.00,00:30:05
Tink-a-Tako - Potranco,365,9/5/25 2:50 PM,Lizeth Alonso,,Dining Room,0.00,5.97,0.49,0.00,0.00,00:00:28
Tink-a-Tako - Potranco,364,9/5/25 2:49 PM,Lizeth Alonso,,Dining Room,0.00,22.16,1.83,2.00,0.00,00:20:02
Tink-a-Tako - Potranco,366,9/5/25 2:51 PM,Lizeth Alonso,,Dining Room,0.00,10.99,0.91,0.00,0.00,00:02:09
Tink-a-Tako - Potranco,367,9/5/25 2:52 PM,Juan  Camacho,40,Dining Room,44.44,0.00,0.00,0.00,0.00,07:12:43
Tink-a-Tako - Potranco,368,9/5/25 2:58 PM,Isabel Cisneros,37,Dining Room,0.00,8.13,0.67,0.00,0.00,00:30:40
Tink-a-Tako - Potranco,369,9/5/25 3:15 PM,Isabel Cisneros,8,Dining Room,0.00,45.06,3.71,8.00,0.00,00:44:10
Tink-a-Tako - Potranco,371,9/5/25 3:24 PM,Lizeth Alonso,,Dining Room,0.00,25.98,2.14,0.00,0.00,00:02:11
Tink-a-Tako - Potranco,372,9/5/25 3:27 PM,Lizeth Alonso,,Dining Room,0.00,19.98,1.65,2.00,0.00,00:02:51
Tink-a-Tako - Potranco,373,9/5/25 3:29 PM,Lizeth Alonso,,Dining Room,0.00,29.50,2.43,2.00,0.00,00:09:56
Tink-a-Tako - Potranco,374,9/5/25 3:35 PM,Lizeth Alonso,,Dining Room,0.00,18.06,1.48,0.00,0.00,00:10:20
Tink-a-Tako - Potranco,375,9/5/25 3:37 PM,Lizeth Alonso,,Dining Room,0.00,25.43,2.09,3.00,0.00,00:11:32
Tink-a-Tako - Potranco,377,9/5/25 3:39 PM,Isabel Cisneros,25,Dining Room,0.00,23.98,1.98,5.00,0.00,00:31:55
Tink-a-Tako - Potranco,376,9/5/25 3:39 PM,Lizeth Alonso,,Dining Room,0.00,2.99,0.25,0.00,0.00,00:12:20
Tink-a-Tako - Potranco,378,9/5/25 3:41 PM,Lizeth Alonso,,Dining Room,0.00,8.48,0.69,0.00,0.00,00:12:38
Tink-a-Tako - Potranco,379,9/5/25 3:51 PM,Juan  Camacho,7,Dining Room,0.50,13.81,1.13,0.00,0.00,00:31:47
Tink-a-Tako - Potranco,381,9/5/25 4:01 PM,Juan  Camacho,32,Dining Room,0.00,41.05,3.38,10.00,0.00,00:28:26
Tink-a-Tako - Potranco,380,9/5/25 3:57 PM,Lizeth Alonso,,Dining Room,0.00,11.73,0.96,0.00,0.00,00:06:20
Tink-a-Tako - Potranco,382,9/5/25 4:09 PM,Isabel Cisneros,17,Dining Room,0.00,34.38,2.82,5.00,0.00,00:33:24
Tink-a-Tako - Potranco,383,9/5/25 4:09 PM,Lizeth Alonso,,Dining Room,0.00,12.49,1.03,0.00,0.00,00:01:45
Tink-a-Tako - Potranco,384,9/5/25 4:11 PM,Lizeth Alonso,,Dining Room,0.00,14.98,1.24,3.00,0.00,00:03:29
Tink-a-Tako - Potranco,385,9/5/25 4:18 PM,Lizeth Alonso,,Dining Room,0.00,3.99,0.33,0.00,0.00,00:01:31
Tink-a-Tako - Potranco,386,9/5/25 4:20 PM,Lizeth Alonso,,Dining Room,0.00,13.49,1.11,0.00,0.00,00:04:13
Tink-a-Tako - Potranco,388,9/5/25 4:22 PM,Mayra Luna,35,Dining Room,0.00,25.43,2.09,5.00,0.00,00:28:08
Tink-a-Tako - Potranco,389,9/5/25 4:23 PM,Isabel Cisneros,20,Dining Room,0.00,18.98,1.57,0.00,0.00,00:28:15
Tink-a-Tako - Potranco,390,9/5/25 4:34 PM,Isabel Cisneros,41,Dining Room,22.97,37.08,3.06,0.00,0.00,00:56:21
Tink-a-Tako - Potranco,391,9/5/25 4:36 PM,Isabel Cisneros,,Dining Room,0.00,4.99,0.41,0.00,0.00,04:36:30
Tink-a-Tako - Potranco,392,9/5/25 4:37 PM,Lizeth Alonso,,Dining Room,0.00,8.99,0.74,0.00,0.00,00:20:12
Tink-a-Tako - Potranco,393,9/5/25 4:41 PM,Lizeth Alonso,,Dining Room,0.00,32.43,2.67,0.00,0.00,00:00:56
Tink-a-Tako - Potranco,395,9/5/25 4:59 PM,Lizeth Alonso,,Dining Room,0.00,28.76,2.38,0.00,0.00,00:01:50
Tink-a-Tako - Potranco,396,9/5/25 5:03 PM,Lizeth Alonso,,Dining Room,0.00,14.88,1.23,0.00,0.00,00:08:21
Tink-a-Tako - Potranco,397,9/5/25 5:05 PM,Juan  Camacho,25,Dining Room,0.00,25.56,2.10,5.00,0.00,00:40:06
Tink-a-Tako - Potranco,394,9/5/25 4:56 PM,Lizeth Alonso,,Dining Room,0.00,8.94,0.73,0.00,0.00,00:21:36
Tink-a-Tako - Potranco,399,9/5/25 5:15 PM,Isabel Cisneros,7,Dining Room,0.00,30.26,2.48,5.00,0.00,00:35:34
Tink-a-Tako - Potranco,400,9/5/25 5:15 PM,Lizeth Alonso,,Dining Room,0.00,7.38,0.61,0.00,0.00,00:05:15
Tink-a-Tako - Potranco,401,9/5/25 5:17 PM,Lizeth Alonso,,Dining Room,0.00,13.98,1.15,0.00,0.00,00:04:10
Tink-a-Tako - Potranco,402,9/5/25 5:25 PM,Lizeth Alonso,,Dining Room,0.00,37.53,3.09,5.00,0.00,00:02:12
Tink-a-Tako - Potranco,404,9/5/25 5:35 PM,Juan  Camacho,2,Dining Room,0.00,32.17,2.65,5.00,0.00,00:29:40
Tink-a-Tako - Potranco,405,9/5/25 5:37 PM,Lizeth Alonso,,Dining Room,0.00,28.95,2.39,2.00,0.00,00:02:26
Tink-a-Tako - Potranco,406,9/5/25 5:39 PM,Lizeth Alonso,,Dining Room,0.00,8.57,0.71,2.00,0.00,00:10:50
Tink-a-Tako - Potranco,407,9/5/25 5:39 PM,Isabel Cisneros,23,Dining Room,0.00,60.85,5.01,10.00,0.00,00:37:02
Tink-a-Tako - Potranco,408,9/5/25 5:39 PM,Juan  Camacho,17,Dining Room,0.00,47.19,3.89,10.00,0.00,00:55:00
Tink-a-Tako - Potranco,409,9/5/25 5:41 PM,Lizeth Alonso,,Dining Room,0.00,11.57,0.96,2.00,0.00,00:10:25
Tink-a-Tako - Potranco,410,9/5/25 5:41 PM,Lizeth Alonso,,Dining Room,0.00,5.98,0.49,0.00,0.00,00:12:21
Tink-a-Tako - Potranco,412,9/5/25 5:46 PM,Isabel Cisneros,9,Dining Room,0.00,49.24,4.04,11.00,0.00,00:50:44
Tink-a-Tako - Potranco,411,9/5/25 5:44 PM,Lizeth Alonso,,Dining Room,0.00,12.06,0.99,0.00,0.00,00:11:20
Tink-a-Tako - Potranco,413,9/5/25 5:50 PM,Lizeth Alonso,,Dining Room,0.00,6.94,0.57,0.00,0.00,00:07:55
Tink-a-Tako - Potranco,414,9/5/25 5:50 PM,Juan  Camacho,35,Dining Room,0.00,21.96,1.81,3.00,0.00,00:26:02
Tink-a-Tako - Potranco,415,9/5/25 5:52 PM,Lizeth Alonso,,Dining Room,0.00,10.92,0.89,0.00,0.00,00:08:50
Tink-a-Tako - Potranco,416,9/5/25 5:54 PM,Lizeth Alonso,,Dining Room,0.00,8.78,0.72,0.00,0.00,00:10:15
Tink-a-Tako - Potranco,417,9/5/25 5:58 PM,Lizeth Alonso,,Dining Room,0.00,8.99,0.74,1.27,0.00,00:07:22
Tink-a-Tako - Potranco,419,9/5/25 5:59 PM,Juan  Camacho,,Dining Room,0.00,13.99,1.15,0.86,0.00,00:00:29
Tink-a-Tako - Potranco,420,9/5/25 6:01 PM,Lizeth Alonso,,Dining Room,0.00,26.98,2.22,0.00,0.00,00:06:17
Tink-a-Tako - Potranco,421,9/5/25 6:03 PM,Lizeth Alonso,,Dining Room,0.00,4.98,0.41,0.00,0.00,00:08:20
Tink-a-Tako - Potranco,422,9/5/25 6:10 PM,Isabel Cisneros,19,Dining Room,0.00,45.03,3.70,8.00,0.00,00:41:42
Tink-a-Tako - Potranco,423,9/5/25 6:14 PM,Juan  Camacho,25,Dining Room,0.00,43.31,3.58,0.00,0.00,00:43:31
Tink-a-Tako - Potranco,424,9/5/25 6:17 PM,Mayra Luna,,Dining Room,0.00,15.38,1.27,0.00,0.00,00:14:40
Tink-a-Tako - Potranco,425,9/5/25 6:19 PM,Lizeth Alonso,,Dining Room,0.00,11.99,0.99,0.00,0.00,00:00:33
Tink-a-Tako - Potranco,426,9/5/25 6:19 PM,Juan  Camacho,33,Dining Room,0.00,54.85,4.52,0.00,0.00,00:37:32
Tink-a-Tako - Potranco,427,9/5/25 6:23 PM,Lizeth Alonso,,Dining Room,0.00,15.38,1.27,0.00,0.00,00:03:16
Tink-a-Tako - Potranco,429,9/5/25 6:25 PM,Juan  Camacho,7,Dining Room,0.00,39.25,3.22,8.00,0.00,00:37:14
Tink-a-Tako - Potranco,430,9/5/25 6:26 PM,Juan  Camacho,24,Dining Room,0.00,29.68,2.44,3.00,0.00,00:28:34
Tink-a-Tako - Potranco,428,9/5/25 6:24 PM,Lizeth Alonso,,Dining Room,0.00,33.97,2.80,0.00,0.00,00:03:26
Tink-a-Tako - Potranco,432,9/5/25 6:29 PM,Lizeth Alonso,,Dining Room,0.00,29.96,2.47,0.00,0.00,00:14:21
Tink-a-Tako - Potranco,433,9/5/25 6:31 PM,Isabel Cisneros,32,Dining Room,0.00,36.36,3.00,6.00,0.00,00:35:25
Tink-a-Tako - Potranco,434,9/5/25 6:31 PM,Isabel Cisneros,42,Dining Room,0.00,75.66,6.22,0.00,0.00,00:55:04
Tink-a-Tako - Potranco,436,9/5/25 6:33 PM,Juan  Camacho,38,Dining Room,0.00,52.73,4.35,0.00,0.00,00:46:29
Tink-a-Tako - Potranco,431,9/5/25 6:28 PM,Lizeth Alonso,,Dining Room,0.00,17.97,1.49,0.00,0.00,00:18:20
Tink-a-Tako - Potranco,437,9/5/25 6:40 PM,Lizeth Alonso,,Dining Room,0.00,10.99,0.91,0.00,0.00,00:08:35
Tink-a-Tako - Potranco,438,9/5/25 6:44 PM,Isabel Cisneros,26,Dining Room,0.00,27.96,2.31,4.73,0.00,00:51:04
Tink-a-Tako - Potranco,439,9/5/25 6:49 PM,Lizeth Alonso,,Dining Room,0.00,10.99,0.91,0.00,0.00,00:06:06
Tink-a-Tako - Potranco,441,9/5/25 6:49 PM,Juan  Camacho,18,Dining Room,0.00,28.21,2.32,5.00,0.00,00:29:10
Tink-a-Tako - Potranco,440,9/5/25 6:49 PM,Lizeth Alonso,,Dining Room,0.00,23.38,1.93,0.00,0.00,00:08:28
Tink-a-Tako - Potranco,442,9/5/25 6:50 PM,Lizeth Alonso,,Dining Room,2.75,24.73,2.04,0.00,0.00,00:15:36
Tink-a-Tako - Potranco,443,9/5/25 6:53 PM,Isabel Cisneros,17,Dining Room,0.00,8.99,0.74,0.00,0.00,00:30:15
Tink-a-Tako - Potranco,444,9/5/25 6:58 PM,Isabel Cisneros,36,Dining Room,0.00,15.98,1.32,0.00,0.00,00:37:47
Tink-a-Tako - Potranco,445,9/5/25 7:01 PM,Lizeth Alonso,,Dining Room,0.00,24.21,2.00,5.00,0.00,00:06:40
Tink-a-Tako - Potranco,448,9/5/25 7:05 PM,Lizeth Alonso,,Dining Room,0.00,11.99,0.99,1.00,0.00,00:05:31
Tink-a-Tako - Potranco,449,9/5/25 7:12 PM,Juan  Camacho,25,Dining Room,0.00,65.76,5.40,10.00,0.00,00:33:59
Tink-a-Tako - Potranco,450,9/5/25 7:16 PM,Lizeth Alonso,,Dining Room,0.00,32.97,2.72,0.00,0.00,00:00:27
Tink-a-Tako - Potranco,451,9/5/25 7:23 PM,Isabel Cisneros,33,Dining Room,0.00,29.24,2.40,8.00,0.00,00:37:28
Tink-a-Tako - Potranco,452,9/5/25 7:33 PM,Lizeth Alonso,,Dining Room,0.00,22.57,1.86,2.00,0.00,00:00:26
Tink-a-Tako - Potranco,453,9/5/25 7:33 PM,Isabel Cisneros,,Dining Room,0.00,8.78,0.72,0.00,0.00,00:09:48
Tink-a-Tako - Potranco,454,9/5/25 7:36 PM,Lizeth Alonso,,Dining Room,0.00,11.49,0.95,0.00,0.00,00:05:19
Tink-a-Tako - Potranco,455,9/5/25 7:49 PM,Lizeth Alonso,,Dining Room,0.00,19.44,1.60,2.00,0.00,00:00:51
Tink-a-Tako - Potranco,447,9/5/25 7:04 PM,Lizeth Alonso,,Dining Room,0.00,13.17,1.09,0.00,0.00,00:54:02
Tink-a-Tako - Potranco,457,9/5/25 7:59 PM,Lizeth Alonso,,Dining Room,0.00,39.92,3.29,0.00,0.00,00:00:30
Tink-a-Tako - Potranco,458,9/5/25 8:08 PM,Isabel Cisneros,32,Dining Room,0.00,34.95,2.88,0.00,0.00,00:26:04
Tink-a-Tako - Potranco,459,9/5/25 8:45 PM,Lizeth Alonso,,Dining Room,0.00,19.96,1.64,0.00,0.00,00:00:49
Tink-a-Tako - Potranco,460,9/5/25 8:47 PM,Lizeth Alonso,,Dining Room,0.00,3.99,0.33,0.00,0.00,00:00:09
Tink-a-Tako - Potranco,461,9/5/25 8:51 PM,Lizeth Alonso,,Dining Room,0.00,16.72,1.38,0.00,0.00,00:03:37
Tink-a-Tako - Potranco,462,9/5/25 8:54 PM,Juan  Camacho,34,Dining Room,0.00,42.95,3.55,0.00,0.00,00:29:53
Tink-a-Tako - Potranco,463,9/5/25 8:54 PM,Juan  Camacho,33,Dining Room,0.00,32.97,2.72,7.25,0.00,00:41:28
Tink-a-Tako - Potranco,464,9/5/25 8:57 PM,Lizeth Alonso,,Dining Room,0.00,17.76,1.47,0.00,0.00,00:00:21
Tink-a-Tako - Potranco,465,9/5/25 9:08 PM,Lizeth Alonso,,Dining Room,0.00,8.99,0.74,0.00,0.00,00:00:34
Tink-a-Tako - Potranco,466,9/5/25 9:09 PM,Juan  Camacho,36,Dining Room,0.00,7.50,0.62,0.00,0.00,00:00:09
Tink-a-Tako - Potranco,467,9/5/25 9:12 PM,Lizeth Alonso,,Dining Room,0.00,30.14,2.48,2.00,0.00,00:03:02
Tink-a-Tako - Potranco,468,9/5/25 9:24 PM,Lizeth Alonso,,Dining Room,0.00,30.60,2.53,0.00,0.00,00:12:31
Tink-a-Tako - Potranco,470,9/5/25 9:59 PM,Juan  Camacho,42,Dining Room,0.00,15.96,1.32,5.00,0.00,00:02:26
