Location,Employee,Job Title,In Date,Out Date,Total Hours,Unpaid Break Time,Paid Break Time,Payable Hours
12060 Potranco Road,"Vega, Estela",Tortillera,10/26/25 5:49 AM,10/26/25 3:42 PM,9.88,0.00,0.00,9.88
12060 Potranco Road,"Farias, Claudia",Cook,10/26/25 6:02 AM,10/26/25 3:20 PM,9.30,0.00,0.00,9.30
12060 Potranco Road,"Lino Santana, David ",Prep,10/26/25 6:49 AM,10/26/25 4:29 PM,9.67,0.00,0.00,9.67
12060 Potranco Road,"Aragon, Cecilia",Tortillera,10/26/25 7:10 AM,10/26/25 3:42 PM,8.53,0.00,0.00,8.53
12060 Potranco Road,"Ojeda, George",Runner,10/26/25 7:11 AM,10/26/25 3:23 PM,8.20,0.00,0.00,8.20
12060 Potranco Road,"Cabrera, Sugey",Server,10/26/25 7:23 AM,10/26/25 3:22 PM,7.99,0.00,0.00,7.99
12060 Potranco Road,"Jimenez, Mario",Driver,10/26/25 7:36 AM,10/26/25 1:52 PM,6.27,0.00,0.00,6.27
12060 Potranco Road,"Loera, Fernanda ",Server,10/26/25 7:54 AM,10/26/25 12:41 PM,4.78,0.00,0.00,4.78
12060 Potranco Road,"Mart�nez , Angelica ",Host,10/26/25 7:56 AM,10/26/25 3:18 PM,7.37,0.00,0.00,7.37
12060 Potranco Road,"Reyes , Jes�s Ricardo",Prep,10/26/25 8:03 AM,10/26/25 3:49 PM,7.77,0.00,0.00,7.77
12060 Potranco Road,"GUTIERREZ, ERIC",Cook,10/26/25 8:06 AM,10/26/25 3:25 PM,7.32,0.00,0.00,7.32
12060 Potranco Road,"Del Angel, Candy",Shift Manager / Assistant Manager,10/26/25 8:18 AM,10/26/25 3:36 PM,7.29,0.00,0.00,7.29
12060 Potranco Road,"Aragon, Brianna",Host,10/26/25 8:21 AM,10/26/25 3:17 PM,6.94,0.00,0.00,6.94
12060 Potranco Road,"quiroz, siri",Host,10/26/25 8:22 AM,10/26/25 3:23 PM,7.03,0.00,0.00,7.03
12060 Potranco Road,"Barton, Arion",Cook,10/26/25 9:02 AM,10/26/25 3:20 PM,6.30,0.00,0.00,6.30
12060 Potranco Road,"Morales, Carlos",Busser,10/26/25 9:02 AM,10/26/25 3:10 PM,6.12,0.00,0.00,6.12
12060 Potranco Road,"Juliet, Mia",Host,10/26/25 9:09 AM,10/26/25 3:23 PM,6.24,0.00,0.00,6.24
12060 Potranco Road,"Sanchez, Emanuel",Server,10/26/25 9:50 AM,10/26/25 3:23 PM,5.55,0.00,0.00,5.55
12060 Potranco Road,"Morales, Adrian",Server,10/26/25 10:06 AM,10/26/25 3:13 PM,5.11,0.00,0.00,5.11
