Location,Entry Id,Created Date,Action,Amount,Cash Drawer,Payout Reason,No Sale Reason,Comment,Employee,Employee 2
Tink-a-Tako - Potranco,800000031042315702,10/22/25 6:29 AM,CASH_PAYMENT,4.31,Drive Box,,,Cash payment,Ivana Abundiz,
Tink-a-Tako - Potranco,800000031042355351,10/22/25 6:35 AM,CASH_PAYMENT,6.47,Drive Box,,,Cash payment,Ivana Abundiz,
Tink-a-Tako - Potranco,800000031042436439,10/22/25 6:45 AM,CASH_PAYMENT,9.39,Drive Box,,,Cash payment,Ivana Abundiz,
Tink-a-Tako - Potranco,800000031042512295,10/22/25 6:54 AM,CASH_PAYMENT,2.70,Drive Box,,,Cash payment,Ivana Abundiz,
Tink-a-Tako - Potranco,800000031043036301,10/22/25 7:35 AM,CASH_PAYMENT,7.01,Drive Box,,,Cash payment,Ivana Abundiz,
Tink-a-Tako - Potranco,800000031043265090,10/22/25 7:51 AM,CASH_PAYMENT,5.82,Drive Box,,,Cash payment,Ivana Abundiz,
Tink-a-Tako - Potranco,800000031043349703,10/22/25 7:56 AM,CASH_PAYMENT,6.47,Drive Box,,,Cash payment,Ivana Abundiz,
Tink-a-Tako - Potranco,800000031043394317,10/22/25 7:59 AM,CASH_PAYMENT,7.54,Drive Box,,,Cash payment,Ivana Abundiz,
Tink-a-Tako - Potranco,800000031043758632,10/22/25 8:21 AM,CASH_PAYMENT,4.96,Drive Box,,,Cash payment,Ivana Abundiz,
Tink-a-Tako - Potranco,800000031043977129,10/22/25 8:34 AM,CASH_PAYMENT,6.69,Drive Box,,,Cash payment,Ivana Abundiz,
Tink-a-Tako - Potranco,800000031043994053,10/22/25 8:36 AM,CASH_PAYMENT,4.31,Drive Box,,,Cash payment,Ivana Abundiz,
Tink-a-Tako - Potranco,800000031044021648,10/22/25 8:37 AM,CASH_PAYMENT,9.03,Drive Box,,,Cash payment,Ivana Abundiz,
Tink-a-Tako - Potranco,800000031044189755,10/22/25 8:47 AM,CASH_PAYMENT,5.29,Drive Box,,,Cash payment,Ivana Abundiz,
Tink-a-Tako - Potranco,800000031044364035,10/22/25 8:58 AM,CASH_PAYMENT,4.32,Drive Box,,,Cash payment,Ivana Abundiz,
Tink-a-Tako - Potranco,800000031044639865,10/22/25 9:12 AM,CASH_PAYMENT,19.15,Drive Box,,,Cash payment,Ivana Abundiz,
Tink-a-Tako - Potranco,800000031044685839,10/22/25 9:14 AM,CASH_PAYMENT,13.71,Drive Box,,,Cash payment,Ivana Abundiz,
Tink-a-Tako - Potranco,800000031045283543,10/22/25 9:48 AM,CASH_PAYMENT,12.95,Drive Box,,,Cash payment,Ivana Abundiz,
Tink-a-Tako - Potranco,800000031045639104,10/22/25 10:07 AM,CASH_PAYMENT,7.99,Drive Box,,,Cash payment,Ivana Abundiz,
Tink-a-Tako - Potranco,800000031045737365,10/22/25 10:11 AM,CASH_PAYMENT,2.15,Drive Box,,,Cash payment,Ivana Abundiz,
Tink-a-Tako - Potranco,800000031045822269,10/22/25 10:15 AM,CASH_PAYMENT,5.83,Drive Box,,,Cash payment,Ivana Abundiz,
Tink-a-Tako - Potranco,800000031045929687,10/22/25 10:20 AM,CASH_PAYMENT,2.15,Drive Box,,,Cash payment,Ivana Abundiz,
Tink-a-Tako - Potranco,800000031046044563,10/22/25 10:25 AM,CASH_PAYMENT,15.98,Drive Box,,,Cash payment,Ivana Abundiz,
Tink-a-Tako - Potranco,800000031046145007,10/22/25 10:29 AM,CASH_PAYMENT,9.06,Drive Box,,,Cash payment,Ivana Abundiz,
Tink-a-Tako - Potranco,800000031046247766,10/22/25 10:33 AM,CASH_PAYMENT,19.85,Drive Box,,,Cash payment,Ivana Abundiz,
Tink-a-Tako - Potranco,800000031046427131,10/22/25 10:40 AM,CASH_PAYMENT,10.77,Drive Box,,,Cash payment,Ivana Abundiz,
Tink-a-Tako - Potranco,800000031046992281,10/22/25 10:59 AM,CASH_PAYMENT,29.13,Drive Box,,,Cash payment,Ivana Abundiz,
Tink-a-Tako - Potranco,800000031047194344,10/22/25 11:05 AM,CASH_PAYMENT,4.42,Drive Box,,,Cash payment,Ivana Abundiz,
Tink-a-Tako - Potranco,800000031047527482,10/22/25 11:13 AM,CASH_PAYMENT,4.42,Drive Box,,,Cash payment,Ivana Abundiz,
Tink-a-Tako - Potranco,800000031047602078,10/22/25 11:15 AM,CASH_PAYMENT,3.88,Drive Box,,,Cash payment,Ivana Abundiz,
Tink-a-Tako - Potranco,800000031048015209,10/22/25 11:25 AM,CASH_PAYMENT,4.96,Drive Box,,,Cash payment,Ivana Abundiz,
Tink-a-Tako - Potranco,800000031048380100,10/22/25 11:35 AM,CASH_PAYMENT,10.46,Drive Box,,,Cash payment,Ivana Abundiz,
Tink-a-Tako - Potranco,800000031048556104,10/22/25 11:39 AM,CASH_PAYMENT,13.81,Drive Box,,,Cash payment,Ivana Abundiz,
Tink-a-Tako - Potranco,800000031050294553,10/22/25 12:22 PM,CASH_PAYMENT,7.75,Drive Box,,,Cash payment,Ivana Abundiz,
Tink-a-Tako - Potranco,800000031050357056,10/22/25 12:23 PM,CASH_PAYMENT,8.61,Drive Box,,,Cash payment,Ivana Abundiz,
Tink-a-Tako - Potranco,800000031050552264,10/22/25 12:28 PM,CASH_PAYMENT,9.13,Drive Box,,,Cash payment,Ivana Abundiz,
Tink-a-Tako - Potranco,800000031050769621,10/22/25 12:34 PM,CASH_PAYMENT,19.01,Drive Box,,,Cash payment,Ivana Abundiz,
Tink-a-Tako - Potranco,800000031050936228,10/22/25 12:39 PM,CASH_PAYMENT,5.17,Drive Box,,,Cash payment,Ivana Abundiz,
Tink-a-Tako - Potranco,800000031051117959,10/22/25 12:43 PM,CASH_PAYMENT,19.46,Drive Box,,,Cash payment,Ivana Abundiz,
Tink-a-Tako - Potranco,800000031051691251,10/22/25 1:00 PM,CASH_PAYMENT,15.22,Drive Box,,,Cash payment,Ivana Abundiz,
Tink-a-Tako - Potranco,800000031051861850,10/22/25 1:05 PM,CASH_PAYMENT,13.58,Drive Box,,,Cash payment,Ivana Abundiz,
Tink-a-Tako - Potranco,800000031052416861,10/22/25 1:21 PM,CASH_PAYMENT,5.39,Drive Box,,,Cash payment,Ivana Abundiz,
Tink-a-Tako - Potranco,800000031052631276,10/22/25 1:27 PM,CASH_PAYMENT,32.44,Drive Box,,,Cash payment,Ivana Abundiz,
Tink-a-Tako - Potranco,800000031053602807,10/22/25 1:58 PM,CASH_PAYMENT,14.32,Drive Box,,,Cash payment,Ivana Abundiz,
Tink-a-Tako - Potranco,800000031053682383,10/22/25 2:00 PM,TIP_OUT,-2.61,House,,,Tips paid out from shift review.,Daniela Torres,Daniela Torres
Tink-a-Tako - Potranco,800000031053682912,10/22/25 2:00 PM,CASH_COLLECTED,50.64,House,,,Cash revenue collected from shift review.,Daniela Torres,Daniela Torres
Tink-a-Tako - Potranco,800000031053771897,10/22/25 2:03 PM,CASH_PAYMENT,7.56,Drive Box,,,Cash payment,Ivana Abundiz,
Tink-a-Tako - Potranco,800000031053874921,10/22/25 2:06 PM,CASH_COLLECTED,110.08,House,,,Cash revenue collected from shift review.,Rosa Compean,Rosa Compean
Tink-a-Tako - Potranco,800000031053876639,10/22/25 2:06 PM,TIP_OUT,-50.94,House,,,Tips paid out from shift review.,Rosa Compean,Rosa Compean
Tink-a-Tako - Potranco,800000031053889776,10/22/25 2:07 PM,TIP_OUT,-68.77,House,,,Tips paid out from shift review.,Esperansa Caviedes,Esperansa Caviedes
Tink-a-Tako - Potranco,800000031053890349,10/22/25 2:07 PM,CASH_COLLECTED,85.47,House,,,Cash revenue collected from shift review.,Esperansa Caviedes,Esperansa Caviedes
Tink-a-Tako - Potranco,800000031054155754,10/22/25 2:15 PM,CLOSE_OUT_EXACT,0.00,Drive Box,,,Close out balance matches expected balance,Ivana Abundiz,
Tink-a-Tako - Potranco,800000031054166087,10/22/25 2:15 PM,TIP_OUT,-64.24,House,,,Tips paid out from shift review.,Ivana Abundiz,Ivana Abundiz
Tink-a-Tako - Potranco,800000031054310028,10/22/25 2:20 PM,CASH_COLLECTED,159.49,House,,,Cash revenue collected from shift review.,Norma Vasquez,Norma Vasquez
Tink-a-Tako - Potranco,800000031054311028,10/22/25 2:20 PM,TIP_OUT,-84.27,House,,,Tips paid out from shift review.,Norma Vasquez,Norma Vasquez
Tink-a-Tako - Potranco,800000031054504999,10/22/25 2:26 PM,CASH_PAYMENT,29.19,Drive Box (2),,,Cash payment,Lizeth Alonso,
Tink-a-Tako - Potranco,800000031055226705,10/22/25 2:50 PM,CASH_PAYMENT,12.98,Drive Box (2),,,Cash payment,Lizeth Alonso,
Tink-a-Tako - Potranco,800000031055410114,10/22/25 2:56 PM,CASH_PAYMENT,21.30,Drive Box (2),,,Cash payment,Lizeth Alonso,
Tink-a-Tako - Potranco,800000031055734133,10/22/25 3:07 PM,CASH_PAYMENT,5.83,Drive Box (2),,,Cash payment,Lizeth Alonso,
Tink-a-Tako - Potranco,800000031056755956,10/22/25 3:41 PM,CASH_PAYMENT,10.81,Drive Box (2),,,Cash payment,Lizeth Alonso,
Tink-a-Tako - Potranco,800000031056930466,10/22/25 3:46 PM,CASH_PAYMENT,19.22,Drive Box (2),,,Cash payment,Lizeth Alonso,
Tink-a-Tako - Potranco,800000031057094565,10/22/25 3:52 PM,CASH_PAYMENT,27.55,Drive Box (2),,,Cash payment,Lizeth Alonso,
Tink-a-Tako - Potranco,800000031058780982,10/22/25 4:36 PM,CASH_PAYMENT,5.39,Drive Box (2),,,Cash payment,Lizeth Alonso,
Tink-a-Tako - Potranco,800000031061209992,10/22/25 5:25 PM,CASH_PAYMENT,6.16,Drive Box (2),,,Cash payment,Lizeth Alonso,
Tink-a-Tako - Potranco,800000031071060369,10/22/25 8:50 PM,TIP_OUT,-133.24,House,,,Tips paid out from shift review.,Juan  Camacho,Juan  Camacho
Tink-a-Tako - Potranco,800000031071061802,10/22/25 8:50 PM,CASH_COLLECTED,299.60,House,,,Cash revenue collected from shift review.,Juan  Camacho,Juan  Camacho
Tink-a-Tako - Potranco,800000031071374282,10/22/25 9:01 PM,TIP_OUT,-28.52,House,,,Tips paid out from shift review.,Lizeth Alonso,Lizeth Alonso
Tink-a-Tako - Potranco,800000031071612446,10/22/25 9:11 PM,TIP_OUT,-56.52,House,,,Tips paid out from shift review.,Nadia  Reyes,Nadia  Reyes
Tink-a-Tako - Potranco,800000031071612807,10/22/25 9:11 PM,CASH_COLLECTED,82.45,House,,,Cash revenue collected from shift review.,Nadia  Reyes,Nadia  Reyes
Tink-a-Tako - Potranco,800000031071705078,10/22/25 9:15 PM,CLOSE_OUT_EXACT,0.00,Drive Box (2),,,Close out balance matches expected balance,Mayra Luna,
