Location,Order #,Opened Date,Server,Table,Discount Name,Discount Reason,Comment,Discount Amount
Tink-a-Tako - Potranco,346,10/22/25 7:27 PM,Lizeth Alonso,,Military Discount,,,1.35
Tink-a-Tako - Potranco,346,10/22/25 7:27 PM,Lizeth Alonso,,Military Discount,,,1.15
Tink-a-Tako - Potranco,346,10/22/25 7:27 PM,Lizeth Alonso,,Military Discount,,,0.70
Tink-a-Tako - Potranco,346,10/22/25 7:27 PM,Lizeth Alonso,,Military Discount,,,0.35
Tink-a-Tako - Potranco,293,10/22/25 4:37 PM,Nadia  Reyes,11,Police Discount,,,2.24
Tink-a-Tako - Potranco,293,10/22/25 4:37 PM,Nadia  Reyes,11,Police Discount,,,5.99
Tink-a-Tako - Potranco,293,10/22/25 4:37 PM,Nadia  Reyes,11,Police Discount,,,6.50
Tink-a-Tako - Potranco,293,10/22/25 4:37 PM,Nadia  Reyes,11,Police Discount,,,1.25
Tink-a-Tako - Potranco,293,10/22/25 4:37 PM,Nadia  Reyes,11,Police Discount,,,2.74
Tink-a-Tako - Potranco,293,10/22/25 4:37 PM,Nadia  Reyes,11,Police Discount,,,2.74
Tink-a-Tako - Potranco,278,10/22/25 3:20 PM,Juan  Camacho,,Manager Comp - Check,,,31.97
Tink-a-Tako - Potranco,257,10/22/25 1:44 PM,Norma Vasquez,9,Open % Item,,,1.05
Tink-a-Tako - Potranco,257,10/22/25 1:44 PM,Norma Vasquez,9,Open % Item,,,2.93
Tink-a-Tako - Potranco,257,10/22/25 1:44 PM,Norma Vasquez,9,Open % Item,,,1.20
Tink-a-Tako - Potranco,257,10/22/25 1:44 PM,Norma Vasquez,9,Open % Item,,,2.92
Tink-a-Tako - Potranco,255,10/22/25 1:36 PM,Ivana Abundiz,,Open % Item,,,0.70
Tink-a-Tako - Potranco,255,10/22/25 1:36 PM,Ivana Abundiz,,Open % Item,,,0.55
Tink-a-Tako - Potranco,237,10/22/25 12:58 PM,Norma Vasquez,7,Open % Item,,,0.80
Tink-a-Tako - Potranco,237,10/22/25 12:58 PM,Norma Vasquez,7,Open % Item,,,0.90
Tink-a-Tako - Potranco,237,10/22/25 12:58 PM,Norma Vasquez,7,Open % Item,,,0.40
Tink-a-Tako - Potranco,225,10/22/25 12:35 PM,Ivana Abundiz,,Open % Item,,,0.44
Tink-a-Tako - Potranco,225,10/22/25 12:35 PM,Ivana Abundiz,,Open % Item,,,0.40
Tink-a-Tako - Potranco,157,10/22/25 10:41 AM,Norma Vasquez,17,Open % Item,,,0.70
Tink-a-Tako - Potranco,157,10/22/25 10:41 AM,Norma Vasquez,17,Open % Item,,,0.70
Tink-a-Tako - Potranco,157,10/22/25 10:41 AM,Norma Vasquez,17,Open % Item,,,0.20
Tink-a-Tako - Potranco,78,10/22/25 8:32 AM,Esperansa Caviedes,31,Open % Item,,,3.30
Tink-a-Tako - Potranco,78,10/22/25 8:32 AM,Esperansa Caviedes,31,Open % Item,,,0.90
Tink-a-Tako - Potranco,78,10/22/25 8:32 AM,Esperansa Caviedes,31,Open % Item,,,1.20
Tink-a-Tako - Potranco,78,10/22/25 8:32 AM,Esperansa Caviedes,31,Open % Item,,,0.60
Tink-a-Tako - Potranco,73,10/22/25 8:29 AM,Norma Vasquez,8,Open % Item,,,0.48
Tink-a-Tako - Potranco,73,10/22/25 8:29 AM,Norma Vasquez,8,Open % Item,,,0.20
Tink-a-Tako - Potranco,73,10/22/25 8:29 AM,Norma Vasquez,8,Open % Item,,,0.44
Tink-a-Tako - Potranco,73,10/22/25 8:29 AM,Norma Vasquez,8,Open % Item,,,0.44
Tink-a-Tako - Potranco,72,10/22/25 8:28 AM,Daniela Torres,,Employee Discount - Check,Employee Discount,"Empl
",18.37
Tink-a-Tako - Potranco,61,10/22/25 8:12 AM,Ivana Abundiz,,Military Discount,,,0.40
Tink-a-Tako - Potranco,18,10/22/25 6:57 AM,Ivana Abundiz,,Military Discount,,,0.50
Tink-a-Tako - Potranco,18,10/22/25 6:57 AM,Ivana Abundiz,,Military Discount,,,0.36
Tink-a-Tako - Potranco,8,10/22/25 6:41 AM,Ivana Abundiz,,Police Discount,,,3.98
Tink-a-Tako - Potranco,8,10/22/25 6:41 AM,Ivana Abundiz,,Police Discount,,,2.90
Tink-a-Tako - Potranco,8,10/22/25 6:41 AM,Ivana Abundiz,,Police Discount,,,0.90
Tink-a-Tako - Potranco,4,10/22/25 6:34 AM,Ivana Abundiz,,Military Discount,,,0.20
