Employee,Job Title,Regular Hours,Overtime Hours,Hourly Rate,Regular Pay,Overtime Pay,Total Pay,Net Sales,Declared Tips,Non-Cash Tips,Total Tips,Tips Withheld,Total Gratuity,Employee ID,Job Code,Location,Location Code
"Abundiz, Ivana",Host,8.38,0.0,14.00,117.32,0.00,117.32,1437.50,,64.24,64.24,0.00,0.00,,,Tink-a-Tako - Potranco,
"Alonso, Lizeth",Host,6.84,0.0,13.00,88.92,0.00,88.92,620.29,,28.52,28.52,0.00,0.00,,,Tink-a-Tako - Potranco,
"Alvarado, Rodolfo",Cook,8.34,0.0,17.00,141.78,0.00,141.78,0.00,,0.00,0.00,0.00,0.00,,,Tink-a-Tako - Potranco,
"Aviles, Genaro",Cook,8.61,0.0,15.00,129.15,0.00,129.15,0.00,,0.00,0.00,0.00,0.00,,,Tink-a-Tako - Potranco,
"Calderon, Jesus",Cook,6.97,0.0,,,,,0.00,,0.00,0.00,0.00,0.00,,,Tink-a-Tako - Potranco,
"Camacho, Juan ",Server,8.04,0.0,3.00,24.12,0.00,24.12,853.48,,54.00,54.00,0.00,79.24,,,Tink-a-Tako - Potranco,
"Caviedes, Esperansa",Server,6.47,0.0,3.00,19.41,0.00,19.41,522.37,,68.77,68.77,0.00,0.00,,,Tink-a-Tako - Potranco,
"Compean, Rosa",Server,6.36,0.0,3.00,19.08,0.00,19.08,563.38,,50.94,50.94,0.00,0.00,,,Tink-a-Tako - Potranco,
"Diaz, Diego",Cook,8.62,0.0,,,,,0.00,,0.00,0.00,0.00,0.00,,,Tink-a-Tako - Potranco,
"Gonzales (Line) , Maria",Cook,6.91,0.0,14.00,96.74,0.00,96.74,0.00,,0.00,0.00,0.00,0.00,,,Tink-a-Tako - Potranco,
"Gonzalez, Maria ",Tortillero,7.23,0.0,13.00,93.99,0.00,93.99,0.00,,0.00,0.00,0.00,0.00,,,Tink-a-Tako - Potranco,
"Juarez, Maria ",Dishwasher,7.26,0.0,12.00,87.12,0.00,87.12,0.00,,0.00,0.00,0.00,0.00,,,Tink-a-Tako - Potranco,
"Luna, Mayra",Shift Manager / Assistant Manager,7.53,0.0,,,,,0.00,,0.00,0.00,0.00,0.00,1919,,Tink-a-Tako - Potranco,
"Ramirez Perez, Silvia",Cook,8.47,0.0,17.00,143.99,0.00,143.99,0.00,,0.00,0.00,0.00,0.00,,,Tink-a-Tako - Potranco,
"Reyes, Nadia ",Server,6.51,0.0,,,,,380.59,,56.52,56.52,0.00,0.00,,,Tink-a-Tako - Potranco,
"Rueda, Jonathan",Busser,5.25,0.0,12.00,63.00,0.00,63.00,0.00,,0.00,0.00,0.00,0.00,,,Tink-a-Tako - Potranco,
"Salinas, Zoila",Manager S.,18.99,0.0,18.75,356.06,0.00,356.06,0.00,0.00,0.00,0.00,0.00,0.00,,,Tink-a-Tako - Potranco,
"Serrato, Joshua ",Busser,0.95,0.0,12.00,11.40,0.00,11.40,0.00,,0.00,0.00,0.00,0.00,,,Tink-a-Tako - Potranco,
"Torres, Daniela",Drive-Thru,5.83,0.0,,,,,146.75,,2.61,2.61,0.00,0.00,,,Tink-a-Tako - Potranco,
"Trevino, Melissa",Dishwasher,6.11,0.0,13.00,79.43,0.00,79.43,0.00,,0.00,0.00,0.00,0.00,,,Tink-a-Tako - Potranco,
"Vasquez, Norma",Server,8.14,0.0,5.00,40.70,0.00,40.70,689.95,,84.27,84.27,0.00,0.00,,,Tink-a-Tako - Potranco,
