Location,Employee,Job Title,In Date,Out Date,Total Hours,Unpaid Break Time,Paid Break Time,Payable Hours
Tink-a-Tako - Potranco,"Aviles, Genaro",Cook,10/22/25 5:31 AM,10/22/25 2:08 PM,8.61,0.00,0.00,8.61
Tink-a-Tako - Potranco,"Ramirez Perez, Silvia",Cook,10/22/25 5:31 AM,10/22/25 1:59 PM,8.47,0.00,0.00,8.47
Tink-a-Tako - Potranco,"Diaz, Diego",Cook,10/22/25 5:32 AM,10/22/25 2:09 PM,8.62,0.00,0.00,8.62
Tink-a-Tako - Potranco,"Alvarado, Rodolfo",Cook,10/22/25 5:40 AM,10/22/25 2:01 PM,8.34,0.00,0.00,8.34
Tink-a-Tako - Potranco,"Abundiz, Ivana",Host,10/22/25 5:58 AM,10/22/25 2:21 PM,8.38,0.00,0.00,8.38
Tink-a-Tako - Potranco,"Vasquez, Norma",Server,10/22/25 6:12 AM,10/22/25 2:20 PM,8.14,0.00,0.00,8.14
Tink-a-Tako - Potranco,"Caviedes, Esperansa",Server,10/22/25 7:39 AM,10/22/25 2:07 PM,6.47,0.00,0.00,6.47
Tink-a-Tako - Potranco,"Compean, Rosa",Server,10/22/25 7:44 AM,10/22/25 2:06 PM,6.36,0.00,0.00,6.36
Tink-a-Tako - Potranco,"Trevino, Melissa",Dishwasher,10/22/25 8:03 AM,10/22/25 2:10 PM,6.11,0.00,0.00,6.11
Tink-a-Tako - Potranco,"Torres, Daniela",Drive-Thru,10/22/25 8:12 AM,10/22/25 2:02 PM,5.83,0.00,0.00,5.83
Tink-a-Tako - Potranco,"Serrato, Joshua ",Busser,10/22/25 8:59 AM,10/22/25 9:56 AM,0.95,0.00,0.00,0.95
Tink-a-Tako - Potranco,"Salinas, Zoila",Manager S.,10/22/25 9:00 AM,10/23/25 4:00 AM,18.99,0.00,0.00,18.99
Tink-a-Tako - Potranco,"Camacho, Juan ",Server,10/22/25 1:41 PM,10/22/25 9:43 PM,8.04,0.00,0.00,8.04
Tink-a-Tako - Potranco,"Gonzalez, Maria ",Tortillero,10/22/25 1:47 PM,10/22/25 9:01 PM,7.23,0.00,0.00,7.23
Tink-a-Tako - Potranco,"Juarez, Maria ",Dishwasher,10/22/25 1:53 PM,10/22/25 9:08 PM,7.26,0.00,0.00,7.26
Tink-a-Tako - Potranco,"Gonzales (Line) , Maria",Cook,10/22/25 1:58 PM,10/22/25 8:53 PM,6.91,0.00,0.00,6.91
Tink-a-Tako - Potranco,"Calderon, Jesus",Cook,10/22/25 2:01 PM,10/22/25 8:59 PM,6.97,0.00,0.00,6.97
Tink-a-Tako - Potranco,"Luna, Mayra",Shift Manager / Assistant Manager,10/22/25 2:12 PM,10/22/25 9:44 PM,7.53,0.00,0.00,7.53
Tink-a-Tako - Potranco,"Alonso, Lizeth",Host,10/22/25 2:13 PM,10/22/25 9:04 PM,6.84,0.00,0.00,6.84
Tink-a-Tako - Potranco,"Reyes, Nadia ",Server,10/22/25 3:02 PM,10/22/25 9:33 PM,6.51,0.00,0.00,6.51
Tink-a-Tako - Potranco,"Rueda, Jonathan",Busser,10/22/25 3:50 PM,10/22/25 9:05 PM,5.25,0.00,0.00,5.25
