Location,Order #,Opened Date,Server,Table,Discount Name,Discount Reason,Comment,Discount Amount
Sandra's Cuisine - Potranco - 12060 Potranco Road,273,8/14/25 6:20 PM,Mario Jimenez,,Open % Check,,,1.74
Sandra's Cuisine - Potranco - 12060 Potranco Road,264,8/14/25 5:48 PM,Lisa Velasquez,17,Open % Item,,,1.40
Sandra's Cuisine - Potranco - 12060 Potranco Road,260,8/14/25 5:19 PM,Lisa Velasquez,4,Open % Item,,,1.40
Sandra's Cuisine - Potranco - 12060 Potranco Road,260,8/14/25 5:19 PM,Lisa Velasquez,4,Open % Item,,,1.90
Sandra's Cuisine - Potranco - 12060 Potranco Road,235,8/14/25 2:23 PM,Gabriel Tovar ,,Employee Discount - Item,Employee Discount,Employee,2.99
Sandra's Cuisine - Potranco - 12060 Potranco Road,235,8/14/25 2:23 PM,Gabriel Tovar ,,Employee Discount - Item,Employee Discount,Employee,9.99
Sandra's Cuisine - Potranco - 12060 Potranco Road,235,8/14/25 2:23 PM,Gabriel Tovar ,,Employee Discount - Item,Employee Discount,Employee,2.99
Sandra's Cuisine - Potranco - 12060 Potranco Road,225,8/14/25 1:43 PM,Nadia Reyes,,Open % Check,,,1.88
Sandra's Cuisine - Potranco - 12060 Potranco Road,207,8/14/25 1:05 PM,Nadia Reyes,,Open % Check,,,1.04
Sandra's Cuisine - Potranco - 12060 Potranco Road,199,8/14/25 12:51 PM,Leticia Roman,21,Open % Item,,,0.90
Sandra's Cuisine - Potranco - 12060 Potranco Road,196,8/14/25 12:48 PM,Nadia Reyes,,Open % Check,,,1.80
Sandra's Cuisine - Potranco - 12060 Potranco Road,166,8/14/25 11:58 AM,Candy Del Angel,,Open % Item,,,1.00
Sandra's Cuisine - Potranco - 12060 Potranco Road,137,8/14/25 11:11 AM,Nadia Reyes,,Open % Check,,,1.78
Sandra's Cuisine - Potranco - 12060 Potranco Road,136,8/14/25 11:10 AM,Nadia Reyes,,Open $ Check,,,1.50
Sandra's Cuisine - Potranco - 12060 Potranco Road,74,8/14/25 9:19 AM,Gabriel Tovar ,,Employee Discount - Check,Employee Discount,Employee,37.93
Sandra's Cuisine - Potranco - 12060 Potranco Road,64,8/14/25 9:08 AM,Nadia Reyes,,Open % Check,,,4.07
Sandra's Cuisine - Potranco - 12060 Potranco Road,39,8/14/25 8:16 AM,Nadia Reyes,,Open % Check,,,1.82
Sandra's Cuisine - Potranco - 12060 Potranco Road,27,8/14/25 7:43 AM,Leticia Roman,,Open % Check,,,1.15
Sandra's Cuisine - Potranco - 12060 Potranco Road,16,8/14/25 7:03 AM,Nadia Reyes,,Birthday Rewards,,,3.98
