Check #,Table,Payment Type,Server,Cashier,Tip,Amount,Cash Drawer,Date,Opened Date
2,,CREDIT,Nadia,Nadia,0.00,11.66,,8/14/25 6:33 AM,8/14/25 6:30 AM
3,,CREDIT,Nadia,Nadia,0.00,12.94,,8/14/25 6:35 AM,8/14/25 6:30 AM
4,,CREDIT,Nadia,Nadia,1.18,5.81,,8/14/25 6:40 AM,8/14/25 6:38 AM
7,,CREDIT,Nadia,Nadia,1.77,9.59,,8/14/25 6:45 AM,8/14/25 6:42 AM
11,,CREDIT,Nadia,Nadia,0.00,18.97,,8/14/25 6:50 AM,8/14/25 6:49 AM
9,,CASH,Nadia,Nadia,0.00,9.50,DRIVE THRU 1,8/14/25 6:51 AM,8/14/25 6:47 AM
12,,CREDIT,Nadia,Nadia,0.00,10.68,,8/14/25 6:54 AM,8/14/25 6:50 AM
13,,CREDIT,Nadia,Nadia,2.85,20.59,,8/14/25 6:56 AM,8/14/25 6:55 AM
14,,CREDIT,Nadia,Nadia,1.11,8.04,,8/14/25 7:00 AM,8/14/25 6:56 AM
15,,CREDIT,Nadia,Nadia,0.00,6.14,,8/14/25 7:04 AM,8/14/25 7:00 AM
8,,CASH,Nadia,Nadia,0.00,25.96,DRIVE THRU 1,8/14/25 7:07 AM,8/14/25 6:43 AM
17,,CREDIT,Nadia,Nadia,2.72,13.37,,8/14/25 7:27 AM,8/14/25 7:25 AM
18,,CREDIT,Nadia,Nadia,1.69,12.19,,8/14/25 7:29 AM,8/14/25 7:25 AM
19,,CREDIT,Nadia,Nadia,0.00,7.77,,8/14/25 7:30 AM,8/14/25 7:26 AM
20,,CREDIT,Nadia,Nadia,0.00,12.62,,8/14/25 7:32 AM,8/14/25 7:29 AM
21,,CREDIT,Nadia,Nadia,0.00,13.59,,8/14/25 7:34 AM,8/14/25 7:31 AM
22,,CREDIT,Nadia,Nadia,0.00,7.44,,8/14/25 7:35 AM,8/14/25 7:33 AM
23,,CREDIT,Nadia,Nadia,0.00,4.32,,8/14/25 7:36 AM,8/14/25 7:34 AM
24,,CREDIT,Nadia,Nadia,2.96,14.58,,8/14/25 7:39 AM,8/14/25 7:38 AM
27,,CREDIT,Leticia,Leticia,0.00,11.15,,8/14/25 7:55 AM,8/14/25 7:44 AM
25,,CREDIT,Nadia,Nadia,0.00,12.52,,8/14/25 7:59 AM,8/14/25 7:57 AM
28,,CREDIT,Nadia,Nadia,0.00,10.68,,8/14/25 8:02 AM,8/14/25 8:01 AM
29,,CREDIT,Nadia,Nadia,5.00,14.05,,8/14/25 8:07 AM,8/14/25 8:02 AM
31,,CREDIT,Nadia,Nadia,0.00,7.88,,8/14/25 8:09 AM,8/14/25 8:02 AM
32,,CREDIT,Nadia,Nadia,0.00,12.85,,8/14/25 8:10 AM,8/14/25 8:06 AM
39,,CASH,Nadia,Nadia,0.00,4.59,DRIVE THRU 1,8/14/25 8:20 AM,8/14/25 8:16 AM
43,,CREDIT,Gabriel,Gabriel,0.00,22.44,,8/14/25 8:21 AM,8/14/25 8:21 AM
40,,CREDIT,Nadia,Nadia,1.00,5.29,,8/14/25 8:21 AM,8/14/25 8:16 AM
41,,CREDIT,Nadia,Nadia,0.00,11.97,,8/14/25 8:23 AM,8/14/25 8:17 AM
35,18,CREDIT,Lizbeth,Lizbeth,4.00,12.97,,8/14/25 8:23 AM,8/14/25 8:13 AM
44,,CREDIT,Nadia,Nadia,0.00,21.72,,8/14/25 8:26 AM,8/14/25 8:21 AM
49,,CREDIT,Nadia,Nadia,0.00,12.53,,8/14/25 8:32 AM,8/14/25 8:30 AM
46,3,CREDIT,Leticia,Leticia,5.00,16.73,,8/14/25 8:34 AM,8/14/25 8:26 AM
50,,CREDIT,Nadia,Nadia,5.00,13.47,,8/14/25 8:36 AM,8/14/25 8:32 AM
51,,CASH,Nadia,Nadia,0.00,7.55,DRIVE THRU 1,8/14/25 8:40 AM,8/14/25 8:32 AM
52,,CREDIT,Nadia,Nadia,0.00,11.53,,8/14/25 8:42 AM,8/14/25 8:35 AM
47,2,CREDIT,Lizbeth,Lizbeth,4.00,17.80,,8/14/25 8:44 AM,8/14/25 8:28 AM
34,7,CASH,Gabriel,Gabriel,0.00,20.55,,8/14/25 8:44 AM,8/14/25 8:10 AM
55,,CREDIT,Nadia,Nadia,0.00,11.86,,8/14/25 8:44 AM,8/14/25 8:40 AM
42,16,CREDIT,Leticia,Candy,5.00,35.22,,8/14/25 8:46 AM,8/14/25 8:21 AM
58,,CREDIT,Nadia,Nadia,1.00,10.81,,8/14/25 8:46 AM,8/14/25 8:43 AM
48,23,CASH,Gabriel,Gabriel,0.00,14.58,,8/14/25 8:47 AM,8/14/25 8:29 AM
36,20,CREDIT,Lizbeth,Lizbeth,3.41,22.60,,8/14/25 8:47 AM,8/14/25 8:14 AM
36,20,CREDIT,Lizbeth,Lizbeth,6.00,22.59,,8/14/25 8:47 AM,8/14/25 8:14 AM
56,,CREDIT,Leticia,Leticia,2.00,6.47,,8/14/25 8:48 AM,8/14/25 8:41 AM
59,,CREDIT,Nadia,Nadia,2.00,8.09,,8/14/25 8:51 AM,8/14/25 8:48 AM
30,14,CASH,Leticia,Leticia,0.00,25.15,,8/14/25 8:56 AM,8/14/25 8:04 AM
45,26,CASH,Gabriel,Gabriel,0.00,17.31,,8/14/25 8:57 AM,8/14/25 8:25 AM
62,,CREDIT,Nadia,Nadia,0.00,8.20,,8/14/25 9:04 AM,8/14/25 9:03 AM
64,,CASH,Nadia,Nadia,0.00,10.29,DRIVE THRU 1,8/14/25 9:11 AM,8/14/25 9:08 AM
65,,CASH,Nadia,Nadia,0.00,4.30,DRIVE THRU 1,8/14/25 9:12 AM,8/14/25 9:09 AM
67,,CREDIT,Candy,Candy,0.00,20.81,,8/14/25 9:12 AM,8/14/25 9:12 AM
69,,CREDIT,Nadia,Nadia,2.95,15.95,,8/14/25 9:16 AM,8/14/25 9:15 AM
61,12,CREDIT,Lizbeth,Lizbeth,6.00,12.74,,8/14/25 9:20 AM,8/14/25 9:04 AM
70,,CASH,Nadia,Nadia,0.00,7.33,DRIVE THRU 1,8/14/25 9:21 AM,8/14/25 9:16 AM
54,15,CREDIT,Lizbeth,Lizbeth,10.00,33.14,,8/14/25 9:21 AM,8/14/25 8:40 AM
72,,CREDIT,Nadia,Nadia,0.00,15.12,,8/14/25 9:24 AM,8/14/25 9:19 AM
75,,CREDIT,Nadia,Nadia,0.00,13.26,,8/14/25 9:26 AM,8/14/25 9:21 AM
53,1,CREDIT,Leticia,Leticia,10.00,30.55,,8/14/25 9:28 AM,8/14/25 8:44 AM
57,,CREDIT,Nadia,Nadia,0.00,9.07,,8/14/25 9:30 AM,8/14/25 8:42 AM
79,,CASH,Nadia,Nadia,0.00,13.70,DRIVE THRU 1,8/14/25 9:32 AM,8/14/25 9:30 AM
63,27,CREDIT,Leticia,Leticia,0.00,24.84,,8/14/25 9:34 AM,8/14/25 9:08 AM
37,,CREDIT,Nadia,Nadia,2.00,23.93,,8/14/25 9:38 AM,8/14/25 8:14 AM
85,,CREDIT,Leticia,Leticia,0.00,40.59,,8/14/25 9:38 AM,8/14/25 9:38 AM
66,6,CREDIT,Gabriel,Gabriel,10.00,28.63,,8/14/25 9:38 AM,8/14/25 9:13 AM
60,35,CREDIT,Gabriel,Gabriel,4.00,25.93,,8/14/25 9:40 AM,8/14/25 9:01 AM
86,,CREDIT,Nadia,Nadia,1.69,12.21,,8/14/25 9:43 AM,8/14/25 9:37 AM
87,,CREDIT,Nadia,Nadia,0.00,4.74,,8/14/25 9:44 AM,8/14/25 9:38 AM
71,8,CREDIT,Lizbeth,Lizbeth,7.00,29.03,,8/14/25 9:44 AM,8/14/25 9:19 AM
80,,CASH,Candy,Candy,0.00,6.47,Host Drawer,8/14/25 9:44 AM,8/14/25 9:33 AM
82,20,CREDIT,Gabriel,Gabriel,5.00,22.80,,8/14/25 9:45 AM,8/14/25 9:33 AM
93,,CASH,Candy,Candy,0.00,2.15,Host Drawer,8/14/25 9:45 AM,8/14/25 9:45 AM
90,,CREDIT,Nadia,Nadia,0.00,14.88,,8/14/25 9:45 AM,8/14/25 9:41 AM
91,,CREDIT,Nadia,Nadia,0.00,11.12,,8/14/25 9:47 AM,8/14/25 9:43 AM
92,,CREDIT,Nadia,Nadia,0.00,29.33,,8/14/25 9:48 AM,8/14/25 9:44 AM
73,2,CASH,Leticia,Leticia,0.00,7.56,,8/14/25 9:50 AM,8/14/25 9:19 AM
95,,CREDIT,Nadia,Nadia,0.00,20.20,,8/14/25 9:51 AM,8/14/25 9:46 AM
96,,CREDIT,Nadia,Nadia,0.00,22.30,,8/14/25 9:57 AM,8/14/25 9:48 AM
78,3,CASH,Gabriel,Gabriel,0.00,20.54,,8/14/25 9:58 AM,8/14/25 9:29 AM
97,,CREDIT,Nadia,Nadia,3.04,21.92,,8/14/25 9:58 AM,8/14/25 9:50 AM
100,,CREDIT,Nadia,Nadia,1.01,4.96,,8/14/25 10:04 AM,8/14/25 9:51 AM
81,16,CREDIT,Lizbeth,Lizbeth,3.00,21.49,,8/14/25 10:05 AM,8/14/25 9:32 AM
102,,CREDIT,Nadia,Nadia,0.00,14.88,,8/14/25 10:06 AM,8/14/25 9:59 AM
77,21,CREDIT,Leticia,Leticia,0.00,19.43,,8/14/25 10:07 AM,8/14/25 9:29 AM
110,,CREDIT,Nadia,Nadia,0.00,9.93,,8/14/25 10:10 AM,8/14/25 10:09 AM
99,12,CREDIT,Lizbeth,,1.69,8.30,,8/14/25 10:10 AM,8/14/25 9:51 AM
108,12,CREDIT,Lizbeth,,1.45,7.87,,8/14/25 10:11 AM,8/14/25 10:07 AM
107,12,CREDIT,Lizbeth,,1.59,8.63,,8/14/25 10:12 AM,8/14/25 10:07 AM
103,4,CREDIT,Lizbeth,Lizbeth,0.00,29.27,,8/14/25 10:21 AM,8/14/25 10:00 AM
111,,CREDIT,Nadia,Nadia,0.00,25.05,,8/14/25 10:22 AM,8/14/25 10:18 AM
113,,CREDIT,Nadia,Nadia,0.00,9.27,,8/14/25 10:23 AM,8/14/25 10:21 AM
89,1,CREDIT,Lizbeth,Lizbeth,3.00,12.97,,8/14/25 10:23 AM,8/14/25 9:41 AM
104,1,CASH,Lizbeth,Lizbeth,0.00,12.97,,8/14/25 10:25 AM,8/14/25 10:04 AM
105,2,CREDIT,Gabriel,Gabriel,5.00,31.13,,8/14/25 10:27 AM,8/14/25 10:06 AM
112,,CREDIT,Nadia,Nadia,4.20,22.71,,8/14/25 10:29 AM,8/14/25 10:22 AM
115,,CASH,Nadia,Nadia,0.00,7.67,DRIVE THRU 1,8/14/25 10:32 AM,8/14/25 10:28 AM
116,,CREDIT,Nadia,Nadia,1.58,7.75,,8/14/25 10:34 AM,8/14/25 10:29 AM
117,,CREDIT,Nadia,Nadia,0.00,16.18,,8/14/25 10:34 AM,8/14/25 10:32 AM
114,20,CREDIT,Leticia,,1.50,9.50,,8/14/25 10:39 AM,8/14/25 10:23 AM
,,PAY_OUT,Nadia,,0.00,-82.81,DRIVE THRU 1,8/14/25 10:39 AM,8/14/25 10:39 AM
123,,CREDIT,Nadia,Nadia,0.00,4.63,,8/14/25 10:43 AM,8/14/25 10:40 AM
101,15,CASH,Leticia,Leticia,0.00,30.75,,8/14/25 10:45 AM,8/14/25 9:56 AM
125,,CREDIT,Nadia,Nadia,2.02,14.58,,8/14/25 10:49 AM,8/14/25 10:48 AM
127,,CASH,Nadia,Nadia,0.00,12.98,DRIVE THRU 1,8/14/25 10:54 AM,8/14/25 10:53 AM
119,8,CREDIT,Gabriel,Gabriel,4.00,10.14,,8/14/25 10:57 AM,8/14/25 10:35 AM
118,22,CREDIT,Lizbeth,Lizbeth,7.00,21.62,,8/14/25 11:00 AM,8/14/25 10:35 AM
129,,CASH,Nadia,Nadia,0.00,4.63,DRIVE THRU 1,8/14/25 11:02 AM,8/14/25 11:00 AM
120,,CASH,Nadia,Nadia,0.00,21.87,DRIVE THRU 1,8/14/25 11:03 AM,8/14/25 10:38 AM
135,,CREDIT,Nadia,Nadia,1.76,8.64,,8/14/25 11:09 AM,8/14/25 11:08 AM
130,,CASH,Nadia,Nadia,0.00,10.03,DRIVE THRU 1,8/14/25 11:12 AM,8/14/25 11:01 AM
133,,CREDIT,Candy,Candy,2.00,24.10,,8/14/25 11:22 AM,8/14/25 11:06 AM
137,,CASH,Nadia,Nadia,0.00,17.30,DRIVE THRU 1,8/14/25 11:23 AM,8/14/25 11:11 AM
121,26,CASH,Gabriel,Gabriel,0.00,18.36,,8/14/25 11:25 AM,8/14/25 10:39 AM
142,,CREDIT,Nadia,Nadia,0.00,19.49,,8/14/25 11:27 AM,8/14/25 11:21 AM
124,2,CREDIT,Lizbeth,Candy,8.00,24.75,,8/14/25 11:27 AM,8/14/25 10:48 AM
149,,CREDIT,Nadia,Nadia,0.00,4.32,,8/14/25 11:27 AM,8/14/25 11:26 AM
145,,CREDIT,Nadia,Nadia,0.00,22.21,,8/14/25 11:31 AM,8/14/25 11:22 AM
146,,CASH,Nadia,Nadia,0.00,5.39,DRIVE THRU 1,8/14/25 11:31 AM,8/14/25 11:22 AM
138,,CREDIT,Candy,Candy,0.00,29.68,,8/14/25 11:32 AM,8/14/25 11:13 AM
148,,CREDIT,Nadia,Nadia,0.00,14.57,,8/14/25 11:35 AM,8/14/25 11:25 AM
151,,CREDIT,Nadia,Nadia,1.06,5.72,,8/14/25 11:36 AM,8/14/25 11:30 AM
152,,CREDIT,Nadia,Nadia,0.00,8.09,,8/14/25 11:38 AM,8/14/25 11:32 AM
128,14,CREDIT,Leticia,Leticia,10.00,40.81,,8/14/25 11:40 AM,8/14/25 10:59 AM
154,,CREDIT,Nadia,Nadia,0.00,10.03,,8/14/25 11:43 AM,8/14/25 11:35 AM
159,,CREDIT,Nadia,Nadia,0.00,3.02,,8/14/25 11:44 AM,8/14/25 11:40 AM
140,34,CASH,Lizbeth,Lizbeth,0.00,16.71,,8/14/25 11:45 AM,8/14/25 11:14 AM
163,,CREDIT,Leticia,Leticia,0.00,3.24,,8/14/25 11:51 AM,8/14/25 11:51 AM
,,PAY_OUT,Nadia,,0.00,-75.00,DRIVE THRU 1,8/14/25 11:53 AM,8/14/25 11:53 AM
134,28,CREDIT,Gabriel,Gabriel,14.00,70.45,,8/14/25 11:54 AM,8/14/25 11:07 AM
168,,CREDIT,Nadia,Nadia,1.20,8.64,,8/14/25 11:59 AM,8/14/25 11:58 AM
166,,CREDIT,Candy,Candy,0.00,13.71,,8/14/25 11:59 AM,8/14/25 11:58 AM
173,,CREDIT,Nadia,Nadia,1.75,9.48,,8/14/25 12:08 PM,8/14/25 12:06 PM
157,15,CREDIT,Lizbeth,Lizbeth,9.00,36.31,,8/14/25 12:10 PM,8/14/25 11:40 AM
143,21,CREDIT,Leticia,Leticia,10.00,70.23,,8/14/25 12:14 PM,8/14/25 11:21 AM
160,18,CREDIT,Gabriel,Gabriel,0.00,53.47,,8/14/25 12:15 PM,8/14/25 11:48 AM
177,,CREDIT,Nadia,Nadia,0.00,7.58,,8/14/25 12:17 PM,8/14/25 12:16 PM
176,,CREDIT,Nadia,Nadia,0.00,31.15,,8/14/25 12:20 PM,8/14/25 12:12 PM
162,16,CREDIT,Leticia,Leticia,4.00,15.55,,8/14/25 12:20 PM,8/14/25 11:50 AM
155,,CREDIT,Nadia,Nadia,1.00,11.01,,8/14/25 12:25 PM,8/14/25 11:36 AM
183,,CREDIT,Nadia,Nadia,0.00,3.88,,8/14/25 12:27 PM,8/14/25 12:27 PM
167,29,CASH,Gabriel,Gabriel,0.00,14.59,,8/14/25 12:28 PM,8/14/25 11:58 AM
184,,CASH,Nadia,Nadia,0.00,5.49,DRIVE THRU 1,8/14/25 12:34 PM,8/14/25 12:28 PM
161,31,CREDIT,Gabriel,Gabriel,0.00,35.54,,8/14/25 12:34 PM,8/14/25 11:51 AM
161,31,CREDIT,Gabriel,Gabriel,0.00,-35.54,,8/14/25 12:34 PM,8/14/25 11:51 AM
188,31,CREDIT,Gabriel,Gabriel,4.00,18.92,,8/14/25 12:34 PM,8/14/25 12:30 PM
174,26,CREDIT,Lizbeth,Candy,0.00,27.02,,8/14/25 12:39 PM,8/14/25 12:08 PM
187,25,CASH,Lizbeth,Lizbeth,0.00,9.73,,8/14/25 12:40 PM,8/14/25 12:29 PM
185,25,CREDIT,Lizbeth,Lizbeth,2.00,9.73,,8/14/25 12:41 PM,8/14/25 12:28 PM
172,25,CREDIT,Lizbeth,Lizbeth,2.00,13.51,,8/14/25 12:41 PM,8/14/25 12:03 PM
175,34,CREDIT,Gabriel,Gabriel,4.00,33.18,,8/14/25 12:42 PM,8/14/25 12:09 PM
156,2,CREDIT,Gabriel,Gabriel,3.00,18.80,,8/14/25 12:42 PM,8/14/25 11:36 AM
161,31,CREDIT,Gabriel,Gabriel,0.00,35.54,,8/14/25 12:43 PM,8/14/25 11:51 AM
165,37,CREDIT,Lizbeth,Lizbeth,0.00,63.28,,8/14/25 12:44 PM,8/14/25 12:00 PM
191,37,CREDIT,Lizbeth,,3.14,20.11,,8/14/25 12:45 PM,8/14/25 12:35 PM
190,37,CREDIT,Lizbeth,Lizbeth,10.00,60.05,,8/14/25 12:46 PM,8/14/25 12:35 PM
196,,CASH,Nadia,Nadia,0.00,17.51,,8/14/25 12:51 PM,8/14/25 12:49 PM
202,14,CREDIT,Leticia,Leticia,0.00,17.73,,8/14/25 12:55 PM,8/14/25 12:54 PM
171,14,CREDIT,Leticia,Leticia,0.00,29.63,,8/14/25 12:55 PM,8/14/25 12:01 PM
200,,CREDIT,Nadia,Nadia,0.00,30.69,,8/14/25 12:58 PM,8/14/25 12:52 PM
181,18,CREDIT,Gabriel,Gabriel,25.00,115.18,,8/14/25 1:01 PM,8/14/25 12:26 PM
198,,CREDIT,Nadia,Nadia,0.00,4.31,,8/14/25 1:03 PM,8/14/25 12:49 PM
205,,CREDIT,Nadia,Nadia,0.00,34.87,,8/14/25 1:10 PM,8/14/25 1:04 PM
180,28,CREDIT,Leticia,Leticia,0.00,79.67,,8/14/25 1:12 PM,8/14/25 12:25 PM
213,,CREDIT,Gabriel,Gabriel,3.00,13.68,,8/14/25 1:12 PM,8/14/25 1:12 PM
214,,CREDIT,Gabriel,Gabriel,0.00,3.99,,8/14/25 1:13 PM,8/14/25 1:13 PM
164,3,CREDIT,Leticia,Candy,5.00,40.33,,8/14/25 1:16 PM,8/14/25 11:55 AM
207,,CREDIT,Nadia,Nadia,1.00,10.09,,8/14/25 1:19 PM,8/14/25 1:05 PM
201,16,CREDIT,Gabriel,Gabriel,10.00,28.12,,8/14/25 1:19 PM,8/14/25 12:54 PM
182,35,CREDIT,Lizbeth,Lizbeth,10.00,46.25,,8/14/25 1:22 PM,8/14/25 12:27 PM
215,,CASH,Nadia,Nadia,0.00,4.63,DRIVE THRU 1,8/14/25 1:23 PM,8/14/25 1:13 PM
193,31,CREDIT,Lizbeth,Lizbeth,0.00,41.60,,8/14/25 1:30 PM,8/14/25 12:46 PM
136,,CREDIT,Nadia,Nadia,4.26,29.74,,8/14/25 1:35 PM,8/14/25 11:11 AM
204,27,CREDIT,Lizbeth,Lizbeth,8.53,66.47,,8/14/25 1:40 PM,8/14/25 1:06 PM
221,,CREDIT,Candy,Candy,3.00,11.90,,8/14/25 1:44 PM,8/14/25 1:30 PM
212,,CASH,Nadia,Nadia,0.00,32.83,DRIVE THRU 1,8/14/25 1:44 PM,8/14/25 1:09 PM
199,21,CREDIT,Leticia,Leticia,7.00,37.36,,8/14/25 1:50 PM,8/14/25 12:53 PM
209,34,CASH,Lizbeth,Lizbeth,0.00,19.96,,8/14/25 1:52 PM,8/14/25 1:07 PM
226,,CREDIT,Nadia,Nadia,1.00,15.14,,8/14/25 1:52 PM,8/14/25 1:52 PM
217,6,CREDIT,Leticia,Leticia,7.00,51.92,,8/14/25 1:54 PM,8/14/25 1:22 PM
225,,CASH,Nadia,Nadia,0.00,18.28,DRIVE THRU 1,8/14/25 1:56 PM,8/14/25 1:43 PM
228,,CASH,Nadia,Nadia,0.00,3.88,DRIVE THRU 1,8/14/25 1:58 PM,8/14/25 1:56 PM
229,,CREDIT,Nadia,Nadia,0.00,12.50,,8/14/25 2:06 PM,8/14/25 2:03 PM
230,,CREDIT,Nadia,Nadia,2.40,12.98,,8/14/25 2:08 PM,8/14/25 2:04 PM
222,29,CREDIT,Gabriel,Gabriel,0.00,17.83,,8/14/25 2:10 PM,8/14/25 1:30 PM
231,,CREDIT,Nadia,Nadia,0.00,9.69,,8/14/25 2:10 PM,8/14/25 2:04 PM
232,,CREDIT,Nadia,Nadia,1.88,13.59,,8/14/25 2:13 PM,8/14/25 2:07 PM
,,PAY_OUT,Candy,,0.00,-92.00,House,8/14/25 2:16 PM,8/14/25 2:16 PM
,,CASH_COLLECTED,Nadia,Nadia,0.00,17.51*,House,8/14/25 2:19 PM,8/14/25 2:19 PM
,,TIP_OUT,Nadia,Nadia,-64.08,0.00,House,8/14/25 2:19 PM,8/14/25 2:19 PM
224,1,CASH,Gabriel,Gabriel,0.00,49.11,,8/14/25 2:19 PM,8/14/25 1:40 PM
,,TIP_OUT,Candy,Candy,-5.00,0.00,House,8/14/25 2:20 PM,8/14/25 2:20 PM
,,CLOSE_OUT_EXACT,Candy,,0.00,0.00,Host Drawer,8/14/25 2:20 PM,8/14/25 2:20 PM
227,20,CREDIT,Lizbeth,Lizbeth,5.00,37.96,,8/14/25 2:27 PM,8/14/25 1:56 PM
,,CASH_COLLECTED,Leticia,Leticia,0.00,63.46*,House,8/14/25 2:29 PM,8/14/25 2:29 PM
,,TIP_OUT,Leticia,Leticia,-66.50,0.00,House,8/14/25 2:29 PM,8/14/25 2:29 PM
233,3,CREDIT,Emanuel,Emanuel,10.00,45.52,,8/14/25 2:38 PM,8/14/25 2:08 PM
,,CASH_COLLECTED,Lizbeth,Lizbeth,0.00,59.37*,House,8/14/25 2:51 PM,8/14/25 2:51 PM
,,TIP_OUT,Lizbeth,Lizbeth,-138.19,0.00,House,8/14/25 2:51 PM,8/14/25 2:51 PM
,,CASH_COLLECTED,Gabriel,Gabriel,0.00,155.04*,House,8/14/25 3:03 PM,8/14/25 3:03 PM
,,TIP_OUT,Gabriel,Gabriel,-91.00,0.00,House,8/14/25 3:03 PM,8/14/25 3:03 PM
236,34,CREDIT,Emanuel,Emanuel,3.00,17.30,,8/14/25 3:08 PM,8/14/25 2:36 PM
240,,CASH,Candy,Candy,0.00,7.57,Host Drawer (2),8/14/25 3:16 PM,8/14/25 3:16 PM
243,,CREDIT,Mario,Mario,0.00,12.42,,8/14/25 3:38 PM,8/14/25 3:37 PM
242,,CASH,Mario,Mario,0.00,26.50,DRIVE THRU 1,8/14/25 3:48 PM,8/14/25 3:31 PM
245,,CASH,Mario,Mario,0.00,10.36,DRIVE THRU 1,8/14/25 3:48 PM,8/14/25 3:47 PM
247,,CREDIT,Mario,Mario,0.00,14.90,,8/14/25 4:00 PM,8/14/25 3:59 PM
248,,CASH,Mario,Mario,0.00,23.21,DRIVE THRU 1,8/14/25 4:10 PM,8/14/25 4:08 PM
241,14,CREDIT,Emanuel,Emanuel,6.00,50.71,,8/14/25 4:17 PM,8/14/25 3:24 PM
251,,CASH,Mario,Mario,0.00,30.28,DRIVE THRU 1,8/14/25 4:29 PM,8/14/25 4:28 PM
249,20,CREDIT,Emanuel,Emanuel,6.00,23.55,,8/14/25 4:45 PM,8/14/25 4:12 PM
253,,CREDIT,Mario,Mario,0.00,41.29,,8/14/25 4:46 PM,8/14/25 4:45 PM
258,,CASH,Mario,Mario,0.00,15.13,DRIVE THRU 1,8/14/25 5:11 PM,8/14/25 5:09 PM
250,16,CREDIT,Emanuel,Emanuel,6.34,34.34,,8/14/25 5:11 PM,8/14/25 4:28 PM
252,12,CREDIT,Emanuel,Emanuel,13.00,63.31,,8/14/25 5:25 PM,8/14/25 4:48 PM
256,,CREDIT,Candy,Candy,5.00,30.28,,8/14/25 5:30 PM,8/14/25 5:08 PM
261,,CREDIT,Mario,Mario,3.00,22.70,,8/14/25 5:41 PM,8/14/25 5:41 PM
255,1,CREDIT,Emanuel,Emanuel,6.47,39.53,,8/14/25 5:45 PM,8/14/25 4:50 PM
265,,CREDIT,Mario,Mario,0.00,7.57,,8/14/25 5:52 PM,8/14/25 5:50 PM
266,,CREDIT,Mario,Mario,0.00,7.57,,8/14/25 5:54 PM,8/14/25 5:54 PM
264,17,CREDIT,Lisa,Lisa,0.00,13.63,,8/14/25 5:58 PM,8/14/25 5:48 PM
272,,CREDIT,Mario,Mario,0.00,24.88,,8/14/25 6:11 PM,8/14/25 6:10 PM
262,15,CREDIT,Emanuel,Emanuel,3.00,19.78,,8/14/25 6:14 PM,8/14/25 5:38 PM
268,,CREDIT,Candy,Candy,0.00,50.28,,8/14/25 6:15 PM,8/14/25 5:56 PM
260,4,CREDIT,Lisa,Lisa,14.00,70.90,,8/14/25 6:23 PM,8/14/25 5:27 PM
273,,CREDIT,Mario,Mario,0.00,16.93,,8/14/25 6:24 PM,8/14/25 6:24 PM
269,1,CREDIT,Lisa,Lisa,8.00,46.16,,8/14/25 6:32 PM,8/14/25 6:02 PM
277,,CREDIT,Mario,Mario,0.00,23.79,,8/14/25 6:45 PM,8/14/25 6:44 PM
271,16,CREDIT,Lisa,,9.03,48.86,,8/14/25 6:49 PM,8/14/25 6:10 PM
278,,CREDIT,Mario,Mario,0.00,22.73,,8/14/25 6:55 PM,8/14/25 6:45 PM
274,,CREDIT,Mario,Mario,8.00,79.27,,8/14/25 6:56 PM,8/14/25 6:52 PM
270,18,CREDIT,Emanuel,Emanuel,10.00,64.92,,8/14/25 6:58 PM,8/14/25 6:08 PM
279,1,CREDIT,Lisa,Lisa,8.00,47.89,,8/14/25 7:16 PM,8/14/25 6:48 PM
281,,CREDIT,Mario,Mario,2.00,35.46,,8/14/25 7:22 PM,8/14/25 7:22 PM
276,14,CREDIT,Emanuel,Emanuel,10.25,55.46,,8/14/25 7:23 PM,8/14/25 6:43 PM
280,3,CREDIT,Emanuel,Emanuel,6.47,46.68,,8/14/25 7:24 PM,8/14/25 6:53 PM
287,,CREDIT,Mario,Mario,0.00,8.64,,8/14/25 7:34 PM,8/14/25 7:33 PM
288,,CREDIT,Mario,Mario,0.00,42.16,,8/14/25 7:41 PM,8/14/25 7:33 PM
283,21,CREDIT,Emanuel,Emanuel,4.00,22.02,,8/14/25 7:46 PM,8/14/25 7:13 PM
285,16,CREDIT,Lisa,Lisa,8.00,32.86,,8/14/25 7:48 PM,8/14/25 7:20 PM
282,4,CREDIT,Lisa,Lisa,12.00,52.33,,8/14/25 7:51 PM,8/14/25 7:08 PM
290,1,CREDIT,Lisa,Lisa,2.00,23.23,,8/14/25 8:06 PM,8/14/25 7:40 PM
284,28,CASH,Emanuel,Emanuel,0.00,30.98,,8/14/25 8:09 PM,8/14/25 7:21 PM
257,2,CREDIT,Emanuel,Emanuel,9.00,40.51,,8/14/25 8:09 PM,8/14/25 5:08 PM
291,,CREDIT,Mario,Mario,4.51,24.42,,8/14/25 8:16 PM,8/14/25 8:15 PM
292,,CREDIT,Mario,Mario,0.00,57.86,,8/14/25 8:51 PM,8/14/25 8:38 PM
,,TIP_OUT,Mario,Mario,-17.51,0.00,House,8/14/25 8:59 PM,8/14/25 8:59 PM
,,CASH_COLLECTED,Emanuel,Emanuel,0.00,30.98*,House,8/14/25 9:04 PM,8/14/25 9:04 PM
,,TIP_OUT,Emanuel,Emanuel,-93.53,0.00,House,8/14/25 9:04 PM,8/14/25 9:04 PM
,,TIP_OUT,Lisa,Lisa,-61.03,0.00,House,8/14/25 9:09 PM,8/14/25 9:09 PM
,,TOTAL,,,-17.38,4797.65,,,
