Location,Order #,Opened,Server,Table,Revenue Center,Discount Amount,Amount,Tax,Tip,Gratuity,Duration (Opened to Paid)
12060 Potranco Road,2,8/14/25 6:29 AM,Nadia Reyes,,Drive Thru,0.00,10.77,0.89,0.00,0.00,00:04:42
12060 Potranco Road,3,8/14/25 6:30 AM,Nadia Reyes,,Drive Thru,0.00,11.96,0.98,0.00,0.00,00:06:23
12060 Potranco Road,4,8/14/25 6:38 AM,Nadia Reyes,,Drive Thru,0.00,5.37,0.44,1.18,0.00,00:02:34
12060 Potranco Road,7,8/14/25 6:41 AM,Nadia Reyes,,Dining Room,0.00,8.86,0.73,1.77,0.00,00:03:37
12060 Potranco Road,8,8/14/25 6:42 AM,Nadia Reyes,,Dining Room,0.00,23.98,1.98,0.00,0.00,00:25:48
12060 Potranco Road,9,8/14/25 6:47 AM,Nadia Reyes,,Dining Room,0.00,8.77,0.73,0.00,0.00,00:03:43
12060 Potranco Road,11,8/14/25 6:49 AM,Nadia Reyes,,Dining Room,0.00,17.52,1.45,0.00,0.00,00:01:06
12060 Potranco Road,12,8/14/25 6:50 AM,Nadia Reyes,,Drive Thru,0.00,9.86,0.82,0.00,0.00,00:04:54
12060 Potranco Road,13,8/14/25 6:55 AM,Nadia Reyes,,Dining Room,0.00,19.03,1.56,2.85,0.00,00:02:24
12060 Potranco Road,14,8/14/25 6:56 AM,Nadia Reyes,,Drive Thru,0.00,7.43,0.61,1.11,0.00,00:04:08
12060 Potranco Road,15,8/14/25 6:57 AM,Nadia Reyes,,Drive Thru,0.00,5.68,0.46,0.00,0.00,00:11:23
12060 Potranco Road,16,8/14/25 7:03 AM,Nadia Reyes,,Drive Thru,3.98,0.00,0.00,0.00,0.00,00:05:18
12060 Potranco Road,17,8/14/25 7:25 AM,Nadia Reyes,,Dining Room,0.00,12.35,1.02,2.72,0.00,00:02:26
12060 Potranco Road,18,8/14/25 7:25 AM,Nadia Reyes,,Dining Room,0.00,11.26,0.93,1.69,0.00,00:04:28
12060 Potranco Road,19,8/14/25 7:26 AM,Nadia Reyes,,Dining Room,0.00,7.18,0.59,0.00,0.00,00:04:49
12060 Potranco Road,20,8/14/25 7:29 AM,Nadia Reyes,,Drive Thru,0.00,11.65,0.97,0.00,0.00,00:03:05
12060 Potranco Road,21,8/14/25 7:31 AM,Nadia Reyes,,Drive Thru,0.00,12.55,1.04,0.00,0.00,00:03:23
12060 Potranco Road,22,8/14/25 7:33 AM,Nadia Reyes,,Drive Thru,0.00,6.88,0.56,0.00,0.00,00:02:32
12060 Potranco Road,23,8/14/25 7:33 AM,Nadia Reyes,,Drive Thru,0.00,3.99,0.33,0.00,0.00,00:02:46
12060 Potranco Road,24,8/14/25 7:38 AM,Nadia Reyes,,Drive Thru,0.00,13.47,1.11,2.96,0.00,00:02:06
12060 Potranco Road,27,8/14/25 7:43 AM,Leticia Roman,,Dining Room,1.15,10.31,0.84,0.00,0.00,00:12:33
12060 Potranco Road,25,8/14/25 7:38 AM,Nadia Reyes,,Drive Thru,0.00,11.56,0.96,0.00,0.00,00:23:42
12060 Potranco Road,28,8/14/25 8:01 AM,Nadia Reyes,,Drive Thru,0.00,9.87,0.81,0.00,0.00,00:01:32
12060 Potranco Road,29,8/14/25 8:01 AM,Nadia Reyes,,Drive Thru,0.00,12.98,1.07,5.00,0.00,00:06:08
12060 Potranco Road,31,8/14/25 8:02 AM,Nadia Reyes,,Drive Thru,0.00,7.28,0.60,0.00,0.00,00:08:05
12060 Potranco Road,30,8/14/25 8:01 AM,Leticia Roman,14,Dining Room,0.00,23.23,1.92,0.00,0.00,00:54:57
12060 Potranco Road,32,8/14/25 8:06 AM,Nadia Reyes,,Drive Thru,0.00,11.87,0.98,0.00,0.00,00:04:09
12060 Potranco Road,33,8/14/25 8:09 AM,Gabriel Tovar ,,Dining Room,0.00,0.00,0.00,0.00,0.00,00:00:28
12060 Potranco Road,34,8/14/25 8:09 AM,Gabriel Tovar ,7,Dining Room,0.00,18.98,1.57,0.00,0.00,00:34:26
12060 Potranco Road,35,8/14/25 8:12 AM,Lizbeth Garcia,18,Dining Room,0.00,11.98,0.99,4.00,0.00,00:10:57
12060 Potranco Road,37,8/14/25 8:14 AM,Nadia Reyes,,Dining Room,0.00,22.10,1.83,2.00,0.00,01:24:35
12060 Potranco Road,36,8/14/25 8:13 AM,Lizbeth Garcia,20,Dining Room,0.00,41.75,3.44,9.41,0.00,00:34:26
12060 Potranco Road,39,8/14/25 8:16 AM,Nadia Reyes,,Bar,1.82,4.25,0.34,0.00,0.00,00:03:58
12060 Potranco Road,40,8/14/25 8:16 AM,Nadia Reyes,,None,0.00,4.89,0.40,1.00,0.00,00:05:26
12060 Potranco Road,41,8/14/25 8:16 AM,Nadia Reyes,,None,0.00,11.05,0.92,0.00,0.00,00:06:38
12060 Potranco Road,43,8/14/25 8:20 AM,Gabriel Tovar ,,Dining Room,0.00,20.73,1.71,0.00,0.00,00:01:01
12060 Potranco Road,42,8/14/25 8:18 AM,Leticia Roman,16,Dining Room,0.00,32.53,2.69,5.00,0.00,00:28:10
12060 Potranco Road,44,8/14/25 8:21 AM,Nadia Reyes,,Drive Thru,0.00,20.05,1.67,0.00,0.00,00:05:16
12060 Potranco Road,45,8/14/25 8:24 AM,Gabriel Tovar ,26,Dining Room,0.00,15.99,1.32,0.00,0.00,00:33:11
12060 Potranco Road,46,8/14/25 8:24 AM,Leticia Roman,3,Dining Room,0.00,15.45,1.28,5.00,0.00,00:10:19
12060 Potranco Road,47,8/14/25 8:26 AM,Lizbeth Garcia,2,Dining Room,0.00,16.44,1.36,4.00,0.00,00:17:20
12060 Potranco Road,48,8/14/25 8:29 AM,Gabriel Tovar ,23,Dining Room,0.00,13.47,1.11,0.00,0.00,00:18:10
12060 Potranco Road,49,8/14/25 8:30 AM,Nadia Reyes,,Drive Thru,0.00,11.58,0.95,0.00,0.00,00:02:09
12060 Potranco Road,50,8/14/25 8:31 AM,Nadia Reyes,,Drive Thru,0.00,12.44,1.03,5.00,0.00,00:05:01
12060 Potranco Road,51,8/14/25 8:32 AM,Nadia Reyes,,Drive Thru,0.00,6.97,0.58,0.00,0.00,00:07:59
12060 Potranco Road,52,8/14/25 8:32 AM,Nadia Reyes,,Drive Thru,0.00,19.03,1.57,0.00,0.00,00:58:26
12060 Potranco Road,55,8/14/25 8:39 AM,Nadia Reyes,,Drive Thru,0.00,10.95,0.91,0.00,0.00,00:05:19
12060 Potranco Road,54,8/14/25 8:39 AM,Lizbeth Garcia,15,Dining Room,0.00,30.61,2.53,10.00,0.00,00:42:05
12060 Potranco Road,56,8/14/25 8:41 AM,Leticia Roman,,Dining Room,0.00,5.98,0.49,2.00,0.00,00:07:04
12060 Potranco Road,58,8/14/25 8:42 AM,Nadia Reyes,,Drive Thru,0.00,9.99,0.82,1.00,0.00,00:07:41
12060 Potranco Road,53,8/14/25 8:39 AM,Leticia Roman,1,Dining Room,0.00,28.22,2.33,10.00,0.00,00:49:09
12060 Potranco Road,59,8/14/25 8:48 AM,Nadia Reyes,,Dining Room,0.00,7.47,0.62,2.00,0.00,00:02:56
12060 Potranco Road,60,8/14/25 9:01 AM,Gabriel Tovar ,35,Dining Room,0.00,23.95,1.98,4.00,0.00,00:38:41
12060 Potranco Road,62,8/14/25 9:03 AM,Nadia Reyes,,Drive Thru,0.00,7.57,0.63,0.00,0.00,00:01:30
12060 Potranco Road,61,8/14/25 9:03 AM,Lizbeth Garcia,12,Dining Room,0.00,11.76,0.98,6.00,0.00,00:16:55
12060 Potranco Road,64,8/14/25 9:08 AM,Nadia Reyes,,Drive Thru,4.07,9.50,0.79,0.00,0.00,00:03:30
12060 Potranco Road,63,8/14/25 9:06 AM,Leticia Roman,27,Dining Room,0.00,22.95,1.89,0.00,0.00,00:28:03
12060 Potranco Road,65,8/14/25 9:08 AM,Nadia Reyes,,Drive Thru,0.00,3.98,0.32,0.00,0.00,00:03:40
12060 Potranco Road,67,8/14/25 9:12 AM,Candy Del Angel,,Dining Room,0.00,19.22,1.59,0.00,0.00,00:00:23
12060 Potranco Road,66,8/14/25 9:11 AM,Gabriel Tovar ,6,Dining Room,0.00,26.43,2.20,10.00,0.00,00:27:03
12060 Potranco Road,69,8/14/25 9:14 AM,Nadia Reyes,,Drive Thru,0.00,14.74,1.21,2.95,0.00,00:02:00
12060 Potranco Road,70,8/14/25 9:15 AM,Nadia Reyes,,Drive Thru,0.00,6.77,0.56,0.00,0.00,00:05:13
12060 Potranco Road,71,8/14/25 9:18 AM,Lizbeth Garcia,8,Dining Room,0.00,26.81,2.22,7.00,0.00,00:26:34
12060 Potranco Road,72,8/14/25 9:19 AM,Nadia Reyes,,Drive Thru,0.00,13.97,1.15,0.00,0.00,00:05:46
12060 Potranco Road,73,8/14/25 9:19 AM,Leticia Roman,2,Dining Room,0.00,6.98,0.58,0.00,0.00,00:30:49
12060 Potranco Road,74,8/14/25 9:19 AM,Gabriel Tovar ,,None,37.93,0.00,0.00,0.00,0.00,04:18:52
12060 Potranco Road,75,8/14/25 9:21 AM,Nadia Reyes,,Drive Thru,0.00,12.25,1.01,0.00,0.00,00:05:48
12060 Potranco Road,77,8/14/25 9:29 AM,Leticia Roman,21,Dining Room,0.00,17.95,1.48,0.00,0.00,00:38:08
12060 Potranco Road,78,8/14/25 9:29 AM,Gabriel Tovar ,3,Dining Room,0.00,18.97,1.57,0.00,0.00,00:28:47
12060 Potranco Road,79,8/14/25 9:29 AM,Nadia Reyes,,Drive Thru,0.00,12.66,1.04,0.00,0.00,00:02:44
12060 Potranco Road,81,8/14/25 9:32 AM,Lizbeth Garcia,16,Dining Room,0.00,19.85,1.64,3.00,0.00,00:33:49
12060 Potranco Road,80,8/14/25 9:30 AM,Candy Del Angel,,Dining Room,0.00,5.98,0.49,0.00,0.00,00:14:19
12060 Potranco Road,82,8/14/25 9:33 AM,Gabriel Tovar ,20,Dining Room,0.00,21.05,1.75,5.00,0.00,00:11:43
12060 Potranco Road,86,8/14/25 9:37 AM,Nadia Reyes,,Drive Thru,0.00,11.27,0.94,1.69,0.00,00:06:18
12060 Potranco Road,87,8/14/25 9:38 AM,Nadia Reyes,,Drive Thru,0.00,4.38,0.36,0.00,0.00,00:06:55
12060 Potranco Road,85,8/14/25 9:35 AM,Leticia Roman,,Dining Room,0.00,37.50,3.09,0.00,0.00,00:03:18
12060 Potranco Road,89,8/14/25 9:41 AM,Lizbeth Garcia,1,Dining Room,0.00,23.96,1.98,3.00,0.00,00:43:59
12060 Potranco Road,90,8/14/25 9:41 AM,Nadia Reyes,,Drive Thru,0.00,13.75,1.13,0.00,0.00,00:04:52
12060 Potranco Road,91,8/14/25 9:43 AM,Nadia Reyes,,Drive Thru,0.00,10.28,0.84,0.00,0.00,00:04:00
12060 Potranco Road,92,8/14/25 9:44 AM,Nadia Reyes,,Drive Thru,0.00,27.10,2.23,0.00,0.00,00:06:44
12060 Potranco Road,93,8/14/25 9:45 AM,Candy Del Angel,,Dining Room,0.00,1.99,0.16,0.00,0.00,00:00:25
12060 Potranco Road,95,8/14/25 9:46 AM,Nadia Reyes,,Drive Thru,0.00,18.66,1.54,0.00,0.00,00:05:08
12060 Potranco Road,96,8/14/25 9:47 AM,Nadia Reyes,,Drive Thru,0.00,20.60,1.70,0.00,0.00,00:09:59
12060 Potranco Road,97,8/14/25 9:49 AM,Nadia Reyes,,Drive Thru,0.00,20.25,1.67,3.04,0.00,00:08:43
12060 Potranco Road,100,8/14/25 9:51 AM,Nadia Reyes,,Drive Thru,0.00,4.58,0.38,1.01,0.00,00:13:09
12060 Potranco Road,99,8/14/25 9:50 AM,Lizbeth Garcia,12,Dining Room,0.00,22.91,1.89,4.73,0.00,00:21:25
12060 Potranco Road,101,8/14/25 9:55 AM,Leticia Roman,15,Dining Room,0.00,28.42,2.33,0.00,0.00,00:50:13
12060 Potranco Road,102,8/14/25 9:58 AM,Nadia Reyes,,Drive Thru,0.00,13.75,1.13,0.00,0.00,00:08:24
12060 Potranco Road,103,8/14/25 9:58 AM,Lizbeth Garcia,4,Dining Room,0.00,27.03,2.24,0.00,0.00,00:22:50
12060 Potranco Road,105,8/14/25 10:05 AM,Gabriel Tovar ,2,Dining Room,0.00,28.75,2.38,5.00,0.00,00:22:20
12060 Potranco Road,110,8/14/25 10:09 AM,Nadia Reyes,,Drive Thru,0.00,9.17,0.76,0.00,0.00,00:01:00
12060 Potranco Road,111,8/14/25 10:17 AM,Nadia Reyes,,Drive Thru,0.00,23.13,1.92,0.00,0.00,00:05:08
12060 Potranco Road,113,8/14/25 10:21 AM,Nadia Reyes,,Dining Room,0.00,8.56,0.71,0.00,0.00,00:08:16
12060 Potranco Road,112,8/14/25 10:18 AM,Nadia Reyes,,Drive Thru,0.00,20.98,1.73,4.20,0.00,00:11:41
12060 Potranco Road,114,8/14/25 10:23 AM,Leticia Roman,20,Dining Room,0.00,8.78,0.72,1.50,0.00,00:15:43
12060 Potranco Road,115,8/14/25 10:27 AM,Nadia Reyes,,Drive Thru,0.00,7.08,0.59,0.00,0.00,00:04:30
12060 Potranco Road,116,8/14/25 10:29 AM,Nadia Reyes,,Drive Thru,0.00,7.16,0.59,1.58,0.00,00:05:17
12060 Potranco Road,117,8/14/25 10:32 AM,Nadia Reyes,,Drive Thru,0.00,14.95,1.23,0.00,0.00,00:02:44
12060 Potranco Road,118,8/14/25 10:34 AM,Lizbeth Garcia,22,Dining Room,0.00,19.97,1.65,7.00,0.00,00:26:09
12060 Potranco Road,119,8/14/25 10:34 AM,Gabriel Tovar ,8,Dining Room,0.00,9.37,0.77,4.00,0.00,00:22:53
12060 Potranco Road,120,8/14/25 10:37 AM,Nadia Reyes,,Drive Thru,0.00,20.20,1.67,0.00,0.00,00:26:07
12060 Potranco Road,122,8/14/25 10:38 AM,Nadia Reyes,,Drive Thru,0.00,0.00,0.00,0.00,0.00,00:00:10
12060 Potranco Road,121,8/14/25 10:37 AM,Gabriel Tovar ,26,Dining Room,0.00,16.96,1.40,0.00,0.00,00:47:27
12060 Potranco Road,123,8/14/25 10:40 AM,Nadia Reyes,,Drive Thru,0.00,4.28,0.35,0.00,0.00,00:03:07
12060 Potranco Road,124,8/14/25 10:44 AM,Lizbeth Garcia,2,Dining Room,0.00,22.86,1.89,8.00,0.00,00:42:14
12060 Potranco Road,125,8/14/25 10:47 AM,Nadia Reyes,,Drive Thru,0.00,13.47,1.11,2.02,0.00,00:02:17
12060 Potranco Road,127,8/14/25 10:53 AM,Nadia Reyes,,Drive Thru,0.00,11.99,0.99,0.00,0.00,00:01:14
12060 Potranco Road,128,8/14/25 10:57 AM,Leticia Roman,14,Dining Room,0.00,37.69,3.12,10.00,0.00,00:42:59
12060 Potranco Road,129,8/14/25 10:59 AM,Nadia Reyes,,Drive Thru,0.00,4.28,0.35,0.00,0.00,00:02:08
12060 Potranco Road,130,8/14/25 11:00 AM,Nadia Reyes,,Drive Thru,0.00,9.26,0.77,0.00,0.00,00:14:02
12060 Potranco Road,133,8/14/25 11:05 AM,Candy Del Angel,,Dining Room,0.00,22.25,1.85,2.00,0.00,00:17:22
12060 Potranco Road,134,8/14/25 11:05 AM,Gabriel Tovar ,28,Dining Room,0.00,65.09,5.36,14.00,0.00,00:48:29
12060 Potranco Road,135,8/14/25 11:07 AM,Nadia Reyes,,None,0.00,7.98,0.66,1.76,0.00,00:01:39
12060 Potranco Road,136,8/14/25 11:10 AM,Nadia Reyes,,Drive Thru,1.50,55.82,4.61,4.26,0.00,02:26:12
12060 Potranco Road,137,8/14/25 11:11 AM,Nadia Reyes,,Drive Thru,1.78,15.98,1.32,0.00,0.00,00:11:16
12060 Potranco Road,138,8/14/25 11:12 AM,Candy Del Angel,,Dining Room,0.00,27.42,2.26,0.00,0.00,00:19:51
12060 Potranco Road,140,8/14/25 11:14 AM,Lizbeth Garcia,34,Dining Room,0.00,15.44,1.27,0.00,0.00,00:31:15
12060 Potranco Road,141,8/14/25 11:20 AM,Leticia Roman,4,Dining Room,0.00,0.00,0.00,0.00,0.00,00:00:52
12060 Potranco Road,142,8/14/25 11:20 AM,Nadia Reyes,,Drive Thru,0.00,21.99,1.82,0.00,0.00,00:08:54
12060 Potranco Road,143,8/14/25 11:21 AM,Leticia Roman,21,Dining Room,0.00,64.88,5.35,10.00,0.00,00:52:57
12060 Potranco Road,145,8/14/25 11:21 AM,Nadia Reyes,,Drive Thru,0.00,20.53,1.68,0.00,0.00,00:09:45
12060 Potranco Road,146,8/14/25 11:22 AM,Nadia Reyes,,Drive Thru,0.00,4.98,0.41,0.00,0.00,00:09:22
12060 Potranco Road,148,8/14/25 11:24 AM,Nadia Reyes,,Bar,0.00,13.46,1.11,0.00,0.00,00:10:45
12060 Potranco Road,150,8/14/25 11:28 AM,Gabriel Tovar ,23,Dining Room,0.00,0.00,0.00,0.00,0.00,00:18:41
12060 Potranco Road,151,8/14/25 11:30 AM,Nadia Reyes,,Drive Thru,0.00,15.45,1.28,2.06,0.00,00:55:15
12060 Potranco Road,152,8/14/25 11:32 AM,Nadia Reyes,,Drive Thru,0.00,7.47,0.62,0.00,0.00,00:06:47
12060 Potranco Road,153,8/14/25 11:33 AM,Leticia Roman,3,Dining Room,0.00,0.00,0.00,0.00,0.00,00:03:54
12060 Potranco Road,154,8/14/25 11:35 AM,Nadia Reyes,,Drive Thru,0.00,9.26,0.77,0.00,0.00,00:08:07
12060 Potranco Road,156,8/14/25 11:36 AM,Gabriel Tovar ,2,Dining Room,0.00,17.37,1.43,3.00,0.00,01:05:58
12060 Potranco Road,157,8/14/25 11:39 AM,Lizbeth Garcia,15,Dining Room,0.00,33.54,2.77,9.00,0.00,00:31:36
12060 Potranco Road,159,8/14/25 11:40 AM,Nadia Reyes,,Drive Thru,0.00,2.79,0.23,0.00,0.00,00:04:13
12060 Potranco Road,160,8/14/25 11:47 AM,Gabriel Tovar ,18,Dining Room,0.00,49.40,4.07,0.00,0.00,00:27:14
12060 Potranco Road,162,8/14/25 11:49 AM,Leticia Roman,16,Dining Room,0.00,14.36,1.19,4.00,0.00,00:31:03
12060 Potranco Road,163,8/14/25 11:51 AM,Leticia Roman,,Dining Room,0.00,2.99,0.25,0.00,0.00,00:00:08
12060 Potranco Road,161,8/14/25 11:48 AM,Gabriel Tovar ,31,Dining Room,0.00,50.31,4.15,4.00,0.00,00:55:19
12060 Potranco Road,164,8/14/25 11:55 AM,Leticia Roman,3,Dining Room,0.00,37.26,3.07,5.00,0.00,01:21:08
12060 Potranco Road,168,8/14/25 11:58 AM,Nadia Reyes,,Drive Thru,0.00,7.98,0.66,1.20,0.00,00:00:48
12060 Potranco Road,167,8/14/25 11:58 AM,Gabriel Tovar ,29,Dining Room,0.00,13.48,1.11,0.00,0.00,00:29:45
12060 Potranco Road,166,8/14/25 11:58 AM,Candy Del Angel,,Dining Room,1.00,12.67,1.04,0.00,0.00,00:00:53
12060 Potranco Road,165,8/14/25 11:56 AM,Lizbeth Garcia,37,Dining Room,0.00,111.86,9.20,13.14,22.38,00:49:36
12060 Potranco Road,171,8/14/25 12:01 PM,Leticia Roman,14,Dining Room,0.00,43.75,3.61,0.00,0.00,00:53:57
12060 Potranco Road,172,8/14/25 12:03 PM,Lizbeth Garcia,25,Dining Room,0.00,30.46,2.51,4.00,0.00,00:38:03
12060 Potranco Road,173,8/14/25 12:05 PM,Nadia Reyes,,Drive Thru,0.00,8.76,0.72,1.75,0.00,00:03:20
12060 Potranco Road,174,8/14/25 12:08 PM,Lizbeth Garcia,26,Dining Room,0.00,24.96,2.06,0.00,0.00,00:31:38
12060 Potranco Road,175,8/14/25 12:09 PM,Gabriel Tovar ,34,Dining Room,0.00,30.66,2.52,4.00,0.00,00:32:58
12060 Potranco Road,176,8/14/25 12:11 PM,Nadia Reyes,,Dining Room,0.00,28.77,2.38,0.00,0.00,00:08:47
12060 Potranco Road,177,8/14/25 12:16 PM,Nadia Reyes,,Drive Thru,0.00,7.00,0.58,0.00,0.00,00:01:23
12060 Potranco Road,180,8/14/25 12:23 PM,Leticia Roman,28,Dining Room,0.00,73.61,6.06,0.00,0.00,00:48:35
12060 Potranco Road,181,8/14/25 12:25 PM,Gabriel Tovar ,18,Dining Room,0.00,106.40,8.78,25.00,0.00,00:36:01
12060 Potranco Road,183,8/14/25 12:27 PM,Nadia Reyes,,Drive Thru,0.00,3.58,0.30,0.00,0.00,00:00:33
12060 Potranco Road,182,8/14/25 12:25 PM,Lizbeth Garcia,35,Dining Room,0.00,42.73,3.52,10.00,0.00,00:56:56
12060 Potranco Road,184,8/14/25 12:27 PM,Nadia Reyes,,Drive Thru,0.00,5.07,0.42,0.00,0.00,00:06:28
12060 Potranco Road,193,8/14/25 12:45 PM,Lizbeth Garcia,31,Dining Room,0.00,38.42,3.18,0.00,0.00,00:45:22
12060 Potranco Road,195,8/14/25 12:47 PM,Leticia Roman,,Dining Room,0.00,0.00,0.00,0.00,0.00,00:01:01
12060 Potranco Road,196,8/14/25 12:48 PM,Nadia Reyes,,None,1.80,16.17,1.34,0.00,0.00,00:03:13
12060 Potranco Road,198,8/14/25 12:49 PM,Nadia Reyes,,None,0.00,3.98,0.33,0.00,0.00,00:13:59
12060 Potranco Road,199,8/14/25 12:51 PM,Leticia Roman,21,Dining Room,0.90,34.52,2.84,7.00,0.00,00:58:35
12060 Potranco Road,201,8/14/25 12:53 PM,Gabriel Tovar ,16,Dining Room,0.00,25.98,2.14,10.00,0.00,00:26:04
12060 Potranco Road,205,8/14/25 1:03 PM,Nadia Reyes,,Dining Room,0.00,32.21,2.66,0.00,0.00,00:07:11
12060 Potranco Road,207,8/14/25 1:05 PM,Nadia Reyes,,Drive Thru,1.04,9.31,0.78,1.00,0.00,00:15:41
12060 Potranco Road,204,8/14/25 1:03 PM,Lizbeth Garcia,27,Dining Room,0.00,61.41,5.06,8.53,0.00,00:36:49
12060 Potranco Road,209,8/14/25 1:06 PM,Lizbeth Garcia,34,Dining Room,0.00,18.44,1.52,0.00,0.00,00:45:32
12060 Potranco Road,212,8/14/25 1:09 PM,Nadia Reyes,,Drive Thru,0.00,30.33,2.50,0.00,0.00,00:35:29
12060 Potranco Road,213,8/14/25 1:12 PM,Gabriel Tovar ,,Dining Room,0.00,12.64,1.04,3.00,0.00,00:00:43
12060 Potranco Road,214,8/14/25 1:13 PM,Gabriel Tovar ,,Dining Room,0.00,3.69,0.30,0.00,0.00,00:00:20
12060 Potranco Road,215,8/14/25 1:13 PM,Nadia Reyes,,Drive Thru,0.00,4.28,0.35,0.00,0.00,00:09:48
12060 Potranco Road,217,8/14/25 1:14 PM,Leticia Roman,6,Dining Room,0.00,47.97,3.95,7.00,0.00,00:39:38
12060 Potranco Road,222,8/14/25 1:29 PM,Gabriel Tovar ,29,Dining Room,0.00,16.47,1.36,0.00,0.00,00:40:22
12060 Potranco Road,221,8/14/25 1:29 PM,Candy Del Angel,,Dining Room,0.00,10.99,0.91,3.00,0.00,00:14:31
12060 Potranco Road,224,8/14/25 1:40 PM,Gabriel Tovar ,1,Dining Room,0.00,45.36,3.75,0.00,0.00,00:39:19
12060 Potranco Road,225,8/14/25 1:43 PM,Nadia Reyes,,Drive Thru,1.88,16.89,1.39,0.00,0.00,00:13:51
12060 Potranco Road,226,8/14/25 1:52 PM,Nadia Reyes,,Drive Thru,0.00,13.99,1.15,1.00,0.00,00:01:46
12060 Potranco Road,228,8/14/25 1:56 PM,Nadia Reyes,,Drive Thru,0.00,3.58,0.30,0.00,0.00,00:01:46
12060 Potranco Road,227,8/14/25 1:54 PM,Lizbeth Garcia,20,Dining Room,0.00,35.06,2.90,5.00,0.00,00:33:57
12060 Potranco Road,229,8/14/25 2:03 PM,Nadia Reyes,,Drive Thru,0.00,11.55,0.95,0.00,0.00,00:02:48
12060 Potranco Road,230,8/14/25 2:03 PM,Nadia Reyes,,Drive Thru,0.00,11.99,0.99,2.40,0.00,00:05:57
12060 Potranco Road,231,8/14/25 2:04 PM,Nadia Reyes,,Drive Thru,0.00,8.95,0.74,0.00,0.00,00:06:48
12060 Potranco Road,232,8/14/25 2:07 PM,Nadia Reyes,,Drive Thru,0.00,12.55,1.04,1.88,0.00,00:06:36
12060 Potranco Road,233,8/14/25 2:07 PM,Emanuel Sanchez,3,Dining Room,0.00,42.05,3.47,10.00,0.00,00:30:48
12060 Potranco Road,234,8/14/25 2:14 PM,Nadia Reyes,,Drive Thru,0.00,0.00,0.00,0.00,0.00,00:02:11
12060 Potranco Road,235,8/14/25 2:23 PM,Gabriel Tovar ,,Dining Room,15.97,0.00,0.00,0.00,0.00,00:40:28
12060 Potranco Road,236,8/14/25 2:34 PM,Emanuel Sanchez,34,Dining Room,0.00,15.98,1.32,3.00,0.00,00:40:38
12060 Potranco Road,238,8/14/25 3:04 PM,Mario Jimenez,,None,0.00,0.00,0.00,0.00,0.00,00:02:53
12060 Potranco Road,240,8/14/25 3:15 PM,Candy Del Angel,,Dining Room,0.00,6.99,0.58,0.00,0.00,00:01:24
12060 Potranco Road,241,8/14/25 3:15 PM,Emanuel Sanchez,14,Dining Room,0.00,46.85,3.86,6.00,0.00,01:01:16
12060 Potranco Road,242,8/14/25 3:31 PM,Mario Jimenez,,Dining Room,0.00,24.48,2.02,0.00,0.00,00:16:43
12060 Potranco Road,243,8/14/25 3:36 PM,Mario Jimenez,,Dining Room,0.00,11.47,0.95,0.00,0.00,00:01:22
12060 Potranco Road,245,8/14/25 3:47 PM,Mario Jimenez,,Drive Thru,0.00,9.56,0.80,0.00,0.00,00:01:28
12060 Potranco Road,247,8/14/25 3:59 PM,Mario Jimenez,,None,0.00,13.77,1.13,0.00,0.00,00:01:15
12060 Potranco Road,248,8/14/25 4:07 PM,Mario Jimenez,,Dining Room,0.00,21.43,1.78,0.00,0.00,00:02:47
12060 Potranco Road,249,8/14/25 4:08 PM,Emanuel Sanchez,20,Dining Room,0.00,21.76,1.79,6.00,0.00,00:36:44
12060 Potranco Road,251,8/14/25 4:27 PM,Mario Jimenez,,None,0.00,27.98,2.30,0.00,0.00,00:02:02
12060 Potranco Road,250,8/14/25 4:27 PM,Emanuel Sanchez,16,Dining Room,0.00,31.72,2.62,6.34,0.00,00:44:35
12060 Potranco Road,253,8/14/25 4:44 PM,Mario Jimenez,,Drive Thru,0.00,38.14,3.15,0.00,0.00,00:01:52
12060 Potranco Road,252,8/14/25 4:40 PM,Emanuel Sanchez,12,Dining Room,0.00,58.49,4.82,13.00,0.00,00:45:24
12060 Potranco Road,255,8/14/25 4:49 PM,Emanuel Sanchez,1,Dining Room,0.00,36.53,3.00,6.47,0.00,00:55:47
12060 Potranco Road,257,8/14/25 5:07 PM,Emanuel Sanchez,2,Dining Room,0.00,37.42,3.09,9.00,0.00,03:02:03
12060 Potranco Road,256,8/14/25 5:07 PM,Candy Del Angel,,Dining Room,0.00,27.97,2.31,5.00,0.00,00:22:59
12060 Potranco Road,258,8/14/25 5:08 PM,Mario Jimenez,,Dining Room,0.00,13.98,1.15,0.00,0.00,00:02:16
12060 Potranco Road,260,8/14/25 5:19 PM,Lisa Velasquez,4,Dining Room,3.30,65.49,5.41,14.00,0.00,01:04:21
12060 Potranco Road,262,8/14/25 5:37 PM,Emanuel Sanchez,15,Dining Room,0.00,18.27,1.51,3.00,0.00,00:37:24
12060 Potranco Road,261,8/14/25 5:36 PM,Mario Jimenez,,Drive Thru,0.00,20.97,1.73,3.00,0.00,00:04:33
12060 Potranco Road,264,8/14/25 5:48 PM,Lisa Velasquez,17,Dining Room,1.40,12.59,1.04,0.00,0.00,00:09:28
12060 Potranco Road,265,8/14/25 5:49 PM,Mario Jimenez,,Drive Thru,0.00,6.99,0.58,0.00,0.00,00:02:17
12060 Potranco Road,266,8/14/25 5:50 PM,Mario Jimenez,,Drive Thru,0.00,6.99,0.58,0.00,0.00,00:04:29
12060 Potranco Road,268,8/14/25 5:54 PM,Candy Del Angel,,Dining Room,0.00,46.45,3.83,0.00,0.00,00:21:16
12060 Potranco Road,269,8/14/25 6:02 PM,Lisa Velasquez,1,Dining Room,0.00,42.64,3.52,8.00,0.00,00:30:05
12060 Potranco Road,270,8/14/25 6:08 PM,Emanuel Sanchez,18,Dining Room,0.00,59.97,4.95,10.00,0.00,00:50:22
12060 Potranco Road,271,8/14/25 6:10 PM,Lisa Velasquez,16,Dining Room,0.00,45.14,3.72,9.03,0.00,00:39:40
12060 Potranco Road,272,8/14/25 6:10 PM,Mario Jimenez,,Dining Room,0.00,22.98,1.90,0.00,0.00,00:01:17
12060 Potranco Road,273,8/14/25 6:20 PM,Mario Jimenez,,Drive Thru,1.74,15.64,1.29,0.00,0.00,00:04:14
12060 Potranco Road,276,8/14/25 6:34 PM,Emanuel Sanchez,14,Dining Room,0.00,51.24,4.22,10.25,0.00,00:48:52
12060 Potranco Road,277,8/14/25 6:44 PM,Mario Jimenez,,Dining Room,0.00,21.98,1.81,0.00,0.00,00:02:14
12060 Potranco Road,278,8/14/25 6:45 PM,Mario Jimenez,,None,0.00,21.00,1.73,0.00,0.00,00:10:51
12060 Potranco Road,279,8/14/25 6:48 PM,Lisa Velasquez,1,Dining Room,0.00,44.24,3.65,8.00,0.00,00:28:50
12060 Potranco Road,274,8/14/25 6:24 PM,Mario Jimenez,,Drive Thru,0.00,73.22,6.05,8.00,0.00,00:32:31
12060 Potranco Road,280,8/14/25 6:48 PM,Emanuel Sanchez,3,Dining Room,0.00,43.12,3.56,6.47,0.00,00:36:12
12060 Potranco Road,282,8/14/25 7:07 PM,Lisa Velasquez,4,Dining Room,0.00,48.35,3.98,12.00,0.00,00:44:13
12060 Potranco Road,283,8/14/25 7:13 PM,Emanuel Sanchez,21,Dining Room,0.00,20.35,1.67,4.00,0.00,00:33:23
12060 Potranco Road,285,8/14/25 7:20 PM,Lisa Velasquez,16,Dining Room,0.00,30.37,2.49,8.00,0.00,00:28:34
12060 Potranco Road,286,8/14/25 7:20 PM,Mario Jimenez,,Dining Room,0.00,0.00,0.00,0.00,0.00,00:00:27
12060 Potranco Road,284,8/14/25 7:19 PM,Emanuel Sanchez,28,Dining Room,0.00,28.62,2.36,0.00,0.00,00:49:55
12060 Potranco Road,281,8/14/25 6:52 PM,Mario Jimenez,,Drive Thru,0.00,32.76,2.70,2.00,0.00,00:30:47
12060 Potranco Road,287,8/14/25 7:28 PM,Mario Jimenez,,Drive Thru,0.00,7.98,0.66,0.00,0.00,00:06:05
12060 Potranco Road,288,8/14/25 7:33 PM,Mario Jimenez,,Drive Thru,0.00,38.94,3.22,0.00,0.00,00:08:50
12060 Potranco Road,290,8/14/25 7:40 PM,Lisa Velasquez,1,Dining Room,0.00,21.45,1.78,2.00,0.00,00:26:39
12060 Potranco Road,291,8/14/25 8:08 PM,Mario Jimenez,,Drive Thru,0.00,22.55,1.87,4.51,0.00,00:08:10
12060 Potranco Road,292,8/14/25 8:36 PM,Mario Jimenez,,Dining Room,0.00,53.45,4.41,0.00,0.00,00:16:02
