,Location,Employee,Job Title,In Date,Shift Closed Date,Out Date,Hours,Cash Tips Decl.,Cash on Hand,Cash in Drawer,Non-Cash Tips,Cash Gratuity,Non-Cash Gratuity,Tips Withheld,Non-Cash Sales,Cash Sales,Total Sales,Cash Collected?,Tips Paid?,Open,Paid,Closed,Tip Share Total
800000028316429665,12060 Potranco Road,Lizbeth Garcia,Server,8/14/25 6:18 AM,8/14/25 2:50 PM,8/14/25 2:52 PM,8.57,0.00,59.37,0.00,115.81,0.00,22.38,0.00,685.68,59.37,745.05,yes,yes,0,0,29,0.00
800000028316502028,12060 Potranco Road,Nadia Reyes,Driver,8/14/25 6:28 AM,8/14/25 2:19 PM,8/14/25 2:35 PM,8.12,0.00,17.51,228.20,64.08,0.00,0.00,0.00,1049.15,245.71,1294.86,yes,yes,0,0,102,0.00
800000028316746969,12060 Potranco Road,Leticia Roman,Server,8/14/25 6:58 AM,8/14/25 2:29 PM,8/14/25 2:51 PM,7.89,25.00,63.46,0.00,66.50,0.00,0.00,0.00,580.95,63.46,644.41,yes,yes,0,0,23,0.00
800000028317666314,12060 Potranco Road,Gabriel Tovar ,Server,8/14/25 8:02 AM,8/14/25 3:03 PM,8/14/25 3:03 PM,7.01,5.00,155.04,0.00,91.00,0.00,0.00,0.00,550.23,155.04,705.27,yes,yes,0,0,27,0.00
800000028317963174,12060 Potranco Road,Candy Del Angel,Shift Manager / Assistant Manager,8/14/25 8:20 AM,8/14/25 2:20 PM,8/14/25 9:12 PM,12.87,,0.00,8.62,5.00,0.00,0.00,0.00,100.20,8.62,108.82,yes,yes,0,0,7,0.00
800000028328913974,12060 Potranco Road,Emanuel Sanchez,Server,8/14/25 1:53 PM,8/14/25 9:04 PM,8/14/25 9:10 PM,7.28,5.00,30.98,0.00,93.53,0.00,0.00,0.00,523.63,30.98,554.61,yes,yes,0,0,14,0.00
800000028329576237,12060 Potranco Road,Mario Jimenez,Driver,8/14/25 2:11 PM,8/14/25 8:59 PM,8/14/25 9:00 PM,6.81,0.00,0.00,105.48,17.51,0.00,0.00,0.00,442.59,105.48,548.07,yes,yes,0,0,21,0.00
800000028330128824,12060 Potranco Road,felix vanenzuela,Cook,8/14/25 2:26 PM,8/14/25 9:09 PM,8/14/25 9:09 PM,6.72,,0.00,0.00,0.00,0.00,0.00,0.00,0.00,0.00,0.00,yes,yes,0,0,0,0.00
800000028336766705,12060 Potranco Road,Lisa Velasquez,Server,8/14/25 5:04 PM,8/14/25 9:09 PM,8/14/25 9:09 PM,4.07,5.00,0.00,0.00,61.03,0.00,0.00,0.00,335.86,0.00,335.86,yes,yes,0,0,8,0.00
