Location,Order #,Opened Date,Server,Table,Discount Name,Discount Reason,Comment,Discount Amount
Tink-a-Tako - Potranco,351,9/30/25 6:56 PM,Nadia  Reyes,,Open % Item,,,5.49
Tink-a-Tako - Potranco,351,9/30/25 6:56 PM,Nadia  Reyes,,Open % Item,,,0.90
Tink-a-Tako - Potranco,351,9/30/25 6:56 PM,Nadia  Reyes,,Open % Item,,,0.90
Tink-a-Tako - Potranco,351,9/30/25 6:56 PM,Nadia  Reyes,,Open % Item,,,2.20
Tink-a-Tako - Potranco,342,9/30/25 6:26 PM,Nadia  Reyes,,Open % Check,,,8.00
Tink-a-Tako - Potranco,330,9/30/25 5:45 PM,Sergio Abundiz,32,Open % Item,,,2.60
Tink-a-Tako - Potranco,330,9/30/25 5:45 PM,Sergio Abundiz,32,Open % Item,,,2.60
Tink-a-Tako - Potranco,249,9/30/25 12:31 PM,Daniela Torres,,Military Discount,,,0.70
Tink-a-Tako - Potranco,220,9/30/25 11:46 AM,Juan  Camacho,24,Open % Item,,,1.00
Tink-a-Tako - Potranco,176,9/30/25 10:53 AM,Isabel Cisneros,3,Open % Item,,,0.70
Tink-a-Tako - Potranco,176,9/30/25 10:53 AM,Isabel Cisneros,3,Open % Item,,,0.70
Tink-a-Tako - Potranco,165,9/30/25 10:37 AM,Isabel Cisneros,22,Open % Item,,,0.44
Tink-a-Tako - Potranco,158,9/30/25 10:28 AM,Daniela Torres,,Police Discount,,,2.99
Tink-a-Tako - Potranco,112,9/30/25 9:10 AM,Maria Majana,,Employee Discount - Check,Employee Discount,Meseros,8.97
Tink-a-Tako - Potranco,111,9/30/25 9:10 AM,Maria Majana,,Employee Discount - Check,Employee Discount,Meseras,32.93
Tink-a-Tako - Potranco,96,9/30/25 8:56 AM,Isabel Cisneros,34,Open % Item,,,1.30
Tink-a-Tako - Potranco,54,9/30/25 8:05 AM,Daniela Torres,,Police Discount,,,2.70
Tink-a-Tako - Potranco,54,9/30/25 8:05 AM,Daniela Torres,,Police Discount,,,1.40
Tink-a-Tako - Potranco,14,9/30/25 6:56 AM,Daniela Torres,,Military Discount,,,0.52
Tink-a-Tako - Potranco,14,9/30/25 6:56 AM,Daniela Torres,,Military Discount,,,0.44
Tink-a-Tako - Potranco,14,9/30/25 6:56 AM,Daniela Torres,,Military Discount,,,0.48
Tink-a-Tako - Potranco,14,9/30/25 6:56 AM,Daniela Torres,,Military Discount,,,0.52
Tink-a-Tako - Potranco,14,9/30/25 6:56 AM,Daniela Torres,,Military Discount,,,0.80
