Employee,Job Title,Regular Hours,Overtime Hours,Hourly Rate,Regular Pay,Overtime Pay,Total Pay,Net Sales,Declared Tips,Non-Cash Tips,Total Tips,Tips Withheld,Total Gratuity,Employee ID,Job Code,Location,Location Code
"Abundiz, Sergio",Server,8.12,0.0,,,,,598.62,,68.00,68.00,0.00,0.00,,,Tink-a-Tako - Potranco,
"Aviles, Genaro",Cook,15.68,0.0,15.00,235.20,0.00,235.20,0.00,,0.00,0.00,0.00,0.00,,,Tink-a-Tako - Potranco,
"Brito, Victor ",Regular,7.13,0.0,12.00,85.56,0.00,85.56,0.00,,0.00,0.00,0.00,0.00,,,Tink-a-Tako - Potranco,
"Camacho, Juan ",Server,15.83,0.0,3.00,47.49,0.00,47.49,1804.71,,181.34,181.34,0.00,64.62,,,Tink-a-Tako - Potranco,
"Cisneros, Isabel",Server,6.37,0.0,3.00,19.11,0.00,19.11,497.88,,74.64,74.64,0.00,0.00,,,Tink-a-Tako - Potranco,
"Diaz, Diego",Cook,8.55,0.0,,,,,0.00,,0.00,0.00,0.00,0.00,,,Tink-a-Tako - Potranco,
"Dominguez, Jose ",Cook,8.12,0.0,17.00,138.04,0.00,138.04,0.00,,0.00,0.00,0.00,0.00,,,Tink-a-Tako - Potranco,
"Gonzales (Line) , Maria",Cook,7.02,0.0,14.00,98.28,0.00,98.28,0.00,,0.00,0.00,0.00,0.00,,,Tink-a-Tako - Potranco,
"Gonzalez, Maria ",Tortillero,7.22,0.0,13.00,93.86,0.00,93.86,0.00,,0.00,0.00,0.00,0.00,,,Tink-a-Tako - Potranco,
"Hernandez, Silvia",Server,5.95,0.0,3.00,17.85,0.00,17.85,441.63,,67.76,67.76,0.00,0.00,,,Tink-a-Tako - Potranco,
"Majana, Maria",Host,6.01,0.0,14.00,84.14,0.00,84.14,215.80,,3.00,3.00,0.00,0.00,,,Tink-a-Tako - Potranco,
"ORDONEZ, Rosie ",Drive-Thru,8.12,0.0,14.00,113.68,0.00,113.68,26.60,,0.00,0.00,0.00,0.00,,,Tink-a-Tako - Potranco,
"Ramirez Perez, Silvia",Cook,7.98,0.0,17.00,135.66,0.00,135.66,0.00,,0.00,0.00,0.00,0.00,,,Tink-a-Tako - Potranco,
"Reyes, Nadia ",Drive-Thru,7.16,0.0,,,,,629.51,,37.63,37.63,0.00,0.00,,,Tink-a-Tako - Potranco,
"Rueda, Jonathan",Busser,5.21,0.0,12.00,62.52,0.00,62.52,0.00,,0.00,0.00,0.00,0.00,,,Tink-a-Tako - Potranco,
"Salinas, Zoila",Manager S.,20.51,0.0,18.75,384.56,0.00,384.56,0.00,0.00,0.00,0.00,0.00,0.00,,,Tink-a-Tako - Potranco,
"Torres, Daniela",Drive-Thru,7.85,0.0,,,,,1466.47,,32.32,32.32,0.00,0.00,,,Tink-a-Tako - Potranco,
