Location,Entry Id,Created Date,Action,Amount,Cash Drawer,Payout Reason,No Sale Reason,Comment,Employee,Employee 2
2919 Blanco Rd,800000030843680670,10/17/25 6:11 AM,CASH_PAYMENT,5.39,Drive Thru Cash Drawer,,,Cash payment,Cin Cin,
2919 Blanco Rd,800000030843686612,10/17/25 6:12 AM,CASH_PAYMENT,4.30,Drive Thru Cash Drawer,,,Cash payment,Cin Cin,
2919 Blanco Rd,800000030843737236,10/17/25 6:19 AM,CASH_PAYMENT,2.44,Drive Thru Cash Drawer,,,Cash payment,Cin Cin,
2919 Blanco Rd,800000030843752181,10/17/25 6:21 AM,CASH_PAYMENT,6.46,Drive Thru Cash Drawer,,,Cash payment,Cin Cin,
2919 Blanco Rd,800000030843905431,10/17/25 6:41 AM,CASH_PAYMENT,4.30,Front Box Cash Drawer,,,Cash payment,AM CASHIER,
2919 Blanco Rd,800000030843909617,10/17/25 6:41 AM,CASH_PAYMENT,8.61,Drive Thru Cash Drawer,,,Cash payment,Cin Cin,
2919 Blanco Rd,800000030843990592,10/17/25 6:50 AM,CASH_PAYMENT,15.22,Drive Thru Cash Drawer,,,Cash payment,Cin Cin,
2919 Blanco Rd,800000030844232138,10/17/25 7:11 AM,CASH_PAYMENT,27.59,Front Box Cash Drawer,,,Cash payment,AM CASHIER,
2919 Blanco Rd,800000030844313459,10/17/25 7:16 AM,CASH_PAYMENT,8.94,Drive Thru Cash Drawer,,,Cash payment,Cin Cin,
2919 Blanco Rd,800000030844340144,10/17/25 7:18 AM,NO_SALE,0.00,Drive Thru Cash Drawer,,Making Change - Drawer,,Cin Cin,
2919 Blanco Rd,800000030844531283,10/17/25 7:30 AM,CASH_PAYMENT,9.73,Front Box Cash Drawer,,,Cash payment,AM CASHIER,
2919 Blanco Rd,800000030844532310,10/17/25 7:30 AM,CASH_PAYMENT,12.40,Drive Thru Cash Drawer,,,Cash payment,Cin Cin,
2919 Blanco Rd,800000030844754566,10/17/25 7:44 AM,CASH_PAYMENT,4.31,Drive Thru Cash Drawer,,,Cash payment,Cin Cin,
2919 Blanco Rd,800000030844766970,10/17/25 7:45 AM,CASH_PAYMENT,9.27,Drive Thru Cash Drawer,,,Cash payment,Cin Cin,
2919 Blanco Rd,800000030844811625,10/17/25 7:47 AM,CASH_PAYMENT,28.07,Front Box Cash Drawer,,,Cash payment,AM CASHIER,
2919 Blanco Rd,800000030844851792,10/17/25 7:50 AM,CASH_PAYMENT,20.00,Drive Thru Cash Drawer,,,Cash payment,Cin Cin,
2919 Blanco Rd,800000030844862228,10/17/25 7:50 AM,CASH_PAYMENT,7.72,Front Box Cash Drawer,,,Cash payment,AM CASHIER,
2919 Blanco Rd,800000030844879557,10/17/25 7:51 AM,CASH_PAYMENT,4.30,Drive Thru Cash Drawer,,,Cash payment,Cin Cin,
2919 Blanco Rd,800000030844892674,10/17/25 7:52 AM,CASH_PAYMENT,3.73,Front Box Cash Drawer,,,Cash payment,AM CASHIER,
2919 Blanco Rd,800000030844898687,10/17/25 7:52 AM,CASH_PAYMENT,2.15,Drive Thru Cash Drawer,,,Cash payment,Cin Cin,
2919 Blanco Rd,800000030844910497,10/17/25 7:53 AM,CASH_PAYMENT,7.61,Drive Thru Cash Drawer,,,Cash payment,Cin Cin,
2919 Blanco Rd,800000030844930939,10/17/25 7:54 AM,CASH_PAYMENT,10.26,Front Box Cash Drawer,,,Cash payment,AM CASHIER,
2919 Blanco Rd,800000030844949632,10/17/25 7:55 AM,CASH_PAYMENT,9.59,Front Box Cash Drawer,,,Cash payment,AM CASHIER,
2919 Blanco Rd,800000030844952301,10/17/25 7:55 AM,CASH_PAYMENT,12.93,Drive Thru Cash Drawer,,,Cash payment,Cin Cin,
2919 Blanco Rd,800000030844991263,10/17/25 7:58 AM,CASH_PAYMENT,5.17,Drive Thru Cash Drawer,,,Cash payment,Cin Cin,
2919 Blanco Rd,800000030845027860,10/17/25 8:00 AM,CASH_PAYMENT,13.13,Drive Thru Cash Drawer,,,Cash payment,Cin Cin,
2919 Blanco Rd,800000030845296435,10/17/25 8:14 AM,CASH_PAYMENT,3.02,Front Box Cash Drawer,,,Cash payment,AM CASHIER,
2919 Blanco Rd,800000030845306595,10/17/25 8:14 AM,CASH_PAYMENT,9.12,Front Box Cash Drawer,,,Cash payment,AM CASHIER,
2919 Blanco Rd,800000030845324887,10/17/25 8:15 AM,CASH_PAYMENT,3.02,Front Box Cash Drawer,,,Cash payment,AM CASHIER,
2919 Blanco Rd,800000030845347500,10/17/25 8:16 AM,CASH_PAYMENT,7.44,Drive Thru Cash Drawer,,,Cash payment,Cin Cin,
2919 Blanco Rd,800000030845432544,10/17/25 8:21 AM,CASH_PAYMENT,7.54,Drive Thru Cash Drawer,,,Cash payment,Cin Cin,
2919 Blanco Rd,800000030845444049,10/17/25 8:21 AM,CASH_PAYMENT,5.39,Drive Thru Cash Drawer,,,Cash payment,Cin Cin,
2919 Blanco Rd,800000030845458434,10/17/25 8:22 AM,CASH_PAYMENT,6.22,Drive Thru Cash Drawer,,,Cash payment,Cin Cin,
2919 Blanco Rd,800000030845470322,10/17/25 8:23 AM,CASH_PAYMENT,9.70,Front Box Cash Drawer,,,Cash payment,AM CASHIER,
2919 Blanco Rd,800000030845601786,10/17/25 8:30 AM,CASH_PAYMENT,11.21,Drive Thru Cash Drawer,,,Cash payment,Cin Cin,
2919 Blanco Rd,800000030845694607,10/17/25 8:34 AM,CASH_PAYMENT,4.31,Front Box Cash Drawer,,,Cash payment,AM CASHIER,
2919 Blanco Rd,800000030845740565,10/17/25 8:37 AM,CASH_PAYMENT,5.88,Drive Thru Cash Drawer,,,Cash payment,Cin Cin,
2919 Blanco Rd,800000030845772684,10/17/25 8:38 AM,CASH_PAYMENT,4.30,Drive Thru Cash Drawer,,,Cash payment,Cin Cin,
2919 Blanco Rd,800000030845879731,10/17/25 8:44 AM,CASH_PAYMENT,12.93,Front Box Cash Drawer,,,Cash payment,AM CASHIER,
2919 Blanco Rd,800000030846073103,10/17/25 8:53 AM,CASH_PAYMENT,8.09,Drive Thru Cash Drawer,,,Cash payment,Cin Cin,
2919 Blanco Rd,800000030846130355,10/17/25 8:56 AM,CASH_PAYMENT,4.75,Drive Thru Cash Drawer,,,Cash payment,Cin Cin,
2919 Blanco Rd,800000030846166747,10/17/25 8:58 AM,CASH_PAYMENT,15.13,Front Box Cash Drawer,,,Cash payment,AM CASHIER,
2919 Blanco Rd,800000030846206549,10/17/25 8:59 AM,CASH_PAYMENT,18.64,Drive Thru Cash Drawer,,,Cash payment,Cin Cin,
2919 Blanco Rd,800000030846239409,10/17/25 9:01 AM,CASH_PAYMENT,11.87,Front Box Cash Drawer,,,Cash payment,AM CASHIER,
2919 Blanco Rd,800000030846401149,10/17/25 9:08 AM,CASH_PAYMENT,7.57,Front Box Cash Drawer,,,Cash payment,AM CASHIER,
2919 Blanco Rd,800000030846731903,10/17/25 9:24 AM,CASH_PAYMENT,13.98,Drive Thru Cash Drawer,,,Cash payment,Cin Cin,
2919 Blanco Rd,800000030846817475,10/17/25 9:28 AM,CASH_PAYMENT,4.31,Drive Thru Cash Drawer,,,Cash payment,Cin Cin,
2919 Blanco Rd,800000030846883207,10/17/25 9:31 AM,CASH_PAYMENT,2.70,Drive Thru Cash Drawer,,,Cash payment,Cin Cin,
2919 Blanco Rd,800000030846899811,10/17/25 9:31 AM,CASH_PAYMENT,11.86,Drive Thru Cash Drawer,,,Cash payment,Cin Cin,
2919 Blanco Rd,800000030847105384,10/17/25 9:41 AM,CASH_PAYMENT,8.09,Drive Thru Cash Drawer,,,Cash payment,Cin Cin,
2919 Blanco Rd,800000030847135374,10/17/25 9:42 AM,CASH_PAYMENT,5.88,Front Box Cash Drawer,,,Cash payment,AM CASHIER,
2919 Blanco Rd,800000030847158852,10/17/25 9:43 AM,CASH_PAYMENT,17.26,Drive Thru Cash Drawer,,,Cash payment,Cin Cin,
2919 Blanco Rd,800000030847213153,10/17/25 9:45 AM,CASH_PAYMENT,22.28,Front Box Cash Drawer,,,Cash payment,AM CASHIER,
2919 Blanco Rd,800000030847390958,10/17/25 9:53 AM,CASH_PAYMENT,25.68,Drive Thru Cash Drawer,,,Cash payment,Cin Cin,
2919 Blanco Rd,800000030847788528,10/17/25 10:09 AM,CASH_PAYMENT,43.44,Front Box Cash Drawer,,,Cash payment,AM CASHIER,
2919 Blanco Rd,800000030848149066,10/17/25 10:21 AM,CASH_PAYMENT,21.62,Drive Thru Cash Drawer,,,Cash payment,Cin Cin,
2919 Blanco Rd,800000030848164552,10/17/25 10:22 AM,CASH_PAYMENT,2.15,Drive Thru Cash Drawer,,,Cash payment,Cin Cin,
2919 Blanco Rd,800000030848259480,10/17/25 10:25 AM,CASH_PAYMENT,25.42,Front Box Cash Drawer,,,Cash payment,AM CASHIER,
2919 Blanco Rd,800000030848631864,10/17/25 10:37 AM,CASH_PAYMENT,2.15,Drive Thru Cash Drawer,,,Cash payment,Cin Cin,
2919 Blanco Rd,800000030848656731,10/17/25 10:37 AM,CASH_PAYMENT,10.16,Drive Thru Cash Drawer,,,Cash payment,Cin Cin,
2919 Blanco Rd,800000030848685746,10/17/25 10:38 AM,CASH_PAYMENT,7.57,Front Box Cash Drawer,,,Cash payment,AM CASHIER,
2919 Blanco Rd,800000030848881101,10/17/25 10:44 AM,CASH_PAYMENT,12.71,Front Box Cash Drawer,,,Cash payment,AM CASHIER,
2919 Blanco Rd,800000030848916572,10/17/25 10:45 AM,CASH_PAYMENT,14.56,Front Box Cash Drawer,,,Cash payment,AM CASHIER,
2919 Blanco Rd,800000030849338032,10/17/25 10:57 AM,CASH_PAYMENT,5.39,Drive Thru Cash Drawer,,,Cash payment,Cin Cin,
2919 Blanco Rd,800000030849342645,10/17/25 10:57 AM,CASH_PAYMENT,6.46,Drive Thru Cash Drawer,,,Cash payment,Cin Cin,
2919 Blanco Rd,800000030849395359,10/17/25 10:58 AM,CASH_PAYMENT,8.62,Front Box Cash Drawer,,,Cash payment,AM CASHIER,
2919 Blanco Rd,800000030849766960,10/17/25 11:07 AM,CASH_PAYMENT,14.91,Drive Thru Cash Drawer,,,Cash payment,Cin Cin,
2919 Blanco Rd,800000030849982203,10/17/25 11:11 AM,CASH_PAYMENT,6.69,Drive Thru Cash Drawer,,,Cash payment,Cin Cin,
2919 Blanco Rd,800000030850003341,10/17/25 11:12 AM,CASH_PAYMENT,15.39,Drive Thru Cash Drawer,,,Cash payment,Cin Cin,
2919 Blanco Rd,800000030850331813,10/17/25 11:19 AM,CASH_PAYMENT,2.15,Front Box Cash Drawer,,,Cash payment,AM CASHIER,
2919 Blanco Rd,800000030850367939,10/17/25 11:19 AM,CASH_PAYMENT,38.51,Front Box Cash Drawer,,,Cash payment,AM CASHIER,
2919 Blanco Rd,800000030850458867,10/17/25 11:21 AM,CASH_PAYMENT,12.96,Drive Thru Cash Drawer,,,Cash payment,Cin Cin,
2919 Blanco Rd,800000030851077610,10/17/25 11:34 AM,CASH_PAYMENT,4.31,Drive Thru Cash Drawer,,,Cash payment,Cin Cin,
2919 Blanco Rd,800000030851126216,10/17/25 11:35 AM,CASH_PAYMENT,11.68,Front Box Cash Drawer,,,Cash payment,AM CASHIER,
2919 Blanco Rd,800000030851484322,10/17/25 11:42 AM,CASH_PAYMENT,32.41,Front Box Cash Drawer,,,Cash payment,AM CASHIER,
2919 Blanco Rd,800000030851499428,10/17/25 11:42 AM,CASH_PAYMENT,8.61,Drive Thru Cash Drawer,,,Cash payment,Cin Cin,
2919 Blanco Rd,800000030852582020,10/17/25 12:04 PM,CASH_PAYMENT,22.67,Drive Thru Cash Drawer,,,Cash payment,Cin Cin,
2919 Blanco Rd,800000030853528502,10/17/25 12:22 PM,CASH_PAYMENT,29.20,Front Box Cash Drawer,,,Cash payment,AM CASHIER,
2919 Blanco Rd,800000030853774882,10/17/25 12:27 PM,CASH_PAYMENT,10.78,Front Box Cash Drawer,,,Cash payment,AM CASHIER,
2919 Blanco Rd,800000030853820430,10/17/25 12:28 PM,CASH_PAYMENT,24.99,Front Box Cash Drawer,,,Cash payment,AM CASHIER,
2919 Blanco Rd,800000030854133536,10/17/25 12:34 PM,CASH_PAYMENT,18.09,Drive Thru Cash Drawer,,,Cash payment,Cin Cin,
2919 Blanco Rd,800000030854160208,10/17/25 12:34 PM,CASH_PAYMENT,13.51,Front Box Cash Drawer,,,Cash payment,AM CASHIER,
2919 Blanco Rd,800000030854384113,10/17/25 12:39 PM,CASH_PAYMENT,8.36,Drive Thru Cash Drawer,,,Cash payment,Cin Cin,
2919 Blanco Rd,800000030854629601,10/17/25 12:44 PM,CASH_PAYMENT,6.90,Drive Thru Cash Drawer,,,Cash payment,Cin Cin,
2919 Blanco Rd,800000030854691832,10/17/25 12:45 PM,VOID_CASH_PAYMENT,-6.90,Drive Thru Cash Drawer,,,Cash payment,Cin Cin,
2919 Blanco Rd,800000030854698771,10/17/25 12:45 PM,CASH_PAYMENT,4.75,Drive Thru Cash Drawer,,,Cash payment,Cin Cin,
2919 Blanco Rd,800000030856219453,10/17/25 1:18 PM,CASH_PAYMENT,8.15,Drive Thru Cash Drawer,,,Cash payment,Cin Cin,
2919 Blanco Rd,800000030856291913,10/17/25 1:20 PM,CASH_PAYMENT,21.63,Drive Thru Cash Drawer,,,Cash payment,Cin Cin,
2919 Blanco Rd,800000030856557646,10/17/25 1:26 PM,CASH_PAYMENT,5.40,Drive Thru Cash Drawer,,,Cash payment,Cin Cin,
2919 Blanco Rd,800000030856670325,10/17/25 1:28 PM,TIP_OUT,-89.55,Front Box Cash Drawer,,,Tips paid out from shift review.,Martina Ovalle ,Martina Ovalle 
2919 Blanco Rd,800000030856718766,10/17/25 1:29 PM,TIP_OUT,-26.00,Front Box Cash Drawer,,,Tips paid out from shift review.,Cinthia Patlan,samantha lopez
2919 Blanco Rd,800000030856770072,10/17/25 1:30 PM,TIP_OUT,-45.00,Front Box Cash Drawer,,,Tips paid out from shift review.,AM CASHIER,AM CASHIER
2919 Blanco Rd,800000030856798108,10/17/25 1:31 PM,CLOSE_OUT_EXACT,0.00,Front Box Cash Drawer,,,Close out balance matches expected balance,AM CASHIER,
2919 Blanco Rd,800000030856806106,10/17/25 1:31 PM,CASH_PAYMENT,6.81,Drive Thru Cash Drawer,,,Cash payment,Cin Cin,
2919 Blanco Rd,800000030857022360,10/17/25 1:36 PM,TIP_OUT,-81.43,Drive Thru Cash Drawer,,,Tips paid out from shift review.,Cin Cin,Cin Cin
2919 Blanco Rd,800000030857026139,10/17/25 1:36 PM,CLOSE_OUT_EXACT,0.00,Drive Thru Cash Drawer,,,Close out balance matches expected balance,Cin Cin,
2919 Blanco Rd,800000030857201444,10/17/25 1:40 PM,CASH_PAYMENT,10.04,Drive Thru Cash Drawer (2),,,Cash payment,Cin Cin,
2919 Blanco Rd,800000030858612576,10/17/25 2:13 PM,CASH_PAYMENT,4.30,Drive Thru Cash Drawer (2),,,Cash payment,Cin Cin,
2919 Blanco Rd,800000030858647101,10/17/25 2:13 PM,CASH_PAYMENT,6.46,Drive Thru Cash Drawer (2),,,Cash payment,Cin Cin,
2919 Blanco Rd,800000030858869756,10/17/25 2:18 PM,CASH_PAYMENT,30.60,Drive Thru Cash Drawer (2),,,Cash payment,Cin Cin,
2919 Blanco Rd,800000030859196962,10/17/25 2:26 PM,CASH_PAYMENT,32.55,Front Box Cash Drawer (2),,,Cash payment,samantha lopez,
2919 Blanco Rd,800000030860031147,10/17/25 2:46 PM,CASH_PAYMENT,3.24,Drive Thru Cash Drawer (2),,,Cash payment,Cin Cin,
2919 Blanco Rd,800000030860337347,10/17/25 2:53 PM,CASH_PAYMENT,32.40,Front Box Cash Drawer (2),,,Cash payment,samantha lopez,
2919 Blanco Rd,800000030860900538,10/17/25 3:07 PM,CASH_PAYMENT,11.62,Drive Thru Cash Drawer (2),,,Cash payment,Cin Cin,
2919 Blanco Rd,800000030863791003,10/17/25 4:08 PM,CASH_PAYMENT,11.52,Drive Thru Cash Drawer (2),,,Cash payment,Cin Cin,
2919 Blanco Rd,800000030863846466,10/17/25 4:09 PM,CASH_PAYMENT,17.09,Front Box Cash Drawer (2),,,Cash payment,samantha lopez,
2919 Blanco Rd,800000030864979173,10/17/25 4:28 PM,CASH_PAYMENT,14.00,Front Box Cash Drawer (2),,,Cash payment,samantha lopez,
2919 Blanco Rd,800000030865268967,10/17/25 4:33 PM,CASH_PAYMENT,11.07,Front Box Cash Drawer (2),,,Cash payment,samantha lopez,
2919 Blanco Rd,800000030865444713,10/17/25 4:35 PM,CASH_PAYMENT,4.31,Front Box Cash Drawer (2),,,Cash payment,samantha lopez,
2919 Blanco Rd,800000030865602906,10/17/25 4:38 PM,CASH_PAYMENT,2.15,Front Box Cash Drawer (2),,,Cash payment,samantha lopez,
2919 Blanco Rd,800000030865687453,10/17/25 4:39 PM,CASH_PAYMENT,10.59,Drive Thru Cash Drawer (2),,,Cash payment,Cin Cin,
2919 Blanco Rd,800000030866417338,10/17/25 4:49 PM,CASH_PAYMENT,8.04,Front Box Cash Drawer (2),,,Cash payment,samantha lopez,
2919 Blanco Rd,800000030866505648,10/17/25 4:51 PM,CASH_PAYMENT,12.76,Drive Thru Cash Drawer (2),,,Cash payment,Cin Cin,
2919 Blanco Rd,800000030866787161,10/17/25 4:54 PM,CASH_PAYMENT,33.34,Front Box Cash Drawer (2),,,Cash payment,samantha lopez,
2919 Blanco Rd,800000030866879324,10/17/25 4:56 PM,CASH_PAYMENT,10.20,Front Box Cash Drawer (2),,,Cash payment,samantha lopez,
2919 Blanco Rd,800000030866923084,10/17/25 4:56 PM,CASH_PAYMENT,14.48,Front Box Cash Drawer (2),,,Cash payment,samantha lopez,
2919 Blanco Rd,800000030868263817,10/17/25 5:13 PM,PAY_OUT,-16.24,Drive Thru Cash Drawer (2),Knives,,,Cinthia Patlan,
2919 Blanco Rd,800000030874172198,10/17/25 6:19 PM,NO_SALE,0.00,Drive Thru Cash Drawer (2),,Making Change - Drawer,,Cin Cin,
2919 Blanco Rd,800000030874307286,10/17/25 6:21 PM,CASH_PAYMENT,8.64,Front Box Cash Drawer (2),,,Cash payment,samantha lopez,
2919 Blanco Rd,800000030875445809,10/17/25 6:33 PM,CASH_PAYMENT,4.30,Front Box Cash Drawer (2),,,Cash payment,samantha lopez,
2919 Blanco Rd,800000030877891069,10/17/25 7:00 PM,CASH_PAYMENT,16.17,Drive Thru Cash Drawer (2),,,Cash payment,Cin Cin,
2919 Blanco Rd,800000030879813066,10/17/25 7:22 PM,CASH_PAYMENT,19.25,Front Box Cash Drawer (2),,,Cash payment,samantha lopez,
2919 Blanco Rd,800000030880955549,10/17/25 7:36 PM,NO_SALE,0.00,Drive Thru Cash Drawer (2),,Making Change - Drawer,,Cin Cin,
2919 Blanco Rd,800000030881964822,10/17/25 7:49 PM,CASH_PAYMENT,49.27,Front Box Cash Drawer (2),,,Cash payment,samantha lopez,
2919 Blanco Rd,800000030884206372,10/17/25 8:20 PM,CASH_PAYMENT,6.21,Drive Thru Cash Drawer (2),,,Cash payment,Cin Cin,
2919 Blanco Rd,800000030885398472,10/17/25 8:39 PM,TIP_OUT,-29.00,Drive Thru Cash Drawer (2),,,Tips paid out from shift review.,Cin Cin,Cin Cin
2919 Blanco Rd,800000030885404178,10/17/25 8:39 PM,CLOSE_OUT_EXACT,0.00,Drive Thru Cash Drawer (2),,,Close out balance matches expected balance,Cin Cin,
2919 Blanco Rd,800000030885410392,10/17/25 8:39 PM,TIP_OUT,-86.00,Front Box Cash Drawer (2),,,Tips paid out from shift review.,samantha lopez,samantha lopez
2919 Blanco Rd,800000030885419078,10/17/25 8:39 PM,CLOSE_OUT_EXACT,0.00,Front Box Cash Drawer (2),,,Close out balance matches expected balance,samantha lopez,
