Location,Order #,Opened Date,Server,Table,Discount Name,Discount Reason,Comment,Discount Amount
Tink a Tako #9 - Blanco Rd - 2919 Blanco Rd,104,10/17/25 8:15 AM,AM CASHIER,,Open % Check,,,1.20
Tink a Tako #9 - Blanco Rd - 2919 Blanco Rd,93,10/17/25 8:10 AM,AM CASHIER,,Open % Check,,,1.20
Tink a Tako #9 - Blanco Rd - 2919 Blanco Rd,62,10/17/25 7:38 AM,Martina Ovalle ,14,Open % Item,,,0.69
Tink a Tako #9 - Blanco Rd - 2919 Blanco Rd,62,10/17/25 7:38 AM,Martina Ovalle ,14,Open % Item,,,0.86
Tink a Tako #9 - Blanco Rd - 2919 Blanco Rd,38,10/17/25 7:08 AM,Martina Ovalle ,18,Open $ Item,,,4.40
