Location,Server,Check #,Table,Station,Expediter Level,Fired Date,Fulfilled Date,Fulfillment Time,Fulfilled By
2919 Blanco Rd,AM CASHIER,3,,,1,10/17/25 6:08 AM,10/17/25 6:59 AM,50 minutes and 51 seconds,Cinthia Patlan
2919 Blanco Rd,Martina Ovalle ,6,17,,1,10/17/25 6:12 AM,10/17/25 6:59 AM,46 minutes and 9 seconds,Cinthia Patlan
2919 Blanco Rd,AM CASHIER,24,,,1,10/17/25 6:41 AM,10/17/25 6:59 AM,18 minutes and 8 seconds,Cinthia Patlan
2919 Blanco Rd,AM CASHIER,7,,,1,10/17/25 6:13 AM,10/17/25 6:59 AM,45 minutes and 32 seconds,Cinthia Patlan
2919 Blanco Rd,Cin Cin,18,,,1,10/17/25 6:30 AM,10/17/25 6:59 AM,28 minutes and 58 seconds,Cinthia Patlan
2919 Blanco Rd,Martina Ovalle ,32,19,,1,10/17/25 6:54 AM,10/17/25 6:59 AM,4 minutes and 57 seconds,Cinthia Patlan
2919 Blanco Rd,AM CASHIER,33,,,1,10/17/25 6:55 AM,10/17/25 6:59 AM,3 minutes and 13 seconds,Cinthia Patlan
2919 Blanco Rd,Martina Ovalle ,38,18,,1,10/17/25 7:08 AM,10/17/25 8:22 AM,"1 hour, 13 minutes and 56 seconds",Cinthia Patlan
2919 Blanco Rd,Martina Ovalle ,58,13,,1,10/17/25 7:34 AM,10/17/25 8:22 AM,48 minutes and 4 seconds,Cinthia Patlan
2919 Blanco Rd,Martina Ovalle ,87,25,,1,10/17/25 8:01 AM,10/17/25 8:22 AM,20 minutes and 42 seconds,Cinthia Patlan
2919 Blanco Rd,Martina Ovalle ,43,5,,1,10/17/25 7:14 AM,10/17/25 8:22 AM,"1 hour, 8 minutes and 21 seconds",Cinthia Patlan
2919 Blanco Rd,AM CASHIER,54,,,1,10/17/25 7:32 AM,10/17/25 8:22 AM,50 minutes and 21 seconds,Cinthia Patlan
2919 Blanco Rd,AM CASHIER,46,,,1,10/17/25 7:17 AM,10/17/25 8:22 AM,"1 hour, 4 minutes and 55 seconds",Cinthia Patlan
2919 Blanco Rd,AM CASHIER,47,,,1,10/17/25 7:25 AM,10/17/25 8:22 AM,57 minutes and 3 seconds,Cinthia Patlan
2919 Blanco Rd,AM CASHIER,55,,,1,10/17/25 7:39 AM,10/17/25 8:22 AM,43 minutes and 10 seconds,Cinthia Patlan
2919 Blanco Rd,Martina Ovalle ,43,5,,1,10/17/25 7:47 AM,10/17/25 8:22 AM,34 minutes and 52 seconds,Cinthia Patlan
2919 Blanco Rd,Martina Ovalle ,62,14,,1,10/17/25 7:38 AM,10/17/25 8:22 AM,43 minutes and 44 seconds,Cinthia Patlan
2919 Blanco Rd,AM CASHIER,74,,,1,10/17/25 7:50 AM,10/17/25 8:22 AM,31 minutes and 55 seconds,Cinthia Patlan
2919 Blanco Rd,AM CASHIER,77,,,1,10/17/25 7:51 AM,10/17/25 8:22 AM,31 minutes and 8 seconds,Cinthia Patlan
2919 Blanco Rd,AM CASHIER,105,,,1,10/17/25 8:18 AM,10/17/25 8:22 AM,4 minutes and 10 seconds,Cinthia Patlan
2919 Blanco Rd,AM CASHIER,92,,,1,10/17/25 8:10 AM,10/17/25 8:22 AM,11 minutes and 57 seconds,Cinthia Patlan
2919 Blanco Rd,Cin Cin,90,,,1,10/17/25 8:16 AM,10/17/25 8:22 AM,6 minutes and 39 seconds,Cinthia Patlan
2919 Blanco Rd,AM CASHIER,100,,,1,10/17/25 8:14 AM,10/17/25 8:22 AM,7 minutes and 53 seconds,Cinthia Patlan
2919 Blanco Rd,AM CASHIER,106,,,1,10/17/25 8:16 AM,10/17/25 8:22 AM,6 minutes and 5 seconds,Cinthia Patlan
2919 Blanco Rd,Martina Ovalle ,121,11,,1,10/17/25 8:28 AM,10/17/25 8:36 AM,8 minutes,Cinthia Patlan
2919 Blanco Rd,AM CASHIER,111,,,1,10/17/25 8:22 AM,10/17/25 8:36 AM,13 minutes and 50 seconds,Cinthia Patlan
2919 Blanco Rd,AM CASHIER,125,,,1,10/17/25 8:30 AM,10/17/25 8:36 AM,5 minutes and 8 seconds,Cinthia Patlan
2919 Blanco Rd,AM CASHIER,114,,,1,10/17/25 8:23 AM,10/17/25 8:36 AM,12 minutes and 51 seconds,Cinthia Patlan
2919 Blanco Rd,AM CASHIER,112,,,1,10/17/25 8:22 AM,10/17/25 8:36 AM,13 minutes and 37 seconds,Cinthia Patlan
2919 Blanco Rd,AM CASHIER,122,,,1,10/17/25 8:34 AM,10/17/25 8:57 AM,23 minutes and 11 seconds,Cinthia Patlan
2919 Blanco Rd,AM CASHIER,126,,,1,10/17/25 8:33 AM,10/17/25 8:57 AM,24 minutes and 13 seconds,Cinthia Patlan
2919 Blanco Rd,AM CASHIER,129,,,1,10/17/25 8:45 AM,10/17/25 8:57 AM,12 minutes and 52 seconds,Cinthia Patlan
2919 Blanco Rd,samantha lopez,136,7,,1,10/17/25 8:45 AM,10/17/25 8:57 AM,12 minutes and 31 seconds,Cinthia Patlan
2919 Blanco Rd,samantha lopez,142,20,,1,10/17/25 8:49 AM,10/17/25 8:57 AM,8 minutes and 54 seconds,Cinthia Patlan
2919 Blanco Rd,Cin Cin,148,,,1,10/17/25 8:56 AM,10/17/25 9:06 AM,10 minutes and 27 seconds,Cinthia Patlan
2919 Blanco Rd,AM CASHIER,146,,,1,10/17/25 8:58 AM,10/17/25 9:06 AM,8 minutes and 32 seconds,Cinthia Patlan
2919 Blanco Rd,Martina Ovalle ,152,16,,1,10/17/25 8:57 AM,10/17/25 9:15 AM,17 minutes and 13 seconds,Cinthia Patlan
2919 Blanco Rd,Martina Ovalle ,158,12,,1,10/17/25 9:07 AM,10/17/25 9:15 AM,7 minutes and 38 seconds,Cinthia Patlan
2919 Blanco Rd,Martina Ovalle ,167,3,,1,10/17/25 9:19 AM,10/17/25 9:29 AM,10 minutes and 15 seconds,Cinthia Patlan
2919 Blanco Rd,Martina Ovalle ,152,16,,1,10/17/25 9:19 AM,10/17/25 9:29 AM,10 minutes and 9 seconds,Cinthia Patlan
2919 Blanco Rd,samantha lopez,165,6,,1,10/17/25 9:17 AM,10/17/25 9:29 AM,12 minutes and 9 seconds,Cinthia Patlan
2919 Blanco Rd,AM CASHIER,170,,,1,10/17/25 9:22 AM,10/17/25 9:29 AM,6 minutes and 36 seconds,Cinthia Patlan
2919 Blanco Rd,Martina Ovalle ,152,16,,1,10/17/25 9:10 AM,10/17/25 9:40 AM,29 minutes and 40 seconds,Cinthia Patlan
2919 Blanco Rd,Martina Ovalle ,152,16,,1,10/17/25 9:34 AM,10/17/25 9:52 AM,17 minutes and 39 seconds,Cinthia Patlan
2919 Blanco Rd,samantha lopez,175,7,,1,10/17/25 9:33 AM,10/17/25 9:52 AM,18 minutes and 57 seconds,Cinthia Patlan
2919 Blanco Rd,samantha lopez,165,6,,1,10/17/25 9:37 AM,10/17/25 9:52 AM,14 minutes and 54 seconds,Cinthia Patlan
2919 Blanco Rd,Martina Ovalle ,152,16,,1,10/17/25 9:51 AM,10/17/25 9:52 AM,1 minute and 6 seconds,Cinthia Patlan
2919 Blanco Rd,Martina Ovalle ,180,19,,1,10/17/25 9:37 AM,10/17/25 9:52 AM,14 minutes and 53 seconds,Cinthia Patlan
2919 Blanco Rd,AM CASHIER,182,,,1,10/17/25 9:42 AM,10/17/25 9:52 AM,9 minutes and 52 seconds,Cinthia Patlan
2919 Blanco Rd,Martina Ovalle ,152,16,,1,10/17/25 9:46 AM,10/17/25 10:02 AM,15 minutes and 39 seconds,Cinthia Patlan
2919 Blanco Rd,samantha lopez,175,7,,1,10/17/25 10:04 AM,10/17/25 10:35 AM,31 minutes and 2 seconds,Cinthia Patlan
2919 Blanco Rd,Martina Ovalle ,197,21,,1,10/17/25 10:09 AM,10/17/25 10:35 AM,25 minutes and 34 seconds,Cinthia Patlan
2919 Blanco Rd,samantha lopez,193,5,,1,10/17/25 10:02 AM,10/17/25 10:35 AM,33 minutes and 4 seconds,Cinthia Patlan
2919 Blanco Rd,samantha lopez,198,6,,1,10/17/25 10:10 AM,10/17/25 10:35 AM,24 minutes and 39 seconds,Cinthia Patlan
2919 Blanco Rd,AM CASHIER,201,,,1,10/17/25 10:16 AM,10/17/25 10:35 AM,19 minutes and 14 seconds,Cinthia Patlan
2919 Blanco Rd,Martina Ovalle ,209,7,,1,10/17/25 10:22 AM,10/17/25 10:35 AM,13 minutes and 9 seconds,Cinthia Patlan
2919 Blanco Rd,AM CASHIER,203,,,1,10/17/25 10:19 AM,10/17/25 10:35 AM,15 minutes and 33 seconds,Cinthia Patlan
2919 Blanco Rd,Martina Ovalle ,207,16,,1,10/17/25 10:20 AM,10/17/25 10:35 AM,15 minutes and 4 seconds,Cinthia Patlan
2919 Blanco Rd,Martina Ovalle ,205,16,,1,10/17/25 10:19 AM,10/17/25 10:35 AM,16 minutes and 15 seconds,Cinthia Patlan
2919 Blanco Rd,samantha lopez,211,1,,1,10/17/25 10:27 AM,10/17/25 10:35 AM,8 minutes and 22 seconds,Cinthia Patlan
2919 Blanco Rd,AM CASHIER,214,,,1,10/17/25 10:30 AM,10/17/25 10:35 AM,4 minutes and 35 seconds,Cinthia Patlan
2919 Blanco Rd,Martina Ovalle ,225,19,,1,10/17/25 10:46 AM,10/17/25 11:05 AM,18 minutes and 37 seconds,Cinthia Patlan
2919 Blanco Rd,samantha lopez,226,4,,1,10/17/25 10:47 AM,10/17/25 11:05 AM,17 minutes and 21 seconds,Cinthia Patlan
2919 Blanco Rd,Cin Cin,228,,,1,10/17/25 10:49 AM,10/17/25 11:05 AM,15 minutes and 32 seconds,Cinthia Patlan
2919 Blanco Rd,Martina Ovalle ,231,5,,1,10/17/25 10:50 AM,10/17/25 11:18 AM,28 minutes and 30 seconds,Cinthia Patlan
2919 Blanco Rd,samantha lopez,234,4,,1,10/17/25 10:54 AM,10/17/25 11:18 AM,23 minutes and 50 seconds,Cinthia Patlan
2919 Blanco Rd,AM CASHIER,240,,,1,10/17/25 10:56 AM,10/17/25 11:18 AM,22 minutes and 6 seconds,Cinthia Patlan
2919 Blanco Rd,Martina Ovalle ,243,3,,1,10/17/25 10:59 AM,10/17/25 11:18 AM,19 minutes and 37 seconds,Cinthia Patlan
2919 Blanco Rd,samantha lopez,247,6,,1,10/17/25 11:05 AM,10/17/25 11:18 AM,13 minutes and 36 seconds,Cinthia Patlan
2919 Blanco Rd,Martina Ovalle ,249,15,,1,10/17/25 11:07 AM,10/17/25 11:40 AM,32 minutes and 50 seconds,Cinthia Patlan
2919 Blanco Rd,Cin Cin,252,,,1,10/17/25 11:11 AM,10/17/25 11:40 AM,29 minutes,Cinthia Patlan
2919 Blanco Rd,AM CASHIER,258,,,1,10/17/25 11:19 AM,10/17/25 11:40 AM,21 minutes and 37 seconds,Cinthia Patlan
2919 Blanco Rd,AM CASHIER,269,,,1,10/17/25 11:40 AM,10/17/25 12:01 PM,21 minutes and 45 seconds,Cinthia Patlan
2919 Blanco Rd,AM CASHIER,270,,,1,10/17/25 11:40 AM,10/17/25 12:01 PM,21 minutes and 10 seconds,Cinthia Patlan
2919 Blanco Rd,samantha lopez,280,25,,1,10/17/25 11:51 AM,10/17/25 12:01 PM,10 minutes and 52 seconds,Cinthia Patlan
2919 Blanco Rd,samantha lopez,264,2,,1,10/17/25 11:43 AM,10/17/25 12:01 PM,18 minutes and 16 seconds,Cinthia Patlan
2919 Blanco Rd,Martina Ovalle ,279,5,,1,10/17/25 11:49 AM,10/17/25 12:01 PM,12 minutes and 29 seconds,Cinthia Patlan
2919 Blanco Rd,AM CASHIER,272,,,1,10/17/25 11:41 AM,10/17/25 12:01 PM,20 minutes and 5 seconds,Cinthia Patlan
2919 Blanco Rd,Martina Ovalle ,277,8,,1,10/17/25 11:45 AM,10/17/25 12:01 PM,16 minutes and 31 seconds,Cinthia Patlan
2919 Blanco Rd,samantha lopez,275,4,,1,10/17/25 11:53 AM,10/17/25 12:01 PM,8 minutes and 33 seconds,Cinthia Patlan
2919 Blanco Rd,Martina Ovalle ,285,11,,1,10/17/25 12:05 PM,10/17/25 12:22 PM,16 minutes and 46 seconds,Cinthia Patlan
2919 Blanco Rd,samantha lopez,287,6,,1,10/17/25 12:19 PM,10/17/25 12:22 PM,2 minutes and 41 seconds,Cinthia Patlan
2919 Blanco Rd,Martina Ovalle ,288,9,,1,10/17/25 12:20 PM,10/17/25 12:27 PM,6 minutes and 35 seconds,Cinthia Patlan
2919 Blanco Rd,samantha lopez,289,5,,1,10/17/25 12:21 PM,10/17/25 12:31 PM,9 minutes and 15 seconds,Cinthia Patlan
2919 Blanco Rd,samantha lopez,291,15,,1,10/17/25 12:26 PM,10/17/25 12:31 PM,4 minutes and 36 seconds,Cinthia Patlan
2919 Blanco Rd,AM CASHIER,292,,,1,10/17/25 12:27 PM,10/17/25 12:59 PM,32 minutes and 34 seconds,Cinthia Patlan
2919 Blanco Rd,samantha lopez,289,5,,1,10/17/25 12:21 PM,10/17/25 12:59 PM,37 minutes and 52 seconds,Cinthia Patlan
2919 Blanco Rd,Martina Ovalle ,294,4,,1,10/17/25 12:29 PM,10/17/25 12:59 PM,29 minutes and 46 seconds,Cinthia Patlan
2919 Blanco Rd,Martina Ovalle ,290,3,,1,10/17/25 12:25 PM,10/17/25 12:59 PM,33 minutes and 52 seconds,Cinthia Patlan
2919 Blanco Rd,AM CASHIER,296,,,1,10/17/25 12:35 PM,10/17/25 12:59 PM,24 minutes and 11 seconds,Cinthia Patlan
2919 Blanco Rd,samantha lopez,301,7,,1,10/17/25 12:42 PM,10/17/25 12:59 PM,17 minutes and 1 second,Cinthia Patlan
2919 Blanco Rd,Martina Ovalle ,294,4,,1,10/17/25 12:34 PM,10/17/25 12:59 PM,25 minutes and 16 seconds,Cinthia Patlan
2919 Blanco Rd,samantha lopez,303,1,,1,10/17/25 12:44 PM,10/17/25 12:59 PM,14 minutes and 51 seconds,Cinthia Patlan
2919 Blanco Rd,Cin Cin,306,,,1,10/17/25 12:59 PM,10/17/25 1:30 PM,31 minutes and 6 seconds,Cinthia Patlan
2919 Blanco Rd,samantha lopez,312,25,,1,10/17/25 1:12 PM,10/17/25 1:30 PM,18 minutes and 14 seconds,Cinthia Patlan
2919 Blanco Rd,samantha lopez,312,25,,1,10/17/25 1:50 PM,10/17/25 2:13 PM,23 minutes and 12 seconds,Cinthia Patlan
2919 Blanco Rd,samantha lopez,326,,,1,10/17/25 1:57 PM,10/17/25 2:13 PM,15 minutes and 22 seconds,Cinthia Patlan
2919 Blanco Rd,samantha lopez,320,,,1,10/17/25 1:42 PM,10/17/25 2:13 PM,31 minutes and 5 seconds,Cinthia Patlan
2919 Blanco Rd,samantha lopez,327,6,,1,10/17/25 2:03 PM,10/17/25 2:13 PM,9 minutes and 45 seconds,Cinthia Patlan
2919 Blanco Rd,samantha lopez,332,4,,1,10/17/25 2:08 PM,10/17/25 2:13 PM,4 minutes and 24 seconds,Cinthia Patlan
2919 Blanco Rd,samantha lopez,334,17,,1,10/17/25 2:10 PM,10/17/25 3:17 PM,"1 hour, 6 minutes and 55 seconds",Cinthia Patlan
2919 Blanco Rd,samantha lopez,339,7,,1,10/17/25 2:20 PM,10/17/25 3:17 PM,57 minutes and 20 seconds,Cinthia Patlan
2919 Blanco Rd,samantha lopez,340,,,1,10/17/25 2:22 PM,10/17/25 3:17 PM,55 minutes and 7 seconds,Cinthia Patlan
2919 Blanco Rd,samantha lopez,358,13,,1,10/17/25 3:24 PM,10/17/25 3:30 PM,6 minutes and 26 seconds,Cinthia Patlan
2919 Blanco Rd,samantha lopez,359,5,,1,10/17/25 3:29 PM,10/17/25 3:37 PM,8 minutes and 31 seconds,Cinthia Patlan
2919 Blanco Rd,samantha lopez,360,7,,1,10/17/25 3:30 PM,10/17/25 3:37 PM,7 minutes and 18 seconds,Cinthia Patlan
2919 Blanco Rd,samantha lopez,362,18,,1,10/17/25 3:33 PM,10/17/25 3:39 PM,5 minutes and 41 seconds,Cinthia Patlan
2919 Blanco Rd,samantha lopez,360,7,,1,10/17/25 3:38 PM,10/17/25 3:39 PM,1 minute and 4 seconds,Cinthia Patlan
2919 Blanco Rd,samantha lopez,361,1,,1,10/17/25 3:32 PM,10/17/25 3:42 PM,9 minutes and 39 seconds,Cinthia Patlan
2919 Blanco Rd,samantha lopez,362,18,,1,10/17/25 3:52 PM,10/17/25 4:04 PM,11 minutes and 55 seconds,Cinthia Patlan
2919 Blanco Rd,samantha lopez,364,20,,1,10/17/25 3:59 PM,10/17/25 4:06 PM,6 minutes and 38 seconds,Cinthia Patlan
2919 Blanco Rd,Cin Cin,368,,,1,10/17/25 4:03 PM,10/17/25 4:08 PM,4 minutes and 44 seconds,Cinthia Patlan
2919 Blanco Rd,samantha lopez,369,,,1,10/17/25 4:26 PM,10/17/25 4:40 PM,13 minutes and 59 seconds,Cinthia Patlan
2919 Blanco Rd,samantha lopez,372,,,1,10/17/25 4:28 PM,10/17/25 4:40 PM,11 minutes and 44 seconds,Cinthia Patlan
2919 Blanco Rd,samantha lopez,382,,,1,10/17/25 4:38 PM,10/17/25 4:40 PM,2 minutes and 17 seconds,Cinthia Patlan
2919 Blanco Rd,samantha lopez,378,,,1,10/17/25 4:35 PM,10/17/25 4:40 PM,4 minutes and 39 seconds,Cinthia Patlan
2919 Blanco Rd,samantha lopez,360,7,,1,10/17/25 4:38 PM,10/17/25 4:40 PM,2 minutes and 3 seconds,Cinthia Patlan
2919 Blanco Rd,samantha lopez,377,,,1,10/17/25 4:34 PM,10/17/25 4:42 PM,7 minutes and 51 seconds,Cinthia Patlan
2919 Blanco Rd,samantha lopez,383,,,1,10/17/25 4:38 PM,10/17/25 4:43 PM,4 minutes and 34 seconds,Cinthia Patlan
2919 Blanco Rd,samantha lopez,376,,,1,10/17/25 4:33 PM,10/17/25 4:43 PM,10 minutes and 12 seconds,Cinthia Patlan
2919 Blanco Rd,samantha lopez,375,,,1,10/17/25 4:32 PM,10/17/25 4:43 PM,10 minutes and 49 seconds,Cinthia Patlan
2919 Blanco Rd,samantha lopez,389,19,,1,10/17/25 4:54 PM,10/17/25 5:02 PM,7 minutes and 55 seconds,Cinthia Patlan
2919 Blanco Rd,samantha lopez,385,,,1,10/17/25 4:49 PM,10/17/25 5:02 PM,12 minutes and 18 seconds,Cinthia Patlan
2919 Blanco Rd,samantha lopez,379,,,1,10/17/25 4:36 PM,10/17/25 5:02 PM,25 minutes and 48 seconds,Cinthia Patlan
2919 Blanco Rd,samantha lopez,392,,,1,10/17/25 4:56 PM,10/17/25 5:02 PM,6 minutes,Cinthia Patlan
2919 Blanco Rd,samantha lopez,393,,,1,10/17/25 4:56 PM,10/17/25 5:02 PM,5 minutes and 32 seconds,Cinthia Patlan
2919 Blanco Rd,samantha lopez,395,,,1,10/17/25 4:59 PM,10/17/25 5:02 PM,2 minutes and 27 seconds,Cinthia Patlan
2919 Blanco Rd,samantha lopez,394,,,1,10/17/25 4:57 PM,10/17/25 5:02 PM,4 minutes and 36 seconds,Cinthia Patlan
2919 Blanco Rd,samantha lopez,398,7,,1,10/17/25 5:07 PM,10/17/25 5:23 PM,15 minutes and 11 seconds,Cinthia Patlan
2919 Blanco Rd,samantha lopez,399,8,,1,10/17/25 5:10 PM,10/17/25 5:23 PM,13 minutes and 2 seconds,Cinthia Patlan
2919 Blanco Rd,samantha lopez,398,7,,1,10/17/25 5:10 PM,10/17/25 5:23 PM,12 minutes and 27 seconds,Cinthia Patlan
2919 Blanco Rd,samantha lopez,402,5,,1,10/17/25 5:40 PM,10/17/25 5:49 PM,8 minutes and 14 seconds,Cinthia Patlan
2919 Blanco Rd,samantha lopez,403,15,,1,10/17/25 5:44 PM,10/17/25 5:49 PM,4 minutes and 56 seconds,Cinthia Patlan
2919 Blanco Rd,samantha lopez,402,5,,1,10/17/25 5:43 PM,10/17/25 5:50 PM,6 minutes and 49 seconds,Cinthia Patlan
2919 Blanco Rd,samantha lopez,401,,,1,10/17/25 5:48 PM,10/17/25 5:55 PM,6 minutes and 58 seconds,Cinthia Patlan
2919 Blanco Rd,samantha lopez,404,8,,1,10/17/25 5:46 PM,10/17/25 6:01 PM,15 minutes and 17 seconds,Cinthia Patlan
2919 Blanco Rd,samantha lopez,405,3,,1,10/17/25 5:56 PM,10/17/25 6:03 PM,6 minutes and 26 seconds,Cinthia Patlan
2919 Blanco Rd,samantha lopez,408,1,,1,10/17/25 6:05 PM,10/17/25 6:19 PM,14 minutes and 16 seconds,Cinthia Patlan
2919 Blanco Rd,samantha lopez,411,25,,1,10/17/25 6:12 PM,10/17/25 6:26 PM,13 minutes and 21 seconds,Cinthia Patlan
2919 Blanco Rd,samantha lopez,413,,,1,10/17/25 6:21 PM,10/17/25 6:29 PM,8 minutes and 26 seconds,Cinthia Patlan
2919 Blanco Rd,samantha lopez,412,6,,1,10/17/25 6:21 PM,10/17/25 6:36 PM,15 minutes and 4 seconds,Cinthia Patlan
2919 Blanco Rd,samantha lopez,415,,,1,10/17/25 6:33 PM,10/17/25 6:42 PM,9 minutes and 29 seconds,Cinthia Patlan
2919 Blanco Rd,Cin Cin,406,,,1,10/17/25 6:35 PM,10/17/25 6:43 PM,7 minutes and 36 seconds,Cinthia Patlan
2919 Blanco Rd,samantha lopez,417,,,1,10/17/25 6:55 PM,10/17/25 7:38 PM,43 minutes and 5 seconds,Cinthia Patlan
2919 Blanco Rd,samantha lopez,420,,,1,10/17/25 7:31 PM,10/17/25 8:03 PM,32 minutes and 12 seconds,Cinthia Patlan
