Employee,Job Title,Regular Hours,Overtime Hours,Hourly Rate,Regular Pay,Overtime Pay,Total Pay,Net Sales,Declared Tips,Non-Cash Tips,Total Tips,Tips Withheld,Total Gratuity,Employee ID,Job Code,Location,Location Code
"CASHIER, AM",General Manager,0.0,7.81,,,,,510.94,,45.00,45.00,0.00,0.00,,,2919 Blanco Rd,
"Cin, Cin",Drive-Thru,15.620000000000001,0.0,,,,,2326.43,,110.43,110.43,0.00,0.00,,,2919 Blanco Rd,
"Hernandez, Fidelia ",Cook,8.93,0.0,14.00,125.02,0.00,125.02,0.00,,0.00,0.00,0.00,0.00,,,2919 Blanco Rd,
"Melendez, Ninoska",Tortillero/a,7.75,0.0,13.00,100.75,0.00,100.75,0.00,,0.00,0.00,0.00,0.00,,,2919 Blanco Rd,
"Ovalle , Martina",Server,7.77,0.06,,,,,623.10,,50.80,50.80,0.00,38.75,,,2919 Blanco Rd,
"Pena , Vilma",Cook,8.14,0.0,14.00,113.96,0.00,113.96,0.00,,0.00,0.00,0.00,0.00,,,2919 Blanco Rd,
"Rivera, Dante Antonio ",Cook,13.88,0.0,,,,,0.00,,0.00,0.00,0.00,0.00,,,2919 Blanco Rd,
"Salazar, Maria ",Shift Manager / Assistant Manager,8.97,10.94,,,,,0.00,0.00,0.00,0.00,0.00,0.00,,,2919 Blanco Rd,
"Villalobos , Veronica ",Cook,8.56,0.0,14.00,119.84,0.00,119.84,0.00,,0.00,0.00,0.00,0.00,,,2919 Blanco Rd,
"lopez, samantha",Server,2.5,10.57,3.00,7.50,47.57,55.07,1257.83,,112.00,112.00,0.00,0.00,,,2919 Blanco Rd,
