,Location,Employee,Job Title,In Date,Shift Closed Date,Out Date,Hours,Cash Tips Decl.,Cash on Hand,Cash in Drawer,Non-Cash Tips,Cash Gratuity,Non-Cash Gratuity,Tips Withheld,Non-Cash Sales,Cash Sales,Total Sales,Cash Collected?,Tips Paid?,Open,Paid,Closed,Tip Share Total
800000030843447974,2919 Blanco Rd,Cin Cin,Drive-Thru,10/17/25 5:23 AM,10/17/25 1:36 PM,10/17/25 1:36 PM,8.22,,0.00,512.63,81.43,0.00,0.00,0.00,1443.32,512.63,1955.95,yes,yes,0,0,168,0.00
800000030843512048,2919 Blanco Rd,AM CASHIER,General Manager,10/17/25 5:43 AM,10/17/25 1:30 PM,10/17/25 1:31 PM,7.81,,0.00,142.41,45.00,0.00,0.00,0.00,410.67,142.41,553.08,yes,yes,0,0,38,0.00
800000030843608410,2919 Blanco Rd,Martina Ovalle ,Server,10/17/25 6:00 AM,10/17/25 1:28 PM,10/17/25 1:50 PM,7.83,,0.00,199.54,50.80,0.00,38.75,0.00,474.97,199.54,674.51,yes,yes,0,0,31,0.00
800000030845027843,2919 Blanco Rd,samantha lopez,Server,10/17/25 8:00 AM,10/17/25 1:29 PM,10/17/25 1:29 PM,5.49,,0.00,139.42,26.00,0.00,0.00,0.00,270.32,139.42,409.74,yes,yes,0,0,17,0.00
800000030845133107,2919 Blanco Rd,Maria  Salazar,Shift Manager / Assistant Manager,10/17/25 8:05 AM,10/18/25 4:07 AM,10/18/25 4:00 AM,19.91,0.00,0.00,0.00,0.00,0.00,0.00,0.00,0.00,0.00,0.00,yes,yes,0,0,0,0.00
800000030856727673,2919 Blanco Rd,samantha lopez,Server,10/17/25 1:29 PM,10/17/25 8:39 PM,10/17/25 9:04 PM,7.58,,0.00,261.09,86.00,0.00,0.00,0.00,690.61,261.09,951.70,yes,yes,0,0,46,0.00
800000030857040597,2919 Blanco Rd,Cin Cin,Drive-Thru,10/17/25 1:36 PM,10/17/25 8:39 PM,10/17/25 9:00 PM,7.40,,0.00,123.51,29.00,0.00,0.00,0.00,438.50,123.51,562.01,yes,yes,0,0,37,0.00
