Employee,Job Title,Regular Hours,Overtime Hours,Hourly Rate,Regular Pay,Overtime Pay,Total Pay,Net Sales,Declared Tips,Non-Cash Tips,Total Tips,Tips Withheld,Total Gratuity,Employee ID,Job Code,Location,Location Code
"Aragon, Brianna",Host,19.41,0.0,11.00,213.51,0.00,213.51,439.06,0.00,28.00,28.00,0.00,0.00,,,12060 Potranco Road,
"Aragon, Cecilia",Tortillera,4.47,4.58,13.00,58.11,89.31,147.42,0.00,,0.00,0.00,0.00,0.00,,,12060 Potranco Road,
"Barton, Arion",Cook,7.31,0.0,13.00,95.03,0.00,95.03,0.00,,0.00,0.00,0.00,0.00,,,12060 Potranco Road,
"Cabrera, Sugey",Server,2.0,6.83,3.00,6.00,30.74,36.74,752.87,0.00,119.00,119.00,0.00,36.21,,,12060 Potranco Road,
"Del Angel, Candy",Shift Manager / Assistant Manager,0.0,7.96,,,,,24.05,,0.00,0.00,0.00,0.00,,,12060 Potranco Road,
"GUTIERREZ, ERIC",Cook,4.36,3.68,16.00,69.76,88.32,158.08,0.00,,0.00,0.00,0.00,0.00,,,12060 Potranco Road,
"Jimenez, Mario",Driver,6.19,0.0,14.00,86.66,0.00,86.66,1954.68,0.00,67.85,67.85,0.00,0.00,,,12060 Potranco Road,
"Lino Santana, David ",Prep,0.0,9.3,15.00,0.00,209.25,209.25,0.00,,0.00,0.00,0.00,0.00,,,12060 Potranco Road,
"Loera, Fernanda ",Server,7.12,0.0,,,,,748.63,0.00,74.08,74.08,0.00,23.34,,,12060 Potranco Road,
"Morales, Adrian",Server,5.67,0.0,3.00,17.01,0.00,17.01,705.04,0.00,137.28,137.28,0.00,61.46,,,12060 Potranco Road,
"Morales, Carlos",Busser,0.0,6.36,11.00,0.00,104.94,104.94,185.68,,9.74,9.74,0.00,0.00,,,12060 Potranco Road,
"Ojeda, George",Runner,0.0,8.79,12.50,0.00,164.81,164.81,0.00,,0.00,0.00,0.00,0.00,,,12060 Potranco Road,
"Reyes , Jesús Ricardo",Prep,8.31,0.0,12.00,99.72,0.00,99.72,0.00,,0.00,0.00,0.00,0.00,,,12060 Potranco Road,
"Roman, Leticia",Server,4.23,3.85,3.00,12.69,17.33,30.02,652.77,0.00,87.42,87.42,0.00,39.00,,,12060 Potranco Road,
"Salinas, Zoila",General Manager,0.01,0.0,,,,,0.00,,0.00,0.00,0.00,0.00,,,12060 Potranco Road,
"Sanchez, Emanuel",Server,6.2,0.0,3.00,18.60,0.00,18.60,685.47,5.00,74.09,79.09,0.00,21.09,,,12060 Potranco Road,
"Vega, Estela",Tortillera,0.0,10.21,15.00,0.00,229.73,229.73,0.00,,0.00,0.00,0.00,0.00,,,12060 Potranco Road,
"Velasquez, Lisa",Server,6.53,0.0,3.00,19.59,0.00,19.59,546.17,5.00,64.45,69.45,0.00,24.20,,,12060 Potranco Road,
"quiroz, siri",Host,19.27,0.0,11.00,211.97,0.00,211.97,0.00,0.00,0.00,0.00,0.00,0.00,,,12060 Potranco Road,
"vanenzuela, felix",Cook,4.64,4.38,,,,,0.00,,0.00,0.00,0.00,0.00,,,12060 Potranco Road,
