Location,Server,Check #,Table,Station,Expediter Level,Fired Date,Fulfilled Date,Fulfillment Time,Fulfilled By
2919 Blanco Rd,Cin Cin,13,,,1,10/24/25 6:21 AM,10/24/25 6:45 AM,23 minutes and 40 seconds,AM CASHIER
2919 Blanco Rd,AM CASHIER,12,,,1,10/24/25 6:24 AM,10/24/25 6:45 AM,20 minutes and 56 seconds,AM CASHIER
2919 Blanco Rd,Martina Ovalle ,5,18,,1,10/24/25 6:09 AM,10/24/25 6:45 AM,35 minutes and 21 seconds,AM CASHIER
2919 Blanco Rd,AM CASHIER,8,,,1,10/24/25 6:17 AM,10/24/25 6:45 AM,28 minutes and 16 seconds,AM CASHIER
2919 Blanco Rd,AM CASHIER,4,,,1,10/24/25 6:06 AM,10/24/25 6:45 AM,38 minutes and 32 seconds,AM CASHIER
2919 Blanco Rd,AM CASHIER,7,,,1,10/24/25 6:13 AM,10/24/25 6:45 AM,32 minutes and 17 seconds,AM CASHIER
2919 Blanco Rd,Martina Ovalle ,30,6,,1,10/24/25 6:42 AM,10/24/25 6:56 AM,13 minutes and 37 seconds,AM CASHIER
2919 Blanco Rd,AM CASHIER,26,,,1,10/24/25 6:35 AM,10/24/25 6:56 AM,20 minutes and 36 seconds,AM CASHIER
2919 Blanco Rd,Martina Ovalle ,49,18,,1,10/24/25 7:11 AM,10/24/25 8:10 AM,58 minutes and 58 seconds,AM CASHIER
2919 Blanco Rd,Martina Ovalle ,41,2,,1,10/24/25 7:01 AM,10/24/25 8:10 AM,"1 hour, 8 minutes and 41 seconds",AM CASHIER
2919 Blanco Rd,Martina Ovalle ,39,19,,1,10/24/25 6:52 AM,10/24/25 8:10 AM,"1 hour, 17 minutes and 58 seconds",AM CASHIER
2919 Blanco Rd,Martina Ovalle ,45,18,,1,10/24/25 7:11 AM,10/24/25 8:10 AM,59 minutes and 14 seconds,AM CASHIER
2919 Blanco Rd,Martina Ovalle ,45,18,,1,10/24/25 7:05 AM,10/24/25 8:10 AM,"1 hour, 5 minutes and 31 seconds",AM CASHIER
2919 Blanco Rd,AM CASHIER,70,,,1,10/24/25 7:57 AM,10/24/25 8:17 AM,19 minutes and 25 seconds,AM CASHIER
2919 Blanco Rd,AM CASHIER,79,,,1,10/24/25 8:10 AM,10/24/25 8:17 AM,6 minutes and 44 seconds,AM CASHIER
2919 Blanco Rd,Cin Cin,94,,,1,10/24/25 8:37 AM,10/24/25 8:50 AM,12 minutes and 32 seconds,AM CASHIER
2919 Blanco Rd,Sami Martinez ,92,12,,1,10/24/25 8:21 AM,10/24/25 8:50 AM,28 minutes and 22 seconds,AM CASHIER
2919 Blanco Rd,AM CASHIER,88,,,1,10/24/25 8:20 AM,10/24/25 8:50 AM,29 minutes and 21 seconds,AM CASHIER
2919 Blanco Rd,AM CASHIER,93,,,1,10/24/25 8:22 AM,10/24/25 8:50 AM,27 minutes and 22 seconds,AM CASHIER
2919 Blanco Rd,samantha lopez,107,17,,1,10/24/25 8:38 AM,10/24/25 8:50 AM,11 minutes and 51 seconds,AM CASHIER
2919 Blanco Rd,samantha lopez,108,19,,1,10/24/25 8:38 AM,10/24/25 8:50 AM,11 minutes and 39 seconds,AM CASHIER
2919 Blanco Rd,Sami Martinez ,109,14,,1,10/24/25 8:39 AM,10/24/25 8:51 AM,12 minutes and 9 seconds,AM CASHIER
2919 Blanco Rd,samantha lopez,115,6,,1,10/24/25 8:49 AM,10/24/25 8:51 AM,2 minutes and 24 seconds,AM CASHIER
2919 Blanco Rd,samantha lopez,121,7,,1,10/24/25 8:54 AM,10/24/25 8:56 AM,1 minute and 30 seconds,AM CASHIER
2919 Blanco Rd,AM CASHIER,116,,,1,10/24/25 8:49 AM,10/24/25 8:56 AM,6 minutes and 52 seconds,AM CASHIER
2919 Blanco Rd,AM CASHIER,104,,,1,10/24/25 8:41 AM,10/24/25 8:56 AM,14 minutes and 47 seconds,AM CASHIER
2919 Blanco Rd,Sami Martinez ,123,5,,1,10/24/25 8:58 AM,10/24/25 9:00 AM,2 minutes and 3 seconds,AM CASHIER
2919 Blanco Rd,samantha lopez,115,6,,1,10/24/25 9:03 AM,10/24/25 9:05 AM,2 minutes and 6 seconds,AM CASHIER
2919 Blanco Rd,Sami Martinez ,123,5,,1,10/24/25 9:06 AM,10/24/25 9:07 AM,59 seconds,AM CASHIER
2919 Blanco Rd,Sami Martinez ,126,8,,1,10/24/25 9:01 AM,10/24/25 9:07 AM,5 minutes and 28 seconds,AM CASHIER
2919 Blanco Rd,samantha lopez,139,3,,1,10/24/25 9:19 AM,10/24/25 9:22 AM,2 minutes and 54 seconds,AM CASHIER
2919 Blanco Rd,samantha lopez,148,2,,1,10/24/25 9:28 AM,10/24/25 9:31 AM,2 minutes and 11 seconds,AM CASHIER
2919 Blanco Rd,Sami Martinez ,123,5,,1,10/24/25 9:29 AM,10/24/25 9:44 AM,15 minutes and 15 seconds,AM CASHIER
2919 Blanco Rd,Sami Martinez ,146,25,,1,10/24/25 9:25 AM,10/24/25 9:44 AM,18 minutes and 49 seconds,AM CASHIER
2919 Blanco Rd,Sami Martinez ,154,6,,1,10/24/25 9:34 AM,10/24/25 9:44 AM,10 minutes and 19 seconds,AM CASHIER
2919 Blanco Rd,Sami Martinez ,154,6,,1,10/24/25 9:39 AM,10/24/25 9:44 AM,4 minutes and 57 seconds,AM CASHIER
2919 Blanco Rd,AM CASHIER,149,,,1,10/24/25 9:30 AM,10/24/25 9:44 AM,14 minutes,AM CASHIER
2919 Blanco Rd,Sami Martinez ,160,8,,1,10/24/25 9:43 AM,10/24/25 9:56 AM,12 minutes and 36 seconds,AM CASHIER
2919 Blanco Rd,samantha lopez,162,19,,1,10/24/25 9:45 AM,10/24/25 9:56 AM,11 minutes and 22 seconds,AM CASHIER
2919 Blanco Rd,samantha lopez,166,2,,1,10/24/25 9:48 AM,10/24/25 9:56 AM,7 minutes and 48 seconds,AM CASHIER
2919 Blanco Rd,Sami Martinez ,168,21,,1,10/24/25 9:50 AM,10/24/25 9:59 AM,8 minutes and 23 seconds,AM CASHIER
2919 Blanco Rd,Sami Martinez ,174,5,,1,10/24/25 9:55 AM,10/24/25 9:59 AM,4 minutes and 37 seconds,AM CASHIER
2919 Blanco Rd,samantha lopez,173,4,,1,10/24/25 9:54 AM,10/24/25 10:03 AM,9 minutes and 21 seconds,AM CASHIER
2919 Blanco Rd,Sami Martinez ,177,25,,1,10/24/25 9:56 AM,10/24/25 10:09 AM,13 minutes and 14 seconds,AM CASHIER
2919 Blanco Rd,samantha lopez,179,3,,1,10/24/25 10:03 AM,10/24/25 10:12 AM,8 minutes and 46 seconds,AM CASHIER
2919 Blanco Rd,samantha lopez,183,17,,1,10/24/25 10:06 AM,10/24/25 10:12 AM,5 minutes and 51 seconds,AM CASHIER
2919 Blanco Rd,AM CASHIER,191,,,1,10/24/25 10:18 AM,10/24/25 10:39 AM,21 minutes and 7 seconds,AM CASHIER
2919 Blanco Rd,Cin Cin,180,,,1,10/24/25 10:04 AM,10/24/25 10:39 AM,34 minutes and 27 seconds,AM CASHIER
2919 Blanco Rd,Cin Cin,193,,,1,10/24/25 10:18 AM,10/24/25 10:39 AM,21 minutes and 6 seconds,AM CASHIER
2919 Blanco Rd,Sami Martinez ,188,8,,1,10/24/25 10:16 AM,10/24/25 10:39 AM,22 minutes and 24 seconds,AM CASHIER
2919 Blanco Rd,AM CASHIER,194,,,1,10/24/25 10:19 AM,10/24/25 10:39 AM,19 minutes and 52 seconds,AM CASHIER
2919 Blanco Rd,samantha lopez,203,6,,1,10/24/25 10:35 AM,10/24/25 10:39 AM,3 minutes and 54 seconds,AM CASHIER
2919 Blanco Rd,AM CASHIER,198,,,1,10/24/25 10:31 AM,10/24/25 10:39 AM,7 minutes and 35 seconds,AM CASHIER
2919 Blanco Rd,AM CASHIER,206,,,1,10/24/25 10:37 AM,10/24/25 10:45 AM,8 minutes and 18 seconds,AM CASHIER
2919 Blanco Rd,AM CASHIER,211,,,1,10/24/25 10:42 AM,10/24/25 10:48 AM,5 minutes and 58 seconds,AM CASHIER
2919 Blanco Rd,AM CASHIER,222,,,1,10/24/25 10:58 AM,10/24/25 11:36 AM,38 minutes and 13 seconds,AM CASHIER
2919 Blanco Rd,AM CASHIER,232,,,1,10/24/25 11:15 AM,10/24/25 11:36 AM,21 minutes and 23 seconds,AM CASHIER
2919 Blanco Rd,Sami Martinez ,229,4,,1,10/24/25 11:09 AM,10/24/25 11:36 AM,26 minutes and 59 seconds,AM CASHIER
2919 Blanco Rd,samantha lopez,236,2,,1,10/24/25 11:18 AM,10/24/25 11:36 AM,17 minutes and 51 seconds,AM CASHIER
2919 Blanco Rd,AM CASHIER,238,,,1,10/24/25 11:22 AM,10/24/25 11:36 AM,14 minutes and 12 seconds,AM CASHIER
2919 Blanco Rd,Sami Martinez ,239,3,,1,10/24/25 11:23 AM,10/24/25 11:36 AM,13 minutes and 1 second,AM CASHIER
2919 Blanco Rd,AM CASHIER,245,,,1,10/24/25 11:25 AM,10/24/25 11:36 AM,11 minutes and 30 seconds,AM CASHIER
2919 Blanco Rd,AM CASHIER,243,,,1,10/24/25 11:28 AM,10/24/25 11:36 AM,8 minutes and 15 seconds,AM CASHIER
2919 Blanco Rd,Sami Martinez ,188,8,,1,10/24/25 11:31 AM,10/24/25 12:29 PM,58 minutes,AM CASHIER
2919 Blanco Rd,AM CASHIER,240,,,1,10/24/25 11:23 AM,10/24/25 12:29 PM,"1 hour, 5 minutes and 43 seconds",AM CASHIER
2919 Blanco Rd,AM CASHIER,251,,,1,10/24/25 11:35 AM,10/24/25 12:29 PM,53 minutes and 29 seconds,AM CASHIER
2919 Blanco Rd,samantha lopez,270,12,,1,10/24/25 12:06 PM,10/24/25 12:29 PM,22 minutes and 44 seconds,AM CASHIER
2919 Blanco Rd,Cin Cin,266,,,1,10/24/25 12:01 PM,10/24/25 12:29 PM,28 minutes and 7 seconds,AM CASHIER
2919 Blanco Rd,samantha lopez,275,7,,1,10/24/25 12:23 PM,10/24/25 1:21 PM,57 minutes and 29 seconds,AM CASHIER
2919 Blanco Rd,AM CASHIER,281,,,1,10/24/25 12:37 PM,10/24/25 1:21 PM,43 minutes and 57 seconds,AM CASHIER
2919 Blanco Rd,Sami Martinez ,272,6,,1,10/24/25 12:17 PM,10/24/25 1:21 PM,"1 hour, 3 minutes and 40 seconds",AM CASHIER
2919 Blanco Rd,Sami Martinez ,273,13,,1,10/24/25 12:22 PM,10/24/25 1:21 PM,59 minutes and 19 seconds,AM CASHIER
2919 Blanco Rd,samantha lopez,285,4,,1,10/24/25 12:41 PM,10/24/25 1:21 PM,40 minutes,AM CASHIER
2919 Blanco Rd,Sami Martinez ,273,13,,1,10/24/25 12:54 PM,10/24/25 1:21 PM,27 minutes and 24 seconds,AM CASHIER
2919 Blanco Rd,Cin Cin,299,,,1,10/24/25 1:14 PM,10/24/25 1:21 PM,6 minutes and 51 seconds,AM CASHIER
2919 Blanco Rd,samantha lopez,305,,,1,10/24/25 1:22 PM,10/24/25 1:38 PM,15 minutes and 39 seconds,AM CASHIER
2919 Blanco Rd,samantha lopez,308,,,1,10/24/25 1:27 PM,10/24/25 1:38 PM,10 minutes and 54 seconds,AM CASHIER
2919 Blanco Rd,samantha lopez,304,3,,1,10/24/25 1:21 PM,10/24/25 1:38 PM,17 minutes and 22 seconds,AM CASHIER
2919 Blanco Rd,samantha lopez,306,,,1,10/24/25 1:27 PM,10/24/25 1:38 PM,11 minutes and 25 seconds,AM CASHIER
2919 Blanco Rd,samantha lopez,328,,,1,10/24/25 2:28 PM,10/24/25 2:52 PM,24 minutes and 7 seconds,AM CASHIER
2919 Blanco Rd,samantha lopez,325,5,,1,10/24/25 2:21 PM,10/24/25 2:52 PM,31 minutes and 33 seconds,AM CASHIER
2919 Blanco Rd,samantha lopez,315,7,,1,10/24/25 1:54 PM,10/24/25 2:52 PM,58 minutes and 34 seconds,AM CASHIER
2919 Blanco Rd,samantha lopez,321,25,,1,10/24/25 2:08 PM,10/24/25 2:52 PM,44 minutes and 9 seconds,AM CASHIER
2919 Blanco Rd,Cin Cin,335,,,1,10/24/25 2:41 PM,10/24/25 2:52 PM,11 minutes and 24 seconds,AM CASHIER
2919 Blanco Rd,samantha lopez,331,3,,1,10/24/25 2:36 PM,10/24/25 2:52 PM,16 minutes and 18 seconds,AM CASHIER
2919 Blanco Rd,samantha lopez,338,6,,1,10/24/25 2:44 PM,10/24/25 3:03 PM,18 minutes and 53 seconds,AM CASHIER
2919 Blanco Rd,samantha lopez,336,,,1,10/24/25 2:45 PM,10/24/25 3:03 PM,17 minutes and 37 seconds,AM CASHIER
2919 Blanco Rd,samantha lopez,343,,,1,10/24/25 2:52 PM,10/24/25 3:05 PM,13 minutes and 3 seconds,AM CASHIER
2919 Blanco Rd,samantha lopez,344,,,1,10/24/25 2:55 PM,10/24/25 6:27 PM,"3 hours, 32 minutes and 19 seconds",AM CASHIER
2919 Blanco Rd,samantha lopez,331,3,,1,10/24/25 3:14 PM,10/24/25 6:28 PM,"3 hours, 13 minutes and 9 seconds",AM CASHIER
2919 Blanco Rd,samantha lopez,348,,,1,10/24/25 4:00 PM,10/24/25 6:28 PM,"2 hours, 27 minutes and 35 seconds",AM CASHIER
2919 Blanco Rd,samantha lopez,354,10,,1,10/24/25 4:20 PM,10/24/25 6:28 PM,"2 hours, 7 minutes and 22 seconds",AM CASHIER
2919 Blanco Rd,samantha lopez,354,10,,1,10/24/25 4:31 PM,10/24/25 6:28 PM,"1 hour, 56 minutes and 41 seconds",AM CASHIER
2919 Blanco Rd,samantha lopez,355,,,1,10/24/25 4:20 PM,10/24/25 6:28 PM,"2 hours, 7 minutes and 12 seconds",AM CASHIER
2919 Blanco Rd,samantha lopez,354,10,,1,10/24/25 4:33 PM,10/24/25 6:28 PM,"1 hour, 54 minutes and 48 seconds",AM CASHIER
2919 Blanco Rd,samantha lopez,356,3,,1,10/24/25 4:36 PM,10/24/25 6:28 PM,"1 hour, 51 minutes and 27 seconds",AM CASHIER
2919 Blanco Rd,samantha lopez,361,12,,1,10/24/25 5:01 PM,10/24/25 6:28 PM,"1 hour, 26 minutes and 48 seconds",AM CASHIER
2919 Blanco Rd,samantha lopez,356,3,,1,10/24/25 5:03 PM,10/24/25 6:28 PM,"1 hour, 25 minutes and 1 second",AM CASHIER
2919 Blanco Rd,samantha lopez,365,,,1,10/24/25 5:30 PM,10/24/25 6:28 PM,58 minutes and 3 seconds,AM CASHIER
2919 Blanco Rd,samantha lopez,368,21,,1,10/24/25 5:51 PM,10/24/25 6:28 PM,37 minutes and 5 seconds,AM CASHIER
2919 Blanco Rd,samantha lopez,373,7,,1,10/24/25 6:03 PM,10/24/25 6:28 PM,24 minutes and 55 seconds,AM CASHIER
2919 Blanco Rd,samantha lopez,383,5,,1,10/24/25 6:57 PM,10/24/25 7:15 PM,18 minutes and 2 seconds,AM CASHIER
