Location,Order #,Opened Date,Server,Table,Discount Name,Discount Reason,Comment,Discount Amount
Tink a Tako #9 - Blanco Rd - 2919 Blanco Rd,284,10/25/25 2:19 PM,AM CASHIER,,Open % Check,,,1.61
Tink a Tako #9 - Blanco Rd - 2919 Blanco Rd,5,10/25/25 6:48 AM,Maria  Salazar,14,Open % Item,,,2.70
Tink a Tako #9 - Blanco Rd - 2919 Blanco Rd,5,10/25/25 6:48 AM,Maria  Salazar,14,Open % Item,,,2.84
Tink a Tako #9 - Blanco Rd - 2919 Blanco Rd,3,10/25/25 6:34 AM,Maria  Salazar,7,Employee Discount - Check,Employee Discount,Maria salazar,12.75
