Location,Server,Check #,Table,Station,Expediter Level,Fired Date,Fulfilled Date,Fulfillment Time,Fulfilled By
2919 Blanco Rd,Maria  Salazar,2,18,,1,10/25/25 6:19 AM,10/25/25 8:36 AM,"2 hours, 17 minutes and 1 second",AM CASHIER
2919 Blanco Rd,AM CASHIER,1,,,1,10/25/25 6:03 AM,10/25/25 8:36 AM,"2 hours, 33 minutes and 25 seconds",AM CASHIER
2919 Blanco Rd,Maria  Salazar,3,7,,1,10/25/25 6:35 AM,10/25/25 8:36 AM,"2 hours, 1 minute and 26 seconds",AM CASHIER
2919 Blanco Rd,Maria  Salazar,5,14,,1,10/25/25 6:49 AM,10/25/25 8:36 AM,"1 hour, 47 minutes and 42 seconds",AM CASHIER
2919 Blanco Rd,Cin Cin,19,,,1,10/25/25 8:06 AM,10/25/25 8:36 AM,30 minutes and 37 seconds,AM CASHIER
2919 Blanco Rd,AM CASHIER,25,,,1,10/25/25 8:11 AM,10/25/25 8:36 AM,25 minutes and 34 seconds,AM CASHIER
2919 Blanco Rd,Sami Martinez ,38,6,,1,10/25/25 8:42 AM,10/25/25 8:58 AM,15 minutes and 37 seconds,AM CASHIER
2919 Blanco Rd,Martina Ovalle ,32,4,,1,10/25/25 8:25 AM,10/25/25 8:58 AM,32 minutes and 33 seconds,AM CASHIER
2919 Blanco Rd,Cin Cin,54,,,1,10/25/25 9:00 AM,10/25/25 9:08 AM,7 minutes and 53 seconds,AM CASHIER
2919 Blanco Rd,Sami Martinez ,38,6,,1,10/25/25 8:39 AM,10/25/25 9:08 AM,28 minutes and 38 seconds,AM CASHIER
2919 Blanco Rd,AM CASHIER,47,,,1,10/25/25 8:51 AM,10/25/25 9:08 AM,16 minutes and 44 seconds,AM CASHIER
2919 Blanco Rd,AM CASHIER,48,,,1,10/25/25 8:52 AM,10/25/25 9:08 AM,15 minutes and 42 seconds,AM CASHIER
2919 Blanco Rd,Martina Ovalle ,58,15,,1,10/25/25 9:15 AM,10/25/25 9:20 AM,4 minutes and 50 seconds,AM CASHIER
2919 Blanco Rd,Sami Martinez ,55,21,,1,10/25/25 9:03 AM,10/25/25 9:20 AM,16 minutes and 40 seconds,AM CASHIER
2919 Blanco Rd,Martina Ovalle ,52,3,,1,10/25/25 9:00 AM,10/25/25 9:20 AM,19 minutes and 7 seconds,AM CASHIER
2919 Blanco Rd,AM CASHIER,57,,,1,10/25/25 9:13 AM,10/25/25 9:20 AM,7 minutes and 3 seconds,AM CASHIER
2919 Blanco Rd,AM CASHIER,68,,,1,10/25/25 9:28 AM,10/25/25 9:42 AM,13 minutes and 56 seconds,AM CASHIER
2919 Blanco Rd,Cin Cin,71,,,1,10/25/25 9:32 AM,10/25/25 9:42 AM,9 minutes and 22 seconds,AM CASHIER
2919 Blanco Rd,AM CASHIER,61,,,1,10/25/25 9:18 AM,10/25/25 9:42 AM,23 minutes and 42 seconds,AM CASHIER
2919 Blanco Rd,Martina Ovalle ,73,6,,1,10/25/25 9:39 AM,10/25/25 9:49 AM,9 minutes and 59 seconds,AM CASHIER
2919 Blanco Rd,Sami Martinez ,72,19,,1,10/25/25 9:35 AM,10/25/25 9:49 AM,14 minutes and 13 seconds,AM CASHIER
2919 Blanco Rd,Sami Martinez ,76,2,,1,10/25/25 9:43 AM,10/25/25 9:49 AM,6 minutes and 26 seconds,AM CASHIER
2919 Blanco Rd,Cin Cin,82,,,1,10/25/25 9:52 AM,10/25/25 10:08 AM,15 minutes and 52 seconds,AM CASHIER
2919 Blanco Rd,Martina Ovalle ,87,5,,1,10/25/25 9:55 AM,10/25/25 10:08 AM,13 minutes and 37 seconds,AM CASHIER
2919 Blanco Rd,Martina Ovalle ,79,8,,1,10/25/25 9:49 AM,10/25/25 10:08 AM,19 minutes and 40 seconds,AM CASHIER
2919 Blanco Rd,Sami Martinez ,89,3,,1,10/25/25 9:56 AM,10/25/25 10:14 AM,17 minutes and 31 seconds,AM CASHIER
2919 Blanco Rd,Martina Ovalle ,92,4,,1,10/25/25 9:59 AM,10/25/25 10:14 AM,14 minutes and 41 seconds,AM CASHIER
2919 Blanco Rd,Sami Martinez ,90,7,,1,10/25/25 9:58 AM,10/25/25 10:14 AM,15 minutes and 53 seconds,AM CASHIER
2919 Blanco Rd,Martina Ovalle ,95,25,,1,10/25/25 10:04 AM,10/25/25 10:14 AM,9 minutes and 39 seconds,AM CASHIER
2919 Blanco Rd,Sami Martinez ,96,1,,1,10/25/25 10:05 AM,10/25/25 10:15 AM,10 minutes and 14 seconds,AM CASHIER
2919 Blanco Rd,Sami Martinez ,97,15,,1,10/25/25 10:06 AM,10/25/25 10:15 AM,9 minutes and 22 seconds,AM CASHIER
2919 Blanco Rd,Martina Ovalle ,103,22,,1,10/25/25 10:10 AM,10/25/25 10:32 AM,22 minutes and 20 seconds,AM CASHIER
2919 Blanco Rd,Cin Cin,111,,,1,10/25/25 10:18 AM,10/25/25 10:32 AM,13 minutes and 58 seconds,AM CASHIER
2919 Blanco Rd,Sami Martinez ,112,6,,1,10/25/25 10:18 AM,10/25/25 10:32 AM,13 minutes and 42 seconds,AM CASHIER
2919 Blanco Rd,Martina Ovalle ,114,17,,1,10/25/25 10:19 AM,10/25/25 10:32 AM,13 minutes and 17 seconds,AM CASHIER
2919 Blanco Rd,AM CASHIER,110,,,1,10/25/25 10:23 AM,10/25/25 10:32 AM,8 minutes and 46 seconds,AM CASHIER
2919 Blanco Rd,Martina Ovalle ,119,13,,1,10/25/25 10:25 AM,10/25/25 10:32 AM,7 minutes and 39 seconds,AM CASHIER
2919 Blanco Rd,Martina Ovalle ,119,13,,1,10/25/25 10:31 AM,10/25/25 10:32 AM,1 minute and 36 seconds,AM CASHIER
2919 Blanco Rd,Sami Martinez ,118,2,,1,10/25/25 10:24 AM,10/25/25 10:45 AM,20 minutes and 45 seconds,AM CASHIER
2919 Blanco Rd,Martina Ovalle ,92,4,,1,10/25/25 10:30 AM,10/25/25 10:45 AM,14 minutes and 41 seconds,AM CASHIER
2919 Blanco Rd,Sami Martinez ,112,6,,1,10/25/25 10:32 AM,10/25/25 10:45 AM,13 minutes and 31 seconds,AM CASHIER
2919 Blanco Rd,Martina Ovalle ,103,22,,1,10/25/25 10:35 AM,10/25/25 11:03 AM,27 minutes and 31 seconds,AM CASHIER
2919 Blanco Rd,Sami Martinez ,125,25,,1,10/25/25 10:34 AM,10/25/25 11:03 AM,28 minutes and 39 seconds,AM CASHIER
2919 Blanco Rd,Martina Ovalle ,127,5,,1,10/25/25 10:35 AM,10/25/25 11:03 AM,27 minutes and 56 seconds,AM CASHIER
2919 Blanco Rd,Martina Ovalle ,114,17,,1,10/25/25 10:36 AM,10/25/25 11:03 AM,27 minutes and 2 seconds,AM CASHIER
2919 Blanco Rd,Sami Martinez ,134,19,,1,10/25/25 10:45 AM,10/25/25 11:03 AM,18 minutes and 11 seconds,AM CASHIER
2919 Blanco Rd,AM CASHIER,136,,,1,10/25/25 10:48 AM,10/25/25 11:03 AM,14 minutes and 53 seconds,AM CASHIER
2919 Blanco Rd,AM CASHIER,138,,,1,10/25/25 10:49 AM,10/25/25 11:03 AM,14 minutes and 11 seconds,AM CASHIER
2919 Blanco Rd,AM CASHIER,145,,,1,10/25/25 10:55 AM,10/25/25 11:03 AM,8 minutes and 2 seconds,AM CASHIER
2919 Blanco Rd,AM CASHIER,140,,,1,10/25/25 10:51 AM,10/25/25 11:03 AM,11 minutes and 42 seconds,AM CASHIER
2919 Blanco Rd,Cin Cin,159,,,1,10/25/25 11:08 AM,10/25/25 11:20 AM,11 minutes and 16 seconds,AM CASHIER
2919 Blanco Rd,Martina Ovalle ,155,12,,1,10/25/25 11:05 AM,10/25/25 11:20 AM,15 minutes and 1 second,AM CASHIER
2919 Blanco Rd,AM CASHIER,160,,,1,10/25/25 11:09 AM,10/25/25 11:39 AM,30 minutes and 40 seconds,AM CASHIER
2919 Blanco Rd,Martina Ovalle ,165,15,,1,10/25/25 11:17 AM,10/25/25 11:39 AM,22 minutes and 39 seconds,AM CASHIER
2919 Blanco Rd,Sami Martinez ,162,13,,1,10/25/25 11:12 AM,10/25/25 11:39 AM,27 minutes and 26 seconds,AM CASHIER
2919 Blanco Rd,Sami Martinez ,168,8,,1,10/25/25 11:18 AM,10/25/25 11:39 AM,21 minutes and 10 seconds,AM CASHIER
2919 Blanco Rd,Sami Martinez ,134,19,,1,10/25/25 11:21 AM,10/25/25 11:39 AM,18 minutes and 36 seconds,AM CASHIER
2919 Blanco Rd,AM CASHIER,170,,,1,10/25/25 11:19 AM,10/25/25 11:39 AM,20 minutes and 7 seconds,AM CASHIER
2919 Blanco Rd,AM CASHIER,176,,,1,10/25/25 11:30 AM,10/25/25 11:39 AM,9 minutes and 10 seconds,AM CASHIER
2919 Blanco Rd,Sami Martinez ,168,8,,1,10/25/25 11:25 AM,10/25/25 11:39 AM,14 minutes and 35 seconds,AM CASHIER
2919 Blanco Rd,AM CASHIER,174,,,1,10/25/25 11:25 AM,10/25/25 11:39 AM,14 minutes and 13 seconds,AM CASHIER
2919 Blanco Rd,Martina Ovalle ,171,1,,1,10/25/25 11:23 AM,10/25/25 11:39 AM,16 minutes and 45 seconds,AM CASHIER
2919 Blanco Rd,Sami Martinez ,168,8,,1,10/25/25 11:33 AM,10/25/25 12:11 PM,38 minutes and 40 seconds,AM CASHIER
2919 Blanco Rd,Sami Martinez ,169,22,,1,10/25/25 11:33 AM,10/25/25 12:11 PM,37 minutes and 53 seconds,AM CASHIER
2919 Blanco Rd,Martina Ovalle ,181,2,,1,10/25/25 11:36 AM,10/25/25 12:11 PM,34 minutes and 54 seconds,AM CASHIER
2919 Blanco Rd,Cin Cin,183,,,1,10/25/25 11:38 AM,10/25/25 12:11 PM,33 minutes and 41 seconds,AM CASHIER
2919 Blanco Rd,Sami Martinez ,190,4,,1,10/25/25 11:53 AM,10/25/25 12:11 PM,18 minutes and 2 seconds,AM CASHIER
2919 Blanco Rd,Sami Martinez ,169,22,,1,10/25/25 12:05 PM,10/25/25 12:11 PM,6 minutes and 48 seconds,AM CASHIER
2919 Blanco Rd,Martina Ovalle ,195,14,,1,10/25/25 12:04 PM,10/25/25 12:11 PM,7 minutes and 43 seconds,AM CASHIER
2919 Blanco Rd,AM CASHIER,215,,,1,10/25/25 12:24 PM,10/25/25 12:38 PM,14 minutes and 28 seconds,AM CASHIER
2919 Blanco Rd,Martina Ovalle ,210,1,,1,10/25/25 12:18 PM,10/25/25 12:38 PM,20 minutes and 25 seconds,AM CASHIER
2919 Blanco Rd,Sami Martinez ,199,6,,1,10/25/25 12:08 PM,10/25/25 12:38 PM,29 minutes and 58 seconds,AM CASHIER
2919 Blanco Rd,Sami Martinez ,213,3,,1,10/25/25 12:22 PM,10/25/25 12:38 PM,16 minutes and 44 seconds,AM CASHIER
2919 Blanco Rd,Martina Ovalle ,229,3,,1,10/25/25 12:47 PM,10/25/25 1:08 PM,20 minutes and 36 seconds,AM CASHIER
2919 Blanco Rd,AM CASHIER,230,,,1,10/25/25 12:42 PM,10/25/25 1:08 PM,26 minutes and 7 seconds,AM CASHIER
2919 Blanco Rd,Sami Martinez ,223,2,,1,10/25/25 12:35 PM,10/25/25 1:08 PM,33 minutes and 4 seconds,AM CASHIER
2919 Blanco Rd,Martina Ovalle ,220,5,,1,10/25/25 12:31 PM,10/25/25 1:08 PM,36 minutes and 50 seconds,AM CASHIER
2919 Blanco Rd,Martina Ovalle ,229,3,,1,10/25/25 12:41 PM,10/25/25 1:08 PM,26 minutes and 58 seconds,AM CASHIER
2919 Blanco Rd,Sami Martinez ,231,25,,1,10/25/25 12:45 PM,10/25/25 1:08 PM,23 minutes and 29 seconds,AM CASHIER
2919 Blanco Rd,Sami Martinez ,233,4,,1,10/25/25 12:50 PM,10/25/25 1:08 PM,17 minutes and 55 seconds,AM CASHIER
2919 Blanco Rd,AM CASHIER,236,,,1,10/25/25 12:55 PM,10/25/25 1:08 PM,12 minutes and 39 seconds,AM CASHIER
2919 Blanco Rd,Martina Ovalle ,240,6,,1,10/25/25 1:00 PM,10/25/25 1:08 PM,8 minutes and 28 seconds,AM CASHIER
2919 Blanco Rd,Martina Ovalle ,241,13,,1,10/25/25 1:02 PM,10/25/25 1:10 PM,8 minutes and 43 seconds,AM CASHIER
2919 Blanco Rd,Martina Ovalle ,243,1,,1,10/25/25 1:05 PM,10/25/25 1:20 PM,14 minutes and 54 seconds,AM CASHIER
2919 Blanco Rd,Martina Ovalle ,241,13,,1,10/25/25 1:08 PM,10/25/25 1:20 PM,12 minutes and 4 seconds,AM CASHIER
2919 Blanco Rd,Sami Martinez ,233,4,,1,10/25/25 1:11 PM,10/25/25 1:25 PM,14 minutes and 22 seconds,AM CASHIER
2919 Blanco Rd,Sami Martinez ,248,19,,1,10/25/25 1:13 PM,10/25/25 1:25 PM,12 minutes and 31 seconds,AM CASHIER
2919 Blanco Rd,Martina Ovalle ,247,8,,1,10/25/25 1:13 PM,10/25/25 1:25 PM,12 minutes and 34 seconds,AM CASHIER
2919 Blanco Rd,AM CASHIER,252,,,1,10/25/25 1:19 PM,10/25/25 1:25 PM,5 minutes and 56 seconds,AM CASHIER
2919 Blanco Rd,Sami Martinez ,251,15,,1,10/25/25 1:17 PM,10/25/25 1:25 PM,7 minutes and 56 seconds,AM CASHIER
2919 Blanco Rd,Sami Martinez ,231,25,,1,10/25/25 1:22 PM,10/25/25 1:25 PM,3 minutes and 34 seconds,AM CASHIER
2919 Blanco Rd,Martina Ovalle ,240,6,,1,10/25/25 1:24 PM,10/25/25 2:11 PM,46 minutes and 42 seconds,AM CASHIER
2919 Blanco Rd,AM CASHIER,255,7,,1,10/25/25 1:27 PM,10/25/25 2:51 PM,"1 hour, 23 minutes and 41 seconds",AM CASHIER
2919 Blanco Rd,AM CASHIER,261,,,1,10/25/25 1:37 PM,10/25/25 2:51 PM,"1 hour, 14 minutes and 22 seconds",AM CASHIER
2919 Blanco Rd,AM CASHIER,255,7,,1,10/25/25 1:23 PM,10/25/25 2:51 PM,"1 hour, 28 minutes and 4 seconds",AM CASHIER
2919 Blanco Rd,Sami Martinez ,248,19,,1,10/25/25 1:29 PM,10/25/25 2:51 PM,"1 hour, 22 minutes and 9 seconds",AM CASHIER
2919 Blanco Rd,Sami Martinez ,257,5,,1,10/25/25 1:32 PM,10/25/25 2:51 PM,"1 hour, 19 minutes and 37 seconds",AM CASHIER
2919 Blanco Rd,AM CASHIER,255,7,,1,10/25/25 1:41 PM,10/25/25 2:51 PM,"1 hour, 10 minutes and 42 seconds",AM CASHIER
2919 Blanco Rd,Sami Martinez ,269,12,,1,10/25/25 1:45 PM,10/25/25 2:51 PM,"1 hour, 5 minutes and 54 seconds",AM CASHIER
2919 Blanco Rd,Martina Ovalle ,268,17,,1,10/25/25 1:45 PM,10/25/25 2:51 PM,"1 hour, 6 minutes and 38 seconds",AM CASHIER
2919 Blanco Rd,Sami Martinez ,267,22,,1,10/25/25 1:46 PM,10/25/25 2:51 PM,"1 hour, 5 minutes and 43 seconds",AM CASHIER
2919 Blanco Rd,Martina Ovalle ,268,17,,1,10/25/25 2:10 PM,10/25/25 2:55 PM,45 minutes and 4 seconds,AM CASHIER
2919 Blanco Rd,Sami Martinez ,281,10,,1,10/25/25 2:09 PM,10/25/25 2:55 PM,46 minutes and 27 seconds,AM CASHIER
2919 Blanco Rd,AM CASHIER,284,,,1,10/25/25 2:19 PM,10/25/25 2:55 PM,35 minutes and 48 seconds,AM CASHIER
2919 Blanco Rd,Sami Martinez ,294,7,,1,10/25/25 2:58 PM,10/25/25 4:47 PM,"1 hour, 49 minutes and 16 seconds",AM CASHIER
2919 Blanco Rd,Sami Martinez ,290,8,,1,10/25/25 2:49 PM,10/25/25 4:47 PM,"1 hour, 57 minutes and 24 seconds",AM CASHIER
2919 Blanco Rd,Sami Martinez ,289,14,,1,10/25/25 2:44 PM,10/25/25 4:47 PM,"2 hours, 2 minutes and 36 seconds",AM CASHIER
2919 Blanco Rd,Sami Martinez ,290,8,,1,10/25/25 2:55 PM,10/25/25 4:47 PM,"1 hour, 51 minutes and 53 seconds",AM CASHIER
2919 Blanco Rd,Sami Martinez ,299,5,,1,10/25/25 3:07 PM,10/25/25 4:47 PM,"1 hour, 39 minutes and 30 seconds",AM CASHIER
2919 Blanco Rd,Sami Martinez ,307,3,,1,10/25/25 4:32 PM,10/25/25 4:47 PM,14 minutes and 56 seconds,AM CASHIER
2919 Blanco Rd,Sami Martinez ,310,5,,1,10/25/25 5:17 PM,10/25/25 6:22 PM,"1 hour, 5 minutes and 17 seconds",AM CASHIER
2919 Blanco Rd,Sami Martinez ,328,18,,1,10/25/25 7:38 PM,10/25/25 8:18 PM,40 minutes and 26 seconds,AM CASHIER
2919 Blanco Rd,AM CASHIER,323,,,1,10/25/25 7:13 PM,10/25/25 8:18 PM,"1 hour, 5 minutes and 26 seconds",AM CASHIER
2919 Blanco Rd,Sami Martinez ,329,,,1,10/25/25 7:44 PM,10/25/25 8:18 PM,34 minutes and 26 seconds,AM CASHIER
2919 Blanco Rd,Sami Martinez ,328,18,,1,10/25/25 7:59 PM,10/25/25 8:18 PM,19 minutes and 27 seconds,AM CASHIER
