,Location,Employee,Job Title,In Date,Shift Closed Date,Out Date,Hours,Cash Tips Decl.,Cash on Hand,Cash in Drawer,Non-Cash Tips,Cash Gratuity,Non-Cash Gratuity,Tips Withheld,Non-Cash Sales,Cash Sales,Total Sales,Cash Collected?,Tips Paid?,Open,Paid,Closed,Tip Share Total
800000031159822648,2919 Blanco Rd,Cin Cin,Drive-Thru,10/25/25 5:26 AM,10/25/25 1:59 PM,10/25/25 2:11 PM,8.75,,0.00,558.43,70.00,0.00,0.00,0.00,1584.96,558.43,2143.39,yes,yes,0,0,143,0.00
800000031159833215,2919 Blanco Rd,AM CASHIER,General Manager,10/25/25 5:34 AM,10/25/25 2:02 PM,10/25/25 2:02 PM,8.47,,0.00,248.64,6.20,0.00,0.00,0.00,147.55,248.64,396.19,yes,yes,0,0,26,0.00
800000031159905756,2919 Blanco Rd,Maria  Salazar,Shift Manager / Assistant Manager,10/25/25 6:09 AM,10/25/25 1:25 PM,10/25/25 2:25 PM,8.28,,0.00,32.12,5.00,0.00,0.00,0.00,19.93,32.12,52.05,yes,yes,0,0,3,0.00
800000031160935015,2919 Blanco Rd,Martina Ovalle ,Server,10/25/25 8:01 AM,10/25/25 1:56 PM,10/25/25 1:57 PM,5.93,,0.00,40.24,96.57,0.00,9.62,0.00,680.01,40.24,720.25,yes,yes,0,0,26,0.00
800000031160960515,2919 Blanco Rd,Sami Martinez ,Server,10/25/25 8:02 AM,10/25/25 2:01 PM,10/25/25 2:01 PM,5.98,,0.00,275.55,43.21,0.00,21.26,0.00,406.30,275.55,681.85,yes,yes,0,0,22,0.00
800000031177485555,2919 Blanco Rd,Martina Ovalle ,Drive-Thru,10/25/25 1:57 PM,10/25/25 7:58 PM,10/26/25 4:00 AM,14.04,0.00,0.00,162.78,25.79,0.00,0.00,0.00,362.85,162.78,525.63,yes,yes,0,0,30,0.00
800000031177768307,2919 Blanco Rd,Sami Martinez ,Server,10/25/25 2:01 PM,10/25/25 8:01 PM,10/25/25 8:18 PM,6.28,,0.00,114.45,17.00,0.00,8.26,0.00,334.64,114.45,449.09,yes,yes,0,0,13,0.00
800000031177804462,2919 Blanco Rd,AM CASHIER,General Manager,10/25/25 2:02 PM,10/25/25 8:01 PM,10/26/25 4:00 AM,13.96,0.00,0.00,20.42,0.00,0.00,0.00,0.00,0.00,20.42,20.42,yes,yes,0,0,3,0.00
