Order #,Opened Date,Void Date,Server,Approver,Item Name,Reason,Item Quantity,Total Price
53,10/25/25 8:54 AM,10/25/25 10:08 AM,AM CASHIER,AM CASHIER,Huevo a la mex Taco,Customer Changed Mind,2.0,6.50
8002,10/25/25 11:07 AM,10/25/25 11:25 AM,Cin Cin,AM CASHIER,Huevos Ranchero Plate,Customer Changed Mind,1.0,7.99
8002,10/25/25 11:07 AM,10/25/25 11:25 AM,Cin Cin,AM CASHIER,Side Ham,Customer Changed Mind,1.0,2.99
8002,10/25/25 11:07 AM,10/25/25 11:25 AM,Cin Cin,AM CASHIER,Side potatoes,Customer Changed Mind,1.0,2.00
8002,10/25/25 11:07 AM,10/25/25 11:25 AM,Cin Cin,AM CASHIER,(1) flour tort,Customer Changed Mind,2.0,1.00
198,10/25/25 12:06 PM,10/25/25 12:12 PM,Cin Cin,Cinthia Patlan,Coffee?. ,Customer Changed Mind,1.0,2.75
260,10/25/25 1:33 PM,10/25/25 2:00 PM,Maria  Salazar,AM CASHIER,Sweet Tea,Server Error,1.0,3.45
