Location,Order #,Opened Date,Server,Table,Discount Name,Discount Reason,Comment,Discount Amount
Sandra's Cuisine - Potranco - 12060 Potranco Road,221,10/27/25 7:35 PM,Adrian Morales,,Employee Discount - Check,Employee Discount,Employee,1.80
Sandra's Cuisine - Potranco - 12060 Potranco Road,181,10/27/25 2:31 PM,Mario Jimenez,,Open % Check,,,3.90
Sandra's Cuisine - Potranco - 12060 Potranco Road,179,10/27/25 2:17 PM,Adrian Morales,26,Reward Dollars,,,6.90
Sandra's Cuisine - Potranco - 12060 Potranco Road,179,10/27/25 2:17 PM,Adrian Morales,26,Open % Item,,,0.50
Sandra's Cuisine - Potranco - 12060 Potranco Road,179,10/27/25 2:17 PM,Adrian Morales,26,Open % Item,,,1.30
Sandra's Cuisine - Potranco - 12060 Potranco Road,163,10/27/25 1:24 PM,Leticia Roman,2,Reward Dollars,,,5.00
Sandra's Cuisine - Potranco - 12060 Potranco Road,114,10/27/25 11:47 AM,Sugey Cabrera,8,Reward Dollars,,,1.30
Sandra's Cuisine - Potranco - 12060 Potranco Road,106,10/27/25 11:25 AM,Leticia Roman,3,Open % Check,,,2.85
Sandra's Cuisine - Potranco - 12060 Potranco Road,100,10/27/25 11:17 AM,Melissa  Urena,,Open % Item,,,0.20
Sandra's Cuisine - Potranco - 12060 Potranco Road,96,10/27/25 11:10 AM,Sugey Cabrera,8,Reward Dollars,,,2.85
Sandra's Cuisine - Potranco - 12060 Potranco Road,67,10/27/25 10:03 AM,Leticia Roman,35,Open % Item,,,1.20
Sandra's Cuisine - Potranco - 12060 Potranco Road,56,10/27/25 9:34 AM,Sugey Cabrera,,Employee Discount - Check,Employee Discount,Employee,17.98
Sandra's Cuisine - Potranco - 12060 Potranco Road,47,10/27/25 9:13 AM,Sugey Cabrera,,Open $ Check,,,3.99
Sandra's Cuisine - Potranco - 12060 Potranco Road,36,10/27/25 8:44 AM,Sugey Cabrera,12,Reward Dollars,,,6.45
Sandra's Cuisine - Potranco - 12060 Potranco Road,15,10/27/25 7:42 AM,Sugey Cabrera,16,Open % Item,,,0.35
Sandra's Cuisine - Potranco - 12060 Potranco Road,15,10/27/25 7:42 AM,Sugey Cabrera,16,Open % Item,,,0.20
