Location,Order #,Opened,# of Guests,Server,Table,Discount Amount,Amount,Tax,Tip,Gratuity
12060 Potranco Road,1,10/27/25 6:31 AM,1,Sugey Cabrera,,0.00,6.97,0.57,0.00,0.00
12060 Potranco Road,2,10/27/25 6:53 AM,1,Melissa  Urena,,0.00,2.49,0.21,0.00,0.00
12060 Potranco Road,3,10/27/25 6:53 AM,1,Melissa  Urena,,0.00,13.17,1.09,0.00,0.00
12060 Potranco Road,4,10/27/25 7:00 AM,1,Melissa  Urena,,0.00,15.26,1.26,0.00,0.00
12060 Potranco Road,5,10/27/25 7:02 AM,1,Melissa  Urena,,0.00,6.57,0.55,0.00,0.00
12060 Potranco Road,6,10/27/25 7:15 AM,1,Melissa  Urena,,0.00,26.55,2.20,2.00,0.00
12060 Potranco Road,7,10/27/25 7:20 AM,1,Melissa  Urena,,0.00,4.58,0.38,2.00,0.00
12060 Potranco Road,8,10/27/25 7:28 AM,1,Melissa  Urena,,0.00,11.16,0.92,0.00,0.00
12060 Potranco Road,9,10/27/25 7:28 AM,2,Leticia Roman,2,0.00,20.42,1.69,0.00,0.00
12060 Potranco Road,10,10/27/25 7:29 AM,1,Melissa  Urena,,0.00,14.05,1.15,0.00,0.00
12060 Potranco Road,11,10/27/25 7:35 AM,1,Melissa  Urena,,0.00,5.57,0.46,0.00,0.00
12060 Potranco Road,13,10/27/25 7:39 AM,1,Sugey Cabrera,15,0.00,5.98,0.50,0.00,0.00
12060 Potranco Road,14,10/27/25 7:40 AM,1,Melissa  Urena,,0.00,29.49,2.43,1.00,0.00
12060 Potranco Road,15,10/27/25 7:42 AM,1,Sugey Cabrera,16,0.55,4.93,0.41,0.00,0.00
12060 Potranco Road,16,10/27/25 7:45 AM,2,Leticia Roman,20,0.00,41.29,3.42,6.68,0.00
12060 Potranco Road,17,10/27/25 7:47 AM,1,Melissa  Urena,,0.00,0.00,0.00,0.00,0.00
12060 Potranco Road,18,10/27/25 7:49 AM,1,Melissa  Urena,,0.00,7.16,0.59,0.00,0.00
12060 Potranco Road,19,10/27/25 7:50 AM,1,Melissa  Urena,,0.00,29.52,2.45,0.00,0.00
12060 Potranco Road,20,10/27/25 7:51 AM,1,Melissa  Urena,,0.00,12.36,1.02,2.00,0.00
12060 Potranco Road,21,10/27/25 7:55 AM,1,Melissa  Urena,,0.00,10.58,0.87,0.00,0.00
12060 Potranco Road,22,10/27/25 7:56 AM,1,Melissa  Urena,,0.00,8.99,0.74,1.00,0.00
12060 Potranco Road,23,10/27/25 7:56 AM,1,Sugey Cabrera,18,0.00,13.98,1.16,3.00,0.00
12060 Potranco Road,24,10/27/25 7:57 AM,1,Melissa  Urena,,0.00,8.27,0.69,1.04,0.00
12060 Potranco Road,25,10/27/25 8:00 AM,1,Melissa  Urena,,0.00,4.39,0.36,0.00,0.00
12060 Potranco Road,26,10/27/25 8:02 AM,2,Sugey Cabrera,3,0.00,15.44,1.28,5.00,0.00
12060 Potranco Road,27,10/27/25 8:06 AM,1,Melissa  Urena,,0.00,12.77,1.05,2.00,0.00
12060 Potranco Road,28,10/27/25 8:07 AM,1,Sugey Cabrera,,0.00,15.77,1.30,0.00,0.00
12060 Potranco Road,31,10/27/25 8:30 AM,1,Melissa  Urena,,0.00,16.85,1.38,0.00,0.00
12060 Potranco Road,32,10/27/25 8:36 AM,2,Leticia Roman,14,0.00,25.46,2.10,10.00,0.00
12060 Potranco Road,34,10/27/25 8:40 AM,1,Sugey Cabrera,,0.00,8.57,0.71,0.00,0.00
12060 Potranco Road,33,10/27/25 8:40 AM,1,Leticia Roman,,0.00,7.36,0.60,0.00,0.00
12060 Potranco Road,35,10/27/25 8:41 AM,1,Leticia Roman,,0.00,9.96,0.82,0.00,0.00
12060 Potranco Road,36,10/27/25 8:44 AM,1,Sugey Cabrera,12,6.45,5.53,0.46,5.00,0.00
12060 Potranco Road,37,10/27/25 8:52 AM,5,Leticia Roman,2,0.00,50.20,4.15,12.00,0.00
12060 Potranco Road,38,10/27/25 8:52 AM,1,Melissa  Urena,,0.00,9.66,0.79,0.00,0.00
12060 Potranco Road,40,10/27/25 8:56 AM,1,Melissa  Urena,,0.00,3.58,0.30,0.00,0.00
12060 Potranco Road,41,10/27/25 8:56 AM,1,Melissa  Urena,,0.00,9.99,0.82,0.00,0.00
12060 Potranco Road,42,10/27/25 8:57 AM,1,Melissa  Urena,,0.00,11.57,0.96,0.00,0.00
12060 Potranco Road,43,10/27/25 8:59 AM,1,Melissa  Urena,,0.00,25.24,2.08,0.00,0.00
12060 Potranco Road,44,10/27/25 9:03 AM,1,Melissa  Urena,,0.00,8.36,0.69,3.00,0.00
12060 Potranco Road,45,10/27/25 9:07 AM,1,Melissa  Urena,,0.00,8.47,0.70,0.00,0.00
12060 Potranco Road,46,10/27/25 9:13 AM,1,Melissa  Urena,,0.00,9.27,0.77,5.00,0.00
12060 Potranco Road,47,10/27/25 9:13 AM,1,Sugey Cabrera,,3.99,2.88,0.24,0.00,0.00
12060 Potranco Road,49,10/27/25 9:17 AM,3,Leticia Roman,20,0.00,40.96,3.39,0.00,0.00
12060 Potranco Road,51,10/27/25 9:21 AM,1,Melissa  Urena,,0.00,3.98,0.33,0.00,0.00
12060 Potranco Road,50,10/27/25 9:21 AM,2,Sugey Cabrera,12,0.00,29.32,2.42,10.00,0.00
12060 Potranco Road,52,10/27/25 9:22 AM,1,Melissa  Urena,,0.00,16.30,1.34,2.00,0.00
12060 Potranco Road,53,10/27/25 9:27 AM,1,Melissa  Urena,,0.00,9.37,0.77,0.00,0.00
12060 Potranco Road,54,10/27/25 9:30 AM,2,Sugey Cabrera,27,0.00,31.54,2.60,3.00,0.00
12060 Potranco Road,55,10/27/25 9:32 AM,1,Melissa  Urena,,0.00,12.14,1.00,0.00,0.00
12060 Potranco Road,57,10/27/25 9:34 AM,1,Melissa  Urena,,0.00,11.26,0.93,0.00,0.00
12060 Potranco Road,56,10/27/25 9:34 AM,1,Sugey Cabrera,,17.98,0.00,0.00,0.00,0.00
12060 Potranco Road,58,10/27/25 9:34 AM,1,Melissa  Urena,,0.00,14.24,1.17,0.00,0.00
12060 Potranco Road,59,10/27/25 9:50 AM,1,Melissa  Urena,,0.00,21.02,1.73,3.00,0.00
12060 Potranco Road,60,10/27/25 9:51 AM,2,Leticia Roman,7,0.00,16.97,1.40,5.00,0.00
12060 Potranco Road,61,10/27/25 9:54 AM,2,Sugey Cabrera,23,0.00,16.96,1.40,4.00,0.00
12060 Potranco Road,62,10/27/25 9:56 AM,1,Leticia Roman,5,0.00,20.89,1.73,5.00,0.00
12060 Potranco Road,63,10/27/25 9:59 AM,1,Sugey Cabrera,,0.00,9.23,0.76,0.00,0.00
12060 Potranco Road,64,10/27/25 10:01 AM,1,Sugey Cabrera,,0.00,6.57,0.54,0.00,0.00
12060 Potranco Road,66,10/27/25 10:02 AM,2,Sugey Cabrera,3,0.00,27.26,2.24,0.00,0.00
12060 Potranco Road,67,10/27/25 10:03 AM,2,Leticia Roman,35,1.20,27.46,2.27,0.00,0.00
12060 Potranco Road,68,10/27/25 10:04 AM,1,Sugey Cabrera,,0.00,47.83,3.95,0.00,0.00
12060 Potranco Road,69,10/27/25 10:07 AM,1,Melissa  Urena,,0.00,15.75,1.29,1.96,0.00
12060 Potranco Road,70,10/27/25 10:08 AM,1,Melissa  Urena,,0.00,22.97,1.90,2.00,0.00
12060 Potranco Road,71,10/27/25 10:10 AM,1,Melissa  Urena,,0.00,1.99,0.16,0.00,0.00
12060 Potranco Road,72,10/27/25 10:12 AM,1,Melissa  Urena,,0.00,17.84,1.46,0.00,0.00
12060 Potranco Road,73,10/27/25 10:16 AM,2,Sugey Cabrera,15,0.00,56.09,4.63,8.41,0.00
12060 Potranco Road,76,10/27/25 10:20 AM,1,Melissa  Urena,,0.00,4.28,0.35,0.00,0.00
12060 Potranco Road,77,10/27/25 10:21 AM,2,Leticia Roman,26,0.00,16.85,1.39,3.00,0.00
12060 Potranco Road,78,10/27/25 10:31 AM,1,Melissa  Urena,,0.00,13.25,1.08,2.00,0.00
12060 Potranco Road,79,10/27/25 10:32 AM,1,Melissa  Urena,,0.00,27.95,2.30,0.00,0.00
12060 Potranco Road,80,10/27/25 10:34 AM,1,Sugey Cabrera,34,0.00,6.77,0.56,2.67,0.00
12060 Potranco Road,81,10/27/25 10:34 AM,1,Melissa  Urena,,0.00,4.38,0.36,0.00,0.00
12060 Potranco Road,82,10/27/25 10:35 AM,1,Melissa  Urena,,0.00,3.98,0.33,0.00,0.00
12060 Potranco Road,84,10/27/25 10:35 AM,2,Leticia Roman,29,0.00,39.33,3.25,6.00,0.00
12060 Potranco Road,83,10/27/25 10:35 AM,4,Sugey Cabrera,12,0.00,66.45,5.47,13.29,0.00
12060 Potranco Road,85,10/27/25 10:38 AM,1,Melissa  Urena,,0.00,4.28,0.35,0.00,0.00
12060 Potranco Road,86,10/27/25 10:42 AM,2,Leticia Roman,14,0.00,37.75,3.11,5.00,0.00
12060 Potranco Road,87,10/27/25 10:51 AM,1,Melissa  Urena,,0.00,16.04,1.33,0.00,0.00
12060 Potranco Road,88,10/27/25 10:52 AM,1,Melissa  Urena,,0.00,9.95,0.82,5.00,0.00
12060 Potranco Road,89,10/27/25 10:53 AM,1,Melissa  Urena,,0.00,8.57,0.71,1.00,0.00
12060 Potranco Road,90,10/27/25 10:56 AM,1,Melissa  Urena,,0.00,9.78,0.81,0.00,0.00
12060 Potranco Road,91,10/27/25 10:58 AM,1,Melissa  Urena,,0.00,26.04,2.16,0.00,0.00
12060 Potranco Road,92,10/27/25 10:59 AM,2,Sugey Cabrera,2,0.00,21.22,1.76,0.00,0.00
12060 Potranco Road,93,10/27/25 11:00 AM,1,Sugey Cabrera,,0.00,0.00,0.00,0.00,0.00
12060 Potranco Road,94,10/27/25 11:04 AM,3,Leticia Roman,27,0.00,39.12,3.23,0.00,0.00
12060 Potranco Road,95,10/27/25 11:09 AM,1,Melissa  Urena,,0.00,7.36,0.60,0.00,0.00
12060 Potranco Road,97,10/27/25 11:10 AM,1,Melissa  Urena,,0.00,6.18,0.51,0.00,0.00
12060 Potranco Road,98,10/27/25 11:11 AM,1,Melissa  Urena,,0.00,18.98,1.56,0.00,0.00
12060 Potranco Road,96,10/27/25 11:10 AM,2,Sugey Cabrera,8,2.85,26.26,2.17,4.00,0.00
12060 Potranco Road,99,10/27/25 11:13 AM,1,Melissa  Urena,,0.00,3.98,0.32,0.00,0.00
12060 Potranco Road,100,10/27/25 11:17 AM,1,Melissa  Urena,,0.20,1.79,0.15,0.00,0.00
12060 Potranco Road,102,10/27/25 11:19 AM,1,Melissa  Urena,,0.00,4.78,0.40,0.00,0.00
12060 Potranco Road,104,10/27/25 11:21 AM,1,Melissa  Urena,,0.00,0.00,0.00,0.00,0.00
12060 Potranco Road,105,10/27/25 11:22 AM,1,Melissa  Urena,,0.00,8.27,0.68,2.00,0.00
12060 Potranco Road,107,10/27/25 11:26 AM,1,Melissa  Urena,,0.00,7.16,0.59,0.00,0.00
12060 Potranco Road,106,10/27/25 11:25 AM,3,Leticia Roman,3,2.85,25.69,2.11,0.00,0.00
12060 Potranco Road,110,10/27/25 11:32 AM,1,Melissa  Urena,,0.00,8.99,0.74,0.00,0.00
12060 Potranco Road,111,10/27/25 11:34 AM,2,Sugey Cabrera,22,0.00,22.96,1.90,0.00,0.00
12060 Potranco Road,113,10/27/25 11:45 AM,2,Sugey Cabrera,16,0.00,36.55,3.01,5.00,0.00
12060 Potranco Road,114,10/27/25 11:47 AM,1,Sugey Cabrera,8,1.30,0.70,0.06,0.30,0.00
12060 Potranco Road,112,10/27/25 11:35 AM,2,Leticia Roman,15,0.00,66.93,5.52,0.00,0.00
12060 Potranco Road,115,10/27/25 11:49 AM,1,Melissa  Urena,,0.00,15.43,1.28,1.00,0.00
12060 Potranco Road,116,10/27/25 11:50 AM,1,Melissa  Urena,,0.00,27.59,2.28,0.00,0.00
12060 Potranco Road,117,10/27/25 11:52 AM,1,Melissa  Urena,,0.00,9.87,0.81,0.00,0.00
12060 Potranco Road,118,10/27/25 11:53 AM,1,Sugey Cabrera,,0.00,19.06,1.57,0.00,0.00
12060 Potranco Road,101,10/27/25 11:18 AM,1,Sugey Cabrera,,0.00,84.91,7.00,3.00,0.00
12060 Potranco Road,119,10/27/25 11:55 AM,1,Sugey Cabrera,,0.00,33.97,2.81,0.00,0.00
12060 Potranco Road,120,10/27/25 11:56 AM,2,Leticia Roman,1,0.00,33.72,2.78,0.00,0.00
12060 Potranco Road,121,10/27/25 11:57 AM,1,Melissa  Urena,,0.00,27.43,2.27,0.00,0.00
12060 Potranco Road,122,10/27/25 11:58 AM,1,Melissa  Urena,,0.00,8.83,0.73,0.00,0.00
12060 Potranco Road,123,10/27/25 12:01 PM,1,Sugey Cabrera,,0.00,0.00,0.00,0.00,0.00
12060 Potranco Road,124,10/27/25 12:02 PM,1,Melissa  Urena,,0.00,9.26,0.77,0.00,0.00
12060 Potranco Road,125,10/27/25 12:02 PM,1,Leticia Roman,4,0.00,4.25,0.35,0.00,0.00
12060 Potranco Road,126,10/27/25 12:06 PM,1,Melissa  Urena,,0.00,3.58,0.30,0.00,0.00
12060 Potranco Road,127,10/27/25 12:06 PM,1,Melissa  Urena,,0.00,9.76,0.81,0.00,0.00
12060 Potranco Road,129,10/27/25 12:07 PM,4,Leticia Roman,12,0.00,46.29,3.81,15.00,0.00
12060 Potranco Road,130,10/27/25 12:13 PM,1,Melissa  Urena,,0.00,12.06,0.99,1.00,0.00
12060 Potranco Road,131,10/27/25 12:16 PM,1,Melissa  Urena,,0.00,22.45,1.85,6.00,0.00
12060 Potranco Road,132,10/27/25 12:18 PM,2,Leticia Roman,7,0.00,14.76,1.21,3.00,0.00
12060 Potranco Road,133,10/27/25 12:20 PM,7,Sugey Cabrera,21,0.00,102.61,8.44,7.24,20.52
12060 Potranco Road,134,10/27/25 12:24 PM,1,Melissa  Urena,,0.00,16.06,1.32,0.00,0.00
12060 Potranco Road,135,10/27/25 12:25 PM,3,Sugey Cabrera,4,0.00,40.95,3.38,0.00,0.00
12060 Potranco Road,136,10/27/25 12:27 PM,1,Melissa  Urena,,0.00,7.99,0.66,0.00,0.00
12060 Potranco Road,139,10/27/25 12:32 PM,3,Leticia Roman,25,0.00,51.24,4.22,0.00,0.00
12060 Potranco Road,140,10/27/25 12:37 PM,1,Carlos Morales,,0.00,15.93,1.32,0.00,0.00
12060 Potranco Road,138,10/27/25 12:31 PM,1,Melissa  Urena,,0.00,8.67,0.71,1.00,0.00
12060 Potranco Road,141,10/27/25 12:45 PM,1,Melissa  Urena,,0.00,9.96,0.82,0.00,0.00
12060 Potranco Road,142,10/27/25 12:46 PM,1,Carlos Morales,,0.00,4.29,0.35,0.00,0.00
12060 Potranco Road,143,10/27/25 12:47 PM,2,Leticia Roman,2,0.00,34.96,2.89,4.00,0.00
12060 Potranco Road,144,10/27/25 12:47 PM,1,Melissa  Urena,,0.00,7.99,0.66,0.00,0.00
12060 Potranco Road,146,10/27/25 12:48 PM,2,Sugey Cabrera,26,0.00,34.20,2.83,0.00,0.00
12060 Potranco Road,148,10/27/25 12:50 PM,2,Leticia Roman,14,0.00,34.72,2.86,0.00,0.00
12060 Potranco Road,147,10/27/25 12:48 PM,1,Melissa  Urena,,0.00,7.99,0.66,0.00,0.00
12060 Potranco Road,149,10/27/25 12:51 PM,2,Sugey Cabrera,15,0.00,30.27,2.49,0.00,0.00
12060 Potranco Road,150,10/27/25 12:56 PM,2,Sugey Cabrera,16,0.00,25.97,2.14,5.19,0.00
12060 Potranco Road,151,10/27/25 12:59 PM,1,Melissa  Urena,,0.00,12.19,1.01,0.00,0.00
12060 Potranco Road,152,10/27/25 12:59 PM,1,Melissa  Urena,,0.00,14.86,1.22,20.00,0.00
12060 Potranco Road,157,10/27/25 1:13 PM,1,Melissa  Urena,,0.00,5.49,0.45,0.00,0.00
12060 Potranco Road,159,10/27/25 1:13 PM,1,Melissa  Urena,,0.00,51.52,4.23,0.00,0.00
12060 Potranco Road,160,10/27/25 1:15 PM,1,Melissa  Urena,,0.00,12.99,1.07,0.00,0.00
12060 Potranco Road,162,10/27/25 1:20 PM,1,Sugey Cabrera,,0.00,7.96,0.65,0.00,0.00
12060 Potranco Road,163,10/27/25 1:24 PM,1,Leticia Roman,2,5.00,12.28,1.01,3.00,0.00
12060 Potranco Road,164,10/27/25 1:27 PM,1,Sugey Cabrera,3,0.00,8.99,0.74,0.00,0.00
12060 Potranco Road,165,10/27/25 1:29 PM,1,Leticia Roman,12,0.00,10.99,0.91,3.10,0.00
12060 Potranco Road,166,10/27/25 1:30 PM,1,Melissa  Urena,,0.00,9.24,0.76,0.00,0.00
12060 Potranco Road,168,10/27/25 1:33 PM,2,Leticia Roman,29,0.00,39.21,3.24,8.00,0.00
12060 Potranco Road,167,10/27/25 1:33 PM,1,Melissa  Urena,,0.00,26.95,2.22,2.00,0.00
12060 Potranco Road,169,10/27/25 1:41 PM,4,Sugey Cabrera,21,0.00,44.87,3.71,0.00,0.00
12060 Potranco Road,170,10/27/25 1:43 PM,2,Sugey Cabrera,7,0.00,48.95,4.03,20.00,0.00
12060 Potranco Road,171,10/27/25 1:49 PM,3,Leticia Roman,23,0.00,25.82,2.13,5.16,0.00
12060 Potranco Road,172,10/27/25 1:53 PM,1,Leticia Roman,1,0.00,8.48,0.70,2.00,0.00
12060 Potranco Road,173,10/27/25 1:57 PM,1,Melissa  Urena,,0.00,10.98,0.91,0.00,0.00
12060 Potranco Road,175,10/27/25 1:58 PM,1,Melissa  Urena,,0.00,16.98,1.40,0.00,0.00
12060 Potranco Road,176,10/27/25 1:58 PM,3,Sugey Cabrera,15,0.00,51.75,4.26,0.00,0.00
12060 Potranco Road,177,10/27/25 2:05 PM,1,Melissa  Urena,,0.00,12.37,1.02,0.00,0.00
12060 Potranco Road,179,10/27/25 2:17 PM,2,Adrian Morales,26,8.70,17.26,1.43,0.00,0.00
12060 Potranco Road,180,10/27/25 2:23 PM,2,Adrian Morales,16,0.00,30.74,2.53,6.50,0.00
12060 Potranco Road,181,10/27/25 2:31 PM,1,Mario Jimenez,,3.90,9.09,0.75,0.00,0.00
12060 Potranco Road,183,10/27/25 2:40 PM,1,Mario Jimenez,,0.00,9.77,0.81,0.00,0.00
12060 Potranco Road,184,10/27/25 2:51 PM,1,Mario Jimenez,,0.00,12.27,1.01,0.00,0.00
12060 Potranco Road,186,10/27/25 2:56 PM,1,Carlos Morales,,0.00,10.98,0.90,0.00,0.00
12060 Potranco Road,178,10/27/25 2:16 PM,1,Mario Jimenez,,0.00,4.88,0.40,2.00,0.00
12060 Potranco Road,188,10/27/25 3:07 PM,1,Mario Jimenez,,0.00,9.62,0.79,0.00,0.00
12060 Potranco Road,189,10/27/25 3:19 PM,1,Adrian Morales,,0.00,0.00,0.00,0.00,0.00
12060 Potranco Road,191,10/27/25 3:27 PM,1,Mario Jimenez,,0.00,19.96,1.64,0.00,0.00
12060 Potranco Road,193,10/27/25 3:57 PM,2,Adrian Morales,21,0.00,59.24,4.88,13.00,0.00
12060 Potranco Road,192,10/27/25 3:30 PM,1,Mario Jimenez,,0.00,5.57,0.46,0.00,0.00
12060 Potranco Road,195,10/27/25 4:22 PM,2,Adrian Morales,16,0.00,18.99,1.57,0.00,0.00
12060 Potranco Road,196,10/27/25 4:39 PM,1,Mario Jimenez,,0.00,13.99,1.15,0.00,0.00
12060 Potranco Road,198,10/27/25 5:06 PM,1,Adrian Morales,,0.00,9.98,0.82,2.00,0.00
12060 Potranco Road,199,10/27/25 5:17 PM,2,Adrian Morales,23,0.00,24.21,2.00,0.00,0.00
12060 Potranco Road,200,10/27/25 5:21 PM,3,Adrian Morales,2,0.00,42.81,3.53,8.00,0.00
12060 Potranco Road,201,10/27/25 5:23 PM,2,Adrian Morales,27,0.00,100.86,8.30,20.17,0.00
12060 Potranco Road,202,10/27/25 5:31 PM,1,Brianna Aragon,,0.00,8.98,0.74,0.00,0.00
12060 Potranco Road,203,10/27/25 5:39 PM,1,Mario Jimenez,,0.00,14.71,1.21,0.00,0.00
12060 Potranco Road,204,10/27/25 5:45 PM,1,Mario Jimenez,,0.00,27.98,2.31,0.00,0.00
12060 Potranco Road,206,10/27/25 5:58 PM,3,Adrian Morales,1,0.00,37.92,3.12,7.58,0.00
12060 Potranco Road,208,10/27/25 6:08 PM,2,Adrian Morales,23,0.00,30.26,2.49,4.54,0.00
12060 Potranco Road,209,10/27/25 6:19 PM,1,Mario Jimenez,,0.00,26.83,2.21,2.00,0.00
12060 Potranco Road,207,10/27/25 6:01 PM,1,Mario Jimenez,,0.00,11.99,0.99,0.00,0.00
12060 Potranco Road,210,10/27/25 6:29 PM,1,Mario Jimenez,,0.00,17.76,1.46,0.00,0.00
12060 Potranco Road,211,10/27/25 6:41 PM,1,Mario Jimenez,,0.00,9.98,0.82,0.00,0.00
12060 Potranco Road,213,10/27/25 6:44 PM,2,Adrian Morales,26,0.00,18.37,1.51,0.00,0.00
12060 Potranco Road,214,10/27/25 6:50 PM,1,Brianna Aragon,,0.00,29.97,2.48,5.00,0.00
12060 Potranco Road,212,10/27/25 6:42 PM,1,Mario Jimenez,,0.00,111.90,9.23,22.38,0.00
12060 Potranco Road,218,10/27/25 6:57 PM,2,Adrian Morales,15,0.00,65.23,5.38,0.00,0.00
12060 Potranco Road,219,10/27/25 6:59 PM,1,Mario Jimenez,,0.00,46.91,3.88,0.00,0.00
12060 Potranco Road,221,10/27/25 7:35 PM,1,Adrian Morales,,1.80,7.19,0.59,0.00,0.00
12060 Potranco Road,225,10/27/25 8:11 PM,1,Mario Jimenez,,0.00,15.24,1.26,0.00,0.00
12060 Potranco Road,226,10/27/25 8:41 PM,1,Mario Jimenez,,0.00,5.97,0.49,0.00,0.00
