Employee,Job Title,Regular Hours,Overtime Hours,Hourly Rate,Regular Pay,Overtime Pay,Total Pay,Net Sales,Declared Tips,Non-Cash Tips,Total Tips,Tips Withheld,Total Gratuity,Employee ID,Job Code,Location,Location Code
"Aragon, Brianna",Host,10.86,0.0,11.00,119.46,0.00,119.46,38.95,0.00,5.00,5.00,0.00,0.00,,,12060 Potranco Road,
"Cabrera, Sugey",Server,8.82,0.0,3.00,26.46,0.00,26.46,1020.22,0.00,99.10,99.10,0.00,20.52,,,12060 Potranco Road,
"Cardenas, Salvador",Cook,8.58,0.0,15.00,128.70,0.00,128.70,0.00,,0.00,0.00,0.00,0.00,,,12060 Potranco Road,
"Del Angel, Candy",Shift Manager / Assistant Manager,7.46,0.0,,,,,0.00,,0.00,0.00,0.00,0.00,,,12060 Potranco Road,
"GUTIERREZ, ERIC",Cook,7.12,0.0,16.00,113.92,0.00,113.92,0.00,,0.00,0.00,0.00,0.00,,,12060 Potranco Road,
"Garcia, Enriqueta",Chef,9.32,0.0,,,,,0.00,,0.00,0.00,0.00,0.00,,,12060 Potranco Road,
"Jimenez, Mario",Driver,6.87,0.0,14.00,96.18,0.00,96.18,374.42,0.00,26.38,26.38,0.00,0.00,,,12060 Potranco Road,
"Lino Santana, David ",Prep,10.28,0.0,15.00,154.20,0.00,154.20,0.00,,0.00,0.00,0.00,0.00,,,12060 Potranco Road,
"Morales, Adrian",Server,13.88,0.0,3.00,41.64,0.00,41.64,463.06,0.00,61.79,61.79,0.00,0.00,,,12060 Potranco Road,
"Morales, Carlos",Busser,6.09,0.0,11.00,66.99,0.00,66.99,31.20,,0.00,0.00,0.00,0.00,,,12060 Potranco Road,
"Ojeda, George",Runner,12.1,0.0,12.50,151.25,0.00,151.25,0.00,,0.00,0.00,0.00,0.00,,,12060 Potranco Road,
"Roman, Leticia",Server,7.87,0.0,3.00,23.61,0.00,23.61,803.36,0.00,95.94,95.94,0.00,0.00,,,12060 Potranco Road,
"Rosales, Elsa",Tortillera,7.26,0.0,13.00,94.38,0.00,94.38,0.00,,0.00,0.00,0.00,0.00,,,12060 Potranco Road,
"Urena, Melissa ",Host,7.72,0.0,12.00,92.64,0.00,92.64,1047.26,0.00,69.00,69.00,0.00,0.00,,,12060 Potranco Road,
"Vega, Estela",Tortillera,9.18,0.0,15.00,137.70,0.00,137.70,0.00,,0.00,0.00,0.00,0.00,,,12060 Potranco Road,
