Location,Order #,Opened Date,Server,Table,Discount Name,Discount Reason,Comment,Discount Amount
Tink-a-Tako - Potranco,479,9/19/25 9:49 PM,Lizeth Alonso,,Military Discount,,,1.20
Tink-a-Tako - Potranco,472,9/19/25 9:16 PM,Lizeth Alonso,,Employee Discount - Item,Employee Discount,Maria,3.90
Tink-a-Tako - Potranco,459,9/19/25 8:01 PM,Mayra Luna,,Manager Comp - Check,,,11.99
Tink-a-Tako - Potranco,413,9/19/25 6:06 PM,Lizeth Alonso,,Military Discount,,,0.36
Tink-a-Tako - Potranco,413,9/19/25 6:06 PM,Lizeth Alonso,,Military Discount,,,0.20
Tink-a-Tako - Potranco,413,9/19/25 6:06 PM,Lizeth Alonso,,Military Discount,,,0.20
Tink-a-Tako - Potranco,413,9/19/25 6:06 PM,Lizeth Alonso,,Military Discount,,,0.49
Tink-a-Tako - Potranco,386,9/19/25 4:28 PM,Sergio Abundiz,9,Police Discount,,,2.74
Tink-a-Tako - Potranco,386,9/19/25 4:28 PM,Sergio Abundiz,9,Police Discount,,,2.74
Tink-a-Tako - Potranco,386,9/19/25 4:28 PM,Sergio Abundiz,9,Police Discount,,,2.74
Tink-a-Tako - Potranco,373,9/19/25 3:01 PM,Lizeth Alonso,,Police Discount,,,7.34
Tink-a-Tako - Potranco,373,9/19/25 3:01 PM,Lizeth Alonso,,Police Discount,,,6.96
Tink-a-Tako - Potranco,370,9/19/25 2:57 PM,Lizeth Alonso,,Military Discount,,,1.15
Tink-a-Tako - Potranco,317,9/19/25 12:47 PM,Rosa Compean,18,Open % Item,,,2.60
Tink-a-Tako - Potranco,316,9/19/25 12:46 PM,Isabel Cisneros,22,Open % Item,,,5.60
Tink-a-Tako - Potranco,272,9/19/25 11:55 AM,Candy  Del angel ,,Open % Check,,,1.90
Tink-a-Tako - Potranco,267,9/19/25 11:52 AM,Rosa Compean,9,Open % Item,,,1.60
Tink-a-Tako - Potranco,267,9/19/25 11:52 AM,Rosa Compean,9,Open % Item,,,0.70
Tink-a-Tako - Potranco,267,9/19/25 11:52 AM,Rosa Compean,9,Open % Item,,,0.80
Tink-a-Tako - Potranco,265,9/19/25 11:48 AM,Candy  Del angel ,,Open % Check,,,0.86
Tink-a-Tako - Potranco,205,9/19/25 10:36 AM,Brianna  Arias ,,Employee Discount - Check,Employee Discount,Brianna,2.29
Tink-a-Tako - Potranco,199,9/19/25 10:31 AM,Norma Vasquez,20,Open % Item,,,0.96
Tink-a-Tako - Potranco,199,9/19/25 10:31 AM,Norma Vasquez,20,Open % Item,,,0.40
Tink-a-Tako - Potranco,199,9/19/25 10:31 AM,Norma Vasquez,20,Open % Item,,,0.96
Tink-a-Tako - Potranco,199,9/19/25 10:31 AM,Norma Vasquez,20,Open % Item,,,0.88
Tink-a-Tako - Potranco,194,9/19/25 10:24 AM,Esperansa Caviedes,31,Open % Item,,,6.00
Tink-a-Tako - Potranco,173,9/19/25 10:04 AM,Candy  Del angel ,,Open % Check,,,1.00
Tink-a-Tako - Potranco,119,9/19/25 9:00 AM,Maria Majana,,Open % Item,,,0.40
Tink-a-Tako - Potranco,119,9/19/25 9:00 AM,Maria Majana,,Open % Item,,,0.40
Tink-a-Tako - Potranco,119,9/19/25 9:00 AM,Maria Majana,,Open % Item,,,0.40
Tink-a-Tako - Potranco,119,9/19/25 9:00 AM,Maria Majana,,Open % Item,,,0.40
Tink-a-Tako - Potranco,116,9/19/25 8:57 AM,Maria Majana,,Employee Discount - Check,Employee Discount,Meseras,32.53
Tink-a-Tako - Potranco,94,9/19/25 8:32 AM,Esperansa Caviedes,1,Open % Check,,,1.96
Tink-a-Tako - Potranco,90,9/19/25 8:30 AM,Rosie  ORDONEZ,,Open % Check,,,12.19
Tink-a-Tako - Potranco,88,9/19/25 8:30 AM,Norma Vasquez,23,Open % Item,,,2.20
Tink-a-Tako - Potranco,16,9/19/25 6:52 AM,Norma Vasquez,11,Open % Item,,,2.44
Tink-a-Tako - Potranco,16,9/19/25 6:52 AM,Norma Vasquez,11,Open % Item,,,6.50
Tink-a-Tako - Potranco,16,9/19/25 6:52 AM,Norma Vasquez,11,Open % Item,,,6.50
