Location,Order #,Opened Date,Server,Table,Discount Name,Discount Reason,Comment,Discount Amount
Tink-a-Tako - Potranco,326,10/23/25 7:25 PM,Isabel Cisneros,32,Open % Item,,,3.60
Tink-a-Tako - Potranco,326,10/23/25 7:25 PM,Isabel Cisneros,32,Open % Item,,,4.20
Tink-a-Tako - Potranco,326,10/23/25 7:25 PM,Isabel Cisneros,32,Open % Item,,,3.60
Tink-a-Tako - Potranco,326,10/23/25 7:25 PM,Isabel Cisneros,32,Open % Item,,,4.80
Tink-a-Tako - Potranco,308,10/23/25 6:38 PM,Isabel Cisneros,10,Military Discount,,,1.20
Tink-a-Tako - Potranco,308,10/23/25 6:38 PM,Isabel Cisneros,10,Military Discount,,,1.40
Tink-a-Tako - Potranco,308,10/23/25 6:38 PM,Isabel Cisneros,10,Military Discount,,,1.20
Tink-a-Tako - Potranco,285,10/23/25 4:35 PM,Juan  Camacho,24,Military Discount,,,0.90
Tink-a-Tako - Potranco,284,10/23/25 4:28 PM,Juan  Camacho,,Manager Comp - Check,,,34.94
Tink-a-Tako - Potranco,236,10/23/25 1:03 PM,Brianna  Arias ,,Employee Discount - Check,Employee Discount,Brianna,0.00
Tink-a-Tako - Potranco,122,10/23/25 10:02 AM,Norma Vasquez,20,Open % Item,,,0.40
Tink-a-Tako - Potranco,122,10/23/25 10:02 AM,Norma Vasquez,20,Open % Item,,,1.40
Tink-a-Tako - Potranco,122,10/23/25 10:02 AM,Norma Vasquez,20,Open % Item,,,1.40
Tink-a-Tako - Potranco,122,10/23/25 10:02 AM,Norma Vasquez,20,Open % Item,,,0.40
Tink-a-Tako - Potranco,97,10/23/25 9:28 AM,Norma Vasquez,32,Open % Item,,,0.20
Tink-a-Tako - Potranco,97,10/23/25 9:28 AM,Norma Vasquez,32,Open % Item,,,2.00
Tink-a-Tako - Potranco,97,10/23/25 9:28 AM,Norma Vasquez,32,Open % Item,,,0.40
Tink-a-Tako - Potranco,97,10/23/25 9:28 AM,Norma Vasquez,32,Open % Item,,,0.40
Tink-a-Tako - Potranco,90,10/23/25 9:20 AM,Isabel Cisneros,31,Open % Item,,,6.00
Tink-a-Tako - Potranco,84,10/23/25 9:16 AM,Daniela Torres,,Military Discount,,,1.16
Tink-a-Tako - Potranco,84,10/23/25 9:16 AM,Daniela Torres,,Military Discount,,,0.44
Tink-a-Tako - Potranco,84,10/23/25 9:16 AM,Daniela Torres,,Military Discount,,,0.20
Tink-a-Tako - Potranco,84,10/23/25 9:16 AM,Daniela Torres,,Military Discount,,,0.30
Tink-a-Tako - Potranco,84,10/23/25 9:16 AM,Daniela Torres,,Military Discount,,,0.20
Tink-a-Tako - Potranco,67,10/23/25 8:42 AM,Daniela Torres,,Police Discount,,,0.90
Tink-a-Tako - Potranco,67,10/23/25 8:42 AM,Daniela Torres,,Police Discount,,,1.14
Tink-a-Tako - Potranco,65,10/23/25 8:41 AM,Isabel Cisneros,18,Open % Item,,,1.40
Tink-a-Tako - Potranco,45,10/23/25 8:12 AM,Ivana Abundiz,,Employee Discount - Check,Employee Discount,Meseras,14.96
Tink-a-Tako - Potranco,22,10/23/25 7:20 AM,Daniela Torres,,Military Discount,,,0.55
Tink-a-Tako - Potranco,22,10/23/25 7:20 AM,Daniela Torres,,Military Discount,,,0.44
