Location,Order #,Opened,# of Guests,Server,Table,Discount Amount,Amount,Tax,Tip,Gratuity
Tink-a-Tako - Potranco,1,10/23/25 6:29 AM,1,Daniela Torres,,0.00,7.73,0.64,0.00,0.00
Tink-a-Tako - Potranco,2,10/23/25 6:30 AM,1,Daniela Torres,,0.00,5.98,0.49,0.00,0.00
Tink-a-Tako - Potranco,3,10/23/25 6:31 AM,1,Daniela Torres,,0.00,3.98,0.33,0.00,0.00
Tink-a-Tako - Potranco,4,10/23/25 6:39 AM,1,Daniela Torres,,0.00,8.99,0.74,0.00,0.00
Tink-a-Tako - Potranco,5,10/23/25 6:40 AM,1,Daniela Torres,,0.00,23.03,1.90,0.00,0.00
Tink-a-Tako - Potranco,6,10/23/25 6:44 AM,1,Daniela Torres,,0.00,2.49,0.21,0.00,0.00
Tink-a-Tako - Potranco,7,10/23/25 6:44 AM,1,Daniela Torres,,0.00,9.07,0.75,0.00,0.00
Tink-a-Tako - Potranco,8,10/23/25 6:47 AM,1,Daniela Torres,,0.00,6.57,0.54,0.00,0.00
Tink-a-Tako - Potranco,9,10/23/25 6:53 AM,1,Daniela Torres,,0.00,15.85,1.31,0.00,0.00
Tink-a-Tako - Potranco,10,10/23/25 6:54 AM,1,Daniela Torres,,0.00,5.77,0.47,0.00,0.00
Tink-a-Tako - Potranco,11,10/23/25 6:59 AM,1,Daniela Torres,,0.00,7.67,0.64,0.00,0.00
Tink-a-Tako - Potranco,12,10/23/25 7:03 AM,1,Daniela Torres,,0.00,4.28,0.35,0.00,0.00
Tink-a-Tako - Potranco,13,10/23/25 7:04 AM,1,Daniela Torres,,0.00,11.07,0.92,0.00,0.00
Tink-a-Tako - Potranco,14,10/23/25 7:06 AM,1,Daniela Torres,,0.00,20.52,1.70,0.00,0.00
Tink-a-Tako - Potranco,16,10/23/25 7:13 AM,1,Norma Vasquez,,0.00,16.93,1.40,0.00,0.00
Tink-a-Tako - Potranco,15,10/23/25 7:13 AM,1,Daniela Torres,,0.00,6.58,0.54,0.00,0.00
Tink-a-Tako - Potranco,19,10/23/25 7:16 AM,1,Rosie  ORDONEZ,36,0.00,3.98,0.33,0.00,0.00
Tink-a-Tako - Potranco,20,10/23/25 7:19 AM,1,Daniela Torres,,0.00,9.16,0.76,2.00,0.00
Tink-a-Tako - Potranco,21,10/23/25 7:20 AM,1,Daniela Torres,,0.00,8.36,0.69,2.00,0.00
Tink-a-Tako - Potranco,22,10/23/25 7:20 AM,1,Daniela Torres,,0.99,11.88,0.99,0.00,0.00
Tink-a-Tako - Potranco,23,10/23/25 7:20 AM,1,Norma Vasquez,,0.00,11.95,0.98,0.00,0.00
Tink-a-Tako - Potranco,24,10/23/25 7:23 AM,1,Daniela Torres,,0.00,3.98,0.33,0.00,0.00
Tink-a-Tako - Potranco,25,10/23/25 7:27 AM,1,Daniela Torres,,0.00,5.68,0.46,0.00,0.00
Tink-a-Tako - Potranco,26,10/23/25 7:28 AM,1,Daniela Torres,,0.00,3.58,0.30,0.00,0.00
Tink-a-Tako - Potranco,27,10/23/25 7:30 AM,1,Daniela Torres,,0.00,6.94,0.57,0.00,0.00
Tink-a-Tako - Potranco,28,10/23/25 7:35 AM,1,Daniela Torres,,0.00,8.97,0.74,0.00,0.00
Tink-a-Tako - Potranco,29,10/23/25 7:36 AM,1,Daniela Torres,,0.00,10.87,0.89,0.00,0.00
Tink-a-Tako - Potranco,30,10/23/25 7:44 AM,1,Daniela Torres,,0.00,14.15,1.16,1.00,0.00
Tink-a-Tako - Potranco,31,10/23/25 7:45 AM,1,Daniela Torres,,0.00,8.77,0.73,1.00,0.00
Tink-a-Tako - Potranco,32,10/23/25 7:45 AM,1,Daniela Torres,,0.00,8.97,0.74,0.00,0.00
Tink-a-Tako - Potranco,33,10/23/25 7:47 AM,1,Daniela Torres,,0.00,6.97,0.57,0.00,0.00
Tink-a-Tako - Potranco,34,10/23/25 7:47 AM,1,Daniela Torres,,0.00,7.56,0.63,0.00,0.00
Tink-a-Tako - Potranco,35,10/23/25 7:51 AM,1,Daniela Torres,,0.00,8.93,0.74,0.00,0.00
Tink-a-Tako - Potranco,36,10/23/25 7:51 AM,1,Daniela Torres,,0.00,8.96,0.74,0.00,0.00
Tink-a-Tako - Potranco,37,10/23/25 7:56 AM,1,Daniela Torres,,0.00,3.98,0.33,0.00,0.00
Tink-a-Tako - Potranco,38,10/23/25 7:56 AM,1,Daniela Torres,,0.00,8.97,0.73,0.00,0.00
Tink-a-Tako - Potranco,39,10/23/25 7:59 AM,1,Daniela Torres,,0.00,28.14,2.31,0.00,0.00
Tink-a-Tako - Potranco,40,10/23/25 8:00 AM,1,Daniela Torres,,0.00,6.27,0.52,0.00,0.00
Tink-a-Tako - Potranco,41,10/23/25 8:02 AM,1,Daniela Torres,,0.00,18.84,1.54,0.00,0.00
Tink-a-Tako - Potranco,42,10/23/25 8:03 AM,1,Daniela Torres,,0.00,4.39,0.36,0.00,0.00
Tink-a-Tako - Potranco,43,10/23/25 8:04 AM,1,Daniela Torres,,0.00,7.07,0.59,0.00,0.00
Tink-a-Tako - Potranco,44,10/23/25 8:10 AM,1,Daniela Torres,,0.00,4.58,0.38,0.00,0.00
Tink-a-Tako - Potranco,46,10/23/25 8:12 AM,1,Daniela Torres,,0.00,7.16,0.59,0.00,0.00
Tink-a-Tako - Potranco,47,10/23/25 8:13 AM,1,Daniela Torres,,0.00,1.99,0.16,0.00,0.00
Tink-a-Tako - Potranco,48,10/23/25 8:13 AM,1,Daniela Torres,,0.00,9.56,0.79,0.00,0.00
Tink-a-Tako - Potranco,45,10/23/25 8:12 AM,1,Ivana Abundiz,,14.96,0.00,0.00,0.00,0.00
Tink-a-Tako - Potranco,49,10/23/25 8:18 AM,1,Daniela Torres,,0.00,3.49,0.29,0.00,0.00
Tink-a-Tako - Potranco,50,10/23/25 8:18 AM,1,Daniela Torres,,0.00,22.54,1.86,0.00,0.00
Tink-a-Tako - Potranco,51,10/23/25 8:22 AM,1,Daniela Torres,,0.00,3.99,0.33,0.00,0.00
Tink-a-Tako - Potranco,52,10/23/25 8:23 AM,1,Daniela Torres,,0.00,3.98,0.33,0.00,0.00
Tink-a-Tako - Potranco,53,10/23/25 8:23 AM,2,Norma Vasquez,22,0.00,21.95,1.82,5.00,0.00
Tink-a-Tako - Potranco,54,10/23/25 8:23 AM,1,Daniela Torres,,0.00,24.32,2.00,0.00,0.00
Tink-a-Tako - Potranco,55,10/23/25 8:24 AM,1,Daniela Torres,,0.00,20.55,1.70,0.00,0.00
Tink-a-Tako - Potranco,56,10/23/25 8:25 AM,1,Daniela Torres,,0.00,9.07,0.75,0.00,0.00
Tink-a-Tako - Potranco,57,10/23/25 8:31 AM,1,Daniela Torres,,0.00,2.49,0.21,0.00,0.00
Tink-a-Tako - Potranco,58,10/23/25 8:31 AM,1,Daniela Torres,,0.00,3.98,0.33,0.00,0.00
Tink-a-Tako - Potranco,61,10/23/25 8:33 AM,1,Daniela Torres,,0.00,14.99,1.24,0.00,0.00
Tink-a-Tako - Potranco,59,10/23/25 8:32 AM,2,Esperansa Caviedes,25,0.00,31.65,2.62,5.00,0.00
Tink-a-Tako - Potranco,62,10/23/25 8:35 AM,1,Daniela Torres,,0.00,3.78,0.31,0.00,0.00
Tink-a-Tako - Potranco,60,10/23/25 8:33 AM,2,Maria Majana,17,0.00,13.96,1.16,5.00,0.00
Tink-a-Tako - Potranco,63,10/23/25 8:36 AM,1,Daniela Torres,,0.00,7.47,0.62,0.00,0.00
Tink-a-Tako - Potranco,64,10/23/25 8:40 AM,1,Daniela Torres,,0.00,6.18,0.51,0.00,0.00
Tink-a-Tako - Potranco,65,10/23/25 8:41 AM,1,Isabel Cisneros,18,1.40,9.04,0.74,3.00,0.00
Tink-a-Tako - Potranco,66,10/23/25 8:41 AM,1,Daniela Torres,,0.00,28.13,2.32,0.00,0.00
Tink-a-Tako - Potranco,67,10/23/25 8:42 AM,1,Daniela Torres,,2.04,2.04,0.16,0.00,0.00
Tink-a-Tako - Potranco,68,10/23/25 8:43 AM,3,Norma Vasquez,32,0.00,21.19,1.76,4.00,0.00
Tink-a-Tako - Potranco,70,10/23/25 8:45 AM,1,Daniela Torres,,0.00,7.08,0.59,0.00,0.00
Tink-a-Tako - Potranco,69,10/23/25 8:45 AM,1,Ivana Abundiz,,0.00,6.27,0.51,0.00,0.00
Tink-a-Tako - Potranco,71,10/23/25 8:50 AM,1,Daniela Torres,,0.00,3.78,0.31,0.00,0.00
Tink-a-Tako - Potranco,72,10/23/25 8:57 AM,2,Norma Vasquez,38,0.00,34.58,2.87,0.00,0.00
Tink-a-Tako - Potranco,73,10/23/25 8:58 AM,1,Esperansa Caviedes,24,0.00,32.76,2.71,5.72,0.00
Tink-a-Tako - Potranco,74,10/23/25 8:59 AM,1,Ivana Abundiz,,0.00,7.96,0.66,2.00,0.00
Tink-a-Tako - Potranco,75,10/23/25 9:00 AM,1,Daniela Torres,,0.00,5.97,0.48,0.00,0.00
Tink-a-Tako - Potranco,76,10/23/25 9:01 AM,1,Daniela Torres,,0.00,13.96,1.16,0.00,0.00
Tink-a-Tako - Potranco,78,10/23/25 9:08 AM,1,Daniela Torres,,0.00,15.93,1.32,0.00,0.00
Tink-a-Tako - Potranco,80,10/23/25 9:09 AM,1,Ivana Abundiz,,0.00,9.37,0.77,0.00,0.00
Tink-a-Tako - Potranco,79,10/23/25 9:09 AM,1,Daniela Torres,,0.00,12.06,1.00,0.00,0.00
Tink-a-Tako - Potranco,82,10/23/25 9:14 AM,1,Daniela Torres,,0.00,0.00,0.00,0.00,0.00
Tink-a-Tako - Potranco,81,10/23/25 9:12 AM,1,Daniela Torres,,0.00,11.22,0.93,0.00,0.00
Tink-a-Tako - Potranco,84,10/23/25 9:16 AM,1,Daniela Torres,,2.30,28.28,2.34,0.00,0.00
Tink-a-Tako - Potranco,85,10/23/25 9:17 AM,1,Daniela Torres,,0.00,15.44,1.27,0.00,0.00
Tink-a-Tako - Potranco,86,10/23/25 9:18 AM,1,Daniela Torres,,0.00,9.49,0.78,0.00,0.00
Tink-a-Tako - Potranco,88,10/23/25 9:19 AM,1,Daniela Torres,,0.00,23.91,1.97,1.00,0.00
Tink-a-Tako - Potranco,87,10/23/25 9:19 AM,1,Ivana Abundiz,,0.00,12.57,1.04,1.00,0.00
Tink-a-Tako - Potranco,91,10/23/25 9:20 AM,1,Ivana Abundiz,,0.00,9.98,0.82,0.00,0.00
Tink-a-Tako - Potranco,90,10/23/25 9:20 AM,1,Isabel Cisneros,31,6.00,9.23,0.76,5.00,0.00
Tink-a-Tako - Potranco,83,10/23/25 9:15 AM,2,Maria Majana,1,0.00,29.03,2.40,10.00,0.00
Tink-a-Tako - Potranco,92,10/23/25 9:26 AM,1,Daniela Torres,,0.00,16.95,1.40,1.65,0.00
Tink-a-Tako - Potranco,95,10/23/25 9:27 AM,1,Daniela Torres,,0.00,13.17,1.09,0.00,0.00
Tink-a-Tako - Potranco,97,10/23/25 9:28 AM,2,Norma Vasquez,32,3.00,22.23,1.84,6.00,0.00
Tink-a-Tako - Potranco,98,10/23/25 9:30 AM,1,Daniela Torres,,0.00,14.74,1.22,0.00,0.00
Tink-a-Tako - Potranco,100,10/23/25 9:30 AM,1,Daniela Torres,,0.00,22.76,1.88,0.00,0.00
Tink-a-Tako - Potranco,99,10/23/25 9:30 AM,2,Isabel Cisneros,25,0.00,30.85,2.55,5.00,0.00
Tink-a-Tako - Potranco,101,10/23/25 9:31 AM,2,Maria Majana,22,0.00,34.17,2.81,0.00,0.00
Tink-a-Tako - Potranco,102,10/23/25 9:32 AM,1,Esperansa Caviedes,7,0.00,14.23,1.18,2.13,0.00
Tink-a-Tako - Potranco,103,10/23/25 9:33 AM,2,Isabel Cisneros,10,0.00,29.94,2.48,6.00,0.00
Tink-a-Tako - Potranco,104,10/23/25 9:34 AM,1,Norma Vasquez,33,0.00,15.98,1.32,6.00,0.00
Tink-a-Tako - Potranco,105,10/23/25 9:34 AM,1,Daniela Torres,,0.00,8.17,0.67,0.00,0.00
Tink-a-Tako - Potranco,106,10/23/25 9:35 AM,1,Daniela Torres,,0.00,9.96,0.82,1.00,0.00
Tink-a-Tako - Potranco,107,10/23/25 9:45 AM,1,Daniela Torres,,0.00,6.98,0.58,0.00,0.00
Tink-a-Tako - Potranco,108,10/23/25 9:46 AM,1,Daniela Torres,,0.00,12.99,1.07,0.00,0.00
Tink-a-Tako - Potranco,109,10/23/25 9:46 AM,2,Esperansa Caviedes,39,0.00,11.05,0.92,1.00,0.00
Tink-a-Tako - Potranco,110,10/23/25 9:47 AM,1,Daniela Torres,,0.00,4.28,0.35,0.00,0.00
Tink-a-Tako - Potranco,112,10/23/25 9:50 AM,1,Ivana Abundiz,,0.00,8.34,0.69,0.00,0.00
Tink-a-Tako - Potranco,111,10/23/25 9:50 AM,2,Maria Majana,24,0.00,30.72,2.54,0.00,0.00
Tink-a-Tako - Potranco,113,10/23/25 9:51 AM,1,Daniela Torres,,0.00,26.79,2.21,0.00,0.00
Tink-a-Tako - Potranco,114,10/23/25 9:53 AM,1,Daniela Torres,,0.00,7.07,0.59,0.00,0.00
Tink-a-Tako - Potranco,115,10/23/25 9:53 AM,1,Daniela Torres,,0.00,15.99,1.32,0.00,0.00
Tink-a-Tako - Potranco,116,10/23/25 9:54 AM,2,Isabel Cisneros,37,0.00,34.05,2.81,0.00,0.00
Tink-a-Tako - Potranco,117,10/23/25 9:56 AM,2,Norma Vasquez,17,0.00,32.95,2.73,0.00,0.00
Tink-a-Tako - Potranco,118,10/23/25 9:56 AM,1,Daniela Torres,,0.00,18.34,1.51,0.00,0.00
Tink-a-Tako - Potranco,119,10/23/25 9:56 AM,1,Daniela Torres,,0.00,18.54,1.52,5.00,0.00
Tink-a-Tako - Potranco,120,10/23/25 10:01 AM,1,Daniela Torres,,0.00,2.79,0.23,0.00,0.00
Tink-a-Tako - Potranco,122,10/23/25 10:02 AM,2,Norma Vasquez,20,3.60,21.06,1.73,6.00,0.00
Tink-a-Tako - Potranco,121,10/23/25 10:01 AM,1,Daniela Torres,,0.00,16.75,1.38,0.00,0.00
Tink-a-Tako - Potranco,123,10/23/25 10:04 AM,1,Daniela Torres,,0.00,8.97,0.74,0.00,0.00
Tink-a-Tako - Potranco,124,10/23/25 10:10 AM,1,Daniela Torres,,0.00,9.02,0.74,0.00,0.00
Tink-a-Tako - Potranco,125,10/23/25 10:12 AM,1,Daniela Torres,,0.00,5.77,0.47,0.00,0.00
Tink-a-Tako - Potranco,126,10/23/25 10:13 AM,1,Esperansa Caviedes,25,0.00,18.68,1.54,0.00,0.00
Tink-a-Tako - Potranco,128,10/23/25 10:15 AM,1,Daniela Torres,,0.00,7.67,0.63,0.00,0.00
Tink-a-Tako - Potranco,129,10/23/25 10:15 AM,1,Daniela Torres,,0.00,9.93,0.81,0.00,0.00
Tink-a-Tako - Potranco,131,10/23/25 10:16 AM,2,Isabel Cisneros,8,0.00,28.66,2.37,0.00,0.00
Tink-a-Tako - Potranco,132,10/23/25 10:16 AM,1,Daniela Torres,,0.00,7.23,0.59,0.00,0.00
Tink-a-Tako - Potranco,134,10/23/25 10:17 AM,1,Daniela Torres,,0.00,6.68,0.55,0.00,0.00
Tink-a-Tako - Potranco,133,10/23/25 10:17 AM,2,Esperansa Caviedes,7,0.00,18.14,1.48,3.63,0.00
Tink-a-Tako - Potranco,135,10/23/25 10:18 AM,1,Daniela Torres,,0.00,5.28,0.44,0.00,0.00
Tink-a-Tako - Potranco,136,10/23/25 10:20 AM,2,Maria Majana,33,0.00,21.75,1.78,5.00,0.00
Tink-a-Tako - Potranco,137,10/23/25 10:22 AM,1,Norma Vasquez,26,0.00,6.97,0.57,0.00,0.00
Tink-a-Tako - Potranco,138,10/23/25 10:22 AM,1,Daniela Torres,,0.00,2.29,0.19,0.00,0.00
Tink-a-Tako - Potranco,139,10/23/25 10:25 AM,1,Daniela Torres,,0.00,7.56,0.63,0.00,0.00
Tink-a-Tako - Potranco,140,10/23/25 10:29 AM,1,Daniela Torres,,0.00,8.97,0.74,1.29,0.00
Tink-a-Tako - Potranco,141,10/23/25 10:32 AM,2,Isabel Cisneros,18,0.00,10.95,0.89,5.00,0.00
Tink-a-Tako - Potranco,142,10/23/25 10:33 AM,1,Daniela Torres,,0.00,11.38,0.94,0.00,0.00
Tink-a-Tako - Potranco,144,10/23/25 10:37 AM,4,Esperansa Caviedes,11,0.00,43.50,3.59,10.00,0.00
Tink-a-Tako - Potranco,143,10/23/25 10:35 AM,1,Daniela Torres,,0.00,13.66,1.12,0.00,0.00
Tink-a-Tako - Potranco,146,10/23/25 10:38 AM,4,Maria Majana,17,0.00,46.93,3.88,5.00,0.00
Tink-a-Tako - Potranco,147,10/23/25 10:44 AM,1,Ivana Abundiz,,0.00,7.97,0.66,0.00,0.00
Tink-a-Tako - Potranco,148,10/23/25 10:46 AM,1,Isabel Cisneros,7,0.00,7.97,0.66,3.00,0.00
Tink-a-Tako - Potranco,151,10/23/25 10:48 AM,1,Daniela Torres,,0.00,9.67,0.80,0.00,0.00
Tink-a-Tako - Potranco,150,10/23/25 10:48 AM,1,Ivana Abundiz,,0.00,14.16,1.16,1.00,0.00
Tink-a-Tako - Potranco,152,10/23/25 10:50 AM,1,Daniela Torres,,0.00,6.97,0.58,0.00,0.00
Tink-a-Tako - Potranco,153,10/23/25 10:51 AM,1,Daniela Torres,,0.00,24.41,1.99,5.00,0.00
Tink-a-Tako - Potranco,154,10/23/25 10:52 AM,2,Norma Vasquez,25,0.00,47.52,3.92,0.00,0.00
Tink-a-Tako - Potranco,155,10/23/25 10:53 AM,2,Maria Majana,23,0.00,17.66,1.46,0.00,0.00
Tink-a-Tako - Potranco,156,10/23/25 10:54 AM,3,Esperansa Caviedes,22,0.00,32.06,2.65,8.00,0.00
Tink-a-Tako - Potranco,157,10/23/25 10:56 AM,1,Daniela Torres,,0.00,8.43,0.69,0.00,0.00
Tink-a-Tako - Potranco,158,10/23/25 10:58 AM,1,Daniela Torres,,0.00,9.78,0.80,0.00,0.00
Tink-a-Tako - Potranco,159,10/23/25 10:59 AM,1,Daniela Torres,,0.00,16.89,1.38,0.00,0.00
Tink-a-Tako - Potranco,160,10/23/25 11:01 AM,1,Daniela Torres,,0.00,12.76,1.06,0.00,0.00
Tink-a-Tako - Potranco,163,10/23/25 11:01 AM,1,Esperansa Caviedes,38,0.00,14.68,1.21,7.00,0.00
Tink-a-Tako - Potranco,164,10/23/25 11:04 AM,1,Daniela Torres,,0.00,25.92,2.13,0.00,0.00
Tink-a-Tako - Potranco,165,10/23/25 11:08 AM,1,Daniela Torres,,0.00,9.26,0.76,0.00,0.00
Tink-a-Tako - Potranco,167,10/23/25 11:08 AM,2,Norma Vasquez,19,0.00,30.88,2.54,7.00,0.00
Tink-a-Tako - Potranco,162,10/23/25 11:01 AM,5,Maria Majana,4,0.00,102.40,8.44,10.00,0.00
Tink-a-Tako - Potranco,168,10/23/25 11:10 AM,1,Daniela Torres,,0.00,11.94,0.98,0.00,0.00
Tink-a-Tako - Potranco,169,10/23/25 11:12 AM,1,Ivana Abundiz,,0.00,0.00,0.00,0.00,0.00
Tink-a-Tako - Potranco,170,10/23/25 11:13 AM,1,Daniela Torres,,0.00,5.97,0.49,0.00,0.00
Tink-a-Tako - Potranco,171,10/23/25 11:13 AM,1,Daniela Torres,,0.00,17.44,1.43,0.00,0.00
Tink-a-Tako - Potranco,172,10/23/25 11:16 AM,3,Isabel Cisneros,39,0.00,19.53,1.63,0.00,0.00
Tink-a-Tako - Potranco,173,10/23/25 11:16 AM,1,Daniela Torres,,0.00,20.67,1.70,0.00,0.00
Tink-a-Tako - Potranco,174,10/23/25 11:16 AM,2,Isabel Cisneros,32,0.00,21.21,1.75,0.00,0.00
Tink-a-Tako - Potranco,175,10/23/25 11:21 AM,1,Daniela Torres,,0.00,1.79,0.15,0.00,0.00
Tink-a-Tako - Potranco,176,10/23/25 11:21 AM,1,Daniela Torres,,0.00,30.40,2.51,0.00,0.00
Tink-a-Tako - Potranco,177,10/23/25 11:32 AM,2,Norma Vasquez,33,0.00,25.88,2.12,5.00,0.00
Tink-a-Tako - Potranco,178,10/23/25 11:33 AM,1,Daniela Torres,,0.00,6.17,0.51,0.00,0.00
Tink-a-Tako - Potranco,179,10/23/25 11:33 AM,1,Daniela Torres,,0.00,8.67,0.71,0.00,0.00
Tink-a-Tako - Potranco,181,10/23/25 11:34 AM,1,Esperansa Caviedes,25,0.00,11.99,0.99,3.00,0.00
Tink-a-Tako - Potranco,182,10/23/25 11:34 AM,1,Ivana Abundiz,,0.00,13.48,1.11,0.00,0.00
Tink-a-Tako - Potranco,184,10/23/25 11:36 AM,1,Daniela Torres,,0.00,10.23,0.84,2.00,0.00
Tink-a-Tako - Potranco,185,10/23/25 11:37 AM,1,Daniela Torres,,0.00,3.98,0.32,0.00,0.00
Tink-a-Tako - Potranco,186,10/23/25 11:40 AM,1,Daniela Torres,,0.00,5.48,0.46,0.00,0.00
Tink-a-Tako - Potranco,187,10/23/25 11:42 AM,1,Daniela Torres,,0.00,13.98,1.15,2.00,0.00
Tink-a-Tako - Potranco,188,10/23/25 11:42 AM,1,Daniela Torres,,0.00,20.77,1.71,0.00,0.00
Tink-a-Tako - Potranco,145,10/23/25 10:37 AM,1,Daniela Torres,,0.00,18.34,1.51,0.00,0.00
Tink-a-Tako - Potranco,189,10/23/25 11:45 AM,1,Daniela Torres,,0.00,22.13,1.83,0.00,0.00
Tink-a-Tako - Potranco,191,10/23/25 11:50 AM,1,Daniela Torres,,0.00,8.78,0.72,0.00,0.00
Tink-a-Tako - Potranco,192,10/23/25 11:52 AM,1,Isabel Cisneros,32,0.00,13.98,1.14,3.00,0.00
Tink-a-Tako - Potranco,193,10/23/25 11:53 AM,1,Daniela Torres,,0.00,10.86,0.90,0.00,0.00
Tink-a-Tako - Potranco,194,10/23/25 11:56 AM,2,Norma Vasquez,7,0.00,20.15,1.66,0.00,0.00
Tink-a-Tako - Potranco,195,10/23/25 11:56 AM,1,Daniela Torres,,0.00,17.57,1.45,3.00,0.00
Tink-a-Tako - Potranco,196,10/23/25 11:59 AM,1,Daniela Torres,,0.00,10.67,0.88,0.00,0.00
Tink-a-Tako - Potranco,197,10/23/25 12:01 PM,1,Daniela Torres,,0.00,8.08,0.66,0.00,0.00
Tink-a-Tako - Potranco,198,10/23/25 12:02 PM,1,Daniela Torres,,0.00,30.22,2.50,0.00,0.00
Tink-a-Tako - Potranco,200,10/23/25 12:03 PM,3,Maria Majana,38,0.00,47.19,3.89,10.00,0.00
Tink-a-Tako - Potranco,201,10/23/25 12:04 PM,2,Esperansa Caviedes,24,0.00,26.87,2.20,6.00,0.00
Tink-a-Tako - Potranco,203,10/23/25 12:07 PM,2,Norma Vasquez,22,0.00,42.16,3.48,8.00,0.00
Tink-a-Tako - Potranco,204,10/23/25 12:07 PM,2,Esperansa Caviedes,25,0.00,18.97,1.56,5.00,0.00
Tink-a-Tako - Potranco,205,10/23/25 12:08 PM,2,Isabel Cisneros,18,0.00,35.59,2.94,5.34,0.00
Tink-a-Tako - Potranco,206,10/23/25 12:10 PM,1,Daniela Torres,,0.00,4.39,0.36,0.00,0.00
Tink-a-Tako - Potranco,207,10/23/25 12:11 PM,1,Isabel Cisneros,17,0.00,15.68,1.29,0.00,0.00
Tink-a-Tako - Potranco,208,10/23/25 12:14 PM,1,Norma Vasquez,33,0.00,12.72,1.04,5.00,0.00
Tink-a-Tako - Potranco,209,10/23/25 12:14 PM,1,Maria Majana,37,0.00,17.68,1.45,5.00,0.00
Tink-a-Tako - Potranco,210,10/23/25 12:15 PM,2,Esperansa Caviedes,10,0.00,27.43,2.26,6.03,0.00
Tink-a-Tako - Potranco,211,10/23/25 12:20 PM,2,Isabel Cisneros,32,0.00,16.94,1.40,1.66,0.00
Tink-a-Tako - Potranco,212,10/23/25 12:24 PM,2,Esperansa Caviedes,15,0.00,25.92,2.13,4.00,0.00
Tink-a-Tako - Potranco,213,10/23/25 12:24 PM,1,Daniela Torres,,0.00,8.43,0.69,0.00,0.00
Tink-a-Tako - Potranco,215,10/23/25 12:24 PM,4,Norma Vasquez,4,0.00,37.08,3.05,8.00,0.00
Tink-a-Tako - Potranco,217,10/23/25 12:25 PM,3,Maria Majana,20,0.00,48.79,4.01,10.00,0.00
Tink-a-Tako - Potranco,218,10/23/25 12:34 PM,1,Daniela Torres,,0.00,8.87,0.73,0.00,0.00
Tink-a-Tako - Potranco,219,10/23/25 12:35 PM,1,Isabel Cisneros,,0.00,39.03,3.23,5.00,0.00
Tink-a-Tako - Potranco,221,10/23/25 12:38 PM,1,Isabel Cisneros,26,0.00,10.92,0.90,5.00,0.00
Tink-a-Tako - Potranco,222,10/23/25 12:42 PM,2,Esperansa Caviedes,24,0.00,12.68,1.04,0.00,0.00
Tink-a-Tako - Potranco,223,10/23/25 12:42 PM,2,Norma Vasquez,33,0.00,23.38,1.92,5.00,0.00
Tink-a-Tako - Potranco,224,10/23/25 12:44 PM,1,Ivana Abundiz,,0.00,24.81,2.05,2.00,0.00
Tink-a-Tako - Potranco,226,10/23/25 12:48 PM,1,Daniela Torres,,0.00,11.27,0.92,0.00,0.00
Tink-a-Tako - Potranco,225,10/23/25 12:47 PM,3,Maria Majana,25,0.00,35.95,2.96,4.00,0.00
Tink-a-Tako - Potranco,228,10/23/25 12:56 PM,1,Daniela Torres,,0.00,5.98,0.49,0.00,0.00
Tink-a-Tako - Potranco,229,10/23/25 12:56 PM,2,Esperansa Caviedes,18,0.00,22.16,1.83,0.00,0.00
Tink-a-Tako - Potranco,230,10/23/25 12:57 PM,1,Daniela Torres,,0.00,13.44,1.10,0.00,0.00
Tink-a-Tako - Potranco,231,10/23/25 12:58 PM,1,Daniela Torres,,0.00,8.26,0.68,0.00,0.00
Tink-a-Tako - Potranco,232,10/23/25 12:58 PM,2,Norma Vasquez,7,0.00,30.66,2.52,0.00,0.00
Tink-a-Tako - Potranco,234,10/23/25 1:00 PM,3,Isabel Cisneros,32,0.00,53.25,4.40,0.00,0.00
Tink-a-Tako - Potranco,235,10/23/25 1:02 PM,1,Daniela Torres,,0.00,5.77,0.47,0.00,0.00
Tink-a-Tako - Potranco,233,10/23/25 1:00 PM,2,Maria Majana,35,0.00,33.38,2.74,0.00,0.00
Tink-a-Tako - Potranco,236,10/23/25 1:03 PM,1,Brianna  Arias ,,0.00,0.00,0.00,0.00,0.00
Tink-a-Tako - Potranco,237,10/23/25 1:04 PM,1,Daniela Torres,,0.00,35.47,2.93,0.00,0.00
Tink-a-Tako - Potranco,238,10/23/25 1:11 PM,2,Isabel Cisneros,17,0.00,15.26,1.27,0.00,0.00
Tink-a-Tako - Potranco,239,10/23/25 1:13 PM,1,Daniela Torres,,0.00,19.94,1.65,0.00,0.00
Tink-a-Tako - Potranco,240,10/23/25 1:17 PM,2,Esperansa Caviedes,15,0.00,21.22,1.75,3.00,0.00
Tink-a-Tako - Potranco,241,10/23/25 1:21 PM,1,Daniela Torres,,0.00,10.98,0.91,0.00,0.00
Tink-a-Tako - Potranco,243,10/23/25 1:21 PM,3,Isabel Cisneros,8,0.00,49.86,4.11,10.00,0.00
Tink-a-Tako - Potranco,244,10/23/25 1:22 PM,2,Norma Vasquez,38,0.00,19.45,1.61,4.00,0.00
Tink-a-Tako - Potranco,242,10/23/25 1:21 PM,1,Daniela Torres,,0.00,9.37,0.77,0.00,0.00
Tink-a-Tako - Potranco,245,10/23/25 1:35 PM,2,Isabel Cisneros,10,0.00,23.97,1.98,5.00,0.00
Tink-a-Tako - Potranco,249,10/23/25 1:37 PM,2,Esperansa Caviedes,39,0.00,8.48,0.70,0.00,0.00
Tink-a-Tako - Potranco,247,10/23/25 1:36 PM,1,Daniela Torres,,0.00,23.23,1.90,0.00,0.00
Tink-a-Tako - Potranco,250,10/23/25 1:44 PM,1,Daniela Torres,,0.00,2.99,0.25,0.00,0.00
Tink-a-Tako - Potranco,251,10/23/25 1:48 PM,1,Daniela Torres,,0.00,12.36,1.01,0.00,0.00
Tink-a-Tako - Potranco,252,10/23/25 1:50 PM,1,Daniela Torres,,0.00,16.57,1.37,0.00,0.00
Tink-a-Tako - Potranco,253,10/23/25 1:52 PM,1,Daniela Torres,,0.00,8.98,0.74,0.00,0.00
Tink-a-Tako - Potranco,254,10/23/25 1:56 PM,1,Lizeth Alonso,,0.00,20.94,1.72,0.00,0.00
Tink-a-Tako - Potranco,255,10/23/25 1:58 PM,1,Juan  Camacho,21,0.00,7.78,0.65,0.00,0.00
Tink-a-Tako - Potranco,256,10/23/25 1:59 PM,1,Juan  Camacho,,0.00,3.98,0.33,2.00,0.00
Tink-a-Tako - Potranco,257,10/23/25 2:01 PM,1,Lizeth Alonso,,0.00,1.50,0.12,0.00,0.00
Tink-a-Tako - Potranco,260,10/23/25 2:05 PM,1,Lizeth Alonso,,0.00,34.03,2.80,0.00,0.00
Tink-a-Tako - Potranco,261,10/23/25 2:07 PM,1,Lizeth Alonso,,0.00,22.45,1.86,4.00,0.00
Tink-a-Tako - Potranco,263,10/23/25 2:09 PM,3,Juan  Camacho,4,0.00,47.60,3.91,0.00,0.00
Tink-a-Tako - Potranco,264,10/23/25 2:22 PM,1,Lizeth Alonso,,0.00,9.99,0.82,0.00,0.00
Tink-a-Tako - Potranco,265,10/23/25 2:23 PM,1,Mayra Luna,,0.00,0.00,0.00,0.00,0.00
Tink-a-Tako - Potranco,266,10/23/25 2:31 PM,1,Lizeth Alonso,,0.00,60.71,4.99,0.00,0.00
Tink-a-Tako - Potranco,267,10/23/25 2:40 PM,2,Isabel Cisneros,23,0.00,30.00,2.47,6.00,0.00
Tink-a-Tako - Potranco,268,10/23/25 2:42 PM,1,Lizeth Alonso,,0.00,26.34,2.17,0.00,0.00
Tink-a-Tako - Potranco,269,10/23/25 2:50 PM,2,Juan  Camacho,24,0.00,36.03,2.97,0.00,0.00
Tink-a-Tako - Potranco,270,10/23/25 2:53 PM,3,Isabel Cisneros,17,0.00,20.96,1.73,0.00,0.00
Tink-a-Tako - Potranco,271,10/23/25 2:53 PM,1,Juan  Camacho,36,0.00,15.99,1.32,3.20,0.00
Tink-a-Tako - Potranco,273,10/23/25 3:11 PM,2,Isabel Cisneros,32,0.00,30.13,2.47,0.00,0.00
Tink-a-Tako - Potranco,272,10/23/25 3:11 PM,1,Juan  Camacho,,0.00,33.95,2.80,3.00,0.00
Tink-a-Tako - Potranco,274,10/23/25 3:18 PM,1,Lizeth Alonso,,0.00,15.44,1.27,0.00,0.00
Tink-a-Tako - Potranco,275,10/23/25 3:19 PM,1,Lizeth Alonso,,0.00,27.74,2.29,3.00,0.00
Tink-a-Tako - Potranco,276,10/23/25 3:20 PM,2,Isabel Cisneros,33,0.00,29.97,2.48,5.00,0.00
Tink-a-Tako - Potranco,277,10/23/25 3:31 PM,1,Lizeth Alonso,,0.00,20.94,1.73,3.00,0.00
Tink-a-Tako - Potranco,278,10/23/25 3:36 PM,2,Juan  Camacho,20,0.00,34.69,2.86,5.00,0.00
Tink-a-Tako - Potranco,279,10/23/25 3:38 PM,1,Isabel Cisneros,35,0.00,19.98,1.65,0.00,0.00
Tink-a-Tako - Potranco,280,10/23/25 4:00 PM,3,Juan  Camacho,22,0.00,39.37,3.25,3.00,0.00
Tink-a-Tako - Potranco,281,10/23/25 4:05 PM,1,Isabel Cisneros,37,0.00,15.44,1.27,3.00,0.00
Tink-a-Tako - Potranco,282,10/23/25 4:10 PM,1,Lizeth Alonso,,0.00,17.98,1.48,0.00,0.00
Tink-a-Tako - Potranco,283,10/23/25 4:23 PM,1,Lizeth Alonso,,0.00,39.83,3.29,0.00,0.00
Tink-a-Tako - Potranco,284,10/23/25 4:28 PM,1,Juan  Camacho,,34.94,0.00,0.00,0.00,0.00
Tink-a-Tako - Potranco,285,10/23/25 4:35 PM,2,Juan  Camacho,24,0.90,24.02,1.98,8.00,0.00
Tink-a-Tako - Potranco,287,10/23/25 4:47 PM,2,Juan  Camacho,25,0.00,23.06,1.89,0.00,0.00
Tink-a-Tako - Potranco,286,10/23/25 4:46 PM,1,Lizeth Alonso,,0.00,41.51,3.43,0.00,0.00
Tink-a-Tako - Potranco,289,10/23/25 4:51 PM,2,Isabel Cisneros,7,0.00,21.42,1.76,0.00,0.00
Tink-a-Tako - Potranco,290,10/23/25 4:52 PM,2,Isabel Cisneros,32,0.00,29.43,2.43,0.00,0.00
Tink-a-Tako - Potranco,291,10/23/25 5:18 PM,5,Juan  Camacho,31,0.00,52.72,4.33,8.00,0.00
Tink-a-Tako - Potranco,288,10/23/25 4:48 PM,1,Lizeth Alonso,,0.00,30.94,2.56,0.00,0.00
Tink-a-Tako - Potranco,293,10/23/25 5:24 PM,1,Lizeth Alonso,,0.00,9.77,0.81,0.00,0.00
Tink-a-Tako - Potranco,295,10/23/25 5:28 PM,1,Isabel Cisneros,,0.00,23.96,1.98,5.00,0.00
Tink-a-Tako - Potranco,296,10/23/25 5:29 PM,1,Lizeth Alonso,,0.00,26.13,2.16,3.00,0.00
Tink-a-Tako - Potranco,297,10/23/25 5:36 PM,1,Juan  Camacho,40,0.00,20.16,1.66,5.00,0.00
Tink-a-Tako - Potranco,299,10/23/25 5:38 PM,3,Isabel Cisneros,23,0.00,38.92,3.20,0.00,0.00
Tink-a-Tako - Potranco,300,10/23/25 5:40 PM,1,Lizeth Alonso,,0.00,3.58,0.30,0.00,0.00
Tink-a-Tako - Potranco,301,10/23/25 5:41 PM,1,Lizeth Alonso,,0.00,18.56,1.54,0.00,0.00
Tink-a-Tako - Potranco,302,10/23/25 5:53 PM,1,Lizeth Alonso,,0.00,5.58,0.46,0.00,0.00
Tink-a-Tako - Potranco,303,10/23/25 6:08 PM,1,Lizeth Alonso,,0.00,10.99,0.91,3.00,0.00
Tink-a-Tako - Potranco,304,10/23/25 6:11 PM,1,Lizeth Alonso,,0.00,11.99,0.99,1.00,0.00
Tink-a-Tako - Potranco,306,10/23/25 6:13 PM,2,Juan  Camacho,24,0.00,17.93,1.48,0.00,0.00
Tink-a-Tako - Potranco,305,10/23/25 6:11 PM,1,Lizeth Alonso,,0.00,27.65,2.28,0.00,0.00
Tink-a-Tako - Potranco,307,10/23/25 6:23 PM,1,Lizeth Alonso,,0.00,5.58,0.46,1.00,0.00
Tink-a-Tako - Potranco,308,10/23/25 6:38 PM,2,Isabel Cisneros,10,3.80,46.30,3.81,7.50,0.00
Tink-a-Tako - Potranco,309,10/23/25 6:41 PM,2,Juan  Camacho,25,0.00,17.67,1.46,0.00,0.00
Tink-a-Tako - Potranco,310,10/23/25 6:44 PM,1,Lizeth Alonso,,0.00,12.96,1.07,0.00,0.00
Tink-a-Tako - Potranco,311,10/23/25 6:45 PM,1,Lizeth Alonso,,0.00,21.98,1.81,0.00,0.00
Tink-a-Tako - Potranco,312,10/23/25 6:50 PM,1,Lizeth Alonso,,0.00,15.98,1.32,0.00,0.00
Tink-a-Tako - Potranco,313,10/23/25 6:50 PM,2,Juan  Camacho,7,0.00,65.92,5.42,25.00,0.00
Tink-a-Tako - Potranco,314,10/23/25 6:51 PM,3,Isabel Cisneros,33,0.00,43.54,3.59,5.00,0.00
Tink-a-Tako - Potranco,315,10/23/25 6:52 PM,2,Isabel Cisneros,31,0.00,36.09,2.97,5.00,0.00
Tink-a-Tako - Potranco,316,10/23/25 6:54 PM,1,Lizeth Alonso,,0.00,8.99,0.74,2.00,0.00
Tink-a-Tako - Potranco,317,10/23/25 6:54 PM,1,Lizeth Alonso,,0.00,8.98,0.74,0.00,0.00
Tink-a-Tako - Potranco,318,10/23/25 6:57 PM,1,Lizeth Alonso,,0.00,0.00,0.00,0.00,0.00
Tink-a-Tako - Potranco,319,10/23/25 7:01 PM,1,Lizeth Alonso,,0.00,8.99,0.74,0.00,0.00
Tink-a-Tako - Potranco,320,10/23/25 7:10 PM,1,Lizeth Alonso,,0.00,22.98,1.89,0.00,0.00
Tink-a-Tako - Potranco,321,10/23/25 7:11 PM,1,Lizeth Alonso,,0.00,10.77,0.88,0.00,0.00
Tink-a-Tako - Potranco,323,10/23/25 7:13 PM,2,Juan  Camacho,24,0.00,9.78,0.81,0.00,0.00
Tink-a-Tako - Potranco,324,10/23/25 7:14 PM,1,Juan  Camacho,,0.00,33.76,2.78,3.00,0.00
Tink-a-Tako - Potranco,322,10/23/25 7:12 PM,1,Lizeth Alonso,,0.00,12.99,1.07,2.00,0.00
Tink-a-Tako - Potranco,326,10/23/25 7:25 PM,4,Isabel Cisneros,32,16.20,53.72,4.43,7.85,0.00
Tink-a-Tako - Potranco,327,10/23/25 7:26 PM,3,Juan  Camacho,25,0.00,53.95,4.45,12.00,0.00
Tink-a-Tako - Potranco,328,10/23/25 7:29 PM,3,Juan  Camacho,19,0.00,28.43,2.35,5.00,0.00
Tink-a-Tako - Potranco,331,10/23/25 7:35 PM,3,Isabel Cisneros,37,0.00,85.62,7.06,20.00,0.00
Tink-a-Tako - Potranco,332,10/23/25 7:36 PM,3,Isabel Cisneros,38,0.00,36.29,2.97,7.00,0.00
Tink-a-Tako - Potranco,329,10/23/25 7:29 PM,1,Lizeth Alonso,,0.00,6.18,0.51,0.00,0.00
Tink-a-Tako - Potranco,333,10/23/25 7:44 PM,1,Lizeth Alonso,,0.00,5.58,0.46,1.00,0.00
Tink-a-Tako - Potranco,334,10/23/25 7:48 PM,2,Juan  Camacho,33,0.00,37.11,3.06,0.00,0.00
Tink-a-Tako - Potranco,335,10/23/25 7:50 PM,1,Lizeth Alonso,,0.00,17.22,1.41,2.00,0.00
Tink-a-Tako - Potranco,336,10/23/25 8:05 PM,1,Lizeth Alonso,,0.00,15.94,1.31,1.00,0.00
Tink-a-Tako - Potranco,337,10/23/25 8:08 PM,1,Juan  Camacho,,0.00,38.93,3.22,0.00,0.00
Tink-a-Tako - Potranco,338,10/23/25 8:23 PM,1,Lizeth Alonso,,0.00,22.75,1.88,0.00,0.00
Tink-a-Tako - Potranco,339,10/23/25 8:27 PM,4,Isabel Cisneros,22,0.00,53.10,4.36,10.00,0.00
Tink-a-Tako - Potranco,340,10/23/25 8:29 PM,1,Lizeth Alonso,,0.00,16.28,1.33,10.00,0.00
Tink-a-Tako - Potranco,341,10/23/25 8:36 PM,1,Lizeth Alonso,,0.00,21.36,1.76,0.00,0.00
Tink-a-Tako - Potranco,342,10/23/25 9:31 PM,1,Lizeth Alonso,,0.00,10.99,0.91,0.00,0.00
