,Location,Employee,Job Title,In Date,Shift Closed Date,Out Date,Hours,Cash Tips Decl.,Cash on Hand,Cash in Drawer,Non-Cash Tips,Cash Gratuity,Non-Cash Gratuity,Tips Withheld,Non-Cash Sales,Cash Sales,Total Sales,Cash Collected?,Tips Paid?,Open,Paid,Closed,Tip Share Total
800000031074403559,Tink-a-Tako - Potranco,Daniela Torres,Drive-Thru,10/23/25 5:56 AM,10/23/25 1:58 PM,10/23/25 2:01 PM,8.08,,445.29,0.00,27.94,0.00,0.00,0.00,1301.28,445.29,1746.57,yes,yes,0,0,144,0.00
800000031074453965,Tink-a-Tako - Potranco,Rosie  ORDONEZ,Shift Manager / Assistant Manager,10/23/25 6:07 AM,10/24/25 4:08 AM,10/24/25 4:00 AM,21.88,0.00,4.31,0.00,0.00,0.00,0.00,0.00,0.00,4.31,4.31,no,no,0,0,1,0.00
800000031074474694,Tink-a-Tako - Potranco,Norma Vasquez,Server,10/23/25 6:11 AM,10/23/25 2:03 PM,10/23/25 2:03 PM,7.86,,140.19,0.00,69.00,0.00,0.00,0.00,396.36,140.19,536.55,yes,yes,0,0,20,0.00
800000031075317166,Tink-a-Tako - Potranco,Esperansa Caviedes,Server,10/23/25 7:34 AM,10/23/25 2:06 PM,10/23/25 2:06 PM,6.54,,36.73,0.00,69.51,0.00,0.00,0.00,388.10,36.73,424.83,yes,yes,0,0,19,0.00
800000031075695169,Tink-a-Tako - Potranco,Ivana Abundiz,Host,10/23/25 7:57 AM,10/23/25 1:57 PM,10/23/25 2:03 PM,6.09,,0.00,0.00,6.00,0.00,0.00,0.00,124.38,0.00,124.38,yes,yes,0,0,11,0.00
800000031075708900,Tink-a-Tako - Potranco,Maria Majana,Server,10/23/25 7:58 AM,10/23/25 1:58 PM,10/23/25 1:58 PM,5.99,,108.08,0.00,64.00,0.00,0.00,0.00,411.05,108.08,519.13,yes,yes,0,0,16,0.00
800000031075790024,Tink-a-Tako - Potranco,Isabel Cisneros,Server,10/23/25 8:03 AM,10/23/25 9:52 PM,10/23/25 10:16 PM,14.21,,133.64,0.00,143.35,0.00,0.00,0.00,1047.07,133.64,1180.71,yes,yes,0,0,41,0.00
800000031086174416,Tink-a-Tako - Potranco,Juan  Camacho,Server,10/23/25 1:49 PM,10/23/25 10:05 PM,10/23/25 10:23 PM,8.57,,134.69,0.00,82.20,0.00,0.00,0.00,561.12,134.69,695.81,yes,yes,0,0,23,0.00
800000031086231576,Tink-a-Tako - Potranco,Lizeth Alonso,Host,10/23/25 1:51 PM,10/23/25 10:00 PM,10/23/25 10:03 PM,8.20,,0.00,85.64,36.00,0.00,0.00,0.00,705.72,85.64,791.36,yes,yes,0,0,41,0.00
800000031086638021,Tink-a-Tako - Potranco,Jesus Calderon,Cook,10/23/25 2:03 PM,10/23/25 9:59 PM,10/23/25 9:59 PM,7.94,,0.00,0.00,0.00,0.00,0.00,0.00,0.00,0.00,0.00,yes,yes,0,0,0,0.00
800000031086832527,Tink-a-Tako - Potranco,Mayra Luna,Shift Manager / Assistant Manager,10/23/25 2:08 PM,10/23/25 10:23 PM,10/23/25 10:23 PM,8.25,,0.00,0.00,0.00,0.00,0.00,0.00,0.00,0.00,0.00,yes,yes,0,0,1,0.00
800000031090660044,Tink-a-Tako - Potranco,Jonathan Rueda,Busser,10/23/25 4:04 PM,10/23/25 9:44 PM,10/23/25 9:44 PM,5.66,,0.00,0.00,0.00,0.00,0.00,0.00,0.00,0.00,0.00,yes,yes,0,0,0,0.00
