Location,Order #,Opened,Server,Table,Revenue Center,Discount Amount,Amount,Tax,Tip,Gratuity,Duration (Opened to Paid)
Tink-a-Tako - Potranco,2,8/13/25 6:34 AM,Norma Vasquez,35,Dining Room,0.00,15.14,1.25,5.00,0.00,00:45:41
Tink-a-Tako - Potranco,3,8/13/25 6:41 AM,Daniela Torres,,Dining Room,0.00,8.88,0.73,0.00,0.00,00:02:04
Tink-a-Tako - Potranco,1,8/13/25 6:04 AM,Daniela Torres,,Dining Room,0.00,10.96,0.90,0.00,0.00,00:40:43
Tink-a-Tako - Potranco,4,8/13/25 6:50 AM,Daniela Torres,,Dining Room,0.00,7.67,0.63,0.00,0.00,00:00:40
Tink-a-Tako - Potranco,5,8/13/25 6:50 AM,Daniela Torres,,Dining Room,0.00,8.47,0.69,2.00,0.00,00:02:31
Tink-a-Tako - Potranco,6,8/13/25 6:51 AM,Daniela Torres,,Dining Room,0.00,23.89,1.97,0.00,0.00,00:02:53
Tink-a-Tako - Potranco,7,8/13/25 6:58 AM,Daniela Torres,,Dining Room,0.00,7.03,0.58,0.00,0.00,00:02:22
Tink-a-Tako - Potranco,8,8/13/25 7:00 AM,Norma Vasquez,18,Dining Room,0.00,4.98,0.41,2.00,0.00,00:24:56
Tink-a-Tako - Potranco,9,8/13/25 7:02 AM,Daniela Torres,,Dining Room,0.00,4.48,0.37,0.00,0.00,00:03:14
Tink-a-Tako - Potranco,10,8/13/25 7:05 AM,Daniela Torres,,Dining Room,1.79,4.78,0.40,0.00,0.00,00:01:18
Tink-a-Tako - Potranco,12,8/13/25 7:06 AM,Norma Vasquez,24,Dining Room,0.00,23.34,1.92,0.00,0.00,00:47:26
Tink-a-Tako - Potranco,14,8/13/25 7:09 AM,Norma Vasquez,,Dining Room,0.00,18.20,1.49,0.00,0.00,00:00:53
Tink-a-Tako - Potranco,13,8/13/25 7:08 AM,Daniela Torres,,Dining Room,0.00,3.78,0.31,0.00,0.00,00:02:59
Tink-a-Tako - Potranco,17,8/13/25 7:12 AM,Norma Vasquez,17,Dining Room,0.00,16.03,1.33,0.00,0.00,00:37:33
Tink-a-Tako - Potranco,18,8/13/25 7:13 AM,Daniela Torres,,Dining Room,0.00,6.97,0.58,0.00,0.00,00:01:48
Tink-a-Tako - Potranco,19,8/13/25 7:13 AM,Daniela Torres,,Dining Room,0.00,7.96,0.66,0.00,0.00,00:03:30
Tink-a-Tako - Potranco,20,8/13/25 7:20 AM,Norma Vasquez,3,Dining Room,0.00,9.18,0.77,2.05,0.00,00:22:34
Tink-a-Tako - Potranco,21,8/13/25 7:20 AM,Daniela Torres,,Dining Room,0.00,6.77,0.57,0.00,0.00,00:01:06
Tink-a-Tako - Potranco,22,8/13/25 7:21 AM,Daniela Torres,,Dining Room,0.00,8.67,0.71,0.00,0.00,00:05:49
Tink-a-Tako - Potranco,23,8/13/25 7:27 AM,Daniela Torres,,Dining Room,0.00,6.48,0.54,0.00,0.00,00:02:52
Tink-a-Tako - Potranco,24,8/13/25 7:27 AM,Daniela Torres,,Dining Room,0.00,9.96,0.83,0.00,0.00,00:03:57
Tink-a-Tako - Potranco,25,8/13/25 7:33 AM,Daniela Torres,,Dining Room,0.00,7.96,0.66,0.00,0.00,00:04:21
Tink-a-Tako - Potranco,26,8/13/25 7:33 AM,Daniela Torres,,Dining Room,0.00,6.27,0.51,0.00,0.00,00:04:46
Tink-a-Tako - Potranco,27,8/13/25 7:33 AM,Daniela Torres,,Dining Room,0.00,6.27,0.51,0.00,0.00,00:04:48
Tink-a-Tako - Potranco,28,8/13/25 7:36 AM,Daniela Torres,,Dining Room,0.00,3.98,0.32,0.00,0.00,00:03:53
Tink-a-Tako - Potranco,30,8/13/25 7:38 AM,Daniela Torres,,Dining Room,0.00,8.49,0.70,0.00,0.00,00:02:52
Tink-a-Tako - Potranco,31,8/13/25 7:38 AM,Daniela Torres,,Dining Room,0.25,2.24,0.18,0.00,0.00,00:02:50
Tink-a-Tako - Potranco,33,8/13/25 7:39 AM,Norma Vasquez,,Dining Room,0.00,14.67,1.21,0.00,0.00,00:15:54
Tink-a-Tako - Potranco,34,8/13/25 7:40 AM,Norma Vasquez,,Dining Room,0.00,9.35,0.77,0.00,0.00,00:00:16
Tink-a-Tako - Potranco,35,8/13/25 7:40 AM,Daniela Torres,,Dining Room,0.00,11.95,0.99,0.00,0.00,00:01:21
Tink-a-Tako - Potranco,29,8/13/25 7:36 AM,Daniela Torres,,Dining Room,0.00,8.17,0.67,0.00,0.00,00:09:32
Tink-a-Tako - Potranco,36,8/13/25 7:43 AM,Daniela Torres,,Dining Room,0.00,11.07,0.91,0.00,0.00,00:04:44
Tink-a-Tako - Potranco,38,8/13/25 7:45 AM,Daniela Torres,,Dining Room,0.00,14.97,1.24,0.00,0.00,00:02:57
Tink-a-Tako - Potranco,39,8/13/25 7:46 AM,Daniela Torres,,Dining Room,0.49,4.40,0.36,0.00,0.00,00:03:34
Tink-a-Tako - Potranco,37,8/13/25 7:44 AM,Daniela Torres,,Dining Room,0.00,3.78,0.31,0.00,0.00,00:09:52
Tink-a-Tako - Potranco,43,8/13/25 7:54 AM,Daniela Torres,,Dining Room,0.00,4.88,0.40,0.00,0.00,00:00:35
Tink-a-Tako - Potranco,42,8/13/25 7:54 AM,Ivana Abundiz,,Dining Room,0.00,10.55,0.87,0.00,0.00,00:18:18
Tink-a-Tako - Potranco,45,8/13/25 7:56 AM,Daniela Torres,,Dining Room,0.00,22.74,1.87,0.00,0.00,00:05:02
Tink-a-Tako - Potranco,46,8/13/25 7:56 AM,Daniela Torres,,Dining Room,0.00,12.38,1.02,0.00,0.00,00:05:14
Tink-a-Tako - Potranco,47,8/13/25 7:57 AM,Daniela Torres,,Dining Room,0.00,9.78,0.81,0.00,0.00,00:16:13
Tink-a-Tako - Potranco,44,8/13/25 7:54 AM,Daniela Torres,,Dining Room,0.00,2.49,0.21,0.00,0.00,00:10:25
Tink-a-Tako - Potranco,48,8/13/25 8:01 AM,Daniela Torres,,Dining Room,0.00,8.96,0.73,0.00,0.00,00:04:22
Tink-a-Tako - Potranco,49,8/13/25 8:02 AM,Norma Vasquez,26,Dining Room,5.40,36.17,2.97,0.00,0.00,00:22:31
Tink-a-Tako - Potranco,50,8/13/25 8:04 AM,Ivana Abundiz,,Dining Room,0.00,5.97,0.49,0.50,0.00,00:00:15
Tink-a-Tako - Potranco,51,8/13/25 8:05 AM,Norma Vasquez,24,Dining Room,0.00,0.00,0.00,0.00,0.00,00:00:12
Tink-a-Tako - Potranco,53,8/13/25 8:05 AM,Daniela Torres,,Dining Room,0.00,9.47,0.79,0.00,0.00,00:01:50
Tink-a-Tako - Potranco,54,8/13/25 8:06 AM,Daniela Torres,,Dining Room,0.00,12.86,1.05,0.00,0.00,00:04:39
Tink-a-Tako - Potranco,55,8/13/25 8:07 AM,Daniela Torres,,Dining Room,0.00,2.49,0.21,0.00,0.00,00:03:55
Tink-a-Tako - Potranco,56,8/13/25 8:07 AM,Daniela Torres,,Dining Room,0.00,10.55,0.86,0.00,0.00,00:04:42
Tink-a-Tako - Potranco,57,8/13/25 8:10 AM,Norma Vasquez,32,Dining Room,0.00,20.60,1.70,0.00,0.00,00:26:30
Tink-a-Tako - Potranco,58,8/13/25 8:12 AM,Daniela Torres,,Dining Room,0.00,7.57,0.63,0.00,0.00,00:02:23
Tink-a-Tako - Potranco,59,8/13/25 8:14 AM,Norma Vasquez,25,Dining Room,0.00,17.96,1.49,3.00,0.00,00:20:50
Tink-a-Tako - Potranco,60,8/13/25 8:16 AM,Ivana Abundiz,,Dining Room,0.00,4.78,0.39,0.00,0.00,00:10:04
Tink-a-Tako - Potranco,61,8/13/25 8:16 AM,Esperansa Caviedes,37,Dining Room,0.00,21.41,1.75,3.00,0.00,00:24:01
Tink-a-Tako - Potranco,62,8/13/25 8:18 AM,Rosa Compean,20,Dining Room,0.00,23.96,1.97,5.00,0.00,00:40:29
Tink-a-Tako - Potranco,63,8/13/25 8:26 AM,Daniela Torres,,Dining Room,0.00,3.99,0.33,0.00,0.00,00:00:06
Tink-a-Tako - Potranco,65,8/13/25 8:27 AM,Norma Vasquez,17,Dining Room,0.00,16.25,1.33,2.44,0.00,00:16:51
Tink-a-Tako - Potranco,66,8/13/25 8:27 AM,Esperansa Caviedes,22,Dining Room,0.00,15.38,1.27,0.00,0.00,00:33:43
Tink-a-Tako - Potranco,41,8/13/25 7:50 AM,Daniela Torres,,Dining Room,0.00,8.27,0.68,0.00,0.00,00:39:31
Tink-a-Tako - Potranco,67,8/13/25 8:29 AM,Daniela Torres,,Dining Room,0.00,9.28,0.76,0.00,0.00,00:01:29
Tink-a-Tako - Potranco,69,8/13/25 8:30 AM,Daniela Torres,,Dining Room,0.00,5.74,0.47,0.00,0.00,00:02:31
Tink-a-Tako - Potranco,70,8/13/25 8:31 AM,Rosa Compean,33,Dining Room,0.00,16.93,1.40,5.00,0.00,00:14:04
Tink-a-Tako - Potranco,71,8/13/25 8:34 AM,Norma Vasquez,38,Dining Room,0.00,20.17,1.65,5.00,0.00,00:30:07
Tink-a-Tako - Potranco,68,8/13/25 8:29 AM,Daniela Torres,,Dining Room,0.00,7.16,0.59,0.00,0.00,00:08:05
Tink-a-Tako - Potranco,73,8/13/25 8:36 AM,Daniela Torres,,Dining Room,0.00,3.98,0.33,0.00,0.00,00:03:43
Tink-a-Tako - Potranco,74,8/13/25 8:39 AM,Norma Vasquez,23,Dining Room,1.70,12.76,1.06,5.00,0.00,00:24:40
Tink-a-Tako - Potranco,72,8/13/25 8:36 AM,Daniela Torres,,Dining Room,0.00,3.98,0.33,0.00,0.00,00:07:11
Tink-a-Tako - Potranco,75,8/13/25 8:42 AM,Daniela Torres,,Dining Room,0.00,14.72,1.21,0.00,0.00,00:02:11
Tink-a-Tako - Potranco,76,8/13/25 8:43 AM,Daniela Torres,,Dining Room,0.00,32.63,2.69,0.00,0.00,00:05:35
Tink-a-Tako - Potranco,78,8/13/25 8:47 AM,Daniela Torres,,Dining Room,0.00,27.11,2.23,3.00,0.00,00:08:17
Tink-a-Tako - Potranco,80,8/13/25 8:49 AM,Norma Vasquez,18,Dining Room,0.00,22.74,1.86,5.00,0.00,00:21:36
Tink-a-Tako - Potranco,81,8/13/25 8:49 AM,Esperansa Caviedes,24,Dining Room,0.00,29.92,2.47,3.00,0.00,00:20:39
Tink-a-Tako - Potranco,82,8/13/25 8:50 AM,Daniela Torres,,Dining Room,0.00,7.96,0.66,0.00,0.00,00:07:02
Tink-a-Tako - Potranco,79,8/13/25 8:48 AM,Rosa Compean,10,Dining Room,0.00,45.90,3.80,0.00,0.00,00:49:21
Tink-a-Tako - Potranco,83,8/13/25 8:55 AM,Esperansa Caviedes,8,Dining Room,0.00,7.23,0.59,5.00,0.00,00:25:11
Tink-a-Tako - Potranco,84,8/13/25 8:55 AM,Daniela Torres,,Dining Room,0.00,2.49,0.21,0.00,0.00,00:01:50
Tink-a-Tako - Potranco,85,8/13/25 8:55 AM,Daniela Torres,,Dining Room,0.00,7.78,0.65,0.00,0.00,00:04:32
Tink-a-Tako - Potranco,86,8/13/25 8:56 AM,Daniela Torres,,Dining Room,0.00,5.97,0.49,0.00,0.00,00:05:00
Tink-a-Tako - Potranco,87,8/13/25 8:57 AM,Daniela Torres,,Dining Room,0.00,9.47,0.78,0.00,0.00,00:03:41
Tink-a-Tako - Potranco,88,8/13/25 9:00 AM,Daniela Torres,,Dining Room,0.50,7.93,0.65,0.00,0.00,00:03:40
Tink-a-Tako - Potranco,90,8/13/25 9:02 AM,Rosa Compean,35,Dining Room,0.00,21.04,1.75,3.00,0.00,00:32:40
Tink-a-Tako - Potranco,89,8/13/25 9:02 AM,Esperansa Caviedes,17,Dining Room,0.00,41.67,3.44,5.00,0.00,00:31:41
Tink-a-Tako - Potranco,91,8/13/25 9:03 AM,Daniela Torres,,Dining Room,0.00,3.49,0.29,0.00,0.00,00:02:11
Tink-a-Tako - Potranco,92,8/13/25 9:03 AM,Daniela Torres,,Dining Room,0.00,13.54,1.12,0.00,0.00,00:02:23
Tink-a-Tako - Potranco,94,8/13/25 9:04 AM,Norma Vasquez,26,Dining Room,0.00,9.99,0.82,2.00,0.00,00:18:15
Tink-a-Tako - Potranco,95,8/13/25 9:08 AM,Daniela Torres,,Dining Room,0.00,13.65,1.12,0.00,0.00,00:00:59
Tink-a-Tako - Potranco,97,8/13/25 9:10 AM,Esperansa Caviedes,25,Dining Room,0.00,16.36,1.35,0.00,0.00,00:28:33
Tink-a-Tako - Potranco,98,8/13/25 9:11 AM,Rosa Compean,7,Dining Room,0.00,20.96,1.74,0.00,0.00,00:55:46
Tink-a-Tako - Potranco,96,8/13/25 9:09 AM,Daniela Torres,,Dining Room,0.00,7.66,0.62,0.00,0.00,00:04:06
Tink-a-Tako - Potranco,99,8/13/25 9:13 AM,Daniela Torres,,Dining Room,0.00,7.88,0.65,0.00,0.00,00:02:41
Tink-a-Tako - Potranco,100,8/13/25 9:14 AM,Rosa Compean,33,Dining Room,0.00,7.68,0.63,5.00,0.00,00:14:52
Tink-a-Tako - Potranco,101,8/13/25 9:15 AM,Daniela Torres,,Dining Room,0.00,10.37,0.85,0.00,0.00,00:02:12
Tink-a-Tako - Potranco,102,8/13/25 9:16 AM,Daniela Torres,,Dining Room,0.00,12.83,1.05,4.00,0.00,00:02:23
Tink-a-Tako - Potranco,104,8/13/25 9:16 AM,Norma Vasquez,22,Dining Room,0.00,23.29,1.91,5.12,0.00,00:19:36
Tink-a-Tako - Potranco,103,8/13/25 9:16 AM,Daniela Torres,,Dining Room,0.00,13.66,1.12,3.00,0.00,00:04:01
Tink-a-Tako - Potranco,105,8/13/25 9:20 AM,Daniela Torres,,Dining Room,0.00,7.77,0.64,0.00,0.00,00:02:15
Tink-a-Tako - Potranco,106,8/13/25 9:21 AM,Esperansa Caviedes,20,Dining Room,0.00,33.21,2.75,5.00,0.00,00:36:17
Tink-a-Tako - Potranco,107,8/13/25 9:22 AM,Ivana Abundiz,,Dining Room,0.00,27.97,2.31,0.00,0.00,00:13:35
Tink-a-Tako - Potranco,108,8/13/25 9:22 AM,Daniela Torres,,Dining Room,0.00,3.98,0.33,0.00,0.00,00:01:37
Tink-a-Tako - Potranco,109,8/13/25 9:22 AM,Daniela Torres,,Dining Room,0.00,12.45,1.03,0.00,0.00,00:02:25
Tink-a-Tako - Potranco,110,8/13/25 9:27 AM,Daniela Torres,,Dining Room,0.00,13.96,1.15,0.00,0.00,00:01:38
Tink-a-Tako - Potranco,111,8/13/25 9:28 AM,Daniela Torres,,Dining Room,0.00,16.92,1.40,0.00,0.00,00:05:27
Tink-a-Tako - Potranco,112,8/13/25 9:29 AM,Daniela Torres,,Dining Room,0.00,2.29,0.19,0.00,0.00,00:06:19
Tink-a-Tako - Potranco,113,8/13/25 9:29 AM,Daniela Torres,,Dining Room,0.00,7.47,0.62,4.00,0.00,00:06:39
Tink-a-Tako - Potranco,114,8/13/25 9:30 AM,Rosa Compean,18,Dining Room,0.00,20.44,1.69,5.00,0.00,02:17:43
Tink-a-Tako - Potranco,116,8/13/25 9:34 AM,Daniela Torres,,Dining Room,0.00,8.84,0.73,0.00,0.00,00:07:56
Tink-a-Tako - Potranco,117,8/13/25 9:37 AM,Norma Vasquez,32,Dining Room,0.00,16.46,1.35,3.00,0.00,00:30:57
Tink-a-Tako - Potranco,118,8/13/25 9:39 AM,Daniela Torres,,Dining Room,0.00,23.27,1.91,5.00,0.00,00:03:44
Tink-a-Tako - Potranco,119,8/13/25 9:41 AM,Esperansa Caviedes,33,Dining Room,0.00,27.29,2.26,15.00,0.00,00:36:10
Tink-a-Tako - Potranco,120,8/13/25 9:44 AM,Daniela Torres,,Dining Room,0.00,12.35,1.02,0.00,0.00,00:03:00
Tink-a-Tako - Potranco,121,8/13/25 9:48 AM,Norma Vasquez,25,Dining Room,0.00,13.95,1.14,5.38,0.00,00:59:55
Tink-a-Tako - Potranco,124,8/13/25 9:49 AM,Esperansa Caviedes,31,Dining Room,0.00,66.23,5.46,15.00,0.00,00:55:28
Tink-a-Tako - Potranco,123,8/13/25 9:49 AM,Daniela Torres,,Dining Room,0.00,9.38,0.77,0.00,0.00,00:00:56
Tink-a-Tako - Potranco,122,8/13/25 9:49 AM,Rosa Compean,17,Dining Room,0.00,15.55,1.28,5.00,0.00,00:20:41
Tink-a-Tako - Potranco,125,8/13/25 9:53 AM,Daniela Torres,,Dining Room,0.00,14.95,1.24,0.00,0.00,00:00:57
Tink-a-Tako - Potranco,127,8/13/25 9:54 AM,Daniela Torres,,Dining Room,0.00,4.89,0.40,0.00,0.00,00:01:36
Tink-a-Tako - Potranco,128,8/13/25 9:54 AM,Norma Vasquez,40,Dining Room,0.00,80.30,6.62,0.00,16.06,00:39:32
Tink-a-Tako - Potranco,126,8/13/25 9:53 AM,Rosa Compean,24,Dining Room,0.00,35.15,2.90,0.00,0.00,00:56:49
Tink-a-Tako - Potranco,137,8/13/25 9:56 AM,Daniela Torres,,Dining Room,0.00,3.98,0.33,0.00,0.00,00:00:49
Tink-a-Tako - Potranco,136,8/13/25 9:55 AM,Ivana Abundiz,,Dining Room,0.00,12.99,1.07,0.00,0.00,00:14:39
Tink-a-Tako - Potranco,139,8/13/25 9:58 AM,Esperansa Caviedes,37,Dining Room,0.00,20.89,1.72,3.40,0.00,01:11:05
Tink-a-Tako - Potranco,140,8/13/25 10:01 AM,Daniela Torres,,Dining Room,0.54,4.85,0.41,0.00,0.00,00:00:49
Tink-a-Tako - Potranco,142,8/13/25 10:02 AM,Daniela Torres,,Dining Room,0.00,11.96,0.99,0.00,0.00,00:12:32
Tink-a-Tako - Potranco,143,8/13/25 10:02 AM,Ivana Abundiz,,Dining Room,0.00,46.19,3.81,0.00,0.00,00:03:00
Tink-a-Tako - Potranco,144,8/13/25 10:03 AM,Rosa Compean,3,Dining Room,0.00,35.83,2.96,0.00,0.00,00:27:26
Tink-a-Tako - Potranco,141,8/13/25 10:02 AM,Daniela Torres,,Dining Room,0.00,15.53,1.28,0.00,0.00,00:06:25
Tink-a-Tako - Potranco,148,8/13/25 10:09 AM,Norma Vasquez,36,Dining Room,0.00,19.96,1.66,0.00,0.00,00:32:50
Tink-a-Tako - Potranco,146,8/13/25 10:08 AM,Esperansa Caviedes,7,Dining Room,0.00,29.90,2.45,0.00,0.00,01:28:50
Tink-a-Tako - Potranco,149,8/13/25 10:10 AM,Rosa Compean,10,Dining Room,0.00,16.16,1.34,5.00,0.00,00:20:08
Tink-a-Tako - Potranco,147,8/13/25 10:08 AM,Daniela Torres,,Dining Room,3.55,31.87,2.63,0.00,0.00,00:09:51
Tink-a-Tako - Potranco,150,8/13/25 10:13 AM,Daniela Torres,,Dining Room,0.00,6.37,0.53,0.00,0.00,00:02:26
Tink-a-Tako - Potranco,151,8/13/25 10:13 AM,Daniela Torres,,Dining Room,0.00,9.77,0.81,0.00,0.00,00:10:50
Tink-a-Tako - Potranco,152,8/13/25 10:15 AM,Daniela Torres,,Dining Room,0.00,8.78,0.72,0.00,0.00,00:09:28
Tink-a-Tako - Potranco,154,8/13/25 10:15 AM,Daniela Torres,,Dining Room,0.00,3.78,0.31,0.00,0.00,00:09:36
Tink-a-Tako - Potranco,153,8/13/25 10:15 AM,Norma Vasquez,1,Dining Room,0.00,63.17,5.19,10.00,0.00,00:37:15
Tink-a-Tako - Potranco,19001,8/13/25 10:17 AM,Rosa Compean,15,Dining Room,1.40,8.58,0.71,3.00,0.00,00:38:18
Tink-a-Tako - Potranco,155,8/13/25 10:18 AM,Esperansa Caviedes,39,Dining Room,0.00,17.44,1.45,0.00,0.00,00:32:18
Tink-a-Tako - Potranco,157,8/13/25 10:19 AM,Ivana Abundiz,,Dining Room,0.00,19.16,1.57,0.00,0.00,00:00:46
Tink-a-Tako - Potranco,158,8/13/25 10:20 AM,Ivana Abundiz,,Dining Room,0.00,7.98,0.66,2.00,0.00,00:00:10
Tink-a-Tako - Potranco,159,8/13/25 10:21 AM,Norma Vasquez,23,Dining Room,0.00,31.26,2.58,0.00,0.00,00:37:02
Tink-a-Tako - Potranco,161,8/13/25 10:21 AM,Rosa Compean,,Dining Room,0.00,17.94,1.48,0.00,0.00,00:01:06
Tink-a-Tako - Potranco,162,8/13/25 10:21 AM,Ivana Abundiz,,Dining Room,0.00,9.97,0.83,4.00,0.00,00:22:45
Tink-a-Tako - Potranco,160,8/13/25 10:21 AM,Esperansa Caviedes,32,Dining Room,0.00,15.02,1.23,0.00,0.00,02:40:48
Tink-a-Tako - Potranco,164,8/13/25 10:23 AM,Norma Vasquez,17,Dining Room,0.00,11.96,1.00,0.00,0.00,00:48:51
Tink-a-Tako - Potranco,163,8/13/25 10:23 AM,Ivana Abundiz,,Dining Room,0.00,11.86,0.97,0.00,0.00,00:01:06
Tink-a-Tako - Potranco,165,8/13/25 10:24 AM,Daniela Torres,,Dining Room,0.00,9.06,0.74,0.00,0.00,00:01:38
Tink-a-Tako - Potranco,166,8/13/25 10:25 AM,Daniela Torres,,Dining Room,0.58,5.20,0.43,0.00,0.00,00:03:03
Tink-a-Tako - Potranco,167,8/13/25 10:26 AM,Esperansa Caviedes,20,Dining Room,0.00,28.16,2.32,7.00,0.00,00:34:38
Tink-a-Tako - Potranco,168,8/13/25 10:26 AM,Rosa Compean,11,Dining Room,0.00,11.35,0.93,3.00,0.00,00:53:54
Tink-a-Tako - Potranco,169,8/13/25 10:27 AM,Norma Vasquez,21,Dining Room,0.00,7.43,0.61,4.96,0.00,00:22:18
Tink-a-Tako - Potranco,170,8/13/25 10:28 AM,Daniela Torres,,Dining Room,0.00,6.18,0.51,0.00,0.00,00:05:34
Tink-a-Tako - Potranco,171,8/13/25 10:32 AM,Daniela Torres,,Dining Room,0.00,11.99,0.99,0.00,0.00,00:05:43
Tink-a-Tako - Potranco,172,8/13/25 10:33 AM,Rosa Compean,33,Dining Room,0.00,7.96,0.66,1.75,0.00,00:20:16
Tink-a-Tako - Potranco,173,8/13/25 10:34 AM,Daniela Torres,,Dining Room,0.00,10.38,0.85,0.00,0.00,00:05:56
Tink-a-Tako - Potranco,174,8/13/25 10:34 AM,Daniela Torres,,Dining Room,0.00,5.44,0.44,0.00,0.00,00:08:40
Tink-a-Tako - Potranco,175,8/13/25 10:36 AM,Daniela Torres,,Dining Room,0.00,20.01,1.65,0.00,0.00,00:11:14
Tink-a-Tako - Potranco,177,8/13/25 10:42 AM,Daniela Torres,,Dining Room,0.00,8.96,0.74,0.00,0.00,00:07:28
Tink-a-Tako - Potranco,178,8/13/25 10:43 AM,Daniela Torres,,Dining Room,0.00,17.74,1.46,0.00,0.00,00:07:51
Tink-a-Tako - Potranco,179,8/13/25 10:43 AM,Norma Vasquez,,Dining Room,0.00,6.98,0.57,0.00,0.00,00:01:23
Tink-a-Tako - Potranco,180,8/13/25 10:45 AM,Daniela Torres,,Dining Room,0.00,14.46,1.19,0.00,0.00,00:07:24
Tink-a-Tako - Potranco,181,8/13/25 10:45 AM,Daniela Torres,,Dining Room,0.00,21.13,1.72,5.00,0.00,00:09:41
Tink-a-Tako - Potranco,182,8/13/25 10:47 AM,Norma Vasquez,35,Dining Room,0.00,17.46,1.44,0.00,0.00,00:25:55
Tink-a-Tako - Potranco,183,8/13/25 10:50 AM,Rosa Compean,38,Dining Room,0.00,22.68,1.86,5.00,0.00,00:34:40
Tink-a-Tako - Potranco,185,8/13/25 10:52 AM,Daniela Torres,,Dining Room,0.00,6.68,0.55,1.00,0.00,00:04:28
Tink-a-Tako - Potranco,186,8/13/25 10:53 AM,Ivana Abundiz,,Dining Room,0.00,10.87,0.90,0.00,0.00,00:11:54
Tink-a-Tako - Potranco,187,8/13/25 10:53 AM,Esperansa Caviedes,8,Dining Room,0.00,33.22,2.74,0.00,0.00,00:31:37
Tink-a-Tako - Potranco,188,8/13/25 10:54 AM,Norma Vasquez,3,Dining Room,2.00,23.96,1.98,0.00,0.00,00:33:04
Tink-a-Tako - Potranco,189,8/13/25 10:55 AM,Daniela Torres,,Dining Room,0.00,7.47,0.62,0.00,0.00,00:02:24
Tink-a-Tako - Potranco,190,8/13/25 10:56 AM,Esperansa Caviedes,39,Dining Room,0.00,0.00,0.00,0.00,0.00,00:00:08
Tink-a-Tako - Potranco,191,8/13/25 10:57 AM,Daniela Torres,,Dining Room,0.00,22.01,1.81,0.00,0.00,00:03:44
Tink-a-Tako - Potranco,192,8/13/25 10:57 AM,Ivana Abundiz,,Dining Room,0.00,6.47,0.54,0.00,0.00,00:14:16
Tink-a-Tako - Potranco,193,8/13/25 10:58 AM,Daniela Torres,,Dining Room,1.22,10.93,0.91,0.00,0.00,00:06:32
Tink-a-Tako - Potranco,194,8/13/25 11:00 AM,Rosa Compean,36,Dining Room,0.00,33.72,2.78,0.00,0.00,01:13:22
Tink-a-Tako - Potranco,195,8/13/25 11:01 AM,Daniela Torres,,Dining Room,0.00,8.56,0.71,0.00,0.00,00:08:15
Tink-a-Tako - Potranco,196,8/13/25 11:03 AM,Daniela Torres,,Dining Room,0.00,8.96,0.74,0.00,0.00,00:06:57
Tink-a-Tako - Potranco,198,8/13/25 11:06 AM,Norma Vasquez,4,Dining Room,0.00,11.24,0.93,0.00,0.00,00:53:17
Tink-a-Tako - Potranco,199,8/13/25 11:10 AM,Daniela Torres,,Dining Room,0.00,16.76,1.38,0.00,0.00,00:04:32
Tink-a-Tako - Potranco,200,8/13/25 11:12 AM,Daniela Torres,,Dining Room,0.00,3.98,0.33,0.00,0.00,00:03:47
Tink-a-Tako - Potranco,202,8/13/25 11:13 AM,Rosa Compean,,Dining Room,0.00,11.76,0.97,0.00,0.00,00:08:44
Tink-a-Tako - Potranco,203,8/13/25 11:13 AM,Norma Vasquez,15,Dining Room,3.26,37.77,3.11,0.00,0.00,00:39:10
Tink-a-Tako - Potranco,204,8/13/25 11:14 AM,Esperansa Caviedes,26,Dining Room,0.00,9.67,0.78,0.00,0.00,00:32:55
Tink-a-Tako - Potranco,206,8/13/25 11:18 AM,Daniela Torres,,Dining Room,0.00,17.78,1.47,2.00,0.00,00:00:36
Tink-a-Tako - Potranco,205,8/13/25 11:18 AM,Ivana Abundiz,,Dining Room,0.00,16.44,1.35,0.00,0.00,00:13:32
Tink-a-Tako - Potranco,207,8/13/25 11:19 AM,Daniela Torres,,Dining Room,0.00,14.20,1.17,0.00,0.00,00:08:14
Tink-a-Tako - Potranco,208,8/13/25 11:19 AM,Esperansa Caviedes,24,Dining Room,0.00,25.96,2.14,0.00,0.00,00:34:15
Tink-a-Tako - Potranco,209,8/13/25 11:20 AM,Daniela Torres,,Dining Room,0.00,14.44,1.19,0.00,0.00,00:08:22
Tink-a-Tako - Potranco,210,8/13/25 11:20 AM,Daniela Torres,,Dining Room,0.00,2.99,0.25,0.00,0.00,00:08:26
Tink-a-Tako - Potranco,212,8/13/25 11:22 AM,Rosa Compean,33,Dining Room,0.00,26.46,2.17,0.00,0.00,00:28:42
Tink-a-Tako - Potranco,211,8/13/25 11:21 AM,Daniela Torres,,Dining Room,0.00,18.35,1.52,0.00,0.00,00:08:30
Tink-a-Tako - Potranco,214,8/13/25 11:25 AM,Norma Vasquez,9,Dining Room,0.00,13.97,1.15,2.00,0.00,01:44:49
Tink-a-Tako - Potranco,215,8/13/25 11:28 AM,Daniela Torres,,Dining Room,0.00,25.98,2.14,0.00,0.00,00:01:52
Tink-a-Tako - Potranco,217,8/13/25 11:30 AM,Daniela Torres,,Dining Room,0.00,14.94,1.23,0.00,0.00,00:06:00
Tink-a-Tako - Potranco,216,8/13/25 11:29 AM,Rosa Compean,34,Dining Room,0.00,54.06,4.43,0.00,0.00,00:24:37
Tink-a-Tako - Potranco,218,8/13/25 11:33 AM,Daniela Torres,,Dining Room,0.00,8.99,0.74,0.00,0.00,00:03:49
Tink-a-Tako - Potranco,219,8/13/25 11:33 AM,Daniela Torres,,Dining Room,0.00,9.67,0.79,0.00,0.00,00:05:57
Tink-a-Tako - Potranco,221,8/13/25 11:35 AM,Esperansa Caviedes,37,Dining Room,0.00,20.95,1.72,0.00,0.00,01:26:54
Tink-a-Tako - Potranco,222,8/13/25 11:37 AM,Daniela Torres,,Dining Room,0.00,12.99,1.07,0.00,0.00,00:03:33
Tink-a-Tako - Potranco,223,8/13/25 11:39 AM,Ivana Abundiz,,Dining Room,0.00,13.47,1.11,0.00,0.00,00:00:39
Tink-a-Tako - Potranco,224,8/13/25 11:40 AM,Daniela Torres,,Dining Room,0.00,13.16,1.08,0.00,0.00,00:02:07
Tink-a-Tako - Potranco,225,8/13/25 11:43 AM,Daniela Torres,,Dining Room,0.00,13.20,1.09,0.00,0.00,00:03:24
Tink-a-Tako - Potranco,226,8/13/25 11:44 AM,Daniela Torres,,Dining Room,0.00,3.98,0.33,0.00,0.00,00:05:17
Tink-a-Tako - Potranco,227,8/13/25 11:47 AM,Rosa Compean,25,Dining Room,0.00,35.38,2.91,2.21,0.00,00:26:01
Tink-a-Tako - Potranco,228,8/13/25 11:48 AM,Ivana Abundiz,,Dining Room,0.00,14.43,1.19,0.00,0.00,00:10:19
Tink-a-Tako - Potranco,229,8/13/25 11:52 AM,Daniela Torres,,Dining Room,0.00,23.97,1.97,0.00,0.00,00:01:04
Tink-a-Tako - Potranco,230,8/13/25 11:52 AM,Daniela Torres,,Dining Room,0.00,4.39,0.36,0.00,0.00,00:04:51
Tink-a-Tako - Potranco,233,8/13/25 11:56 AM,Esperansa Caviedes,3,Dining Room,2.03,15.77,1.29,0.00,0.00,02:12:36
Tink-a-Tako - Potranco,234,8/13/25 11:57 AM,Norma Vasquez,17,Dining Room,1.40,13.01,1.07,0.00,0.00,00:39:19
Tink-a-Tako - Potranco,235,8/13/25 11:57 AM,Daniela Torres,,Dining Room,0.00,11.67,0.96,0.00,0.00,00:03:55
Tink-a-Tako - Potranco,236,8/13/25 11:59 AM,Daniela Torres,,Dining Room,0.00,18.55,1.54,0.00,0.00,00:04:48
Tink-a-Tako - Potranco,237,8/13/25 11:59 AM,Ivana Abundiz,,Dining Room,0.00,7.96,0.66,0.00,0.00,00:01:14
Tink-a-Tako - Potranco,238,8/13/25 12:00 PM,Daniela Torres,,Dining Room,1.60,18.38,1.52,1.00,0.00,00:08:01
Tink-a-Tako - Potranco,239,8/13/25 12:00 PM,Daniela Torres,,Dining Room,0.00,12.37,1.02,0.00,0.00,00:09:10
Tink-a-Tako - Potranco,240,8/13/25 12:01 PM,Daniela Torres,,Dining Room,0.00,9.37,0.77,0.00,0.00,00:10:34
Tink-a-Tako - Potranco,241,8/13/25 12:01 PM,Ivana Abundiz,,Dining Room,0.00,21.98,1.81,0.00,0.00,00:09:26
Tink-a-Tako - Potranco,242,8/13/25 12:04 PM,Daniela Torres,,Dining Room,0.00,14.56,1.20,0.00,0.00,00:08:41
Tink-a-Tako - Potranco,243,8/13/25 12:05 PM,Daniela Torres,,Dining Room,0.00,4.28,0.36,0.00,0.00,00:07:35
Tink-a-Tako - Potranco,244,8/13/25 12:08 PM,Rosa Compean,10,Dining Room,0.00,25.98,2.14,7.00,0.00,00:37:49
Tink-a-Tako - Potranco,245,8/13/25 12:09 PM,Daniela Torres,,Dining Room,0.00,25.05,2.07,0.00,0.00,00:05:34
Tink-a-Tako - Potranco,246,8/13/25 12:12 PM,Daniela Torres,,Dining Room,0.00,16.14,1.33,0.00,0.00,00:06:52
Tink-a-Tako - Potranco,248,8/13/25 12:14 PM,Daniela Torres,,Dining Room,0.00,8.06,0.66,0.00,0.00,00:06:31
Tink-a-Tako - Potranco,249,8/13/25 12:17 PM,Daniela Torres,,Dining Room,1.00,15.97,1.32,0.00,0.00,00:05:37
Tink-a-Tako - Potranco,250,8/13/25 12:17 PM,Daniela Torres,,Dining Room,0.00,19.39,1.60,0.00,0.00,00:08:37
Tink-a-Tako - Potranco,251,8/13/25 12:22 PM,Daniela Torres,,Dining Room,0.00,24.66,2.04,0.00,0.00,00:05:48
Tink-a-Tako - Potranco,253,8/13/25 12:25 PM,Daniela Torres,,Dining Room,0.00,21.14,1.75,0.00,0.00,00:03:34
Tink-a-Tako - Potranco,252,8/13/25 12:23 PM,Norma Vasquez,11,Dining Room,0.00,76.83,6.31,0.00,0.00,00:57:37
Tink-a-Tako - Potranco,254,8/13/25 12:27 PM,Daniela Torres,,Dining Room,0.00,8.67,0.71,0.00,0.00,00:05:23
Tink-a-Tako - Potranco,255,8/13/25 12:27 PM,Daniela Torres,,Dining Room,0.00,8.67,0.72,0.00,0.00,00:06:17
Tink-a-Tako - Potranco,256,8/13/25 12:28 PM,Esperansa Caviedes,24,Dining Room,0.00,22.67,1.87,4.00,0.00,00:49:56
Tink-a-Tako - Potranco,257,8/13/25 12:30 PM,Rosa Compean,19,Dining Room,0.00,12.94,1.06,2.85,0.00,00:43:09
Tink-a-Tako - Potranco,258,8/13/25 12:31 PM,Ivana Abundiz,,Dining Room,0.00,20.90,1.72,0.00,0.00,00:08:05
Tink-a-Tako - Potranco,259,8/13/25 12:32 PM,Daniela Torres,,Dining Room,0.00,10.13,0.84,0.00,0.00,00:02:08
Tink-a-Tako - Potranco,260,8/13/25 12:37 PM,Daniela Torres,,Dining Room,0.00,11.57,0.95,0.00,0.00,00:00:48
Tink-a-Tako - Potranco,261,8/13/25 12:37 PM,Daniela Torres,,Dining Room,0.00,7.57,0.63,0.00,0.00,00:01:19
Tink-a-Tako - Potranco,262,8/13/25 12:40 PM,Daniela Torres,,Dining Room,0.00,13.17,1.09,0.00,0.00,00:01:40
Tink-a-Tako - Potranco,263,8/13/25 12:41 PM,Daniela Torres,,Dining Room,0.00,5.48,0.46,0.00,0.00,00:00:58
Tink-a-Tako - Potranco,264,8/13/25 12:42 PM,Norma Vasquez,40,Dining Room,0.00,135.87,11.19,0.00,27.17,00:30:26
Tink-a-Tako - Potranco,265,8/13/25 12:42 PM,Daniela Torres,,Dining Room,0.00,4.00,0.33,0.00,0.00,00:06:05
Tink-a-Tako - Potranco,266,8/13/25 12:43 PM,Esperansa Caviedes,25,Dining Room,0.00,18.98,1.57,2.00,0.00,00:31:42
Tink-a-Tako - Potranco,268,8/13/25 12:44 PM,Daniela Torres,,Dining Room,0.00,6.99,0.58,0.00,0.00,00:00:37
Tink-a-Tako - Potranco,269,8/13/25 12:52 PM,Daniela Torres,,Dining Room,0.00,16.45,1.35,0.00,0.00,00:01:47
Tink-a-Tako - Potranco,270,8/13/25 12:53 PM,Daniela Torres,,Dining Room,0.00,9.77,0.80,0.00,0.00,00:02:36
Tink-a-Tako - Potranco,272,8/13/25 1:02 PM,Rosa Compean,32,Dining Room,0.00,12.98,1.07,0.00,0.00,00:29:34
Tink-a-Tako - Potranco,271,8/13/25 1:02 PM,Norma Vasquez,10,Dining Room,0.00,13.98,1.16,0.00,0.00,00:28:23
Tink-a-Tako - Potranco,273,8/13/25 1:05 PM,Daniela Torres,,Dining Room,0.00,8.96,0.74,0.00,0.00,00:00:36
Tink-a-Tako - Potranco,274,8/13/25 1:06 PM,Daniela Torres,,Dining Room,0.00,6.38,0.52,0.00,0.00,00:03:24
Tink-a-Tako - Potranco,275,8/13/25 1:09 PM,Daniela Torres,,Dining Room,0.00,14.99,1.24,0.00,0.00,00:08:09
Tink-a-Tako - Potranco,277,8/13/25 1:17 PM,Esperansa Caviedes,7,Dining Room,0.00,29.62,2.44,0.00,0.00,00:52:47
Tink-a-Tako - Potranco,278,8/13/25 1:20 PM,Daniela Torres,,Dining Room,0.00,4.17,0.34,0.00,0.00,00:03:30
Tink-a-Tako - Potranco,279,8/13/25 1:32 PM,Norma Vasquez,25,Dining Room,0.00,15.44,1.27,0.00,0.00,00:23:30
Tink-a-Tako - Potranco,281,8/13/25 1:34 PM,Rosa Compean,22,Dining Room,0.00,15.69,1.29,4.00,0.00,00:24:03
Tink-a-Tako - Potranco,280,8/13/25 1:33 PM,Esperansa Caviedes,23,Dining Room,0.00,29.66,2.43,0.00,0.00,00:32:46
Tink-a-Tako - Potranco,282,8/13/25 1:34 PM,Rosa Compean,33,Dining Room,0.00,16.94,1.39,5.00,0.00,00:29:03
Tink-a-Tako - Potranco,283,8/13/25 1:41 PM,Esperansa Caviedes,10,Dining Room,0.00,12.98,1.07,0.00,0.00,00:29:17
Tink-a-Tako - Potranco,284,8/13/25 1:43 PM,Norma Vasquez,32,Dining Room,0.00,34.16,2.81,5.00,0.00,00:43:03
Tink-a-Tako - Potranco,285,8/13/25 1:46 PM,Daniela Torres,,Dining Room,0.00,6.78,0.56,0.00,0.00,00:00:30
Tink-a-Tako - Potranco,287,8/13/25 1:47 PM,Rosa Compean,38,Dining Room,0.00,24.43,2.01,0.00,0.00,00:30:39
Tink-a-Tako - Potranco,288,8/13/25 2:00 PM,Norma Vasquez,12,Dining Room,0.00,15.19,1.25,0.00,0.00,00:21:28
Tink-a-Tako - Potranco,289,8/13/25 2:14 PM,Mayra Luna,,Dining Room,0.00,6.57,0.54,0.00,0.00,00:05:44
Tink-a-Tako - Potranco,291,8/13/25 2:15 PM,Sergio Abundiz,18,Dining Room,0.00,12.69,1.04,0.00,0.00,00:31:39
Tink-a-Tako - Potranco,292,8/13/25 2:18 PM,Mayra Luna,,Dining Room,0.00,17.30,1.42,0.00,0.00,00:08:25
Tink-a-Tako - Potranco,293,8/13/25 2:22 PM,Juan  Camacho,37,Dining Room,0.00,11.68,0.96,0.00,0.00,00:16:42
Tink-a-Tako - Potranco,294,8/13/25 2:25 PM,Sergio Abundiz,36,Dining Room,0.00,22.43,1.84,5.00,0.00,00:31:24
Tink-a-Tako - Potranco,295,8/13/25 2:31 PM,Mayra Luna,,None,1.15,10.34,0.85,0.00,0.00,00:06:46
Tink-a-Tako - Potranco,296,8/13/25 2:35 PM,Mayra Luna,,None,0.00,15.98,1.32,3.00,0.00,00:05:22
Tink-a-Tako - Potranco,298,8/13/25 2:36 PM,Juan  Camacho,25,Dining Room,0.00,26.67,2.19,5.00,0.00,00:25:30
Tink-a-Tako - Potranco,299,8/13/25 2:39 PM,Sergio Abundiz,23,Dining Room,0.00,34.08,2.81,7.00,0.00,00:32:22
Tink-a-Tako - Potranco,300,8/13/25 2:47 PM,Mayra Luna,,Dining Room,0.00,26.68,2.19,0.00,0.00,00:06:51
Tink-a-Tako - Potranco,301,8/13/25 2:51 PM,Juan  Camacho,32,Dining Room,0.00,38.20,3.14,10.00,0.00,00:47:36
Tink-a-Tako - Potranco,302,8/13/25 2:52 PM,Mayra Luna,,Dining Room,0.00,16.98,1.40,0.00,0.00,00:03:21
Tink-a-Tako - Potranco,303,8/13/25 2:57 PM,Mayra Luna,,Dining Room,0.00,21.37,1.76,2.00,0.00,00:06:12
Tink-a-Tako - Potranco,304,8/13/25 3:00 PM,Mayra Luna,,Dining Room,0.00,27.96,2.31,3.00,0.00,00:07:55
Tink-a-Tako - Potranco,305,8/13/25 3:07 PM,Sergio Abundiz,7,Dining Room,0.00,23.90,1.96,5.00,0.00,00:40:51
Tink-a-Tako - Potranco,306,8/13/25 3:14 PM,Juan  Camacho,37,Dining Room,0.00,3.45,0.28,0.00,0.00,05:55:00
Tink-a-Tako - Potranco,307,8/13/25 3:19 PM,Melissa Urena,,Dining Room,0.00,12.36,1.02,0.00,0.00,00:01:28
Tink-a-Tako - Potranco,308,8/13/25 3:20 PM,Melissa Urena,,Dining Room,0.00,14.43,1.19,0.00,0.00,00:04:55
Tink-a-Tako - Potranco,309,8/13/25 3:35 PM,Sergio Abundiz,39,Dining Room,0.00,26.22,2.16,5.00,0.00,00:27:52
Tink-a-Tako - Potranco,310,8/13/25 3:40 PM,Melissa Urena,,Dining Room,0.00,5.24,0.43,0.00,0.00,00:00:29
Tink-a-Tako - Potranco,312,8/13/25 3:48 PM,Sergio Abundiz,,Dining Room,0.00,2.99,0.25,0.00,0.00,00:00:57
Tink-a-Tako - Potranco,313,8/13/25 3:49 PM,Juan  Camacho,33,Dining Room,0.00,59.14,4.87,0.00,0.00,00:36:01
Tink-a-Tako - Potranco,311,8/13/25 3:40 PM,Melissa Urena,,Dining Room,0.00,14.64,1.21,0.00,0.00,00:24:45
Tink-a-Tako - Potranco,315,8/13/25 4:08 PM,Melissa Urena,,Dining Room,1.90,17.08,1.41,4.51,0.00,00:02:00
Tink-a-Tako - Potranco,317,8/13/25 4:11 PM,Juan  Camacho,36,Dining Room,0.00,5.49,0.45,0.00,0.00,00:28:22
Tink-a-Tako - Potranco,318,8/13/25 4:11 PM,Sergio Abundiz,32,Dining Room,0.00,40.46,3.32,4.00,0.00,00:37:26
Tink-a-Tako - Potranco,319,8/13/25 4:23 PM,Melissa Urena,,Dining Room,0.00,4.99,0.41,0.00,0.00,00:01:05
Tink-a-Tako - Potranco,320,8/13/25 4:23 PM,Melissa Urena,,Dining Room,0.00,13.43,1.10,0.00,0.00,00:04:53
Tink-a-Tako - Potranco,321,8/13/25 4:25 PM,Melissa Urena,,Dining Room,0.00,6.48,0.53,0.00,0.00,00:04:07
Tink-a-Tako - Potranco,322,8/13/25 4:29 PM,Melissa Urena,,Dining Room,0.00,18.68,1.54,0.00,0.00,00:02:37
Tink-a-Tako - Potranco,323,8/13/25 4:30 PM,Melissa Urena,,Dining Room,0.00,10.35,0.86,0.00,0.00,00:05:43
Tink-a-Tako - Potranco,324,8/13/25 4:32 PM,Sergio Abundiz,24,Dining Room,0.00,10.27,0.85,2.00,0.00,01:30:36
Tink-a-Tako - Potranco,325,8/13/25 4:33 PM,Melissa Urena,,Dining Room,0.00,44.87,3.69,0.00,0.00,00:05:53
Tink-a-Tako - Potranco,326,8/13/25 4:33 PM,Melissa Urena,,Dining Room,0.00,27.48,2.26,0.00,0.00,00:14:33
Tink-a-Tako - Potranco,327,8/13/25 4:36 PM,Juan  Camacho,34,Dining Room,0.00,29.88,2.45,0.00,0.00,00:40:55
Tink-a-Tako - Potranco,328,8/13/25 4:38 PM,Sergio Abundiz,38,Dining Room,0.00,15.44,1.27,2.50,0.00,00:46:44
Tink-a-Tako - Potranco,329,8/13/25 4:42 PM,Melissa Urena,,Dining Room,0.00,18.71,1.54,0.00,0.00,00:07:15
Tink-a-Tako - Potranco,330,8/13/25 4:43 PM,Melissa Urena,,Dining Room,0.00,5.44,0.45,0.00,0.00,00:07:29
Tink-a-Tako - Potranco,331,8/13/25 4:43 PM,Juan  Camacho,36,Dining Room,0.00,27.08,2.22,0.00,0.00,00:38:14
Tink-a-Tako - Potranco,332,8/13/25 4:46 PM,Sergio Abundiz,33,Dining Room,0.00,18.77,1.55,4.00,0.00,00:16:27
Tink-a-Tako - Potranco,333,8/13/25 4:49 PM,Juan  Camacho,35,Dining Room,0.00,24.96,2.06,0.00,0.00,00:49:19
Tink-a-Tako - Potranco,334,8/13/25 4:53 PM,Melissa Urena,,Dining Room,0.00,35.96,2.97,0.00,0.00,00:05:05
Tink-a-Tako - Potranco,335,8/13/25 4:59 PM,Juan  Camacho,3,Dining Room,0.00,34.46,2.84,0.00,0.00,00:31:46
Tink-a-Tako - Potranco,336,8/13/25 5:13 PM,Melissa Urena,,Dining Room,0.00,3.78,0.31,0.00,0.00,00:00:46
Tink-a-Tako - Potranco,337,8/13/25 5:14 PM,Melissa Urena,,Dining Room,0.00,21.27,1.76,0.00,0.00,00:03:28
Tink-a-Tako - Potranco,338,8/13/25 5:37 PM,Juan  Camacho,42,Dining Room,0.00,9.24,0.76,0.00,0.00,00:31:22
Tink-a-Tako - Potranco,339,8/13/25 5:40 PM,Sergio Abundiz,33,Dining Room,0.00,43.85,3.61,10.00,0.00,00:41:43
Tink-a-Tako - Potranco,340,8/13/25 5:41 PM,Melissa Urena,,Dining Room,0.00,25.86,2.14,0.00,0.00,00:00:18
Tink-a-Tako - Potranco,342,8/13/25 5:44 PM,Sergio Abundiz,32,Dining Room,0.00,18.62,1.52,2.79,0.00,00:28:32
Tink-a-Tako - Potranco,341,8/13/25 5:42 PM,Melissa Urena,,Dining Room,0.00,46.96,3.87,5.00,0.00,00:06:55
Tink-a-Tako - Potranco,343,8/13/25 5:56 PM,Juan  Camacho,,Dining Room,0.00,29.43,2.42,0.00,0.00,00:13:38
Tink-a-Tako - Potranco,344,8/13/25 5:57 PM,Sergio Abundiz,38,Dining Room,0.00,24.88,2.04,5.00,0.00,00:34:21
Tink-a-Tako - Potranco,345,8/13/25 6:18 PM,Juan  Camacho,25,Dining Room,0.00,33.81,2.79,6.00,0.00,00:34:39
Tink-a-Tako - Potranco,346,8/13/25 6:27 PM,Sergio Abundiz,22,Dining Room,0.00,9.19,0.75,2.00,0.00,00:27:50
Tink-a-Tako - Potranco,347,8/13/25 6:27 PM,Melissa Urena,,Dining Room,0.00,21.93,1.82,0.00,0.00,00:00:50
Tink-a-Tako - Potranco,348,8/13/25 6:28 PM,Melissa Urena,,Dining Room,0.00,18.95,1.57,0.00,0.00,00:10:46
Tink-a-Tako - Potranco,350,8/13/25 6:39 PM,Juan  Camacho,33,Dining Room,0.00,29.67,2.44,0.00,0.00,01:23:50
Tink-a-Tako - Potranco,349,8/13/25 6:39 PM,Melissa Urena,,Dining Room,0.00,4.98,0.41,0.00,0.00,00:03:30
Tink-a-Tako - Potranco,352,8/13/25 6:50 PM,Sergio Abundiz,,Dining Room,0.00,13.98,1.15,0.00,0.00,00:01:10
Tink-a-Tako - Potranco,351,8/13/25 6:42 PM,Melissa Urena,,Dining Room,3.20,28.77,2.37,3.00,0.00,00:25:41
Tink-a-Tako - Potranco,353,8/13/25 6:57 PM,Melissa Urena,,Dining Room,0.00,3.49,0.29,0.00,0.00,00:13:11
Tink-a-Tako - Potranco,354,8/13/25 7:05 PM,Melissa Urena,,Dining Room,0.00,4.49,0.37,0.00,0.00,00:05:35
Tink-a-Tako - Potranco,355,8/13/25 7:09 PM,Melissa Urena,,Dining Room,0.00,11.99,0.99,0.00,0.00,00:04:51
Tink-a-Tako - Potranco,356,8/13/25 7:15 PM,Melissa Urena,,Dining Room,0.00,26.53,2.19,0.00,0.00,00:01:15
Tink-a-Tako - Potranco,357,8/13/25 7:25 PM,Melissa Urena,,Dining Room,0.00,19.42,1.60,0.00,0.00,00:00:36
Tink-a-Tako - Potranco,359,8/13/25 7:56 PM,Sergio Abundiz,25,Dining Room,0.00,20.47,1.68,0.00,0.00,00:27:31
Tink-a-Tako - Potranco,358,8/13/25 7:26 PM,Melissa Urena,,Dining Room,0.00,33.12,2.72,0.00,0.00,00:38:28
Tink-a-Tako - Potranco,360,8/13/25 8:03 PM,Juan  Camacho,9,Dining Room,0.00,26.16,2.15,5.00,0.00,00:25:29
Tink-a-Tako - Potranco,361,8/13/25 8:07 PM,Sergio Abundiz,24,Dining Room,0.00,33.68,2.77,6.55,0.00,00:39:14
Tink-a-Tako - Potranco,363,8/13/25 8:30 PM,Melissa Urena,,Dining Room,0.00,8.99,0.74,0.00,0.00,00:00:23
Tink-a-Tako - Potranco,364,8/13/25 8:30 PM,Juan  Camacho,33,Dining Room,0.00,10.23,0.85,0.00,0.00,00:29:25
Tink-a-Tako - Potranco,365,8/13/25 8:30 PM,Melissa Urena,,Dining Room,0.00,13.98,1.15,0.00,0.00,00:09:35
