,Location,Employee,Job Title,In Date,Shift Closed Date,Out Date,Hours,Cash Tips Decl.,Cash on Hand,Cash in Drawer,Non-Cash Tips,Cash Gratuity,Non-Cash Gratuity,Tips Withheld,Non-Cash Sales,Cash Sales,Total Sales,Cash Collected?,Tips Paid?,Open,Paid,Closed,Tip Share Total
800000028280720741,Tink-a-Tako - Potranco,Rosie  ORDONEZ,Shift Manager / Assistant Manager,8/13/25 5:37 AM,8/13/25 2:15 PM,8/13/25 2:15 PM,8.63,,0.00,0.00,0.00,0.00,0.00,0.00,0.00,0.00,0.00,yes,yes,0,0,0,0.00
800000028280820505,Tink-a-Tako - Potranco,Daniela Torres,Drive-Thru,8/13/25 6:04 AM,8/13/25 1:59 PM,8/13/25 2:25 PM,8.36,,354.32,0.00,30.00,0.00,0.00,0.00,1351.27,354.32,1705.59,yes,yes,0,0,148,0.00
800000028280860817,Tink-a-Tako - Potranco,Norma Vasquez,Server,8/13/25 6:11 AM,8/13/25 2:31 PM,8/13/25 2:31 PM,8.33,,163.57,0.00,66.95,0.00,43.23,0.00,865.93,163.57,1029.50,yes,yes,0,0,41,0.00
800000028281784378,Tink-a-Tako - Potranco,Ivana Abundiz,Host,8/13/25 7:44 AM,8/13/25 1:51 PM,8/13/25 2:05 PM,6.35,,0.00,45.24,6.50,0.00,0.00,0.00,246.95,45.24,292.19,yes,yes,0,0,18,0.00
800000028281818840,Tink-a-Tako - Potranco,Esperansa Caviedes,Server,8/13/25 7:46 AM,8/13/25 2:13 PM,8/14/25 4:00 AM,20.22,0.00,165.14,0.00,67.40,0.00,0.00,0.00,473.01,165.14,638.15,yes,yes,0,0,25,0.00
800000028281982793,Tink-a-Tako - Potranco,Rosa Compean,Server,8/13/25 7:57 AM,8/13/25 2:18 PM,8/13/25 2:18 PM,6.35,,81.01,0.00,66.81,0.00,0.00,0.00,566.76,81.01,647.77,yes,yes,0,0,30,0.00
800000028291746438,Tink-a-Tako - Potranco,Sergio Abundiz,Server,8/13/25 1:22 PM,8/13/25 9:00 PM,8/13/25 9:22 PM,7.99,,35.88,0.00,60.84,0.00,0.00,0.00,366.61,35.88,402.49,yes,yes,0,0,18,0.00
800000028292785688,Tink-a-Tako - Potranco,Jesus Calderon,Cook,8/13/25 1:51 PM,8/13/25 8:55 PM,8/13/25 8:55 PM,7.05,,0.00,0.00,0.00,0.00,0.00,0.00,0.00,0.00,0.00,yes,yes,0,0,0,0.00
800000028293410182,Tink-a-Tako - Potranco,Juan  Camacho,Server,8/13/25 2:09 PM,8/13/25 9:09 PM,8/13/25 9:36 PM,7.44,,151.51,0.00,26.00,0.00,0.00,0.00,280.91,151.51,432.42,yes,yes,0,0,16,0.00
800000028293456238,Tink-a-Tako - Potranco,Mayra Luna,Shift Manager / Assistant Manager,8/13/25 2:10 PM,8/13/25 8:48 PM,8/13/25 9:36 PM,7.42,,0.00,58.78,8.00,0.00,0.00,0.00,96.19,58.78,154.97,yes,yes,0,0,8,0.00
800000028295694557,Tink-a-Tako - Potranco,Melissa Urena,Drive-Thru,8/13/25 3:17 PM,8/13/25 9:18 PM,8/13/25 9:19 PM,6.02,,154.85,0.00,12.51,0.00,0.00,0.00,434.71,154.85,589.56,yes,yes,0,0,31,0.00
800000028297247772,Tink-a-Tako - Potranco,Jonathan Rueda,Busser,8/13/25 4:02 PM,8/13/25 9:00 PM,8/13/25 9:00 PM,4.98,,0.00,0.00,0.00,0.00,0.00,0.00,0.00,0.00,0.00,yes,yes,0,0,0,0.00
