Employee,Job Title,In Date,Out Date,Auto Clock-out,Total Hours,Unpaid Break Time,Paid Break Time,Payable Hours
"Ramirez Perez, Silvia",Cook,8/13/25 5:23 AM,8/13/25 2:00 PM,No,8.62,0.00,0.00,8.62
"Aviles, Genaro",Cook,8/13/25 5:25 AM,8/13/25 2:08 PM,No,8.72,0.00,0.00,8.72
"Diaz, Diego",Cook,8/13/25 5:28 AM,8/13/25 2:12 PM,No,8.73,0.00,0.00,8.73
"Alvarado, Rodolfo",Cook,8/13/25 5:35 AM,8/13/25 2:00 PM,No,8.40,0.00,0.00,8.40
"ORDONEZ, Rosie ",Shift Manager / Assistant Manager,8/13/25 5:37 AM,8/13/25 2:15 PM,No,8.63,0.00,0.00,8.63
"Torres, Daniela",Drive-Thru,8/13/25 6:04 AM,8/13/25 2:25 PM,No,8.36,0.00,0.00,8.36
"Vasquez, Norma",Server,8/13/25 6:11 AM,8/13/25 2:31 PM,No,8.33,0.00,0.00,8.33
"Abundiz, Ivana",Host,8/13/25 7:44 AM,8/13/25 2:05 PM,No,6.35,0.00,0.00,6.35
"Caviedes, Esperansa",Server,8/13/25 7:46 AM,8/14/25 4:00 AM,Yes,20.22,0.00,0.00,20.22
"Compean, Rosa",Server,8/13/25 7:57 AM,8/13/25 2:18 PM,No,6.35,0.00,0.00,6.35
"Trevino, Melissa",Dishwasher,8/13/25 8:23 AM,8/13/25 2:46 PM,No,6.39,0.00,0.00,6.39
"Serrato, Joshua ",Busser,8/13/25 9:02 AM,8/13/25 1:16 PM,No,4.23,0.00,0.00,4.23
"Abundiz, Sergio",Server,8/13/25 1:22 PM,8/13/25 9:22 PM,No,7.99,0.00,0.00,7.99
"Gonzalez, Maria ",Tortillero,8/13/25 1:46 PM,8/13/25 9:13 PM,No,7.45,0.00,0.00,7.45
"Calderon, Jesus",Cook,8/13/25 1:51 PM,8/13/25 8:55 PM,No,7.05,0.00,0.00,7.05
"ROJAS, JAIME",Dishwasher,8/13/25 1:57 PM,8/13/25 9:22 PM,No,7.42,0.00,0.00,7.42
"Gonzales (Line) , Maria",Cook,8/13/25 2:01 PM,8/13/25 9:01 PM,No,7.01,0.00,0.00,7.01
"Camacho, Juan ",Server,8/13/25 2:09 PM,8/13/25 9:36 PM,No,7.44,0.00,0.00,7.44
"Luna, Mayra",Shift Manager / Assistant Manager,8/13/25 2:10 PM,8/13/25 9:36 PM,No,7.42,0.00,0.00,7.42
"Urena, Melissa",Drive-Thru,8/13/25 3:17 PM,8/13/25 9:19 PM,No,6.02,0.00,0.00,6.02
"Rueda, Jonathan",Busser,8/13/25 4:02 PM,8/13/25 9:00 PM,No,4.98,0.00,0.00,4.98
