Order #,Opened Date,Void Date,Server,Approver,Item Name,Reason,Item Quantity,Total Price
306,8/13/25 3:14 PM,8/13/25 9:09 PM,Juan  Camacho,Mayra Luna,Gordita Plate,Customer Changed Mind,1.0,13.99
306,8/13/25 3:14 PM,8/13/25 9:09 PM,Juan  Camacho,Mayra Luna,Side Sour Cream,Customer Changed Mind,1.0,1.00
306,8/13/25 3:14 PM,8/13/25 9:09 PM,Juan  Camacho,Mayra Luna,TO GO,Customer Changed Mind,1.0,0.25
306,8/13/25 3:14 PM,8/13/25 9:09 PM,Juan  Camacho,Mayra Luna,W Borracho,Customer Changed Mind,1.0,0.50
359,8/13/25 7:56 PM,8/13/25 8:22 PM,Sergio Abundiz,Mayra Luna,Coffee,Customer Changed Mind,1.0,2.99
