Employee,Job Title,Regular Hours,Overtime Hours,Hourly Rate,Regular Pay,Overtime Pay,Total Pay,Net Sales,Declared Tips,Non-Cash Tips,Total Tips,Tips Withheld,Total Gratuity,Employee ID,Job Code,Location,Location Code
"CASHIER, AM",General Manager,11.53,0.0,,,,,152.90,0.00,2.00,2.00,0.00,0.00,,,2919 Blanco Rd,
"Cin, Cin",Drive-Thru,4.07,0.0,,,,,161.50,,5.00,5.00,0.00,0.00,,,2919 Blanco Rd,
"Hernandez, Celinda",Cook,8.9,0.0,16.00,142.40,0.00,142.40,0.00,,0.00,0.00,0.00,0.00,,,2919 Blanco Rd,
"Hernandez, Fidelia ",Cook,8.64,0.0,14.00,120.96,0.00,120.96,0.00,,0.00,0.00,0.00,0.00,,,2919 Blanco Rd,
"Martinez , Sami",Server,12.42,0.0,3.00,37.26,0.00,37.26,827.35,,69.51,69.51,0.00,0.00,,,2919 Blanco Rd,
"Ovalle , Martina",Drive-Thru,10.46,0.0,,,,,1482.30,,31.52,31.52,0.00,0.00,,,2919 Blanco Rd,
"Rivera, Dante Antonio ",Cook,6.83,0.0,,,,,0.00,,0.00,0.00,0.00,0.00,,,2919 Blanco Rd,
"Salazar, Betty",Chef,14.82,0.0,,,,,0.00,0.00,0.00,0.00,0.00,0.00,,,2919 Blanco Rd,
"Salazar, Maria ",Shift Manager / Assistant Manager,7.15,0.0,,,,,252.28,,10.69,10.69,0.00,0.00,,,2919 Blanco Rd,
"Villalobos , Veronica ",Cook,6.62,0.0,14.00,92.68,0.00,92.68,0.00,,0.00,0.00,0.00,0.00,,,2919 Blanco Rd,
