Employee,Job Title,In Date,Out Date,Auto Clock-out,Total Hours,Unpaid Break Time,Paid Break Time,Payable Hours
"Hernandez, Celinda",Cook,9/2/25 5:09 AM,9/2/25 2:03 PM,No,8.90,0.00,0.00,8.90
"Hernandez, Fidelia ",Cook,9/2/25 5:28 AM,9/2/25 2:06 PM,No,8.64,0.00,0.00,8.64
"Salazar, Maria ",Shift Manager / Assistant Manager,9/2/25 5:57 AM,9/2/25 1:06 PM,No,7.15,0.00,0.00,7.15
"Salazar, Betty",Chef,9/2/25 6:01 AM,9/2/25 8:50 PM,No,14.82,0.00,0.00,14.82
"Ovalle , Martina",Drive-Thru,9/2/25 6:08 AM,9/2/25 4:35 PM,No,10.46,0.00,0.00,10.46
"Villalobos , Veronica ",Cook,9/2/25 7:24 AM,9/2/25 2:02 PM,No,6.62,0.00,0.00,6.62
"Martinez , Sami",Server,9/2/25 8:02 AM,9/2/25 12:51 PM,No,4.82,0.00,0.00,4.82
"Martinez , Sami",Server,9/2/25 12:51 PM,9/2/25 8:27 PM,No,7.60,0.00,0.00,7.60
"Cin, Cin",Drive-Thru,9/2/25 4:25 PM,9/2/25 8:30 PM,No,4.07,0.00,0.00,4.07
"CASHIER, AM",General Manager,9/2/25 4:28 PM,9/3/25 4:00 AM,Yes,11.53,0.00,0.00,11.53
"Rivera, Dante Antonio ",Cook,9/2/25 2:00 PM,9/2/25 8:50 PM,No,6.83,0.00,0.00,6.83
