Check #,Table,Payment Type,Server,Cashier,Tip,Amount,Cash Drawer,Date,Opened Date
2,,CREDIT,Sugey,Sugey,3.69,11.31,,8/10/25 7:57 AM,8/10/25 7:56 AM
1,,CASH,Mario,Mario,0.00,21.71,DRIVE THRU 1,8/10/25 8:09 AM,8/10/25 8:08 AM
10,,CREDIT,Mario,Mario,0.00,2.15,,8/10/25 8:15 AM,8/10/25 8:11 AM
5,,CREDIT,siri,siri,0.00,56.55,,8/10/25 8:22 AM,8/10/25 8:09 AM
13,,CREDIT,siri,siri,0.00,12.08,,8/10/25 8:22 AM,8/10/25 8:14 AM
11,,CREDIT,Mario,Mario,2.98,16.15,,8/10/25 8:24 AM,8/10/25 8:23 AM
16,,CREDIT,Mario,Mario,0.00,12.19,,8/10/25 8:29 AM,8/10/25 8:24 AM
18,,CREDIT,Mario,Mario,1.00,12.30,,8/10/25 8:31 AM,8/10/25 8:24 AM
19,,CREDIT,Mario,Mario,2.45,12.07,,8/10/25 8:33 AM,8/10/25 8:29 AM
7,,CREDIT,Mario,Mario,0.00,23.65,,8/10/25 8:34 AM,8/10/25 8:09 AM
4,14,CREDIT,Sugey,Sugey,6.00,38.94,,8/10/25 8:39 AM,8/10/25 8:05 AM
25,,CREDIT,Mario,Mario,2.00,31.06,,8/10/25 8:42 AM,8/10/25 8:41 AM
27,,CASH,Mario,Mario,0.00,3.02,DRIVE THRU 1,8/10/25 8:47 AM,8/10/25 8:46 AM
12,11,CREDIT,Sugey,Sugey,0.00,56.93,,8/10/25 8:54 AM,8/10/25 8:16 AM
36,,CREDIT,Mario,Mario,6.67,32.85,,8/10/25 8:56 AM,8/10/25 8:55 AM
30,,CREDIT,siri,siri,0.00,21.98,,8/10/25 9:02 AM,8/10/25 8:48 AM
38,,CREDIT,Mario,Mario,0.00,17.35,,8/10/25 9:04 AM,8/10/25 8:58 AM
22,,CREDIT,Candy,siri,0.00,14.14,,8/10/25 9:04 AM,8/10/25 8:38 AM
33,,CREDIT,siri,siri,0.00,10.33,,8/10/25 9:09 AM,8/10/25 8:50 AM
40,,CREDIT,Mario,Mario,2.84,20.49,,8/10/25 9:09 AM,8/10/25 8:59 AM
41,,CREDIT,Mario,Mario,0.00,4.31,,8/10/25 9:10 AM,8/10/25 9:04 AM
15,3,CREDIT,Leticia,Leticia,4.00,41.86,,8/10/25 9:11 AM,8/10/25 8:23 AM
43,,CREDIT,Mario,Mario,0.00,38.98,,8/10/25 9:11 AM,8/10/25 9:06 AM
23,1,CASH,Sugey,Sugey,0.00,36.19,,8/10/25 9:13 AM,8/10/25 8:39 AM
46,,CREDIT,Mario,Mario,1.00,10.88,,8/10/25 9:16 AM,8/10/25 9:10 AM
49,,CASH,Mario,Mario,0.00,16.65,DRIVE THRU 1,8/10/25 9:17 AM,8/10/25 9:11 AM
48,,CREDIT,Emanuel,siri,2.00,32.09,,8/10/25 9:17 AM,8/10/25 9:09 AM
50,,CREDIT,Mario,Mario,5.36,38.67,,8/10/25 9:20 AM,8/10/25 9:20 AM
44,,CREDIT,Mario,Mario,4.18,20.59,,8/10/25 9:26 AM,8/10/25 9:09 AM
53,,CASH,Mario,Mario,0.00,4.09,DRIVE THRU 1,8/10/25 9:28 AM,8/10/25 9:25 AM
55,,CASH,Mario,Mario,0.00,13.07,DRIVE THRU 1,8/10/25 9:29 AM,8/10/25 9:26 AM
39,2,CREDIT,Sugey,Sugey,6.00,21.48,,8/10/25 9:31 AM,8/10/25 8:59 AM
58,,CASH,Mario,Mario,0.00,8.08,DRIVE THRU 1,8/10/25 9:33 AM,8/10/25 9:30 AM
64,,CREDIT,Mario,Mario,0.00,26.31,,8/10/25 9:39 AM,8/10/25 9:38 AM
6,35,CREDIT,Sugey,,10.00,57.42,,8/10/25 9:40 AM,8/10/25 8:09 AM
28,6,CREDIT,Leticia,Leticia,5.00,25.37,,8/10/25 9:40 AM,8/10/25 8:44 AM
47,15,CREDIT,Gabriel,Gabriel,4.00,21.62,,8/10/25 9:41 AM,8/10/25 9:08 AM
45,31,CREDIT,Gabriel,Gabriel,3.59,41.05,,8/10/25 9:43 AM,8/10/25 9:07 AM
66,,CREDIT,Mario,Mario,1.98,10.74,,8/10/25 9:44 AM,8/10/25 9:39 AM
68,,CREDIT,Mario,Mario,1.14,5.61,,8/10/25 9:45 AM,8/10/25 9:44 AM
42,6,CREDIT,Leticia,Leticia,3.06,24.94,,8/10/25 9:49 AM,8/10/25 9:04 AM
71,,CREDIT,Mario,Mario,0.00,10.26,,8/10/25 9:50 AM,8/10/25 9:48 AM
73,,CASH,Mario,Mario,0.00,9.92,DRIVE THRU 1,8/10/25 9:53 AM,8/10/25 9:49 AM
75,,CREDIT,Mario,Mario,3.13,22.58,,8/10/25 9:54 AM,8/10/25 9:49 AM
65,2,CREDIT,Sugey,Sugey,0.00,4.96,,8/10/25 9:55 AM,8/10/25 9:38 AM
21,16,CASH,Sugey,Sugey,0.00,9.72,,8/10/25 10:00 AM,8/10/25 8:35 AM
77,,CREDIT,Mario,Mario,0.00,7.87,,8/10/25 10:01 AM,8/10/25 9:50 AM
57,34,CREDIT,Adrian,Adrian,2.00,8.65,,8/10/25 10:01 AM,8/10/25 9:29 AM
78,,CREDIT,Mario,Mario,0.00,15.10,,8/10/25 10:02 AM,8/10/25 9:55 AM
79,,CREDIT,Mario,Mario,0.00,9.94,,8/10/25 10:03 AM,8/10/25 9:55 AM
52,21,CREDIT,Rosalinda,,6.29,34.05,,8/10/25 10:03 AM,8/10/25 9:22 AM
80,,CREDIT,Mario,Mario,0.00,10.37,,8/10/25 10:03 AM,8/10/25 10:01 AM
81,,CREDIT,siri,siri,1.00,29.01,,8/10/25 10:05 AM,8/10/25 10:00 AM
85,,CASH,Mario,Mario,0.00,4.31,DRIVE THRU 1,8/10/25 10:07 AM,8/10/25 10:02 AM
86,,CREDIT,Mario,Mario,5.47,39.45,,8/10/25 10:08 AM,8/10/25 10:04 AM
90,,CREDIT,Mario,Mario,0.00,27.32,,8/10/25 10:14 AM,8/10/25 10:05 AM
93,,CREDIT,Mario,Mario,5.74,31.04,,8/10/25 10:16 AM,8/10/25 10:08 AM
67,8,CREDIT,Leticia,Leticia,0.00,38.03,,8/10/25 10:17 AM,8/10/25 9:42 AM
94,,CASH,Mario,Mario,0.00,43.03,DRIVE THRU 1,8/10/25 10:18 AM,8/10/25 10:10 AM
70,1,CREDIT,Sugey,,4.00,47.02,,8/10/25 10:18 AM,8/10/25 9:44 AM
60,23,CREDIT,Leticia,Leticia,7.00,37.53,,8/10/25 10:18 AM,8/10/25 9:33 AM
104,,CREDIT,siri,siri,1.00,7.33,,8/10/25 10:19 AM,8/10/25 10:18 AM
63,18,CREDIT,Rosalinda,Emanuel,8.00,60.54,,8/10/25 10:20 AM,8/10/25 9:36 AM
74,11,CREDIT,Rosalinda,Rosalinda,0.00,25.95,,8/10/25 10:22 AM,8/10/25 9:49 AM
97,,CREDIT,Mario,Mario,0.00,9.81,,8/10/25 10:23 AM,8/10/25 10:15 AM
100,,CREDIT,Mario,Mario,0.00,9.49,,8/10/25 10:24 AM,8/10/25 10:15 AM
62,14,CREDIT,Gabriel,Gabriel,6.00,35.53,,8/10/25 10:25 AM,8/10/25 9:35 AM
88,,CREDIT,siri,siri,0.00,25.91,,8/10/25 10:26 AM,8/10/25 10:05 AM
101,,CASH,Mario,Mario,0.00,5.50,DRIVE THRU 1,8/10/25 10:26 AM,8/10/25 10:18 AM
110,,CREDIT,Mario,Mario,2.47,17.80,,8/10/25 10:27 AM,8/10/25 10:23 AM
116,,CREDIT,siri,siri,2.00,12.98,,8/10/25 10:27 AM,8/10/25 10:27 AM
76,29,CREDIT,Gabriel,,5.00,36.75,,8/10/25 10:27 AM,8/10/25 9:50 AM
72,12,CREDIT,Adrian,Adrian,9.75,52.80,,8/10/25 10:28 AM,8/10/25 9:51 AM
89,,CREDIT,Mario,Mario,5.69,41.05,,8/10/25 10:28 AM,8/10/25 10:05 AM
114,,CREDIT,Mario,Mario,4.71,34.03,,8/10/25 10:30 AM,8/10/25 10:26 AM
82,25,CREDIT,Adrian,Adrian,5.00,41.68,,8/10/25 10:31 AM,8/10/25 10:00 AM
121,,CREDIT,siri,siri,0.00,20.84,,8/10/25 10:32 AM,8/10/25 10:32 AM
117,,CASH,Mario,Mario,0.00,10.79,DRIVE THRU 1,8/10/25 10:32 AM,8/10/25 10:28 AM
124,,CREDIT,siri,siri,0.00,10.58,,8/10/25 10:33 AM,8/10/25 10:33 AM
118,,CREDIT,Mario,Mario,0.00,9.70,,8/10/25 10:33 AM,8/10/25 10:28 AM
98,,CREDIT,siri,siri,0.00,24.83,,8/10/25 10:33 AM,8/10/25 10:13 AM
87,6,CREDIT,Leticia,Rosalinda,6.00,43.22,,8/10/25 10:36 AM,8/10/25 10:02 AM
119,,CREDIT,Mario,Mario,1.62,11.66,,8/10/25 10:36 AM,8/10/25 10:31 AM
120,,CASH,Mario,Mario,0.00,17.05,DRIVE THRU 1,8/10/25 10:40 AM,8/10/25 10:32 AM
125,,CREDIT,Mario,Mario,1.49,8.09,,8/10/25 10:42 AM,8/10/25 10:34 AM
126,,CREDIT,Mario,Mario,0.00,34.12,,8/10/25 10:43 AM,8/10/25 10:37 AM
108,4,CREDIT,Rosalinda,Rosalinda,10.00,39.91,,8/10/25 10:44 AM,8/10/25 10:22 AM
132,,CREDIT,Mario,Mario,0.00,22.02,,8/10/25 10:46 AM,8/10/25 10:39 AM
124,,CREDIT,siri,Candy,0.00,-10.58,,8/10/25 10:46 AM,8/10/25 10:33 AM
142,,CREDIT,Mario,Mario,2.00,29.05,,8/10/25 10:47 AM,8/10/25 10:47 AM
146,,CREDIT,Mario,Mario,0.00,18.76,,8/10/25 10:48 AM,8/10/25 10:48 AM
83,16,CREDIT,Sugey,Sugey,0.00,44.10,,8/10/25 10:48 AM,8/10/25 10:01 AM
138,,CREDIT,Mario,Mario,3.77,18.54,,8/10/25 10:49 AM,8/10/25 10:44 AM
149,,CREDIT,Mario,Mario,0.00,13.49,,8/10/25 10:49 AM,8/10/25 10:49 AM
151,,CREDIT,Mario,Mario,0.00,6.26,,8/10/25 10:51 AM,8/10/25 10:51 AM
139,,CREDIT,Mario,Mario,2.56,18.46,,8/10/25 10:51 AM,8/10/25 10:44 AM
140,,CREDIT,Mario,Mario,0.00,8.41,,8/10/25 10:52 AM,8/10/25 10:45 AM
84,28,CREDIT,Gabriel,Gabriel,0.00,76.67,,8/10/25 10:53 AM,8/10/25 10:02 AM
106,21,CREDIT,Leticia,Leticia,6.00,34.36,,8/10/25 10:55 AM,8/10/25 10:20 AM
61,3,CREDIT,Sugey,Candy,10.00,52.77,,8/10/25 10:55 AM,8/10/25 9:36 AM
154,,CREDIT,Mario,Mario,0.57,4.09,,8/10/25 11:00 AM,8/10/25 10:56 AM
155,,CREDIT,Mario,Mario,2.00,33.64,,8/10/25 11:00 AM,8/10/25 10:58 AM
129,2,CREDIT,Gabriel,,2.61,18.88,,8/10/25 11:01 AM,8/10/25 10:36 AM
157,,CREDIT,Mario,Mario,0.00,10.52,,8/10/25 11:02 AM,8/10/25 10:59 AM
164,,CASH,siri,siri,0.00,11.98,Host Drawer,8/10/25 11:04 AM,8/10/25 11:04 AM
159,,CREDIT,Mario,Mario,2.03,11.00,,8/10/25 11:05 AM,8/10/25 10:59 AM
169,,CASH,Mario,Mario,0.00,54.10,DRIVE THRU 1,8/10/25 11:07 AM,8/10/25 11:07 AM
160,,CREDIT,Mario,Mario,0.00,5.19,,8/10/25 11:08 AM,8/10/25 11:02 AM
95,35,CREDIT,Sugey,Sugey,16.60,83.03,,8/10/25 11:08 AM,8/10/25 10:10 AM
167,,CREDIT,Mario,Mario,0.00,23.96,,8/10/25 11:10 AM,8/10/25 11:06 AM
148,29,CREDIT,Adrian,Adrian,5.89,31.87,,8/10/25 11:10 AM,8/10/25 10:48 AM
109,15,CREDIT,Gabriel,Gabriel,5.00,22.74,,8/10/25 11:11 AM,8/10/25 10:24 AM
168,,CREDIT,Mario,Mario,5.00,8.84,,8/10/25 11:12 AM,8/10/25 11:06 AM
145,23,CREDIT,Gabriel,Gabriel,2.00,24.29,,8/10/25 11:13 AM,8/10/25 10:48 AM
171,,CREDIT,Mario,Mario,0.00,28.32,,8/10/25 11:13 AM,8/10/25 11:10 AM
176,,CASH,Mario,Mario,0.00,10.04,DRIVE THRU 1,8/10/25 11:14 AM,8/10/25 11:12 AM
178,,CREDIT,Mario,Mario,2.67,13.13,,8/10/25 11:15 AM,8/10/25 11:13 AM
105,34,CREDIT,Adrian,Adrian,0.00,25.48,,8/10/25 11:17 AM,8/10/25 10:19 AM
179,,CREDIT,Mario,Mario,1.44,10.36,,8/10/25 11:19 AM,8/10/25 11:16 AM
123,25,CREDIT,Adrian,Adrian,9.50,68.58,,8/10/25 11:19 AM,8/10/25 10:35 AM
135,11,CREDIT,Leticia,Leticia,14.10,88.90,,8/10/25 11:22 AM,8/10/25 10:46 AM
137,8,CREDIT,Sugey,,0.00,32.31,,8/10/25 11:22 AM,8/10/25 10:41 AM
131,1,CREDIT,Gabriel,Gabriel,5.00,33.17,,8/10/25 11:25 AM,8/10/25 10:38 AM
181,,CREDIT,Mario,Mario,1.87,13.48,,8/10/25 11:26 AM,8/10/25 11:17 AM
147,18,CREDIT,Sugey,Sugey,5.00,38.38,,8/10/25 11:28 AM,8/10/25 10:48 AM
182,,CREDIT,Mario,Mario,3.80,20.55,,8/10/25 11:28 AM,8/10/25 11:18 AM
184,,CREDIT,Mario,Mario,0.50,2.70,,8/10/25 11:29 AM,8/10/25 11:18 AM
150,7,CREDIT,Adrian,Adrian,6.80,49.09,,8/10/25 11:30 AM,8/10/25 10:51 AM
185,,CREDIT,Mario,Mario,2.15,10.58,,8/10/25 11:33 AM,8/10/25 11:26 AM
158,6,CREDIT,Sugey,Sugey,5.00,29.18,,8/10/25 11:34 AM,8/10/25 11:00 AM
197,,CREDIT,Mario,Mario,0.00,11.63,,8/10/25 11:35 AM,8/10/25 11:35 AM
133,12,CREDIT,Rosalinda,Rosalinda,3.00,13.25,,8/10/25 11:35 AM,8/10/25 10:41 AM
153,5,CREDIT,Leticia,Leticia,2.00,22.03,,8/10/25 11:36 AM,8/10/25 10:51 AM
191,,CREDIT,Mario,Mario,0.00,22.87,,8/10/25 11:37 AM,8/10/25 11:28 AM
128,20,CREDIT,Sugey,Sugey,0.00,40.65,,8/10/25 11:37 AM,8/10/25 10:35 AM
200,,CREDIT,Mario,Mario,0.00,29.33,,8/10/25 11:39 AM,8/10/25 11:39 AM
173,16,CREDIT,Leticia,Leticia,4.00,15.64,,8/10/25 11:39 AM,8/10/25 11:09 AM
202,,CREDIT,Mario,Mario,0.00,10.35,,8/10/25 11:41 AM,8/10/25 11:41 AM
144,37,CREDIT,Rosalinda,Rosalinda,20.00,132.75,,8/10/25 11:41 AM,8/10/25 10:47 AM
192,,CREDIT,Mario,Mario,2.00,12.33,,8/10/25 11:41 AM,8/10/25 11:31 AM
196,,CREDIT,Mario,Mario,0.00,23.56,,8/10/25 11:42 AM,8/10/25 11:34 AM
203,,CREDIT,Mario,Mario,8.48,41.72,,8/10/25 11:42 AM,8/10/25 11:42 AM
205,,CREDIT,Mario,Mario,2.00,9.26,,8/10/25 11:44 AM,8/10/25 11:44 AM
166,,CREDIT,siri,siri,2.00,27.86,,8/10/25 11:44 AM,8/10/25 11:17 AM
198,,CREDIT,Mario,Mario,8.08,39.75,,8/10/25 11:45 AM,8/10/25 11:36 AM
163,26,CREDIT,Sugey,Sugey,5.00,58.20,,8/10/25 11:45 AM,8/10/25 11:06 AM
207,,CREDIT,Mario,Mario,0.00,18.38,,8/10/25 11:45 AM,8/10/25 11:45 AM
170,,CREDIT,Candy,siri,0.00,33.72,,8/10/25 11:45 AM,8/10/25 11:09 AM
208,,CREDIT,Mario,Mario,0.00,41.05,,8/10/25 11:46 AM,8/10/25 11:46 AM
156,22,CREDIT,Rosalinda,Rosalinda,4.00,36.10,,8/10/25 11:47 AM,8/10/25 10:57 AM
211,,CREDIT,Mario,Mario,2.63,18.98,,8/10/25 11:48 AM,8/10/25 11:47 AM
172,27,CREDIT,Gabriel,Gabriel,5.00,29.72,,8/10/25 11:51 AM,8/10/25 11:09 AM
177,2,CREDIT,Leticia,Leticia,0.00,14.06,,8/10/25 11:51 AM,8/10/25 11:13 AM
213,,CREDIT,siri,siri,0.00,24.84,,8/10/25 11:51 AM,8/10/25 11:51 AM
201,,CASH,Mario,Mario,0.00,27.05,DRIVE THRU 1,8/10/25 11:52 AM,8/10/25 11:40 AM
165,3,CREDIT,Adrian,Adrian,10.00,43.88,,8/10/25 11:52 AM,8/10/25 11:06 AM
186,21,CREDIT,Sugey,Sugey,0.00,50.03,,8/10/25 11:53 AM,8/10/25 11:20 AM
210,,CREDIT,Emanuel,siri,2.00,9.73,,8/10/25 11:55 AM,8/10/25 11:47 AM
190,32,CREDIT,Adrian,Adrian,5.00,57.92,,8/10/25 11:58 AM,8/10/25 11:27 AM
174,29,CREDIT,Rosalinda,Rosalinda,6.00,26.63,,8/10/25 11:59 AM,8/10/25 11:09 AM
222,,CREDIT,siri,siri,0.00,3.78,,8/10/25 12:01 PM,8/10/25 12:01 PM
180,10,CREDIT,Adrian,Adrian,10.00,48.09,,8/10/25 12:02 PM,8/10/25 11:15 AM
223,,CREDIT,Mario,Mario,0.00,43.45,,8/10/25 12:05 PM,8/10/25 12:02 PM
218,,CREDIT,siri,siri,0.00,19.01,,8/10/25 12:08 PM,8/10/25 12:00 PM
224,,CREDIT,Mario,Mario,0.00,14.55,,8/10/25 12:10 PM,8/10/25 12:02 PM
228,,CREDIT,Mario,Mario,2.00,28.40,,8/10/25 12:12 PM,8/10/25 12:05 PM
226,15,CREDIT,Gabriel,Gabriel,5.00,11.89,,8/10/25 12:14 PM,8/10/25 12:04 PM
183,15,CREDIT,Gabriel,Gabriel,5.00,14.05,,8/10/25 12:14 PM,8/10/25 11:18 AM
227,15,CASH,Gabriel,Gabriel,0.00,7.88,Host Drawer,8/10/25 12:15 PM,8/10/25 12:04 PM
230,,CREDIT,Mario,Mario,0.00,11.89,,8/10/25 12:15 PM,8/10/25 12:06 PM
187,28,CASH,Leticia,Leticia,0.00,48.69,,8/10/25 12:16 PM,8/10/25 11:31 AM
209,6,CREDIT,Leticia,Leticia,4.00,25.39,,8/10/25 12:18 PM,8/10/25 11:47 AM
231,,CASH,Mario,Mario,0.00,22.75,DRIVE THRU 1,8/10/25 12:19 PM,8/10/25 12:12 PM
237,,CREDIT,Mario,Mario,0.00,47.36,,8/10/25 12:20 PM,8/10/25 12:19 PM
238,,CREDIT,Mario,Mario,7.47,36.77,,8/10/25 12:21 PM,8/10/25 12:21 PM
195,30,CREDIT,Gabriel,,6.31,34.16,,8/10/25 12:22 PM,8/10/25 11:33 AM
188,4,CREDIT,Sugey,Sugey,5.00,29.59,,8/10/25 12:22 PM,8/10/25 11:21 AM
242,,CREDIT,siri,Gabriel,0.00,30.23,,8/10/25 12:26 PM,8/10/25 12:25 PM
206,7,CREDIT,Adrian,Adrian,11.00,49.37,,8/10/25 12:27 PM,8/10/25 11:44 AM
240,,CREDIT,Mario,Mario,0.00,25.96,,8/10/25 12:33 PM,8/10/25 12:21 PM
189,35,CASH,Rosalinda,Rosalinda,0.00,72.38,,8/10/25 12:35 PM,8/10/25 11:28 AM
243,,CREDIT,Mario,Mario,0.00,38.78,,8/10/25 12:38 PM,8/10/25 12:25 PM
221,17,CREDIT,Adrian,Adrian,7.82,42.32,,8/10/25 12:38 PM,8/10/25 12:01 PM
241,,CREDIT,Mario,Mario,0.00,11.22,,8/10/25 12:39 PM,8/10/25 12:33 PM
249,,CREDIT,Mario,Mario,0.00,19.71,,8/10/25 12:40 PM,8/10/25 12:34 PM
204,25,CREDIT,Rosalinda,Rosalinda,5.00,36.11,,8/10/25 12:43 PM,8/10/25 11:43 AM
258,25,CREDIT,Rosalinda,Rosalinda,2.00,17.79,,8/10/25 12:43 PM,8/10/25 12:41 PM
217,12,CREDIT,Sugey,Sugey,12.00,60.71,,8/10/25 12:44 PM,8/10/25 11:55 AM
219,23,CREDIT,Rosalinda,Rosalinda,0.00,38.71,,8/10/25 12:45 PM,8/10/25 11:58 AM
251,,CREDIT,Mario,Mario,2.36,17.03,,8/10/25 12:45 PM,8/10/25 12:38 PM
214,1,CREDIT,Sugey,Sugey,18.56,81.44,,8/10/25 12:45 PM,8/10/25 11:52 AM
236,,CREDIT,siri,siri,0.00,24.32,,8/10/25 12:46 PM,8/10/25 12:18 PM
254,,CREDIT,Mario,Mario,0.00,12.96,,8/10/25 12:48 PM,8/10/25 12:39 PM
255,,CREDIT,Mario,Mario,0.00,7.33,,8/10/25 12:50 PM,8/10/25 12:41 PM
229,2,CREDIT,Leticia,Leticia,10.00,54.63,,8/10/25 12:52 PM,8/10/25 12:05 PM
262,,CREDIT,Candy,Candy,0.00,19.46,,8/10/25 12:52 PM,8/10/25 12:52 PM
248,,CREDIT,Candy,Candy,10.00,48.69,,8/10/25 12:53 PM,8/10/25 12:33 PM
247,,CREDIT,Emanuel,Candy,0.00,6.25,,8/10/25 12:57 PM,8/10/25 12:34 PM
235,21,CREDIT,Adrian,Adrian,6.60,35.75,,8/10/25 12:57 PM,8/10/25 12:15 PM
263,,CREDIT,Candy,Candy,0.00,34.49,,8/10/25 12:58 PM,8/10/25 12:58 PM
269,,CREDIT,Candy,Candy,0.00,12.98,,8/10/25 12:59 PM,8/10/25 12:59 PM
272,26,CREDIT,Gabriel,Gabriel,5.00,37.50,,8/10/25 1:00 PM,8/10/25 1:00 PM
216,26,CREDIT,Gabriel,Gabriel,2.00,63.82,,8/10/25 1:00 PM,8/10/25 12:02 PM
257,,CASH,Mario,Mario,0.00,20.06,DRIVE THRU 1,8/10/25 1:01 PM,8/10/25 1:00 PM
233,34,CREDIT,Gabriel,Gabriel,5.00,58.75,,8/10/25 1:03 PM,8/10/25 12:15 PM
245,6,CREDIT,Leticia,Leticia,5.00,22.24,,8/10/25 1:03 PM,8/10/25 12:34 PM
271,,CREDIT,Mario,Mario,0.00,23.43,,8/10/25 1:05 PM,8/10/25 1:01 PM
220,18,CREDIT,Sugey,Sugey,6.00,54.90,,8/10/25 1:06 PM,8/10/25 12:01 PM
232,8,CREDIT,Rosalinda,,5.15,27.86,,8/10/25 1:11 PM,8/10/25 12:10 PM
276,,CREDIT,Mario,Mario,0.00,34.78,,8/10/25 1:13 PM,8/10/25 1:07 PM
283,,CREDIT,siri,siri,3.00,16.30,,8/10/25 1:14 PM,8/10/25 1:14 PM
266,,CASH,Candy,Emanuel,0.00,27.33,,8/10/25 1:15 PM,8/10/25 12:56 PM
277,,CREDIT,Mario,Mario,0.00,33.44,,8/10/25 1:15 PM,8/10/25 1:08 PM
279,,CREDIT,Mario,Mario,0.00,14.92,,8/10/25 1:16 PM,8/10/25 1:09 PM
253,3,CREDIT,Leticia,Leticia,15.00,63.13,,8/10/25 1:16 PM,8/10/25 12:42 PM
250,27,CREDIT,Rosalinda,Rosalinda,7.00,32.53,,8/10/25 1:17 PM,8/10/25 12:37 PM
246,30,CREDIT,Gabriel,Gabriel,8.12,44.88,,8/10/25 1:18 PM,8/10/25 12:32 PM
281,,CASH,Mario,Mario,0.00,7.67,DRIVE THRU 1,8/10/25 1:18 PM,8/10/25 1:12 PM
287,,CREDIT,Mario,Mario,0.00,14.15,,8/10/25 1:19 PM,8/10/25 1:15 PM
264,1,CREDIT,Rosalinda,Rosalinda,5.00,15.44,,8/10/25 1:22 PM,8/10/25 12:54 PM
288,,CREDIT,Mario,Mario,0.00,7.33,,8/10/25 1:22 PM,8/10/25 1:16 PM
252,16,CREDIT,Adrian,Adrian,7.68,55.43,,8/10/25 1:22 PM,8/10/25 12:37 PM
261,25,CREDIT,Rosalinda,Rosalinda,0.00,31.68,,8/10/25 1:23 PM,8/10/25 12:48 PM
290,,CASH,Mario,Mario,0.00,7.77,DRIVE THRU 1,8/10/25 1:24 PM,8/10/25 1:24 PM
260,11,CREDIT,Sugey,Sugey,5.00,41.73,,8/10/25 1:29 PM,8/10/25 12:44 PM
267,7,CREDIT,Sugey,Sugey,3.00,17.18,,8/10/25 1:37 PM,8/10/25 12:58 PM
301,,CREDIT,Mario,Mario,0.00,9.60,,8/10/25 1:38 PM,8/10/25 1:37 PM
280,22,CREDIT,Leticia,Leticia,5.00,34.60,,8/10/25 1:40 PM,8/10/25 1:13 PM
265,29,CREDIT,Gabriel,Gabriel,5.00,33.94,,8/10/25 1:40 PM,8/10/25 12:55 PM
274,35,CREDIT,Leticia,Leticia,5.00,51.29,,8/10/25 1:42 PM,8/10/25 1:07 PM
295,,CREDIT,Mario,Mario,1.47,10.59,,8/10/25 1:42 PM,8/10/25 1:39 PM
302,,CREDIT,Mario,Mario,2.00,24.63,,8/10/25 1:43 PM,8/10/25 1:41 PM
306,,CASH,Mario,Mario,0.00,17.01,DRIVE THRU 1,8/10/25 1:47 PM,8/10/25 1:46 PM
273,10,CREDIT,Adrian,Adrian,6.49,46.79,,8/10/25 1:48 PM,8/10/25 1:02 PM
278,23,CREDIT,Gabriel,Gabriel,0.00,30.86,,8/10/25 1:49 PM,8/10/25 1:08 PM
268,14,CREDIT,Adrian,Adrian,7.00,42.47,,8/10/25 1:49 PM,8/10/25 1:00 PM
312,,CREDIT,Mario,Mario,0.00,11.87,,8/10/25 1:52 PM,8/10/25 1:48 PM
275,4,CREDIT,Sugey,Sugey,6.00,25.40,,8/10/25 1:53 PM,8/10/25 1:06 PM
244,15,CREDIT,Sugey,Sugey,12.03,68.97,,8/10/25 1:54 PM,8/10/25 12:30 PM
292,25,CREDIT,Leticia,Leticia,5.00,36.66,,8/10/25 1:55 PM,8/10/25 1:32 PM
289,2,CREDIT,Rosalinda,Rosalinda,0.00,47.24,,8/10/25 1:56 PM,8/10/25 1:23 PM
282,5,CREDIT,Sugey,Sugey,5.00,33.22,,8/10/25 1:57 PM,8/10/25 1:13 PM
316,,CREDIT,Mario,Mario,0.00,10.04,,8/10/25 2:00 PM,8/10/25 2:00 PM
291,11,CREDIT,Sugey,,4.85,35.00,,8/10/25 2:04 PM,8/10/25 1:24 PM
293,34,CREDIT,Rosalinda,Rosalinda,6.00,40.29,,8/10/25 2:05 PM,8/10/25 1:28 PM
259,20,CASH,Adrian,Adrian,0.00,51.70,,8/10/25 2:05 PM,8/10/25 12:42 PM
317,,CREDIT,Mario,Mario,0.00,6.03,,8/10/25 2:06 PM,8/10/25 2:05 PM
284,32,CREDIT,Gabriel,Gabriel,9.00,65.96,,8/10/25 2:12 PM,8/10/25 1:14 PM
22001,17,CASH,Rosalinda,Rosalinda,0.00,40.54,,8/10/25 2:14 PM,8/10/25 1:35 PM
305,1,CREDIT,Gabriel,Gabriel,4.00,35.06,,8/10/25 2:17 PM,8/10/25 1:41 PM
296,16,CREDIT,Gabriel,,6.46,46.63,,8/10/25 2:17 PM,8/10/25 1:29 PM
297,26,CREDIT,Adrian,Adrian,0.00,31.36,,8/10/25 2:19 PM,8/10/25 1:36 PM
308,30,CREDIT,Rosalinda,Rosalinda,12.00,48.54,,8/10/25 2:23 PM,8/10/25 1:45 PM
294,3,CREDIT,Adrian,Adrian,0.00,62.05,,8/10/25 2:23 PM,8/10/25 1:29 PM
311,8,CREDIT,Adrian,Adrian,0.00,17.82,,8/10/25 2:24 PM,8/10/25 1:47 PM
322,,CREDIT,Mario,Mario,3.60,25.96,,8/10/25 2:25 PM,8/10/25 2:24 PM
323,,CREDIT,Mario,Mario,4.81,23.65,,8/10/25 2:33 PM,8/10/25 2:33 PM
,,PAY_OUT,Candy,,0.00,-66.70,House,8/10/25 2:34 PM,8/10/25 2:34 PM
320,1,CASH,Gabriel,Gabriel,0.00,5.19,,8/10/25 2:36 PM,8/10/25 2:17 PM
314,12,CREDIT,Sugey,Sugey,4.00,16.71,,8/10/25 2:38 PM,8/10/25 1:51 PM
313,37,CREDIT,Leticia,Leticia,12.96,49.04,,8/10/25 2:38 PM,8/10/25 1:50 PM
326,12,CREDIT,Sugey,Sugey,3.00,19.35,,8/10/25 2:39 PM,8/10/25 2:36 PM
327,12,CREDIT,Sugey,Sugey,0.00,17.30,,8/10/25 2:39 PM,8/10/25 2:36 PM
329,,CASH,Mario,Mario,0.00,19.74,DRIVE THRU 1,8/10/25 2:44 PM,8/10/25 2:43 PM
331,,CASH,siri,siri,0.00,7.57,Host Drawer,8/10/25 2:46 PM,8/10/25 2:45 PM
310,21,CREDIT,Sugey,Sugey,0.00,25.95,,8/10/25 2:47 PM,8/10/25 1:47 PM
298,28,CREDIT,Sugey,Sugey,8.00,51.80,,8/10/25 2:49 PM,8/10/25 1:39 PM
335,,CREDIT,Mario,Mario,0.00,22.80,,8/10/25 2:50 PM,8/10/25 2:50 PM
319,14,CREDIT,Gabriel,Gabriel,2.00,35.46,,8/10/25 2:53 PM,8/10/25 2:12 PM
324,4,CREDIT,Adrian,Adrian,10.00,41.03,,8/10/25 2:55 PM,8/10/25 2:25 PM
,,TIP_OUT,Mario,Mario,-139.18,0.00,House,8/10/25 3:00 PM,8/10/25 3:00 PM
,,TIP_OUT,siri,siri,-9.00,0.00,House,8/10/25 3:00 PM,8/10/25 3:00 PM
321,2,CASH,Rosalinda,Rosalinda,0.00,36.75,,8/10/25 3:05 PM,8/10/25 2:18 PM
102,31,CASH,Adrian,Adrian,0.00,61.75,,8/10/25 3:06 PM,8/10/25 10:18 AM
337,18,CREDIT,Adrian,Adrian,5.00,55.56,,8/10/25 3:14 PM,8/10/25 3:13 PM
325,1,CREDIT,Sugey,Sugey,8.00,107.35,,8/10/25 3:14 PM,8/10/25 2:31 PM
318,18,CREDIT,Adrian,Adrian,0.00,47.61,,8/10/25 3:14 PM,8/10/25 2:11 PM
328,11,CASH,Leticia,Leticia,0.00,20.83,,8/10/25 3:21 PM,8/10/25 2:43 PM
,,TIP_OUT,Candy,Candy,-10.00,0.00,House,8/10/25 3:27 PM,8/10/25 3:27 PM
,,CASH_COLLECTED,Rosalinda,Rosalinda,0.00,149.67*,House,8/10/25 3:58 PM,8/10/25 3:58 PM
,,TIP_OUT,Rosalinda,Rosalinda,-99.44,0.00,House,8/10/25 3:58 PM,8/10/25 3:58 PM
,,CASH_COLLECTED,Sugey,Sugey,0.00,45.91*,House,8/10/25 3:59 PM,8/10/25 3:59 PM
,,TIP_OUT,Sugey,Sugey,-171.73,0.00,House,8/10/25 3:59 PM,8/10/25 3:59 PM
,,CASH_COLLECTED,Adrian,Adrian,0.00,113.45*,House,8/10/25 4:00 PM,8/10/25 4:00 PM
,,TIP_OUT,Adrian,Adrian,-125.53,0.00,House,8/10/25 4:00 PM,8/10/25 4:00 PM
,,CASH_COLLECTED,Gabriel,Gabriel,0.00,5.19*,House,8/10/25 4:03 PM,8/10/25 4:03 PM
,,TIP_OUT,Gabriel,Gabriel,-111.04,0.00,House,8/10/25 4:03 PM,8/10/25 4:03 PM
,,CASH_COLLECTED,Leticia,Leticia,0.00,69.52*,House,8/10/25 4:06 PM,8/10/25 4:06 PM
,,TIP_OUT,Leticia,Leticia,-113.12,0.00,House,8/10/25 4:06 PM,8/10/25 4:06 PM
,,CASH_COLLECTED,Emanuel,Emanuel,0.00,27.33*,House,8/10/25 4:15 PM,8/10/25 4:15 PM
,,TIP_OUT,Emanuel,Emanuel,-4.00,0.00,House,8/10/25 4:15 PM,8/10/25 4:15 PM
,,TOTAL,,,-9.95,7770.74,,,
