Employee,Job Title,Regular Hours,Overtime Hours,Hourly Rate,Regular Pay,Overtime Pay,Total Pay,Net Sales,Declared Tips,Non-Cash Tips,Total Tips,Tips Withheld,Total Gratuity,Employee ID,Job Code,Location,Location Code
"Aragon, Cecilia",Tortillera,0.0,8.84,13.00,0.00,172.38,172.38,0.00,,0.00,0.00,0.00,0.00,,,12060 Potranco Road,
"Cabrera, Sugey",Server,2.31,6.61,3.00,6.93,29.75,36.68,1292.52,0.00,171.73,171.73,0.00,0.00,,,12060 Potranco Road,
"Del Angel, Candy",Shift Manager / Assistant Manager,0.0,8.34,,,,,176.27,,10.00,10.00,0.00,0.00,,,12060 Potranco Road,
"GUTIERREZ, ERIC",Cook,4.22,3.7,16.00,67.52,88.80,156.32,0.00,,0.00,0.00,0.00,0.00,,,12060 Potranco Road,
"JOSSUETH, FRANLOD",Busser,0.51,7.5,13.00,6.63,146.25,152.88,0.00,,0.00,0.00,0.00,0.00,,,12060 Potranco Road,
"Jimenez, Mario",Driver,4.71,2.68,14.00,65.94,56.28,122.22,2058.65,0.00,139.18,139.18,0.00,0.00,,,12060 Potranco Road,
"Lino Santana, David ",Prep,0.0,9.18,15.00,0.00,206.55,206.55,0.00,,0.00,0.00,0.00,0.00,,,12060 Potranco Road,
"Morales, Adrian",Server,6.92,0.0,3.00,20.76,0.00,20.76,987.55,0.00,125.53,125.53,0.00,0.00,,,12060 Potranco Road,
"Ojeda, George",Runner,8.69,0.0,12.50,108.62,0.00,108.62,0.00,,0.00,0.00,0.00,0.00,,,12060 Potranco Road,
"Rodriguez, Rosalinda",Server,6.92,0.0,3.00,20.76,0.00,20.76,789.83,0.00,99.44,99.44,0.00,0.00,,,12060 Potranco Road,
"Roman, Leticia",Server,6.54,1.52,3.00,19.62,6.84,26.46,732.06,50.00,113.12,163.12,0.00,0.00,,,12060 Potranco Road,
"Rosales, Elsa",Tortillera,7.4,0.0,13.00,96.20,0.00,96.20,0.00,,0.00,0.00,0.00,0.00,,,12060 Potranco Road,
"Sanchez, Emanuel",Shift Manager / Assistant Manager,3.55,4.86,,,,,44.41,,4.00,4.00,0.00,0.00,,,12060 Potranco Road,
"Tovar , Gabriel",Server,0.0,7.21,3.00,0.00,32.45,32.45,791.24,5.00,101.09,106.09,0.00,9.95,,,12060 Potranco Road,
"Vega, Estela",Tortillera,0.0,10.23,15.00,0.00,230.18,230.18,0.00,,0.00,0.00,0.00,0.00,,,12060 Potranco Road,
"quiroz, siri",Host,7.92,0.0,11.00,87.12,0.00,87.12,358.13,0.00,9.00,9.00,0.00,0.00,,,12060 Potranco Road,
"vanenzuela, felix",Cook,4.02,4.97,,,,,0.00,,0.00,0.00,0.00,0.00,,,12060 Potranco Road,
"velasquez, maximilioano",Busser,7.17,0.0,12.00,86.04,0.00,86.04,0.00,,0.00,0.00,0.00,0.00,,,12060 Potranco Road,
