,Location,Employee,Job Title,In Date,Shift Closed Date,Out Date,Hours,Cash Tips Decl.,Cash on Hand,Cash in Drawer,Non-Cash Tips,Cash Gratuity,Non-Cash Gratuity,Tips Withheld,Non-Cash Sales,Cash Sales,Total Sales,Cash Collected?,Tips Paid?,Open,Paid,Closed,Tip Share Total
800000028175790892,12060 Potranco Road,felix vanenzuela,Cook,8/10/25 6:59 AM,8/10/25 3:58 PM,8/10/25 3:58 PM,8.99,,0.00,0.00,0.00,0.00,0.00,0.00,0.00,0.00,0.00,yes,yes,0,0,0,0.00
800000028175875354,12060 Potranco Road,Sugey Cabrera,Server,8/10/25 7:09 AM,8/10/25 3:59 PM,8/10/25 4:04 PM,8.92,0.00,45.91,0.00,171.73,0.00,0.00,0.00,1353.31,45.91,1399.22,yes,yes,0,0,34,0.00
800000028176130312,12060 Potranco Road,Mario Jimenez,Driver,8/10/25 7:36 AM,8/10/25 3:00 PM,8/10/25 3:00 PM,7.39,0.00,0.00,343.41,139.18,0.00,0.00,0.00,1885.22,343.41,2228.63,yes,yes,0,0,119,0.00
800000028176411473,12060 Potranco Road,Emanuel Sanchez,Shift Manager / Assistant Manager,8/10/25 7:59 AM,8/10/25 4:10 PM,8/10/25 4:24 PM,8.41,,27.33,0.00,4.00,0.00,0.00,0.00,48.07,0.00,48.07,yes,yes,0,0,3,0.00
800000028176488978,12060 Potranco Road,Candy Del Angel,Shift Manager / Assistant Manager,8/10/25 8:05 AM,8/10/25 3:27 PM,8/10/25 4:25 PM,8.34,,0.00,0.00,10.00,0.00,0.00,0.00,163.48,27.33,190.81,yes,yes,0,0,7,0.00
800000028176495086,12060 Potranco Road,siri quiroz,Host,8/10/25 8:05 AM,8/10/25 3:00 PM,8/10/25 4:00 PM,7.92,0.00,0.00,19.55,9.00,0.00,0.00,0.00,368.18,19.55,387.73,yes,yes,0,0,20,0.00
800000028176503181,12060 Potranco Road,Leticia Roman,Server,8/10/25 8:05 AM,8/10/25 4:06 PM,8/10/25 4:09 PM,8.06,50.00,69.52,0.00,113.12,0.00,0.00,0.00,722.92,69.52,792.44,yes,yes,0,0,21,0.00
800000028177445548,12060 Potranco Road,Gabriel Tovar ,Server,8/10/25 8:56 AM,8/10/25 4:03 PM,8/10/25 4:08 PM,7.21,5.00,5.19,7.88,101.09,0.00,9.95,0.00,843.43,13.07,856.50,yes,yes,0,0,26,0.00
800000028177740235,12060 Potranco Road,Rosalinda Rodriguez,Server,8/10/25 9:08 AM,8/10/25 3:58 PM,8/10/25 4:04 PM,6.92,0.00,149.67,0.00,99.44,0.00,0.00,0.00,705.37,149.67,855.04,yes,yes,0,0,23,0.00
800000028177771101,12060 Potranco Road,Adrian Morales,Server,8/10/25 9:09 AM,8/10/25 3:59 PM,8/10/25 4:05 PM,6.92,0.00,113.45,0.00,125.53,0.00,0.00,0.00,955.60,113.45,1069.05,yes,yes,0,0,24,0.00
