Check #,Table,Payment Type,Server,Cashier,Tip,Amount,Cash Drawer,Date,Opened Date
2,,CREDIT,Nadia,Nadia,1.18,5.81,,8/15/25 6:32 AM,8/15/25 6:32 AM
3,,CASH,Nadia,Nadia,0.00,9.86,DRIVE THRU 1,8/15/25 6:43 AM,8/15/25 6:41 AM
4,,CREDIT,Nadia,Nadia,2.00,6.46,,8/15/25 6:49 AM,8/15/25 6:48 AM
6,,CASH,Nadia,Nadia,0.00,6.26,DRIVE THRU 1,8/15/25 6:54 AM,8/15/25 6:52 AM
8,,CREDIT,Nadia,Nadia,2.10,10.35,,8/15/25 6:58 AM,8/15/25 6:57 AM
11,,CREDIT,Nadia,Nadia,2.46,12.08,,8/15/25 7:04 AM,8/15/25 7:02 AM
5,,CREDIT,Nadia,Nadia,0.97,7.01,,8/15/25 7:08 AM,8/15/25 6:49 AM
14,,CREDIT,Nadia,Nadia,0.00,7.55,,8/15/25 7:10 AM,8/15/25 7:10 AM
15,,CREDIT,Nadia,Nadia,0.00,9.61,,8/15/25 7:16 AM,8/15/25 7:14 AM
16,,CREDIT,Nadia,Nadia,0.00,2.15,,8/15/25 7:17 AM,8/15/25 7:14 AM
13,,CREDIT,Sugey,Sugey,1.00,11.76,,8/15/25 7:17 AM,8/15/25 7:07 AM
17,,CASH,Nadia,Nadia,0.00,3.24,DRIVE THRU 1,8/15/25 7:21 AM,8/15/25 7:15 AM
20,,CREDIT,Nadia,Nadia,1.06,5.72,,8/15/25 7:22 AM,8/15/25 7:21 AM
7,2,CREDIT,Sugey,Sugey,0.00,8.41,,8/15/25 7:23 AM,8/15/25 6:56 AM
21,,CREDIT,Nadia,Nadia,1.69,12.19,,8/15/25 7:25 AM,8/15/25 7:22 AM
22,,CREDIT,Nadia,Nadia,0.00,9.60,,8/15/25 7:28 AM,8/15/25 7:25 AM
23,,CREDIT,Nadia,Nadia,0.61,3.02,,8/15/25 7:29 AM,8/15/25 7:25 AM
24,,CASH,Nadia,Nadia,0.00,4.31,DRIVE THRU 1,8/15/25 7:33 AM,8/15/25 7:28 AM
25,,CREDIT,Nadia,Nadia,0.00,5.39,,8/15/25 7:36 AM,8/15/25 7:35 AM
26,,CREDIT,Nadia,Nadia,2.00,7.11,,8/15/25 7:42 AM,8/15/25 7:39 AM
27,,CREDIT,Nadia,Nadia,0.00,13.67,,8/15/25 7:51 AM,8/15/25 7:50 AM
19,3,CREDIT,Lizbeth,Lizbeth,0.00,10.81,,8/15/25 7:56 AM,8/15/25 7:19 AM
18,,CREDIT,Nadia,Nadia,3.07,15.12,,8/15/25 7:57 AM,8/15/25 7:55 AM
29,,CREDIT,Nadia,Nadia,1.00,4.09,,8/15/25 8:02 AM,8/15/25 7:57 AM
31,,CREDIT,Nadia,Nadia,1.47,10.58,,8/15/25 8:04 AM,8/15/25 7:59 AM
32,,CREDIT,Nadia,Nadia,0.00,7.96,,8/15/25 8:06 AM,8/15/25 8:00 AM
34,,CREDIT,Nadia,Nadia,3.03,14.90,,8/15/25 8:07 AM,8/15/25 8:04 AM
28,,CREDIT,Sugey,Sugey,0.00,26.78,,8/15/25 8:09 AM,8/15/25 7:51 AM
35,,CASH,Nadia,Nadia,0.00,3.09,DRIVE THRU 1,8/15/25 8:09 AM,8/15/25 8:06 AM
28,,CREDIT,Sugey,Sugey,0.00,-26.78,,8/15/25 8:11 AM,8/15/25 7:51 AM
39,17,CREDIT,Sugey,Sugey,3.00,3.24,,8/15/25 8:12 AM,8/15/25 8:12 AM
38,,CASH,Nadia,Nadia,0.00,5.72,DRIVE THRU 1,8/15/25 8:13 AM,8/15/25 8:12 AM
40,,CREDIT,Nadia,Nadia,0.00,7.12,,8/15/25 8:14 AM,8/15/25 8:12 AM
41,,CASH,Nadia,Nadia,0.00,2.15,DRIVE THRU 1,8/15/25 8:15 AM,8/15/25 8:12 AM
42,,CASH,Nadia,Nadia,0.00,7.11,DRIVE THRU 1,8/15/25 8:18 AM,8/15/25 8:13 AM
46,,CREDIT,Nadia,Nadia,1.00,9.19,,8/15/25 8:20 AM,8/15/25 8:15 AM
47,,CREDIT,Nadia,Nadia,2.58,13.99,,8/15/25 8:21 AM,8/15/25 8:16 AM
44,,CREDIT,Gabriel,Gabriel,0.00,8.62,,8/15/25 8:23 AM,8/15/25 8:14 AM
48,,CREDIT,Nadia,Nadia,0.00,13.80,,8/15/25 8:24 AM,8/15/25 8:19 AM
37,1,Gift Certificate (Paper),Lizbeth,Gabriel,0.00,7.56,,8/15/25 8:24 AM,8/15/25 8:08 AM
52,,CREDIT,Gabriel,Gabriel,0.00,4.75,,8/15/25 8:25 AM,8/15/25 8:25 AM
49,,CREDIT,Nadia,Nadia,1.00,11.44,,8/15/25 8:26 AM,8/15/25 8:20 AM
37,1,Gift Certificate (Paper),Lizbeth,Lizbeth,0.00,-7.56,,8/15/25 8:27 AM,8/15/25 8:08 AM
37,1,CREDIT,Lizbeth,Lizbeth,5.00,7.56,,8/15/25 8:27 AM,8/15/25 8:08 AM
50,,CREDIT,Nadia,Nadia,0.00,23.33,,8/15/25 8:27 AM,8/15/25 8:22 AM
33,,CREDIT,Sugey,Gabriel,3.00,22.52,,8/15/25 8:28 AM,8/15/25 8:04 AM
51,,CREDIT,Nadia,Nadia,1.89,10.25,,8/15/25 8:30 AM,8/15/25 8:24 AM
45,,CASH,Sugey,Sugey,0.00,13.50,,8/15/25 8:33 AM,8/15/25 8:15 AM
53,,CASH,Nadia,Nadia,0.00,7.99,DRIVE THRU 1,8/15/25 8:34 AM,8/15/25 8:27 AM
54,,CREDIT,Nadia,Nadia,0.00,12.74,,8/15/25 8:36 AM,8/15/25 8:28 AM
55,,CASH,Nadia,Nadia,0.00,33.01,DRIVE THRU 1,8/15/25 8:38 AM,8/15/25 8:30 AM
57,,CREDIT,Nadia,Nadia,0.00,16.06,,8/15/25 8:41 AM,8/15/25 8:36 AM
58,,CREDIT,Nadia,Nadia,0.00,15.64,,8/15/25 8:42 AM,8/15/25 8:38 AM
36,21,CREDIT,Sugey,,5.42,39.10,,8/15/25 8:43 AM,8/15/25 8:09 AM
59,,CREDIT,Nadia,Nadia,0.00,23.59,,8/15/25 8:47 AM,8/15/25 8:42 AM
60,,CREDIT,Nadia,Nadia,0.00,4.31,,8/15/25 8:50 AM,8/15/25 8:45 AM
61,,CREDIT,Nadia,Nadia,1.98,9.73,,8/15/25 8:54 AM,8/15/25 8:47 AM
62,,CREDIT,Nadia,Nadia,0.00,6.90,,8/15/25 8:55 AM,8/15/25 8:52 AM
63,,CREDIT,Nadia,Nadia,0.00,6.45,,8/15/25 8:56 AM,8/15/25 8:55 AM
64,,CREDIT,Nadia,Nadia,2.06,14.87,,8/15/25 8:58 AM,8/15/25 8:56 AM
65,,CREDIT,Nadia,Nadia,0.00,18.33,,8/15/25 9:00 AM,8/15/25 8:56 AM
66,,CREDIT,Nadia,Nadia,0.00,36.48,,8/15/25 9:05 AM,8/15/25 8:59 AM
68,,CREDIT,Nadia,Nadia,0.00,4.63,,8/15/25 9:08 AM,8/15/25 9:00 AM
72,,CREDIT,Sugey,Sugey,0.00,16.63,,8/15/25 9:08 AM,8/15/25 9:08 AM
69,,CREDIT,Nadia,Nadia,1.42,10.24,,8/15/25 9:09 AM,8/15/25 9:00 AM
70,,CREDIT,Nadia,Nadia,1.11,7.99,,8/15/25 9:11 AM,8/15/25 9:07 AM
73,,CREDIT,Nadia,Nadia,1.00,18.34,,8/15/25 9:12 AM,8/15/25 9:08 AM
78,,CREDIT,Nadia,Nadia,2.14,10.55,,8/15/25 9:16 AM,8/15/25 9:13 AM
81,,CREDIT,Nadia,Nadia,7.11,38.50,,8/15/25 9:20 AM,8/15/25 9:19 AM
82,,CREDIT,Nadia,Nadia,0.00,16.82,,8/15/25 9:26 AM,8/15/25 9:25 AM
84,,CREDIT,Nadia,Nadia,0.00,5.18,,8/15/25 9:33 AM,8/15/25 9:25 AM
77,,CREDIT,Nadia,Nadia,0.00,3.56,,8/15/25 9:34 AM,8/15/25 9:14 AM
83,,CREDIT,Sugey,Sugey,0.00,14.03,,8/15/25 9:35 AM,8/15/25 9:22 AM
89,,CREDIT,Nadia,Nadia,0.00,13.70,,8/15/25 9:38 AM,8/15/25 9:35 AM
67,16,CREDIT,Emanuel,Gabriel,10.00,30.45,,8/15/25 9:43 AM,8/15/25 9:01 AM
91,,CREDIT,Nadia,Nadia,7.54,54.43,,8/15/25 9:46 AM,8/15/25 9:44 AM
92,,CREDIT,Nadia,Nadia,0.96,4.74,,8/15/25 9:47 AM,8/15/25 9:44 AM
80,5,CASH,Sugey,Sugey,0.00,16.22,,8/15/25 9:47 AM,8/15/25 9:16 AM
87,12,CREDIT,Lizbeth,Lizbeth,4.00,12.95,,8/15/25 9:47 AM,8/15/25 9:30 AM
93,,CREDIT,Nadia,Nadia,1.20,6.47,,8/15/25 9:53 AM,8/15/25 9:44 AM
76,3,CREDIT,Lizbeth,Gabriel,15.00,40.64,,8/15/25 9:56 AM,8/15/25 9:13 AM
98,,CREDIT,Nadia,Nadia,0.00,20.91,,8/15/25 10:02 AM,8/15/25 10:00 AM
88,15,CASH,Sugey,Sugey,0.00,27.03,,8/15/25 10:03 AM,8/15/25 9:31 AM
96,16,CREDIT,Adrian,Adrian,4.00,6.80,,8/15/25 10:05 AM,8/15/25 9:54 AM
100,20,CREDIT,Lizbeth,Lizbeth,2.00,54.77,,8/15/25 10:10 AM,8/15/25 10:08 AM
86,20,CREDIT,Lizbeth,Lizbeth,2.00,30.74,,8/15/25 10:11 AM,8/15/25 9:29 AM
75,2,CREDIT,Emanuel,Gabriel,0.00,53.65,,8/15/25 10:13 AM,8/15/25 9:13 AM
85,14,CREDIT,Emanuel,Gabriel,0.00,25.91,,8/15/25 10:14 AM,8/15/25 9:27 AM
94,8,CREDIT,Sugey,Sugey,6.00,19.20,,8/15/25 10:15 AM,8/15/25 9:47 AM
102,,CREDIT,Nadia,Nadia,0.00,9.02,,8/15/25 10:15 AM,8/15/25 10:15 AM
97,34,CREDIT,Lizbeth,Lizbeth,5.00,16.73,,8/15/25 10:17 AM,8/15/25 9:56 AM
90,29,CREDIT,Emanuel,Emanuel,0.00,25.49,,8/15/25 10:18 AM,8/15/25 9:39 AM
101,,CASH,Gabriel,Gabriel,0.00,7.66,Host Drawer,8/15/25 10:19 AM,8/15/25 10:12 AM
103,,CREDIT,Nadia,Nadia,0.00,9.51,,8/15/25 10:22 AM,8/15/25 10:15 AM
104,,CASH,Nadia,Nadia,0.00,12.94,DRIVE THRU 1,8/15/25 10:28 AM,8/15/25 10:19 AM
106,,CREDIT,Nadia,Nadia,0.00,16.84,,8/15/25 10:30 AM,8/15/25 10:24 AM
113,,CREDIT,Nadia,Nadia,0.00,4.42,,8/15/25 10:34 AM,8/15/25 10:33 AM
110,,CREDIT,Nadia,Nadia,0.00,30.84,,8/15/25 10:36 AM,8/15/25 10:28 AM
111,,CREDIT,Nadia,Nadia,1.66,11.98,,8/15/25 10:39 AM,8/15/25 10:29 AM
74,25,CASH,Sugey,Sugey,0.00,31.97,,8/15/25 10:41 AM,8/15/25 9:10 AM
114,,CREDIT,Nadia,Nadia,0.00,10.34,,8/15/25 10:41 AM,8/15/25 10:33 AM
116,,CREDIT,Nadia,Nadia,0.00,6.25,,8/15/25 10:41 AM,8/15/25 10:36 AM
108,29,CASH,Adrian,Adrian,0.00,2.91,,8/15/25 10:43 AM,8/15/25 10:25 AM
117,,CASH,Nadia,Nadia,0.00,17.24,DRIVE THRU 1,8/15/25 10:45 AM,8/15/25 10:40 AM
119,,CASH,Nadia,Nadia,0.00,17.82,DRIVE THRU 1,8/15/25 10:46 AM,8/15/25 10:41 AM
99,1,CREDIT,Emanuel,Emanuel,0.00,54.73,,8/15/25 10:50 AM,8/15/25 10:08 AM
112,5,CASH,Sugey,Sugey,0.00,9.49,,8/15/25 10:52 AM,8/15/25 10:32 AM
123,,CREDIT,Nadia,Nadia,2.00,25.16,,8/15/25 10:52 AM,8/15/25 10:49 AM
127,,CASH,Nadia,Nadia,0.00,6.53,DRIVE THRU 1,8/15/25 11:05 AM,8/15/25 11:04 AM
115,31,CREDIT,Lizbeth,Lizbeth,4.00,11.90,,8/15/25 11:07 AM,8/15/25 10:34 AM
128,,CREDIT,Nadia,Nadia,0.00,5.40,,8/15/25 11:08 AM,8/15/25 11:05 AM
121,29,CREDIT,Adrian,Adrian,0.00,11.88,,8/15/25 11:10 AM,8/15/25 10:45 AM
131,,CREDIT,Nadia,Nadia,2.00,12.98,,8/15/25 11:11 AM,8/15/25 11:10 AM
122,23,CASH,Emanuel,Emanuel,0.00,14.04,,8/15/25 11:12 AM,8/15/25 10:46 AM
129,,CREDIT,Sugey,Sugey,0.00,5.39,,8/15/25 11:14 AM,8/15/25 11:05 AM
132,,CREDIT,Nadia,Nadia,0.79,3.88,,8/15/25 11:16 AM,8/15/25 11:13 AM
30,,CREDIT,Nadia,Nadia,2.00,40.64,,8/15/25 11:18 AM,8/15/25 9:52 AM
125,16,CREDIT,Sugey,Sugey,4.00,36.21,,8/15/25 11:19 AM,8/15/25 10:51 AM
126,,CREDIT,Gabriel,Gabriel,5.00,42.68,,8/15/25 11:21 AM,8/15/25 10:55 AM
133,,CREDIT,Nadia,Nadia,0.00,4.31,,8/15/25 11:26 AM,8/15/25 11:17 AM
135,,CREDIT,Nadia,Nadia,0.00,9.51,,8/15/25 11:27 AM,8/15/25 11:26 AM
136,,CREDIT,Nadia,Nadia,2.05,14.80,,8/15/25 11:29 AM,8/15/25 11:28 AM
139,,CREDIT,Gabriel,Gabriel,0.00,22.61,,8/15/25 11:38 AM,8/15/25 11:38 AM
144,,CREDIT,Nadia,Nadia,0.00,32.46,,8/15/25 11:44 AM,8/15/25 11:44 AM
146,,CREDIT,Nadia,Nadia,1.60,5.52,,8/15/25 11:48 AM,8/15/25 11:44 AM
148,,CREDIT,Nadia,Nadia,0.00,22.05,,8/15/25 11:53 AM,8/15/25 11:46 AM
130,3,CREDIT,Lizbeth,Lizbeth,0.00,49.69,,8/15/25 11:55 AM,8/15/25 11:10 AM
150,,CREDIT,Nadia,Nadia,0.00,6.45,,8/15/25 11:56 AM,8/15/25 11:48 AM
155,,CREDIT,Nadia,Nadia,0.00,15.13,,8/15/25 11:58 AM,8/15/25 11:56 AM
134,14,CREDIT,Emanuel,Emanuel,6.43,31.63,,8/15/25 11:59 AM,8/15/25 11:25 AM
157,,CREDIT,Nadia,Nadia,0.00,13.25,,8/15/25 12:03 PM,8/15/25 11:59 AM
158,,CASH,Nadia,Nadia,0.00,10.89,DRIVE THRU 1,8/15/25 12:07 PM,8/15/25 12:02 PM
145,16,CREDIT,Adrian,Adrian,0.00,22.89,,8/15/25 12:08 PM,8/15/25 11:45 AM
159,,CREDIT,Nadia,Nadia,0.00,6.78,,8/15/25 12:10 PM,8/15/25 12:09 PM
142,37,CREDIT,Sugey,Sugey,0.00,24.19,,8/15/25 12:13 PM,8/15/25 11:42 AM
147,,CREDIT,Nadia,Nadia,0.00,43.84,,8/15/25 12:15 PM,8/15/25 11:47 AM
138,2,CREDIT,Adrian,Adrian,0.00,66.69,,8/15/25 12:16 PM,8/15/25 11:30 AM
141,1,CASH,Emanuel,Emanuel,0.00,9.73,,8/15/25 12:19 PM,8/15/25 11:42 AM
153,26,CREDIT,Adrian,Adrian,12.00,42.77,,8/15/25 12:19 PM,8/15/25 11:55 AM
162,,CREDIT,Nadia,Nadia,0.00,14.87,,8/15/25 12:20 PM,8/15/25 12:13 PM
152,12,CREDIT,Sugey,Sugey,9.00,49.76,,8/15/25 12:20 PM,8/15/25 11:50 AM
154,3,CREDIT,Lizbeth,,3.46,24.95,,8/15/25 12:22 PM,8/15/25 11:53 AM
163,,CREDIT,Nadia,Nadia,2.00,7.66,,8/15/25 12:23 PM,8/15/25 12:15 PM
156,10,CREDIT,Sugey,Sugey,4.00,19.57,,8/15/25 12:23 PM,8/15/25 11:57 AM
149,15,CASH,Lizbeth,Lizbeth,0.00,21.11,,8/15/25 12:24 PM,8/15/25 11:49 AM
165,,CREDIT,Nadia,Nadia,0.00,10.59,,8/15/25 12:27 PM,8/15/25 12:25 PM
171,,CASH,Emanuel,Emanuel,0.00,19.45,,8/15/25 12:27 PM,8/15/25 12:27 PM
168,,CREDIT,Nadia,Nadia,0.00,14.60,,8/15/25 12:30 PM,8/15/25 12:26 PM
170,,CASH,Nadia,Nadia,0.00,6.04,DRIVE THRU 1,8/15/25 12:33 PM,8/15/25 12:26 PM
140,20,CREDIT,Lizbeth,,3.20,17.30,,8/15/25 12:34 PM,8/15/25 11:39 AM
173,,CREDIT,Nadia,Nadia,1.97,9.70,,8/15/25 12:35 PM,8/15/25 12:29 PM
174,,CREDIT,Nadia,Nadia,0.00,23.76,,8/15/25 12:37 PM,8/15/25 12:30 PM
179,26,CREDIT,Adrian,Adrian,0.00,2.70,,8/15/25 12:41 PM,8/15/25 12:40 PM
161,21,CREDIT,Emanuel,Emanuel,8.00,38.93,,8/15/25 12:44 PM,8/15/25 12:10 PM
181,,CREDIT,Adrian,Adrian,0.00,9.90,,8/15/25 12:47 PM,8/15/25 12:47 PM
166,4,CREDIT,Adrian,Adrian,11.21,53.64,,8/15/25 12:55 PM,8/15/25 12:25 PM
183,,CREDIT,Nadia,Nadia,1.40,10.13,,8/15/25 12:59 PM,8/15/25 12:57 PM
176,22,CREDIT,Emanuel,Emanuel,5.00,14.00,,8/15/25 1:01 PM,8/15/25 12:31 PM
177,16,CREDIT,Lizbeth,,8.83,43.45,,8/15/25 1:10 PM,8/15/25 12:33 PM
169,30,CREDIT,Sugey,Sugey,20.00,91.05,,8/15/25 1:11 PM,8/15/25 12:28 PM
178,,CASH,Nadia,Nadia,0.00,19.75,DRIVE THRU 1,8/15/25 1:19 PM,8/15/25 12:49 PM
191,,CREDIT,Nadia,Nadia,0.00,10.68,,8/15/25 1:20 PM,8/15/25 1:19 PM
194,,CASH,Nadia,Nadia,0.00,5.72,DRIVE THRU 1,8/15/25 1:29 PM,8/15/25 1:21 PM
193,,CREDIT,Emanuel,Gabriel,0.00,11.21,,8/15/25 1:29 PM,8/15/25 1:20 PM
197,17,CASH,Lizbeth,Lizbeth,0.00,39.74,,8/15/25 1:29 PM,8/15/25 1:27 PM
195,,CASH,Nadia,Nadia,0.00,20.93,DRIVE THRU 1,8/15/25 1:30 PM,8/15/25 1:26 PM
185,17,CASH,Lizbeth,Lizbeth,0.00,30.35,,8/15/25 1:31 PM,8/15/25 1:04 PM
184,1,CREDIT,Sugey,Gabriel,0.00,59.10,,8/15/25 1:32 PM,8/15/25 1:03 PM
199,,CREDIT,Nadia,Nadia,1.11,7.99,,8/15/25 1:35 PM,8/15/25 1:35 PM
190,14,CREDIT,Lizbeth,Lizbeth,8.00,32.43,,8/15/25 1:38 PM,8/15/25 1:13 PM
186,3,CREDIT,Emanuel,Emanuel,0.00,40.92,,8/15/25 1:40 PM,8/15/25 1:04 PM
187,15,CASH,Lizbeth,Lizbeth,0.00,10.56,,8/15/25 1:40 PM,8/15/25 1:08 PM
198,,CREDIT,Nadia,Nadia,0.00,35.69,,8/15/25 1:41 PM,8/15/25 1:34 PM
180,2,CREDIT,Adrian,Adrian,0.00,58.93,,8/15/25 1:43 PM,8/15/25 12:45 PM
189,27,CASH,Sugey,Sugey,0.00,27.01,,8/15/25 1:43 PM,8/15/25 1:11 PM
202,15,CREDIT,Lizbeth,,3.85,18.92,,8/15/25 1:45 PM,8/15/25 1:36 PM
188,20,CREDIT,Adrian,Adrian,10.44,51.38,,8/15/25 1:50 PM,8/15/25 1:10 PM
206,,CREDIT,Sugey,Sugey,4.00,20.56,,8/15/25 1:59 PM,8/15/25 1:58 PM
203,,CASH,Nadia,Nadia,0.00,6.26,DRIVE THRU 1,8/15/25 2:02 PM,8/15/25 1:51 PM
,,TIP_OUT,Gabriel,Gabriel,-5.00,0.00,House,8/15/25 2:08 PM,8/15/25 2:08 PM
208,,CREDIT,Mario,Mario,0.00,8.64,,8/15/25 2:13 PM,8/15/25 2:13 PM
205,14,CREDIT,Adrian,Adrian,5.00,29.40,,8/15/25 2:15 PM,8/15/25 1:51 PM
,,CASH_COLLECTED,Lizbeth,Lizbeth,0.00,101.76*,House,8/15/25 2:19 PM,8/15/25 2:19 PM
,,TIP_OUT,Lizbeth,Lizbeth,-77.67,0.00,House,8/15/25 2:19 PM,8/15/25 2:19 PM
,,TIP_OUT,Nadia,Nadia,-74.21,0.00,House,8/15/25 2:19 PM,8/15/25 2:19 PM
201,16,CREDIT,Emanuel,Emanuel,0.00,39.09,,8/15/25 2:19 PM,8/15/25 1:37 PM
,,CASH_COLLECTED,Emanuel,Emanuel,0.00,43.22*,House,8/15/25 2:21 PM,8/15/25 2:21 PM
,,TIP_OUT,Emanuel,Emanuel,-29.43,0.00,House,8/15/25 2:21 PM,8/15/25 2:21 PM
,,CASH_COLLECTED,Sugey,Sugey,0.00,125.22*,House,8/15/25 2:22 PM,8/15/25 2:22 PM
,,TIP_OUT,Sugey,Sugey,-59.42,0.00,House,8/15/25 2:22 PM,8/15/25 2:22 PM
213,,CREDIT,Mario,Mario,0.00,19.74,,8/15/25 2:23 PM,8/15/25 2:22 PM
214,,CREDIT,Mario,Mario,1.65,11.90,,8/15/25 2:25 PM,8/15/25 2:23 PM
218,,CREDIT,Mario,Mario,0.00,10.98,,8/15/25 2:38 PM,8/15/25 2:36 PM
207,34,CREDIT,Adrian,Adrian,0.00,31.90,,8/15/25 2:41 PM,8/15/25 2:03 PM
222,,CREDIT,Mario,Mario,0.00,6.47,,8/15/25 2:54 PM,8/15/25 2:53 PM
216,22,CASH,Lisa,Lisa,0.00,20.54,,8/15/25 3:02 PM,8/15/25 2:24 PM
225,1,CREDIT,Adrian,Adrian,0.00,33.73,,8/15/25 3:11 PM,8/15/25 3:10 PM
211,1,CREDIT,Adrian,Adrian,0.00,38.28,,8/15/25 3:12 PM,8/15/25 2:19 PM
223,20,CASH,Lisa,Lisa,0.00,9.40,,8/15/25 3:13 PM,8/15/25 2:55 PM
224,,CASH,Mario,Mario,0.00,11.90,DRIVE THRU 1,8/15/25 3:15 PM,8/15/25 3:01 PM
220,26,CASH,Lisa,Lisa,0.00,30.15,,8/15/25 3:23 PM,8/15/25 2:47 PM
217,3,CASH,Adrian,Adrian,0.00,9.73,,8/15/25 3:28 PM,8/15/25 2:28 PM
221,15,CREDIT,Adrian,Adrian,0.00,48.60,,8/15/25 3:29 PM,8/15/25 2:50 PM
231,,CREDIT,Mario,Mario,0.00,24.07,,8/15/25 3:51 PM,8/15/25 3:50 PM
227,7,CREDIT,Adrian,Adrian,8.03,39.50,,8/15/25 4:01 PM,8/15/25 3:24 PM
232,,CREDIT,Mario,Mario,0.00,41.12,,8/15/25 4:03 PM,8/15/25 4:03 PM
233,,CREDIT,Mario,Mario,0.00,22.49,,8/15/25 4:05 PM,8/15/25 4:04 PM
234,,CREDIT,Mario,Mario,0.00,38.02,,8/15/25 4:10 PM,8/15/25 4:09 PM
229,2,CREDIT,Lisa,Lisa,7.00,30.70,,8/15/25 4:11 PM,8/15/25 3:43 PM
228,14,CREDIT,Lisa,Lisa,10.00,27.74,,8/15/25 4:13 PM,8/15/25 3:43 PM
235,,CREDIT,Mario,Mario,0.00,64.48,,8/15/25 4:20 PM,8/15/25 4:20 PM
230,23,CREDIT,Adrian,Adrian,5.00,31.31,,8/15/25 4:30 PM,8/15/25 3:50 PM
239,,CREDIT,Mario,Mario,8.85,39.52,,8/15/25 4:31 PM,8/15/25 4:23 PM
237,,CREDIT,Candy,Candy,2.00,26.56,,8/15/25 4:34 PM,8/15/25 4:16 PM
236,3,CREDIT,Adrian,Adrian,5.00,19.46,,8/15/25 5:05 PM,8/15/25 4:16 PM
241,,CREDIT,Mario,Mario,1.95,14.06,,8/15/25 5:13 PM,8/15/25 4:44 PM
251,,CREDIT,Mario,Mario,7.87,38.71,,8/15/25 5:29 PM,8/15/25 5:28 PM
242,2,CREDIT,Lisa,,8.98,48.62,,8/15/25 5:37 PM,8/15/25 5:00 PM
254,,CREDIT,Mario,Mario,0.00,10.16,,8/15/25 5:37 PM,8/15/25 5:32 PM
249,,CREDIT,Mia,Mia,10.00,43.83,,8/15/25 5:39 PM,8/15/25 5:23 PM
243,1,CREDIT,Adrian,Adrian,9.98,49.08,,8/15/25 5:41 PM,8/15/25 5:00 PM
255,,CREDIT,Mario,Mario,0.00,22.68,,8/15/25 5:46 PM,8/15/25 5:35 PM
261,,CREDIT,Mario,Mario,0.00,52.55,,8/15/25 5:57 PM,8/15/25 5:57 PM
265,,CREDIT,Mario,Mario,7.29,39.48,,8/15/25 6:03 PM,8/15/25 5:59 PM
264,,CREDIT,Mario,Mario,1.80,8.85,,8/15/25 6:08 PM,8/15/25 6:02 PM
266,,CREDIT,Mario,Mario,0.00,8.64,,8/15/25 6:10 PM,8/15/25 6:09 PM
252,23,CREDIT,Adrian,Adrian,0.00,13.72,,8/15/25 6:14 PM,8/15/25 5:27 PM
259,2,CREDIT,Adrian,Adrian,9.13,49.40,,8/15/25 6:14 PM,8/15/25 5:50 PM
244,21,CREDIT,Lisa,Mia,20.00,82.55,,8/15/25 6:31 PM,8/15/25 5:25 PM
250,3,CREDIT,Rosalinda,Rosalinda,7.00,34.07,,8/15/25 6:34 PM,8/15/25 5:27 PM
260,17,CREDIT,Rosalinda,,9.89,53.52,,8/15/25 6:34 PM,8/15/25 5:49 PM
257,14,CREDIT,Rosalinda,Rosalinda,0.00,48.66,,8/15/25 6:35 PM,8/15/25 5:45 PM
268,35,CREDIT,Adrian,Adrian,4.16,30.02,,8/15/25 6:42 PM,8/15/25 6:08 PM
269,,CREDIT,Mario,Mario,0.00,20.56,,8/15/25 6:48 PM,8/15/25 6:48 PM
270,18,CREDIT,Adrian,Adrian,6.89,37.31,,8/15/25 6:51 PM,8/15/25 6:16 PM
273,2,CREDIT,Adrian,Adrian,10.00,53.49,,8/15/25 6:53 PM,8/15/25 6:26 PM
276,,CREDIT,Mia,Mia,0.00,44.89,,8/15/25 6:55 PM,8/15/25 6:35 PM
267,12,CREDIT,Rosalinda,Rosalinda,3.00,34.60,,8/15/25 6:59 PM,8/15/25 6:08 PM
272,5,CREDIT,Lisa,Lisa,5.00,27.55,,8/15/25 7:03 PM,8/15/25 6:20 PM
275,7,CASH,Lisa,Lisa,0.00,47.27,,8/15/25 7:07 PM,8/15/25 6:32 PM
288,,CASH,Mia,Mia,0.00,53.00,Host Drawer,8/15/25 7:08 PM,8/15/25 7:06 PM
258,28,CREDIT,Lisa,Lisa,0.00,210.93,,8/15/25 7:11 PM,8/15/25 6:08 PM
271,1,CREDIT,Rosalinda,Rosalinda,10.00,56.65,,8/15/25 7:12 PM,8/15/25 6:17 PM
290,,CREDIT,Mario,Mario,0.00,48.69,,8/15/25 7:16 PM,8/15/25 7:15 PM
279,10,CREDIT,Adrian,,8.48,45.87,,8/15/25 7:20 PM,8/15/25 6:41 PM
278,23,CREDIT,Rosalinda,,0.00,30.92,,8/15/25 7:20 PM,8/15/25 6:40 PM
263,15,CREDIT,Adrian,Adrian,5.75,41.45,,8/15/25 7:23 PM,8/15/25 5:56 PM
293,,CREDIT,Mario,Mario,0.00,3.24,,8/15/25 7:26 PM,8/15/25 7:24 PM
280,4,CREDIT,Lisa,Lisa,4.96,28.04,,8/15/25 7:28 PM,8/15/25 6:42 PM
284,3,CREDIT,Lisa,Lisa,0.00,23.67,,8/15/25 7:28 PM,8/15/25 6:50 PM
274,16,CREDIT,Rosalinda,Rosalinda,10.00,50.61,,8/15/25 7:30 PM,8/15/25 6:27 PM
294,16,CREDIT,Rosalinda,Rosalinda,0.00,44.88,,8/15/25 7:30 PM,8/15/25 7:27 PM
282,29,CREDIT,Adrian,Adrian,5.00,22.04,,8/15/25 7:35 PM,8/15/25 6:46 PM
286,,CREDIT,Mario,Mario,2.50,12.30,,8/15/25 7:44 PM,8/15/25 7:44 PM
281,21,CREDIT,Rosalinda,Rosalinda,10.00,62.61,,8/15/25 7:45 PM,8/15/25 6:43 PM
295,,CREDIT,Mia,Mia,2.00,23.66,,8/15/25 7:46 PM,8/15/25 7:32 PM
297,,CASH,Mario,Mario,0.00,11.53,DRIVE THRU 1,8/15/25 7:50 PM,8/15/25 7:48 PM
287,20,CASH,Rosalinda,Rosalinda,0.00,68.88,,8/15/25 7:58 PM,8/15/25 7:02 PM
292,34,CREDIT,Lisa,Lisa,6.00,38.93,,8/15/25 8:04 PM,8/15/25 7:24 PM
301,28,CREDIT,Lisa,Lisa,7.00,33.78,,8/15/25 8:07 PM,8/15/25 8:06 PM
300,,CREDIT,Mario,Mario,0.00,10.80,,8/15/25 8:20 PM,8/15/25 8:20 PM
304,,CREDIT,Mia,Mia,0.00,60.68,,8/15/25 8:22 PM,8/15/25 8:21 PM
296,23,CASH,Rosalinda,Rosalinda,0.00,72.47,,8/15/25 8:38 PM,8/15/25 7:34 PM
289,32,CREDIT,Adrian,Adrian,12.21,223.64,,8/15/25 8:45 PM,8/15/25 7:11 PM
308,,CREDIT,Mario,Mario,0.00,11.97,,8/15/25 8:45 PM,8/15/25 8:43 PM
309,,CASH,Mario,Mario,0.00,4.32,DRIVE THRU 1,8/15/25 8:52 PM,8/15/25 8:52 PM
310,,CREDIT,Mario,Mario,0.00,19.98,,8/15/25 8:54 PM,8/15/25 8:52 PM
,,TIP_OUT,Mario,Mario,-31.91,0.00,House,8/15/25 9:00 PM,8/15/25 9:00 PM
302,18,CREDIT,Lisa,Lisa,12.00,58.38,,8/15/25 9:03 PM,8/15/25 8:15 PM
311,,CREDIT,Mia,Mia,0.00,8.65,,8/15/25 9:07 PM,8/15/25 9:07 PM
306,2,CREDIT,Rosalinda,Rosalinda,4.84,23.80,,8/15/25 9:08 PM,8/15/25 8:24 PM
307,3,CREDIT,Lisa,Lisa,3.00,17.29,,8/15/25 9:10 PM,8/15/25 8:37 PM
312,6,CREDIT,Adrian,Adrian,4.34,31.35,,8/15/25 9:13 PM,8/15/25 9:12 PM
313,6,CREDIT,Adrian,Adrian,2.32,16.71,,8/15/25 9:14 PM,8/15/25 9:12 PM
,,TIP_OUT,Mia,Mia,-12.00,0.00,House,8/15/25 9:19 PM,8/15/25 9:19 PM
315,27,CREDIT,Rosalinda,Rosalinda,1.20,51.25,,8/15/25 9:33 PM,8/15/25 9:32 PM
,,CASH_COLLECTED,Adrian,Adrian,0.00,12.64*,House,8/15/25 9:37 PM,8/15/25 9:37 PM
,,TIP_OUT,Adrian,Adrian,-173.82,0.00,House,8/15/25 9:37 PM,8/15/25 9:37 PM
299,27,CREDIT,Rosalinda,Rosalinda,12.76,327.32,,8/15/25 9:39 PM,8/15/25 7:57 PM
,,CASH_COLLECTED,Rosalinda,Rosalinda,0.00,141.35*,House,8/15/25 9:44 PM,8/15/25 9:44 PM
,,TIP_OUT,Rosalinda,Rosalinda,-127.73,0.00,House,8/15/25 9:44 PM,8/15/25 9:44 PM
,,CASH_COLLECTED,Lisa,Lisa,0.00,107.36*,House,8/15/25 9:51 PM,8/15/25 9:51 PM
,,TIP_OUT,Lisa,Lisa,-116.83,0.00,House,8/15/25 9:51 PM,8/15/25 9:51 PM
,,CLOSE_OUT_SHORTAGE,Candy,,0.00,-60.66,Host Drawer,8/15/25 10:07 PM,8/15/25 10:07 PM
,,CLOSE_OUT_SHORTAGE,Candy,,0.00,-324.61,DRIVE THRU 1,8/15/25 10:07 PM,8/15/25 10:07 PM
,,TIP_OUT,Candy,Candy,-2.00,0.00,House,8/15/25 10:07 PM,8/15/25 10:07 PM
,,TOTAL,,,-140.14,6326.74,,,
