Location,Server,Check #,Table,Station,Expediter Level,Fired Date,Fulfilled Date,Fulfillment Time,Fulfilled By
12060 Potranco Road,Nadia Reyes,2,,Food,,8/15/25 6:32 AM,8/15/25 6:36 AM,4 minutes and 23 seconds,KDS - Login Don't Delete
12060 Potranco Road,Nadia Reyes,2,,Drive Thru,,8/15/25 6:32 AM,8/15/25 6:36 AM,4 minutes and 23 seconds,KDS - Login Don't Delete
12060 Potranco Road,Nadia Reyes,3,,Food,,8/15/25 6:41 AM,8/15/25 6:50 AM,8 minutes and 38 seconds,KDS - Login Don't Delete
12060 Potranco Road,Nadia Reyes,3,,Drive Thru,,8/15/25 6:41 AM,8/15/25 6:50 AM,8 minutes and 38 seconds,KDS - Login Don't Delete
12060 Potranco Road,Nadia Reyes,4,,Food,,8/15/25 6:48 AM,8/15/25 6:52 AM,3 minutes and 10 seconds,KDS - Login Don't Delete
12060 Potranco Road,Nadia Reyes,4,,Drive Thru,,8/15/25 6:48 AM,8/15/25 6:52 AM,3 minutes and 10 seconds,KDS - Login Don't Delete
12060 Potranco Road,Nadia Reyes,5,,Food,,8/15/25 6:49 AM,8/15/25 6:55 AM,5 minutes and 58 seconds,KDS - Login Don't Delete
12060 Potranco Road,Nadia Reyes,5,,Drive Thru,,8/15/25 6:49 AM,8/15/25 6:55 AM,5 minutes and 58 seconds,KDS - Login Don't Delete
12060 Potranco Road,Nadia Reyes,6,,Food,,8/15/25 6:52 AM,8/15/25 6:55 AM,3 minutes and 1 second,KDS - Login Don't Delete
12060 Potranco Road,Nadia Reyes,6,,Drive Thru,,8/15/25 6:52 AM,8/15/25 6:55 AM,3 minutes and 1 second,KDS - Login Don't Delete
12060 Potranco Road,Sugey Cabrera,7,2,Food,,8/15/25 6:56 AM,8/15/25 6:57 AM,1 minute and 33 seconds,KDS - Login Don't Delete
12060 Potranco Road,Sugey Cabrera,7,2,No Print,,8/15/25 6:56 AM,8/15/25 6:57 AM,1 minute and 33 seconds,KDS - Login Don't Delete
12060 Potranco Road,Nadia Reyes,8,,Food,,8/15/25 6:57 AM,8/15/25 7:02 AM,4 minutes and 43 seconds,KDS - Login Don't Delete
12060 Potranco Road,Nadia Reyes,8,,Drive Thru,,8/15/25 6:57 AM,8/15/25 7:02 AM,4 minutes and 43 seconds,KDS - Login Don't Delete
12060 Potranco Road,Nadia Reyes,11,,Food,,8/15/25 7:02 AM,8/15/25 7:10 AM,7 minutes and 50 seconds,KDS - Login Don't Delete
12060 Potranco Road,Nadia Reyes,11,,Drive Thru,,8/15/25 7:02 AM,8/15/25 7:10 AM,7 minutes and 50 seconds,KDS - Login Don't Delete
12060 Potranco Road,Nadia Reyes,5,,Food,,8/15/25 7:06 AM,8/15/25 7:10 AM,3 minutes and 40 seconds,KDS - Login Don't Delete
12060 Potranco Road,Nadia Reyes,5,,Drive Thru,,8/15/25 7:06 AM,8/15/25 7:10 AM,3 minutes and 40 seconds,KDS - Login Don't Delete
12060 Potranco Road,Sugey Cabrera,13,,Drive Thru,,8/15/25 7:07 AM,8/15/25 7:12 AM,5 minutes and 14 seconds,KDS - Login Don't Delete
12060 Potranco Road,Sugey Cabrera,13,,Food,,8/15/25 7:07 AM,8/15/25 7:12 AM,5 minutes and 14 seconds,KDS - Login Don't Delete
12060 Potranco Road,Nadia Reyes,14,,Food,,8/15/25 7:10 AM,8/15/25 7:20 AM,9 minutes and 37 seconds,KDS - Login Don't Delete
12060 Potranco Road,Nadia Reyes,14,,Drive Thru,,8/15/25 7:10 AM,8/15/25 7:20 AM,9 minutes and 37 seconds,KDS - Login Don't Delete
12060 Potranco Road,Nadia Reyes,16,,Food,,8/15/25 7:14 AM,8/15/25 7:20 AM,5 minutes and 31 seconds,KDS - Login Don't Delete
12060 Potranco Road,Nadia Reyes,16,,Drive Thru,,8/15/25 7:14 AM,8/15/25 7:20 AM,5 minutes and 31 seconds,KDS - Login Don't Delete
12060 Potranco Road,Nadia Reyes,15,,Food,,8/15/25 7:14 AM,8/15/25 7:20 AM,6 minutes,KDS - Login Don't Delete
12060 Potranco Road,Nadia Reyes,15,,Drive Thru,,8/15/25 7:14 AM,8/15/25 7:20 AM,6 minutes,KDS - Login Don't Delete
12060 Potranco Road,Nadia Reyes,17,,Food,,8/15/25 7:15 AM,8/15/25 7:20 AM,5 minutes and 3 seconds,KDS - Login Don't Delete
12060 Potranco Road,Nadia Reyes,17,,Drive Thru,,8/15/25 7:15 AM,8/15/25 7:20 AM,5 minutes and 3 seconds,KDS - Login Don't Delete
12060 Potranco Road,Nadia Reyes,20,,Food,,8/15/25 7:21 AM,8/15/25 7:23 AM,2 minutes and 15 seconds,KDS - Login Don't Delete
12060 Potranco Road,Nadia Reyes,20,,Drive Thru,,8/15/25 7:21 AM,8/15/25 7:23 AM,2 minutes and 15 seconds,KDS - Login Don't Delete
12060 Potranco Road,Sugey Cabrera,13,,,1,8/15/25 7:12 AM,8/15/25 7:25 AM,12 minutes and 26 seconds,KDS - Login Don't Delete
12060 Potranco Road,Sugey Cabrera,7,2,,1,8/15/25 6:57 AM,8/15/25 7:25 AM,27 minutes and 29 seconds,KDS - Login Don't Delete
12060 Potranco Road,Nadia Reyes,21,,Food,,8/15/25 7:22 AM,8/15/25 7:27 AM,4 minutes and 16 seconds,KDS - Login Don't Delete
12060 Potranco Road,Nadia Reyes,21,,Drive Thru,,8/15/25 7:22 AM,8/15/25 7:27 AM,4 minutes and 16 seconds,KDS - Login Don't Delete
12060 Potranco Road,Lizbeth Garcia,19,3,Food,,8/15/25 7:19 AM,8/15/25 7:31 AM,11 minutes and 28 seconds,KDS - Login Don't Delete
12060 Potranco Road,Lizbeth Garcia,19,3,No Print,,8/15/25 7:19 AM,8/15/25 7:31 AM,11 minutes and 28 seconds,KDS - Login Don't Delete
12060 Potranco Road,Nadia Reyes,23,,Food,,8/15/25 7:25 AM,8/15/25 7:33 AM,7 minutes and 49 seconds,KDS - Login Don't Delete
12060 Potranco Road,Nadia Reyes,23,,Drive Thru,,8/15/25 7:25 AM,8/15/25 7:33 AM,7 minutes and 49 seconds,KDS - Login Don't Delete
12060 Potranco Road,Nadia Reyes,24,,Food,,8/15/25 7:28 AM,8/15/25 7:33 AM,4 minutes and 7 seconds,KDS - Login Don't Delete
12060 Potranco Road,Nadia Reyes,24,,Drive Thru,,8/15/25 7:28 AM,8/15/25 7:33 AM,4 minutes and 7 seconds,KDS - Login Don't Delete
12060 Potranco Road,Nadia Reyes,22,,Food,,8/15/25 7:25 AM,8/15/25 7:33 AM,8 minutes,KDS - Login Don't Delete
12060 Potranco Road,Nadia Reyes,22,,Drive Thru,,8/15/25 7:25 AM,8/15/25 7:33 AM,8 minutes,KDS - Login Don't Delete
12060 Potranco Road,Nadia Reyes,25,,Food,,8/15/25 7:35 AM,8/15/25 7:39 AM,3 minutes and 12 seconds,KDS - Login Don't Delete
12060 Potranco Road,Nadia Reyes,25,,Drive Thru,,8/15/25 7:35 AM,8/15/25 7:39 AM,3 minutes and 12 seconds,KDS - Login Don't Delete
12060 Potranco Road,Nadia Reyes,26,,Food,,8/15/25 7:39 AM,8/15/25 7:42 AM,3 minutes and 5 seconds,KDS - Login Don't Delete
12060 Potranco Road,Nadia Reyes,26,,Drive Thru,,8/15/25 7:39 AM,8/15/25 7:42 AM,3 minutes and 5 seconds,KDS - Login Don't Delete
12060 Potranco Road,Nadia Reyes,27,,Food,,8/15/25 7:50 AM,8/15/25 7:54 AM,3 minutes and 54 seconds,KDS - Login Don't Delete
12060 Potranco Road,Nadia Reyes,27,,Drive Thru,,8/15/25 7:50 AM,8/15/25 7:54 AM,3 minutes and 54 seconds,KDS - Login Don't Delete
12060 Potranco Road,Lizbeth Garcia,19,3,,1,8/15/25 7:31 AM,8/15/25 7:56 AM,25 minutes and 23 seconds,KDS - Login Don't Delete
12060 Potranco Road,Sugey Cabrera,28,,Food,,8/15/25 7:51 AM,8/15/25 8:00 AM,8 minutes and 44 seconds,KDS - Login Don't Delete
12060 Potranco Road,Sugey Cabrera,28,,No Print,,8/15/25 7:51 AM,8/15/25 8:00 AM,8 minutes and 44 seconds,KDS - Login Don't Delete
12060 Potranco Road,Nadia Reyes,18,,Food,,8/15/25 7:55 AM,8/15/25 8:02 AM,6 minutes and 47 seconds,KDS - Login Don't Delete
12060 Potranco Road,Nadia Reyes,18,,Drive Thru,,8/15/25 7:55 AM,8/15/25 8:02 AM,6 minutes and 47 seconds,KDS - Login Don't Delete
12060 Potranco Road,Nadia Reyes,29,,Food,,8/15/25 7:57 AM,8/15/25 8:02 AM,4 minutes and 40 seconds,KDS - Login Don't Delete
12060 Potranco Road,Nadia Reyes,29,,Drive Thru,,8/15/25 7:57 AM,8/15/25 8:02 AM,4 minutes and 40 seconds,KDS - Login Don't Delete
12060 Potranco Road,Nadia Reyes,31,,Food,,8/15/25 7:59 AM,8/15/25 8:05 AM,5 minutes and 47 seconds,KDS - Login Don't Delete
12060 Potranco Road,Nadia Reyes,31,,Drive Thru,,8/15/25 7:59 AM,8/15/25 8:05 AM,5 minutes and 47 seconds,KDS - Login Don't Delete
12060 Potranco Road,Nadia Reyes,32,,Food,,8/15/25 8:00 AM,8/15/25 8:05 AM,5 minutes and 7 seconds,KDS - Login Don't Delete
12060 Potranco Road,Nadia Reyes,32,,Drive Thru,,8/15/25 8:00 AM,8/15/25 8:05 AM,5 minutes and 7 seconds,KDS - Login Don't Delete
12060 Potranco Road,Nadia Reyes,34,,Food,,8/15/25 8:04 AM,8/15/25 8:07 AM,3 minutes and 49 seconds,KDS - Login Don't Delete
12060 Potranco Road,Nadia Reyes,34,,Drive Thru,,8/15/25 8:04 AM,8/15/25 8:07 AM,3 minutes and 49 seconds,KDS - Login Don't Delete
12060 Potranco Road,Nadia Reyes,35,,Food,,8/15/25 8:06 AM,8/15/25 8:10 AM,3 minutes and 57 seconds,KDS - Login Don't Delete
12060 Potranco Road,Nadia Reyes,35,,Drive Thru,,8/15/25 8:06 AM,8/15/25 8:10 AM,3 minutes and 57 seconds,KDS - Login Don't Delete
12060 Potranco Road,Sugey Cabrera,33,,Drive Thru,,8/15/25 8:04 AM,8/15/25 8:10 AM,6 minutes and 39 seconds,KDS - Login Don't Delete
12060 Potranco Road,Sugey Cabrera,33,,Food,,8/15/25 8:04 AM,8/15/25 8:10 AM,6 minutes and 39 seconds,KDS - Login Don't Delete
12060 Potranco Road,Lizbeth Garcia,37,1,Drive Thru,,8/15/25 8:08 AM,8/15/25 8:10 AM,2 minutes and 24 seconds,KDS - Login Don't Delete
12060 Potranco Road,Lizbeth Garcia,37,1,Food,,8/15/25 8:08 AM,8/15/25 8:10 AM,2 minutes and 24 seconds,KDS - Login Don't Delete
12060 Potranco Road,Sugey Cabrera,28,,Food,,8/15/25 8:01 AM,8/15/25 8:10 AM,9 minutes and 13 seconds,KDS - Login Don't Delete
12060 Potranco Road,Sugey Cabrera,28,,No Print,,8/15/25 8:01 AM,8/15/25 8:10 AM,9 minutes and 13 seconds,KDS - Login Don't Delete
12060 Potranco Road,Nadia Reyes,38,,Food,,8/15/25 8:12 AM,8/15/25 8:13 AM,1 minute and 28 seconds,KDS - Login Don't Delete
12060 Potranco Road,Nadia Reyes,38,,Drive Thru,,8/15/25 8:12 AM,8/15/25 8:13 AM,1 minute and 28 seconds,KDS - Login Don't Delete
12060 Potranco Road,Nadia Reyes,40,,Food,,8/15/25 8:12 AM,8/15/25 8:14 AM,1 minute and 47 seconds,KDS - Login Don't Delete
12060 Potranco Road,Nadia Reyes,40,,Drive Thru,,8/15/25 8:12 AM,8/15/25 8:14 AM,1 minute and 47 seconds,KDS - Login Don't Delete
12060 Potranco Road,Nadia Reyes,41,,Food,,8/15/25 8:12 AM,8/15/25 8:17 AM,4 minutes and 40 seconds,KDS - Login Don't Delete
12060 Potranco Road,Nadia Reyes,41,,Drive Thru,,8/15/25 8:12 AM,8/15/25 8:17 AM,4 minutes and 40 seconds,KDS - Login Don't Delete
12060 Potranco Road,Sugey Cabrera,28,,,1,8/15/25 8:10 AM,8/15/25 8:18 AM,7 minutes and 28 seconds,KDS - Login Don't Delete
12060 Potranco Road,Sugey Cabrera,28,,,1,8/15/25 8:00 AM,8/15/25 8:18 AM,18 minutes and 9 seconds,KDS - Login Don't Delete
12060 Potranco Road,Sugey Cabrera,36,21,,1,8/15/25 8:09 AM,8/15/25 8:19 AM,9 minutes and 22 seconds,KDS - Login Don't Delete
12060 Potranco Road,Nadia Reyes,46,,Food,,8/15/25 8:15 AM,8/15/25 8:19 AM,3 minutes and 50 seconds,KDS - Login Don't Delete
12060 Potranco Road,Nadia Reyes,46,,Drive Thru,,8/15/25 8:15 AM,8/15/25 8:19 AM,3 minutes and 50 seconds,KDS - Login Don't Delete
12060 Potranco Road,Gabriel Tovar ,44,,Drive Thru,,8/15/25 8:14 AM,8/15/25 8:19 AM,5 minutes and 10 seconds,KDS - Login Don't Delete
12060 Potranco Road,Gabriel Tovar ,44,,Food,,8/15/25 8:14 AM,8/15/25 8:19 AM,5 minutes and 10 seconds,KDS - Login Don't Delete
12060 Potranco Road,Sugey Cabrera,45,,Drive Thru,,8/15/25 8:15 AM,8/15/25 8:19 AM,4 minutes and 31 seconds,KDS - Login Don't Delete
12060 Potranco Road,Sugey Cabrera,45,,Food,,8/15/25 8:15 AM,8/15/25 8:19 AM,4 minutes and 31 seconds,KDS - Login Don't Delete
12060 Potranco Road,Nadia Reyes,42,,Food,,8/15/25 8:13 AM,8/15/25 8:19 AM,6 minutes and 25 seconds,KDS - Login Don't Delete
12060 Potranco Road,Nadia Reyes,42,,Drive Thru,,8/15/25 8:13 AM,8/15/25 8:19 AM,6 minutes and 25 seconds,KDS - Login Don't Delete
12060 Potranco Road,Nadia Reyes,47,,Food,,8/15/25 8:16 AM,8/15/25 8:22 AM,6 minutes and 10 seconds,KDS - Login Don't Delete
12060 Potranco Road,Nadia Reyes,49,,Food,,8/15/25 8:20 AM,8/15/25 8:22 AM,2 minutes and 4 seconds,KDS - Login Don't Delete
12060 Potranco Road,Nadia Reyes,49,,Drive Thru,,8/15/25 8:20 AM,8/15/25 8:22 AM,2 minutes and 4 seconds,KDS - Login Don't Delete
12060 Potranco Road,Nadia Reyes,47,,Drive Thru,,8/15/25 8:16 AM,8/15/25 8:22 AM,6 minutes and 10 seconds,KDS - Login Don't Delete
12060 Potranco Road,Sugey Cabrera,28,,Food,,8/15/25 8:03 AM,8/15/25 8:25 AM,21 minutes and 45 seconds,KDS - Login Don't Delete
12060 Potranco Road,Sugey Cabrera,28,,No Print,,8/15/25 8:03 AM,8/15/25 8:25 AM,21 minutes and 45 seconds,KDS - Login Don't Delete
12060 Potranco Road,Gabriel Tovar ,52,,Drive Thru,,8/15/25 8:25 AM,8/15/25 8:27 AM,1 minute and 30 seconds,KDS - Login Don't Delete
12060 Potranco Road,Gabriel Tovar ,52,,Food,,8/15/25 8:25 AM,8/15/25 8:27 AM,1 minute and 30 seconds,KDS - Login Don't Delete
12060 Potranco Road,Nadia Reyes,50,,Food,,8/15/25 8:22 AM,8/15/25 8:32 AM,10 minutes,KDS - Login Don't Delete
12060 Potranco Road,Nadia Reyes,50,,Drive Thru,,8/15/25 8:22 AM,8/15/25 8:32 AM,10 minutes,KDS - Login Don't Delete
12060 Potranco Road,Nadia Reyes,48,,Food,,8/15/25 8:19 AM,8/15/25 8:32 AM,12 minutes and 56 seconds,KDS - Login Don't Delete
12060 Potranco Road,Nadia Reyes,48,,Drive Thru,,8/15/25 8:19 AM,8/15/25 8:32 AM,12 minutes and 56 seconds,KDS - Login Don't Delete
12060 Potranco Road,Nadia Reyes,51,,Food,,8/15/25 8:24 AM,8/15/25 8:32 AM,7 minutes and 23 seconds,KDS - Login Don't Delete
12060 Potranco Road,Nadia Reyes,51,,Drive Thru,,8/15/25 8:24 AM,8/15/25 8:32 AM,7 minutes and 23 seconds,KDS - Login Don't Delete
12060 Potranco Road,Nadia Reyes,53,,Food,,8/15/25 8:27 AM,8/15/25 8:32 AM,4 minutes and 50 seconds,KDS - Login Don't Delete
12060 Potranco Road,Nadia Reyes,53,,Drive Thru,,8/15/25 8:27 AM,8/15/25 8:32 AM,4 minutes and 50 seconds,KDS - Login Don't Delete
12060 Potranco Road,Nadia Reyes,54,,Food,,8/15/25 8:28 AM,8/15/25 8:32 AM,3 minutes and 55 seconds,KDS - Login Don't Delete
12060 Potranco Road,Nadia Reyes,54,,Drive Thru,,8/15/25 8:28 AM,8/15/25 8:32 AM,3 minutes and 55 seconds,KDS - Login Don't Delete
12060 Potranco Road,Sugey Cabrera,56,10,Food,,8/15/25 8:33 AM,8/15/25 8:36 AM,2 minutes and 58 seconds,KDS - Login Don't Delete
12060 Potranco Road,Sugey Cabrera,56,10,No Print,,8/15/25 8:33 AM,8/15/25 8:36 AM,2 minutes and 58 seconds,KDS - Login Don't Delete
12060 Potranco Road,Sugey Cabrera,56,10,Drive Thru,,8/15/25 8:33 AM,8/15/25 8:36 AM,2 minutes and 58 seconds,KDS - Login Don't Delete
12060 Potranco Road,Nadia Reyes,55,,Food,,8/15/25 8:30 AM,8/15/25 8:43 AM,13 minutes and 35 seconds,KDS - Login Don't Delete
12060 Potranco Road,Nadia Reyes,55,,Drive Thru,,8/15/25 8:30 AM,8/15/25 8:43 AM,13 minutes and 35 seconds,KDS - Login Don't Delete
12060 Potranco Road,Nadia Reyes,57,,Food,,8/15/25 8:36 AM,8/15/25 8:43 AM,6 minutes and 56 seconds,KDS - Login Don't Delete
12060 Potranco Road,Nadia Reyes,57,,Drive Thru,,8/15/25 8:36 AM,8/15/25 8:43 AM,6 minutes and 56 seconds,KDS - Login Don't Delete
12060 Potranco Road,Nadia Reyes,58,,Food,,8/15/25 8:38 AM,8/15/25 8:43 AM,5 minutes and 24 seconds,KDS - Login Don't Delete
12060 Potranco Road,Nadia Reyes,58,,Drive Thru,,8/15/25 8:38 AM,8/15/25 8:43 AM,5 minutes and 24 seconds,KDS - Login Don't Delete
12060 Potranco Road,Sugey Cabrera,28,,Food,,8/15/25 8:39 AM,8/15/25 8:47 AM,7 minutes and 26 seconds,KDS - Login Don't Delete
12060 Potranco Road,Sugey Cabrera,28,,No Print,,8/15/25 8:39 AM,8/15/25 8:47 AM,7 minutes and 26 seconds,KDS - Login Don't Delete
12060 Potranco Road,Nadia Reyes,59,,Food,,8/15/25 8:42 AM,8/15/25 8:48 AM,5 minutes and 37 seconds,KDS - Login Don't Delete
12060 Potranco Road,Nadia Reyes,59,,Drive Thru,,8/15/25 8:42 AM,8/15/25 8:48 AM,5 minutes and 37 seconds,KDS - Login Don't Delete
12060 Potranco Road,Nadia Reyes,61,,Food,,8/15/25 8:47 AM,8/15/25 8:52 AM,5 minutes and 18 seconds,KDS - Login Don't Delete
12060 Potranco Road,Nadia Reyes,61,,Drive Thru,,8/15/25 8:47 AM,8/15/25 8:52 AM,5 minutes and 18 seconds,KDS - Login Don't Delete
12060 Potranco Road,Nadia Reyes,60,,Food,,8/15/25 8:45 AM,8/15/25 8:52 AM,6 minutes and 33 seconds,KDS - Login Don't Delete
12060 Potranco Road,Nadia Reyes,60,,Drive Thru,,8/15/25 8:45 AM,8/15/25 8:52 AM,6 minutes and 33 seconds,KDS - Login Don't Delete
12060 Potranco Road,Sugey Cabrera,33,,,1,8/15/25 8:10 AM,8/15/25 8:53 AM,42 minutes and 12 seconds,KDS - Login Don't Delete
12060 Potranco Road,Lizbeth Garcia,37,1,,1,8/15/25 8:10 AM,8/15/25 8:53 AM,42 minutes and 12 seconds,KDS - Login Don't Delete
12060 Potranco Road,Sugey Cabrera,28,,,1,8/15/25 8:25 AM,8/15/25 8:53 AM,27 minutes and 35 seconds,KDS - Login Don't Delete
12060 Potranco Road,Gabriel Tovar ,44,,,1,8/15/25 8:19 AM,8/15/25 8:53 AM,33 minutes and 26 seconds,KDS - Login Don't Delete
12060 Potranco Road,Sugey Cabrera,56,10,,1,8/15/25 8:36 AM,8/15/25 8:53 AM,16 minutes and 59 seconds,KDS - Login Don't Delete
12060 Potranco Road,Sugey Cabrera,45,,,1,8/15/25 8:19 AM,8/15/25 8:53 AM,33 minutes and 27 seconds,KDS - Login Don't Delete
12060 Potranco Road,Gabriel Tovar ,52,,,1,8/15/25 8:27 AM,8/15/25 8:53 AM,25 minutes and 52 seconds,KDS - Login Don't Delete
12060 Potranco Road,Sugey Cabrera,28,,,1,8/15/25 8:47 AM,8/15/25 8:53 AM,5 minutes and 58 seconds,KDS - Login Don't Delete
12060 Potranco Road,Nadia Reyes,62,,Food,,8/15/25 8:52 AM,8/15/25 8:54 AM,2 minutes and 5 seconds,KDS - Login Don't Delete
12060 Potranco Road,Nadia Reyes,62,,Drive Thru,,8/15/25 8:52 AM,8/15/25 8:54 AM,2 minutes and 5 seconds,KDS - Login Don't Delete
12060 Potranco Road,Nadia Reyes,63,,Food,,8/15/25 8:55 AM,8/15/25 8:57 AM,2 minutes and 9 seconds,KDS - Login Don't Delete
12060 Potranco Road,Nadia Reyes,63,,Drive Thru,,8/15/25 8:55 AM,8/15/25 8:57 AM,2 minutes and 9 seconds,KDS - Login Don't Delete
12060 Potranco Road,Nadia Reyes,64,,Food,,8/15/25 8:56 AM,8/15/25 9:01 AM,5 minutes and 50 seconds,KDS - Login Don't Delete
12060 Potranco Road,Nadia Reyes,64,,Drive Thru,,8/15/25 8:56 AM,8/15/25 9:01 AM,5 minutes and 50 seconds,KDS - Login Don't Delete
12060 Potranco Road,Nadia Reyes,65,,Food,,8/15/25 8:56 AM,8/15/25 9:02 AM,5 minutes and 47 seconds,KDS - Login Don't Delete
12060 Potranco Road,Nadia Reyes,65,,Drive Thru,,8/15/25 8:56 AM,8/15/25 9:02 AM,5 minutes and 47 seconds,KDS - Login Don't Delete
12060 Potranco Road,Nadia Reyes,68,,Food,,8/15/25 9:00 AM,8/15/25 9:03 AM,3 minutes and 18 seconds,KDS - Login Don't Delete
12060 Potranco Road,Nadia Reyes,68,,Drive Thru,,8/15/25 9:00 AM,8/15/25 9:03 AM,3 minutes and 18 seconds,KDS - Login Don't Delete
12060 Potranco Road,Nadia Reyes,69,,Food,,8/15/25 9:00 AM,8/15/25 9:04 AM,3 minutes and 49 seconds,KDS - Login Don't Delete
12060 Potranco Road,Nadia Reyes,69,,Drive Thru,,8/15/25 9:00 AM,8/15/25 9:04 AM,3 minutes and 49 seconds,KDS - Login Don't Delete
12060 Potranco Road,Nadia Reyes,66,,Food,,8/15/25 8:59 AM,8/15/25 9:04 AM,5 minutes and 4 seconds,KDS - Login Don't Delete
12060 Potranco Road,Nadia Reyes,66,,Drive Thru,,8/15/25 8:59 AM,8/15/25 9:04 AM,5 minutes and 4 seconds,KDS - Login Don't Delete
12060 Potranco Road,Nadia Reyes,70,,Food,,8/15/25 9:07 AM,8/15/25 9:11 AM,3 minutes and 39 seconds,KDS - Login Don't Delete
12060 Potranco Road,Nadia Reyes,70,,Drive Thru,,8/15/25 9:07 AM,8/15/25 9:11 AM,3 minutes and 39 seconds,KDS - Login Don't Delete
12060 Potranco Road,Emanuel Sanchez,67,16,Food,,8/15/25 9:01 AM,8/15/25 9:11 AM,10 minutes and 37 seconds,KDS - Login Don't Delete
12060 Potranco Road,Emanuel Sanchez,67,16,No Print,,8/15/25 9:01 AM,8/15/25 9:11 AM,10 minutes and 37 seconds,KDS - Login Don't Delete
12060 Potranco Road,Nadia Reyes,73,,Food,,8/15/25 9:08 AM,8/15/25 9:12 AM,4 minutes and 5 seconds,KDS - Login Don't Delete
12060 Potranco Road,Nadia Reyes,73,,Drive Thru,,8/15/25 9:08 AM,8/15/25 9:12 AM,4 minutes and 5 seconds,KDS - Login Don't Delete
12060 Potranco Road,Emanuel Sanchez,67,16,,1,8/15/25 9:11 AM,8/15/25 9:13 AM,1 minute and 43 seconds,KDS - Login Don't Delete
12060 Potranco Road,Sugey Cabrera,72,,,1,8/15/25 9:08 AM,8/15/25 9:13 AM,4 minutes and 52 seconds,KDS - Login Don't Delete
12060 Potranco Road,Nadia Reyes,78,,Food,,8/15/25 9:13 AM,8/15/25 9:15 AM,2 minutes and 4 seconds,KDS - Login Don't Delete
12060 Potranco Road,Nadia Reyes,78,,Drive Thru,,8/15/25 9:13 AM,8/15/25 9:15 AM,2 minutes and 4 seconds,KDS - Login Don't Delete
12060 Potranco Road,Sugey Cabrera,74,25,Food,,8/15/25 9:10 AM,8/15/25 9:16 AM,6 minutes and 1 second,KDS - Login Don't Delete
12060 Potranco Road,Sugey Cabrera,74,25,No Print,,8/15/25 9:10 AM,8/15/25 9:16 AM,6 minutes and 1 second,KDS - Login Don't Delete
12060 Potranco Road,Nadia Reyes,77,,Drive Thru,,8/15/25 9:14 AM,8/15/25 9:17 AM,3 minutes and 6 seconds,KDS - Login Don't Delete
12060 Potranco Road,Sugey Cabrera,28,,Food,,8/15/25 9:15 AM,8/15/25 9:17 AM,2 minutes and 17 seconds,KDS - Login Don't Delete
12060 Potranco Road,Sugey Cabrera,28,,No Print,,8/15/25 9:15 AM,8/15/25 9:17 AM,2 minutes and 17 seconds,KDS - Login Don't Delete
12060 Potranco Road,Nadia Reyes,77,,Food,,8/15/25 9:14 AM,8/15/25 9:17 AM,3 minutes and 6 seconds,KDS - Login Don't Delete
12060 Potranco Road,Sugey Cabrera,74,25,,1,8/15/25 9:16 AM,8/15/25 9:20 AM,3 minutes and 33 seconds,KDS - Login Don't Delete
12060 Potranco Road,Nadia Reyes,81,,Food,,8/15/25 9:19 AM,8/15/25 9:24 AM,4 minutes and 57 seconds,KDS - Login Don't Delete
12060 Potranco Road,Nadia Reyes,81,,Drive Thru,,8/15/25 9:19 AM,8/15/25 9:24 AM,4 minutes and 57 seconds,KDS - Login Don't Delete
12060 Potranco Road,Sugey Cabrera,80,5,Food,,8/15/25 9:16 AM,8/15/25 9:26 AM,10 minutes and 25 seconds,KDS - Login Don't Delete
12060 Potranco Road,Sugey Cabrera,80,5,No Print,,8/15/25 9:16 AM,8/15/25 9:26 AM,10 minutes and 25 seconds,KDS - Login Don't Delete
12060 Potranco Road,Lizbeth Garcia,76,3,Food,,8/15/25 9:13 AM,8/15/25 9:26 AM,12 minutes and 43 seconds,KDS - Login Don't Delete
12060 Potranco Road,Lizbeth Garcia,76,3,No Print,,8/15/25 9:13 AM,8/15/25 9:26 AM,12 minutes and 43 seconds,KDS - Login Don't Delete
12060 Potranco Road,Nadia Reyes,82,,Food,,8/15/25 9:25 AM,8/15/25 9:31 AM,6 minutes and 10 seconds,KDS - Login Don't Delete
12060 Potranco Road,Nadia Reyes,82,,Drive Thru,,8/15/25 9:25 AM,8/15/25 9:31 AM,6 minutes and 10 seconds,KDS - Login Don't Delete
12060 Potranco Road,Nadia Reyes,84,,Food,,8/15/25 9:25 AM,8/15/25 9:31 AM,6 minutes and 6 seconds,KDS - Login Don't Delete
12060 Potranco Road,Nadia Reyes,84,,Drive Thru,,8/15/25 9:25 AM,8/15/25 9:31 AM,6 minutes and 6 seconds,KDS - Login Don't Delete
12060 Potranco Road,Emanuel Sanchez,75,2,Food,,8/15/25 9:25 AM,8/15/25 9:32 AM,7 minutes and 8 seconds,KDS - Login Don't Delete
12060 Potranco Road,Emanuel Sanchez,75,2,No Print,,8/15/25 9:25 AM,8/15/25 9:32 AM,7 minutes and 8 seconds,KDS - Login Don't Delete
12060 Potranco Road,Emanuel Sanchez,75,2,Drive Thru,,8/15/25 9:25 AM,8/15/25 9:32 AM,7 minutes and 8 seconds,KDS - Login Don't Delete
12060 Potranco Road,Lizbeth Garcia,86,20,Food,,8/15/25 9:29 AM,8/15/25 9:32 AM,2 minutes and 54 seconds,KDS - Login Don't Delete
12060 Potranco Road,Lizbeth Garcia,86,20,No Print,,8/15/25 9:29 AM,8/15/25 9:32 AM,2 minutes and 54 seconds,KDS - Login Don't Delete
12060 Potranco Road,Sugey Cabrera,83,,Drive Thru,,8/15/25 9:22 AM,8/15/25 9:33 AM,10 minutes and 40 seconds,KDS - Login Don't Delete
12060 Potranco Road,Sugey Cabrera,83,,Food,,8/15/25 9:22 AM,8/15/25 9:33 AM,10 minutes and 40 seconds,KDS - Login Don't Delete
12060 Potranco Road,Emanuel Sanchez,85,14,Food,,8/15/25 9:27 AM,8/15/25 9:34 AM,6 minutes and 34 seconds,KDS - Login Don't Delete
12060 Potranco Road,Emanuel Sanchez,85,14,No Print,,8/15/25 9:27 AM,8/15/25 9:34 AM,6 minutes and 34 seconds,KDS - Login Don't Delete
12060 Potranco Road,Lizbeth Garcia,87,12,Food,,8/15/25 9:30 AM,8/15/25 9:34 AM,3 minutes and 42 seconds,KDS - Login Don't Delete
12060 Potranco Road,Lizbeth Garcia,87,12,No Print,,8/15/25 9:30 AM,8/15/25 9:34 AM,3 minutes and 42 seconds,KDS - Login Don't Delete
12060 Potranco Road,Sugey Cabrera,80,5,,1,8/15/25 9:26 AM,8/15/25 9:37 AM,10 minutes and 21 seconds,KDS - Login Don't Delete
12060 Potranco Road,Lizbeth Garcia,87,12,,1,8/15/25 9:34 AM,8/15/25 9:36 AM,2 minutes and 27 seconds,KDS - Login Don't Delete
12060 Potranco Road,Lizbeth Garcia,86,20,,1,8/15/25 9:32 AM,8/15/25 9:36 AM,4 minutes and 22 seconds,KDS - Login Don't Delete
12060 Potranco Road,Lizbeth Garcia,76,3,,1,8/15/25 9:26 AM,8/15/25 9:37 AM,10 minutes and 23 seconds,KDS - Login Don't Delete
12060 Potranco Road,Emanuel Sanchez,75,2,,1,8/15/25 9:32 AM,8/15/25 9:36 AM,4 minutes and 26 seconds,KDS - Login Don't Delete
12060 Potranco Road,Sugey Cabrera,28,,,1,8/15/25 9:17 AM,8/15/25 9:37 AM,19 minutes and 33 seconds,KDS - Login Don't Delete
12060 Potranco Road,Sugey Cabrera,83,,,1,8/15/25 9:33 AM,8/15/25 9:37 AM,3 minutes and 52 seconds,KDS - Login Don't Delete
12060 Potranco Road,Emanuel Sanchez,85,14,,1,8/15/25 9:34 AM,8/15/25 9:37 AM,2 minutes and 36 seconds,KDS - Login Don't Delete
12060 Potranco Road,Nadia Reyes,89,,Food,,8/15/25 9:35 AM,8/15/25 9:41 AM,5 minutes and 8 seconds,KDS - Login Don't Delete
12060 Potranco Road,Nadia Reyes,89,,Drive Thru,,8/15/25 9:35 AM,8/15/25 9:41 AM,5 minutes and 8 seconds,KDS - Login Don't Delete
12060 Potranco Road,Sugey Cabrera,88,15,Food,,8/15/25 9:31 AM,8/15/25 9:41 AM,9 minutes and 25 seconds,KDS - Login Don't Delete
12060 Potranco Road,Sugey Cabrera,88,15,No Print,,8/15/25 9:31 AM,8/15/25 9:41 AM,9 minutes and 25 seconds,KDS - Login Don't Delete
12060 Potranco Road,Emanuel Sanchez,90,29,Food,,8/15/25 9:39 AM,8/15/25 9:46 AM,6 minutes and 53 seconds,KDS - Login Don't Delete
12060 Potranco Road,Emanuel Sanchez,90,29,No Print,,8/15/25 9:39 AM,8/15/25 9:46 AM,6 minutes and 53 seconds,KDS - Login Don't Delete
12060 Potranco Road,Nadia Reyes,91,,Food,,8/15/25 9:44 AM,8/15/25 9:51 AM,6 minutes and 48 seconds,KDS - Login Don't Delete
12060 Potranco Road,Nadia Reyes,91,,Drive Thru,,8/15/25 9:44 AM,8/15/25 9:51 AM,6 minutes and 48 seconds,KDS - Login Don't Delete
12060 Potranco Road,Lizbeth Garcia,86,20,Food,,8/15/25 9:40 AM,8/15/25 9:51 AM,10 minutes and 41 seconds,KDS - Login Don't Delete
12060 Potranco Road,Lizbeth Garcia,86,20,No Print,,8/15/25 9:40 AM,8/15/25 9:51 AM,10 minutes and 41 seconds,KDS - Login Don't Delete
12060 Potranco Road,Lizbeth Garcia,86,20,Drive Thru,,8/15/25 9:40 AM,8/15/25 9:51 AM,10 minutes and 41 seconds,KDS - Login Don't Delete
12060 Potranco Road,Lizbeth Garcia,86,20,,1,8/15/25 9:51 AM,8/15/25 9:51 AM,16 seconds,KDS - Login Don't Delete
12060 Potranco Road,Nadia Reyes,92,,Food,,8/15/25 9:44 AM,8/15/25 9:51 AM,6 minutes and 52 seconds,KDS - Login Don't Delete
12060 Potranco Road,Nadia Reyes,92,,Drive Thru,,8/15/25 9:44 AM,8/15/25 9:51 AM,6 minutes and 52 seconds,KDS - Login Don't Delete
12060 Potranco Road,Sugey Cabrera,88,15,,1,8/15/25 9:41 AM,8/15/25 9:51 AM,10 minutes and 29 seconds,KDS - Login Don't Delete
12060 Potranco Road,Emanuel Sanchez,90,29,,1,8/15/25 9:46 AM,8/15/25 9:51 AM,4 minutes and 58 seconds,KDS - Login Don't Delete
12060 Potranco Road,Sugey Cabrera,74,25,,1,8/15/25 9:49 AM,8/15/25 9:52 AM,3 minutes and 5 seconds,KDS - Login Don't Delete
12060 Potranco Road,Nadia Reyes,93,,Food,,8/15/25 9:44 AM,8/15/25 9:53 AM,9 minutes and 3 seconds,KDS - Login Don't Delete
12060 Potranco Road,Nadia Reyes,93,,Drive Thru,,8/15/25 9:44 AM,8/15/25 9:53 AM,9 minutes and 3 seconds,KDS - Login Don't Delete
12060 Potranco Road,Sugey Cabrera,94,8,Food,,8/15/25 9:50 AM,8/15/25 9:56 AM,5 minutes and 28 seconds,KDS - Login Don't Delete
12060 Potranco Road,Sugey Cabrera,94,8,No Print,,8/15/25 9:50 AM,8/15/25 9:56 AM,5 minutes and 28 seconds,KDS - Login Don't Delete
12060 Potranco Road,Adrian Morales,96,16,Food,,8/15/25 9:54 AM,8/15/25 9:56 AM,2 minutes and 22 seconds,KDS - Login Don't Delete
12060 Potranco Road,Lizbeth Garcia,97,34,,1,8/15/25 9:56 AM,8/15/25 9:57 AM,37 seconds,KDS - Login Don't Delete
12060 Potranco Road,Emanuel Sanchez,75,2,Food,,8/15/25 9:55 AM,8/15/25 10:03 AM,8 minutes and 33 seconds,KDS - Login Don't Delete
12060 Potranco Road,Emanuel Sanchez,75,2,No Print,,8/15/25 9:55 AM,8/15/25 10:03 AM,8 minutes and 33 seconds,KDS - Login Don't Delete
12060 Potranco Road,Nadia Reyes,98,,Food,,8/15/25 10:00 AM,8/15/25 10:06 AM,6 minutes and 23 seconds,KDS - Login Don't Delete
12060 Potranco Road,Nadia Reyes,98,,Drive Thru,,8/15/25 10:00 AM,8/15/25 10:06 AM,6 minutes and 23 seconds,KDS - Login Don't Delete
12060 Potranco Road,Nadia Reyes,30,,No Print,,8/15/25 9:52 AM,8/15/25 10:06 AM,13 minutes and 42 seconds,KDS - Login Don't Delete
12060 Potranco Road,Nadia Reyes,30,,Food,,8/15/25 9:52 AM,8/15/25 10:06 AM,13 minutes and 42 seconds,KDS - Login Don't Delete
12060 Potranco Road,Emanuel Sanchez,99,1,Food,,8/15/25 10:08 AM,8/15/25 10:13 AM,5 minutes and 33 seconds,KDS - Login Don't Delete
12060 Potranco Road,Emanuel Sanchez,99,1,No Print,,8/15/25 10:08 AM,8/15/25 10:13 AM,5 minutes and 33 seconds,KDS - Login Don't Delete
12060 Potranco Road,Emanuel Sanchez,99,1,Drive Thru,,8/15/25 10:08 AM,8/15/25 10:13 AM,5 minutes and 33 seconds,KDS - Login Don't Delete
12060 Potranco Road,Emanuel Sanchez,99,1,,1,8/15/25 10:13 AM,8/15/25 10:15 AM,1 minute and 42 seconds,KDS - Login Don't Delete
12060 Potranco Road,Nadia Reyes,30,,Food,,8/15/25 10:07 AM,8/15/25 10:16 AM,8 minutes and 58 seconds,KDS - Login Don't Delete
12060 Potranco Road,Nadia Reyes,30,,Drive Thru,,8/15/25 10:07 AM,8/15/25 10:16 AM,8 minutes and 58 seconds,KDS - Login Don't Delete
12060 Potranco Road,Nadia Reyes,102,,Food,,8/15/25 10:15 AM,8/15/25 10:16 AM,1 minute and 14 seconds,KDS - Login Don't Delete
12060 Potranco Road,Nadia Reyes,102,,Drive Thru,,8/15/25 10:15 AM,8/15/25 10:16 AM,1 minute and 14 seconds,KDS - Login Don't Delete
12060 Potranco Road,Gabriel Tovar ,101,,Drive Thru,,8/15/25 10:12 AM,8/15/25 10:20 AM,7 minutes and 41 seconds,KDS - Login Don't Delete
12060 Potranco Road,Gabriel Tovar ,101,,Food,,8/15/25 10:12 AM,8/15/25 10:20 AM,7 minutes and 41 seconds,KDS - Login Don't Delete
12060 Potranco Road,Adrian Morales,108,29,,1,8/15/25 10:25 AM,8/15/25 10:27 AM,2 minutes and 19 seconds,KDS - Login Don't Delete
12060 Potranco Road,Nadia Reyes,103,,Food,,8/15/25 10:15 AM,8/15/25 10:30 AM,15 minutes and 16 seconds,KDS - Login Don't Delete
12060 Potranco Road,Nadia Reyes,103,,Drive Thru,,8/15/25 10:15 AM,8/15/25 10:30 AM,15 minutes and 16 seconds,KDS - Login Don't Delete
12060 Potranco Road,Nadia Reyes,106,,Food,,8/15/25 10:24 AM,8/15/25 10:31 AM,6 minutes and 58 seconds,KDS - Login Don't Delete
12060 Potranco Road,Nadia Reyes,106,,Drive Thru,,8/15/25 10:24 AM,8/15/25 10:31 AM,6 minutes and 58 seconds,KDS - Login Don't Delete
12060 Potranco Road,Nadia Reyes,104,,Food,,8/15/25 10:19 AM,8/15/25 10:31 AM,12 minutes and 40 seconds,KDS - Login Don't Delete
12060 Potranco Road,Nadia Reyes,104,,Drive Thru,,8/15/25 10:19 AM,8/15/25 10:31 AM,12 minutes and 40 seconds,KDS - Login Don't Delete
12060 Potranco Road,Nadia Reyes,106,,Food,,8/15/25 10:30 AM,8/15/25 10:34 AM,4 minutes and 39 seconds,KDS - Login Don't Delete
12060 Potranco Road,Nadia Reyes,106,,Drive Thru,,8/15/25 10:30 AM,8/15/25 10:34 AM,4 minutes and 39 seconds,KDS - Login Don't Delete
12060 Potranco Road,Sugey Cabrera,112,5,Food,,8/15/25 10:32 AM,8/15/25 10:38 AM,6 minutes and 13 seconds,KDS - Login Don't Delete
12060 Potranco Road,Sugey Cabrera,112,5,No Print,,8/15/25 10:32 AM,8/15/25 10:38 AM,6 minutes and 13 seconds,KDS - Login Don't Delete
12060 Potranco Road,Gabriel Tovar ,101,,,1,8/15/25 10:20 AM,8/15/25 10:42 AM,22 minutes and 26 seconds,KDS - Login Don't Delete
12060 Potranco Road,Sugey Cabrera,112,5,,1,8/15/25 10:38 AM,8/15/25 10:42 AM,3 minutes and 30 seconds,KDS - Login Don't Delete
12060 Potranco Road,Sugey Cabrera,94,8,,1,8/15/25 9:56 AM,8/15/25 10:42 AM,46 minutes and 3 seconds,KDS - Login Don't Delete
12060 Potranco Road,Adrian Morales,96,16,,1,8/15/25 9:56 AM,8/15/25 10:42 AM,46 minutes and 1 second,KDS - Login Don't Delete
12060 Potranco Road,Emanuel Sanchez,75,2,,1,8/15/25 10:03 AM,8/15/25 10:42 AM,38 minutes and 50 seconds,KDS - Login Don't Delete
12060 Potranco Road,Nadia Reyes,110,,Food,,8/15/25 10:28 AM,8/15/25 10:45 AM,17 minutes and 11 seconds,KDS - Login Don't Delete
12060 Potranco Road,Nadia Reyes,110,,Drive Thru,,8/15/25 10:28 AM,8/15/25 10:45 AM,17 minutes and 11 seconds,KDS - Login Don't Delete
12060 Potranco Road,Nadia Reyes,111,,Food,,8/15/25 10:29 AM,8/15/25 10:45 AM,16 minutes,KDS - Login Don't Delete
12060 Potranco Road,Nadia Reyes,111,,Drive Thru,,8/15/25 10:29 AM,8/15/25 10:45 AM,16 minutes,KDS - Login Don't Delete
12060 Potranco Road,Nadia Reyes,114,,Food,,8/15/25 10:33 AM,8/15/25 10:45 AM,11 minutes and 30 seconds,KDS - Login Don't Delete
12060 Potranco Road,Nadia Reyes,116,,Food,,8/15/25 10:36 AM,8/15/25 10:45 AM,8 minutes and 51 seconds,KDS - Login Don't Delete
12060 Potranco Road,Nadia Reyes,116,,Drive Thru,,8/15/25 10:36 AM,8/15/25 10:45 AM,8 minutes and 51 seconds,KDS - Login Don't Delete
12060 Potranco Road,Nadia Reyes,114,,Food,,8/15/25 10:40 AM,8/15/25 10:45 AM,5 minutes and 15 seconds,KDS - Login Don't Delete
12060 Potranco Road,Nadia Reyes,114,,Drive Thru,,8/15/25 10:40 AM,8/15/25 10:45 AM,5 minutes and 15 seconds,KDS - Login Don't Delete
12060 Potranco Road,Nadia Reyes,113,,Food,,8/15/25 10:33 AM,8/15/25 10:45 AM,11 minutes and 39 seconds,KDS - Login Don't Delete
12060 Potranco Road,Nadia Reyes,113,,Drive Thru,,8/15/25 10:33 AM,8/15/25 10:45 AM,11 minutes and 39 seconds,KDS - Login Don't Delete
12060 Potranco Road,Nadia Reyes,114,,Drive Thru,,8/15/25 10:33 AM,8/15/25 10:45 AM,11 minutes and 30 seconds,KDS - Login Don't Delete
12060 Potranco Road,Nadia Reyes,117,,Food,,8/15/25 10:40 AM,8/15/25 10:45 AM,4 minutes and 41 seconds,KDS - Login Don't Delete
12060 Potranco Road,Nadia Reyes,117,,Drive Thru,,8/15/25 10:40 AM,8/15/25 10:45 AM,4 minutes and 41 seconds,KDS - Login Don't Delete
12060 Potranco Road,Sugey Cabrera,28,,Food,,8/15/25 10:37 AM,8/15/25 10:46 AM,9 minutes and 37 seconds,KDS - Login Don't Delete
12060 Potranco Road,Sugey Cabrera,28,,No Print,,8/15/25 10:37 AM,8/15/25 10:46 AM,9 minutes and 37 seconds,KDS - Login Don't Delete
12060 Potranco Road,Lizbeth Garcia,115,31,Food,,8/15/25 10:34 AM,8/15/25 10:46 AM,12 minutes and 44 seconds,KDS - Login Don't Delete
12060 Potranco Road,Lizbeth Garcia,115,31,No Print,,8/15/25 10:34 AM,8/15/25 10:46 AM,12 minutes and 44 seconds,KDS - Login Don't Delete
12060 Potranco Road,Adrian Morales,121,29,Food,,8/15/25 10:45 AM,8/15/25 10:51 AM,6 minutes and 13 seconds,KDS - Login Don't Delete
12060 Potranco Road,Adrian Morales,121,29,No Print,,8/15/25 10:45 AM,8/15/25 10:51 AM,6 minutes and 13 seconds,KDS - Login Don't Delete
12060 Potranco Road,Nadia Reyes,120,,Food,,8/15/25 10:42 AM,8/15/25 10:54 AM,12 minutes and 36 seconds,KDS - Login Don't Delete
12060 Potranco Road,Nadia Reyes,120,,Drive Thru,,8/15/25 10:42 AM,8/15/25 10:54 AM,12 minutes and 36 seconds,KDS - Login Don't Delete
12060 Potranco Road,Nadia Reyes,119,,Food,,8/15/25 10:41 AM,8/15/25 10:54 AM,13 minutes and 22 seconds,KDS - Login Don't Delete
12060 Potranco Road,Nadia Reyes,119,,Drive Thru,,8/15/25 10:41 AM,8/15/25 10:54 AM,13 minutes and 22 seconds,KDS - Login Don't Delete
12060 Potranco Road,Nadia Reyes,123,,Food,,8/15/25 10:49 AM,8/15/25 10:55 AM,5 minutes and 55 seconds,KDS - Login Don't Delete
12060 Potranco Road,Nadia Reyes,123,,Drive Thru,,8/15/25 10:49 AM,8/15/25 10:55 AM,5 minutes and 55 seconds,KDS - Login Don't Delete
12060 Potranco Road,Sugey Cabrera,125,16,Food,,8/15/25 10:51 AM,8/15/25 10:55 AM,4 minutes and 12 seconds,KDS - Login Don't Delete
12060 Potranco Road,Sugey Cabrera,125,16,No Print,,8/15/25 10:51 AM,8/15/25 10:55 AM,4 minutes and 12 seconds,KDS - Login Don't Delete
12060 Potranco Road,Sugey Cabrera,125,16,Drive Thru,,8/15/25 10:51 AM,8/15/25 10:55 AM,4 minutes and 12 seconds,KDS - Login Don't Delete
12060 Potranco Road,Lizbeth Garcia,115,31,,1,8/15/25 10:46 AM,8/15/25 10:56 AM,9 minutes and 19 seconds,KDS - Login Don't Delete
12060 Potranco Road,Sugey Cabrera,28,,,1,8/15/25 10:46 AM,8/15/25 10:56 AM,9 minutes and 19 seconds,KDS - Login Don't Delete
12060 Potranco Road,Adrian Morales,121,29,,1,8/15/25 10:51 AM,8/15/25 10:56 AM,4 minutes and 18 seconds,KDS - Login Don't Delete
12060 Potranco Road,Sugey Cabrera,125,16,,1,8/15/25 10:55 AM,8/15/25 10:56 AM,24 seconds,KDS - Login Don't Delete
12060 Potranco Road,Emanuel Sanchez,122,23,,1,8/15/25 10:46 AM,8/15/25 10:57 AM,10 minutes and 28 seconds,KDS - Login Don't Delete
12060 Potranco Road,Gabriel Tovar ,126,,Drive Thru,,8/15/25 10:55 AM,8/15/25 11:00 AM,4 minutes and 59 seconds,KDS - Login Don't Delete
12060 Potranco Road,Gabriel Tovar ,126,,Food,,8/15/25 10:55 AM,8/15/25 11:00 AM,4 minutes and 59 seconds,KDS - Login Don't Delete
12060 Potranco Road,Nadia Reyes,127,,Food,,8/15/25 11:04 AM,8/15/25 11:07 AM,2 minutes and 34 seconds,KDS - Login Don't Delete
12060 Potranco Road,Nadia Reyes,127,,Drive Thru,,8/15/25 11:04 AM,8/15/25 11:07 AM,2 minutes and 34 seconds,KDS - Login Don't Delete
12060 Potranco Road,Nadia Reyes,128,,Food,,8/15/25 11:05 AM,8/15/25 11:10 AM,5 minutes and 25 seconds,KDS - Login Don't Delete
12060 Potranco Road,Nadia Reyes,128,,Drive Thru,,8/15/25 11:05 AM,8/15/25 11:10 AM,5 minutes and 25 seconds,KDS - Login Don't Delete
12060 Potranco Road,Sugey Cabrera,129,,Drive Thru,,8/15/25 11:05 AM,8/15/25 11:12 AM,7 minutes and 8 seconds,KDS - Login Don't Delete
12060 Potranco Road,Sugey Cabrera,129,,Food,,8/15/25 11:05 AM,8/15/25 11:12 AM,7 minutes and 8 seconds,KDS - Login Don't Delete
12060 Potranco Road,Nadia Reyes,132,,Food,,8/15/25 11:13 AM,8/15/25 11:15 AM,1 minute and 28 seconds,KDS - Login Don't Delete
12060 Potranco Road,Nadia Reyes,132,,Drive Thru,,8/15/25 11:13 AM,8/15/25 11:15 AM,1 minute and 28 seconds,KDS - Login Don't Delete
12060 Potranco Road,Nadia Reyes,131,,Food,,8/15/25 11:10 AM,8/15/25 11:15 AM,4 minutes and 18 seconds,KDS - Login Don't Delete
12060 Potranco Road,Nadia Reyes,131,,Drive Thru,,8/15/25 11:10 AM,8/15/25 11:15 AM,4 minutes and 18 seconds,KDS - Login Don't Delete
12060 Potranco Road,Lizbeth Garcia,130,3,Food,,8/15/25 11:10 AM,8/15/25 11:15 AM,4 minutes and 46 seconds,KDS - Login Don't Delete
12060 Potranco Road,Lizbeth Garcia,130,3,No Print,,8/15/25 11:10 AM,8/15/25 11:15 AM,4 minutes and 46 seconds,KDS - Login Don't Delete
12060 Potranco Road,Nadia Reyes,133,,Food,,8/15/25 11:17 AM,8/15/25 11:26 AM,8 minutes and 33 seconds,KDS - Login Don't Delete
12060 Potranco Road,Nadia Reyes,133,,Drive Thru,,8/15/25 11:17 AM,8/15/25 11:26 AM,8 minutes and 33 seconds,KDS - Login Don't Delete
12060 Potranco Road,Nadia Reyes,30,,Food,,8/15/25 11:17 AM,8/15/25 11:26 AM,8 minutes and 39 seconds,KDS - Login Don't Delete
12060 Potranco Road,Nadia Reyes,30,,Drive Thru,,8/15/25 11:17 AM,8/15/25 11:26 AM,8 minutes and 39 seconds,KDS - Login Don't Delete
12060 Potranco Road,Nadia Reyes,135,,Food,,8/15/25 11:26 AM,8/15/25 11:30 AM,3 minutes and 35 seconds,KDS - Login Don't Delete
12060 Potranco Road,Nadia Reyes,135,,Drive Thru,,8/15/25 11:26 AM,8/15/25 11:30 AM,3 minutes and 35 seconds,KDS - Login Don't Delete
12060 Potranco Road,Sugey Cabrera,129,,,1,8/15/25 11:12 AM,8/15/25 11:33 AM,20 minutes and 57 seconds,KDS - Login Don't Delete
12060 Potranco Road,Gabriel Tovar ,126,,,1,8/15/25 11:00 AM,8/15/25 11:33 AM,32 minutes and 33 seconds,KDS - Login Don't Delete
12060 Potranco Road,Lizbeth Garcia,130,3,,1,8/15/25 11:15 AM,8/15/25 11:33 AM,18 minutes and 5 seconds,KDS - Login Don't Delete
12060 Potranco Road,Lizbeth Garcia,130,3,Food,,8/15/25 11:22 AM,8/15/25 11:34 AM,11 minutes and 39 seconds,KDS - Login Don't Delete
12060 Potranco Road,Lizbeth Garcia,130,3,No Print,,8/15/25 11:22 AM,8/15/25 11:34 AM,11 minutes and 39 seconds,KDS - Login Don't Delete
12060 Potranco Road,Lizbeth Garcia,130,3,Drive Thru,,8/15/25 11:22 AM,8/15/25 11:34 AM,11 minutes and 39 seconds,KDS - Login Don't Delete
12060 Potranco Road,Emanuel Sanchez,134,14,Food,,8/15/25 11:25 AM,8/15/25 11:34 AM,8 minutes and 18 seconds,KDS - Login Don't Delete
12060 Potranco Road,Emanuel Sanchez,134,14,No Print,,8/15/25 11:25 AM,8/15/25 11:34 AM,8 minutes and 18 seconds,KDS - Login Don't Delete
12060 Potranco Road,Emanuel Sanchez,134,14,,1,8/15/25 11:34 AM,8/15/25 11:34 AM,2 seconds,KDS - Login Don't Delete
12060 Potranco Road,Adrian Morales,138,2,Food,,8/15/25 11:34 AM,8/15/25 11:34 AM,36 seconds,KDS - Login Don't Delete
12060 Potranco Road,Adrian Morales,138,2,No Print,,8/15/25 11:34 AM,8/15/25 11:34 AM,36 seconds,KDS - Login Don't Delete
12060 Potranco Road,Emanuel Sanchez,134,14,Drive Thru,,8/15/25 11:33 AM,8/15/25 11:34 AM,1 minute and 4 seconds,KDS - Login Don't Delete
12060 Potranco Road,Emanuel Sanchez,134,14,Food,,8/15/25 11:33 AM,8/15/25 11:34 AM,1 minute and 4 seconds,KDS - Login Don't Delete
12060 Potranco Road,Lizbeth Garcia,130,3,,1,8/15/25 11:34 AM,8/15/25 11:35 AM,1 minute and 9 seconds,KDS - Login Don't Delete
12060 Potranco Road,Adrian Morales,138,2,,1,8/15/25 11:34 AM,8/15/25 11:35 AM,25 seconds,KDS - Login Don't Delete
12060 Potranco Road,Emanuel Sanchez,134,14,,1,8/15/25 11:34 AM,8/15/25 11:35 AM,23 seconds,KDS - Login Don't Delete
12060 Potranco Road,Lizbeth Garcia,140,20,Food,,8/15/25 11:39 AM,8/15/25 11:43 AM,4 minutes and 32 seconds,KDS - Login Don't Delete
12060 Potranco Road,Lizbeth Garcia,140,20,No Print,,8/15/25 11:39 AM,8/15/25 11:43 AM,4 minutes and 32 seconds,KDS - Login Don't Delete
12060 Potranco Road,Adrian Morales,138,2,Food,,8/15/25 11:30 AM,8/15/25 11:43 AM,12 minutes and 44 seconds,KDS - Login Don't Delete
12060 Potranco Road,Adrian Morales,138,2,No Print,,8/15/25 11:30 AM,8/15/25 11:43 AM,12 minutes and 44 seconds,KDS - Login Don't Delete
12060 Potranco Road,Gabriel Tovar ,139,,Drive Thru,,8/15/25 11:38 AM,8/15/25 11:44 AM,5 minutes and 57 seconds,KDS - Login Don't Delete
12060 Potranco Road,Gabriel Tovar ,139,,Food,,8/15/25 11:38 AM,8/15/25 11:44 AM,5 minutes and 57 seconds,KDS - Login Don't Delete
12060 Potranco Road,Lizbeth Garcia,140,20,,1,8/15/25 11:43 AM,8/15/25 11:46 AM,2 minutes and 32 seconds,KDS - Login Don't Delete
12060 Potranco Road,Sugey Cabrera,142,37,,1,8/15/25 11:42 AM,8/15/25 11:47 AM,5 minutes and 43 seconds,KDS - Login Don't Delete
12060 Potranco Road,Nadia Reyes,146,,Food,,8/15/25 11:44 AM,8/15/25 11:48 AM,3 minutes and 30 seconds,KDS - Login Don't Delete
12060 Potranco Road,Nadia Reyes,146,,Drive Thru,,8/15/25 11:44 AM,8/15/25 11:48 AM,3 minutes and 30 seconds,KDS - Login Don't Delete
12060 Potranco Road,Nadia Reyes,136,,Food,,8/15/25 11:28 AM,8/15/25 11:48 AM,19 minutes and 59 seconds,KDS - Login Don't Delete
12060 Potranco Road,Nadia Reyes,136,,Drive Thru,,8/15/25 11:28 AM,8/15/25 11:48 AM,19 minutes and 59 seconds,KDS - Login Don't Delete
12060 Potranco Road,Adrian Morales,145,16,Food,,8/15/25 11:45 AM,8/15/25 11:49 AM,4 minutes and 2 seconds,KDS - Login Don't Delete
12060 Potranco Road,Adrian Morales,145,16,No Print,,8/15/25 11:45 AM,8/15/25 11:49 AM,4 minutes and 2 seconds,KDS - Login Don't Delete
12060 Potranco Road,Emanuel Sanchez,141,1,Food,,8/15/25 11:42 AM,8/15/25 11:49 AM,6 minutes and 15 seconds,KDS - Login Don't Delete
12060 Potranco Road,Emanuel Sanchez,141,1,No Print,,8/15/25 11:42 AM,8/15/25 11:49 AM,6 minutes and 15 seconds,KDS - Login Don't Delete
12060 Potranco Road,Gabriel Tovar ,139,,,1,8/15/25 11:44 AM,8/15/25 11:49 AM,5 minutes and 35 seconds,KDS - Login Don't Delete
12060 Potranco Road,Adrian Morales,138,2,,1,8/15/25 11:43 AM,8/15/25 11:49 AM,6 minutes and 10 seconds,KDS - Login Don't Delete
12060 Potranco Road,Emanuel Sanchez,141,1,,1,8/15/25 11:49 AM,8/15/25 11:49 AM,51 seconds,KDS - Login Don't Delete
12060 Potranco Road,Adrian Morales,145,16,,1,8/15/25 11:49 AM,8/15/25 11:49 AM,53 seconds,KDS - Login Don't Delete
12060 Potranco Road,Nadia Reyes,148,,Food,,8/15/25 11:46 AM,8/15/25 11:54 AM,7 minutes and 44 seconds,KDS - Login Don't Delete
12060 Potranco Road,Nadia Reyes,148,,Drive Thru,,8/15/25 11:46 AM,8/15/25 11:54 AM,7 minutes and 44 seconds,KDS - Login Don't Delete
12060 Potranco Road,Nadia Reyes,144,,Food,,8/15/25 11:44 AM,8/15/25 11:54 AM,10 minutes and 25 seconds,KDS - Login Don't Delete
12060 Potranco Road,Nadia Reyes,144,,Drive Thru,,8/15/25 11:44 AM,8/15/25 11:54 AM,10 minutes and 25 seconds,KDS - Login Don't Delete
12060 Potranco Road,Sugey Cabrera,152,12,Food,,8/15/25 11:50 AM,8/15/25 11:58 AM,7 minutes and 51 seconds,KDS - Login Don't Delete
12060 Potranco Road,Sugey Cabrera,152,12,No Print,,8/15/25 11:50 AM,8/15/25 11:58 AM,7 minutes and 51 seconds,KDS - Login Don't Delete
12060 Potranco Road,Lizbeth Garcia,149,15,Food,,8/15/25 11:49 AM,8/15/25 11:58 AM,9 minutes and 28 seconds,KDS - Login Don't Delete
12060 Potranco Road,Lizbeth Garcia,149,15,No Print,,8/15/25 11:49 AM,8/15/25 11:58 AM,9 minutes and 28 seconds,KDS - Login Don't Delete
12060 Potranco Road,Nadia Reyes,147,,Food,,8/15/25 11:47 AM,8/15/25 12:05 PM,17 minutes and 28 seconds,KDS - Login Don't Delete
12060 Potranco Road,Sugey Cabrera,156,10,Food,,8/15/25 11:57 AM,8/15/25 12:04 PM,7 minutes and 32 seconds,KDS - Login Don't Delete
12060 Potranco Road,Sugey Cabrera,156,10,No Print,,8/15/25 11:57 AM,8/15/25 12:04 PM,7 minutes and 32 seconds,KDS - Login Don't Delete
12060 Potranco Road,Nadia Reyes,147,,No Print,,8/15/25 11:47 AM,8/15/25 12:05 PM,17 minutes and 28 seconds,KDS - Login Don't Delete
12060 Potranco Road,Nadia Reyes,147,,Drive Thru,,8/15/25 11:47 AM,8/15/25 12:05 PM,17 minutes and 28 seconds,KDS - Login Don't Delete
12060 Potranco Road,Sugey Cabrera,156,10,,1,8/15/25 12:04 PM,8/15/25 12:05 PM,27 seconds,KDS - Login Don't Delete
12060 Potranco Road,Sugey Cabrera,152,12,,1,8/15/25 11:58 AM,8/15/25 12:05 PM,6 minutes and 34 seconds,KDS - Login Don't Delete
12060 Potranco Road,Nadia Reyes,147,,,1,8/15/25 12:05 PM,8/15/25 12:05 PM,26 seconds,KDS - Login Don't Delete
12060 Potranco Road,Lizbeth Garcia,149,15,,1,8/15/25 11:58 AM,8/15/25 12:05 PM,6 minutes and 35 seconds,KDS - Login Don't Delete
12060 Potranco Road,Nadia Reyes,155,,Food,,8/15/25 11:58 AM,8/15/25 12:06 PM,8 minutes and 17 seconds,KDS - Login Don't Delete
12060 Potranco Road,Nadia Reyes,155,,Drive Thru,,8/15/25 11:58 AM,8/15/25 12:06 PM,8 minutes and 17 seconds,KDS - Login Don't Delete
12060 Potranco Road,Nadia Reyes,155,,Food,,8/15/25 11:56 AM,8/15/25 12:06 PM,10 minutes and 21 seconds,KDS - Login Don't Delete
12060 Potranco Road,Nadia Reyes,155,,Drive Thru,,8/15/25 11:56 AM,8/15/25 12:06 PM,10 minutes and 21 seconds,KDS - Login Don't Delete
12060 Potranco Road,Nadia Reyes,150,,Food,,8/15/25 11:48 AM,8/15/25 12:06 PM,17 minutes and 35 seconds,KDS - Login Don't Delete
12060 Potranco Road,Nadia Reyes,150,,Drive Thru,,8/15/25 11:48 AM,8/15/25 12:06 PM,17 minutes and 35 seconds,KDS - Login Don't Delete
12060 Potranco Road,Nadia Reyes,157,,Food,,8/15/25 11:59 AM,8/15/25 12:06 PM,7 minutes and 9 seconds,KDS - Login Don't Delete
12060 Potranco Road,Nadia Reyes,157,,Drive Thru,,8/15/25 11:59 AM,8/15/25 12:06 PM,7 minutes and 9 seconds,KDS - Login Don't Delete
12060 Potranco Road,Lizbeth Garcia,149,15,Drive Thru,,8/15/25 11:59 AM,8/15/25 12:07 PM,7 minutes and 43 seconds,KDS - Login Don't Delete
12060 Potranco Road,Lizbeth Garcia,149,15,Food,,8/15/25 11:59 AM,8/15/25 12:07 PM,7 minutes and 43 seconds,KDS - Login Don't Delete
12060 Potranco Road,Lizbeth Garcia,154,3,Food,,8/15/25 12:04 PM,8/15/25 12:07 PM,2 minutes and 38 seconds,KDS - Login Don't Delete
12060 Potranco Road,Lizbeth Garcia,154,3,No Print,,8/15/25 12:04 PM,8/15/25 12:07 PM,2 minutes and 38 seconds,KDS - Login Don't Delete
12060 Potranco Road,Adrian Morales,153,26,Food,,8/15/25 11:55 AM,8/15/25 12:07 PM,11 minutes and 37 seconds,KDS - Login Don't Delete
12060 Potranco Road,Adrian Morales,153,26,No Print,,8/15/25 11:55 AM,8/15/25 12:07 PM,11 minutes and 37 seconds,KDS - Login Don't Delete
12060 Potranco Road,Lizbeth Garcia,154,3,,1,8/15/25 12:07 PM,8/15/25 12:07 PM,10 seconds,KDS - Login Don't Delete
12060 Potranco Road,Adrian Morales,153,26,,1,8/15/25 12:07 PM,8/15/25 12:07 PM,7 seconds,KDS - Login Don't Delete
12060 Potranco Road,Sugey Cabrera,142,37,,1,8/15/25 12:06 PM,8/15/25 12:07 PM,1 minute and 18 seconds,KDS - Login Don't Delete
12060 Potranco Road,Lizbeth Garcia,149,15,,1,8/15/25 12:07 PM,8/15/25 12:07 PM,29 seconds,KDS - Login Don't Delete
12060 Potranco Road,Nadia Reyes,158,,Food,,8/15/25 12:02 PM,8/15/25 12:09 PM,7 minutes and 8 seconds,KDS - Login Don't Delete
12060 Potranco Road,Nadia Reyes,158,,Drive Thru,,8/15/25 12:02 PM,8/15/25 12:09 PM,7 minutes and 8 seconds,KDS - Login Don't Delete
12060 Potranco Road,Nadia Reyes,159,,Food,,8/15/25 12:09 PM,8/15/25 12:13 PM,4 minutes and 33 seconds,KDS - Login Don't Delete
12060 Potranco Road,Nadia Reyes,159,,Drive Thru,,8/15/25 12:09 PM,8/15/25 12:13 PM,4 minutes and 33 seconds,KDS - Login Don't Delete
12060 Potranco Road,Emanuel Sanchez,161,21,Food,,8/15/25 12:10 PM,8/15/25 12:17 PM,7 minutes and 2 seconds,KDS - Login Don't Delete
12060 Potranco Road,Emanuel Sanchez,161,21,No Print,,8/15/25 12:10 PM,8/15/25 12:17 PM,7 minutes and 2 seconds,KDS - Login Don't Delete
12060 Potranco Road,Emanuel Sanchez,161,21,Drive Thru,,8/15/25 12:10 PM,8/15/25 12:17 PM,7 minutes and 2 seconds,KDS - Login Don't Delete
12060 Potranco Road,Nadia Reyes,162,,Food,,8/15/25 12:13 PM,8/15/25 12:21 PM,7 minutes and 52 seconds,KDS - Login Don't Delete
12060 Potranco Road,Nadia Reyes,162,,Drive Thru,,8/15/25 12:13 PM,8/15/25 12:21 PM,7 minutes and 52 seconds,KDS - Login Don't Delete
12060 Potranco Road,Nadia Reyes,163,,Food,,8/15/25 12:15 PM,8/15/25 12:28 PM,12 minutes and 53 seconds,KDS - Login Don't Delete
12060 Potranco Road,Nadia Reyes,163,,Drive Thru,,8/15/25 12:15 PM,8/15/25 12:28 PM,12 minutes and 53 seconds,KDS - Login Don't Delete
12060 Potranco Road,Nadia Reyes,165,,Food,,8/15/25 12:25 PM,8/15/25 12:31 PM,6 minutes and 13 seconds,KDS - Login Don't Delete
12060 Potranco Road,Nadia Reyes,165,,Drive Thru,,8/15/25 12:25 PM,8/15/25 12:31 PM,6 minutes and 13 seconds,KDS - Login Don't Delete
12060 Potranco Road,Nadia Reyes,168,,Food,,8/15/25 12:26 PM,8/15/25 12:32 PM,5 minutes and 18 seconds,KDS - Login Don't Delete
12060 Potranco Road,Nadia Reyes,168,,Drive Thru,,8/15/25 12:26 PM,8/15/25 12:32 PM,5 minutes and 18 seconds,KDS - Login Don't Delete
12060 Potranco Road,Nadia Reyes,170,,Food,,8/15/25 12:26 PM,8/15/25 12:34 PM,7 minutes and 42 seconds,KDS - Login Don't Delete
12060 Potranco Road,Nadia Reyes,170,,Drive Thru,,8/15/25 12:26 PM,8/15/25 12:34 PM,7 minutes and 42 seconds,KDS - Login Don't Delete
12060 Potranco Road,Adrian Morales,166,4,Food,,8/15/25 12:25 PM,8/15/25 12:34 PM,9 minutes and 3 seconds,KDS - Login Don't Delete
12060 Potranco Road,Adrian Morales,166,4,No Print,,8/15/25 12:25 PM,8/15/25 12:34 PM,9 minutes and 3 seconds,KDS - Login Don't Delete
12060 Potranco Road,Nadia Reyes,173,,Food,,8/15/25 12:29 PM,8/15/25 12:36 PM,7 minutes,KDS - Login Don't Delete
12060 Potranco Road,Nadia Reyes,173,,Drive Thru,,8/15/25 12:29 PM,8/15/25 12:36 PM,7 minutes,KDS - Login Don't Delete
12060 Potranco Road,Sugey Cabrera,169,30,Food,,8/15/25 12:28 PM,8/15/25 12:37 PM,8 minutes and 45 seconds,KDS - Login Don't Delete
12060 Potranco Road,Sugey Cabrera,169,30,No Print,,8/15/25 12:28 PM,8/15/25 12:37 PM,8 minutes and 45 seconds,KDS - Login Don't Delete
12060 Potranco Road,Nadia Reyes,174,,Food,,8/15/25 12:30 PM,8/15/25 12:40 PM,9 minutes and 32 seconds,KDS - Login Don't Delete
12060 Potranco Road,Nadia Reyes,174,,Drive Thru,,8/15/25 12:30 PM,8/15/25 12:40 PM,9 minutes and 32 seconds,KDS - Login Don't Delete
12060 Potranco Road,Sugey Cabrera,169,30,,1,8/15/25 12:37 PM,8/15/25 12:40 PM,2 minutes and 38 seconds,KDS - Login Don't Delete
12060 Potranco Road,Lizbeth Garcia,177,16,Food,,8/15/25 12:33 PM,8/15/25 12:40 PM,7 minutes and 30 seconds,KDS - Login Don't Delete
12060 Potranco Road,Lizbeth Garcia,177,16,No Print,,8/15/25 12:33 PM,8/15/25 12:40 PM,7 minutes and 30 seconds,KDS - Login Don't Delete
12060 Potranco Road,Emanuel Sanchez,176,22,Food,,8/15/25 12:31 PM,8/15/25 12:40 PM,8 minutes and 59 seconds,KDS - Login Don't Delete
12060 Potranco Road,Emanuel Sanchez,176,22,No Print,,8/15/25 12:31 PM,8/15/25 12:40 PM,8 minutes and 59 seconds,KDS - Login Don't Delete
12060 Potranco Road,Emanuel Sanchez,161,21,,1,8/15/25 12:17 PM,8/15/25 12:47 PM,29 minutes and 42 seconds,KDS - Login Don't Delete
12060 Potranco Road,Adrian Morales,166,4,,1,8/15/25 12:34 PM,8/15/25 12:47 PM,12 minutes and 51 seconds,KDS - Login Don't Delete
12060 Potranco Road,Emanuel Sanchez,176,22,,1,8/15/25 12:40 PM,8/15/25 12:47 PM,6 minutes and 56 seconds,KDS - Login Don't Delete
12060 Potranco Road,Emanuel Sanchez,171,,,1,8/15/25 12:27 PM,8/15/25 12:47 PM,20 minutes and 41 seconds,KDS - Login Don't Delete
12060 Potranco Road,Lizbeth Garcia,177,16,,1,8/15/25 12:40 PM,8/15/25 12:47 PM,7 minutes and 19 seconds,KDS - Login Don't Delete
12060 Potranco Road,Nadia Reyes,178,,Food,,8/15/25 12:49 PM,8/15/25 12:55 PM,5 minutes and 20 seconds,KDS - Login Don't Delete
12060 Potranco Road,Nadia Reyes,178,,Drive Thru,,8/15/25 12:49 PM,8/15/25 12:55 PM,5 minutes and 20 seconds,KDS - Login Don't Delete
12060 Potranco Road,Nadia Reyes,183,,Food,,8/15/25 12:57 PM,8/15/25 1:00 PM,3 minutes and 35 seconds,KDS - Login Don't Delete
12060 Potranco Road,Nadia Reyes,183,,Drive Thru,,8/15/25 12:57 PM,8/15/25 1:00 PM,3 minutes and 35 seconds,KDS - Login Don't Delete
12060 Potranco Road,Lizbeth Garcia,177,16,Food,,8/15/25 1:02 PM,8/15/25 1:04 PM,2 minutes and 9 seconds,KDS - Login Don't Delete
12060 Potranco Road,Lizbeth Garcia,177,16,No Print,,8/15/25 1:02 PM,8/15/25 1:04 PM,2 minutes and 9 seconds,KDS - Login Don't Delete
12060 Potranco Road,Adrian Morales,179,26,Food,,8/15/25 12:40 PM,8/15/25 1:04 PM,23 minutes and 43 seconds,KDS - Login Don't Delete
12060 Potranco Road,Adrian Morales,179,26,No Print,,8/15/25 12:40 PM,8/15/25 1:04 PM,23 minutes and 43 seconds,KDS - Login Don't Delete
12060 Potranco Road,Adrian Morales,180,2,Food,,8/15/25 12:45 PM,8/15/25 1:04 PM,19 minutes and 18 seconds,KDS - Login Don't Delete
12060 Potranco Road,Adrian Morales,180,2,No Print,,8/15/25 12:45 PM,8/15/25 1:04 PM,19 minutes and 18 seconds,KDS - Login Don't Delete
12060 Potranco Road,Adrian Morales,181,,Drive Thru,,8/15/25 12:47 PM,8/15/25 1:07 PM,20 minutes and 7 seconds,KDS - Login Don't Delete
12060 Potranco Road,Adrian Morales,181,,Food,,8/15/25 12:47 PM,8/15/25 1:07 PM,20 minutes and 7 seconds,KDS - Login Don't Delete
12060 Potranco Road,Adrian Morales,181,,,1,8/15/25 1:07 PM,8/15/25 1:07 PM,9 seconds,KDS - Login Don't Delete
12060 Potranco Road,Adrian Morales,179,26,,1,8/15/25 1:04 PM,8/15/25 1:07 PM,2 minutes and 50 seconds,KDS - Login Don't Delete
12060 Potranco Road,Lizbeth Garcia,177,16,,1,8/15/25 1:04 PM,8/15/25 1:07 PM,2 minutes and 49 seconds,KDS - Login Don't Delete
12060 Potranco Road,Adrian Morales,180,2,,1,8/15/25 1:04 PM,8/15/25 1:07 PM,2 minutes and 49 seconds,KDS - Login Don't Delete
12060 Potranco Road,Lizbeth Garcia,185,17,Food,,8/15/25 1:04 PM,8/15/25 1:12 PM,8 minutes and 40 seconds,KDS - Login Don't Delete
12060 Potranco Road,Lizbeth Garcia,185,17,No Print,,8/15/25 1:04 PM,8/15/25 1:12 PM,8 minutes and 40 seconds,KDS - Login Don't Delete
12060 Potranco Road,Sugey Cabrera,184,1,Food,,8/15/25 1:03 PM,8/15/25 1:12 PM,8 minutes and 55 seconds,KDS - Login Don't Delete
12060 Potranco Road,Sugey Cabrera,184,1,No Print,,8/15/25 1:03 PM,8/15/25 1:12 PM,8 minutes and 55 seconds,KDS - Login Don't Delete
12060 Potranco Road,Sugey Cabrera,184,1,,1,8/15/25 1:12 PM,8/15/25 1:14 PM,1 minute and 33 seconds,KDS - Login Don't Delete
12060 Potranco Road,Lizbeth Garcia,185,17,,1,8/15/25 1:12 PM,8/15/25 1:14 PM,1 minute and 33 seconds,KDS - Login Don't Delete
12060 Potranco Road,Lizbeth Garcia,187,15,Food,,8/15/25 1:08 PM,8/15/25 1:17 PM,8 minutes and 34 seconds,KDS - Login Don't Delete
12060 Potranco Road,Lizbeth Garcia,187,15,No Print,,8/15/25 1:08 PM,8/15/25 1:17 PM,8 minutes and 34 seconds,KDS - Login Don't Delete
12060 Potranco Road,Emanuel Sanchez,186,3,Food,,8/15/25 1:04 PM,8/15/25 1:18 PM,13 minutes and 15 seconds,KDS - Login Don't Delete
12060 Potranco Road,Emanuel Sanchez,186,3,No Print,,8/15/25 1:04 PM,8/15/25 1:18 PM,13 minutes and 15 seconds,KDS - Login Don't Delete
12060 Potranco Road,Emanuel Sanchez,186,3,Drive Thru,,8/15/25 1:04 PM,8/15/25 1:18 PM,13 minutes and 15 seconds,KDS - Login Don't Delete
12060 Potranco Road,Lizbeth Garcia,190,14,Food,,8/15/25 1:13 PM,8/15/25 1:24 PM,10 minutes and 38 seconds,KDS - Login Don't Delete
12060 Potranco Road,Lizbeth Garcia,190,14,No Print,,8/15/25 1:13 PM,8/15/25 1:24 PM,10 minutes and 38 seconds,KDS - Login Don't Delete
12060 Potranco Road,Adrian Morales,188,20,Food,,8/15/25 1:10 PM,8/15/25 1:24 PM,13 minutes and 24 seconds,KDS - Login Don't Delete
12060 Potranco Road,Adrian Morales,188,20,No Print,,8/15/25 1:10 PM,8/15/25 1:24 PM,13 minutes and 24 seconds,KDS - Login Don't Delete
12060 Potranco Road,Emanuel Sanchez,186,3,,1,8/15/25 1:18 PM,8/15/25 1:24 PM,6 minutes and 30 seconds,KDS - Login Don't Delete
12060 Potranco Road,Lizbeth Garcia,187,15,,1,8/15/25 1:17 PM,8/15/25 1:24 PM,7 minutes and 41 seconds,KDS - Login Don't Delete
12060 Potranco Road,Adrian Morales,188,20,,1,8/15/25 1:24 PM,8/15/25 1:24 PM,34 seconds,KDS - Login Don't Delete
12060 Potranco Road,Sugey Cabrera,189,27,Food,,8/15/25 1:11 PM,8/15/25 1:24 PM,13 minutes and 40 seconds,KDS - Login Don't Delete
12060 Potranco Road,Sugey Cabrera,189,27,No Print,,8/15/25 1:11 PM,8/15/25 1:24 PM,13 minutes and 40 seconds,KDS - Login Don't Delete
12060 Potranco Road,Lizbeth Garcia,185,17,Food,,8/15/25 1:18 PM,8/15/25 1:24 PM,6 minutes and 21 seconds,KDS - Login Don't Delete
12060 Potranco Road,Lizbeth Garcia,185,17,No Print,,8/15/25 1:18 PM,8/15/25 1:24 PM,6 minutes and 21 seconds,KDS - Login Don't Delete
12060 Potranco Road,Lizbeth Garcia,190,14,,1,8/15/25 1:24 PM,8/15/25 1:25 PM,47 seconds,KDS - Login Don't Delete
12060 Potranco Road,Sugey Cabrera,189,27,,1,8/15/25 1:24 PM,8/15/25 1:25 PM,7 seconds,KDS - Login Don't Delete
12060 Potranco Road,Nadia Reyes,191,,Food,,8/15/25 1:19 PM,8/15/25 1:28 PM,8 minutes and 52 seconds,KDS - Login Don't Delete
12060 Potranco Road,Nadia Reyes,191,,Drive Thru,,8/15/25 1:19 PM,8/15/25 1:28 PM,8 minutes and 52 seconds,KDS - Login Don't Delete
12060 Potranco Road,Nadia Reyes,194,,Food,,8/15/25 1:21 PM,8/15/25 1:28 PM,6 minutes and 15 seconds,KDS - Login Don't Delete
12060 Potranco Road,Nadia Reyes,194,,Drive Thru,,8/15/25 1:21 PM,8/15/25 1:28 PM,6 minutes and 15 seconds,KDS - Login Don't Delete
12060 Potranco Road,Sugey Cabrera,184,1,,1,8/15/25 1:27 PM,8/15/25 1:29 PM,1 minute and 56 seconds,KDS - Login Don't Delete
12060 Potranco Road,Lizbeth Garcia,185,17,,1,8/15/25 1:24 PM,8/15/25 1:30 PM,5 minutes and 8 seconds,KDS - Login Don't Delete
12060 Potranco Road,Nadia Reyes,195,,Food,,8/15/25 1:26 PM,8/15/25 1:30 PM,3 minutes and 44 seconds,KDS - Login Don't Delete
12060 Potranco Road,Nadia Reyes,195,,Drive Thru,,8/15/25 1:26 PM,8/15/25 1:30 PM,3 minutes and 44 seconds,KDS - Login Don't Delete
12060 Potranco Road,Emanuel Sanchez,193,,Drive Thru,,8/15/25 1:20 PM,8/15/25 1:33 PM,12 minutes and 18 seconds,KDS - Login Don't Delete
12060 Potranco Road,Emanuel Sanchez,193,,Food,,8/15/25 1:20 PM,8/15/25 1:33 PM,12 minutes and 18 seconds,KDS - Login Don't Delete
12060 Potranco Road,Emanuel Sanchez,193,,Drive Thru,,8/15/25 1:28 PM,8/15/25 1:33 PM,4 minutes and 17 seconds,KDS - Login Don't Delete
12060 Potranco Road,Emanuel Sanchez,193,,Food,,8/15/25 1:28 PM,8/15/25 1:33 PM,4 minutes and 17 seconds,KDS - Login Don't Delete
12060 Potranco Road,Emanuel Sanchez,193,,,1,8/15/25 1:33 PM,8/15/25 1:35 PM,2 minutes and 1 second,KDS - Login Don't Delete
12060 Potranco Road,Emanuel Sanchez,193,,,1,8/15/25 1:33 PM,8/15/25 1:35 PM,2 minutes and 1 second,KDS - Login Don't Delete
12060 Potranco Road,Adrian Morales,180,2,,1,8/15/25 1:32 PM,8/15/25 1:44 PM,12 minutes and 8 seconds,KDS - Login Don't Delete
12060 Potranco Road,Nadia Reyes,198,,Food,,8/15/25 1:34 PM,8/15/25 1:44 PM,10 minutes and 6 seconds,KDS - Login Don't Delete
12060 Potranco Road,Nadia Reyes,199,,Food,,8/15/25 1:35 PM,8/15/25 1:44 PM,9 minutes and 45 seconds,KDS - Login Don't Delete
12060 Potranco Road,Nadia Reyes,199,,Drive Thru,,8/15/25 1:35 PM,8/15/25 1:44 PM,9 minutes and 45 seconds,KDS - Login Don't Delete
12060 Potranco Road,Nadia Reyes,198,,Drive Thru,,8/15/25 1:34 PM,8/15/25 1:44 PM,10 minutes and 6 seconds,KDS - Login Don't Delete
12060 Potranco Road,Emanuel Sanchez,201,16,Food,,8/15/25 1:37 PM,8/15/25 1:46 PM,8 minutes and 53 seconds,KDS - Login Don't Delete
12060 Potranco Road,Emanuel Sanchez,201,16,No Print,,8/15/25 1:37 PM,8/15/25 1:46 PM,8 minutes and 53 seconds,KDS - Login Don't Delete
12060 Potranco Road,Nadia Reyes,203,,Drive Thru,,8/15/25 1:51 PM,8/15/25 1:58 PM,7 minutes and 17 seconds,KDS - Login Don't Delete
12060 Potranco Road,Nadia Reyes,203,,Food,,8/15/25 1:51 PM,8/15/25 1:58 PM,7 minutes and 17 seconds,KDS - Login Don't Delete
12060 Potranco Road,Adrian Morales,205,14,Food,,8/15/25 1:51 PM,8/15/25 1:58 PM,7 minutes and 2 seconds,KDS - Login Don't Delete
12060 Potranco Road,Adrian Morales,205,14,No Print,,8/15/25 1:51 PM,8/15/25 1:58 PM,7 minutes and 2 seconds,KDS - Login Don't Delete
12060 Potranco Road,Adrian Morales,207,34,Food,,8/15/25 2:03 PM,8/15/25 2:10 PM,7 minutes and 11 seconds,KDS - Login Don't Delete
12060 Potranco Road,Adrian Morales,207,34,No Print,,8/15/25 2:03 PM,8/15/25 2:10 PM,7 minutes and 11 seconds,KDS - Login Don't Delete
12060 Potranco Road,Adrian Morales,211,1,Food,,8/15/25 2:19 PM,8/15/25 2:21 PM,1 minute and 56 seconds,KDS - Login Don't Delete
12060 Potranco Road,Adrian Morales,211,1,No Print,,8/15/25 2:19 PM,8/15/25 2:21 PM,1 minute and 56 seconds,KDS - Login Don't Delete
12060 Potranco Road,Mario Jimenez,213,,Food,,8/15/25 2:22 PM,8/15/25 2:24 PM,1 minute and 55 seconds,KDS - Login Don't Delete
12060 Potranco Road,Mario Jimenez,213,,Drive Thru,,8/15/25 2:22 PM,8/15/25 2:24 PM,1 minute and 55 seconds,KDS - Login Don't Delete
12060 Potranco Road,Mario Jimenez,214,,Food,,8/15/25 2:23 PM,8/15/25 2:26 PM,3 minutes and 33 seconds,KDS - Login Don't Delete
12060 Potranco Road,Mario Jimenez,214,,Drive Thru,,8/15/25 2:23 PM,8/15/25 2:26 PM,3 minutes and 33 seconds,KDS - Login Don't Delete
12060 Potranco Road,Emanuel Sanchez,201,16,,1,8/15/25 1:46 PM,8/15/25 2:31 PM,45 minutes and 23 seconds,KDS - Login Don't Delete
12060 Potranco Road,Adrian Morales,207,34,,1,8/15/25 2:10 PM,8/15/25 2:31 PM,21 minutes,KDS - Login Don't Delete
12060 Potranco Road,Nadia Reyes,203,,,1,8/15/25 1:58 PM,8/15/25 2:31 PM,33 minutes and 17 seconds,KDS - Login Don't Delete
12060 Potranco Road,Adrian Morales,211,1,,1,8/15/25 2:21 PM,8/15/25 2:31 PM,10 minutes and 16 seconds,KDS - Login Don't Delete
12060 Potranco Road,Adrian Morales,205,14,,1,8/15/25 1:51 PM,8/15/25 2:31 PM,40 minutes and 20 seconds,KDS - Login Don't Delete
12060 Potranco Road,Sugey Cabrera,206,,,1,8/15/25 1:58 PM,8/15/25 2:31 PM,33 minutes and 24 seconds,KDS - Login Don't Delete
12060 Potranco Road,Adrian Morales,217,3,Food,,8/15/25 2:28 PM,8/15/25 2:34 PM,6 minutes and 42 seconds,KDS - Login Don't Delete
12060 Potranco Road,Adrian Morales,217,3,No Print,,8/15/25 2:28 PM,8/15/25 2:34 PM,6 minutes and 42 seconds,KDS - Login Don't Delete
12060 Potranco Road,Adrian Morales,211,1,Food,,8/15/25 2:24 PM,8/15/25 2:35 PM,11 minutes and 5 seconds,KDS - Login Don't Delete
12060 Potranco Road,Adrian Morales,211,1,No Print,,8/15/25 2:24 PM,8/15/25 2:35 PM,11 minutes and 5 seconds,KDS - Login Don't Delete
12060 Potranco Road,Lisa Velasquez,216,22,Food,,8/15/25 2:24 PM,8/15/25 2:35 PM,10 minutes and 32 seconds,KDS - Login Don't Delete
12060 Potranco Road,Lisa Velasquez,216,22,No Print,,8/15/25 2:24 PM,8/15/25 2:35 PM,10 minutes and 32 seconds,KDS - Login Don't Delete
12060 Potranco Road,Mario Jimenez,218,,Food,,8/15/25 2:36 PM,8/15/25 2:40 PM,4 minutes and 12 seconds,KDS - Login Don't Delete
12060 Potranco Road,Mario Jimenez,218,,Drive Thru,,8/15/25 2:36 PM,8/15/25 2:40 PM,4 minutes and 12 seconds,KDS - Login Don't Delete
12060 Potranco Road,Lisa Velasquez,216,22,,1,8/15/25 2:35 PM,8/15/25 2:52 PM,16 minutes and 30 seconds,KDS - Login Don't Delete
12060 Potranco Road,Adrian Morales,211,1,,1,8/15/25 2:35 PM,8/15/25 2:51 PM,16 minutes and 30 seconds,KDS - Login Don't Delete
12060 Potranco Road,Adrian Morales,217,3,,1,8/15/25 2:34 PM,8/15/25 2:52 PM,17 minutes and 17 seconds,KDS - Login Don't Delete
12060 Potranco Road,Lisa Velasquez,220,26,Food,,8/15/25 2:47 PM,8/15/25 2:53 PM,5 minutes and 25 seconds,KDS - Login Don't Delete
12060 Potranco Road,Lisa Velasquez,220,26,No Print,,8/15/25 2:47 PM,8/15/25 2:53 PM,5 minutes and 25 seconds,KDS - Login Don't Delete
12060 Potranco Road,Mario Jimenez,222,,Food,,8/15/25 2:53 PM,8/15/25 2:55 PM,1 minute and 6 seconds,KDS - Login Don't Delete
12060 Potranco Road,Mario Jimenez,222,,Drive Thru,,8/15/25 2:53 PM,8/15/25 2:55 PM,1 minute and 6 seconds,KDS - Login Don't Delete
12060 Potranco Road,Adrian Morales,221,15,Food,,8/15/25 2:50 PM,8/15/25 2:57 PM,7 minutes and 41 seconds,KDS - Login Don't Delete
12060 Potranco Road,Adrian Morales,221,15,No Print,,8/15/25 2:50 PM,8/15/25 2:57 PM,7 minutes and 41 seconds,KDS - Login Don't Delete
12060 Potranco Road,Adrian Morales,221,15,,1,8/15/25 2:57 PM,8/15/25 3:00 PM,2 minutes and 6 seconds,KDS - Login Don't Delete
12060 Potranco Road,Lisa Velasquez,220,26,,1,8/15/25 2:53 PM,8/15/25 3:00 PM,6 minutes and 56 seconds,KDS - Login Don't Delete
12060 Potranco Road,Mario Jimenez,224,,Food,,8/15/25 3:01 PM,8/15/25 3:18 PM,16 minutes and 6 seconds,KDS - Login Don't Delete
12060 Potranco Road,Mario Jimenez,224,,Drive Thru,,8/15/25 3:01 PM,8/15/25 3:18 PM,16 minutes and 6 seconds,KDS - Login Don't Delete
12060 Potranco Road,Adrian Morales,227,7,Food,,8/15/25 3:24 PM,8/15/25 3:27 PM,2 minutes and 28 seconds,KDS - Login Don't Delete
12060 Potranco Road,Adrian Morales,227,7,No Print,,8/15/25 3:24 PM,8/15/25 3:27 PM,2 minutes and 28 seconds,KDS - Login Don't Delete
12060 Potranco Road,Adrian Morales,227,7,Food,,8/15/25 3:27 PM,8/15/25 3:31 PM,4 minutes and 19 seconds,KDS - Login Don't Delete
12060 Potranco Road,Adrian Morales,227,7,No Print,,8/15/25 3:27 PM,8/15/25 3:31 PM,4 minutes and 19 seconds,KDS - Login Don't Delete
12060 Potranco Road,Adrian Morales,227,7,Drive Thru,,8/15/25 3:27 PM,8/15/25 3:31 PM,4 minutes and 19 seconds,KDS - Login Don't Delete
12060 Potranco Road,Adrian Morales,227,7,,1,8/15/25 3:27 PM,8/15/25 3:46 PM,18 minutes and 49 seconds,KDS - Login Don't Delete
12060 Potranco Road,Adrian Morales,227,7,,1,8/15/25 3:31 PM,8/15/25 3:46 PM,14 minutes and 26 seconds,KDS - Login Don't Delete
12060 Potranco Road,Lisa Velasquez,223,20,,1,8/15/25 2:55 PM,8/15/25 3:46 PM,50 minutes and 32 seconds,KDS - Login Don't Delete
12060 Potranco Road,Lisa Velasquez,228,14,Food,,8/15/25 3:43 PM,8/15/25 3:49 PM,6 minutes and 2 seconds,KDS - Login Don't Delete
12060 Potranco Road,Lisa Velasquez,228,14,No Print,,8/15/25 3:43 PM,8/15/25 3:49 PM,6 minutes and 2 seconds,KDS - Login Don't Delete
12060 Potranco Road,Lisa Velasquez,229,2,Food,,8/15/25 3:43 PM,8/15/25 3:49 PM,5 minutes and 42 seconds,KDS - Login Don't Delete
12060 Potranco Road,Lisa Velasquez,229,2,No Print,,8/15/25 3:43 PM,8/15/25 3:49 PM,5 minutes and 42 seconds,KDS - Login Don't Delete
12060 Potranco Road,Mario Jimenez,231,,Food,,8/15/25 3:50 PM,8/15/25 3:53 PM,3 minutes and 6 seconds,KDS - Login Don't Delete
12060 Potranco Road,Mario Jimenez,231,,Drive Thru,,8/15/25 3:50 PM,8/15/25 3:53 PM,3 minutes and 6 seconds,KDS - Login Don't Delete
12060 Potranco Road,Adrian Morales,227,7,Food,,8/15/25 3:44 PM,8/15/25 3:59 PM,14 minutes and 47 seconds,KDS - Login Don't Delete
12060 Potranco Road,Adrian Morales,227,7,No Print,,8/15/25 3:44 PM,8/15/25 3:59 PM,14 minutes and 47 seconds,KDS - Login Don't Delete
12060 Potranco Road,Adrian Morales,230,23,Food,,8/15/25 3:50 PM,8/15/25 4:02 PM,11 minutes and 55 seconds,KDS - Login Don't Delete
12060 Potranco Road,Adrian Morales,230,23,No Print,,8/15/25 3:50 PM,8/15/25 4:02 PM,11 minutes and 55 seconds,KDS - Login Don't Delete
12060 Potranco Road,Adrian Morales,230,23,Drive Thru,,8/15/25 3:50 PM,8/15/25 4:02 PM,11 minutes and 55 seconds,KDS - Login Don't Delete
12060 Potranco Road,Lisa Velasquez,228,14,,1,8/15/25 3:49 PM,8/15/25 4:02 PM,13 minutes and 16 seconds,KDS - Login Don't Delete
12060 Potranco Road,Adrian Morales,230,23,,1,8/15/25 4:02 PM,8/15/25 4:02 PM,17 seconds,KDS - Login Don't Delete
12060 Potranco Road,Lisa Velasquez,229,2,,1,8/15/25 3:49 PM,8/15/25 4:02 PM,13 minutes and 16 seconds,KDS - Login Don't Delete
12060 Potranco Road,Adrian Morales,227,7,,1,8/15/25 3:59 PM,8/15/25 4:02 PM,3 minutes and 10 seconds,KDS - Login Don't Delete
12060 Potranco Road,Lisa Velasquez,229,2,,1,8/15/25 3:53 PM,8/15/25 4:02 PM,9 minutes and 2 seconds,KDS - Login Don't Delete
12060 Potranco Road,Lisa Velasquez,229,2,,1,8/15/25 3:56 PM,8/15/25 4:03 PM,7 minutes and 5 seconds,KDS - Login Don't Delete
12060 Potranco Road,Mario Jimenez,233,,Food,,8/15/25 4:04 PM,8/15/25 4:09 PM,5 minutes and 10 seconds,KDS - Login Don't Delete
12060 Potranco Road,Mario Jimenez,233,,Drive Thru,,8/15/25 4:04 PM,8/15/25 4:09 PM,5 minutes and 10 seconds,KDS - Login Don't Delete
12060 Potranco Road,Lisa Velasquez,228,14,Food,,8/15/25 4:02 PM,8/15/25 4:10 PM,8 minutes and 11 seconds,KDS - Login Don't Delete
12060 Potranco Road,Lisa Velasquez,228,14,No Print,,8/15/25 4:02 PM,8/15/25 4:10 PM,8 minutes and 11 seconds,KDS - Login Don't Delete
12060 Potranco Road,Mario Jimenez,234,,Food,,8/15/25 4:09 PM,8/15/25 4:16 PM,7 minutes and 4 seconds,KDS - Login Don't Delete
12060 Potranco Road,Mario Jimenez,234,,Drive Thru,,8/15/25 4:09 PM,8/15/25 4:16 PM,7 minutes and 4 seconds,KDS - Login Don't Delete
12060 Potranco Road,Lisa Velasquez,228,14,,1,8/15/25 4:10 PM,8/15/25 4:23 PM,12 minutes and 43 seconds,KDS - Login Don't Delete
12060 Potranco Road,Adrian Morales,236,3,Food,,8/15/25 4:16 PM,8/15/25 4:24 PM,8 minutes and 42 seconds,KDS - Login Don't Delete
12060 Potranco Road,Adrian Morales,236,3,No Print,,8/15/25 4:16 PM,8/15/25 4:24 PM,8 minutes and 42 seconds,KDS - Login Don't Delete
12060 Potranco Road,Candy Del Angel,237,,Drive Thru,,8/15/25 4:16 PM,8/15/25 4:24 PM,8 minutes and 39 seconds,KDS - Login Don't Delete
12060 Potranco Road,Candy Del Angel,237,,Food,,8/15/25 4:16 PM,8/15/25 4:24 PM,8 minutes and 39 seconds,KDS - Login Don't Delete
12060 Potranco Road,Mario Jimenez,235,,Food,,8/15/25 4:20 PM,8/15/25 4:28 PM,8 minutes and 7 seconds,KDS - Login Don't Delete
12060 Potranco Road,Mario Jimenez,235,,Drive Thru,,8/15/25 4:20 PM,8/15/25 4:28 PM,8 minutes and 7 seconds,KDS - Login Don't Delete
12060 Potranco Road,Mario Jimenez,235,,Food,,8/15/25 4:20 PM,8/15/25 4:30 PM,10 minutes and 5 seconds,KDS - Login Don't Delete
12060 Potranco Road,Mario Jimenez,235,,Drive Thru,,8/15/25 4:20 PM,8/15/25 4:30 PM,10 minutes and 5 seconds,KDS - Login Don't Delete
12060 Potranco Road,Mario Jimenez,239,,Food,,8/15/25 4:23 PM,8/15/25 4:33 PM,10 minutes and 11 seconds,KDS - Login Don't Delete
12060 Potranco Road,Mario Jimenez,239,,Drive Thru,,8/15/25 4:23 PM,8/15/25 4:33 PM,10 minutes and 11 seconds,KDS - Login Don't Delete
12060 Potranco Road,Candy Del Angel,237,,,1,8/15/25 4:24 PM,8/15/25 4:46 PM,21 minutes and 47 seconds,KDS - Login Don't Delete
12060 Potranco Road,Adrian Morales,236,3,,1,8/15/25 4:24 PM,8/15/25 4:46 PM,21 minutes and 47 seconds,KDS - Login Don't Delete
12060 Potranco Road,Mario Jimenez,241,,Food,,8/15/25 4:44 PM,8/15/25 5:00 PM,15 minutes and 36 seconds,KDS - Login Don't Delete
12060 Potranco Road,Mario Jimenez,241,,Drive Thru,,8/15/25 4:44 PM,8/15/25 5:00 PM,15 minutes and 36 seconds,KDS - Login Don't Delete
12060 Potranco Road,Adrian Morales,243,1,,1,8/15/25 5:06 PM,8/15/25 5:07 PM,37 seconds,KDS - Login Don't Delete
12060 Potranco Road,Adrian Morales,243,1,,1,8/15/25 5:00 PM,8/15/25 5:13 PM,12 minutes and 44 seconds,KDS - Login Don't Delete
12060 Potranco Road,Lisa Velasquez,242,2,,1,8/15/25 5:00 PM,8/15/25 5:13 PM,12 minutes and 52 seconds,KDS - Login Don't Delete
12060 Potranco Road,Adrian Morales,243,1,Food,,8/15/25 5:05 PM,8/15/25 5:15 PM,10 minutes and 31 seconds,KDS - Login Don't Delete
12060 Potranco Road,Adrian Morales,243,1,No Print,,8/15/25 5:05 PM,8/15/25 5:15 PM,10 minutes and 31 seconds,KDS - Login Don't Delete
12060 Potranco Road,Mia De los Santos,247,,Drive Thru,,8/15/25 5:21 PM,8/15/25 5:29 PM,7 minutes and 55 seconds,KDS - Login Don't Delete
12060 Potranco Road,Mia De los Santos,247,,Food,,8/15/25 5:21 PM,8/15/25 5:29 PM,7 minutes and 55 seconds,KDS - Login Don't Delete
12060 Potranco Road,Mia De los Santos,249,,Drive Thru,,8/15/25 5:23 PM,8/15/25 5:29 PM,5 minutes and 43 seconds,KDS - Login Don't Delete
12060 Potranco Road,Mia De los Santos,249,,Food,,8/15/25 5:23 PM,8/15/25 5:29 PM,5 minutes and 43 seconds,KDS - Login Don't Delete
12060 Potranco Road,Adrian Morales,252,23,Food,,8/15/25 5:27 PM,8/15/25 5:34 PM,6 minutes and 15 seconds,KDS - Login Don't Delete
12060 Potranco Road,Adrian Morales,252,23,No Print,,8/15/25 5:27 PM,8/15/25 5:34 PM,6 minutes and 15 seconds,KDS - Login Don't Delete
12060 Potranco Road,Adrian Morales,243,1,,1,8/15/25 5:15 PM,8/15/25 5:34 PM,18 minutes and 47 seconds,KDS - Login Don't Delete
12060 Potranco Road,Mia De los Santos,247,,,1,8/15/25 5:29 PM,8/15/25 5:34 PM,5 minutes and 2 seconds,KDS - Login Don't Delete
12060 Potranco Road,Rosalinda Rodriguez,250,3,Food,,8/15/25 5:27 PM,8/15/25 5:35 PM,7 minutes and 46 seconds,KDS - Login Don't Delete
12060 Potranco Road,Rosalinda Rodriguez,250,3,Drive Thru,,8/15/25 5:27 PM,8/15/25 5:35 PM,7 minutes and 46 seconds,KDS - Login Don't Delete
12060 Potranco Road,Mario Jimenez,251,,Food,,8/15/25 5:28 PM,8/15/25 5:36 PM,7 minutes and 59 seconds,KDS - Login Don't Delete
12060 Potranco Road,Mario Jimenez,251,,Drive Thru,,8/15/25 5:28 PM,8/15/25 5:36 PM,7 minutes and 59 seconds,KDS - Login Don't Delete
12060 Potranco Road,Mario Jimenez,254,,Food,,8/15/25 5:32 PM,8/15/25 5:38 PM,6 minutes and 22 seconds,KDS - Login Don't Delete
12060 Potranco Road,Mario Jimenez,254,,Drive Thru,,8/15/25 5:32 PM,8/15/25 5:38 PM,6 minutes and 22 seconds,KDS - Login Don't Delete
12060 Potranco Road,Lisa Velasquez,244,21,Food,,8/15/25 5:25 PM,8/15/25 5:40 PM,15 minutes and 27 seconds,KDS - Login Don't Delete
12060 Potranco Road,Lisa Velasquez,244,21,No Print,,8/15/25 5:25 PM,8/15/25 5:40 PM,15 minutes and 27 seconds,KDS - Login Don't Delete
12060 Potranco Road,Mario Jimenez,255,,Drive Thru,,8/15/25 5:35 PM,8/15/25 5:46 PM,10 minutes and 59 seconds,KDS - Login Don't Delete
12060 Potranco Road,Mario Jimenez,255,,Food,,8/15/25 5:35 PM,8/15/25 5:46 PM,10 minutes and 59 seconds,KDS - Login Don't Delete
12060 Potranco Road,Rosalinda Rodriguez,257,14,Food,,8/15/25 5:45 PM,8/15/25 5:50 PM,5 minutes and 9 seconds,KDS - Login Don't Delete
12060 Potranco Road,Rosalinda Rodriguez,257,14,No Print,,8/15/25 5:45 PM,8/15/25 5:50 PM,5 minutes and 9 seconds,KDS - Login Don't Delete
12060 Potranco Road,Adrian Morales,259,2,Food,,8/15/25 5:50 PM,8/15/25 5:54 PM,4 minutes and 23 seconds,KDS - Login Don't Delete
12060 Potranco Road,Adrian Morales,259,2,No Print,,8/15/25 5:50 PM,8/15/25 5:54 PM,4 minutes and 23 seconds,KDS - Login Don't Delete
12060 Potranco Road,Lisa Velasquez,244,21,,1,8/15/25 5:40 PM,8/15/25 5:58 PM,17 minutes and 58 seconds,KDS - Login Don't Delete
12060 Potranco Road,Adrian Morales,252,23,,1,8/15/25 5:34 PM,8/15/25 5:58 PM,24 minutes and 39 seconds,KDS - Login Don't Delete
12060 Potranco Road,Mia De los Santos,249,,,1,8/15/25 5:29 PM,8/15/25 5:58 PM,29 minutes and 24 seconds,KDS - Login Don't Delete
12060 Potranco Road,Mario Jimenez,255,,,1,8/15/25 5:46 PM,8/15/25 5:58 PM,12 minutes and 39 seconds,KDS - Login Don't Delete
12060 Potranco Road,Rosalinda Rodriguez,257,14,,1,8/15/25 5:50 PM,8/15/25 5:58 PM,8 minutes and 23 seconds,KDS - Login Don't Delete
12060 Potranco Road,Adrian Morales,259,2,,1,8/15/25 5:54 PM,8/15/25 5:58 PM,4 minutes and 26 seconds,KDS - Login Don't Delete
12060 Potranco Road,Adrian Morales,243,1,,1,8/15/25 5:41 PM,8/15/25 6:01 PM,19 minutes and 33 seconds,KDS - Login Don't Delete
12060 Potranco Road,Mario Jimenez,261,,Food,,8/15/25 5:57 PM,8/15/25 6:01 PM,4 minutes and 21 seconds,KDS - Login Don't Delete
12060 Potranco Road,Mario Jimenez,261,,Drive Thru,,8/15/25 5:57 PM,8/15/25 6:01 PM,4 minutes and 21 seconds,KDS - Login Don't Delete
12060 Potranco Road,Rosalinda Rodriguez,257,14,Food,,8/15/25 5:55 PM,8/15/25 6:05 PM,9 minutes and 41 seconds,KDS - Login Don't Delete
12060 Potranco Road,Rosalinda Rodriguez,257,14,No Print,,8/15/25 5:55 PM,8/15/25 6:05 PM,9 minutes and 41 seconds,KDS - Login Don't Delete
12060 Potranco Road,Mario Jimenez,265,,Food,,8/15/25 5:59 PM,8/15/25 6:07 PM,7 minutes and 16 seconds,KDS - Login Don't Delete
12060 Potranco Road,Mario Jimenez,265,,Drive Thru,,8/15/25 5:59 PM,8/15/25 6:07 PM,7 minutes and 16 seconds,KDS - Login Don't Delete
12060 Potranco Road,Rosalinda Rodriguez,260,17,Food,,8/15/25 5:53 PM,8/15/25 6:07 PM,13 minutes and 39 seconds,KDS - Login Don't Delete
12060 Potranco Road,Rosalinda Rodriguez,260,17,No Print,,8/15/25 5:53 PM,8/15/25 6:07 PM,13 minutes and 39 seconds,KDS - Login Don't Delete
12060 Potranco Road,Adrian Morales,263,15,Food,,8/15/25 5:56 PM,8/15/25 6:07 PM,11 minutes and 15 seconds,KDS - Login Don't Delete
12060 Potranco Road,Adrian Morales,263,15,No Print,,8/15/25 5:56 PM,8/15/25 6:07 PM,11 minutes and 15 seconds,KDS - Login Don't Delete
12060 Potranco Road,Mario Jimenez,264,,Food,,8/15/25 6:02 PM,8/15/25 6:09 PM,7 minutes,KDS - Login Don't Delete
12060 Potranco Road,Mario Jimenez,264,,Drive Thru,,8/15/25 6:02 PM,8/15/25 6:09 PM,7 minutes,KDS - Login Don't Delete
12060 Potranco Road,Rosalinda Rodriguez,260,17,,1,8/15/25 6:07 PM,8/15/25 6:13 PM,6 minutes and 9 seconds,KDS - Login Don't Delete
12060 Potranco Road,Rosalinda Rodriguez,257,14,,1,8/15/25 6:05 PM,8/15/25 6:13 PM,8 minutes and 39 seconds,KDS - Login Don't Delete
12060 Potranco Road,Mario Jimenez,266,,Food,,8/15/25 6:09 PM,8/15/25 6:14 PM,4 minutes and 45 seconds,KDS - Login Don't Delete
12060 Potranco Road,Mario Jimenez,266,,Drive Thru,,8/15/25 6:09 PM,8/15/25 6:14 PM,4 minutes and 45 seconds,KDS - Login Don't Delete
12060 Potranco Road,Rosalinda Rodriguez,267,12,Food,,8/15/25 6:08 PM,8/15/25 6:18 PM,9 minutes and 46 seconds,KDS - Login Don't Delete
12060 Potranco Road,Rosalinda Rodriguez,267,12,No Print,,8/15/25 6:08 PM,8/15/25 6:18 PM,9 minutes and 46 seconds,KDS - Login Don't Delete
12060 Potranco Road,Adrian Morales,268,35,Food,,8/15/25 6:08 PM,8/15/25 6:18 PM,9 minutes and 43 seconds,KDS - Login Don't Delete
12060 Potranco Road,Adrian Morales,268,35,No Print,,8/15/25 6:08 PM,8/15/25 6:18 PM,9 minutes and 43 seconds,KDS - Login Don't Delete
12060 Potranco Road,Adrian Morales,268,35,Drive Thru,,8/15/25 6:08 PM,8/15/25 6:18 PM,9 minutes and 43 seconds,KDS - Login Don't Delete
12060 Potranco Road,Rosalinda Rodriguez,267,12,Food,,8/15/25 6:14 PM,8/15/25 6:19 PM,5 minutes and 45 seconds,KDS - Login Don't Delete
12060 Potranco Road,Rosalinda Rodriguez,267,12,No Print,,8/15/25 6:14 PM,8/15/25 6:19 PM,5 minutes and 45 seconds,KDS - Login Don't Delete
12060 Potranco Road,Lisa Velasquez,258,28,Food,,8/15/25 6:08 PM,8/15/25 6:22 PM,14 minutes and 8 seconds,KDS - Login Don't Delete
12060 Potranco Road,Lisa Velasquez,258,28,No Print,,8/15/25 6:08 PM,8/15/25 6:22 PM,14 minutes and 8 seconds,KDS - Login Don't Delete
12060 Potranco Road,Lisa Velasquez,258,28,,1,8/15/25 6:08 PM,8/15/25 6:31 PM,23 minutes,KDS - Login Don't Delete
12060 Potranco Road,Adrian Morales,263,15,,1,8/15/25 5:56 PM,8/15/25 6:31 PM,35 minutes and 1 second,KDS - Login Don't Delete
12060 Potranco Road,Rosalinda Rodriguez,267,12,,1,8/15/25 6:18 PM,8/15/25 6:31 PM,13 minutes and 10 seconds,KDS - Login Don't Delete
12060 Potranco Road,Adrian Morales,268,35,,1,8/15/25 6:18 PM,8/15/25 6:31 PM,13 minutes and 9 seconds,KDS - Login Don't Delete
12060 Potranco Road,Rosalinda Rodriguez,267,12,,1,8/15/25 6:19 PM,8/15/25 6:31 PM,11 minutes and 45 seconds,KDS - Login Don't Delete
12060 Potranco Road,Adrian Morales,270,18,,1,8/15/25 6:16 PM,8/15/25 6:33 PM,16 minutes and 53 seconds,KDS - Login Don't Delete
12060 Potranco Road,Lisa Velasquez,272,5,Food,,8/15/25 6:20 PM,8/15/25 6:34 PM,14 minutes and 48 seconds,KDS - Login Don't Delete
12060 Potranco Road,Lisa Velasquez,272,5,No Print,,8/15/25 6:20 PM,8/15/25 6:34 PM,14 minutes and 48 seconds,KDS - Login Don't Delete
12060 Potranco Road,Adrian Morales,273,2,Food,,8/15/25 6:26 PM,8/15/25 6:38 PM,12 minutes,KDS - Login Don't Delete
12060 Potranco Road,Adrian Morales,273,2,No Print,,8/15/25 6:26 PM,8/15/25 6:38 PM,12 minutes,KDS - Login Don't Delete
12060 Potranco Road,Rosalinda Rodriguez,271,1,Food,,8/15/25 6:22 PM,8/15/25 6:38 PM,15 minutes and 29 seconds,KDS - Login Don't Delete
12060 Potranco Road,Rosalinda Rodriguez,271,1,No Print,,8/15/25 6:22 PM,8/15/25 6:38 PM,15 minutes and 29 seconds,KDS - Login Don't Delete
12060 Potranco Road,Lisa Velasquez,272,5,,1,8/15/25 6:34 PM,8/15/25 6:39 PM,4 minutes and 12 seconds,KDS - Login Don't Delete
12060 Potranco Road,Lisa Velasquez,275,7,Food,,8/15/25 6:32 PM,8/15/25 6:43 PM,10 minutes and 22 seconds,KDS - Login Don't Delete
12060 Potranco Road,Lisa Velasquez,275,7,No Print,,8/15/25 6:32 PM,8/15/25 6:43 PM,10 minutes and 22 seconds,KDS - Login Don't Delete
12060 Potranco Road,Rosalinda Rodriguez,271,1,,1,8/15/25 6:38 PM,8/15/25 6:43 PM,5 minutes and 33 seconds,KDS - Login Don't Delete
12060 Potranco Road,Rosalinda Rodriguez,274,16,Food,,8/15/25 6:31 PM,8/15/25 6:46 PM,14 minutes and 51 seconds,KDS - Login Don't Delete
12060 Potranco Road,Rosalinda Rodriguez,274,16,No Print,,8/15/25 6:31 PM,8/15/25 6:46 PM,14 minutes and 51 seconds,KDS - Login Don't Delete
12060 Potranco Road,Lisa Velasquez,275,7,,1,8/15/25 6:32 PM,8/15/25 6:46 PM,13 minutes and 55 seconds,KDS - Login Don't Delete
12060 Potranco Road,Adrian Morales,273,2,,1,8/15/25 6:38 PM,8/15/25 6:50 PM,12 minutes and 47 seconds,KDS - Login Don't Delete
12060 Potranco Road,Rosalinda Rodriguez,274,16,,1,8/15/25 6:46 PM,8/15/25 6:50 PM,4 minutes and 34 seconds,KDS - Login Don't Delete
12060 Potranco Road,Rosalinda Rodriguez,278,23,Food,,8/15/25 6:40 PM,8/15/25 6:53 PM,12 minutes and 40 seconds,KDS - Login Don't Delete
12060 Potranco Road,Rosalinda Rodriguez,278,23,No Print,,8/15/25 6:40 PM,8/15/25 6:53 PM,12 minutes and 40 seconds,KDS - Login Don't Delete
12060 Potranco Road,Adrian Morales,279,10,Food,,8/15/25 6:41 PM,8/15/25 6:54 PM,12 minutes and 59 seconds,KDS - Login Don't Delete
12060 Potranco Road,Adrian Morales,279,10,No Print,,8/15/25 6:41 PM,8/15/25 6:54 PM,12 minutes and 59 seconds,KDS - Login Don't Delete
12060 Potranco Road,Adrian Morales,279,10,Drive Thru,,8/15/25 6:41 PM,8/15/25 6:54 PM,12 minutes and 59 seconds,KDS - Login Don't Delete
12060 Potranco Road,Adrian Morales,282,29,Food,,8/15/25 6:46 PM,8/15/25 6:54 PM,8 minutes and 15 seconds,KDS - Login Don't Delete
12060 Potranco Road,Adrian Morales,282,29,No Print,,8/15/25 6:46 PM,8/15/25 6:54 PM,8 minutes and 15 seconds,KDS - Login Don't Delete
12060 Potranco Road,Lisa Velasquez,280,4,Food,,8/15/25 6:42 PM,8/15/25 6:57 PM,14 minutes and 14 seconds,KDS - Login Don't Delete
12060 Potranco Road,Lisa Velasquez,280,4,No Print,,8/15/25 6:42 PM,8/15/25 6:57 PM,14 minutes and 14 seconds,KDS - Login Don't Delete
12060 Potranco Road,Mia De los Santos,276,,Drive Thru,,8/15/25 6:35 PM,8/15/25 6:58 PM,23 minutes and 6 seconds,KDS - Login Don't Delete
12060 Potranco Road,Mia De los Santos,276,,Food,,8/15/25 6:35 PM,8/15/25 6:58 PM,23 minutes and 6 seconds,KDS - Login Don't Delete
12060 Potranco Road,Adrian Morales,282,29,,1,8/15/25 6:54 PM,8/15/25 6:59 PM,5 minutes and 3 seconds,KDS - Login Don't Delete
12060 Potranco Road,Adrian Morales,279,10,,1,8/15/25 6:54 PM,8/15/25 6:59 PM,5 minutes and 33 seconds,KDS - Login Don't Delete
12060 Potranco Road,Lisa Velasquez,280,4,,1,8/15/25 6:57 PM,8/15/25 6:59 PM,2 minutes and 52 seconds,KDS - Login Don't Delete
12060 Potranco Road,Lisa Velasquez,284,3,Food,,8/15/25 6:50 PM,8/15/25 7:03 PM,12 minutes and 44 seconds,KDS - Login Don't Delete
12060 Potranco Road,Lisa Velasquez,284,3,No Print,,8/15/25 6:50 PM,8/15/25 7:03 PM,12 minutes and 44 seconds,KDS - Login Don't Delete
12060 Potranco Road,Rosalinda Rodriguez,287,20,,1,8/15/25 7:02 PM,8/15/25 7:06 PM,4 minutes and 7 seconds,KDS - Login Don't Delete
12060 Potranco Road,Rosalinda Rodriguez,281,21,Food,,8/15/25 6:53 PM,8/15/25 7:06 PM,12 minutes and 23 seconds,KDS - Login Don't Delete
12060 Potranco Road,Rosalinda Rodriguez,281,21,No Print,,8/15/25 6:53 PM,8/15/25 7:06 PM,12 minutes and 23 seconds,KDS - Login Don't Delete
12060 Potranco Road,Adrian Morales,282,29,,1,8/15/25 6:48 PM,8/15/25 7:06 PM,17 minutes and 59 seconds,KDS - Login Don't Delete
12060 Potranco Road,Adrian Morales,273,2,,1,8/15/25 6:53 PM,8/15/25 7:06 PM,13 minutes and 27 seconds,KDS - Login Don't Delete
12060 Potranco Road,Rosalinda Rodriguez,281,21,,1,8/15/25 7:06 PM,8/15/25 7:06 PM,17 seconds,KDS - Login Don't Delete
12060 Potranco Road,Mia De los Santos,276,,,1,8/15/25 6:58 PM,8/15/25 7:10 PM,12 minutes and 37 seconds,KDS - Login Don't Delete
12060 Potranco Road,Rosalinda Rodriguez,278,23,,1,8/15/25 6:53 PM,8/15/25 7:11 PM,17 minutes and 44 seconds,KDS - Login Don't Delete
12060 Potranco Road,Lisa Velasquez,284,3,,1,8/15/25 7:03 PM,8/15/25 7:11 PM,7 minutes and 25 seconds,KDS - Login Don't Delete
12060 Potranco Road,Adrian Morales,289,32,Food,,8/15/25 7:11 PM,8/15/25 7:13 PM,2 minutes and 1 second,KDS - Login Don't Delete
12060 Potranco Road,Adrian Morales,289,32,No Print,,8/15/25 7:11 PM,8/15/25 7:13 PM,2 minutes and 1 second,KDS - Login Don't Delete
12060 Potranco Road,Adrian Morales,289,32,Drive Thru,,8/15/25 7:11 PM,8/15/25 7:13 PM,2 minutes and 1 second,KDS - Login Don't Delete
12060 Potranco Road,Mia De los Santos,288,,Drive Thru,,8/15/25 7:06 PM,8/15/25 7:17 PM,10 minutes and 12 seconds,KDS - Login Don't Delete
12060 Potranco Road,Mia De los Santos,288,,Food,,8/15/25 7:06 PM,8/15/25 7:17 PM,10 minutes and 12 seconds,KDS - Login Don't Delete
12060 Potranco Road,Rosalinda Rodriguez,287,20,Food,,8/15/25 7:10 PM,8/15/25 7:24 PM,13 minutes and 42 seconds,KDS - Login Don't Delete
12060 Potranco Road,Rosalinda Rodriguez,287,20,No Print,,8/15/25 7:10 PM,8/15/25 7:24 PM,13 minutes and 42 seconds,KDS - Login Don't Delete
12060 Potranco Road,Adrian Morales,263,15,Drive Thru,,8/15/25 7:23 PM,8/15/25 7:24 PM,20 seconds,KDS - Login Don't Delete
12060 Potranco Road,Adrian Morales,263,15,Food,,8/15/25 7:23 PM,8/15/25 7:24 PM,20 seconds,KDS - Login Don't Delete
12060 Potranco Road,Mario Jimenez,290,,Food,,8/15/25 7:15 PM,8/15/25 7:24 PM,9 minutes and 2 seconds,KDS - Login Don't Delete
12060 Potranco Road,Mario Jimenez,290,,Drive Thru,,8/15/25 7:15 PM,8/15/25 7:24 PM,9 minutes and 2 seconds,KDS - Login Don't Delete
12060 Potranco Road,Mario Jimenez,293,,Food,,8/15/25 7:24 PM,8/15/25 7:27 PM,2 minutes and 5 seconds,KDS - Login Don't Delete
12060 Potranco Road,Mario Jimenez,293,,Drive Thru,,8/15/25 7:24 PM,8/15/25 7:27 PM,2 minutes and 5 seconds,KDS - Login Don't Delete
12060 Potranco Road,Rosalinda Rodriguez,281,21,,1,8/15/25 7:14 PM,8/15/25 7:30 PM,15 minutes and 59 seconds,KDS - Login Don't Delete
12060 Potranco Road,Adrian Morales,263,15,,1,8/15/25 7:24 PM,8/15/25 7:30 PM,6 minutes and 30 seconds,KDS - Login Don't Delete
12060 Potranco Road,Lisa Velasquez,292,34,Food,,8/15/25 7:24 PM,8/15/25 7:33 PM,8 minutes and 22 seconds,KDS - Login Don't Delete
12060 Potranco Road,Lisa Velasquez,292,34,No Print,,8/15/25 7:24 PM,8/15/25 7:33 PM,8 minutes and 22 seconds,KDS - Login Don't Delete
12060 Potranco Road,Mia De los Santos,288,,,1,8/15/25 7:17 PM,8/15/25 7:41 PM,24 minutes and 7 seconds,KDS - Login Don't Delete
12060 Potranco Road,Rosalinda Rodriguez,287,20,,1,8/15/25 7:24 PM,8/15/25 7:41 PM,17 minutes and 11 seconds,KDS - Login Don't Delete
12060 Potranco Road,Adrian Morales,289,32,,1,8/15/25 7:13 PM,8/15/25 7:41 PM,28 minutes,KDS - Login Don't Delete
12060 Potranco Road,Lisa Velasquez,292,34,,1,8/15/25 7:33 PM,8/15/25 7:41 PM,8 minutes and 8 seconds,KDS - Login Don't Delete
12060 Potranco Road,Mia De los Santos,295,,Drive Thru,,8/15/25 7:32 PM,8/15/25 7:42 PM,10 minutes and 32 seconds,KDS - Login Don't Delete
12060 Potranco Road,Mia De los Santos,295,,Food,,8/15/25 7:32 PM,8/15/25 7:42 PM,10 minutes and 32 seconds,KDS - Login Don't Delete
12060 Potranco Road,Lisa Velasquez,285,28,Food,,8/15/25 7:30 PM,8/15/25 7:46 PM,15 minutes and 30 seconds,KDS - Login Don't Delete
12060 Potranco Road,Lisa Velasquez,285,28,No Print,,8/15/25 7:30 PM,8/15/25 7:46 PM,15 minutes and 30 seconds,KDS - Login Don't Delete
12060 Potranco Road,Lisa Velasquez,285,28,,1,8/15/25 7:46 PM,8/15/25 7:48 PM,1 minute and 44 seconds,KDS - Login Don't Delete
12060 Potranco Road,Mia De los Santos,295,,,1,8/15/25 7:42 PM,8/15/25 7:49 PM,6 minutes and 30 seconds,KDS - Login Don't Delete
12060 Potranco Road,Rosalinda Rodriguez,296,23,,1,8/15/25 7:34 PM,8/15/25 7:49 PM,15 minutes and 27 seconds,KDS - Login Don't Delete
12060 Potranco Road,Rosalinda Rodriguez,296,23,,1,8/15/25 7:40 PM,8/15/25 7:49 PM,9 minutes and 14 seconds,KDS - Login Don't Delete
12060 Potranco Road,Mario Jimenez,286,,Food,,8/15/25 7:44 PM,8/15/25 7:49 PM,5 minutes and 39 seconds,KDS - Login Don't Delete
12060 Potranco Road,Mario Jimenez,286,,Drive Thru,,8/15/25 7:44 PM,8/15/25 7:49 PM,5 minutes and 39 seconds,KDS - Login Don't Delete
12060 Potranco Road,Adrian Morales,289,32,Food,,8/15/25 7:35 PM,8/15/25 7:52 PM,17 minutes and 1 second,KDS - Login Don't Delete
12060 Potranco Road,Adrian Morales,289,32,No Print,,8/15/25 7:35 PM,8/15/25 7:52 PM,17 minutes and 1 second,KDS - Login Don't Delete
12060 Potranco Road,Rosalinda Rodriguez,287,20,Food,,8/15/25 7:42 PM,8/15/25 7:52 PM,9 minutes and 34 seconds,KDS - Login Don't Delete
12060 Potranco Road,Rosalinda Rodriguez,287,20,No Print,,8/15/25 7:42 PM,8/15/25 7:52 PM,9 minutes and 34 seconds,KDS - Login Don't Delete
12060 Potranco Road,Adrian Morales,289,32,Food,,8/15/25 7:41 PM,8/15/25 7:55 PM,14 minutes and 12 seconds,KDS - Login Don't Delete
12060 Potranco Road,Adrian Morales,289,32,No Print,,8/15/25 7:41 PM,8/15/25 7:55 PM,14 minutes and 12 seconds,KDS - Login Don't Delete
12060 Potranco Road,Adrian Morales,289,32,Drive Thru,,8/15/25 7:41 PM,8/15/25 7:55 PM,14 minutes and 12 seconds,KDS - Login Don't Delete
12060 Potranco Road,Mario Jimenez,297,,Food,,8/15/25 7:48 PM,8/15/25 7:55 PM,7 minutes and 41 seconds,KDS - Login Don't Delete
12060 Potranco Road,Mario Jimenez,297,,Drive Thru,,8/15/25 7:48 PM,8/15/25 7:55 PM,7 minutes and 41 seconds,KDS - Login Don't Delete
12060 Potranco Road,Adrian Morales,289,32,,1,8/15/25 7:55 PM,8/15/25 7:56 PM,1 minute and 11 seconds,KDS - Login Don't Delete
12060 Potranco Road,Adrian Morales,289,32,,1,8/15/25 7:52 PM,8/15/25 7:56 PM,4 minutes and 46 seconds,KDS - Login Don't Delete
12060 Potranco Road,Lisa Velasquez,285,28,Food,,8/15/25 7:58 PM,8/15/25 8:04 PM,6 minutes and 42 seconds,KDS - Login Don't Delete
12060 Potranco Road,Lisa Velasquez,285,28,No Print,,8/15/25 7:58 PM,8/15/25 8:04 PM,6 minutes and 42 seconds,KDS - Login Don't Delete
12060 Potranco Road,Lisa Velasquez,285,28,,1,8/15/25 8:04 PM,8/15/25 8:05 PM,39 seconds,KDS - Login Don't Delete
12060 Potranco Road,Adrian Morales,289,32,Food,,8/15/25 7:59 PM,8/15/25 8:07 PM,8 minutes and 4 seconds,KDS - Login Don't Delete
12060 Potranco Road,Adrian Morales,289,32,No Print,,8/15/25 7:59 PM,8/15/25 8:07 PM,8 minutes and 4 seconds,KDS - Login Don't Delete
12060 Potranco Road,Rosalinda Rodriguez,296,23,Food,,8/15/25 8:09 PM,8/15/25 8:13 PM,3 minutes and 45 seconds,KDS - Login Don't Delete
12060 Potranco Road,Rosalinda Rodriguez,296,23,Food,,8/15/25 8:09 PM,8/15/25 8:13 PM,3 minutes and 2 seconds,KDS - Login Don't Delete
12060 Potranco Road,Rosalinda Rodriguez,296,23,No Print,,8/15/25 8:09 PM,8/15/25 8:13 PM,3 minutes and 2 seconds,KDS - Login Don't Delete
12060 Potranco Road,Rosalinda Rodriguez,287,20,,1,8/15/25 7:52 PM,8/15/25 8:18 PM,26 minutes,KDS - Login Don't Delete
12060 Potranco Road,Adrian Morales,289,32,,1,8/15/25 8:07 PM,8/15/25 8:18 PM,11 minutes and 8 seconds,KDS - Login Don't Delete
12060 Potranco Road,Rosalinda Rodriguez,296,23,,1,8/15/25 8:13 PM,8/15/25 8:18 PM,5 minutes and 31 seconds,KDS - Login Don't Delete
12060 Potranco Road,Rosalinda Rodriguez,296,23,,1,8/15/25 8:13 PM,8/15/25 8:18 PM,5 minutes and 29 seconds,KDS - Login Don't Delete
12060 Potranco Road,Rosalinda Rodriguez,296,23,,1,8/15/25 8:09 PM,8/15/25 8:18 PM,8 minutes and 57 seconds,KDS - Login Don't Delete
12060 Potranco Road,Lisa Velasquez,302,18,Food,,8/15/25 8:15 PM,8/15/25 8:20 PM,5 minutes and 10 seconds,KDS - Login Don't Delete
12060 Potranco Road,Lisa Velasquez,302,18,No Print,,8/15/25 8:15 PM,8/15/25 8:20 PM,5 minutes and 10 seconds,KDS - Login Don't Delete
12060 Potranco Road,Mario Jimenez,300,,Food,,8/15/25 8:20 PM,8/15/25 8:21 PM,58 seconds,KDS - Login Don't Delete
12060 Potranco Road,Mario Jimenez,300,,Drive Thru,,8/15/25 8:20 PM,8/15/25 8:21 PM,58 seconds,KDS - Login Don't Delete
12060 Potranco Road,Adrian Morales,289,32,Food,,8/15/25 8:22 PM,8/15/25 8:26 PM,4 minutes and 46 seconds,KDS - Login Don't Delete
12060 Potranco Road,Adrian Morales,289,32,No Print,,8/15/25 8:22 PM,8/15/25 8:26 PM,4 minutes and 46 seconds,KDS - Login Don't Delete
12060 Potranco Road,Lisa Velasquez,302,18,,1,8/15/25 8:20 PM,8/15/25 8:28 PM,7 minutes and 52 seconds,KDS - Login Don't Delete
12060 Potranco Road,Adrian Morales,289,32,,1,8/15/25 8:26 PM,8/15/25 8:31 PM,4 minutes and 9 seconds,KDS - Login Don't Delete
12060 Potranco Road,Lisa Velasquez,302,18,Food,,8/15/25 8:21 PM,8/15/25 8:36 PM,15 minutes and 32 seconds,KDS - Login Don't Delete
12060 Potranco Road,Lisa Velasquez,302,18,No Print,,8/15/25 8:21 PM,8/15/25 8:36 PM,15 minutes and 32 seconds,KDS - Login Don't Delete
12060 Potranco Road,Rosalinda Rodriguez,306,2,Food,,8/15/25 8:24 PM,8/15/25 8:37 PM,13 minutes and 43 seconds,KDS - Login Don't Delete
12060 Potranco Road,Rosalinda Rodriguez,306,2,No Print,,8/15/25 8:24 PM,8/15/25 8:37 PM,13 minutes and 43 seconds,KDS - Login Don't Delete
12060 Potranco Road,Rosalinda Rodriguez,299,27,Food,,8/15/25 8:19 PM,8/15/25 8:37 PM,18 minutes and 45 seconds,KDS - Login Don't Delete
12060 Potranco Road,Rosalinda Rodriguez,299,27,No Print,,8/15/25 8:19 PM,8/15/25 8:37 PM,18 minutes and 45 seconds,KDS - Login Don't Delete
12060 Potranco Road,Rosalinda Rodriguez,299,27,Drive Thru,,8/15/25 8:19 PM,8/15/25 8:37 PM,18 minutes and 45 seconds,KDS - Login Don't Delete
12060 Potranco Road,Adrian Morales,303,6,Drive Thru,,8/15/25 8:26 PM,8/15/25 8:39 PM,13 minutes,KDS - Login Don't Delete
12060 Potranco Road,Adrian Morales,303,6,Food,,8/15/25 8:26 PM,8/15/25 8:39 PM,13 minutes,KDS - Login Don't Delete
12060 Potranco Road,Adrian Morales,303,6,No Print,,8/15/25 8:26 PM,8/15/25 8:39 PM,13 minutes,KDS - Login Don't Delete
12060 Potranco Road,Mia De los Santos,304,,Drive Thru,,8/15/25 8:21 PM,8/15/25 8:40 PM,18 minutes and 49 seconds,KDS - Login Don't Delete
12060 Potranco Road,Mia De los Santos,304,,Food,,8/15/25 8:21 PM,8/15/25 8:40 PM,18 minutes and 49 seconds,KDS - Login Don't Delete
12060 Potranco Road,Lisa Velasquez,307,3,Food,,8/15/25 8:37 PM,8/15/25 8:45 PM,7 minutes and 47 seconds,KDS - Login Don't Delete
12060 Potranco Road,Lisa Velasquez,307,3,No Print,,8/15/25 8:37 PM,8/15/25 8:45 PM,7 minutes and 47 seconds,KDS - Login Don't Delete
12060 Potranco Road,Mario Jimenez,308,,Food,,8/15/25 8:43 PM,8/15/25 8:49 PM,5 minutes and 36 seconds,KDS - Login Don't Delete
12060 Potranco Road,Mario Jimenez,308,,Drive Thru,,8/15/25 8:43 PM,8/15/25 8:49 PM,5 minutes and 36 seconds,KDS - Login Don't Delete
12060 Potranco Road,Mario Jimenez,310,,Food,,8/15/25 8:52 PM,8/15/25 8:57 PM,4 minutes and 35 seconds,KDS - Login Don't Delete
12060 Potranco Road,Mario Jimenez,310,,Drive Thru,,8/15/25 8:52 PM,8/15/25 8:57 PM,4 minutes and 35 seconds,KDS - Login Don't Delete
12060 Potranco Road,Rosalinda Rodriguez,299,27,,1,8/15/25 8:37 PM,8/15/25 9:04 PM,26 minutes and 25 seconds,KDS - Login Don't Delete
12060 Potranco Road,Rosalinda Rodriguez,306,2,,1,8/15/25 8:37 PM,8/15/25 9:04 PM,26 minutes and 33 seconds,KDS - Login Don't Delete
12060 Potranco Road,Adrian Morales,303,6,,1,8/15/25 8:39 PM,8/15/25 9:04 PM,25 minutes,KDS - Login Don't Delete
12060 Potranco Road,Lisa Velasquez,302,18,,1,8/15/25 8:36 PM,8/15/25 9:04 PM,27 minutes and 42 seconds,KDS - Login Don't Delete
12060 Potranco Road,Lisa Velasquez,307,3,,1,8/15/25 8:45 PM,8/15/25 9:04 PM,18 minutes and 53 seconds,KDS - Login Don't Delete
