Employee,Job Title,Regular Hours,Overtime Hours,Hourly Rate,Regular Pay,Overtime Pay,Total Pay,Net Sales,Declared Tips,Non-Cash Tips,Total Tips,Tips Withheld,Total Gratuity,Employee ID,Job Code,Location,Location Code
"C, PM Cashier",Cashier,2.39,0.0,,,,,496.97,,9.64,9.64,0.00,0.00,,,2919 Blanco Rd,
"Hernandez, Celinda",Cook,9.0,0.0,16.00,144.00,0.00,144.00,0.00,,0.00,0.00,0.00,0.00,,,2919 Blanco Rd,
"Hernandez, Fidelia ",Cook,12.98,0.0,14.00,181.72,0.00,181.72,0.00,,0.00,0.00,0.00,0.00,,,2919 Blanco Rd,
"Martinez , Sami",Server,8.06,0.0,3.00,24.18,0.00,24.18,462.20,,57.21,57.21,0.00,0.00,,,2919 Blanco Rd,
"Ovalle , Martina",Drive-Thru,6.550000000000001,6.28,,,,,1655.35,,43.43,43.43,0.00,0.00,,,2919 Blanco Rd,
"Pena , Vilma",Cook,8.21,0.0,14.00,114.94,0.00,114.94,0.00,,0.00,0.00,0.00,0.00,,,2919 Blanco Rd,
"Rivera, Dante Antonio ",Cook,7.17,0.0,,,,,0.00,,0.00,0.00,0.00,0.00,,,2919 Blanco Rd,
"Salazar, Maria ",Shift Manager / Assistant Manager,8.35,0.0,,,,,463.38,,18.00,18.00,0.00,0.00,,,2919 Blanco Rd,
"Villalobos , Veronica ",Cook,8.51,0.0,14.00,119.14,0.00,119.14,0.00,,0.00,0.00,0.00,0.00,,,2919 Blanco Rd,
"lopez, samantha",Server,11.33,0.59,3.00,33.99,2.66,36.65,601.49,,61.96,61.96,0.00,0.00,,,2919 Blanco Rd,
