Employee,Job Title,Regular Hours,Overtime Hours,Hourly Rate,Regular Pay,Overtime Pay,Total Pay,Net Sales,Declared Tips,Non-Cash Tips,Total Tips,Tips Withheld,Total Gratuity,Employee ID,Job Code,Location,Location Code
"Franco, Fidel",Cook,13.12,0.0,13.00,170.56,0.00,170.56,0.00,,0.00,0.00,0.00,0.00,,,2919 Blanco Rd,
"Hernandez, Celinda",Cook,9.12,0.0,16.00,145.92,0.00,145.92,0.00,,0.00,0.00,0.00,0.00,,,2919 Blanco Rd,
"Hernandez, Fidelia ",Cook,8.36,0.0,14.00,117.04,0.00,117.04,0.00,,0.00,0.00,0.00,0.00,,,2919 Blanco Rd,
"Martinez , Sami",Server,6.94,0.0,3.00,20.82,0.00,20.82,353.99,,43.65,43.65,0.00,0.00,,,2919 Blanco Rd,
"Melendez, Ninoska",Tortillero/a,7.32,0.0,13.00,95.16,0.00,95.16,0.00,,0.00,0.00,0.00,0.00,,,2919 Blanco Rd,
"Ovalle , Martina",Shift Manager / Assistant Manager,8.28,0.0,,,,,632.86,,25.00,25.00,0.00,19.63,,,2919 Blanco Rd,
"Ovalle , Martina",Server,6.24,0.0,,,,,384.06,,22.00,22.00,0.00,0.00,,,2919 Blanco Rd,
"Villalobos , Veronica ",Cook,8.65,0.0,14.00,121.10,0.00,121.10,0.00,,0.00,0.00,0.00,0.00,,,2919 Blanco Rd,
"lopez, samantha",Drive-Thru,14.129999999999999,0.0,13.00,183.69,0.00,183.69,1891.36,,26.00,26.00,0.00,0.00,,,2919 Blanco Rd,
