Location,Entry Id,Created Date,Action,Amount,Cash Drawer,Payout Reason,No Sale Reason,Comment,Employee,Employee 2
2919 Blanco Rd,800000031074456378,10/23/25 6:07 AM,CASH_PAYMENT,18.12,Front Box Cash Drawer,,,Cash payment,AM CASHIER,
2919 Blanco Rd,800000031074474427,10/23/25 6:10 AM,CASH_PAYMENT,5.72,Front Box Cash Drawer,,,Cash payment,AM CASHIER,
2919 Blanco Rd,800000031074492850,10/23/25 6:14 AM,CASH_PAYMENT,7.28,Front Box Cash Drawer,,,Cash payment,AM CASHIER,
2919 Blanco Rd,800000031074505551,10/23/25 6:16 AM,CASH_PAYMENT,4.32,Front Box Cash Drawer,,,Cash payment,AM CASHIER,
2919 Blanco Rd,800000031074549443,10/23/25 6:23 AM,CASH_PAYMENT,6.20,Front Box Cash Drawer,,,Cash payment,AM CASHIER,
2919 Blanco Rd,800000031074550930,10/23/25 6:23 AM,CASH_PAYMENT,12.92,Front Box Cash Drawer,,,Cash payment,AM CASHIER,
2919 Blanco Rd,800000031074564963,10/23/25 6:25 AM,CASH_PAYMENT,6.46,Front Box Cash Drawer,,,Cash payment,AM CASHIER,
2919 Blanco Rd,800000031074637623,10/23/25 6:35 AM,CASH_PAYMENT,9.34,Front Box Cash Drawer,,,Cash payment,AM CASHIER,
2919 Blanco Rd,800000031074749412,10/23/25 6:49 AM,CASH_PAYMENT,9.62,Front Box Cash Drawer,,,Cash payment,AM CASHIER,
2919 Blanco Rd,800000031074811805,10/23/25 6:55 AM,CASH_PAYMENT,10.15,Front Box Cash Drawer,,,Cash payment,AM CASHIER,
2919 Blanco Rd,800000031074907155,10/23/25 7:04 AM,CASH_PAYMENT,22.98,Front Box Cash Drawer,,,Cash payment,AM CASHIER,
2919 Blanco Rd,800000031074919498,10/23/25 7:05 AM,CASH_PAYMENT,11.84,Front Box Cash Drawer,,,Cash payment,AM CASHIER,
2919 Blanco Rd,800000031074926128,10/23/25 7:06 AM,CASH_PAYMENT,4.96,Front Box Cash Drawer,,,Cash payment,AM CASHIER,
2919 Blanco Rd,800000031074926793,10/23/25 7:06 AM,CASH_PAYMENT,4.30,Front Box Cash Drawer,,,Cash payment,AM CASHIER,
2919 Blanco Rd,800000031074951768,10/23/25 7:08 AM,CASH_PAYMENT,2.15,Drive Thru Cash Drawer,,,Cash payment,samantha lopez,
2919 Blanco Rd,800000031075028293,10/23/25 7:14 AM,CASH_PAYMENT,4.31,Drive Thru Cash Drawer,,,Cash payment,samantha lopez,
2919 Blanco Rd,800000031075301742,10/23/25 7:33 AM,CASH_PAYMENT,5.11,Drive Thru Cash Drawer,,,Cash payment,samantha lopez,
2919 Blanco Rd,800000031075368477,10/23/25 7:37 AM,CASH_PAYMENT,17.06,Drive Thru Cash Drawer,,,Cash payment,samantha lopez,
2919 Blanco Rd,800000031075591997,10/23/25 7:51 AM,CASH_PAYMENT,4.30,Drive Thru Cash Drawer,,,Cash payment,samantha lopez,
2919 Blanco Rd,800000031075612607,10/23/25 7:52 AM,CASH_PAYMENT,8.03,Drive Thru Cash Drawer,,,Cash payment,samantha lopez,
2919 Blanco Rd,800000031075652979,10/23/25 7:55 AM,CASH_PAYMENT,5.56,Front Box Cash Drawer,,,Cash payment,AM CASHIER,
2919 Blanco Rd,800000031075693335,10/23/25 7:57 AM,CASH_PAYMENT,7.72,Front Box Cash Drawer,,,Cash payment,AM CASHIER,
2919 Blanco Rd,800000031075925698,10/23/25 8:11 AM,CASH_PAYMENT,5.13,Drive Thru Cash Drawer,,,Cash payment,samantha lopez,
2919 Blanco Rd,800000031076005201,10/23/25 8:15 AM,CASH_PAYMENT,7.34,Drive Thru Cash Drawer,,,Cash payment,samantha lopez,
2919 Blanco Rd,800000031076005583,10/23/25 8:15 AM,CASH_PAYMENT,10.63,Front Box Cash Drawer,,,Cash payment,AM CASHIER,
2919 Blanco Rd,800000031076126784,10/23/25 8:22 AM,CASH_PAYMENT,6.46,Drive Thru Cash Drawer,,,Cash payment,samantha lopez,
2919 Blanco Rd,800000031076240881,10/23/25 8:29 AM,CASH_PAYMENT,7.01,Front Box Cash Drawer,,,Cash payment,AM CASHIER,
2919 Blanco Rd,800000031076290495,10/23/25 8:32 AM,CASH_PAYMENT,4.30,Drive Thru Cash Drawer,,,Cash payment,samantha lopez,
2919 Blanco Rd,800000031076325880,10/23/25 8:34 AM,CASH_PAYMENT,8.04,Drive Thru Cash Drawer,,,Cash payment,samantha lopez,
2919 Blanco Rd,800000031076355601,10/23/25 8:36 AM,CASH_PAYMENT,6.46,Front Box Cash Drawer,,,Cash payment,AM CASHIER,
2919 Blanco Rd,800000031076514101,10/23/25 8:45 AM,CASH_PAYMENT,6.46,Drive Thru Cash Drawer,,,Cash payment,samantha lopez,
2919 Blanco Rd,800000031076533190,10/23/25 8:46 AM,CASH_PAYMENT,5.72,Drive Thru Cash Drawer,,,Cash payment,samantha lopez,
2919 Blanco Rd,800000031076557800,10/23/25 8:47 AM,CASH_PAYMENT,9.71,Drive Thru Cash Drawer,,,Cash payment,samantha lopez,
2919 Blanco Rd,800000031076751065,10/23/25 8:59 AM,CASH_PAYMENT,11.11,Front Box Cash Drawer,,,Cash payment,AM CASHIER,
2919 Blanco Rd,800000031076759788,10/23/25 8:59 AM,CASH_PAYMENT,10.23,Drive Thru Cash Drawer,,,Cash payment,samantha lopez,
2919 Blanco Rd,800000031076760691,10/23/25 8:59 AM,CASH_PAYMENT,0.26,Drive Thru Cash Drawer,,,Cash payment,samantha lopez,
2919 Blanco Rd,800000031077207359,10/23/25 9:24 AM,CASH_PAYMENT,9.23,Front Box Cash Drawer,,,Cash payment,AM CASHIER,
2919 Blanco Rd,800000031077383211,10/23/25 9:33 AM,CASH_PAYMENT,14.61,Front Box Cash Drawer,,,Cash payment,AM CASHIER,
2919 Blanco Rd,800000031077386864,10/23/25 9:33 AM,CASH_PAYMENT,21.51,Front Box Cash Drawer,,,Cash payment,AM CASHIER,
2919 Blanco Rd,800000031077516379,10/23/25 9:40 AM,CASH_PAYMENT,17.79,Front Box Cash Drawer,,,Cash payment,AM CASHIER,
2919 Blanco Rd,800000031077780689,10/23/25 9:54 AM,CASH_PAYMENT,18.41,Drive Thru Cash Drawer,,,Cash payment,samantha lopez,
2919 Blanco Rd,800000031077816446,10/23/25 9:56 AM,CASH_PAYMENT,5.72,Drive Thru Cash Drawer,,,Cash payment,samantha lopez,
2919 Blanco Rd,800000031077818616,10/23/25 9:56 AM,CASH_PAYMENT,31.25,Front Box Cash Drawer,,,Cash payment,AM CASHIER,
2919 Blanco Rd,800000031077839828,10/23/25 9:57 AM,CASH_PAYMENT,8.65,Front Box Cash Drawer,,,Cash payment,AM CASHIER,
2919 Blanco Rd,800000031077847264,10/23/25 9:57 AM,CASH_PAYMENT,3.39,Front Box Cash Drawer,,,Cash payment,AM CASHIER,
2919 Blanco Rd,800000031077856907,10/23/25 9:58 AM,CASH_PAYMENT,18.99,Drive Thru Cash Drawer,,,Cash payment,samantha lopez,
2919 Blanco Rd,800000031077919801,10/23/25 10:01 AM,CASH_PAYMENT,6.76,Drive Thru Cash Drawer,,,Cash payment,samantha lopez,
2919 Blanco Rd,800000031077992376,10/23/25 10:04 AM,CASH_PAYMENT,16.52,Front Box Cash Drawer,,,Cash payment,AM CASHIER,
2919 Blanco Rd,800000031078033604,10/23/25 10:06 AM,CASH_PAYMENT,8.62,Front Box Cash Drawer,,,Cash payment,AM CASHIER,
2919 Blanco Rd,800000031078117560,10/23/25 10:09 AM,CASH_PAYMENT,3.24,Drive Thru Cash Drawer,,,Cash payment,samantha lopez,
2919 Blanco Rd,800000031078280594,10/23/25 10:16 AM,CASH_PAYMENT,2.15,Front Box Cash Drawer,,,Cash payment,AM CASHIER,
2919 Blanco Rd,800000031078318171,10/23/25 10:18 AM,CASH_PAYMENT,3.24,Drive Thru Cash Drawer,,,Cash payment,samantha lopez,
2919 Blanco Rd,800000031078356109,10/23/25 10:19 AM,CASH_PAYMENT,12.36,Drive Thru Cash Drawer,,,Cash payment,samantha lopez,
2919 Blanco Rd,800000031078454611,10/23/25 10:24 AM,CASH_PAYMENT,8.19,Drive Thru Cash Drawer,,,Cash payment,samantha lopez,
2919 Blanco Rd,800000031078506325,10/23/25 10:26 AM,CASH_PAYMENT,5.39,Drive Thru Cash Drawer,,,Cash payment,samantha lopez,
2919 Blanco Rd,800000031078511419,10/23/25 10:26 AM,CASH_PAYMENT,5.39,Drive Thru Cash Drawer,,,Cash payment,samantha lopez,
2919 Blanco Rd,800000031078701015,10/23/25 10:34 AM,CASH_PAYMENT,18.12,Front Box Cash Drawer,,,Cash payment,AM CASHIER,
2919 Blanco Rd,800000031078863363,10/23/25 10:39 AM,CASH_PAYMENT,13.77,Front Box Cash Drawer,,,Cash payment,AM CASHIER,
2919 Blanco Rd,800000031079015082,10/23/25 10:45 AM,CASH_PAYMENT,2.15,Drive Thru Cash Drawer,,,Cash payment,samantha lopez,
2919 Blanco Rd,800000031079041835,10/23/25 10:46 AM,CASH_PAYMENT,4.31,Drive Thru Cash Drawer,,,Cash payment,samantha lopez,
2919 Blanco Rd,800000031079142450,10/23/25 10:49 AM,CASH_PAYMENT,15.96,Drive Thru Cash Drawer,,,Cash payment,samantha lopez,
2919 Blanco Rd,800000031079430459,10/23/25 10:58 AM,CASH_PAYMENT,27.20,Drive Thru Cash Drawer,,,Cash payment,samantha lopez,
2919 Blanco Rd,800000031079536659,10/23/25 11:01 AM,CASH_PAYMENT,5.39,Drive Thru Cash Drawer,,,Cash payment,samantha lopez,
2919 Blanco Rd,800000031079634767,10/23/25 11:04 AM,CASH_PAYMENT,4.30,Drive Thru Cash Drawer,,,Cash payment,samantha lopez,
2919 Blanco Rd,800000031079681656,10/23/25 11:05 AM,CASH_PAYMENT,15.13,Drive Thru Cash Drawer,,,Cash payment,samantha lopez,
2919 Blanco Rd,800000031079802063,10/23/25 11:08 AM,CASH_PAYMENT,3.24,Drive Thru Cash Drawer,,,Cash payment,samantha lopez,
2919 Blanco Rd,800000031080003513,10/23/25 11:13 AM,CASH_PAYMENT,16.80,Front Box Cash Drawer,,,Cash payment,AM CASHIER,
2919 Blanco Rd,800000031080333086,10/23/25 11:21 AM,CASH_PAYMENT,10.78,Drive Thru Cash Drawer,,,Cash payment,samantha lopez,
2919 Blanco Rd,800000031080740243,10/23/25 11:30 AM,CASH_PAYMENT,9.62,Drive Thru Cash Drawer,,,Cash payment,samantha lopez,
2919 Blanco Rd,800000031081126241,10/23/25 11:39 AM,CASH_PAYMENT,9.88,Front Box Cash Drawer,,,Cash payment,AM CASHIER,
2919 Blanco Rd,800000031081132960,10/23/25 11:40 AM,CASH_PAYMENT,9.88,Front Box Cash Drawer,,,Cash payment,AM CASHIER,
2919 Blanco Rd,800000031081438279,10/23/25 11:47 AM,CASH_PAYMENT,7.22,Drive Thru Cash Drawer,,,Cash payment,samantha lopez,
2919 Blanco Rd,800000031081626616,10/23/25 11:51 AM,CASH_PAYMENT,2.15,Front Box Cash Drawer,,,Cash payment,AM CASHIER,
2919 Blanco Rd,800000031082605972,10/23/25 12:14 PM,CASH_PAYMENT,20.75,Front Box Cash Drawer,,,Cash payment,AM CASHIER,
2919 Blanco Rd,800000031082752522,10/23/25 12:17 PM,CASH_PAYMENT,25.06,Front Box Cash Drawer,,,Cash payment,AM CASHIER,
2919 Blanco Rd,800000031083231576,10/23/25 12:29 PM,CASH_PAYMENT,11.90,Drive Thru Cash Drawer,,,Cash payment,samantha lopez,
2919 Blanco Rd,800000031083452985,10/23/25 12:34 PM,CASH_PAYMENT,16.71,Front Box Cash Drawer,,,Cash payment,AM CASHIER,
2919 Blanco Rd,800000031083682095,10/23/25 12:40 PM,CASH_PAYMENT,40.31,Drive Thru Cash Drawer,,,Cash payment,samantha lopez,
2919 Blanco Rd,800000031083800487,10/23/25 12:43 PM,CASH_PAYMENT,44.39,Drive Thru Cash Drawer,,,Cash payment,samantha lopez,
2919 Blanco Rd,800000031083912841,10/23/25 12:46 PM,CASH_PAYMENT,33.08,Front Box Cash Drawer,,,Cash payment,AM CASHIER,
2919 Blanco Rd,800000031083961503,10/23/25 12:47 PM,CASH_PAYMENT,2.15,Drive Thru Cash Drawer,,,Cash payment,samantha lopez,
2919 Blanco Rd,800000031084033532,10/23/25 12:49 PM,CASH_PAYMENT,29.82,Front Box Cash Drawer,,,Cash payment,AM CASHIER,
2919 Blanco Rd,800000031084216106,10/23/25 12:54 PM,CASH_PAYMENT,28.09,Drive Thru Cash Drawer,,,Cash payment,samantha lopez,
2919 Blanco Rd,800000031084436173,10/23/25 1:00 PM,CASH_PAYMENT,14.06,Drive Thru Cash Drawer,,,Cash payment,samantha lopez,
2919 Blanco Rd,800000031084548881,10/23/25 1:03 PM,CASH_PAYMENT,8.43,Drive Thru Cash Drawer,,,Cash payment,samantha lopez,
2919 Blanco Rd,800000031085033163,10/23/25 1:16 PM,CASH_PAYMENT,14.47,Drive Thru Cash Drawer,,,Cash payment,samantha lopez,
2919 Blanco Rd,800000031085616832,10/23/25 1:33 PM,CASH_PAYMENT,26.58,Drive Thru Cash Drawer,,,Cash payment,samantha lopez,
2919 Blanco Rd,800000031085933678,10/23/25 1:42 PM,CASH_PAYMENT,31.33,Drive Thru Cash Drawer,,,Cash payment,samantha lopez,
2919 Blanco Rd,800000031085988320,10/23/25 1:43 PM,TIP_OUT,-60.67,Drive Thru Cash Drawer,,,Tips paid out from shift review.,samantha lopez,samantha lopez
2919 Blanco Rd,800000031085991532,10/23/25 1:44 PM,CLOSE_OUT_EXACT,0.00,Drive Thru Cash Drawer,,,Close out balance matches expected balance,samantha lopez,
2919 Blanco Rd,800000031086305745,10/23/25 1:53 PM,TIP_OUT,-57.00,Front Box Cash Drawer,,,Tips paid out from shift review.,Martina Ovalle ,Martina Ovalle 
2919 Blanco Rd,800000031086341951,10/23/25 1:54 PM,TIP_OUT,-6.00,Front Box Cash Drawer,,,Tips paid out from shift review.,AM CASHIER,AM CASHIER
2919 Blanco Rd,800000031086343979,10/23/25 1:54 PM,CLOSE_OUT_EXACT,0.00,Front Box Cash Drawer,,,Close out balance matches expected balance,AM CASHIER,
2919 Blanco Rd,800000031086412971,10/23/25 1:56 PM,CASH_PAYMENT,6.21,Front Box Cash Drawer (2),,,Cash payment,Martina Ovalle ,
2919 Blanco Rd,800000031086537850,10/23/25 2:00 PM,CASH_PAYMENT,10.81,Front Box Cash Drawer (2),,,Cash payment,Martina Ovalle ,
2919 Blanco Rd,800000031086700381,10/23/25 2:05 PM,CASH_PAYMENT,5.40,Front Box Cash Drawer (2),,,Cash payment,Martina Ovalle ,
2919 Blanco Rd,800000031086707932,10/23/25 2:05 PM,CASH_PAYMENT,4.63,Front Box Cash Drawer (2),,,Cash payment,Martina Ovalle ,
2919 Blanco Rd,800000031086877303,10/23/25 2:10 PM,CASH_PAYMENT,3.73,Front Box Cash Drawer (2),,,Cash payment,Martina Ovalle ,
2919 Blanco Rd,800000031087096558,10/23/25 2:16 PM,CASH_PAYMENT,21.60,Front Box Cash Drawer (2),,,Cash payment,Martina Ovalle ,
2919 Blanco Rd,800000031087214296,10/23/25 2:20 PM,CASH_PAYMENT,5.13,Front Box Cash Drawer (2),,,Cash payment,Martina Ovalle ,
2919 Blanco Rd,800000031087757111,10/23/25 2:36 PM,CASH_PAYMENT,8.81,Front Box Cash Drawer (2),,,Cash payment,Martina Ovalle ,
2919 Blanco Rd,800000031087854145,10/23/25 2:39 PM,CASH_PAYMENT,12.72,Front Box Cash Drawer (2),,,Cash payment,Martina Ovalle ,
2919 Blanco Rd,800000031088450553,10/23/25 2:58 PM,CASH_PAYMENT,11.90,Front Box Cash Drawer (2),,,Cash payment,Martina Ovalle ,
2919 Blanco Rd,800000031088721891,10/23/25 3:07 PM,CASH_PAYMENT,11.19,Front Box Cash Drawer (2),,,Cash payment,Martina Ovalle ,
2919 Blanco Rd,800000031088850060,10/23/25 3:11 PM,CASH_PAYMENT,21.06,Front Box Cash Drawer (2),,,Cash payment,Martina Ovalle ,
2919 Blanco Rd,800000031089139138,10/23/25 3:20 PM,CASH_PAYMENT,10.59,Front Box Cash Drawer (2),,,Cash payment,Martina Ovalle ,
2919 Blanco Rd,800000031090378299,10/23/25 3:56 PM,CASH_PAYMENT,17.97,Front Box Cash Drawer (2),,,Cash payment,Martina Ovalle ,
2919 Blanco Rd,800000031090695965,10/23/25 4:05 PM,CASH_PAYMENT,7.57,Front Box Cash Drawer (2),,,Cash payment,Martina Ovalle ,
2919 Blanco Rd,800000031090775601,10/23/25 4:07 PM,TIP_OUT,-21.00,Front Box Cash Drawer (2),,,Tips paid out from shift review.,Maria  Salazar,Maria  Salazar
2919 Blanco Rd,800000031091373594,10/23/25 4:21 PM,CASH_PAYMENT,2.15,Drive Thru Cash Drawer (2),,,Cash payment,Cin Cin,
2919 Blanco Rd,800000031092323471,10/23/25 4:42 PM,CASH_PAYMENT,38.82,Front Box Cash Drawer (2),,,Cash payment,Martina Ovalle ,
2919 Blanco Rd,800000031092559344,10/23/25 4:46 PM,CASH_PAYMENT,22.01,Front Box Cash Drawer (2),,,Cash payment,Martina Ovalle ,
2919 Blanco Rd,800000031093056640,10/23/25 4:56 PM,CASH_PAYMENT,4.29,Drive Thru Cash Drawer (2),,,Cash payment,Cin Cin,
2919 Blanco Rd,800000031093709982,10/23/25 5:08 PM,CASH_PAYMENT,37.09,Front Box Cash Drawer (2),,,Cash payment,Martina Ovalle ,
2919 Blanco Rd,800000031094237629,10/23/25 5:17 PM,CASH_PAYMENT,3.73,Front Box Cash Drawer (2),,,Cash payment,Martina Ovalle ,
2919 Blanco Rd,800000031094276474,10/23/25 5:17 PM,VOID_CASH_PAYMENT,-3.73,Front Box Cash Drawer (2),,,Cash payment,Martina Ovalle ,
2919 Blanco Rd,800000031095273659,10/23/25 5:34 PM,CASH_PAYMENT,16.24,Front Box Cash Drawer (2),,,Cash payment,Martina Ovalle ,
2919 Blanco Rd,800000031097502105,10/23/25 6:08 PM,CASH_PAYMENT,20.00,Drive Thru Cash Drawer (2),,,Cash payment,Cin Cin,
2919 Blanco Rd,800000031097597231,10/23/25 6:09 PM,CASH_PAYMENT,10.81,Front Box Cash Drawer (2),,,Cash payment,Martina Ovalle ,
2919 Blanco Rd,800000031097680109,10/23/25 6:10 PM,VOID_CASH_PAYMENT,-20.00,Drive Thru Cash Drawer (2),,,Cash payment,Cin Cin,
2919 Blanco Rd,800000031097694984,10/23/25 6:11 PM,CASH_PAYMENT,22.98,Drive Thru Cash Drawer (2),,,Cash payment,Cin Cin,
2919 Blanco Rd,800000031097865633,10/23/25 6:13 PM,CASH_PAYMENT,32.58,Front Box Cash Drawer (2),,,Cash payment,Martina Ovalle ,
2919 Blanco Rd,800000031100017905,10/23/25 6:47 PM,CASH_PAYMENT,21.63,Drive Thru Cash Drawer (2),,,Cash payment,Cin Cin,
2919 Blanco Rd,800000031100078982,10/23/25 6:48 PM,CASH_PAYMENT,21.62,Drive Thru Cash Drawer (2),,,Cash payment,Cin Cin,
2919 Blanco Rd,800000031100405531,10/23/25 6:53 PM,CASH_PAYMENT,14.06,Drive Thru Cash Drawer (2),,,Cash payment,Cin Cin,
2919 Blanco Rd,800000031101129897,10/23/25 7:05 PM,CASH_PAYMENT,15.13,Drive Thru Cash Drawer (2),,,Cash payment,Cin Cin,
2919 Blanco Rd,800000031102765790,10/23/25 7:34 PM,CASH_PAYMENT,5.62,Drive Thru Cash Drawer (2),,,Cash payment,Cin Cin,
2919 Blanco Rd,800000031104556932,10/23/25 8:10 PM,CASH_PAYMENT,12.98,Front Box Cash Drawer (2),,,Cash payment,Martina Ovalle ,
2919 Blanco Rd,800000031106425093,10/23/25 8:59 PM,TIP_OUT,-49.00,Front Box Cash Drawer (2),,,Tips paid out from shift review.,Martina Ovalle ,Martina Ovalle 
2919 Blanco Rd,800000031106450430,10/23/25 9:00 PM,CLOSE_OUT_EXACT,0.00,Front Box Cash Drawer (2),,,Close out balance matches expected balance,Martina Ovalle ,
2919 Blanco Rd,800000031106671176,10/23/25 9:07 PM,TIP_OUT,-16.00,Drive Thru Cash Drawer (2),,,Tips paid out from shift review.,Cin Cin,Cin Cin
2919 Blanco Rd,800000031106672589,10/23/25 9:07 PM,CLOSE_OUT_EXACT,0.00,Drive Thru Cash Drawer (2),,,Close out balance matches expected balance,Cin Cin,
