Employee,Job Title,Regular Hours,Overtime Hours,Hourly Rate,Regular Pay,Overtime Pay,Total Pay,Net Sales,Declared Tips,Non-Cash Tips,Total Tips,Tips Withheld,Total Gratuity,Employee ID,Job Code,Location,Location Code
"CASHIER, AM",General Manager,0.0,8.3,,,,,448.09,,6.00,6.00,0.00,0.00,,,2919 Blanco Rd,
"Cin, Cin",Drive-Thru,5.33,0.0,,,,,297.52,,16.00,16.00,0.00,0.00,,,2919 Blanco Rd,
"Franco , Eduardo ",Cook,7.12,0.0,14.00,99.68,0.00,99.68,0.00,,0.00,0.00,0.00,0.00,,,2919 Blanco Rd,
"Hernandez, Celinda",Cook,9.56,0.0,16.00,152.96,0.00,152.96,0.00,,0.00,0.00,0.00,0.00,,,2919 Blanco Rd,
"Melendez, Ninoska",Tortillero/a,9.9,0.0,13.00,128.70,0.00,128.70,0.00,,0.00,0.00,0.00,0.00,,,2919 Blanco Rd,
"Ovalle , Martina",Server,12.49,1.0,,,,,1423.20,,106.00,106.00,0.00,0.00,,,2919 Blanco Rd,
"Pena , Vilma",Cook,8.11,0.0,14.00,113.54,0.00,113.54,0.00,,0.00,0.00,0.00,0.00,,,2919 Blanco Rd,
"Salazar, Maria ",Shift Manager / Assistant Manager,9.99,0.53,,,,,77.46,,21.00,21.00,0.00,0.00,,,2919 Blanco Rd,
"Villalobos , Veronica ",Cook,8.36,0.0,14.00,117.04,0.00,117.04,0.00,,0.00,0.00,0.00,0.00,,,2919 Blanco Rd,
"lopez, samantha",Drive-Thru,6.73,0.0,13.00,87.49,0.00,87.49,1615.16,,60.67,60.67,0.00,0.00,,,2919 Blanco Rd,
