,Location,Employee,Job Title,In Date,Shift Closed Date,Out Date,Hours,Cash Tips Decl.,Cash on Hand,Cash in Drawer,Non-Cash Tips,Cash Gratuity,Non-Cash Gratuity,Tips Withheld,Non-Cash Sales,Cash Sales,Total Sales,Cash Collected?,Tips Paid?,Open,Paid,Closed,Tip Share Total
800000031074341840,2919 Blanco Rd,AM CASHIER,General Manager,10/23/25 5:36 AM,10/23/25 1:54 PM,10/23/25 1:54 PM,8.30,,0.00,260.23,6.00,0.00,0.00,0.00,224.74,260.23,484.97,yes,yes,0,0,49,0.00
800000031074342502,2919 Blanco Rd,Maria  Salazar,Shift Manager / Assistant Manager,10/23/25 5:36 AM,10/23/25 4:06 PM,10/23/25 4:07 PM,10.52,,0.00,22.98,21.00,0.00,0.00,0.00,60.87,22.98,83.85,yes,yes,0,0,8,0.00
800000031074903241,2919 Blanco Rd,samantha lopez,Drive-Thru,10/23/25 7:04 AM,10/23/25 1:43 PM,10/23/25 1:48 PM,6.73,,0.00,519.31,60.67,0.00,0.00,0.00,1228.75,519.31,1748.06,yes,yes,0,0,140,0.00
800000031075623672,2919 Blanco Rd,Martina Ovalle ,Server,10/23/25 7:53 AM,10/23/25 1:53 PM,10/23/25 1:53 PM,6.00,,0.00,229.23,57.00,0.00,0.00,0.00,382.76,229.23,611.99,yes,yes,0,0,31,0.00
800000031086310459,2919 Blanco Rd,Martina Ovalle ,Server,10/23/25 1:53 PM,10/23/25 8:59 PM,10/23/25 9:23 PM,7.49,,0.00,325.22,49.00,0.00,0.00,0.00,603.28,325.22,928.50,yes,yes,0,0,51,0.00
800000031090621713,2919 Blanco Rd,Cin Cin,Drive-Thru,10/23/25 4:03 PM,10/23/25 9:07 PM,10/23/25 9:22 PM,5.33,,0.00,107.48,16.00,0.00,0.00,0.00,214.55,107.48,322.03,yes,yes,0,0,22,0.00
