Location,Entry Id,Created Date,Action,Amount,Cash Drawer,Payout Reason,No Sale Reason,Comment,Employee,Employee 2
Tink-a-Tako - Potranco,800000030991295132,10/20/25 6:30 AM,CASH_PAYMENT,4.31,Drive Box,,,Cash payment,Candy  Del angel ,
Tink-a-Tako - Potranco,800000030991339796,10/20/25 6:39 AM,CASH_PAYMENT,5.40,Drive Box,,,Cash payment,Candy  Del angel ,
Tink-a-Tako - Potranco,800000030991394487,10/20/25 6:49 AM,CASH_PAYMENT,14.02,Drive Box,,,Cash payment,Candy  Del angel ,
Tink-a-Tako - Potranco,800000030991415336,10/20/25 6:52 AM,CASH_PAYMENT,7.77,Drive Box,,,Cash payment,Candy  Del angel ,
Tink-a-Tako - Potranco,800000030991422874,10/20/25 6:53 AM,CASH_PAYMENT,4.75,Drive Box,,,Cash payment,Candy  Del angel ,
Tink-a-Tako - Potranco,800000030991426217,10/20/25 6:54 AM,VOID_CASH_PAYMENT,-7.77,Drive Box,,,Cash payment,Candy  Del angel ,
Tink-a-Tako - Potranco,800000030991469470,10/20/25 7:00 AM,CASH_PAYMENT,6.47,Drive Box,,,Cash payment,Candy  Del angel ,
Tink-a-Tako - Potranco,800000030991612079,10/20/25 7:15 AM,CASH_PAYMENT,2.15,Drive Box,,,Cash payment,Candy  Del angel ,
Tink-a-Tako - Potranco,800000030991641818,10/20/25 7:18 AM,CASH_PAYMENT,4.31,Drive Box,,,Cash payment,Candy  Del angel ,
Tink-a-Tako - Potranco,800000030991697675,10/20/25 7:24 AM,CASH_PAYMENT,3.78,Drive Box,,,Cash payment,Candy  Del angel ,
Tink-a-Tako - Potranco,800000030991707544,10/20/25 7:26 AM,CASH_PAYMENT,5.23,Drive Box,,,Cash payment,Candy  Del angel ,
Tink-a-Tako - Potranco,800000030991727315,10/20/25 7:27 AM,CASH_PAYMENT,2.15,Drive Box,,,Cash payment,Candy  Del angel ,
Tink-a-Tako - Potranco,800000030991734644,10/20/25 7:28 AM,CASH_PAYMENT,6.79,Drive Box,,,Cash payment,Candy  Del angel ,
Tink-a-Tako - Potranco,800000030999984764,10/20/25 7:41 AM,CASH_PAYMENT,3.88,Drive Box,,,Cash payment,Candy  Del angel ,
Tink-a-Tako - Potranco,800000030999997505,10/20/25 7:54 AM,CASH_PAYMENT,4.57,Drive Box,,,Cash payment,Candy  Del angel ,
Tink-a-Tako - Potranco,800000030999999501,10/20/25 7:57 AM,CASH_PAYMENT,4.63,Drive Box,,,Cash payment,Candy  Del angel ,
Tink-a-Tako - Potranco,800000031000004552,10/20/25 8:15 AM,CASH_PAYMENT,8.43,Drive Box,,,Cash payment,Candy  Del angel ,
Tink-a-Tako - Potranco,800000031000012868,10/20/25 8:35 AM,CASH_PAYMENT,4.30,Drive Box,,,Cash payment,Candy  Del angel ,
Tink-a-Tako - Potranco,800000031000030634,10/20/25 8:44 AM,CASH_PAYMENT,9.94,Drive Box,,,Cash payment,Candy  Del angel ,
Tink-a-Tako - Potranco,800000031000035744,10/20/25 11:32 AM,CASH_PAYMENT,27.57,Front Left,,,Cash payment,Rosie  ORDONEZ,
Tink-a-Tako - Potranco,800000031000038469,10/20/25 8:56 AM,CASH_PAYMENT,3.88,Drive Box,,,Cash payment,Candy  Del angel ,
Tink-a-Tako - Potranco,800000031000043217,10/20/25 9:03 AM,CASH_PAYMENT,22.15,Drive Box,,,Cash payment,Candy  Del angel ,
Tink-a-Tako - Potranco,800000031000046564,10/20/25 9:07 AM,CASH_PAYMENT,10.37,Drive Box,,,Cash payment,Candy  Del angel ,
Tink-a-Tako - Potranco,800000031000047673,10/20/25 9:12 AM,CASH_PAYMENT,9.73,Drive Box,,,Cash payment,Candy  Del angel ,
Tink-a-Tako - Potranco,800000031000055795,10/20/25 9:18 AM,CASH_PAYMENT,7.99,Drive Box,,,Cash payment,Candy  Del angel ,
Tink-a-Tako - Potranco,800000031000057556,10/20/25 12:39 PM,CASH_PAYMENT,4.75,Front Left,,,Cash payment,Ivana Abundiz,
Tink-a-Tako - Potranco,800000031000057592,10/20/25 12:43 PM,CASH_PAYMENT,4.53,Front Left,,,Cash payment,Ivana Abundiz,
Tink-a-Tako - Potranco,800000031000059379,10/20/25 12:45 PM,VOID_CASH_PAYMENT,-4.53,Front Left,,,Cash payment,Ivana Abundiz,
Tink-a-Tako - Potranco,800000031000060604,10/20/25 9:19 AM,CASH_PAYMENT,10.02,Drive Box,,,Cash payment,Candy  Del angel ,
Tink-a-Tako - Potranco,800000031000060779,10/20/25 12:45 PM,CASH_PAYMENT,7.78,Front Left,,,Cash payment,Ivana Abundiz,
Tink-a-Tako - Potranco,800000031000066214,10/20/25 9:24 AM,CASH_PAYMENT,5.39,Drive Box,,,Cash payment,Candy  Del angel ,
Tink-a-Tako - Potranco,800000031000073543,10/20/25 9:40 AM,CASH_PAYMENT,5.39,Drive Box,,,Cash payment,Candy  Del angel ,
Tink-a-Tako - Potranco,800000031000077885,10/20/25 9:51 AM,CASH_PAYMENT,4.30,Drive Box,,,Cash payment,Candy  Del angel ,
Tink-a-Tako - Potranco,800000031000084340,10/20/25 10:06 AM,CASH_PAYMENT,6.90,Drive Box,,,Cash payment,Candy  Del angel ,
Tink-a-Tako - Potranco,800000031000086266,10/20/25 1:53 PM,CASH_PAYMENT,38.93,Front Left,,,Cash payment,Maria Majana,
Tink-a-Tako - Potranco,800000031000093212,10/20/25 10:13 AM,CASH_PAYMENT,19.43,Drive Box,,,Cash payment,Candy  Del angel ,
Tink-a-Tako - Potranco,800000031000105590,10/20/25 10:38 AM,CASH_PAYMENT,20.10,Drive Box,,,Cash payment,Candy  Del angel ,
Tink-a-Tako - Potranco,800000031000114767,10/20/25 10:42 AM,CASH_PAYMENT,21.80,Drive Box,,,Cash payment,Candy  Del angel ,
Tink-a-Tako - Potranco,800000031000116048,10/20/25 10:45 AM,CASH_PAYMENT,15.71,Drive Box,,,Cash payment,Candy  Del angel ,
Tink-a-Tako - Potranco,800000031000130996,10/20/25 11:02 AM,CASH_PAYMENT,4.75,Drive Box,,,Cash payment,Candy  Del angel ,
Tink-a-Tako - Potranco,800000031000136220,10/20/25 11:05 AM,CASH_PAYMENT,2.48,Drive Box,,,Cash payment,Candy  Del angel ,
Tink-a-Tako - Potranco,800000031000142006,10/20/25 11:12 AM,CASH_PAYMENT,5.17,Drive Box,,,Cash payment,Candy  Del angel ,
Tink-a-Tako - Potranco,800000031000146918,10/20/25 11:20 AM,CASH_PAYMENT,10.80,Drive Box,,,Cash payment,Candy  Del angel ,
Tink-a-Tako - Potranco,800000031000147392,10/20/25 11:27 AM,CASH_PAYMENT,14.04,Drive Box,,,Cash payment,Candy  Del angel ,
Tink-a-Tako - Potranco,800000031000152862,10/20/25 11:28 AM,CASH_PAYMENT,16.48,Drive Box,,,Cash payment,Candy  Del angel ,
Tink-a-Tako - Potranco,800000031000154411,10/20/25 11:32 AM,CASH_PAYMENT,7.00,Drive Box,,,Cash payment,Candy  Del angel ,
Tink-a-Tako - Potranco,800000031000155525,10/20/25 11:33 AM,CASH_PAYMENT,8.40,Drive Box,,,Cash payment,Candy  Del angel ,
Tink-a-Tako - Potranco,800000031000172605,10/20/25 11:54 AM,CASH_PAYMENT,14.79,Drive Box,,,Cash payment,Candy  Del angel ,
Tink-a-Tako - Potranco,800000031000175184,10/20/25 12:05 PM,CASH_PAYMENT,15.14,Drive Box,,,Cash payment,Candy  Del angel ,
Tink-a-Tako - Potranco,800000031000177589,10/20/25 12:10 PM,CASH_PAYMENT,9.50,Drive Box,,,Cash payment,Candy  Del angel ,
Tink-a-Tako - Potranco,800000031000183800,10/20/25 12:23 PM,CASH_PAYMENT,6.47,Drive Box,,,Cash payment,Candy  Del angel ,
Tink-a-Tako - Potranco,800000031000184096,10/20/25 12:23 PM,CASH_PAYMENT,12.98,Drive Box,,,Cash payment,Candy  Del angel ,
Tink-a-Tako - Potranco,800000031000187902,10/20/25 12:34 PM,CASH_PAYMENT,10.78,Drive Box,,,Cash payment,Candy  Del angel ,
Tink-a-Tako - Potranco,800000031000190761,10/20/25 12:43 PM,CASH_PAYMENT,7.23,Drive Box,,,Cash payment,Candy  Del angel ,
Tink-a-Tako - Potranco,800000031000193589,10/20/25 1:00 PM,CASH_PAYMENT,7.98,Drive Box,,,Cash payment,Candy  Del angel ,
Tink-a-Tako - Potranco,800000031001281137,10/20/25 8:40 AM,CASH_PAYMENT,3.24,Drive Box,,,Cash payment,Candy  Del angel ,
Tink-a-Tako - Potranco,800000031001282610,10/20/25 7:37 AM,CASH_PAYMENT,3.02,Drive Box,,,Cash payment,Candy  Del angel ,
Tink-a-Tako - Potranco,800000031001283892,10/20/25 7:42 AM,CASH_PAYMENT,3.24,Drive Box,,,Cash payment,Candy  Del angel ,
Tink-a-Tako - Potranco,800000031001284421,10/20/25 8:03 AM,CASH_PAYMENT,9.06,Drive Box,,,Cash payment,Candy  Del angel ,
Tink-a-Tako - Potranco,800000031001575405,10/20/25 5:56 PM,TIP_OUT,-2.00,House,,,Tips paid out from shift review.,Mayra Luna,Rosie  ORDONEZ
Tink-a-Tako - Potranco,800000031003982324,10/20/25 6:12 PM,CLOSE_OUT_EXACT,0.00,Front Left,,,Close out balance matches expected balance,Mayra Luna,
Tink-a-Tako - Potranco,800000031005292855,10/20/25 6:37 PM,CASH_COLLECTED,146.13,House,,,Cash revenue collected from shift review.,Rosa Compean,Rosa Compean
Tink-a-Tako - Potranco,800000031005293507,10/20/25 6:37 PM,TIP_OUT,-36.78,House,,,Tips paid out from shift review.,Rosa Compean,Rosa Compean
Tink-a-Tako - Potranco,800000031006746292,10/20/25 7:14 PM,TIP_OUT,-50.57,House,,,Tips paid out from shift review.,Maria Majana,Maria Majana
Tink-a-Tako - Potranco,800000031006748907,10/20/25 7:14 PM,CASH_COLLECTED,195.89,House,,,Cash revenue collected from shift review.,Maria Majana,Maria Majana
Tink-a-Tako - Potranco,800000031008154598,10/20/25 7:56 PM,TIP_OUT,-44.00,House,,,Tips paid out from shift review.,Candy  Del angel ,Candy  Del angel 
Tink-a-Tako - Potranco,800000031008344935,10/20/25 8:02 PM,PAY_OUT,-123.75,House,Supplies,,DON DELI #9771-20,Mayra Luna,
Tink-a-Tako - Potranco,800000031008381345,10/20/25 8:03 PM,PAY_OUT,-240.00,House,Supplies,,SERGIO -BOOTHS -ROSY,Mayra Luna,
Tink-a-Tako - Potranco,800000031009091306,10/20/25 8:30 PM,TIP_OUT,-13.00,House,,,Tips paid out from shift review.,Mayra Luna,Ivana Abundiz
Tink-a-Tako - Potranco,800000031009745662,10/20/25 8:59 PM,TIP_OUT,-19.49,House,,,Tips paid out from shift review.,Nadia  Reyes,Nadia  Reyes
Tink-a-Tako - Potranco,800000031009745767,10/20/25 8:59 PM,CASH_COLLECTED,214.90,House,,,Cash revenue collected from shift review.,Nadia  Reyes,Nadia  Reyes
Tink-a-Tako - Potranco,800000031009907893,10/20/25 9:08 PM,TIP_OUT,-36.07,House,,,Tips paid out from shift review.,Daniela Torres,Daniela Torres
Tink-a-Tako - Potranco,800000031009910006,10/20/25 9:08 PM,CASH_COLLECTED,124.04,House,,,Cash revenue collected from shift review.,Daniela Torres,Daniela Torres
Tink-a-Tako - Potranco,800000031009923331,10/20/25 9:09 PM,CLOSE_OUT_EXACT,0.00,Drive Box,,,Close out balance matches expected balance,Mayra Luna,
Tink-a-Tako - Potranco,800000031010037573,10/20/25 9:15 PM,TIP_OUT,-90.16,House,,,Tips paid out from shift review.,Sergio Abundiz,Sergio Abundiz
Tink-a-Tako - Potranco,800000031010038412,10/20/25 9:15 PM,CASH_COLLECTED,131.46,House,,,Cash revenue collected from shift review.,Sergio Abundiz,Sergio Abundiz
Tink-a-Tako - Potranco,800000031010415848,10/20/25 9:40 PM,CASH_COLLECTED,33.27,House,,,Cash revenue collected from shift review.,Mayra Luna,Mayra Luna
Tink-a-Tako - Potranco,800000031010416270,10/20/25 9:40 PM,TIP_OUT,-2.00,House,,,Tips paid out from shift review.,Mayra Luna,Mayra Luna
