Location,Order #,Opened Date,Server,Table,Discount Name,Discount Reason,Comment,Discount Amount
Tink-a-Tako - Potranco,19002,10/20/25 8:12 AM,Maria Majana,31,Open % Item,,,4.99
Tink-a-Tako - Potranco,15023,10/20/25 12:25 PM,Maria Majana,38,Open % Item,,,1.76
Tink-a-Tako - Potranco,15023,10/20/25 12:25 PM,Maria Majana,38,Open % Item,,,1.76
Tink-a-Tako - Potranco,15016,10/20/25 11:32 AM,Rosa Compean,33,Open % Item,,,2.40
Tink-a-Tako - Potranco,15016,10/20/25 11:32 AM,Rosa Compean,33,Open % Item,,,1.80
Tink-a-Tako - Potranco,15008,10/20/25 10:50 AM,Rosa Compean,7,Open % Item,,,1.40
Tink-a-Tako - Potranco,14071,10/20/25 4:34 PM,Daniela Torres,,Open $ Item,,,4.00
Tink-a-Tako - Potranco,14042,10/20/25 12:37 PM,Silvia Hernandez,39,Open $ Check,,,14.36
Tink-a-Tako - Potranco,14039,10/20/25 11:59 AM,Ivana Abundiz,,Military Discount,,,0.90
Tink-a-Tako - Potranco,14036,10/20/25 11:47 AM,Ivana Abundiz,,Manager Comp - Check,,,13.97
Tink-a-Tako - Potranco,14007,10/20/25 9:34 AM,Ivana Abundiz,,Open $ Check,,,3.12
Tink-a-Tako - Potranco,11005,10/20/25 9:27 AM,Rosa Compean,12,Open % Item,,,0.40
Tink-a-Tako - Potranco,11005,10/20/25 9:27 AM,Rosa Compean,12,Open % Item,,,0.40
Tink-a-Tako - Potranco,11005,10/20/25 9:27 AM,Rosa Compean,12,Open % Item,,,0.70
Tink-a-Tako - Potranco,11005,10/20/25 9:27 AM,Rosa Compean,12,Open % Item,,,0.00
Tink-a-Tako - Potranco,11005,10/20/25 9:27 AM,Rosa Compean,12,Open % Item,,,0.43
Tink-a-Tako - Potranco,11005,10/20/25 9:27 AM,Rosa Compean,12,Open % Item,,,0.80
Tink-a-Tako - Potranco,11005,10/20/25 9:27 AM,Rosa Compean,12,Open % Item,,,2.40
Tink-a-Tako - Potranco,11005,10/20/25 9:27 AM,Rosa Compean,12,Open % Item,,,0.00
Tink-a-Tako - Potranco,11005,10/20/25 9:27 AM,Rosa Compean,12,Open % Item,,,0.40
Tink-a-Tako - Potranco,87,10/20/25 8:45 PM,Sergio Abundiz,,Employee Discount - Item,Employee Discount,Sergio,1.37
Tink-a-Tako - Potranco,87,10/20/25 8:45 PM,Sergio Abundiz,,Employee Discount - Item,Employee Discount,Sergio,0.54
Tink-a-Tako - Potranco,87,10/20/25 8:45 PM,Sergio Abundiz,,Employee Discount - Item,Employee Discount,Sergio,4.40
Tink-a-Tako - Potranco,49,10/20/25 6:15 PM,Nadia  Reyes,,Employee Discount - Item,Employee Discount,Maria,3.90
