Location,Server,Check #,Table,Station,Expediter Level,Fired Date,Fulfilled Date,Fulfillment Time,Fulfilled By
Tink-a-Tako - Potranco,Candy  Del angel ,1,,Lobby,,10/20/25 6:29 AM,10/20/25 6:32 AM,3 minutes and 18 seconds,Mayra Luna
Tink-a-Tako - Potranco,Rosie  ORDONEZ,2,,Lobby,,10/20/25 6:32 AM,10/20/25 6:34 AM,1 minute and 58 seconds,Mayra Luna
Tink-a-Tako - Potranco,Candy  Del angel ,3,,Lobby,,10/20/25 6:34 AM,10/20/25 6:35 AM,54 seconds,Mayra Luna
Tink-a-Tako - Potranco,Candy  Del angel ,4,,Lobby,,10/20/25 6:38 AM,10/20/25 6:42 AM,4 minutes and 18 seconds,Mayra Luna
Tink-a-Tako - Potranco,Candy  Del angel ,5,,Lobby,,10/20/25 6:44 AM,10/20/25 6:48 AM,4 minutes and 15 seconds,Mayra Luna
Tink-a-Tako - Potranco,Candy  Del angel ,6,,Lobby,,10/20/25 6:46 AM,10/20/25 6:48 AM,2 minutes and 46 seconds,Mayra Luna
Tink-a-Tako - Potranco,Candy  Del angel ,7,,Lobby,,10/20/25 6:50 AM,10/20/25 6:51 AM,59 seconds,Mayra Luna
Tink-a-Tako - Potranco,Candy  Del angel ,9,,Lobby,,10/20/25 6:53 AM,10/20/25 6:56 AM,2 minutes and 39 seconds,Mayra Luna
Tink-a-Tako - Potranco,Rosie  ORDONEZ,2,,,2,10/20/25 6:34 AM,10/20/25 6:56 AM,21 minutes and 48 seconds,Mayra Luna
Tink-a-Tako - Potranco,Maria Majana,8,35,Lobby,,10/20/25 6:52 AM,10/20/25 6:59 AM,7 minutes and 41 seconds,Mayra Luna
Tink-a-Tako - Potranco,Candy  Del angel ,10,,Lobby,,10/20/25 6:59 AM,10/20/25 7:02 AM,2 minutes and 14 seconds,Mayra Luna
Tink-a-Tako - Potranco,Candy  Del angel ,11,,Lobby,,10/20/25 7:01 AM,10/20/25 7:02 AM,1 minute and 8 seconds,Mayra Luna
Tink-a-Tako - Potranco,Maria Majana,13,,Lobby,,10/20/25 7:02 AM,10/20/25 7:03 AM,57 seconds,Mayra Luna
Tink-a-Tako - Potranco,Candy  Del angel ,16,,Lobby,,10/20/25 7:15 AM,10/20/25 7:15 AM,18 seconds,Mayra Luna
Tink-a-Tako - Potranco,Candy  Del angel ,14,,Lobby,,10/20/25 7:14 AM,10/20/25 7:17 AM,2 minutes and 44 seconds,Mayra Luna
Tink-a-Tako - Potranco,Candy  Del angel ,17,,Lobby,,10/20/25 7:16 AM,10/20/25 7:18 AM,1 minute and 21 seconds,Mayra Luna
Tink-a-Tako - Potranco,Candy  Del angel ,15,,Lobby,,10/20/25 7:15 AM,10/20/25 7:18 AM,3 minutes and 13 seconds,Mayra Luna
Tink-a-Tako - Potranco,Candy  Del angel ,18,,Lobby,,10/20/25 7:19 AM,10/20/25 7:20 AM,41 seconds,Mayra Luna
Tink-a-Tako - Potranco,Candy  Del angel ,19,,Lobby,,10/20/25 7:21 AM,10/20/25 7:23 AM,1 minute and 33 seconds,Mayra Luna
Tink-a-Tako - Potranco,Candy  Del angel ,17,,Lobby,,10/20/25 7:22 AM,10/20/25 7:23 AM,1 minute and 4 seconds,Mayra Luna
Tink-a-Tako - Potranco,Candy  Del angel ,20,,Lobby,,10/20/25 7:24 AM,10/20/25 7:25 AM,1 minute and 14 seconds,Mayra Luna
Tink-a-Tako - Potranco,Candy  Del angel ,21,,Lobby,,10/20/25 7:25 AM,10/20/25 7:27 AM,2 minutes and 5 seconds,Mayra Luna
Tink-a-Tako - Potranco,Candy  Del angel ,22,,Lobby,,10/20/25 7:27 AM,10/20/25 7:29 AM,1 minute and 53 seconds,Mayra Luna
Tink-a-Tako - Potranco,Candy  Del angel ,23,,Lobby,,10/20/25 7:28 AM,10/20/25 7:30 AM,2 minutes and 43 seconds,Mayra Luna
Tink-a-Tako - Potranco,Candy  Del angel ,25,,Lobby,,10/20/25 7:31 AM,10/20/25 7:32 AM,55 seconds,Mayra Luna
Tink-a-Tako - Potranco,Candy  Del angel ,26,,Lobby,,10/20/25 7:32 AM,10/20/25 7:33 AM,1 minute and 25 seconds,Mayra Luna
Tink-a-Tako - Potranco,Maria Majana,8,35,,2,10/20/25 6:59 AM,10/20/25 8:04 AM,"1 hour, 4 minutes and 56 seconds",Mayra Luna
Tink-a-Tako - Potranco,Maria Majana,13,,,2,10/20/25 7:03 AM,10/20/25 8:04 AM,"1 hour, 1 minute and 23 seconds",Mayra Luna
Tink-a-Tako - Potranco,Daniela Torres,14075,,Lobby,,10/20/25 5:45 PM,10/20/25 5:50 PM,5 minutes and 1 second,Mayra Luna
Tink-a-Tako - Potranco,Nadia  Reyes,16148,,Lobby,,10/20/25 5:42 PM,10/20/25 5:56 PM,13 minutes and 57 seconds,Mayra Luna
Tink-a-Tako - Potranco,Sergio Abundiz,39,31,Prep,,10/20/25 5:51 PM,10/20/25 5:58 PM,7 minutes and 9 seconds,Mayra Luna
Tink-a-Tako - Potranco,Sergio Abundiz,39,31,Lobby,,10/20/25 5:51 PM,10/20/25 5:58 PM,7 minutes and 9 seconds,Mayra Luna
Tink-a-Tako - Potranco,Sergio Abundiz,39,31,Tortillero,,10/20/25 5:51 PM,10/20/25 5:58 PM,7 minutes and 9 seconds,Mayra Luna
Tink-a-Tako - Potranco,Nadia  Reyes,41,,Lobby,,10/20/25 5:58 PM,10/20/25 5:59 PM,1 minute and 23 seconds,Mayra Luna
Tink-a-Tako - Potranco,Nadia  Reyes,40,,Lobby,,10/20/25 5:52 PM,10/20/25 6:01 PM,9 minutes and 18 seconds,Mayra Luna
Tink-a-Tako - Potranco,Sergio Abundiz,44,38,Prep,,10/20/25 5:59 PM,10/20/25 6:05 PM,6 minutes and 20 seconds,Mayra Luna
Tink-a-Tako - Potranco,Sergio Abundiz,44,38,Lobby,,10/20/25 5:59 PM,10/20/25 6:05 PM,6 minutes and 20 seconds,Mayra Luna
Tink-a-Tako - Potranco,Sergio Abundiz,44,38,Tortillero,,10/20/25 5:59 PM,10/20/25 6:05 PM,6 minutes and 20 seconds,Mayra Luna
Tink-a-Tako - Potranco,Nadia  Reyes,45,,Lobby,,10/20/25 6:02 PM,10/20/25 6:10 PM,7 minutes and 41 seconds,Mayra Luna
Tink-a-Tako - Potranco,Sergio Abundiz,46,,Lobby,,10/20/25 6:11 PM,10/20/25 6:13 PM,2 minutes and 27 seconds,Mayra Luna
Tink-a-Tako - Potranco,Daniela Torres,47,17,Prep,,10/20/25 6:13 PM,10/20/25 6:15 PM,2 minutes and 22 seconds,Mayra Luna
Tink-a-Tako - Potranco,Daniela Torres,47,17,Lobby,,10/20/25 6:13 PM,10/20/25 6:15 PM,2 minutes and 22 seconds,Mayra Luna
Tink-a-Tako - Potranco,Daniela Torres,47,17,Tortillero,,10/20/25 6:13 PM,10/20/25 6:15 PM,2 minutes and 22 seconds,Mayra Luna
Tink-a-Tako - Potranco,Nadia  Reyes,49,,Lobby,,10/20/25 6:15 PM,10/20/25 6:22 PM,6 minutes and 23 seconds,Mayra Luna
Tink-a-Tako - Potranco,Nadia  Reyes,48,,Lobby,,10/20/25 6:14 PM,10/20/25 6:22 PM,7 minutes and 4 seconds,Mayra Luna
Tink-a-Tako - Potranco,Nadia  Reyes,51,,Lobby,,10/20/25 6:18 PM,10/20/25 6:22 PM,4 minutes and 5 seconds,Mayra Luna
Tink-a-Tako - Potranco,Sergio Abundiz,50,8,Lobby,,10/20/25 6:18 PM,10/20/25 6:27 PM,9 minutes and 7 seconds,Mayra Luna
Tink-a-Tako - Potranco,Sergio Abundiz,14070,23,,2,10/20/25 4:17 PM,10/20/25 6:28 PM,"2 hours, 10 minutes and 40 seconds",Mayra Luna
Tink-a-Tako - Potranco,Daniela Torres,14071,,,2,10/20/25 4:35 PM,10/20/25 6:28 PM,"1 hour, 53 minutes and 18 seconds",Mayra Luna
Tink-a-Tako - Potranco,Daniela Torres,14073,,,2,10/20/25 5:28 PM,10/20/25 6:28 PM,1 hour and 16 seconds,Mayra Luna
Tink-a-Tako - Potranco,Daniela Torres,14072,24,,2,10/20/25 5:12 PM,10/20/25 6:28 PM,"1 hour, 15 minutes and 46 seconds",Mayra Luna
Tink-a-Tako - Potranco,Daniela Torres,14075,,,2,10/20/25 5:50 PM,10/20/25 6:28 PM,37 minutes and 46 seconds,Mayra Luna
Tink-a-Tako - Potranco,Daniela Torres,14074,25,,2,10/20/25 5:38 PM,10/20/25 6:28 PM,49 minutes and 51 seconds,Mayra Luna
Tink-a-Tako - Potranco,Nadia  Reyes,53,,Lobby,,10/20/25 6:25 PM,10/20/25 6:28 PM,3 minutes and 13 seconds,Mayra Luna
Tink-a-Tako - Potranco,Sergio Abundiz,39,31,,2,10/20/25 5:58 PM,10/20/25 6:28 PM,30 minutes and 13 seconds,Mayra Luna
Tink-a-Tako - Potranco,Sergio Abundiz,44,38,,2,10/20/25 6:05 PM,10/20/25 6:28 PM,23 minutes and 1 second,Mayra Luna
Tink-a-Tako - Potranco,Sergio Abundiz,39,31,Prep,,10/20/25 5:58 PM,10/20/25 6:28 PM,30 minutes and 4 seconds,Mayra Luna
Tink-a-Tako - Potranco,Sergio Abundiz,39,31,Lobby,,10/20/25 5:58 PM,10/20/25 6:28 PM,30 minutes and 4 seconds,Mayra Luna
Tink-a-Tako - Potranco,Sergio Abundiz,39,31,Tortillero,,10/20/25 5:58 PM,10/20/25 6:28 PM,30 minutes and 4 seconds,Mayra Luna
Tink-a-Tako - Potranco,Sergio Abundiz,39,31,,2,10/20/25 6:28 PM,10/20/25 6:28 PM,3 seconds,Mayra Luna
Tink-a-Tako - Potranco,Sergio Abundiz,46,,,2,10/20/25 6:13 PM,10/20/25 6:28 PM,15 minutes and 18 seconds,Mayra Luna
Tink-a-Tako - Potranco,Daniela Torres,47,17,,2,10/20/25 6:15 PM,10/20/25 6:28 PM,13 minutes and 25 seconds,Mayra Luna
Tink-a-Tako - Potranco,Sergio Abundiz,50,8,,2,10/20/25 6:27 PM,10/20/25 6:28 PM,1 minute and 28 seconds,Mayra Luna
Tink-a-Tako - Potranco,Daniela Torres,55,25,,2,10/20/25 6:24 PM,10/20/25 6:29 PM,4 minutes and 6 seconds,Mayra Luna
Tink-a-Tako - Potranco,Nadia  Reyes,54,,Lobby,,10/20/25 6:24 PM,10/20/25 6:30 PM,5 minutes and 9 seconds,Mayra Luna
Tink-a-Tako - Potranco,Nadia  Reyes,52,,Lobby,,10/20/25 6:23 PM,10/20/25 6:31 PM,7 minutes and 24 seconds,Mayra Luna
Tink-a-Tako - Potranco,Daniela Torres,56,23,Lobby,,10/20/25 6:26 PM,10/20/25 6:37 PM,10 minutes and 17 seconds,Mayra Luna
Tink-a-Tako - Potranco,Daniela Torres,56,23,Prep,,10/20/25 6:26 PM,10/20/25 6:37 PM,10 minutes and 17 seconds,Mayra Luna
Tink-a-Tako - Potranco,Daniela Torres,56,23,Lobby,,10/20/25 6:35 PM,10/20/25 6:37 PM,1 minute and 8 seconds,Mayra Luna
Tink-a-Tako - Potranco,Daniela Torres,56,23,Tortillero,,10/20/25 6:26 PM,10/20/25 6:37 PM,10 minutes and 17 seconds,Mayra Luna
Tink-a-Tako - Potranco,Sergio Abundiz,58,18,Lobby,,10/20/25 6:37 PM,10/20/25 6:46 PM,9 minutes and 16 seconds,Mayra Luna
Tink-a-Tako - Potranco,Daniela Torres,59,22,Prep,,10/20/25 6:52 PM,10/20/25 6:57 PM,5 minutes and 14 seconds,Mayra Luna
Tink-a-Tako - Potranco,Daniela Torres,59,22,Lobby,,10/20/25 6:52 PM,10/20/25 6:57 PM,5 minutes and 14 seconds,Mayra Luna
Tink-a-Tako - Potranco,Daniela Torres,59,22,Tortillero,,10/20/25 6:52 PM,10/20/25 6:57 PM,5 minutes and 14 seconds,Mayra Luna
Tink-a-Tako - Potranco,Nadia  Reyes,61,,Lobby,,10/20/25 6:58 PM,10/20/25 7:00 PM,2 minutes and 43 seconds,Mayra Luna
Tink-a-Tako - Potranco,Nadia  Reyes,60,,Lobby,,10/20/25 6:55 PM,10/20/25 7:01 PM,5 minutes and 58 seconds,Mayra Luna
Tink-a-Tako - Potranco,Nadia  Reyes,60,,Prep,,10/20/25 6:55 PM,10/20/25 7:01 PM,5 minutes and 58 seconds,Mayra Luna
Tink-a-Tako - Potranco,Nadia  Reyes,60,,Lobby,,10/20/25 6:58 PM,10/20/25 7:03 PM,5 minutes and 28 seconds,Mayra Luna
Tink-a-Tako - Potranco,Nadia  Reyes,62,,Lobby,,10/20/25 7:00 PM,10/20/25 7:03 PM,3 minutes and 12 seconds,Mayra Luna
Tink-a-Tako - Potranco,Sergio Abundiz,63,35,Lobby,,10/20/25 7:03 PM,10/20/25 7:07 PM,3 minutes and 45 seconds,Mayra Luna
Tink-a-Tako - Potranco,Sergio Abundiz,63,35,Prep,,10/20/25 7:03 PM,10/20/25 7:07 PM,3 minutes and 45 seconds,Mayra Luna
Tink-a-Tako - Potranco,Nadia  Reyes,64,,Lobby,,10/20/25 7:08 PM,10/20/25 7:09 PM,1 minute and 20 seconds,Mayra Luna
Tink-a-Tako - Potranco,Nadia  Reyes,62,,Lobby,,10/20/25 7:08 PM,10/20/25 7:15 PM,6 minutes and 30 seconds,Mayra Luna
Tink-a-Tako - Potranco,Nadia  Reyes,67,,Lobby,,10/20/25 7:12 PM,10/20/25 7:20 PM,8 minutes and 22 seconds,Mayra Luna
Tink-a-Tako - Potranco,Nadia  Reyes,67,,Prep,,10/20/25 7:12 PM,10/20/25 7:20 PM,8 minutes and 22 seconds,Mayra Luna
Tink-a-Tako - Potranco,Daniela Torres,66,17,Prep,,10/20/25 7:09 PM,10/20/25 7:21 PM,11 minutes and 29 seconds,Mayra Luna
Tink-a-Tako - Potranco,Daniela Torres,66,17,Lobby,,10/20/25 7:09 PM,10/20/25 7:21 PM,11 minutes and 29 seconds,Mayra Luna
Tink-a-Tako - Potranco,Daniela Torres,66,17,Tortillero,,10/20/25 7:09 PM,10/20/25 7:21 PM,11 minutes and 29 seconds,Mayra Luna
Tink-a-Tako - Potranco,Daniela Torres,66,17,Lobby,,10/20/25 7:23 PM,10/20/25 7:26 PM,2 minutes and 18 seconds,Mayra Luna
Tink-a-Tako - Potranco,Sergio Abundiz,69,25,Lobby,,10/20/25 7:14 PM,10/20/25 7:26 PM,12 minutes and 44 seconds,Mayra Luna
Tink-a-Tako - Potranco,Sergio Abundiz,69,25,,2,10/20/25 7:26 PM,10/20/25 7:28 PM,1 minute and 32 seconds,Mayra Luna
Tink-a-Tako - Potranco,Daniela Torres,66,17,,2,10/20/25 7:21 PM,10/20/25 7:28 PM,7 minutes and 22 seconds,Mayra Luna
Tink-a-Tako - Potranco,Daniela Torres,59,22,,2,10/20/25 6:57 PM,10/20/25 7:28 PM,31 minutes and 10 seconds,Mayra Luna
Tink-a-Tako - Potranco,Daniela Torres,56,23,,2,10/20/25 6:37 PM,10/20/25 7:28 PM,51 minutes and 32 seconds,Mayra Luna
Tink-a-Tako - Potranco,Daniela Torres,56,23,,2,10/20/25 6:37 PM,10/20/25 7:28 PM,51 minutes and 31 seconds,Mayra Luna
Tink-a-Tako - Potranco,Sergio Abundiz,63,35,,2,10/20/25 7:07 PM,10/20/25 7:28 PM,21 minutes and 21 seconds,Mayra Luna
Tink-a-Tako - Potranco,Sergio Abundiz,58,18,,2,10/20/25 6:46 PM,10/20/25 7:28 PM,41 minutes and 47 seconds,Mayra Luna
Tink-a-Tako - Potranco,Daniela Torres,66,17,,2,10/20/25 7:26 PM,10/20/25 7:28 PM,2 minutes and 27 seconds,Mayra Luna
Tink-a-Tako - Potranco,Nadia  Reyes,54,,,2,10/20/25 6:30 PM,10/20/25 7:28 PM,58 minutes and 23 seconds,Mayra Luna
Tink-a-Tako - Potranco,Nadia  Reyes,73,,Lobby,,10/20/25 7:25 PM,10/20/25 7:29 PM,4 minutes and 9 seconds,Mayra Luna
Tink-a-Tako - Potranco,Daniela Torres,72,32,Lobby,,10/20/25 7:19 PM,10/20/25 7:29 PM,9 minutes and 58 seconds,Mayra Luna
Tink-a-Tako - Potranco,Sergio Abundiz,70,42,Lobby,,10/20/25 7:18 PM,10/20/25 7:29 PM,11 minutes and 7 seconds,Mayra Luna
Tink-a-Tako - Potranco,Sergio Abundiz,70,42,Tortillero,,10/20/25 7:18 PM,10/20/25 7:29 PM,11 minutes and 7 seconds,Mayra Luna
Tink-a-Tako - Potranco,Sergio Abundiz,69,25,Lobby,,10/20/25 7:25 PM,10/20/25 7:29 PM,4 minutes and 46 seconds,Mayra Luna
Tink-a-Tako - Potranco,Daniela Torres,71,4,Prep,,10/20/25 7:24 PM,10/20/25 7:30 PM,5 minutes and 58 seconds,Mayra Luna
Tink-a-Tako - Potranco,Daniela Torres,71,4,Lobby,,10/20/25 7:24 PM,10/20/25 7:30 PM,5 minutes and 58 seconds,Mayra Luna
Tink-a-Tako - Potranco,Daniela Torres,71,4,Tortillero,,10/20/25 7:24 PM,10/20/25 7:30 PM,5 minutes and 58 seconds,Mayra Luna
Tink-a-Tako - Potranco,Daniela Torres,72,32,,2,10/20/25 7:29 PM,10/20/25 7:32 PM,2 minutes and 22 seconds,Mayra Luna
Tink-a-Tako - Potranco,Sergio Abundiz,69,25,Lobby,,10/20/25 7:28 PM,10/20/25 7:32 PM,4 minutes and 43 seconds,Mayra Luna
Tink-a-Tako - Potranco,Nadia  Reyes,74,,Lobby,,10/20/25 7:28 PM,10/20/25 7:33 PM,4 minutes and 6 seconds,Mayra Luna
Tink-a-Tako - Potranco,Nadia  Reyes,75,,Lobby,,10/20/25 7:30 PM,10/20/25 7:33 PM,3 minutes and 4 seconds,Mayra Luna
Tink-a-Tako - Potranco,Sergio Abundiz,70,42,,2,10/20/25 7:29 PM,10/20/25 7:41 PM,11 minutes and 48 seconds,Mayra Luna
Tink-a-Tako - Potranco,Sergio Abundiz,69,25,,2,10/20/25 7:29 PM,10/20/25 7:41 PM,11 minutes and 46 seconds,Mayra Luna
Tink-a-Tako - Potranco,Daniela Torres,71,4,,2,10/20/25 7:30 PM,10/20/25 7:41 PM,10 minutes and 56 seconds,Mayra Luna
Tink-a-Tako - Potranco,Sergio Abundiz,69,25,,2,10/20/25 7:32 PM,10/20/25 7:41 PM,8 minutes and 52 seconds,Mayra Luna
Tink-a-Tako - Potranco,Daniela Torres,72,32,Lobby,,10/20/25 7:39 PM,10/20/25 7:44 PM,4 minutes and 44 seconds,Mayra Luna
Tink-a-Tako - Potranco,Nadia  Reyes,77,,Lobby,,10/20/25 7:38 PM,10/20/25 7:44 PM,6 minutes and 31 seconds,Mayra Luna
Tink-a-Tako - Potranco,Nadia  Reyes,77,,Prep,,10/20/25 7:38 PM,10/20/25 7:44 PM,6 minutes and 31 seconds,Mayra Luna
Tink-a-Tako - Potranco,Sergio Abundiz,76,11,Prep,,10/20/25 7:37 PM,10/20/25 7:44 PM,7 minutes and 11 seconds,Mayra Luna
Tink-a-Tako - Potranco,Sergio Abundiz,76,11,Lobby,,10/20/25 7:37 PM,10/20/25 7:44 PM,7 minutes and 11 seconds,Mayra Luna
Tink-a-Tako - Potranco,Sergio Abundiz,76,11,Tortillero,,10/20/25 7:37 PM,10/20/25 7:44 PM,7 minutes and 11 seconds,Mayra Luna
Tink-a-Tako - Potranco,Daniela Torres,78,21,Lobby,,10/20/25 7:41 PM,10/20/25 7:52 PM,11 minutes and 15 seconds,Mayra Luna
Tink-a-Tako - Potranco,Nadia  Reyes,80,,Lobby,,10/20/25 7:47 PM,10/20/25 7:52 PM,5 minutes and 25 seconds,Mayra Luna
Tink-a-Tako - Potranco,Daniela Torres,71,4,Lobby,,10/20/25 7:52 PM,10/20/25 7:58 PM,6 minutes,Mayra Luna
Tink-a-Tako - Potranco,Daniela Torres,82,19,Prep,,10/20/25 7:56 PM,10/20/25 8:07 PM,10 minutes and 23 seconds,Mayra Luna
Tink-a-Tako - Potranco,Daniela Torres,82,19,Lobby,,10/20/25 7:56 PM,10/20/25 8:07 PM,10 minutes and 23 seconds,Mayra Luna
Tink-a-Tako - Potranco,Daniela Torres,82,19,Tortillero,,10/20/25 7:56 PM,10/20/25 8:07 PM,10 minutes and 23 seconds,Mayra Luna
Tink-a-Tako - Potranco,Daniela Torres,83,32,Prep,,10/20/25 8:07 PM,10/20/25 8:12 PM,4 minutes and 47 seconds,Mayra Luna
Tink-a-Tako - Potranco,Daniela Torres,83,32,Lobby,,10/20/25 8:07 PM,10/20/25 8:12 PM,4 minutes and 47 seconds,Mayra Luna
Tink-a-Tako - Potranco,Daniela Torres,83,32,Tortillero,,10/20/25 8:07 PM,10/20/25 8:12 PM,4 minutes and 47 seconds,Mayra Luna
Tink-a-Tako - Potranco,Nadia  Reyes,81,,Lobby,,10/20/25 8:15 PM,10/20/25 8:26 PM,11 minutes and 2 seconds,Mayra Luna
Tink-a-Tako - Potranco,Nadia  Reyes,86,,Lobby,,10/20/25 8:40 PM,10/20/25 8:46 PM,6 minutes and 56 seconds,Mayra Luna
Tink-a-Tako - Potranco,Sergio Abundiz,87,,Lobby,,10/20/25 8:46 PM,10/20/25 8:56 PM,10 minutes and 23 seconds,Mayra Luna
Tink-a-Tako - Potranco,Sergio Abundiz,76,11,,2,10/20/25 7:44 PM,10/20/25 9:27 PM,"1 hour, 42 minutes and 51 seconds",Mayra Luna
Tink-a-Tako - Potranco,Daniela Torres,83,32,,2,10/20/25 8:12 PM,10/20/25 9:27 PM,"1 hour, 15 minutes and 15 seconds",Mayra Luna
Tink-a-Tako - Potranco,Daniela Torres,82,19,,2,10/20/25 8:07 PM,10/20/25 9:27 PM,"1 hour, 20 minutes and 24 seconds",Mayra Luna
Tink-a-Tako - Potranco,Daniela Torres,71,4,,2,10/20/25 7:58 PM,10/20/25 9:27 PM,"1 hour, 29 minutes and 48 seconds",Mayra Luna
Tink-a-Tako - Potranco,Daniela Torres,72,32,,2,10/20/25 7:44 PM,10/20/25 9:27 PM,"1 hour, 43 minutes and 50 seconds",Mayra Luna
Tink-a-Tako - Potranco,Sergio Abundiz,87,,,2,10/20/25 8:56 PM,10/20/25 9:27 PM,31 minutes and 12 seconds,Mayra Luna
Tink-a-Tako - Potranco,Daniela Torres,78,21,,2,10/20/25 7:52 PM,10/20/25 9:27 PM,"1 hour, 35 minutes and 3 seconds",Mayra Luna
