Location,Order #,Opened,# of Guests,Server,Table,Discount Amount,Amount,Tax,Tip,Gratuity
Tink-a-Tako - Potranco,1,10/20/25 6:19 AM,1,Candy  Del angel ,,0.00,3.98,0.33,0.00,0.00
Tink-a-Tako - Potranco,2,10/20/25 6:31 AM,1,Rosie  ORDONEZ,,0.00,12.04,0.99,2.00,0.00
Tink-a-Tako - Potranco,3,10/20/25 6:33 AM,1,Candy  Del angel ,,0.00,5.98,0.49,0.00,0.00
Tink-a-Tako - Potranco,4,10/20/25 6:34 AM,1,Candy  Del angel ,,0.00,4.98,0.42,0.00,0.00
Tink-a-Tako - Potranco,5,10/20/25 6:40 AM,1,Candy  Del angel ,,0.00,8.97,0.74,0.00,0.00
Tink-a-Tako - Potranco,6,10/20/25 6:44 AM,1,Candy  Del angel ,,0.00,12.94,1.08,0.00,0.00
Tink-a-Tako - Potranco,7,10/20/25 6:50 AM,1,Candy  Del angel ,,0.00,10.63,0.87,0.00,0.00
Tink-a-Tako - Potranco,8,10/20/25 6:51 AM,1,Maria Majana,35,0.00,12.95,1.07,4.00,0.00
Tink-a-Tako - Potranco,9,10/20/25 6:52 AM,1,Candy  Del angel ,,0.00,4.39,0.36,0.00,0.00
Tink-a-Tako - Potranco,10,10/20/25 6:54 AM,1,Candy  Del angel ,,0.00,5.98,0.49,0.00,0.00
Tink-a-Tako - Potranco,11,10/20/25 7:00 AM,1,Candy  Del angel ,,0.00,6.17,0.51,0.00,0.00
Tink-a-Tako - Potranco,13,10/20/25 7:01 AM,1,Maria Majana,,0.00,7.43,0.61,0.00,0.00
Tink-a-Tako - Potranco,14,10/20/25 7:14 AM,1,Candy  Del angel ,,0.00,3.98,0.33,0.00,0.00
Tink-a-Tako - Potranco,15,10/20/25 7:14 AM,1,Candy  Del angel ,,0.00,10.43,0.86,0.00,0.00
Tink-a-Tako - Potranco,16,10/20/25 7:15 AM,1,Candy  Del angel ,,0.00,1.99,0.16,0.00,0.00
Tink-a-Tako - Potranco,17,10/20/25 7:15 AM,1,Candy  Del angel ,,0.00,14.85,1.23,0.00,0.00
Tink-a-Tako - Potranco,18,10/20/25 7:19 AM,1,Candy  Del angel ,,0.00,3.49,0.29,0.00,0.00
Tink-a-Tako - Potranco,19,10/20/25 7:19 AM,1,Candy  Del angel ,,0.00,4.83,0.40,0.00,0.00
Tink-a-Tako - Potranco,20,10/20/25 7:22 AM,1,Candy  Del angel ,,0.00,1.99,0.16,0.00,0.00
Tink-a-Tako - Potranco,21,10/20/25 7:25 AM,1,Candy  Del angel ,,0.00,19.83,1.65,0.00,0.00
Tink-a-Tako - Potranco,22,10/20/25 7:26 AM,1,Candy  Del angel ,,0.00,3.98,0.32,1.00,0.00
Tink-a-Tako - Potranco,23,10/20/25 7:28 AM,1,Candy  Del angel ,,0.00,6.97,0.58,1.00,0.00
Tink-a-Tako - Potranco,25,10/20/25 7:29 AM,1,Candy  Del angel ,,0.00,5.44,0.44,0.00,0.00
Tink-a-Tako - Potranco,26,10/20/25 7:32 AM,1,Candy  Del angel ,,0.00,8.37,0.69,0.00,0.00
Tink-a-Tako - Potranco,16001,10/20/25 7:38 AM,1,Candy  Del angel ,,0.00,3.58,0.30,0.00,0.00
Tink-a-Tako - Potranco,16002,10/20/25 7:39 AM,1,Candy  Del angel ,,0.00,2.99,0.25,0.00,0.00
Tink-a-Tako - Potranco,16004,10/20/25 7:41 AM,1,Candy  Del angel ,,0.00,5.57,0.46,0.00,0.00
Tink-a-Tako - Potranco,31,10/20/25 7:43 AM,1,Candy  Del angel ,,0.00,5.48,0.46,1.00,0.00
Tink-a-Tako - Potranco,36,10/20/25 7:55 AM,1,Candy  Del angel ,,0.00,4.28,0.35,0.00,0.00
Tink-a-Tako - Potranco,14013,10/20/25 9:48 AM,1,Ivana Abundiz,,0.00,8.27,0.69,2.00,0.00
Tink-a-Tako - Potranco,14008,10/20/25 9:35 AM,1,Ivana Abundiz,,0.00,6.18,0.51,3.00,0.00
Tink-a-Tako - Potranco,16009,10/20/25 8:06 AM,1,Candy  Del angel ,,0.00,8.97,0.74,0.00,0.00
Tink-a-Tako - Potranco,16011,10/20/25 8:12 AM,1,Candy  Del angel ,,0.00,7.79,0.64,0.00,0.00
Tink-a-Tako - Potranco,14009,10/20/25 9:35 AM,1,Ivana Abundiz,,0.00,4.98,0.41,2.00,0.00
Tink-a-Tako - Potranco,16015,10/20/25 8:21 AM,1,Candy  Del angel ,,0.00,17.56,1.45,0.00,0.00
Tink-a-Tako - Potranco,16014,10/20/25 8:21 AM,1,Candy  Del angel ,,0.00,6.97,0.58,0.00,0.00
Tink-a-Tako - Potranco,16019,10/20/25 8:32 AM,1,Candy  Del angel ,,0.00,2.99,0.25,0.00,0.00
Tink-a-Tako - Potranco,14011,10/20/25 9:38 AM,1,Ivana Abundiz,,0.00,3.99,0.33,0.00,0.00
Tink-a-Tako - Potranco,16018,10/20/25 8:32 AM,1,Candy  Del angel ,,0.00,12.47,1.03,0.00,0.00
Tink-a-Tako - Potranco,14002,10/20/25 8:42 AM,1,Ivana Abundiz,,0.00,9.03,0.74,0.00,0.00
Tink-a-Tako - Potranco,14016,10/20/25 10:01 AM,1,Ivana Abundiz,,0.00,0.00,0.00,0.00,0.00
Tink-a-Tako - Potranco,14019,10/20/25 10:20 AM,1,Ivana Abundiz,,0.00,0.00,0.00,0.00,0.00
Tink-a-Tako - Potranco,14012,10/20/25 9:44 AM,3,Maria Majana,18,0.00,14.32,1.18,3.00,0.00
Tink-a-Tako - Potranco,14006,10/20/25 9:34 AM,2,Silvia Hernandez,33,0.00,23.97,1.98,4.00,0.00
Tink-a-Tako - Potranco,16021,10/20/25 8:39 AM,1,Candy  Del angel ,,0.00,14.15,1.17,0.00,0.00
Tink-a-Tako - Potranco,14001,10/20/25 8:42 AM,2,Silvia Hernandez,9,0.00,18.54,1.54,3.00,0.00
Tink-a-Tako - Potranco,14024,10/20/25 10:53 AM,1,Ivana Abundiz,,0.00,7.08,0.59,0.00,0.00
Tink-a-Tako - Potranco,14015,10/20/25 10:00 AM,2,Maria Majana,38,0.00,25.04,2.06,6.00,0.00
Tink-a-Tako - Potranco,16022,10/20/25 8:40 AM,1,Candy  Del angel ,,0.00,9.18,0.76,0.00,0.00
Tink-a-Tako - Potranco,14020,10/20/25 10:29 AM,1,Ivana Abundiz,,0.00,18.97,1.56,0.00,0.00
Tink-a-Tako - Potranco,16025,10/20/25 8:48 AM,1,Candy  Del angel ,,0.00,22.74,1.87,0.00,0.00
Tink-a-Tako - Potranco,16026,10/20/25 8:49 AM,1,Candy  Del angel ,,0.00,0.00,0.00,0.00,0.00
Tink-a-Tako - Potranco,16028,10/20/25 8:55 AM,1,Candy  Del angel ,,0.00,11.16,0.92,4.00,0.00
Tink-a-Tako - Potranco,14022,10/20/25 10:48 AM,2,Rosie  ORDONEZ,15,0.00,25.46,2.11,0.00,0.00
Tink-a-Tako - Potranco,14030,10/20/25 11:29 AM,1,Ivana Abundiz,,0.00,12.99,1.07,0.00,0.00
Tink-a-Tako - Potranco,16027,10/20/25 8:51 AM,1,Candy  Del angel ,,0.00,3.58,0.30,0.00,0.00
Tink-a-Tako - Potranco,16029,10/20/25 8:58 AM,1,Candy  Del angel ,,0.00,5.57,0.46,2.00,0.00
Tink-a-Tako - Potranco,14037,10/20/25 11:51 AM,1,Ivana Abundiz,,0.00,6.18,0.51,0.00,0.00
Tink-a-Tako - Potranco,14033,10/20/25 11:43 AM,1,Ivana Abundiz,,0.00,40.01,3.31,0.00,0.00
Tink-a-Tako - Potranco,14031,10/20/25 11:32 AM,3,Maria Majana,17,0.00,20.26,1.68,5.00,0.00
Tink-a-Tako - Potranco,16030,10/20/25 8:58 AM,1,Candy  Del angel ,,0.00,17.12,1.41,0.00,0.00
Tink-a-Tako - Potranco,16031,10/20/25 9:01 AM,1,Candy  Del angel ,,0.00,20.47,1.68,0.00,0.00
Tink-a-Tako - Potranco,14035,10/20/25 11:45 AM,2,Maria Majana,22,0.00,24.06,1.97,0.00,0.00
Tink-a-Tako - Potranco,14027,10/20/25 11:17 AM,2,Silvia Hernandez,20,0.00,31.67,2.61,5.00,0.00
Tink-a-Tako - Potranco,16033,10/20/25 9:05 AM,1,Candy  Del angel ,,0.00,8.99,0.74,0.00,0.00
Tink-a-Tako - Potranco,16034,10/20/25 9:05 AM,1,Candy  Del angel ,,0.00,5.57,0.46,0.00,0.00
Tink-a-Tako - Potranco,14026,10/20/25 11:02 AM,1,Silvia Hernandez,37,0.00,13.36,1.11,2.00,0.00
Tink-a-Tako - Potranco,16035,10/20/25 9:07 AM,1,Candy  Del angel ,,0.00,4.08,0.34,1.00,0.00
Tink-a-Tako - Potranco,14029,10/20/25 11:28 AM,2,Silvia Hernandez,25,0.00,28.66,2.36,5.00,0.00
Tink-a-Tako - Potranco,16036,10/20/25 9:08 AM,1,Candy  Del angel ,,0.00,0.00,0.00,0.00,0.00
Tink-a-Tako - Potranco,14044,10/20/25 12:38 PM,1,Ivana Abundiz,,0.00,4.39,0.36,0.00,0.00
Tink-a-Tako - Potranco,16037,10/20/25 9:16 AM,1,Candy  Del angel ,,0.00,7.38,0.61,0.00,0.00
Tink-a-Tako - Potranco,16039,10/20/25 9:18 AM,1,Candy  Del angel ,,0.00,13.44,1.10,2.00,0.00
Tink-a-Tako - Potranco,16038,10/20/25 9:16 AM,1,Candy  Del angel ,,0.00,9.26,0.76,0.00,0.00
Tink-a-Tako - Potranco,14039,10/20/25 11:59 AM,1,Ivana Abundiz,,0.90,8.09,0.67,0.00,0.00
Tink-a-Tako - Potranco,14045,10/20/25 12:43 PM,1,Ivana Abundiz,,0.00,7.18,0.60,0.00,0.00
Tink-a-Tako - Potranco,14041,10/20/25 12:19 PM,3,Silvia Hernandez,25,0.00,43.21,3.56,10.00,0.00
Tink-a-Tako - Potranco,16040,10/20/25 9:19 AM,1,Candy  Del angel ,,0.00,4.98,0.41,0.00,0.00
Tink-a-Tako - Potranco,16041,10/20/25 9:25 AM,1,Candy  Del angel ,,0.00,7.38,0.61,0.00,0.00
Tink-a-Tako - Potranco,14040,10/20/25 12:13 PM,2,Silvia Hernandez,7,0.00,0.00,0.00,0.00,0.00
Tink-a-Tako - Potranco,14032,10/20/25 11:37 AM,2,Silvia Hernandez,8,0.00,44.11,3.62,10.00,0.00
Tink-a-Tako - Potranco,16043,10/20/25 9:28 AM,1,Candy  Del angel ,,0.00,3.98,0.33,0.00,0.00
Tink-a-Tako - Potranco,16042,10/20/25 9:28 AM,1,Candy  Del angel ,,0.00,11.98,0.98,0.00,0.00
Tink-a-Tako - Potranco,14043,10/20/25 12:38 PM,2,Silvia Hernandez,35,0.00,21.22,1.75,4.00,0.00
Tink-a-Tako - Potranco,14036,10/20/25 11:47 AM,1,Ivana Abundiz,,13.97,0.00,0.00,0.00,0.00
Tink-a-Tako - Potranco,16044,10/20/25 9:34 AM,1,Candy  Del angel ,,0.00,4.98,0.41,0.00,0.00
Tink-a-Tako - Potranco,16045,10/20/25 9:42 AM,1,Candy  Del angel ,,0.00,6.78,0.56,0.00,0.00
Tink-a-Tako - Potranco,14042,10/20/25 12:37 PM,3,Silvia Hernandez,39,14.36,23.88,1.97,0.00,0.00
Tink-a-Tako - Potranco,14047,10/20/25 12:52 PM,2,Silvia Hernandez,17,0.00,30.42,2.51,0.00,0.00
Tink-a-Tako - Potranco,16046,10/20/25 9:48 AM,1,Candy  Del angel ,,0.00,3.98,0.32,0.00,0.00
Tink-a-Tako - Potranco,,10/20/25 1:21 PM,1,Ivana Abundiz,,0.00,0.00,0.00,0.00,0.00
Tink-a-Tako - Potranco,16048,10/20/25 9:52 AM,1,Candy  Del angel ,,0.00,0.00,0.00,0.00,0.00
Tink-a-Tako - Potranco,14052,10/20/25 1:38 PM,1,Ivana Abundiz,,0.00,0.00,0.00,0.00,0.00
Tink-a-Tako - Potranco,16047,10/20/25 9:48 AM,1,Candy  Del angel ,,0.00,21.54,1.77,0.00,0.00
Tink-a-Tako - Potranco,14048,10/20/25 1:14 PM,2,Silvia Hernandez,25,0.00,29.16,2.40,0.00,0.00
Tink-a-Tako - Potranco,16050,10/20/25 10:04 AM,1,Candy  Del angel ,,0.00,6.38,0.52,0.00,0.00
Tink-a-Tako - Potranco,16051,10/20/25 10:04 AM,1,Candy  Del angel ,,0.00,24.49,2.02,0.00,0.00
Tink-a-Tako - Potranco,14023,10/20/25 10:51 AM,2,Maria Majana,18,0.00,35.96,2.97,0.00,0.00
Tink-a-Tako - Potranco,16049,10/20/25 9:59 AM,1,Candy  Del angel ,,0.00,10.38,0.86,1.00,0.00
Tink-a-Tako - Potranco,14051,10/20/25 1:28 PM,2,Silvia Hernandez,20,0.00,23.42,1.93,0.00,0.00
Tink-a-Tako - Potranco,16052,10/20/25 10:06 AM,1,Candy  Del angel ,,0.00,15.10,1.24,0.00,0.00
Tink-a-Tako - Potranco,15002,10/20/25 9:54 AM,2,Rosa Compean,7,0.00,14.65,1.21,0.00,0.00
Tink-a-Tako - Potranco,14065,10/20/25 3:04 PM,1,Mayra Luna,,0.00,24.35,2.01,0.00,0.00
Tink-a-Tako - Potranco,14062,10/20/25 2:45 PM,1,Mayra Luna,,0.00,11.96,0.99,2.00,0.00
Tink-a-Tako - Potranco,16053,10/20/25 10:11 AM,1,Candy  Del angel ,,0.00,17.95,1.48,0.00,0.00
Tink-a-Tako - Potranco,15010,10/20/25 10:54 AM,2,Rosa Compean,36,0.00,20.97,1.73,0.00,0.00
Tink-a-Tako - Potranco,15005,10/20/25 10:38 AM,2,Rosa Compean,25,0.00,20.22,1.66,0.00,0.00
Tink-a-Tako - Potranco,14068,10/20/25 3:28 PM,1,Daniela Torres,,0.00,18.41,1.51,0.00,0.00
Tink-a-Tako - Potranco,16054,10/20/25 10:20 AM,1,Candy  Del angel ,,0.00,12.76,1.04,0.00,0.00
Tink-a-Tako - Potranco,15006,10/20/25 10:39 AM,2,Maria Majana,22,0.00,33.88,2.78,5.00,0.00
Tink-a-Tako - Potranco,16055,10/20/25 10:21 AM,1,Candy  Del angel ,,0.00,12.53,1.04,0.00,0.00
Tink-a-Tako - Potranco,15008,10/20/25 10:50 AM,2,Rosa Compean,7,1.40,15.57,1.29,0.00,0.00
Tink-a-Tako - Potranco,14063,10/20/25 2:51 PM,3,Daniela Torres,33,0.00,0.00,0.00,0.00,0.00
Tink-a-Tako - Potranco,16056,10/20/25 10:26 AM,1,Candy  Del angel ,,0.00,17.97,1.48,2.00,0.00
Tink-a-Tako - Potranco,14064,10/20/25 2:56 PM,2,Sergio Abundiz,15,0.00,22.68,1.86,0.00,0.00
Tink-a-Tako - Potranco,15013,10/20/25 11:17 AM,1,Rosa Compean,23,0.00,15.19,1.25,0.00,0.00
Tink-a-Tako - Potranco,16057,10/20/25 10:28 AM,1,Candy  Del angel ,,0.00,11.72,0.96,0.00,0.00
Tink-a-Tako - Potranco,14055,10/20/25 2:00 PM,1,Sergio Abundiz,7,0.00,20.98,1.73,5.00,0.00
Tink-a-Tako - Potranco,15004,10/20/25 10:37 AM,2,Maria Majana,24,0.00,11.75,0.97,3.00,0.00
Tink-a-Tako - Potranco,16058,10/20/25 10:29 AM,1,Candy  Del angel ,,0.00,9.27,0.77,0.00,0.00
Tink-a-Tako - Potranco,14061,10/20/25 2:33 PM,1,Sergio Abundiz,26,0.00,14.02,1.16,5.00,0.00
Tink-a-Tako - Potranco,15009,10/20/25 10:54 AM,1,Maria Majana,9,0.00,9.17,0.76,3.00,0.00
Tink-a-Tako - Potranco,16059,10/20/25 10:30 AM,1,Candy  Del angel ,,0.00,17.54,1.45,0.00,0.00
Tink-a-Tako - Potranco,14058,10/20/25 2:11 PM,2,Sergio Abundiz,25,0.00,31.91,2.63,6.46,0.00
Tink-a-Tako - Potranco,14059,10/20/25 2:12 PM,1,Sergio Abundiz,22,0.00,12.69,1.04,5.00,0.00
Tink-a-Tako - Potranco,15012,10/20/25 11:16 AM,2,Rosa Compean,32,0.00,16.98,1.40,0.00,0.00
Tink-a-Tako - Potranco,16060,10/20/25 10:33 AM,1,Candy  Del angel ,,0.00,18.57,1.53,0.00,0.00
Tink-a-Tako - Potranco,16061,10/20/25 10:34 AM,1,Candy  Del angel ,,0.00,7.82,0.65,0.00,0.00
Tink-a-Tako - Potranco,15011,10/20/25 11:03 AM,1,Maria Majana,8,0.00,12.99,1.07,0.00,0.00
Tink-a-Tako - Potranco,14054,10/20/25 1:59 PM,2,Sergio Abundiz,24,0.00,11.44,0.94,4.00,0.00
Tink-a-Tako - Potranco,15014,10/20/25 11:18 AM,3,Maria Majana,1,0.00,23.91,1.97,0.00,0.00
Tink-a-Tako - Potranco,14057,10/20/25 2:10 PM,2,Sergio Abundiz,23,0.00,22.98,1.90,4.00,0.00
Tink-a-Tako - Potranco,16062,10/20/25 10:39 AM,1,Candy  Del angel ,,0.00,20.14,1.66,0.00,0.00
Tink-a-Tako - Potranco,15019,10/20/25 12:03 PM,1,Rosa Compean,18,0.00,12.27,1.01,0.00,0.00
Tink-a-Tako - Potranco,14069,10/20/25 3:42 PM,2,Daniela Torres,33,0.00,0.00,0.00,0.00,0.00
Tink-a-Tako - Potranco,15020,10/20/25 12:08 PM,2,Maria Majana,32,0.00,35.36,2.90,0.00,0.00
Tink-a-Tako - Potranco,16063,10/20/25 10:41 AM,1,Candy  Del angel ,,0.00,14.52,1.19,0.00,0.00
Tink-a-Tako - Potranco,14067,10/20/25 3:10 PM,3,Sergio Abundiz,18,0.00,41.95,3.47,0.00,0.00
Tink-a-Tako - Potranco,15025,10/20/25 12:32 PM,2,Rosa Compean,22,0.00,25.98,2.14,0.00,0.00
Tink-a-Tako - Potranco,16064,10/20/25 10:41 AM,1,Candy  Del angel ,,0.00,5.44,0.45,1.00,0.00
Tink-a-Tako - Potranco,16065,10/20/25 10:42 AM,1,Candy  Del angel ,,0.00,8.97,0.74,2.00,0.00
Tink-a-Tako - Potranco,14056,10/20/25 2:10 PM,2,Sergio Abundiz,8,0.00,21.96,1.82,0.00,0.00
Tink-a-Tako - Potranco,15026,10/20/25 12:32 PM,2,Maria Majana,4,0.00,28.21,2.33,5.00,0.00
Tink-a-Tako - Potranco,14060,10/20/25 2:32 PM,2,Sergio Abundiz,9,0.00,25.38,2.08,5.00,0.00
Tink-a-Tako - Potranco,15022,10/20/25 12:11 PM,2,Maria Majana,33,0.00,30.68,2.52,0.00,0.00
Tink-a-Tako - Potranco,16066,10/20/25 10:46 AM,1,Candy  Del angel ,,0.00,37.32,3.08,0.00,0.00
Tink-a-Tako - Potranco,14070,10/20/25 3:57 PM,3,Sergio Abundiz,23,0.00,49.89,4.12,5.00,0.00
Tink-a-Tako - Potranco,16067,10/20/25 10:48 AM,1,Candy  Del angel ,,0.00,9.06,0.75,0.00,0.00
Tink-a-Tako - Potranco,15018,10/20/25 11:55 AM,2,Maria Majana,23,0.00,12.44,1.02,0.00,0.00
Tink-a-Tako - Potranco,15023,10/20/25 12:25 PM,1,Maria Majana,38,3.52,17.73,1.46,0.00,0.00
Tink-a-Tako - Potranco,15021,10/20/25 12:10 PM,2,Rosa Compean,17,0.00,16.42,1.35,0.00,0.00
Tink-a-Tako - Potranco,16068,10/20/25 10:50 AM,1,Candy  Del angel ,,0.00,20.14,1.66,0.00,0.00
Tink-a-Tako - Potranco,15024,10/20/25 12:29 PM,2,Maria Majana,9,0.00,34.57,2.85,0.00,0.00
Tink-a-Tako - Potranco,14066,10/20/25 3:07 PM,4,Daniela Torres,4,0.00,51.95,4.28,10.77,0.00
Tink-a-Tako - Potranco,16069,10/20/25 10:51 AM,1,Candy  Del angel ,,0.00,27.43,2.27,3.00,0.00
Tink-a-Tako - Potranco,14071,10/20/25 4:34 PM,1,Daniela Torres,,4.00,29.97,2.47,5.00,0.00
Tink-a-Tako - Potranco,14072,10/20/25 5:10 PM,2,Daniela Torres,24,0.00,0.00,0.00,0.00,0.00
Tink-a-Tako - Potranco,16071,10/20/25 11:00 AM,1,Candy  Del angel ,,0.00,9.58,0.79,0.00,0.00
Tink-a-Tako - Potranco,14074,10/20/25 5:37 PM,2,Daniela Torres,25,0.00,21.88,1.80,6.00,0.00
Tink-a-Tako - Potranco,15027,10/20/25 12:37 PM,2,Maria Majana,19,0.00,31.88,2.62,0.00,0.00
Tink-a-Tako - Potranco,14073,10/20/25 5:27 PM,1,Daniela Torres,,0.00,22.39,1.84,1.00,0.00
Tink-a-Tako - Potranco,15031,10/20/25 12:56 PM,4,Maria Majana,34,0.00,61.74,5.08,6.57,0.00
Tink-a-Tako - Potranco,16073,10/20/25 11:05 AM,1,Candy  Del angel ,,0.00,2.29,0.19,0.00,0.00
Tink-a-Tako - Potranco,15030,10/20/25 12:50 PM,1,Rosa Compean,24,0.00,11.99,0.99,0.00,0.00
Tink-a-Tako - Potranco,16074,10/20/25 11:05 AM,1,Candy  Del angel ,,0.00,5.77,0.48,0.00,0.00
Tink-a-Tako - Potranco,14075,10/20/25 5:45 PM,1,Daniela Torres,,0.00,9.98,0.82,0.00,0.00
Tink-a-Tako - Potranco,15036,10/20/25 1:37 PM,2,Maria Majana,23,0.00,18.51,1.52,5.00,0.00
Tink-a-Tako - Potranco,16079,10/20/25 11:15 AM,1,Candy  Del angel ,,0.00,0.00,0.00,0.00,0.00
Tink-a-Tako - Potranco,16075,10/20/25 11:05 AM,1,Candy  Del angel ,,0.00,4.78,0.39,0.00,0.00
Tink-a-Tako - Potranco,15017,10/20/25 11:51 AM,2,Rosa Compean,37,0.00,26.93,2.22,5.85,0.00
Tink-a-Tako - Potranco,15003,10/20/25 10:22 AM,2,Rosa Compean,32,0.00,19.96,1.66,4.00,0.00
Tink-a-Tako - Potranco,16080,10/20/25 11:20 AM,1,Candy  Del angel ,,0.00,9.98,0.82,0.00,0.00
Tink-a-Tako - Potranco,15016,10/20/25 11:32 AM,2,Rosa Compean,33,4.20,23.47,1.93,0.00,0.00
Tink-a-Tako - Potranco,16077,10/20/25 11:13 AM,1,Candy  Del angel ,,0.00,12.96,1.08,0.00,0.00
Tink-a-Tako - Potranco,16078,10/20/25 11:15 AM,1,Candy  Del angel ,,0.00,15.23,1.25,0.00,0.00
Tink-a-Tako - Potranco,15007,10/20/25 10:43 AM,2,Rosa Compean,33,0.00,8.26,0.68,4.50,0.00
Tink-a-Tako - Potranco,15038,10/20/25 2:09 PM,1,Rosa Compean,,0.00,11.99,0.99,0.00,0.00
Tink-a-Tako - Potranco,15039,10/20/25 2:15 PM,1,Mayra Luna,,0.00,8.99,0.74,0.00,0.00
Tink-a-Tako - Potranco,16081,10/20/25 11:20 AM,1,Candy  Del angel ,,0.00,6.47,0.53,0.00,0.00
Tink-a-Tako - Potranco,15037,10/20/25 1:39 PM,2,Rosa Compean,32,0.00,20.23,1.67,0.00,0.00
Tink-a-Tako - Potranco,16082,10/20/25 11:27 AM,1,Candy  Del angel ,,0.00,7.76,0.64,0.00,0.00
Tink-a-Tako - Potranco,16089,10/20/25 11:37 AM,1,Candy  Del angel ,,0.00,0.00,0.00,0.00,0.00
Tink-a-Tako - Potranco,15028,10/20/25 12:38 PM,2,Rosa Compean,37,0.00,23.98,1.98,0.00,0.00
Tink-a-Tako - Potranco,16086,10/20/25 11:33 AM,1,Candy  Del angel ,,0.00,11.47,0.95,2.00,0.00
Tink-a-Tako - Potranco,16088,10/20/25 11:36 AM,1,Candy  Del angel ,,0.00,13.44,1.10,1.00,0.00
Tink-a-Tako - Potranco,16091,10/20/25 11:40 AM,1,Candy  Del angel ,,0.00,4.78,0.39,0.00,0.00
Tink-a-Tako - Potranco,16092,10/20/25 11:45 AM,1,Candy  Del angel ,,0.00,4.79,0.39,0.00,0.00
Tink-a-Tako - Potranco,16093,10/20/25 11:46 AM,1,Candy  Del angel ,,0.00,9.99,0.82,0.00,0.00
Tink-a-Tako - Potranco,16094,10/20/25 11:48 AM,1,Candy  Del angel ,,0.00,21.98,1.82,0.00,0.00
Tink-a-Tako - Potranco,16096,10/20/25 11:53 AM,1,Candy  Del angel ,,0.00,10.99,0.91,3.00,0.00
Tink-a-Tako - Potranco,16098,10/20/25 11:55 AM,1,Candy  Del angel ,,0.00,13.99,1.15,0.00,0.00
Tink-a-Tako - Potranco,16100,10/20/25 12:04 PM,1,Candy  Del angel ,,0.00,8.78,0.72,0.00,0.00
Tink-a-Tako - Potranco,16102,10/20/25 12:19 PM,1,Candy  Del angel ,,0.00,5.98,0.49,0.00,0.00
Tink-a-Tako - Potranco,16103,10/20/25 12:19 PM,1,Candy  Del angel ,,0.00,11.99,0.99,0.00,0.00
Tink-a-Tako - Potranco,16105,10/20/25 12:25 PM,1,Candy  Del angel ,,0.00,9.96,0.82,0.00,0.00
Tink-a-Tako - Potranco,16108,10/20/25 12:35 PM,1,Candy  Del angel ,,0.00,6.68,0.55,0.00,0.00
Tink-a-Tako - Potranco,16115,10/20/25 12:58 PM,1,Candy  Del angel ,,0.00,7.38,0.60,0.00,0.00
Tink-a-Tako - Potranco,16117,10/20/25 1:08 PM,1,Nadia  Reyes,,0.00,12.76,1.06,0.00,0.00
Tink-a-Tako - Potranco,16118,10/20/25 1:09 PM,1,Nadia  Reyes,,0.00,9.13,0.75,0.00,0.00
Tink-a-Tako - Potranco,16120,10/20/25 1:14 PM,1,Nadia  Reyes,,0.00,2.49,0.21,0.00,0.00
Tink-a-Tako - Potranco,16121,10/20/25 1:24 PM,1,Nadia  Reyes,,0.00,8.78,0.72,0.00,0.00
Tink-a-Tako - Potranco,16122,10/20/25 1:27 PM,1,Nadia  Reyes,,0.00,4.39,0.36,0.00,0.00
Tink-a-Tako - Potranco,16126,10/20/25 1:39 PM,1,Nadia  Reyes,,0.00,12.99,1.07,0.00,0.00
Tink-a-Tako - Potranco,16132,10/20/25 2:54 PM,1,Nadia  Reyes,,0.00,14.46,1.19,0.00,0.00
Tink-a-Tako - Potranco,16135,10/20/25 3:01 PM,1,Nadia  Reyes,,0.00,10.99,0.91,0.00,0.00
Tink-a-Tako - Potranco,16139,10/20/25 3:44 PM,1,Nadia  Reyes,,0.00,12.23,1.00,0.00,0.00
Tink-a-Tako - Potranco,16138,10/20/25 3:40 PM,1,Nadia  Reyes,,0.00,6.99,0.58,2.00,0.00
Tink-a-Tako - Potranco,16140,10/20/25 3:44 PM,1,Nadia  Reyes,,0.00,19.96,1.64,2.00,0.00
Tink-a-Tako - Potranco,16141,10/20/25 3:49 PM,1,Nadia  Reyes,,0.00,6.79,0.56,2.00,0.00
Tink-a-Tako - Potranco,16144,10/20/25 4:46 PM,1,Nadia  Reyes,,0.00,10.18,0.84,0.00,0.00
Tink-a-Tako - Potranco,16145,10/20/25 4:57 PM,1,Nadia  Reyes,,0.00,7.99,0.66,0.00,0.00
Tink-a-Tako - Potranco,16146,10/20/25 5:09 PM,1,Nadia  Reyes,,0.00,14.99,1.24,0.00,0.00
Tink-a-Tako - Potranco,16148,10/20/25 5:42 PM,1,Nadia  Reyes,,0.00,33.96,2.80,0.00,0.00
Tink-a-Tako - Potranco,14005,10/20/25 9:24 AM,1,Ivana Abundiz,,0.00,16.48,1.36,3.00,0.00
Tink-a-Tako - Potranco,34,10/20/25 7:52 AM,1,Candy  Del angel ,,0.00,4.23,0.34,0.00,0.00
Tink-a-Tako - Potranco,14010,10/20/25 9:36 AM,1,Ivana Abundiz,,0.00,0.00,0.00,0.00,0.00
Tink-a-Tako - Potranco,14007,10/20/25 9:34 AM,1,Ivana Abundiz,,3.12,8.60,0.71,0.00,0.00
Tink-a-Tako - Potranco,14003,10/20/25 9:00 AM,1,Silvia Hernandez,8,0.00,34.09,2.81,6.00,0.00
Tink-a-Tako - Potranco,16008,10/20/25 8:04 AM,1,Candy  Del angel ,,0.00,22.96,1.89,0.00,0.00
Tink-a-Tako - Potranco,16006,10/20/25 8:00 AM,1,Candy  Del angel ,,0.00,3.78,0.31,1.00,0.00
Tink-a-Tako - Potranco,14014,10/20/25 9:55 AM,1,Silvia Hernandez,37,0.00,17.98,1.48,5.00,0.00
Tink-a-Tako - Potranco,14018,10/20/25 10:06 AM,2,Silvia Hernandez,8,0.00,14.18,1.16,3.00,0.00
Tink-a-Tako - Potranco,14028,10/20/25 11:18 AM,1,Ivana Abundiz,,0.00,7.77,0.64,0.00,0.00
Tink-a-Tako - Potranco,14025,10/20/25 10:57 AM,2,Silvia Hernandez,17,0.00,28.00,2.31,0.00,0.00
Tink-a-Tako - Potranco,14034,10/20/25 11:43 AM,1,Ivana Abundiz,,0.00,5.37,0.44,3.00,0.00
Tink-a-Tako - Potranco,16083,10/20/25 11:29 AM,1,Candy  Del angel ,,0.00,7.76,0.64,1.00,0.00
Tink-a-Tako - Potranco,14038,10/20/25 11:52 AM,1,Silvia Hernandez,24,0.00,14.69,1.21,0.00,0.00
Tink-a-Tako - Potranco,16085,10/20/25 11:32 AM,1,Candy  Del angel ,,0.00,6.03,0.50,0.00,0.00
Tink-a-Tako - Potranco,16087,10/20/25 11:34 AM,1,Candy  Del angel ,,0.00,8.97,0.74,0.00,0.00
Tink-a-Tako - Potranco,16070,10/20/25 10:57 AM,1,Candy  Del angel ,,0.00,70.26,5.77,0.00,0.00
Tink-a-Tako - Potranco,16095,10/20/25 11:50 AM,1,Candy  Del angel ,,0.00,0.00,0.00,0.00,0.00
Tink-a-Tako - Potranco,16097,10/20/25 11:55 AM,1,Candy  Del angel ,,0.00,3.98,0.33,0.00,0.00
Tink-a-Tako - Potranco,16101,10/20/25 12:18 PM,1,Candy  Del angel ,,0.00,8.97,0.74,1.00,0.00
Tink-a-Tako - Potranco,16099,10/20/25 11:59 AM,1,Candy  Del angel ,,0.00,22.69,1.86,0.00,0.00
Tink-a-Tako - Potranco,16104,10/20/25 12:22 PM,1,Candy  Del angel ,,0.00,9.56,0.79,2.00,0.00
Tink-a-Tako - Potranco,16107,10/20/25 12:32 PM,1,Candy  Del angel ,,0.00,6.90,0.56,0.00,0.00
Tink-a-Tako - Potranco,16106,10/20/25 12:26 PM,1,Candy  Del angel ,,0.00,19.55,1.62,1.00,0.00
Tink-a-Tako - Potranco,16109,10/20/25 12:35 PM,1,Candy  Del angel ,,0.00,30.82,2.54,2.00,0.00
Tink-a-Tako - Potranco,16111,10/20/25 12:47 PM,1,Candy  Del angel ,,0.00,3.98,0.33,2.00,0.00
Tink-a-Tako - Potranco,16110,10/20/25 12:39 PM,1,Candy  Del angel ,,0.00,8.28,0.69,0.00,0.00
Tink-a-Tako - Potranco,16113,10/20/25 12:53 PM,1,Candy  Del angel ,,0.00,8.88,0.73,2.00,0.00
Tink-a-Tako - Potranco,16112,10/20/25 12:51 PM,1,Candy  Del angel ,,0.00,10.38,0.86,3.00,0.00
Tink-a-Tako - Potranco,16114,10/20/25 12:56 PM,1,Candy  Del angel ,,0.00,16.07,1.32,0.00,0.00
Tink-a-Tako - Potranco,16116,10/20/25 1:06 PM,1,Nadia  Reyes,,0.00,12.67,1.04,0.00,0.00
Tink-a-Tako - Potranco,16119,10/20/25 1:10 PM,1,Nadia  Reyes,,0.00,8.73,0.73,0.00,0.00
Tink-a-Tako - Potranco,16129,10/20/25 2:35 PM,1,Nadia  Reyes,,0.00,11.99,0.99,0.00,0.00
Tink-a-Tako - Potranco,16127,10/20/25 1:49 PM,1,Nadia  Reyes,,0.00,25.74,2.12,0.00,0.00
Tink-a-Tako - Potranco,16128,10/20/25 2:02 PM,1,Nadia  Reyes,,0.00,12.77,1.05,0.00,0.00
Tink-a-Tako - Potranco,16130,10/20/25 2:40 PM,1,Nadia  Reyes,,0.00,13.99,1.15,0.00,0.00
Tink-a-Tako - Potranco,16131,10/20/25 2:41 PM,1,Nadia  Reyes,,0.00,14.38,1.19,0.00,0.00
Tink-a-Tako - Potranco,16123,10/20/25 1:27 PM,1,Nadia  Reyes,,0.00,49.43,4.06,0.00,0.00
Tink-a-Tako - Potranco,16133,10/20/25 2:59 PM,1,Nadia  Reyes,,0.00,38.35,3.15,0.00,0.00
Tink-a-Tako - Potranco,16134,10/20/25 3:01 PM,1,Nadia  Reyes,,0.00,18.37,1.52,0.00,0.00
Tink-a-Tako - Potranco,16136,10/20/25 3:05 PM,1,Nadia  Reyes,,0.00,8.98,0.74,0.00,0.00
Tink-a-Tako - Potranco,16137,10/20/25 3:36 PM,1,Nadia  Reyes,,0.00,13.16,1.09,0.00,0.00
Tink-a-Tako - Potranco,16142,10/20/25 3:49 PM,1,Nadia  Reyes,,0.00,11.65,0.95,0.00,0.00
Tink-a-Tako - Potranco,16143,10/20/25 4:33 PM,1,Nadia  Reyes,,0.00,48.94,4.04,0.00,0.00
Tink-a-Tako - Potranco,16010,10/20/25 8:07 AM,1,Candy  Del angel ,,0.00,1.99,0.16,0.00,0.00
Tink-a-Tako - Potranco,16147,10/20/25 5:41 PM,1,Nadia  Reyes,,0.00,9.77,0.81,2.00,0.00
Tink-a-Tako - Potranco,16012,10/20/25 8:15 AM,1,Candy  Del angel ,,0.00,7.96,0.66,0.00,0.00
Tink-a-Tako - Potranco,16013,10/20/25 8:20 AM,1,Candy  Del angel ,,0.00,4.48,0.37,1.00,0.00
Tink-a-Tako - Potranco,16016,10/20/25 8:29 AM,1,Candy  Del angel ,,0.00,10.92,0.90,0.00,0.00
Tink-a-Tako - Potranco,16023,10/20/25 8:41 AM,1,Candy  Del angel ,,0.00,11.82,0.97,1.00,0.00
Tink-a-Tako - Potranco,11002,10/20/25 8:52 AM,2,Rosa Compean,25,0.00,29.26,2.41,5.85,0.00
Tink-a-Tako - Potranco,11003,10/20/25 9:10 AM,2,Rosa Compean,17,0.00,16.97,1.39,3.39,0.00
Tink-a-Tako - Potranco,11005,10/20/25 9:27 AM,5,Rosa Compean,12,5.53,52.02,4.28,10.00,0.00
Tink-a-Tako - Potranco,11004,10/20/25 9:25 AM,2,Rosa Compean,25,0.00,10.97,0.91,0.00,0.00
Tink-a-Tako - Potranco,37,10/20/25 7:56 AM,2,Maria Majana,25,0.00,17.99,1.48,3.00,0.00
Tink-a-Tako - Potranco,19001,10/20/25 8:05 AM,2,Maria Majana,17,0.00,8.42,0.68,0.00,0.00
Tink-a-Tako - Potranco,35,10/20/25 7:52 AM,1,Maria Majana,37,0.00,7.38,0.61,4.00,0.00
Tink-a-Tako - Potranco,19003,10/20/25 8:32 AM,2,Maria Majana,22,0.00,48.69,4.01,5.00,0.00
Tink-a-Tako - Potranco,19002,10/20/25 8:12 AM,1,Maria Majana,31,4.99,8.23,0.68,6.00,0.00
Tink-a-Tako - Potranco,19005,10/20/25 8:38 AM,1,Maria Majana,32,0.00,11.26,0.93,1.69,0.00
Tink-a-Tako - Potranco,19004,10/20/25 8:36 AM,1,Maria Majana,26,0.00,15.48,1.28,0.00,0.00
Tink-a-Tako - Potranco,19006,10/20/25 9:22 AM,2,Maria Majana,22,0.00,14.98,1.23,4.00,0.00
Tink-a-Tako - Potranco,39,10/20/25 5:49 PM,8,Sergio Abundiz,31,0.00,78.48,6.46,10.00,15.70
Tink-a-Tako - Potranco,14021,10/20/25 10:47 AM,1,Silvia Hernandez,26,0.00,6.97,0.57,0.00,0.00
Tink-a-Tako - Potranco,38,10/20/25 7:59 AM,1,Maria Majana,,0.00,9.76,0.80,0.00,0.00
Tink-a-Tako - Potranco,14017,10/20/25 10:05 AM,1,Silvia Hernandez,17,0.00,7.68,0.62,0.00,0.00
Tink-a-Tako - Potranco,15001,10/20/25 9:08 AM,2,Maria Majana,24,0.00,12.75,1.06,5.00,0.00
Tink-a-Tako - Potranco,40,10/20/25 5:51 PM,1,Nadia  Reyes,,0.00,20.97,1.73,0.00,0.00
Tink-a-Tako - Potranco,16032,10/20/25 9:04 AM,1,Candy  Del angel ,,0.00,9.58,0.79,0.00,0.00
Tink-a-Tako - Potranco,32,10/20/25 7:46 AM,1,Candy  Del angel ,,0.00,7.03,0.58,0.00,0.00
Tink-a-Tako - Potranco,33,10/20/25 7:48 AM,1,Candy  Del angel ,,0.00,10.96,0.90,0.00,0.00
Tink-a-Tako - Potranco,27,10/20/25 7:36 AM,1,Candy  Del angel ,,0.00,2.79,0.23,0.00,0.00
Tink-a-Tako - Potranco,16020,10/20/25 8:36 AM,1,Candy  Del angel ,,0.00,2.99,0.25,0.00,0.00
Tink-a-Tako - Potranco,16017,10/20/25 8:29 AM,1,Candy  Del angel ,,0.00,3.98,0.32,0.00,0.00
Tink-a-Tako - Potranco,16007,10/20/25 8:02 AM,1,Candy  Del angel ,,0.00,8.37,0.69,0.00,0.00
Tink-a-Tako - Potranco,11001,10/20/25 8:18 AM,1,Rosa Compean,,0.00,12.98,1.07,0.00,0.00
Tink-a-Tako - Potranco,22002,10/20/25 12:29 PM,2,Rosa Compean,36,0.00,14.59,1.20,6.00,0.00
Tink-a-Tako - Potranco,22001,10/20/25 12:26 PM,6,Rosa Compean,31,0.00,82.13,6.73,0.00,16.43
Tink-a-Tako - Potranco,41,10/20/25 5:52 PM,1,Nadia  Reyes,,0.00,3.99,0.33,0.00,0.00
Tink-a-Tako - Potranco,44,10/20/25 5:58 PM,2,Sergio Abundiz,38,0.00,28.95,2.39,0.00,0.00
Tink-a-Tako - Potranco,45,10/20/25 6:02 PM,1,Nadia  Reyes,,0.00,6.99,0.58,0.00,0.00
Tink-a-Tako - Potranco,46,10/20/25 6:10 PM,1,Sergio Abundiz,,0.00,15.38,1.27,3.00,0.00
Tink-a-Tako - Potranco,47,10/20/25 6:12 PM,2,Daniela Torres,17,0.00,20.76,1.72,0.00,0.00
Tink-a-Tako - Potranco,48,10/20/25 6:14 PM,1,Nadia  Reyes,,0.00,10.07,0.83,2.01,0.00
Tink-a-Tako - Potranco,49,10/20/25 6:15 PM,1,Nadia  Reyes,,3.90,9.09,0.75,0.00,0.00
Tink-a-Tako - Potranco,51,10/20/25 6:17 PM,1,Nadia  Reyes,,0.00,12.43,1.02,1.86,0.00
Tink-a-Tako - Potranco,50,10/20/25 6:17 PM,2,Sergio Abundiz,8,0.00,29.43,2.43,8.00,0.00
Tink-a-Tako - Potranco,52,10/20/25 6:23 PM,1,Nadia  Reyes,,0.00,6.97,0.57,0.00,0.00
Tink-a-Tako - Potranco,55,10/20/25 6:24 PM,2,Daniela Torres,25,0.00,21.38,1.75,0.00,0.00
Tink-a-Tako - Potranco,54,10/20/25 6:24 PM,1,Nadia  Reyes,,0.00,17.16,1.41,2.57,0.00
Tink-a-Tako - Potranco,53,10/20/25 6:23 PM,1,Nadia  Reyes,,0.00,11.17,0.92,0.00,0.00
Tink-a-Tako - Potranco,56,10/20/25 6:25 PM,2,Daniela Torres,23,0.00,23.97,1.98,3.00,0.00
Tink-a-Tako - Potranco,58,10/20/25 6:36 PM,2,Sergio Abundiz,18,0.00,28.62,2.36,0.00,0.00
Tink-a-Tako - Potranco,59,10/20/25 6:51 PM,2,Daniela Torres,22,0.00,16.89,1.38,0.00,0.00
Tink-a-Tako - Potranco,60,10/20/25 6:55 PM,1,Nadia  Reyes,,0.00,26.98,2.22,2.00,0.00
Tink-a-Tako - Potranco,61,10/20/25 6:57 PM,1,Nadia  Reyes,,0.00,4.78,0.39,0.00,0.00
Tink-a-Tako - Potranco,62,10/20/25 7:00 PM,1,Nadia  Reyes,,0.00,21.98,1.82,0.00,0.00
Tink-a-Tako - Potranco,63,10/20/25 7:03 PM,2,Sergio Abundiz,35,0.00,20.68,1.70,0.00,0.00
Tink-a-Tako - Potranco,64,10/20/25 7:08 PM,1,Nadia  Reyes,,0.00,13.69,1.12,2.05,0.00
Tink-a-Tako - Potranco,66,10/20/25 7:09 PM,2,Daniela Torres,17,0.00,28.38,2.32,0.00,0.00
Tink-a-Tako - Potranco,67,10/20/25 7:12 PM,1,Nadia  Reyes,,0.00,15.35,1.26,0.00,0.00
Tink-a-Tako - Potranco,69,10/20/25 7:13 PM,2,Sergio Abundiz,25,0.00,28.42,2.34,6.00,0.00
Tink-a-Tako - Potranco,70,10/20/25 7:17 PM,2,Sergio Abundiz,42,0.00,30.47,2.50,5.00,0.00
Tink-a-Tako - Potranco,71,10/20/25 7:19 PM,3,Daniela Torres,4,0.00,33.96,2.80,6.00,0.00
Tink-a-Tako - Potranco,72,10/20/25 7:19 PM,2,Daniela Torres,32,0.00,25.42,2.09,0.00,0.00
Tink-a-Tako - Potranco,73,10/20/25 7:24 PM,1,Nadia  Reyes,,0.00,23.98,1.98,0.00,0.00
Tink-a-Tako - Potranco,74,10/20/25 7:28 PM,1,Nadia  Reyes,,0.00,12.99,1.07,0.00,0.00
Tink-a-Tako - Potranco,75,10/20/25 7:29 PM,1,Nadia  Reyes,,0.00,9.99,0.82,1.00,0.00
Tink-a-Tako - Potranco,76,10/20/25 7:36 PM,5,Sergio Abundiz,11,0.00,66.44,5.47,3.00,0.00
Tink-a-Tako - Potranco,77,10/20/25 7:37 PM,1,Nadia  Reyes,,0.00,22.94,1.90,0.00,0.00
Tink-a-Tako - Potranco,78,10/20/25 7:41 PM,1,Daniela Torres,21,0.00,9.49,0.78,0.00,0.00
Tink-a-Tako - Potranco,80,10/20/25 7:47 PM,1,Nadia  Reyes,,0.00,7.98,0.66,0.00,0.00
Tink-a-Tako - Potranco,82,10/20/25 7:56 PM,2,Daniela Torres,19,0.00,28.67,2.36,4.30,0.00
Tink-a-Tako - Potranco,83,10/20/25 8:04 PM,2,Daniela Torres,32,0.00,27.60,2.27,0.00,0.00
Tink-a-Tako - Potranco,81,10/20/25 7:56 PM,1,Nadia  Reyes,,0.00,11.99,0.99,0.00,0.00
Tink-a-Tako - Potranco,86,10/20/25 8:15 PM,1,Nadia  Reyes,,0.00,7.16,0.59,0.00,0.00
Tink-a-Tako - Potranco,87,10/20/25 8:45 PM,1,Sergio Abundiz,,6.31,14.73,1.21,0.00,0.00
