,Location,Employee,Job Title,In Date,Shift Closed Date,Out Date,Hours,Cash Tips Decl.,Cash on Hand,Cash in Drawer,Non-Cash Tips,Cash Gratuity,Non-Cash Gratuity,Tips Withheld,Non-Cash Sales,Cash Sales,Total Sales,Cash Collected?,Tips Paid?,Open,Paid,Closed,Tip Share Total
800000030991176633,Tink-a-Tako - Potranco,Maria Majana,Host,10/20/25 6:00 AM,10/20/25 6:00 AM,10/20/25 6:00 AM,0.01,,0.00,0.00,0.00,0.00,0.00,0.00,0.00,0.00,0.00,yes,yes,0,0,0,0.00
800000030991177967,Tink-a-Tako - Potranco,Maria Majana,Server,10/20/25 6:00 AM,10/20/25 7:14 PM,10/20/25 7:14 PM,13.23,,195.89,38.93,50.57,0.00,0.00,0.00,323.22,245.38,568.60,yes,yes,0,0,34,0.00
800000030991248651,Tink-a-Tako - Potranco,Candy  Del angel ,Drive-Thru,10/20/25 6:19 AM,10/20/25 7:56 PM,10/20/25 7:56 PM,13.62,,0.00,430.82,44.00,0.00,0.00,0.00,1026.70,430.82,1457.52,yes,yes,0,0,134,0.00
800000030991300567,Tink-a-Tako - Potranco,Rosie  ORDONEZ,Shift Manager / Assistant Manager,10/20/25 6:31 AM,10/20/25 5:56 PM,10/20/25 5:56 PM,11.41,,0.00,27.57,2.00,0.00,0.00,0.00,13.03,27.57,40.60,yes,yes,0,0,2,0.00
800000030999998791,Tink-a-Tako - Potranco,Rosa Compean,Server,10/20/25 7:45 AM,10/20/25 6:36 PM,10/20/25 6:37 PM,10.86,,146.13,0.00,20.35,0.00,16.43,0.00,301.66,159.11,460.77,yes,yes,0,0,30,0.00
800000031000083188,Tink-a-Tako - Potranco,Sergio Abundiz,Dishwasher,10/20/25 1:33 PM,10/20/25 9:15 PM,10/20/25 9:33 PM,8.01,,131.46,0.00,74.46,0.00,15.70,0.00,536.90,131.46,668.36,yes,yes,0,0,23,0.00
800000031000091432,Tink-a-Tako - Potranco,Daniela Torres,Drive-Thru,10/20/25 2:31 PM,10/20/25 9:08 PM,10/20/25 9:16 PM,6.76,,124.04,0.00,36.07,0.00,0.00,0.00,299.23,124.04,423.27,yes,yes,0,0,17,0.00
800000031000110351,Tink-a-Tako - Potranco,Ivana Abundiz,Host,10/20/25 8:01 AM,10/20/25 8:30 PM,10/20/25 8:30 PM,12.47,,0.00,12.53,13.00,0.00,0.00,0.00,177.53,12.53,190.06,yes,yes,0,0,18,0.00
800000031000153576,Tink-a-Tako - Potranco,Jesus Calderon,Cook,10/20/25 2:03 PM,10/20/25 8:58 PM,10/20/25 8:58 PM,6.92,,0.00,0.00,0.00,0.00,0.00,0.00,0.00,0.00,0.00,yes,yes,0,0,0,0.00
800000031000195128,Tink-a-Tako - Potranco,Nadia  Reyes,Drive-Thru,10/20/25 1:03 PM,10/20/25 8:59 PM,10/20/25 9:02 PM,7.98,,214.90,0.00,19.49,0.00,0.00,0.00,614.93,214.90,829.83,yes,yes,0,0,53,0.00
800000031000540888,Tink-a-Tako - Potranco,Mayra Luna,Shift Manager / Assistant Manager,10/20/25 2:12 PM,10/20/25 9:05 PM,10/20/25 9:41 PM,7.47,,33.27,0.00,2.00,0.00,0.00,0.00,39.31,9.73,49.04,yes,yes,0,0,3,0.00
800000031000791631,Tink-a-Tako - Potranco,Silvia Hernandez,Server,10/20/25 7:51 AM,10/20/25 8:12 PM,10/20/25 8:12 PM,12.35,,48.77,0.00,55.00,0.00,0.00,0.00,443.94,48.77,492.71,no,no,0,0,20,0.00
800000031009856939,Tink-a-Tako - Potranco,Arturo  huerta,Dishwasher,10/20/25 9:05 PM,10/21/25 4:10 AM,10/21/25 4:00 AM,6.91,0.00,0.00,0.00,0.00,0.00,0.00,0.00,0.00,0.00,0.00,yes,yes,0,0,0,0.00
