Location,Employee,Job Title,In Date,Out Date,Total Hours,Unpaid Break Time,Paid Break Time,Payable Hours
Tink-a-Tako - Potranco,"Ramirez Perez, Silvia",Cook,10/20/25 5:34 AM,10/20/25 2:00 PM,8.43,0.00,0.00,8.43
Tink-a-Tako - Potranco,"Aviles, Genaro",Cook,10/20/25 5:35 AM,10/20/25 3:16 PM,9.69,0.00,0.00,9.69
Tink-a-Tako - Potranco,"Gonzales (Line) , Maria",Cook,10/20/25 5:35 AM,10/20/25 9:02 PM,15.46,0.00,0.00,15.46
Tink-a-Tako - Potranco,"Diaz, Diego",Cook,10/20/25 5:35 AM,10/20/25 2:05 PM,8.49,0.00,0.00,8.49
Tink-a-Tako - Potranco,"Majana, Maria",Host,10/20/25 6:00 AM,10/20/25 6:00 AM,0.01,0.00,0.00,0.01
Tink-a-Tako - Potranco,"Majana, Maria",Server,10/20/25 6:00 AM,10/20/25 7:14 PM,13.23,0.00,0.00,13.23
Tink-a-Tako - Potranco,"Del angel , Candy ",Drive-Thru,10/20/25 6:19 AM,10/20/25 7:56 PM,13.62,0.00,0.00,13.62
Tink-a-Tako - Potranco,"ORDONEZ, Rosie ",Shift Manager / Assistant Manager,10/20/25 6:31 AM,10/20/25 5:56 PM,11.41,0.00,0.00,11.41
Tink-a-Tako - Potranco,"Brito, Victor ",Regular,10/20/25 7:01 AM,10/20/25 2:28 PM,7.45,0.00,0.00,7.45
Tink-a-Tako - Potranco,"Compean, Rosa",Server,10/20/25 7:45 AM,10/20/25 6:37 PM,10.86,0.00,0.00,10.86
Tink-a-Tako - Potranco,"Abundiz, Sergio",Dishwasher,10/20/25 1:33 PM,10/20/25 9:33 PM,8.01,0.00,0.00,8.01
Tink-a-Tako - Potranco,"Torres, Daniela",Drive-Thru,10/20/25 2:31 PM,10/20/25 9:16 PM,6.76,0.00,0.00,6.76
Tink-a-Tako - Potranco,"Abundiz, Ivana",Host,10/20/25 8:01 AM,10/20/25 8:30 PM,12.47,0.00,0.00,12.47
Tink-a-Tako - Potranco,"Calderon, Jesus",Cook,10/20/25 2:03 PM,10/20/25 8:58 PM,6.92,0.00,0.00,6.92
Tink-a-Tako - Potranco,"Reyes, Nadia ",Drive-Thru,10/20/25 1:03 PM,10/20/25 9:02 PM,7.98,0.00,0.00,7.98
Tink-a-Tako - Potranco,"Luna, Mayra",Shift Manager / Assistant Manager,10/20/25 2:12 PM,10/20/25 9:41 PM,7.47,0.00,0.00,7.47
Tink-a-Tako - Potranco,"Hernandez, Silvia",Server,10/20/25 7:51 AM,10/20/25 8:12 PM,12.35,0.00,0.00,12.35
Tink-a-Tako - Potranco,"Gonzalez, Maria ",Tortillero,10/20/25 1:52 PM,10/20/25 9:17 PM,7.41,0.00,0.00,7.41
Tink-a-Tako - Potranco,"Serrato, Joshua ",Busser,10/20/25 9:00 AM,10/20/25 2:02 PM,5.04,0.00,0.00,5.04
Tink-a-Tako - Potranco,"huerta, Arturo ",Dishwasher,10/20/25 9:04 PM,10/20/25 9:05 PM,0.00,0.00,0.00,0.00
Tink-a-Tako - Potranco,"huerta, Arturo ",Dishwasher,10/20/25 9:05 PM,10/20/25 9:05 PM,0.00,0.00,0.00,0.00
Tink-a-Tako - Potranco,"huerta, Arturo ",Dishwasher,10/20/25 9:05 PM,10/21/25 4:00 AM,6.91,0.00,0.00,6.91
