Order #,Opened Date,Void Date,Server,Approver,Item Name,Reason,Item Quantity,Total Price
119,9/21/25 10:26 AM,9/21/25 3:44 PM,Emanuel Sanchez,Candy Del Angel,Picadillo Taco,Customer Changed Mind,1.0,2.99
119,9/21/25 10:26 AM,9/21/25 3:44 PM,Emanuel Sanchez,Candy Del Angel,Chilaquil Taco,Customer Changed Mind,1.0,2.99
119,9/21/25 10:26 AM,9/21/25 3:44 PM,Emanuel Sanchez,Candy Del Angel,Bacon & Egg Taco,Customer Changed Mind,1.0,1.99
119,9/21/25 10:26 AM,9/21/25 3:44 PM,Emanuel Sanchez,Candy Del Angel,Papa & Egg Taco,Customer Changed Mind,1.0,1.99
119,9/21/25 10:26 AM,9/21/25 3:44 PM,Emanuel Sanchez,Candy Del Angel,-------------,Customer Changed Mind,1.0,0.00
119,9/21/25 10:26 AM,9/21/25 3:44 PM,Emanuel Sanchez,Candy Del Angel,bean and cheese,Customer Changed Mind,1.0,3.78
119,9/21/25 10:26 AM,9/21/25 3:44 PM,Emanuel Sanchez,Candy Del Angel,Country & Egg Taco,Customer Changed Mind,1.0,2.79
229,9/21/25 12:08 PM,9/21/25 3:33 PM,Leticia Roman,Candy Del Angel,Chorizo & Egg Taco,Customer Changed Mind,1.0,2.29
311,9/21/25 2:26 PM,9/21/25 3:48 PM,Angelique Jacobo,Candy Del Angel,Mexican Plate,Customer Changed Mind,1.0,13.99
311,9/21/25 2:26 PM,9/21/25 3:48 PM,Angelique Jacobo,Candy Del Angel,Nachos Supreme,Customer Changed Mind,1.0,17.99
