Location,Server,Check #,Table,Station,Expediter Level,Fired Date,Fulfilled Date,Fulfillment Time,Fulfilled By
12060 Potranco Road,Melissa  Urena,4,,Drive Thru,,10/16/25 6:35 AM,10/16/25 6:58 AM,22 minutes and 4 seconds,KDS - Login Don't Delete
12060 Potranco Road,Melissa  Urena,4,,Food,,10/16/25 6:35 AM,10/16/25 6:58 AM,22 minutes and 4 seconds,KDS - Login Don't Delete
12060 Potranco Road,Melissa  Urena,5,,Drive Thru,,10/16/25 6:53 AM,10/16/25 6:58 AM,4 minutes and 36 seconds,KDS - Login Don't Delete
12060 Potranco Road,Melissa  Urena,5,,Food,,10/16/25 6:53 AM,10/16/25 6:58 AM,4 minutes and 36 seconds,KDS - Login Don't Delete
12060 Potranco Road,Melissa  Urena,6,,Food,,10/16/25 7:00 AM,10/16/25 7:02 AM,1 minute and 54 seconds,KDS - Login Don't Delete
12060 Potranco Road,Melissa  Urena,6,,Drive Thru,,10/16/25 7:00 AM,10/16/25 7:02 AM,1 minute and 54 seconds,KDS - Login Don't Delete
12060 Potranco Road,Lizbeth Garcia,12,25,No Print,,10/16/25 7:07 AM,10/16/25 7:09 AM,2 minutes and 42 seconds,KDS - Login Don't Delete
12060 Potranco Road,Lizbeth Garcia,12,25,Food,,10/16/25 7:07 AM,10/16/25 7:09 AM,2 minutes and 42 seconds,KDS - Login Don't Delete
12060 Potranco Road,Lizbeth Garcia,12,25,Drive Thru,,10/16/25 7:07 AM,10/16/25 7:09 AM,2 minutes and 42 seconds,KDS - Login Don't Delete
12060 Potranco Road,Melissa  Urena,10,,Drive Thru,,10/16/25 7:05 AM,10/16/25 7:12 AM,7 minutes and 9 seconds,KDS - Login Don't Delete
12060 Potranco Road,Melissa  Urena,10,,Food,,10/16/25 7:05 AM,10/16/25 7:12 AM,7 minutes and 9 seconds,KDS - Login Don't Delete
12060 Potranco Road,Melissa  Urena,8,,Drive Thru,,10/16/25 7:04 AM,10/16/25 7:12 AM,7 minutes and 48 seconds,KDS - Login Don't Delete
12060 Potranco Road,Melissa  Urena,8,,Food,,10/16/25 7:04 AM,10/16/25 7:12 AM,7 minutes and 48 seconds,KDS - Login Don't Delete
12060 Potranco Road,Melissa  Urena,9,,Food,,10/16/25 7:04 AM,10/16/25 7:12 AM,7 minutes and 41 seconds,KDS - Login Don't Delete
12060 Potranco Road,Melissa  Urena,9,,Drive Thru,,10/16/25 7:04 AM,10/16/25 7:12 AM,7 minutes and 41 seconds,KDS - Login Don't Delete
12060 Potranco Road,Melissa  Urena,15,,Drive Thru,,10/16/25 7:20 AM,10/16/25 7:22 AM,2 minutes and 3 seconds,KDS - Login Don't Delete
12060 Potranco Road,Melissa  Urena,15,,Food,,10/16/25 7:20 AM,10/16/25 7:22 AM,2 minutes and 3 seconds,KDS - Login Don't Delete
12060 Potranco Road,Melissa  Urena,13,,No Print,,10/16/25 7:18 AM,10/16/25 7:22 AM,3 minutes and 53 seconds,KDS - Login Don't Delete
12060 Potranco Road,Melissa  Urena,13,,Food,,10/16/25 7:18 AM,10/16/25 7:22 AM,3 minutes and 53 seconds,KDS - Login Don't Delete
12060 Potranco Road,Melissa  Urena,14,,Drive Thru,,10/16/25 7:20 AM,10/16/25 7:25 AM,4 minutes and 47 seconds,KDS - Login Don't Delete
12060 Potranco Road,Melissa  Urena,14,,Food,,10/16/25 7:20 AM,10/16/25 7:25 AM,4 minutes and 47 seconds,KDS - Login Don't Delete
12060 Potranco Road,Emanuel Sanchez,18,2,No Print,,10/16/25 7:25 AM,10/16/25 7:27 AM,2 minutes and 16 seconds,KDS - Login Don't Delete
12060 Potranco Road,Emanuel Sanchez,18,2,Food,,10/16/25 7:25 AM,10/16/25 7:27 AM,2 minutes and 16 seconds,KDS - Login Don't Delete
12060 Potranco Road,Lizbeth Garcia,12,25,,1,10/16/25 7:09 AM,10/16/25 7:30 AM,20 minutes and 31 seconds,KDS - Login Don't Delete
12060 Potranco Road,Melissa  Urena,20,,Food,,10/16/25 7:36 AM,10/16/25 7:38 AM,2 minutes and 1 second,KDS - Login Don't Delete
12060 Potranco Road,Melissa  Urena,17,,Drive Thru,,10/16/25 7:28 AM,10/16/25 7:38 AM,10 minutes and 3 seconds,KDS - Login Don't Delete
12060 Potranco Road,Melissa  Urena,17,,Food,,10/16/25 7:28 AM,10/16/25 7:38 AM,10 minutes and 3 seconds,KDS - Login Don't Delete
12060 Potranco Road,Sugey Cabrera,19,,Food,,10/16/25 7:28 AM,10/16/25 7:41 AM,12 minutes and 43 seconds,KDS - Login Don't Delete
12060 Potranco Road,Sugey Cabrera,19,,Drive Thru,,10/16/25 7:28 AM,10/16/25 7:41 AM,12 minutes and 43 seconds,KDS - Login Don't Delete
12060 Potranco Road,Emanuel Sanchez,18,2,,1,10/16/25 7:27 AM,10/16/25 7:42 AM,14 minutes and 58 seconds,KDS - Login Don't Delete
12060 Potranco Road,Sugey Cabrera,19,,,1,10/16/25 7:41 AM,10/16/25 7:43 AM,1 minute and 39 seconds,KDS - Login Don't Delete
12060 Potranco Road,Melissa  Urena,13,,,1,10/16/25 7:22 AM,10/16/25 7:43 AM,20 minutes and 10 seconds,KDS - Login Don't Delete
12060 Potranco Road,Sugey Cabrera,21,,No Print,,10/16/25 7:52 AM,10/16/25 8:03 AM,10 minutes and 34 seconds,KDS - Login Don't Delete
12060 Potranco Road,Sugey Cabrera,21,,Food,,10/16/25 7:52 AM,10/16/25 8:03 AM,10 minutes and 34 seconds,KDS - Login Don't Delete
12060 Potranco Road,Lizbeth Garcia,22,14,No Print,,10/16/25 7:59 AM,10/16/25 8:03 AM,4 minutes and 13 seconds,KDS - Login Don't Delete
12060 Potranco Road,Lizbeth Garcia,22,14,Food,,10/16/25 7:59 AM,10/16/25 8:03 AM,4 minutes and 13 seconds,KDS - Login Don't Delete
12060 Potranco Road,Melissa  Urena,24,,Drive Thru,,10/16/25 8:04 AM,10/16/25 8:06 AM,2 minutes and 54 seconds,KDS - Login Don't Delete
12060 Potranco Road,Melissa  Urena,24,,Food,,10/16/25 8:04 AM,10/16/25 8:06 AM,2 minutes and 54 seconds,KDS - Login Don't Delete
12060 Potranco Road,Lizbeth Garcia,23,18,No Print,,10/16/25 8:03 AM,10/16/25 8:07 AM,3 minutes and 7 seconds,KDS - Login Don't Delete
12060 Potranco Road,Lizbeth Garcia,23,18,Food,,10/16/25 8:03 AM,10/16/25 8:07 AM,3 minutes and 7 seconds,KDS - Login Don't Delete
12060 Potranco Road,Melissa  Urena,25,,Food,,10/16/25 8:04 AM,10/16/25 8:10 AM,5 minutes and 47 seconds,KDS - Login Don't Delete
12060 Potranco Road,Melissa  Urena,25,,Drive Thru,,10/16/25 8:04 AM,10/16/25 8:10 AM,5 minutes and 47 seconds,KDS - Login Don't Delete
12060 Potranco Road,Melissa  Urena,26,,Drive Thru,,10/16/25 8:11 AM,10/16/25 8:16 AM,5 minutes and 8 seconds,KDS - Login Don't Delete
12060 Potranco Road,Melissa  Urena,26,,Food,,10/16/25 8:11 AM,10/16/25 8:16 AM,5 minutes and 8 seconds,KDS - Login Don't Delete
12060 Potranco Road,Melissa  Urena,27,,Drive Thru,,10/16/25 8:11 AM,10/16/25 8:16 AM,4 minutes and 53 seconds,KDS - Login Don't Delete
12060 Potranco Road,Melissa  Urena,27,,Food,,10/16/25 8:11 AM,10/16/25 8:16 AM,4 minutes and 53 seconds,KDS - Login Don't Delete
12060 Potranco Road,Sugey Cabrera,21,,,1,10/16/25 8:03 AM,10/16/25 8:16 AM,13 minutes and 13 seconds,KDS - Login Don't Delete
12060 Potranco Road,Emanuel Sanchez,28,3,,1,10/16/25 8:13 AM,10/16/25 8:20 AM,7 minutes and 29 seconds,KDS - Login Don't Delete
12060 Potranco Road,Melissa  Urena,31,,Drive Thru,,10/16/25 8:23 AM,10/16/25 8:25 AM,2 minutes and 18 seconds,KDS - Login Don't Delete
12060 Potranco Road,Melissa  Urena,31,,Food,,10/16/25 8:23 AM,10/16/25 8:25 AM,2 minutes and 18 seconds,KDS - Login Don't Delete
12060 Potranco Road,Sugey Cabrera,29,1,No Print,,10/16/25 8:16 AM,10/16/25 8:26 AM,10 minutes,KDS - Login Don't Delete
12060 Potranco Road,Sugey Cabrera,29,1,Food,,10/16/25 8:16 AM,10/16/25 8:26 AM,10 minutes,KDS - Login Don't Delete
12060 Potranco Road,Melissa  Urena,32,,Drive Thru,,10/16/25 8:23 AM,10/16/25 8:26 AM,3 minutes and 3 seconds,KDS - Login Don't Delete
12060 Potranco Road,Melissa  Urena,32,,Food,,10/16/25 8:23 AM,10/16/25 8:26 AM,3 minutes and 3 seconds,KDS - Login Don't Delete
12060 Potranco Road,Lizbeth Garcia,30,,Food,,10/16/25 8:16 AM,10/16/25 8:28 AM,12 minutes and 25 seconds,KDS - Login Don't Delete
12060 Potranco Road,Lizbeth Garcia,30,,Drive Thru,,10/16/25 8:16 AM,10/16/25 8:28 AM,12 minutes and 25 seconds,KDS - Login Don't Delete
12060 Potranco Road,Melissa  Urena,33,,Drive Thru,,10/16/25 8:28 AM,10/16/25 8:34 AM,5 minutes and 53 seconds,KDS - Login Don't Delete
12060 Potranco Road,Melissa  Urena,33,,Food,,10/16/25 8:28 AM,10/16/25 8:34 AM,5 minutes and 53 seconds,KDS - Login Don't Delete
12060 Potranco Road,Melissa  Urena,37,,Drive Thru,,10/16/25 8:34 AM,10/16/25 8:37 AM,2 minutes and 52 seconds,KDS - Login Don't Delete
12060 Potranco Road,Melissa  Urena,37,,Food,,10/16/25 8:34 AM,10/16/25 8:37 AM,2 minutes and 52 seconds,KDS - Login Don't Delete
12060 Potranco Road,Lizbeth Garcia,35,34,No Print,,10/16/25 8:35 AM,10/16/25 8:41 AM,5 minutes and 41 seconds,KDS - Login Don't Delete
12060 Potranco Road,Lizbeth Garcia,35,34,Food,,10/16/25 8:35 AM,10/16/25 8:41 AM,5 minutes and 41 seconds,KDS - Login Don't Delete
12060 Potranco Road,Emanuel Sanchez,38,2,No Print,,10/16/25 8:38 AM,10/16/25 8:41 AM,3 minutes and 14 seconds,KDS - Login Don't Delete
12060 Potranco Road,Emanuel Sanchez,38,2,Food,,10/16/25 8:38 AM,10/16/25 8:41 AM,3 minutes and 14 seconds,KDS - Login Don't Delete
12060 Potranco Road,Lizbeth Garcia,35,34,Drive Thru,,10/16/25 8:35 AM,10/16/25 8:41 AM,5 minutes and 41 seconds,KDS - Login Don't Delete
12060 Potranco Road,Lizbeth Garcia,23,18,,1,10/16/25 8:07 AM,10/16/25 8:43 AM,36 minutes and 51 seconds,KDS - Login Don't Delete
12060 Potranco Road,Lizbeth Garcia,22,14,,1,10/16/25 8:03 AM,10/16/25 8:44 AM,40 minutes and 38 seconds,KDS - Login Don't Delete
12060 Potranco Road,Lizbeth Garcia,35,34,,1,10/16/25 8:41 AM,10/16/25 8:44 AM,2 minutes and 48 seconds,KDS - Login Don't Delete
12060 Potranco Road,Emanuel Sanchez,38,2,,1,10/16/25 8:44 AM,10/16/25 8:45 AM,1 minute and 5 seconds,KDS - Login Don't Delete
12060 Potranco Road,Emanuel Sanchez,38,2,,1,10/16/25 8:43 AM,10/16/25 8:45 AM,1 minute and 50 seconds,KDS - Login Don't Delete
12060 Potranco Road,Emanuel Sanchez,38,2,,1,10/16/25 8:41 AM,10/16/25 8:45 AM,4 minutes and 26 seconds,KDS - Login Don't Delete
12060 Potranco Road,Melissa  Urena,40,,Drive Thru,,10/16/25 8:45 AM,10/16/25 8:51 AM,6 minutes and 1 second,KDS - Login Don't Delete
12060 Potranco Road,Melissa  Urena,40,,Food,,10/16/25 8:45 AM,10/16/25 8:51 AM,6 minutes and 1 second,KDS - Login Don't Delete
12060 Potranco Road,Melissa  Urena,41,,Food,,10/16/25 8:49 AM,10/16/25 8:51 AM,1 minute and 37 seconds,KDS - Login Don't Delete
12060 Potranco Road,Melissa  Urena,44,,Food,,10/16/25 8:52 AM,10/16/25 8:54 AM,2 minutes and 1 second,KDS - Login Don't Delete
12060 Potranco Road,Melissa  Urena,42,,Drive Thru,,10/16/25 8:50 AM,10/16/25 8:54 AM,4 minutes and 6 seconds,KDS - Login Don't Delete
12060 Potranco Road,Melissa  Urena,42,,Food,,10/16/25 8:50 AM,10/16/25 8:54 AM,4 minutes and 6 seconds,KDS - Login Don't Delete
12060 Potranco Road,Melissa  Urena,43,,Drive Thru,,10/16/25 8:51 AM,10/16/25 8:54 AM,3 minutes and 1 second,KDS - Login Don't Delete
12060 Potranco Road,Melissa  Urena,43,,Food,,10/16/25 8:51 AM,10/16/25 8:54 AM,3 minutes and 1 second,KDS - Login Don't Delete
12060 Potranco Road,Sugey Cabrera,21,,No Print,,10/16/25 8:54 AM,10/16/25 8:59 AM,5 minutes and 36 seconds,KDS - Login Don't Delete
12060 Potranco Road,Emanuel Sanchez,38,2,No Print,,10/16/25 8:58 AM,10/16/25 8:59 AM,1 minute and 36 seconds,KDS - Login Don't Delete
12060 Potranco Road,Emanuel Sanchez,38,2,Food,,10/16/25 8:58 AM,10/16/25 8:59 AM,1 minute and 36 seconds,KDS - Login Don't Delete
12060 Potranco Road,Sugey Cabrera,21,,Food,,10/16/25 8:54 AM,10/16/25 8:59 AM,5 minutes and 36 seconds,KDS - Login Don't Delete
12060 Potranco Road,Melissa  Urena,47,,Food,,10/16/25 9:01 AM,10/16/25 9:05 AM,4 minutes and 3 seconds,KDS - Login Don't Delete
12060 Potranco Road,Melissa  Urena,46,,Drive Thru,,10/16/25 9:00 AM,10/16/25 9:05 AM,4 minutes and 56 seconds,KDS - Login Don't Delete
12060 Potranco Road,Melissa  Urena,46,,Food,,10/16/25 9:00 AM,10/16/25 9:05 AM,4 minutes and 56 seconds,KDS - Login Don't Delete
12060 Potranco Road,Melissa  Urena,48,,Drive Thru,,10/16/25 9:03 AM,10/16/25 9:05 AM,1 minute and 49 seconds,KDS - Login Don't Delete
12060 Potranco Road,Melissa  Urena,48,,Food,,10/16/25 9:03 AM,10/16/25 9:05 AM,1 minute and 49 seconds,KDS - Login Don't Delete
12060 Potranco Road,Lizbeth Garcia,30,,,1,10/16/25 8:28 AM,10/16/25 9:10 AM,41 minutes and 29 seconds,KDS - Login Don't Delete
12060 Potranco Road,Emanuel Sanchez,38,2,,1,10/16/25 8:59 AM,10/16/25 9:10 AM,10 minutes and 30 seconds,KDS - Login Don't Delete
12060 Potranco Road,Sugey Cabrera,29,1,,1,10/16/25 8:26 AM,10/16/25 9:10 AM,43 minutes and 41 seconds,KDS - Login Don't Delete
12060 Potranco Road,Sugey Cabrera,21,,,1,10/16/25 8:59 AM,10/16/25 9:10 AM,10 minutes and 32 seconds,KDS - Login Don't Delete
12060 Potranco Road,Sugey Cabrera,49,,Food,,10/16/25 9:08 AM,10/16/25 9:15 AM,6 minutes and 50 seconds,KDS - Login Don't Delete
12060 Potranco Road,Sugey Cabrera,49,,Drive Thru,,10/16/25 9:08 AM,10/16/25 9:15 AM,6 minutes and 50 seconds,KDS - Login Don't Delete
12060 Potranco Road,Emanuel Sanchez,50,,Food,,10/16/25 9:11 AM,10/16/25 9:15 AM,4 minutes and 7 seconds,KDS - Login Don't Delete
12060 Potranco Road,Emanuel Sanchez,50,,Drive Thru,,10/16/25 9:11 AM,10/16/25 9:15 AM,4 minutes and 7 seconds,KDS - Login Don't Delete
12060 Potranco Road,Melissa  Urena,51,,Drive Thru,,10/16/25 9:13 AM,10/16/25 9:19 AM,6 minutes and 17 seconds,KDS - Login Don't Delete
12060 Potranco Road,Melissa  Urena,51,,Food,,10/16/25 9:13 AM,10/16/25 9:19 AM,6 minutes and 17 seconds,KDS - Login Don't Delete
12060 Potranco Road,Melissa  Urena,52,,Drive Thru,,10/16/25 9:13 AM,10/16/25 9:19 AM,5 minutes and 46 seconds,KDS - Login Don't Delete
12060 Potranco Road,Melissa  Urena,52,,Food,,10/16/25 9:13 AM,10/16/25 9:19 AM,5 minutes and 46 seconds,KDS - Login Don't Delete
12060 Potranco Road,Sugey Cabrera,53,14,No Print,,10/16/25 9:16 AM,10/16/25 9:19 AM,3 minutes and 22 seconds,KDS - Login Don't Delete
12060 Potranco Road,Sugey Cabrera,53,14,Food,,10/16/25 9:16 AM,10/16/25 9:19 AM,3 minutes and 22 seconds,KDS - Login Don't Delete
12060 Potranco Road,Melissa  Urena,54,,Drive Thru,,10/16/25 9:17 AM,10/16/25 9:20 AM,3 minutes and 25 seconds,KDS - Login Don't Delete
12060 Potranco Road,Melissa  Urena,54,,Food,,10/16/25 9:17 AM,10/16/25 9:20 AM,3 minutes and 25 seconds,KDS - Login Don't Delete
12060 Potranco Road,Melissa  Urena,56,,Drive Thru,,10/16/25 9:25 AM,10/16/25 9:28 AM,3 minutes and 9 seconds,KDS - Login Don't Delete
12060 Potranco Road,Melissa  Urena,55,,Drive Thru,,10/16/25 9:25 AM,10/16/25 9:28 AM,3 minutes and 17 seconds,KDS - Login Don't Delete
12060 Potranco Road,Melissa  Urena,55,,Food,,10/16/25 9:25 AM,10/16/25 9:28 AM,3 minutes and 17 seconds,KDS - Login Don't Delete
12060 Potranco Road,Melissa  Urena,57,,Drive Thru,,10/16/25 9:25 AM,10/16/25 9:28 AM,2 minutes and 56 seconds,KDS - Login Don't Delete
12060 Potranco Road,Melissa  Urena,57,,Food,,10/16/25 9:25 AM,10/16/25 9:28 AM,2 minutes and 56 seconds,KDS - Login Don't Delete
12060 Potranco Road,Melissa  Urena,56,,Food,,10/16/25 9:25 AM,10/16/25 9:28 AM,3 minutes and 9 seconds,KDS - Login Don't Delete
12060 Potranco Road,Melissa  Urena,59,,Drive Thru,,10/16/25 9:34 AM,10/16/25 9:43 AM,9 minutes and 39 seconds,KDS - Login Don't Delete
12060 Potranco Road,Melissa  Urena,59,,Food,,10/16/25 9:34 AM,10/16/25 9:43 AM,9 minutes and 39 seconds,KDS - Login Don't Delete
12060 Potranco Road,Melissa  Urena,60,,Drive Thru,,10/16/25 9:43 AM,10/16/25 9:48 AM,4 minutes and 9 seconds,KDS - Login Don't Delete
12060 Potranco Road,Melissa  Urena,60,,Food,,10/16/25 9:43 AM,10/16/25 9:48 AM,4 minutes and 9 seconds,KDS - Login Don't Delete
12060 Potranco Road,Melissa  Urena,61,,Drive Thru,,10/16/25 9:49 AM,10/16/25 9:53 AM,4 minutes and 24 seconds,KDS - Login Don't Delete
12060 Potranco Road,Melissa  Urena,61,,Food,,10/16/25 9:49 AM,10/16/25 9:53 AM,4 minutes and 24 seconds,KDS - Login Don't Delete
12060 Potranco Road,Lizbeth Garcia,62,23,No Print,,10/16/25 9:50 AM,10/16/25 9:55 AM,5 minutes and 31 seconds,KDS - Login Don't Delete
12060 Potranco Road,Lizbeth Garcia,62,23,Food,,10/16/25 9:50 AM,10/16/25 9:55 AM,5 minutes and 31 seconds,KDS - Login Don't Delete
12060 Potranco Road,Sugey Cabrera,21,,No Print,,10/16/25 9:44 AM,10/16/25 9:55 AM,10 minutes and 50 seconds,KDS - Login Don't Delete
12060 Potranco Road,Sugey Cabrera,21,,Food,,10/16/25 9:44 AM,10/16/25 9:55 AM,10 minutes and 50 seconds,KDS - Login Don't Delete
12060 Potranco Road,Sugey Cabrera,49,,,1,10/16/25 9:15 AM,10/16/25 9:55 AM,40 minutes and 36 seconds,KDS - Login Don't Delete
12060 Potranco Road,Emanuel Sanchez,50,,,1,10/16/25 9:15 AM,10/16/25 9:55 AM,40 minutes and 35 seconds,KDS - Login Don't Delete
12060 Potranco Road,Sugey Cabrera,53,14,,1,10/16/25 9:19 AM,10/16/25 9:56 AM,36 minutes and 3 seconds,KDS - Login Don't Delete
12060 Potranco Road,Sugey Cabrera,21,,,1,10/16/25 9:55 AM,10/16/25 9:56 AM,22 seconds,KDS - Login Don't Delete
12060 Potranco Road,Emanuel Sanchez,63,1,No Print,,10/16/25 9:53 AM,10/16/25 9:57 AM,3 minutes and 46 seconds,KDS - Login Don't Delete
12060 Potranco Road,Emanuel Sanchez,63,1,Food,,10/16/25 9:53 AM,10/16/25 9:57 AM,3 minutes and 46 seconds,KDS - Login Don't Delete
12060 Potranco Road,Emanuel Sanchez,63,1,Drive Thru,,10/16/25 9:53 AM,10/16/25 9:57 AM,3 minutes and 46 seconds,KDS - Login Don't Delete
12060 Potranco Road,Sugey Cabrera,21,,No Print,,10/16/25 9:56 AM,10/16/25 9:58 AM,1 minute and 49 seconds,KDS - Login Don't Delete
12060 Potranco Road,Sugey Cabrera,21,,Food,,10/16/25 9:56 AM,10/16/25 9:58 AM,1 minute and 49 seconds,KDS - Login Don't Delete
12060 Potranco Road,Lizbeth Garcia,62,23,,1,10/16/25 9:55 AM,10/16/25 9:58 AM,3 minutes and 12 seconds,KDS - Login Don't Delete
12060 Potranco Road,Sugey Cabrera,21,,,1,10/16/25 9:58 AM,10/16/25 9:58 AM,28 seconds,KDS - Login Don't Delete
12060 Potranco Road,Emanuel Sanchez,63,1,,1,10/16/25 9:57 AM,10/16/25 9:58 AM,1 minute and 27 seconds,KDS - Login Don't Delete
12060 Potranco Road,Melissa  Urena,67,,Drive Thru,,10/16/25 10:00 AM,10/16/25 10:04 AM,3 minutes and 53 seconds,KDS - Login Don't Delete
12060 Potranco Road,Melissa  Urena,67,,Food,,10/16/25 10:00 AM,10/16/25 10:04 AM,3 minutes and 53 seconds,KDS - Login Don't Delete
12060 Potranco Road,Melissa  Urena,68,,Drive Thru,,10/16/25 10:01 AM,10/16/25 10:06 AM,5 minutes and 29 seconds,KDS - Login Don't Delete
12060 Potranco Road,Melissa  Urena,68,,Food,,10/16/25 10:01 AM,10/16/25 10:06 AM,5 minutes and 29 seconds,KDS - Login Don't Delete
12060 Potranco Road,Melissa  Urena,69,,Drive Thru,,10/16/25 10:06 AM,10/16/25 10:08 AM,2 minutes and 3 seconds,KDS - Login Don't Delete
12060 Potranco Road,Melissa  Urena,69,,Food,,10/16/25 10:06 AM,10/16/25 10:08 AM,2 minutes and 3 seconds,KDS - Login Don't Delete
12060 Potranco Road,Sugey Cabrera,66,31,No Print,,10/16/25 10:00 AM,10/16/25 10:09 AM,9 minutes and 1 second,KDS - Login Don't Delete
12060 Potranco Road,Lizbeth Garcia,65,,No Print,,10/16/25 10:00 AM,10/16/25 10:09 AM,9 minutes and 34 seconds,KDS - Login Don't Delete
12060 Potranco Road,Lizbeth Garcia,65,,Food,,10/16/25 10:00 AM,10/16/25 10:09 AM,9 minutes and 34 seconds,KDS - Login Don't Delete
12060 Potranco Road,Sugey Cabrera,66,31,Food,,10/16/25 10:00 AM,10/16/25 10:09 AM,9 minutes and 1 second,KDS - Login Don't Delete
12060 Potranco Road,Sugey Cabrera,66,31,Drive Thru,,10/16/25 10:00 AM,10/16/25 10:09 AM,9 minutes and 1 second,KDS - Login Don't Delete
12060 Potranco Road,Melissa  Urena,70,,Drive Thru,,10/16/25 10:06 AM,10/16/25 10:11 AM,4 minutes and 44 seconds,KDS - Login Don't Delete
12060 Potranco Road,Melissa  Urena,70,,Food,,10/16/25 10:06 AM,10/16/25 10:11 AM,4 minutes and 44 seconds,KDS - Login Don't Delete
12060 Potranco Road,Melissa  Urena,71,,Drive Thru,,10/16/25 10:10 AM,10/16/25 10:13 AM,2 minutes and 59 seconds,KDS - Login Don't Delete
12060 Potranco Road,Melissa  Urena,71,,Food,,10/16/25 10:10 AM,10/16/25 10:13 AM,2 minutes and 59 seconds,KDS - Login Don't Delete
12060 Potranco Road,Melissa  Urena,72,,Drive Thru,,10/16/25 10:12 AM,10/16/25 10:13 AM,1 minute and 35 seconds,KDS - Login Don't Delete
12060 Potranco Road,Melissa  Urena,72,,Food,,10/16/25 10:12 AM,10/16/25 10:13 AM,1 minute and 35 seconds,KDS - Login Don't Delete
12060 Potranco Road,Emanuel Sanchez,74,16,No Print,,10/16/25 10:18 AM,10/16/25 10:20 AM,2 minutes and 12 seconds,KDS - Login Don't Delete
12060 Potranco Road,Emanuel Sanchez,74,16,Food,,10/16/25 10:18 AM,10/16/25 10:20 AM,2 minutes and 12 seconds,KDS - Login Don't Delete
12060 Potranco Road,Sugey Cabrera,73,4,No Print,,10/16/25 10:15 AM,10/16/25 10:20 AM,5 minutes and 12 seconds,KDS - Login Don't Delete
12060 Potranco Road,Sugey Cabrera,66,31,No Print,,10/16/25 10:19 AM,10/16/25 10:20 AM,51 seconds,KDS - Login Don't Delete
12060 Potranco Road,Sugey Cabrera,66,31,Food,,10/16/25 10:19 AM,10/16/25 10:20 AM,51 seconds,KDS - Login Don't Delete
12060 Potranco Road,Emanuel Sanchez,74,16,No Print,,10/16/25 10:17 AM,10/16/25 10:20 AM,3 minutes and 23 seconds,KDS - Login Don't Delete
12060 Potranco Road,Emanuel Sanchez,74,16,Food,,10/16/25 10:17 AM,10/16/25 10:20 AM,3 minutes and 23 seconds,KDS - Login Don't Delete
12060 Potranco Road,Sugey Cabrera,73,4,Food,,10/16/25 10:15 AM,10/16/25 10:20 AM,5 minutes and 12 seconds,KDS - Login Don't Delete
12060 Potranco Road,Melissa  Urena,76,,Food,,10/16/25 10:17 AM,10/16/25 10:21 AM,3 minutes and 55 seconds,KDS - Login Don't Delete
12060 Potranco Road,Melissa  Urena,78,,Drive Thru,,10/16/25 10:19 AM,10/16/25 10:22 AM,2 minutes and 27 seconds,KDS - Login Don't Delete
12060 Potranco Road,Melissa  Urena,78,,Food,,10/16/25 10:19 AM,10/16/25 10:22 AM,2 minutes and 27 seconds,KDS - Login Don't Delete
12060 Potranco Road,Sugey Cabrera,75,,Food,,10/16/25 10:17 AM,10/16/25 10:23 AM,5 minutes and 51 seconds,KDS - Login Don't Delete
12060 Potranco Road,Sugey Cabrera,75,,Drive Thru,,10/16/25 10:17 AM,10/16/25 10:23 AM,5 minutes and 51 seconds,KDS - Login Don't Delete
12060 Potranco Road,Sugey Cabrera,75,,Drinks,,10/16/25 10:17 AM,10/16/25 10:23 AM,5 minutes and 51 seconds,KDS - Login Don't Delete
12060 Potranco Road,Sugey Cabrera,75,,No Print,,10/16/25 10:17 AM,10/16/25 10:23 AM,5 minutes and 51 seconds,KDS - Login Don't Delete
12060 Potranco Road,Lizbeth Garcia,81,34,No Print,,10/16/25 10:24 AM,10/16/25 10:25 AM,1 minute and 10 seconds,KDS - Login Don't Delete
12060 Potranco Road,Lizbeth Garcia,81,34,Food,,10/16/25 10:24 AM,10/16/25 10:25 AM,1 minute and 10 seconds,KDS - Login Don't Delete
12060 Potranco Road,Lizbeth Garcia,65,,,1,10/16/25 10:09 AM,10/16/25 10:27 AM,17 minutes and 56 seconds,KDS - Login Don't Delete
12060 Potranco Road,Sugey Cabrera,73,4,,1,10/16/25 10:20 AM,10/16/25 10:27 AM,7 minutes and 29 seconds,KDS - Login Don't Delete
12060 Potranco Road,Sugey Cabrera,66,31,No Print,,10/16/25 10:25 AM,10/16/25 10:28 AM,2 minutes and 18 seconds,KDS - Login Don't Delete
12060 Potranco Road,Sugey Cabrera,66,31,Food,,10/16/25 10:25 AM,10/16/25 10:28 AM,2 minutes and 18 seconds,KDS - Login Don't Delete
12060 Potranco Road,Melissa  Urena,79,,Drive Thru,,10/16/25 10:20 AM,10/16/25 10:27 AM,7 minutes and 2 seconds,KDS - Login Don't Delete
12060 Potranco Road,Melissa  Urena,79,,Food,,10/16/25 10:20 AM,10/16/25 10:27 AM,7 minutes and 2 seconds,KDS - Login Don't Delete
12060 Potranco Road,Emanuel Sanchez,74,16,,1,10/16/25 10:20 AM,10/16/25 10:27 AM,7 minutes and 33 seconds,KDS - Login Don't Delete
12060 Potranco Road,Melissa  Urena,80,,Drive Thru,,10/16/25 10:23 AM,10/16/25 10:27 AM,4 minutes and 42 seconds,KDS - Login Don't Delete
12060 Potranco Road,Melissa  Urena,80,,Food,,10/16/25 10:23 AM,10/16/25 10:27 AM,4 minutes and 42 seconds,KDS - Login Don't Delete
12060 Potranco Road,Emanuel Sanchez,74,16,,1,10/16/25 10:20 AM,10/16/25 10:28 AM,7 minutes and 55 seconds,KDS - Login Don't Delete
12060 Potranco Road,Sugey Cabrera,66,31,,1,10/16/25 10:20 AM,10/16/25 10:28 AM,8 minutes and 2 seconds,KDS - Login Don't Delete
12060 Potranco Road,Sugey Cabrera,75,,,1,10/16/25 10:23 AM,10/16/25 10:28 AM,5 minutes and 15 seconds,KDS - Login Don't Delete
12060 Potranco Road,Lizbeth Garcia,81,34,,1,10/16/25 10:25 AM,10/16/25 10:28 AM,3 minutes and 10 seconds,KDS - Login Don't Delete
12060 Potranco Road,Sugey Cabrera,66,31,,1,10/16/25 10:28 AM,10/16/25 10:28 AM,41 seconds,KDS - Login Don't Delete
12060 Potranco Road,Emanuel Sanchez,90,20,,1,10/16/25 10:31 AM,10/16/25 10:34 AM,2 minutes and 12 seconds,KDS - Login Don't Delete
12060 Potranco Road,Melissa  Urena,87,,Food,,10/16/25 10:29 AM,10/16/25 10:34 AM,5 minutes and 29 seconds,KDS - Login Don't Delete
12060 Potranco Road,Melissa  Urena,87,,Drive Thru,,10/16/25 10:29 AM,10/16/25 10:34 AM,5 minutes and 29 seconds,KDS - Login Don't Delete
12060 Potranco Road,Melissa  Urena,91,,Drive Thru,,10/16/25 10:32 AM,10/16/25 10:35 AM,3 minutes and 25 seconds,KDS - Login Don't Delete
12060 Potranco Road,Melissa  Urena,91,,Food,,10/16/25 10:32 AM,10/16/25 10:35 AM,3 minutes and 25 seconds,KDS - Login Don't Delete
12060 Potranco Road,Lizbeth Garcia,88,5,No Print,,10/16/25 10:31 AM,10/16/25 10:36 AM,5 minutes and 13 seconds,KDS - Login Don't Delete
12060 Potranco Road,Lizbeth Garcia,88,5,Food,,10/16/25 10:31 AM,10/16/25 10:36 AM,5 minutes and 13 seconds,KDS - Login Don't Delete
12060 Potranco Road,Lizbeth Garcia,88,5,,1,10/16/25 10:36 AM,10/16/25 10:36 AM,23 seconds,KDS - Login Don't Delete
12060 Potranco Road,Melissa  Urena,89,,Drive Thru,,10/16/25 10:30 AM,10/16/25 10:42 AM,11 minutes and 4 seconds,KDS - Login Don't Delete
12060 Potranco Road,Melissa  Urena,89,,Food,,10/16/25 10:30 AM,10/16/25 10:42 AM,11 minutes and 4 seconds,KDS - Login Don't Delete
12060 Potranco Road,Lizbeth Garcia,93,3,No Print,,10/16/25 10:38 AM,10/16/25 10:47 AM,9 minutes and 3 seconds,KDS - Login Don't Delete
12060 Potranco Road,Lizbeth Garcia,93,3,Food,,10/16/25 10:38 AM,10/16/25 10:47 AM,9 minutes and 3 seconds,KDS - Login Don't Delete
12060 Potranco Road,Lizbeth Garcia,93,3,Drive Thru,,10/16/25 10:38 AM,10/16/25 10:47 AM,9 minutes and 3 seconds,KDS - Login Don't Delete
12060 Potranco Road,Melissa  Urena,92,,Drive Thru,,10/16/25 10:32 AM,10/16/25 10:49 AM,16 minutes and 39 seconds,KDS - Login Don't Delete
12060 Potranco Road,Melissa  Urena,92,,Food,,10/16/25 10:32 AM,10/16/25 10:49 AM,16 minutes and 39 seconds,KDS - Login Don't Delete
12060 Potranco Road,Melissa  Urena,98,,Drive Thru,,10/16/25 10:41 AM,10/16/25 10:49 AM,7 minutes and 49 seconds,KDS - Login Don't Delete
12060 Potranco Road,Melissa  Urena,98,,Food,,10/16/25 10:41 AM,10/16/25 10:49 AM,7 minutes and 49 seconds,KDS - Login Don't Delete
12060 Potranco Road,Sugey Cabrera,97,1,No Print,,10/16/25 10:45 AM,10/16/25 10:57 AM,11 minutes and 46 seconds,KDS - Login Don't Delete
12060 Potranco Road,Sugey Cabrera,97,1,Food,,10/16/25 10:45 AM,10/16/25 10:57 AM,11 minutes and 46 seconds,KDS - Login Don't Delete
12060 Potranco Road,Emanuel Sanchez,99,12,Food,,10/16/25 10:46 AM,10/16/25 10:57 AM,10 minutes and 51 seconds,KDS - Login Don't Delete
12060 Potranco Road,Emanuel Sanchez,99,12,No Print,,10/16/25 10:46 AM,10/16/25 10:57 AM,10 minutes and 51 seconds,KDS - Login Don't Delete
12060 Potranco Road,Sugey Cabrera,66,31,,1,10/16/25 10:00 AM,10/16/25 11:03 AM,"1 hour, 2 minutes and 19 seconds",KDS - Login Don't Delete
12060 Potranco Road,Emanuel Sanchez,99,12,,1,10/16/25 10:57 AM,10/16/25 11:03 AM,6 minutes and 10 seconds,KDS - Login Don't Delete
12060 Potranco Road,Sugey Cabrera,97,1,,1,10/16/25 10:57 AM,10/16/25 11:03 AM,6 minutes and 11 seconds,KDS - Login Don't Delete
12060 Potranco Road,Lizbeth Garcia,93,3,,1,10/16/25 10:47 AM,10/16/25 11:03 AM,15 minutes and 54 seconds,KDS - Login Don't Delete
12060 Potranco Road,Sugey Cabrera,103,15,No Print,,10/16/25 11:00 AM,10/16/25 11:06 AM,5 minutes and 48 seconds,KDS - Login Don't Delete
12060 Potranco Road,Sugey Cabrera,103,15,Food,,10/16/25 11:00 AM,10/16/25 11:06 AM,5 minutes and 48 seconds,KDS - Login Don't Delete
12060 Potranco Road,Melissa  Urena,101,,Drive Thru,,10/16/25 10:57 AM,10/16/25 11:08 AM,11 minutes and 22 seconds,KDS - Login Don't Delete
12060 Potranco Road,Melissa  Urena,101,,Food,,10/16/25 10:57 AM,10/16/25 11:08 AM,11 minutes and 22 seconds,KDS - Login Don't Delete
12060 Potranco Road,Melissa  Urena,102,,Drive Thru,,10/16/25 11:00 AM,10/16/25 11:08 AM,7 minutes and 40 seconds,KDS - Login Don't Delete
12060 Potranco Road,Melissa  Urena,102,,Food,,10/16/25 11:00 AM,10/16/25 11:08 AM,7 minutes and 40 seconds,KDS - Login Don't Delete
12060 Potranco Road,Melissa  Urena,104,,Drive Thru,,10/16/25 11:05 AM,10/16/25 11:09 AM,3 minutes and 57 seconds,KDS - Login Don't Delete
12060 Potranco Road,Melissa  Urena,104,,Food,,10/16/25 11:05 AM,10/16/25 11:09 AM,3 minutes and 57 seconds,KDS - Login Don't Delete
12060 Potranco Road,Melissa  Urena,108,,Drive Thru,,10/16/25 11:07 AM,10/16/25 11:09 AM,2 minutes and 9 seconds,KDS - Login Don't Delete
12060 Potranco Road,Melissa  Urena,108,,Food,,10/16/25 11:07 AM,10/16/25 11:09 AM,2 minutes and 9 seconds,KDS - Login Don't Delete
12060 Potranco Road,Melissa  Urena,107,,Drive Thru,,10/16/25 11:07 AM,10/16/25 11:12 AM,5 minutes and 47 seconds,KDS - Login Don't Delete
12060 Potranco Road,Melissa  Urena,107,,Food,,10/16/25 11:07 AM,10/16/25 11:12 AM,5 minutes and 47 seconds,KDS - Login Don't Delete
12060 Potranco Road,Melissa  Urena,109,,Food,,10/16/25 11:11 AM,10/16/25 11:15 AM,4 minutes and 2 seconds,KDS - Login Don't Delete
12060 Potranco Road,Melissa  Urena,109,,Drive Thru,,10/16/25 11:11 AM,10/16/25 11:15 AM,4 minutes and 2 seconds,KDS - Login Don't Delete
12060 Potranco Road,Melissa  Urena,105,,Drive Thru,,10/16/25 11:05 AM,10/16/25 11:15 AM,9 minutes and 34 seconds,KDS - Login Don't Delete
12060 Potranco Road,Melissa  Urena,105,,Food,,10/16/25 11:05 AM,10/16/25 11:15 AM,9 minutes and 34 seconds,KDS - Login Don't Delete
12060 Potranco Road,Sugey Cabrera,103,15,,1,10/16/25 11:06 AM,10/16/25 11:17 AM,10 minutes and 25 seconds,KDS - Login Don't Delete
12060 Potranco Road,Sugey Cabrera,97,1,,1,10/16/25 11:13 AM,10/16/25 11:17 AM,3 minutes and 26 seconds,KDS - Login Don't Delete
12060 Potranco Road,Sugey Cabrera,110,20,No Print,,10/16/25 11:12 AM,10/16/25 11:19 AM,6 minutes and 31 seconds,KDS - Login Don't Delete
12060 Potranco Road,Sugey Cabrera,110,20,Food,,10/16/25 11:12 AM,10/16/25 11:19 AM,6 minutes and 31 seconds,KDS - Login Don't Delete
12060 Potranco Road,Sugey Cabrera,110,20,Drive Thru,,10/16/25 11:12 AM,10/16/25 11:19 AM,6 minutes and 31 seconds,KDS - Login Don't Delete
12060 Potranco Road,Emanuel Sanchez,106,2,Food,,10/16/25 11:11 AM,10/16/25 11:19 AM,8 minutes and 6 seconds,KDS - Login Don't Delete
12060 Potranco Road,Sugey Cabrera,110,20,,1,10/16/25 11:19 AM,10/16/25 11:20 AM,1 minute and 13 seconds,KDS - Login Don't Delete
12060 Potranco Road,Emanuel Sanchez,106,2,No Print,,10/16/25 11:09 AM,10/16/25 11:22 AM,13 minutes and 10 seconds,KDS - Login Don't Delete
12060 Potranco Road,Emanuel Sanchez,106,2,Food,,10/16/25 11:09 AM,10/16/25 11:22 AM,13 minutes and 10 seconds,KDS - Login Don't Delete
12060 Potranco Road,Lizbeth Garcia,112,14,No Print,,10/16/25 11:14 AM,10/16/25 11:22 AM,7 minutes and 46 seconds,KDS - Login Don't Delete
12060 Potranco Road,Lizbeth Garcia,112,14,Food,,10/16/25 11:14 AM,10/16/25 11:22 AM,7 minutes and 46 seconds,KDS - Login Don't Delete
12060 Potranco Road,Emanuel Sanchez,106,2,,1,10/16/25 11:22 AM,10/16/25 11:23 AM,1 minute and 21 seconds,KDS - Login Don't Delete
12060 Potranco Road,Emanuel Sanchez,106,2,,1,10/16/25 11:19 AM,10/16/25 11:23 AM,4 minutes and 47 seconds,KDS - Login Don't Delete
12060 Potranco Road,Melissa  Urena,111,,Drive Thru,,10/16/25 11:13 AM,10/16/25 11:30 AM,16 minutes and 51 seconds,KDS - Login Don't Delete
12060 Potranco Road,Melissa  Urena,111,,Food,,10/16/25 11:13 AM,10/16/25 11:30 AM,16 minutes and 51 seconds,KDS - Login Don't Delete
12060 Potranco Road,Melissa  Urena,113,,Food,,10/16/25 11:15 AM,10/16/25 11:30 AM,14 minutes and 52 seconds,KDS - Login Don't Delete
12060 Potranco Road,Melissa  Urena,115,,Drive Thru,,10/16/25 11:16 AM,10/16/25 11:30 AM,13 minutes and 54 seconds,KDS - Login Don't Delete
12060 Potranco Road,Melissa  Urena,115,,Food,,10/16/25 11:16 AM,10/16/25 11:30 AM,13 minutes and 54 seconds,KDS - Login Don't Delete
12060 Potranco Road,Melissa  Urena,118,,Drive Thru,,10/16/25 11:23 AM,10/16/25 11:30 AM,7 minutes and 39 seconds,KDS - Login Don't Delete
12060 Potranco Road,Melissa  Urena,118,,Food,,10/16/25 11:23 AM,10/16/25 11:30 AM,7 minutes and 39 seconds,KDS - Login Don't Delete
12060 Potranco Road,Melissa  Urena,117,,Drive Thru,,10/16/25 11:20 AM,10/16/25 11:30 AM,9 minutes and 58 seconds,KDS - Login Don't Delete
12060 Potranco Road,Melissa  Urena,117,,Food,,10/16/25 11:20 AM,10/16/25 11:30 AM,9 minutes and 58 seconds,KDS - Login Don't Delete
12060 Potranco Road,Emanuel Sanchez,116,3,No Print,,10/16/25 11:20 AM,10/16/25 11:33 AM,12 minutes and 30 seconds,KDS - Login Don't Delete
12060 Potranco Road,Emanuel Sanchez,116,3,Food,,10/16/25 11:20 AM,10/16/25 11:33 AM,12 minutes and 30 seconds,KDS - Login Don't Delete
12060 Potranco Road,Emanuel Sanchez,116,3,Drive Thru,,10/16/25 11:20 AM,10/16/25 11:33 AM,12 minutes and 30 seconds,KDS - Login Don't Delete
12060 Potranco Road,Lizbeth Garcia,119,16,No Print,,10/16/25 11:24 AM,10/16/25 11:33 AM,9 minutes and 17 seconds,KDS - Login Don't Delete
12060 Potranco Road,Lizbeth Garcia,119,16,Food,,10/16/25 11:24 AM,10/16/25 11:33 AM,9 minutes and 17 seconds,KDS - Login Don't Delete
12060 Potranco Road,Emanuel Sanchez,125,,,1,10/16/25 11:35 AM,10/16/25 11:41 AM,5 minutes and 42 seconds,KDS - Login Don't Delete
12060 Potranco Road,Sugey Cabrera,123,6,No Print,,10/16/25 11:34 AM,10/16/25 11:41 AM,7 minutes and 21 seconds,KDS - Login Don't Delete
12060 Potranco Road,Sugey Cabrera,123,6,Food,,10/16/25 11:34 AM,10/16/25 11:41 AM,7 minutes and 21 seconds,KDS - Login Don't Delete
12060 Potranco Road,Sugey Cabrera,123,6,Drive Thru,,10/16/25 11:34 AM,10/16/25 11:41 AM,7 minutes and 21 seconds,KDS - Login Don't Delete
12060 Potranco Road,Melissa  Urena,121,,Food,,10/16/25 11:28 AM,10/16/25 11:41 AM,13 minutes and 44 seconds,KDS - Login Don't Delete
12060 Potranco Road,Melissa  Urena,120,,Drive Thru,,10/16/25 11:27 AM,10/16/25 11:41 AM,14 minutes and 41 seconds,KDS - Login Don't Delete
12060 Potranco Road,Melissa  Urena,120,,Food,,10/16/25 11:27 AM,10/16/25 11:41 AM,14 minutes and 41 seconds,KDS - Login Don't Delete
12060 Potranco Road,Melissa  Urena,122,,Drive Thru,,10/16/25 11:29 AM,10/16/25 11:41 AM,12 minutes and 24 seconds,KDS - Login Don't Delete
12060 Potranco Road,Melissa  Urena,122,,Food,,10/16/25 11:29 AM,10/16/25 11:41 AM,12 minutes and 24 seconds,KDS - Login Don't Delete
12060 Potranco Road,Melissa  Urena,124,,Drive Thru,,10/16/25 11:33 AM,10/16/25 11:41 AM,8 minutes and 58 seconds,KDS - Login Don't Delete
12060 Potranco Road,Melissa  Urena,124,,Food,,10/16/25 11:33 AM,10/16/25 11:41 AM,8 minutes and 58 seconds,KDS - Login Don't Delete
12060 Potranco Road,Melissa  Urena,128,,Drive Thru,,10/16/25 11:38 AM,10/16/25 11:42 AM,4 minutes and 11 seconds,KDS - Login Don't Delete
12060 Potranco Road,Melissa  Urena,128,,Food,,10/16/25 11:38 AM,10/16/25 11:42 AM,4 minutes and 11 seconds,KDS - Login Don't Delete
12060 Potranco Road,Melissa  Urena,130,,Drive Thru,,10/16/25 11:39 AM,10/16/25 11:43 AM,4 minutes and 1 second,KDS - Login Don't Delete
12060 Potranco Road,Melissa  Urena,130,,Food,,10/16/25 11:39 AM,10/16/25 11:43 AM,4 minutes and 1 second,KDS - Login Don't Delete
12060 Potranco Road,Sugey Cabrera,127,,,1,10/16/25 11:37 AM,10/16/25 11:43 AM,5 minutes and 50 seconds,KDS - Login Don't Delete
12060 Potranco Road,Melissa  Urena,129,,Drive Thru,,10/16/25 11:38 AM,10/16/25 11:45 AM,6 minutes and 10 seconds,KDS - Login Don't Delete
12060 Potranco Road,Melissa  Urena,129,,Food,,10/16/25 11:38 AM,10/16/25 11:45 AM,6 minutes and 10 seconds,KDS - Login Don't Delete
12060 Potranco Road,Lizbeth Garcia,112,14,,1,10/16/25 11:22 AM,10/16/25 11:51 AM,28 minutes and 41 seconds,KDS - Login Don't Delete
12060 Potranco Road,Lizbeth Garcia,119,16,,1,10/16/25 11:33 AM,10/16/25 11:51 AM,17 minutes and 45 seconds,KDS - Login Don't Delete
12060 Potranco Road,Sugey Cabrera,127,,,1,10/16/25 11:47 AM,10/16/25 11:51 AM,3 minutes and 48 seconds,KDS - Login Don't Delete
12060 Potranco Road,Lizbeth Garcia,133,14,No Print,,10/16/25 11:53 AM,10/16/25 11:53 AM,13 seconds,KDS - Login Don't Delete
12060 Potranco Road,Lizbeth Garcia,133,14,Food,,10/16/25 11:53 AM,10/16/25 11:53 AM,13 seconds,KDS - Login Don't Delete
12060 Potranco Road,Emanuel Sanchez,132,,,1,10/16/25 11:43 AM,10/16/25 11:53 AM,10 minutes and 11 seconds,KDS - Login Don't Delete
12060 Potranco Road,Emanuel Sanchez,116,3,,1,10/16/25 11:33 AM,10/16/25 11:56 AM,23 minutes and 10 seconds,KDS - Login Don't Delete
12060 Potranco Road,Lizbeth Garcia,133,14,,1,10/16/25 11:53 AM,10/16/25 11:56 AM,3 minutes and 15 seconds,KDS - Login Don't Delete
12060 Potranco Road,Sugey Cabrera,123,6,,1,10/16/25 11:41 AM,10/16/25 11:56 AM,15 minutes and 12 seconds,KDS - Login Don't Delete
12060 Potranco Road,Melissa  Urena,136,,Drive Thru,,10/16/25 11:46 AM,10/16/25 11:58 AM,12 minutes and 1 second,KDS - Login Don't Delete
12060 Potranco Road,Melissa  Urena,136,,Food,,10/16/25 11:46 AM,10/16/25 11:58 AM,12 minutes and 1 second,KDS - Login Don't Delete
12060 Potranco Road,Melissa  Urena,134,,Food,,10/16/25 11:44 AM,10/16/25 11:58 AM,13 minutes and 50 seconds,KDS - Login Don't Delete
12060 Potranco Road,Melissa  Urena,134,,Drive Thru,,10/16/25 11:44 AM,10/16/25 11:58 AM,13 minutes and 50 seconds,KDS - Login Don't Delete
12060 Potranco Road,Emanuel Sanchez,116,3,No Print,,10/16/25 11:58 AM,10/16/25 11:58 AM,38 seconds,KDS - Login Don't Delete
12060 Potranco Road,Emanuel Sanchez,116,3,Food,,10/16/25 11:58 AM,10/16/25 11:58 AM,38 seconds,KDS - Login Don't Delete
12060 Potranco Road,Emanuel Sanchez,116,3,,1,10/16/25 11:58 AM,10/16/25 11:59 AM,51 seconds,KDS - Login Don't Delete
12060 Potranco Road,Candy Del Angel,135,,Food,,10/16/25 11:47 AM,10/16/25 12:02 PM,15 minutes and 38 seconds,KDS - Login Don't Delete
12060 Potranco Road,Candy Del Angel,135,,Drive Thru,,10/16/25 11:47 AM,10/16/25 12:02 PM,15 minutes and 38 seconds,KDS - Login Don't Delete
12060 Potranco Road,Melissa  Urena,138,,Drive Thru,,10/16/25 11:51 AM,10/16/25 12:02 PM,11 minutes and 42 seconds,KDS - Login Don't Delete
12060 Potranco Road,Melissa  Urena,138,,Food,,10/16/25 11:51 AM,10/16/25 12:02 PM,11 minutes and 42 seconds,KDS - Login Don't Delete
12060 Potranco Road,Lizbeth Garcia,142,15,,1,10/16/25 12:03 PM,10/16/25 12:08 PM,4 minutes and 55 seconds,KDS - Login Don't Delete
12060 Potranco Road,Lizbeth Garcia,143,35,,1,10/16/25 12:05 PM,10/16/25 12:08 PM,3 minutes and 1 second,KDS - Login Don't Delete
12060 Potranco Road,Melissa  Urena,140,,Drive Thru,,10/16/25 12:00 PM,10/16/25 12:12 PM,12 minutes and 9 seconds,KDS - Login Don't Delete
12060 Potranco Road,Melissa  Urena,140,,Food,,10/16/25 12:00 PM,10/16/25 12:12 PM,12 minutes and 9 seconds,KDS - Login Don't Delete
12060 Potranco Road,Melissa  Urena,141,,Drive Thru,,10/16/25 12:00 PM,10/16/25 12:12 PM,11 minutes and 27 seconds,KDS - Login Don't Delete
12060 Potranco Road,Melissa  Urena,141,,Food,,10/16/25 12:00 PM,10/16/25 12:12 PM,11 minutes and 27 seconds,KDS - Login Don't Delete
12060 Potranco Road,Melissa  Urena,145,,Drive Thru,,10/16/25 12:08 PM,10/16/25 12:12 PM,3 minutes and 21 seconds,KDS - Login Don't Delete
12060 Potranco Road,Melissa  Urena,145,,Food,,10/16/25 12:08 PM,10/16/25 12:12 PM,3 minutes and 21 seconds,KDS - Login Don't Delete
12060 Potranco Road,Sugey Cabrera,144,8,No Print,,10/16/25 12:07 PM,10/16/25 12:12 PM,5 minutes and 8 seconds,KDS - Login Don't Delete
12060 Potranco Road,Sugey Cabrera,144,8,Food,,10/16/25 12:07 PM,10/16/25 12:12 PM,5 minutes and 8 seconds,KDS - Login Don't Delete
12060 Potranco Road,Sugey Cabrera,144,8,,1,10/16/25 12:12 PM,10/16/25 12:14 PM,2 minutes and 15 seconds,KDS - Login Don't Delete
12060 Potranco Road,Lizbeth Garcia,143,35,No Print,,10/16/25 12:13 PM,10/16/25 12:23 PM,10 minutes and 1 second,KDS - Login Don't Delete
12060 Potranco Road,Lizbeth Garcia,143,35,Food,,10/16/25 12:13 PM,10/16/25 12:23 PM,10 minutes and 1 second,KDS - Login Don't Delete
12060 Potranco Road,Emanuel Sanchez,148,25,No Print,,10/16/25 12:13 PM,10/16/25 12:23 PM,9 minutes and 32 seconds,KDS - Login Don't Delete
12060 Potranco Road,Emanuel Sanchez,148,25,Food,,10/16/25 12:13 PM,10/16/25 12:23 PM,9 minutes and 32 seconds,KDS - Login Don't Delete
12060 Potranco Road,Emanuel Sanchez,148,25,,1,10/16/25 12:23 PM,10/16/25 12:24 PM,57 seconds,KDS - Login Don't Delete
12060 Potranco Road,Lizbeth Garcia,143,35,,1,10/16/25 12:23 PM,10/16/25 12:24 PM,1 minute and 2 seconds,KDS - Login Don't Delete
12060 Potranco Road,Sugey Cabrera,153,31,No Print,,10/16/25 12:23 PM,10/16/25 12:27 PM,4 minutes and 4 seconds,KDS - Login Don't Delete
12060 Potranco Road,Sugey Cabrera,153,31,Food,,10/16/25 12:23 PM,10/16/25 12:27 PM,4 minutes and 4 seconds,KDS - Login Don't Delete
12060 Potranco Road,Sugey Cabrera,153,31,,1,10/16/25 12:27 PM,10/16/25 12:27 PM,4 seconds,KDS - Login Don't Delete
12060 Potranco Road,Melissa  Urena,152,,Food,,10/16/25 12:26 PM,10/16/25 12:29 PM,2 minutes and 58 seconds,KDS - Login Don't Delete
12060 Potranco Road,Melissa  Urena,151,,Drive Thru,,10/16/25 12:21 PM,10/16/25 12:29 PM,8 minutes and 8 seconds,KDS - Login Don't Delete
12060 Potranco Road,Melissa  Urena,151,,Food,,10/16/25 12:21 PM,10/16/25 12:29 PM,8 minutes and 8 seconds,KDS - Login Don't Delete
12060 Potranco Road,Melissa  Urena,159,,Food,,10/16/25 12:34 PM,10/16/25 12:38 PM,3 minutes and 55 seconds,KDS - Login Don't Delete
12060 Potranco Road,Melissa  Urena,159,,Drive Thru,,10/16/25 12:34 PM,10/16/25 12:38 PM,3 minutes and 55 seconds,KDS - Login Don't Delete
12060 Potranco Road,Emanuel Sanchez,150,3,No Print,,10/16/25 12:31 PM,10/16/25 12:42 PM,11 minutes and 21 seconds,KDS - Login Don't Delete
12060 Potranco Road,Emanuel Sanchez,150,3,Food,,10/16/25 12:31 PM,10/16/25 12:42 PM,11 minutes and 21 seconds,KDS - Login Don't Delete
12060 Potranco Road,Melissa  Urena,157,,Drive Thru,,10/16/25 12:32 PM,10/16/25 12:44 PM,11 minutes and 50 seconds,KDS - Login Don't Delete
12060 Potranco Road,Melissa  Urena,157,,Food,,10/16/25 12:32 PM,10/16/25 12:44 PM,11 minutes and 50 seconds,KDS - Login Don't Delete
12060 Potranco Road,Melissa  Urena,155,,Drive Thru,,10/16/25 12:32 PM,10/16/25 12:44 PM,12 minutes,KDS - Login Don't Delete
12060 Potranco Road,Melissa  Urena,155,,Food,,10/16/25 12:32 PM,10/16/25 12:44 PM,12 minutes,KDS - Login Don't Delete
12060 Potranco Road,Emanuel Sanchez,150,3,,1,10/16/25 12:42 PM,10/16/25 12:44 PM,2 minutes and 24 seconds,KDS - Login Don't Delete
12060 Potranco Road,Emanuel Sanchez,156,6,No Print,,10/16/25 12:34 PM,10/16/25 12:47 PM,12 minutes and 49 seconds,KDS - Login Don't Delete
12060 Potranco Road,Emanuel Sanchez,156,6,Food,,10/16/25 12:34 PM,10/16/25 12:47 PM,12 minutes and 49 seconds,KDS - Login Don't Delete
12060 Potranco Road,Carlos Morales,164,,,1,10/16/25 12:43 PM,10/16/25 12:47 PM,3 minutes and 56 seconds,KDS - Login Don't Delete
12060 Potranco Road,Carlos Morales,162,,,1,10/16/25 12:41 PM,10/16/25 12:48 PM,7 minutes,KDS - Login Don't Delete
12060 Potranco Road,Lizbeth Garcia,161,15,,1,10/16/25 12:39 PM,10/16/25 12:49 PM,10 minutes and 26 seconds,KDS - Login Don't Delete
12060 Potranco Road,Sugey Cabrera,158,12,No Print,,10/16/25 12:37 PM,10/16/25 12:49 PM,12 minutes and 37 seconds,KDS - Login Don't Delete
12060 Potranco Road,Sugey Cabrera,158,12,Food,,10/16/25 12:37 PM,10/16/25 12:49 PM,12 minutes and 37 seconds,KDS - Login Don't Delete
12060 Potranco Road,Sugey Cabrera,158,12,,1,10/16/25 12:49 PM,10/16/25 12:50 PM,24 seconds,KDS - Login Don't Delete
12060 Potranco Road,Melissa  Urena,167,,Drive Thru,,10/16/25 12:45 PM,10/16/25 12:51 PM,5 minutes and 58 seconds,KDS - Login Don't Delete
12060 Potranco Road,Melissa  Urena,167,,Food,,10/16/25 12:45 PM,10/16/25 12:51 PM,5 minutes and 58 seconds,KDS - Login Don't Delete
12060 Potranco Road,Melissa  Urena,168,,Drive Thru,,10/16/25 12:46 PM,10/16/25 12:53 PM,6 minutes and 46 seconds,KDS - Login Don't Delete
12060 Potranco Road,Melissa  Urena,168,,Food,,10/16/25 12:46 PM,10/16/25 12:53 PM,6 minutes and 46 seconds,KDS - Login Don't Delete
12060 Potranco Road,Lizbeth Garcia,165,4,No Print,,10/16/25 12:44 PM,10/16/25 12:56 PM,11 minutes and 49 seconds,KDS - Login Don't Delete
12060 Potranco Road,Lizbeth Garcia,165,4,Food,,10/16/25 12:44 PM,10/16/25 12:56 PM,11 minutes and 49 seconds,KDS - Login Don't Delete
12060 Potranco Road,Emanuel Sanchez,156,6,Drive Thru,,10/16/25 12:51 PM,10/16/25 12:56 PM,5 minutes and 23 seconds,KDS - Login Don't Delete
12060 Potranco Road,Emanuel Sanchez,156,6,Food,,10/16/25 12:51 PM,10/16/25 12:56 PM,5 minutes and 23 seconds,KDS - Login Don't Delete
12060 Potranco Road,Melissa  Urena,170,,Drive Thru,,10/16/25 12:52 PM,10/16/25 12:59 PM,6 minutes and 28 seconds,KDS - Login Don't Delete
12060 Potranco Road,Melissa  Urena,170,,Food,,10/16/25 12:52 PM,10/16/25 12:59 PM,6 minutes and 28 seconds,KDS - Login Don't Delete
12060 Potranco Road,Melissa  Urena,169,,Drive Thru,,10/16/25 12:52 PM,10/16/25 12:59 PM,6 minutes and 55 seconds,KDS - Login Don't Delete
12060 Potranco Road,Melissa  Urena,169,,Food,,10/16/25 12:52 PM,10/16/25 12:59 PM,6 minutes and 55 seconds,KDS - Login Don't Delete
12060 Potranco Road,Melissa  Urena,175,,Drive Thru,,10/16/25 12:58 PM,10/16/25 1:01 PM,2 minutes and 41 seconds,KDS - Login Don't Delete
12060 Potranco Road,Melissa  Urena,175,,Food,,10/16/25 12:58 PM,10/16/25 1:01 PM,2 minutes and 41 seconds,KDS - Login Don't Delete
12060 Potranco Road,Sugey Cabrera,158,12,,1,10/16/25 12:55 PM,10/16/25 1:02 PM,7 minutes and 27 seconds,KDS - Login Don't Delete
12060 Potranco Road,Emanuel Sanchez,156,6,,1,10/16/25 12:47 PM,10/16/25 1:03 PM,16 minutes and 14 seconds,KDS - Login Don't Delete
12060 Potranco Road,Lizbeth Garcia,165,4,,1,10/16/25 12:56 PM,10/16/25 1:03 PM,7 minutes and 5 seconds,KDS - Login Don't Delete
12060 Potranco Road,Emanuel Sanchez,156,6,,1,10/16/25 12:56 PM,10/16/25 1:03 PM,7 minutes and 6 seconds,KDS - Login Don't Delete
12060 Potranco Road,Emanuel Sanchez,171,2,,1,10/16/25 12:55 PM,10/16/25 1:03 PM,8 minutes and 37 seconds,KDS - Login Don't Delete
12060 Potranco Road,Melissa  Urena,176,,Drive Thru,,10/16/25 1:05 PM,10/16/25 1:11 PM,5 minutes and 42 seconds,KDS - Login Don't Delete
12060 Potranco Road,Melissa  Urena,176,,Food,,10/16/25 1:05 PM,10/16/25 1:11 PM,5 minutes and 42 seconds,KDS - Login Don't Delete
12060 Potranco Road,Melissa  Urena,178,,Drive Thru,,10/16/25 1:07 PM,10/16/25 1:11 PM,3 minutes and 39 seconds,KDS - Login Don't Delete
12060 Potranco Road,Melissa  Urena,178,,Food,,10/16/25 1:07 PM,10/16/25 1:11 PM,3 minutes and 39 seconds,KDS - Login Don't Delete
12060 Potranco Road,Melissa  Urena,181,,Drive Thru,,10/16/25 1:12 PM,10/16/25 1:16 PM,3 minutes and 13 seconds,KDS - Login Don't Delete
12060 Potranco Road,Melissa  Urena,181,,Food,,10/16/25 1:12 PM,10/16/25 1:16 PM,3 minutes and 13 seconds,KDS - Login Don't Delete
12060 Potranco Road,Melissa  Urena,182,,Drive Thru,,10/16/25 1:13 PM,10/16/25 1:18 PM,4 minutes and 36 seconds,KDS - Login Don't Delete
12060 Potranco Road,Melissa  Urena,182,,Food,,10/16/25 1:13 PM,10/16/25 1:18 PM,4 minutes and 36 seconds,KDS - Login Don't Delete
12060 Potranco Road,Sugey Cabrera,183,1,,1,10/16/25 1:14 PM,10/16/25 1:24 PM,10 minutes and 19 seconds,KDS - Login Don't Delete
12060 Potranco Road,Melissa  Urena,184,,Drive Thru,,10/16/25 1:21 PM,10/16/25 1:32 PM,10 minutes and 37 seconds,KDS - Login Don't Delete
12060 Potranco Road,Melissa  Urena,184,,Food,,10/16/25 1:21 PM,10/16/25 1:32 PM,10 minutes and 37 seconds,KDS - Login Don't Delete
12060 Potranco Road,Melissa  Urena,185,,Drive Thru,,10/16/25 1:28 PM,10/16/25 1:32 PM,3 minutes and 57 seconds,KDS - Login Don't Delete
12060 Potranco Road,Melissa  Urena,185,,Food,,10/16/25 1:28 PM,10/16/25 1:32 PM,3 minutes and 57 seconds,KDS - Login Don't Delete
12060 Potranco Road,Melissa  Urena,186,,Drive Thru,,10/16/25 1:28 PM,10/16/25 1:33 PM,4 minutes and 45 seconds,KDS - Login Don't Delete
12060 Potranco Road,Melissa  Urena,186,,Food,,10/16/25 1:28 PM,10/16/25 1:33 PM,4 minutes and 45 seconds,KDS - Login Don't Delete
12060 Potranco Road,Melissa  Urena,187,,Drive Thru,,10/16/25 1:31 PM,10/16/25 1:37 PM,5 minutes and 5 seconds,KDS - Login Don't Delete
12060 Potranco Road,Melissa  Urena,187,,Food,,10/16/25 1:31 PM,10/16/25 1:37 PM,5 minutes and 5 seconds,KDS - Login Don't Delete
12060 Potranco Road,Melissa  Urena,190,,Drive Thru,,10/16/25 1:42 PM,10/16/25 1:54 PM,11 minutes and 46 seconds,KDS - Login Don't Delete
12060 Potranco Road,Melissa  Urena,190,,Food,,10/16/25 1:42 PM,10/16/25 1:54 PM,11 minutes and 46 seconds,KDS - Login Don't Delete
12060 Potranco Road,Melissa  Urena,188,,Drive Thru,,10/16/25 1:36 PM,10/16/25 1:54 PM,17 minutes and 57 seconds,KDS - Login Don't Delete
12060 Potranco Road,Melissa  Urena,188,,Food,,10/16/25 1:36 PM,10/16/25 1:54 PM,17 minutes and 57 seconds,KDS - Login Don't Delete
12060 Potranco Road,Emanuel Sanchez,191,27,No Print,,10/16/25 1:49 PM,10/16/25 1:55 PM,6 minutes and 10 seconds,KDS - Login Don't Delete
12060 Potranco Road,Emanuel Sanchez,191,27,Food,,10/16/25 1:49 PM,10/16/25 1:55 PM,6 minutes and 10 seconds,KDS - Login Don't Delete
12060 Potranco Road,Lizbeth Garcia,192,25,No Print,,10/16/25 1:55 PM,10/16/25 2:00 PM,4 minutes and 28 seconds,KDS - Login Don't Delete
12060 Potranco Road,Lizbeth Garcia,192,25,Drive Thru,,10/16/25 1:55 PM,10/16/25 2:00 PM,4 minutes and 28 seconds,KDS - Login Don't Delete
12060 Potranco Road,Lizbeth Garcia,192,25,Food,,10/16/25 1:55 PM,10/16/25 2:00 PM,4 minutes and 28 seconds,KDS - Login Don't Delete
12060 Potranco Road,Lizbeth Garcia,192,25,Drinks,,10/16/25 1:55 PM,10/16/25 2:00 PM,4 minutes and 28 seconds,KDS - Login Don't Delete
12060 Potranco Road,Melissa  Urena,193,,Drive Thru,,10/16/25 2:02 PM,10/16/25 2:08 PM,5 minutes and 32 seconds,KDS - Login Don't Delete
12060 Potranco Road,Melissa  Urena,193,,Food,,10/16/25 2:02 PM,10/16/25 2:08 PM,5 minutes and 32 seconds,KDS - Login Don't Delete
12060 Potranco Road,Melissa  Urena,194,,Drive Thru,,10/16/25 2:04 PM,10/16/25 2:08 PM,4 minutes and 20 seconds,KDS - Login Don't Delete
12060 Potranco Road,Melissa  Urena,194,,Food,,10/16/25 2:04 PM,10/16/25 2:08 PM,4 minutes and 20 seconds,KDS - Login Don't Delete
12060 Potranco Road,Sugey Cabrera,195,16,No Print,,10/16/25 2:04 PM,10/16/25 2:15 PM,11 minutes and 11 seconds,KDS - Login Don't Delete
12060 Potranco Road,Sugey Cabrera,195,16,Food,,10/16/25 2:04 PM,10/16/25 2:15 PM,11 minutes and 11 seconds,KDS - Login Don't Delete
12060 Potranco Road,Emanuel Sanchez,191,27,,1,10/16/25 1:55 PM,10/16/25 2:22 PM,27 minutes and 1 second,KDS - Login Don't Delete
12060 Potranco Road,Sugey Cabrera,195,16,,1,10/16/25 2:15 PM,10/16/25 2:22 PM,6 minutes and 34 seconds,KDS - Login Don't Delete
12060 Potranco Road,Lizbeth Garcia,192,25,,1,10/16/25 1:56 PM,10/16/25 2:22 PM,25 minutes and 36 seconds,KDS - Login Don't Delete
12060 Potranco Road,Lizbeth Garcia,192,25,,1,10/16/25 2:00 PM,10/16/25 2:22 PM,22 minutes and 26 seconds,KDS - Login Don't Delete
12060 Potranco Road,Sugey Cabrera,201,4,No Print,,10/16/25 2:21 PM,10/16/25 2:23 PM,1 minute and 56 seconds,KDS - Login Don't Delete
12060 Potranco Road,Sugey Cabrera,201,4,Food,,10/16/25 2:21 PM,10/16/25 2:23 PM,1 minute and 56 seconds,KDS - Login Don't Delete
12060 Potranco Road,Mario Jimenez,200,,Drive Thru,,10/16/25 2:23 PM,10/16/25 2:27 PM,3 minutes and 34 seconds,KDS - Login Don't Delete
12060 Potranco Road,Mario Jimenez,200,,Food,,10/16/25 2:23 PM,10/16/25 2:27 PM,3 minutes and 34 seconds,KDS - Login Don't Delete
12060 Potranco Road,Mario Jimenez,205,,Drive Thru,,10/16/25 2:29 PM,10/16/25 2:32 PM,3 minutes and 30 seconds,KDS - Login Don't Delete
12060 Potranco Road,Mario Jimenez,205,,Food,,10/16/25 2:29 PM,10/16/25 2:32 PM,3 minutes and 30 seconds,KDS - Login Don't Delete
12060 Potranco Road,Mario Jimenez,207,,Drive Thru,,10/16/25 2:41 PM,10/16/25 2:43 PM,2 minutes and 29 seconds,KDS - Login Don't Delete
12060 Potranco Road,Mario Jimenez,207,,Food,,10/16/25 2:41 PM,10/16/25 2:43 PM,2 minutes and 29 seconds,KDS - Login Don't Delete
12060 Potranco Road,Melissa  Urena,208,15,No Print,,10/16/25 2:55 PM,10/16/25 3:06 PM,10 minutes and 23 seconds,KDS - Login Don't Delete
12060 Potranco Road,Melissa  Urena,208,15,Food,,10/16/25 2:55 PM,10/16/25 3:06 PM,10 minutes and 23 seconds,KDS - Login Don't Delete
12060 Potranco Road,Mario Jimenez,209,,Drive Thru,,10/16/25 3:10 PM,10/16/25 3:12 PM,2 minutes and 24 seconds,KDS - Login Don't Delete
12060 Potranco Road,Mario Jimenez,209,,Food,,10/16/25 3:10 PM,10/16/25 3:12 PM,2 minutes and 24 seconds,KDS - Login Don't Delete
12060 Potranco Road,Mario Jimenez,210,,Drive Thru,,10/16/25 3:13 PM,10/16/25 3:16 PM,2 minutes and 56 seconds,KDS - Login Don't Delete
12060 Potranco Road,Mario Jimenez,210,,Food,,10/16/25 3:13 PM,10/16/25 3:16 PM,2 minutes and 56 seconds,KDS - Login Don't Delete
12060 Potranco Road,Mario Jimenez,211,,Drive Thru,,10/16/25 3:15 PM,10/16/25 3:18 PM,3 minutes and 33 seconds,KDS - Login Don't Delete
12060 Potranco Road,Mario Jimenez,211,,Food,,10/16/25 3:15 PM,10/16/25 3:18 PM,3 minutes and 33 seconds,KDS - Login Don't Delete
12060 Potranco Road,Mario Jimenez,214,,Drive Thru,,10/16/25 3:27 PM,10/16/25 3:28 PM,1 minute and 33 seconds,KDS - Login Don't Delete
12060 Potranco Road,Mario Jimenez,214,,Food,,10/16/25 3:27 PM,10/16/25 3:28 PM,1 minute and 33 seconds,KDS - Login Don't Delete
12060 Potranco Road,Sugey Cabrera,213,26,No Print,,10/16/25 3:21 PM,10/16/25 3:30 PM,9 minutes and 24 seconds,KDS - Login Don't Delete
12060 Potranco Road,Sugey Cabrera,213,26,Food,,10/16/25 3:21 PM,10/16/25 3:30 PM,9 minutes and 24 seconds,KDS - Login Don't Delete
12060 Potranco Road,Melissa  Urena,215,3,No Print,,10/16/25 3:35 PM,10/16/25 3:43 PM,7 minutes and 46 seconds,KDS - Login Don't Delete
12060 Potranco Road,Melissa  Urena,215,3,Food,,10/16/25 3:35 PM,10/16/25 3:43 PM,7 minutes and 46 seconds,KDS - Login Don't Delete
12060 Potranco Road,Mario Jimenez,216,,Drive Thru,,10/16/25 3:40 PM,10/16/25 3:44 PM,4 minutes and 8 seconds,KDS - Login Don't Delete
12060 Potranco Road,Mario Jimenez,216,,Food,,10/16/25 3:40 PM,10/16/25 3:44 PM,4 minutes and 8 seconds,KDS - Login Don't Delete
12060 Potranco Road,Sugey Cabrera,201,4,,1,10/16/25 2:23 PM,10/16/25 3:46 PM,"1 hour, 22 minutes and 9 seconds",KDS - Login Don't Delete
12060 Potranco Road,Sugey Cabrera,213,26,,1,10/16/25 3:30 PM,10/16/25 3:46 PM,15 minutes and 8 seconds,KDS - Login Don't Delete
12060 Potranco Road,Melissa  Urena,215,3,,1,10/16/25 3:43 PM,10/16/25 3:46 PM,2 minutes and 46 seconds,KDS - Login Don't Delete
12060 Potranco Road,Melissa  Urena,208,15,,1,10/16/25 3:06 PM,10/16/25 3:46 PM,39 minutes and 44 seconds,KDS - Login Don't Delete
12060 Potranco Road,Mario Jimenez,217,,Food,,10/16/25 3:52 PM,10/16/25 3:56 PM,4 minutes and 1 second,KDS - Login Don't Delete
12060 Potranco Road,Mario Jimenez,219,,Drive Thru,,10/16/25 3:56 PM,10/16/25 4:03 PM,6 minutes and 31 seconds,KDS - Login Don't Delete
12060 Potranco Road,Mario Jimenez,219,,Food,,10/16/25 3:56 PM,10/16/25 4:03 PM,6 minutes and 31 seconds,KDS - Login Don't Delete
12060 Potranco Road,Mario Jimenez,221,,Drive Thru,,10/16/25 4:16 PM,10/16/25 4:21 PM,5 minutes and 43 seconds,KDS - Login Don't Delete
12060 Potranco Road,Mario Jimenez,221,,Food,,10/16/25 4:16 PM,10/16/25 4:21 PM,5 minutes and 43 seconds,KDS - Login Don't Delete
12060 Potranco Road,Mario Jimenez,225,,Drive Thru,,10/16/25 4:42 PM,10/16/25 4:48 PM,6 minutes and 18 seconds,KDS - Login Don't Delete
12060 Potranco Road,Mario Jimenez,225,,Food,,10/16/25 4:42 PM,10/16/25 4:48 PM,6 minutes and 18 seconds,KDS - Login Don't Delete
12060 Potranco Road,Mario Jimenez,226,,Food,,10/16/25 4:47 PM,10/16/25 4:58 PM,11 minutes,KDS - Login Don't Delete
12060 Potranco Road,Sugey Cabrera,227,,Food,,10/16/25 4:52 PM,10/16/25 5:01 PM,8 minutes and 33 seconds,KDS - Login Don't Delete
12060 Potranco Road,Sugey Cabrera,227,,Drive Thru,,10/16/25 4:52 PM,10/16/25 5:01 PM,8 minutes and 33 seconds,KDS - Login Don't Delete
12060 Potranco Road,Mario Jimenez,228,,Drive Thru,,10/16/25 5:19 PM,10/16/25 5:22 PM,2 minutes and 35 seconds,KDS - Login Don't Delete
12060 Potranco Road,Mario Jimenez,228,,Food,,10/16/25 5:19 PM,10/16/25 5:22 PM,2 minutes and 35 seconds,KDS - Login Don't Delete
12060 Potranco Road,Sugey Cabrera,229,15,No Print,,10/16/25 5:16 PM,10/16/25 5:23 PM,7 minutes and 6 seconds,KDS - Login Don't Delete
12060 Potranco Road,Sugey Cabrera,229,15,Food,,10/16/25 5:16 PM,10/16/25 5:23 PM,7 minutes and 6 seconds,KDS - Login Don't Delete
12060 Potranco Road,Mario Jimenez,230,,Drive Thru,,10/16/25 5:27 PM,10/16/25 5:34 PM,6 minutes and 55 seconds,KDS - Login Don't Delete
12060 Potranco Road,Mario Jimenez,230,,Food,,10/16/25 5:27 PM,10/16/25 5:34 PM,6 minutes and 55 seconds,KDS - Login Don't Delete
12060 Potranco Road,Sugey Cabrera,227,,,1,10/16/25 5:01 PM,10/16/25 5:38 PM,36 minutes and 56 seconds,KDS - Login Don't Delete
12060 Potranco Road,Sugey Cabrera,229,15,,1,10/16/25 5:23 PM,10/16/25 5:38 PM,15 minutes and 4 seconds,KDS - Login Don't Delete
12060 Potranco Road,Sugey Cabrera,224,,,1,10/16/25 4:27 PM,10/16/25 5:38 PM,"1 hour, 10 minutes and 52 seconds",KDS - Login Don't Delete
12060 Potranco Road,Melissa  Urena,233,18,No Print,,10/16/25 5:30 PM,10/16/25 5:40 PM,9 minutes and 38 seconds,KDS - Login Don't Delete
12060 Potranco Road,Melissa  Urena,233,18,Food,,10/16/25 5:30 PM,10/16/25 5:40 PM,9 minutes and 38 seconds,KDS - Login Don't Delete
12060 Potranco Road,Mario Jimenez,234,,Drive Thru,,10/16/25 5:42 PM,10/16/25 5:47 PM,5 minutes and 10 seconds,KDS - Login Don't Delete
12060 Potranco Road,Mario Jimenez,234,,Food,,10/16/25 5:42 PM,10/16/25 5:47 PM,5 minutes and 10 seconds,KDS - Login Don't Delete
12060 Potranco Road,Mario Jimenez,232,,Food,,10/16/25 5:30 PM,10/16/25 5:50 PM,19 minutes and 22 seconds,KDS - Login Don't Delete
12060 Potranco Road,Mario Jimenez,232,,Drive Thru,,10/16/25 5:30 PM,10/16/25 5:50 PM,19 minutes and 22 seconds,KDS - Login Don't Delete
12060 Potranco Road,Melissa  Urena,233,18,,1,10/16/25 5:40 PM,10/16/25 5:55 PM,14 minutes and 38 seconds,KDS - Login Don't Delete
12060 Potranco Road,Mario Jimenez,232,,,1,10/16/25 5:50 PM,10/16/25 5:55 PM,4 minutes and 41 seconds,KDS - Login Don't Delete
12060 Potranco Road,Sugey Cabrera,236,3,No Print,,10/16/25 5:58 PM,10/16/25 6:02 PM,3 minutes and 40 seconds,KDS - Login Don't Delete
12060 Potranco Road,Sugey Cabrera,236,3,Food,,10/16/25 5:58 PM,10/16/25 6:02 PM,3 minutes and 40 seconds,KDS - Login Don't Delete
12060 Potranco Road,Sugey Cabrera,237,1,No Print,,10/16/25 5:59 PM,10/16/25 6:07 PM,7 minutes and 55 seconds,KDS - Login Don't Delete
12060 Potranco Road,Sugey Cabrera,237,1,Food,,10/16/25 5:59 PM,10/16/25 6:07 PM,7 minutes and 55 seconds,KDS - Login Don't Delete
12060 Potranco Road,Sugey Cabrera,237,1,Drive Thru,,10/16/25 5:59 PM,10/16/25 6:07 PM,7 minutes and 55 seconds,KDS - Login Don't Delete
12060 Potranco Road,Sugey Cabrera,236,3,No Print,,10/16/25 6:01 PM,10/16/25 6:07 PM,6 minutes and 14 seconds,KDS - Login Don't Delete
12060 Potranco Road,Sugey Cabrera,236,3,Food,,10/16/25 6:01 PM,10/16/25 6:07 PM,6 minutes and 14 seconds,KDS - Login Don't Delete
12060 Potranco Road,Sugey Cabrera,237,1,,1,10/16/25 6:07 PM,10/16/25 6:10 PM,2 minutes and 29 seconds,KDS - Login Don't Delete
12060 Potranco Road,Sugey Cabrera,237,1,,1,10/16/25 6:18 PM,10/16/25 6:22 PM,3 minutes and 55 seconds,KDS - Login Don't Delete
12060 Potranco Road,Sugey Cabrera,236,3,,1,10/16/25 6:02 PM,10/16/25 6:23 PM,21 minutes and 40 seconds,KDS - Login Don't Delete
12060 Potranco Road,Sugey Cabrera,236,3,,1,10/16/25 6:07 PM,10/16/25 6:23 PM,16 minutes and 5 seconds,KDS - Login Don't Delete
12060 Potranco Road,Sugey Cabrera,238,31,No Print,,10/16/25 6:14 PM,10/16/25 6:24 PM,10 minutes and 9 seconds,KDS - Login Don't Delete
12060 Potranco Road,Sugey Cabrera,238,31,Food,,10/16/25 6:14 PM,10/16/25 6:24 PM,10 minutes and 9 seconds,KDS - Login Don't Delete
12060 Potranco Road,Sugey Cabrera,238,31,Drive Thru,,10/16/25 6:14 PM,10/16/25 6:24 PM,10 minutes and 9 seconds,KDS - Login Don't Delete
12060 Potranco Road,Melissa  Urena,239,14,No Print,,10/16/25 6:14 PM,10/16/25 6:25 PM,10 minutes and 38 seconds,KDS - Login Don't Delete
12060 Potranco Road,Melissa  Urena,239,14,Food,,10/16/25 6:14 PM,10/16/25 6:25 PM,10 minutes and 38 seconds,KDS - Login Don't Delete
12060 Potranco Road,Sugey Cabrera,238,31,,1,10/16/25 6:24 PM,10/16/25 6:27 PM,2 minutes and 50 seconds,KDS - Login Don't Delete
12060 Potranco Road,Mario Jimenez,241,,Drive Thru,,10/16/25 6:26 PM,10/16/25 6:28 PM,2 minutes and 14 seconds,KDS - Login Don't Delete
12060 Potranco Road,Mario Jimenez,241,,Food,,10/16/25 6:26 PM,10/16/25 6:28 PM,2 minutes and 14 seconds,KDS - Login Don't Delete
12060 Potranco Road,Melissa  Urena,240,35,No Print,,10/16/25 6:22 PM,10/16/25 6:28 PM,6 minutes and 30 seconds,KDS - Login Don't Delete
12060 Potranco Road,Melissa  Urena,239,14,Drive Thru,,10/16/25 6:27 PM,10/16/25 6:28 PM,1 minute and 32 seconds,KDS - Login Don't Delete
12060 Potranco Road,Melissa  Urena,239,14,Food,,10/16/25 6:27 PM,10/16/25 6:28 PM,1 minute and 32 seconds,KDS - Login Don't Delete
12060 Potranco Road,Melissa  Urena,240,35,Food,,10/16/25 6:22 PM,10/16/25 6:28 PM,6 minutes and 30 seconds,KDS - Login Don't Delete
12060 Potranco Road,Melissa  Urena,239,14,,1,10/16/25 6:28 PM,10/16/25 6:30 PM,1 minute and 13 seconds,KDS - Login Don't Delete
12060 Potranco Road,Mario Jimenez,242,,Drive Thru,,10/16/25 6:25 PM,10/16/25 6:33 PM,7 minutes and 54 seconds,KDS - Login Don't Delete
12060 Potranco Road,Mario Jimenez,242,,Food,,10/16/25 6:25 PM,10/16/25 6:33 PM,7 minutes and 54 seconds,KDS - Login Don't Delete
12060 Potranco Road,Melissa  Urena,233,18,Drive Thru,,10/16/25 6:34 PM,10/16/25 6:38 PM,3 minutes and 29 seconds,KDS - Login Don't Delete
12060 Potranco Road,Melissa  Urena,233,18,Food,,10/16/25 6:34 PM,10/16/25 6:38 PM,3 minutes and 29 seconds,KDS - Login Don't Delete
12060 Potranco Road,Mario Jimenez,243,,Drive Thru,,10/16/25 6:38 PM,10/16/25 6:44 PM,5 minutes and 33 seconds,KDS - Login Don't Delete
12060 Potranco Road,Mario Jimenez,243,,Food,,10/16/25 6:38 PM,10/16/25 6:44 PM,5 minutes and 33 seconds,KDS - Login Don't Delete
12060 Potranco Road,Melissa  Urena,244,15,No Print,,10/16/25 6:44 PM,10/16/25 6:56 PM,12 minutes and 6 seconds,KDS - Login Don't Delete
12060 Potranco Road,Melissa  Urena,244,15,Food,,10/16/25 6:44 PM,10/16/25 6:56 PM,12 minutes and 6 seconds,KDS - Login Don't Delete
12060 Potranco Road,Mario Jimenez,245,,Drive Thru,,10/16/25 6:56 PM,10/16/25 6:59 PM,3 minutes and 42 seconds,KDS - Login Don't Delete
12060 Potranco Road,Mario Jimenez,245,,Food,,10/16/25 6:56 PM,10/16/25 6:59 PM,3 minutes and 42 seconds,KDS - Login Don't Delete
12060 Potranco Road,Melissa  Urena,244,15,Food,,10/16/25 7:02 PM,10/16/25 7:03 PM,1 minute and 12 seconds,KDS - Login Don't Delete
12060 Potranco Road,Sugey Cabrera,247,11,No Print,,10/16/25 7:04 PM,10/16/25 7:05 PM,15 seconds,KDS - Login Don't Delete
12060 Potranco Road,Sugey Cabrera,247,11,Food,,10/16/25 7:04 PM,10/16/25 7:05 PM,15 seconds,KDS - Login Don't Delete
12060 Potranco Road,Melissa  Urena,244,15,,1,10/16/25 7:03 PM,10/16/25 7:08 PM,4 minutes and 51 seconds,KDS - Login Don't Delete
12060 Potranco Road,Sugey Cabrera,247,11,,1,10/16/25 7:05 PM,10/16/25 7:08 PM,3 minutes and 39 seconds,KDS - Login Don't Delete
12060 Potranco Road,Melissa  Urena,233,18,,1,10/16/25 6:38 PM,10/16/25 7:08 PM,30 minutes and 40 seconds,KDS - Login Don't Delete
12060 Potranco Road,Melissa  Urena,239,14,,1,10/16/25 6:25 PM,10/16/25 7:08 PM,43 minutes and 4 seconds,KDS - Login Don't Delete
12060 Potranco Road,Melissa  Urena,239,14,,1,10/16/25 6:56 PM,10/16/25 7:08 PM,12 minutes and 25 seconds,KDS - Login Don't Delete
12060 Potranco Road,Melissa  Urena,244,15,,1,10/16/25 6:56 PM,10/16/25 7:08 PM,12 minutes and 35 seconds,KDS - Login Don't Delete
12060 Potranco Road,Mario Jimenez,246,,Drive Thru,,10/16/25 7:03 PM,10/16/25 7:09 PM,5 minutes and 50 seconds,KDS - Login Don't Delete
12060 Potranco Road,Mario Jimenez,246,,Food,,10/16/25 7:03 PM,10/16/25 7:09 PM,5 minutes and 50 seconds,KDS - Login Don't Delete
12060 Potranco Road,Melissa  Urena,249,14,No Print,,10/16/25 7:08 PM,10/16/25 7:15 PM,7 minutes and 15 seconds,KDS - Login Don't Delete
12060 Potranco Road,Melissa  Urena,249,14,Food,,10/16/25 7:08 PM,10/16/25 7:15 PM,7 minutes and 15 seconds,KDS - Login Don't Delete
12060 Potranco Road,Sugey Cabrera,248,20,No Print,,10/16/25 7:07 PM,10/16/25 7:17 PM,9 minutes and 45 seconds,KDS - Login Don't Delete
12060 Potranco Road,Sugey Cabrera,248,20,Food,,10/16/25 7:07 PM,10/16/25 7:17 PM,9 minutes and 45 seconds,KDS - Login Don't Delete
12060 Potranco Road,Sugey Cabrera,248,20,Drive Thru,,10/16/25 7:07 PM,10/16/25 7:17 PM,9 minutes and 45 seconds,KDS - Login Don't Delete
12060 Potranco Road,Sugey Cabrera,248,20,,1,10/16/25 7:17 PM,10/16/25 7:19 PM,2 minutes and 21 seconds,KDS - Login Don't Delete
12060 Potranco Road,Mario Jimenez,251,,Drive Thru,,10/16/25 7:20 PM,10/16/25 7:27 PM,7 minutes and 31 seconds,KDS - Login Don't Delete
12060 Potranco Road,Mario Jimenez,251,,Food,,10/16/25 7:20 PM,10/16/25 7:27 PM,7 minutes and 31 seconds,KDS - Login Don't Delete
12060 Potranco Road,Mario Jimenez,250,,Food,,10/16/25 7:21 PM,10/16/25 7:29 PM,7 minutes and 50 seconds,KDS - Login Don't Delete
12060 Potranco Road,Mario Jimenez,250,,Drive Thru,,10/16/25 7:21 PM,10/16/25 7:29 PM,7 minutes and 50 seconds,KDS - Login Don't Delete
12060 Potranco Road,Melissa  Urena,240,35,,1,10/16/25 6:22 PM,10/16/25 7:42 PM,"1 hour, 20 minutes and 28 seconds",KDS - Login Don't Delete
12060 Potranco Road,Melissa  Urena,249,14,,1,10/16/25 7:15 PM,10/16/25 7:42 PM,27 minutes and 4 seconds,KDS - Login Don't Delete
12060 Potranco Road,Mario Jimenez,256,,Drive Thru,,10/16/25 7:44 PM,10/16/25 7:49 PM,5 minutes and 21 seconds,KDS - Login Don't Delete
12060 Potranco Road,Mario Jimenez,256,,Food,,10/16/25 7:44 PM,10/16/25 7:49 PM,5 minutes and 21 seconds,KDS - Login Don't Delete
12060 Potranco Road,Sugey Cabrera,253,25,No Print,,10/16/25 7:42 PM,10/16/25 7:53 PM,11 minutes and 5 seconds,KDS - Login Don't Delete
12060 Potranco Road,Sugey Cabrera,253,25,Food,,10/16/25 7:42 PM,10/16/25 7:53 PM,11 minutes and 5 seconds,KDS - Login Don't Delete
12060 Potranco Road,Sugey Cabrera,253,25,Drive Thru,,10/16/25 7:42 PM,10/16/25 7:53 PM,11 minutes and 5 seconds,KDS - Login Don't Delete
12060 Potranco Road,Sugey Cabrera,253,25,,1,10/16/25 7:53 PM,10/16/25 7:57 PM,3 minutes and 57 seconds,KDS - Login Don't Delete
12060 Potranco Road,Sugey Cabrera,253,25,Drive Thru,,10/16/25 8:01 PM,10/16/25 8:01 PM,3 seconds,KDS - Login Don't Delete
12060 Potranco Road,Sugey Cabrera,253,25,Food,,10/16/25 8:01 PM,10/16/25 8:01 PM,3 seconds,KDS - Login Don't Delete
12060 Potranco Road,Sugey Cabrera,253,25,,1,10/16/25 8:01 PM,10/16/25 8:02 PM,1 minute and 45 seconds,KDS - Login Don't Delete
12060 Potranco Road,Sugey Cabrera,253,25,No Print,,10/16/25 7:53 PM,10/16/25 8:07 PM,13 minutes and 30 seconds,KDS - Login Don't Delete
12060 Potranco Road,Sugey Cabrera,253,25,Food,,10/16/25 7:53 PM,10/16/25 8:07 PM,13 minutes and 30 seconds,KDS - Login Don't Delete
12060 Potranco Road,Sugey Cabrera,255,17,No Print,,10/16/25 7:53 PM,10/16/25 8:08 PM,14 minutes and 20 seconds,KDS - Login Don't Delete
12060 Potranco Road,Sugey Cabrera,255,17,Food,,10/16/25 7:53 PM,10/16/25 8:08 PM,14 minutes and 20 seconds,KDS - Login Don't Delete
12060 Potranco Road,Sugey Cabrera,255,17,,1,10/16/25 8:08 PM,10/16/25 8:11 PM,3 minutes and 13 seconds,KDS - Login Don't Delete
12060 Potranco Road,Sugey Cabrera,253,25,Drive Thru,,10/16/25 8:16 PM,10/16/25 8:16 PM,28 seconds,KDS - Login Don't Delete
12060 Potranco Road,Sugey Cabrera,253,25,Food,,10/16/25 8:16 PM,10/16/25 8:16 PM,28 seconds,KDS - Login Don't Delete
12060 Potranco Road,Sugey Cabrera,253,25,,1,10/16/25 8:16 PM,10/16/25 8:17 PM,48 seconds,KDS - Login Don't Delete
12060 Potranco Road,Melissa  Urena,259,2,Food,,10/16/25 8:22 PM,10/16/25 8:30 PM,7 minutes and 31 seconds,KDS - Login Don't Delete
12060 Potranco Road,Melissa  Urena,259,2,Drive Thru,,10/16/25 8:22 PM,10/16/25 8:30 PM,7 minutes and 31 seconds,KDS - Login Don't Delete
12060 Potranco Road,Melissa  Urena,259,2,No Print,,10/16/25 8:22 PM,10/16/25 8:30 PM,7 minutes and 31 seconds,KDS - Login Don't Delete
12060 Potranco Road,Sugey Cabrera,255,17,Food,,10/16/25 8:29 PM,10/16/25 8:31 PM,1 minute and 14 seconds,KDS - Login Don't Delete
12060 Potranco Road,Sugey Cabrera,253,25,,1,10/16/25 8:07 PM,10/16/25 8:32 PM,25 minutes and 5 seconds,KDS - Login Don't Delete
12060 Potranco Road,Melissa  Urena,259,2,,1,10/16/25 8:30 PM,10/16/25 8:32 PM,1 minute and 54 seconds,KDS - Login Don't Delete
12060 Potranco Road,Sugey Cabrera,255,17,,1,10/16/25 8:31 PM,10/16/25 8:32 PM,1 minute,KDS - Login Don't Delete
12060 Potranco Road,Mario Jimenez,260,,Drive Thru,,10/16/25 8:40 PM,10/16/25 8:56 PM,16 minutes and 11 seconds,KDS - Login Don't Delete
12060 Potranco Road,Mario Jimenez,260,,Food,,10/16/25 8:40 PM,10/16/25 8:56 PM,16 minutes and 11 seconds,KDS - Login Don't Delete
