Location,Order #,Opened,# of Guests,Server,Table,Discount Amount,Amount,Tax,Tip,Gratuity
12060 Potranco Road,2,10/16/25 6:31 AM,1,Melissa  Urena,,0.00,0.00,0.00,0.00,0.00
12060 Potranco Road,4,10/16/25 6:35 AM,1,Melissa  Urena,,0.00,9.46,0.78,0.00,0.00
12060 Potranco Road,5,10/16/25 6:36 AM,1,Melissa  Urena,,0.00,4.78,0.40,0.00,0.00
12060 Potranco Road,6,10/16/25 6:54 AM,1,Melissa  Urena,,0.00,3.78,0.31,0.00,0.00
12060 Potranco Road,8,10/16/25 7:04 AM,1,Melissa  Urena,,0.00,4.78,0.39,0.00,0.00
12060 Potranco Road,9,10/16/25 7:04 AM,1,Melissa  Urena,,0.00,5.57,0.46,0.00,0.00
12060 Potranco Road,10,10/16/25 7:05 AM,1,Melissa  Urena,,0.00,2.49,0.21,0.00,0.00
12060 Potranco Road,12,10/16/25 7:06 AM,2,Lizbeth Garcia,25,0.00,24.65,2.03,6.00,0.00
12060 Potranco Road,13,10/16/25 7:18 AM,1,Melissa  Urena,,0.00,6.47,0.53,3.00,0.00
12060 Potranco Road,14,10/16/25 7:20 AM,1,Melissa  Urena,,0.00,5.49,0.45,0.00,0.00
12060 Potranco Road,15,10/16/25 7:20 AM,1,Melissa  Urena,,0.00,6.47,0.54,0.00,0.00
12060 Potranco Road,18,10/16/25 7:25 AM,1,Emanuel Sanchez,2,0.00,10.77,0.90,0.00,0.00
12060 Potranco Road,19,10/16/25 7:28 AM,1,Sugey Cabrera,,0.00,10.74,0.89,0.00,0.00
12060 Potranco Road,17,10/16/25 7:21 AM,1,Melissa  Urena,,0.00,30.19,2.50,0.00,0.00
12060 Potranco Road,20,10/16/25 7:29 AM,1,Melissa  Urena,,0.00,6.87,0.57,2.00,0.00
12060 Potranco Road,21,10/16/25 7:50 AM,1,Sugey Cabrera,,21.74,0.00,0.00,0.00,0.00
12060 Potranco Road,22,10/16/25 7:56 AM,1,Lizbeth Garcia,14,0.00,7.58,0.63,2.50,0.00
12060 Potranco Road,23,10/16/25 8:03 AM,1,Lizbeth Garcia,18,0.00,6.48,0.54,3.00,0.00
12060 Potranco Road,24,10/16/25 8:03 AM,1,Melissa  Urena,,0.00,6.27,0.51,2.00,0.00
12060 Potranco Road,25,10/16/25 8:04 AM,1,Melissa  Urena,,0.00,14.15,1.16,0.00,0.00
12060 Potranco Road,26,10/16/25 8:11 AM,1,Melissa  Urena,,0.00,3.98,0.32,0.00,0.00
12060 Potranco Road,27,10/16/25 8:11 AM,1,Melissa  Urena,,0.00,4.28,0.36,0.00,0.00
12060 Potranco Road,28,10/16/25 8:12 AM,2,Emanuel Sanchez,3,0.00,25.76,2.12,5.00,0.00
12060 Potranco Road,30,10/16/25 8:15 AM,1,Lizbeth Garcia,,0.00,12.21,1.01,1.78,0.00
12060 Potranco Road,29,10/16/25 8:13 AM,2,Sugey Cabrera,1,0.00,13.25,1.09,5.00,0.00
12060 Potranco Road,31,10/16/25 8:23 AM,1,Melissa  Urena,,0.00,10.66,0.88,0.00,0.00
12060 Potranco Road,32,10/16/25 8:23 AM,1,Melissa  Urena,,0.00,7.77,0.64,1.00,0.00
12060 Potranco Road,33,10/16/25 8:27 AM,1,Melissa  Urena,,0.00,25.19,2.08,0.00,0.00
12060 Potranco Road,37,10/16/25 8:34 AM,1,Melissa  Urena,,0.00,6.58,0.54,0.00,0.00
12060 Potranco Road,35,10/16/25 8:33 AM,4,Lizbeth Garcia,34,0.00,32.73,2.71,0.00,0.00
12060 Potranco Road,36,10/16/25 8:34 AM,1,Zoila Salinas,,0.00,0.00,0.00,0.00,0.00
12060 Potranco Road,38,10/16/25 8:36 AM,2,Emanuel Sanchez,2,0.00,26.36,2.17,6.00,0.00
12060 Potranco Road,40,10/16/25 8:45 AM,1,Melissa  Urena,,0.00,8.48,0.70,0.00,0.00
12060 Potranco Road,41,10/16/25 8:49 AM,1,Melissa  Urena,,0.00,2.79,0.23,0.00,0.00
12060 Potranco Road,42,10/16/25 8:50 AM,1,Melissa  Urena,,0.00,23.54,1.94,0.00,0.00
12060 Potranco Road,43,10/16/25 8:51 AM,1,Melissa  Urena,,0.00,8.56,0.71,0.00,0.00
12060 Potranco Road,44,10/16/25 8:52 AM,1,Melissa  Urena,,0.00,5.37,0.44,1.00,0.00
12060 Potranco Road,45,10/16/25 8:55 AM,1,Melissa  Urena,,0.00,2.99,0.25,5.00,0.00
12060 Potranco Road,46,10/16/25 8:59 AM,1,Melissa  Urena,,0.00,8.27,0.67,0.00,0.00
12060 Potranco Road,47,10/16/25 9:01 AM,1,Melissa  Urena,,6.55,3.11,0.25,0.00,0.00
12060 Potranco Road,48,10/16/25 9:03 AM,1,Melissa  Urena,,0.00,4.98,0.41,2.00,0.00
12060 Potranco Road,49,10/16/25 9:08 AM,1,Sugey Cabrera,,0.00,17.94,1.48,0.00,0.00
12060 Potranco Road,50,10/16/25 9:10 AM,1,Emanuel Sanchez,,0.00,12.66,1.05,0.00,0.00
12060 Potranco Road,51,10/16/25 9:13 AM,1,Melissa  Urena,,0.00,23.14,1.91,2.00,0.00
12060 Potranco Road,52,10/16/25 9:13 AM,1,Melissa  Urena,,0.00,4.58,0.38,0.00,0.00
12060 Potranco Road,53,10/16/25 9:15 AM,1,Sugey Cabrera,14,0.00,16.28,1.34,0.00,0.00
12060 Potranco Road,54,10/16/25 9:17 AM,1,Melissa  Urena,,0.00,5.48,0.45,0.00,0.00
12060 Potranco Road,55,10/16/25 9:24 AM,1,Melissa  Urena,,0.00,7.97,0.66,0.00,0.00
12060 Potranco Road,56,10/16/25 9:25 AM,1,Melissa  Urena,,0.00,6.78,0.56,0.00,0.00
12060 Potranco Road,57,10/16/25 9:25 AM,1,Melissa  Urena,,0.00,1.99,0.16,0.00,0.00
12060 Potranco Road,59,10/16/25 9:32 AM,1,Melissa  Urena,,0.00,19.76,1.63,2.61,0.00
12060 Potranco Road,60,10/16/25 9:43 AM,1,Melissa  Urena,,0.00,5.98,0.49,0.00,0.00
12060 Potranco Road,61,10/16/25 9:44 AM,1,Melissa  Urena,,0.00,13.93,1.15,0.00,0.00
12060 Potranco Road,62,10/16/25 9:49 AM,2,Lizbeth Garcia,23,0.00,9.99,0.82,0.00,0.00
12060 Potranco Road,63,10/16/25 9:51 AM,2,Emanuel Sanchez,1,0.00,17.97,1.48,0.00,0.00
12060 Potranco Road,65,10/16/25 9:59 AM,1,Lizbeth Garcia,,0.00,21.98,1.81,2.00,0.00
12060 Potranco Road,67,10/16/25 9:59 AM,1,Melissa  Urena,,0.00,13.76,1.13,0.00,0.00
12060 Potranco Road,66,10/16/25 9:59 AM,4,Sugey Cabrera,31,0.00,70.53,5.80,17.00,0.00
12060 Potranco Road,68,10/16/25 10:00 AM,1,Melissa  Urena,,0.99,8.89,0.74,0.00,0.00
12060 Potranco Road,69,10/16/25 10:05 AM,1,Melissa  Urena,,0.00,6.38,0.52,0.96,0.00
12060 Potranco Road,70,10/16/25 10:06 AM,1,Melissa  Urena,,0.00,8.97,0.74,0.00,0.00
12060 Potranco Road,71,10/16/25 10:06 AM,1,Melissa  Urena,,0.00,17.46,1.44,2.62,0.00
12060 Potranco Road,72,10/16/25 10:12 AM,1,Melissa  Urena,,0.00,7.47,0.62,0.00,0.00
12060 Potranco Road,73,10/16/25 10:14 AM,3,Sugey Cabrera,4,0.00,13.86,1.15,5.00,0.00
12060 Potranco Road,74,10/16/25 10:15 AM,1,Emanuel Sanchez,16,0.00,26.97,2.23,0.00,0.00
12060 Potranco Road,75,10/16/25 10:16 AM,1,Sugey Cabrera,,0.00,12.87,1.06,0.00,0.00
12060 Potranco Road,76,10/16/25 10:17 AM,1,Melissa  Urena,,0.00,15.45,1.27,0.00,0.00
12060 Potranco Road,78,10/16/25 10:18 AM,1,Melissa  Urena,,0.00,1.89,0.16,0.00,0.00
12060 Potranco Road,79,10/16/25 10:20 AM,1,Melissa  Urena,,0.00,11.16,0.93,0.00,0.00
12060 Potranco Road,80,10/16/25 10:23 AM,1,Melissa  Urena,,0.00,15.86,1.31,0.00,0.00
12060 Potranco Road,81,10/16/25 10:24 AM,1,Lizbeth Garcia,34,0.00,7.77,0.65,3.00,0.00
12060 Potranco Road,82,10/16/25 10:26 AM,1,Melissa  Urena,,0.00,1.50,0.12,0.00,0.00
12060 Potranco Road,87,10/16/25 10:29 AM,1,Melissa  Urena,,0.00,5.78,0.48,2.00,0.00
12060 Potranco Road,89,10/16/25 10:30 AM,1,Melissa  Urena,,0.00,20.64,1.70,0.00,0.00
12060 Potranco Road,88,10/16/25 10:29 AM,3,Lizbeth Garcia,5,0.00,24.11,2.00,5.00,0.00
12060 Potranco Road,90,10/16/25 10:31 AM,1,Emanuel Sanchez,20,0.00,9.18,0.75,3.00,0.00
12060 Potranco Road,91,10/16/25 10:31 AM,1,Melissa  Urena,,0.00,4.58,0.38,0.00,0.00
12060 Potranco Road,92,10/16/25 10:32 AM,1,Melissa  Urena,,0.00,31.24,2.58,0.00,0.00
12060 Potranco Road,93,10/16/25 10:37 AM,2,Lizbeth Garcia,3,0.00,24.96,2.06,6.00,0.00
12060 Potranco Road,94,10/16/25 10:38 AM,1,Melissa  Urena,,0.00,0.00,0.00,0.00,0.00
12060 Potranco Road,98,10/16/25 10:41 AM,1,Melissa  Urena,,0.00,18.55,1.53,0.00,0.00
12060 Potranco Road,97,10/16/25 10:41 AM,6,Sugey Cabrera,1,0.00,100.54,8.30,0.00,0.00
12060 Potranco Road,99,10/16/25 10:45 AM,2,Emanuel Sanchez,12,0.00,22.86,1.88,3.00,0.00
12060 Potranco Road,100,10/16/25 10:49 AM,1,Melissa  Urena,,0.00,4.29,0.35,0.00,0.00
12060 Potranco Road,101,10/16/25 10:50 AM,1,Melissa  Urena,,0.00,20.98,1.73,0.00,0.00
12060 Potranco Road,102,10/16/25 10:57 AM,1,Melissa  Urena,,0.00,2.49,0.21,0.00,0.00
12060 Potranco Road,103,10/16/25 10:59 AM,2,Sugey Cabrera,15,0.00,41.74,3.45,6.00,0.00
12060 Potranco Road,104,10/16/25 11:05 AM,1,Melissa  Urena,,0.00,2.78,0.23,0.00,0.00
12060 Potranco Road,105,10/16/25 11:05 AM,1,Melissa  Urena,,0.00,20.57,1.70,0.00,0.00
12060 Potranco Road,107,10/16/25 11:06 AM,1,Melissa  Urena,,0.00,20.45,1.69,0.00,0.00
12060 Potranco Road,108,10/16/25 11:07 AM,1,Melissa  Urena,,0.00,12.57,1.04,0.00,0.00
12060 Potranco Road,106,10/16/25 11:06 AM,2,Emanuel Sanchez,2,0.00,29.06,2.39,4.06,0.00
12060 Potranco Road,109,10/16/25 11:10 AM,1,Melissa  Urena,,0.00,8.78,0.72,0.00,0.00
12060 Potranco Road,110,10/16/25 11:11 AM,2,Sugey Cabrera,20,0.00,35.95,2.97,0.00,0.00
12060 Potranco Road,111,10/16/25 11:13 AM,1,Melissa  Urena,,0.00,5.77,0.48,0.00,0.00
12060 Potranco Road,112,10/16/25 11:14 AM,2,Lizbeth Garcia,14,0.00,28.66,2.35,3.00,0.00
12060 Potranco Road,113,10/16/25 11:15 AM,1,Melissa  Urena,,0.00,7.57,0.63,0.00,0.00
12060 Potranco Road,115,10/16/25 11:16 AM,1,Melissa  Urena,,0.00,21.73,1.78,3.00,0.00
12060 Potranco Road,117,10/16/25 11:20 AM,1,Melissa  Urena,,0.00,11.14,0.92,0.00,0.00
12060 Potranco Road,116,10/16/25 11:19 AM,2,Emanuel Sanchez,3,0.00,27.54,2.28,0.00,0.00
12060 Potranco Road,118,10/16/25 11:23 AM,1,Melissa  Urena,,0.00,8.78,0.72,0.00,0.00
12060 Potranco Road,119,10/16/25 11:23 AM,2,Lizbeth Garcia,16,0.00,29.96,2.48,6.00,0.00
12060 Potranco Road,120,10/16/25 11:27 AM,1,Melissa  Urena,,0.00,15.98,1.32,0.00,0.00
12060 Potranco Road,121,10/16/25 11:28 AM,1,Melissa  Urena,,0.00,5.97,0.48,0.00,0.00
12060 Potranco Road,122,10/16/25 11:29 AM,1,Melissa  Urena,,0.00,8.23,0.68,0.00,0.00
12060 Potranco Road,124,10/16/25 11:32 AM,1,Melissa  Urena,,3.78,0.00,0.00,0.00,0.00
12060 Potranco Road,123,10/16/25 11:32 AM,2,Sugey Cabrera,6,0.00,23.32,1.92,3.50,0.00
12060 Potranco Road,125,10/16/25 11:34 AM,1,Emanuel Sanchez,,0.00,3.98,0.33,0.00,0.00
12060 Potranco Road,127,10/16/25 11:36 AM,1,Sugey Cabrera,,0.00,14.25,1.17,3.00,0.00
12060 Potranco Road,128,10/16/25 11:38 AM,1,Melissa  Urena,,0.00,16.56,1.37,0.00,0.00
12060 Potranco Road,129,10/16/25 11:38 AM,1,Melissa  Urena,,0.00,6.07,0.51,0.00,0.00
12060 Potranco Road,130,10/16/25 11:39 AM,1,Melissa  Urena,,0.00,4.28,0.35,0.00,0.00
12060 Potranco Road,126,10/16/25 11:35 AM,1,Zoila Salinas,,0.00,0.00,0.00,0.00,0.00
12060 Potranco Road,132,10/16/25 11:40 AM,1,Emanuel Sanchez,,0.00,46.20,3.80,2.00,0.00
12060 Potranco Road,134,10/16/25 11:44 AM,1,Melissa  Urena,,0.00,11.75,0.96,0.00,0.00
12060 Potranco Road,136,10/16/25 11:46 AM,1,Melissa  Urena,,0.00,2.49,0.21,0.00,0.00
12060 Potranco Road,135,10/16/25 11:45 AM,1,Candy Del Angel,,0.00,31.11,2.57,0.00,0.00
12060 Potranco Road,138,10/16/25 11:50 AM,1,Melissa  Urena,,0.00,30.27,2.50,0.00,0.00
12060 Potranco Road,140,10/16/25 11:59 AM,1,Melissa  Urena,,0.00,9.98,0.82,0.00,0.00
12060 Potranco Road,141,10/16/25 12:00 PM,1,Melissa  Urena,,0.00,24.85,2.05,0.00,0.00
12060 Potranco Road,142,10/16/25 12:02 PM,2,Lizbeth Garcia,15,0.00,31.73,2.61,4.00,0.00
12060 Potranco Road,143,10/16/25 12:05 PM,5,Lizbeth Garcia,35,0.00,85.70,7.06,20.24,0.00
12060 Potranco Road,144,10/16/25 12:06 PM,2,Sugey Cabrera,8,0.00,26.96,2.23,0.00,0.00
12060 Potranco Road,145,10/16/25 12:07 PM,1,Melissa  Urena,,0.00,13.19,1.09,0.00,0.00
12060 Potranco Road,148,10/16/25 12:11 PM,5,Emanuel Sanchez,25,0.00,80.21,6.60,12.42,0.00
12060 Potranco Road,149,10/16/25 12:15 PM,3,Emanuel Sanchez,3,0.00,0.00,0.00,0.00,0.00
12060 Potranco Road,151,10/16/25 12:21 PM,1,Melissa  Urena,,0.00,15.98,1.32,0.00,0.00
12060 Potranco Road,153,10/16/25 12:22 PM,2,Sugey Cabrera,31,0.00,20.23,1.67,5.00,0.00
12060 Potranco Road,152,10/16/25 12:22 PM,1,Melissa  Urena,,0.00,2.79,0.23,0.00,0.00
12060 Potranco Road,154,10/16/25 12:27 PM,1,Melissa  Urena,,0.00,3.99,0.33,0.00,0.00
12060 Potranco Road,150,10/16/25 12:18 PM,3,Emanuel Sanchez,3,0.00,58.33,4.79,10.00,0.00
12060 Potranco Road,155,10/16/25 12:31 PM,1,Melissa  Urena,,0.00,25.36,2.09,0.00,0.00
12060 Potranco Road,157,10/16/25 12:32 PM,1,Melissa  Urena,,0.00,12.78,1.06,1.00,0.00
12060 Potranco Road,159,10/16/25 12:34 PM,1,Melissa  Urena,,0.00,13.73,1.14,0.00,0.00
12060 Potranco Road,156,10/16/25 12:32 PM,2,Emanuel Sanchez,6,0.00,52.81,4.37,5.00,0.00
12060 Potranco Road,158,10/16/25 12:33 PM,3,Sugey Cabrera,12,0.00,47.76,3.95,7.03,0.00
12060 Potranco Road,161,10/16/25 12:38 PM,2,Lizbeth Garcia,15,0.00,27.51,2.26,5.50,0.00
12060 Potranco Road,162,10/16/25 12:40 PM,1,Carlos Morales,,0.00,5.37,0.44,0.00,0.00
12060 Potranco Road,164,10/16/25 12:41 PM,1,Carlos Morales,,0.00,5.99,0.49,0.00,0.00
12060 Potranco Road,165,10/16/25 12:42 PM,3,Lizbeth Garcia,4,0.00,46.80,3.84,0.00,0.00
12060 Potranco Road,167,10/16/25 12:44 PM,1,Melissa  Urena,,0.00,30.23,2.49,20.00,0.00
12060 Potranco Road,168,10/16/25 12:46 PM,1,Melissa  Urena,,0.00,17.98,1.48,2.00,0.00
12060 Potranco Road,169,10/16/25 12:52 PM,1,Melissa  Urena,,0.00,3.98,0.32,1.00,0.00
12060 Potranco Road,170,10/16/25 12:52 PM,1,Melissa  Urena,,0.00,13.97,1.15,5.00,0.00
12060 Potranco Road,171,10/16/25 12:53 PM,2,Emanuel Sanchez,2,0.00,40.22,3.32,0.00,0.00
12060 Potranco Road,175,10/16/25 12:58 PM,1,Melissa  Urena,,0.00,15.67,1.29,2.00,0.00
12060 Potranco Road,176,10/16/25 1:05 PM,1,Melissa  Urena,,0.00,13.03,1.07,0.00,0.00
12060 Potranco Road,178,10/16/25 1:07 PM,1,Melissa  Urena,,0.00,5.77,0.48,0.00,0.00
12060 Potranco Road,181,10/16/25 1:12 PM,1,Melissa  Urena,,5.00,3.97,0.33,0.00,0.00
12060 Potranco Road,182,10/16/25 1:12 PM,1,Melissa  Urena,,0.00,12.97,1.07,0.00,0.00
12060 Potranco Road,183,10/16/25 1:14 PM,1,Sugey Cabrera,1,0.00,14.28,1.17,0.00,0.00
12060 Potranco Road,184,10/16/25 1:21 PM,1,Melissa  Urena,,0.00,12.99,1.07,0.00,0.00
12060 Potranco Road,185,10/16/25 1:28 PM,1,Melissa  Urena,,0.00,5.99,0.49,0.00,0.00
12060 Potranco Road,186,10/16/25 1:28 PM,1,Melissa  Urena,,0.00,13.77,1.14,0.00,0.00
12060 Potranco Road,187,10/16/25 1:31 PM,1,Melissa  Urena,,0.00,44.22,3.65,0.00,0.00
12060 Potranco Road,188,10/16/25 1:36 PM,1,Melissa  Urena,,0.00,12.57,1.04,0.00,0.00
12060 Potranco Road,189,10/16/25 1:41 PM,1,Sugey Cabrera,2,0.00,7.99,0.66,0.00,0.00
12060 Potranco Road,190,10/16/25 1:42 PM,1,Melissa  Urena,,0.00,17.46,1.44,0.00,0.00
12060 Potranco Road,191,10/16/25 1:48 PM,1,Emanuel Sanchez,27,0.00,22.28,1.83,0.00,0.00
12060 Potranco Road,192,10/16/25 1:53 PM,4,Lizbeth Garcia,25,0.00,47.02,3.88,0.00,0.00
12060 Potranco Road,193,10/16/25 2:02 PM,1,Melissa  Urena,,0.00,9.99,0.82,0.00,0.00
12060 Potranco Road,194,10/16/25 2:04 PM,1,Melissa  Urena,,0.00,12.99,1.07,0.00,0.00
12060 Potranco Road,195,10/16/25 2:04 PM,1,Sugey Cabrera,16,0.00,21.97,1.81,0.00,0.00
12060 Potranco Road,198,10/16/25 2:14 PM,1,Candy Del Angel,,0.00,0.00,0.00,0.00,0.00
12060 Potranco Road,201,10/16/25 2:21 PM,1,Sugey Cabrera,4,0.00,9.57,0.79,1.64,0.00
12060 Potranco Road,200,10/16/25 2:19 PM,1,Mario Jimenez,,0.00,15.82,1.31,0.00,0.00
12060 Potranco Road,205,10/16/25 2:28 PM,1,Mario Jimenez,,0.00,9.98,0.82,2.20,0.00
12060 Potranco Road,207,10/16/25 2:41 PM,1,Mario Jimenez,,0.00,15.55,1.29,3.42,0.00
12060 Potranco Road,208,10/16/25 2:55 PM,2,Melissa  Urena,15,0.00,35.52,2.92,6.56,0.00
12060 Potranco Road,209,10/16/25 3:10 PM,1,Mario Jimenez,,0.00,13.16,1.09,0.00,0.00
12060 Potranco Road,210,10/16/25 3:13 PM,1,Mario Jimenez,,0.00,13.76,1.14,1.00,0.00
12060 Potranco Road,211,10/16/25 3:13 PM,1,Mario Jimenez,,0.00,10.74,0.89,0.00,0.00
12060 Potranco Road,213,10/16/25 3:20 PM,2,Sugey Cabrera,26,1.90,25.06,2.07,0.00,0.00
12060 Potranco Road,214,10/16/25 3:27 PM,1,Mario Jimenez,,0.00,6.37,0.53,0.00,0.00
12060 Potranco Road,215,10/16/25 3:35 PM,1,Melissa  Urena,3,0.00,10.98,0.91,5.00,0.00
12060 Potranco Road,216,10/16/25 3:39 PM,1,Mario Jimenez,,0.00,20.27,1.68,3.04,0.00
12060 Potranco Road,217,10/16/25 3:52 PM,1,Mario Jimenez,,0.00,1.80,0.15,0.00,0.00
12060 Potranco Road,219,10/16/25 3:56 PM,1,Mario Jimenez,,0.00,31.55,2.61,4.73,0.00
12060 Potranco Road,221,10/16/25 4:15 PM,1,Mario Jimenez,,0.00,17.61,1.45,3.87,0.00
12060 Potranco Road,223,10/16/25 4:25 PM,1,Sugey Cabrera,,0.00,0.00,0.00,0.00,0.00
12060 Potranco Road,224,10/16/25 4:27 PM,1,Sugey Cabrera,,0.00,2.29,0.19,0.00,0.00
12060 Potranco Road,225,10/16/25 4:41 PM,1,Mario Jimenez,,3.04,27.33,2.26,3.00,0.00
12060 Potranco Road,226,10/16/25 4:46 PM,1,Mario Jimenez,,0.00,29.47,2.44,0.00,0.00
12060 Potranco Road,227,10/16/25 4:52 PM,1,Sugey Cabrera,,0.00,26.63,2.19,0.00,0.00
12060 Potranco Road,229,10/16/25 5:15 PM,2,Sugey Cabrera,15,0.00,15.28,1.26,6.00,0.00
12060 Potranco Road,228,10/16/25 4:58 PM,1,Mario Jimenez,,0.00,19.96,1.64,0.00,0.00
12060 Potranco Road,230,10/16/25 5:26 PM,1,Mario Jimenez,,0.00,15.35,1.27,0.00,0.00
12060 Potranco Road,233,10/16/25 5:30 PM,1,Melissa  Urena,18,0.00,27.26,2.25,50.00,0.00
12060 Potranco Road,232,10/16/25 5:29 PM,1,Mario Jimenez,,0.00,24.35,2.01,0.00,0.00
12060 Potranco Road,234,10/16/25 5:37 PM,1,Mario Jimenez,,0.00,11.97,0.98,0.00,0.00
12060 Potranco Road,236,10/16/25 5:56 PM,2,Sugey Cabrera,3,0.00,25.95,2.15,0.00,0.00
12060 Potranco Road,237,10/16/25 5:58 PM,3,Sugey Cabrera,1,5.00,61.81,5.09,10.00,0.00
12060 Potranco Road,238,10/16/25 6:11 PM,3,Sugey Cabrera,31,0.00,50.63,4.18,0.00,0.00
12060 Potranco Road,239,10/16/25 6:14 PM,3,Melissa  Urena,14,0.00,54.28,4.47,5.00,0.00
12060 Potranco Road,240,10/16/25 6:20 PM,2,Melissa  Urena,35,0.00,46.96,3.87,8.00,0.00
12060 Potranco Road,242,10/16/25 6:23 PM,1,Mario Jimenez,,0.00,48.45,3.99,7.27,0.00
12060 Potranco Road,241,10/16/25 6:20 PM,1,Mario Jimenez,,0.00,17.28,1.42,3.80,0.00
12060 Potranco Road,243,10/16/25 6:35 PM,1,Mario Jimenez,,0.00,9.98,0.82,1.50,0.00
12060 Potranco Road,244,10/16/25 6:43 PM,2,Melissa  Urena,15,0.00,34.46,2.84,5.00,0.00
12060 Potranco Road,245,10/16/25 6:45 PM,1,Mario Jimenez,,0.00,14.85,1.22,0.00,0.00
12060 Potranco Road,246,10/16/25 7:02 PM,1,Mario Jimenez,,0.00,26.84,2.21,0.00,0.00
12060 Potranco Road,247,10/16/25 7:04 PM,1,Sugey Cabrera,11,0.00,14.98,1.23,10.00,0.00
12060 Potranco Road,248,10/16/25 7:06 PM,3,Sugey Cabrera,20,0.00,43.72,3.60,9.00,0.00
12060 Potranco Road,249,10/16/25 7:07 PM,2,Melissa  Urena,14,0.00,59.95,4.95,10.14,0.00
12060 Potranco Road,251,10/16/25 7:18 PM,1,Mario Jimenez,,0.00,18.48,1.52,0.00,0.00
12060 Potranco Road,250,10/16/25 7:17 PM,1,Mario Jimenez,,0.00,34.96,2.88,2.00,0.00
12060 Potranco Road,253,10/16/25 7:34 PM,22,Sugey Cabrera,25,0.00,351.95,28.99,59.83,70.38
12060 Potranco Road,256,10/16/25 7:44 PM,1,Mario Jimenez,,0.00,29.45,2.43,0.00,0.00
12060 Potranco Road,255,10/16/25 7:43 PM,10,Sugey Cabrera,17,0.00,128.43,10.59,33.00,25.69
12060 Potranco Road,259,10/16/25 8:21 PM,2,Melissa  Urena,2,0.00,55.09,4.54,0.00,0.00
12060 Potranco Road,260,10/16/25 8:40 PM,1,Mario Jimenez,,0.00,5.19,0.43,1.14,0.00
