Employee,Job Title,Regular Hours,Overtime Hours,Hourly Rate,Regular Pay,Overtime Pay,Total Pay,Net Sales,Declared Tips,Non-Cash Tips,Total Tips,Tips Withheld,Total Gratuity,Employee ID,Job Code,Location,Location Code
"Aragon, Cecilia",Tortillera,7.09,0.0,13.00,92.17,0.00,92.17,0.00,,0.00,0.00,0.00,0.00,,,12060 Potranco Road,
"Barton, Arion",Cook,4.99,0.0,13.00,64.87,0.00,64.87,0.00,,0.00,0.00,0.00,0.00,,,12060 Potranco Road,
"Cabrera, Sugey",Shift Leader,0.0,0.0,14.00,0.00,0.00,0.00,0.00,,0.00,0.00,0.00,0.00,,,12060 Potranco Road,
"Cabrera, Sugey",Server,14.75,0.0,3.00,44.25,0.00,44.25,1266.76,0.00,181.00,181.00,0.00,96.07,,,12060 Potranco Road,
"Cardenas, Salvador",Cook,0.45,8.13,15.00,6.75,182.93,189.68,0.00,,0.00,0.00,0.00,0.00,,,12060 Potranco Road,
"Del Angel, Candy",Shift Manager / Assistant Manager,13.37,0.61,,,,,31.11,0.00,0.00,0.00,0.00,0.00,,,12060 Potranco Road,
"Farias, Claudia",Cook,9.06,0.0,15.00,135.90,0.00,135.90,0.00,,0.00,0.00,0.00,0.00,,,12060 Potranco Road,
"GUTIERREZ, ERIC",Cook,13.91,0.0,16.00,222.56,0.00,222.56,0.00,0.00,0.00,0.00,0.00,0.00,,,12060 Potranco Road,
"Garcia, Lizbeth",Server,8.09,0.0,3.00,24.27,0.00,24.27,469.84,1.00,68.02,69.02,0.00,0.00,,,12060 Potranco Road,
"Jimenez, Mario",Driver,6.91,0.0,14.00,96.74,0.00,96.74,490.52,0.00,36.97,36.97,0.00,0.00,,,12060 Potranco Road,
"Lino Santana, David ",Prep,7.19,0.0,15.00,107.85,0.00,107.85,0.00,,0.00,0.00,0.00,0.00,,,12060 Potranco Road,
"Morales, Carlos",Busser,5.39,0.0,11.00,59.29,0.00,59.29,11.36,,0.00,0.00,0.00,0.00,,,12060 Potranco Road,
"Ojeda, George",Runner,7.13,0.0,12.50,89.12,0.00,89.12,0.00,,0.00,0.00,0.00,0.00,,,12060 Potranco Road,
"Reyes , Jesús Ricardo",Prep,4.76,0.0,12.00,57.12,0.00,57.12,0.00,,0.00,0.00,0.00,0.00,,,12060 Potranco Road,
"Rosales, Elsa",Tortillera,5.3,0.0,13.00,68.90,0.00,68.90,0.00,,0.00,0.00,0.00,0.00,,,12060 Potranco Road,
"Salinas, Zoila",General Manager,19.43,0.0,,,,,0.00,0.00,0.00,0.00,0.00,0.00,,,12060 Potranco Road,
"Sanchez, Emanuel",Server,7.87,0.0,3.00,23.61,0.00,23.61,513.16,5.00,50.48,55.48,0.00,0.00,,,12060 Potranco Road,
"Urena, Melissa ",Server,7.59,0.0,3.00,22.77,0.00,22.77,324.50,0.00,89.70,89.70,0.00,0.00,,,12060 Potranco Road,
"Urena, Melissa ",Host,7.99,0.0,12.00,95.88,0.00,95.88,1132.21,0.00,60.19,60.19,0.00,0.00,,,12060 Potranco Road,
"Vega, Estela",Tortillera,9.26,0.0,15.00,138.90,0.00,138.90,0.00,,0.00,0.00,0.00,0.00,,,12060 Potranco Road,
