Location,Entry Id,Created Date,Action,Amount,Cash Drawer,Payout Reason,No Sale Reason,Comment,Employee,Employee 2
2919 Blanco Rd,800000030716139923,10/13/25 6:10 AM,CASH_PAYMENT,15.10,Drive Thru Cash Drawer,,,Cash payment,Martina Ovalle ,
2919 Blanco Rd,800000030716145234,10/13/25 6:11 AM,CASH_PAYMENT,2.15,Drive Thru Cash Drawer,,,Cash payment,Martina Ovalle ,
2919 Blanco Rd,800000030716147021,10/13/25 6:12 AM,CASH_PAYMENT,4.31,Drive Thru Cash Drawer,,,Cash payment,Martina Ovalle ,
2919 Blanco Rd,800000030716149924,10/13/25 6:12 AM,CASH_PAYMENT,16.69,Front Box Cash Drawer,,,Cash payment,AM CASHIER,
2919 Blanco Rd,800000030716186062,10/13/25 6:17 AM,CASH_PAYMENT,5.39,Drive Thru Cash Drawer,,,Cash payment,Martina Ovalle ,
2919 Blanco Rd,800000030716237134,10/13/25 6:28 AM,CASH_PAYMENT,6.46,Drive Thru Cash Drawer,,,Cash payment,Martina Ovalle ,
2919 Blanco Rd,800000030716352854,10/13/25 6:48 AM,CASH_PAYMENT,14.54,Front Box Cash Drawer,,,Cash payment,AM CASHIER,
2919 Blanco Rd,800000030716425899,10/13/25 6:59 AM,CASH_PAYMENT,6.26,Drive Thru Cash Drawer,,,Cash payment,Martina Ovalle ,
2919 Blanco Rd,800000030716463086,10/13/25 7:03 AM,CASH_PAYMENT,10.77,Drive Thru Cash Drawer,,,Cash payment,Martina Ovalle ,
2919 Blanco Rd,800000030716491981,10/13/25 7:05 AM,CASH_PAYMENT,13.52,Front Box Cash Drawer,,,Cash payment,AM CASHIER,
2919 Blanco Rd,800000030716822733,10/13/25 7:33 AM,CASH_PAYMENT,3.24,Drive Thru Cash Drawer,,,Cash payment,Martina Ovalle ,
2919 Blanco Rd,800000030716837687,10/13/25 7:34 AM,CASH_PAYMENT,16.39,Drive Thru Cash Drawer,,,Cash payment,Martina Ovalle ,
2919 Blanco Rd,800000030716853213,10/13/25 7:36 AM,CASH_PAYMENT,16.31,Front Box Cash Drawer,,,Cash payment,AM CASHIER,
2919 Blanco Rd,800000030716901658,10/13/25 7:40 AM,CASH_PAYMENT,2.15,Drive Thru Cash Drawer,,,Cash payment,Martina Ovalle ,
2919 Blanco Rd,800000030716985981,10/13/25 7:47 AM,CASH_PAYMENT,8.19,Front Box Cash Drawer,,,Cash payment,AM CASHIER,
2919 Blanco Rd,800000030717112229,10/13/25 7:57 AM,CASH_PAYMENT,21.84,Drive Thru Cash Drawer,,,Cash payment,Martina Ovalle ,
2919 Blanco Rd,800000030717165417,10/13/25 8:00 AM,CASH_PAYMENT,11.18,Drive Thru Cash Drawer,,,Cash payment,Martina Ovalle ,
2919 Blanco Rd,800000030717378843,10/13/25 8:15 AM,CASH_PAYMENT,2.15,Drive Thru Cash Drawer,,,Cash payment,Martina Ovalle ,
2919 Blanco Rd,800000030717554217,10/13/25 8:27 AM,CASH_PAYMENT,4.30,Front Box Cash Drawer,,,Cash payment,AM CASHIER,
2919 Blanco Rd,800000030717854700,10/13/25 8:46 AM,CASH_PAYMENT,11.75,Drive Thru Cash Drawer,,,Cash payment,Martina Ovalle ,
2919 Blanco Rd,800000030717932665,10/13/25 8:51 AM,CASH_PAYMENT,7.58,Front Box Cash Drawer,,,Cash payment,AM CASHIER,
2919 Blanco Rd,800000030717963459,10/13/25 8:53 AM,CASH_PAYMENT,18.75,Drive Thru Cash Drawer,,,Cash payment,Martina Ovalle ,
2919 Blanco Rd,800000030718047197,10/13/25 8:58 AM,CASH_PAYMENT,15.62,Front Box Cash Drawer,,,Cash payment,AM CASHIER,
2919 Blanco Rd,800000030718059346,10/13/25 8:59 AM,CASH_PAYMENT,2.70,Drive Thru Cash Drawer,,,Cash payment,Martina Ovalle ,
2919 Blanco Rd,800000030718131576,10/13/25 9:03 AM,CASH_PAYMENT,4.63,Drive Thru Cash Drawer,,,Cash payment,Martina Ovalle ,
2919 Blanco Rd,800000030718338198,10/13/25 9:15 AM,CASH_PAYMENT,2.44,Drive Thru Cash Drawer,,,Cash payment,Martina Ovalle ,
2919 Blanco Rd,800000030718412824,10/13/25 9:19 AM,CASH_PAYMENT,4.63,Drive Thru Cash Drawer,,,Cash payment,Martina Ovalle ,
2919 Blanco Rd,800000030718555796,10/13/25 9:27 AM,CASH_PAYMENT,11.90,Drive Thru Cash Drawer,,,Cash payment,Martina Ovalle ,
2919 Blanco Rd,800000030718590615,10/13/25 9:29 AM,CASH_PAYMENT,18.38,Front Box Cash Drawer,,,Cash payment,AM CASHIER,
2919 Blanco Rd,800000030718773528,10/13/25 9:39 AM,CASH_PAYMENT,12.93,Drive Thru Cash Drawer,,,Cash payment,Martina Ovalle ,
2919 Blanco Rd,800000030718811631,10/13/25 9:41 AM,CASH_PAYMENT,4.31,Drive Thru Cash Drawer,,,Cash payment,Martina Ovalle ,
2919 Blanco Rd,800000030718829738,10/13/25 9:42 AM,CASH_PAYMENT,4.31,Drive Thru Cash Drawer,,,Cash payment,Martina Ovalle ,
2919 Blanco Rd,800000030718840074,10/13/25 9:43 AM,CASH_PAYMENT,5.39,Drive Thru Cash Drawer,,,Cash payment,Martina Ovalle ,
2919 Blanco Rd,800000030719056981,10/13/25 9:55 AM,CASH_PAYMENT,4.30,Drive Thru Cash Drawer,,,Cash payment,Martina Ovalle ,
2919 Blanco Rd,800000030719147592,10/13/25 9:59 AM,CASH_PAYMENT,6.47,Drive Thru Cash Drawer,,,Cash payment,Martina Ovalle ,
2919 Blanco Rd,800000030719264120,10/13/25 10:05 AM,CASH_PAYMENT,13.77,Drive Thru Cash Drawer,,,Cash payment,Martina Ovalle ,
2919 Blanco Rd,800000030719550607,10/13/25 10:17 AM,CASH_PAYMENT,10.95,Drive Thru Cash Drawer,,,Cash payment,Martina Ovalle ,
2919 Blanco Rd,800000030719585068,10/13/25 10:19 AM,CASH_PAYMENT,7.22,Front Box Cash Drawer,,,Cash payment,AM CASHIER,
2919 Blanco Rd,800000030719657819,10/13/25 10:22 AM,CASH_PAYMENT,5.39,Front Box Cash Drawer,,,Cash payment,AM CASHIER,
2919 Blanco Rd,800000030719696263,10/13/25 10:24 AM,CASH_PAYMENT,29.19,Drive Thru Cash Drawer,,,Cash payment,Martina Ovalle ,
2919 Blanco Rd,800000030719739641,10/13/25 10:26 AM,CASH_PAYMENT,14.02,Drive Thru Cash Drawer,,,Cash payment,Martina Ovalle ,
2919 Blanco Rd,800000030719844372,10/13/25 10:30 AM,CASH_PAYMENT,4.31,Drive Thru Cash Drawer,,,Cash payment,Martina Ovalle ,
2919 Blanco Rd,800000030719961765,10/13/25 10:35 AM,CASH_PAYMENT,27.53,Front Box Cash Drawer,,,Cash payment,AM CASHIER,
2919 Blanco Rd,800000030719973822,10/13/25 10:35 AM,CASH_PAYMENT,9.37,Drive Thru Cash Drawer,,,Cash payment,Martina Ovalle ,
2919 Blanco Rd,800000030720030143,10/13/25 10:37 AM,CASH_PAYMENT,4.63,Drive Thru Cash Drawer,,,Cash payment,Martina Ovalle ,
2919 Blanco Rd,800000030720168085,10/13/25 10:42 AM,CASH_PAYMENT,41.38,Front Box Cash Drawer,,,Cash payment,AM CASHIER,
2919 Blanco Rd,800000030720200506,10/13/25 10:44 AM,CASH_PAYMENT,2.44,Drive Thru Cash Drawer,,,Cash payment,Martina Ovalle ,
2919 Blanco Rd,800000030720361392,10/13/25 10:49 AM,CASH_PAYMENT,17.45,Drive Thru Cash Drawer,,,Cash payment,Martina Ovalle ,
2919 Blanco Rd,800000030720599648,10/13/25 10:58 AM,CASH_PAYMENT,1.16,Drive Thru Cash Drawer,,,Cash payment,Martina Ovalle ,
2919 Blanco Rd,800000030720681783,10/13/25 11:00 AM,CASH_PAYMENT,8.62,Drive Thru Cash Drawer,,,Cash payment,Martina Ovalle ,
2919 Blanco Rd,800000030721196552,10/13/25 11:14 AM,CASH_PAYMENT,10.20,Drive Thru Cash Drawer,,,Cash payment,Martina Ovalle ,
2919 Blanco Rd,800000030721328606,10/13/25 11:18 AM,CASH_PAYMENT,20.00,Front Box Cash Drawer,,,Cash payment,AM CASHIER,
2919 Blanco Rd,800000030721415946,10/13/25 11:20 AM,CASH_PAYMENT,6.46,Drive Thru Cash Drawer,,,Cash payment,Martina Ovalle ,
2919 Blanco Rd,800000030721538002,10/13/25 11:23 AM,CASH_PAYMENT,9.94,Front Box Cash Drawer,,,Cash payment,AM CASHIER,
2919 Blanco Rd,800000030721626764,10/13/25 11:26 AM,CASH_PAYMENT,18.87,Front Box Cash Drawer,,,Cash payment,AM CASHIER,
2919 Blanco Rd,800000030721637830,10/13/25 11:26 AM,CASH_PAYMENT,4.30,Drive Thru Cash Drawer,,,Cash payment,Martina Ovalle ,
2919 Blanco Rd,800000030721682188,10/13/25 11:27 AM,CASH_PAYMENT,8.62,Drive Thru Cash Drawer,,,Cash payment,Martina Ovalle ,
2919 Blanco Rd,800000030721891406,10/13/25 11:33 AM,CASH_PAYMENT,19.74,Front Box Cash Drawer,,,Cash payment,AM CASHIER,
2919 Blanco Rd,800000030721901984,10/13/25 11:33 AM,CASH_PAYMENT,4.85,Front Box Cash Drawer,,,Cash payment,AM CASHIER,
2919 Blanco Rd,800000030721907102,10/13/25 11:33 AM,CASH_PAYMENT,37.95,Drive Thru Cash Drawer,,,Cash payment,Martina Ovalle ,
2919 Blanco Rd,800000030721987567,10/13/25 11:35 AM,CASH_PAYMENT,6.47,Front Box Cash Drawer,,,Cash payment,AM CASHIER,
2919 Blanco Rd,800000030722187317,10/13/25 11:40 AM,CASH_PAYMENT,22.85,Drive Thru Cash Drawer,,,Cash payment,Martina Ovalle ,
2919 Blanco Rd,800000030722385719,10/13/25 11:45 AM,CASH_PAYMENT,25.25,Front Box Cash Drawer,,,Cash payment,AM CASHIER,
2919 Blanco Rd,800000030722458414,10/13/25 11:47 AM,CASH_PAYMENT,6.26,Front Box Cash Drawer,,,Cash payment,AM CASHIER,
2919 Blanco Rd,800000030722682608,10/13/25 11:53 AM,CASH_PAYMENT,2.48,Drive Thru Cash Drawer,,,Cash payment,Martina Ovalle ,
2919 Blanco Rd,800000030722693216,10/13/25 11:53 AM,CASH_PAYMENT,37.08,Front Box Cash Drawer,,,Cash payment,AM CASHIER,
2919 Blanco Rd,800000030723499836,10/13/25 12:13 PM,CASH_PAYMENT,20.72,Drive Thru Cash Drawer,,,Cash payment,Martina Ovalle ,
2919 Blanco Rd,800000030723542888,10/13/25 12:14 PM,CASH_PAYMENT,4.30,Drive Thru Cash Drawer,,,Cash payment,Martina Ovalle ,
2919 Blanco Rd,800000030723562605,10/13/25 12:15 PM,CASH_PAYMENT,20.50,Front Box Cash Drawer,,,Cash payment,AM CASHIER,
2919 Blanco Rd,800000030723859433,10/13/25 12:22 PM,CASH_PAYMENT,4.31,Drive Thru Cash Drawer,,,Cash payment,Martina Ovalle ,
2919 Blanco Rd,800000030723864270,10/13/25 12:22 PM,CASH_PAYMENT,3.73,Front Box Cash Drawer,,,Cash payment,AM CASHIER,
2919 Blanco Rd,800000030723957519,10/13/25 12:25 PM,CASH_PAYMENT,10.16,Drive Thru Cash Drawer,,,Cash payment,Martina Ovalle ,
2919 Blanco Rd,800000030724172626,10/13/25 12:30 PM,CASH_PAYMENT,5.40,Drive Thru Cash Drawer,,,Cash payment,Martina Ovalle ,
2919 Blanco Rd,800000030724319649,10/13/25 12:34 PM,TIP_OUT,-25.00,Front Box Cash Drawer,,,Tips paid out from shift review.,Cinthia Patlan,samantha lopez
2919 Blanco Rd,800000030724531391,10/13/25 12:39 PM,CASH_PAYMENT,10.02,Drive Thru Cash Drawer,,,Cash payment,Martina Ovalle ,
2919 Blanco Rd,800000030724772586,10/13/25 12:46 PM,CASH_PAYMENT,9.88,Drive Thru Cash Drawer,,,Cash payment,Martina Ovalle ,
2919 Blanco Rd,800000030725010316,10/13/25 12:52 PM,TIP_OUT,-12.25,Front Box Cash Drawer,,,Tips paid out from shift review.,Cinthia Patlan,Sami Martinez 
2919 Blanco Rd,800000030725044096,10/13/25 12:53 PM,TIP_OUT,-2.00,Front Box Cash Drawer,,,Tips paid out from shift review.,AM CASHIER,AM CASHIER
2919 Blanco Rd,800000030725047696,10/13/25 12:53 PM,CLOSE_OUT_EXACT,0.00,Front Box Cash Drawer,,,Close out balance matches expected balance,AM CASHIER,
2919 Blanco Rd,800000030725264209,10/13/25 12:59 PM,CASH_PAYMENT,38.75,Drive Thru Cash Drawer,,,Cash payment,Martina Ovalle ,
2919 Blanco Rd,800000030725328292,10/13/25 1:01 PM,CASH_PAYMENT,36.26,Front Box Cash Drawer (2),,,Cash payment,AM CASHIER,
2919 Blanco Rd,800000030725368562,10/13/25 1:02 PM,CASH_PAYMENT,13.26,Drive Thru Cash Drawer,,,Cash payment,Martina Ovalle ,
2919 Blanco Rd,800000030725644031,10/13/25 1:09 PM,CASH_PAYMENT,3.24,Drive Thru Cash Drawer,,,Cash payment,Martina Ovalle ,
2919 Blanco Rd,800000030726130860,10/13/25 1:22 PM,CASH_PAYMENT,2.15,Drive Thru Cash Drawer,,,Cash payment,Martina Ovalle ,
2919 Blanco Rd,800000030726366125,10/13/25 1:29 PM,CASH_PAYMENT,21.40,Front Box Cash Drawer (2),,,Cash payment,AM CASHIER,
2919 Blanco Rd,800000030726674527,10/13/25 1:37 PM,CASH_PAYMENT,6.04,Drive Thru Cash Drawer,,,Cash payment,Martina Ovalle ,
2919 Blanco Rd,800000030727089209,10/13/25 1:49 PM,CASH_PAYMENT,14.10,Drive Thru Cash Drawer,,,Cash payment,Martina Ovalle ,
2919 Blanco Rd,800000030727293563,10/13/25 1:55 PM,CASH_PAYMENT,29.79,Front Box Cash Drawer (2),,,Cash payment,AM CASHIER,
2919 Blanco Rd,800000030727419151,10/13/25 1:59 PM,CASH_PAYMENT,12.51,Drive Thru Cash Drawer,,,Cash payment,Martina Ovalle ,
2919 Blanco Rd,800000030727456731,10/13/25 2:00 PM,CASH_PAYMENT,4.32,Drive Thru Cash Drawer,,,Cash payment,Martina Ovalle ,
2919 Blanco Rd,800000030727562638,10/13/25 2:04 PM,CASH_PAYMENT,25.41,Front Box Cash Drawer (2),,,Cash payment,AM CASHIER,
2919 Blanco Rd,800000030728200825,10/13/25 2:23 PM,CASH_PAYMENT,27.46,Front Box Cash Drawer (2),,,Cash payment,AM CASHIER,
2919 Blanco Rd,800000030728249348,10/13/25 2:24 PM,CASH_PAYMENT,39.71,Front Box Cash Drawer (2),,,Cash payment,AM CASHIER,
2919 Blanco Rd,800000030728297139,10/13/25 2:26 PM,CASH_PAYMENT,24.10,Front Box Cash Drawer (2),,,Cash payment,AM CASHIER,
2919 Blanco Rd,800000030728335140,10/13/25 2:27 PM,CASH_PAYMENT,18.64,Front Box Cash Drawer (2),,,Cash payment,AM CASHIER,
2919 Blanco Rd,800000030728502690,10/13/25 2:32 PM,CASH_PAYMENT,7.57,Front Box Cash Drawer (2),,,Cash payment,AM CASHIER,
2919 Blanco Rd,800000030728520509,10/13/25 2:33 PM,CASH_PAYMENT,13.90,Front Box Cash Drawer (2),,,Cash payment,AM CASHIER,
2919 Blanco Rd,800000030729486982,10/13/25 3:04 PM,CASH_PAYMENT,14.06,Front Box Cash Drawer (2),,,Cash payment,AM CASHIER,
2919 Blanco Rd,800000030730232377,10/13/25 3:29 PM,CASH_PAYMENT,17.31,Drive Thru Cash Drawer,,,Cash payment,Martina Ovalle ,
2919 Blanco Rd,800000030731448651,10/13/25 4:08 PM,TIP_OUT,-55.92,Drive Thru Cash Drawer,,,Tips paid out from shift review.,Martina Ovalle ,Martina Ovalle 
2919 Blanco Rd,800000030731448797,10/13/25 4:08 PM,CLOSE_OUT_EXACT,0.00,Drive Thru Cash Drawer,,,Close out balance matches expected balance,Martina Ovalle ,
2919 Blanco Rd,800000030731597100,10/13/25 4:12 PM,CASH_PAYMENT,3.24,Front Box Cash Drawer (2),,,Cash payment,AM CASHIER,
2919 Blanco Rd,800000030732158883,10/13/25 4:28 PM,CASH_PAYMENT,15.97,Drive Thru Cash Drawer (2),,,Cash payment,Cin Cin,
2919 Blanco Rd,800000030732368596,10/13/25 4:34 PM,CASH_PAYMENT,18.75,Drive Thru Cash Drawer (2),,,Cash payment,Cin Cin,
2919 Blanco Rd,800000030733136607,10/13/25 4:54 PM,CASH_PAYMENT,14.90,Drive Thru Cash Drawer (2),,,Cash payment,Cin Cin,
2919 Blanco Rd,800000030733333118,10/13/25 4:59 PM,CASH_PAYMENT,4.86,Drive Thru Cash Drawer (2),,,Cash payment,Cin Cin,
2919 Blanco Rd,800000030735966931,10/13/25 5:59 PM,CASH_PAYMENT,3.24,Drive Thru Cash Drawer (2),,,Cash payment,Cin Cin,
2919 Blanco Rd,800000030736796740,10/13/25 6:17 PM,NO_SALE,0.00,Drive Thru Cash Drawer (2),,Making Change - Drawer,,Cin Cin,
2919 Blanco Rd,800000030737106087,10/13/25 6:23 PM,CASH_PAYMENT,15.14,Drive Thru Cash Drawer (2),,,Cash payment,Cin Cin,
2919 Blanco Rd,800000030738714864,10/13/25 7:01 PM,CASH_PAYMENT,20.25,Drive Thru Cash Drawer (2),,,Cash payment,Cin Cin,
2919 Blanco Rd,800000030740711351,10/13/25 7:57 PM,TIP_OUT,-35.17,Front Box Cash Drawer (2),,,Tips paid out from shift review.,Cinthia Patlan,Sami Martinez 
2919 Blanco Rd,800000030740727532,10/13/25 7:58 PM,TIP_OUT,-4.00,Front Box Cash Drawer (2),,,Tips paid out from shift review.,AM CASHIER,AM CASHIER
2919 Blanco Rd,800000030740731809,10/13/25 7:58 PM,CLOSE_OUT_EXACT,0.00,Front Box Cash Drawer (2),,,Close out balance matches expected balance,AM CASHIER,
2919 Blanco Rd,800000030740815433,10/13/25 8:01 PM,TIP_OUT,-4.00,Drive Thru Cash Drawer (2),,,Tips paid out from shift review.,Cin Cin,Cin Cin
2919 Blanco Rd,800000030740817953,10/13/25 8:01 PM,CLOSE_OUT_EXACT,0.00,Drive Thru Cash Drawer (2),,,Close out balance matches expected balance,Cin Cin,
