Employee,Job Title,Regular Hours,Overtime Hours,Hourly Rate,Regular Pay,Overtime Pay,Total Pay,Net Sales,Declared Tips,Non-Cash Tips,Total Tips,Tips Withheld,Total Gratuity,Employee ID,Job Code,Location,Location Code
"CASHIER, AM",General Manager,14.33,0.0,,,,,356.77,,6.00,6.00,0.00,0.00,,,2919 Blanco Rd,
"Cin, Cin",Drive-Thru,4.27,0.0,,,,,235.41,,4.00,4.00,0.00,0.00,,,2919 Blanco Rd,
"Franco , Eduardo ",Cook,8.93,0.0,14.00,125.02,0.00,125.02,0.00,,0.00,0.00,0.00,0.00,,,2919 Blanco Rd,
"Hernandez, Celinda",Cook,12.8,0.0,16.00,204.80,0.00,204.80,0.00,,0.00,0.00,0.00,0.00,,,2919 Blanco Rd,
"Hernandez, Fidelia ",Cook,8.85,0.0,14.00,123.90,0.00,123.90,0.00,,0.00,0.00,0.00,0.00,,,2919 Blanco Rd,
"Martinez , Sami",Server,7.15,0.0,3.00,21.45,0.00,21.45,337.36,,12.00,12.00,0.00,23.17,,,2919 Blanco Rd,
"Martinez , Sami",Busser,4.85,0.0,11.00,53.35,0.00,53.35,223.94,,12.25,12.25,0.00,0.00,,,2919 Blanco Rd,
"Melendez, Ninoska",Tortillero/a,8.19,0.0,13.00,106.47,0.00,106.47,0.00,,0.00,0.00,0.00,0.00,,,2919 Blanco Rd,
"Ovalle , Martina",Drive-Thru,10.4,0.0,,,,,1576.87,,55.92,55.92,0.00,0.00,,,2919 Blanco Rd,
"Rivera, Dante Antonio ",Cook,6.76,0.0,,,,,0.00,,0.00,0.00,0.00,0.00,,,2919 Blanco Rd,
"Salazar, Maria ",Shift Manager / Assistant Manager,7.9,0.0,,,,,43.97,,0.00,0.00,0.00,0.00,,,2919 Blanco Rd,
"lopez, samantha",Server,4.86,0.0,3.00,14.58,0.00,14.58,285.99,,25.00,25.00,0.00,0.00,,,2919 Blanco Rd,
