,Location,Employee,Job Title,In Date,Shift Closed Date,Out Date,Hours,Cash Tips Decl.,Cash on Hand,Cash in Drawer,Non-Cash Tips,Cash Gratuity,Non-Cash Gratuity,Tips Withheld,Non-Cash Sales,Cash Sales,Total Sales,Cash Collected?,Tips Paid?,Open,Paid,Closed,Tip Share Total
800000030716066564,2919 Blanco Rd,Maria  Salazar,Shift Manager / Assistant Manager,10/13/25 5:46 AM,10/13/25 1:40 PM,10/13/25 1:40 PM,7.90,,0.00,36.25,0.00,0.00,0.00,0.00,11.36,36.25,47.61,yes,yes,0,0,4,0.00
800000030716074606,2919 Blanco Rd,AM CASHIER,General Manager,10/13/25 5:50 AM,10/13/25 12:53 PM,10/13/25 12:53 PM,7.05,,0.00,151.37,2.00,0.00,0.00,0.00,146.81,151.37,298.18,yes,yes,0,0,25,0.00
800000030716094381,2919 Blanco Rd,Martina Ovalle ,Drive-Thru,10/13/25 5:59 AM,10/13/25 4:08 PM,10/13/25 4:23 PM,10.40,,0.00,623.40,55.92,0.00,0.00,0.00,1083.32,623.40,1706.72,yes,yes,0,0,149,0.00
800000030717150863,2919 Blanco Rd,samantha lopez,Server,10/13/25 7:59 AM,10/13/25 12:33 PM,10/13/25 12:51 PM,4.86,,0.00,70.88,25.00,0.00,0.00,0.00,238.70,70.88,309.58,yes,yes,0,0,11,0.00
800000030717170533,2919 Blanco Rd,Sami Martinez ,Busser,10/13/25 8:01 AM,10/13/25 12:52 PM,10/13/25 12:52 PM,4.85,,0.00,110.84,12.25,0.00,0.00,0.00,131.56,110.84,242.40,yes,yes,0,0,10,0.00
800000030725021943,2919 Blanco Rd,Sami Martinez ,Server,10/13/25 12:52 PM,10/13/25 7:57 PM,10/13/25 8:01 PM,7.15,,0.00,172.68,12.00,17.14,6.03,0.00,209.63,155.54,365.17,yes,yes,0,0,17,0.00
800000030725054342,2919 Blanco Rd,AM CASHIER,General Manager,10/13/25 12:53 PM,10/13/25 7:58 PM,10/13/25 8:10 PM,7.28,,0.00,52.60,4.00,0.00,0.00,0.00,35.38,52.60,87.98,yes,yes,0,0,8,0.00
800000030731335678,2919 Blanco Rd,Cin Cin,Drive-Thru,10/13/25 4:05 PM,10/13/25 8:00 PM,10/13/25 8:21 PM,4.27,,0.00,93.11,4.00,0.00,0.00,0.00,161.71,93.11,254.82,yes,yes,0,0,18,0.00
