Check #,Table,Payment Type,Server,Cashier,Tip,Amount,Cash Drawer,Date,Opened Date
1,,CASH,Maria ,Maria ,0.00,15.21,Front Box Cash Drawer,9/1/25 6:05 AM,9/1/25 6:00 AM
2,,CREDIT,Cin,Cin,0.00,6.47,,9/1/25 6:25 AM,9/1/25 6:22 AM
4,,CASH,Cin,Cin,0.00,6.46,Drive Thru Cash Drawer,9/1/25 6:27 AM,9/1/25 6:24 AM
6,,CASH,Maria ,Maria ,0.00,8.65,Front Box Cash Drawer,9/1/25 6:34 AM,9/1/25 6:34 AM
9,,CREDIT,Cin,Cin,0.00,10.77,,9/1/25 6:48 AM,9/1/25 6:48 AM
10,,CASH,Cin,Cin,0.00,13.81,Drive Thru Cash Drawer,9/1/25 6:54 AM,9/1/25 6:51 AM
11,,CREDIT,Cin,Cin,0.00,6.46,,9/1/25 6:55 AM,9/1/25 6:54 AM
12,,CREDIT,Cin,Cin,0.00,6.47,,9/1/25 7:04 AM,9/1/25 7:03 AM
8,7,CREDIT,Maria ,Maria ,0.00,38.52,,9/1/25 7:20 AM,9/1/25 6:46 AM
14,,CREDIT,Maria ,Maria ,0.00,9.12,,9/1/25 7:21 AM,9/1/25 7:21 AM
13,,CREDIT,Cin,Cin,0.00,8.04,,9/1/25 7:21 AM,9/1/25 7:20 AM
16,,CREDIT,Cin,Cin,1.00,8.94,,9/1/25 7:25 AM,9/1/25 7:23 AM
17,,CASH,Cin,Cin,0.00,6.46,Drive Thru Cash Drawer,9/1/25 7:33 AM,9/1/25 7:33 AM
15,,CASH,Maria ,Maria ,0.00,4.30,Front Box Cash Drawer,9/1/25 7:44 AM,9/1/25 7:44 AM
19,,CREDIT,Cin,Cin,0.00,9.94,,9/1/25 7:50 AM,9/1/25 7:49 AM
18,,CREDIT,Maria ,Maria ,1.48,15.52,,9/1/25 7:52 AM,9/1/25 7:41 AM
20,,CASH,Cin,Cin,0.00,4.63,Drive Thru Cash Drawer,9/1/25 7:58 AM,9/1/25 7:56 AM
21,,CREDIT,Maria ,Maria ,0.00,10.78,,9/1/25 7:58 AM,9/1/25 7:58 AM
23,,CREDIT,Cin,Cin,0.00,12.93,,9/1/25 7:59 AM,9/1/25 7:59 AM
24,,CREDIT,Cin,Cin,0.00,6.47,,9/1/25 8:08 AM,9/1/25 8:06 AM
25,,CREDIT,Cin,Cin,0.00,18.07,,9/1/25 8:09 AM,9/1/25 8:06 AM
26,,CREDIT,Cin,Cin,0.00,17.26,,9/1/25 8:11 AM,9/1/25 8:08 AM
27,,CREDIT,Cin,Cin,2.00,15.01,,9/1/25 8:12 AM,9/1/25 8:10 AM
28,,CREDIT,Maria ,Maria ,0.00,5.40,,9/1/25 8:28 AM,9/1/25 8:24 AM
30,,CREDIT,Maria ,Maria ,2.30,18.70,,9/1/25 8:30 AM,9/1/25 8:30 AM
31,,CREDIT,Cin,Cin,0.00,16.16,,9/1/25 8:33 AM,9/1/25 8:32 AM
32,,CASH,Cin,Cin,0.00,5.56,Drive Thru Cash Drawer,9/1/25 8:36 AM,9/1/25 8:33 AM
35,,CREDIT,Cin,Cin,0.00,9.29,,9/1/25 8:38 AM,9/1/25 8:38 AM
29,18,CREDIT,Maria ,Maria ,2.00,16.76,,9/1/25 8:46 AM,9/1/25 8:24 AM
38,,CREDIT,Cin,Cin,2.00,13.51,,9/1/25 8:49 AM,9/1/25 8:47 AM
40,,CREDIT,Cin,Cin,0.00,4.31,,9/1/25 8:54 AM,9/1/25 8:53 AM
39,,CREDIT,Maria ,Maria ,0.00,23.71,,9/1/25 8:55 AM,9/1/25 8:48 AM
34,4,CASH,Maria ,Maria ,0.00,29.06,Front Box Cash Drawer,9/1/25 8:59 AM,9/1/25 8:38 AM
42,,CREDIT,Cin,Cin,2.00,19.94,,9/1/25 9:03 AM,9/1/25 9:02 AM
44,,CREDIT,Cin,Cin,0.00,14.43,,9/1/25 9:08 AM,9/1/25 9:06 AM
41,5,CASH,samantha,Maria ,0.00,11.67,Front Box Cash Drawer,9/1/25 9:08 AM,9/1/25 8:57 AM
45,3,CASH,samantha,Maria ,0.00,9.52,Front Box Cash Drawer,9/1/25 9:18 AM,9/1/25 9:09 AM
43,,CREDIT,Maria ,Maria ,0.00,6.76,,9/1/25 9:19 AM,9/1/25 9:05 AM
48,,CREDIT,Cin,Cin,0.00,3.02,,9/1/25 9:21 AM,9/1/25 9:20 AM
49,,CREDIT,Cin,Cin,1.00,30.39,,9/1/25 9:23 AM,9/1/25 9:21 AM
47,,CASH,Maria ,Maria ,0.00,4.96,Front Box Cash Drawer,9/1/25 9:23 AM,9/1/25 9:19 AM
37,7,CASH,samantha,Maria ,0.00,26.09,Front Box Cash Drawer,9/1/25 9:25 AM,9/1/25 8:45 AM
36,2,CREDIT,samantha,Maria ,0.00,33.08,,9/1/25 9:26 AM,9/1/25 8:40 AM
50,,CASH,Cin,Cin,0.00,12.93,Drive Thru Cash Drawer,9/1/25 9:27 AM,9/1/25 9:25 AM
58,,CASH,Cin,Cin,0.00,6.47,Drive Thru Cash Drawer,9/1/25 9:38 AM,9/1/25 9:38 AM
53,,CASH,Cin,Cin,0.00,14.02,Drive Thru Cash Drawer,9/1/25 9:38 AM,9/1/25 9:33 AM
55,,CASH,Cin,Cin,0.00,4.30,Drive Thru Cash Drawer,9/1/25 9:39 AM,9/1/25 9:35 AM
56,,CREDIT,Cin,Cin,0.00,4.31,,9/1/25 9:40 AM,9/1/25 9:35 AM
59,,CREDIT,Cin,Cin,0.00,13.56,,9/1/25 9:47 AM,9/1/25 9:44 AM
60,,CASH,Cin,Cin,0.00,15.64,Drive Thru Cash Drawer,9/1/25 9:51 AM,9/1/25 9:50 AM
61,,CREDIT,Cin,Cin,0.00,7.11,,9/1/25 9:53 AM,9/1/25 9:52 AM
63,,CREDIT,Cin,Cin,0.00,11.60,,9/1/25 9:58 AM,9/1/25 9:54 AM
57,12,CREDIT,samantha,Maria ,7.30,22.70,,9/1/25 9:59 AM,9/1/25 9:37 AM
67,,CASH,Cin,Cin,0.00,5.13,Drive Thru Cash Drawer,9/1/25 9:59 AM,9/1/25 9:56 AM
68,,CASH,Cin,Cin,0.00,4.30,Drive Thru Cash Drawer,9/1/25 10:00 AM,9/1/25 9:56 AM
65,,CASH,Maria ,Maria ,0.00,5.39,Front Box Cash Drawer,9/1/25 10:01 AM,9/1/25 9:55 AM
69,,CREDIT,Cin,Cin,0.00,33.91,,9/1/25 10:01 AM,9/1/25 10:00 AM
70,,CREDIT,Maria ,Maria ,0.00,4.30,,9/1/25 10:05 AM,9/1/25 10:05 AM
71,,CASH,Cin,Cin,0.00,7.46,Drive Thru Cash Drawer,9/1/25 10:05 AM,9/1/25 10:03 AM
78,,CASH,Cin,Cin,0.00,8.62,Drive Thru Cash Drawer,9/1/25 10:13 AM,9/1/25 10:12 AM
79,,CREDIT,Cin,Cin,1.00,8.20,,9/1/25 10:16 AM,9/1/25 10:15 AM
80,,CREDIT,Cin,Cin,0.00,15.25,,9/1/25 10:18 AM,9/1/25 10:16 AM
82,,CREDIT,Cin,Cin,0.00,6.47,,9/1/25 10:21 AM,9/1/25 10:17 AM
83,,CREDIT,Cin,Cin,0.00,21.60,,9/1/25 10:22 AM,9/1/25 10:20 AM
62,7,CREDIT,samantha,Maria ,0.00,23.09,,9/1/25 10:23 AM,9/1/25 9:52 AM
74,6,CASH,samantha,Maria ,0.00,6.47,Front Box Cash Drawer,9/1/25 10:23 AM,9/1/25 10:04 AM
85,,CREDIT,Cin,Cin,0.00,44.66,,9/1/25 10:26 AM,9/1/25 10:22 AM
81,,CASH,Cin,Cin,0.00,11.62,Drive Thru Cash Drawer,9/1/25 10:27 AM,9/1/25 10:23 AM
52,25,CREDIT,samantha,Maria ,0.00,35.20,,9/1/25 10:28 AM,9/1/25 9:31 AM
54,19,CASH,samantha,Maria ,0.00,25.96,Front Box Cash Drawer,9/1/25 10:29 AM,9/1/25 9:36 AM
87,,CASH,Cin,Cin,0.00,10.16,Drive Thru Cash Drawer,9/1/25 10:31 AM,9/1/25 10:25 AM
88,,CASH,Cin,Cin,0.00,11.42,Drive Thru Cash Drawer,9/1/25 10:32 AM,9/1/25 10:27 AM
75,5,CREDIT,samantha,Maria ,0.00,15.95,,9/1/25 10:33 AM,9/1/25 10:04 AM
89,,CASH,Cin,Cin,0.00,17.55,Drive Thru Cash Drawer,9/1/25 10:34 AM,9/1/25 10:31 AM
95,,CREDIT,Maria ,Maria ,0.00,5.96,,9/1/25 10:35 AM,9/1/25 10:35 AM
91,,CASH,Cin,Cin,0.00,14.36,Drive Thru Cash Drawer,9/1/25 10:36 AM,9/1/25 10:32 AM
73,8,CREDIT,samantha,Maria ,2.00,14.86,,9/1/25 10:36 AM,9/1/25 10:03 AM
93,,CREDIT,Cin,Cin,5.00,35.63,,9/1/25 10:37 AM,9/1/25 10:34 AM
94,,CREDIT,Cin,Cin,0.00,36.27,,9/1/25 10:39 AM,9/1/25 10:35 AM
96,,CASH,Cin,Cin,0.00,5.39,Drive Thru Cash Drawer,9/1/25 10:41 AM,9/1/25 10:36 AM
97,,CREDIT,Cin,Cin,1.00,11.87,,9/1/25 10:43 AM,9/1/25 10:40 AM
98,,CASH,Cin,Cin,0.00,8.04,Drive Thru Cash Drawer,9/1/25 10:44 AM,9/1/25 10:41 AM
101,,CREDIT,Cin,Cin,2.00,15.96,,9/1/25 10:46 AM,9/1/25 10:43 AM
86,17,CASH,samantha,Maria ,0.00,43.95,Front Box Cash Drawer,9/1/25 10:47 AM,9/1/25 10:25 AM
102,,CREDIT,Cin,Cin,2.00,35.59,,9/1/25 10:48 AM,9/1/25 10:45 AM
90,6,CREDIT,samantha,Maria ,0.00,11.63,,9/1/25 10:48 AM,9/1/25 10:32 AM
104,,CREDIT,Cin,Cin,2.00,13.57,,9/1/25 10:51 AM,9/1/25 10:45 AM
84,4,CREDIT,samantha,Maria ,7.00,23.80,,9/1/25 10:52 AM,9/1/25 10:21 AM
105,,CREDIT,Cin,Cin,0.00,12.40,,9/1/25 10:52 AM,9/1/25 10:46 AM
106,,CREDIT,Cin,Cin,0.00,9.50,,9/1/25 10:53 AM,9/1/25 10:46 AM
77,3,CASH,samantha,Maria ,0.00,27.53,Front Box Cash Drawer,9/1/25 10:53 AM,9/1/25 10:11 AM
107,,CASH,Cin,Cin,0.00,14.46,Drive Thru Cash Drawer,9/1/25 10:53 AM,9/1/25 10:47 AM
75,5,CASH,samantha,Maria ,0.00,0.54,Front Box Cash Drawer,9/1/25 10:54 AM,9/1/25 10:04 AM
108,,CREDIT,Cin,Cin,0.00,2.15,,9/1/25 10:55 AM,9/1/25 10:47 AM
109,,CREDIT,Cin,Cin,0.00,12.06,,9/1/25 10:56 AM,9/1/25 10:48 AM
111,,CREDIT,Cin,Cin,0.70,4.30,,9/1/25 10:57 AM,9/1/25 10:48 AM
115,,CREDIT,Cin,Cin,0.00,6.46,,9/1/25 10:58 AM,9/1/25 10:55 AM
117,,CREDIT,Cin,Cin,0.00,8.94,,9/1/25 10:59 AM,9/1/25 10:56 AM
118,,CREDIT,Cin,Cin,1.00,22.09,,9/1/25 11:01 AM,9/1/25 10:58 AM
120,,CREDIT,Cin,Cin,0.00,29.47,,9/1/25 11:03 AM,9/1/25 11:00 AM
121,,CREDIT,Cin,Cin,0.00,14.02,,9/1/25 11:06 AM,9/1/25 11:01 AM
123,,CASH,Cin,Cin,0.00,27.73,Drive Thru Cash Drawer,9/1/25 11:07 AM,9/1/25 11:05 AM
7001,15,CASH,samantha,Maria ,0.00,24.43,Front Box Cash Drawer,9/1/25 11:07 AM,9/1/25 10:31 AM
124,,CREDIT,Cin,Cin,1.00,12.71,,9/1/25 11:11 AM,9/1/25 11:09 AM
127,,CREDIT,Cin,Cin,0.00,24.14,,9/1/25 11:17 AM,9/1/25 11:13 AM
128,,CREDIT,Cin,Cin,0.00,30.30,,9/1/25 11:18 AM,9/1/25 11:14 AM
113,,CREDIT,Cin,Cin,3.00,25.96,,9/1/25 11:20 AM,9/1/25 11:16 AM
134,2,CREDIT,samantha,Maria ,3.00,38.05,,9/1/25 11:20 AM,9/1/25 11:20 AM
92,2,CREDIT,samantha,Maria ,5.00,42.83,,9/1/25 11:20 AM,9/1/25 10:34 AM
131,,CASH,Cin,Cin,0.00,13.50,Drive Thru Cash Drawer,9/1/25 11:21 AM,9/1/25 11:17 AM
135,,CASH,Maria ,Maria ,0.00,17.79,Front Box Cash Drawer,9/1/25 11:22 AM,9/1/25 11:22 AM
132,,CASH,Cin,Cin,0.00,6.69,Drive Thru Cash Drawer,9/1/25 11:24 AM,9/1/25 11:17 AM
116,10,CASH,samantha,Maria ,0.00,17.27,Front Box Cash Drawer,9/1/25 11:24 AM,9/1/25 10:56 AM
119,4,CREDIT,samantha,Maria ,4.00,27.39,,9/1/25 11:24 AM,9/1/25 11:00 AM
126,,CASH,Cin,Cin,0.00,11.45,Drive Thru Cash Drawer,9/1/25 11:26 AM,9/1/25 11:12 AM
136,,CASH,Cin,Cin,0.00,8.63,Drive Thru Cash Drawer,9/1/25 11:26 AM,9/1/25 11:21 AM
137,,CREDIT,Cin,Cin,0.00,13.25,,9/1/25 11:26 AM,9/1/25 11:24 AM
122,5,CREDIT,samantha,Maria ,0.00,19.98,,9/1/25 11:26 AM,9/1/25 11:05 AM
138,,CREDIT,Cin,Cin,0.00,20.88,,9/1/25 11:29 AM,9/1/25 11:25 AM
133,,CREDIT,Cin,Cin,0.00,26.05,,9/1/25 11:30 AM,9/1/25 11:26 AM
139,,CREDIT,Cin,Cin,0.00,11.77,,9/1/25 11:33 AM,9/1/25 11:26 AM
141,,CASH,Cin,Cin,0.00,10.34,Drive Thru Cash Drawer,9/1/25 11:34 AM,9/1/25 11:31 AM
144,,CASH,Cin,Cin,0.00,4.30,Drive Thru Cash Drawer,9/1/25 11:35 AM,9/1/25 11:32 AM
145,,CASH,Cin,Cin,0.00,6.46,Drive Thru Cash Drawer,9/1/25 11:37 AM,9/1/25 11:34 AM
140,,CREDIT,Cin,Cin,0.00,13.36,,9/1/25 11:39 AM,9/1/25 11:36 AM
147,,CREDIT,Cin,Cin,0.00,12.46,,9/1/25 11:41 AM,9/1/25 11:36 AM
151,,CREDIT,Maria ,Maria ,0.00,8.58,,9/1/25 11:41 AM,9/1/25 11:41 AM
152,,CREDIT,Maria ,Maria ,0.00,10.84,,9/1/25 11:41 AM,9/1/25 11:41 AM
148,,CREDIT,Cin,Cin,1.00,14.82,,9/1/25 11:42 AM,9/1/25 11:37 AM
149,,CASH,Cin,Cin,0.00,11.90,Drive Thru Cash Drawer,9/1/25 11:44 AM,9/1/25 11:38 AM
154,,CREDIT,Cin,Cin,0.00,10.81,,9/1/25 11:45 AM,9/1/25 11:43 AM
156,,CREDIT,Cin,Cin,0.00,16.22,,9/1/25 11:51 AM,9/1/25 11:46 AM
155,,CREDIT,Maria ,Maria ,0.00,8.65,,9/1/25 11:51 AM,9/1/25 11:51 AM
157,,CREDIT,Cin,Cin,2.00,28.58,,9/1/25 11:54 AM,9/1/25 11:48 AM
160,,CREDIT,Maria ,Maria ,0.00,5.40,,9/1/25 11:55 AM,9/1/25 11:55 AM
162,,CASH,Cin,Cin,0.00,4.32,Drive Thru Cash Drawer,9/1/25 11:56 AM,9/1/25 11:56 AM
114,7,CREDIT,samantha,Maria ,3.00,38.09,,9/1/25 11:58 AM,9/1/25 10:54 AM
153,,CASH,Cin,Cin,0.00,25.38,Drive Thru Cash Drawer,9/1/25 12:00 PM,9/1/25 11:46 AM
163,,CREDIT,Cin,Cin,0.00,18.33,,9/1/25 12:02 PM,9/1/25 11:57 AM
129,3,CREDIT,samantha,Maria ,7.00,25.95,,9/1/25 12:02 PM,9/1/25 11:14 AM
159,,CASH,Cin,Cin,0.00,16.10,Drive Thru Cash Drawer,9/1/25 12:05 PM,9/1/25 11:49 AM
168,,CASH,Cin,Cin,0.00,26.21,Drive Thru Cash Drawer,9/1/25 12:05 PM,9/1/25 12:02 PM
172,,CASH,Cin,Cin,0.00,18.87,Drive Thru Cash Drawer,9/1/25 12:06 PM,9/1/25 12:04 PM
174,,CREDIT,Cin,Cin,0.00,6.46,,9/1/25 12:09 PM,9/1/25 12:05 PM
175,,CASH,Cin,Cin,0.00,16.19,Drive Thru Cash Drawer,9/1/25 12:10 PM,9/1/25 12:06 PM
146,15,CASH,samantha,Maria ,0.00,39.65,Front Box Cash Drawer,9/1/25 12:10 PM,9/1/25 11:34 AM
143,6,CREDIT,samantha,Maria ,4.00,28.60,,9/1/25 12:11 PM,9/1/25 11:32 AM
176,,CASH,Cin,Cin,0.00,14.57,Drive Thru Cash Drawer,9/1/25 12:13 PM,9/1/25 12:09 PM
177,,CASH,Cin,Cin,0.00,30.34,Drive Thru Cash Drawer,9/1/25 12:16 PM,9/1/25 12:10 PM
181,,CREDIT,Maria ,Maria ,0.00,19.01,,9/1/25 12:17 PM,9/1/25 12:17 PM
178,,CREDIT,Cin,Cin,2.84,24.16,,9/1/25 12:18 PM,9/1/25 12:15 PM
179,,CREDIT,Cin,Cin,2.00,26.97,,9/1/25 12:20 PM,9/1/25 12:17 PM
183,,CREDIT,Cin,Cin,0.00,8.94,,9/1/25 12:24 PM,9/1/25 12:23 PM
184,,CREDIT,Cin,Cin,1.00,17.56,,9/1/25 12:27 PM,9/1/25 12:26 PM
167,5,CREDIT,samantha,Maria ,6.00,36.40,,9/1/25 12:28 PM,9/1/25 11:59 AM
170,25,CREDIT,samantha,Maria ,0.00,45.12,,9/1/25 12:30 PM,9/1/25 12:03 PM
185,,CREDIT,Cin,Cin,0.00,5.95,,9/1/25 12:33 PM,9/1/25 12:32 PM
182,,CASH,Maria ,Maria ,0.00,16.48,Front Box Cash Drawer,9/1/25 12:33 PM,9/1/25 12:19 PM
187,,CREDIT,Cin,Cin,0.00,8.03,,9/1/25 12:36 PM,9/1/25 12:33 PM
189,,CREDIT,Cin,Cin,1.00,7.55,,9/1/25 12:37 PM,9/1/25 12:34 PM
190,,CREDIT,Cin,Cin,0.00,28.12,,9/1/25 12:45 PM,9/1/25 12:45 PM
192,,CASH,Cin,Cin,0.00,10.81,Drive Thru Cash Drawer,9/1/25 12:50 PM,9/1/25 12:50 PM
10001,4,CREDIT,samantha,Maria ,10.00,23.12,,9/1/25 12:51 PM,9/1/25 12:09 PM
173,8,CREDIT,samantha,Maria ,0.00,44.67,,9/1/25 12:57 PM,9/1/25 12:06 PM
195,,CASH,Cin,Cin,0.00,12.34,Drive Thru Cash Drawer,9/1/25 12:57 PM,9/1/25 12:55 PM
173,8,CREDIT,samantha,Maria ,0.00,-44.67,,9/1/25 12:59 PM,9/1/25 12:06 PM
186,3,CREDIT,samantha,Maria ,0.00,8.42,,9/1/25 12:59 PM,9/1/25 12:33 PM
199,,CREDIT,Maria ,Maria ,0.00,33.53,,9/1/25 1:07 PM,9/1/25 1:07 PM
173,8,CREDIT,samantha,Maria ,0.00,44.67,,9/1/25 1:08 PM,9/1/25 12:06 PM
196,,CASH,Cin,Cin,0.00,15.11,Drive Thru Cash Drawer,9/1/25 1:09 PM,9/1/25 1:03 PM
200,,CREDIT,Cin,Cin,1.00,6.46,,9/1/25 1:10 PM,9/1/25 1:06 PM
191,7,CREDIT,samantha,Maria ,0.00,18.90,,9/1/25 1:12 PM,9/1/25 12:49 PM
7002,5,CREDIT,samantha,Maria ,5.00,10.23,,9/1/25 1:13 PM,9/1/25 12:43 PM
201,,CREDIT,Cin,Cin,0.00,24.07,,9/1/25 1:13 PM,9/1/25 1:08 PM
203,,CREDIT,Cin,Cin,5.00,26.25,,9/1/25 1:14 PM,9/1/25 1:10 PM
204,,CASH,Cin,Cin,0.00,8.62,Drive Thru Cash Drawer,9/1/25 1:17 PM,9/1/25 1:12 PM
207,,CASH,Cin,Cin,0.00,8.62,Drive Thru Cash Drawer,9/1/25 1:20 PM,9/1/25 1:19 PM
209,,CREDIT,Cin,Cin,0.00,10.77,,9/1/25 1:30 PM,9/1/25 1:29 PM
212,,CASH,Maria ,Maria ,0.00,8.94,Front Box Cash Drawer,9/1/25 1:35 PM,9/1/25 1:35 PM
198,12,CREDIT,samantha,Maria ,10.00,45.40,,9/1/25 1:37 PM,9/1/25 1:04 PM
165,16,CREDIT,samantha,Maria ,10.00,149.28,,9/1/25 1:38 PM,9/1/25 11:58 AM
216,,CREDIT,Maria ,Maria ,0.00,5.13,,9/1/25 1:41 PM,9/1/25 1:41 PM
214,,CREDIT,Cin,Cin,0.00,11.13,,9/1/25 1:41 PM,9/1/25 1:39 PM
206,3,CREDIT,samantha,Maria ,0.00,11.18,,9/1/25 1:42 PM,9/1/25 1:18 PM
208,7,CREDIT,samantha,Maria ,3.00,12.80,,9/1/25 1:43 PM,9/1/25 1:26 PM
217,18,CASH,samantha,Maria ,0.00,4.11,Front Box Cash Drawer,9/1/25 1:45 PM,9/1/25 1:45 PM
220,,CREDIT,Cin,Cin,0.00,4.29,,9/1/25 1:50 PM,9/1/25 1:48 PM
223,,CASH,Cin,Cin,0.00,6.47,Drive Thru Cash Drawer,9/1/25 1:54 PM,9/1/25 1:53 PM
202,15,CASH,samantha,Maria ,0.00,6.65,Front Box Cash Drawer,9/1/25 1:55 PM,9/1/25 1:10 PM
205,4,CASH,samantha,Maria ,0.00,23.90,Front Box Cash Drawer,9/1/25 1:56 PM,9/1/25 1:15 PM
224,,CASH,Cin,Cin,0.00,8.09,Drive Thru Cash Drawer,9/1/25 1:57 PM,9/1/25 1:54 PM
225,,CREDIT,Cin,Cin,2.00,12.98,,9/1/25 2:02 PM,9/1/25 1:57 PM
231,,CREDIT,Cin,Cin,0.00,3.73,,9/1/25 2:03 PM,9/1/25 2:03 PM
227,,CREDIT,Cin,Cin,0.00,13.42,,9/1/25 2:03 PM,9/1/25 1:58 PM
230,,CREDIT,Cin,Cin,3.00,12.93,,9/1/25 2:05 PM,9/1/25 2:01 PM
218,11,CASH,samantha,Maria ,0.00,41.82,Front Box Cash Drawer,9/1/25 2:08 PM,9/1/25 1:46 PM
211,5,CREDIT,samantha,Maria ,3.00,17.79,,9/1/25 2:08 PM,9/1/25 1:32 PM
233,,CASH,Cin,Cin,0.00,12.68,Drive Thru Cash Drawer,9/1/25 2:13 PM,9/1/25 2:11 PM
194,2,CASH,samantha,Maria ,0.00,7.57,Front Box Cash Drawer,9/1/25 2:13 PM,9/1/25 12:55 PM
234,2,CREDIT,samantha,Maria ,0.00,17.30,,9/1/25 2:14 PM,9/1/25 2:13 PM
215,8,CREDIT,samantha,Maria ,0.00,21.63,,9/1/25 2:15 PM,9/1/25 1:40 PM
210,1,CASH,samantha,Maria ,0.00,15.31,Front Box Cash Drawer,9/1/25 2:16 PM,9/1/25 1:30 PM
235,,CREDIT,Cin,Cin,2.00,19.86,,9/1/25 2:16 PM,9/1/25 2:14 PM
236,,CREDIT,Cin,Cin,0.00,32.42,,9/1/25 2:18 PM,9/1/25 2:17 PM
237,,CASH,Cin,Cin,0.00,6.48,Drive Thru Cash Drawer,9/1/25 2:20 PM,9/1/25 2:18 PM
222,19,CREDIT,samantha,Maria ,5.00,21.80,,9/1/25 2:24 PM,9/1/25 1:53 PM
219,25,CREDIT,samantha,Maria ,10.00,71.49,,9/1/25 2:25 PM,9/1/25 1:48 PM
238,,CASH,Maria ,Maria ,0.00,4.32,Front Box Cash Drawer,9/1/25 2:27 PM,9/1/25 2:27 PM
221,7,CREDIT,samantha,Maria ,5.00,38.72,,9/1/25 2:33 PM,9/1/25 1:52 PM
239,,CREDIT,Cin,Cin,0.00,12.92,,9/1/25 2:37 PM,9/1/25 2:36 PM
244,,CREDIT,Cin,Cin,0.00,19.89,,9/1/25 2:49 PM,9/1/25 2:46 PM
240,4,CREDIT,samantha,Maria ,5.00,26.31,,9/1/25 2:57 PM,9/1/25 2:36 PM
232,22,CASH,samantha,Maria ,0.00,18.19,Front Box Cash Drawer,9/1/25 2:58 PM,9/1/25 2:04 PM
241,,CREDIT,Cin,Cin,0.00,44.35,,9/1/25 3:00 PM,9/1/25 2:38 PM
,,TIP_OUT,Cinthia,samantha,-137.58,0.00,Front Box Cash Drawer,9/1/25 3:02 PM,9/1/25 3:02 PM
,,TIP_OUT,Maria ,Maria ,-5.78,0.00,Front Box Cash Drawer,9/1/25 3:03 PM,9/1/25 3:03 PM
,,CLOSE_OUT_EXACT,Maria ,,0.00,0.00,Front Box Cash Drawer,9/1/25 3:03 PM,9/1/25 3:03 PM
188,6,CREDIT,samantha,samantha,10.00,37.37,,9/1/25 3:06 PM,9/1/25 12:36 PM
247,,CREDIT,Cin,Cin,2.00,8.62,,9/1/25 3:10 PM,9/1/25 3:09 PM
,,TIP_OUT,Cin,Cin,-51.54,0.00,Drive Thru Cash Drawer,9/1/25 3:12 PM,9/1/25 3:12 PM
,,CLOSE_OUT_EXACT,Cin,,0.00,0.00,Drive Thru Cash Drawer,9/1/25 3:12 PM,9/1/25 3:12 PM
242,15,CASH,samantha,samantha,0.00,34.50,Front Box Cash Drawer (2),9/1/25 3:12 PM,9/1/25 2:41 PM
248,,CREDIT,Maria ,Maria ,0.00,15.13,,9/1/25 3:30 PM,9/1/25 3:25 PM
249,,CASH,Maria ,Maria ,0.00,7.31,Drive Thru Cash Drawer (2),9/1/25 3:35 PM,9/1/25 3:26 PM
246,7,CREDIT,samantha,samantha,3.00,45.79,,9/1/25 3:36 PM,9/1/25 3:03 PM
252,,CREDIT,Maria ,Maria ,0.00,8.62,,9/1/25 3:48 PM,9/1/25 3:47 PM
253,,CREDIT,Maria ,Maria ,2.00,20.51,,9/1/25 3:49 PM,9/1/25 3:47 PM
250,,CASH,samantha,samantha,0.00,11.65,Front Box Cash Drawer (2),9/1/25 3:49 PM,9/1/25 3:38 PM
255,,CREDIT,Maria ,Maria ,2.00,8.58,,9/1/25 4:04 PM,9/1/25 4:04 PM
257,,CASH,Maria ,Maria ,0.00,11.90,Drive Thru Cash Drawer (2),9/1/25 4:14 PM,9/1/25 4:10 PM
258,,CASH,Maria ,Maria ,0.00,23.80,Drive Thru Cash Drawer (2),9/1/25 4:19 PM,9/1/25 4:15 PM
260,,CREDIT,Maria ,Maria ,2.00,13.51,,9/1/25 4:19 PM,9/1/25 4:17 PM
261,,CREDIT,Maria ,Maria ,0.00,10.78,,9/1/25 4:21 PM,9/1/25 4:20 PM
262,,CREDIT,samantha,samantha,0.00,81.00,,9/1/25 4:48 PM,9/1/25 4:40 PM
263,6,CASH,samantha,samantha,0.00,17.68,Front Box Cash Drawer (2),9/1/25 5:17 PM,9/1/25 4:45 PM
264,,CASH,Maria ,Maria ,0.00,41.10,Drive Thru Cash Drawer (2),9/1/25 5:19 PM,9/1/25 5:17 PM
265,,CREDIT,Maria ,Maria ,0.00,43.27,,9/1/25 5:20 PM,9/1/25 5:18 PM
266,,CREDIT,Maria ,Maria ,0.00,21.54,,9/1/25 5:21 PM,9/1/25 5:20 PM
268,,CREDIT,Maria ,Maria ,0.00,7.57,,9/1/25 5:33 PM,9/1/25 5:33 PM
269,,CREDIT,Maria ,Maria ,2.00,24.88,,9/1/25 5:39 PM,9/1/25 5:36 PM
271,,CASH,Maria ,Maria ,0.00,11.35,Drive Thru Cash Drawer (2),9/1/25 5:42 PM,9/1/25 5:37 PM
272,,CREDIT,Maria ,Maria ,0.00,13.69,,9/1/25 6:05 PM,9/1/25 6:03 PM
267,,CREDIT,samantha,samantha,0.00,4.31,,9/1/25 6:17 PM,9/1/25 6:17 PM
274,,CASH,Maria ,Maria ,0.00,41.04,Drive Thru Cash Drawer (2),9/1/25 6:17 PM,9/1/25 6:16 PM
276,,CASH,Maria ,Maria ,0.00,24.85,Drive Thru Cash Drawer (2),9/1/25 6:38 PM,9/1/25 6:38 PM
273,1,CREDIT,samantha,samantha,0.00,26.22,,9/1/25 6:43 PM,9/1/25 6:06 PM
277,,CREDIT,Maria ,Maria ,1.00,7.56,,9/1/25 6:46 PM,9/1/25 6:45 PM
278,,CASH,Maria ,Maria ,0.00,11.90,Drive Thru Cash Drawer (2),9/1/25 6:48 PM,9/1/25 6:46 PM
279,,CASH,Maria ,Maria ,0.00,17.31,Drive Thru Cash Drawer (2),9/1/25 6:49 PM,9/1/25 6:47 PM
,,TIP_OUT,Maria ,Maria ,-9.00,0.00,Drive Thru Cash Drawer (2),9/1/25 7:03 PM,9/1/25 7:03 PM
,,CLOSE_OUT_EXACT,Maria ,,0.00,0.00,Drive Thru Cash Drawer (2),9/1/25 7:03 PM,9/1/25 7:03 PM
,,TIP_OUT,samantha,samantha,-13.00,0.00,Front Box Cash Drawer (2),9/1/25 7:03 PM,9/1/25 7:03 PM
,,CLOSE_OUT_EXACT,samantha,,0.00,0.00,Front Box Cash Drawer (2),9/1/25 7:04 PM,9/1/25 7:04 PM
,,TOTAL,,,-23.28,4282.17,,,
