Location,Order #,Opened,Server,Table,Revenue Center,Discount Amount,Amount,Tax,Tip,Gratuity,Duration (Opened to Paid)
2919 Blanco Rd,1,9/1/25 6:00 AM,Maria  Salazar,,Dining Room,0.00,14.05,1.16,0.00,0.00,00:05:15
2919 Blanco Rd,2,9/1/25 6:22 AM,Cin Cin,,Dining Room,0.00,5.98,0.49,0.00,0.00,00:03:19
2919 Blanco Rd,4,9/1/25 6:23 AM,Cin Cin,,Dining Room,0.00,5.97,0.49,0.00,0.00,00:03:13
2919 Blanco Rd,6,9/1/25 6:34 AM,Maria  Salazar,,Dining Room,0.00,7.99,0.66,0.00,0.00,00:00:05
2919 Blanco Rd,8,9/1/25 6:45 AM,Maria  Salazar,7,Dining Room,0.00,35.59,2.93,0.00,0.00,00:34:37
2919 Blanco Rd,9,9/1/25 6:48 AM,Cin Cin,,Dining Room,0.00,9.95,0.82,0.00,0.00,00:00:49
2919 Blanco Rd,10,9/1/25 6:51 AM,Cin Cin,,Dining Room,0.00,12.76,1.05,0.00,0.00,00:02:50
2919 Blanco Rd,11,9/1/25 6:54 AM,Cin Cin,,Drive Thru,0.00,5.97,0.49,0.00,0.00,00:01:31
2919 Blanco Rd,12,9/1/25 7:03 AM,Cin Cin,,Dining Room,0.00,5.98,0.49,0.00,0.00,00:01:40
2919 Blanco Rd,13,9/1/25 7:20 AM,Cin Cin,,Dining Room,0.00,7.43,0.61,0.00,0.00,00:01:28
2919 Blanco Rd,14,9/1/25 7:20 AM,Maria  Salazar,,Dining Room,0.00,8.43,0.69,0.00,0.00,00:00:33
2919 Blanco Rd,16,9/1/25 7:23 AM,Cin Cin,,Dining Room,0.00,8.26,0.68,1.00,0.00,00:01:30
2919 Blanco Rd,17,9/1/25 7:33 AM,Cin Cin,,Drive Thru,0.00,5.97,0.49,0.00,0.00,00:00:25
2919 Blanco Rd,18,9/1/25 7:40 AM,Maria  Salazar,,Dining Room,0.00,14.34,1.18,1.48,0.00,00:11:59
2919 Blanco Rd,15,9/1/25 7:21 AM,Maria  Salazar,,Dining Room,0.00,3.98,0.32,0.00,0.00,00:23:20
2919 Blanco Rd,19,9/1/25 7:49 AM,Cin Cin,,Dining Room,0.00,9.18,0.76,0.00,0.00,00:01:02
2919 Blanco Rd,20,9/1/25 7:56 AM,Cin Cin,,Dining Room,0.00,4.28,0.35,0.00,0.00,00:02:30
2919 Blanco Rd,21,9/1/25 7:58 AM,Maria  Salazar,,Dining Room,0.00,9.96,0.82,0.00,0.00,00:00:11
2919 Blanco Rd,23,9/1/25 7:59 AM,Cin Cin,,Drive Thru,0.00,11.94,0.99,0.00,0.00,00:00:49
2919 Blanco Rd,24,9/1/25 8:06 AM,Cin Cin,,Dining Room,0.00,5.98,0.49,0.00,0.00,00:02:38
2919 Blanco Rd,25,9/1/25 8:06 AM,Cin Cin,,Dining Room,0.00,16.69,1.38,0.00,0.00,00:03:25
2919 Blanco Rd,26,9/1/25 8:06 AM,Cin Cin,,Dining Room,0.00,15.94,1.32,0.00,0.00,00:04:18
2919 Blanco Rd,27,9/1/25 8:09 AM,Cin Cin,,Drive Thru,0.00,13.86,1.15,2.00,0.00,00:02:24
2919 Blanco Rd,29,9/1/25 8:23 AM,Maria  Salazar,18,Dining Room,0.00,15.48,1.28,2.00,0.00,00:23:13
2919 Blanco Rd,28,9/1/25 8:14 AM,Maria  Salazar,,Dining Room,0.00,4.98,0.42,0.00,0.00,00:14:01
2919 Blanco Rd,30,9/1/25 8:29 AM,Maria  Salazar,,Dining Room,0.00,17.27,1.43,2.30,0.00,00:00:37
2919 Blanco Rd,31,9/1/25 8:32 AM,Cin Cin,,Drive Thru,0.00,14.94,1.22,0.00,0.00,00:01:24
2919 Blanco Rd,32,9/1/25 8:33 AM,Cin Cin,,Drive Thru,0.00,5.14,0.42,0.00,0.00,00:02:59
2919 Blanco Rd,34,9/1/25 8:35 AM,Maria  Salazar,4,Dining Room,0.00,26.84,2.22,0.00,0.00,00:23:25
2919 Blanco Rd,35,9/1/25 8:38 AM,Cin Cin,,Drive Thru,0.00,8.58,0.71,0.00,0.00,00:00:20
2919 Blanco Rd,36,9/1/25 8:40 AM,samantha lopez,2,Dining Room,0.00,30.56,2.52,0.00,0.00,00:45:20
2919 Blanco Rd,37,9/1/25 8:44 AM,samantha lopez,7,Dining Room,0.00,24.10,1.99,0.00,0.00,00:41:06
2919 Blanco Rd,38,9/1/25 8:47 AM,Cin Cin,,Dining Room,0.00,12.48,1.03,2.00,0.00,00:02:13
2919 Blanco Rd,39,9/1/25 8:48 AM,Maria  Salazar,,Dining Room,0.00,21.90,1.81,0.00,0.00,00:07:56
2919 Blanco Rd,40,9/1/25 8:53 AM,Cin Cin,,Dining Room,0.00,3.98,0.33,0.00,0.00,00:00:43
2919 Blanco Rd,41,9/1/25 8:56 AM,samantha lopez,5,Dining Room,0.00,10.79,0.88,0.00,0.00,00:11:51
2919 Blanco Rd,42,9/1/25 9:01 AM,Cin Cin,,Dining Room,0.00,18.42,1.52,2.00,0.00,00:01:51
2919 Blanco Rd,43,9/1/25 9:05 AM,Maria  Salazar,,Dining Room,0.00,6.24,0.52,0.00,0.00,00:14:01
2919 Blanco Rd,44,9/1/25 9:06 AM,Cin Cin,,Dining Room,0.00,13.32,1.11,0.00,0.00,00:01:58
2919 Blanco Rd,45,9/1/25 9:09 AM,samantha lopez,3,Dining Room,0.00,8.80,0.72,0.00,0.00,00:08:59
2919 Blanco Rd,46,9/1/25 9:18 AM,Maria  Salazar,,Dining Room,0.00,0.00,0.00,0.00,0.00,00:00:18
2919 Blanco Rd,47,9/1/25 9:19 AM,Maria  Salazar,,Dining Room,0.00,4.58,0.38,0.00,0.00,00:04:12
2919 Blanco Rd,48,9/1/25 9:20 AM,Cin Cin,,Dining Room,0.00,2.79,0.23,0.00,0.00,00:01:14
2919 Blanco Rd,49,9/1/25 9:21 AM,Cin Cin,,Drive Thru,0.00,28.08,2.31,1.00,0.00,00:02:01
2919 Blanco Rd,50,9/1/25 9:25 AM,Cin Cin,,Drive Thru,0.00,11.95,0.98,0.00,0.00,00:02:50
2919 Blanco Rd,52,9/1/25 9:30 AM,samantha lopez,25,Dining Room,0.00,32.52,2.68,0.00,0.00,00:57:48
2919 Blanco Rd,53,9/1/25 9:32 AM,Cin Cin,,Dining Room,0.00,18.94,1.55,0.00,0.00,00:05:57
2919 Blanco Rd,55,9/1/25 9:35 AM,Cin Cin,,Dining Room,0.00,3.98,0.32,0.00,0.00,00:04:24
2919 Blanco Rd,56,9/1/25 9:35 AM,Cin Cin,,Dining Room,0.00,3.98,0.33,0.00,0.00,00:04:51
2919 Blanco Rd,54,9/1/25 9:35 AM,samantha lopez,19,Dining Room,0.00,23.98,1.98,0.00,0.00,00:53:46
2919 Blanco Rd,57,9/1/25 9:36 AM,samantha lopez,12,Dining Room,0.00,20.97,1.73,7.30,0.00,00:22:33
2919 Blanco Rd,59,9/1/25 9:43 AM,Cin Cin,,Dining Room,0.00,12.53,1.03,0.00,0.00,00:03:22
2919 Blanco Rd,60,9/1/25 9:49 AM,Cin Cin,,Dining Room,0.00,14.45,1.19,0.00,0.00,00:02:01
2919 Blanco Rd,61,9/1/25 9:52 AM,Cin Cin,,Drive Thru,0.00,6.57,0.54,0.00,0.00,00:01:12
2919 Blanco Rd,62,9/1/25 9:52 AM,samantha lopez,7,Dining Room,0.00,56.51,4.67,3.00,0.00,02:06:19
2919 Blanco Rd,63,9/1/25 9:54 AM,Cin Cin,,Dining Room,0.00,10.72,0.88,0.00,0.00,00:04:37
2919 Blanco Rd,65,9/1/25 9:55 AM,Maria  Salazar,,Dining Room,0.00,4.98,0.41,0.00,0.00,00:05:55
2919 Blanco Rd,67,9/1/25 9:55 AM,Cin Cin,,Dining Room,0.00,4.74,0.39,0.00,0.00,00:03:43
2919 Blanco Rd,68,9/1/25 9:56 AM,Cin Cin,,Dining Room,0.00,3.98,0.32,0.00,0.00,00:04:14
2919 Blanco Rd,69,9/1/25 9:59 AM,Cin Cin,,Drive Thru,0.00,31.33,2.58,0.00,0.00,00:01:54
2919 Blanco Rd,71,9/1/25 10:03 AM,Cin Cin,,Drive Thru,0.00,6.90,0.56,0.00,0.00,00:02:01
2919 Blanco Rd,73,9/1/25 10:03 AM,samantha lopez,8,Dining Room,0.00,13.73,1.13,2.00,0.00,00:33:00
2919 Blanco Rd,74,9/1/25 10:03 AM,samantha lopez,6,Dining Room,0.00,5.98,0.49,0.00,0.00,00:19:47
2919 Blanco Rd,75,9/1/25 10:04 AM,samantha lopez,5,Dining Room,0.00,15.23,1.26,0.00,0.00,00:29:01
2919 Blanco Rd,70,9/1/25 10:01 AM,Maria  Salazar,,Dining Room,0.00,3.98,0.32,0.00,0.00,00:03:38
2919 Blanco Rd,77,9/1/25 10:07 AM,samantha lopez,3,Dining Room,0.00,25.43,2.10,0.00,0.00,00:46:24
2919 Blanco Rd,78,9/1/25 10:12 AM,Cin Cin,,Dining Room,0.00,7.97,0.65,0.00,0.00,00:01:13
2919 Blanco Rd,79,9/1/25 10:14 AM,Cin Cin,,Dining Room,0.00,7.57,0.63,1.00,0.00,00:02:01
2919 Blanco Rd,80,9/1/25 10:16 AM,Cin Cin,,Dining Room,0.00,14.09,1.16,0.00,0.00,00:02:20
2919 Blanco Rd,82,9/1/25 10:17 AM,Cin Cin,,Drive Thru,0.00,5.98,0.49,0.00,0.00,00:03:30
2919 Blanco Rd,83,9/1/25 10:20 AM,Cin Cin,,Drive Thru,0.00,19.96,1.64,0.00,0.00,00:02:00
2919 Blanco Rd,84,9/1/25 10:20 AM,samantha lopez,4,Dining Room,0.00,21.98,1.82,7.00,0.00,00:31:13
2919 Blanco Rd,85,9/1/25 10:21 AM,Cin Cin,,Drive Thru,0.00,41.25,3.41,0.00,0.00,00:04:39
2919 Blanco Rd,81,9/1/25 10:16 AM,Cin Cin,,Dining Room,0.00,10.74,0.88,0.00,0.00,00:10:31
2919 Blanco Rd,87,9/1/25 10:25 AM,Cin Cin,,Drive Thru,0.00,9.39,0.77,0.00,0.00,00:05:30
2919 Blanco Rd,86,9/1/25 10:24 AM,samantha lopez,17,Dining Room,0.00,40.60,3.35,0.00,0.00,00:23:10
2919 Blanco Rd,88,9/1/25 10:27 AM,Cin Cin,,Drive Thru,0.00,10.55,0.87,0.00,0.00,00:05:07
2919 Blanco Rd,89,9/1/25 10:27 AM,Cin Cin,,Drive Thru,0.00,16.21,1.34,0.00,0.00,00:06:55
2919 Blanco Rd,90,9/1/25 10:32 AM,samantha lopez,6,Dining Room,0.00,10.74,0.89,0.00,0.00,00:16:28
2919 Blanco Rd,91,9/1/25 10:32 AM,Cin Cin,,Drive Thru,0.00,13.27,1.09,0.00,0.00,00:03:37
2919 Blanco Rd,93,9/1/25 10:33 AM,Cin Cin,,Drive Thru,0.00,32.92,2.71,5.00,0.00,00:03:36
2919 Blanco Rd,92,9/1/25 10:33 AM,samantha lopez,2,Dining Room,0.00,74.73,6.15,8.00,0.00,00:47:34
2919 Blanco Rd,95,9/1/25 10:35 AM,Maria  Salazar,,Dining Room,0.00,5.50,0.46,0.00,0.00,00:00:28
2919 Blanco Rd,94,9/1/25 10:34 AM,Cin Cin,,Drive Thru,0.00,33.51,2.76,0.00,0.00,00:05:25
2919 Blanco Rd,96,9/1/25 10:36 AM,Cin Cin,,Dining Room,0.00,4.98,0.41,0.00,0.00,00:04:24
2919 Blanco Rd,7001,9/1/25 10:30 AM,samantha lopez,15,Dining Room,0.00,22.57,1.86,0.00,0.00,00:36:31
2919 Blanco Rd,97,9/1/25 10:40 AM,Cin Cin,,Drive Thru,0.00,10.97,0.90,1.00,0.00,00:03:38
2919 Blanco Rd,98,9/1/25 10:41 AM,Cin Cin,,Drive Thru,0.00,7.43,0.61,0.00,0.00,00:03:40
2919 Blanco Rd,101,9/1/25 10:43 AM,Cin Cin,,Drive Thru,0.00,14.74,1.22,2.00,0.00,00:03:20
2919 Blanco Rd,102,9/1/25 10:44 AM,Cin Cin,,Drive Thru,0.00,32.89,2.70,2.00,0.00,00:03:44
2919 Blanco Rd,104,9/1/25 10:45 AM,Cin Cin,,Drive Thru,0.00,12.54,1.03,2.00,0.00,00:05:41
2919 Blanco Rd,105,9/1/25 10:45 AM,Cin Cin,,Drive Thru,0.00,11.45,0.95,0.00,0.00,00:06:41
2919 Blanco Rd,106,9/1/25 10:46 AM,Cin Cin,,Drive Thru,0.00,8.78,0.72,0.00,0.00,00:06:55
2919 Blanco Rd,107,9/1/25 10:46 AM,Cin Cin,,Drive Thru,0.00,13.36,1.10,0.00,0.00,00:07:20
2919 Blanco Rd,108,9/1/25 10:47 AM,Cin Cin,,Drive Thru,0.00,1.99,0.16,0.00,0.00,00:08:22
2919 Blanco Rd,109,9/1/25 10:47 AM,Cin Cin,,Drive Thru,0.00,11.14,0.92,0.00,0.00,00:09:19
2919 Blanco Rd,111,9/1/25 10:48 AM,Cin Cin,,Drive Thru,0.00,3.98,0.32,0.70,0.00,00:08:33
2919 Blanco Rd,115,9/1/25 10:55 AM,Cin Cin,,Drive Thru,0.00,5.97,0.49,0.00,0.00,00:02:26
2919 Blanco Rd,116,9/1/25 10:55 AM,samantha lopez,10,Dining Room,0.00,15.96,1.31,0.00,0.00,00:28:15
2919 Blanco Rd,117,9/1/25 10:56 AM,Cin Cin,,Drive Thru,0.00,8.26,0.68,0.00,0.00,00:02:49
2919 Blanco Rd,118,9/1/25 10:58 AM,Cin Cin,,Drive Thru,0.00,20.42,1.67,1.00,0.00,00:02:34
2919 Blanco Rd,119,9/1/25 10:59 AM,samantha lopez,4,Dining Room,0.00,25.29,2.10,4.00,0.00,00:24:57
2919 Blanco Rd,120,9/1/25 10:59 AM,Cin Cin,,Drive Thru,0.00,27.22,2.25,0.00,0.00,00:03:26
2919 Blanco Rd,121,9/1/25 11:01 AM,Cin Cin,,Drive Thru,0.00,12.95,1.07,0.00,0.00,00:04:36
2919 Blanco Rd,122,9/1/25 11:05 AM,samantha lopez,5,Dining Room,0.00,18.47,1.51,0.00,0.00,00:21:36
2919 Blanco Rd,123,9/1/25 11:05 AM,Cin Cin,,Drive Thru,0.00,25.62,2.11,0.00,0.00,00:01:41
2919 Blanco Rd,124,9/1/25 11:08 AM,Cin Cin,,Dining Room,0.00,11.74,0.97,1.00,0.00,00:02:46
2919 Blanco Rd,126,9/1/25 11:12 AM,Cin Cin,,Drive Thru,0.00,10.57,0.88,0.00,0.00,00:13:15
2919 Blanco Rd,127,9/1/25 11:12 AM,Cin Cin,,Drive Thru,0.00,22.30,1.84,0.00,0.00,00:04:18
2919 Blanco Rd,129,9/1/25 11:13 AM,samantha lopez,3,Dining Room,0.00,23.97,1.98,7.00,0.00,00:48:34
2919 Blanco Rd,128,9/1/25 11:13 AM,Cin Cin,,Drive Thru,0.00,27.99,2.31,0.00,0.00,00:04:19
2919 Blanco Rd,113,9/1/25 10:48 AM,Cin Cin,,Drive Thru,0.00,23.98,1.98,3.00,0.00,00:31:09
2919 Blanco Rd,131,9/1/25 11:16 AM,Cin Cin,,Drive Thru,0.00,12.47,1.03,0.00,0.00,00:05:27
2919 Blanco Rd,132,9/1/25 11:17 AM,Cin Cin,,Drive Thru,0.00,6.18,0.51,0.00,0.00,00:06:52
2919 Blanco Rd,136,9/1/25 11:21 AM,Cin Cin,,Drive Thru,0.00,7.97,0.66,0.00,0.00,00:04:32
2919 Blanco Rd,135,9/1/25 11:20 AM,Maria  Salazar,,Dining Room,0.00,16.44,1.35,0.00,0.00,00:01:14
2919 Blanco Rd,137,9/1/25 11:24 AM,Cin Cin,,Drive Thru,0.00,12.25,1.00,0.00,0.00,00:02:24
2919 Blanco Rd,138,9/1/25 11:24 AM,Cin Cin,,Drive Thru,0.00,19.29,1.59,0.00,0.00,00:04:32
2919 Blanco Rd,133,9/1/25 11:17 AM,Cin Cin,,Drive Thru,0.00,24.07,1.98,0.00,0.00,00:13:28
2919 Blanco Rd,139,9/1/25 11:26 AM,Cin Cin,,Drive Thru,0.00,10.88,0.89,0.00,0.00,00:06:34
2919 Blanco Rd,141,9/1/25 11:30 AM,Cin Cin,,Drive Thru,0.00,9.56,0.78,0.00,0.00,00:03:09
2919 Blanco Rd,143,9/1/25 11:31 AM,samantha lopez,6,Dining Room,0.00,26.42,2.18,4.00,0.00,00:40:09
2919 Blanco Rd,144,9/1/25 11:32 AM,Cin Cin,,Drive Thru,0.00,3.98,0.32,0.00,0.00,00:03:21
2919 Blanco Rd,145,9/1/25 11:33 AM,Cin Cin,,Drive Thru,0.00,5.97,0.49,0.00,0.00,00:04:02
2919 Blanco Rd,146,9/1/25 11:33 AM,samantha lopez,15,Dining Room,0.00,36.63,3.02,0.00,0.00,00:36:58
2919 Blanco Rd,140,9/1/25 11:26 AM,Cin Cin,,Drive Thru,0.00,12.35,1.01,0.00,0.00,00:12:50
2919 Blanco Rd,147,9/1/25 11:36 AM,Cin Cin,,Drive Thru,0.00,11.52,0.94,0.00,0.00,00:05:25
2919 Blanco Rd,148,9/1/25 11:36 AM,Cin Cin,,Drive Thru,0.00,13.69,1.13,1.00,0.00,00:05:53
2919 Blanco Rd,149,9/1/25 11:37 AM,Cin Cin,,Drive Thru,0.00,10.99,0.91,0.00,0.00,00:06:31
2919 Blanco Rd,151,9/1/25 11:40 AM,Maria  Salazar,,Dining Room,0.00,7.93,0.65,0.00,0.00,00:00:38
2919 Blanco Rd,152,9/1/25 11:41 AM,Maria  Salazar,,Dining Room,0.00,10.02,0.82,0.00,0.00,00:00:23
2919 Blanco Rd,154,9/1/25 11:42 AM,Cin Cin,,Drive Thru,0.00,9.99,0.82,0.00,0.00,00:03:04
2919 Blanco Rd,153,9/1/25 11:41 AM,Cin Cin,,Dining Room,0.00,23.44,1.94,0.00,0.00,00:18:29
2919 Blanco Rd,156,9/1/25 11:46 AM,Cin Cin,,Drive Thru,0.00,14.98,1.24,0.00,0.00,00:04:50
2919 Blanco Rd,157,9/1/25 11:47 AM,Cin Cin,,Drive Thru,0.00,26.42,2.16,2.00,0.00,00:06:32
2919 Blanco Rd,159,9/1/25 11:48 AM,Cin Cin,,Dining Room,0.00,14.87,1.23,0.00,0.00,00:16:13
2919 Blanco Rd,155,9/1/25 11:46 AM,Maria  Salazar,,Dining Room,0.00,7.99,0.66,0.00,0.00,00:05:33
2919 Blanco Rd,160,9/1/25 11:51 AM,Maria  Salazar,,Dining Room,0.00,4.99,0.41,0.00,0.00,00:03:21
2919 Blanco Rd,162,9/1/25 11:56 AM,Cin Cin,,Drive Thru,0.00,3.99,0.33,0.00,0.00,00:00:32
2919 Blanco Rd,163,9/1/25 11:57 AM,Cin Cin,,Drive Thru,0.00,16.93,1.40,0.00,0.00,00:04:56
2919 Blanco Rd,165,9/1/25 11:57 AM,samantha lopez,16,Dining Room,0.00,116.40,9.60,10.00,23.28,01:40:48
2919 Blanco Rd,167,9/1/25 11:59 AM,samantha lopez,5,Dining Room,0.00,33.63,2.77,6.00,0.00,00:29:34
2919 Blanco Rd,168,9/1/25 12:02 PM,Cin Cin,,Drive Thru,0.00,24.21,2.00,0.00,0.00,00:03:26
2919 Blanco Rd,170,9/1/25 12:03 PM,samantha lopez,25,Dining Room,0.00,41.68,3.44,0.00,0.00,00:26:58
2919 Blanco Rd,172,9/1/25 12:03 PM,Cin Cin,,Dining Room,0.00,17.43,1.44,0.00,0.00,00:02:33
2919 Blanco Rd,174,9/1/25 12:05 PM,Cin Cin,,Drive Thru,0.00,5.97,0.49,0.00,0.00,00:03:47
2919 Blanco Rd,173,9/1/25 12:04 PM,samantha lopez,8,Dining Room,0.00,41.29,3.38,0.00,0.00,00:52:44
2919 Blanco Rd,175,9/1/25 12:06 PM,Cin Cin,,Drive Thru,0.00,14.95,1.24,0.00,0.00,00:03:38
2919 Blanco Rd,176,9/1/25 12:09 PM,Cin Cin,,Drive Thru,0.00,13.46,1.11,0.00,0.00,00:03:40
2919 Blanco Rd,10001,9/1/25 12:09 PM,samantha lopez,4,Dining Room,0.00,21.36,1.76,10.00,0.00,00:42:15
2919 Blanco Rd,177,9/1/25 12:10 PM,Cin Cin,,Drive Thru,0.00,28.03,2.31,0.00,0.00,00:05:51
2919 Blanco Rd,178,9/1/25 12:14 PM,Cin Cin,,Drive Thru,0.00,22.32,1.84,2.84,0.00,00:04:04
2919 Blanco Rd,179,9/1/25 12:16 PM,Cin Cin,,Drive Thru,0.00,24.92,2.05,2.00,0.00,00:04:29
2919 Blanco Rd,181,9/1/25 12:17 PM,Maria  Salazar,,Dining Room,0.00,17.56,1.45,0.00,0.00,00:00:12
2919 Blanco Rd,182,9/1/25 12:17 PM,Maria  Salazar,,Dining Room,0.00,15.23,1.25,0.00,0.00,00:15:39
2919 Blanco Rd,183,9/1/25 12:23 PM,Cin Cin,,Dining Room,0.00,8.26,0.68,0.00,0.00,00:01:41
2919 Blanco Rd,184,9/1/25 12:26 PM,Cin Cin,,Drive Thru,0.00,16.23,1.33,1.00,0.00,00:01:00
2919 Blanco Rd,185,9/1/25 12:32 PM,Cin Cin,,Drive Thru,0.00,5.50,0.45,0.00,0.00,00:00:25
2919 Blanco Rd,186,9/1/25 12:33 PM,samantha lopez,3,Dining Room,0.00,7.78,0.64,0.00,0.00,00:26:22
2919 Blanco Rd,187,9/1/25 12:33 PM,Cin Cin,,Drive Thru,0.00,7.43,0.60,0.00,0.00,00:03:10
2919 Blanco Rd,189,9/1/25 12:33 PM,Cin Cin,,Drive Thru,0.00,6.97,0.58,1.00,0.00,00:03:38
2919 Blanco Rd,188,9/1/25 12:33 PM,samantha lopez,6,Dining Room,0.00,34.53,2.84,10.00,0.00,02:33:17
2919 Blanco Rd,7002,9/1/25 12:43 PM,samantha lopez,5,Dining Room,0.00,9.45,0.78,5.00,0.00,00:30:16
2919 Blanco Rd,190,9/1/25 12:44 PM,Cin Cin,,Dining Room,0.00,25.98,2.14,0.00,0.00,00:01:03
2919 Blanco Rd,191,9/1/25 12:48 PM,samantha lopez,7,Dining Room,0.00,17.47,1.43,0.00,0.00,00:23:15
2919 Blanco Rd,192,9/1/25 12:50 PM,Cin Cin,,Drive Thru,0.00,9.99,0.82,0.00,0.00,00:00:44
2919 Blanco Rd,194,9/1/25 12:54 PM,samantha lopez,2,Dining Room,0.00,22.97,1.90,0.00,0.00,01:20:10
2919 Blanco Rd,195,9/1/25 12:55 PM,Cin Cin,,Dining Room,0.00,11.41,0.93,0.00,0.00,00:01:36
2919 Blanco Rd,196,9/1/25 1:02 PM,Cin Cin,,Dining Room,0.00,13.96,1.15,0.00,0.00,00:06:49
2919 Blanco Rd,198,9/1/25 1:03 PM,samantha lopez,12,Dining Room,0.00,41.95,3.45,10.00,0.00,00:33:46
2919 Blanco Rd,200,9/1/25 1:06 PM,Cin Cin,,Dining Room,0.00,5.97,0.49,1.00,0.00,00:03:42
2919 Blanco Rd,199,9/1/25 1:03 PM,Maria  Salazar,,Dining Room,0.00,30.97,2.56,0.00,0.00,00:03:37
2919 Blanco Rd,201,9/1/25 1:08 PM,Cin Cin,,Dining Room,0.00,22.25,1.82,0.00,0.00,00:05:37
2919 Blanco Rd,202,9/1/25 1:10 PM,samantha lopez,15,Dining Room,0.00,6.14,0.51,0.00,0.00,00:45:19
2919 Blanco Rd,203,9/1/25 1:10 PM,Cin Cin,,Drive Thru,0.00,24.25,2.00,5.00,0.00,00:04:14
2919 Blanco Rd,204,9/1/25 1:12 PM,Cin Cin,,Drive Thru,0.00,7.96,0.66,0.00,0.00,00:04:56
2919 Blanco Rd,205,9/1/25 1:14 PM,samantha lopez,4,Dining Room,0.00,22.08,1.82,0.00,0.00,00:41:58
2919 Blanco Rd,206,9/1/25 1:18 PM,samantha lopez,3,Dining Room,0.00,10.33,0.85,0.00,0.00,00:24:01
2919 Blanco Rd,207,9/1/25 1:19 PM,Cin Cin,,Dining Room,0.00,7.96,0.66,0.00,0.00,00:00:50
2919 Blanco Rd,208,9/1/25 1:26 PM,samantha lopez,7,Dining Room,0.00,11.83,0.97,3.00,0.00,00:17:27
2919 Blanco Rd,209,9/1/25 1:29 PM,Cin Cin,,Drive Thru,0.00,9.95,0.82,0.00,0.00,00:00:26
2919 Blanco Rd,210,9/1/25 1:30 PM,samantha lopez,1,Dining Room,0.00,14.14,1.17,0.00,0.00,00:46:13
2919 Blanco Rd,211,9/1/25 1:32 PM,samantha lopez,5,Dining Room,0.00,16.44,1.35,3.00,0.00,00:36:14
2919 Blanco Rd,212,9/1/25 1:34 PM,Maria  Salazar,,Dining Room,0.00,8.26,0.68,0.00,0.00,00:00:23
2919 Blanco Rd,213,9/1/25 1:38 PM,samantha lopez,18,Dining Room,0.00,3.80,0.31,0.00,0.00,00:45:18
2919 Blanco Rd,214,9/1/25 1:39 PM,Cin Cin,,Dining Room,0.00,10.28,0.85,0.00,0.00,00:01:58
2919 Blanco Rd,215,9/1/25 1:39 PM,samantha lopez,8,Dining Room,0.00,19.98,1.65,0.00,0.00,00:35:33
2919 Blanco Rd,216,9/1/25 1:40 PM,Maria  Salazar,,Dining Room,0.00,4.74,0.39,0.00,0.00,00:00:23
2919 Blanco Rd,218,9/1/25 1:46 PM,samantha lopez,11,Dining Room,0.00,38.65,3.17,0.00,0.00,00:21:48
2919 Blanco Rd,219,9/1/25 1:47 PM,samantha lopez,25,Dining Room,0.00,66.05,5.44,10.00,0.00,00:38:17
2919 Blanco Rd,220,9/1/25 1:48 PM,Cin Cin,,Dining Room,0.00,3.98,0.31,0.00,0.00,00:02:21
2919 Blanco Rd,221,9/1/25 1:50 PM,samantha lopez,7,Dining Room,0.00,35.77,2.95,5.00,0.00,00:42:23
2919 Blanco Rd,222,9/1/25 1:53 PM,samantha lopez,19,Dining Room,0.00,20.14,1.66,5.00,0.00,00:31:02
2919 Blanco Rd,223,9/1/25 1:53 PM,Cin Cin,,Drive Thru,0.00,5.98,0.49,0.00,0.00,00:00:49
2919 Blanco Rd,224,9/1/25 1:53 PM,Cin Cin,,Drive Thru,0.00,7.47,0.62,0.00,0.00,00:03:45
2919 Blanco Rd,225,9/1/25 1:57 PM,Cin Cin,,Drive Thru,0.00,11.99,0.99,2.00,0.00,00:04:41
2919 Blanco Rd,227,9/1/25 1:58 PM,Cin Cin,,Drive Thru,0.00,12.41,1.01,0.00,0.00,00:05:53
2919 Blanco Rd,230,9/1/25 2:01 PM,Cin Cin,,Drive Thru,0.00,11.94,0.99,3.00,0.00,00:04:25
2919 Blanco Rd,231,9/1/25 2:03 PM,Cin Cin,,Drive Thru,0.00,3.45,0.28,0.00,0.00,00:00:17
2919 Blanco Rd,232,9/1/25 2:03 PM,samantha lopez,22,Dining Room,0.00,16.81,1.38,0.00,0.00,00:54:33
2919 Blanco Rd,233,9/1/25 2:11 PM,Cin Cin,,Dining Room,0.00,11.72,0.96,0.00,0.00,00:01:59
2919 Blanco Rd,235,9/1/25 2:14 PM,Cin Cin,,Drive Thru,0.00,18.35,1.51,2.00,0.00,00:02:47
2919 Blanco Rd,236,9/1/25 2:16 PM,Cin Cin,,Drive Thru,0.00,29.95,2.47,0.00,0.00,00:01:17
2919 Blanco Rd,237,9/1/25 2:17 PM,Cin Cin,,Drive Thru,0.00,5.99,0.49,0.00,0.00,00:03:07
2919 Blanco Rd,238,9/1/25 2:27 PM,Maria  Salazar,,Dining Room,0.00,3.99,0.33,0.00,0.00,00:00:04
2919 Blanco Rd,239,9/1/25 2:35 PM,Cin Cin,,Dining Room,0.00,11.94,0.98,0.00,0.00,00:01:21
2919 Blanco Rd,240,9/1/25 2:36 PM,samantha lopez,4,Dining Room,0.00,24.31,2.00,5.00,0.00,00:21:13
2919 Blanco Rd,241,9/1/25 2:36 PM,Cin Cin,,Dining Room,0.00,40.97,3.38,0.00,0.00,00:23:55
2919 Blanco Rd,242,9/1/25 2:36 PM,samantha lopez,15,Dining Room,0.00,31.88,2.62,0.00,0.00,00:35:19
2919 Blanco Rd,244,9/1/25 2:45 PM,Cin Cin,,Dining Room,0.00,18.38,1.51,0.00,0.00,00:04:07
2919 Blanco Rd,246,9/1/25 3:03 PM,samantha lopez,7,Dining Room,0.00,42.29,3.50,3.00,0.00,00:33:08
2919 Blanco Rd,247,9/1/25 3:09 PM,Cin Cin,,Dining Room,0.00,7.96,0.66,2.00,0.00,00:00:54
2919 Blanco Rd,248,9/1/25 3:25 PM,Maria  Salazar,,Dining Room,0.00,13.98,1.15,0.00,0.00,00:04:31
2919 Blanco Rd,249,9/1/25 3:25 PM,Maria  Salazar,,Dining Room,0.00,6.75,0.56,0.00,0.00,00:09:29
2919 Blanco Rd,250,9/1/25 3:38 PM,samantha lopez,,Dining Room,0.00,10.77,0.88,0.00,0.00,00:11:31
2919 Blanco Rd,252,9/1/25 3:47 PM,Maria  Salazar,,Dining Room,0.00,7.96,0.66,0.00,0.00,00:00:56
2919 Blanco Rd,253,9/1/25 3:47 PM,Maria  Salazar,,Drive Thru,0.00,18.95,1.56,2.00,0.00,00:01:49
2919 Blanco Rd,255,9/1/25 4:04 PM,Maria  Salazar,,Dining Room,0.00,7.93,0.65,2.00,0.00,00:00:54
2919 Blanco Rd,257,9/1/25 4:10 PM,Maria  Salazar,,Dining Room,0.00,10.99,0.91,0.00,0.00,00:04:30
2919 Blanco Rd,258,9/1/25 4:15 PM,Maria  Salazar,,Drive Thru,0.00,21.99,1.81,0.00,0.00,00:03:23
2919 Blanco Rd,260,9/1/25 4:16 PM,Maria  Salazar,,Dining Room,0.00,12.48,1.03,2.00,0.00,00:03:17
2919 Blanco Rd,261,9/1/25 4:20 PM,Maria  Salazar,,Drive Thru,0.00,9.96,0.82,0.00,0.00,00:01:02
2919 Blanco Rd,262,9/1/25 4:36 PM,samantha lopez,,Dining Room,0.00,74.83,6.17,0.00,0.00,00:11:24
2919 Blanco Rd,263,9/1/25 4:44 PM,samantha lopez,6,Dining Room,0.00,16.33,1.35,0.00,0.00,00:32:59
2919 Blanco Rd,264,9/1/25 5:16 PM,Maria  Salazar,,Dining Room,0.00,37.97,3.13,0.00,0.00,00:02:23
2919 Blanco Rd,265,9/1/25 5:18 PM,Maria  Salazar,,Dining Room,0.00,39.97,3.30,0.00,0.00,00:01:54
2919 Blanco Rd,266,9/1/25 5:20 PM,Maria  Salazar,,Drive Thru,0.00,19.90,1.64,0.00,0.00,00:01:42
2919 Blanco Rd,268,9/1/25 5:33 PM,Maria  Salazar,,Drive Thru,0.00,6.99,0.58,0.00,0.00,00:00:12
2919 Blanco Rd,269,9/1/25 5:33 PM,Maria  Salazar,,Drive Thru,0.00,22.98,1.90,2.00,0.00,00:06:20
2919 Blanco Rd,271,9/1/25 5:37 PM,Maria  Salazar,,Dining Room,0.00,10.48,0.87,0.00,0.00,00:05:15
2919 Blanco Rd,272,9/1/25 6:02 PM,Maria  Salazar,,Dining Room,0.00,12.65,1.04,0.00,0.00,00:02:44
2919 Blanco Rd,273,9/1/25 6:06 PM,samantha lopez,1,Dining Room,0.00,24.22,2.00,0.00,0.00,00:37:24
2919 Blanco Rd,274,9/1/25 6:15 PM,Maria  Salazar,,Dining Room,0.00,37.91,3.13,0.00,0.00,00:02:20
2919 Blanco Rd,267,9/1/25 5:23 PM,samantha lopez,,Dining Room,0.00,3.98,0.33,0.00,0.00,00:54:17
2919 Blanco Rd,276,9/1/25 6:38 PM,Maria  Salazar,,Drive Thru,0.00,22.95,1.90,0.00,0.00,00:00:24
2919 Blanco Rd,277,9/1/25 6:45 PM,Maria  Salazar,,Drive Thru,0.00,6.98,0.58,1.00,0.00,00:00:15
2919 Blanco Rd,278,9/1/25 6:46 PM,Maria  Salazar,,Drive Thru,0.00,10.99,0.91,0.00,0.00,00:02:29
2919 Blanco Rd,279,9/1/25 6:46 PM,Maria  Salazar,,Drive Thru,0.00,15.99,1.32,0.00,0.00,00:03:32
