Check #,Table,Payment Type,Server,Cashier,Tip,Amount,Cash Drawer,Date,Opened Date
1,,CREDIT,Mario,Mario,0.00,8.62,,8/17/25 7:59 AM,8/17/25 7:59 AM
4,,CREDIT,Mario,Mario,0.00,8.26,,8/17/25 8:02 AM,8/17/25 8:00 AM
5,,CREDIT,Mario,Mario,4.68,33.79,,8/17/25 8:06 AM,8/17/25 8:05 AM
10,,CREDIT,Mario,Mario,0.00,22.99,,8/17/25 8:18 AM,8/17/25 8:14 AM
12,,CASH,Mia,Mia,0.00,2.15,Host Drawer,8/17/25 8:19 AM,8/17/25 8:11 AM
13,,CREDIT,Mario,Mario,0.00,24.07,,8/17/25 8:21 AM,8/17/25 8:17 AM
2,11,CASH,Sugey,Sugey,0.00,16.21,,8/17/25 8:22 AM,8/17/25 7:54 AM
15,,CREDIT,Mia,Mia,2.00,19.63,,8/17/25 8:24 AM,8/17/25 8:18 AM
16,,CASH,Mario,Mario,0.00,3.24,DRIVE THRU 1,8/17/25 8:28 AM,8/17/25 8:27 AM
18,,CREDIT,Mario,Mario,1.80,12.97,,8/17/25 8:29 AM,8/17/25 8:29 AM
19,,CREDIT,Mario,Mario,1.00,16.91,,8/17/25 8:34 AM,8/17/25 8:34 AM
21,,CREDIT,Mario,Mario,0.00,20.92,,8/17/25 8:40 AM,8/17/25 8:40 AM
26,,CASH,Mario,Mario,0.00,5.18,DRIVE THRU 1,8/17/25 8:45 AM,8/17/25 8:41 AM
28,,CREDIT,Mario,Mario,0.00,20.41,,8/17/25 8:47 AM,8/17/25 8:47 AM
29,,CREDIT,Mario,Mario,0.00,14.02,,8/17/25 8:52 AM,8/17/25 8:52 AM
25,,CREDIT,Mia,Mia,2.00,13.05,,8/17/25 8:55 AM,8/17/25 8:40 AM
32,,CREDIT,Mia,Mia,0.00,15.13,,8/17/25 9:00 AM,8/17/25 9:00 AM
30,,CREDIT,Mario,Mario,1.58,7.75,,8/17/25 9:05 AM,8/17/25 9:05 AM
33,,CASH,Mario,Mario,0.00,16.65,DRIVE THRU 1,8/17/25 9:09 AM,8/17/25 9:07 AM
20,17,CASH,Sugey,Sugey,0.00,9.73,,8/17/25 9:10 AM,8/17/25 8:31 AM
22,20,CREDIT,Sugey,,5.00,25.93,,8/17/25 9:12 AM,8/17/25 8:35 AM
40,,CREDIT,Mario,Mario,2.09,8.99,,8/17/25 9:15 AM,8/17/25 9:11 AM
34,15,CREDIT,Adrian,Adrian,1.00,14.09,,8/17/25 9:16 AM,8/17/25 9:07 AM
42,,CREDIT,Mario,Mario,0.00,8.84,,8/17/25 9:19 AM,8/17/25 9:13 AM
41,,CREDIT,Mario,Mario,0.00,19.22,,8/17/25 9:21 AM,8/17/25 9:15 AM
43,,CREDIT,Mario,Mario,0.00,26.97,,8/17/25 9:24 AM,8/17/25 9:17 AM
46,,CASH,Mario,Mario,0.00,13.47,DRIVE THRU 1,8/17/25 9:26 AM,8/17/25 9:19 AM
35,,CASH,Mario,Mario,0.00,29.42,DRIVE THRU 1,8/17/25 9:28 AM,8/17/25 9:08 AM
31,23,CREDIT,Gabriel,Gabriel,6.00,31.31,,8/17/25 9:29 AM,8/17/25 8:58 AM
48,,CREDIT,Mario,Mario,0.00,18.78,,8/17/25 9:29 AM,8/17/25 9:24 AM
53,,CREDIT,Mario,Mario,0.00,18.14,,8/17/25 9:30 AM,8/17/25 9:27 AM
51,,CREDIT,Mia,Mia,3.00,16.92,,8/17/25 9:32 AM,8/17/25 9:25 AM
58,,CREDIT,Mario,Mario,2.51,13.60,,8/17/25 9:33 AM,8/17/25 9:33 AM
39,31,CASH,Gabriel,Gabriel,0.00,9.72,,8/17/25 9:38 AM,8/17/25 9:10 AM
59,,CREDIT,Mario,Mario,0.00,18.88,,8/17/25 9:38 AM,8/17/25 9:35 AM
27,12,CREDIT,Leticia,Leticia,4.00,22.99,,8/17/25 9:40 AM,8/17/25 8:45 AM
60,,CREDIT,Mario,Mario,5.60,27.55,,8/17/25 9:41 AM,8/17/25 9:37 AM
47,5,CREDIT,Lisa,Lisa,4.00,32.21,,8/17/25 9:43 AM,8/17/25 9:18 AM
38,34,CREDIT,Leticia,Leticia,2.00,6.03,,8/17/25 9:44 AM,8/17/25 9:09 AM
61,,CREDIT,Mario,Mario,0.00,4.09,,8/17/25 9:44 AM,8/17/25 9:40 AM
36,27,CREDIT,Sugey,Sugey,6.00,39.49,,8/17/25 9:45 AM,8/17/25 9:09 AM
56,,CREDIT,Mia,Mia,0.00,17.15,,8/17/25 9:45 AM,8/17/25 9:32 AM
62,,CREDIT,Mario,Mario,0.00,11.67,,8/17/25 9:46 AM,8/17/25 9:40 AM
63,,CREDIT,Mario,Mario,1.75,8.62,,8/17/25 9:47 AM,8/17/25 9:45 AM
69,,CASH,Mia,Mia,0.00,5.19,Host Drawer,8/17/25 9:47 AM,8/17/25 9:47 AM
68,,CREDIT,Mario,Mario,0.00,32.13,,8/17/25 9:48 AM,8/17/25 9:46 AM
54,29,CREDIT,Lisa,Lisa,5.00,23.24,,8/17/25 9:51 AM,8/17/25 9:28 AM
75,,CREDIT,Mario,Mario,0.00,6.24,,8/17/25 9:54 AM,8/17/25 9:54 AM
52,16,CREDIT,Adrian,Adrian,0.00,32.73,,8/17/25 9:55 AM,8/17/25 9:28 AM
67,,CREDIT,Mia,Mia,2.00,21.54,,8/17/25 9:58 AM,8/17/25 9:45 AM
72,,CASH,Mario,Mario,0.00,13.00,,8/17/25 9:58 AM,8/17/25 9:57 AM
72,,CREDIT,Mario,Mario,0.00,26.15,,8/17/25 9:59 AM,8/17/25 9:57 AM
45,3,CREDIT,Leticia,Leticia,7.00,47.27,,8/17/25 9:59 AM,8/17/25 9:17 AM
77,,CREDIT,Mario,Mario,0.00,29.05,,8/17/25 10:03 AM,8/17/25 9:58 AM
57,26,CREDIT,Sugey,Sugey,6.00,28.10,,8/17/25 10:04 AM,8/17/25 9:33 AM
49,21,CREDIT,Sugey,Sugey,9.00,54.74,,8/17/25 10:05 AM,8/17/25 9:24 AM
44,8,CREDIT,Adrian,Mia,6.00,25.71,,8/17/25 10:06 AM,8/17/25 9:16 AM
78,,CREDIT,Mario,Mario,1.00,26.63,,8/17/25 10:06 AM,8/17/25 10:00 AM
79,,CREDIT,Mario,Mario,1.94,14.02,,8/17/25 10:09 AM,8/17/25 10:00 AM
80,,CREDIT,Mario,Mario,0.00,9.90,,8/17/25 10:10 AM,8/17/25 10:03 AM
83,,CREDIT,Mario,Mario,0.00,5.81,,8/17/25 10:11 AM,8/17/25 10:03 AM
84,,CREDIT,Mario,Mario,0.00,29.17,,8/17/25 10:12 AM,8/17/25 10:06 AM
85,,CREDIT,Mario,Mario,1.67,8.20,,8/17/25 10:15 AM,8/17/25 10:08 AM
87,,CREDIT,Mario,Mario,0.00,19.32,,8/17/25 10:16 AM,8/17/25 10:11 AM
90,,CREDIT,Mario,Mario,0.00,6.47,,8/17/25 10:18 AM,8/17/25 10:12 AM
91,,CREDIT,Mario,Mario,0.00,28.06,,8/17/25 10:22 AM,8/17/25 10:16 AM
65,23,CREDIT,Leticia,Leticia,6.65,45.35,,8/17/25 10:22 AM,8/17/25 9:48 AM
93,,CREDIT,Mario,Mario,0.00,35.07,,8/17/25 10:23 AM,8/17/25 10:18 AM
81,17,CREDIT,Leticia,Leticia,5.00,33.25,,8/17/25 10:24 AM,8/17/25 10:01 AM
71,18,CREDIT,Gabriel,Gabriel,10.00,59.85,,8/17/25 10:25 AM,8/17/25 9:49 AM
76,14,CREDIT,Sugey,Sugey,5.00,26.48,,8/17/25 10:25 AM,8/17/25 9:55 AM
94,,CASH,Mario,Mario,0.00,11.44,DRIVE THRU 1,8/17/25 10:26 AM,8/17/25 10:19 AM
98,,CREDIT,Mario,Mario,4.49,24.28,,8/17/25 10:26 AM,8/17/25 10:25 AM
99,,CREDIT,Mario,Mario,0.00,2.48,,8/17/25 10:30 AM,8/17/25 10:26 AM
74,25,CREDIT,Gabriel,Mia,18.00,52.05,,8/17/25 10:31 AM,8/17/25 9:51 AM
82,12,CREDIT,Gabriel,Gabriel,10.00,58.30,,8/17/25 10:31 AM,8/17/25 10:04 AM
88,2,CREDIT,Sugey,Sugey,5.87,26.13,,8/17/25 10:31 AM,8/17/25 10:11 AM
101,,CASH,Mario,Mario,0.00,9.71,DRIVE THRU 1,8/17/25 10:31 AM,8/17/25 10:29 AM
92,,CREDIT,Mia,Mia,0.00,20.27,,8/17/25 10:32 AM,8/17/25 10:15 AM
102,,CREDIT,Mario,Mario,1.00,31.43,,8/17/25 10:34 AM,8/17/25 10:31 AM
73,15,CREDIT,Leticia,Leticia,8.00,22.77,,8/17/25 10:36 AM,8/17/25 9:51 AM
96,,CREDIT,Mia,Mia,2.00,22.02,,8/17/25 10:37 AM,8/17/25 10:22 AM
104,,CREDIT,Mario,Mario,0.00,17.23,,8/17/25 10:38 AM,8/17/25 10:33 AM
66,7,CREDIT,Sugey,Sugey,5.00,27.89,,8/17/25 10:40 AM,8/17/25 9:45 AM
105,,CASH,Mario,Mario,0.00,22.34,DRIVE THRU 1,8/17/25 10:41 AM,8/17/25 10:36 AM
107,,CREDIT,Mario,Mario,0.00,8.09,,8/17/25 10:44 AM,8/17/25 10:37 AM
110,,CREDIT,Mario,Mario,0.00,10.68,,8/17/25 10:45 AM,8/17/25 10:39 AM
113,,CASH,Mario,Mario,0.00,19.65,DRIVE THRU 1,8/17/25 10:46 AM,8/17/25 10:41 AM
114,,CREDIT,Mario,Mario,0.00,5.50,,8/17/25 10:48 AM,8/17/25 10:43 AM
116,18,CREDIT,Gabriel,Gabriel,3.00,9.17,,8/17/25 10:51 AM,8/17/25 10:44 AM
122,,CREDIT,Mia,Mia,0.00,40.87,,8/17/25 10:51 AM,8/17/25 10:51 AM
117,,CREDIT,Mario,Mario,0.00,20.69,,8/17/25 10:55 AM,8/17/25 10:46 AM
118,,CREDIT,Mario,Mario,1.00,22.66,,8/17/25 10:56 AM,8/17/25 10:47 AM
119,,CREDIT,Mario,Mario,0.00,12.71,,8/17/25 10:57 AM,8/17/25 10:49 AM
132,,CREDIT,Mario,Mario,2.00,15.62,,8/17/25 11:01 AM,8/17/25 11:00 AM
121,,CREDIT,Mario,Mario,3.08,22.21,,8/17/25 11:01 AM,8/17/25 10:56 AM
139,,CREDIT,Mario,Mario,2.94,14.47,,8/17/25 11:02 AM,8/17/25 11:02 AM
127,,CREDIT,Mario,Mario,0.00,12.71,,8/17/25 11:03 AM,8/17/25 10:56 AM
112,16,CREDIT,Lisa,Lisa,0.00,32.70,,8/17/25 11:04 AM,8/17/25 10:40 AM
143,,CREDIT,Mario,Mario,6.09,43.93,,8/17/25 11:05 AM,8/17/25 11:05 AM
89,4,CREDIT,Leticia,Leticia,8.00,71.01,,8/17/25 11:07 AM,8/17/25 10:10 AM
128,,CREDIT,Mario,Mario,1.00,9.17,,8/17/25 11:07 AM,8/17/25 10:57 AM
145,,CREDIT,Mario,Mario,5.79,31.35,,8/17/25 11:08 AM,8/17/25 11:07 AM
147,,CREDIT,Mario,Mario,4.47,32.30,,8/17/25 11:09 AM,8/17/25 11:09 AM
149,,CREDIT,Mario,Mario,1.78,12.82,,8/17/25 11:10 AM,8/17/25 11:10 AM
150,,CREDIT,Mario,Mario,3.00,31.79,,8/17/25 11:12 AM,8/17/25 11:12 AM
115,3,CREDIT,Gabriel,Mia,0.00,32.22,,8/17/25 11:13 AM,8/17/25 10:42 AM
152,,CREDIT,Mario,Mario,2.00,10.81,,8/17/25 11:13 AM,8/17/25 11:13 AM
64,37,CREDIT,Gabriel,Gabriel,0.00,78.23,,8/17/25 11:14 AM,8/17/25 9:43 AM
153,37,CREDIT,Gabriel,,0.00,34.41,,8/17/25 11:14 AM,8/17/25 11:13 AM
144,,CASH,Mario,Mario,0.00,22.91,DRIVE THRU 1,8/17/25 11:15 AM,8/17/25 11:07 AM
120,25,CREDIT,Adrian,Adrian,5.00,16.21,,8/17/25 11:16 AM,8/17/25 10:49 AM
154,,CREDIT,Mario,Mario,4.28,30.91,,8/17/25 11:17 AM,8/17/25 11:16 AM
109,21,CREDIT,Leticia,Leticia,6.00,26.95,,8/17/25 11:18 AM,8/17/25 10:38 AM
123,2,CREDIT,Lisa,,4.00,45.38,,8/17/25 11:20 AM,8/17/25 10:52 AM
134,35,CREDIT,Lisa,Lisa,0.00,47.25,,8/17/25 11:22 AM,8/17/25 11:02 AM
135,35,CREDIT,Lisa,Lisa,0.54,9.96,,8/17/25 11:22 AM,8/17/25 11:02 AM
138,35,CREDIT,Lisa,Lisa,6.00,25.97,,8/17/25 11:23 AM,8/17/25 11:02 AM
136,35,CASH,Lisa,Lisa,0.00,37.35,,8/17/25 11:25 AM,8/17/25 11:02 AM
141,35,CREDIT,Lisa,Lisa,6.00,38.88,,8/17/25 11:25 AM,8/17/25 11:02 AM
140,35,CREDIT,Lisa,,7.59,64.90,,8/17/25 11:25 AM,8/17/25 11:02 AM
125,1,CREDIT,Sugey,Sugey,9.00,45.92,,8/17/25 11:27 AM,8/17/25 10:54 AM
142,35,CASH,Lisa,Lisa,0.00,75.03,,8/17/25 11:27 AM,8/17/25 11:02 AM
86,35,CREDIT,Lisa,Lisa,20.00,70.62,,8/17/25 11:28 AM,8/17/25 10:18 AM
163,,CREDIT,Mia,Mia,5.00,43.81,,8/17/25 11:28 AM,8/17/25 11:28 AM
126,,CREDIT,Mario,Mario,4.77,23.44,,8/17/25 11:29 AM,8/17/25 10:59 AM
159,,CREDIT,Mario,Mario,0.00,13.37,,8/17/25 11:30 AM,8/17/25 11:23 AM
157,,CREDIT,Mario,Mario,0.00,8.95,,8/17/25 11:33 AM,8/17/25 11:21 AM
133,15,CREDIT,Gabriel,Gabriel,7.00,35.87,,8/17/25 11:34 AM,8/17/25 11:01 AM
164,,CASH,Mario,Mario,0.00,10.25,DRIVE THRU 1,8/17/25 11:34 AM,8/17/25 11:30 AM
165,,CREDIT,Mario,Mario,0.00,40.61,,8/17/25 11:35 AM,8/17/25 11:33 AM
146,5,CREDIT,Adrian,Adrian,5.00,20.05,,8/17/25 11:36 AM,8/17/25 11:09 AM
171,,CREDIT,Mia,Mia,2.00,19.99,,8/17/25 11:38 AM,8/17/25 11:38 AM
167,,CREDIT,Mario,Mario,2.69,13.31,,8/17/25 11:39 AM,8/17/25 11:34 AM
169,,CASH,Mario,Mario,0.00,4.31,DRIVE THRU 1,8/17/25 11:43 AM,8/17/25 11:35 AM
130,14,CREDIT,Leticia,,7.97,43.15,,8/17/25 11:44 AM,8/17/25 11:00 AM
172,,CREDIT,Mario,Mario,1.75,9.48,,8/17/25 11:45 AM,8/17/25 11:38 AM
174,,CASH,Mario,Mario,0.00,21.16,DRIVE THRU 1,8/17/25 11:46 AM,8/17/25 11:39 AM
179,,CREDIT,Mario,Mario,0.00,21.18,,8/17/25 11:47 AM,8/17/25 11:43 AM
183,,CREDIT,Mario,Mario,0.00,39.01,,8/17/25 11:50 AM,8/17/25 11:47 AM
162,,CASH,Mia,Mia,0.00,39.77,Host Drawer,8/17/25 11:51 AM,8/17/25 11:25 AM
186,,CREDIT,Mario,Mario,1.91,9.39,,8/17/25 11:53 AM,8/17/25 11:49 AM
148,12,CREDIT,Lisa,Lisa,4.00,23.66,,8/17/25 11:54 AM,8/17/25 11:09 AM
187,,CREDIT,Mario,Mario,2.00,23.63,,8/17/25 11:55 AM,8/17/25 11:54 AM
106,27,CREDIT,Sugey,Sugey,8.34,51.66,,8/17/25 11:56 AM,8/17/25 10:36 AM
155,23,CREDIT,Sugey,Sugey,4.30,22.70,,8/17/25 11:56 AM,8/17/25 11:17 AM
168,,CREDIT,Mia,Mia,5.00,32.04,,8/17/25 11:57 AM,8/17/25 11:36 AM
175,20,CREDIT,Lisa,Lisa,10.00,31.33,,8/17/25 12:01 PM,8/17/25 11:39 AM
173,,CREDIT,Mia,Mia,0.00,12.98,,8/17/25 12:01 PM,8/17/25 11:38 AM
158,7,CREDIT,Leticia,Leticia,4.00,28.64,,8/17/25 12:01 PM,8/17/25 11:22 AM
188,,CREDIT,Mario,Mario,0.00,8.09,,8/17/25 12:05 PM,8/17/25 12:02 PM
193,,CREDIT,Mario,Mario,0.00,17.16,,8/17/25 12:07 PM,8/17/25 12:04 PM
160,29,CREDIT,Gabriel,Gabriel,5.00,41.10,,8/17/25 12:08 PM,8/17/25 11:25 AM
197,,CASH,Mario,Mario,0.00,10.79,DRIVE THRU 1,8/17/25 12:12 PM,8/17/25 12:09 PM
199,,CASH,Mario,Mario,0.00,14.33,DRIVE THRU 1,8/17/25 12:14 PM,8/17/25 12:14 PM
201,,CREDIT,Mario,Mario,2.00,38.91,,8/17/25 12:19 PM,8/17/25 12:16 PM
189,8,CREDIT,Lisa,Lisa,5.00,27.21,,8/17/25 12:23 PM,8/17/25 11:58 AM
103,10,CASH,Adrian,Adrian,0.00,9.71,,8/17/25 12:23 PM,8/17/25 10:32 AM
203,,CASH,Mario,Mario,0.00,30.22,DRIVE THRU 1,8/17/25 12:23 PM,8/17/25 12:16 PM
204,,CASH,Mario,Mario,0.00,30.45,DRIVE THRU 1,8/17/25 12:25 PM,8/17/25 12:17 PM
205,,CREDIT,Mario,Mario,0.00,15.11,,8/17/25 12:29 PM,8/17/25 12:19 PM
191,34,CREDIT,Sugey,Sugey,6.00,34.12,,8/17/25 12:31 PM,8/17/25 11:58 AM
208,,CREDIT,Mario,Mario,1.00,21.37,,8/17/25 12:32 PM,8/17/25 12:25 PM
166,16,CREDIT,Leticia,Mia,7.00,53.06,,8/17/25 12:33 PM,8/17/25 11:33 AM
212,,CREDIT,Mario,Mario,0.00,20.07,,8/17/25 12:35 PM,8/17/25 12:30 PM
178,25,CREDIT,Gabriel,Gabriel,10.00,43.78,,8/17/25 12:36 PM,8/17/25 11:42 AM
192,1,CASH,Adrian,Adrian,0.00,19.01,,8/17/25 12:39 PM,8/17/25 12:00 PM
218,,CREDIT,Mario,Mario,0.00,8.95,,8/17/25 12:42 PM,8/17/25 12:41 PM
177,2,CASH,Adrian,Adrian,0.00,30.80,,8/17/25 12:45 PM,8/17/25 11:42 AM
195,15,CREDIT,Lisa,Lisa,5.00,36.00,,8/17/25 12:46 PM,8/17/25 12:07 PM
214,,CREDIT,Mario,Mario,0.00,18.01,,8/17/25 12:48 PM,8/17/25 12:47 PM
202,21,CREDIT,Sugey,Sugey,10.00,52.65,,8/17/25 12:51 PM,8/17/25 12:17 PM
224,,CASH,Mia,Mia,0.00,8.51,Host Drawer,8/17/25 12:52 PM,8/17/25 12:52 PM
207,4,CREDIT,Sugey,Sugey,4.00,23.65,,8/17/25 12:52 PM,8/17/25 12:22 PM
229,,CREDIT,Mia,Mia,2.00,9.17,,8/17/25 12:53 PM,8/17/25 12:53 PM
222,,CREDIT,Mario,Mario,0.00,5.13,,8/17/25 12:54 PM,8/17/25 12:47 PM
182,17,CREDIT,Sugey,Sugey,0.00,205.26,,8/17/25 12:55 PM,8/17/25 11:52 AM
223,,CREDIT,Mario,Mario,1.98,9.72,,8/17/25 12:55 PM,8/17/25 12:51 PM
196,6,CREDIT,Gabriel,Mia,8.00,36.22,,8/17/25 12:56 PM,8/17/25 12:08 PM
200,3,CREDIT,Lisa,Mia,0.00,57.51,,8/17/25 12:59 PM,8/17/25 12:16 PM
215,8,CREDIT,Gabriel,,2.54,18.36,,8/17/25 1:02 PM,8/17/25 12:34 PM
228,,CREDIT,Mario,Mario,2.99,21.58,,8/17/25 1:04 PM,8/17/25 12:52 PM
198,12,CREDIT,Adrian,Adrian,3.00,37.58,,8/17/25 1:05 PM,8/17/25 12:16 PM
230,,CREDIT,Mario,Mario,0.00,12.20,,8/17/25 1:06 PM,8/17/25 1:00 PM
210,14,CREDIT,Gabriel,,6.99,37.83,,8/17/25 1:08 PM,8/17/25 12:27 PM
234,,CREDIT,Mario,Mario,0.00,3.90,,8/17/25 1:08 PM,8/17/25 1:07 PM
242,,CREDIT,Mia,Mia,0.00,7.89,,8/17/25 1:10 PM,8/17/25 1:10 PM
239,,CREDIT,Mario,Mario,0.00,15.14,,8/17/25 1:11 PM,8/17/25 1:09 PM
213,11,CREDIT,Adrian,Adrian,10.00,41.58,,8/17/25 1:13 PM,8/17/25 12:31 PM
243,,CREDIT,Mario,Mario,2.00,25.96,,8/17/25 1:22 PM,8/17/25 1:13 PM
241,,CREDIT,Mario,Mario,2.67,7.41,,8/17/25 1:23 PM,8/17/25 1:18 PM
227,7,CREDIT,Lisa,Lisa,3.47,36.53,,8/17/25 1:25 PM,8/17/25 12:50 PM
231,,CASH,Mario,Mario,0.00,16.62,DRIVE THRU 1,8/17/25 1:25 PM,8/17/25 12:58 PM
246,,CREDIT,Mario,Mario,0.00,12.09,,8/17/25 1:26 PM,8/17/25 1:22 PM
247,,CASH,Mario,Mario,0.00,8.41,DRIVE THRU 1,8/17/25 1:26 PM,8/17/25 1:23 PM
217,1,CREDIT,Adrian,Adrian,6.90,44.13,,8/17/25 1:27 PM,8/17/25 12:39 PM
190,31,CREDIT,Leticia,Leticia,0.00,77.11,,8/17/25 1:28 PM,8/17/25 11:57 AM
235,31,CREDIT,Leticia,Leticia,19.49,93.51,,8/17/25 1:28 PM,8/17/25 1:03 PM
211,27,CREDIT,Lisa,Lisa,12.00,78.87,,8/17/25 1:29 PM,8/17/25 12:35 PM
232,16,CREDIT,Lisa,Lisa,5.62,34.38,,8/17/25 1:32 PM,8/17/25 12:58 PM
233,28,CREDIT,Adrian,,10.00,83.87,,8/17/25 1:37 PM,8/17/25 1:00 PM
252,,CREDIT,Mario,Mario,2.54,18.36,,8/17/25 1:38 PM,8/17/25 1:37 PM
257,37,CREDIT,Adrian,Adrian,0.00,20.53,,8/17/25 1:38 PM,8/17/25 1:37 PM
257,37,CREDIT,Adrian,Adrian,4.49,82.27,,8/17/25 1:39 PM,8/17/25 1:37 PM
240,26,CREDIT,Sugey,Sugey,5.00,54.16,,8/17/25 1:40 PM,8/17/25 1:10 PM
219,35,CREDIT,Sugey,Sugey,15.00,158.15,,8/17/25 1:41 PM,8/17/25 12:46 PM
181,37,CREDIT,Adrian,Adrian,1.73,74.02,,8/17/25 1:41 PM,8/17/25 11:59 AM
260,,CREDIT,Mario,Mario,0.00,7.57,,8/17/25 1:48 PM,8/17/25 1:40 PM
258,,CASH,Mario,Mario,0.00,9.61,DRIVE THRU 1,8/17/25 1:49 PM,8/17/25 1:43 PM
244,3,CREDIT,Lisa,Emanuel,10.00,40.47,,8/17/25 1:49 PM,8/17/25 1:14 PM
220,25,CREDIT,Gabriel,Gabriel,10.00,122.33,,8/17/25 1:51 PM,8/17/25 12:46 PM
263,,CASH,Mario,Mario,0.00,4.31,DRIVE THRU 1,8/17/25 1:53 PM,8/17/25 1:46 PM
236,15,CREDIT,Sugey,Sugey,5.00,48.41,,8/17/25 1:53 PM,8/17/25 1:06 PM
269,,CREDIT,Mario,Mario,6.89,49.74,,8/17/25 1:58 PM,8/17/25 1:58 PM
238,4,CREDIT,Adrian,Adrian,6.49,46.86,,8/17/25 1:59 PM,8/17/25 1:08 PM
267,,CREDIT,Mario,Mario,0.00,15.42,,8/17/25 1:59 PM,8/17/25 1:52 PM
268,,CREDIT,Mario,Mario,0.00,18.50,,8/17/25 2:00 PM,8/17/25 1:55 PM
270,,CASH,Mario,Mario,0.00,21.84,DRIVE THRU 1,8/17/25 2:10 PM,8/17/25 2:09 PM
256,12,CREDIT,Sugey,Sugey,6.00,37.84,,8/17/25 2:13 PM,8/17/25 1:34 PM
274,,CASH,Mario,Mario,0.00,0.65,DRIVE THRU 1,8/17/25 2:15 PM,8/17/25 2:15 PM
225,32,CREDIT,Leticia,Leticia,8.00,40.47,,8/17/25 2:16 PM,8/17/25 12:52 PM
276,14,CREDIT,Adrian,Adrian,6.05,32.73,,8/17/25 2:17 PM,8/17/25 2:17 PM
253,14,CREDIT,Adrian,Adrian,9.09,44.74,,8/17/25 2:17 PM,8/17/25 1:32 PM
264,20,CASH,Leticia,Leticia,0.00,15.14,,8/17/25 2:19 PM,8/17/25 1:46 PM
259,1,CREDIT,Mia,Mia,5.00,39.05,,8/17/25 2:22 PM,8/17/25 1:43 PM
237,5,CREDIT,Gabriel,Gabriel,0.00,66.71,,8/17/25 2:27 PM,8/17/25 1:15 PM
249,17,CREDIT,Gabriel,Gabriel,0.00,245.60,,8/17/25 2:30 PM,8/17/25 1:30 PM
216,2,CREDIT,Leticia,,11.84,85.45,,8/17/25 2:31 PM,8/17/25 12:36 PM
265,16,CREDIT,Sugey,,5.03,27.22,,8/17/25 2:32 PM,8/17/25 1:49 PM
266,31,CREDIT,Adrian,,12.31,88.83,,8/17/25 2:33 PM,8/17/25 1:51 PM
254,21,CASH,Lisa,Lisa,0.00,114.29,,8/17/25 2:34 PM,8/17/25 1:42 PM
245,20,CASH,Leticia,Leticia,0.00,25.42,,8/17/25 2:36 PM,8/17/25 1:17 PM
279,20,CREDIT,Leticia,Leticia,0.00,27.45,,8/17/25 2:38 PM,8/17/25 2:33 PM
277,,CREDIT,Mario,Mario,0.00,29.83,,8/17/25 2:49 PM,8/17/25 2:48 PM
271,8,CREDIT,Leticia,,6.75,48.70,,8/17/25 2:51 PM,8/17/25 2:09 PM
281,,CREDIT,Mario,Mario,0.00,26.89,,8/17/25 2:52 PM,8/17/25 2:52 PM
273,15,CREDIT,Sugey,Sugey,0.00,24.48,,8/17/25 3:01 PM,8/17/25 2:13 PM
,,CASH_COLLECTED,Mario,Mario,0.00,13.00*,House,8/17/25 3:01 PM,8/17/25 3:01 PM
,,TIP_OUT,Mario,Mario,-103.73,0.00,House,8/17/25 3:01 PM,8/17/25 3:01 PM
,,TIP_OUT,Mia,Mia,-30.00,0.00,House,8/17/25 3:03 PM,8/17/25 3:03 PM
272,35,CREDIT,Lisa,Lisa,15.94,96.06,,8/17/25 3:15 PM,8/17/25 2:21 PM
,,CASH_COLLECTED,Gabriel,Gabriel,0.00,9.72*,House,8/17/25 3:47 PM,8/17/25 3:47 PM
,,TIP_OUT,Gabriel,Gabriel,-152.41,0.00,House,8/17/25 3:47 PM,8/17/25 3:47 PM
,,CASH_COLLECTED,Adrian,Adrian,0.00,59.52*,House,8/17/25 3:57 PM,8/17/25 3:57 PM
,,TIP_OUT,Adrian,Adrian,-114.63,0.00,House,8/17/25 3:57 PM,8/17/25 3:57 PM
,,CASH_COLLECTED,Sugey,Sugey,0.00,25.94*,House,8/17/25 3:58 PM,8/17/25 3:58 PM
,,TIP_OUT,Sugey,Sugey,-176.21,0.00,House,8/17/25 3:58 PM,8/17/25 3:58 PM
,,CASH_COLLECTED,Lisa,Lisa,0.00,226.67*,House,8/17/25 3:58 PM,8/17/25 3:58 PM
,,TIP_OUT,Lisa,Lisa,-181.85,0.00,House,8/17/25 3:58 PM,8/17/25 3:58 PM
225,32,CREDIT,Leticia,Leticia,0.00,40.88,,8/17/25 4:05 PM,8/17/25 12:52 PM
,,CASH_COLLECTED,Leticia,Leticia,0.00,40.56*,House,8/17/25 4:05 PM,8/17/25 4:05 PM
,,TIP_OUT,Leticia,Leticia,-115.73,0.00,House,8/17/25 4:05 PM,8/17/25 4:05 PM
,,TOTAL,,,-201.84,7216.52,,,
