Location,Server,Check #,Table,Station,Expediter Level,Fired Date,Fulfilled Date,Fulfillment Time,Fulfilled By
12060 Potranco Road,Sugey Cabrera,2,11,,1,8/17/25 7:56 AM,8/17/25 7:56 AM,7 seconds,KDS - Login Don't Delete
12060 Potranco Road,Mario Jimenez,4,,Food,,8/17/25 8:00 AM,8/17/25 8:03 AM,2 minutes and 58 seconds,KDS - Login Don't Delete
12060 Potranco Road,Mario Jimenez,4,,Drive Thru,,8/17/25 8:00 AM,8/17/25 8:03 AM,2 minutes and 58 seconds,KDS - Login Don't Delete
12060 Potranco Road,Mario Jimenez,1,,Food,,8/17/25 7:59 AM,8/17/25 8:03 AM,4 minutes and 17 seconds,KDS - Login Don't Delete
12060 Potranco Road,Mario Jimenez,1,,Drive Thru,,8/17/25 7:59 AM,8/17/25 8:03 AM,4 minutes and 17 seconds,KDS - Login Don't Delete
12060 Potranco Road,Sugey Cabrera,2,11,Food,,8/17/25 7:54 AM,8/17/25 8:06 AM,12 minutes and 9 seconds,KDS - Login Don't Delete
12060 Potranco Road,Sugey Cabrera,2,11,No Print,,8/17/25 7:54 AM,8/17/25 8:06 AM,12 minutes and 9 seconds,KDS - Login Don't Delete
12060 Potranco Road,Mia De los Santos,12,,Drive Thru,,8/17/25 8:11 AM,8/17/25 8:13 AM,1 minute and 43 seconds,KDS - Login Don't Delete
12060 Potranco Road,Mia De los Santos,12,,Food,,8/17/25 8:11 AM,8/17/25 8:13 AM,1 minute and 43 seconds,KDS - Login Don't Delete
12060 Potranco Road,Mario Jimenez,10,,Food,,8/17/25 8:14 AM,8/17/25 8:16 AM,1 minute and 44 seconds,KDS - Login Don't Delete
12060 Potranco Road,Mario Jimenez,10,,Drive Thru,,8/17/25 8:14 AM,8/17/25 8:16 AM,1 minute and 44 seconds,KDS - Login Don't Delete
12060 Potranco Road,Mario Jimenez,5,,Food,,8/17/25 8:05 AM,8/17/25 8:16 AM,10 minutes and 18 seconds,KDS - Login Don't Delete
12060 Potranco Road,Mario Jimenez,5,,Drive Thru,,8/17/25 8:05 AM,8/17/25 8:16 AM,10 minutes and 18 seconds,KDS - Login Don't Delete
12060 Potranco Road,Mia De los Santos,12,,,1,8/17/25 8:13 AM,8/17/25 8:19 AM,5 minutes and 56 seconds,KDS - Login Don't Delete
12060 Potranco Road,Mia De los Santos,7,,Food,,8/17/25 8:03 AM,8/17/25 8:22 AM,19 minutes and 47 seconds,KDS - Login Don't Delete
12060 Potranco Road,Mia De los Santos,7,,No Print,,8/17/25 8:03 AM,8/17/25 8:22 AM,19 minutes and 47 seconds,KDS - Login Don't Delete
12060 Potranco Road,Mia De los Santos,15,,Drive Thru,,8/17/25 8:18 AM,8/17/25 8:23 AM,5 minutes and 8 seconds,KDS - Login Don't Delete
12060 Potranco Road,Mia De los Santos,15,,Food,,8/17/25 8:18 AM,8/17/25 8:23 AM,5 minutes and 8 seconds,KDS - Login Don't Delete
12060 Potranco Road,Mia De los Santos,15,,,1,8/17/25 8:23 AM,8/17/25 8:25 AM,1 minute and 17 seconds,KDS - Login Don't Delete
12060 Potranco Road,Mia De los Santos,7,,,1,8/17/25 8:12 AM,8/17/25 8:25 AM,12 minutes and 44 seconds,KDS - Login Don't Delete
12060 Potranco Road,Sugey Cabrera,2,11,,1,8/17/25 8:06 AM,8/17/25 8:25 AM,18 minutes and 48 seconds,KDS - Login Don't Delete
12060 Potranco Road,Mia De los Santos,7,,,1,8/17/25 8:22 AM,8/17/25 8:25 AM,2 minutes and 31 seconds,KDS - Login Don't Delete
12060 Potranco Road,Mario Jimenez,13,,Food,,8/17/25 8:17 AM,8/17/25 8:26 AM,9 minutes and 34 seconds,KDS - Login Don't Delete
12060 Potranco Road,Mario Jimenez,13,,Drive Thru,,8/17/25 8:17 AM,8/17/25 8:26 AM,9 minutes and 34 seconds,KDS - Login Don't Delete
12060 Potranco Road,Mia De los Santos,7,,,1,8/17/25 8:19 AM,8/17/25 8:27 AM,7 minutes and 34 seconds,KDS - Login Don't Delete
12060 Potranco Road,Mia De los Santos,7,,,1,8/17/25 8:12 AM,8/17/25 8:27 AM,14 minutes and 29 seconds,KDS - Login Don't Delete
12060 Potranco Road,Mario Jimenez,16,,Food,,8/17/25 8:27 AM,8/17/25 8:30 AM,2 minutes and 13 seconds,KDS - Login Don't Delete
12060 Potranco Road,Mario Jimenez,16,,Drive Thru,,8/17/25 8:27 AM,8/17/25 8:30 AM,2 minutes and 13 seconds,KDS - Login Don't Delete
12060 Potranco Road,Sugey Cabrera,20,17,Food,,8/17/25 8:31 AM,8/17/25 8:36 AM,4 minutes and 52 seconds,KDS - Login Don't Delete
12060 Potranco Road,Sugey Cabrera,20,17,No Print,,8/17/25 8:31 AM,8/17/25 8:36 AM,4 minutes and 52 seconds,KDS - Login Don't Delete
12060 Potranco Road,Mario Jimenez,18,,Food,,8/17/25 8:29 AM,8/17/25 8:40 AM,11 minutes and 30 seconds,KDS - Login Don't Delete
12060 Potranco Road,Mario Jimenez,18,,Drive Thru,,8/17/25 8:29 AM,8/17/25 8:40 AM,11 minutes and 30 seconds,KDS - Login Don't Delete
12060 Potranco Road,Mario Jimenez,19,,Drive Thru,,8/17/25 8:34 AM,8/17/25 8:40 AM,6 minutes and 52 seconds,KDS - Login Don't Delete
12060 Potranco Road,Mario Jimenez,19,,Food,,8/17/25 8:34 AM,8/17/25 8:40 AM,6 minutes and 52 seconds,KDS - Login Don't Delete
12060 Potranco Road,Mario Jimenez,21,,Food,,8/17/25 8:40 AM,8/17/25 8:44 AM,4 minutes and 41 seconds,KDS - Login Don't Delete
12060 Potranco Road,Mario Jimenez,21,,Drive Thru,,8/17/25 8:40 AM,8/17/25 8:44 AM,4 minutes and 41 seconds,KDS - Login Don't Delete
12060 Potranco Road,Sugey Cabrera,22,20,Food,,8/17/25 8:35 AM,8/17/25 8:44 AM,9 minutes and 2 seconds,KDS - Login Don't Delete
12060 Potranco Road,Sugey Cabrera,22,20,No Print,,8/17/25 8:35 AM,8/17/25 8:44 AM,9 minutes and 2 seconds,KDS - Login Don't Delete
12060 Potranco Road,Mia De los Santos,25,,Drive Thru,,8/17/25 8:40 AM,8/17/25 8:46 AM,5 minutes and 4 seconds,KDS - Login Don't Delete
12060 Potranco Road,Mia De los Santos,25,,Food,,8/17/25 8:40 AM,8/17/25 8:46 AM,5 minutes and 4 seconds,KDS - Login Don't Delete
12060 Potranco Road,Mario Jimenez,26,,Food,,8/17/25 8:41 AM,8/17/25 8:46 AM,4 minutes and 16 seconds,KDS - Login Don't Delete
12060 Potranco Road,Mario Jimenez,26,,Drive Thru,,8/17/25 8:41 AM,8/17/25 8:46 AM,4 minutes and 16 seconds,KDS - Login Don't Delete
12060 Potranco Road,Sugey Cabrera,20,17,,1,8/17/25 8:36 AM,8/17/25 8:49 AM,13 minutes and 24 seconds,KDS - Login Don't Delete
12060 Potranco Road,Sugey Cabrera,22,20,,1,8/17/25 8:44 AM,8/17/25 8:49 AM,4 minutes and 42 seconds,KDS - Login Don't Delete
12060 Potranco Road,Mario Jimenez,28,,Food,,8/17/25 8:47 AM,8/17/25 8:51 AM,4 minutes and 23 seconds,KDS - Login Don't Delete
12060 Potranco Road,Mario Jimenez,28,,Drive Thru,,8/17/25 8:47 AM,8/17/25 8:51 AM,4 minutes and 23 seconds,KDS - Login Don't Delete
12060 Potranco Road,Mia De los Santos,7,,Food,,8/17/25 8:55 AM,8/17/25 8:55 AM,51 seconds,KDS - Login Don't Delete
12060 Potranco Road,Mia De los Santos,7,,No Print,,8/17/25 8:55 AM,8/17/25 8:55 AM,51 seconds,KDS - Login Don't Delete
12060 Potranco Road,Mario Jimenez,29,,Food,,8/17/25 8:52 AM,8/17/25 8:57 AM,4 minutes and 35 seconds,KDS - Login Don't Delete
12060 Potranco Road,Mario Jimenez,29,,Drive Thru,,8/17/25 8:52 AM,8/17/25 8:57 AM,4 minutes and 35 seconds,KDS - Login Don't Delete
12060 Potranco Road,Mia De los Santos,7,,,1,8/17/25 8:55 AM,8/17/25 9:02 AM,6 minutes and 49 seconds,KDS - Login Don't Delete
12060 Potranco Road,Mia De los Santos,25,,,1,8/17/25 8:46 AM,8/17/25 9:02 AM,16 minutes and 39 seconds,KDS - Login Don't Delete
12060 Potranco Road,Mia De los Santos,32,,Drive Thru,,8/17/25 9:00 AM,8/17/25 9:02 AM,2 minutes and 31 seconds,KDS - Login Don't Delete
12060 Potranco Road,Mia De los Santos,32,,Food,,8/17/25 9:00 AM,8/17/25 9:02 AM,2 minutes and 31 seconds,KDS - Login Don't Delete
12060 Potranco Road,Mia De los Santos,32,,,1,8/17/25 9:02 AM,8/17/25 9:05 AM,2 minutes and 25 seconds,KDS - Login Don't Delete
12060 Potranco Road,Leticia Roman,27,12,Food,,8/17/25 8:56 AM,8/17/25 9:05 AM,9 minutes and 47 seconds,KDS - Login Don't Delete
12060 Potranco Road,Leticia Roman,27,12,No Print,,8/17/25 8:56 AM,8/17/25 9:05 AM,9 minutes and 47 seconds,KDS - Login Don't Delete
12060 Potranco Road,Mario Jimenez,30,,Food,,8/17/25 9:05 AM,8/17/25 9:08 AM,2 minutes and 56 seconds,KDS - Login Don't Delete
12060 Potranco Road,Mario Jimenez,30,,Drive Thru,,8/17/25 9:05 AM,8/17/25 9:08 AM,2 minutes and 56 seconds,KDS - Login Don't Delete
12060 Potranco Road,Mario Jimenez,35,,Food,,8/17/25 9:08 AM,8/17/25 9:08 AM,33 seconds,KDS - Login Don't Delete
12060 Potranco Road,Mario Jimenez,35,,Drive Thru,,8/17/25 9:08 AM,8/17/25 9:08 AM,33 seconds,KDS - Login Don't Delete
12060 Potranco Road,Leticia Roman,27,12,,1,8/17/25 9:05 AM,8/17/25 9:08 AM,2 minutes and 45 seconds,KDS - Login Don't Delete
12060 Potranco Road,Gabriel Tovar ,31,23,Food,,8/17/25 9:01 AM,8/17/25 9:09 AM,8 minutes and 24 seconds,KDS - Login Don't Delete
12060 Potranco Road,Gabriel Tovar ,31,23,No Print,,8/17/25 9:01 AM,8/17/25 9:09 AM,8 minutes and 24 seconds,KDS - Login Don't Delete
12060 Potranco Road,Gabriel Tovar ,31,23,Drive Thru,,8/17/25 9:01 AM,8/17/25 9:09 AM,8 minutes and 24 seconds,KDS - Login Don't Delete
12060 Potranco Road,Adrian Morales,34,15,Food,,8/17/25 9:07 AM,8/17/25 9:09 AM,2 minutes and 15 seconds,KDS - Login Don't Delete
12060 Potranco Road,Adrian Morales,34,15,No Print,,8/17/25 9:07 AM,8/17/25 9:09 AM,2 minutes and 15 seconds,KDS - Login Don't Delete
12060 Potranco Road,Mia De los Santos,7,,Food,,8/17/25 9:01 AM,8/17/25 9:09 AM,8 minutes and 24 seconds,KDS - Login Don't Delete
12060 Potranco Road,Mia De los Santos,7,,No Print,,8/17/25 9:01 AM,8/17/25 9:09 AM,8 minutes and 24 seconds,KDS - Login Don't Delete
12060 Potranco Road,Leticia Roman,27,12,Food,,8/17/25 9:09 AM,8/17/25 9:10 AM,1 minute and 5 seconds,KDS - Login Don't Delete
12060 Potranco Road,Leticia Roman,27,12,No Print,,8/17/25 9:09 AM,8/17/25 9:10 AM,1 minute and 5 seconds,KDS - Login Don't Delete
12060 Potranco Road,Leticia Roman,27,12,,1,8/17/25 9:10 AM,8/17/25 9:11 AM,16 seconds,KDS - Login Don't Delete
12060 Potranco Road,Mia De los Santos,7,,Food,,8/17/25 9:10 AM,8/17/25 9:11 AM,38 seconds,KDS - Login Don't Delete
12060 Potranco Road,Mia De los Santos,7,,No Print,,8/17/25 9:10 AM,8/17/25 9:11 AM,38 seconds,KDS - Login Don't Delete
12060 Potranco Road,Mia De los Santos,7,,,1,8/17/25 9:11 AM,8/17/25 9:12 AM,1 minute and 45 seconds,KDS - Login Don't Delete
12060 Potranco Road,Gabriel Tovar ,31,23,,1,8/17/25 9:09 AM,8/17/25 9:13 AM,3 minutes and 13 seconds,KDS - Login Don't Delete
12060 Potranco Road,Mia De los Santos,7,,,1,8/17/25 9:09 AM,8/17/25 9:13 AM,3 minutes and 11 seconds,KDS - Login Don't Delete
12060 Potranco Road,Adrian Morales,34,15,,1,8/17/25 9:09 AM,8/17/25 9:13 AM,3 minutes and 17 seconds,KDS - Login Don't Delete
12060 Potranco Road,Gabriel Tovar ,39,31,Food,,8/17/25 9:10 AM,8/17/25 9:13 AM,3 minutes and 17 seconds,KDS - Login Don't Delete
12060 Potranco Road,Gabriel Tovar ,39,31,No Print,,8/17/25 9:10 AM,8/17/25 9:13 AM,3 minutes and 17 seconds,KDS - Login Don't Delete
12060 Potranco Road,Mario Jimenez,33,,Food,,8/17/25 9:07 AM,8/17/25 9:14 AM,7 minutes and 33 seconds,KDS - Login Don't Delete
12060 Potranco Road,Mario Jimenez,33,,Drive Thru,,8/17/25 9:07 AM,8/17/25 9:14 AM,7 minutes and 33 seconds,KDS - Login Don't Delete
12060 Potranco Road,Sugey Cabrera,36,27,Food,,8/17/25 9:09 AM,8/17/25 9:15 AM,6 minutes and 4 seconds,KDS - Login Don't Delete
12060 Potranco Road,Sugey Cabrera,36,27,No Print,,8/17/25 9:09 AM,8/17/25 9:15 AM,6 minutes and 4 seconds,KDS - Login Don't Delete
12060 Potranco Road,Sugey Cabrera,36,27,Drive Thru,,8/17/25 9:09 AM,8/17/25 9:15 AM,6 minutes and 4 seconds,KDS - Login Don't Delete
12060 Potranco Road,Leticia Roman,38,34,Food,,8/17/25 9:09 AM,8/17/25 9:17 AM,7 minutes and 47 seconds,KDS - Login Don't Delete
12060 Potranco Road,Leticia Roman,38,34,No Print,,8/17/25 9:09 AM,8/17/25 9:17 AM,7 minutes and 47 seconds,KDS - Login Don't Delete
12060 Potranco Road,Mario Jimenez,40,,Food,,8/17/25 9:11 AM,8/17/25 9:19 AM,7 minutes and 31 seconds,KDS - Login Don't Delete
12060 Potranco Road,Mario Jimenez,40,,Drive Thru,,8/17/25 9:11 AM,8/17/25 9:19 AM,7 minutes and 31 seconds,KDS - Login Don't Delete
12060 Potranco Road,Mario Jimenez,42,,Food,,8/17/25 9:13 AM,8/17/25 9:19 AM,6 minutes and 10 seconds,KDS - Login Don't Delete
12060 Potranco Road,Mario Jimenez,42,,Drive Thru,,8/17/25 9:13 AM,8/17/25 9:19 AM,6 minutes and 10 seconds,KDS - Login Don't Delete
12060 Potranco Road,Mario Jimenez,41,,Food,,8/17/25 9:15 AM,8/17/25 9:20 AM,4 minutes and 34 seconds,KDS - Login Don't Delete
12060 Potranco Road,Mario Jimenez,41,,Drive Thru,,8/17/25 9:15 AM,8/17/25 9:20 AM,4 minutes and 34 seconds,KDS - Login Don't Delete
12060 Potranco Road,Lisa Velasquez,47,5,Food,,8/17/25 9:18 AM,8/17/25 9:22 AM,4 minutes and 37 seconds,KDS - Login Don't Delete
12060 Potranco Road,Lisa Velasquez,47,5,No Print,,8/17/25 9:18 AM,8/17/25 9:22 AM,4 minutes and 37 seconds,KDS - Login Don't Delete
12060 Potranco Road,Sugey Cabrera,36,27,,1,8/17/25 9:15 AM,8/17/25 9:23 AM,7 minutes and 56 seconds,KDS - Login Don't Delete
12060 Potranco Road,Leticia Roman,38,34,,1,8/17/25 9:17 AM,8/17/25 9:23 AM,6 minutes and 20 seconds,KDS - Login Don't Delete
12060 Potranco Road,Gabriel Tovar ,39,31,,1,8/17/25 9:13 AM,8/17/25 9:23 AM,10 minutes and 5 seconds,KDS - Login Don't Delete
12060 Potranco Road,Adrian Morales,44,8,Food,,8/17/25 9:16 AM,8/17/25 9:24 AM,7 minutes and 20 seconds,KDS - Login Don't Delete
12060 Potranco Road,Adrian Morales,44,8,No Print,,8/17/25 9:16 AM,8/17/25 9:24 AM,7 minutes and 20 seconds,KDS - Login Don't Delete
12060 Potranco Road,Mario Jimenez,43,,Food,,8/17/25 9:17 AM,8/17/25 9:24 AM,7 minutes and 17 seconds,KDS - Login Don't Delete
12060 Potranco Road,Mario Jimenez,43,,Drive Thru,,8/17/25 9:17 AM,8/17/25 9:24 AM,7 minutes and 17 seconds,KDS - Login Don't Delete
12060 Potranco Road,Mario Jimenez,46,,Food,,8/17/25 9:19 AM,8/17/25 9:26 AM,6 minutes and 59 seconds,KDS - Login Don't Delete
12060 Potranco Road,Mario Jimenez,46,,Drive Thru,,8/17/25 9:19 AM,8/17/25 9:26 AM,6 minutes and 59 seconds,KDS - Login Don't Delete
12060 Potranco Road,Gabriel Tovar ,39,31,Food,,8/17/25 9:26 AM,8/17/25 9:26 AM,29 seconds,KDS - Login Don't Delete
12060 Potranco Road,Gabriel Tovar ,39,31,No Print,,8/17/25 9:26 AM,8/17/25 9:26 AM,29 seconds,KDS - Login Don't Delete
12060 Potranco Road,Mario Jimenez,35,,Food,,8/17/25 9:22 AM,8/17/25 9:28 AM,5 minutes and 55 seconds,KDS - Login Don't Delete
12060 Potranco Road,Mario Jimenez,35,,Drive Thru,,8/17/25 9:22 AM,8/17/25 9:28 AM,5 minutes and 55 seconds,KDS - Login Don't Delete
12060 Potranco Road,Mario Jimenez,48,,Food,,8/17/25 9:24 AM,8/17/25 9:30 AM,5 minutes and 32 seconds,KDS - Login Don't Delete
12060 Potranco Road,Mario Jimenez,48,,Drive Thru,,8/17/25 9:24 AM,8/17/25 9:30 AM,5 minutes and 32 seconds,KDS - Login Don't Delete
12060 Potranco Road,Sugey Cabrera,49,21,Food,,8/17/25 9:24 AM,8/17/25 9:30 AM,5 minutes and 32 seconds,KDS - Login Don't Delete
12060 Potranco Road,Sugey Cabrera,49,21,No Print,,8/17/25 9:24 AM,8/17/25 9:30 AM,5 minutes and 32 seconds,KDS - Login Don't Delete
12060 Potranco Road,Mia De los Santos,51,,Drive Thru,,8/17/25 9:25 AM,8/17/25 9:30 AM,5 minutes and 34 seconds,KDS - Login Don't Delete
12060 Potranco Road,Mia De los Santos,51,,Food,,8/17/25 9:25 AM,8/17/25 9:30 AM,5 minutes and 34 seconds,KDS - Login Don't Delete
12060 Potranco Road,Gabriel Tovar ,39,31,,1,8/17/25 9:26 AM,8/17/25 9:31 AM,4 minutes and 46 seconds,KDS - Login Don't Delete
12060 Potranco Road,Lisa Velasquez,47,5,,1,8/17/25 9:22 AM,8/17/25 9:31 AM,8 minutes and 17 seconds,KDS - Login Don't Delete
12060 Potranco Road,Mia De los Santos,51,,,1,8/17/25 9:30 AM,8/17/25 9:31 AM,28 seconds,KDS - Login Don't Delete
12060 Potranco Road,Adrian Morales,44,8,,1,8/17/25 9:24 AM,8/17/25 9:31 AM,7 minutes and 2 seconds,KDS - Login Don't Delete
12060 Potranco Road,Sugey Cabrera,49,21,,1,8/17/25 9:30 AM,8/17/25 9:31 AM,1 minute and 38 seconds,KDS - Login Don't Delete
12060 Potranco Road,Mario Jimenez,53,,Food,,8/17/25 9:27 AM,8/17/25 9:32 AM,4 minutes and 17 seconds,KDS - Login Don't Delete
12060 Potranco Road,Mario Jimenez,53,,Drive Thru,,8/17/25 9:27 AM,8/17/25 9:32 AM,4 minutes and 17 seconds,KDS - Login Don't Delete
12060 Potranco Road,Leticia Roman,45,3,Food,,8/17/25 9:27 AM,8/17/25 9:35 AM,7 minutes and 43 seconds,KDS - Login Don't Delete
12060 Potranco Road,Leticia Roman,45,3,No Print,,8/17/25 9:27 AM,8/17/25 9:35 AM,7 minutes and 43 seconds,KDS - Login Don't Delete
12060 Potranco Road,Adrian Morales,52,16,Food,,8/17/25 9:28 AM,8/17/25 9:35 AM,7 minutes and 18 seconds,KDS - Login Don't Delete
12060 Potranco Road,Adrian Morales,52,16,No Print,,8/17/25 9:28 AM,8/17/25 9:35 AM,7 minutes and 18 seconds,KDS - Login Don't Delete
12060 Potranco Road,Sugey Cabrera,49,21,Food,,8/17/25 9:33 AM,8/17/25 9:35 AM,1 minute and 42 seconds,KDS - Login Don't Delete
12060 Potranco Road,Sugey Cabrera,49,21,No Print,,8/17/25 9:33 AM,8/17/25 9:35 AM,1 minute and 42 seconds,KDS - Login Don't Delete
12060 Potranco Road,Leticia Roman,45,3,,1,8/17/25 9:35 AM,8/17/25 9:37 AM,1 minute and 41 seconds,KDS - Login Don't Delete
12060 Potranco Road,Mario Jimenez,58,,Food,,8/17/25 9:33 AM,8/17/25 9:38 AM,4 minutes and 31 seconds,KDS - Login Don't Delete
12060 Potranco Road,Mario Jimenez,58,,Drive Thru,,8/17/25 9:33 AM,8/17/25 9:38 AM,4 minutes and 31 seconds,KDS - Login Don't Delete
12060 Potranco Road,Lisa Velasquez,54,29,Food,,8/17/25 9:28 AM,8/17/25 9:39 AM,10 minutes and 14 seconds,KDS - Login Don't Delete
12060 Potranco Road,Lisa Velasquez,54,29,No Print,,8/17/25 9:28 AM,8/17/25 9:39 AM,10 minutes and 14 seconds,KDS - Login Don't Delete
12060 Potranco Road,Sugey Cabrera,57,26,Food,,8/17/25 9:33 AM,8/17/25 9:39 AM,5 minutes and 45 seconds,KDS - Login Don't Delete
12060 Potranco Road,Sugey Cabrera,57,26,No Print,,8/17/25 9:33 AM,8/17/25 9:39 AM,5 minutes and 45 seconds,KDS - Login Don't Delete
12060 Potranco Road,Mia De los Santos,56,,,1,8/17/25 9:32 AM,8/17/25 9:39 AM,7 minutes and 7 seconds,KDS - Login Don't Delete
12060 Potranco Road,Sugey Cabrera,49,21,,1,8/17/25 9:35 AM,8/17/25 9:39 AM,3 minutes and 46 seconds,KDS - Login Don't Delete
12060 Potranco Road,Adrian Morales,52,16,,1,8/17/25 9:35 AM,8/17/25 9:39 AM,4 minutes and 3 seconds,KDS - Login Don't Delete
12060 Potranco Road,Mario Jimenez,59,,Food,,8/17/25 9:35 AM,8/17/25 9:40 AM,4 minutes and 37 seconds,KDS - Login Don't Delete
12060 Potranco Road,Mario Jimenez,59,,Drive Thru,,8/17/25 9:35 AM,8/17/25 9:40 AM,4 minutes and 37 seconds,KDS - Login Don't Delete
12060 Potranco Road,Lisa Velasquez,54,29,,1,8/17/25 9:39 AM,8/17/25 9:40 AM,1 minute and 14 seconds,KDS - Login Don't Delete
12060 Potranco Road,Mario Jimenez,60,,Food,,8/17/25 9:37 AM,8/17/25 9:44 AM,6 minutes and 12 seconds,KDS - Login Don't Delete
12060 Potranco Road,Mario Jimenez,60,,Drive Thru,,8/17/25 9:37 AM,8/17/25 9:44 AM,6 minutes and 12 seconds,KDS - Login Don't Delete
12060 Potranco Road,Mario Jimenez,61,,Food,,8/17/25 9:40 AM,8/17/25 9:44 AM,4 minutes and 21 seconds,KDS - Login Don't Delete
12060 Potranco Road,Mario Jimenez,61,,Drive Thru,,8/17/25 9:40 AM,8/17/25 9:44 AM,4 minutes and 21 seconds,KDS - Login Don't Delete
12060 Potranco Road,Mario Jimenez,62,,Food,,8/17/25 9:40 AM,8/17/25 9:44 AM,4 minutes and 18 seconds,KDS - Login Don't Delete
12060 Potranco Road,Mario Jimenez,62,,Drive Thru,,8/17/25 9:40 AM,8/17/25 9:44 AM,4 minutes and 18 seconds,KDS - Login Don't Delete
12060 Potranco Road,Mario Jimenez,63,,Food,,8/17/25 9:45 AM,8/17/25 9:46 AM,1 minute and 39 seconds,KDS - Login Don't Delete
12060 Potranco Road,Mario Jimenez,63,,Drive Thru,,8/17/25 9:45 AM,8/17/25 9:46 AM,1 minute and 39 seconds,KDS - Login Don't Delete
12060 Potranco Road,Mia De los Santos,69,,Drive Thru,,8/17/25 9:47 AM,8/17/25 9:47 AM,36 seconds,KDS - Login Don't Delete
12060 Potranco Road,Mia De los Santos,69,,Food,,8/17/25 9:47 AM,8/17/25 9:47 AM,36 seconds,KDS - Login Don't Delete
12060 Potranco Road,Mario Jimenez,68,,Food,,8/17/25 9:46 AM,8/17/25 9:51 AM,5 minutes and 15 seconds,KDS - Login Don't Delete
12060 Potranco Road,Mario Jimenez,68,,Drive Thru,,8/17/25 9:46 AM,8/17/25 9:51 AM,5 minutes and 15 seconds,KDS - Login Don't Delete
12060 Potranco Road,Mia De los Santos,69,,,1,8/17/25 9:47 AM,8/17/25 9:51 AM,3 minutes and 50 seconds,KDS - Login Don't Delete
12060 Potranco Road,Mia De los Santos,67,,Drive Thru,,8/17/25 9:45 AM,8/17/25 9:54 AM,9 minutes and 30 seconds,KDS - Login Don't Delete
12060 Potranco Road,Mia De los Santos,67,,Food,,8/17/25 9:45 AM,8/17/25 9:54 AM,9 minutes and 30 seconds,KDS - Login Don't Delete
12060 Potranco Road,Mia De los Santos,7,,,1,8/17/25 9:55 AM,8/17/25 9:55 AM,3 seconds,KDS - Login Don't Delete
12060 Potranco Road,Gabriel Tovar ,71,18,Food,,8/17/25 9:49 AM,8/17/25 9:55 AM,5 minutes and 49 seconds,KDS - Login Don't Delete
12060 Potranco Road,Gabriel Tovar ,71,18,No Print,,8/17/25 9:49 AM,8/17/25 9:55 AM,5 minutes and 49 seconds,KDS - Login Don't Delete
12060 Potranco Road,Mia De los Santos,67,,,1,8/17/25 9:54 AM,8/17/25 9:55 AM,54 seconds,KDS - Login Don't Delete
12060 Potranco Road,Sugey Cabrera,57,26,,1,8/17/25 9:39 AM,8/17/25 9:55 AM,16 minutes and 29 seconds,KDS - Login Don't Delete
12060 Potranco Road,Mario Jimenez,75,,Food,,8/17/25 9:54 AM,8/17/25 9:56 AM,1 minute and 58 seconds,KDS - Login Don't Delete
12060 Potranco Road,Mario Jimenez,75,,Drive Thru,,8/17/25 9:54 AM,8/17/25 9:56 AM,1 minute and 58 seconds,KDS - Login Don't Delete
12060 Potranco Road,Leticia Roman,45,3,Food,,8/17/25 9:54 AM,8/17/25 9:56 AM,2 minutes and 14 seconds,KDS - Login Don't Delete
12060 Potranco Road,Leticia Roman,45,3,No Print,,8/17/25 9:54 AM,8/17/25 9:56 AM,2 minutes and 14 seconds,KDS - Login Don't Delete
12060 Potranco Road,Leticia Roman,73,15,Food,,8/17/25 9:51 AM,8/17/25 9:57 AM,6 minutes and 15 seconds,KDS - Login Don't Delete
12060 Potranco Road,Leticia Roman,73,15,No Print,,8/17/25 9:51 AM,8/17/25 9:57 AM,6 minutes and 15 seconds,KDS - Login Don't Delete
12060 Potranco Road,Sugey Cabrera,66,7,Food,,8/17/25 9:45 AM,8/17/25 9:59 AM,13 minutes and 14 seconds,KDS - Login Don't Delete
12060 Potranco Road,Sugey Cabrera,66,7,No Print,,8/17/25 9:45 AM,8/17/25 9:59 AM,13 minutes and 14 seconds,KDS - Login Don't Delete
12060 Potranco Road,Leticia Roman,65,23,Food,,8/17/25 9:48 AM,8/17/25 9:58 AM,9 minutes and 26 seconds,KDS - Login Don't Delete
12060 Potranco Road,Leticia Roman,65,23,No Print,,8/17/25 9:48 AM,8/17/25 9:58 AM,9 minutes and 26 seconds,KDS - Login Don't Delete
12060 Potranco Road,Leticia Roman,65,23,Drive Thru,,8/17/25 9:48 AM,8/17/25 9:58 AM,9 minutes and 26 seconds,KDS - Login Don't Delete
12060 Potranco Road,Leticia Roman,65,23,Drinks,,8/17/25 9:48 AM,8/17/25 9:58 AM,9 minutes and 26 seconds,KDS - Login Don't Delete
12060 Potranco Road,Sugey Cabrera,76,14,Food,,8/17/25 9:55 AM,8/17/25 10:00 AM,4 minutes and 29 seconds,KDS - Login Don't Delete
12060 Potranco Road,Sugey Cabrera,76,14,No Print,,8/17/25 9:55 AM,8/17/25 10:00 AM,4 minutes and 29 seconds,KDS - Login Don't Delete
12060 Potranco Road,Gabriel Tovar ,71,18,,1,8/17/25 9:55 AM,8/17/25 10:01 AM,6 minutes and 4 seconds,KDS - Login Don't Delete
12060 Potranco Road,Sugey Cabrera,76,14,,1,8/17/25 10:00 AM,8/17/25 10:01 AM,1 minute and 32 seconds,KDS - Login Don't Delete
12060 Potranco Road,Mario Jimenez,72,,Food,,8/17/25 9:57 AM,8/17/25 10:03 AM,6 minutes and 14 seconds,KDS - Login Don't Delete
12060 Potranco Road,Mario Jimenez,72,,Drive Thru,,8/17/25 9:57 AM,8/17/25 10:03 AM,6 minutes and 14 seconds,KDS - Login Don't Delete
12060 Potranco Road,Gabriel Tovar ,74,25,Drive Thru,,8/17/25 9:57 AM,8/17/25 10:03 AM,6 minutes and 23 seconds,KDS - Login Don't Delete
12060 Potranco Road,Gabriel Tovar ,74,25,Food,,8/17/25 9:57 AM,8/17/25 10:03 AM,6 minutes and 23 seconds,KDS - Login Don't Delete
12060 Potranco Road,Gabriel Tovar ,74,25,No Print,,8/17/25 9:57 AM,8/17/25 10:03 AM,6 minutes and 23 seconds,KDS - Login Don't Delete
12060 Potranco Road,Mario Jimenez,72,,Food,,8/17/25 9:58 AM,8/17/25 10:03 AM,5 minutes and 20 seconds,KDS - Login Don't Delete
12060 Potranco Road,Mario Jimenez,72,,Drive Thru,,8/17/25 9:58 AM,8/17/25 10:03 AM,5 minutes and 20 seconds,KDS - Login Don't Delete
12060 Potranco Road,Leticia Roman,45,3,,1,8/17/25 9:56 AM,8/17/25 10:05 AM,8 minutes and 29 seconds,KDS - Login Don't Delete
12060 Potranco Road,Gabriel Tovar ,74,25,,1,8/17/25 10:03 AM,8/17/25 10:06 AM,2 minutes and 35 seconds,KDS - Login Don't Delete
12060 Potranco Road,Mario Jimenez,77,,Food,,8/17/25 9:58 AM,8/17/25 10:07 AM,9 minutes and 2 seconds,KDS - Login Don't Delete
12060 Potranco Road,Mario Jimenez,77,,Drive Thru,,8/17/25 9:58 AM,8/17/25 10:07 AM,9 minutes and 2 seconds,KDS - Login Don't Delete
12060 Potranco Road,Mario Jimenez,78,,Food,,8/17/25 10:00 AM,8/17/25 10:09 AM,8 minutes and 51 seconds,KDS - Login Don't Delete
12060 Potranco Road,Mario Jimenez,78,,Drive Thru,,8/17/25 10:00 AM,8/17/25 10:09 AM,8 minutes and 51 seconds,KDS - Login Don't Delete
12060 Potranco Road,Sugey Cabrera,66,7,,1,8/17/25 9:59 AM,8/17/25 10:09 AM,10 minutes and 31 seconds,KDS - Login Don't Delete
12060 Potranco Road,Leticia Roman,65,23,,1,8/17/25 9:58 AM,8/17/25 10:09 AM,11 minutes and 23 seconds,KDS - Login Don't Delete
12060 Potranco Road,Gabriel Tovar ,82,12,Food,,8/17/25 10:04 AM,8/17/25 10:09 AM,5 minutes and 16 seconds,KDS - Login Don't Delete
12060 Potranco Road,Gabriel Tovar ,82,12,No Print,,8/17/25 10:04 AM,8/17/25 10:09 AM,5 minutes and 16 seconds,KDS - Login Don't Delete
12060 Potranco Road,Leticia Roman,81,17,Food,,8/17/25 10:01 AM,8/17/25 10:09 AM,8 minutes and 1 second,KDS - Login Don't Delete
12060 Potranco Road,Leticia Roman,81,17,No Print,,8/17/25 10:01 AM,8/17/25 10:09 AM,8 minutes and 1 second,KDS - Login Don't Delete
12060 Potranco Road,Mario Jimenez,79,,Food,,8/17/25 10:00 AM,8/17/25 10:09 AM,9 minutes and 3 seconds,KDS - Login Don't Delete
12060 Potranco Road,Mario Jimenez,79,,Drive Thru,,8/17/25 10:00 AM,8/17/25 10:09 AM,9 minutes and 3 seconds,KDS - Login Don't Delete
12060 Potranco Road,Mario Jimenez,80,,Food,,8/17/25 10:03 AM,8/17/25 10:11 AM,8 minutes and 12 seconds,KDS - Login Don't Delete
12060 Potranco Road,Mario Jimenez,80,,Drive Thru,,8/17/25 10:03 AM,8/17/25 10:11 AM,8 minutes and 12 seconds,KDS - Login Don't Delete
12060 Potranco Road,Gabriel Tovar ,82,12,,1,8/17/25 10:09 AM,8/17/25 10:11 AM,1 minute and 53 seconds,KDS - Login Don't Delete
12060 Potranco Road,Mario Jimenez,83,,Food,,8/17/25 10:03 AM,8/17/25 10:12 AM,9 minutes and 24 seconds,KDS - Login Don't Delete
12060 Potranco Road,Mario Jimenez,83,,Drive Thru,,8/17/25 10:03 AM,8/17/25 10:12 AM,9 minutes and 24 seconds,KDS - Login Don't Delete
12060 Potranco Road,Mario Jimenez,84,,Food,,8/17/25 10:06 AM,8/17/25 10:14 AM,8 minutes and 16 seconds,KDS - Login Don't Delete
12060 Potranco Road,Mario Jimenez,84,,Drive Thru,,8/17/25 10:06 AM,8/17/25 10:14 AM,8 minutes and 16 seconds,KDS - Login Don't Delete
12060 Potranco Road,Mario Jimenez,85,,Food,,8/17/25 10:08 AM,8/17/25 10:15 AM,6 minutes and 19 seconds,KDS - Login Don't Delete
12060 Potranco Road,Mario Jimenez,85,,Drive Thru,,8/17/25 10:08 AM,8/17/25 10:15 AM,6 minutes and 19 seconds,KDS - Login Don't Delete
12060 Potranco Road,Mario Jimenez,87,,Food,,8/17/25 10:11 AM,8/17/25 10:17 AM,5 minutes and 51 seconds,KDS - Login Don't Delete
12060 Potranco Road,Mario Jimenez,87,,Drive Thru,,8/17/25 10:11 AM,8/17/25 10:17 AM,5 minutes and 51 seconds,KDS - Login Don't Delete
12060 Potranco Road,Leticia Roman,73,15,,1,8/17/25 9:57 AM,8/17/25 10:18 AM,20 minutes and 55 seconds,KDS - Login Don't Delete
12060 Potranco Road,Leticia Roman,81,17,,1,8/17/25 10:09 AM,8/17/25 10:18 AM,8 minutes and 25 seconds,KDS - Login Don't Delete
12060 Potranco Road,Mario Jimenez,91,,Food,,8/17/25 10:16 AM,8/17/25 10:19 AM,3 minutes and 25 seconds,KDS - Login Don't Delete
12060 Potranco Road,Mario Jimenez,91,,Drive Thru,,8/17/25 10:16 AM,8/17/25 10:19 AM,3 minutes and 25 seconds,KDS - Login Don't Delete
12060 Potranco Road,Sugey Cabrera,88,2,,1,8/17/25 10:11 AM,8/17/25 10:20 AM,8 minutes and 17 seconds,KDS - Login Don't Delete
12060 Potranco Road,Leticia Roman,73,15,Food,,8/17/25 10:15 AM,8/17/25 10:20 AM,5 minutes and 34 seconds,KDS - Login Don't Delete
12060 Potranco Road,Leticia Roman,73,15,No Print,,8/17/25 10:15 AM,8/17/25 10:20 AM,5 minutes and 34 seconds,KDS - Login Don't Delete
12060 Potranco Road,Mario Jimenez,90,,Food,,8/17/25 10:12 AM,8/17/25 10:21 AM,8 minutes and 42 seconds,KDS - Login Don't Delete
12060 Potranco Road,Mario Jimenez,90,,Drive Thru,,8/17/25 10:12 AM,8/17/25 10:21 AM,8 minutes and 42 seconds,KDS - Login Don't Delete
12060 Potranco Road,Leticia Roman,73,15,,1,8/17/25 10:20 AM,8/17/25 10:23 AM,2 minutes and 49 seconds,KDS - Login Don't Delete
12060 Potranco Road,Mario Jimenez,94,,Food,,8/17/25 10:19 AM,8/17/25 10:25 AM,5 minutes and 26 seconds,KDS - Login Don't Delete
12060 Potranco Road,Mario Jimenez,94,,Drive Thru,,8/17/25 10:19 AM,8/17/25 10:25 AM,5 minutes and 26 seconds,KDS - Login Don't Delete
12060 Potranco Road,Mario Jimenez,93,,Food,,8/17/25 10:18 AM,8/17/25 10:25 AM,6 minutes and 47 seconds,KDS - Login Don't Delete
12060 Potranco Road,Mario Jimenez,93,,Drive Thru,,8/17/25 10:18 AM,8/17/25 10:25 AM,6 minutes and 47 seconds,KDS - Login Don't Delete
12060 Potranco Road,Mia De los Santos,92,,Drive Thru,,8/17/25 10:15 AM,8/17/25 10:25 AM,10 minutes and 5 seconds,KDS - Login Don't Delete
12060 Potranco Road,Mia De los Santos,92,,Food,,8/17/25 10:15 AM,8/17/25 10:25 AM,10 minutes and 5 seconds,KDS - Login Don't Delete
12060 Potranco Road,Mia De los Santos,92,,,1,8/17/25 10:25 AM,8/17/25 10:26 AM,1 minute and 21 seconds,KDS - Login Don't Delete
12060 Potranco Road,Mario Jimenez,98,,Food,,8/17/25 10:25 AM,8/17/25 10:29 AM,3 minutes and 38 seconds,KDS - Login Don't Delete
12060 Potranco Road,Mario Jimenez,98,,Drive Thru,,8/17/25 10:25 AM,8/17/25 10:29 AM,3 minutes and 38 seconds,KDS - Login Don't Delete
12060 Potranco Road,Gabriel Tovar ,64,37,Food,,8/17/25 10:16 AM,8/17/25 10:30 AM,13 minutes and 36 seconds,KDS - Login Don't Delete
12060 Potranco Road,Gabriel Tovar ,64,37,No Print,,8/17/25 10:16 AM,8/17/25 10:30 AM,13 minutes and 36 seconds,KDS - Login Don't Delete
12060 Potranco Road,Leticia Roman,89,4,Food,,8/17/25 10:27 AM,8/17/25 10:30 AM,3 minutes and 9 seconds,KDS - Login Don't Delete
12060 Potranco Road,Leticia Roman,89,4,No Print,,8/17/25 10:27 AM,8/17/25 10:30 AM,3 minutes and 9 seconds,KDS - Login Don't Delete
12060 Potranco Road,Mario Jimenez,99,,Food,,8/17/25 10:26 AM,8/17/25 10:30 AM,3 minutes and 54 seconds,KDS - Login Don't Delete
12060 Potranco Road,Mario Jimenez,99,,Drive Thru,,8/17/25 10:26 AM,8/17/25 10:30 AM,3 minutes and 54 seconds,KDS - Login Don't Delete
12060 Potranco Road,Leticia Roman,89,4,Food,,8/17/25 10:18 AM,8/17/25 10:31 AM,12 minutes and 55 seconds,KDS - Login Don't Delete
12060 Potranco Road,Leticia Roman,89,4,No Print,,8/17/25 10:18 AM,8/17/25 10:31 AM,12 minutes and 55 seconds,KDS - Login Don't Delete
12060 Potranco Road,Mario Jimenez,101,,Food,,8/17/25 10:29 AM,8/17/25 10:32 AM,2 minutes and 52 seconds,KDS - Login Don't Delete
12060 Potranco Road,Mario Jimenez,101,,Drive Thru,,8/17/25 10:29 AM,8/17/25 10:32 AM,2 minutes and 52 seconds,KDS - Login Don't Delete
12060 Potranco Road,Mia De los Santos,96,,Drive Thru,,8/17/25 10:22 AM,8/17/25 10:34 AM,11 minutes and 58 seconds,KDS - Login Don't Delete
12060 Potranco Road,Mia De los Santos,96,,Food,,8/17/25 10:22 AM,8/17/25 10:34 AM,11 minutes and 58 seconds,KDS - Login Don't Delete
12060 Potranco Road,Mia De los Santos,96,,No Print,,8/17/25 10:22 AM,8/17/25 10:34 AM,11 minutes and 58 seconds,KDS - Login Don't Delete
12060 Potranco Road,Mia De los Santos,96,,Drinks,,8/17/25 10:22 AM,8/17/25 10:34 AM,11 minutes and 58 seconds,KDS - Login Don't Delete
12060 Potranco Road,Mia De los Santos,96,,,1,8/17/25 10:34 AM,8/17/25 10:37 AM,3 minutes and 2 seconds,KDS - Login Don't Delete
12060 Potranco Road,Gabriel Tovar ,64,37,,1,8/17/25 10:30 AM,8/17/25 10:37 AM,7 minutes and 30 seconds,KDS - Login Don't Delete
12060 Potranco Road,Leticia Roman,89,4,,1,8/17/25 10:31 AM,8/17/25 10:37 AM,6 minutes and 12 seconds,KDS - Login Don't Delete
12060 Potranco Road,Leticia Roman,89,4,,1,8/17/25 10:30 AM,8/17/25 10:37 AM,7 minutes and 27 seconds,KDS - Login Don't Delete
12060 Potranco Road,Sugey Cabrera,106,27,Food,,8/17/25 10:36 AM,8/17/25 10:38 AM,1 minute and 41 seconds,KDS - Login Don't Delete
12060 Potranco Road,Mario Jimenez,102,,Food,,8/17/25 10:31 AM,8/17/25 10:39 AM,8 minutes and 11 seconds,KDS - Login Don't Delete
12060 Potranco Road,Mario Jimenez,102,,Drive Thru,,8/17/25 10:31 AM,8/17/25 10:39 AM,8 minutes and 11 seconds,KDS - Login Don't Delete
12060 Potranco Road,Lisa Velasquez,86,35,Food,,8/17/25 10:18 AM,8/17/25 10:41 AM,23 minutes and 10 seconds,KDS - Login Don't Delete
12060 Potranco Road,Lisa Velasquez,86,35,No Print,,8/17/25 10:18 AM,8/17/25 10:41 AM,23 minutes and 10 seconds,KDS - Login Don't Delete
12060 Potranco Road,Lisa Velasquez,86,35,Drive Thru,,8/17/25 10:18 AM,8/17/25 10:41 AM,23 minutes and 10 seconds,KDS - Login Don't Delete
12060 Potranco Road,Lisa Velasquez,86,35,Drinks,,8/17/25 10:18 AM,8/17/25 10:41 AM,23 minutes and 10 seconds,KDS - Login Don't Delete
12060 Potranco Road,Mario Jimenez,104,,Food,,8/17/25 10:33 AM,8/17/25 10:41 AM,7 minutes and 55 seconds,KDS - Login Don't Delete
12060 Potranco Road,Mario Jimenez,104,,Drive Thru,,8/17/25 10:33 AM,8/17/25 10:41 AM,7 minutes and 55 seconds,KDS - Login Don't Delete
12060 Potranco Road,Adrian Morales,103,10,Food,,8/17/25 10:32 AM,8/17/25 10:42 AM,10 minutes and 13 seconds,KDS - Login Don't Delete
12060 Potranco Road,Adrian Morales,103,10,No Print,,8/17/25 10:32 AM,8/17/25 10:42 AM,10 minutes and 13 seconds,KDS - Login Don't Delete
12060 Potranco Road,Leticia Roman,89,4,Food,,8/17/25 10:35 AM,8/17/25 10:42 AM,7 minutes and 8 seconds,KDS - Login Don't Delete
12060 Potranco Road,Leticia Roman,89,4,No Print,,8/17/25 10:35 AM,8/17/25 10:42 AM,7 minutes and 8 seconds,KDS - Login Don't Delete
12060 Potranco Road,Mario Jimenez,105,,Food,,8/17/25 10:36 AM,8/17/25 10:43 AM,7 minutes and 27 seconds,KDS - Login Don't Delete
12060 Potranco Road,Mario Jimenez,105,,Drive Thru,,8/17/25 10:36 AM,8/17/25 10:43 AM,7 minutes and 27 seconds,KDS - Login Don't Delete
12060 Potranco Road,Mario Jimenez,107,,Food,,8/17/25 10:37 AM,8/17/25 10:44 AM,7 minutes and 29 seconds,KDS - Login Don't Delete
12060 Potranco Road,Mario Jimenez,107,,Drive Thru,,8/17/25 10:37 AM,8/17/25 10:44 AM,7 minutes and 29 seconds,KDS - Login Don't Delete
12060 Potranco Road,Lisa Velasquez,86,35,,1,8/17/25 10:41 AM,8/17/25 10:45 AM,4 minutes and 30 seconds,KDS - Login Don't Delete
12060 Potranco Road,Lisa Velasquez,112,16,Food,,8/17/25 10:40 AM,8/17/25 10:46 AM,6 minutes and 26 seconds,KDS - Login Don't Delete
12060 Potranco Road,Lisa Velasquez,112,16,No Print,,8/17/25 10:40 AM,8/17/25 10:46 AM,6 minutes and 26 seconds,KDS - Login Don't Delete
12060 Potranco Road,Leticia Roman,89,4,Food,,8/17/25 10:43 AM,8/17/25 10:46 AM,3 minutes and 7 seconds,KDS - Login Don't Delete
12060 Potranco Road,Leticia Roman,89,4,No Print,,8/17/25 10:43 AM,8/17/25 10:46 AM,3 minutes and 7 seconds,KDS - Login Don't Delete
12060 Potranco Road,Adrian Morales,103,10,Food,,8/17/25 10:46 AM,8/17/25 10:46 AM,28 seconds,KDS - Login Don't Delete
12060 Potranco Road,Mario Jimenez,110,,Food,,8/17/25 10:39 AM,8/17/25 10:47 AM,8 minutes and 29 seconds,KDS - Login Don't Delete
12060 Potranco Road,Mario Jimenez,110,,Drive Thru,,8/17/25 10:39 AM,8/17/25 10:47 AM,8 minutes and 29 seconds,KDS - Login Don't Delete
12060 Potranco Road,Gabriel Tovar ,116,18,Food,,8/17/25 10:44 AM,8/17/25 10:49 AM,4 minutes and 35 seconds,KDS - Login Don't Delete
12060 Potranco Road,Gabriel Tovar ,116,18,No Print,,8/17/25 10:44 AM,8/17/25 10:49 AM,4 minutes and 35 seconds,KDS - Login Don't Delete
12060 Potranco Road,Adrian Morales,103,10,,1,8/17/25 10:42 AM,8/17/25 10:50 AM,8 minutes and 7 seconds,KDS - Login Don't Delete
12060 Potranco Road,Leticia Roman,89,4,,1,8/17/25 10:42 AM,8/17/25 10:50 AM,8 minutes and 8 seconds,KDS - Login Don't Delete
12060 Potranco Road,Sugey Cabrera,106,27,,1,8/17/25 10:38 AM,8/17/25 10:50 AM,12 minutes and 47 seconds,KDS - Login Don't Delete
12060 Potranco Road,Lisa Velasquez,112,16,,1,8/17/25 10:46 AM,8/17/25 10:50 AM,4 minutes and 29 seconds,KDS - Login Don't Delete
12060 Potranco Road,Leticia Roman,89,4,,1,8/17/25 10:46 AM,8/17/25 10:51 AM,4 minutes and 31 seconds,KDS - Login Don't Delete
12060 Potranco Road,Mario Jimenez,114,,Food,,8/17/25 10:43 AM,8/17/25 10:51 AM,7 minutes and 21 seconds,KDS - Login Don't Delete
12060 Potranco Road,Mario Jimenez,114,,Drive Thru,,8/17/25 10:43 AM,8/17/25 10:51 AM,7 minutes and 21 seconds,KDS - Login Don't Delete
12060 Potranco Road,Adrian Morales,103,10,,1,8/17/25 10:46 AM,8/17/25 10:52 AM,6 minutes and 25 seconds,KDS - Login Don't Delete
12060 Potranco Road,Mario Jimenez,117,,Food,,8/17/25 10:46 AM,8/17/25 10:53 AM,7 minutes and 55 seconds,KDS - Login Don't Delete
12060 Potranco Road,Mario Jimenez,117,,Drive Thru,,8/17/25 10:46 AM,8/17/25 10:53 AM,7 minutes and 55 seconds,KDS - Login Don't Delete
12060 Potranco Road,Mario Jimenez,113,,Food,,8/17/25 10:41 AM,8/17/25 10:54 AM,12 minutes and 33 seconds,KDS - Login Don't Delete
12060 Potranco Road,Mario Jimenez,113,,Drive Thru,,8/17/25 10:41 AM,8/17/25 10:54 AM,12 minutes and 33 seconds,KDS - Login Don't Delete
12060 Potranco Road,Gabriel Tovar ,116,18,,1,8/17/25 10:49 AM,8/17/25 10:54 AM,5 minutes and 4 seconds,KDS - Login Don't Delete
12060 Potranco Road,Lisa Velasquez,112,16,,1,8/17/25 10:48 AM,8/17/25 10:54 AM,5 minutes and 45 seconds,KDS - Login Don't Delete
12060 Potranco Road,Gabriel Tovar ,115,3,Food,,8/17/25 10:42 AM,8/17/25 10:54 AM,11 minutes and 53 seconds,KDS - Login Don't Delete
12060 Potranco Road,Gabriel Tovar ,115,3,No Print,,8/17/25 10:42 AM,8/17/25 10:54 AM,11 minutes and 53 seconds,KDS - Login Don't Delete
12060 Potranco Road,Adrian Morales,120,25,Food,,8/17/25 10:49 AM,8/17/25 10:55 AM,5 minutes and 15 seconds,KDS - Login Don't Delete
12060 Potranco Road,Adrian Morales,120,25,No Print,,8/17/25 10:49 AM,8/17/25 10:55 AM,5 minutes and 15 seconds,KDS - Login Don't Delete
12060 Potranco Road,Adrian Morales,120,25,,1,8/17/25 10:55 AM,8/17/25 10:57 AM,2 minutes and 27 seconds,KDS - Login Don't Delete
12060 Potranco Road,Gabriel Tovar ,115,3,,1,8/17/25 10:54 AM,8/17/25 10:57 AM,3 minutes and 12 seconds,KDS - Login Don't Delete
12060 Potranco Road,Leticia Roman,109,21,Food,,8/17/25 10:52 AM,8/17/25 10:58 AM,5 minutes and 32 seconds,KDS - Login Don't Delete
12060 Potranco Road,Leticia Roman,109,21,No Print,,8/17/25 10:52 AM,8/17/25 10:58 AM,5 minutes and 32 seconds,KDS - Login Don't Delete
12060 Potranco Road,Leticia Roman,109,21,Drive Thru,,8/17/25 10:52 AM,8/17/25 10:58 AM,5 minutes and 32 seconds,KDS - Login Don't Delete
12060 Potranco Road,Mario Jimenez,118,,Food,,8/17/25 10:47 AM,8/17/25 10:58 AM,10 minutes and 19 seconds,KDS - Login Don't Delete
12060 Potranco Road,Mario Jimenez,118,,Drive Thru,,8/17/25 10:47 AM,8/17/25 10:58 AM,10 minutes and 19 seconds,KDS - Login Don't Delete
12060 Potranco Road,Lisa Velasquez,123,2,Food,,8/17/25 10:52 AM,8/17/25 10:58 AM,6 minutes and 13 seconds,KDS - Login Don't Delete
12060 Potranco Road,Lisa Velasquez,123,2,No Print,,8/17/25 10:52 AM,8/17/25 10:58 AM,6 minutes and 13 seconds,KDS - Login Don't Delete
12060 Potranco Road,Mario Jimenez,119,,Food,,8/17/25 10:49 AM,8/17/25 10:59 AM,10 minutes and 12 seconds,KDS - Login Don't Delete
12060 Potranco Road,Mario Jimenez,119,,Drive Thru,,8/17/25 10:49 AM,8/17/25 10:59 AM,10 minutes and 12 seconds,KDS - Login Don't Delete
12060 Potranco Road,Leticia Roman,109,21,,1,8/17/25 10:58 AM,8/17/25 11:00 AM,2 minutes and 18 seconds,KDS - Login Don't Delete
12060 Potranco Road,Lisa Velasquez,123,2,,1,8/17/25 10:58 AM,8/17/25 11:00 AM,1 minute and 52 seconds,KDS - Login Don't Delete
12060 Potranco Road,Mario Jimenez,128,,Food,,8/17/25 10:57 AM,8/17/25 11:02 AM,4 minutes and 43 seconds,KDS - Login Don't Delete
12060 Potranco Road,Mario Jimenez,128,,Drive Thru,,8/17/25 10:57 AM,8/17/25 11:02 AM,4 minutes and 43 seconds,KDS - Login Don't Delete
12060 Potranco Road,Mario Jimenez,121,,Food,,8/17/25 10:56 AM,8/17/25 11:02 AM,6 minutes and 47 seconds,KDS - Login Don't Delete
12060 Potranco Road,Mario Jimenez,121,,Drive Thru,,8/17/25 10:56 AM,8/17/25 11:02 AM,6 minutes and 47 seconds,KDS - Login Don't Delete
12060 Potranco Road,Sugey Cabrera,125,1,Food,,8/17/25 10:54 AM,8/17/25 11:03 AM,9 minutes and 13 seconds,KDS - Login Don't Delete
12060 Potranco Road,Sugey Cabrera,125,1,No Print,,8/17/25 10:54 AM,8/17/25 11:03 AM,9 minutes and 13 seconds,KDS - Login Don't Delete
12060 Potranco Road,Sugey Cabrera,125,1,,1,8/17/25 11:03 AM,8/17/25 11:05 AM,1 minute and 16 seconds,KDS - Login Don't Delete
12060 Potranco Road,Mario Jimenez,132,,Food,,8/17/25 11:00 AM,8/17/25 11:06 AM,5 minutes and 22 seconds,KDS - Login Don't Delete
12060 Potranco Road,Mario Jimenez,132,,Drive Thru,,8/17/25 11:00 AM,8/17/25 11:06 AM,5 minutes and 22 seconds,KDS - Login Don't Delete
12060 Potranco Road,Mario Jimenez,127,,Food,,8/17/25 10:56 AM,8/17/25 11:07 AM,10 minutes and 33 seconds,KDS - Login Don't Delete
12060 Potranco Road,Mario Jimenez,127,,Drive Thru,,8/17/25 10:56 AM,8/17/25 11:07 AM,10 minutes and 33 seconds,KDS - Login Don't Delete
12060 Potranco Road,Gabriel Tovar ,133,15,Food,,8/17/25 11:01 AM,8/17/25 11:09 AM,7 minutes and 38 seconds,KDS - Login Don't Delete
12060 Potranco Road,Gabriel Tovar ,133,15,No Print,,8/17/25 11:01 AM,8/17/25 11:09 AM,7 minutes and 38 seconds,KDS - Login Don't Delete
12060 Potranco Road,Leticia Roman,130,14,Food,,8/17/25 11:00 AM,8/17/25 11:09 AM,9 minutes and 11 seconds,KDS - Login Don't Delete
12060 Potranco Road,Leticia Roman,130,14,No Print,,8/17/25 11:00 AM,8/17/25 11:09 AM,9 minutes and 11 seconds,KDS - Login Don't Delete
12060 Potranco Road,Leticia Roman,130,14,Drive Thru,,8/17/25 11:00 AM,8/17/25 11:09 AM,9 minutes and 11 seconds,KDS - Login Don't Delete
12060 Potranco Road,Gabriel Tovar ,133,15,Drive Thru,,8/17/25 11:01 AM,8/17/25 11:09 AM,7 minutes and 38 seconds,KDS - Login Don't Delete
12060 Potranco Road,Mario Jimenez,126,,Drive Thru,,8/17/25 10:59 AM,8/17/25 11:10 AM,11 minutes and 5 seconds,KDS - Login Don't Delete
12060 Potranco Road,Mario Jimenez,126,,Food,,8/17/25 10:59 AM,8/17/25 11:10 AM,11 minutes and 5 seconds,KDS - Login Don't Delete
12060 Potranco Road,Mario Jimenez,139,,Food,,8/17/25 11:02 AM,8/17/25 11:11 AM,8 minutes and 31 seconds,KDS - Login Don't Delete
12060 Potranco Road,Mario Jimenez,139,,Drive Thru,,8/17/25 11:02 AM,8/17/25 11:11 AM,8 minutes and 31 seconds,KDS - Login Don't Delete
12060 Potranco Road,Mario Jimenez,143,,Food,,8/17/25 11:05 AM,8/17/25 11:14 AM,9 minutes and 3 seconds,KDS - Login Don't Delete
12060 Potranco Road,Mario Jimenez,143,,Drive Thru,,8/17/25 11:05 AM,8/17/25 11:14 AM,9 minutes and 3 seconds,KDS - Login Don't Delete
12060 Potranco Road,Mario Jimenez,126,,,1,8/17/25 11:10 AM,8/17/25 11:16 AM,5 minutes and 57 seconds,KDS - Login Don't Delete
12060 Potranco Road,Mario Jimenez,144,,Food,,8/17/25 11:07 AM,8/17/25 11:16 AM,9 minutes and 29 seconds,KDS - Login Don't Delete
12060 Potranco Road,Gabriel Tovar ,133,15,,1,8/17/25 11:09 AM,8/17/25 11:16 AM,7 minutes and 43 seconds,KDS - Login Don't Delete
12060 Potranco Road,Mario Jimenez,144,,Drive Thru,,8/17/25 11:07 AM,8/17/25 11:16 AM,9 minutes and 29 seconds,KDS - Login Don't Delete
12060 Potranco Road,Leticia Roman,130,14,,1,8/17/25 11:09 AM,8/17/25 11:17 AM,8 minutes and 17 seconds,KDS - Login Don't Delete
12060 Potranco Road,Lisa Velasquez,148,12,Food,,8/17/25 11:09 AM,8/17/25 11:18 AM,9 minutes and 6 seconds,KDS - Login Don't Delete
12060 Potranco Road,Lisa Velasquez,148,12,No Print,,8/17/25 11:09 AM,8/17/25 11:18 AM,9 minutes and 6 seconds,KDS - Login Don't Delete
12060 Potranco Road,Lisa Velasquez,148,12,,1,8/17/25 11:18 AM,8/17/25 11:18 AM,22 seconds,KDS - Login Don't Delete
12060 Potranco Road,Mia De los Santos,122,,,1,8/17/25 10:51 AM,8/17/25 11:19 AM,27 minutes and 43 seconds,KDS - Login Don't Delete
12060 Potranco Road,Lisa Velasquez,134,35,Food,,8/17/25 11:12 AM,8/17/25 11:19 AM,7 minutes and 12 seconds,KDS - Login Don't Delete
12060 Potranco Road,Adrian Morales,146,5,Food,,8/17/25 11:09 AM,8/17/25 11:19 AM,10 minutes and 39 seconds,KDS - Login Don't Delete
12060 Potranco Road,Adrian Morales,146,5,No Print,,8/17/25 11:09 AM,8/17/25 11:19 AM,10 minutes and 39 seconds,KDS - Login Don't Delete
12060 Potranco Road,Mario Jimenez,147,,Food,,8/17/25 11:09 AM,8/17/25 11:20 AM,11 minutes and 26 seconds,KDS - Login Don't Delete
12060 Potranco Road,Mario Jimenez,147,,Drive Thru,,8/17/25 11:09 AM,8/17/25 11:20 AM,11 minutes and 26 seconds,KDS - Login Don't Delete
12060 Potranco Road,Mario Jimenez,145,,Food,,8/17/25 11:07 AM,8/17/25 11:21 AM,13 minutes and 28 seconds,KDS - Login Don't Delete
12060 Potranco Road,Mario Jimenez,145,,Drive Thru,,8/17/25 11:07 AM,8/17/25 11:21 AM,13 minutes and 28 seconds,KDS - Login Don't Delete
12060 Potranco Road,Sugey Cabrera,106,27,Food,,8/17/25 11:09 AM,8/17/25 11:21 AM,11 minutes and 59 seconds,KDS - Login Don't Delete
12060 Potranco Road,Sugey Cabrera,106,27,No Print,,8/17/25 11:09 AM,8/17/25 11:21 AM,11 minutes and 59 seconds,KDS - Login Don't Delete
12060 Potranco Road,Lisa Velasquez,134,35,,1,8/17/25 11:19 AM,8/17/25 11:22 AM,2 minutes and 15 seconds,KDS - Login Don't Delete
12060 Potranco Road,Mario Jimenez,149,,Food,,8/17/25 11:10 AM,8/17/25 11:22 AM,12 minutes and 21 seconds,KDS - Login Don't Delete
12060 Potranco Road,Mario Jimenez,149,,Drive Thru,,8/17/25 11:10 AM,8/17/25 11:22 AM,12 minutes and 21 seconds,KDS - Login Don't Delete
12060 Potranco Road,Sugey Cabrera,106,27,,1,8/17/25 11:21 AM,8/17/25 11:22 AM,1 minute and 12 seconds,KDS - Login Don't Delete
12060 Potranco Road,Adrian Morales,146,5,,1,8/17/25 11:19 AM,8/17/25 11:22 AM,3 minutes and 1 second,KDS - Login Don't Delete
12060 Potranco Road,Mario Jimenez,150,,Food,,8/17/25 11:12 AM,8/17/25 11:24 AM,11 minutes and 59 seconds,KDS - Login Don't Delete
12060 Potranco Road,Mario Jimenez,150,,Drive Thru,,8/17/25 11:12 AM,8/17/25 11:24 AM,11 minutes and 59 seconds,KDS - Login Don't Delete
12060 Potranco Road,Mario Jimenez,152,,Food,,8/17/25 11:13 AM,8/17/25 11:27 AM,13 minutes and 44 seconds,KDS - Login Don't Delete
12060 Potranco Road,Mario Jimenez,152,,Drive Thru,,8/17/25 11:13 AM,8/17/25 11:27 AM,13 minutes and 44 seconds,KDS - Login Don't Delete
12060 Potranco Road,Mario Jimenez,154,,Food,,8/17/25 11:16 AM,8/17/25 11:29 AM,12 minutes and 30 seconds,KDS - Login Don't Delete
12060 Potranco Road,Mario Jimenez,154,,Drive Thru,,8/17/25 11:16 AM,8/17/25 11:29 AM,12 minutes and 30 seconds,KDS - Login Don't Delete
12060 Potranco Road,Mario Jimenez,159,,Food,,8/17/25 11:23 AM,8/17/25 11:31 AM,7 minutes and 22 seconds,KDS - Login Don't Delete
12060 Potranco Road,Mario Jimenez,159,,Drive Thru,,8/17/25 11:23 AM,8/17/25 11:31 AM,7 minutes and 22 seconds,KDS - Login Don't Delete
12060 Potranco Road,Sugey Cabrera,155,23,Food,,8/17/25 11:17 AM,8/17/25 11:31 AM,14 minutes and 36 seconds,KDS - Login Don't Delete
12060 Potranco Road,Sugey Cabrera,155,23,No Print,,8/17/25 11:17 AM,8/17/25 11:31 AM,14 minutes and 36 seconds,KDS - Login Don't Delete
12060 Potranco Road,Leticia Roman,158,7,Food,,8/17/25 11:22 AM,8/17/25 11:31 AM,9 minutes and 16 seconds,KDS - Login Don't Delete
12060 Potranco Road,Leticia Roman,158,7,No Print,,8/17/25 11:22 AM,8/17/25 11:31 AM,9 minutes and 16 seconds,KDS - Login Don't Delete
12060 Potranco Road,Leticia Roman,158,7,Drive Thru,,8/17/25 11:22 AM,8/17/25 11:31 AM,9 minutes and 16 seconds,KDS - Login Don't Delete
12060 Potranco Road,Sugey Cabrera,155,23,,1,8/17/25 11:31 AM,8/17/25 11:32 AM,31 seconds,KDS - Login Don't Delete
12060 Potranco Road,Mario Jimenez,157,,,1,8/17/25 11:21 AM,8/17/25 11:32 AM,11 minutes and 19 seconds,KDS - Login Don't Delete
12060 Potranco Road,Leticia Roman,158,7,,1,8/17/25 11:31 AM,8/17/25 11:33 AM,1 minute and 55 seconds,KDS - Login Don't Delete
12060 Potranco Road,Mario Jimenez,164,,Food,,8/17/25 11:30 AM,8/17/25 11:34 AM,4 minutes and 39 seconds,KDS - Login Don't Delete
12060 Potranco Road,Mario Jimenez,164,,Drive Thru,,8/17/25 11:30 AM,8/17/25 11:34 AM,4 minutes and 39 seconds,KDS - Login Don't Delete
12060 Potranco Road,Mia De los Santos,162,,Drive Thru,,8/17/25 11:25 AM,8/17/25 11:36 AM,10 minutes and 31 seconds,KDS - Login Don't Delete
12060 Potranco Road,Mia De los Santos,162,,Food,,8/17/25 11:25 AM,8/17/25 11:36 AM,10 minutes and 31 seconds,KDS - Login Don't Delete
12060 Potranco Road,Gabriel Tovar ,160,29,Food,,8/17/25 11:25 AM,8/17/25 11:36 AM,10 minutes and 59 seconds,KDS - Login Don't Delete
12060 Potranco Road,Gabriel Tovar ,160,29,No Print,,8/17/25 11:25 AM,8/17/25 11:36 AM,10 minutes and 59 seconds,KDS - Login Don't Delete
12060 Potranco Road,Gabriel Tovar ,160,29,,1,8/17/25 11:36 AM,8/17/25 11:37 AM,44 seconds,KDS - Login Don't Delete
12060 Potranco Road,Mia De los Santos,162,,,1,8/17/25 11:36 AM,8/17/25 11:40 AM,3 minutes and 57 seconds,KDS - Login Don't Delete
12060 Potranco Road,Mario Jimenez,165,,Food,,8/17/25 11:33 AM,8/17/25 11:41 AM,8 minutes and 24 seconds,KDS - Login Don't Delete
12060 Potranco Road,Mario Jimenez,165,,Drive Thru,,8/17/25 11:33 AM,8/17/25 11:41 AM,8 minutes and 24 seconds,KDS - Login Don't Delete
12060 Potranco Road,Mario Jimenez,167,,Food,,8/17/25 11:34 AM,8/17/25 11:42 AM,8 minutes and 3 seconds,KDS - Login Don't Delete
12060 Potranco Road,Mario Jimenez,167,,Drive Thru,,8/17/25 11:34 AM,8/17/25 11:42 AM,8 minutes and 3 seconds,KDS - Login Don't Delete
12060 Potranco Road,Mia De los Santos,163,,Drive Thru,,8/17/25 11:28 AM,8/17/25 11:42 AM,13 minutes and 49 seconds,KDS - Login Don't Delete
12060 Potranco Road,Mia De los Santos,163,,Food,,8/17/25 11:28 AM,8/17/25 11:42 AM,13 minutes and 49 seconds,KDS - Login Don't Delete
12060 Potranco Road,Mario Jimenez,172,,Food,,8/17/25 11:38 AM,8/17/25 11:44 AM,5 minutes and 59 seconds,KDS - Login Don't Delete
12060 Potranco Road,Mario Jimenez,172,,Drive Thru,,8/17/25 11:38 AM,8/17/25 11:44 AM,5 minutes and 59 seconds,KDS - Login Don't Delete
12060 Potranco Road,Mario Jimenez,169,,Food,,8/17/25 11:35 AM,8/17/25 11:44 AM,8 minutes and 59 seconds,KDS - Login Don't Delete
12060 Potranco Road,Mario Jimenez,169,,Drive Thru,,8/17/25 11:35 AM,8/17/25 11:44 AM,8 minutes and 59 seconds,KDS - Login Don't Delete
12060 Potranco Road,Lisa Velasquez,175,20,Food,,8/17/25 11:39 AM,8/17/25 11:44 AM,5 minutes and 3 seconds,KDS - Login Don't Delete
12060 Potranco Road,Lisa Velasquez,175,20,No Print,,8/17/25 11:39 AM,8/17/25 11:44 AM,5 minutes and 3 seconds,KDS - Login Don't Delete
12060 Potranco Road,Mario Jimenez,174,,Food,,8/17/25 11:39 AM,8/17/25 11:46 AM,7 minutes and 8 seconds,KDS - Login Don't Delete
12060 Potranco Road,Mario Jimenez,174,,Drive Thru,,8/17/25 11:39 AM,8/17/25 11:46 AM,7 minutes and 8 seconds,KDS - Login Don't Delete
12060 Potranco Road,Leticia Roman,166,16,Food,,8/17/25 11:39 AM,8/17/25 11:48 AM,9 minutes and 35 seconds,KDS - Login Don't Delete
12060 Potranco Road,Leticia Roman,166,16,No Print,,8/17/25 11:39 AM,8/17/25 11:48 AM,9 minutes and 35 seconds,KDS - Login Don't Delete
12060 Potranco Road,Leticia Roman,166,16,Drive Thru,,8/17/25 11:39 AM,8/17/25 11:48 AM,9 minutes and 35 seconds,KDS - Login Don't Delete
12060 Potranco Road,Lisa Velasquez,175,20,Drive Thru,,8/17/25 11:48 AM,8/17/25 11:48 AM,13 seconds,KDS - Login Don't Delete
12060 Potranco Road,Lisa Velasquez,175,20,Food,,8/17/25 11:48 AM,8/17/25 11:48 AM,13 seconds,KDS - Login Don't Delete
12060 Potranco Road,Mia De los Santos,168,,,1,8/17/25 11:36 AM,8/17/25 11:49 AM,13 minutes and 40 seconds,KDS - Login Don't Delete
12060 Potranco Road,Mario Jimenez,179,,Food,,8/17/25 11:43 AM,8/17/25 11:50 AM,6 minutes and 16 seconds,KDS - Login Don't Delete
12060 Potranco Road,Mario Jimenez,179,,Drive Thru,,8/17/25 11:43 AM,8/17/25 11:50 AM,6 minutes and 16 seconds,KDS - Login Don't Delete
12060 Potranco Road,Mia De los Santos,171,,,1,8/17/25 11:38 AM,8/17/25 11:52 AM,14 minutes and 3 seconds,KDS - Login Don't Delete
12060 Potranco Road,Mia De los Santos,173,,Drive Thru,,8/17/25 11:38 AM,8/17/25 11:52 AM,13 minutes and 23 seconds,KDS - Login Don't Delete
12060 Potranco Road,Mia De los Santos,173,,Food,,8/17/25 11:38 AM,8/17/25 11:52 AM,13 minutes and 23 seconds,KDS - Login Don't Delete
12060 Potranco Road,Adrian Morales,177,2,Food,,8/17/25 11:42 AM,8/17/25 11:52 AM,9 minutes and 55 seconds,KDS - Login Don't Delete
12060 Potranco Road,Adrian Morales,177,2,No Print,,8/17/25 11:42 AM,8/17/25 11:52 AM,9 minutes and 55 seconds,KDS - Login Don't Delete
12060 Potranco Road,Mario Jimenez,183,,Food,,8/17/25 11:47 AM,8/17/25 11:52 AM,5 minutes and 16 seconds,KDS - Login Don't Delete
12060 Potranco Road,Mario Jimenez,183,,Drive Thru,,8/17/25 11:47 AM,8/17/25 11:52 AM,5 minutes and 16 seconds,KDS - Login Don't Delete
12060 Potranco Road,Mario Jimenez,186,,Food,,8/17/25 11:49 AM,8/17/25 11:54 AM,4 minutes and 18 seconds,KDS - Login Don't Delete
12060 Potranco Road,Mario Jimenez,186,,Drive Thru,,8/17/25 11:49 AM,8/17/25 11:54 AM,4 minutes and 18 seconds,KDS - Login Don't Delete
12060 Potranco Road,Gabriel Tovar ,178,25,Food,,8/17/25 11:46 AM,8/17/25 11:58 AM,11 minutes and 43 seconds,KDS - Login Don't Delete
12060 Potranco Road,Gabriel Tovar ,178,25,No Print,,8/17/25 11:46 AM,8/17/25 11:58 AM,11 minutes and 43 seconds,KDS - Login Don't Delete
12060 Potranco Road,Mia De los Santos,173,,,1,8/17/25 11:52 AM,8/17/25 11:58 AM,6 minutes and 36 seconds,KDS - Login Don't Delete
12060 Potranco Road,Leticia Roman,166,16,,1,8/17/25 11:48 AM,8/17/25 11:59 AM,10 minutes and 22 seconds,KDS - Login Don't Delete
12060 Potranco Road,Mia De los Santos,163,,,1,8/17/25 11:42 AM,8/17/25 11:59 AM,16 minutes and 36 seconds,KDS - Login Don't Delete
12060 Potranco Road,Lisa Velasquez,175,20,,1,8/17/25 11:44 AM,8/17/25 11:59 AM,14 minutes and 29 seconds,KDS - Login Don't Delete
12060 Potranco Road,Adrian Morales,177,2,,1,8/17/25 11:52 AM,8/17/25 11:59 AM,6 minutes and 48 seconds,KDS - Login Don't Delete
12060 Potranco Road,Gabriel Tovar ,178,25,,1,8/17/25 11:58 AM,8/17/25 11:59 AM,48 seconds,KDS - Login Don't Delete
12060 Potranco Road,Lisa Velasquez,175,20,,1,8/17/25 11:48 AM,8/17/25 11:59 AM,10 minutes and 33 seconds,KDS - Login Don't Delete
12060 Potranco Road,Mario Jimenez,187,,Food,,8/17/25 11:54 AM,8/17/25 12:04 PM,9 minutes and 34 seconds,KDS - Login Don't Delete
12060 Potranco Road,Mario Jimenez,187,,Drive Thru,,8/17/25 11:54 AM,8/17/25 12:04 PM,9 minutes and 34 seconds,KDS - Login Don't Delete
12060 Potranco Road,Sugey Cabrera,182,17,Food,,8/17/25 11:52 AM,8/17/25 12:04 PM,12 minutes and 49 seconds,KDS - Login Don't Delete
12060 Potranco Road,Sugey Cabrera,182,17,No Print,,8/17/25 11:52 AM,8/17/25 12:04 PM,12 minutes and 49 seconds,KDS - Login Don't Delete
12060 Potranco Road,Sugey Cabrera,182,17,Drive Thru,,8/17/25 11:52 AM,8/17/25 12:04 PM,12 minutes and 49 seconds,KDS - Login Don't Delete
12060 Potranco Road,Mario Jimenez,188,,Food,,8/17/25 12:02 PM,8/17/25 12:07 PM,4 minutes and 31 seconds,KDS - Login Don't Delete
12060 Potranco Road,Mario Jimenez,188,,Drive Thru,,8/17/25 12:02 PM,8/17/25 12:07 PM,4 minutes and 31 seconds,KDS - Login Don't Delete
12060 Potranco Road,Lisa Velasquez,189,8,Food,,8/17/25 11:58 AM,8/17/25 12:08 PM,10 minutes and 9 seconds,KDS - Login Don't Delete
12060 Potranco Road,Lisa Velasquez,189,8,No Print,,8/17/25 11:58 AM,8/17/25 12:08 PM,10 minutes and 9 seconds,KDS - Login Don't Delete
12060 Potranco Road,Sugey Cabrera,191,34,Food,,8/17/25 11:58 AM,8/17/25 12:08 PM,10 minutes and 4 seconds,KDS - Login Don't Delete
12060 Potranco Road,Sugey Cabrera,191,34,No Print,,8/17/25 11:58 AM,8/17/25 12:08 PM,10 minutes and 4 seconds,KDS - Login Don't Delete
12060 Potranco Road,Sugey Cabrera,191,34,Drive Thru,,8/17/25 11:58 AM,8/17/25 12:08 PM,10 minutes and 4 seconds,KDS - Login Don't Delete
12060 Potranco Road,Adrian Morales,192,1,Food,,8/17/25 12:00 PM,8/17/25 12:09 PM,9 minutes and 5 seconds,KDS - Login Don't Delete
12060 Potranco Road,Adrian Morales,192,1,No Print,,8/17/25 12:00 PM,8/17/25 12:09 PM,9 minutes and 5 seconds,KDS - Login Don't Delete
12060 Potranco Road,Adrian Morales,192,1,,1,8/17/25 12:09 PM,8/17/25 12:09 PM,25 seconds,KDS - Login Don't Delete
12060 Potranco Road,Sugey Cabrera,182,17,,1,8/17/25 12:04 PM,8/17/25 12:10 PM,5 minutes and 23 seconds,KDS - Login Don't Delete
12060 Potranco Road,Mario Jimenez,193,,Food,,8/17/25 12:04 PM,8/17/25 12:10 PM,6 minutes and 3 seconds,KDS - Login Don't Delete
12060 Potranco Road,Mario Jimenez,193,,Drive Thru,,8/17/25 12:04 PM,8/17/25 12:10 PM,6 minutes and 3 seconds,KDS - Login Don't Delete
12060 Potranco Road,Lisa Velasquez,195,15,,1,8/17/25 12:07 PM,8/17/25 12:10 PM,3 minutes and 11 seconds,KDS - Login Don't Delete
12060 Potranco Road,Mario Jimenez,197,,Food,,8/17/25 12:09 PM,8/17/25 12:12 PM,2 minutes and 52 seconds,KDS - Login Don't Delete
12060 Potranco Road,Mario Jimenez,197,,Drive Thru,,8/17/25 12:09 PM,8/17/25 12:12 PM,2 minutes and 52 seconds,KDS - Login Don't Delete
12060 Potranco Road,Sugey Cabrera,191,34,,1,8/17/25 12:08 PM,8/17/25 12:12 PM,4 minutes and 36 seconds,KDS - Login Don't Delete
12060 Potranco Road,Adrian Morales,181,37,Food,,8/17/25 12:03 PM,8/17/25 12:16 PM,12 minutes and 59 seconds,KDS - Login Don't Delete
12060 Potranco Road,Adrian Morales,181,37,No Print,,8/17/25 12:03 PM,8/17/25 12:16 PM,12 minutes and 59 seconds,KDS - Login Don't Delete
12060 Potranco Road,Adrian Morales,181,37,Drive Thru,,8/17/25 12:03 PM,8/17/25 12:16 PM,12 minutes and 59 seconds,KDS - Login Don't Delete
12060 Potranco Road,Gabriel Tovar ,196,6,Food,,8/17/25 12:08 PM,8/17/25 12:16 PM,8 minutes and 23 seconds,KDS - Login Don't Delete
12060 Potranco Road,Gabriel Tovar ,196,6,No Print,,8/17/25 12:08 PM,8/17/25 12:16 PM,8 minutes and 23 seconds,KDS - Login Don't Delete
12060 Potranco Road,Gabriel Tovar ,196,6,Drive Thru,,8/17/25 12:08 PM,8/17/25 12:16 PM,8 minutes and 23 seconds,KDS - Login Don't Delete
12060 Potranco Road,Mario Jimenez,199,,Food,,8/17/25 12:14 PM,8/17/25 12:17 PM,3 minutes and 25 seconds,KDS - Login Don't Delete
12060 Potranco Road,Mario Jimenez,199,,Drive Thru,,8/17/25 12:14 PM,8/17/25 12:17 PM,3 minutes and 25 seconds,KDS - Login Don't Delete
12060 Potranco Road,Adrian Morales,181,37,,1,8/17/25 12:16 PM,8/17/25 12:20 PM,3 minutes and 54 seconds,KDS - Login Don't Delete
12060 Potranco Road,Mario Jimenez,201,,Food,,8/17/25 12:16 PM,8/17/25 12:20 PM,4 minutes and 18 seconds,KDS - Login Don't Delete
12060 Potranco Road,Mario Jimenez,201,,Drive Thru,,8/17/25 12:16 PM,8/17/25 12:20 PM,4 minutes and 18 seconds,KDS - Login Don't Delete
12060 Potranco Road,Gabriel Tovar ,196,6,,1,8/17/25 12:16 PM,8/17/25 12:21 PM,5 minutes and 14 seconds,KDS - Login Don't Delete
12060 Potranco Road,Lisa Velasquez,200,3,Food,,8/17/25 12:16 PM,8/17/25 12:23 PM,7 minutes and 31 seconds,KDS - Login Don't Delete
12060 Potranco Road,Lisa Velasquez,200,3,No Print,,8/17/25 12:16 PM,8/17/25 12:23 PM,7 minutes and 31 seconds,KDS - Login Don't Delete
12060 Potranco Road,Lisa Velasquez,200,3,Drive Thru,,8/17/25 12:16 PM,8/17/25 12:23 PM,7 minutes and 31 seconds,KDS - Login Don't Delete
12060 Potranco Road,Lisa Velasquez,200,3,Drinks,,8/17/25 12:16 PM,8/17/25 12:23 PM,7 minutes and 31 seconds,KDS - Login Don't Delete
12060 Potranco Road,Mario Jimenez,203,,Food,,8/17/25 12:16 PM,8/17/25 12:24 PM,7 minutes and 33 seconds,KDS - Login Don't Delete
12060 Potranco Road,Mario Jimenez,203,,Drive Thru,,8/17/25 12:16 PM,8/17/25 12:24 PM,7 minutes and 33 seconds,KDS - Login Don't Delete
12060 Potranco Road,Adrian Morales,198,12,Food,,8/17/25 12:16 PM,8/17/25 12:27 PM,11 minutes and 34 seconds,KDS - Login Don't Delete
12060 Potranco Road,Adrian Morales,198,12,No Print,,8/17/25 12:16 PM,8/17/25 12:27 PM,11 minutes and 34 seconds,KDS - Login Don't Delete
12060 Potranco Road,Adrian Morales,198,12,Drive Thru,,8/17/25 12:16 PM,8/17/25 12:27 PM,11 minutes and 34 seconds,KDS - Login Don't Delete
12060 Potranco Road,Mario Jimenez,204,,Food,,8/17/25 12:17 PM,8/17/25 12:28 PM,10 minutes and 49 seconds,KDS - Login Don't Delete
12060 Potranco Road,Mario Jimenez,204,,Drive Thru,,8/17/25 12:17 PM,8/17/25 12:28 PM,10 minutes and 49 seconds,KDS - Login Don't Delete
12060 Potranco Road,Adrian Morales,192,1,Food,,8/17/25 12:22 PM,8/17/25 12:29 PM,6 minutes and 46 seconds,KDS - Login Don't Delete
12060 Potranco Road,Adrian Morales,192,1,No Print,,8/17/25 12:22 PM,8/17/25 12:29 PM,6 minutes and 46 seconds,KDS - Login Don't Delete
12060 Potranco Road,Leticia Roman,190,31,Food,,8/17/25 12:17 PM,8/17/25 12:31 PM,13 minutes and 50 seconds,KDS - Login Don't Delete
12060 Potranco Road,Leticia Roman,190,31,No Print,,8/17/25 12:17 PM,8/17/25 12:31 PM,13 minutes and 50 seconds,KDS - Login Don't Delete
12060 Potranco Road,Leticia Roman,190,31,Drive Thru,,8/17/25 12:17 PM,8/17/25 12:31 PM,13 minutes and 50 seconds,KDS - Login Don't Delete
12060 Potranco Road,Mario Jimenez,205,,Food,,8/17/25 12:19 PM,8/17/25 12:32 PM,13 minutes and 17 seconds,KDS - Login Don't Delete
12060 Potranco Road,Mario Jimenez,205,,Drive Thru,,8/17/25 12:19 PM,8/17/25 12:32 PM,13 minutes and 17 seconds,KDS - Login Don't Delete
12060 Potranco Road,Sugey Cabrera,207,4,Food,,8/17/25 12:22 PM,8/17/25 12:33 PM,11 minutes and 20 seconds,KDS - Login Don't Delete
12060 Potranco Road,Sugey Cabrera,207,4,No Print,,8/17/25 12:22 PM,8/17/25 12:33 PM,11 minutes and 20 seconds,KDS - Login Don't Delete
12060 Potranco Road,Mario Jimenez,208,,Food,,8/17/25 12:25 PM,8/17/25 12:35 PM,9 minutes and 32 seconds,KDS - Login Don't Delete
12060 Potranco Road,Mario Jimenez,208,,Drive Thru,,8/17/25 12:25 PM,8/17/25 12:35 PM,9 minutes and 32 seconds,KDS - Login Don't Delete
12060 Potranco Road,Mario Jimenez,212,,Food,,8/17/25 12:30 PM,8/17/25 12:35 PM,5 minutes and 20 seconds,KDS - Login Don't Delete
12060 Potranco Road,Mario Jimenez,212,,Drive Thru,,8/17/25 12:30 PM,8/17/25 12:35 PM,5 minutes and 20 seconds,KDS - Login Don't Delete
12060 Potranco Road,Sugey Cabrera,202,21,Food,,8/17/25 12:17 PM,8/17/25 12:36 PM,18 minutes and 43 seconds,KDS - Login Don't Delete
12060 Potranco Road,Sugey Cabrera,202,21,No Print,,8/17/25 12:17 PM,8/17/25 12:36 PM,18 minutes and 43 seconds,KDS - Login Don't Delete
12060 Potranco Road,Sugey Cabrera,202,21,Drive Thru,,8/17/25 12:17 PM,8/17/25 12:36 PM,18 minutes and 43 seconds,KDS - Login Don't Delete
12060 Potranco Road,Sugey Cabrera,207,4,,1,8/17/25 12:33 PM,8/17/25 12:40 PM,6 minutes and 20 seconds,KDS - Login Don't Delete
12060 Potranco Road,Sugey Cabrera,202,21,,1,8/17/25 12:36 PM,8/17/25 12:40 PM,3 minutes and 48 seconds,KDS - Login Don't Delete
12060 Potranco Road,Sugey Cabrera,182,17,,1,8/17/25 12:22 PM,8/17/25 12:40 PM,17 minutes and 18 seconds,KDS - Login Don't Delete
12060 Potranco Road,Sugey Cabrera,182,17,,1,8/17/25 12:35 PM,8/17/25 12:40 PM,5 minutes and 6 seconds,KDS - Login Don't Delete
12060 Potranco Road,Adrian Morales,198,12,,1,8/17/25 12:27 PM,8/17/25 12:41 PM,13 minutes and 59 seconds,KDS - Login Don't Delete
12060 Potranco Road,Leticia Roman,190,31,,1,8/17/25 12:31 PM,8/17/25 12:41 PM,10 minutes and 29 seconds,KDS - Login Don't Delete
12060 Potranco Road,Lisa Velasquez,189,8,,1,8/17/25 12:08 PM,8/17/25 12:41 PM,33 minutes and 26 seconds,KDS - Login Don't Delete
12060 Potranco Road,Lisa Velasquez,200,3,,1,8/17/25 12:23 PM,8/17/25 12:41 PM,18 minutes and 7 seconds,KDS - Login Don't Delete
12060 Potranco Road,Adrian Morales,192,1,,1,8/17/25 12:29 PM,8/17/25 12:41 PM,12 minutes and 16 seconds,KDS - Login Don't Delete
12060 Potranco Road,Gabriel Tovar ,215,8,Food,,8/17/25 12:34 PM,8/17/25 12:41 PM,7 minutes and 29 seconds,KDS - Login Don't Delete
12060 Potranco Road,Gabriel Tovar ,215,8,No Print,,8/17/25 12:34 PM,8/17/25 12:41 PM,7 minutes and 29 seconds,KDS - Login Don't Delete
12060 Potranco Road,Gabriel Tovar ,210,14,Food,,8/17/25 12:27 PM,8/17/25 12:41 PM,14 minutes and 8 seconds,KDS - Login Don't Delete
12060 Potranco Road,Gabriel Tovar ,210,14,No Print,,8/17/25 12:27 PM,8/17/25 12:41 PM,14 minutes and 8 seconds,KDS - Login Don't Delete
12060 Potranco Road,Gabriel Tovar ,215,8,,1,8/17/25 12:41 PM,8/17/25 12:43 PM,1 minute and 34 seconds,KDS - Login Don't Delete
12060 Potranco Road,Mario Jimenez,218,,Food,,8/17/25 12:41 PM,8/17/25 12:45 PM,4 minutes and 8 seconds,KDS - Login Don't Delete
12060 Potranco Road,Mario Jimenez,218,,Drive Thru,,8/17/25 12:41 PM,8/17/25 12:45 PM,4 minutes and 8 seconds,KDS - Login Don't Delete
12060 Potranco Road,Gabriel Tovar ,210,14,,1,8/17/25 12:41 PM,8/17/25 12:46 PM,4 minutes and 9 seconds,KDS - Login Don't Delete
12060 Potranco Road,Adrian Morales,217,1,Food,,8/17/25 12:40 PM,8/17/25 12:46 PM,6 minutes and 13 seconds,KDS - Login Don't Delete
12060 Potranco Road,Adrian Morales,217,1,No Print,,8/17/25 12:40 PM,8/17/25 12:46 PM,6 minutes and 13 seconds,KDS - Login Don't Delete
12060 Potranco Road,Adrian Morales,213,11,Food,,8/17/25 12:31 PM,8/17/25 12:46 PM,15 minutes and 20 seconds,KDS - Login Don't Delete
12060 Potranco Road,Adrian Morales,213,11,No Print,,8/17/25 12:31 PM,8/17/25 12:46 PM,15 minutes and 20 seconds,KDS - Login Don't Delete
12060 Potranco Road,Lisa Velasquez,211,27,Food,,8/17/25 12:35 PM,8/17/25 12:48 PM,12 minutes and 26 seconds,KDS - Login Don't Delete
12060 Potranco Road,Lisa Velasquez,211,27,No Print,,8/17/25 12:35 PM,8/17/25 12:48 PM,12 minutes and 26 seconds,KDS - Login Don't Delete
12060 Potranco Road,Adrian Morales,198,12,Food,,8/17/25 12:43 PM,8/17/25 12:49 PM,5 minutes and 42 seconds,KDS - Login Don't Delete
12060 Potranco Road,Adrian Morales,198,12,No Print,,8/17/25 12:43 PM,8/17/25 12:49 PM,5 minutes and 42 seconds,KDS - Login Don't Delete
12060 Potranco Road,Mario Jimenez,214,,Food,,8/17/25 12:47 PM,8/17/25 12:54 PM,6 minutes and 51 seconds,KDS - Login Don't Delete
12060 Potranco Road,Mario Jimenez,214,,Drive Thru,,8/17/25 12:47 PM,8/17/25 12:54 PM,6 minutes and 51 seconds,KDS - Login Don't Delete
12060 Potranco Road,Gabriel Tovar ,220,25,Food,,8/17/25 12:48 PM,8/17/25 12:55 PM,6 minutes and 12 seconds,KDS - Login Don't Delete
12060 Potranco Road,Gabriel Tovar ,220,25,No Print,,8/17/25 12:48 PM,8/17/25 12:55 PM,6 minutes and 12 seconds,KDS - Login Don't Delete
12060 Potranco Road,Gabriel Tovar ,220,25,,1,8/17/25 12:55 PM,8/17/25 12:56 PM,1 minute and 20 seconds,KDS - Login Don't Delete
12060 Potranco Road,Lisa Velasquez,211,27,,1,8/17/25 12:48 PM,8/17/25 12:56 PM,8 minutes and 15 seconds,KDS - Login Don't Delete
12060 Potranco Road,Adrian Morales,217,1,,1,8/17/25 12:46 PM,8/17/25 12:56 PM,9 minutes and 37 seconds,KDS - Login Don't Delete
12060 Potranco Road,Adrian Morales,213,11,,1,8/17/25 12:46 PM,8/17/25 12:56 PM,9 minutes and 35 seconds,KDS - Login Don't Delete
12060 Potranco Road,Adrian Morales,198,12,,1,8/17/25 12:49 PM,8/17/25 12:56 PM,6 minutes and 47 seconds,KDS - Login Don't Delete
12060 Potranco Road,Mia De los Santos,224,,Drive Thru,,8/17/25 12:52 PM,8/17/25 12:57 PM,5 minutes and 50 seconds,KDS - Login Don't Delete
12060 Potranco Road,Mia De los Santos,224,,Food,,8/17/25 12:52 PM,8/17/25 12:57 PM,5 minutes and 50 seconds,KDS - Login Don't Delete
12060 Potranco Road,Lisa Velasquez,200,3,Food,,8/17/25 12:39 PM,8/17/25 12:58 PM,18 minutes and 37 seconds,KDS - Login Don't Delete
12060 Potranco Road,Lisa Velasquez,200,3,No Print,,8/17/25 12:39 PM,8/17/25 12:58 PM,18 minutes and 37 seconds,KDS - Login Don't Delete
12060 Potranco Road,Sugey Cabrera,219,35,Food,,8/17/25 12:46 PM,8/17/25 12:58 PM,12 minutes and 41 seconds,KDS - Login Don't Delete
12060 Potranco Road,Sugey Cabrera,219,35,No Print,,8/17/25 12:46 PM,8/17/25 12:58 PM,12 minutes and 41 seconds,KDS - Login Don't Delete
12060 Potranco Road,Lisa Velasquez,227,7,Food,,8/17/25 12:50 PM,8/17/25 1:00 PM,9 minutes and 5 seconds,KDS - Login Don't Delete
12060 Potranco Road,Lisa Velasquez,227,7,No Print,,8/17/25 12:50 PM,8/17/25 1:00 PM,9 minutes and 5 seconds,KDS - Login Don't Delete
12060 Potranco Road,Mario Jimenez,223,,Food,,8/17/25 12:51 PM,8/17/25 1:03 PM,12 minutes and 38 seconds,KDS - Login Don't Delete
12060 Potranco Road,Mario Jimenez,223,,Drive Thru,,8/17/25 12:51 PM,8/17/25 1:03 PM,12 minutes and 38 seconds,KDS - Login Don't Delete
12060 Potranco Road,Mario Jimenez,228,,Food,,8/17/25 12:52 PM,8/17/25 1:03 PM,10 minutes and 56 seconds,KDS - Login Don't Delete
12060 Potranco Road,Mario Jimenez,228,,Drive Thru,,8/17/25 12:52 PM,8/17/25 1:03 PM,10 minutes and 56 seconds,KDS - Login Don't Delete
12060 Potranco Road,Mario Jimenez,228,,No Print,,8/17/25 12:52 PM,8/17/25 1:03 PM,10 minutes and 56 seconds,KDS - Login Don't Delete
12060 Potranco Road,Mario Jimenez,228,,Drinks,,8/17/25 12:52 PM,8/17/25 1:03 PM,10 minutes and 56 seconds,KDS - Login Don't Delete
12060 Potranco Road,Mario Jimenez,231,,Drive Thru,,8/17/25 12:58 PM,8/17/25 1:03 PM,5 minutes and 22 seconds,KDS - Login Don't Delete
12060 Potranco Road,Mario Jimenez,231,,Food,,8/17/25 12:58 PM,8/17/25 1:03 PM,5 minutes and 22 seconds,KDS - Login Don't Delete
12060 Potranco Road,Mia De los Santos,229,,Drive Thru,,8/17/25 12:53 PM,8/17/25 1:03 PM,10 minutes and 32 seconds,KDS - Login Don't Delete
12060 Potranco Road,Mia De los Santos,229,,Food,,8/17/25 12:53 PM,8/17/25 1:03 PM,10 minutes and 32 seconds,KDS - Login Don't Delete
12060 Potranco Road,Sugey Cabrera,219,35,,1,8/17/25 12:58 PM,8/17/25 1:04 PM,5 minutes and 20 seconds,KDS - Login Don't Delete
12060 Potranco Road,Leticia Roman,225,32,Food,,8/17/25 12:52 PM,8/17/25 1:05 PM,13 minutes and 7 seconds,KDS - Login Don't Delete
12060 Potranco Road,Leticia Roman,225,32,No Print,,8/17/25 12:52 PM,8/17/25 1:05 PM,13 minutes and 7 seconds,KDS - Login Don't Delete
12060 Potranco Road,Mario Jimenez,230,,Food,,8/17/25 1:00 PM,8/17/25 1:05 PM,5 minutes and 37 seconds,KDS - Login Don't Delete
12060 Potranco Road,Mario Jimenez,230,,Drive Thru,,8/17/25 1:00 PM,8/17/25 1:05 PM,5 minutes and 37 seconds,KDS - Login Don't Delete
12060 Potranco Road,Lisa Velasquez,232,16,Food,,8/17/25 12:58 PM,8/17/25 1:06 PM,8 minutes and 28 seconds,KDS - Login Don't Delete
12060 Potranco Road,Lisa Velasquez,232,16,No Print,,8/17/25 12:58 PM,8/17/25 1:06 PM,8 minutes and 28 seconds,KDS - Login Don't Delete
12060 Potranco Road,Gabriel Tovar ,220,25,Food,,8/17/25 12:56 PM,8/17/25 1:09 PM,13 minutes and 8 seconds,KDS - Login Don't Delete
12060 Potranco Road,Gabriel Tovar ,220,25,No Print,,8/17/25 12:56 PM,8/17/25 1:09 PM,13 minutes and 8 seconds,KDS - Login Don't Delete
12060 Potranco Road,Lisa Velasquez,211,27,Food,,8/17/25 1:07 PM,8/17/25 1:10 PM,2 minutes and 38 seconds,KDS - Login Don't Delete
12060 Potranco Road,Lisa Velasquez,211,27,Food,,8/17/25 1:07 PM,8/17/25 1:10 PM,2 minutes and 24 seconds,KDS - Login Don't Delete
12060 Potranco Road,Lisa Velasquez,211,27,No Print,,8/17/25 1:07 PM,8/17/25 1:10 PM,2 minutes and 24 seconds,KDS - Login Don't Delete
12060 Potranco Road,Lisa Velasquez,227,7,,1,8/17/25 1:00 PM,8/17/25 1:10 PM,10 minutes and 26 seconds,KDS - Login Don't Delete
12060 Potranco Road,Lisa Velasquez,200,3,,1,8/17/25 12:58 PM,8/17/25 1:10 PM,12 minutes and 8 seconds,KDS - Login Don't Delete
12060 Potranco Road,Mia De los Santos,224,,,1,8/17/25 12:57 PM,8/17/25 1:10 PM,12 minutes and 34 seconds,KDS - Login Don't Delete
12060 Potranco Road,Leticia Roman,225,32,,1,8/17/25 1:05 PM,8/17/25 1:10 PM,5 minutes and 12 seconds,KDS - Login Don't Delete
12060 Potranco Road,Mia De los Santos,229,,,1,8/17/25 1:03 PM,8/17/25 1:10 PM,6 minutes and 34 seconds,KDS - Login Don't Delete
12060 Potranco Road,Gabriel Tovar ,220,25,,1,8/17/25 1:09 PM,8/17/25 1:10 PM,1 minute and 18 seconds,KDS - Login Don't Delete
12060 Potranco Road,Lisa Velasquez,211,27,,1,8/17/25 1:10 PM,8/17/25 1:10 PM,29 seconds,KDS - Login Don't Delete
12060 Potranco Road,Mario Jimenez,231,,,1,8/17/25 1:03 PM,8/17/25 1:10 PM,6 minutes and 35 seconds,KDS - Login Don't Delete
12060 Potranco Road,Lisa Velasquez,232,16,,1,8/17/25 1:06 PM,8/17/25 1:10 PM,3 minutes and 56 seconds,KDS - Login Don't Delete
12060 Potranco Road,Lisa Velasquez,211,27,,1,8/17/25 1:10 PM,8/17/25 1:10 PM,33 seconds,KDS - Login Don't Delete
12060 Potranco Road,Adrian Morales,233,28,Food,,8/17/25 1:00 PM,8/17/25 1:16 PM,15 minutes and 52 seconds,KDS - Login Don't Delete
12060 Potranco Road,Adrian Morales,233,28,No Print,,8/17/25 1:00 PM,8/17/25 1:16 PM,15 minutes and 52 seconds,KDS - Login Don't Delete
12060 Potranco Road,Sugey Cabrera,236,15,Food,,8/17/25 1:06 PM,8/17/25 1:16 PM,10 minutes and 33 seconds,KDS - Login Don't Delete
12060 Potranco Road,Sugey Cabrera,236,15,No Print,,8/17/25 1:06 PM,8/17/25 1:16 PM,10 minutes and 33 seconds,KDS - Login Don't Delete
12060 Potranco Road,Leticia Roman,225,32,Drive Thru,,8/17/25 1:15 PM,8/17/25 1:17 PM,1 minute and 56 seconds,KDS - Login Don't Delete
12060 Potranco Road,Leticia Roman,225,32,Food,,8/17/25 1:15 PM,8/17/25 1:17 PM,1 minute and 56 seconds,KDS - Login Don't Delete
12060 Potranco Road,Mario Jimenez,239,,Food,,8/17/25 1:09 PM,8/17/25 1:17 PM,7 minutes and 41 seconds,KDS - Login Don't Delete
12060 Potranco Road,Mario Jimenez,239,,Drive Thru,,8/17/25 1:09 PM,8/17/25 1:17 PM,7 minutes and 41 seconds,KDS - Login Don't Delete
12060 Potranco Road,Mario Jimenez,234,,Food,,8/17/25 1:07 PM,8/17/25 1:17 PM,9 minutes and 29 seconds,KDS - Login Don't Delete
12060 Potranco Road,Sugey Cabrera,236,15,,1,8/17/25 1:16 PM,8/17/25 1:18 PM,2 minutes and 5 seconds,KDS - Login Don't Delete
12060 Potranco Road,Adrian Morales,233,28,,1,8/17/25 1:16 PM,8/17/25 1:18 PM,2 minutes and 42 seconds,KDS - Login Don't Delete
12060 Potranco Road,Leticia Roman,225,32,,1,8/17/25 1:17 PM,8/17/25 1:19 PM,1 minute and 56 seconds,KDS - Login Don't Delete
12060 Potranco Road,Adrian Morales,238,4,Food,,8/17/25 1:08 PM,8/17/25 1:19 PM,10 minutes and 11 seconds,KDS - Login Don't Delete
12060 Potranco Road,Adrian Morales,238,4,No Print,,8/17/25 1:08 PM,8/17/25 1:19 PM,10 minutes and 11 seconds,KDS - Login Don't Delete
12060 Potranco Road,Mario Jimenez,243,,Food,,8/17/25 1:13 PM,8/17/25 1:19 PM,6 minutes and 40 seconds,KDS - Login Don't Delete
12060 Potranco Road,Mario Jimenez,243,,Drive Thru,,8/17/25 1:13 PM,8/17/25 1:19 PM,6 minutes and 40 seconds,KDS - Login Don't Delete
12060 Potranco Road,Sugey Cabrera,240,26,Food,,8/17/25 1:10 PM,8/17/25 1:21 PM,10 minutes and 41 seconds,KDS - Login Don't Delete
12060 Potranco Road,Sugey Cabrera,240,26,No Print,,8/17/25 1:10 PM,8/17/25 1:21 PM,10 minutes and 41 seconds,KDS - Login Don't Delete
12060 Potranco Road,Sugey Cabrera,240,26,,1,8/17/25 1:21 PM,8/17/25 1:22 PM,1 minute and 9 seconds,KDS - Login Don't Delete
12060 Potranco Road,Gabriel Tovar ,220,25,Drive Thru,,8/17/25 1:17 PM,8/17/25 1:22 PM,5 minutes and 10 seconds,KDS - Login Don't Delete
12060 Potranco Road,Gabriel Tovar ,220,25,Food,,8/17/25 1:17 PM,8/17/25 1:22 PM,5 minutes and 10 seconds,KDS - Login Don't Delete
12060 Potranco Road,Mario Jimenez,241,,Food,,8/17/25 1:18 PM,8/17/25 1:23 PM,4 minutes and 59 seconds,KDS - Login Don't Delete
12060 Potranco Road,Mario Jimenez,241,,Drive Thru,,8/17/25 1:18 PM,8/17/25 1:23 PM,4 minutes and 59 seconds,KDS - Login Don't Delete
12060 Potranco Road,Sugey Cabrera,219,35,Food,,8/17/25 1:12 PM,8/17/25 1:23 PM,10 minutes and 34 seconds,KDS - Login Don't Delete
12060 Potranco Road,Sugey Cabrera,219,35,No Print,,8/17/25 1:12 PM,8/17/25 1:23 PM,10 minutes and 34 seconds,KDS - Login Don't Delete
12060 Potranco Road,Sugey Cabrera,219,35,Drive Thru,,8/17/25 1:12 PM,8/17/25 1:23 PM,10 minutes and 34 seconds,KDS - Login Don't Delete
12060 Potranco Road,Adrian Morales,238,4,,1,8/17/25 1:19 PM,8/17/25 1:24 PM,5 minutes and 3 seconds,KDS - Login Don't Delete
12060 Potranco Road,Sugey Cabrera,219,35,,1,8/17/25 1:23 PM,8/17/25 1:24 PM,44 seconds,KDS - Login Don't Delete
12060 Potranco Road,Gabriel Tovar ,220,25,,1,8/17/25 1:22 PM,8/17/25 1:24 PM,1 minute and 19 seconds,KDS - Login Don't Delete
12060 Potranco Road,Mia De los Santos,242,,,1,8/17/25 1:10 PM,8/17/25 1:24 PM,13 minutes and 44 seconds,KDS - Login Don't Delete
12060 Potranco Road,Sugey Cabrera,236,15,,1,8/17/25 1:24 PM,8/17/25 1:24 PM,12 seconds,KDS - Login Don't Delete
12060 Potranco Road,Lisa Velasquez,244,3,Food,,8/17/25 1:14 PM,8/17/25 1:25 PM,10 minutes and 2 seconds,KDS - Login Don't Delete
12060 Potranco Road,Lisa Velasquez,244,3,No Print,,8/17/25 1:14 PM,8/17/25 1:25 PM,10 minutes and 2 seconds,KDS - Login Don't Delete
12060 Potranco Road,Mario Jimenez,246,,Food,,8/17/25 1:22 PM,8/17/25 1:25 PM,2 minutes and 12 seconds,KDS - Login Don't Delete
12060 Potranco Road,Mario Jimenez,246,,Drive Thru,,8/17/25 1:22 PM,8/17/25 1:25 PM,2 minutes and 12 seconds,KDS - Login Don't Delete
12060 Potranco Road,Mario Jimenez,247,,Food,,8/17/25 1:23 PM,8/17/25 1:25 PM,1 minute and 39 seconds,KDS - Login Don't Delete
12060 Potranco Road,Mario Jimenez,247,,Drive Thru,,8/17/25 1:23 PM,8/17/25 1:25 PM,1 minute and 39 seconds,KDS - Login Don't Delete
12060 Potranco Road,Gabriel Tovar ,220,25,Food,,8/17/25 1:17 PM,8/17/25 1:25 PM,8 minutes and 25 seconds,KDS - Login Don't Delete
12060 Potranco Road,Gabriel Tovar ,220,25,No Print,,8/17/25 1:17 PM,8/17/25 1:25 PM,8 minutes and 25 seconds,KDS - Login Don't Delete
12060 Potranco Road,Lisa Velasquez,244,3,,1,8/17/25 1:25 PM,8/17/25 1:31 PM,6 minutes and 56 seconds,KDS - Login Don't Delete
12060 Potranco Road,Gabriel Tovar ,220,25,,1,8/17/25 1:25 PM,8/17/25 1:32 PM,6 minutes and 10 seconds,KDS - Login Don't Delete
12060 Potranco Road,Adrian Morales,217,1,Food,,8/17/25 1:27 PM,8/17/25 1:33 PM,6 minutes and 2 seconds,KDS - Login Don't Delete
12060 Potranco Road,Adrian Morales,217,1,No Print,,8/17/25 1:27 PM,8/17/25 1:33 PM,6 minutes and 2 seconds,KDS - Login Don't Delete
12060 Potranco Road,Gabriel Tovar ,237,5,Food,,8/17/25 1:20 PM,8/17/25 1:33 PM,13 minutes and 14 seconds,KDS - Login Don't Delete
12060 Potranco Road,Gabriel Tovar ,237,5,No Print,,8/17/25 1:20 PM,8/17/25 1:33 PM,13 minutes and 14 seconds,KDS - Login Don't Delete
12060 Potranco Road,Gabriel Tovar ,237,5,,1,8/17/25 1:33 PM,8/17/25 1:37 PM,4 minutes and 30 seconds,KDS - Login Don't Delete
12060 Potranco Road,Leticia Roman,245,20,Food,,8/17/25 1:17 PM,8/17/25 1:38 PM,21 minutes and 4 seconds,KDS - Login Don't Delete
12060 Potranco Road,Leticia Roman,245,20,No Print,,8/17/25 1:17 PM,8/17/25 1:38 PM,21 minutes and 4 seconds,KDS - Login Don't Delete
12060 Potranco Road,Leticia Roman,245,20,Drive Thru,,8/17/25 1:17 PM,8/17/25 1:38 PM,21 minutes and 4 seconds,KDS - Login Don't Delete
12060 Potranco Road,Adrian Morales,217,1,,1,8/17/25 1:33 PM,8/17/25 1:39 PM,6 minutes and 32 seconds,KDS - Login Don't Delete
12060 Potranco Road,Leticia Roman,245,20,,1,8/17/25 1:38 PM,8/17/25 1:39 PM,47 seconds,KDS - Login Don't Delete
12060 Potranco Road,Sugey Cabrera,256,12,,1,8/17/25 1:34 PM,8/17/25 1:45 PM,10 minutes and 59 seconds,KDS - Login Don't Delete
12060 Potranco Road,Adrian Morales,253,14,Food,,8/17/25 1:32 PM,8/17/25 1:45 PM,12 minutes and 47 seconds,KDS - Login Don't Delete
12060 Potranco Road,Adrian Morales,253,14,No Print,,8/17/25 1:32 PM,8/17/25 1:45 PM,12 minutes and 47 seconds,KDS - Login Don't Delete
12060 Potranco Road,Adrian Morales,253,14,Drive Thru,,8/17/25 1:32 PM,8/17/25 1:45 PM,12 minutes and 47 seconds,KDS - Login Don't Delete
12060 Potranco Road,Adrian Morales,253,14,Drinks,,8/17/25 1:32 PM,8/17/25 1:45 PM,12 minutes and 47 seconds,KDS - Login Don't Delete
12060 Potranco Road,Mario Jimenez,260,,Food,,8/17/25 1:40 PM,8/17/25 1:47 PM,7 minutes and 17 seconds,KDS - Login Don't Delete
12060 Potranco Road,Mario Jimenez,252,,Food,,8/17/25 1:37 PM,8/17/25 1:47 PM,9 minutes and 46 seconds,KDS - Login Don't Delete
12060 Potranco Road,Mario Jimenez,252,,Drive Thru,,8/17/25 1:37 PM,8/17/25 1:47 PM,9 minutes and 46 seconds,KDS - Login Don't Delete
12060 Potranco Road,Leticia Roman,216,2,Food,,8/17/25 1:22 PM,8/17/25 1:47 PM,24 minutes and 46 seconds,KDS - Login Don't Delete
12060 Potranco Road,Leticia Roman,216,2,No Print,,8/17/25 1:22 PM,8/17/25 1:47 PM,24 minutes and 46 seconds,KDS - Login Don't Delete
12060 Potranco Road,Leticia Roman,216,2,Drive Thru,,8/17/25 1:22 PM,8/17/25 1:47 PM,24 minutes and 46 seconds,KDS - Login Don't Delete
12060 Potranco Road,Leticia Roman,245,20,Food,,8/17/25 1:34 PM,8/17/25 1:47 PM,13 minutes and 36 seconds,KDS - Login Don't Delete
12060 Potranco Road,Leticia Roman,245,20,No Print,,8/17/25 1:34 PM,8/17/25 1:47 PM,13 minutes and 36 seconds,KDS - Login Don't Delete
12060 Potranco Road,Gabriel Tovar ,249,17,Food,,8/17/25 1:35 PM,8/17/25 1:50 PM,14 minutes and 16 seconds,KDS - Login Don't Delete
12060 Potranco Road,Gabriel Tovar ,249,17,No Print,,8/17/25 1:35 PM,8/17/25 1:50 PM,14 minutes and 16 seconds,KDS - Login Don't Delete
12060 Potranco Road,Lisa Velasquez,244,3,Food,,8/17/25 1:45 PM,8/17/25 1:51 PM,5 minutes and 26 seconds,KDS - Login Don't Delete
12060 Potranco Road,Lisa Velasquez,244,3,No Print,,8/17/25 1:45 PM,8/17/25 1:51 PM,5 minutes and 26 seconds,KDS - Login Don't Delete
12060 Potranco Road,Mario Jimenez,258,,Food,,8/17/25 1:43 PM,8/17/25 1:52 PM,8 minutes and 34 seconds,KDS - Login Don't Delete
12060 Potranco Road,Mario Jimenez,258,,Drive Thru,,8/17/25 1:43 PM,8/17/25 1:52 PM,8 minutes and 34 seconds,KDS - Login Don't Delete
12060 Potranco Road,Leticia Roman,216,2,Food,,8/17/25 1:22 PM,8/17/25 1:55 PM,33 minutes and 6 seconds,KDS - Login Don't Delete
12060 Potranco Road,Leticia Roman,216,2,No Print,,8/17/25 1:22 PM,8/17/25 1:55 PM,33 minutes and 6 seconds,KDS - Login Don't Delete
12060 Potranco Road,Mario Jimenez,263,,Food,,8/17/25 1:46 PM,8/17/25 1:56 PM,10 minutes and 13 seconds,KDS - Login Don't Delete
12060 Potranco Road,Mario Jimenez,263,,Drive Thru,,8/17/25 1:46 PM,8/17/25 1:56 PM,10 minutes and 13 seconds,KDS - Login Don't Delete
12060 Potranco Road,Leticia Roman,216,2,,1,8/17/25 1:55 PM,8/17/25 1:57 PM,1 minute and 41 seconds,KDS - Login Don't Delete
12060 Potranco Road,Lisa Velasquez,254,21,Food,,8/17/25 1:42 PM,8/17/25 1:57 PM,15 minutes and 10 seconds,KDS - Login Don't Delete
12060 Potranco Road,Lisa Velasquez,254,21,No Print,,8/17/25 1:42 PM,8/17/25 1:57 PM,15 minutes and 10 seconds,KDS - Login Don't Delete
12060 Potranco Road,Mario Jimenez,267,,Food,,8/17/25 1:52 PM,8/17/25 1:58 PM,6 minutes and 14 seconds,KDS - Login Don't Delete
12060 Potranco Road,Leticia Roman,245,20,,1,8/17/25 1:47 PM,8/17/25 1:58 PM,10 minutes and 43 seconds,KDS - Login Don't Delete
12060 Potranco Road,Mario Jimenez,267,,Drive Thru,,8/17/25 1:52 PM,8/17/25 1:58 PM,6 minutes and 14 seconds,KDS - Login Don't Delete
12060 Potranco Road,Adrian Morales,253,14,,1,8/17/25 1:45 PM,8/17/25 1:58 PM,13 minutes and 6 seconds,KDS - Login Don't Delete
12060 Potranco Road,Gabriel Tovar ,249,17,,1,8/17/25 1:50 PM,8/17/25 1:58 PM,8 minutes and 44 seconds,KDS - Login Don't Delete
12060 Potranco Road,Mia De los Santos,259,1,Food,,8/17/25 1:43 PM,8/17/25 1:59 PM,15 minutes and 53 seconds,KDS - Login Don't Delete
12060 Potranco Road,Mia De los Santos,259,1,No Print,,8/17/25 1:43 PM,8/17/25 1:59 PM,15 minutes and 53 seconds,KDS - Login Don't Delete
12060 Potranco Road,Mia De los Santos,259,1,Drive Thru,,8/17/25 1:43 PM,8/17/25 1:59 PM,15 minutes and 53 seconds,KDS - Login Don't Delete
12060 Potranco Road,Mia De los Santos,259,1,Drinks,,8/17/25 1:43 PM,8/17/25 1:59 PM,15 minutes and 53 seconds,KDS - Login Don't Delete
12060 Potranco Road,Mario Jimenez,268,,Food,,8/17/25 1:55 PM,8/17/25 2:01 PM,5 minutes and 51 seconds,KDS - Login Don't Delete
12060 Potranco Road,Mario Jimenez,268,,Drive Thru,,8/17/25 1:55 PM,8/17/25 2:01 PM,5 minutes and 51 seconds,KDS - Login Don't Delete
12060 Potranco Road,Lisa Velasquez,254,21,,1,8/17/25 1:57 PM,8/17/25 2:02 PM,5 minutes and 14 seconds,KDS - Login Don't Delete
12060 Potranco Road,Mia De los Santos,259,1,,1,8/17/25 1:59 PM,8/17/25 2:02 PM,3 minutes and 36 seconds,KDS - Login Don't Delete
12060 Potranco Road,Lisa Velasquez,244,3,,1,8/17/25 1:51 PM,8/17/25 2:03 PM,11 minutes and 50 seconds,KDS - Login Don't Delete
12060 Potranco Road,Sugey Cabrera,265,16,Food,,8/17/25 1:49 PM,8/17/25 2:04 PM,14 minutes and 49 seconds,KDS - Login Don't Delete
12060 Potranco Road,Sugey Cabrera,265,16,No Print,,8/17/25 1:49 PM,8/17/25 2:04 PM,14 minutes and 49 seconds,KDS - Login Don't Delete
12060 Potranco Road,Gabriel Tovar ,249,17,Food,,8/17/25 1:45 PM,8/17/25 2:06 PM,20 minutes and 9 seconds,KDS - Login Don't Delete
12060 Potranco Road,Gabriel Tovar ,249,17,No Print,,8/17/25 1:45 PM,8/17/25 2:06 PM,20 minutes and 9 seconds,KDS - Login Don't Delete
12060 Potranco Road,Sugey Cabrera,265,16,,1,8/17/25 2:04 PM,8/17/25 2:06 PM,2 minutes and 22 seconds,KDS - Login Don't Delete
12060 Potranco Road,Adrian Morales,266,31,Food,,8/17/25 1:51 PM,8/17/25 2:09 PM,17 minutes and 32 seconds,KDS - Login Don't Delete
12060 Potranco Road,Adrian Morales,266,31,No Print,,8/17/25 1:51 PM,8/17/25 2:09 PM,17 minutes and 32 seconds,KDS - Login Don't Delete
12060 Potranco Road,Sugey Cabrera,265,16,Food,,8/17/25 2:09 PM,8/17/25 2:12 PM,2 minutes and 24 seconds,KDS - Login Don't Delete
12060 Potranco Road,Gabriel Tovar ,249,17,Food,,8/17/25 2:10 PM,8/17/25 2:12 PM,1 minute and 42 seconds,KDS - Login Don't Delete
12060 Potranco Road,Gabriel Tovar ,249,17,No Print,,8/17/25 2:10 PM,8/17/25 2:12 PM,1 minute and 42 seconds,KDS - Login Don't Delete
12060 Potranco Road,Adrian Morales,253,14,Food,,8/17/25 1:55 PM,8/17/25 2:12 PM,16 minutes and 54 seconds,KDS - Login Don't Delete
12060 Potranco Road,Adrian Morales,253,14,No Print,,8/17/25 1:55 PM,8/17/25 2:12 PM,16 minutes and 54 seconds,KDS - Login Don't Delete
12060 Potranco Road,Mario Jimenez,269,,Food,,8/17/25 1:58 PM,8/17/25 2:12 PM,13 minutes and 36 seconds,KDS - Login Don't Delete
12060 Potranco Road,Mario Jimenez,269,,Drive Thru,,8/17/25 1:58 PM,8/17/25 2:12 PM,13 minutes and 36 seconds,KDS - Login Don't Delete
12060 Potranco Road,Mario Jimenez,269,,No Print,,8/17/25 1:58 PM,8/17/25 2:12 PM,13 minutes and 36 seconds,KDS - Login Don't Delete
12060 Potranco Road,Mario Jimenez,269,,Drinks,,8/17/25 1:58 PM,8/17/25 2:12 PM,13 minutes and 36 seconds,KDS - Login Don't Delete
12060 Potranco Road,Mario Jimenez,270,,Food,,8/17/25 2:09 PM,8/17/25 2:14 PM,4 minutes and 55 seconds,KDS - Login Don't Delete
12060 Potranco Road,Mario Jimenez,270,,Drive Thru,,8/17/25 2:09 PM,8/17/25 2:14 PM,4 minutes and 55 seconds,KDS - Login Don't Delete
12060 Potranco Road,Mario Jimenez,274,,Food,,8/17/25 2:15 PM,8/17/25 2:15 PM,17 seconds,KDS - Login Don't Delete
12060 Potranco Road,Gabriel Tovar ,249,17,,1,8/17/25 2:06 PM,8/17/25 2:16 PM,10 minutes and 4 seconds,KDS - Login Don't Delete
12060 Potranco Road,Adrian Morales,266,31,,1,8/17/25 2:09 PM,8/17/25 2:16 PM,6 minutes and 59 seconds,KDS - Login Don't Delete
12060 Potranco Road,Adrian Morales,253,14,,1,8/17/25 2:12 PM,8/17/25 2:16 PM,4 minutes and 12 seconds,KDS - Login Don't Delete
12060 Potranco Road,Sugey Cabrera,265,16,,1,8/17/25 2:12 PM,8/17/25 2:16 PM,4 minutes and 15 seconds,KDS - Login Don't Delete
12060 Potranco Road,Gabriel Tovar ,249,17,,1,8/17/25 2:12 PM,8/17/25 2:16 PM,4 minutes and 17 seconds,KDS - Login Don't Delete
12060 Potranco Road,Lisa Velasquez,254,21,Food,,8/17/25 2:08 PM,8/17/25 2:16 PM,8 minutes and 5 seconds,KDS - Login Don't Delete
12060 Potranco Road,Lisa Velasquez,254,21,No Print,,8/17/25 2:08 PM,8/17/25 2:16 PM,8 minutes and 5 seconds,KDS - Login Don't Delete
12060 Potranco Road,Mia De los Santos,259,1,Food,,8/17/25 2:13 PM,8/17/25 2:20 PM,7 minutes and 13 seconds,KDS - Login Don't Delete
12060 Potranco Road,Mia De los Santos,259,1,No Print,,8/17/25 2:13 PM,8/17/25 2:20 PM,7 minutes and 13 seconds,KDS - Login Don't Delete
12060 Potranco Road,Mia De los Santos,259,1,,1,8/17/25 2:20 PM,8/17/25 2:21 PM,25 seconds,KDS - Login Don't Delete
12060 Potranco Road,Lisa Velasquez,254,21,,1,8/17/25 2:16 PM,8/17/25 2:21 PM,4 minutes and 49 seconds,KDS - Login Don't Delete
12060 Potranco Road,Leticia Roman,271,8,Food,,8/17/25 2:13 PM,8/17/25 2:24 PM,10 minutes and 48 seconds,KDS - Login Don't Delete
12060 Potranco Road,Leticia Roman,271,8,No Print,,8/17/25 2:13 PM,8/17/25 2:24 PM,10 minutes and 48 seconds,KDS - Login Don't Delete
12060 Potranco Road,Sugey Cabrera,273,15,Food,,8/17/25 2:13 PM,8/17/25 2:27 PM,13 minutes and 37 seconds,KDS - Login Don't Delete
12060 Potranco Road,Sugey Cabrera,273,15,No Print,,8/17/25 2:13 PM,8/17/25 2:27 PM,13 minutes and 37 seconds,KDS - Login Don't Delete
12060 Potranco Road,Sugey Cabrera,273,15,,1,8/17/25 2:27 PM,8/17/25 2:27 PM,10 seconds,KDS - Login Don't Delete
12060 Potranco Road,Leticia Roman,271,8,,1,8/17/25 2:24 PM,8/17/25 2:27 PM,3 minutes and 20 seconds,KDS - Login Don't Delete
12060 Potranco Road,Lisa Velasquez,272,35,Food,,8/17/25 2:21 PM,8/17/25 2:38 PM,16 minutes and 18 seconds,KDS - Login Don't Delete
12060 Potranco Road,Lisa Velasquez,272,35,No Print,,8/17/25 2:21 PM,8/17/25 2:38 PM,16 minutes and 18 seconds,KDS - Login Don't Delete
12060 Potranco Road,Mario Jimenez,277,,Food,,8/17/25 2:48 PM,8/17/25 2:58 PM,9 minutes and 54 seconds,KDS - Login Don't Delete
12060 Potranco Road,Mario Jimenez,277,,Drive Thru,,8/17/25 2:48 PM,8/17/25 2:58 PM,9 minutes and 54 seconds,KDS - Login Don't Delete
12060 Potranco Road,Mario Jimenez,281,,Food,,8/17/25 2:52 PM,8/17/25 3:07 PM,15 minutes and 22 seconds,KDS - Login Don't Delete
12060 Potranco Road,Mario Jimenez,281,,Drive Thru,,8/17/25 2:52 PM,8/17/25 3:07 PM,15 minutes and 22 seconds,KDS - Login Don't Delete
12060 Potranco Road,Mario Jimenez,281,,No Print,,8/17/25 2:52 PM,8/17/25 3:07 PM,15 minutes and 22 seconds,KDS - Login Don't Delete
12060 Potranco Road,Mario Jimenez,281,,Drinks,,8/17/25 2:52 PM,8/17/25 3:07 PM,15 minutes and 22 seconds,KDS - Login Don't Delete
12060 Potranco Road,Lisa Velasquez,272,35,Food,,8/17/25 3:07 PM,8/17/25 3:20 PM,12 minutes and 53 seconds,KDS - Login Don't Delete
12060 Potranco Road,Lisa Velasquez,272,35,No Print,,8/17/25 3:07 PM,8/17/25 3:20 PM,12 minutes and 53 seconds,KDS - Login Don't Delete
12060 Potranco Road,Lisa Velasquez,272,35,,1,8/17/25 2:38 PM,8/17/25 4:11 PM,"1 hour, 33 minutes and 51 seconds",KDS - Login Don't Delete
12060 Potranco Road,Lisa Velasquez,272,35,,1,8/17/25 3:20 PM,8/17/25 4:11 PM,51 minutes and 59 seconds,KDS - Login Don't Delete
