Location,Order #,Opened Date,Server,Table,Discount Name,Discount Reason,Comment,Discount Amount
Sandra's Cuisine - Potranco - 12060 Potranco Road,189,9/22/25 4:36 PM,Mario Jimenez,,Open % Check,,,1.70
Sandra's Cuisine - Potranco - 12060 Potranco Road,181,9/22/25 3:34 PM,Lisa Velasquez,20,Reward Dollars,,,6.10
Sandra's Cuisine - Potranco - 12060 Potranco Road,167,9/22/25 1:46 PM,Melissa  Urena,,Open % Item,,,0.72
Sandra's Cuisine - Potranco - 12060 Potranco Road,146,9/22/25 12:28 PM,Melissa  Urena,,Open % Item,,,0.25
Sandra's Cuisine - Potranco - 12060 Potranco Road,146,9/22/25 12:28 PM,Melissa  Urena,,Open % Item,,,0.48
Sandra's Cuisine - Potranco - 12060 Potranco Road,96,9/22/25 10:42 AM,Leticia Roman,18,Open % Item,,,0.90
Sandra's Cuisine - Potranco - 12060 Potranco Road,77,9/22/25 10:03 AM,Melissa  Urena,,Open % Check,,,1.49
Sandra's Cuisine - Potranco - 12060 Potranco Road,36,9/22/25 8:43 AM,Sugey Cabrera,,Employee Discount - Check,Employee Discount,Empl,30.51
Sandra's Cuisine - Potranco - 12060 Potranco Road,29,9/22/25 8:28 AM,Melissa  Urena,,Open % Item,,,0.18
Sandra's Cuisine - Potranco - 12060 Potranco Road,29,9/22/25 8:28 AM,Melissa  Urena,,Open % Item,,,0.36
Sandra's Cuisine - Potranco - 12060 Potranco Road,29,9/22/25 8:28 AM,Melissa  Urena,,Open % Item,,,0.20
Sandra's Cuisine - Potranco - 12060 Potranco Road,19,9/22/25 7:47 AM,Leticia Roman,23,Open % Check,,,0.60
Sandra's Cuisine - Potranco - 12060 Potranco Road,16,9/22/25 7:34 AM,Sugey Cabrera,16,Open % Item,,,0.35
Sandra's Cuisine - Potranco - 12060 Potranco Road,16,9/22/25 7:34 AM,Sugey Cabrera,16,Open % Item,,,0.06
Sandra's Cuisine - Potranco - 12060 Potranco Road,16,9/22/25 7:34 AM,Sugey Cabrera,16,Open % Item,,,0.50
