Location,Server,Check #,Table,Station,Expediter Level,Fired Date,Fulfilled Date,Fulfillment Time,Fulfilled By
12060 Potranco Road,Melissa  Urena,1,,Food,,9/22/25 6:32 AM,9/22/25 6:42 AM,10 minutes and 18 seconds,KDS - Login Don't Delete
12060 Potranco Road,Melissa  Urena,3,,Food,,9/22/25 6:32 AM,9/22/25 6:42 AM,9 minutes and 29 seconds,KDS - Login Don't Delete
12060 Potranco Road,Melissa  Urena,3,,Drive Thru,,9/22/25 6:32 AM,9/22/25 6:42 AM,9 minutes and 29 seconds,KDS - Login Don't Delete
12060 Potranco Road,Sugey Cabrera,5,7,No Print,,9/22/25 6:45 AM,9/22/25 6:56 AM,11 minutes and 18 seconds,KDS - Login Don't Delete
12060 Potranco Road,Sugey Cabrera,5,7,Food,,9/22/25 6:45 AM,9/22/25 6:56 AM,11 minutes and 18 seconds,KDS - Login Don't Delete
12060 Potranco Road,Sugey Cabrera,5,7,Food,,9/22/25 6:54 AM,9/22/25 6:56 AM,2 minutes and 11 seconds,KDS - Login Don't Delete
12060 Potranco Road,Melissa  Urena,7,,Food,,9/22/25 7:03 AM,9/22/25 7:06 AM,3 minutes and 3 seconds,KDS - Login Don't Delete
12060 Potranco Road,Melissa  Urena,6,,Food,,9/22/25 6:57 AM,9/22/25 7:06 AM,8 minutes and 18 seconds,KDS - Login Don't Delete
12060 Potranco Road,Melissa  Urena,6,,Drive Thru,,9/22/25 6:57 AM,9/22/25 7:06 AM,8 minutes and 18 seconds,KDS - Login Don't Delete
12060 Potranco Road,Melissa  Urena,7,,Drive Thru,,9/22/25 7:03 AM,9/22/25 7:06 AM,3 minutes and 3 seconds,KDS - Login Don't Delete
12060 Potranco Road,Melissa  Urena,9,,Food,,9/22/25 7:08 AM,9/22/25 7:12 AM,3 minutes and 38 seconds,KDS - Login Don't Delete
12060 Potranco Road,Melissa  Urena,9,,Drive Thru,,9/22/25 7:08 AM,9/22/25 7:12 AM,3 minutes and 38 seconds,KDS - Login Don't Delete
12060 Potranco Road,Melissa  Urena,12,,Food,,9/22/25 7:18 AM,9/22/25 7:24 AM,6 minutes and 1 second,KDS - Login Don't Delete
12060 Potranco Road,Melissa  Urena,11,,Food,,9/22/25 7:13 AM,9/22/25 7:24 AM,10 minutes and 4 seconds,KDS - Login Don't Delete
12060 Potranco Road,Melissa  Urena,13,,Food,,9/22/25 7:24 AM,9/22/25 7:28 AM,4 minutes and 13 seconds,KDS - Login Don't Delete
12060 Potranco Road,Melissa  Urena,13,,Drive Thru,,9/22/25 7:24 AM,9/22/25 7:28 AM,4 minutes and 13 seconds,KDS - Login Don't Delete
12060 Potranco Road,Melissa  Urena,10,,Food,,9/22/25 7:26 AM,9/22/25 7:32 AM,5 minutes and 7 seconds,KDS - Login Don't Delete
12060 Potranco Road,Melissa  Urena,10,,Drive Thru,,9/22/25 7:26 AM,9/22/25 7:32 AM,5 minutes and 7 seconds,KDS - Login Don't Delete
12060 Potranco Road,Melissa  Urena,14,,Food,,9/22/25 7:30 AM,9/22/25 7:32 AM,1 minute and 24 seconds,KDS - Login Don't Delete
12060 Potranco Road,Melissa  Urena,14,,Drive Thru,,9/22/25 7:30 AM,9/22/25 7:32 AM,1 minute and 24 seconds,KDS - Login Don't Delete
12060 Potranco Road,Sugey Cabrera,5,7,,1,9/22/25 6:56 AM,9/22/25 7:38 AM,41 minutes and 26 seconds,KDS - Login Don't Delete
12060 Potranco Road,Sugey Cabrera,5,7,,1,9/22/25 6:56 AM,9/22/25 7:38 AM,41 minutes and 28 seconds,KDS - Login Don't Delete
12060 Potranco Road,Melissa  Urena,17,,Food,,9/22/25 7:37 AM,9/22/25 7:39 AM,1 minute and 49 seconds,KDS - Login Don't Delete
12060 Potranco Road,Sugey Cabrera,16,16,No Print,,9/22/25 7:36 AM,9/22/25 7:44 AM,8 minutes and 17 seconds,KDS - Login Don't Delete
12060 Potranco Road,Sugey Cabrera,16,16,Food,,9/22/25 7:36 AM,9/22/25 7:44 AM,8 minutes and 17 seconds,KDS - Login Don't Delete
12060 Potranco Road,Sugey Cabrera,16,16,Drive Thru,,9/22/25 7:36 AM,9/22/25 7:44 AM,8 minutes and 17 seconds,KDS - Login Don't Delete
12060 Potranco Road,Sugey Cabrera,16,16,Drinks,,9/22/25 7:36 AM,9/22/25 7:44 AM,8 minutes and 17 seconds,KDS - Login Don't Delete
12060 Potranco Road,Leticia Roman,19,23,No Print,,9/22/25 7:47 AM,9/22/25 7:53 AM,6 minutes and 4 seconds,KDS - Login Don't Delete
12060 Potranco Road,Leticia Roman,19,23,Food,,9/22/25 7:47 AM,9/22/25 7:53 AM,6 minutes and 4 seconds,KDS - Login Don't Delete
12060 Potranco Road,Melissa  Urena,20,,Food,,9/22/25 7:49 AM,9/22/25 7:56 AM,7 minutes and 27 seconds,KDS - Login Don't Delete
12060 Potranco Road,Melissa  Urena,20,,Drive Thru,,9/22/25 7:49 AM,9/22/25 7:56 AM,7 minutes and 27 seconds,KDS - Login Don't Delete
12060 Potranco Road,Melissa  Urena,15,,Food,,9/22/25 7:55 AM,9/22/25 7:59 AM,3 minutes and 56 seconds,KDS - Login Don't Delete
12060 Potranco Road,Melissa  Urena,15,,Drive Thru,,9/22/25 7:55 AM,9/22/25 7:59 AM,3 minutes and 56 seconds,KDS - Login Don't Delete
12060 Potranco Road,Melissa  Urena,18,,Food,,9/22/25 7:49 AM,9/22/25 7:59 AM,10 minutes and 42 seconds,KDS - Login Don't Delete
12060 Potranco Road,Melissa  Urena,18,,Drive Thru,,9/22/25 7:49 AM,9/22/25 7:59 AM,10 minutes and 42 seconds,KDS - Login Don't Delete
12060 Potranco Road,Melissa  Urena,21,,Food,,9/22/25 7:53 AM,9/22/25 7:59 AM,5 minutes and 57 seconds,KDS - Login Don't Delete
12060 Potranco Road,Melissa  Urena,21,,Drive Thru,,9/22/25 7:53 AM,9/22/25 7:59 AM,5 minutes and 57 seconds,KDS - Login Don't Delete
12060 Potranco Road,Melissa  Urena,22,,Food,,9/22/25 8:01 AM,9/22/25 8:02 AM,1 minute,KDS - Login Don't Delete
12060 Potranco Road,Melissa  Urena,22,,Drive Thru,,9/22/25 8:01 AM,9/22/25 8:02 AM,1 minute,KDS - Login Don't Delete
12060 Potranco Road,Melissa  Urena,23,,Food,,9/22/25 8:08 AM,9/22/25 8:13 AM,5 minutes and 30 seconds,KDS - Login Don't Delete
12060 Potranco Road,Melissa  Urena,23,,Drive Thru,,9/22/25 8:08 AM,9/22/25 8:13 AM,5 minutes and 30 seconds,KDS - Login Don't Delete
12060 Potranco Road,Melissa  Urena,24,,Food,,9/22/25 8:12 AM,9/22/25 8:15 AM,2 minutes and 59 seconds,KDS - Login Don't Delete
12060 Potranco Road,Melissa  Urena,24,,Drive Thru,,9/22/25 8:12 AM,9/22/25 8:15 AM,2 minutes and 59 seconds,KDS - Login Don't Delete
12060 Potranco Road,Sugey Cabrera,26,,Food,,9/22/25 8:21 AM,9/22/25 8:24 AM,2 minutes and 30 seconds,KDS - Login Don't Delete
12060 Potranco Road,Sugey Cabrera,26,,Drive Thru,,9/22/25 8:21 AM,9/22/25 8:24 AM,2 minutes and 30 seconds,KDS - Login Don't Delete
12060 Potranco Road,Sugey Cabrera,31,18,No Print,,9/22/25 8:35 AM,9/22/25 8:38 AM,3 minutes and 8 seconds,KDS - Login Don't Delete
12060 Potranco Road,Adrian Morales,30,2,No Print,,9/22/25 8:30 AM,9/22/25 8:38 AM,7 minutes and 34 seconds,KDS - Login Don't Delete
12060 Potranco Road,Adrian Morales,30,2,Food,,9/22/25 8:30 AM,9/22/25 8:38 AM,7 minutes and 34 seconds,KDS - Login Don't Delete
12060 Potranco Road,Sugey Cabrera,31,18,Food,,9/22/25 8:35 AM,9/22/25 8:38 AM,3 minutes and 8 seconds,KDS - Login Don't Delete
12060 Potranco Road,Melissa  Urena,28,,Food,,9/22/25 8:28 AM,9/22/25 8:39 AM,11 minutes and 12 seconds,KDS - Login Don't Delete
12060 Potranco Road,Melissa  Urena,28,,Drive Thru,,9/22/25 8:28 AM,9/22/25 8:39 AM,11 minutes and 12 seconds,KDS - Login Don't Delete
12060 Potranco Road,Melissa  Urena,29,,Food,,9/22/25 8:35 AM,9/22/25 8:39 AM,3 minutes and 50 seconds,KDS - Login Don't Delete
12060 Potranco Road,Melissa  Urena,29,,Drive Thru,,9/22/25 8:35 AM,9/22/25 8:39 AM,3 minutes and 50 seconds,KDS - Login Don't Delete
12060 Potranco Road,Melissa  Urena,29,,Food,,9/22/25 8:36 AM,9/22/25 8:39 AM,2 minutes and 46 seconds,KDS - Login Don't Delete
12060 Potranco Road,Melissa  Urena,25,,Food,,9/22/25 8:24 AM,9/22/25 8:39 AM,15 minutes and 4 seconds,KDS - Login Don't Delete
12060 Potranco Road,Melissa  Urena,25,,Drive Thru,,9/22/25 8:24 AM,9/22/25 8:39 AM,15 minutes and 4 seconds,KDS - Login Don't Delete
12060 Potranco Road,Sugey Cabrera,26,,,1,9/22/25 8:24 AM,9/22/25 8:44 AM,20 minutes and 31 seconds,KDS - Login Don't Delete
12060 Potranco Road,Adrian Morales,30,2,,1,9/22/25 8:38 AM,9/22/25 8:44 AM,6 minutes and 31 seconds,KDS - Login Don't Delete
12060 Potranco Road,Sugey Cabrera,35,15,,1,9/22/25 8:43 AM,9/22/25 8:44 AM,1 minute and 26 seconds,KDS - Login Don't Delete
12060 Potranco Road,Sugey Cabrera,31,18,,1,9/22/25 8:38 AM,9/22/25 8:44 AM,6 minutes and 27 seconds,KDS - Login Don't Delete
12060 Potranco Road,Leticia Roman,19,23,,1,9/22/25 7:53 AM,9/22/25 8:44 AM,50 minutes and 42 seconds,KDS - Login Don't Delete
12060 Potranco Road,Sugey Cabrera,16,16,,1,9/22/25 7:44 AM,9/22/25 8:44 AM,59 minutes and 39 seconds,KDS - Login Don't Delete
12060 Potranco Road,Sugey Cabrera,36,,No Print,,9/22/25 8:44 AM,9/22/25 8:51 AM,6 minutes and 57 seconds,KDS - Login Don't Delete
12060 Potranco Road,Sugey Cabrera,36,,Food,,9/22/25 8:44 AM,9/22/25 8:51 AM,6 minutes and 57 seconds,KDS - Login Don't Delete
12060 Potranco Road,Sugey Cabrera,36,,Drive Thru,,9/22/25 8:44 AM,9/22/25 8:51 AM,6 minutes and 57 seconds,KDS - Login Don't Delete
12060 Potranco Road,Adrian Morales,30,2,No Print,,9/22/25 8:53 AM,9/22/25 8:54 AM,1 minute and 6 seconds,KDS - Login Don't Delete
12060 Potranco Road,Adrian Morales,30,2,Food,,9/22/25 8:53 AM,9/22/25 8:54 AM,1 minute and 6 seconds,KDS - Login Don't Delete
12060 Potranco Road,Melissa  Urena,34,,Food,,9/22/25 8:41 AM,9/22/25 8:58 AM,16 minutes and 55 seconds,KDS - Login Don't Delete
12060 Potranco Road,Melissa  Urena,34,,Drive Thru,,9/22/25 8:41 AM,9/22/25 8:58 AM,16 minutes and 55 seconds,KDS - Login Don't Delete
12060 Potranco Road,Melissa  Urena,38,,Food,,9/22/25 8:51 AM,9/22/25 8:58 AM,6 minutes and 52 seconds,KDS - Login Don't Delete
12060 Potranco Road,Melissa  Urena,38,,Drive Thru,,9/22/25 8:51 AM,9/22/25 8:58 AM,6 minutes and 52 seconds,KDS - Login Don't Delete
12060 Potranco Road,Melissa  Urena,37,,Food,,9/22/25 8:45 AM,9/22/25 8:58 AM,13 minutes,KDS - Login Don't Delete
12060 Potranco Road,Melissa  Urena,37,,Drive Thru,,9/22/25 8:45 AM,9/22/25 8:58 AM,13 minutes,KDS - Login Don't Delete
12060 Potranco Road,Melissa  Urena,39,,Food,,9/22/25 8:53 AM,9/22/25 8:58 AM,4 minutes and 26 seconds,KDS - Login Don't Delete
12060 Potranco Road,Melissa  Urena,39,,Drive Thru,,9/22/25 8:53 AM,9/22/25 8:58 AM,4 minutes and 26 seconds,KDS - Login Don't Delete
12060 Potranco Road,Melissa  Urena,32,,Food,,9/22/25 8:37 AM,9/22/25 8:58 AM,20 minutes and 59 seconds,KDS - Login Don't Delete
12060 Potranco Road,Melissa  Urena,32,,Drive Thru,,9/22/25 8:37 AM,9/22/25 8:58 AM,20 minutes and 59 seconds,KDS - Login Don't Delete
12060 Potranco Road,Melissa  Urena,15,,Food,,9/22/25 8:48 AM,9/22/25 8:58 AM,10 minutes and 16 seconds,KDS - Login Don't Delete
12060 Potranco Road,Melissa  Urena,15,,Drive Thru,,9/22/25 8:48 AM,9/22/25 8:58 AM,10 minutes and 16 seconds,KDS - Login Don't Delete
12060 Potranco Road,Sugey Cabrera,36,,,1,9/22/25 8:51 AM,9/22/25 9:05 AM,13 minutes and 54 seconds,KDS - Login Don't Delete
12060 Potranco Road,Adrian Morales,30,2,,1,9/22/25 8:54 AM,9/22/25 9:05 AM,11 minutes and 11 seconds,KDS - Login Don't Delete
12060 Potranco Road,Melissa  Urena,43,,Food,,9/22/25 9:05 AM,9/22/25 9:10 AM,4 minutes and 57 seconds,KDS - Login Don't Delete
12060 Potranco Road,Melissa  Urena,40,,Food,,9/22/25 9:03 AM,9/22/25 9:10 AM,7 minutes and 14 seconds,KDS - Login Don't Delete
12060 Potranco Road,Melissa  Urena,40,,Drive Thru,,9/22/25 9:03 AM,9/22/25 9:10 AM,7 minutes and 14 seconds,KDS - Login Don't Delete
12060 Potranco Road,Melissa  Urena,43,,Drive Thru,,9/22/25 9:05 AM,9/22/25 9:10 AM,4 minutes and 57 seconds,KDS - Login Don't Delete
12060 Potranco Road,Leticia Roman,42,14,No Print,,9/22/25 9:05 AM,9/22/25 9:14 AM,8 minutes and 48 seconds,KDS - Login Don't Delete
12060 Potranco Road,Leticia Roman,42,14,Food,,9/22/25 9:05 AM,9/22/25 9:14 AM,8 minutes and 48 seconds,KDS - Login Don't Delete
12060 Potranco Road,Melissa  Urena,45,,Food,,9/22/25 9:12 AM,9/22/25 9:18 AM,5 minutes and 55 seconds,KDS - Login Don't Delete
12060 Potranco Road,Melissa  Urena,45,,Drive Thru,,9/22/25 9:12 AM,9/22/25 9:18 AM,5 minutes and 55 seconds,KDS - Login Don't Delete
12060 Potranco Road,Melissa  Urena,45,,Food,,9/22/25 9:08 AM,9/22/25 9:18 AM,10 minutes and 40 seconds,KDS - Login Don't Delete
12060 Potranco Road,Melissa  Urena,45,,Drive Thru,,9/22/25 9:08 AM,9/22/25 9:18 AM,10 minutes and 40 seconds,KDS - Login Don't Delete
12060 Potranco Road,Melissa  Urena,47,,Food,,9/22/25 9:15 AM,9/22/25 9:20 AM,5 minutes and 44 seconds,KDS - Login Don't Delete
12060 Potranco Road,Melissa  Urena,47,,Drive Thru,,9/22/25 9:15 AM,9/22/25 9:20 AM,5 minutes and 44 seconds,KDS - Login Don't Delete
12060 Potranco Road,Melissa  Urena,46,,Food,,9/22/25 9:12 AM,9/22/25 9:20 AM,8 minutes and 39 seconds,KDS - Login Don't Delete
12060 Potranco Road,Melissa  Urena,46,,Drive Thru,,9/22/25 9:12 AM,9/22/25 9:20 AM,8 minutes and 39 seconds,KDS - Login Don't Delete
12060 Potranco Road,Melissa  Urena,50,,Food,,9/22/25 9:18 AM,9/22/25 9:20 AM,2 minutes and 40 seconds,KDS - Login Don't Delete
12060 Potranco Road,Melissa  Urena,50,,Drive Thru,,9/22/25 9:18 AM,9/22/25 9:20 AM,2 minutes and 40 seconds,KDS - Login Don't Delete
12060 Potranco Road,Melissa  Urena,49,,Food,,9/22/25 9:17 AM,9/22/25 9:20 AM,3 minutes and 5 seconds,KDS - Login Don't Delete
12060 Potranco Road,Melissa  Urena,49,,Drive Thru,,9/22/25 9:17 AM,9/22/25 9:20 AM,3 minutes and 5 seconds,KDS - Login Don't Delete
12060 Potranco Road,Melissa  Urena,48,,Food,,9/22/25 9:16 AM,9/22/25 9:21 AM,4 minutes and 21 seconds,KDS - Login Don't Delete
12060 Potranco Road,Melissa  Urena,48,,Drive Thru,,9/22/25 9:16 AM,9/22/25 9:21 AM,4 minutes and 21 seconds,KDS - Login Don't Delete
12060 Potranco Road,Melissa  Urena,49,,Food,,9/22/25 9:17 AM,9/22/25 9:23 AM,5 minutes and 34 seconds,KDS - Login Don't Delete
12060 Potranco Road,Melissa  Urena,49,,Drive Thru,,9/22/25 9:17 AM,9/22/25 9:23 AM,5 minutes and 34 seconds,KDS - Login Don't Delete
12060 Potranco Road,Adrian Morales,44,37,No Print,,9/22/25 9:15 AM,9/22/25 9:24 AM,8 minutes and 39 seconds,KDS - Login Don't Delete
12060 Potranco Road,Adrian Morales,44,37,Food,,9/22/25 9:15 AM,9/22/25 9:24 AM,8 minutes and 39 seconds,KDS - Login Don't Delete
12060 Potranco Road,Adrian Morales,44,37,Drive Thru,,9/22/25 9:15 AM,9/22/25 9:24 AM,8 minutes and 39 seconds,KDS - Login Don't Delete
12060 Potranco Road,Sugey Cabrera,55,,,1,9/22/25 9:26 AM,9/22/25 9:30 AM,3 minutes and 51 seconds,KDS - Login Don't Delete
12060 Potranco Road,Adrian Morales,44,37,,1,9/22/25 9:24 AM,9/22/25 9:30 AM,6 minutes and 29 seconds,KDS - Login Don't Delete
12060 Potranco Road,Sugey Cabrera,53,,,1,9/22/25 9:26 AM,9/22/25 9:30 AM,4 minutes and 24 seconds,KDS - Login Don't Delete
12060 Potranco Road,Leticia Roman,42,14,,1,9/22/25 9:14 AM,9/22/25 9:30 AM,16 minutes and 31 seconds,KDS - Login Don't Delete
12060 Potranco Road,Melissa  Urena,51,,Food,,9/22/25 9:23 AM,9/22/25 9:31 AM,7 minutes and 45 seconds,KDS - Login Don't Delete
12060 Potranco Road,Melissa  Urena,51,,Food,,9/22/25 9:28 AM,9/22/25 9:31 AM,3 minutes and 7 seconds,KDS - Login Don't Delete
12060 Potranco Road,Melissa  Urena,51,,Drive Thru,,9/22/25 9:28 AM,9/22/25 9:31 AM,3 minutes and 7 seconds,KDS - Login Don't Delete
12060 Potranco Road,Melissa  Urena,52,,Food,,9/22/25 9:26 AM,9/22/25 9:34 AM,8 minutes and 9 seconds,KDS - Login Don't Delete
12060 Potranco Road,Melissa  Urena,52,,Drive Thru,,9/22/25 9:26 AM,9/22/25 9:34 AM,8 minutes and 9 seconds,KDS - Login Don't Delete
12060 Potranco Road,Melissa  Urena,60,,Food,,9/22/25 9:32 AM,9/22/25 9:34 AM,1 minute and 50 seconds,KDS - Login Don't Delete
12060 Potranco Road,Leticia Roman,54,23,No Print,,9/22/25 9:28 AM,9/22/25 9:37 AM,8 minutes and 39 seconds,KDS - Login Don't Delete
12060 Potranco Road,Leticia Roman,54,23,Food,,9/22/25 9:28 AM,9/22/25 9:37 AM,8 minutes and 39 seconds,KDS - Login Don't Delete
12060 Potranco Road,Sugey Cabrera,58,16,No Print,,9/22/25 9:33 AM,9/22/25 9:41 AM,7 minutes and 55 seconds,KDS - Login Don't Delete
12060 Potranco Road,Sugey Cabrera,58,16,Food,,9/22/25 9:33 AM,9/22/25 9:41 AM,7 minutes and 55 seconds,KDS - Login Don't Delete
12060 Potranco Road,Sugey Cabrera,58,16,No Print,,9/22/25 9:39 AM,9/22/25 9:43 AM,3 minutes and 11 seconds,KDS - Login Don't Delete
12060 Potranco Road,Sugey Cabrera,58,16,Food,,9/22/25 9:39 AM,9/22/25 9:43 AM,3 minutes and 11 seconds,KDS - Login Don't Delete
12060 Potranco Road,Adrian Morales,62,3,No Print,,9/22/25 9:34 AM,9/22/25 9:43 AM,8 minutes and 31 seconds,KDS - Login Don't Delete
12060 Potranco Road,Adrian Morales,62,3,Food,,9/22/25 9:34 AM,9/22/25 9:43 AM,8 minutes and 31 seconds,KDS - Login Don't Delete
12060 Potranco Road,Sugey Cabrera,64,,Food,,9/22/25 9:35 AM,9/22/25 9:44 AM,9 minutes and 3 seconds,KDS - Login Don't Delete
12060 Potranco Road,Sugey Cabrera,64,,Drive Thru,,9/22/25 9:35 AM,9/22/25 9:44 AM,9 minutes and 3 seconds,KDS - Login Don't Delete
12060 Potranco Road,Sugey Cabrera,63,,Food,,9/22/25 9:34 AM,9/22/25 9:44 AM,9 minutes and 51 seconds,KDS - Login Don't Delete
12060 Potranco Road,Sugey Cabrera,63,,Drive Thru,,9/22/25 9:34 AM,9/22/25 9:44 AM,9 minutes and 51 seconds,KDS - Login Don't Delete
12060 Potranco Road,Melissa  Urena,57,,Food,,9/22/25 9:29 AM,9/22/25 9:48 AM,18 minutes and 54 seconds,KDS - Login Don't Delete
12060 Potranco Road,Melissa  Urena,57,,Drive Thru,,9/22/25 9:29 AM,9/22/25 9:48 AM,18 minutes and 54 seconds,KDS - Login Don't Delete
12060 Potranco Road,Melissa  Urena,59,,Food,,9/22/25 9:32 AM,9/22/25 9:48 AM,16 minutes and 45 seconds,KDS - Login Don't Delete
12060 Potranco Road,Melissa  Urena,59,,Drive Thru,,9/22/25 9:32 AM,9/22/25 9:48 AM,16 minutes and 45 seconds,KDS - Login Don't Delete
12060 Potranco Road,Melissa  Urena,66,,Food,,9/22/25 9:36 AM,9/22/25 9:48 AM,12 minutes and 36 seconds,KDS - Login Don't Delete
12060 Potranco Road,Melissa  Urena,66,,Drive Thru,,9/22/25 9:36 AM,9/22/25 9:48 AM,12 minutes and 36 seconds,KDS - Login Don't Delete
12060 Potranco Road,Melissa  Urena,67,,Food,,9/22/25 9:42 AM,9/22/25 9:49 AM,7 minutes,KDS - Login Don't Delete
12060 Potranco Road,Melissa  Urena,67,,Drive Thru,,9/22/25 9:42 AM,9/22/25 9:49 AM,7 minutes,KDS - Login Don't Delete
12060 Potranco Road,Sugey Cabrera,64,,,1,9/22/25 9:44 AM,9/22/25 9:52 AM,8 minutes and 43 seconds,KDS - Login Don't Delete
12060 Potranco Road,Leticia Roman,54,23,,1,9/22/25 9:37 AM,9/22/25 9:52 AM,15 minutes and 32 seconds,KDS - Login Don't Delete
12060 Potranco Road,Sugey Cabrera,58,16,,1,9/22/25 9:43 AM,9/22/25 9:52 AM,9 minutes and 54 seconds,KDS - Login Don't Delete
12060 Potranco Road,Adrian Morales,62,3,,1,9/22/25 9:43 AM,9/22/25 9:52 AM,9 minutes and 51 seconds,KDS - Login Don't Delete
12060 Potranco Road,Sugey Cabrera,58,16,,1,9/22/25 9:41 AM,9/22/25 9:52 AM,11 minutes and 23 seconds,KDS - Login Don't Delete
12060 Potranco Road,Sugey Cabrera,63,,,1,9/22/25 9:44 AM,9/22/25 9:52 AM,8 minutes and 41 seconds,KDS - Login Don't Delete
12060 Potranco Road,Leticia Roman,54,23,No Print,,9/22/25 9:52 AM,9/22/25 9:53 AM,1 minute and 41 seconds,KDS - Login Don't Delete
12060 Potranco Road,Leticia Roman,54,23,Food,,9/22/25 9:52 AM,9/22/25 9:53 AM,1 minute and 41 seconds,KDS - Login Don't Delete
12060 Potranco Road,Leticia Roman,69,12,No Print,,9/22/25 9:50 AM,9/22/25 9:56 AM,5 minutes and 54 seconds,KDS - Login Don't Delete
12060 Potranco Road,Leticia Roman,69,12,Food,,9/22/25 9:50 AM,9/22/25 9:56 AM,5 minutes and 54 seconds,KDS - Login Don't Delete
12060 Potranco Road,Sugey Cabrera,71,4,No Print,,9/22/25 9:51 AM,9/22/25 9:56 AM,4 minutes and 28 seconds,KDS - Login Don't Delete
12060 Potranco Road,Sugey Cabrera,71,4,Food,,9/22/25 9:51 AM,9/22/25 9:56 AM,4 minutes and 28 seconds,KDS - Login Don't Delete
12060 Potranco Road,Adrian Morales,72,5,No Print,,9/22/25 9:54 AM,9/22/25 9:57 AM,2 minutes and 57 seconds,KDS - Login Don't Delete
12060 Potranco Road,Adrian Morales,72,5,Food,,9/22/25 9:54 AM,9/22/25 9:57 AM,2 minutes and 57 seconds,KDS - Login Don't Delete
12060 Potranco Road,Adrian Morales,72,5,Drive Thru,,9/22/25 9:54 AM,9/22/25 9:57 AM,2 minutes and 57 seconds,KDS - Login Don't Delete
12060 Potranco Road,Sugey Cabrera,71,4,,1,9/22/25 9:56 AM,9/22/25 9:58 AM,1 minute and 52 seconds,KDS - Login Don't Delete
12060 Potranco Road,Sugey Cabrera,73,14,No Print,,9/22/25 9:54 AM,9/22/25 10:00 AM,5 minutes and 19 seconds,KDS - Login Don't Delete
12060 Potranco Road,Sugey Cabrera,73,14,Food,,9/22/25 9:54 AM,9/22/25 10:00 AM,5 minutes and 19 seconds,KDS - Login Don't Delete
12060 Potranco Road,Adrian Morales,72,5,,1,9/22/25 9:57 AM,9/22/25 10:00 AM,3 minutes and 43 seconds,KDS - Login Don't Delete
12060 Potranco Road,Leticia Roman,69,12,,1,9/22/25 9:56 AM,9/22/25 10:00 AM,4 minutes and 40 seconds,KDS - Login Don't Delete
12060 Potranco Road,Sugey Cabrera,73,14,,1,9/22/25 10:00 AM,9/22/25 10:01 AM,1 minute and 48 seconds,KDS - Login Don't Delete
12060 Potranco Road,Leticia Roman,54,23,,1,9/22/25 9:53 AM,9/22/25 10:03 AM,9 minutes and 39 seconds,KDS - Login Don't Delete
12060 Potranco Road,Leticia Roman,75,25,No Print,,9/22/25 10:02 AM,9/22/25 10:05 AM,3 minutes and 11 seconds,KDS - Login Don't Delete
12060 Potranco Road,Leticia Roman,75,25,Food,,9/22/25 10:02 AM,9/22/25 10:05 AM,3 minutes and 11 seconds,KDS - Login Don't Delete
12060 Potranco Road,Melissa  Urena,77,,Food,,9/22/25 10:03 AM,9/22/25 10:10 AM,6 minutes and 48 seconds,KDS - Login Don't Delete
12060 Potranco Road,Melissa  Urena,77,,Drive Thru,,9/22/25 10:03 AM,9/22/25 10:10 AM,6 minutes and 48 seconds,KDS - Login Don't Delete
12060 Potranco Road,Melissa  Urena,70,,Food,,9/22/25 9:48 AM,9/22/25 10:10 AM,21 minutes and 42 seconds,KDS - Login Don't Delete
12060 Potranco Road,Melissa  Urena,70,,Drive Thru,,9/22/25 9:48 AM,9/22/25 10:10 AM,21 minutes and 42 seconds,KDS - Login Don't Delete
12060 Potranco Road,Melissa  Urena,74,,Food,,9/22/25 9:59 AM,9/22/25 10:10 AM,10 minutes and 54 seconds,KDS - Login Don't Delete
12060 Potranco Road,Melissa  Urena,74,,Drive Thru,,9/22/25 9:59 AM,9/22/25 10:10 AM,10 minutes and 54 seconds,KDS - Login Don't Delete
12060 Potranco Road,Melissa  Urena,76,,Food,,9/22/25 10:03 AM,9/22/25 10:10 AM,6 minutes and 57 seconds,KDS - Login Don't Delete
12060 Potranco Road,Melissa  Urena,76,,Drive Thru,,9/22/25 10:03 AM,9/22/25 10:10 AM,6 minutes and 57 seconds,KDS - Login Don't Delete
12060 Potranco Road,Sugey Cabrera,58,16,No Print,,9/22/25 10:10 AM,9/22/25 10:15 AM,4 minutes and 42 seconds,KDS - Login Don't Delete
12060 Potranco Road,Sugey Cabrera,58,16,Food,,9/22/25 10:10 AM,9/22/25 10:15 AM,4 minutes and 42 seconds,KDS - Login Don't Delete
12060 Potranco Road,Melissa  Urena,79,,Food,,9/22/25 10:13 AM,9/22/25 10:16 AM,3 minutes and 43 seconds,KDS - Login Don't Delete
12060 Potranco Road,Melissa  Urena,79,,Drive Thru,,9/22/25 10:13 AM,9/22/25 10:16 AM,3 minutes and 43 seconds,KDS - Login Don't Delete
12060 Potranco Road,Melissa  Urena,78,,Food,,9/22/25 10:07 AM,9/22/25 10:16 AM,9 minutes and 17 seconds,KDS - Login Don't Delete
12060 Potranco Road,Melissa  Urena,78,,Drive Thru,,9/22/25 10:07 AM,9/22/25 10:16 AM,9 minutes and 17 seconds,KDS - Login Don't Delete
12060 Potranco Road,Melissa  Urena,78,,Drinks,,9/22/25 10:07 AM,9/22/25 10:16 AM,9 minutes and 17 seconds,KDS - Login Don't Delete
12060 Potranco Road,Melissa  Urena,78,,No Print,,9/22/25 10:07 AM,9/22/25 10:16 AM,9 minutes and 17 seconds,KDS - Login Don't Delete
12060 Potranco Road,Melissa  Urena,83,,Food,,9/22/25 10:17 AM,9/22/25 10:17 AM,8 seconds,KDS - Login Don't Delete
12060 Potranco Road,Leticia Roman,75,25,,1,9/22/25 10:05 AM,9/22/25 10:21 AM,15 minutes and 53 seconds,KDS - Login Don't Delete
12060 Potranco Road,Sugey Cabrera,58,16,,1,9/22/25 10:15 AM,9/22/25 10:21 AM,6 minutes and 39 seconds,KDS - Login Don't Delete
12060 Potranco Road,Adrian Morales,81,35,No Print,,9/22/25 10:18 AM,9/22/25 10:23 AM,4 minutes and 32 seconds,KDS - Login Don't Delete
12060 Potranco Road,Adrian Morales,81,35,Food,,9/22/25 10:18 AM,9/22/25 10:23 AM,4 minutes and 32 seconds,KDS - Login Don't Delete
12060 Potranco Road,Adrian Morales,81,35,,1,9/22/25 10:23 AM,9/22/25 10:24 AM,1 minute and 34 seconds,KDS - Login Don't Delete
12060 Potranco Road,Leticia Roman,85,10,No Print,,9/22/25 10:22 AM,9/22/25 10:25 AM,2 minutes and 52 seconds,KDS - Login Don't Delete
12060 Potranco Road,Leticia Roman,85,10,Food,,9/22/25 10:22 AM,9/22/25 10:25 AM,2 minutes and 52 seconds,KDS - Login Don't Delete
12060 Potranco Road,Leticia Roman,85,10,No Print,,9/22/25 10:21 AM,9/22/25 10:25 AM,4 minutes and 3 seconds,KDS - Login Don't Delete
12060 Potranco Road,Leticia Roman,85,10,Food,,9/22/25 10:21 AM,9/22/25 10:25 AM,4 minutes and 3 seconds,KDS - Login Don't Delete
12060 Potranco Road,Sugey Cabrera,36,,No Print,,9/22/25 10:23 AM,9/22/25 10:25 AM,2 minutes and 24 seconds,KDS - Login Don't Delete
12060 Potranco Road,Sugey Cabrera,36,,Food,,9/22/25 10:23 AM,9/22/25 10:25 AM,2 minutes and 24 seconds,KDS - Login Don't Delete
12060 Potranco Road,Melissa  Urena,86,,Food,,9/22/25 10:22 AM,9/22/25 10:27 AM,4 minutes and 37 seconds,KDS - Login Don't Delete
12060 Potranco Road,Melissa  Urena,86,,Drive Thru,,9/22/25 10:22 AM,9/22/25 10:27 AM,4 minutes and 37 seconds,KDS - Login Don't Delete
12060 Potranco Road,Melissa  Urena,89,,Food,,9/22/25 10:29 AM,9/22/25 10:33 AM,4 minutes and 3 seconds,KDS - Login Don't Delete
12060 Potranco Road,Sugey Cabrera,91,15,No Print,,9/22/25 10:30 AM,9/22/25 10:34 AM,3 minutes and 38 seconds,KDS - Login Don't Delete
12060 Potranco Road,Sugey Cabrera,91,15,Food,,9/22/25 10:30 AM,9/22/25 10:34 AM,3 minutes and 38 seconds,KDS - Login Don't Delete
12060 Potranco Road,Sugey Cabrera,82,,Food,,9/22/25 10:17 AM,9/22/25 10:34 AM,16 minutes and 13 seconds,KDS - Login Don't Delete
12060 Potranco Road,Sugey Cabrera,82,,Drive Thru,,9/22/25 10:17 AM,9/22/25 10:34 AM,16 minutes and 13 seconds,KDS - Login Don't Delete
12060 Potranco Road,Melissa  Urena,90,,Food,,9/22/25 10:32 AM,9/22/25 10:34 AM,1 minute and 35 seconds,KDS - Login Don't Delete
12060 Potranco Road,Melissa  Urena,90,,Drive Thru,,9/22/25 10:32 AM,9/22/25 10:34 AM,1 minute and 35 seconds,KDS - Login Don't Delete
12060 Potranco Road,Sugey Cabrera,91,15,,1,9/22/25 10:34 AM,9/22/25 10:35 AM,57 seconds,KDS - Login Don't Delete
12060 Potranco Road,Sugey Cabrera,82,,,1,9/22/25 10:34 AM,9/22/25 10:35 AM,1 minute and 14 seconds,KDS - Login Don't Delete
12060 Potranco Road,Leticia Roman,85,10,,1,9/22/25 10:25 AM,9/22/25 10:35 AM,9 minutes and 49 seconds,KDS - Login Don't Delete
12060 Potranco Road,Leticia Roman,85,10,,1,9/22/25 10:25 AM,9/22/25 10:35 AM,9 minutes and 48 seconds,KDS - Login Don't Delete
12060 Potranco Road,Sugey Cabrera,36,,,1,9/22/25 10:25 AM,9/22/25 10:35 AM,9 minutes and 53 seconds,KDS - Login Don't Delete
12060 Potranco Road,Adrian Morales,87,5,,1,9/22/25 10:24 AM,9/22/25 10:36 AM,11 minutes and 35 seconds,KDS - Login Don't Delete
12060 Potranco Road,Adrian Morales,92,14,,1,9/22/25 10:30 AM,9/22/25 10:36 AM,6 minutes and 2 seconds,KDS - Login Don't Delete
12060 Potranco Road,Leticia Roman,88,1,No Print,,9/22/25 10:32 AM,9/22/25 10:44 AM,11 minutes and 47 seconds,KDS - Login Don't Delete
12060 Potranco Road,Leticia Roman,88,1,Food,,9/22/25 10:32 AM,9/22/25 10:44 AM,11 minutes and 47 seconds,KDS - Login Don't Delete
12060 Potranco Road,Leticia Roman,88,1,Drive Thru,,9/22/25 10:32 AM,9/22/25 10:44 AM,11 minutes and 47 seconds,KDS - Login Don't Delete
12060 Potranco Road,Leticia Roman,88,1,Drinks,,9/22/25 10:32 AM,9/22/25 10:44 AM,11 minutes and 47 seconds,KDS - Login Don't Delete
12060 Potranco Road,Sugey Cabrera,94,16,No Print,,9/22/25 10:41 AM,9/22/25 10:45 AM,3 minutes and 47 seconds,KDS - Login Don't Delete
12060 Potranco Road,Sugey Cabrera,94,16,Food,,9/22/25 10:41 AM,9/22/25 10:45 AM,3 minutes and 47 seconds,KDS - Login Don't Delete
12060 Potranco Road,Leticia Roman,88,1,,1,9/22/25 10:44 AM,9/22/25 10:46 AM,2 minutes and 40 seconds,KDS - Login Don't Delete
12060 Potranco Road,Sugey Cabrera,94,16,,1,9/22/25 10:45 AM,9/22/25 10:46 AM,1 minute and 34 seconds,KDS - Login Don't Delete
12060 Potranco Road,Leticia Roman,96,18,,1,9/22/25 10:43 AM,9/22/25 10:48 AM,5 minutes and 12 seconds,KDS - Login Don't Delete
12060 Potranco Road,Melissa  Urena,101,,Food,,9/22/25 10:48 AM,9/22/25 10:53 AM,5 minutes and 14 seconds,KDS - Login Don't Delete
12060 Potranco Road,Melissa  Urena,101,,Drive Thru,,9/22/25 10:48 AM,9/22/25 10:53 AM,5 minutes and 14 seconds,KDS - Login Don't Delete
12060 Potranco Road,Melissa  Urena,97,,Food,,9/22/25 10:46 AM,9/22/25 10:53 AM,6 minutes and 28 seconds,KDS - Login Don't Delete
12060 Potranco Road,Melissa  Urena,97,,Drive Thru,,9/22/25 10:46 AM,9/22/25 10:53 AM,6 minutes and 28 seconds,KDS - Login Don't Delete
12060 Potranco Road,Melissa  Urena,97,,Food,,9/22/25 10:43 AM,9/22/25 10:53 AM,9 minutes and 21 seconds,KDS - Login Don't Delete
12060 Potranco Road,Melissa  Urena,97,,Drive Thru,,9/22/25 10:43 AM,9/22/25 10:53 AM,9 minutes and 21 seconds,KDS - Login Don't Delete
12060 Potranco Road,Melissa  Urena,95,,Food,,9/22/25 10:43 AM,9/22/25 10:53 AM,10 minutes and 7 seconds,KDS - Login Don't Delete
12060 Potranco Road,Melissa  Urena,95,,Drive Thru,,9/22/25 10:43 AM,9/22/25 10:53 AM,10 minutes and 7 seconds,KDS - Login Don't Delete
12060 Potranco Road,Adrian Morales,81,35,Food,,9/22/25 10:55 AM,9/22/25 10:57 AM,2 minutes and 7 seconds,KDS - Login Don't Delete
12060 Potranco Road,Leticia Roman,102,21,No Print,,9/22/25 10:52 AM,9/22/25 11:01 AM,9 minutes and 9 seconds,KDS - Login Don't Delete
12060 Potranco Road,Leticia Roman,102,21,Food,,9/22/25 10:52 AM,9/22/25 11:01 AM,9 minutes and 9 seconds,KDS - Login Don't Delete
12060 Potranco Road,Leticia Roman,102,21,Drive Thru,,9/22/25 10:52 AM,9/22/25 11:01 AM,9 minutes and 9 seconds,KDS - Login Don't Delete
12060 Potranco Road,Sugey Cabrera,104,2,No Print,,9/22/25 10:52 AM,9/22/25 11:01 AM,9 minutes and 6 seconds,KDS - Login Don't Delete
12060 Potranco Road,Sugey Cabrera,104,2,Food,,9/22/25 10:52 AM,9/22/25 11:01 AM,9 minutes and 6 seconds,KDS - Login Don't Delete
12060 Potranco Road,Adrian Morales,81,35,,1,9/22/25 10:57 AM,9/22/25 11:03 AM,5 minutes and 58 seconds,KDS - Login Don't Delete
12060 Potranco Road,Adrian Morales,103,6,No Print,,9/22/25 10:52 AM,9/22/25 11:04 AM,11 minutes and 48 seconds,KDS - Login Don't Delete
12060 Potranco Road,Adrian Morales,103,6,Food,,9/22/25 10:52 AM,9/22/25 11:04 AM,11 minutes and 48 seconds,KDS - Login Don't Delete
12060 Potranco Road,Adrian Morales,103,6,Drive Thru,,9/22/25 10:52 AM,9/22/25 11:04 AM,11 minutes and 48 seconds,KDS - Login Don't Delete
12060 Potranco Road,Melissa  Urena,106,,Food,,9/22/25 10:53 AM,9/22/25 11:04 AM,10 minutes and 35 seconds,KDS - Login Don't Delete
12060 Potranco Road,Melissa  Urena,106,,Drive Thru,,9/22/25 10:53 AM,9/22/25 11:04 AM,10 minutes and 35 seconds,KDS - Login Don't Delete
12060 Potranco Road,Adrian Morales,103,6,,1,9/22/25 11:04 AM,9/22/25 11:08 AM,4 minutes and 23 seconds,KDS - Login Don't Delete
12060 Potranco Road,Sugey Cabrera,104,2,,1,9/22/25 11:01 AM,9/22/25 11:08 AM,6 minutes and 59 seconds,KDS - Login Don't Delete
12060 Potranco Road,Leticia Roman,102,21,,1,9/22/25 11:01 AM,9/22/25 11:08 AM,6 minutes and 59 seconds,KDS - Login Don't Delete
12060 Potranco Road,Melissa  Urena,107,,Food,,9/22/25 11:07 AM,9/22/25 11:12 AM,5 minutes and 29 seconds,KDS - Login Don't Delete
12060 Potranco Road,Melissa  Urena,107,,Drive Thru,,9/22/25 11:07 AM,9/22/25 11:12 AM,5 minutes and 29 seconds,KDS - Login Don't Delete
12060 Potranco Road,Leticia Roman,102,21,Food,,9/22/25 11:09 AM,9/22/25 11:15 AM,6 minutes and 8 seconds,KDS - Login Don't Delete
12060 Potranco Road,Adrian Morales,109,3,No Print,,9/22/25 11:15 AM,9/22/25 11:19 AM,3 minutes and 54 seconds,KDS - Login Don't Delete
12060 Potranco Road,Adrian Morales,109,3,Food,,9/22/25 11:15 AM,9/22/25 11:19 AM,3 minutes and 54 seconds,KDS - Login Don't Delete
12060 Potranco Road,Sugey Cabrera,110,14,No Print,,9/22/25 11:17 AM,9/22/25 11:19 AM,2 minutes and 5 seconds,KDS - Login Don't Delete
12060 Potranco Road,Sugey Cabrera,110,14,Food,,9/22/25 11:17 AM,9/22/25 11:19 AM,2 minutes and 5 seconds,KDS - Login Don't Delete
12060 Potranco Road,Melissa  Urena,111,,Food,,9/22/25 11:18 AM,9/22/25 11:21 AM,2 minutes and 40 seconds,KDS - Login Don't Delete
12060 Potranco Road,Melissa  Urena,111,,Drive Thru,,9/22/25 11:18 AM,9/22/25 11:21 AM,2 minutes and 40 seconds,KDS - Login Don't Delete
12060 Potranco Road,Leticia Roman,102,21,,1,9/22/25 11:15 AM,9/22/25 11:21 AM,6 minutes and 1 second,KDS - Login Don't Delete
12060 Potranco Road,Adrian Morales,109,3,,1,9/22/25 11:19 AM,9/22/25 11:21 AM,2 minutes and 12 seconds,KDS - Login Don't Delete
12060 Potranco Road,Sugey Cabrera,110,14,,1,9/22/25 11:19 AM,9/22/25 11:21 AM,2 minutes and 12 seconds,KDS - Login Don't Delete
12060 Potranco Road,Sugey Cabrera,110,14,No Print,,9/22/25 11:19 AM,9/22/25 11:21 AM,1 minute and 55 seconds,KDS - Login Don't Delete
12060 Potranco Road,Sugey Cabrera,110,14,Food,,9/22/25 11:19 AM,9/22/25 11:21 AM,1 minute and 55 seconds,KDS - Login Don't Delete
12060 Potranco Road,Sugey Cabrera,112,,Food,,9/22/25 11:20 AM,9/22/25 11:24 AM,3 minutes and 44 seconds,KDS - Login Don't Delete
12060 Potranco Road,Sugey Cabrera,112,,Drive Thru,,9/22/25 11:20 AM,9/22/25 11:24 AM,3 minutes and 44 seconds,KDS - Login Don't Delete
12060 Potranco Road,Sugey Cabrera,104,2,No Print,,9/22/25 11:25 AM,9/22/25 11:26 AM,1 minute and 53 seconds,KDS - Login Don't Delete
12060 Potranco Road,Sugey Cabrera,104,2,Food,,9/22/25 11:25 AM,9/22/25 11:26 AM,1 minute and 53 seconds,KDS - Login Don't Delete
12060 Potranco Road,Sugey Cabrera,104,2,,1,9/22/25 11:26 AM,9/22/25 11:29 AM,2 minutes and 4 seconds,KDS - Login Don't Delete
12060 Potranco Road,Sugey Cabrera,112,,,1,9/22/25 11:24 AM,9/22/25 11:29 AM,4 minutes and 29 seconds,KDS - Login Don't Delete
12060 Potranco Road,Sugey Cabrera,110,14,,1,9/22/25 11:21 AM,9/22/25 11:28 AM,7 minutes and 13 seconds,KDS - Login Don't Delete
12060 Potranco Road,Adrian Morales,114,34,No Print,,9/22/25 11:27 AM,9/22/25 11:30 AM,3 minutes and 15 seconds,KDS - Login Don't Delete
12060 Potranco Road,Adrian Morales,114,34,Food,,9/22/25 11:27 AM,9/22/25 11:30 AM,3 minutes and 15 seconds,KDS - Login Don't Delete
12060 Potranco Road,Leticia Roman,113,15,No Print,,9/22/25 11:26 AM,9/22/25 11:31 AM,5 minutes and 19 seconds,KDS - Login Don't Delete
12060 Potranco Road,Leticia Roman,113,15,Food,,9/22/25 11:26 AM,9/22/25 11:31 AM,5 minutes and 19 seconds,KDS - Login Don't Delete
12060 Potranco Road,Leticia Roman,113,15,Drive Thru,,9/22/25 11:26 AM,9/22/25 11:31 AM,5 minutes and 19 seconds,KDS - Login Don't Delete
12060 Potranco Road,Sugey Cabrera,110,14,Food,,9/22/25 11:33 AM,9/22/25 11:34 AM,4 seconds,KDS - Login Don't Delete
12060 Potranco Road,Melissa  Urena,118,,Food,,9/22/25 11:36 AM,9/22/25 11:37 AM,1 minute and 31 seconds,KDS - Login Don't Delete
12060 Potranco Road,Melissa  Urena,116,,Food,,9/22/25 11:29 AM,9/22/25 11:37 AM,8 minutes and 25 seconds,KDS - Login Don't Delete
12060 Potranco Road,Melissa  Urena,116,,Drive Thru,,9/22/25 11:29 AM,9/22/25 11:37 AM,8 minutes and 25 seconds,KDS - Login Don't Delete
12060 Potranco Road,Melissa  Urena,117,,Food,,9/22/25 11:31 AM,9/22/25 11:37 AM,5 minutes and 56 seconds,KDS - Login Don't Delete
12060 Potranco Road,Melissa  Urena,117,,Drive Thru,,9/22/25 11:31 AM,9/22/25 11:37 AM,5 minutes and 56 seconds,KDS - Login Don't Delete
12060 Potranco Road,Melissa  Urena,118,,Drive Thru,,9/22/25 11:36 AM,9/22/25 11:37 AM,1 minute and 31 seconds,KDS - Login Don't Delete
12060 Potranco Road,Leticia Roman,113,15,,1,9/22/25 11:31 AM,9/22/25 11:37 AM,6 minutes and 32 seconds,KDS - Login Don't Delete
12060 Potranco Road,Adrian Morales,114,34,,1,9/22/25 11:30 AM,9/22/25 11:38 AM,7 minutes and 33 seconds,KDS - Login Don't Delete
12060 Potranco Road,Sugey Cabrera,110,14,,1,9/22/25 11:34 AM,9/22/25 11:38 AM,3 minutes and 59 seconds,KDS - Login Don't Delete
12060 Potranco Road,Sugey Cabrera,115,,Food,,9/22/25 11:29 AM,9/22/25 11:38 AM,9 minutes and 36 seconds,KDS - Login Don't Delete
12060 Potranco Road,Sugey Cabrera,115,,Drive Thru,,9/22/25 11:29 AM,9/22/25 11:38 AM,9 minutes and 36 seconds,KDS - Login Don't Delete
12060 Potranco Road,Melissa  Urena,120,,Food,,9/22/25 11:39 AM,9/22/25 11:46 AM,6 minutes and 45 seconds,KDS - Login Don't Delete
12060 Potranco Road,Melissa  Urena,120,,Drive Thru,,9/22/25 11:39 AM,9/22/25 11:46 AM,6 minutes and 45 seconds,KDS - Login Don't Delete
12060 Potranco Road,Melissa  Urena,120,,Food,,9/22/25 11:40 AM,9/22/25 11:46 AM,5 minutes and 53 seconds,KDS - Login Don't Delete
12060 Potranco Road,Melissa  Urena,120,,Drive Thru,,9/22/25 11:40 AM,9/22/25 11:46 AM,5 minutes and 53 seconds,KDS - Login Don't Delete
12060 Potranco Road,Adrian Morales,114,34,No Print,,9/22/25 11:33 AM,9/22/25 11:47 AM,14 minutes and 6 seconds,KDS - Login Don't Delete
12060 Potranco Road,Adrian Morales,114,34,Food,,9/22/25 11:33 AM,9/22/25 11:47 AM,14 minutes and 6 seconds,KDS - Login Don't Delete
12060 Potranco Road,Sugey Cabrera,121,31,No Print,,9/22/25 11:38 AM,9/22/25 11:47 AM,9 minutes and 18 seconds,KDS - Login Don't Delete
12060 Potranco Road,Sugey Cabrera,121,31,Food,,9/22/25 11:38 AM,9/22/25 11:47 AM,9 minutes and 18 seconds,KDS - Login Don't Delete
12060 Potranco Road,Melissa  Urena,123,,Food,,9/22/25 11:41 AM,9/22/25 11:54 AM,13 minutes and 17 seconds,KDS - Login Don't Delete
12060 Potranco Road,Melissa  Urena,123,,Drive Thru,,9/22/25 11:41 AM,9/22/25 11:54 AM,13 minutes and 17 seconds,KDS - Login Don't Delete
12060 Potranco Road,Leticia Roman,124,35,No Print,,9/22/25 11:50 AM,9/22/25 11:59 AM,9 minutes and 23 seconds,KDS - Login Don't Delete
12060 Potranco Road,Leticia Roman,124,35,Food,,9/22/25 11:50 AM,9/22/25 11:59 AM,9 minutes and 23 seconds,KDS - Login Don't Delete
12060 Potranco Road,Leticia Roman,124,35,Drive Thru,,9/22/25 11:50 AM,9/22/25 11:59 AM,9 minutes and 23 seconds,KDS - Login Don't Delete
12060 Potranco Road,Adrian Morales,125,28,No Print,,9/22/25 11:50 AM,9/22/25 11:59 AM,9 minutes and 9 seconds,KDS - Login Don't Delete
12060 Potranco Road,Adrian Morales,125,28,Food,,9/22/25 11:50 AM,9/22/25 11:59 AM,9 minutes and 9 seconds,KDS - Login Don't Delete
12060 Potranco Road,Melissa  Urena,129,,Food,,9/22/25 11:56 AM,9/22/25 12:02 PM,5 minutes and 44 seconds,KDS - Login Don't Delete
12060 Potranco Road,Melissa  Urena,129,,Drive Thru,,9/22/25 11:56 AM,9/22/25 12:02 PM,5 minutes and 44 seconds,KDS - Login Don't Delete
12060 Potranco Road,Sugey Cabrera,121,31,,1,9/22/25 11:47 AM,9/22/25 12:04 PM,16 minutes and 29 seconds,KDS - Login Don't Delete
12060 Potranco Road,Sugey Cabrera,115,,,1,9/22/25 11:38 AM,9/22/25 12:04 PM,25 minutes and 33 seconds,KDS - Login Don't Delete
12060 Potranco Road,Adrian Morales,114,34,,1,9/22/25 11:47 AM,9/22/25 12:04 PM,16 minutes and 30 seconds,KDS - Login Don't Delete
12060 Potranco Road,Adrian Morales,125,28,,1,9/22/25 11:59 AM,9/22/25 12:04 PM,4 minutes and 33 seconds,KDS - Login Don't Delete
12060 Potranco Road,Leticia Roman,124,35,,1,9/22/25 11:59 AM,9/22/25 12:04 PM,4 minutes and 40 seconds,KDS - Login Don't Delete
12060 Potranco Road,Sugey Cabrera,126,,,1,9/22/25 11:54 AM,9/22/25 12:04 PM,10 minutes and 10 seconds,KDS - Login Don't Delete
12060 Potranco Road,Adrian Morales,132,21,No Print,,9/22/25 12:02 PM,9/22/25 12:09 PM,6 minutes and 39 seconds,KDS - Login Don't Delete
12060 Potranco Road,Adrian Morales,132,21,Food,,9/22/25 12:02 PM,9/22/25 12:09 PM,6 minutes and 39 seconds,KDS - Login Don't Delete
12060 Potranco Road,Sugey Cabrera,131,7,No Print,,9/22/25 12:02 PM,9/22/25 12:09 PM,7 minutes and 20 seconds,KDS - Login Don't Delete
12060 Potranco Road,Sugey Cabrera,131,7,Food,,9/22/25 12:02 PM,9/22/25 12:09 PM,7 minutes and 20 seconds,KDS - Login Don't Delete
12060 Potranco Road,Leticia Roman,128,2,No Print,,9/22/25 12:01 PM,9/22/25 12:10 PM,9 minutes and 20 seconds,KDS - Login Don't Delete
12060 Potranco Road,Leticia Roman,128,2,Food,,9/22/25 12:01 PM,9/22/25 12:10 PM,9 minutes and 20 seconds,KDS - Login Don't Delete
12060 Potranco Road,Adrian Morales,134,16,No Print,,9/22/25 12:07 PM,9/22/25 12:11 PM,4 minutes and 49 seconds,KDS - Login Don't Delete
12060 Potranco Road,Adrian Morales,134,16,Food,,9/22/25 12:07 PM,9/22/25 12:11 PM,4 minutes and 49 seconds,KDS - Login Don't Delete
12060 Potranco Road,Sugey Cabrera,131,7,,1,9/22/25 12:09 PM,9/22/25 12:14 PM,4 minutes and 30 seconds,KDS - Login Don't Delete
12060 Potranco Road,Leticia Roman,128,2,Food,,9/22/25 12:13 PM,9/22/25 12:14 PM,52 seconds,KDS - Login Don't Delete
12060 Potranco Road,Leticia Roman,128,2,Drive Thru,,9/22/25 12:13 PM,9/22/25 12:14 PM,52 seconds,KDS - Login Don't Delete
12060 Potranco Road,Adrian Morales,132,21,,1,9/22/25 12:09 PM,9/22/25 12:14 PM,5 minutes and 17 seconds,KDS - Login Don't Delete
12060 Potranco Road,Leticia Roman,128,2,,1,9/22/25 12:10 PM,9/22/25 12:14 PM,4 minutes and 10 seconds,KDS - Login Don't Delete
12060 Potranco Road,Adrian Morales,134,16,,1,9/22/25 12:11 PM,9/22/25 12:14 PM,2 minutes and 55 seconds,KDS - Login Don't Delete
12060 Potranco Road,Leticia Roman,128,2,,1,9/22/25 12:14 PM,9/22/25 12:14 PM,24 seconds,KDS - Login Don't Delete
12060 Potranco Road,Melissa  Urena,135,,Food,,9/22/25 12:07 PM,9/22/25 12:15 PM,7 minutes and 35 seconds,KDS - Login Don't Delete
12060 Potranco Road,Melissa  Urena,135,,Drive Thru,,9/22/25 12:07 PM,9/22/25 12:15 PM,7 minutes and 35 seconds,KDS - Login Don't Delete
12060 Potranco Road,Adrian Morales,134,16,No Print,,9/22/25 12:06 PM,9/22/25 12:15 PM,9 minutes,KDS - Login Don't Delete
12060 Potranco Road,Adrian Morales,134,16,Food,,9/22/25 12:06 PM,9/22/25 12:15 PM,9 minutes,KDS - Login Don't Delete
12060 Potranco Road,Leticia Roman,133,,No Print,,9/22/25 12:06 PM,9/22/25 12:15 PM,9 minutes and 29 seconds,KDS - Login Don't Delete
12060 Potranco Road,Leticia Roman,133,,Food,,9/22/25 12:06 PM,9/22/25 12:15 PM,9 minutes and 29 seconds,KDS - Login Don't Delete
12060 Potranco Road,Melissa  Urena,136,,Food,,9/22/25 12:12 PM,9/22/25 12:17 PM,4 minutes and 30 seconds,KDS - Login Don't Delete
12060 Potranco Road,Melissa  Urena,136,,Drive Thru,,9/22/25 12:12 PM,9/22/25 12:17 PM,4 minutes and 30 seconds,KDS - Login Don't Delete
12060 Potranco Road,Leticia Roman,133,,,1,9/22/25 12:15 PM,9/22/25 12:19 PM,3 minutes and 19 seconds,KDS - Login Don't Delete
12060 Potranco Road,Melissa  Urena,137,,Food,,9/22/25 12:12 PM,9/22/25 12:20 PM,7 minutes and 33 seconds,KDS - Login Don't Delete
12060 Potranco Road,Melissa  Urena,138,,Food,,9/22/25 12:13 PM,9/22/25 12:20 PM,7 minutes and 27 seconds,KDS - Login Don't Delete
12060 Potranco Road,Melissa  Urena,138,,Drive Thru,,9/22/25 12:13 PM,9/22/25 12:20 PM,7 minutes and 27 seconds,KDS - Login Don't Delete
12060 Potranco Road,Adrian Morales,134,16,,1,9/22/25 12:15 PM,9/22/25 12:21 PM,5 minutes and 36 seconds,KDS - Login Don't Delete
12060 Potranco Road,Leticia Roman,141,1,No Print,,9/22/25 12:17 PM,9/22/25 12:22 PM,4 minutes and 20 seconds,KDS - Login Don't Delete
12060 Potranco Road,Leticia Roman,141,1,Food,,9/22/25 12:17 PM,9/22/25 12:22 PM,4 minutes and 20 seconds,KDS - Login Don't Delete
12060 Potranco Road,Leticia Roman,141,1,Drive Thru,,9/22/25 12:17 PM,9/22/25 12:22 PM,4 minutes and 20 seconds,KDS - Login Don't Delete
12060 Potranco Road,Leticia Roman,141,1,,1,9/22/25 12:22 PM,9/22/25 12:23 PM,1 minute and 15 seconds,KDS - Login Don't Delete
12060 Potranco Road,Sugey Cabrera,142,3,No Print,,9/22/25 12:19 PM,9/22/25 12:29 PM,9 minutes and 52 seconds,KDS - Login Don't Delete
12060 Potranco Road,Sugey Cabrera,142,3,Food,,9/22/25 12:19 PM,9/22/25 12:29 PM,9 minutes and 52 seconds,KDS - Login Don't Delete
12060 Potranco Road,Sugey Cabrera,142,3,Drive Thru,,9/22/25 12:19 PM,9/22/25 12:29 PM,9 minutes and 52 seconds,KDS - Login Don't Delete
12060 Potranco Road,Melissa  Urena,138,,Food,,9/22/25 12:21 PM,9/22/25 12:29 PM,8 minutes and 41 seconds,KDS - Login Don't Delete
12060 Potranco Road,Melissa  Urena,143,,Food,,9/22/25 12:18 PM,9/22/25 12:29 PM,10 minutes and 54 seconds,KDS - Login Don't Delete
12060 Potranco Road,Melissa  Urena,139,,Food,,9/22/25 12:14 PM,9/22/25 12:29 PM,15 minutes and 41 seconds,KDS - Login Don't Delete
12060 Potranco Road,Melissa  Urena,139,,Drive Thru,,9/22/25 12:14 PM,9/22/25 12:29 PM,15 minutes and 41 seconds,KDS - Login Don't Delete
12060 Potranco Road,Melissa  Urena,143,,Drive Thru,,9/22/25 12:18 PM,9/22/25 12:29 PM,10 minutes and 54 seconds,KDS - Login Don't Delete
12060 Potranco Road,Melissa  Urena,146,,Food,,9/22/25 12:30 PM,9/22/25 12:35 PM,4 minutes and 45 seconds,KDS - Login Don't Delete
12060 Potranco Road,Melissa  Urena,146,,Drive Thru,,9/22/25 12:30 PM,9/22/25 12:35 PM,4 minutes and 45 seconds,KDS - Login Don't Delete
12060 Potranco Road,Sugey Cabrera,151,15,No Print,,9/22/25 12:33 PM,9/22/25 12:42 PM,9 minutes,KDS - Login Don't Delete
12060 Potranco Road,Sugey Cabrera,151,15,Food,,9/22/25 12:33 PM,9/22/25 12:42 PM,9 minutes,KDS - Login Don't Delete
12060 Potranco Road,Sugey Cabrera,151,15,Drive Thru,,9/22/25 12:33 PM,9/22/25 12:42 PM,9 minutes,KDS - Login Don't Delete
12060 Potranco Road,Melissa  Urena,145,,Food,,9/22/25 12:25 PM,9/22/25 12:44 PM,18 minutes and 50 seconds,KDS - Login Don't Delete
12060 Potranco Road,Melissa  Urena,145,,Drive Thru,,9/22/25 12:25 PM,9/22/25 12:44 PM,18 minutes and 50 seconds,KDS - Login Don't Delete
12060 Potranco Road,Melissa  Urena,145,,Food,,9/22/25 12:28 PM,9/22/25 12:44 PM,16 minutes and 32 seconds,KDS - Login Don't Delete
12060 Potranco Road,Melissa  Urena,145,,Drive Thru,,9/22/25 12:28 PM,9/22/25 12:44 PM,16 minutes and 32 seconds,KDS - Login Don't Delete
12060 Potranco Road,Adrian Morales,154,12,No Print,,9/22/25 12:44 PM,9/22/25 12:50 PM,5 minutes and 33 seconds,KDS - Login Don't Delete
12060 Potranco Road,Adrian Morales,154,12,Food,,9/22/25 12:44 PM,9/22/25 12:50 PM,5 minutes and 33 seconds,KDS - Login Don't Delete
12060 Potranco Road,Sugey Cabrera,131,7,No Print,,9/22/25 12:50 PM,9/22/25 12:54 PM,3 minutes and 51 seconds,KDS - Login Don't Delete
12060 Potranco Road,Sugey Cabrera,131,7,Food,,9/22/25 12:50 PM,9/22/25 12:54 PM,3 minutes and 51 seconds,KDS - Login Don't Delete
12060 Potranco Road,Sugey Cabrera,142,3,,1,9/22/25 12:29 PM,9/22/25 12:54 PM,24 minutes and 39 seconds,KDS - Login Don't Delete
12060 Potranco Road,Sugey Cabrera,151,15,,1,9/22/25 12:42 PM,9/22/25 12:54 PM,11 minutes and 36 seconds,KDS - Login Don't Delete
12060 Potranco Road,Adrian Morales,154,12,,1,9/22/25 12:50 PM,9/22/25 12:54 PM,4 minutes and 13 seconds,KDS - Login Don't Delete
12060 Potranco Road,Sugey Cabrera,131,7,,1,9/22/25 12:54 PM,9/22/25 12:54 PM,24 seconds,KDS - Login Don't Delete
12060 Potranco Road,Leticia Roman,155,18,No Print,,9/22/25 12:49 PM,9/22/25 12:55 PM,5 minutes and 36 seconds,KDS - Login Don't Delete
12060 Potranco Road,Leticia Roman,155,18,Food,,9/22/25 12:49 PM,9/22/25 12:55 PM,5 minutes and 36 seconds,KDS - Login Don't Delete
12060 Potranco Road,Leticia Roman,155,18,Drive Thru,,9/22/25 12:49 PM,9/22/25 12:55 PM,5 minutes and 36 seconds,KDS - Login Don't Delete
12060 Potranco Road,Leticia Roman,155,18,,1,9/22/25 12:55 PM,9/22/25 12:56 PM,1 minute and 22 seconds,KDS - Login Don't Delete
12060 Potranco Road,Adrian Morales,156,34,No Print,,9/22/25 12:50 PM,9/22/25 1:02 PM,11 minutes and 33 seconds,KDS - Login Don't Delete
12060 Potranco Road,Adrian Morales,156,34,Food,,9/22/25 12:50 PM,9/22/25 1:02 PM,11 minutes and 33 seconds,KDS - Login Don't Delete
12060 Potranco Road,Adrian Morales,156,34,,1,9/22/25 1:02 PM,9/22/25 1:03 PM,1 minute and 28 seconds,KDS - Login Don't Delete
12060 Potranco Road,Leticia Roman,141,1,,1,9/22/25 12:49 PM,9/22/25 1:03 PM,14 minutes and 24 seconds,KDS - Login Don't Delete
12060 Potranco Road,Sugey Cabrera,157,14,No Print,,9/22/25 12:59 PM,9/22/25 1:07 PM,8 minutes and 15 seconds,KDS - Login Don't Delete
12060 Potranco Road,Sugey Cabrera,157,14,Food,,9/22/25 12:59 PM,9/22/25 1:07 PM,8 minutes and 15 seconds,KDS - Login Don't Delete
12060 Potranco Road,Sugey Cabrera,157,14,Drive Thru,,9/22/25 12:59 PM,9/22/25 1:07 PM,8 minutes and 15 seconds,KDS - Login Don't Delete
12060 Potranco Road,Leticia Roman,159,2,No Print,,9/22/25 1:01 PM,9/22/25 1:07 PM,5 minutes and 35 seconds,KDS - Login Don't Delete
12060 Potranco Road,Leticia Roman,159,2,Food,,9/22/25 1:01 PM,9/22/25 1:07 PM,5 minutes and 35 seconds,KDS - Login Don't Delete
12060 Potranco Road,Sugey Cabrera,157,14,,1,9/22/25 1:07 PM,9/22/25 1:13 PM,6 minutes and 24 seconds,KDS - Login Don't Delete
12060 Potranco Road,Leticia Roman,159,2,,1,9/22/25 1:07 PM,9/22/25 1:14 PM,6 minutes and 25 seconds,KDS - Login Don't Delete
12060 Potranco Road,Melissa  Urena,99,,Drinks,,9/22/25 12:59 PM,9/22/25 1:16 PM,16 minutes and 25 seconds,KDS - Login Don't Delete
12060 Potranco Road,Melissa  Urena,99,,Food,,9/22/25 12:59 PM,9/22/25 1:16 PM,16 minutes and 25 seconds,KDS - Login Don't Delete
12060 Potranco Road,Melissa  Urena,99,,Drive Thru,,9/22/25 12:59 PM,9/22/25 1:16 PM,16 minutes and 25 seconds,KDS - Login Don't Delete
12060 Potranco Road,Melissa  Urena,99,,No Print,,9/22/25 12:59 PM,9/22/25 1:16 PM,16 minutes and 25 seconds,KDS - Login Don't Delete
12060 Potranco Road,Melissa  Urena,160,,Food,,9/22/25 1:07 PM,9/22/25 1:16 PM,9 minutes and 5 seconds,KDS - Login Don't Delete
12060 Potranco Road,Melissa  Urena,160,,Drive Thru,,9/22/25 1:07 PM,9/22/25 1:16 PM,9 minutes and 5 seconds,KDS - Login Don't Delete
12060 Potranco Road,Melissa  Urena,158,,Food,,9/22/25 1:06 PM,9/22/25 1:16 PM,9 minutes and 39 seconds,KDS - Login Don't Delete
12060 Potranco Road,Melissa  Urena,158,,Drive Thru,,9/22/25 1:06 PM,9/22/25 1:16 PM,9 minutes and 39 seconds,KDS - Login Don't Delete
12060 Potranco Road,Melissa  Urena,161,,Food,,9/22/25 1:07 PM,9/22/25 1:16 PM,8 minutes and 50 seconds,KDS - Login Don't Delete
12060 Potranco Road,Melissa  Urena,161,,Drive Thru,,9/22/25 1:07 PM,9/22/25 1:16 PM,8 minutes and 50 seconds,KDS - Login Don't Delete
12060 Potranco Road,Melissa  Urena,161,,Food,,9/22/25 1:14 PM,9/22/25 1:16 PM,1 minute and 52 seconds,KDS - Login Don't Delete
12060 Potranco Road,Melissa  Urena,161,,Drive Thru,,9/22/25 1:14 PM,9/22/25 1:16 PM,1 minute and 52 seconds,KDS - Login Don't Delete
12060 Potranco Road,Melissa  Urena,160,,Food,,9/22/25 1:22 PM,9/22/25 1:25 PM,3 minutes and 16 seconds,KDS - Login Don't Delete
12060 Potranco Road,Melissa  Urena,160,,Drive Thru,,9/22/25 1:22 PM,9/22/25 1:25 PM,3 minutes and 16 seconds,KDS - Login Don't Delete
12060 Potranco Road,Melissa  Urena,162,,Food,,9/22/25 1:14 PM,9/22/25 1:25 PM,11 minutes and 10 seconds,KDS - Login Don't Delete
12060 Potranco Road,Melissa  Urena,162,,Drive Thru,,9/22/25 1:14 PM,9/22/25 1:25 PM,11 minutes and 10 seconds,KDS - Login Don't Delete
12060 Potranco Road,Adrian Morales,164,25,No Print,,9/22/25 1:25 PM,9/22/25 1:29 PM,3 minutes and 49 seconds,KDS - Login Don't Delete
12060 Potranco Road,Adrian Morales,164,25,Food,,9/22/25 1:25 PM,9/22/25 1:29 PM,3 minutes and 49 seconds,KDS - Login Don't Delete
12060 Potranco Road,Zoila Salinas,165,,Food,,9/22/25 1:39 PM,9/22/25 1:49 PM,9 minutes and 15 seconds,KDS - Login Don't Delete
12060 Potranco Road,Zoila Salinas,165,,Drive Thru,,9/22/25 1:39 PM,9/22/25 1:49 PM,9 minutes and 15 seconds,KDS - Login Don't Delete
12060 Potranco Road,Melissa  Urena,167,,Food,,9/22/25 1:46 PM,9/22/25 1:49 PM,2 minutes and 22 seconds,KDS - Login Don't Delete
12060 Potranco Road,Melissa  Urena,167,,Drive Thru,,9/22/25 1:46 PM,9/22/25 1:49 PM,2 minutes and 22 seconds,KDS - Login Don't Delete
12060 Potranco Road,Melissa  Urena,169,,Food,,9/22/25 2:01 PM,9/22/25 2:04 PM,2 minutes and 26 seconds,KDS - Login Don't Delete
12060 Potranco Road,Melissa  Urena,169,,Drive Thru,,9/22/25 2:01 PM,9/22/25 2:04 PM,2 minutes and 26 seconds,KDS - Login Don't Delete
12060 Potranco Road,Melissa  Urena,171,,Food,,9/22/25 2:04 PM,9/22/25 2:11 PM,7 minutes and 10 seconds,KDS - Login Don't Delete
12060 Potranco Road,Melissa  Urena,171,,Drive Thru,,9/22/25 2:04 PM,9/22/25 2:11 PM,7 minutes and 10 seconds,KDS - Login Don't Delete
12060 Potranco Road,Melissa  Urena,170,,Food,,9/22/25 2:01 PM,9/22/25 2:11 PM,9 minutes and 46 seconds,KDS - Login Don't Delete
12060 Potranco Road,Melissa  Urena,170,,Drive Thru,,9/22/25 2:01 PM,9/22/25 2:11 PM,9 minutes and 46 seconds,KDS - Login Don't Delete
12060 Potranco Road,Melissa  Urena,172,,Food,,9/22/25 2:11 PM,9/22/25 2:16 PM,4 minutes and 49 seconds,KDS - Login Don't Delete
12060 Potranco Road,Melissa  Urena,172,,Drive Thru,,9/22/25 2:11 PM,9/22/25 2:16 PM,4 minutes and 49 seconds,KDS - Login Don't Delete
12060 Potranco Road,Adrian Morales,164,25,,1,9/22/25 1:29 PM,9/22/25 2:19 PM,50 minutes and 15 seconds,KDS - Login Don't Delete
12060 Potranco Road,Zoila Salinas,165,,,1,9/22/25 1:49 PM,9/22/25 2:19 PM,30 minutes and 36 seconds,KDS - Login Don't Delete
12060 Potranco Road,Mario Jimenez,174,,Food,,9/22/25 2:18 PM,9/22/25 2:26 PM,8 minutes and 1 second,KDS - Login Don't Delete
12060 Potranco Road,Mario Jimenez,174,,Drive Thru,,9/22/25 2:18 PM,9/22/25 2:26 PM,8 minutes and 1 second,KDS - Login Don't Delete
12060 Potranco Road,Mario Jimenez,174,,Drinks,,9/22/25 2:18 PM,9/22/25 2:26 PM,8 minutes and 1 second,KDS - Login Don't Delete
12060 Potranco Road,Mario Jimenez,174,,No Print,,9/22/25 2:18 PM,9/22/25 2:26 PM,8 minutes and 1 second,KDS - Login Don't Delete
12060 Potranco Road,Adrian Morales,173,2,No Print,,9/22/25 2:18 PM,9/22/25 2:29 PM,11 minutes and 40 seconds,KDS - Login Don't Delete
12060 Potranco Road,Adrian Morales,173,2,Food,,9/22/25 2:18 PM,9/22/25 2:29 PM,11 minutes and 40 seconds,KDS - Login Don't Delete
12060 Potranco Road,Lisa Velasquez,175,35,No Print,,9/22/25 2:45 PM,9/22/25 2:57 PM,12 minutes and 25 seconds,KDS - Login Don't Delete
12060 Potranco Road,Lisa Velasquez,175,35,Food,,9/22/25 2:45 PM,9/22/25 2:57 PM,12 minutes and 25 seconds,KDS - Login Don't Delete
12060 Potranco Road,Adrian Morales,173,2,,1,9/22/25 2:29 PM,9/22/25 2:57 PM,27 minutes and 57 seconds,KDS - Login Don't Delete
12060 Potranco Road,Lisa Velasquez,175,35,,1,9/22/25 2:57 PM,9/22/25 2:57 PM,8 seconds,KDS - Login Don't Delete
12060 Potranco Road,Lisa Velasquez,175,35,Food,,9/22/25 2:56 PM,9/22/25 2:58 PM,2 minutes and 4 seconds,KDS - Login Don't Delete
12060 Potranco Road,Lisa Velasquez,175,35,Drive Thru,,9/22/25 2:56 PM,9/22/25 2:58 PM,2 minutes and 4 seconds,KDS - Login Don't Delete
12060 Potranco Road,Mario Jimenez,177,,Food,,9/22/25 3:07 PM,9/22/25 3:09 PM,2 minutes and 25 seconds,KDS - Login Don't Delete
12060 Potranco Road,Mario Jimenez,177,,Drive Thru,,9/22/25 3:07 PM,9/22/25 3:09 PM,2 minutes and 25 seconds,KDS - Login Don't Delete
12060 Potranco Road,Mario Jimenez,178,,Food,,9/22/25 3:14 PM,9/22/25 3:25 PM,11 minutes and 7 seconds,KDS - Login Don't Delete
12060 Potranco Road,Mario Jimenez,178,,Drive Thru,,9/22/25 3:14 PM,9/22/25 3:25 PM,11 minutes and 7 seconds,KDS - Login Don't Delete
12060 Potranco Road,Lisa Velasquez,179,23,No Print,,9/22/25 3:19 PM,9/22/25 3:26 PM,6 minutes and 18 seconds,KDS - Login Don't Delete
12060 Potranco Road,Lisa Velasquez,179,23,Food,,9/22/25 3:19 PM,9/22/25 3:26 PM,6 minutes and 18 seconds,KDS - Login Don't Delete
12060 Potranco Road,Lisa Velasquez,179,23,Drive Thru,,9/22/25 3:19 PM,9/22/25 3:26 PM,6 minutes and 18 seconds,KDS - Login Don't Delete
12060 Potranco Road,Lisa Velasquez,175,35,,1,9/22/25 2:58 PM,9/22/25 3:33 PM,35 minutes and 24 seconds,KDS - Login Don't Delete
12060 Potranco Road,Lisa Velasquez,179,23,,1,9/22/25 3:26 PM,9/22/25 3:38 PM,12 minutes and 3 seconds,KDS - Login Don't Delete
12060 Potranco Road,Lisa Velasquez,181,20,No Print,,9/22/25 3:35 PM,9/22/25 3:43 PM,7 minutes and 33 seconds,KDS - Login Don't Delete
12060 Potranco Road,Lisa Velasquez,181,20,Food,,9/22/25 3:35 PM,9/22/25 3:43 PM,7 minutes and 33 seconds,KDS - Login Don't Delete
12060 Potranco Road,Mario Jimenez,180,,Food,,9/22/25 3:33 PM,9/22/25 3:46 PM,13 minutes and 8 seconds,KDS - Login Don't Delete
12060 Potranco Road,Lisa Velasquez,181,20,,1,9/22/25 3:43 PM,9/22/25 3:56 PM,13 minutes and 17 seconds,KDS - Login Don't Delete
12060 Potranco Road,Lisa Velasquez,183,14,No Print,,9/22/25 3:53 PM,9/22/25 4:00 PM,6 minutes and 27 seconds,KDS - Login Don't Delete
12060 Potranco Road,Lisa Velasquez,183,14,Food,,9/22/25 3:53 PM,9/22/25 4:00 PM,6 minutes and 27 seconds,KDS - Login Don't Delete
12060 Potranco Road,Lisa Velasquez,182,3,No Print,,9/22/25 3:52 PM,9/22/25 4:01 PM,9 minutes and 4 seconds,KDS - Login Don't Delete
12060 Potranco Road,Lisa Velasquez,182,3,Food,,9/22/25 3:52 PM,9/22/25 4:01 PM,9 minutes and 4 seconds,KDS - Login Don't Delete
12060 Potranco Road,Lisa Velasquez,181,20,No Print,,9/22/25 4:01 PM,9/22/25 4:01 PM,13 seconds,KDS - Login Don't Delete
12060 Potranco Road,Lisa Velasquez,181,20,Food,,9/22/25 4:01 PM,9/22/25 4:01 PM,13 seconds,KDS - Login Don't Delete
12060 Potranco Road,Lisa Velasquez,183,14,,1,9/22/25 4:00 PM,9/22/25 4:04 PM,4 minutes and 25 seconds,KDS - Login Don't Delete
12060 Potranco Road,Lisa Velasquez,182,3,,1,9/22/25 4:01 PM,9/22/25 4:04 PM,3 minutes and 6 seconds,KDS - Login Don't Delete
12060 Potranco Road,Lisa Velasquez,181,20,,1,9/22/25 4:01 PM,9/22/25 4:04 PM,3 minutes and 7 seconds,KDS - Login Don't Delete
12060 Potranco Road,Lisa Velasquez,184,16,No Print,,9/22/25 4:06 PM,9/22/25 4:18 PM,12 minutes,KDS - Login Don't Delete
12060 Potranco Road,Lisa Velasquez,184,16,Food,,9/22/25 4:06 PM,9/22/25 4:18 PM,12 minutes,KDS - Login Don't Delete
12060 Potranco Road,Mario Jimenez,186,,Food,,9/22/25 4:13 PM,9/22/25 4:20 PM,6 minutes and 13 seconds,KDS - Login Don't Delete
12060 Potranco Road,Mario Jimenez,186,,Drive Thru,,9/22/25 4:13 PM,9/22/25 4:20 PM,6 minutes and 13 seconds,KDS - Login Don't Delete
12060 Potranco Road,Mario Jimenez,187,,Food,,9/22/25 4:22 PM,9/22/25 4:30 PM,7 minutes and 26 seconds,KDS - Login Don't Delete
12060 Potranco Road,Mario Jimenez,187,,Drive Thru,,9/22/25 4:22 PM,9/22/25 4:30 PM,7 minutes and 26 seconds,KDS - Login Don't Delete
12060 Potranco Road,Lisa Velasquez,184,16,,1,9/22/25 4:18 PM,9/22/25 4:34 PM,16 minutes and 46 seconds,KDS - Login Don't Delete
12060 Potranco Road,Mario Jimenez,189,,Food,,9/22/25 4:37 PM,9/22/25 4:42 PM,4 minutes and 45 seconds,KDS - Login Don't Delete
12060 Potranco Road,Mario Jimenez,189,,Drive Thru,,9/22/25 4:37 PM,9/22/25 4:42 PM,4 minutes and 45 seconds,KDS - Login Don't Delete
12060 Potranco Road,Mario Jimenez,191,,Food,,9/22/25 5:13 PM,9/22/25 5:16 PM,2 minutes and 24 seconds,KDS - Login Don't Delete
12060 Potranco Road,Mario Jimenez,191,,Drive Thru,,9/22/25 5:13 PM,9/22/25 5:16 PM,2 minutes and 24 seconds,KDS - Login Don't Delete
12060 Potranco Road,Angelique Jacobo,190,34,,1,9/22/25 4:44 PM,9/22/25 5:21 PM,37 minutes and 15 seconds,KDS - Login Don't Delete
12060 Potranco Road,Angelique Jacobo,190,34,No Print,,9/22/25 5:37 PM,9/22/25 5:44 PM,7 minutes and 13 seconds,KDS - Login Don't Delete
12060 Potranco Road,Angelique Jacobo,190,34,Food,,9/22/25 5:37 PM,9/22/25 5:44 PM,7 minutes and 13 seconds,KDS - Login Don't Delete
12060 Potranco Road,Angelique Jacobo,190,34,Drive Thru,,9/22/25 5:37 PM,9/22/25 5:44 PM,7 minutes and 13 seconds,KDS - Login Don't Delete
12060 Potranco Road,Mario Jimenez,195,,Food,,9/22/25 5:44 PM,9/22/25 5:50 PM,6 minutes and 33 seconds,KDS - Login Don't Delete
12060 Potranco Road,Mario Jimenez,195,,Drive Thru,,9/22/25 5:44 PM,9/22/25 5:50 PM,6 minutes and 33 seconds,KDS - Login Don't Delete
12060 Potranco Road,Lisa Velasquez,194,2,No Print,,9/22/25 5:45 PM,9/22/25 5:52 PM,7 minutes and 56 seconds,KDS - Login Don't Delete
12060 Potranco Road,Lisa Velasquez,194,2,Food,,9/22/25 5:45 PM,9/22/25 5:52 PM,7 minutes and 56 seconds,KDS - Login Don't Delete
12060 Potranco Road,Angelique Jacobo,196,23,No Print,,9/22/25 6:01 PM,9/22/25 6:08 PM,6 minutes and 48 seconds,KDS - Login Don't Delete
12060 Potranco Road,Angelique Jacobo,196,23,Food,,9/22/25 6:01 PM,9/22/25 6:08 PM,6 minutes and 48 seconds,KDS - Login Don't Delete
12060 Potranco Road,Lisa Velasquez,197,1,No Print,,9/22/25 6:18 PM,9/22/25 6:27 PM,9 minutes and 39 seconds,KDS - Login Don't Delete
12060 Potranco Road,Lisa Velasquez,197,1,Food,,9/22/25 6:18 PM,9/22/25 6:27 PM,9 minutes and 39 seconds,KDS - Login Don't Delete
12060 Potranco Road,Mario Jimenez,200,,Food,,9/22/25 6:30 PM,9/22/25 6:31 PM,1 minute and 4 seconds,KDS - Login Don't Delete
12060 Potranco Road,Mario Jimenez,200,,Drive Thru,,9/22/25 6:30 PM,9/22/25 6:31 PM,1 minute and 4 seconds,KDS - Login Don't Delete
12060 Potranco Road,Mario Jimenez,193,,Food,,9/22/25 6:28 PM,9/22/25 6:35 PM,7 minutes and 12 seconds,KDS - Login Don't Delete
12060 Potranco Road,Mario Jimenez,193,,Drive Thru,,9/22/25 6:28 PM,9/22/25 6:35 PM,7 minutes and 12 seconds,KDS - Login Don't Delete
12060 Potranco Road,Mario Jimenez,199,,Food,,9/22/25 6:36 PM,9/22/25 6:37 PM,28 seconds,KDS - Login Don't Delete
12060 Potranco Road,Mario Jimenez,199,,Drive Thru,,9/22/25 6:36 PM,9/22/25 6:37 PM,28 seconds,KDS - Login Don't Delete
12060 Potranco Road,Angelique Jacobo,190,34,,1,9/22/25 5:44 PM,9/22/25 6:57 PM,"1 hour, 12 minutes and 47 seconds",KDS - Login Don't Delete
12060 Potranco Road,Lisa Velasquez,194,2,,1,9/22/25 5:52 PM,9/22/25 6:57 PM,"1 hour, 4 minutes and 30 seconds",KDS - Login Don't Delete
12060 Potranco Road,Angelique Jacobo,196,23,,1,9/22/25 6:08 PM,9/22/25 6:57 PM,48 minutes and 47 seconds,KDS - Login Don't Delete
12060 Potranco Road,Lisa Velasquez,197,1,,1,9/22/25 6:27 PM,9/22/25 6:57 PM,29 minutes and 44 seconds,KDS - Login Don't Delete
12060 Potranco Road,Mario Jimenez,201,,Food,,9/22/25 6:53 PM,9/22/25 6:57 PM,3 minutes and 43 seconds,KDS - Login Don't Delete
12060 Potranco Road,Mario Jimenez,201,,Drive Thru,,9/22/25 6:53 PM,9/22/25 6:57 PM,3 minutes and 43 seconds,KDS - Login Don't Delete
12060 Potranco Road,Mario Jimenez,202,,Food,,9/22/25 6:58 PM,9/22/25 6:59 PM,1 minute and 3 seconds,KDS - Login Don't Delete
12060 Potranco Road,Mario Jimenez,202,,Drive Thru,,9/22/25 6:58 PM,9/22/25 6:59 PM,1 minute and 3 seconds,KDS - Login Don't Delete
12060 Potranco Road,Candy Del Angel,203,8,No Print,,9/22/25 6:56 PM,9/22/25 7:05 PM,9 minutes and 26 seconds,KDS - Login Don't Delete
12060 Potranco Road,Candy Del Angel,203,8,Food,,9/22/25 6:56 PM,9/22/25 7:05 PM,9 minutes and 26 seconds,KDS - Login Don't Delete
12060 Potranco Road,Mario Jimenez,204,,Food,,9/22/25 7:02 PM,9/22/25 7:05 PM,3 minutes and 19 seconds,KDS - Login Don't Delete
12060 Potranco Road,Mario Jimenez,204,,Drive Thru,,9/22/25 7:02 PM,9/22/25 7:05 PM,3 minutes and 19 seconds,KDS - Login Don't Delete
12060 Potranco Road,Candy Del Angel,203,8,,1,9/22/25 7:05 PM,9/22/25 7:24 PM,19 minutes and 9 seconds,KDS - Login Don't Delete
12060 Potranco Road,Mario Jimenez,205,,Food,,9/22/25 7:19 PM,9/22/25 7:25 PM,5 minutes and 24 seconds,KDS - Login Don't Delete
12060 Potranco Road,Mario Jimenez,205,,Drive Thru,,9/22/25 7:19 PM,9/22/25 7:25 PM,5 minutes and 24 seconds,KDS - Login Don't Delete
12060 Potranco Road,Lisa Velasquez,206,2,No Print,,9/22/25 7:10 PM,9/22/25 7:33 PM,22 minutes and 42 seconds,KDS - Login Don't Delete
12060 Potranco Road,Lisa Velasquez,206,2,Food,,9/22/25 7:10 PM,9/22/25 7:33 PM,22 minutes and 42 seconds,KDS - Login Don't Delete
12060 Potranco Road,Angelique Jacobo,198,37,No Print,,9/22/25 7:05 PM,9/22/25 7:36 PM,31 minutes and 11 seconds,KDS - Login Don't Delete
12060 Potranco Road,Angelique Jacobo,198,37,Food,,9/22/25 7:05 PM,9/22/25 7:36 PM,31 minutes and 11 seconds,KDS - Login Don't Delete
12060 Potranco Road,Candy Del Angel,209,28,No Print,,9/22/25 7:23 PM,9/22/25 7:36 PM,13 minutes and 14 seconds,KDS - Login Don't Delete
12060 Potranco Road,Candy Del Angel,209,28,Food,,9/22/25 7:23 PM,9/22/25 7:36 PM,13 minutes and 14 seconds,KDS - Login Don't Delete
12060 Potranco Road,Candy Del Angel,209,28,,1,9/22/25 7:36 PM,9/22/25 7:39 PM,3 minutes and 3 seconds,KDS - Login Don't Delete
12060 Potranco Road,Angelique Jacobo,198,37,,1,9/22/25 7:36 PM,9/22/25 7:39 PM,3 minutes and 3 seconds,KDS - Login Don't Delete
12060 Potranco Road,Lisa Velasquez,206,2,,1,9/22/25 7:33 PM,9/22/25 7:40 PM,6 minutes and 38 seconds,KDS - Login Don't Delete
12060 Potranco Road,Lisa Velasquez,208,17,No Print,,9/22/25 7:36 PM,9/22/25 7:56 PM,19 minutes and 42 seconds,KDS - Login Don't Delete
12060 Potranco Road,Lisa Velasquez,208,17,Food,,9/22/25 7:36 PM,9/22/25 7:56 PM,19 minutes and 42 seconds,KDS - Login Don't Delete
12060 Potranco Road,Lisa Velasquez,208,17,Drive Thru,,9/22/25 7:36 PM,9/22/25 7:56 PM,19 minutes and 42 seconds,KDS - Login Don't Delete
12060 Potranco Road,Lisa Velasquez,208,17,Drinks,,9/22/25 7:36 PM,9/22/25 7:56 PM,19 minutes and 42 seconds,KDS - Login Don't Delete
12060 Potranco Road,Candy Del Angel,214,14,No Print,,9/22/25 7:47 PM,9/22/25 7:58 PM,10 minutes and 27 seconds,KDS - Login Don't Delete
12060 Potranco Road,Candy Del Angel,214,14,Food,,9/22/25 7:47 PM,9/22/25 7:58 PM,10 minutes and 27 seconds,KDS - Login Don't Delete
12060 Potranco Road,Angelique Jacobo,213,1,No Print,,9/22/25 7:48 PM,9/22/25 7:59 PM,10 minutes and 43 seconds,KDS - Login Don't Delete
12060 Potranco Road,Angelique Jacobo,213,1,Food,,9/22/25 7:48 PM,9/22/25 7:59 PM,10 minutes and 43 seconds,KDS - Login Don't Delete
12060 Potranco Road,Mario Jimenez,212,,Food,,9/22/25 7:58 PM,9/22/25 8:00 PM,1 minute and 26 seconds,KDS - Login Don't Delete
12060 Potranco Road,Angelique Jacobo,213,1,,1,9/22/25 7:59 PM,9/22/25 8:03 PM,4 minutes and 14 seconds,KDS - Login Don't Delete
12060 Potranco Road,Candy Del Angel,214,14,,1,9/22/25 7:58 PM,9/22/25 8:03 PM,4 minutes and 58 seconds,KDS - Login Don't Delete
12060 Potranco Road,Lisa Velasquez,208,17,,1,9/22/25 7:36 PM,9/22/25 8:03 PM,26 minutes and 28 seconds,KDS - Login Don't Delete
12060 Potranco Road,Mario Jimenez,224,,Food,,9/22/25 8:06 PM,9/22/25 8:12 PM,5 minutes and 36 seconds,KDS - Login Don't Delete
12060 Potranco Road,Mario Jimenez,224,,Drive Thru,,9/22/25 8:06 PM,9/22/25 8:12 PM,5 minutes and 36 seconds,KDS - Login Don't Delete
12060 Potranco Road,Mario Jimenez,224,,Food,,9/22/25 8:07 PM,9/22/25 8:12 PM,5 minutes and 21 seconds,KDS - Login Don't Delete
12060 Potranco Road,Mario Jimenez,224,,Drive Thru,,9/22/25 8:07 PM,9/22/25 8:12 PM,5 minutes and 21 seconds,KDS - Login Don't Delete
12060 Potranco Road,Lisa Velasquez,219,17,,1,9/22/25 8:12 PM,9/22/25 8:26 PM,13 minutes and 54 seconds,KDS - Login Don't Delete
12060 Potranco Road,Lisa Velasquez,221,17,,1,9/22/25 8:12 PM,9/22/25 8:26 PM,13 minutes and 55 seconds,KDS - Login Don't Delete
12060 Potranco Road,Lisa Velasquez,225,17,,1,9/22/25 8:12 PM,9/22/25 8:26 PM,13 minutes and 56 seconds,KDS - Login Don't Delete
12060 Potranco Road,Lisa Velasquez,218,17,,1,9/22/25 8:22 PM,9/22/25 8:26 PM,4 minutes and 40 seconds,KDS - Login Don't Delete
12060 Potranco Road,Candy Del Angel,214,14,,1,9/22/25 8:25 PM,9/22/25 8:26 PM,1 minute and 18 seconds,KDS - Login Don't Delete
12060 Potranco Road,Mario Jimenez,231,,Food,,9/22/25 8:46 PM,9/22/25 8:50 PM,3 minutes and 59 seconds,KDS - Login Don't Delete
12060 Potranco Road,Mario Jimenez,231,,Drive Thru,,9/22/25 8:46 PM,9/22/25 8:50 PM,3 minutes and 59 seconds,KDS - Login Don't Delete
