,Location,Employee,Job Title,In Date,Shift Closed Date,Out Date,Hours,Cash Tips Decl.,Cash on Hand,Cash in Drawer,Non-Cash Tips,Cash Gratuity,Non-Cash Gratuity,Tips Withheld,Non-Cash Sales,Cash Sales,Total Sales,Cash Collected?,Tips Paid?,Open,Paid,Closed,Tip Share Total
800000029894917673,12060 Potranco Road,Sugey Cabrera,Server,9/22/25 6:08 AM,9/22/25 2:01 PM,9/22/25 2:00 PM,7.87,0.00,53.93,0.00,67.88,0.00,0.00,0.00,444.18,53.93,498.11,yes,yes,0,0,27,0.00
800000029895064766,12060 Potranco Road,Melissa  Urena,Host,9/22/25 6:31 AM,9/22/25 2:26 PM,9/22/25 2:26 PM,7.91,0.00,0.00,440.57,26.35,0.00,0.00,0.00,617.56,440.57,1058.13,yes,yes,0,0,83,0.00
800000029895167775,12060 Potranco Road,Enriqueta Garcia,Chef,9/22/25 6:48 AM,9/22/25 4:09 PM,9/22/25 4:09 PM,9.36,,0.00,0.00,0.00,0.00,0.00,0.00,0.00,0.00,0.00,yes,yes,0,0,0,0.00
800000029895294328,12060 Potranco Road,Leticia Roman,Server,9/22/25 7:04 AM,9/22/25 2:09 PM,9/22/25 2:12 PM,7.13,0.00,189.33,0.00,70.25,0.00,0.00,0.00,412.53,189.33,601.86,yes,yes,0,0,20,0.00
800000029896141526,12060 Potranco Road,Adrian Morales,Server,9/22/25 8:13 AM,9/22/25 3:17 PM,9/22/25 3:21 PM,7.13,0.00,31.77,0.00,81.00,0.00,0.00,0.00,677.22,31.77,708.99,yes,yes,0,0,18,0.00
800000029896800433,12060 Potranco Road,Carlos Morales,Busser,9/22/25 8:59 AM,9/22/25 2:11 PM,9/22/25 2:11 PM,5.21,,0.00,0.00,0.00,0.00,0.00,0.00,0.00,0.00,0.00,yes,yes,0,0,0,0.00
800000029904970411,12060 Potranco Road,Lisa Velasquez,Server,9/22/25 2:01 PM,9/22/25 9:34 PM,9/22/25 9:34 PM,7.55,5.00,90.26,0.00,60.28,9.91,85.76,0.00,739.00,80.35,819.35,yes,yes,0,0,23,0.00
800000029905366072,12060 Potranco Road,Mario Jimenez,Driver,9/22/25 2:15 PM,9/22/25 8:59 PM,9/22/25 9:00 PM,6.74,0.00,0.00,1.94,18.60,0.00,0.00,0.00,287.28,1.94,289.22,yes,yes,0,0,19,0.00
800000029905505206,12060 Potranco Road,felix vanenzuela,Cook,9/22/25 2:20 PM,9/22/25 9:21 PM,9/22/25 9:21 PM,7.02,,0.00,0.00,0.00,0.00,0.00,0.00,0.00,0.00,0.00,yes,yes,0,0,0,0.00
800000029906325852,12060 Potranco Road,Candy Del Angel,Shift Manager / Assistant Manager,9/22/25 2:51 PM,9/22/25 9:36 PM,9/22/25 9:39 PM,6.80,,0.00,0.00,16.00,0.00,0.00,0.00,124.99,0.00,124.99,yes,yes,0,0,3,0.00
800000029908411323,12060 Potranco Road,Angelique Jacobo,Server,9/22/25 4:09 PM,9/22/25 9:34 PM,9/22/25 9:34 PM,5.42,5.00,0.00,0.00,43.00,0.00,0.00,0.00,133.31,0.00,133.31,yes,yes,0,0,4,0.00
