Location,Order #,Opened Date,Server,Table,Discount Name,Discount Reason,Comment,Discount Amount
Tink-a-Tako - Potranco,375,10/21/25 7:25 PM,Nadia  Reyes,,Open $ Check,,,1.00
Tink-a-Tako - Potranco,354,10/21/25 5:32 PM,Nadia  Reyes,,Open % Item,,,5.00
Tink-a-Tako - Potranco,339,10/21/25 4:41 PM,Juan  Camacho,16,Open % Item,,,2.70
Tink-a-Tako - Potranco,339,10/21/25 4:41 PM,Juan  Camacho,16,Open % Item,,,4.49
Tink-a-Tako - Potranco,339,10/21/25 4:41 PM,Juan  Camacho,16,Open % Item,,,1.14
Tink-a-Tako - Potranco,339,10/21/25 4:41 PM,Juan  Camacho,16,Open % Item,,,2.94
Tink-a-Tako - Potranco,274,10/21/25 1:09 PM,Silvia Hernandez,7,Open % Item,,,1.00
Tink-a-Tako - Potranco,256,10/21/25 12:35 PM,Daniela Torres,,Military Discount,,,0.36
Tink-a-Tako - Potranco,256,10/21/25 12:35 PM,Daniela Torres,,Military Discount,,,0.40
Tink-a-Tako - Potranco,253,10/21/25 12:32 PM,Daniela Torres,,Military Discount,,,2.20
Tink-a-Tako - Potranco,247,10/21/25 12:22 PM,Silvia Hernandez,41,Open % Item,,,3.90
Tink-a-Tako - Potranco,247,10/21/25 12:22 PM,Silvia Hernandez,41,Open % Item,,,0.60
Tink-a-Tako - Potranco,247,10/21/25 12:22 PM,Silvia Hernandez,41,Open % Item,,,3.00
Tink-a-Tako - Potranco,218,10/21/25 11:45 AM,Daniela Torres,,Military Discount,,,0.18
Tink-a-Tako - Potranco,218,10/21/25 11:45 AM,Daniela Torres,,Military Discount,,,0.40
Tink-a-Tako - Potranco,198,10/21/25 11:18 AM,Daniela Torres,,Military Discount,,,0.40
Tink-a-Tako - Potranco,198,10/21/25 11:18 AM,Daniela Torres,,Military Discount,,,0.18
Tink-a-Tako - Potranco,198,10/21/25 11:18 AM,Daniela Torres,,Military Discount,,,0.30
Tink-a-Tako - Potranco,190,10/21/25 11:06 AM,Isabel Cisneros,7,Open % Item,,,0.80
Tink-a-Tako - Potranco,190,10/21/25 11:06 AM,Isabel Cisneros,7,Open % Item,,,1.10
Tink-a-Tako - Potranco,188,10/21/25 11:05 AM,Daniela Torres,,Military Discount,,,0.90
Tink-a-Tako - Potranco,138,10/21/25 9:59 AM,Silvia Hernandez,26,Open % Item,,,1.50
Tink-a-Tako - Potranco,136,10/21/25 9:57 AM,Juan  Camacho,38,Open $ Item,,,8.00
Tink-a-Tako - Potranco,114,10/21/25 9:20 AM,Maria Majana,,Open % Check,,,23.94
Tink-a-Tako - Potranco,69,10/21/25 8:26 AM,Maria Majana,,Open % Item,,,0.54
Tink-a-Tako - Potranco,69,10/21/25 8:26 AM,Maria Majana,,Open % Item,,,0.60
Tink-a-Tako - Potranco,69,10/21/25 8:26 AM,Maria Majana,,Open % Item,,,0.60
Tink-a-Tako - Potranco,69,10/21/25 8:26 AM,Maria Majana,,Open % Item,,,0.60
Tink-a-Tako - Potranco,18,10/21/25 6:58 AM,Daniela Torres,,Military Discount,,,0.20
