Location,Server,Check #,Table,Station,Expediter Level,Fired Date,Fulfilled Date,Fulfillment Time,Fulfilled By
Tink-a-Tako - Potranco,Daniela Torres,1,,Lobby,,10/21/25 6:31 AM,10/21/25 6:34 AM,3 minutes and 6 seconds,Mayra Luna
Tink-a-Tako - Potranco,Juan  Camacho,5,24,Lobby,,10/21/25 6:33 AM,10/21/25 6:35 AM,1 minute and 43 seconds,Mayra Luna
Tink-a-Tako - Potranco,Juan  Camacho,5,24,Lobby,,10/21/25 6:34 AM,10/21/25 6:35 AM,1 minute and 20 seconds,Mayra Luna
Tink-a-Tako - Potranco,Daniela Torres,2,,Lobby,,10/21/25 6:32 AM,10/21/25 6:36 AM,4 minutes and 2 seconds,Mayra Luna
Tink-a-Tako - Potranco,Daniela Torres,3,,Lobby,,10/21/25 6:33 AM,10/21/25 6:37 AM,4 minutes and 15 seconds,Mayra Luna
Tink-a-Tako - Potranco,Daniela Torres,6,,Lobby,,10/21/25 6:37 AM,10/21/25 6:38 AM,54 seconds,Mayra Luna
Tink-a-Tako - Potranco,Daniela Torres,7,,Lobby,,10/21/25 6:41 AM,10/21/25 6:45 AM,3 minutes and 23 seconds,Mayra Luna
Tink-a-Tako - Potranco,Daniela Torres,8,,Lobby,,10/21/25 6:44 AM,10/21/25 6:46 AM,2 minutes and 20 seconds,Mayra Luna
Tink-a-Tako - Potranco,Daniela Torres,9,,Tortillero,,10/21/25 6:45 AM,10/21/25 6:47 AM,1 minute and 32 seconds,Mayra Luna
Tink-a-Tako - Potranco,Daniela Torres,9,,Lobby,,10/21/25 6:45 AM,10/21/25 6:47 AM,1 minute and 32 seconds,Mayra Luna
Tink-a-Tako - Potranco,Daniela Torres,9,,Prep,,10/21/25 6:45 AM,10/21/25 6:47 AM,1 minute and 32 seconds,Mayra Luna
Tink-a-Tako - Potranco,Daniela Torres,10,,Lobby,,10/21/25 6:47 AM,10/21/25 6:48 AM,42 seconds,Mayra Luna
Tink-a-Tako - Potranco,Daniela Torres,11,,Lobby,,10/21/25 6:49 AM,10/21/25 6:50 AM,1 minute and 12 seconds,Mayra Luna
Tink-a-Tako - Potranco,Juan  Camacho,5,24,Lobby,,10/21/25 6:51 AM,10/21/25 6:52 AM,1 minute and 45 seconds,Mayra Luna
Tink-a-Tako - Potranco,Daniela Torres,12,,Lobby,,10/21/25 6:53 AM,10/21/25 6:53 AM,25 seconds,Mayra Luna
Tink-a-Tako - Potranco,Daniela Torres,12,,Prep,,10/21/25 6:53 AM,10/21/25 6:53 AM,25 seconds,Mayra Luna
Tink-a-Tako - Potranco,Daniela Torres,13,,Lobby,,10/21/25 6:54 AM,10/21/25 6:57 AM,2 minutes and 29 seconds,Mayra Luna
Tink-a-Tako - Potranco,Daniela Torres,14,,Lobby,,10/21/25 6:56 AM,10/21/25 6:59 AM,3 minutes and 15 seconds,Mayra Luna
Tink-a-Tako - Potranco,Juan  Camacho,15,,Lobby,,10/21/25 6:57 AM,10/21/25 6:59 AM,2 minutes and 12 seconds,Mayra Luna
Tink-a-Tako - Potranco,Daniela Torres,16,,Lobby,,10/21/25 6:57 AM,10/21/25 7:00 AM,2 minutes and 48 seconds,Mayra Luna
Tink-a-Tako - Potranco,Daniela Torres,16,,Lobby,,10/21/25 6:57 AM,10/21/25 7:00 AM,2 minutes and 55 seconds,Mayra Luna
Tink-a-Tako - Potranco,Juan  Camacho,15,,Lobby,,10/21/25 6:58 AM,10/21/25 7:00 AM,2 minutes and 50 seconds,Mayra Luna
Tink-a-Tako - Potranco,Daniela Torres,17,,Lobby,,10/21/25 6:58 AM,10/21/25 7:01 AM,3 minutes and 29 seconds,Mayra Luna
Tink-a-Tako - Potranco,Daniela Torres,18,,Lobby,,10/21/25 6:58 AM,10/21/25 7:02 AM,3 minutes and 11 seconds,Mayra Luna
Tink-a-Tako - Potranco,Daniela Torres,19,,Lobby,,10/21/25 7:02 AM,10/21/25 7:03 AM,41 seconds,Mayra Luna
Tink-a-Tako - Potranco,Daniela Torres,20,,Lobby,,10/21/25 7:03 AM,10/21/25 7:05 AM,1 minute and 37 seconds,Mayra Luna
Tink-a-Tako - Potranco,Daniela Torres,21,,Lobby,,10/21/25 7:06 AM,10/21/25 7:09 AM,2 minutes and 53 seconds,Mayra Luna
Tink-a-Tako - Potranco,Daniela Torres,23,,Lobby,,10/21/25 7:10 AM,10/21/25 7:12 AM,1 minute and 8 seconds,Mayra Luna
Tink-a-Tako - Potranco,Daniela Torres,22,,Lobby,,10/21/25 7:09 AM,10/21/25 7:12 AM,3 minutes and 11 seconds,Mayra Luna
Tink-a-Tako - Potranco,Juan  Camacho,25,18,Lobby,,10/21/25 7:12 AM,10/21/25 7:13 AM,37 seconds,Mayra Luna
Tink-a-Tako - Potranco,Daniela Torres,26,,Lobby,,10/21/25 7:19 AM,10/21/25 7:19 AM,31 seconds,Mayra Luna
Tink-a-Tako - Potranco,Daniela Torres,27,,Lobby,,10/21/25 7:22 AM,10/21/25 7:23 AM,33 seconds,Mayra Luna
Tink-a-Tako - Potranco,Daniela Torres,28,,Lobby,,10/21/25 7:22 AM,10/21/25 7:23 AM,1 minute and 10 seconds,Mayra Luna
Tink-a-Tako - Potranco,Juan  Camacho,15,,,2,10/21/25 6:59 AM,10/21/25 7:25 AM,25 minutes and 47 seconds,Mayra Luna
Tink-a-Tako - Potranco,Juan  Camacho,5,24,,2,10/21/25 6:35 AM,10/21/25 7:25 AM,50 minutes and 11 seconds,Mayra Luna
Tink-a-Tako - Potranco,Juan  Camacho,5,24,,2,10/21/25 6:52 AM,10/21/25 7:25 AM,32 minutes and 54 seconds,Mayra Luna
Tink-a-Tako - Potranco,Juan  Camacho,25,18,,2,10/21/25 7:13 AM,10/21/25 7:25 AM,12 minutes and 12 seconds,Mayra Luna
Tink-a-Tako - Potranco,Juan  Camacho,5,24,,2,10/21/25 6:35 AM,10/21/25 7:25 AM,50 minutes and 10 seconds,Mayra Luna
Tink-a-Tako - Potranco,Juan  Camacho,15,,,2,10/21/25 7:00 AM,10/21/25 7:25 AM,24 minutes and 55 seconds,Mayra Luna
Tink-a-Tako - Potranco,Juan  Camacho,29,,Lobby,,10/21/25 7:25 AM,10/21/25 7:28 AM,2 minutes and 41 seconds,Mayra Luna
Tink-a-Tako - Potranco,Daniela Torres,33,,Lobby,,10/21/25 7:27 AM,10/21/25 7:28 AM,49 seconds,Mayra Luna
Tink-a-Tako - Potranco,Juan  Camacho,31,,Lobby,,10/21/25 7:27 AM,10/21/25 7:31 AM,3 minutes and 56 seconds,Mayra Luna
Tink-a-Tako - Potranco,Juan  Camacho,30,21,Lobby,,10/21/25 7:26 AM,10/21/25 7:31 AM,5 minutes and 8 seconds,Mayra Luna
Tink-a-Tako - Potranco,Juan  Camacho,32,35,Lobby,,10/21/25 7:28 AM,10/21/25 7:36 AM,8 minutes and 3 seconds,Mayra Luna
Tink-a-Tako - Potranco,Daniela Torres,34,,Lobby,,10/21/25 7:35 AM,10/21/25 7:39 AM,3 minutes and 33 seconds,Mayra Luna
Tink-a-Tako - Potranco,Juan  Camacho,30,21,Lobby,,10/21/25 7:39 AM,10/21/25 7:39 AM,55 seconds,Mayra Luna
Tink-a-Tako - Potranco,Daniela Torres,36,,Lobby,,10/21/25 7:40 AM,10/21/25 7:41 AM,1 minute and 3 seconds,Mayra Luna
Tink-a-Tako - Potranco,Juan  Camacho,29,,,2,10/21/25 7:28 AM,10/21/25 7:41 AM,12 minutes and 50 seconds,Mayra Luna
Tink-a-Tako - Potranco,Juan  Camacho,32,35,,2,10/21/25 7:36 AM,10/21/25 7:41 AM,5 minutes and 10 seconds,Mayra Luna
Tink-a-Tako - Potranco,Juan  Camacho,30,21,,2,10/21/25 7:31 AM,10/21/25 7:41 AM,9 minutes and 28 seconds,Mayra Luna
Tink-a-Tako - Potranco,Daniela Torres,38,,Lobby,,10/21/25 7:41 AM,10/21/25 7:43 AM,2 minutes,Mayra Luna
Tink-a-Tako - Potranco,Daniela Torres,37,,Lobby,,10/21/25 7:40 AM,10/21/25 7:43 AM,3 minutes and 2 seconds,Mayra Luna
Tink-a-Tako - Potranco,Daniela Torres,39,,Lobby,,10/21/25 7:42 AM,10/21/25 7:44 AM,2 minutes and 22 seconds,Mayra Luna
Tink-a-Tako - Potranco,Daniela Torres,40,,Lobby,,10/21/25 7:42 AM,10/21/25 7:44 AM,2 minutes and 10 seconds,Mayra Luna
Tink-a-Tako - Potranco,Daniela Torres,41,,Lobby,,10/21/25 7:46 AM,10/21/25 7:47 AM,1 minute and 32 seconds,Mayra Luna
Tink-a-Tako - Potranco,Daniela Torres,43,,Lobby,,10/21/25 7:50 AM,10/21/25 7:51 AM,46 seconds,Mayra Luna
Tink-a-Tako - Potranco,Daniela Torres,45,,Lobby,,10/21/25 7:52 AM,10/21/25 7:53 AM,47 seconds,Mayra Luna
Tink-a-Tako - Potranco,Daniela Torres,44,,Lobby,,10/21/25 7:52 AM,10/21/25 7:54 AM,2 minutes and 3 seconds,Mayra Luna
Tink-a-Tako - Potranco,Juan  Camacho,31,,,2,10/21/25 7:31 AM,10/21/25 7:55 AM,24 minutes and 17 seconds,Mayra Luna
Tink-a-Tako - Potranco,Juan  Camacho,30,21,,2,10/21/25 7:39 AM,10/21/25 7:55 AM,15 minutes and 52 seconds,Mayra Luna
Tink-a-Tako - Potranco,Daniela Torres,46,,Lobby,,10/21/25 7:59 AM,10/21/25 8:00 AM,1 minute and 24 seconds,Mayra Luna
Tink-a-Tako - Potranco,Daniela Torres,47,,Lobby,,10/21/25 8:04 AM,10/21/25 8:05 AM,55 seconds,Mayra Luna
Tink-a-Tako - Potranco,Daniela Torres,48,,Lobby,,10/21/25 8:07 AM,10/21/25 8:09 AM,1 minute and 8 seconds,Mayra Luna
Tink-a-Tako - Potranco,Daniela Torres,50,,Lobby,,10/21/25 8:08 AM,10/21/25 8:09 AM,53 seconds,Mayra Luna
Tink-a-Tako - Potranco,Daniela Torres,56,,Lobby,,10/21/25 8:14 AM,10/21/25 8:15 AM,1 minute and 11 seconds,Mayra Luna
Tink-a-Tako - Potranco,Daniela Torres,53,,Lobby,,10/21/25 8:13 AM,10/21/25 8:16 AM,2 minutes and 35 seconds,Mayra Luna
Tink-a-Tako - Potranco,Daniela Torres,51,,Lobby,,10/21/25 8:10 AM,10/21/25 8:17 AM,6 minutes and 22 seconds,Mayra Luna
Tink-a-Tako - Potranco,Daniela Torres,54,,Lobby,,10/21/25 8:14 AM,10/21/25 8:17 AM,3 minutes and 13 seconds,Mayra Luna
Tink-a-Tako - Potranco,Juan  Camacho,55,7,Lobby,,10/21/25 8:14 AM,10/21/25 8:18 AM,3 minutes and 52 seconds,Mayra Luna
Tink-a-Tako - Potranco,Maria Majana,49,12,Lobby,,10/21/25 8:08 AM,10/21/25 8:18 AM,9 minutes and 31 seconds,Mayra Luna
Tink-a-Tako - Potranco,Silvia Hernandez,61,26,Lobby,,10/21/25 8:16 AM,10/21/25 8:18 AM,1 minute and 51 seconds,Mayra Luna
Tink-a-Tako - Potranco,Juan  Camacho,58,25,Lobby,,10/21/25 8:15 AM,10/21/25 8:19 AM,4 minutes and 6 seconds,Mayra Luna
Tink-a-Tako - Potranco,Daniela Torres,62,,Lobby,,10/21/25 8:19 AM,10/21/25 8:20 AM,1 minute and 15 seconds,Mayra Luna
Tink-a-Tako - Potranco,Daniela Torres,63,,Lobby,,10/21/25 8:19 AM,10/21/25 8:21 AM,2 minutes and 3 seconds,Mayra Luna
Tink-a-Tako - Potranco,Isabel Cisneros,52,37,Lobby,,10/21/25 8:14 AM,10/21/25 8:21 AM,7 minutes and 44 seconds,Mayra Luna
Tink-a-Tako - Potranco,Daniela Torres,65,,Lobby,,10/21/25 8:21 AM,10/21/25 8:23 AM,1 minute and 49 seconds,Mayra Luna
Tink-a-Tako - Potranco,Daniela Torres,66,,Lobby,,10/21/25 8:23 AM,10/21/25 8:24 AM,1 minute and 8 seconds,Mayra Luna
Tink-a-Tako - Potranco,Juan  Camacho,60,32,Lobby,,10/21/25 8:22 AM,10/21/25 8:25 AM,3 minutes and 5 seconds,Mayra Luna
Tink-a-Tako - Potranco,Daniela Torres,68,,Lobby,,10/21/25 8:25 AM,10/21/25 8:27 AM,2 minutes and 4 seconds,Mayra Luna
Tink-a-Tako - Potranco,Juan  Camacho,64,20,Lobby,,10/21/25 8:21 AM,10/21/25 8:27 AM,6 minutes and 3 seconds,Mayra Luna
Tink-a-Tako - Potranco,Daniela Torres,73,,Lobby,,10/21/25 8:29 AM,10/21/25 8:29 AM,38 seconds,Mayra Luna
Tink-a-Tako - Potranco,Maria Majana,69,,Lobby,,10/21/25 8:27 AM,10/21/25 8:30 AM,2 minutes and 44 seconds,Mayra Luna
Tink-a-Tako - Potranco,Daniela Torres,71,,Lobby,,10/21/25 8:28 AM,10/21/25 8:33 AM,4 minutes and 42 seconds,Mayra Luna
Tink-a-Tako - Potranco,Daniela Torres,74,,Lobby,,10/21/25 8:32 AM,10/21/25 8:33 AM,34 seconds,Mayra Luna
Tink-a-Tako - Potranco,Isabel Cisneros,72,24,Lobby,,10/21/25 8:28 AM,10/21/25 8:33 AM,4 minutes and 45 seconds,Mayra Luna
Tink-a-Tako - Potranco,Daniela Torres,75,,Lobby,,10/21/25 8:33 AM,10/21/25 8:34 AM,1 minute and 35 seconds,Mayra Luna
Tink-a-Tako - Potranco,Juan  Camacho,76,33,Lobby,,10/21/25 8:35 AM,10/21/25 8:36 AM,1 minute and 7 seconds,Mayra Luna
Tink-a-Tako - Potranco,Daniela Torres,77,,Lobby,,10/21/25 8:36 AM,10/21/25 8:36 AM,57 seconds,Mayra Luna
Tink-a-Tako - Potranco,Daniela Torres,78,,Lobby,,10/21/25 8:39 AM,10/21/25 8:41 AM,1 minute and 31 seconds,Mayra Luna
Tink-a-Tako - Potranco,Daniela Torres,82,,Lobby,,10/21/25 8:42 AM,10/21/25 8:44 AM,1 minute and 40 seconds,Mayra Luna
Tink-a-Tako - Potranco,Isabel Cisneros,52,37,,2,10/21/25 8:21 AM,10/21/25 8:44 AM,22 minutes and 35 seconds,Mayra Luna
Tink-a-Tako - Potranco,Juan  Camacho,60,32,,2,10/21/25 8:25 AM,10/21/25 8:44 AM,19 minutes and 16 seconds,Mayra Luna
Tink-a-Tako - Potranco,Maria Majana,49,12,,2,10/21/25 8:18 AM,10/21/25 8:44 AM,26 minutes and 5 seconds,Mayra Luna
Tink-a-Tako - Potranco,Juan  Camacho,55,7,,2,10/21/25 8:18 AM,10/21/25 8:44 AM,26 minutes and 14 seconds,Mayra Luna
Tink-a-Tako - Potranco,Juan  Camacho,76,33,,2,10/21/25 8:36 AM,10/21/25 8:44 AM,8 minutes and 15 seconds,Mayra Luna
Tink-a-Tako - Potranco,Silvia Hernandez,61,26,,2,10/21/25 8:18 AM,10/21/25 8:44 AM,25 minutes and 58 seconds,Mayra Luna
Tink-a-Tako - Potranco,Juan  Camacho,58,25,,2,10/21/25 8:19 AM,10/21/25 8:44 AM,25 minutes and 20 seconds,Mayra Luna
Tink-a-Tako - Potranco,Juan  Camacho,64,20,,2,10/21/25 8:27 AM,10/21/25 8:44 AM,16 minutes and 55 seconds,Mayra Luna
Tink-a-Tako - Potranco,Maria Majana,69,,,2,10/21/25 8:30 AM,10/21/25 8:44 AM,14 minutes and 23 seconds,Mayra Luna
Tink-a-Tako - Potranco,Isabel Cisneros,72,24,,2,10/21/25 8:33 AM,10/21/25 8:44 AM,11 minutes and 2 seconds,Mayra Luna
Tink-a-Tako - Potranco,Daniela Torres,80,,Lobby,,10/21/25 8:41 AM,10/21/25 8:45 AM,3 minutes and 31 seconds,Mayra Luna
Tink-a-Tako - Potranco,Daniela Torres,83,,Lobby,,10/21/25 8:43 AM,10/21/25 8:45 AM,2 minutes and 16 seconds,Mayra Luna
Tink-a-Tako - Potranco,Daniela Torres,85,,Lobby,,10/21/25 8:46 AM,10/21/25 8:46 AM,15 seconds,Mayra Luna
Tink-a-Tako - Potranco,Silvia Hernandez,81,18,Lobby,,10/21/25 8:42 AM,10/21/25 8:47 AM,5 minutes and 5 seconds,Mayra Luna
Tink-a-Tako - Potranco,Daniela Torres,86,,Lobby,,10/21/25 8:47 AM,10/21/25 8:47 AM,31 seconds,Mayra Luna
Tink-a-Tako - Potranco,Daniela Torres,84,,Lobby,,10/21/25 8:43 AM,10/21/25 8:48 AM,4 minutes and 37 seconds,Mayra Luna
Tink-a-Tako - Potranco,Silvia Hernandez,81,18,,2,10/21/25 8:47 AM,10/21/25 8:48 AM,1 minute and 40 seconds,Mayra Luna
Tink-a-Tako - Potranco,Daniela Torres,87,,Lobby,,10/21/25 8:49 AM,10/21/25 8:50 AM,1 minute and 15 seconds,Mayra Luna
Tink-a-Tako - Potranco,Daniela Torres,90,,Lobby,,10/21/25 8:51 AM,10/21/25 8:52 AM,39 seconds,Mayra Luna
Tink-a-Tako - Potranco,Juan  Camacho,89,,Lobby,,10/21/25 8:51 AM,10/21/25 8:53 AM,1 minute and 31 seconds,Mayra Luna
Tink-a-Tako - Potranco,Silvia Hernandez,91,17,Lobby,,10/21/25 8:52 AM,10/21/25 8:53 AM,50 seconds,Mayra Luna
Tink-a-Tako - Potranco,Daniela Torres,92,,Lobby,,10/21/25 8:52 AM,10/21/25 8:54 AM,2 minutes and 15 seconds,Mayra Luna
Tink-a-Tako - Potranco,Daniela Torres,94,,Lobby,,10/21/25 8:53 AM,10/21/25 8:55 AM,1 minute and 58 seconds,Mayra Luna
Tink-a-Tako - Potranco,Daniela Torres,95,,Lobby,,10/21/25 8:53 AM,10/21/25 8:56 AM,2 minutes and 45 seconds,Mayra Luna
Tink-a-Tako - Potranco,Maria Majana,93,,Lobby,,10/21/25 8:53 AM,10/21/25 8:56 AM,3 minutes and 21 seconds,Mayra Luna
Tink-a-Tako - Potranco,Isabel Cisneros,88,42,Lobby,,10/21/25 8:51 AM,10/21/25 8:57 AM,6 minutes and 28 seconds,Mayra Luna
Tink-a-Tako - Potranco,Daniela Torres,97,,Lobby,,10/21/25 8:58 AM,10/21/25 8:58 AM,39 seconds,Mayra Luna
Tink-a-Tako - Potranco,Daniela Torres,99,,Lobby,,10/21/25 8:58 AM,10/21/25 9:00 AM,1 minute and 30 seconds,Mayra Luna
Tink-a-Tako - Potranco,Daniela Torres,100,,Lobby,,10/21/25 9:00 AM,10/21/25 9:01 AM,34 seconds,Mayra Luna
Tink-a-Tako - Potranco,Daniela Torres,101,,Lobby,,10/21/25 9:04 AM,10/21/25 9:05 AM,1 minute and 28 seconds,Mayra Luna
Tink-a-Tako - Potranco,Daniela Torres,102,,Lobby,,10/21/25 9:04 AM,10/21/25 9:06 AM,1 minute and 37 seconds,Mayra Luna
Tink-a-Tako - Potranco,Juan  Camacho,105,23,Lobby,,10/21/25 9:07 AM,10/21/25 9:08 AM,1 minute and 22 seconds,Mayra Luna
Tink-a-Tako - Potranco,Isabel Cisneros,104,21,Lobby,,10/21/25 9:06 AM,10/21/25 9:08 AM,2 minutes,Mayra Luna
Tink-a-Tako - Potranco,Silvia Hernandez,81,18,Lobby,,10/21/25 9:09 AM,10/21/25 9:10 AM,42 seconds,Mayra Luna
Tink-a-Tako - Potranco,Isabel Cisneros,88,42,,2,10/21/25 8:57 AM,10/21/25 9:12 AM,14 minutes and 36 seconds,Mayra Luna
Tink-a-Tako - Potranco,Maria Majana,93,,,2,10/21/25 8:56 AM,10/21/25 9:12 AM,15 minutes and 38 seconds,Mayra Luna
Tink-a-Tako - Potranco,Silvia Hernandez,91,17,,2,10/21/25 8:53 AM,10/21/25 9:12 AM,19 minutes and 2 seconds,Mayra Luna
Tink-a-Tako - Potranco,Juan  Camacho,105,23,,2,10/21/25 9:08 AM,10/21/25 9:12 AM,3 minutes and 32 seconds,Mayra Luna
Tink-a-Tako - Potranco,Silvia Hernandez,81,18,,2,10/21/25 9:10 AM,10/21/25 9:12 AM,1 minute and 48 seconds,Mayra Luna
Tink-a-Tako - Potranco,Isabel Cisneros,104,21,,2,10/21/25 9:08 AM,10/21/25 9:12 AM,3 minutes and 32 seconds,Mayra Luna
Tink-a-Tako - Potranco,Juan  Camacho,89,,,2,10/21/25 8:53 AM,10/21/25 9:12 AM,19 minutes and 14 seconds,Mayra Luna
Tink-a-Tako - Potranco,Daniela Torres,109,,Lobby,,10/21/25 9:13 AM,10/21/25 9:14 AM,1 minute and 13 seconds,Mayra Luna
Tink-a-Tako - Potranco,Maria Majana,106,,Lobby,,10/21/25 9:11 AM,10/21/25 9:15 AM,4 minutes and 14 seconds,Mayra Luna
Tink-a-Tako - Potranco,Juan  Camacho,108,32,Prep,,10/21/25 9:12 AM,10/21/25 9:16 AM,4 minutes and 5 seconds,Mayra Luna
Tink-a-Tako - Potranco,Juan  Camacho,108,32,Lobby,,10/21/25 9:12 AM,10/21/25 9:16 AM,4 minutes and 5 seconds,Mayra Luna
Tink-a-Tako - Potranco,Daniela Torres,103,,Lobby,,10/21/25 9:13 AM,10/21/25 9:18 AM,4 minutes and 43 seconds,Mayra Luna
Tink-a-Tako - Potranco,Daniela Torres,112,,Lobby,,10/21/25 9:19 AM,10/21/25 9:20 AM,24 seconds,Mayra Luna
Tink-a-Tako - Potranco,Daniela Torres,111,,Lobby,,10/21/25 9:19 AM,10/21/25 9:20 AM,1 minute and 10 seconds,Mayra Luna
Tink-a-Tako - Potranco,Juan  Camacho,105,23,Lobby,,10/21/25 9:22 AM,10/21/25 9:22 AM,21 seconds,Mayra Luna
Tink-a-Tako - Potranco,Daniela Torres,116,,Lobby,,10/21/25 9:22 AM,10/21/25 9:23 AM,1 minute and 36 seconds,Mayra Luna
Tink-a-Tako - Potranco,Maria Majana,115,,Lobby,,10/21/25 9:22 AM,10/21/25 9:24 AM,1 minute and 56 seconds,Mayra Luna
Tink-a-Tako - Potranco,Juan  Camacho,108,32,,2,10/21/25 9:16 AM,10/21/25 9:27 AM,11 minutes and 9 seconds,Mayra Luna
Tink-a-Tako - Potranco,Juan  Camacho,105,23,,2,10/21/25 9:22 AM,10/21/25 9:27 AM,4 minutes and 55 seconds,Mayra Luna
Tink-a-Tako - Potranco,Maria Majana,106,,,2,10/21/25 9:15 AM,10/21/25 9:27 AM,11 minutes and 56 seconds,Mayra Luna
Tink-a-Tako - Potranco,Maria Majana,115,,,2,10/21/25 9:24 AM,10/21/25 9:27 AM,2 minutes and 48 seconds,Mayra Luna
Tink-a-Tako - Potranco,Isabel Cisneros,110,22,Lobby,,10/21/25 9:18 AM,10/21/25 9:28 AM,9 minutes and 49 seconds,Mayra Luna
Tink-a-Tako - Potranco,Maria Majana,114,,Lobby,,10/21/25 9:24 AM,10/21/25 9:29 AM,4 minutes and 57 seconds,Mayra Luna
Tink-a-Tako - Potranco,Silvia Hernandez,119,24,Lobby,,10/21/25 9:27 AM,10/21/25 9:29 AM,2 minutes and 37 seconds,Mayra Luna
Tink-a-Tako - Potranco,Daniela Torres,121,,Lobby,,10/21/25 9:29 AM,10/21/25 9:31 AM,2 minutes and 10 seconds,Mayra Luna
Tink-a-Tako - Potranco,Daniela Torres,120,,Lobby,,10/21/25 9:28 AM,10/21/25 9:32 AM,3 minutes and 21 seconds,Mayra Luna
Tink-a-Tako - Potranco,Daniela Torres,117,,Lobby,,10/21/25 9:31 AM,10/21/25 9:32 AM,29 seconds,Mayra Luna
Tink-a-Tako - Potranco,Maria Majana,118,,Lobby,,10/21/25 9:33 AM,10/21/25 9:34 AM,58 seconds,Mayra Luna
Tink-a-Tako - Potranco,Maria Majana,79,,Lobby,,10/21/25 9:33 AM,10/21/25 9:34 AM,1 minute and 33 seconds,Mayra Luna
Tink-a-Tako - Potranco,Isabel Cisneros,122,37,Lobby,,10/21/25 9:32 AM,10/21/25 9:36 AM,4 minutes and 14 seconds,Mayra Luna
Tink-a-Tako - Potranco,Juan  Camacho,124,25,Lobby,,10/21/25 9:34 AM,10/21/25 9:37 AM,3 minutes and 11 seconds,Mayra Luna
Tink-a-Tako - Potranco,Juan  Camacho,125,8,Lobby,,10/21/25 9:34 AM,10/21/25 9:37 AM,3 minutes and 12 seconds,Mayra Luna
Tink-a-Tako - Potranco,Daniela Torres,126,,Lobby,,10/21/25 9:37 AM,10/21/25 9:40 AM,3 minutes and 36 seconds,Mayra Luna
Tink-a-Tako - Potranco,Maria Majana,129,33,Lobby,,10/21/25 9:40 AM,10/21/25 9:42 AM,1 minute and 58 seconds,Mayra Luna
Tink-a-Tako - Potranco,Isabel Cisneros,122,37,,2,10/21/25 9:36 AM,10/21/25 9:43 AM,6 minutes and 18 seconds,Mayra Luna
Tink-a-Tako - Potranco,Silvia Hernandez,119,24,,2,10/21/25 9:29 AM,10/21/25 9:43 AM,13 minutes and 27 seconds,Mayra Luna
Tink-a-Tako - Potranco,Juan  Camacho,124,25,,2,10/21/25 9:37 AM,10/21/25 9:43 AM,5 minutes and 57 seconds,Mayra Luna
Tink-a-Tako - Potranco,Isabel Cisneros,110,22,,2,10/21/25 9:28 AM,10/21/25 9:43 AM,14 minutes and 55 seconds,Mayra Luna
Tink-a-Tako - Potranco,Juan  Camacho,125,8,,2,10/21/25 9:37 AM,10/21/25 9:43 AM,5 minutes and 15 seconds,Mayra Luna
Tink-a-Tako - Potranco,Maria Majana,118,,,2,10/21/25 9:34 AM,10/21/25 9:43 AM,8 minutes and 27 seconds,Mayra Luna
Tink-a-Tako - Potranco,Maria Majana,114,,,2,10/21/25 9:29 AM,10/21/25 9:43 AM,14 minutes and 5 seconds,Mayra Luna
Tink-a-Tako - Potranco,Maria Majana,129,33,,2,10/21/25 9:42 AM,10/21/25 9:43 AM,31 seconds,Mayra Luna
Tink-a-Tako - Potranco,Maria Majana,79,,,2,10/21/25 9:34 AM,10/21/25 9:43 AM,8 minutes and 35 seconds,Mayra Luna
Tink-a-Tako - Potranco,Isabel Cisneros,128,18,Lobby,,10/21/25 9:38 AM,10/21/25 9:45 AM,7 minutes and 27 seconds,Mayra Luna
Tink-a-Tako - Potranco,Silvia Hernandez,127,31,Lobby,,10/21/25 9:39 AM,10/21/25 9:46 AM,7 minutes and 42 seconds,Mayra Luna
Tink-a-Tako - Potranco,Silvia Hernandez,127,31,Tortillero,,10/21/25 9:39 AM,10/21/25 9:46 AM,7 minutes and 42 seconds,Mayra Luna
Tink-a-Tako - Potranco,Silvia Hernandez,127,31,Prep,,10/21/25 9:39 AM,10/21/25 9:46 AM,7 minutes and 42 seconds,Mayra Luna
Tink-a-Tako - Potranco,Juan  Camacho,131,,Lobby,,10/21/25 9:47 AM,10/21/25 9:49 AM,1 minute and 48 seconds,Mayra Luna
Tink-a-Tako - Potranco,Silvia Hernandez,130,17,Lobby,,10/21/25 9:47 AM,10/21/25 9:51 AM,3 minutes and 57 seconds,Mayra Luna
Tink-a-Tako - Potranco,Maria Majana,114,,Lobby,,10/21/25 9:42 AM,10/21/25 9:51 AM,8 minutes and 50 seconds,Mayra Luna
Tink-a-Tako - Potranco,Maria Majana,129,33,Lobby,,10/21/25 9:51 AM,10/21/25 9:52 AM,1 minute and 5 seconds,Mayra Luna
Tink-a-Tako - Potranco,Isabel Cisneros,122,37,Lobby,,10/21/25 9:52 AM,10/21/25 9:52 AM,28 seconds,Mayra Luna
Tink-a-Tako - Potranco,Juan  Camacho,131,,,2,10/21/25 9:49 AM,10/21/25 9:52 AM,3 minutes and 24 seconds,Mayra Luna
Tink-a-Tako - Potranco,Silvia Hernandez,130,17,,2,10/21/25 9:51 AM,10/21/25 9:52 AM,1 minute and 27 seconds,Mayra Luna
Tink-a-Tako - Potranco,Silvia Hernandez,127,31,,2,10/21/25 9:46 AM,10/21/25 9:52 AM,6 minutes and 10 seconds,Mayra Luna
Tink-a-Tako - Potranco,Maria Majana,114,,,2,10/21/25 9:51 AM,10/21/25 9:52 AM,1 minute and 15 seconds,Mayra Luna
Tink-a-Tako - Potranco,Isabel Cisneros,122,37,,2,10/21/25 9:52 AM,10/21/25 9:53 AM,31 seconds,Mayra Luna
Tink-a-Tako - Potranco,Isabel Cisneros,128,18,,2,10/21/25 9:45 AM,10/21/25 9:53 AM,7 minutes and 17 seconds,Mayra Luna
Tink-a-Tako - Potranco,Maria Majana,129,33,,2,10/21/25 9:52 AM,10/21/25 9:53 AM,50 seconds,Mayra Luna
Tink-a-Tako - Potranco,Maria Majana,114,,Lobby,,10/21/25 9:49 AM,10/21/25 9:53 AM,3 minutes and 33 seconds,Mayra Luna
Tink-a-Tako - Potranco,Isabel Cisneros,132,20,Lobby,,10/21/25 9:50 AM,10/21/25 9:55 AM,5 minutes and 16 seconds,Mayra Luna
Tink-a-Tako - Potranco,Silvia Hernandez,133,7,Lobby,,10/21/25 9:54 AM,10/21/25 9:55 AM,1 minute and 50 seconds,Mayra Luna
Tink-a-Tako - Potranco,Silvia Hernandez,127,31,Lobby,,10/21/25 9:50 AM,10/21/25 9:55 AM,5 minutes and 26 seconds,Mayra Luna
Tink-a-Tako - Potranco,Daniela Torres,134,,Lobby,,10/21/25 9:56 AM,10/21/25 10:00 AM,3 minutes and 49 seconds,Mayra Luna
Tink-a-Tako - Potranco,Daniela Torres,134,,Tortillero,,10/21/25 9:56 AM,10/21/25 10:00 AM,3 minutes and 49 seconds,Mayra Luna
Tink-a-Tako - Potranco,Daniela Torres,134,,Prep,,10/21/25 9:56 AM,10/21/25 10:00 AM,3 minutes and 49 seconds,Mayra Luna
Tink-a-Tako - Potranco,Daniela Torres,135,,Lobby,,10/21/25 9:58 AM,10/21/25 10:00 AM,2 minutes and 46 seconds,Mayra Luna
Tink-a-Tako - Potranco,Juan  Camacho,136,38,Lobby,,10/21/25 9:58 AM,10/21/25 10:03 AM,4 minutes and 57 seconds,Mayra Luna
Tink-a-Tako - Potranco,Silvia Hernandez,138,26,Lobby,,10/21/25 9:59 AM,10/21/25 10:03 AM,3 minutes and 9 seconds,Mayra Luna
Tink-a-Tako - Potranco,Juan  Camacho,141,15,Lobby,,10/21/25 10:01 AM,10/21/25 10:03 AM,2 minutes and 1 second,Mayra Luna
Tink-a-Tako - Potranco,Silvia Hernandez,130,17,Prep,,10/21/25 10:03 AM,10/21/25 10:03 AM,43 seconds,Mayra Luna
Tink-a-Tako - Potranco,Silvia Hernandez,130,17,Lobby,,10/21/25 10:03 AM,10/21/25 10:03 AM,43 seconds,Mayra Luna
Tink-a-Tako - Potranco,Isabel Cisneros,140,25,Lobby,,10/21/25 10:00 AM,10/21/25 10:04 AM,3 minutes and 53 seconds,Mayra Luna
Tink-a-Tako - Potranco,Isabel Cisneros,140,25,Tortillero,,10/21/25 10:00 AM,10/21/25 10:04 AM,3 minutes and 53 seconds,Mayra Luna
Tink-a-Tako - Potranco,Daniela Torres,137,,Lobby,,10/21/25 9:59 AM,10/21/25 10:06 AM,6 minutes and 55 seconds,Mayra Luna
Tink-a-Tako - Potranco,Isabel Cisneros,132,20,Prep,,10/21/25 10:00 AM,10/21/25 10:06 AM,5 minutes and 53 seconds,Mayra Luna
Tink-a-Tako - Potranco,Isabel Cisneros,132,20,Lobby,,10/21/25 10:00 AM,10/21/25 10:06 AM,5 minutes and 53 seconds,Mayra Luna
Tink-a-Tako - Potranco,Isabel Cisneros,132,20,Tortillero,,10/21/25 10:00 AM,10/21/25 10:06 AM,5 minutes and 53 seconds,Mayra Luna
Tink-a-Tako - Potranco,Isabel Cisneros,142,3,Lobby,,10/21/25 10:04 AM,10/21/25 10:07 AM,2 minutes and 58 seconds,Mayra Luna
Tink-a-Tako - Potranco,Daniela Torres,139,,Lobby,,10/21/25 10:04 AM,10/21/25 10:09 AM,5 minutes and 3 seconds,Mayra Luna
Tink-a-Tako - Potranco,Daniela Torres,139,,Prep,,10/21/25 10:04 AM,10/21/25 10:09 AM,5 minutes and 3 seconds,Mayra Luna
Tink-a-Tako - Potranco,Silvia Hernandez,144,24,Lobby,,10/21/25 10:08 AM,10/21/25 10:11 AM,2 minutes and 52 seconds,Mayra Luna
Tink-a-Tako - Potranco,Maria Majana,114,,,2,10/21/25 9:53 AM,10/21/25 10:11 AM,18 minutes and 14 seconds,Mayra Luna
Tink-a-Tako - Potranco,Isabel Cisneros,132,20,,2,10/21/25 9:55 AM,10/21/25 10:11 AM,15 minutes and 43 seconds,Mayra Luna
Tink-a-Tako - Potranco,Silvia Hernandez,127,31,,2,10/21/25 9:55 AM,10/21/25 10:11 AM,15 minutes and 44 seconds,Mayra Luna
Tink-a-Tako - Potranco,Silvia Hernandez,144,24,,2,10/21/25 10:11 AM,10/21/25 10:11 AM,41 seconds,Mayra Luna
Tink-a-Tako - Potranco,Juan  Camacho,136,38,,2,10/21/25 10:03 AM,10/21/25 10:11 AM,8 minutes and 36 seconds,Mayra Luna
Tink-a-Tako - Potranco,Silvia Hernandez,133,7,,2,10/21/25 9:55 AM,10/21/25 10:11 AM,15 minutes and 46 seconds,Mayra Luna
Tink-a-Tako - Potranco,Isabel Cisneros,142,3,,2,10/21/25 10:07 AM,10/21/25 10:11 AM,4 minutes and 25 seconds,Mayra Luna
Tink-a-Tako - Potranco,Silvia Hernandez,130,17,,2,10/21/25 10:03 AM,10/21/25 10:11 AM,7 minutes and 52 seconds,Mayra Luna
Tink-a-Tako - Potranco,Isabel Cisneros,132,20,,2,10/21/25 10:06 AM,10/21/25 10:11 AM,4 minutes and 56 seconds,Mayra Luna
Tink-a-Tako - Potranco,Silvia Hernandez,138,26,,2,10/21/25 10:03 AM,10/21/25 10:11 AM,8 minutes and 46 seconds,Mayra Luna
Tink-a-Tako - Potranco,Isabel Cisneros,140,25,,2,10/21/25 10:04 AM,10/21/25 10:11 AM,7 minutes and 5 seconds,Mayra Luna
Tink-a-Tako - Potranco,Juan  Camacho,141,15,,2,10/21/25 10:03 AM,10/21/25 10:11 AM,7 minutes and 55 seconds,Mayra Luna
Tink-a-Tako - Potranco,Daniela Torres,143,,Lobby,,10/21/25 10:11 AM,10/21/25 10:14 AM,2 minutes and 17 seconds,Mayra Luna
Tink-a-Tako - Potranco,Daniela Torres,145,,Lobby,,10/21/25 10:16 AM,10/21/25 10:16 AM,22 seconds,Mayra Luna
Tink-a-Tako - Potranco,Silvia Hernandez,130,17,Lobby,,10/21/25 10:16 AM,10/21/25 10:18 AM,2 minutes and 27 seconds,Mayra Luna
Tink-a-Tako - Potranco,Isabel Cisneros,149,37,Lobby,,10/21/25 10:18 AM,10/21/25 10:20 AM,1 minute and 47 seconds,Mayra Luna
Tink-a-Tako - Potranco,Daniela Torres,146,,Lobby,,10/21/25 10:17 AM,10/21/25 10:20 AM,2 minutes and 16 seconds,Mayra Luna
Tink-a-Tako - Potranco,Daniela Torres,148,,Lobby,,10/21/25 10:21 AM,10/21/25 10:22 AM,30 seconds,Mayra Luna
Tink-a-Tako - Potranco,Juan  Camacho,153,31,Lobby,,10/21/25 10:22 AM,10/21/25 10:23 AM,40 seconds,Mayra Luna
Tink-a-Tako - Potranco,Juan  Camacho,153,31,Prep,,10/21/25 10:22 AM,10/21/25 10:23 AM,1 minute and 1 second,Mayra Luna
Tink-a-Tako - Potranco,Juan  Camacho,153,31,Lobby,,10/21/25 10:22 AM,10/21/25 10:23 AM,1 minute and 1 second,Mayra Luna
Tink-a-Tako - Potranco,Silvia Hernandez,150,18,Lobby,,10/21/25 10:20 AM,10/21/25 10:25 AM,4 minutes and 47 seconds,Mayra Luna
Tink-a-Tako - Potranco,Silvia Hernandez,150,18,Prep,,10/21/25 10:20 AM,10/21/25 10:25 AM,4 minutes and 47 seconds,Mayra Luna
Tink-a-Tako - Potranco,Silvia Hernandez,150,18,Tortillero,,10/21/25 10:20 AM,10/21/25 10:25 AM,4 minutes and 47 seconds,Mayra Luna
Tink-a-Tako - Potranco,Isabel Cisneros,154,7,Lobby,,10/21/25 10:25 AM,10/21/25 10:28 AM,2 minutes and 37 seconds,Mayra Luna
Tink-a-Tako - Potranco,Daniela Torres,151,,Lobby,,10/21/25 10:26 AM,10/21/25 10:28 AM,1 minute and 37 seconds,Mayra Luna
Tink-a-Tako - Potranco,Daniela Torres,155,,Lobby,,10/21/25 10:27 AM,10/21/25 10:29 AM,1 minute and 56 seconds,Mayra Luna
Tink-a-Tako - Potranco,Silvia Hernandez,160,35,Lobby,,10/21/25 10:29 AM,10/21/25 10:30 AM,1 minute and 4 seconds,Mayra Luna
Tink-a-Tako - Potranco,Isabel Cisneros,156,8,Lobby,,10/21/25 10:27 AM,10/21/25 10:31 AM,4 minutes and 2 seconds,Mayra Luna
Tink-a-Tako - Potranco,Juan  Camacho,136,38,Prep,,10/21/25 10:25 AM,10/21/25 10:31 AM,5 minutes and 32 seconds,Mayra Luna
Tink-a-Tako - Potranco,Juan  Camacho,136,38,Lobby,,10/21/25 10:25 AM,10/21/25 10:31 AM,5 minutes and 32 seconds,Mayra Luna
Tink-a-Tako - Potranco,Juan  Camacho,136,38,Tortillero,,10/21/25 10:25 AM,10/21/25 10:31 AM,5 minutes and 32 seconds,Mayra Luna
Tink-a-Tako - Potranco,Daniela Torres,157,,Lobby,,10/21/25 10:28 AM,10/21/25 10:31 AM,3 minutes and 19 seconds,Mayra Luna
Tink-a-Tako - Potranco,Daniela Torres,158,,Lobby,,10/21/25 10:28 AM,10/21/25 10:32 AM,3 minutes and 35 seconds,Mayra Luna
Tink-a-Tako - Potranco,Daniela Torres,161,,Lobby,,10/21/25 10:32 AM,10/21/25 10:33 AM,1 minute and 4 seconds,Mayra Luna
Tink-a-Tako - Potranco,Daniela Torres,159,,Lobby,,10/21/25 10:30 AM,10/21/25 10:33 AM,3 minutes and 17 seconds,Mayra Luna
Tink-a-Tako - Potranco,Juan  Camacho,136,38,,2,10/21/25 10:31 AM,10/21/25 10:34 AM,3 minutes and 9 seconds,Mayra Luna
Tink-a-Tako - Potranco,Isabel Cisneros,156,8,,2,10/21/25 10:31 AM,10/21/25 10:34 AM,3 minutes and 10 seconds,Mayra Luna
Tink-a-Tako - Potranco,Silvia Hernandez,150,18,,2,10/21/25 10:25 AM,10/21/25 10:34 AM,9 minutes and 2 seconds,Mayra Luna
Tink-a-Tako - Potranco,Daniela Torres,163,,Lobby,,10/21/25 10:34 AM,10/21/25 10:34 AM,23 seconds,Mayra Luna
Tink-a-Tako - Potranco,Isabel Cisneros,154,7,,2,10/21/25 10:28 AM,10/21/25 10:34 AM,6 minutes and 10 seconds,Mayra Luna
Tink-a-Tako - Potranco,Juan  Camacho,153,31,,2,10/21/25 10:23 AM,10/21/25 10:34 AM,11 minutes and 20 seconds,Mayra Luna
Tink-a-Tako - Potranco,Isabel Cisneros,149,37,,2,10/21/25 10:20 AM,10/21/25 10:34 AM,14 minutes and 24 seconds,Mayra Luna
Tink-a-Tako - Potranco,Juan  Camacho,162,,Lobby,,10/21/25 10:33 AM,10/21/25 10:34 AM,1 minute and 12 seconds,Mayra Luna
Tink-a-Tako - Potranco,Silvia Hernandez,130,17,,2,10/21/25 10:18 AM,10/21/25 10:34 AM,15 minutes and 42 seconds,Mayra Luna
Tink-a-Tako - Potranco,Juan  Camacho,153,31,,2,10/21/25 10:23 AM,10/21/25 10:34 AM,11 minutes and 14 seconds,Mayra Luna
Tink-a-Tako - Potranco,Juan  Camacho,162,,,2,10/21/25 10:34 AM,10/21/25 10:34 AM,9 seconds,Mayra Luna
Tink-a-Tako - Potranco,Silvia Hernandez,160,35,,2,10/21/25 10:30 AM,10/21/25 10:34 AM,4 minutes and 33 seconds,Mayra Luna
Tink-a-Tako - Potranco,Daniela Torres,164,,Lobby,,10/21/25 10:35 AM,10/21/25 10:36 AM,45 seconds,Mayra Luna
Tink-a-Tako - Potranco,Maria Majana,166,,Lobby,,10/21/25 10:38 AM,10/21/25 10:39 AM,47 seconds,Mayra Luna
Tink-a-Tako - Potranco,Daniela Torres,168,,Lobby,,10/21/25 10:40 AM,10/21/25 10:42 AM,2 minutes and 6 seconds,Mayra Luna
Tink-a-Tako - Potranco,Daniela Torres,169,,Lobby,,10/21/25 10:41 AM,10/21/25 10:44 AM,2 minutes and 53 seconds,Mayra Luna
Tink-a-Tako - Potranco,Daniela Torres,172,,Lobby,,10/21/25 10:44 AM,10/21/25 10:45 AM,1 minute and 13 seconds,Mayra Luna
Tink-a-Tako - Potranco,Daniela Torres,173,,Lobby,,10/21/25 10:45 AM,10/21/25 10:46 AM,53 seconds,Mayra Luna
Tink-a-Tako - Potranco,Daniela Torres,170,,Lobby,,10/21/25 10:42 AM,10/21/25 10:46 AM,4 minutes and 12 seconds,Mayra Luna
Tink-a-Tako - Potranco,Daniela Torres,174,,Lobby,,10/21/25 10:46 AM,10/21/25 10:47 AM,41 seconds,Mayra Luna
Tink-a-Tako - Potranco,Juan  Camacho,176,24,Lobby,,10/21/25 10:48 AM,10/21/25 10:50 AM,2 minutes and 26 seconds,Mayra Luna
Tink-a-Tako - Potranco,Daniela Torres,175,,Lobby,,10/21/25 10:49 AM,10/21/25 10:50 AM,1 minute and 40 seconds,Mayra Luna
Tink-a-Tako - Potranco,Daniela Torres,180,,Lobby,,10/21/25 10:54 AM,10/21/25 10:55 AM,1 minute and 11 seconds,Mayra Luna
Tink-a-Tako - Potranco,Daniela Torres,177,,Lobby,,10/21/25 10:54 AM,10/21/25 10:56 AM,2 minutes and 6 seconds,Mayra Luna
Tink-a-Tako - Potranco,Daniela Torres,181,,Lobby,,10/21/25 10:56 AM,10/21/25 10:57 AM,1 minute and 2 seconds,Mayra Luna
Tink-a-Tako - Potranco,Juan  Camacho,178,33,Lobby,,10/21/25 10:54 AM,10/21/25 10:58 AM,3 minutes and 40 seconds,Mayra Luna
Tink-a-Tako - Potranco,Juan  Camacho,179,33,Lobby,,10/21/25 10:54 AM,10/21/25 10:59 AM,4 minutes and 48 seconds,Mayra Luna
Tink-a-Tako - Potranco,Juan  Camacho,178,33,Lobby,,10/21/25 10:58 AM,10/21/25 10:59 AM,1 minute and 18 seconds,Mayra Luna
Tink-a-Tako - Potranco,Isabel Cisneros,184,25,Prep,,10/21/25 10:58 AM,10/21/25 11:03 AM,4 minutes and 38 seconds,Mayra Luna
Tink-a-Tako - Potranco,Isabel Cisneros,184,25,Lobby,,10/21/25 10:58 AM,10/21/25 11:03 AM,4 minutes and 38 seconds,Mayra Luna
Tink-a-Tako - Potranco,Juan  Camacho,178,33,Lobby,,10/21/25 11:02 AM,10/21/25 11:03 AM,32 seconds,Mayra Luna
Tink-a-Tako - Potranco,Maria Majana,183,,Lobby,,10/21/25 10:59 AM,10/21/25 11:04 AM,5 minutes and 3 seconds,Mayra Luna
Tink-a-Tako - Potranco,Daniela Torres,187,,Lobby,,10/21/25 11:05 AM,10/21/25 11:06 AM,50 seconds,Mayra Luna
Tink-a-Tako - Potranco,Silvia Hernandez,185,18,Lobby,,10/21/25 11:02 AM,10/21/25 11:06 AM,3 minutes and 52 seconds,Mayra Luna
Tink-a-Tako - Potranco,Daniela Torres,188,,Lobby,,10/21/25 11:06 AM,10/21/25 11:09 AM,2 minutes and 46 seconds,Mayra Luna
Tink-a-Tako - Potranco,Daniela Torres,182,,Lobby,,10/21/25 11:04 AM,10/21/25 11:09 AM,4 minutes and 23 seconds,Mayra Luna
Tink-a-Tako - Potranco,Daniela Torres,182,,Prep,,10/21/25 11:04 AM,10/21/25 11:09 AM,4 minutes and 23 seconds,Mayra Luna
Tink-a-Tako - Potranco,Daniela Torres,182,,Tortillero,,10/21/25 11:04 AM,10/21/25 11:09 AM,4 minutes and 23 seconds,Mayra Luna
Tink-a-Tako - Potranco,Daniela Torres,189,,Lobby,,10/21/25 11:08 AM,10/21/25 11:11 AM,2 minutes and 38 seconds,Mayra Luna
Tink-a-Tako - Potranco,Isabel Cisneros,190,7,Lobby,,10/21/25 11:07 AM,10/21/25 11:11 AM,4 minutes and 5 seconds,Mayra Luna
Tink-a-Tako - Potranco,Silvia Hernandez,191,36,Lobby,,10/21/25 11:09 AM,10/21/25 11:12 AM,3 minutes and 39 seconds,Mayra Luna
Tink-a-Tako - Potranco,Juan  Camacho,194,17,Lobby,,10/21/25 11:13 AM,10/21/25 11:14 AM,1 minute and 19 seconds,Mayra Luna
Tink-a-Tako - Potranco,Juan  Camacho,193,20,Lobby,,10/21/25 11:13 AM,10/21/25 11:15 AM,2 minutes and 7 seconds,Mayra Luna
Tink-a-Tako - Potranco,Silvia Hernandez,185,18,Lobby,,10/21/25 11:14 AM,10/21/25 11:16 AM,1 minute and 17 seconds,Mayra Luna
Tink-a-Tako - Potranco,Juan  Camacho,196,9,Lobby,,10/21/25 11:16 AM,10/21/25 11:17 AM,1 minute and 12 seconds,Mayra Luna
Tink-a-Tako - Potranco,Silvia Hernandez,195,23,Lobby,,10/21/25 11:15 AM,10/21/25 11:19 AM,3 minutes and 29 seconds,Mayra Luna
Tink-a-Tako - Potranco,Daniela Torres,192,,Lobby,,10/21/25 11:18 AM,10/21/25 11:19 AM,1 minute and 33 seconds,Mayra Luna
Tink-a-Tako - Potranco,Daniela Torres,198,,Lobby,,10/21/25 11:19 AM,10/21/25 11:21 AM,1 minute and 30 seconds,Mayra Luna
Tink-a-Tako - Potranco,Daniela Torres,198,,Prep,,10/21/25 11:19 AM,10/21/25 11:21 AM,1 minute and 30 seconds,Mayra Luna
Tink-a-Tako - Potranco,Daniela Torres,197,,Lobby,,10/21/25 11:18 AM,10/21/25 11:22 AM,3 minutes and 17 seconds,Mayra Luna
Tink-a-Tako - Potranco,Juan  Camacho,178,33,,2,10/21/25 11:03 AM,10/21/25 11:22 AM,19 minutes and 31 seconds,Mayra Luna
Tink-a-Tako - Potranco,Juan  Camacho,178,33,,2,10/21/25 10:58 AM,10/21/25 11:22 AM,24 minutes and 24 seconds,Mayra Luna
Tink-a-Tako - Potranco,Juan  Camacho,176,24,,2,10/21/25 10:50 AM,10/21/25 11:22 AM,31 minutes and 58 seconds,Mayra Luna
Tink-a-Tako - Potranco,Isabel Cisneros,184,25,,2,10/21/25 11:03 AM,10/21/25 11:22 AM,19 minutes and 29 seconds,Mayra Luna
Tink-a-Tako - Potranco,Juan  Camacho,179,33,,2,10/21/25 10:59 AM,10/21/25 11:22 AM,23 minutes and 16 seconds,Mayra Luna
Tink-a-Tako - Potranco,Juan  Camacho,196,9,,2,10/21/25 11:17 AM,10/21/25 11:22 AM,4 minutes and 51 seconds,Mayra Luna
Tink-a-Tako - Potranco,Maria Majana,166,,,2,10/21/25 10:39 AM,10/21/25 11:22 AM,43 minutes and 7 seconds,Mayra Luna
Tink-a-Tako - Potranco,Juan  Camacho,178,33,,2,10/21/25 10:59 AM,10/21/25 11:22 AM,22 minutes and 43 seconds,Mayra Luna
Tink-a-Tako - Potranco,Silvia Hernandez,185,18,,2,10/21/25 11:06 AM,10/21/25 11:22 AM,16 minutes and 9 seconds,Mayra Luna
Tink-a-Tako - Potranco,Isabel Cisneros,190,7,,2,10/21/25 11:11 AM,10/21/25 11:22 AM,11 minutes and 23 seconds,Mayra Luna
Tink-a-Tako - Potranco,Juan  Camacho,193,20,,2,10/21/25 11:15 AM,10/21/25 11:22 AM,7 minutes and 9 seconds,Mayra Luna
Tink-a-Tako - Potranco,Silvia Hernandez,191,36,,2,10/21/25 11:12 AM,10/21/25 11:22 AM,10 minutes and 2 seconds,Mayra Luna
Tink-a-Tako - Potranco,Maria Majana,183,,,2,10/21/25 11:04 AM,10/21/25 11:22 AM,18 minutes and 38 seconds,Mayra Luna
Tink-a-Tako - Potranco,Silvia Hernandez,185,18,,2,10/21/25 11:16 AM,10/21/25 11:22 AM,6 minutes and 36 seconds,Mayra Luna
Tink-a-Tako - Potranco,Juan  Camacho,194,17,,2,10/21/25 11:14 AM,10/21/25 11:22 AM,7 minutes and 47 seconds,Mayra Luna
Tink-a-Tako - Potranco,Daniela Torres,199,,Tortillero,,10/21/25 11:22 AM,10/21/25 11:23 AM,1 minute and 38 seconds,Mayra Luna
Tink-a-Tako - Potranco,Daniela Torres,199,,Lobby,,10/21/25 11:22 AM,10/21/25 11:23 AM,1 minute and 38 seconds,Mayra Luna
Tink-a-Tako - Potranco,Daniela Torres,199,,Prep,,10/21/25 11:22 AM,10/21/25 11:23 AM,1 minute and 38 seconds,Mayra Luna
Tink-a-Tako - Potranco,Isabel Cisneros,200,38,Lobby,,10/21/25 11:20 AM,10/21/25 11:24 AM,4 minutes and 8 seconds,Mayra Luna
Tink-a-Tako - Potranco,Isabel Cisneros,200,38,,2,10/21/25 11:24 AM,10/21/25 11:25 AM,1 minute and 11 seconds,Mayra Luna
Tink-a-Tako - Potranco,Silvia Hernandez,195,23,,2,10/21/25 11:19 AM,10/21/25 11:25 AM,6 minutes,Mayra Luna
Tink-a-Tako - Potranco,Daniela Torres,204,,Tortillero,,10/21/25 11:29 AM,10/21/25 11:30 AM,15 seconds,Mayra Luna
Tink-a-Tako - Potranco,Daniela Torres,204,,Lobby,,10/21/25 11:29 AM,10/21/25 11:30 AM,15 seconds,Mayra Luna
Tink-a-Tako - Potranco,Daniela Torres,204,,Prep,,10/21/25 11:29 AM,10/21/25 11:30 AM,15 seconds,Mayra Luna
Tink-a-Tako - Potranco,Daniela Torres,201,,Lobby,,10/21/25 11:28 AM,10/21/25 11:30 AM,2 minutes and 30 seconds,Mayra Luna
Tink-a-Tako - Potranco,Isabel Cisneros,202,22,Prep,,10/21/25 11:28 AM,10/21/25 11:33 AM,5 minutes and 36 seconds,Mayra Luna
Tink-a-Tako - Potranco,Isabel Cisneros,202,22,Lobby,,10/21/25 11:28 AM,10/21/25 11:33 AM,5 minutes and 36 seconds,Mayra Luna
Tink-a-Tako - Potranco,Juan  Camacho,206,37,Lobby,,10/21/25 11:30 AM,10/21/25 11:33 AM,3 minutes and 26 seconds,Mayra Luna
Tink-a-Tako - Potranco,Daniela Torres,205,,Lobby,,10/21/25 11:31 AM,10/21/25 11:36 AM,4 minutes and 29 seconds,Mayra Luna
Tink-a-Tako - Potranco,Daniela Torres,210,,Lobby,,10/21/25 11:35 AM,10/21/25 11:36 AM,1 minute and 1 second,Mayra Luna
Tink-a-Tako - Potranco,Silvia Hernandez,209,21,Lobby,,10/21/25 11:33 AM,10/21/25 11:37 AM,3 minutes and 42 seconds,Mayra Luna
Tink-a-Tako - Potranco,Daniela Torres,208,,Lobby,,10/21/25 11:35 AM,10/21/25 11:38 AM,2 minutes and 53 seconds,Mayra Luna
Tink-a-Tako - Potranco,Isabel Cisneros,202,22,Lobby,,10/21/25 11:35 AM,10/21/25 11:38 AM,2 minutes and 28 seconds,Mayra Luna
Tink-a-Tako - Potranco,Maria Majana,203,,Lobby,,10/21/25 11:31 AM,10/21/25 11:40 AM,8 minutes and 42 seconds,Mayra Luna
Tink-a-Tako - Potranco,Daniela Torres,211,,Lobby,,10/21/25 11:40 AM,10/21/25 11:40 AM,37 seconds,Mayra Luna
Tink-a-Tako - Potranco,Isabel Cisneros,202,22,,2,10/21/25 11:33 AM,10/21/25 11:42 AM,9 minutes and 14 seconds,Mayra Luna
Tink-a-Tako - Potranco,Maria Majana,203,,,2,10/21/25 11:40 AM,10/21/25 11:42 AM,2 minutes and 47 seconds,Mayra Luna
Tink-a-Tako - Potranco,Juan  Camacho,206,37,,2,10/21/25 11:33 AM,10/21/25 11:43 AM,9 minutes and 16 seconds,Mayra Luna
Tink-a-Tako - Potranco,Isabel Cisneros,202,22,,2,10/21/25 11:38 AM,10/21/25 11:43 AM,4 minutes and 38 seconds,Mayra Luna
Tink-a-Tako - Potranco,Silvia Hernandez,209,21,,2,10/21/25 11:37 AM,10/21/25 11:43 AM,5 minutes and 48 seconds,Mayra Luna
Tink-a-Tako - Potranco,Daniela Torres,212,,Lobby,,10/21/25 11:42 AM,10/21/25 11:48 AM,6 minutes and 9 seconds,Mayra Luna
Tink-a-Tako - Potranco,Isabel Cisneros,214,8,Lobby,,10/21/25 11:42 AM,10/21/25 11:49 AM,6 minutes and 38 seconds,Mayra Luna
Tink-a-Tako - Potranco,Daniela Torres,216,,Lobby,,10/21/25 11:45 AM,10/21/25 11:49 AM,4 minutes and 56 seconds,Mayra Luna
Tink-a-Tako - Potranco,Isabel Cisneros,202,22,Lobby,,10/21/25 11:40 AM,10/21/25 11:50 AM,9 minutes and 9 seconds,Mayra Luna
Tink-a-Tako - Potranco,Juan  Camacho,213,24,Lobby,,10/21/25 11:42 AM,10/21/25 11:50 AM,7 minutes and 42 seconds,Mayra Luna
Tink-a-Tako - Potranco,Daniela Torres,215,,Lobby,,10/21/25 11:44 AM,10/21/25 11:52 AM,8 minutes and 20 seconds,Mayra Luna
Tink-a-Tako - Potranco,Daniela Torres,215,,Prep,,10/21/25 11:44 AM,10/21/25 11:52 AM,8 minutes and 20 seconds,Mayra Luna
Tink-a-Tako - Potranco,Daniela Torres,218,,Lobby,,10/21/25 11:45 AM,10/21/25 11:53 AM,7 minutes and 25 seconds,Mayra Luna
Tink-a-Tako - Potranco,Daniela Torres,219,,Lobby,,10/21/25 11:47 AM,10/21/25 11:53 AM,6 minutes and 36 seconds,Mayra Luna
Tink-a-Tako - Potranco,Juan  Camacho,223,19,Lobby,,10/21/25 11:50 AM,10/21/25 11:54 AM,4 minutes and 18 seconds,Mayra Luna
Tink-a-Tako - Potranco,Juan  Camacho,224,19,Lobby,,10/21/25 11:50 AM,10/21/25 11:54 AM,4 minutes and 19 seconds,Mayra Luna
Tink-a-Tako - Potranco,Isabel Cisneros,221,15,Lobby,,10/21/25 11:48 AM,10/21/25 11:55 AM,6 minutes and 51 seconds,Mayra Luna
Tink-a-Tako - Potranco,Juan  Camacho,225,19,Lobby,,10/21/25 11:50 AM,10/21/25 11:55 AM,4 minutes and 57 seconds,Mayra Luna
Tink-a-Tako - Potranco,Juan  Camacho,222,19,Lobby,,10/21/25 11:50 AM,10/21/25 12:00 PM,9 minutes and 28 seconds,Mayra Luna
Tink-a-Tako - Potranco,Silvia Hernandez,217,1,Prep,,10/21/25 11:47 AM,10/21/25 11:59 AM,12 minutes and 16 seconds,Mayra Luna
Tink-a-Tako - Potranco,Silvia Hernandez,217,1,Lobby,,10/21/25 11:47 AM,10/21/25 11:59 AM,12 minutes and 16 seconds,Mayra Luna
Tink-a-Tako - Potranco,Silvia Hernandez,217,1,Tortillero,,10/21/25 11:47 AM,10/21/25 11:59 AM,12 minutes and 16 seconds,Mayra Luna
Tink-a-Tako - Potranco,Silvia Hernandez,228,25,Lobby,,10/21/25 11:56 AM,10/21/25 12:00 PM,3 minutes and 15 seconds,Mayra Luna
Tink-a-Tako - Potranco,Juan  Camacho,230,31,Lobby,,10/21/25 11:58 AM,10/21/25 12:00 PM,1 minute and 56 seconds,Mayra Luna
Tink-a-Tako - Potranco,Juan  Camacho,230,31,Lobby,,10/21/25 11:58 AM,10/21/25 12:01 PM,2 minutes and 43 seconds,Mayra Luna
Tink-a-Tako - Potranco,Juan  Camacho,224,19,Lobby,,10/21/25 12:00 PM,10/21/25 12:02 PM,1 minute and 34 seconds,Mayra Luna
Tink-a-Tako - Potranco,Isabel Cisneros,227,38,Lobby,,10/21/25 11:55 AM,10/21/25 12:02 PM,7 minutes and 22 seconds,Mayra Luna
Tink-a-Tako - Potranco,Daniela Torres,220,,Lobby,,10/21/25 11:55 AM,10/21/25 12:02 PM,7 minutes and 55 seconds,Mayra Luna
Tink-a-Tako - Potranco,Daniela Torres,226,,Lobby,,10/21/25 11:58 AM,10/21/25 12:03 PM,4 minutes and 51 seconds,Mayra Luna
Tink-a-Tako - Potranco,Daniela Torres,231,,Lobby,,10/21/25 12:00 PM,10/21/25 12:04 PM,3 minutes and 55 seconds,Mayra Luna
Tink-a-Tako - Potranco,Maria Majana,233,,Lobby,,10/21/25 12:05 PM,10/21/25 12:06 PM,59 seconds,Mayra Luna
Tink-a-Tako - Potranco,Maria Majana,234,,Lobby,,10/21/25 12:06 PM,10/21/25 12:06 PM,24 seconds,Mayra Luna
Tink-a-Tako - Potranco,Daniela Torres,238,,Lobby,,10/21/25 12:08 PM,10/21/25 12:10 PM,1 minute and 23 seconds,Mayra Luna
Tink-a-Tako - Potranco,Maria Majana,235,,Lobby,,10/21/25 12:08 PM,10/21/25 12:11 PM,3 minutes and 55 seconds,Mayra Luna
Tink-a-Tako - Potranco,Daniela Torres,241,,Lobby,,10/21/25 12:12 PM,10/21/25 12:15 PM,2 minutes and 55 seconds,Mayra Luna
Tink-a-Tako - Potranco,Juan  Camacho,236,21,Lobby,,10/21/25 12:07 PM,10/21/25 12:15 PM,8 minutes and 1 second,Mayra Luna
Tink-a-Tako - Potranco,Isabel Cisneros,240,17,Lobby,,10/21/25 12:11 PM,10/21/25 12:16 PM,5 minutes and 39 seconds,Mayra Luna
Tink-a-Tako - Potranco,Daniela Torres,245,,Lobby,,10/21/25 12:19 PM,10/21/25 12:20 PM,1 minute and 6 seconds,Mayra Luna
Tink-a-Tako - Potranco,Daniela Torres,246,,Lobby,,10/21/25 12:20 PM,10/21/25 12:22 PM,2 minutes and 19 seconds,Mayra Luna
Tink-a-Tako - Potranco,Daniela Torres,246,,Prep,,10/21/25 12:20 PM,10/21/25 12:22 PM,2 minutes and 19 seconds,Mayra Luna
Tink-a-Tako - Potranco,Silvia Hernandez,247,41,Lobby,,10/21/25 12:23 PM,10/21/25 12:30 PM,7 minutes and 46 seconds,Mayra Luna
Tink-a-Tako - Potranco,Silvia Hernandez,244,7,Lobby,,10/21/25 12:17 PM,10/21/25 12:30 PM,13 minutes and 24 seconds,Mayra Luna
Tink-a-Tako - Potranco,Daniela Torres,249,,Lobby,,10/21/25 12:30 PM,10/21/25 12:30 PM,32 seconds,Mayra Luna
Tink-a-Tako - Potranco,Daniela Torres,250,,Lobby,,10/21/25 12:30 PM,10/21/25 12:31 PM,51 seconds,Mayra Luna
Tink-a-Tako - Potranco,Juan  Camacho,213,24,,2,10/21/25 11:50 AM,10/21/25 12:32 PM,42 minutes and 35 seconds,Mayra Luna
Tink-a-Tako - Potranco,Isabel Cisneros,202,22,,2,10/21/25 11:50 AM,10/21/25 12:32 PM,42 minutes and 36 seconds,Mayra Luna
Tink-a-Tako - Potranco,Isabel Cisneros,221,15,,2,10/21/25 11:55 AM,10/21/25 12:32 PM,37 minutes and 12 seconds,Mayra Luna
Tink-a-Tako - Potranco,Isabel Cisneros,214,8,,2,10/21/25 11:49 AM,10/21/25 12:32 PM,43 minutes and 22 seconds,Mayra Luna
Tink-a-Tako - Potranco,Juan  Camacho,222,19,,2,10/21/25 12:00 PM,10/21/25 12:32 PM,32 minutes and 43 seconds,Mayra Luna
Tink-a-Tako - Potranco,Silvia Hernandez,217,1,,2,10/21/25 11:59 AM,10/21/25 12:32 PM,32 minutes and 47 seconds,Mayra Luna
Tink-a-Tako - Potranco,Juan  Camacho,224,19,,2,10/21/25 12:02 PM,10/21/25 12:32 PM,30 minutes and 41 seconds,Mayra Luna
Tink-a-Tako - Potranco,Juan  Camacho,223,19,,2,10/21/25 11:54 AM,10/21/25 12:32 PM,37 minutes and 54 seconds,Mayra Luna
Tink-a-Tako - Potranco,Juan  Camacho,224,19,,2,10/21/25 11:54 AM,10/21/25 12:32 PM,37 minutes and 53 seconds,Mayra Luna
Tink-a-Tako - Potranco,Juan  Camacho,225,19,,2,10/21/25 11:55 AM,10/21/25 12:32 PM,37 minutes and 16 seconds,Mayra Luna
Tink-a-Tako - Potranco,Isabel Cisneros,227,38,,2,10/21/25 12:02 PM,10/21/25 12:32 PM,29 minutes and 53 seconds,Mayra Luna
Tink-a-Tako - Potranco,Juan  Camacho,230,31,,2,10/21/25 12:00 PM,10/21/25 12:32 PM,32 minutes and 6 seconds,Mayra Luna
Tink-a-Tako - Potranco,Silvia Hernandez,228,25,,2,10/21/25 12:00 PM,10/21/25 12:32 PM,32 minutes and 45 seconds,Mayra Luna
Tink-a-Tako - Potranco,Juan  Camacho,230,31,,2,10/21/25 12:01 PM,10/21/25 12:32 PM,31 minutes and 25 seconds,Mayra Luna
Tink-a-Tako - Potranco,Maria Majana,233,,,2,10/21/25 12:06 PM,10/21/25 12:32 PM,26 minutes and 34 seconds,Mayra Luna
Tink-a-Tako - Potranco,Maria Majana,234,,,2,10/21/25 12:06 PM,10/21/25 12:32 PM,26 minutes and 16 seconds,Mayra Luna
Tink-a-Tako - Potranco,Silvia Hernandez,247,41,,2,10/21/25 12:30 PM,10/21/25 12:32 PM,2 minutes and 6 seconds,Mayra Luna
Tink-a-Tako - Potranco,Juan  Camacho,236,21,,2,10/21/25 12:15 PM,10/21/25 12:32 PM,17 minutes and 21 seconds,Mayra Luna
Tink-a-Tako - Potranco,Isabel Cisneros,240,17,,2,10/21/25 12:16 PM,10/21/25 12:32 PM,16 minutes and 11 seconds,Mayra Luna
Tink-a-Tako - Potranco,Maria Majana,235,,,2,10/21/25 12:11 PM,10/21/25 12:32 PM,20 minutes and 54 seconds,Mayra Luna
Tink-a-Tako - Potranco,Silvia Hernandez,244,7,,2,10/21/25 12:30 PM,10/21/25 12:32 PM,2 minutes and 7 seconds,Mayra Luna
Tink-a-Tako - Potranco,Silvia Hernandez,247,41,Lobby,,10/21/25 12:32 PM,10/21/25 12:33 PM,24 seconds,Mayra Luna
Tink-a-Tako - Potranco,Silvia Hernandez,247,41,,2,10/21/25 12:33 PM,10/21/25 12:34 PM,1 minute and 3 seconds,Mayra Luna
Tink-a-Tako - Potranco,Isabel Cisneros,240,17,,2,10/21/25 12:25 PM,10/21/25 12:34 PM,8 minutes and 31 seconds,Mayra Luna
Tink-a-Tako - Potranco,Isabel Cisneros,252,,Lobby,,10/21/25 12:32 PM,10/21/25 12:34 PM,2 minutes and 52 seconds,Mayra Luna
Tink-a-Tako - Potranco,Isabel Cisneros,251,33,Lobby,,10/21/25 12:31 PM,10/21/25 12:35 PM,4 minutes and 22 seconds,Mayra Luna
Tink-a-Tako - Potranco,Juan  Camacho,248,18,Lobby,,10/21/25 12:25 PM,10/21/25 12:35 PM,10 minutes and 25 seconds,Mayra Luna
Tink-a-Tako - Potranco,Daniela Torres,253,,Lobby,,10/21/25 12:32 PM,10/21/25 12:36 PM,4 minutes,Mayra Luna
Tink-a-Tako - Potranco,Daniela Torres,256,,Lobby,,10/21/25 12:36 PM,10/21/25 12:37 PM,1 minute and 42 seconds,Mayra Luna
Tink-a-Tako - Potranco,Silvia Hernandez,255,9,Lobby,,10/21/25 12:36 PM,10/21/25 12:40 PM,3 minutes and 17 seconds,Mayra Luna
Tink-a-Tako - Potranco,Daniela Torres,257,,Lobby,,10/21/25 12:39 PM,10/21/25 12:41 PM,2 minutes and 30 seconds,Mayra Luna
Tink-a-Tako - Potranco,Daniela Torres,260,,Lobby,,10/21/25 12:43 PM,10/21/25 12:44 PM,1 minute and 32 seconds,Mayra Luna
Tink-a-Tako - Potranco,Isabel Cisneros,259,23,Lobby,,10/21/25 12:41 PM,10/21/25 12:45 PM,4 minutes and 23 seconds,Mayra Luna
Tink-a-Tako - Potranco,Juan  Camacho,258,25,Lobby,,10/21/25 12:39 PM,10/21/25 12:45 PM,5 minutes and 47 seconds,Mayra Luna
Tink-a-Tako - Potranco,Isabel Cisneros,263,11,Lobby,,10/21/25 12:47 PM,10/21/25 12:52 PM,5 minutes and 30 seconds,Mayra Luna
Tink-a-Tako - Potranco,Silvia Hernandez,264,38,Lobby,,10/21/25 12:51 PM,10/21/25 12:52 PM,1 minute and 35 seconds,Mayra Luna
Tink-a-Tako - Potranco,Juan  Camacho,265,20,Lobby,,10/21/25 12:53 PM,10/21/25 12:57 PM,4 minutes and 6 seconds,Mayra Luna
Tink-a-Tako - Potranco,Daniela Torres,267,,Lobby,,10/21/25 12:58 PM,10/21/25 1:00 PM,2 minutes and 25 seconds,Mayra Luna
Tink-a-Tako - Potranco,Silvia Hernandez,264,38,,2,10/21/25 12:52 PM,10/21/25 1:07 PM,14 minutes and 48 seconds,Mayra Luna
Tink-a-Tako - Potranco,Juan  Camacho,258,25,,2,10/21/25 12:45 PM,10/21/25 1:07 PM,21 minutes and 45 seconds,Mayra Luna
Tink-a-Tako - Potranco,Isabel Cisneros,259,23,,2,10/21/25 12:45 PM,10/21/25 1:07 PM,21 minutes and 42 seconds,Mayra Luna
Tink-a-Tako - Potranco,Juan  Camacho,265,20,,2,10/21/25 12:57 PM,10/21/25 1:07 PM,10 minutes and 13 seconds,Mayra Luna
Tink-a-Tako - Potranco,Daniela Torres,268,,Lobby,,10/21/25 1:02 PM,10/21/25 1:08 PM,5 minutes and 29 seconds,Mayra Luna
Tink-a-Tako - Potranco,Daniela Torres,268,,Prep,,10/21/25 1:02 PM,10/21/25 1:08 PM,5 minutes and 29 seconds,Mayra Luna
Tink-a-Tako - Potranco,Daniela Torres,268,,Lobby,,10/21/25 1:04 PM,10/21/25 1:08 PM,3 minutes and 59 seconds,Mayra Luna
Tink-a-Tako - Potranco,Juan  Camacho,269,34,Lobby,,10/21/25 1:01 PM,10/21/25 1:08 PM,7 minutes and 27 seconds,Mayra Luna
Tink-a-Tako - Potranco,Juan  Camacho,269,34,Prep,,10/21/25 1:01 PM,10/21/25 1:08 PM,7 minutes and 27 seconds,Mayra Luna
Tink-a-Tako - Potranco,Juan  Camacho,269,34,Tortillero,,10/21/25 1:01 PM,10/21/25 1:08 PM,7 minutes and 27 seconds,Mayra Luna
Tink-a-Tako - Potranco,Isabel Cisneros,251,33,,2,10/21/25 12:35 PM,10/21/25 1:12 PM,36 minutes and 53 seconds,Mayra Luna
Tink-a-Tako - Potranco,Silvia Hernandez,255,9,,2,10/21/25 12:40 PM,10/21/25 1:12 PM,32 minutes and 35 seconds,Mayra Luna
Tink-a-Tako - Potranco,Isabel Cisneros,252,,,2,10/21/25 12:34 PM,10/21/25 1:12 PM,37 minutes and 53 seconds,Mayra Luna
Tink-a-Tako - Potranco,Juan  Camacho,248,18,,2,10/21/25 12:35 PM,10/21/25 1:12 PM,36 minutes and 55 seconds,Mayra Luna
Tink-a-Tako - Potranco,Isabel Cisneros,263,11,,2,10/21/25 12:52 PM,10/21/25 1:12 PM,20 minutes and 12 seconds,Mayra Luna
Tink-a-Tako - Potranco,Juan  Camacho,269,34,,2,10/21/25 1:08 PM,10/21/25 1:12 PM,4 minutes and 9 seconds,Mayra Luna
Tink-a-Tako - Potranco,Silvia Hernandez,270,24,,2,10/21/25 1:03 PM,10/21/25 1:14 PM,11 minutes and 8 seconds,Mayra Luna
Tink-a-Tako - Potranco,Daniela Torres,272,,Lobby,,10/21/25 1:08 PM,10/21/25 1:15 PM,6 minutes and 14 seconds,Mayra Luna
Tink-a-Tako - Potranco,Daniela Torres,273,,Lobby,,10/21/25 1:09 PM,10/21/25 1:15 PM,6 minutes and 21 seconds,Mayra Luna
Tink-a-Tako - Potranco,Silvia Hernandez,264,38,Lobby,,10/21/25 1:11 PM,10/21/25 1:15 PM,3 minutes and 59 seconds,Mayra Luna
Tink-a-Tako - Potranco,Silvia Hernandez,270,24,Lobby,,10/21/25 1:14 PM,10/21/25 1:15 PM,1 minute and 35 seconds,Mayra Luna
Tink-a-Tako - Potranco,Juan  Camacho,278,25,Lobby,,10/21/25 1:12 PM,10/21/25 1:15 PM,3 minutes and 47 seconds,Mayra Luna
Tink-a-Tako - Potranco,Juan  Camacho,278,25,Prep,,10/21/25 1:12 PM,10/21/25 1:15 PM,3 minutes and 47 seconds,Mayra Luna
Tink-a-Tako - Potranco,Silvia Hernandez,274,7,Prep,,10/21/25 1:09 PM,10/21/25 1:15 PM,5 minutes and 55 seconds,Mayra Luna
Tink-a-Tako - Potranco,Silvia Hernandez,274,7,Lobby,,10/21/25 1:09 PM,10/21/25 1:15 PM,5 minutes and 55 seconds,Mayra Luna
Tink-a-Tako - Potranco,Silvia Hernandez,274,7,Tortillero,,10/21/25 1:09 PM,10/21/25 1:15 PM,5 minutes and 55 seconds,Mayra Luna
Tink-a-Tako - Potranco,Isabel Cisneros,263,11,Lobby,,10/21/25 1:05 PM,10/21/25 1:15 PM,9 minutes and 52 seconds,Mayra Luna
Tink-a-Tako - Potranco,Daniela Torres,275,,Lobby,,10/21/25 1:09 PM,10/21/25 1:16 PM,6 minutes and 53 seconds,Mayra Luna
Tink-a-Tako - Potranco,Daniela Torres,280,,Lobby,,10/21/25 1:15 PM,10/21/25 1:18 PM,3 minutes and 21 seconds,Mayra Luna
Tink-a-Tako - Potranco,Daniela Torres,280,,Prep,,10/21/25 1:15 PM,10/21/25 1:18 PM,3 minutes and 21 seconds,Mayra Luna
Tink-a-Tako - Potranco,Daniela Torres,276,,Tortillero,,10/21/25 1:10 PM,10/21/25 1:18 PM,8 minutes and 48 seconds,Mayra Luna
Tink-a-Tako - Potranco,Daniela Torres,276,,Lobby,,10/21/25 1:10 PM,10/21/25 1:18 PM,8 minutes and 48 seconds,Mayra Luna
Tink-a-Tako - Potranco,Daniela Torres,276,,Prep,,10/21/25 1:10 PM,10/21/25 1:18 PM,8 minutes and 48 seconds,Mayra Luna
Tink-a-Tako - Potranco,Daniela Torres,281,,Lobby,,10/21/25 1:16 PM,10/21/25 1:20 PM,4 minutes and 43 seconds,Mayra Luna
Tink-a-Tako - Potranco,Daniela Torres,281,,Prep,,10/21/25 1:16 PM,10/21/25 1:20 PM,4 minutes and 43 seconds,Mayra Luna
Tink-a-Tako - Potranco,Daniela Torres,282,,Lobby,,10/21/25 1:17 PM,10/21/25 1:22 PM,4 minutes and 26 seconds,Mayra Luna
Tink-a-Tako - Potranco,Silvia Hernandez,264,38,,2,10/21/25 1:15 PM,10/21/25 1:23 PM,7 minutes and 28 seconds,Mayra Luna
Tink-a-Tako - Potranco,Silvia Hernandez,274,7,,2,10/21/25 1:15 PM,10/21/25 1:23 PM,7 minutes and 13 seconds,Mayra Luna
Tink-a-Tako - Potranco,Isabel Cisneros,263,11,,2,10/21/25 1:15 PM,10/21/25 1:23 PM,7 minutes and 16 seconds,Mayra Luna
Tink-a-Tako - Potranco,Juan  Camacho,278,25,,2,10/21/25 1:15 PM,10/21/25 1:23 PM,7 minutes and 12 seconds,Mayra Luna
Tink-a-Tako - Potranco,Silvia Hernandez,270,24,,2,10/21/25 1:15 PM,10/21/25 1:23 PM,7 minutes and 14 seconds,Mayra Luna
Tink-a-Tako - Potranco,Isabel Cisneros,263,11,Lobby,,10/21/25 1:22 PM,10/21/25 1:23 PM,29 seconds,Mayra Luna
Tink-a-Tako - Potranco,Isabel Cisneros,286,9,Lobby,,10/21/25 1:22 PM,10/21/25 1:24 PM,2 minutes and 10 seconds,Mayra Luna
Tink-a-Tako - Potranco,Isabel Cisneros,286,9,Prep,,10/21/25 1:22 PM,10/21/25 1:24 PM,2 minutes and 10 seconds,Mayra Luna
Tink-a-Tako - Potranco,Isabel Cisneros,286,9,Tortillero,,10/21/25 1:22 PM,10/21/25 1:24 PM,2 minutes and 10 seconds,Mayra Luna
Tink-a-Tako - Potranco,Daniela Torres,284,,Lobby,,10/21/25 1:21 PM,10/21/25 1:26 PM,4 minutes and 38 seconds,Mayra Luna
Tink-a-Tako - Potranco,Daniela Torres,284,,Prep,,10/21/25 1:21 PM,10/21/25 1:26 PM,4 minutes and 38 seconds,Mayra Luna
Tink-a-Tako - Potranco,Isabel Cisneros,287,22,Lobby,,10/21/25 1:22 PM,10/21/25 1:27 PM,4 minutes and 30 seconds,Mayra Luna
Tink-a-Tako - Potranco,Silvia Hernandez,288,17,Lobby,,10/21/25 1:23 PM,10/21/25 1:27 PM,3 minutes and 32 seconds,Mayra Luna
Tink-a-Tako - Potranco,Daniela Torres,285,,Lobby,,10/21/25 1:23 PM,10/21/25 1:28 PM,4 minutes and 50 seconds,Mayra Luna
Tink-a-Tako - Potranco,Juan  Camacho,291,33,Lobby,,10/21/25 1:25 PM,10/21/25 1:29 PM,3 minutes and 38 seconds,Mayra Luna
Tink-a-Tako - Potranco,Daniela Torres,293,,Lobby,,10/21/25 1:32 PM,10/21/25 1:35 PM,2 minutes and 56 seconds,Mayra Luna
Tink-a-Tako - Potranco,Silvia Hernandez,295,23,Lobby,,10/21/25 1:34 PM,10/21/25 1:39 PM,4 minutes and 32 seconds,Mayra Luna
Tink-a-Tako - Potranco,Silvia Hernandez,296,21,Lobby,,10/21/25 1:35 PM,10/21/25 1:40 PM,4 minutes and 33 seconds,Mayra Luna
Tink-a-Tako - Potranco,Juan  Camacho,297,19,Lobby,,10/21/25 1:37 PM,10/21/25 1:41 PM,4 minutes and 5 seconds,Mayra Luna
Tink-a-Tako - Potranco,Juan  Camacho,298,25,Lobby,,10/21/25 1:40 PM,10/21/25 1:42 PM,1 minute and 52 seconds,Mayra Luna
Tink-a-Tako - Potranco,Daniela Torres,300,,Tortillero,,10/21/25 1:45 PM,10/21/25 1:50 PM,4 minutes and 15 seconds,Mayra Luna
Tink-a-Tako - Potranco,Daniela Torres,300,,Lobby,,10/21/25 1:45 PM,10/21/25 1:50 PM,4 minutes and 15 seconds,Mayra Luna
Tink-a-Tako - Potranco,Daniela Torres,300,,Prep,,10/21/25 1:45 PM,10/21/25 1:50 PM,4 minutes and 15 seconds,Mayra Luna
Tink-a-Tako - Potranco,Isabel Cisneros,299,26,Lobby,,10/21/25 1:43 PM,10/21/25 1:52 PM,9 minutes and 2 seconds,Mayra Luna
Tink-a-Tako - Potranco,Isabel Cisneros,286,9,,2,10/21/25 1:24 PM,10/21/25 1:55 PM,31 minutes and 24 seconds,Mayra Luna
Tink-a-Tako - Potranco,Isabel Cisneros,263,11,,2,10/21/25 1:23 PM,10/21/25 1:55 PM,32 minutes and 32 seconds,Mayra Luna
Tink-a-Tako - Potranco,Isabel Cisneros,287,22,,2,10/21/25 1:27 PM,10/21/25 1:55 PM,28 minutes and 43 seconds,Mayra Luna
Tink-a-Tako - Potranco,Silvia Hernandez,296,21,,2,10/21/25 1:40 PM,10/21/25 1:56 PM,15 minutes and 56 seconds,Mayra Luna
Tink-a-Tako - Potranco,Juan  Camacho,298,25,,2,10/21/25 1:42 PM,10/21/25 1:56 PM,13 minutes and 59 seconds,Mayra Luna
Tink-a-Tako - Potranco,Silvia Hernandez,288,17,,2,10/21/25 1:27 PM,10/21/25 1:56 PM,28 minutes and 50 seconds,Mayra Luna
Tink-a-Tako - Potranco,Juan  Camacho,291,33,,2,10/21/25 1:29 PM,10/21/25 1:56 PM,26 minutes and 26 seconds,Mayra Luna
Tink-a-Tako - Potranco,Silvia Hernandez,295,23,,2,10/21/25 1:39 PM,10/21/25 1:56 PM,16 minutes and 38 seconds,Mayra Luna
Tink-a-Tako - Potranco,Isabel Cisneros,299,26,,2,10/21/25 1:52 PM,10/21/25 1:56 PM,3 minutes and 53 seconds,Mayra Luna
Tink-a-Tako - Potranco,Juan  Camacho,297,19,,2,10/21/25 1:41 PM,10/21/25 1:56 PM,14 minutes and 10 seconds,Mayra Luna
Tink-a-Tako - Potranco,Maria Majana,304,,Lobby,,10/21/25 1:53 PM,10/21/25 1:56 PM,2 minutes and 49 seconds,Mayra Luna
Tink-a-Tako - Potranco,Daniela Torres,307,,Lobby,,10/21/25 1:56 PM,10/21/25 1:56 PM,34 seconds,Mayra Luna
Tink-a-Tako - Potranco,Daniela Torres,302,,Lobby,,10/21/25 1:50 PM,10/21/25 1:56 PM,6 minutes and 17 seconds,Mayra Luna
Tink-a-Tako - Potranco,Sergio Abundiz,301,18,Lobby,,10/21/25 1:50 PM,10/21/25 1:57 PM,6 minutes and 59 seconds,Mayra Luna
Tink-a-Tako - Potranco,Sergio Abundiz,301,18,Lobby,,10/21/25 1:55 PM,10/21/25 1:57 PM,1 minute and 26 seconds,Mayra Luna
Tink-a-Tako - Potranco,Sergio Abundiz,301,18,,2,10/21/25 1:57 PM,10/21/25 1:57 PM,10 seconds,Mayra Luna
Tink-a-Tako - Potranco,Juan  Camacho,306,7,Lobby,,10/21/25 1:54 PM,10/21/25 1:57 PM,3 minutes and 8 seconds,Mayra Luna
Tink-a-Tako - Potranco,Juan  Camacho,305,3,Lobby,,10/21/25 1:53 PM,10/21/25 2:07 PM,13 minutes and 40 seconds,Mayra Luna
Tink-a-Tako - Potranco,Juan  Camacho,303,3,Lobby,,10/21/25 1:53 PM,10/21/25 2:09 PM,15 minutes and 9 seconds,Mayra Luna
Tink-a-Tako - Potranco,Nadia  Reyes,312,,Lobby,,10/21/25 2:06 PM,10/21/25 2:08 PM,2 minutes and 41 seconds,Mayra Luna
Tink-a-Tako - Potranco,Sergio Abundiz,301,18,Lobby,,10/21/25 2:04 PM,10/21/25 2:10 PM,5 minutes and 41 seconds,Mayra Luna
Tink-a-Tako - Potranco,Juan  Camacho,314,33,Lobby,,10/21/25 2:13 PM,10/21/25 2:16 PM,2 minutes and 52 seconds,Mayra Luna
Tink-a-Tako - Potranco,Juan  Camacho,314,33,Lobby,,10/21/25 2:12 PM,10/21/25 2:17 PM,4 minutes and 41 seconds,Mayra Luna
Tink-a-Tako - Potranco,Juan  Camacho,314,33,Lobby,,10/21/25 2:13 PM,10/21/25 2:18 PM,5 minutes and 5 seconds,Mayra Luna
Tink-a-Tako - Potranco,Juan  Camacho,306,7,Lobby,,10/21/25 2:16 PM,10/21/25 2:23 PM,6 minutes and 32 seconds,Mayra Luna
Tink-a-Tako - Potranco,Sergio Abundiz,301,18,Lobby,,10/21/25 2:27 PM,10/21/25 2:30 PM,3 minutes and 28 seconds,Mayra Luna
Tink-a-Tako - Potranco,Sergio Abundiz,301,18,,2,10/21/25 2:30 PM,10/21/25 2:32 PM,1 minute and 33 seconds,Mayra Luna
Tink-a-Tako - Potranco,Juan  Camacho,314,33,,2,10/21/25 2:18 PM,10/21/25 2:32 PM,13 minutes and 43 seconds,Mayra Luna
Tink-a-Tako - Potranco,Juan  Camacho,314,33,,2,10/21/25 2:16 PM,10/21/25 2:32 PM,15 minutes and 17 seconds,Mayra Luna
Tink-a-Tako - Potranco,Juan  Camacho,306,7,,2,10/21/25 2:23 PM,10/21/25 2:32 PM,8 minutes and 53 seconds,Mayra Luna
Tink-a-Tako - Potranco,Juan  Camacho,314,33,,2,10/21/25 2:17 PM,10/21/25 2:32 PM,14 minutes and 36 seconds,Mayra Luna
Tink-a-Tako - Potranco,Sergio Abundiz,301,18,,2,10/21/25 2:10 PM,10/21/25 2:32 PM,21 minutes and 42 seconds,Mayra Luna
Tink-a-Tako - Potranco,Juan  Camacho,305,3,,2,10/21/25 2:07 PM,10/21/25 2:32 PM,24 minutes and 33 seconds,Mayra Luna
Tink-a-Tako - Potranco,Juan  Camacho,303,3,,2,10/21/25 2:09 PM,10/21/25 2:32 PM,23 minutes,Mayra Luna
Tink-a-Tako - Potranco,Juan  Camacho,306,7,,2,10/21/25 1:57 PM,10/21/25 2:32 PM,34 minutes and 30 seconds,Mayra Luna
Tink-a-Tako - Potranco,Sergio Abundiz,301,18,,2,10/21/25 1:57 PM,10/21/25 2:32 PM,35 minutes and 3 seconds,Mayra Luna
Tink-a-Tako - Potranco,Maria Majana,304,,,2,10/21/25 1:56 PM,10/21/25 2:32 PM,35 minutes and 41 seconds,Mayra Luna
Tink-a-Tako - Potranco,Juan  Camacho,314,33,Lobby,,10/21/25 2:33 PM,10/21/25 2:36 PM,2 minutes and 48 seconds,Mayra Luna
Tink-a-Tako - Potranco,Juan  Camacho,315,25,Lobby,,10/21/25 2:29 PM,10/21/25 2:38 PM,8 minutes and 41 seconds,Mayra Luna
Tink-a-Tako - Potranco,Juan  Camacho,315,25,,2,10/21/25 2:39 PM,10/21/25 2:39 PM,14 seconds,Mayra Luna
Tink-a-Tako - Potranco,Nadia  Reyes,317,,Lobby,,10/21/25 2:40 PM,10/21/25 2:41 PM,59 seconds,Mayra Luna
Tink-a-Tako - Potranco,Nadia  Reyes,317,,Tortillero,,10/21/25 2:40 PM,10/21/25 2:41 PM,59 seconds,Mayra Luna
Tink-a-Tako - Potranco,Juan  Camacho,314,33,,2,10/21/25 2:36 PM,10/21/25 2:49 PM,13 minutes and 1 second,Mayra Luna
Tink-a-Tako - Potranco,Juan  Camacho,315,25,,2,10/21/25 2:38 PM,10/21/25 2:49 PM,11 minutes and 31 seconds,Mayra Luna
Tink-a-Tako - Potranco,Nadia  Reyes,318,,Lobby,,10/21/25 2:40 PM,10/21/25 2:51 PM,10 minutes and 49 seconds,Mayra Luna
Tink-a-Tako - Potranco,Nadia  Reyes,319,,Lobby,,10/21/25 2:42 PM,10/21/25 2:51 PM,8 minutes and 42 seconds,Mayra Luna
Tink-a-Tako - Potranco,Nadia  Reyes,320,,Lobby,,10/21/25 2:44 PM,10/21/25 2:53 PM,8 minutes and 27 seconds,Mayra Luna
Tink-a-Tako - Potranco,Sergio Abundiz,322,17,Lobby,,10/21/25 2:49 PM,10/21/25 2:55 PM,6 minutes and 16 seconds,Mayra Luna
Tink-a-Tako - Potranco,Nadia  Reyes,319,,Lobby,,10/21/25 2:52 PM,10/21/25 2:56 PM,3 minutes and 19 seconds,Mayra Luna
Tink-a-Tako - Potranco,Nadia  Reyes,323,,Lobby,,10/21/25 2:54 PM,10/21/25 2:59 PM,5 minutes and 10 seconds,Mayra Luna
Tink-a-Tako - Potranco,Nadia  Reyes,324,,Lobby,,10/21/25 2:56 PM,10/21/25 3:00 PM,3 minutes and 54 seconds,Mayra Luna
Tink-a-Tako - Potranco,Nadia  Reyes,325,,Lobby,,10/21/25 3:22 PM,10/21/25 3:23 PM,56 seconds,Mayra Luna
Tink-a-Tako - Potranco,Nadia  Reyes,326,,Lobby,,10/21/25 3:24 PM,10/21/25 3:26 PM,2 minutes and 26 seconds,Mayra Luna
Tink-a-Tako - Potranco,Nadia  Reyes,327,,Lobby,,10/21/25 3:39 PM,10/21/25 3:40 PM,1 minute and 12 seconds,Mayra Luna
Tink-a-Tako - Potranco,Nadia  Reyes,327,,Prep,,10/21/25 3:39 PM,10/21/25 3:40 PM,1 minute and 12 seconds,Mayra Luna
Tink-a-Tako - Potranco,Nadia  Reyes,328,,Lobby,,10/21/25 3:39 PM,10/21/25 3:41 PM,2 minutes and 22 seconds,Mayra Luna
Tink-a-Tako - Potranco,Nadia  Reyes,329,,Lobby,,10/21/25 3:54 PM,10/21/25 4:08 PM,13 minutes and 10 seconds,Mayra Luna
Tink-a-Tako - Potranco,Nadia  Reyes,329,,Tortillero,,10/21/25 3:54 PM,10/21/25 4:08 PM,13 minutes and 10 seconds,Mayra Luna
Tink-a-Tako - Potranco,Juan  Camacho,330,,Lobby,,10/21/25 4:00 PM,10/21/25 4:10 PM,10 minutes and 40 seconds,Mayra Luna
Tink-a-Tako - Potranco,Sergio Abundiz,331,,Lobby,,10/21/25 4:02 PM,10/21/25 4:10 PM,8 minutes and 35 seconds,Mayra Luna
Tink-a-Tako - Potranco,Juan  Camacho,332,24,Lobby,,10/21/25 4:04 PM,10/21/25 4:13 PM,9 minutes and 29 seconds,Mayra Luna
Tink-a-Tako - Potranco,Juan  Camacho,332,24,Lobby,,10/21/25 4:04 PM,10/21/25 4:13 PM,9 minutes and 21 seconds,Mayra Luna
Tink-a-Tako - Potranco,Nadia  Reyes,333,,Lobby,,10/21/25 4:05 PM,10/21/25 4:14 PM,9 minutes and 2 seconds,Mayra Luna
Tink-a-Tako - Potranco,Nadia  Reyes,334,,Lobby,,10/21/25 4:19 PM,10/21/25 4:21 PM,2 minutes and 26 seconds,Mayra Luna
Tink-a-Tako - Potranco,Sergio Abundiz,336,8,Lobby,,10/21/25 4:21 PM,10/21/25 4:27 PM,5 minutes and 59 seconds,Mayra Luna
Tink-a-Tako - Potranco,Nadia  Reyes,335,,Lobby,,10/21/25 4:30 PM,10/21/25 4:32 PM,1 minute and 40 seconds,Mayra Luna
Tink-a-Tako - Potranco,Sergio Abundiz,337,7,Lobby,,10/21/25 4:33 PM,10/21/25 4:41 PM,7 minutes and 31 seconds,Mayra Luna
Tink-a-Tako - Potranco,Sergio Abundiz,336,8,Lobby,,10/21/25 4:30 PM,10/21/25 4:41 PM,10 minutes and 27 seconds,Mayra Luna
Tink-a-Tako - Potranco,Sergio Abundiz,338,25,Lobby,,10/21/25 4:33 PM,10/21/25 4:41 PM,7 minutes and 15 seconds,Mayra Luna
Tink-a-Tako - Potranco,Juan  Camacho,341,16,Lobby,,10/21/25 4:42 PM,10/21/25 4:46 PM,4 minutes and 27 seconds,Mayra Luna
Tink-a-Tako - Potranco,Juan  Camacho,339,16,Lobby,,10/21/25 4:41 PM,10/21/25 4:46 PM,5 minutes and 9 seconds,Mayra Luna
Tink-a-Tako - Potranco,Juan  Camacho,340,16,Lobby,,10/21/25 4:42 PM,10/21/25 4:47 PM,5 minutes and 17 seconds,Mayra Luna
Tink-a-Tako - Potranco,Juan  Camacho,343,16,Lobby,,10/21/25 4:46 PM,10/21/25 4:48 PM,1 minute and 58 seconds,Mayra Luna
Tink-a-Tako - Potranco,Juan  Camacho,342,33,Lobby,,10/21/25 4:43 PM,10/21/25 4:49 PM,5 minutes and 37 seconds,Mayra Luna
Tink-a-Tako - Potranco,Sergio Abundiz,322,17,,2,10/21/25 2:55 PM,10/21/25 4:57 PM,"2 hours, 1 minute and 37 seconds",Mayra Luna
Tink-a-Tako - Potranco,Juan  Camacho,330,,,2,10/21/25 4:10 PM,10/21/25 4:57 PM,46 minutes and 20 seconds,Mayra Luna
Tink-a-Tako - Potranco,Sergio Abundiz,331,,,2,10/21/25 4:10 PM,10/21/25 4:57 PM,46 minutes and 23 seconds,Mayra Luna
Tink-a-Tako - Potranco,Juan  Camacho,332,24,,2,10/21/25 4:13 PM,10/21/25 4:57 PM,43 minutes and 23 seconds,Mayra Luna
Tink-a-Tako - Potranco,Nadia  Reyes,346,,Lobby,,10/21/25 4:55 PM,10/21/25 4:58 PM,2 minutes and 35 seconds,Mayra Luna
Tink-a-Tako - Potranco,Juan  Camacho,339,16,Lobby,,10/21/25 4:58 PM,10/21/25 4:58 PM,22 seconds,Mayra Luna
Tink-a-Tako - Potranco,Nadia  Reyes,348,,Lobby,,10/21/25 5:03 PM,10/21/25 5:05 PM,1 minute and 54 seconds,Mayra Luna
Tink-a-Tako - Potranco,Juan  Camacho,339,16,,2,10/21/25 4:58 PM,10/21/25 5:08 PM,9 minutes and 19 seconds,Mayra Luna
Tink-a-Tako - Potranco,Sergio Abundiz,344,22,Lobby,,10/21/25 4:47 PM,10/21/25 5:14 PM,26 minutes and 33 seconds,Mayra Luna
Tink-a-Tako - Potranco,Juan  Camacho,347,38,Lobby,,10/21/25 5:00 PM,10/21/25 5:14 PM,13 minutes and 38 seconds,Mayra Luna
Tink-a-Tako - Potranco,Juan  Camacho,342,33,Lobby,,10/21/25 5:11 PM,10/21/25 5:14 PM,2 minutes and 5 seconds,Mayra Luna
Tink-a-Tako - Potranco,Nadia  Reyes,349,,Tortillero,,10/21/25 5:16 PM,10/21/25 5:16 PM,23 seconds,Mayra Luna
Tink-a-Tako - Potranco,Nadia  Reyes,349,,Lobby,,10/21/25 5:16 PM,10/21/25 5:16 PM,23 seconds,Mayra Luna
Tink-a-Tako - Potranco,Nadia  Reyes,349,,Prep,,10/21/25 5:16 PM,10/21/25 5:16 PM,23 seconds,Mayra Luna
Tink-a-Tako - Potranco,Nadia  Reyes,350,,Lobby,,10/21/25 5:17 PM,10/21/25 5:19 PM,1 minute and 42 seconds,Mayra Luna
Tink-a-Tako - Potranco,Juan  Camacho,351,33,Lobby,,10/21/25 5:22 PM,10/21/25 5:32 PM,10 minutes and 43 seconds,Mayra Luna
Tink-a-Tako - Potranco,Nadia  Reyes,353,,Lobby,,10/21/25 5:27 PM,10/21/25 5:33 PM,5 minutes and 53 seconds,Mayra Luna
Tink-a-Tako - Potranco,Juan  Camacho,343,16,,2,10/21/25 4:48 PM,10/21/25 5:35 PM,47 minutes and 21 seconds,Mayra Luna
Tink-a-Tako - Potranco,Sergio Abundiz,344,22,,2,10/21/25 5:14 PM,10/21/25 5:35 PM,21 minutes and 34 seconds,Mayra Luna
Tink-a-Tako - Potranco,Juan  Camacho,347,38,,2,10/21/25 5:14 PM,10/21/25 5:35 PM,21 minutes and 33 seconds,Mayra Luna
Tink-a-Tako - Potranco,Juan  Camacho,340,16,,2,10/21/25 4:47 PM,10/21/25 5:35 PM,48 minutes and 18 seconds,Mayra Luna
Tink-a-Tako - Potranco,Juan  Camacho,341,16,,2,10/21/25 4:46 PM,10/21/25 5:35 PM,49 minutes and 8 seconds,Mayra Luna
Tink-a-Tako - Potranco,Juan  Camacho,342,33,,2,10/21/25 4:49 PM,10/21/25 5:35 PM,46 minutes and 6 seconds,Mayra Luna
Tink-a-Tako - Potranco,Juan  Camacho,342,33,,2,10/21/25 5:14 PM,10/21/25 5:35 PM,21 minutes and 34 seconds,Mayra Luna
Tink-a-Tako - Potranco,Juan  Camacho,351,33,,2,10/21/25 5:32 PM,10/21/25 5:35 PM,2 minutes and 50 seconds,Mayra Luna
Tink-a-Tako - Potranco,Sergio Abundiz,338,25,,2,10/21/25 4:41 PM,10/21/25 5:35 PM,54 minutes and 33 seconds,Mayra Luna
Tink-a-Tako - Potranco,Juan  Camacho,339,16,,2,10/21/25 4:46 PM,10/21/25 5:35 PM,49 minutes and 11 seconds,Mayra Luna
Tink-a-Tako - Potranco,Sergio Abundiz,337,7,,2,10/21/25 4:41 PM,10/21/25 5:35 PM,54 minutes and 35 seconds,Mayra Luna
Tink-a-Tako - Potranco,Sergio Abundiz,336,8,,2,10/21/25 4:41 PM,10/21/25 5:35 PM,54 minutes and 36 seconds,Mayra Luna
Tink-a-Tako - Potranco,Sergio Abundiz,336,8,,2,10/21/25 4:27 PM,10/21/25 5:35 PM,"1 hour, 8 minutes and 30 seconds",Mayra Luna
Tink-a-Tako - Potranco,Juan  Camacho,332,24,,2,10/21/25 4:13 PM,10/21/25 5:35 PM,"1 hour, 21 minutes and 50 seconds",Mayra Luna
Tink-a-Tako - Potranco,Sergio Abundiz,352,25,Lobby,,10/21/25 5:24 PM,10/21/25 5:36 PM,11 minutes and 38 seconds,Mayra Luna
Tink-a-Tako - Potranco,Nadia  Reyes,354,,Tortillero,,10/21/25 5:32 PM,10/21/25 5:38 PM,5 minutes and 47 seconds,Mayra Luna
Tink-a-Tako - Potranco,Nadia  Reyes,354,,Lobby,,10/21/25 5:32 PM,10/21/25 5:38 PM,5 minutes and 47 seconds,Mayra Luna
Tink-a-Tako - Potranco,Nadia  Reyes,354,,Prep,,10/21/25 5:32 PM,10/21/25 5:38 PM,5 minutes and 47 seconds,Mayra Luna
Tink-a-Tako - Potranco,Sergio Abundiz,355,1,Lobby,,10/21/25 5:37 PM,10/21/25 5:42 PM,5 minutes and 17 seconds,Mayra Luna
Tink-a-Tako - Potranco,Nadia  Reyes,356,,Lobby,,10/21/25 5:38 PM,10/21/25 5:43 PM,4 minutes and 27 seconds,Mayra Luna
Tink-a-Tako - Potranco,Juan  Camacho,357,24,Lobby,,10/21/25 5:42 PM,10/21/25 5:47 PM,5 minutes and 31 seconds,Mayra Luna
Tink-a-Tako - Potranco,Nadia  Reyes,356,,,2,10/21/25 5:43 PM,10/21/25 5:54 PM,11 minutes and 20 seconds,Mayra Luna
Tink-a-Tako - Potranco,Nadia  Reyes,361,,Lobby,,10/21/25 6:04 PM,10/21/25 6:07 PM,3 minutes and 22 seconds,Mayra Luna
Tink-a-Tako - Potranco,Nadia  Reyes,359,,Lobby,,10/21/25 5:58 PM,10/21/25 6:07 PM,9 minutes and 43 seconds,Mayra Luna
Tink-a-Tako - Potranco,Sergio Abundiz,360,37,Lobby,,10/21/25 6:03 PM,10/21/25 6:12 PM,9 minutes and 11 seconds,Mayra Luna
Tink-a-Tako - Potranco,Juan  Camacho,363,22,Lobby,,10/21/25 6:07 PM,10/21/25 6:14 PM,6 minutes and 50 seconds,Mayra Luna
Tink-a-Tako - Potranco,Sergio Abundiz,360,37,Lobby,,10/21/25 6:13 PM,10/21/25 6:14 PM,38 seconds,Mayra Luna
Tink-a-Tako - Potranco,Nadia  Reyes,365,,Lobby,,10/21/25 6:18 PM,10/21/25 6:22 PM,4 minutes and 11 seconds,Mayra Luna
Tink-a-Tako - Potranco,Nadia  Reyes,367,,Lobby,,10/21/25 6:20 PM,10/21/25 6:23 PM,2 minutes and 49 seconds,Mayra Luna
Tink-a-Tako - Potranco,Nadia  Reyes,367,,Prep,,10/21/25 6:20 PM,10/21/25 6:23 PM,2 minutes and 49 seconds,Mayra Luna
Tink-a-Tako - Potranco,Nadia  Reyes,366,,Lobby,,10/21/25 6:20 PM,10/21/25 6:27 PM,7 minutes and 16 seconds,Mayra Luna
Tink-a-Tako - Potranco,Juan  Camacho,368,23,Lobby,,10/21/25 6:25 PM,10/21/25 6:28 PM,2 minutes and 55 seconds,Mayra Luna
Tink-a-Tako - Potranco,Juan  Camacho,368,23,Lobby,,10/21/25 6:25 PM,10/21/25 6:29 PM,3 minutes and 43 seconds,Mayra Luna
Tink-a-Tako - Potranco,Sergio Abundiz,370,38,Lobby,,10/21/25 6:47 PM,10/21/25 6:53 PM,5 minutes and 45 seconds,Mayra Luna
Tink-a-Tako - Potranco,Sergio Abundiz,370,38,Lobby,,10/21/25 6:54 PM,10/21/25 6:57 PM,2 minutes and 57 seconds,Mayra Luna
Tink-a-Tako - Potranco,Juan  Camacho,371,,Lobby,,10/21/25 6:58 PM,10/21/25 7:04 PM,5 minutes and 27 seconds,Mayra Luna
Tink-a-Tako - Potranco,Juan  Camacho,371,,Lobby,,10/21/25 7:06 PM,10/21/25 7:09 PM,2 minutes and 59 seconds,Mayra Luna
Tink-a-Tako - Potranco,Nadia  Reyes,372,,Lobby,,10/21/25 7:09 PM,10/21/25 7:13 PM,4 minutes and 5 seconds,Mayra Luna
Tink-a-Tako - Potranco,Juan  Camacho,373,33,Lobby,,10/21/25 7:10 PM,10/21/25 7:15 PM,5 minutes and 10 seconds,Mayra Luna
Tink-a-Tako - Potranco,Sergio Abundiz,374,31,Lobby,,10/21/25 7:20 PM,10/21/25 7:24 PM,4 minutes and 12 seconds,Mayra Luna
Tink-a-Tako - Potranco,Sergio Abundiz,374,31,Prep,,10/21/25 7:20 PM,10/21/25 7:24 PM,4 minutes and 12 seconds,Mayra Luna
Tink-a-Tako - Potranco,Nadia  Reyes,375,,Lobby,,10/21/25 7:26 PM,10/21/25 7:30 PM,4 minutes and 2 seconds,Mayra Luna
Tink-a-Tako - Potranco,Nadia  Reyes,377,,Lobby,,10/21/25 7:38 PM,10/21/25 7:43 PM,4 minutes and 38 seconds,Mayra Luna
Tink-a-Tako - Potranco,Juan  Camacho,379,35,Lobby,,10/21/25 7:54 PM,10/21/25 8:03 PM,9 minutes and 11 seconds,Mayra Luna
Tink-a-Tako - Potranco,Sergio Abundiz,381,37,Lobby,,10/21/25 8:00 PM,10/21/25 8:06 PM,5 minutes and 41 seconds,Mayra Luna
Tink-a-Tako - Potranco,Juan  Camacho,373,33,,2,10/21/25 7:15 PM,10/21/25 8:13 PM,58 minutes and 12 seconds,Mayra Luna
Tink-a-Tako - Potranco,Sergio Abundiz,374,31,,2,10/21/25 7:24 PM,10/21/25 8:13 PM,49 minutes and 25 seconds,Mayra Luna
Tink-a-Tako - Potranco,Juan  Camacho,371,,,2,10/21/25 7:09 PM,10/21/25 8:13 PM,"1 hour, 4 minutes and 17 seconds",Mayra Luna
Tink-a-Tako - Potranco,Sergio Abundiz,370,38,,2,10/21/25 6:53 PM,10/21/25 8:13 PM,"1 hour, 20 minutes and 39 seconds",Mayra Luna
Tink-a-Tako - Potranco,Sergio Abundiz,370,38,,2,10/21/25 6:57 PM,10/21/25 8:13 PM,"1 hour, 16 minutes and 41 seconds",Mayra Luna
Tink-a-Tako - Potranco,Juan  Camacho,368,23,,2,10/21/25 6:29 PM,10/21/25 8:13 PM,"1 hour, 44 minutes and 50 seconds",Mayra Luna
Tink-a-Tako - Potranco,Juan  Camacho,371,,,2,10/21/25 7:04 PM,10/21/25 8:13 PM,"1 hour, 9 minutes and 48 seconds",Mayra Luna
Tink-a-Tako - Potranco,Juan  Camacho,368,23,,2,10/21/25 6:28 PM,10/21/25 8:13 PM,"1 hour, 45 minutes and 53 seconds",Mayra Luna
Tink-a-Tako - Potranco,Juan  Camacho,379,35,,2,10/21/25 8:03 PM,10/21/25 8:13 PM,10 minutes and 39 seconds,Mayra Luna
Tink-a-Tako - Potranco,Sergio Abundiz,360,37,,2,10/21/25 6:12 PM,10/21/25 8:13 PM,"2 hours, 1 minute and 39 seconds",Mayra Luna
Tink-a-Tako - Potranco,Juan  Camacho,363,22,,2,10/21/25 6:14 PM,10/21/25 8:13 PM,"1 hour, 59 minutes and 47 seconds",Mayra Luna
Tink-a-Tako - Potranco,Sergio Abundiz,360,37,,2,10/21/25 6:14 PM,10/21/25 8:13 PM,"1 hour, 59 minutes and 44 seconds",Mayra Luna
Tink-a-Tako - Potranco,Sergio Abundiz,381,37,,2,10/21/25 8:06 PM,10/21/25 8:13 PM,7 minutes and 31 seconds,Mayra Luna
Tink-a-Tako - Potranco,Sergio Abundiz,355,1,,2,10/21/25 5:42 PM,10/21/25 8:13 PM,"2 hours, 31 minutes and 26 seconds",Mayra Luna
Tink-a-Tako - Potranco,Sergio Abundiz,352,25,,2,10/21/25 5:36 PM,10/21/25 8:13 PM,"2 hours, 37 minutes and 46 seconds",Mayra Luna
Tink-a-Tako - Potranco,Juan  Camacho,357,24,,2,10/21/25 5:47 PM,10/21/25 8:13 PM,"2 hours, 26 minutes and 4 seconds",Mayra Luna
Tink-a-Tako - Potranco,Juan  Camacho,380,34,Lobby,,10/21/25 7:57 PM,10/21/25 8:19 PM,21 minutes and 47 seconds,Mayra Luna
Tink-a-Tako - Potranco,Juan  Camacho,380,34,Lobby,,10/21/25 8:19 PM,10/21/25 8:26 PM,7 minutes and 2 seconds,Mayra Luna
Tink-a-Tako - Potranco,Nadia  Reyes,377,,Lobby,,10/21/25 7:51 PM,10/21/25 8:35 PM,43 minutes and 54 seconds,Mayra Luna
Tink-a-Tako - Potranco,Juan  Camacho,380,34,,2,10/21/25 8:19 PM,10/21/25 8:45 PM,26 minutes and 34 seconds,Mayra Luna
Tink-a-Tako - Potranco,Juan  Camacho,380,34,,2,10/21/25 8:26 PM,10/21/25 8:45 PM,19 minutes and 40 seconds,Mayra Luna
