Location,Order #,Opened,# of Guests,Server,Table,Discount Amount,Amount,Tax,Tip,Gratuity
Tink-a-Tako - Potranco,1,10/21/25 6:08 AM,1,Daniela Torres,,0.00,14.56,1.20,0.00,0.00
Tink-a-Tako - Potranco,2,10/21/25 6:31 AM,1,Daniela Torres,,0.00,7.96,0.65,0.00,0.00
Tink-a-Tako - Potranco,3,10/21/25 6:32 AM,1,Daniela Torres,,0.00,5.98,0.49,0.00,0.00
Tink-a-Tako - Potranco,5,10/21/25 6:33 AM,2,Juan  Camacho,24,0.00,24.00,1.98,0.00,0.00
Tink-a-Tako - Potranco,6,10/21/25 6:37 AM,1,Daniela Torres,,0.00,3.98,0.33,0.00,0.00
Tink-a-Tako - Potranco,7,10/21/25 6:41 AM,1,Daniela Torres,,0.00,7.96,0.66,0.00,0.00
Tink-a-Tako - Potranco,8,10/21/25 6:42 AM,1,Daniela Torres,,0.00,12.84,1.06,0.00,0.00
Tink-a-Tako - Potranco,9,10/21/25 6:44 AM,1,Daniela Torres,,0.00,8.53,0.70,0.00,0.00
Tink-a-Tako - Potranco,10,10/21/25 6:47 AM,1,Daniela Torres,,0.00,1.99,0.16,0.00,0.00
Tink-a-Tako - Potranco,11,10/21/25 6:49 AM,1,Daniela Torres,,0.00,3.98,0.33,0.00,0.00
Tink-a-Tako - Potranco,12,10/21/25 6:52 AM,1,Daniela Torres,,0.00,5.78,0.48,0.00,0.00
Tink-a-Tako - Potranco,13,10/21/25 6:54 AM,1,Daniela Torres,,0.00,14.67,1.21,0.00,0.00
Tink-a-Tako - Potranco,14,10/21/25 6:56 AM,1,Daniela Torres,,0.00,9.55,0.79,1.00,0.00
Tink-a-Tako - Potranco,15,10/21/25 6:57 AM,1,Juan  Camacho,,0.00,8.42,0.69,0.00,0.00
Tink-a-Tako - Potranco,16,10/21/25 6:57 AM,1,Daniela Torres,,0.00,5.57,0.46,2.00,0.00
Tink-a-Tako - Potranco,17,10/21/25 6:57 AM,1,Daniela Torres,,0.00,10.06,0.84,2.00,0.00
Tink-a-Tako - Potranco,18,10/21/25 6:58 AM,1,Daniela Torres,,0.20,5.78,0.48,0.00,0.00
Tink-a-Tako - Potranco,19,10/21/25 7:02 AM,1,Daniela Torres,,0.00,6.37,0.52,0.00,0.00
Tink-a-Tako - Potranco,20,10/21/25 7:03 AM,1,Daniela Torres,,0.00,1.79,0.15,0.00,0.00
Tink-a-Tako - Potranco,21,10/21/25 7:04 AM,1,Daniela Torres,,0.00,12.56,1.04,1.40,0.00
Tink-a-Tako - Potranco,22,10/21/25 7:09 AM,1,Daniela Torres,,0.00,18.90,1.56,0.00,0.00
Tink-a-Tako - Potranco,23,10/21/25 7:10 AM,1,Daniela Torres,,0.00,1.99,0.16,0.00,0.00
Tink-a-Tako - Potranco,25,10/21/25 7:12 AM,1,Juan  Camacho,18,0.00,4.98,0.41,2.00,0.00
Tink-a-Tako - Potranco,26,10/21/25 7:14 AM,1,Daniela Torres,,0.00,4.98,0.41,1.00,0.00
Tink-a-Tako - Potranco,27,10/21/25 7:22 AM,1,Daniela Torres,,0.00,7.97,0.66,0.00,0.00
Tink-a-Tako - Potranco,28,10/21/25 7:22 AM,1,Daniela Torres,,0.00,10.92,0.90,0.00,0.00
Tink-a-Tako - Potranco,29,10/21/25 7:23 AM,1,Juan  Camacho,,0.00,27.78,2.28,0.00,0.00
Tink-a-Tako - Potranco,30,10/21/25 7:26 AM,1,Juan  Camacho,21,0.00,26.34,2.18,0.00,0.00
Tink-a-Tako - Potranco,31,10/21/25 7:26 AM,1,Juan  Camacho,,0.00,15.23,1.25,3.00,0.00
Tink-a-Tako - Potranco,33,10/21/25 7:27 AM,1,Daniela Torres,,0.00,3.98,0.33,0.00,0.00
Tink-a-Tako - Potranco,32,10/21/25 7:27 AM,1,Juan  Camacho,35,0.00,8.77,0.73,5.00,0.00
Tink-a-Tako - Potranco,34,10/21/25 7:35 AM,1,Daniela Torres,,0.00,15.96,1.31,0.00,0.00
Tink-a-Tako - Potranco,36,10/21/25 7:39 AM,1,Daniela Torres,,0.00,7.96,0.66,0.00,0.00
Tink-a-Tako - Potranco,37,10/21/25 7:40 AM,1,Daniela Torres,,0.00,11.96,0.98,0.00,0.00
Tink-a-Tako - Potranco,38,10/21/25 7:40 AM,1,Daniela Torres,,0.00,13.26,1.09,0.00,0.00
Tink-a-Tako - Potranco,40,10/21/25 7:42 AM,1,Daniela Torres,,0.00,18.81,1.55,0.00,0.00
Tink-a-Tako - Potranco,39,10/21/25 7:41 AM,1,Daniela Torres,,0.00,1.99,0.16,0.00,0.00
Tink-a-Tako - Potranco,41,10/21/25 7:42 AM,1,Daniela Torres,,0.00,49.75,4.11,0.00,0.00
Tink-a-Tako - Potranco,42,10/21/25 7:46 AM,1,Daniela Torres,,0.00,2.99,0.25,0.00,0.00
Tink-a-Tako - Potranco,43,10/21/25 7:47 AM,1,Daniela Torres,,0.00,4.28,0.36,0.00,0.00
Tink-a-Tako - Potranco,44,10/21/25 7:50 AM,1,Daniela Torres,,0.00,7.28,0.60,0.00,0.00
Tink-a-Tako - Potranco,45,10/21/25 7:52 AM,1,Daniela Torres,,0.00,3.58,0.30,0.00,0.00
Tink-a-Tako - Potranco,46,10/21/25 7:52 AM,1,Daniela Torres,,0.00,12.36,1.02,0.00,0.00
Tink-a-Tako - Potranco,47,10/21/25 7:59 AM,1,Daniela Torres,,0.00,6.88,0.56,0.00,0.00
Tink-a-Tako - Potranco,48,10/21/25 8:04 AM,1,Daniela Torres,,0.00,7.57,0.63,0.00,0.00
Tink-a-Tako - Potranco,50,10/21/25 8:08 AM,1,Daniela Torres,,0.00,4.28,0.35,0.00,0.00
Tink-a-Tako - Potranco,49,10/21/25 8:06 AM,1,Maria Majana,12,0.00,13.98,1.16,20.00,0.00
Tink-a-Tako - Potranco,51,10/21/25 8:10 AM,1,Daniela Torres,,0.00,8.43,0.69,0.00,0.00
Tink-a-Tako - Potranco,53,10/21/25 8:13 AM,1,Daniela Torres,,0.00,5.58,0.46,0.00,0.00
Tink-a-Tako - Potranco,54,10/21/25 8:13 AM,1,Daniela Torres,,0.00,7.38,0.61,0.00,0.00
Tink-a-Tako - Potranco,52,10/21/25 8:13 AM,3,Isabel Cisneros,37,0.00,19.22,1.59,0.00,0.00
Tink-a-Tako - Potranco,55,10/21/25 8:14 AM,1,Juan  Camacho,7,0.00,9.32,0.76,2.00,0.00
Tink-a-Tako - Potranco,56,10/21/25 8:14 AM,1,Daniela Torres,,0.00,4.39,0.36,0.00,0.00
Tink-a-Tako - Potranco,58,10/21/25 8:14 AM,2,Juan  Camacho,25,0.00,28.63,2.35,0.00,0.00
Tink-a-Tako - Potranco,61,10/21/25 8:16 AM,1,Silvia Hernandez,26,0.00,6.97,0.57,0.00,0.00
Tink-a-Tako - Potranco,62,10/21/25 8:19 AM,1,Daniela Torres,,0.00,6.28,0.52,0.00,0.00
Tink-a-Tako - Potranco,63,10/21/25 8:19 AM,1,Daniela Torres,,0.00,8.78,0.72,0.00,0.00
Tink-a-Tako - Potranco,65,10/21/25 8:21 AM,1,Daniela Torres,,0.00,21.09,1.73,0.00,0.00
Tink-a-Tako - Potranco,64,10/21/25 8:21 AM,2,Juan  Camacho,20,0.00,10.76,0.90,0.00,0.00
Tink-a-Tako - Potranco,60,10/21/25 8:15 AM,2,Juan  Camacho,32,0.00,21.22,1.75,5.00,0.00
Tink-a-Tako - Potranco,66,10/21/25 8:23 AM,1,Daniela Torres,,0.00,8.57,0.71,0.00,0.00
Tink-a-Tako - Potranco,68,10/21/25 8:25 AM,1,Daniela Torres,,0.00,8.17,0.67,0.00,0.00
Tink-a-Tako - Potranco,69,10/21/25 8:26 AM,1,Maria Majana,,2.34,20.94,1.72,2.00,0.00
Tink-a-Tako - Potranco,67,10/21/25 8:24 AM,1,Maria Majana,,0.00,0.00,0.00,0.00,0.00
Tink-a-Tako - Potranco,71,10/21/25 8:28 AM,1,Daniela Torres,,0.00,9.78,0.81,0.00,0.00
Tink-a-Tako - Potranco,72,10/21/25 8:28 AM,2,Isabel Cisneros,24,0.00,20.96,1.73,6.00,0.00
Tink-a-Tako - Potranco,73,10/21/25 8:28 AM,1,Daniela Torres,,0.00,5.44,0.44,0.00,0.00
Tink-a-Tako - Potranco,74,10/21/25 8:32 AM,1,Daniela Torres,,0.00,5.77,0.47,0.00,0.00
Tink-a-Tako - Potranco,75,10/21/25 8:32 AM,1,Daniela Torres,,0.00,8.38,0.69,0.00,0.00
Tink-a-Tako - Potranco,76,10/21/25 8:35 AM,2,Juan  Camacho,33,0.00,12.95,1.08,0.00,0.00
Tink-a-Tako - Potranco,77,10/21/25 8:35 AM,1,Daniela Torres,,0.00,9.26,0.76,2.00,0.00
Tink-a-Tako - Potranco,78,10/21/25 8:39 AM,1,Daniela Torres,,0.00,24.52,2.03,0.00,0.00
Tink-a-Tako - Potranco,80,10/21/25 8:40 AM,1,Daniela Torres,,0.00,14.61,1.21,2.00,0.00
Tink-a-Tako - Potranco,81,10/21/25 8:40 AM,4,Silvia Hernandez,18,0.00,55.99,4.62,12.00,0.00
Tink-a-Tako - Potranco,82,10/21/25 8:41 AM,1,Daniela Torres,,0.00,8.78,0.72,2.00,0.00
Tink-a-Tako - Potranco,83,10/21/25 8:42 AM,1,Daniela Torres,,0.00,6.48,0.54,2.00,0.00
Tink-a-Tako - Potranco,84,10/21/25 8:43 AM,1,Daniela Torres,,0.00,11.34,0.93,0.00,0.00
Tink-a-Tako - Potranco,85,10/21/25 8:46 AM,1,Daniela Torres,,0.00,1.99,0.16,0.00,0.00
Tink-a-Tako - Potranco,86,10/21/25 8:47 AM,1,Daniela Torres,,0.00,3.78,0.31,0.00,0.00
Tink-a-Tako - Potranco,87,10/21/25 8:49 AM,1,Daniela Torres,,0.00,7.27,0.60,0.00,0.00
Tink-a-Tako - Potranco,90,10/21/25 8:51 AM,1,Daniela Torres,,0.00,1.79,0.15,0.00,0.00
Tink-a-Tako - Potranco,88,10/21/25 8:51 AM,2,Isabel Cisneros,42,0.00,13.74,1.13,0.00,0.00
Tink-a-Tako - Potranco,89,10/21/25 8:51 AM,1,Juan  Camacho,,0.00,8.77,0.73,2.00,0.00
Tink-a-Tako - Potranco,91,10/21/25 8:52 AM,1,Silvia Hernandez,17,0.00,10.92,0.90,4.00,0.00
Tink-a-Tako - Potranco,92,10/21/25 8:52 AM,1,Daniela Torres,,0.00,7.38,0.61,0.00,0.00
Tink-a-Tako - Potranco,94,10/21/25 8:53 AM,1,Daniela Torres,,0.00,11.34,0.93,0.00,0.00
Tink-a-Tako - Potranco,93,10/21/25 8:52 AM,1,Maria Majana,,0.00,18.17,1.50,2.00,0.00
Tink-a-Tako - Potranco,95,10/21/25 8:53 AM,1,Daniela Torres,,0.00,8.78,0.72,0.00,0.00
Tink-a-Tako - Potranco,97,10/21/25 8:53 AM,1,Daniela Torres,,0.00,6.97,0.57,0.00,0.00
Tink-a-Tako - Potranco,99,10/21/25 8:58 AM,1,Daniela Torres,,0.00,6.27,0.51,0.00,0.00
Tink-a-Tako - Potranco,100,10/21/25 8:59 AM,1,Daniela Torres,,0.00,8.67,0.72,0.00,0.00
Tink-a-Tako - Potranco,101,10/21/25 9:00 AM,1,Daniela Torres,,0.00,3.98,0.33,0.00,0.00
Tink-a-Tako - Potranco,102,10/21/25 9:04 AM,1,Daniela Torres,,0.00,3.78,0.31,0.00,0.00
Tink-a-Tako - Potranco,104,10/21/25 9:06 AM,1,Isabel Cisneros,21,0.00,9.98,0.83,4.00,0.00
Tink-a-Tako - Potranco,105,10/21/25 9:06 AM,2,Juan  Camacho,23,0.00,19.35,1.60,4.00,0.00
Tink-a-Tako - Potranco,106,10/21/25 9:09 AM,1,Maria Majana,,0.00,16.05,1.32,0.00,0.00
Tink-a-Tako - Potranco,108,10/21/25 9:11 AM,2,Juan  Camacho,32,0.00,0.00,0.00,0.00,0.00
Tink-a-Tako - Potranco,103,10/21/25 9:04 AM,1,Daniela Torres,,0.00,23.73,1.96,0.00,0.00
Tink-a-Tako - Potranco,109,10/21/25 9:13 AM,1,Daniela Torres,,0.00,3.98,0.32,0.00,0.00
Tink-a-Tako - Potranco,110,10/21/25 9:18 AM,1,Isabel Cisneros,22,0.00,18.98,1.57,5.00,0.00
Tink-a-Tako - Potranco,112,10/21/25 9:19 AM,1,Daniela Torres,,0.00,2.99,0.25,0.00,0.00
Tink-a-Tako - Potranco,111,10/21/25 9:19 AM,1,Daniela Torres,,0.00,9.37,0.78,0.00,0.00
Tink-a-Tako - Potranco,116,10/21/25 9:21 AM,1,Daniela Torres,,0.00,7.97,0.66,0.00,0.00
Tink-a-Tako - Potranco,115,10/21/25 9:21 AM,1,Maria Majana,,0.00,5.98,0.49,0.00,0.00
Tink-a-Tako - Potranco,114,10/21/25 9:20 AM,1,Maria Majana,,23.94,0.00,0.00,0.00,0.00
Tink-a-Tako - Potranco,119,10/21/25 9:26 AM,1,Silvia Hernandez,24,0.00,15.73,1.30,5.00,0.00
Tink-a-Tako - Potranco,120,10/21/25 9:28 AM,1,Daniela Torres,,0.00,16.15,1.32,0.00,0.00
Tink-a-Tako - Potranco,121,10/21/25 9:28 AM,1,Daniela Torres,,0.00,11.85,0.97,0.00,0.00
Tink-a-Tako - Potranco,117,10/21/25 9:22 AM,1,Daniela Torres,,0.00,3.98,0.33,0.00,0.00
Tink-a-Tako - Potranco,122,10/21/25 9:32 AM,1,Isabel Cisneros,37,0.00,12.77,1.06,0.00,0.00
Tink-a-Tako - Potranco,79,10/21/25 8:40 AM,1,Maria Majana,,0.00,2.29,0.19,0.00,0.00
Tink-a-Tako - Potranco,118,10/21/25 9:23 AM,1,Maria Majana,,0.00,343.08,28.31,0.00,0.00
Tink-a-Tako - Potranco,124,10/21/25 9:33 AM,1,Juan  Camacho,25,0.00,10.98,0.91,5.00,0.00
Tink-a-Tako - Potranco,125,10/21/25 9:34 AM,2,Juan  Camacho,8,0.00,26.79,2.22,5.00,0.00
Tink-a-Tako - Potranco,126,10/21/25 9:37 AM,1,Daniela Torres,,0.00,20.52,1.68,0.00,0.00
Tink-a-Tako - Potranco,128,10/21/25 9:37 AM,3,Isabel Cisneros,18,0.00,45.10,3.71,0.00,0.00
Tink-a-Tako - Potranco,127,10/21/25 9:37 AM,4,Silvia Hernandez,31,0.00,64.09,5.29,0.00,0.00
Tink-a-Tako - Potranco,129,10/21/25 9:40 AM,1,Maria Majana,33,0.00,7.97,0.67,0.00,0.00
Tink-a-Tako - Potranco,130,10/21/25 9:44 AM,2,Silvia Hernandez,17,0.00,31.50,2.61,5.00,0.00
Tink-a-Tako - Potranco,131,10/21/25 9:47 AM,1,Juan  Camacho,,0.00,14.32,1.18,0.00,0.00
Tink-a-Tako - Potranco,132,10/21/25 9:50 AM,3,Isabel Cisneros,20,0.00,28.93,2.41,9.00,0.00
Tink-a-Tako - Potranco,133,10/21/25 9:51 AM,3,Silvia Hernandez,7,0.00,23.58,1.92,0.00,0.00
Tink-a-Tako - Potranco,134,10/21/25 9:56 AM,1,Daniela Torres,,0.00,9.29,0.76,0.00,0.00
Tink-a-Tako - Potranco,135,10/21/25 9:56 AM,1,Daniela Torres,,0.00,15.73,1.29,0.00,0.00
Tink-a-Tako - Potranco,136,10/21/25 9:57 AM,2,Juan  Camacho,38,8.00,17.79,1.46,6.00,0.00
Tink-a-Tako - Potranco,137,10/21/25 9:58 AM,1,Daniela Torres,,0.00,16.18,1.33,0.00,0.00
Tink-a-Tako - Potranco,138,10/21/25 9:59 AM,1,Silvia Hernandez,26,1.50,16.48,1.36,0.00,0.00
Tink-a-Tako - Potranco,140,10/21/25 10:00 AM,2,Isabel Cisneros,25,0.00,24.96,2.06,0.00,0.00
Tink-a-Tako - Potranco,141,10/21/25 10:01 AM,2,Juan  Camacho,15,0.00,14.54,1.20,4.00,0.00
Tink-a-Tako - Potranco,142,10/21/25 10:03 AM,2,Isabel Cisneros,3,0.00,27.30,2.23,5.00,0.00
Tink-a-Tako - Potranco,139,10/21/25 9:59 AM,1,Daniela Torres,,0.00,18.25,1.50,0.00,0.00
Tink-a-Tako - Potranco,144,10/21/25 10:06 AM,2,Silvia Hernandez,24,0.00,13.95,1.14,3.00,0.00
Tink-a-Tako - Potranco,143,10/21/25 10:04 AM,1,Daniela Torres,,0.00,1.99,0.16,0.00,0.00
Tink-a-Tako - Potranco,145,10/21/25 10:11 AM,1,Daniela Torres,,0.00,1.99,0.16,0.00,0.00
Tink-a-Tako - Potranco,146,10/21/25 10:16 AM,1,Daniela Torres,,0.00,2.79,0.23,0.00,0.00
Tink-a-Tako - Potranco,149,10/21/25 10:18 AM,2,Isabel Cisneros,37,0.00,21.42,1.76,4.28,0.00
Tink-a-Tako - Potranco,150,10/21/25 10:19 AM,2,Silvia Hernandez,18,0.00,18.97,1.56,2.85,0.00
Tink-a-Tako - Potranco,148,10/21/25 10:17 AM,1,Daniela Torres,,0.00,5.97,0.49,0.00,0.00
Tink-a-Tako - Potranco,153,10/21/25 10:22 AM,1,Juan  Camacho,31,0.00,21.02,1.74,5.00,0.00
Tink-a-Tako - Potranco,154,10/21/25 10:25 AM,2,Isabel Cisneros,7,0.00,16.86,1.38,5.00,0.00
Tink-a-Tako - Potranco,151,10/21/25 10:21 AM,1,Daniela Torres,,0.00,13.36,1.10,0.00,0.00
Tink-a-Tako - Potranco,155,10/21/25 10:26 AM,1,Daniela Torres,,0.00,4.78,0.40,0.00,0.00
Tink-a-Tako - Potranco,156,10/21/25 10:27 AM,2,Isabel Cisneros,8,0.00,13.98,1.15,2.00,0.00
Tink-a-Tako - Potranco,157,10/21/25 10:27 AM,1,Daniela Torres,,0.00,8.56,0.71,0.00,0.00
Tink-a-Tako - Potranco,158,10/21/25 10:28 AM,1,Daniela Torres,,0.00,4.98,0.41,0.00,0.00
Tink-a-Tako - Potranco,160,10/21/25 10:28 AM,1,Silvia Hernandez,35,0.00,10.37,0.86,0.00,0.00
Tink-a-Tako - Potranco,159,10/21/25 10:28 AM,1,Daniela Torres,,0.00,19.16,1.58,0.00,0.00
Tink-a-Tako - Potranco,161,10/21/25 10:32 AM,1,Daniela Torres,,0.00,4.58,0.38,0.92,0.00
Tink-a-Tako - Potranco,162,10/21/25 10:32 AM,1,Juan  Camacho,,0.00,8.77,0.72,0.00,0.00
Tink-a-Tako - Potranco,163,10/21/25 10:34 AM,1,Daniela Torres,,0.00,2.99,0.25,0.00,0.00
Tink-a-Tako - Potranco,164,10/21/25 10:35 AM,1,Daniela Torres,,0.00,9.66,0.79,0.00,0.00
Tink-a-Tako - Potranco,166,10/21/25 10:38 AM,1,Maria Majana,,0.00,12.36,1.01,2.00,0.00
Tink-a-Tako - Potranco,165,10/21/25 10:35 AM,1,Daniela Torres,,0.00,3.45,0.28,0.00,0.00
Tink-a-Tako - Potranco,168,10/21/25 10:39 AM,1,Daniela Torres,,0.00,8.76,0.72,0.00,0.00
Tink-a-Tako - Potranco,169,10/21/25 10:40 AM,1,Daniela Torres,,0.00,12.99,1.07,0.00,0.00
Tink-a-Tako - Potranco,171,10/21/25 10:41 AM,1,Isabel Cisneros,,0.00,6.00,0.50,0.00,0.00
Tink-a-Tako - Potranco,170,10/21/25 10:41 AM,1,Daniela Torres,,0.00,12.24,1.01,0.00,0.00
Tink-a-Tako - Potranco,172,10/21/25 10:42 AM,1,Daniela Torres,,0.00,8.73,0.72,0.00,0.00
Tink-a-Tako - Potranco,173,10/21/25 10:44 AM,1,Daniela Torres,,0.00,19.55,1.61,0.00,0.00
Tink-a-Tako - Potranco,174,10/21/25 10:45 AM,1,Daniela Torres,,0.00,4.58,0.38,0.00,0.00
Tink-a-Tako - Potranco,176,10/21/25 10:47 AM,2,Juan  Camacho,24,0.00,15.86,1.32,0.00,0.00
Tink-a-Tako - Potranco,175,10/21/25 10:46 AM,1,Daniela Torres,,0.00,14.85,1.23,0.00,0.00
Tink-a-Tako - Potranco,178,10/21/25 10:54 AM,2,Juan  Camacho,33,0.00,21.93,1.82,0.00,0.00
Tink-a-Tako - Potranco,177,10/21/25 10:49 AM,1,Daniela Torres,,0.00,9.55,0.79,0.00,0.00
Tink-a-Tako - Potranco,180,10/21/25 10:54 AM,1,Daniela Torres,,0.00,1.99,0.16,0.00,0.00
Tink-a-Tako - Potranco,181,10/21/25 10:54 AM,1,Daniela Torres,,0.00,3.98,0.32,0.00,0.00
Tink-a-Tako - Potranco,184,10/21/25 10:58 AM,2,Isabel Cisneros,25,0.00,23.43,1.92,0.00,0.00
Tink-a-Tako - Potranco,183,10/21/25 10:58 AM,1,Maria Majana,,0.00,17.94,1.48,1.58,0.00
Tink-a-Tako - Potranco,185,10/21/25 11:01 AM,2,Silvia Hernandez,18,0.00,37.06,3.05,3.00,0.00
Tink-a-Tako - Potranco,182,10/21/25 10:56 AM,1,Daniela Torres,,0.00,3.94,0.33,0.00,0.00
Tink-a-Tako - Potranco,187,10/21/25 11:04 AM,1,Daniela Torres,,0.00,14.56,1.20,0.00,0.00
Tink-a-Tako - Potranco,188,10/21/25 11:05 AM,1,Daniela Torres,,0.90,8.09,0.67,0.00,0.00
Tink-a-Tako - Potranco,190,10/21/25 11:06 AM,2,Isabel Cisneros,7,1.90,20.07,1.66,0.00,0.00
Tink-a-Tako - Potranco,189,10/21/25 11:06 AM,1,Daniela Torres,,0.00,4.28,0.35,0.00,0.00
Tink-a-Tako - Potranco,191,10/21/25 11:07 AM,1,Silvia Hernandez,36,0.00,7.47,0.62,0.00,0.00
Tink-a-Tako - Potranco,193,10/21/25 11:13 AM,2,Juan  Camacho,20,0.00,25.15,2.06,0.00,0.00
Tink-a-Tako - Potranco,194,10/21/25 11:13 AM,1,Juan  Camacho,17,0.00,13.69,1.12,0.00,0.00
Tink-a-Tako - Potranco,195,10/21/25 11:14 AM,2,Silvia Hernandez,23,0.00,25.21,2.08,5.00,0.00
Tink-a-Tako - Potranco,196,10/21/25 11:16 AM,2,Juan  Camacho,9,0.00,6.97,0.57,0.00,0.00
Tink-a-Tako - Potranco,192,10/21/25 11:08 AM,1,Daniela Torres,,0.00,32.73,2.70,0.00,0.00
Tink-a-Tako - Potranco,197,10/21/25 11:18 AM,1,Daniela Torres,,0.00,12.99,1.07,0.00,0.00
Tink-a-Tako - Potranco,198,10/21/25 11:18 AM,1,Daniela Torres,,0.88,11.57,0.95,0.00,0.00
Tink-a-Tako - Potranco,200,10/21/25 11:19 AM,1,Isabel Cisneros,38,0.00,16.97,1.40,1.00,0.00
Tink-a-Tako - Potranco,199,10/21/25 11:19 AM,1,Daniela Torres,,0.00,12.99,1.07,2.60,0.00
Tink-a-Tako - Potranco,201,10/21/25 11:23 AM,1,Daniela Torres,,0.00,9.66,0.79,1.93,0.00
Tink-a-Tako - Potranco,202,10/21/25 11:27 AM,3,Isabel Cisneros,22,0.00,51.90,4.29,0.00,0.00
Tink-a-Tako - Potranco,204,10/21/25 11:29 AM,1,Daniela Torres,,0.00,16.98,1.40,2.55,0.00
Tink-a-Tako - Potranco,206,10/21/25 11:29 AM,1,Juan  Camacho,37,0.00,15.23,1.26,2.00,0.00
Tink-a-Tako - Potranco,203,10/21/25 11:28 AM,1,Maria Majana,,0.00,12.99,1.07,0.00,0.00
Tink-a-Tako - Potranco,205,10/21/25 11:29 AM,1,Daniela Torres,,0.00,8.56,0.71,0.00,0.00
Tink-a-Tako - Potranco,209,10/21/25 11:33 AM,1,Silvia Hernandez,21,0.00,17.69,1.45,6.00,0.00
Tink-a-Tako - Potranco,208,10/21/25 11:31 AM,1,Daniela Torres,,0.00,1.99,0.16,0.00,0.00
Tink-a-Tako - Potranco,210,10/21/25 11:35 AM,1,Daniela Torres,,0.00,5.44,0.44,1.20,0.00
Tink-a-Tako - Potranco,211,10/21/25 11:35 AM,1,Daniela Torres,,0.00,8.94,0.73,1.97,0.00
Tink-a-Tako - Potranco,213,10/21/25 11:42 AM,2,Juan  Camacho,24,0.00,25.96,2.14,0.00,0.00
Tink-a-Tako - Potranco,214,10/21/25 11:42 AM,2,Isabel Cisneros,8,0.00,10.46,0.87,0.00,0.00
Tink-a-Tako - Potranco,212,10/21/25 11:40 AM,1,Daniela Torres,,0.00,30.03,2.48,2.00,0.00
Tink-a-Tako - Potranco,215,10/21/25 11:42 AM,1,Daniela Torres,,0.00,21.96,1.81,0.00,0.00
Tink-a-Tako - Potranco,216,10/21/25 11:44 AM,1,Daniela Torres,,0.00,9.56,0.79,0.00,0.00
Tink-a-Tako - Potranco,218,10/21/25 11:45 AM,1,Daniela Torres,,0.58,5.20,0.43,0.00,0.00
Tink-a-Tako - Potranco,219,10/21/25 11:45 AM,1,Daniela Torres,,0.00,8.78,0.72,0.00,0.00
Tink-a-Tako - Potranco,217,10/21/25 11:45 AM,3,Silvia Hernandez,1,0.00,28.14,2.32,0.00,0.00
Tink-a-Tako - Potranco,221,10/21/25 11:47 AM,3,Isabel Cisneros,15,0.00,33.02,2.71,5.00,0.00
Tink-a-Tako - Potranco,222,10/21/25 11:49 AM,4,Juan  Camacho,19,0.00,53.10,4.37,5.58,0.00
Tink-a-Tako - Potranco,220,10/21/25 11:47 AM,1,Daniela Torres,,0.00,17.41,1.42,0.00,0.00
Tink-a-Tako - Potranco,227,10/21/25 11:55 AM,2,Isabel Cisneros,38,0.00,27.36,2.25,10.00,0.00
Tink-a-Tako - Potranco,228,10/21/25 11:56 AM,1,Silvia Hernandez,25,0.00,12.93,1.06,6.01,0.00
Tink-a-Tako - Potranco,226,10/21/25 11:55 AM,1,Daniela Torres,,0.00,6.87,0.57,0.00,0.00
Tink-a-Tako - Potranco,230,10/21/25 11:58 AM,4,Juan  Camacho,31,0.00,66.01,5.43,14.00,0.00
Tink-a-Tako - Potranco,231,10/21/25 11:58 AM,1,Daniela Torres,,0.00,10.67,0.88,0.00,0.00
Tink-a-Tako - Potranco,229,10/21/25 11:58 AM,1,Maria Majana,,0.00,3.99,0.33,0.00,0.00
Tink-a-Tako - Potranco,233,10/21/25 12:04 PM,1,Maria Majana,,0.00,9.78,0.81,2.00,0.00
Tink-a-Tako - Potranco,234,10/21/25 12:05 PM,1,Maria Majana,,0.00,11.99,0.99,2.00,0.00
Tink-a-Tako - Potranco,236,10/21/25 12:07 PM,1,Juan  Camacho,21,0.00,17.69,1.45,5.00,0.00
Tink-a-Tako - Potranco,235,10/21/25 12:06 PM,1,Maria Majana,,0.00,15.98,1.32,0.00,0.00
Tink-a-Tako - Potranco,238,10/21/25 12:08 PM,1,Daniela Torres,,0.00,6.78,0.56,0.00,0.00
Tink-a-Tako - Potranco,240,10/21/25 12:10 PM,4,Isabel Cisneros,17,0.00,33.53,2.78,0.00,0.00
Tink-a-Tako - Potranco,241,10/21/25 12:10 PM,1,Daniela Torres,,0.00,7.66,0.62,0.00,0.00
Tink-a-Tako - Potranco,244,10/21/25 12:17 PM,1,Silvia Hernandez,7,0.00,13.69,1.12,3.00,0.00
Tink-a-Tako - Potranco,245,10/21/25 12:18 PM,1,Daniela Torres,,0.00,20.93,1.71,0.00,0.00
Tink-a-Tako - Potranco,246,10/21/25 12:19 PM,1,Daniela Torres,,0.00,21.47,1.77,0.00,0.00
Tink-a-Tako - Potranco,247,10/21/25 12:22 PM,2,Silvia Hernandez,41,7.50,21.17,1.75,4.23,0.00
Tink-a-Tako - Potranco,248,10/21/25 12:25 PM,2,Juan  Camacho,18,0.00,29.93,2.47,4.00,0.00
Tink-a-Tako - Potranco,249,10/21/25 12:30 PM,1,Daniela Torres,,0.00,4.98,0.41,0.00,0.00
Tink-a-Tako - Potranco,250,10/21/25 12:30 PM,1,Daniela Torres,,0.00,5.57,0.46,0.00,0.00
Tink-a-Tako - Potranco,251,10/21/25 12:31 PM,2,Isabel Cisneros,33,0.00,23.40,1.92,5.00,0.00
Tink-a-Tako - Potranco,252,10/21/25 12:31 PM,1,Isabel Cisneros,,0.00,18.10,1.48,0.00,0.00
Tink-a-Tako - Potranco,253,10/21/25 12:32 PM,1,Daniela Torres,,2.20,19.75,1.63,0.00,0.00
Tink-a-Tako - Potranco,256,10/21/25 12:35 PM,1,Daniela Torres,,0.76,9.79,0.82,0.00,0.00
Tink-a-Tako - Potranco,255,10/21/25 12:35 PM,2,Silvia Hernandez,9,0.00,27.37,2.25,9.00,0.00
Tink-a-Tako - Potranco,257,10/21/25 12:39 PM,1,Daniela Torres,,0.00,13.41,1.10,0.00,0.00
Tink-a-Tako - Potranco,258,10/21/25 12:39 PM,2,Juan  Camacho,25,0.00,29.47,2.43,0.00,0.00
Tink-a-Tako - Potranco,259,10/21/25 12:41 PM,2,Isabel Cisneros,23,0.00,30.68,2.53,8.00,0.00
Tink-a-Tako - Potranco,260,10/21/25 12:42 PM,1,Daniela Torres,,0.00,11.21,0.92,0.00,0.00
Tink-a-Tako - Potranco,262,10/21/25 12:45 PM,1,Maria Majana,,0.00,2.29,0.19,0.00,0.00
Tink-a-Tako - Potranco,263,10/21/25 12:47 PM,6,Isabel Cisneros,11,0.00,86.65,7.13,0.00,17.33
Tink-a-Tako - Potranco,264,10/21/25 12:47 PM,2,Silvia Hernandez,38,0.00,17.94,1.47,8.00,0.00
Tink-a-Tako - Potranco,265,10/21/25 12:52 PM,2,Juan  Camacho,20,0.00,25.37,2.08,0.00,0.00
Tink-a-Tako - Potranco,267,10/21/25 12:57 PM,1,Daniela Torres,,0.00,8.48,0.70,0.00,0.00
Tink-a-Tako - Potranco,269,10/21/25 12:59 PM,8,Juan  Camacho,34,0.00,94.33,7.79,10.00,18.87
Tink-a-Tako - Potranco,268,10/21/25 12:58 PM,1,Daniela Torres,,0.00,23.42,1.92,0.00,0.00
Tink-a-Tako - Potranco,270,10/21/25 1:01 PM,2,Silvia Hernandez,24,0.00,27.05,2.23,5.00,0.00
Tink-a-Tako - Potranco,272,10/21/25 1:04 PM,1,Daniela Torres,,0.00,19.82,1.64,2.97,0.00
Tink-a-Tako - Potranco,273,10/21/25 1:08 PM,1,Daniela Torres,,0.00,15.98,1.32,0.00,0.00
Tink-a-Tako - Potranco,275,10/21/25 1:09 PM,1,Daniela Torres,,0.00,3.58,0.30,0.00,0.00
Tink-a-Tako - Potranco,274,10/21/25 1:09 PM,2,Silvia Hernandez,7,1.00,20.97,1.73,0.00,0.00
Tink-a-Tako - Potranco,276,10/21/25 1:09 PM,1,Daniela Torres,,0.00,12.07,1.00,2.41,0.00
Tink-a-Tako - Potranco,278,10/21/25 1:11 PM,1,Juan  Camacho,25,0.00,4.49,0.37,0.00,0.00
Tink-a-Tako - Potranco,280,10/21/25 1:13 PM,1,Daniela Torres,,0.00,10.63,0.87,0.00,0.00
Tink-a-Tako - Potranco,281,10/21/25 1:15 PM,1,Daniela Torres,,0.00,12.86,1.06,0.00,0.00
Tink-a-Tako - Potranco,282,10/21/25 1:16 PM,1,Daniela Torres,,0.00,12.99,1.07,2.86,0.00
Tink-a-Tako - Potranco,284,10/21/25 1:17 PM,1,Daniela Torres,,0.00,17.94,1.47,0.00,0.00
Tink-a-Tako - Potranco,286,10/21/25 1:21 PM,2,Isabel Cisneros,9,0.00,25.57,2.10,0.00,0.00
Tink-a-Tako - Potranco,287,10/21/25 1:22 PM,3,Isabel Cisneros,22,0.00,38.86,3.20,7.77,0.00
Tink-a-Tako - Potranco,285,10/21/25 1:21 PM,1,Daniela Torres,,0.00,2.99,0.25,0.00,0.00
Tink-a-Tako - Potranco,288,10/21/25 1:22 PM,2,Silvia Hernandez,17,0.00,20.88,1.72,0.00,0.00
Tink-a-Tako - Potranco,291,10/21/25 1:25 PM,2,Juan  Camacho,33,0.00,23.37,1.93,0.00,0.00
Tink-a-Tako - Potranco,293,10/21/25 1:28 PM,1,Daniela Torres,,0.00,16.43,1.35,0.00,0.00
Tink-a-Tako - Potranco,295,10/21/25 1:33 PM,2,Silvia Hernandez,23,0.00,29.43,2.42,0.00,0.00
Tink-a-Tako - Potranco,296,10/21/25 1:34 PM,1,Silvia Hernandez,21,0.00,11.92,0.98,5.00,0.00
Tink-a-Tako - Potranco,297,10/21/25 1:37 PM,2,Juan  Camacho,19,0.00,14.36,1.19,5.00,0.00
Tink-a-Tako - Potranco,298,10/21/25 1:40 PM,2,Juan  Camacho,25,0.00,20.43,1.68,3.00,0.00
Tink-a-Tako - Potranco,299,10/21/25 1:43 PM,1,Isabel Cisneros,26,0.00,16.44,1.35,0.00,0.00
Tink-a-Tako - Potranco,300,10/21/25 1:45 PM,1,Daniela Torres,,0.00,7.99,0.65,0.00,0.00
Tink-a-Tako - Potranco,301,10/21/25 1:49 PM,2,Sergio Abundiz,18,0.00,72.31,5.96,0.00,0.00
Tink-a-Tako - Potranco,302,10/21/25 1:50 PM,1,Daniela Torres,,0.00,8.98,0.74,0.00,0.00
Tink-a-Tako - Potranco,303,10/21/25 1:51 PM,4,Juan  Camacho,3,0.00,59.88,4.92,4.65,0.00
Tink-a-Tako - Potranco,304,10/21/25 1:52 PM,1,Maria Majana,,0.00,11.54,0.96,0.00,0.00
Tink-a-Tako - Potranco,306,10/21/25 1:54 PM,2,Juan  Camacho,7,0.00,42.95,3.55,10.00,0.00
Tink-a-Tako - Potranco,307,10/21/25 1:56 PM,1,Daniela Torres,,0.00,4.39,0.36,0.00,0.00
Tink-a-Tako - Potranco,312,10/21/25 2:05 PM,1,Nadia  Reyes,,0.00,8.43,0.69,0.00,0.00
Tink-a-Tako - Potranco,313,10/21/25 2:09 PM,1,Nadia  Reyes,,0.00,7.44,0.61,0.00,0.00
Tink-a-Tako - Potranco,314,10/21/25 2:12 PM,2,Juan  Camacho,33,0.00,37.56,3.09,6.00,0.00
Tink-a-Tako - Potranco,315,10/21/25 2:28 PM,3,Juan  Camacho,25,0.00,52.65,4.34,10.00,0.00
Tink-a-Tako - Potranco,317,10/21/25 2:39 PM,1,Nadia  Reyes,,0.00,9.38,0.77,1.41,0.00
Tink-a-Tako - Potranco,318,10/21/25 2:40 PM,1,Nadia  Reyes,,0.00,15.99,1.32,0.00,0.00
Tink-a-Tako - Potranco,319,10/21/25 2:41 PM,1,Nadia  Reyes,,0.00,27.98,2.30,0.00,0.00
Tink-a-Tako - Potranco,320,10/21/25 2:43 PM,1,Nadia  Reyes,,0.00,9.98,0.82,0.00,0.00
Tink-a-Tako - Potranco,322,10/21/25 2:49 PM,2,Sergio Abundiz,17,0.00,20.97,1.73,5.00,0.00
Tink-a-Tako - Potranco,323,10/21/25 2:53 PM,1,Nadia  Reyes,,0.00,9.43,0.77,1.00,0.00
Tink-a-Tako - Potranco,324,10/21/25 2:54 PM,1,Nadia  Reyes,,0.00,10.99,0.91,0.00,0.00
Tink-a-Tako - Potranco,325,10/21/25 3:22 PM,1,Nadia  Reyes,,0.00,2.78,0.23,0.00,0.00
Tink-a-Tako - Potranco,326,10/21/25 3:23 PM,1,Nadia  Reyes,,0.00,9.37,0.77,0.00,0.00
Tink-a-Tako - Potranco,327,10/21/25 3:39 PM,1,Nadia  Reyes,,0.00,7.97,0.66,1.37,0.00
Tink-a-Tako - Potranco,328,10/21/25 3:39 PM,1,Nadia  Reyes,,0.00,7.97,0.66,0.00,0.00
Tink-a-Tako - Potranco,329,10/21/25 3:53 PM,1,Nadia  Reyes,,0.00,35.24,2.90,0.00,0.00
Tink-a-Tako - Potranco,330,10/21/25 3:59 PM,1,Juan  Camacho,,0.00,19.98,1.65,0.00,0.00
Tink-a-Tako - Potranco,331,10/21/25 4:01 PM,1,Sergio Abundiz,,0.00,27.33,2.25,0.00,0.00
Tink-a-Tako - Potranco,332,10/21/25 4:04 PM,1,Juan  Camacho,24,0.00,17.94,1.48,0.00,0.00
Tink-a-Tako - Potranco,333,10/21/25 4:04 PM,1,Nadia  Reyes,,0.00,20.27,1.68,0.00,0.00
Tink-a-Tako - Potranco,334,10/21/25 4:18 PM,1,Nadia  Reyes,,0.00,12.98,1.07,0.00,0.00
Tink-a-Tako - Potranco,336,10/21/25 4:20 PM,2,Sergio Abundiz,8,0.00,24.96,2.06,5.00,0.00
Tink-a-Tako - Potranco,335,10/21/25 4:19 PM,1,Nadia  Reyes,,0.00,6.99,0.57,0.00,0.00
Tink-a-Tako - Potranco,337,10/21/25 4:33 PM,2,Sergio Abundiz,7,0.00,15.48,1.28,4.24,0.00
Tink-a-Tako - Potranco,338,10/21/25 4:33 PM,2,Sergio Abundiz,25,0.00,33.38,2.75,10.00,0.00
Tink-a-Tako - Potranco,339,10/21/25 4:41 PM,3,Juan  Camacho,16,11.27,25.71,2.10,5.19,0.00
Tink-a-Tako - Potranco,342,10/21/25 4:43 PM,2,Juan  Camacho,33,0.00,25.10,2.06,10.00,0.00
Tink-a-Tako - Potranco,344,10/21/25 4:47 PM,2,Sergio Abundiz,22,0.00,27.88,2.29,5.00,0.00
Tink-a-Tako - Potranco,346,10/21/25 4:55 PM,1,Nadia  Reyes,,0.00,7.73,0.63,0.00,0.00
Tink-a-Tako - Potranco,347,10/21/25 5:00 PM,2,Juan  Camacho,38,0.00,30.60,2.51,0.00,0.00
Tink-a-Tako - Potranco,348,10/21/25 5:02 PM,1,Nadia  Reyes,,0.00,4.99,0.41,0.00,0.00
Tink-a-Tako - Potranco,349,10/21/25 5:16 PM,1,Nadia  Reyes,,0.00,7.25,0.60,0.00,0.00
Tink-a-Tako - Potranco,350,10/21/25 5:17 PM,1,Nadia  Reyes,,0.00,10.00,0.82,1.50,0.00
Tink-a-Tako - Potranco,351,10/21/25 5:21 PM,2,Juan  Camacho,33,0.00,31.43,2.58,0.00,0.00
Tink-a-Tako - Potranco,352,10/21/25 5:24 PM,3,Sergio Abundiz,25,0.00,44.24,3.64,12.12,0.00
Tink-a-Tako - Potranco,353,10/21/25 5:27 PM,1,Nadia  Reyes,,0.00,13.99,1.15,0.00,0.00
Tink-a-Tako - Potranco,354,10/21/25 5:32 PM,1,Nadia  Reyes,,5.00,4.99,0.41,0.00,0.00
Tink-a-Tako - Potranco,355,10/21/25 5:36 PM,5,Sergio Abundiz,1,0.00,49.06,4.06,8.00,0.00
Tink-a-Tako - Potranco,356,10/21/25 5:37 PM,1,Nadia  Reyes,,0.00,18.77,1.55,2.82,0.00
Tink-a-Tako - Potranco,357,10/21/25 5:40 PM,1,Juan  Camacho,24,0.00,22.22,1.83,6.00,0.00
Tink-a-Tako - Potranco,359,10/21/25 5:57 PM,1,Nadia  Reyes,,0.00,19.96,1.64,0.00,0.00
Tink-a-Tako - Potranco,360,10/21/25 6:02 PM,2,Sergio Abundiz,37,0.00,25.47,2.10,5.00,0.00
Tink-a-Tako - Potranco,361,10/21/25 6:04 PM,1,Nadia  Reyes,,0.00,13.94,1.15,2.09,0.00
Tink-a-Tako - Potranco,363,10/21/25 6:06 PM,2,Juan  Camacho,22,0.00,25.92,2.13,5.00,0.00
Tink-a-Tako - Potranco,365,10/21/25 6:17 PM,1,Nadia  Reyes,,0.00,5.58,0.46,0.00,0.00
Tink-a-Tako - Potranco,366,10/21/25 6:19 PM,1,Nadia  Reyes,,0.00,35.97,2.97,0.00,0.00
Tink-a-Tako - Potranco,367,10/21/25 6:20 PM,1,Nadia  Reyes,,0.00,31.83,2.63,6.37,0.00
Tink-a-Tako - Potranco,368,10/21/25 6:24 PM,2,Juan  Camacho,23,0.00,20.94,1.74,0.00,0.00
Tink-a-Tako - Potranco,370,10/21/25 6:46 PM,1,Sergio Abundiz,38,0.00,18.71,1.54,10.00,0.00
Tink-a-Tako - Potranco,371,10/21/25 6:57 PM,1,Juan  Camacho,,0.00,23.44,1.93,0.00,0.00
Tink-a-Tako - Potranco,372,10/21/25 7:07 PM,1,Nadia  Reyes,,0.00,12.94,1.07,0.00,0.00
Tink-a-Tako - Potranco,373,10/21/25 7:10 PM,1,Juan  Camacho,33,0.00,16.62,1.37,2.01,0.00
Tink-a-Tako - Potranco,374,10/21/25 7:19 PM,2,Sergio Abundiz,31,0.00,24.67,2.03,5.00,0.00
Tink-a-Tako - Potranco,375,10/21/25 7:25 PM,1,Nadia  Reyes,,1.00,25.55,2.11,0.00,0.00
Tink-a-Tako - Potranco,377,10/21/25 7:37 PM,1,Nadia  Reyes,,0.00,0.00,0.00,0.00,0.00
Tink-a-Tako - Potranco,378,10/21/25 7:38 PM,1,Nadia  Reyes,,0.00,0.00,0.00,0.00,0.00
Tink-a-Tako - Potranco,379,10/21/25 7:52 PM,5,Juan  Camacho,35,0.00,72.08,5.94,20.00,0.00
Tink-a-Tako - Potranco,380,10/21/25 7:56 PM,4,Juan  Camacho,34,0.00,44.54,3.68,5.00,0.00
Tink-a-Tako - Potranco,381,10/21/25 8:00 PM,1,Sergio Abundiz,37,0.00,16.93,1.39,0.00,0.00
