Employee,Job Title,Regular Hours,Overtime Hours,Hourly Rate,Regular Pay,Overtime Pay,Total Pay,Net Sales,Declared Tips,Non-Cash Tips,Total Tips,Tips Withheld,Total Gratuity,Employee ID,Job Code,Location,Location Code
"Abundiz, Sergio",Server,7.36,0.0,,,,,401.39,,69.36,69.36,0.00,0.00,,,Tink-a-Tako - Potranco,
"Aviles, Genaro",Cook,15.57,0.0,15.00,233.55,0.00,233.55,0.00,,0.00,0.00,0.00,0.00,,,Tink-a-Tako - Potranco,
"Brito, Victor ",Regular,7.23,0.0,12.00,86.76,0.00,86.76,0.00,,0.00,0.00,0.00,0.00,,,Tink-a-Tako - Potranco,
"Camacho, Juan ",Server,15.03,0.0,3.00,45.09,0.00,45.09,1413.63,,180.43,180.43,0.00,18.87,,,Tink-a-Tako - Potranco,
"Cisneros, Isabel",Server,6.92,0.0,3.00,20.76,0.00,20.76,736.64,,77.05,77.05,0.00,17.33,,,Tink-a-Tako - Potranco,
"Diaz, Diego",Cook,8.64,0.0,,,,,0.00,,0.00,0.00,0.00,0.00,,,Tink-a-Tako - Potranco,
"Dominguez, Jose ",Cook,22.21,0.0,17.00,377.57,0.00,377.57,0.00,0.00,0.00,0.00,0.00,0.00,,,Tink-a-Tako - Potranco,
"Gonzalez, Maria ",Tortillero,7.27,0.0,13.00,94.51,0.00,94.51,0.00,,0.00,0.00,0.00,0.00,,,Tink-a-Tako - Potranco,
"Hernandez, Silvia",Server,6.39,0.0,3.00,19.17,0.00,19.17,587.47,,86.09,86.09,0.00,0.00,,,Tink-a-Tako - Potranco,
"Juarez, Maria ",Dishwasher,7.09,0.0,12.00,85.08,0.00,85.08,0.00,,0.00,0.00,0.00,0.00,,,Tink-a-Tako - Potranco,
"Majana, Maria",Host,6.11,0.0,14.00,85.54,0.00,85.54,527.32,,31.58,31.58,0.00,0.00,,,Tink-a-Tako - Potranco,
"ORDONEZ, Rosie ",Shift Manager / Assistant Manager,7.18,0.0,,,,,0.00,,0.00,0.00,0.00,0.00,,,Tink-a-Tako - Potranco,
"Ramirez Perez, Silvia",Cook,8.47,0.0,17.00,143.99,0.00,143.99,0.00,,0.00,0.00,0.00,0.00,,,Tink-a-Tako - Potranco,
"Reyes, Nadia ",Drive-Thru,6.8,0.0,,,,,416.68,,16.56,16.56,0.00,0.00,,,Tink-a-Tako - Potranco,
"Rueda, Jonathan",Busser,5.31,0.0,12.00,63.72,0.00,63.72,0.00,,0.00,0.00,0.00,0.00,,,Tink-a-Tako - Potranco,
"Salinas, Zoila",Manager S.,20.74,0.0,18.75,388.88,0.00,388.88,0.00,0.00,0.00,0.00,0.00,0.00,,,Tink-a-Tako - Potranco,
"Torres, Daniela",Drive-Thru,8.03,0.0,,,,,1517.36,,36.81,36.81,0.00,0.00,,,Tink-a-Tako - Potranco,
