,Location,Employee,Job Title,In Date,Shift Closed Date,Out Date,Hours,Cash Tips Decl.,Cash on Hand,Cash in Drawer,Non-Cash Tips,Cash Gratuity,Non-Cash Gratuity,Tips Withheld,Non-Cash Sales,Cash Sales,Total Sales,Cash Collected?,Tips Paid?,Open,Paid,Closed,Tip Share Total
800000031012087434,Tink-a-Tako - Potranco,Jose  Dominguez,Cook,10/21/25 5:47 AM,10/22/25 4:06 AM,10/22/25 4:00 AM,22.21,0.00,0.00,0.00,0.00,0.00,0.00,0.00,0.00,0.00,0.00,yes,yes,0,0,0,0.00
800000031012184153,Tink-a-Tako - Potranco,Daniela Torres,Drive-Thru,10/21/25 6:08 AM,10/21/25 2:06 PM,10/21/25 2:10 PM,8.03,,340.57,0.00,36.81,0.00,0.00,0.00,1301.75,340.57,1642.32,yes,yes,0,0,153,0.00
800000031012220343,Tink-a-Tako - Potranco,Juan  Camacho,Server,10/21/25 6:15 AM,10/21/25 9:04 PM,10/21/25 9:17 PM,15.03,,293.32,0.00,180.43,0.00,18.87,0.00,1236.81,293.32,1530.13,yes,yes,0,0,60,0.00
800000031012749803,Tink-a-Tako - Potranco,Zoila Salinas,Manager S.,10/21/25 7:15 AM,10/22/25 4:06 AM,10/22/25 4:00 AM,20.74,0.00,0.00,0.00,0.00,0.00,0.00,0.00,0.00,0.00,0.00,yes,yes,0,0,0,0.00
800000031013195884,Tink-a-Tako - Potranco,Isabel Cisneros,Server,10/21/25 7:47 AM,10/21/25 2:14 PM,10/21/25 2:43 PM,6.92,,274.19,0.00,77.05,0.00,17.33,0.00,523.15,274.19,797.34,yes,yes,0,0,32,0.00
800000031013290189,Tink-a-Tako - Potranco,Silvia Hernandez,Server,10/21/25 7:54 AM,10/21/25 2:17 PM,10/21/25 2:18 PM,6.39,,136.25,0.00,86.09,0.00,0.00,0.00,499.60,136.25,635.85,yes,yes,0,0,29,0.00
800000031013363606,Tink-a-Tako - Potranco,Maria Majana,Host,10/21/25 7:59 AM,10/21/25 2:06 PM,10/21/25 2:06 PM,6.11,,0.00,25.77,31.58,0.00,0.00,0.00,545.07,25.77,570.84,yes,yes,0,0,18,0.00
800000031014215563,Tink-a-Tako - Potranco,Jonathan Rueda,Busser,10/21/25 8:52 AM,10/21/25 2:11 PM,10/21/25 2:11 PM,5.31,,0.00,0.00,0.00,0.00,0.00,0.00,0.00,0.00,0.00,yes,yes,0,0,0,0.00
800000031023084827,Tink-a-Tako - Potranco,Sergio Abundiz,Server,10/21/25 1:55 PM,10/21/25 8:57 PM,10/21/25 9:16 PM,7.36,,105.51,0.00,69.36,0.00,0.00,0.00,328.96,105.51,434.47,yes,yes,0,0,15,0.00
800000031023409545,Tink-a-Tako - Potranco,Nadia  Reyes,Drive-Thru,10/21/25 2:05 PM,10/21/25 8:48 PM,10/21/25 8:53 PM,6.80,,166.41,0.00,16.56,0.00,0.00,0.00,284.60,166.41,451.01,yes,yes,0,0,30,0.00
800000031023410331,Tink-a-Tako - Potranco,Rosie  ORDONEZ,Shift Manager / Assistant Manager,10/21/25 2:05 PM,10/21/25 9:16 PM,10/21/25 9:16 PM,7.18,,0.00,0.00,0.00,0.00,0.00,0.00,0.00,0.00,0.00,yes,yes,0,0,0,0.00
