Location,Order #,Opened Date,Server,Table,Discount Name,Discount Reason,Comment,Discount Amount
Tink-a-Tako - Potranco,328,8/12/25 7:45 PM,Melissa Urena,,Military Discount,,,1.50
Tink-a-Tako - Potranco,272,8/12/25 3:20 PM,Arturo Rangel,,Military Discount,,,0.36
Tink-a-Tako - Potranco,272,8/12/25 3:20 PM,Arturo Rangel,,Military Discount,,,0.70
Tink-a-Tako - Potranco,237,8/12/25 1:33 PM,Silvia Hernandez,25,Open % Item,,,3.00
Tink-a-Tako - Potranco,237,8/12/25 1:33 PM,Silvia Hernandez,25,Open % Item,,,3.20
Tink-a-Tako - Potranco,225,8/12/25 1:00 PM,Daniela Torres,,Military Discount,,,1.10
Tink-a-Tako - Potranco,165,8/12/25 11:06 AM,Daniela Torres,,Military Discount,,,0.60
Tink-a-Tako - Potranco,149,8/12/25 10:35 AM,Daniela Torres,,Military Discount,,,0.49
Tink-a-Tako - Potranco,149,8/12/25 10:35 AM,Daniela Torres,,Military Discount,,,0.18
Tink-a-Tako - Potranco,121,8/12/25 9:50 AM,Daniela Torres,,Military Discount,,,0.60
Tink-a-Tako - Potranco,70,8/12/25 8:42 AM,Maria Majana,18,Open % Item,,,0.43
Tink-a-Tako - Potranco,70,8/12/25 8:42 AM,Maria Majana,18,Open % Item,,,3.00
Tink-a-Tako - Potranco,43,8/12/25 8:08 AM,Giselle Cisneross,,Employee Discount - Check,Employee Discount,Meseros,48.18
Tink-a-Tako - Potranco,15,8/12/25 7:15 AM,Daniela Torres,,Military Discount,,,0.48
