Check #,Table,Payment Type,Server,Cashier,Tip,Amount,Cash Drawer,Date,Opened Date
1,,CASH,Daniela,Daniela,0.00,4.31,,8/12/25 6:33 AM,8/12/25 6:32 AM
3,,CREDIT,Daniela,Daniela,0.00,4.31,,8/12/25 6:47 AM,8/12/25 6:46 AM
5,,CASH,Daniela,Daniela,0.00,5.17,,8/12/25 6:48 AM,8/12/25 6:47 AM
6,,CREDIT,Daniela,Daniela,0.00,7.51,,8/12/25 6:50 AM,8/12/25 6:49 AM
7,,CREDIT,Daniela,Daniela,0.00,8.30,,8/12/25 6:53 AM,8/12/25 6:52 AM
9,,CREDIT,Daniela,Daniela,0.00,31.96,,8/12/25 6:58 AM,8/12/25 6:55 AM
8,,CASH,Daniela,Daniela,0.00,23.05,,8/12/25 7:00 AM,8/12/25 6:57 AM
11,,CASH,Daniela,Daniela,0.00,10.37,,8/12/25 7:05 AM,8/12/25 7:04 AM
12,,CREDIT,Daniela,Daniela,1.00,11.65,,8/12/25 7:07 AM,8/12/25 7:05 AM
13,,CREDIT,Rosie ,Rosie ,0.00,5.39,,8/12/25 7:14 AM,8/12/25 7:14 AM
14,,CREDIT,Daniela,Daniela,0.00,7.02,,8/12/25 7:15 AM,8/12/25 7:15 AM
4,35,CREDIT,Rosie ,,5.00,16.39,,8/12/25 7:18 AM,8/12/25 6:47 AM
16,,CASH,Daniela,Daniela,0.00,2.70,,8/12/25 7:18 AM,8/12/25 7:18 AM
17,,CASH,Daniela,Daniela,0.00,1.94,,8/12/25 7:21 AM,8/12/25 7:19 AM
18,,CREDIT,Daniela,Daniela,0.00,7.61,,8/12/25 7:24 AM,8/12/25 7:24 AM
20,,CREDIT,Daniela,Daniela,0.00,14.88,,8/12/25 7:34 AM,8/12/25 7:33 AM
21,,CREDIT,Juan ,Juan ,1.00,6.47,,8/12/25 7:36 AM,8/12/25 7:36 AM
22,,CASH,Daniela,Daniela,0.00,9.05,,8/12/25 7:44 AM,8/12/25 7:38 AM
23,,CREDIT,Daniela,Daniela,0.00,8.31,,8/12/25 7:45 AM,8/12/25 7:39 AM
24,,CASH,Daniela,Daniela,0.00,12.04,,8/12/25 7:46 AM,8/12/25 7:39 AM
28,,CREDIT,Juan ,Juan ,1.00,9.97,,8/12/25 7:46 AM,8/12/25 7:46 AM
25,,CREDIT,Daniela,Daniela,0.00,8.03,,8/12/25 7:47 AM,8/12/25 7:40 AM
26,,CREDIT,Daniela,Daniela,0.00,6.90,,8/12/25 7:47 AM,8/12/25 7:41 AM
27,,CREDIT,Daniela,Daniela,0.00,17.82,,8/12/25 7:47 AM,8/12/25 7:45 AM
15,,CASH,Daniela,Daniela,0.00,4.67,,8/12/25 7:52 AM,8/12/25 7:51 AM
29,,CREDIT,Daniela,Daniela,0.00,8.40,,8/12/25 7:53 AM,8/12/25 7:51 AM
30,,CREDIT,Daniela,Daniela,0.00,4.31,,8/12/25 7:58 AM,8/12/25 7:58 AM
36,,CREDIT,Giselle,Giselle,0.00,7.98,,8/12/25 7:59 AM,8/12/25 7:59 AM
34,,CREDIT,Daniela,Daniela,0.00,4.07,,8/12/25 8:01 AM,8/12/25 7:58 AM
34,,CREDIT,Daniela,Daniela,0.00,0.24,,8/12/25 8:01 AM,8/12/25 7:58 AM
33,,CREDIT,Daniela,Daniela,0.00,12.94,,8/12/25 8:02 AM,8/12/25 8:00 AM
35,,CREDIT,Daniela,Daniela,0.00,15.85,,8/12/25 8:04 AM,8/12/25 8:00 AM
38,,CREDIT,Daniela,Daniela,0.00,4.63,,8/12/25 8:05 AM,8/12/25 8:00 AM
40,,CASH,Daniela,Daniela,0.00,8.30,,8/12/25 8:06 AM,8/12/25 8:05 AM
37,,CASH,Daniela,Daniela,0.00,4.09,,8/12/25 8:10 AM,8/12/25 8:08 AM
44,,CREDIT,Daniela,Daniela,0.00,4.30,,8/12/25 8:10 AM,8/12/25 8:09 AM
46,,CREDIT,Daniela,Daniela,0.00,3.88,,8/12/25 8:13 AM,8/12/25 8:10 AM
42,,CREDIT,Daniela,Daniela,0.00,4.74,,8/12/25 8:13 AM,8/12/25 8:12 AM
49,,CASH,Daniela,Daniela,0.00,4.42,,8/12/25 8:20 AM,8/12/25 8:20 AM
47,,CREDIT,Daniela,Daniela,0.00,11.12,,8/12/25 8:27 AM,8/12/25 8:26 AM
51,,CASH,Daniela,Daniela,0.00,3.24,,8/12/25 8:30 AM,8/12/25 8:28 AM
52,,CASH,Daniela,Daniela,0.00,4.09,,8/12/25 8:31 AM,8/12/25 8:28 AM
53,,CREDIT,Daniela,Daniela,0.00,18.05,,8/12/25 8:33 AM,8/12/25 8:30 AM
61,,CREDIT,Juan ,Juan ,0.00,9.18,,8/12/25 8:34 AM,8/12/25 8:34 AM
54,,CREDIT,Daniela,Daniela,0.00,5.17,,8/12/25 8:35 AM,8/12/25 8:31 AM
50,,CREDIT,Daniela,Daniela,0.00,16.68,,8/12/25 8:35 AM,8/12/25 8:31 AM
63,,CREDIT,Daniela,Daniela,0.00,14.32,,8/12/25 8:38 AM,8/12/25 8:35 AM
62,,CREDIT,Daniela,Daniela,0.00,18.56,,8/12/25 8:42 AM,8/12/25 8:34 AM
64,,CASH,Daniela,Daniela,0.00,29.37,,8/12/25 8:44 AM,8/12/25 8:35 AM
65,,CREDIT,Daniela,Daniela,0.00,13.11,,8/12/25 8:45 AM,8/12/25 8:37 AM
39,25,CASH,Juan ,Juan ,0.00,14.90,,8/12/25 8:46 AM,8/12/25 8:02 AM
69,,CASH,Daniela,Daniela,0.00,15.62,,8/12/25 8:46 AM,8/12/25 8:42 AM
41,11,CREDIT,Juan ,Juan ,0.00,27.44,,8/12/25 8:46 AM,8/12/25 8:07 AM
74,,CREDIT,Daniela,Daniela,0.00,5.19,,8/12/25 8:50 AM,8/12/25 8:47 AM
71,,CASH,Daniela,Daniela,0.00,5.40,,8/12/25 8:51 AM,8/12/25 8:45 AM
73,,CREDIT,Daniela,Daniela,0.00,22.26,,8/12/25 8:53 AM,8/12/25 8:47 AM
76,,CREDIT,Daniela,Daniela,0.00,14.56,,8/12/25 8:55 AM,8/12/25 8:48 AM
77,,CREDIT,Daniela,Daniela,0.00,5.39,,8/12/25 8:56 AM,8/12/25 8:51 AM
78,,CASH,Daniela,Daniela,0.00,11.65,,8/12/25 8:57 AM,8/12/25 8:52 AM
84,,CREDIT,Daniela,Daniela,0.00,9.18,,8/12/25 9:00 AM,8/12/25 8:59 AM
85,,CREDIT,Daniela,Daniela,0.00,9.69,,8/12/25 9:01 AM,8/12/25 9:00 AM
86,,CREDIT,Daniela,Daniela,0.00,6.46,,8/12/25 9:03 AM,8/12/25 9:01 AM
92,,CREDIT,Daniela,Daniela,0.00,12.35,,8/12/25 9:06 AM,8/12/25 9:05 AM
59,16,CREDIT,Maria,,2.20,10.81,,8/12/25 9:09 AM,8/12/25 8:33 AM
80,7,CREDIT,Juan ,Giselle,3.00,7.54,,8/12/25 9:09 AM,8/12/25 8:52 AM
94,,CREDIT,Daniela,Daniela,0.00,14.23,,8/12/25 9:10 AM,8/12/25 9:06 AM
93,,CASH,Giselle,Giselle,0.00,9.73,Front Left,8/12/25 9:11 AM,8/12/25 9:06 AM
81,39,CREDIT,Juan ,,2.00,11.00,,8/12/25 9:12 AM,8/12/25 8:54 AM
56,11,CASH,Maria,Maria,0.00,10.88,,8/12/25 9:12 AM,8/12/25 8:32 AM
98,,CREDIT,Daniela,Daniela,0.00,9.98,,8/12/25 9:14 AM,8/12/25 9:13 AM
99,,CREDIT,Daniela,Daniela,0.00,2.70,,8/12/25 9:15 AM,8/12/25 9:14 AM
101,,CASH,Daniela,Daniela,0.00,2.15,,8/12/25 9:16 AM,8/12/25 9:15 AM
72,21,CREDIT,Isabel,Isabel,0.00,25.93,,8/12/25 9:18 AM,8/12/25 8:47 AM
70,18,CREDIT,Maria,Maria,7.00,18.08,,8/12/25 9:21 AM,8/12/25 8:46 AM
82,32,CREDIT,Silvia,Giselle,3.00,21.62,,8/12/25 9:22 AM,8/12/25 8:57 AM
104,,CREDIT,Daniela,Daniela,1.00,11.24,,8/12/25 9:22 AM,8/12/25 9:22 AM
89,19,CASH,Isabel,Isabel,0.00,7.54,,8/12/25 9:27 AM,8/12/25 9:02 AM
45,31,CREDIT,Juan ,Juan ,0.00,16.20,,8/12/25 9:27 AM,8/12/25 8:09 AM
107,,CREDIT,Daniela,Daniela,0.00,17.17,,8/12/25 9:27 AM,8/12/25 9:26 AM
48,31,CREDIT,Juan ,Juan ,0.00,42.89,,8/12/25 9:28 AM,8/12/25 8:20 AM
108,,CREDIT,Daniela,Daniela,0.00,1.94,,8/12/25 9:32 AM,8/12/25 9:27 AM
111,,CREDIT,Daniela,Daniela,0.00,13.57,,8/12/25 9:33 AM,8/12/25 9:31 AM
88,9,CREDIT,Silvia,Silvia,0.00,23.00,,8/12/25 9:33 AM,8/12/25 9:05 AM
112,,CREDIT,Daniela,Daniela,0.00,6.45,,8/12/25 9:35 AM,8/12/25 9:34 AM
83,38,CREDIT,Maria,Maria,0.00,18.38,,8/12/25 9:37 AM,8/12/25 8:58 AM
91,37,CREDIT,Isabel,Isabel,0.00,26.35,,8/12/25 9:37 AM,8/12/25 9:05 AM
60,31,CREDIT,Juan ,Juan ,3.00,24.60,,8/12/25 9:40 AM,8/12/25 8:33 AM
55,31,CREDIT,Juan ,Juan ,0.00,10.81,,8/12/25 9:42 AM,8/12/25 8:31 AM
96,,CREDIT,Isabel,,1.62,18.38,,8/12/25 9:42 AM,8/12/25 9:08 AM
100,2,CREDIT,Silvia,Rosie ,4.00,26.49,,8/12/25 9:47 AM,8/12/25 9:14 AM
57,31,CREDIT,Juan ,Juan ,2.00,15.12,,8/12/25 9:48 AM,8/12/25 8:31 AM
113,,CREDIT,Daniela,Daniela,0.00,51.83,,8/12/25 9:48 AM,8/12/25 9:40 AM
114,,CREDIT,Daniela,Daniela,2.00,26.48,,8/12/25 9:49 AM,8/12/25 9:41 AM
109,,CREDIT,Daniela,Daniela,0.00,7.23,,8/12/25 9:51 AM,8/12/25 9:42 AM
116,,CREDIT,Daniela,Daniela,0.00,2.15,,8/12/25 9:52 AM,8/12/25 9:42 AM
121,,CREDIT,Daniela,Daniela,0.00,5.82,,8/12/25 9:53 AM,8/12/25 9:50 AM
68,31,CASH,Juan ,Juan ,0.00,38.22,,8/12/25 9:55 AM,8/12/25 8:41 AM
90,31,CASH,Juan ,Juan ,0.00,10.81,,8/12/25 9:55 AM,8/12/25 9:05 AM
120,,CREDIT,Daniela,Daniela,0.00,7.77,,8/12/25 9:55 AM,8/12/25 9:50 AM
122,,CREDIT,Daniela,Daniela,0.00,10.11,,8/12/25 9:56 AM,8/12/25 9:53 AM
103,31,CREDIT,Juan ,Juan ,3.00,4.00,,8/12/25 9:56 AM,8/12/25 9:18 AM
123,,CREDIT,Daniela,Daniela,0.00,10.80,,8/12/25 9:56 AM,8/12/25 9:53 AM
67,31,CREDIT,Juan ,Juan ,0.00,8.19,,8/12/25 9:59 AM,8/12/25 8:41 AM
127,,CREDIT,Daniela,Daniela,0.00,20.03,,8/12/25 10:02 AM,8/12/25 10:01 AM
10,24,CASH,Juan ,Juan ,0.00,30.02,,8/12/25 10:02 AM,8/12/25 7:01 AM
118,33,CREDIT,Maria,Maria,0.00,12.69,,8/12/25 10:05 AM,8/12/25 9:47 AM
128,,CREDIT,Daniela,Daniela,0.00,15.09,,8/12/25 10:06 AM,8/12/25 10:02 AM
97,11,CREDIT,Maria,Maria,5.00,30.89,,8/12/25 10:07 AM,8/12/25 9:12 AM
2,31,CASH,Juan ,Juan ,0.00,17.04,,8/12/25 10:09 AM,8/12/25 6:42 AM
31,31,CASH,Juan ,Juan ,0.00,18.38,,8/12/25 10:09 AM,8/12/25 7:53 AM
32,31,CASH,Juan ,Juan ,0.00,2.48,,8/12/25 10:09 AM,8/12/25 7:53 AM
130,,CREDIT,Daniela,Daniela,0.00,6.47,,8/12/25 10:09 AM,8/12/25 10:02 AM
66,31,CASH,Juan ,Juan ,0.00,5.39,,8/12/25 10:09 AM,8/12/25 8:41 AM
87,33,CASH,Maria,Maria,0.00,10.99,,8/12/25 10:10 AM,8/12/25 9:02 AM
131,,CREDIT,Daniela,Daniela,0.00,17.77,,8/12/25 10:10 AM,8/12/25 10:03 AM
117,,CREDIT,Daniela,Daniela,0.00,11.91,,8/12/25 10:11 AM,8/12/25 10:04 AM
138,,CREDIT,Daniela,Daniela,0.00,7.10,,8/12/25 10:14 AM,8/12/25 10:11 AM
102,31,CREDIT,Juan ,Juan ,0.00,18.68,,8/12/25 10:15 AM,8/12/25 9:17 AM
141,,CASH,Giselle,Giselle,0.00,9.50,Front Left,8/12/25 10:15 AM,8/12/25 10:15 AM
137,,CREDIT,Daniela,Daniela,0.00,5.40,,8/12/25 10:15 AM,8/12/25 10:11 AM
129,,CREDIT,Giselle,Giselle,0.00,21.42,,8/12/25 10:16 AM,8/12/25 10:01 AM
140,,CREDIT,Daniela,Daniela,3.60,57.16,,8/12/25 10:16 AM,8/12/25 10:13 AM
110,31,CASH,Juan ,Juan ,0.00,5.94,,8/12/25 10:17 AM,8/12/25 9:29 AM
135,31,CASH,Juan ,Juan ,0.00,15.55,,8/12/25 10:17 AM,8/12/25 10:09 AM
139,31,CASH,Juan ,Juan ,0.00,18.13,,8/12/25 10:17 AM,8/12/25 10:11 AM
133,,CREDIT,Daniela,Daniela,0.00,13.03,,8/12/25 10:21 AM,8/12/25 10:17 AM
143,,CASH,Daniela,Daniela,0.00,15.88,,8/12/25 10:22 AM,8/12/25 10:21 AM
144,,CASH,Giselle,Giselle,0.00,9.73,Front Left,8/12/25 10:23 AM,8/12/25 10:22 AM
139,31,CASH,Juan ,Juan ,0.00,-18.13,,8/12/25 10:24 AM,8/12/25 10:11 AM
126,19,CREDIT,Isabel,Giselle,3.00,18.16,,8/12/25 10:27 AM,8/12/25 9:59 AM
125,32,CREDIT,Silvia,,2.79,20.18,,8/12/25 10:30 AM,8/12/25 9:58 AM
124,37,CREDIT,Maria,Maria,3.00,23.99,,8/12/25 10:30 AM,8/12/25 9:56 AM
119,17,CREDIT,Isabel,Isabel,0.00,18.22,,8/12/25 10:33 AM,8/12/25 9:48 AM
142,,CREDIT,Daniela,Daniela,0.00,15.00,,8/12/25 10:33 AM,8/12/25 10:32 AM
148,,CREDIT,Daniela,Daniela,0.00,18.64,,8/12/25 10:36 AM,8/12/25 10:35 AM
149,,CREDIT,Daniela,Daniela,0.00,6.50,,8/12/25 10:38 AM,8/12/25 10:35 AM
151,,CREDIT,Daniela,Daniela,0.00,12.73,,8/12/25 10:39 AM,8/12/25 10:38 AM
106,26,CASH,Silvia,Silvia,0.00,8.41,,8/12/25 10:40 AM,8/12/25 9:23 AM
134,3,CREDIT,Silvia,Silvia,0.00,15.00,,8/12/25 10:40 AM,8/12/25 10:05 AM
147,,CREDIT,Daniela,Daniela,0.00,3.78,,8/12/25 10:44 AM,8/12/25 10:42 AM
155,,CREDIT,Daniela,Daniela,0.00,4.64,,8/12/25 10:54 AM,8/12/25 10:54 AM
150,,CREDIT,Giselle,Giselle,0.00,9.97,,8/12/25 10:54 AM,8/12/25 10:39 AM
145,18,CASH,Silvia,Silvia,0.00,19.44,,8/12/25 10:57 AM,8/12/25 10:32 AM
156,,CASH,Daniela,Daniela,0.00,14.64,,8/12/25 10:59 AM,8/12/25 10:57 AM
159,,CREDIT,Daniela,Daniela,0.00,19.14,,8/12/25 11:01 AM,8/12/25 11:00 AM
160,,CASH,Daniela,Daniela,0.00,4.09,,8/12/25 11:03 AM,8/12/25 11:01 AM
161,,CREDIT,Daniela,Daniela,0.00,12.73,,8/12/25 11:05 AM,8/12/25 11:02 AM
162,,CASH,Daniela,Daniela,0.00,3.88,,8/12/25 11:06 AM,8/12/25 11:03 AM
163,,CASH,Daniela,Daniela,0.00,32.81,,8/12/25 11:07 AM,8/12/25 11:05 AM
165,,CREDIT,Daniela,Daniela,0.00,5.81,,8/12/25 11:09 AM,8/12/25 11:06 AM
136,33,CREDIT,Maria,Maria,4.00,22.85,,8/12/25 11:10 AM,8/12/25 10:10 AM
166,,CASH,Daniela,Daniela,0.00,8.04,,8/12/25 11:10 AM,8/12/25 11:08 AM
167,,CREDIT,Daniela,Daniela,2.00,5.39,,8/12/25 11:12 AM,8/12/25 11:08 AM
171,,CREDIT,Daniela,Daniela,0.00,11.90,,8/12/25 11:14 AM,8/12/25 11:14 AM
,,CASH_COLLECTED,Maria,Maria,0.00,21.87*,House,8/12/25 11:14 AM,8/12/25 11:14 AM
,,TIP_OUT,Maria,Maria,-21.20,0.00,House,8/12/25 11:14 AM,8/12/25 11:14 AM
146,10,CREDIT,Isabel,,6.00,25.65,,8/12/25 11:17 AM,8/12/25 10:30 AM
169,,CREDIT,Daniela,Daniela,0.00,10.63,,8/12/25 11:17 AM,8/12/25 11:12 AM
158,7,CREDIT,Isabel,Giselle,5.00,21.61,,8/12/25 11:17 AM,8/12/25 11:00 AM
170,,CREDIT,Daniela,Daniela,0.00,10.19,,8/12/25 11:18 AM,8/12/25 11:13 AM
173,,CREDIT,Daniela,Daniela,0.00,6.04,,8/12/25 11:18 AM,8/12/25 11:14 AM
154,32,CREDIT,Silvia,Silvia,6.00,40.90,,8/12/25 11:19 AM,8/12/25 10:51 AM
175,,CASH,Giselle,Giselle,0.00,4.30,Front Left,8/12/25 11:19 AM,8/12/25 11:19 AM
157,25,CREDIT,Isabel,Isabel,0.00,11.89,,8/12/25 11:20 AM,8/12/25 10:59 AM
174,,CREDIT,Daniela,Daniela,0.00,23.75,,8/12/25 11:21 AM,8/12/25 11:19 AM
139,31,CASH,Juan ,Juan ,0.00,18.13,,8/12/25 11:21 AM,8/12/25 10:11 AM
178,,CREDIT,Daniela,Daniela,0.00,2.15,,8/12/25 11:23 AM,8/12/25 11:23 AM
177,,CREDIT,Daniela,Daniela,0.00,12.51,,8/12/25 11:28 AM,8/12/25 11:22 AM
168,34,CREDIT,Isabel,Giselle,3.00,30.31,,8/12/25 11:29 AM,8/12/25 11:12 AM
183,,CASH,Daniela,Daniela,0.00,4.30,,8/12/25 11:30 AM,8/12/25 11:27 AM
152,,CREDIT,Daniela,Daniela,0.00,22.35,,8/12/25 11:31 AM,8/12/25 11:29 AM
164,37,CREDIT,Silvia,Silvia,4.00,27.52,,8/12/25 11:35 AM,8/12/25 11:04 AM
187,,CASH,Daniela,Daniela,0.00,8.20,,8/12/25 11:36 AM,8/12/25 11:30 AM
188,,CREDIT,Daniela,Daniela,0.00,10.25,,8/12/25 11:36 AM,8/12/25 11:31 AM
189,,CASH,Daniela,Daniela,0.00,10.58,,8/12/25 11:37 AM,8/12/25 11:33 AM
190,,CREDIT,Daniela,Daniela,0.00,10.46,,8/12/25 11:38 AM,8/12/25 11:33 AM
192,,CREDIT,Daniela,Daniela,0.00,10.46,,8/12/25 11:40 AM,8/12/25 11:40 AM
179,38,CREDIT,Silvia,Silvia,6.00,29.35,,8/12/25 11:42 AM,8/12/25 11:23 AM
193,,CREDIT,Daniela,Daniela,0.00,13.15,,8/12/25 11:47 AM,8/12/25 11:46 AM
185,24,CREDIT,Isabel,Isabel,4.00,22.12,,8/12/25 11:47 AM,8/12/25 11:29 AM
197,,CASH,Daniela,Daniela,0.00,3.02,,8/12/25 11:50 AM,8/12/25 11:50 AM
198,,CREDIT,Giselle,Giselle,0.00,13.29,,8/12/25 11:51 AM,8/12/25 11:51 AM
199,,CREDIT,Daniela,Daniela,0.00,5.39,,8/12/25 11:57 AM,8/12/25 11:56 AM
181,26,CASH,Isabel,Isabel,0.00,18.37,,8/12/25 11:57 AM,8/12/25 11:24 AM
184,19,CREDIT,Silvia,,2.59,14.00,,8/12/25 11:59 AM,8/12/25 11:28 AM
176,11,CREDIT,Juan ,Juan ,3.00,31.66,,8/12/25 11:59 AM,8/12/25 11:20 AM
196,25,CREDIT,Juan ,Juan ,3.00,17.30,,8/12/25 12:00 PM,8/12/25 11:43 AM
200,,CREDIT,Daniela,Daniela,0.00,24.39,,8/12/25 12:01 PM,8/12/25 11:59 AM
202,,CASH,Daniela,Daniela,0.00,10.81,,8/12/25 12:03 PM,8/12/25 12:00 PM
194,,CREDIT,Juan ,Giselle,3.00,33.51,,8/12/25 12:03 PM,8/12/25 11:44 AM
182,32,CASH,Juan ,Juan ,0.00,42.11,,8/12/25 12:06 PM,8/12/25 11:27 AM
203,,CREDIT,Daniela,Daniela,2.00,17.79,,8/12/25 12:08 PM,8/12/25 12:00 PM
195,42,CREDIT,Silvia,Silvia,0.00,18.61,,8/12/25 12:09 PM,8/12/25 11:42 AM
204,,CREDIT,Daniela,Daniela,0.00,12.95,,8/12/25 12:10 PM,8/12/25 12:01 PM
191,7,CREDIT,Juan ,Juan ,0.00,33.16,,8/12/25 12:10 PM,8/12/25 11:37 AM
212,42,CREDIT,Silvia,Silvia,0.00,18.61,,8/12/25 12:10 PM,8/12/25 12:09 PM
205,,CREDIT,Daniela,Daniela,1.00,5.18,,8/12/25 12:10 PM,8/12/25 12:01 PM
208,,CREDIT,Daniela,Daniela,0.00,27.00,,8/12/25 12:11 PM,8/12/25 12:04 PM
201,,CREDIT,Isabel,Giselle,0.00,14.46,,8/12/25 12:12 PM,8/12/25 11:58 AM
213,,CASH,Daniela,Daniela,0.00,15.36,,8/12/25 12:13 PM,8/12/25 12:10 PM
218,,CASH,Daniela,Daniela,0.00,19.35,,8/12/25 12:33 PM,8/12/25 12:32 PM
186,,CREDIT,Daniela,Daniela,0.00,29.22,,8/12/25 12:38 PM,8/12/25 12:36 PM
206,35,CREDIT,Isabel,Isabel,4.00,24.34,,8/12/25 12:38 PM,8/12/25 12:04 PM
219,,CREDIT,Daniela,Daniela,1.00,9.72,,8/12/25 12:39 PM,8/12/25 12:36 PM
216,,CASH,Daniela,Daniela,0.00,17.30,,8/12/25 12:41 PM,8/12/25 12:24 PM
211,17,CASH,Juan ,Juan ,0.00,17.17,,8/12/25 12:42 PM,8/12/25 12:09 PM
221,,CREDIT,Daniela,Daniela,0.00,2.70,,8/12/25 12:48 PM,8/12/25 12:48 PM
222,,CASH,Daniela,Daniela,0.00,8.61,,8/12/25 12:50 PM,8/12/25 12:50 PM
214,33,CREDIT,Isabel,Isabel,3.00,13.24,,8/12/25 12:53 PM,8/12/25 12:23 PM
223,,CREDIT,Daniela,Daniela,0.00,14.32,,8/12/25 12:58 PM,8/12/25 12:57 PM
224,,CREDIT,Daniela,Daniela,0.00,9.50,,8/12/25 1:00 PM,8/12/25 12:59 PM
210,24,CASH,Silvia,Silvia,0.00,19.97,,8/12/25 1:01 PM,8/12/25 12:08 PM
215,32,CASH,Isabel,Isabel,0.00,12.15,,8/12/25 1:01 PM,8/12/25 12:23 PM
225,,CASH,Daniela,Daniela,0.00,10.71,,8/12/25 1:07 PM,8/12/25 1:05 PM
220,,CREDIT,Daniela,Daniela,0.00,3.02,,8/12/25 1:10 PM,8/12/25 1:08 PM
217,9,CREDIT,Silvia,Silvia,5.50,20.50,,8/12/25 1:13 PM,8/12/25 12:33 PM
228,9,CREDIT,Silvia,Silvia,4.00,10.11,,8/12/25 1:13 PM,8/12/25 1:01 PM
227,9,CREDIT,Silvia,Silvia,4.00,21.09,,8/12/25 1:13 PM,8/12/25 1:01 PM
231,,CREDIT,Daniela,Daniela,0.00,5.82,,8/12/25 1:15 PM,8/12/25 1:14 PM
232,,CASH,Daniela,Daniela,0.00,27.22,,8/12/25 1:26 PM,8/12/25 1:25 PM
226,25,CREDIT,Juan ,Juan ,5.00,29.67,,8/12/25 1:28 PM,8/12/25 1:01 PM
238,,CASH,Daniela,Daniela,0.00,15.13,,8/12/25 1:35 PM,8/12/25 1:35 PM
,,CASH_COLLECTED,Isabel,Isabel,0.00,38.06*,House,8/12/25 1:44 PM,8/12/25 1:44 PM
,,TIP_OUT,Isabel,Isabel,-29.62,0.00,House,8/12/25 1:44 PM,8/12/25 1:44 PM
240,,CASH,Daniela,Daniela,0.00,25.69,,8/12/25 1:44 PM,8/12/25 1:44 PM
243,,CREDIT,Daniela,Daniela,0.00,14.42,,8/12/25 1:51 PM,8/12/25 1:50 PM
233,33,CREDIT,Juan ,Juan ,0.00,35.56,,8/12/25 1:53 PM,8/12/25 1:20 PM
245,7,CREDIT,Silvia,Silvia,5.00,21.78,,8/12/25 1:53 PM,8/12/25 1:53 PM
230,7,CREDIT,Silvia,Silvia,6.00,45.07,,8/12/25 1:53 PM,8/12/25 1:09 PM
235,32,CREDIT,Silvia,Silvia,7.00,21.77,,8/12/25 1:54 PM,8/12/25 1:26 PM
,,CASH_COLLECTED,Daniela,Daniela,0.00,417.25*,House,8/12/25 1:58 PM,8/12/25 1:58 PM
,,TIP_OUT,Daniela,Daniela,-13.60,0.00,House,8/12/25 1:58 PM,8/12/25 1:58 PM
,,TIP_OUT,Rosie ,Rosie ,-5.00,0.00,House,8/12/25 2:01 PM,8/12/25 2:01 PM
236,10,CREDIT,Silvia,Silvia,5.00,48.50,,8/12/25 2:02 PM,8/12/25 1:29 PM
239,37,CREDIT,Juan ,Juan ,4.00,20.56,,8/12/25 2:03 PM,8/12/25 1:34 PM
234,9,CASH,Silvia,Silvia,0.00,39.16,,8/12/25 2:04 PM,8/12/25 1:25 PM
246,,CREDIT,Arturo,Arturo,0.00,7.56,,8/12/25 2:05 PM,8/12/25 2:04 PM
247,,CREDIT,Arturo,Arturo,0.00,7.88,,8/12/25 2:07 PM,8/12/25 2:05 PM
250,,CREDIT,Arturo,Arturo,0.00,9.72,,8/12/25 2:11 PM,8/12/25 2:10 PM
237,25,CREDIT,Silvia,Silvia,0.00,42.45,,8/12/25 2:11 PM,8/12/25 1:35 PM
241,23,CREDIT,Juan ,Juan ,0.00,19.46,,8/12/25 2:14 PM,8/12/25 1:42 PM
,,CASH_COLLECTED,Silvia,Silvia,0.00,86.98*,House,8/12/25 2:14 PM,8/12/25 2:14 PM
,,TIP_OUT,Silvia,Silvia,-64.88,0.00,House,8/12/25 2:14 PM,8/12/25 2:14 PM
252,,CREDIT,Arturo,Arturo,0.00,11.44,,8/12/25 2:16 PM,8/12/25 2:13 PM
253,,CASH,Arturo,Arturo,0.00,21.63,Drive Box,8/12/25 2:17 PM,8/12/25 2:14 PM
254,,CREDIT,Arturo,Arturo,0.00,2.70,,8/12/25 2:18 PM,8/12/25 2:15 PM
256,,CREDIT,Arturo,Arturo,0.00,7.35,,8/12/25 2:29 PM,8/12/25 2:27 PM
242,24,CREDIT,Juan ,Juan ,0.00,38.06,,8/12/25 2:30 PM,8/12/25 1:45 PM
257,,CREDIT,Arturo,Arturo,0.00,11.82,,8/12/25 2:30 PM,8/12/25 2:28 PM
248,32,CASH,Juan ,Juan ,0.00,19.42,,8/12/25 2:31 PM,8/12/25 2:07 PM
249,32,CASH,Juan ,Juan ,0.00,32.40,,8/12/25 2:31 PM,8/12/25 2:07 PM
258,,CASH,Arturo,Arturo,0.00,11.43,Drive Box,8/12/25 2:35 PM,8/12/25 2:30 PM
259,,CREDIT,Arturo,Arturo,0.00,23.20,,8/12/25 2:35 PM,8/12/25 2:34 PM
260,,CREDIT,Arturo,Arturo,0.00,10.80,,8/12/25 2:39 PM,8/12/25 2:37 PM
263,,CASH,Arturo,Arturo,0.00,4.32,Drive Box,8/12/25 2:41 PM,8/12/25 2:40 PM
265,,CREDIT,Arturo,Arturo,0.00,6.26,,8/12/25 2:48 PM,8/12/25 2:46 PM
268,,CASH,Juan ,Juan ,0.00,16.58,,8/12/25 2:51 PM,8/12/25 2:51 PM
266,,CASH,Arturo,Arturo,0.00,15.78,Drive Box,8/12/25 2:54 PM,8/12/25 2:52 PM
264,37,CREDIT,Juan ,,3.00,4.58,,8/12/25 2:55 PM,8/12/25 2:41 PM
267,25,CREDIT,Sergio,Sergio,8.00,22.68,,8/12/25 2:59 PM,8/12/25 2:47 PM
270,,CREDIT,Arturo,Arturo,0.00,10.69,,8/12/25 3:00 PM,8/12/25 3:00 PM
255,33,CREDIT,Juan ,Juan ,0.00,47.20,,8/12/25 3:17 PM,8/12/25 2:26 PM
269,,CREDIT,Arturo,Arturo,0.00,2.70,,8/12/25 3:22 PM,8/12/25 3:20 PM
272,,CREDIT,Arturo,Arturo,0.00,18.93,,8/12/25 3:31 PM,8/12/25 3:27 PM
273,,CASH,Arturo,Arturo,0.00,15.08,Drive Box,8/12/25 3:32 PM,8/12/25 3:29 PM
271,22,CREDIT,Juan ,Juan ,0.00,48.12,,8/12/25 3:36 PM,8/12/25 3:04 PM
276,,CASH,Arturo,Arturo,0.00,11.87,Drive Box,8/12/25 3:41 PM,8/12/25 3:39 PM
278,,CASH,Arturo,Arturo,0.00,0.27,Drive Box,8/12/25 3:42 PM,8/12/25 3:42 PM
262,35,CREDIT,Sergio,Sergio,7.00,23.79,,8/12/25 3:44 PM,8/12/25 2:38 PM
279,,CREDIT,Arturo,Arturo,0.00,19.01,,8/12/25 3:46 PM,8/12/25 3:42 PM
275,25,CASH,Sergio,Sergio,0.00,36.66,,8/12/25 3:59 PM,8/12/25 3:31 PM
277,,CREDIT,Arturo,Arturo,0.00,22.27,,8/12/25 4:02 PM,8/12/25 4:01 PM
281,40,CASH,Sergio,Sergio,0.00,19.46,,8/12/25 4:06 PM,8/12/25 3:45 PM
286,,CREDIT,Arturo,Arturo,0.00,14.57,,8/12/25 4:10 PM,8/12/25 4:08 PM
286,,CREDIT,Arturo,Arturo,0.00,-14.57,,8/12/25 4:11 PM,8/12/25 4:08 PM
286,,CREDIT,Arturo,Arturo,0.00,15.65,,8/12/25 4:11 PM,8/12/25 4:08 PM
289,40,CREDIT,Sergio,Sergio,2.00,4.32,,8/12/25 4:18 PM,8/12/25 4:18 PM
282,32,CREDIT,Juan ,Juan ,0.00,21.77,,8/12/25 4:20 PM,8/12/25 4:01 PM
290,,CASH,Arturo,Arturo,0.00,10.68,Drive Box,8/12/25 4:20 PM,8/12/25 4:19 PM
284,35,CREDIT,Sergio,Sergio,10.00,35.68,,8/12/25 4:28 PM,8/12/25 4:04 PM
294,,CREDIT,Melissa,Melissa,0.00,17.73,,8/12/25 4:32 PM,8/12/25 4:31 PM
295,,CASH,Melissa,Melissa,0.00,3.88,,8/12/25 4:33 PM,8/12/25 4:32 PM
285,24,CREDIT,Juan ,Juan ,5.00,13.46,,8/12/25 4:36 PM,8/12/25 4:04 PM
297,24,CREDIT,Juan ,Juan ,3.00,9.18,,8/12/25 4:36 PM,8/12/25 4:36 PM
296,,CREDIT,Melissa,Melissa,0.00,5.82,,8/12/25 4:42 PM,8/12/25 4:36 PM
298,,CASH,Melissa,Melissa,0.00,7.23,,8/12/25 4:42 PM,8/12/25 4:40 PM
293,25,CREDIT,Juan ,Juan ,0.00,31.01,,8/12/25 4:54 PM,8/12/25 4:26 PM
299,,CREDIT,Juan ,Juan ,0.00,6.50,,8/12/25 4:55 PM,8/12/25 4:55 PM
292,9,CREDIT,Sergio,Sergio,0.00,49.37,,8/12/25 5:06 PM,8/12/25 4:24 PM
301,,CREDIT,Melissa,Melissa,1.00,20.18,,8/12/25 5:11 PM,8/12/25 5:11 PM
303,,CREDIT,Melissa,Melissa,0.00,27.04,,8/12/25 5:18 PM,8/12/25 5:18 PM
300,32,CREDIT,Sergio,Sergio,0.00,42.42,,8/12/25 5:43 PM,8/12/25 5:02 PM
305,37,CREDIT,Juan ,Juan ,5.00,26.97,,8/12/25 5:48 PM,8/12/25 5:22 PM
306,7,CASH,Sergio,Sergio,0.00,20.31,,8/12/25 5:53 PM,8/12/25 5:26 PM
308,35,CREDIT,Sergio,Sergio,7.05,37.95,,8/12/25 5:56 PM,8/12/25 5:37 PM
304,,CREDIT,Melissa,Melissa,4.00,15.55,,8/12/25 5:58 PM,8/12/25 5:58 PM
310,,CASH,Melissa,Melissa,0.00,5.39,,8/12/25 6:08 PM,8/12/25 6:07 PM
309,37,CREDIT,Juan ,Juan ,2.00,19.14,,8/12/25 6:18 PM,8/12/25 5:55 PM
311,,CASH,Melissa,Melissa,0.00,34.50,,8/12/25 6:20 PM,8/12/25 6:19 PM
314,,CASH,Melissa,Melissa,0.00,20.20,,8/12/25 6:25 PM,8/12/25 6:24 PM
316,,CASH,Sergio,Sergio,0.00,40.00,,8/12/25 6:31 PM,8/12/25 6:29 PM
312,17,CREDIT,Juan ,Juan ,8.00,33.50,,8/12/25 6:40 PM,8/12/25 6:09 PM
315,,CASH,Melissa,Melissa,0.00,8.21,,8/12/25 6:42 PM,8/12/25 6:41 PM
307,25,CASH,Juan ,Juan ,0.00,26.48,,8/12/25 6:43 PM,8/12/25 5:31 PM
313,34,CREDIT,Sergio,Sergio,10.00,62.30,,8/12/25 7:05 PM,8/12/25 6:16 PM
317,,CREDIT,Melissa,Melissa,1.00,8.20,,8/12/25 7:05 PM,8/12/25 7:05 PM
318,24,CREDIT,Juan ,Juan ,10.00,16.70,,8/12/25 7:11 PM,8/12/25 6:43 PM
320,,CREDIT,Melissa,Melissa,0.00,7.00,,8/12/25 7:21 PM,8/12/25 7:20 PM
321,,CASH,Melissa,Melissa,0.00,16.97,,8/12/25 7:37 PM,8/12/25 7:34 PM
324,,CREDIT,Melissa,Melissa,2.00,17.31,,8/12/25 7:43 PM,8/12/25 7:37 PM
325,,CREDIT,Melissa,Melissa,0.00,36.09,,8/12/25 7:47 PM,8/12/25 7:40 PM
326,,CREDIT,Melissa,Melissa,3.00,29.21,,8/12/25 7:52 PM,8/12/25 7:41 PM
328,,CASH,Melissa,Melissa,0.00,14.60,,8/12/25 7:56 PM,8/12/25 7:45 PM
327,,CREDIT,Sergio,Melissa,0.00,11.89,,8/12/25 7:58 PM,8/12/25 7:43 PM
319,37,CREDIT,Sergio,Sergio,10.00,16.70,,8/12/25 7:58 PM,8/12/25 7:17 PM
322,7,CASH,Juan ,Juan ,0.00,29.50,,8/12/25 8:01 PM,8/12/25 7:34 PM
329,,CREDIT,Melissa,Melissa,0.00,40.56,,8/12/25 8:02 PM,8/12/25 7:59 PM
330,,CASH,Melissa,Melissa,0.00,14.06,,8/12/25 8:10 PM,8/12/25 8:03 PM
331,,CREDIT,Melissa,Melissa,0.00,29.17,,8/12/25 8:15 PM,8/12/25 8:15 PM
332,,CASH,Melissa,Melissa,0.00,6.24,,8/12/25 8:22 PM,8/12/25 8:16 PM
333,,CASH,Melissa,Melissa,0.00,34.46,,8/12/25 8:25 PM,8/12/25 8:18 PM
334,,CREDIT,Melissa,Melissa,0.00,18.38,,8/12/25 8:30 PM,8/12/25 8:29 PM
335,,CREDIT,Melissa,Melissa,0.00,21.61,,8/12/25 8:43 PM,8/12/25 8:43 PM
323,31,CREDIT,Sergio,Sergio,20.00,91.41,,8/12/25 8:45 PM,8/12/25 7:35 PM
336,,CREDIT,Melissa,Melissa,0.00,12.98,,8/12/25 8:51 PM,8/12/25 8:43 PM
,,CASH_COLLECTED,Sergio,Sergio,0.00,116.43*,House,8/12/25 8:53 PM,8/12/25 8:53 PM
,,TIP_OUT,Sergio,Sergio,-74.05,0.00,House,8/12/25 8:53 PM,8/12/25 8:53 PM
,,CASH_COLLECTED,Juan ,Juan ,0.00,360.52*,House,8/12/25 9:00 PM,8/12/25 9:00 PM
,,TIP_OUT,Juan ,Juan ,-69.00,0.00,House,8/12/25 9:00 PM,8/12/25 9:00 PM
,,CASH_COLLECTED,Melissa,Melissa,0.00,165.74*,House,8/12/25 9:05 PM,8/12/25 9:05 PM
,,TIP_OUT,Melissa,Melissa,-11.00,0.00,House,8/12/25 9:05 PM,8/12/25 9:05 PM
,,PAY_OUT,Rosie ,,0.00,-90.50,House,8/12/25 9:09 PM,8/12/25 9:09 PM
,,TOTAL,,,0.00,5015.29,,,
