Location,Order #,Opened,Server,Table,Revenue Center,Discount Amount,Amount,Tax,Tip,Gratuity,Duration (Opened to Paid)
Tink-a-Tako - Potranco,1,8/12/25 6:07 AM,Daniela Torres,,Dining Room,0.00,3.98,0.33,0.00,0.00,00:26:15
Tink-a-Tako - Potranco,2,8/12/25 6:42 AM,Juan  Camacho,31,Dining Room,0.00,251.65,20.78,8.00,0.00,03:35:45
Tink-a-Tako - Potranco,3,8/12/25 6:46 AM,Daniela Torres,,Dining Room,0.00,3.98,0.33,0.00,0.00,00:01:45
Tink-a-Tako - Potranco,5,8/12/25 6:47 AM,Daniela Torres,,Dining Room,0.00,4.78,0.39,0.00,0.00,00:00:53
Tink-a-Tako - Potranco,4,8/12/25 6:47 AM,Rosie  ORDONEZ,35,Dining Room,0.00,15.14,1.25,5.00,0.00,00:31:01
Tink-a-Tako - Potranco,6,8/12/25 6:48 AM,Daniela Torres,,Dining Room,0.00,6.94,0.57,0.00,0.00,00:01:14
Tink-a-Tako - Potranco,7,8/12/25 6:52 AM,Daniela Torres,,Dining Room,0.00,7.67,0.63,0.00,0.00,00:00:35
Tink-a-Tako - Potranco,9,8/12/25 6:55 AM,Daniela Torres,,Dining Room,0.00,29.52,2.44,0.00,0.00,00:02:27
Tink-a-Tako - Potranco,8,8/12/25 6:53 AM,Daniela Torres,,Dining Room,0.00,21.29,1.76,0.00,0.00,00:07:01
Tink-a-Tako - Potranco,10,8/12/25 7:00 AM,Juan  Camacho,24,Dining Room,0.00,27.73,2.29,0.00,0.00,03:02:21
Tink-a-Tako - Potranco,11,8/12/25 7:04 AM,Daniela Torres,,Dining Room,0.00,9.58,0.79,0.00,0.00,00:00:48
Tink-a-Tako - Potranco,12,8/12/25 7:05 AM,Daniela Torres,,Dining Room,0.00,10.76,0.89,1.00,0.00,00:01:55
Tink-a-Tako - Potranco,13,8/12/25 7:13 AM,Rosie  ORDONEZ,,Dining Room,0.00,4.98,0.41,0.00,0.00,00:00:34
Tink-a-Tako - Potranco,14,8/12/25 7:14 AM,Daniela Torres,,Dining Room,0.00,6.48,0.54,0.00,0.00,00:01:57
Tink-a-Tako - Potranco,16,8/12/25 7:18 AM,Daniela Torres,,Dining Room,0.00,2.49,0.21,0.00,0.00,00:00:28
Tink-a-Tako - Potranco,17,8/12/25 7:18 AM,Daniela Torres,,Dining Room,0.00,1.79,0.15,0.00,0.00,00:02:18
Tink-a-Tako - Potranco,18,8/12/25 7:24 AM,Daniela Torres,,Dining Room,0.00,7.03,0.58,0.00,0.00,00:00:38
Tink-a-Tako - Potranco,20,8/12/25 7:33 AM,Daniela Torres,,Dining Room,0.00,13.75,1.13,0.00,0.00,00:00:45
Tink-a-Tako - Potranco,21,8/12/25 7:36 AM,Juan  Camacho,,Dining Room,0.00,5.98,0.49,1.00,0.00,00:00:22
Tink-a-Tako - Potranco,22,8/12/25 7:38 AM,Daniela Torres,,Dining Room,0.00,8.36,0.69,0.00,0.00,00:06:04
Tink-a-Tako - Potranco,23,8/12/25 7:38 AM,Daniela Torres,,Dining Room,0.00,7.68,0.63,0.00,0.00,00:06:19
Tink-a-Tako - Potranco,24,8/12/25 7:39 AM,Daniela Torres,,Dining Room,0.00,11.13,0.91,0.00,0.00,00:07:23
Tink-a-Tako - Potranco,25,8/12/25 7:39 AM,Daniela Torres,,Dining Room,0.00,7.43,0.60,0.00,0.00,00:07:27
Tink-a-Tako - Potranco,26,8/12/25 7:41 AM,Daniela Torres,,Dining Room,0.00,6.38,0.52,0.00,0.00,00:06:20
Tink-a-Tako - Potranco,27,8/12/25 7:45 AM,Daniela Torres,,Dining Room,0.00,16.46,1.36,0.00,0.00,00:02:21
Tink-a-Tako - Potranco,28,8/12/25 7:46 AM,Juan  Camacho,,Dining Room,0.00,9.22,0.75,1.00,0.00,00:00:38
Tink-a-Tako - Potranco,15,8/12/25 7:15 AM,Daniela Torres,,Dining Room,0.48,4.31,0.36,0.00,0.00,00:37:07
Tink-a-Tako - Potranco,29,8/12/25 7:51 AM,Daniela Torres,,Dining Room,0.00,7.76,0.64,0.00,0.00,00:02:03
Tink-a-Tako - Potranco,30,8/12/25 7:51 AM,Daniela Torres,,Dining Room,0.00,3.98,0.33,0.00,0.00,00:07:04
Tink-a-Tako - Potranco,34,8/12/25 7:58 AM,Daniela Torres,,Dining Room,0.00,3.98,0.33,0.00,0.00,00:02:32
Tink-a-Tako - Potranco,36,8/12/25 7:58 AM,Giselle Cisneross,,Dining Room,0.00,7.38,0.60,0.00,0.00,00:00:44
Tink-a-Tako - Potranco,33,8/12/25 7:58 AM,Daniela Torres,,Dining Room,0.00,11.95,0.99,0.00,0.00,00:04:08
Tink-a-Tako - Potranco,35,8/12/25 7:58 AM,Daniela Torres,,Dining Room,0.00,14.64,1.21,0.00,0.00,00:06:03
Tink-a-Tako - Potranco,38,8/12/25 8:00 AM,Daniela Torres,,Dining Room,0.00,4.28,0.35,0.00,0.00,00:05:09
Tink-a-Tako - Potranco,39,8/12/25 8:02 AM,Juan  Camacho,25,Dining Room,0.00,13.77,1.13,0.00,0.00,00:43:40
Tink-a-Tako - Potranco,40,8/12/25 8:05 AM,Daniela Torres,,Dining Room,0.00,7.67,0.63,0.00,0.00,00:00:54
Tink-a-Tako - Potranco,41,8/12/25 8:07 AM,Juan  Camacho,11,Dining Room,0.00,25.35,2.09,0.00,0.00,00:39:45
Tink-a-Tako - Potranco,37,8/12/25 8:00 AM,Daniela Torres,,Dining Room,0.00,3.78,0.31,0.00,0.00,00:10:04
Tink-a-Tako - Potranco,44,8/12/25 8:09 AM,Daniela Torres,,Dining Room,0.00,3.98,0.32,0.00,0.00,00:01:13
Tink-a-Tako - Potranco,46,8/12/25 8:10 AM,Daniela Torres,,Dining Room,0.00,3.58,0.30,0.00,0.00,00:03:02
Tink-a-Tako - Potranco,43,8/12/25 8:08 AM,Giselle Cisneross,,Dining Room,48.18,0.00,0.00,0.00,0.00,05:37:23
Tink-a-Tako - Potranco,42,8/12/25 8:08 AM,Daniela Torres,,Dining Room,0.00,4.38,0.36,0.00,0.00,00:05:24
Tink-a-Tako - Potranco,49,8/12/25 8:20 AM,Daniela Torres,,Dining Room,0.00,4.08,0.34,0.00,0.00,00:00:32
Tink-a-Tako - Potranco,47,8/12/25 8:12 AM,Daniela Torres,,Dining Room,0.00,10.27,0.85,0.00,0.00,00:15:28
Tink-a-Tako - Potranco,51,8/12/25 8:27 AM,Daniela Torres,,Dining Room,0.00,2.99,0.25,0.00,0.00,00:02:54
Tink-a-Tako - Potranco,52,8/12/25 8:28 AM,Daniela Torres,,Dining Room,0.00,3.78,0.31,0.00,0.00,00:02:44
Tink-a-Tako - Potranco,53,8/12/25 8:30 AM,Daniela Torres,,Dining Room,0.00,16.68,1.37,0.00,0.00,00:03:16
Tink-a-Tako - Potranco,54,8/12/25 8:31 AM,Daniela Torres,,Dining Room,0.00,4.78,0.39,0.00,0.00,00:03:47
Tink-a-Tako - Potranco,50,8/12/25 8:26 AM,Daniela Torres,,Dining Room,0.00,15.42,1.26,0.00,0.00,00:08:59
Tink-a-Tako - Potranco,56,8/12/25 8:31 AM,Maria Majana,11,Dining Room,0.00,38.58,3.19,5.00,0.00,01:35:29
Tink-a-Tako - Potranco,59,8/12/25 8:32 AM,Maria Majana,16,Dining Room,0.00,9.98,0.83,2.20,0.00,00:36:28
Tink-a-Tako - Potranco,61,8/12/25 8:33 AM,Juan  Camacho,,Dining Room,0.00,8.48,0.70,0.00,0.00,00:00:32
Tink-a-Tako - Potranco,62,8/12/25 8:34 AM,Daniela Torres,,Dining Room,0.00,17.15,1.41,0.00,0.00,00:07:27
Tink-a-Tako - Potranco,63,8/12/25 8:35 AM,Daniela Torres,,Dining Room,0.00,13.23,1.09,0.00,0.00,00:02:57
Tink-a-Tako - Potranco,64,8/12/25 8:35 AM,Daniela Torres,,Dining Room,0.00,27.14,2.23,0.00,0.00,00:08:49
Tink-a-Tako - Potranco,65,8/12/25 8:37 AM,Daniela Torres,,Dining Room,0.00,12.12,0.99,0.00,0.00,00:07:54
Tink-a-Tako - Potranco,69,8/12/25 8:42 AM,Daniela Torres,,Dining Room,0.00,14.43,1.19,0.00,0.00,00:04:00
Tink-a-Tako - Potranco,71,8/12/25 8:45 AM,Daniela Torres,,Dining Room,0.00,4.99,0.41,0.00,0.00,00:05:27
Tink-a-Tako - Potranco,70,8/12/25 8:42 AM,Maria Majana,18,Dining Room,3.43,16.70,1.38,7.00,0.00,00:39:20
Tink-a-Tako - Potranco,72,8/12/25 8:47 AM,Isabel Cisneros,21,Dining Room,0.00,23.95,1.98,0.00,0.00,00:31:15
Tink-a-Tako - Potranco,73,8/12/25 8:47 AM,Daniela Torres,,Dining Room,0.00,20.57,1.69,0.00,0.00,00:06:17
Tink-a-Tako - Potranco,74,8/12/25 8:47 AM,Daniela Torres,,Dining Room,0.00,4.79,0.40,0.00,0.00,00:03:05
Tink-a-Tako - Potranco,76,8/12/25 8:48 AM,Daniela Torres,,Dining Room,0.00,13.45,1.11,0.00,0.00,00:07:33
Tink-a-Tako - Potranco,77,8/12/25 8:51 AM,Daniela Torres,,Dining Room,0.00,4.98,0.41,0.00,0.00,00:06:17
Tink-a-Tako - Potranco,78,8/12/25 8:51 AM,Daniela Torres,,Dining Room,0.00,10.76,0.89,0.00,0.00,00:05:52
Tink-a-Tako - Potranco,80,8/12/25 8:52 AM,Juan  Camacho,7,Dining Room,0.00,6.97,0.57,3.00,0.00,00:16:58
Tink-a-Tako - Potranco,81,8/12/25 8:54 AM,Juan  Camacho,39,Dining Room,0.00,10.16,0.84,2.00,0.00,00:18:10
Tink-a-Tako - Potranco,82,8/12/25 8:56 AM,Silvia Hernandez,32,Dining Room,0.00,19.96,1.66,3.00,0.00,00:25:28
Tink-a-Tako - Potranco,83,8/12/25 8:57 AM,Maria Majana,38,Dining Room,0.00,16.97,1.41,0.00,0.00,00:39:58
Tink-a-Tako - Potranco,84,8/12/25 8:59 AM,Daniela Torres,,Dining Room,0.00,8.47,0.71,0.00,0.00,00:01:20
Tink-a-Tako - Potranco,85,8/12/25 8:59 AM,Daniela Torres,,Dining Room,0.00,8.95,0.74,0.00,0.00,00:02:18
Tink-a-Tako - Potranco,86,8/12/25 9:00 AM,Daniela Torres,,Dining Room,0.00,5.97,0.49,0.00,0.00,00:02:33
Tink-a-Tako - Potranco,87,8/12/25 9:01 AM,Maria Majana,33,Dining Room,0.00,31.27,2.57,4.00,0.00,02:09:07
Tink-a-Tako - Potranco,89,8/12/25 9:02 AM,Isabel Cisneros,19,Dining Room,0.00,6.97,0.57,0.00,0.00,00:24:33
Tink-a-Tako - Potranco,88,8/12/25 9:02 AM,Silvia Hernandez,9,Dining Room,0.00,21.24,1.76,0.00,0.00,00:31:42
Tink-a-Tako - Potranco,92,8/12/25 9:05 AM,Daniela Torres,,Dining Room,0.00,11.41,0.94,0.00,0.00,00:00:39
Tink-a-Tako - Potranco,91,8/12/25 9:05 AM,Isabel Cisneros,37,Dining Room,0.00,24.34,2.01,0.00,0.00,00:32:32
Tink-a-Tako - Potranco,93,8/12/25 9:05 AM,Giselle Cisneross,,Dining Room,0.00,8.99,0.74,0.00,0.00,00:05:31
Tink-a-Tako - Potranco,94,8/12/25 9:06 AM,Daniela Torres,,Dining Room,0.00,13.15,1.08,0.00,0.00,00:04:28
Tink-a-Tako - Potranco,96,8/12/25 9:08 AM,Isabel Cisneros,,Dining Room,0.00,16.98,1.40,1.62,0.00,00:34:20
Tink-a-Tako - Potranco,98,8/12/25 9:13 AM,Daniela Torres,,Dining Room,0.00,9.22,0.76,0.00,0.00,00:00:55
Tink-a-Tako - Potranco,99,8/12/25 9:13 AM,Daniela Torres,,Dining Room,0.00,2.49,0.21,0.00,0.00,00:02:03
Tink-a-Tako - Potranco,100,8/12/25 9:14 AM,Silvia Hernandez,2,Dining Room,0.00,24.47,2.02,4.00,0.00,00:33:07
Tink-a-Tako - Potranco,101,8/12/25 9:14 AM,Daniela Torres,,Dining Room,0.00,1.99,0.16,0.00,0.00,00:02:23
Tink-a-Tako - Potranco,104,8/12/25 9:22 AM,Daniela Torres,,Dining Room,0.00,10.38,0.86,1.00,0.00,00:00:47
Tink-a-Tako - Potranco,106,8/12/25 9:23 AM,Silvia Hernandez,26,Dining Room,0.00,7.77,0.64,0.00,0.00,01:16:43
Tink-a-Tako - Potranco,107,8/12/25 9:26 AM,Daniela Torres,,Dining Room,0.00,15.87,1.30,0.00,0.00,00:01:48
Tink-a-Tako - Potranco,108,8/12/25 9:26 AM,Daniela Torres,,Dining Room,0.00,1.79,0.15,0.00,0.00,00:05:25
Tink-a-Tako - Potranco,111,8/12/25 9:31 AM,Daniela Torres,,Dining Room,0.00,12.54,1.03,0.00,0.00,00:01:58
Tink-a-Tako - Potranco,112,8/12/25 9:33 AM,Daniela Torres,,Dining Room,0.00,5.97,0.48,0.00,0.00,00:02:54
Tink-a-Tako - Potranco,113,8/12/25 9:35 AM,Daniela Torres,,Dining Room,0.00,47.88,3.95,0.00,0.00,00:12:13
Tink-a-Tako - Potranco,114,8/12/25 9:40 AM,Daniela Torres,,Dining Room,0.00,24.46,2.02,2.00,0.00,00:08:41
Tink-a-Tako - Potranco,109,8/12/25 9:27 AM,Daniela Torres,,Dining Room,0.00,6.68,0.55,0.00,0.00,00:24:48
Tink-a-Tako - Potranco,116,8/12/25 9:42 AM,Daniela Torres,,Dining Room,0.00,1.99,0.16,0.00,0.00,00:10:12
Tink-a-Tako - Potranco,118,8/12/25 9:44 AM,Maria Majana,33,Dining Room,0.00,11.71,0.98,0.00,0.00,00:20:46
Tink-a-Tako - Potranco,119,8/12/25 9:47 AM,Isabel Cisneros,17,Dining Room,0.00,16.84,1.38,0.00,0.00,00:45:40
Tink-a-Tako - Potranco,120,8/12/25 9:49 AM,Daniela Torres,,Dining Room,0.00,7.18,0.59,0.00,0.00,00:05:39
Tink-a-Tako - Potranco,121,8/12/25 9:50 AM,Daniela Torres,,Dining Room,0.60,5.38,0.44,0.00,0.00,00:02:55
Tink-a-Tako - Potranco,122,8/12/25 9:52 AM,Daniela Torres,,Dining Room,0.00,9.35,0.76,0.00,0.00,00:03:27
Tink-a-Tako - Potranco,123,8/12/25 9:53 AM,Daniela Torres,,Dining Room,0.00,9.98,0.82,0.00,0.00,00:03:16
Tink-a-Tako - Potranco,124,8/12/25 9:53 AM,Maria Majana,37,Dining Room,0.00,22.15,1.84,3.00,0.00,00:36:52
Tink-a-Tako - Potranco,125,8/12/25 9:57 AM,Silvia Hernandez,32,Dining Room,0.00,18.63,1.55,2.79,0.00,00:33:08
Tink-a-Tako - Potranco,126,8/12/25 9:59 AM,Isabel Cisneros,19,Dining Room,0.00,16.79,1.37,3.00,0.00,00:28:34
Tink-a-Tako - Potranco,127,8/12/25 10:00 AM,Daniela Torres,,Dining Room,0.00,18.52,1.51,0.00,0.00,00:01:55
Tink-a-Tako - Potranco,128,8/12/25 10:01 AM,Daniela Torres,,Dining Room,0.00,13.94,1.15,0.00,0.00,00:05:12
Tink-a-Tako - Potranco,129,8/12/25 10:01 AM,Giselle Cisneross,,Dining Room,0.00,19.79,1.63,0.00,0.00,00:14:48
Tink-a-Tako - Potranco,130,8/12/25 10:02 AM,Daniela Torres,,Dining Room,0.00,5.98,0.49,0.00,0.00,00:07:18
Tink-a-Tako - Potranco,131,8/12/25 10:02 AM,Daniela Torres,,Dining Room,0.00,16.42,1.35,0.00,0.00,00:07:49
Tink-a-Tako - Potranco,117,8/12/25 9:42 AM,Daniela Torres,,Dining Room,0.00,11.01,0.90,0.00,0.00,00:29:10
Tink-a-Tako - Potranco,134,8/12/25 10:04 AM,Silvia Hernandez,3,Dining Room,0.00,13.86,1.14,0.00,0.00,00:35:55
Tink-a-Tako - Potranco,137,8/12/25 10:11 AM,Daniela Torres,,Dining Room,0.00,4.98,0.42,0.00,0.00,00:04:31
Tink-a-Tako - Potranco,138,8/12/25 10:11 AM,Daniela Torres,,Dining Room,0.00,6.57,0.53,0.00,0.00,00:02:53
Tink-a-Tako - Potranco,140,8/12/25 10:13 AM,Daniela Torres,,Dining Room,0.00,52.81,4.35,3.60,0.00,00:02:48
Tink-a-Tako - Potranco,141,8/12/25 10:14 AM,Giselle Cisneross,,Dining Room,0.00,8.77,0.73,0.00,0.00,00:01:01
Tink-a-Tako - Potranco,133,8/12/25 10:04 AM,Daniela Torres,,Dining Room,0.00,12.04,0.99,0.00,0.00,00:16:29
Tink-a-Tako - Potranco,143,8/12/25 10:21 AM,Daniela Torres,,Dining Room,0.00,14.67,1.21,0.00,0.00,00:00:50
Tink-a-Tako - Potranco,144,8/12/25 10:22 AM,Giselle Cisneross,,Dining Room,0.00,8.99,0.74,0.00,0.00,00:00:28
Tink-a-Tako - Potranco,146,8/12/25 10:30 AM,Isabel Cisneros,10,Dining Room,0.00,23.70,1.95,6.00,0.00,00:46:40
Tink-a-Tako - Potranco,145,8/12/25 10:27 AM,Silvia Hernandez,18,Dining Room,0.00,17.95,1.49,0.00,0.00,00:29:53
Tink-a-Tako - Potranco,142,8/12/25 10:17 AM,Daniela Torres,,Dining Room,0.00,13.86,1.14,0.00,0.00,00:15:54
Tink-a-Tako - Potranco,148,8/12/25 10:35 AM,Daniela Torres,,Dining Room,0.00,17.22,1.42,0.00,0.00,00:01:43
Tink-a-Tako - Potranco,149,8/12/25 10:35 AM,Daniela Torres,,Dining Room,0.67,6.01,0.49,0.00,0.00,00:03:03
Tink-a-Tako - Potranco,151,8/12/25 10:38 AM,Daniela Torres,,Dining Room,0.00,11.76,0.97,0.00,0.00,00:00:54
Tink-a-Tako - Potranco,150,8/12/25 10:37 AM,Giselle Cisneross,,Dining Room,0.00,9.22,0.75,0.00,0.00,00:17:11
Tink-a-Tako - Potranco,147,8/12/25 10:32 AM,Daniela Torres,,Dining Room,0.00,3.49,0.29,0.00,0.00,00:12:17
Tink-a-Tako - Potranco,153,8/12/25 10:45 AM,Giselle Cisneross,,Dining Room,0.00,0.00,0.00,0.00,0.00,00:01:12
Tink-a-Tako - Potranco,154,8/12/25 10:50 AM,Silvia Hernandez,32,Dining Room,0.00,37.80,3.10,6.00,0.00,00:28:57
Tink-a-Tako - Potranco,155,8/12/25 10:54 AM,Daniela Torres,,Dining Room,0.00,4.28,0.36,0.00,0.00,00:00:15
Tink-a-Tako - Potranco,156,8/12/25 10:57 AM,Daniela Torres,,Dining Room,0.00,13.53,1.11,0.00,0.00,00:01:35
Tink-a-Tako - Potranco,157,8/12/25 10:58 AM,Isabel Cisneros,25,Dining Room,0.00,10.98,0.91,0.00,0.00,00:21:57
Tink-a-Tako - Potranco,158,8/12/25 10:59 AM,Isabel Cisneros,7,Dining Room,0.00,19.97,1.64,5.00,0.00,00:17:55
Tink-a-Tako - Potranco,159,8/12/25 11:00 AM,Daniela Torres,,Dining Room,0.00,17.69,1.45,0.00,0.00,00:01:15
Tink-a-Tako - Potranco,160,8/12/25 11:01 AM,Daniela Torres,,Dining Room,0.00,3.78,0.31,0.00,0.00,00:02:07
Tink-a-Tako - Potranco,161,8/12/25 11:01 AM,Daniela Torres,,Dining Room,0.00,11.76,0.97,0.00,0.00,00:03:41
Tink-a-Tako - Potranco,162,8/12/25 11:03 AM,Daniela Torres,,Dining Room,0.00,3.58,0.30,0.00,0.00,00:03:15
Tink-a-Tako - Potranco,164,8/12/25 11:04 AM,Silvia Hernandez,37,Dining Room,0.00,25.42,2.10,4.00,0.00,00:30:49
Tink-a-Tako - Potranco,163,8/12/25 11:03 AM,Daniela Torres,,Dining Room,0.00,30.30,2.51,0.00,0.00,00:03:31
Tink-a-Tako - Potranco,165,8/12/25 11:06 AM,Daniela Torres,,Dining Room,0.60,5.37,0.44,0.00,0.00,00:02:50
Tink-a-Tako - Potranco,166,8/12/25 11:08 AM,Daniela Torres,,Dining Room,0.00,7.43,0.61,0.00,0.00,00:02:33
Tink-a-Tako - Potranco,167,8/12/25 11:08 AM,Daniela Torres,,Dining Room,0.00,4.98,0.41,2.00,0.00,00:03:50
Tink-a-Tako - Potranco,168,8/12/25 11:11 AM,Isabel Cisneros,34,Dining Room,0.00,28.02,2.29,3.00,0.00,00:17:58
Tink-a-Tako - Potranco,169,8/12/25 11:11 AM,Daniela Torres,,Dining Room,0.00,9.83,0.80,0.00,0.00,00:05:56
Tink-a-Tako - Potranco,170,8/12/25 11:13 AM,Daniela Torres,,Dining Room,0.00,9.42,0.77,0.00,0.00,00:05:05
Tink-a-Tako - Potranco,171,8/12/25 11:13 AM,Daniela Torres,,Dining Room,0.00,10.99,0.91,0.00,0.00,00:00:25
Tink-a-Tako - Potranco,173,8/12/25 11:14 AM,Daniela Torres,,Dining Room,0.00,5.58,0.46,0.00,0.00,00:04:42
Tink-a-Tako - Potranco,174,8/12/25 11:19 AM,Daniela Torres,,Dining Room,0.00,21.95,1.80,0.00,0.00,00:02:16
Tink-a-Tako - Potranco,175,8/12/25 11:19 AM,Giselle Cisneross,,Dining Room,0.00,3.98,0.32,0.00,0.00,00:00:08
Tink-a-Tako - Potranco,176,8/12/25 11:19 AM,Juan  Camacho,11,Dining Room,0.00,29.26,2.40,3.00,0.00,00:39:41
Tink-a-Tako - Potranco,177,8/12/25 11:21 AM,Daniela Torres,,Dining Room,0.00,11.56,0.95,0.00,0.00,00:06:37
Tink-a-Tako - Potranco,179,8/12/25 11:22 AM,Silvia Hernandez,38,Dining Room,0.00,27.11,2.24,6.00,0.00,00:20:02
Tink-a-Tako - Potranco,178,8/12/25 11:22 AM,Daniela Torres,,Dining Room,0.00,1.99,0.16,0.00,0.00,00:01:47
Tink-a-Tako - Potranco,181,8/12/25 11:24 AM,Isabel Cisneros,26,Dining Room,0.00,16.97,1.40,0.00,0.00,00:33:02
Tink-a-Tako - Potranco,182,8/12/25 11:27 AM,Juan  Camacho,32,Dining Room,0.00,38.91,3.20,0.00,0.00,00:38:57
Tink-a-Tako - Potranco,183,8/12/25 11:27 AM,Daniela Torres,,Dining Room,0.00,3.98,0.32,0.00,0.00,00:02:32
Tink-a-Tako - Potranco,184,8/12/25 11:27 AM,Silvia Hernandez,19,Dining Room,0.00,12.94,1.06,2.59,0.00,00:31:38
Tink-a-Tako - Potranco,152,8/12/25 10:42 AM,Daniela Torres,,Dining Room,0.00,20.65,1.70,0.00,0.00,00:49:12
Tink-a-Tako - Potranco,185,8/12/25 11:29 AM,Isabel Cisneros,24,Dining Room,0.00,20.44,1.68,4.00,0.00,00:18:25
Tink-a-Tako - Potranco,187,8/12/25 11:30 AM,Daniela Torres,,Dining Room,0.00,7.57,0.63,0.00,0.00,00:05:07
Tink-a-Tako - Potranco,188,8/12/25 11:31 AM,Daniela Torres,,Dining Room,0.00,9.47,0.78,0.00,0.00,00:05:11
Tink-a-Tako - Potranco,189,8/12/25 11:31 AM,Daniela Torres,,Dining Room,0.00,9.78,0.80,0.00,0.00,00:05:45
Tink-a-Tako - Potranco,190,8/12/25 11:33 AM,Daniela Torres,,Dining Room,0.00,9.67,0.79,0.00,0.00,00:04:54
Tink-a-Tako - Potranco,191,8/12/25 11:37 AM,Juan  Camacho,7,Dining Room,0.00,30.64,2.52,0.00,0.00,00:33:10
Tink-a-Tako - Potranco,192,8/12/25 11:40 AM,Daniela Torres,,Dining Room,0.00,9.67,0.79,0.00,0.00,00:00:31
Tink-a-Tako - Potranco,195,8/12/25 11:41 AM,Silvia Hernandez,42,Dining Room,0.00,34.38,2.84,0.00,0.00,00:28:38
Tink-a-Tako - Potranco,196,8/12/25 11:43 AM,Juan  Camacho,25,Dining Room,0.00,15.98,1.32,3.00,0.00,00:16:44
Tink-a-Tako - Potranco,194,8/12/25 11:41 AM,Juan  Camacho,,Dining Room,0.00,30.96,2.55,3.00,0.00,00:22:21
Tink-a-Tako - Potranco,193,8/12/25 11:40 AM,Daniela Torres,,Dining Room,0.00,12.16,0.99,0.00,0.00,00:06:09
Tink-a-Tako - Potranco,197,8/12/25 11:47 AM,Daniela Torres,,Dining Room,0.00,2.79,0.23,0.00,0.00,00:03:43
Tink-a-Tako - Potranco,198,8/12/25 11:51 AM,Giselle Cisneross,,Dining Room,0.00,12.27,1.02,0.00,0.00,00:00:20
Tink-a-Tako - Potranco,199,8/12/25 11:56 AM,Daniela Torres,,Dining Room,0.00,4.98,0.41,0.00,0.00,00:00:32
Tink-a-Tako - Potranco,201,8/12/25 11:58 AM,Isabel Cisneros,,Dining Room,0.00,13.36,1.10,0.00,0.00,00:14:32
Tink-a-Tako - Potranco,200,8/12/25 11:57 AM,Daniela Torres,,Dining Room,0.00,22.53,1.86,0.00,0.00,00:04:45
Tink-a-Tako - Potranco,202,8/12/25 12:00 PM,Daniela Torres,,Dining Room,0.00,9.99,0.82,0.00,0.00,00:02:59
Tink-a-Tako - Potranco,203,8/12/25 12:00 PM,Daniela Torres,,Dining Room,0.00,16.44,1.35,2.00,0.00,00:07:44
Tink-a-Tako - Potranco,204,8/12/25 12:00 PM,Daniela Torres,,Dining Room,0.00,11.97,0.98,0.00,0.00,00:09:12
Tink-a-Tako - Potranco,205,8/12/25 12:01 PM,Daniela Torres,,Dining Room,0.00,4.78,0.40,1.00,0.00,00:09:13
Tink-a-Tako - Potranco,206,8/12/25 12:04 PM,Isabel Cisneros,35,Dining Room,0.00,22.48,1.86,4.00,0.00,00:34:55
Tink-a-Tako - Potranco,208,8/12/25 12:04 PM,Daniela Torres,,Dining Room,0.00,24.94,2.06,0.00,0.00,00:07:08
Tink-a-Tako - Potranco,210,8/12/25 12:07 PM,Silvia Hernandez,24,Dining Room,0.00,18.45,1.52,0.00,0.00,00:53:30
Tink-a-Tako - Potranco,211,8/12/25 12:09 PM,Juan  Camacho,17,Dining Room,0.00,15.86,1.31,0.00,0.00,00:33:17
Tink-a-Tako - Potranco,213,8/12/25 12:10 PM,Daniela Torres,,Dining Room,0.00,14.19,1.17,0.00,0.00,00:02:24
Tink-a-Tako - Potranco,214,8/12/25 12:23 PM,Isabel Cisneros,33,Dining Room,0.00,12.23,1.01,3.00,0.00,00:30:15
Tink-a-Tako - Potranco,215,8/12/25 12:23 PM,Isabel Cisneros,32,Dining Room,0.00,11.22,0.93,0.00,0.00,00:38:01
Tink-a-Tako - Potranco,216,8/12/25 12:23 PM,Daniela Torres,,Dining Room,0.00,15.98,1.32,0.00,0.00,00:17:39
Tink-a-Tako - Potranco,218,8/12/25 12:31 PM,Daniela Torres,,Dining Room,0.00,17.88,1.47,0.00,0.00,00:01:36
Tink-a-Tako - Potranco,217,8/12/25 12:31 PM,Silvia Hernandez,9,Dining Room,0.00,47.76,3.94,13.50,0.00,00:42:18
Tink-a-Tako - Potranco,186,8/12/25 11:29 AM,Daniela Torres,,Dining Room,0.00,27.00,2.22,0.00,0.00,01:08:52
Tink-a-Tako - Potranco,219,8/12/25 12:36 PM,Daniela Torres,,Dining Room,0.00,8.98,0.74,1.00,0.00,00:03:29
Tink-a-Tako - Potranco,221,8/12/25 12:47 PM,Daniela Torres,,Dining Room,0.00,2.49,0.21,0.00,0.00,00:00:25
Tink-a-Tako - Potranco,222,8/12/25 12:48 PM,Daniela Torres,,Dining Room,0.00,7.96,0.65,0.00,0.00,00:02:33
Tink-a-Tako - Potranco,223,8/12/25 12:57 PM,Daniela Torres,,Dining Room,0.00,13.23,1.09,0.00,0.00,00:01:01
Tink-a-Tako - Potranco,224,8/12/25 12:58 PM,Daniela Torres,,Dining Room,0.00,8.78,0.72,0.00,0.00,00:01:45
Tink-a-Tako - Potranco,226,8/12/25 1:00 PM,Juan  Camacho,25,Dining Room,0.00,27.42,2.25,5.00,0.00,00:27:41
Tink-a-Tako - Potranco,225,8/12/25 1:00 PM,Daniela Torres,,Dining Room,1.10,9.89,0.82,0.00,0.00,00:07:04
Tink-a-Tako - Potranco,220,8/12/25 12:36 PM,Daniela Torres,,Dining Room,0.00,2.79,0.23,0.00,0.00,00:34:09
Tink-a-Tako - Potranco,230,8/12/25 1:08 PM,Silvia Hernandez,7,Dining Room,0.00,61.76,5.09,11.00,0.00,00:45:42
Tink-a-Tako - Potranco,231,8/12/25 1:14 PM,Daniela Torres,,Dining Room,0.00,5.37,0.45,0.00,0.00,00:00:38
Tink-a-Tako - Potranco,233,8/12/25 1:19 PM,Juan  Camacho,33,Dining Room,0.00,32.86,2.70,0.00,0.00,00:33:38
Tink-a-Tako - Potranco,232,8/12/25 1:15 PM,Daniela Torres,,Dining Room,0.00,25.14,2.08,0.00,0.00,00:10:47
Tink-a-Tako - Potranco,234,8/12/25 1:24 PM,Silvia Hernandez,9,Dining Room,0.00,36.19,2.97,0.00,0.00,00:39:54
Tink-a-Tako - Potranco,235,8/12/25 1:26 PM,Silvia Hernandez,32,Dining Room,0.00,20.11,1.66,7.00,0.00,00:28:18
Tink-a-Tako - Potranco,236,8/12/25 1:29 PM,Silvia Hernandez,10,Dining Room,0.00,44.80,3.70,5.00,0.00,00:34:48
Tink-a-Tako - Potranco,239,8/12/25 1:33 PM,Juan  Camacho,37,Dining Room,0.00,18.99,1.57,4.00,0.00,00:29:40
Tink-a-Tako - Potranco,238,8/12/25 1:33 PM,Daniela Torres,,Dining Room,0.00,13.98,1.15,0.00,0.00,00:01:38
Tink-a-Tako - Potranco,237,8/12/25 1:33 PM,Silvia Hernandez,25,Dining Room,6.20,39.21,3.24,0.00,0.00,00:38:17
Tink-a-Tako - Potranco,241,8/12/25 1:41 PM,Juan  Camacho,23,Dining Room,0.00,17.98,1.48,0.00,0.00,00:32:25
Tink-a-Tako - Potranco,240,8/12/25 1:35 PM,Daniela Torres,,Dining Room,0.00,23.73,1.96,0.00,0.00,00:09:12
Tink-a-Tako - Potranco,242,8/12/25 1:44 PM,Juan  Camacho,24,Dining Room,0.00,35.17,2.89,0.00,0.00,00:45:54
Tink-a-Tako - Potranco,243,8/12/25 1:50 PM,Daniela Torres,,Dining Room,0.00,13.33,1.09,0.00,0.00,00:01:01
Tink-a-Tako - Potranco,246,8/12/25 2:03 PM,Arturo Rangel,,Dining Room,0.00,6.98,0.58,0.00,0.00,00:01:45
Tink-a-Tako - Potranco,247,8/12/25 2:04 PM,Arturo Rangel,,Dining Room,0.00,7.28,0.60,0.00,0.00,00:02:07
Tink-a-Tako - Potranco,248,8/12/25 2:06 PM,Juan  Camacho,32,Dining Room,0.00,47.87,3.95,0.00,0.00,00:24:18
Tink-a-Tako - Potranco,250,8/12/25 2:10 PM,Arturo Rangel,,Dining Room,0.00,8.98,0.74,0.00,0.00,00:00:55
Tink-a-Tako - Potranco,252,8/12/25 2:13 PM,Arturo Rangel,,Dining Room,0.00,10.57,0.87,0.00,0.00,00:03:15
Tink-a-Tako - Potranco,253,8/12/25 2:14 PM,Arturo Rangel,,Dining Room,0.00,19.98,1.65,0.00,0.00,00:03:05
Tink-a-Tako - Potranco,254,8/12/25 2:14 PM,Arturo Rangel,,Dining Room,0.00,2.49,0.21,0.00,0.00,00:04:06
Tink-a-Tako - Potranco,255,8/12/25 2:25 PM,Juan  Camacho,33,Dining Room,0.00,43.62,3.58,0.00,0.00,00:51:21
Tink-a-Tako - Potranco,256,8/12/25 2:27 PM,Arturo Rangel,,None,0.00,6.79,0.56,0.00,0.00,00:01:49
Tink-a-Tako - Potranco,257,8/12/25 2:27 PM,Arturo Rangel,,None,0.00,10.92,0.90,0.00,0.00,00:02:55
Tink-a-Tako - Potranco,258,8/12/25 2:30 PM,Arturo Rangel,,Dining Room,0.00,10.56,0.87,0.00,0.00,00:04:41
Tink-a-Tako - Potranco,259,8/12/25 2:32 PM,Arturo Rangel,,Dining Room,0.00,21.43,1.77,0.00,0.00,00:03:05
Tink-a-Tako - Potranco,260,8/12/25 2:37 PM,Arturo Rangel,,Dining Room,0.00,9.98,0.82,0.00,0.00,00:02:23
Tink-a-Tako - Potranco,262,8/12/25 2:37 PM,Sergio Abundiz,35,Dining Room,0.00,21.98,1.81,7.00,0.00,01:06:51
Tink-a-Tako - Potranco,263,8/12/25 2:40 PM,Arturo Rangel,,Dining Room,0.00,3.99,0.33,0.00,0.00,00:01:06
Tink-a-Tako - Potranco,264,8/12/25 2:41 PM,Juan  Camacho,37,Dining Room,0.00,4.23,0.35,3.00,0.00,00:14:09
Tink-a-Tako - Potranco,265,8/12/25 2:46 PM,Arturo Rangel,,None,0.00,5.78,0.48,0.00,0.00,00:01:50
Tink-a-Tako - Potranco,267,8/12/25 2:46 PM,Sergio Abundiz,25,Dining Room,0.00,20.96,1.72,8.00,0.00,00:12:54
Tink-a-Tako - Potranco,268,8/12/25 2:51 PM,Juan  Camacho,,Dining Room,0.00,15.32,1.26,0.00,0.00,00:00:29
Tink-a-Tako - Potranco,266,8/12/25 2:46 PM,Arturo Rangel,,None,0.00,14.57,1.21,0.00,0.00,00:08:00
Tink-a-Tako - Potranco,270,8/12/25 3:00 PM,Arturo Rangel,,Dining Room,0.00,9.88,0.81,0.00,0.00,00:00:43
Tink-a-Tako - Potranco,271,8/12/25 3:04 PM,Juan  Camacho,22,Dining Room,0.00,44.46,3.66,0.00,0.00,00:32:14
Tink-a-Tako - Potranco,269,8/12/25 2:52 PM,Arturo Rangel,,None,0.00,2.49,0.21,0.00,0.00,00:30:01
Tink-a-Tako - Potranco,272,8/12/25 3:20 PM,Arturo Rangel,,None,1.06,17.48,1.45,0.00,0.00,00:11:27
Tink-a-Tako - Potranco,273,8/12/25 3:27 PM,Arturo Rangel,,None,0.00,13.93,1.15,0.00,0.00,00:05:13
Tink-a-Tako - Potranco,275,8/12/25 3:31 PM,Sergio Abundiz,25,Dining Room,0.00,33.88,2.78,0.00,0.00,00:27:22
Tink-a-Tako - Potranco,276,8/12/25 3:38 PM,Arturo Rangel,,None,0.00,10.97,0.90,0.00,0.00,00:03:22
Tink-a-Tako - Potranco,278,8/12/25 3:42 PM,Arturo Rangel,,Dining Room,0.00,0.25,0.02,0.00,0.00,00:00:09
Tink-a-Tako - Potranco,279,8/12/25 3:42 PM,Arturo Rangel,,Dining Room,0.00,17.56,1.45,0.00,0.00,00:03:36
Tink-a-Tako - Potranco,281,8/12/25 3:44 PM,Sergio Abundiz,40,Dining Room,0.00,17.98,1.48,0.00,0.00,00:21:58
Tink-a-Tako - Potranco,277,8/12/25 3:39 PM,Arturo Rangel,,None,0.00,20.57,1.70,0.00,0.00,00:22:25
Tink-a-Tako - Potranco,282,8/12/25 4:01 PM,Juan  Camacho,32,Dining Room,0.00,20.12,1.65,0.00,0.00,00:18:41
Tink-a-Tako - Potranco,284,8/12/25 4:03 PM,Sergio Abundiz,35,Dining Room,0.00,32.96,2.72,10.00,0.00,00:24:15
Tink-a-Tako - Potranco,285,8/12/25 4:04 PM,Juan  Camacho,24,Dining Room,0.00,20.92,1.72,8.00,0.00,00:32:19
Tink-a-Tako - Potranco,286,8/12/25 4:08 PM,Arturo Rangel,,Dining Room,0.00,14.47,1.18,0.00,0.00,00:01:43
Tink-a-Tako - Potranco,289,8/12/25 4:18 PM,Sergio Abundiz,40,Dining Room,0.00,3.99,0.33,2.00,0.00,00:00:14
Tink-a-Tako - Potranco,290,8/12/25 4:19 PM,Arturo Rangel,,Dining Room,0.00,9.87,0.81,0.00,0.00,00:01:39
Tink-a-Tako - Potranco,292,8/12/25 4:23 PM,Sergio Abundiz,9,Dining Room,0.00,45.61,3.76,0.00,0.00,00:43:26
Tink-a-Tako - Potranco,293,8/12/25 4:25 PM,Juan  Camacho,25,Dining Room,0.00,28.66,2.35,0.00,0.00,00:29:28
Tink-a-Tako - Potranco,294,8/12/25 4:30 PM,Melissa Urena,,Dining Room,0.00,16.38,1.35,0.00,0.00,00:01:14
Tink-a-Tako - Potranco,295,8/12/25 4:32 PM,Melissa Urena,,Dining Room,0.00,3.58,0.30,0.00,0.00,00:00:57
Tink-a-Tako - Potranco,296,8/12/25 4:35 PM,Melissa Urena,,Dining Room,0.00,5.37,0.45,0.00,0.00,00:06:20
Tink-a-Tako - Potranco,298,8/12/25 4:40 PM,Melissa Urena,,Dining Room,0.00,6.68,0.55,0.00,0.00,00:02:03
Tink-a-Tako - Potranco,299,8/12/25 4:55 PM,Juan  Camacho,,Dining Room,0.00,6.00,0.50,0.00,0.00,00:00:19
Tink-a-Tako - Potranco,300,8/12/25 5:00 PM,Sergio Abundiz,32,Dining Room,0.00,39.19,3.23,0.00,0.00,00:43:14
Tink-a-Tako - Potranco,301,8/12/25 5:11 PM,Melissa Urena,,Dining Room,0.00,18.65,1.53,1.00,0.00,02:29:12
Tink-a-Tako - Potranco,303,8/12/25 5:18 PM,Melissa Urena,,Dining Room,0.00,24.98,2.06,0.00,0.00,00:00:49
Tink-a-Tako - Potranco,305,8/12/25 5:21 PM,Juan  Camacho,37,Dining Room,0.00,24.92,2.05,5.00,0.00,00:26:43
Tink-a-Tako - Potranco,306,8/12/25 5:25 PM,Sergio Abundiz,7,Dining Room,0.00,18.76,1.55,0.00,0.00,00:27:51
Tink-a-Tako - Potranco,307,8/12/25 5:30 PM,Juan  Camacho,25,Dining Room,0.00,24.46,2.02,0.00,0.00,01:12:28
Tink-a-Tako - Potranco,308,8/12/25 5:37 PM,Sergio Abundiz,35,Dining Room,0.00,35.07,2.88,7.05,0.00,00:19:00
Tink-a-Tako - Potranco,309,8/12/25 5:55 PM,Juan  Camacho,37,Dining Room,0.00,17.69,1.45,2.00,0.00,00:23:03
Tink-a-Tako - Potranco,304,8/12/25 5:18 PM,Melissa Urena,,Dining Room,0.00,14.36,1.19,4.00,0.00,00:39:24
Tink-a-Tako - Potranco,310,8/12/25 6:07 PM,Melissa Urena,,Dining Room,0.00,4.98,0.41,0.00,0.00,00:00:36
Tink-a-Tako - Potranco,312,8/12/25 6:09 PM,Juan  Camacho,17,Dining Room,0.00,30.94,2.56,8.00,0.00,00:31:38
Tink-a-Tako - Potranco,313,8/12/25 6:14 PM,Sergio Abundiz,34,Dining Room,0.00,57.56,4.74,10.00,0.00,00:50:29
Tink-a-Tako - Potranco,311,8/12/25 6:08 PM,Melissa Urena,,Dining Room,0.00,31.88,2.62,0.00,0.00,00:12:09
Tink-a-Tako - Potranco,314,8/12/25 6:20 PM,Melissa Urena,,Dining Room,0.00,18.66,1.54,0.00,0.00,00:05:12
Tink-a-Tako - Potranco,316,8/12/25 6:28 PM,Sergio Abundiz,,Dining Room,0.00,36.95,3.05,0.00,0.00,00:02:45
Tink-a-Tako - Potranco,315,8/12/25 6:25 PM,Melissa Urena,,Dining Room,0.00,7.58,0.63,0.00,0.00,00:17:01
Tink-a-Tako - Potranco,318,8/12/25 6:43 PM,Juan  Camacho,24,Dining Room,0.00,15.43,1.27,10.00,0.00,00:28:17
Tink-a-Tako - Potranco,317,8/12/25 6:42 PM,Melissa Urena,,Dining Room,0.00,7.57,0.63,1.00,0.00,00:23:28
Tink-a-Tako - Potranco,319,8/12/25 7:17 PM,Sergio Abundiz,37,Dining Room,0.00,15.43,1.27,10.00,0.00,00:41:25
Tink-a-Tako - Potranco,320,8/12/25 7:20 PM,Melissa Urena,,Dining Room,0.00,6.47,0.53,0.00,0.00,00:01:11
Tink-a-Tako - Potranco,322,8/12/25 7:33 PM,Juan  Camacho,7,Dining Room,0.00,27.25,2.25,0.00,0.00,00:27:39
Tink-a-Tako - Potranco,321,8/12/25 7:21 PM,Melissa Urena,,Dining Room,0.00,15.68,1.29,0.00,0.00,00:15:28
Tink-a-Tako - Potranco,323,8/12/25 7:34 PM,Sergio Abundiz,31,Dining Room,0.00,84.44,6.97,20.00,0.00,01:11:21
Tink-a-Tako - Potranco,324,8/12/25 7:37 PM,Melissa Urena,,Dining Room,0.00,15.99,1.32,2.00,0.00,00:05:43
Tink-a-Tako - Potranco,325,8/12/25 7:39 PM,Melissa Urena,,Dining Room,0.00,33.34,2.75,0.00,0.00,00:07:58
Tink-a-Tako - Potranco,326,8/12/25 7:41 PM,Melissa Urena,,Dining Room,0.00,26.98,2.23,3.00,0.00,00:10:41
Tink-a-Tako - Potranco,327,8/12/25 7:42 PM,Sergio Abundiz,,Dining Room,0.00,10.99,0.90,0.00,0.00,00:15:50
Tink-a-Tako - Potranco,328,8/12/25 7:45 PM,Melissa Urena,,Dining Room,1.50,13.49,1.11,0.00,0.00,00:11:26
Tink-a-Tako - Potranco,329,8/12/25 7:58 PM,Melissa Urena,,Dining Room,0.00,37.47,3.09,0.00,0.00,00:03:23
Tink-a-Tako - Potranco,330,8/12/25 8:02 PM,Melissa Urena,,Dining Room,0.00,12.99,1.07,0.00,0.00,00:08:05
Tink-a-Tako - Potranco,331,8/12/25 8:10 PM,Melissa Urena,,Dining Room,0.00,26.94,2.23,0.00,0.00,00:05:15
Tink-a-Tako - Potranco,332,8/12/25 8:15 PM,Melissa Urena,,Dining Room,0.00,5.77,0.47,0.00,0.00,00:07:10
Tink-a-Tako - Potranco,333,8/12/25 8:16 PM,Melissa Urena,,Dining Room,0.00,31.84,2.62,0.00,0.00,00:09:04
Tink-a-Tako - Potranco,334,8/12/25 8:25 PM,Melissa Urena,,Dining Room,0.00,16.98,1.40,0.00,0.00,00:05:19
Tink-a-Tako - Potranco,335,8/12/25 8:30 PM,Melissa Urena,,Dining Room,0.00,19.96,1.65,0.00,0.00,00:13:14
Tink-a-Tako - Potranco,336,8/12/25 8:43 PM,Melissa Urena,,Dining Room,0.00,11.99,0.99,0.00,0.00,00:08:14
