,Location,Employee,Job Title,In Date,Shift Closed Date,Out Date,Hours,Cash Tips Decl.,Cash on Hand,Cash in Drawer,Non-Cash Tips,Cash Gratuity,Non-Cash Gratuity,Tips Withheld,Non-Cash Sales,Cash Sales,Total Sales,Cash Collected?,Tips Paid?,Open,Paid,Closed,Tip Share Total
800000028247582286,Tink-a-Tako - Potranco,Juan  Camacho,Server,8/12/25 5:59 AM,8/12/25 9:00 PM,8/12/25 9:17 PM,15.30,,360.52,0.00,69.00,0.00,0.00,0.00,749.16,360.52,1109.68,yes,yes,0,0,53,0.00
800000028247617181,Tink-a-Tako - Potranco,Daniela Torres,Drive-Thru,8/12/25 6:07 AM,8/12/25 1:58 PM,8/12/25 2:00 PM,7.88,,417.25,0.00,13.60,0.00,0.00,0.00,1162.80,417.25,1580.05,yes,yes,0,0,135,0.00
800000028247841045,Tink-a-Tako - Potranco,Rosie  ORDONEZ,Shift Manager / Assistant Manager,8/12/25 6:44 AM,8/12/25 2:01 PM,8/12/25 9:17 PM,14.55,,0.00,0.00,5.00,0.00,0.00,0.00,21.78,0.00,21.78,yes,yes,0,0,2,0.00
800000028248577685,Tink-a-Tako - Potranco,Maria Majana,Server,8/12/25 7:51 AM,8/12/25 11:14 AM,8/12/25 11:14 AM,3.38,,21.87,0.00,21.20,0.00,0.00,0.00,137.69,21.87,159.56,yes,yes,0,0,9,0.00
800000028248590742,Tink-a-Tako - Potranco,Silvia Hernandez,Server,8/12/25 7:52 AM,8/12/25 2:14 PM,8/12/25 2:15 PM,6.38,,86.98,0.00,64.88,0.00,0.00,0.00,486.55,86.98,573.53,yes,yes,0,0,23,0.00
800000028248643785,Tink-a-Tako - Potranco,Isabel Cisneros,Server,8/12/25 7:56 AM,8/12/25 1:44 PM,8/12/25 1:47 PM,5.85,,38.06,0.00,29.62,0.00,0.00,0.00,270.66,38.06,308.72,yes,yes,0,0,16,0.00
800000028248671076,Tink-a-Tako - Potranco,Giselle Cisneross,Host,8/12/25 7:58 AM,8/12/25 1:46 PM,8/12/25 1:46 PM,5.81,,0.00,33.26,0.00,0.00,0.00,0.00,52.66,33.26,85.92,yes,yes,0,0,9,0.00
800000028249550898,Tink-a-Tako - Potranco,Jonathan Rueda,Busser,8/12/25 8:56 AM,8/12/25 2:00 PM,8/12/25 2:00 PM,5.07,,0.00,0.00,0.00,0.00,0.00,0.00,0.00,0.00,0.00,yes,yes,0,0,0,0.00
800000028258544302,Tink-a-Tako - Potranco,Sergio Abundiz,Server,8/12/25 1:40 PM,8/12/25 8:53 PM,8/12/25 9:18 PM,7.63,,116.43,0.00,74.05,0.00,0.00,0.00,398.51,116.43,514.94,yes,yes,0,0,15,0.00
800000028259350154,Tink-a-Tako - Potranco,Arturo Rangel,General Manager,8/12/25 2:03 PM,8/12/25 4:29 PM,8/12/25 4:29 PM,2.43,,0.00,91.06,0.00,0.00,0.00,0.00,187.98,91.06,279.04,yes,yes,0,0,24,0.00
800000028263700860,Tink-a-Tako - Potranco,Jonathan Rueda,Busser,8/12/25 4:16 PM,8/12/25 9:06 PM,8/12/25 9:06 PM,4.84,,0.00,0.00,0.00,0.00,0.00,0.00,0.00,0.00,0.00,yes,yes,0,0,0,0.00
800000028263757233,Tink-a-Tako - Potranco,Melissa Urena,Drive-Thru,8/12/25 4:17 PM,8/12/25 9:05 PM,8/12/25 9:16 PM,4.97,,165.74,0.00,11.00,0.00,0.00,0.00,306.83,165.74,472.57,yes,yes,0,0,26,0.00
800000028275236261,Tink-a-Tako - Potranco,Arturo Rangel,General Manager,8/12/25 7:55 PM,8/13/25 4:07 AM,8/13/25 4:00 AM,8.07,0.00,0.00,0.00,0.00,0.00,0.00,0.00,0.00,0.00,0.00,yes,yes,0,0,0,0.00
