Employee,Job Title,In Date,Out Date,Auto Clock-out,Total Hours,Unpaid Break Time,Paid Break Time,Payable Hours
"Ramirez Perez, Silvia",Cook,8/12/25 5:31 AM,8/12/25 2:00 PM,No,8.49,0.00,0.00,8.49
"Aviles, Genaro",Cook,8/12/25 5:31 AM,8/12/25 3:03 PM,No,9.53,0.00,0.00,9.53
"Diaz, Diego",Cook,8/12/25 5:33 AM,8/12/25 2:07 PM,No,8.56,0.00,0.00,8.56
"Camacho, Juan ",Server,8/12/25 5:59 AM,8/12/25 9:17 PM,No,15.30,0.00,0.00,15.30
"Torres, Daniela",Drive-Thru,8/12/25 6:07 AM,8/12/25 2:00 PM,No,7.88,0.00,0.00,7.88
"ORDONEZ, Rosie ",Shift Manager / Assistant Manager,8/12/25 6:44 AM,8/12/25 9:17 PM,No,14.55,0.00,0.00,14.55
"Brito, Victor ",Regular,8/12/25 6:53 AM,8/12/25 4:10 PM,No,9.29,0.00,0.00,9.29
"Dominguez, Jose ",Cook,8/12/25 7:02 AM,8/12/25 9:02 PM,No,13.99,0.00,0.00,13.99
"Majana, Maria",Server,8/12/25 7:51 AM,8/12/25 11:14 AM,No,3.38,0.00,0.00,3.38
"Hernandez, Silvia",Server,8/12/25 7:52 AM,8/12/25 2:15 PM,No,6.38,0.00,0.00,6.38
"Cisneros, Isabel",Server,8/12/25 7:56 AM,8/12/25 1:47 PM,No,5.85,0.00,0.00,5.85
"Cisneross, Giselle",Host,8/12/25 7:58 AM,8/12/25 1:46 PM,No,5.81,0.00,0.00,5.81
"Rueda, Jonathan",Busser,8/12/25 8:56 AM,8/12/25 2:00 PM,No,5.07,0.00,0.00,5.07
"Abundiz, Sergio",Server,8/12/25 1:40 PM,8/12/25 9:18 PM,No,7.63,0.00,0.00,7.63
"Gonzalez, Maria ",Tortillero,8/12/25 1:46 PM,8/12/25 9:09 PM,No,7.39,0.00,0.00,7.39
"Rangel, Arturo",General Manager,8/12/25 2:03 PM,8/12/25 4:29 PM,No,2.43,0.00,0.00,2.43
"Rueda, Jonathan",Busser,8/12/25 4:16 PM,8/12/25 9:06 PM,No,4.84,0.00,0.00,4.84
"Urena, Melissa",Drive-Thru,8/12/25 4:17 PM,8/12/25 9:16 PM,No,4.97,0.00,0.00,4.97
"Rangel, Arturo",General Manager,8/12/25 7:55 PM,8/13/25 4:00 AM,Yes,8.07,0.00,0.00,8.07
"ROJAS, JAIME",Busser,8/12/25 9:11 PM,8/12/25 9:11 PM,No,0.00,0.00,0.00,0.00
