Check #,Table,Payment Type,Server,Cashier,Tip,Amount,Cash Drawer,Date,Opened Date
1,,CREDIT,Daniela,Daniela,0.00,21.15,,8/17/25 8:00 AM,8/17/25 8:00 AM
2,,CREDIT,Daniela,Daniela,0.00,6.46,,8/17/25 8:06 AM,8/17/25 8:00 AM
3,,CREDIT,Daniela,Daniela,0.00,11.65,,8/17/25 8:07 AM,8/17/25 8:00 AM
5,,CASH,Daniela,Daniela,0.00,23.85,,8/17/25 8:13 AM,8/17/25 8:10 AM
6,,CREDIT,Daniela,Daniela,0.00,15.79,,8/17/25 8:15 AM,8/17/25 8:10 AM
7,,CREDIT,Daniela,Daniela,0.00,20.07,,8/17/25 8:17 AM,8/17/25 8:11 AM
10,,CASH,Daniela,Daniela,0.00,12.02,,8/17/25 8:23 AM,8/17/25 8:21 AM
12,,CREDIT,Daniela,Daniela,0.00,16.23,,8/17/25 8:24 AM,8/17/25 8:24 AM
9,,CREDIT,Ivana,Ivana,0.00,5.40,,8/17/25 8:25 AM,8/17/25 8:17 AM
13,,CASH,Daniela,Daniela,0.00,14.68,,8/17/25 8:26 AM,8/17/25 8:26 AM
15,,CREDIT,Daniela,Daniela,2.00,15.53,,8/17/25 8:31 AM,8/17/25 8:28 AM
16,,CREDIT,Daniela,Daniela,0.00,28.42,,8/17/25 8:34 AM,8/17/25 8:32 AM
17,,CREDIT,Daniela,Daniela,0.00,13.00,,8/17/25 8:38 AM,8/17/25 8:32 AM
20,,CREDIT,Daniela,Daniela,0.00,12.59,,8/17/25 8:38 AM,8/17/25 8:35 AM
21,,CASH,Daniela,Daniela,0.00,5.81,,8/17/25 8:40 AM,8/17/25 8:36 AM
23,,CREDIT,Daniela,Daniela,0.00,4.96,,8/17/25 8:41 AM,8/17/25 8:38 AM
28,,CREDIT,Daniela,Daniela,0.00,6.25,,8/17/25 8:45 AM,8/17/25 8:43 AM
18,24,CREDIT,Melissa,Melissa,3.00,11.33,,8/17/25 8:49 AM,8/17/25 8:33 AM
19,,CASH,Daniela,Daniela,0.00,14.69,,8/17/25 8:49 AM,8/17/25 8:34 AM
30,,CREDIT,Daniela,Daniela,0.00,13.91,,8/17/25 8:50 AM,8/17/25 8:46 AM
34,,CREDIT,Ivana,Ivana,0.00,39.73,,8/17/25 8:50 AM,8/17/25 8:50 AM
31,,CASH,Daniela,Daniela,0.00,9.12,,8/17/25 8:54 AM,8/17/25 8:47 AM
35,,CREDIT,Daniela,Daniela,0.00,4.09,,8/17/25 8:55 AM,8/17/25 8:50 AM
36,,CREDIT,Daniela,Daniela,3.00,13.91,,8/17/25 8:58 AM,8/17/25 8:53 AM
8,17,CREDIT,Esperansa,Esperansa,5.00,33.54,,8/17/25 8:58 AM,8/17/25 8:12 AM
38,,CREDIT,Daniela,Daniela,4.00,26.14,,8/17/25 8:59 AM,8/17/25 8:55 AM
25,,CASH,Ivana,Ivana,0.00,4.64,Front Left,8/17/25 9:01 AM,8/17/25 8:42 AM
39,,CREDIT,Daniela,Daniela,2.00,17.28,,8/17/25 9:01 AM,8/17/25 8:56 AM
40,,CREDIT,Daniela,Daniela,0.00,29.04,,8/17/25 9:03 AM,8/17/25 8:57 AM
40,,CREDIT,Daniela,Daniela,0.00,1.84,,8/17/25 9:06 AM,8/17/25 8:57 AM
22,7,CASH,Esperansa,Esperansa,0.00,23.78,,8/17/25 9:06 AM,8/17/25 8:39 AM
41,,CASH,Daniela,Daniela,0.00,8.62,,8/17/25 9:07 AM,8/17/25 8:57 AM
4,20,CASH,Esperansa,Esperansa,0.00,18.46,,8/17/25 9:07 AM,8/17/25 8:05 AM
42,,CREDIT,Daniela,Daniela,0.00,30.36,,8/17/25 9:08 AM,8/17/25 9:02 AM
27,,CREDIT,Maria,Ivana,2.00,18.14,,8/17/25 9:08 AM,8/17/25 8:43 AM
46,,CASH,Daniela,Daniela,0.00,4.31,,8/17/25 9:08 AM,8/17/25 9:06 AM
32,32,CREDIT,Sergio,,2.64,18.36,,8/17/25 9:11 AM,8/17/25 8:46 AM
11,9,CASH,Maria,Maria,0.00,17.30,,8/17/25 9:11 AM,8/17/25 8:23 AM
50,,CREDIT,Daniela,Daniela,0.00,8.63,,8/17/25 9:12 AM,8/17/25 9:10 AM
24,38,CREDIT,Isabel,Isabel,4.10,32.90,,8/17/25 9:18 AM,8/17/25 8:41 AM
56,,CASH,Ivana,Ivana,0.00,7.54,Front Left,8/17/25 9:22 AM,8/17/25 9:22 AM
57,,CASH,Daniela,Daniela,0.00,12.51,,8/17/25 9:22 AM,8/17/25 9:22 AM
61,,CREDIT,Ivana,Ivana,2.00,12.41,,8/17/25 9:27 AM,8/17/25 9:27 AM
29,33,CREDIT,Maria,Maria,4.00,36.64,,8/17/25 9:28 AM,8/17/25 8:47 AM
60,,CREDIT,Daniela,Daniela,0.00,21.40,,8/17/25 9:29 AM,8/17/25 9:26 AM
48,20,CREDIT,Esperansa,,4.00,16.21,,8/17/25 9:30 AM,8/17/25 9:09 AM
11001,9,CREDIT,Maria,Maria,6.83,13.17,,8/17/25 9:31 AM,8/17/25 9:11 AM
62,,CREDIT,Daniela,Daniela,0.00,9.28,,8/17/25 9:31 AM,8/17/25 9:27 AM
63,,CASH,Daniela,Daniela,0.00,19.01,,8/17/25 9:32 AM,8/17/25 9:27 AM
64,,CREDIT,Daniela,Daniela,1.00,5.94,,8/17/25 9:33 AM,8/17/25 9:28 AM
43,31,CREDIT,Silvia,Silvia,0.00,68.87,,8/17/25 9:33 AM,8/17/25 9:04 AM
66,,CASH,Daniela,Daniela,0.00,36.10,,8/17/25 9:34 AM,8/17/25 9:31 AM
55,7,CREDIT,Silvia,Silvia,0.00,30.60,,8/17/25 9:35 AM,8/17/25 9:21 AM
26,25,CREDIT,Silvia,Silvia,0.00,61.35,,8/17/25 9:36 AM,8/17/25 8:43 AM
59,,CASH,Ivana,Ivana,0.00,13.18,Front Left,8/17/25 9:38 AM,8/17/25 9:26 AM
68,,CREDIT,Daniela,Daniela,0.00,22.00,,8/17/25 9:39 AM,8/17/25 9:33 AM
70,,CREDIT,Daniela,Daniela,0.00,8.95,,8/17/25 9:41 AM,8/17/25 9:35 AM
47,24,CREDIT,Isabel,Isabel,3.00,15.67,,8/17/25 9:42 AM,8/17/25 9:08 AM
71,,CREDIT,Daniela,Daniela,0.00,8.69,,8/17/25 9:42 AM,8/17/25 9:37 AM
45,37,CREDIT,Melissa,Melissa,5.00,43.81,,8/17/25 9:44 AM,8/17/25 9:05 AM
65,,CREDIT,Maria,Daniela,0.00,31.63,,8/17/25 9:45 AM,8/17/25 9:30 AM
77,,CASH,Daniela,Daniela,0.00,8.62,,8/17/25 9:45 AM,8/17/25 9:42 AM
80,,CREDIT,Daniela,Daniela,0.00,8.51,,8/17/25 9:48 AM,8/17/25 9:46 AM
82,,CREDIT,Ivana,Ivana,5.00,52.70,,8/17/25 9:49 AM,8/17/25 9:49 AM
81,,CREDIT,Daniela,Daniela,0.00,13.38,,8/17/25 9:50 AM,8/17/25 9:48 AM
52,32,CREDIT,Maria,Maria,7.00,20.51,,8/17/25 9:52 AM,8/17/25 9:18 AM
85,,CREDIT,Daniela,Daniela,0.00,22.64,,8/17/25 9:52 AM,8/17/25 9:49 AM
90,,CREDIT,Daniela,Daniela,0.00,15.50,,8/17/25 9:54 AM,8/17/25 9:53 AM
88,,CREDIT,Daniela,Daniela,2.00,22.00,,8/17/25 10:00 AM,8/17/25 9:52 AM
72,,CREDIT,Ivana,Melissa,2.00,28.12,,8/17/25 10:01 AM,8/17/25 9:41 AM
91,,CREDIT,Daniela,Daniela,0.00,9.77,,8/17/25 10:03 AM,8/17/25 9:55 AM
92,,CASH,Daniela,Daniela,0.00,7.87,,8/17/25 10:05 AM,8/17/25 9:56 AM
93,,CREDIT,Daniela,Daniela,2.00,10.11,,8/17/25 10:07 AM,8/17/25 9:57 AM
74,,CREDIT,Ivana,Ivana,0.00,8.94,,8/17/25 10:07 AM,8/17/25 9:41 AM
76,38,CREDIT,Melissa,Melissa,5.00,33.18,,8/17/25 10:07 AM,8/17/25 9:42 AM
97,,CREDIT,Daniela,Daniela,0.00,3.24,,8/17/25 10:09 AM,8/17/25 10:01 AM
78,,CREDIT,Melissa,Ivana,0.00,16.17,,8/17/25 10:10 AM,8/17/25 9:45 AM
58,11,CREDIT,Sergio,Sergio,10.00,42.13,,8/17/25 10:11 AM,8/17/25 9:26 AM
98,,CREDIT,Daniela,Daniela,0.00,18.60,,8/17/25 10:12 AM,8/17/25 10:04 AM
73,17,CREDIT,Isabel,Ivana,10.00,23.65,,8/17/25 10:12 AM,8/17/25 9:41 AM
101,,CREDIT,Daniela,Daniela,1.00,5.94,,8/17/25 10:13 AM,8/17/25 10:06 AM
102,,CASH,Daniela,Daniela,0.00,10.56,,8/17/25 10:14 AM,8/17/25 10:08 AM
105,,CREDIT,Daniela,Daniela,0.00,12.09,,8/17/25 10:16 AM,8/17/25 10:10 AM
79,20,CREDIT,Esperansa,,5.72,30.93,,8/17/25 10:16 AM,8/17/25 9:45 AM
106,,CASH,Daniela,Daniela,0.00,22.81,,8/17/25 10:17 AM,8/17/25 10:10 AM
111,,CREDIT,Daniela,Daniela,0.00,19.65,,8/17/25 10:21 AM,8/17/25 10:13 AM
113,,CREDIT,Daniela,Daniela,0.00,6.47,,8/17/25 10:21 AM,8/17/25 10:15 AM
114,,CREDIT,Daniela,Daniela,0.00,4.30,,8/17/25 10:22 AM,8/17/25 10:16 AM
116,,CREDIT,Daniela,Daniela,0.00,16.63,,8/17/25 10:24 AM,8/17/25 10:23 AM
87,18,CREDIT,Melissa,Melissa,0.00,33.92,,8/17/25 10:25 AM,8/17/25 9:49 AM
118,,CREDIT,Daniela,Daniela,0.00,13.80,,8/17/25 10:25 AM,8/17/25 10:23 AM
119,,CREDIT,Daniela,Daniela,0.00,29.57,,8/17/25 10:26 AM,8/17/25 10:24 AM
96,19,CREDIT,Silvia,,5.00,33.51,,8/17/25 10:27 AM,8/17/25 9:59 AM
75,22,CREDIT,Esperansa,Mayra,0.00,50.37,,8/17/25 10:28 AM,8/17/25 9:41 AM
86,15,CREDIT,Silvia,Silvia,10.00,26.81,,8/17/25 10:28 AM,8/17/25 9:51 AM
120,,CREDIT,Daniela,Daniela,0.00,23.54,,8/17/25 10:28 AM,8/17/25 10:25 AM
125,,CREDIT,Daniela,Daniela,0.00,7.11,,8/17/25 10:30 AM,8/17/25 10:28 AM
127,,CREDIT,Ivana,Ivana,0.00,4.31,,8/17/25 10:32 AM,8/17/25 10:32 AM
129,,CREDIT,Daniela,Daniela,5.00,27.77,,8/17/25 10:38 AM,8/17/25 10:34 AM
109,35,CREDIT,Silvia,Ivana,4.00,22.70,,8/17/25 10:39 AM,8/17/25 10:12 AM
95,9,CREDIT,Sergio,Ivana,5.00,32.52,,8/17/25 10:41 AM,8/17/25 9:59 AM
131,,CREDIT,Daniela,Daniela,2.00,15.12,,8/17/25 10:42 AM,8/17/25 10:35 AM
133,,CASH,Daniela,Daniela,0.00,8.84,,8/17/25 10:43 AM,8/17/25 10:35 AM
110,12,CREDIT,Isabel,,5.00,23.93,,8/17/25 10:44 AM,8/17/25 10:13 AM
134,,CREDIT,Daniela,Daniela,0.00,22.57,,8/17/25 10:44 AM,8/17/25 10:37 AM
104,10,CREDIT,Isabel,,7.90,45.10,,8/17/25 10:44 AM,8/17/25 10:09 AM
83,33,CREDIT,Isabel,Isabel,0.00,30.27,,8/17/25 10:45 AM,8/17/25 9:47 AM
100,23,CREDIT,Maria,Maria,10.00,37.22,,8/17/25 10:45 AM,8/17/25 10:05 AM
122,21,CASH,Juan ,Juan ,0.00,22.70,,8/17/25 10:46 AM,8/17/25 10:25 AM
136,,CREDIT,Daniela,Daniela,1.00,31.97,,8/17/25 10:46 AM,8/17/25 10:39 AM
89,37,CASH,Maria,Maria,0.00,31.06,,8/17/25 10:47 AM,8/17/25 9:55 AM
124,7,CREDIT,Juan ,Juan ,0.00,34.58,,8/17/25 10:49 AM,8/17/25 10:28 AM
138,,CREDIT,Daniela,Daniela,0.00,6.47,,8/17/25 10:49 AM,8/17/25 10:42 AM
139,,CREDIT,Daniela,Daniela,2.00,20.95,,8/17/25 10:50 AM,8/17/25 10:43 AM
141,,CREDIT,Daniela,Daniela,0.00,10.54,,8/17/25 10:51 AM,8/17/25 10:45 AM
123,17,CREDIT,Isabel,Isabel,5.00,41.71,,8/17/25 10:52 AM,8/17/25 10:27 AM
144,,CREDIT,Daniela,Daniela,0.00,41.58,,8/17/25 10:53 AM,8/17/25 10:47 AM
53,39,CASH,Sergio,Sergio,0.00,67.32,,8/17/25 10:53 AM,8/17/25 9:20 AM
112,32,CASH,Silvia,Silvia,0.00,23.49,,8/17/25 10:54 AM,8/17/25 10:15 AM
149,,CREDIT,Daniela,Daniela,0.00,6.46,,8/17/25 10:55 AM,8/17/25 10:50 AM
107,24,CASH,Melissa,Melissa,0.00,11.89,,8/17/25 10:55 AM,8/17/25 10:11 AM
151,,CREDIT,Daniela,Daniela,0.00,6.43,,8/17/25 10:55 AM,8/17/25 10:51 AM
153,,CREDIT,Daniela,Daniela,0.00,31.22,,8/17/25 10:58 AM,8/17/25 10:53 AM
108,25,CREDIT,Melissa,,6.79,49.02,,8/17/25 10:59 AM,8/17/25 10:12 AM
157,,CASH,Daniela,Daniela,0.00,22.94,,8/17/25 11:01 AM,8/17/25 10:55 AM
115,3,CASH,Melissa,Melissa,0.00,35.72,,8/17/25 11:02 AM,8/17/25 10:20 AM
158,,CREDIT,Daniela,Daniela,0.00,5.94,,8/17/25 11:02 AM,8/17/25 10:56 AM
159,,CREDIT,Daniela,Daniela,0.00,23.27,,8/17/25 11:04 AM,8/17/25 10:57 AM
161,,CREDIT,Daniela,Daniela,0.00,12.59,,8/17/25 11:05 AM,8/17/25 11:01 AM
135,22,CASH,Juan ,Juan ,0.00,35.08,,8/17/25 11:07 AM,8/17/25 10:38 AM
163,,CREDIT,Daniela,Daniela,0.00,37.38,,8/17/25 11:09 AM,8/17/25 11:03 AM
128,11,CREDIT,Melissa,Ivana,5.00,34.76,,8/17/25 11:09 AM,8/17/25 10:33 AM
164,,CASH,Daniela,Daniela,0.00,47.04,,8/17/25 11:11 AM,8/17/25 11:04 AM
170,,CREDIT,Isabel,Isabel,4.00,12.69,,8/17/25 11:12 AM,8/17/25 11:08 AM
67,,CREDIT,Melissa,Melissa,0.00,6.27,,8/17/25 11:12 AM,8/17/25 9:32 AM
166,,CREDIT,Daniela,Daniela,0.00,15.44,,8/17/25 11:14 AM,8/17/25 11:05 AM
137,,CASH,Isabel,Isabel,0.00,21.31,,8/17/25 11:14 AM,8/17/25 10:40 AM
167,,CREDIT,Daniela,Daniela,0.00,14.57,,8/17/25 11:14 AM,8/17/25 11:06 AM
155,21,CREDIT,Juan ,Juan ,5.00,11.89,,8/17/25 11:14 AM,8/17/25 10:54 AM
117,4,CREDIT,Maria,Maria,11.00,79.33,,8/17/25 11:15 AM,8/17/25 10:28 AM
140,18,CREDIT,Sergio,,0.00,37.77,,8/17/25 11:15 AM,8/17/25 10:44 AM
171,,CASH,Daniela,Daniela,0.00,8.10,,8/17/25 11:16 AM,8/17/25 11:11 AM
132,38,CREDIT,Melissa,Melissa,0.00,38.04,,8/17/25 11:16 AM,8/17/25 10:35 AM
175,,CASH,Daniela,Daniela,0.00,8.95,,8/17/25 11:17 AM,8/17/25 11:13 AM
160,40,CREDIT,Esperansa,Esperansa,2.36,43.17,,8/17/25 11:17 AM,8/17/25 11:04 AM
152,33,CREDIT,Melissa,Melissa,0.00,51.36,,8/17/25 11:17 AM,8/17/25 10:51 AM
165,40,CREDIT,Esperansa,,0.00,53.28,,8/17/25 11:18 AM,8/17/25 11:04 AM
99,40,CREDIT,Esperansa,Esperansa,2.94,53.78,,8/17/25 11:18 AM,8/17/25 10:07 AM
44,,CASH,Maria,Maria,0.00,4.30,,8/17/25 11:18 AM,8/17/25 9:05 AM
176,40,CREDIT,Esperansa,Esperansa,3.92,71.74,,8/17/25 11:19 AM,8/17/25 11:14 AM
177,,CASH,Daniela,Daniela,0.00,25.01,,8/17/25 11:19 AM,8/17/25 11:15 AM
126,31,CREDIT,Maria,Maria,0.00,236.68,,8/17/25 11:20 AM,8/17/25 10:36 AM
174,,CREDIT,Ivana,Ivana,0.00,12.73,,8/17/25 11:21 AM,8/17/25 11:13 AM
150,37,CREDIT,Isabel,Isabel,3.00,25.91,,8/17/25 11:22 AM,8/17/25 10:51 AM
179,,CREDIT,Daniela,Daniela,0.00,7.56,,8/17/25 11:22 AM,8/17/25 11:16 AM
146,19,CREDIT,Mayra,Mayra,0.00,91.90,,8/17/25 11:23 AM,8/17/25 10:51 AM
121,20,CASH,Silvia,Silvia,0.00,11.96,,8/17/25 11:23 AM,8/17/25 10:25 AM
180,,CREDIT,Daniela,Daniela,0.00,12.62,,8/17/25 11:23 AM,8/17/25 11:16 AM
182,,CREDIT,Daniela,Daniela,0.00,7.55,,8/17/25 11:25 AM,8/17/25 11:17 AM
183,,CREDIT,Daniela,Daniela,0.00,10.80,,8/17/25 11:25 AM,8/17/25 11:19 AM
186,,CREDIT,Daniela,Daniela,0.00,4.30,,8/17/25 11:26 AM,8/17/25 11:23 AM
187,,CREDIT,Daniela,Daniela,0.00,7.44,,8/17/25 11:28 AM,8/17/25 11:23 AM
130,36,CREDIT,Silvia,Silvia,10.00,69.42,,8/17/25 11:29 AM,8/17/25 10:37 AM
188,,CREDIT,Daniela,Daniela,0.00,8.09,,8/17/25 11:29 AM,8/17/25 11:25 AM
156,32,CREDIT,Esperansa,,1.73,12.51,,8/17/25 11:31 AM,8/17/25 10:55 AM
189,,CREDIT,Daniela,Daniela,0.00,12.18,,8/17/25 11:31 AM,8/17/25 11:27 AM
162,38,CASH,Maria,Maria,0.00,8.60,,8/17/25 11:33 AM,8/17/25 11:03 AM
196,,CASH,Ivana,Ivana,0.00,12.96,Front Left,8/17/25 11:34 AM,8/17/25 11:34 AM
143,8,CREDIT,Esperansa,Esperansa,0.00,51.51,,8/17/25 11:35 AM,8/17/25 10:46 AM
190,,CASH,Daniela,Daniela,0.00,31.42,,8/17/25 11:38 AM,8/17/25 11:28 AM
173,17,CREDIT,Melissa,Melissa,7.00,37.31,,8/17/25 11:39 AM,8/17/25 11:11 AM
192,,CREDIT,Daniela,Daniela,0.00,44.35,,8/17/25 11:40 AM,8/17/25 11:30 AM
193,,CASH,Daniela,Daniela,0.00,6.46,,8/17/25 11:41 AM,8/17/25 11:31 AM
195,,CREDIT,Daniela,Daniela,0.00,19.35,,8/17/25 11:42 AM,8/17/25 11:31 AM
201,,CREDIT,Daniela,Daniela,0.00,14.06,,8/17/25 11:43 AM,8/17/25 11:40 AM
181,23,CASH,Ivana,Mayra,0.00,37.10,Front Left,8/17/25 11:43 AM,8/17/25 11:18 AM
202,,CREDIT,Daniela,Daniela,0.00,48.06,,8/17/25 11:44 AM,8/17/25 11:40 AM
209,,CASH,Ivana,Ivana,0.00,65.54,Front Left,8/17/25 11:49 AM,8/17/25 11:49 AM
203,,CREDIT,Daniela,Daniela,0.00,38.95,,8/17/25 11:50 AM,8/17/25 11:42 AM
200,,CREDIT,Ivana,Ivana,1.00,6.90,,8/17/25 11:50 AM,8/17/25 11:38 AM
178,10,CREDIT,Isabel,,4.68,25.31,,8/17/25 11:51 AM,8/17/25 11:15 AM
204,,CASH,Daniela,Daniela,0.00,16.24,,8/17/25 11:52 AM,8/17/25 11:44 AM
213,1,CREDIT,Sergio,,0.00,56.36,,8/17/25 11:53 AM,8/17/25 11:50 AM
205,,CREDIT,Daniela,Daniela,0.00,11.65,,8/17/25 11:53 AM,8/17/25 11:44 AM
154,1,CREDIT,Sergio,,9.63,61.74,,8/17/25 11:55 AM,8/17/25 10:56 AM
219,,CREDIT,Daniela,Daniela,0.00,24.46,,8/17/25 11:55 AM,8/17/25 11:55 AM
215,1,CREDIT,Sergio,Sergio,0.00,34.60,,8/17/25 11:56 AM,8/17/25 11:50 AM
199,,CREDIT,Ivana,Ivana,0.00,28.65,,8/17/25 11:58 AM,8/17/25 11:37 AM
194,26,CREDIT,Maria,Maria,4.00,12.42,,8/17/25 12:00 PM,8/17/25 11:31 AM
216,,CREDIT,Daniela,Daniela,0.00,20.74,,8/17/25 12:01 PM,8/17/25 11:51 AM
169,7,CASH,Silvia,Silvia,0.00,62.71,,8/17/25 12:01 PM,8/17/25 11:07 AM
218,,CREDIT,Daniela,Daniela,0.00,42.36,,8/17/25 12:01 PM,8/17/25 11:54 AM
224,,CREDIT,Daniela,Daniela,1.00,12.19,,8/17/25 12:02 PM,8/17/25 12:02 PM
185,3,CREDIT,Juan ,Juan ,6.06,32.94,,8/17/25 12:05 PM,8/17/25 11:20 AM
191,22,CREDIT,Esperansa,Esperansa,0.00,11.89,,8/17/25 12:06 PM,8/17/25 11:30 AM
197,18,CREDIT,Sergio,Sergio,5.00,41.97,,8/17/25 12:06 PM,8/17/25 11:34 AM
16001,,CREDIT,Daniela,Daniela,0.00,19.83,,8/17/25 12:09 PM,8/17/25 12:01 PM
223,,CREDIT,Daniela,Daniela,0.00,19.43,,8/17/25 12:11 PM,8/17/25 12:02 PM
225,,CREDIT,Daniela,Daniela,0.00,17.92,,8/17/25 12:12 PM,8/17/25 12:04 PM
230,,CREDIT,Daniela,Daniela,5.00,28.44,,8/17/25 12:13 PM,8/17/25 12:05 PM
235,,CREDIT,Daniela,Daniela,0.00,38.82,,8/17/25 12:17 PM,8/17/25 12:11 PM
208,17,CREDIT,Esperansa,Esperansa,5.00,16.31,,8/17/25 12:18 PM,8/17/25 11:47 AM
236,,CREDIT,Daniela,Daniela,0.00,4.31,,8/17/25 12:21 PM,8/17/25 12:11 PM
242,,CREDIT,Daniela,Daniela,0.00,21.33,,8/17/25 12:21 PM,8/17/25 12:20 PM
217,8,CREDIT,Esperansa,Esperansa,3.00,32.43,,8/17/25 12:25 PM,8/17/25 11:54 AM
251,,CREDIT,Daniela,Daniela,0.00,9.50,,8/17/25 12:25 PM,8/17/25 12:25 PM
210,24,CREDIT,Maria,Maria,0.00,48.03,,8/17/25 12:26 PM,8/17/25 11:53 AM
250,35,CREDIT,Silvia,Silvia,10.00,49.78,,8/17/25 12:26 PM,8/17/25 12:25 PM
214,35,CREDIT,Silvia,Silvia,5.00,45.94,,8/17/25 12:27 PM,8/17/25 11:51 AM
245,,CREDIT,Daniela,Daniela,0.00,22.23,,8/17/25 12:28 PM,8/17/25 12:23 PM
198,38,CREDIT,Maria,Maria,0.00,20.80,,8/17/25 12:28 PM,8/17/25 11:33 AM
147,16,CASH,Silvia,Silvia,0.00,8.41,,8/17/25 12:28 PM,8/17/25 10:50 AM
211,33,CREDIT,Sergio,Sergio,0.00,22.14,,8/17/25 12:28 PM,8/17/25 11:49 AM
229,25,CASH,Melissa,Melissa,0.00,24.86,,8/17/25 12:29 PM,8/17/25 12:04 PM
227,23,CREDIT,Maria,Maria,6.00,25.40,,8/17/25 12:31 PM,8/17/25 12:03 PM
249,,CASH,Daniela,Daniela,0.00,7.77,,8/17/25 12:32 PM,8/17/25 12:24 PM
234,39,CREDIT,Esperansa,Esperansa,5.00,28.65,,8/17/25 12:33 PM,8/17/25 12:10 PM
69,,CREDIT,Daniela,Daniela,0.00,6.21,,8/17/25 12:34 PM,8/17/25 9:34 AM
226,12,CREDIT,Esperansa,Esperansa,10.00,30.20,,8/17/25 12:36 PM,8/17/25 12:03 PM
257,,CASH,Maria,Maria,0.00,10.48,,8/17/25 12:36 PM,8/17/25 12:32 PM
212,32,CREDIT,Isabel,,0.00,58.14,,8/17/25 12:38 PM,8/17/25 11:49 AM
259,,CREDIT,Daniela,Daniela,0.00,25.36,,8/17/25 12:38 PM,8/17/25 12:35 PM
232,9,CREDIT,Sergio,Sergio,3.00,15.68,,8/17/25 12:39 PM,8/17/25 12:07 PM
239,11,CREDIT,Melissa,Melissa,0.00,28.06,,8/17/25 12:39 PM,8/17/25 12:15 PM
13001,37,CASH,Isabel,Isabel,0.00,26.70,,8/17/25 12:39 PM,8/17/25 12:02 PM
221,40,CREDIT,Juan ,Juan ,10.00,66.09,,8/17/25 12:40 PM,8/17/25 12:03 PM
238,10,CREDIT,Isabel,Isabel,10.00,32.54,,8/17/25 12:40 PM,8/17/25 12:15 PM
228,31,CREDIT,Silvia,Silvia,0.00,71.63,,8/17/25 12:41 PM,8/17/25 12:08 PM
265,,CASH,Ivana,Ivana,0.00,9.94,Front Left,8/17/25 12:43 PM,8/17/25 12:43 PM
260,,CREDIT,Daniela,Daniela,0.00,16.92,,8/17/25 12:44 PM,8/17/25 12:36 PM
261,,CREDIT,Daniela,Daniela,0.00,13.83,,8/17/25 12:44 PM,8/17/25 12:37 PM
240,36,CASH,Juan ,Juan ,0.00,35.99,,8/17/25 12:45 PM,8/17/25 12:16 PM
262,,CREDIT,Daniela,Daniela,0.00,6.48,,8/17/25 12:46 PM,8/17/25 12:40 PM
266,,CREDIT,Daniela,Daniela,0.00,26.82,,8/17/25 12:46 PM,8/17/25 12:44 PM
222,20,CREDIT,Silvia,Silvia,3.00,33.92,,8/17/25 12:47 PM,8/17/25 12:04 PM
241,19,CREDIT,Silvia,Silvia,20.00,52.30,,8/17/25 12:48 PM,8/17/25 12:17 PM
246,18,CREDIT,Sergio,Sergio,20.00,52.10,,8/17/25 12:49 PM,8/17/25 12:22 PM
270,,CREDIT,Daniela,Daniela,0.00,7.34,,8/17/25 12:50 PM,8/17/25 12:48 PM
243,3,CREDIT,Esperansa,Esperansa,3.00,32.20,,8/17/25 12:50 PM,8/17/25 12:19 PM
271,,CASH,Daniela,Daniela,0.00,2.70,,8/17/25 12:51 PM,8/17/25 12:51 PM
272,,CASH,Daniela,Daniela,0.00,4.31,,8/17/25 12:53 PM,8/17/25 12:53 PM
273,,CASH,Daniela,Daniela,0.00,2.15,,8/17/25 12:54 PM,8/17/25 12:54 PM
274,,CASH,Daniela,Daniela,0.00,10.38,,8/17/25 12:56 PM,8/17/25 12:54 PM
237,15,CREDIT,Maria,Maria,6.00,30.55,,8/17/25 12:58 PM,8/17/25 12:16 PM
253,4,CREDIT,Sergio,Sergio,0.00,35.83,,8/17/25 1:00 PM,8/17/25 12:27 PM
276,,CASH,Daniela,Daniela,0.00,12.52,,8/17/25 1:00 PM,8/17/25 12:58 PM
264,21,CREDIT,Silvia,Silvia,5.00,13.46,,8/17/25 1:00 PM,8/17/25 12:41 PM
248,19,CASH,Maria,Maria,0.00,18.10,,8/17/25 1:05 PM,8/17/25 12:25 PM
254,41,CREDIT,Melissa,Melissa,20.00,23.10,,8/17/25 1:05 PM,8/17/25 12:27 PM
244,22,CREDIT,Isabel,Isabel,9.51,47.55,,8/17/25 1:07 PM,8/17/25 12:21 PM
256,7,CREDIT,Melissa,Melissa,5.00,27.18,,8/17/25 1:07 PM,8/17/25 12:29 PM
283,11,CASH,Melissa,Melissa,0.00,3.24,,8/17/25 1:07 PM,8/17/25 1:07 PM
279,,CREDIT,Daniela,Daniela,0.00,24.25,,8/17/25 1:08 PM,8/17/25 1:06 PM
282,,CREDIT,Daniela,Daniela,0.00,25.99,,8/17/25 1:13 PM,8/17/25 1:07 PM
284,,CREDIT,Daniela,Daniela,0.00,30.67,,8/17/25 1:17 PM,8/17/25 1:10 PM
267,34,CREDIT,Juan ,Juan ,0.00,105.27,,8/17/25 1:17 PM,8/17/25 12:47 PM
269,25,CREDIT,Esperansa,Esperansa,10.00,39.15,,8/17/25 1:17 PM,8/17/25 12:47 PM
258,24,CASH,Silvia,Silvia,0.00,15.12,,8/17/25 1:18 PM,8/17/25 12:34 PM
292,24,CREDIT,Silvia,Silvia,2.00,10.79,,8/17/25 1:18 PM,8/17/25 1:16 PM
289,,CREDIT,Daniela,Daniela,0.00,6.47,,8/17/25 1:20 PM,8/17/25 1:14 PM
293,,CREDIT,Daniela,Daniela,0.00,21.01,,8/17/25 1:21 PM,8/17/25 1:19 PM
295,,CREDIT,Daniela,Daniela,0.00,10.81,,8/17/25 1:23 PM,8/17/25 1:21 PM
298,,CREDIT,Daniela,Daniela,0.00,21.36,,8/17/25 1:27 PM,8/17/25 1:27 PM
268,38,CASH,Isabel,Isabel,0.00,45.33,,8/17/25 1:28 PM,8/17/25 12:47 PM
275,23,CREDIT,Sergio,Sergio,4.00,25.35,,8/17/25 1:30 PM,8/17/25 12:57 PM
299,,CREDIT,Daniela,Daniela,0.00,14.88,,8/17/25 1:31 PM,8/17/25 1:28 PM
288,,CASH,Ivana,Ivana,0.00,5.72,Front Left,8/17/25 1:31 PM,8/17/25 1:14 PM
305,,CREDIT,Ivana,Ivana,0.00,35.58,,8/17/25 1:33 PM,8/17/25 1:33 PM
301,,CREDIT,Daniela,Daniela,0.00,12.96,,8/17/25 1:34 PM,8/17/25 1:29 PM
281,9,CREDIT,Silvia,Silvia,7.00,54.66,,8/17/25 1:36 PM,8/17/25 1:08 PM
306,,CASH,Daniela,Daniela,0.00,9.50,,8/17/25 1:37 PM,8/17/25 1:36 PM
307,,CREDIT,Ivana,Ivana,1.00,14.06,,8/17/25 1:37 PM,8/17/25 1:37 PM
308,,CREDIT,Daniela,Daniela,0.00,11.90,,8/17/25 1:38 PM,8/17/25 1:38 PM
311,,CREDIT,Ivana,Ivana,0.00,5.19,,8/17/25 1:39 PM,8/17/25 1:39 PM
297,,CREDIT,Ivana,Ivana,2.00,28.13,,8/17/25 1:39 PM,8/17/25 1:25 PM
277,12,CASH,Isabel,Isabel,0.00,16.48,,8/17/25 1:40 PM,8/17/25 1:02 PM
291,32,CREDIT,Juan ,Juan ,10.00,46.33,,8/17/25 1:43 PM,8/17/25 1:15 PM
310,,CASH,Daniela,Daniela,0.00,9.54,,8/17/25 1:43 PM,8/17/25 1:39 PM
312,,CREDIT,Daniela,Daniela,0.00,28.21,,8/17/25 1:44 PM,8/17/25 1:42 PM
278,8,CREDIT,Esperansa,Esperansa,0.00,19.46,,8/17/25 1:44 PM,8/17/25 1:05 PM
287,18,CREDIT,Sergio,Sergio,3.00,60.02,,8/17/25 1:45 PM,8/17/25 1:16 PM
318,,CREDIT,Daniela,Daniela,0.00,45.81,,8/17/25 1:50 PM,8/17/25 1:49 PM
286,33,CASH,Juan ,Juan ,0.00,39.68,,8/17/25 1:59 PM,8/17/25 1:13 PM
320,,CREDIT,Daniela,Daniela,0.00,25.58,,8/17/25 2:02 PM,8/17/25 1:53 PM
331,,CASH,Ivana,Ivana,0.00,11.10,Front Left,8/17/25 2:03 PM,8/17/25 2:02 PM
336,10,CREDIT,Melissa,Melissa,5.00,10.81,,8/17/25 2:03 PM,8/17/25 2:03 PM
323,,CREDIT,Daniela,Daniela,0.00,17.00,,8/17/25 2:03 PM,8/17/25 1:53 PM
335,10,CREDIT,Melissa,Melissa,0.00,21.63,,8/17/25 2:04 PM,8/17/25 2:03 PM
302,20,CREDIT,Isabel,Isabel,5.00,78.68,,8/17/25 2:04 PM,8/17/25 1:29 PM
294,10,CREDIT,Melissa,Melissa,0.54,6.46,,8/17/25 2:05 PM,8/17/25 1:18 PM
300,31,CREDIT,Juan ,Juan ,5.00,40.72,,8/17/25 2:05 PM,8/17/25 1:29 PM
324,,CASH,Daniela,Daniela,0.00,8.53,,8/17/25 2:05 PM,8/17/25 1:54 PM
337,10,CASH,Melissa,Melissa,0.00,0.54,,8/17/25 2:06 PM,8/17/25 2:03 PM
332,,CASH,Daniela,Daniela,0.00,5.72,,8/17/25 2:06 PM,8/17/25 2:03 PM
340,,CASH,Daniela,Daniela,0.00,3.73,,8/17/25 2:07 PM,8/17/25 2:07 PM
341,,CREDIT,Daniela,Daniela,0.00,5.72,,8/17/25 2:08 PM,8/17/25 2:08 PM
316,37,CREDIT,Esperansa,Ivana,3.27,21.73,,8/17/25 2:11 PM,8/17/25 1:46 PM
309,25,CREDIT,Melissa,Melissa,0.00,36.59,,8/17/25 2:12 PM,8/17/25 1:38 PM
296,7,CREDIT,Esperansa,,7.90,42.77,,8/17/25 2:14 PM,8/17/25 1:21 PM
304,22,CREDIT,Silvia,Silvia,6.00,27.04,,8/17/25 2:14 PM,8/17/25 1:31 PM
344,,CREDIT,Ivana,Daniela,0.00,14.06,,8/17/25 2:14 PM,8/17/25 2:09 PM
317,38,CASH,Silvia,Silvia,0.00,15.90,,8/17/25 2:16 PM,8/17/25 1:48 PM
347,,CREDIT,Daniela,Daniela,0.00,8.64,,8/17/25 2:17 PM,8/17/25 2:16 PM
,,CLOSE_OUT_EXACT,Ivana,,0.00,0.00,Front Left,8/17/25 2:19 PM,8/17/25 2:19 PM
313,15,CREDIT,Maria,Maria,0.00,32.98,,8/17/25 2:20 PM,8/17/25 1:44 PM
280,19,CREDIT,Maria,Maria,13.00,48.23,,8/17/25 2:21 PM,8/17/25 1:05 PM
322,32,CREDIT,Isabel,Isabel,0.00,51.25,,8/17/25 2:24 PM,8/17/25 1:52 PM
319,23,CREDIT,Melissa,Melissa,5.00,57.93,,8/17/25 2:26 PM,8/17/25 1:50 PM
328,18,CREDIT,Esperansa,Esperansa,6.00,25.77,,8/17/25 2:28 PM,8/17/25 1:56 PM
314,4,CASH,Isabel,Isabel,0.00,39.94,,8/17/25 2:29 PM,8/17/25 1:46 PM
352,,CREDIT,Daniela,Daniela,0.00,11.43,,8/17/25 2:33 PM,8/17/25 2:33 PM
343,33,CREDIT,Esperansa,Esperansa,6.00,47.64,,8/17/25 2:34 PM,8/17/25 2:09 PM
315,24,CASH,Silvia,Silvia,0.00,25.78,,8/17/25 2:35 PM,8/17/25 1:48 PM
321,36,CREDIT,Esperansa,Esperansa,10.00,38.59,,8/17/25 2:36 PM,8/17/25 1:53 PM
348,25,CASH,Silvia,Silvia,0.00,14.10,,8/17/25 2:38 PM,8/17/25 2:19 PM
327,35,CASH,Juan ,Juan ,0.00,61.94,,8/17/25 2:39 PM,8/17/25 1:56 PM
345,17,CREDIT,Maria,Maria,0.00,24.82,,8/17/25 2:41 PM,8/17/25 2:13 PM
353,,CREDIT,Daniela,Daniela,0.00,34.35,,8/17/25 2:42 PM,8/17/25 2:34 PM
354,,CREDIT,Daniela,Daniela,0.00,15.01,,8/17/25 2:43 PM,8/17/25 2:37 PM
329,9,CREDIT,Juan ,Juan ,6.00,46.04,,8/17/25 2:45 PM,8/17/25 1:57 PM
334,34,CREDIT,Juan ,,0.00,33.54,,8/17/25 2:49 PM,8/17/25 2:02 PM
357,40,CREDIT,Sergio,Sergio,0.00,43.77,,8/17/25 2:49 PM,8/17/25 2:44 PM
333,34,CREDIT,Juan ,Juan ,0.00,52.72,,8/17/25 2:50 PM,8/17/25 2:02 PM
330,34,CREDIT,Juan ,Juan ,0.00,47.39,,8/17/25 2:50 PM,8/17/25 2:01 PM
360,,CREDIT,Daniela,Daniela,0.00,15.95,,8/17/25 2:52 PM,8/17/25 2:52 PM
,,TIP_OUT,Ivana,Ivana,-13.00,0.00,House,8/17/25 2:52 PM,8/17/25 2:52 PM
363,,CASH,Sergio,Sergio,0.00,3.24,,8/17/25 2:55 PM,8/17/25 2:55 PM
362,,CREDIT,Daniela,Daniela,0.00,12.32,,8/17/25 2:56 PM,8/17/25 2:56 PM
326,40,CREDIT,Sergio,Sergio,0.00,101.48,,8/17/25 2:59 PM,8/17/25 1:57 PM
349,38,CREDIT,Melissa,Melissa,0.00,41.67,,8/17/25 3:00 PM,8/17/25 2:24 PM
350,32,CASH,Juan ,Juan ,0.00,40.49,,8/17/25 3:01 PM,8/17/25 2:31 PM
351,20,CREDIT,Esperansa,Esperansa,3.00,50.76,,8/17/25 3:03 PM,8/17/25 2:31 PM
355,26,CASH,Juan ,Juan ,0.00,12.17,,8/17/25 3:04 PM,8/17/25 2:41 PM
346,2,CREDIT,Silvia,Silvia,5.00,30.54,,8/17/25 3:06 PM,8/17/25 2:12 PM
303,2,CREDIT,Silvia,Silvia,3.00,25.61,,8/17/25 3:07 PM,8/17/25 1:30 PM
,,CASH_COLLECTED,Daniela,Daniela,0.00,462.43*,House,8/17/25 3:08 PM,8/17/25 3:08 PM
,,TIP_OUT,Daniela,Daniela,-33.00,0.00,House,8/17/25 3:08 PM,8/17/25 3:08 PM
37,,CASH,Sergio,Sergio,0.00,3.78,,8/17/25 3:20 PM,8/17/25 8:55 AM
,,CASH_COLLECTED,Sergio,Sergio,0.00,74.34*,House,8/17/25 3:20 PM,8/17/25 3:20 PM
,,TIP_OUT,Sergio,Sergio,-108.75,0.00,House,8/17/25 3:20 PM,8/17/25 3:20 PM
,,CASH_COLLECTED,Maria,Maria,0.00,89.84*,House,8/17/25 3:25 PM,8/17/25 3:25 PM
,,TIP_OUT,Maria,Maria,-107.15,0.00,House,8/17/25 3:25 PM,8/17/25 3:25 PM
358,38,CASH,Melissa,Melissa,0.00,5.40,,8/17/25 3:26 PM,8/17/25 2:50 PM
,,CASH_COLLECTED,Melissa,Melissa,0.00,81.65*,House,8/17/25 3:27 PM,8/17/25 3:27 PM
,,TIP_OUT,Melissa,Melissa,-67.33,0.00,House,8/17/25 3:27 PM,8/17/25 3:27 PM
,,CLOSE_OUT_EXACT,Mayra,,0.00,0.00,Front Left (2),8/17/25 3:32 PM,8/17/25 3:32 PM
,,TIP_OUT,Mayra,Mayra,-14.33,0.00,House,8/17/25 3:33 PM,8/17/25 3:33 PM
,,CASH_COLLECTED,Silvia,Silvia,0.00,177.47*,House,8/17/25 3:34 PM,8/17/25 3:34 PM
,,TIP_OUT,Silvia,Silvia,-95.00,0.00,House,8/17/25 3:34 PM,8/17/25 3:34 PM
,,CASH_COLLECTED,Isabel,Isabel,0.00,149.76*,House,8/17/25 3:37 PM,8/17/25 3:37 PM
,,TIP_OUT,Isabel,Isabel,-77.42,0.00,House,8/17/25 3:37 PM,8/17/25 3:37 PM
,,CASH_COLLECTED,Esperansa,Esperansa,0.00,42.24*,House,8/17/25 3:58 PM,8/17/25 3:58 PM
,,TIP_OUT,Esperansa,Esperansa,-139.89,0.00,House,8/17/25 3:58 PM,8/17/25 3:58 PM
,,CASH_COLLECTED,Juan ,Juan ,0.00,248.05*,House,8/17/25 4:07 PM,8/17/25 4:07 PM
,,TIP_OUT,Juan ,Juan ,-79.32,0.00,House,8/17/25 4:07 PM,8/17/25 4:07 PM
,,PAY_OUT,Mayra,,0.00,-50.00,House,8/17/25 4:19 PM,8/17/25 4:19 PM
,,TOTAL,,,-183.67,8504.09,,,
