Location,Server,Check #,Table,Station,Expediter Level,Fired Date,Fulfilled Date,Fulfillment Time,Fulfilled By
12060 Potranco Road,Melissa  Urena,3,,Drive Thru,,10/13/25 6:38 AM,10/13/25 6:42 AM,3 minutes and 34 seconds,KDS - Login Don't Delete
12060 Potranco Road,Melissa  Urena,4,,Food,,10/13/25 6:40 AM,10/13/25 6:42 AM,2 minutes and 1 second,KDS - Login Don't Delete
12060 Potranco Road,Melissa  Urena,4,,Drive Thru,,10/13/25 6:40 AM,10/13/25 6:42 AM,2 minutes and 1 second,KDS - Login Don't Delete
12060 Potranco Road,Melissa  Urena,3,,Food,,10/13/25 6:38 AM,10/13/25 6:42 AM,3 minutes and 34 seconds,KDS - Login Don't Delete
12060 Potranco Road,Melissa  Urena,5,,Food,,10/13/25 6:44 AM,10/13/25 6:47 AM,3 minutes and 24 seconds,KDS - Login Don't Delete
12060 Potranco Road,Melissa  Urena,5,,Drive Thru,,10/13/25 6:44 AM,10/13/25 6:47 AM,3 minutes and 24 seconds,KDS - Login Don't Delete
12060 Potranco Road,Sugey Cabrera,7,25,No Print,,10/13/25 6:48 AM,10/13/25 6:59 AM,11 minutes and 21 seconds,KDS - Login Don't Delete
12060 Potranco Road,Sugey Cabrera,7,25,Food,,10/13/25 6:48 AM,10/13/25 6:59 AM,11 minutes and 21 seconds,KDS - Login Don't Delete
12060 Potranco Road,Sugey Cabrera,7,25,No Print,,10/13/25 6:55 AM,10/13/25 7:01 AM,5 minutes and 34 seconds,KDS - Login Don't Delete
12060 Potranco Road,Sugey Cabrera,7,25,Food,,10/13/25 6:55 AM,10/13/25 7:01 AM,5 minutes and 34 seconds,KDS - Login Don't Delete
12060 Potranco Road,Sugey Cabrera,2,,Food,,10/13/25 6:31 AM,10/13/25 7:01 AM,29 minutes and 27 seconds,KDS - Login Don't Delete
12060 Potranco Road,Sugey Cabrera,2,,Drive Thru,,10/13/25 6:31 AM,10/13/25 7:01 AM,29 minutes and 27 seconds,KDS - Login Don't Delete
12060 Potranco Road,Sugey Cabrera,7,25,,1,10/13/25 6:59 AM,10/13/25 7:08 AM,8 minutes and 33 seconds,KDS - Login Don't Delete
12060 Potranco Road,Sugey Cabrera,2,,,1,10/13/25 7:01 AM,10/13/25 7:08 AM,6 minutes and 50 seconds,KDS - Login Don't Delete
12060 Potranco Road,Sugey Cabrera,7,25,,1,10/13/25 7:01 AM,10/13/25 7:08 AM,6 minutes and 54 seconds,KDS - Login Don't Delete
12060 Potranco Road,Melissa  Urena,8,,Drive Thru,,10/13/25 7:03 AM,10/13/25 7:22 AM,19 minutes and 29 seconds,KDS - Login Don't Delete
12060 Potranco Road,Melissa  Urena,8,,Food,,10/13/25 7:03 AM,10/13/25 7:22 AM,19 minutes and 29 seconds,KDS - Login Don't Delete
12060 Potranco Road,Sugey Cabrera,9,34,No Print,,10/13/25 7:09 AM,10/13/25 7:22 AM,13 minutes and 44 seconds,KDS - Login Don't Delete
12060 Potranco Road,Sugey Cabrera,9,34,Food,,10/13/25 7:09 AM,10/13/25 7:22 AM,13 minutes and 44 seconds,KDS - Login Don't Delete
12060 Potranco Road,Sugey Cabrera,7,25,No Print,,10/13/25 7:08 AM,10/13/25 7:22 AM,14 minutes and 45 seconds,KDS - Login Don't Delete
12060 Potranco Road,Sugey Cabrera,7,25,Food,,10/13/25 7:08 AM,10/13/25 7:22 AM,14 minutes and 45 seconds,KDS - Login Don't Delete
12060 Potranco Road,Melissa  Urena,10,,Drive Thru,,10/13/25 7:35 AM,10/13/25 7:40 AM,5 minutes and 20 seconds,KDS - Login Don't Delete
12060 Potranco Road,Melissa  Urena,10,,Food,,10/13/25 7:35 AM,10/13/25 7:40 AM,5 minutes and 20 seconds,KDS - Login Don't Delete
12060 Potranco Road,Leticia Roman,16,7,No Print,,10/13/25 7:36 AM,10/13/25 7:40 AM,4 minutes and 11 seconds,KDS - Login Don't Delete
12060 Potranco Road,Leticia Roman,16,7,Food,,10/13/25 7:36 AM,10/13/25 7:40 AM,4 minutes and 11 seconds,KDS - Login Don't Delete
12060 Potranco Road,Melissa  Urena,15,,Drive Thru,,10/13/25 7:35 AM,10/13/25 7:40 AM,4 minutes and 47 seconds,KDS - Login Don't Delete
12060 Potranco Road,Melissa  Urena,15,,Food,,10/13/25 7:35 AM,10/13/25 7:40 AM,4 minutes and 47 seconds,KDS - Login Don't Delete
12060 Potranco Road,Melissa  Urena,18,,Drive Thru,,10/13/25 7:41 AM,10/13/25 7:45 AM,4 minutes and 32 seconds,KDS - Login Don't Delete
12060 Potranco Road,Melissa  Urena,18,,Food,,10/13/25 7:41 AM,10/13/25 7:45 AM,4 minutes and 32 seconds,KDS - Login Don't Delete
12060 Potranco Road,Melissa  Urena,18,,Drive Thru,,10/13/25 7:42 AM,10/13/25 7:45 AM,3 minutes and 17 seconds,KDS - Login Don't Delete
12060 Potranco Road,Melissa  Urena,18,,Food,,10/13/25 7:42 AM,10/13/25 7:45 AM,3 minutes and 17 seconds,KDS - Login Don't Delete
12060 Potranco Road,Sugey Cabrera,17,,Food,,10/13/25 7:40 AM,10/13/25 7:50 AM,10 minutes and 1 second,KDS - Login Don't Delete
12060 Potranco Road,Sugey Cabrera,17,,Drive Thru,,10/13/25 7:40 AM,10/13/25 7:50 AM,10 minutes and 1 second,KDS - Login Don't Delete
12060 Potranco Road,Sugey Cabrera,21,16,No Print,,10/13/25 7:47 AM,10/13/25 7:55 AM,8 minutes and 4 seconds,KDS - Login Don't Delete
12060 Potranco Road,Sugey Cabrera,22,1,No Print,,10/13/25 7:51 AM,10/13/25 7:55 AM,3 minutes and 26 seconds,KDS - Login Don't Delete
12060 Potranco Road,Sugey Cabrera,22,1,Food,,10/13/25 7:51 AM,10/13/25 7:55 AM,3 minutes and 26 seconds,KDS - Login Don't Delete
12060 Potranco Road,Sugey Cabrera,21,16,Food,,10/13/25 7:47 AM,10/13/25 7:55 AM,8 minutes and 4 seconds,KDS - Login Don't Delete
12060 Potranco Road,Melissa  Urena,23,,Drive Thru,,10/13/25 7:51 AM,10/13/25 7:57 AM,5 minutes and 55 seconds,KDS - Login Don't Delete
12060 Potranco Road,Melissa  Urena,23,,Food,,10/13/25 7:51 AM,10/13/25 7:57 AM,5 minutes and 55 seconds,KDS - Login Don't Delete
12060 Potranco Road,Melissa  Urena,24,,Food,,10/13/25 7:59 AM,10/13/25 8:06 AM,6 minutes and 40 seconds,KDS - Login Don't Delete
12060 Potranco Road,Melissa  Urena,24,,Drive Thru,,10/13/25 7:59 AM,10/13/25 8:06 AM,6 minutes and 40 seconds,KDS - Login Don't Delete
12060 Potranco Road,Sugey Cabrera,21,16,No Print,,10/13/25 8:11 AM,10/13/25 8:15 AM,4 minutes and 4 seconds,KDS - Login Don't Delete
12060 Potranco Road,Sugey Cabrera,21,16,Food,,10/13/25 8:11 AM,10/13/25 8:15 AM,4 minutes and 4 seconds,KDS - Login Don't Delete
12060 Potranco Road,Melissa  Urena,27,,Drive Thru,,10/13/25 8:11 AM,10/13/25 8:17 AM,5 minutes and 50 seconds,KDS - Login Don't Delete
12060 Potranco Road,Melissa  Urena,27,,Food,,10/13/25 8:11 AM,10/13/25 8:17 AM,5 minutes and 50 seconds,KDS - Login Don't Delete
12060 Potranco Road,Melissa  Urena,26,,Food,,10/13/25 8:06 AM,10/13/25 8:17 AM,11 minutes and 24 seconds,KDS - Login Don't Delete
12060 Potranco Road,Melissa  Urena,26,,Drive Thru,,10/13/25 8:06 AM,10/13/25 8:17 AM,11 minutes and 24 seconds,KDS - Login Don't Delete
12060 Potranco Road,Melissa  Urena,25,,Drive Thru,,10/13/25 8:06 AM,10/13/25 8:17 AM,11 minutes and 44 seconds,KDS - Login Don't Delete
12060 Potranco Road,Melissa  Urena,25,,Food,,10/13/25 8:06 AM,10/13/25 8:17 AM,11 minutes and 44 seconds,KDS - Login Don't Delete
12060 Potranco Road,Melissa  Urena,28,,Drive Thru,,10/13/25 8:13 AM,10/13/25 8:17 AM,4 minutes and 44 seconds,KDS - Login Don't Delete
12060 Potranco Road,Melissa  Urena,28,,Food,,10/13/25 8:13 AM,10/13/25 8:17 AM,4 minutes and 44 seconds,KDS - Login Don't Delete
12060 Potranco Road,Melissa  Urena,30,,Drive Thru,,10/13/25 8:19 AM,10/13/25 8:21 AM,2 minutes and 57 seconds,KDS - Login Don't Delete
12060 Potranco Road,Melissa  Urena,30,,Food,,10/13/25 8:19 AM,10/13/25 8:21 AM,2 minutes and 57 seconds,KDS - Login Don't Delete
12060 Potranco Road,Melissa  Urena,29,,Drive Thru,,10/13/25 8:16 AM,10/13/25 8:21 AM,5 minutes and 33 seconds,KDS - Login Don't Delete
12060 Potranco Road,Melissa  Urena,29,,Food,,10/13/25 8:16 AM,10/13/25 8:21 AM,5 minutes and 33 seconds,KDS - Login Don't Delete
12060 Potranco Road,Sugey Cabrera,7,25,,1,10/13/25 7:22 AM,10/13/25 8:24 AM,"1 hour, 1 minute and 34 seconds",KDS - Login Don't Delete
12060 Potranco Road,Sugey Cabrera,17,,,1,10/13/25 7:50 AM,10/13/25 8:24 AM,33 minutes and 53 seconds,KDS - Login Don't Delete
12060 Potranco Road,Sugey Cabrera,9,34,,1,10/13/25 7:22 AM,10/13/25 8:24 AM,"1 hour, 1 minute and 35 seconds",KDS - Login Don't Delete
12060 Potranco Road,Sugey Cabrera,21,16,,1,10/13/25 8:15 AM,10/13/25 8:24 AM,9 minutes and 1 second,KDS - Login Don't Delete
12060 Potranco Road,Sugey Cabrera,21,16,,1,10/13/25 7:55 AM,10/13/25 8:24 AM,29 minutes and 2 seconds,KDS - Login Don't Delete
12060 Potranco Road,Leticia Roman,16,7,,1,10/13/25 7:40 AM,10/13/25 8:24 AM,44 minutes and 2 seconds,KDS - Login Don't Delete
12060 Potranco Road,Sugey Cabrera,22,1,,1,10/13/25 7:55 AM,10/13/25 8:24 AM,29 minutes and 3 seconds,KDS - Login Don't Delete
12060 Potranco Road,Melissa  Urena,31,,Food,,10/13/25 8:24 AM,10/13/25 8:26 AM,2 minutes and 40 seconds,KDS - Login Don't Delete
12060 Potranco Road,Melissa  Urena,31,,Drive Thru,,10/13/25 8:24 AM,10/13/25 8:26 AM,2 minutes and 40 seconds,KDS - Login Don't Delete
12060 Potranco Road,Melissa  Urena,33,,Drive Thru,,10/13/25 8:28 AM,10/13/25 8:31 AM,3 minutes,KDS - Login Don't Delete
12060 Potranco Road,Melissa  Urena,33,,Food,,10/13/25 8:28 AM,10/13/25 8:31 AM,3 minutes,KDS - Login Don't Delete
12060 Potranco Road,Melissa  Urena,34,,Drive Thru,,10/13/25 8:32 AM,10/13/25 8:35 AM,3 minutes and 23 seconds,KDS - Login Don't Delete
12060 Potranco Road,Melissa  Urena,34,,Food,,10/13/25 8:32 AM,10/13/25 8:35 AM,3 minutes and 23 seconds,KDS - Login Don't Delete
12060 Potranco Road,Sugey Cabrera,32,,Food,,10/13/25 8:25 AM,10/13/25 8:36 AM,11 minutes and 46 seconds,KDS - Login Don't Delete
12060 Potranco Road,Sugey Cabrera,32,,Drive Thru,,10/13/25 8:25 AM,10/13/25 8:36 AM,11 minutes and 46 seconds,KDS - Login Don't Delete
12060 Potranco Road,Leticia Roman,19,18,No Print,,10/13/25 8:21 AM,10/13/25 8:36 AM,15 minutes and 26 seconds,KDS - Login Don't Delete
12060 Potranco Road,Leticia Roman,19,18,Food,,10/13/25 8:21 AM,10/13/25 8:36 AM,15 minutes and 26 seconds,KDS - Login Don't Delete
12060 Potranco Road,Melissa  Urena,37,,Food,,10/13/25 8:34 AM,10/13/25 8:37 AM,2 minutes and 48 seconds,KDS - Login Don't Delete
12060 Potranco Road,Melissa  Urena,37,,Drive Thru,,10/13/25 8:34 AM,10/13/25 8:37 AM,2 minutes and 48 seconds,KDS - Login Don't Delete
12060 Potranco Road,Leticia Roman,35,8,No Print,,10/13/25 8:36 AM,10/13/25 8:40 AM,3 minutes and 50 seconds,KDS - Login Don't Delete
12060 Potranco Road,Leticia Roman,35,8,Food,,10/13/25 8:36 AM,10/13/25 8:40 AM,3 minutes and 50 seconds,KDS - Login Don't Delete
12060 Potranco Road,Sugey Cabrera,39,23,No Print,,10/13/25 8:38 AM,10/13/25 8:43 AM,4 minutes and 36 seconds,KDS - Login Don't Delete
12060 Potranco Road,Sugey Cabrera,39,23,Food,,10/13/25 8:38 AM,10/13/25 8:43 AM,4 minutes and 36 seconds,KDS - Login Don't Delete
12060 Potranco Road,Sugey Cabrera,39,23,Drive Thru,,10/13/25 8:38 AM,10/13/25 8:43 AM,4 minutes and 36 seconds,KDS - Login Don't Delete
12060 Potranco Road,Melissa  Urena,38,,Drive Thru,,10/13/25 8:36 AM,10/13/25 8:46 AM,10 minutes and 19 seconds,KDS - Login Don't Delete
12060 Potranco Road,Melissa  Urena,38,,Food,,10/13/25 8:36 AM,10/13/25 8:46 AM,10 minutes and 19 seconds,KDS - Login Don't Delete
12060 Potranco Road,Melissa  Urena,41,,Drive Thru,,10/13/25 8:42 AM,10/13/25 8:46 AM,4 minutes and 2 seconds,KDS - Login Don't Delete
12060 Potranco Road,Melissa  Urena,41,,Food,,10/13/25 8:42 AM,10/13/25 8:46 AM,4 minutes and 2 seconds,KDS - Login Don't Delete
12060 Potranco Road,Melissa  Urena,43,,Drive Thru,,10/13/25 8:43 AM,10/13/25 8:46 AM,3 minutes and 16 seconds,KDS - Login Don't Delete
12060 Potranco Road,Melissa  Urena,43,,Food,,10/13/25 8:43 AM,10/13/25 8:46 AM,3 minutes and 16 seconds,KDS - Login Don't Delete
12060 Potranco Road,Leticia Roman,19,18,,1,10/13/25 8:36 AM,10/13/25 8:47 AM,10 minutes and 38 seconds,KDS - Login Don't Delete
12060 Potranco Road,Leticia Roman,35,8,,1,10/13/25 8:40 AM,10/13/25 8:47 AM,7 minutes and 25 seconds,KDS - Login Don't Delete
12060 Potranco Road,Sugey Cabrera,32,,,1,10/13/25 8:36 AM,10/13/25 8:47 AM,10 minutes and 38 seconds,KDS - Login Don't Delete
12060 Potranco Road,Sugey Cabrera,39,23,,1,10/13/25 8:43 AM,10/13/25 8:47 AM,4 minutes and 19 seconds,KDS - Login Don't Delete
12060 Potranco Road,Lizbeth Garcia,42,16,No Print,,10/13/25 8:43 AM,10/13/25 8:48 AM,4 minutes and 52 seconds,KDS - Login Don't Delete
12060 Potranco Road,Lizbeth Garcia,42,16,Food,,10/13/25 8:43 AM,10/13/25 8:48 AM,4 minutes and 52 seconds,KDS - Login Don't Delete
12060 Potranco Road,Leticia Roman,47,21,No Print,,10/13/25 8:46 AM,10/13/25 8:50 AM,3 minutes and 22 seconds,KDS - Login Don't Delete
12060 Potranco Road,Leticia Roman,47,21,Food,,10/13/25 8:46 AM,10/13/25 8:50 AM,3 minutes and 22 seconds,KDS - Login Don't Delete
12060 Potranco Road,Sugey Cabrera,40,,Food,,10/13/25 8:42 AM,10/13/25 8:50 AM,8 minutes and 38 seconds,KDS - Login Don't Delete
12060 Potranco Road,Sugey Cabrera,40,,Drive Thru,,10/13/25 8:42 AM,10/13/25 8:50 AM,8 minutes and 38 seconds,KDS - Login Don't Delete
12060 Potranco Road,Melissa  Urena,49,,Drive Thru,,10/13/25 8:48 AM,10/13/25 8:50 AM,2 minutes and 10 seconds,KDS - Login Don't Delete
12060 Potranco Road,Melissa  Urena,49,,Food,,10/13/25 8:48 AM,10/13/25 8:50 AM,2 minutes and 10 seconds,KDS - Login Don't Delete
12060 Potranco Road,Sugey Cabrera,45,,Food,,10/13/25 8:45 AM,10/13/25 8:53 AM,8 minutes and 27 seconds,KDS - Login Don't Delete
12060 Potranco Road,Sugey Cabrera,45,,Drive Thru,,10/13/25 8:45 AM,10/13/25 8:53 AM,8 minutes and 27 seconds,KDS - Login Don't Delete
12060 Potranco Road,Melissa  Urena,52,,Drive Thru,,10/13/25 8:51 AM,10/13/25 8:53 AM,1 minute and 55 seconds,KDS - Login Don't Delete
12060 Potranco Road,Melissa  Urena,52,,Food,,10/13/25 8:51 AM,10/13/25 8:53 AM,1 minute and 55 seconds,KDS - Login Don't Delete
12060 Potranco Road,Sugey Cabrera,48,5,No Print,,10/13/25 8:49 AM,10/13/25 8:58 AM,9 minutes and 19 seconds,KDS - Login Don't Delete
12060 Potranco Road,Sugey Cabrera,48,5,Food,,10/13/25 8:49 AM,10/13/25 8:58 AM,9 minutes and 19 seconds,KDS - Login Don't Delete
12060 Potranco Road,Melissa  Urena,53,,Drive Thru,,10/13/25 8:59 AM,10/13/25 9:03 AM,3 minutes and 30 seconds,KDS - Login Don't Delete
12060 Potranco Road,Melissa  Urena,53,,Food,,10/13/25 8:59 AM,10/13/25 9:03 AM,3 minutes and 30 seconds,KDS - Login Don't Delete
12060 Potranco Road,Melissa  Urena,54,,Drive Thru,,10/13/25 9:02 AM,10/13/25 9:04 AM,2 minutes and 22 seconds,KDS - Login Don't Delete
12060 Potranco Road,Melissa  Urena,54,,Food,,10/13/25 9:02 AM,10/13/25 9:04 AM,2 minutes and 22 seconds,KDS - Login Don't Delete
12060 Potranco Road,Leticia Roman,47,21,No Print,,10/13/25 9:05 AM,10/13/25 9:05 AM,54 seconds,KDS - Login Don't Delete
12060 Potranco Road,Leticia Roman,47,21,Food,,10/13/25 9:05 AM,10/13/25 9:05 AM,54 seconds,KDS - Login Don't Delete
12060 Potranco Road,Melissa  Urena,55,,Drive Thru,,10/13/25 9:02 AM,10/13/25 9:06 AM,4 minutes and 11 seconds,KDS - Login Don't Delete
12060 Potranco Road,Melissa  Urena,55,,Food,,10/13/25 9:02 AM,10/13/25 9:06 AM,4 minutes and 11 seconds,KDS - Login Don't Delete
12060 Potranco Road,Melissa  Urena,56,,Drive Thru,,10/13/25 9:06 AM,10/13/25 9:08 AM,2 minutes and 17 seconds,KDS - Login Don't Delete
12060 Potranco Road,Melissa  Urena,56,,Food,,10/13/25 9:06 AM,10/13/25 9:08 AM,2 minutes and 17 seconds,KDS - Login Don't Delete
12060 Potranco Road,Sugey Cabrera,58,3,No Print,,10/13/25 9:09 AM,10/13/25 9:13 AM,3 minutes and 28 seconds,KDS - Login Don't Delete
12060 Potranco Road,Sugey Cabrera,58,3,Food,,10/13/25 9:09 AM,10/13/25 9:13 AM,3 minutes and 28 seconds,KDS - Login Don't Delete
12060 Potranco Road,Melissa  Urena,60,,Drive Thru,,10/13/25 9:10 AM,10/13/25 9:13 AM,3 minutes and 10 seconds,KDS - Login Don't Delete
12060 Potranco Road,Melissa  Urena,60,,Food,,10/13/25 9:10 AM,10/13/25 9:13 AM,3 minutes and 10 seconds,KDS - Login Don't Delete
12060 Potranco Road,Lizbeth Garcia,42,16,,1,10/13/25 8:48 AM,10/13/25 9:15 AM,26 minutes and 45 seconds,KDS - Login Don't Delete
12060 Potranco Road,Leticia Roman,47,21,,1,10/13/25 8:50 AM,10/13/25 9:15 AM,24 minutes and 59 seconds,KDS - Login Don't Delete
12060 Potranco Road,Leticia Roman,47,21,,1,10/13/25 9:05 AM,10/13/25 9:15 AM,9 minutes and 7 seconds,KDS - Login Don't Delete
12060 Potranco Road,Sugey Cabrera,40,,,1,10/13/25 8:50 AM,10/13/25 9:15 AM,24 minutes and 11 seconds,KDS - Login Don't Delete
12060 Potranco Road,Sugey Cabrera,48,5,,1,10/13/25 8:58 AM,10/13/25 9:15 AM,16 minutes and 25 seconds,KDS - Login Don't Delete
12060 Potranco Road,Sugey Cabrera,45,,,1,10/13/25 8:53 AM,10/13/25 9:15 AM,21 minutes and 22 seconds,KDS - Login Don't Delete
12060 Potranco Road,Melissa  Urena,63,,Food,,10/13/25 9:12 AM,10/13/25 9:16 AM,4 minutes and 11 seconds,KDS - Login Don't Delete
12060 Potranco Road,Melissa  Urena,63,,Drive Thru,,10/13/25 9:12 AM,10/13/25 9:16 AM,4 minutes and 11 seconds,KDS - Login Don't Delete
12060 Potranco Road,Lizbeth Garcia,62,14,No Print,,10/13/25 9:11 AM,10/13/25 9:17 AM,5 minutes and 41 seconds,KDS - Login Don't Delete
12060 Potranco Road,Lizbeth Garcia,62,14,Food,,10/13/25 9:11 AM,10/13/25 9:17 AM,5 minutes and 41 seconds,KDS - Login Don't Delete
12060 Potranco Road,Melissa  Urena,63,,Food,,10/13/25 9:15 AM,10/13/25 9:20 AM,5 minutes and 12 seconds,KDS - Login Don't Delete
12060 Potranco Road,Melissa  Urena,63,,Drive Thru,,10/13/25 9:15 AM,10/13/25 9:20 AM,5 minutes and 12 seconds,KDS - Login Don't Delete
12060 Potranco Road,Melissa  Urena,65,,Food,,10/13/25 9:16 AM,10/13/25 9:20 AM,4 minutes and 47 seconds,KDS - Login Don't Delete
12060 Potranco Road,Melissa  Urena,65,,Drive Thru,,10/13/25 9:16 AM,10/13/25 9:20 AM,4 minutes and 47 seconds,KDS - Login Don't Delete
12060 Potranco Road,Melissa  Urena,66,,Food,,10/13/25 9:19 AM,10/13/25 9:22 AM,2 minutes and 23 seconds,KDS - Login Don't Delete
12060 Potranco Road,Leticia Roman,67,17,No Print,,10/13/25 9:21 AM,10/13/25 9:23 AM,1 minute and 20 seconds,KDS - Login Don't Delete
12060 Potranco Road,Leticia Roman,67,17,Food,,10/13/25 9:21 AM,10/13/25 9:23 AM,1 minute and 20 seconds,KDS - Login Don't Delete
12060 Potranco Road,Leticia Roman,64,,No Print,,10/13/25 9:16 AM,10/13/25 9:23 AM,6 minutes and 21 seconds,KDS - Login Don't Delete
12060 Potranco Road,Leticia Roman,64,,Food,,10/13/25 9:16 AM,10/13/25 9:23 AM,6 minutes and 21 seconds,KDS - Login Don't Delete
12060 Potranco Road,Leticia Roman,64,,Drive Thru,,10/13/25 9:16 AM,10/13/25 9:23 AM,6 minutes and 21 seconds,KDS - Login Don't Delete
12060 Potranco Road,Leticia Roman,67,17,Drive Thru,,10/13/25 9:25 AM,10/13/25 9:27 AM,1 minute and 18 seconds,KDS - Login Don't Delete
12060 Potranco Road,Leticia Roman,67,17,Food,,10/13/25 9:25 AM,10/13/25 9:27 AM,1 minute and 18 seconds,KDS - Login Don't Delete
12060 Potranco Road,Lizbeth Garcia,68,23,No Print,,10/13/25 9:25 AM,10/13/25 9:28 AM,2 minutes and 58 seconds,KDS - Login Don't Delete
12060 Potranco Road,Lizbeth Garcia,68,23,Food,,10/13/25 9:25 AM,10/13/25 9:28 AM,2 minutes and 58 seconds,KDS - Login Don't Delete
12060 Potranco Road,Melissa  Urena,69,,Drive Thru,,10/13/25 9:26 AM,10/13/25 9:30 AM,4 minutes and 40 seconds,KDS - Login Don't Delete
12060 Potranco Road,Melissa  Urena,69,,Food,,10/13/25 9:26 AM,10/13/25 9:30 AM,4 minutes and 40 seconds,KDS - Login Don't Delete
12060 Potranco Road,Melissa  Urena,70,,Drive Thru,,10/13/25 9:26 AM,10/13/25 9:30 AM,4 minutes and 28 seconds,KDS - Login Don't Delete
12060 Potranco Road,Melissa  Urena,70,,Food,,10/13/25 9:26 AM,10/13/25 9:30 AM,4 minutes and 28 seconds,KDS - Login Don't Delete
12060 Potranco Road,Melissa  Urena,71,,Drive Thru,,10/13/25 9:26 AM,10/13/25 9:31 AM,5 minutes and 14 seconds,KDS - Login Don't Delete
12060 Potranco Road,Melissa  Urena,71,,Food,,10/13/25 9:26 AM,10/13/25 9:31 AM,5 minutes and 14 seconds,KDS - Login Don't Delete
12060 Potranco Road,Melissa  Urena,70,,Drive Thru,,10/13/25 9:30 AM,10/13/25 9:32 AM,1 minute and 22 seconds,KDS - Login Don't Delete
12060 Potranco Road,Melissa  Urena,70,,Food,,10/13/25 9:30 AM,10/13/25 9:32 AM,1 minute and 22 seconds,KDS - Login Don't Delete
12060 Potranco Road,Melissa  Urena,72,,Food,,10/13/25 9:29 AM,10/13/25 9:36 AM,7 minutes and 29 seconds,KDS - Login Don't Delete
12060 Potranco Road,Melissa  Urena,72,,Drive Thru,,10/13/25 9:29 AM,10/13/25 9:36 AM,7 minutes and 29 seconds,KDS - Login Don't Delete
12060 Potranco Road,Melissa  Urena,69,,Drive Thru,,10/13/25 9:29 AM,10/13/25 9:36 AM,7 minutes and 2 seconds,KDS - Login Don't Delete
12060 Potranco Road,Melissa  Urena,69,,Food,,10/13/25 9:29 AM,10/13/25 9:36 AM,7 minutes and 2 seconds,KDS - Login Don't Delete
12060 Potranco Road,Melissa  Urena,75,,Drive Thru,,10/13/25 9:34 AM,10/13/25 9:36 AM,2 minutes and 1 second,KDS - Login Don't Delete
12060 Potranco Road,Melissa  Urena,75,,Food,,10/13/25 9:34 AM,10/13/25 9:36 AM,2 minutes and 1 second,KDS - Login Don't Delete
12060 Potranco Road,Leticia Roman,74,15,No Print,,10/13/25 9:38 AM,10/13/25 9:43 AM,5 minutes and 1 second,KDS - Login Don't Delete
12060 Potranco Road,Leticia Roman,74,15,Food,,10/13/25 9:38 AM,10/13/25 9:43 AM,5 minutes and 1 second,KDS - Login Don't Delete
12060 Potranco Road,Leticia Roman,74,15,Drive Thru,,10/13/25 9:38 AM,10/13/25 9:43 AM,5 minutes and 1 second,KDS - Login Don't Delete
12060 Potranco Road,Melissa  Urena,79,,Drive Thru,,10/13/25 9:38 AM,10/13/25 9:44 AM,5 minutes and 15 seconds,KDS - Login Don't Delete
12060 Potranco Road,Melissa  Urena,79,,Food,,10/13/25 9:38 AM,10/13/25 9:44 AM,5 minutes and 15 seconds,KDS - Login Don't Delete
12060 Potranco Road,Lizbeth Garcia,82,31,No Print,,10/13/25 9:42 AM,10/13/25 9:47 AM,5 minutes and 1 second,KDS - Login Don't Delete
12060 Potranco Road,Lizbeth Garcia,82,31,Food,,10/13/25 9:42 AM,10/13/25 9:47 AM,5 minutes and 1 second,KDS - Login Don't Delete
12060 Potranco Road,Sugey Cabrera,77,,Food,,10/13/25 9:35 AM,10/13/25 9:48 AM,12 minutes and 15 seconds,KDS - Login Don't Delete
12060 Potranco Road,Sugey Cabrera,77,,Drive Thru,,10/13/25 9:35 AM,10/13/25 9:48 AM,12 minutes and 15 seconds,KDS - Login Don't Delete
12060 Potranco Road,Melissa  Urena,81,,Drive Thru,,10/13/25 9:41 AM,10/13/25 9:48 AM,6 minutes and 40 seconds,KDS - Login Don't Delete
12060 Potranco Road,Melissa  Urena,81,,Food,,10/13/25 9:41 AM,10/13/25 9:48 AM,6 minutes and 40 seconds,KDS - Login Don't Delete
12060 Potranco Road,Sugey Cabrera,80,2,No Print,,10/13/25 9:46 AM,10/13/25 9:54 AM,8 minutes and 31 seconds,KDS - Login Don't Delete
12060 Potranco Road,Sugey Cabrera,80,2,Food,,10/13/25 9:46 AM,10/13/25 9:54 AM,8 minutes and 31 seconds,KDS - Login Don't Delete
12060 Potranco Road,Melissa  Urena,83,,Drive Thru,,10/13/25 9:49 AM,10/13/25 9:57 AM,7 minutes and 47 seconds,KDS - Login Don't Delete
12060 Potranco Road,Melissa  Urena,83,,Food,,10/13/25 9:49 AM,10/13/25 9:57 AM,7 minutes and 47 seconds,KDS - Login Don't Delete
12060 Potranco Road,Melissa  Urena,84,,Drive Thru,,10/13/25 9:55 AM,10/13/25 9:57 AM,2 minutes,KDS - Login Don't Delete
12060 Potranco Road,Melissa  Urena,84,,Food,,10/13/25 9:55 AM,10/13/25 9:57 AM,2 minutes,KDS - Login Don't Delete
12060 Potranco Road,Melissa  Urena,87,,Drive Thru,,10/13/25 9:55 AM,10/13/25 9:58 AM,3 minutes and 35 seconds,KDS - Login Don't Delete
12060 Potranco Road,Melissa  Urena,87,,Food,,10/13/25 9:55 AM,10/13/25 9:58 AM,3 minutes and 35 seconds,KDS - Login Don't Delete
12060 Potranco Road,Melissa  Urena,86,,Drive Thru,,10/13/25 9:55 AM,10/13/25 9:58 AM,3 minutes and 40 seconds,KDS - Login Don't Delete
12060 Potranco Road,Melissa  Urena,86,,Food,,10/13/25 9:55 AM,10/13/25 9:58 AM,3 minutes and 40 seconds,KDS - Login Don't Delete
12060 Potranco Road,Sugey Cabrera,85,17,No Print,,10/13/25 9:54 AM,10/13/25 10:00 AM,5 minutes and 22 seconds,KDS - Login Don't Delete
12060 Potranco Road,Sugey Cabrera,85,17,Food,,10/13/25 9:54 AM,10/13/25 10:00 AM,5 minutes and 22 seconds,KDS - Login Don't Delete
12060 Potranco Road,Sugey Cabrera,85,17,Drive Thru,,10/13/25 9:54 AM,10/13/25 10:00 AM,5 minutes and 22 seconds,KDS - Login Don't Delete
12060 Potranco Road,Melissa  Urena,89,,Drive Thru,,10/13/25 10:02 AM,10/13/25 10:04 AM,2 minutes and 2 seconds,KDS - Login Don't Delete
12060 Potranco Road,Melissa  Urena,89,,Food,,10/13/25 10:02 AM,10/13/25 10:04 AM,2 minutes and 2 seconds,KDS - Login Don't Delete
12060 Potranco Road,Sugey Cabrera,85,17,,1,10/13/25 10:00 AM,10/13/25 10:07 AM,7 minutes,KDS - Login Don't Delete
12060 Potranco Road,Sugey Cabrera,58,3,,1,10/13/25 9:13 AM,10/13/25 10:07 AM,53 minutes and 58 seconds,KDS - Login Don't Delete
12060 Potranco Road,Sugey Cabrera,80,2,,1,10/13/25 9:39 AM,10/13/25 10:07 AM,27 minutes and 18 seconds,KDS - Login Don't Delete
12060 Potranco Road,Lizbeth Garcia,68,23,,1,10/13/25 9:28 AM,10/13/25 10:07 AM,38 minutes and 51 seconds,KDS - Login Don't Delete
12060 Potranco Road,Sugey Cabrera,77,,,1,10/13/25 9:48 AM,10/13/25 10:07 AM,19 minutes and 3 seconds,KDS - Login Don't Delete
12060 Potranco Road,Sugey Cabrera,80,2,,1,10/13/25 9:48 AM,10/13/25 10:07 AM,19 minutes and 4 seconds,KDS - Login Don't Delete
12060 Potranco Road,Leticia Roman,74,15,,1,10/13/25 9:43 AM,10/13/25 10:07 AM,23 minutes and 34 seconds,KDS - Login Don't Delete
12060 Potranco Road,Sugey Cabrera,80,2,,1,10/13/25 9:54 AM,10/13/25 10:07 AM,12 minutes and 18 seconds,KDS - Login Don't Delete
12060 Potranco Road,Lizbeth Garcia,82,31,,1,10/13/25 9:47 AM,10/13/25 10:07 AM,19 minutes and 50 seconds,KDS - Login Don't Delete
12060 Potranco Road,Leticia Roman,67,17,,1,10/13/25 9:23 AM,10/13/25 10:07 AM,44 minutes and 4 seconds,KDS - Login Don't Delete
12060 Potranco Road,Leticia Roman,67,17,,1,10/13/25 9:27 AM,10/13/25 10:07 AM,39 minutes and 56 seconds,KDS - Login Don't Delete
12060 Potranco Road,Leticia Roman,64,,,1,10/13/25 9:23 AM,10/13/25 10:07 AM,44 minutes and 5 seconds,KDS - Login Don't Delete
12060 Potranco Road,Lizbeth Garcia,62,14,,1,10/13/25 9:17 AM,10/13/25 10:07 AM,49 minutes and 43 seconds,KDS - Login Don't Delete
12060 Potranco Road,Melissa  Urena,90,,Drive Thru,,10/13/25 10:02 AM,10/13/25 10:07 AM,5 minutes and 25 seconds,KDS - Login Don't Delete
12060 Potranco Road,Melissa  Urena,90,,Food,,10/13/25 10:02 AM,10/13/25 10:07 AM,5 minutes and 25 seconds,KDS - Login Don't Delete
12060 Potranco Road,Leticia Roman,88,21,No Print,,10/13/25 10:04 AM,10/13/25 10:09 AM,5 minutes and 31 seconds,KDS - Login Don't Delete
12060 Potranco Road,Leticia Roman,88,21,Food,,10/13/25 10:04 AM,10/13/25 10:09 AM,5 minutes and 31 seconds,KDS - Login Don't Delete
12060 Potranco Road,Leticia Roman,88,21,Drive Thru,,10/13/25 10:04 AM,10/13/25 10:09 AM,5 minutes and 31 seconds,KDS - Login Don't Delete
12060 Potranco Road,Melissa  Urena,91,,Food,,10/13/25 10:07 AM,10/13/25 10:11 AM,4 minutes and 29 seconds,KDS - Login Don't Delete
12060 Potranco Road,Melissa  Urena,91,,Drive Thru,,10/13/25 10:07 AM,10/13/25 10:11 AM,4 minutes and 29 seconds,KDS - Login Don't Delete
12060 Potranco Road,Melissa  Urena,92,,Drive Thru,,10/13/25 10:10 AM,10/13/25 10:17 AM,6 minutes and 57 seconds,KDS - Login Don't Delete
12060 Potranco Road,Melissa  Urena,92,,Food,,10/13/25 10:10 AM,10/13/25 10:17 AM,6 minutes and 57 seconds,KDS - Login Don't Delete
12060 Potranco Road,Melissa  Urena,93,,Food,,10/13/25 10:15 AM,10/13/25 10:20 AM,5 minutes and 22 seconds,KDS - Login Don't Delete
12060 Potranco Road,Melissa  Urena,93,,Drive Thru,,10/13/25 10:15 AM,10/13/25 10:20 AM,5 minutes and 22 seconds,KDS - Login Don't Delete
12060 Potranco Road,Melissa  Urena,97,,Drive Thru,,10/13/25 10:24 AM,10/13/25 10:26 AM,1 minute and 53 seconds,KDS - Login Don't Delete
12060 Potranco Road,Melissa  Urena,97,,Food,,10/13/25 10:24 AM,10/13/25 10:26 AM,1 minute and 53 seconds,KDS - Login Don't Delete
12060 Potranco Road,Melissa  Urena,96,,Drive Thru,,10/13/25 10:24 AM,10/13/25 10:26 AM,2 minutes and 7 seconds,KDS - Login Don't Delete
12060 Potranco Road,Melissa  Urena,96,,Food,,10/13/25 10:24 AM,10/13/25 10:26 AM,2 minutes and 7 seconds,KDS - Login Don't Delete
12060 Potranco Road,Melissa  Urena,95,,Drive Thru,,10/13/25 10:18 AM,10/13/25 10:26 AM,7 minutes and 26 seconds,KDS - Login Don't Delete
12060 Potranco Road,Melissa  Urena,95,,Food,,10/13/25 10:18 AM,10/13/25 10:26 AM,7 minutes and 26 seconds,KDS - Login Don't Delete
12060 Potranco Road,Lizbeth Garcia,94,1,No Print,,10/13/25 10:20 AM,10/13/25 10:28 AM,8 minutes and 10 seconds,KDS - Login Don't Delete
12060 Potranco Road,Lizbeth Garcia,94,1,Food,,10/13/25 10:20 AM,10/13/25 10:28 AM,8 minutes and 10 seconds,KDS - Login Don't Delete
12060 Potranco Road,Melissa  Urena,98,,Drive Thru,,10/13/25 10:25 AM,10/13/25 10:29 AM,4 minutes and 4 seconds,KDS - Login Don't Delete
12060 Potranco Road,Melissa  Urena,98,,Food,,10/13/25 10:25 AM,10/13/25 10:29 AM,4 minutes and 4 seconds,KDS - Login Don't Delete
12060 Potranco Road,Melissa  Urena,101,,Drive Thru,,10/13/25 10:31 AM,10/13/25 10:33 AM,2 minutes and 1 second,KDS - Login Don't Delete
12060 Potranco Road,Melissa  Urena,101,,Food,,10/13/25 10:31 AM,10/13/25 10:33 AM,2 minutes and 1 second,KDS - Login Don't Delete
12060 Potranco Road,Sugey Cabrera,80,2,No Print,,10/13/25 10:29 AM,10/13/25 10:34 AM,4 minutes and 25 seconds,KDS - Login Don't Delete
12060 Potranco Road,Sugey Cabrera,80,2,Food,,10/13/25 10:29 AM,10/13/25 10:34 AM,4 minutes and 25 seconds,KDS - Login Don't Delete
12060 Potranco Road,Sugey Cabrera,99,2,No Print,,10/13/25 10:30 AM,10/13/25 10:34 AM,3 minutes and 56 seconds,KDS - Login Don't Delete
12060 Potranco Road,Sugey Cabrera,99,2,Food,,10/13/25 10:30 AM,10/13/25 10:34 AM,3 minutes and 56 seconds,KDS - Login Don't Delete
12060 Potranco Road,Sugey Cabrera,99,2,No Print,,10/13/25 10:33 AM,10/13/25 10:38 AM,4 minutes and 13 seconds,KDS - Login Don't Delete
12060 Potranco Road,Sugey Cabrera,99,2,Food,,10/13/25 10:33 AM,10/13/25 10:38 AM,4 minutes and 13 seconds,KDS - Login Don't Delete
12060 Potranco Road,Adrian Morales,100,3,No Print,,10/13/25 10:29 AM,10/13/25 10:40 AM,11 minutes and 14 seconds,KDS - Login Don't Delete
12060 Potranco Road,Adrian Morales,100,3,Food,,10/13/25 10:29 AM,10/13/25 10:40 AM,11 minutes and 14 seconds,KDS - Login Don't Delete
12060 Potranco Road,Sugey Cabrera,99,2,,1,10/13/25 10:34 AM,10/13/25 10:41 AM,7 minutes and 33 seconds,KDS - Login Don't Delete
12060 Potranco Road,Sugey Cabrera,99,2,,1,10/13/25 10:38 AM,10/13/25 10:41 AM,3 minutes and 35 seconds,KDS - Login Don't Delete
12060 Potranco Road,Lizbeth Garcia,110,26,No Print,,10/13/25 10:42 AM,10/13/25 10:45 AM,3 minutes and 30 seconds,KDS - Login Don't Delete
12060 Potranco Road,Lizbeth Garcia,110,26,Food,,10/13/25 10:42 AM,10/13/25 10:45 AM,3 minutes and 30 seconds,KDS - Login Don't Delete
12060 Potranco Road,Sugey Cabrera,106,29,No Print,,10/13/25 10:37 AM,10/13/25 10:45 AM,7 minutes and 56 seconds,KDS - Login Don't Delete
12060 Potranco Road,Sugey Cabrera,106,29,Food,,10/13/25 10:37 AM,10/13/25 10:45 AM,7 minutes and 56 seconds,KDS - Login Don't Delete
12060 Potranco Road,Melissa  Urena,104,,Drive Thru,,10/13/25 10:32 AM,10/13/25 10:45 AM,13 minutes and 4 seconds,KDS - Login Don't Delete
12060 Potranco Road,Melissa  Urena,104,,Food,,10/13/25 10:32 AM,10/13/25 10:45 AM,13 minutes and 4 seconds,KDS - Login Don't Delete
12060 Potranco Road,Melissa  Urena,102,,Drive Thru,,10/13/25 10:32 AM,10/13/25 10:45 AM,13 minutes and 48 seconds,KDS - Login Don't Delete
12060 Potranco Road,Melissa  Urena,102,,Food,,10/13/25 10:32 AM,10/13/25 10:45 AM,13 minutes and 48 seconds,KDS - Login Don't Delete
12060 Potranco Road,Melissa  Urena,105,,Drive Thru,,10/13/25 10:37 AM,10/13/25 10:45 AM,8 minutes and 2 seconds,KDS - Login Don't Delete
12060 Potranco Road,Melissa  Urena,105,,Food,,10/13/25 10:37 AM,10/13/25 10:45 AM,8 minutes and 2 seconds,KDS - Login Don't Delete
12060 Potranco Road,Lizbeth Garcia,110,26,,1,10/13/25 10:45 AM,10/13/25 10:47 AM,2 minutes and 7 seconds,KDS - Login Don't Delete
12060 Potranco Road,Adrian Morales,100,3,,1,10/13/25 10:40 AM,10/13/25 10:47 AM,6 minutes and 53 seconds,KDS - Login Don't Delete
12060 Potranco Road,Lizbeth Garcia,94,1,,1,10/13/25 10:28 AM,10/13/25 10:47 AM,19 minutes and 24 seconds,KDS - Login Don't Delete
12060 Potranco Road,Sugey Cabrera,106,29,,1,10/13/25 10:45 AM,10/13/25 10:47 AM,2 minutes and 7 seconds,KDS - Login Don't Delete
12060 Potranco Road,Leticia Roman,88,21,,1,10/13/25 10:09 AM,10/13/25 10:47 AM,38 minutes and 3 seconds,KDS - Login Don't Delete
12060 Potranco Road,Sugey Cabrera,80,2,,1,10/13/25 10:34 AM,10/13/25 10:47 AM,13 minutes and 41 seconds,KDS - Login Don't Delete
12060 Potranco Road,Sugey Cabrera,113,20,No Print,,10/13/25 10:44 AM,10/13/25 10:49 AM,4 minutes and 52 seconds,KDS - Login Don't Delete
12060 Potranco Road,Sugey Cabrera,113,20,Food,,10/13/25 10:44 AM,10/13/25 10:49 AM,4 minutes and 52 seconds,KDS - Login Don't Delete
12060 Potranco Road,Melissa  Urena,107,,Drive Thru,,10/13/25 10:38 AM,10/13/25 10:52 AM,14 minutes and 2 seconds,KDS - Login Don't Delete
12060 Potranco Road,Melissa  Urena,109,,Drive Thru,,10/13/25 10:41 AM,10/13/25 10:52 AM,11 minutes and 5 seconds,KDS - Login Don't Delete
12060 Potranco Road,Melissa  Urena,107,,Food,,10/13/25 10:38 AM,10/13/25 10:52 AM,14 minutes and 2 seconds,KDS - Login Don't Delete
12060 Potranco Road,Melissa  Urena,109,,Food,,10/13/25 10:41 AM,10/13/25 10:52 AM,11 minutes and 5 seconds,KDS - Login Don't Delete
12060 Potranco Road,Melissa  Urena,109,,Drive Thru,,10/13/25 10:49 AM,10/13/25 10:53 AM,4 minutes and 9 seconds,KDS - Login Don't Delete
12060 Potranco Road,Melissa  Urena,109,,Food,,10/13/25 10:49 AM,10/13/25 10:53 AM,4 minutes and 9 seconds,KDS - Login Don't Delete
12060 Potranco Road,Melissa  Urena,111,,Food,,10/13/25 10:41 AM,10/13/25 10:53 AM,11 minutes and 42 seconds,KDS - Login Don't Delete
12060 Potranco Road,Melissa  Urena,111,,Drive Thru,,10/13/25 10:41 AM,10/13/25 10:53 AM,11 minutes and 42 seconds,KDS - Login Don't Delete
12060 Potranco Road,Melissa  Urena,112,,Food,,10/13/25 10:44 AM,10/13/25 10:53 AM,9 minutes and 29 seconds,KDS - Login Don't Delete
12060 Potranco Road,Melissa  Urena,112,,Drive Thru,,10/13/25 10:44 AM,10/13/25 10:53 AM,9 minutes and 29 seconds,KDS - Login Don't Delete
12060 Potranco Road,Leticia Roman,117,2,No Print,,10/13/25 10:50 AM,10/13/25 10:56 AM,5 minutes and 55 seconds,KDS - Login Don't Delete
12060 Potranco Road,Leticia Roman,117,2,Food,,10/13/25 10:50 AM,10/13/25 10:56 AM,5 minutes and 55 seconds,KDS - Login Don't Delete
12060 Potranco Road,Leticia Roman,117,2,,1,10/13/25 10:56 AM,10/13/25 10:59 AM,3 minutes and 43 seconds,KDS - Login Don't Delete
12060 Potranco Road,Sugey Cabrera,113,20,,1,10/13/25 10:49 AM,10/13/25 10:59 AM,10 minutes and 34 seconds,KDS - Login Don't Delete
12060 Potranco Road,Leticia Roman,108,23,No Print,,10/13/25 10:51 AM,10/13/25 11:01 AM,9 minutes and 27 seconds,KDS - Login Don't Delete
12060 Potranco Road,Leticia Roman,108,23,Food,,10/13/25 10:51 AM,10/13/25 11:01 AM,9 minutes and 27 seconds,KDS - Login Don't Delete
12060 Potranco Road,Adrian Morales,114,14,No Print,,10/13/25 10:50 AM,10/13/25 11:01 AM,10 minutes and 6 seconds,KDS - Login Don't Delete
12060 Potranco Road,Adrian Morales,114,14,Food,,10/13/25 10:50 AM,10/13/25 11:01 AM,10 minutes and 6 seconds,KDS - Login Don't Delete
12060 Potranco Road,Melissa  Urena,120,,Drive Thru,,10/13/25 10:56 AM,10/13/25 11:04 AM,8 minutes and 32 seconds,KDS - Login Don't Delete
12060 Potranco Road,Melissa  Urena,120,,Food,,10/13/25 10:56 AM,10/13/25 11:04 AM,8 minutes and 32 seconds,KDS - Login Don't Delete
12060 Potranco Road,Lizbeth Garcia,119,16,No Print,,10/13/25 10:52 AM,10/13/25 11:05 AM,13 minutes and 13 seconds,KDS - Login Don't Delete
12060 Potranco Road,Lizbeth Garcia,119,16,Food,,10/13/25 10:52 AM,10/13/25 11:05 AM,13 minutes and 13 seconds,KDS - Login Don't Delete
12060 Potranco Road,Lizbeth Garcia,119,16,Drive Thru,,10/13/25 11:03 AM,10/13/25 11:05 AM,1 minute and 41 seconds,KDS - Login Don't Delete
12060 Potranco Road,Lizbeth Garcia,119,16,Food,,10/13/25 11:03 AM,10/13/25 11:05 AM,1 minute and 41 seconds,KDS - Login Don't Delete
12060 Potranco Road,Melissa  Urena,123,,Drive Thru,,10/13/25 10:59 AM,10/13/25 11:10 AM,11 minutes and 7 seconds,KDS - Login Don't Delete
12060 Potranco Road,Melissa  Urena,123,,Food,,10/13/25 10:59 AM,10/13/25 11:10 AM,11 minutes and 7 seconds,KDS - Login Don't Delete
12060 Potranco Road,Melissa  Urena,122,,Drive Thru,,10/13/25 10:57 AM,10/13/25 11:10 AM,12 minutes and 48 seconds,KDS - Login Don't Delete
12060 Potranco Road,Melissa  Urena,122,,Food,,10/13/25 10:57 AM,10/13/25 11:10 AM,12 minutes and 48 seconds,KDS - Login Don't Delete
12060 Potranco Road,Melissa  Urena,116,,Drive Thru,,10/13/25 10:49 AM,10/13/25 11:10 AM,20 minutes and 16 seconds,KDS - Login Don't Delete
12060 Potranco Road,Melissa  Urena,116,,Food,,10/13/25 10:49 AM,10/13/25 11:10 AM,20 minutes and 16 seconds,KDS - Login Don't Delete
12060 Potranco Road,Sugey Cabrera,121,,,1,10/13/25 10:57 AM,10/13/25 11:11 AM,14 minutes and 12 seconds,KDS - Login Don't Delete
12060 Potranco Road,Lizbeth Garcia,119,16,,1,10/13/25 11:05 AM,10/13/25 11:14 AM,9 minutes and 4 seconds,KDS - Login Don't Delete
12060 Potranco Road,Lizbeth Garcia,119,16,,1,10/13/25 11:05 AM,10/13/25 11:14 AM,9 minutes and 6 seconds,KDS - Login Don't Delete
12060 Potranco Road,Leticia Roman,108,23,,1,10/13/25 11:01 AM,10/13/25 11:14 AM,13 minutes and 23 seconds,KDS - Login Don't Delete
12060 Potranco Road,Adrian Morales,114,14,,1,10/13/25 11:01 AM,10/13/25 11:14 AM,13 minutes and 35 seconds,KDS - Login Don't Delete
12060 Potranco Road,Lizbeth Garcia,129,,,1,10/13/25 11:11 AM,10/13/25 11:15 AM,4 minutes and 1 second,KDS - Login Don't Delete
12060 Potranco Road,Melissa  Urena,130,,Drive Thru,,10/13/25 11:12 AM,10/13/25 11:16 AM,4 minutes and 7 seconds,KDS - Login Don't Delete
12060 Potranco Road,Melissa  Urena,130,,Food,,10/13/25 11:12 AM,10/13/25 11:16 AM,4 minutes and 7 seconds,KDS - Login Don't Delete
12060 Potranco Road,Melissa  Urena,126,,Drive Thru,,10/13/25 11:05 AM,10/13/25 11:16 AM,10 minutes and 24 seconds,KDS - Login Don't Delete
12060 Potranco Road,Melissa  Urena,126,,Food,,10/13/25 11:05 AM,10/13/25 11:16 AM,10 minutes and 24 seconds,KDS - Login Don't Delete
12060 Potranco Road,Adrian Morales,127,6,No Print,,10/13/25 11:12 AM,10/13/25 11:17 AM,5 minutes and 34 seconds,KDS - Login Don't Delete
12060 Potranco Road,Adrian Morales,127,6,Food,,10/13/25 11:12 AM,10/13/25 11:17 AM,5 minutes and 34 seconds,KDS - Login Don't Delete
12060 Potranco Road,Adrian Morales,127,6,,1,10/13/25 11:17 AM,10/13/25 11:20 AM,2 minutes and 49 seconds,KDS - Login Don't Delete
12060 Potranco Road,Sugey Cabrera,128,8,No Print,,10/13/25 11:14 AM,10/13/25 11:21 AM,6 minutes and 48 seconds,KDS - Login Don't Delete
12060 Potranco Road,Sugey Cabrera,128,8,Food,,10/13/25 11:14 AM,10/13/25 11:21 AM,6 minutes and 48 seconds,KDS - Login Don't Delete
12060 Potranco Road,Sugey Cabrera,128,8,Drive Thru,,10/13/25 11:14 AM,10/13/25 11:21 AM,6 minutes and 48 seconds,KDS - Login Don't Delete
12060 Potranco Road,Sugey Cabrera,128,8,Drinks,,10/13/25 11:14 AM,10/13/25 11:21 AM,6 minutes and 48 seconds,KDS - Login Don't Delete
12060 Potranco Road,Sugey Cabrera,128,8,,1,10/13/25 11:21 AM,10/13/25 11:22 AM,45 seconds,KDS - Login Don't Delete
12060 Potranco Road,Adrian Morales,114,14,No Print,,10/13/25 11:21 AM,10/13/25 11:24 AM,2 minutes and 26 seconds,KDS - Login Don't Delete
12060 Potranco Road,Adrian Morales,114,14,Food,,10/13/25 11:21 AM,10/13/25 11:24 AM,2 minutes and 26 seconds,KDS - Login Don't Delete
12060 Potranco Road,Melissa  Urena,131,,Drive Thru,,10/13/25 11:19 AM,10/13/25 11:24 AM,4 minutes and 38 seconds,KDS - Login Don't Delete
12060 Potranco Road,Melissa  Urena,131,,Food,,10/13/25 11:19 AM,10/13/25 11:24 AM,4 minutes and 38 seconds,KDS - Login Don't Delete
12060 Potranco Road,Melissa  Urena,131,,Food,,10/13/25 11:19 AM,10/13/25 11:24 AM,4 minutes and 20 seconds,KDS - Login Don't Delete
12060 Potranco Road,Melissa  Urena,131,,Drive Thru,,10/13/25 11:19 AM,10/13/25 11:24 AM,4 minutes and 20 seconds,KDS - Login Don't Delete
12060 Potranco Road,Melissa  Urena,136,,Drive Thru,,10/13/25 11:23 AM,10/13/25 11:27 AM,3 minutes and 56 seconds,KDS - Login Don't Delete
12060 Potranco Road,Melissa  Urena,136,,Food,,10/13/25 11:23 AM,10/13/25 11:27 AM,3 minutes and 56 seconds,KDS - Login Don't Delete
12060 Potranco Road,Melissa  Urena,137,,Drive Thru,,10/13/25 11:24 AM,10/13/25 11:29 AM,5 minutes,KDS - Login Don't Delete
12060 Potranco Road,Melissa  Urena,134,,Drive Thru,,10/13/25 11:22 AM,10/13/25 11:29 AM,6 minutes and 6 seconds,KDS - Login Don't Delete
12060 Potranco Road,Melissa  Urena,134,,Food,,10/13/25 11:22 AM,10/13/25 11:29 AM,6 minutes and 6 seconds,KDS - Login Don't Delete
12060 Potranco Road,Melissa  Urena,137,,Food,,10/13/25 11:24 AM,10/13/25 11:29 AM,5 minutes,KDS - Login Don't Delete
12060 Potranco Road,Lizbeth Garcia,132,15,No Print,,10/13/25 11:19 AM,10/13/25 11:30 AM,10 minutes and 58 seconds,KDS - Login Don't Delete
12060 Potranco Road,Lizbeth Garcia,132,15,Food,,10/13/25 11:19 AM,10/13/25 11:30 AM,10 minutes and 58 seconds,KDS - Login Don't Delete
12060 Potranco Road,Adrian Morales,114,14,,1,10/13/25 11:24 AM,10/13/25 11:34 AM,9 minutes and 53 seconds,KDS - Login Don't Delete
12060 Potranco Road,Lizbeth Garcia,132,15,,1,10/13/25 11:30 AM,10/13/25 11:34 AM,3 minutes and 9 seconds,KDS - Login Don't Delete
12060 Potranco Road,Melissa  Urena,139,,Drive Thru,,10/13/25 11:27 AM,10/13/25 11:35 AM,7 minutes and 56 seconds,KDS - Login Don't Delete
12060 Potranco Road,Melissa  Urena,139,,Food,,10/13/25 11:27 AM,10/13/25 11:35 AM,7 minutes and 56 seconds,KDS - Login Don't Delete
12060 Potranco Road,Melissa  Urena,139,,Drinks,,10/13/25 11:27 AM,10/13/25 11:35 AM,7 minutes and 56 seconds,KDS - Login Don't Delete
12060 Potranco Road,Melissa  Urena,139,,No Print,,10/13/25 11:27 AM,10/13/25 11:35 AM,7 minutes and 56 seconds,KDS - Login Don't Delete
12060 Potranco Road,Melissa  Urena,138,,Drive Thru,,10/13/25 11:25 AM,10/13/25 11:35 AM,10 minutes and 2 seconds,KDS - Login Don't Delete
12060 Potranco Road,Melissa  Urena,138,,Food,,10/13/25 11:25 AM,10/13/25 11:35 AM,10 minutes and 2 seconds,KDS - Login Don't Delete
12060 Potranco Road,Melissa  Urena,142,,Food,,10/13/25 11:30 AM,10/13/25 11:35 AM,4 minutes and 47 seconds,KDS - Login Don't Delete
12060 Potranco Road,Melissa  Urena,142,,Drive Thru,,10/13/25 11:30 AM,10/13/25 11:35 AM,4 minutes and 47 seconds,KDS - Login Don't Delete
12060 Potranco Road,Adrian Morales,140,26,No Print,,10/13/25 11:29 AM,10/13/25 11:37 AM,8 minutes and 35 seconds,KDS - Login Don't Delete
12060 Potranco Road,Adrian Morales,140,26,Food,,10/13/25 11:29 AM,10/13/25 11:37 AM,8 minutes and 35 seconds,KDS - Login Don't Delete
12060 Potranco Road,Adrian Morales,140,26,,1,10/13/25 11:37 AM,10/13/25 11:38 AM,15 seconds,KDS - Login Don't Delete
12060 Potranco Road,Melissa  Urena,145,,Food,,10/13/25 11:33 AM,10/13/25 11:39 AM,5 minutes and 59 seconds,KDS - Login Don't Delete
12060 Potranco Road,Melissa  Urena,145,,Drive Thru,,10/13/25 11:33 AM,10/13/25 11:39 AM,5 minutes and 59 seconds,KDS - Login Don't Delete
12060 Potranco Road,Melissa  Urena,149,,Food,,10/13/25 11:37 AM,10/13/25 11:39 AM,1 minute and 40 seconds,KDS - Login Don't Delete
12060 Potranco Road,Sugey Cabrera,143,1,No Print,,10/13/25 11:33 AM,10/13/25 11:39 AM,6 minutes and 48 seconds,KDS - Login Don't Delete
12060 Potranco Road,Sugey Cabrera,143,1,Food,,10/13/25 11:33 AM,10/13/25 11:39 AM,6 minutes and 48 seconds,KDS - Login Don't Delete
12060 Potranco Road,Melissa  Urena,146,,Drive Thru,,10/13/25 11:34 AM,10/13/25 11:42 AM,8 minutes and 34 seconds,KDS - Login Don't Delete
12060 Potranco Road,Melissa  Urena,146,,Food,,10/13/25 11:34 AM,10/13/25 11:42 AM,8 minutes and 34 seconds,KDS - Login Don't Delete
12060 Potranco Road,Leticia Roman,135,37,No Print,,10/13/25 11:30 AM,10/13/25 11:43 AM,13 minutes and 11 seconds,KDS - Login Don't Delete
12060 Potranco Road,Leticia Roman,135,37,Food,,10/13/25 11:30 AM,10/13/25 11:43 AM,13 minutes and 11 seconds,KDS - Login Don't Delete
12060 Potranco Road,Leticia Roman,135,37,,1,10/13/25 11:43 AM,10/13/25 11:43 AM,8 seconds,KDS - Login Don't Delete
12060 Potranco Road,Sugey Cabrera,143,1,,1,10/13/25 11:39 AM,10/13/25 11:43 AM,3 minutes and 34 seconds,KDS - Login Don't Delete
12060 Potranco Road,Leticia Roman,144,21,No Print,,10/13/25 11:34 AM,10/13/25 11:47 AM,13 minutes and 7 seconds,KDS - Login Don't Delete
12060 Potranco Road,Leticia Roman,144,21,Food,,10/13/25 11:34 AM,10/13/25 11:47 AM,13 minutes and 7 seconds,KDS - Login Don't Delete
12060 Potranco Road,Leticia Roman,144,21,,1,10/13/25 11:47 AM,10/13/25 11:48 AM,43 seconds,KDS - Login Don't Delete
12060 Potranco Road,Sugey Cabrera,141,,Food,,10/13/25 11:30 AM,10/13/25 11:48 AM,18 minutes and 15 seconds,KDS - Login Don't Delete
12060 Potranco Road,Sugey Cabrera,141,,Drive Thru,,10/13/25 11:30 AM,10/13/25 11:48 AM,18 minutes and 15 seconds,KDS - Login Don't Delete
12060 Potranco Road,Melissa  Urena,150,,Drive Thru,,10/13/25 11:43 AM,10/13/25 11:50 AM,6 minutes and 35 seconds,KDS - Login Don't Delete
12060 Potranco Road,Melissa  Urena,150,,Food,,10/13/25 11:43 AM,10/13/25 11:50 AM,6 minutes and 35 seconds,KDS - Login Don't Delete
12060 Potranco Road,Melissa  Urena,148,,Drive Thru,,10/13/25 11:37 AM,10/13/25 11:50 AM,12 minutes and 52 seconds,KDS - Login Don't Delete
12060 Potranco Road,Melissa  Urena,148,,Food,,10/13/25 11:37 AM,10/13/25 11:50 AM,12 minutes and 52 seconds,KDS - Login Don't Delete
12060 Potranco Road,Sugey Cabrera,141,,,1,10/13/25 11:48 AM,10/13/25 11:51 AM,2 minutes and 34 seconds,KDS - Login Don't Delete
12060 Potranco Road,Sugey Cabrera,147,,,1,10/13/25 11:35 AM,10/13/25 11:51 AM,15 minutes and 51 seconds,KDS - Login Don't Delete
12060 Potranco Road,Leticia Roman,135,37,No Print,,10/13/25 11:50 AM,10/13/25 11:55 AM,4 minutes and 55 seconds,KDS - Login Don't Delete
12060 Potranco Road,Leticia Roman,135,37,Food,,10/13/25 11:50 AM,10/13/25 11:55 AM,4 minutes and 55 seconds,KDS - Login Don't Delete
12060 Potranco Road,Lizbeth Garcia,153,4,No Print,,10/13/25 11:50 AM,10/13/25 11:55 AM,5 minutes and 5 seconds,KDS - Login Don't Delete
12060 Potranco Road,Lizbeth Garcia,153,4,Food,,10/13/25 11:50 AM,10/13/25 11:55 AM,5 minutes and 5 seconds,KDS - Login Don't Delete
12060 Potranco Road,Melissa  Urena,151,,Drive Thru,,10/13/25 11:44 AM,10/13/25 11:57 AM,12 minutes and 50 seconds,KDS - Login Don't Delete
12060 Potranco Road,Melissa  Urena,151,,Food,,10/13/25 11:44 AM,10/13/25 11:57 AM,12 minutes and 50 seconds,KDS - Login Don't Delete
12060 Potranco Road,Sugey Cabrera,155,,Food,,10/13/25 11:53 AM,10/13/25 11:57 AM,3 minutes and 57 seconds,KDS - Login Don't Delete
12060 Potranco Road,Sugey Cabrera,155,,Drive Thru,,10/13/25 11:53 AM,10/13/25 11:57 AM,3 minutes and 57 seconds,KDS - Login Don't Delete
12060 Potranco Road,Sugey Cabrera,155,,,1,10/13/25 11:57 AM,10/13/25 11:57 AM,7 seconds,KDS - Login Don't Delete
12060 Potranco Road,Lizbeth Garcia,154,11,No Print,,10/13/25 11:54 AM,10/13/25 12:00 PM,6 minutes and 24 seconds,KDS - Login Don't Delete
12060 Potranco Road,Lizbeth Garcia,154,11,Food,,10/13/25 11:54 AM,10/13/25 12:00 PM,6 minutes and 24 seconds,KDS - Login Don't Delete
12060 Potranco Road,Lizbeth Garcia,154,11,Drive Thru,,10/13/25 11:54 AM,10/13/25 12:00 PM,6 minutes and 24 seconds,KDS - Login Don't Delete
12060 Potranco Road,Melissa  Urena,159,,Drive Thru,,10/13/25 11:59 AM,10/13/25 12:03 PM,3 minutes and 26 seconds,KDS - Login Don't Delete
12060 Potranco Road,Melissa  Urena,159,,Food,,10/13/25 11:59 AM,10/13/25 12:03 PM,3 minutes and 26 seconds,KDS - Login Don't Delete
12060 Potranco Road,Melissa  Urena,162,,Drive Thru,,10/13/25 12:02 PM,10/13/25 12:05 PM,2 minutes and 46 seconds,KDS - Login Don't Delete
12060 Potranco Road,Melissa  Urena,162,,Food,,10/13/25 12:02 PM,10/13/25 12:05 PM,2 minutes and 46 seconds,KDS - Login Don't Delete
12060 Potranco Road,Melissa  Urena,161,,Drive Thru,,10/13/25 12:01 PM,10/13/25 12:05 PM,4 minutes and 23 seconds,KDS - Login Don't Delete
12060 Potranco Road,Melissa  Urena,161,,Food,,10/13/25 12:01 PM,10/13/25 12:05 PM,4 minutes and 23 seconds,KDS - Login Don't Delete
12060 Potranco Road,Adrian Morales,164,12,No Print,,10/13/25 12:03 PM,10/13/25 12:05 PM,2 minutes and 16 seconds,KDS - Login Don't Delete
12060 Potranco Road,Adrian Morales,164,12,Food,,10/13/25 12:03 PM,10/13/25 12:05 PM,2 minutes and 16 seconds,KDS - Login Don't Delete
12060 Potranco Road,Adrian Morales,127,6,No Print,,10/13/25 12:03 PM,10/13/25 12:05 PM,1 minute and 52 seconds,KDS - Login Don't Delete
12060 Potranco Road,Adrian Morales,127,6,Food,,10/13/25 12:03 PM,10/13/25 12:05 PM,1 minute and 52 seconds,KDS - Login Don't Delete
12060 Potranco Road,Adrian Morales,127,6,,1,10/13/25 12:05 PM,10/13/25 12:07 PM,1 minute and 19 seconds,KDS - Login Don't Delete
12060 Potranco Road,Lizbeth Garcia,154,11,,1,10/13/25 12:00 PM,10/13/25 12:07 PM,6 minutes and 8 seconds,KDS - Login Don't Delete
12060 Potranco Road,Leticia Roman,165,,,1,10/13/25 12:05 PM,10/13/25 12:07 PM,1 minute and 36 seconds,KDS - Login Don't Delete
12060 Potranco Road,Leticia Roman,135,37,,1,10/13/25 11:55 AM,10/13/25 12:07 PM,11 minutes and 31 seconds,KDS - Login Don't Delete
12060 Potranco Road,Adrian Morales,164,12,,1,10/13/25 12:05 PM,10/13/25 12:07 PM,1 minute and 20 seconds,KDS - Login Don't Delete
12060 Potranco Road,Lizbeth Garcia,153,4,,1,10/13/25 11:55 AM,10/13/25 12:07 PM,11 minutes and 31 seconds,KDS - Login Don't Delete
12060 Potranco Road,Sugey Cabrera,143,1,No Print,,10/13/25 12:13 PM,10/13/25 12:21 PM,7 minutes and 33 seconds,KDS - Login Don't Delete
12060 Potranco Road,Sugey Cabrera,143,1,Food,,10/13/25 12:13 PM,10/13/25 12:21 PM,7 minutes and 33 seconds,KDS - Login Don't Delete
12060 Potranco Road,Adrian Morales,168,15,No Print,,10/13/25 12:19 PM,10/13/25 12:28 PM,8 minutes and 50 seconds,KDS - Login Don't Delete
12060 Potranco Road,Adrian Morales,168,15,Food,,10/13/25 12:19 PM,10/13/25 12:28 PM,8 minutes and 50 seconds,KDS - Login Don't Delete
12060 Potranco Road,Adrian Morales,168,15,,1,10/13/25 12:28 PM,10/13/25 12:29 PM,1 minute and 21 seconds,KDS - Login Don't Delete
12060 Potranco Road,Sugey Cabrera,143,1,,1,10/13/25 12:21 PM,10/13/25 12:30 PM,9 minutes and 13 seconds,KDS - Login Don't Delete
12060 Potranco Road,Adrian Morales,127,6,,1,10/13/25 12:07 PM,10/13/25 12:30 PM,22 minutes and 45 seconds,KDS - Login Don't Delete
12060 Potranco Road,Leticia Roman,144,21,,1,10/13/25 12:18 PM,10/13/25 12:30 PM,11 minutes and 22 seconds,KDS - Login Don't Delete
12060 Potranco Road,Sugey Cabrera,166,16,No Print,,10/13/25 12:20 PM,10/13/25 12:30 PM,9 minutes and 47 seconds,KDS - Login Don't Delete
12060 Potranco Road,Melissa  Urena,174,,Drive Thru,,10/13/25 12:28 PM,10/13/25 12:30 PM,1 minute and 41 seconds,KDS - Login Don't Delete
12060 Potranco Road,Melissa  Urena,174,,Food,,10/13/25 12:28 PM,10/13/25 12:30 PM,1 minute and 41 seconds,KDS - Login Don't Delete
12060 Potranco Road,Sugey Cabrera,166,16,Food,,10/13/25 12:20 PM,10/13/25 12:30 PM,9 minutes and 47 seconds,KDS - Login Don't Delete
12060 Potranco Road,Sugey Cabrera,166,16,,1,10/13/25 12:30 PM,10/13/25 12:31 PM,1 minute and 1 second,KDS - Login Don't Delete
12060 Potranco Road,Leticia Roman,167,14,No Print,,10/13/25 12:22 PM,10/13/25 12:37 PM,15 minutes and 3 seconds,KDS - Login Don't Delete
12060 Potranco Road,Leticia Roman,167,14,Food,,10/13/25 12:22 PM,10/13/25 12:37 PM,15 minutes and 3 seconds,KDS - Login Don't Delete
12060 Potranco Road,Leticia Roman,167,14,Drive Thru,,10/13/25 12:22 PM,10/13/25 12:37 PM,15 minutes and 3 seconds,KDS - Login Don't Delete
12060 Potranco Road,Lizbeth Garcia,169,25,No Print,,10/13/25 12:25 PM,10/13/25 12:37 PM,12 minutes and 46 seconds,KDS - Login Don't Delete
12060 Potranco Road,Lizbeth Garcia,169,25,Food,,10/13/25 12:25 PM,10/13/25 12:37 PM,12 minutes and 46 seconds,KDS - Login Don't Delete
12060 Potranco Road,Sugey Cabrera,176,21,,1,10/13/25 12:31 PM,10/13/25 12:42 PM,11 minutes and 6 seconds,KDS - Login Don't Delete
12060 Potranco Road,Melissa  Urena,175,,Drive Thru,,10/13/25 12:40 PM,10/13/25 12:43 PM,2 minutes and 32 seconds,KDS - Login Don't Delete
12060 Potranco Road,Melissa  Urena,175,,Food,,10/13/25 12:40 PM,10/13/25 12:43 PM,2 minutes and 32 seconds,KDS - Login Don't Delete
12060 Potranco Road,Melissa  Urena,178,,Drive Thru,,10/13/25 12:41 PM,10/13/25 12:43 PM,1 minute and 23 seconds,KDS - Login Don't Delete
12060 Potranco Road,Melissa  Urena,178,,Food,,10/13/25 12:41 PM,10/13/25 12:43 PM,1 minute and 23 seconds,KDS - Login Don't Delete
12060 Potranco Road,Sugey Cabrera,176,21,Drive Thru,,10/13/25 12:44 PM,10/13/25 12:44 PM,2 seconds,KDS - Login Don't Delete
12060 Potranco Road,Sugey Cabrera,176,21,Food,,10/13/25 12:44 PM,10/13/25 12:44 PM,2 seconds,KDS - Login Don't Delete
12060 Potranco Road,Melissa  Urena,179,,Drive Thru,,10/13/25 12:44 PM,10/13/25 12:47 PM,2 minutes and 48 seconds,KDS - Login Don't Delete
12060 Potranco Road,Melissa  Urena,179,,Food,,10/13/25 12:44 PM,10/13/25 12:47 PM,2 minutes and 48 seconds,KDS - Login Don't Delete
12060 Potranco Road,Leticia Roman,177,5,No Print,,10/13/25 12:46 PM,10/13/25 12:49 PM,2 minutes and 48 seconds,KDS - Login Don't Delete
12060 Potranco Road,Leticia Roman,177,5,Food,,10/13/25 12:46 PM,10/13/25 12:49 PM,2 minutes and 48 seconds,KDS - Login Don't Delete
12060 Potranco Road,Melissa  Urena,180,,Food,,10/13/25 12:45 PM,10/13/25 12:49 PM,3 minutes and 46 seconds,KDS - Login Don't Delete
12060 Potranco Road,Melissa  Urena,180,,Drive Thru,,10/13/25 12:45 PM,10/13/25 12:49 PM,3 minutes and 46 seconds,KDS - Login Don't Delete
12060 Potranco Road,Melissa  Urena,180,,Drive Thru,,10/13/25 12:47 PM,10/13/25 12:49 PM,1 minute and 40 seconds,KDS - Login Don't Delete
12060 Potranco Road,Melissa  Urena,180,,Food,,10/13/25 12:47 PM,10/13/25 12:49 PM,1 minute and 40 seconds,KDS - Login Don't Delete
12060 Potranco Road,Melissa  Urena,183,,Drive Thru,,10/13/25 12:49 PM,10/13/25 12:55 PM,5 minutes and 51 seconds,KDS - Login Don't Delete
12060 Potranco Road,Melissa  Urena,183,,Food,,10/13/25 12:49 PM,10/13/25 12:55 PM,5 minutes and 51 seconds,KDS - Login Don't Delete
12060 Potranco Road,Melissa  Urena,187,,Drive Thru,,10/13/25 12:53 PM,10/13/25 12:55 PM,1 minute and 53 seconds,KDS - Login Don't Delete
12060 Potranco Road,Melissa  Urena,187,,Food,,10/13/25 12:53 PM,10/13/25 12:55 PM,1 minute and 53 seconds,KDS - Login Don't Delete
12060 Potranco Road,Adrian Morales,181,18,No Print,,10/13/25 12:49 PM,10/13/25 12:56 PM,6 minutes and 51 seconds,KDS - Login Don't Delete
12060 Potranco Road,Adrian Morales,181,18,Food,,10/13/25 12:49 PM,10/13/25 12:56 PM,6 minutes and 51 seconds,KDS - Login Don't Delete
12060 Potranco Road,Melissa  Urena,186,,Drive Thru,,10/13/25 12:52 PM,10/13/25 12:57 PM,4 minutes and 45 seconds,KDS - Login Don't Delete
12060 Potranco Road,Melissa  Urena,186,,Food,,10/13/25 12:52 PM,10/13/25 12:57 PM,4 minutes and 45 seconds,KDS - Login Don't Delete
12060 Potranco Road,Leticia Roman,189,8,No Print,,10/13/25 12:57 PM,10/13/25 1:00 PM,2 minutes and 31 seconds,KDS - Login Don't Delete
12060 Potranco Road,Leticia Roman,189,8,Food,,10/13/25 12:57 PM,10/13/25 1:00 PM,2 minutes and 31 seconds,KDS - Login Don't Delete
12060 Potranco Road,Lizbeth Garcia,184,12,No Print,,10/13/25 12:50 PM,10/13/25 12:59 PM,9 minutes and 2 seconds,KDS - Login Don't Delete
12060 Potranco Road,Lizbeth Garcia,184,12,Food,,10/13/25 12:50 PM,10/13/25 12:59 PM,9 minutes and 2 seconds,KDS - Login Don't Delete
12060 Potranco Road,Sugey Cabrera,185,3,No Print,,10/13/25 12:52 PM,10/13/25 12:59 PM,7 minutes and 54 seconds,KDS - Login Don't Delete
12060 Potranco Road,Sugey Cabrera,185,3,Food,,10/13/25 12:52 PM,10/13/25 12:59 PM,7 minutes and 54 seconds,KDS - Login Don't Delete
12060 Potranco Road,Melissa  Urena,188,,Food,,10/13/25 12:56 PM,10/13/25 1:02 PM,6 minutes and 23 seconds,KDS - Login Don't Delete
12060 Potranco Road,Melissa  Urena,188,,Drive Thru,,10/13/25 12:56 PM,10/13/25 1:02 PM,6 minutes and 23 seconds,KDS - Login Don't Delete
12060 Potranco Road,Melissa  Urena,190,,Drive Thru,,10/13/25 12:58 PM,10/13/25 1:02 PM,4 minutes and 31 seconds,KDS - Login Don't Delete
12060 Potranco Road,Melissa  Urena,190,,Food,,10/13/25 12:58 PM,10/13/25 1:02 PM,4 minutes and 31 seconds,KDS - Login Don't Delete
12060 Potranco Road,Melissa  Urena,191,,Drive Thru,,10/13/25 12:58 PM,10/13/25 1:04 PM,5 minutes and 58 seconds,KDS - Login Don't Delete
12060 Potranco Road,Melissa  Urena,191,,Food,,10/13/25 12:58 PM,10/13/25 1:04 PM,5 minutes and 58 seconds,KDS - Login Don't Delete
12060 Potranco Road,Sugey Cabrera,192,2,No Print,,10/13/25 12:59 PM,10/13/25 1:05 PM,5 minutes and 27 seconds,KDS - Login Don't Delete
12060 Potranco Road,Sugey Cabrera,192,2,Food,,10/13/25 12:59 PM,10/13/25 1:05 PM,5 minutes and 27 seconds,KDS - Login Don't Delete
12060 Potranco Road,Lizbeth Garcia,193,26,No Print,,10/13/25 1:00 PM,10/13/25 1:05 PM,4 minutes and 21 seconds,KDS - Login Don't Delete
12060 Potranco Road,Lizbeth Garcia,193,26,Food,,10/13/25 1:00 PM,10/13/25 1:05 PM,4 minutes and 21 seconds,KDS - Login Don't Delete
12060 Potranco Road,Sugey Cabrera,192,2,,1,10/13/25 1:05 PM,10/13/25 1:05 PM,42 seconds,KDS - Login Don't Delete
12060 Potranco Road,Sugey Cabrera,185,3,,1,10/13/25 12:59 PM,10/13/25 1:05 PM,5 minutes and 45 seconds,KDS - Login Don't Delete
12060 Potranco Road,Leticia Roman,189,8,,1,10/13/25 1:00 PM,10/13/25 1:05 PM,5 minutes and 46 seconds,KDS - Login Don't Delete
12060 Potranco Road,Melissa  Urena,195,,Drive Thru,,10/13/25 1:05 PM,10/13/25 1:07 PM,2 minutes and 27 seconds,KDS - Login Don't Delete
12060 Potranco Road,Melissa  Urena,195,,Food,,10/13/25 1:05 PM,10/13/25 1:07 PM,2 minutes and 27 seconds,KDS - Login Don't Delete
12060 Potranco Road,Melissa  Urena,194,,Drive Thru,,10/13/25 1:03 PM,10/13/25 1:11 PM,8 minutes and 13 seconds,KDS - Login Don't Delete
12060 Potranco Road,Melissa  Urena,194,,Food,,10/13/25 1:03 PM,10/13/25 1:11 PM,8 minutes and 13 seconds,KDS - Login Don't Delete
12060 Potranco Road,Melissa  Urena,198,,Food,,10/13/25 1:12 PM,10/13/25 1:21 PM,9 minutes and 40 seconds,KDS - Login Don't Delete
12060 Potranco Road,Melissa  Urena,198,,Drive Thru,,10/13/25 1:12 PM,10/13/25 1:21 PM,9 minutes and 40 seconds,KDS - Login Don't Delete
12060 Potranco Road,Melissa  Urena,196,,Drive Thru,,10/13/25 1:06 PM,10/13/25 1:21 PM,15 minutes and 16 seconds,KDS - Login Don't Delete
12060 Potranco Road,Melissa  Urena,196,,Food,,10/13/25 1:06 PM,10/13/25 1:21 PM,15 minutes and 16 seconds,KDS - Login Don't Delete
12060 Potranco Road,Melissa  Urena,200,,Drive Thru,,10/13/25 1:15 PM,10/13/25 1:24 PM,8 minutes and 17 seconds,KDS - Login Don't Delete
12060 Potranco Road,Melissa  Urena,200,,Food,,10/13/25 1:15 PM,10/13/25 1:24 PM,8 minutes and 17 seconds,KDS - Login Don't Delete
12060 Potranco Road,Melissa  Urena,199,,Drive Thru,,10/13/25 1:15 PM,10/13/25 1:24 PM,9 minutes and 4 seconds,KDS - Login Don't Delete
12060 Potranco Road,Melissa  Urena,199,,Food,,10/13/25 1:15 PM,10/13/25 1:24 PM,9 minutes and 4 seconds,KDS - Login Don't Delete
12060 Potranco Road,Melissa  Urena,203,,Food,,10/13/25 1:19 PM,10/13/25 1:24 PM,4 minutes and 58 seconds,KDS - Login Don't Delete
12060 Potranco Road,Adrian Morales,197,7,No Print,,10/13/25 1:08 PM,10/13/25 1:24 PM,16 minutes and 3 seconds,KDS - Login Don't Delete
12060 Potranco Road,Adrian Morales,197,7,Food,,10/13/25 1:08 PM,10/13/25 1:24 PM,16 minutes and 3 seconds,KDS - Login Don't Delete
12060 Potranco Road,Sugey Cabrera,202,23,No Print,,10/13/25 1:18 PM,10/13/25 1:26 PM,7 minutes and 37 seconds,KDS - Login Don't Delete
12060 Potranco Road,Sugey Cabrera,202,23,Food,,10/13/25 1:18 PM,10/13/25 1:26 PM,7 minutes and 37 seconds,KDS - Login Don't Delete
12060 Potranco Road,Adrian Morales,197,7,,1,10/13/25 1:24 PM,10/13/25 1:26 PM,2 minutes and 2 seconds,KDS - Login Don't Delete
12060 Potranco Road,Sugey Cabrera,202,23,,1,10/13/25 1:26 PM,10/13/25 1:26 PM,28 seconds,KDS - Login Don't Delete
12060 Potranco Road,Lizbeth Garcia,184,12,,1,10/13/25 12:59 PM,10/13/25 1:26 PM,26 minutes and 49 seconds,KDS - Login Don't Delete
12060 Potranco Road,Lizbeth Garcia,193,26,,1,10/13/25 1:05 PM,10/13/25 1:26 PM,21 minutes and 46 seconds,KDS - Login Don't Delete
12060 Potranco Road,Leticia Roman,177,5,,1,10/13/25 12:49 PM,10/13/25 1:26 PM,37 minutes and 18 seconds,KDS - Login Don't Delete
12060 Potranco Road,Leticia Roman,167,14,,1,10/13/25 12:37 PM,10/13/25 1:26 PM,49 minutes and 4 seconds,KDS - Login Don't Delete
12060 Potranco Road,Adrian Morales,181,18,,1,10/13/25 12:56 PM,10/13/25 1:26 PM,30 minutes and 21 seconds,KDS - Login Don't Delete
12060 Potranco Road,Sugey Cabrera,176,21,,1,10/13/25 12:44 PM,10/13/25 1:26 PM,42 minutes and 41 seconds,KDS - Login Don't Delete
12060 Potranco Road,Lizbeth Garcia,169,25,,1,10/13/25 12:37 PM,10/13/25 1:26 PM,49 minutes and 4 seconds,KDS - Login Don't Delete
12060 Potranco Road,Leticia Roman,201,11,No Print,,10/13/25 1:20 PM,10/13/25 1:28 PM,8 minutes and 23 seconds,KDS - Login Don't Delete
12060 Potranco Road,Leticia Roman,201,11,Food,,10/13/25 1:20 PM,10/13/25 1:28 PM,8 minutes and 23 seconds,KDS - Login Don't Delete
12060 Potranco Road,Adrian Morales,206,37,Drive Thru,,10/13/25 1:26 PM,10/13/25 1:28 PM,2 minutes and 27 seconds,KDS - Login Don't Delete
12060 Potranco Road,Adrian Morales,206,37,Food,,10/13/25 1:26 PM,10/13/25 1:28 PM,2 minutes and 27 seconds,KDS - Login Don't Delete
12060 Potranco Road,Lizbeth Garcia,205,4,No Print,,10/13/25 1:27 PM,10/13/25 1:35 PM,8 minutes and 3 seconds,KDS - Login Don't Delete
12060 Potranco Road,Lizbeth Garcia,205,4,Food,,10/13/25 1:27 PM,10/13/25 1:35 PM,8 minutes and 3 seconds,KDS - Login Don't Delete
12060 Potranco Road,Lizbeth Garcia,205,4,Drive Thru,,10/13/25 1:27 PM,10/13/25 1:35 PM,8 minutes and 3 seconds,KDS - Login Don't Delete
12060 Potranco Road,Adrian Morales,206,37,,1,10/13/25 1:28 PM,10/13/25 1:39 PM,10 minutes and 26 seconds,KDS - Login Don't Delete
12060 Potranco Road,Leticia Roman,201,11,,1,10/13/25 1:28 PM,10/13/25 1:39 PM,10 minutes and 25 seconds,KDS - Login Don't Delete
12060 Potranco Road,Lizbeth Garcia,205,4,,1,10/13/25 1:35 PM,10/13/25 1:39 PM,3 minutes and 29 seconds,KDS - Login Don't Delete
12060 Potranco Road,Zoila Salinas,209,,,1,10/13/25 1:34 PM,10/13/25 1:39 PM,4 minutes and 44 seconds,KDS - Login Don't Delete
12060 Potranco Road,Leticia Roman,204,27,No Print,,10/13/25 1:30 PM,10/13/25 1:41 PM,10 minutes and 35 seconds,KDS - Login Don't Delete
12060 Potranco Road,Leticia Roman,204,27,Food,,10/13/25 1:30 PM,10/13/25 1:41 PM,10 minutes and 35 seconds,KDS - Login Don't Delete
12060 Potranco Road,Sugey Cabrera,207,34,No Print,,10/13/25 1:29 PM,10/13/25 1:41 PM,11 minutes and 42 seconds,KDS - Login Don't Delete
12060 Potranco Road,Sugey Cabrera,207,34,Food,,10/13/25 1:29 PM,10/13/25 1:41 PM,11 minutes and 42 seconds,KDS - Login Don't Delete
12060 Potranco Road,Melissa  Urena,211,,Drive Thru,,10/13/25 1:41 PM,10/13/25 1:42 PM,1 minute and 21 seconds,KDS - Login Don't Delete
12060 Potranco Road,Melissa  Urena,211,,Food,,10/13/25 1:41 PM,10/13/25 1:42 PM,1 minute and 21 seconds,KDS - Login Don't Delete
12060 Potranco Road,Melissa  Urena,208,,Drive Thru,,10/13/25 1:32 PM,10/13/25 1:42 PM,10 minutes and 28 seconds,KDS - Login Don't Delete
12060 Potranco Road,Melissa  Urena,208,,Food,,10/13/25 1:32 PM,10/13/25 1:42 PM,10 minutes and 28 seconds,KDS - Login Don't Delete
12060 Potranco Road,Adrian Morales,206,37,No Print,,10/13/25 1:38 PM,10/13/25 1:45 PM,7 minutes and 10 seconds,KDS - Login Don't Delete
12060 Potranco Road,Adrian Morales,206,37,Food,,10/13/25 1:38 PM,10/13/25 1:45 PM,7 minutes and 10 seconds,KDS - Login Don't Delete
12060 Potranco Road,Sugey Cabrera,207,34,,1,10/13/25 1:41 PM,10/13/25 1:48 PM,7 minutes and 55 seconds,KDS - Login Don't Delete
12060 Potranco Road,Leticia Roman,204,27,,1,10/13/25 1:41 PM,10/13/25 1:48 PM,7 minutes and 55 seconds,KDS - Login Don't Delete
12060 Potranco Road,Adrian Morales,206,37,,1,10/13/25 1:45 PM,10/13/25 1:49 PM,3 minutes and 20 seconds,KDS - Login Don't Delete
12060 Potranco Road,Sugey Cabrera,202,23,Food,,10/13/25 1:52 PM,10/13/25 2:06 PM,13 minutes and 28 seconds,KDS - Login Don't Delete
12060 Potranco Road,Lizbeth Garcia,213,14,Drive Thru,,10/13/25 2:00 PM,10/13/25 2:06 PM,5 minutes and 22 seconds,KDS - Login Don't Delete
12060 Potranco Road,Lizbeth Garcia,213,14,Food,,10/13/25 2:00 PM,10/13/25 2:06 PM,5 minutes and 22 seconds,KDS - Login Don't Delete
12060 Potranco Road,Lizbeth Garcia,213,14,No Print,,10/13/25 2:00 PM,10/13/25 2:06 PM,5 minutes and 22 seconds,KDS - Login Don't Delete
12060 Potranco Road,Lizbeth Garcia,213,14,,1,10/13/25 2:06 PM,10/13/25 2:11 PM,5 minutes and 18 seconds,KDS - Login Don't Delete
12060 Potranco Road,Sugey Cabrera,202,23,,1,10/13/25 2:06 PM,10/13/25 2:11 PM,5 minutes and 18 seconds,KDS - Login Don't Delete
12060 Potranco Road,Lisa Velasquez,214,15,No Print,,10/13/25 2:07 PM,10/13/25 2:15 PM,8 minutes and 15 seconds,KDS - Login Don't Delete
12060 Potranco Road,Lisa Velasquez,214,15,Food,,10/13/25 2:07 PM,10/13/25 2:15 PM,8 minutes and 15 seconds,KDS - Login Don't Delete
12060 Potranco Road,Fernanda  Loera,217,23,Food,,10/13/25 2:16 PM,10/13/25 2:20 PM,4 minutes and 29 seconds,KDS - Login Don't Delete
12060 Potranco Road,Fernanda  Loera,217,23,No Print,,10/13/25 2:16 PM,10/13/25 2:20 PM,4 minutes and 29 seconds,KDS - Login Don't Delete
12060 Potranco Road,Fernanda  Loera,217,23,No Print,,10/13/25 2:16 PM,10/13/25 2:20 PM,3 minutes and 59 seconds,KDS - Login Don't Delete
12060 Potranco Road,Fernanda  Loera,217,23,Food,,10/13/25 2:16 PM,10/13/25 2:20 PM,3 minutes and 59 seconds,KDS - Login Don't Delete
12060 Potranco Road,Lisa Velasquez,216,,Food,,10/13/25 2:12 PM,10/13/25 2:21 PM,8 minutes and 33 seconds,KDS - Login Don't Delete
12060 Potranco Road,Lisa Velasquez,216,,Drive Thru,,10/13/25 2:12 PM,10/13/25 2:21 PM,8 minutes and 33 seconds,KDS - Login Don't Delete
12060 Potranco Road,Lisa Velasquez,216,,,1,10/13/25 2:21 PM,10/13/25 2:21 PM,10 seconds,KDS - Login Don't Delete
12060 Potranco Road,Lisa Velasquez,218,26,No Print,,10/13/25 2:23 PM,10/13/25 2:27 PM,4 minutes and 4 seconds,KDS - Login Don't Delete
12060 Potranco Road,Fernanda  Loera,217,23,,1,10/13/25 2:20 PM,10/13/25 2:27 PM,6 minutes and 30 seconds,KDS - Login Don't Delete
12060 Potranco Road,Fernanda  Loera,217,23,,1,10/13/25 2:20 PM,10/13/25 2:27 PM,6 minutes and 33 seconds,KDS - Login Don't Delete
12060 Potranco Road,Lisa Velasquez,218,26,Food,,10/13/25 2:23 PM,10/13/25 2:27 PM,4 minutes and 4 seconds,KDS - Login Don't Delete
12060 Potranco Road,Lisa Velasquez,218,26,No Print,,10/13/25 2:29 PM,10/13/25 2:31 PM,2 minutes and 15 seconds,KDS - Login Don't Delete
12060 Potranco Road,Lisa Velasquez,218,26,Food,,10/13/25 2:29 PM,10/13/25 2:31 PM,2 minutes and 15 seconds,KDS - Login Don't Delete
12060 Potranco Road,Mario Jimenez,220,,Drive Thru,,10/13/25 2:33 PM,10/13/25 2:36 PM,2 minutes and 5 seconds,KDS - Login Don't Delete
12060 Potranco Road,Mario Jimenez,220,,Food,,10/13/25 2:33 PM,10/13/25 2:36 PM,2 minutes and 5 seconds,KDS - Login Don't Delete
12060 Potranco Road,Mario Jimenez,222,,Drive Thru,,10/13/25 2:36 PM,10/13/25 2:39 PM,3 minutes and 7 seconds,KDS - Login Don't Delete
12060 Potranco Road,Mario Jimenez,222,,Food,,10/13/25 2:36 PM,10/13/25 2:39 PM,3 minutes and 7 seconds,KDS - Login Don't Delete
12060 Potranco Road,Lisa Velasquez,218,26,,1,10/13/25 2:27 PM,10/13/25 3:02 PM,34 minutes and 46 seconds,KDS - Login Don't Delete
12060 Potranco Road,Lisa Velasquez,218,26,,1,10/13/25 2:31 PM,10/13/25 3:02 PM,30 minutes and 9 seconds,KDS - Login Don't Delete
12060 Potranco Road,Fernanda  Loera,223,,,1,10/13/25 2:42 PM,10/13/25 3:02 PM,19 minutes and 40 seconds,KDS - Login Don't Delete
12060 Potranco Road,Lisa Velasquez,214,15,,1,10/13/25 2:15 PM,10/13/25 3:02 PM,46 minutes and 1 second,KDS - Login Don't Delete
12060 Potranco Road,Adrian Morales,206,37,,1,10/13/25 2:14 PM,10/13/25 3:02 PM,47 minutes and 28 seconds,KDS - Login Don't Delete
12060 Potranco Road,Mario Jimenez,224,,Drive Thru,,10/13/25 2:55 PM,10/13/25 3:05 PM,10 minutes,KDS - Login Don't Delete
12060 Potranco Road,Mario Jimenez,224,,Food,,10/13/25 2:55 PM,10/13/25 3:05 PM,10 minutes,KDS - Login Don't Delete
12060 Potranco Road,Mario Jimenez,227,,Drive Thru,,10/13/25 3:08 PM,10/13/25 3:13 PM,5 minutes and 8 seconds,KDS - Login Don't Delete
12060 Potranco Road,Mario Jimenez,227,,Food,,10/13/25 3:08 PM,10/13/25 3:13 PM,5 minutes and 8 seconds,KDS - Login Don't Delete
12060 Potranco Road,Mario Jimenez,226,,Drive Thru,,10/13/25 3:07 PM,10/13/25 3:14 PM,6 minutes and 55 seconds,KDS - Login Don't Delete
12060 Potranco Road,Mario Jimenez,226,,Food,,10/13/25 3:07 PM,10/13/25 3:14 PM,6 minutes and 55 seconds,KDS - Login Don't Delete
12060 Potranco Road,Mario Jimenez,231,,Drive Thru,,10/13/25 3:19 PM,10/13/25 3:21 PM,2 minutes and 6 seconds,KDS - Login Don't Delete
12060 Potranco Road,Mario Jimenez,231,,Food,,10/13/25 3:19 PM,10/13/25 3:21 PM,2 minutes and 6 seconds,KDS - Login Don't Delete
12060 Potranco Road,Candy Del Angel,229,,Food,,10/13/25 3:13 PM,10/13/25 3:25 PM,11 minutes and 41 seconds,KDS - Login Don't Delete
12060 Potranco Road,Candy Del Angel,229,,Drive Thru,,10/13/25 3:13 PM,10/13/25 3:25 PM,11 minutes and 41 seconds,KDS - Login Don't Delete
12060 Potranco Road,Candy Del Angel,230,,Food,,10/13/25 3:18 PM,10/13/25 3:25 PM,6 minutes and 41 seconds,KDS - Login Don't Delete
12060 Potranco Road,Candy Del Angel,230,,Drive Thru,,10/13/25 3:18 PM,10/13/25 3:25 PM,6 minutes and 41 seconds,KDS - Login Don't Delete
12060 Potranco Road,Mario Jimenez,236,,Drive Thru,,10/13/25 3:25 PM,10/13/25 3:26 PM,1 minute and 19 seconds,KDS - Login Don't Delete
12060 Potranco Road,Mario Jimenez,236,,Food,,10/13/25 3:25 PM,10/13/25 3:26 PM,1 minute and 19 seconds,KDS - Login Don't Delete
12060 Potranco Road,Candy Del Angel,230,,,1,10/13/25 3:25 PM,10/13/25 3:27 PM,2 minutes and 12 seconds,KDS - Login Don't Delete
12060 Potranco Road,Mario Jimenez,233,,Food,,10/13/25 3:21 PM,10/13/25 3:42 PM,20 minutes and 51 seconds,KDS - Login Don't Delete
12060 Potranco Road,Mario Jimenez,233,,Drive Thru,,10/13/25 3:21 PM,10/13/25 3:42 PM,20 minutes and 51 seconds,KDS - Login Don't Delete
12060 Potranco Road,Mario Jimenez,239,,Drive Thru,,10/13/25 3:51 PM,10/13/25 3:54 PM,2 minutes and 41 seconds,KDS - Login Don't Delete
12060 Potranco Road,Mario Jimenez,239,,Food,,10/13/25 3:51 PM,10/13/25 3:54 PM,2 minutes and 41 seconds,KDS - Login Don't Delete
12060 Potranco Road,Candy Del Angel,238,,No Print,,10/13/25 3:36 PM,10/13/25 3:54 PM,17 minutes and 54 seconds,KDS - Login Don't Delete
12060 Potranco Road,Candy Del Angel,238,,Food,,10/13/25 3:36 PM,10/13/25 3:54 PM,17 minutes and 54 seconds,KDS - Login Don't Delete
12060 Potranco Road,Mario Jimenez,233,,Food,,10/13/25 3:51 PM,10/13/25 3:57 PM,5 minutes and 15 seconds,KDS - Login Don't Delete
12060 Potranco Road,Mario Jimenez,233,,Drive Thru,,10/13/25 3:51 PM,10/13/25 3:57 PM,5 minutes and 15 seconds,KDS - Login Don't Delete
12060 Potranco Road,Mario Jimenez,242,,Drive Thru,,10/13/25 3:59 PM,10/13/25 4:04 PM,4 minutes and 34 seconds,KDS - Login Don't Delete
12060 Potranco Road,Mario Jimenez,242,,Food,,10/13/25 3:59 PM,10/13/25 4:04 PM,4 minutes and 34 seconds,KDS - Login Don't Delete
12060 Potranco Road,Mario Jimenez,240,,Drive Thru,,10/13/25 4:46 PM,10/13/25 4:47 PM,1 minute and 4 seconds,KDS - Login Don't Delete
12060 Potranco Road,Mario Jimenez,240,,Food,,10/13/25 4:46 PM,10/13/25 4:47 PM,1 minute and 4 seconds,KDS - Login Don't Delete
12060 Potranco Road,Mario Jimenez,243,,Drive Thru,,10/13/25 4:54 PM,10/13/25 4:58 PM,4 minutes and 4 seconds,KDS - Login Don't Delete
12060 Potranco Road,Mario Jimenez,243,,Food,,10/13/25 4:54 PM,10/13/25 4:58 PM,4 minutes and 4 seconds,KDS - Login Don't Delete
12060 Potranco Road,Fernanda  Loera,244,3,No Print,,10/13/25 4:56 PM,10/13/25 5:01 PM,5 minutes and 25 seconds,KDS - Login Don't Delete
12060 Potranco Road,Fernanda  Loera,244,3,Food,,10/13/25 4:56 PM,10/13/25 5:01 PM,5 minutes and 25 seconds,KDS - Login Don't Delete
12060 Potranco Road,Candy Del Angel,238,,,1,10/13/25 3:54 PM,10/13/25 5:27 PM,"1 hour, 33 minutes and 31 seconds",KDS - Login Don't Delete
12060 Potranco Road,Mario Jimenez,233,,,1,10/13/25 3:42 PM,10/13/25 5:27 PM,"1 hour, 45 minutes and 17 seconds",KDS - Login Don't Delete
12060 Potranco Road,Candy Del Angel,229,,,1,10/13/25 3:25 PM,10/13/25 5:27 PM,"2 hours, 2 minutes and 16 seconds",KDS - Login Don't Delete
12060 Potranco Road,Mario Jimenez,233,,,1,10/13/25 3:57 PM,10/13/25 5:27 PM,"1 hour, 30 minutes and 49 seconds",KDS - Login Don't Delete
12060 Potranco Road,Fernanda  Loera,244,3,,1,10/13/25 5:01 PM,10/13/25 5:27 PM,26 minutes and 7 seconds,KDS - Login Don't Delete
12060 Potranco Road,Lisa Velasquez,246,15,No Print,,10/13/25 5:23 PM,10/13/25 5:30 PM,6 minutes and 55 seconds,KDS - Login Don't Delete
12060 Potranco Road,Lisa Velasquez,246,15,Food,,10/13/25 5:23 PM,10/13/25 5:30 PM,6 minutes and 55 seconds,KDS - Login Don't Delete
12060 Potranco Road,Fernanda  Loera,247,1,Food,,10/13/25 5:34 PM,10/13/25 5:37 PM,3 minutes and 27 seconds,KDS - Login Don't Delete
12060 Potranco Road,Fernanda  Loera,247,1,Drive Thru,,10/13/25 5:34 PM,10/13/25 5:37 PM,3 minutes and 27 seconds,KDS - Login Don't Delete
12060 Potranco Road,Mario Jimenez,248,,Drive Thru,,10/13/25 5:46 PM,10/13/25 5:48 PM,2 minutes and 18 seconds,KDS - Login Don't Delete
12060 Potranco Road,Mario Jimenez,248,,Food,,10/13/25 5:46 PM,10/13/25 5:48 PM,2 minutes and 18 seconds,KDS - Login Don't Delete
12060 Potranco Road,Mario Jimenez,245,,Drive Thru,,10/13/25 5:50 PM,10/13/25 5:54 PM,4 minutes and 7 seconds,KDS - Login Don't Delete
12060 Potranco Road,Mario Jimenez,245,,Food,,10/13/25 5:50 PM,10/13/25 5:54 PM,4 minutes and 7 seconds,KDS - Login Don't Delete
12060 Potranco Road,Fernanda  Loera,247,1,,1,10/13/25 5:37 PM,10/13/25 6:01 PM,23 minutes and 28 seconds,KDS - Login Don't Delete
12060 Potranco Road,Lisa Velasquez,246,15,,1,10/13/25 5:30 PM,10/13/25 6:01 PM,30 minutes and 35 seconds,KDS - Login Don't Delete
12060 Potranco Road,Fernanda  Loera,250,2,Drive Thru,,10/13/25 6:05 PM,10/13/25 6:09 PM,4 minutes and 1 second,KDS - Login Don't Delete
12060 Potranco Road,Fernanda  Loera,250,2,Food,,10/13/25 6:05 PM,10/13/25 6:09 PM,4 minutes and 1 second,KDS - Login Don't Delete
12060 Potranco Road,Lisa Velasquez,251,15,No Print,,10/13/25 6:06 PM,10/13/25 6:14 PM,8 minutes and 20 seconds,KDS - Login Don't Delete
12060 Potranco Road,Lisa Velasquez,251,15,Food,,10/13/25 6:06 PM,10/13/25 6:14 PM,8 minutes and 20 seconds,KDS - Login Don't Delete
12060 Potranco Road,Fernanda  Loera,250,2,,1,10/13/25 6:09 PM,10/13/25 6:17 PM,7 minutes and 31 seconds,KDS - Login Don't Delete
12060 Potranco Road,Lisa Velasquez,251,15,,1,10/13/25 6:14 PM,10/13/25 6:17 PM,2 minutes and 51 seconds,KDS - Login Don't Delete
12060 Potranco Road,Fernanda  Loera,250,2,No Print,,10/13/25 6:04 PM,10/13/25 6:17 PM,13 minutes and 16 seconds,KDS - Login Don't Delete
12060 Potranco Road,Fernanda  Loera,250,2,Food,,10/13/25 6:04 PM,10/13/25 6:17 PM,13 minutes and 16 seconds,KDS - Login Don't Delete
12060 Potranco Road,Mario Jimenez,249,,Drive Thru,,10/13/25 6:17 PM,10/13/25 6:18 PM,1 minute and 19 seconds,KDS - Login Don't Delete
12060 Potranco Road,Mario Jimenez,249,,Food,,10/13/25 6:17 PM,10/13/25 6:18 PM,1 minute and 19 seconds,KDS - Login Don't Delete
12060 Potranco Road,Mario Jimenez,255,,Food,,10/13/25 6:18 PM,10/13/25 6:20 PM,1 minute and 57 seconds,KDS - Login Don't Delete
12060 Potranco Road,Fernanda  Loera,250,2,,1,10/13/25 6:17 PM,10/13/25 6:22 PM,4 minutes and 31 seconds,KDS - Login Don't Delete
12060 Potranco Road,Candy Del Angel,252,,Food,,10/13/25 6:06 PM,10/13/25 6:22 PM,16 minutes and 39 seconds,KDS - Login Don't Delete
12060 Potranco Road,Candy Del Angel,252,,Drive Thru,,10/13/25 6:06 PM,10/13/25 6:22 PM,16 minutes and 39 seconds,KDS - Login Don't Delete
12060 Potranco Road,Mario Jimenez,253,,Food,,10/13/25 6:11 PM,10/13/25 6:22 PM,11 minutes and 33 seconds,KDS - Login Don't Delete
12060 Potranco Road,Mario Jimenez,253,,Drive Thru,,10/13/25 6:11 PM,10/13/25 6:22 PM,11 minutes and 33 seconds,KDS - Login Don't Delete
12060 Potranco Road,Candy Del Angel,252,,,1,10/13/25 6:22 PM,10/13/25 6:23 PM,56 seconds,KDS - Login Don't Delete
12060 Potranco Road,Fernanda  Loera,256,,Food,,10/13/25 6:23 PM,10/13/25 6:40 PM,16 minutes and 35 seconds,KDS - Login Don't Delete
12060 Potranco Road,Fernanda  Loera,256,,Drive Thru,,10/13/25 6:23 PM,10/13/25 6:40 PM,16 minutes and 35 seconds,KDS - Login Don't Delete
12060 Potranco Road,Mario Jimenez,258,,Drive Thru,,10/13/25 7:01 PM,10/13/25 7:08 PM,6 minutes and 57 seconds,KDS - Login Don't Delete
12060 Potranco Road,Mario Jimenez,258,,Food,,10/13/25 7:01 PM,10/13/25 7:08 PM,6 minutes and 57 seconds,KDS - Login Don't Delete
12060 Potranco Road,Mario Jimenez,253,,,1,10/13/25 6:22 PM,10/13/25 7:35 PM,"1 hour, 12 minutes and 53 seconds",KDS - Login Don't Delete
12060 Potranco Road,Fernanda  Loera,256,,,1,10/13/25 6:40 PM,10/13/25 7:35 PM,55 minutes and 45 seconds,KDS - Login Don't Delete
12060 Potranco Road,Candy Del Angel,238,,No Print,,10/13/25 7:43 PM,10/13/25 8:01 PM,17 minutes and 57 seconds,KDS - Login Don't Delete
12060 Potranco Road,Candy Del Angel,238,,Food,,10/13/25 7:43 PM,10/13/25 8:01 PM,17 minutes and 57 seconds,KDS - Login Don't Delete
12060 Potranco Road,Mario Jimenez,260,,Drive Thru,,10/13/25 7:53 PM,10/13/25 8:02 PM,8 minutes and 51 seconds,KDS - Login Don't Delete
12060 Potranco Road,Mario Jimenez,260,,Food,,10/13/25 7:53 PM,10/13/25 8:02 PM,8 minutes and 51 seconds,KDS - Login Don't Delete
12060 Potranco Road,Candy Del Angel,238,,,1,10/13/25 8:01 PM,10/13/25 8:10 PM,9 minutes and 16 seconds,KDS - Login Don't Delete
12060 Potranco Road,Mario Jimenez,262,,Drive Thru,,10/13/25 8:14 PM,10/13/25 8:25 PM,11 minutes and 22 seconds,KDS - Login Don't Delete
12060 Potranco Road,Mario Jimenez,262,,Food,,10/13/25 8:14 PM,10/13/25 8:25 PM,11 minutes and 22 seconds,KDS - Login Don't Delete
12060 Potranco Road,Mario Jimenez,263,,Drive Thru,,10/13/25 8:15 PM,10/13/25 8:26 PM,11 minutes and 19 seconds,KDS - Login Don't Delete
12060 Potranco Road,Mario Jimenez,263,,Food,,10/13/25 8:15 PM,10/13/25 8:26 PM,11 minutes and 19 seconds,KDS - Login Don't Delete
12060 Potranco Road,Fernanda  Loera,261,37,No Print,,10/13/25 8:14 PM,10/13/25 8:29 PM,15 minutes and 13 seconds,KDS - Login Don't Delete
12060 Potranco Road,Fernanda  Loera,261,37,Food,,10/13/25 8:14 PM,10/13/25 8:29 PM,15 minutes and 13 seconds,KDS - Login Don't Delete
12060 Potranco Road,Lisa Velasquez,264,2,,1,10/13/25 8:22 PM,10/13/25 8:36 PM,14 minutes and 12 seconds,KDS - Login Don't Delete
12060 Potranco Road,Fernanda  Loera,261,37,,1,10/13/25 8:29 PM,10/13/25 8:36 PM,7 minutes and 10 seconds,KDS - Login Don't Delete
12060 Potranco Road,Mario Jimenez,266,,Drive Thru,,10/13/25 8:35 PM,10/13/25 8:37 PM,2 minutes and 53 seconds,KDS - Login Don't Delete
12060 Potranco Road,Mario Jimenez,266,,Food,,10/13/25 8:35 PM,10/13/25 8:37 PM,2 minutes and 53 seconds,KDS - Login Don't Delete
