Location,Order #,Opened,# of Guests,Server,Table,Discount Amount,Amount,Tax,Tip,Gratuity
12060 Potranco Road,2,10/13/25 6:31 AM,1,Sugey Cabrera,,0.00,16.98,1.40,0.00,0.00
12060 Potranco Road,3,10/13/25 6:38 AM,1,Melissa  Urena,,0.00,14.34,1.17,0.00,0.00
12060 Potranco Road,4,10/13/25 6:39 AM,1,Melissa  Urena,,0.00,9.07,0.74,0.00,0.00
12060 Potranco Road,5,10/13/25 6:44 AM,1,Melissa  Urena,,0.00,12.53,1.03,4.00,0.00
12060 Potranco Road,7,10/13/25 6:46 AM,5,Sugey Cabrera,25,0.00,60.95,5.04,0.00,12.19
12060 Potranco Road,8,10/13/25 7:03 AM,1,Melissa  Urena,,0.00,4.78,0.40,0.00,0.00
12060 Potranco Road,9,10/13/25 7:08 AM,2,Sugey Cabrera,34,0.00,23.25,1.93,0.00,0.00
12060 Potranco Road,10,10/13/25 7:14 AM,1,Melissa  Urena,,0.00,16.73,1.37,0.00,0.00
12060 Potranco Road,15,10/13/25 7:35 AM,1,Melissa  Urena,,0.00,8.26,0.68,0.00,0.00
12060 Potranco Road,16,10/13/25 7:35 AM,1,Leticia Roman,7,0.00,11.76,0.96,5.00,0.00
12060 Potranco Road,17,10/13/25 7:39 AM,1,Sugey Cabrera,,0.00,9.57,0.79,3.00,0.00
12060 Potranco Road,18,10/13/25 7:41 AM,1,Melissa  Urena,,0.00,47.79,3.94,0.00,0.00
12060 Potranco Road,19,10/13/25 7:42 AM,1,Leticia Roman,18,0.00,11.98,0.99,3.00,0.00
12060 Potranco Road,21,10/13/25 7:46 AM,1,Sugey Cabrera,16,0.63,5.64,0.47,4.00,0.00
12060 Potranco Road,22,10/13/25 7:48 AM,2,Sugey Cabrera,1,0.00,9.96,0.82,0.00,0.00
12060 Potranco Road,23,10/13/25 7:51 AM,1,Melissa  Urena,,0.00,0.00,0.00,0.00,0.00
12060 Potranco Road,24,10/13/25 7:59 AM,1,Melissa  Urena,,0.00,13.19,1.09,0.00,0.00
12060 Potranco Road,25,10/13/25 8:00 AM,1,Melissa  Urena,,0.00,25.00,2.07,3.00,0.00
12060 Potranco Road,26,10/13/25 8:06 AM,1,Melissa  Urena,,0.00,12.85,1.06,3.00,0.00
12060 Potranco Road,27,10/13/25 8:11 AM,1,Melissa  Urena,,0.00,0.00,0.00,0.00,0.00
12060 Potranco Road,28,10/13/25 8:12 AM,1,Melissa  Urena,,0.00,3.98,0.33,0.00,0.00
12060 Potranco Road,29,10/13/25 8:16 AM,1,Melissa  Urena,,0.00,10.35,0.85,1.00,0.00
12060 Potranco Road,30,10/13/25 8:18 AM,1,Melissa  Urena,,0.00,5.08,0.42,0.00,0.00
12060 Potranco Road,31,10/13/25 8:23 AM,1,Melissa  Urena,,0.00,15.25,1.26,1.00,0.00
12060 Potranco Road,32,10/13/25 8:24 AM,1,Sugey Cabrera,,0.00,6.37,0.52,0.00,0.00
12060 Potranco Road,33,10/13/25 8:27 AM,1,Melissa  Urena,,0.00,15.54,1.28,3.00,0.00
12060 Potranco Road,34,10/13/25 8:31 AM,1,Melissa  Urena,,0.00,14.85,1.22,0.00,0.00
12060 Potranco Road,35,10/13/25 8:34 AM,2,Leticia Roman,8,0.80,18.17,1.50,3.00,0.00
12060 Potranco Road,37,10/13/25 8:34 AM,1,Melissa  Urena,,0.00,10.36,0.86,0.00,0.00
12060 Potranco Road,38,10/13/25 8:36 AM,1,Melissa  Urena,,0.00,7.77,0.64,0.00,0.00
12060 Potranco Road,39,10/13/25 8:37 AM,2,Sugey Cabrera,23,0.00,24.92,2.05,5.00,0.00
12060 Potranco Road,40,10/13/25 8:41 AM,1,Sugey Cabrera,,7.70,9.54,0.78,0.00,0.00
12060 Potranco Road,41,10/13/25 8:42 AM,1,Melissa  Urena,,0.00,21.42,1.77,0.00,0.00
12060 Potranco Road,42,10/13/25 8:42 AM,2,Lizbeth Garcia,16,0.00,12.56,1.04,6.00,0.00
12060 Potranco Road,43,10/13/25 8:43 AM,1,Melissa  Urena,,0.00,19.36,1.60,0.00,0.00
12060 Potranco Road,44,10/13/25 8:43 AM,1,Melissa  Urena,,0.00,4.25,0.35,0.00,0.00
12060 Potranco Road,45,10/13/25 8:44 AM,1,Sugey Cabrera,,0.00,8.37,0.69,0.00,0.00
12060 Potranco Road,47,10/13/25 8:46 AM,2,Leticia Roman,21,0.00,24.83,2.05,0.00,0.00
12060 Potranco Road,49,10/13/25 8:48 AM,1,Melissa  Urena,,0.00,8.83,0.73,2.00,0.00
12060 Potranco Road,48,10/13/25 8:48 AM,3,Sugey Cabrera,5,0.00,31.84,2.62,5.00,0.00
12060 Potranco Road,52,10/13/25 8:51 AM,1,Melissa  Urena,,0.00,9.87,0.81,0.00,0.00
12060 Potranco Road,53,10/13/25 8:52 AM,1,Melissa  Urena,,0.00,9.76,0.81,0.00,0.00
12060 Potranco Road,54,10/13/25 9:00 AM,1,Melissa  Urena,,0.00,8.56,0.71,0.00,0.00
12060 Potranco Road,55,10/13/25 9:02 AM,1,Melissa  Urena,,0.00,15.44,1.28,2.00,0.00
12060 Potranco Road,56,10/13/25 9:06 AM,1,Melissa  Urena,,0.00,0.00,0.00,0.00,0.00
12060 Potranco Road,58,10/13/25 9:08 AM,1,Sugey Cabrera,3,0.00,15.25,1.27,5.00,0.00
12060 Potranco Road,60,10/13/25 9:10 AM,1,Melissa  Urena,,0.00,9.96,0.82,0.00,0.00
12060 Potranco Road,62,10/13/25 9:11 AM,3,Lizbeth Garcia,14,0.00,15.16,1.26,0.00,0.00
12060 Potranco Road,63,10/13/25 9:12 AM,1,Melissa  Urena,,0.00,25.72,2.13,0.00,0.00
12060 Potranco Road,65,10/13/25 9:15 AM,1,Melissa  Urena,,0.00,15.13,1.25,2.00,0.00
12060 Potranco Road,64,10/13/25 9:14 AM,1,Leticia Roman,,0.00,48.87,4.02,5.00,0.00
12060 Potranco Road,66,10/13/25 9:19 AM,1,Melissa  Urena,,0.00,5.58,0.46,2.00,0.00
12060 Potranco Road,67,10/13/25 9:21 AM,1,Leticia Roman,17,0.00,14.78,1.21,5.00,0.00
12060 Potranco Road,68,10/13/25 9:24 AM,2,Lizbeth Garcia,23,0.00,15.31,1.27,0.00,0.00
12060 Potranco Road,69,10/13/25 9:26 AM,1,Melissa  Urena,,0.00,5.98,0.49,2.00,0.00
12060 Potranco Road,70,10/13/25 9:26 AM,1,Melissa  Urena,,1.00,17.54,1.45,0.00,0.00
12060 Potranco Road,71,10/13/25 9:26 AM,1,Melissa  Urena,,0.00,8.68,0.71,0.00,0.00
12060 Potranco Road,72,10/13/25 9:26 AM,1,Melissa  Urena,,0.00,21.52,1.77,2.00,0.00
12060 Potranco Road,74,10/13/25 9:33 AM,2,Leticia Roman,15,0.00,27.25,2.25,0.00,0.00
12060 Potranco Road,75,10/13/25 9:34 AM,1,Melissa  Urena,,0.00,4.89,0.40,0.00,0.00
12060 Potranco Road,77,10/13/25 9:35 AM,1,Sugey Cabrera,,0.00,8.67,0.72,0.00,0.00
12060 Potranco Road,79,10/13/25 9:37 AM,1,Melissa  Urena,,0.00,31.21,2.57,0.00,0.00
12060 Potranco Road,80,10/13/25 9:39 AM,2,Sugey Cabrera,2,3.20,98.92,8.16,0.00,0.00
12060 Potranco Road,81,10/13/25 9:40 AM,1,Melissa  Urena,,0.00,18.93,1.56,3.00,0.00
12060 Potranco Road,82,10/13/25 9:41 AM,2,Lizbeth Garcia,31,0.00,29.35,2.42,5.00,0.00
12060 Potranco Road,83,10/13/25 9:47 AM,1,Melissa  Urena,,5.65,11.56,0.95,2.00,0.00
12060 Potranco Road,85,10/13/25 9:53 AM,2,Sugey Cabrera,17,0.00,34.21,2.83,5.00,0.00
12060 Potranco Road,84,10/13/25 9:49 AM,1,Melissa  Urena,,0.00,5.97,0.49,0.00,0.00
12060 Potranco Road,86,10/13/25 9:55 AM,1,Melissa  Urena,,0.00,11.96,0.99,0.00,0.00
12060 Potranco Road,87,10/13/25 9:55 AM,1,Melissa  Urena,,0.00,3.58,0.30,0.00,0.00
12060 Potranco Road,88,10/13/25 9:59 AM,2,Leticia Roman,21,0.00,33.60,2.76,6.72,0.00
12060 Potranco Road,89,10/13/25 10:02 AM,1,Melissa  Urena,,5.55,9.40,0.78,2.00,0.00
12060 Potranco Road,90,10/13/25 10:02 AM,1,Melissa  Urena,,0.00,12.85,1.06,0.00,0.00
12060 Potranco Road,91,10/13/25 10:06 AM,1,Melissa  Urena,,0.00,22.84,1.89,3.00,0.00
12060 Potranco Road,92,10/13/25 10:09 AM,1,Melissa  Urena,,0.00,10.66,0.87,0.00,0.00
12060 Potranco Road,93,10/13/25 10:15 AM,1,Melissa  Urena,,0.00,3.78,0.31,0.00,0.00
12060 Potranco Road,95,10/13/25 10:18 AM,1,Melissa  Urena,,0.00,11.47,0.95,0.00,0.00
12060 Potranco Road,94,10/13/25 10:18 AM,3,Lizbeth Garcia,1,0.00,39.74,3.29,5.00,0.00
12060 Potranco Road,96,10/13/25 10:21 AM,1,Melissa  Urena,,0.00,4.38,0.36,0.00,0.00
12060 Potranco Road,97,10/13/25 10:24 AM,1,Melissa  Urena,,0.00,3.98,0.33,0.00,0.00
12060 Potranco Road,98,10/13/25 10:25 AM,1,Melissa  Urena,,0.00,12.35,1.02,0.00,0.00
12060 Potranco Road,100,10/13/25 10:28 AM,2,Adrian Morales,3,0.00,36.50,3.02,8.00,0.00
12060 Potranco Road,101,10/13/25 10:31 AM,1,Melissa  Urena,,0.00,2.49,0.21,0.00,0.00
12060 Potranco Road,102,10/13/25 10:31 AM,1,Melissa  Urena,,0.00,40.97,3.38,3.00,0.00
12060 Potranco Road,104,10/13/25 10:32 AM,1,Melissa  Urena,,0.00,11.03,0.91,2.00,0.00
12060 Potranco Road,106,10/13/25 10:36 AM,2,Sugey Cabrera,29,0.00,33.01,2.72,10.00,0.00
12060 Potranco Road,105,10/13/25 10:36 AM,1,Melissa  Urena,,0.00,31.28,2.59,0.00,0.00
12060 Potranco Road,107,10/13/25 10:37 AM,1,Melissa  Urena,,0.00,21.44,1.78,0.00,0.00
12060 Potranco Road,108,10/13/25 10:40 AM,4,Leticia Roman,23,0.00,53.41,4.41,5.00,0.00
12060 Potranco Road,109,10/13/25 10:40 AM,1,Melissa  Urena,,0.00,30.19,2.50,0.00,0.00
12060 Potranco Road,111,10/13/25 10:41 AM,1,Melissa  Urena,,0.00,4.08,0.34,0.00,0.00
12060 Potranco Road,110,10/13/25 10:41 AM,1,Lizbeth Garcia,26,0.00,11.99,0.99,10.00,0.00
12060 Potranco Road,112,10/13/25 10:43 AM,1,Melissa  Urena,,0.00,13.85,1.14,0.00,0.00
12060 Potranco Road,113,10/13/25 10:43 AM,1,Sugey Cabrera,20,0.00,14.97,1.24,0.00,0.00
12060 Potranco Road,116,10/13/25 10:49 AM,1,Melissa  Urena,,0.00,14.28,1.18,0.00,0.00
12060 Potranco Road,117,10/13/25 10:49 AM,2,Leticia Roman,2,0.00,26.94,2.22,5.00,0.00
12060 Potranco Road,114,10/13/25 10:49 AM,2,Adrian Morales,14,0.00,62.80,5.19,0.00,0.00
12060 Potranco Road,119,10/13/25 10:51 AM,2,Lizbeth Garcia,16,0.00,28.61,2.36,5.00,0.00
12060 Potranco Road,120,10/13/25 10:55 AM,1,Melissa  Urena,,0.00,16.54,1.36,3.00,0.00
12060 Potranco Road,122,10/13/25 10:57 AM,1,Melissa  Urena,,0.00,40.95,3.38,0.00,0.00
12060 Potranco Road,121,10/13/25 10:56 AM,1,Sugey Cabrera,,0.00,9.36,0.77,0.00,0.00
12060 Potranco Road,123,10/13/25 10:58 AM,1,Melissa  Urena,,0.00,12.05,1.00,1.00,0.00
12060 Potranco Road,124,10/13/25 11:00 AM,1,Melissa  Urena,,0.00,0.00,0.00,0.00,0.00
12060 Potranco Road,126,10/13/25 11:05 AM,1,Melissa  Urena,,0.00,15.24,1.26,0.00,0.00
12060 Potranco Road,129,10/13/25 11:11 AM,1,Lizbeth Garcia,,0.00,9.56,0.79,2.00,0.00
12060 Potranco Road,127,10/13/25 11:10 AM,2,Adrian Morales,6,0.00,29.42,2.43,0.00,0.00
12060 Potranco Road,130,10/13/25 11:11 AM,1,Melissa  Urena,,0.80,7.16,0.60,0.00,0.00
12060 Potranco Road,128,10/13/25 11:11 AM,2,Sugey Cabrera,8,0.00,27.56,2.26,3.00,0.00
12060 Potranco Road,131,10/13/25 11:19 AM,1,Melissa  Urena,,0.00,11.35,0.95,2.00,0.00
12060 Potranco Road,132,10/13/25 11:19 AM,1,Lizbeth Garcia,15,0.00,14.98,1.24,2.00,0.00
12060 Potranco Road,133,10/13/25 11:20 AM,1,Carlos Morales,,0.00,2.99,0.25,0.00,0.00
12060 Potranco Road,134,10/13/25 11:21 AM,1,Melissa  Urena,,0.00,32.93,2.72,0.00,0.00
12060 Potranco Road,135,10/13/25 11:23 AM,7,Leticia Roman,37,0.00,77.50,6.40,10.00,0.00
12060 Potranco Road,136,10/13/25 11:23 AM,1,Melissa  Urena,,0.00,13.97,1.15,0.00,0.00
12060 Potranco Road,137,10/13/25 11:23 AM,1,Melissa  Urena,,0.00,7.56,0.63,0.00,0.00
12060 Potranco Road,138,10/13/25 11:24 AM,1,Melissa  Urena,,0.00,4.98,0.41,0.00,0.00
12060 Potranco Road,139,10/13/25 11:26 AM,1,Melissa  Urena,,0.00,11.47,0.95,0.00,0.00
12060 Potranco Road,140,10/13/25 11:28 AM,2,Adrian Morales,26,0.00,21.95,1.81,3.00,0.00
12060 Potranco Road,142,10/13/25 11:29 AM,1,Melissa  Urena,,0.00,4.58,0.38,0.00,0.00
12060 Potranco Road,141,10/13/25 11:29 AM,1,Sugey Cabrera,,0.00,14.94,1.23,0.00,0.00
12060 Potranco Road,145,10/13/25 11:32 AM,1,Melissa  Urena,,0.00,14.64,1.21,1.00,0.00
12060 Potranco Road,143,10/13/25 11:32 AM,2,Sugey Cabrera,1,0.00,42.25,3.48,7.00,0.00
12060 Potranco Road,146,10/13/25 11:33 AM,1,Melissa  Urena,,0.00,19.55,1.61,0.00,0.00
12060 Potranco Road,144,10/13/25 11:32 AM,5,Leticia Roman,21,0.00,69.48,5.74,12.00,13.90
12060 Potranco Road,147,10/13/25 11:34 AM,1,Sugey Cabrera,,0.00,14.74,1.22,0.00,0.00
12060 Potranco Road,148,10/13/25 11:36 AM,1,Melissa  Urena,,0.00,26.14,2.15,0.00,0.00
12060 Potranco Road,149,10/13/25 11:37 AM,1,Melissa  Urena,,0.00,0.60,0.05,0.00,0.00
12060 Potranco Road,150,10/13/25 11:43 AM,1,Melissa  Urena,,0.00,29.34,2.42,0.00,0.00
12060 Potranco Road,151,10/13/25 11:44 AM,1,Melissa  Urena,,0.00,22.74,1.88,0.00,0.00
12060 Potranco Road,152,10/13/25 11:49 AM,1,Melissa  Urena,,0.00,4.78,0.40,0.00,0.00
12060 Potranco Road,153,10/13/25 11:50 AM,2,Lizbeth Garcia,4,0.00,34.26,2.82,0.00,0.00
12060 Potranco Road,155,10/13/25 11:53 AM,1,Sugey Cabrera,,0.00,9.98,0.82,3.00,0.00
12060 Potranco Road,154,10/13/25 11:51 AM,5,Lizbeth Garcia,11,35.97,8.45,0.70,5.00,0.00
12060 Potranco Road,159,10/13/25 11:59 AM,1,Melissa  Urena,,0.00,5.57,0.46,1.11,0.00
12060 Potranco Road,161,10/13/25 12:00 PM,1,Melissa  Urena,,0.00,8.76,0.73,0.00,0.00
12060 Potranco Road,162,10/13/25 12:01 PM,1,Melissa  Urena,,0.00,5.77,0.48,0.00,0.00
12060 Potranco Road,164,10/13/25 12:03 PM,2,Adrian Morales,12,0.00,16.06,1.32,5.00,0.00
12060 Potranco Road,165,10/13/25 12:05 PM,1,Leticia Roman,,0.00,5.37,0.44,0.00,0.00
12060 Potranco Road,167,10/13/25 12:15 PM,3,Leticia Roman,14,0.00,65.52,5.39,10.00,0.00
12060 Potranco Road,168,10/13/25 12:19 PM,2,Adrian Morales,15,6.60,18.37,1.52,6.00,0.00
12060 Potranco Road,166,10/13/25 12:14 PM,6,Sugey Cabrera,16,0.00,61.70,5.08,0.00,0.00
12060 Potranco Road,169,10/13/25 12:22 PM,4,Lizbeth Garcia,25,0.00,50.04,4.12,7.14,0.00
12060 Potranco Road,174,10/13/25 12:28 PM,1,Melissa  Urena,,0.00,8.78,0.72,0.00,0.00
12060 Potranco Road,176,10/13/25 12:30 PM,2,Sugey Cabrera,21,0.00,35.55,2.93,4.00,0.00
12060 Potranco Road,177,10/13/25 12:38 PM,3,Leticia Roman,5,0.00,19.03,1.55,5.00,0.00
12060 Potranco Road,175,10/13/25 12:29 PM,1,Melissa  Urena,,0.00,9.47,0.78,2.00,0.00
12060 Potranco Road,178,10/13/25 12:41 PM,1,Melissa  Urena,,0.00,10.87,0.90,2.00,0.00
12060 Potranco Road,179,10/13/25 12:44 PM,1,Melissa  Urena,,0.00,8.78,0.72,0.00,0.00
12060 Potranco Road,180,10/13/25 12:45 PM,1,Melissa  Urena,,0.00,18.54,1.52,0.00,0.00
12060 Potranco Road,183,10/13/25 12:48 PM,1,Melissa  Urena,,0.00,12.56,1.04,1.40,0.00
12060 Potranco Road,181,10/13/25 12:47 PM,2,Adrian Morales,18,0.00,39.97,3.29,0.00,0.00
12060 Potranco Road,184,10/13/25 12:50 PM,3,Lizbeth Garcia,12,0.00,27.75,2.30,3.00,0.00
12060 Potranco Road,185,10/13/25 12:50 PM,3,Sugey Cabrera,3,0.00,31.68,2.61,0.00,0.00
12060 Potranco Road,186,10/13/25 12:52 PM,1,Melissa  Urena,,0.00,9.98,0.82,0.00,0.00
12060 Potranco Road,187,10/13/25 12:52 PM,1,Melissa  Urena,,0.00,14.87,1.23,0.00,0.00
12060 Potranco Road,188,10/13/25 12:55 PM,1,Melissa  Urena,,0.00,11.14,0.91,0.00,0.00
12060 Potranco Road,189,10/13/25 12:57 PM,1,Leticia Roman,8,0.00,19.98,1.65,2.00,0.00
12060 Potranco Road,190,10/13/25 12:58 PM,1,Melissa  Urena,,0.00,4.39,0.36,0.00,0.00
12060 Potranco Road,191,10/13/25 12:58 PM,1,Melissa  Urena,,0.00,21.94,1.80,30.00,0.00
12060 Potranco Road,192,10/13/25 12:59 PM,1,Sugey Cabrera,2,0.00,11.99,0.99,0.00,0.00
12060 Potranco Road,193,10/13/25 1:00 PM,1,Lizbeth Garcia,26,0.00,11.77,0.96,3.00,0.00
12060 Potranco Road,194,10/13/25 1:03 PM,1,Melissa  Urena,,0.00,3.98,0.33,0.00,0.00
12060 Potranco Road,195,10/13/25 1:05 PM,1,Melissa  Urena,,0.00,11.23,0.93,0.00,0.00
12060 Potranco Road,196,10/13/25 1:06 PM,1,Melissa  Urena,,0.00,9.98,0.82,0.00,0.00
12060 Potranco Road,197,10/13/25 1:07 PM,2,Adrian Morales,7,0.00,15.99,1.32,3.69,0.00
12060 Potranco Road,198,10/13/25 1:11 PM,1,Melissa  Urena,,5.25,9.10,0.73,2.00,0.00
12060 Potranco Road,199,10/13/25 1:14 PM,1,Melissa  Urena,,0.00,22.98,1.90,0.00,0.00
12060 Potranco Road,200,10/13/25 1:15 PM,1,Melissa  Urena,,0.00,22.35,1.84,0.00,0.00
12060 Potranco Road,201,10/13/25 1:16 PM,2,Leticia Roman,11,0.00,35.96,2.97,8.00,0.00
12060 Potranco Road,202,10/13/25 1:17 PM,2,Sugey Cabrera,23,0.00,17.95,1.49,15.00,0.00
12060 Potranco Road,203,10/13/25 1:19 PM,1,Melissa  Urena,,0.00,5.58,0.46,2.00,0.00
12060 Potranco Road,204,10/13/25 1:22 PM,5,Leticia Roman,27,0.00,74.32,6.12,10.00,0.00
12060 Potranco Road,206,10/13/25 1:26 PM,2,Adrian Morales,37,0.00,97.88,8.07,20.00,19.58
12060 Potranco Road,205,10/13/25 1:25 PM,5,Lizbeth Garcia,4,0.00,28.16,2.32,5.52,0.00
12060 Potranco Road,207,10/13/25 1:28 PM,3,Sugey Cabrera,34,0.00,26.23,2.17,0.00,0.00
12060 Potranco Road,208,10/13/25 1:31 PM,1,Melissa  Urena,,0.00,35.74,2.94,0.00,0.00
12060 Potranco Road,209,10/13/25 1:34 PM,1,Zoila Salinas,,0.00,3.99,0.33,0.00,0.00
12060 Potranco Road,211,10/13/25 1:41 PM,1,Melissa  Urena,,0.00,8.78,0.72,0.00,0.00
12060 Potranco Road,212,10/13/25 1:55 PM,1,Melissa  Urena,,0.00,7.99,0.66,0.00,0.00
12060 Potranco Road,213,10/13/25 1:59 PM,2,Lizbeth Garcia,14,0.00,17.82,1.47,5.00,0.00
12060 Potranco Road,214,10/13/25 2:07 PM,2,Lisa Velasquez,15,0.00,26.66,2.19,0.00,0.00
12060 Potranco Road,216,10/13/25 2:12 PM,1,Lisa Velasquez,,0.00,5.77,0.47,0.50,0.00
12060 Potranco Road,217,10/13/25 2:15 PM,2,Fernanda  Loera,23,0.00,9.57,0.80,4.00,0.00
12060 Potranco Road,218,10/13/25 2:20 PM,2,Lisa Velasquez,26,1.80,30.63,2.52,0.00,0.00
12060 Potranco Road,220,10/13/25 2:33 PM,1,Mario Jimenez,,0.00,9.98,0.82,0.00,0.00
12060 Potranco Road,222,10/13/25 2:36 PM,1,Mario Jimenez,,0.00,10.36,0.85,2.07,0.00
12060 Potranco Road,223,10/13/25 2:42 PM,1,Fernanda  Loera,,0.00,3.99,0.33,0.00,0.00
12060 Potranco Road,224,10/13/25 2:53 PM,1,Mario Jimenez,,6.47,25.89,2.14,0.00,0.00
12060 Potranco Road,226,10/13/25 3:06 PM,1,Mario Jimenez,,0.00,15.98,1.32,2.40,0.00
12060 Potranco Road,227,10/13/25 3:07 PM,1,Mario Jimenez,,0.00,8.98,0.74,1.98,0.00
12060 Potranco Road,229,10/13/25 3:11 PM,1,Candy Del Angel,,0.00,31.95,2.63,0.00,0.00
12060 Potranco Road,230,10/13/25 3:18 PM,1,Candy Del Angel,,0.00,43.90,3.62,0.00,0.00
12060 Potranco Road,231,10/13/25 3:18 PM,1,Mario Jimenez,,0.00,8.17,0.68,0.00,0.00
12060 Potranco Road,233,10/13/25 3:21 PM,1,Mario Jimenez,,0.00,25.56,2.11,0.00,0.00
12060 Potranco Road,236,10/13/25 3:25 PM,1,Mario Jimenez,,0.00,7.77,0.64,0.00,0.00
12060 Potranco Road,234,10/13/25 3:22 PM,1,Mario Jimenez,,0.00,18.99,1.57,2.00,0.00
12060 Potranco Road,238,10/13/25 3:36 PM,1,Candy Del Angel,,13.98,0.00,0.00,0.00,0.00
12060 Potranco Road,239,10/13/25 3:51 PM,1,Mario Jimenez,,0.00,11.46,0.95,1.72,0.00
12060 Potranco Road,242,10/13/25 3:58 PM,1,Mario Jimenez,,0.00,16.23,1.33,0.00,0.00
12060 Potranco Road,240,10/13/25 3:51 PM,1,Mario Jimenez,,0.00,4.99,0.41,0.00,0.00
12060 Potranco Road,243,10/13/25 4:46 PM,1,Mario Jimenez,,0.00,8.59,0.71,0.00,0.00
12060 Potranco Road,244,10/13/25 4:55 PM,2,Fernanda  Loera,3,0.00,18.25,1.50,5.25,0.00
12060 Potranco Road,241,10/13/25 3:53 PM,1,Fernanda  Loera,,0.00,0.00,0.00,0.00,0.00
12060 Potranco Road,246,10/13/25 5:22 PM,2,Lisa Velasquez,15,0.00,30.35,2.50,5.00,0.00
12060 Potranco Road,247,10/13/25 5:33 PM,1,Fernanda  Loera,1,0.00,4.39,0.36,0.00,0.00
12060 Potranco Road,248,10/13/25 5:46 PM,1,Mario Jimenez,,0.00,11.99,0.99,2.64,0.00
12060 Potranco Road,245,10/13/25 4:55 PM,1,Mario Jimenez,,0.00,32.02,2.64,4.80,0.00
12060 Potranco Road,250,10/13/25 6:03 PM,2,Fernanda  Loera,2,0.00,39.21,3.23,7.84,0.00
12060 Potranco Road,251,10/13/25 6:04 PM,2,Lisa Velasquez,15,0.00,44.96,3.71,7.00,0.00
12060 Potranco Road,252,10/13/25 6:05 PM,1,Candy Del Angel,,0.00,15.77,1.30,0.00,0.00
12060 Potranco Road,253,10/13/25 6:10 PM,1,Mario Jimenez,,0.00,13.99,1.15,0.00,0.00
12060 Potranco Road,249,10/13/25 6:02 PM,1,Mario Jimenez,,0.00,9.98,0.82,1.00,0.00
12060 Potranco Road,255,10/13/25 6:18 PM,1,Mario Jimenez,,0.00,2.40,0.20,0.00,0.00
12060 Potranco Road,256,10/13/25 6:20 PM,1,Fernanda  Loera,,0.00,31.96,2.64,6.00,0.00
12060 Potranco Road,258,10/13/25 7:00 PM,1,Mario Jimenez,,0.00,22.98,1.90,3.45,0.00
12060 Potranco Road,260,10/13/25 7:53 PM,1,Mario Jimenez,,0.00,10.77,0.89,0.00,0.00
12060 Potranco Road,261,10/13/25 8:04 PM,6,Fernanda  Loera,37,0.00,74.10,6.11,0.00,14.82
12060 Potranco Road,262,10/13/25 8:14 PM,1,Mario Jimenez,,0.00,23.98,1.98,0.00,0.00
12060 Potranco Road,263,10/13/25 8:14 PM,1,Mario Jimenez,,0.00,46.34,3.80,0.00,0.00
12060 Potranco Road,264,10/13/25 8:21 PM,2,Lisa Velasquez,2,0.00,25.92,2.13,5.00,0.00
12060 Potranco Road,266,10/13/25 8:34 PM,1,Mario Jimenez,,0.00,11.16,0.92,2.23,0.00
