Employee,Job Title,Regular Hours,Overtime Hours,Hourly Rate,Regular Pay,Overtime Pay,Total Pay,Net Sales,Declared Tips,Non-Cash Tips,Total Tips,Tips Withheld,Total Gratuity,Employee ID,Job Code,Location,Location Code
"Cabrera, Sugey",Server,8.21,0.0,3.00,24.63,0.00,24.63,716.35,0.00,69.00,69.00,0.00,12.19,,,12060 Potranco Road,
"Cardenas, Salvador",Cook,8.56,0.0,15.00,128.40,0.00,128.40,0.00,,0.00,0.00,0.00,0.00,,,12060 Potranco Road,
"Del Angel, Candy",Shift Manager / Assistant Manager,6.93,0.0,,,,,91.62,,0.00,0.00,0.00,0.00,,,12060 Potranco Road,
"GUTIERREZ, ERIC",Cook,7.02,0.0,16.00,112.32,0.00,112.32,0.00,,0.00,0.00,0.00,0.00,,,12060 Potranco Road,
"Garcia, Enriqueta",Chef,9.1,0.0,,,,,0.00,,0.00,0.00,0.00,0.00,,,12060 Potranco Road,
"Garcia, Lizbeth",Server,6.13,0.0,3.00,18.39,0.00,18.39,355.51,1.00,63.66,64.66,0.00,0.00,,,12060 Potranco Road,
"Jimenez, Mario",Driver,6.92,0.0,14.00,96.88,0.00,96.88,358.56,0.00,24.29,24.29,0.00,0.00,,,12060 Potranco Road,
"Lino Santana, David ",Prep,9.23,0.0,15.00,138.45,0.00,138.45,0.00,,0.00,0.00,0.00,0.00,,,12060 Potranco Road,
"Loera, Fernanda ",Server,7.23,0.0,,,,,181.47,0.00,23.09,23.09,0.00,14.82,,,12060 Potranco Road,
"Loera, Fernanda ",Runner,0.01,0.0,,,,,0.00,,0.00,0.00,0.00,0.00,,,12060 Potranco Road,
"Morales, Adrian",Server,4.7,0.0,3.00,14.10,0.00,14.10,338.94,0.00,45.69,45.69,0.00,19.58,,,12060 Potranco Road,
"Morales, Carlos",Busser,5.99,0.0,11.00,65.89,0.00,65.89,2.99,,0.00,0.00,0.00,0.00,,,12060 Potranco Road,
"Ojeda, George",Runner,8.45,0.0,12.50,105.62,0.00,105.62,0.00,,0.00,0.00,0.00,0.00,,,12060 Potranco Road,
"Roman, Leticia",Server,7.45,0.0,3.00,22.35,0.00,22.35,638.75,0.00,94.72,94.72,0.00,13.90,,,12060 Potranco Road,
"Rosales, Elsa",Tortillera,7.2,0.0,13.00,93.60,0.00,93.60,0.00,,0.00,0.00,0.00,0.00,,,12060 Potranco Road,
"Salinas, Zoila",General Manager,19.25,0.0,,,,,3.99,0.00,0.00,0.00,0.00,0.00,,,12060 Potranco Road,
"Urena, Melissa ",Host,8.05,0.0,12.00,96.60,0.00,96.60,1390.44,0.00,89.51,89.51,0.00,0.00,,,12060 Potranco Road,
"Vega, Estela",Tortillera,9.21,0.0,15.00,138.15,0.00,138.15,0.00,,0.00,0.00,0.00,0.00,,,12060 Potranco Road,
"Velasquez, Lisa",Server,7.31,0.0,3.00,21.93,0.00,21.93,164.29,3.00,17.50,20.50,0.00,0.00,,,12060 Potranco Road,
"vanenzuela, felix",Cook,6.68,0.0,,,,,0.00,,0.00,0.00,0.00,0.00,,,12060 Potranco Road,
