Location,Order #,Opened Date,Server,Table,Discount Name,Discount Reason,Comment,Discount Amount
Sandra's Cuisine - Potranco - 12060 Potranco Road,236,9/2/25 7:38 PM,Mario Jimenez,,Reward Dollars,,,6.75
Sandra's Cuisine - Potranco - 12060 Potranco Road,201,9/2/25 4:51 PM,Mario Jimenez,,Open % Check,,,1.46
Sandra's Cuisine - Potranco - 12060 Potranco Road,189,9/2/25 3:25 PM,Gabriel Tovar ,,Employee Discount - Item,Employee Discount,Employee,1.25
Sandra's Cuisine - Potranco - 12060 Potranco Road,189,9/2/25 3:25 PM,Gabriel Tovar ,,Employee Discount - Item,Employee Discount,Employee,4.99
Sandra's Cuisine - Potranco - 12060 Potranco Road,189,9/2/25 3:25 PM,Gabriel Tovar ,,Employee Discount - Item,Employee Discount,Employee,9.99
Sandra's Cuisine - Potranco - 12060 Potranco Road,189,9/2/25 3:25 PM,Gabriel Tovar ,,Employee Discount - Item,Employee Discount,Employee,1.99
Sandra's Cuisine - Potranco - 12060 Potranco Road,189,9/2/25 3:25 PM,Gabriel Tovar ,,Employee Discount - Item,Employee Discount,Employee,7.49
Sandra's Cuisine - Potranco - 12060 Potranco Road,189,9/2/25 3:25 PM,Gabriel Tovar ,,Employee Discount - Item,Employee Discount,Employee,5.99
Sandra's Cuisine - Potranco - 12060 Potranco Road,162,9/2/25 1:43 PM,Melissa  Urena,,Reward Dollars,,,11.25
Sandra's Cuisine - Potranco - 12060 Potranco Road,107,9/2/25 11:17 AM,Melissa  Urena,,Open % Check,,,0.52
Sandra's Cuisine - Potranco - 12060 Potranco Road,101,9/2/25 11:09 AM,Adrian Morales,28,Employee Discount - Check,Employee Discount,Employee,82.96
Sandra's Cuisine - Potranco - 12060 Potranco Road,94,9/2/25 11:00 AM,Lizbeth Garcia,3,Open % Item,,,0.28
Sandra's Cuisine - Potranco - 12060 Potranco Road,94,9/2/25 11:00 AM,Lizbeth Garcia,3,Open % Item,,,0.20
Sandra's Cuisine - Potranco - 12060 Potranco Road,91,9/2/25 10:53 AM,Melissa  Urena,,Reward Dollars,,,5.50
Sandra's Cuisine - Potranco - 12060 Potranco Road,74,9/2/25 10:19 AM,Candy Del Angel,,Open % Item,,,0.50
Sandra's Cuisine - Potranco - 12060 Potranco Road,57,9/2/25 9:51 AM,Adrian Morales,21,Open % Item,,,0.12
Sandra's Cuisine - Potranco - 12060 Potranco Road,57,9/2/25 9:51 AM,Adrian Morales,21,Open % Item,,,0.80
Sandra's Cuisine - Potranco - 12060 Potranco Road,57,9/2/25 9:51 AM,Adrian Morales,21,Open % Item,,,0.20
Sandra's Cuisine - Potranco - 12060 Potranco Road,57,9/2/25 9:51 AM,Adrian Morales,21,Open % Item,,,0.42
Sandra's Cuisine - Potranco - 12060 Potranco Road,57,9/2/25 9:51 AM,Adrian Morales,21,Open % Item,,,0.40
Sandra's Cuisine - Potranco - 12060 Potranco Road,57,9/2/25 9:51 AM,Adrian Morales,21,Open % Item,,,0.70
Sandra's Cuisine - Potranco - 12060 Potranco Road,57,9/2/25 9:51 AM,Adrian Morales,21,Open % Item,,,0.20
Sandra's Cuisine - Potranco - 12060 Potranco Road,57,9/2/25 9:51 AM,Adrian Morales,21,Open % Item,,,0.20
Sandra's Cuisine - Potranco - 12060 Potranco Road,57,9/2/25 9:51 AM,Adrian Morales,21,Open % Item,,,0.12
Sandra's Cuisine - Potranco - 12060 Potranco Road,49,9/2/25 9:33 AM,Adrian Morales,2,Open % Item,,,0.88
Sandra's Cuisine - Potranco - 12060 Potranco Road,49,9/2/25 9:33 AM,Adrian Morales,2,Open % Item,,,1.60
Sandra's Cuisine - Potranco - 12060 Potranco Road,21,9/2/25 8:21 AM,Sugey Cabrera,,Employee Discount - Check,Employee Discount,Employee,30.74
Sandra's Cuisine - Potranco - 12060 Potranco Road,11,9/2/25 7:23 AM,Melissa  Urena,,Open % Item,,,0.70
Sandra's Cuisine - Potranco - 12060 Potranco Road,11,9/2/25 7:23 AM,Melissa  Urena,,Open % Item,,,0.20
Sandra's Cuisine - Potranco - 12060 Potranco Road,11,9/2/25 7:23 AM,Melissa  Urena,,Open % Item,,,0.54
Sandra's Cuisine - Potranco - 12060 Potranco Road,11,9/2/25 7:23 AM,Melissa  Urena,,Open % Item,,,0.23
