Location,Server,Check #,Table,Station,Expediter Level,Fired Date,Fulfilled Date,Fulfillment Time,Fulfilled By
12060 Potranco Road,Melissa  Urena,4,,Food,,9/2/25 6:36 AM,9/2/25 6:39 AM,2 minutes and 50 seconds,KDS - Login Don't Delete
12060 Potranco Road,Melissa  Urena,2,,Food,,9/2/25 6:34 AM,9/2/25 6:39 AM,5 minutes and 14 seconds,KDS - Login Don't Delete
12060 Potranco Road,Melissa  Urena,2,,Drive Thru,,9/2/25 6:34 AM,9/2/25 6:39 AM,5 minutes and 14 seconds,KDS - Login Don't Delete
12060 Potranco Road,Melissa  Urena,5,,Food,,9/2/25 7:02 AM,9/2/25 7:05 AM,3 minutes and 10 seconds,KDS - Login Don't Delete
12060 Potranco Road,Melissa  Urena,5,,Drive Thru,,9/2/25 7:02 AM,9/2/25 7:05 AM,3 minutes and 10 seconds,KDS - Login Don't Delete
12060 Potranco Road,Lizbeth Garcia,6,5,Food,,9/2/25 7:06 AM,9/2/25 7:21 AM,14 minutes and 31 seconds,KDS - Login Don't Delete
12060 Potranco Road,Lizbeth Garcia,6,5,No Print,,9/2/25 7:06 AM,9/2/25 7:21 AM,14 minutes and 31 seconds,KDS - Login Don't Delete
12060 Potranco Road,Lizbeth Garcia,9,23,Food,,9/2/25 7:18 AM,9/2/25 7:26 AM,7 minutes and 48 seconds,KDS - Login Don't Delete
12060 Potranco Road,Lizbeth Garcia,9,23,No Print,,9/2/25 7:18 AM,9/2/25 7:26 AM,7 minutes and 48 seconds,KDS - Login Don't Delete
12060 Potranco Road,Melissa  Urena,7,,Food,,9/2/25 7:12 AM,9/2/25 7:27 AM,15 minutes and 9 seconds,KDS - Login Don't Delete
12060 Potranco Road,Melissa  Urena,7,,Drive Thru,,9/2/25 7:12 AM,9/2/25 7:27 AM,15 minutes and 9 seconds,KDS - Login Don't Delete
12060 Potranco Road,Melissa  Urena,8,,Food,,9/2/25 7:13 AM,9/2/25 7:27 AM,14 minutes and 30 seconds,KDS - Login Don't Delete
12060 Potranco Road,Melissa  Urena,8,,Drive Thru,,9/2/25 7:13 AM,9/2/25 7:27 AM,14 minutes and 30 seconds,KDS - Login Don't Delete
12060 Potranco Road,Melissa  Urena,10,,Food,,9/2/25 7:20 AM,9/2/25 7:27 AM,6 minutes and 52 seconds,KDS - Login Don't Delete
12060 Potranco Road,Melissa  Urena,10,,Drive Thru,,9/2/25 7:20 AM,9/2/25 7:27 AM,6 minutes and 52 seconds,KDS - Login Don't Delete
12060 Potranco Road,Melissa  Urena,11,,Food,,9/2/25 7:24 AM,9/2/25 7:27 AM,3 minutes and 33 seconds,KDS - Login Don't Delete
12060 Potranco Road,Melissa  Urena,11,,Drive Thru,,9/2/25 7:24 AM,9/2/25 7:27 AM,3 minutes and 33 seconds,KDS - Login Don't Delete
12060 Potranco Road,Melissa  Urena,12,,Food,,9/2/25 7:33 AM,9/2/25 7:42 AM,9 minutes and 11 seconds,KDS - Login Don't Delete
12060 Potranco Road,Melissa  Urena,12,,Drive Thru,,9/2/25 7:33 AM,9/2/25 7:42 AM,9 minutes and 11 seconds,KDS - Login Don't Delete
12060 Potranco Road,Melissa  Urena,13,,Food,,9/2/25 7:45 AM,9/2/25 7:46 AM,1 minute and 23 seconds,KDS - Login Don't Delete
12060 Potranco Road,Melissa  Urena,13,,Drive Thru,,9/2/25 7:45 AM,9/2/25 7:46 AM,1 minute and 23 seconds,KDS - Login Don't Delete
12060 Potranco Road,Sugey Cabrera,17,15,Food,,9/2/25 7:53 AM,9/2/25 7:59 AM,5 minutes and 49 seconds,KDS - Login Don't Delete
12060 Potranco Road,Sugey Cabrera,17,15,No Print,,9/2/25 7:53 AM,9/2/25 7:59 AM,5 minutes and 49 seconds,KDS - Login Don't Delete
12060 Potranco Road,Sugey Cabrera,17,15,Drive Thru,,9/2/25 7:53 AM,9/2/25 7:59 AM,5 minutes and 49 seconds,KDS - Login Don't Delete
12060 Potranco Road,Lizbeth Garcia,16,2,Food,,9/2/25 7:52 AM,9/2/25 7:59 AM,6 minutes and 44 seconds,KDS - Login Don't Delete
12060 Potranco Road,Lizbeth Garcia,16,2,No Print,,9/2/25 7:52 AM,9/2/25 7:59 AM,6 minutes and 44 seconds,KDS - Login Don't Delete
12060 Potranco Road,Lizbeth Garcia,9,23,,1,9/2/25 7:26 AM,9/2/25 8:00 AM,33 minutes and 52 seconds,KDS - Login Don't Delete
12060 Potranco Road,Melissa  Urena,14,,Food,,9/2/25 7:47 AM,9/2/25 8:01 AM,13 minutes and 51 seconds,KDS - Login Don't Delete
12060 Potranco Road,Melissa  Urena,14,,Drive Thru,,9/2/25 7:47 AM,9/2/25 8:01 AM,13 minutes and 51 seconds,KDS - Login Don't Delete
12060 Potranco Road,Sugey Cabrera,17,15,Food,,9/2/25 8:03 AM,9/2/25 8:04 AM,25 seconds,KDS - Login Don't Delete
12060 Potranco Road,Sugey Cabrera,17,15,No Print,,9/2/25 8:03 AM,9/2/25 8:04 AM,25 seconds,KDS - Login Don't Delete
12060 Potranco Road,Sugey Cabrera,18,18,Food,,9/2/25 8:04 AM,9/2/25 8:10 AM,5 minutes and 58 seconds,KDS - Login Don't Delete
12060 Potranco Road,Sugey Cabrera,18,18,No Print,,9/2/25 8:04 AM,9/2/25 8:10 AM,5 minutes and 58 seconds,KDS - Login Don't Delete
12060 Potranco Road,Melissa  Urena,19,,Food,,9/2/25 8:11 AM,9/2/25 8:19 AM,7 minutes and 47 seconds,KDS - Login Don't Delete
12060 Potranco Road,Melissa  Urena,19,,Drive Thru,,9/2/25 8:11 AM,9/2/25 8:19 AM,7 minutes and 47 seconds,KDS - Login Don't Delete
12060 Potranco Road,Melissa  Urena,19,,Food,,9/2/25 8:12 AM,9/2/25 8:19 AM,7 minutes and 4 seconds,KDS - Login Don't Delete
12060 Potranco Road,Melissa  Urena,19,,Drive Thru,,9/2/25 8:12 AM,9/2/25 8:19 AM,7 minutes and 4 seconds,KDS - Login Don't Delete
12060 Potranco Road,Melissa  Urena,20,,Food,,9/2/25 8:12 AM,9/2/25 8:19 AM,7 minutes and 1 second,KDS - Login Don't Delete
12060 Potranco Road,Lizbeth Garcia,16,2,,1,9/2/25 7:59 AM,9/2/25 8:23 AM,24 minutes and 23 seconds,KDS - Login Don't Delete
12060 Potranco Road,Sugey Cabrera,18,18,,1,9/2/25 8:10 AM,9/2/25 8:23 AM,13 minutes and 39 seconds,KDS - Login Don't Delete
12060 Potranco Road,Sugey Cabrera,17,15,,1,9/2/25 7:59 AM,9/2/25 8:23 AM,24 minutes and 21 seconds,KDS - Login Don't Delete
12060 Potranco Road,Lizbeth Garcia,6,5,,1,9/2/25 7:21 AM,9/2/25 8:23 AM,"1 hour, 2 minutes and 14 seconds",KDS - Login Don't Delete
12060 Potranco Road,Sugey Cabrera,17,15,,1,9/2/25 8:04 AM,9/2/25 8:23 AM,19 minutes and 31 seconds,KDS - Login Don't Delete
12060 Potranco Road,Sugey Cabrera,21,,Food,,9/2/25 8:22 AM,9/2/25 8:27 AM,5 minutes and 47 seconds,KDS - Login Don't Delete
12060 Potranco Road,Sugey Cabrera,21,,No Print,,9/2/25 8:22 AM,9/2/25 8:27 AM,5 minutes and 47 seconds,KDS - Login Don't Delete
12060 Potranco Road,Sugey Cabrera,21,,Food,,9/2/25 8:25 AM,9/2/25 8:27 AM,2 minutes and 16 seconds,KDS - Login Don't Delete
12060 Potranco Road,Sugey Cabrera,21,,No Print,,9/2/25 8:25 AM,9/2/25 8:27 AM,2 minutes and 16 seconds,KDS - Login Don't Delete
12060 Potranco Road,Sugey Cabrera,21,,Food,,9/2/25 8:22 AM,9/2/25 8:35 AM,12 minutes and 9 seconds,KDS - Login Don't Delete
12060 Potranco Road,Sugey Cabrera,21,,No Print,,9/2/25 8:22 AM,9/2/25 8:35 AM,12 minutes and 9 seconds,KDS - Login Don't Delete
12060 Potranco Road,Sugey Cabrera,21,,Drive Thru,,9/2/25 8:22 AM,9/2/25 8:35 AM,12 minutes and 9 seconds,KDS - Login Don't Delete
12060 Potranco Road,Melissa  Urena,23,,Food,,9/2/25 8:33 AM,9/2/25 8:41 AM,7 minutes and 31 seconds,KDS - Login Don't Delete
12060 Potranco Road,Melissa  Urena,23,,Drive Thru,,9/2/25 8:33 AM,9/2/25 8:41 AM,7 minutes and 31 seconds,KDS - Login Don't Delete
12060 Potranco Road,Melissa  Urena,22,,Food,,9/2/25 8:33 AM,9/2/25 8:41 AM,8 minutes and 7 seconds,KDS - Login Don't Delete
12060 Potranco Road,Melissa  Urena,22,,Drive Thru,,9/2/25 8:33 AM,9/2/25 8:41 AM,8 minutes and 7 seconds,KDS - Login Don't Delete
12060 Potranco Road,Melissa  Urena,24,,Food,,9/2/25 8:44 AM,9/2/25 8:52 AM,7 minutes and 28 seconds,KDS - Login Don't Delete
12060 Potranco Road,Melissa  Urena,24,,Drive Thru,,9/2/25 8:44 AM,9/2/25 8:52 AM,7 minutes and 28 seconds,KDS - Login Don't Delete
12060 Potranco Road,Melissa  Urena,25,,Food,,9/2/25 8:46 AM,9/2/25 8:52 AM,5 minutes and 52 seconds,KDS - Login Don't Delete
12060 Potranco Road,Melissa  Urena,27,,Food,,9/2/25 8:48 AM,9/2/25 8:52 AM,3 minutes and 25 seconds,KDS - Login Don't Delete
12060 Potranco Road,Melissa  Urena,26,,Food,,9/2/25 8:47 AM,9/2/25 8:52 AM,4 minutes and 29 seconds,KDS - Login Don't Delete
12060 Potranco Road,Melissa  Urena,26,,Drive Thru,,9/2/25 8:47 AM,9/2/25 8:52 AM,4 minutes and 29 seconds,KDS - Login Don't Delete
12060 Potranco Road,Melissa  Urena,25,,Drive Thru,,9/2/25 8:46 AM,9/2/25 8:52 AM,5 minutes and 52 seconds,KDS - Login Don't Delete
12060 Potranco Road,Melissa  Urena,28,,Food,,9/2/25 8:53 AM,9/2/25 9:00 AM,7 minutes and 4 seconds,KDS - Login Don't Delete
12060 Potranco Road,Melissa  Urena,28,,Drive Thru,,9/2/25 8:53 AM,9/2/25 9:00 AM,7 minutes and 4 seconds,KDS - Login Don't Delete
12060 Potranco Road,Melissa  Urena,29,,Food,,9/2/25 8:55 AM,9/2/25 9:00 AM,4 minutes and 33 seconds,KDS - Login Don't Delete
12060 Potranco Road,Melissa  Urena,29,,Drive Thru,,9/2/25 8:55 AM,9/2/25 9:00 AM,4 minutes and 33 seconds,KDS - Login Don't Delete
12060 Potranco Road,Melissa  Urena,29,,Food,,9/2/25 8:55 AM,9/2/25 9:00 AM,4 minutes and 20 seconds,KDS - Login Don't Delete
12060 Potranco Road,Melissa  Urena,29,,Drive Thru,,9/2/25 8:55 AM,9/2/25 9:00 AM,4 minutes and 20 seconds,KDS - Login Don't Delete
12060 Potranco Road,Melissa  Urena,30,,Food,,9/2/25 8:59 AM,9/2/25 9:06 AM,6 minutes and 21 seconds,KDS - Login Don't Delete
12060 Potranco Road,Melissa  Urena,30,,Drive Thru,,9/2/25 8:59 AM,9/2/25 9:06 AM,6 minutes and 21 seconds,KDS - Login Don't Delete
12060 Potranco Road,Melissa  Urena,32,,Food,,9/2/25 9:01 AM,9/2/25 9:06 AM,5 minutes and 4 seconds,KDS - Login Don't Delete
12060 Potranco Road,Melissa  Urena,32,,Drive Thru,,9/2/25 9:01 AM,9/2/25 9:06 AM,5 minutes and 4 seconds,KDS - Login Don't Delete
12060 Potranco Road,Melissa  Urena,32,,Food,,9/2/25 9:03 AM,9/2/25 9:06 AM,3 minutes and 3 seconds,KDS - Login Don't Delete
12060 Potranco Road,Melissa  Urena,32,,Food,,9/2/25 9:01 AM,9/2/25 9:06 AM,5 minutes and 5 seconds,KDS - Login Don't Delete
12060 Potranco Road,Melissa  Urena,32,,Drive Thru,,9/2/25 9:01 AM,9/2/25 9:06 AM,5 minutes and 5 seconds,KDS - Login Don't Delete
12060 Potranco Road,Adrian Morales,31,26,Food,,9/2/25 9:01 AM,9/2/25 9:06 AM,5 minutes and 43 seconds,KDS - Login Don't Delete
12060 Potranco Road,Adrian Morales,31,26,No Print,,9/2/25 9:01 AM,9/2/25 9:06 AM,5 minutes and 43 seconds,KDS - Login Don't Delete
12060 Potranco Road,Lizbeth Garcia,33,20,Food,,9/2/25 9:07 AM,9/2/25 9:11 AM,4 minutes,KDS - Login Don't Delete
12060 Potranco Road,Lizbeth Garcia,33,20,No Print,,9/2/25 9:07 AM,9/2/25 9:11 AM,4 minutes,KDS - Login Don't Delete
12060 Potranco Road,Adrian Morales,34,8,,1,9/2/25 9:15 AM,9/2/25 9:18 AM,3 minutes and 44 seconds,KDS - Login Don't Delete
12060 Potranco Road,Lizbeth Garcia,36,1,,1,9/2/25 9:16 AM,9/2/25 9:18 AM,2 minutes and 40 seconds,KDS - Login Don't Delete
12060 Potranco Road,Sugey Cabrera,35,34,Food,,9/2/25 9:16 AM,9/2/25 9:20 AM,4 minutes and 19 seconds,KDS - Login Don't Delete
12060 Potranco Road,Sugey Cabrera,35,34,No Print,,9/2/25 9:16 AM,9/2/25 9:20 AM,4 minutes and 19 seconds,KDS - Login Don't Delete
12060 Potranco Road,Sugey Cabrera,35,34,,1,9/2/25 9:20 AM,9/2/25 9:22 AM,1 minute and 23 seconds,KDS - Login Don't Delete
12060 Potranco Road,Sugey Cabrera,35,34,,1,9/2/25 9:25 AM,9/2/25 9:25 AM,31 seconds,KDS - Login Don't Delete
12060 Potranco Road,Sugey Cabrera,42,23,,1,9/2/25 9:25 AM,9/2/25 9:25 AM,16 seconds,KDS - Login Don't Delete
12060 Potranco Road,Melissa  Urena,40,,Food,,9/2/25 9:20 AM,9/2/25 9:26 AM,6 minutes and 17 seconds,KDS - Login Don't Delete
12060 Potranco Road,Melissa  Urena,37,,Food,,9/2/25 9:16 AM,9/2/25 9:26 AM,10 minutes and 5 seconds,KDS - Login Don't Delete
12060 Potranco Road,Melissa  Urena,37,,Drive Thru,,9/2/25 9:16 AM,9/2/25 9:26 AM,10 minutes and 5 seconds,KDS - Login Don't Delete
12060 Potranco Road,Melissa  Urena,41,,Food,,9/2/25 9:24 AM,9/2/25 9:26 AM,2 minutes and 5 seconds,KDS - Login Don't Delete
12060 Potranco Road,Melissa  Urena,41,,Drive Thru,,9/2/25 9:24 AM,9/2/25 9:26 AM,2 minutes and 5 seconds,KDS - Login Don't Delete
12060 Potranco Road,Melissa  Urena,40,,Drive Thru,,9/2/25 9:20 AM,9/2/25 9:26 AM,6 minutes and 17 seconds,KDS - Login Don't Delete
12060 Potranco Road,Melissa  Urena,48,,Food,,9/2/25 9:31 AM,9/2/25 9:36 AM,4 minutes and 52 seconds,KDS - Login Don't Delete
12060 Potranco Road,Melissa  Urena,47,,Food,,9/2/25 9:31 AM,9/2/25 9:36 AM,5 minutes and 16 seconds,KDS - Login Don't Delete
12060 Potranco Road,Melissa  Urena,45,,Food,,9/2/25 9:29 AM,9/2/25 9:36 AM,6 minutes and 46 seconds,KDS - Login Don't Delete
12060 Potranco Road,Melissa  Urena,45,,Drive Thru,,9/2/25 9:29 AM,9/2/25 9:36 AM,6 minutes and 46 seconds,KDS - Login Don't Delete
12060 Potranco Road,Melissa  Urena,45,,Food,,9/2/25 9:30 AM,9/2/25 9:36 AM,5 minutes and 38 seconds,KDS - Login Don't Delete
12060 Potranco Road,Melissa  Urena,45,,Drive Thru,,9/2/25 9:30 AM,9/2/25 9:36 AM,5 minutes and 38 seconds,KDS - Login Don't Delete
12060 Potranco Road,Melissa  Urena,48,,Food,,9/2/25 9:36 AM,9/2/25 9:43 AM,6 minutes and 35 seconds,KDS - Login Don't Delete
12060 Potranco Road,Melissa  Urena,52,,Food,,9/2/25 9:40 AM,9/2/25 9:43 AM,2 minutes and 43 seconds,KDS - Login Don't Delete
12060 Potranco Road,Melissa  Urena,51,,Food,,9/2/25 9:37 AM,9/2/25 9:43 AM,5 minutes and 25 seconds,KDS - Login Don't Delete
12060 Potranco Road,Melissa  Urena,51,,Drive Thru,,9/2/25 9:37 AM,9/2/25 9:43 AM,5 minutes and 25 seconds,KDS - Login Don't Delete
12060 Potranco Road,Adrian Morales,49,2,Food,,9/2/25 9:35 AM,9/2/25 9:43 AM,8 minutes and 7 seconds,KDS - Login Don't Delete
12060 Potranco Road,Adrian Morales,49,2,No Print,,9/2/25 9:35 AM,9/2/25 9:43 AM,8 minutes and 7 seconds,KDS - Login Don't Delete
12060 Potranco Road,Sugey Cabrera,21,,,1,9/2/25 8:27 AM,9/2/25 9:45 AM,"1 hour, 18 minutes and 9 seconds",KDS - Login Don't Delete
12060 Potranco Road,Sugey Cabrera,21,,,1,9/2/25 8:35 AM,9/2/25 9:46 AM,"1 hour, 10 minutes and 58 seconds",KDS - Login Don't Delete
12060 Potranco Road,Sugey Cabrera,21,,,1,9/2/25 8:27 AM,9/2/25 9:46 AM,"1 hour, 18 minutes and 10 seconds",KDS - Login Don't Delete
12060 Potranco Road,Adrian Morales,31,26,,1,9/2/25 9:06 AM,9/2/25 9:46 AM,39 minutes and 12 seconds,KDS - Login Don't Delete
12060 Potranco Road,Lizbeth Garcia,33,20,,1,9/2/25 9:11 AM,9/2/25 9:46 AM,35 minutes and 2 seconds,KDS - Login Don't Delete
12060 Potranco Road,Adrian Morales,49,2,,1,9/2/25 9:43 AM,9/2/25 9:46 AM,2 minutes and 53 seconds,KDS - Login Don't Delete
12060 Potranco Road,Lizbeth Garcia,53,30,Food,,9/2/25 9:47 AM,9/2/25 9:50 AM,3 minutes and 14 seconds,KDS - Login Don't Delete
12060 Potranco Road,Lizbeth Garcia,53,30,No Print,,9/2/25 9:47 AM,9/2/25 9:50 AM,3 minutes and 14 seconds,KDS - Login Don't Delete
12060 Potranco Road,Sugey Cabrera,55,27,Food,,9/2/25 9:49 AM,9/2/25 9:55 AM,6 minutes and 1 second,KDS - Login Don't Delete
12060 Potranco Road,Sugey Cabrera,55,27,No Print,,9/2/25 9:49 AM,9/2/25 9:55 AM,6 minutes and 1 second,KDS - Login Don't Delete
12060 Potranco Road,Melissa  Urena,56,,Food,,9/2/25 9:50 AM,9/2/25 9:55 AM,5 minutes and 21 seconds,KDS - Login Don't Delete
12060 Potranco Road,Melissa  Urena,54,,Food,,9/2/25 9:47 AM,9/2/25 9:55 AM,8 minutes and 33 seconds,KDS - Login Don't Delete
12060 Potranco Road,Melissa  Urena,54,,Drive Thru,,9/2/25 9:47 AM,9/2/25 9:55 AM,8 minutes and 33 seconds,KDS - Login Don't Delete
12060 Potranco Road,Melissa  Urena,58,,Food,,9/2/25 9:51 AM,9/2/25 9:55 AM,4 minutes and 5 seconds,KDS - Login Don't Delete
12060 Potranco Road,Melissa  Urena,58,,Drive Thru,,9/2/25 9:51 AM,9/2/25 9:55 AM,4 minutes and 5 seconds,KDS - Login Don't Delete
12060 Potranco Road,Sugey Cabrera,55,27,,1,9/2/25 9:55 AM,9/2/25 9:56 AM,43 seconds,KDS - Login Don't Delete
12060 Potranco Road,Sugey Cabrera,55,27,Drive Thru,,9/2/25 9:57 AM,9/2/25 9:59 AM,1 minute and 57 seconds,KDS - Login Don't Delete
12060 Potranco Road,Sugey Cabrera,55,27,Food,,9/2/25 9:57 AM,9/2/25 9:59 AM,1 minute and 57 seconds,KDS - Login Don't Delete
12060 Potranco Road,Adrian Morales,57,21,Food,,9/2/25 9:55 AM,9/2/25 9:59 AM,3 minutes and 57 seconds,KDS - Login Don't Delete
12060 Potranco Road,Adrian Morales,57,21,No Print,,9/2/25 9:55 AM,9/2/25 9:59 AM,3 minutes and 57 seconds,KDS - Login Don't Delete
12060 Potranco Road,Adrian Morales,57,21,Drive Thru,,9/2/25 9:55 AM,9/2/25 9:59 AM,3 minutes and 57 seconds,KDS - Login Don't Delete
12060 Potranco Road,Adrian Morales,60,5,Food,,9/2/25 9:59 AM,9/2/25 10:02 AM,3 minutes and 8 seconds,KDS - Login Don't Delete
12060 Potranco Road,Adrian Morales,60,5,No Print,,9/2/25 9:59 AM,9/2/25 10:02 AM,3 minutes and 8 seconds,KDS - Login Don't Delete
12060 Potranco Road,Lizbeth Garcia,59,1,Food,,9/2/25 9:58 AM,9/2/25 10:02 AM,4 minutes and 26 seconds,KDS - Login Don't Delete
12060 Potranco Road,Lizbeth Garcia,59,1,No Print,,9/2/25 9:58 AM,9/2/25 10:02 AM,4 minutes and 26 seconds,KDS - Login Don't Delete
12060 Potranco Road,Melissa  Urena,61,,Food,,9/2/25 9:59 AM,9/2/25 10:03 AM,3 minutes and 8 seconds,KDS - Login Don't Delete
12060 Potranco Road,Melissa  Urena,61,,Drive Thru,,9/2/25 9:59 AM,9/2/25 10:03 AM,3 minutes and 8 seconds,KDS - Login Don't Delete
12060 Potranco Road,Melissa  Urena,61,,Food,,9/2/25 10:00 AM,9/2/25 10:03 AM,2 minutes and 31 seconds,KDS - Login Don't Delete
12060 Potranco Road,Melissa  Urena,61,,Drive Thru,,9/2/25 10:00 AM,9/2/25 10:03 AM,2 minutes and 31 seconds,KDS - Login Don't Delete
12060 Potranco Road,Lizbeth Garcia,65,,Food,,9/2/25 10:03 AM,9/2/25 10:09 AM,5 minutes and 51 seconds,KDS - Login Don't Delete
12060 Potranco Road,Lizbeth Garcia,65,,No Print,,9/2/25 10:03 AM,9/2/25 10:09 AM,5 minutes and 51 seconds,KDS - Login Don't Delete
12060 Potranco Road,Sugey Cabrera,63,3,Food,,9/2/25 10:02 AM,9/2/25 10:09 AM,6 minutes and 32 seconds,KDS - Login Don't Delete
12060 Potranco Road,Sugey Cabrera,63,3,No Print,,9/2/25 10:02 AM,9/2/25 10:09 AM,6 minutes and 32 seconds,KDS - Login Don't Delete
12060 Potranco Road,Sugey Cabrera,55,27,Drive Thru,,9/2/25 10:06 AM,9/2/25 10:09 AM,2 minutes and 52 seconds,KDS - Login Don't Delete
12060 Potranco Road,Sugey Cabrera,55,27,Food,,9/2/25 10:06 AM,9/2/25 10:09 AM,2 minutes and 52 seconds,KDS - Login Don't Delete
12060 Potranco Road,Adrian Morales,57,21,Drive Thru,,9/2/25 10:07 AM,9/2/25 10:10 AM,2 minutes and 51 seconds,KDS - Login Don't Delete
12060 Potranco Road,Adrian Morales,57,21,Food,,9/2/25 10:07 AM,9/2/25 10:10 AM,2 minutes and 51 seconds,KDS - Login Don't Delete
12060 Potranco Road,Adrian Morales,60,5,Drive Thru,,9/2/25 10:07 AM,9/2/25 10:10 AM,2 minutes and 59 seconds,KDS - Login Don't Delete
12060 Potranco Road,Adrian Morales,60,5,Food,,9/2/25 10:07 AM,9/2/25 10:10 AM,2 minutes and 59 seconds,KDS - Login Don't Delete
12060 Potranco Road,Sugey Cabrera,55,27,,1,9/2/25 10:09 AM,9/2/25 10:10 AM,1 minute and 26 seconds,KDS - Login Don't Delete
12060 Potranco Road,Adrian Morales,57,21,,1,9/2/25 10:10 AM,9/2/25 10:11 AM,21 seconds,KDS - Login Don't Delete
12060 Potranco Road,Sugey Cabrera,63,3,,1,9/2/25 10:09 AM,9/2/25 10:10 AM,1 minute and 28 seconds,KDS - Login Don't Delete
12060 Potranco Road,Sugey Cabrera,55,27,,1,9/2/25 9:59 AM,9/2/25 10:11 AM,11 minutes and 6 seconds,KDS - Login Don't Delete
12060 Potranco Road,Adrian Morales,60,5,,1,9/2/25 10:02 AM,9/2/25 10:11 AM,8 minutes and 3 seconds,KDS - Login Don't Delete
12060 Potranco Road,Lizbeth Garcia,53,30,,1,9/2/25 9:50 AM,9/2/25 10:11 AM,20 minutes and 39 seconds,KDS - Login Don't Delete
12060 Potranco Road,Lizbeth Garcia,59,1,,1,9/2/25 10:02 AM,9/2/25 10:11 AM,8 minutes and 4 seconds,KDS - Login Don't Delete
12060 Potranco Road,Adrian Morales,57,21,,1,9/2/25 9:59 AM,9/2/25 10:11 AM,11 minutes and 4 seconds,KDS - Login Don't Delete
12060 Potranco Road,Adrian Morales,60,5,,1,9/2/25 10:10 AM,9/2/25 10:11 AM,19 seconds,KDS - Login Don't Delete
12060 Potranco Road,Sugey Cabrera,67,34,,1,9/2/25 10:07 AM,9/2/25 10:12 AM,5 minutes and 13 seconds,KDS - Login Don't Delete
12060 Potranco Road,Melissa  Urena,66,,Food,,9/2/25 10:05 AM,9/2/25 10:13 AM,7 minutes and 39 seconds,KDS - Login Don't Delete
12060 Potranco Road,Melissa  Urena,66,,Drive Thru,,9/2/25 10:05 AM,9/2/25 10:13 AM,7 minutes and 39 seconds,KDS - Login Don't Delete
12060 Potranco Road,Melissa  Urena,69,,Food,,9/2/25 10:11 AM,9/2/25 10:15 AM,4 minutes and 6 seconds,KDS - Login Don't Delete
12060 Potranco Road,Melissa  Urena,69,,Drive Thru,,9/2/25 10:11 AM,9/2/25 10:15 AM,4 minutes and 6 seconds,KDS - Login Don't Delete
12060 Potranco Road,Melissa  Urena,68,,Food,,9/2/25 10:10 AM,9/2/25 10:15 AM,4 minutes and 34 seconds,KDS - Login Don't Delete
12060 Potranco Road,Melissa  Urena,68,,Drive Thru,,9/2/25 10:10 AM,9/2/25 10:15 AM,4 minutes and 34 seconds,KDS - Login Don't Delete
12060 Potranco Road,Melissa  Urena,70,,Food,,9/2/25 10:12 AM,9/2/25 10:15 AM,3 minutes and 25 seconds,KDS - Login Don't Delete
12060 Potranco Road,Melissa  Urena,70,,Drive Thru,,9/2/25 10:12 AM,9/2/25 10:15 AM,3 minutes and 25 seconds,KDS - Login Don't Delete
12060 Potranco Road,Melissa  Urena,70,,Food,,9/2/25 10:12 AM,9/2/25 10:15 AM,3 minutes and 5 seconds,KDS - Login Don't Delete
12060 Potranco Road,Melissa  Urena,70,,Drive Thru,,9/2/25 10:12 AM,9/2/25 10:15 AM,3 minutes and 5 seconds,KDS - Login Don't Delete
12060 Potranco Road,Adrian Morales,72,2,Food,,9/2/25 10:14 AM,9/2/25 10:19 AM,4 minutes and 33 seconds,KDS - Login Don't Delete
12060 Potranco Road,Adrian Morales,72,2,No Print,,9/2/25 10:14 AM,9/2/25 10:19 AM,4 minutes and 33 seconds,KDS - Login Don't Delete
12060 Potranco Road,Melissa  Urena,73,,Drive Thru,,9/2/25 10:18 AM,9/2/25 10:20 AM,1 minute and 22 seconds,KDS - Login Don't Delete
12060 Potranco Road,Melissa  Urena,73,,Food,,9/2/25 10:18 AM,9/2/25 10:20 AM,1 minute and 22 seconds,KDS - Login Don't Delete
12060 Potranco Road,Candy Del Angel,64,,Drive Thru,,9/2/25 10:02 AM,9/2/25 10:20 AM,17 minutes and 51 seconds,KDS - Login Don't Delete
12060 Potranco Road,Candy Del Angel,64,,Food,,9/2/25 10:02 AM,9/2/25 10:20 AM,17 minutes and 51 seconds,KDS - Login Don't Delete
12060 Potranco Road,Adrian Morales,72,2,,1,9/2/25 10:19 AM,9/2/25 10:21 AM,2 minutes and 26 seconds,KDS - Login Don't Delete
12060 Potranco Road,Candy Del Angel,64,,,1,9/2/25 10:20 AM,9/2/25 10:22 AM,2 minutes and 23 seconds,KDS - Login Don't Delete
12060 Potranco Road,Lizbeth Garcia,71,25,Food,,9/2/25 10:13 AM,9/2/25 10:24 AM,10 minutes and 23 seconds,KDS - Login Don't Delete
12060 Potranco Road,Lizbeth Garcia,71,25,No Print,,9/2/25 10:13 AM,9/2/25 10:24 AM,10 minutes and 23 seconds,KDS - Login Don't Delete
12060 Potranco Road,Melissa  Urena,73,,,1,9/2/25 10:20 AM,9/2/25 10:26 AM,6 minutes and 33 seconds,KDS - Login Don't Delete
12060 Potranco Road,Lizbeth Garcia,65,,,1,9/2/25 10:09 AM,9/2/25 10:26 AM,17 minutes and 14 seconds,KDS - Login Don't Delete
12060 Potranco Road,Melissa  Urena,79,,Food,,9/2/25 10:24 AM,9/2/25 10:27 AM,3 minutes and 6 seconds,KDS - Login Don't Delete
12060 Potranco Road,Melissa  Urena,79,,Drive Thru,,9/2/25 10:24 AM,9/2/25 10:27 AM,3 minutes and 6 seconds,KDS - Login Don't Delete
12060 Potranco Road,Candy Del Angel,77,,Drive Thru,,9/2/25 10:25 AM,9/2/25 10:28 AM,2 minutes and 44 seconds,KDS - Login Don't Delete
12060 Potranco Road,Candy Del Angel,77,,Food,,9/2/25 10:25 AM,9/2/25 10:28 AM,2 minutes and 44 seconds,KDS - Login Don't Delete
12060 Potranco Road,Candy Del Angel,74,,Drive Thru,,9/2/25 10:21 AM,9/2/25 10:28 AM,6 minutes and 34 seconds,KDS - Login Don't Delete
12060 Potranco Road,Candy Del Angel,74,,Food,,9/2/25 10:21 AM,9/2/25 10:28 AM,6 minutes and 34 seconds,KDS - Login Don't Delete
12060 Potranco Road,Adrian Morales,57,21,Food,,9/2/25 10:25 AM,9/2/25 10:28 AM,2 minutes and 49 seconds,KDS - Login Don't Delete
12060 Potranco Road,Sugey Cabrera,63,3,Food,,9/2/25 10:25 AM,9/2/25 10:28 AM,2 minutes and 21 seconds,KDS - Login Don't Delete
12060 Potranco Road,Sugey Cabrera,63,3,No Print,,9/2/25 10:25 AM,9/2/25 10:28 AM,2 minutes and 21 seconds,KDS - Login Don't Delete
12060 Potranco Road,Lizbeth Garcia,71,25,Food,,9/2/25 10:26 AM,9/2/25 10:28 AM,1 minute and 50 seconds,KDS - Login Don't Delete
12060 Potranco Road,Lizbeth Garcia,71,25,No Print,,9/2/25 10:26 AM,9/2/25 10:28 AM,1 minute and 50 seconds,KDS - Login Don't Delete
12060 Potranco Road,Sugey Cabrera,63,3,,1,9/2/25 10:28 AM,9/2/25 10:29 AM,55 seconds,KDS - Login Don't Delete
12060 Potranco Road,Sugey Cabrera,75,15,Food,,9/2/25 10:24 AM,9/2/25 10:29 AM,4 minutes and 43 seconds,KDS - Login Don't Delete
12060 Potranco Road,Sugey Cabrera,75,15,No Print,,9/2/25 10:24 AM,9/2/25 10:29 AM,4 minutes and 43 seconds,KDS - Login Don't Delete
12060 Potranco Road,Candy Del Angel,77,,,1,9/2/25 10:28 AM,9/2/25 10:29 AM,1 minute and 33 seconds,KDS - Login Don't Delete
12060 Potranco Road,Lizbeth Garcia,71,25,,1,9/2/25 10:28 AM,9/2/25 10:29 AM,1 minute and 24 seconds,KDS - Login Don't Delete
12060 Potranco Road,Sugey Cabrera,75,15,,1,9/2/25 10:29 AM,9/2/25 10:31 AM,2 minutes and 19 seconds,KDS - Login Don't Delete
12060 Potranco Road,Candy Del Angel,74,,,1,9/2/25 10:28 AM,9/2/25 10:32 AM,4 minutes and 30 seconds,KDS - Login Don't Delete
12060 Potranco Road,Adrian Morales,57,21,,1,9/2/25 10:28 AM,9/2/25 10:32 AM,4 minutes and 15 seconds,KDS - Login Don't Delete
12060 Potranco Road,Lizbeth Garcia,71,25,,1,9/2/25 10:24 AM,9/2/25 10:32 AM,8 minutes and 32 seconds,KDS - Login Don't Delete
12060 Potranco Road,Adrian Morales,83,12,Food,,9/2/25 10:29 AM,9/2/25 10:37 AM,8 minutes and 14 seconds,KDS - Login Don't Delete
12060 Potranco Road,Adrian Morales,83,12,No Print,,9/2/25 10:29 AM,9/2/25 10:37 AM,8 minutes and 14 seconds,KDS - Login Don't Delete
12060 Potranco Road,Adrian Morales,83,12,Drive Thru,,9/2/25 10:29 AM,9/2/25 10:37 AM,8 minutes and 14 seconds,KDS - Login Don't Delete
12060 Potranco Road,Adrian Morales,83,12,,1,9/2/25 10:37 AM,9/2/25 10:40 AM,3 minutes and 36 seconds,KDS - Login Don't Delete
12060 Potranco Road,Adrian Morales,83,12,Food,,9/2/25 10:41 AM,9/2/25 10:44 AM,3 minutes and 20 seconds,KDS - Login Don't Delete
12060 Potranco Road,Adrian Morales,83,12,No Print,,9/2/25 10:41 AM,9/2/25 10:44 AM,3 minutes and 20 seconds,KDS - Login Don't Delete
12060 Potranco Road,Adrian Morales,83,12,Food,,9/2/25 10:43 AM,9/2/25 10:44 AM,1 minute and 43 seconds,KDS - Login Don't Delete
12060 Potranco Road,Adrian Morales,83,12,No Print,,9/2/25 10:43 AM,9/2/25 10:44 AM,1 minute and 43 seconds,KDS - Login Don't Delete
12060 Potranco Road,Melissa  Urena,84,,Food,,9/2/25 10:35 AM,9/2/25 10:48 AM,13 minutes and 24 seconds,KDS - Login Don't Delete
12060 Potranco Road,Melissa  Urena,87,,Food,,9/2/25 10:45 AM,9/2/25 10:48 AM,3 minutes and 48 seconds,KDS - Login Don't Delete
12060 Potranco Road,Melissa  Urena,87,,Drive Thru,,9/2/25 10:45 AM,9/2/25 10:48 AM,3 minutes and 48 seconds,KDS - Login Don't Delete
12060 Potranco Road,Melissa  Urena,85,,Food,,9/2/25 10:40 AM,9/2/25 10:48 AM,8 minutes and 29 seconds,KDS - Login Don't Delete
12060 Potranco Road,Melissa  Urena,85,,Drive Thru,,9/2/25 10:40 AM,9/2/25 10:48 AM,8 minutes and 29 seconds,KDS - Login Don't Delete
12060 Potranco Road,Adrian Morales,57,21,Food,,9/2/25 10:47 AM,9/2/25 10:50 AM,2 minutes and 38 seconds,KDS - Login Don't Delete
12060 Potranco Road,Candy Del Angel,88,,Drive Thru,,9/2/25 10:45 AM,9/2/25 10:50 AM,4 minutes and 58 seconds,KDS - Login Don't Delete
12060 Potranco Road,Candy Del Angel,88,,Food,,9/2/25 10:45 AM,9/2/25 10:50 AM,4 minutes and 58 seconds,KDS - Login Don't Delete
12060 Potranco Road,Melissa  Urena,90,,Food,,9/2/25 10:53 AM,9/2/25 11:00 AM,7 minutes and 2 seconds,KDS - Login Don't Delete
12060 Potranco Road,Melissa  Urena,90,,Drive Thru,,9/2/25 10:53 AM,9/2/25 11:00 AM,7 minutes and 2 seconds,KDS - Login Don't Delete
12060 Potranco Road,Melissa  Urena,91,,Food,,9/2/25 10:54 AM,9/2/25 11:00 AM,6 minutes and 1 second,KDS - Login Don't Delete
12060 Potranco Road,Melissa  Urena,91,,Drive Thru,,9/2/25 10:54 AM,9/2/25 11:00 AM,6 minutes and 1 second,KDS - Login Don't Delete
12060 Potranco Road,Candy Del Angel,97,,Drive Thru,,9/2/25 11:07 AM,9/2/25 11:09 AM,2 minutes and 18 seconds,KDS - Login Don't Delete
12060 Potranco Road,Candy Del Angel,97,,Food,,9/2/25 11:07 AM,9/2/25 11:09 AM,2 minutes and 18 seconds,KDS - Login Don't Delete
12060 Potranco Road,Melissa  Urena,93,,Food,,9/2/25 11:00 AM,9/2/25 11:10 AM,9 minutes and 45 seconds,KDS - Login Don't Delete
12060 Potranco Road,Melissa  Urena,92,,Food,,9/2/25 10:56 AM,9/2/25 11:10 AM,13 minutes and 48 seconds,KDS - Login Don't Delete
12060 Potranco Road,Melissa  Urena,92,,Drive Thru,,9/2/25 10:56 AM,9/2/25 11:10 AM,13 minutes and 48 seconds,KDS - Login Don't Delete
12060 Potranco Road,Melissa  Urena,93,,Drive Thru,,9/2/25 11:00 AM,9/2/25 11:10 AM,9 minutes and 45 seconds,KDS - Login Don't Delete
12060 Potranco Road,Lizbeth Garcia,94,3,Food,,9/2/25 11:01 AM,9/2/25 11:13 AM,12 minutes and 12 seconds,KDS - Login Don't Delete
12060 Potranco Road,Lizbeth Garcia,94,3,No Print,,9/2/25 11:01 AM,9/2/25 11:13 AM,12 minutes and 12 seconds,KDS - Login Don't Delete
12060 Potranco Road,Lizbeth Garcia,94,3,,1,9/2/25 11:13 AM,9/2/25 11:15 AM,1 minute and 59 seconds,KDS - Login Don't Delete
12060 Potranco Road,Candy Del Angel,97,,,1,9/2/25 11:09 AM,9/2/25 11:15 AM,5 minutes and 47 seconds,KDS - Login Don't Delete
12060 Potranco Road,Adrian Morales,83,12,,1,9/2/25 10:44 AM,9/2/25 11:15 AM,30 minutes and 58 seconds,KDS - Login Don't Delete
12060 Potranco Road,Candy Del Angel,88,,,1,9/2/25 10:50 AM,9/2/25 11:15 AM,24 minutes and 56 seconds,KDS - Login Don't Delete
12060 Potranco Road,Adrian Morales,57,21,,1,9/2/25 10:50 AM,9/2/25 11:15 AM,25 minutes and 8 seconds,KDS - Login Don't Delete
12060 Potranco Road,Adrian Morales,83,12,,1,9/2/25 10:44 AM,9/2/25 11:15 AM,30 minutes and 59 seconds,KDS - Login Don't Delete
12060 Potranco Road,Melissa  Urena,96,,Food,,9/2/25 11:07 AM,9/2/25 11:16 AM,8 minutes and 38 seconds,KDS - Login Don't Delete
12060 Potranco Road,Melissa  Urena,96,,Drive Thru,,9/2/25 11:07 AM,9/2/25 11:16 AM,8 minutes and 38 seconds,KDS - Login Don't Delete
12060 Potranco Road,Melissa  Urena,95,,Food,,9/2/25 11:02 AM,9/2/25 11:16 AM,13 minutes and 19 seconds,KDS - Login Don't Delete
12060 Potranco Road,Melissa  Urena,95,,Drive Thru,,9/2/25 11:02 AM,9/2/25 11:16 AM,13 minutes and 19 seconds,KDS - Login Don't Delete
12060 Potranco Road,Melissa  Urena,93,,Food,,9/2/25 11:03 AM,9/2/25 11:16 AM,12 minutes and 52 seconds,KDS - Login Don't Delete
12060 Potranco Road,Melissa  Urena,93,,Drive Thru,,9/2/25 11:03 AM,9/2/25 11:16 AM,12 minutes and 52 seconds,KDS - Login Don't Delete
12060 Potranco Road,Melissa  Urena,99,,Food,,9/2/25 11:08 AM,9/2/25 11:16 AM,7 minutes and 53 seconds,KDS - Login Don't Delete
12060 Potranco Road,Melissa  Urena,99,,Drive Thru,,9/2/25 11:08 AM,9/2/25 11:16 AM,7 minutes and 53 seconds,KDS - Login Don't Delete
12060 Potranco Road,Melissa  Urena,100,,Food,,9/2/25 11:09 AM,9/2/25 11:16 AM,6 minutes and 28 seconds,KDS - Login Don't Delete
12060 Potranco Road,Melissa  Urena,100,,Drive Thru,,9/2/25 11:09 AM,9/2/25 11:16 AM,6 minutes and 28 seconds,KDS - Login Don't Delete
12060 Potranco Road,Sugey Cabrera,103,,Drive Thru,,9/2/25 11:13 AM,9/2/25 11:21 AM,7 minutes and 26 seconds,KDS - Login Don't Delete
12060 Potranco Road,Sugey Cabrera,103,,Food,,9/2/25 11:13 AM,9/2/25 11:21 AM,7 minutes and 26 seconds,KDS - Login Don't Delete
12060 Potranco Road,Sugey Cabrera,102,,Drive Thru,,9/2/25 11:12 AM,9/2/25 11:21 AM,8 minutes and 44 seconds,KDS - Login Don't Delete
12060 Potranco Road,Sugey Cabrera,102,,Food,,9/2/25 11:12 AM,9/2/25 11:21 AM,8 minutes and 44 seconds,KDS - Login Don't Delete
12060 Potranco Road,Candy Del Angel,106,,Drive Thru,,9/2/25 11:18 AM,9/2/25 11:22 AM,3 minutes and 46 seconds,KDS - Login Don't Delete
12060 Potranco Road,Candy Del Angel,106,,Food,,9/2/25 11:18 AM,9/2/25 11:22 AM,3 minutes and 46 seconds,KDS - Login Don't Delete
12060 Potranco Road,Sugey Cabrera,103,,,1,9/2/25 11:21 AM,9/2/25 11:23 AM,1 minute and 44 seconds,KDS - Login Don't Delete
12060 Potranco Road,Sugey Cabrera,102,,,1,9/2/25 11:21 AM,9/2/25 11:23 AM,1 minute and 45 seconds,KDS - Login Don't Delete
12060 Potranco Road,Adrian Morales,101,28,Drive Thru,,9/2/25 11:10 AM,9/2/25 11:23 AM,12 minutes and 40 seconds,KDS - Login Don't Delete
12060 Potranco Road,Adrian Morales,101,28,Drinks,,9/2/25 11:10 AM,9/2/25 11:23 AM,12 minutes and 40 seconds,KDS - Login Don't Delete
12060 Potranco Road,Adrian Morales,101,28,Food,,9/2/25 11:10 AM,9/2/25 11:23 AM,12 minutes and 40 seconds,KDS - Login Don't Delete
12060 Potranco Road,Adrian Morales,101,28,No Print,,9/2/25 11:10 AM,9/2/25 11:23 AM,12 minutes and 40 seconds,KDS - Login Don't Delete
12060 Potranco Road,Sugey Cabrera,109,15,Food,,9/2/25 11:20 AM,9/2/25 11:24 AM,3 minutes and 44 seconds,KDS - Login Don't Delete
12060 Potranco Road,Sugey Cabrera,109,15,No Print,,9/2/25 11:20 AM,9/2/25 11:24 AM,3 minutes and 44 seconds,KDS - Login Don't Delete
12060 Potranco Road,Sugey Cabrera,109,15,Drive Thru,,9/2/25 11:20 AM,9/2/25 11:24 AM,3 minutes and 44 seconds,KDS - Login Don't Delete
12060 Potranco Road,Adrian Morales,101,28,Food,,9/2/25 11:20 AM,9/2/25 11:28 AM,8 minutes and 52 seconds,KDS - Login Don't Delete
12060 Potranco Road,Adrian Morales,101,28,No Print,,9/2/25 11:20 AM,9/2/25 11:28 AM,8 minutes and 52 seconds,KDS - Login Don't Delete
12060 Potranco Road,Sugey Cabrera,109,15,,1,9/2/25 11:24 AM,9/2/25 11:31 AM,7 minutes and 4 seconds,KDS - Login Don't Delete
12060 Potranco Road,Adrian Morales,101,28,,1,9/2/25 11:28 AM,9/2/25 11:31 AM,2 minutes and 53 seconds,KDS - Login Don't Delete
12060 Potranco Road,Candy Del Angel,106,,,1,9/2/25 11:22 AM,9/2/25 11:31 AM,9 minutes and 17 seconds,KDS - Login Don't Delete
12060 Potranco Road,Adrian Morales,101,28,,1,9/2/25 11:23 AM,9/2/25 11:31 AM,8 minutes and 39 seconds,KDS - Login Don't Delete
12060 Potranco Road,Melissa  Urena,104,,Food,,9/2/25 11:16 AM,9/2/25 11:35 AM,19 minutes and 24 seconds,KDS - Login Don't Delete
12060 Potranco Road,Melissa  Urena,104,,Drive Thru,,9/2/25 11:16 AM,9/2/25 11:35 AM,19 minutes and 24 seconds,KDS - Login Don't Delete
12060 Potranco Road,Melissa  Urena,104,,Food,,9/2/25 11:15 AM,9/2/25 11:35 AM,20 minutes and 6 seconds,KDS - Login Don't Delete
12060 Potranco Road,Melissa  Urena,104,,Drive Thru,,9/2/25 11:15 AM,9/2/25 11:35 AM,20 minutes and 6 seconds,KDS - Login Don't Delete
12060 Potranco Road,Melissa  Urena,110,,Food,,9/2/25 11:21 AM,9/2/25 11:35 AM,14 minutes and 22 seconds,KDS - Login Don't Delete
12060 Potranco Road,Melissa  Urena,110,,Drive Thru,,9/2/25 11:21 AM,9/2/25 11:35 AM,14 minutes and 22 seconds,KDS - Login Don't Delete
12060 Potranco Road,Melissa  Urena,107,,Food,,9/2/25 11:17 AM,9/2/25 11:35 AM,17 minutes and 38 seconds,KDS - Login Don't Delete
12060 Potranco Road,Melissa  Urena,107,,Drive Thru,,9/2/25 11:17 AM,9/2/25 11:35 AM,17 minutes and 38 seconds,KDS - Login Don't Delete
12060 Potranco Road,Melissa  Urena,113,,Food,,9/2/25 11:30 AM,9/2/25 11:35 AM,5 minutes and 30 seconds,KDS - Login Don't Delete
12060 Potranco Road,Melissa  Urena,113,,Drive Thru,,9/2/25 11:30 AM,9/2/25 11:35 AM,5 minutes and 30 seconds,KDS - Login Don't Delete
12060 Potranco Road,Sugey Cabrera,112,4,,1,9/2/25 11:30 AM,9/2/25 11:35 AM,5 minutes and 28 seconds,KDS - Login Don't Delete
12060 Potranco Road,Lizbeth Garcia,111,14,Food,,9/2/25 11:28 AM,9/2/25 11:37 AM,9 minutes and 6 seconds,KDS - Login Don't Delete
12060 Potranco Road,Lizbeth Garcia,111,14,No Print,,9/2/25 11:28 AM,9/2/25 11:37 AM,9 minutes and 6 seconds,KDS - Login Don't Delete
12060 Potranco Road,Melissa  Urena,117,,Food,,9/2/25 11:40 AM,9/2/25 11:49 AM,9 minutes and 25 seconds,KDS - Login Don't Delete
12060 Potranco Road,Melissa  Urena,119,,Food,,9/2/25 11:41 AM,9/2/25 11:49 AM,8 minutes and 6 seconds,KDS - Login Don't Delete
12060 Potranco Road,Melissa  Urena,119,,Drive Thru,,9/2/25 11:41 AM,9/2/25 11:49 AM,8 minutes and 6 seconds,KDS - Login Don't Delete
12060 Potranco Road,Melissa  Urena,122,,Food,,9/2/25 11:43 AM,9/2/25 11:49 AM,5 minutes and 48 seconds,KDS - Login Don't Delete
12060 Potranco Road,Melissa  Urena,120,,Food,,9/2/25 11:42 AM,9/2/25 11:49 AM,6 minutes and 46 seconds,KDS - Login Don't Delete
12060 Potranco Road,Melissa  Urena,120,,Drive Thru,,9/2/25 11:42 AM,9/2/25 11:49 AM,6 minutes and 46 seconds,KDS - Login Don't Delete
12060 Potranco Road,Melissa  Urena,122,,Drive Thru,,9/2/25 11:43 AM,9/2/25 11:49 AM,5 minutes and 48 seconds,KDS - Login Don't Delete
12060 Potranco Road,Lizbeth Garcia,118,6,Drive Thru,,9/2/25 11:41 AM,9/2/25 11:51 AM,9 minutes and 13 seconds,KDS - Login Don't Delete
12060 Potranco Road,Lizbeth Garcia,118,6,Drinks,,9/2/25 11:41 AM,9/2/25 11:51 AM,9 minutes and 13 seconds,KDS - Login Don't Delete
12060 Potranco Road,Lizbeth Garcia,118,6,Food,,9/2/25 11:41 AM,9/2/25 11:51 AM,9 minutes and 13 seconds,KDS - Login Don't Delete
12060 Potranco Road,Lizbeth Garcia,118,6,No Print,,9/2/25 11:41 AM,9/2/25 11:51 AM,9 minutes and 13 seconds,KDS - Login Don't Delete
12060 Potranco Road,Sugey Cabrera,115,23,Food,,9/2/25 11:38 AM,9/2/25 11:51 AM,13 minutes and 4 seconds,KDS - Login Don't Delete
12060 Potranco Road,Sugey Cabrera,115,23,No Print,,9/2/25 11:38 AM,9/2/25 11:51 AM,13 minutes and 4 seconds,KDS - Login Don't Delete
12060 Potranco Road,Adrian Morales,114,34,Food,,9/2/25 11:37 AM,9/2/25 11:51 AM,13 minutes and 56 seconds,KDS - Login Don't Delete
12060 Potranco Road,Adrian Morales,114,34,No Print,,9/2/25 11:37 AM,9/2/25 11:51 AM,13 minutes and 56 seconds,KDS - Login Don't Delete
12060 Potranco Road,Sugey Cabrera,115,23,,1,9/2/25 11:51 AM,9/2/25 11:54 AM,3 minutes and 48 seconds,KDS - Login Don't Delete
12060 Potranco Road,Adrian Morales,114,34,,1,9/2/25 11:51 AM,9/2/25 11:54 AM,3 minutes and 51 seconds,KDS - Login Don't Delete
12060 Potranco Road,Lizbeth Garcia,111,14,,1,9/2/25 11:37 AM,9/2/25 11:54 AM,17 minutes and 40 seconds,KDS - Login Don't Delete
12060 Potranco Road,Adrian Morales,123,20,Food,,9/2/25 11:49 AM,9/2/25 11:56 AM,6 minutes and 12 seconds,KDS - Login Don't Delete
12060 Potranco Road,Adrian Morales,123,20,No Print,,9/2/25 11:49 AM,9/2/25 11:56 AM,6 minutes and 12 seconds,KDS - Login Don't Delete
12060 Potranco Road,Adrian Morales,123,20,,1,9/2/25 11:56 AM,9/2/25 11:58 AM,2 minutes and 12 seconds,KDS - Login Don't Delete
12060 Potranco Road,Lizbeth Garcia,118,6,,1,9/2/25 11:51 AM,9/2/25 11:58 AM,7 minutes and 15 seconds,KDS - Login Don't Delete
12060 Potranco Road,Melissa  Urena,125,,Food,,9/2/25 11:54 AM,9/2/25 11:59 AM,4 minutes and 27 seconds,KDS - Login Don't Delete
12060 Potranco Road,Melissa  Urena,125,,Drive Thru,,9/2/25 11:54 AM,9/2/25 11:59 AM,4 minutes and 27 seconds,KDS - Login Don't Delete
12060 Potranco Road,Melissa  Urena,125,,Food,,9/2/25 11:54 AM,9/2/25 11:59 AM,4 minutes and 46 seconds,KDS - Login Don't Delete
12060 Potranco Road,Melissa  Urena,125,,Drive Thru,,9/2/25 11:54 AM,9/2/25 11:59 AM,4 minutes and 46 seconds,KDS - Login Don't Delete
12060 Potranco Road,Lizbeth Garcia,127,8,Food,,9/2/25 11:57 AM,9/2/25 12:06 PM,8 minutes and 19 seconds,KDS - Login Don't Delete
12060 Potranco Road,Lizbeth Garcia,127,8,No Print,,9/2/25 11:57 AM,9/2/25 12:06 PM,8 minutes and 19 seconds,KDS - Login Don't Delete
12060 Potranco Road,Candy Del Angel,128,,,1,9/2/25 12:01 PM,9/2/25 12:07 PM,5 minutes and 41 seconds,KDS - Login Don't Delete
12060 Potranco Road,Melissa  Urena,129,,Food,,9/2/25 12:03 PM,9/2/25 12:14 PM,11 minutes and 11 seconds,KDS - Login Don't Delete
12060 Potranco Road,Melissa  Urena,129,,Drive Thru,,9/2/25 12:03 PM,9/2/25 12:14 PM,11 minutes and 11 seconds,KDS - Login Don't Delete
12060 Potranco Road,Melissa  Urena,126,,Drinks,,9/2/25 11:56 AM,9/2/25 12:14 PM,17 minutes and 33 seconds,KDS - Login Don't Delete
12060 Potranco Road,Melissa  Urena,126,,Food,,9/2/25 11:56 AM,9/2/25 12:14 PM,17 minutes and 33 seconds,KDS - Login Don't Delete
12060 Potranco Road,Melissa  Urena,126,,No Print,,9/2/25 11:56 AM,9/2/25 12:14 PM,17 minutes and 33 seconds,KDS - Login Don't Delete
12060 Potranco Road,Melissa  Urena,126,,Drive Thru,,9/2/25 11:56 AM,9/2/25 12:14 PM,17 minutes and 33 seconds,KDS - Login Don't Delete
12060 Potranco Road,Adrian Morales,133,1,Food,,9/2/25 12:07 PM,9/2/25 12:14 PM,7 minutes and 16 seconds,KDS - Login Don't Delete
12060 Potranco Road,Adrian Morales,133,1,No Print,,9/2/25 12:07 PM,9/2/25 12:14 PM,7 minutes and 16 seconds,KDS - Login Don't Delete
12060 Potranco Road,Sugey Cabrera,131,2,Food,,9/2/25 12:06 PM,9/2/25 12:14 PM,8 minutes and 14 seconds,KDS - Login Don't Delete
12060 Potranco Road,Sugey Cabrera,131,2,No Print,,9/2/25 12:06 PM,9/2/25 12:14 PM,8 minutes and 14 seconds,KDS - Login Don't Delete
12060 Potranco Road,Adrian Morales,133,1,,1,9/2/25 12:14 PM,9/2/25 12:25 PM,10 minutes and 44 seconds,KDS - Login Don't Delete
12060 Potranco Road,Sugey Cabrera,131,2,Food,,9/2/25 12:29 PM,9/2/25 12:33 PM,4 minutes and 24 seconds,KDS - Login Don't Delete
12060 Potranco Road,Sugey Cabrera,131,2,No Print,,9/2/25 12:29 PM,9/2/25 12:33 PM,4 minutes and 24 seconds,KDS - Login Don't Delete
12060 Potranco Road,Sugey Cabrera,143,4,,1,9/2/25 12:39 PM,9/2/25 12:39 PM,17 seconds,KDS - Login Don't Delete
12060 Potranco Road,Sugey Cabrera,131,2,,1,9/2/25 12:33 PM,9/2/25 12:39 PM,5 minutes and 33 seconds,KDS - Login Don't Delete
12060 Potranco Road,Sugey Cabrera,138,3,,1,9/2/25 12:28 PM,9/2/25 12:39 PM,10 minutes and 46 seconds,KDS - Login Don't Delete
12060 Potranco Road,Lizbeth Garcia,16003,14,Food,,9/2/25 12:28 PM,9/2/25 12:40 PM,11 minutes and 46 seconds,KDS - Login Don't Delete
12060 Potranco Road,Lizbeth Garcia,16003,14,No Print,,9/2/25 12:28 PM,9/2/25 12:40 PM,11 minutes and 46 seconds,KDS - Login Don't Delete
12060 Potranco Road,Lizbeth Garcia,142,12,Food,,9/2/25 12:36 PM,9/2/25 12:40 PM,4 minutes and 25 seconds,KDS - Login Don't Delete
12060 Potranco Road,Lizbeth Garcia,142,12,No Print,,9/2/25 12:36 PM,9/2/25 12:40 PM,4 minutes and 25 seconds,KDS - Login Don't Delete
12060 Potranco Road,Sugey Cabrera,131,2,,1,9/2/25 12:14 PM,9/2/25 12:44 PM,30 minutes and 38 seconds,KDS - Login Don't Delete
12060 Potranco Road,Lizbeth Garcia,16003,14,,1,9/2/25 12:28 PM,9/2/25 12:45 PM,16 minutes and 48 seconds,KDS - Login Don't Delete
12060 Potranco Road,Adrian Morales,140,20,,1,9/2/25 12:34 PM,9/2/25 12:45 PM,10 minutes and 46 seconds,KDS - Login Don't Delete
12060 Potranco Road,Melissa  Urena,132,,Food,,9/2/25 12:23 PM,9/2/25 12:45 PM,22 minutes and 11 seconds,KDS - Login Don't Delete
12060 Potranco Road,Melissa  Urena,132,,Drive Thru,,9/2/25 12:23 PM,9/2/25 12:45 PM,22 minutes and 11 seconds,KDS - Login Don't Delete
12060 Potranco Road,Melissa  Urena,136,,Food,,9/2/25 12:23 PM,9/2/25 12:45 PM,21 minutes and 30 seconds,KDS - Login Don't Delete
12060 Potranco Road,Melissa  Urena,136,,Drive Thru,,9/2/25 12:23 PM,9/2/25 12:45 PM,21 minutes and 30 seconds,KDS - Login Don't Delete
12060 Potranco Road,Melissa  Urena,139,,Food,,9/2/25 12:31 PM,9/2/25 12:45 PM,13 minutes and 36 seconds,KDS - Login Don't Delete
12060 Potranco Road,Melissa  Urena,139,,Drive Thru,,9/2/25 12:31 PM,9/2/25 12:45 PM,13 minutes and 36 seconds,KDS - Login Don't Delete
12060 Potranco Road,Melissa  Urena,141,,Food,,9/2/25 12:34 PM,9/2/25 12:45 PM,11 minutes,KDS - Login Don't Delete
12060 Potranco Road,Melissa  Urena,141,,Drive Thru,,9/2/25 12:34 PM,9/2/25 12:45 PM,11 minutes,KDS - Login Don't Delete
12060 Potranco Road,Melissa  Urena,146,,Food,,9/2/25 12:47 PM,9/2/25 12:51 PM,3 minutes and 40 seconds,KDS - Login Don't Delete
12060 Potranco Road,Melissa  Urena,146,,Drive Thru,,9/2/25 12:47 PM,9/2/25 12:51 PM,3 minutes and 40 seconds,KDS - Login Don't Delete
12060 Potranco Road,Melissa  Urena,145,,Food,,9/2/25 12:46 PM,9/2/25 12:51 PM,4 minutes and 42 seconds,KDS - Login Don't Delete
12060 Potranco Road,Melissa  Urena,145,,Drive Thru,,9/2/25 12:46 PM,9/2/25 12:51 PM,4 minutes and 42 seconds,KDS - Login Don't Delete
12060 Potranco Road,Sugey Cabrera,144,15,Food,,9/2/25 12:42 PM,9/2/25 12:55 PM,12 minutes and 48 seconds,KDS - Login Don't Delete
12060 Potranco Road,Sugey Cabrera,144,15,No Print,,9/2/25 12:42 PM,9/2/25 12:55 PM,12 minutes and 48 seconds,KDS - Login Don't Delete
12060 Potranco Road,Adrian Morales,147,16,Food,,9/2/25 12:50 PM,9/2/25 12:55 PM,4 minutes and 56 seconds,KDS - Login Don't Delete
12060 Potranco Road,Adrian Morales,147,16,No Print,,9/2/25 12:50 PM,9/2/25 12:55 PM,4 minutes and 56 seconds,KDS - Login Don't Delete
12060 Potranco Road,Sugey Cabrera,21,,Food,,9/2/25 12:54 PM,9/2/25 12:55 PM,42 seconds,KDS - Login Don't Delete
12060 Potranco Road,Melissa  Urena,149,,Food,,9/2/25 12:50 PM,9/2/25 1:00 PM,9 minutes and 42 seconds,KDS - Login Don't Delete
12060 Potranco Road,Melissa  Urena,149,,Drive Thru,,9/2/25 12:50 PM,9/2/25 1:00 PM,9 minutes and 42 seconds,KDS - Login Don't Delete
12060 Potranco Road,Melissa  Urena,150,,Food,,9/2/25 12:51 PM,9/2/25 1:00 PM,9 minutes and 37 seconds,KDS - Login Don't Delete
12060 Potranco Road,Lizbeth Garcia,142,12,,1,9/2/25 12:40 PM,9/2/25 1:12 PM,32 minutes and 8 seconds,KDS - Login Don't Delete
12060 Potranco Road,Lizbeth Garcia,127,8,,1,9/2/25 12:06 PM,9/2/25 1:12 PM,"1 hour, 6 minutes and 19 seconds",KDS - Login Don't Delete
12060 Potranco Road,Sugey Cabrera,144,15,,1,9/2/25 12:55 PM,9/2/25 1:12 PM,17 minutes and 29 seconds,KDS - Login Don't Delete
12060 Potranco Road,Adrian Morales,147,16,,1,9/2/25 12:55 PM,9/2/25 1:12 PM,17 minutes and 32 seconds,KDS - Login Don't Delete
12060 Potranco Road,Sugey Cabrera,21,,,1,9/2/25 12:55 PM,9/2/25 1:12 PM,17 minutes and 35 seconds,KDS - Login Don't Delete
12060 Potranco Road,Lizbeth Garcia,151,4,,1,9/2/25 1:08 PM,9/2/25 1:12 PM,4 minutes and 16 seconds,KDS - Login Don't Delete
12060 Potranco Road,Adrian Morales,147,16,Food,,9/2/25 1:17 PM,9/2/25 1:21 PM,4 minutes and 17 seconds,KDS - Login Don't Delete
12060 Potranco Road,Adrian Morales,147,16,No Print,,9/2/25 1:17 PM,9/2/25 1:21 PM,4 minutes and 17 seconds,KDS - Login Don't Delete
12060 Potranco Road,Lizbeth Garcia,151,4,Drive Thru,,9/2/25 1:20 PM,9/2/25 1:21 PM,32 seconds,KDS - Login Don't Delete
12060 Potranco Road,Lizbeth Garcia,151,4,Food,,9/2/25 1:20 PM,9/2/25 1:21 PM,32 seconds,KDS - Login Don't Delete
12060 Potranco Road,Sugey Cabrera,144,15,Food,,9/2/25 1:12 PM,9/2/25 1:21 PM,9 minutes and 12 seconds,KDS - Login Don't Delete
12060 Potranco Road,Sugey Cabrera,144,15,No Print,,9/2/25 1:12 PM,9/2/25 1:21 PM,9 minutes and 12 seconds,KDS - Login Don't Delete
12060 Potranco Road,Adrian Morales,156,8,Food,,9/2/25 1:21 PM,9/2/25 1:33 PM,11 minutes and 51 seconds,KDS - Login Don't Delete
12060 Potranco Road,Adrian Morales,156,8,No Print,,9/2/25 1:21 PM,9/2/25 1:33 PM,11 minutes and 51 seconds,KDS - Login Don't Delete
12060 Potranco Road,Sugey Cabrera,155,21,Food,,9/2/25 1:24 PM,9/2/25 1:33 PM,9 minutes and 4 seconds,KDS - Login Don't Delete
12060 Potranco Road,Sugey Cabrera,155,21,No Print,,9/2/25 1:24 PM,9/2/25 1:33 PM,9 minutes and 4 seconds,KDS - Login Don't Delete
12060 Potranco Road,Lizbeth Garcia,160,5,Food,,9/2/25 1:33 PM,9/2/25 1:35 PM,2 minutes,KDS - Login Don't Delete
12060 Potranco Road,Lizbeth Garcia,160,5,No Print,,9/2/25 1:33 PM,9/2/25 1:35 PM,2 minutes,KDS - Login Don't Delete
12060 Potranco Road,Melissa  Urena,152,,Food,,9/2/25 1:12 PM,9/2/25 1:35 PM,23 minutes and 33 seconds,KDS - Login Don't Delete
12060 Potranco Road,Melissa  Urena,153,,Food,,9/2/25 1:16 PM,9/2/25 1:35 PM,19 minutes,KDS - Login Don't Delete
12060 Potranco Road,Melissa  Urena,153,,Drive Thru,,9/2/25 1:16 PM,9/2/25 1:35 PM,19 minutes,KDS - Login Don't Delete
12060 Potranco Road,Melissa  Urena,154,,Food,,9/2/25 1:18 PM,9/2/25 1:35 PM,17 minutes and 17 seconds,KDS - Login Don't Delete
12060 Potranco Road,Melissa  Urena,154,,Drive Thru,,9/2/25 1:18 PM,9/2/25 1:35 PM,17 minutes and 17 seconds,KDS - Login Don't Delete
12060 Potranco Road,Melissa  Urena,158,,Food,,9/2/25 1:31 PM,9/2/25 1:35 PM,4 minutes and 14 seconds,KDS - Login Don't Delete
12060 Potranco Road,Melissa  Urena,158,,Drive Thru,,9/2/25 1:31 PM,9/2/25 1:35 PM,4 minutes and 14 seconds,KDS - Login Don't Delete
12060 Potranco Road,Adrian Morales,156,8,,1,9/2/25 1:33 PM,9/2/25 1:36 PM,2 minutes and 35 seconds,KDS - Login Don't Delete
12060 Potranco Road,Sugey Cabrera,155,21,,1,9/2/25 1:33 PM,9/2/25 1:36 PM,2 minutes and 33 seconds,KDS - Login Don't Delete
12060 Potranco Road,Sugey Cabrera,144,15,,1,9/2/25 1:21 PM,9/2/25 1:36 PM,14 minutes and 45 seconds,KDS - Login Don't Delete
12060 Potranco Road,Adrian Morales,147,16,,1,9/2/25 1:21 PM,9/2/25 1:36 PM,14 minutes and 47 seconds,KDS - Login Don't Delete
12060 Potranco Road,Lizbeth Garcia,151,4,,1,9/2/25 1:21 PM,9/2/25 1:36 PM,14 minutes and 46 seconds,KDS - Login Don't Delete
12060 Potranco Road,Melissa  Urena,162,,Food,,9/2/25 1:43 PM,9/2/25 1:45 PM,2 minutes and 10 seconds,KDS - Login Don't Delete
12060 Potranco Road,Melissa  Urena,162,,Drive Thru,,9/2/25 1:43 PM,9/2/25 1:45 PM,2 minutes and 10 seconds,KDS - Login Don't Delete
12060 Potranco Road,Melissa  Urena,161,,Food,,9/2/25 1:37 PM,9/2/25 1:45 PM,7 minutes and 49 seconds,KDS - Login Don't Delete
12060 Potranco Road,Melissa  Urena,161,,Drive Thru,,9/2/25 1:37 PM,9/2/25 1:45 PM,7 minutes and 49 seconds,KDS - Login Don't Delete
12060 Potranco Road,Lizbeth Garcia,160,5,Food,,9/2/25 1:51 PM,9/2/25 1:58 PM,6 minutes and 38 seconds,KDS - Login Don't Delete
12060 Potranco Road,Lizbeth Garcia,160,5,No Print,,9/2/25 1:51 PM,9/2/25 1:58 PM,6 minutes and 38 seconds,KDS - Login Don't Delete
12060 Potranco Road,Lisa Velasquez,167,2,Food,,9/2/25 1:53 PM,9/2/25 1:58 PM,4 minutes and 32 seconds,KDS - Login Don't Delete
12060 Potranco Road,Lisa Velasquez,167,2,No Print,,9/2/25 1:53 PM,9/2/25 1:58 PM,4 minutes and 32 seconds,KDS - Login Don't Delete
12060 Potranco Road,Candy Del Angel,165,,Drive Thru,,9/2/25 1:52 PM,9/2/25 1:58 PM,5 minutes and 22 seconds,KDS - Login Don't Delete
12060 Potranco Road,Candy Del Angel,165,,Food,,9/2/25 1:52 PM,9/2/25 1:58 PM,5 minutes and 22 seconds,KDS - Login Don't Delete
12060 Potranco Road,Candy Del Angel,164,,Drive Thru,,9/2/25 1:52 PM,9/2/25 1:58 PM,5 minutes and 47 seconds,KDS - Login Don't Delete
12060 Potranco Road,Candy Del Angel,164,,Food,,9/2/25 1:52 PM,9/2/25 1:58 PM,5 minutes and 47 seconds,KDS - Login Don't Delete
12060 Potranco Road,Lisa Velasquez,167,2,Food,,9/2/25 2:11 PM,9/2/25 2:19 PM,8 minutes and 17 seconds,KDS - Login Don't Delete
12060 Potranco Road,Lisa Velasquez,167,2,No Print,,9/2/25 2:11 PM,9/2/25 2:19 PM,8 minutes and 17 seconds,KDS - Login Don't Delete
12060 Potranco Road,Lisa Velasquez,172,16,Food,,9/2/25 2:14 PM,9/2/25 2:19 PM,4 minutes and 45 seconds,KDS - Login Don't Delete
12060 Potranco Road,Lisa Velasquez,172,16,No Print,,9/2/25 2:14 PM,9/2/25 2:19 PM,4 minutes and 45 seconds,KDS - Login Don't Delete
12060 Potranco Road,Lisa Velasquez,171,14,Food,,9/2/25 2:11 PM,9/2/25 2:19 PM,7 minutes and 54 seconds,KDS - Login Don't Delete
12060 Potranco Road,Lisa Velasquez,171,14,No Print,,9/2/25 2:11 PM,9/2/25 2:19 PM,7 minutes and 54 seconds,KDS - Login Don't Delete
12060 Potranco Road,Melissa  Urena,169,,Food,,9/2/25 2:09 PM,9/2/25 2:19 PM,9 minutes and 32 seconds,KDS - Login Don't Delete
12060 Potranco Road,Melissa  Urena,169,,Drive Thru,,9/2/25 2:09 PM,9/2/25 2:19 PM,9 minutes and 32 seconds,KDS - Login Don't Delete
12060 Potranco Road,Candy Del Angel,164,,,1,9/2/25 1:58 PM,9/2/25 2:19 PM,21 minutes and 31 seconds,KDS - Login Don't Delete
12060 Potranco Road,Lizbeth Garcia,160,5,,1,9/2/25 1:35 PM,9/2/25 2:19 PM,44 minutes and 4 seconds,KDS - Login Don't Delete
12060 Potranco Road,Lizbeth Garcia,160,5,,1,9/2/25 1:58 PM,9/2/25 2:19 PM,21 minutes and 37 seconds,KDS - Login Don't Delete
12060 Potranco Road,Candy Del Angel,165,,,1,9/2/25 1:58 PM,9/2/25 2:19 PM,21 minutes and 31 seconds,KDS - Login Don't Delete
12060 Potranco Road,Lisa Velasquez,167,2,,1,9/2/25 1:58 PM,9/2/25 2:19 PM,21 minutes and 40 seconds,KDS - Login Don't Delete
12060 Potranco Road,Mario Jimenez,175,,Food,,9/2/25 2:33 PM,9/2/25 2:35 PM,2 minutes and 14 seconds,KDS - Login Don't Delete
12060 Potranco Road,Mario Jimenez,175,,Drive Thru,,9/2/25 2:33 PM,9/2/25 2:35 PM,2 minutes and 14 seconds,KDS - Login Don't Delete
12060 Potranco Road,Lisa Velasquez,167,2,Drive Thru,,9/2/25 2:27 PM,9/2/25 2:39 PM,11 minutes and 38 seconds,KDS - Login Don't Delete
12060 Potranco Road,Lisa Velasquez,167,2,Food,,9/2/25 2:27 PM,9/2/25 2:39 PM,11 minutes and 38 seconds,KDS - Login Don't Delete
12060 Potranco Road,Lisa Velasquez,174,12,Food,,9/2/25 2:30 PM,9/2/25 2:39 PM,9 minutes and 4 seconds,KDS - Login Don't Delete
12060 Potranco Road,Lisa Velasquez,174,12,No Print,,9/2/25 2:30 PM,9/2/25 2:39 PM,9 minutes and 4 seconds,KDS - Login Don't Delete
12060 Potranco Road,Lisa Velasquez,171,14,,1,9/2/25 2:19 PM,9/2/25 2:51 PM,32 minutes and 32 seconds,KDS - Login Don't Delete
12060 Potranco Road,Lisa Velasquez,174,12,,1,9/2/25 2:39 PM,9/2/25 2:52 PM,12 minutes and 42 seconds,KDS - Login Don't Delete
12060 Potranco Road,Lisa Velasquez,167,2,,1,9/2/25 2:39 PM,9/2/25 2:51 PM,12 minutes and 40 seconds,KDS - Login Don't Delete
12060 Potranco Road,Lisa Velasquez,167,2,,1,9/2/25 2:19 PM,9/2/25 2:51 PM,32 minutes and 33 seconds,KDS - Login Don't Delete
12060 Potranco Road,Lisa Velasquez,172,16,,1,9/2/25 2:19 PM,9/2/25 2:51 PM,32 minutes and 32 seconds,KDS - Login Don't Delete
12060 Potranco Road,Mario Jimenez,179,,Food,,9/2/25 2:56 PM,9/2/25 2:58 PM,1 minute and 59 seconds,KDS - Login Don't Delete
12060 Potranco Road,Mario Jimenez,179,,Drive Thru,,9/2/25 2:56 PM,9/2/25 2:58 PM,1 minute and 59 seconds,KDS - Login Don't Delete
12060 Potranco Road,Adriana Navarro,181,,Food,,9/2/25 3:00 PM,9/2/25 3:10 PM,9 minutes and 28 seconds,KDS - Login Don't Delete
12060 Potranco Road,Adriana Navarro,181,,No Print,,9/2/25 3:00 PM,9/2/25 3:10 PM,9 minutes and 28 seconds,KDS - Login Don't Delete
12060 Potranco Road,Mario Jimenez,183,,Food,,9/2/25 3:10 PM,9/2/25 3:15 PM,5 minutes and 17 seconds,KDS - Login Don't Delete
12060 Potranco Road,Mario Jimenez,183,,Drive Thru,,9/2/25 3:10 PM,9/2/25 3:15 PM,5 minutes and 17 seconds,KDS - Login Don't Delete
12060 Potranco Road,Mario Jimenez,184,,Food,,9/2/25 3:18 PM,9/2/25 3:21 PM,3 minutes and 52 seconds,KDS - Login Don't Delete
12060 Potranco Road,Mario Jimenez,184,,Drive Thru,,9/2/25 3:18 PM,9/2/25 3:21 PM,3 minutes and 52 seconds,KDS - Login Don't Delete
12060 Potranco Road,Lisa Velasquez,188,16,Food,,9/2/25 3:20 PM,9/2/25 3:23 PM,3 minutes and 6 seconds,KDS - Login Don't Delete
12060 Potranco Road,Lisa Velasquez,188,16,No Print,,9/2/25 3:20 PM,9/2/25 3:23 PM,3 minutes and 6 seconds,KDS - Login Don't Delete
12060 Potranco Road,Mario Jimenez,185,,Food,,9/2/25 3:18 PM,9/2/25 3:23 PM,5 minutes and 11 seconds,KDS - Login Don't Delete
12060 Potranco Road,Mario Jimenez,185,,Drive Thru,,9/2/25 3:18 PM,9/2/25 3:23 PM,5 minutes and 11 seconds,KDS - Login Don't Delete
12060 Potranco Road,Mario Jimenez,186,,Food,,9/2/25 3:19 PM,9/2/25 3:25 PM,6 minutes and 29 seconds,KDS - Login Don't Delete
12060 Potranco Road,Mario Jimenez,186,,Drive Thru,,9/2/25 3:19 PM,9/2/25 3:25 PM,6 minutes and 29 seconds,KDS - Login Don't Delete
12060 Potranco Road,Adriana Navarro,181,,,1,9/2/25 3:10 PM,9/2/25 3:33 PM,23 minutes and 11 seconds,KDS - Login Don't Delete
12060 Potranco Road,Lisa Velasquez,188,16,,1,9/2/25 3:23 PM,9/2/25 3:33 PM,10 minutes and 13 seconds,KDS - Login Don't Delete
12060 Potranco Road,Adriana Navarro,181,,Food,,9/2/25 3:23 PM,9/2/25 3:40 PM,17 minutes and 39 seconds,KDS - Login Don't Delete
12060 Potranco Road,Adriana Navarro,181,,No Print,,9/2/25 3:23 PM,9/2/25 3:40 PM,17 minutes and 39 seconds,KDS - Login Don't Delete
12060 Potranco Road,Gabriel Tovar ,189,,Food,,9/2/25 3:28 PM,9/2/25 3:41 PM,13 minutes and 49 seconds,KDS - Login Don't Delete
12060 Potranco Road,Gabriel Tovar ,189,,No Print,,9/2/25 3:28 PM,9/2/25 3:41 PM,13 minutes and 49 seconds,KDS - Login Don't Delete
12060 Potranco Road,Gabriel Tovar ,189,,Drive Thru,,9/2/25 3:28 PM,9/2/25 3:41 PM,13 minutes and 49 seconds,KDS - Login Don't Delete
12060 Potranco Road,Mario Jimenez,187,,Food,,9/2/25 3:45 PM,9/2/25 3:52 PM,6 minutes and 49 seconds,KDS - Login Don't Delete
12060 Potranco Road,Mario Jimenez,187,,Drive Thru,,9/2/25 3:45 PM,9/2/25 3:52 PM,6 minutes and 49 seconds,KDS - Login Don't Delete
12060 Potranco Road,Mario Jimenez,194,,Food,,9/2/25 4:02 PM,9/2/25 4:04 PM,2 minutes and 22 seconds,KDS - Login Don't Delete
12060 Potranco Road,Mario Jimenez,194,,Drive Thru,,9/2/25 4:02 PM,9/2/25 4:04 PM,2 minutes and 22 seconds,KDS - Login Don't Delete
12060 Potranco Road,Mario Jimenez,196,,Food,,9/2/25 4:16 PM,9/2/25 4:20 PM,3 minutes and 47 seconds,KDS - Login Don't Delete
12060 Potranco Road,Mario Jimenez,196,,Drive Thru,,9/2/25 4:16 PM,9/2/25 4:20 PM,3 minutes and 47 seconds,KDS - Login Don't Delete
12060 Potranco Road,Mario Jimenez,195,,Food,,9/2/25 4:16 PM,9/2/25 4:26 PM,10 minutes and 38 seconds,KDS - Login Don't Delete
12060 Potranco Road,Mario Jimenez,195,,Drive Thru,,9/2/25 4:16 PM,9/2/25 4:26 PM,10 minutes and 38 seconds,KDS - Login Don't Delete
12060 Potranco Road,Lisa Velasquez,198,3,Food,,9/2/25 4:25 PM,9/2/25 4:43 PM,17 minutes and 45 seconds,KDS - Login Don't Delete
12060 Potranco Road,Lisa Velasquez,198,3,No Print,,9/2/25 4:25 PM,9/2/25 4:43 PM,17 minutes and 45 seconds,KDS - Login Don't Delete
12060 Potranco Road,Adriana Navarro,200,23,Food,,9/2/25 4:37 PM,9/2/25 4:54 PM,16 minutes and 24 seconds,KDS - Login Don't Delete
12060 Potranco Road,Adriana Navarro,200,23,No Print,,9/2/25 4:37 PM,9/2/25 4:54 PM,16 minutes and 24 seconds,KDS - Login Don't Delete
12060 Potranco Road,Mario Jimenez,201,,Food,,9/2/25 4:51 PM,9/2/25 4:54 PM,3 minutes and 42 seconds,KDS - Login Don't Delete
12060 Potranco Road,Mario Jimenez,201,,Drive Thru,,9/2/25 4:51 PM,9/2/25 4:54 PM,3 minutes and 42 seconds,KDS - Login Don't Delete
12060 Potranco Road,Mario Jimenez,199,,Food,,9/2/25 4:53 PM,9/2/25 5:00 PM,6 minutes and 43 seconds,KDS - Login Don't Delete
12060 Potranco Road,Mario Jimenez,199,,Drive Thru,,9/2/25 4:53 PM,9/2/25 5:00 PM,6 minutes and 43 seconds,KDS - Login Don't Delete
12060 Potranco Road,Adriana Navarro,200,23,Drive Thru,,9/2/25 4:54 PM,9/2/25 5:00 PM,6 minutes and 1 second,KDS - Login Don't Delete
12060 Potranco Road,Adriana Navarro,200,23,Food,,9/2/25 4:54 PM,9/2/25 5:00 PM,6 minutes and 1 second,KDS - Login Don't Delete
12060 Potranco Road,Gabriel Tovar ,189,,,1,9/2/25 3:41 PM,9/2/25 5:11 PM,"1 hour, 29 minutes and 13 seconds",KDS - Login Don't Delete
12060 Potranco Road,Adriana Navarro,181,,,1,9/2/25 3:40 PM,9/2/25 5:11 PM,"1 hour, 30 minutes and 26 seconds",KDS - Login Don't Delete
12060 Potranco Road,Adriana Navarro,200,23,,1,9/2/25 4:54 PM,9/2/25 5:11 PM,17 minutes and 10 seconds,KDS - Login Don't Delete
12060 Potranco Road,Lisa Velasquez,198,3,,1,9/2/25 4:43 PM,9/2/25 5:11 PM,27 minutes and 59 seconds,KDS - Login Don't Delete
12060 Potranco Road,Adriana Navarro,200,23,,1,9/2/25 5:00 PM,9/2/25 5:11 PM,10 minutes and 20 seconds,KDS - Login Don't Delete
12060 Potranco Road,Mario Jimenez,206,,,1,9/2/25 5:04 PM,9/2/25 5:15 PM,10 minutes and 58 seconds,KDS - Login Don't Delete
12060 Potranco Road,Adriana Navarro,204,35,,1,9/2/25 4:56 PM,9/2/25 5:15 PM,18 minutes and 58 seconds,KDS - Login Don't Delete
12060 Potranco Road,Adriana Navarro,207,1,Food,,9/2/25 5:12 PM,9/2/25 5:16 PM,4 minutes and 5 seconds,KDS - Login Don't Delete
12060 Potranco Road,Adriana Navarro,207,1,No Print,,9/2/25 5:12 PM,9/2/25 5:16 PM,4 minutes and 5 seconds,KDS - Login Don't Delete
12060 Potranco Road,Mario Jimenez,210,,Food,,9/2/25 5:17 PM,9/2/25 5:19 PM,2 minutes and 18 seconds,KDS - Login Don't Delete
12060 Potranco Road,Mario Jimenez,210,,Drive Thru,,9/2/25 5:17 PM,9/2/25 5:19 PM,2 minutes and 18 seconds,KDS - Login Don't Delete
12060 Potranco Road,Lisa Velasquez,208,16,Food,,9/2/25 5:14 PM,9/2/25 5:21 PM,6 minutes and 35 seconds,KDS - Login Don't Delete
12060 Potranco Road,Lisa Velasquez,208,16,No Print,,9/2/25 5:14 PM,9/2/25 5:21 PM,6 minutes and 35 seconds,KDS - Login Don't Delete
12060 Potranco Road,Lisa Velasquez,209,27,Food,,9/2/25 5:17 PM,9/2/25 5:28 PM,11 minutes and 13 seconds,KDS - Login Don't Delete
12060 Potranco Road,Adriana Navarro,204,35,Food,,9/2/25 5:18 PM,9/2/25 5:28 PM,10 minutes and 17 seconds,KDS - Login Don't Delete
12060 Potranco Road,Adriana Navarro,204,35,No Print,,9/2/25 5:18 PM,9/2/25 5:28 PM,10 minutes and 17 seconds,KDS - Login Don't Delete
12060 Potranco Road,Lisa Velasquez,209,27,No Print,,9/2/25 5:17 PM,9/2/25 5:28 PM,11 minutes and 13 seconds,KDS - Login Don't Delete
12060 Potranco Road,Mario Jimenez,212,,Food,,9/2/25 5:36 PM,9/2/25 5:37 PM,1 minute and 43 seconds,KDS - Login Don't Delete
12060 Potranco Road,Mario Jimenez,212,,Drive Thru,,9/2/25 5:36 PM,9/2/25 5:37 PM,1 minute and 43 seconds,KDS - Login Don't Delete
12060 Potranco Road,Adriana Navarro,213,,Food,,9/2/25 5:35 PM,9/2/25 5:48 PM,13 minutes and 2 seconds,KDS - Login Don't Delete
12060 Potranco Road,Adriana Navarro,213,,No Print,,9/2/25 5:35 PM,9/2/25 5:48 PM,13 minutes and 2 seconds,KDS - Login Don't Delete
12060 Potranco Road,Adriana Navarro,213,,Drive Thru,,9/2/25 5:35 PM,9/2/25 5:48 PM,13 minutes and 2 seconds,KDS - Login Don't Delete
12060 Potranco Road,Mario Jimenez,215,,Food,,9/2/25 5:49 PM,9/2/25 5:54 PM,4 minutes and 54 seconds,KDS - Login Don't Delete
12060 Potranco Road,Mario Jimenez,215,,Drive Thru,,9/2/25 5:49 PM,9/2/25 5:54 PM,4 minutes and 54 seconds,KDS - Login Don't Delete
12060 Potranco Road,Mario Jimenez,214,,Food,,9/2/25 5:56 PM,9/2/25 6:05 PM,8 minutes and 44 seconds,KDS - Login Don't Delete
12060 Potranco Road,Mario Jimenez,214,,Drive Thru,,9/2/25 5:56 PM,9/2/25 6:05 PM,8 minutes and 44 seconds,KDS - Login Don't Delete
12060 Potranco Road,Mario Jimenez,217,,Food,,9/2/25 5:56 PM,9/2/25 6:05 PM,8 minutes and 26 seconds,KDS - Login Don't Delete
12060 Potranco Road,Mario Jimenez,217,,Drive Thru,,9/2/25 5:56 PM,9/2/25 6:05 PM,8 minutes and 26 seconds,KDS - Login Don't Delete
12060 Potranco Road,Lisa Velasquez,209,27,Food,,9/2/25 6:00 PM,9/2/25 6:05 PM,5 minutes and 7 seconds,KDS - Login Don't Delete
12060 Potranco Road,Lisa Velasquez,209,27,No Print,,9/2/25 6:00 PM,9/2/25 6:05 PM,5 minutes and 7 seconds,KDS - Login Don't Delete
12060 Potranco Road,Adriana Navarro,204,35,Food,,9/2/25 6:00 PM,9/2/25 6:12 PM,11 minutes and 32 seconds,KDS - Login Don't Delete
12060 Potranco Road,Adriana Navarro,204,35,No Print,,9/2/25 6:00 PM,9/2/25 6:12 PM,11 minutes and 32 seconds,KDS - Login Don't Delete
12060 Potranco Road,Mario Jimenez,220,,Food,,9/2/25 6:09 PM,9/2/25 6:17 PM,7 minutes and 42 seconds,KDS - Login Don't Delete
12060 Potranco Road,Mario Jimenez,221,,Food,,9/2/25 6:10 PM,9/2/25 6:17 PM,7 minutes and 14 seconds,KDS - Login Don't Delete
12060 Potranco Road,Mario Jimenez,221,,Drive Thru,,9/2/25 6:10 PM,9/2/25 6:17 PM,7 minutes and 14 seconds,KDS - Login Don't Delete
12060 Potranco Road,Lisa Velasquez,223,2,Food,,9/2/25 6:15 PM,9/2/25 6:26 PM,10 minutes and 30 seconds,KDS - Login Don't Delete
12060 Potranco Road,Lisa Velasquez,223,2,No Print,,9/2/25 6:15 PM,9/2/25 6:26 PM,10 minutes and 30 seconds,KDS - Login Don't Delete
12060 Potranco Road,Mario Jimenez,222,,Food,,9/2/25 6:25 PM,9/2/25 6:29 PM,3 minutes and 20 seconds,KDS - Login Don't Delete
12060 Potranco Road,Mario Jimenez,222,,Drive Thru,,9/2/25 6:25 PM,9/2/25 6:29 PM,3 minutes and 20 seconds,KDS - Login Don't Delete
12060 Potranco Road,Adriana Navarro,204,35,Food,,9/2/25 6:19 PM,9/2/25 6:30 PM,11 minutes and 2 seconds,KDS - Login Don't Delete
12060 Potranco Road,Adriana Navarro,204,35,No Print,,9/2/25 6:19 PM,9/2/25 6:30 PM,11 minutes and 2 seconds,KDS - Login Don't Delete
12060 Potranco Road,Mario Jimenez,224,,Food,,9/2/25 6:32 PM,9/2/25 6:37 PM,4 minutes and 37 seconds,KDS - Login Don't Delete
12060 Potranco Road,Mario Jimenez,224,,Drive Thru,,9/2/25 6:32 PM,9/2/25 6:37 PM,4 minutes and 37 seconds,KDS - Login Don't Delete
12060 Potranco Road,Adriana Navarro,207,1,,1,9/2/25 5:16 PM,9/2/25 6:48 PM,"1 hour, 31 minutes and 17 seconds",KDS - Login Don't Delete
12060 Potranco Road,Lisa Velasquez,208,16,,1,9/2/25 5:21 PM,9/2/25 6:48 PM,"1 hour, 26 minutes and 39 seconds",KDS - Login Don't Delete
12060 Potranco Road,Lisa Velasquez,209,27,,1,9/2/25 5:28 PM,9/2/25 6:48 PM,"1 hour, 19 minutes and 37 seconds",KDS - Login Don't Delete
12060 Potranco Road,Adriana Navarro,204,35,,1,9/2/25 5:28 PM,9/2/25 6:48 PM,"1 hour, 19 minutes and 39 seconds",KDS - Login Don't Delete
12060 Potranco Road,Adriana Navarro,213,,,1,9/2/25 5:48 PM,9/2/25 6:48 PM,59 minutes and 21 seconds,KDS - Login Don't Delete
12060 Potranco Road,Lisa Velasquez,209,27,,1,9/2/25 6:05 PM,9/2/25 6:48 PM,42 minutes and 44 seconds,KDS - Login Don't Delete
12060 Potranco Road,Adriana Navarro,204,35,,1,9/2/25 6:12 PM,9/2/25 6:48 PM,36 minutes and 8 seconds,KDS - Login Don't Delete
12060 Potranco Road,Gabriel Tovar ,226,,Food,,9/2/25 6:45 PM,9/2/25 6:51 PM,6 minutes and 15 seconds,KDS - Login Don't Delete
12060 Potranco Road,Gabriel Tovar ,226,,No Print,,9/2/25 6:45 PM,9/2/25 6:51 PM,6 minutes and 15 seconds,KDS - Login Don't Delete
12060 Potranco Road,Adriana Navarro,227,3,Food,,9/2/25 6:49 PM,9/2/25 7:07 PM,17 minutes and 43 seconds,KDS - Login Don't Delete
12060 Potranco Road,Adriana Navarro,227,3,No Print,,9/2/25 6:49 PM,9/2/25 7:07 PM,17 minutes and 43 seconds,KDS - Login Don't Delete
12060 Potranco Road,Adriana Navarro,227,3,Drive Thru,,9/2/25 7:05 PM,9/2/25 7:07 PM,1 minute and 27 seconds,KDS - Login Don't Delete
12060 Potranco Road,Adriana Navarro,227,3,Food,,9/2/25 7:05 PM,9/2/25 7:07 PM,1 minute and 27 seconds,KDS - Login Don't Delete
12060 Potranco Road,Mario Jimenez,225,,Food,,9/2/25 7:10 PM,9/2/25 7:13 PM,3 minutes and 7 seconds,KDS - Login Don't Delete
12060 Potranco Road,Mario Jimenez,225,,Food,,9/2/25 7:09 PM,9/2/25 7:14 PM,4 minutes and 7 seconds,KDS - Login Don't Delete
12060 Potranco Road,Mario Jimenez,225,,Drive Thru,,9/2/25 7:09 PM,9/2/25 7:14 PM,4 minutes and 7 seconds,KDS - Login Don't Delete
12060 Potranco Road,Lisa Velasquez,228,34,Food,,9/2/25 7:09 PM,9/2/25 7:14 PM,5 minutes and 25 seconds,KDS - Login Don't Delete
12060 Potranco Road,Lisa Velasquez,228,34,No Print,,9/2/25 7:09 PM,9/2/25 7:14 PM,5 minutes and 25 seconds,KDS - Login Don't Delete
12060 Potranco Road,Adriana Navarro,230,1,Food,,9/2/25 7:10 PM,9/2/25 7:30 PM,19 minutes and 58 seconds,KDS - Login Don't Delete
12060 Potranco Road,Adriana Navarro,230,1,No Print,,9/2/25 7:10 PM,9/2/25 7:30 PM,19 minutes and 58 seconds,KDS - Login Don't Delete
12060 Potranco Road,Lisa Velasquez,231,14,Food,,9/2/25 7:23 PM,9/2/25 7:35 PM,12 minutes and 30 seconds,KDS - Login Don't Delete
12060 Potranco Road,Lisa Velasquez,231,14,No Print,,9/2/25 7:23 PM,9/2/25 7:35 PM,12 minutes and 30 seconds,KDS - Login Don't Delete
12060 Potranco Road,Adriana Navarro,227,3,Food,,9/2/25 7:18 PM,9/2/25 7:35 PM,17 minutes and 27 seconds,KDS - Login Don't Delete
12060 Potranco Road,Mario Jimenez,232,,Food,,9/2/25 7:34 PM,9/2/25 7:36 PM,2 minutes and 20 seconds,KDS - Login Don't Delete
12060 Potranco Road,Mario Jimenez,232,,Drive Thru,,9/2/25 7:34 PM,9/2/25 7:36 PM,2 minutes and 20 seconds,KDS - Login Don't Delete
12060 Potranco Road,Gabriel Tovar ,226,,,1,9/2/25 6:51 PM,9/2/25 7:41 PM,50 minutes and 8 seconds,KDS - Login Don't Delete
12060 Potranco Road,Adriana Navarro,230,1,,1,9/2/25 7:30 PM,9/2/25 7:41 PM,10 minutes and 56 seconds,KDS - Login Don't Delete
12060 Potranco Road,Lisa Velasquez,231,14,,1,9/2/25 7:35 PM,9/2/25 7:41 PM,5 minutes and 48 seconds,KDS - Login Don't Delete
12060 Potranco Road,Lisa Velasquez,228,34,,1,9/2/25 7:14 PM,9/2/25 7:41 PM,26 minutes and 50 seconds,KDS - Login Don't Delete
12060 Potranco Road,Adriana Navarro,227,3,,1,9/2/25 7:07 PM,9/2/25 7:41 PM,34 minutes and 27 seconds,KDS - Login Don't Delete
12060 Potranco Road,Adriana Navarro,227,3,,1,9/2/25 7:07 PM,9/2/25 7:41 PM,34 minutes and 29 seconds,KDS - Login Don't Delete
12060 Potranco Road,Lisa Velasquez,223,2,,1,9/2/25 6:26 PM,9/2/25 7:41 PM,"1 hour, 15 minutes and 18 seconds",KDS - Login Don't Delete
12060 Potranco Road,Adriana Navarro,204,35,,1,9/2/25 6:30 PM,9/2/25 7:41 PM,"1 hour, 10 minutes and 43 seconds",KDS - Login Don't Delete
12060 Potranco Road,Adriana Navarro,227,3,,1,9/2/25 7:35 PM,9/2/25 7:41 PM,5 minutes and 56 seconds,KDS - Login Don't Delete
12060 Potranco Road,Adriana Navarro,235,2,Food,,9/2/25 7:38 PM,9/2/25 7:46 PM,7 minutes and 59 seconds,KDS - Login Don't Delete
12060 Potranco Road,Adriana Navarro,235,2,No Print,,9/2/25 7:38 PM,9/2/25 7:46 PM,7 minutes and 59 seconds,KDS - Login Don't Delete
12060 Potranco Road,Mario Jimenez,234,,Food,,9/2/25 7:35 PM,9/2/25 7:47 PM,11 minutes and 49 seconds,KDS - Login Don't Delete
12060 Potranco Road,Mario Jimenez,234,,Drive Thru,,9/2/25 7:35 PM,9/2/25 7:47 PM,11 minutes and 49 seconds,KDS - Login Don't Delete
12060 Potranco Road,Mario Jimenez,236,,Food,,9/2/25 7:40 PM,9/2/25 8:00 PM,19 minutes and 48 seconds,KDS - Login Don't Delete
12060 Potranco Road,Mario Jimenez,236,,No Print,,9/2/25 7:40 PM,9/2/25 8:00 PM,19 minutes and 48 seconds,KDS - Login Don't Delete
12060 Potranco Road,Lisa Velasquez,237,,Food,,9/2/25 8:52 PM,9/2/25 8:55 PM,3 minutes and 20 seconds,KDS - Login Don't Delete
12060 Potranco Road,Lisa Velasquez,237,,No Print,,9/2/25 8:52 PM,9/2/25 8:55 PM,3 minutes and 20 seconds,KDS - Login Don't Delete
