Location,Order #,Opened,Server,Table,Revenue Center,Discount Amount,Amount,Tax,Tip,Gratuity,Duration (Opened to Paid)
12060 Potranco Road,2,9/2/25 6:32 AM,Melissa  Urena,,Dining Room,0.00,13.15,1.09,3.00,0.00,00:02:16
12060 Potranco Road,4,9/2/25 6:36 AM,Melissa  Urena,,Drive Thru,0.00,5.37,0.44,0.00,0.00,00:03:55
12060 Potranco Road,5,9/2/25 7:00 AM,Melissa  Urena,,Drive Thru,0.00,11.77,0.97,0.00,0.00,00:01:21
12060 Potranco Road,6,9/2/25 7:06 AM,Lizbeth Garcia,5,Dining Room,0.00,11.26,0.94,5.00,0.00,00:38:20
12060 Potranco Road,7,9/2/25 7:11 AM,Melissa  Urena,,Drive Thru,0.00,9.57,0.78,0.00,0.00,00:00:43
12060 Potranco Road,8,9/2/25 7:13 AM,Melissa  Urena,,Drive Thru,0.00,3.78,0.31,0.00,0.00,00:01:33
12060 Potranco Road,9,9/2/25 7:16 AM,Lizbeth Garcia,23,Dining Room,0.00,30.09,2.50,5.00,0.00,00:24:02
12060 Potranco Road,10,9/2/25 7:20 AM,Melissa  Urena,,Dining Room,0.00,14.67,1.21,0.00,0.00,00:01:04
12060 Potranco Road,11,9/2/25 7:23 AM,Melissa  Urena,,Drive Thru,1.67,21.96,1.82,0.00,0.00,01:15:35
12060 Potranco Road,12,9/2/25 7:32 AM,Melissa  Urena,,Drive Thru,0.00,9.73,0.80,2.00,0.00,00:00:33
12060 Potranco Road,13,9/2/25 7:45 AM,Melissa  Urena,,Drive Thru,0.00,5.64,0.46,0.00,0.00,00:00:22
12060 Potranco Road,14,9/2/25 7:45 AM,Melissa  Urena,,Drive Thru,0.00,11.56,0.97,0.00,0.00,00:02:11
12060 Potranco Road,16,9/2/25 7:51 AM,Lizbeth Garcia,2,Dining Room,0.00,34.81,2.86,0.00,0.00,00:47:12
12060 Potranco Road,17,9/2/25 7:52 AM,Sugey Cabrera,15,Dining Room,0.00,25.89,2.13,6.00,0.00,00:41:19
12060 Potranco Road,18,9/2/25 8:03 AM,Sugey Cabrera,18,Dining Room,0.00,6.48,0.54,3.00,0.00,00:10:45
12060 Potranco Road,19,9/2/25 8:11 AM,Melissa  Urena,,Dining Room,0.00,16.02,1.33,0.00,0.00,00:01:16
12060 Potranco Road,20,9/2/25 8:12 AM,Melissa  Urena,,Drive Thru,0.00,5.37,0.44,1.00,0.00,00:01:57
12060 Potranco Road,21,9/2/25 8:21 AM,Sugey Cabrera,,Dining Room,30.74,0.00,0.00,0.00,0.00,04:48:36
12060 Potranco Road,22,9/2/25 8:33 AM,Melissa  Urena,,Drive Thru,0.00,7.88,0.65,0.00,0.00,00:00:57
12060 Potranco Road,23,9/2/25 8:33 AM,Melissa  Urena,,Drive Thru,0.00,9.78,0.81,0.00,0.00,00:04:02
12060 Potranco Road,24,9/2/25 8:44 AM,Melissa  Urena,,Drive Thru,0.00,8.86,0.73,0.00,0.00,00:01:22
12060 Potranco Road,25,9/2/25 8:46 AM,Melissa  Urena,,Drive Thru,0.00,4.28,0.36,0.00,0.00,00:03:07
12060 Potranco Road,26,9/2/25 8:47 AM,Melissa  Urena,,Drive Thru,0.00,1.29,0.11,0.00,0.00,00:00:04
12060 Potranco Road,27,9/2/25 8:47 AM,Melissa  Urena,,Drive Thru,0.00,5.97,0.50,0.00,0.00,00:02:18
12060 Potranco Road,28,9/2/25 8:53 AM,Melissa  Urena,,Drive Thru,0.00,4.28,0.35,0.00,0.00,00:00:20
12060 Potranco Road,29,9/2/25 8:53 AM,Melissa  Urena,,Drive Thru,0.00,10.96,0.91,1.00,0.00,00:02:44
12060 Potranco Road,30,9/2/25 8:56 AM,Melissa  Urena,,Drive Thru,0.00,6.27,0.52,0.00,0.00,00:05:17
12060 Potranco Road,32,9/2/25 9:00 AM,Melissa  Urena,,Drive Thru,0.00,16.12,1.34,2.00,0.00,00:02:16
12060 Potranco Road,31,9/2/25 9:00 AM,Adrian Morales,26,Dining Room,0.00,6.97,0.57,1.00,0.00,00:37:40
12060 Potranco Road,33,9/2/25 9:06 AM,Lizbeth Garcia,20,Dining Room,0.00,24.96,2.06,5.00,0.00,00:27:25
12060 Potranco Road,34,9/2/25 9:14 AM,Adrian Morales,8,Dining Room,0.00,14.54,1.20,0.00,0.00,01:03:25
12060 Potranco Road,36,9/2/25 9:15 AM,Lizbeth Garcia,1,Dining Room,0.00,6.28,0.52,3.00,0.00,00:16:02
12060 Potranco Road,35,9/2/25 9:14 AM,Sugey Cabrera,34,Dining Room,0.00,35.81,2.96,0.00,0.00,00:36:22
12060 Potranco Road,37,9/2/25 9:16 AM,Melissa  Urena,,Drive Thru,0.00,14.64,1.19,0.00,0.00,00:01:20
12060 Potranco Road,40,9/2/25 9:20 AM,Melissa  Urena,,Dining Room,0.00,6.18,0.51,0.00,0.00,00:03:39
12060 Potranco Road,41,9/2/25 9:24 AM,Melissa  Urena,,Drive Thru,0.00,18.14,1.51,0.00,0.00,00:01:07
12060 Potranco Road,42,9/2/25 9:25 AM,Sugey Cabrera,23,Dining Room,0.00,7.07,0.59,2.34,0.00,00:21:34
12060 Potranco Road,45,9/2/25 9:29 AM,Melissa  Urena,,Dining Room,0.00,12.35,1.01,0.00,0.00,00:01:34
12060 Potranco Road,44,9/2/25 9:28 AM,Sugey Cabrera,,Dining Room,0.00,0.00,0.00,0.00,0.00,00:00:59
12060 Potranco Road,46,9/2/25 9:29 AM,Sugey Cabrera,,Dining Room,0.00,3.49,0.29,0.00,0.00,00:00:06
12060 Potranco Road,47,9/2/25 9:30 AM,Melissa  Urena,,Drive Thru,0.00,7.16,0.59,0.00,0.00,00:01:25
12060 Potranco Road,48,9/2/25 9:31 AM,Melissa  Urena,,Drive Thru,0.00,3.58,0.30,0.00,0.00,00:34:43
12060 Potranco Road,49,9/2/25 9:33 AM,Adrian Morales,2,Dining Room,2.48,22.28,1.84,0.00,0.00,00:34:01
12060 Potranco Road,51,9/2/25 9:37 AM,Melissa  Urena,,Drive Thru,0.00,11.56,0.95,0.00,0.00,00:01:18
12060 Potranco Road,52,9/2/25 9:40 AM,Melissa  Urena,,Drive Thru,0.00,6.99,0.58,0.00,0.00,00:00:29
12060 Potranco Road,53,9/2/25 9:45 AM,Lizbeth Garcia,30,Dining Room,0.00,22.58,1.86,0.00,0.00,00:28:53
12060 Potranco Road,54,9/2/25 9:47 AM,Melissa  Urena,,Dining Room,0.00,4.28,0.36,2.00,0.00,00:00:55
12060 Potranco Road,55,9/2/25 9:47 AM,Sugey Cabrera,27,Dining Room,0.00,50.68,4.17,10.14,0.00,01:01:59
12060 Potranco Road,56,9/2/25 9:48 AM,Melissa  Urena,,Drive Thru,0.00,1.79,0.15,0.00,0.00,00:02:39
12060 Potranco Road,58,9/2/25 9:51 AM,Melissa  Urena,,Drive Thru,0.00,7.28,0.60,1.00,0.00,00:00:36
12060 Potranco Road,57,9/2/25 9:51 AM,Adrian Morales,21,Dining Room,3.16,36.42,3.02,0.00,0.00,01:04:27
12060 Potranco Road,59,9/2/25 9:57 AM,Lizbeth Garcia,1,Dining Room,0.00,23.96,1.98,7.00,0.00,00:30:14
12060 Potranco Road,60,9/2/25 9:59 AM,Adrian Morales,5,Dining Room,0.00,31.91,2.63,0.00,0.00,00:25:26
12060 Potranco Road,61,9/2/25 9:59 AM,Melissa  Urena,,Drive Thru,0.00,13.34,1.10,3.00,0.00,00:00:50
12060 Potranco Road,64,9/2/25 10:01 AM,Candy Del Angel,,Dining Room,0.00,2.99,0.25,0.00,0.00,00:08:22
12060 Potranco Road,63,9/2/25 10:01 AM,Sugey Cabrera,3,Dining Room,0.00,31.30,2.59,5.00,0.00,00:31:46
12060 Potranco Road,65,9/2/25 10:02 AM,Lizbeth Garcia,,Dining Room,0.00,25.25,2.09,5.00,0.00,00:24:48
12060 Potranco Road,66,9/2/25 10:05 AM,Melissa  Urena,,Drive Thru,0.00,13.95,1.15,0.00,0.00,00:01:44
12060 Potranco Road,67,9/2/25 10:06 AM,Sugey Cabrera,34,Dining Room,0.00,16.15,1.33,0.00,0.00,00:27:10
12060 Potranco Road,68,9/2/25 10:10 AM,Melissa  Urena,,Drive Thru,0.00,24.43,2.02,0.00,0.00,00:01:01
12060 Potranco Road,69,9/2/25 10:11 AM,Melissa  Urena,,Drive Thru,0.00,9.78,0.81,1.00,0.00,00:01:20
12060 Potranco Road,70,9/2/25 10:11 AM,Melissa  Urena,,Drive Thru,0.00,26.41,2.17,0.00,0.00,00:04:10
12060 Potranco Road,71,9/2/25 10:12 AM,Lizbeth Garcia,25,Dining Room,0.00,24.59,2.01,0.00,0.00,00:24:36
12060 Potranco Road,72,9/2/25 10:14 AM,Adrian Morales,2,Dining Room,0.00,31.16,2.57,7.00,0.00,00:37:27
12060 Potranco Road,73,9/2/25 10:17 AM,Melissa  Urena,,Dining Room,0.00,20.74,1.71,0.00,0.00,00:07:20
12060 Potranco Road,74,9/2/25 10:19 AM,Candy Del Angel,,Dining Room,0.50,8.48,0.70,0.00,0.00,00:11:20
12060 Potranco Road,76,9/2/25 10:22 AM,Carlos Morales,,Dining Room,0.00,2.99,0.25,0.00,0.00,00:00:16
12060 Potranco Road,79,9/2/25 10:23 AM,Melissa  Urena,,Drive Thru,0.00,4.08,0.34,0.00,0.00,00:02:39
12060 Potranco Road,75,9/2/25 10:22 AM,Sugey Cabrera,15,Dining Room,0.00,24.96,2.07,3.00,0.00,00:45:16
12060 Potranco Road,77,9/2/25 10:22 AM,Candy Del Angel,,Dining Room,0.00,5.97,0.49,0.00,0.00,00:02:55
12060 Potranco Road,81,9/2/25 10:25 AM,Candy Del Angel,,Dining Room,0.00,0.00,0.00,0.00,0.00,00:00:20
12060 Potranco Road,83,9/2/25 10:28 AM,Adrian Morales,12,Dining Room,0.00,39.63,3.27,8.00,0.00,00:26:04
12060 Potranco Road,84,9/2/25 10:35 AM,Melissa  Urena,,Drive Thru,0.00,3.58,0.30,0.00,0.00,00:00:22
12060 Potranco Road,85,9/2/25 10:40 AM,Melissa  Urena,,Drive Thru,0.00,20.65,1.71,0.00,0.00,00:01:14
12060 Potranco Road,87,9/2/25 10:44 AM,Melissa  Urena,,Dining Room,0.00,22.34,1.85,0.00,0.00,00:02:11
12060 Potranco Road,88,9/2/25 10:45 AM,Candy Del Angel,,Dining Room,0.00,4.98,0.42,0.00,0.00,00:05:38
12060 Potranco Road,90,9/2/25 10:53 AM,Melissa  Urena,,Drive Thru,0.00,5.97,0.49,0.00,0.00,00:00:09
12060 Potranco Road,91,9/2/25 10:53 AM,Melissa  Urena,,Drive Thru,5.50,5.47,0.46,0.00,0.00,00:05:44
12060 Potranco Road,92,9/2/25 10:56 AM,Melissa  Urena,,Drive Thru,0.00,20.93,1.73,0.00,0.00,00:03:56
12060 Potranco Road,93,9/2/25 11:00 AM,Melissa  Urena,,Drive Thru,0.00,23.92,1.97,0.00,0.00,00:03:21
12060 Potranco Road,94,9/2/25 11:00 AM,Lizbeth Garcia,3,Dining Room,0.48,6.69,0.56,3.00,0.00,01:05:56
12060 Potranco Road,95,9/2/25 11:01 AM,Melissa  Urena,,Drive Thru,0.00,24.06,1.98,2.96,0.00,00:06:00
12060 Potranco Road,97,9/2/25 11:07 AM,Candy Del Angel,,Dining Room,0.00,8.37,0.69,0.00,0.00,00:00:30
12060 Potranco Road,96,9/2/25 11:04 AM,Melissa  Urena,,Drive Thru,0.00,18.24,1.51,0.00,0.00,00:05:35
12060 Potranco Road,99,9/2/25 11:08 AM,Melissa  Urena,,Drive Thru,0.00,9.98,0.82,0.00,0.00,00:08:28
12060 Potranco Road,100,9/2/25 11:09 AM,Melissa  Urena,,Drive Thru,0.00,4.28,0.35,0.00,0.00,00:07:55
12060 Potranco Road,101,9/2/25 11:09 AM,Adrian Morales,28,Dining Room,82.96,0.00,0.00,0.00,0.00,03:17:53
12060 Potranco Road,102,9/2/25 11:11 AM,Sugey Cabrera,,Dining Room,0.00,7.76,0.64,0.00,0.00,00:01:12
12060 Potranco Road,103,9/2/25 11:12 AM,Sugey Cabrera,,Dining Room,0.00,11.58,0.96,0.00,0.00,00:01:20
12060 Potranco Road,104,9/2/25 11:15 AM,Melissa  Urena,,Drive Thru,0.00,27.09,2.22,2.00,0.00,00:02:56
12060 Potranco Road,107,9/2/25 11:17 AM,Melissa  Urena,,Drive Thru,0.52,4.67,0.39,0.00,0.00,00:05:57
12060 Potranco Road,106,9/2/25 11:16 AM,Candy Del Angel,,Dining Room,0.00,12.46,1.03,0.00,0.00,00:02:31
12060 Potranco Road,109,9/2/25 11:20 AM,Sugey Cabrera,15,Dining Room,0.00,12.97,1.07,0.00,0.00,00:35:58
12060 Potranco Road,110,9/2/25 11:20 AM,Melissa  Urena,,Dining Room,0.00,12.99,1.07,0.00,0.00,00:04:32
12060 Potranco Road,111,9/2/25 11:27 AM,Lizbeth Garcia,14,Dining Room,0.00,25.43,2.09,5.00,0.00,00:24:42
12060 Potranco Road,113,9/2/25 11:29 AM,Melissa  Urena,,Drive Thru,0.00,12.55,1.04,1.88,0.00,00:01:14
12060 Potranco Road,112,9/2/25 11:28 AM,Sugey Cabrera,4,Dining Room,0.00,31.46,2.60,2.70,0.00,01:03:28
12060 Potranco Road,114,9/2/25 11:36 AM,Adrian Morales,34,Dining Room,0.00,20.96,1.74,5.00,0.00,00:34:51
12060 Potranco Road,115,9/2/25 11:37 AM,Sugey Cabrera,23,Dining Room,0.00,12.74,1.05,3.00,0.00,00:21:28
12060 Potranco Road,117,9/2/25 11:39 AM,Melissa  Urena,,Drive Thru,0.00,9.36,0.77,0.00,0.00,00:00:22
12060 Potranco Road,119,9/2/25 11:40 AM,Melissa  Urena,,Drive Thru,0.00,10.46,0.86,0.00,0.00,00:03:41
12060 Potranco Road,118,9/2/25 11:40 AM,Lizbeth Garcia,6,Dining Room,0.00,27.95,2.31,0.00,0.00,00:30:28
12060 Potranco Road,120,9/2/25 11:42 AM,Melissa  Urena,,Drive Thru,0.00,5.57,0.46,2.00,0.00,00:02:52
12060 Potranco Road,122,9/2/25 11:43 AM,Melissa  Urena,,Drive Thru,0.00,27.03,2.23,0.00,0.00,00:03:27
12060 Potranco Road,123,9/2/25 11:48 AM,Adrian Morales,20,Dining Room,0.00,23.47,1.93,10.00,0.00,00:19:46
12060 Potranco Road,125,9/2/25 11:54 AM,Melissa  Urena,,Drive Thru,0.00,15.98,1.32,0.00,0.00,00:00:36
12060 Potranco Road,126,9/2/25 11:55 AM,Melissa  Urena,,Drive Thru,0.00,9.38,0.77,0.00,0.00,00:06:25
12060 Potranco Road,127,9/2/25 11:56 AM,Lizbeth Garcia,8,Dining Room,0.00,27.88,2.29,5.58,0.00,00:24:01
12060 Potranco Road,128,9/2/25 12:00 PM,Candy Del Angel,,Dining Room,0.00,11.99,0.99,0.00,0.00,00:21:01
12060 Potranco Road,129,9/2/25 12:02 PM,Melissa  Urena,,Drive Thru,0.00,13.77,1.14,0.00,0.00,00:00:30
12060 Potranco Road,131,9/2/25 12:05 PM,Sugey Cabrera,2,Dining Room,0.00,63.43,5.23,0.00,0.00,00:35:37
12060 Potranco Road,133,9/2/25 12:06 PM,Adrian Morales,1,Dining Room,0.00,20.62,1.69,0.00,0.00,00:31:36
12060 Potranco Road,135,9/2/25 12:09 PM,Carlos Morales,,Dining Room,0.00,0.00,0.00,0.00,0.00,00:00:14
12060 Potranco Road,16003,9/2/25 11:25 AM,Lizbeth Garcia,14,Dining Room,0.00,66.09,5.44,15.00,0.00,01:45:55
12060 Potranco Road,132,9/2/25 12:05 PM,Melissa  Urena,,Drive Thru,0.00,11.56,0.95,0.00,0.00,00:18:52
12060 Potranco Road,136,9/2/25 12:23 PM,Melissa  Urena,,Drive Thru,0.00,11.99,0.99,0.00,0.00,00:01:51
12060 Potranco Road,138,9/2/25 12:27 PM,Sugey Cabrera,3,Dining Room,0.00,28.95,2.39,7.00,0.00,00:31:46
12060 Potranco Road,139,9/2/25 12:31 PM,Melissa  Urena,,Drive Thru,0.00,16.76,1.38,1.00,0.00,00:00:58
12060 Potranco Road,141,9/2/25 12:32 PM,Melissa  Urena,,Drive Thru,0.00,12.47,1.03,0.00,0.00,00:07:10
12060 Potranco Road,140,9/2/25 12:32 PM,Adrian Morales,20,Dining Room,0.00,52.95,4.36,0.00,0.00,01:53:31
12060 Potranco Road,142,9/2/25 12:35 PM,Lizbeth Garcia,12,Dining Room,0.00,12.47,1.02,5.00,0.00,00:22:08
12060 Potranco Road,143,9/2/25 12:39 PM,Sugey Cabrera,4,Dining Room,0.00,5.37,0.44,0.00,0.00,00:02:13
12060 Potranco Road,144,9/2/25 12:42 PM,Sugey Cabrera,15,Dining Room,0.00,27.96,2.31,12.00,0.00,00:40:08
12060 Potranco Road,145,9/2/25 12:46 PM,Melissa  Urena,,Drive Thru,0.00,5.97,0.49,2.00,0.00,00:01:24
12060 Potranco Road,146,9/2/25 12:47 PM,Melissa  Urena,,Drive Thru,0.00,12.38,1.02,2.60,0.00,00:01:36
12060 Potranco Road,147,9/2/25 12:49 PM,Adrian Morales,16,Dining Room,0.00,46.44,3.82,0.00,0.00,00:36:14
12060 Potranco Road,149,9/2/25 12:50 PM,Melissa  Urena,,Drive Thru,0.00,11.35,0.93,0.00,0.00,00:02:19
12060 Potranco Road,150,9/2/25 12:50 PM,Melissa  Urena,,Drive Thru,0.00,5.58,0.46,0.00,0.00,00:04:22
12060 Potranco Road,151,9/2/25 1:06 PM,Lizbeth Garcia,4,Dining Room,0.00,54.79,4.52,0.00,0.00,00:49:52
12060 Potranco Road,152,9/2/25 1:11 PM,Melissa  Urena,,Drive Thru,0.00,6.48,0.53,0.00,0.00,00:00:39
12060 Potranco Road,153,9/2/25 1:12 PM,Melissa  Urena,,Drive Thru,0.00,19.24,1.58,20.00,0.00,00:10:09
12060 Potranco Road,154,9/2/25 1:16 PM,Melissa  Urena,,Drive Thru,0.00,24.91,2.06,0.00,0.00,00:03:22
12060 Potranco Road,156,9/2/25 1:20 PM,Adrian Morales,8,Dining Room,0.00,33.65,2.77,6.00,0.00,00:28:12
12060 Potranco Road,155,9/2/25 1:17 PM,Sugey Cabrera,21,Dining Room,0.00,33.45,2.76,4.00,0.00,00:48:36
12060 Potranco Road,157,9/2/25 1:31 PM,Melissa  Urena,,Drive Thru,0.00,2.39,0.20,0.00,0.00,00:00:14
12060 Potranco Road,158,9/2/25 1:31 PM,Melissa  Urena,,Drive Thru,0.00,4.39,0.36,0.00,0.00,00:00:04
12060 Potranco Road,160,9/2/25 1:33 PM,Lizbeth Garcia,5,Dining Room,0.00,20.47,1.69,0.00,0.00,00:22:49
12060 Potranco Road,161,9/2/25 1:36 PM,Melissa  Urena,,Drive Thru,0.00,23.75,1.96,0.00,0.00,00:02:22
12060 Potranco Road,162,9/2/25 1:43 PM,Melissa  Urena,,Drive Thru,11.25,4.01,0.33,0.00,0.00,00:01:00
12060 Potranco Road,164,9/2/25 1:51 PM,Candy Del Angel,,Dining Room,0.00,12.48,1.03,0.00,0.00,00:15:14
12060 Potranco Road,165,9/2/25 1:52 PM,Candy Del Angel,,Dining Room,0.00,12.99,1.07,0.00,0.00,00:12:19
12060 Potranco Road,167,9/2/25 1:53 PM,Lisa Velasquez,2,Dining Room,0.00,54.04,4.44,10.00,0.00,00:50:25
12060 Potranco Road,163,9/2/25 1:44 PM,Melissa  Urena,,Drive Thru,0.00,0.00,0.00,0.00,0.00,00:25:51
12060 Potranco Road,169,9/2/25 2:09 PM,Melissa  Urena,,Drive Thru,0.00,3.78,0.31,0.00,0.00,00:00:42
12060 Potranco Road,171,9/2/25 2:11 PM,Lisa Velasquez,14,Dining Room,0.00,27.76,2.29,6.00,0.00,00:48:34
12060 Potranco Road,172,9/2/25 2:14 PM,Lisa Velasquez,16,Dining Room,0.00,14.99,1.24,4.77,0.00,00:19:20
12060 Potranco Road,174,9/2/25 2:29 PM,Lisa Velasquez,12,Dining Room,0.00,22.98,1.90,0.00,0.00,00:42:32
12060 Potranco Road,175,9/2/25 2:32 PM,Mario Jimenez,,Dining Room,0.00,12.06,0.99,0.00,0.00,00:01:26
12060 Potranco Road,179,9/2/25 2:55 PM,Mario Jimenez,,Dining Room,0.00,10.77,0.89,0.00,0.00,00:00:48
12060 Potranco Road,181,9/2/25 2:59 PM,Adriana Navarro,,None,0.00,12.22,1.01,5.00,0.00,00:28:42
12060 Potranco Road,183,9/2/25 3:08 PM,Mario Jimenez,,Drive Thru,0.00,13.83,1.14,0.00,0.00,00:01:46
12060 Potranco Road,184,9/2/25 3:17 PM,Mario Jimenez,,Drive Thru,0.00,13.99,1.15,0.00,0.00,00:02:41
12060 Potranco Road,185,9/2/25 3:18 PM,Mario Jimenez,,Drive Thru,0.00,9.26,0.76,0.00,0.00,00:04:50
12060 Potranco Road,186,9/2/25 3:18 PM,Mario Jimenez,,Drive Thru,0.00,19.56,1.61,0.00,0.00,00:06:25
12060 Potranco Road,188,9/2/25 3:19 PM,Lisa Velasquez,16,Dining Room,0.00,9.38,0.77,3.00,0.00,00:22:04
12060 Potranco Road,189,9/2/25 3:25 PM,Gabriel Tovar ,,None,31.70,0.00,0.00,0.00,0.00,04:55:31
12060 Potranco Road,191,9/2/25 3:30 PM,Adriana Navarro,,Dining Room,0.00,0.00,0.00,0.00,0.00,00:01:38
12060 Potranco Road,192,9/2/25 3:37 PM,Lisa Velasquez,,Dining Room,0.00,0.00,0.00,0.00,0.00,00:00:28
12060 Potranco Road,187,9/2/25 3:19 PM,Mario Jimenez,,Drive Thru,0.00,19.19,1.58,0.00,0.00,00:26:51
12060 Potranco Road,194,9/2/25 4:01 PM,Mario Jimenez,,Dining Room,0.00,17.96,1.48,0.00,0.00,00:01:25
12060 Potranco Road,195,9/2/25 4:14 PM,Mario Jimenez,,Drive Thru,0.00,66.08,5.45,0.00,0.00,00:02:28
12060 Potranco Road,196,9/2/25 4:16 PM,Mario Jimenez,,Drive Thru,0.00,8.58,0.71,0.00,0.00,00:05:47
12060 Potranco Road,198,9/2/25 4:25 PM,Lisa Velasquez,3,Dining Room,0.00,17.94,1.48,0.00,0.00,00:24:47
12060 Potranco Road,200,9/2/25 4:36 PM,Adriana Navarro,23,Dining Room,0.00,35.26,2.91,0.00,0.00,00:42:34
12060 Potranco Road,201,9/2/25 4:51 PM,Mario Jimenez,,Drive Thru,1.46,13.17,1.08,0.00,0.00,00:02:38
12060 Potranco Road,199,9/2/25 4:28 PM,Mario Jimenez,,Drive Thru,0.00,42.95,3.55,6.44,0.00,00:27:56
12060 Potranco Road,204,9/2/25 4:55 PM,Adriana Navarro,35,Dining Room,0.00,102.56,8.46,20.00,0.00,01:56:58
12060 Potranco Road,206,9/2/25 5:03 PM,Mario Jimenez,,Dining Room,0.00,15.51,1.28,5.21,0.00,00:25:02
12060 Potranco Road,207,9/2/25 5:10 PM,Adriana Navarro,1,Dining Room,0.00,25.16,2.08,0.00,0.00,00:42:30
12060 Potranco Road,208,9/2/25 5:14 PM,Lisa Velasquez,16,Dining Room,0.00,17.77,1.47,0.00,0.00,00:27:09
12060 Potranco Road,210,9/2/25 5:16 PM,Mario Jimenez,,None,0.00,5.37,0.44,0.00,0.00,00:03:32
12060 Potranco Road,209,9/2/25 5:15 PM,Lisa Velasquez,27,Dining Room,0.00,80.56,6.63,12.08,0.00,00:49:38
12060 Potranco Road,213,9/2/25 5:33 PM,Adriana Navarro,,Dining Room,0.00,21.97,1.81,5.00,0.00,00:43:36
12060 Potranco Road,212,9/2/25 5:29 PM,Mario Jimenez,,Drive Thru,0.00,5.38,0.45,1.18,0.00,00:07:47
12060 Potranco Road,215,9/2/25 5:48 PM,Mario Jimenez,,Dining Room,0.00,12.96,1.06,1.94,0.00,00:02:06
12060 Potranco Road,214,9/2/25 5:47 PM,Mario Jimenez,,Drive Thru,0.00,15.05,1.24,0.00,0.00,00:10:22
12060 Potranco Road,217,9/2/25 5:56 PM,Mario Jimenez,,Drive Thru,0.00,16.55,1.37,0.00,0.00,00:10:27
12060 Potranco Road,218,9/2/25 6:08 PM,Mario Jimenez,,Drive Thru,0.00,15.98,1.32,0.00,0.00,00:00:21
12060 Potranco Road,219,9/2/25 6:08 PM,Mario Jimenez,,Drive Thru,0.00,0.00,0.00,0.00,0.00,00:00:54
12060 Potranco Road,220,9/2/25 6:09 PM,Mario Jimenez,,Drive Thru,0.00,13.98,1.15,0.00,0.00,00:03:21
12060 Potranco Road,221,9/2/25 6:09 PM,Mario Jimenez,,Drive Thru,0.00,15.98,1.32,0.00,0.00,00:02:49
12060 Potranco Road,223,9/2/25 6:14 PM,Lisa Velasquez,2,Dining Room,0.00,29.95,2.46,8.00,0.00,00:35:54
12060 Potranco Road,222,9/2/25 6:13 PM,Mario Jimenez,,Drive Thru,0.00,14.38,1.18,3.16,0.00,00:13:22
12060 Potranco Road,224,9/2/25 6:25 PM,Mario Jimenez,,Drive Thru,0.00,17.98,1.48,0.00,0.00,00:07:34
12060 Potranco Road,226,9/2/25 6:44 PM,Gabriel Tovar ,,Dining Room,0.00,10.37,0.86,0.00,0.00,00:15:26
12060 Potranco Road,227,9/2/25 6:48 PM,Adriana Navarro,3,Dining Room,0.00,92.92,7.65,0.00,0.00,01:19:02
12060 Potranco Road,228,9/2/25 7:08 PM,Lisa Velasquez,34,Dining Room,0.00,18.17,1.49,4.00,0.00,00:27:12
12060 Potranco Road,225,9/2/25 6:37 PM,Mario Jimenez,,Drive Thru,0.00,19.47,1.61,0.00,0.00,00:32:34
12060 Potranco Road,230,9/2/25 7:10 PM,Adriana Navarro,1,Dining Room,0.00,22.97,1.89,4.30,0.00,00:42:02
12060 Potranco Road,231,9/2/25 7:22 PM,Lisa Velasquez,14,Dining Room,0.00,33.87,2.80,0.00,0.00,00:49:02
12060 Potranco Road,232,9/2/25 7:29 PM,Mario Jimenez,,Drive Thru,0.00,8.98,0.74,0.00,0.00,00:06:33
12060 Potranco Road,234,9/2/25 7:34 PM,Mario Jimenez,,Drive Thru,0.00,18.99,1.57,0.00,0.00,00:03:22
12060 Potranco Road,235,9/2/25 7:34 PM,Adriana Navarro,2,Dining Room,0.00,20.98,1.73,6.00,0.00,00:43:45
12060 Potranco Road,236,9/2/25 7:38 PM,Mario Jimenez,,Dining Room,6.75,23.11,1.92,0.00,0.00,00:24:03
12060 Potranco Road,237,9/2/25 8:51 PM,Lisa Velasquez,,Dining Room,0.00,4.89,0.40,0.00,0.00,00:09:46
