Employee,Job Title,In Date,Out Date,Auto Clock-out,Total Hours,Unpaid Break Time,Paid Break Time,Payable Hours
"Lino Santana, David ",Prep,9/2/25 5:03 AM,9/2/25 12:14 PM,No,7.19,0.00,0.00,7.19
"Farias, Claudia",Cook,9/2/25 5:04 AM,9/2/25 2:10 PM,No,9.10,0.00,0.00,9.10
"Cardenas, Salvador",Cook,9/2/25 5:37 AM,9/2/25 2:27 PM,No,8.83,0.00,0.00,8.83
"Garcia, Lizbeth",Server,9/2/25 6:19 AM,9/2/25 2:19 PM,No,8.01,0.00,0.00,8.01
"Urena, Melissa ",Host,9/2/25 6:27 AM,9/2/25 2:21 PM,No,7.90,0.00,0.00,7.90
"Cabrera, Sugey",Server,9/2/25 7:18 AM,9/2/25 2:39 PM,No,7.35,0.00,0.00,7.35
"Rosales, Elsa",Tortillera,9/2/25 7:26 AM,9/2/25 2:18 PM,No,6.86,0.00,0.00,6.86
"Morales, Carlos",Busser,9/2/25 7:58 AM,9/2/25 3:05 PM,No,7.12,0.00,0.00,7.12
"Morales, Adrian",Server,9/2/25 8:16 AM,9/2/25 2:35 PM,No,6.32,0.00,0.00,6.32
"Del Angel, Candy",Shift Manager / Assistant Manager,9/2/25 8:25 AM,9/2/25 2:51 PM,No,6.42,0.00,0.00,6.42
"Velasquez, Lisa",Server,9/2/25 1:50 PM,9/2/25 9:08 PM,No,7.30,0.00,0.00,7.30
"Tovar , Gabriel",Shift Leader,9/2/25 1:58 PM,9/2/25 9:00 PM,No,7.03,0.00,0.00,7.03
"Aragon, Cecilia",Tortillera,9/2/25 2:12 PM,9/2/25 9:27 PM,No,7.26,0.00,0.00,7.26
"Jimenez, Mario",Driver,9/2/25 2:12 PM,9/2/25 9:00 PM,No,6.80,0.00,0.00,6.80
"vanenzuela, felix",Cook,9/2/25 2:26 PM,9/2/25 9:24 PM,No,6.96,0.00,0.00,6.96
"Navarro, Adriana",Server,9/2/25 2:59 PM,9/2/25 9:18 PM,No,6.32,0.00,0.00,6.32
"Ojeda, George",Runner,9/2/25 3:11 PM,9/2/25 9:23 PM,No,6.19,0.00,0.00,6.19
"Gonzales, David",Cook,9/2/25 8:00 AM,9/2/25 2:30 PM,No,6.50,0.00,0.00,6.50
