Location,Order #,Opened,# of Guests,Server,Table,Discount Amount,Amount,Tax,Tip,Gratuity
Tink-a-Tako - Potranco,1,10/18/25 6:08 AM,1,Daniela Torres,,0.00,12.96,1.07,0.00,0.00
Tink-a-Tako - Potranco,2,10/18/25 6:38 AM,1,Daniela Torres,,9.56,9.56,0.78,3.00,0.00
Tink-a-Tako - Potranco,5,10/18/25 6:46 AM,2,Rosa Compean,25,0.00,17.96,1.48,0.00,0.00
Tink-a-Tako - Potranco,4,10/18/25 6:44 AM,1,Daniela Torres,,0.00,23.31,1.93,0.00,0.00
Tink-a-Tako - Potranco,7,10/18/25 6:52 AM,1,Rosa Compean,,0.00,71.70,5.91,0.00,0.00
Tink-a-Tako - Potranco,8,10/18/25 6:57 AM,1,Daniela Torres,,4.39,4.38,0.36,0.00,0.00
Tink-a-Tako - Potranco,9,10/18/25 7:00 AM,1,Daniela Torres,,0.00,3.58,0.30,0.54,0.00
Tink-a-Tako - Potranco,10,10/18/25 7:00 AM,1,Daniela Torres,,0.00,13.57,1.11,0.00,0.00
Tink-a-Tako - Potranco,11,10/18/25 7:15 AM,1,Daniela Torres,,0.00,3.98,0.32,0.00,0.00
Tink-a-Tako - Potranco,13,10/18/25 7:17 AM,1,Rosa Compean,32,0.00,11.47,0.94,0.00,0.00
Tink-a-Tako - Potranco,12,10/18/25 7:16 AM,1,Daniela Torres,,0.00,14.17,1.17,0.00,0.00
Tink-a-Tako - Potranco,14,10/18/25 7:20 AM,1,Daniela Torres,,0.00,5.48,0.45,0.00,0.00
Tink-a-Tako - Potranco,16,10/18/25 7:25 AM,1,Rosa Compean,,0.00,7.96,0.65,0.00,0.00
Tink-a-Tako - Potranco,17,10/18/25 7:30 AM,3,Rosa Compean,20,0.00,22.43,1.85,0.00,0.00
Tink-a-Tako - Potranco,18,10/18/25 7:37 AM,3,Rosa Compean,8,0.00,14.25,1.18,0.00,0.00
Tink-a-Tako - Potranco,15,10/18/25 7:23 AM,1,Daniela Torres,,0.00,10.56,0.87,1.58,0.00
Tink-a-Tako - Potranco,19,10/18/25 7:43 AM,1,Daniela Torres,,0.00,31.73,2.60,6.98,0.00
Tink-a-Tako - Potranco,20,10/18/25 7:49 AM,1,Daniela Torres,,0.00,7.96,0.66,0.00,0.00
Tink-a-Tako - Potranco,22,10/18/25 7:53 AM,1,Daniela Torres,,0.00,7.16,0.59,0.00,0.00
Tink-a-Tako - Potranco,21,10/18/25 7:49 AM,1,Daniela Torres,,0.00,12.99,1.07,0.00,0.00
Tink-a-Tako - Potranco,23,10/18/25 7:53 AM,1,Daniela Torres,,0.00,0.00,0.00,0.00,0.00
Tink-a-Tako - Potranco,24,10/18/25 7:55 AM,1,Daniela Torres,,0.00,6.88,0.56,0.00,0.00
Tink-a-Tako - Potranco,25,10/18/25 7:56 AM,1,Daniela Torres,,0.00,35.52,2.92,2.00,0.00
Tink-a-Tako - Potranco,27,10/18/25 7:59 AM,1,Daniela Torres,,0.00,11.85,0.98,0.00,0.00
Tink-a-Tako - Potranco,28,10/18/25 7:59 AM,1,Daniela Torres,,0.00,15.84,1.31,0.00,0.00
Tink-a-Tako - Potranco,30,10/18/25 8:04 AM,1,Ivana Abundiz,,0.00,1.79,0.15,0.00,0.00
Tink-a-Tako - Potranco,31,10/18/25 8:06 AM,1,Silvia Hernandez,26,0.00,6.97,0.57,0.00,0.00
Tink-a-Tako - Potranco,32,10/18/25 8:07 AM,2,Sergio Abundiz,24,0.00,52.42,4.34,0.00,0.00
Tink-a-Tako - Potranco,33,10/18/25 8:10 AM,1,Esperansa Caviedes,35,0.00,14.23,1.17,5.00,0.00
Tink-a-Tako - Potranco,34,10/18/25 8:11 AM,1,Ivana Abundiz,,0.00,7.56,0.62,0.00,0.00
Tink-a-Tako - Potranco,35,10/18/25 8:12 AM,1,Daniela Torres,,0.00,11.27,0.93,1.00,0.00
Tink-a-Tako - Potranco,29,10/18/25 8:01 AM,1,Daniela Torres,,0.00,5.97,0.49,0.00,0.00
Tink-a-Tako - Potranco,36,10/18/25 8:12 AM,1,Daniela Torres,,0.00,24.99,2.06,0.00,0.00
Tink-a-Tako - Potranco,37,10/18/25 8:13 AM,1,Daniela Torres,,0.00,11.55,0.95,0.00,0.00
Tink-a-Tako - Potranco,39,10/18/25 8:15 AM,1,Ivana Abundiz,,0.00,9.27,0.76,2.00,0.00
Tink-a-Tako - Potranco,40,10/18/25 8:22 AM,1,Daniela Torres,,0.00,19.30,1.59,0.00,0.00
Tink-a-Tako - Potranco,38,10/18/25 8:15 AM,1,Daniela Torres,,0.00,13.54,1.12,0.00,0.00
Tink-a-Tako - Potranco,41,10/18/25 8:23 AM,2,Maria Majana,17,0.00,12.93,1.06,3.00,0.00
Tink-a-Tako - Potranco,42,10/18/25 8:24 AM,1,Daniela Torres,,0.00,11.64,0.96,0.00,0.00
Tink-a-Tako - Potranco,43,10/18/25 8:25 AM,1,Ivana Abundiz,,0.00,50.97,4.20,3.00,0.00
Tink-a-Tako - Potranco,45,10/18/25 8:26 AM,1,Ivana Abundiz,,0.00,2.99,0.25,0.00,0.00
Tink-a-Tako - Potranco,44,10/18/25 8:25 AM,1,Daniela Torres,,0.00,1.99,0.16,0.00,0.00
Tink-a-Tako - Potranco,48,10/18/25 8:32 AM,2,Rosa Compean,39,0.00,31.19,2.58,0.00,0.00
Tink-a-Tako - Potranco,49,10/18/25 8:34 AM,2,Isabel Cisneros,8,0.00,29.95,2.47,5.00,0.00
Tink-a-Tako - Potranco,50,10/18/25 8:38 AM,1,Daniela Torres,,0.00,7.97,0.66,0.00,0.00
Tink-a-Tako - Potranco,51,10/18/25 8:39 AM,1,Daniela Torres,,0.00,3.45,0.28,0.00,0.00
Tink-a-Tako - Potranco,53,10/18/25 8:39 AM,1,Daniela Torres,,0.00,10.65,0.89,0.00,0.00
Tink-a-Tako - Potranco,54,10/18/25 8:40 AM,1,Daniela Torres,,0.00,17.74,1.46,0.00,0.00
Tink-a-Tako - Potranco,55,10/18/25 8:41 AM,1,Daniela Torres,,0.00,8.78,0.72,0.00,0.00
Tink-a-Tako - Potranco,56,10/18/25 8:41 AM,1,Daniela Torres,,0.00,5.97,0.49,0.00,0.00
Tink-a-Tako - Potranco,47,10/18/25 8:31 AM,1,Daniela Torres,,0.00,20.73,1.71,0.00,0.00
Tink-a-Tako - Potranco,59,10/18/25 8:44 AM,4,Esperansa Caviedes,10,0.00,32.93,2.73,6.16,0.00
Tink-a-Tako - Potranco,57,10/18/25 8:43 AM,1,Daniela Torres,,0.00,16.43,1.36,3.00,0.00
Tink-a-Tako - Potranco,58,10/18/25 8:44 AM,1,Mayra Luna,,116.75,0.00,0.00,0.00,0.00
Tink-a-Tako - Potranco,60,10/18/25 8:45 AM,1,Daniela Torres,,0.00,11.96,0.98,0.00,0.00
Tink-a-Tako - Potranco,61,10/18/25 8:46 AM,1,Daniela Torres,,0.00,11.96,0.99,0.00,0.00
Tink-a-Tako - Potranco,63,10/18/25 8:47 AM,2,Maria Majana,23,0.00,23.96,1.98,0.00,0.00
Tink-a-Tako - Potranco,64,10/18/25 8:49 AM,1,Daniela Torres,,0.00,19.92,1.65,0.00,0.00
Tink-a-Tako - Potranco,65,10/18/25 8:49 AM,1,Daniela Torres,,0.00,21.33,1.76,3.00,0.00
Tink-a-Tako - Potranco,66,10/18/25 8:50 AM,1,Daniela Torres,,0.00,20.21,1.65,0.00,0.00
Tink-a-Tako - Potranco,67,10/18/25 8:52 AM,1,Daniela Torres,,0.00,5.98,0.49,1.00,0.00
Tink-a-Tako - Potranco,69,10/18/25 8:55 AM,2,Silvia Hernandez,16,0.00,25.96,2.14,0.00,0.00
Tink-a-Tako - Potranco,68,10/18/25 8:53 AM,1,Daniela Torres,,0.00,48.09,3.96,3.95,0.00
Tink-a-Tako - Potranco,70,10/18/25 8:56 AM,1,Lizeth Alonso,,0.00,28.68,2.37,0.00,0.00
Tink-a-Tako - Potranco,71,10/18/25 8:57 AM,1,Daniela Torres,,0.00,9.43,0.78,0.00,0.00
Tink-a-Tako - Potranco,72,10/18/25 8:58 AM,1,Daniela Torres,,0.00,9.85,0.81,0.00,0.00
Tink-a-Tako - Potranco,74,10/18/25 9:01 AM,2,Isabel Cisneros,18,0.00,18.25,1.51,0.00,0.00
Tink-a-Tako - Potranco,73,10/18/25 8:58 AM,1,Daniela Torres,,0.00,15.24,1.26,0.00,0.00
Tink-a-Tako - Potranco,75,10/18/25 9:04 AM,1,Daniela Torres,,0.00,12.36,1.02,0.00,0.00
Tink-a-Tako - Potranco,77,10/18/25 9:07 AM,1,Ivana Abundiz,,0.00,3.78,0.31,0.00,0.00
Tink-a-Tako - Potranco,79,10/18/25 9:09 AM,1,Daniela Torres,,0.00,17.75,1.46,0.00,0.00
Tink-a-Tako - Potranco,80,10/18/25 9:10 AM,1,Ivana Abundiz,,0.00,9.78,0.81,0.00,0.00
Tink-a-Tako - Potranco,81,10/18/25 9:10 AM,1,Daniela Torres,,0.00,24.17,1.99,0.00,0.00
Tink-a-Tako - Potranco,82,10/18/25 9:12 AM,1,Daniela Torres,,0.00,11.97,0.99,0.00,0.00
Tink-a-Tako - Potranco,83,10/18/25 9:12 AM,2,Rosa Compean,25,0.00,27.92,2.30,8.00,0.00
Tink-a-Tako - Potranco,84,10/18/25 9:12 AM,1,Daniela Torres,,0.00,14.13,1.16,2.12,0.00
Tink-a-Tako - Potranco,86,10/18/25 9:13 AM,1,Daniela Torres,,0.00,13.57,1.12,0.00,0.00
Tink-a-Tako - Potranco,85,10/18/25 9:13 AM,1,Rosa Compean,,3.96,15.83,1.30,5.00,0.00
Tink-a-Tako - Potranco,87,10/18/25 9:14 AM,1,Daniela Torres,,0.00,11.46,0.95,0.00,0.00
Tink-a-Tako - Potranco,88,10/18/25 9:15 AM,1,Daniela Torres,,0.00,10.57,0.86,0.00,0.00
Tink-a-Tako - Potranco,92,10/18/25 9:19 AM,1,Daniela Torres,,0.00,16.83,1.39,2.52,0.00
Tink-a-Tako - Potranco,93,10/18/25 9:20 AM,1,Daniela Torres,,1.79,16.04,1.33,0.00,0.00
Tink-a-Tako - Potranco,96,10/18/25 9:23 AM,2,Esperansa Caviedes,7,0.00,23.96,1.97,0.00,0.00
Tink-a-Tako - Potranco,94,10/18/25 9:22 AM,2,Maria Majana,32,2.80,17.15,1.42,7.00,0.00
Tink-a-Tako - Potranco,97,10/18/25 9:24 AM,2,Silvia Hernandez,37,0.00,18.86,1.55,3.77,0.00
Tink-a-Tako - Potranco,98,10/18/25 9:26 AM,1,Daniela Torres,,0.40,1.59,0.13,0.00,0.00
Tink-a-Tako - Potranco,95,10/18/25 9:22 AM,1,Daniela Torres,,0.00,25.73,2.12,0.00,0.00
Tink-a-Tako - Potranco,99,10/18/25 9:27 AM,1,Daniela Torres,,0.00,8.95,0.73,1.00,0.00
Tink-a-Tako - Potranco,101,10/18/25 9:27 AM,2,Isabel Cisneros,33,0.00,18.67,1.54,0.00,0.00
Tink-a-Tako - Potranco,104,10/18/25 9:28 AM,1,Daniela Torres,,0.00,5.97,0.49,0.00,0.00
Tink-a-Tako - Potranco,103,10/18/25 9:28 AM,2,Esperansa Caviedes,17,0.00,12.20,0.99,0.00,0.00
Tink-a-Tako - Potranco,105,10/18/25 9:30 AM,4,Rosa Compean,9,0.00,54.02,4.44,12.00,0.00
Tink-a-Tako - Potranco,107,10/18/25 9:33 AM,1,Ivana Abundiz,,0.00,2.49,0.21,0.00,0.00
Tink-a-Tako - Potranco,106,10/18/25 9:32 AM,5,Sergio Abundiz,31,0.00,57.75,4.74,10.00,0.00
Tink-a-Tako - Potranco,100,10/18/25 9:27 AM,1,Daniela Torres,,0.00,4.79,0.40,0.00,0.00
Tink-a-Tako - Potranco,108,10/18/25 9:34 AM,1,Daniela Torres,,0.00,6.18,0.51,0.00,0.00
Tink-a-Tako - Potranco,109,10/18/25 9:35 AM,1,Ivana Abundiz,,0.00,39.46,3.25,0.00,0.00
Tink-a-Tako - Potranco,110,10/18/25 9:35 AM,1,Daniela Torres,,0.00,7.96,0.66,0.00,0.00
Tink-a-Tako - Potranco,111,10/18/25 9:35 AM,1,Daniela Torres,,0.00,6.78,0.56,1.00,0.00
Tink-a-Tako - Potranco,112,10/18/25 9:36 AM,1,Daniela Torres,,0.00,28.54,2.35,0.00,0.00
Tink-a-Tako - Potranco,113,10/18/25 9:37 AM,1,Daniela Torres,,0.00,9.35,0.77,1.00,0.00
Tink-a-Tako - Potranco,114,10/18/25 9:38 AM,1,Daniela Torres,,0.00,5.98,0.49,0.00,0.00
Tink-a-Tako - Potranco,116,10/18/25 9:40 AM,3,Sergio Abundiz,4,0.00,52.77,4.36,11.00,0.00
Tink-a-Tako - Potranco,115,10/18/25 9:39 AM,1,Daniela Torres,,0.00,5.77,0.48,0.00,0.00
Tink-a-Tako - Potranco,118,10/18/25 9:41 AM,3,Rosie  ORDONEZ,40,0.00,38.64,3.19,0.00,0.00
Tink-a-Tako - Potranco,117,10/18/25 9:41 AM,4,Maria Majana,19,0.00,59.63,4.93,7.00,0.00
Tink-a-Tako - Potranco,120,10/18/25 9:44 AM,2,Maria Majana,12,0.00,29.38,2.42,0.00,0.00
Tink-a-Tako - Potranco,121,10/18/25 9:44 AM,1,Ivana Abundiz,,0.00,21.93,1.81,0.00,0.00
Tink-a-Tako - Potranco,124,10/18/25 9:48 AM,2,Rosa Compean,18,0.00,18.75,1.55,4.00,0.00
Tink-a-Tako - Potranco,123,10/18/25 9:45 AM,5,Silvia Hernandez,42,0.00,26.41,2.17,5.00,0.00
Tink-a-Tako - Potranco,125,10/18/25 9:48 AM,4,Isabel Cisneros,24,0.00,63.18,5.21,0.00,0.00
Tink-a-Tako - Potranco,119,10/18/25 9:42 AM,1,Daniela Torres,,4.79,4.76,0.39,5.00,0.00
Tink-a-Tako - Potranco,127,10/18/25 9:49 AM,1,Daniela Torres,,0.00,15.23,1.25,0.00,0.00
Tink-a-Tako - Potranco,128,10/18/25 9:49 AM,1,Daniela Torres,,0.00,20.60,1.70,0.00,0.00
Tink-a-Tako - Potranco,130,10/18/25 9:50 AM,7,Esperansa Caviedes,23,0.00,58.59,4.81,0.00,11.72
Tink-a-Tako - Potranco,131,10/18/25 9:51 AM,1,Daniela Torres,,0.00,20.76,1.71,0.00,0.00
Tink-a-Tako - Potranco,133,10/18/25 9:52 AM,1,Ivana Abundiz,,0.00,16.77,1.39,0.00,0.00
Tink-a-Tako - Potranco,134,10/18/25 9:53 AM,1,Ivana Abundiz,,0.00,11.87,0.97,0.00,0.00
Tink-a-Tako - Potranco,135,10/18/25 9:54 AM,2,Rosa Compean,15,0.00,15.94,1.31,5.00,0.00
Tink-a-Tako - Potranco,132,10/18/25 9:51 AM,1,Daniela Torres,,0.00,47.62,3.92,2.00,0.00
Tink-a-Tako - Potranco,137,10/18/25 9:55 AM,2,Isabel Cisneros,20,0.00,19.34,1.60,6.00,0.00
Tink-a-Tako - Potranco,136,10/18/25 9:55 AM,1,Daniela Torres,,0.00,32.54,2.69,0.00,0.00
Tink-a-Tako - Potranco,138,10/18/25 9:55 AM,1,Daniela Torres,,0.00,32.71,2.69,0.00,0.00
Tink-a-Tako - Potranco,140,10/18/25 9:57 AM,2,Esperansa Caviedes,37,0.00,19.89,1.63,3.00,0.00
Tink-a-Tako - Potranco,139,10/18/25 9:56 AM,1,Daniela Torres,,0.00,8.26,0.68,0.00,0.00
Tink-a-Tako - Potranco,141,10/18/25 9:58 AM,1,Ivana Abundiz,,0.00,8.86,0.73,0.00,0.00
Tink-a-Tako - Potranco,142,10/18/25 9:58 AM,1,Daniela Torres,,0.00,14.04,1.15,1.00,0.00
Tink-a-Tako - Potranco,143,10/18/25 10:00 AM,3,Silvia Hernandez,38,0.00,26.51,2.19,0.00,0.00
Tink-a-Tako - Potranco,147,10/18/25 10:02 AM,2,Silvia Hernandez,25,0.00,32.26,2.65,6.09,0.00
Tink-a-Tako - Potranco,148,10/18/25 10:03 AM,2,Rosa Compean,17,0.00,38.19,3.13,0.00,0.00
Tink-a-Tako - Potranco,149,10/18/25 10:04 AM,1,Silvia Hernandez,21,0.00,12.46,1.02,2.52,0.00
Tink-a-Tako - Potranco,145,10/18/25 10:01 AM,2,Maria Majana,7,0.00,37.88,3.12,3.00,0.00
Tink-a-Tako - Potranco,146,10/18/25 10:02 AM,1,Daniela Torres,,0.00,20.72,1.71,0.00,0.00
Tink-a-Tako - Potranco,151,10/18/25 10:07 AM,2,Sergio Abundiz,36,0.00,17.81,1.48,0.00,0.00
Tink-a-Tako - Potranco,152,10/18/25 10:08 AM,1,Ivana Abundiz,,0.00,7.43,0.61,0.00,0.00
Tink-a-Tako - Potranco,155,10/18/25 10:09 AM,2,Esperansa Caviedes,41,0.00,29.43,2.43,6.47,0.00
Tink-a-Tako - Potranco,150,10/18/25 10:06 AM,1,Daniela Torres,,0.00,35.39,2.91,0.00,0.00
Tink-a-Tako - Potranco,154,10/18/25 10:09 AM,2,Rosa Compean,32,0.00,17.35,1.42,5.97,0.00
Tink-a-Tako - Potranco,153,10/18/25 10:08 AM,2,Maria Majana,8,0.00,28.65,2.36,5.73,0.00
Tink-a-Tako - Potranco,156,10/18/25 10:10 AM,1,Daniela Torres,,0.00,17.46,1.45,0.00,0.00
Tink-a-Tako - Potranco,157,10/18/25 10:11 AM,1,Daniela Torres,,0.00,30.73,2.54,0.00,0.00
Tink-a-Tako - Potranco,158,10/18/25 10:12 AM,1,Ivana Abundiz,,6.34,7.00,0.58,0.00,0.00
Tink-a-Tako - Potranco,159,10/18/25 10:12 AM,1,Daniela Torres,,0.00,6.38,0.52,0.00,0.00
Tink-a-Tako - Potranco,160,10/18/25 10:13 AM,1,Daniela Torres,,0.00,8.57,0.71,1.71,0.00
Tink-a-Tako - Potranco,162,10/18/25 10:14 AM,1,Silvia Hernandez,16,0.00,10.98,0.91,0.00,0.00
Tink-a-Tako - Potranco,161,10/18/25 10:14 AM,1,Daniela Torres,,0.00,9.96,0.82,1.49,0.00
Tink-a-Tako - Potranco,163,10/18/25 10:14 AM,1,Daniela Torres,,0.00,31.13,2.57,4.67,0.00
Tink-a-Tako - Potranco,165,10/18/25 10:16 AM,3,Maria Majana,2,0.00,45.57,3.75,6.00,0.00
Tink-a-Tako - Potranco,166,10/18/25 10:17 AM,1,Ivana Abundiz,,0.00,11.74,0.96,2.00,0.00
Tink-a-Tako - Potranco,164,10/18/25 10:15 AM,1,Daniela Torres,,0.00,22.53,1.87,0.00,0.00
Tink-a-Tako - Potranco,167,10/18/25 10:18 AM,2,Rosa Compean,15,0.00,8.76,0.72,0.00,0.00
Tink-a-Tako - Potranco,169,10/18/25 10:18 AM,1,Daniela Torres,,0.00,21.97,1.81,0.00,0.00
Tink-a-Tako - Potranco,168,10/18/25 10:18 AM,3,Silvia Hernandez,35,0.00,47.28,3.91,0.00,0.00
Tink-a-Tako - Potranco,170,10/18/25 10:19 AM,3,Isabel Cisneros,3,0.00,45.58,3.75,2.00,0.00
Tink-a-Tako - Potranco,171,10/18/25 10:19 AM,1,Daniela Torres,,0.00,1.00,0.08,0.00,0.00
Tink-a-Tako - Potranco,172,10/18/25 10:20 AM,1,Daniela Torres,,0.00,12.07,0.99,0.00,0.00
Tink-a-Tako - Potranco,173,10/18/25 10:22 AM,1,Daniela Torres,,0.00,7.86,0.65,0.00,0.00
Tink-a-Tako - Potranco,174,10/18/25 10:23 AM,1,Daniela Torres,,0.00,31.43,2.59,0.00,0.00
Tink-a-Tako - Potranco,175,10/18/25 10:23 AM,4,Sergio Abundiz,1,0.00,42.26,3.48,7.00,0.00
Tink-a-Tako - Potranco,177,10/18/25 10:25 AM,5,Isabel Cisneros,34,0.00,45.87,3.78,3.00,0.00
Tink-a-Tako - Potranco,178,10/18/25 10:26 AM,1,Ivana Abundiz,,0.00,4.23,0.34,2.00,0.00
Tink-a-Tako - Potranco,180,10/18/25 10:29 AM,1,Daniela Torres,,0.00,26.12,2.16,3.00,0.00
Tink-a-Tako - Potranco,182,10/18/25 10:30 AM,4,Esperansa Caviedes,18,0.00,57.52,4.75,0.00,0.00
Tink-a-Tako - Potranco,183,10/18/25 10:30 AM,2,Isabel Cisneros,26,0.00,36.67,3.02,0.00,0.00
Tink-a-Tako - Potranco,181,10/18/25 10:29 AM,1,Daniela Torres,,0.00,8.56,0.71,0.00,0.00
Tink-a-Tako - Potranco,184,10/18/25 10:31 AM,2,Rosa Compean,25,0.00,26.97,2.22,0.00,0.00
Tink-a-Tako - Potranco,185,10/18/25 10:31 AM,1,Daniela Torres,,0.00,24.27,2.00,0.00,0.00
Tink-a-Tako - Potranco,188,10/18/25 10:32 AM,2,Rosa Compean,24,0.00,22.26,1.83,4.45,0.00
Tink-a-Tako - Potranco,190,10/18/25 10:34 AM,2,Esperansa Caviedes,36,0.00,14.97,1.23,0.00,0.00
Tink-a-Tako - Potranco,189,10/18/25 10:32 AM,1,Daniela Torres,,0.00,36.69,3.04,4.00,0.00
Tink-a-Tako - Potranco,191,10/18/25 10:34 AM,1,Daniela Torres,,0.00,6.97,0.58,1.00,0.00
Tink-a-Tako - Potranco,193,10/18/25 10:36 AM,1,Mayra Luna,38,0.00,0.00,0.00,0.00,0.00
Tink-a-Tako - Potranco,196,10/18/25 10:36 AM,1,Sergio Abundiz,,0.00,1.99,0.16,0.00,0.00
Tink-a-Tako - Potranco,194,10/18/25 10:36 AM,1,Daniela Torres,,0.00,4.89,0.40,0.00,0.00
Tink-a-Tako - Potranco,195,10/18/25 10:36 AM,1,Ivana Abundiz,,0.00,14.94,1.24,0.82,0.00
Tink-a-Tako - Potranco,198,10/18/25 10:39 AM,2,Silvia Hernandez,2,0.00,14.54,1.20,0.00,0.00
Tink-a-Tako - Potranco,199,10/18/25 10:42 AM,1,Ivana Abundiz,,0.75,6.72,0.55,0.00,0.00
Tink-a-Tako - Potranco,197,10/18/25 10:38 AM,1,Daniela Torres,,0.00,0.00,0.00,0.00,0.00
Tink-a-Tako - Potranco,192,10/18/25 10:35 AM,6,Maria Majana,42,0.00,118.30,9.71,6.53,23.66
Tink-a-Tako - Potranco,201,10/18/25 10:43 AM,1,Daniela Torres,,0.00,23.34,1.93,0.00,0.00
Tink-a-Tako - Potranco,202,10/18/25 10:43 AM,2,Isabel Cisneros,9,0.00,27.91,2.31,8.00,0.00
Tink-a-Tako - Potranco,203,10/18/25 10:44 AM,1,Daniela Torres,,0.00,18.57,1.53,0.00,0.00
Tink-a-Tako - Potranco,204,10/18/25 10:44 AM,3,Rosa Compean,12,0.00,53.77,4.42,10.00,0.00
Tink-a-Tako - Potranco,206,10/18/25 10:44 AM,1,Daniela Torres,,2.90,26.08,2.15,0.00,0.00
Tink-a-Tako - Potranco,205,10/18/25 10:44 AM,3,Silvia Hernandez,19,0.00,52.21,4.30,13.49,0.00
Tink-a-Tako - Potranco,207,10/18/25 10:47 AM,1,Daniela Torres,,0.00,1.99,0.16,0.00,0.00
Tink-a-Tako - Potranco,208,10/18/25 10:47 AM,1,Daniela Torres,,0.00,16.12,1.33,0.00,0.00
Tink-a-Tako - Potranco,210,10/18/25 10:49 AM,1,Daniela Torres,,0.00,9.66,0.80,0.00,0.00
Tink-a-Tako - Potranco,211,10/18/25 10:49 AM,3,Sergio Abundiz,10,0.00,24.76,2.05,5.00,0.00
Tink-a-Tako - Potranco,209,10/18/25 10:49 AM,5,Rosa Compean,31,0.00,53.04,4.39,10.00,0.00
Tink-a-Tako - Potranco,212,10/18/25 10:49 AM,1,Daniela Torres,,0.00,12.99,1.07,2.00,0.00
Tink-a-Tako - Potranco,214,10/18/25 10:51 AM,5,Silvia Hernandez,40,0.00,42.39,3.50,8.00,0.00
Tink-a-Tako - Potranco,213,10/18/25 10:51 AM,1,Daniela Torres,,0.00,7.97,0.65,0.00,0.00
Tink-a-Tako - Potranco,216,10/18/25 10:53 AM,4,Esperansa Caviedes,33,0.00,48.25,3.97,5.00,0.00
Tink-a-Tako - Potranco,215,10/18/25 10:52 AM,1,Daniela Torres,,0.00,8.28,0.69,0.00,0.00
Tink-a-Tako - Potranco,217,10/18/25 10:53 AM,1,Ivana Abundiz,,0.00,8.07,0.67,1.00,0.00
Tink-a-Tako - Potranco,218,10/18/25 10:53 AM,1,Daniela Torres,,0.00,8.26,0.68,0.00,0.00
Tink-a-Tako - Potranco,220,10/18/25 10:56 AM,3,Juan  Camacho,7,0.00,30.52,2.53,4.58,0.00
Tink-a-Tako - Potranco,221,10/18/25 10:57 AM,2,Rosa Compean,20,0.00,57.25,4.72,6.00,0.00
Tink-a-Tako - Potranco,219,10/18/25 10:56 AM,1,Daniela Torres,,0.00,7.47,0.61,0.00,0.00
Tink-a-Tako - Potranco,224,10/18/25 10:58 AM,6,Isabel Cisneros,4,0.00,92.17,7.59,5.00,18.44
Tink-a-Tako - Potranco,223,10/18/25 10:58 AM,1,Daniela Torres,,0.00,0.00,0.00,0.00,0.00
Tink-a-Tako - Potranco,222,10/18/25 10:58 AM,1,Maria Majana,26,0.00,6.97,0.58,0.00,0.00
Tink-a-Tako - Potranco,227,10/18/25 11:00 AM,1,Ivana Abundiz,,0.00,6.47,0.54,0.00,0.00
Tink-a-Tako - Potranco,226,10/18/25 10:59 AM,1,Daniela Torres,,0.00,15.24,1.26,0.00,0.00
Tink-a-Tako - Potranco,228,10/18/25 11:01 AM,1,Daniela Torres,,0.00,2.49,0.21,0.00,0.00
Tink-a-Tako - Potranco,230,10/18/25 11:02 AM,5,Esperansa Caviedes,8,0.00,63.54,5.22,9.53,0.00
Tink-a-Tako - Potranco,231,10/18/25 11:02 AM,1,Daniela Torres,,0.00,29.09,2.40,4.36,0.00
Tink-a-Tako - Potranco,234,10/18/25 11:04 AM,2,Isabel Cisneros,15,0.00,14.75,1.22,0.00,0.00
Tink-a-Tako - Potranco,238,10/18/25 11:05 AM,2,Silvia Hernandez,17,0.00,22.67,1.86,4.99,0.00
Tink-a-Tako - Potranco,236,10/18/25 11:04 AM,1,Ivana Abundiz,,0.00,11.76,0.97,0.00,0.00
Tink-a-Tako - Potranco,239,10/18/25 11:05 AM,2,Silvia Hernandez,37,0.00,19.04,1.58,0.00,0.00
Tink-a-Tako - Potranco,232,10/18/25 11:03 AM,1,Daniela Torres,,0.00,25.24,2.08,0.00,0.00
Tink-a-Tako - Potranco,241,10/18/25 11:08 AM,1,Daniela Torres,,0.00,16.68,1.37,0.00,0.00
Tink-a-Tako - Potranco,243,10/18/25 11:09 AM,4,Esperansa Caviedes,25,0.00,74.03,6.11,0.00,0.00
Tink-a-Tako - Potranco,246,10/18/25 11:12 AM,2,Maria Majana,2,0.00,0.00,0.00,0.00,0.00
Tink-a-Tako - Potranco,247,10/18/25 11:12 AM,2,Juan  Camacho,39,0.00,21.87,1.79,0.00,0.00
Tink-a-Tako - Potranco,249,10/18/25 11:13 AM,4,Rosa Compean,1,0.00,35.27,2.91,0.00,0.00
Tink-a-Tako - Potranco,242,10/18/25 11:09 AM,1,Daniela Torres,,0.00,9.43,0.79,0.00,0.00
Tink-a-Tako - Potranco,248,10/18/25 11:12 AM,7,Sergio Abundiz,23,0.00,77.96,6.42,8.00,15.58
Tink-a-Tako - Potranco,250,10/18/25 11:14 AM,4,Rosa Compean,3,0.00,40.31,3.33,9.00,0.00
Tink-a-Tako - Potranco,252,10/18/25 11:15 AM,2,Juan  Camacho,35,0.00,31.84,2.62,5.00,0.00
Tink-a-Tako - Potranco,253,10/18/25 11:15 AM,2,Silvia Hernandez,41,0.00,13.38,1.10,0.00,0.00
Tink-a-Tako - Potranco,254,10/18/25 11:15 AM,1,Ivana Abundiz,,0.00,19.97,1.65,0.00,0.00
Tink-a-Tako - Potranco,251,10/18/25 11:14 AM,1,Daniela Torres,,0.00,16.34,1.35,0.00,0.00
Tink-a-Tako - Potranco,255,10/18/25 11:17 AM,1,Daniela Torres,,0.00,19.53,1.61,0.00,0.00
Tink-a-Tako - Potranco,256,10/18/25 11:18 AM,1,Isabel Cisneros,,0.00,43.78,3.59,3.00,0.00
Tink-a-Tako - Potranco,257,10/18/25 11:19 AM,1,Daniela Torres,,0.00,25.74,2.13,0.00,0.00
Tink-a-Tako - Potranco,259,10/18/25 11:20 AM,1,Daniela Torres,,0.00,25.48,2.10,0.00,0.00
Tink-a-Tako - Potranco,260,10/18/25 11:21 AM,1,Daniela Torres,,0.00,25.32,2.10,0.00,0.00
Tink-a-Tako - Potranco,261,10/18/25 11:21 AM,2,Maria Majana,11,0.00,21.27,1.76,0.00,0.00
Tink-a-Tako - Potranco,264,10/18/25 11:24 AM,4,Esperansa Caviedes,10,0.00,42.18,3.47,7.38,0.00
Tink-a-Tako - Potranco,262,10/18/25 11:22 AM,1,Daniela Torres,,0.00,7.78,0.65,0.00,0.00
Tink-a-Tako - Potranco,263,10/18/25 11:23 AM,4,Rosa Compean,24,0.00,83.08,6.86,5.00,0.00
Tink-a-Tako - Potranco,267,10/18/25 11:26 AM,2,Silvia Hernandez,32,0.00,24.84,2.03,4.97,0.00
Tink-a-Tako - Potranco,268,10/18/25 11:27 AM,2,Isabel Cisneros,18,0.00,28.40,2.33,0.00,0.00
Tink-a-Tako - Potranco,269,10/18/25 11:27 AM,1,Daniela Torres,,0.00,22.70,1.86,0.00,0.00
Tink-a-Tako - Potranco,270,10/18/25 11:28 AM,5,Juan  Camacho,34,0.00,45.13,3.71,7.67,0.00
Tink-a-Tako - Potranco,273,10/18/25 11:28 AM,1,Rosa Compean,,0.00,5.98,0.49,0.00,0.00
Tink-a-Tako - Potranco,274,10/18/25 11:29 AM,2,Silvia Hernandez,33,0.00,16.45,1.35,5.00,0.00
Tink-a-Tako - Potranco,276,10/18/25 11:30 AM,1,Daniela Torres,,0.00,10.43,0.85,0.00,0.00
Tink-a-Tako - Potranco,271,10/18/25 11:28 AM,1,Daniela Torres,,0.00,19.37,1.59,0.00,0.00
Tink-a-Tako - Potranco,280,10/18/25 11:34 AM,1,Daniela Torres,,0.00,5.44,0.44,0.00,0.00
Tink-a-Tako - Potranco,282,10/18/25 11:34 AM,2,Sergio Abundiz,42,0.00,14.57,1.20,10.00,0.00
Tink-a-Tako - Potranco,281,10/18/25 11:34 AM,1,Daniela Torres,,0.00,11.97,0.99,0.00,0.00
Tink-a-Tako - Potranco,279,10/18/25 11:33 AM,4,Maria Majana,42,0.00,33.24,2.75,7.00,0.00
Tink-a-Tako - Potranco,283,10/18/25 11:35 AM,1,Daniela Torres,,0.00,14.50,1.20,0.00,0.00
Tink-a-Tako - Potranco,284,10/18/25 11:36 AM,2,Esperansa Caviedes,41,0.00,54.86,4.51,7.08,0.00
Tink-a-Tako - Potranco,285,10/18/25 11:36 AM,1,Daniela Torres,,0.00,8.86,0.74,0.00,0.00
Tink-a-Tako - Potranco,286,10/18/25 11:37 AM,1,Daniela Torres,,0.00,25.68,2.11,5.65,0.00
Tink-a-Tako - Potranco,287,10/18/25 11:37 AM,1,Daniela Torres,,0.00,45.28,3.74,0.00,0.00
Tink-a-Tako - Potranco,293,10/18/25 11:40 AM,2,Isabel Cisneros,15,0.00,23.22,1.92,10.00,0.00
Tink-a-Tako - Potranco,294,10/18/25 11:41 AM,1,Ivana Abundiz,,0.00,24.24,2.00,0.00,0.00
Tink-a-Tako - Potranco,295,10/18/25 11:42 AM,2,Silvia Hernandez,17,0.00,26.67,2.20,0.00,0.00
Tink-a-Tako - Potranco,296,10/18/25 11:43 AM,1,Daniela Torres,,0.00,11.06,0.92,0.00,0.00
Tink-a-Tako - Potranco,298,10/18/25 11:45 AM,1,Maria Majana,36,0.00,32.23,2.68,0.00,0.00
Tink-a-Tako - Potranco,297,10/18/25 11:45 AM,1,Daniela Torres,,0.00,14.36,1.18,0.00,0.00
Tink-a-Tako - Potranco,299,10/18/25 11:45 AM,1,Daniela Torres,,0.00,13.47,1.11,0.00,0.00
Tink-a-Tako - Potranco,300,10/18/25 11:46 AM,1,Daniela Torres,,0.00,6.78,0.56,0.00,0.00
Tink-a-Tako - Potranco,301,10/18/25 11:46 AM,1,Ivana Abundiz,,0.00,6.98,0.58,0.00,0.00
Tink-a-Tako - Potranco,302,10/18/25 11:46 AM,2,Juan  Camacho,16,0.00,26.91,2.21,10.00,0.00
Tink-a-Tako - Potranco,304,10/18/25 11:47 AM,5,Rosa Compean,4,0.00,56.47,4.66,10.00,0.00
Tink-a-Tako - Potranco,305,10/18/25 11:48 AM,2,Esperansa Caviedes,19,0.00,16.27,1.33,3.58,0.00
Tink-a-Tako - Potranco,306,10/18/25 11:50 AM,3,Silvia Hernandez,39,0.00,25.37,2.08,3.81,0.00
Tink-a-Tako - Potranco,307,10/18/25 11:51 AM,4,Sergio Abundiz,31,0.00,34.32,2.84,5.00,0.00
Tink-a-Tako - Potranco,303,10/18/25 11:46 AM,1,Daniela Torres,,0.00,18.00,1.48,0.00,0.00
Tink-a-Tako - Potranco,311,10/18/25 11:53 AM,2,Isabel Cisneros,7,0.00,35.84,2.95,0.00,0.00
Tink-a-Tako - Potranco,310,10/18/25 11:53 AM,1,Daniela Torres,,0.00,5.97,0.49,0.00,0.00
Tink-a-Tako - Potranco,313,10/18/25 11:56 AM,1,Juan  Camacho,21,0.00,10.17,0.84,0.00,0.00
Tink-a-Tako - Potranco,312,10/18/25 11:54 AM,1,Daniela Torres,,0.00,19.44,1.60,2.00,0.00
Tink-a-Tako - Potranco,314,10/18/25 11:56 AM,1,Mayra Luna,,0.00,2.99,0.25,0.00,0.00
Tink-a-Tako - Potranco,316,10/18/25 11:57 AM,1,Ivana Abundiz,,0.00,7.99,0.66,0.00,0.00
Tink-a-Tako - Potranco,315,10/18/25 11:56 AM,1,Daniela Torres,,0.00,5.44,0.44,1.00,0.00
Tink-a-Tako - Potranco,318,10/18/25 11:59 AM,2,Juan  Camacho,12,0.00,15.98,1.32,0.00,0.00
Tink-a-Tako - Potranco,319,10/18/25 11:59 AM,1,Daniela Torres,,0.00,22.03,1.81,0.00,0.00
Tink-a-Tako - Potranco,321,10/18/25 12:01 PM,2,Rosa Compean,8,0.00,36.91,3.05,3.00,0.00
Tink-a-Tako - Potranco,322,10/18/25 12:02 PM,1,Daniela Torres,,0.00,8.78,0.72,0.00,0.00
Tink-a-Tako - Potranco,324,10/18/25 12:03 PM,1,Daniela Torres,,2.67,24.02,1.99,2.00,0.00
Tink-a-Tako - Potranco,325,10/18/25 12:04 PM,5,Esperansa Caviedes,34,0.00,67.23,5.55,0.00,0.00
Tink-a-Tako - Potranco,326,10/18/25 12:05 PM,1,Daniela Torres,,0.00,10.77,0.89,0.00,0.00
Tink-a-Tako - Potranco,328,10/18/25 12:06 PM,2,Sergio Abundiz,9,0.00,22.68,1.86,0.00,0.00
Tink-a-Tako - Potranco,327,10/18/25 12:06 PM,1,Daniela Torres,,0.00,40.42,3.34,0.00,0.00
Tink-a-Tako - Potranco,329,10/18/25 12:07 PM,1,Daniela Torres,,0.00,28.40,2.34,0.00,0.00
Tink-a-Tako - Potranco,330,10/18/25 12:08 PM,1,Daniela Torres,,0.00,15.99,1.32,0.00,0.00
Tink-a-Tako - Potranco,331,10/18/25 12:08 PM,1,Daniela Torres,,0.00,17.15,1.42,0.00,0.00
Tink-a-Tako - Potranco,320,10/18/25 12:01 PM,5,Maria Majana,35,0.00,72.80,6.00,0.00,0.00
Tink-a-Tako - Potranco,333,10/18/25 12:10 PM,2,Isabel Cisneros,32,0.00,24.85,2.05,7.00,0.00
Tink-a-Tako - Potranco,335,10/18/25 12:11 PM,1,Ivana Abundiz,,0.00,18.33,1.52,1.00,0.00
Tink-a-Tako - Potranco,336,10/18/25 12:14 PM,4,Silvia Hernandez,25,0.00,37.98,3.11,2.50,0.00
Tink-a-Tako - Potranco,337,10/18/25 12:16 PM,1,Ivana Abundiz,,0.00,18.99,1.57,0.00,0.00
Tink-a-Tako - Potranco,332,10/18/25 12:08 PM,1,Daniela Torres,,0.00,7.98,0.66,0.00,0.00
Tink-a-Tako - Potranco,339,10/18/25 12:18 PM,1,Daniela Torres,,0.00,12.94,1.07,0.00,0.00
Tink-a-Tako - Potranco,341,10/18/25 12:18 PM,1,Daniela Torres,,0.00,2.79,0.23,0.00,0.00
Tink-a-Tako - Potranco,338,10/18/25 12:17 PM,2,Sergio Abundiz,33,0.00,39.08,3.23,0.00,0.00
Tink-a-Tako - Potranco,343,10/18/25 12:20 PM,1,Daniela Torres,,0.00,3.99,0.33,1.00,0.00
Tink-a-Tako - Potranco,345,10/18/25 12:22 PM,10,Juan  Camacho,23,0.00,104.62,8.61,11.02,20.93
Tink-a-Tako - Potranco,351,10/18/25 12:24 PM,1,Ivana Abundiz,,0.00,22.92,1.89,0.00,0.00
Tink-a-Tako - Potranco,352,10/18/25 12:29 PM,2,Silvia Hernandez,18,0.00,19.97,1.65,0.00,0.00
Tink-a-Tako - Potranco,354,10/18/25 12:30 PM,1,Daniela Torres,,0.96,8.62,0.71,0.00,0.00
Tink-a-Tako - Potranco,355,10/18/25 12:30 PM,1,Daniela Torres,,0.00,5.37,0.44,0.00,0.00
Tink-a-Tako - Potranco,353,10/18/25 12:29 PM,4,Rosa Compean,2,0.00,49.18,4.05,10.82,0.00
Tink-a-Tako - Potranco,356,10/18/25 12:31 PM,1,Daniela Torres,,0.00,55.06,4.53,2.00,0.00
Tink-a-Tako - Potranco,359,10/18/25 12:33 PM,1,Ivana Abundiz,,0.00,18.97,1.56,2.00,0.00
Tink-a-Tako - Potranco,360,10/18/25 12:34 PM,1,Daniela Torres,,0.00,15.85,1.30,0.00,0.00
Tink-a-Tako - Potranco,362,10/18/25 12:35 PM,1,Daniela Torres,,0.00,13.44,1.11,0.00,0.00
Tink-a-Tako - Potranco,361,10/18/25 12:35 PM,2,Rosa Compean,17,0.00,27.34,2.24,0.00,0.00
Tink-a-Tako - Potranco,363,10/18/25 12:37 PM,2,Esperansa Caviedes,7,0.00,32.61,2.67,5.00,0.00
Tink-a-Tako - Potranco,364,10/18/25 12:37 PM,1,Esperansa Caviedes,37,0.00,13.98,1.15,0.00,0.00
Tink-a-Tako - Potranco,365,10/18/25 12:40 PM,3,Isabel Cisneros,39,0.00,17.74,1.47,5.00,0.00
Tink-a-Tako - Potranco,366,10/18/25 12:43 PM,1,Daniela Torres,,0.00,25.98,2.15,5.00,0.00
Tink-a-Tako - Potranco,367,10/18/25 12:44 PM,10,Juan  Camacho,19,0.00,48.28,3.95,0.00,9.66
Tink-a-Tako - Potranco,369,10/18/25 12:46 PM,1,Ivana Abundiz,,2.09,18.78,1.55,0.00,0.00
Tink-a-Tako - Potranco,371,10/18/25 12:48 PM,1,Daniela Torres,,0.00,9.78,0.81,1.00,0.00
Tink-a-Tako - Potranco,373,10/18/25 12:50 PM,2,Silvia Hernandez,32,0.00,13.77,1.13,3.00,0.00
Tink-a-Tako - Potranco,374,10/18/25 12:50 PM,3,Isabel Cisneros,8,0.00,31.57,2.59,5.00,0.00
Tink-a-Tako - Potranco,375,10/18/25 12:56 PM,1,Isabel Cisneros,21,0.00,13.06,1.07,3.00,0.00
Tink-a-Tako - Potranco,372,10/18/25 12:48 PM,1,Daniela Torres,,0.00,12.76,1.06,0.00,0.00
Tink-a-Tako - Potranco,376,10/18/25 12:58 PM,1,Daniela Torres,,0.00,1.79,0.15,0.00,0.00
Tink-a-Tako - Potranco,377,10/18/25 1:01 PM,1,Daniela Torres,,0.00,12.95,1.07,0.00,0.00
Tink-a-Tako - Potranco,379,10/18/25 1:01 PM,10,Sergio Abundiz,4,0.00,96.14,7.91,13.00,19.23
Tink-a-Tako - Potranco,378,10/18/25 1:01 PM,1,Daniela Torres,,0.00,19.87,1.64,4.49,0.00
Tink-a-Tako - Potranco,381,10/18/25 1:06 PM,2,Rosa Compean,33,0.00,0.00,0.00,0.00,0.00
Tink-a-Tako - Potranco,382,10/18/25 1:08 PM,2,Rosa Compean,33,0.00,47.12,3.89,11.00,0.00
Tink-a-Tako - Potranco,383,10/18/25 1:09 PM,1,Daniela Torres,,0.00,7.18,0.59,0.00,0.00
Tink-a-Tako - Potranco,384,10/18/25 1:11 PM,3,Esperansa Caviedes,37,0.00,49.41,4.06,9.88,0.00
Tink-a-Tako - Potranco,385,10/18/25 1:11 PM,1,Daniela Torres,,0.00,9.96,0.82,2.00,0.00
Tink-a-Tako - Potranco,386,10/18/25 1:12 PM,1,Daniela Torres,,0.00,4.39,0.36,0.00,0.00
Tink-a-Tako - Potranco,388,10/18/25 1:15 PM,3,Rosa Compean,25,0.00,41.16,3.38,10.00,0.00
Tink-a-Tako - Potranco,387,10/18/25 1:13 PM,1,Ivana Abundiz,,0.00,0.00,0.00,0.00,0.00
Tink-a-Tako - Potranco,389,10/18/25 1:16 PM,1,Lizeth Alonso,,0.00,41.97,3.45,2.00,0.00
Tink-a-Tako - Potranco,391,10/18/25 1:17 PM,1,Lizeth Alonso,,0.00,10.99,0.91,0.00,0.00
Tink-a-Tako - Potranco,392,10/18/25 1:19 PM,1,Ivana Abundiz,,0.00,2.99,0.25,0.00,0.00
Tink-a-Tako - Potranco,390,10/18/25 1:17 PM,2,Maria Majana,11,0.00,35.70,2.96,4.00,0.00
Tink-a-Tako - Potranco,395,10/18/25 1:20 PM,1,Lizeth Alonso,,0.00,3.58,0.30,0.00,0.00
Tink-a-Tako - Potranco,394,10/18/25 1:19 PM,2,Silvia Hernandez,24,0.00,27.85,2.30,6.13,0.00
Tink-a-Tako - Potranco,396,10/18/25 1:25 PM,1,Isabel Cisneros,,0.00,29.23,2.41,0.00,0.00
Tink-a-Tako - Potranco,397,10/18/25 1:30 PM,1,Ivana Abundiz,,0.00,14.55,1.20,0.00,0.00
Tink-a-Tako - Potranco,398,10/18/25 1:30 PM,1,Ivana Abundiz,,0.00,10.35,0.86,1.00,0.00
Tink-a-Tako - Potranco,400,10/18/25 1:32 PM,1,Lizeth Alonso,,0.00,13.86,1.14,1.00,0.00
Tink-a-Tako - Potranco,401,10/18/25 1:33 PM,1,Lizeth Alonso,,0.00,7.96,0.66,0.00,0.00
Tink-a-Tako - Potranco,404,10/18/25 1:35 PM,1,Lizeth Alonso,,0.00,10.36,0.85,0.00,0.00
Tink-a-Tako - Potranco,405,10/18/25 1:38 PM,2,Rosa Compean,7,0.00,23.66,1.95,0.00,0.00
Tink-a-Tako - Potranco,406,10/18/25 1:42 PM,1,Lizeth Alonso,,0.00,9.63,0.79,0.00,0.00
Tink-a-Tako - Potranco,408,10/18/25 1:43 PM,2,Silvia Hernandez,35,0.00,19.55,1.62,6.00,0.00
Tink-a-Tako - Potranco,410,10/18/25 1:43 PM,1,Lizeth Alonso,,0.00,30.60,2.52,0.00,0.00
Tink-a-Tako - Potranco,411,10/18/25 1:46 PM,2,Esperansa Caviedes,8,0.00,18.97,1.56,5.00,0.00
Tink-a-Tako - Potranco,412,10/18/25 1:48 PM,1,Lizeth Alonso,,0.00,26.15,2.15,0.00,0.00
Tink-a-Tako - Potranco,413,10/18/25 1:48 PM,1,Lizeth Alonso,,2.50,22.49,1.86,0.00,0.00
Tink-a-Tako - Potranco,414,10/18/25 1:48 PM,1,Ivana Abundiz,,0.00,7.03,0.58,2.00,0.00
Tink-a-Tako - Potranco,415,10/18/25 1:49 PM,2,Maria Majana,32,0.00,40.66,3.35,0.00,0.00
Tink-a-Tako - Potranco,417,10/18/25 1:54 PM,1,Lizeth Alonso,,0.00,7.77,0.64,1.59,0.00
Tink-a-Tako - Potranco,416,10/18/25 1:54 PM,1,Ivana Abundiz,,0.00,17.36,1.44,0.00,0.00
Tink-a-Tako - Potranco,418,10/18/25 2:06 PM,1,Lizeth Alonso,,0.00,9.56,0.79,2.00,0.00
Tink-a-Tako - Potranco,419,10/18/25 2:08 PM,2,Juan  Camacho,24,0.00,31.75,2.61,0.00,0.00
Tink-a-Tako - Potranco,420,10/18/25 2:08 PM,1,Lizeth Alonso,,0.00,13.46,1.11,0.00,0.00
Tink-a-Tako - Potranco,421,10/18/25 2:11 PM,2,Juan  Camacho,23,0.00,23.43,1.93,0.00,0.00
Tink-a-Tako - Potranco,422,10/18/25 2:15 PM,2,Juan  Camacho,25,0.00,48.96,4.03,7.00,0.00
Tink-a-Tako - Potranco,423,10/18/25 2:17 PM,1,Esperansa Caviedes,8,0.00,2.99,0.25,1.00,0.00
Tink-a-Tako - Potranco,424,10/18/25 2:18 PM,1,Juan  Camacho,,0.00,0.00,0.00,0.00,0.00
Tink-a-Tako - Potranco,426,10/18/25 2:30 PM,1,Lizeth Alonso,,0.00,17.44,1.44,0.00,0.00
Tink-a-Tako - Potranco,427,10/18/25 2:31 PM,1,Lizeth Alonso,,0.00,24.67,2.02,3.00,0.00
Tink-a-Tako - Potranco,428,10/18/25 2:32 PM,1,Lizeth Alonso,,0.00,3.00,0.25,0.00,0.00
Tink-a-Tako - Potranco,429,10/18/25 2:37 PM,1,Daniela Torres,,0.00,31.16,2.57,0.00,0.00
Tink-a-Tako - Potranco,430,10/18/25 2:40 PM,1,Lizeth Alonso,,0.00,9.17,0.75,0.00,0.00
Tink-a-Tako - Potranco,431,10/18/25 2:40 PM,1,Lizeth Alonso,,0.00,14.97,1.24,3.00,0.00
Tink-a-Tako - Potranco,432,10/18/25 2:46 PM,1,Lizeth Alonso,,0.00,8.77,0.72,0.00,0.00
Tink-a-Tako - Potranco,433,10/18/25 2:48 PM,2,Juan  Camacho,33,0.00,30.42,2.51,0.00,0.00
Tink-a-Tako - Potranco,434,10/18/25 2:59 PM,4,Juan  Camacho,31,0.00,55.54,4.57,9.00,0.00
Tink-a-Tako - Potranco,435,10/18/25 3:00 PM,1,Lizeth Alonso,,0.00,22.84,1.89,0.00,0.00
Tink-a-Tako - Potranco,436,10/18/25 3:04 PM,1,Lizeth Alonso,,0.00,22.98,1.90,1.00,0.00
Tink-a-Tako - Potranco,437,10/18/25 3:10 PM,3,Juan  Camacho,32,0.00,50.10,4.12,0.00,0.00
Tink-a-Tako - Potranco,438,10/18/25 3:16 PM,1,Juan  Camacho,37,0.00,24.48,2.02,0.00,0.00
Tink-a-Tako - Potranco,439,10/18/25 3:18 PM,1,Lizeth Alonso,,0.00,18.78,1.55,0.00,0.00
Tink-a-Tako - Potranco,440,10/18/25 3:22 PM,1,Lizeth Alonso,,0.00,15.77,1.30,2.00,0.00
Tink-a-Tako - Potranco,441,10/18/25 3:22 PM,1,Lizeth Alonso,,0.00,9.53,0.78,0.00,0.00
Tink-a-Tako - Potranco,442,10/18/25 3:23 PM,1,Lizeth Alonso,,0.00,7.56,0.63,0.00,0.00
Tink-a-Tako - Potranco,443,10/18/25 3:24 PM,1,Juan  Camacho,25,0.00,10.99,0.91,0.00,0.00
Tink-a-Tako - Potranco,444,10/18/25 3:29 PM,1,Juan  Camacho,9,0.00,49.74,4.11,8.00,0.00
Tink-a-Tako - Potranco,445,10/18/25 3:31 PM,1,Lizeth Alonso,,0.00,34.47,2.85,0.00,0.00
Tink-a-Tako - Potranco,447,10/18/25 3:32 PM,1,Nadia  Reyes,,0.00,17.43,1.42,2.15,0.00
Tink-a-Tako - Potranco,449,10/18/25 3:44 PM,4,Juan  Camacho,42,0.00,116.33,9.59,0.00,0.00
Tink-a-Tako - Potranco,451,10/18/25 3:47 PM,3,Nadia  Reyes,7,0.00,51.32,4.22,10.00,0.00
Tink-a-Tako - Potranco,450,10/18/25 3:46 PM,1,Lizeth Alonso,,0.00,15.38,1.27,0.00,0.00
Tink-a-Tako - Potranco,453,10/18/25 4:01 PM,1,Mayra Luna,,0.00,3.98,0.33,0.00,0.00
Tink-a-Tako - Potranco,454,10/18/25 4:03 PM,4,Juan  Camacho,18,0.00,57.77,4.76,19.00,0.00
Tink-a-Tako - Potranco,459,10/18/25 4:03 PM,1,Lizeth Alonso,,0.00,26.36,2.17,3.00,0.00
Tink-a-Tako - Potranco,460,10/18/25 4:06 PM,1,Lizeth Alonso,,0.00,6.00,0.50,0.00,0.00
Tink-a-Tako - Potranco,461,10/18/25 4:14 PM,2,Juan  Camacho,22,0.00,43.42,3.58,10.00,0.00
Tink-a-Tako - Potranco,462,10/18/25 4:18 PM,1,Lizeth Alonso,,0.00,15.98,1.32,0.00,0.00
Tink-a-Tako - Potranco,464,10/18/25 4:23 PM,1,Nadia  Reyes,26,0.00,14.94,1.23,0.00,0.00
Tink-a-Tako - Potranco,465,10/18/25 4:23 PM,2,Nadia  Reyes,25,0.00,52.41,4.32,20.00,0.00
Tink-a-Tako - Potranco,466,10/18/25 4:33 PM,1,Juan  Camacho,24,0.00,14.44,1.19,0.00,0.00
Tink-a-Tako - Potranco,467,10/18/25 4:33 PM,3,Juan  Camacho,32,0.00,81.75,6.72,0.00,0.00
Tink-a-Tako - Potranco,468,10/18/25 4:36 PM,3,Nadia  Reyes,17,0.00,39.16,3.22,10.00,0.00
Tink-a-Tako - Potranco,470,10/18/25 4:41 PM,2,Nadia  Reyes,37,0.00,25.98,2.14,3.00,0.00
Tink-a-Tako - Potranco,469,10/18/25 4:40 PM,1,Lizeth Alonso,,0.00,9.99,0.82,0.00,0.00
Tink-a-Tako - Potranco,471,10/18/25 4:43 PM,1,Lizeth Alonso,,0.00,9.48,0.78,0.00,0.00
Tink-a-Tako - Potranco,473,10/18/25 4:47 PM,1,Juan  Camacho,39,0.00,21.43,1.76,40.00,0.00
Tink-a-Tako - Potranco,472,10/18/25 4:43 PM,1,Lizeth Alonso,,0.00,0.00,0.00,0.00,0.00
Tink-a-Tako - Potranco,474,10/18/25 4:50 PM,1,Daniela Torres,,0.00,14.65,1.21,3.00,0.00
Tink-a-Tako - Potranco,475,10/18/25 4:52 PM,1,Lizeth Alonso,,0.00,19.36,1.59,0.00,0.00
Tink-a-Tako - Potranco,476,10/18/25 4:55 PM,1,Lizeth Alonso,,0.00,22.33,1.85,0.00,0.00
Tink-a-Tako - Potranco,478,10/18/25 5:01 PM,1,Lizeth Alonso,,0.00,13.77,1.14,0.00,0.00
Tink-a-Tako - Potranco,477,10/18/25 5:01 PM,1,Daniela Torres,,0.00,0.00,0.00,0.00,0.00
Tink-a-Tako - Potranco,479,10/18/25 5:08 PM,2,Nadia  Reyes,7,0.00,33.88,2.79,5.00,0.00
Tink-a-Tako - Potranco,480,10/18/25 5:12 PM,1,Juan  Camacho,18,0.00,18.97,1.57,5.00,0.00
Tink-a-Tako - Potranco,481,10/18/25 5:16 PM,2,Nadia  Reyes,33,0.00,35.66,2.94,10.00,0.00
Tink-a-Tako - Potranco,482,10/18/25 5:20 PM,1,Lizeth Alonso,,0.00,62.96,5.19,0.00,0.00
Tink-a-Tako - Potranco,483,10/18/25 5:21 PM,1,Lizeth Alonso,,0.00,34.15,2.82,3.00,0.00
Tink-a-Tako - Potranco,484,10/18/25 5:27 PM,2,Nadia  Reyes,25,0.00,28.43,2.34,1.38,0.00
Tink-a-Tako - Potranco,485,10/18/25 5:31 PM,1,Lizeth Alonso,,0.00,11.63,0.95,0.00,0.00
Tink-a-Tako - Potranco,487,10/18/25 5:33 PM,1,Lizeth Alonso,,0.00,11.99,0.99,0.00,0.00
Tink-a-Tako - Potranco,486,10/18/25 5:33 PM,2,Juan  Camacho,40,0.00,39.40,3.25,0.00,0.00
Tink-a-Tako - Potranco,488,10/18/25 5:33 PM,1,Lizeth Alonso,,0.00,27.76,2.30,0.00,0.00
Tink-a-Tako - Potranco,491,10/18/25 5:37 PM,2,Juan  Camacho,10,0.00,23.43,1.93,0.00,0.00
Tink-a-Tako - Potranco,492,10/18/25 5:45 PM,2,Nadia  Reyes,32,0.00,15.42,1.27,4.00,0.00
Tink-a-Tako - Potranco,493,10/18/25 5:48 PM,1,Juan  Camacho,,0.00,26.98,2.22,0.00,0.00
Tink-a-Tako - Potranco,494,10/18/25 5:52 PM,2,Nadia  Reyes,22,0.00,9.23,0.75,0.00,0.00
Tink-a-Tako - Potranco,495,10/18/25 5:53 PM,2,Juan  Camacho,24,0.00,34.28,2.81,10.00,0.00
Tink-a-Tako - Potranco,497,10/18/25 6:07 PM,1,Lizeth Alonso,,0.00,18.99,1.55,2.00,0.00
Tink-a-Tako - Potranco,498,10/18/25 6:12 PM,1,Lizeth Alonso,,0.00,40.76,3.37,0.00,0.00
Tink-a-Tako - Potranco,499,10/18/25 6:24 PM,1,Lizeth Alonso,,0.00,12.99,1.07,0.00,0.00
Tink-a-Tako - Potranco,500,10/18/25 6:24 PM,1,Lizeth Alonso,,0.00,17.56,1.46,0.00,0.00
Tink-a-Tako - Potranco,503,10/18/25 6:35 PM,1,Lizeth Alonso,,0.00,16.13,1.33,0.00,0.00
Tink-a-Tako - Potranco,504,10/18/25 6:37 PM,4,Juan  Camacho,7,0.00,55.65,4.57,7.00,0.00
Tink-a-Tako - Potranco,505,10/18/25 6:47 PM,2,Nadia  Reyes,8,0.00,22.98,1.90,0.00,0.00
Tink-a-Tako - Potranco,506,10/18/25 7:08 PM,1,Lizeth Alonso,,0.00,19.98,1.65,1.00,0.00
Tink-a-Tako - Potranco,507,10/18/25 7:08 PM,1,Lizeth Alonso,,0.00,11.47,0.94,1.00,0.00
Tink-a-Tako - Potranco,508,10/18/25 7:10 PM,1,Lizeth Alonso,,0.00,0.00,0.00,0.00,0.00
Tink-a-Tako - Potranco,509,10/18/25 7:11 PM,3,Juan  Camacho,23,0.00,33.39,2.75,0.00,0.00
Tink-a-Tako - Potranco,510,10/18/25 7:11 PM,1,Lizeth Alonso,,0.00,6.90,0.56,0.00,0.00
Tink-a-Tako - Potranco,512,10/18/25 7:19 PM,1,Juan  Camacho,,0.00,7.98,0.66,0.00,0.00
Tink-a-Tako - Potranco,511,10/18/25 7:18 PM,1,Lizeth Alonso,,0.00,15.77,1.30,2.00,0.00
Tink-a-Tako - Potranco,513,10/18/25 7:20 PM,1,Lizeth Alonso,,0.00,10.98,0.91,0.00,0.00
Tink-a-Tako - Potranco,514,10/18/25 7:20 PM,1,Juan  Camacho,,0.00,15.98,1.31,0.00,0.00
Tink-a-Tako - Potranco,515,10/18/25 7:23 PM,2,Nadia  Reyes,24,0.00,33.88,2.78,5.00,0.00
Tink-a-Tako - Potranco,516,10/18/25 7:24 PM,4,Nadia  Reyes,17,0.00,62.62,5.16,0.00,0.00
Tink-a-Tako - Potranco,517,10/18/25 7:28 PM,2,Nadia  Reyes,25,0.00,32.62,2.68,0.00,0.00
Tink-a-Tako - Potranco,518,10/18/25 7:29 PM,1,Lizeth Alonso,,0.00,28.98,2.39,0.00,0.00
Tink-a-Tako - Potranco,519,10/18/25 7:33 PM,1,Lizeth Alonso,,0.00,42.91,3.53,0.00,0.00
Tink-a-Tako - Potranco,521,10/18/25 7:35 PM,1,Lizeth Alonso,,0.00,26.96,2.22,0.00,0.00
Tink-a-Tako - Potranco,522,10/18/25 7:39 PM,15,Juan  Camacho,31,10.40,316.85,26.10,22.00,65.46
Tink-a-Tako - Potranco,527,10/18/25 7:41 PM,6,Nadia  Reyes,4,0.00,51.12,4.22,0.00,10.22
Tink-a-Tako - Potranco,531,10/18/25 7:42 PM,1,Lizeth Alonso,,0.00,35.42,2.92,0.00,0.00
Tink-a-Tako - Potranco,536,10/18/25 7:47 PM,1,Lizeth Alonso,,0.00,29.24,2.41,0.00,0.00
Tink-a-Tako - Potranco,538,10/18/25 8:01 PM,1,Lizeth Alonso,,0.00,1.79,0.15,0.00,0.00
Tink-a-Tako - Potranco,537,10/18/25 8:01 PM,2,Nadia  Reyes,11,0.00,21.82,1.79,0.00,0.00
Tink-a-Tako - Potranco,539,10/18/25 8:03 PM,1,Lizeth Alonso,,0.00,31.95,2.64,0.00,0.00
Tink-a-Tako - Potranco,540,10/18/25 8:15 PM,1,Juan  Camacho,,0.00,18.96,1.56,0.00,0.00
Tink-a-Tako - Potranco,541,10/18/25 8:18 PM,1,Lizeth Alonso,,0.00,28.70,2.37,0.00,0.00
Tink-a-Tako - Potranco,542,10/18/25 8:23 PM,1,Juan  Camacho,35,0.00,25.98,2.14,4.00,0.00
Tink-a-Tako - Potranco,544,10/18/25 8:26 PM,1,Lizeth Alonso,,0.00,11.99,0.99,1.00,0.00
Tink-a-Tako - Potranco,545,10/18/25 8:35 PM,2,Nadia  Reyes,3,0.00,36.49,3.00,5.00,0.00
Tink-a-Tako - Potranco,547,10/18/25 8:37 PM,1,Lizeth Alonso,,0.00,14.54,1.20,0.00,0.00
Tink-a-Tako - Potranco,548,10/18/25 8:39 PM,1,Lizeth Alonso,,0.00,11.67,0.96,0.00,0.00
Tink-a-Tako - Potranco,550,10/18/25 8:41 PM,1,Lizeth Alonso,,0.00,14.06,1.16,2.00,0.00
Tink-a-Tako - Potranco,551,10/18/25 8:48 PM,1,Juan  Camacho,36,0.00,0.00,0.00,0.00,0.00
Tink-a-Tako - Potranco,552,10/18/25 8:50 PM,6,Nadia  Reyes,23,0.00,56.45,4.65,0.00,11.29
Tink-a-Tako - Potranco,553,10/18/25 8:56 PM,2,Juan  Camacho,32,0.00,29.62,2.44,7.94,0.00
