Employee,Job Title,Regular Hours,Overtime Hours,Hourly Rate,Regular Pay,Overtime Pay,Total Pay,Net Sales,Declared Tips,Non-Cash Tips,Total Tips,Tips Withheld,Total Gratuity,Employee ID,Job Code,Location,Location Code
"Abundiz, Ivana",Host,6.63,0.0,14.00,92.82,0.00,92.82,475.33,,16.82,16.82,0.00,0.00,,,Tink-a-Tako - Potranco,
"Abundiz, Sergio",Server,6.65,0.0,,,,,534.51,,69.00,69.00,0.00,34.81,,,Tink-a-Tako - Potranco,
"Alonso, Lizeth",Host,1.35,12.87,13.00,17.55,250.97,268.52,1155.21,,30.59,30.59,0.00,0.00,,,Tink-a-Tako - Potranco,
"Alvarado, Rodolfo",Cook,8.38,0.0,17.00,142.46,0.00,142.46,0.00,,0.00,0.00,0.00,0.00,,,Tink-a-Tako - Potranco,
"Aviles, Genaro",Cook,0.0,9.17,15.00,0.00,206.33,206.33,0.00,,0.00,0.00,0.00,0.00,,,Tink-a-Tako - Potranco,
"Brito, Victor ",Regular,0.0,7.54,12.00,0.00,135.72,135.72,0.00,,0.00,0.00,0.00,0.00,,,Tink-a-Tako - Potranco,
"Calderon, Jesus",Cook,7.98,0.0,,,,,0.00,,0.00,0.00,0.00,0.00,,,Tink-a-Tako - Potranco,
"Camacho, Juan ",Server,0.0,12.64,3.00,0.00,56.88,56.88,1643.34,,187.21,187.21,0.00,96.05,,,Tink-a-Tako - Potranco,
"Caviedes, Esperansa",Server,6.65,0.0,3.00,19.95,0.00,19.95,748.04,,74.08,74.08,0.00,11.72,,,Tink-a-Tako - Potranco,
"Cisneros, Isabel",Server,6.25,0.0,3.00,18.75,0.00,18.75,660.03,,62.00,62.00,0.00,18.44,,,Tink-a-Tako - Potranco,
"Compean, Rosa",Server,8.58,0.0,3.00,25.74,0.00,25.74,1033.49,,129.24,129.24,0.00,0.00,,,Tink-a-Tako - Potranco,
"Diaz, Diego",Cook,5.48,3.12,,,,,0.00,,0.00,0.00,0.00,0.00,,,Tink-a-Tako - Potranco,
"Dominguez, Jose ",Cook,0.0,8.0,17.00,0.00,204.00,204.00,0.00,,0.00,0.00,0.00,0.00,,,Tink-a-Tako - Potranco,
"Gonzales (Line) , Maria",Cook,0.0,8.2,14.00,0.00,172.20,172.20,0.00,,0.00,0.00,0.00,0.00,,,Tink-a-Tako - Potranco,
"Gonzalez, Maria ",Tortillero,8.64,0.0,13.00,112.32,0.00,112.32,0.00,,0.00,0.00,0.00,0.00,,,Tink-a-Tako - Potranco,
"Hernandez, Silvia",Server,6.29,0.0,3.00,18.87,0.00,18.87,584.37,,75.27,75.27,0.00,0.00,,,Tink-a-Tako - Potranco,
"Juarez, Maria ",Dishwasher,8.29,0.0,12.00,99.48,0.00,99.48,0.00,,0.00,0.00,0.00,0.00,,,Tink-a-Tako - Potranco,
"Luna, Mayra",Shift Manager / Assistant Manager,0.11,12.41,,,,,6.97,,0.00,0.00,0.00,0.00,1919,,Tink-a-Tako - Potranco,
"Majana, Maria",Server,6.44,0.0,3.00,19.32,0.00,19.32,616.32,,49.26,49.26,0.00,23.66,,,Tink-a-Tako - Potranco,
"Nanez Partida, Jose",Cook,13.98,0.0,15.00,209.70,0.00,209.70,0.00,0.00,0.00,0.00,0.00,0.00,,,Tink-a-Tako - Potranco,
"ORDONEZ, Rosie ",Shift Manager / Assistant Manager,4.3,3.31,,,,,38.64,,0.00,0.00,0.00,0.00,,,Tink-a-Tako - Potranco,
"Ramirez Perez, Silvia",Cook,6.83,1.67,17.00,116.11,42.59,158.70,0.00,,0.00,0.00,0.00,0.00,,,Tink-a-Tako - Potranco,
"Reyes, Nadia ",Server,7.26,0.0,,,,,641.84,,75.53,75.53,0.00,21.51,,,Tink-a-Tako - Potranco,
"Rueda, Jonathan",Busser,12.52,0.74,12.00,150.24,13.32,163.56,0.00,,0.00,0.00,0.00,0.00,,,Tink-a-Tako - Potranco,
"Serrato, Joshua ",Busser,5.53,0.0,12.00,66.36,0.00,66.36,0.00,,0.00,0.00,0.00,0.00,,,Tink-a-Tako - Potranco,
"Torres, Daniela",Drive-Thru,12.3,0.52,,,,,2486.99,,93.06,93.06,0.00,0.00,,,Tink-a-Tako - Potranco,
"Trevino, Melissa",Dishwasher,14.24,0.0,13.00,185.12,0.00,185.12,0.00,,0.00,0.00,0.00,0.00,,,Tink-a-Tako - Potranco,
"Zuniga, Sebastian",Cook,8.51,0.0,15.00,127.65,0.00,127.65,0.00,,0.00,0.00,0.00,0.00,,,Tink-a-Tako - Potranco,
"huerta, Arturo ",Dishwasher,6.09,0.45,12.00,73.08,8.10,81.18,0.00,,0.00,0.00,0.00,0.00,,,Tink-a-Tako - Potranco,
