Order #,Opened Date,Void Date,Server,Approver,Item Name,Reason,Item Quantity,Total Price
70,10/18/25 8:56 AM,10/18/25 10:06 PM,Lizeth Alonso,Mayra Luna,Chilaquil Taco,Customer Changed Mind,1.0,2.99
96,10/18/25 9:23 AM,10/18/25 10:05 AM,Esperansa Caviedes,Rosie  ORDONEZ,Barbacoa Taco,Server Error,1.0,4.79
127,10/18/25 9:49 AM,10/18/25 10:10 AM,Daniela Torres,Mayra Luna,Asada Taco,Customer Changed Mind,1.0,5.39
70,10/18/25 8:56 AM,10/18/25 10:06 PM,Lizeth Alonso,Mayra Luna,Country Taco,Customer Changed Mind,1.0,2.99
70,10/18/25 8:56 AM,10/18/25 10:06 PM,Lizeth Alonso,Mayra Luna,Papa & Egg Taco,Customer Changed Mind,1.0,2.49
70,10/18/25 8:56 AM,10/18/25 10:06 PM,Lizeth Alonso,Mayra Luna,Avocado Taco,Customer Changed Mind,2.0,7.18
314,10/18/25 11:56 AM,10/18/25 10:16 PM,Mayra Luna,Mayra Luna,Half/Half Tea,Customer Changed Mind,1.0,2.99
405,10/18/25 1:38 PM,10/18/25 2:34 PM,Rosa Compean,Mayra Luna,Caldo de Res,Customer Changed Mind,1.0,11.99
444,10/18/25 3:29 PM,10/18/25 10:04 PM,Juan  Camacho,Mayra Luna,Lengua Taco,Customer Changed Mind,1.0,4.39
508,10/18/25 7:10 PM,10/18/25 9:55 PM,Lizeth Alonso,Mayra Luna,Pork Chop Plate,Customer Changed Mind,1.0,13.99
510,10/18/25 7:11 PM,10/18/25 9:55 PM,Lizeth Alonso,Mayra Luna,Nachos,Customer Changed Mind,1.0,10.49
522,10/18/25 7:39 PM,10/18/25 10:04 PM,Juan  Camacho,Mayra Luna,Sweet Tea,Customer Changed Mind,1.0,3.45
