Employee,Job Title,Regular Hours,Overtime Hours,Hourly Rate,Regular Pay,Overtime Pay,Total Pay,Net Sales,Declared Tips,Non-Cash Tips,Total Tips,Tips Withheld,Total Gratuity,Employee ID,Job Code,Location,Location Code
"C, PM Cashier",Cashier,6.95,0.0,,,,,164.32,,2.00,2.00,0.00,0.00,,,2919 Blanco Rd,
"Franco , Eduardo ",Server,7.29,0.0,,,,,118.12,,16.00,16.00,0.00,0.00,,,2919 Blanco Rd,
"Franco, Fidel",Cook,7.92,0.0,13.00,102.96,0.00,102.96,0.00,,0.00,0.00,0.00,0.00,,,2919 Blanco Rd,
"Hernandez, Celinda",Cook,8.96,0.0,16.00,143.36,0.00,143.36,0.00,,0.00,0.00,0.00,0.00,,,2919 Blanco Rd,
"Hernandez, Fidelia ",Cook,7.91,0.0,14.00,110.74,0.00,110.74,0.00,,0.00,0.00,0.00,0.00,,,2919 Blanco Rd,
"MORALES, ADRIAN",Server,6.02,0.0,3.00,18.06,0.00,18.06,554.89,,37.00,37.00,0.00,0.00,,,2919 Blanco Rd,
"Martinez , Sami",Server,7.16,0.0,3.00,21.48,0.00,21.48,261.81,,49.71,49.71,0.00,0.00,,,2919 Blanco Rd,
"Ovalle , Martina",Drive-Thru,5.75,0.0,,,,,332.70,,17.00,17.00,0.00,0.00,,,2919 Blanco Rd,
"Pena , Vilma",Cook,7.43,0.0,14.00,104.02,0.00,104.02,0.00,,0.00,0.00,0.00,0.00,,,2919 Blanco Rd,
"Salazar, Maria ",Shift Manager / Assistant Manager,8.42,0.0,,,,,508.84,,11.00,11.00,0.00,0.00,,,2919 Blanco Rd,
"Villalobos , Veronica ",Cook,6.85,0.0,14.00,95.90,0.00,95.90,0.00,,0.00,0.00,0.00,0.00,,,2919 Blanco Rd,
"lopez, samantha",Drive-Thru,8.67,0.0,13.00,112.71,0.00,112.71,1906.22,,50.00,50.00,0.00,0.00,,,2919 Blanco Rd,
"santander, yerlinson",Cook,7.64,0.0,14.00,106.96,0.00,106.96,0.00,,0.00,0.00,0.00,0.00,,,2919 Blanco Rd,
