Location,Order #,Opened Date,Server,Table,Discount Name,Discount Reason,Comment,Discount Amount
Tink-a-Tako - Potranco,422,8/22/25 5:40 PM,Juan  Camacho,32,Open % Item,,,3.45
Tink-a-Tako - Potranco,393,8/22/25 3:30 PM,Daniela Torres,,Military Discount,,,0.18
Tink-a-Tako - Potranco,393,8/22/25 3:30 PM,Daniela Torres,,Military Discount,,,1.47
Tink-a-Tako - Potranco,391,8/22/25 3:28 PM,Mayra Luna,,Manager Comp - Check,,,27.97
Tink-a-Tako - Potranco,390,8/22/25 3:27 PM,Juan  Camacho,23,Military Discount,,,1.60
Tink-a-Tako - Potranco,388,8/22/25 3:15 PM,Isabel Cisneros,22,Military Discount,,,0.88
Tink-a-Tako - Potranco,388,8/22/25 3:15 PM,Isabel Cisneros,22,Military Discount,,,1.15
Tink-a-Tako - Potranco,374,8/22/25 2:09 PM,Daniela Torres,,Military Discount,,,0.90
Tink-a-Tako - Potranco,373,8/22/25 2:09 PM,Daniela Torres,,Military Discount,,,1.00
Tink-a-Tako - Potranco,362,8/22/25 1:50 PM,Rosa Compean,16,Open % Item,,,0.40
Tink-a-Tako - Potranco,362,8/22/25 1:50 PM,Rosa Compean,16,Open % Item,,,0.40
Tink-a-Tako - Potranco,362,8/22/25 1:50 PM,Rosa Compean,16,Open % Item,,,1.00
Tink-a-Tako - Potranco,342,8/22/25 1:21 PM,Maria Majana,,Open % Item,,,0.90
Tink-a-Tako - Potranco,342,8/22/25 1:21 PM,Maria Majana,,Open % Item,,,3.49
Tink-a-Tako - Potranco,340,8/22/25 1:19 PM,Candy  Del angel ,,Open % Check,,,0.52
Tink-a-Tako - Potranco,320,8/22/25 12:56 PM,Silvia Hernandez,24,Open % Item,,,0.85
Tink-a-Tako - Potranco,320,8/22/25 12:56 PM,Silvia Hernandez,24,Open % Item,,,1.60
Tink-a-Tako - Potranco,311,8/22/25 12:36 PM,Candy  Del angel ,,Open % Check,,,0.62
Tink-a-Tako - Potranco,292,8/22/25 12:05 PM,Norma Vasquez,22,Open % Item,,,2.60
Tink-a-Tako - Potranco,292,8/22/25 12:05 PM,Norma Vasquez,22,Open % Item,,,1.10
Tink-a-Tako - Potranco,292,8/22/25 12:05 PM,Norma Vasquez,22,Open % Item,,,1.40
Tink-a-Tako - Potranco,229,8/22/25 10:52 AM,Silvia Hernandez,26,Open % Item,,,1.80
Tink-a-Tako - Potranco,213,8/22/25 10:38 AM,Rosa Compean,15,Manager Comp - Check,,,7.19
Tink-a-Tako - Potranco,199,8/22/25 10:27 AM,Norma Vasquez,32,Open % Item,,,1.40
Tink-a-Tako - Potranco,199,8/22/25 10:27 AM,Norma Vasquez,32,Open % Item,,,0.40
Tink-a-Tako - Potranco,199,8/22/25 10:27 AM,Norma Vasquez,32,Open % Item,,,1.40
Tink-a-Tako - Potranco,199,8/22/25 10:27 AM,Norma Vasquez,32,Open % Item,,,0.40
Tink-a-Tako - Potranco,191,8/22/25 10:17 AM,Candy  Del angel ,,Open % Item,,,0.40
Tink-a-Tako - Potranco,160,8/22/25 9:50 AM,Rosa Compean,17,Open % Item,,,2.60
Tink-a-Tako - Potranco,104,8/22/25 8:49 AM,Maria Majana,,Employee Discount - Check,Employee Discount,Meseras,29.22
