Check #,Table,Payment Type,Server,Cashier,Tip,Amount,Cash Drawer,Date,Opened Date
1,,CREDIT,Candy ,Candy ,2.00,9.71,,8/22/25 6:31 AM,8/22/25 6:30 AM
2,,CASH,Candy ,Candy ,0.00,6.43,Drive Box,8/22/25 6:38 AM,8/22/25 6:30 AM
3,,CREDIT,Candy ,Candy ,1.00,10.15,,8/22/25 6:39 AM,8/22/25 6:31 AM
4,,CASH,Candy ,Candy ,0.00,4.31,Drive Box,8/22/25 6:41 AM,8/22/25 6:31 AM
7,,CREDIT,Candy ,Candy ,2.00,5.39,,8/22/25 6:42 AM,8/22/25 6:39 AM
8,,CREDIT,Candy ,Candy ,0.00,15.11,,8/22/25 6:43 AM,8/22/25 6:41 AM
12,,CASH,Rosie ,Rosie ,0.00,7.33,Front Left,8/22/25 6:46 AM,8/22/25 6:46 AM
6,26,CASH,Norma,Norma,0.00,8.20,,8/22/25 6:56 AM,8/22/25 6:36 AM
9,,CREDIT,Candy ,Candy ,0.00,13.58,,8/22/25 6:57 AM,8/22/25 6:43 AM
10,,CREDIT,Candy ,Candy ,0.00,15.14,,8/22/25 6:59 AM,8/22/25 6:44 AM
11,,CASH,Candy ,Candy ,0.00,39.09,Drive Box,8/22/25 7:00 AM,8/22/25 6:45 AM
22,,CASH,Candy ,Candy ,0.00,7.56,Drive Box,8/22/25 7:01 AM,8/22/25 6:58 AM
23,,CREDIT,Candy ,Candy ,0.00,6.46,,8/22/25 7:05 AM,8/22/25 6:58 AM
30,,CREDIT,Candy ,Candy ,0.00,2.59,,8/22/25 7:05 AM,8/22/25 7:05 AM
25,,CREDIT,Candy ,Candy ,0.00,23.70,,8/22/25 7:08 AM,8/22/25 7:01 AM
26,,CREDIT,Candy ,Candy ,0.00,5.39,,8/22/25 7:09 AM,8/22/25 7:03 AM
27,,CREDIT,Candy ,Candy ,0.00,6.46,,8/22/25 7:11 AM,8/22/25 7:05 AM
31,,CREDIT,Candy ,Candy ,0.00,33.54,,8/22/25 7:14 AM,8/22/25 7:09 AM
24,,CREDIT,Rosie ,Rosie ,0.00,12.30,,8/22/25 7:16 AM,8/22/25 7:01 AM
32,,CREDIT,Candy ,Candy ,0.00,13.80,,8/22/25 7:18 AM,8/22/25 7:09 AM
33,,CREDIT,Candy ,Candy ,0.00,4.31,,8/22/25 7:21 AM,8/22/25 7:11 AM
35,,CREDIT,Candy ,Candy ,0.00,28.51,,8/22/25 7:21 AM,8/22/25 7:14 AM
29,,CREDIT,Candy ,Candy ,1.00,7.02,,8/22/25 7:22 AM,8/22/25 7:16 AM
28,,CREDIT,Candy ,Candy ,0.00,20.23,,8/22/25 7:25 AM,8/22/25 7:05 AM
39,,CASH,Candy ,Candy ,0.00,7.56,Drive Box,8/22/25 7:27 AM,8/22/25 7:22 AM
38,,CREDIT,Candy ,Candy ,0.00,7.67,,8/22/25 7:28 AM,8/22/25 7:24 AM
40,,CREDIT,Candy ,Candy ,3.00,10.58,,8/22/25 7:29 AM,8/22/25 7:27 AM
43,,CASH,Candy ,Candy ,0.00,3.24,Drive Box,8/22/25 7:31 AM,8/22/25 7:30 AM
44,,CREDIT,Candy ,Candy ,0.00,18.20,,8/22/25 7:33 AM,8/22/25 7:30 AM
45,,CASH,Candy ,Candy ,0.00,3.88,Drive Box,8/22/25 7:37 AM,8/22/25 7:31 AM
46,,CASH,Candy ,Candy ,0.00,9.71,Drive Box,8/22/25 7:38 AM,8/22/25 7:31 AM
47,,CREDIT,Candy ,Candy ,2.00,17.30,,8/22/25 7:40 AM,8/22/25 7:32 AM
16,2,CREDIT,Norma,Norma,0.00,10.37,,8/22/25 7:41 AM,8/22/25 6:54 AM
49,,CREDIT,Candy ,Candy ,0.00,5.17,,8/22/25 7:42 AM,8/22/25 7:35 AM
15,2,CREDIT,Norma,Norma,0.00,2.94,,8/22/25 7:42 AM,8/22/25 6:54 AM
50,,CREDIT,Candy ,Candy ,0.00,12.35,,8/22/25 7:43 AM,8/22/25 7:38 AM
51,,CREDIT,Candy ,Candy ,0.00,3.88,,8/22/25 7:44 AM,8/22/25 7:39 AM
14,2,CREDIT,Norma,Rosie ,0.00,20.72,,8/22/25 7:45 AM,8/22/25 6:54 AM
55,,CREDIT,Candy ,Candy ,3.00,4.63,,8/22/25 7:45 AM,8/22/25 7:42 AM
17,2,CASH,Norma,Norma,0.00,12.81,,8/22/25 7:46 AM,8/22/25 6:54 AM
56,,CREDIT,Candy ,Candy ,0.00,5.38,,8/22/25 7:48 AM,8/22/25 7:43 AM
18,2,CREDIT,Norma,Norma,0.00,12.81,,8/22/25 7:49 AM,8/22/25 6:54 AM
20,2,CREDIT,Norma,Norma,0.00,16.65,,8/22/25 7:49 AM,8/22/25 6:54 AM
57,,CREDIT,Candy ,Candy ,0.00,2.70,,8/22/25 7:49 AM,8/22/25 7:45 AM
21,2,CREDIT,Norma,Norma,0.00,16.65,,8/22/25 7:50 AM,8/22/25 6:54 AM
58,,CREDIT,Candy ,Candy ,0.00,17.79,,8/22/25 7:51 AM,8/22/25 7:45 AM
19,2,CREDIT,Norma,Norma,0.00,12.81,,8/22/25 7:51 AM,8/22/25 6:54 AM
41,25,CREDIT,Norma,Rosie ,3.00,14.05,,8/22/25 7:53 AM,8/22/25 7:26 AM
59,,CREDIT,Candy ,Candy ,0.00,2.70,,8/22/25 7:56 AM,8/22/25 7:48 AM
61,,CREDIT,Candy ,Candy ,0.00,12.64,,8/22/25 7:57 AM,8/22/25 7:51 AM
62,,CREDIT,Candy ,Candy ,0.00,8.60,,8/22/25 7:58 AM,8/22/25 7:52 AM
63,,CASH,Candy ,Candy ,0.00,2.16,Drive Box,8/22/25 8:00 AM,8/22/25 7:54 AM
66,,CREDIT,Candy ,Candy ,2.00,15.13,,8/22/25 8:01 AM,8/22/25 7:59 AM
42,32,CASH,Norma,Norma,0.00,47.22,,8/22/25 8:02 AM,8/22/25 7:28 AM
52,,CREDIT,Candy ,Candy ,0.00,20.17,,8/22/25 8:06 AM,8/22/25 8:05 AM
72,,CREDIT,Rosie ,Rosie ,0.00,14.86,,8/22/25 8:09 AM,8/22/25 8:09 AM
69,,CREDIT,Candy ,Candy ,2.00,7.87,,8/22/25 8:11 AM,8/22/25 8:07 AM
67,,CREDIT,Maria,Maria,1.00,8.09,,8/22/25 8:12 AM,8/22/25 8:02 AM
70,,CASH,Candy ,Candy ,0.00,1.94,Drive Box,8/22/25 8:15 AM,8/22/25 8:08 AM
71,,CREDIT,Candy ,Candy ,3.00,9.82,,8/22/25 8:15 AM,8/22/25 8:08 AM
68,,CREDIT,Candy ,Candy ,0.00,37.01,,8/22/25 8:16 AM,8/22/25 8:09 AM
77,,CREDIT,Candy ,Candy ,0.00,15.55,,8/22/25 8:20 AM,8/22/25 8:11 AM
78,,CREDIT,Candy ,Candy ,0.00,3.24,,8/22/25 8:22 AM,8/22/25 8:15 AM
79,,CREDIT,Candy ,Candy ,1.00,15.10,,8/22/25 8:23 AM,8/22/25 8:16 AM
89,1,CREDIT,Esperansa,Esperansa,0.00,8.84,,8/22/25 8:26 AM,8/22/25 8:26 AM
54,35,CREDIT,Norma,Norma,10.00,29.17,,8/22/25 8:26 AM,8/22/25 7:40 AM
80,,CREDIT,Candy ,Candy ,2.00,8.58,,8/22/25 8:26 AM,8/22/25 8:18 AM
83,,CREDIT,Rosa,Rosa,3.00,10.02,,8/22/25 8:27 AM,8/22/25 8:19 AM
81,25,CREDIT,Silvia,Silvia,3.00,8.42,,8/22/25 8:27 AM,8/22/25 8:18 AM
84,,CASH,Candy ,Candy ,0.00,7.02,Drive Box,8/22/25 8:27 AM,8/22/25 8:20 AM
87,,CREDIT,Candy ,Candy ,0.00,8.19,,8/22/25 8:29 AM,8/22/25 8:23 AM
65,22,CREDIT,Esperansa,Esperansa,6.00,28.82,,8/22/25 8:29 AM,8/22/25 7:56 AM
88,,CASH,Candy ,Candy ,0.00,23.56,Drive Box,8/22/25 8:31 AM,8/22/25 8:24 AM
90,,CREDIT,Candy ,Candy ,0.00,6.25,,8/22/25 8:35 AM,8/22/25 8:28 AM
91,,CREDIT,Candy ,Candy ,0.00,15.35,,8/22/25 8:36 AM,8/22/25 8:28 AM
92,,CREDIT,Candy ,Candy ,0.00,52.89,,8/22/25 8:37 AM,8/22/25 8:30 AM
76,33,CREDIT,Rosa,Rosa,1.00,16.96,,8/22/25 8:39 AM,8/22/25 8:10 AM
94,,CASH,Candy ,Candy ,0.00,8.36,Drive Box,8/22/25 8:43 AM,8/22/25 8:35 AM
95,,CREDIT,Candy ,Candy ,0.00,11.52,,8/22/25 8:44 AM,8/22/25 8:37 AM
86,18,CASH,Norma,Norma,0.00,5.39,,8/22/25 8:46 AM,8/22/25 8:22 AM
74,,CASH,Candy ,Candy ,0.00,7.55,Drive Box,8/22/25 8:48 AM,8/22/25 8:38 AM
73,40,CREDIT,Norma,Norma,50.00,240.09,,8/22/25 8:50 AM,8/22/25 8:11 AM
97,,CREDIT,Candy ,Candy ,1.00,14.57,,8/22/25 8:51 AM,8/22/25 8:45 AM
96,,CASH,Candy ,Candy ,0.00,2.15,Drive Box,8/22/25 8:52 AM,8/22/25 8:45 AM
98,,CREDIT,Candy ,Candy ,0.00,48.44,,8/22/25 8:54 AM,8/22/25 8:47 AM
102,,CASH,Candy ,Candy ,0.00,2.15,Drive Box,8/22/25 8:58 AM,8/22/25 8:49 AM
101,,CREDIT,Candy ,Candy ,0.00,13.04,,8/22/25 8:59 AM,8/22/25 8:50 AM
106,,CREDIT,Candy ,Candy ,0.00,32.89,,8/22/25 9:01 AM,8/22/25 8:54 AM
109,,CASH,Candy ,Candy ,0.00,4.95,Drive Box,8/22/25 9:05 AM,8/22/25 8:59 AM
111,,CREDIT,Candy ,Candy ,5.00,30.78,,8/22/25 9:05 AM,8/22/25 9:00 AM
100,35,CASH,Rosa,Rosa,0.00,22.44,,8/22/25 9:06 AM,8/22/25 8:47 AM
112,,CASH,Candy ,Candy ,0.00,4.75,Drive Box,8/22/25 9:07 AM,8/22/25 9:01 AM
99,24,CREDIT,Esperansa,Maria,5.00,17.38,,8/22/25 9:08 AM,8/22/25 8:49 AM
116,,CREDIT,Candy ,Candy ,1.00,19.95,,8/22/25 9:09 AM,8/22/25 9:05 AM
117,,CREDIT,Candy ,Candy ,0.00,11.66,,8/22/25 9:11 AM,8/22/25 9:06 AM
118,,CREDIT,Candy ,Candy ,0.00,6.24,,8/22/25 9:11 AM,8/22/25 9:07 AM
120,,CREDIT,Candy ,Candy ,0.00,17.82,,8/22/25 9:12 AM,8/22/25 9:11 AM
121,,CASH,Maria,Maria,0.00,38.94,Front Left,8/22/25 9:17 AM,8/22/25 9:17 AM
122,,CREDIT,Candy ,Candy ,1.00,10.81,,8/22/25 9:20 AM,8/22/25 9:13 AM
105,,CREDIT,Candy ,Candy ,0.00,6.47,,8/22/25 9:20 AM,8/22/25 9:16 AM
124,,CREDIT,Candy ,Candy ,2.00,27.85,,8/22/25 9:21 AM,8/22/25 9:17 AM
107,,CREDIT,Silvia,Silvia,5.00,21.31,,8/22/25 9:25 AM,8/22/25 8:57 AM
129,,CREDIT,Candy ,Candy ,1.00,16.93,,8/22/25 9:30 AM,8/22/25 9:20 AM
130,,CREDIT,Candy ,Candy ,1.00,8.19,,8/22/25 9:30 AM,8/22/25 9:21 AM
126,,CREDIT,Candy ,Candy ,0.00,8.31,,8/22/25 9:31 AM,8/22/25 9:23 AM
131,,CREDIT,Candy ,Candy ,0.00,29.44,,8/22/25 9:32 AM,8/22/25 9:24 AM
133,,CREDIT,Candy ,Candy ,0.00,17.30,,8/22/25 9:34 AM,8/22/25 9:26 AM
134,,CREDIT,Candy ,Candy ,4.00,17.90,,8/22/25 9:36 AM,8/22/25 9:27 AM
135,,CREDIT,Candy ,Candy ,0.00,10.56,,8/22/25 9:37 AM,8/22/25 9:27 AM
114,10,CREDIT,Norma,Norma,10.00,35.87,,8/22/25 9:37 AM,8/22/25 9:03 AM
136,,CREDIT,Candy ,Candy ,0.00,13.48,,8/22/25 9:38 AM,8/22/25 9:27 AM
127,38,CREDIT,Silvia,Silvia,0.00,14.01,,8/22/25 9:38 AM,8/22/25 9:22 AM
137,,CASH,Candy ,Candy ,0.00,31.54,Drive Box,8/22/25 9:39 AM,8/22/25 9:28 AM
138,,CREDIT,Candy ,Candy ,0.00,11.88,,8/22/25 9:40 AM,8/22/25 9:28 AM
144,,CREDIT,Candy ,Candy ,0.00,10.14,,8/22/25 9:41 AM,8/22/25 9:38 AM
128,21,CASH,Norma,Norma,0.00,13.46,,8/22/25 9:41 AM,8/22/25 9:20 AM
145,,CREDIT,Candy ,Candy ,0.00,9.28,,8/22/25 9:42 AM,8/22/25 9:38 AM
146,,CASH,Candy ,Candy ,0.00,12.00,Drive Box,8/22/25 9:42 AM,8/22/25 9:40 AM
132,12,CREDIT,Esperansa,Esperansa,2.00,28.00,,8/22/25 9:44 AM,8/22/25 9:24 AM
147,,CREDIT,Candy ,Candy ,0.00,18.11,,8/22/25 9:47 AM,8/22/25 9:40 AM
148,,CREDIT,Candy ,Candy ,0.00,9.50,,8/22/25 9:48 AM,8/22/25 9:41 AM
149,,CREDIT,Candy ,Candy ,0.00,2.15,,8/22/25 9:49 AM,8/22/25 9:42 AM
142,,CREDIT,Maria,Maria,0.00,9.97,,8/22/25 9:50 AM,8/22/25 9:33 AM
150,,CREDIT,Candy ,Candy ,0.00,11.90,,8/22/25 9:50 AM,8/22/25 9:45 AM
151,,CASH,Candy ,Candy ,0.00,10.80,Drive Box,8/22/25 9:53 AM,8/22/25 9:48 AM
140,18,CREDIT,Silvia,Silvia,10.00,24.83,,8/22/25 9:53 AM,8/22/25 9:29 AM
156,,CREDIT,Candy ,Candy ,0.00,15.96,,8/22/25 9:54 AM,8/22/25 9:48 AM
159,,CASH,Candy ,Candy ,0.00,36.30,Drive Box,8/22/25 9:55 AM,8/22/25 9:50 AM
115,32,CASH,Esperansa,Esperansa,0.00,12.94,,8/22/25 9:56 AM,8/22/25 9:04 AM
119,25,CASH,Rosa,Rosa,0.00,7.54,,8/22/25 9:56 AM,8/22/25 9:11 AM
158,,CASH,Maria,Maria,0.00,16.62,Front Left,8/22/25 9:57 AM,8/22/25 9:50 AM
163,,CREDIT,Candy ,Candy ,2.00,19.61,,8/22/25 9:57 AM,8/22/25 9:54 AM
164,,CREDIT,Candy ,Candy ,0.00,20.28,,8/22/25 10:00 AM,8/22/25 9:57 AM
139,33,CREDIT,Rosa,Rosa,3.00,22.08,,8/22/25 10:03 AM,8/22/25 9:28 AM
167,,CREDIT,Candy ,Candy ,0.00,59.15,,8/22/25 10:06 AM,8/22/25 9:59 AM
171,,CREDIT,Candy ,Candy ,0.00,9.04,,8/22/25 10:09 AM,8/22/25 10:03 AM
173,,CASH,Candy ,Candy ,0.00,21.17,Drive Box,8/22/25 10:10 AM,8/22/25 10:08 AM
176,,CREDIT,Maria,Maria,0.00,6.78,,8/22/25 10:13 AM,8/22/25 10:13 AM
152,11,CREDIT,Esperansa,Esperansa,5.00,29.35,,8/22/25 10:14 AM,8/22/25 9:47 AM
168,21,CREDIT,Rosa,Rosa,5.00,12.61,,8/22/25 10:14 AM,8/22/25 9:59 AM
186,,CREDIT,Candy ,Candy ,0.00,10.38,,8/22/25 10:15 AM,8/22/25 10:15 AM
185,,CREDIT,Maria,Maria,0.00,31.75,,8/22/25 10:15 AM,8/22/25 10:15 AM
165,25,CREDIT,Norma,Norma,0.00,15.98,,8/22/25 10:20 AM,8/22/25 9:57 AM
178,,CASH,Candy ,Candy ,0.00,18.55,Drive Box,8/22/25 10:20 AM,8/22/25 10:13 AM
193,,CASH,Candy ,Candy ,0.00,1.08,Drive Box,8/22/25 10:23 AM,8/22/25 10:23 AM
170,20,CREDIT,Esperansa,,6.89,49.70,,8/22/25 10:24 AM,8/22/25 10:03 AM
180,,CREDIT,Candy ,Candy ,0.00,10.34,,8/22/25 10:24 AM,8/22/25 10:13 AM
166,7,CREDIT,Esperansa,Esperansa,3.00,19.70,,8/22/25 10:25 AM,8/22/25 9:57 AM
141,,CREDIT,Candy ,Candy ,0.00,5.39,,8/22/25 10:26 AM,8/22/25 10:14 AM
187,,CREDIT,Candy ,Candy ,0.00,2.15,,8/22/25 10:26 AM,8/22/25 10:15 AM
191,,CREDIT,Candy ,Candy ,1.00,4.15,,8/22/25 10:28 AM,8/22/25 10:21 AM
160,17,CREDIT,Rosa,Rosa,3.00,34.17,,8/22/25 10:28 AM,8/22/25 9:51 AM
162,23,CREDIT,Silvia,Silvia,8.17,44.83,,8/22/25 10:28 AM,8/22/25 9:54 AM
172,15,CREDIT,Rosa,,0.00,17.27,,8/22/25 10:30 AM,8/22/25 10:06 AM
197,,CREDIT,Candy ,Candy ,0.00,25.02,,8/22/25 10:30 AM,8/22/25 10:26 AM
203,,CASH,Maria,Maria,0.00,18.26,Front Left,8/22/25 10:32 AM,8/22/25 10:29 AM
154,34,CREDIT,Norma,,5.44,26.75,,8/22/25 10:32 AM,8/22/25 9:48 AM
198,,CREDIT,Candy ,Candy ,0.00,10.66,,8/22/25 10:32 AM,8/22/25 10:27 AM
153,34,CASH,Norma,Norma,0.00,10.78,,8/22/25 10:33 AM,8/22/25 9:48 AM
155,34,CREDIT,Norma,Norma,2.25,14.91,,8/22/25 10:34 AM,8/22/25 9:48 AM
200,,CASH,Candy ,Candy ,0.00,23.99,Drive Box,8/22/25 10:34 AM,8/22/25 10:27 AM
194,2,CASH,Esperansa,Esperansa,0.00,17.29,,8/22/25 10:36 AM,8/22/25 10:24 AM
192,,CASH,Candy ,Candy ,0.00,7.35,Drive Box,8/22/25 10:37 AM,8/22/25 10:28 AM
202,,CREDIT,Candy ,Candy ,3.00,20.50,,8/22/25 10:39 AM,8/22/25 10:32 AM
175,26,CASH,Silvia,Silvia,0.00,8.41,,8/22/25 10:42 AM,8/22/25 10:11 AM
169,38,CREDIT,Silvia,Silvia,2.17,11.83,,8/22/25 10:42 AM,8/22/25 10:01 AM
209,38,CREDIT,Silvia,Silvia,3.00,6.41,,8/22/25 10:42 AM,8/22/25 10:35 AM
179,24,CASH,Esperansa,Esperansa,0.00,19.43,,8/22/25 10:44 AM,8/22/25 10:13 AM
204,,CREDIT,Candy ,Candy ,2.00,15.22,,8/22/25 10:45 AM,8/22/25 10:36 AM
211,,CREDIT,Candy ,Candy ,2.00,5.71,,8/22/25 10:46 AM,8/22/25 10:38 AM
214,,CREDIT,Candy ,Candy ,0.00,15.13,,8/22/25 10:48 AM,8/22/25 10:39 AM
225,,CREDIT,Maria,Maria,5.00,14.66,,8/22/25 10:49 AM,8/22/25 10:49 AM
215,,CREDIT,Candy ,Candy ,0.00,54.33,,8/22/25 10:50 AM,8/22/25 10:43 AM
189,19,CREDIT,Esperansa,Esperansa,10.82,39.18,,8/22/25 10:51 AM,8/22/25 10:16 AM
174,39,CASH,Silvia,Silvia,0.00,37.17,,8/22/25 10:51 AM,8/22/25 10:10 AM
205,25,CREDIT,Silvia,Silvia,6.39,34.59,,8/22/25 10:54 AM,8/22/25 10:32 AM
221,,CREDIT,Candy ,Candy ,0.00,5.72,,8/22/25 10:57 AM,8/22/25 10:47 AM
190,18,CASH,Norma,Norma,0.00,14.87,,8/22/25 10:57 AM,8/22/25 10:17 AM
222,,CREDIT,Candy ,Candy ,0.00,5.81,,8/22/25 10:58 AM,8/22/25 10:48 AM
224,,CREDIT,Candy ,Candy ,1.98,13.98,,8/22/25 10:59 AM,8/22/25 10:49 AM
227,,CASH,Candy ,Candy ,0.00,6.47,Drive Box,8/22/25 11:00 AM,8/22/25 10:51 AM
177,1,CREDIT,Norma,Norma,20.00,56.28,,8/22/25 11:00 AM,8/22/25 10:13 AM
210,,CREDIT,Candy ,Candy ,0.00,16.40,,8/22/25 11:01 AM,8/22/25 10:56 AM
231,,CASH,Candy ,Candy ,0.00,9.06,Drive Box,8/22/25 11:03 AM,8/22/25 10:56 AM
236,,CASH,Candy ,Candy ,0.00,7.45,Drive Box,8/22/25 11:05 AM,8/22/25 11:02 AM
237,,CREDIT,Candy ,Candy ,0.00,21.63,,8/22/25 11:07 AM,8/22/25 11:04 AM
217,7,CASH,Esperansa,Esperansa,0.00,16.00,,8/22/25 11:09 AM,8/22/25 10:43 AM
196,11,CASH,Silvia,Silvia,0.00,27.26,,8/22/25 11:10 AM,8/22/25 10:26 AM
199,32,CASH,Norma,Norma,0.00,22.04,,8/22/25 11:11 AM,8/22/25 10:27 AM
243,,CREDIT,Maria,Maria,0.00,10.78,,8/22/25 11:12 AM,8/22/25 11:12 AM
239,,CASH,Candy ,Candy ,0.00,13.18,Drive Box,8/22/25 11:12 AM,8/22/25 11:06 AM
235,,CREDIT,Silvia,Silvia,0.00,11.43,,8/22/25 11:13 AM,8/22/25 10:59 AM
53,37,CASH,Rosie ,Rosie ,0.00,14.05,,8/22/25 11:14 AM,8/22/25 7:39 AM
250,,CREDIT,Candy ,Candy ,0.00,23.86,,8/22/25 11:17 AM,8/22/25 11:16 AM
223,23,CREDIT,Norma,Norma,0.00,20.18,,8/22/25 11:17 AM,8/22/25 10:49 AM
219,22,CREDIT,Norma,,3.39,18.37,,8/22/25 11:19 AM,8/22/25 10:46 AM
195,9,CASH,Rosa,Rosa,0.00,5.19,,8/22/25 11:21 AM,8/22/25 10:26 AM
244,9,CASH,Rosa,Rosa,0.00,24.04,,8/22/25 11:21 AM,8/22/25 11:12 AM
241,,CREDIT,Candy ,Candy ,0.00,26.55,,8/22/25 11:22 AM,8/22/25 11:12 AM
245,9,CASH,Rosa,Rosa,0.00,14.26,,8/22/25 11:22 AM,8/22/25 11:12 AM
246,9,CASH,Rosa,Rosa,0.00,18.65,,8/22/25 11:22 AM,8/22/25 11:12 AM
229,26,CREDIT,Silvia,Silvia,5.00,12.05,,8/22/25 11:22 AM,8/22/25 10:52 AM
248,,CREDIT,Candy ,Candy ,0.00,13.27,,8/22/25 11:23 AM,8/22/25 11:15 AM
249,,CREDIT,Candy ,Candy ,1.45,8.63,,8/22/25 11:25 AM,8/22/25 11:16 AM
233,20,CREDIT,Norma,Norma,20.00,39.60,,8/22/25 11:26 AM,8/22/25 10:57 AM
258,,CASH,Candy ,Candy ,0.00,6.47,Drive Box,8/22/25 11:27 AM,8/22/25 11:23 AM
230,24,CREDIT,Silvia,Silvia,5.00,30.77,,8/22/25 11:28 AM,8/22/25 10:54 AM
238,25,CASH,Silvia,Silvia,0.00,17.34,,8/22/25 11:28 AM,8/22/25 11:05 AM
259,,CASH,Candy ,Candy ,0.00,26.92,Drive Box,8/22/25 11:29 AM,8/22/25 11:25 AM
218,35,CREDIT,Rosa,Rosa,0.00,28.77,,8/22/25 11:31 AM,8/22/25 10:45 AM
260,35,CREDIT,Rosa,Rosa,5.00,33.96,,8/22/25 11:32 AM,8/22/25 11:26 AM
261,,CREDIT,Candy ,Candy ,0.00,7.34,,8/22/25 11:34 AM,8/22/25 11:26 AM
207,33,CREDIT,Esperansa,Esperansa,0.00,33.79,,8/22/25 11:34 AM,8/22/25 10:33 AM
252,22,CREDIT,Norma,Norma,0.00,16.21,,8/22/25 11:34 AM,8/22/25 11:17 AM
262,,CREDIT,Candy ,Candy ,0.00,7.98,,8/22/25 11:34 AM,8/22/25 11:28 AM
247,,CREDIT,Candy ,Candy ,3.00,9.98,,8/22/25 11:35 AM,8/22/25 11:30 AM
266,,CREDIT,Candy ,Candy ,0.00,26.55,,8/22/25 11:37 AM,8/22/25 11:32 AM
268,,CREDIT,Candy ,Candy ,0.00,6.47,,8/22/25 11:39 AM,8/22/25 11:36 AM
251,37,CREDIT,Esperansa,Maria,5.00,35.39,,8/22/25 11:43 AM,8/22/25 11:17 AM
277,40,CREDIT,Rosa,Rosa,0.00,12.81,,8/22/25 11:48 AM,8/22/25 11:40 AM
220,40,CREDIT,Rosa,Rosa,0.00,29.45,,8/22/25 11:49 AM,8/22/25 10:51 AM
271,40,CREDIT,Rosa,Rosa,0.00,26.50,,8/22/25 11:49 AM,8/22/25 11:40 AM
275,40,CREDIT,Rosa,Rosa,0.00,31.87,,8/22/25 11:50 AM,8/22/25 11:40 AM
240,,CREDIT,Candy ,Candy ,5.00,44.39,,8/22/25 11:50 AM,8/22/25 11:07 AM
273,40,CREDIT,Rosa,Rosa,7.88,57.12,,8/22/25 11:51 AM,8/22/25 11:40 AM
256,32,CASH,Esperansa,Esperansa,0.00,16.97,,8/22/25 11:57 AM,8/22/25 11:23 AM
242,18,CREDIT,Norma,Norma,5.00,33.01,,8/22/25 11:57 AM,8/22/25 11:10 AM
255,11,CREDIT,Rosa,Rosa,5.00,36.10,,8/22/25 11:57 AM,8/22/25 11:18 AM
264,,CREDIT,Candy ,Candy ,0.00,5.19,,8/22/25 12:02 PM,8/22/25 11:58 AM
279,25,CREDIT,Silvia,Silvia,0.00,9.73,,8/22/25 12:02 PM,8/22/25 11:45 AM
291,37,CASH,Esperansa,Esperansa,0.00,26.26,,8/22/25 12:05 PM,8/22/25 12:05 PM
290,,CREDIT,Candy ,Candy ,0.00,28.09,,8/22/25 12:06 PM,8/22/25 12:04 PM
257,36,CREDIT,Norma,Norma,4.21,18.79,,8/22/25 12:06 PM,8/22/25 11:23 AM
267,21,CASH,Silvia,Silvia,0.00,13.46,,8/22/25 12:08 PM,8/22/25 11:35 AM
278,17,CREDIT,Norma,Norma,10.00,45.36,,8/22/25 12:11 PM,8/22/25 11:42 AM
263,12,CASH,Rosa,Rosa,0.00,26.50,,8/22/25 12:13 PM,8/22/25 11:29 AM
272,40,CASH,Rosa,Rosa,0.00,8.68,,8/22/25 12:14 PM,8/22/25 11:40 AM
294,,CREDIT,Candy ,Candy ,0.00,19.17,,8/22/25 12:15 PM,8/22/25 12:09 PM
299,,CREDIT,Silvia,Silvia,0.00,5.81,,8/22/25 12:17 PM,8/22/25 12:17 PM
284,24,CREDIT,Rosa,Rosa,6.00,34.89,,8/22/25 12:20 PM,8/22/25 11:54 AM
296,,CREDIT,Candy ,Candy ,0.00,10.81,,8/22/25 12:20 PM,8/22/25 12:12 PM
288,,CREDIT,Candy ,Candy ,2.00,13.38,,8/22/25 12:22 PM,8/22/25 12:18 PM
287,32,CREDIT,Esperansa,Rosie ,3.00,19.73,,8/22/25 12:22 PM,8/22/25 11:58 AM
286,10,CREDIT,Rosa,Rosa,6.00,29.20,,8/22/25 12:23 PM,8/22/25 11:56 AM
304,,CREDIT,Candy ,Candy ,0.00,27.65,,8/22/25 12:26 PM,8/22/25 12:24 PM
293,31,CREDIT,Rosa,Rosa,5.00,32.49,,8/22/25 12:27 PM,8/22/25 12:06 PM
285,33,CASH,Silvia,Silvia,0.00,18.01,,8/22/25 12:31 PM,8/22/25 11:56 AM
292,22,CREDIT,Norma,Norma,5.00,30.56,,8/22/25 12:31 PM,8/22/25 12:05 PM
289,11,CASH,Silvia,Silvia,0.00,10.00,,8/22/25 12:31 PM,8/22/25 11:59 AM
289,11,CREDIT,Silvia,Silvia,4.00,17.19,,8/22/25 12:31 PM,8/22/25 11:59 AM
305,,CASH,Candy ,Candy ,0.00,11.48,Drive Box,8/22/25 12:31 PM,8/22/25 12:31 PM
306,31,CREDIT,Rosa,Rosa,0.00,6.26,,8/22/25 12:32 PM,8/22/25 12:27 PM
309,,CREDIT,Candy ,Candy ,0.00,5.81,,8/22/25 12:36 PM,8/22/25 12:35 PM
311,,CREDIT,Candy ,Candy ,0.00,6.02,,8/22/25 12:40 PM,8/22/25 12:36 PM
312,,CASH,Candy ,Candy ,0.00,2.15,Drive Box,8/22/25 12:42 PM,8/22/25 12:37 PM
283,39,CASH,Norma,Norma,0.00,40.62,,8/22/25 12:44 PM,8/22/25 11:53 AM
314,,CREDIT,Candy ,Candy ,0.00,14.32,,8/22/25 12:44 PM,8/22/25 12:40 PM
315,,CREDIT,Candy ,Candy ,0.00,12.81,,8/22/25 12:48 PM,8/22/25 12:41 PM
282,7,CASH,Esperansa,Esperansa,0.00,15.39,,8/22/25 12:48 PM,8/22/25 11:53 AM
303,25,CASH,Norma,Norma,0.00,26.92,,8/22/25 12:51 PM,8/22/25 12:21 PM
300,,CASH,Candy ,Candy ,0.00,14.36,Drive Box,8/22/25 12:51 PM,8/22/25 12:46 PM
298,20,CREDIT,Norma,Norma,0.00,47.94,,8/22/25 12:53 PM,8/22/25 12:13 PM
307,,CASH,Maria,Maria,0.00,33.53,Front Left,8/22/25 12:53 PM,8/22/25 12:34 PM
317,,CREDIT,Candy ,Candy ,0.00,32.08,,8/22/25 12:53 PM,8/22/25 12:47 PM
310,,CREDIT,Maria,Maria,0.00,18.38,,8/22/25 12:54 PM,8/22/25 12:36 PM
321,,CREDIT,Maria,Maria,2.00,10.58,,8/22/25 12:57 PM,8/22/25 12:57 PM
313,8,CREDIT,Esperansa,Esperansa,0.00,29.73,,8/22/25 12:57 PM,8/22/25 12:37 PM
323,,CREDIT,Candy ,Candy ,0.00,17.07,,8/22/25 12:59 PM,8/22/25 12:58 PM
234,37,CREDIT,Esperansa,Esperansa,0.00,53.42,,8/22/25 1:00 PM,8/22/25 10:57 AM
301,23,CREDIT,Silvia,Silvia,7.00,31.62,,8/22/25 1:05 PM,8/22/25 12:20 PM
319,,CASH,Candy ,Candy ,0.00,27.04,Drive Box,8/22/25 1:08 PM,8/22/25 12:57 PM
318,,CASH,Candy ,Candy ,0.00,2.48,Drive Box,8/22/25 1:09 PM,8/22/25 1:01 PM
325,,CASH,Candy ,Candy ,0.00,17.29,Drive Box,8/22/25 1:11 PM,8/22/25 1:02 PM
331,,CASH,Candy ,Candy ,0.00,17.31,Drive Box,8/22/25 1:13 PM,8/22/25 1:09 PM
333,,CASH,Candy ,Candy ,0.00,5.41,Drive Box,8/22/25 1:19 PM,8/22/25 1:09 PM
334,,CASH,Candy ,Candy ,0.00,11.55,Drive Box,8/22/25 1:20 PM,8/22/25 1:11 PM
338,,CREDIT,Candy ,Candy ,10.00,24.73,,8/22/25 1:21 PM,8/22/25 1:14 PM
340,,CREDIT,Candy ,Candy ,0.00,5.12,,8/22/25 1:25 PM,8/22/25 1:19 PM
341,,CREDIT,Candy ,Candy ,0.00,13.11,,8/22/25 1:26 PM,8/22/25 1:21 PM
342,,CREDIT,Maria,Maria,0.00,4.74,,8/22/25 1:29 PM,8/22/25 1:22 PM
343,,CREDIT,Candy ,Candy ,0.00,24.68,,8/22/25 1:31 PM,8/22/25 1:22 PM
346,,CREDIT,Candy ,Candy ,0.00,12.32,,8/22/25 1:32 PM,8/22/25 1:25 PM
350,,CASH,Candy ,Candy ,0.00,9.73,Drive Box,8/22/25 1:32 PM,8/22/25 1:32 PM
320,24,CASH,Silvia,Silvia,0.00,27.62,,8/22/25 1:33 PM,8/22/25 12:56 PM
332,16,CASH,Silvia,Silvia,0.00,13.46,,8/22/25 1:33 PM,8/22/25 1:09 PM
327,17,CREDIT,Norma,Norma,5.00,21.12,,8/22/25 1:38 PM,8/22/25 1:03 PM
295,18,CASH,Rosa,Rosa,0.00,36.66,,8/22/25 1:39 PM,8/22/25 12:09 PM
352,,CREDIT,Candy ,Candy ,4.00,21.30,,8/22/25 1:41 PM,8/22/25 1:36 PM
330,12,CREDIT,Rosa,Rosa,7.00,28.06,,8/22/25 1:42 PM,8/22/25 1:07 PM
355,37,CREDIT,Rosa,Rosa,5.00,35.57,,8/22/25 1:42 PM,8/22/25 1:40 PM
316,32,CASH,Rosa,Rosa,0.00,15.14,,8/22/25 1:44 PM,8/22/25 12:47 PM
353,,CREDIT,Candy ,Candy ,1.53,9.71,,8/22/25 1:46 PM,8/22/25 1:40 PM
328,22,CREDIT,Esperansa,Esperansa,5.00,25.87,,8/22/25 1:47 PM,8/22/25 1:03 PM
336,38,CASH,Norma,Norma,0.00,11.89,,8/22/25 1:47 PM,8/22/25 1:12 PM
358,,CREDIT,Candy ,Candy ,0.00,4.30,,8/22/25 1:48 PM,8/22/25 1:46 PM
,,CASH_COLLECTED,Silvia,Silvia,0.00,172.73*,House,8/22/25 1:48 PM,8/22/25 1:48 PM
,,TIP_OUT,Silvia,Silvia,-58.73,0.00,House,8/22/25 1:48 PM,8/22/25 1:48 PM
254,19,CASH,Esperansa,Esperansa,0.00,16.64,,8/22/25 1:49 PM,8/22/25 11:18 AM
360,,CREDIT,Candy ,Candy ,0.00,14.53,,8/22/25 1:52 PM,8/22/25 1:49 PM
,,TIP_OUT,Maria,Maria,-8.00,0.00,House,8/22/25 1:57 PM,8/22/25 1:57 PM
364,,CREDIT,Candy ,Candy ,0.00,15.13,,8/22/25 1:58 PM,8/22/25 1:52 PM
348,33,CASH,Norma,Norma,0.00,28.77,,8/22/25 2:00 PM,8/22/25 1:26 PM
368,25,CASH,Esperansa,Esperansa,0.00,33.51,,8/22/25 2:00 PM,8/22/25 1:59 PM
367,,CASH,Candy ,Candy ,0.00,7.78,Drive Box,8/22/25 2:01 PM,8/22/25 1:59 PM
369,,CASH,Candy ,Candy ,0.00,28.13,Drive Box,8/22/25 2:03 PM,8/22/25 2:03 PM
339,8,CASH,Esperansa,Esperansa,0.00,34.55,,8/22/25 2:03 PM,8/22/25 1:17 PM
,,TIP_OUT,Candy ,Candy ,-78.96,0.00,House,8/22/25 2:05 PM,8/22/25 2:05 PM
337,37,CREDIT,Rosa,Rosa,0.00,32.70,,8/22/25 2:06 PM,8/22/25 1:13 PM
370,,CASH,Daniela,Daniela,0.00,4.30,,8/22/25 2:12 PM,8/22/25 2:06 PM
372,,CREDIT,Daniela,Daniela,0.00,26.81,,8/22/25 2:13 PM,8/22/25 2:08 PM
356,23,CREDIT,Esperansa,,3.00,21.63,,8/22/25 2:14 PM,8/22/25 1:44 PM
373,,CASH,Daniela,Daniela,0.00,9.73,,8/22/25 2:19 PM,8/22/25 2:09 PM
374,,CASH,Daniela,Daniela,0.00,8.76,,8/22/25 2:20 PM,8/22/25 2:10 PM
351,21,CASH,Rosa,Rosa,0.00,31.29,,8/22/25 2:20 PM,8/22/25 1:35 PM
362,16,CASH,Rosa,Rosa,0.00,18.97,,8/22/25 2:20 PM,8/22/25 1:51 PM
357,32,CREDIT,Norma,Norma,6.00,38.37,,8/22/25 2:22 PM,8/22/25 1:44 PM
375,,CASH,Daniela,Daniela,0.00,14.06,,8/22/25 2:23 PM,8/22/25 2:11 PM
376,,CASH,Daniela,Daniela,0.00,7.56,,8/22/25 2:24 PM,8/22/25 2:14 PM
,,CASH_COLLECTED,Rosie ,Rosie ,0.00,14.05*,House,8/22/25 2:24 PM,8/22/25 2:24 PM
378,,CREDIT,Daniela,Daniela,0.00,9.50,,8/22/25 2:24 PM,8/22/25 2:19 PM
379,,CREDIT,Daniela,Daniela,0.00,13.11,,8/22/25 2:25 PM,8/22/25 2:23 PM
366,7,CASH,Norma,Norma,0.00,39.18,,8/22/25 2:27 PM,8/22/25 1:53 PM
371,17,CASH,Norma,Norma,0.00,25.89,,8/22/25 2:38 PM,8/22/25 2:07 PM
349,25,CREDIT,Esperansa,Esperansa,0.00,28.34,,8/22/25 2:39 PM,8/22/25 1:27 PM
359,19,CREDIT,Norma,Norma,5.00,65.78,,8/22/25 2:39 PM,8/22/25 1:50 PM
,,CASH_COLLECTED,Norma,Norma,0.00,308.04*,House,8/22/25 2:40 PM,8/22/25 2:40 PM
,,TIP_OUT,Norma,Norma,-218.24,0.00,House,8/22/25 2:40 PM,8/22/25 2:40 PM
363,34,CREDIT,Rosa,Rosa,0.00,37.26,,8/22/25 2:41 PM,8/22/25 1:52 PM
,,CASH_COLLECTED,Esperansa,Esperansa,0.00,208.98*,House,8/22/25 2:43 PM,8/22/25 2:43 PM
,,TIP_OUT,Esperansa,Esperansa,-54.71,0.00,House,8/22/25 2:43 PM,8/22/25 2:43 PM
,,CASH_COLLECTED,Rosa,Rosa,0.00,229.36*,House,8/22/25 2:45 PM,8/22/25 2:45 PM
,,TIP_OUT,Rosa,Rosa,-87.83,0.00,House,8/22/25 2:45 PM,8/22/25 2:45 PM
381,,CREDIT,Daniela,Daniela,0.00,35.56,,8/22/25 2:45 PM,8/22/25 2:42 PM
377,,CREDIT,Daniela,Daniela,0.00,15.13,,8/22/25 2:49 PM,8/22/25 2:47 PM
386,,CREDIT,Daniela,Daniela,0.00,30.26,,8/22/25 3:06 PM,8/22/25 3:01 PM
387,,CREDIT,Daniela,Daniela,0.00,19.72,,8/22/25 3:17 PM,8/22/25 3:15 PM
380,23,CREDIT,Juan ,Juan ,6.00,32.64,,8/22/25 3:17 PM,8/22/25 2:35 PM
389,,CREDIT,Daniela,Daniela,0.00,8.53,,8/22/25 3:24 PM,8/22/25 3:17 PM
392,,CREDIT,Daniela,Daniela,0.00,14.26,,8/22/25 3:30 PM,8/22/25 3:30 PM
393,,CREDIT,Daniela,Daniela,0.00,16.03,,8/22/25 3:38 PM,8/22/25 3:37 PM
388,22,CREDIT,Isabel,Isabel,10.00,19.74,,8/22/25 3:39 PM,8/22/25 3:15 PM
390,23,CREDIT,Juan ,Juan ,0.00,28.23,,8/22/25 3:51 PM,8/22/25 3:27 PM
383,,CREDIT,Daniela,Daniela,0.00,10.81,,8/22/25 4:01 PM,8/22/25 4:01 PM
397,24,CREDIT,Juan ,,0.00,9.06,,8/22/25 4:06 PM,8/22/25 3:50 PM
401,,CREDIT,Daniela,Daniela,0.00,18.99,,8/22/25 4:08 PM,8/22/25 4:03 PM
385,32,CREDIT,Isabel,Isabel,6.00,42.87,,8/22/25 4:17 PM,8/22/25 3:00 PM
400,,CREDIT,Daniela,Daniela,0.00,8.64,,8/22/25 4:23 PM,8/22/25 4:21 PM
404,,CASH,Daniela,Daniela,0.00,12.98,,8/22/25 4:27 PM,8/22/25 4:25 PM
398,18,CASH,Isabel,Isabel,0.00,40.71,,8/22/25 4:27 PM,8/22/25 3:51 PM
403,,CREDIT,Daniela,Daniela,0.00,18.38,,8/22/25 4:35 PM,8/22/25 4:29 PM
405,,CREDIT,Daniela,Daniela,0.00,14.10,,8/22/25 4:39 PM,8/22/25 4:31 PM
406,,CASH,Daniela,Daniela,0.00,15.44,,8/22/25 4:41 PM,8/22/25 4:32 PM
399,25,CREDIT,Juan ,Giselle,1.00,8.64,,8/22/25 4:47 PM,8/22/25 4:00 PM
408,,CREDIT,Daniela,Daniela,0.00,6.47,,8/22/25 4:47 PM,8/22/25 4:47 PM
402,,CREDIT,Daniela,Daniela,5.00,42.18,,8/22/25 4:50 PM,8/22/25 4:21 PM
395,33,CREDIT,Juan ,Giselle,3.00,12.98,,8/22/25 4:56 PM,8/22/25 3:35 PM
412,,CREDIT,Daniela,Daniela,0.00,14.00,,8/22/25 4:57 PM,8/22/25 4:56 PM
407,32,CREDIT,Juan ,Juan ,3.51,16.49,,8/22/25 5:17 PM,8/22/25 4:31 PM
411,24,CREDIT,Juan ,Juan ,5.00,13.40,,8/22/25 5:18 PM,8/22/25 4:55 PM
413,,CASH,Daniela,Daniela,0.00,31.84,,8/22/25 5:21 PM,8/22/25 5:20 PM
418,,CASH,Daniela,Daniela,0.00,19.46,,8/22/25 5:31 PM,8/22/25 5:31 PM
409,,CREDIT,Daniela,Daniela,0.00,36.09,,8/22/25 5:38 PM,8/22/25 5:33 PM
414,37,CREDIT,Isabel,Isabel,0.00,17.79,,8/22/25 5:40 PM,8/22/25 4:59 PM
423,,CASH,Daniela,Daniela,0.00,5.39,,8/22/25 5:41 PM,8/22/25 5:40 PM
13001,,CREDIT,Daniela,Daniela,0.00,6.26,,8/22/25 5:52 PM,8/22/25 5:51 PM
417,33,CREDIT,Juan ,Juan ,0.00,19.46,,8/22/25 5:53 PM,8/22/25 5:22 PM
416,25,CASH,Giselle,Mayra,0.00,11.83,Front Left,8/22/25 6:02 PM,8/22/25 5:22 PM
410,7,CREDIT,Isabel,Isabel,5.00,38.22,,8/22/25 6:03 PM,8/22/25 4:55 PM
428,,CREDIT,Giselle,Giselle,0.00,16.74,,8/22/25 6:03 PM,8/22/25 6:03 PM
422,32,CREDIT,Juan ,Giselle,0.00,32.93,,8/22/25 6:10 PM,8/22/25 5:40 PM
429,,CREDIT,Daniela,Daniela,0.00,14.97,,8/22/25 6:15 PM,8/22/25 6:14 PM
431,,CASH,Daniela,Daniela,0.00,8.53,,8/22/25 6:21 PM,8/22/25 6:21 PM
421,38,CREDIT,Isabel,Giselle,4.00,22.66,,8/22/25 6:31 PM,8/22/25 5:38 PM
420,17,CASH,Juan ,Juan ,0.00,28.97,,8/22/25 6:36 PM,8/22/25 5:36 PM
425,18,CASH,Juan ,Juan ,0.00,22.71,,8/22/25 6:36 PM,8/22/25 5:53 PM
415,39,CREDIT,Isabel,Giselle,0.00,19.97,,8/22/25 6:39 PM,8/22/25 5:00 PM
435,,CREDIT,Daniela,Daniela,4.00,31.37,,8/22/25 6:40 PM,8/22/25 6:33 PM
426,24,CASH,Isabel,Isabel,0.00,39.75,,8/22/25 6:42 PM,8/22/25 5:57 PM
443,,CREDIT,Daniela,Daniela,0.00,22.48,,8/22/25 6:42 PM,8/22/25 6:42 PM
15001,20,CREDIT,Isabel,Giselle,10.00,54.62,,8/22/25 6:47 PM,8/22/25 6:08 PM
444,,CREDIT,Daniela,Daniela,0.00,10.04,,8/22/25 6:49 PM,8/22/25 6:43 PM
445,,CREDIT,Daniela,Daniela,0.00,6.47,,8/22/25 6:52 PM,8/22/25 6:44 PM
446,,CREDIT,Daniela,Daniela,2.00,20.50,,8/22/25 6:52 PM,8/22/25 6:44 PM
14001,4,CREDIT,Isabel,Isabel,4.00,21.62,,8/22/25 6:54 PM,8/22/25 6:53 PM
424,4,CREDIT,Isabel,Isabel,8.00,80.53,,8/22/25 6:54 PM,8/22/25 5:44 PM
447,,CREDIT,Daniela,Daniela,0.00,37.18,,8/22/25 6:56 PM,8/22/25 6:47 PM
430,25,CREDIT,Juan ,Juan ,10.00,53.55,,8/22/25 6:57 PM,8/22/25 6:18 PM
16001,,CREDIT,Daniela,Daniela,0.00,14.87,,8/22/25 6:57 PM,8/22/25 6:57 PM
441,37,CREDIT,Isabel,Isabel,6.00,19.06,,8/22/25 7:06 PM,8/22/25 6:37 PM
453,,CASH,Daniela,Daniela,0.00,43.27,,8/22/25 7:07 PM,8/22/25 7:04 PM
432,33,CREDIT,Isabel,Giselle,0.00,41.58,,8/22/25 7:09 PM,8/22/25 6:27 PM
438,7,CREDIT,Juan ,Juan ,0.00,51.22,,8/22/25 7:15 PM,8/22/25 6:40 PM
464,,CREDIT,Daniela,Daniela,0.00,23.77,,8/22/25 7:18 PM,8/22/25 7:18 PM
451,38,CREDIT,Giselle,Giselle,7.00,31.55,,8/22/25 7:19 PM,8/22/25 6:54 PM
439,36,CREDIT,Mayra,Mayra,7.00,47.58,,8/22/25 7:19 PM,8/22/25 6:38 PM
465,,CREDIT,Daniela,Daniela,0.00,15.63,,8/22/25 7:28 PM,8/22/25 7:18 PM
466,,CREDIT,Daniela,Daniela,0.00,37.94,,8/22/25 7:31 PM,8/22/25 7:30 PM
468,,CASH,Daniela,Daniela,0.00,19.88,,8/22/25 7:43 PM,8/22/25 7:34 PM
472,,CREDIT,Daniela,Daniela,0.00,14.79,,8/22/25 7:43 PM,8/22/25 7:35 PM
473,,CREDIT,Daniela,Daniela,0.00,11.90,,8/22/25 7:44 PM,8/22/25 7:41 PM
433,32,CASH,Isabel,Isabel,0.00,21.29,,8/22/25 7:48 PM,8/22/25 6:28 PM
434,1,CASH,Juan ,Juan ,0.00,127.01,,8/22/25 7:48 PM,8/22/25 6:30 PM
450,19,CASH,Mayra,Mayra,0.00,55.00,,8/22/25 7:52 PM,8/22/25 6:55 PM
442,23,CASH,Mayra,Mayra,0.00,81.08,,8/22/25 7:54 PM,8/22/25 6:43 PM
458,26,CASH,Mayra,Mayra,0.00,36.84,,8/22/25 7:56 PM,8/22/25 7:01 PM
477,31,CREDIT,Isabel,Isabel,5.00,39.11,,8/22/25 7:57 PM,8/22/25 7:56 PM
463,35,CREDIT,Isabel,Isabel,7.00,26.77,,8/22/25 7:58 PM,8/22/25 7:15 PM
478,31,CREDIT,Isabel,Isabel,3.00,12.97,,8/22/25 7:58 PM,8/22/25 7:57 PM
467,7,CASH,Giselle,Giselle,0.00,27.53,Front Left,8/22/25 7:58 PM,8/22/25 7:31 PM
437,17,CREDIT,Isabel,Isabel,6.00,42.33,,8/22/25 8:00 PM,8/22/25 6:36 PM
454,40,CASH,Juan ,Juan ,0.00,28.17,,8/22/25 8:01 PM,8/22/25 6:59 PM
456,40,CASH,Juan ,Juan ,0.00,39.67,,8/22/25 8:02 PM,8/22/25 6:59 PM
455,40,CASH,Juan ,Juan ,0.00,57.66,,8/22/25 8:03 PM,8/22/25 6:59 PM
457,40,CREDIT,Juan ,Juan ,0.00,30.76,,8/22/25 8:04 PM,8/22/25 6:59 PM
461,40,CREDIT,Juan ,Juan ,0.00,23.07,,8/22/25 8:05 PM,8/22/25 7:02 PM
460,40,CREDIT,Juan ,Juan ,0.00,39.56,,8/22/25 8:05 PM,8/22/25 7:02 PM
459,40,CASH,Juan ,Juan ,0.00,33.30,,8/22/25 8:10 PM,8/22/25 7:02 PM
462,40,CASH,Juan ,Juan ,0.00,8.97,,8/22/25 8:10 PM,8/22/25 7:03 PM
475,33,CREDIT,Juan ,Juan ,10.00,30.47,,8/22/25 8:10 PM,8/22/25 7:40 PM
474,25,CREDIT,Isabel,,4.00,32.09,,8/22/25 8:16 PM,8/22/25 7:38 PM
470,37,CREDIT,Mayra,Mayra,8.00,45.43,,8/22/25 8:18 PM,8/22/25 7:33 PM
479,,CASH,Giselle,Giselle,0.00,42.18,Front Left,8/22/25 8:22 PM,8/22/25 8:21 PM
469,9,CREDIT,Isabel,Isabel,10.00,63.47,,8/22/25 8:23 PM,8/22/25 7:32 PM
482,9,CREDIT,Isabel,Isabel,5.00,21.63,,8/22/25 8:23 PM,8/22/25 8:22 PM
471,4,CREDIT,Isabel,Isabel,20.00,132.12,,8/22/25 8:25 PM,8/22/25 7:33 PM
484,,CREDIT,Daniela,Daniela,10.00,17.72,,8/22/25 8:37 PM,8/22/25 8:36 PM
436,31,CREDIT,Isabel,Isabel,10.00,44.96,,8/22/25 8:41 PM,8/22/25 6:32 PM
485,31,CREDIT,Isabel,,2.58,13.94,,8/22/25 8:42 PM,8/22/25 8:39 PM
489,,CASH,Giselle,Giselle,0.00,1.08,Front Left,8/22/25 8:45 PM,8/22/25 8:45 PM
480,,CREDIT,Mayra,Giselle,0.00,12.98,,8/22/25 8:56 PM,8/22/25 8:21 PM
493,,CASH,Daniela,Daniela,0.00,66.25,,8/22/25 9:00 PM,8/22/25 9:00 PM
481,36,CASH,Isabel,Isabel,0.00,22.87,,8/22/25 9:02 PM,8/22/25 8:20 PM
494,24,CREDIT,Giselle,Giselle,0.00,37.84,,8/22/25 9:11 PM,8/22/25 9:10 PM
476,24,CREDIT,Giselle,Giselle,10.00,42.17,,8/22/25 9:12 PM,8/22/25 7:42 PM
483,23,CREDIT,Isabel,Isabel,5.00,33.33,,8/22/25 9:12 PM,8/22/25 8:34 PM
495,24,CREDIT,Giselle,Giselle,3.00,18.37,,8/22/25 9:12 PM,8/22/25 9:10 PM
496,24,CASH,Giselle,Giselle,0.00,18.04,Front Left,8/22/25 9:13 PM,8/22/25 9:10 PM
488,7,CREDIT,Juan ,Juan ,7.00,39.95,,8/22/25 9:15 PM,8/22/25 8:44 PM
498,,CREDIT,Daniela,Daniela,0.00,33.08,,8/22/25 9:32 PM,8/22/25 9:31 PM
487,11,CREDIT,Juan ,Juan ,0.00,38.28,,8/22/25 9:33 PM,8/22/25 8:43 PM
491,15,CREDIT,Isabel,Isabel,0.00,27.04,,8/22/25 9:40 PM,8/22/25 8:52 PM
490,37,CREDIT,Isabel,,5.00,8.64,,8/22/25 9:48 PM,8/22/25 8:50 PM
497,32,CREDIT,Isabel,Isabel,5.00,25.30,,8/22/25 9:49 PM,8/22/25 9:27 PM
499,,CREDIT,Daniela,Daniela,3.00,34.56,,8/22/25 9:52 PM,8/22/25 9:51 PM
,,TIP_OUT,Giselle,Giselle,-20.00,0.00,House,8/22/25 9:58 PM,8/22/25 9:58 PM
,,CASH_COLLECTED,Daniela,Daniela,0.00,267.45*,House,8/22/25 10:00 PM,8/22/25 10:00 PM
,,TIP_OUT,Daniela,Daniela,-24.00,0.00,House,8/22/25 10:00 PM,8/22/25 10:00 PM
,,CASH_COLLECTED,Isabel,Isabel,0.00,124.62*,House,8/22/25 10:36 PM,8/22/25 10:36 PM
,,TIP_OUT,Isabel,Isabel,-177.12,0.00,House,8/22/25 10:36 PM,8/22/25 10:36 PM
,,CASH_COLLECTED,Juan ,Juan ,0.00,346.46*,House,8/22/25 11:02 PM,8/22/25 11:02 PM
,,TIP_OUT,Juan ,Juan ,-86.24,0.00,House,8/22/25 11:02 PM,8/22/25 11:02 PM
,,PAY_OUT,Mayra,,0.00,-95.97,House,8/22/25 11:03 PM,8/22/25 11:03 PM
,,PAY_OUT,Mayra,,0.00,-450.15,House,8/22/25 11:04 PM,8/22/25 11:04 PM
,,CASH_COLLECTED,Mayra,Mayra,0.00,172.92*,House,8/22/25 11:14 PM,8/22/25 11:14 PM
,,TIP_OUT,Mayra,Mayra,-15.00,0.00,House,8/22/25 11:14 PM,8/22/25 11:14 PM
,,CLOSE_OUT_EXACT,Mayra,,0.00,0.00,Front Left,8/22/25 11:18 PM,8/22/25 11:18 PM
,,CLOSE_OUT_EXACT,Mayra,,0.00,0.00,Drive Box,8/22/25 11:18 PM,8/22/25 11:18 PM
,,TOTAL,,,-157.17,8710.95,,,
