Employee,Job Title,In Date,Out Date,Auto Clock-out,Total Hours,Unpaid Break Time,Paid Break Time,Payable Hours
"Aviles, Genaro",Cook,8/22/25 5:26 AM,8/22/25 3:44 PM,No,10.29,0.00,0.00,10.29
"Diaz, Diego",Cook,8/22/25 5:31 AM,8/22/25 2:20 PM,No,8.82,0.00,0.00,8.82
"Dominguez, Jose ",Cook,8/22/25 5:43 AM,8/22/25 2:11 PM,No,8.47,0.00,0.00,8.47
"Alvarado, Rodolfo",Cook,8/22/25 5:57 AM,8/22/25 2:08 PM,No,8.17,0.00,0.00,8.17
"Vasquez, Norma",Server,8/22/25 6:14 AM,8/22/25 2:40 PM,No,8.44,0.00,0.00,8.44
"Del angel , Candy ",Drive-Thru,8/22/25 6:19 AM,8/22/25 2:06 PM,No,7.78,0.00,0.00,7.78
"ORDONEZ, Rosie ",Shift Manager / Assistant Manager,8/22/25 6:44 AM,8/22/25 2:24 PM,No,7.67,0.00,0.00,7.67
"Brito, Victor ",Regular,8/22/25 7:00 AM,8/22/25 2:09 PM,No,7.15,0.00,0.00,7.15
"Zuniga, Sebastian",Cook,8/22/25 7:01 AM,8/22/25 2:13 PM,No,7.20,0.00,0.00,7.20
"Caviedes, Esperansa",Server,8/22/25 7:32 AM,8/22/25 2:44 PM,No,7.19,0.00,0.00,7.19
"Compean, Rosa",Server,8/22/25 7:47 AM,8/22/25 2:45 PM,No,6.96,0.00,0.00,6.96
"Hernandez, Silvia",Server,8/22/25 7:49 AM,8/22/25 1:48 PM,No,5.98,0.00,0.00,5.98
"Majana, Maria",Host,8/22/25 8:01 AM,8/22/25 1:58 PM,No,5.96,0.00,0.00,5.96
"huerta, Arturo ",Dishwasher,8/22/25 8:03 AM,8/22/25 2:30 PM,No,6.45,0.00,0.00,6.45
"Serrato, Joshua ",Busser,8/22/25 9:05 AM,8/22/25 2:15 PM,No,5.17,0.00,0.00,5.17
"Calderon, Jesus",Cook,8/22/25 1:59 PM,8/22/25 10:00 PM,No,8.02,0.00,0.00,8.02
"Gonzales (Line) , Maria",Cook,8/22/25 2:01 PM,8/22/25 10:01 PM,No,8.00,0.00,0.00,8.00
"Torres, Daniela",Drive-Thru,8/22/25 2:03 PM,8/22/25 10:03 PM,No,7.99,0.00,0.00,7.99
"Luna, Mayra",Shift Manager / Assistant Manager,8/22/25 2:06 PM,8/22/25 11:34 PM,No,9.46,0.00,0.00,9.46
"Rueda, Jonathan",Busser,8/22/25 2:10 PM,8/22/25 10:27 PM,No,8.27,0.00,0.00,8.27
"Camacho, Juan ",Server,8/22/25 2:11 PM,8/22/25 11:34 PM,No,9.39,0.00,0.00,9.39
"Cisneros, Isabel",Server,8/22/25 2:12 PM,8/22/25 11:02 PM,No,8.82,0.00,0.00,8.82
"Cisneross, Giselle",Host,8/22/25 2:15 PM,8/22/25 10:08 PM,No,7.88,0.00,0.00,7.88
"CANDELA, OLIVIA",Tortillero,8/22/25 2:16 PM,8/22/25 10:11 PM,No,7.91,0.00,0.00,7.91
"Trevino, Melissa",Dishwasher,8/22/25 2:20 PM,8/22/25 10:05 PM,No,7.74,0.00,0.00,7.74
