Location,Server,Check #,Table,Station,Expediter Level,Fired Date,Fulfilled Date,Fulfillment Time,Fulfilled By
12060 Potranco Road,Nadia Reyes,5,,Food,,8/11/25 6:33 AM,8/11/25 6:41 AM,7 minutes and 50 seconds,KDS - Login Don't Delete
12060 Potranco Road,Nadia Reyes,5,,Drive Thru,,8/11/25 6:33 AM,8/11/25 6:41 AM,7 minutes and 50 seconds,KDS - Login Don't Delete
12060 Potranco Road,Nadia Reyes,3,,Food,,8/11/25 6:26 AM,8/11/25 6:41 AM,15 minutes and 12 seconds,KDS - Login Don't Delete
12060 Potranco Road,Nadia Reyes,3,,Drive Thru,,8/11/25 6:26 AM,8/11/25 6:41 AM,15 minutes and 12 seconds,KDS - Login Don't Delete
12060 Potranco Road,Nadia Reyes,6,,Food,,8/11/25 6:44 AM,8/11/25 6:48 AM,3 minutes and 46 seconds,KDS - Login Don't Delete
12060 Potranco Road,Nadia Reyes,6,,Drive Thru,,8/11/25 6:44 AM,8/11/25 6:48 AM,3 minutes and 46 seconds,KDS - Login Don't Delete
12060 Potranco Road,Sugey Cabrera,8,1,Food,,8/11/25 6:40 AM,8/11/25 6:49 AM,9 minutes and 27 seconds,KDS - Login Don't Delete
12060 Potranco Road,Sugey Cabrera,8,1,No Print,,8/11/25 6:40 AM,8/11/25 6:49 AM,9 minutes and 27 seconds,KDS - Login Don't Delete
12060 Potranco Road,Sugey Cabrera,8,1,Food,,8/11/25 6:40 AM,8/11/25 6:49 AM,9 minutes and 5 seconds,KDS - Login Don't Delete
12060 Potranco Road,Sugey Cabrera,8,1,No Print,,8/11/25 6:40 AM,8/11/25 6:49 AM,9 minutes and 5 seconds,KDS - Login Don't Delete
12060 Potranco Road,Sugey Cabrera,8,1,,1,8/11/25 6:49 AM,8/11/25 6:51 AM,1 minute and 25 seconds,KDS - Login Don't Delete
12060 Potranco Road,Sugey Cabrera,7,,,1,8/11/25 6:38 AM,8/11/25 6:51 AM,12 minutes and 33 seconds,KDS - Login Don't Delete
12060 Potranco Road,Sugey Cabrera,8,1,,1,8/11/25 6:49 AM,8/11/25 6:51 AM,1 minute and 24 seconds,KDS - Login Don't Delete
12060 Potranco Road,Nadia Reyes,5,,Food,,8/11/25 6:51 AM,8/11/25 7:01 AM,10 minutes and 3 seconds,KDS - Login Don't Delete
12060 Potranco Road,Nadia Reyes,5,,Drive Thru,,8/11/25 6:51 AM,8/11/25 7:01 AM,10 minutes and 3 seconds,KDS - Login Don't Delete
12060 Potranco Road,Nadia Reyes,10,,Food,,8/11/25 7:00 AM,8/11/25 7:01 AM,1 minute and 28 seconds,KDS - Login Don't Delete
12060 Potranco Road,Nadia Reyes,10,,Drive Thru,,8/11/25 7:00 AM,8/11/25 7:01 AM,1 minute and 28 seconds,KDS - Login Don't Delete
12060 Potranco Road,Sugey Cabrera,9,,Drive Thru,,8/11/25 6:56 AM,8/11/25 7:03 AM,6 minutes and 51 seconds,KDS - Login Don't Delete
12060 Potranco Road,Sugey Cabrera,9,,Food,,8/11/25 6:56 AM,8/11/25 7:03 AM,6 minutes and 51 seconds,KDS - Login Don't Delete
12060 Potranco Road,Nadia Reyes,11,,Drive Thru,,8/11/25 7:03 AM,8/11/25 7:04 AM,1 minute and 20 seconds,KDS - Login Don't Delete
12060 Potranco Road,Nadia Reyes,11,,Food,,8/11/25 7:03 AM,8/11/25 7:04 AM,1 minute and 20 seconds,KDS - Login Don't Delete
12060 Potranco Road,Nadia Reyes,13,,Food,,8/11/25 7:08 AM,8/11/25 7:15 AM,6 minutes and 22 seconds,KDS - Login Don't Delete
12060 Potranco Road,Nadia Reyes,13,,Drive Thru,,8/11/25 7:08 AM,8/11/25 7:15 AM,6 minutes and 22 seconds,KDS - Login Don't Delete
12060 Potranco Road,Nadia Reyes,14,,Food,,8/11/25 7:15 AM,8/11/25 7:18 AM,3 minutes and 27 seconds,KDS - Login Don't Delete
12060 Potranco Road,Nadia Reyes,14,,Drive Thru,,8/11/25 7:15 AM,8/11/25 7:18 AM,3 minutes and 27 seconds,KDS - Login Don't Delete
12060 Potranco Road,Nadia Reyes,15,,Food,,8/11/25 7:16 AM,8/11/25 7:20 AM,3 minutes and 58 seconds,KDS - Login Don't Delete
12060 Potranco Road,Nadia Reyes,15,,Drive Thru,,8/11/25 7:16 AM,8/11/25 7:20 AM,3 minutes and 58 seconds,KDS - Login Don't Delete
12060 Potranco Road,Nadia Reyes,16,,Food,,8/11/25 7:25 AM,8/11/25 7:31 AM,5 minutes and 35 seconds,KDS - Login Don't Delete
12060 Potranco Road,Nadia Reyes,16,,Drive Thru,,8/11/25 7:25 AM,8/11/25 7:31 AM,5 minutes and 35 seconds,KDS - Login Don't Delete
12060 Potranco Road,Nadia Reyes,17,,Food,,8/11/25 7:27 AM,8/11/25 7:31 AM,3 minutes and 26 seconds,KDS - Login Don't Delete
12060 Potranco Road,Nadia Reyes,17,,Drive Thru,,8/11/25 7:27 AM,8/11/25 7:31 AM,3 minutes and 26 seconds,KDS - Login Don't Delete
12060 Potranco Road,Nadia Reyes,18,,Food,,8/11/25 7:29 AM,8/11/25 7:33 AM,3 minutes and 51 seconds,KDS - Login Don't Delete
12060 Potranco Road,Nadia Reyes,18,,Drive Thru,,8/11/25 7:29 AM,8/11/25 7:33 AM,3 minutes and 51 seconds,KDS - Login Don't Delete
12060 Potranco Road,Sugey Cabrera,20,16,Food,,8/11/25 7:29 AM,8/11/25 7:34 AM,4 minutes and 21 seconds,KDS - Login Don't Delete
12060 Potranco Road,Nadia Reyes,19,,Food,,8/11/25 7:29 AM,8/11/25 7:34 AM,5 minutes and 14 seconds,KDS - Login Don't Delete
12060 Potranco Road,Nadia Reyes,19,,Drive Thru,,8/11/25 7:29 AM,8/11/25 7:34 AM,5 minutes and 14 seconds,KDS - Login Don't Delete
12060 Potranco Road,Sugey Cabrera,22,11,Food,,8/11/25 7:32 AM,8/11/25 7:36 AM,3 minutes and 47 seconds,KDS - Login Don't Delete
12060 Potranco Road,Sugey Cabrera,22,11,No Print,,8/11/25 7:32 AM,8/11/25 7:36 AM,3 minutes and 47 seconds,KDS - Login Don't Delete
12060 Potranco Road,Sugey Cabrera,23,,Drive Thru,,8/11/25 7:34 AM,8/11/25 7:37 AM,2 minutes and 37 seconds,KDS - Login Don't Delete
12060 Potranco Road,Sugey Cabrera,23,,Food,,8/11/25 7:34 AM,8/11/25 7:37 AM,2 minutes and 37 seconds,KDS - Login Don't Delete
12060 Potranco Road,Nadia Reyes,27,,Food,,8/11/25 7:43 AM,8/11/25 7:47 AM,4 minutes and 18 seconds,KDS - Login Don't Delete
12060 Potranco Road,Nadia Reyes,27,,Drive Thru,,8/11/25 7:43 AM,8/11/25 7:47 AM,4 minutes and 18 seconds,KDS - Login Don't Delete
12060 Potranco Road,Sugey Cabrera,9,,,1,8/11/25 7:03 AM,8/11/25 7:50 AM,46 minutes and 56 seconds,KDS - Login Don't Delete
12060 Potranco Road,Sugey Cabrera,20,16,,1,8/11/25 7:34 AM,8/11/25 7:50 AM,15 minutes and 52 seconds,KDS - Login Don't Delete
12060 Potranco Road,Sugey Cabrera,22,11,,1,8/11/25 7:36 AM,8/11/25 7:50 AM,13 minutes and 44 seconds,KDS - Login Don't Delete
12060 Potranco Road,Sugey Cabrera,26,23,Food,,8/11/25 7:40 AM,8/11/25 7:50 AM,9 minutes and 39 seconds,KDS - Login Don't Delete
12060 Potranco Road,Sugey Cabrera,26,23,No Print,,8/11/25 7:40 AM,8/11/25 7:50 AM,9 minutes and 39 seconds,KDS - Login Don't Delete
12060 Potranco Road,Sugey Cabrera,23,,,1,8/11/25 7:37 AM,8/11/25 7:50 AM,12 minutes and 44 seconds,KDS - Login Don't Delete
12060 Potranco Road,Sugey Cabrera,26,23,,1,8/11/25 7:50 AM,8/11/25 7:50 AM,9 seconds,KDS - Login Don't Delete
12060 Potranco Road,Sugey Cabrera,30,3,Food,,8/11/25 7:45 AM,8/11/25 7:52 AM,6 minutes and 18 seconds,KDS - Login Don't Delete
12060 Potranco Road,Sugey Cabrera,30,3,No Print,,8/11/25 7:45 AM,8/11/25 7:52 AM,6 minutes and 18 seconds,KDS - Login Don't Delete
12060 Potranco Road,Sugey Cabrera,29,2,Food,,8/11/25 7:45 AM,8/11/25 7:54 AM,8 minutes and 57 seconds,KDS - Login Don't Delete
12060 Potranco Road,Sugey Cabrera,29,2,No Print,,8/11/25 7:45 AM,8/11/25 7:54 AM,8 minutes and 57 seconds,KDS - Login Don't Delete
12060 Potranco Road,Sugey Cabrera,24,,Drive Thru,,8/11/25 7:39 AM,8/11/25 7:54 AM,14 minutes and 57 seconds,KDS - Login Don't Delete
12060 Potranco Road,Sugey Cabrera,24,,Food,,8/11/25 7:39 AM,8/11/25 7:54 AM,14 minutes and 57 seconds,KDS - Login Don't Delete
12060 Potranco Road,Nadia Reyes,31,,Food,,8/11/25 7:49 AM,8/11/25 7:55 AM,5 minutes and 14 seconds,KDS - Login Don't Delete
12060 Potranco Road,Nadia Reyes,31,,Drive Thru,,8/11/25 7:49 AM,8/11/25 7:55 AM,5 minutes and 14 seconds,KDS - Login Don't Delete
12060 Potranco Road,Nadia Reyes,32,,Food,,8/11/25 7:53 AM,8/11/25 7:57 AM,3 minutes and 20 seconds,KDS - Login Don't Delete
12060 Potranco Road,Nadia Reyes,32,,Drive Thru,,8/11/25 7:53 AM,8/11/25 7:57 AM,3 minutes and 20 seconds,KDS - Login Don't Delete
12060 Potranco Road,Nadia Reyes,36,,Food,,8/11/25 7:56 AM,8/11/25 8:00 AM,4 minutes and 7 seconds,KDS - Login Don't Delete
12060 Potranco Road,Nadia Reyes,36,,Drive Thru,,8/11/25 7:56 AM,8/11/25 8:00 AM,4 minutes and 7 seconds,KDS - Login Don't Delete
12060 Potranco Road,Sugey Cabrera,20,16,Food,,8/11/25 8:01 AM,8/11/25 8:01 AM,16 seconds,KDS - Login Don't Delete
12060 Potranco Road,Gabriel Tovar ,34,34,Food,,8/11/25 7:58 AM,8/11/25 8:04 AM,6 minutes and 21 seconds,KDS - Login Don't Delete
12060 Potranco Road,Gabriel Tovar ,34,34,No Print,,8/11/25 7:58 AM,8/11/25 8:04 AM,6 minutes and 21 seconds,KDS - Login Don't Delete
12060 Potranco Road,Sugey Cabrera,35,15,Food,,8/11/25 7:57 AM,8/11/25 8:04 AM,7 minutes and 18 seconds,KDS - Login Don't Delete
12060 Potranco Road,Sugey Cabrera,35,15,No Print,,8/11/25 7:57 AM,8/11/25 8:04 AM,7 minutes and 18 seconds,KDS - Login Don't Delete
12060 Potranco Road,Nadia Reyes,37,,Food,,8/11/25 8:00 AM,8/11/25 8:04 AM,4 minutes and 37 seconds,KDS - Login Don't Delete
12060 Potranco Road,Nadia Reyes,37,,Drive Thru,,8/11/25 8:00 AM,8/11/25 8:04 AM,4 minutes and 37 seconds,KDS - Login Don't Delete
12060 Potranco Road,Nadia Reyes,39,,Food,,8/11/25 8:04 AM,8/11/25 8:07 AM,3 minutes and 15 seconds,KDS - Login Don't Delete
12060 Potranco Road,Nadia Reyes,39,,Drive Thru,,8/11/25 8:04 AM,8/11/25 8:07 AM,3 minutes and 15 seconds,KDS - Login Don't Delete
12060 Potranco Road,Nadia Reyes,40,,Food,,8/11/25 8:05 AM,8/11/25 8:08 AM,2 minutes and 25 seconds,KDS - Login Don't Delete
12060 Potranco Road,Nadia Reyes,40,,Drive Thru,,8/11/25 8:05 AM,8/11/25 8:08 AM,2 minutes and 25 seconds,KDS - Login Don't Delete
12060 Potranco Road,Sugey Cabrera,29,2,,1,8/11/25 7:54 AM,8/11/25 8:08 AM,14 minutes and 10 seconds,KDS - Login Don't Delete
12060 Potranco Road,Sugey Cabrera,35,15,,1,8/11/25 8:04 AM,8/11/25 8:08 AM,3 minutes and 45 seconds,KDS - Login Don't Delete
12060 Potranco Road,Sugey Cabrera,30,3,,1,8/11/25 7:52 AM,8/11/25 8:08 AM,16 minutes and 8 seconds,KDS - Login Don't Delete
12060 Potranco Road,Sugey Cabrera,20,16,,1,8/11/25 8:01 AM,8/11/25 8:08 AM,6 minutes and 35 seconds,KDS - Login Don't Delete
12060 Potranco Road,Gabriel Tovar ,34,34,,1,8/11/25 8:04 AM,8/11/25 8:08 AM,4 minutes and 2 seconds,KDS - Login Don't Delete
12060 Potranco Road,Leticia Roman,46,23,Food,,8/11/25 8:08 AM,8/11/25 8:13 AM,5 minutes and 36 seconds,KDS - Login Don't Delete
12060 Potranco Road,Leticia Roman,46,23,No Print,,8/11/25 8:08 AM,8/11/25 8:13 AM,5 minutes and 36 seconds,KDS - Login Don't Delete
12060 Potranco Road,Gabriel Tovar ,38,14,Food,,8/11/25 8:02 AM,8/11/25 8:13 AM,10 minutes and 58 seconds,KDS - Login Don't Delete
12060 Potranco Road,Gabriel Tovar ,38,14,No Print,,8/11/25 8:02 AM,8/11/25 8:13 AM,10 minutes and 58 seconds,KDS - Login Don't Delete
12060 Potranco Road,Nadia Reyes,44,,Food,,8/11/25 8:06 AM,8/11/25 8:14 AM,7 minutes and 30 seconds,KDS - Login Don't Delete
12060 Potranco Road,Nadia Reyes,44,,Drive Thru,,8/11/25 8:06 AM,8/11/25 8:14 AM,7 minutes and 30 seconds,KDS - Login Don't Delete
12060 Potranco Road,Sugey Cabrera,43,5,Food,,8/11/25 8:07 AM,8/11/25 8:14 AM,7 minutes and 43 seconds,KDS - Login Don't Delete
12060 Potranco Road,Sugey Cabrera,43,5,No Print,,8/11/25 8:07 AM,8/11/25 8:14 AM,7 minutes and 43 seconds,KDS - Login Don't Delete
12060 Potranco Road,Sugey Cabrera,50,18,Food,,8/11/25 8:12 AM,8/11/25 8:14 AM,2 minutes and 21 seconds,KDS - Login Don't Delete
12060 Potranco Road,Sugey Cabrera,50,18,No Print,,8/11/25 8:12 AM,8/11/25 8:14 AM,2 minutes and 21 seconds,KDS - Login Don't Delete
12060 Potranco Road,Gabriel Tovar ,47,1,Food,,8/11/25 8:10 AM,8/11/25 8:18 AM,7 minutes and 28 seconds,KDS - Login Don't Delete
12060 Potranco Road,Gabriel Tovar ,47,1,No Print,,8/11/25 8:10 AM,8/11/25 8:18 AM,7 minutes and 28 seconds,KDS - Login Don't Delete
12060 Potranco Road,Sugey Cabrera,53,12,Food,,8/11/25 8:17 AM,8/11/25 8:18 AM,56 seconds,KDS - Login Don't Delete
12060 Potranco Road,Sugey Cabrera,53,12,No Print,,8/11/25 8:17 AM,8/11/25 8:18 AM,56 seconds,KDS - Login Don't Delete
12060 Potranco Road,Sugey Cabrera,50,18,,1,8/11/25 8:14 AM,8/11/25 8:19 AM,4 minutes and 34 seconds,KDS - Login Don't Delete
12060 Potranco Road,Sugey Cabrera,53,12,,1,8/11/25 8:18 AM,8/11/25 8:19 AM,39 seconds,KDS - Login Don't Delete
12060 Potranco Road,Sugey Cabrera,43,5,,1,8/11/25 8:14 AM,8/11/25 8:19 AM,4 minutes and 49 seconds,KDS - Login Don't Delete
12060 Potranco Road,Gabriel Tovar ,52,7,Food,,8/11/25 8:15 AM,8/11/25 8:21 AM,5 minutes and 32 seconds,KDS - Login Don't Delete
12060 Potranco Road,Gabriel Tovar ,52,7,No Print,,8/11/25 8:15 AM,8/11/25 8:21 AM,5 minutes and 32 seconds,KDS - Login Don't Delete
12060 Potranco Road,Sugey Cabrera,51,8,Food,,8/11/25 8:13 AM,8/11/25 8:21 AM,7 minutes and 15 seconds,KDS - Login Don't Delete
12060 Potranco Road,Sugey Cabrera,51,8,No Print,,8/11/25 8:13 AM,8/11/25 8:21 AM,7 minutes and 15 seconds,KDS - Login Don't Delete
12060 Potranco Road,Nadia Reyes,48,,Food,,8/11/25 8:11 AM,8/11/25 8:21 AM,9 minutes and 51 seconds,KDS - Login Don't Delete
12060 Potranco Road,Nadia Reyes,48,,Drive Thru,,8/11/25 8:11 AM,8/11/25 8:21 AM,9 minutes and 51 seconds,KDS - Login Don't Delete
12060 Potranco Road,Leticia Roman,54,20,Food,,8/11/25 8:20 AM,8/11/25 8:25 AM,4 minutes and 47 seconds,KDS - Login Don't Delete
12060 Potranco Road,Leticia Roman,54,20,No Print,,8/11/25 8:20 AM,8/11/25 8:25 AM,4 minutes and 47 seconds,KDS - Login Don't Delete
12060 Potranco Road,Sugey Cabrera,51,8,,1,8/11/25 8:21 AM,8/11/25 8:26 AM,5 minutes and 13 seconds,KDS - Login Don't Delete
12060 Potranco Road,Nadia Reyes,57,,Food,,8/11/25 8:24 AM,8/11/25 8:29 AM,4 minutes and 58 seconds,KDS - Login Don't Delete
12060 Potranco Road,Nadia Reyes,57,,Drive Thru,,8/11/25 8:24 AM,8/11/25 8:29 AM,4 minutes and 58 seconds,KDS - Login Don't Delete
12060 Potranco Road,Gabriel Tovar ,55,,Drive Thru,,8/11/25 8:22 AM,8/11/25 8:31 AM,9 minutes and 13 seconds,KDS - Login Don't Delete
12060 Potranco Road,Gabriel Tovar ,55,,Food,,8/11/25 8:22 AM,8/11/25 8:31 AM,9 minutes and 13 seconds,KDS - Login Don't Delete
12060 Potranco Road,Gabriel Tovar ,56,,Drive Thru,,8/11/25 8:23 AM,8/11/25 8:31 AM,7 minutes and 56 seconds,KDS - Login Don't Delete
12060 Potranco Road,Gabriel Tovar ,56,,Food,,8/11/25 8:23 AM,8/11/25 8:31 AM,7 minutes and 56 seconds,KDS - Login Don't Delete
12060 Potranco Road,Gabriel Tovar ,38,14,Food,,8/11/25 8:30 AM,8/11/25 8:31 AM,1 minute and 31 seconds,KDS - Login Don't Delete
12060 Potranco Road,Gabriel Tovar ,38,14,No Print,,8/11/25 8:30 AM,8/11/25 8:31 AM,1 minute and 31 seconds,KDS - Login Don't Delete
12060 Potranco Road,Nadia Reyes,58,,Food,,8/11/25 8:27 AM,8/11/25 8:33 AM,5 minutes and 48 seconds,KDS - Login Don't Delete
12060 Potranco Road,Nadia Reyes,58,,Drive Thru,,8/11/25 8:27 AM,8/11/25 8:33 AM,5 minutes and 48 seconds,KDS - Login Don't Delete
12060 Potranco Road,Nadia Reyes,59,,Food,,8/11/25 8:29 AM,8/11/25 8:34 AM,5 minutes and 1 second,KDS - Login Don't Delete
12060 Potranco Road,Nadia Reyes,59,,Drive Thru,,8/11/25 8:29 AM,8/11/25 8:34 AM,5 minutes and 1 second,KDS - Login Don't Delete
12060 Potranco Road,Gabriel Tovar ,47,1,,1,8/11/25 8:18 AM,8/11/25 8:34 AM,16 minutes and 42 seconds,KDS - Login Don't Delete
12060 Potranco Road,Sugey Cabrera,24,,,1,8/11/25 7:54 AM,8/11/25 8:34 AM,39 minutes and 46 seconds,KDS - Login Don't Delete
12060 Potranco Road,Gabriel Tovar ,38,14,,1,8/11/25 8:13 AM,8/11/25 8:34 AM,20 minutes and 47 seconds,KDS - Login Don't Delete
12060 Potranco Road,Leticia Roman,46,23,,1,8/11/25 8:13 AM,8/11/25 8:34 AM,20 minutes and 49 seconds,KDS - Login Don't Delete
12060 Potranco Road,Gabriel Tovar ,52,7,,1,8/11/25 8:21 AM,8/11/25 8:34 AM,13 minutes and 38 seconds,KDS - Login Don't Delete
12060 Potranco Road,Leticia Roman,54,20,,1,8/11/25 8:25 AM,8/11/25 8:34 AM,9 minutes and 28 seconds,KDS - Login Don't Delete
12060 Potranco Road,Nadia Reyes,60,,Food,,8/11/25 8:31 AM,8/11/25 8:36 AM,4 minutes and 59 seconds,KDS - Login Don't Delete
12060 Potranco Road,Nadia Reyes,60,,Drive Thru,,8/11/25 8:31 AM,8/11/25 8:36 AM,4 minutes and 59 seconds,KDS - Login Don't Delete
12060 Potranco Road,Leticia Roman,41,21,Food,,8/11/25 8:26 AM,8/11/25 8:36 AM,10 minutes and 28 seconds,KDS - Login Don't Delete
12060 Potranco Road,Leticia Roman,41,21,No Print,,8/11/25 8:26 AM,8/11/25 8:36 AM,10 minutes and 28 seconds,KDS - Login Don't Delete
12060 Potranco Road,Leticia Roman,61,29,Food,,8/11/25 8:32 AM,8/11/25 8:38 AM,5 minutes and 26 seconds,KDS - Login Don't Delete
12060 Potranco Road,Leticia Roman,61,29,No Print,,8/11/25 8:32 AM,8/11/25 8:38 AM,5 minutes and 26 seconds,KDS - Login Don't Delete
12060 Potranco Road,Leticia Roman,41,21,,1,8/11/25 8:36 AM,8/11/25 8:39 AM,2 minutes and 12 seconds,KDS - Login Don't Delete
12060 Potranco Road,Nadia Reyes,62,,Food,,8/11/25 8:32 AM,8/11/25 8:39 AM,7 minutes and 46 seconds,KDS - Login Don't Delete
12060 Potranco Road,Nadia Reyes,62,,Drive Thru,,8/11/25 8:32 AM,8/11/25 8:39 AM,7 minutes and 46 seconds,KDS - Login Don't Delete
12060 Potranco Road,Nadia Reyes,66,,Food,,8/11/25 8:35 AM,8/11/25 8:42 AM,6 minutes and 35 seconds,KDS - Login Don't Delete
12060 Potranco Road,Nadia Reyes,66,,Drive Thru,,8/11/25 8:35 AM,8/11/25 8:42 AM,6 minutes and 35 seconds,KDS - Login Don't Delete
12060 Potranco Road,Gabriel Tovar ,65,4,Food,,8/11/25 8:35 AM,8/11/25 8:43 AM,8 minutes and 2 seconds,KDS - Login Don't Delete
12060 Potranco Road,Gabriel Tovar ,65,4,No Print,,8/11/25 8:35 AM,8/11/25 8:43 AM,8 minutes and 2 seconds,KDS - Login Don't Delete
12060 Potranco Road,Sugey Cabrera,64,3,Food,,8/11/25 8:37 AM,8/11/25 8:43 AM,6 minutes and 51 seconds,KDS - Login Don't Delete
12060 Potranco Road,Sugey Cabrera,64,3,No Print,,8/11/25 8:37 AM,8/11/25 8:43 AM,6 minutes and 51 seconds,KDS - Login Don't Delete
12060 Potranco Road,Nadia Reyes,63,,Food,,8/11/25 8:34 AM,8/11/25 8:43 AM,9 minutes and 11 seconds,KDS - Login Don't Delete
12060 Potranco Road,Nadia Reyes,63,,Drive Thru,,8/11/25 8:34 AM,8/11/25 8:43 AM,9 minutes and 11 seconds,KDS - Login Don't Delete
12060 Potranco Road,Nadia Reyes,63,,No Print,,8/11/25 8:34 AM,8/11/25 8:43 AM,9 minutes and 11 seconds,KDS - Login Don't Delete
12060 Potranco Road,Nadia Reyes,63,,Drinks,,8/11/25 8:34 AM,8/11/25 8:43 AM,9 minutes and 11 seconds,KDS - Login Don't Delete
12060 Potranco Road,Gabriel Tovar ,67,11,Food,,8/11/25 8:39 AM,8/11/25 8:44 AM,5 minutes and 8 seconds,KDS - Login Don't Delete
12060 Potranco Road,Gabriel Tovar ,67,11,No Print,,8/11/25 8:39 AM,8/11/25 8:44 AM,5 minutes and 8 seconds,KDS - Login Don't Delete
12060 Potranco Road,Sugey Cabrera,68,16,Food,,8/11/25 8:40 AM,8/11/25 8:45 AM,5 minutes and 40 seconds,KDS - Login Don't Delete
12060 Potranco Road,Sugey Cabrera,68,16,No Print,,8/11/25 8:40 AM,8/11/25 8:45 AM,5 minutes and 40 seconds,KDS - Login Don't Delete
12060 Potranco Road,Sugey Cabrera,64,3,,1,8/11/25 8:43 AM,8/11/25 8:46 AM,2 minutes and 32 seconds,KDS - Login Don't Delete
12060 Potranco Road,Gabriel Tovar ,67,11,,1,8/11/25 8:44 AM,8/11/25 8:46 AM,2 minutes and 1 second,KDS - Login Don't Delete
12060 Potranco Road,Sugey Cabrera,68,16,,1,8/11/25 8:45 AM,8/11/25 8:46 AM,52 seconds,KDS - Login Don't Delete
12060 Potranco Road,Sugey Cabrera,64,3,Food,,8/11/25 8:46 AM,8/11/25 8:46 AM,29 seconds,KDS - Login Don't Delete
12060 Potranco Road,Sugey Cabrera,64,3,No Print,,8/11/25 8:46 AM,8/11/25 8:46 AM,29 seconds,KDS - Login Don't Delete
12060 Potranco Road,Nadia Reyes,1,,Food,,8/11/25 8:45 AM,8/11/25 8:48 AM,2 minutes and 32 seconds,KDS - Login Don't Delete
12060 Potranco Road,Nadia Reyes,1,,Drive Thru,,8/11/25 8:45 AM,8/11/25 8:48 AM,2 minutes and 32 seconds,KDS - Login Don't Delete
12060 Potranco Road,Leticia Roman,69,15,Food,,8/11/25 8:45 AM,8/11/25 8:48 AM,3 minutes and 17 seconds,KDS - Login Don't Delete
12060 Potranco Road,Leticia Roman,69,15,No Print,,8/11/25 8:45 AM,8/11/25 8:48 AM,3 minutes and 17 seconds,KDS - Login Don't Delete
12060 Potranco Road,Leticia Roman,69,15,Drive Thru,,8/11/25 8:45 AM,8/11/25 8:48 AM,3 minutes and 17 seconds,KDS - Login Don't Delete
12060 Potranco Road,Sugey Cabrera,64,3,,1,8/11/25 8:46 AM,8/11/25 8:49 AM,2 minutes and 33 seconds,KDS - Login Don't Delete
12060 Potranco Road,Nadia Reyes,70,,Food,,8/11/25 8:50 AM,8/11/25 8:54 AM,3 minutes and 46 seconds,KDS - Login Don't Delete
12060 Potranco Road,Nadia Reyes,70,,Drive Thru,,8/11/25 8:50 AM,8/11/25 8:54 AM,3 minutes and 46 seconds,KDS - Login Don't Delete
12060 Potranco Road,Leticia Roman,72,35,Food,,8/11/25 8:54 AM,8/11/25 8:56 AM,1 minute and 59 seconds,KDS - Login Don't Delete
12060 Potranco Road,Leticia Roman,72,35,No Print,,8/11/25 8:54 AM,8/11/25 8:56 AM,1 minute and 59 seconds,KDS - Login Don't Delete
12060 Potranco Road,Nadia Reyes,73,,Food,,8/11/25 8:54 AM,8/11/25 8:56 AM,2 minutes and 21 seconds,KDS - Login Don't Delete
12060 Potranco Road,Nadia Reyes,73,,Drive Thru,,8/11/25 8:54 AM,8/11/25 8:56 AM,2 minutes and 21 seconds,KDS - Login Don't Delete
12060 Potranco Road,Leticia Roman,69,15,,1,8/11/25 8:48 AM,8/11/25 8:58 AM,9 minutes and 52 seconds,KDS - Login Don't Delete
12060 Potranco Road,Gabriel Tovar ,55,,,1,8/11/25 8:31 AM,8/11/25 8:58 AM,27 minutes and 15 seconds,KDS - Login Don't Delete
12060 Potranco Road,Leticia Roman,72,35,,1,8/11/25 8:56 AM,8/11/25 8:58 AM,2 minutes and 23 seconds,KDS - Login Don't Delete
12060 Potranco Road,Sugey Cabrera,43,5,,1,8/11/25 8:48 AM,8/11/25 8:58 AM,10 minutes and 31 seconds,KDS - Login Don't Delete
12060 Potranco Road,Gabriel Tovar ,65,4,,1,8/11/25 8:43 AM,8/11/25 8:58 AM,15 minutes and 14 seconds,KDS - Login Don't Delete
12060 Potranco Road,Leticia Roman,61,29,,1,8/11/25 8:38 AM,8/11/25 8:58 AM,20 minutes and 26 seconds,KDS - Login Don't Delete
12060 Potranco Road,Gabriel Tovar ,38,14,,1,8/11/25 8:31 AM,8/11/25 8:58 AM,26 minutes and 58 seconds,KDS - Login Don't Delete
12060 Potranco Road,Sugey Cabrera,75,6,Food,,8/11/25 8:58 AM,8/11/25 9:02 AM,3 minutes and 50 seconds,KDS - Login Don't Delete
12060 Potranco Road,Sugey Cabrera,75,6,No Print,,8/11/25 8:58 AM,8/11/25 9:02 AM,3 minutes and 50 seconds,KDS - Login Don't Delete
12060 Potranco Road,Gabriel Tovar ,74,23,Food,,8/11/25 8:57 AM,8/11/25 9:02 AM,5 minutes and 17 seconds,KDS - Login Don't Delete
12060 Potranco Road,Gabriel Tovar ,74,23,No Print,,8/11/25 8:57 AM,8/11/25 9:02 AM,5 minutes and 17 seconds,KDS - Login Don't Delete
12060 Potranco Road,Sugey Cabrera,77,34,Food,,8/11/25 9:03 AM,8/11/25 9:05 AM,2 minutes and 30 seconds,KDS - Login Don't Delete
12060 Potranco Road,Sugey Cabrera,77,34,No Print,,8/11/25 9:03 AM,8/11/25 9:05 AM,2 minutes and 30 seconds,KDS - Login Don't Delete
12060 Potranco Road,Sugey Cabrera,77,34,,1,8/11/25 9:05 AM,8/11/25 9:06 AM,53 seconds,KDS - Login Don't Delete
12060 Potranco Road,Gabriel Tovar ,74,23,,1,8/11/25 9:02 AM,8/11/25 9:06 AM,4 minutes and 1 second,KDS - Login Don't Delete
12060 Potranco Road,Sugey Cabrera,75,6,,1,8/11/25 9:02 AM,8/11/25 9:06 AM,4 minutes and 1 second,KDS - Login Don't Delete
12060 Potranco Road,Leticia Roman,41,21,Food,,8/11/25 9:05 AM,8/11/25 9:07 AM,2 minutes and 3 seconds,KDS - Login Don't Delete
12060 Potranco Road,Leticia Roman,41,21,No Print,,8/11/25 9:05 AM,8/11/25 9:07 AM,2 minutes and 3 seconds,KDS - Login Don't Delete
12060 Potranco Road,Sugey Cabrera,64,3,Food,,8/11/25 9:05 AM,8/11/25 9:07 AM,1 minute and 31 seconds,KDS - Login Don't Delete
12060 Potranco Road,Sugey Cabrera,64,3,No Print,,8/11/25 9:05 AM,8/11/25 9:07 AM,1 minute and 31 seconds,KDS - Login Don't Delete
12060 Potranco Road,Gabriel Tovar ,79,12,Food,,8/11/25 9:06 AM,8/11/25 9:08 AM,2 minutes and 10 seconds,KDS - Login Don't Delete
12060 Potranco Road,Gabriel Tovar ,79,12,No Print,,8/11/25 9:06 AM,8/11/25 9:08 AM,2 minutes and 10 seconds,KDS - Login Don't Delete
12060 Potranco Road,Nadia Reyes,76,,Drive Thru,,8/11/25 9:03 AM,8/11/25 9:10 AM,7 minutes and 7 seconds,KDS - Login Don't Delete
12060 Potranco Road,Nadia Reyes,76,,Food,,8/11/25 9:03 AM,8/11/25 9:10 AM,7 minutes and 7 seconds,KDS - Login Don't Delete
12060 Potranco Road,Gabriel Tovar ,79,12,,1,8/11/25 9:08 AM,8/11/25 9:11 AM,2 minutes and 39 seconds,KDS - Login Don't Delete
12060 Potranco Road,Sugey Cabrera,64,3,,1,8/11/25 9:07 AM,8/11/25 9:11 AM,4 minutes and 19 seconds,KDS - Login Don't Delete
12060 Potranco Road,Nadia Reyes,76,,,1,8/11/25 9:10 AM,8/11/25 9:11 AM,32 seconds,KDS - Login Don't Delete
12060 Potranco Road,Leticia Roman,41,21,,1,8/11/25 9:07 AM,8/11/25 9:11 AM,4 minutes and 18 seconds,KDS - Login Don't Delete
12060 Potranco Road,Gabriel Tovar ,56,,,1,8/11/25 8:23 AM,8/11/25 9:12 AM,49 minutes and 3 seconds,KDS - Login Don't Delete
12060 Potranco Road,Leticia Roman,78,2,Food,,8/11/25 9:07 AM,8/11/25 9:15 AM,7 minutes and 16 seconds,KDS - Login Don't Delete
12060 Potranco Road,Leticia Roman,78,2,No Print,,8/11/25 9:07 AM,8/11/25 9:15 AM,7 minutes and 16 seconds,KDS - Login Don't Delete
12060 Potranco Road,Sugey Cabrera,83,26,Food,,8/11/25 9:17 AM,8/11/25 9:20 AM,3 minutes and 31 seconds,KDS - Login Don't Delete
12060 Potranco Road,Sugey Cabrera,83,26,No Print,,8/11/25 9:17 AM,8/11/25 9:20 AM,3 minutes and 31 seconds,KDS - Login Don't Delete
12060 Potranco Road,Sugey Cabrera,83,26,,1,8/11/25 9:20 AM,8/11/25 9:22 AM,1 minute and 32 seconds,KDS - Login Don't Delete
12060 Potranco Road,Nadia Reyes,82,,Food,,8/11/25 9:16 AM,8/11/25 9:23 AM,7 minutes and 1 second,KDS - Login Don't Delete
12060 Potranco Road,Nadia Reyes,82,,Drive Thru,,8/11/25 9:16 AM,8/11/25 9:23 AM,7 minutes and 1 second,KDS - Login Don't Delete
12060 Potranco Road,Nadia Reyes,84,,Food,,8/11/25 9:18 AM,8/11/25 9:24 AM,6 minutes and 6 seconds,KDS - Login Don't Delete
12060 Potranco Road,Nadia Reyes,84,,Drive Thru,,8/11/25 9:18 AM,8/11/25 9:24 AM,6 minutes and 6 seconds,KDS - Login Don't Delete
12060 Potranco Road,Nadia Reyes,85,,Food,,8/11/25 9:21 AM,8/11/25 9:24 AM,3 minutes and 33 seconds,KDS - Login Don't Delete
12060 Potranco Road,Nadia Reyes,85,,Drive Thru,,8/11/25 9:21 AM,8/11/25 9:24 AM,3 minutes and 33 seconds,KDS - Login Don't Delete
12060 Potranco Road,Leticia Roman,78,2,,1,8/11/25 9:15 AM,8/11/25 9:25 AM,10 minutes and 5 seconds,KDS - Login Don't Delete
12060 Potranco Road,Gabriel Tovar ,81,4,Food,,8/11/25 9:14 AM,8/11/25 9:25 AM,11 minutes and 10 seconds,KDS - Login Don't Delete
12060 Potranco Road,Gabriel Tovar ,81,4,No Print,,8/11/25 9:14 AM,8/11/25 9:25 AM,11 minutes and 10 seconds,KDS - Login Don't Delete
12060 Potranco Road,Leticia Roman,80,1,Food,,8/11/25 9:19 AM,8/11/25 9:29 AM,9 minutes and 41 seconds,KDS - Login Don't Delete
12060 Potranco Road,Leticia Roman,80,1,No Print,,8/11/25 9:19 AM,8/11/25 9:29 AM,9 minutes and 41 seconds,KDS - Login Don't Delete
12060 Potranco Road,Nadia Reyes,86,,Food,,8/11/25 9:22 AM,8/11/25 9:29 AM,7 minutes and 14 seconds,KDS - Login Don't Delete
12060 Potranco Road,Nadia Reyes,86,,Drive Thru,,8/11/25 9:22 AM,8/11/25 9:29 AM,7 minutes and 14 seconds,KDS - Login Don't Delete
12060 Potranco Road,Nadia Reyes,87,,Food,,8/11/25 9:25 AM,8/11/25 9:32 AM,7 minutes and 3 seconds,KDS - Login Don't Delete
12060 Potranco Road,Nadia Reyes,87,,Drive Thru,,8/11/25 9:25 AM,8/11/25 9:32 AM,7 minutes and 3 seconds,KDS - Login Don't Delete
12060 Potranco Road,Nadia Reyes,88,,Food,,8/11/25 9:26 AM,8/11/25 9:33 AM,6 minutes and 41 seconds,KDS - Login Don't Delete
12060 Potranco Road,Nadia Reyes,88,,Drive Thru,,8/11/25 9:26 AM,8/11/25 9:33 AM,6 minutes and 41 seconds,KDS - Login Don't Delete
12060 Potranco Road,Nadia Reyes,89,,Food,,8/11/25 9:29 AM,8/11/25 9:35 AM,6 minutes and 18 seconds,KDS - Login Don't Delete
12060 Potranco Road,Nadia Reyes,89,,Drive Thru,,8/11/25 9:29 AM,8/11/25 9:35 AM,6 minutes and 18 seconds,KDS - Login Don't Delete
12060 Potranco Road,Nadia Reyes,90,,Food,,8/11/25 9:31 AM,8/11/25 9:35 AM,4 minutes and 18 seconds,KDS - Login Don't Delete
12060 Potranco Road,Nadia Reyes,90,,Drive Thru,,8/11/25 9:31 AM,8/11/25 9:35 AM,4 minutes and 18 seconds,KDS - Login Don't Delete
12060 Potranco Road,Nadia Reyes,92,,Food,,8/11/25 9:35 AM,8/11/25 9:40 AM,5 minutes and 10 seconds,KDS - Login Don't Delete
12060 Potranco Road,Nadia Reyes,92,,Drive Thru,,8/11/25 9:35 AM,8/11/25 9:40 AM,5 minutes and 10 seconds,KDS - Login Don't Delete
12060 Potranco Road,Nadia Reyes,93,,Food,,8/11/25 9:36 AM,8/11/25 9:40 AM,3 minutes and 40 seconds,KDS - Login Don't Delete
12060 Potranco Road,Nadia Reyes,93,,Drive Thru,,8/11/25 9:36 AM,8/11/25 9:40 AM,3 minutes and 40 seconds,KDS - Login Don't Delete
12060 Potranco Road,Leticia Roman,80,1,Food,,8/11/25 9:28 AM,8/11/25 9:40 AM,12 minutes and 13 seconds,KDS - Login Don't Delete
12060 Potranco Road,Leticia Roman,80,1,No Print,,8/11/25 9:28 AM,8/11/25 9:40 AM,12 minutes and 13 seconds,KDS - Login Don't Delete
12060 Potranco Road,Leticia Roman,97,23,Food,,8/11/25 9:41 AM,8/11/25 9:42 AM,1 minute and 25 seconds,KDS - Login Don't Delete
12060 Potranco Road,Leticia Roman,97,23,No Print,,8/11/25 9:41 AM,8/11/25 9:42 AM,1 minute and 25 seconds,KDS - Login Don't Delete
12060 Potranco Road,Nadia Reyes,94,,Food,,8/11/25 9:38 AM,8/11/25 9:44 AM,6 minutes and 12 seconds,KDS - Login Don't Delete
12060 Potranco Road,Nadia Reyes,94,,Drive Thru,,8/11/25 9:38 AM,8/11/25 9:44 AM,6 minutes and 12 seconds,KDS - Login Don't Delete
12060 Potranco Road,Nadia Reyes,91,,Food,,8/11/25 9:34 AM,8/11/25 9:44 AM,9 minutes and 27 seconds,KDS - Login Don't Delete
12060 Potranco Road,Nadia Reyes,91,,Drive Thru,,8/11/25 9:34 AM,8/11/25 9:44 AM,9 minutes and 27 seconds,KDS - Login Don't Delete
12060 Potranco Road,Nadia Reyes,95,,Food,,8/11/25 9:39 AM,8/11/25 9:46 AM,6 minutes and 49 seconds,KDS - Login Don't Delete
12060 Potranco Road,Nadia Reyes,95,,Drive Thru,,8/11/25 9:39 AM,8/11/25 9:46 AM,6 minutes and 49 seconds,KDS - Login Don't Delete
12060 Potranco Road,Nadia Reyes,98,,Food,,8/11/25 9:42 AM,8/11/25 9:47 AM,4 minutes and 59 seconds,KDS - Login Don't Delete
12060 Potranco Road,Nadia Reyes,98,,Drive Thru,,8/11/25 9:42 AM,8/11/25 9:47 AM,4 minutes and 59 seconds,KDS - Login Don't Delete
12060 Potranco Road,Sugey Cabrera,100,,Drive Thru,,8/11/25 9:44 AM,8/11/25 9:48 AM,3 minutes and 15 seconds,KDS - Login Don't Delete
12060 Potranco Road,Sugey Cabrera,100,,Food,,8/11/25 9:44 AM,8/11/25 9:48 AM,3 minutes and 15 seconds,KDS - Login Don't Delete
12060 Potranco Road,Sugey Cabrera,101,,Food,,8/11/25 9:46 AM,8/11/25 9:50 AM,3 minutes and 17 seconds,KDS - Login Don't Delete
12060 Potranco Road,Sugey Cabrera,101,,No Print,,8/11/25 9:46 AM,8/11/25 9:50 AM,3 minutes and 17 seconds,KDS - Login Don't Delete
12060 Potranco Road,Gabriel Tovar ,103,1,Food,,8/11/25 9:48 AM,8/11/25 9:50 AM,1 minute and 56 seconds,KDS - Login Don't Delete
12060 Potranco Road,Gabriel Tovar ,103,1,No Print,,8/11/25 9:48 AM,8/11/25 9:50 AM,1 minute and 56 seconds,KDS - Login Don't Delete
12060 Potranco Road,Nadia Reyes,106,,Food,,8/11/25 9:50 AM,8/11/25 9:53 AM,2 minutes and 52 seconds,KDS - Login Don't Delete
12060 Potranco Road,Nadia Reyes,106,,Drive Thru,,8/11/25 9:50 AM,8/11/25 9:53 AM,2 minutes and 52 seconds,KDS - Login Don't Delete
12060 Potranco Road,Nadia Reyes,107,,Food,,8/11/25 9:52 AM,8/11/25 9:56 AM,3 minutes and 20 seconds,KDS - Login Don't Delete
12060 Potranco Road,Nadia Reyes,107,,Drive Thru,,8/11/25 9:52 AM,8/11/25 9:56 AM,3 minutes and 20 seconds,KDS - Login Don't Delete
12060 Potranco Road,Gabriel Tovar ,81,4,,1,8/11/25 9:25 AM,8/11/25 9:57 AM,31 minutes and 48 seconds,KDS - Login Don't Delete
12060 Potranco Road,Leticia Roman,80,1,,1,8/11/25 9:40 AM,8/11/25 9:57 AM,16 minutes and 32 seconds,KDS - Login Don't Delete
12060 Potranco Road,Leticia Roman,80,1,,1,8/11/25 9:29 AM,8/11/25 9:57 AM,27 minutes and 55 seconds,KDS - Login Don't Delete
12060 Potranco Road,Leticia Roman,97,23,,1,8/11/25 9:42 AM,8/11/25 9:57 AM,14 minutes and 56 seconds,KDS - Login Don't Delete
12060 Potranco Road,Sugey Cabrera,105,6,Food,,8/11/25 9:50 AM,8/11/25 9:58 AM,8 minutes,KDS - Login Don't Delete
12060 Potranco Road,Sugey Cabrera,105,6,No Print,,8/11/25 9:50 AM,8/11/25 9:58 AM,8 minutes,KDS - Login Don't Delete
12060 Potranco Road,Sugey Cabrera,105,6,Drive Thru,,8/11/25 9:50 AM,8/11/25 9:58 AM,8 minutes,KDS - Login Don't Delete
12060 Potranco Road,Sugey Cabrera,105,6,,1,8/11/25 9:58 AM,8/11/25 10:00 AM,1 minute and 59 seconds,KDS - Login Don't Delete
12060 Potranco Road,Nadia Reyes,110,,Food,,8/11/25 9:58 AM,8/11/25 10:02 AM,4 minutes and 6 seconds,KDS - Login Don't Delete
12060 Potranco Road,Nadia Reyes,110,,Drive Thru,,8/11/25 9:58 AM,8/11/25 10:02 AM,4 minutes and 6 seconds,KDS - Login Don't Delete
12060 Potranco Road,Nadia Reyes,111,,Food,,8/11/25 10:00 AM,8/11/25 10:04 AM,3 minutes and 17 seconds,KDS - Login Don't Delete
12060 Potranco Road,Nadia Reyes,111,,Drive Thru,,8/11/25 10:00 AM,8/11/25 10:04 AM,3 minutes and 17 seconds,KDS - Login Don't Delete
12060 Potranco Road,Leticia Roman,108,31,Food,,8/11/25 9:56 AM,8/11/25 10:04 AM,7 minutes and 57 seconds,KDS - Login Don't Delete
12060 Potranco Road,Leticia Roman,108,31,No Print,,8/11/25 9:56 AM,8/11/25 10:04 AM,7 minutes and 57 seconds,KDS - Login Don't Delete
12060 Potranco Road,Gabriel Tovar ,99,3,Food,,8/11/25 9:59 AM,8/11/25 10:05 AM,5 minutes and 25 seconds,KDS - Login Don't Delete
12060 Potranco Road,Gabriel Tovar ,99,3,,1,8/11/25 10:05 AM,8/11/25 10:05 AM,32 seconds,KDS - Login Don't Delete
12060 Potranco Road,Gabriel Tovar ,99,3,Food,,8/11/25 9:56 AM,8/11/25 10:06 AM,9 minutes and 21 seconds,KDS - Login Don't Delete
12060 Potranco Road,Gabriel Tovar ,99,3,No Print,,8/11/25 9:56 AM,8/11/25 10:06 AM,9 minutes and 21 seconds,KDS - Login Don't Delete
12060 Potranco Road,Gabriel Tovar ,112,26,Food,,8/11/25 10:01 AM,8/11/25 10:06 AM,5 minutes and 5 seconds,KDS - Login Don't Delete
12060 Potranco Road,Gabriel Tovar ,112,26,No Print,,8/11/25 10:01 AM,8/11/25 10:06 AM,5 minutes and 5 seconds,KDS - Login Don't Delete
12060 Potranco Road,Sugey Cabrera,109,2,Food,,8/11/25 9:58 AM,8/11/25 10:08 AM,10 minutes and 15 seconds,KDS - Login Don't Delete
12060 Potranco Road,Sugey Cabrera,109,2,No Print,,8/11/25 9:58 AM,8/11/25 10:08 AM,10 minutes and 15 seconds,KDS - Login Don't Delete
12060 Potranco Road,Sugey Cabrera,109,2,Drive Thru,,8/11/25 9:58 AM,8/11/25 10:08 AM,10 minutes and 15 seconds,KDS - Login Don't Delete
12060 Potranco Road,Nadia Reyes,113,,Food,,8/11/25 10:06 AM,8/11/25 10:09 AM,3 minutes and 5 seconds,KDS - Login Don't Delete
12060 Potranco Road,Nadia Reyes,113,,Drive Thru,,8/11/25 10:06 AM,8/11/25 10:09 AM,3 minutes and 5 seconds,KDS - Login Don't Delete
12060 Potranco Road,Gabriel Tovar ,99,3,,1,8/11/25 9:43 AM,8/11/25 10:10 AM,27 minutes and 22 seconds,KDS - Login Don't Delete
12060 Potranco Road,Sugey Cabrera,100,,,1,8/11/25 9:48 AM,8/11/25 10:10 AM,22 minutes and 39 seconds,KDS - Login Don't Delete
12060 Potranco Road,Sugey Cabrera,109,2,,1,8/11/25 10:08 AM,8/11/25 10:10 AM,2 minutes and 3 seconds,KDS - Login Don't Delete
12060 Potranco Road,Sugey Cabrera,101,,,1,8/11/25 9:50 AM,8/11/25 10:10 AM,20 minutes and 40 seconds,KDS - Login Don't Delete
12060 Potranco Road,Gabriel Tovar ,99,3,,1,8/11/25 10:09 AM,8/11/25 10:10 AM,1 minute and 41 seconds,KDS - Login Don't Delete
12060 Potranco Road,Gabriel Tovar ,103,1,,1,8/11/25 9:50 AM,8/11/25 10:10 AM,20 minutes and 41 seconds,KDS - Login Don't Delete
12060 Potranco Road,Leticia Roman,115,22,Food,,8/11/25 10:08 AM,8/11/25 10:10 AM,2 minutes and 29 seconds,KDS - Login Don't Delete
12060 Potranco Road,Leticia Roman,115,22,No Print,,8/11/25 10:08 AM,8/11/25 10:10 AM,2 minutes and 29 seconds,KDS - Login Don't Delete
12060 Potranco Road,Leticia Roman,108,31,,1,8/11/25 10:04 AM,8/11/25 10:12 AM,8 minutes and 3 seconds,KDS - Login Don't Delete
12060 Potranco Road,Zoila Salinas,117,,Drive Thru,,8/11/25 10:11 AM,8/11/25 10:15 AM,3 minutes and 40 seconds,KDS - Login Don't Delete
12060 Potranco Road,Zoila Salinas,117,,Food,,8/11/25 10:11 AM,8/11/25 10:15 AM,3 minutes and 40 seconds,KDS - Login Don't Delete
12060 Potranco Road,Nadia Reyes,116,,Food,,8/11/25 10:09 AM,8/11/25 10:15 AM,6 minutes and 13 seconds,KDS - Login Don't Delete
12060 Potranco Road,Nadia Reyes,116,,Drive Thru,,8/11/25 10:09 AM,8/11/25 10:15 AM,6 minutes and 13 seconds,KDS - Login Don't Delete
12060 Potranco Road,Nadia Reyes,121,,Food,,8/11/25 10:16 AM,8/11/25 10:19 AM,2 minutes and 58 seconds,KDS - Login Don't Delete
12060 Potranco Road,Nadia Reyes,121,,Drive Thru,,8/11/25 10:16 AM,8/11/25 10:19 AM,2 minutes and 58 seconds,KDS - Login Don't Delete
12060 Potranco Road,Nadia Reyes,122,,Food,,8/11/25 10:16 AM,8/11/25 10:23 AM,6 minutes and 47 seconds,KDS - Login Don't Delete
12060 Potranco Road,Gabriel Tovar ,99,3,,1,8/11/25 10:06 AM,8/11/25 10:23 AM,17 minutes and 37 seconds,KDS - Login Don't Delete
12060 Potranco Road,Leticia Roman,115,22,,1,8/11/25 10:10 AM,8/11/25 10:23 AM,12 minutes and 50 seconds,KDS - Login Don't Delete
12060 Potranco Road,Gabriel Tovar ,112,26,,1,8/11/25 10:06 AM,8/11/25 10:23 AM,16 minutes and 48 seconds,KDS - Login Don't Delete
12060 Potranco Road,Zoila Salinas,117,,,1,8/11/25 10:15 AM,8/11/25 10:23 AM,8 minutes and 10 seconds,KDS - Login Don't Delete
12060 Potranco Road,Nadia Reyes,124,,Food,,8/11/25 10:20 AM,8/11/25 10:24 AM,4 minutes and 25 seconds,KDS - Login Don't Delete
12060 Potranco Road,Nadia Reyes,124,,Drive Thru,,8/11/25 10:20 AM,8/11/25 10:24 AM,4 minutes and 25 seconds,KDS - Login Don't Delete
12060 Potranco Road,Sugey Cabrera,126,34,Food,,8/11/25 10:20 AM,8/11/25 10:30 AM,9 minutes and 17 seconds,KDS - Login Don't Delete
12060 Potranco Road,Sugey Cabrera,126,34,No Print,,8/11/25 10:20 AM,8/11/25 10:30 AM,9 minutes and 17 seconds,KDS - Login Don't Delete
12060 Potranco Road,Gabriel Tovar ,120,4,Food,,8/11/25 10:13 AM,8/11/25 10:30 AM,16 minutes and 16 seconds,KDS - Login Don't Delete
12060 Potranco Road,Gabriel Tovar ,120,4,No Print,,8/11/25 10:13 AM,8/11/25 10:30 AM,16 minutes and 16 seconds,KDS - Login Don't Delete
12060 Potranco Road,Sugey Cabrera,123,29,Food,,8/11/25 10:20 AM,8/11/25 10:31 AM,11 minutes and 24 seconds,KDS - Login Don't Delete
12060 Potranco Road,Sugey Cabrera,123,29,No Print,,8/11/25 10:20 AM,8/11/25 10:31 AM,11 minutes and 24 seconds,KDS - Login Don't Delete
12060 Potranco Road,Sugey Cabrera,123,29,Drive Thru,,8/11/25 10:20 AM,8/11/25 10:31 AM,11 minutes and 24 seconds,KDS - Login Don't Delete
12060 Potranco Road,Sugey Cabrera,126,34,,1,8/11/25 10:30 AM,8/11/25 10:33 AM,3 minutes and 17 seconds,KDS - Login Don't Delete
12060 Potranco Road,Sugey Cabrera,123,29,,1,8/11/25 10:31 AM,8/11/25 10:33 AM,1 minute and 48 seconds,KDS - Login Don't Delete
12060 Potranco Road,Gabriel Tovar ,129,16,Food,,8/11/25 10:24 AM,8/11/25 10:33 AM,9 minutes and 26 seconds,KDS - Login Don't Delete
12060 Potranco Road,Gabriel Tovar ,129,16,No Print,,8/11/25 10:24 AM,8/11/25 10:33 AM,9 minutes and 26 seconds,KDS - Login Don't Delete
12060 Potranco Road,Leticia Roman,118,17,Food,,8/11/25 10:21 AM,8/11/25 10:33 AM,12 minutes and 24 seconds,KDS - Login Don't Delete
12060 Potranco Road,Leticia Roman,118,17,No Print,,8/11/25 10:21 AM,8/11/25 10:33 AM,12 minutes and 24 seconds,KDS - Login Don't Delete
12060 Potranco Road,Sugey Cabrera,130,14,Food,,8/11/25 10:31 AM,8/11/25 10:34 AM,3 minutes and 25 seconds,KDS - Login Don't Delete
12060 Potranco Road,Sugey Cabrera,130,14,No Print,,8/11/25 10:31 AM,8/11/25 10:34 AM,3 minutes and 25 seconds,KDS - Login Don't Delete
12060 Potranco Road,Nadia Reyes,131,,Food,,8/11/25 10:33 AM,8/11/25 10:35 AM,2 minutes and 13 seconds,KDS - Login Don't Delete
12060 Potranco Road,Nadia Reyes,131,,Drive Thru,,8/11/25 10:33 AM,8/11/25 10:35 AM,2 minutes and 13 seconds,KDS - Login Don't Delete
12060 Potranco Road,Sugey Cabrera,130,14,Food,,8/11/25 10:36 AM,8/11/25 10:37 AM,26 seconds,KDS - Login Don't Delete
12060 Potranco Road,Sugey Cabrera,130,14,No Print,,8/11/25 10:36 AM,8/11/25 10:37 AM,26 seconds,KDS - Login Don't Delete
12060 Potranco Road,Sugey Cabrera,130,14,,1,8/11/25 10:37 AM,8/11/25 10:37 AM,7 seconds,KDS - Login Don't Delete
12060 Potranco Road,Sugey Cabrera,130,14,,1,8/11/25 10:34 AM,8/11/25 10:37 AM,2 minutes and 39 seconds,KDS - Login Don't Delete
12060 Potranco Road,Zoila Salinas,127,,Drive Thru,,8/11/25 10:22 AM,8/11/25 10:37 AM,14 minutes and 58 seconds,KDS - Login Don't Delete
12060 Potranco Road,Zoila Salinas,127,,Food,,8/11/25 10:22 AM,8/11/25 10:37 AM,14 minutes and 58 seconds,KDS - Login Don't Delete
12060 Potranco Road,Gabriel Tovar ,134,20,Food,,8/11/25 10:36 AM,8/11/25 10:39 AM,2 minutes and 55 seconds,KDS - Login Don't Delete
12060 Potranco Road,Gabriel Tovar ,134,20,No Print,,8/11/25 10:36 AM,8/11/25 10:39 AM,2 minutes and 55 seconds,KDS - Login Don't Delete
12060 Potranco Road,Leticia Roman,133,35,Food,,8/11/25 10:35 AM,8/11/25 10:42 AM,6 minutes and 21 seconds,KDS - Login Don't Delete
12060 Potranco Road,Leticia Roman,133,35,No Print,,8/11/25 10:35 AM,8/11/25 10:42 AM,6 minutes and 21 seconds,KDS - Login Don't Delete
12060 Potranco Road,Leticia Roman,133,35,Drive Thru,,8/11/25 10:35 AM,8/11/25 10:42 AM,6 minutes and 21 seconds,KDS - Login Don't Delete
12060 Potranco Road,Leticia Roman,133,35,,1,8/11/25 10:42 AM,8/11/25 10:45 AM,3 minutes and 40 seconds,KDS - Login Don't Delete
12060 Potranco Road,Zoila Salinas,139,,Drive Thru,,8/11/25 10:47 AM,8/11/25 10:49 AM,1 minute and 39 seconds,KDS - Login Don't Delete
12060 Potranco Road,Zoila Salinas,139,,Food,,8/11/25 10:47 AM,8/11/25 10:49 AM,1 minute and 39 seconds,KDS - Login Don't Delete
12060 Potranco Road,Nadia Reyes,137,,Food,,8/11/25 10:45 AM,8/11/25 10:49 AM,4 minutes and 18 seconds,KDS - Login Don't Delete
12060 Potranco Road,Nadia Reyes,137,,Drive Thru,,8/11/25 10:45 AM,8/11/25 10:49 AM,4 minutes and 18 seconds,KDS - Login Don't Delete
12060 Potranco Road,Nadia Reyes,135,,Food,,8/11/25 10:38 AM,8/11/25 10:49 AM,10 minutes and 47 seconds,KDS - Login Don't Delete
12060 Potranco Road,Nadia Reyes,135,,Drive Thru,,8/11/25 10:38 AM,8/11/25 10:49 AM,10 minutes and 47 seconds,KDS - Login Don't Delete
12060 Potranco Road,Leticia Roman,136,12,Food,,8/11/25 10:42 AM,8/11/25 10:50 AM,8 minutes and 28 seconds,KDS - Login Don't Delete
12060 Potranco Road,Leticia Roman,136,12,No Print,,8/11/25 10:42 AM,8/11/25 10:50 AM,8 minutes and 28 seconds,KDS - Login Don't Delete
12060 Potranco Road,Leticia Roman,136,12,,1,8/11/25 10:50 AM,8/11/25 10:53 AM,2 minutes and 20 seconds,KDS - Login Don't Delete
12060 Potranco Road,Zoila Salinas,127,,,1,8/11/25 10:37 AM,8/11/25 10:53 AM,15 minutes and 19 seconds,KDS - Login Don't Delete
12060 Potranco Road,Gabriel Tovar ,120,4,,1,8/11/25 10:30 AM,8/11/25 10:53 AM,23 minutes and 9 seconds,KDS - Login Don't Delete
12060 Potranco Road,Gabriel Tovar ,129,16,,1,8/11/25 10:33 AM,8/11/25 10:53 AM,19 minutes and 17 seconds,KDS - Login Don't Delete
12060 Potranco Road,Leticia Roman,118,17,,1,8/11/25 10:33 AM,8/11/25 10:53 AM,19 minutes and 15 seconds,KDS - Login Don't Delete
12060 Potranco Road,Gabriel Tovar ,134,20,,1,8/11/25 10:39 AM,8/11/25 10:53 AM,13 minutes and 21 seconds,KDS - Login Don't Delete
12060 Potranco Road,Nadia Reyes,141,,Food,,8/11/25 10:50 AM,8/11/25 10:54 AM,3 minutes and 36 seconds,KDS - Login Don't Delete
12060 Potranco Road,Nadia Reyes,141,,Drive Thru,,8/11/25 10:50 AM,8/11/25 10:54 AM,3 minutes and 36 seconds,KDS - Login Don't Delete
12060 Potranco Road,Nadia Reyes,143,,Food,,8/11/25 10:51 AM,8/11/25 10:56 AM,4 minutes and 21 seconds,KDS - Login Don't Delete
12060 Potranco Road,Nadia Reyes,143,,Drive Thru,,8/11/25 10:51 AM,8/11/25 10:56 AM,4 minutes and 21 seconds,KDS - Login Don't Delete
12060 Potranco Road,Nadia Reyes,144,,Food,,8/11/25 10:52 AM,8/11/25 10:58 AM,5 minutes and 41 seconds,KDS - Login Don't Delete
12060 Potranco Road,Nadia Reyes,144,,Drive Thru,,8/11/25 10:52 AM,8/11/25 10:58 AM,5 minutes and 41 seconds,KDS - Login Don't Delete
12060 Potranco Road,Sugey Cabrera,130,14,Food,,8/11/25 10:57 AM,8/11/25 10:58 AM,1 minute and 16 seconds,KDS - Login Don't Delete
12060 Potranco Road,Sugey Cabrera,130,14,No Print,,8/11/25 10:57 AM,8/11/25 10:58 AM,1 minute and 16 seconds,KDS - Login Don't Delete
12060 Potranco Road,Gabriel Tovar ,120,4,Food,,8/11/25 10:58 AM,8/11/25 11:01 AM,3 minutes and 17 seconds,KDS - Login Don't Delete
12060 Potranco Road,Sugey Cabrera,138,15,Food,,8/11/25 10:47 AM,8/11/25 11:01 AM,14 minutes and 8 seconds,KDS - Login Don't Delete
12060 Potranco Road,Sugey Cabrera,138,15,No Print,,8/11/25 10:47 AM,8/11/25 11:01 AM,14 minutes and 8 seconds,KDS - Login Don't Delete
12060 Potranco Road,Gabriel Tovar ,120,4,No Print,,8/11/25 10:58 AM,8/11/25 11:01 AM,3 minutes and 17 seconds,KDS - Login Don't Delete
12060 Potranco Road,Nadia Reyes,142,,Food,,8/11/25 10:51 AM,8/11/25 11:02 AM,10 minutes and 51 seconds,KDS - Login Don't Delete
12060 Potranco Road,Nadia Reyes,142,,Drive Thru,,8/11/25 10:51 AM,8/11/25 11:02 AM,10 minutes and 51 seconds,KDS - Login Don't Delete
12060 Potranco Road,Gabriel Tovar ,147,3,Food,,8/11/25 11:02 AM,8/11/25 11:07 AM,5 minutes and 5 seconds,KDS - Login Don't Delete
12060 Potranco Road,Gabriel Tovar ,147,3,No Print,,8/11/25 11:02 AM,8/11/25 11:07 AM,5 minutes and 5 seconds,KDS - Login Don't Delete
12060 Potranco Road,Sugey Cabrera,148,29,Food,,8/11/25 11:07 AM,8/11/25 11:07 AM,11 seconds,KDS - Login Don't Delete
12060 Potranco Road,Sugey Cabrera,138,15,Food,,8/11/25 11:03 AM,8/11/25 11:07 AM,4 minutes and 12 seconds,KDS - Login Don't Delete
12060 Potranco Road,Sugey Cabrera,138,15,No Print,,8/11/25 11:03 AM,8/11/25 11:07 AM,4 minutes and 12 seconds,KDS - Login Don't Delete
12060 Potranco Road,Sugey Cabrera,138,15,,1,8/11/25 11:07 AM,8/11/25 11:12 AM,4 minutes and 14 seconds,KDS - Login Don't Delete
12060 Potranco Road,Gabriel Tovar ,120,4,,1,8/11/25 11:01 AM,8/11/25 11:12 AM,10 minutes and 9 seconds,KDS - Login Don't Delete
12060 Potranco Road,Zoila Salinas,139,,,1,8/11/25 10:49 AM,8/11/25 11:12 AM,23 minutes and 5 seconds,KDS - Login Don't Delete
12060 Potranco Road,Sugey Cabrera,130,14,,1,8/11/25 10:58 AM,8/11/25 11:12 AM,13 minutes and 48 seconds,KDS - Login Don't Delete
12060 Potranco Road,Sugey Cabrera,138,15,,1,8/11/25 11:01 AM,8/11/25 11:12 AM,10 minutes and 13 seconds,KDS - Login Don't Delete
12060 Potranco Road,Sugey Cabrera,148,29,,1,8/11/25 11:07 AM,8/11/25 11:12 AM,4 minutes and 19 seconds,KDS - Login Don't Delete
12060 Potranco Road,Zoila Salinas,127,,,1,8/11/25 10:56 AM,8/11/25 11:12 AM,15 minutes and 19 seconds,KDS - Login Don't Delete
12060 Potranco Road,Gabriel Tovar ,147,3,,1,8/11/25 11:07 AM,8/11/25 11:21 AM,13 minutes and 48 seconds,KDS - Login Don't Delete
12060 Potranco Road,Nadia Reyes,149,,Food,,8/11/25 11:08 AM,8/11/25 11:16 AM,7 minutes and 22 seconds,KDS - Login Don't Delete
12060 Potranco Road,Nadia Reyes,149,,Drive Thru,,8/11/25 11:08 AM,8/11/25 11:16 AM,7 minutes and 22 seconds,KDS - Login Don't Delete
12060 Potranco Road,Nadia Reyes,150,,Food,,8/11/25 11:11 AM,8/11/25 11:18 AM,7 minutes and 12 seconds,KDS - Login Don't Delete
12060 Potranco Road,Nadia Reyes,150,,Drive Thru,,8/11/25 11:11 AM,8/11/25 11:18 AM,7 minutes and 12 seconds,KDS - Login Don't Delete
12060 Potranco Road,Nadia Reyes,31002,,Food,,8/11/25 11:18 AM,8/11/25 11:25 AM,6 minutes and 47 seconds,KDS - Login Don't Delete
12060 Potranco Road,Nadia Reyes,31002,,Drive Thru,,8/11/25 11:18 AM,8/11/25 11:25 AM,6 minutes and 47 seconds,KDS - Login Don't Delete
12060 Potranco Road,Nadia Reyes,31003,,Food,,8/11/25 11:21 AM,8/11/25 11:25 AM,4 minutes and 45 seconds,KDS - Login Don't Delete
12060 Potranco Road,Nadia Reyes,31003,,Drive Thru,,8/11/25 11:21 AM,8/11/25 11:25 AM,4 minutes and 45 seconds,KDS - Login Don't Delete
12060 Potranco Road,Leticia Roman,35001,4,Food,,8/11/25 11:21 AM,8/11/25 11:27 AM,5 minutes and 56 seconds,KDS - Login Don't Delete
12060 Potranco Road,Leticia Roman,35001,4,No Print,,8/11/25 11:21 AM,8/11/25 11:27 AM,5 minutes and 56 seconds,KDS - Login Don't Delete
12060 Potranco Road,Nadia Reyes,31004,,Food,,8/11/25 11:22 AM,8/11/25 11:30 AM,8 minutes and 8 seconds,KDS - Login Don't Delete
12060 Potranco Road,Nadia Reyes,31004,,Drive Thru,,8/11/25 11:22 AM,8/11/25 11:30 AM,8 minutes and 8 seconds,KDS - Login Don't Delete
12060 Potranco Road,Leticia Roman,152,2,Food,,8/11/25 11:25 AM,8/11/25 11:30 AM,5 minutes,KDS - Login Don't Delete
12060 Potranco Road,Leticia Roman,152,2,No Print,,8/11/25 11:25 AM,8/11/25 11:30 AM,5 minutes,KDS - Login Don't Delete
12060 Potranco Road,Nadia Reyes,31004,,Drive Thru,,8/11/25 11:27 AM,8/11/25 11:32 AM,4 minutes and 10 seconds,KDS - Login Don't Delete
12060 Potranco Road,Nadia Reyes,31004,,Food,,8/11/25 11:27 AM,8/11/25 11:32 AM,4 minutes and 10 seconds,KDS - Login Don't Delete
12060 Potranco Road,Sugey Cabrera,17001,16,Food,,8/11/25 11:22 AM,8/11/25 11:32 AM,10 minutes and 25 seconds,KDS - Login Don't Delete
12060 Potranco Road,Sugey Cabrera,17001,16,No Print,,8/11/25 11:22 AM,8/11/25 11:32 AM,10 minutes and 25 seconds,KDS - Login Don't Delete
12060 Potranco Road,Gabriel Tovar ,154,10,Food,,8/11/25 11:23 AM,8/11/25 11:33 AM,10 minutes and 14 seconds,KDS - Login Don't Delete
12060 Potranco Road,Gabriel Tovar ,154,10,No Print,,8/11/25 11:23 AM,8/11/25 11:33 AM,10 minutes and 14 seconds,KDS - Login Don't Delete
12060 Potranco Road,Sugey Cabrera,17001,16,,1,8/11/25 11:32 AM,8/11/25 11:34 AM,1 minute and 19 seconds,KDS - Login Don't Delete
12060 Potranco Road,Sugey Cabrera,156,21,Food,,8/11/25 11:27 AM,8/11/25 11:34 AM,7 minutes and 18 seconds,KDS - Login Don't Delete
12060 Potranco Road,Gabriel Tovar ,16001,23,Food,,8/11/25 11:19 AM,8/11/25 11:34 AM,14 minutes and 51 seconds,KDS - Login Don't Delete
12060 Potranco Road,Gabriel Tovar ,16001,23,No Print,,8/11/25 11:19 AM,8/11/25 11:34 AM,14 minutes and 51 seconds,KDS - Login Don't Delete
12060 Potranco Road,Sugey Cabrera,156,21,No Print,,8/11/25 11:27 AM,8/11/25 11:34 AM,7 minutes and 18 seconds,KDS - Login Don't Delete
12060 Potranco Road,Sugey Cabrera,156,21,Drive Thru,,8/11/25 11:27 AM,8/11/25 11:34 AM,7 minutes and 18 seconds,KDS - Login Don't Delete
12060 Potranco Road,Gabriel Tovar ,16001,23,Drive Thru,,8/11/25 11:19 AM,8/11/25 11:34 AM,14 minutes and 51 seconds,KDS - Login Don't Delete
12060 Potranco Road,Nadia Reyes,155,,Food,,8/11/25 11:23 AM,8/11/25 11:35 AM,11 minutes and 43 seconds,KDS - Login Don't Delete
12060 Potranco Road,Nadia Reyes,155,,Drive Thru,,8/11/25 11:23 AM,8/11/25 11:35 AM,11 minutes and 43 seconds,KDS - Login Don't Delete
12060 Potranco Road,Sugey Cabrera,156,21,,1,8/11/25 11:34 AM,8/11/25 11:36 AM,2 minutes and 16 seconds,KDS - Login Don't Delete
12060 Potranco Road,Nadia Reyes,157,,Food,,8/11/25 11:30 AM,8/11/25 11:38 AM,7 minutes and 56 seconds,KDS - Login Don't Delete
12060 Potranco Road,Nadia Reyes,157,,Drive Thru,,8/11/25 11:30 AM,8/11/25 11:38 AM,7 minutes and 56 seconds,KDS - Login Don't Delete
12060 Potranco Road,Gabriel Tovar ,16001,23,,1,8/11/25 11:34 AM,8/11/25 11:41 AM,6 minutes and 47 seconds,KDS - Login Don't Delete
12060 Potranco Road,Gabriel Tovar ,154,10,,1,8/11/25 11:33 AM,8/11/25 11:41 AM,7 minutes and 41 seconds,KDS - Login Don't Delete
12060 Potranco Road,Leticia Roman,35001,4,,1,8/11/25 11:27 AM,8/11/25 11:41 AM,13 minutes and 32 seconds,KDS - Login Don't Delete
12060 Potranco Road,Leticia Roman,152,2,,1,8/11/25 11:30 AM,8/11/25 11:41 AM,10 minutes and 48 seconds,KDS - Login Don't Delete
12060 Potranco Road,Leticia Roman,158,35,Food,,8/11/25 11:36 AM,8/11/25 11:44 AM,7 minutes and 34 seconds,KDS - Login Don't Delete
12060 Potranco Road,Leticia Roman,158,35,No Print,,8/11/25 11:36 AM,8/11/25 11:44 AM,7 minutes and 34 seconds,KDS - Login Don't Delete
12060 Potranco Road,Leticia Roman,152,2,Food,,8/11/25 11:41 AM,8/11/25 11:51 AM,10 minutes and 2 seconds,KDS - Login Don't Delete
12060 Potranco Road,Leticia Roman,152,2,No Print,,8/11/25 11:41 AM,8/11/25 11:51 AM,10 minutes and 2 seconds,KDS - Login Don't Delete
12060 Potranco Road,Nadia Reyes,160,,Food,,8/11/25 11:49 AM,8/11/25 11:55 AM,5 minutes and 38 seconds,KDS - Login Don't Delete
12060 Potranco Road,Nadia Reyes,160,,Drive Thru,,8/11/25 11:49 AM,8/11/25 11:55 AM,5 minutes and 38 seconds,KDS - Login Don't Delete
12060 Potranco Road,Nadia Reyes,163,,Food,,8/11/25 11:54 AM,8/11/25 11:58 AM,3 minutes and 36 seconds,KDS - Login Don't Delete
12060 Potranco Road,Nadia Reyes,163,,Drive Thru,,8/11/25 11:54 AM,8/11/25 11:58 AM,3 minutes and 36 seconds,KDS - Login Don't Delete
12060 Potranco Road,Leticia Roman,161,22,Food,,8/11/25 11:54 AM,8/11/25 11:59 AM,4 minutes and 37 seconds,KDS - Login Don't Delete
12060 Potranco Road,Leticia Roman,161,22,No Print,,8/11/25 11:54 AM,8/11/25 11:59 AM,4 minutes and 37 seconds,KDS - Login Don't Delete
12060 Potranco Road,Sugey Cabrera,166,17,Food,,8/11/25 11:56 AM,8/11/25 12:00 PM,4 minutes and 19 seconds,KDS - Login Don't Delete
12060 Potranco Road,Sugey Cabrera,166,17,No Print,,8/11/25 11:56 AM,8/11/25 12:00 PM,4 minutes and 19 seconds,KDS - Login Don't Delete
12060 Potranco Road,Nadia Reyes,164,,Food,,8/11/25 11:55 AM,8/11/25 12:01 PM,6 minutes and 11 seconds,KDS - Login Don't Delete
12060 Potranco Road,Nadia Reyes,164,,Drive Thru,,8/11/25 11:55 AM,8/11/25 12:01 PM,6 minutes and 11 seconds,KDS - Login Don't Delete
12060 Potranco Road,Nadia Reyes,167,,Food,,8/11/25 11:56 AM,8/11/25 12:04 PM,7 minutes and 44 seconds,KDS - Login Don't Delete
12060 Potranco Road,Nadia Reyes,167,,Drive Thru,,8/11/25 11:56 AM,8/11/25 12:04 PM,7 minutes and 44 seconds,KDS - Login Don't Delete
12060 Potranco Road,Sugey Cabrera,166,17,,1,8/11/25 12:00 PM,8/11/25 12:08 PM,8 minutes and 17 seconds,KDS - Login Don't Delete
12060 Potranco Road,Leticia Roman,172,1,Food,,8/11/25 12:05 PM,8/11/25 12:10 PM,5 minutes and 31 seconds,KDS - Login Don't Delete
12060 Potranco Road,Leticia Roman,172,1,No Print,,8/11/25 12:05 PM,8/11/25 12:10 PM,5 minutes and 31 seconds,KDS - Login Don't Delete
12060 Potranco Road,Leticia Roman,158,35,,1,8/11/25 11:44 AM,8/11/25 12:11 PM,27 minutes and 9 seconds,KDS - Login Don't Delete
12060 Potranco Road,Leticia Roman,152,2,,1,8/11/25 11:51 AM,8/11/25 12:11 PM,19 minutes and 48 seconds,KDS - Login Don't Delete
12060 Potranco Road,Leticia Roman,161,22,,1,8/11/25 11:59 AM,8/11/25 12:11 PM,12 minutes and 2 seconds,KDS - Login Don't Delete
12060 Potranco Road,Leticia Roman,172,1,,1,8/11/25 12:10 PM,8/11/25 12:11 PM,38 seconds,KDS - Login Don't Delete
12060 Potranco Road,Sugey Cabrera,173,23,,1,8/11/25 12:07 PM,8/11/25 12:13 PM,5 minutes and 19 seconds,KDS - Login Don't Delete
12060 Potranco Road,Zoila Salinas,162,,,1,8/11/25 11:58 AM,8/11/25 12:13 PM,15 minutes and 16 seconds,KDS - Login Don't Delete
12060 Potranco Road,Sugey Cabrera,170,3,Food,,8/11/25 12:04 PM,8/11/25 12:15 PM,11 minutes and 18 seconds,KDS - Login Don't Delete
12060 Potranco Road,Sugey Cabrera,170,3,No Print,,8/11/25 12:04 PM,8/11/25 12:15 PM,11 minutes and 18 seconds,KDS - Login Don't Delete
12060 Potranco Road,Gabriel Tovar ,171,27,Food,,8/11/25 12:06 PM,8/11/25 12:16 PM,9 minutes and 56 seconds,KDS - Login Don't Delete
12060 Potranco Road,Gabriel Tovar ,171,27,No Print,,8/11/25 12:06 PM,8/11/25 12:16 PM,9 minutes and 56 seconds,KDS - Login Don't Delete
12060 Potranco Road,Gabriel Tovar ,171,27,Drive Thru,,8/11/25 12:06 PM,8/11/25 12:16 PM,9 minutes and 56 seconds,KDS - Login Don't Delete
12060 Potranco Road,Gabriel Tovar ,171,27,Drinks,,8/11/25 12:06 PM,8/11/25 12:16 PM,9 minutes and 56 seconds,KDS - Login Don't Delete
12060 Potranco Road,Nadia Reyes,174,,Food,,8/11/25 12:12 PM,8/11/25 12:16 PM,3 minutes and 50 seconds,KDS - Login Don't Delete
12060 Potranco Road,Nadia Reyes,174,,Drive Thru,,8/11/25 12:12 PM,8/11/25 12:16 PM,3 minutes and 50 seconds,KDS - Login Don't Delete
12060 Potranco Road,Gabriel Tovar ,171,27,,1,8/11/25 12:16 PM,8/11/25 12:17 PM,1 minute and 10 seconds,KDS - Login Don't Delete
12060 Potranco Road,Sugey Cabrera,170,3,,1,8/11/25 12:15 PM,8/11/25 12:17 PM,1 minute and 45 seconds,KDS - Login Don't Delete
12060 Potranco Road,Gabriel Tovar ,175,16,Food,,8/11/25 12:19 PM,8/11/25 12:24 PM,4 minutes and 30 seconds,KDS - Login Don't Delete
12060 Potranco Road,Gabriel Tovar ,175,16,No Print,,8/11/25 12:19 PM,8/11/25 12:24 PM,4 minutes and 30 seconds,KDS - Login Don't Delete
12060 Potranco Road,Sugey Cabrera,166,17,Food,,8/11/25 12:23 PM,8/11/25 12:27 PM,3 minutes and 31 seconds,KDS - Login Don't Delete
12060 Potranco Road,Sugey Cabrera,166,17,No Print,,8/11/25 12:23 PM,8/11/25 12:27 PM,3 minutes and 31 seconds,KDS - Login Don't Delete
12060 Potranco Road,Leticia Roman,176,34,,1,8/11/25 12:23 PM,8/11/25 12:30 PM,6 minutes and 22 seconds,KDS - Login Don't Delete
12060 Potranco Road,Sugey Cabrera,170,3,,1,8/11/25 12:29 PM,8/11/25 12:30 PM,1 minute and 31 seconds,KDS - Login Don't Delete
12060 Potranco Road,Zoila Salinas,177,,,1,8/11/25 12:22 PM,8/11/25 12:30 PM,8 minutes and 6 seconds,KDS - Login Don't Delete
12060 Potranco Road,Sugey Cabrera,181,20,Food,,8/11/25 12:30 PM,8/11/25 12:35 PM,4 minutes and 38 seconds,KDS - Login Don't Delete
12060 Potranco Road,Sugey Cabrera,181,20,No Print,,8/11/25 12:30 PM,8/11/25 12:35 PM,4 minutes and 38 seconds,KDS - Login Don't Delete
12060 Potranco Road,Sugey Cabrera,181,20,Drive Thru,,8/11/25 12:30 PM,8/11/25 12:35 PM,4 minutes and 38 seconds,KDS - Login Don't Delete
12060 Potranco Road,Nadia Reyes,179,,Food,,8/11/25 12:24 PM,8/11/25 12:35 PM,11 minutes and 21 seconds,KDS - Login Don't Delete
12060 Potranco Road,Nadia Reyes,179,,Drive Thru,,8/11/25 12:24 PM,8/11/25 12:35 PM,11 minutes and 21 seconds,KDS - Login Don't Delete
12060 Potranco Road,Sugey Cabrera,166,17,,1,8/11/25 12:27 PM,8/11/25 12:35 PM,8 minutes and 11 seconds,KDS - Login Don't Delete
12060 Potranco Road,Sugey Cabrera,181,20,,1,8/11/25 12:35 PM,8/11/25 12:35 PM,29 seconds,KDS - Login Don't Delete
12060 Potranco Road,Gabriel Tovar ,175,16,,1,8/11/25 12:24 PM,8/11/25 12:35 PM,11 minutes and 30 seconds,KDS - Login Don't Delete
12060 Potranco Road,Nadia Reyes,182,,Food,,8/11/25 12:30 PM,8/11/25 12:36 PM,6 minutes,KDS - Login Don't Delete
12060 Potranco Road,Nadia Reyes,182,,Drive Thru,,8/11/25 12:30 PM,8/11/25 12:36 PM,6 minutes,KDS - Login Don't Delete
12060 Potranco Road,Gabriel Tovar ,183,6,Food,,8/11/25 12:32 PM,8/11/25 12:40 PM,7 minutes and 31 seconds,KDS - Login Don't Delete
12060 Potranco Road,Gabriel Tovar ,183,6,No Print,,8/11/25 12:32 PM,8/11/25 12:40 PM,7 minutes and 31 seconds,KDS - Login Don't Delete
12060 Potranco Road,Gabriel Tovar ,183,6,,1,8/11/25 12:40 PM,8/11/25 12:42 PM,2 minutes and 14 seconds,KDS - Login Don't Delete
12060 Potranco Road,Gabriel Tovar ,185,14,Food,,8/11/25 12:37 PM,8/11/25 12:43 PM,6 minutes and 28 seconds,KDS - Login Don't Delete
12060 Potranco Road,Gabriel Tovar ,185,14,No Print,,8/11/25 12:37 PM,8/11/25 12:43 PM,6 minutes and 28 seconds,KDS - Login Don't Delete
12060 Potranco Road,Nadia Reyes,184,,Food,,8/11/25 12:35 PM,8/11/25 12:45 PM,10 minutes and 24 seconds,KDS - Login Don't Delete
12060 Potranco Road,Nadia Reyes,184,,Drive Thru,,8/11/25 12:35 PM,8/11/25 12:45 PM,10 minutes and 24 seconds,KDS - Login Don't Delete
12060 Potranco Road,Nadia Reyes,187,,No Print,,8/11/25 12:38 PM,8/11/25 12:45 PM,7 minutes,KDS - Login Don't Delete
12060 Potranco Road,Nadia Reyes,187,,Drinks,,8/11/25 12:38 PM,8/11/25 12:45 PM,7 minutes,KDS - Login Don't Delete
12060 Potranco Road,Nadia Reyes,187,,Food,,8/11/25 12:38 PM,8/11/25 12:45 PM,7 minutes,KDS - Login Don't Delete
12060 Potranco Road,Nadia Reyes,187,,Drive Thru,,8/11/25 12:38 PM,8/11/25 12:45 PM,7 minutes,KDS - Login Don't Delete
12060 Potranco Road,Nadia Reyes,188,,Food,,8/11/25 12:40 PM,8/11/25 12:46 PM,6 minutes and 21 seconds,KDS - Login Don't Delete
12060 Potranco Road,Nadia Reyes,188,,Drive Thru,,8/11/25 12:40 PM,8/11/25 12:46 PM,6 minutes and 21 seconds,KDS - Login Don't Delete
12060 Potranco Road,Nadia Reyes,189,,Food,,8/11/25 12:42 PM,8/11/25 12:47 PM,5 minutes and 27 seconds,KDS - Login Don't Delete
12060 Potranco Road,Nadia Reyes,189,,Drive Thru,,8/11/25 12:42 PM,8/11/25 12:47 PM,5 minutes and 27 seconds,KDS - Login Don't Delete
12060 Potranco Road,Nadia Reyes,190,,Food,,8/11/25 12:42 PM,8/11/25 12:49 PM,7 minutes and 10 seconds,KDS - Login Don't Delete
12060 Potranco Road,Nadia Reyes,190,,Drive Thru,,8/11/25 12:42 PM,8/11/25 12:49 PM,7 minutes and 10 seconds,KDS - Login Don't Delete
12060 Potranco Road,Nadia Reyes,191,,Food,,8/11/25 12:43 PM,8/11/25 12:50 PM,7 minutes and 6 seconds,KDS - Login Don't Delete
12060 Potranco Road,Nadia Reyes,191,,Drive Thru,,8/11/25 12:43 PM,8/11/25 12:50 PM,7 minutes and 6 seconds,KDS - Login Don't Delete
12060 Potranco Road,Gabriel Tovar ,185,14,,1,8/11/25 12:43 PM,8/11/25 1:00 PM,16 minutes and 40 seconds,KDS - Login Don't Delete
12060 Potranco Road,Sugey Cabrera,192,2,Food,,8/11/25 12:53 PM,8/11/25 1:01 PM,7 minutes and 51 seconds,KDS - Login Don't Delete
12060 Potranco Road,Sugey Cabrera,192,2,No Print,,8/11/25 12:53 PM,8/11/25 1:01 PM,7 minutes and 51 seconds,KDS - Login Don't Delete
12060 Potranco Road,Sugey Cabrera,192,2,Drive Thru,,8/11/25 12:53 PM,8/11/25 1:01 PM,7 minutes and 51 seconds,KDS - Login Don't Delete
12060 Potranco Road,Gabriel Tovar ,195,15,Food,,8/11/25 1:07 PM,8/11/25 1:16 PM,9 minutes and 19 seconds,KDS - Login Don't Delete
12060 Potranco Road,Gabriel Tovar ,195,15,No Print,,8/11/25 1:07 PM,8/11/25 1:16 PM,9 minutes and 19 seconds,KDS - Login Don't Delete
12060 Potranco Road,Nadia Reyes,196,,Food,,8/11/25 1:14 PM,8/11/25 1:18 PM,3 minutes and 49 seconds,KDS - Login Don't Delete
12060 Potranco Road,Nadia Reyes,196,,Drive Thru,,8/11/25 1:14 PM,8/11/25 1:18 PM,3 minutes and 49 seconds,KDS - Login Don't Delete
12060 Potranco Road,Sugey Cabrera,197,34,Food,,8/11/25 1:15 PM,8/11/25 1:20 PM,4 minutes and 43 seconds,KDS - Login Don't Delete
12060 Potranco Road,Sugey Cabrera,197,34,No Print,,8/11/25 1:15 PM,8/11/25 1:20 PM,4 minutes and 43 seconds,KDS - Login Don't Delete
12060 Potranco Road,Nadia Reyes,199,,Food,,8/11/25 1:17 PM,8/11/25 1:21 PM,4 minutes and 41 seconds,KDS - Login Don't Delete
12060 Potranco Road,Nadia Reyes,199,,Drive Thru,,8/11/25 1:17 PM,8/11/25 1:21 PM,4 minutes and 41 seconds,KDS - Login Don't Delete
12060 Potranco Road,Sugey Cabrera,192,2,,1,8/11/25 1:01 PM,8/11/25 1:21 PM,20 minutes and 50 seconds,KDS - Login Don't Delete
12060 Potranco Road,Gabriel Tovar ,195,15,,1,8/11/25 1:07 PM,8/11/25 1:22 PM,15 minutes and 22 seconds,KDS - Login Don't Delete
12060 Potranco Road,Sugey Cabrera,197,34,,1,8/11/25 1:15 PM,8/11/25 1:22 PM,6 minutes and 32 seconds,KDS - Login Don't Delete
12060 Potranco Road,Gabriel Tovar ,198,5,Food,,8/11/25 1:16 PM,8/11/25 1:23 PM,6 minutes and 19 seconds,KDS - Login Don't Delete
12060 Potranco Road,Gabriel Tovar ,198,5,No Print,,8/11/25 1:16 PM,8/11/25 1:23 PM,6 minutes and 19 seconds,KDS - Login Don't Delete
12060 Potranco Road,Nadia Reyes,200,,Food,,8/11/25 1:17 PM,8/11/25 1:23 PM,6 minutes and 9 seconds,KDS - Login Don't Delete
12060 Potranco Road,Nadia Reyes,200,,Drive Thru,,8/11/25 1:17 PM,8/11/25 1:23 PM,6 minutes and 9 seconds,KDS - Login Don't Delete
12060 Potranco Road,Nadia Reyes,203,,Food,,8/11/25 1:33 PM,8/11/25 1:35 PM,2 minutes and 44 seconds,KDS - Login Don't Delete
12060 Potranco Road,Nadia Reyes,203,,Drive Thru,,8/11/25 1:33 PM,8/11/25 1:35 PM,2 minutes and 44 seconds,KDS - Login Don't Delete
12060 Potranco Road,Nadia Reyes,204,,Food,,8/11/25 1:34 PM,8/11/25 1:39 PM,4 minutes and 27 seconds,KDS - Login Don't Delete
12060 Potranco Road,Nadia Reyes,204,,Drive Thru,,8/11/25 1:34 PM,8/11/25 1:39 PM,4 minutes and 27 seconds,KDS - Login Don't Delete
12060 Potranco Road,Gabriel Tovar ,195,15,Food,,8/11/25 1:39 PM,8/11/25 1:40 PM,28 seconds,KDS - Login Don't Delete
12060 Potranco Road,Sugey Cabrera,202,21,Food,,8/11/25 1:28 PM,8/11/25 1:40 PM,11 minutes and 51 seconds,KDS - Login Don't Delete
12060 Potranco Road,Sugey Cabrera,202,21,No Print,,8/11/25 1:28 PM,8/11/25 1:40 PM,11 minutes and 51 seconds,KDS - Login Don't Delete
12060 Potranco Road,Leticia Roman,201,37,Food,,8/11/25 1:31 PM,8/11/25 1:41 PM,9 minutes and 58 seconds,KDS - Login Don't Delete
12060 Potranco Road,Leticia Roman,201,37,No Print,,8/11/25 1:31 PM,8/11/25 1:41 PM,9 minutes and 58 seconds,KDS - Login Don't Delete
12060 Potranco Road,Leticia Roman,201,37,Drive Thru,,8/11/25 1:31 PM,8/11/25 1:41 PM,9 minutes and 58 seconds,KDS - Login Don't Delete
12060 Potranco Road,Gabriel Tovar ,206,3,Food,,8/11/25 1:47 PM,8/11/25 1:51 PM,3 minutes and 18 seconds,KDS - Login Don't Delete
12060 Potranco Road,Gabriel Tovar ,206,3,No Print,,8/11/25 1:47 PM,8/11/25 1:51 PM,3 minutes and 18 seconds,KDS - Login Don't Delete
12060 Potranco Road,Sugey Cabrera,197,34,Food,,8/11/25 1:43 PM,8/11/25 1:51 PM,7 minutes and 58 seconds,KDS - Login Don't Delete
12060 Potranco Road,Sugey Cabrera,197,34,,1,8/11/25 1:51 PM,8/11/25 1:55 PM,4 minutes and 14 seconds,KDS - Login Don't Delete
12060 Potranco Road,Leticia Roman,201,37,,1,8/11/25 1:41 PM,8/11/25 1:55 PM,13 minutes and 51 seconds,KDS - Login Don't Delete
12060 Potranco Road,Gabriel Tovar ,206,3,,1,8/11/25 1:51 PM,8/11/25 1:55 PM,4 minutes and 17 seconds,KDS - Login Don't Delete
12060 Potranco Road,Sugey Cabrera,202,21,,1,8/11/25 1:40 PM,8/11/25 1:55 PM,15 minutes and 23 seconds,KDS - Login Don't Delete
12060 Potranco Road,Gabriel Tovar ,198,5,,1,8/11/25 1:23 PM,8/11/25 1:55 PM,32 minutes and 11 seconds,KDS - Login Don't Delete
12060 Potranco Road,Gabriel Tovar ,195,15,,1,8/11/25 1:40 PM,8/11/25 1:55 PM,15 minutes and 22 seconds,KDS - Login Don't Delete
12060 Potranco Road,Gabriel Tovar ,195,15,,1,8/11/25 1:27 PM,8/11/25 1:55 PM,27 minutes and 35 seconds,KDS - Login Don't Delete
12060 Potranco Road,Nadia Reyes,208,,Food,,8/11/25 1:52 PM,8/11/25 1:56 PM,3 minutes and 29 seconds,KDS - Login Don't Delete
12060 Potranco Road,Nadia Reyes,208,,Drive Thru,,8/11/25 1:52 PM,8/11/25 1:56 PM,3 minutes and 29 seconds,KDS - Login Don't Delete
12060 Potranco Road,Nadia Reyes,209,,Food,,8/11/25 1:54 PM,8/11/25 2:00 PM,5 minutes and 46 seconds,KDS - Login Don't Delete
12060 Potranco Road,Nadia Reyes,209,,Drive Thru,,8/11/25 1:54 PM,8/11/25 2:00 PM,5 minutes and 46 seconds,KDS - Login Don't Delete
12060 Potranco Road,Leticia Roman,207,8,Food,,8/11/25 2:01 PM,8/11/25 2:02 PM,35 seconds,KDS - Login Don't Delete
12060 Potranco Road,Leticia Roman,207,8,No Print,,8/11/25 2:01 PM,8/11/25 2:02 PM,35 seconds,KDS - Login Don't Delete
12060 Potranco Road,Leticia Roman,207,8,Food,,8/11/25 1:52 PM,8/11/25 2:02 PM,9 minutes and 41 seconds,KDS - Login Don't Delete
12060 Potranco Road,Leticia Roman,207,8,No Print,,8/11/25 1:52 PM,8/11/25 2:02 PM,9 minutes and 41 seconds,KDS - Login Don't Delete
12060 Potranco Road,Leticia Roman,201,37,Food,,8/11/25 1:56 PM,8/11/25 2:03 PM,6 minutes and 3 seconds,KDS - Login Don't Delete
12060 Potranco Road,Leticia Roman,201,37,No Print,,8/11/25 1:56 PM,8/11/25 2:03 PM,6 minutes and 3 seconds,KDS - Login Don't Delete
12060 Potranco Road,Sugey Cabrera,210,23,Food,,8/11/25 1:56 PM,8/11/25 2:04 PM,7 minutes and 45 seconds,KDS - Login Don't Delete
12060 Potranco Road,Sugey Cabrera,210,23,No Print,,8/11/25 1:56 PM,8/11/25 2:04 PM,7 minutes and 45 seconds,KDS - Login Don't Delete
12060 Potranco Road,Sugey Cabrera,210,23,,1,8/11/25 2:04 PM,8/11/25 2:06 PM,1 minute and 36 seconds,KDS - Login Don't Delete
12060 Potranco Road,Nadia Reyes,208,,Food,,8/11/25 2:06 PM,8/11/25 2:09 PM,2 minutes and 46 seconds,KDS - Login Don't Delete
12060 Potranco Road,Nadia Reyes,208,,Drive Thru,,8/11/25 2:06 PM,8/11/25 2:09 PM,2 minutes and 46 seconds,KDS - Login Don't Delete
12060 Potranco Road,Leticia Roman,207,8,,1,8/11/25 2:02 PM,8/11/25 2:11 PM,9 minutes and 7 seconds,KDS - Login Don't Delete
12060 Potranco Road,Leticia Roman,201,37,,1,8/11/25 2:03 PM,8/11/25 2:11 PM,8 minutes and 10 seconds,KDS - Login Don't Delete
12060 Potranco Road,Mario Jimenez,212,,Food,,8/11/25 2:17 PM,8/11/25 2:19 PM,1 minute and 19 seconds,KDS - Login Don't Delete
12060 Potranco Road,Mario Jimenez,212,,Drive Thru,,8/11/25 2:17 PM,8/11/25 2:19 PM,1 minute and 19 seconds,KDS - Login Don't Delete
12060 Potranco Road,Leticia Roman,207,8,,1,8/11/25 2:02 PM,8/11/25 2:21 PM,19 minutes and 56 seconds,KDS - Login Don't Delete
12060 Potranco Road,Lisa Velasquez,218,4,Food,,8/11/25 2:17 PM,8/11/25 2:25 PM,8 minutes and 23 seconds,KDS - Login Don't Delete
12060 Potranco Road,Lisa Velasquez,218,4,No Print,,8/11/25 2:17 PM,8/11/25 2:25 PM,8 minutes and 23 seconds,KDS - Login Don't Delete
12060 Potranco Road,Lisa Velasquez,221,,Food,,8/11/25 2:25 PM,8/11/25 2:27 PM,2 minutes and 6 seconds,KDS - Login Don't Delete
12060 Potranco Road,Lisa Velasquez,221,,No Print,,8/11/25 2:25 PM,8/11/25 2:27 PM,2 minutes and 6 seconds,KDS - Login Don't Delete
12060 Potranco Road,Lisa Velasquez,224,21,Food,,8/11/25 2:36 PM,8/11/25 2:40 PM,4 minutes and 31 seconds,KDS - Login Don't Delete
12060 Potranco Road,Lisa Velasquez,224,21,No Print,,8/11/25 2:36 PM,8/11/25 2:40 PM,4 minutes and 31 seconds,KDS - Login Don't Delete
12060 Potranco Road,Lisa Velasquez,223,2,Food,,8/11/25 2:33 PM,8/11/25 2:40 PM,7 minutes and 26 seconds,KDS - Login Don't Delete
12060 Potranco Road,Lisa Velasquez,223,2,No Print,,8/11/25 2:33 PM,8/11/25 2:40 PM,7 minutes and 26 seconds,KDS - Login Don't Delete
12060 Potranco Road,Lisa Velasquez,224,21,,1,8/11/25 2:40 PM,8/11/25 2:42 PM,1 minute and 34 seconds,KDS - Login Don't Delete
12060 Potranco Road,Lisa Velasquez,223,2,,1,8/11/25 2:40 PM,8/11/25 2:42 PM,1 minute and 34 seconds,KDS - Login Don't Delete
12060 Potranco Road,Lisa Velasquez,218,4,,1,8/11/25 2:25 PM,8/11/25 2:42 PM,16 minutes and 18 seconds,KDS - Login Don't Delete
12060 Potranco Road,Lisa Velasquez,221,,,1,8/11/25 2:27 PM,8/11/25 2:42 PM,14 minutes and 46 seconds,KDS - Login Don't Delete
12060 Potranco Road,Mario Jimenez,227,,Food,,8/11/25 2:40 PM,8/11/25 2:47 PM,7 minutes and 28 seconds,KDS - Login Don't Delete
12060 Potranco Road,Mario Jimenez,227,,Drive Thru,,8/11/25 2:40 PM,8/11/25 2:47 PM,7 minutes and 28 seconds,KDS - Login Don't Delete
12060 Potranco Road,Lisa Velasquez,231,11,Food,,8/11/25 3:11 PM,8/11/25 3:19 PM,8 minutes and 20 seconds,KDS - Login Don't Delete
12060 Potranco Road,Lisa Velasquez,231,11,No Print,,8/11/25 3:11 PM,8/11/25 3:19 PM,8 minutes and 20 seconds,KDS - Login Don't Delete
12060 Potranco Road,Lisa Velasquez,228,1,Food,,8/11/25 2:55 PM,8/11/25 3:19 PM,24 minutes and 26 seconds,KDS - Login Don't Delete
12060 Potranco Road,Lisa Velasquez,228,1,No Print,,8/11/25 2:55 PM,8/11/25 3:19 PM,24 minutes and 26 seconds,KDS - Login Don't Delete
12060 Potranco Road,Lisa Velasquez,228,1,,1,8/11/25 3:19 PM,8/11/25 3:21 PM,2 minutes and 1 second,KDS - Login Don't Delete
12060 Potranco Road,Lisa Velasquez,231,11,,1,8/11/25 3:19 PM,8/11/25 3:27 PM,7 minutes and 13 seconds,KDS - Login Don't Delete
12060 Potranco Road,Mario Jimenez,233,,Food,,8/11/25 3:27 PM,8/11/25 3:36 PM,9 minutes and 20 seconds,KDS - Login Don't Delete
12060 Potranco Road,Mario Jimenez,233,,Drive Thru,,8/11/25 3:27 PM,8/11/25 3:36 PM,9 minutes and 20 seconds,KDS - Login Don't Delete
12060 Potranco Road,Lisa Velasquez,232,21,Food,,8/11/25 3:19 PM,8/11/25 3:37 PM,17 minutes and 3 seconds,KDS - Login Don't Delete
12060 Potranco Road,Lisa Velasquez,232,21,No Print,,8/11/25 3:19 PM,8/11/25 3:37 PM,17 minutes and 3 seconds,KDS - Login Don't Delete
12060 Potranco Road,Lisa Velasquez,232,21,Drive Thru,,8/11/25 3:19 PM,8/11/25 3:37 PM,17 minutes and 3 seconds,KDS - Login Don't Delete
12060 Potranco Road,Lisa Velasquez,228,1,Food,,8/11/25 3:41 PM,8/11/25 3:49 PM,8 minutes and 19 seconds,KDS - Login Don't Delete
12060 Potranco Road,Lisa Velasquez,228,1,No Print,,8/11/25 3:41 PM,8/11/25 3:49 PM,8 minutes and 19 seconds,KDS - Login Don't Delete
12060 Potranco Road,Lisa Velasquez,232,21,,1,8/11/25 3:37 PM,8/11/25 4:32 PM,55 minutes and 27 seconds,KDS - Login Don't Delete
12060 Potranco Road,Lisa Velasquez,228,1,,1,8/11/25 3:49 PM,8/11/25 4:32 PM,43 minutes and 8 seconds,KDS - Login Don't Delete
12060 Potranco Road,Mario Jimenez,234,,Food,,8/11/25 4:31 PM,8/11/25 4:38 PM,6 minutes and 51 seconds,KDS - Login Don't Delete
12060 Potranco Road,Mario Jimenez,234,,Drive Thru,,8/11/25 4:31 PM,8/11/25 4:38 PM,6 minutes and 51 seconds,KDS - Login Don't Delete
12060 Potranco Road,Mario Jimenez,235,,Food,,8/11/25 4:31 PM,8/11/25 4:38 PM,6 minutes and 16 seconds,KDS - Login Don't Delete
12060 Potranco Road,Mario Jimenez,235,,Drive Thru,,8/11/25 4:31 PM,8/11/25 4:38 PM,6 minutes and 16 seconds,KDS - Login Don't Delete
12060 Potranco Road,Mario Jimenez,237,,Food,,8/11/25 4:37 PM,8/11/25 4:43 PM,6 minutes and 11 seconds,KDS - Login Don't Delete
12060 Potranco Road,Mario Jimenez,237,,Drive Thru,,8/11/25 4:37 PM,8/11/25 4:43 PM,6 minutes and 11 seconds,KDS - Login Don't Delete
12060 Potranco Road,Mario Jimenez,238,,Food,,8/11/25 4:42 PM,8/11/25 4:44 PM,2 minutes and 24 seconds,KDS - Login Don't Delete
12060 Potranco Road,Mario Jimenez,238,,Drive Thru,,8/11/25 4:42 PM,8/11/25 4:44 PM,2 minutes and 24 seconds,KDS - Login Don't Delete
12060 Potranco Road,Lisa Velasquez,236,17,Food,,8/11/25 4:36 PM,8/11/25 4:52 PM,15 minutes and 45 seconds,KDS - Login Don't Delete
12060 Potranco Road,Lisa Velasquez,236,17,No Print,,8/11/25 4:36 PM,8/11/25 4:52 PM,15 minutes and 45 seconds,KDS - Login Don't Delete
12060 Potranco Road,Lisa Velasquez,236,17,,1,8/11/25 4:52 PM,8/11/25 5:10 PM,17 minutes and 45 seconds,KDS - Login Don't Delete
12060 Potranco Road,Lisa Velasquez,240,3,Food,,8/11/25 4:57 PM,8/11/25 5:11 PM,14 minutes and 25 seconds,KDS - Login Don't Delete
12060 Potranco Road,Lisa Velasquez,240,3,No Print,,8/11/25 4:57 PM,8/11/25 5:11 PM,14 minutes and 25 seconds,KDS - Login Don't Delete
12060 Potranco Road,Mario Jimenez,241,,No Print,,8/11/25 5:03 PM,8/11/25 5:12 PM,9 minutes and 20 seconds,KDS - Login Don't Delete
12060 Potranco Road,Mario Jimenez,241,,Drinks,,8/11/25 5:03 PM,8/11/25 5:12 PM,9 minutes and 20 seconds,KDS - Login Don't Delete
12060 Potranco Road,Mario Jimenez,241,,Food,,8/11/25 5:03 PM,8/11/25 5:12 PM,9 minutes and 20 seconds,KDS - Login Don't Delete
12060 Potranco Road,Mario Jimenez,241,,Drive Thru,,8/11/25 5:03 PM,8/11/25 5:12 PM,9 minutes and 20 seconds,KDS - Login Don't Delete
12060 Potranco Road,Mario Jimenez,239,,Food,,8/11/25 5:19 PM,8/11/25 5:29 PM,9 minutes and 40 seconds,KDS - Login Don't Delete
12060 Potranco Road,Mario Jimenez,239,,Drive Thru,,8/11/25 5:19 PM,8/11/25 5:29 PM,9 minutes and 40 seconds,KDS - Login Don't Delete
12060 Potranco Road,Mario Jimenez,242,,Food,,8/11/25 5:22 PM,8/11/25 5:29 PM,7 minutes and 8 seconds,KDS - Login Don't Delete
12060 Potranco Road,Mario Jimenez,242,,Drive Thru,,8/11/25 5:22 PM,8/11/25 5:29 PM,7 minutes and 8 seconds,KDS - Login Don't Delete
12060 Potranco Road,Lisa Velasquez,240,3,Food,,8/11/25 5:34 PM,8/11/25 5:44 PM,10 minutes and 19 seconds,KDS - Login Don't Delete
12060 Potranco Road,Lisa Velasquez,240,3,No Print,,8/11/25 5:34 PM,8/11/25 5:44 PM,10 minutes and 19 seconds,KDS - Login Don't Delete
12060 Potranco Road,Lisa Velasquez,240,3,Drive Thru,,8/11/25 5:34 PM,8/11/25 5:44 PM,10 minutes and 19 seconds,KDS - Login Don't Delete
12060 Potranco Road,Mario Jimenez,243,,Food,,8/11/25 5:33 PM,8/11/25 5:44 PM,11 minutes and 1 second,KDS - Login Don't Delete
12060 Potranco Road,Mario Jimenez,243,,Drive Thru,,8/11/25 5:33 PM,8/11/25 5:44 PM,11 minutes and 1 second,KDS - Login Don't Delete
12060 Potranco Road,Mario Jimenez,247,,Food,,8/11/25 5:52 PM,8/11/25 6:03 PM,11 minutes and 11 seconds,KDS - Login Don't Delete
12060 Potranco Road,Mario Jimenez,247,,Drive Thru,,8/11/25 5:52 PM,8/11/25 6:03 PM,11 minutes and 11 seconds,KDS - Login Don't Delete
12060 Potranco Road,Mario Jimenez,248,,Food,,8/11/25 6:00 PM,8/11/25 6:06 PM,5 minutes and 45 seconds,KDS - Login Don't Delete
12060 Potranco Road,Mario Jimenez,248,,Drive Thru,,8/11/25 6:00 PM,8/11/25 6:06 PM,5 minutes and 45 seconds,KDS - Login Don't Delete
12060 Potranco Road,Rosalinda Rodriguez,246,37,Food,,8/11/25 5:49 PM,8/11/25 6:09 PM,20 minutes and 8 seconds,KDS - Login Don't Delete
12060 Potranco Road,Rosalinda Rodriguez,246,37,No Print,,8/11/25 5:49 PM,8/11/25 6:09 PM,20 minutes and 8 seconds,KDS - Login Don't Delete
12060 Potranco Road,Lisa Velasquez,240,3,,1,8/11/25 5:11 PM,8/11/25 6:18 PM,"1 hour, 6 minutes and 21 seconds",KDS - Login Don't Delete
12060 Potranco Road,Lisa Velasquez,240,3,,1,8/11/25 5:44 PM,8/11/25 6:18 PM,33 minutes and 58 seconds,KDS - Login Don't Delete
12060 Potranco Road,Rosalinda Rodriguez,246,37,,1,8/11/25 6:09 PM,8/11/25 6:18 PM,8 minutes and 46 seconds,KDS - Login Don't Delete
12060 Potranco Road,Lisa Velasquez,250,12,Food,,8/11/25 6:04 PM,8/11/25 6:19 PM,14 minutes and 42 seconds,KDS - Login Don't Delete
12060 Potranco Road,Lisa Velasquez,250,12,No Print,,8/11/25 6:04 PM,8/11/25 6:19 PM,14 minutes and 42 seconds,KDS - Login Don't Delete
12060 Potranco Road,Lisa Velasquez,252,15,Food,,8/11/25 6:18 PM,8/11/25 6:24 PM,6 minutes and 1 second,KDS - Login Don't Delete
12060 Potranco Road,Lisa Velasquez,252,15,No Print,,8/11/25 6:18 PM,8/11/25 6:24 PM,6 minutes and 1 second,KDS - Login Don't Delete
12060 Potranco Road,Rosalinda Rodriguez,251,8,Drive Thru,,8/11/25 6:24 PM,8/11/25 6:33 PM,9 minutes and 30 seconds,KDS - Login Don't Delete
12060 Potranco Road,Rosalinda Rodriguez,251,8,Food,,8/11/25 6:24 PM,8/11/25 6:33 PM,9 minutes and 30 seconds,KDS - Login Don't Delete
12060 Potranco Road,Rosalinda Rodriguez,251,8,No Print,,8/11/25 6:24 PM,8/11/25 6:33 PM,9 minutes and 30 seconds,KDS - Login Don't Delete
12060 Potranco Road,Rosalinda Rodriguez,251,8,,1,8/11/25 6:33 PM,8/11/25 6:36 PM,2 minutes and 37 seconds,KDS - Login Don't Delete
12060 Potranco Road,Rosalinda Rodriguez,253,5,Food,,8/11/25 6:26 PM,8/11/25 6:39 PM,12 minutes and 43 seconds,KDS - Login Don't Delete
12060 Potranco Road,Rosalinda Rodriguez,253,5,No Print,,8/11/25 6:26 PM,8/11/25 6:39 PM,12 minutes and 43 seconds,KDS - Login Don't Delete
12060 Potranco Road,Rosalinda Rodriguez,253,5,Drive Thru,,8/11/25 6:26 PM,8/11/25 6:39 PM,12 minutes and 43 seconds,KDS - Login Don't Delete
12060 Potranco Road,Rosalinda Rodriguez,253,5,,1,8/11/25 6:39 PM,8/11/25 6:39 PM,3 seconds,KDS - Login Don't Delete
12060 Potranco Road,Lisa Velasquez,250,12,,1,8/11/25 6:19 PM,8/11/25 6:39 PM,20 minutes and 9 seconds,KDS - Login Don't Delete
12060 Potranco Road,Lisa Velasquez,252,15,,1,8/11/25 6:24 PM,8/11/25 6:39 PM,14 minutes and 51 seconds,KDS - Login Don't Delete
12060 Potranco Road,Lisa Velasquez,254,21,Food,,8/11/25 6:31 PM,8/11/25 6:47 PM,16 minutes and 8 seconds,KDS - Login Don't Delete
12060 Potranco Road,Lisa Velasquez,254,21,No Print,,8/11/25 6:31 PM,8/11/25 6:47 PM,16 minutes and 8 seconds,KDS - Login Don't Delete
12060 Potranco Road,Mario Jimenez,259,,Food,,8/11/25 6:47 PM,8/11/25 6:50 PM,3 minutes and 27 seconds,KDS - Login Don't Delete
12060 Potranco Road,Mario Jimenez,259,,Drive Thru,,8/11/25 6:47 PM,8/11/25 6:50 PM,3 minutes and 27 seconds,KDS - Login Don't Delete
12060 Potranco Road,Rosalinda Rodriguez,258,26,Food,,8/11/25 6:51 PM,8/11/25 7:00 PM,9 minutes and 15 seconds,KDS - Login Don't Delete
12060 Potranco Road,Rosalinda Rodriguez,258,26,No Print,,8/11/25 6:51 PM,8/11/25 7:00 PM,9 minutes and 15 seconds,KDS - Login Don't Delete
12060 Potranco Road,Lisa Velasquez,260,16,Food,,8/11/25 6:53 PM,8/11/25 7:08 PM,14 minutes and 22 seconds,KDS - Login Don't Delete
12060 Potranco Road,Lisa Velasquez,260,16,No Print,,8/11/25 6:53 PM,8/11/25 7:08 PM,14 minutes and 22 seconds,KDS - Login Don't Delete
12060 Potranco Road,Rosalinda Rodriguez,262,2,Food,,8/11/25 7:02 PM,8/11/25 7:08 PM,5 minutes and 36 seconds,KDS - Login Don't Delete
12060 Potranco Road,Rosalinda Rodriguez,262,2,No Print,,8/11/25 7:02 PM,8/11/25 7:08 PM,5 minutes and 36 seconds,KDS - Login Don't Delete
12060 Potranco Road,Lisa Velasquez,261,23,Food,,8/11/25 6:55 PM,8/11/25 7:09 PM,13 minutes and 18 seconds,KDS - Login Don't Delete
12060 Potranco Road,Lisa Velasquez,261,23,No Print,,8/11/25 6:55 PM,8/11/25 7:09 PM,13 minutes and 18 seconds,KDS - Login Don't Delete
12060 Potranco Road,Rosalinda Rodriguez,262,2,Food,,8/11/25 7:08 PM,8/11/25 7:14 PM,5 minutes and 41 seconds,KDS - Login Don't Delete
12060 Potranco Road,Rosalinda Rodriguez,262,2,No Print,,8/11/25 7:08 PM,8/11/25 7:14 PM,5 minutes and 41 seconds,KDS - Login Don't Delete
12060 Potranco Road,Rosalinda Rodriguez,262,2,Drive Thru,,8/11/25 7:24 PM,8/11/25 7:24 PM,20 seconds,KDS - Login Don't Delete
12060 Potranco Road,Rosalinda Rodriguez,262,2,Food,,8/11/25 7:24 PM,8/11/25 7:24 PM,20 seconds,KDS - Login Don't Delete
12060 Potranco Road,Mario Jimenez,266,,Food,,8/11/25 7:22 PM,8/11/25 7:29 PM,7 minutes and 9 seconds,KDS - Login Don't Delete
12060 Potranco Road,Mario Jimenez,266,,Drive Thru,,8/11/25 7:22 PM,8/11/25 7:29 PM,7 minutes and 9 seconds,KDS - Login Don't Delete
12060 Potranco Road,Lisa Velasquez,261,23,,1,8/11/25 7:09 PM,8/11/25 7:30 PM,20 minutes and 54 seconds,KDS - Login Don't Delete
12060 Potranco Road,Rosalinda Rodriguez,262,2,,1,8/11/25 7:24 PM,8/11/25 7:30 PM,5 minutes and 26 seconds,KDS - Login Don't Delete
12060 Potranco Road,Lisa Velasquez,254,21,,1,8/11/25 6:47 PM,8/11/25 7:30 PM,42 minutes and 46 seconds,KDS - Login Don't Delete
12060 Potranco Road,Rosalinda Rodriguez,258,26,,1,8/11/25 7:00 PM,8/11/25 7:30 PM,29 minutes and 37 seconds,KDS - Login Don't Delete
12060 Potranco Road,Rosalinda Rodriguez,262,2,,1,8/11/25 7:08 PM,8/11/25 7:30 PM,21 minutes and 46 seconds,KDS - Login Don't Delete
12060 Potranco Road,Rosalinda Rodriguez,262,2,,1,8/11/25 7:14 PM,8/11/25 7:30 PM,15 minutes and 38 seconds,KDS - Login Don't Delete
12060 Potranco Road,Candy Del Angel,263,,Food,,8/11/25 7:03 PM,8/11/25 7:39 PM,35 minutes and 53 seconds,KDS - Login Don't Delete
12060 Potranco Road,Candy Del Angel,268,,Drive Thru,,8/11/25 7:37 PM,8/11/25 7:39 PM,2 minutes and 11 seconds,KDS - Login Don't Delete
12060 Potranco Road,Candy Del Angel,268,,Food,,8/11/25 7:37 PM,8/11/25 7:39 PM,2 minutes and 11 seconds,KDS - Login Don't Delete
12060 Potranco Road,Candy Del Angel,268,,,1,8/11/25 7:39 PM,8/11/25 7:42 PM,2 minutes and 51 seconds,KDS - Login Don't Delete
12060 Potranco Road,Candy Del Angel,263,,,1,8/11/25 7:39 PM,8/11/25 7:42 PM,2 minutes and 51 seconds,KDS - Login Don't Delete
12060 Potranco Road,Mario Jimenez,271,,Food,,8/11/25 7:42 PM,8/11/25 7:47 PM,5 minutes,KDS - Login Don't Delete
12060 Potranco Road,Mario Jimenez,271,,Drive Thru,,8/11/25 7:42 PM,8/11/25 7:47 PM,5 minutes,KDS - Login Don't Delete
12060 Potranco Road,Rosalinda Rodriguez,262,2,Food,,8/11/25 7:43 PM,8/11/25 7:53 PM,10 minutes and 28 seconds,KDS - Login Don't Delete
12060 Potranco Road,Mario Jimenez,273,,No Print,,8/11/25 7:54 PM,8/11/25 8:02 PM,7 minutes and 59 seconds,KDS - Login Don't Delete
12060 Potranco Road,Mario Jimenez,273,,Drinks,,8/11/25 7:54 PM,8/11/25 8:02 PM,7 minutes and 59 seconds,KDS - Login Don't Delete
12060 Potranco Road,Mario Jimenez,273,,Food,,8/11/25 7:54 PM,8/11/25 8:02 PM,7 minutes and 59 seconds,KDS - Login Don't Delete
12060 Potranco Road,Mario Jimenez,273,,Drive Thru,,8/11/25 7:54 PM,8/11/25 8:02 PM,7 minutes and 59 seconds,KDS - Login Don't Delete
12060 Potranco Road,Mario Jimenez,276,,Food,,8/11/25 8:04 PM,8/11/25 8:06 PM,2 minutes and 32 seconds,KDS - Login Don't Delete
12060 Potranco Road,Mario Jimenez,276,,Drive Thru,,8/11/25 8:04 PM,8/11/25 8:06 PM,2 minutes and 32 seconds,KDS - Login Don't Delete
12060 Potranco Road,Lisa Velasquez,275,16,Food,,8/11/25 8:02 PM,8/11/25 8:10 PM,8 minutes and 12 seconds,KDS - Login Don't Delete
12060 Potranco Road,Lisa Velasquez,275,16,No Print,,8/11/25 8:02 PM,8/11/25 8:10 PM,8 minutes and 12 seconds,KDS - Login Don't Delete
12060 Potranco Road,Mario Jimenez,280,,Food,,8/11/25 8:16 PM,8/11/25 8:26 PM,9 minutes and 41 seconds,KDS - Login Don't Delete
12060 Potranco Road,Mario Jimenez,280,,Drive Thru,,8/11/25 8:16 PM,8/11/25 8:26 PM,9 minutes and 41 seconds,KDS - Login Don't Delete
12060 Potranco Road,Candy Del Angel,281,,Drive Thru,,8/11/25 8:20 PM,8/11/25 8:32 PM,12 minutes and 22 seconds,KDS - Login Don't Delete
12060 Potranco Road,Candy Del Angel,281,,Food,,8/11/25 8:20 PM,8/11/25 8:32 PM,12 minutes and 22 seconds,KDS - Login Don't Delete
12060 Potranco Road,Lisa Velasquez,260,16,,1,8/11/25 6:53 PM,8/11/25 8:35 PM,"1 hour, 41 minutes and 17 seconds",KDS - Login Don't Delete
12060 Potranco Road,Rosalinda Rodriguez,262,2,,1,8/11/25 7:53 PM,8/11/25 8:35 PM,41 minutes and 25 seconds,KDS - Login Don't Delete
12060 Potranco Road,Lisa Velasquez,275,16,,1,8/11/25 8:10 PM,8/11/25 8:35 PM,24 minutes and 32 seconds,KDS - Login Don't Delete
12060 Potranco Road,Candy Del Angel,281,,,1,8/11/25 8:20 PM,8/11/25 8:35 PM,15 minutes and 5 seconds,KDS - Login Don't Delete
