Location,Order #,Opened,Server,Table,Revenue Center,Discount Amount,Amount,Tax,Tip,Gratuity,Duration (Opened to Paid)
12060 Potranco Road,3,8/11/25 6:26 AM,Nadia Reyes,,None,0.00,39.87,3.29,0.00,0.00,00:04:55
12060 Potranco Road,5,8/11/25 6:33 AM,Nadia Reyes,,Drive Thru,1.74,15.61,1.29,3.47,0.00,00:18:18
12060 Potranco Road,7,8/11/25 6:38 AM,Sugey Cabrera,,Dining Room,0.00,9.03,0.74,0.00,0.00,00:10:18
12060 Potranco Road,8,8/11/25 6:39 AM,Sugey Cabrera,1,Dining Room,0.00,18.74,1.55,0.00,0.00,00:22:41
12060 Potranco Road,6,8/11/25 6:34 AM,Nadia Reyes,,Drive Thru,0.00,7.96,0.66,0.00,0.00,00:10:39
12060 Potranco Road,9,8/11/25 6:55 AM,Sugey Cabrera,,Dining Room,0.75,15.58,1.28,0.00,0.00,00:15:23
12060 Potranco Road,10,8/11/25 7:00 AM,Nadia Reyes,,Drive Thru,0.00,3.58,0.30,0.00,0.00,00:00:40
12060 Potranco Road,11,8/11/25 7:02 AM,Nadia Reyes,,Dining Room,0.00,3.78,0.31,0.00,0.00,00:22:10
12060 Potranco Road,13,8/11/25 7:07 AM,Nadia Reyes,,Drive Thru,0.00,19.21,1.59,0.00,0.00,00:02:13
12060 Potranco Road,14,8/11/25 7:14 AM,Nadia Reyes,,Drive Thru,5.00,3.87,0.32,1.95,0.00,00:00:48
12060 Potranco Road,15,8/11/25 7:16 AM,Nadia Reyes,,Drive Thru,0.00,16.15,1.34,0.00,0.00,00:03:09
12060 Potranco Road,16,8/11/25 7:25 AM,Nadia Reyes,,Drive Thru,0.00,3.98,0.33,0.00,0.00,00:01:53
12060 Potranco Road,17,8/11/25 7:27 AM,Nadia Reyes,,Drive Thru,0.00,9.55,0.79,1.50,0.00,00:04:36
12060 Potranco Road,18,8/11/25 7:28 AM,Nadia Reyes,,Drive Thru,0.00,15.44,1.28,0.00,0.00,00:04:00
12060 Potranco Road,19,8/11/25 7:29 AM,Nadia Reyes,,Drive Thru,0.00,7.66,0.63,0.00,0.00,00:05:41
12060 Potranco Road,20,8/11/25 7:29 AM,Sugey Cabrera,16,Dining Room,0.70,6.89,0.57,0.00,0.00,00:59:22
12060 Potranco Road,22,8/11/25 7:31 AM,Sugey Cabrera,11,Dining Room,0.00,22.73,1.87,3.00,0.00,00:31:11
12060 Potranco Road,23,8/11/25 7:34 AM,Sugey Cabrera,,Dining Room,0.00,5.37,0.44,0.00,0.00,00:20:29
12060 Potranco Road,24,8/11/25 7:39 AM,Sugey Cabrera,,Dining Room,0.00,3.98,0.32,0.00,0.00,01:01:09
12060 Potranco Road,26,8/11/25 7:40 AM,Sugey Cabrera,23,Dining Room,0.30,5.68,0.47,0.00,0.00,00:22:53
12060 Potranco Road,27,8/11/25 7:43 AM,Nadia Reyes,,Drive Thru,0.00,18.25,1.51,1.00,0.00,00:01:38
12060 Potranco Road,29,8/11/25 7:43 AM,Sugey Cabrera,2,Dining Room,0.00,43.94,3.63,5.00,0.00,00:30:52
12060 Potranco Road,30,8/11/25 7:45 AM,Sugey Cabrera,3,Dining Room,0.00,20.26,1.68,5.00,0.00,00:28:51
12060 Potranco Road,31,8/11/25 7:49 AM,Nadia Reyes,,Drive Thru,0.00,18.15,1.50,2.72,0.00,00:01:13
12060 Potranco Road,32,8/11/25 7:50 AM,Nadia Reyes,,Drive Thru,0.00,8.88,0.73,1.33,0.00,00:06:55
12060 Potranco Road,34,8/11/25 7:53 AM,Gabriel Tovar ,34,Dining Room,0.00,19.37,1.61,6.00,0.00,00:31:21
12060 Potranco Road,36,8/11/25 7:56 AM,Nadia Reyes,,Drive Thru,0.00,5.37,0.44,0.00,0.00,00:02:19
12060 Potranco Road,35,8/11/25 7:55 AM,Sugey Cabrera,15,Dining Room,0.00,25.45,2.10,2.00,0.00,00:21:26
12060 Potranco Road,37,8/11/25 7:59 AM,Nadia Reyes,,Drive Thru,0.00,9.07,0.75,0.00,0.00,00:02:33
12060 Potranco Road,38,8/11/25 8:02 AM,Gabriel Tovar ,14,Dining Room,0.00,27.85,2.30,5.85,0.00,00:34:20
12060 Potranco Road,39,8/11/25 8:03 AM,Nadia Reyes,,Drive Thru,0.00,21.33,1.76,0.00,0.00,00:02:59
12060 Potranco Road,41,8/11/25 8:05 AM,Leticia Roman,21,Dining Room,0.00,59.01,4.88,15.00,0.00,01:11:42
12060 Potranco Road,40,8/11/25 8:04 AM,Nadia Reyes,,Drive Thru,0.00,10.17,0.84,0.00,0.00,00:04:36
12060 Potranco Road,44,8/11/25 8:06 AM,Nadia Reyes,,Drive Thru,0.00,27.23,2.25,0.00,0.00,00:03:09
12060 Potranco Road,43,8/11/25 8:06 AM,Sugey Cabrera,5,Dining Room,0.00,21.34,1.76,0.00,0.00,00:45:30
12060 Potranco Road,46,8/11/25 8:07 AM,Leticia Roman,23,Dining Room,0.00,15.67,1.29,3.00,0.00,00:34:52
12060 Potranco Road,47,8/11/25 8:09 AM,Gabriel Tovar ,1,Dining Room,0.00,11.46,0.96,2.00,0.00,00:39:23
12060 Potranco Road,48,8/11/25 8:11 AM,Nadia Reyes,,Drive Thru,0.00,16.06,1.33,3.53,0.00,00:04:44
12060 Potranco Road,50,8/11/25 8:12 AM,Sugey Cabrera,18,Dining Room,0.00,6.48,0.54,3.00,0.00,00:16:43
12060 Potranco Road,51,8/11/25 8:12 AM,Sugey Cabrera,8,Dining Room,0.00,32.29,2.66,6.46,0.00,00:38:25
12060 Potranco Road,52,8/11/25 8:13 AM,Gabriel Tovar ,7,Dining Room,0.00,31.88,2.63,0.00,0.00,00:28:42
12060 Potranco Road,53,8/11/25 8:17 AM,Sugey Cabrera,12,Dining Room,0.00,14.76,1.22,2.00,0.00,00:25:28
12060 Potranco Road,54,8/11/25 8:19 AM,Leticia Roman,20,Dining Room,0.00,26.41,2.19,5.00,0.00,00:30:23
12060 Potranco Road,55,8/11/25 8:21 AM,Gabriel Tovar ,,Dining Room,0.00,12.14,1.01,0.00,0.00,00:01:02
12060 Potranco Road,56,8/11/25 8:22 AM,Gabriel Tovar ,,Dining Room,0.00,11.76,0.97,0.00,0.00,00:00:47
12060 Potranco Road,57,8/11/25 8:24 AM,Nadia Reyes,,Dining Room,0.00,15.76,1.30,0.00,0.00,00:03:34
12060 Potranco Road,58,8/11/25 8:27 AM,Nadia Reyes,,Drive Thru,0.00,17.34,1.43,2.00,0.00,00:03:56
12060 Potranco Road,59,8/11/25 8:27 AM,Nadia Reyes,,Drive Thru,0.00,12.85,1.06,0.00,0.00,00:04:24
12060 Potranco Road,60,8/11/25 8:31 AM,Nadia Reyes,,Drive Thru,0.00,7.56,0.63,0.00,0.00,00:07:07
12060 Potranco Road,62,8/11/25 8:32 AM,Nadia Reyes,,Drive Thru,0.00,2.29,0.19,0.00,0.00,00:07:16
12060 Potranco Road,61,8/11/25 8:32 AM,Leticia Roman,29,Dining Room,0.00,26.12,2.17,5.22,0.00,00:33:04
12060 Potranco Road,63,8/11/25 8:32 AM,Nadia Reyes,,Drive Thru,0.00,41.94,3.46,0.00,0.00,00:09:18
12060 Potranco Road,65,8/11/25 8:34 AM,Gabriel Tovar ,4,Dining Room,0.00,16.44,1.36,4.00,0.00,00:23:40
12060 Potranco Road,66,8/11/25 8:35 AM,Nadia Reyes,,Drive Thru,0.00,8.27,0.68,0.00,0.00,00:06:55
12060 Potranco Road,64,8/11/25 8:34 AM,Sugey Cabrera,3,Dining Room,0.00,17.82,1.48,0.00,0.00,00:42:23
12060 Potranco Road,67,8/11/25 8:37 AM,Gabriel Tovar ,11,Dining Room,0.00,22.07,1.82,5.00,0.00,00:27:41
12060 Potranco Road,68,8/11/25 8:39 AM,Sugey Cabrera,16,Dining Room,0.00,10.75,0.88,3.00,0.00,00:30:58
12060 Potranco Road,69,8/11/25 8:43 AM,Leticia Roman,15,Dining Room,0.90,22.57,1.86,0.00,0.00,00:41:08
12060 Potranco Road,1,8/11/25 6:14 AM,Nadia Reyes,,Drive Thru,5.15,1.82,0.15,1.53,0.00,02:32:52
12060 Potranco Road,70,8/11/25 8:45 AM,Nadia Reyes,,Drive Thru,0.00,16.13,1.33,0.00,0.00,00:06:00
12060 Potranco Road,72,8/11/25 8:53 AM,Leticia Roman,35,Dining Room,0.00,12.85,1.07,0.00,0.00,00:24:16
12060 Potranco Road,73,8/11/25 8:54 AM,Nadia Reyes,,Drive Thru,0.00,5.97,0.50,0.00,0.00,00:02:09
12060 Potranco Road,74,8/11/25 8:57 AM,Gabriel Tovar ,23,Dining Room,0.00,6.97,0.58,2.00,0.00,00:19:41
12060 Potranco Road,75,8/11/25 8:58 AM,Sugey Cabrera,6,Dining Room,0.00,18.36,1.51,5.13,0.00,00:25:15
12060 Potranco Road,77,8/11/25 9:03 AM,Sugey Cabrera,34,Dining Room,0.00,9.98,0.83,5.00,0.00,00:30:01
12060 Potranco Road,76,8/11/25 9:03 AM,Nadia Reyes,,Dining Room,0.00,5.97,0.49,0.00,0.00,00:12:02
12060 Potranco Road,78,8/11/25 9:04 AM,Leticia Roman,2,Dining Room,0.00,16.27,1.34,0.00,0.00,00:30:32
12060 Potranco Road,79,8/11/25 9:05 AM,Gabriel Tovar ,12,Dining Room,0.00,23.62,1.94,2.44,0.00,00:23:41
12060 Potranco Road,81,8/11/25 9:13 AM,Gabriel Tovar ,4,Dining Room,0.00,35.46,2.92,5.62,0.00,00:38:41
12060 Potranco Road,82,8/11/25 9:16 AM,Nadia Reyes,,Drive Thru,0.00,10.85,0.90,0.00,0.00,00:04:46
12060 Potranco Road,83,8/11/25 9:16 AM,Sugey Cabrera,26,Dining Room,0.00,15.95,1.32,5.00,0.00,00:29:10
12060 Potranco Road,84,8/11/25 9:18 AM,Nadia Reyes,,None,0.00,10.46,0.86,2.09,0.00,00:06:21
12060 Potranco Road,80,8/11/25 9:12 AM,Leticia Roman,1,Dining Room,0.00,25.23,2.09,3.00,0.00,00:31:30
12060 Potranco Road,85,8/11/25 9:20 AM,Nadia Reyes,,Drive Thru,0.00,5.48,0.46,0.00,0.00,00:05:08
12060 Potranco Road,86,8/11/25 9:21 AM,Nadia Reyes,,Drive Thru,0.00,28.24,2.33,0.00,0.00,00:06:16
12060 Potranco Road,87,8/11/25 9:25 AM,Nadia Reyes,,Drive Thru,0.00,5.28,0.44,0.00,0.00,00:06:54
12060 Potranco Road,88,8/11/25 9:26 AM,Nadia Reyes,,Drive Thru,0.00,21.51,1.78,2.00,0.00,00:09:05
12060 Potranco Road,89,8/11/25 9:29 AM,Nadia Reyes,,Drive Thru,0.00,10.96,0.90,0.00,0.00,00:07:02
12060 Potranco Road,90,8/11/25 9:29 AM,Nadia Reyes,,Drive Thru,0.00,5.97,0.49,0.00,0.00,00:07:55
12060 Potranco Road,91,8/11/25 9:33 AM,Nadia Reyes,,Drive Thru,0.00,16.68,1.37,0.00,0.00,00:04:51
12060 Potranco Road,92,8/11/25 9:34 AM,Nadia Reyes,,Drive Thru,0.00,13.27,1.10,0.00,0.00,00:04:20
12060 Potranco Road,93,8/11/25 9:36 AM,Nadia Reyes,,Drive Thru,0.00,4.38,0.36,0.00,0.00,00:05:55
12060 Potranco Road,94,8/11/25 9:37 AM,Nadia Reyes,,Drive Thru,0.00,6.08,0.50,1.22,0.00,00:05:16
12060 Potranco Road,95,8/11/25 9:39 AM,Nadia Reyes,,Drive Thru,0.00,5.97,0.49,0.00,0.00,00:06:11
12060 Potranco Road,97,8/11/25 9:40 AM,Leticia Roman,23,Dining Room,0.00,18.55,1.52,2.00,0.00,00:36:46
12060 Potranco Road,98,8/11/25 9:42 AM,Nadia Reyes,,Drive Thru,0.00,5.88,0.49,1.18,0.00,00:06:02
12060 Potranco Road,99,8/11/25 9:43 AM,Gabriel Tovar ,3,Dining Room,0.00,55.21,4.57,15.00,0.00,00:45:28
12060 Potranco Road,100,8/11/25 9:44 AM,Sugey Cabrera,,Dining Room,0.00,8.37,0.69,0.00,0.00,00:12:38
12060 Potranco Road,101,8/11/25 9:45 AM,Sugey Cabrera,,Dining Room,24.02,0.00,0.00,0.00,0.00,04:40:11
12060 Potranco Road,103,8/11/25 9:47 AM,Gabriel Tovar ,1,Dining Room,0.00,8.87,0.74,1.77,0.00,01:25:08
12060 Potranco Road,105,8/11/25 9:49 AM,Sugey Cabrera,6,Dining Room,0.00,20.94,1.74,3.14,0.00,01:09:56
12060 Potranco Road,106,8/11/25 9:49 AM,Nadia Reyes,,Drive Thru,0.00,11.35,0.94,1.70,0.00,00:01:56
12060 Potranco Road,108,8/11/25 9:51 AM,Leticia Roman,31,Dining Room,0.00,24.56,2.02,0.00,0.00,00:45:35
12060 Potranco Road,107,8/11/25 9:50 AM,Nadia Reyes,,Drive Thru,0.00,12.25,1.02,0.00,0.00,00:04:14
12060 Potranco Road,109,8/11/25 9:55 AM,Sugey Cabrera,2,Dining Room,0.00,34.74,2.87,3.00,0.00,00:59:35
12060 Potranco Road,110,8/11/25 9:58 AM,Nadia Reyes,,Drive Thru,0.00,4.78,0.40,0.00,0.00,00:03:26
12060 Potranco Road,111,8/11/25 9:58 AM,Nadia Reyes,,Drive Thru,0.00,7.27,0.60,0.00,0.00,00:05:32
12060 Potranco Road,112,8/11/25 10:01 AM,Gabriel Tovar ,26,Dining Room,0.00,9.98,0.83,5.00,0.00,00:29:22
12060 Potranco Road,113,8/11/25 10:06 AM,Nadia Reyes,,Drive Thru,0.00,3.78,0.31,0.00,0.00,00:00:36
12060 Potranco Road,115,8/11/25 10:07 AM,Leticia Roman,22,Dining Room,0.00,12.97,1.08,0.00,0.00,00:35:47
12060 Potranco Road,116,8/11/25 10:09 AM,Nadia Reyes,,Drive Thru,0.00,17.35,1.43,0.00,0.00,00:02:03
12060 Potranco Road,117,8/11/25 10:11 AM,Zoila Salinas,,Dining Room,0.00,8.56,0.71,0.00,0.00,00:04:01
12060 Potranco Road,118,8/11/25 10:11 AM,Leticia Roman,17,Dining Room,0.00,49.59,4.08,11.33,0.00,00:58:22
12060 Potranco Road,120,8/11/25 10:12 AM,Gabriel Tovar ,4,Dining Room,0.00,35.33,2.92,5.00,0.00,00:15:04
12060 Potranco Road,121,8/11/25 10:15 AM,Nadia Reyes,,Drive Thru,0.00,15.43,1.28,0.00,0.00,00:02:00
12060 Potranco Road,122,8/11/25 10:16 AM,Nadia Reyes,,Drive Thru,0.00,6.99,0.58,1.54,0.00,00:00:40
12060 Potranco Road,123,8/11/25 10:19 AM,Sugey Cabrera,29,Dining Room,0.00,36.64,3.04,3.00,0.00,01:08:37
12060 Potranco Road,124,8/11/25 10:19 AM,Nadia Reyes,,Drive Thru,0.00,7.27,0.60,0.00,0.00,00:00:54
12060 Potranco Road,126,8/11/25 10:20 AM,Sugey Cabrera,34,Dining Room,0.00,5.28,0.44,0.00,0.00,00:36:15
12060 Potranco Road,127,8/11/25 10:21 AM,Zoila Salinas,,Dining Room,0.00,39.96,3.30,0.00,0.00,00:35:34
12060 Potranco Road,129,8/11/25 10:24 AM,Gabriel Tovar ,16,Dining Room,0.00,9.98,0.83,0.00,0.00,00:48:22
12060 Potranco Road,130,8/11/25 10:29 AM,Sugey Cabrera,14,Dining Room,0.00,20.94,1.74,0.00,0.00,00:49:43
12060 Potranco Road,131,8/11/25 10:32 AM,Nadia Reyes,,Drive Thru,0.00,9.47,0.78,1.42,0.00,00:01:38
12060 Potranco Road,133,8/11/25 10:33 AM,Leticia Roman,35,Dining Room,0.00,29.25,2.41,0.00,0.00,00:26:27
12060 Potranco Road,134,8/11/25 10:36 AM,Gabriel Tovar ,20,Dining Room,0.00,16.48,1.36,3.30,0.00,00:21:39
12060 Potranco Road,135,8/11/25 10:38 AM,Nadia Reyes,,None,0.00,48.24,3.96,0.00,0.00,00:02:21
12060 Potranco Road,136,8/11/25 10:40 AM,Leticia Roman,12,Dining Room,0.00,35.26,2.90,7.00,0.00,00:37:15
12060 Potranco Road,137,8/11/25 10:43 AM,Nadia Reyes,,Dining Room,0.00,12.14,1.01,1.82,0.00,00:07:07
12060 Potranco Road,139,8/11/25 10:46 AM,Zoila Salinas,,Dining Room,0.00,9.06,0.75,0.00,0.00,00:07:12
12060 Potranco Road,138,8/11/25 10:46 AM,Sugey Cabrera,15,Dining Room,0.00,62.88,5.18,2.00,0.00,00:53:56
12060 Potranco Road,141,8/11/25 10:49 AM,Nadia Reyes,,Drive Thru,0.00,22.21,1.84,0.00,0.00,00:03:21
12060 Potranco Road,143,8/11/25 10:51 AM,Nadia Reyes,,Drive Thru,0.00,5.77,0.48,0.00,0.00,00:04:28
12060 Potranco Road,142,8/11/25 10:51 AM,Nadia Reyes,,Dining Room,0.00,5.28,0.44,0.00,0.00,00:11:11
12060 Potranco Road,144,8/11/25 10:52 AM,Nadia Reyes,,Drive Thru,0.00,9.26,0.76,2.04,0.00,00:05:36
12060 Potranco Road,145,8/11/25 10:59 AM,Gabriel Tovar ,,Dining Room,0.00,0.00,0.00,0.00,0.00,00:00:08
12060 Potranco Road,147,8/11/25 11:02 AM,Gabriel Tovar ,3,Dining Room,5.85,18.79,1.56,3.00,0.00,00:30:20
12060 Potranco Road,149,8/11/25 11:08 AM,Nadia Reyes,,Dining Room,0.00,16.48,1.36,0.00,0.00,00:01:53
12060 Potranco Road,150,8/11/25 11:10 AM,Nadia Reyes,,Drive Thru,0.00,20.13,1.67,0.00,0.00,00:02:20
12060 Potranco Road,16001,8/11/25 11:19 AM,Gabriel Tovar ,23,Dining Room,0.00,0.00,0.00,0.00,0.00,00:41:14
12060 Potranco Road,17001,8/11/25 11:20 AM,Sugey Cabrera,16,Dining Room,0.00,34.96,2.88,5.16,0.00,00:37:30
12060 Potranco Road,152,8/11/25 11:11 AM,Leticia Roman,2,Dining Room,0.00,30.92,2.55,0.00,0.00,00:58:49
12060 Potranco Road,35001,8/11/25 11:16 AM,Leticia Roman,4,Dining Room,0.00,10.55,0.87,0.00,0.00,00:23:14
12060 Potranco Road,18001,8/11/25 11:14 AM,Gabriel Tovar ,23,Dining Room,0.00,26.45,2.18,0.00,0.00,00:37:58
12060 Potranco Road,31003,8/11/25 11:20 AM,Nadia Reyes,,Drive Thru,0.00,6.27,0.52,0.00,0.00,00:04:01
12060 Potranco Road,31002,8/11/25 11:18 AM,Nadia Reyes,,Drive Thru,0.00,7.08,0.59,0.00,0.00,00:04:51
12060 Potranco Road,31004,8/11/25 11:21 AM,Nadia Reyes,,Drive Thru,0.00,17.76,1.46,2.66,0.00,00:06:55
12060 Potranco Road,153,8/11/25 11:12 AM,Nadia Reyes,,Drive Thru,0.00,10.02,0.83,2.00,0.00,00:08:49
12060 Potranco Road,154,8/11/25 11:23 AM,Gabriel Tovar ,10,Dining Room,7.70,7.98,0.66,4.00,0.00,00:44:05
12060 Potranco Road,155,8/11/25 11:23 AM,Nadia Reyes,,Drive Thru,0.00,8.06,0.66,0.00,0.00,00:07:44
12060 Potranco Road,156,8/11/25 11:25 AM,Sugey Cabrera,21,Dining Room,2.10,39.32,3.25,0.00,0.00,00:52:21
12060 Potranco Road,157,8/11/25 11:29 AM,Nadia Reyes,,Drive Thru,0.00,20.32,1.67,1.00,0.00,00:03:04
12060 Potranco Road,158,8/11/25 11:35 AM,Leticia Roman,35,Dining Room,0.00,29.92,2.47,6.00,0.00,00:27:35
12060 Potranco Road,160,8/11/25 11:49 AM,Nadia Reyes,,Drive Thru,0.00,14.34,1.18,3.15,0.00,00:03:57
12060 Potranco Road,163,8/11/25 11:54 AM,Nadia Reyes,,Drive Thru,0.00,5.28,0.44,0.79,0.00,00:02:39
12060 Potranco Road,161,8/11/25 11:51 AM,Leticia Roman,22,Dining Room,0.00,26.48,2.18,5.00,0.00,01:22:32
12060 Potranco Road,164,8/11/25 11:54 AM,Nadia Reyes,,Drive Thru,0.00,8.77,0.73,1.50,0.00,00:04:59
12060 Potranco Road,166,8/11/25 11:55 AM,Sugey Cabrera,17,Dining Room,0.00,19.45,1.60,5.00,0.00,00:37:34
12060 Potranco Road,167,8/11/25 11:56 AM,Nadia Reyes,,Drive Thru,0.00,13.57,1.12,0.00,0.00,00:05:47
12060 Potranco Road,162,8/11/25 11:54 AM,Zoila Salinas,,Dining Room,0.00,22.98,1.90,0.00,0.00,00:04:14
12060 Potranco Road,170,8/11/25 12:01 PM,Sugey Cabrera,3,Dining Room,1.65,30.20,2.49,5.00,0.00,01:02:34
12060 Potranco Road,172,8/11/25 12:04 PM,Leticia Roman,1,Dining Room,0.00,35.36,2.91,0.00,0.00,00:21:32
12060 Potranco Road,171,8/11/25 12:03 PM,Gabriel Tovar ,27,Dining Room,0.00,72.18,5.95,5.00,0.00,00:36:53
12060 Potranco Road,173,8/11/25 12:07 PM,Sugey Cabrera,23,Dining Room,0.00,7.00,0.58,0.00,0.00,00:37:28
12060 Potranco Road,174,8/11/25 12:12 PM,Nadia Reyes,,None,0.00,2.29,0.19,0.50,0.00,00:12:36
12060 Potranco Road,175,8/11/25 12:18 PM,Gabriel Tovar ,16,Dining Room,0.00,37.96,3.13,10.00,0.00,00:26:40
12060 Potranco Road,177,8/11/25 12:22 PM,Zoila Salinas,,Dining Room,0.00,3.99,0.33,0.00,0.00,00:00:17
12060 Potranco Road,176,8/11/25 12:22 PM,Leticia Roman,34,Dining Room,0.00,41.73,3.45,5.00,0.00,00:34:02
12060 Potranco Road,179,8/11/25 12:23 PM,Nadia Reyes,,Drive Thru,0.00,12.87,1.06,1.93,0.00,00:01:55
12060 Potranco Road,182,8/11/25 12:29 PM,Nadia Reyes,,Drive Thru,0.00,22.36,1.85,0.00,0.00,00:01:31
12060 Potranco Road,181,8/11/25 12:29 PM,Sugey Cabrera,20,Dining Room,0.00,32.44,2.68,6.00,0.00,00:26:45
12060 Potranco Road,183,8/11/25 12:29 PM,Gabriel Tovar ,6,Dining Room,0.00,17.67,1.46,0.00,0.00,00:24:42
12060 Potranco Road,184,8/11/25 12:35 PM,Nadia Reyes,,Drive Thru,0.00,4.77,0.39,1.05,0.00,00:03:47
12060 Potranco Road,185,8/11/25 12:36 PM,Gabriel Tovar ,14,Dining Room,0.00,35.46,2.91,8.00,0.00,00:37:30
12060 Potranco Road,187,8/11/25 12:38 PM,Nadia Reyes,,Drive Thru,0.00,6.38,0.52,0.00,0.00,00:01:33
12060 Potranco Road,188,8/11/25 12:40 PM,Nadia Reyes,,Drive Thru,0.00,12.27,1.02,0.00,0.00,00:03:08
12060 Potranco Road,189,8/11/25 12:40 PM,Nadia Reyes,,Drive Thru,0.00,16.27,1.34,0.00,0.00,00:06:55
12060 Potranco Road,190,8/11/25 12:42 PM,Nadia Reyes,,Drive Thru,0.00,12.66,1.04,2.00,0.00,00:06:58
12060 Potranco Road,191,8/11/25 12:43 PM,Nadia Reyes,,Drive Thru,0.00,14.25,1.17,0.00,0.00,00:08:18
12060 Potranco Road,192,8/11/25 12:50 PM,Sugey Cabrera,2,Dining Room,0.00,81.90,6.76,0.00,0.00,00:48:02
12060 Potranco Road,195,8/11/25 1:05 PM,Gabriel Tovar ,15,Dining Room,9.67,35.23,2.89,0.00,0.00,00:31:53
12060 Potranco Road,196,8/11/25 1:14 PM,Nadia Reyes,,Dining Room,0.00,20.45,1.68,1.00,0.00,00:05:03
12060 Potranco Road,197,8/11/25 1:15 PM,Sugey Cabrera,34,Dining Room,2.70,41.15,3.38,0.00,0.00,00:30:48
12060 Potranco Road,198,8/11/25 1:15 PM,Gabriel Tovar ,5,Dining Room,0.00,12.97,1.07,5.00,0.00,00:27:47
12060 Potranco Road,199,8/11/25 1:16 PM,Nadia Reyes,,Dining Room,0.00,11.95,0.98,0.00,0.00,00:03:59
12060 Potranco Road,200,8/11/25 1:17 PM,Nadia Reyes,,Dining Room,0.00,2.79,0.23,0.00,0.00,00:06:11
12060 Potranco Road,202,8/11/25 1:27 PM,Sugey Cabrera,21,Dining Room,0.00,30.96,2.55,0.00,0.00,00:47:36
12060 Potranco Road,201,8/11/25 1:24 PM,Leticia Roman,37,Dining Room,5.10,91.85,7.59,11.38,19.41,01:16:07
12060 Potranco Road,203,8/11/25 1:32 PM,Nadia Reyes,,Bar,0.00,9.76,0.81,0.00,0.00,00:01:05
12060 Potranco Road,204,8/11/25 1:34 PM,Nadia Reyes,,Drive Thru,0.00,10.17,0.84,0.00,0.00,00:02:32
12060 Potranco Road,206,8/11/25 1:47 PM,Gabriel Tovar ,3,Dining Room,0.00,17.35,1.43,5.00,0.00,00:33:57
12060 Potranco Road,194,8/11/25 1:05 PM,Leticia Roman,37,Dining Room,0.00,0.00,0.00,0.00,0.00,00:43:32
12060 Potranco Road,207,8/11/25 1:48 PM,Leticia Roman,8,Dining Room,0.00,51.32,4.23,10.00,0.00,00:42:24
12060 Potranco Road,208,8/11/25 1:52 PM,Nadia Reyes,,Drive Thru,15.67,0.00,0.00,0.00,0.00,00:09:39
12060 Potranco Road,209,8/11/25 1:52 PM,Nadia Reyes,,Drive Thru,0.00,3.58,0.30,0.00,0.00,00:06:17
12060 Potranco Road,210,8/11/25 1:55 PM,Sugey Cabrera,23,Dining Room,0.00,55.84,4.59,30.00,0.00,00:29:44
12060 Potranco Road,218,8/11/25 2:16 PM,Lisa Velasquez,4,Dining Room,0.00,29.43,2.44,0.00,0.00,00:56:27
12060 Potranco Road,212,8/11/25 2:12 PM,Mario Jimenez,,Drive Thru,0.00,12.17,1.00,0.00,0.00,00:07:45
12060 Potranco Road,221,8/11/25 2:25 PM,Lisa Velasquez,,None,1.28,5.10,0.42,0.00,0.00,06:42:11
12060 Potranco Road,223,8/11/25 2:32 PM,Lisa Velasquez,2,Dining Room,0.00,28.92,2.38,0.00,0.00,00:36:06
12060 Potranco Road,224,8/11/25 2:35 PM,Lisa Velasquez,21,Dining Room,0.00,18.35,1.52,0.00,0.00,00:33:20
12060 Potranco Road,227,8/11/25 2:39 PM,Mario Jimenez,,Dining Room,0.00,11.17,0.92,0.00,0.00,00:03:08
12060 Potranco Road,228,8/11/25 2:53 PM,Lisa Velasquez,1,Dining Room,0.00,16.43,1.36,0.00,0.00,00:59:23
12060 Potranco Road,229,8/11/25 2:59 PM,Mario Jimenez,,None,0.00,0.00,0.00,0.00,0.00,00:00:35
12060 Potranco Road,231,8/11/25 3:11 PM,Lisa Velasquez,11,Dining Room,0.00,12.99,1.07,0.00,0.00,00:48:47
12060 Potranco Road,232,8/11/25 3:19 PM,Lisa Velasquez,21,Dining Room,0.00,15.49,1.28,4.00,0.00,00:22:55
12060 Potranco Road,233,8/11/25 3:26 PM,Mario Jimenez,,None,0.00,33.75,2.78,0.00,0.00,00:01:17
12060 Potranco Road,234,8/11/25 4:30 PM,Mario Jimenez,,Dining Room,0.00,14.78,1.22,2.22,0.00,00:02:38
12060 Potranco Road,235,8/11/25 4:31 PM,Mario Jimenez,,Dining Room,0.00,17.98,1.48,2.70,0.00,00:02:02
12060 Potranco Road,236,8/11/25 4:36 PM,Lisa Velasquez,17,Dining Room,1.00,8.99,0.74,0.00,0.00,00:43:46
12060 Potranco Road,237,8/11/25 4:36 PM,Mario Jimenez,,Drive Thru,0.00,15.96,1.31,0.00,0.00,00:03:34
12060 Potranco Road,238,8/11/25 4:41 PM,Mario Jimenez,,Drive Thru,0.00,5.98,0.50,0.00,0.00,00:01:02
12060 Potranco Road,240,8/11/25 4:56 PM,Lisa Velasquez,3,Dining Room,0.00,56.33,4.62,7.00,0.00,00:53:25
12060 Potranco Road,241,8/11/25 5:02 PM,Mario Jimenez,,Dining Room,0.00,25.36,2.09,3.80,0.00,00:01:32
12060 Potranco Road,239,8/11/25 4:43 PM,Mario Jimenez,,Drive Thru,0.00,32.96,2.72,3.00,0.00,00:37:21
12060 Potranco Road,242,8/11/25 5:19 PM,Mario Jimenez,,Drive Thru,0.00,12.99,1.07,0.00,0.00,00:10:37
12060 Potranco Road,243,8/11/25 5:30 PM,Mario Jimenez,,Drive Thru,0.00,3.98,0.33,0.00,0.00,00:04:02
12060 Potranco Road,244,8/11/25 5:33 PM,Mario Jimenez,,Drive Thru,0.00,7.99,0.66,0.00,0.00,00:06:16
12060 Potranco Road,246,8/11/25 5:41 PM,Rosalinda Rodriguez,37,Dining Room,0.00,68.22,5.62,14.57,0.00,00:54:12
12060 Potranco Road,247,8/11/25 5:51 PM,Mario Jimenez,,Dining Room,0.00,22.98,1.90,0.00,0.00,00:00:55
12060 Potranco Road,248,8/11/25 6:00 PM,Mario Jimenez,,Drive Thru,0.00,12.77,1.05,1.92,0.00,00:04:43
12060 Potranco Road,250,8/11/25 6:03 PM,Lisa Velasquez,12,Dining Room,0.00,66.77,5.49,20.00,0.00,00:45:38
12060 Potranco Road,251,8/11/25 6:14 PM,Rosalinda Rodriguez,8,Dining Room,0.00,86.45,7.13,17.00,0.00,00:57:59
12060 Potranco Road,252,8/11/25 6:18 PM,Lisa Velasquez,15,Dining Room,0.00,27.47,2.27,10.00,0.00,00:47:05
12060 Potranco Road,253,8/11/25 6:25 PM,Rosalinda Rodriguez,5,Dining Room,0.00,20.97,1.74,4.19,0.00,00:52:50
12060 Potranco Road,254,8/11/25 6:30 PM,Lisa Velasquez,21,Dining Room,0.00,46.86,3.86,0.00,0.00,00:32:10
12060 Potranco Road,258,8/11/25 6:45 PM,Rosalinda Rodriguez,26,Dining Room,0.00,43.91,3.62,10.00,0.00,00:43:22
12060 Potranco Road,259,8/11/25 6:46 PM,Mario Jimenez,,Bar,0.80,7.17,0.59,0.00,0.00,00:01:56
12060 Potranco Road,260,8/11/25 6:53 PM,Lisa Velasquez,16,Dining Room,0.00,37.35,3.08,0.00,0.00,00:39:51
12060 Potranco Road,261,8/11/25 6:55 PM,Lisa Velasquez,23,Dining Room,0.00,39.95,3.29,8.00,0.00,00:39:03
12060 Potranco Road,262,8/11/25 6:55 PM,Rosalinda Rodriguez,2,Dining Room,0.00,60.37,4.97,12.07,0.00,01:09:13
12060 Potranco Road,263,8/11/25 7:02 PM,Candy Del Angel,,Dining Room,0.00,13.99,1.15,2.00,0.00,00:00:59
12060 Potranco Road,266,8/11/25 7:21 PM,Mario Jimenez,,Dining Room,0.00,18.67,1.53,0.00,0.00,00:01:34
12060 Potranco Road,268,8/11/25 7:36 PM,Candy Del Angel,,None,5.58,0.00,0.00,0.00,0.00,01:25:02
12060 Potranco Road,271,8/11/25 7:42 PM,Mario Jimenez,,Dining Room,0.00,9.96,0.82,0.00,0.00,00:01:41
12060 Potranco Road,273,8/11/25 7:53 PM,Mario Jimenez,,Dining Room,0.00,21.65,1.78,0.00,0.00,00:04:03
12060 Potranco Road,274,8/11/25 7:57 PM,Mario Jimenez,,Drive Thru,0.00,3.49,0.29,0.00,0.00,00:00:21
12060 Potranco Road,275,8/11/25 8:02 PM,Lisa Velasquez,16,Dining Room,0.00,31.67,2.60,9.00,0.00,00:39:47
12060 Potranco Road,276,8/11/25 8:03 PM,Mario Jimenez,,Drive Thru,0.00,3.58,0.30,0.00,0.00,00:03:28
12060 Potranco Road,280,8/11/25 8:15 PM,Mario Jimenez,,Dining Room,0.00,45.78,3.78,6.87,0.00,00:01:21
12060 Potranco Road,281,8/11/25 8:18 PM,Candy Del Angel,,Dining Room,0.00,30.65,2.53,0.00,0.00,00:01:25
