Employee,Job Title,Regular Hours,Overtime Hours,Hourly Rate,Regular Pay,Overtime Pay,Total Pay,Net Sales,Declared Tips,Non-Cash Tips,Total Tips,Tips Withheld,Total Gratuity,Employee ID,Job Code,Location,Location Code
"Barton, Arion",Cook,6.85,0.0,13.00,89.05,0.00,89.05,0.00,,0.00,0.00,0.00,0.00,,,12060 Potranco Road,
"Cabrera, Sugey",Server,8.65,0.0,3.00,25.95,0.00,25.95,888.39,0.00,106.89,106.89,0.00,0.00,,,12060 Potranco Road,
"Cardenas, Salvador",Cook,8.51,0.0,15.00,127.65,0.00,127.65,0.00,,0.00,0.00,0.00,0.00,,,12060 Potranco Road,
"Del Angel, Candy",Shift Manager / Assistant Manager,4.07,0.0,,,,,44.64,,2.00,2.00,0.00,0.00,,,12060 Potranco Road,
"GUTIERREZ, ERIC",Cook,7.06,0.0,16.00,112.96,0.00,112.96,0.00,,0.00,0.00,0.00,0.00,,,12060 Potranco Road,
"Garcia, Enriqueta",Chef,9.21,0.0,,,,,0.00,,0.00,0.00,0.00,0.00,,,12060 Potranco Road,
"JOSSUETH, FRANLOD",Busser,6.64,0.0,13.00,86.32,0.00,86.32,0.00,,0.00,0.00,0.00,0.00,,,12060 Potranco Road,
"Jimenez, Mario",Driver,6.8,0.0,14.00,95.20,0.00,95.20,341.12,0.00,20.51,20.51,0.00,0.00,,,12060 Potranco Road,
"Lino Santana, David ",Prep,8.05,0.0,15.00,120.75,0.00,120.75,0.00,,0.00,0.00,0.00,0.00,,,12060 Potranco Road,
"Ojeda, George",Runner,7.76,0.0,12.50,97.00,0.00,97.00,0.00,,0.00,0.00,0.00,0.00,,,12060 Potranco Road,
"Reyes, Nadia",Driver,8.11,0.0,15.00,121.65,0.00,121.65,1077.82,0.00,52.50,52.50,0.00,0.00,,,12060 Potranco Road,
"Rodriguez, Rosalinda",Server,3.96,0.0,3.00,11.88,0.00,11.88,279.92,0.00,57.83,57.83,0.00,0.00,,,12060 Potranco Road,
"Roman, Leticia",Server,7.11,0.0,3.00,21.33,0.00,21.33,692.44,50.00,88.93,138.93,0.00,19.41,,,12060 Potranco Road,
"Rosales, Elsa",Tortillera,7.19,0.0,13.00,93.47,0.00,93.47,0.00,,0.00,0.00,0.00,0.00,,,12060 Potranco Road,
"Salinas, Zoila",General Manager,5.56,0.0,,,,,84.55,,0.00,0.00,0.00,0.00,,,12060 Potranco Road,
"Tovar , Gabriel",Server,9.3,0.0,3.00,27.90,0.00,27.90,636.91,5.00,102.98,107.98,0.00,0.00,,,12060 Potranco Road,
"Vega, Estela",Tortillera,9.14,0.0,15.00,137.10,0.00,137.10,0.00,,0.00,0.00,0.00,0.00,,,12060 Potranco Road,
"Velasquez, Lisa",Server,7.16,0.0,3.00,21.48,0.00,21.48,442.10,5.00,58.00,63.00,0.00,0.00,,,12060 Potranco Road,
"vanenzuela, felix",Cook,6.78,0.0,,,,,0.00,,0.00,0.00,0.00,0.00,,,12060 Potranco Road,
