Employee,Job Title,In Date,Out Date,Auto Clock-out,Total Hours,Unpaid Break Time,Paid Break Time,Payable Hours
"Vega, Estela",Tortillera,8/11/25 4:52 AM,8/11/25 4:52 AM,No,0.00,0.00,0.00,0.00
"Vega, Estela",Tortillera,8/11/25 4:53 AM,8/11/25 2:01 PM,No,9.14,0.00,0.00,9.14
"Cardenas, Salvador",Cook,8/11/25 5:32 AM,8/11/25 2:03 PM,No,8.51,0.00,0.00,8.51
"Lino Santana, David ",Prep,8/11/25 6:04 AM,8/11/25 2:07 PM,No,8.05,0.00,0.00,8.05
"Garcia, Enriqueta",Chef,8/11/25 6:04 AM,8/11/25 3:16 PM,No,9.21,0.00,0.00,9.21
"Cabrera, Sugey",Server,8/11/25 6:07 AM,8/11/25 2:46 PM,No,8.65,0.00,0.00,8.65
"Reyes, Nadia",Driver,8/11/25 6:14 AM,8/11/25 2:20 PM,No,8.11,0.00,0.00,8.11
"Ojeda, George",Runner,8/11/25 6:19 AM,8/11/25 2:05 PM,No,7.76,0.00,0.00,7.76
"Salinas, Zoila",General Manager,8/11/25 7:39 AM,8/11/25 1:12 PM,No,5.56,0.00,0.00,5.56
"Tovar , Gabriel",Server,8/11/25 7:52 AM,8/11/25 5:10 PM,No,9.30,0.00,0.00,9.30
"Roman, Leticia",Server,8/11/25 7:58 AM,8/11/25 3:05 PM,No,7.11,0.00,0.00,7.11
"JOSSUETH, FRANLOD",Busser,8/11/25 8:26 AM,8/11/25 3:04 PM,No,6.64,0.00,0.00,6.64
"Barton, Arion",Cook,8/11/25 9:00 AM,8/11/25 3:51 PM,No,6.85,0.00,0.00,6.85
"Rosales, Elsa",Tortillera,8/11/25 1:56 PM,8/11/25 9:07 PM,No,7.19,0.00,0.00,7.19
"Velasquez, Lisa",Server,8/11/25 1:58 PM,8/11/25 9:08 PM,No,7.16,0.00,0.00,7.16
"GUTIERREZ, ERIC",Cook,8/11/25 1:59 PM,8/11/25 9:02 PM,No,7.06,0.00,0.00,7.06
"Jimenez, Mario",Driver,8/11/25 2:12 PM,8/11/25 9:00 PM,No,6.80,0.00,0.00,6.80
"vanenzuela, felix",Cook,8/11/25 2:17 PM,8/11/25 9:03 PM,No,6.78,0.00,0.00,6.78
"Del Angel, Candy",Shift Manager / Assistant Manager,8/11/25 5:06 PM,8/11/25 9:11 PM,No,4.07,0.00,0.00,4.07
"Rodriguez, Rosalinda",Server,8/11/25 5:12 PM,8/11/25 9:09 PM,No,3.96,0.00,0.00,3.96
