Location,Entry Id,Created Date,Action,Amount,Cash Drawer,Payout Reason,No Sale Reason,Comment,Employee,Employee 2
2919 Blanco Rd,800000031280200682,10/28/25 6:07 AM,CASH_PAYMENT,2.15,Drive Thru Cash Drawer,,,Cash payment,Martina Ovalle ,
2919 Blanco Rd,800000031280246007,10/28/25 6:16 AM,CASH_PAYMENT,10.96,Drive Thru Cash Drawer,,,Cash payment,Martina Ovalle ,
2919 Blanco Rd,800000031280274017,10/28/25 6:22 AM,CASH_PAYMENT,6.46,Drive Thru Cash Drawer,,,Cash payment,Martina Ovalle ,
2919 Blanco Rd,800000031280320080,10/28/25 6:30 AM,CASH_PAYMENT,14.55,Drive Thru Cash Drawer,,,Cash payment,Martina Ovalle ,
2919 Blanco Rd,800000031280371110,10/28/25 6:38 AM,CASH_PAYMENT,6.26,Drive Thru Cash Drawer,,,Cash payment,Martina Ovalle ,
2919 Blanco Rd,800000031280376867,10/28/25 6:39 AM,CASH_PAYMENT,4.30,Drive Thru Cash Drawer,,,Cash payment,Martina Ovalle ,
2919 Blanco Rd,800000031280570848,10/28/25 7:04 AM,CASH_PAYMENT,21.03,Front Box Cash Drawer,,,Cash payment,AM CASHIER,
2919 Blanco Rd,800000031280609764,10/28/25 7:07 AM,CASH_PAYMENT,3.24,Drive Thru Cash Drawer,,,Cash payment,Martina Ovalle ,
2919 Blanco Rd,800000031280620688,10/28/25 7:08 AM,CASH_PAYMENT,3.56,Drive Thru Cash Drawer,,,Cash payment,Martina Ovalle ,
2919 Blanco Rd,800000031280638437,10/28/25 7:10 AM,CASH_PAYMENT,8.62,Drive Thru Cash Drawer,,,Cash payment,Martina Ovalle ,
2919 Blanco Rd,800000031280739343,10/28/25 7:19 AM,CASH_PAYMENT,6.46,Drive Thru Cash Drawer,,,Cash payment,Martina Ovalle ,
2919 Blanco Rd,800000031280785667,10/28/25 7:23 AM,CASH_PAYMENT,6.00,Drive Thru Cash Drawer,,,Cash payment,Martina Ovalle ,
2919 Blanco Rd,800000031280932274,10/28/25 7:34 AM,CASH_PAYMENT,9.71,Drive Thru Cash Drawer,,,Cash payment,Martina Ovalle ,
2919 Blanco Rd,800000031280985509,10/28/25 7:39 AM,CASH_PAYMENT,4.30,Drive Thru Cash Drawer,,,Cash payment,Martina Ovalle ,
2919 Blanco Rd,800000031281096330,10/28/25 7:47 AM,CASH_PAYMENT,2.91,Front Box Cash Drawer,,,Cash payment,AM CASHIER,
2919 Blanco Rd,800000031281145240,10/28/25 7:51 AM,CASH_PAYMENT,4.30,Drive Thru Cash Drawer,,,Cash payment,Martina Ovalle ,
2919 Blanco Rd,800000031281265064,10/28/25 7:59 AM,CASH_PAYMENT,9.87,Front Box Cash Drawer,,,Cash payment,AM CASHIER,
2919 Blanco Rd,800000031281271650,10/28/25 8:00 AM,CASH_PAYMENT,3.41,Front Box Cash Drawer,,,Cash payment,AM CASHIER,
2919 Blanco Rd,800000031281379779,10/28/25 8:07 AM,CASH_PAYMENT,5.39,Drive Thru Cash Drawer,,,Cash payment,Martina Ovalle ,
2919 Blanco Rd,800000031281508125,10/28/25 8:16 AM,CASH_PAYMENT,14.13,Front Box Cash Drawer,,,Cash payment,AM CASHIER,
2919 Blanco Rd,800000031281601364,10/28/25 8:22 AM,CASH_PAYMENT,13.43,Drive Thru Cash Drawer,,,Cash payment,Martina Ovalle ,
2919 Blanco Rd,800000031281684802,10/28/25 8:28 AM,CASH_PAYMENT,4.30,Drive Thru Cash Drawer,,,Cash payment,Martina Ovalle ,
2919 Blanco Rd,800000031281697197,10/28/25 8:29 AM,CASH_PAYMENT,8.04,Drive Thru Cash Drawer,,,Cash payment,Martina Ovalle ,
2919 Blanco Rd,800000031281718933,10/28/25 8:30 AM,CASH_PAYMENT,4.30,Front Box Cash Drawer,,,Cash payment,AM CASHIER,
2919 Blanco Rd,800000031281972380,10/28/25 8:47 AM,CASH_PAYMENT,9.16,Front Box Cash Drawer,,,Cash payment,AM CASHIER,
2919 Blanco Rd,800000031282025530,10/28/25 8:51 AM,CASH_PAYMENT,12.53,Front Box Cash Drawer,,,Cash payment,AM CASHIER,
2919 Blanco Rd,800000031282092956,10/28/25 8:56 AM,CASH_PAYMENT,2.98,Front Box Cash Drawer,,,Cash payment,AM CASHIER,
2919 Blanco Rd,800000031282119122,10/28/25 8:57 AM,CASH_PAYMENT,5.40,Drive Thru Cash Drawer,,,Cash payment,Martina Ovalle ,
2919 Blanco Rd,800000031282152452,10/28/25 8:59 AM,CASH_PAYMENT,6.46,Drive Thru Cash Drawer,,,Cash payment,Martina Ovalle ,
2919 Blanco Rd,800000031282181072,10/28/25 9:01 AM,CASH_PAYMENT,6.46,Drive Thru Cash Drawer,,,Cash payment,Martina Ovalle ,
2919 Blanco Rd,800000031282204914,10/28/25 9:03 AM,CASH_PAYMENT,2.44,Drive Thru Cash Drawer,,,Cash payment,Martina Ovalle ,
2919 Blanco Rd,800000031282268292,10/28/25 9:07 AM,CASH_PAYMENT,4.30,Drive Thru Cash Drawer,,,Cash payment,Martina Ovalle ,
2919 Blanco Rd,800000031282324758,10/28/25 9:10 AM,CASH_PAYMENT,7.83,Drive Thru Cash Drawer,,,Cash payment,Martina Ovalle ,
2919 Blanco Rd,800000031282348199,10/28/25 9:12 AM,CASH_PAYMENT,8.62,Front Box Cash Drawer,,,Cash payment,AM CASHIER,
2919 Blanco Rd,800000031282359753,10/28/25 9:12 AM,CASH_PAYMENT,17.26,Drive Thru Cash Drawer,,,Cash payment,Martina Ovalle ,
2919 Blanco Rd,800000031282367087,10/28/25 9:13 AM,CASH_PAYMENT,2.70,Drive Thru Cash Drawer,,,Cash payment,Martina Ovalle ,
2919 Blanco Rd,800000031282407253,10/28/25 9:15 AM,CASH_PAYMENT,9.35,Front Box Cash Drawer,,,Cash payment,AM CASHIER,
2919 Blanco Rd,800000031282421790,10/28/25 9:16 AM,CASH_PAYMENT,2.48,Drive Thru Cash Drawer,,,Cash payment,Martina Ovalle ,
2919 Blanco Rd,800000031282428404,10/28/25 9:17 AM,CASH_PAYMENT,4.31,Drive Thru Cash Drawer,,,Cash payment,Martina Ovalle ,
2919 Blanco Rd,800000031282492715,10/28/25 9:21 AM,CASH_PAYMENT,13.83,Front Box Cash Drawer,,,Cash payment,AM CASHIER,
2919 Blanco Rd,800000031282506716,10/28/25 9:22 AM,CASH_PAYMENT,10.78,Drive Thru Cash Drawer,,,Cash payment,Martina Ovalle ,
2919 Blanco Rd,800000031282568014,10/28/25 9:26 AM,CASH_PAYMENT,2.15,Drive Thru Cash Drawer,,,Cash payment,Martina Ovalle ,
2919 Blanco Rd,800000031282760460,10/28/25 9:38 AM,CASH_PAYMENT,8.48,Drive Thru Cash Drawer,,,Cash payment,Martina Ovalle ,
2919 Blanco Rd,800000031282760899,10/28/25 9:38 AM,CASH_PAYMENT,4.30,Front Box Cash Drawer,,,Cash payment,AM CASHIER,
2919 Blanco Rd,800000031282829128,10/28/25 9:42 AM,CASH_PAYMENT,8.15,Drive Thru Cash Drawer,,,Cash payment,Martina Ovalle ,
2919 Blanco Rd,800000031282918453,10/28/25 9:48 AM,CASH_PAYMENT,2.15,Front Box Cash Drawer,,,Cash payment,AM CASHIER,
2919 Blanco Rd,800000031282961432,10/28/25 9:50 AM,CASH_PAYMENT,8.62,Drive Thru Cash Drawer,,,Cash payment,Martina Ovalle ,
2919 Blanco Rd,800000031283052920,10/28/25 9:56 AM,CASH_PAYMENT,5.39,Drive Thru Cash Drawer,,,Cash payment,Martina Ovalle ,
2919 Blanco Rd,800000031283117741,10/28/25 10:00 AM,CASH_PAYMENT,2.48,Drive Thru Cash Drawer,,,Cash payment,Martina Ovalle ,
2919 Blanco Rd,800000031283140604,10/28/25 10:01 AM,CASH_PAYMENT,4.30,Drive Thru Cash Drawer,,,Cash payment,Martina Ovalle ,
2919 Blanco Rd,800000031283422991,10/28/25 10:15 AM,CASH_PAYMENT,4.30,Drive Thru Cash Drawer,,,Cash payment,Martina Ovalle ,
2919 Blanco Rd,800000031283489631,10/28/25 10:18 AM,CASH_PAYMENT,22.44,Front Box Cash Drawer,,,Cash payment,AM CASHIER,
2919 Blanco Rd,800000031283552922,10/28/25 10:21 AM,CASH_PAYMENT,13.14,Drive Thru Cash Drawer,,,Cash payment,Martina Ovalle ,
2919 Blanco Rd,800000031283689217,10/28/25 10:27 AM,CASH_PAYMENT,8.95,Drive Thru Cash Drawer,,,Cash payment,Martina Ovalle ,
2919 Blanco Rd,800000031283959618,10/28/25 10:39 AM,CASH_PAYMENT,15.37,Front Box Cash Drawer,,,Cash payment,AM CASHIER,
2919 Blanco Rd,800000031284548119,10/28/25 11:01 AM,CASH_PAYMENT,4.31,Drive Thru Cash Drawer,,,Cash payment,Martina Ovalle ,
2919 Blanco Rd,800000031284886820,10/28/25 11:11 AM,CASH_PAYMENT,15.31,Front Box Cash Drawer,,,Cash payment,AM CASHIER,
2919 Blanco Rd,800000031284957511,10/28/25 11:13 AM,CASH_PAYMENT,20.84,Drive Thru Cash Drawer,,,Cash payment,Martina Ovalle ,
2919 Blanco Rd,800000031284985531,10/28/25 11:14 AM,CASH_PAYMENT,17.97,Front Box Cash Drawer,,,Cash payment,AM CASHIER,
2919 Blanco Rd,800000031285225080,10/28/25 11:20 AM,CASH_PAYMENT,9.17,Front Box Cash Drawer,,,Cash payment,AM CASHIER,
2919 Blanco Rd,800000031285296477,10/28/25 11:22 AM,CASH_PAYMENT,8.65,Drive Thru Cash Drawer,,,Cash payment,Martina Ovalle ,
2919 Blanco Rd,800000031285797492,10/28/25 11:36 AM,CASH_PAYMENT,22.38,Drive Thru Cash Drawer,,,Cash payment,Martina Ovalle ,
2919 Blanco Rd,800000031285964267,10/28/25 11:40 AM,CASH_PAYMENT,11.34,Drive Thru Cash Drawer,,,Cash payment,Martina Ovalle ,
2919 Blanco Rd,800000031286048335,10/28/25 11:42 AM,CASH_PAYMENT,16.84,Drive Thru Cash Drawer,,,Cash payment,Martina Ovalle ,
2919 Blanco Rd,800000031286102688,10/28/25 11:44 AM,CASH_PAYMENT,15.00,Drive Thru Cash Drawer,,,Cash payment,Martina Ovalle ,
2919 Blanco Rd,800000031286914199,10/28/25 12:06 PM,CASH_PAYMENT,2.15,Drive Thru Cash Drawer,,,Cash payment,Martina Ovalle ,
2919 Blanco Rd,800000031287115425,10/28/25 12:11 PM,CASH_PAYMENT,4.85,Drive Thru Cash Drawer,,,Cash payment,Martina Ovalle ,
2919 Blanco Rd,800000031287252904,10/28/25 12:14 PM,CASH_PAYMENT,6.46,Drive Thru Cash Drawer,,,Cash payment,Martina Ovalle ,
2919 Blanco Rd,800000031287324973,10/28/25 12:16 PM,CASH_PAYMENT,12.16,Front Box Cash Drawer,,,Cash payment,AM CASHIER,
2919 Blanco Rd,800000031287688177,10/28/25 12:26 PM,CASH_PAYMENT,4.75,Drive Thru Cash Drawer,,,Cash payment,Martina Ovalle ,
2919 Blanco Rd,800000031288465774,10/28/25 12:48 PM,TIP_OUT,-59.58,Drive Thru Cash Drawer,,,Tips paid out from shift review.,Martina Ovalle ,Martina Ovalle 
2919 Blanco Rd,800000031288467574,10/28/25 12:49 PM,CLOSE_OUT_EXACT,0.00,Drive Thru Cash Drawer,,,Close out balance matches expected balance,Martina Ovalle ,
2919 Blanco Rd,800000031289109867,10/28/25 1:09 PM,CASH_PAYMENT,11.30,Drive Thru Cash Drawer (2),,,Cash payment,Maria  Salazar,
2919 Blanco Rd,800000031289489593,10/28/25 1:21 PM,CASH_PAYMENT,11.90,Drive Thru Cash Drawer (2),,,Cash payment,Maria  Salazar,
2919 Blanco Rd,800000031289542641,10/28/25 1:22 PM,CASH_PAYMENT,33.05,Drive Thru Cash Drawer (2),,,Cash payment,Maria  Salazar,
2919 Blanco Rd,800000031289831554,10/28/25 1:32 PM,CASH_PAYMENT,7.33,Drive Thru Cash Drawer (2),,,Cash payment,Maria  Salazar,
2919 Blanco Rd,800000031290425610,10/28/25 1:52 PM,CASH_PAYMENT,6.47,Drive Thru Cash Drawer (2),,,Cash payment,Maria  Salazar,
2919 Blanco Rd,800000031291140028,10/28/25 2:16 PM,TIP_OUT,-55.50,Front Box Cash Drawer,,,Tips paid out from shift review.,Cinthia Patlan,samantha lopez
2919 Blanco Rd,800000031291172699,10/28/25 2:17 PM,TIP_OUT,-1.00,Front Box Cash Drawer,,,Tips paid out from shift review.,AM CASHIER,AM CASHIER
2919 Blanco Rd,800000031291199133,10/28/25 2:18 PM,CLOSE_OUT_EXACT,0.00,Front Box Cash Drawer,,,Close out balance matches expected balance,AM CASHIER,
2919 Blanco Rd,800000031291358094,10/28/25 2:24 PM,CASH_PAYMENT,23.26,Front Box Cash Drawer (2),,,Cash payment,samantha lopez,
2919 Blanco Rd,800000031292746271,10/28/25 3:13 PM,CASH_PAYMENT,11.29,Front Box Cash Drawer (2),,,Cash payment,samantha lopez,
2919 Blanco Rd,800000031292764622,10/28/25 3:14 PM,CASH_PAYMENT,32.78,Front Box Cash Drawer (2),,,Cash payment,samantha lopez,
2919 Blanco Rd,800000031292939472,10/28/25 3:20 PM,CASH_PAYMENT,7.28,Drive Thru Cash Drawer (2),,,Cash payment,Maria  Salazar,
2919 Blanco Rd,800000031293106941,10/28/25 3:26 PM,CASH_PAYMENT,11.19,Drive Thru Cash Drawer (2),,,Cash payment,Maria  Salazar,
2919 Blanco Rd,800000031293408448,10/28/25 3:37 PM,CASH_PAYMENT,10.26,Drive Thru Cash Drawer (2),,,Cash payment,Maria  Salazar,
2919 Blanco Rd,800000031293983517,10/28/25 3:57 PM,CASH_PAYMENT,5.40,Front Box Cash Drawer (2),,,Cash payment,samantha lopez,
2919 Blanco Rd,800000031295168651,10/28/25 4:31 PM,CASH_PAYMENT,13.82,Drive Thru Cash Drawer (2),,,Cash payment,Maria  Salazar,
2919 Blanco Rd,800000031295230751,10/28/25 4:32 PM,CASH_PAYMENT,18.87,Drive Thru Cash Drawer (2),,,Cash payment,Maria  Salazar,
2919 Blanco Rd,800000031296280789,10/28/25 4:58 PM,CASH_PAYMENT,6.78,Drive Thru Cash Drawer (2),,,Cash payment,Maria  Salazar,
2919 Blanco Rd,800000031296350904,10/28/25 5:00 PM,CASH_PAYMENT,4.30,Drive Thru Cash Drawer (2),,,Cash payment,Maria  Salazar,
2919 Blanco Rd,800000031298658659,10/28/25 5:47 PM,CASH_PAYMENT,21.62,Front Box Cash Drawer (2),,,Cash payment,samantha lopez,
2919 Blanco Rd,800000031299077852,10/28/25 5:55 PM,CASH_PAYMENT,19.46,Front Box Cash Drawer (2),,,Cash payment,samantha lopez,
2919 Blanco Rd,800000031299376914,10/28/25 6:01 PM,CASH_PAYMENT,9.50,Drive Thru Cash Drawer (2),,,Cash payment,Maria  Salazar,
2919 Blanco Rd,800000031299633351,10/28/25 6:06 PM,CASH_PAYMENT,49.62,Drive Thru Cash Drawer (2),,,Cash payment,Maria  Salazar,
2919 Blanco Rd,800000031300208258,10/28/25 6:17 PM,CASH_PAYMENT,2.15,Drive Thru Cash Drawer (2),,,Cash payment,Maria  Salazar,
2919 Blanco Rd,800000031301053770,10/28/25 6:34 PM,CASH_PAYMENT,7.56,Front Box Cash Drawer (2),,,Cash payment,samantha lopez,
2919 Blanco Rd,800000031301713019,10/28/25 6:48 PM,CASH_PAYMENT,7.56,Drive Thru Cash Drawer (2),,,Cash payment,Maria  Salazar,
2919 Blanco Rd,800000031302073001,10/28/25 6:56 PM,CASH_PAYMENT,10.80,Front Box Cash Drawer (2),,,Cash payment,samantha lopez,
2919 Blanco Rd,800000031302425556,10/28/25 7:04 PM,CASH_PAYMENT,24.88,Drive Thru Cash Drawer (2),,,Cash payment,Maria  Salazar,
2919 Blanco Rd,800000031302903239,10/28/25 7:14 PM,CASH_PAYMENT,10.84,Drive Thru Cash Drawer (2),,,Cash payment,Maria  Salazar,
2919 Blanco Rd,800000031304497799,10/28/25 7:55 PM,TIP_OUT,-38.00,Drive Thru Cash Drawer (2),,,Tips paid out from shift review.,Maria  Salazar,Maria  Salazar
2919 Blanco Rd,800000031304564931,10/28/25 7:57 PM,TIP_OUT,-19.69,Front Box Cash Drawer (2),,,Tips paid out from shift review.,samantha lopez,samantha lopez
2919 Blanco Rd,800000031304577561,10/28/25 7:57 PM,CLOSE_OUT_EXACT,0.00,Front Box Cash Drawer (2),,,Close out balance matches expected balance,samantha lopez,
2919 Blanco Rd,800000031304662813,10/28/25 8:00 PM,CLOSE_OUT_EXACT,0.00,Drive Thru Cash Drawer (2),,,Close out balance matches expected balance,Maria  Salazar,
