Location,Server,Check #,Table,Station,Expediter Level,Fired Date,Fulfilled Date,Fulfillment Time,Fulfilled By
2919 Blanco Rd,Maria  Salazar,5,17,,1,10/28/25 6:12 AM,10/28/25 7:44 AM,"1 hour, 32 minutes and 16 seconds",AM CASHIER
2919 Blanco Rd,Maria  Salazar,24,,,1,10/28/25 7:06 AM,10/28/25 7:44 AM,38 minutes and 37 seconds,AM CASHIER
2919 Blanco Rd,AM CASHIER,1,,,1,10/28/25 6:02 AM,10/28/25 7:44 AM,"1 hour, 42 minutes and 10 seconds",AM CASHIER
2919 Blanco Rd,Maria  Salazar,7,,,1,10/28/25 6:51 AM,10/28/25 7:44 AM,53 minutes and 28 seconds,AM CASHIER
2919 Blanco Rd,AM CASHIER,2,,,1,10/28/25 6:13 AM,10/28/25 7:44 AM,"1 hour, 31 minutes and 44 seconds",AM CASHIER
2919 Blanco Rd,Maria  Salazar,39,10,,1,10/28/25 7:20 AM,10/28/25 7:44 AM,24 minutes and 14 seconds,AM CASHIER
2919 Blanco Rd,AM CASHIER,55,,,1,10/28/25 7:57 AM,10/28/25 8:16 AM,19 minutes and 39 seconds,AM CASHIER
2919 Blanco Rd,AM CASHIER,49,,,1,10/28/25 7:44 AM,10/28/25 8:16 AM,32 minutes and 29 seconds,AM CASHIER
2919 Blanco Rd,samantha lopez,62,5,,1,10/28/25 8:05 AM,10/28/25 8:16 AM,10 minutes and 51 seconds,AM CASHIER
2919 Blanco Rd,Maria  Salazar,47,9,,1,10/28/25 7:39 AM,10/28/25 8:16 AM,36 minutes and 56 seconds,AM CASHIER
2919 Blanco Rd,AM CASHIER,65,,,1,10/28/25 8:08 AM,10/28/25 8:18 AM,9 minutes and 59 seconds,AM CASHIER
2919 Blanco Rd,samantha lopez,69,13,,1,10/28/25 8:09 AM,10/28/25 8:28 AM,18 minutes and 55 seconds,AM CASHIER
2919 Blanco Rd,samantha lopez,77,3,,1,10/28/25 8:25 AM,10/28/25 8:34 AM,8 minutes and 20 seconds,AM CASHIER
2919 Blanco Rd,samantha lopez,93,5,,1,10/28/25 8:50 AM,10/28/25 9:16 AM,25 minutes and 55 seconds,AM CASHIER
2919 Blanco Rd,AM CASHIER,90,,,1,10/28/25 8:42 AM,10/28/25 9:16 AM,33 minutes and 24 seconds,AM CASHIER
2919 Blanco Rd,AM CASHIER,82,,,1,10/28/25 8:30 AM,10/28/25 9:16 AM,45 minutes and 35 seconds,AM CASHIER
2919 Blanco Rd,samantha lopez,77,3,,1,10/28/25 8:48 AM,10/28/25 9:16 AM,27 minutes and 40 seconds,AM CASHIER
2919 Blanco Rd,AM CASHIER,92,8,,1,10/28/25 8:48 AM,10/28/25 9:16 AM,27 minutes and 36 seconds,AM CASHIER
2919 Blanco Rd,AM CASHIER,111,,,1,10/28/25 9:12 AM,10/28/25 9:16 AM,3 minutes and 49 seconds,AM CASHIER
2919 Blanco Rd,AM CASHIER,114,,,1,10/28/25 9:12 AM,10/28/25 9:16 AM,3 minutes and 21 seconds,AM CASHIER
2919 Blanco Rd,samantha lopez,94,2,,1,10/28/25 8:50 AM,10/28/25 9:16 AM,25 minutes and 34 seconds,AM CASHIER
2919 Blanco Rd,AM CASHIER,126,,,1,10/28/25 9:38 AM,10/28/25 9:56 AM,18 minutes and 8 seconds,AM CASHIER
2919 Blanco Rd,AM CASHIER,118,,,1,10/28/25 9:14 AM,10/28/25 9:56 AM,42 minutes and 24 seconds,AM CASHIER
2919 Blanco Rd,samantha lopez,122,7,,1,10/28/25 9:18 AM,10/28/25 9:56 AM,37 minutes and 56 seconds,AM CASHIER
2919 Blanco Rd,AM CASHIER,119,,,1,10/28/25 9:15 AM,10/28/25 9:56 AM,40 minutes and 50 seconds,AM CASHIER
2919 Blanco Rd,samantha lopez,127,18,,1,10/28/25 9:31 AM,10/28/25 9:56 AM,25 minutes and 13 seconds,AM CASHIER
2919 Blanco Rd,samantha lopez,136,8,,1,10/28/25 9:52 AM,10/28/25 9:59 AM,7 minutes and 4 seconds,AM CASHIER
2919 Blanco Rd,samantha lopez,135,6,,1,10/28/25 9:51 AM,10/28/25 9:59 AM,7 minutes and 50 seconds,AM CASHIER
2919 Blanco Rd,samantha lopez,135,6,,1,10/28/25 9:59 AM,10/28/25 9:59 AM,5 seconds,AM CASHIER
2919 Blanco Rd,Martina Ovalle ,140,,,1,10/28/25 9:57 AM,10/28/25 10:31 AM,33 minutes and 39 seconds,AM CASHIER
2919 Blanco Rd,samantha lopez,145,1,,1,10/28/25 10:07 AM,10/28/25 10:31 AM,23 minutes and 59 seconds,AM CASHIER
2919 Blanco Rd,samantha lopez,152,7,,1,10/28/25 10:17 AM,10/28/25 10:31 AM,14 minutes and 17 seconds,AM CASHIER
2919 Blanco Rd,AM CASHIER,158,,,1,10/28/25 10:24 AM,10/28/25 10:31 AM,6 minutes and 43 seconds,AM CASHIER
2919 Blanco Rd,samantha lopez,159,6,,1,10/28/25 10:25 AM,10/28/25 10:52 AM,27 minutes and 1 second,AM CASHIER
2919 Blanco Rd,samantha lopez,167,12,,1,10/28/25 10:56 AM,10/28/25 11:21 AM,25 minutes and 18 seconds,AM CASHIER
2919 Blanco Rd,samantha lopez,171,9,,1,10/28/25 11:04 AM,10/28/25 11:21 AM,17 minutes and 36 seconds,AM CASHIER
2919 Blanco Rd,AM CASHIER,142,,,1,10/28/25 10:43 AM,10/28/25 11:21 AM,37 minutes and 49 seconds,AM CASHIER
2919 Blanco Rd,samantha lopez,164,17,,1,10/28/25 10:49 AM,10/28/25 11:21 AM,31 minutes and 41 seconds,AM CASHIER
2919 Blanco Rd,samantha lopez,167,12,,1,10/28/25 10:55 AM,10/28/25 11:21 AM,25 minutes and 57 seconds,AM CASHIER
2919 Blanco Rd,AM CASHIER,177,,,1,10/28/25 11:20 AM,10/28/25 11:21 AM,1 minute and 14 seconds,AM CASHIER
2919 Blanco Rd,samantha lopez,175,3,,1,10/28/25 11:10 AM,10/28/25 11:21 AM,11 minutes and 29 seconds,AM CASHIER
2919 Blanco Rd,AM CASHIER,170,,,1,10/28/25 11:04 AM,10/28/25 11:21 AM,17 minutes and 4 seconds,AM CASHIER
2919 Blanco Rd,AM CASHIER,177,,,1,10/28/25 11:12 AM,10/28/25 11:21 AM,9 minutes and 12 seconds,AM CASHIER
2919 Blanco Rd,samantha lopez,179,5,,1,10/28/25 11:27 AM,10/28/25 11:50 AM,23 minutes and 18 seconds,AM CASHIER
2919 Blanco Rd,samantha lopez,167,12,,1,10/28/25 11:17 AM,10/28/25 11:50 AM,32 minutes and 54 seconds,AM CASHIER
2919 Blanco Rd,samantha lopez,189,10,,1,10/28/25 11:53 AM,10/28/25 12:44 PM,50 minutes and 59 seconds,AM CASHIER
2919 Blanco Rd,samantha lopez,194,4,,1,10/28/25 12:12 PM,10/28/25 12:44 PM,31 minutes and 56 seconds,AM CASHIER
2919 Blanco Rd,AM CASHIER,197,,,1,10/28/25 12:41 PM,10/28/25 12:44 PM,2 minutes and 47 seconds,AM CASHIER
2919 Blanco Rd,samantha lopez,202,3,,1,10/28/25 12:22 PM,10/28/25 12:44 PM,22 minutes and 4 seconds,AM CASHIER
2919 Blanco Rd,samantha lopez,194,4,,1,10/28/25 12:39 PM,10/28/25 12:44 PM,4 minutes and 50 seconds,AM CASHIER
2919 Blanco Rd,samantha lopez,214,10,,1,10/28/25 1:15 PM,10/28/25 1:25 PM,10 minutes and 8 seconds,AM CASHIER
2919 Blanco Rd,samantha lopez,213,18,,1,10/28/25 1:14 PM,10/28/25 1:25 PM,10 minutes and 53 seconds,AM CASHIER
2919 Blanco Rd,samantha lopez,220,22,,1,10/28/25 1:40 PM,10/28/25 1:57 PM,17 minutes and 47 seconds,AM CASHIER
2919 Blanco Rd,samantha lopez,222,15,,1,10/28/25 1:55 PM,10/28/25 1:57 PM,2 minutes and 18 seconds,AM CASHIER
2919 Blanco Rd,samantha lopez,220,22,,1,10/28/25 1:42 PM,10/28/25 1:57 PM,15 minutes and 34 seconds,AM CASHIER
2919 Blanco Rd,samantha lopez,237,13,,1,10/28/25 3:02 PM,10/28/25 3:51 PM,49 minutes and 32 seconds,AM CASHIER
2919 Blanco Rd,samantha lopez,228,,,1,10/28/25 2:32 PM,10/28/25 4:50 PM,"2 hours, 18 minutes and 6 seconds",AM CASHIER
2919 Blanco Rd,samantha lopez,232,1,,1,10/28/25 2:37 PM,10/28/25 4:50 PM,"2 hours, 12 minutes and 47 seconds",AM CASHIER
2919 Blanco Rd,samantha lopez,230,6,,1,10/28/25 2:37 PM,10/28/25 4:50 PM,"2 hours, 13 minutes and 5 seconds",AM CASHIER
2919 Blanco Rd,samantha lopez,248,,,1,10/28/25 3:57 PM,10/28/25 4:50 PM,53 minutes and 35 seconds,AM CASHIER
2919 Blanco Rd,samantha lopez,236,4,,1,10/28/25 2:52 PM,10/28/25 4:50 PM,"1 hour, 57 minutes and 35 seconds",AM CASHIER
2919 Blanco Rd,samantha lopez,247,5,,1,10/28/25 3:55 PM,10/28/25 4:50 PM,55 minutes and 16 seconds,AM CASHIER
2919 Blanco Rd,samantha lopez,253,,,1,10/28/25 4:14 PM,10/28/25 4:50 PM,36 minutes and 18 seconds,AM CASHIER
2919 Blanco Rd,samantha lopez,266,21,,1,10/28/25 5:13 PM,10/28/25 5:19 PM,6 minutes and 11 seconds,AM CASHIER
2919 Blanco Rd,samantha lopez,267,5,,1,10/28/25 5:18 PM,10/28/25 5:33 PM,14 minutes and 49 seconds,AM CASHIER
2919 Blanco Rd,samantha lopez,268,3,,1,10/28/25 5:23 PM,10/28/25 5:33 PM,10 minutes and 30 seconds,AM CASHIER
2919 Blanco Rd,samantha lopez,269,8,,1,10/28/25 5:30 PM,10/28/25 5:39 PM,8 minutes and 19 seconds,AM CASHIER
2919 Blanco Rd,samantha lopez,273,15,,1,10/28/25 5:59 PM,10/28/25 7:06 PM,"1 hour, 6 minutes and 9 seconds",AM CASHIER
2919 Blanco Rd,samantha lopez,275,,,1,10/28/25 6:14 PM,10/28/25 7:06 PM,51 minutes and 19 seconds,AM CASHIER
2919 Blanco Rd,samantha lopez,279,,,1,10/28/25 6:45 PM,10/28/25 7:06 PM,21 minutes and 8 seconds,AM CASHIER
2919 Blanco Rd,samantha lopez,288,4,,1,10/28/25 7:13 PM,10/28/25 7:26 PM,13 minutes and 37 seconds,AM CASHIER
