Location,Employee,Job Title,In Date,Out Date,Total Hours,Unpaid Break Time,Paid Break Time,Payable Hours
2919 Blanco Rd,"Hernandez, Fidelia ",Cook,10/28/25 5:30 AM,10/28/25 2:02 PM,8.55,0.00,0.00,8.55
2919 Blanco Rd,"Villalobos , Veronica ",Cook,10/28/25 5:31 AM,10/28/25 11:01 AM,5.50,0.00,0.00,5.50
2919 Blanco Rd,"Salazar, Maria ",Shift Manager / Assistant Manager,10/28/25 5:46 AM,10/28/25 9:03 PM,15.28,0.00,0.00,15.28
2919 Blanco Rd,"CASHIER, AM",General Manager,10/28/25 5:47 AM,10/28/25 2:18 PM,8.52,0.00,0.00,8.52
2919 Blanco Rd,"Salazar, Betty",Chef,10/28/25 5:57 AM,10/28/25 9:03 PM,15.10,0.00,0.00,15.10
2919 Blanco Rd,"Ovalle , Martina",Drive-Thru,10/28/25 5:59 AM,10/28/25 1:14 PM,7.25,0.00,0.00,7.25
2919 Blanco Rd,"Rivera, Dante Antonio ",Cook,10/28/25 7:15 AM,10/28/25 8:49 PM,13.56,0.00,0.00,13.56
2919 Blanco Rd,"lopez, samantha",Server,10/28/25 8:02 AM,10/28/25 2:17 PM,6.24,0.00,0.00,6.24
2919 Blanco Rd,"Villalobos , Veronica ",Cook,10/28/25 11:40 AM,10/28/25 1:59 PM,2.33,0.00,0.00,2.33
2919 Blanco Rd,"lopez, samantha",Server,10/28/25 2:17 PM,10/28/25 8:20 PM,6.05,0.00,0.00,6.05
