Order #,Opened Date,Void Date,Server,Approver,Item Name,Reason,Item Quantity,Total Price
211,10/28/25 1:06 PM,10/28/25 1:35 PM,Maria  Salazar,Maria  Salazar,Fajita Plate,86ed,1.0,13.99
211,10/28/25 1:06 PM,10/28/25 1:35 PM,Maria  Salazar,Maria  Salazar,(1) Pancake,86ed,2.0,7.98
211,10/28/25 1:06 PM,10/28/25 1:35 PM,Maria  Salazar,Maria  Salazar,Huevos Ranchero Plate,86ed,1.0,9.74
211,10/28/25 1:06 PM,10/28/25 1:35 PM,Maria  Salazar,Maria  Salazar,Lemonade,86ed,1.0,3.99
211,10/28/25 1:06 PM,10/28/25 1:35 PM,Maria  Salazar,Maria  Salazar,Tea/Lemonade (Arnold Palmer),86ed,1.0,3.95
