Order #,Opened Date,Void Date,Server,Approver,Item Name,Reason,Item Quantity,Total Price
149,8/31/25 11:09 AM,8/31/25 11:20 AM,Mia Juliet,Zoila Salinas,Papa & Bacon Taco,Customer Changed Mind,1.0,3.29
151,8/31/25 11:10 AM,8/31/25 11:12 AM,Mia Juliet,Zoila Salinas,Mexican Candy,Customer Changed Mind,1.0,9.50
230,8/31/25 12:25 PM,8/31/25 3:04 PM,Gabriel Tovar ,Gabriel Tovar ,Dr. Pepper,Customer Changed Mind,1.0,3.69
230,8/31/25 12:25 PM,8/31/25 3:04 PM,Gabriel Tovar ,Gabriel Tovar ,water,Customer Changed Mind,1.0,0.00
230,8/31/25 12:25 PM,8/31/25 3:04 PM,Gabriel Tovar ,Gabriel Tovar ,water,Customer Changed Mind,1.0,0.00
230,8/31/25 12:25 PM,8/31/25 3:04 PM,Gabriel Tovar ,Gabriel Tovar ,Chocolate Milk,Customer Changed Mind,1.0,3.49
