Location,Order #,Opened Date,Server,Table,Discount Name,Discount Reason,Comment,Discount Amount
Tink-a-Tako - Potranco,317,9/28/25 2:15 PM,Sergio Abundiz,1,Open % Item,,,3.00
Tink-a-Tako - Potranco,317,9/28/25 2:15 PM,Sergio Abundiz,1,Open % Item,,,3.20
Tink-a-Tako - Potranco,317,9/28/25 2:15 PM,Sergio Abundiz,1,Open % Item,,,2.60
Tink-a-Tako - Potranco,317,9/28/25 2:15 PM,Sergio Abundiz,1,Open % Item,,,2.40
Tink-a-Tako - Potranco,317,9/28/25 2:15 PM,Sergio Abundiz,1,Open % Item,,,2.40
Tink-a-Tako - Potranco,317,9/28/25 2:15 PM,Sergio Abundiz,1,Open % Item,,,2.40
Tink-a-Tako - Potranco,274,9/28/25 1:12 PM,Daniela Torres,,Military Discount,,,0.06
Tink-a-Tako - Potranco,274,9/28/25 1:12 PM,Daniela Torres,,Military Discount,,,0.30
Tink-a-Tako - Potranco,274,9/28/25 1:12 PM,Daniela Torres,,Military Discount,,,1.30
Tink-a-Tako - Potranco,202,9/28/25 11:58 AM,Maria Majana,23,Military Discount,,,1.44
Tink-a-Tako - Potranco,182,9/28/25 11:40 AM,Esperansa Caviedes,38,Open % Item,,,3.00
Tink-a-Tako - Potranco,171,9/28/25 11:29 AM,Ivana Abundiz,,Manager Comp - Item,,,1.99
Tink-a-Tako - Potranco,171,9/28/25 11:29 AM,Ivana Abundiz,,Manager Comp - Item,,,3.99
Tink-a-Tako - Potranco,42,9/28/25 9:03 AM,Maria Majana,32,Open % Item,,,3.00
Tink-a-Tako - Potranco,42,9/28/25 9:03 AM,Maria Majana,32,Open % Item,,,0.43
Tink-a-Tako - Potranco,13,9/28/25 8:24 AM,Lizeth Alonso,,Employee Discount - Check,Employee Discount,Meseras,39.53
Tink-a-Tako - Potranco,10,9/28/25 8:21 AM,Daniela Torres,,Police Discount,,,0.90
Tink-a-Tako - Potranco,10,9/28/25 8:21 AM,Daniela Torres,,Police Discount,,,2.70
Tink-a-Tako - Potranco,10,9/28/25 8:21 AM,Daniela Torres,,Police Discount,,,2.90
Tink-a-Tako - Potranco,10,9/28/25 8:21 AM,Daniela Torres,,Police Discount,,,3.98
