Location,Order #,Opened,# of Guests,Server,Table,Discount Amount,Amount,Tax,Tip,Gratuity
Tink-a-Tako - Potranco,1,9/28/25 7:15 AM,1,Daniela Torres,,0.00,13.97,1.15,0.00,0.00
Tink-a-Tako - Potranco,2,9/28/25 8:00 AM,1,Daniela Torres,,0.00,22.24,1.83,0.00,0.00
Tink-a-Tako - Potranco,3,9/28/25 8:04 AM,1,Daniela Torres,,0.00,13.17,1.09,0.00,0.00
Tink-a-Tako - Potranco,4,9/28/25 8:08 AM,1,Daniela Torres,,0.00,18.40,1.52,0.00,0.00
Tink-a-Tako - Potranco,5,9/28/25 8:08 AM,1,Daniela Torres,,0.00,19.56,1.61,0.00,0.00
Tink-a-Tako - Potranco,6,9/28/25 8:13 AM,5,Esperansa Caviedes,31,0.00,72.65,5.99,12.00,0.00
Tink-a-Tako - Potranco,7,9/28/25 8:14 AM,1,Daniela Torres,,0.00,12.94,1.05,0.00,0.00
Tink-a-Tako - Potranco,9,9/28/25 8:17 AM,1,Maria Majana,35,0.00,9.77,0.81,5.00,0.00
Tink-a-Tako - Potranco,10,9/28/25 8:21 AM,1,Daniela Torres,,10.48,10.45,0.86,0.00,0.00
Tink-a-Tako - Potranco,11,9/28/25 8:22 AM,1,Daniela Torres,,0.00,8.78,0.72,0.00,0.00
Tink-a-Tako - Potranco,13,9/28/25 8:24 AM,1,Lizeth Alonso,,39.53,0.00,0.00,0.00,0.00
Tink-a-Tako - Potranco,12,9/28/25 8:24 AM,1,Daniela Torres,,0.00,13.26,1.10,0.00,0.00
Tink-a-Tako - Potranco,15,9/28/25 8:28 AM,1,Sergio Abundiz,22,0.00,12.11,0.99,2.66,0.00
Tink-a-Tako - Potranco,14,9/28/25 8:26 AM,1,Daniela Torres,,0.00,54.09,4.46,0.00,0.00
Tink-a-Tako - Potranco,16,9/28/25 8:30 AM,1,Daniela Torres,,0.00,16.86,1.39,0.00,0.00
Tink-a-Tako - Potranco,17,9/28/25 8:32 AM,1,Daniela Torres,,0.00,4.78,0.40,1.00,0.00
Tink-a-Tako - Potranco,18,9/28/25 8:32 AM,1,Daniela Torres,,0.00,14.56,1.20,0.00,0.00
Tink-a-Tako - Potranco,20,9/28/25 8:34 AM,1,Lizeth Alonso,,0.00,17.43,1.44,0.00,0.00
Tink-a-Tako - Potranco,21,9/28/25 8:38 AM,1,Daniela Torres,,0.00,8.17,0.67,0.00,0.00
Tink-a-Tako - Potranco,22,9/28/25 8:40 AM,1,Daniela Torres,,0.00,3.58,0.30,0.00,0.00
Tink-a-Tako - Potranco,23,9/28/25 8:43 AM,1,Daniela Torres,,0.00,7.97,0.65,0.00,0.00
Tink-a-Tako - Potranco,24,9/28/25 8:44 AM,1,Daniela Torres,,0.00,7.16,0.59,0.00,0.00
Tink-a-Tako - Potranco,25,9/28/25 8:45 AM,1,Daniela Torres,,0.00,5.78,0.48,0.00,0.00
Tink-a-Tako - Potranco,29,9/28/25 8:47 AM,1,Esperansa Caviedes,25,0.00,22.25,1.83,0.00,0.00
Tink-a-Tako - Potranco,30,9/28/25 8:48 AM,2,Isabel Cisneros,24,0.00,19.24,1.59,0.00,0.00
Tink-a-Tako - Potranco,33,9/28/25 8:49 AM,1,Daniela Torres,,0.00,6.47,0.53,0.00,0.00
Tink-a-Tako - Potranco,28,9/28/25 8:46 AM,4,Silvia Hernandez,10,0.00,57.90,4.78,0.00,0.00
Tink-a-Tako - Potranco,32,9/28/25 8:48 AM,2,Maria Majana,8,0.00,26.44,2.19,5.29,0.00
Tink-a-Tako - Potranco,34,9/28/25 8:53 AM,1,Daniela Torres,,0.00,7.38,0.60,0.00,0.00
Tink-a-Tako - Potranco,35,9/28/25 8:54 AM,1,Daniela Torres,,0.00,6.77,0.56,0.00,0.00
Tink-a-Tako - Potranco,36,9/28/25 8:55 AM,1,Daniela Torres,,0.00,10.38,0.86,1.00,0.00
Tink-a-Tako - Potranco,37,9/28/25 8:56 AM,1,Daniela Torres,,0.00,13.17,1.09,0.00,0.00
Tink-a-Tako - Potranco,38,9/28/25 8:57 AM,1,Daniela Torres,,0.00,16.21,1.34,0.00,0.00
Tink-a-Tako - Potranco,39,9/28/25 9:00 AM,1,Daniela Torres,,0.00,9.56,0.79,0.00,0.00
Tink-a-Tako - Potranco,40,9/28/25 9:01 AM,1,Daniela Torres,,0.00,17.75,1.47,5.78,0.00
Tink-a-Tako - Potranco,41,9/28/25 9:03 AM,1,Lizeth Alonso,,0.00,19.70,1.62,2.68,0.00
Tink-a-Tako - Potranco,43,9/28/25 9:03 AM,1,Daniela Torres,,0.00,23.99,1.98,0.00,0.00
Tink-a-Tako - Potranco,42,9/28/25 9:03 AM,2,Maria Majana,32,3.43,16.70,1.38,7.00,0.00
Tink-a-Tako - Potranco,44,9/28/25 9:06 AM,2,Sergio Abundiz,23,0.00,20.19,1.67,5.00,0.00
Tink-a-Tako - Potranco,45,9/28/25 9:08 AM,1,Daniela Torres,,0.00,3.49,0.29,0.00,0.00
Tink-a-Tako - Potranco,46,9/28/25 9:08 AM,1,Daniela Torres,,0.00,9.75,0.81,0.00,0.00
Tink-a-Tako - Potranco,47,9/28/25 9:13 AM,1,Daniela Torres,,0.00,10.74,0.89,0.00,0.00
Tink-a-Tako - Potranco,48,9/28/25 9:13 AM,1,Daniela Torres,,0.00,15.14,1.24,0.00,0.00
Tink-a-Tako - Potranco,49,9/28/25 9:17 AM,2,Isabel Cisneros,19,0.00,27.95,2.31,0.00,0.00
Tink-a-Tako - Potranco,50,9/28/25 9:17 AM,1,Esperansa Caviedes,38,0.00,7.98,0.66,3.00,0.00
Tink-a-Tako - Potranco,51,9/28/25 9:18 AM,1,Daniela Torres,,0.00,12.35,1.03,0.00,0.00
Tink-a-Tako - Potranco,52,9/28/25 9:19 AM,1,Daniela Torres,,0.00,15.66,1.29,0.00,0.00
Tink-a-Tako - Potranco,53,9/28/25 9:20 AM,1,Daniela Torres,,0.00,12.01,0.99,3.00,0.00
Tink-a-Tako - Potranco,54,9/28/25 9:20 AM,1,Silvia Hernandez,26,0.00,7.77,0.64,0.00,0.00
Tink-a-Tako - Potranco,55,9/28/25 9:21 AM,1,Daniela Torres,,0.00,14.35,1.19,0.00,0.00
Tink-a-Tako - Potranco,56,9/28/25 9:22 AM,1,Daniela Torres,,0.00,28.80,2.37,0.00,0.00
Tink-a-Tako - Potranco,57,9/28/25 9:26 AM,1,Daniela Torres,,0.00,14.78,1.22,0.00,0.00
Tink-a-Tako - Potranco,58,9/28/25 9:27 AM,1,Daniela Torres,,0.00,10.97,0.90,0.00,0.00
Tink-a-Tako - Potranco,60,9/28/25 9:29 AM,1,Lizeth Alonso,,0.00,3.98,0.33,1.69,0.00
Tink-a-Tako - Potranco,61,9/28/25 9:29 AM,1,Daniela Torres,,0.00,19.70,1.62,0.00,0.00
Tink-a-Tako - Potranco,63,9/28/25 9:30 AM,2,Sergio Abundiz,39,0.00,19.98,1.64,4.38,0.00
Tink-a-Tako - Potranco,64,9/28/25 9:31 AM,2,Silvia Hernandez,22,0.00,21.02,1.73,3.15,0.00
Tink-a-Tako - Potranco,66,9/28/25 9:39 AM,2,Isabel Cisneros,33,0.00,32.95,2.73,5.00,0.00
Tink-a-Tako - Potranco,65,9/28/25 9:35 AM,1,Daniela Torres,,0.00,36.93,3.05,0.00,0.00
Tink-a-Tako - Potranco,67,9/28/25 9:40 AM,1,Daniela Torres,,0.00,6.77,0.56,0.00,0.00
Tink-a-Tako - Potranco,68,9/28/25 9:44 AM,2,Esperansa Caviedes,24,0.00,7.53,0.62,5.00,0.00
Tink-a-Tako - Potranco,69,9/28/25 9:44 AM,1,Daniela Torres,,0.00,15.96,1.31,0.00,0.00
Tink-a-Tako - Potranco,70,9/28/25 9:45 AM,1,Maria Majana,,0.00,0.00,0.00,0.00,0.00
Tink-a-Tako - Potranco,71,9/28/25 9:45 AM,2,Maria Majana,32,0.00,18.66,1.54,3.00,0.00
Tink-a-Tako - Potranco,73,9/28/25 9:48 AM,1,Daniela Torres,,0.00,22.84,1.88,0.00,0.00
Tink-a-Tako - Potranco,72,9/28/25 9:48 AM,2,Silvia Hernandez,25,0.00,31.76,2.62,5.00,0.00
Tink-a-Tako - Potranco,74,9/28/25 9:50 AM,2,Esperansa Caviedes,15,0.00,31.25,2.58,2.00,0.00
Tink-a-Tako - Potranco,76,9/28/25 9:52 AM,1,Daniela Torres,,0.00,4.98,0.41,0.00,0.00
Tink-a-Tako - Potranco,75,9/28/25 9:51 AM,3,Isabel Cisneros,37,0.00,35.63,2.95,0.00,0.00
Tink-a-Tako - Potranco,77,9/28/25 9:52 AM,1,Daniela Torres,,0.00,13.76,1.14,0.00,0.00
Tink-a-Tako - Potranco,78,9/28/25 9:53 AM,1,Daniela Torres,,0.00,75.14,6.20,0.00,0.00
Tink-a-Tako - Potranco,79,9/28/25 9:54 AM,2,Maria Majana,9,0.00,23.48,1.93,2.00,0.00
Tink-a-Tako - Potranco,82,9/28/25 9:56 AM,2,Silvia Hernandez,17,0.00,24.08,1.98,0.00,0.00
Tink-a-Tako - Potranco,80,9/28/25 9:56 AM,3,Sergio Abundiz,7,0.00,46.88,3.87,10.00,0.00
Tink-a-Tako - Potranco,83,9/28/25 9:57 AM,1,Daniela Torres,,0.00,39.68,3.26,0.00,0.00
Tink-a-Tako - Potranco,84,9/28/25 9:59 AM,1,Daniela Torres,,0.00,18.34,1.51,0.00,0.00
Tink-a-Tako - Potranco,85,9/28/25 9:59 AM,4,Isabel Cisneros,36,0.00,39.38,3.26,8.00,0.00
Tink-a-Tako - Potranco,87,9/28/25 10:00 AM,4,Esperansa Caviedes,18,0.00,140.01,11.54,6.80,0.00
Tink-a-Tako - Potranco,86,9/28/25 10:00 AM,1,Lizeth Alonso,,0.00,7.36,0.60,0.00,0.00
Tink-a-Tako - Potranco,88,9/28/25 10:01 AM,1,Daniela Torres,,0.00,15.16,1.25,0.00,0.00
Tink-a-Tako - Potranco,90,9/28/25 10:01 AM,1,Lizeth Alonso,,0.00,5.97,0.49,0.00,0.00
Tink-a-Tako - Potranco,91,9/28/25 10:02 AM,1,Daniela Torres,,0.00,22.96,1.90,0.00,0.00
Tink-a-Tako - Potranco,92,9/28/25 10:08 AM,1,Daniela Torres,,0.00,36.65,3.02,0.00,0.00
Tink-a-Tako - Potranco,93,9/28/25 10:09 AM,2,Sergio Abundiz,18,0.00,21.21,1.76,0.00,0.00
Tink-a-Tako - Potranco,89,9/28/25 10:01 AM,6,Maria Majana,31,0.00,92.83,7.68,24.00,18.57
Tink-a-Tako - Potranco,94,9/28/25 10:11 AM,1,Daniela Torres,,0.00,5.48,0.46,1.00,0.00
Tink-a-Tako - Potranco,95,9/28/25 10:11 AM,2,Esperansa Caviedes,32,0.00,29.94,2.47,0.00,0.00
Tink-a-Tako - Potranco,97,9/28/25 10:13 AM,5,Esperansa Caviedes,34,0.00,47.29,3.91,10.00,0.00
Tink-a-Tako - Potranco,96,9/28/25 10:12 AM,4,Silvia Hernandez,38,0.00,37.58,3.09,7.52,0.00
Tink-a-Tako - Potranco,98,9/28/25 10:16 AM,1,Daniela Torres,,0.00,33.28,2.74,4.00,0.00
Tink-a-Tako - Potranco,100,9/28/25 10:17 AM,4,Isabel Cisneros,10,0.00,50.97,4.22,0.00,0.00
Tink-a-Tako - Potranco,101,9/28/25 10:17 AM,1,Isabel Cisneros,33,0.00,8.99,0.74,0.00,0.00
Tink-a-Tako - Potranco,103,9/28/25 10:19 AM,1,Daniela Torres,,0.00,17.25,1.43,0.00,0.00
Tink-a-Tako - Potranco,102,9/28/25 10:18 AM,2,Silvia Hernandez,24,0.00,22.86,1.88,5.03,0.00
Tink-a-Tako - Potranco,104,9/28/25 10:20 AM,2,Esperansa Caviedes,20,0.00,23.96,1.98,5.00,0.00
Tink-a-Tako - Potranco,105,9/28/25 10:20 AM,1,Daniela Torres,,0.00,16.71,1.38,0.00,0.00
Tink-a-Tako - Potranco,106,9/28/25 10:20 AM,3,Isabel Cisneros,25,0.00,13.77,1.14,0.00,0.00
Tink-a-Tako - Potranco,108,9/28/25 10:22 AM,1,Daniela Torres,,0.00,7.86,0.65,0.00,0.00
Tink-a-Tako - Potranco,109,9/28/25 10:22 AM,2,Esperansa Caviedes,39,0.00,21.95,1.81,5.00,0.00
Tink-a-Tako - Potranco,110,9/28/25 10:24 AM,3,Sergio Abundiz,3,0.00,37.38,3.08,4.00,0.00
Tink-a-Tako - Potranco,107,9/28/25 10:21 AM,2,Maria Majana,23,0.00,23.03,1.91,5.00,0.00
Tink-a-Tako - Potranco,111,9/28/25 10:25 AM,2,Silvia Hernandez,15,0.00,9.96,0.82,0.00,0.00
Tink-a-Tako - Potranco,112,9/28/25 10:25 AM,1,Daniela Torres,,0.00,15.01,1.24,0.00,0.00
Tink-a-Tako - Potranco,116,9/28/25 10:26 AM,3,Esperansa Caviedes,35,0.00,36.14,2.97,10.00,0.00
Tink-a-Tako - Potranco,117,9/28/25 10:27 AM,2,Juan  Camacho,19,0.00,28.21,2.33,6.00,0.00
Tink-a-Tako - Potranco,118,9/28/25 10:27 AM,1,Daniela Torres,,0.00,16.71,1.38,0.00,0.00
Tink-a-Tako - Potranco,115,9/28/25 10:26 AM,3,Sergio Abundiz,37,0.00,44.43,3.67,0.00,0.00
Tink-a-Tako - Potranco,113,9/28/25 10:26 AM,4,Maria Majana,8,0.00,35.65,2.97,10.00,0.00
Tink-a-Tako - Potranco,119,9/28/25 10:29 AM,1,Daniela Torres,,0.00,10.96,0.90,0.00,0.00
Tink-a-Tako - Potranco,122,9/28/25 10:32 AM,1,Daniela Torres,,0.00,14.61,1.20,0.00,0.00
Tink-a-Tako - Potranco,120,9/28/25 10:30 AM,1,Maria Majana,7,0.00,55.23,4.56,10.00,0.00
Tink-a-Tako - Potranco,124,9/28/25 10:32 AM,1,Daniela Torres,,0.00,25.74,2.12,0.00,0.00
Tink-a-Tako - Potranco,123,9/28/25 10:32 AM,4,Silvia Hernandez,2,0.00,53.23,4.38,10.00,0.00
Tink-a-Tako - Potranco,121,9/28/25 10:31 AM,2,Isabel Cisneros,22,0.00,28.71,2.36,6.00,0.00
Tink-a-Tako - Potranco,125,9/28/25 10:33 AM,1,Daniela Torres,,0.00,7.94,0.65,1.00,0.00
Tink-a-Tako - Potranco,126,9/28/25 10:34 AM,2,Juan  Camacho,36,0.00,21.97,1.80,5.00,0.00
Tink-a-Tako - Potranco,128,9/28/25 10:35 AM,1,Daniela Torres,,0.00,10.96,0.91,0.00,0.00
Tink-a-Tako - Potranco,127,9/28/25 10:34 AM,2,Maria Majana,41,0.00,11.98,0.99,4.00,0.00
Tink-a-Tako - Potranco,129,9/28/25 10:37 AM,2,Sergio Abundiz,9,0.00,20.95,1.74,0.00,0.00
Tink-a-Tako - Potranco,130,9/28/25 10:37 AM,1,Daniela Torres,,0.00,16.29,1.34,0.00,0.00
Tink-a-Tako - Potranco,131,9/28/25 10:40 AM,1,Daniela Torres,,0.00,2.99,0.25,0.00,0.00
Tink-a-Tako - Potranco,132,9/28/25 10:42 AM,1,Daniela Torres,,0.00,23.98,1.98,0.00,0.00
Tink-a-Tako - Potranco,134,9/28/25 10:42 AM,1,Lizeth Alonso,,0.00,3.98,0.32,0.00,0.00
Tink-a-Tako - Potranco,135,9/28/25 10:45 AM,1,Daniela Torres,,0.00,3.78,0.31,0.00,0.00
Tink-a-Tako - Potranco,136,9/28/25 10:45 AM,1,Daniela Torres,,0.00,21.65,1.79,0.00,0.00
Tink-a-Tako - Potranco,137,9/28/25 10:46 AM,1,Daniela Torres,,0.00,20.52,1.71,0.00,0.00
Tink-a-Tako - Potranco,138,9/28/25 10:47 AM,1,Daniela Torres,,0.00,22.93,1.88,0.00,0.00
Tink-a-Tako - Potranco,139,9/28/25 10:50 AM,1,Daniela Torres,,0.00,18.76,1.55,0.00,0.00
Tink-a-Tako - Potranco,140,9/28/25 10:51 AM,1,Daniela Torres,,0.00,23.71,1.95,0.00,0.00
Tink-a-Tako - Potranco,141,9/28/25 10:55 AM,2,Esperansa Caviedes,17,0.00,20.15,1.66,0.00,0.00
Tink-a-Tako - Potranco,142,9/28/25 10:57 AM,2,Isabel Cisneros,18,0.00,26.19,2.16,10.00,0.00
Tink-a-Tako - Potranco,143,9/28/25 10:57 AM,1,Daniela Torres,,0.00,12.99,1.07,0.00,0.00
Tink-a-Tako - Potranco,146,9/28/25 10:58 AM,1,Daniela Torres,,0.00,14.76,1.23,0.00,0.00
Tink-a-Tako - Potranco,144,9/28/25 10:57 AM,4,Silvia Hernandez,40,0.00,55.17,4.55,9.00,0.00
Tink-a-Tako - Potranco,147,9/28/25 11:00 AM,1,Daniela Torres,,0.00,21.65,1.79,0.00,0.00
Tink-a-Tako - Potranco,148,9/28/25 11:03 AM,1,Daniela Torres,,0.00,5.44,0.44,0.00,0.00
Tink-a-Tako - Potranco,150,9/28/25 11:05 AM,2,Silvia Hernandez,25,0.00,28.13,2.31,5.00,0.00
Tink-a-Tako - Potranco,151,9/28/25 11:06 AM,1,Daniela Torres,,0.00,18.77,1.55,0.00,0.00
Tink-a-Tako - Potranco,152,9/28/25 11:08 AM,1,Daniela Torres,,0.00,35.42,2.91,3.00,0.00
Tink-a-Tako - Potranco,153,9/28/25 11:09 AM,1,Daniela Torres,,0.00,2.79,0.23,0.00,0.00
Tink-a-Tako - Potranco,155,9/28/25 11:10 AM,2,Isabel Cisneros,35,0.00,15.75,1.31,4.00,0.00
Tink-a-Tako - Potranco,156,9/28/25 11:13 AM,1,Daniela Torres,,0.00,7.67,0.63,0.00,0.00
Tink-a-Tako - Potranco,157,9/28/25 11:13 AM,1,Daniela Torres,,0.00,44.51,3.66,2.00,0.00
Tink-a-Tako - Potranco,158,9/28/25 11:14 AM,2,Esperansa Caviedes,24,0.00,24.95,2.06,0.00,0.00
Tink-a-Tako - Potranco,160,9/28/25 11:15 AM,3,Sergio Abundiz,33,0.00,44.36,3.65,0.00,0.00
Tink-a-Tako - Potranco,161,9/28/25 11:17 AM,1,Daniela Torres,,0.00,20.72,1.71,0.00,0.00
Tink-a-Tako - Potranco,162,9/28/25 11:19 AM,1,Daniela Torres,,0.00,28.45,2.34,3.00,0.00
Tink-a-Tako - Potranco,163,9/28/25 11:20 AM,1,Daniela Torres,,0.00,12.76,1.06,0.00,0.00
Tink-a-Tako - Potranco,164,9/28/25 11:22 AM,5,Silvia Hernandez,4,0.00,40.79,3.36,0.00,0.00
Tink-a-Tako - Potranco,166,9/28/25 11:24 AM,3,Silvia Hernandez,23,0.00,58.86,4.85,9.00,0.00
Tink-a-Tako - Potranco,167,9/28/25 11:26 AM,1,Daniela Torres,,0.00,6.57,0.54,0.00,0.00
Tink-a-Tako - Potranco,168,9/28/25 11:28 AM,1,Daniela Torres,,0.00,14.78,1.22,2.00,0.00
Tink-a-Tako - Potranco,169,9/28/25 11:28 AM,1,Daniela Torres,,0.00,20.68,1.70,0.00,0.00
Tink-a-Tako - Potranco,173,9/28/25 11:30 AM,1,Daniela Torres,,0.00,18.95,1.56,0.00,0.00
Tink-a-Tako - Potranco,172,9/28/25 11:29 AM,6,Isabel Cisneros,1,0.00,66.21,5.47,0.00,13.24
Tink-a-Tako - Potranco,171,9/28/25 11:29 AM,1,Ivana Abundiz,,5.98,0.00,0.00,0.00,0.00
Tink-a-Tako - Potranco,170,9/28/25 11:28 AM,2,Maria Majana,37,0.00,23.01,1.89,5.00,0.00
Tink-a-Tako - Potranco,174,9/28/25 11:31 AM,3,Isabel Cisneros,32,0.00,36.63,3.03,5.34,0.00
Tink-a-Tako - Potranco,175,9/28/25 11:31 AM,1,Daniela Torres,,0.00,1.79,0.15,0.00,0.00
Tink-a-Tako - Potranco,176,9/28/25 11:32 AM,1,Daniela Torres,,0.00,19.93,1.65,0.00,0.00
Tink-a-Tako - Potranco,177,9/28/25 11:33 AM,1,Silvia Hernandez,21,0.00,14.06,1.16,0.00,0.00
Tink-a-Tako - Potranco,178,9/28/25 11:35 AM,1,Daniela Torres,,0.00,9.75,0.80,0.00,0.00
Tink-a-Tako - Potranco,180,9/28/25 11:38 AM,2,Esperansa Caviedes,35,0.00,11.17,0.91,0.00,0.00
Tink-a-Tako - Potranco,179,9/28/25 11:37 AM,2,Silvia Hernandez,20,0.00,56.30,4.64,0.00,0.00
Tink-a-Tako - Potranco,181,9/28/25 11:40 AM,1,Daniela Torres,,0.00,17.82,1.48,0.00,0.00
Tink-a-Tako - Potranco,183,9/28/25 11:41 AM,1,Daniela Torres,,0.00,3.98,0.33,0.00,0.00
Tink-a-Tako - Potranco,182,9/28/25 11:40 AM,3,Esperansa Caviedes,38,3.00,35.93,2.97,0.00,0.00
Tink-a-Tako - Potranco,185,9/28/25 11:41 AM,1,Daniela Torres,,0.00,13.99,1.15,0.00,0.00
Tink-a-Tako - Potranco,186,9/28/25 11:41 AM,2,Maria Majana,17,0.00,21.96,1.82,0.00,0.00
Tink-a-Tako - Potranco,189,9/28/25 11:46 AM,1,Ivana Abundiz,,0.00,2.99,0.25,0.00,0.00
Tink-a-Tako - Potranco,188,9/28/25 11:46 AM,1,Daniela Torres,,0.00,5.57,0.46,0.00,0.00
Tink-a-Tako - Potranco,187,9/28/25 11:45 AM,2,Silvia Hernandez,25,0.00,33.42,2.76,10.00,0.00
Tink-a-Tako - Potranco,191,9/28/25 11:47 AM,4,Isabel Cisneros,18,0.00,33.57,2.74,0.00,0.00
Tink-a-Tako - Potranco,192,9/28/25 11:48 AM,1,Daniela Torres,,0.00,8.26,0.68,0.00,0.00
Tink-a-Tako - Potranco,194,9/28/25 11:49 AM,8,Juan  Camacho,31,0.00,93.12,7.70,0.00,18.62
Tink-a-Tako - Potranco,190,9/28/25 11:47 AM,7,Sergio Abundiz,19,0.00,78.78,6.47,0.00,15.76
Tink-a-Tako - Potranco,193,9/28/25 11:48 AM,1,Daniela Torres,,0.00,25.09,2.07,0.00,0.00
Tink-a-Tako - Potranco,195,9/28/25 11:52 AM,1,Daniela Torres,,0.00,16.68,1.37,0.00,0.00
Tink-a-Tako - Potranco,196,9/28/25 11:54 AM,1,Daniela Torres,,0.00,7.28,0.61,0.00,0.00
Tink-a-Tako - Potranco,199,9/28/25 11:56 AM,1,Daniela Torres,,0.00,19.78,1.63,2.00,0.00
Tink-a-Tako - Potranco,200,9/28/25 11:56 AM,1,Daniela Torres,,0.00,17.52,1.44,0.00,0.00
Tink-a-Tako - Potranco,203,9/28/25 11:59 AM,1,Daniela Torres,,0.00,3.78,0.31,1.00,0.00
Tink-a-Tako - Potranco,206,9/28/25 11:59 AM,3,Esperansa Caviedes,7,0.00,33.25,2.74,4.99,0.00
Tink-a-Tako - Potranco,205,9/28/25 11:59 AM,2,Isabel Cisneros,22,0.00,30.96,2.56,0.00,0.00
Tink-a-Tako - Potranco,201,9/28/25 11:57 AM,4,Silvia Hernandez,8,0.00,35.19,2.90,7.04,0.00
Tink-a-Tako - Potranco,202,9/28/25 11:58 AM,2,Maria Majana,23,1.44,36.44,3.00,0.00,0.00
Tink-a-Tako - Potranco,207,9/28/25 12:02 PM,1,Daniela Torres,,0.00,11.16,0.93,0.00,0.00
Tink-a-Tako - Potranco,208,9/28/25 12:04 PM,1,Daniela Torres,,0.00,10.77,0.88,0.00,0.00
Tink-a-Tako - Potranco,209,9/28/25 12:05 PM,1,Daniela Torres,,0.00,5.49,0.45,0.00,0.00
Tink-a-Tako - Potranco,210,9/28/25 12:07 PM,4,Esperansa Caviedes,24,0.00,50.02,4.12,7.50,0.00
Tink-a-Tako - Potranco,211,9/28/25 12:07 PM,4,Silvia Hernandez,36,0.00,24.92,2.06,0.00,0.00
Tink-a-Tako - Potranco,212,9/28/25 12:08 PM,6,Juan  Camacho,3,0.00,87.96,7.26,0.00,17.59
Tink-a-Tako - Potranco,214,9/28/25 12:10 PM,5,Juan  Camacho,40,0.00,36.35,3.00,7.33,0.00
Tink-a-Tako - Potranco,215,9/28/25 12:10 PM,4,Esperansa Caviedes,39,0.00,64.74,5.35,0.00,0.00
Tink-a-Tako - Potranco,213,9/28/25 12:10 PM,1,Daniela Torres,,0.00,0.00,0.00,0.00,0.00
Tink-a-Tako - Potranco,216,9/28/25 12:10 PM,3,Isabel Cisneros,12,0.00,59.08,4.87,0.00,0.00
Tink-a-Tako - Potranco,218,9/28/25 12:15 PM,1,Daniela Torres,,0.00,21.14,1.75,0.00,0.00
Tink-a-Tako - Potranco,220,9/28/25 12:16 PM,1,Daniela Torres,,0.00,7.38,0.61,0.00,0.00
Tink-a-Tako - Potranco,221,9/28/25 12:17 PM,1,Daniela Torres,,0.00,11.36,0.95,0.00,0.00
Tink-a-Tako - Potranco,225,9/28/25 12:22 PM,1,Daniela Torres,,0.00,12.99,1.07,0.00,0.00
Tink-a-Tako - Potranco,224,9/28/25 12:20 PM,1,Daniela Torres,,0.00,35.34,2.91,0.00,0.00
Tink-a-Tako - Potranco,226,9/28/25 12:22 PM,1,Daniela Torres,,0.00,6.87,0.57,0.00,0.00
Tink-a-Tako - Potranco,223,9/28/25 12:20 PM,3,Maria Majana,32,0.00,48.25,3.97,8.78,0.00
Tink-a-Tako - Potranco,227,9/28/25 12:26 PM,1,Daniela Torres,,0.00,13.43,1.10,0.00,0.00
Tink-a-Tako - Potranco,229,9/28/25 12:27 PM,2,Isabel Cisneros,33,0.00,28.88,2.37,0.00,0.00
Tink-a-Tako - Potranco,228,9/28/25 12:27 PM,2,Maria Majana,37,0.00,25.75,2.13,5.15,0.00
Tink-a-Tako - Potranco,230,9/28/25 12:28 PM,1,Daniela Torres,,0.00,11.05,0.92,0.00,0.00
Tink-a-Tako - Potranco,231,9/28/25 12:30 PM,3,Silvia Hernandez,25,0.00,45.86,3.78,10.00,0.00
Tink-a-Tako - Potranco,232,9/28/25 12:30 PM,2,Esperansa Caviedes,20,0.00,28.38,2.33,4.26,0.00
Tink-a-Tako - Potranco,235,9/28/25 12:32 PM,1,Daniela Torres,,0.00,14.88,1.22,2.23,0.00
Tink-a-Tako - Potranco,234,9/28/25 12:31 PM,8,Sergio Abundiz,42,0.00,123.59,10.17,22.26,24.72
Tink-a-Tako - Potranco,239,9/28/25 12:37 PM,5,Juan  Camacho,1,0.00,41.68,3.44,5.00,0.00
Tink-a-Tako - Potranco,240,9/28/25 12:40 PM,8,Juan  Camacho,9,0.00,127.26,10.48,10.00,25.45
Tink-a-Tako - Potranco,241,9/28/25 12:41 PM,3,Esperansa Caviedes,18,0.00,28.33,2.33,0.00,0.00
Tink-a-Tako - Potranco,242,9/28/25 12:42 PM,2,Isabel Cisneros,17,0.00,25.43,2.09,5.00,0.00
Tink-a-Tako - Potranco,244,9/28/25 12:43 PM,3,Silvia Hernandez,38,0.00,55.11,4.55,11.02,0.00
Tink-a-Tako - Potranco,245,9/28/25 12:44 PM,1,Daniela Torres,,0.00,8.77,0.72,0.00,0.00
Tink-a-Tako - Potranco,246,9/28/25 12:49 PM,1,Daniela Torres,,0.00,5.37,0.44,0.00,0.00
Tink-a-Tako - Potranco,247,9/28/25 12:49 PM,1,Silvia Hernandez,35,0.00,21.98,1.81,0.00,0.00
Tink-a-Tako - Potranco,249,9/28/25 12:49 PM,3,Silvia Hernandez,23,0.00,47.06,3.87,10.00,0.00
Tink-a-Tako - Potranco,248,9/28/25 12:49 PM,1,Daniela Torres,,0.00,24.98,2.05,0.00,0.00
Tink-a-Tako - Potranco,251,9/28/25 12:51 PM,1,Lizeth Alonso,,0.00,3.99,0.33,0.00,0.00
Tink-a-Tako - Potranco,252,9/28/25 12:51 PM,1,Lizeth Alonso,,0.00,6.78,0.56,0.00,0.00
Tink-a-Tako - Potranco,250,9/28/25 12:51 PM,2,Esperansa Caviedes,8,0.00,28.36,2.33,10.00,0.00
Tink-a-Tako - Potranco,253,9/28/25 12:52 PM,1,Daniela Torres,,0.00,38.75,3.19,0.00,0.00
Tink-a-Tako - Potranco,254,9/28/25 12:53 PM,2,Isabel Cisneros,15,0.00,32.55,2.69,6.00,0.00
Tink-a-Tako - Potranco,256,9/28/25 12:53 PM,1,Daniela Torres,,0.00,22.44,1.84,0.00,0.00
Tink-a-Tako - Potranco,257,9/28/25 12:54 PM,1,Daniela Torres,,0.00,18.73,1.54,0.00,0.00
Tink-a-Tako - Potranco,258,9/28/25 12:54 PM,1,Esperansa Caviedes,16,0.00,8.43,0.70,2.00,0.00
Tink-a-Tako - Potranco,259,9/28/25 12:55 PM,4,Maria Majana,31,0.00,81.12,6.69,0.00,0.00
Tink-a-Tako - Potranco,261,9/28/25 12:59 PM,1,Daniela Torres,,0.00,4.89,0.40,0.00,0.00
Tink-a-Tako - Potranco,263,9/28/25 1:01 PM,1,Sergio Abundiz,21,0.00,20.48,1.67,10.00,0.00
Tink-a-Tako - Potranco,262,9/28/25 12:59 PM,1,Daniela Torres,,0.00,7.96,0.66,0.00,0.00
Tink-a-Tako - Potranco,265,9/28/25 1:03 PM,2,Isabel Cisneros,36,0.00,24.45,2.01,0.00,0.00
Tink-a-Tako - Potranco,266,9/28/25 1:04 PM,1,Daniela Torres,,0.00,10.58,0.87,0.00,0.00
Tink-a-Tako - Potranco,267,9/28/25 1:05 PM,1,Daniela Torres,,0.00,14.38,1.18,0.00,0.00
Tink-a-Tako - Potranco,264,9/28/25 1:03 PM,7,Juan  Camacho,4,0.00,72.08,5.95,0.00,14.42
Tink-a-Tako - Potranco,270,9/28/25 1:07 PM,3,Esperansa Caviedes,22,0.00,30.70,2.52,5.00,0.00
Tink-a-Tako - Potranco,271,9/28/25 1:08 PM,2,Silvia Hernandez,19,0.00,30.79,2.53,4.62,0.00
Tink-a-Tako - Potranco,272,9/28/25 1:10 PM,1,Daniela Torres,,0.00,35.50,2.93,0.00,0.00
Tink-a-Tako - Potranco,273,9/28/25 1:11 PM,3,Sergio Abundiz,24,0.00,47.65,3.93,10.00,0.00
Tink-a-Tako - Potranco,274,9/28/25 1:12 PM,1,Daniela Torres,,1.66,14.97,1.23,0.00,0.00
Tink-a-Tako - Potranco,275,9/28/25 1:18 PM,1,Daniela Torres,,0.00,3.78,0.31,0.00,0.00
Tink-a-Tako - Potranco,276,9/28/25 1:18 PM,1,Daniela Torres,,0.00,17.15,1.42,1.50,0.00
Tink-a-Tako - Potranco,279,9/28/25 1:19 PM,1,Lizeth Alonso,,0.00,25.98,2.14,0.00,0.00
Tink-a-Tako - Potranco,284,9/28/25 1:27 PM,1,Daniela Torres,,0.00,12.57,1.04,2.00,0.00
Tink-a-Tako - Potranco,283,9/28/25 1:27 PM,4,Silvia Hernandez,32,0.00,64.69,5.33,2.00,0.00
Tink-a-Tako - Potranco,282,9/28/25 1:26 PM,3,Maria Majana,17,0.00,24.31,2.00,2.68,0.00
Tink-a-Tako - Potranco,285,9/28/25 1:29 PM,1,Daniela Torres,,0.00,5.29,0.44,0.00,0.00
Tink-a-Tako - Potranco,287,9/28/25 1:33 PM,2,Isabel Cisneros,33,0.00,15.55,1.30,3.00,0.00
Tink-a-Tako - Potranco,290,9/28/25 1:34 PM,6,Juan  Camacho,40,0.00,110.16,9.05,0.00,22.03
Tink-a-Tako - Potranco,289,9/28/25 1:34 PM,1,Daniela Torres,,0.00,21.57,1.78,0.00,0.00
Tink-a-Tako - Potranco,286,9/28/25 1:31 PM,2,Silvia Hernandez,15,0.00,25.35,2.10,0.00,0.00
Tink-a-Tako - Potranco,288,9/28/25 1:33 PM,3,Isabel Cisneros,37,0.00,35.24,2.90,7.75,0.00
Tink-a-Tako - Potranco,291,9/28/25 1:38 PM,1,Daniela Torres,,0.00,21.94,1.81,0.00,0.00
Tink-a-Tako - Potranco,292,9/28/25 1:38 PM,3,Esperansa Caviedes,36,0.00,28.13,2.33,0.00,0.00
Tink-a-Tako - Potranco,260,9/28/25 12:55 PM,1,Daniela Torres,,0.00,0.00,0.00,0.00,0.00
Tink-a-Tako - Potranco,293,9/28/25 1:38 PM,2,Silvia Hernandez,7,0.00,38.37,3.16,0.00,0.00
Tink-a-Tako - Potranco,295,9/28/25 1:40 PM,2,Maria Majana,12,0.00,62.18,5.12,0.00,0.00
Tink-a-Tako - Potranco,296,9/28/25 1:41 PM,4,Juan  Camacho,3,0.00,47.35,3.88,3.00,0.00
Tink-a-Tako - Potranco,297,9/28/25 1:41 PM,1,Lizeth Alonso,,0.00,40.17,3.30,10.00,0.00
Tink-a-Tako - Potranco,298,9/28/25 1:42 PM,1,Daniela Torres,,0.00,20.34,1.69,0.00,0.00
Tink-a-Tako - Potranco,301,9/28/25 1:46 PM,2,Isabel Cisneros,25,0.00,36.65,3.02,2.00,0.00
Tink-a-Tako - Potranco,302,9/28/25 1:46 PM,1,Lizeth Alonso,,0.00,8.87,0.72,0.00,0.00
Tink-a-Tako - Potranco,303,9/28/25 1:47 PM,2,Maria Majana,38,0.00,41.40,3.41,15.21,0.00
Tink-a-Tako - Potranco,307,9/28/25 1:49 PM,3,Silvia Hernandez,23,0.00,62.97,5.19,10.00,0.00
Tink-a-Tako - Potranco,309,9/28/25 2:02 PM,2,Isabel Cisneros,17,0.00,29.43,2.42,0.00,0.00
Tink-a-Tako - Potranco,312,9/28/25 2:07 PM,2,Silvia Hernandez,22,0.00,30.85,2.55,0.00,0.00
Tink-a-Tako - Potranco,313,9/28/25 2:08 PM,1,Daniela Torres,,0.00,8.78,0.72,0.00,0.00
Tink-a-Tako - Potranco,294,9/28/25 1:39 PM,1,Daniela Torres,,0.00,8.78,0.72,0.00,0.00
Tink-a-Tako - Potranco,317,9/28/25 2:15 PM,10,Sergio Abundiz,1,16.00,151.71,12.50,0.00,33.54
Tink-a-Tako - Potranco,320,9/28/25 2:19 PM,1,Daniela Torres,,0.00,28.93,2.37,0.00,0.00
Tink-a-Tako - Potranco,322,9/28/25 2:29 PM,1,Maria Majana,33,0.00,18.47,1.52,3.01,0.00
Tink-a-Tako - Potranco,323,9/28/25 2:30 PM,1,Lizeth Alonso,,0.00,28.81,2.37,3.00,0.00
Tink-a-Tako - Potranco,324,9/28/25 2:31 PM,1,Lizeth Alonso,,0.00,12.01,0.99,0.00,0.00
Tink-a-Tako - Potranco,321,9/28/25 2:22 PM,1,Daniela Torres,,0.00,29.95,2.47,0.00,0.00
Tink-a-Tako - Potranco,325,9/28/25 2:34 PM,2,Maria Majana,32,0.00,0.00,0.00,0.00,0.00
Tink-a-Tako - Potranco,326,9/28/25 2:37 PM,1,Daniela Torres,,0.00,29.37,2.42,0.00,0.00
Tink-a-Tako - Potranco,327,9/28/25 2:39 PM,2,Sergio Abundiz,32,0.00,22.18,1.83,10.00,0.00
Tink-a-Tako - Potranco,329,9/28/25 2:45 PM,2,Isabel Cisneros,37,0.00,32.46,2.69,0.00,0.00
Tink-a-Tako - Potranco,330,9/28/25 2:52 PM,1,Daniela Torres,,0.00,12.99,1.07,0.00,0.00
Tink-a-Tako - Potranco,331,9/28/25 2:53 PM,1,Daniela Torres,,0.00,9.78,0.81,0.00,0.00
