,Location,Employee,Job Title,In Date,Shift Closed Date,Out Date,Hours,Cash Tips Decl.,Cash on Hand,Cash in Drawer,Non-Cash Tips,Cash Gratuity,Non-Cash Gratuity,Tips Withheld,Non-Cash Sales,Cash Sales,Total Sales,Cash Collected?,Tips Paid?,Open,Paid,Closed,Tip Share Total
800000030126247285,Tink-a-Tako - Potranco,Rosie  ORDONEZ,Shift Manager / Assistant Manager,9/28/25 6:34 AM,9/28/25 3:49 PM,9/28/25 3:49 PM,9.26,,0.00,0.00,0.00,0.00,0.00,0.00,0.00,0.00,0.00,yes,yes,0,0,0,0.00
800000030126328879,Tink-a-Tako - Potranco,Esperansa Caviedes,Server,9/28/25 6:53 AM,9/28/25 3:20 PM,9/28/25 3:00 PM,8.10,0.00,154.40,0.00,92.55,0.00,0.00,0.00,747.80,154.40,902.20,yes,yes,0,0,26,0.00
800000030126482564,Tink-a-Tako - Potranco,Daniela Torres,Drive-Thru,9/28/25 7:15 AM,9/28/25 3:04 PM,9/28/25 3:00 PM,7.75,0.00,761.13,0.00,35.51,0.00,0.00,0.00,1663.52,761.13,2424.65,yes,yes,0,0,142,0.00
800000030126989604,Tink-a-Tako - Potranco,Maria Majana,Server,9/28/25 7:59 AM,9/28/25 3:18 PM,9/28/25 3:18 PM,7.31,,93.52,0.00,115.12,0.00,18.57,0.00,660.65,93.52,754.17,yes,yes,0,0,24,0.00
800000030127013103,Tink-a-Tako - Potranco,Sergio Abundiz,Server,9/28/25 8:01 AM,9/28/25 3:15 PM,9/28/25 3:50 PM,7.82,,234.65,0.00,78.30,35.76,38.26,0.00,571.63,198.89,770.52,yes,yes,0,0,21,0.00
800000030127015560,Tink-a-Tako - Potranco,Ivana Abundiz,Host,9/28/25 8:01 AM,9/28/25 3:06 PM,9/28/25 3:09 PM,7.13,,0.00,0.00,0.00,0.00,0.00,0.00,3.24,0.00,3.24,yes,yes,0,0,2,0.00
800000030127033472,Tink-a-Tako - Potranco,Lizeth Alonso,Host,9/28/25 8:02 AM,9/28/25 2:59 PM,9/28/25 3:05 PM,7.06,,0.00,23.39,17.37,0.00,0.00,0.00,176.85,23.39,200.24,yes,yes,0,0,14,0.00
800000030127230883,Tink-a-Tako - Potranco,Silvia Hernandez,Server,9/28/25 8:13 AM,9/28/25 3:23 PM,9/28/25 3:36 PM,7.39,,179.52,0.00,118.38,0.00,0.00,0.00,941.89,179.52,1121.41,yes,yes,0,0,30,0.00
800000030127512007,Tink-a-Tako - Potranco,Isabel Cisneros,Server,9/28/25 8:27 AM,9/28/25 3:25 PM,9/28/25 3:37 PM,7.16,,138.92,0.00,62.09,0.00,13.24,0.00,712.63,138.92,851.55,yes,yes,0,0,25,0.00
800000030127653569,Tink-a-Tako - Potranco,Jonathan Rueda,Busser,9/28/25 8:34 AM,9/28/25 3:12 PM,9/28/25 3:12 PM,6.63,,0.00,0.00,0.00,0.00,0.00,0.00,0.00,0.00,0.00,yes,yes,0,0,0,0.00
800000030129223345,Tink-a-Tako - Potranco,Juan  Camacho,Server,9/28/25 9:35 AM,9/28/25 3:19 PM,9/28/25 3:50 PM,6.24,,157.81,0.00,36.33,24.61,73.50,0.00,587.83,133.20,721.03,yes,yes,0,0,15,0.00
800000030130623943,Tink-a-Tako - Potranco,Mayra Luna,Shift Manager / Assistant Manager,9/28/25 10:17 AM,9/28/25 3:42 PM,9/28/25 3:42 PM,5.41,,0.00,0.00,0.00,0.00,0.00,0.00,0.00,0.00,0.00,yes,yes,0,0,0,0.00
