Order #,Opened Date,Void Date,Server,Approver,Item Name,Reason,Item Quantity,Total Price
106,9/28/25 10:20 AM,9/28/25 10:50 AM,Isabel Cisneros,Mayra Luna,Bean & Cheese Taco,Customer Changed Mind,2.0,5.58
260,9/28/25 12:55 PM,9/28/25 2:58 PM,Daniela Torres,Mayra Luna,Picadillo Taco,Customer Changed Mind,1.0,2.99
290,9/28/25 1:34 PM,9/28/25 3:12 PM,Juan  Camacho,Mayra Luna,Tampiqueno Plt,Customer Changed Mind,1.0,18.99
290,9/28/25 1:34 PM,9/28/25 3:12 PM,Juan  Camacho,Mayra Luna,Tampiqueno Plt,Customer Changed Mind,1.0,18.99
312,9/28/25 2:07 PM,9/28/25 3:06 PM,Silvia Hernandez,Mayra Luna,Small Menudo,Customer Changed Mind,1.0,9.99
