Employee,Job Title,Regular Hours,Overtime Hours,Hourly Rate,Regular Pay,Overtime Pay,Total Pay,Net Sales,Declared Tips,Non-Cash Tips,Total Tips,Tips Withheld,Total Gratuity,Employee ID,Job Code,Location,Location Code
"Aragon, Brianna",Host,10.25,0.0,11.00,112.75,0.00,112.75,158.12,0.00,0.00,0.00,0.00,0.00,,,12060 Potranco Road,
"Aragon, Cecilia",Tortillera,7.33,0.0,13.00,95.29,0.00,95.29,0.00,,0.00,0.00,0.00,0.00,,,12060 Potranco Road,
"Cabrera, Sugey",Server,5.35,0.0,3.00,16.05,0.00,16.05,223.20,0.00,36.00,36.00,0.00,0.00,,,12060 Potranco Road,
"Cardenas, Salvador",Cook,0.0,8.53,15.00,0.00,191.93,191.93,0.00,,0.00,0.00,0.00,0.00,,,12060 Potranco Road,
"Del Angel, Candy",Shift Manager / Assistant Manager,0.0,8.11,,,,,33.97,,0.00,0.00,0.00,0.00,,,12060 Potranco Road,
"Farias, Claudia",Cook,9.04,0.0,15.00,135.60,0.00,135.60,0.00,,0.00,0.00,0.00,0.00,,,12060 Potranco Road,
"GUTIERREZ, ERIC",Cook,7.01,0.0,16.00,112.16,0.00,112.16,0.00,,0.00,0.00,0.00,0.00,,,12060 Potranco Road,
"Garcia, Enriqueta",Chef,9.15,0.0,,,,,0.00,,0.00,0.00,0.00,0.00,,,12060 Potranco Road,
"Garcia, Lizbeth",Server,7.27,0.0,3.00,21.81,0.00,21.81,511.42,1.00,58.56,59.56,0.00,0.00,,,12060 Potranco Road,
"Jimenez, Mario",Driver,6.85,0.0,14.00,95.90,0.00,95.90,273.61,0.00,16.37,16.37,0.00,0.00,,,12060 Potranco Road,
"Lino Santana, David ",Prep,7.09,0.0,15.00,106.35,0.00,106.35,0.00,,0.00,0.00,0.00,0.00,,,12060 Potranco Road,
"Loera, Fernanda ",Server,12.22,0.0,,,,,887.89,0.00,134.33,134.33,0.00,0.00,,,12060 Potranco Road,
"Morales, Carlos",Busser,10.739999999999998,0.0,11.00,118.14,0.00,118.14,0.00,,0.00,0.00,0.00,0.00,,,12060 Potranco Road,
"Ojeda, George",Runner,6.18,0.0,12.50,77.25,0.00,77.25,0.00,,0.00,0.00,0.00,0.00,,,12060 Potranco Road,
"Reyes , Jesús Ricardo",Prep,4.52,0.0,12.00,54.24,0.00,54.24,0.00,,0.00,0.00,0.00,0.00,,,12060 Potranco Road,
"Roman, Leticia",Server,6.46,0.0,3.00,19.38,0.00,19.38,413.44,0.00,58.06,58.06,0.00,0.00,,,12060 Potranco Road,
"Rosales, Elsa",Tortillera,5.22,0.0,13.00,67.86,0.00,67.86,0.00,,0.00,0.00,0.00,0.00,,,12060 Potranco Road,
"Salinas, Zoila",General Manager,1.32,4.91,,,,,0.00,,0.00,0.00,0.00,0.00,,,12060 Potranco Road,
"Sanchez, Emanuel",Server,7.35,0.0,3.00,22.05,0.00,22.05,323.65,5.00,46.75,51.75,0.00,0.00,,,12060 Potranco Road,
"Urena, Melissa ",Server,0.67,6.95,3.00,2.01,31.28,33.29,1272.74,0.00,67.61,67.61,0.00,0.00,,,12060 Potranco Road,
"Vega, Estela",Tortillera,9.39,0.0,15.00,140.85,0.00,140.85,0.00,,0.00,0.00,0.00,0.00,,,12060 Potranco Road,
"Velasquez, Lisa",Server,13.95,0.0,3.00,41.85,0.00,41.85,448.15,5.00,78.96,83.96,0.00,0.00,,,12060 Potranco Road,
"vanenzuela, felix",Cook,7.2,0.0,,,,,0.00,,0.00,0.00,0.00,0.00,,,12060 Potranco Road,
