Location,Order #,Opened,Server,Table,Revenue Center,Discount Amount,Amount,Tax,Tip,Gratuity,Duration (Opened to Paid)
12060 Potranco Road,3,8/8/25 6:30 AM,Nadia Reyes,,Drive Thru,0.00,5.57,0.46,0.00,0.00,00:05:21
12060 Potranco Road,5,8/8/25 6:37 AM,Nadia Reyes,,Drive Thru,0.00,9.76,0.81,2.15,0.00,00:03:08
12060 Potranco Road,6,8/8/25 6:38 AM,Nadia Reyes,,Drive Thru,0.00,26.75,2.21,1.00,0.00,00:04:51
12060 Potranco Road,7,8/8/25 6:45 AM,Nadia Reyes,,Drive Thru,0.00,6.27,0.52,0.00,0.00,00:00:46
12060 Potranco Road,8,8/8/25 6:52 AM,Nadia Reyes,,Drive Thru,0.00,3.78,0.31,0.00,0.00,00:00:16
12060 Potranco Road,9,8/8/25 6:56 AM,Nadia Reyes,,Drive Thru,0.00,4.58,0.38,2.00,0.00,00:00:49
12060 Potranco Road,10,8/8/25 6:56 AM,Nadia Reyes,,Drive Thru,0.00,1.99,0.16,0.00,0.00,00:04:08
12060 Potranco Road,12,8/8/25 7:10 AM,Nadia Reyes,,None,0.00,4.58,0.38,0.00,0.00,00:03:07
12060 Potranco Road,13,8/8/25 7:13 AM,Nadia Reyes,,Drive Thru,0.00,4.78,0.40,0.00,0.00,00:01:21
12060 Potranco Road,14,8/8/25 7:17 AM,Nadia Reyes,,Drive Thru,0.00,4.38,0.36,0.96,0.00,00:00:38
12060 Potranco Road,16,8/8/25 7:30 AM,Nadia Reyes,,Dining Room,0.00,3.78,0.31,0.57,0.00,00:02:35
12060 Potranco Road,15,8/8/25 7:17 AM,Nadia Reyes,,Drive Thru,0.00,8.27,0.68,1.24,0.00,00:18:12
12060 Potranco Road,17,8/8/25 7:36 AM,Nadia Reyes,,Drive Thru,0.00,3.98,0.33,0.00,0.00,00:00:10
12060 Potranco Road,18,8/8/25 7:39 AM,Nadia Reyes,,Drive Thru,0.00,2.79,0.23,0.00,0.00,00:01:27
12060 Potranco Road,19,8/8/25 7:49 AM,Candy Del Angel,,Dining Room,0.00,0.00,0.00,0.00,0.00,00:03:01
12060 Potranco Road,20,8/8/25 7:52 AM,Nadia Reyes,,Dining Room,0.00,5.28,0.44,1.16,0.00,00:04:38
12060 Potranco Road,21,8/8/25 7:57 AM,Nadia Reyes,,Drive Thru,0.00,6.57,0.55,0.00,0.00,00:01:00
12060 Potranco Road,22,8/8/25 7:59 AM,Lizbeth Garcia,,Dining Room,0.00,7.38,0.60,0.00,0.00,00:00:42
12060 Potranco Road,23,8/8/25 8:00 AM,Lizbeth Garcia,,Dining Room,0.00,12.87,1.06,0.00,0.00,00:00:34
12060 Potranco Road,24,8/8/25 8:03 AM,Nadia Reyes,,Drive Thru,0.00,14.54,1.20,0.00,0.00,00:02:03
12060 Potranco Road,25,8/8/25 8:05 AM,Nadia Reyes,,Drive Thru,0.00,6.28,0.52,0.00,0.00,00:03:54
12060 Potranco Road,26,8/8/25 8:07 AM,Sugey Cabrera,21,Dining Room,0.00,15.96,1.33,0.00,0.00,00:45:22
12060 Potranco Road,27,8/8/25 8:10 AM,Nadia Reyes,,Drive Thru,0.00,5.97,0.49,0.00,0.00,00:01:06
12060 Potranco Road,28,8/8/25 8:15 AM,Candy Del Angel,,Dining Room,0.36,7.21,0.60,0.00,0.00,00:21:14
12060 Potranco Road,29,8/8/25 8:17 AM,Sugey Cabrera,23,Dining Room,0.00,2.99,0.25,3.00,0.00,00:00:15
12060 Potranco Road,31,8/8/25 8:24 AM,Nadia Reyes,,Dining Room,0.00,5.57,0.46,0.84,0.00,00:01:32
12060 Potranco Road,30,8/8/25 8:23 AM,Sugey Cabrera,,None,50.18,0.00,0.00,0.00,0.00,06:13:19
12060 Potranco Road,32,8/8/25 8:28 AM,Candy Del Angel,,Dining Room,0.00,6.48,0.54,0.00,0.00,00:08:08
12060 Potranco Road,34,8/8/25 8:29 AM,Lizbeth Garcia,17,Dining Room,0.00,2.99,0.25,0.00,0.00,00:31:59
12060 Potranco Road,35,8/8/25 8:30 AM,Nadia Reyes,,Dining Room,0.00,18.50,1.52,2.78,0.00,00:04:52
12060 Potranco Road,36,8/8/25 8:31 AM,Nadia Reyes,,Dining Room,0.00,1.99,0.16,0.00,0.00,00:13:20
12060 Potranco Road,38,8/8/25 8:39 AM,Nadia Reyes,,Dining Room,0.00,1.79,0.15,0.00,0.00,00:27:21
12060 Potranco Road,39,8/8/25 8:41 AM,Nadia Reyes,,Dining Room,2.02,18.23,1.50,0.00,0.00,00:07:21
12060 Potranco Road,40,8/8/25 8:42 AM,Leticia Roman,2,Dining Room,0.00,31.44,2.58,10.00,0.00,00:40:14
12060 Potranco Road,41,8/8/25 8:43 AM,Nadia Reyes,,Drive Thru,0.00,17.83,1.48,3.57,0.00,00:09:07
12060 Potranco Road,43,8/8/25 8:46 AM,Nadia Reyes,,Drive Thru,0.00,14.54,1.20,0.00,0.00,00:06:59
12060 Potranco Road,44,8/8/25 8:46 AM,Lizbeth Garcia,5,Dining Room,0.00,35.08,2.89,7.00,0.00,00:21:55
12060 Potranco Road,47,8/8/25 8:53 AM,Nadia Reyes,,Drive Thru,0.00,7.76,0.63,0.00,0.00,00:03:13
12060 Potranco Road,50,8/8/25 9:00 AM,Nadia Reyes,,Dining Room,0.00,16.26,1.33,2.44,0.00,00:01:06
12060 Potranco Road,51,8/8/25 9:01 AM,Nadia Reyes,,Drive Thru,0.00,4.98,0.41,0.00,0.00,00:04:35
12060 Potranco Road,52,8/8/25 9:02 AM,Sugey Cabrera,1,Dining Room,0.00,34.00,2.81,3.00,0.00,00:32:41
12060 Potranco Road,53,8/8/25 9:04 AM,Nadia Reyes,,Drive Thru,0.00,14.96,1.23,0.00,0.00,00:03:34
12060 Potranco Road,55,8/8/25 9:07 AM,Nadia Reyes,,Drive Thru,0.00,5.37,0.44,2.00,0.00,00:02:58
12060 Potranco Road,57,8/8/25 9:10 AM,Lizbeth Garcia,34,Dining Room,0.00,42.28,3.50,15.00,0.00,00:24:30
12060 Potranco Road,59,8/8/25 9:14 AM,Nadia Reyes,,Dining Room,0.00,5.58,0.46,0.00,0.00,00:01:04
12060 Potranco Road,60,8/8/25 9:15 AM,Emanuel Sanchez,,Dining Room,0.00,8.95,0.74,0.00,0.00,00:02:31
12060 Potranco Road,49,8/8/25 9:00 AM,Emanuel Sanchez,25,Dining Room,0.00,26.41,2.18,3.00,0.00,01:12:49
12060 Potranco Road,61,8/8/25 9:18 AM,Nadia Reyes,,Dining Room,0.00,14.37,1.19,0.00,0.00,00:03:00
12060 Potranco Road,62,8/8/25 9:19 AM,Leticia Roman,23,Dining Room,0.30,5.68,0.47,0.00,0.00,00:22:32
12060 Potranco Road,65,8/8/25 9:24 AM,Nadia Reyes,,Drive Thru,0.00,12.45,1.02,0.00,0.00,00:02:09
12060 Potranco Road,63,8/8/25 9:20 AM,Candy Del Angel,4,Dining Room,0.00,17.64,1.47,0.00,0.00,00:38:08
12060 Potranco Road,66,8/8/25 9:29 AM,Nadia Reyes,,Drive Thru,0.00,5.58,0.46,0.00,0.00,00:00:47
12060 Potranco Road,67,8/8/25 9:30 AM,Nadia Reyes,,Drive Thru,0.00,9.35,0.76,0.00,0.00,00:02:10
12060 Potranco Road,68,8/8/25 9:30 AM,Candy Del Angel,,Dining Room,0.00,10.85,0.90,0.00,0.00,00:14:26
12060 Potranco Road,70,8/8/25 9:33 AM,Nadia Reyes,,Drive Thru,0.00,12.54,1.04,0.00,0.00,00:03:52
12060 Potranco Road,71,8/8/25 9:35 AM,Nadia Reyes,,Drive Thru,0.00,8.37,0.69,0.00,0.00,00:07:08
12060 Potranco Road,72,8/8/25 9:35 AM,Nadia Reyes,,Drive Thru,0.00,2.99,0.25,0.00,0.00,01:01:05
12060 Potranco Road,73,8/8/25 9:36 AM,Sugey Cabrera,3,Dining Room,0.00,24.66,2.03,8.00,0.00,00:38:36
12060 Potranco Road,74,8/8/25 9:37 AM,Nadia Reyes,,Drive Thru,0.00,27.53,2.27,5.51,0.00,00:08:06
12060 Potranco Road,76,8/8/25 9:38 AM,Lizbeth Garcia,31,Dining Room,0.68,6.08,0.51,0.00,0.00,00:26:41
12060 Potranco Road,77,8/8/25 9:44 AM,Nadia Reyes,,Drive Thru,0.00,7.27,0.60,0.00,0.00,00:07:48
12060 Potranco Road,79,8/8/25 9:56 AM,Nadia Reyes,,Dining Room,0.00,14.55,1.21,0.00,0.00,00:01:04
12060 Potranco Road,80,8/8/25 9:57 AM,Leticia Roman,2,Dining Room,0.00,9.99,0.82,0.00,0.00,00:31:01
12060 Potranco Road,81,8/8/25 9:58 AM,Nadia Reyes,,Dining Room,0.00,4.28,0.35,0.00,0.00,00:02:36
12060 Potranco Road,84,8/8/25 10:03 AM,Nadia Reyes,,None,0.00,24.24,2.00,3.64,0.00,00:03:03
12060 Potranco Road,85,8/8/25 10:04 AM,Candy Del Angel,,Dining Room,0.00,0.00,0.00,0.00,0.00,03:44:58
12060 Potranco Road,83,8/8/25 10:03 AM,Sugey Cabrera,20,Dining Room,0.00,57.90,4.79,0.00,0.00,00:44:00
12060 Potranco Road,86,8/8/25 10:07 AM,Candy Del Angel,,Dining Room,0.00,13.95,1.15,0.00,0.00,00:00:47
12060 Potranco Road,88,8/8/25 10:08 AM,Nadia Reyes,,Drive Thru,0.00,15.67,1.29,3.13,0.00,00:04:06
12060 Potranco Road,91,8/8/25 10:11 AM,Leticia Roman,23,Dining Room,0.00,18.36,1.51,5.00,0.00,00:29:09
12060 Potranco Road,93,8/8/25 10:13 AM,Nadia Reyes,,Drive Thru,0.00,11.07,0.91,0.00,0.00,00:01:20
12060 Potranco Road,94,8/8/25 10:14 AM,Nadia Reyes,,Drive Thru,0.00,6.58,0.55,1.32,0.00,00:05:10
12060 Potranco Road,92,8/8/25 10:13 AM,Lizbeth Garcia,28,Dining Room,0.00,40.93,3.39,0.00,0.00,00:40:54
12060 Potranco Road,95,8/8/25 10:15 AM,Nadia Reyes,,Drive Thru,0.00,2.49,0.21,0.55,0.00,00:04:09
12060 Potranco Road,96,8/8/25 10:15 AM,Nadia Reyes,,Drive Thru,0.00,11.75,0.96,1.76,0.00,00:04:52
12060 Potranco Road,98,8/8/25 10:18 AM,Nadia Reyes,,Drive Thru,0.00,8.97,0.74,0.00,0.00,00:02:35
12060 Potranco Road,99,8/8/25 10:19 AM,Nadia Reyes,,Drive Thru,0.00,17.34,1.42,2.60,0.00,00:04:19
12060 Potranco Road,100,8/8/25 10:20 AM,Nadia Reyes,,Drive Thru,0.00,5.97,0.49,1.31,0.00,00:04:46
12060 Potranco Road,101,8/8/25 10:21 AM,Nadia Reyes,,Drive Thru,0.00,7.27,0.60,0.00,0.00,00:06:25
12060 Potranco Road,102,8/8/25 10:23 AM,Emanuel Sanchez,35,Dining Room,0.00,57.41,4.74,0.00,0.00,00:32:32
12060 Potranco Road,104,8/8/25 10:26 AM,Nadia Reyes,,Drive Thru,0.00,6.77,0.56,0.00,0.00,00:05:27
12060 Potranco Road,106,8/8/25 10:26 AM,Sugey Cabrera,1,Dining Room,0.00,30.30,2.51,10.00,0.00,00:50:25
12060 Potranco Road,108,8/8/25 10:28 AM,Nadia Reyes,,Drive Thru,0.00,12.56,1.04,2.76,0.00,00:03:51
12060 Potranco Road,109,8/8/25 10:34 AM,Nadia Reyes,,Drive Thru,0.00,10.95,0.90,0.00,0.00,00:02:30
12060 Potranco Road,111,8/8/25 10:36 AM,Nadia Reyes,,Drive Thru,0.00,2.79,0.23,0.00,0.00,00:03:19
12060 Potranco Road,112,8/8/25 10:39 AM,Lizbeth Garcia,31,Dining Room,0.00,110.08,9.06,30.00,0.00,01:07:29
12060 Potranco Road,113,8/8/25 10:40 AM,Nadia Reyes,,Drive Thru,0.00,14.56,1.20,0.00,0.00,00:01:56
12060 Potranco Road,115,8/8/25 10:41 AM,Nadia Reyes,,Drive Thru,0.00,7.76,0.64,0.00,0.00,00:01:34
12060 Potranco Road,116,8/8/25 10:42 AM,Leticia Roman,,Dining Room,0.00,0.00,0.00,0.00,0.00,00:01:26
12060 Potranco Road,118,8/8/25 10:43 AM,Nadia Reyes,,Drive Thru,0.00,26.13,2.16,3.92,0.00,00:05:53
12060 Potranco Road,117,8/8/25 10:43 AM,Candy Del Angel,,Dining Room,0.00,20.64,1.70,0.00,0.00,00:00:36
12060 Potranco Road,114,8/8/25 10:41 AM,Emanuel Sanchez,,Dining Room,0.00,28.36,2.33,0.00,0.00,00:46:27
12060 Potranco Road,121,8/8/25 10:46 AM,Leticia Roman,26,Dining Room,6.05,39.18,3.24,10.00,0.00,00:46:21
12060 Potranco Road,122,8/8/25 10:49 AM,Emanuel Sanchez,,Dining Room,0.00,11.57,0.96,3.00,0.00,00:15:52
12060 Potranco Road,123,8/8/25 10:54 AM,Leticia Roman,2,Dining Room,0.00,18.64,1.52,0.00,0.00,00:31:39
12060 Potranco Road,124,8/8/25 10:55 AM,Lizbeth Garcia,25,Dining Room,0.00,25.02,2.06,4.00,0.00,00:32:27
12060 Potranco Road,125,8/8/25 11:00 AM,Nadia Reyes,,Dining Room,0.58,5.19,0.43,0.00,0.00,00:01:50
12060 Potranco Road,127,8/8/25 11:00 AM,Nadia Reyes,,Dining Room,0.00,18.14,1.50,1.00,0.00,00:09:10
12060 Potranco Road,129,8/8/25 11:03 AM,Nadia Reyes,,Dining Room,0.00,25.97,2.14,3.90,0.00,00:08:32
12060 Potranco Road,130,8/8/25 11:03 AM,Candy Del Angel,,Dining Room,0.00,41.96,3.46,0.00,0.00,00:37:49
12060 Potranco Road,131,8/8/25 11:05 AM,Nadia Reyes,,Drive Thru,5.00,16.97,1.41,0.00,0.00,01:46:18
12060 Potranco Road,132,8/8/25 11:05 AM,Nadia Reyes,,Drive Thru,0.00,17.16,1.42,0.00,0.00,00:08:39
12060 Potranco Road,133,8/8/25 11:10 AM,Nadia Reyes,,Drive Thru,0.00,12.66,1.03,0.00,0.00,00:10:19
12060 Potranco Road,134,8/8/25 11:12 AM,Emanuel Sanchez,18,Dining Room,0.00,28.10,2.32,0.00,0.00,00:32:48
12060 Potranco Road,135,8/8/25 11:13 AM,Sugey Cabrera,23,Dining Room,0.00,28.13,2.31,6.00,0.00,00:25:42
12060 Potranco Road,136,8/8/25 11:19 AM,Nadia Reyes,,Drive Thru,0.00,3.49,0.29,0.00,0.00,00:03:02
12060 Potranco Road,137,8/8/25 11:20 AM,Leticia Roman,6,Dining Room,0.00,44.44,3.66,10.00,0.00,00:48:53
12060 Potranco Road,138,8/8/25 11:21 AM,Lizbeth Garcia,8,Dining Room,0.00,21.95,1.81,4.00,0.00,00:26:47
12060 Potranco Road,107,8/8/25 10:27 AM,Nadia Reyes,,Drive Thru,0.00,8.97,0.74,0.00,0.00,00:59:01
12060 Potranco Road,142,8/8/25 11:27 AM,Nadia Reyes,,Drive Thru,0.00,15.96,1.32,0.00,0.00,00:03:51
12060 Potranco Road,141,8/8/25 11:25 AM,Sugey Cabrera,22,Dining Room,0.00,48.34,3.98,10.00,0.00,00:36:17
12060 Potranco Road,143,8/8/25 11:27 AM,Emanuel Sanchez,21,Dining Room,0.00,18.47,1.53,3.00,0.00,01:19:12
12060 Potranco Road,144,8/8/25 11:27 AM,Nadia Reyes,,Drive Thru,0.00,16.49,1.35,0.00,0.00,00:05:21
12060 Potranco Road,145,8/8/25 11:28 AM,Nadia Reyes,,Drive Thru,0.00,34.75,2.87,5.21,0.00,00:06:19
12060 Potranco Road,146,8/8/25 11:31 AM,Nadia Reyes,,Drive Thru,0.00,8.77,0.72,0.00,0.00,00:35:17
12060 Potranco Road,147,8/8/25 11:34 AM,Nadia Reyes,,Drive Thru,0.00,15.83,1.32,0.00,0.00,00:10:51
12060 Potranco Road,148,8/8/25 11:41 AM,Sugey Cabrera,34,Dining Room,0.00,24.41,2.01,5.00,0.00,00:40:00
12060 Potranco Road,150,8/8/25 11:43 AM,Leticia Roman,1,Dining Room,0.00,5.78,0.47,2.00,0.00,00:45:14
12060 Potranco Road,151,8/8/25 11:44 AM,Nadia Reyes,,Drive Thru,0.00,12.56,1.03,0.00,0.00,00:04:39
12060 Potranco Road,153,8/8/25 11:45 AM,Nadia Reyes,,Drive Thru,0.00,3.98,0.32,0.88,0.00,00:05:31
12060 Potranco Road,152,8/8/25 11:44 AM,Lizbeth Garcia,25,Dining Room,0.00,29.96,2.48,6.00,0.00,00:40:07
12060 Potranco Road,155,8/8/25 11:50 AM,Nadia Reyes,,Drive Thru,0.00,19.75,1.63,0.00,0.00,00:01:30
12060 Potranco Road,156,8/8/25 11:50 AM,Lizbeth Garcia,26,Dining Room,0.00,17.21,1.42,3.00,0.00,00:24:01
12060 Potranco Road,157,8/8/25 11:57 AM,Sugey Cabrera,20,Dining Room,0.00,71.80,5.91,0.00,0.00,00:25:54
12060 Potranco Road,158,8/8/25 12:00 PM,Leticia Roman,3,Dining Room,0.00,26.98,2.22,6.00,0.00,00:30:47
12060 Potranco Road,159,8/8/25 12:03 PM,Nadia Reyes,,Drive Thru,0.00,41.81,3.44,6.27,0.00,00:04:24
12060 Potranco Road,160,8/8/25 12:04 PM,Nadia Reyes,,Drive Thru,0.00,11.99,0.99,2.64,0.00,00:09:02
12060 Potranco Road,162,8/8/25 12:08 PM,Nadia Reyes,,Drive Thru,0.00,24.99,2.06,0.00,0.00,00:05:45
12060 Potranco Road,154,8/8/25 11:48 AM,Emanuel Sanchez,28,Dining Room,0.00,192.53,15.88,5.78,38.51,01:20:56
12060 Potranco Road,165,8/8/25 12:13 PM,Emanuel Sanchez,2,Dining Room,0.00,33.36,2.75,0.00,0.00,00:25:56
12060 Potranco Road,167,8/8/25 12:16 PM,Sugey Cabrera,6,Dining Room,0.00,34.96,2.88,0.00,0.00,01:05:00
12060 Potranco Road,168,8/8/25 12:17 PM,Leticia Roman,23,Dining Room,0.00,14.94,1.23,4.00,0.00,00:28:24
12060 Potranco Road,169,8/8/25 12:19 PM,Nadia Reyes,,Dining Room,1.79,16.14,1.33,0.00,0.00,00:05:19
12060 Potranco Road,171,8/8/25 12:21 PM,Nadia Reyes,,Dining Room,0.43,3.85,0.32,0.64,0.00,00:04:22
12060 Potranco Road,170,8/8/25 12:21 PM,Emanuel Sanchez,8,Dining Room,0.00,17.37,1.42,2.61,0.00,00:51:44
12060 Potranco Road,172,8/8/25 12:23 PM,Nadia Reyes,,Drive Thru,1.14,10.31,0.86,0.00,0.00,00:09:40
12060 Potranco Road,174,8/8/25 12:25 PM,Nadia Reyes,,Dining Room,0.00,13.73,1.13,0.00,0.00,00:08:40
12060 Potranco Road,175,8/8/25 12:26 PM,Lizbeth Garcia,30,Dining Room,0.00,66.93,5.52,0.00,0.00,00:40:51
12060 Potranco Road,176,8/8/25 12:31 PM,Nadia Reyes,,Drive Thru,0.00,15.03,1.23,0.00,0.00,00:07:40
12060 Potranco Road,177,8/8/25 12:37 PM,Nadia Reyes,,Drive Thru,0.00,10.74,0.89,0.00,0.00,00:03:03
12060 Potranco Road,179,8/8/25 12:40 PM,Candy Del Angel,,Dining Room,0.00,24.98,2.06,0.00,0.00,00:28:36
12060 Potranco Road,182,8/8/25 12:42 PM,Nadia Reyes,,Drive Thru,0.00,13.56,1.12,0.00,0.00,00:07:51
12060 Potranco Road,183,8/8/25 12:46 PM,Sugey Cabrera,32,Dining Room,0.00,17.75,1.47,0.00,0.00,01:10:02
12060 Potranco Road,184,8/8/25 12:47 PM,Leticia Roman,34,Dining Room,0.00,17.36,1.42,10.00,0.00,00:24:43
12060 Potranco Road,186,8/8/25 12:51 PM,Nadia Reyes,,Drive Thru,0.00,23.13,1.91,0.00,0.00,00:03:49
12060 Potranco Road,185,8/8/25 12:48 PM,Lizbeth Garcia,25,Dining Room,1.96,39.16,3.23,4.00,0.00,00:51:52
12060 Potranco Road,187,8/8/25 12:52 PM,Nadia Reyes,,Drive Thru,0.00,15.54,1.29,2.00,0.00,00:06:02
12060 Potranco Road,189,8/8/25 1:02 PM,Nadia Reyes,,Drive Thru,0.00,3.69,0.30,0.74,0.00,00:01:30
12060 Potranco Road,192,8/8/25 1:05 PM,Nadia Reyes,,Dining Room,0.00,14.21,1.17,2.84,0.00,00:16:33
12060 Potranco Road,193,8/8/25 1:06 PM,Sugey Cabrera,20,Dining Room,0.00,32.93,2.71,0.00,0.00,00:50:36
12060 Potranco Road,191,8/8/25 1:05 PM,Emanuel Sanchez,35,Dining Room,0.00,58.80,4.84,0.00,0.00,00:59:12
12060 Potranco Road,194,8/8/25 1:10 PM,Lizbeth Garcia,17,Dining Room,0.00,24.88,2.04,0.00,0.00,00:31:40
12060 Potranco Road,195,8/8/25 1:16 PM,Leticia Roman,31,Dining Room,0.00,85.90,7.09,5.00,0.00,00:30:50
12060 Potranco Road,196,8/8/25 1:21 PM,Nadia Reyes,,Drive Thru,0.00,3.58,0.30,0.00,0.00,00:18:41
12060 Potranco Road,198,8/8/25 1:25 PM,Nadia Reyes,,Drive Thru,0.00,5.39,0.44,0.00,0.00,00:05:32
12060 Potranco Road,200,8/8/25 1:31 PM,Emanuel Sanchez,26,Dining Room,0.00,30.95,2.56,4.49,0.00,00:52:57
12060 Potranco Road,201,8/8/25 1:35 PM,Lizbeth Garcia,6,Dining Room,0.00,41.41,3.42,10.00,0.00,00:37:56
12060 Potranco Road,202,8/8/25 1:38 PM,Nadia Reyes,,Drive Thru,0.00,25.60,2.11,3.84,0.00,00:02:19
12060 Potranco Road,204,8/8/25 1:42 PM,Nadia Reyes,,Drive Thru,0.00,15.97,1.31,0.00,0.00,00:04:36
12060 Potranco Road,205,8/8/25 1:42 PM,Nadia Reyes,,Drive Thru,0.00,4.89,0.40,0.00,0.00,00:08:37
12060 Potranco Road,209,8/8/25 1:50 PM,Leticia Roman,28,Dining Room,0.00,25.96,2.15,6.00,0.00,00:31:44
12060 Potranco Road,210,8/8/25 1:53 PM,Sugey Cabrera,25,Dining Room,0.00,10.99,0.91,2.00,0.00,00:31:09
12060 Potranco Road,211,8/8/25 1:54 PM,Sugey Cabrera,8,Dining Room,0.00,47.45,3.91,20.00,0.00,00:29:21
12060 Potranco Road,208,8/8/25 1:48 PM,Emanuel Sanchez,30,Dining Room,0.00,0.00,0.00,0.00,0.00,00:09:03
12060 Potranco Road,213,8/8/25 1:58 PM,Nadia Reyes,,Drive Thru,0.00,13.77,1.13,0.00,0.00,00:02:40
12060 Potranco Road,216,8/8/25 2:04 PM,Sugey Cabrera,,Dining Room,0.00,27.97,2.30,6.00,0.00,00:00:34
12060 Potranco Road,218,8/8/25 2:05 PM,Lisa Velasquez,30,Dining Room,0.00,77.92,6.43,20.00,0.00,00:30:10
12060 Potranco Road,219,8/8/25 2:07 PM,Lisa Velasquez,3,Dining Room,0.00,15.88,1.31,3.00,0.00,00:49:13
12060 Potranco Road,221,8/8/25 2:13 PM,Adrian Morales,1,Dining Room,0.00,30.96,2.55,6.81,0.00,00:27:34
12060 Potranco Road,224,8/8/25 2:21 PM,Mario Jimenez,,Dining Room,0.00,9.98,0.82,0.00,0.00,00:01:41
12060 Potranco Road,223,8/8/25 2:19 PM,Lisa Velasquez,32,Dining Room,0.00,42.03,3.46,10.00,0.00,00:35:07
12060 Potranco Road,222,8/8/25 2:14 PM,Mario Jimenez,,Drive Thru,0.00,3.99,0.33,0.00,0.00,00:13:05
12060 Potranco Road,228,8/8/25 2:40 PM,Adrian Morales,,None,0.00,0.00,0.00,0.00,0.00,00:00:53
12060 Potranco Road,229,8/8/25 2:43 PM,Lisa Velasquez,,Dining Room,4.20,16.78,1.39,0.00,0.00,00:01:44
12060 Potranco Road,230,8/8/25 3:04 PM,Adrian Morales,5,Dining Room,0.00,11.87,0.98,5.00,0.00,00:16:50
12060 Potranco Road,231,8/8/25 3:18 PM,Mario Jimenez,,Dining Room,0.00,8.77,0.73,0.00,0.00,00:00:56
12060 Potranco Road,233,8/8/25 3:30 PM,Adrian Morales,,Dining Room,1.80,7.19,0.59,0.00,0.00,00:00:42
12060 Potranco Road,234,8/8/25 3:30 PM,Lisa Velasquez,23,Dining Room,0.00,21.66,1.78,0.00,0.00,00:29:30
12060 Potranco Road,235,8/8/25 3:36 PM,Mario Jimenez,,Dining Room,0.00,23.98,1.98,4.04,0.00,00:00:27
12060 Potranco Road,236,8/8/25 3:44 PM,Mario Jimenez,,Dining Room,0.00,22.98,1.89,0.00,0.00,00:30:19
12060 Potranco Road,237,8/8/25 3:50 PM,Adrian Morales,31,Dining Room,0.00,16.85,1.39,0.00,0.00,00:20:54
12060 Potranco Road,238,8/8/25 4:00 PM,Lisa Velasquez,20,Dining Room,0.00,54.73,4.50,10.00,0.00,00:39:40
12060 Potranco Road,240,8/8/25 4:08 PM,Mario Jimenez,,Dining Room,0.00,19.98,1.65,0.00,0.00,00:01:43
12060 Potranco Road,239,8/8/25 4:04 PM,Adrian Morales,2,Dining Room,0.00,74.25,6.13,14.85,0.00,00:58:56
12060 Potranco Road,241,8/8/25 4:15 PM,Mario Jimenez,,Bar,0.00,2.78,0.23,0.61,0.00,00:01:53
12060 Potranco Road,232,8/8/25 3:19 PM,Mario Jimenez,,Drive Thru,0.00,13.46,1.11,0.00,0.00,01:08:51
12060 Potranco Road,243,8/8/25 4:30 PM,Lisa Velasquez,3,Dining Room,0.00,43.04,3.55,8.61,0.00,00:33:53
12060 Potranco Road,244,8/8/25 4:35 PM,Mario Jimenez,,None,0.00,9.98,0.82,0.00,0.00,00:01:29
12060 Potranco Road,246,8/8/25 4:42 PM,Mario Jimenez,,Dining Room,0.00,10.73,0.89,0.00,0.00,00:01:13
12060 Potranco Road,248,8/8/25 4:43 PM,Gabriel Tovar ,,Dining Room,0.00,15.87,1.31,0.00,0.00,00:14:22
12060 Potranco Road,247,8/8/25 4:43 PM,Mario Jimenez,,Drive Thru,0.00,8.97,0.74,1.97,0.00,00:03:15
12060 Potranco Road,251,8/8/25 4:56 PM,siri quiroz,,Dining Room,0.00,9.78,0.81,0.00,0.00,00:15:21
12060 Potranco Road,252,8/8/25 4:56 PM,Adrian Morales,25,Dining Room,12.55,48.75,4.04,12.26,0.00,00:52:43
12060 Potranco Road,253,8/8/25 5:05 PM,Mario Jimenez,,Drive Thru,0.00,22.15,1.83,2.00,0.00,00:05:50
12060 Potranco Road,254,8/8/25 5:11 PM,Mario Jimenez,,Drive Thru,0.00,10.47,0.86,0.00,0.00,00:10:15
12060 Potranco Road,256,8/8/25 5:22 PM,siri quiroz,,Dining Room,49.54,0.00,0.00,0.00,0.00,04:01:24
12060 Potranco Road,257,8/8/25 5:31 PM,Lisa Velasquez,29,Dining Room,0.00,43.94,3.62,0.00,0.00,00:38:21
12060 Potranco Road,258,8/8/25 5:37 PM,Adrian Morales,27,Dining Room,0.00,35.97,2.96,5.40,0.00,00:44:49
12060 Potranco Road,259,8/8/25 5:43 PM,Rosalinda Rodriguez,3,Dining Room,0.00,58.95,4.85,5.00,0.00,00:36:28
12060 Potranco Road,260,8/8/25 5:49 PM,Lisa Velasquez,34,Dining Room,0.00,33.46,2.76,7.00,0.00,00:28:40
12060 Potranco Road,262,8/8/25 5:50 PM,Rosalinda Rodriguez,1,Dining Room,0.00,42.51,3.51,9.00,0.00,02:29:52
12060 Potranco Road,261,8/8/25 5:50 PM,Mario Jimenez,,Drive Thru,0.00,16.48,1.36,2.00,0.00,00:06:33
12060 Potranco Road,264,8/8/25 5:57 PM,Adrian Morales,21,Dining Room,0.00,67.63,5.56,10.14,0.00,00:42:28
12060 Potranco Road,263,8/8/25 5:56 PM,Mario Jimenez,,Drive Thru,0.00,10.27,0.85,0.00,0.00,00:08:12
12060 Potranco Road,266,8/8/25 6:09 PM,Lisa Velasquez,6,Dining Room,0.00,10.18,0.84,5.98,0.00,00:25:43
12060 Potranco Road,267,8/8/25 6:12 PM,Adrian Morales,17,Dining Room,0.00,15.98,1.32,0.00,0.00,01:54:21
12060 Potranco Road,265,8/8/25 6:04 PM,Mario Jimenez,,Drive Thru,0.00,16.25,1.34,0.00,0.00,00:16:10
12060 Potranco Road,269,8/8/25 6:21 PM,Rosalinda Rodriguez,31,Dining Room,0.00,31.96,2.63,12.00,0.00,00:46:29
12060 Potranco Road,268,8/8/25 6:19 PM,Mario Jimenez,,Drive Thru,0.00,29.37,2.42,0.00,0.00,00:09:52
12060 Potranco Road,273,8/8/25 6:33 PM,Rosalinda Rodriguez,34,Dining Room,0.00,31.45,2.60,5.00,0.00,00:48:45
12060 Potranco Road,272,8/8/25 6:31 PM,Adrian Morales,2,Dining Room,0.00,32.96,2.71,8.50,0.00,01:06:52
12060 Potranco Road,274,8/8/25 6:39 PM,Lisa Velasquez,11,Dining Room,0.00,22.97,1.90,3.00,0.00,00:59:36
12060 Potranco Road,275,8/8/25 6:39 PM,Gabriel Tovar ,,Dining Room,0.00,17.01,1.41,2.00,0.00,00:01:17
12060 Potranco Road,276,8/8/25 6:40 PM,Lisa Velasquez,26,Dining Room,0.00,40.35,3.32,0.00,0.00,00:49:23
12060 Potranco Road,279,8/8/25 6:49 PM,Adrian Morales,4,Dining Room,12.99,0.00,0.00,0.00,0.00,02:56:59
12060 Potranco Road,278,8/8/25 6:49 PM,Mario Jimenez,,Drive Thru,0.00,20.98,1.73,0.00,0.00,00:11:30
12060 Potranco Road,280,8/8/25 6:59 PM,Adrian Morales,3,Dining Room,0.00,40.72,3.36,8.96,0.00,00:37:02
12060 Potranco Road,282,8/8/25 7:03 PM,Mario Jimenez,,Dining Room,0.00,106.56,8.79,0.00,0.00,00:03:44
12060 Potranco Road,283,8/8/25 7:09 PM,Rosalinda Rodriguez,28,Dining Room,0.00,28.96,2.39,6.00,0.00,00:38:11
12060 Potranco Road,285,8/8/25 7:13 PM,Lisa Velasquez,22,Dining Room,6.05,24.62,2.03,5.00,0.00,00:41:14
12060 Potranco Road,286,8/8/25 7:30 PM,Adrian Morales,25,Dining Room,0.00,86.01,7.05,17.20,0.00,01:34:08
12060 Potranco Road,287,8/8/25 7:31 PM,Rosalinda Rodriguez,18,Dining Room,0.00,42.44,3.50,8.49,0.00,00:41:33
12060 Potranco Road,288,8/8/25 7:34 PM,Lisa Velasquez,21,Dining Room,0.00,63.31,5.22,8.00,0.00,00:40:48
12060 Potranco Road,290,8/8/25 7:45 PM,Adrian Morales,11,Dining Room,0.00,59.64,4.91,11.93,0.00,00:51:24
12060 Potranco Road,284,8/8/25 7:11 PM,Mario Jimenez,,Drive Thru,0.00,5.38,0.45,0.00,0.00,00:36:23
12060 Potranco Road,292,8/8/25 7:57 PM,Rosalinda Rodriguez,2,Dining Room,0.00,48.65,4.01,10.00,0.00,00:41:52
12060 Potranco Road,295,8/8/25 8:19 PM,Lisa Velasquez,31,Dining Room,0.00,0.00,0.00,0.00,0.00,00:21:52
12060 Potranco Road,296,8/8/25 8:21 PM,Adrian Morales,10,Dining Room,0.00,15.18,1.25,3.34,0.00,00:34:48
12060 Potranco Road,297,8/8/25 8:26 PM,Mario Jimenez,,Drive Thru,0.00,18.26,1.51,0.00,0.00,00:00:59
12060 Potranco Road,298,8/8/25 8:33 PM,Mario Jimenez,,Drive Thru,0.00,29.95,2.47,0.00,0.00,00:05:56
12060 Potranco Road,299,8/8/25 8:40 PM,Rosalinda Rodriguez,20,Dining Room,0.00,37.96,3.13,5.69,0.00,00:43:11
12060 Potranco Road,300,8/8/25 8:40 PM,Mario Jimenez,,Drive Thru,0.00,12.99,1.07,0.00,0.00,00:10:34
