Employee,Job Title,In Date,Out Date,Auto Clock-out,Total Hours,Unpaid Break Time,Paid Break Time,Payable Hours
"Vega, Estela",Tortillera,8/8/25 4:49 AM,8/8/25 2:15 PM,No,9.44,0.00,0.00,9.44
"Farias, Claudia",Cook,8/8/25 5:04 AM,8/8/25 2:17 PM,No,9.22,0.00,0.00,9.22
"Cardenas, Salvador",Cook,8/8/25 5:37 AM,8/8/25 2:00 PM,No,8.38,0.00,0.00,8.38
"Cabrera, Sugey",Server,8/8/25 6:04 AM,8/8/25 2:54 PM,No,8.84,0.00,0.00,8.84
"Reyes, Nadia",Driver,8/8/25 6:29 AM,8/8/25 1:58 PM,No,7.48,0.00,0.00,7.48
"Garcia, Enriqueta",Chef,8/8/25 7:05 AM,8/8/25 4:19 PM,No,9.23,0.00,0.00,9.23
"Lino Santana, David ",Prep,8/8/25 7:06 AM,8/8/25 3:39 PM,No,8.55,0.00,0.00,8.55
"Garcia, Lizbeth",Server,8/8/25 7:06 AM,8/8/25 2:31 PM,No,7.42,0.00,0.00,7.42
"Del Angel, Candy",Shift Manager / Assistant Manager,8/8/25 7:31 AM,8/8/25 3:27 PM,No,7.94,0.00,0.00,7.94
"Roman, Leticia",Server,8/8/25 8:05 AM,8/8/25 2:39 PM,No,6.57,0.00,0.00,6.57
"Sanchez, Emanuel",Server,8/8/25 8:09 AM,8/8/25 2:34 PM,No,6.42,0.00,0.00,6.42
"JOSSUETH, FRANLOD",Busser,8/8/25 8:30 AM,8/8/25 3:04 PM,No,6.57,0.00,0.00,6.57
"Tovar , Gabriel",Shift Leader,8/8/25 1:57 PM,8/8/25 9:30 PM,No,7.56,0.00,0.00,7.56
"Velasquez, Lisa",Server,8/8/25 2:01 PM,8/8/25 9:37 PM,No,7.60,0.00,0.00,7.60
"Morales, Adrian",Server,8/8/25 2:03 PM,8/8/25 9:00 PM,No,6.95,0.00,0.00,6.95
"Jimenez, Mario",Driver,8/8/25 2:13 PM,8/8/25 9:00 PM,No,6.77,0.00,0.00,6.77
"GUTIERREZ, ERIC",Cook,8/8/25 2:14 PM,8/8/25 9:36 PM,No,7.37,0.00,0.00,7.37
"vanenzuela, felix",Cook,8/8/25 2:20 PM,8/8/25 9:36 PM,No,7.27,0.00,0.00,7.27
"Aragon, Cecilia",Tortillera,8/8/25 2:35 PM,8/8/25 9:39 PM,No,7.07,0.00,0.00,7.07
"Barton, Arion",Cook,8/8/25 3:19 PM,8/8/25 3:19 PM,No,0.00,0.00,0.00,0.00
"RODRIGUEZ , MARIO ",Prep,8/8/25 4:39 PM,8/8/25 9:46 PM,No,5.12,0.00,0.00,5.12
"velasquez, maximilioano",Busser,8/8/25 4:57 PM,8/8/25 9:45 PM,No,4.79,0.00,0.00,4.79
"quiroz, siri",Host,8/8/25 5:03 PM,8/8/25 9:49 PM,No,4.77,0.00,0.00,4.77
"Rodriguez, Rosalinda",Server,8/8/25 5:11 PM,8/8/25 9:46 PM,No,4.59,0.00,0.00,4.59
"Tovar , Gabriel",Shift Leader,8/8/25 9:30 PM,8/8/25 9:55 PM,No,0.42,0.00,0.00,0.42
