Location,Server,Check #,Table,Station,Expediter Level,Fired Date,Fulfilled Date,Fulfillment Time,Fulfilled By
2919 Blanco Rd,AM CASHIER,3,,,1,9/13/25 6:20 AM,9/13/25 6:31 AM,10 minutes and 51 seconds,Cinthia Patlan
2919 Blanco Rd,samantha lopez,2,17,,1,9/13/25 6:11 AM,9/13/25 6:31 AM,19 minutes and 50 seconds,Cinthia Patlan
2919 Blanco Rd,samantha lopez,8,21,,1,9/13/25 6:26 AM,9/13/25 6:34 AM,7 minutes and 36 seconds,Cinthia Patlan
2919 Blanco Rd,AM CASHIER,10,,,1,9/13/25 6:36 AM,9/13/25 7:13 AM,37 minutes and 8 seconds,Cinthia Patlan
2919 Blanco Rd,samantha lopez,13,11,,1,9/13/25 7:10 AM,9/13/25 7:22 AM,11 minutes and 51 seconds,Cinthia Patlan
2919 Blanco Rd,samantha lopez,15,2,,1,9/13/25 7:15 AM,9/13/25 7:22 AM,7 minutes and 13 seconds,Cinthia Patlan
2919 Blanco Rd,AM CASHIER,18,,,1,9/13/25 7:26 AM,9/13/25 7:34 AM,8 minutes and 36 seconds,Cinthia Patlan
2919 Blanco Rd,samantha lopez,21,7,,1,9/13/25 7:43 AM,9/13/25 7:50 AM,7 minutes and 1 second,Cinthia Patlan
2919 Blanco Rd,AM CASHIER,22,,,1,9/13/25 7:45 AM,9/13/25 7:50 AM,5 minutes and 46 seconds,Cinthia Patlan
2919 Blanco Rd,AM CASHIER,20,,,1,9/13/25 7:32 AM,9/13/25 7:50 AM,18 minutes and 23 seconds,Cinthia Patlan
2919 Blanco Rd,AM CASHIER,24,,,1,9/13/25 7:54 AM,9/13/25 8:46 AM,52 minutes and 19 seconds,Cinthia Patlan
2919 Blanco Rd,samantha lopez,29,17,,1,9/13/25 8:05 AM,9/13/25 8:46 AM,40 minutes and 38 seconds,Cinthia Patlan
2919 Blanco Rd,Sami Martinez ,36,,,1,9/13/25 8:22 AM,9/13/25 8:46 AM,24 minutes and 12 seconds,Cinthia Patlan
2919 Blanco Rd,AM CASHIER,41,,,1,9/13/25 8:34 AM,9/13/25 8:50 AM,15 minutes and 28 seconds,Cinthia Patlan
2919 Blanco Rd,AM CASHIER,45,,,1,9/13/25 8:40 AM,9/13/25 8:50 AM,9 minutes and 48 seconds,Cinthia Patlan
2919 Blanco Rd,samantha lopez,52,22,,1,9/13/25 8:47 AM,9/13/25 9:01 AM,13 minutes and 58 seconds,Cinthia Patlan
2919 Blanco Rd,AM CASHIER,53,,,1,9/13/25 8:48 AM,9/13/25 9:01 AM,13 minutes and 11 seconds,Cinthia Patlan
2919 Blanco Rd,AM CASHIER,57,,,1,9/13/25 8:50 AM,9/13/25 9:01 AM,10 minutes and 36 seconds,Cinthia Patlan
2919 Blanco Rd,Cin Cin,59,,,1,9/13/25 8:53 AM,9/13/25 9:01 AM,8 minutes,Cinthia Patlan
2919 Blanco Rd,AM CASHIER,62,,,1,9/13/25 8:56 AM,9/13/25 9:01 AM,4 minutes and 50 seconds,Cinthia Patlan
2919 Blanco Rd,Sami Martinez ,73,7,,1,9/13/25 9:24 AM,9/13/25 9:29 AM,5 minutes and 1 second,Cinthia Patlan
2919 Blanco Rd,Cin Cin,60,,,1,9/13/25 9:02 AM,9/13/25 9:29 AM,26 minutes and 41 seconds,Cinthia Patlan
2919 Blanco Rd,samantha lopez,78,5,,1,9/13/25 9:30 AM,9/13/25 9:49 AM,19 minutes and 1 second,Cinthia Patlan
2919 Blanco Rd,Sami Martinez ,83,17,,1,9/13/25 9:36 AM,9/13/25 9:49 AM,13 minutes and 22 seconds,Cinthia Patlan
2919 Blanco Rd,samantha lopez,85,6,,1,9/13/25 9:36 AM,9/13/25 9:49 AM,13 minutes and 30 seconds,Cinthia Patlan
2919 Blanco Rd,Sami Martinez ,87,3,,1,9/13/25 9:38 AM,9/13/25 9:49 AM,11 minutes and 42 seconds,Cinthia Patlan
2919 Blanco Rd,Sami Martinez ,83,17,,1,9/13/25 9:44 AM,9/13/25 9:49 AM,5 minutes and 39 seconds,Cinthia Patlan
2919 Blanco Rd,samantha lopez,90,2,,1,9/13/25 9:45 AM,9/13/25 9:58 AM,12 minutes and 54 seconds,Cinthia Patlan
2919 Blanco Rd,samantha lopez,94,1,,1,9/13/25 9:49 AM,9/13/25 9:58 AM,9 minutes and 18 seconds,Cinthia Patlan
2919 Blanco Rd,Sami Martinez ,83,17,,1,9/13/25 9:49 AM,9/13/25 9:58 AM,9 minutes and 34 seconds,Cinthia Patlan
2919 Blanco Rd,AM CASHIER,97,,,1,9/13/25 9:50 AM,9/13/25 9:58 AM,8 minutes and 36 seconds,Cinthia Patlan
2919 Blanco Rd,Sami Martinez ,93,20,,1,9/13/25 9:57 AM,9/13/25 10:21 AM,23 minutes and 27 seconds,Cinthia Patlan
2919 Blanco Rd,AM CASHIER,100,,,1,9/13/25 9:56 AM,9/13/25 10:21 AM,24 minutes and 48 seconds,Cinthia Patlan
2919 Blanco Rd,Sami Martinez ,73,7,,1,9/13/25 9:58 AM,9/13/25 10:21 AM,23 minutes and 17 seconds,Cinthia Patlan
2919 Blanco Rd,samantha lopez,112,6,,1,9/13/25 10:08 AM,9/13/25 10:21 AM,12 minutes and 33 seconds,Cinthia Patlan
2919 Blanco Rd,Sami Martinez ,108,5,,1,9/13/25 10:08 AM,9/13/25 10:21 AM,13 minutes and 16 seconds,Cinthia Patlan
2919 Blanco Rd,samantha lopez,112,6,,1,9/13/25 10:12 AM,9/13/25 10:21 AM,8 minutes and 58 seconds,Cinthia Patlan
2919 Blanco Rd,samantha lopez,115,8,,1,9/13/25 10:13 AM,9/13/25 10:21 AM,7 minutes and 43 seconds,Cinthia Patlan
2919 Blanco Rd,Sami Martinez ,93,20,,1,9/13/25 10:15 AM,9/13/25 10:21 AM,6 minutes and 33 seconds,Cinthia Patlan
2919 Blanco Rd,samantha lopez,98,4,,1,9/13/25 9:55 AM,9/13/25 10:21 AM,26 minutes and 7 seconds,Cinthia Patlan
2919 Blanco Rd,samantha lopez,117,15,,1,9/13/25 10:15 AM,9/13/25 10:36 AM,20 minutes and 41 seconds,Cinthia Patlan
2919 Blanco Rd,AM CASHIER,118,,,1,9/13/25 10:16 AM,9/13/25 10:36 AM,19 minutes and 20 seconds,Cinthia Patlan
2919 Blanco Rd,Sami Martinez ,119,25,,1,9/13/25 10:18 AM,9/13/25 10:36 AM,17 minutes and 34 seconds,Cinthia Patlan
2919 Blanco Rd,AM CASHIER,120,,,1,9/13/25 10:19 AM,9/13/25 10:36 AM,17 minutes and 6 seconds,Cinthia Patlan
2919 Blanco Rd,AM CASHIER,123,,,1,9/13/25 10:21 AM,9/13/25 10:38 AM,16 minutes and 18 seconds,Cinthia Patlan
2919 Blanco Rd,Sami Martinez ,93,20,,1,9/13/25 10:22 AM,9/13/25 10:38 AM,15 minutes and 47 seconds,Cinthia Patlan
2919 Blanco Rd,AM CASHIER,124,,,1,9/13/25 10:22 AM,9/13/25 10:38 AM,15 minutes and 47 seconds,Cinthia Patlan
2919 Blanco Rd,samantha lopez,130,10,,1,9/13/25 10:29 AM,9/13/25 10:38 AM,8 minutes and 21 seconds,Cinthia Patlan
2919 Blanco Rd,Martina Ovalle ,127,,,1,9/13/25 10:26 AM,9/13/25 11:01 AM,35 minutes and 13 seconds,Cinthia Patlan
2919 Blanco Rd,samantha lopez,122,22,,1,9/13/25 10:19 AM,9/13/25 11:01 AM,41 minutes and 21 seconds,Cinthia Patlan
2919 Blanco Rd,Sami Martinez ,132,12,,1,9/13/25 10:32 AM,9/13/25 11:01 AM,29 minutes and 15 seconds,Cinthia Patlan
2919 Blanco Rd,samantha lopez,137,2,,1,9/13/25 10:35 AM,9/13/25 11:15 AM,40 minutes and 22 seconds,Cinthia Patlan
2919 Blanco Rd,Sami Martinez ,138,3,,1,9/13/25 10:38 AM,9/13/25 11:15 AM,37 minutes and 21 seconds,Cinthia Patlan
2919 Blanco Rd,samantha lopez,115,8,,1,9/13/25 10:40 AM,9/13/25 11:15 AM,35 minutes and 23 seconds,Cinthia Patlan
2919 Blanco Rd,samantha lopez,115,8,,1,9/13/25 10:40 AM,9/13/25 11:15 AM,35 minutes and 23 seconds,Cinthia Patlan
2919 Blanco Rd,Martina Ovalle ,145,16,,1,9/13/25 10:42 AM,9/13/25 11:15 AM,33 minutes and 10 seconds,Cinthia Patlan
2919 Blanco Rd,Martina Ovalle ,145,16,,1,9/13/25 10:46 AM,9/13/25 11:15 AM,28 minutes and 51 seconds,Cinthia Patlan
2919 Blanco Rd,Martina Ovalle ,145,16,,1,9/13/25 10:46 AM,9/13/25 11:15 AM,28 minutes and 52 seconds,Cinthia Patlan
2919 Blanco Rd,Sami Martinez ,142,17,,1,9/13/25 10:49 AM,9/13/25 11:15 AM,26 minutes and 23 seconds,Cinthia Patlan
2919 Blanco Rd,AM CASHIER,154,,,1,9/13/25 10:54 AM,9/13/25 11:15 AM,21 minutes and 16 seconds,Cinthia Patlan
2919 Blanco Rd,AM CASHIER,151,,,1,9/13/25 10:49 AM,9/13/25 11:15 AM,26 minutes and 13 seconds,Cinthia Patlan
2919 Blanco Rd,Cin Cin,156,,,1,9/13/25 10:55 AM,9/13/25 11:15 AM,20 minutes and 35 seconds,Cinthia Patlan
2919 Blanco Rd,samantha lopez,164,4,,1,9/13/25 11:04 AM,9/13/25 11:17 AM,12 minutes and 41 seconds,Cinthia Patlan
2919 Blanco Rd,samantha lopez,166,7,,1,9/13/25 11:08 AM,9/13/25 11:17 AM,8 minutes and 49 seconds,Cinthia Patlan
2919 Blanco Rd,samantha lopez,161,21,,1,9/13/25 11:00 AM,9/13/25 11:20 AM,20 minutes and 3 seconds,Cinthia Patlan
2919 Blanco Rd,samantha lopez,168,5,,1,9/13/25 11:13 AM,9/13/25 11:32 AM,19 minutes and 52 seconds,Cinthia Patlan
2919 Blanco Rd,Martina Ovalle ,173,15,,1,9/13/25 11:16 AM,9/13/25 11:38 AM,22 minutes and 25 seconds,Cinthia Patlan
2919 Blanco Rd,samantha lopez,171,11,,1,9/13/25 11:13 AM,9/13/25 11:38 AM,24 minutes and 44 seconds,Cinthia Patlan
2919 Blanco Rd,Sami Martinez ,167,6,,1,9/13/25 11:10 AM,9/13/25 11:38 AM,28 minutes and 13 seconds,Cinthia Patlan
2919 Blanco Rd,Sami Martinez ,163,18,,1,9/13/25 11:07 AM,9/13/25 11:38 AM,30 minutes and 46 seconds,Cinthia Patlan
2919 Blanco Rd,Sami Martinez ,163,18,,1,9/13/25 11:07 AM,9/13/25 11:38 AM,30 minutes and 45 seconds,Cinthia Patlan
2919 Blanco Rd,Sami Martinez ,119,25,,1,9/13/25 11:08 AM,9/13/25 11:38 AM,29 minutes and 48 seconds,Cinthia Patlan
2919 Blanco Rd,Sami Martinez ,138,3,,1,9/13/25 11:02 AM,9/13/25 11:39 AM,36 minutes and 18 seconds,Cinthia Patlan
2919 Blanco Rd,Martina Ovalle ,175,1,,1,9/13/25 11:16 AM,9/13/25 11:39 AM,22 minutes and 44 seconds,Cinthia Patlan
2919 Blanco Rd,Sami Martinez ,155,14,,1,9/13/25 10:56 AM,9/13/25 11:39 AM,42 minutes and 20 seconds,Cinthia Patlan
2919 Blanco Rd,AM CASHIER,157,,,1,9/13/25 10:57 AM,9/13/25 11:39 AM,41 minutes and 42 seconds,Cinthia Patlan
2919 Blanco Rd,samantha lopez,161,21,,1,9/13/25 11:22 AM,9/13/25 11:39 AM,17 minutes and 5 seconds,Cinthia Patlan
2919 Blanco Rd,Sami Martinez ,179,13,,1,9/13/25 11:24 AM,9/13/25 11:39 AM,15 minutes and 12 seconds,Cinthia Patlan
2919 Blanco Rd,Martina Ovalle ,170,16,,1,9/13/25 11:29 AM,9/13/25 11:47 AM,18 minutes and 5 seconds,Cinthia Patlan
2919 Blanco Rd,samantha lopez,183,8,,1,9/13/25 11:30 AM,9/13/25 11:47 AM,17 minutes and 13 seconds,Cinthia Patlan
2919 Blanco Rd,Martina Ovalle ,188,17,,1,9/13/25 11:36 AM,9/13/25 11:52 AM,15 minutes and 38 seconds,Cinthia Patlan
2919 Blanco Rd,samantha lopez,187,22,,1,9/13/25 11:38 AM,9/13/25 11:58 AM,20 minutes and 21 seconds,Cinthia Patlan
2919 Blanco Rd,Sami Martinez ,190,2,,1,9/13/25 11:40 AM,9/13/25 12:20 PM,39 minutes and 9 seconds,Cinthia Patlan
2919 Blanco Rd,Martina Ovalle ,173,15,,1,9/13/25 11:50 AM,9/13/25 12:20 PM,29 minutes and 25 seconds,Cinthia Patlan
2919 Blanco Rd,samantha lopez,196,4,,1,9/13/25 11:50 AM,9/13/25 12:20 PM,29 minutes and 11 seconds,Cinthia Patlan
2919 Blanco Rd,AM CASHIER,198,,,1,9/13/25 11:52 AM,9/13/25 12:20 PM,27 minutes and 40 seconds,Cinthia Patlan
2919 Blanco Rd,Cin Cin,203,,,1,9/13/25 11:58 AM,9/13/25 12:20 PM,21 minutes and 39 seconds,Cinthia Patlan
2919 Blanco Rd,Sami Martinez ,190,2,,1,9/13/25 11:53 AM,9/13/25 12:20 PM,26 minutes and 42 seconds,Cinthia Patlan
2919 Blanco Rd,Sami Martinez ,205,5,,1,9/13/25 12:01 PM,9/13/25 12:20 PM,19 minutes and 1 second,Cinthia Patlan
2919 Blanco Rd,Sami Martinez ,190,2,,1,9/13/25 12:07 PM,9/13/25 12:20 PM,12 minutes and 55 seconds,Cinthia Patlan
2919 Blanco Rd,samantha lopez,211,21,,1,9/13/25 12:08 PM,9/13/25 12:25 PM,16 minutes and 30 seconds,Cinthia Patlan
2919 Blanco Rd,samantha lopez,214,3,,1,9/13/25 12:17 PM,9/13/25 12:25 PM,7 minutes and 59 seconds,Cinthia Patlan
2919 Blanco Rd,Sami Martinez ,215,6,,1,9/13/25 12:18 PM,9/13/25 12:35 PM,16 minutes and 41 seconds,Cinthia Patlan
2919 Blanco Rd,Sami Martinez ,218,25,,1,9/13/25 12:21 PM,9/13/25 1:11 PM,50 minutes and 15 seconds,Cinthia Patlan
2919 Blanco Rd,AM CASHIER,219,,,1,9/13/25 12:26 PM,9/13/25 1:11 PM,45 minutes and 1 second,Cinthia Patlan
2919 Blanco Rd,samantha lopez,220,8,,1,9/13/25 12:28 PM,9/13/25 1:11 PM,42 minutes and 20 seconds,Cinthia Patlan
2919 Blanco Rd,Sami Martinez ,226,18,,1,9/13/25 12:44 PM,9/13/25 1:11 PM,27 minutes and 10 seconds,Cinthia Patlan
2919 Blanco Rd,samantha lopez,229,5,,1,9/13/25 12:46 PM,9/13/25 1:11 PM,24 minutes and 47 seconds,Cinthia Patlan
2919 Blanco Rd,samantha lopez,237,3,,1,9/13/25 12:57 PM,9/13/25 1:11 PM,13 minutes and 56 seconds,Cinthia Patlan
2919 Blanco Rd,Sami Martinez ,232,1,,1,9/13/25 12:47 PM,9/13/25 1:11 PM,23 minutes and 24 seconds,Cinthia Patlan
2919 Blanco Rd,AM CASHIER,238,,,1,9/13/25 1:00 PM,9/13/25 1:18 PM,18 minutes and 25 seconds,Cinthia Patlan
2919 Blanco Rd,Sami Martinez ,242,17,,1,9/13/25 1:07 PM,9/13/25 1:18 PM,11 minutes and 22 seconds,Cinthia Patlan
2919 Blanco Rd,AM CASHIER,247,6,,1,9/13/25 1:23 PM,9/13/25 1:57 PM,33 minutes and 56 seconds,Cinthia Patlan
2919 Blanco Rd,AM CASHIER,249,,,1,9/13/25 1:31 PM,9/13/25 1:57 PM,25 minutes and 52 seconds,Cinthia Patlan
2919 Blanco Rd,AM CASHIER,254,2,,1,9/13/25 1:43 PM,9/13/25 1:57 PM,13 minutes and 23 seconds,Cinthia Patlan
2919 Blanco Rd,Cin Cin,259,,,1,9/13/25 1:58 PM,9/13/25 3:29 PM,"1 hour, 30 minutes and 23 seconds",Cinthia Patlan
2919 Blanco Rd,Sami Martinez ,258,20,,1,9/13/25 1:59 PM,9/13/25 3:29 PM,"1 hour, 29 minutes and 53 seconds",Cinthia Patlan
2919 Blanco Rd,AM CASHIER,270,,,1,9/13/25 2:28 PM,9/13/25 3:29 PM,1 hour and 33 seconds,Cinthia Patlan
2919 Blanco Rd,AM CASHIER,271,,,1,9/13/25 2:52 PM,9/13/25 3:29 PM,36 minutes and 46 seconds,Cinthia Patlan
2919 Blanco Rd,Sami Martinez ,277,17,,1,9/13/25 3:09 PM,9/13/25 3:29 PM,19 minutes and 37 seconds,Cinthia Patlan
2919 Blanco Rd,Sami Martinez ,278,19,,1,9/13/25 3:15 PM,9/13/25 3:29 PM,13 minutes and 41 seconds,Cinthia Patlan
2919 Blanco Rd,Sami Martinez ,280,6,,1,9/13/25 3:21 PM,9/13/25 3:34 PM,13 minutes and 15 seconds,Cinthia Patlan
2919 Blanco Rd,Sami Martinez ,281,3,,1,9/13/25 3:23 PM,9/13/25 3:34 PM,10 minutes and 33 seconds,Cinthia Patlan
2919 Blanco Rd,Martina Ovalle ,283,,,1,9/13/25 3:47 PM,9/13/25 4:42 PM,55 minutes and 35 seconds,Cinthia Patlan
2919 Blanco Rd,Sami Martinez ,286,7,,1,9/13/25 3:48 PM,9/13/25 4:42 PM,54 minutes and 42 seconds,Cinthia Patlan
2919 Blanco Rd,Sami Martinez ,282,5,,1,9/13/25 3:25 PM,9/13/25 4:42 PM,"1 hour, 17 minutes and 23 seconds",Cinthia Patlan
2919 Blanco Rd,Martina Ovalle ,298,,,1,9/13/25 4:32 PM,9/13/25 4:42 PM,9 minutes and 48 seconds,Cinthia Patlan
2919 Blanco Rd,Sami Martinez ,300,8,,1,9/13/25 4:35 PM,9/13/25 4:53 PM,17 minutes and 55 seconds,Cinthia Patlan
2919 Blanco Rd,Sami Martinez ,297,5,,1,9/13/25 4:33 PM,9/13/25 4:53 PM,19 minutes and 27 seconds,Cinthia Patlan
2919 Blanco Rd,Sami Martinez ,313,4,,1,9/13/25 5:58 PM,9/13/25 6:54 PM,55 minutes and 47 seconds,Cinthia Patlan
2919 Blanco Rd,AM CASHIER,303,,,1,9/13/25 5:09 PM,9/13/25 6:54 PM,"1 hour, 45 minutes and 14 seconds",Cinthia Patlan
2919 Blanco Rd,AM CASHIER,302,,,1,9/13/25 5:05 PM,9/13/25 6:54 PM,"1 hour, 48 minutes and 51 seconds",Cinthia Patlan
2919 Blanco Rd,Sami Martinez ,313,4,,1,9/13/25 6:37 PM,9/13/25 6:54 PM,17 minutes and 10 seconds,Cinthia Patlan
2919 Blanco Rd,Sami Martinez ,319,7,,1,9/13/25 6:46 PM,9/13/25 6:54 PM,7 minutes and 42 seconds,Cinthia Patlan
2919 Blanco Rd,Sami Martinez ,321,5,,1,9/13/25 6:51 PM,9/13/25 6:54 PM,2 minutes and 30 seconds,Cinthia Patlan
2919 Blanco Rd,Sami Martinez ,320,3,,1,9/13/25 7:07 PM,9/13/25 8:02 PM,54 minutes and 36 seconds,Cinthia Patlan
2919 Blanco Rd,AM CASHIER,322,,,1,9/13/25 6:53 PM,9/13/25 8:02 PM,"1 hour, 8 minutes and 21 seconds",Cinthia Patlan
2919 Blanco Rd,AM CASHIER,324,,,1,9/13/25 7:21 PM,9/13/25 8:02 PM,40 minutes and 57 seconds,Cinthia Patlan
2919 Blanco Rd,Sami Martinez ,320,3,,1,9/13/25 6:49 PM,9/13/25 8:02 PM,"1 hour, 13 minutes and 14 seconds",Cinthia Patlan
2919 Blanco Rd,AM CASHIER,326,,,1,9/13/25 7:24 PM,9/13/25 8:02 PM,38 minutes and 6 seconds,Cinthia Patlan
2919 Blanco Rd,Sami Martinez ,320,3,,1,9/13/25 7:24 PM,9/13/25 8:02 PM,37 minutes and 19 seconds,Cinthia Patlan
2919 Blanco Rd,AM CASHIER,325,,,1,9/13/25 7:22 PM,9/13/25 8:02 PM,40 minutes and 9 seconds,Cinthia Patlan
