Order #,Opened Date,Void Date,Server,Approver,Item Name,Reason,Item Quantity,Total Price
165,9/18/25 10:13 AM,9/18/25 10:16 AM,Daniela Torres,Mayra Luna,Tripa Taco,Customer Changed Mind,2.0,9.98
166,9/18/25 10:16 AM,9/18/25 11:18 AM,Maria Majana,Rosie  ORDONEZ,Country & Gravy Taco,Server Error,1.0,2.99
186,9/18/25 10:54 AM,9/18/25 2:46 PM,Daniela Torres,Mayra Luna,Crispy Chich w/Egg,Customer Changed Mind,1.0,4.99
222,9/18/25 11:37 AM,9/18/25 11:37 AM,Daniela Torres,Mayra Luna,Taza Sandra's,Customer Changed Mind,1.0,7.99
254,9/18/25 12:21 PM,9/18/25 2:07 PM,Isabel Cisneros,Mayra Luna,Budweiser,Customer Changed Mind,1.0,2.99
254,9/18/25 12:21 PM,9/18/25 2:07 PM,Isabel Cisneros,Mayra Luna,Budweiser,Customer Changed Mind,1.0,2.99
281,9/18/25 12:55 PM,9/18/25 1:01 PM,Ivana Abundiz,Mayra Luna,Picadillo Taco,Customer Changed Mind,1.0,3.49
281,9/18/25 12:55 PM,9/18/25 1:01 PM,Ivana Abundiz,Mayra Luna,Bean and cheese,Customer Changed Mind,1.0,1.79
281,9/18/25 12:55 PM,9/18/25 1:01 PM,Ivana Abundiz,Mayra Luna,Unsweet Tea,Customer Changed Mind,1.0,3.45
281,9/18/25 12:55 PM,9/18/25 1:01 PM,Ivana Abundiz,Mayra Luna,Nachos Supreme,Customer Changed Mind,1.0,15.99
322,9/18/25 2:56 PM,9/18/25 9:49 PM,Juan  Camacho,Mayra Luna,Steak Ala Mex,Customer Changed Mind,1.0,15.99
