Check #,Table,Payment Type,Server,Cashier,Tip,Amount,Cash Drawer,Date,Opened Date
2,,CREDIT,Sugey,Sugey,0.00,21.34,,9/5/25 6:32 AM,9/5/25 6:30 AM
3,,CREDIT,Melissa ,Melissa ,0.00,6.47,,9/5/25 6:50 AM,9/5/25 6:48 AM
4,,CASH,Melissa ,Melissa ,0.00,12.94,DRIVE THRU 1,9/5/25 6:53 AM,9/5/25 6:52 AM
6,,CREDIT,Melissa ,Melissa ,0.00,10.99,,9/5/25 6:59 AM,9/5/25 6:54 AM
7,,CREDIT,Melissa ,Melissa ,0.00,17.69,,9/5/25 7:01 AM,9/5/25 6:56 AM
8,,CREDIT,Melissa ,Melissa ,0.00,9.49,,9/5/25 7:03 AM,9/5/25 6:58 AM
9,,CREDIT,Melissa ,Melissa ,0.00,2.48,,9/5/25 7:04 AM,9/5/25 7:02 AM
5,,CREDIT,Melissa ,Melissa ,0.00,6.48,,9/5/25 7:05 AM,9/5/25 6:53 AM
11,,CREDIT,Melissa ,Melissa ,1.00,11.06,,9/5/25 7:14 AM,9/5/25 7:13 AM
12,,CREDIT,Melissa ,Melissa ,0.00,13.38,,9/5/25 7:17 AM,9/5/25 7:14 AM
13,,CASH,Melissa ,Melissa ,0.00,9.18,DRIVE THRU 1,9/5/25 7:20 AM,9/5/25 7:17 AM
14,,CASH,Melissa ,Melissa ,0.00,11.97,DRIVE THRU 1,9/5/25 7:21 AM,9/5/25 7:19 AM
16,,CREDIT,Melissa ,Melissa ,0.00,9.50,,9/5/25 7:28 AM,9/5/25 7:26 AM
17,,CREDIT,Melissa ,Melissa ,0.00,11.88,,9/5/25 7:31 AM,9/5/25 7:28 AM
19,,CREDIT,Melissa ,Melissa ,1.81,12.19,,9/5/25 7:32 AM,9/5/25 7:28 AM
21,,CREDIT,Melissa ,Melissa ,0.00,9.16,,9/5/25 7:37 AM,9/5/25 7:35 AM
22,,CREDIT,Melissa ,Melissa ,1.19,8.62,,9/5/25 7:40 AM,9/5/25 7:35 AM
20,,CREDIT,Melissa ,Melissa ,3.00,9.06,,9/5/25 7:41 AM,9/5/25 7:37 AM
1,,CASH,Sugey,Sugey,0.00,5.81,,9/5/25 7:41 AM,9/5/25 6:29 AM
18,23,CREDIT,Sugey,Sugey,0.00,6.15,,9/5/25 7:42 AM,9/5/25 7:27 AM
26,,CREDIT,Melissa ,Melissa ,1.76,3.24,,9/5/25 7:45 AM,9/5/25 7:43 AM
27,,CREDIT,Melissa ,Melissa ,0.00,11.55,,9/5/25 7:47 AM,9/5/25 7:43 AM
15,,CREDIT,Sugey,Melissa ,0.00,10.84,,9/5/25 7:50 AM,9/5/25 7:25 AM
28,,CASH,Melissa ,Melissa ,0.00,12.63,DRIVE THRU 1,9/5/25 7:53 AM,9/5/25 7:47 AM
32,,CASH,Melissa ,Melissa ,0.00,7.87,DRIVE THRU 1,9/5/25 7:54 AM,9/5/25 7:51 AM
33,,CREDIT,Melissa ,Melissa ,0.00,8.20,,9/5/25 7:55 AM,9/5/25 7:51 AM
34,,CREDIT,Melissa ,Melissa ,0.00,9.73,,9/5/25 7:56 AM,9/5/25 7:53 AM
35,,CREDIT,Melissa ,Melissa ,5.00,7.88,,9/5/25 7:57 AM,9/5/25 7:55 AM
23,25,CREDIT,Lizbeth,Zoila,4.00,22.14,,9/5/25 8:05 AM,9/5/25 7:38 AM
36,3,CREDIT,Sugey,Sugey,0.00,8.41,,9/5/25 8:07 AM,9/5/25 8:03 AM
37,3,CREDIT,Sugey,Sugey,0.00,8.63,,9/5/25 8:08 AM,9/5/25 8:03 AM
25,3,CREDIT,Sugey,Sugey,0.00,18.85,,9/5/25 8:09 AM,9/5/25 7:38 AM
40,,CASH,Melissa ,Melissa ,0.00,4.09,DRIVE THRU 1,9/5/25 8:10 AM,9/5/25 8:09 AM
41,,CASH,Melissa ,Melissa ,0.00,4.64,DRIVE THRU 1,9/5/25 8:14 AM,9/5/25 8:14 AM
43,,CREDIT,Melissa ,Melissa ,0.00,6.25,,9/5/25 8:17 AM,9/5/25 8:15 AM
44,,CREDIT,Melissa ,Melissa ,0.00,5.81,,9/5/25 8:18 AM,9/5/25 8:17 AM
45,,CREDIT,Melissa ,Melissa ,2.00,7.99,,9/5/25 8:20 AM,9/5/25 8:20 AM
29,16,CREDIT,Lizbeth,Lizbeth,5.00,8.30,,9/5/25 8:20 AM,9/5/25 7:50 AM
38,23,CREDIT,Lizbeth,Lizbeth,5.00,30.68,,9/5/25 8:26 AM,9/5/25 8:06 AM
47,,CREDIT,Melissa ,Melissa ,0.00,14.89,,9/5/25 8:26 AM,9/5/25 8:25 AM
48,,CREDIT,Melissa ,Melissa ,0.00,26.25,,9/5/25 8:28 AM,9/5/25 8:26 AM
49,,CREDIT,Melissa ,Melissa ,0.00,4.31,,9/5/25 8:31 AM,9/5/25 8:30 AM
50,,CASH,Melissa ,Melissa ,0.00,4.42,DRIVE THRU 1,9/5/25 8:33 AM,9/5/25 8:31 AM
52,,CREDIT,Sugey,Sugey,2.00,11.88,,9/5/25 8:35 AM,9/5/25 8:35 AM
53,,CREDIT,Melissa ,Melissa ,0.00,12.41,,9/5/25 8:37 AM,9/5/25 8:36 AM
54,,CREDIT,Melissa ,Melissa ,0.00,7.75,,9/5/25 8:38 AM,9/5/25 8:38 AM
55,,CASH,Melissa ,Melissa ,0.00,6.47,DRIVE THRU 1,9/5/25 8:41 AM,9/5/25 8:40 AM
56,,CREDIT,Melissa ,Melissa ,0.00,8.20,,9/5/25 8:42 AM,9/5/25 8:40 AM
58,,CASH,Melissa ,Melissa ,0.00,4.63,DRIVE THRU 1,9/5/25 8:44 AM,9/5/25 8:42 AM
59,,CREDIT,Melissa ,Melissa ,0.00,4.63,,9/5/25 8:49 AM,9/5/25 8:49 AM
61,,CREDIT,Melissa ,Melissa ,0.00,3.24,,9/5/25 8:56 AM,9/5/25 8:56 AM
63,,CREDIT,Melissa ,Melissa ,3.00,7.23,,9/5/25 8:58 AM,9/5/25 8:58 AM
51,8,CREDIT,Leticia,Leticia,4.00,15.11,,9/5/25 9:00 AM,9/5/25 8:35 AM
64,,CREDIT,Melissa ,Melissa ,0.00,11.75,,9/5/25 9:01 AM,9/5/25 9:00 AM
67,,CREDIT,Melissa ,Melissa ,0.00,23.18,,9/5/25 9:06 AM,9/5/25 9:05 AM
69,,CREDIT,Melissa ,Melissa ,0.00,21.28,,9/5/25 9:08 AM,9/5/25 9:06 AM
74,,CREDIT,Melissa ,Melissa ,0.00,12.63,,9/5/25 9:12 AM,9/5/25 9:11 AM
57,2,CREDIT,Adrian,Adrian,0.00,37.16,,9/5/25 9:18 AM,9/5/25 8:43 AM
76,,CASH,Melissa ,Melissa ,0.00,11.21,DRIVE THRU 1,9/5/25 9:21 AM,9/5/25 9:21 AM
78,,CASH,Melissa ,Melissa ,0.00,13.81,DRIVE THRU 1,9/5/25 9:23 AM,9/5/25 9:21 AM
60,18,CREDIT,Sugey,Sugey,10.00,22.09,,9/5/25 9:23 AM,9/5/25 8:54 AM
62,4,CREDIT,Lizbeth,Lizbeth,0.00,13.26,,9/5/25 9:25 AM,9/5/25 8:59 AM
73,1,CREDIT,Lizbeth,Lizbeth,3.00,17.80,,9/5/25 9:26 AM,9/5/25 9:12 AM
79,,CREDIT,Melissa ,Melissa ,2.30,16.63,,9/5/25 9:28 AM,9/5/25 9:23 AM
68,,CREDIT,Leticia,Leticia,0.00,7.66,,9/5/25 9:28 AM,9/5/25 9:06 AM
71,,CREDIT,Leticia,Melissa ,0.00,23.18,,9/5/25 9:29 AM,9/5/25 9:11 AM
81,,CASH,Melissa ,Melissa ,0.00,10.77,DRIVE THRU 1,9/5/25 9:31 AM,9/5/25 9:29 AM
70,31,CASH,Leticia,Leticia,0.00,21.61,,9/5/25 9:40 AM,9/5/25 9:09 AM
86,,CREDIT,Melissa ,Melissa ,0.00,4.96,,9/5/25 9:41 AM,9/5/25 9:41 AM
87,,CASH,Melissa ,Melissa ,0.00,7.23,DRIVE THRU 1,9/5/25 9:44 AM,9/5/25 9:42 AM
65,3,CASH,Sugey,Sugey,0.00,24.29,,9/5/25 9:46 AM,9/5/25 9:07 AM
88,,CREDIT,Melissa ,Melissa ,0.00,14.13,,9/5/25 9:46 AM,9/5/25 9:43 AM
89,,CREDIT,Melissa ,Melissa ,0.00,2.69,,9/5/25 9:50 AM,9/5/25 9:46 AM
90,,CASH,Melissa ,Melissa ,0.00,12.93,DRIVE THRU 1,9/5/25 9:53 AM,9/5/25 9:52 AM
91,,CASH,Melissa ,Melissa ,0.00,3.78,DRIVE THRU 1,9/5/25 9:54 AM,9/5/25 9:54 AM
82,23,CREDIT,Lizbeth,Lizbeth,10.00,28.09,,9/5/25 9:57 AM,9/5/25 9:37 AM
93,,CREDIT,Melissa ,Melissa ,0.00,12.40,,9/5/25 9:58 AM,9/5/25 9:55 AM
95,,CREDIT,Melissa ,Melissa ,3.00,19.65,,9/5/25 10:03 AM,9/5/25 10:02 AM
96,,CASH,Melissa ,Melissa ,0.00,7.34,DRIVE THRU 1,9/5/25 10:05 AM,9/5/25 10:03 AM
80,21,CREDIT,Adrian,Adrian,5.00,19.56,,9/5/25 10:05 AM,9/5/25 9:26 AM
83,12,CREDIT,Adrian,Adrian,0.00,22.78,,9/5/25 10:07 AM,9/5/25 9:38 AM
97,,CREDIT,Melissa ,Melissa ,2.00,4.85,,9/5/25 10:08 AM,9/5/25 10:04 AM
84,4,CASH,Sugey,Sugey,0.00,26.25,,9/5/25 10:10 AM,9/5/25 9:39 AM
75,14,CREDIT,Sugey,Sugey,2.00,24.20,,9/5/25 10:10 AM,9/5/25 9:14 AM
98,,CREDIT,Melissa ,Melissa ,2.00,7.87,,9/5/25 10:12 AM,9/5/25 10:05 AM
77,7,CREDIT,Leticia,Leticia,0.00,103.39,,9/5/25 10:14 AM,9/5/25 9:21 AM
94,,CREDIT,Sugey,Melissa ,0.00,36.53,,9/5/25 10:14 AM,9/5/25 9:58 AM
103,,CREDIT,Melissa ,Melissa ,2.00,4.96,,9/5/25 10:16 AM,9/5/25 10:11 AM
104,,CREDIT,Melissa ,Melissa ,0.00,13.37,,9/5/25 10:17 AM,9/5/25 10:13 AM
105,,CREDIT,Melissa ,Melissa ,0.00,23.61,,9/5/25 10:19 AM,9/5/25 10:15 AM
99,,CREDIT,Carlos,Carlos,0.00,25.38,,9/5/25 10:19 AM,9/5/25 10:06 AM
106,,CREDIT,Melissa ,Melissa ,2.00,36.02,,9/5/25 10:22 AM,9/5/25 10:19 AM
102,,CREDIT,Sugey,Carlos,2.00,34.12,,9/5/25 10:25 AM,9/5/25 10:12 AM
109,,CREDIT,Melissa ,Melissa ,0.00,6.04,,9/5/25 10:26 AM,9/5/25 10:26 AM
110,,CASH,Melissa ,Melissa ,0.00,13.27,DRIVE THRU 1,9/5/25 10:28 AM,9/5/25 10:27 AM
66,15,CREDIT,Adrian,Adrian,6.00,26.42,,9/5/25 10:30 AM,9/5/25 9:05 AM
113,,CASH,Lizbeth,Carlos,0.00,22.12,Host Drawer,9/5/25 10:33 AM,9/5/25 10:33 AM
112,,CREDIT,Melissa ,Melissa ,0.00,15.34,,9/5/25 10:34 AM,9/5/25 10:30 AM
115,,CASH,Sugey,Sugey,0.00,9.69,,9/5/25 10:38 AM,9/5/25 10:37 AM
116,,CREDIT,Melissa ,Melissa ,0.00,21.70,,9/5/25 10:38 AM,9/5/25 10:37 AM
111,,CREDIT,Leticia,Melissa ,2.00,30.36,,9/5/25 10:39 AM,9/5/25 10:32 AM
118,,CASH,Sugey,Sugey,0.00,4.31,,9/5/25 10:39 AM,9/5/25 10:39 AM
92,2,CREDIT,Leticia,,5.69,30.80,,9/5/25 10:40 AM,9/5/25 9:54 AM
101,16,CREDIT,Lizbeth,,8.00,28.08,,9/5/25 10:42 AM,9/5/25 10:07 AM
119,,CASH,Melissa ,Melissa ,0.00,4.96,DRIVE THRU 1,9/5/25 10:43 AM,9/5/25 10:42 AM
120,,CASH,Melissa ,Melissa ,0.00,6.47,DRIVE THRU 1,9/5/25 10:49 AM,9/5/25 10:42 AM
126,,CREDIT,Leticia,Leticia,3.00,14.45,,9/5/25 10:50 AM,9/5/25 10:50 AM
121,,CREDIT,Melissa ,Melissa ,0.00,20.31,,9/5/25 10:50 AM,9/5/25 10:44 AM
100,28,CASH,Sugey,Sugey,0.00,37.31,,9/5/25 10:50 AM,9/5/25 10:07 AM
125,,CASH,Melissa ,Melissa ,0.00,7.44,DRIVE THRU 1,9/5/25 10:52 AM,9/5/25 10:49 AM
127,,CREDIT,Melissa ,Melissa ,0.00,11.45,,9/5/25 10:53 AM,9/5/25 10:51 AM
129,,CASH,Leticia,Leticia,0.00,18.24,,9/5/25 10:53 AM,9/5/25 10:53 AM
107,34,CREDIT,Leticia,Leticia,3.00,10.81,,9/5/25 10:56 AM,9/5/25 10:21 AM
130,,CREDIT,Melissa ,Melissa ,0.00,5.18,,9/5/25 10:59 AM,9/5/25 10:52 AM
132,,CREDIT,Melissa ,Melissa ,0.00,22.90,,9/5/25 11:01 AM,9/5/25 10:55 AM
124,,CREDIT,Carlos,Gabriel,0.00,23.12,,9/5/25 11:04 AM,9/5/25 10:48 AM
137,,CREDIT,Gabriel,Gabriel,0.00,3.78,,9/5/25 11:06 AM,9/5/25 11:05 AM
133,,CREDIT,Melissa ,Melissa ,0.00,23.48,,9/5/25 11:06 AM,9/5/25 10:59 AM
108,29,CREDIT,Adrian,Adrian,4.00,23.67,,9/5/25 11:08 AM,9/5/25 10:29 AM
134,,CASH,Melissa ,Melissa ,0.00,32.41,DRIVE THRU 1,9/5/25 11:11 AM,9/5/25 11:00 AM
139,,CREDIT,Gabriel,Gabriel,0.00,4.32,,9/5/25 11:11 AM,9/5/25 11:11 AM
138,,CREDIT,Melissa ,Melissa ,0.00,7.23,,9/5/25 11:12 AM,9/5/25 11:11 AM
46,,CASH,Melissa ,Melissa ,0.00,8.95,DRIVE THRU 1,9/5/25 11:14 AM,9/5/25 8:21 AM
140,,CASH,Melissa ,Melissa ,0.00,11.98,DRIVE THRU 1,9/5/25 11:16 AM,9/5/25 11:12 AM
136,23,CREDIT,Leticia,Leticia,3.00,10.46,,9/5/25 11:19 AM,9/5/25 11:05 AM
143,,CASH,Melissa ,Melissa ,0.00,15.86,DRIVE THRU 1,9/5/25 11:19 AM,9/5/25 11:15 AM
114,3,CREDIT,Sugey,Sugey,5.00,33.93,,9/5/25 11:27 AM,9/5/25 10:33 AM
141,,CREDIT,Gabriel,Melissa ,3.00,20.93,,9/5/25 11:27 AM,9/5/25 11:13 AM
122,4,CREDIT,Leticia,Leticia,0.00,29.18,,9/5/25 11:29 AM,9/5/25 10:52 AM
146,,CREDIT,Melissa ,Melissa ,0.00,12.53,,9/5/25 11:29 AM,9/5/25 11:23 AM
128,14,CREDIT,Sugey,Sugey,5.00,26.91,,9/5/25 11:29 AM,9/5/25 10:53 AM
147,,CREDIT,Melissa ,Melissa ,3.00,32.51,,9/5/25 11:30 AM,9/5/25 11:24 AM
148,,CREDIT,Melissa ,Melissa ,0.00,25.94,,9/5/25 11:32 AM,9/5/25 11:26 AM
135,16,CREDIT,Lizbeth,Lizbeth,3.00,26.11,,9/5/25 11:33 AM,9/5/25 11:05 AM
151,,CREDIT,Melissa ,Melissa ,0.00,17.83,,9/5/25 11:37 AM,9/5/25 11:36 AM
142,15,CREDIT,Adrian,Adrian,3.00,15.87,,9/5/25 11:39 AM,9/5/25 11:15 AM
153,,CREDIT,Melissa ,Melissa ,0.00,11.55,,9/5/25 11:42 AM,9/5/25 11:37 AM
155,,CREDIT,Melissa ,Melissa ,0.00,1.94,,9/5/25 11:43 AM,9/5/25 11:43 AM
154,,CASH,Melissa ,Melissa ,0.00,19.78,DRIVE THRU 1,9/5/25 11:46 AM,9/5/25 11:42 AM
156,,CREDIT,Melissa ,Melissa ,2.00,24.17,,9/5/25 11:49 AM,9/5/25 11:45 AM
157,,CREDIT,Melissa ,Melissa ,0.00,9.17,,9/5/25 11:53 AM,9/5/25 11:48 AM
123,5,CREDIT,Lizbeth,Lizbeth,10.00,70.56,,9/5/25 11:53 AM,9/5/25 10:49 AM
145,18,CREDIT,Lizbeth,,6.88,37.21,,9/5/25 11:56 AM,9/5/25 11:24 AM
160,,CREDIT,Leticia,Leticia,0.00,7.75,,9/5/25 11:56 AM,9/5/25 11:56 AM
150,26,CREDIT,Leticia,Leticia,4.00,17.24,,9/5/25 11:57 AM,9/5/25 11:36 AM
152,35,CREDIT,Adrian,Adrian,8.00,35.88,,9/5/25 11:59 AM,9/5/25 11:36 AM
161,,CREDIT,Melissa ,Melissa ,2.00,29.63,,9/5/25 12:06 PM,9/5/25 12:04 PM
166,,CREDIT,Melissa ,Melissa ,0.00,9.27,,9/5/25 12:14 PM,9/5/25 12:12 PM
167,,CREDIT,Melissa ,Melissa ,3.00,13.93,,9/5/25 12:17 PM,9/5/25 12:16 PM
168,,CASH,Melissa ,Melissa ,0.00,7.02,DRIVE THRU 1,9/5/25 12:19 PM,9/5/25 12:18 PM
159,21,CREDIT,Sugey,Gabriel,0.00,34.03,,9/5/25 12:21 PM,9/5/25 11:54 AM
131,1,CASH,Adrian,Adrian,0.00,35.00,,9/5/25 12:22 PM,9/5/25 10:54 AM
172,,CREDIT,Melissa ,Melissa ,1.00,3.02,,9/5/25 12:22 PM,9/5/25 12:22 PM
173,,CREDIT,Melissa ,Melissa ,0.00,16.22,,9/5/25 12:25 PM,9/5/25 12:25 PM
177,,CASH,Melissa ,Melissa ,0.00,4.86,DRIVE THRU 1,9/5/25 12:28 PM,9/5/25 12:25 PM
178,,CREDIT,Melissa ,Melissa ,0.00,17.28,,9/5/25 12:31 PM,9/5/25 12:27 PM
170,20,CASH,Lizbeth,Lizbeth,0.00,6.80,,9/5/25 12:33 PM,9/5/25 12:21 PM
164,26,CREDIT,Sugey,Sugey,0.00,10.81,,9/5/25 12:33 PM,9/5/25 12:05 PM
149,12,CREDIT,Sugey,Sugey,10.00,52.98,,9/5/25 12:35 PM,9/5/25 11:26 AM
165,3,CREDIT,Lizbeth,Lizbeth,7.00,38.03,,9/5/25 12:38 PM,9/5/25 12:08 PM
182,,CREDIT,Melissa ,Melissa ,0.00,13.48,,9/5/25 12:40 PM,9/5/25 12:38 PM
162,7,CREDIT,Leticia,Gabriel,7.00,37.51,,9/5/25 12:40 PM,9/5/25 12:03 PM
163,2,CREDIT,Adrian,Adrian,6.65,47.97,,9/5/25 12:42 PM,9/5/25 12:05 PM
175,,CASH,Gabriel,Gabriel,0.00,15.14,,9/5/25 12:44 PM,9/5/25 12:25 PM
184,,CREDIT,Melissa ,Melissa ,0.00,26.68,,9/5/25 12:48 PM,9/5/25 12:45 PM
187,,CREDIT,Leticia,Leticia,0.00,5.40,,9/5/25 12:48 PM,9/5/25 12:48 PM
169,23,CREDIT,Leticia,Leticia,2.00,9.18,,9/5/25 12:49 PM,9/5/25 12:19 PM
186,,CREDIT,Melissa ,Melissa ,20.00,18.01,,9/5/25 12:51 PM,9/5/25 12:48 PM
179,8,CREDIT,Adrian,Adrian,6.00,36.83,,9/5/25 12:55 PM,9/5/25 12:30 PM
174,25,CREDIT,Adrian,Adrian,4.00,28.64,,9/5/25 12:57 PM,9/5/25 12:23 PM
171,34,CREDIT,Lizbeth,Lizbeth,5.00,42.72,,9/5/25 12:57 PM,9/5/25 12:23 PM
188,,CREDIT,Melissa ,Melissa ,0.00,4.32,,9/5/25 1:02 PM,9/5/25 12:58 PM
190,,CASH,Melissa ,Melissa ,0.00,14.45,DRIVE THRU 1,9/5/25 1:03 PM,9/5/25 1:02 PM
176,1,CREDIT,Leticia,Leticia,10.00,47.95,,9/5/25 1:05 PM,9/5/25 12:25 PM
180,27,CREDIT,Sugey,Sugey,10.00,47.35,,9/5/25 1:05 PM,9/5/25 12:31 PM
193,,CREDIT,Melissa ,Melissa ,0.00,6.69,,9/5/25 1:14 PM,9/5/25 1:14 PM
194,,CREDIT,Melissa ,Melissa ,1.00,7.12,,9/5/25 1:18 PM,9/5/25 1:15 PM
196,,CREDIT,Melissa ,Melissa ,4.00,36.01,,9/5/25 1:20 PM,9/5/25 1:17 PM
185,16,CREDIT,Lizbeth,Lizbeth,10.00,41.30,,9/5/25 1:20 PM,9/5/25 12:48 PM
198,,CREDIT,Melissa ,Melissa ,1.00,11.90,,9/5/25 1:23 PM,9/5/25 1:23 PM
181,31,CREDIT,Sugey,Sugey,0.00,42.40,,9/5/25 1:25 PM,9/5/25 12:37 PM
199,,CASH,Melissa ,Melissa ,0.00,14.79,DRIVE THRU 1,9/5/25 1:32 PM,9/5/25 1:24 PM
189,5,CREDIT,Leticia,,4.88,26.40,,9/5/25 1:42 PM,9/5/25 1:02 PM
200,,CREDIT,Melissa ,Melissa ,1.00,4.86,,9/5/25 1:43 PM,9/5/25 1:43 PM
197,8,CREDIT,Sugey,,10.13,49.84,,9/5/25 1:53 PM,9/5/25 1:20 PM
202,1,CREDIT,Gabriel,Gabriel,0.00,5.83,,9/5/25 1:54 PM,9/5/25 1:52 PM
203,,CASH,Melissa ,Melissa ,0.00,9.72,DRIVE THRU 1,9/5/25 1:54 PM,9/5/25 1:54 PM
204,,CASH,Melissa ,Melissa ,0.00,18.49,DRIVE THRU 1,9/5/25 2:00 PM,9/5/25 1:59 PM
,,CASH_COLLECTED,Sugey,Sugey,0.00,107.66*,House,9/5/25 2:03 PM,9/5/25 2:03 PM
,,TIP_OUT,Sugey,Sugey,-56.13,0.00,House,9/5/25 2:03 PM,9/5/25 2:03 PM
206,,CASH,Melissa ,Melissa ,0.00,23.55,DRIVE THRU 1,9/5/25 2:04 PM,9/5/25 2:01 PM
,,CASH_COLLECTED,Gabriel,Gabriel,0.00,15.14*,House,9/5/25 2:06 PM,9/5/25 2:06 PM
,,TIP_OUT,Gabriel,Gabriel,-3.00,0.00,House,9/5/25 2:06 PM,9/5/25 2:06 PM
,,CASH_COLLECTED,Leticia,Leticia,0.00,39.85*,House,9/5/25 2:09 PM,9/5/25 2:09 PM
,,TIP_OUT,Leticia,Leticia,-48.57,0.00,House,9/5/25 2:09 PM,9/5/25 2:09 PM
207,,CREDIT,Melissa ,Melissa ,1.00,20.88,,9/5/25 2:10 PM,9/5/25 2:03 PM
208,,CREDIT,Melissa ,Melissa ,1.00,8.40,,9/5/25 2:11 PM,9/5/25 2:09 PM
205,16,CREDIT,Lizbeth,,5.75,31.10,,9/5/25 2:15 PM,9/5/25 1:59 PM
,,CASH_COLLECTED,Lizbeth,Lizbeth,0.00,6.80*,House,9/5/25 2:18 PM,9/5/25 2:18 PM
,,TIP_OUT,Lizbeth,Lizbeth,-82.63,0.00,House,9/5/25 2:18 PM,9/5/25 2:18 PM
,,TIP_OUT,Melissa ,Melissa ,-72.06,0.00,House,9/5/25 2:19 PM,9/5/25 2:19 PM
209,,CREDIT,Mario,Mario,0.00,15.08,,9/5/25 2:20 PM,9/5/25 2:19 PM
,,PAY_OUT,Candy,,0.00,-4.51,House,9/5/25 2:27 PM,9/5/25 2:27 PM
191,17,CASH,Adrian,Adrian,0.00,30.02,,9/5/25 2:34 PM,9/5/25 1:05 PM
,,CASH_COLLECTED,Adrian,Adrian,0.00,65.02*,House,9/5/25 2:34 PM,9/5/25 2:34 PM
,,TIP_OUT,Adrian,Adrian,-42.65,0.00,House,9/5/25 2:34 PM,9/5/25 2:34 PM
210,,CASH,Mario,Mario,0.00,12.96,DRIVE THRU 1,9/5/25 2:55 PM,9/5/25 2:55 PM
212,,CREDIT,Mario,Mario,0.00,9.06,,9/5/25 3:01 PM,9/5/25 2:57 PM
213,,CASH,Mario,Mario,0.00,4.32,DRIVE THRU 1,9/5/25 3:09 PM,9/5/25 3:09 PM
216,,CREDIT,Mario,Mario,0.61,2.71,,9/5/25 3:24 PM,9/5/25 3:23 PM
214,,CREDIT,Mario,Mario,3.00,32.00,,9/5/25 3:28 PM,9/5/25 3:07 PM
218,26,CREDIT,Adrian,,6.25,33.85,,9/5/25 3:51 PM,9/5/25 3:31 PM
220,,CREDIT,Lisa,Lisa,5.00,47.59,,9/5/25 3:53 PM,9/5/25 3:53 PM
221,,CREDIT,Mario,Mario,4.40,31.75,,9/5/25 3:58 PM,9/5/25 3:55 PM
222,,CREDIT,Mario,Mario,0.00,7.34,,9/5/25 4:01 PM,9/5/25 4:00 PM
223,,CREDIT,Mario,Mario,0.00,20.00,,9/5/25 4:05 PM,9/5/25 4:00 PM
219,16,CREDIT,Emanuel,Gabriel,8.00,21.77,,9/5/25 4:24 PM,9/5/25 3:52 PM
225,1,CREDIT,Lisa,Lisa,12.00,42.39,,9/5/25 4:35 PM,9/5/25 4:07 PM
227,12,CREDIT,Lisa,Lisa,6.00,25.81,,9/5/25 4:37 PM,9/5/25 4:16 PM
224,7,CREDIT,Emanuel,Emanuel,10.00,43.26,,9/5/25 4:45 PM,9/5/25 4:11 PM
233,,CREDIT,Mario,Mario,6.39,34.61,,9/5/25 4:46 PM,9/5/25 4:44 PM
230,35,CREDIT,Adrian,Adrian,10.00,44.93,,9/5/25 4:57 PM,9/5/25 4:25 PM
232,18,CREDIT,Emanuel,Emanuel,15.00,60.35,,9/5/25 5:08 PM,9/5/25 4:29 PM
237,,CREDIT,Mario,Mario,8.95,48.46,,9/5/25 5:13 PM,9/5/25 5:12 PM
226,2,CREDIT,Adrian,Adrian,6.00,26.71,,9/5/25 5:24 PM,9/5/25 4:13 PM
243,,CASH,Emanuel,Emanuel,0.00,15.55,,9/5/25 5:36 PM,9/5/25 5:35 PM
245,,CREDIT,Mario,Mario,0.00,29.18,,9/5/25 5:38 PM,9/5/25 5:35 PM
234,26,CREDIT,Lisa,Lisa,10.00,44.22,,9/5/25 5:41 PM,9/5/25 4:51 PM
240,31,CREDIT,Adrian,Adrian,4.00,25.05,,9/5/25 5:48 PM,9/5/25 5:24 PM
241,,CREDIT,Mario,Mario,1.80,12.98,,9/5/25 5:53 PM,9/5/25 5:53 PM
242,14,CREDIT,Emanuel,,10.00,39.47,,9/5/25 6:05 PM,9/5/25 5:29 PM
249,,CREDIT,Mario,Mario,0.00,42.80,,9/5/25 6:06 PM,9/5/25 6:05 PM
256,,CREDIT,Candy,Candy,3.00,53.08,,9/5/25 6:07 PM,9/5/25 6:07 PM
247,22,CREDIT,Emanuel,Candy,5.00,23.80,,9/5/25 6:08 PM,9/5/25 5:43 PM
246,34,CREDIT,Adrian,Adrian,6.00,39.79,,9/5/25 6:15 PM,9/5/25 5:37 PM
244,1,CREDIT,Lisa,Lisa,8.00,53.08,,9/5/25 6:22 PM,9/5/25 5:35 PM
254,,CREDIT,Candy,Candy,0.00,41.67,,9/5/25 6:23 PM,9/5/25 6:05 PM
252,15,CREDIT,Lisa,Lisa,0.00,15.14,,9/5/25 6:27 PM,9/5/25 5:59 PM
251,21,CREDIT,Adrian,Adrian,5.00,37.07,,9/5/25 6:28 PM,9/5/25 5:58 PM
253,16,CREDIT,Adrian,Adrian,6.00,27.13,,9/5/25 6:31 PM,9/5/25 6:01 PM
263,21,CREDIT,Adrian,Adrian,4.00,32.45,,9/5/25 6:32 PM,9/5/25 6:27 PM
257,,CREDIT,Mario,Mario,0.00,24.86,,9/5/25 6:47 PM,9/5/25 6:47 PM
269,,CREDIT,Mario,Mario,0.00,35.69,,9/5/25 6:58 PM,9/5/25 6:56 PM
264,,CREDIT,Candy,Candy,3.00,27.04,,9/5/25 6:59 PM,9/5/25 6:40 PM
258,,CREDIT,Candy,Candy,0.00,42.46,,9/5/25 7:00 PM,9/5/25 6:22 PM
248,28,CREDIT,Lisa,Lisa,5.00,44.33,,9/5/25 7:05 PM,9/5/25 5:48 PM
259,4,CREDIT,Lisa,Lisa,14.04,85.96,,9/5/25 7:08 PM,9/5/25 6:32 PM
250,25,CREDIT,Emanuel,Emanuel,15.00,82.93,,9/5/25 7:12 PM,9/5/25 6:04 PM
261,12,CREDIT,Emanuel,Emanuel,0.00,28.95,,9/5/25 7:13 PM,9/5/25 6:24 PM
267,7,CREDIT,Lisa,Lisa,10.00,37.86,,9/5/25 7:29 PM,9/5/25 6:50 PM
270,14,CREDIT,Adrian,Candy,5.00,40.21,,9/5/25 7:33 PM,9/5/25 6:57 PM
265,15,CREDIT,Adrian,Candy,10.00,56.64,,9/5/25 7:34 PM,9/5/25 6:48 PM
280,,CASH,Mario,Mario,0.00,16.41,DRIVE THRU 1,9/5/25 7:34 PM,9/5/25 7:31 PM
268,2,CREDIT,Emanuel,Emanuel,10.00,63.44,,9/5/25 7:35 PM,9/5/25 6:54 PM
281,,CASH,Mario,Mario,0.00,15.88,,9/5/25 7:39 PM,9/5/25 7:33 PM
283,,CREDIT,Mario,Mario,0.00,56.25,,9/5/25 7:39 PM,9/5/25 7:39 PM
289,,CREDIT,Mario,Mario,0.00,10.81,,9/5/25 7:55 PM,9/5/25 7:55 PM
287,,CREDIT,Mario,Mario,2.80,15.13,,9/5/25 7:56 PM,9/5/25 7:55 PM
272,34,CREDIT,Emanuel,Emanuel,10.00,54.34,,9/5/25 7:56 PM,9/5/25 7:15 PM
274,21,CREDIT,Lisa,Lisa,20.00,89.76,,9/5/25 7:57 PM,9/5/25 7:18 PM
278,17,CREDIT,Emanuel,Emanuel,9.00,47.60,,9/5/25 8:08 PM,9/5/25 7:33 PM
290,,CASH,Mario,Mario,0.00,6.62,DRIVE THRU 1,9/5/25 8:08 PM,9/5/25 7:56 PM
291,,CREDIT,Mario,Mario,6.59,35.64,,9/5/25 8:09 PM,9/5/25 8:01 PM
294,,CREDIT,Mario,Mario,1.80,12.98,,9/5/25 8:10 PM,9/5/25 8:02 PM
293,,CREDIT,Mario,Mario,3.56,19.25,,9/5/25 8:15 PM,9/5/25 8:02 PM
286,5,CREDIT,Candy,Candy,0.00,20.56,,9/5/25 8:19 PM,9/5/25 7:41 PM
298,,CASH,Mario,Mario,0.00,18.25,DRIVE THRU 1,9/5/25 8:41 PM,9/5/25 8:41 PM
299,,CREDIT,Mario,Mario,0.00,5.81,,9/5/25 8:46 PM,9/5/25 8:45 PM
271,16,CASH,Adrian,Adrian,0.00,35.36,,9/5/25 8:50 PM,9/5/25 7:14 PM
296,23,CREDIT,Adrian,Adrian,4.00,25.06,,9/5/25 8:51 PM,9/5/25 8:11 PM
,,TIP_OUT,Candy,Candy,-6.00,0.00,House,9/5/25 8:54 PM,9/5/25 8:54 PM
284,12,CREDIT,Lisa,Lisa,8.00,35.83,,9/5/25 8:58 PM,9/5/25 7:39 PM
,,CASH_COLLECTED,Mario,Mario,0.00,15.88*,House,9/5/25 9:00 PM,9/5/25 9:00 PM
,,TIP_OUT,Mario,Mario,-39.90,0.00,House,9/5/25 9:00 PM,9/5/25 9:00 PM
297,2,CREDIT,Emanuel,Emanuel,5.00,30.58,,9/5/25 9:00 PM,9/5/25 8:35 PM
,,CASH_COLLECTED,Adrian,Adrian,0.00,35.36*,House,9/5/25 9:06 PM,9/5/25 9:06 PM
,,TIP_OUT,Adrian,Adrian,-66.25,0.00,House,9/5/25 9:06 PM,9/5/25 9:06 PM
,,CASH_COLLECTED,Emanuel,Emanuel,0.00,15.55*,House,9/5/25 9:07 PM,9/5/25 9:07 PM
,,TIP_OUT,Emanuel,Emanuel,-97.00,0.00,House,9/5/25 9:07 PM,9/5/25 9:07 PM
,,TIP_OUT,Lisa,Lisa,-98.04,0.00,House,9/5/25 9:09 PM,9/5/25 9:09 PM
,,TOTAL,,,0.00,5608.49,,,
