Location,Server,Check #,Table,Station,Expediter Level,Fired Date,Fulfilled Date,Fulfillment Time,Fulfilled By
12060 Potranco Road,Sugey Cabrera,2,,,1,9/5/25 6:30 AM,9/5/25 6:38 AM,8 minutes and 37 seconds,Zoila Salinas
12060 Potranco Road,Sugey Cabrera,1,,Food,,9/5/25 6:29 AM,9/5/25 6:40 AM,10 minutes and 45 seconds,KDS - Login Don't Delete
12060 Potranco Road,Melissa  Urena,6,,Food,,9/5/25 6:54 AM,9/5/25 6:55 AM,59 seconds,KDS - Login Don't Delete
12060 Potranco Road,Melissa  Urena,3,,Food,,9/5/25 6:48 AM,9/5/25 6:55 AM,6 minutes and 44 seconds,KDS - Login Don't Delete
12060 Potranco Road,Melissa  Urena,4,,Drive Thru,,9/5/25 6:52 AM,9/5/25 6:55 AM,2 minutes and 36 seconds,KDS - Login Don't Delete
12060 Potranco Road,Melissa  Urena,4,,Food,,9/5/25 6:52 AM,9/5/25 6:55 AM,2 minutes and 36 seconds,KDS - Login Don't Delete
12060 Potranco Road,Melissa  Urena,7,,Drive Thru,,9/5/25 6:56 AM,9/5/25 7:08 AM,12 minutes and 15 seconds,KDS - Login Don't Delete
12060 Potranco Road,Melissa  Urena,9,,Drive Thru,,9/5/25 7:02 AM,9/5/25 7:08 AM,5 minutes and 43 seconds,KDS - Login Don't Delete
12060 Potranco Road,Melissa  Urena,9,,Food,,9/5/25 7:02 AM,9/5/25 7:08 AM,5 minutes and 43 seconds,KDS - Login Don't Delete
12060 Potranco Road,Melissa  Urena,8,,Drive Thru,,9/5/25 6:58 AM,9/5/25 7:08 AM,10 minutes and 16 seconds,KDS - Login Don't Delete
12060 Potranco Road,Melissa  Urena,8,,Food,,9/5/25 6:58 AM,9/5/25 7:08 AM,10 minutes and 16 seconds,KDS - Login Don't Delete
12060 Potranco Road,Melissa  Urena,7,,Food,,9/5/25 6:56 AM,9/5/25 7:08 AM,12 minutes and 15 seconds,KDS - Login Don't Delete
12060 Potranco Road,Melissa  Urena,13,,Drive Thru,,9/5/25 7:17 AM,9/5/25 7:20 AM,3 minutes and 30 seconds,KDS - Login Don't Delete
12060 Potranco Road,Melissa  Urena,13,,Food,,9/5/25 7:17 AM,9/5/25 7:20 AM,3 minutes and 30 seconds,KDS - Login Don't Delete
12060 Potranco Road,Melissa  Urena,11,,Drive Thru,,9/5/25 7:13 AM,9/5/25 7:20 AM,7 minutes and 30 seconds,KDS - Login Don't Delete
12060 Potranco Road,Melissa  Urena,11,,Food,,9/5/25 7:13 AM,9/5/25 7:20 AM,7 minutes and 30 seconds,KDS - Login Don't Delete
12060 Potranco Road,Melissa  Urena,12,,Drive Thru,,9/5/25 7:14 AM,9/5/25 7:21 AM,6 minutes and 25 seconds,KDS - Login Don't Delete
12060 Potranco Road,Melissa  Urena,12,,Food,,9/5/25 7:14 AM,9/5/25 7:21 AM,6 minutes and 25 seconds,KDS - Login Don't Delete
12060 Potranco Road,Melissa  Urena,14,,Drive Thru,,9/5/25 7:19 AM,9/5/25 7:25 AM,6 minutes and 19 seconds,KDS - Login Don't Delete
12060 Potranco Road,Melissa  Urena,14,,Food,,9/5/25 7:19 AM,9/5/25 7:25 AM,6 minutes and 19 seconds,KDS - Login Don't Delete
12060 Potranco Road,Melissa  Urena,16,,Drive Thru,,9/5/25 7:26 AM,9/5/25 7:38 AM,12 minutes and 27 seconds,KDS - Login Don't Delete
12060 Potranco Road,Melissa  Urena,16,,Food,,9/5/25 7:26 AM,9/5/25 7:38 AM,12 minutes and 27 seconds,KDS - Login Don't Delete
12060 Potranco Road,Melissa  Urena,19,,Drive Thru,,9/5/25 7:31 AM,9/5/25 7:38 AM,7 minutes and 10 seconds,KDS - Login Don't Delete
12060 Potranco Road,Melissa  Urena,19,,Food,,9/5/25 7:31 AM,9/5/25 7:38 AM,7 minutes and 10 seconds,KDS - Login Don't Delete
12060 Potranco Road,Melissa  Urena,17,,Drive Thru,,9/5/25 7:28 AM,9/5/25 7:38 AM,10 minutes and 43 seconds,KDS - Login Don't Delete
12060 Potranco Road,Melissa  Urena,17,,Food,,9/5/25 7:28 AM,9/5/25 7:38 AM,10 minutes and 43 seconds,KDS - Login Don't Delete
12060 Potranco Road,Sugey Cabrera,25,3,No Print,,9/5/25 7:38 AM,9/5/25 7:41 AM,2 minutes and 56 seconds,KDS - Login Don't Delete
12060 Potranco Road,Sugey Cabrera,25,3,Food,,9/5/25 7:38 AM,9/5/25 7:41 AM,2 minutes and 56 seconds,KDS - Login Don't Delete
12060 Potranco Road,Melissa  Urena,21,,Food,,9/5/25 7:35 AM,9/5/25 7:41 AM,6 minutes and 13 seconds,KDS - Login Don't Delete
12060 Potranco Road,Melissa  Urena,21,,Drive Thru,,9/5/25 7:35 AM,9/5/25 7:41 AM,6 minutes and 13 seconds,KDS - Login Don't Delete
12060 Potranco Road,Lizbeth Garcia,23,25,No Print,,9/5/25 7:38 AM,9/5/25 7:41 AM,3 minutes and 23 seconds,KDS - Login Don't Delete
12060 Potranco Road,Lizbeth Garcia,23,25,Food,,9/5/25 7:38 AM,9/5/25 7:41 AM,3 minutes and 23 seconds,KDS - Login Don't Delete
12060 Potranco Road,Melissa  Urena,20,,Food,,9/5/25 7:37 AM,9/5/25 7:41 AM,4 minutes and 5 seconds,KDS - Login Don't Delete
12060 Potranco Road,Melissa  Urena,20,,Drive Thru,,9/5/25 7:37 AM,9/5/25 7:41 AM,4 minutes and 5 seconds,KDS - Login Don't Delete
12060 Potranco Road,Melissa  Urena,22,,Drive Thru,,9/5/25 7:35 AM,9/5/25 7:41 AM,6 minutes and 5 seconds,KDS - Login Don't Delete
12060 Potranco Road,Melissa  Urena,22,,Food,,9/5/25 7:35 AM,9/5/25 7:41 AM,6 minutes and 5 seconds,KDS - Login Don't Delete
12060 Potranco Road,Lizbeth Garcia,23,25,,1,9/5/25 7:41 AM,9/5/25 7:46 AM,5 minutes and 6 seconds,Zoila Salinas
12060 Potranco Road,Sugey Cabrera,25,3,,1,9/5/25 7:41 AM,9/5/25 7:46 AM,5 minutes and 7 seconds,Zoila Salinas
12060 Potranco Road,Sugey Cabrera,18,23,,1,9/5/25 7:27 AM,9/5/25 7:47 AM,19 minutes and 27 seconds,Zoila Salinas
12060 Potranco Road,Sugey Cabrera,15,,,1,9/5/25 7:25 AM,9/5/25 7:47 AM,22 minutes and 6 seconds,Zoila Salinas
12060 Potranco Road,Melissa  Urena,28,,Drive Thru,,9/5/25 7:47 AM,9/5/25 7:51 AM,3 minutes and 40 seconds,KDS - Login Don't Delete
12060 Potranco Road,Melissa  Urena,28,,Food,,9/5/25 7:47 AM,9/5/25 7:51 AM,3 minutes and 40 seconds,KDS - Login Don't Delete
12060 Potranco Road,Melissa  Urena,27,,Drive Thru,,9/5/25 7:43 AM,9/5/25 7:51 AM,7 minutes and 44 seconds,KDS - Login Don't Delete
12060 Potranco Road,Melissa  Urena,27,,Food,,9/5/25 7:43 AM,9/5/25 7:51 AM,7 minutes and 44 seconds,KDS - Login Don't Delete
12060 Potranco Road,Lizbeth Garcia,29,16,No Print,,9/5/25 7:50 AM,9/5/25 7:53 AM,2 minutes and 58 seconds,KDS - Login Don't Delete
12060 Potranco Road,Lizbeth Garcia,29,16,Food,,9/5/25 7:50 AM,9/5/25 7:53 AM,2 minutes and 58 seconds,KDS - Login Don't Delete
12060 Potranco Road,Melissa  Urena,33,,Food,,9/5/25 7:51 AM,9/5/25 7:56 AM,4 minutes and 47 seconds,KDS - Login Don't Delete
12060 Potranco Road,Melissa  Urena,32,,Food,,9/5/25 7:51 AM,9/5/25 7:56 AM,4 minutes and 54 seconds,KDS - Login Don't Delete
12060 Potranco Road,Sugey Cabrera,30,,No Print,,9/5/25 7:51 AM,9/5/25 7:59 AM,8 minutes and 4 seconds,KDS - Login Don't Delete
12060 Potranco Road,Sugey Cabrera,30,,Food,,9/5/25 7:51 AM,9/5/25 7:59 AM,8 minutes and 4 seconds,KDS - Login Don't Delete
12060 Potranco Road,Melissa  Urena,34,,Drive Thru,,9/5/25 7:53 AM,9/5/25 7:59 AM,6 minutes and 14 seconds,KDS - Login Don't Delete
12060 Potranco Road,Melissa  Urena,34,,Food,,9/5/25 7:53 AM,9/5/25 7:59 AM,6 minutes and 14 seconds,KDS - Login Don't Delete
12060 Potranco Road,Sugey Cabrera,25,3,No Print,,9/5/25 7:51 AM,9/5/25 7:59 AM,7 minutes and 58 seconds,KDS - Login Don't Delete
12060 Potranco Road,Sugey Cabrera,25,3,Food,,9/5/25 7:51 AM,9/5/25 7:59 AM,7 minutes and 58 seconds,KDS - Login Don't Delete
12060 Potranco Road,Melissa  Urena,35,,Drive Thru,,9/5/25 7:55 AM,9/5/25 7:59 AM,4 minutes and 3 seconds,KDS - Login Don't Delete
12060 Potranco Road,Melissa  Urena,35,,Food,,9/5/25 7:55 AM,9/5/25 7:59 AM,4 minutes and 3 seconds,KDS - Login Don't Delete
12060 Potranco Road,Sugey Cabrera,25,3,,1,9/5/25 7:59 AM,9/5/25 8:04 AM,5 minutes and 18 seconds,Zoila Salinas
12060 Potranco Road,Lizbeth Garcia,29,16,,1,9/5/25 7:53 AM,9/5/25 8:04 AM,11 minutes and 34 seconds,Zoila Salinas
12060 Potranco Road,Sugey Cabrera,30,,,1,9/5/25 7:59 AM,9/5/25 8:04 AM,5 minutes and 19 seconds,Zoila Salinas
12060 Potranco Road,Sugey Cabrera,25,3,No Print,,9/5/25 8:03 AM,9/5/25 8:09 AM,5 minutes and 45 seconds,KDS - Login Don't Delete
12060 Potranco Road,Lizbeth Garcia,38,23,No Print,,9/5/25 8:06 AM,9/5/25 8:09 AM,3 minutes and 13 seconds,KDS - Login Don't Delete
12060 Potranco Road,Lizbeth Garcia,38,23,Food,,9/5/25 8:06 AM,9/5/25 8:09 AM,3 minutes and 13 seconds,KDS - Login Don't Delete
12060 Potranco Road,Lizbeth Garcia,38,23,Drive Thru,,9/5/25 8:06 AM,9/5/25 8:09 AM,3 minutes and 13 seconds,KDS - Login Don't Delete
12060 Potranco Road,Sugey Cabrera,25,3,Food,,9/5/25 8:03 AM,9/5/25 8:09 AM,5 minutes and 45 seconds,KDS - Login Don't Delete
12060 Potranco Road,Melissa  Urena,40,,Food,,9/5/25 8:09 AM,9/5/25 8:15 AM,5 minutes and 25 seconds,KDS - Login Don't Delete
12060 Potranco Road,Melissa  Urena,40,,Drive Thru,,9/5/25 8:09 AM,9/5/25 8:15 AM,5 minutes and 25 seconds,KDS - Login Don't Delete
12060 Potranco Road,Melissa  Urena,41,,Food,,9/5/25 8:14 AM,9/5/25 8:15 AM,50 seconds,KDS - Login Don't Delete
12060 Potranco Road,Melissa  Urena,41,,Drive Thru,,9/5/25 8:14 AM,9/5/25 8:15 AM,50 seconds,KDS - Login Don't Delete
12060 Potranco Road,Melissa  Urena,44,,Food,,9/5/25 8:17 AM,9/5/25 8:21 AM,4 minutes and 6 seconds,KDS - Login Don't Delete
12060 Potranco Road,Melissa  Urena,43,,Drive Thru,,9/5/25 8:14 AM,9/5/25 8:21 AM,6 minutes and 56 seconds,KDS - Login Don't Delete
12060 Potranco Road,Melissa  Urena,43,,Food,,9/5/25 8:14 AM,9/5/25 8:21 AM,6 minutes and 56 seconds,KDS - Login Don't Delete
12060 Potranco Road,Melissa  Urena,45,,Drive Thru,,9/5/25 8:20 AM,9/5/25 8:21 AM,1 minute and 52 seconds,KDS - Login Don't Delete
12060 Potranco Road,Melissa  Urena,45,,Food,,9/5/25 8:20 AM,9/5/25 8:21 AM,1 minute and 52 seconds,KDS - Login Don't Delete
12060 Potranco Road,Melissa  Urena,49,,Drive Thru,,9/5/25 8:30 AM,9/5/25 8:34 AM,3 minutes and 36 seconds,KDS - Login Don't Delete
12060 Potranco Road,Melissa  Urena,49,,Food,,9/5/25 8:30 AM,9/5/25 8:34 AM,3 minutes and 36 seconds,KDS - Login Don't Delete
12060 Potranco Road,Melissa  Urena,47,,Drive Thru,,9/5/25 8:25 AM,9/5/25 8:34 AM,9 minutes and 16 seconds,KDS - Login Don't Delete
12060 Potranco Road,Melissa  Urena,47,,Food,,9/5/25 8:25 AM,9/5/25 8:34 AM,9 minutes and 16 seconds,KDS - Login Don't Delete
12060 Potranco Road,Melissa  Urena,48,,No Print,,9/5/25 8:26 AM,9/5/25 8:34 AM,7 minutes and 58 seconds,KDS - Login Don't Delete
12060 Potranco Road,Melissa  Urena,48,,Drive Thru,,9/5/25 8:26 AM,9/5/25 8:34 AM,7 minutes and 58 seconds,KDS - Login Don't Delete
12060 Potranco Road,Melissa  Urena,48,,Food,,9/5/25 8:26 AM,9/5/25 8:34 AM,7 minutes and 58 seconds,KDS - Login Don't Delete
12060 Potranco Road,Melissa  Urena,48,,Drinks,,9/5/25 8:26 AM,9/5/25 8:34 AM,7 minutes and 58 seconds,KDS - Login Don't Delete
12060 Potranco Road,Melissa  Urena,50,,Food,,9/5/25 8:31 AM,9/5/25 8:34 AM,2 minutes and 47 seconds,KDS - Login Don't Delete
12060 Potranco Road,Melissa  Urena,50,,Drive Thru,,9/5/25 8:31 AM,9/5/25 8:34 AM,2 minutes and 47 seconds,KDS - Login Don't Delete
12060 Potranco Road,Sugey Cabrera,52,,Drive Thru,,9/5/25 8:35 AM,9/5/25 8:40 AM,5 minutes and 15 seconds,KDS - Login Don't Delete
12060 Potranco Road,Sugey Cabrera,52,,Food,,9/5/25 8:35 AM,9/5/25 8:40 AM,5 minutes and 15 seconds,KDS - Login Don't Delete
12060 Potranco Road,Melissa  Urena,53,,Drive Thru,,9/5/25 8:36 AM,9/5/25 8:40 AM,4 minutes and 2 seconds,KDS - Login Don't Delete
12060 Potranco Road,Melissa  Urena,53,,Food,,9/5/25 8:36 AM,9/5/25 8:40 AM,4 minutes and 2 seconds,KDS - Login Don't Delete
12060 Potranco Road,Melissa  Urena,54,,Food,,9/5/25 8:38 AM,9/5/25 8:40 AM,2 minutes and 13 seconds,KDS - Login Don't Delete
12060 Potranco Road,Leticia Roman,51,8,No Print,,9/5/25 8:35 AM,9/5/25 8:41 AM,5 minutes and 40 seconds,KDS - Login Don't Delete
12060 Potranco Road,Leticia Roman,51,8,Food,,9/5/25 8:35 AM,9/5/25 8:41 AM,5 minutes and 40 seconds,KDS - Login Don't Delete
12060 Potranco Road,Melissa  Urena,56,,Drive Thru,,9/5/25 8:40 AM,9/5/25 8:45 AM,4 minutes and 38 seconds,KDS - Login Don't Delete
12060 Potranco Road,Melissa  Urena,56,,Food,,9/5/25 8:40 AM,9/5/25 8:45 AM,4 minutes and 38 seconds,KDS - Login Don't Delete
12060 Potranco Road,Melissa  Urena,55,,Drive Thru,,9/5/25 8:40 AM,9/5/25 8:45 AM,4 minutes and 57 seconds,KDS - Login Don't Delete
12060 Potranco Road,Melissa  Urena,55,,Food,,9/5/25 8:40 AM,9/5/25 8:45 AM,4 minutes and 57 seconds,KDS - Login Don't Delete
12060 Potranco Road,Melissa  Urena,58,,Drive Thru,,9/5/25 8:42 AM,9/5/25 8:45 AM,2 minutes and 45 seconds,KDS - Login Don't Delete
12060 Potranco Road,Melissa  Urena,58,,Food,,9/5/25 8:42 AM,9/5/25 8:45 AM,2 minutes and 45 seconds,KDS - Login Don't Delete
12060 Potranco Road,Adrian Morales,57,2,No Print,,9/5/25 8:43 AM,9/5/25 8:47 AM,4 minutes and 31 seconds,KDS - Login Don't Delete
12060 Potranco Road,Adrian Morales,57,2,Food,,9/5/25 8:43 AM,9/5/25 8:47 AM,4 minutes and 31 seconds,KDS - Login Don't Delete
12060 Potranco Road,Adrian Morales,57,2,Drive Thru,,9/5/25 8:43 AM,9/5/25 8:47 AM,4 minutes and 31 seconds,KDS - Login Don't Delete
12060 Potranco Road,Leticia Roman,51,8,Food,,9/5/25 8:48 AM,9/5/25 8:50 AM,1 minute and 59 seconds,KDS - Login Don't Delete
12060 Potranco Road,Melissa  Urena,59,,Drive Thru,,9/5/25 8:49 AM,9/5/25 8:54 AM,4 minutes and 53 seconds,KDS - Login Don't Delete
12060 Potranco Road,Melissa  Urena,59,,Food,,9/5/25 8:49 AM,9/5/25 8:54 AM,4 minutes and 53 seconds,KDS - Login Don't Delete
12060 Potranco Road,Sugey Cabrera,60,18,No Print,,9/5/25 8:54 AM,9/5/25 8:58 AM,3 minutes and 59 seconds,KDS - Login Don't Delete
12060 Potranco Road,Sugey Cabrera,60,18,Food,,9/5/25 8:54 AM,9/5/25 8:58 AM,3 minutes and 59 seconds,KDS - Login Don't Delete
12060 Potranco Road,Sugey Cabrera,30,,No Print,,9/5/25 8:56 AM,9/5/25 8:58 AM,1 minute and 16 seconds,KDS - Login Don't Delete
12060 Potranco Road,Sugey Cabrera,30,,Food,,9/5/25 8:56 AM,9/5/25 8:58 AM,1 minute and 16 seconds,KDS - Login Don't Delete
12060 Potranco Road,Sugey Cabrera,60,18,Drive Thru,,9/5/25 8:54 AM,9/5/25 8:58 AM,3 minutes and 59 seconds,KDS - Login Don't Delete
12060 Potranco Road,Melissa  Urena,64,,Drive Thru,,9/5/25 9:00 AM,9/5/25 9:04 AM,4 minutes and 27 seconds,KDS - Login Don't Delete
12060 Potranco Road,Melissa  Urena,64,,Food,,9/5/25 9:01 AM,9/5/25 9:04 AM,3 minutes and 9 seconds,KDS - Login Don't Delete
12060 Potranco Road,Melissa  Urena,63,,Drive Thru,,9/5/25 8:58 AM,9/5/25 9:04 AM,5 minutes and 44 seconds,KDS - Login Don't Delete
12060 Potranco Road,Melissa  Urena,63,,Food,,9/5/25 8:58 AM,9/5/25 9:04 AM,5 minutes and 44 seconds,KDS - Login Don't Delete
12060 Potranco Road,Melissa  Urena,61,,Drive Thru,,9/5/25 8:56 AM,9/5/25 9:04 AM,8 minutes and 21 seconds,KDS - Login Don't Delete
12060 Potranco Road,Melissa  Urena,61,,Food,,9/5/25 8:56 AM,9/5/25 9:04 AM,8 minutes and 21 seconds,KDS - Login Don't Delete
12060 Potranco Road,Melissa  Urena,64,,Food,,9/5/25 9:00 AM,9/5/25 9:04 AM,4 minutes and 27 seconds,KDS - Login Don't Delete
12060 Potranco Road,Sugey Cabrera,60,18,,1,9/5/25 8:58 AM,9/5/25 9:08 AM,10 minutes and 24 seconds,Zoila Salinas
12060 Potranco Road,Sugey Cabrera,30,,,1,9/5/25 8:58 AM,9/5/25 9:08 AM,10 minutes and 24 seconds,Zoila Salinas
12060 Potranco Road,Lizbeth Garcia,62,4,No Print,,9/5/25 8:59 AM,9/5/25 9:08 AM,9 minutes and 36 seconds,KDS - Login Don't Delete
12060 Potranco Road,Lizbeth Garcia,62,4,Food,,9/5/25 8:59 AM,9/5/25 9:08 AM,9 minutes and 36 seconds,KDS - Login Don't Delete
12060 Potranco Road,Melissa  Urena,67,,Food,,9/5/25 9:05 AM,9/5/25 9:10 AM,5 minutes and 8 seconds,KDS - Login Don't Delete
12060 Potranco Road,Melissa  Urena,67,,Drive Thru,,9/5/25 9:05 AM,9/5/25 9:10 AM,5 minutes and 8 seconds,KDS - Login Don't Delete
12060 Potranco Road,Adrian Morales,66,15,No Print,,9/5/25 9:05 AM,9/5/25 9:10 AM,4 minutes and 59 seconds,KDS - Login Don't Delete
12060 Potranco Road,Adrian Morales,66,15,Food,,9/5/25 9:05 AM,9/5/25 9:10 AM,4 minutes and 59 seconds,KDS - Login Don't Delete
12060 Potranco Road,Adrian Morales,66,15,Drive Thru,,9/5/25 9:05 AM,9/5/25 9:10 AM,4 minutes and 59 seconds,KDS - Login Don't Delete
12060 Potranco Road,Leticia Roman,68,,Drive Thru,,9/5/25 9:06 AM,9/5/25 9:10 AM,4 minutes and 12 seconds,KDS - Login Don't Delete
12060 Potranco Road,Leticia Roman,68,,Food,,9/5/25 9:06 AM,9/5/25 9:10 AM,4 minutes and 12 seconds,KDS - Login Don't Delete
12060 Potranco Road,Sugey Cabrera,25,3,,1,9/5/25 8:09 AM,9/5/25 9:15 AM,"1 hour, 5 minutes and 24 seconds",Zoila Salinas
12060 Potranco Road,Lizbeth Garcia,38,23,,1,9/5/25 8:09 AM,9/5/25 9:15 AM,"1 hour, 5 minutes and 26 seconds",Zoila Salinas
12060 Potranco Road,Sugey Cabrera,52,,,1,9/5/25 8:40 AM,9/5/25 9:15 AM,34 minutes and 34 seconds,Zoila Salinas
12060 Potranco Road,Leticia Roman,51,8,,1,9/5/25 8:41 AM,9/5/25 9:15 AM,33 minutes and 33 seconds,Zoila Salinas
12060 Potranco Road,Lizbeth Garcia,62,4,,1,9/5/25 9:08 AM,9/5/25 9:15 AM,6 minutes and 24 seconds,Zoila Salinas
12060 Potranco Road,Adrian Morales,57,2,,1,9/5/25 8:47 AM,9/5/25 9:15 AM,27 minutes and 35 seconds,Zoila Salinas
12060 Potranco Road,Leticia Roman,51,8,,1,9/5/25 8:50 AM,9/5/25 9:15 AM,25 minutes and 12 seconds,Zoila Salinas
12060 Potranco Road,Adrian Morales,66,15,,1,9/5/25 9:10 AM,9/5/25 9:15 AM,5 minutes and 9 seconds,Zoila Salinas
12060 Potranco Road,Leticia Roman,68,,,1,9/5/25 9:10 AM,9/5/25 9:15 AM,5 minutes and 1 second,Zoila Salinas
12060 Potranco Road,Leticia Roman,70,31,No Print,,9/5/25 9:09 AM,9/5/25 9:16 AM,7 minutes and 23 seconds,KDS - Login Don't Delete
12060 Potranco Road,Leticia Roman,70,31,Food,,9/5/25 9:09 AM,9/5/25 9:16 AM,7 minutes and 23 seconds,KDS - Login Don't Delete
12060 Potranco Road,Lizbeth Garcia,73,1,No Print,,9/5/25 9:12 AM,9/5/25 9:16 AM,4 minutes and 11 seconds,KDS - Login Don't Delete
12060 Potranco Road,Lizbeth Garcia,73,1,Food,,9/5/25 9:12 AM,9/5/25 9:16 AM,4 minutes and 11 seconds,KDS - Login Don't Delete
12060 Potranco Road,Leticia Roman,71,,Drive Thru,,9/5/25 9:11 AM,9/5/25 9:18 AM,7 minutes and 29 seconds,KDS - Login Don't Delete
12060 Potranco Road,Leticia Roman,71,,Food,,9/5/25 9:11 AM,9/5/25 9:18 AM,7 minutes and 29 seconds,KDS - Login Don't Delete
12060 Potranco Road,Melissa  Urena,69,,Drive Thru,,9/5/25 9:06 AM,9/5/25 9:18 AM,12 minutes and 19 seconds,KDS - Login Don't Delete
12060 Potranco Road,Melissa  Urena,69,,Food,,9/5/25 9:06 AM,9/5/25 9:18 AM,12 minutes and 19 seconds,KDS - Login Don't Delete
12060 Potranco Road,Melissa  Urena,74,,Food,,9/5/25 9:11 AM,9/5/25 9:18 AM,6 minutes and 57 seconds,KDS - Login Don't Delete
12060 Potranco Road,Melissa  Urena,74,,Drive Thru,,9/5/25 9:11 AM,9/5/25 9:18 AM,6 minutes and 57 seconds,KDS - Login Don't Delete
12060 Potranco Road,Sugey Cabrera,75,14,No Print,,9/5/25 9:14 AM,9/5/25 9:19 AM,5 minutes and 2 seconds,KDS - Login Don't Delete
12060 Potranco Road,Sugey Cabrera,75,14,Food,,9/5/25 9:14 AM,9/5/25 9:19 AM,5 minutes and 2 seconds,KDS - Login Don't Delete
12060 Potranco Road,Sugey Cabrera,65,3,No Print,,9/5/25 9:07 AM,9/5/25 9:19 AM,12 minutes and 11 seconds,KDS - Login Don't Delete
12060 Potranco Road,Sugey Cabrera,65,3,Food,,9/5/25 9:07 AM,9/5/25 9:19 AM,12 minutes and 11 seconds,KDS - Login Don't Delete
12060 Potranco Road,Sugey Cabrera,65,3,Drive Thru,,9/5/25 9:07 AM,9/5/25 9:19 AM,12 minutes and 11 seconds,KDS - Login Don't Delete
12060 Potranco Road,Sugey Cabrera,75,14,,1,9/5/25 9:19 AM,9/5/25 9:20 AM,45 seconds,Zoila Salinas
12060 Potranco Road,Sugey Cabrera,65,3,,1,9/5/25 9:19 AM,9/5/25 9:20 AM,47 seconds,Zoila Salinas
12060 Potranco Road,Melissa  Urena,78,,Drive Thru,,9/5/25 9:22 AM,9/5/25 9:28 AM,5 minutes and 30 seconds,KDS - Login Don't Delete
12060 Potranco Road,Melissa  Urena,78,,Food,,9/5/25 9:22 AM,9/5/25 9:28 AM,5 minutes and 30 seconds,KDS - Login Don't Delete
12060 Potranco Road,Melissa  Urena,78,,Drive Thru,,9/5/25 9:21 AM,9/5/25 9:28 AM,6 minutes and 28 seconds,KDS - Login Don't Delete
12060 Potranco Road,Melissa  Urena,78,,Food,,9/5/25 9:21 AM,9/5/25 9:28 AM,6 minutes and 28 seconds,KDS - Login Don't Delete
12060 Potranco Road,Melissa  Urena,76,,Drive Thru,,9/5/25 9:21 AM,9/5/25 9:28 AM,6 minutes and 52 seconds,KDS - Login Don't Delete
12060 Potranco Road,Melissa  Urena,76,,Food,,9/5/25 9:21 AM,9/5/25 9:28 AM,6 minutes and 52 seconds,KDS - Login Don't Delete
12060 Potranco Road,Melissa  Urena,79,,Drive Thru,,9/5/25 9:23 AM,9/5/25 9:28 AM,4 minutes and 43 seconds,KDS - Login Don't Delete
12060 Potranco Road,Melissa  Urena,79,,Food,,9/5/25 9:23 AM,9/5/25 9:28 AM,4 minutes and 43 seconds,KDS - Login Don't Delete
12060 Potranco Road,Leticia Roman,77,7,No Print,,9/5/25 9:27 AM,9/5/25 9:33 AM,6 minutes and 20 seconds,KDS - Login Don't Delete
12060 Potranco Road,Leticia Roman,77,7,Food,,9/5/25 9:27 AM,9/5/25 9:33 AM,6 minutes and 20 seconds,KDS - Login Don't Delete
12060 Potranco Road,Leticia Roman,77,7,Drive Thru,,9/5/25 9:27 AM,9/5/25 9:33 AM,6 minutes and 20 seconds,KDS - Login Don't Delete
12060 Potranco Road,Leticia Roman,77,7,Drinks,,9/5/25 9:27 AM,9/5/25 9:33 AM,6 minutes and 20 seconds,KDS - Login Don't Delete
12060 Potranco Road,Sugey Cabrera,75,14,No Print,,9/5/25 9:31 AM,9/5/25 9:33 AM,2 minutes and 6 seconds,KDS - Login Don't Delete
12060 Potranco Road,Sugey Cabrera,75,14,Food,,9/5/25 9:31 AM,9/5/25 9:33 AM,2 minutes and 6 seconds,KDS - Login Don't Delete
12060 Potranco Road,Sugey Cabrera,65,3,No Print,,9/5/25 9:33 AM,9/5/25 9:35 AM,1 minute and 23 seconds,KDS - Login Don't Delete
12060 Potranco Road,Sugey Cabrera,65,3,Food,,9/5/25 9:33 AM,9/5/25 9:35 AM,1 minute and 23 seconds,KDS - Login Don't Delete
12060 Potranco Road,Leticia Roman,71,,,1,9/5/25 9:18 AM,9/5/25 9:36 AM,17 minutes and 57 seconds,Zoila Salinas
12060 Potranco Road,Melissa  Urena,81,,Drive Thru,,9/5/25 9:29 AM,9/5/25 9:36 AM,7 minutes and 14 seconds,KDS - Login Don't Delete
12060 Potranco Road,Melissa  Urena,81,,Food,,9/5/25 9:29 AM,9/5/25 9:36 AM,7 minutes and 14 seconds,KDS - Login Don't Delete
12060 Potranco Road,Adrian Morales,80,21,No Print,,9/5/25 9:26 AM,9/5/25 9:36 AM,9 minutes and 31 seconds,KDS - Login Don't Delete
12060 Potranco Road,Adrian Morales,80,21,Food,,9/5/25 9:26 AM,9/5/25 9:36 AM,9 minutes and 31 seconds,KDS - Login Don't Delete
12060 Potranco Road,Leticia Roman,77,7,Drive Thru,,9/5/25 9:35 AM,9/5/25 9:36 AM,42 seconds,KDS - Login Don't Delete
12060 Potranco Road,Leticia Roman,77,7,Food,,9/5/25 9:35 AM,9/5/25 9:36 AM,42 seconds,KDS - Login Don't Delete
12060 Potranco Road,Leticia Roman,70,31,,1,9/5/25 9:16 AM,9/5/25 9:36 AM,19 minutes and 57 seconds,Zoila Salinas
12060 Potranco Road,Lizbeth Garcia,73,1,,1,9/5/25 9:16 AM,9/5/25 9:36 AM,19 minutes and 57 seconds,Zoila Salinas
12060 Potranco Road,Adrian Morales,80,21,,1,9/5/25 9:36 AM,9/5/25 9:36 AM,4 seconds,Zoila Salinas
12060 Potranco Road,Leticia Roman,77,7,,1,9/5/25 9:33 AM,9/5/25 9:36 AM,2 minutes and 57 seconds,Zoila Salinas
12060 Potranco Road,Adrian Morales,83,12,No Print,,9/5/25 9:38 AM,9/5/25 9:40 AM,2 minutes and 8 seconds,KDS - Login Don't Delete
12060 Potranco Road,Adrian Morales,83,12,Food,,9/5/25 9:38 AM,9/5/25 9:40 AM,2 minutes and 8 seconds,KDS - Login Don't Delete
12060 Potranco Road,Lizbeth Garcia,82,23,No Print,,9/5/25 9:37 AM,9/5/25 9:40 AM,3 minutes and 29 seconds,KDS - Login Don't Delete
12060 Potranco Road,Lizbeth Garcia,82,23,Food,,9/5/25 9:37 AM,9/5/25 9:40 AM,3 minutes and 29 seconds,KDS - Login Don't Delete
12060 Potranco Road,Sugey Cabrera,75,14,,1,9/5/25 9:33 AM,9/5/25 9:41 AM,7 minutes and 25 seconds,Zoila Salinas
12060 Potranco Road,Sugey Cabrera,65,3,,1,9/5/25 9:35 AM,9/5/25 9:41 AM,5 minutes and 45 seconds,Zoila Salinas
12060 Potranco Road,Sugey Cabrera,84,4,No Print,,9/5/25 9:39 AM,9/5/25 9:41 AM,1 minute and 54 seconds,KDS - Login Don't Delete
12060 Potranco Road,Sugey Cabrera,84,4,Food,,9/5/25 9:39 AM,9/5/25 9:41 AM,1 minute and 54 seconds,KDS - Login Don't Delete
12060 Potranco Road,Sugey Cabrera,84,4,Drive Thru,,9/5/25 9:39 AM,9/5/25 9:41 AM,1 minute and 54 seconds,KDS - Login Don't Delete
12060 Potranco Road,Sugey Cabrera,84,4,,1,9/5/25 9:41 AM,9/5/25 9:43 AM,2 minutes and 9 seconds,Zoila Salinas
12060 Potranco Road,Melissa  Urena,88,,Food,,9/5/25 9:43 AM,9/5/25 9:47 AM,3 minutes and 31 seconds,KDS - Login Don't Delete
12060 Potranco Road,Melissa  Urena,88,,Drive Thru,,9/5/25 9:43 AM,9/5/25 9:47 AM,3 minutes and 31 seconds,KDS - Login Don't Delete
12060 Potranco Road,Melissa  Urena,86,,Drive Thru,,9/5/25 9:41 AM,9/5/25 9:47 AM,6 minutes and 10 seconds,KDS - Login Don't Delete
12060 Potranco Road,Melissa  Urena,86,,Food,,9/5/25 9:41 AM,9/5/25 9:47 AM,6 minutes and 10 seconds,KDS - Login Don't Delete
12060 Potranco Road,Melissa  Urena,87,,Drive Thru,,9/5/25 9:42 AM,9/5/25 9:47 AM,4 minutes and 27 seconds,KDS - Login Don't Delete
12060 Potranco Road,Melissa  Urena,87,,Food,,9/5/25 9:42 AM,9/5/25 9:47 AM,4 minutes and 27 seconds,KDS - Login Don't Delete
12060 Potranco Road,Sugey Cabrera,84,4,,1,9/5/25 9:44 AM,9/5/25 9:47 AM,3 minutes and 13 seconds,Zoila Salinas
12060 Potranco Road,Leticia Roman,77,7,,1,9/5/25 9:36 AM,9/5/25 9:47 AM,11 minutes and 13 seconds,Zoila Salinas
12060 Potranco Road,Lizbeth Garcia,82,23,,1,9/5/25 9:40 AM,9/5/25 9:47 AM,6 minutes and 49 seconds,Zoila Salinas
12060 Potranco Road,Adrian Morales,83,12,,1,9/5/25 9:40 AM,9/5/25 9:47 AM,6 minutes and 44 seconds,Zoila Salinas
12060 Potranco Road,Melissa  Urena,90,,Drive Thru,,9/5/25 9:53 AM,9/5/25 9:55 AM,2 minutes and 33 seconds,KDS - Login Don't Delete
12060 Potranco Road,Melissa  Urena,90,,Food,,9/5/25 9:53 AM,9/5/25 9:55 AM,2 minutes and 33 seconds,KDS - Login Don't Delete
12060 Potranco Road,Melissa  Urena,90,,Drive Thru,,9/5/25 9:52 AM,9/5/25 9:55 AM,2 minutes and 34 seconds,KDS - Login Don't Delete
12060 Potranco Road,Melissa  Urena,90,,Food,,9/5/25 9:52 AM,9/5/25 9:55 AM,2 minutes and 34 seconds,KDS - Login Don't Delete
12060 Potranco Road,Melissa  Urena,89,,Drive Thru,,9/5/25 9:47 AM,9/5/25 9:55 AM,7 minutes and 41 seconds,KDS - Login Don't Delete
12060 Potranco Road,Melissa  Urena,89,,Food,,9/5/25 9:47 AM,9/5/25 9:55 AM,7 minutes and 41 seconds,KDS - Login Don't Delete
12060 Potranco Road,Adrian Morales,80,21,No Print,,9/5/25 9:48 AM,9/5/25 10:02 AM,14 minutes and 6 seconds,KDS - Login Don't Delete
12060 Potranco Road,Adrian Morales,80,21,Food,,9/5/25 9:48 AM,9/5/25 10:02 AM,14 minutes and 6 seconds,KDS - Login Don't Delete
12060 Potranco Road,Melissa  Urena,93,,Drive Thru,,9/5/25 9:55 AM,9/5/25 10:06 AM,10 minutes and 51 seconds,KDS - Login Don't Delete
12060 Potranco Road,Melissa  Urena,93,,Food,,9/5/25 9:55 AM,9/5/25 10:06 AM,10 minutes and 51 seconds,KDS - Login Don't Delete
12060 Potranco Road,Leticia Roman,77,7,No Print,,9/5/25 9:57 AM,9/5/25 10:08 AM,10 minutes and 53 seconds,KDS - Login Don't Delete
12060 Potranco Road,Leticia Roman,77,7,Food,,9/5/25 9:57 AM,9/5/25 10:08 AM,10 minutes and 53 seconds,KDS - Login Don't Delete
12060 Potranco Road,Leticia Roman,77,7,Drive Thru,,9/5/25 9:57 AM,9/5/25 10:08 AM,10 minutes and 53 seconds,KDS - Login Don't Delete
12060 Potranco Road,Leticia Roman,77,7,Drinks,,9/5/25 9:57 AM,9/5/25 10:08 AM,10 minutes and 53 seconds,KDS - Login Don't Delete
12060 Potranco Road,Melissa  Urena,95,,Food,,9/5/25 10:02 AM,9/5/25 10:08 AM,5 minutes and 47 seconds,KDS - Login Don't Delete
12060 Potranco Road,Melissa  Urena,95,,Drive Thru,,9/5/25 10:02 AM,9/5/25 10:08 AM,5 minutes and 47 seconds,KDS - Login Don't Delete
12060 Potranco Road,Leticia Roman,77,7,,1,9/5/25 10:08 AM,9/5/25 10:11 AM,3 minutes,Zoila Salinas
12060 Potranco Road,Adrian Morales,80,21,,1,9/5/25 10:02 AM,9/5/25 10:11 AM,9 minutes and 11 seconds,Zoila Salinas
12060 Potranco Road,Sugey Cabrera,94,,,1,9/5/25 9:58 AM,9/5/25 10:11 AM,13 minutes and 23 seconds,Zoila Salinas
12060 Potranco Road,Melissa  Urena,96,,Drive Thru,,9/5/25 10:03 AM,9/5/25 10:11 AM,8 minutes and 14 seconds,KDS - Login Don't Delete
12060 Potranco Road,Melissa  Urena,96,,Food,,9/5/25 10:03 AM,9/5/25 10:11 AM,8 minutes and 14 seconds,KDS - Login Don't Delete
12060 Potranco Road,Melissa  Urena,97,,Drive Thru,,9/5/25 10:04 AM,9/5/25 10:11 AM,6 minutes and 43 seconds,KDS - Login Don't Delete
12060 Potranco Road,Melissa  Urena,97,,Food,,9/5/25 10:04 AM,9/5/25 10:11 AM,6 minutes and 43 seconds,KDS - Login Don't Delete
12060 Potranco Road,Lizbeth Garcia,101,16,Food,,9/5/25 10:07 AM,9/5/25 10:15 AM,8 minutes and 18 seconds,KDS - Login Don't Delete
12060 Potranco Road,Lizbeth Garcia,101,16,No Print,,9/5/25 10:07 AM,9/5/25 10:15 AM,8 minutes and 18 seconds,KDS - Login Don't Delete
12060 Potranco Road,Melissa  Urena,104,,Drive Thru,,9/5/25 10:13 AM,9/5/25 10:18 AM,5 minutes and 1 second,KDS - Login Don't Delete
12060 Potranco Road,Melissa  Urena,104,,Food,,9/5/25 10:13 AM,9/5/25 10:18 AM,5 minutes and 1 second,KDS - Login Don't Delete
12060 Potranco Road,Melissa  Urena,103,,Food,,9/5/25 10:11 AM,9/5/25 10:18 AM,6 minutes and 41 seconds,KDS - Login Don't Delete
12060 Potranco Road,Melissa  Urena,98,,Drive Thru,,9/5/25 10:05 AM,9/5/25 10:18 AM,12 minutes and 37 seconds,KDS - Login Don't Delete
12060 Potranco Road,Melissa  Urena,98,,Food,,9/5/25 10:05 AM,9/5/25 10:18 AM,12 minutes and 37 seconds,KDS - Login Don't Delete
12060 Potranco Road,Carlos Morales,99,,,1,9/5/25 10:06 AM,9/5/25 10:19 AM,13 minutes and 19 seconds,Zoila Salinas
12060 Potranco Road,Leticia Roman,92,2,,1,9/5/25 10:02 AM,9/5/25 10:19 AM,17 minutes and 51 seconds,Zoila Salinas
12060 Potranco Road,Lizbeth Garcia,101,16,,1,9/5/25 10:15 AM,9/5/25 10:19 AM,4 minutes and 3 seconds,Zoila Salinas
12060 Potranco Road,Leticia Roman,92,2,Drive Thru,,9/5/25 10:17 AM,9/5/25 10:23 AM,6 minutes and 37 seconds,KDS - Login Don't Delete
12060 Potranco Road,Leticia Roman,92,2,Food,,9/5/25 10:17 AM,9/5/25 10:23 AM,6 minutes and 37 seconds,KDS - Login Don't Delete
12060 Potranco Road,Sugey Cabrera,100,28,No Print,,9/5/25 10:07 AM,9/5/25 10:23 AM,16 minutes and 22 seconds,KDS - Login Don't Delete
12060 Potranco Road,Sugey Cabrera,100,28,Food,,9/5/25 10:07 AM,9/5/25 10:23 AM,16 minutes and 22 seconds,KDS - Login Don't Delete
12060 Potranco Road,Sugey Cabrera,100,28,,1,9/5/25 10:23 AM,9/5/25 10:23 AM,2 seconds,Zoila Salinas
12060 Potranco Road,Melissa  Urena,105,,Drive Thru,,9/5/25 10:15 AM,9/5/25 10:24 AM,8 minutes and 37 seconds,KDS - Login Don't Delete
12060 Potranco Road,Melissa  Urena,105,,Food,,9/5/25 10:15 AM,9/5/25 10:24 AM,8 minutes and 37 seconds,KDS - Login Don't Delete
12060 Potranco Road,Sugey Cabrera,102,,Drive Thru,,9/5/25 10:12 AM,9/5/25 10:26 AM,14 minutes and 17 seconds,KDS - Login Don't Delete
12060 Potranco Road,Sugey Cabrera,102,,Food,,9/5/25 10:12 AM,9/5/25 10:26 AM,14 minutes and 17 seconds,KDS - Login Don't Delete
12060 Potranco Road,Melissa  Urena,106,,Drive Thru,,9/5/25 10:19 AM,9/5/25 10:28 AM,9 minutes and 19 seconds,KDS - Login Don't Delete
12060 Potranco Road,Melissa  Urena,106,,Food,,9/5/25 10:19 AM,9/5/25 10:28 AM,9 minutes and 19 seconds,KDS - Login Don't Delete
12060 Potranco Road,Melissa  Urena,109,,Food,,9/5/25 10:26 AM,9/5/25 10:28 AM,1 minute and 40 seconds,KDS - Login Don't Delete
12060 Potranco Road,Sugey Cabrera,102,,,1,9/5/25 10:26 AM,9/5/25 10:34 AM,8 minutes and 14 seconds,Zoila Salinas
12060 Potranco Road,Leticia Roman,92,2,,1,9/5/25 10:23 AM,9/5/25 10:34 AM,11 minutes and 8 seconds,Zoila Salinas
12060 Potranco Road,Leticia Roman,111,,No Print,,9/5/25 10:32 AM,9/5/25 10:36 AM,4 minutes and 11 seconds,KDS - Login Don't Delete
12060 Potranco Road,Leticia Roman,111,,Food,,9/5/25 10:32 AM,9/5/25 10:36 AM,4 minutes and 11 seconds,KDS - Login Don't Delete
12060 Potranco Road,Adrian Morales,108,29,No Print,,9/5/25 10:29 AM,9/5/25 10:36 AM,7 minutes and 31 seconds,KDS - Login Don't Delete
12060 Potranco Road,Adrian Morales,108,29,Food,,9/5/25 10:29 AM,9/5/25 10:36 AM,7 minutes and 31 seconds,KDS - Login Don't Delete
12060 Potranco Road,Leticia Roman,107,34,,1,9/5/25 10:22 AM,9/5/25 10:42 AM,19 minutes and 57 seconds,Zoila Salinas
12060 Potranco Road,Melissa  Urena,110,,Drive Thru,,9/5/25 10:27 AM,9/5/25 10:42 AM,15 minutes and 26 seconds,KDS - Login Don't Delete
12060 Potranco Road,Melissa  Urena,110,,Food,,9/5/25 10:27 AM,9/5/25 10:42 AM,15 minutes and 26 seconds,KDS - Login Don't Delete
12060 Potranco Road,Melissa  Urena,112,,Drive Thru,,9/5/25 10:30 AM,9/5/25 10:42 AM,11 minutes and 56 seconds,KDS - Login Don't Delete
12060 Potranco Road,Melissa  Urena,112,,Food,,9/5/25 10:30 AM,9/5/25 10:42 AM,11 minutes and 56 seconds,KDS - Login Don't Delete
12060 Potranco Road,Melissa  Urena,116,,Drive Thru,,9/5/25 10:37 AM,9/5/25 10:42 AM,5 minutes and 18 seconds,KDS - Login Don't Delete
12060 Potranco Road,Melissa  Urena,116,,Food,,9/5/25 10:37 AM,9/5/25 10:42 AM,5 minutes and 18 seconds,KDS - Login Don't Delete
12060 Potranco Road,Lizbeth Garcia,113,,,1,9/5/25 10:33 AM,9/5/25 10:43 AM,10 minutes and 28 seconds,Zoila Salinas
12060 Potranco Road,Sugey Cabrera,114,3,No Print,,9/5/25 10:33 AM,9/5/25 10:43 AM,9 minutes and 44 seconds,KDS - Login Don't Delete
12060 Potranco Road,Sugey Cabrera,114,3,Food,,9/5/25 10:33 AM,9/5/25 10:43 AM,9 minutes and 44 seconds,KDS - Login Don't Delete
12060 Potranco Road,Sugey Cabrera,118,,,1,9/5/25 10:39 AM,9/5/25 10:44 AM,5 minutes and 55 seconds,Zoila Salinas
12060 Potranco Road,Adrian Morales,108,29,Drive Thru,,9/5/25 10:41 AM,9/5/25 10:46 AM,5 minutes and 10 seconds,KDS - Login Don't Delete
12060 Potranco Road,Adrian Morales,108,29,Food,,9/5/25 10:41 AM,9/5/25 10:46 AM,5 minutes and 10 seconds,KDS - Login Don't Delete
12060 Potranco Road,Sugey Cabrera,114,3,,1,9/5/25 10:43 AM,9/5/25 10:47 AM,3 minutes and 28 seconds,Zoila Salinas
12060 Potranco Road,Leticia Roman,111,,,1,9/5/25 10:36 AM,9/5/25 10:47 AM,10 minutes and 17 seconds,Zoila Salinas
12060 Potranco Road,Adrian Morales,108,29,,1,9/5/25 10:46 AM,9/5/25 10:47 AM,11 seconds,Zoila Salinas
12060 Potranco Road,Adrian Morales,108,29,,1,9/5/25 10:36 AM,9/5/25 10:47 AM,10 minutes and 16 seconds,Zoila Salinas
12060 Potranco Road,Sugey Cabrera,115,,Drive Thru,,9/5/25 10:37 AM,9/5/25 10:48 AM,11 minutes and 56 seconds,KDS - Login Don't Delete
12060 Potranco Road,Sugey Cabrera,115,,Food,,9/5/25 10:37 AM,9/5/25 10:48 AM,11 minutes and 56 seconds,KDS - Login Don't Delete
12060 Potranco Road,Melissa  Urena,120,,Drive Thru,,9/5/25 10:42 AM,9/5/25 10:49 AM,6 minutes and 33 seconds,KDS - Login Don't Delete
12060 Potranco Road,Melissa  Urena,120,,Food,,9/5/25 10:42 AM,9/5/25 10:49 AM,6 minutes and 33 seconds,KDS - Login Don't Delete
12060 Potranco Road,Melissa  Urena,121,,Drive Thru,,9/5/25 10:44 AM,9/5/25 10:49 AM,4 minutes and 42 seconds,KDS - Login Don't Delete
12060 Potranco Road,Melissa  Urena,121,,Food,,9/5/25 10:44 AM,9/5/25 10:49 AM,4 minutes and 42 seconds,KDS - Login Don't Delete
12060 Potranco Road,Melissa  Urena,119,,Drive Thru,,9/5/25 10:42 AM,9/5/25 10:49 AM,6 minutes and 37 seconds,KDS - Login Don't Delete
12060 Potranco Road,Melissa  Urena,119,,Food,,9/5/25 10:42 AM,9/5/25 10:49 AM,6 minutes and 37 seconds,KDS - Login Don't Delete
12060 Potranco Road,Sugey Cabrera,115,,,1,9/5/25 10:48 AM,9/5/25 10:49 AM,1 minute,Zoila Salinas
12060 Potranco Road,Melissa  Urena,130,,Drive Thru,,9/5/25 10:52 AM,9/5/25 10:56 AM,3 minutes and 39 seconds,KDS - Login Don't Delete
12060 Potranco Road,Melissa  Urena,130,,Food,,9/5/25 10:52 AM,9/5/25 10:56 AM,3 minutes and 39 seconds,KDS - Login Don't Delete
12060 Potranco Road,Melissa  Urena,127,,Drive Thru,,9/5/25 10:51 AM,9/5/25 10:56 AM,4 minutes and 36 seconds,KDS - Login Don't Delete
12060 Potranco Road,Melissa  Urena,127,,Food,,9/5/25 10:51 AM,9/5/25 10:56 AM,4 minutes and 36 seconds,KDS - Login Don't Delete
12060 Potranco Road,Leticia Roman,126,,,1,9/5/25 10:50 AM,9/5/25 11:00 AM,9 minutes and 51 seconds,Zoila Salinas
12060 Potranco Road,Leticia Roman,122,4,,1,9/5/25 10:52 AM,9/5/25 11:00 AM,8 minutes and 25 seconds,Zoila Salinas
12060 Potranco Road,Lizbeth Garcia,123,5,,1,9/5/25 10:49 AM,9/5/25 11:00 AM,11 minutes and 21 seconds,Zoila Salinas
12060 Potranco Road,Carlos Morales,124,,Drive Thru,,9/5/25 10:48 AM,9/5/25 11:01 AM,12 minutes and 52 seconds,KDS - Login Don't Delete
12060 Potranco Road,Carlos Morales,124,,Food,,9/5/25 10:48 AM,9/5/25 11:01 AM,12 minutes and 52 seconds,KDS - Login Don't Delete
12060 Potranco Road,Carlos Morales,124,,,1,9/5/25 11:01 AM,9/5/25 11:03 AM,1 minute and 31 seconds,Zoila Salinas
12060 Potranco Road,Adrian Morales,131,1,No Print,,9/5/25 10:54 AM,9/5/25 11:03 AM,9 minutes and 12 seconds,KDS - Login Don't Delete
12060 Potranco Road,Adrian Morales,131,1,Food,,9/5/25 10:54 AM,9/5/25 11:03 AM,9 minutes and 12 seconds,KDS - Login Don't Delete
12060 Potranco Road,Sugey Cabrera,128,14,,1,9/5/25 10:53 AM,9/5/25 11:04 AM,10 minutes and 54 seconds,Zoila Salinas
12060 Potranco Road,Leticia Roman,129,,Drive Thru,,9/5/25 10:53 AM,9/5/25 11:05 AM,12 minutes and 43 seconds,KDS - Login Don't Delete
12060 Potranco Road,Leticia Roman,129,,Food,,9/5/25 10:53 AM,9/5/25 11:05 AM,12 minutes and 43 seconds,KDS - Login Don't Delete
12060 Potranco Road,Leticia Roman,129,,,1,9/5/25 11:05 AM,9/5/25 11:09 AM,3 minutes and 49 seconds,Zoila Salinas
12060 Potranco Road,Adrian Morales,131,1,,1,9/5/25 11:03 AM,9/5/25 11:09 AM,5 minutes and 50 seconds,Zoila Salinas
12060 Potranco Road,Melissa  Urena,125,,Drive Thru,,9/5/25 10:49 AM,9/5/25 11:10 AM,20 minutes and 46 seconds,KDS - Login Don't Delete
12060 Potranco Road,Melissa  Urena,125,,Food,,9/5/25 10:49 AM,9/5/25 11:10 AM,20 minutes and 46 seconds,KDS - Login Don't Delete
12060 Potranco Road,Melissa  Urena,134,,Drive Thru,,9/5/25 11:00 AM,9/5/25 11:10 AM,9 minutes and 20 seconds,KDS - Login Don't Delete
12060 Potranco Road,Melissa  Urena,134,,Food,,9/5/25 11:00 AM,9/5/25 11:10 AM,9 minutes and 20 seconds,KDS - Login Don't Delete
12060 Potranco Road,Melissa  Urena,132,,Drive Thru,,9/5/25 10:55 AM,9/5/25 11:10 AM,14 minutes and 51 seconds,KDS - Login Don't Delete
12060 Potranco Road,Melissa  Urena,132,,Food,,9/5/25 10:55 AM,9/5/25 11:10 AM,14 minutes and 51 seconds,KDS - Login Don't Delete
12060 Potranco Road,Melissa  Urena,133,,Food,,9/5/25 10:59 AM,9/5/25 11:10 AM,10 minutes and 17 seconds,KDS - Login Don't Delete
12060 Potranco Road,Melissa  Urena,133,,Drive Thru,,9/5/25 10:59 AM,9/5/25 11:10 AM,10 minutes and 17 seconds,KDS - Login Don't Delete
12060 Potranco Road,Lizbeth Garcia,135,16,No Print,,9/5/25 11:05 AM,9/5/25 11:11 AM,6 minutes and 26 seconds,KDS - Login Don't Delete
12060 Potranco Road,Lizbeth Garcia,135,16,Food,,9/5/25 11:05 AM,9/5/25 11:11 AM,6 minutes and 26 seconds,KDS - Login Don't Delete
12060 Potranco Road,Lizbeth Garcia,135,16,No Print,,9/5/25 11:09 AM,9/5/25 11:15 AM,5 minutes and 35 seconds,KDS - Login Don't Delete
12060 Potranco Road,Lizbeth Garcia,135,16,Food,,9/5/25 11:09 AM,9/5/25 11:15 AM,5 minutes and 35 seconds,KDS - Login Don't Delete
12060 Potranco Road,Leticia Roman,136,23,No Print,,9/5/25 11:05 AM,9/5/25 11:15 AM,9 minutes and 59 seconds,KDS - Login Don't Delete
12060 Potranco Road,Leticia Roman,136,23,Food,,9/5/25 11:05 AM,9/5/25 11:15 AM,9 minutes and 59 seconds,KDS - Login Don't Delete
12060 Potranco Road,Gabriel Tovar ,137,,Drive Thru,,9/5/25 11:05 AM,9/5/25 11:15 AM,9 minutes and 41 seconds,KDS - Login Don't Delete
12060 Potranco Road,Gabriel Tovar ,137,,Food,,9/5/25 11:05 AM,9/5/25 11:15 AM,9 minutes and 41 seconds,KDS - Login Don't Delete
12060 Potranco Road,Sugey Cabrera,128,14,No Print,,9/5/25 11:16 AM,9/5/25 11:18 AM,2 minutes and 42 seconds,KDS - Login Don't Delete
12060 Potranco Road,Sugey Cabrera,128,14,Food,,9/5/25 11:16 AM,9/5/25 11:18 AM,2 minutes and 42 seconds,KDS - Login Don't Delete
12060 Potranco Road,Melissa  Urena,46,,Drive Thru,,9/5/25 11:11 AM,9/5/25 11:20 AM,8 minutes and 49 seconds,KDS - Login Don't Delete
12060 Potranco Road,Melissa  Urena,46,,Food,,9/5/25 11:11 AM,9/5/25 11:20 AM,8 minutes and 49 seconds,KDS - Login Don't Delete
12060 Potranco Road,Melissa  Urena,138,,Food,,9/5/25 11:11 AM,9/5/25 11:20 AM,8 minutes and 58 seconds,KDS - Login Don't Delete
12060 Potranco Road,Melissa  Urena,138,,Drive Thru,,9/5/25 11:11 AM,9/5/25 11:20 AM,8 minutes and 58 seconds,KDS - Login Don't Delete
12060 Potranco Road,Melissa  Urena,140,,Drive Thru,,9/5/25 11:12 AM,9/5/25 11:20 AM,7 minutes and 43 seconds,KDS - Login Don't Delete
12060 Potranco Road,Melissa  Urena,140,,Food,,9/5/25 11:12 AM,9/5/25 11:20 AM,7 minutes and 43 seconds,KDS - Login Don't Delete
12060 Potranco Road,Melissa  Urena,143,,Drive Thru,,9/5/25 11:15 AM,9/5/25 11:20 AM,4 minutes and 15 seconds,KDS - Login Don't Delete
12060 Potranco Road,Melissa  Urena,143,,Food,,9/5/25 11:15 AM,9/5/25 11:20 AM,4 minutes and 15 seconds,KDS - Login Don't Delete
12060 Potranco Road,Gabriel Tovar ,137,,,1,9/5/25 11:15 AM,9/5/25 11:21 AM,5 minutes and 37 seconds,Zoila Salinas
12060 Potranco Road,Adrian Morales,142,15,,1,9/5/25 11:15 AM,9/5/25 11:21 AM,5 minutes and 41 seconds,Zoila Salinas
12060 Potranco Road,Gabriel Tovar ,141,,Drive Thru,,9/5/25 11:13 AM,9/5/25 11:23 AM,9 minutes and 55 seconds,KDS - Login Don't Delete
12060 Potranco Road,Gabriel Tovar ,141,,Food,,9/5/25 11:13 AM,9/5/25 11:23 AM,9 minutes and 55 seconds,KDS - Login Don't Delete
12060 Potranco Road,Lizbeth Garcia,135,16,,1,9/5/25 11:11 AM,9/5/25 11:27 AM,16 minutes and 12 seconds,Zoila Salinas
12060 Potranco Road,Lizbeth Garcia,135,16,,1,9/5/25 11:15 AM,9/5/25 11:27 AM,12 minutes and 16 seconds,Zoila Salinas
12060 Potranco Road,Leticia Roman,136,23,,1,9/5/25 11:15 AM,9/5/25 11:27 AM,12 minutes and 14 seconds,Zoila Salinas
12060 Potranco Road,Gabriel Tovar ,141,,,1,9/5/25 11:23 AM,9/5/25 11:27 AM,3 minutes and 56 seconds,Zoila Salinas
12060 Potranco Road,Sugey Cabrera,128,14,,1,9/5/25 11:18 AM,9/5/25 11:27 AM,8 minutes and 54 seconds,Zoila Salinas
12060 Potranco Road,Lizbeth Garcia,145,18,No Print,,9/5/25 11:24 AM,9/5/25 11:29 AM,5 minutes and 20 seconds,KDS - Login Don't Delete
12060 Potranco Road,Lizbeth Garcia,145,18,Food,,9/5/25 11:24 AM,9/5/25 11:29 AM,5 minutes and 20 seconds,KDS - Login Don't Delete
12060 Potranco Road,Lizbeth Garcia,145,18,Drive Thru,,9/5/25 11:24 AM,9/5/25 11:29 AM,5 minutes and 20 seconds,KDS - Login Don't Delete
12060 Potranco Road,Melissa  Urena,147,,Drive Thru,,9/5/25 11:24 AM,9/5/25 11:32 AM,7 minutes and 58 seconds,KDS - Login Don't Delete
12060 Potranco Road,Melissa  Urena,147,,Food,,9/5/25 11:24 AM,9/5/25 11:32 AM,7 minutes and 58 seconds,KDS - Login Don't Delete
12060 Potranco Road,Melissa  Urena,146,,Drive Thru,,9/5/25 11:23 AM,9/5/25 11:32 AM,9 minutes and 29 seconds,KDS - Login Don't Delete
12060 Potranco Road,Melissa  Urena,146,,Food,,9/5/25 11:23 AM,9/5/25 11:32 AM,9 minutes and 29 seconds,KDS - Login Don't Delete
12060 Potranco Road,Melissa  Urena,148,,Drive Thru,,9/5/25 11:26 AM,9/5/25 11:32 AM,6 minutes and 42 seconds,KDS - Login Don't Delete
12060 Potranco Road,Melissa  Urena,148,,Food,,9/5/25 11:26 AM,9/5/25 11:32 AM,6 minutes and 42 seconds,KDS - Login Don't Delete
12060 Potranco Road,Sugey Cabrera,149,12,No Print,,9/5/25 11:26 AM,9/5/25 11:35 AM,8 minutes and 12 seconds,KDS - Login Don't Delete
12060 Potranco Road,Sugey Cabrera,149,12,Food,,9/5/25 11:26 AM,9/5/25 11:35 AM,8 minutes and 12 seconds,KDS - Login Don't Delete
12060 Potranco Road,Lizbeth Garcia,145,18,,1,9/5/25 11:29 AM,9/5/25 11:36 AM,6 minutes and 21 seconds,Zoila Salinas
12060 Potranco Road,Sugey Cabrera,149,12,,1,9/5/25 11:35 AM,9/5/25 11:36 AM,1 minute and 5 seconds,Zoila Salinas
12060 Potranco Road,Adrian Morales,152,35,No Print,,9/5/25 11:36 AM,9/5/25 11:42 AM,5 minutes and 6 seconds,KDS - Login Don't Delete
12060 Potranco Road,Adrian Morales,152,35,Food,,9/5/25 11:36 AM,9/5/25 11:42 AM,5 minutes and 6 seconds,KDS - Login Don't Delete
12060 Potranco Road,Adrian Morales,152,35,Drive Thru,,9/5/25 11:36 AM,9/5/25 11:42 AM,5 minutes and 6 seconds,KDS - Login Don't Delete
12060 Potranco Road,Leticia Roman,150,26,No Print,,9/5/25 11:36 AM,9/5/25 11:42 AM,6 minutes and 4 seconds,KDS - Login Don't Delete
12060 Potranco Road,Leticia Roman,150,26,Food,,9/5/25 11:36 AM,9/5/25 11:42 AM,6 minutes and 4 seconds,KDS - Login Don't Delete
12060 Potranco Road,Leticia Roman,150,26,Drive Thru,,9/5/25 11:36 AM,9/5/25 11:42 AM,6 minutes and 4 seconds,KDS - Login Don't Delete
12060 Potranco Road,Melissa  Urena,151,,Food,,9/5/25 11:36 AM,9/5/25 11:44 AM,8 minutes and 7 seconds,KDS - Login Don't Delete
12060 Potranco Road,Melissa  Urena,151,,Drive Thru,,9/5/25 11:36 AM,9/5/25 11:44 AM,8 minutes and 7 seconds,KDS - Login Don't Delete
12060 Potranco Road,Melissa  Urena,153,,Drive Thru,,9/5/25 11:37 AM,9/5/25 11:44 AM,7 minutes and 32 seconds,KDS - Login Don't Delete
12060 Potranco Road,Melissa  Urena,153,,Food,,9/5/25 11:37 AM,9/5/25 11:44 AM,7 minutes and 32 seconds,KDS - Login Don't Delete
12060 Potranco Road,Melissa  Urena,155,,Food,,9/5/25 11:43 AM,9/5/25 11:44 AM,1 minute and 6 seconds,KDS - Login Don't Delete
12060 Potranco Road,Adrian Morales,131,1,No Print,,9/5/25 11:45 AM,9/5/25 11:51 AM,5 minutes and 30 seconds,KDS - Login Don't Delete
12060 Potranco Road,Adrian Morales,131,1,Food,,9/5/25 11:45 AM,9/5/25 11:51 AM,5 minutes and 30 seconds,KDS - Login Don't Delete
12060 Potranco Road,Melissa  Urena,156,,Drive Thru,,9/5/25 11:45 AM,9/5/25 11:53 AM,7 minutes and 24 seconds,KDS - Login Don't Delete
12060 Potranco Road,Melissa  Urena,156,,Food,,9/5/25 11:45 AM,9/5/25 11:53 AM,7 minutes and 24 seconds,KDS - Login Don't Delete
12060 Potranco Road,Melissa  Urena,157,,Drive Thru,,9/5/25 11:48 AM,9/5/25 11:53 AM,4 minutes and 20 seconds,KDS - Login Don't Delete
12060 Potranco Road,Melissa  Urena,157,,Food,,9/5/25 11:48 AM,9/5/25 11:53 AM,4 minutes and 20 seconds,KDS - Login Don't Delete
12060 Potranco Road,Melissa  Urena,154,,Food,,9/5/25 11:42 AM,9/5/25 11:53 AM,10 minutes and 31 seconds,KDS - Login Don't Delete
12060 Potranco Road,Melissa  Urena,154,,Drive Thru,,9/5/25 11:42 AM,9/5/25 11:53 AM,10 minutes and 31 seconds,KDS - Login Don't Delete
12060 Potranco Road,Leticia Roman,160,,Drive Thru,,9/5/25 11:56 AM,9/5/25 11:59 AM,3 minutes and 23 seconds,KDS - Login Don't Delete
12060 Potranco Road,Leticia Roman,160,,Food,,9/5/25 11:56 AM,9/5/25 11:59 AM,3 minutes and 23 seconds,KDS - Login Don't Delete
12060 Potranco Road,Sugey Cabrera,159,21,No Print,,9/5/25 11:54 AM,9/5/25 12:02 PM,8 minutes and 7 seconds,KDS - Login Don't Delete
12060 Potranco Road,Sugey Cabrera,159,21,Food,,9/5/25 11:54 AM,9/5/25 12:02 PM,8 minutes and 7 seconds,KDS - Login Don't Delete
12060 Potranco Road,Adrian Morales,163,2,No Print,,9/5/25 12:05 PM,9/5/25 12:08 PM,2 minutes and 24 seconds,KDS - Login Don't Delete
12060 Potranco Road,Adrian Morales,163,2,Food,,9/5/25 12:05 PM,9/5/25 12:08 PM,2 minutes and 24 seconds,KDS - Login Don't Delete
12060 Potranco Road,Sugey Cabrera,164,26,No Print,,9/5/25 12:05 PM,9/5/25 12:08 PM,2 minutes and 20 seconds,KDS - Login Don't Delete
12060 Potranco Road,Sugey Cabrera,164,26,Food,,9/5/25 12:05 PM,9/5/25 12:08 PM,2 minutes and 20 seconds,KDS - Login Don't Delete
12060 Potranco Road,Adrian Morales,163,2,,1,9/5/25 12:08 PM,9/5/25 12:15 PM,7 minutes and 14 seconds,Zoila Salinas
12060 Potranco Road,Adrian Morales,131,1,,1,9/5/25 11:51 AM,9/5/25 12:15 PM,24 minutes and 15 seconds,Zoila Salinas
12060 Potranco Road,Leticia Roman,150,26,,1,9/5/25 11:42 AM,9/5/25 12:15 PM,33 minutes and 17 seconds,Zoila Salinas
12060 Potranco Road,Adrian Morales,152,35,,1,9/5/25 11:42 AM,9/5/25 12:15 PM,33 minutes and 19 seconds,Zoila Salinas
12060 Potranco Road,Sugey Cabrera,159,21,,1,9/5/25 12:02 PM,9/5/25 12:15 PM,12 minutes and 29 seconds,Zoila Salinas
12060 Potranco Road,Lizbeth Garcia,165,3,No Print,,9/5/25 12:08 PM,9/5/25 12:15 PM,7 minutes and 49 seconds,KDS - Login Don't Delete
12060 Potranco Road,Lizbeth Garcia,165,3,Food,,9/5/25 12:08 PM,9/5/25 12:15 PM,7 minutes and 49 seconds,KDS - Login Don't Delete
12060 Potranco Road,Leticia Roman,162,7,No Print,,9/5/25 12:09 PM,9/5/25 12:16 PM,6 minutes and 52 seconds,KDS - Login Don't Delete
12060 Potranco Road,Leticia Roman,162,7,Food,,9/5/25 12:09 PM,9/5/25 12:16 PM,6 minutes and 52 seconds,KDS - Login Don't Delete
12060 Potranco Road,Melissa  Urena,166,,Drive Thru,,9/5/25 12:12 PM,9/5/25 12:18 PM,5 minutes and 55 seconds,KDS - Login Don't Delete
12060 Potranco Road,Melissa  Urena,166,,Food,,9/5/25 12:12 PM,9/5/25 12:18 PM,5 minutes and 55 seconds,KDS - Login Don't Delete
12060 Potranco Road,Melissa  Urena,161,,Food,,9/5/25 12:04 PM,9/5/25 12:18 PM,13 minutes and 41 seconds,KDS - Login Don't Delete
12060 Potranco Road,Melissa  Urena,161,,Drive Thru,,9/5/25 12:04 PM,9/5/25 12:18 PM,13 minutes and 41 seconds,KDS - Login Don't Delete
12060 Potranco Road,Leticia Roman,160,,,1,9/5/25 11:59 AM,9/5/25 12:18 PM,18 minutes and 53 seconds,Zoila Salinas
12060 Potranco Road,Leticia Roman,169,23,No Print,,9/5/25 12:19 PM,9/5/25 12:22 PM,3 minutes and 13 seconds,KDS - Login Don't Delete
12060 Potranco Road,Leticia Roman,169,23,Food,,9/5/25 12:19 PM,9/5/25 12:22 PM,3 minutes and 13 seconds,KDS - Login Don't Delete
12060 Potranco Road,Leticia Roman,169,23,Drive Thru,,9/5/25 12:19 PM,9/5/25 12:22 PM,3 minutes and 13 seconds,KDS - Login Don't Delete
12060 Potranco Road,Lizbeth Garcia,170,20,No Print,,9/5/25 12:21 PM,9/5/25 12:22 PM,41 seconds,KDS - Login Don't Delete
12060 Potranco Road,Lizbeth Garcia,170,20,Food,,9/5/25 12:21 PM,9/5/25 12:22 PM,41 seconds,KDS - Login Don't Delete
12060 Potranco Road,Leticia Roman,169,23,,1,9/5/25 12:22 PM,9/5/25 12:22 PM,36 seconds,Zoila Salinas
12060 Potranco Road,Melissa  Urena,168,,Drive Thru,,9/5/25 12:18 PM,9/5/25 12:23 PM,5 minutes and 27 seconds,KDS - Login Don't Delete
12060 Potranco Road,Melissa  Urena,168,,Food,,9/5/25 12:18 PM,9/5/25 12:23 PM,5 minutes and 27 seconds,KDS - Login Don't Delete
12060 Potranco Road,Melissa  Urena,167,,Drive Thru,,9/5/25 12:16 PM,9/5/25 12:23 PM,7 minutes and 19 seconds,KDS - Login Don't Delete
12060 Potranco Road,Melissa  Urena,167,,Food,,9/5/25 12:16 PM,9/5/25 12:23 PM,7 minutes and 19 seconds,KDS - Login Don't Delete
12060 Potranco Road,Adrian Morales,174,25,No Print,,9/5/25 12:23 PM,9/5/25 12:29 PM,5 minutes and 46 seconds,KDS - Login Don't Delete
12060 Potranco Road,Adrian Morales,174,25,Food,,9/5/25 12:23 PM,9/5/25 12:29 PM,5 minutes and 46 seconds,KDS - Login Don't Delete
12060 Potranco Road,Melissa  Urena,172,,Drive Thru,,9/5/25 12:22 PM,9/5/25 12:30 PM,8 minutes and 29 seconds,KDS - Login Don't Delete
12060 Potranco Road,Melissa  Urena,172,,Food,,9/5/25 12:22 PM,9/5/25 12:30 PM,8 minutes and 29 seconds,KDS - Login Don't Delete
12060 Potranco Road,Melissa  Urena,173,,Drive Thru,,9/5/25 12:25 PM,9/5/25 12:30 PM,5 minutes and 25 seconds,KDS - Login Don't Delete
12060 Potranco Road,Melissa  Urena,173,,Food,,9/5/25 12:25 PM,9/5/25 12:30 PM,5 minutes and 25 seconds,KDS - Login Don't Delete
12060 Potranco Road,Melissa  Urena,177,,Drive Thru,,9/5/25 12:25 PM,9/5/25 12:30 PM,4 minutes and 50 seconds,KDS - Login Don't Delete
12060 Potranco Road,Melissa  Urena,177,,Food,,9/5/25 12:25 PM,9/5/25 12:30 PM,4 minutes and 50 seconds,KDS - Login Don't Delete
12060 Potranco Road,Sugey Cabrera,164,26,,1,9/5/25 12:08 PM,9/5/25 12:31 PM,23 minutes and 21 seconds,Zoila Salinas
12060 Potranco Road,Melissa  Urena,178,,Drive Thru,,9/5/25 12:27 PM,9/5/25 12:38 PM,11 minutes and 4 seconds,KDS - Login Don't Delete
12060 Potranco Road,Melissa  Urena,178,,Food,,9/5/25 12:27 PM,9/5/25 12:38 PM,11 minutes and 4 seconds,KDS - Login Don't Delete
12060 Potranco Road,Melissa  Urena,178,,Drive Thru,,9/5/25 12:31 PM,9/5/25 12:38 PM,7 minutes and 40 seconds,KDS - Login Don't Delete
12060 Potranco Road,Melissa  Urena,178,,Food,,9/5/25 12:31 PM,9/5/25 12:38 PM,7 minutes and 40 seconds,KDS - Login Don't Delete
12060 Potranco Road,Adrian Morales,179,8,No Print,,9/5/25 12:30 PM,9/5/25 12:39 PM,8 minutes and 50 seconds,KDS - Login Don't Delete
12060 Potranco Road,Lizbeth Garcia,171,34,No Print,,9/5/25 12:23 PM,9/5/25 12:39 PM,16 minutes and 11 seconds,KDS - Login Don't Delete
12060 Potranco Road,Lizbeth Garcia,171,34,Food,,9/5/25 12:23 PM,9/5/25 12:39 PM,16 minutes and 11 seconds,KDS - Login Don't Delete
12060 Potranco Road,Leticia Roman,176,1,No Print,,9/5/25 12:28 PM,9/5/25 12:39 PM,10 minutes and 26 seconds,KDS - Login Don't Delete
12060 Potranco Road,Leticia Roman,176,1,Food,,9/5/25 12:28 PM,9/5/25 12:39 PM,10 minutes and 26 seconds,KDS - Login Don't Delete
12060 Potranco Road,Sugey Cabrera,180,27,No Print,,9/5/25 12:31 PM,9/5/25 12:39 PM,8 minutes and 2 seconds,KDS - Login Don't Delete
12060 Potranco Road,Sugey Cabrera,180,27,Food,,9/5/25 12:31 PM,9/5/25 12:39 PM,8 minutes and 2 seconds,KDS - Login Don't Delete
12060 Potranco Road,Adrian Morales,179,8,Food,,9/5/25 12:30 PM,9/5/25 12:39 PM,8 minutes and 50 seconds,KDS - Login Don't Delete
12060 Potranco Road,Sugey Cabrera,180,27,,1,9/5/25 12:39 PM,9/5/25 12:39 PM,5 seconds,Zoila Salinas
12060 Potranco Road,Adrian Morales,179,8,,1,9/5/25 12:39 PM,9/5/25 12:41 PM,1 minute and 54 seconds,Zoila Salinas
12060 Potranco Road,Lizbeth Garcia,171,34,,1,9/5/25 12:39 PM,9/5/25 12:41 PM,1 minute and 56 seconds,Zoila Salinas
12060 Potranco Road,Leticia Roman,162,7,,1,9/5/25 12:16 PM,9/5/25 12:41 PM,25 minutes and 10 seconds,Zoila Salinas
12060 Potranco Road,Lizbeth Garcia,170,20,,1,9/5/25 12:22 PM,9/5/25 12:41 PM,18 minutes and 45 seconds,Zoila Salinas
12060 Potranco Road,Lizbeth Garcia,165,3,,1,9/5/25 12:15 PM,9/5/25 12:41 PM,25 minutes and 11 seconds,Zoila Salinas
12060 Potranco Road,Sugey Cabrera,181,31,,1,9/5/25 12:37 PM,9/5/25 12:47 PM,9 minutes and 58 seconds,Zoila Salinas
12060 Potranco Road,Gabriel Tovar ,175,,Drive Thru,,9/5/25 12:25 PM,9/5/25 12:49 PM,23 minutes and 54 seconds,KDS - Login Don't Delete
12060 Potranco Road,Gabriel Tovar ,175,,Food,,9/5/25 12:25 PM,9/5/25 12:49 PM,23 minutes and 54 seconds,KDS - Login Don't Delete
12060 Potranco Road,Adrian Morales,174,25,,1,9/5/25 12:29 PM,9/5/25 12:52 PM,22 minutes and 54 seconds,Zoila Salinas
12060 Potranco Road,Gabriel Tovar ,175,,,1,9/5/25 12:49 PM,9/5/25 12:52 PM,2 minutes and 59 seconds,Zoila Salinas
12060 Potranco Road,Leticia Roman,176,1,,1,9/5/25 12:39 PM,9/5/25 12:52 PM,13 minutes and 27 seconds,Zoila Salinas
12060 Potranco Road,Melissa  Urena,182,,Food,,9/5/25 12:38 PM,9/5/25 12:53 PM,14 minutes and 38 seconds,KDS - Login Don't Delete
12060 Potranco Road,Melissa  Urena,182,,Drive Thru,,9/5/25 12:38 PM,9/5/25 12:53 PM,14 minutes and 38 seconds,KDS - Login Don't Delete
12060 Potranco Road,Melissa  Urena,184,,Drive Thru,,9/5/25 12:45 PM,9/5/25 12:53 PM,7 minutes and 28 seconds,KDS - Login Don't Delete
12060 Potranco Road,Melissa  Urena,184,,Food,,9/5/25 12:45 PM,9/5/25 12:53 PM,7 minutes and 28 seconds,KDS - Login Don't Delete
12060 Potranco Road,Melissa  Urena,186,,Drive Thru,,9/5/25 12:48 PM,9/5/25 12:53 PM,5 minutes and 16 seconds,KDS - Login Don't Delete
12060 Potranco Road,Melissa  Urena,186,,Food,,9/5/25 12:48 PM,9/5/25 12:53 PM,5 minutes and 16 seconds,KDS - Login Don't Delete
12060 Potranco Road,Lizbeth Garcia,185,16,No Print,,9/5/25 12:48 PM,9/5/25 12:56 PM,7 minutes and 57 seconds,KDS - Login Don't Delete
12060 Potranco Road,Lizbeth Garcia,185,16,Food,,9/5/25 12:48 PM,9/5/25 12:56 PM,7 minutes and 57 seconds,KDS - Login Don't Delete
12060 Potranco Road,Lizbeth Garcia,185,16,Drive Thru,,9/5/25 12:48 PM,9/5/25 12:56 PM,7 minutes and 57 seconds,KDS - Login Don't Delete
12060 Potranco Road,Sugey Cabrera,181,31,No Print,,9/5/25 12:46 PM,9/5/25 12:56 PM,9 minutes and 45 seconds,KDS - Login Don't Delete
12060 Potranco Road,Sugey Cabrera,181,31,Food,,9/5/25 12:46 PM,9/5/25 12:56 PM,9 minutes and 45 seconds,KDS - Login Don't Delete
12060 Potranco Road,Sugey Cabrera,181,31,Drive Thru,,9/5/25 12:46 PM,9/5/25 12:56 PM,9 minutes and 45 seconds,KDS - Login Don't Delete
12060 Potranco Road,Sugey Cabrera,181,31,,1,9/5/25 12:56 PM,9/5/25 12:57 PM,1 minute and 11 seconds,Zoila Salinas
12060 Potranco Road,Melissa  Urena,190,,Drive Thru,,9/5/25 1:03 PM,9/5/25 1:05 PM,1 minute and 45 seconds,KDS - Login Don't Delete
12060 Potranco Road,Melissa  Urena,190,,Food,,9/5/25 1:03 PM,9/5/25 1:05 PM,1 minute and 45 seconds,KDS - Login Don't Delete
12060 Potranco Road,Melissa  Urena,188,,Drive Thru,,9/5/25 12:58 PM,9/5/25 1:05 PM,7 minutes and 8 seconds,KDS - Login Don't Delete
12060 Potranco Road,Melissa  Urena,188,,Food,,9/5/25 12:58 PM,9/5/25 1:05 PM,7 minutes and 8 seconds,KDS - Login Don't Delete
12060 Potranco Road,Leticia Roman,187,,Drive Thru,,9/5/25 12:48 PM,9/5/25 1:08 PM,19 minutes and 26 seconds,KDS - Login Don't Delete
12060 Potranco Road,Leticia Roman,187,,Food,,9/5/25 12:48 PM,9/5/25 1:08 PM,19 minutes and 26 seconds,KDS - Login Don't Delete
12060 Potranco Road,Adrian Morales,191,17,No Print,,9/5/25 1:05 PM,9/5/25 1:15 PM,10 minutes and 22 seconds,KDS - Login Don't Delete
12060 Potranco Road,Adrian Morales,191,17,Food,,9/5/25 1:05 PM,9/5/25 1:15 PM,10 minutes and 22 seconds,KDS - Login Don't Delete
12060 Potranco Road,Leticia Roman,189,5,No Print,,9/5/25 1:07 PM,9/5/25 1:15 PM,8 minutes and 2 seconds,KDS - Login Don't Delete
12060 Potranco Road,Leticia Roman,189,5,Food,,9/5/25 1:07 PM,9/5/25 1:15 PM,8 minutes and 2 seconds,KDS - Login Don't Delete
12060 Potranco Road,Leticia Roman,189,5,Drive Thru,,9/5/25 1:07 PM,9/5/25 1:15 PM,8 minutes and 2 seconds,KDS - Login Don't Delete
12060 Potranco Road,Leticia Roman,189,5,,1,9/5/25 1:15 PM,9/5/25 1:17 PM,2 minutes and 5 seconds,Zoila Salinas
12060 Potranco Road,Melissa  Urena,193,,Drive Thru,,9/5/25 1:14 PM,9/5/25 1:19 PM,5 minutes and 16 seconds,KDS - Login Don't Delete
12060 Potranco Road,Melissa  Urena,193,,Food,,9/5/25 1:14 PM,9/5/25 1:19 PM,5 minutes and 16 seconds,KDS - Login Don't Delete
12060 Potranco Road,Melissa  Urena,190,,Drive Thru,,9/5/25 1:02 PM,9/5/25 1:19 PM,16 minutes and 59 seconds,KDS - Login Don't Delete
12060 Potranco Road,Melissa  Urena,190,,Food,,9/5/25 1:02 PM,9/5/25 1:19 PM,16 minutes and 59 seconds,KDS - Login Don't Delete
12060 Potranco Road,Melissa  Urena,194,,Food,,9/5/25 1:15 PM,9/5/25 1:19 PM,3 minutes and 50 seconds,KDS - Login Don't Delete
12060 Potranco Road,Melissa  Urena,194,,Drive Thru,,9/5/25 1:17 PM,9/5/25 1:34 PM,16 minutes and 16 seconds,KDS - Login Don't Delete
12060 Potranco Road,Melissa  Urena,194,,Food,,9/5/25 1:17 PM,9/5/25 1:34 PM,16 minutes and 16 seconds,KDS - Login Don't Delete
12060 Potranco Road,Melissa  Urena,198,,Drive Thru,,9/5/25 1:23 PM,9/5/25 1:34 PM,10 minutes and 52 seconds,KDS - Login Don't Delete
12060 Potranco Road,Melissa  Urena,198,,Food,,9/5/25 1:23 PM,9/5/25 1:34 PM,10 minutes and 52 seconds,KDS - Login Don't Delete
12060 Potranco Road,Sugey Cabrera,197,8,No Print,,9/5/25 1:20 PM,9/5/25 1:34 PM,14 minutes and 5 seconds,KDS - Login Don't Delete
12060 Potranco Road,Sugey Cabrera,197,8,Food,,9/5/25 1:20 PM,9/5/25 1:34 PM,14 minutes and 5 seconds,KDS - Login Don't Delete
12060 Potranco Road,Melissa  Urena,199,,Drive Thru,,9/5/25 1:24 PM,9/5/25 1:34 PM,10 minutes and 2 seconds,KDS - Login Don't Delete
12060 Potranco Road,Melissa  Urena,199,,Food,,9/5/25 1:24 PM,9/5/25 1:34 PM,10 minutes and 2 seconds,KDS - Login Don't Delete
12060 Potranco Road,Adrian Morales,191,17,Drive Thru,,9/5/25 1:30 PM,9/5/25 1:36 PM,5 minutes and 59 seconds,KDS - Login Don't Delete
12060 Potranco Road,Adrian Morales,191,17,Food,,9/5/25 1:30 PM,9/5/25 1:36 PM,5 minutes and 59 seconds,KDS - Login Don't Delete
12060 Potranco Road,Lizbeth Garcia,185,16,,1,9/5/25 12:56 PM,9/5/25 1:42 PM,46 minutes and 41 seconds,Zoila Salinas
12060 Potranco Road,Adrian Morales,191,17,,1,9/5/25 1:15 PM,9/5/25 1:42 PM,27 minutes and 14 seconds,Zoila Salinas
12060 Potranco Road,Sugey Cabrera,197,8,,1,9/5/25 1:34 PM,9/5/25 1:42 PM,8 minutes and 22 seconds,Zoila Salinas
12060 Potranco Road,Leticia Roman,187,,,1,9/5/25 1:08 PM,9/5/25 1:42 PM,34 minutes and 45 seconds,Zoila Salinas
12060 Potranco Road,Melissa  Urena,199,,,1,9/5/25 1:34 PM,9/5/25 1:42 PM,8 minutes and 18 seconds,Zoila Salinas
12060 Potranco Road,Melissa  Urena,200,,Drive Thru,,9/5/25 1:43 PM,9/5/25 1:57 PM,14 minutes and 51 seconds,KDS - Login Don't Delete
12060 Potranco Road,Melissa  Urena,200,,Food,,9/5/25 1:43 PM,9/5/25 1:57 PM,14 minutes and 51 seconds,KDS - Login Don't Delete
12060 Potranco Road,Melissa  Urena,203,,Drive Thru,,9/5/25 1:54 PM,9/5/25 1:57 PM,3 minutes and 21 seconds,KDS - Login Don't Delete
12060 Potranco Road,Melissa  Urena,203,,Food,,9/5/25 1:54 PM,9/5/25 1:57 PM,3 minutes and 21 seconds,KDS - Login Don't Delete
12060 Potranco Road,Adrian Morales,191,17,Drive Thru,,9/5/25 1:58 PM,9/5/25 1:58 PM,7 seconds,KDS - Login Don't Delete
12060 Potranco Road,Adrian Morales,191,17,Food,,9/5/25 1:58 PM,9/5/25 1:58 PM,7 seconds,KDS - Login Don't Delete
12060 Potranco Road,Gabriel Tovar ,202,1,Drive Thru,,9/5/25 1:52 PM,9/5/25 1:58 PM,6 minutes and 54 seconds,KDS - Login Don't Delete
12060 Potranco Road,Gabriel Tovar ,202,1,Food,,9/5/25 1:52 PM,9/5/25 1:58 PM,6 minutes and 54 seconds,KDS - Login Don't Delete
12060 Potranco Road,Melissa  Urena,204,,Drive Thru,,9/5/25 1:59 PM,9/5/25 2:07 PM,8 minutes and 44 seconds,KDS - Login Don't Delete
12060 Potranco Road,Melissa  Urena,204,,Food,,9/5/25 1:59 PM,9/5/25 2:07 PM,8 minutes and 44 seconds,KDS - Login Don't Delete
12060 Potranco Road,Melissa  Urena,206,,Drive Thru,,9/5/25 2:01 PM,9/5/25 2:07 PM,6 minutes and 32 seconds,KDS - Login Don't Delete
12060 Potranco Road,Melissa  Urena,206,,Food,,9/5/25 2:01 PM,9/5/25 2:07 PM,6 minutes and 32 seconds,KDS - Login Don't Delete
12060 Potranco Road,Melissa  Urena,206,,Drive Thru,,9/5/25 2:04 PM,9/5/25 2:08 PM,3 minutes and 42 seconds,KDS - Login Don't Delete
12060 Potranco Road,Melissa  Urena,206,,Food,,9/5/25 2:04 PM,9/5/25 2:08 PM,3 minutes and 42 seconds,KDS - Login Don't Delete
12060 Potranco Road,Lizbeth Garcia,205,16,No Print,,9/5/25 1:59 PM,9/5/25 2:09 PM,10 minutes and 33 seconds,KDS - Login Don't Delete
12060 Potranco Road,Lizbeth Garcia,205,16,Food,,9/5/25 1:59 PM,9/5/25 2:09 PM,10 minutes and 33 seconds,KDS - Login Don't Delete
12060 Potranco Road,Lizbeth Garcia,205,16,Drive Thru,,9/5/25 1:59 PM,9/5/25 2:09 PM,10 minutes and 33 seconds,KDS - Login Don't Delete
12060 Potranco Road,Melissa  Urena,207,,Drive Thru,,9/5/25 2:03 PM,9/5/25 2:15 PM,11 minutes and 59 seconds,KDS - Login Don't Delete
12060 Potranco Road,Melissa  Urena,207,,Food,,9/5/25 2:03 PM,9/5/25 2:15 PM,11 minutes and 59 seconds,KDS - Login Don't Delete
12060 Potranco Road,Melissa  Urena,208,,Drive Thru,,9/5/25 2:09 PM,9/5/25 2:15 PM,5 minutes and 59 seconds,KDS - Login Don't Delete
12060 Potranco Road,Melissa  Urena,208,,Food,,9/5/25 2:09 PM,9/5/25 2:15 PM,5 minutes and 59 seconds,KDS - Login Don't Delete
12060 Potranco Road,Mario Jimenez,209,,Drive Thru,,9/5/25 2:19 PM,9/5/25 2:22 PM,3 minutes and 44 seconds,KDS - Login Don't Delete
12060 Potranco Road,Mario Jimenez,209,,Food,,9/5/25 2:19 PM,9/5/25 2:22 PM,3 minutes and 44 seconds,KDS - Login Don't Delete
12060 Potranco Road,Adrian Morales,191,17,,1,9/5/25 1:36 PM,9/5/25 2:32 PM,55 minutes and 34 seconds,Zoila Salinas
12060 Potranco Road,Gabriel Tovar ,202,1,,1,9/5/25 1:58 PM,9/5/25 2:32 PM,33 minutes and 11 seconds,Zoila Salinas
12060 Potranco Road,Adrian Morales,191,17,,1,9/5/25 1:58 PM,9/5/25 2:32 PM,33 minutes and 32 seconds,Zoila Salinas
12060 Potranco Road,Sugey Cabrera,197,8,,1,9/5/25 1:20 PM,9/5/25 2:32 PM,"1 hour, 11 minutes and 18 seconds",Zoila Salinas
12060 Potranco Road,Sugey Cabrera,197,8,,1,9/5/25 1:32 PM,9/5/25 2:32 PM,59 minutes and 44 seconds,Zoila Salinas
12060 Potranco Road,Lizbeth Garcia,205,16,,1,9/5/25 2:09 PM,9/5/25 2:32 PM,22 minutes and 29 seconds,Zoila Salinas
12060 Potranco Road,Mario Jimenez,212,,Drive Thru,,9/5/25 2:57 PM,9/5/25 3:00 PM,2 minutes and 43 seconds,KDS - Login Don't Delete
12060 Potranco Road,Mario Jimenez,212,,Food,,9/5/25 2:57 PM,9/5/25 3:00 PM,2 minutes and 43 seconds,KDS - Login Don't Delete
12060 Potranco Road,Mario Jimenez,210,,Drive Thru,,9/5/25 2:55 PM,9/5/25 3:00 PM,5 minutes and 24 seconds,KDS - Login Don't Delete
12060 Potranco Road,Mario Jimenez,210,,Food,,9/5/25 2:55 PM,9/5/25 3:00 PM,5 minutes and 24 seconds,KDS - Login Don't Delete
12060 Potranco Road,Mario Jimenez,216,,Drive Thru,,9/5/25 3:23 PM,9/5/25 3:25 PM,1 minute and 50 seconds,KDS - Login Don't Delete
12060 Potranco Road,Mario Jimenez,216,,Food,,9/5/25 3:23 PM,9/5/25 3:25 PM,1 minute and 50 seconds,KDS - Login Don't Delete
12060 Potranco Road,Gabriel Tovar ,215,,No Print,,9/5/25 3:14 PM,9/5/25 3:25 PM,11 minutes and 17 seconds,KDS - Login Don't Delete
12060 Potranco Road,Gabriel Tovar ,215,,Food,,9/5/25 3:14 PM,9/5/25 3:25 PM,11 minutes and 17 seconds,KDS - Login Don't Delete
12060 Potranco Road,Mario Jimenez,214,,Drive Thru,,9/5/25 3:07 PM,9/5/25 3:26 PM,18 minutes and 37 seconds,KDS - Login Don't Delete
12060 Potranco Road,Mario Jimenez,214,,Food,,9/5/25 3:07 PM,9/5/25 3:26 PM,18 minutes and 37 seconds,KDS - Login Don't Delete
12060 Potranco Road,Mario Jimenez,214,,,1,9/5/25 3:26 PM,9/5/25 3:29 PM,3 minutes and 17 seconds,Zoila Salinas
12060 Potranco Road,Gabriel Tovar ,215,,,1,9/5/25 3:25 PM,9/5/25 3:29 PM,4 minutes and 18 seconds,Zoila Salinas
12060 Potranco Road,Adrian Morales,218,26,No Print,,9/5/25 3:31 PM,9/5/25 3:34 PM,2 minutes and 39 seconds,KDS - Login Don't Delete
12060 Potranco Road,Adrian Morales,218,26,Food,,9/5/25 3:31 PM,9/5/25 3:34 PM,2 minutes and 39 seconds,KDS - Login Don't Delete
12060 Potranco Road,Adrian Morales,218,26,No Print,,9/5/25 3:43 PM,9/5/25 3:52 PM,9 minutes and 15 seconds,KDS - Login Don't Delete
12060 Potranco Road,Adrian Morales,218,26,Food,,9/5/25 3:43 PM,9/5/25 3:52 PM,9 minutes and 15 seconds,KDS - Login Don't Delete
12060 Potranco Road,Mario Jimenez,221,,Drive Thru,,9/5/25 3:55 PM,9/5/25 3:57 PM,2 minutes and 1 second,KDS - Login Don't Delete
12060 Potranco Road,Mario Jimenez,221,,Food,,9/5/25 3:55 PM,9/5/25 3:57 PM,2 minutes and 1 second,KDS - Login Don't Delete
12060 Potranco Road,Lisa Velasquez,220,,Drive Thru,,9/5/25 3:53 PM,9/5/25 4:00 PM,6 minutes and 44 seconds,KDS - Login Don't Delete
12060 Potranco Road,Lisa Velasquez,220,,Food,,9/5/25 3:53 PM,9/5/25 4:00 PM,6 minutes and 44 seconds,KDS - Login Don't Delete
12060 Potranco Road,Emanuel Sanchez,219,16,No Print,,9/5/25 3:52 PM,9/5/25 4:00 PM,7 minutes and 54 seconds,KDS - Login Don't Delete
12060 Potranco Road,Emanuel Sanchez,219,16,Food,,9/5/25 3:52 PM,9/5/25 4:00 PM,7 minutes and 54 seconds,KDS - Login Don't Delete
12060 Potranco Road,Mario Jimenez,222,,Drive Thru,,9/5/25 4:00 PM,9/5/25 4:02 PM,2 minutes and 15 seconds,KDS - Login Don't Delete
12060 Potranco Road,Mario Jimenez,222,,Food,,9/5/25 4:00 PM,9/5/25 4:02 PM,2 minutes and 15 seconds,KDS - Login Don't Delete
12060 Potranco Road,Mario Jimenez,223,,Drive Thru,,9/5/25 4:00 PM,9/5/25 4:07 PM,7 minutes,KDS - Login Don't Delete
12060 Potranco Road,Mario Jimenez,223,,Food,,9/5/25 4:00 PM,9/5/25 4:07 PM,7 minutes,KDS - Login Don't Delete
12060 Potranco Road,Emanuel Sanchez,219,16,,1,9/5/25 4:00 PM,9/5/25 4:14 PM,13 minutes and 51 seconds,Zoila Salinas
12060 Potranco Road,Lisa Velasquez,225,1,No Print,,9/5/25 4:07 PM,9/5/25 4:15 PM,7 minutes and 14 seconds,KDS - Login Don't Delete
12060 Potranco Road,Lisa Velasquez,225,1,Food,,9/5/25 4:07 PM,9/5/25 4:15 PM,7 minutes and 14 seconds,KDS - Login Don't Delete
12060 Potranco Road,Emanuel Sanchez,224,7,No Print,,9/5/25 4:11 PM,9/5/25 4:15 PM,3 minutes and 52 seconds,KDS - Login Don't Delete
12060 Potranco Road,Emanuel Sanchez,224,7,Food,,9/5/25 4:11 PM,9/5/25 4:15 PM,3 minutes and 52 seconds,KDS - Login Don't Delete
12060 Potranco Road,Lisa Velasquez,225,1,,1,9/5/25 4:15 PM,9/5/25 4:19 PM,4 minutes and 19 seconds,Zoila Salinas
12060 Potranco Road,Lisa Velasquez,220,,,1,9/5/25 4:00 PM,9/5/25 4:19 PM,19 minutes and 18 seconds,Zoila Salinas
12060 Potranco Road,Adrian Morales,218,26,,1,9/5/25 3:34 PM,9/5/25 4:20 PM,46 minutes and 20 seconds,Zoila Salinas
12060 Potranco Road,Adrian Morales,218,26,,1,9/5/25 3:52 PM,9/5/25 4:20 PM,28 minutes and 6 seconds,Zoila Salinas
12060 Potranco Road,Adrian Morales,226,2,No Print,,9/5/25 4:13 PM,9/5/25 4:22 PM,8 minutes and 21 seconds,KDS - Login Don't Delete
12060 Potranco Road,Adrian Morales,226,2,Food,,9/5/25 4:13 PM,9/5/25 4:22 PM,8 minutes and 21 seconds,KDS - Login Don't Delete
12060 Potranco Road,Lisa Velasquez,227,12,No Print,,9/5/25 4:16 PM,9/5/25 4:22 PM,6 minutes and 32 seconds,KDS - Login Don't Delete
12060 Potranco Road,Lisa Velasquez,227,12,Food,,9/5/25 4:16 PM,9/5/25 4:22 PM,6 minutes and 32 seconds,KDS - Login Don't Delete
12060 Potranco Road,Emanuel Sanchez,224,7,,1,9/5/25 4:15 PM,9/5/25 4:22 PM,7 minutes and 25 seconds,Zoila Salinas
12060 Potranco Road,Adrian Morales,226,2,,1,9/5/25 4:22 PM,9/5/25 4:25 PM,2 minutes and 54 seconds,Zoila Salinas
12060 Potranco Road,Lisa Velasquez,227,12,No Print,,9/5/25 4:30 PM,9/5/25 4:32 PM,2 minutes and 38 seconds,KDS - Login Don't Delete
12060 Potranco Road,Lisa Velasquez,227,12,Food,,9/5/25 4:30 PM,9/5/25 4:32 PM,2 minutes and 38 seconds,KDS - Login Don't Delete
12060 Potranco Road,Adrian Morales,230,35,No Print,,9/5/25 4:25 PM,9/5/25 4:34 PM,9 minutes and 11 seconds,KDS - Login Don't Delete
12060 Potranco Road,Adrian Morales,230,35,Drive Thru,,9/5/25 4:25 PM,9/5/25 4:34 PM,9 minutes and 11 seconds,KDS - Login Don't Delete
12060 Potranco Road,Adrian Morales,230,35,Drinks,,9/5/25 4:25 PM,9/5/25 4:34 PM,9 minutes and 11 seconds,KDS - Login Don't Delete
12060 Potranco Road,Adrian Morales,230,35,Food,,9/5/25 4:25 PM,9/5/25 4:34 PM,9 minutes and 11 seconds,KDS - Login Don't Delete
12060 Potranco Road,Emanuel Sanchez,232,18,No Print,,9/5/25 4:29 PM,9/5/25 4:42 PM,12 minutes and 50 seconds,KDS - Login Don't Delete
12060 Potranco Road,Emanuel Sanchez,232,18,Food,,9/5/25 4:29 PM,9/5/25 4:42 PM,12 minutes and 50 seconds,KDS - Login Don't Delete
12060 Potranco Road,Emanuel Sanchez,232,18,,1,9/5/25 4:29 PM,9/5/25 4:42 PM,13 minutes and 35 seconds,Zoila Salinas
12060 Potranco Road,Mario Jimenez,233,,Drive Thru,,9/5/25 4:44 PM,9/5/25 4:52 PM,7 minutes and 8 seconds,KDS - Login Don't Delete
12060 Potranco Road,Mario Jimenez,233,,Food,,9/5/25 4:44 PM,9/5/25 4:52 PM,7 minutes and 8 seconds,KDS - Login Don't Delete
12060 Potranco Road,Lisa Velasquez,234,26,No Print,,9/5/25 4:51 PM,9/5/25 5:03 PM,12 minutes and 6 seconds,KDS - Login Don't Delete
12060 Potranco Road,Lisa Velasquez,234,26,Food,,9/5/25 4:51 PM,9/5/25 5:03 PM,12 minutes and 6 seconds,KDS - Login Don't Delete
12060 Potranco Road,Adrian Morales,230,35,,1,9/5/25 4:34 PM,9/5/25 5:18 PM,44 minutes and 7 seconds,Zoila Salinas
12060 Potranco Road,Lisa Velasquez,227,12,,1,9/5/25 4:32 PM,9/5/25 5:18 PM,45 minutes and 39 seconds,Zoila Salinas
12060 Potranco Road,Lisa Velasquez,227,12,,1,9/5/25 4:22 PM,9/5/25 5:18 PM,55 minutes and 49 seconds,Zoila Salinas
12060 Potranco Road,Lisa Velasquez,234,26,,1,9/5/25 5:03 PM,9/5/25 5:18 PM,14 minutes and 30 seconds,Zoila Salinas
12060 Potranco Road,Mario Jimenez,237,,Drive Thru,,9/5/25 5:12 PM,9/5/25 5:23 PM,10 minutes and 8 seconds,KDS - Login Don't Delete
12060 Potranco Road,Mario Jimenez,237,,Food,,9/5/25 5:12 PM,9/5/25 5:23 PM,10 minutes and 8 seconds,KDS - Login Don't Delete
12060 Potranco Road,Adrian Morales,240,31,No Print,,9/5/25 5:24 PM,9/5/25 5:27 PM,3 minutes and 13 seconds,KDS - Login Don't Delete
12060 Potranco Road,Adrian Morales,240,31,Food,,9/5/25 5:24 PM,9/5/25 5:27 PM,3 minutes and 13 seconds,KDS - Login Don't Delete
12060 Potranco Road,Adrian Morales,240,31,Drive Thru,,9/5/25 5:24 PM,9/5/25 5:27 PM,3 minutes and 13 seconds,KDS - Login Don't Delete
12060 Potranco Road,Adrian Morales,240,31,,1,9/5/25 5:27 PM,9/5/25 5:30 PM,3 minutes and 8 seconds,Zoila Salinas
12060 Potranco Road,Emanuel Sanchez,242,14,No Print,,9/5/25 5:29 PM,9/5/25 5:34 PM,4 minutes and 16 seconds,KDS - Login Don't Delete
12060 Potranco Road,Emanuel Sanchez,242,14,Food,,9/5/25 5:29 PM,9/5/25 5:34 PM,4 minutes and 16 seconds,KDS - Login Don't Delete
12060 Potranco Road,Emanuel Sanchez,243,,Drive Thru,,9/5/25 5:35 PM,9/5/25 5:40 PM,5 minutes and 5 seconds,KDS - Login Don't Delete
12060 Potranco Road,Emanuel Sanchez,243,,Food,,9/5/25 5:35 PM,9/5/25 5:40 PM,5 minutes and 5 seconds,KDS - Login Don't Delete
12060 Potranco Road,Mario Jimenez,245,,Drive Thru,,9/5/25 5:35 PM,9/5/25 5:43 PM,8 minutes and 14 seconds,KDS - Login Don't Delete
12060 Potranco Road,Mario Jimenez,245,,Food,,9/5/25 5:35 PM,9/5/25 5:43 PM,8 minutes and 14 seconds,KDS - Login Don't Delete
12060 Potranco Road,Lisa Velasquez,244,1,No Print,,9/5/25 5:35 PM,9/5/25 5:49 PM,13 minutes and 54 seconds,KDS - Login Don't Delete
12060 Potranco Road,Lisa Velasquez,244,1,Food,,9/5/25 5:35 PM,9/5/25 5:49 PM,13 minutes and 54 seconds,KDS - Login Don't Delete
12060 Potranco Road,Emanuel Sanchez,247,22,No Print,,9/5/25 5:43 PM,9/5/25 5:51 PM,7 minutes and 11 seconds,KDS - Login Don't Delete
12060 Potranco Road,Emanuel Sanchez,247,22,Food,,9/5/25 5:43 PM,9/5/25 5:51 PM,7 minutes and 11 seconds,KDS - Login Don't Delete
12060 Potranco Road,Adrian Morales,246,34,No Print,,9/5/25 5:37 PM,9/5/25 5:51 PM,13 minutes and 17 seconds,KDS - Login Don't Delete
12060 Potranco Road,Adrian Morales,246,34,Food,,9/5/25 5:37 PM,9/5/25 5:51 PM,13 minutes and 17 seconds,KDS - Login Don't Delete
12060 Potranco Road,Emanuel Sanchez,242,14,,1,9/5/25 5:34 PM,9/5/25 5:53 PM,19 minutes and 31 seconds,Zoila Salinas
12060 Potranco Road,Emanuel Sanchez,243,,,1,9/5/25 5:40 PM,9/5/25 5:53 PM,13 minutes and 37 seconds,Zoila Salinas
12060 Potranco Road,Emanuel Sanchez,247,22,,1,9/5/25 5:51 PM,9/5/25 5:53 PM,2 minutes and 42 seconds,Zoila Salinas
12060 Potranco Road,Lisa Velasquez,244,1,,1,9/5/25 5:49 PM,9/5/25 5:53 PM,4 minutes and 28 seconds,Zoila Salinas
12060 Potranco Road,Adrian Morales,246,34,,1,9/5/25 5:51 PM,9/5/25 5:53 PM,2 minutes and 44 seconds,Zoila Salinas
12060 Potranco Road,Mario Jimenez,241,,Drive Thru,,9/5/25 5:53 PM,9/5/25 5:55 PM,2 minutes and 47 seconds,KDS - Login Don't Delete
12060 Potranco Road,Mario Jimenez,241,,Food,,9/5/25 5:53 PM,9/5/25 5:55 PM,2 minutes and 47 seconds,KDS - Login Don't Delete
12060 Potranco Road,Lisa Velasquez,248,28,No Print,,9/5/25 5:48 PM,9/5/25 5:55 PM,7 minutes and 49 seconds,KDS - Login Don't Delete
12060 Potranco Road,Lisa Velasquez,248,28,Food,,9/5/25 5:48 PM,9/5/25 5:55 PM,7 minutes and 49 seconds,KDS - Login Don't Delete
12060 Potranco Road,Lisa Velasquez,248,28,,1,9/5/25 5:55 PM,9/5/25 6:03 PM,7 minutes and 33 seconds,Zoila Salinas
12060 Potranco Road,Adrian Morales,251,21,No Print,,9/5/25 5:58 PM,9/5/25 6:05 PM,7 minutes and 11 seconds,KDS - Login Don't Delete
12060 Potranco Road,Adrian Morales,251,21,Food,,9/5/25 5:58 PM,9/5/25 6:05 PM,7 minutes and 11 seconds,KDS - Login Don't Delete
12060 Potranco Road,Lisa Velasquez,252,15,No Print,,9/5/25 5:59 PM,9/5/25 6:06 PM,7 minutes and 23 seconds,KDS - Login Don't Delete
12060 Potranco Road,Lisa Velasquez,252,15,Food,,9/5/25 5:59 PM,9/5/25 6:06 PM,7 minutes and 23 seconds,KDS - Login Don't Delete
12060 Potranco Road,Adrian Morales,253,16,No Print,,9/5/25 6:01 PM,9/5/25 6:09 PM,7 minutes and 28 seconds,KDS - Login Don't Delete
12060 Potranco Road,Adrian Morales,253,16,Food,,9/5/25 6:01 PM,9/5/25 6:09 PM,7 minutes and 28 seconds,KDS - Login Don't Delete
12060 Potranco Road,Candy Del Angel,256,,,1,9/5/25 6:07 PM,9/5/25 6:09 PM,2 minutes and 21 seconds,Zoila Salinas
12060 Potranco Road,Adrian Morales,251,21,,1,9/5/25 6:05 PM,9/5/25 6:11 PM,5 minutes and 33 seconds,Zoila Salinas
12060 Potranco Road,Adrian Morales,253,16,,1,9/5/25 6:09 PM,9/5/25 6:11 PM,2 minutes and 28 seconds,Zoila Salinas
12060 Potranco Road,Mario Jimenez,249,,Drive Thru,,9/5/25 6:05 PM,9/5/25 6:13 PM,8 minutes and 16 seconds,KDS - Login Don't Delete
12060 Potranco Road,Mario Jimenez,249,,Food,,9/5/25 6:05 PM,9/5/25 6:13 PM,8 minutes and 16 seconds,KDS - Login Don't Delete
12060 Potranco Road,Mario Jimenez,249,,No Print,,9/5/25 6:05 PM,9/5/25 6:13 PM,8 minutes and 16 seconds,KDS - Login Don't Delete
12060 Potranco Road,Mario Jimenez,249,,Drinks,,9/5/25 6:05 PM,9/5/25 6:13 PM,8 minutes and 16 seconds,KDS - Login Don't Delete
12060 Potranco Road,Emanuel Sanchez,250,25,,1,9/5/25 6:04 PM,9/5/25 6:14 PM,9 minutes and 40 seconds,Zoila Salinas
12060 Potranco Road,Candy Del Angel,254,,Drive Thru,,9/5/25 6:05 PM,9/5/25 6:16 PM,11 minutes and 6 seconds,KDS - Login Don't Delete
12060 Potranco Road,Candy Del Angel,254,,Food,,9/5/25 6:05 PM,9/5/25 6:16 PM,11 minutes and 6 seconds,KDS - Login Don't Delete
12060 Potranco Road,Emanuel Sanchez,250,25,No Print,,9/5/25 6:09 PM,9/5/25 6:18 PM,9 minutes and 43 seconds,KDS - Login Don't Delete
12060 Potranco Road,Emanuel Sanchez,250,25,Food,,9/5/25 6:09 PM,9/5/25 6:18 PM,9 minutes and 43 seconds,KDS - Login Don't Delete
12060 Potranco Road,Candy Del Angel,254,,,1,9/5/25 6:16 PM,9/5/25 6:22 PM,5 minutes and 53 seconds,Zoila Salinas
12060 Potranco Road,Lisa Velasquez,252,15,,1,9/5/25 6:06 PM,9/5/25 6:22 PM,16 minutes and 4 seconds,Zoila Salinas
12060 Potranco Road,Candy Del Angel,256,,Drive Thru,,9/5/25 6:07 PM,9/5/25 6:24 PM,17 minutes and 41 seconds,KDS - Login Don't Delete
12060 Potranco Road,Candy Del Angel,256,,Food,,9/5/25 6:07 PM,9/5/25 6:24 PM,17 minutes and 41 seconds,KDS - Login Don't Delete
12060 Potranco Road,Adrian Morales,263,21,No Print,,9/5/25 6:27 PM,9/5/25 6:27 PM,4 seconds,KDS - Login Don't Delete
12060 Potranco Road,Adrian Morales,263,21,Food,,9/5/25 6:27 PM,9/5/25 6:27 PM,4 seconds,KDS - Login Don't Delete
12060 Potranco Road,Emanuel Sanchez,250,25,,1,9/5/25 6:18 PM,9/5/25 6:30 PM,12 minutes and 8 seconds,Zoila Salinas
12060 Potranco Road,Candy Del Angel,256,,,1,9/5/25 6:24 PM,9/5/25 6:30 PM,6 minutes,Zoila Salinas
12060 Potranco Road,Emanuel Sanchez,261,12,No Print,,9/5/25 6:24 PM,9/5/25 6:31 PM,6 minutes and 42 seconds,KDS - Login Don't Delete
12060 Potranco Road,Emanuel Sanchez,261,12,Food,,9/5/25 6:24 PM,9/5/25 6:31 PM,6 minutes and 42 seconds,KDS - Login Don't Delete
12060 Potranco Road,Emanuel Sanchez,261,12,Drive Thru,,9/5/25 6:24 PM,9/5/25 6:31 PM,6 minutes and 42 seconds,KDS - Login Don't Delete
12060 Potranco Road,Lisa Velasquez,248,28,No Print,,9/5/25 6:32 PM,9/5/25 6:33 PM,1 minute and 13 seconds,KDS - Login Don't Delete
12060 Potranco Road,Lisa Velasquez,248,28,Food,,9/5/25 6:32 PM,9/5/25 6:33 PM,1 minute and 13 seconds,KDS - Login Don't Delete
12060 Potranco Road,Adrian Morales,263,21,,1,9/5/25 6:27 PM,9/5/25 6:36 PM,8 minutes and 40 seconds,Zoila Salinas
12060 Potranco Road,Lisa Velasquez,248,28,,1,9/5/25 6:33 PM,9/5/25 6:36 PM,2 minutes and 14 seconds,Zoila Salinas
12060 Potranco Road,Emanuel Sanchez,261,12,,1,9/5/25 6:31 PM,9/5/25 6:43 PM,11 minutes and 39 seconds,Zoila Salinas
12060 Potranco Road,Candy Del Angel,264,,No Print,,9/5/25 6:40 PM,9/5/25 6:51 PM,11 minutes and 12 seconds,KDS - Login Don't Delete
12060 Potranco Road,Candy Del Angel,264,,Food,,9/5/25 6:40 PM,9/5/25 6:51 PM,11 minutes and 12 seconds,KDS - Login Don't Delete
12060 Potranco Road,Lisa Velasquez,259,4,No Print,,9/5/25 6:32 PM,9/5/25 6:54 PM,22 minutes and 9 seconds,KDS - Login Don't Delete
12060 Potranco Road,Lisa Velasquez,259,4,Food,,9/5/25 6:32 PM,9/5/25 6:54 PM,22 minutes and 9 seconds,KDS - Login Don't Delete
12060 Potranco Road,Emanuel Sanchez,261,12,No Print,,9/5/25 6:39 PM,9/5/25 6:54 PM,14 minutes and 40 seconds,KDS - Login Don't Delete
12060 Potranco Road,Emanuel Sanchez,261,12,Food,,9/5/25 6:39 PM,9/5/25 6:54 PM,14 minutes and 40 seconds,KDS - Login Don't Delete
12060 Potranco Road,Candy Del Angel,258,,,1,9/5/25 6:22 PM,9/5/25 6:54 PM,32 minutes and 33 seconds,Zoila Salinas
12060 Potranco Road,Emanuel Sanchez,261,12,,1,9/5/25 6:54 PM,9/5/25 6:54 PM,31 seconds,Zoila Salinas
12060 Potranco Road,Lisa Velasquez,259,4,,1,9/5/25 6:54 PM,9/5/25 6:57 PM,3 minutes and 16 seconds,Zoila Salinas
12060 Potranco Road,Mario Jimenez,257,,Drive Thru,,9/5/25 6:47 PM,9/5/25 6:57 PM,10 minutes and 31 seconds,KDS - Login Don't Delete
12060 Potranco Road,Mario Jimenez,257,,Food,,9/5/25 6:47 PM,9/5/25 6:57 PM,10 minutes and 31 seconds,KDS - Login Don't Delete
12060 Potranco Road,Lisa Velasquez,267,7,Food,,9/5/25 6:50 PM,9/5/25 6:59 PM,8 minutes and 47 seconds,KDS - Login Don't Delete
12060 Potranco Road,Lisa Velasquez,267,7,Drive Thru,,9/5/25 6:50 PM,9/5/25 6:59 PM,8 minutes and 47 seconds,KDS - Login Don't Delete
12060 Potranco Road,Adrian Morales,265,15,No Print,,9/5/25 6:48 PM,9/5/25 7:04 PM,16 minutes and 26 seconds,KDS - Login Don't Delete
12060 Potranco Road,Adrian Morales,270,14,No Print,,9/5/25 6:57 PM,9/5/25 7:04 PM,7 minutes and 3 seconds,KDS - Login Don't Delete
12060 Potranco Road,Adrian Morales,270,14,Food,,9/5/25 6:57 PM,9/5/25 7:04 PM,7 minutes and 3 seconds,KDS - Login Don't Delete
12060 Potranco Road,Adrian Morales,265,15,Food,,9/5/25 6:48 PM,9/5/25 7:04 PM,16 minutes and 26 seconds,KDS - Login Don't Delete
12060 Potranco Road,Lisa Velasquez,267,7,No Print,,9/5/25 6:50 PM,9/5/25 7:05 PM,14 minutes and 46 seconds,KDS - Login Don't Delete
12060 Potranco Road,Lisa Velasquez,267,7,Food,,9/5/25 6:50 PM,9/5/25 7:05 PM,14 minutes and 46 seconds,KDS - Login Don't Delete
12060 Potranco Road,Adrian Morales,265,15,,1,9/5/25 7:04 PM,9/5/25 7:06 PM,2 minutes and 7 seconds,Zoila Salinas
12060 Potranco Road,Candy Del Angel,264,,,1,9/5/25 6:51 PM,9/5/25 7:06 PM,15 minutes and 24 seconds,Zoila Salinas
12060 Potranco Road,Adrian Morales,270,14,No Print,,9/5/25 7:00 PM,9/5/25 7:07 PM,6 minutes and 55 seconds,KDS - Login Don't Delete
12060 Potranco Road,Adrian Morales,270,14,Food,,9/5/25 7:00 PM,9/5/25 7:07 PM,6 minutes and 55 seconds,KDS - Login Don't Delete
12060 Potranco Road,Emanuel Sanchez,268,2,No Print,,9/5/25 6:54 PM,9/5/25 7:08 PM,14 minutes and 9 seconds,KDS - Login Don't Delete
12060 Potranco Road,Emanuel Sanchez,268,2,Food,,9/5/25 6:54 PM,9/5/25 7:08 PM,14 minutes and 9 seconds,KDS - Login Don't Delete
12060 Potranco Road,Mario Jimenez,269,,Drive Thru,,9/5/25 6:56 PM,9/5/25 7:11 PM,14 minutes and 58 seconds,KDS - Login Don't Delete
12060 Potranco Road,Mario Jimenez,269,,Food,,9/5/25 6:56 PM,9/5/25 7:11 PM,14 minutes and 58 seconds,KDS - Login Don't Delete
12060 Potranco Road,Lisa Velasquez,267,7,,1,9/5/25 6:59 PM,9/5/25 7:12 PM,12 minutes and 51 seconds,Zoila Salinas
12060 Potranco Road,Lisa Velasquez,267,7,,1,9/5/25 7:05 PM,9/5/25 7:12 PM,7 minutes and 3 seconds,Zoila Salinas
12060 Potranco Road,Emanuel Sanchez,268,2,,1,9/5/25 7:08 PM,9/5/25 7:12 PM,3 minutes and 41 seconds,Zoila Salinas
12060 Potranco Road,Adrian Morales,270,14,,1,9/5/25 7:04 PM,9/5/25 7:12 PM,7 minutes and 54 seconds,Zoila Salinas
12060 Potranco Road,Adrian Morales,265,15,No Print,,9/5/25 7:17 PM,9/5/25 7:17 PM,27 seconds,KDS - Login Don't Delete
12060 Potranco Road,Adrian Morales,265,15,Food,,9/5/25 7:17 PM,9/5/25 7:17 PM,27 seconds,KDS - Login Don't Delete
12060 Potranco Road,Adrian Morales,270,14,,1,9/5/25 7:07 PM,9/5/25 7:20 PM,13 minutes and 22 seconds,Zoila Salinas
12060 Potranco Road,Emanuel Sanchez,272,34,No Print,,9/5/25 7:15 PM,9/5/25 7:23 PM,8 minutes and 34 seconds,KDS - Login Don't Delete
12060 Potranco Road,Emanuel Sanchez,272,34,Food,,9/5/25 7:15 PM,9/5/25 7:23 PM,8 minutes and 34 seconds,KDS - Login Don't Delete
12060 Potranco Road,Emanuel Sanchez,272,34,Drive Thru,,9/5/25 7:15 PM,9/5/25 7:23 PM,8 minutes and 34 seconds,KDS - Login Don't Delete
12060 Potranco Road,Lisa Velasquez,274,21,No Print,,9/5/25 7:18 PM,9/5/25 7:24 PM,5 minutes and 4 seconds,KDS - Login Don't Delete
12060 Potranco Road,Lisa Velasquez,274,21,Food,,9/5/25 7:18 PM,9/5/25 7:24 PM,5 minutes and 4 seconds,KDS - Login Don't Delete
12060 Potranco Road,Emanuel Sanchez,272,34,,1,9/5/25 7:23 PM,9/5/25 7:25 PM,1 minute and 34 seconds,Zoila Salinas
12060 Potranco Road,Adrian Morales,271,16,,1,9/5/25 7:14 PM,9/5/25 7:27 PM,13 minutes and 9 seconds,Zoila Salinas
12060 Potranco Road,Emanuel Sanchez,268,2,No Print,,9/5/25 7:20 PM,9/5/25 7:27 PM,6 minutes and 48 seconds,KDS - Login Don't Delete
12060 Potranco Road,Emanuel Sanchez,268,2,Food,,9/5/25 7:20 PM,9/5/25 7:27 PM,6 minutes and 48 seconds,KDS - Login Don't Delete
12060 Potranco Road,Emanuel Sanchez,268,2,Drive Thru,,9/5/25 7:20 PM,9/5/25 7:27 PM,6 minutes and 48 seconds,KDS - Login Don't Delete
12060 Potranco Road,Lisa Velasquez,274,21,,1,9/5/25 7:24 PM,9/5/25 7:32 PM,8 minutes and 43 seconds,Zoila Salinas
12060 Potranco Road,Adrian Morales,265,15,,1,9/5/25 7:17 PM,9/5/25 7:32 PM,14 minutes and 45 seconds,Zoila Salinas
12060 Potranco Road,Emanuel Sanchez,268,2,,1,9/5/25 7:27 PM,9/5/25 7:32 PM,5 minutes and 20 seconds,Zoila Salinas
12060 Potranco Road,Lisa Velasquez,274,21,No Print,,9/5/25 7:24 PM,9/5/25 7:33 PM,9 minutes and 22 seconds,KDS - Login Don't Delete
12060 Potranco Road,Lisa Velasquez,274,21,Food,,9/5/25 7:24 PM,9/5/25 7:33 PM,9 minutes and 22 seconds,KDS - Login Don't Delete
12060 Potranco Road,Mario Jimenez,280,,Drive Thru,,9/5/25 7:31 PM,9/5/25 7:37 PM,5 minutes and 53 seconds,KDS - Login Don't Delete
12060 Potranco Road,Mario Jimenez,280,,Food,,9/5/25 7:31 PM,9/5/25 7:37 PM,5 minutes and 53 seconds,KDS - Login Don't Delete
12060 Potranco Road,Mario Jimenez,281,,Drive Thru,,9/5/25 7:33 PM,9/5/25 7:37 PM,4 minutes and 37 seconds,KDS - Login Don't Delete
12060 Potranco Road,Mario Jimenez,281,,Food,,9/5/25 7:33 PM,9/5/25 7:37 PM,4 minutes and 37 seconds,KDS - Login Don't Delete
12060 Potranco Road,Lisa Velasquez,274,21,,1,9/5/25 7:33 PM,9/5/25 7:42 PM,8 minutes and 51 seconds,Zoila Salinas
12060 Potranco Road,Emanuel Sanchez,278,17,No Print,,9/5/25 7:33 PM,9/5/25 7:47 PM,13 minutes and 36 seconds,KDS - Login Don't Delete
12060 Potranco Road,Emanuel Sanchez,278,17,Food,,9/5/25 7:33 PM,9/5/25 7:47 PM,13 minutes and 36 seconds,KDS - Login Don't Delete
12060 Potranco Road,Mario Jimenez,283,,Drive Thru,,9/5/25 7:39 PM,9/5/25 7:49 PM,9 minutes and 27 seconds,KDS - Login Don't Delete
12060 Potranco Road,Mario Jimenez,283,,Food,,9/5/25 7:39 PM,9/5/25 7:49 PM,9 minutes and 27 seconds,KDS - Login Don't Delete
12060 Potranco Road,Lisa Velasquez,284,12,No Print,,9/5/25 7:39 PM,9/5/25 7:50 PM,10 minutes and 45 seconds,KDS - Login Don't Delete
12060 Potranco Road,Lisa Velasquez,284,12,Food,,9/5/25 7:39 PM,9/5/25 7:50 PM,10 minutes and 45 seconds,KDS - Login Don't Delete
12060 Potranco Road,Candy Del Angel,286,5,No Print,,9/5/25 7:41 PM,9/5/25 7:50 PM,9 minutes and 32 seconds,KDS - Login Don't Delete
12060 Potranco Road,Candy Del Angel,286,5,Food,,9/5/25 7:41 PM,9/5/25 7:50 PM,9 minutes and 32 seconds,KDS - Login Don't Delete
12060 Potranco Road,Emanuel Sanchez,278,17,,1,9/5/25 7:33 PM,9/5/25 7:54 PM,20 minutes and 55 seconds,Zoila Salinas
12060 Potranco Road,Lisa Velasquez,284,12,Food,,9/5/25 7:53 PM,9/5/25 7:55 PM,2 minutes and 4 seconds,KDS - Login Don't Delete
12060 Potranco Road,Lisa Velasquez,284,12,Drive Thru,,9/5/25 7:58 PM,9/5/25 7:58 PM,37 seconds,KDS - Login Don't Delete
12060 Potranco Road,Lisa Velasquez,284,12,Food,,9/5/25 7:58 PM,9/5/25 7:58 PM,37 seconds,KDS - Login Don't Delete
12060 Potranco Road,Mario Jimenez,290,,Drive Thru,,9/5/25 7:56 PM,9/5/25 8:03 PM,7 minutes and 20 seconds,KDS - Login Don't Delete
12060 Potranco Road,Mario Jimenez,290,,Food,,9/5/25 7:56 PM,9/5/25 8:03 PM,7 minutes and 20 seconds,KDS - Login Don't Delete
12060 Potranco Road,Mario Jimenez,287,,Food,,9/5/25 7:55 PM,9/5/25 8:06 PM,11 minutes and 29 seconds,KDS - Login Don't Delete
12060 Potranco Road,Mario Jimenez,291,,Drive Thru,,9/5/25 8:01 PM,9/5/25 8:07 PM,5 minutes and 53 seconds,KDS - Login Don't Delete
12060 Potranco Road,Mario Jimenez,291,,Food,,9/5/25 8:01 PM,9/5/25 8:07 PM,5 minutes and 53 seconds,KDS - Login Don't Delete
12060 Potranco Road,Mario Jimenez,294,,Drive Thru,,9/5/25 8:02 PM,9/5/25 8:14 PM,12 minutes and 8 seconds,KDS - Login Don't Delete
12060 Potranco Road,Mario Jimenez,294,,Food,,9/5/25 8:02 PM,9/5/25 8:14 PM,12 minutes and 8 seconds,KDS - Login Don't Delete
12060 Potranco Road,Mario Jimenez,293,,Drive Thru,,9/5/25 8:02 PM,9/5/25 8:15 PM,12 minutes and 38 seconds,KDS - Login Don't Delete
12060 Potranco Road,Mario Jimenez,293,,Food,,9/5/25 8:02 PM,9/5/25 8:15 PM,12 minutes and 38 seconds,KDS - Login Don't Delete
12060 Potranco Road,Adrian Morales,296,23,No Print,,9/5/25 8:11 PM,9/5/25 8:19 PM,8 minutes and 17 seconds,KDS - Login Don't Delete
12060 Potranco Road,Adrian Morales,296,23,Food,,9/5/25 8:11 PM,9/5/25 8:19 PM,8 minutes and 17 seconds,KDS - Login Don't Delete
12060 Potranco Road,Lisa Velasquez,284,12,,1,9/5/25 7:55 PM,9/5/25 8:38 PM,42 minutes and 42 seconds,Zoila Salinas
12060 Potranco Road,Candy Del Angel,286,5,,1,9/5/25 7:50 PM,9/5/25 8:38 PM,47 minutes and 48 seconds,Zoila Salinas
12060 Potranco Road,Adrian Morales,296,23,,1,9/5/25 8:19 PM,9/5/25 8:38 PM,18 minutes and 50 seconds,Zoila Salinas
12060 Potranco Road,Lisa Velasquez,284,12,,1,9/5/25 7:58 PM,9/5/25 8:38 PM,39 minutes and 32 seconds,Zoila Salinas
12060 Potranco Road,Lisa Velasquez,284,12,,1,9/5/25 7:50 PM,9/5/25 8:38 PM,47 minutes and 52 seconds,Zoila Salinas
12060 Potranco Road,Mario Jimenez,298,,Drive Thru,,9/5/25 8:41 PM,9/5/25 8:46 PM,5 minutes and 16 seconds,KDS - Login Don't Delete
12060 Potranco Road,Mario Jimenez,298,,Food,,9/5/25 8:41 PM,9/5/25 8:46 PM,5 minutes and 16 seconds,KDS - Login Don't Delete
12060 Potranco Road,Emanuel Sanchez,297,2,No Print,,9/5/25 8:35 PM,9/5/25 8:46 PM,10 minutes and 38 seconds,KDS - Login Don't Delete
12060 Potranco Road,Emanuel Sanchez,297,2,Food,,9/5/25 8:35 PM,9/5/25 8:46 PM,10 minutes and 38 seconds,KDS - Login Don't Delete
12060 Potranco Road,Mario Jimenez,299,,Drive Thru,,9/5/25 8:45 PM,9/5/25 8:47 PM,1 minute and 55 seconds,KDS - Login Don't Delete
12060 Potranco Road,Mario Jimenez,299,,Food,,9/5/25 8:45 PM,9/5/25 8:47 PM,1 minute and 55 seconds,KDS - Login Don't Delete
12060 Potranco Road,Emanuel Sanchez,297,2,,1,9/5/25 8:46 PM,9/5/25 9:06 PM,19 minutes and 31 seconds,Zoila Salinas
