Location,Order #,Opened Date,Server,Table,Discount Name,Discount Reason,Comment,Discount Amount
Tink-a-Tako - Potranco,360,9/11/25 7:24 PM,Mayra Luna,,Manager Comp - Check,,,34.94
Tink-a-Tako - Potranco,322,9/11/25 5:19 PM,Melissa Urena,,Military Discount,,,0.50
Tink-a-Tako - Potranco,322,9/11/25 5:19 PM,Melissa Urena,,Military Discount,,,0.40
Tink-a-Tako - Potranco,302,9/11/25 3:57 PM,Melissa Urena,,Police Discount,,,1.99
Tink-a-Tako - Potranco,236,9/11/25 12:35 PM,Rosie  ORDONEZ,,Open % Item,,,5.00
Tink-a-Tako - Potranco,225,9/11/25 12:19 PM,Norma Vasquez,18,Open % Item,,,0.46
Tink-a-Tako - Potranco,225,9/11/25 12:19 PM,Norma Vasquez,18,Open % Item,,,1.60
Tink-a-Tako - Potranco,199,9/11/25 11:39 AM,Daniela Torres,,Military Discount,,,0.46
Tink-a-Tako - Potranco,199,9/11/25 11:39 AM,Daniela Torres,,Military Discount,,,0.20
Tink-a-Tako - Potranco,196,9/11/25 11:37 AM,Esperansa Caviedes,20,Open % Item,,,0.70
Tink-a-Tako - Potranco,196,9/11/25 11:37 AM,Esperansa Caviedes,20,Open % Item,,,0.20
Tink-a-Tako - Potranco,196,9/11/25 11:37 AM,Esperansa Caviedes,20,Open % Item,,,3.20
Tink-a-Tako - Potranco,180,9/11/25 11:11 AM,Daniela Torres,,Military Discount,,,1.60
Tink-a-Tako - Potranco,180,9/11/25 11:11 AM,Daniela Torres,,Military Discount,,,1.00
Tink-a-Tako - Potranco,172,9/11/25 10:57 AM,Isabel Cisneros,31,Open % Item,,,2.40
Tink-a-Tako - Potranco,165,9/11/25 10:48 AM,Daniela Torres,,Military Discount,,,1.06
Tink-a-Tako - Potranco,139,9/11/25 10:06 AM,Maria Majana,18,Open % Item,,,0.40
Tink-a-Tako - Potranco,139,9/11/25 10:06 AM,Maria Majana,18,Open % Item,,,0.60
Tink-a-Tako - Potranco,139,9/11/25 10:06 AM,Maria Majana,18,Open % Item,,,2.20
Tink-a-Tako - Potranco,91,9/11/25 8:52 AM,Daniela Torres,,Open % Check,,,2.49
Tink-a-Tako - Potranco,89,9/11/25 8:49 AM,Ivana Abundiz,,Employee Discount - Check,Employee Discount,Meseras,39.53
Tink-a-Tako - Potranco,62,9/11/25 8:12 AM,Daniela Torres,,Police Discount,,,5.39
Tink-a-Tako - Potranco,62,9/11/25 8:12 AM,Daniela Torres,,Police Discount,,,2.70
Tink-a-Tako - Potranco,21,9/11/25 7:18 AM,Daniela Torres,,Military Discount,,,0.44
Tink-a-Tako - Potranco,21,9/11/25 7:18 AM,Daniela Torres,,Military Discount,,,0.55
Tink-a-Tako - Potranco,10,9/11/25 6:57 AM,Daniela Torres,,Open % Check,,,0.38
