Employee,Job Title,Regular Hours,Overtime Hours,Hourly Rate,Regular Pay,Overtime Pay,Total Pay,Net Sales,Declared Tips,Non-Cash Tips,Total Tips,Tips Withheld,Total Gratuity,Employee ID,Job Code,Location,Location Code
"Abundiz, Ivana",Host,6.3,0.0,14.00,88.20,0.00,88.20,261.66,,53.38,53.38,0.00,0.00,,,Tink-a-Tako - Potranco,
"Abundiz, Sergio",Server,8.43,0.0,,,,,657.88,,65.02,65.02,0.00,0.00,,,Tink-a-Tako - Potranco,
"Aviles, Genaro",Cook,4.33,4.53,15.00,64.95,101.93,166.88,0.00,,0.00,0.00,0.00,0.00,,,Tink-a-Tako - Potranco,
"Brito, Victor ",Regular,7.41,0.0,12.00,88.92,0.00,88.92,0.00,,0.00,0.00,0.00,0.00,,,Tink-a-Tako - Potranco,
"Calderon, Jesus",Cook,7.98,0.0,,,,,0.00,,0.00,0.00,0.00,0.00,,,Tink-a-Tako - Potranco,
"Camacho, Juan ",Server,8.37,0.0,3.00,25.11,0.00,25.11,682.50,,104.69,104.69,0.00,0.00,,,Tink-a-Tako - Potranco,
"Caviedes, Esperansa",Server,6.5,0.0,3.00,19.50,0.00,19.50,515.42,,70.60,70.60,0.00,0.00,,,Tink-a-Tako - Potranco,
"Cisneros, Isabel",Server,7.07,0.0,3.00,21.21,0.00,21.21,574.45,,81.60,81.60,0.00,0.00,,,Tink-a-Tako - Potranco,
"Dominguez, Jose ",Cook,16.58,5.2,17.00,281.86,132.60,414.46,0.00,0.00,0.00,0.00,0.00,0.00,,,Tink-a-Tako - Potranco,
"Gonzales (Line) , Maria",Cook,9.64,0.0,14.00,134.96,0.00,134.96,0.00,,0.00,0.00,0.00,0.00,,,Tink-a-Tako - Potranco,
"Luna, Mayra",Shift Manager / Assistant Manager,8.34,0.0,,,,,0.00,,0.00,0.00,0.00,0.00,1919,,Tink-a-Tako - Potranco,
"Majana, Maria",Server,4.78,0.0,3.00,14.34,0.00,14.34,374.85,,51.60,51.60,0.00,0.00,,,Tink-a-Tako - Potranco,
"Nanez Partida, Jose",Cook,6.88,0.0,15.00,103.20,0.00,103.20,0.00,,0.00,0.00,0.00,0.00,,,Tink-a-Tako - Potranco,
"ORDONEZ, Rosie ",Shift Manager / Assistant Manager,3.43,4.43,,,,,13.86,,0.00,0.00,0.00,0.00,,,Tink-a-Tako - Potranco,
"ROJAS, JAIME",Busser,9.18,0.0,13.00,119.34,0.00,119.34,0.00,,0.00,0.00,0.00,0.00,,,Tink-a-Tako - Potranco,
"Ramirez Perez, Silvia",Cook,8.52,0.0,17.00,144.84,0.00,144.84,0.00,,0.00,0.00,0.00,0.00,,,Tink-a-Tako - Potranco,
"Rueda, Jonathan",Busser,5.91,0.0,12.00,70.92,0.00,70.92,0.00,,0.00,0.00,0.00,0.00,,,Tink-a-Tako - Potranco,
"Torres, Daniela",Drive-Thru,8.8,0.0,,,,,1800.28,,42.39,42.39,0.00,0.00,,,Tink-a-Tako - Potranco,
"Trevino, Melissa",Dishwasher,5.79,0.0,13.00,75.27,0.00,75.27,0.00,,0.00,0.00,0.00,0.00,,,Tink-a-Tako - Potranco,
"Urena, Melissa",Drive-Thru,7.02,0.0,12.00,84.24,0.00,84.24,464.17,,35.00,35.00,0.00,0.00,,,Tink-a-Tako - Potranco,
"Vasquez, Norma",Server,7.52,0.0,5.00,37.60,0.00,37.60,583.15,,85.35,85.35,0.00,11.17,,,Tink-a-Tako - Potranco,
"huerta, Arturo ",Dishwasher,8.27,0.0,12.00,99.24,0.00,99.24,0.00,,0.00,0.00,0.00,0.00,,,Tink-a-Tako - Potranco,
