Employee,Job Title,Regular Hours,Overtime Hours,Hourly Rate,Regular Pay,Overtime Pay,Total Pay,Net Sales,Declared Tips,Non-Cash Tips,Total Tips,Tips Withheld,Total Gratuity,Employee ID,Job Code,Location,Location Code
"Aragon, Brianna",Host,5.88,0.0,11.00,64.68,0.00,64.68,61.95,0.00,0.00,0.00,0.00,0.00,,,12060 Potranco Road,
"Aragon, Cecilia",Tortillera,6.11,0.0,13.00,79.43,0.00,79.43,0.00,,0.00,0.00,0.00,0.00,,,12060 Potranco Road,
"Barton, Arion",Cook,6.2,0.0,13.00,80.60,0.00,80.60,0.00,,0.00,0.00,0.00,0.00,,,12060 Potranco Road,
"Cabrera, Sugey",Server,7.0,0.0,3.00,21.00,0.00,21.00,605.39,0.00,73.50,73.50,0.00,18.11,,,12060 Potranco Road,
"Cardenas, Salvador",Cook,0.0,22.43,15.00,0.00,504.68,504.68,0.00,0.00,0.00,0.00,0.00,0.00,,,12060 Potranco Road,
"Del Angel, Candy",Shift Manager / Assistant Manager,0.0,7.52,,,,,0.00,,0.00,0.00,0.00,0.00,,,12060 Potranco Road,
"GUTIERREZ, ERIC",Cook,7.03,0.0,16.00,112.48,0.00,112.48,0.00,,0.00,0.00,0.00,0.00,,,12060 Potranco Road,
"Garcia, Enriqueta",Chef,7.28,0.0,,,,,0.00,,0.00,0.00,0.00,0.00,,,12060 Potranco Road,
"Garcia, Lizbeth",Server,0.0,8.02,3.00,0.00,36.09,36.09,489.53,1.00,102.08,103.08,0.00,0.00,,,12060 Potranco Road,
"Lino Santana, David ",Prep,0.0,7.2,15.00,0.00,162.00,162.00,0.00,,0.00,0.00,0.00,0.00,,,12060 Potranco Road,
"Loera, Fernanda ",Server,7.33,0.0,,,,,542.65,0.00,76.52,76.52,0.00,21.88,,,12060 Potranco Road,
"Morales, Adrian",Server,5.23,0.0,3.00,15.69,0.00,15.69,582.95,0.00,91.05,91.05,0.00,18.06,,,12060 Potranco Road,
"Morales, Carlos",Busser,0.0,11.28,11.00,0.00,186.12,186.12,488.56,,22.11,22.11,0.00,0.00,,,12060 Potranco Road,
"Ojeda, George",Runner,0.0,8.63,12.50,0.00,161.81,161.81,0.00,,0.00,0.00,0.00,0.00,,,12060 Potranco Road,
"Reyes , Jesús Ricardo",Prep,11.48,0.0,12.00,137.76,0.00,137.76,0.00,,0.00,0.00,0.00,0.00,,,12060 Potranco Road,
"Roman, Leticia",Server,6.28,0.0,3.00,18.84,0.00,18.84,575.54,0.00,78.00,78.00,0.00,38.35,,,12060 Potranco Road,
"Rosales, Elsa",Tortillera,7.14,0.0,13.00,92.82,0.00,92.82,0.00,,0.00,0.00,0.00,0.00,,,12060 Potranco Road,
"Sanchez, Emanuel",Server,7.35,0.0,3.00,22.05,0.00,22.05,465.48,5.00,62.87,67.87,0.00,0.00,,,12060 Potranco Road,
"Urena, Melissa ",Host,0.0,7.16,12.00,0.00,128.88,128.88,1982.52,0.00,117.53,117.53,0.00,0.00,,,12060 Potranco Road,
"Vega, Estela",Tortillera,2.96,6.2,15.00,44.40,139.50,183.90,0.00,,0.00,0.00,0.00,0.00,,,12060 Potranco Road,
"Velasquez, Lisa",Server,6.14,0.0,3.00,18.42,0.00,18.42,698.90,5.00,84.40,89.40,0.00,40.78,,,12060 Potranco Road,
"quiroz, siri",Host,13.379999999999999,0.0,11.00,147.18,0.00,147.18,526.02,0.00,19.00,19.00,0.00,0.00,,,12060 Potranco Road,
"vanenzuela, felix",Cook,7.23,0.0,,,,,0.00,,0.00,0.00,0.00,0.00,,,12060 Potranco Road,
