Location,Order #,Opened,Server,Table,Revenue Center,Discount Amount,Amount,Tax,Tip,Gratuity,Duration (Opened to Paid)
2919 Blanco Rd,4,8/9/25 6:10 AM,PM Cashier C,,Dining Room,0.00,7.27,0.60,1.00,0.00,00:00:58
2919 Blanco Rd,6,8/9/25 6:21 AM,Maria  Salazar,,Dining Room,0.00,14.34,1.18,0.00,0.00,00:02:23
2919 Blanco Rd,8,8/9/25 6:25 AM,PM Cashier C,,Dining Room,0.00,9.27,0.77,0.00,0.00,00:02:59
2919 Blanco Rd,10,8/9/25 6:28 AM,PM Cashier C,,Drive Thru,0.00,5.97,0.49,0.00,0.00,00:01:05
2919 Blanco Rd,11,8/9/25 6:35 AM,Maria  Salazar,,Dining Room,0.00,2.25,0.19,0.00,0.00,00:00:07
2919 Blanco Rd,13,8/9/25 6:38 AM,PM Cashier C,,Dining Room,0.00,6.87,0.57,0.00,0.00,00:00:28
2919 Blanco Rd,14,8/9/25 6:39 AM,PM Cashier C,,Dining Room,0.00,3.98,0.33,0.00,0.00,00:05:26
2919 Blanco Rd,15,8/9/25 6:47 AM,Maria  Salazar,,Dining Room,0.00,7.99,0.66,0.00,0.00,00:00:31
2919 Blanco Rd,16,8/9/25 6:47 AM,Maria  Salazar,,Dining Room,0.00,3.98,0.32,0.00,0.00,00:02:14
2919 Blanco Rd,18,8/9/25 7:01 AM,PM Cashier C,,Dining Room,0.00,3.98,0.32,0.00,0.00,00:01:49
2919 Blanco Rd,17,8/9/25 6:52 AM,Maria  Salazar,,Dining Room,0.00,19.74,1.63,0.00,0.00,00:14:47
2919 Blanco Rd,20,8/9/25 7:12 AM,PM Cashier C,,Dining Room,0.00,11.11,0.91,0.00,0.00,00:03:56
2919 Blanco Rd,3001,8/9/25 7:14 AM,Eduardo  Franco ,14,Dining Room,7.12,22.77,1.89,7.64,0.00,01:09:12
2919 Blanco Rd,22,8/9/25 7:16 AM,PM Cashier C,,Drive Thru,0.00,7.73,0.63,0.00,0.00,00:01:39
2919 Blanco Rd,23,8/9/25 7:17 AM,PM Cashier C,,Drive Thru,0.00,8.77,0.72,0.00,0.00,00:01:17
2919 Blanco Rd,25,8/9/25 7:23 AM,PM Cashier C,,Drive Thru,0.00,10.36,0.85,0.00,0.00,00:02:09
2919 Blanco Rd,24,8/9/25 7:18 AM,Maria  Salazar,,Dining Room,0.00,9.18,0.76,0.00,0.00,00:05:07
2919 Blanco Rd,28,8/9/25 7:27 AM,Maria  Salazar,,Dining Room,0.00,13.94,1.16,1.90,0.00,00:18:14
2919 Blanco Rd,29,8/9/25 7:30 AM,PM Cashier C,,Dining Room,0.00,12.57,1.03,0.00,0.00,00:01:17
2919 Blanco Rd,30,8/9/25 7:32 AM,PM Cashier C,,Dining Room,0.00,20.00,1.65,0.00,0.00,00:03:44
2919 Blanco Rd,32,8/9/25 7:38 AM,PM Cashier C,,Drive Thru,0.00,12.12,1.01,2.00,0.00,00:01:02
2919 Blanco Rd,33,8/9/25 7:42 AM,PM Cashier C,,Drive Thru,0.00,3.98,0.33,0.00,0.00,00:02:21
2919 Blanco Rd,34,8/9/25 7:42 AM,PM Cashier C,,Drive Thru,0.00,12.24,1.01,0.00,0.00,00:10:19
2919 Blanco Rd,35,8/9/25 7:44 AM,PM Cashier C,,Drive Thru,0.00,10.46,0.86,0.00,0.00,00:02:34
2919 Blanco Rd,36,8/9/25 7:45 AM,PM Cashier C,,Drive Thru,0.00,1.99,0.16,0.00,0.00,00:02:29
2919 Blanco Rd,38,8/9/25 7:45 AM,PM Cashier C,,Dining Room,0.00,4.28,0.35,0.00,0.00,00:02:55
2919 Blanco Rd,39,8/9/25 7:49 AM,PM Cashier C,,Dining Room,0.00,3.29,0.27,0.00,0.00,00:01:38
2919 Blanco Rd,31,8/9/25 7:32 AM,PM Cashier C,,Dining Room,0.00,10.92,0.90,0.00,0.00,00:19:47
2919 Blanco Rd,40,8/9/25 8:01 AM,PM Cashier C,,Dining Room,0.00,5.44,0.44,0.00,0.00,00:01:03
2919 Blanco Rd,41,8/9/25 8:05 AM,PM Cashier C,,Drive Thru,0.00,4.78,0.39,0.00,0.00,00:00:33
2919 Blanco Rd,43,8/9/25 8:09 AM,PM Cashier C,,Dining Room,0.00,2.25,0.19,0.00,0.00,00:00:38
2919 Blanco Rd,44,8/9/25 8:11 AM,Eduardo  Franco ,8,Dining Room,0.00,12.74,1.05,0.00,0.00,00:32:49
2919 Blanco Rd,45,8/9/25 8:12 AM,PM Cashier C,,Drive Thru,0.00,5.14,0.42,0.00,0.00,00:00:56
2919 Blanco Rd,46,8/9/25 8:12 AM,PM Cashier C,,Drive Thru,0.00,6.57,0.54,0.00,0.00,00:02:04
2919 Blanco Rd,47,8/9/25 8:14 AM,Eduardo  Franco ,6,Dining Room,0.00,28.96,2.39,5.00,0.00,00:20:34
2919 Blanco Rd,48,8/9/25 8:16 AM,PM Cashier C,,Dining Room,0.00,14.56,1.19,0.00,0.00,00:00:49
2919 Blanco Rd,49,8/9/25 8:22 AM,PM Cashier C,,Dining Room,0.00,7.43,0.61,0.00,0.00,00:02:55
2919 Blanco Rd,51,8/9/25 8:26 AM,PM Cashier C,,Dining Room,0.00,3.98,0.33,0.00,0.00,00:01:03
2919 Blanco Rd,52,8/9/25 8:27 AM,PM Cashier C,,Dining Room,0.00,5.94,0.49,0.00,0.00,00:01:54
2919 Blanco Rd,53,8/9/25 8:32 AM,PM Cashier C,,Drive Thru,0.00,7.58,0.63,0.00,0.00,00:01:02
2919 Blanco Rd,54,8/9/25 8:32 AM,PM Cashier C,,Drive Thru,0.00,12.41,1.02,0.00,0.00,00:02:02
2919 Blanco Rd,55,8/9/25 8:34 AM,PM Cashier C,,Drive Thru,0.00,4.98,0.41,0.00,0.00,00:01:01
2919 Blanco Rd,57,8/9/25 8:35 AM,Maria  Salazar,,Dining Room,0.00,9.07,0.75,0.00,0.00,00:01:19
2919 Blanco Rd,58,8/9/25 8:36 AM,PM Cashier C,,Dining Room,0.00,12.78,1.06,0.00,0.00,00:02:35
2919 Blanco Rd,59,8/9/25 8:39 AM,Maria  Salazar,,Dining Room,0.00,9.95,0.82,0.00,0.00,00:00:40
2919 Blanco Rd,61,8/9/25 8:44 AM,Eduardo  Franco ,5,Dining Room,0.00,19.41,1.61,0.00,0.00,00:48:27
2919 Blanco Rd,62,8/9/25 8:45 AM,Maria  Salazar,25,Dining Room,0.00,9.99,0.82,0.00,0.00,01:21:55
2919 Blanco Rd,64,8/9/25 8:50 AM,PM Cashier C,,Dining Room,0.00,6.58,0.55,0.00,0.00,00:00:51
2919 Blanco Rd,65,8/9/25 8:51 AM,PM Cashier C,,Drive Thru,0.00,5.73,0.47,0.00,0.00,00:01:31
2919 Blanco Rd,66,8/9/25 8:51 AM,PM Cashier C,,Drive Thru,0.00,7.49,0.62,0.00,0.00,00:02:24
2919 Blanco Rd,68,8/9/25 8:55 AM,PM Cashier C,,Drive Thru,0.00,4.39,0.36,0.00,0.00,00:01:49
2919 Blanco Rd,71,8/9/25 8:58 AM,Eduardo  Franco ,3,Dining Room,0.00,27.58,2.26,0.00,0.00,00:32:18
2919 Blanco Rd,67,8/9/25 8:55 AM,Maria  Salazar,,Dining Room,0.00,7.47,0.62,1.00,0.00,00:07:24
2919 Blanco Rd,73,8/9/25 9:01 AM,PM Cashier C,,Drive Thru,0.00,2.69,0.22,0.00,0.00,00:00:08
2919 Blanco Rd,74,8/9/25 9:01 AM,PM Cashier C,,Drive Thru,0.00,32.36,2.68,5.00,0.00,00:04:25
2919 Blanco Rd,76,8/9/25 9:12 AM,PM Cashier C,,Dining Room,0.00,8.33,0.69,0.00,0.00,00:01:18
2919 Blanco Rd,77,8/9/25 9:14 AM,PM Cashier C,,Drive Thru,0.00,2.25,0.19,0.00,0.00,00:00:16
2919 Blanco Rd,80,8/9/25 9:16 AM,PM Cashier C,,Dining Room,0.00,4.28,0.35,0.00,0.00,00:05:01
2919 Blanco Rd,79,8/9/25 9:16 AM,ADRIAN MORALES,6,Dining Room,0.00,15.78,1.30,0.00,0.00,00:20:33
2919 Blanco Rd,81,8/9/25 9:17 AM,Eduardo  Franco ,7,Dining Room,0.00,35.16,2.91,0.00,0.00,00:32:59
2919 Blanco Rd,78,8/9/25 9:15 AM,PM Cashier C,,Drive Thru,0.00,15.72,1.29,2.00,0.00,00:03:49
2919 Blanco Rd,82,8/9/25 9:19 AM,PM Cashier C,,Drive Thru,0.00,17.54,1.45,0.00,0.00,00:03:06
2919 Blanco Rd,84,8/9/25 9:21 AM,Eduardo  Franco ,2,Dining Room,0.00,21.65,1.80,0.00,0.00,00:26:56
2919 Blanco Rd,83,8/9/25 9:20 AM,ADRIAN MORALES,18,Dining Room,0.00,29.10,2.41,5.00,0.00,00:26:59
2919 Blanco Rd,85,8/9/25 9:22 AM,PM Cashier C,,Drive Thru,0.00,22.45,1.84,0.00,0.00,00:01:20
2919 Blanco Rd,86,8/9/25 9:24 AM,PM Cashier C,,Drive Thru,0.00,9.94,0.82,0.00,0.00,00:05:03
2919 Blanco Rd,88,8/9/25 9:26 AM,PM Cashier C,,Dining Room,0.00,19.40,1.61,0.00,0.00,00:04:06
2919 Blanco Rd,89,8/9/25 9:29 AM,PM Cashier C,,Drive Thru,0.00,9.99,0.82,0.00,0.00,00:03:15
2919 Blanco Rd,90,8/9/25 9:30 AM,PM Cashier C,,Drive Thru,0.00,27.86,2.31,0.00,0.00,00:03:05
2919 Blanco Rd,91,8/9/25 9:34 AM,PM Cashier C,,Drive Thru,0.00,13.51,1.11,0.00,0.00,00:01:25
2919 Blanco Rd,92,8/9/25 9:35 AM,PM Cashier C,,Drive Thru,0.00,13.98,1.15,0.00,0.00,00:02:22
2919 Blanco Rd,93,8/9/25 9:37 AM,PM Cashier C,,Drive Thru,0.00,11.71,0.97,2.00,0.00,00:03:29
2919 Blanco Rd,94,8/9/25 9:40 AM,PM Cashier C,,Drive Thru,0.00,9.99,0.82,0.00,0.00,00:01:53
2919 Blanco Rd,95,8/9/25 9:41 AM,PM Cashier C,,Drive Thru,0.00,6.99,0.58,0.00,0.00,00:01:15
2919 Blanco Rd,96,8/9/25 9:42 AM,PM Cashier C,,Drive Thru,0.00,9.43,0.77,0.00,0.00,00:01:49
2919 Blanco Rd,98,8/9/25 9:44 AM,PM Cashier C,,Drive Thru,0.00,4.79,0.40,0.00,0.00,00:01:13
2919 Blanco Rd,99,8/9/25 9:46 AM,PM Cashier C,,Dining Room,0.00,15.92,1.31,0.00,0.00,00:02:40
2919 Blanco Rd,100,8/9/25 9:47 AM,PM Cashier C,,Dining Room,0.00,23.84,1.96,0.00,0.00,00:04:51
2919 Blanco Rd,101,8/9/25 9:49 AM,PM Cashier C,,Drive Thru,0.00,8.27,0.68,0.00,0.00,00:08:36
2919 Blanco Rd,102,8/9/25 9:49 AM,Maria  Salazar,,Dining Room,0.00,27.32,2.25,0.00,0.00,00:00:57
2919 Blanco Rd,104,8/9/25 9:52 AM,PM Cashier C,,Drive Thru,0.00,20.34,1.68,3.00,0.00,00:08:15
2919 Blanco Rd,105,8/9/25 9:52 AM,Maria  Salazar,,Drive Thru,0.00,19.00,1.58,0.00,0.00,00:10:06
2919 Blanco Rd,106,8/9/25 9:52 AM,Maria  Salazar,,Dining Room,0.00,15.42,1.27,0.00,0.00,00:11:35
2919 Blanco Rd,103,8/9/25 9:51 AM,ADRIAN MORALES,17,Dining Room,0.00,31.15,2.57,0.00,0.00,00:47:26
2919 Blanco Rd,109,8/9/25 9:55 AM,ADRIAN MORALES,8,Dining Room,0.00,6.79,0.56,4.00,0.00,00:54:15
2919 Blanco Rd,110,8/9/25 9:55 AM,Maria  Salazar,,Dining Room,0.00,6.99,0.58,0.00,0.00,00:00:26
2919 Blanco Rd,108,8/9/25 9:53 AM,PM Cashier C,,Dining Room,0.00,14.44,1.20,2.36,0.00,00:09:30
2919 Blanco Rd,112,8/9/25 9:56 AM,Eduardo  Franco ,3,Dining Room,0.00,12.73,1.05,0.00,0.00,00:33:25
2919 Blanco Rd,113,8/9/25 9:57 AM,Eduardo  Franco ,4,Dining Room,0.00,6.73,0.56,2.00,0.00,00:29:25
2919 Blanco Rd,114,8/9/25 9:58 AM,PM Cashier C,,Drive Thru,0.00,14.05,1.16,0.00,0.00,00:05:23
2919 Blanco Rd,116,8/9/25 10:01 AM,Martina Ovalle ,,Dining Room,0.00,5.97,0.48,0.00,0.00,00:05:07
2919 Blanco Rd,117,8/9/25 10:01 AM,ADRIAN MORALES,25,Dining Room,0.00,28.27,2.32,5.00,0.00,00:22:16
2919 Blanco Rd,119,8/9/25 10:03 AM,Eduardo  Franco ,5,Dining Room,0.00,27.31,2.27,0.00,0.00,00:39:08
2919 Blanco Rd,120,8/9/25 10:03 AM,ADRIAN MORALES,13,Dining Room,0.00,24.22,2.00,0.00,0.00,00:32:28
2919 Blanco Rd,123,8/9/25 10:05 AM,Martina Ovalle ,,Drive Thru,0.00,3.98,0.32,0.00,0.00,00:03:54
2919 Blanco Rd,122,8/9/25 10:04 AM,Martina Ovalle ,,Dining Room,0.00,17.66,1.45,0.00,0.00,00:03:17
2919 Blanco Rd,125,8/9/25 10:09 AM,Martina Ovalle ,,Drive Thru,0.00,4.28,0.35,0.00,0.00,00:01:49
2919 Blanco Rd,126,8/9/25 10:10 AM,Martina Ovalle ,,Drive Thru,0.00,5.97,0.49,0.00,0.00,00:03:38
2919 Blanco Rd,127,8/9/25 10:10 AM,Martina Ovalle ,,Drive Thru,0.00,12.26,1.01,0.00,0.00,00:02:42
2919 Blanco Rd,128,8/9/25 10:10 AM,Martina Ovalle ,,Drive Thru,0.00,12.45,1.04,2.00,0.00,00:03:55
2919 Blanco Rd,129,8/9/25 10:10 AM,Martina Ovalle ,,Drive Thru,0.00,11.45,0.95,0.00,0.00,00:05:37
2919 Blanco Rd,131,8/9/25 10:13 AM,Eduardo  Franco ,20,Dining Room,0.00,29.63,2.44,6.00,0.00,00:38:30
2919 Blanco Rd,132,8/9/25 10:15 AM,Maria  Salazar,,Dining Room,0.00,13.95,1.14,2.00,0.00,00:00:52
2919 Blanco Rd,134,8/9/25 10:15 AM,Martina Ovalle ,,Drive Thru,0.00,6.77,0.56,0.00,0.00,00:02:34
2919 Blanco Rd,135,8/9/25 10:16 AM,Martina Ovalle ,,Drive Thru,0.00,21.90,1.80,2.00,0.00,00:02:40
2919 Blanco Rd,136,8/9/25 10:18 AM,Martina Ovalle ,,Drive Thru,0.00,6.57,0.54,0.00,0.00,00:01:59
2919 Blanco Rd,138,8/9/25 10:22 AM,Martina Ovalle ,,Drive Thru,0.00,8.48,0.70,0.00,0.00,00:00:44
2919 Blanco Rd,137,8/9/25 10:22 AM,ADRIAN MORALES,18,Dining Room,0.00,41.99,3.47,4.54,0.00,00:52:40
2919 Blanco Rd,139,8/9/25 10:23 AM,Martina Ovalle ,,Drive Thru,0.00,7.97,0.66,0.00,0.00,00:02:41
2919 Blanco Rd,130,8/9/25 10:11 AM,Martina Ovalle ,,Drive Thru,0.00,5.98,0.49,0.00,0.00,00:15:05
2919 Blanco Rd,141,8/9/25 10:25 AM,Eduardo  Franco ,22,Dining Room,0.00,25.91,2.12,5.00,0.00,00:20:56
2919 Blanco Rd,142,8/9/25 10:25 AM,Martina Ovalle ,,Drive Thru,0.00,16.36,1.35,0.00,0.00,00:01:52
2919 Blanco Rd,144,8/9/25 10:30 AM,Martina Ovalle ,,Dining Room,0.00,8.97,0.74,0.00,0.00,00:01:18
2919 Blanco Rd,145,8/9/25 10:36 AM,ADRIAN MORALES,2,Dining Room,0.00,45.03,3.73,0.00,0.00,00:34:37
2919 Blanco Rd,146,8/9/25 10:36 AM,Martina Ovalle ,,Dining Room,0.00,28.47,2.35,0.00,0.00,00:03:06
2919 Blanco Rd,147,8/9/25 10:37 AM,Martina Ovalle ,,Dining Room,0.00,7.43,0.61,0.00,0.00,00:03:27
2919 Blanco Rd,149,8/9/25 10:39 AM,Maria  Salazar,3,Dining Room,0.00,2.50,0.21,0.00,0.00,00:00:27
2919 Blanco Rd,150,8/9/25 10:40 AM,Martina Ovalle ,,Drive Thru,0.00,6.27,0.51,0.00,0.00,00:01:33
2919 Blanco Rd,140,8/9/25 10:23 AM,Martina Ovalle ,,Drive Thru,0.00,11.36,0.93,0.00,0.00,00:19:45
2919 Blanco Rd,151,8/9/25 10:40 AM,Martina Ovalle ,,Drive Thru,0.00,23.91,1.97,0.00,0.00,00:05:45
2919 Blanco Rd,153,8/9/25 10:43 AM,Martina Ovalle ,,Drive Thru,0.00,43.44,3.58,5.00,0.00,00:05:45
2919 Blanco Rd,154,8/9/25 10:44 AM,Martina Ovalle ,,Drive Thru,0.00,12.93,1.07,0.00,0.00,00:06:30
2919 Blanco Rd,155,8/9/25 10:48 AM,Martina Ovalle ,,Drive Thru,0.00,14.95,1.24,0.00,0.00,00:03:11
2919 Blanco Rd,156,8/9/25 10:48 AM,Eduardo  Franco ,6,Dining Room,0.00,16.75,1.39,0.00,0.00,00:37:35
2919 Blanco Rd,157,8/9/25 10:49 AM,Martina Ovalle ,,Drive Thru,0.00,21.02,1.74,0.00,0.00,00:03:50
2919 Blanco Rd,158,8/9/25 10:50 AM,Martina Ovalle ,,Drive Thru,0.00,13.93,1.14,0.00,0.00,00:03:38
2919 Blanco Rd,159,8/9/25 10:50 AM,Martina Ovalle ,,Drive Thru,0.00,10.42,0.85,2.00,0.00,00:04:14
2919 Blanco Rd,160,8/9/25 10:51 AM,Martina Ovalle ,,Drive Thru,0.00,21.97,1.81,0.00,0.00,00:05:24
2919 Blanco Rd,162,8/9/25 10:55 AM,Martina Ovalle ,,Drive Thru,0.00,22.04,1.82,0.00,0.00,00:03:21
2919 Blanco Rd,163,8/9/25 10:57 AM,ADRIAN MORALES,5,Dining Room,0.00,29.31,2.42,0.00,0.00,00:18:29
2919 Blanco Rd,164,8/9/25 10:59 AM,Martina Ovalle ,,Drive Thru,0.00,21.22,1.76,5.00,0.00,00:04:29
2919 Blanco Rd,165,8/9/25 10:59 AM,Martina Ovalle ,,Drive Thru,0.00,17.74,1.46,0.00,0.00,00:05:04
2919 Blanco Rd,148,8/9/25 10:38 AM,Martina Ovalle ,,Dining Room,0.00,9.19,0.75,0.00,0.00,00:27:32
2919 Blanco Rd,169,8/9/25 11:04 AM,Martina Ovalle ,,Drive Thru,0.00,6.99,0.58,2.00,0.00,00:02:00
2919 Blanco Rd,168,8/9/25 11:03 AM,Eduardo  Franco ,8,Dining Room,0.00,45.93,3.78,0.00,0.00,00:28:12
2919 Blanco Rd,170,8/9/25 11:06 AM,Martina Ovalle ,,Drive Thru,0.00,18.94,1.57,5.00,0.00,00:01:27
2919 Blanco Rd,171,8/9/25 11:07 AM,Martina Ovalle ,,Drive Thru,0.00,11.33,0.93,0.00,0.00,00:03:15
2919 Blanco Rd,161,8/9/25 10:51 AM,Martina Ovalle ,,Drive Thru,0.00,14.73,1.21,0.00,0.00,00:22:27
2919 Blanco Rd,172,8/9/25 11:08 AM,Martina Ovalle ,,Drive Thru,0.00,12.94,1.07,0.00,0.00,00:05:06
2919 Blanco Rd,174,8/9/25 11:12 AM,Martina Ovalle ,,Drive Thru,0.00,18.92,1.55,2.00,0.00,00:03:31
2919 Blanco Rd,175,8/9/25 11:14 AM,Martina Ovalle ,,Drive Thru,0.00,16.97,1.40,0.00,0.00,00:04:36
2919 Blanco Rd,176,8/9/25 11:14 AM,ADRIAN MORALES,4,Dining Room,0.00,59.22,4.88,5.00,0.00,00:36:52
2919 Blanco Rd,177,8/9/25 11:16 AM,Martina Ovalle ,,Drive Thru,0.00,14.83,1.22,0.00,0.00,00:04:19
2919 Blanco Rd,178,8/9/25 11:18 AM,Eduardo  Franco ,3,Dining Room,0.00,36.20,2.97,10.00,0.00,00:32:14
2919 Blanco Rd,167,8/9/25 11:03 AM,Martina Ovalle ,,Dining Room,0.00,12.81,1.06,1.00,0.00,00:18:29
2919 Blanco Rd,179,8/9/25 11:19 AM,ADRIAN MORALES,7,Dining Room,0.00,14.73,1.22,0.00,0.00,00:22:07
2919 Blanco Rd,173,8/9/25 11:08 AM,Martina Ovalle ,,Drive Thru,0.00,19.24,1.58,0.00,0.00,00:14:53
2919 Blanco Rd,180,8/9/25 11:20 AM,Martina Ovalle ,,Drive Thru,0.00,46.03,3.80,5.00,0.00,00:04:25
2919 Blanco Rd,182,8/9/25 11:21 AM,Eduardo  Franco ,5,Dining Room,0.00,21.32,1.76,2.00,0.00,00:51:06
2919 Blanco Rd,183,8/9/25 11:21 AM,Martina Ovalle ,,Drive Thru,0.00,11.11,0.91,0.00,0.00,00:04:32
2919 Blanco Rd,181,8/9/25 11:20 AM,Maria  Salazar,,Dining Room,0.00,28.98,2.39,0.00,0.00,00:01:44
2919 Blanco Rd,185,8/9/25 11:24 AM,Martina Ovalle ,,Drive Thru,0.00,7.96,0.66,0.00,0.00,00:01:56
2919 Blanco Rd,187,8/9/25 11:27 AM,Eduardo  Franco ,25,Dining Room,0.00,19.63,1.62,0.00,0.00,00:25:03
2919 Blanco Rd,188,8/9/25 11:27 AM,Maria  Salazar,,Dining Room,0.00,15.98,1.32,0.00,0.00,00:00:27
2919 Blanco Rd,186,8/9/25 11:26 AM,ADRIAN MORALES,2,Dining Room,0.00,46.98,3.85,0.00,0.00,00:32:14
2919 Blanco Rd,189,8/9/25 11:30 AM,Martina Ovalle ,,Drive Thru,0.00,11.94,0.98,0.00,0.00,00:01:19
2919 Blanco Rd,190,8/9/25 11:31 AM,Martina Ovalle ,,Drive Thru,0.00,7.28,0.61,0.00,0.00,00:02:22
2919 Blanco Rd,191,8/9/25 11:32 AM,Martina Ovalle ,,Drive Thru,0.00,16.97,1.40,0.00,0.00,00:02:07
2919 Blanco Rd,192,8/9/25 11:40 AM,Maria  Salazar,,Dining Room,0.00,7.90,0.66,0.00,0.00,00:00:08
2919 Blanco Rd,193,8/9/25 11:41 AM,Maria  Salazar,,Dining Room,0.00,20.31,1.68,5.00,0.00,00:00:40
2919 Blanco Rd,194,8/9/25 11:42 AM,Maria  Salazar,,Dining Room,0.00,26.67,2.20,0.00,0.00,00:02:33
2919 Blanco Rd,195,8/9/25 11:47 AM,Martina Ovalle ,,Dining Room,0.00,13.78,1.14,0.00,0.00,00:02:16
2919 Blanco Rd,196,8/9/25 11:47 AM,Martina Ovalle ,,Dining Room,0.00,12.97,1.07,2.00,0.00,00:03:27
2919 Blanco Rd,199,8/9/25 11:51 AM,ADRIAN MORALES,9,Dining Room,0.00,27.97,2.31,0.00,0.00,00:21:38
2919 Blanco Rd,201,8/9/25 11:53 AM,Eduardo  Franco ,18,Dining Room,0.00,24.95,2.06,0.00,0.00,01:00:49
2919 Blanco Rd,197,8/9/25 11:48 AM,Martina Ovalle ,,Dining Room,0.00,22.98,1.89,3.00,0.00,00:13:24
2919 Blanco Rd,203,8/9/25 12:05 PM,Martina Ovalle ,,Drive Thru,0.00,28.47,2.35,5.00,0.00,00:04:28
2919 Blanco Rd,204,8/9/25 12:06 PM,ADRIAN MORALES,25,Dining Room,0.00,40.00,3.29,10.00,0.00,00:51:13
2919 Blanco Rd,206,8/9/25 12:08 PM,Martina Ovalle ,,Dining Room,0.00,21.15,1.75,0.00,0.00,00:05:20
2919 Blanco Rd,207,8/9/25 12:10 PM,Eduardo  Franco ,15,Dining Room,0.00,10.14,0.84,0.00,0.00,01:10:48
2919 Blanco Rd,208,8/9/25 12:11 PM,ADRIAN MORALES,3,Dining Room,0.00,15.43,1.27,3.00,0.00,00:32:27
2919 Blanco Rd,209,8/9/25 12:15 PM,Maria  Salazar,,Dining Room,0.00,47.43,3.90,0.00,0.00,00:21:33
2919 Blanco Rd,210,8/9/25 12:17 PM,Martina Ovalle ,,Dining Room,0.00,22.92,1.89,0.00,0.00,00:02:42
2919 Blanco Rd,211,8/9/25 12:18 PM,Martina Ovalle ,,Dining Room,0.00,14.97,1.23,2.00,0.00,00:04:18
2919 Blanco Rd,212,8/9/25 12:18 PM,Martina Ovalle ,,Dining Room,0.00,13.40,1.10,0.00,0.00,00:04:57
2919 Blanco Rd,214,8/9/25 12:20 PM,Eduardo  Franco ,2,Dining Room,0.00,9.53,0.78,3.00,0.00,00:21:58
2919 Blanco Rd,215,8/9/25 12:22 PM,Martina Ovalle ,,Drive Thru,0.00,7.97,0.65,0.00,0.00,00:02:39
2919 Blanco Rd,216,8/9/25 12:23 PM,Martina Ovalle ,,Drive Thru,0.00,15.07,1.24,1.00,0.00,00:03:30
2919 Blanco Rd,218,8/9/25 12:24 PM,Eduardo  Franco ,13,Dining Room,0.00,25.37,2.09,8.00,0.00,00:22:26
2919 Blanco Rd,220,8/9/25 12:26 PM,Martina Ovalle ,,Drive Thru,0.00,23.14,1.91,0.00,0.00,00:02:08
2919 Blanco Rd,219,8/9/25 12:26 PM,ADRIAN MORALES,6,Dining Room,0.00,41.61,3.43,5.00,0.00,00:37:22
2919 Blanco Rd,222,8/9/25 12:33 PM,Eduardo  Franco ,7,Dining Room,0.00,26.57,2.19,5.00,0.00,00:18:47
2919 Blanco Rd,223,8/9/25 12:33 PM,ADRIAN MORALES,5,Dining Room,0.00,34.66,2.86,5.00,0.00,00:21:57
2919 Blanco Rd,213,8/9/25 12:19 PM,Martina Ovalle ,,Dining Room,0.00,3.98,0.33,2.00,0.00,00:17:13
2919 Blanco Rd,225,8/9/25 12:37 PM,ADRIAN MORALES,9,Dining Room,0.00,4.68,0.38,0.00,0.00,00:27:34
2919 Blanco Rd,226,8/9/25 12:40 PM,Eduardo  Franco ,1,Dining Room,0.00,42.44,3.46,5.00,0.00,00:37:30
2919 Blanco Rd,224,8/9/25 12:35 PM,Martina Ovalle ,,Dining Room,0.00,4.28,0.35,0.00,0.00,00:11:26
2919 Blanco Rd,227,8/9/25 12:42 PM,Martina Ovalle ,,Dining Room,0.00,63.90,5.26,0.00,0.00,00:04:42
2919 Blanco Rd,228,8/9/25 12:44 PM,Martina Ovalle ,,Drive Thru,0.00,39.12,3.23,3.00,0.00,00:06:25
2919 Blanco Rd,229,8/9/25 12:45 PM,ADRIAN MORALES,4,Dining Room,0.00,31.86,2.61,0.00,0.00,00:30:55
2919 Blanco Rd,230,8/9/25 12:49 PM,Martina Ovalle ,,Drive Thru,0.00,50.12,4.14,0.00,0.00,00:08:32
2919 Blanco Rd,231,8/9/25 12:52 PM,Martina Ovalle ,,Drive Thru,0.00,6.28,0.51,0.00,0.00,00:06:51
2919 Blanco Rd,233,8/9/25 12:54 PM,Maria  Salazar,,Dining Room,0.00,24.90,2.05,0.00,0.00,00:00:32
2919 Blanco Rd,184,8/9/25 11:21 AM,Martina Ovalle ,,Drive Thru,0.00,16.90,1.39,1.00,0.00,01:39:30
2919 Blanco Rd,234,8/9/25 12:57 PM,Martina Ovalle ,,Drive Thru,0.00,25.08,2.07,0.00,0.00,00:05:13
2919 Blanco Rd,236,8/9/25 1:01 PM,Martina Ovalle ,,Drive Thru,0.00,9.38,0.77,0.00,0.00,00:02:16
2919 Blanco Rd,238,8/9/25 1:01 PM,Maria  Salazar,,Dining Room,0.00,3.50,0.29,0.00,0.00,00:00:24
2919 Blanco Rd,239,8/9/25 1:05 PM,Martina Ovalle ,,Drive Thru,0.00,37.84,3.12,0.00,0.00,00:02:56
2919 Blanco Rd,241,8/9/25 1:10 PM,ADRIAN MORALES,19,Dining Room,0.00,25.88,2.13,0.00,0.00,00:05:42
2919 Blanco Rd,242,8/9/25 1:15 PM,Maria  Salazar,,Dining Room,0.00,0.00,0.00,0.00,0.00,00:00:17
2919 Blanco Rd,243,8/9/25 1:17 PM,Martina Ovalle ,,Dining Room,0.00,4.39,0.36,0.00,0.00,00:00:36
2919 Blanco Rd,245,8/9/25 1:19 PM,ADRIAN MORALES,5,Dining Room,0.00,45.91,3.78,5.00,0.00,01:03:03
2919 Blanco Rd,246,8/9/25 1:26 PM,Martina Ovalle ,,Dining Room,0.00,9.27,0.77,0.00,0.00,00:02:18
2919 Blanco Rd,248,8/9/25 1:27 PM,Martina Ovalle ,,Drive Thru,0.00,3.98,0.32,0.00,0.00,00:02:10
2919 Blanco Rd,250,8/9/25 1:30 PM,Martina Ovalle ,,Drive Thru,0.00,6.27,0.51,0.00,0.00,00:01:20
2919 Blanco Rd,251,8/9/25 1:31 PM,ADRIAN MORALES,3,Dining Room,0.00,44.00,3.63,0.00,0.00,00:25:19
2919 Blanco Rd,252,8/9/25 1:35 PM,Martina Ovalle ,,Dining Room,0.00,13.98,1.15,0.00,0.00,00:00:53
2919 Blanco Rd,253,8/9/25 1:40 PM,Martina Ovalle ,,Dining Room,0.00,5.97,0.49,1.00,0.00,00:02:10
2919 Blanco Rd,254,8/9/25 1:41 PM,Martina Ovalle ,,Dining Room,0.00,22.98,1.90,0.00,0.00,00:17:04
2919 Blanco Rd,255,8/9/25 1:41 PM,PM Cashier C,,Dining Room,0.00,3.98,0.33,0.00,0.00,00:08:28
2919 Blanco Rd,256,8/9/25 1:43 PM,Martina Ovalle ,,Dining Room,0.00,11.93,0.98,0.00,0.00,00:02:36
2919 Blanco Rd,7001,8/9/25 1:43 PM,ADRIAN MORALES,6,Dining Room,0.00,23.50,1.95,0.00,0.00,00:54:33
2919 Blanco Rd,260,8/9/25 1:49 PM,Martina Ovalle ,,Dining Room,0.00,8.78,0.72,0.00,0.00,00:03:03
2919 Blanco Rd,261,8/9/25 1:49 PM,Martina Ovalle ,,Dining Room,0.00,7.97,0.65,0.00,0.00,00:03:47
2919 Blanco Rd,263,8/9/25 1:49 PM,ADRIAN MORALES,7,Dining Room,0.00,62.73,5.15,0.00,0.00,01:00:43
2919 Blanco Rd,264,8/9/25 1:53 PM,ADRIAN MORALES,2,Dining Room,0.00,20.23,1.66,0.00,0.00,00:29:57
2919 Blanco Rd,265,8/9/25 1:55 PM,Martina Ovalle ,,Dining Room,0.00,4.28,0.35,0.00,0.00,00:04:05
2919 Blanco Rd,267,8/9/25 1:57 PM,Martina Ovalle ,,Dining Room,0.00,22.96,1.89,0.00,0.00,00:04:49
2919 Blanco Rd,266,8/9/25 1:55 PM,Martina Ovalle ,,Dining Room,0.00,15.40,1.27,0.00,0.00,00:08:46
2919 Blanco Rd,271,8/9/25 2:02 PM,Martina Ovalle ,,Drive Thru,0.00,23.98,1.98,0.00,0.00,00:02:58
2919 Blanco Rd,272,8/9/25 2:06 PM,ADRIAN MORALES,4,Dining Room,0.00,14.72,1.21,0.00,0.00,00:28:11
2919 Blanco Rd,273,8/9/25 2:09 PM,ADRIAN MORALES,13,Dining Room,0.00,26.60,2.19,4.00,0.00,00:15:43
2919 Blanco Rd,274,8/9/25 2:12 PM,Martina Ovalle ,,Dining Room,0.00,23.74,1.95,0.00,0.00,00:02:05
2919 Blanco Rd,276,8/9/25 2:18 PM,ADRIAN MORALES,19,Dining Room,6.00,28.12,2.31,6.00,0.00,00:23:54
2919 Blanco Rd,275,8/9/25 2:13 PM,Martina Ovalle ,,Dining Room,0.00,11.99,0.99,0.00,0.00,00:08:47
2919 Blanco Rd,278,8/9/25 2:21 PM,Martina Ovalle ,,Drive Thru,0.00,33.96,2.80,3.00,0.00,00:03:58
2919 Blanco Rd,277,8/9/25 2:19 PM,Martina Ovalle ,,Dining Room,0.00,4.99,0.41,0.00,0.00,00:04:50
2919 Blanco Rd,279,8/9/25 2:23 PM,Martina Ovalle ,,Dining Room,0.00,25.34,2.09,0.00,0.00,00:10:52
2919 Blanco Rd,281,8/9/25 2:31 PM,Martina Ovalle ,,Dining Room,0.00,23.98,1.97,0.00,0.00,00:16:37
2919 Blanco Rd,282,8/9/25 2:46 PM,ADRIAN MORALES,3,Dining Room,0.00,44.16,3.62,4.42,0.00,00:35:57
2919 Blanco Rd,283,8/9/25 2:47 PM,Martina Ovalle ,,Dining Room,0.00,11.94,0.98,0.00,0.00,00:10:10
2919 Blanco Rd,285,8/9/25 2:54 PM,Martina Ovalle ,,Dining Room,0.00,6.98,0.58,2.00,0.00,00:14:31
2919 Blanco Rd,288,8/9/25 3:20 PM,ADRIAN MORALES,4,Dining Room,0.00,27.87,2.29,6.00,0.00,00:17:33
2919 Blanco Rd,290,8/9/25 3:21 PM,Martina Ovalle ,,Dining Room,0.00,46.92,3.87,0.00,0.00,00:38:35
2919 Blanco Rd,291,8/9/25 3:29 PM,PM Cashier C,,Dining Room,0.00,9.42,0.76,0.00,0.00,00:01:20
2919 Blanco Rd,292,8/9/25 3:52 PM,ADRIAN MORALES,14,Dining Room,0.00,44.65,3.70,0.00,0.00,00:32:03
2919 Blanco Rd,293,8/9/25 4:15 PM,PM Cashier C,,Dining Room,0.00,1.99,0.16,0.00,0.00,00:01:41
2919 Blanco Rd,294,8/9/25 4:22 PM,ADRIAN MORALES,4,Dining Room,0.00,33.58,2.76,4.00,0.00,00:44:15
2919 Blanco Rd,295,8/9/25 4:33 PM,ADRIAN MORALES,6,Dining Room,0.00,31.57,2.60,0.00,0.00,00:30:38
2919 Blanco Rd,296,8/9/25 5:01 PM,Martina Ovalle ,,Dining Room,0.00,9.98,0.82,0.00,0.00,00:02:24
2919 Blanco Rd,297,8/9/25 5:07 PM,Martina Ovalle ,,Dining Room,0.00,17.44,1.43,0.00,0.00,00:04:51
2919 Blanco Rd,300,8/9/25 5:28 PM,Martina Ovalle ,,Dining Room,0.00,12.99,1.07,0.00,0.00,00:03:50
2919 Blanco Rd,301,8/9/25 5:28 PM,Martina Ovalle ,,Dining Room,0.00,12.99,1.06,0.00,0.00,00:01:43
2919 Blanco Rd,302,8/9/25 5:30 PM,Martina Ovalle ,,Dining Room,0.00,18.42,1.52,3.00,0.00,00:09:43
2919 Blanco Rd,304,8/9/25 5:40 PM,Martina Ovalle ,,Drive Thru,0.00,36.22,2.98,0.00,0.00,00:02:27
2919 Blanco Rd,305,8/9/25 5:42 PM,Martina Ovalle ,,Drive Thru,0.00,16.47,1.35,5.00,0.00,00:07:47
2919 Blanco Rd,298,8/9/25 5:08 PM,Martina Ovalle ,,Dining Room,0.00,22.40,1.84,0.00,0.00,01:13:57
2919 Blanco Rd,306,8/9/25 6:29 PM,Martina Ovalle ,,Dining Room,0.00,18.37,1.51,0.00,0.00,00:03:34
2919 Blanco Rd,308,8/9/25 6:34 PM,ADRIAN MORALES,3,Dining Room,0.00,30.27,2.49,0.00,0.00,00:26:54
2919 Blanco Rd,309,8/9/25 7:17 PM,PM Cashier C,,Dining Room,0.00,0.00,0.00,0.00,0.00,00:46:59
2919 Blanco Rd,310,8/9/25 7:27 PM,PM Cashier C,,Dining Room,0.00,12.96,1.07,2.00,0.00,00:00:39
