Employee,Job Title,Regular Hours,Overtime Hours,Hourly Rate,Regular Pay,Overtime Pay,Total Pay,Net Sales,Declared Tips,Non-Cash Tips,Total Tips,Tips Withheld,Total Gratuity,Employee ID,Job Code,Location,Location Code
"C, PM Cashier",Cashier,14.91,4.0,,,,,653.61,0.00,19.36,19.36,0.00,0.00,,,2919 Blanco Rd,
"Franco , Eduardo ",Server,7.44,0.0,,,,,549.41,,58.64,58.64,0.00,0.00,,,2919 Blanco Rd,
"Hernandez, Celinda",Cook,6.36,2.62,16.00,101.76,62.88,164.64,0.00,,0.00,0.00,0.00,0.00,,,2919 Blanco Rd,
"Hernandez, Fidelia ",Cook,0.0,8.53,14.00,0.00,179.13,179.13,0.00,,0.00,0.00,0.00,0.00,,,2919 Blanco Rd,
"MORALES, ADRIAN",Server,11.82,0.0,3.00,35.46,0.00,35.46,1072.57,0.00,75.96,75.96,0.00,0.00,,,2919 Blanco Rd,
"Martinez , Sami",Server,4.13,0.0,3.00,12.39,0.00,12.39,0.00,,0.00,0.00,0.00,0.00,,,2919 Blanco Rd,
"Melendez, Ninoska",Tortillero/a,2.05,8.83,13.00,26.65,172.19,198.84,0.00,,0.00,0.00,0.00,0.00,,,2919 Blanco Rd,
"Ovalle , Martina",Drive-Thru,0.0,10.34,,,,,1663.26,,64.00,64.00,0.00,0.00,,,2919 Blanco Rd,
"Pena , Vilma",Cook,8.17,0.0,14.00,114.38,0.00,114.38,0.00,,0.00,0.00,0.00,0.00,,,2919 Blanco Rd,
"Salazar, Maria ",Shift Manager / Assistant Manager,0.0,7.81,,,,,368.75,,9.90,9.90,0.00,0.00,,,2919 Blanco Rd,
"santander, yerlinson",Cook,4.87,7.11,14.00,68.18,149.31,217.49,0.00,,0.00,0.00,0.00,0.00,,,2919 Blanco Rd,
