Location,Order #,Opened Date,Server,Table,Discount Name,Discount Reason,Comment,Discount Amount
Tink a Tako #9 - Blanco Rd - 2919 Blanco Rd,232,9/21/25 2:01 PM,Sami Martinez ,22,Open $ Item,,,3.00
Tink a Tako #9 - Blanco Rd - 2919 Blanco Rd,208,9/21/25 1:06 PM,AM CASHIER,,Open % Check,,,6.34
Tink a Tako #9 - Blanco Rd - 2919 Blanco Rd,50,9/21/25 9:20 AM,Sami Martinez ,14,Open % Item,,,3.89
Tink a Tako #9 - Blanco Rd - 2919 Blanco Rd,50,9/21/25 9:20 AM,Sami Martinez ,14,Open % Item,,,1.69
Tink a Tako #9 - Blanco Rd - 2919 Blanco Rd,50,9/21/25 9:20 AM,Sami Martinez ,14,Open % Item,,,0.60
