Location,Order #,Opened Date,Server,Table,Discount Name,Discount Reason,Comment,Discount Amount
Tink a Tako #9 - Blanco Rd - 2919 Blanco Rd,285,10/11/25 2:19 PM,samantha lopez,,Open % Item,,,3.90
Tink a Tako #9 - Blanco Rd - 2919 Blanco Rd,113,10/11/25 10:05 AM,Mery Rodriguez,,Open % Check,,,18.98
Tink a Tako #9 - Blanco Rd - 2919 Blanco Rd,15,10/11/25 7:29 AM,Sami Martinez ,14,Open % Item,,,1.00
Tink a Tako #9 - Blanco Rd - 2919 Blanco Rd,15,10/11/25 7:29 AM,Sami Martinez ,14,Open % Item,,,1.14
Tink a Tako #9 - Blanco Rd - 2919 Blanco Rd,10,10/11/25 7:02 AM,AM CASHIER,,Open % Item,,,3.99
