Location,Server,Check #,Table,Station,Expediter Level,Fired Date,Fulfilled Date,Fulfillment Time,Fulfilled By
2919 Blanco Rd,AM CASHIER,6,,,1,10/11/25 6:50 AM,10/11/25 7:06 AM,15 minutes and 41 seconds,AM CASHIER
2919 Blanco Rd,AM CASHIER,10,,,1,10/11/25 7:03 AM,10/11/25 7:06 AM,3 minutes and 17 seconds,AM CASHIER
2919 Blanco Rd,Cin Cin,3,,,1,10/11/25 6:28 AM,10/11/25 7:06 AM,38 minutes and 8 seconds,AM CASHIER
2919 Blanco Rd,Sami Martinez ,2,17,,1,10/11/25 6:21 AM,10/11/25 7:06 AM,44 minutes and 41 seconds,AM CASHIER
2919 Blanco Rd,Sami Martinez ,12,2,,1,10/11/25 7:04 AM,10/11/25 7:06 AM,1 minute and 34 seconds,AM CASHIER
2919 Blanco Rd,AM CASHIER,1,,,1,10/11/25 6:10 AM,10/11/25 7:06 AM,55 minutes and 52 seconds,AM CASHIER
2919 Blanco Rd,AM CASHIER,4,,,1,10/11/25 6:41 AM,10/11/25 7:06 AM,25 minutes and 15 seconds,AM CASHIER
2919 Blanco Rd,Cin Cin,5,,,1,10/11/25 6:45 AM,10/11/25 7:06 AM,20 minutes and 23 seconds,AM CASHIER
2919 Blanco Rd,AM CASHIER,4,,,1,10/11/25 6:53 AM,10/11/25 7:06 AM,12 minutes and 22 seconds,AM CASHIER
2919 Blanco Rd,Sami Martinez ,15,14,,1,10/11/25 7:29 AM,10/11/25 7:40 AM,10 minutes and 45 seconds,AM CASHIER
2919 Blanco Rd,AM CASHIER,11,,,1,10/11/25 7:05 AM,10/11/25 7:40 AM,34 minutes and 38 seconds,AM CASHIER
2919 Blanco Rd,AM CASHIER,17,,,1,10/11/25 7:32 AM,10/11/25 7:40 AM,7 minutes and 32 seconds,AM CASHIER
2919 Blanco Rd,AM CASHIER,16,,,1,10/11/25 7:32 AM,10/11/25 7:40 AM,8 minutes,AM CASHIER
2919 Blanco Rd,AM CASHIER,19,,,1,10/11/25 7:33 AM,10/11/25 7:40 AM,6 minutes and 59 seconds,AM CASHIER
2919 Blanco Rd,AM CASHIER,31,,,1,10/11/25 8:16 AM,10/11/25 8:40 AM,23 minutes and 59 seconds,AM CASHIER
2919 Blanco Rd,Sami Martinez ,52,,,1,10/11/25 8:56 AM,10/11/25 9:00 AM,3 minutes and 18 seconds,AM CASHIER
2919 Blanco Rd,Sami Martinez ,48,4,,1,10/11/25 8:53 AM,10/11/25 9:00 AM,6 minutes and 42 seconds,AM CASHIER
2919 Blanco Rd,Sami Martinez ,48,4,,1,10/11/25 9:08 AM,10/11/25 9:30 AM,22 minutes and 30 seconds,AM CASHIER
2919 Blanco Rd,AM CASHIER,53,,,1,10/11/25 8:59 AM,10/11/25 9:30 AM,31 minutes and 36 seconds,AM CASHIER
2919 Blanco Rd,AM CASHIER,55,,,1,10/11/25 9:00 AM,10/11/25 9:30 AM,30 minutes and 12 seconds,AM CASHIER
2919 Blanco Rd,Mery Rodriguez,68,5,,1,10/11/25 9:14 AM,10/11/25 9:30 AM,16 minutes and 8 seconds,AM CASHIER
2919 Blanco Rd,Mery Rodriguez,73,6,,1,10/11/25 9:20 AM,10/11/25 9:31 AM,10 minutes and 44 seconds,AM CASHIER
2919 Blanco Rd,AM CASHIER,64,,,1,10/11/25 9:19 AM,10/11/25 9:31 AM,11 minutes and 3 seconds,AM CASHIER
2919 Blanco Rd,Sami Martinez ,72,3,,1,10/11/25 9:19 AM,10/11/25 9:30 AM,11 minutes and 45 seconds,AM CASHIER
2919 Blanco Rd,AM CASHIER,85,,,1,10/11/25 9:30 AM,10/11/25 9:31 AM,1 minute and 44 seconds,AM CASHIER
2919 Blanco Rd,Sami Martinez ,76,18,,1,10/11/25 9:21 AM,10/11/25 9:32 AM,11 minutes and 3 seconds,AM CASHIER
2919 Blanco Rd,AM CASHIER,75,,,1,10/11/25 9:21 AM,10/11/25 9:32 AM,11 minutes and 7 seconds,AM CASHIER
2919 Blanco Rd,Sami Martinez ,82,19,,1,10/11/25 9:28 AM,10/11/25 9:49 AM,21 minutes and 22 seconds,AM CASHIER
2919 Blanco Rd,Mery Rodriguez,80,2,,1,10/11/25 9:28 AM,10/11/25 9:49 AM,20 minutes and 59 seconds,AM CASHIER
2919 Blanco Rd,Mery Rodriguez,81,7,,1,10/11/25 9:30 AM,10/11/25 9:49 AM,19 minutes and 37 seconds,AM CASHIER
2919 Blanco Rd,AM CASHIER,89,,,1,10/11/25 9:34 AM,10/11/25 9:49 AM,14 minutes and 58 seconds,AM CASHIER
2919 Blanco Rd,Sami Martinez ,91,13,,1,10/11/25 9:37 AM,10/11/25 9:49 AM,12 minutes and 13 seconds,AM CASHIER
2919 Blanco Rd,Mery Rodriguez,92,22,,1,10/11/25 9:40 AM,10/11/25 9:54 AM,14 minutes and 47 seconds,AM CASHIER
2919 Blanco Rd,Martina Ovalle ,93,4,,1,10/11/25 9:40 AM,10/11/25 9:54 AM,14 minutes and 1 second,AM CASHIER
2919 Blanco Rd,AM CASHIER,99,,,1,10/11/25 9:53 AM,10/11/25 10:12 AM,19 minutes and 23 seconds,AM CASHIER
2919 Blanco Rd,Mery Rodriguez,112,10,,1,10/11/25 10:05 AM,10/11/25 10:12 AM,6 minutes and 53 seconds,AM CASHIER
2919 Blanco Rd,Sami Martinez ,102,17,,1,10/11/25 9:54 AM,10/11/25 10:12 AM,17 minutes and 39 seconds,AM CASHIER
2919 Blanco Rd,Mery Rodriguez,113,,,1,10/11/25 10:06 AM,10/11/25 10:12 AM,6 minutes and 26 seconds,AM CASHIER
2919 Blanco Rd,Mery Rodriguez,107,6,,1,10/11/25 10:07 AM,10/11/25 10:22 AM,14 minutes and 53 seconds,AM CASHIER
2919 Blanco Rd,Mery Rodriguez,120,8,,1,10/11/25 10:09 AM,10/11/25 10:22 AM,12 minutes and 23 seconds,AM CASHIER
2919 Blanco Rd,AM CASHIER,121,,,1,10/11/25 10:09 AM,10/11/25 10:22 AM,12 minutes and 42 seconds,AM CASHIER
2919 Blanco Rd,AM CASHIER,122,,,1,10/11/25 10:11 AM,10/11/25 10:22 AM,10 minutes and 31 seconds,AM CASHIER
2919 Blanco Rd,Mery Rodriguez,112,10,,1,10/11/25 10:13 AM,10/11/25 10:22 AM,8 minutes and 38 seconds,AM CASHIER
2919 Blanco Rd,Sami Martinez ,116,7,,1,10/11/25 10:08 AM,10/11/25 10:34 AM,26 minutes and 4 seconds,AM CASHIER
2919 Blanco Rd,Sami Martinez ,126,3,,1,10/11/25 10:16 AM,10/11/25 10:34 AM,18 minutes and 7 seconds,AM CASHIER
2919 Blanco Rd,Mery Rodriguez,139,4,,1,10/11/25 10:30 AM,10/11/25 10:35 AM,5 minutes,AM CASHIER
2919 Blanco Rd,Mery Rodriguez,139,4,,1,10/11/25 10:29 AM,10/11/25 10:37 AM,7 minutes and 36 seconds,AM CASHIER
2919 Blanco Rd,Sami Martinez ,126,3,,1,10/11/25 10:38 AM,10/11/25 10:40 AM,2 minutes and 25 seconds,AM CASHIER
2919 Blanco Rd,AM CASHIER,124,,,1,10/11/25 10:20 AM,10/11/25 10:50 AM,29 minutes and 44 seconds,AM CASHIER
2919 Blanco Rd,Mery Rodriguez,131,1,,1,10/11/25 10:26 AM,10/11/25 10:50 AM,23 minutes and 16 seconds,AM CASHIER
2919 Blanco Rd,AM CASHIER,138,,,1,10/11/25 10:27 AM,10/11/25 10:55 AM,28 minutes and 3 seconds,AM CASHIER
2919 Blanco Rd,Sami Martinez ,135,25,,1,10/11/25 10:28 AM,10/11/25 10:55 AM,27 minutes and 50 seconds,AM CASHIER
2919 Blanco Rd,Mery Rodriguez,143,8,,1,10/11/25 10:32 AM,10/11/25 10:56 AM,23 minutes and 20 seconds,AM CASHIER
2919 Blanco Rd,Sami Martinez ,140,12,,1,10/11/25 10:30 AM,10/11/25 10:55 AM,25 minutes and 6 seconds,AM CASHIER
2919 Blanco Rd,Cin Cin,150,,,1,10/11/25 10:38 AM,10/11/25 10:56 AM,17 minutes and 21 seconds,AM CASHIER
2919 Blanco Rd,Sami Martinez ,153,17,,1,10/11/25 10:41 AM,10/11/25 10:56 AM,14 minutes and 48 seconds,AM CASHIER
2919 Blanco Rd,Mery Rodriguez,139,4,,1,10/11/25 10:48 AM,10/11/25 11:11 AM,22 minutes and 39 seconds,AM CASHIER
2919 Blanco Rd,Sami Martinez ,155,14,,1,10/11/25 10:43 AM,10/11/25 11:11 AM,27 minutes and 8 seconds,AM CASHIER
2919 Blanco Rd,Sami Martinez ,135,25,,1,10/11/25 10:50 AM,10/11/25 11:11 AM,21 minutes,AM CASHIER
2919 Blanco Rd,Mery Rodriguez,159,9,,1,10/11/25 10:49 AM,10/11/25 11:11 AM,22 minutes,AM CASHIER
2919 Blanco Rd,Sami Martinez ,160,5,,1,10/11/25 10:49 AM,10/11/25 11:11 AM,21 minutes and 12 seconds,AM CASHIER
2919 Blanco Rd,AM CASHIER,163,,,1,10/11/25 10:53 AM,10/11/25 11:11 AM,17 minutes and 48 seconds,AM CASHIER
2919 Blanco Rd,Mery Rodriguez,169,7,,1,10/11/25 10:59 AM,10/11/25 11:11 AM,11 minutes and 19 seconds,AM CASHIER
2919 Blanco Rd,Mery Rodriguez,168,16,,1,10/11/25 11:06 AM,10/11/25 11:18 AM,11 minutes and 34 seconds,AM CASHIER
2919 Blanco Rd,Sami Martinez ,175,3,,1,10/11/25 11:06 AM,10/11/25 11:25 AM,19 minutes and 35 seconds,AM CASHIER
2919 Blanco Rd,Sami Martinez ,170,4,,1,10/11/25 11:01 AM,10/11/25 11:25 AM,24 minutes and 11 seconds,AM CASHIER
2919 Blanco Rd,Sami Martinez ,174,11,,1,10/11/25 11:03 AM,10/11/25 11:25 AM,22 minutes and 47 seconds,AM CASHIER
2919 Blanco Rd,Sami Martinez ,160,5,,1,10/11/25 11:10 AM,10/11/25 11:25 AM,15 minutes and 27 seconds,AM CASHIER
2919 Blanco Rd,Mery Rodriguez,168,16,,1,10/11/25 11:19 AM,10/11/25 11:25 AM,6 minutes and 40 seconds,AM CASHIER
2919 Blanco Rd,Mery Rodriguez,183,6,,1,10/11/25 11:20 AM,10/11/25 11:25 AM,5 minutes and 8 seconds,AM CASHIER
2919 Blanco Rd,AM CASHIER,186,,,1,10/11/25 11:23 AM,10/11/25 11:26 AM,2 minutes and 58 seconds,AM CASHIER
2919 Blanco Rd,Mery Rodriguez,201,9,,1,10/11/25 11:41 AM,10/11/25 12:11 PM,29 minutes and 33 seconds,AM CASHIER
2919 Blanco Rd,Sami Martinez ,175,3,,1,10/11/25 11:33 AM,10/11/25 12:11 PM,38 minutes,AM CASHIER
2919 Blanco Rd,Sami Martinez ,197,5,,1,10/11/25 11:42 AM,10/11/25 12:11 PM,29 minutes and 30 seconds,AM CASHIER
2919 Blanco Rd,AM CASHIER,208,,,1,10/11/25 11:44 AM,10/11/25 12:11 PM,26 minutes and 39 seconds,AM CASHIER
2919 Blanco Rd,AM CASHIER,209,,,1,10/11/25 11:45 AM,10/11/25 12:11 PM,25 minutes and 46 seconds,AM CASHIER
2919 Blanco Rd,Sami Martinez ,197,5,,1,10/11/25 11:51 AM,10/11/25 12:11 PM,19 minutes and 50 seconds,AM CASHIER
2919 Blanco Rd,Sami Martinez ,218,6,,1,10/11/25 11:54 AM,10/11/25 12:11 PM,16 minutes and 46 seconds,AM CASHIER
2919 Blanco Rd,AM CASHIER,238,15,,1,10/11/25 12:15 PM,10/11/25 12:25 PM,9 minutes and 54 seconds,AM CASHIER
2919 Blanco Rd,Mery Rodriguez,214,10,,1,10/11/25 11:56 AM,10/11/25 12:25 PM,28 minutes and 53 seconds,AM CASHIER
2919 Blanco Rd,Sami Martinez ,223,4,,1,10/11/25 12:00 PM,10/11/25 12:25 PM,24 minutes and 19 seconds,AM CASHIER
2919 Blanco Rd,Mery Rodriguez,224,17,,1,10/11/25 12:05 PM,10/11/25 12:25 PM,19 minutes and 46 seconds,AM CASHIER
2919 Blanco Rd,Mery Rodriguez,252,2,,1,10/11/25 12:54 PM,10/11/25 1:18 PM,24 minutes and 7 seconds,AM CASHIER
2919 Blanco Rd,Mery Rodriguez,229,3,,1,10/11/25 12:08 PM,10/11/25 1:18 PM,"1 hour, 9 minutes and 33 seconds",AM CASHIER
2919 Blanco Rd,Sami Martinez ,223,4,,1,10/11/25 12:05 PM,10/11/25 1:18 PM,"1 hour, 12 minutes and 41 seconds",AM CASHIER
2919 Blanco Rd,AM CASHIER,235,,,1,10/11/25 12:07 PM,10/11/25 1:18 PM,"1 hour, 10 minutes and 26 seconds",AM CASHIER
2919 Blanco Rd,Sami Martinez ,233,16,,1,10/11/25 12:16 PM,10/11/25 1:18 PM,"1 hour, 1 minute and 49 seconds",AM CASHIER
2919 Blanco Rd,Sami Martinez ,233,16,,1,10/11/25 12:07 PM,10/11/25 1:18 PM,"1 hour, 10 minutes and 23 seconds",AM CASHIER
2919 Blanco Rd,Mery Rodriguez,229,3,,1,10/11/25 12:21 PM,10/11/25 1:18 PM,57 minutes and 12 seconds,AM CASHIER
2919 Blanco Rd,Mery Rodriguez,242,20,,1,10/11/25 12:23 PM,10/11/25 1:18 PM,55 minutes and 13 seconds,AM CASHIER
2919 Blanco Rd,Sami Martinez ,218,6,,1,10/11/25 12:23 PM,10/11/25 1:18 PM,54 minutes and 56 seconds,AM CASHIER
2919 Blanco Rd,Sami Martinez ,248,5,,1,10/11/25 1:00 PM,10/11/25 1:47 PM,46 minutes and 43 seconds,AM CASHIER
2919 Blanco Rd,Cin Cin,258,,,1,10/11/25 1:03 PM,10/11/25 2:14 PM,"1 hour, 10 minutes and 45 seconds",AM CASHIER
2919 Blanco Rd,Mery Rodriguez,256,6,,1,10/11/25 1:01 PM,10/11/25 2:14 PM,"1 hour, 12 minutes and 45 seconds",AM CASHIER
2919 Blanco Rd,Mery Rodriguez,242,20,,1,10/11/25 1:22 PM,10/11/25 2:14 PM,51 minutes and 38 seconds,AM CASHIER
2919 Blanco Rd,AM CASHIER,272,,,1,10/11/25 1:29 PM,10/11/25 2:14 PM,45 minutes and 35 seconds,AM CASHIER
2919 Blanco Rd,Mery Rodriguez,271,4,,1,10/11/25 1:25 PM,10/11/25 2:14 PM,48 minutes and 53 seconds,AM CASHIER
2919 Blanco Rd,Mery Rodriguez,275,8,,1,10/11/25 1:42 PM,10/11/25 2:14 PM,32 minutes and 9 seconds,AM CASHIER
2919 Blanco Rd,Mery Rodriguez,275,8,,1,10/11/25 1:44 PM,10/11/25 2:14 PM,30 minutes and 11 seconds,AM CASHIER
2919 Blanco Rd,AM CASHIER,284,,,1,10/11/25 2:20 PM,10/11/25 2:28 PM,7 minutes and 29 seconds,AM CASHIER
2919 Blanco Rd,Mery Rodriguez,276,10,,1,10/11/25 1:52 PM,10/11/25 2:28 PM,35 minutes and 39 seconds,AM CASHIER
2919 Blanco Rd,AM CASHIER,283,,,1,10/11/25 2:14 PM,10/11/25 2:28 PM,13 minutes and 43 seconds,AM CASHIER
2919 Blanco Rd,Mery Rodriguez,288,3,,1,10/11/25 2:24 PM,10/11/25 5:28 PM,"3 hours, 4 minutes and 2 seconds",AM CASHIER
2919 Blanco Rd,Mery Rodriguez,292,3,,1,10/11/25 3:31 PM,10/11/25 5:28 PM,"1 hour, 56 minutes and 57 seconds",AM CASHIER
2919 Blanco Rd,Mery Rodriguez,296,16,,1,10/11/25 4:09 PM,10/11/25 5:28 PM,"1 hour, 19 minutes and 32 seconds",AM CASHIER
2919 Blanco Rd,AM CASHIER,297,,,1,10/11/25 4:20 PM,10/11/25 5:28 PM,"1 hour, 8 minutes and 6 seconds",AM CASHIER
2919 Blanco Rd,AM CASHIER,298,,,1,10/11/25 4:29 PM,10/11/25 5:29 PM,59 minutes and 33 seconds,AM CASHIER
2919 Blanco Rd,Mery Rodriguez,310,20,,1,10/11/25 5:15 PM,10/11/25 5:29 PM,13 minutes and 31 seconds,AM CASHIER
2919 Blanco Rd,Mery Rodriguez,307,9,,1,10/11/25 5:16 PM,10/11/25 5:29 PM,12 minutes and 28 seconds,AM CASHIER
2919 Blanco Rd,Mery Rodriguez,313,6,,1,10/11/25 5:17 PM,10/11/25 5:29 PM,11 minutes and 16 seconds,AM CASHIER
2919 Blanco Rd,Mery Rodriguez,310,20,,1,10/11/25 5:53 PM,10/11/25 6:33 PM,40 minutes and 7 seconds,AM CASHIER
2919 Blanco Rd,AM CASHIER,316,,,1,10/11/25 6:27 PM,10/11/25 7:43 PM,"1 hour, 15 minutes and 46 seconds",AM CASHIER
2919 Blanco Rd,AM CASHIER,317,,,1,10/11/25 6:29 PM,10/11/25 7:43 PM,"1 hour, 13 minutes and 27 seconds",AM CASHIER
2919 Blanco Rd,Mery Rodriguez,324,,,1,10/11/25 7:23 PM,10/11/25 7:43 PM,20 minutes and 11 seconds,AM CASHIER
