Order #,Opened Date,Void Date,Server,Approver,Item Name,Reason,Item Quantity,Total Price
93,10/11/25 9:40 AM,10/11/25 10:48 AM,Martina Ovalle ,AM CASHIER,Huevos Ranchero Plate,Customer Changed Mind,1.0,7.99
93,10/11/25 9:40 AM,10/11/25 10:48 AM,Martina Ovalle ,AM CASHIER,Side Lengua,Customer Changed Mind,1.0,3.79
93,10/11/25 9:40 AM,10/11/25 10:48 AM,Martina Ovalle ,AM CASHIER,Coffee?. ,Customer Changed Mind,1.0,2.75
229,10/11/25 12:04 PM,10/11/25 2:13 PM,Mery Rodriguez,AM CASHIER,(1) Corn tort,Server Error,1.0,0.50
229,10/11/25 12:04 PM,10/11/25 2:13 PM,Mery Rodriguez,AM CASHIER,Small Menudo,Server Error,1.0,9.99
283,10/11/25 2:14 PM,10/11/25 8:05 PM,AM CASHIER,AM CASHIER,Bean & Cheese Taco,Server Error,1.0,1.99
283,10/11/25 2:14 PM,10/11/25 8:05 PM,AM CASHIER,AM CASHIER,Asada Taco,Server Error,1.0,4.89
309,10/11/25 5:09 PM,10/11/25 7:41 PM,samantha lopez,Cinthia Patlan,Bean & Cheese Taco,Customer Changed Mind,1.0,1.99
309,10/11/25 5:09 PM,10/11/25 7:41 PM,samantha lopez,Cinthia Patlan,Bean & Cheese Taco,Customer Changed Mind,1.0,1.99
309,10/11/25 5:09 PM,10/11/25 7:41 PM,samantha lopez,Cinthia Patlan,Bean & Cheese Taco,Customer Changed Mind,1.0,1.99
309,10/11/25 5:09 PM,10/11/25 7:41 PM,samantha lopez,Cinthia Patlan,Bean & Cheese Taco,Customer Changed Mind,1.0,1.99
316,10/11/25 6:23 PM,10/11/25 8:05 PM,AM CASHIER,AM CASHIER,Egg Taco,Customer Changed Mind,1.0,3.49
