Location,Order #,Opened,# of Guests,Server,Table,Discount Amount,Amount,Tax,Tip,Gratuity
Tink-a-Tako - Potranco,1,9/23/25 6:12 AM,1,Daniela Torres,,0.00,13.92,1.14,0.00,0.00
Tink-a-Tako - Potranco,2,9/23/25 6:35 AM,1,Daniela Torres,,0.00,18.30,1.51,0.00,0.00
Tink-a-Tako - Potranco,3,9/23/25 6:37 AM,1,Daniela Torres,,0.00,1.99,0.16,0.00,0.00
Tink-a-Tako - Potranco,4,9/23/25 6:39 AM,1,Daniela Torres,,0.00,4.28,0.35,0.00,0.00
Tink-a-Tako - Potranco,5,9/23/25 6:41 AM,1,Daniela Torres,,0.00,15.36,1.27,0.00,0.00
Tink-a-Tako - Potranco,6,9/23/25 6:47 AM,1,Daniela Torres,,0.00,5.97,0.49,0.00,0.00
Tink-a-Tako - Potranco,7,9/23/25 6:47 AM,1,Daniela Torres,,0.00,11.15,0.92,0.00,0.00
Tink-a-Tako - Potranco,8,9/23/25 6:48 AM,1,Juan  Camacho,,0.00,19.41,1.60,0.00,0.00
Tink-a-Tako - Potranco,9,9/23/25 6:50 AM,1,Daniela Torres,,0.00,10.83,0.89,0.00,0.00
Tink-a-Tako - Potranco,10,9/23/25 6:51 AM,1,Daniela Torres,,0.00,8.56,0.71,0.00,0.00
Tink-a-Tako - Potranco,11,9/23/25 6:53 AM,1,Daniela Torres,,0.00,11.37,0.94,0.00,0.00
Tink-a-Tako - Potranco,12,9/23/25 7:05 AM,1,Daniela Torres,,0.00,8.26,0.68,0.00,0.00
Tink-a-Tako - Potranco,14,9/23/25 7:09 AM,1,Daniela Torres,,0.00,29.62,2.43,2.00,0.00
Tink-a-Tako - Potranco,15,9/23/25 7:11 AM,1,Daniela Torres,,0.00,7.96,0.66,0.00,0.00
Tink-a-Tako - Potranco,16,9/23/25 7:15 AM,1,Juan  Camacho,,0.00,14.26,1.17,0.00,0.00
Tink-a-Tako - Potranco,17,9/23/25 7:18 AM,1,Daniela Torres,,0.00,22.80,1.88,0.00,0.00
Tink-a-Tako - Potranco,18,9/23/25 7:20 AM,1,Daniela Torres,,0.00,5.98,0.49,0.00,0.00
Tink-a-Tako - Potranco,19,9/23/25 7:26 AM,1,Daniela Torres,,0.00,10.78,0.88,0.00,0.00
Tink-a-Tako - Potranco,21,9/23/25 7:27 AM,1,Daniela Torres,,0.00,5.37,0.44,0.00,0.00
Tink-a-Tako - Potranco,20,9/23/25 7:27 AM,1,Juan  Camacho,,0.00,18.70,1.54,0.00,0.00
Tink-a-Tako - Potranco,22,9/23/25 7:29 AM,1,Daniela Torres,,0.00,11.36,0.93,0.00,0.00
Tink-a-Tako - Potranco,24,9/23/25 7:30 AM,1,Juan  Camacho,35,0.00,3.98,0.33,0.00,0.00
Tink-a-Tako - Potranco,23,9/23/25 7:30 AM,1,Daniela Torres,,0.00,10.35,0.86,0.00,0.00
Tink-a-Tako - Potranco,25,9/23/25 7:31 AM,1,Daniela Torres,,0.00,3.98,0.32,0.00,0.00
Tink-a-Tako - Potranco,26,9/23/25 7:33 AM,1,Daniela Torres,,0.00,9.55,0.79,0.00,0.00
Tink-a-Tako - Potranco,27,9/23/25 7:38 AM,1,Juan  Camacho,,0.00,2.49,0.21,0.00,0.00
Tink-a-Tako - Potranco,13,9/23/25 7:06 AM,1,Daniela Torres,,0.00,6.97,0.58,0.00,0.00
Tink-a-Tako - Potranco,29,9/23/25 7:45 AM,1,Juan  Camacho,,0.00,33.17,2.75,5.00,0.00
Tink-a-Tako - Potranco,30,9/23/25 7:46 AM,1,Daniela Torres,,0.00,15.64,1.29,1.00,0.00
Tink-a-Tako - Potranco,31,9/23/25 7:49 AM,1,Juan  Camacho,32,0.00,18.98,1.57,0.00,0.00
Tink-a-Tako - Potranco,28,9/23/25 7:43 AM,1,Daniela Torres,,0.00,5.77,0.48,0.00,0.00
Tink-a-Tako - Potranco,32,9/23/25 7:51 AM,1,Daniela Torres,,0.00,4.28,0.35,0.94,0.00
Tink-a-Tako - Potranco,33,9/23/25 7:54 AM,1,Daniela Torres,,0.00,7.57,0.63,0.00,0.00
Tink-a-Tako - Potranco,34,9/23/25 7:54 AM,1,Daniela Torres,,0.00,7.56,0.63,1.66,0.00
Tink-a-Tako - Potranco,38,9/23/25 7:59 AM,1,Daniela Torres,,0.00,7.97,0.66,0.00,0.00
Tink-a-Tako - Potranco,39,9/23/25 7:59 AM,1,Daniela Torres,,0.00,2.49,0.21,0.00,0.00
Tink-a-Tako - Potranco,37,9/23/25 7:59 AM,1,Maria Majana,,0.00,22.71,1.86,0.00,0.00
Tink-a-Tako - Potranco,41,9/23/25 8:02 AM,1,Juan  Camacho,41,0.00,10.22,0.84,2.00,0.00
Tink-a-Tako - Potranco,42,9/23/25 8:04 AM,1,Daniela Torres,,0.00,5.58,0.46,0.00,0.00
Tink-a-Tako - Potranco,40,9/23/25 8:00 AM,1,Maria Majana,,0.00,10.47,0.87,0.00,0.00
Tink-a-Tako - Potranco,43,9/23/25 8:07 AM,1,Maria Majana,,0.00,3.98,0.33,2.00,0.00
Tink-a-Tako - Potranco,45,9/23/25 8:08 AM,1,Isabel Cisneros,25,0.00,8.82,0.72,1.76,0.00
Tink-a-Tako - Potranco,44,9/23/25 8:07 AM,1,Maria Majana,,0.00,8.57,0.71,0.00,0.00
Tink-a-Tako - Potranco,35,9/23/25 7:55 AM,1,Daniela Torres,,0.00,9.28,0.76,0.00,0.00
Tink-a-Tako - Potranco,47,9/23/25 8:13 AM,1,Daniela Torres,,0.00,7.36,0.60,0.00,0.00
Tink-a-Tako - Potranco,50,9/23/25 8:16 AM,1,Daniela Torres,,0.00,8.57,0.71,0.00,0.00
Tink-a-Tako - Potranco,51,9/23/25 8:17 AM,1,Daniela Torres,,0.00,2.79,0.23,0.00,0.00
Tink-a-Tako - Potranco,52,9/23/25 8:17 AM,1,Daniela Torres,,0.00,12.16,1.00,0.00,0.00
Tink-a-Tako - Potranco,54,9/23/25 8:20 AM,1,Daniela Torres,,0.00,4.98,0.41,0.00,0.00
Tink-a-Tako - Potranco,55,9/23/25 8:21 AM,1,Daniela Torres,,0.00,6.38,0.52,0.00,0.00
Tink-a-Tako - Potranco,57,9/23/25 8:24 AM,1,Isabel Cisneros,31,8.90,12.12,1.01,5.00,0.00
Tink-a-Tako - Potranco,58,9/23/25 8:26 AM,3,Juan  Camacho,23,0.00,27.22,2.25,3.00,0.00
Tink-a-Tako - Potranco,56,9/23/25 8:23 AM,1,Daniela Torres,,0.00,3.98,0.32,0.00,0.00
Tink-a-Tako - Potranco,59,9/23/25 8:28 AM,1,Daniela Torres,,0.00,3.99,0.33,0.00,0.00
Tink-a-Tako - Potranco,61,9/23/25 8:31 AM,2,Isabel Cisneros,9,0.00,22.85,1.88,6.00,0.00
Tink-a-Tako - Potranco,63,9/23/25 8:31 AM,2,Rosie  ORDONEZ,37,0.00,10.56,0.88,0.00,0.00
Tink-a-Tako - Potranco,60,9/23/25 8:29 AM,1,Daniela Torres,,0.00,9.95,0.82,0.00,0.00
Tink-a-Tako - Potranco,64,9/23/25 8:33 AM,1,Daniela Torres,,0.00,5.37,0.44,0.00,0.00
Tink-a-Tako - Potranco,65,9/23/25 8:33 AM,1,Daniela Torres,,0.00,7.36,0.60,0.00,0.00
Tink-a-Tako - Potranco,66,9/23/25 8:34 AM,1,Daniela Torres,,0.00,9.27,0.76,0.00,0.00
Tink-a-Tako - Potranco,68,9/23/25 8:35 AM,1,Maria Majana,,0.00,11.01,0.91,0.00,0.00
Tink-a-Tako - Potranco,70,9/23/25 8:36 AM,2,Juan  Camacho,35,0.00,19.70,1.63,0.00,0.00
Tink-a-Tako - Potranco,71,9/23/25 8:37 AM,1,Juan  Camacho,,0.00,3.49,0.29,0.00,0.00
Tink-a-Tako - Potranco,67,9/23/25 8:34 AM,1,Daniela Torres,,0.00,12.76,1.05,0.00,0.00
Tink-a-Tako - Potranco,72,9/23/25 8:38 AM,1,Daniela Torres,,0.00,9.67,0.79,0.00,0.00
Tink-a-Tako - Potranco,73,9/23/25 8:39 AM,1,Daniela Torres,,0.00,4.98,0.41,0.00,0.00
Tink-a-Tako - Potranco,74,9/23/25 8:40 AM,1,Daniela Torres,,0.00,9.77,0.81,0.00,0.00
Tink-a-Tako - Potranco,48,9/23/25 8:14 AM,1,Silvia Hernandez,,0.00,12.98,1.07,0.00,0.00
Tink-a-Tako - Potranco,76,9/23/25 8:44 AM,1,Daniela Torres,,0.00,6.98,0.58,0.00,0.00
Tink-a-Tako - Potranco,79,9/23/25 8:47 AM,1,Daniela Torres,,0.00,4.98,0.41,0.00,0.00
Tink-a-Tako - Potranco,78,9/23/25 8:46 AM,2,Maria Majana,11,0.00,31.90,2.63,5.00,0.00
Tink-a-Tako - Potranco,82,9/23/25 8:50 AM,2,Isabel Cisneros,24,0.00,43.11,3.54,0.00,0.00
Tink-a-Tako - Potranco,83,9/23/25 8:51 AM,1,Maria Majana,,0.00,1.99,0.16,0.00,0.00
Tink-a-Tako - Potranco,81,9/23/25 8:50 AM,1,Maria Majana,,45.95,0.00,0.00,0.00,0.00
Tink-a-Tako - Potranco,85,9/23/25 8:52 AM,2,Silvia Hernandez,32,0.00,13.11,1.06,3.00,0.00
Tink-a-Tako - Potranco,80,9/23/25 8:48 AM,1,Daniela Torres,,0.00,8.43,0.69,0.00,0.00
Tink-a-Tako - Potranco,87,9/23/25 8:57 AM,1,Daniela Torres,,0.00,3.98,0.33,0.00,0.00
Tink-a-Tako - Potranco,88,9/23/25 8:57 AM,1,Daniela Torres,,0.00,1.99,0.16,0.00,0.00
Tink-a-Tako - Potranco,89,9/23/25 8:58 AM,1,Daniela Torres,,0.00,13.54,1.12,0.00,0.00
Tink-a-Tako - Potranco,91,9/23/25 8:59 AM,1,Daniela Torres,,0.00,12.36,1.02,0.00,0.00
Tink-a-Tako - Potranco,90,9/23/25 8:59 AM,1,Maria Majana,,0.00,8.06,0.67,0.00,0.00
Tink-a-Tako - Potranco,94,9/23/25 9:00 AM,1,Isabel Cisneros,9,0.00,17.24,1.41,0.00,0.00
Tink-a-Tako - Potranco,95,9/23/25 9:02 AM,1,Daniela Torres,,0.00,6.98,0.57,0.00,0.00
Tink-a-Tako - Potranco,98,9/23/25 9:03 AM,1,Daniela Torres,,0.00,37.98,3.13,0.00,0.00
Tink-a-Tako - Potranco,100,9/23/25 9:04 AM,1,Daniela Torres,,2.49,2.49,0.21,0.00,0.00
Tink-a-Tako - Potranco,99,9/23/25 9:03 AM,4,Isabel Cisneros,34,0.00,49.24,4.04,10.00,0.00
Tink-a-Tako - Potranco,101,9/23/25 9:06 AM,1,Daniela Torres,,0.00,24.38,2.01,0.00,0.00
Tink-a-Tako - Potranco,102,9/23/25 9:07 AM,1,Daniela Torres,,0.00,6.44,0.53,0.97,0.00
Tink-a-Tako - Potranco,103,9/23/25 9:08 AM,1,Isabel Cisneros,26,0.00,16.97,1.41,0.00,0.00
Tink-a-Tako - Potranco,104,9/23/25 9:09 AM,1,Daniela Torres,,0.00,12.77,1.06,0.00,0.00
Tink-a-Tako - Potranco,105,9/23/25 9:09 AM,2,Silvia Hernandez,25,0.00,17.32,1.42,5.00,0.00
Tink-a-Tako - Potranco,106,9/23/25 9:09 AM,2,Silvia Hernandez,20,1.66,13.57,1.11,0.00,0.00
Tink-a-Tako - Potranco,107,9/23/25 9:10 AM,1,Daniela Torres,,0.00,18.06,1.49,0.00,0.00
Tink-a-Tako - Potranco,108,9/23/25 9:11 AM,1,Silvia Hernandez,21,0.00,6.97,0.58,0.00,0.00
Tink-a-Tako - Potranco,109,9/23/25 9:11 AM,1,Daniela Torres,,0.00,6.97,0.58,0.00,0.00
Tink-a-Tako - Potranco,110,9/23/25 9:12 AM,1,Daniela Torres,,0.00,28.19,2.32,0.00,0.00
Tink-a-Tako - Potranco,111,9/23/25 9:13 AM,1,Maria Majana,,0.00,19.76,1.62,0.00,0.00
Tink-a-Tako - Potranco,112,9/23/25 9:13 AM,1,Daniela Torres,,0.00,9.27,0.76,0.00,0.00
Tink-a-Tako - Potranco,113,9/23/25 9:17 AM,1,Daniela Torres,,0.00,11.07,0.91,0.00,0.00
Tink-a-Tako - Potranco,114,9/23/25 9:18 AM,1,Daniela Torres,,0.00,8.98,0.74,0.00,0.00
Tink-a-Tako - Potranco,115,9/23/25 9:23 AM,1,Daniela Torres,,0.00,3.98,0.33,0.00,0.00
Tink-a-Tako - Potranco,116,9/23/25 9:24 AM,1,Daniela Torres,,0.00,10.76,0.89,0.00,0.00
Tink-a-Tako - Potranco,117,9/23/25 9:25 AM,1,Daniela Torres,,0.00,8.08,0.66,0.00,0.00
Tink-a-Tako - Potranco,118,9/23/25 9:26 AM,1,Daniela Torres,,0.00,6.97,0.57,0.00,0.00
Tink-a-Tako - Potranco,120,9/23/25 9:29 AM,1,Maria Majana,,0.00,9.76,0.81,0.00,0.00
Tink-a-Tako - Potranco,119,9/23/25 9:26 AM,1,Daniela Torres,,0.00,4.58,0.38,0.00,0.00
Tink-a-Tako - Potranco,123,9/23/25 9:30 AM,1,Silvia Hernandez,7,0.00,6.99,0.58,0.00,0.00
Tink-a-Tako - Potranco,124,9/23/25 9:34 AM,2,Isabel Cisneros,24,0.00,21.40,1.76,0.00,0.00
Tink-a-Tako - Potranco,122,9/23/25 9:30 AM,1,Daniela Torres,,0.00,5.98,0.49,0.00,0.00
Tink-a-Tako - Potranco,125,9/23/25 9:37 AM,1,Daniela Torres,,0.00,6.27,0.51,0.00,0.00
Tink-a-Tako - Potranco,126,9/23/25 9:37 AM,1,Daniela Torres,,0.00,10.35,0.85,0.00,0.00
Tink-a-Tako - Potranco,128,9/23/25 9:40 AM,3,Silvia Hernandez,32,0.00,34.68,2.87,5.00,0.00
Tink-a-Tako - Potranco,129,9/23/25 9:41 AM,3,Juan  Camacho,25,0.00,26.84,2.20,5.00,0.00
Tink-a-Tako - Potranco,127,9/23/25 9:38 AM,1,Daniela Torres,,0.00,4.98,0.41,0.75,0.00
Tink-a-Tako - Potranco,131,9/23/25 9:44 AM,1,Daniela Torres,,0.00,11.96,0.98,0.00,0.00
Tink-a-Tako - Potranco,130,9/23/25 9:44 AM,2,Silvia Hernandez,3,0.00,27.43,2.25,6.00,0.00
Tink-a-Tako - Potranco,133,9/23/25 9:45 AM,1,Maria Majana,,0.00,6.00,0.50,0.00,0.00
Tink-a-Tako - Potranco,134,9/23/25 9:45 AM,1,Isabel Cisneros,36,0.00,16.98,1.40,5.00,0.00
Tink-a-Tako - Potranco,136,9/23/25 9:47 AM,1,Maria Majana,26,0.00,6.97,0.57,0.00,0.00
Tink-a-Tako - Potranco,135,9/23/25 9:47 AM,2,Isabel Cisneros,23,0.00,27.08,2.22,4.00,0.00
Tink-a-Tako - Potranco,137,9/23/25 9:48 AM,2,Juan  Camacho,33,0.00,35.71,2.93,0.00,0.00
Tink-a-Tako - Potranco,138,9/23/25 9:49 AM,1,Daniela Torres,,0.00,20.93,1.73,0.00,0.00
Tink-a-Tako - Potranco,132,9/23/25 9:44 AM,1,Daniela Torres,,0.00,26.52,2.20,0.00,0.00
Tink-a-Tako - Potranco,140,9/23/25 9:53 AM,4,Juan  Camacho,17,0.00,43.93,3.63,0.00,0.00
Tink-a-Tako - Potranco,139,9/23/25 9:51 AM,1,Daniela Torres,,0.00,12.55,1.04,0.00,0.00
Tink-a-Tako - Potranco,141,9/23/25 9:54 AM,1,Daniela Torres,,0.00,7.78,0.65,0.00,0.00
Tink-a-Tako - Potranco,143,9/23/25 9:58 AM,2,Isabel Cisneros,22,0.00,20.43,1.68,0.00,0.00
Tink-a-Tako - Potranco,142,9/23/25 9:54 AM,1,Daniela Torres,,0.00,10.36,0.84,0.00,0.00
Tink-a-Tako - Potranco,144,9/23/25 10:00 AM,1,Daniela Torres,,0.00,11.13,0.91,0.00,0.00
Tink-a-Tako - Potranco,145,9/23/25 10:03 AM,1,Isabel Cisneros,18,0.00,15.23,1.26,5.00,0.00
Tink-a-Tako - Potranco,146,9/23/25 10:03 AM,1,Daniela Torres,,0.00,15.92,1.30,0.00,0.00
Tink-a-Tako - Potranco,147,9/23/25 10:04 AM,1,Daniela Torres,,0.00,3.78,0.31,0.00,0.00
Tink-a-Tako - Potranco,148,9/23/25 10:09 AM,2,Isabel Cisneros,15,0.00,22.00,1.80,0.00,0.00
Tink-a-Tako - Potranco,150,9/23/25 10:11 AM,2,Juan  Camacho,20,0.00,21.13,1.75,5.00,0.00
Tink-a-Tako - Potranco,151,9/23/25 10:11 AM,1,Daniela Torres,,0.00,15.47,1.28,0.00,0.00
Tink-a-Tako - Potranco,149,9/23/25 10:09 AM,2,Silvia Hernandez,39,0.00,22.96,1.90,5.14,0.00
Tink-a-Tako - Potranco,152,9/23/25 10:14 AM,1,Daniela Torres,,0.00,2.59,0.21,0.00,0.00
Tink-a-Tako - Potranco,153,9/23/25 10:15 AM,1,Daniela Torres,,0.67,6.01,0.49,1.00,0.00
Tink-a-Tako - Potranco,155,9/23/25 10:16 AM,3,Juan  Camacho,11,0.00,25.94,2.15,7.00,0.00
Tink-a-Tako - Potranco,156,9/23/25 10:18 AM,1,Silvia Hernandez,37,0.00,10.37,0.86,0.00,0.00
Tink-a-Tako - Potranco,154,9/23/25 10:15 AM,1,Daniela Torres,,0.00,10.98,0.91,0.00,0.00
Tink-a-Tako - Potranco,158,9/23/25 10:23 AM,2,Silvia Hernandez,24,0.00,17.38,1.43,4.00,0.00
Tink-a-Tako - Potranco,159,9/23/25 10:26 AM,1,Isabel Cisneros,7,0.00,6.97,0.57,2.00,0.00
Tink-a-Tako - Potranco,157,9/23/25 10:23 AM,1,Daniela Torres,,0.00,15.53,1.29,0.00,0.00
Tink-a-Tako - Potranco,160,9/23/25 10:28 AM,1,Daniela Torres,,0.00,4.98,0.41,0.00,0.00
Tink-a-Tako - Potranco,161,9/23/25 10:34 AM,1,Daniela Torres,,0.00,15.16,1.26,0.00,0.00
Tink-a-Tako - Potranco,164,9/23/25 10:35 AM,1,Maria Majana,,0.00,3.78,0.31,0.00,0.00
Tink-a-Tako - Potranco,166,9/23/25 10:36 AM,1,Daniela Torres,,0.00,11.16,0.92,3.00,0.00
Tink-a-Tako - Potranco,168,9/23/25 10:37 AM,2,Isabel Cisneros,32,0.00,18.62,1.53,0.00,0.00
Tink-a-Tako - Potranco,169,9/23/25 10:37 AM,2,Juan  Camacho,17,0.00,21.96,1.82,0.00,0.00
Tink-a-Tako - Potranco,167,9/23/25 10:36 AM,1,Daniela Torres,,0.00,20.63,1.71,0.00,0.00
Tink-a-Tako - Potranco,170,9/23/25 10:45 AM,1,Daniela Torres,,0.00,8.47,0.69,0.00,0.00
Tink-a-Tako - Potranco,171,9/23/25 10:46 AM,1,Daniela Torres,,0.00,11.96,1.00,0.00,0.00
Tink-a-Tako - Potranco,172,9/23/25 10:47 AM,2,Silvia Hernandez,25,2.80,14.17,1.17,0.00,0.00
Tink-a-Tako - Potranco,173,9/23/25 10:58 AM,1,Daniela Torres,,0.00,16.81,1.39,0.00,0.00
Tink-a-Tako - Potranco,174,9/23/25 11:05 AM,2,Isabel Cisneros,33,0.00,18.27,1.51,2.74,0.00
Tink-a-Tako - Potranco,175,9/23/25 11:07 AM,1,Daniela Torres,,0.00,5.77,0.47,0.00,0.00
Tink-a-Tako - Potranco,176,9/23/25 11:07 AM,1,Daniela Torres,,0.00,11.98,0.99,0.00,0.00
Tink-a-Tako - Potranco,177,9/23/25 11:07 AM,1,Maria Majana,,0.00,8.07,0.67,0.00,0.00
Tink-a-Tako - Potranco,162,9/23/25 10:34 AM,1,Daniela Torres,,0.00,10.74,0.89,0.00,0.00
Tink-a-Tako - Potranco,182,9/23/25 11:10 AM,3,Isabel Cisneros,20,0.00,53.07,4.36,10.00,0.00
Tink-a-Tako - Potranco,181,9/23/25 11:10 AM,2,Silvia Hernandez,32,0.00,33.46,2.77,0.00,0.00
Tink-a-Tako - Potranco,183,9/23/25 11:10 AM,2,Maria Majana,35,0.00,5.97,0.48,0.00,0.00
Tink-a-Tako - Potranco,184,9/23/25 11:16 AM,3,Juan  Camacho,7,0.00,26.47,2.17,3.00,0.00
Tink-a-Tako - Potranco,185,9/23/25 11:17 AM,4,Juan  Camacho,3,0.00,36.40,3.00,5.00,0.00
Tink-a-Tako - Potranco,187,9/23/25 11:21 AM,2,Juan  Camacho,18,0.00,33.95,2.81,0.00,0.00
Tink-a-Tako - Potranco,189,9/23/25 11:22 AM,2,Isabel Cisneros,26,0.00,33.93,2.80,0.00,0.00
Tink-a-Tako - Potranco,190,9/23/25 11:22 AM,1,Daniela Torres,,0.00,9.99,0.82,0.00,0.00
Tink-a-Tako - Potranco,191,9/23/25 11:25 AM,1,Daniela Torres,,0.00,8.56,0.71,0.00,0.00
Tink-a-Tako - Potranco,193,9/23/25 11:26 AM,1,Isabel Cisneros,21,0.00,15.69,1.29,0.00,0.00
Tink-a-Tako - Potranco,192,9/23/25 11:25 AM,1,Daniela Torres,,0.00,9.42,0.77,2.00,0.00
Tink-a-Tako - Potranco,195,9/23/25 11:27 AM,1,Silvia Hernandez,37,0.00,9.77,0.81,0.00,0.00
Tink-a-Tako - Potranco,180,9/23/25 11:09 AM,1,Daniela Torres,,0.00,5.98,0.49,0.00,0.00
Tink-a-Tako - Potranco,196,9/23/25 11:28 AM,2,Juan  Camacho,17,0.00,25.00,2.07,0.00,0.00
Tink-a-Tako - Potranco,194,9/23/25 11:26 AM,1,Daniela Torres,,0.00,3.69,0.30,0.00,0.00
Tink-a-Tako - Potranco,198,9/23/25 11:29 AM,1,Daniela Torres,,0.00,8.78,0.72,0.00,0.00
Tink-a-Tako - Potranco,199,9/23/25 11:29 AM,2,Silvia Hernandez,39,0.00,0.00,0.00,0.00,0.00
Tink-a-Tako - Potranco,200,9/23/25 11:30 AM,1,Daniela Torres,,0.00,10.47,0.87,0.00,0.00
Tink-a-Tako - Potranco,201,9/23/25 11:30 AM,1,Daniela Torres,,0.00,5.08,0.42,0.00,0.00
Tink-a-Tako - Potranco,202,9/23/25 11:32 AM,3,Silvia Hernandez,24,0.00,48.57,3.99,0.00,0.00
Tink-a-Tako - Potranco,203,9/23/25 11:33 AM,1,Daniela Torres,,0.00,13.22,1.09,1.00,0.00
Tink-a-Tako - Potranco,204,9/23/25 11:33 AM,2,Silvia Hernandez,39,2.06,15.65,1.28,0.00,0.00
Tink-a-Tako - Potranco,205,9/23/25 11:34 AM,1,Daniela Torres,,0.00,12.36,1.02,0.00,0.00
Tink-a-Tako - Potranco,206,9/23/25 11:34 AM,1,Daniela Torres,,0.00,8.88,0.73,1.95,0.00
Tink-a-Tako - Potranco,207,9/23/25 11:34 AM,1,Daniela Torres,,0.00,6.98,0.58,0.00,0.00
Tink-a-Tako - Potranco,208,9/23/25 11:36 AM,1,Daniela Torres,,0.00,8.27,0.68,0.00,0.00
Tink-a-Tako - Potranco,210,9/23/25 11:42 AM,1,Isabel Cisneros,25,0.00,14.62,1.21,0.00,0.00
Tink-a-Tako - Potranco,209,9/23/25 11:36 AM,1,Daniela Torres,,0.00,9.55,0.79,0.00,0.00
Tink-a-Tako - Potranco,211,9/23/25 11:43 AM,1,Daniela Torres,,0.00,9.78,0.81,0.00,0.00
Tink-a-Tako - Potranco,213,9/23/25 11:44 AM,4,Juan  Camacho,4,0.00,26.94,2.22,4.00,0.00
Tink-a-Tako - Potranco,212,9/23/25 11:44 AM,1,Daniela Torres,,0.00,15.35,1.26,0.00,0.00
Tink-a-Tako - Potranco,215,9/23/25 11:49 AM,2,Silvia Hernandez,32,0.00,27.71,2.29,0.00,0.00
Tink-a-Tako - Potranco,214,9/23/25 11:46 AM,1,Daniela Torres,,0.00,7.16,0.59,0.00,0.00
Tink-a-Tako - Potranco,216,9/23/25 11:51 AM,1,Daniela Torres,,0.00,9.37,0.77,0.00,0.00
Tink-a-Tako - Potranco,218,9/23/25 11:52 AM,2,Juan  Camacho,38,0.00,23.24,1.93,4.00,0.00
Tink-a-Tako - Potranco,220,9/23/25 11:55 AM,1,Isabel Cisneros,22,0.00,15.48,1.28,10.00,0.00
Tink-a-Tako - Potranco,217,9/23/25 11:52 AM,1,Daniela Torres,,0.00,5.97,0.49,0.00,0.00
Tink-a-Tako - Potranco,219,9/23/25 11:54 AM,1,Isabel Cisneros,22,0.00,0.00,0.00,0.00,0.00
Tink-a-Tako - Potranco,221,9/23/25 11:57 AM,1,Daniela Torres,,0.00,29.11,2.40,0.00,0.00
Tink-a-Tako - Potranco,222,9/23/25 12:01 PM,1,Daniela Torres,,0.00,10.38,0.86,0.00,0.00
Tink-a-Tako - Potranco,224,9/23/25 12:04 PM,1,Silvia Hernandez,33,0.00,20.98,1.73,0.00,0.00
Tink-a-Tako - Potranco,225,9/23/25 12:04 PM,1,Daniela Torres,,0.00,0.00,0.00,0.00,0.00
Tink-a-Tako - Potranco,223,9/23/25 12:02 PM,1,Daniela Torres,,0.00,40.21,3.32,0.00,0.00
Tink-a-Tako - Potranco,227,9/23/25 12:05 PM,1,Juan  Camacho,15,0.00,9.69,0.79,3.00,0.00
Tink-a-Tako - Potranco,228,9/23/25 12:08 PM,1,Daniela Torres,,0.00,5.19,0.43,0.00,0.00
Tink-a-Tako - Potranco,229,9/23/25 12:12 PM,2,Isabel Cisneros,11,0.00,38.66,3.19,0.00,0.00
Tink-a-Tako - Potranco,230,9/23/25 12:15 PM,2,Juan  Camacho,23,0.00,17.18,1.40,0.00,0.00
Tink-a-Tako - Potranco,232,9/23/25 12:19 PM,1,Daniela Torres,,0.00,5.97,0.49,0.00,0.00
Tink-a-Tako - Potranco,233,9/23/25 12:20 PM,1,Daniela Torres,,0.00,14.97,1.24,0.00,0.00
Tink-a-Tako - Potranco,234,9/23/25 12:23 PM,1,Daniela Torres,,0.00,6.97,0.58,0.00,0.00
Tink-a-Tako - Potranco,235,9/23/25 12:24 PM,1,Daniela Torres,,0.00,41.29,3.41,0.00,0.00
Tink-a-Tako - Potranco,236,9/23/25 12:25 PM,1,Daniela Torres,,0.00,3.98,0.33,0.00,0.00
Tink-a-Tako - Potranco,237,9/23/25 12:28 PM,1,Daniela Torres,,0.00,8.47,0.70,1.00,0.00
Tink-a-Tako - Potranco,238,9/23/25 12:28 PM,2,Silvia Hernandez,7,0.00,32.74,2.71,5.00,0.00
Tink-a-Tako - Potranco,239,9/23/25 12:29 PM,1,Maria Majana,,0.00,11.16,0.92,0.00,0.00
Tink-a-Tako - Potranco,240,9/23/25 12:30 PM,1,Daniela Torres,,0.00,16.07,1.31,0.00,0.00
Tink-a-Tako - Potranco,242,9/23/25 12:32 PM,2,Isabel Cisneros,12,0.00,15.77,1.30,2.93,0.00
Tink-a-Tako - Potranco,241,9/23/25 12:31 PM,1,Daniela Torres,,0.00,8.52,0.70,0.00,0.00
Tink-a-Tako - Potranco,245,9/23/25 12:35 PM,1,Daniela Torres,,0.00,6.98,0.58,0.00,0.00
Tink-a-Tako - Potranco,246,9/23/25 12:36 PM,1,Daniela Torres,,0.00,29.02,2.39,0.00,0.00
Tink-a-Tako - Potranco,247,9/23/25 12:40 PM,2,Silvia Hernandez,22,0.00,31.58,2.60,5.00,0.00
Tink-a-Tako - Potranco,248,9/23/25 12:41 PM,1,Daniela Torres,,0.00,6.44,0.53,1.00,0.00
Tink-a-Tako - Potranco,250,9/23/25 12:49 PM,2,Isabel Cisneros,17,0.00,36.42,3.00,0.00,0.00
Tink-a-Tako - Potranco,251,9/23/25 12:54 PM,1,Silvia Hernandez,39,0.00,25.22,2.08,0.00,0.00
Tink-a-Tako - Potranco,252,9/23/25 12:57 PM,2,Isabel Cisneros,18,0.00,30.86,2.55,0.00,0.00
Tink-a-Tako - Potranco,249,9/23/25 12:42 PM,1,Daniela Torres,,0.00,22.43,1.85,3.00,0.00
Tink-a-Tako - Potranco,254,9/23/25 1:02 PM,1,Rosie  ORDONEZ,37,0.00,13.99,1.15,0.00,0.00
Tink-a-Tako - Potranco,255,9/23/25 1:03 PM,2,Silvia Hernandez,24,0.00,13.98,1.15,0.00,0.00
Tink-a-Tako - Potranco,256,9/23/25 1:10 PM,5,Juan  Camacho,34,0.00,72.60,5.99,2.00,0.00
Tink-a-Tako - Potranco,258,9/23/25 1:11 PM,5,Juan  Camacho,9,0.00,64.96,5.35,12.00,0.00
Tink-a-Tako - Potranco,253,9/23/25 1:01 PM,1,Daniela Torres,,0.00,34.33,2.83,0.00,0.00
Tink-a-Tako - Potranco,260,9/23/25 1:16 PM,1,Daniela Torres,,0.00,10.98,0.91,0.00,0.00
Tink-a-Tako - Potranco,263,9/23/25 1:17 PM,2,Isabel Cisneros,32,0.00,33.41,2.75,5.00,0.00
Tink-a-Tako - Potranco,264,9/23/25 1:18 PM,1,Silvia Hernandez,26,0.00,7.77,0.64,0.00,0.00
Tink-a-Tako - Potranco,265,9/23/25 1:20 PM,3,Juan  Camacho,31,0.00,44.42,3.66,0.00,0.00
Tink-a-Tako - Potranco,261,9/23/25 1:17 PM,1,Daniela Torres,,0.00,5.68,0.46,0.00,0.00
Tink-a-Tako - Potranco,262,9/23/25 1:17 PM,1,Maria Majana,19,0.00,19.69,1.62,0.00,0.00
Tink-a-Tako - Potranco,266,9/23/25 1:27 PM,1,Maria Majana,,0.00,21.98,1.81,0.00,0.00
Tink-a-Tako - Potranco,268,9/23/25 1:28 PM,1,Daniela Torres,,0.00,5.87,0.49,0.00,0.00
Tink-a-Tako - Potranco,269,9/23/25 1:28 PM,1,Daniela Torres,,0.00,10.98,0.91,0.00,0.00
Tink-a-Tako - Potranco,271,9/23/25 1:31 PM,1,Sergio Abundiz,17,0.00,8.99,0.74,0.00,0.00
Tink-a-Tako - Potranco,272,9/23/25 1:31 PM,2,Isabel Cisneros,23,0.00,22.97,1.89,6.00,0.00
Tink-a-Tako - Potranco,273,9/23/25 1:37 PM,1,Daniela Torres,,0.00,19.68,1.62,4.00,0.00
Tink-a-Tako - Potranco,275,9/23/25 1:37 PM,2,Juan  Camacho,7,0.00,36.66,3.02,0.00,0.00
Tink-a-Tako - Potranco,276,9/23/25 1:44 PM,2,Juan  Camacho,38,0.00,25.98,2.14,0.00,0.00
Tink-a-Tako - Potranco,274,9/23/25 1:37 PM,1,Daniela Torres,,0.00,18.98,1.57,0.00,0.00
Tink-a-Tako - Potranco,277,9/23/25 1:46 PM,1,Daniela Torres,,0.00,6.78,0.56,0.00,0.00
Tink-a-Tako - Potranco,278,9/23/25 1:48 PM,1,Daniela Torres,,0.00,7.48,0.61,0.00,0.00
Tink-a-Tako - Potranco,280,9/23/25 2:00 PM,1,Maria Majana,,0.00,12.96,1.07,0.00,0.00
Tink-a-Tako - Potranco,279,9/23/25 1:54 PM,1,Daniela Torres,,0.00,1.39,0.11,0.00,0.00
Tink-a-Tako - Potranco,282,9/23/25 2:11 PM,2,Sergio Abundiz,24,0.00,28.42,2.35,0.00,0.00
Tink-a-Tako - Potranco,281,9/23/25 2:11 PM,1,Daniela Torres,,0.00,17.94,1.48,0.00,0.00
Tink-a-Tako - Potranco,284,9/23/25 2:34 PM,1,Juan  Camacho,,0.00,27.54,2.27,2.00,0.00
Tink-a-Tako - Potranco,285,9/23/25 2:42 PM,2,Sergio Abundiz,2,0.00,37.96,3.13,3.00,0.00
Tink-a-Tako - Potranco,286,9/23/25 2:43 PM,1,Daniela Torres,,0.00,12.99,1.07,0.00,0.00
Tink-a-Tako - Potranco,287,9/23/25 2:44 PM,1,Daniela Torres,,0.00,7.78,0.64,0.00,0.00
Tink-a-Tako - Potranco,288,9/23/25 2:44 PM,1,Daniela Torres,,0.00,22.15,1.83,0.00,0.00
Tink-a-Tako - Potranco,289,9/23/25 2:47 PM,3,Sergio Abundiz,33,0.00,36.96,3.06,0.00,0.00
Tink-a-Tako - Potranco,283,9/23/25 2:26 PM,1,Daniela Torres,,0.00,7.97,0.66,0.00,0.00
Tink-a-Tako - Potranco,290,9/23/25 2:56 PM,1,Melissa Urena,,0.00,4.98,0.41,0.00,0.00
Tink-a-Tako - Potranco,291,9/23/25 2:58 PM,1,Sergio Abundiz,37,0.00,16.98,1.40,3.00,0.00
Tink-a-Tako - Potranco,292,9/23/25 3:00 PM,1,Melissa Urena,,0.00,17.98,1.48,0.00,0.00
Tink-a-Tako - Potranco,293,9/23/25 3:12 PM,1,Juan  Camacho,32,0.00,9.24,0.76,0.00,0.00
Tink-a-Tako - Potranco,294,9/23/25 3:12 PM,1,Melissa Urena,,0.00,4.99,0.41,0.00,0.00
Tink-a-Tako - Potranco,295,9/23/25 3:24 PM,1,Sergio Abundiz,1,8.99,0.00,0.00,0.00,0.00
Tink-a-Tako - Potranco,296,9/23/25 3:31 PM,1,Melissa Urena,,0.00,2.49,0.21,0.00,0.00
Tink-a-Tako - Potranco,297,9/23/25 3:31 PM,1,Melissa Urena,,0.00,15.98,1.32,3.00,0.00
Tink-a-Tako - Potranco,298,9/23/25 3:48 PM,1,Melissa Urena,,0.00,3.78,0.31,0.00,0.00
Tink-a-Tako - Potranco,300,9/23/25 3:49 PM,2,Juan  Camacho,24,0.00,35.38,2.91,0.00,0.00
Tink-a-Tako - Potranco,301,9/23/25 3:50 PM,1,Melissa Urena,,0.00,14.78,1.22,0.00,0.00
Tink-a-Tako - Potranco,302,9/23/25 3:52 PM,1,Melissa Urena,,0.00,9.58,0.79,0.00,0.00
Tink-a-Tako - Potranco,303,9/23/25 3:54 PM,1,Juan  Camacho,,0.00,8.99,0.74,1.00,0.00
Tink-a-Tako - Potranco,304,9/23/25 4:01 PM,1,Melissa Urena,,0.00,5.98,0.49,0.00,0.00
Tink-a-Tako - Potranco,305,9/23/25 4:02 PM,1,Melissa Urena,,0.00,7.57,0.62,0.00,0.00
Tink-a-Tako - Potranco,307,9/23/25 4:15 PM,3,Juan  Camacho,32,0.00,28.95,2.38,6.00,0.00
Tink-a-Tako - Potranco,306,9/23/25 4:13 PM,1,Melissa Urena,,0.00,31.92,2.63,0.00,0.00
Tink-a-Tako - Potranco,308,9/23/25 4:19 PM,1,Melissa Urena,,0.00,11.49,0.95,0.00,0.00
Tink-a-Tako - Potranco,309,9/23/25 4:23 PM,1,Melissa Urena,,0.00,18.41,1.51,1.00,0.00
Tink-a-Tako - Potranco,310,9/23/25 4:25 PM,2,Sergio Abundiz,33,0.00,14.96,1.24,0.00,0.00
Tink-a-Tako - Potranco,311,9/23/25 4:28 PM,1,Melissa Urena,,0.00,14.67,1.21,0.00,0.00
Tink-a-Tako - Potranco,312,9/23/25 4:32 PM,1,Melissa Urena,,0.00,15.36,1.26,0.00,0.00
Tink-a-Tako - Potranco,313,9/23/25 4:40 PM,1,Melissa Urena,,0.00,24.34,2.01,0.00,0.00
Tink-a-Tako - Potranco,314,9/23/25 4:40 PM,4,Juan  Camacho,31,0.00,39.98,3.30,4.00,0.00
Tink-a-Tako - Potranco,316,9/23/25 4:56 PM,1,Melissa Urena,,0.00,26.97,2.23,3.00,0.00
Tink-a-Tako - Potranco,317,9/23/25 5:00 PM,1,Melissa Urena,,0.00,16.48,1.36,0.00,0.00
Tink-a-Tako - Potranco,318,9/23/25 5:00 PM,3,Juan  Camacho,25,0.00,47.32,3.89,8.79,0.00
Tink-a-Tako - Potranco,319,9/23/25 5:01 PM,3,Sergio Abundiz,7,0.00,42.19,3.48,4.00,0.00
Tink-a-Tako - Potranco,320,9/23/25 5:06 PM,1,Sergio Abundiz,9,6.74,10.69,0.88,4.00,0.00
Tink-a-Tako - Potranco,321,9/23/25 5:08 PM,1,Melissa Urena,,0.00,12.99,1.07,0.00,0.00
Tink-a-Tako - Potranco,322,9/23/25 5:15 PM,1,Melissa Urena,,0.00,7.99,0.66,0.00,0.00
Tink-a-Tako - Potranco,324,9/23/25 5:19 PM,1,Melissa Urena,,0.00,32.65,2.69,0.00,0.00
Tink-a-Tako - Potranco,325,9/23/25 5:21 PM,1,Melissa Urena,,0.00,8.49,0.70,0.00,0.00
Tink-a-Tako - Potranco,326,9/23/25 5:24 PM,1,Melissa Urena,,0.00,25.25,2.09,0.00,0.00
Tink-a-Tako - Potranco,327,9/23/25 5:27 PM,1,Melissa Urena,,0.00,18.98,1.56,3.46,0.00
Tink-a-Tako - Potranco,328,9/23/25 5:28 PM,1,Melissa Urena,,0.00,9.78,0.81,0.00,0.00
Tink-a-Tako - Potranco,329,9/23/25 5:32 PM,1,Melissa Urena,,0.00,11.48,0.94,0.00,0.00
Tink-a-Tako - Potranco,330,9/23/25 5:34 PM,1,Melissa Urena,,0.00,26.74,2.21,0.00,0.00
Tink-a-Tako - Potranco,331,9/23/25 5:36 PM,1,Melissa Urena,,0.00,13.60,1.12,0.00,0.00
Tink-a-Tako - Potranco,332,9/23/25 5:37 PM,1,Melissa Urena,,0.00,7.16,0.59,0.00,0.00
Tink-a-Tako - Potranco,333,9/23/25 5:38 PM,1,Melissa Urena,,0.00,10.77,0.89,5.00,0.00
Tink-a-Tako - Potranco,334,9/23/25 5:42 PM,1,Sergio Abundiz,32,0.00,17.69,1.45,4.00,0.00
Tink-a-Tako - Potranco,335,9/23/25 5:43 PM,3,Sergio Abundiz,23,0.00,34.68,2.86,8.00,0.00
Tink-a-Tako - Potranco,336,9/23/25 5:51 PM,1,Melissa Urena,,0.00,19.68,1.62,0.00,0.00
Tink-a-Tako - Potranco,337,9/23/25 5:52 PM,1,Melissa Urena,,0.00,1.00,0.08,0.00,0.00
Tink-a-Tako - Potranco,338,9/23/25 5:58 PM,2,Sergio Abundiz,3,0.00,43.93,3.63,13.63,0.00
Tink-a-Tako - Potranco,339,9/23/25 5:58 PM,1,Melissa Urena,,0.00,12.99,1.07,0.00,0.00
Tink-a-Tako - Potranco,340,9/23/25 5:58 PM,2,Sergio Abundiz,24,0.00,26.92,2.21,4.00,0.00
Tink-a-Tako - Potranco,342,9/23/25 6:03 PM,2,Juan  Camacho,7,0.00,58.35,4.80,10.00,0.00
Tink-a-Tako - Potranco,343,9/23/25 6:05 PM,1,Melissa Urena,,0.00,6.37,0.53,1.10,0.00
Tink-a-Tako - Potranco,344,9/23/25 6:06 PM,1,Melissa Urena,,0.00,16.98,1.40,0.00,0.00
Tink-a-Tako - Potranco,345,9/23/25 6:17 PM,2,Juan  Camacho,9,0.00,22.63,1.87,5.00,0.00
Tink-a-Tako - Potranco,347,9/23/25 6:22 PM,1,Sergio Abundiz,25,0.00,16.69,1.37,6.00,0.00
Tink-a-Tako - Potranco,346,9/23/25 6:17 PM,1,Melissa Urena,,0.00,6.18,0.51,1.00,0.00
Tink-a-Tako - Potranco,348,9/23/25 6:35 PM,1,Melissa Urena,,0.00,19.95,1.66,0.00,0.00
Tink-a-Tako - Potranco,350,9/23/25 6:44 PM,1,Juan  Camacho,,0.00,9.78,0.81,0.00,0.00
Tink-a-Tako - Potranco,351,9/23/25 6:47 PM,2,Sergio Abundiz,32,0.00,29.41,2.42,4.00,0.00
Tink-a-Tako - Potranco,352,9/23/25 6:57 PM,1,Juan  Camacho,,33.54,0.00,0.00,0.00,0.00
Tink-a-Tako - Potranco,353,9/23/25 7:04 PM,8,Sergio Abundiz,31,0.00,104.04,8.54,10.00,20.81
Tink-a-Tako - Potranco,354,9/23/25 7:08 PM,2,Juan  Camacho,15,0.00,30.82,2.53,5.00,0.00
Tink-a-Tako - Potranco,355,9/23/25 7:16 PM,1,Juan  Camacho,24,0.00,26.97,2.23,6.00,0.00
Tink-a-Tako - Potranco,356,9/23/25 7:24 PM,1,Juan  Camacho,,0.00,14.23,1.17,0.00,0.00
Tink-a-Tako - Potranco,357,9/23/25 7:37 PM,1,Juan  Camacho,38,0.00,15.31,1.27,5.00,0.00
Tink-a-Tako - Potranco,358,9/23/25 7:38 PM,4,Sergio Abundiz,37,0.00,84.77,6.99,0.00,0.00
Tink-a-Tako - Potranco,359,9/23/25 7:41 PM,1,Juan  Camacho,35,0.00,33.25,2.72,0.00,0.00
Tink-a-Tako - Potranco,360,9/23/25 7:46 PM,1,Sergio Abundiz,,0.00,13.49,1.11,0.00,0.00
Tink-a-Tako - Potranco,361,9/23/25 7:55 PM,1,Melissa Urena,,0.00,16.88,1.38,10.00,0.00
Tink-a-Tako - Potranco,362,9/23/25 8:14 PM,2,Juan  Camacho,23,0.00,20.88,1.72,6.00,0.00
Tink-a-Tako - Potranco,363,9/23/25 8:17 PM,1,Melissa Urena,,0.00,6.53,0.54,10.00,0.00
Tink-a-Tako - Potranco,364,9/23/25 8:18 PM,3,Juan  Camacho,32,0.00,63.77,5.25,14.00,0.00
Tink-a-Tako - Potranco,365,9/23/25 8:36 PM,1,Melissa Urena,,0.00,19.31,1.59,0.00,0.00
Tink-a-Tako - Potranco,367,9/23/25 8:40 PM,1,Rosie  ORDONEZ,36,4.50,4.49,0.37,0.00,0.00
Tink-a-Tako - Potranco,366,9/23/25 8:37 PM,1,Melissa Urena,,0.00,38.70,3.20,0.00,0.00
Tink-a-Tako - Potranco,370,9/23/25 8:54 PM,1,Melissa Urena,,0.00,6.28,0.52,0.00,0.00
