Employee,Job Title,Regular Hours,Overtime Hours,Hourly Rate,Regular Pay,Overtime Pay,Total Pay,Net Sales,Declared Tips,Non-Cash Tips,Total Tips,Tips Withheld,Total Gratuity,Employee ID,Job Code,Location,Location Code
"Abundiz, Sergio",Server,7.86,0.0,,,,,568.77,,63.63,63.63,0.00,20.81,,,Tink-a-Tako - Potranco,
"Aviles, Genaro",Cook,16.19,0.0,15.00,242.85,0.00,242.85,0.00,,0.00,0.00,0.00,0.00,,,Tink-a-Tako - Potranco,
"Brito, Victor ",Regular,6.98,0.0,12.00,83.76,0.00,83.76,0.00,0.00,0.00,0.00,0.00,0.00,,,Tink-a-Tako - Potranco,
"Camacho, Juan ",Server,15.69,0.0,3.00,47.07,0.00,47.07,1284.01,,132.79,132.79,0.00,0.00,,,Tink-a-Tako - Potranco,
"Cisneros, Isabel",Server,7.14,0.0,3.00,21.42,0.00,21.42,648.21,,75.43,75.43,0.00,0.00,,,Tink-a-Tako - Potranco,
"Diaz, Diego",Cook,8.52,0.0,,,,,0.00,,0.00,0.00,0.00,0.00,,,Tink-a-Tako - Potranco,
"Dominguez, Jose ",Cook,15.56,0.0,17.00,264.52,0.00,264.52,0.00,,0.00,0.00,0.00,0.00,,,Tink-a-Tako - Potranco,
"Gonzalez, Maria ",Tortillero,7.36,0.0,13.00,95.68,0.00,95.68,0.00,,0.00,0.00,0.00,0.00,,,Tink-a-Tako - Potranco,
"Hernandez, Silvia",Server,6.06,0.0,3.00,18.18,0.00,18.18,465.36,,38.14,38.14,0.00,0.00,,,Tink-a-Tako - Potranco,
"Juarez, Maria",Dishwasher,8.0,0.0,12.00,96.00,0.00,96.00,0.00,0.00,0.00,0.00,0.00,0.00,,,Tink-a-Tako - Potranco,
"Majana, Maria",Host,6.23,0.0,14.00,87.22,0.00,87.22,224.79,,7.00,7.00,0.00,0.00,,,Tink-a-Tako - Potranco,
"ORDONEZ, Rosie ",Shift Manager / Assistant Manager,14.73,0.0,,,,,29.04,,0.00,0.00,0.00,0.00,,,Tink-a-Tako - Potranco,
"Ramirez Perez, Silvia",Cook,8.51,0.0,17.00,144.67,0.00,144.67,0.00,,0.00,0.00,0.00,0.00,,,Tink-a-Tako - Potranco,
"Rueda, Jonathan",Busser,9.66,0.0,12.00,115.92,0.00,115.92,0.00,,0.00,0.00,0.00,0.00,,,Tink-a-Tako - Potranco,
"Torres, Daniela",Drive-Thru,8.79,0.0,,,,,1612.99,,25.27,25.27,0.00,0.00,,,Tink-a-Tako - Potranco,
"Urena, Melissa",Drive-Thru,6.52,0.0,12.00,78.24,0.00,78.24,604.48,,37.56,37.56,0.00,0.00,,,Tink-a-Tako - Potranco,
