Location,Server,Check #,Table,Station,Expediter Level,Fired Date,Fulfilled Date,Fulfillment Time,Fulfilled By
2919 Blanco Rd,Maria  Salazar,5,10,,1,9/27/25 6:07 AM,9/27/25 6:19 AM,12 minutes and 37 seconds,Cinthia Patlan
2919 Blanco Rd,Maria  Salazar,6,17,,1,9/27/25 6:07 AM,9/27/25 6:19 AM,12 minutes and 13 seconds,Cinthia Patlan
2919 Blanco Rd,AM CASHIER,3,,,1,9/27/25 6:02 AM,9/27/25 6:19 AM,16 minutes and 46 seconds,Cinthia Patlan
2919 Blanco Rd,AM CASHIER,9,,,1,9/27/25 6:33 AM,9/27/25 7:04 AM,31 minutes and 6 seconds,Cinthia Patlan
2919 Blanco Rd,AM CASHIER,11,,,1,9/27/25 7:00 AM,9/27/25 7:08 AM,7 minutes and 51 seconds,Cinthia Patlan
2919 Blanco Rd,AM CASHIER,28,,,1,9/27/25 7:49 AM,9/27/25 8:14 AM,24 minutes and 27 seconds,Cinthia Patlan
2919 Blanco Rd,Cin Cin,19,,,1,9/27/25 7:23 AM,9/27/25 8:14 AM,50 minutes and 57 seconds,Cinthia Patlan
2919 Blanco Rd,Maria  Salazar,37,,,1,9/27/25 8:15 AM,9/27/25 8:33 AM,17 minutes and 46 seconds,Cinthia Patlan
2919 Blanco Rd,AM CASHIER,35,,,1,9/27/25 8:13 AM,9/27/25 8:33 AM,20 minutes and 1 second,Cinthia Patlan
2919 Blanco Rd,AM CASHIER,40,,,1,9/27/25 8:21 AM,9/27/25 8:33 AM,11 minutes and 32 seconds,Cinthia Patlan
2919 Blanco Rd,samantha lopez,47,3,,1,9/27/25 8:26 AM,9/27/25 8:33 AM,6 minutes and 47 seconds,Cinthia Patlan
2919 Blanco Rd,samantha lopez,49,4,,1,9/27/25 8:27 AM,9/27/25 8:33 AM,5 minutes and 36 seconds,Cinthia Patlan
2919 Blanco Rd,Sami Martinez ,48,6,,1,9/27/25 8:27 AM,9/27/25 8:55 AM,28 minutes and 2 seconds,Cinthia Patlan
2919 Blanco Rd,samantha lopez,47,3,,1,9/27/25 8:29 AM,9/27/25 8:55 AM,25 minutes and 42 seconds,Cinthia Patlan
2919 Blanco Rd,AM CASHIER,51,,,1,9/27/25 8:40 AM,9/27/25 8:55 AM,15 minutes and 30 seconds,Cinthia Patlan
2919 Blanco Rd,Maria  Salazar,50,,,1,9/27/25 8:29 AM,9/27/25 8:55 AM,25 minutes and 42 seconds,Cinthia Patlan
2919 Blanco Rd,Sami Martinez ,56,7,,1,9/27/25 8:40 AM,9/27/25 8:55 AM,14 minutes and 47 seconds,Cinthia Patlan
2919 Blanco Rd,AM CASHIER,72,,,1,9/27/25 9:05 AM,9/27/25 9:13 AM,8 minutes and 17 seconds,Cinthia Patlan
2919 Blanco Rd,samantha lopez,65,8,,1,9/27/25 8:49 AM,9/27/25 9:13 AM,24 minutes and 18 seconds,Cinthia Patlan
2919 Blanco Rd,AM CASHIER,62,,,1,9/27/25 8:46 AM,9/27/25 9:20 AM,34 minutes,Cinthia Patlan
2919 Blanco Rd,Sami Martinez ,77,6,,1,9/27/25 9:10 AM,9/27/25 9:20 AM,10 minutes and 26 seconds,Cinthia Patlan
2919 Blanco Rd,Sami Martinez ,83,22,,1,9/27/25 9:18 AM,9/27/25 9:20 AM,2 minutes and 11 seconds,Cinthia Patlan
2919 Blanco Rd,Sami Martinez ,85,16,,1,9/27/25 9:20 AM,9/27/25 9:29 AM,9 minutes and 8 seconds,Cinthia Patlan
2919 Blanco Rd,Sami Martinez ,85,16,,1,9/27/25 9:22 AM,9/27/25 9:32 AM,10 minutes and 27 seconds,Cinthia Patlan
2919 Blanco Rd,Sami Martinez ,85,16,,1,9/27/25 9:25 AM,9/27/25 9:32 AM,7 minutes and 19 seconds,Cinthia Patlan
2919 Blanco Rd,Sami Martinez ,85,16,,1,9/27/25 9:32 AM,9/27/25 9:32 AM,40 seconds,Cinthia Patlan
2919 Blanco Rd,Sami Martinez ,85,16,,1,9/27/25 9:33 AM,9/27/25 9:34 AM,29 seconds,Cinthia Patlan
2919 Blanco Rd,Sami Martinez ,83,22,,1,9/27/25 9:35 AM,9/27/25 9:40 AM,5 minutes and 4 seconds,Cinthia Patlan
2919 Blanco Rd,Sami Martinez ,85,16,,1,9/27/25 9:36 AM,9/27/25 9:41 AM,4 minutes and 34 seconds,Cinthia Patlan
2919 Blanco Rd,Sami Martinez ,96,5,,1,9/27/25 9:39 AM,9/27/25 9:44 AM,4 minutes and 18 seconds,Cinthia Patlan
2919 Blanco Rd,AM CASHIER,97,,,1,9/27/25 9:40 AM,9/27/25 9:48 AM,8 minutes and 8 seconds,Cinthia Patlan
2919 Blanco Rd,Sami Martinez ,94,14,,1,9/27/25 9:42 AM,9/27/25 9:52 AM,9 minutes and 49 seconds,Cinthia Patlan
2919 Blanco Rd,Sami Martinez ,100,7,,1,9/27/25 9:44 AM,9/27/25 9:53 AM,8 minutes and 16 seconds,Cinthia Patlan
2919 Blanco Rd,Sami Martinez ,104,8,,1,9/27/25 9:51 AM,9/27/25 9:56 AM,5 minutes and 6 seconds,Cinthia Patlan
2919 Blanco Rd,Sami Martinez ,101,4,,1,9/27/25 9:46 AM,9/27/25 10:11 AM,24 minutes and 19 seconds,Cinthia Patlan
2919 Blanco Rd,Sami Martinez ,99,10,,1,9/27/25 9:44 AM,9/27/25 10:11 AM,27 minutes and 6 seconds,Cinthia Patlan
2919 Blanco Rd,Sami Martinez ,100,7,,1,9/27/25 9:54 AM,9/27/25 10:11 AM,16 minutes and 33 seconds,Cinthia Patlan
2919 Blanco Rd,Sami Martinez ,96,5,,1,9/27/25 9:45 AM,9/27/25 10:11 AM,25 minutes and 42 seconds,Cinthia Patlan
2919 Blanco Rd,AM CASHIER,106,,,1,9/27/25 9:55 AM,9/27/25 10:12 AM,17 minutes and 43 seconds,Cinthia Patlan
2919 Blanco Rd,Sami Martinez ,100,7,,1,9/27/25 9:56 AM,9/27/25 10:12 AM,16 minutes and 42 seconds,Cinthia Patlan
2919 Blanco Rd,AM CASHIER,119,,,1,9/27/25 10:06 AM,9/27/25 10:13 AM,6 minutes and 23 seconds,Cinthia Patlan
2919 Blanco Rd,Sami Martinez ,114,22,,1,9/27/25 10:07 AM,9/27/25 10:14 AM,7 minutes and 31 seconds,Cinthia Patlan
2919 Blanco Rd,Sami Martinez ,127,5,,1,9/27/25 10:16 AM,9/27/25 10:22 AM,6 minutes and 26 seconds,Cinthia Patlan
2919 Blanco Rd,AM CASHIER,126,,,1,9/27/25 10:14 AM,9/27/25 10:22 AM,7 minutes and 49 seconds,Cinthia Patlan
2919 Blanco Rd,Sami Martinez ,129,8,,1,9/27/25 10:20 AM,9/27/25 10:22 AM,2 minutes and 31 seconds,Cinthia Patlan
2919 Blanco Rd,Sami Martinez ,129,8,,1,9/27/25 10:19 AM,9/27/25 10:23 AM,3 minutes and 22 seconds,Cinthia Patlan
2919 Blanco Rd,Sami Martinez ,85,16,,1,9/27/25 10:23 AM,9/27/25 10:24 AM,43 seconds,Cinthia Patlan
2919 Blanco Rd,Sami Martinez ,131,6,,1,9/27/25 10:22 AM,9/27/25 10:24 AM,1 minute and 31 seconds,Cinthia Patlan
2919 Blanco Rd,Sami Martinez ,127,5,,1,9/27/25 10:20 AM,9/27/25 10:43 AM,22 minutes and 22 seconds,Cinthia Patlan
2919 Blanco Rd,Sami Martinez ,135,4,,1,9/27/25 10:28 AM,9/27/25 10:43 AM,14 minutes and 22 seconds,Cinthia Patlan
2919 Blanco Rd,AM CASHIER,141,,,1,9/27/25 10:34 AM,9/27/25 10:45 AM,11 minutes and 20 seconds,Cinthia Patlan
2919 Blanco Rd,AM CASHIER,138,,,1,9/27/25 10:33 AM,9/27/25 10:45 AM,12 minutes and 10 seconds,Cinthia Patlan
2919 Blanco Rd,AM CASHIER,143,,,1,9/27/25 10:35 AM,9/27/25 10:45 AM,10 minutes and 26 seconds,Cinthia Patlan
2919 Blanco Rd,Sami Martinez ,146,25,,1,9/27/25 10:37 AM,9/27/25 10:53 AM,16 minutes and 17 seconds,Cinthia Patlan
2919 Blanco Rd,Sami Martinez ,155,6,,1,9/27/25 10:49 AM,9/27/25 10:55 AM,6 minutes and 45 seconds,Cinthia Patlan
2919 Blanco Rd,AM CASHIER,143,,,1,9/27/25 10:50 AM,9/27/25 10:55 AM,5 minutes and 9 seconds,Cinthia Patlan
2919 Blanco Rd,Sami Martinez ,158,3,,1,9/27/25 10:51 AM,9/27/25 10:56 AM,4 minutes and 25 seconds,Cinthia Patlan
2919 Blanco Rd,Sami Martinez ,155,6,,1,9/27/25 10:55 AM,9/27/25 10:56 AM,10 seconds,Cinthia Patlan
2919 Blanco Rd,Sami Martinez ,127,5,,1,9/27/25 10:49 AM,9/27/25 11:07 AM,17 minutes and 42 seconds,Cinthia Patlan
2919 Blanco Rd,Sami Martinez ,150,7,,1,9/27/25 10:44 AM,9/27/25 11:07 AM,22 minutes and 16 seconds,Cinthia Patlan
2919 Blanco Rd,Sami Martinez ,160,1,,1,9/27/25 10:53 AM,9/27/25 11:07 AM,13 minutes and 49 seconds,Cinthia Patlan
2919 Blanco Rd,Cin Cin,171,,,1,9/27/25 11:02 AM,9/27/25 11:13 AM,10 minutes and 23 seconds,Cinthia Patlan
2919 Blanco Rd,Sami Martinez ,162,15,,1,9/27/25 10:53 AM,9/27/25 11:13 AM,19 minutes and 34 seconds,Cinthia Patlan
2919 Blanco Rd,Sami Martinez ,135,4,,1,9/27/25 10:56 AM,9/27/25 11:13 AM,17 minutes and 2 seconds,Cinthia Patlan
2919 Blanco Rd,Sami Martinez ,179,11,,1,9/27/25 11:09 AM,9/27/25 11:13 AM,3 minutes and 52 seconds,Cinthia Patlan
2919 Blanco Rd,Sami Martinez ,178,2,,1,9/27/25 11:07 AM,9/27/25 11:14 AM,6 minutes and 12 seconds,Cinthia Patlan
2919 Blanco Rd,Sami Martinez ,180,17,,1,9/27/25 11:11 AM,9/27/25 11:17 AM,5 minutes and 32 seconds,Cinthia Patlan
2919 Blanco Rd,Sami Martinez ,150,7,,1,9/27/25 11:11 AM,9/27/25 11:17 AM,5 minutes and 36 seconds,Cinthia Patlan
2919 Blanco Rd,Sami Martinez ,185,3,,1,9/27/25 11:21 AM,9/27/25 11:27 AM,6 minutes and 6 seconds,Cinthia Patlan
2919 Blanco Rd,Maria  Salazar,184,,,1,9/27/25 11:21 AM,9/27/25 11:27 AM,6 minutes and 24 seconds,Cinthia Patlan
2919 Blanco Rd,Sami Martinez ,189,6,,1,9/27/25 11:25 AM,9/27/25 11:28 AM,3 minutes and 4 seconds,Cinthia Patlan
2919 Blanco Rd,Sami Martinez ,191,8,,1,9/27/25 11:27 AM,9/27/25 11:50 AM,23 minutes and 11 seconds,Cinthia Patlan
2919 Blanco Rd,Sami Martinez ,178,2,,1,9/27/25 11:42 AM,9/27/25 11:50 AM,8 minutes and 11 seconds,Cinthia Patlan
2919 Blanco Rd,Sami Martinez ,191,8,,1,9/27/25 11:47 AM,9/27/25 11:50 AM,3 minutes and 27 seconds,Cinthia Patlan
2919 Blanco Rd,Sami Martinez ,204,13,,1,9/27/25 11:45 AM,9/27/25 11:52 AM,7 minutes and 27 seconds,Cinthia Patlan
2919 Blanco Rd,Sami Martinez ,200,4,,1,9/27/25 11:43 AM,9/27/25 11:56 AM,12 minutes and 22 seconds,Cinthia Patlan
2919 Blanco Rd,Sami Martinez ,212,1,,1,9/27/25 11:53 AM,9/27/25 12:27 PM,33 minutes and 37 seconds,Cinthia Patlan
2919 Blanco Rd,Sami Martinez ,220,17,,1,9/27/25 12:16 PM,9/27/25 12:28 PM,12 minutes and 5 seconds,Cinthia Patlan
2919 Blanco Rd,Cin Cin,229,,,1,9/27/25 12:51 PM,9/27/25 1:11 PM,20 minutes and 23 seconds,Cinthia Patlan
2919 Blanco Rd,Cin Cin,227,,,1,9/27/25 12:29 PM,9/27/25 1:11 PM,42 minutes and 23 seconds,Cinthia Patlan
2919 Blanco Rd,Cin Cin,229,,,1,9/27/25 12:27 PM,9/27/25 1:11 PM,44 minutes and 51 seconds,Cinthia Patlan
2919 Blanco Rd,Cin Cin,227,,,1,9/27/25 12:29 PM,9/27/25 1:11 PM,42 minutes and 54 seconds,Cinthia Patlan
2919 Blanco Rd,AM CASHIER,238,,,1,9/27/25 1:00 PM,9/27/25 1:11 PM,11 minutes and 37 seconds,Cinthia Patlan
2919 Blanco Rd,Sami Martinez ,234,5,,1,9/27/25 12:44 PM,9/27/25 1:11 PM,27 minutes and 31 seconds,Cinthia Patlan
2919 Blanco Rd,Sami Martinez ,235,25,,1,9/27/25 12:44 PM,9/27/25 1:11 PM,27 minutes and 11 seconds,Cinthia Patlan
2919 Blanco Rd,Sami Martinez ,272,3,,1,9/27/25 2:23 PM,9/27/25 2:38 PM,14 minutes and 26 seconds,Cinthia Patlan
2919 Blanco Rd,AM CASHIER,274,,,1,9/27/25 2:25 PM,9/27/25 2:38 PM,12 minutes and 21 seconds,Cinthia Patlan
2919 Blanco Rd,Sami Martinez ,265,25,,1,9/27/25 1:53 PM,9/27/25 2:38 PM,45 minutes and 9 seconds,Cinthia Patlan
2919 Blanco Rd,AM CASHIER,251,,,1,9/27/25 1:19 PM,9/27/25 2:38 PM,"1 hour, 19 minutes and 14 seconds",Cinthia Patlan
2919 Blanco Rd,samantha lopez,258,4,,1,9/27/25 1:26 PM,9/27/25 2:38 PM,"1 hour, 11 minutes and 43 seconds",Cinthia Patlan
2919 Blanco Rd,Sami Martinez ,267,10,,1,9/27/25 1:59 PM,9/27/25 2:38 PM,38 minutes and 49 seconds,Cinthia Patlan
2919 Blanco Rd,samantha lopez,287,,,1,9/27/25 3:09 PM,9/27/25 3:42 PM,33 minutes and 47 seconds,Cinthia Patlan
2919 Blanco Rd,Sami Martinez ,273,5,,1,9/27/25 2:24 PM,9/27/25 3:42 PM,"1 hour, 17 minutes and 52 seconds",Cinthia Patlan
2919 Blanco Rd,Sami Martinez ,281,7,,1,9/27/25 2:51 PM,9/27/25 3:42 PM,51 minutes and 12 seconds,Cinthia Patlan
2919 Blanco Rd,Sami Martinez ,281,7,,1,9/27/25 3:00 PM,9/27/25 3:42 PM,42 minutes and 46 seconds,Cinthia Patlan
2919 Blanco Rd,samantha lopez,287,,,1,9/27/25 3:09 PM,9/27/25 3:42 PM,33 minutes and 23 seconds,Cinthia Patlan
2919 Blanco Rd,Sami Martinez ,290,6,,1,9/27/25 3:12 PM,9/27/25 3:42 PM,30 minutes and 30 seconds,Cinthia Patlan
2919 Blanco Rd,Sami Martinez ,301,25,,1,9/27/25 5:27 PM,9/27/25 5:44 PM,16 minutes and 46 seconds,Cinthia Patlan
2919 Blanco Rd,samantha lopez,304,,,1,9/27/25 5:50 PM,9/27/25 6:06 PM,16 minutes and 25 seconds,Cinthia Patlan
2919 Blanco Rd,Sami Martinez ,313,25,,1,9/27/25 7:11 PM,9/27/25 7:33 PM,21 minutes and 57 seconds,Cinthia Patlan
2919 Blanco Rd,samantha lopez,307,,,1,9/27/25 6:11 PM,9/27/25 7:33 PM,"1 hour, 22 minutes and 20 seconds",Cinthia Patlan
2919 Blanco Rd,Sami Martinez ,301,25,,1,9/27/25 6:06 PM,9/27/25 7:33 PM,"1 hour, 27 minutes and 47 seconds",Cinthia Patlan
2919 Blanco Rd,Sami Martinez ,308,4,,1,9/27/25 6:29 PM,9/27/25 7:33 PM,"1 hour, 3 minutes and 58 seconds",Cinthia Patlan
2919 Blanco Rd,AM CASHIER,318,,,1,9/27/25 7:44 PM,9/27/25 8:08 PM,23 minutes and 49 seconds,Cinthia Patlan
