,Location,Employee,Job Title,In Date,Shift Closed Date,Out Date,Hours,Cash Tips Decl.,Cash on Hand,Cash in Drawer,Non-Cash Tips,Cash Gratuity,Non-Cash Gratuity,Tips Withheld,Non-Cash Sales,Cash Sales,Total Sales,Cash Collected?,Tips Paid?,Open,Paid,Closed,Tip Share Total
800000030069176930,2919 Blanco Rd,Cin Cin,Drive-Thru,9/27/25 5:00 AM,9/27/25 2:02 PM,9/27/25 2:22 PM,9.37,,0.00,670.35,69.23,0.00,0.00,0.00,1579.25,670.35,2249.60,yes,yes,0,0,152,0.00
800000030069257915,2919 Blanco Rd,Maria  Salazar,Shift Manager / Assistant Manager,9/27/25 6:03 AM,9/27/25 2:14 PM,9/27/25 2:00 PM,7.95,0.00,0.00,61.84,0.00,0.00,0.00,0.00,11.06,61.84,72.90,yes,yes,0,0,6,0.00
800000030069622806,2919 Blanco Rd,samantha lopez,Server,9/27/25 7:06 AM,9/27/25 1:59 PM,9/27/25 1:59 PM,6.88,,0.00,0.00,15.76,0.00,0.00,0.00,76.54,0.00,76.54,yes,yes,0,0,3,0.00
800000030070367821,2919 Blanco Rd,Sami Martinez ,Server,9/27/25 8:01 AM,9/27/25 2:00 PM,9/27/25 2:01 PM,6.00,,0.00,404.51,57.30,12.02,64.28,0.00,876.22,392.49,1268.71,yes,yes,0,0,41,0.00
800000030087136983,2919 Blanco Rd,samantha lopez,Drive-Thru,9/27/25 1:59 PM,9/27/25 7:57 PM,9/27/25 8:14 PM,6.25,,0.00,194.15,24.00,0.00,0.00,0.00,275.98,194.15,470.13,yes,yes,0,0,25,0.00
800000030087270578,2919 Blanco Rd,Sami Martinez ,Server,9/27/25 2:01 PM,9/27/25 8:03 PM,9/27/25 8:17 PM,6.27,,0.00,35.05,24.00,0.00,0.00,0.00,268.30,35.05,303.35,yes,yes,0,0,9,0.00
800000030087363815,2919 Blanco Rd,AM CASHIER,General Manager,9/27/25 2:02 PM,9/27/25 2:03 PM,9/27/25 2:03 PM,0.01,,0.00,109.67,6.00,0.00,0.00,0.00,98.03,109.67,207.70,yes,yes,0,0,18,0.00
800000030114765968,2919 Blanco Rd,AM CASHIER,General Manager,9/27/25 8:03 PM,9/27/25 8:03 PM,9/27/25 8:03 PM,0.00,,0.00,6.59,2.00,0.00,0.00,0.00,38.39,6.59,44.98,yes,yes,0,0,3,0.00
