Check #,Table,Payment Type,Server,Cashier,Tip,Amount,Cash Drawer,Date,Opened Date
1,,CASH,Daniela,Daniela,0.00,18.23,,8/8/25 6:33 AM,8/8/25 6:30 AM
3,,CREDIT,Daniela,Daniela,0.00,16.82,,8/8/25 6:38 AM,8/8/25 6:32 AM
2,,CASH,Daniela,Daniela,0.00,4.31,,8/8/25 6:39 AM,8/8/25 6:31 AM
6,,CASH,Norma,Norma,0.00,6.48,,8/8/25 6:39 AM,8/8/25 6:39 AM
4,,CREDIT,Daniela,Daniela,0.00,7.67,,8/8/25 6:40 AM,8/8/25 6:33 AM
5,,CREDIT,Daniela,Daniela,0.00,18.78,,8/8/25 6:41 AM,8/8/25 6:38 AM
7,,CREDIT,Daniela,Daniela,0.00,8.40,,8/8/25 6:43 AM,8/8/25 6:41 AM
8,,CREDIT,Daniela,Daniela,0.00,14.47,,8/8/25 6:45 AM,8/8/25 6:41 AM
10,,CREDIT,Daniela,Daniela,0.00,11.29,,8/8/25 6:47 AM,8/8/25 6:47 AM
12,,CASH,Daniela,Daniela,0.00,8.62,,8/8/25 6:56 AM,8/8/25 6:56 AM
13,,CREDIT,Daniela,Daniela,0.00,11.89,,8/8/25 6:59 AM,8/8/25 6:58 AM
14,,CREDIT,Daniela,Daniela,0.00,9.61,,8/8/25 7:03 AM,8/8/25 7:02 AM
17,,CASH,Daniela,Daniela,0.00,23.96,,8/8/25 7:10 AM,8/8/25 7:08 AM
24,,CASH,Norma,Norma,0.00,12.30,,8/8/25 7:13 AM,8/8/25 7:13 AM
18,,CREDIT,Daniela,Daniela,0.00,9.93,,8/8/25 7:14 AM,8/8/25 7:08 AM
21,,CREDIT,Daniela,Daniela,0.00,15.52,,8/8/25 7:15 AM,8/8/25 7:11 AM
22,,CREDIT,Daniela,Daniela,0.00,20.39,,8/8/25 7:17 AM,8/8/25 7:12 AM
16,,CREDIT,Norma,Norma,0.00,5.72,,8/8/25 7:17 AM,8/8/25 7:07 AM
23,,CREDIT,Daniela,Daniela,2.00,17.34,,8/8/25 7:19 AM,8/8/25 7:14 AM
25,,CREDIT,Daniela,Daniela,0.00,10.77,,8/8/25 7:21 AM,8/8/25 7:16 AM
15,23,CASH,Norma,Norma,0.00,8.20,,8/8/25 7:22 AM,8/8/25 7:06 AM
26,,CREDIT,Daniela,Daniela,0.00,11.07,,8/8/25 7:22 AM,8/8/25 7:17 AM
28,,CASH,Daniela,Daniela,0.00,4.09,,8/8/25 7:24 AM,8/8/25 7:19 AM
11,26,CASH,Norma,Norma,0.00,10.81,,8/8/25 7:24 AM,8/8/25 6:55 AM
9,35,CREDIT,Norma,,5.00,10.58,,8/8/25 7:25 AM,8/8/25 6:46 AM
20,,CREDIT,Norma,Norma,0.00,16.00,,8/8/25 7:26 AM,8/8/25 7:10 AM
29,,CREDIT,Daniela,Daniela,0.00,19.38,,8/8/25 7:27 AM,8/8/25 7:20 AM
31,,CASH,Daniela,Daniela,0.00,6.48,,8/8/25 7:28 AM,8/8/25 7:21 AM
34,,CREDIT,Norma,Norma,3.00,55.89,,8/8/25 7:28 AM,8/8/25 7:28 AM
36,,CREDIT,Daniela,Daniela,0.00,4.85,,8/8/25 7:29 AM,8/8/25 7:28 AM
33,,CREDIT,Daniela,Daniela,0.00,7.02,,8/8/25 7:31 AM,8/8/25 7:27 AM
35,,CREDIT,Daniela,Daniela,0.00,6.46,,8/8/25 7:32 AM,8/8/25 7:28 AM
38,,CASH,Daniela,Daniela,0.00,9.71,,8/8/25 7:32 AM,8/8/25 7:30 AM
30,,CREDIT,Norma,Norma,4.00,17.23,,8/8/25 7:35 AM,8/8/25 7:20 AM
39,,CASH,Daniela,Daniela,0.00,3.68,,8/8/25 7:35 AM,8/8/25 7:34 AM
40,,CREDIT,Daniela,Daniela,0.00,29.07,,8/8/25 7:37 AM,8/8/25 7:35 AM
44,,CREDIT,Rosie ,Rosie ,5.00,8.41,,8/8/25 7:41 AM,8/8/25 7:41 AM
43,,CREDIT,Daniela,Daniela,0.00,4.32,,8/8/25 7:42 AM,8/8/25 7:42 AM
32,,CREDIT,Daniela,Daniela,0.00,4.75,,8/8/25 7:43 AM,8/8/25 7:24 AM
42,,CREDIT,Daniela,Daniela,0.00,7.82,,8/8/25 7:44 AM,8/8/25 7:39 AM
45,,CASH,Daniela,Daniela,0.00,8.18,,8/8/25 7:49 AM,8/8/25 7:43 AM
47,,CASH,Daniela,Daniela,0.00,9.72,,8/8/25 7:50 AM,8/8/25 7:44 AM
48,,CREDIT,Daniela,Daniela,0.00,22.64,,8/8/25 7:50 AM,8/8/25 7:45 AM
37,,CASH,Norma,Norma,0.00,26.73,,8/8/25 7:53 AM,8/8/25 7:31 AM
41,,CASH,Daniela,Daniela,0.00,6.90,,8/8/25 7:54 AM,8/8/25 7:38 AM
51,,CREDIT,Daniela,Daniela,2.00,22.68,,8/8/25 7:57 AM,8/8/25 7:54 AM
52,,CREDIT,Daniela,Daniela,2.11,17.89,,8/8/25 8:02 AM,8/8/25 7:54 AM
53,,CASH,Daniela,Daniela,0.00,6.35,,8/8/25 8:04 AM,8/8/25 7:56 AM
50,,CREDIT,Norma,Norma,10.00,54.90,,8/8/25 8:04 AM,8/8/25 7:51 AM
49,,CREDIT,Norma,Norma,3.00,20.14,,8/8/25 8:05 AM,8/8/25 7:47 AM
54,,CREDIT,Daniela,Daniela,0.00,12.09,,8/8/25 8:06 AM,8/8/25 7:58 AM
55,,CREDIT,Daniela,Daniela,0.00,24.18,,8/8/25 8:07 AM,8/8/25 7:59 AM
56,,CREDIT,Daniela,Daniela,0.00,4.31,,8/8/25 8:09 AM,8/8/25 8:05 AM
58,,CASH,Daniela,Daniela,0.00,10.37,,8/8/25 8:10 AM,8/8/25 8:09 AM
59,,CREDIT,Daniela,Daniela,0.00,12.94,,8/8/25 8:13 AM,8/8/25 8:10 AM
62,,CREDIT,Daniela,Daniela,1.00,15.30,,8/8/25 8:14 AM,8/8/25 8:12 AM
63,,CASH,Daniela,Daniela,0.00,12.32,,8/8/25 8:17 AM,8/8/25 8:15 AM
46,23,CREDIT,Rosie ,Rosie ,0.00,65.57,,8/8/25 8:19 AM,8/8/25 7:44 AM
64,,CREDIT,Daniela,Daniela,0.00,12.07,,8/8/25 8:21 AM,8/8/25 8:17 AM
66,,CASH,Daniela,Daniela,0.00,4.95,,8/8/25 8:22 AM,8/8/25 8:18 AM
73,,CASH,Daniela,Daniela,0.00,2.15,,8/8/25 8:23 AM,8/8/25 8:23 AM
61,,CREDIT,Maria,Maria,0.00,17.71,,8/8/25 8:25 AM,8/8/25 8:12 AM
67,,CREDIT,Daniela,Daniela,0.00,21.69,,8/8/25 8:27 AM,8/8/25 8:19 AM
71,,CREDIT,Daniela,Daniela,0.00,7.76,,8/8/25 8:28 AM,8/8/25 8:21 AM
72,,CREDIT,Daniela,Daniela,0.00,22.41,,8/8/25 8:28 AM,8/8/25 8:22 AM
74,,CREDIT,Daniela,Daniela,1.00,10.78,,8/8/25 8:30 AM,8/8/25 8:25 AM
78,,CASH,Daniela,Daniela,0.00,14.35,,8/8/25 8:35 AM,8/8/25 8:35 AM
69,9,CASH,Norma,Norma,0.00,11.11,,8/8/25 8:37 AM,8/8/25 8:18 AM
75,,CREDIT,Daniela,Daniela,0.00,12.09,,8/8/25 8:38 AM,8/8/25 8:28 AM
82,,CASH,Maria,Maria,0.00,21.74,Front Left,8/8/25 8:38 AM,8/8/25 8:38 AM
76,,CASH,Daniela,Daniela,0.00,20.09,,8/8/25 8:39 AM,8/8/25 8:30 AM
77,,CASH,Daniela,Daniela,0.00,17.50,,8/8/25 8:39 AM,8/8/25 8:31 AM
85,,CASH,Daniela,Daniela,0.00,4.32,,8/8/25 8:41 AM,8/8/25 8:41 AM
79,,CREDIT,Daniela,Daniela,0.00,12.19,,8/8/25 8:42 AM,8/8/25 8:36 AM
68,37,CREDIT,Rosa,Rosa,3.00,22.75,,8/8/25 8:44 AM,8/8/25 8:19 AM
84,,CREDIT,Daniela,Daniela,4.00,31.93,,8/8/25 8:45 AM,8/8/25 8:39 AM
91,,CREDIT,Maria,Maria,0.00,4.31,,8/8/25 8:45 AM,8/8/25 8:44 AM
92,,CREDIT,Maria,Maria,0.00,2.15,,8/8/25 8:46 AM,8/8/25 8:45 AM
95,,CREDIT,Maria,Maria,0.00,4.31,,8/8/25 8:46 AM,8/8/25 8:46 AM
70,32,CREDIT,Esperansa,Esperansa,5.00,26.41,,8/8/25 8:49 AM,8/8/25 8:19 AM
86,,CREDIT,Daniela,Daniela,0.00,19.00,,8/8/25 8:49 AM,8/8/25 8:42 AM
88,,CREDIT,Daniela,Daniela,0.00,9.60,,8/8/25 8:50 AM,8/8/25 8:42 AM
89,,CREDIT,Daniela,Daniela,0.00,9.82,,8/8/25 8:51 AM,8/8/25 8:44 AM
98,,CREDIT,Daniela,Daniela,0.00,4.09,,8/8/25 8:52 AM,8/8/25 8:49 AM
99,,CREDIT,Daniela,Daniela,0.00,7.96,,8/8/25 8:53 AM,8/8/25 8:51 AM
100,,CASH,Daniela,Daniela,0.00,11.85,,8/8/25 8:56 AM,8/8/25 8:51 AM
101,,CREDIT,Daniela,Daniela,0.00,5.39,,8/8/25 8:57 AM,8/8/25 8:52 AM
102,,CREDIT,Daniela,Daniela,0.00,13.38,,8/8/25 8:57 AM,8/8/25 8:55 AM
103,,CREDIT,Maria,Maria,1.00,15.99,,8/8/25 8:58 AM,8/8/25 8:58 AM
104,,CASH,Daniela,Daniela,0.00,29.11,,8/8/25 9:01 AM,8/8/25 9:00 AM
96,,CASH,Rosa,Rosa,0.00,12.27,,8/8/25 9:01 AM,8/8/25 8:49 AM
108,,CREDIT,Daniela,Daniela,0.00,35.72,,8/8/25 9:12 AM,8/8/25 9:05 AM
110,,CASH,Daniela,Daniela,0.00,4.31,,8/8/25 9:13 AM,8/8/25 9:05 AM
80,7,CREDIT,Silvia,Silvia,6.00,36.92,,8/8/25 9:13 AM,8/8/25 8:36 AM
111,,CREDIT,Daniela,Daniela,0.00,29.76,,8/8/25 9:14 AM,8/8/25 9:08 AM
109,,CREDIT,Maria,Maria,0.00,13.16,,8/8/25 9:15 AM,8/8/25 9:15 AM
114,,CREDIT,Daniela,Daniela,0.00,20.34,,8/8/25 9:18 AM,8/8/25 9:10 AM
118,,CREDIT,Maria,Maria,6.67,40.33,,8/8/25 9:19 AM,8/8/25 9:17 AM
115,,CASH,Daniela,Daniela,0.00,25.99,,8/8/25 9:21 AM,8/8/25 9:11 AM
119,,CASH,Daniela,Daniela,0.00,4.31,,8/8/25 9:22 AM,8/8/25 9:15 AM
120,,CREDIT,Daniela,Daniela,0.00,7.34,,8/8/25 9:22 AM,8/8/25 9:17 AM
87,21,CREDIT,Norma,,1.00,7.54,,8/8/25 9:23 AM,8/8/25 8:41 AM
124,,CREDIT,Daniela,Daniela,0.00,4.63,,8/8/25 9:24 AM,8/8/25 9:24 AM
90,41,CREDIT,Esperansa,Esperansa,10.00,55.71,,8/8/25 9:30 AM,8/8/25 8:44 AM
106,33,CASH,Rosa,Rosa,0.00,16.85,,8/8/25 9:30 AM,8/8/25 9:00 AM
125,,CREDIT,Daniela,Daniela,0.00,6.24,,8/8/25 9:31 AM,8/8/25 9:30 AM
94,35,CREDIT,Norma,Norma,6.00,17.51,,8/8/25 9:33 AM,8/8/25 8:45 AM
130,,CREDIT,Maria,Maria,3.00,35.48,,8/8/25 9:41 AM,8/8/25 9:38 AM
135,,CASH,Daniela,Daniela,0.00,9.67,,8/8/25 9:41 AM,8/8/25 9:40 AM
113,11,CREDIT,Rosa,,2.35,12.72,,8/8/25 9:43 AM,8/8/25 9:12 AM
112,38,CREDIT,Silvia,Silvia,10.00,31.84,,8/8/25 9:44 AM,8/8/25 9:09 AM
137,,CASH,Daniela,Daniela,0.00,2.48,,8/8/25 9:44 AM,8/8/25 9:44 AM
116,15,CREDIT,Norma,Norma,0.00,18.90,,8/8/25 9:46 AM,8/8/25 9:12 AM
129,20,CREDIT,Norma,Norma,1.00,9.94,,8/8/25 9:48 AM,8/8/25 9:36 AM
141,,CREDIT,Daniela,Daniela,0.00,11.40,,8/8/25 9:52 AM,8/8/25 9:47 AM
142,23,CREDIT,Norma,Norma,5.83,64.17,,8/8/25 9:52 AM,8/8/25 9:51 AM
117,23,CREDIT,Norma,Norma,0.00,111.05,,8/8/25 9:53 AM,8/8/25 9:14 AM
122,25,CREDIT,Rosa,,4.59,24.85,,8/8/25 9:54 AM,8/8/25 9:21 AM
138,,CREDIT,Maria,Daniela,0.00,10.81,,8/8/25 9:54 AM,8/8/25 9:45 AM
126,18,CREDIT,Silvia,Silvia,3.00,11.30,,8/8/25 9:55 AM,8/8/25 9:28 AM
143,,CASH,Daniela,Daniela,0.00,19.93,,8/8/25 9:57 AM,8/8/25 9:51 AM
128,26,CASH,Rosa,Rosa,0.00,17.21,,8/8/25 9:57 AM,8/8/25 9:35 AM
144,,CREDIT,Daniela,Daniela,0.00,30.26,,8/8/25 9:58 AM,8/8/25 9:53 AM
145,,CREDIT,Daniela,Daniela,0.00,12.71,,8/8/25 10:00 AM,8/8/25 9:56 AM
146,,CREDIT,Daniela,Daniela,0.00,6.45,,8/8/25 10:02 AM,8/8/25 9:57 AM
132,,CASH,Maria,Maria,0.00,36.90,Front Left,8/8/25 10:04 AM,8/8/25 9:39 AM
123,32,CASH,Esperansa,Esperansa,0.00,26.69,,8/8/25 10:04 AM,8/8/25 9:22 AM
147,,CREDIT,Daniela,Daniela,0.00,7.67,,8/8/25 10:04 AM,8/8/25 9:58 AM
150,,CASH,Maria,Maria,0.00,4.96,Front Left,8/8/25 10:05 AM,8/8/25 10:05 AM
154,,CREDIT,Daniela,Daniela,0.00,5.34,,8/8/25 10:07 AM,8/8/25 10:06 AM
155,,CASH,Daniela,Daniela,0.00,12.95,,8/8/25 10:08 AM,8/8/25 10:06 AM
159,,CREDIT,Maria,Maria,0.00,5.39,,8/8/25 10:11 AM,8/8/25 10:11 AM
158,,CASH,Daniela,Daniela,0.00,2.59,,8/8/25 10:12 AM,8/8/25 10:12 AM
131,17,CREDIT,Silvia,Silvia,5.00,16.73,,8/8/25 10:12 AM,8/8/25 9:39 AM
133,9,CREDIT,Norma,Norma,8.00,38.64,,8/8/25 10:13 AM,8/8/25 9:39 AM
157,,CREDIT,Daniela,Daniela,0.00,8.62,,8/8/25 10:13 AM,8/8/25 10:10 AM
164,,CASH,Daniela,Daniela,0.00,17.98,,8/8/25 10:14 AM,8/8/25 10:14 AM
165,,CASH,Daniela,Daniela,0.00,9.06,,8/8/25 10:15 AM,8/8/25 10:14 AM
166,,CREDIT,Daniela,Daniela,0.00,11.76,,8/8/25 10:20 AM,8/8/25 10:16 AM
167,,CASH,Daniela,Daniela,0.00,17.68,,8/8/25 10:24 AM,8/8/25 10:18 AM
172,,CREDIT,Maria,Maria,3.00,33.29,,8/8/25 10:25 AM,8/8/25 10:25 AM
148,33,CREDIT,Esperansa,Esperansa,5.00,28.19,,8/8/25 10:26 AM,8/8/25 10:02 AM
169,,CREDIT,Daniela,Daniela,0.00,18.45,,8/8/25 10:26 AM,8/8/25 10:20 AM
107,37,CASH,Esperansa,Esperansa,0.00,23.78,,8/8/25 10:28 AM,8/8/25 9:01 AM
170,,CREDIT,Daniela,Daniela,2.00,16.73,,8/8/25 10:28 AM,8/8/25 10:23 AM
174,,CREDIT,Daniela,Daniela,0.00,22.72,,8/8/25 10:32 AM,8/8/25 10:26 AM
149,8,CREDIT,Rosa,,6.54,35.37,,8/8/25 10:35 AM,8/8/25 10:05 AM
175,,CREDIT,Daniela,Daniela,0.00,5.17,,8/8/25 10:36 AM,8/8/25 10:27 AM
156,41,CREDIT,Norma,Norma,1.00,11.66,,8/8/25 10:37 AM,8/8/25 10:08 AM
176,,CREDIT,Daniela,Daniela,3.00,29.30,,8/8/25 10:37 AM,8/8/25 10:28 AM
163,18,CREDIT,Rosa,Rosa,0.00,21.62,,8/8/25 10:38 AM,8/8/25 10:14 AM
179,,CREDIT,Daniela,Daniela,1.00,26.53,,8/8/25 10:39 AM,8/8/25 10:29 AM
189,,CASH,Daniela,Daniela,0.00,7.75,,8/8/25 10:43 AM,8/8/25 10:43 AM
191,,CREDIT,Maria,Maria,0.00,3.78,,8/8/25 10:44 AM,8/8/25 10:44 AM
182,,CREDIT,Daniela,Daniela,0.00,12.43,,8/8/25 10:46 AM,8/8/25 10:37 AM
183,,CREDIT,Daniela,Daniela,0.00,16.30,,8/8/25 10:47 AM,8/8/25 10:38 AM
152,32,CASH,Silvia,Silvia,0.00,16.65,,8/8/25 10:47 AM,8/8/25 10:05 AM
186,,CREDIT,Daniela,Daniela,0.00,10.56,,8/8/25 10:48 AM,8/8/25 10:39 AM
177,37,CREDIT,Esperansa,Esperansa,5.00,25.09,,8/8/25 10:49 AM,8/8/25 10:28 AM
190,,CREDIT,Daniela,Daniela,0.00,43.25,,8/8/25 10:50 AM,8/8/25 10:45 AM
193,,CREDIT,Daniela,Daniela,0.00,13.81,,8/8/25 10:52 AM,8/8/25 10:46 AM
194,,CREDIT,Daniela,Daniela,0.00,7.22,,8/8/25 10:53 AM,8/8/25 10:49 AM
178,22,CREDIT,Rosa,Rosa,0.00,25.63,,8/8/25 10:53 AM,8/8/25 10:28 AM
171,9,CREDIT,Norma,Norma,3.00,11.16,,8/8/25 10:54 AM,8/8/25 10:24 AM
168,15,CREDIT,Silvia,,6.74,33.26,,8/8/25 10:54 AM,8/8/25 10:20 AM
195,,CASH,Daniela,Daniela,0.00,4.09,,8/8/25 10:55 AM,8/8/25 10:49 AM
161,24,CREDIT,Esperansa,Esperansa,0.00,11.33,,8/8/25 10:55 AM,8/8/25 10:12 AM
198,,CASH,Daniela,Daniela,0.00,7.96,,8/8/25 10:58 AM,8/8/25 10:51 AM
199,,CREDIT,Daniela,Daniela,0.00,5.72,,8/8/25 10:58 AM,8/8/25 10:52 AM
200,,CREDIT,Daniela,Daniela,0.00,10.56,,8/8/25 10:59 AM,8/8/25 10:55 AM
184,23,CREDIT,Norma,,4.17,20.51,,8/8/25 10:59 AM,8/8/25 10:39 AM
201,,CASH,Daniela,Daniela,0.00,25.67,,8/8/25 11:01 AM,8/8/25 10:57 AM
202,,CREDIT,Daniela,Daniela,0.00,8.51,,8/8/25 11:03 AM,8/8/25 10:58 AM
180,25,CREDIT,Esperansa,Maria,0.00,14.83,,8/8/25 11:03 AM,8/8/25 10:36 AM
136,21,CASH,Esperansa,Esperansa,0.00,5.39,,8/8/25 11:07 AM,8/8/25 9:42 AM
204,,CREDIT,Maria,Maria,0.00,33.46,,8/8/25 11:08 AM,8/8/25 11:08 AM
205,,CREDIT,Daniela,Daniela,0.00,3.78,,8/8/25 11:08 AM,8/8/25 11:07 AM
188,7,CREDIT,Rosa,Rosa,0.00,17.07,,8/8/25 11:11 AM,8/8/25 10:41 AM
214,,CREDIT,Maria,Maria,0.00,7.46,,8/8/25 11:12 AM,8/8/25 11:12 AM
206,,CREDIT,Daniela,Daniela,0.00,7.23,,8/8/25 11:12 AM,8/8/25 11:07 AM
207,,CREDIT,Daniela,Daniela,0.00,10.37,,8/8/25 11:14 AM,8/8/25 11:08 AM
208,,CREDIT,Daniela,Daniela,1.00,3.88,,8/8/25 11:14 AM,8/8/25 11:08 AM
185,17,CASH,Silvia,Silvia,0.00,17.77,,8/8/25 11:15 AM,8/8/25 10:39 AM
211,,CREDIT,Daniela,Daniela,0.00,20.28,,8/8/25 11:16 AM,8/8/25 11:11 AM
197,11,CREDIT,Norma,Norma,7.00,53.34,,8/8/25 11:18 AM,8/8/25 10:50 AM
217,,CASH,Daniela,Daniela,0.00,37.89,,8/8/25 11:21 AM,8/8/25 11:13 AM
218,,CREDIT,Daniela,Daniela,0.00,17.98,,8/8/25 11:24 AM,8/8/25 11:15 AM
181,38,CREDIT,Silvia,Silvia,0.00,68.55,,8/8/25 11:26 AM,8/8/25 10:38 AM
219,,CASH,Daniela,Daniela,0.00,21.28,,8/8/25 11:28 AM,8/8/25 11:16 AM
224,1,CREDIT,Esperansa,Esperansa,0.00,6.46,,8/8/25 11:28 AM,8/8/25 11:28 AM
220,,CASH,Daniela,Daniela,0.00,18.85,,8/8/25 11:29 AM,8/8/25 11:20 AM
222,,CREDIT,Daniela,Daniela,0.00,33.17,,8/8/25 11:30 AM,8/8/25 11:24 AM
231,40,CREDIT,Esperansa,Esperansa,3.00,14.06,,8/8/25 11:33 AM,8/8/25 11:32 AM
203,40,CREDIT,Esperansa,Esperansa,0.00,5.40,,8/8/25 11:33 AM,8/8/25 11:00 AM
225,,CREDIT,Daniela,Daniela,0.00,16.41,,8/8/25 11:35 AM,8/8/25 11:28 AM
232,40,CASH,Esperansa,Esperansa,0.00,3.88,,8/8/25 11:38 AM,8/8/25 11:32 AM
226,,CREDIT,Daniela,Daniela,2.00,21.32,,8/8/25 11:39 AM,8/8/25 11:29 AM
228,,CREDIT,Daniela,Daniela,0.00,12.82,,8/8/25 11:40 AM,8/8/25 11:30 AM
229,,CREDIT,Daniela,Daniela,0.00,22.10,,8/8/25 11:41 AM,8/8/25 11:31 AM
212,35,CASH,Norma,Norma,0.00,43.80,,8/8/25 11:42 AM,8/8/25 11:12 AM
230,,CREDIT,Daniela,Daniela,0.00,10.46,,8/8/25 11:44 AM,8/8/25 11:34 AM
237,,CREDIT,Daniela,Daniela,0.00,28.92,,8/8/25 11:45 AM,8/8/25 11:44 AM
240,,CREDIT,Daniela,Daniela,0.00,14.37,,8/8/25 11:50 AM,8/8/25 11:45 AM
210,24,CREDIT,Rosa,Rosa,7.00,25.95,,8/8/25 11:51 AM,8/8/25 11:11 AM
223,33,CREDIT,Esperansa,Esperansa,3.00,13.46,,8/8/25 11:52 AM,8/8/25 11:26 AM
239,24,CREDIT,Rosa,Rosa,3.00,16.11,,8/8/25 11:52 AM,8/8/25 11:44 AM
243,,CREDIT,Daniela,Daniela,0.00,10.81,,8/8/25 11:56 AM,8/8/25 11:47 AM
236,38,CREDIT,Esperansa,Maria,4.00,11.90,,8/8/25 11:56 AM,8/8/25 11:40 AM
244,,CREDIT,Daniela,Daniela,3.00,47.09,,8/8/25 11:57 AM,8/8/25 11:47 AM
216,23,CREDIT,Silvia,,0.00,51.12,,8/8/25 11:57 AM,8/8/25 11:14 AM
248,,CASH,Daniela,Daniela,0.00,21.22,,8/8/25 12:00 PM,8/8/25 11:56 AM
234,25,CREDIT,Silvia,Silvia,5.01,36.17,,8/8/25 12:03 PM,8/8/25 11:35 AM
247,,CREDIT,Daniela,Daniela,0.00,8.62,,8/8/25 12:04 PM,8/8/25 11:56 AM
249,,CREDIT,Daniela,Daniela,0.00,8.62,,8/8/25 12:07 PM,8/8/25 12:04 PM
252,,CASH,Daniela,Daniela,0.00,18.38,,8/8/25 12:10 PM,8/8/25 12:05 PM
253,,CREDIT,Daniela,Daniela,0.00,24.88,,8/8/25 12:11 PM,8/8/25 12:06 PM
256,,CASH,Daniela,Daniela,0.00,11.60,,8/8/25 12:14 PM,8/8/25 12:08 PM
257,,CREDIT,Daniela,Daniela,0.00,17.58,,8/8/25 12:15 PM,8/8/25 12:10 PM
242,7,CASH,Silvia,Silvia,0.00,34.06,,8/8/25 12:17 PM,8/8/25 11:46 AM
263,,CREDIT,Daniela,Daniela,0.00,15.88,,8/8/25 12:20 PM,8/8/25 12:20 PM
235,31,CREDIT,Rosa,Rosa,0.00,120.12,,8/8/25 12:20 PM,8/8/25 11:41 AM
264,,CREDIT,Daniela,Daniela,0.00,15.11,,8/8/25 12:23 PM,8/8/25 12:21 PM
246,9,CASH,Norma,Norma,0.00,21.79,,8/8/25 12:24 PM,8/8/25 11:54 AM
241,37,CREDIT,Norma,Norma,8.00,37.73,,8/8/25 12:25 PM,8/8/25 11:45 AM
267,,CASH,Daniela,Daniela,0.00,10.59,,8/8/25 12:28 PM,8/8/25 12:26 PM
251,39,CREDIT,Esperansa,Maria,0.00,20.31,,8/8/25 12:29 PM,8/8/25 12:04 PM
258,18,CREDIT,Norma,Norma,0.00,17.98,,8/8/25 12:30 PM,8/8/25 12:12 PM
268,,CREDIT,Daniela,Daniela,0.00,15.10,,8/8/25 12:30 PM,8/8/25 12:28 PM
270,,CREDIT,Daniela,Daniela,0.00,18.02,,8/8/25 12:34 PM,8/8/25 12:30 PM
259,16,CREDIT,Norma,Norma,0.00,50.46,,8/8/25 12:42 PM,8/8/25 12:13 PM
274,,CASH,Maria,Maria,0.00,16.69,Front Left,8/8/25 12:45 PM,8/8/25 12:44 PM
275,,CREDIT,Maria,Maria,3.00,22.09,,8/8/25 12:47 PM,8/8/25 12:47 PM
277,20,CASH,Rosa,Rosa,0.00,19.96,,8/8/25 12:48 PM,8/8/25 12:47 PM
261,20,CREDIT,Rosa,Rosa,5.00,19.96,,8/8/25 12:48 PM,8/8/25 12:16 PM
276,20,CREDIT,Rosa,Rosa,3.00,13.72,,8/8/25 12:49 PM,8/8/25 12:47 PM
260,24,CREDIT,Esperansa,Esperansa,2.00,38.60,,8/8/25 12:50 PM,8/8/25 12:13 PM
255,26,CASH,Silvia,Silvia,0.00,8.41,,8/8/25 12:50 PM,8/8/25 12:08 PM
271,22,CREDIT,Silvia,Silvia,1.64,8.90,,8/8/25 12:52 PM,8/8/25 12:31 PM
280,,CREDIT,Daniela,Daniela,0.00,9.72,,8/8/25 12:53 PM,8/8/25 12:50 PM
282,22,CREDIT,Silvia,Silvia,2.12,10.41,,8/8/25 12:53 PM,8/8/25 12:51 PM
254,17,CREDIT,Silvia,Silvia,0.00,42.11,,8/8/25 12:57 PM,8/8/25 12:07 PM
281,,CREDIT,Daniela,Daniela,0.00,11.89,,8/8/25 12:57 PM,8/8/25 12:51 PM
284,,CREDIT,Daniela,Daniela,0.00,15.31,,8/8/25 1:00 PM,8/8/25 12:53 PM
290,23,CASH,Rosa,Rosa,0.00,11.57,,8/8/25 1:02 PM,8/8/25 1:00 PM
272,23,CASH,Rosa,Rosa,0.00,11.57,,8/8/25 1:03 PM,8/8/25 12:32 PM
285,,CREDIT,Daniela,Daniela,0.00,22.71,,8/8/25 1:03 PM,8/8/25 12:54 PM
291,23,CASH,Rosa,Rosa,0.00,11.57,,8/8/25 1:03 PM,8/8/25 1:00 PM
294,,CREDIT,Maria,Maria,0.00,8.65,,8/8/25 1:05 PM,8/8/25 1:04 PM
296,8,CASH,Esperansa,Esperansa,0.00,30.91,,8/8/25 1:06 PM,8/8/25 1:06 PM
293,,CASH,Daniela,Daniela,0.00,20.79,,8/8/25 1:07 PM,8/8/25 1:03 PM
273,12,CREDIT,Esperansa,Esperansa,0.00,32.45,,8/8/25 1:10 PM,8/8/25 12:36 PM
262,11,CREDIT,Norma,Norma,4.00,15.14,,8/8/25 1:10 PM,8/8/25 12:20 PM
288,11,CREDIT,Norma,Norma,0.00,11.90,,8/8/25 1:11 PM,8/8/25 12:58 PM
297,,CASH,Daniela,Daniela,0.00,15.36,,8/8/25 1:11 PM,8/8/25 1:07 PM
298,,CREDIT,Daniela,Daniela,10.00,8.04,,8/8/25 1:14 PM,8/8/25 1:07 PM
300,,CREDIT,Daniela,Daniela,0.00,25.04,,8/8/25 1:16 PM,8/8/25 1:16 PM
269,35,CASH,Rosa,Rosa,0.00,18.91,,8/8/25 1:21 PM,8/8/25 12:29 PM
283,18,CREDIT,Norma,Norma,10.00,30.27,,8/8/25 1:22 PM,8/8/25 12:52 PM
266,25,CASH,Esperansa,Esperansa,0.00,27.77,,8/8/25 1:26 PM,8/8/25 12:26 PM
292,32,CREDIT,Rosa,Rosa,0.00,27.23,,8/8/25 1:30 PM,8/8/25 1:01 PM
286,7,CREDIT,Norma,Norma,10.00,48.65,,8/8/25 1:32 PM,8/8/25 12:57 PM
304,,CREDIT,Daniela,Daniela,0.00,14.38,,8/8/25 1:33 PM,8/8/25 1:32 PM
289,33,CREDIT,Silvia,Silvia,4.00,31.84,,8/8/25 1:33 PM,8/8/25 1:00 PM
306,,CREDIT,Daniela,Daniela,0.00,18.38,,8/8/25 1:39 PM,8/8/25 1:33 PM
308,,CREDIT,Daniela,Daniela,0.00,5.40,,8/8/25 1:40 PM,8/8/25 1:35 PM
299,24,CREDIT,Rosa,Rosa,4.00,15.71,,8/8/25 1:43 PM,8/8/25 1:09 PM
279,37,CASH,Silvia,Silvia,0.00,21.38,,8/8/25 1:44 PM,8/8/25 12:49 PM
316,,CREDIT,Daniela,Daniela,0.00,17.79,,8/8/25 1:46 PM,8/8/25 1:44 PM
287,40,CREDIT,Esperansa,,5.00,10.58,,8/8/25 1:49 PM,8/8/25 12:58 PM
318,,CASH,Daniela,Daniela,0.00,15.62,,8/8/25 1:51 PM,8/8/25 1:48 PM
321,42,CREDIT,Rosa,Rosa,0.00,33.53,,8/8/25 1:57 PM,8/8/25 1:51 PM
322,,CASH,Daniela,Daniela,0.00,10.81,,8/8/25 1:57 PM,8/8/25 1:54 PM
323,25,CREDIT,Norma,,3.80,20.55,,8/8/25 1:57 PM,8/8/25 1:56 PM
307,25,CREDIT,Norma,,1.84,9.94,,8/8/25 1:58 PM,8/8/25 1:33 PM
324,,CASH,Daniela,Daniela,0.00,18.90,,8/8/25 1:58 PM,8/8/25 1:57 PM
,,TIP_OUT,Maria,Maria,-16.67,0.00,House,8/8/25 2:01 PM,8/8/25 2:01 PM
305,22,CASH,Silvia,Silvia,0.00,26.92,,8/8/25 2:01 PM,8/8/25 1:32 PM
250,42,CREDIT,Rosa,Rosa,0.00,20.00,,8/8/25 2:01 PM,8/8/25 12:06 PM
250,42,CREDIT,Rosa,Rosa,0.00,54.01,,8/8/25 2:02 PM,8/8/25 12:06 PM
325,,CREDIT,Daniela,Daniela,0.00,8.31,,8/8/25 2:03 PM,8/8/25 2:00 PM
309,4,CREDIT,Esperansa,Esperansa,6.00,29.19,,8/8/25 2:03 PM,8/8/25 1:35 PM
,,CASH_COLLECTED,Silvia,Silvia,0.00,125.19*,House,8/8/25 2:07 PM,8/8/25 2:07 PM
,,TIP_OUT,Silvia,Silvia,-43.51,0.00,House,8/8/25 2:07 PM,8/8/25 2:07 PM
221,15,CASH,Rosa,Rosa,0.00,15.64,,8/8/25 2:09 PM,8/8/25 11:24 AM
327,,CREDIT,Daniela,Daniela,0.00,16.91,,8/8/25 2:11 PM,8/8/25 2:07 PM
312,34,CREDIT,Rosa,Rosa,10.00,29.09,,8/8/25 2:12 PM,8/8/25 1:37 PM
313,32,CREDIT,Norma,Norma,10.00,43.40,,8/8/25 2:12 PM,8/8/25 1:41 PM
265,8,CASH,Esperansa,Esperansa,0.00,44.39,,8/8/25 2:13 PM,8/8/25 12:25 PM
328,,CREDIT,Daniela,Daniela,0.00,22.36,,8/8/25 2:13 PM,8/8/25 2:08 PM
303,38,CASH,Esperansa,Esperansa,0.00,39.00,,8/8/25 2:15 PM,8/8/25 1:28 PM
317,39,CREDIT,Norma,Giselle,0.00,43.99,,8/8/25 2:16 PM,8/8/25 1:46 PM
,,TIP_OUT,Rosie ,Rosie ,-5.00,0.00,House,8/8/25 2:26 PM,8/8/25 2:26 PM
320,11,CASH,Esperansa,Esperansa,0.00,20.00,,8/8/25 2:27 PM,8/8/25 1:49 PM
320,11,CREDIT,Esperansa,Esperansa,4.00,10.76,,8/8/25 2:28 PM,8/8/25 1:49 PM
315,33,CREDIT,Juan ,Juan ,0.00,23.06,,8/8/25 2:28 PM,8/8/25 1:43 PM
302,19,CASH,Rosa,Rosa,0.00,17.30,,8/8/25 2:29 PM,8/8/25 1:28 PM
314,18,CASH,Rosa,Rosa,0.00,28.41,,8/8/25 2:29 PM,8/8/25 1:42 PM
,,CASH_COLLECTED,Rosa,Rosa,0.00,181.26*,House,8/8/25 2:29 PM,8/8/25 2:29 PM
,,TIP_OUT,Rosa,Rosa,-83.98,0.00,House,8/8/25 2:29 PM,8/8/25 2:29 PM
332,,CREDIT,Daniela,Daniela,0.00,25.27,,8/8/25 2:31 PM,8/8/25 2:29 PM
,,CASH_COLLECTED,Esperansa,Esperansa,0.00,221.81*,House,8/8/25 2:35 PM,8/8/25 2:35 PM
,,TIP_OUT,Esperansa,Esperansa,-52.00,0.00,House,8/8/25 2:35 PM,8/8/25 2:35 PM
329,24,CREDIT,Juan ,Juan ,10.00,27.73,,8/8/25 2:38 PM,8/8/25 2:08 PM
,,CASH_COLLECTED,Norma,Norma,0.00,141.22*,House,8/8/25 2:42 PM,8/8/25 2:42 PM
,,TIP_OUT,Norma,Norma,-136.97,0.00,House,8/8/25 2:42 PM,8/8/25 2:42 PM
334,,CREDIT,Daniela,Daniela,0.00,23.05,,8/8/25 2:44 PM,8/8/25 2:42 PM
330,9,CREDIT,Juan ,Juan ,0.00,24.26,,8/8/25 2:49 PM,8/8/25 2:15 PM
335,,CASH,Daniela,Daniela,0.00,5.83,,8/8/25 2:50 PM,8/8/25 2:45 PM
336,,CREDIT,Daniela,Daniela,0.00,17.30,,8/8/25 2:52 PM,8/8/25 2:52 PM
340,,CREDIT,Daniela,Daniela,0.00,12.53,,8/8/25 3:00 PM,8/8/25 2:56 PM
341,,CREDIT,Daniela,Daniela,0.00,6.90,,8/8/25 3:00 PM,8/8/25 2:59 PM
333,23,CREDIT,Juan ,Juan ,10.00,24.32,,8/8/25 3:03 PM,8/8/25 2:31 PM
343,,CREDIT,Daniela,Daniela,0.00,17.30,,8/8/25 3:06 PM,8/8/25 3:04 PM
331,7,CREDIT,Isabel,Isabel,0.00,28.63,,8/8/25 3:13 PM,8/8/25 2:20 PM
342,,CASH,Giselle,Giselle,0.00,4.30,Front Left,8/8/25 3:22 PM,8/8/25 3:01 PM
345,,CASH,Giselle,Giselle,0.00,3.99,Front Left,8/8/25 3:25 PM,8/8/25 3:25 PM
346,,CREDIT,Daniela,Daniela,0.00,2.15,,8/8/25 3:26 PM,8/8/25 3:26 PM
347,,CASH,Daniela,Daniela,0.00,29.02,,8/8/25 3:30 PM,8/8/25 3:27 PM
339,26,CREDIT,Juan ,Juan ,0.00,81.12,,8/8/25 3:39 PM,8/8/25 2:56 PM
344,22,CREDIT,Isabel,Isabel,10.00,19.74,,8/8/25 3:41 PM,8/8/25 3:09 PM
350,,CASH,Daniela,Daniela,0.00,3.24,,8/8/25 3:50 PM,8/8/25 3:48 PM
351,,CREDIT,Daniela,Daniela,0.00,24.63,,8/8/25 3:51 PM,8/8/25 3:50 PM
355,,CREDIT,Daniela,Daniela,0.00,9.50,,8/8/25 4:03 PM,8/8/25 4:01 PM
348,32,CREDIT,Juan ,Juan ,3.62,18.38,,8/8/25 4:10 PM,8/8/25 3:42 PM
352,25,CREDIT,Isabel,Isabel,3.00,26.37,,8/8/25 4:12 PM,8/8/25 3:50 PM
360,,CREDIT,Juan ,,2.80,15.14,,8/8/25 4:16 PM,8/8/25 4:15 PM
356,,CASH,Daniela,Daniela,0.00,38.92,,8/8/25 4:39 PM,8/8/25 4:37 PM
354,33,CREDIT,Isabel,Isabel,6.00,30.49,,8/8/25 4:44 PM,8/8/25 3:59 PM
349,18,CREDIT,Isabel,Isabel,0.00,16.88,,8/8/25 4:45 PM,8/8/25 3:44 PM
364,,CREDIT,Daniela,Daniela,0.00,27.41,,8/8/25 4:47 PM,8/8/25 4:42 PM
366,,CREDIT,Daniela,Daniela,2.00,12.91,,8/8/25 4:50 PM,8/8/25 4:44 PM
370,,CASH,Daniela,Daniela,0.00,12.74,,8/8/25 4:53 PM,8/8/25 4:52 PM
359,24,CREDIT,Isabel,Giselle,2.00,18.87,,8/8/25 4:54 PM,8/8/25 4:13 PM
353,34,CREDIT,Juan ,Juan ,10.00,85.81,,8/8/25 4:56 PM,8/8/25 3:56 PM
361,7,CREDIT,Isabel,Isabel,6.00,24.49,,8/8/25 4:57 PM,8/8/25 4:22 PM
363,32,CREDIT,Juan ,Juan ,5.00,33.39,,8/8/25 5:01 PM,8/8/25 4:35 PM
357,17,CREDIT,Juan ,Juan ,10.00,39.08,,8/8/25 5:04 PM,8/8/25 4:03 PM
358,39,CREDIT,Juan ,Juan ,0.00,41.90,,8/8/25 5:08 PM,8/8/25 4:06 PM
372,,CASH,Daniela,Daniela,0.00,34.60,,8/8/25 5:08 PM,8/8/25 5:02 PM
365,38,CREDIT,Isabel,Giselle,0.00,31.25,,8/8/25 5:13 PM,8/8/25 4:40 PM
378,,CREDIT,Daniela,Daniela,0.00,25.48,,8/8/25 5:14 PM,8/8/25 5:13 PM
362,25,CREDIT,Isabel,,5.24,37.83,,8/8/25 5:18 PM,8/8/25 4:31 PM
374,,CREDIT,Giselle,Giselle,0.00,33.04,,8/8/25 5:22 PM,8/8/25 5:08 PM
367,23,CASH,Juan ,Juan ,0.00,35.79,,8/8/25 5:23 PM,8/8/25 4:43 PM
379,,CREDIT,Daniela,Daniela,0.00,37.08,,8/8/25 5:27 PM,8/8/25 5:21 PM
382,,CASH,Daniela,Daniela,0.00,37.88,,8/8/25 5:33 PM,8/8/25 5:22 PM
384,,CREDIT,Daniela,Daniela,0.00,30.05,,8/8/25 5:37 PM,8/8/25 5:23 PM
385,,CASH,Daniela,Daniela,0.00,12.74,,8/8/25 5:39 PM,8/8/25 5:27 PM
377,37,CREDIT,Juan ,Juan ,4.00,44.88,,8/8/25 5:47 PM,8/8/25 5:14 PM
387,32,CASH,Juan ,Juan ,0.00,14.58,,8/8/25 5:49 PM,8/8/25 5:28 PM
391,,CREDIT,Daniela,Daniela,0.00,11.89,,8/8/25 6:00 PM,8/8/25 5:58 PM
395,35,CASH,Juan ,Juan ,0.00,6.48,,8/8/25 6:02 PM,8/8/25 6:02 PM
381,22,CREDIT,Isabel,Isabel,0.00,42.15,,8/8/25 6:04 PM,8/8/25 5:20 PM
380,24,CREDIT,Juan ,Juan ,8.02,40.98,,8/8/25 6:04 PM,8/8/25 5:14 PM
390,,CREDIT,Juan ,Giselle,4.00,16.97,,8/8/25 6:07 PM,8/8/25 5:55 PM
392,,CREDIT,Daniela,Daniela,0.00,9.72,,8/8/25 6:08 PM,8/8/25 5:59 PM
371,9,CASH,Isabel,Isabel,0.00,56.67,,8/8/25 6:08 PM,8/8/25 5:01 PM
393,,CREDIT,Daniela,Daniela,0.00,20.58,,8/8/25 6:09 PM,8/8/25 6:00 PM
397,,CREDIT,Daniela,Daniela,1.00,6.46,,8/8/25 6:09 PM,8/8/25 6:07 PM
376,33,CREDIT,Isabel,Isabel,4.00,34.12,,8/8/25 6:11 PM,8/8/25 5:10 PM
373,10,CREDIT,Isabel,Isabel,10.33,77.33,,8/8/25 6:11 PM,8/8/25 5:05 PM
398,,CREDIT,Daniela,Daniela,6.00,32.46,,8/8/25 6:13 PM,8/8/25 6:09 PM
399,,CREDIT,Daniela,Daniela,0.00,10.80,,8/8/25 6:18 PM,8/8/25 6:11 PM
401,,CREDIT,Daniela,Daniela,4.00,15.66,,8/8/25 6:19 PM,8/8/25 6:17 PM
,,CASH_COLLECTED,Daniela,Daniela,0.00,805.92*,House,8/8/25 6:24 PM,8/8/25 6:24 PM
,,TIP_OUT,Daniela,Daniela,-47.11,0.00,House,8/8/25 6:24 PM,8/8/25 6:24 PM
388,4,CREDIT,Isabel,Isabel,10.00,37.18,,8/8/25 6:26 PM,8/8/25 5:29 PM
405,,CREDIT,Giselle,Giselle,0.00,33.11,,8/8/25 6:31 PM,8/8/25 6:31 PM
400,,CREDIT,Juan ,Giselle,0.00,16.65,,8/8/25 6:31 PM,8/8/25 6:15 PM
389,17,CREDIT,Juan ,Juan ,10.00,47.59,,8/8/25 6:34 PM,8/8/25 5:41 PM
404,,CREDIT,Mayra,Mayra,1.00,11.90,,8/8/25 6:36 PM,8/8/25 6:27 PM
396,23,CREDIT,Juan ,Juan ,7.80,38.93,,8/8/25 6:41 PM,8/8/25 6:04 PM
413,25,CREDIT,Isabel,Isabel,0.00,27.03,,8/8/25 6:47 PM,8/8/25 6:46 PM
409,,CREDIT,Mayra,Mayra,0.00,14.06,,8/8/25 6:47 PM,8/8/25 6:38 PM
410,,CREDIT,Mayra,Mayra,2.00,20.50,,8/8/25 6:50 PM,8/8/25 6:42 PM
402,7,CREDIT,Juan ,Juan ,8.00,25.01,,8/8/25 6:52 PM,8/8/25 6:21 PM
411,,CASH,Mayra,Mayra,0.00,49.76,Drive Box,8/8/25 6:53 PM,8/8/25 6:43 PM
403,34,CREDIT,Juan ,Juan ,5.00,70.30,,8/8/25 6:55 PM,8/8/25 6:24 PM
417,,CREDIT,Giselle,Giselle,0.00,19.56,,8/8/25 6:57 PM,8/8/25 6:57 PM
394,25,CREDIT,Isabel,Isabel,6.00,29.19,,8/8/25 6:58 PM,8/8/25 6:02 PM
414,25,CASH,Isabel,Isabel,0.00,14.05,,8/8/25 6:59 PM,8/8/25 6:46 PM
416,,CASH,Mayra,Mayra,0.00,30.06,Drive Box,8/8/25 7:02 PM,8/8/25 6:52 PM
418,,CREDIT,Mayra,Mayra,1.00,24.51,,8/8/25 7:04 PM,8/8/25 6:59 PM
406,10,CREDIT,Juan ,Juan ,5.00,50.69,,8/8/25 7:11 PM,8/8/25 6:34 PM
421,,CREDIT,Mayra,Mayra,0.00,23.11,,8/8/25 7:19 PM,8/8/25 7:11 PM
412,22,CREDIT,Isabel,Isabel,5.00,37.13,,8/8/25 7:19 PM,8/8/25 6:43 PM
423,,CASH,Mayra,Mayra,0.00,11.90,Drive Box,8/8/25 7:24 PM,8/8/25 7:12 PM
415,17,CREDIT,Juan ,Juan ,10.00,51.01,,8/8/25 7:28 PM,8/8/25 6:48 PM
422,37,CREDIT,Isabel,Isabel,0.00,41.10,,8/8/25 7:35 PM,8/8/25 7:10 PM
425,,CREDIT,Mayra,Mayra,0.00,25.07,,8/8/25 7:36 PM,8/8/25 7:27 PM
431,,CREDIT,Juan ,Juan ,0.00,7.57,,8/8/25 7:37 PM,8/8/25 7:36 PM
428,,CASH,Mayra,Mayra,0.00,3.88,Drive Box,8/8/25 7:37 PM,8/8/25 7:32 PM
420,33,CREDIT,Isabel,,7.21,52.00,,8/8/25 7:39 PM,8/8/25 7:06 PM
430,,CREDIT,Mayra,Mayra,0.00,25.26,,8/8/25 7:43 PM,8/8/25 7:34 PM
426,25,CREDIT,Isabel,Giselle,5.00,32.74,,8/8/25 7:59 PM,8/8/25 7:31 PM
435,,CASH,Mayra,Mayra,0.00,10.82,Drive Box,8/8/25 8:01 PM,8/8/25 7:56 PM
419,32,CASH,Juan ,Juan ,0.00,49.17,,8/8/25 8:01 PM,8/8/25 7:04 PM
433,,CREDIT,Mayra,Mayra,5.00,9.72,,8/8/25 8:02 PM,8/8/25 7:55 PM
427,24,CREDIT,Juan ,Juan ,0.00,59.10,,8/8/25 8:02 PM,8/8/25 7:33 PM
436,,CREDIT,Mayra,Mayra,2.00,10.81,,8/8/25 8:05 PM,8/8/25 8:03 PM
424,38,CREDIT,Isabel,Giselle,10.00,54.89,,8/8/25 8:08 PM,8/8/25 7:25 PM
429,7,CREDIT,Juan ,,7.25,52.28,,8/8/25 8:14 PM,8/8/25 7:34 PM
432,39,CREDIT,Isabel,Isabel,5.00,16.71,,8/8/25 8:15 PM,8/8/25 7:42 PM
437,,CREDIT,Mayra,Mayra,0.00,21.62,,8/8/25 8:18 PM,8/8/25 8:07 PM
439,,CREDIT,Mayra,Mayra,2.00,3.24,,8/8/25 8:21 PM,8/8/25 8:17 PM
443,,CASH,Mayra,Mayra,0.00,14.06,Drive Box,8/8/25 8:30 PM,8/8/25 8:25 PM
444,,CREDIT,Giselle,Giselle,0.00,25.95,,8/8/25 8:34 PM,8/8/25 8:34 PM
434,4,CREDIT,Isabel,Isabel,8.00,50.77,,8/8/25 8:37 PM,8/8/25 7:56 PM
445,,CASH,Mayra,Mayra,0.00,23.34,Drive Box,8/8/25 8:44 PM,8/8/25 8:34 PM
438,15,CREDIT,Isabel,,0.00,14.00,,8/8/25 8:47 PM,8/8/25 8:11 PM
446,,CREDIT,Mayra,Mayra,0.00,25.94,,8/8/25 8:52 PM,8/8/25 8:39 PM
441,25,CREDIT,Isabel,Isabel,5.00,24.81,,8/8/25 8:58 PM,8/8/25 8:22 PM
449,,CASH,Mayra,Mayra,0.00,22.70,Drive Box,8/8/25 8:59 PM,8/8/25 8:50 PM
442,,CREDIT,Juan ,Juan ,6.00,17.24,,8/8/25 9:00 PM,8/8/25 8:23 PM
408,9,CREDIT,Isabel,Isabel,17.36,122.64,,8/8/25 9:17 PM,8/8/25 6:38 PM
447,39,CREDIT,Juan ,Juan ,7.00,58.27,,8/8/25 9:17 PM,8/8/25 8:41 PM
448,32,CREDIT,Isabel,Isabel,3.00,51.39,,8/8/25 9:23 PM,8/8/25 8:44 PM
440,36,CREDIT,Juan ,Juan ,5.00,8.91,,8/8/25 9:27 PM,8/8/25 8:23 PM
454,,CASH,Mayra,Mayra,0.00,18.33,Drive Box,8/8/25 9:35 PM,8/8/25 9:23 PM
451,23,CREDIT,Isabel,Isabel,5.00,42.19,,8/8/25 9:37 PM,8/8/25 9:05 PM
455,,CREDIT,Mayra,Mayra,0.00,37.35,,8/8/25 9:40 PM,8/8/25 9:28 PM
452,24,CREDIT,Juan ,Juan ,7.00,29.96,,8/8/25 9:46 PM,8/8/25 9:06 PM
453,33,CREDIT,Juan ,Juan ,3.00,41.63,,8/8/25 9:48 PM,8/8/25 9:22 PM
450,22,CREDIT,Juan ,Juan ,10.00,50.29,,8/8/25 9:59 PM,8/8/25 8:54 PM
,,CASH_COLLECTED,Juan ,Juan ,0.00,106.02*,House,8/8/25 10:21 PM,8/8/25 10:21 PM
,,TIP_OUT,Juan ,Juan ,-158.49,0.00,House,8/8/25 10:21 PM,8/8/25 10:21 PM
,,CASH_COLLECTED,Isabel,Isabel,0.00,70.72*,House,8/8/25 10:23 PM,8/8/25 10:23 PM
,,TIP_OUT,Isabel,Isabel,-133.14,0.00,House,8/8/25 10:23 PM,8/8/25 10:23 PM
,,CLOSE_OUT_EXACT,Mayra,,0.00,0.00,Front Left,8/8/25 10:34 PM,8/8/25 10:34 PM
,,CLOSE_OUT_EXACT,Mayra,,0.00,0.00,Drive Box,8/8/25 10:35 PM,8/8/25 10:35 PM
,,TIP_OUT,Mayra,Mayra,-13.00,0.00,House,8/8/25 10:35 PM,8/8/25 10:35 PM
,,PAY_OUT,Mayra,,0.00,-329.90,House,8/8/25 10:43 PM,8/8/25 10:43 PM
,,TOTAL,,,-62.83,8626.83,,,
