Employee,Job Title,Regular Hours,Overtime Hours,Hourly Rate,Regular Pay,Overtime Pay,Total Pay,Net Sales,Declared Tips,Non-Cash Tips,Total Tips,Tips Withheld,Total Gratuity,Employee ID,Job Code,Location,Location Code
"Alvarado, Rodolfo",Cook,8.43,0.0,17.00,143.31,0.00,143.31,0.00,,0.00,0.00,0.00,0.00,,,Tink-a-Tako - Potranco,
"Aviles, Genaro",Cook,0.0,11.59,15.00,0.00,260.78,260.78,0.00,,0.00,0.00,0.00,0.00,,,Tink-a-Tako - Potranco,
"Brito, Victor ",Regular,7.9,0.0,12.00,94.80,0.00,94.80,0.00,,0.00,0.00,0.00,0.00,,,Tink-a-Tako - Potranco,
"CANDELA, OLIVIA",Tortillero,8.18,0.0,14.00,114.52,0.00,114.52,0.00,,0.00,0.00,0.00,0.00,,,Tink-a-Tako - Potranco,
"Calderon, Jesus",Cook,7.93,0.0,,,,,0.00,,0.00,0.00,0.00,0.00,,,Tink-a-Tako - Potranco,
"Camacho, Juan ",Server,9.06,0.0,3.00,27.18,0.00,27.18,1153.43,,158.49,158.49,0.00,0.00,,,Tink-a-Tako - Potranco,
"Caviedes, Esperansa",Server,7.07,0.0,3.00,21.21,0.00,21.21,532.65,,52.00,52.00,0.00,0.00,,,Tink-a-Tako - Potranco,
"Cisneros, Isabel",Server,8.7,0.0,3.00,26.10,0.00,26.10,1009.50,,133.14,133.14,0.00,0.00,,,Tink-a-Tako - Potranco,
"Cisneross, Giselle",Host,6.67,0.0,,,,,110.84,,0.00,0.00,0.00,0.00,,,Tink-a-Tako - Potranco,
"Compean, Rosa",Server,6.83,0.0,3.00,20.49,0.00,20.49,629.31,,48.48,48.48,0.00,35.50,,,Tink-a-Tako - Potranco,
"Diaz, Diego",Cook,5.35,3.57,,,,,0.00,,0.00,0.00,0.00,0.00,,,Tink-a-Tako - Potranco,
"Dominguez, Jose ",Cook,8.24,0.0,17.00,140.08,0.00,140.08,0.00,,0.00,0.00,0.00,0.00,,,Tink-a-Tako - Potranco,
"Gonzales (Line) , Maria",Cook,0.0,8.09,14.00,0.00,169.89,169.89,0.00,,0.00,0.00,0.00,0.00,,,Tink-a-Tako - Potranco,
"Hernandez, Silvia",Server,6.07,0.0,3.00,18.21,0.00,18.21,465.96,,43.51,43.51,0.00,0.00,,,Tink-a-Tako - Potranco,
"Luna, Mayra",Shift Manager / Assistant Manager,8.71,0.0,,,,,404.60,,13.00,13.00,0.00,0.00,1919,,Tink-a-Tako - Potranco,
"Majana, Maria",Host,6.05,0.0,14.00,84.70,0.00,84.70,312.87,,16.67,16.67,0.00,0.00,,,Tink-a-Tako - Potranco,
"ORDONEZ, Rosie ",Shift Manager / Assistant Manager,7.74,0.0,,,,,68.35,,5.00,5.00,0.00,0.00,,,Tink-a-Tako - Potranco,
"Rueda, Jonathan",Busser,8.11,0.0,12.00,97.32,0.00,97.32,0.00,,0.00,0.00,0.00,0.00,,,Tink-a-Tako - Potranco,
"Serrato, Joshua ",Busser,4.95,0.0,12.00,59.40,0.00,59.40,0.00,,0.00,0.00,0.00,0.00,,,Tink-a-Tako - Potranco,
"Torres, Daniela",Drive-Thru,12.46,0.0,,,,,2615.83,,47.11,47.11,0.00,0.00,,,Tink-a-Tako - Potranco,
"Trevino, Melissa",Dishwasher,8.32,0.0,13.00,108.16,0.00,108.16,0.00,,0.00,0.00,0.00,0.00,,,Tink-a-Tako - Potranco,
"Vasquez, Norma",Server,8.53,0.0,5.00,42.65,0.00,42.65,913.54,,109.64,109.64,0.00,27.33,,,Tink-a-Tako - Potranco,
"Zuniga, Sebastian",Cook,8.16,0.0,15.00,122.40,0.00,122.40,0.00,,0.00,0.00,0.00,0.00,,,Tink-a-Tako - Potranco,
"huerta, Arturo ",Dishwasher,6.68,0.0,12.00,80.16,0.00,80.16,0.00,,0.00,0.00,0.00,0.00,,,Tink-a-Tako - Potranco,
