Location,Server,Check #,Table,Station,Expediter Level,Fired Date,Fulfilled Date,Fulfillment Time,Fulfilled By
2919 Blanco Rd,Mery Rodriguez,12,7,,1,10/5/25 8:29 AM,10/5/25 8:44 AM,14 minutes and 56 seconds,AM CASHIER
2919 Blanco Rd,Mery Rodriguez,4,5,,1,10/5/25 8:00 AM,10/5/25 8:44 AM,43 minutes and 49 seconds,AM CASHIER
2919 Blanco Rd,AM CASHIER,32,,,1,10/5/25 9:23 AM,10/5/25 9:43 AM,20 minutes and 32 seconds,AM CASHIER
2919 Blanco Rd,Mery Rodriguez,25,4,,1,10/5/25 9:09 AM,10/5/25 9:43 AM,34 minutes and 14 seconds,AM CASHIER
2919 Blanco Rd,Sami Martinez ,36,9,,1,10/5/25 9:27 AM,10/5/25 9:43 AM,16 minutes and 32 seconds,AM CASHIER
2919 Blanco Rd,Mery Rodriguez,12,7,,1,10/5/25 8:51 AM,10/5/25 9:43 AM,52 minutes and 43 seconds,AM CASHIER
2919 Blanco Rd,Mery Rodriguez,20,14,,1,10/5/25 8:54 AM,10/5/25 9:43 AM,48 minutes and 52 seconds,AM CASHIER
2919 Blanco Rd,AM CASHIER,29,,,1,10/5/25 9:17 AM,10/5/25 9:43 AM,26 minutes and 13 seconds,AM CASHIER
2919 Blanco Rd,Mery Rodriguez,25,4,,1,10/5/25 9:11 AM,10/5/25 9:43 AM,32 minutes and 18 seconds,AM CASHIER
2919 Blanco Rd,AM CASHIER,38,,,1,10/5/25 9:36 AM,10/5/25 9:43 AM,7 minutes and 19 seconds,AM CASHIER
2919 Blanco Rd,Mery Rodriguez,37,19,,1,10/5/25 9:35 AM,10/5/25 9:43 AM,8 minutes and 23 seconds,AM CASHIER
2919 Blanco Rd,Mery Rodriguez,47,5,,1,10/5/25 9:48 AM,10/5/25 9:51 AM,3 minutes and 39 seconds,AM CASHIER
2919 Blanco Rd,AM CASHIER,53,,,1,10/5/25 9:55 AM,10/5/25 10:12 AM,17 minutes and 24 seconds,AM CASHIER
2919 Blanco Rd,Mery Rodriguez,56,13,,1,10/5/25 10:07 AM,10/5/25 10:12 AM,5 minutes and 2 seconds,AM CASHIER
2919 Blanco Rd,Mery Rodriguez,56,13,,1,10/5/25 9:57 AM,10/5/25 10:12 AM,15 minutes and 42 seconds,AM CASHIER
2919 Blanco Rd,Sami Martinez ,44,15,,1,10/5/25 9:41 AM,10/5/25 10:22 AM,40 minutes and 50 seconds,AM CASHIER
2919 Blanco Rd,AM CASHIER,59,,,1,10/5/25 10:01 AM,10/5/25 10:22 AM,20 minutes and 55 seconds,AM CASHIER
2919 Blanco Rd,Sami Martinez ,54,6,,1,10/5/25 9:56 AM,10/5/25 10:22 AM,25 minutes and 19 seconds,AM CASHIER
2919 Blanco Rd,Mery Rodriguez,76,20,,1,10/5/25 10:29 AM,10/5/25 10:34 AM,5 minutes and 24 seconds,AM CASHIER
2919 Blanco Rd,Sami Martinez ,83,3,,1,10/5/25 10:31 AM,10/5/25 10:34 AM,3 minutes and 36 seconds,AM CASHIER
2919 Blanco Rd,Sami Martinez ,83,3,,1,10/5/25 10:28 AM,10/5/25 10:43 AM,14 minutes and 21 seconds,AM CASHIER
2919 Blanco Rd,Sami Martinez ,77,8,,1,10/5/25 10:23 AM,10/5/25 10:43 AM,19 minutes and 25 seconds,AM CASHIER
2919 Blanco Rd,Sami Martinez ,90,18,,1,10/5/25 10:38 AM,10/5/25 10:43 AM,4 minutes and 35 seconds,AM CASHIER
2919 Blanco Rd,AM CASHIER,96,,,1,10/5/25 10:48 AM,10/5/25 11:13 AM,24 minutes and 12 seconds,AM CASHIER
2919 Blanco Rd,Mery Rodriguez,91,25,,1,10/5/25 10:41 AM,10/5/25 11:13 AM,32 minutes and 1 second,AM CASHIER
2919 Blanco Rd,AM CASHIER,95,,,1,10/5/25 10:41 AM,10/5/25 11:13 AM,31 minutes and 47 seconds,AM CASHIER
2919 Blanco Rd,AM CASHIER,96,,,1,10/5/25 10:47 AM,10/5/25 11:13 AM,26 minutes and 4 seconds,AM CASHIER
2919 Blanco Rd,Mery Rodriguez,111,3,,1,10/5/25 11:03 AM,10/5/25 11:13 AM,9 minutes and 46 seconds,AM CASHIER
2919 Blanco Rd,AM CASHIER,99,,,1,10/5/25 10:47 AM,10/5/25 11:13 AM,25 minutes and 46 seconds,AM CASHIER
2919 Blanco Rd,Mery Rodriguez,108,17,,1,10/5/25 10:56 AM,10/5/25 11:13 AM,16 minutes and 57 seconds,AM CASHIER
2919 Blanco Rd,Mery Rodriguez,115,4,,1,10/5/25 11:08 AM,10/5/25 11:19 AM,10 minutes and 59 seconds,AM CASHIER
2919 Blanco Rd,Sami Martinez ,116,22,,1,10/5/25 11:08 AM,10/5/25 11:20 AM,11 minutes and 41 seconds,AM CASHIER
2919 Blanco Rd,Sami Martinez ,117,2,,1,10/5/25 11:09 AM,10/5/25 11:20 AM,10 minutes and 56 seconds,AM CASHIER
2919 Blanco Rd,AM CASHIER,120,,,1,10/5/25 11:15 AM,10/5/25 11:20 AM,4 minutes and 52 seconds,AM CASHIER
2919 Blanco Rd,AM CASHIER,121,,,1,10/5/25 11:16 AM,10/5/25 11:29 AM,13 minutes,AM CASHIER
2919 Blanco Rd,AM CASHIER,123,,,1,10/5/25 11:17 AM,10/5/25 11:29 AM,12 minutes and 28 seconds,AM CASHIER
2919 Blanco Rd,Sami Martinez ,128,6,,1,10/5/25 11:23 AM,10/5/25 11:38 AM,15 minutes and 13 seconds,AM CASHIER
2919 Blanco Rd,Mery Rodriguez,130,15,,1,10/5/25 11:28 AM,10/5/25 11:49 AM,20 minutes and 37 seconds,AM CASHIER
2919 Blanco Rd,AM CASHIER,132,,,1,10/5/25 11:25 AM,10/5/25 11:49 AM,23 minutes and 6 seconds,AM CASHIER
2919 Blanco Rd,Mery Rodriguez,147,17,,1,10/5/25 11:40 AM,10/5/25 11:49 AM,8 minutes and 12 seconds,AM CASHIER
2919 Blanco Rd,AM CASHIER,143,,,1,10/5/25 11:35 AM,10/5/25 11:49 AM,13 minutes and 35 seconds,AM CASHIER
2919 Blanco Rd,Sami Martinez ,117,2,,1,10/5/25 11:36 AM,10/5/25 11:49 AM,12 minutes and 11 seconds,AM CASHIER
2919 Blanco Rd,Mery Rodriguez,147,17,,1,10/5/25 11:44 AM,10/5/25 11:59 AM,15 minutes and 9 seconds,AM CASHIER
2919 Blanco Rd,Sami Martinez ,152,5,,1,10/5/25 11:46 AM,10/5/25 11:59 AM,13 minutes and 2 seconds,AM CASHIER
2919 Blanco Rd,AM CASHIER,157,,,1,10/5/25 11:53 AM,10/5/25 12:09 PM,15 minutes and 52 seconds,AM CASHIER
2919 Blanco Rd,Sami Martinez ,159,9,,1,10/5/25 12:05 PM,10/5/25 12:21 PM,15 minutes and 58 seconds,AM CASHIER
2919 Blanco Rd,Mery Rodriguez,163,3,,1,10/5/25 12:06 PM,10/5/25 12:21 PM,15 minutes and 9 seconds,AM CASHIER
2919 Blanco Rd,Mery Rodriguez,174,2,,1,10/5/25 12:19 PM,10/5/25 12:34 PM,14 minutes and 52 seconds,AM CASHIER
2919 Blanco Rd,AM CASHIER,179,,,1,10/5/25 12:25 PM,10/5/25 12:37 PM,11 minutes and 51 seconds,AM CASHIER
2919 Blanco Rd,Maria  Salazar,167,,,1,10/5/25 12:12 PM,10/5/25 12:37 PM,25 minutes and 24 seconds,AM CASHIER
2919 Blanco Rd,Sami Martinez ,172,7,,1,10/5/25 12:15 PM,10/5/25 12:37 PM,22 minutes and 13 seconds,AM CASHIER
2919 Blanco Rd,AM CASHIER,176,,,1,10/5/25 12:21 PM,10/5/25 1:04 PM,43 minutes and 3 seconds,AM CASHIER
2919 Blanco Rd,AM CASHIER,180,,,1,10/5/25 12:27 PM,10/5/25 1:04 PM,36 minutes and 31 seconds,AM CASHIER
2919 Blanco Rd,AM CASHIER,180,,,1,10/5/25 12:28 PM,10/5/25 1:04 PM,35 minutes and 20 seconds,AM CASHIER
2919 Blanco Rd,AM CASHIER,186,,,1,10/5/25 12:32 PM,10/5/25 1:04 PM,31 minutes and 31 seconds,AM CASHIER
2919 Blanco Rd,Sami Martinez ,195,4,,1,10/5/25 12:44 PM,10/5/25 1:04 PM,19 minutes and 14 seconds,AM CASHIER
2919 Blanco Rd,AM CASHIER,196,,,1,10/5/25 12:48 PM,10/5/25 1:04 PM,15 minutes and 54 seconds,AM CASHIER
2919 Blanco Rd,Mery Rodriguez,174,2,,1,10/5/25 12:50 PM,10/5/25 1:04 PM,14 minutes and 4 seconds,AM CASHIER
2919 Blanco Rd,Mery Rodriguez,207,6,,1,10/5/25 1:08 PM,10/5/25 1:19 PM,10 minutes and 48 seconds,AM CASHIER
2919 Blanco Rd,Sami Martinez ,205,20,,1,10/5/25 1:01 PM,10/5/25 1:26 PM,24 minutes and 39 seconds,AM CASHIER
2919 Blanco Rd,Mery Rodriguez,201,3,,1,10/5/25 12:55 PM,10/5/25 1:26 PM,30 minutes and 54 seconds,AM CASHIER
2919 Blanco Rd,Sami Martinez ,211,25,,1,10/5/25 1:11 PM,10/5/25 1:26 PM,14 minutes and 27 seconds,AM CASHIER
2919 Blanco Rd,samantha lopez,214,,,1,10/5/25 1:17 PM,10/5/25 1:26 PM,8 minutes and 23 seconds,AM CASHIER
2919 Blanco Rd,Sami Martinez ,226,2,,1,10/5/25 1:36 PM,10/5/25 2:00 PM,24 minutes and 18 seconds,AM CASHIER
2919 Blanco Rd,Mery Rodriguez,223,8,,1,10/5/25 1:36 PM,10/5/25 2:00 PM,24 minutes and 20 seconds,AM CASHIER
2919 Blanco Rd,samantha lopez,217,,,1,10/5/25 1:22 PM,10/5/25 2:00 PM,38 minutes and 2 seconds,AM CASHIER
2919 Blanco Rd,Mery Rodriguez,207,6,,1,10/5/25 1:39 PM,10/5/25 2:00 PM,20 minutes and 56 seconds,AM CASHIER
2919 Blanco Rd,Mery Rodriguez,201,3,,1,10/5/25 1:27 PM,10/5/25 2:00 PM,33 minutes and 12 seconds,AM CASHIER
