,Location,Employee,Job Title,In Date,Shift Closed Date,Out Date,Hours,Cash Tips Decl.,Cash on Hand,Cash in Drawer,Non-Cash Tips,Cash Gratuity,Non-Cash Gratuity,Tips Withheld,Non-Cash Sales,Cash Sales,Total Sales,Cash Collected?,Tips Paid?,Open,Paid,Closed,Tip Share Total
800000030401622568,2919 Blanco Rd,Maria  Salazar,Shift Manager / Assistant Manager,10/5/25 7:41 AM,10/5/25 2:57 PM,10/5/25 3:00 PM,7.33,,0.00,100.98,2.00,0.00,0.00,0.00,79.43,100.98,180.41,yes,yes,0,0,16,0.00
800000030401633162,2919 Blanco Rd,AM CASHIER,General Manager,10/5/25 7:41 AM,10/5/25 2:57 PM,10/5/25 2:57 PM,7.26,,0.00,136.08,3.00,0.00,0.00,0.00,136.87,136.08,272.95,yes,yes,0,0,21,0.00
800000030401853305,2919 Blanco Rd,Mery Rodriguez,Server,10/5/25 7:58 AM,10/5/25 2:52 PM,10/5/25 3:04 PM,7.09,,0.00,82.50,79.66,0.00,0.00,0.00,529.46,82.50,611.96,yes,yes,0,0,19,0.00
800000030403058631,2919 Blanco Rd,Sami Martinez ,Server,10/5/25 8:59 AM,10/5/25 2:51 PM,10/5/25 3:06 PM,6.12,,0.00,180.92,54.00,16.27,0.00,0.00,397.41,164.65,562.06,yes,yes,0,0,16,0.00
800000030403221948,2919 Blanco Rd,samantha lopez,Drive-Thru,10/5/25 9:05 AM,10/5/25 2:40 PM,10/5/25 2:47 PM,5.71,,0.00,610.25,59.63,0.00,0.00,0.00,1408.10,610.25,2018.35,yes,yes,0,0,125,0.00
