Check #,Table,Payment Type,Server,Cashier,Tip,Amount,Cash Drawer,Date,Opened Date
1,,CREDIT,Melissa ,Melissa ,0.00,4.64,,9/9/25 6:31 AM,9/9/25 6:30 AM
4,,CASH,Melissa ,Melissa ,0.00,5.81,DRIVE THRU 1,9/9/25 6:35 AM,9/9/25 6:35 AM
3,,CREDIT,Melissa ,Melissa ,0.00,11.54,,9/9/25 6:38 AM,9/9/25 6:32 AM
5,,CREDIT,Melissa ,Melissa ,0.00,14.68,,9/9/25 6:49 AM,9/9/25 6:48 AM
6,,CREDIT,Melissa ,Melissa ,5.00,18.00,,9/9/25 7:18 AM,9/9/25 7:17 AM
7,,CREDIT,Melissa ,Melissa ,0.00,12.19,,9/9/25 7:35 AM,9/9/25 7:34 AM
8,,CASH,Melissa ,Melissa ,0.00,4.75,DRIVE THRU 1,9/9/25 7:41 AM,9/9/25 7:40 AM
9,,CREDIT,Melissa ,Melissa ,1.00,9.28,,9/9/25 7:43 AM,9/9/25 7:42 AM
10,,CREDIT,Melissa ,Melissa ,2.00,8.94,,9/9/25 7:45 AM,9/9/25 7:43 AM
11,,CASH,Melissa ,Melissa ,0.00,9.27,DRIVE THRU 1,9/9/25 7:47 AM,9/9/25 7:44 AM
12,,CREDIT,Melissa ,Melissa ,0.00,4.30,,9/9/25 7:49 AM,9/9/25 7:47 AM
13,,CREDIT,Melissa ,Melissa ,1.00,12.50,,9/9/25 7:52 AM,9/9/25 7:52 AM
15,,CREDIT,Melissa ,Melissa ,1.00,6.78,,9/9/25 8:02 AM,9/9/25 8:01 AM
18,,CREDIT,Melissa ,Melissa ,0.00,2.15,,9/9/25 8:08 AM,9/9/25 8:08 AM
19,,CREDIT,Melissa ,Melissa ,0.00,3.88,,9/9/25 8:12 AM,9/9/25 8:11 AM
20,,CREDIT,Melissa ,Melissa ,0.29,17.71,,9/9/25 8:14 AM,9/9/25 8:13 AM
21,,CREDIT,Melissa ,Melissa ,1.29,24.71,,9/9/25 8:17 AM,9/9/25 8:17 AM
17,18,CREDIT,Lizbeth,Lizbeth,3.00,10.81,,9/9/25 8:21 AM,9/9/25 8:07 AM
22,,CREDIT,Melissa ,Melissa ,1.00,5.29,,9/9/25 8:21 AM,9/9/25 8:18 AM
16,16,CREDIT,Lizbeth,Lizbeth,3.00,7.57,,9/9/25 8:24 AM,9/9/25 8:02 AM
27,,CREDIT,Leticia,Leticia,2.00,5.94,,9/9/25 8:34 AM,9/9/25 8:34 AM
26,,CREDIT,Melissa ,Melissa ,1.00,9.05,,9/9/25 8:36 AM,9/9/25 8:34 AM
14,15,CREDIT,Leticia,Leticia,6.00,33.69,,9/9/25 8:39 AM,9/9/25 8:02 AM
31,,CREDIT,Melissa ,Melissa ,2.00,5.39,,9/9/25 8:46 AM,9/9/25 8:45 AM
32,,CREDIT,Melissa ,Melissa ,0.00,9.17,,9/9/25 8:48 AM,9/9/25 8:45 AM
34,,CASH,Melissa ,Melissa ,0.00,6.47,DRIVE THRU 1,9/9/25 8:49 AM,9/9/25 8:48 AM
25,3,CREDIT,Leticia,Leticia,10.00,11.09,,9/9/25 8:50 AM,9/9/25 8:30 AM
35,,CREDIT,Melissa ,Melissa ,2.00,11.28,,9/9/25 8:54 AM,9/9/25 8:50 AM
36,,CREDIT,Melissa ,Melissa ,0.00,3.99,,9/9/25 8:56 AM,9/9/25 8:55 AM
28,,CREDIT,Melissa ,Melissa ,0.00,14.13,,9/9/25 9:02 AM,9/9/25 8:40 AM
28,,CREDIT,Melissa ,Melissa ,0.00,3.24,,9/9/25 9:02 AM,9/9/25 8:40 AM
39,,CREDIT,Melissa ,Melissa ,0.00,19.86,,9/9/25 9:08 AM,9/9/25 9:03 AM
33,32,CREDIT,Adrian,Adrian,0.00,11.67,,9/9/25 9:08 AM,9/9/25 8:47 AM
40,,CREDIT,Melissa ,Melissa ,0.00,11.86,,9/9/25 9:10 AM,9/9/25 9:08 AM
24,23,CREDIT,Adrian,Adrian,3.00,17.72,,9/9/25 9:11 AM,9/9/25 8:26 AM
41,,CREDIT,Melissa ,Melissa ,0.00,15.03,,9/9/25 9:14 AM,9/9/25 9:13 AM
42,,CASH,Leticia,Leticia,0.00,9.93,,9/9/25 9:15 AM,9/9/25 9:15 AM
30,29,CREDIT,Adrian,Adrian,5.00,26.68,,9/9/25 9:16 AM,9/9/25 8:45 AM
38,25,CREDIT,Lizbeth,Lizbeth,5.00,14.57,,9/9/25 9:17 AM,9/9/25 9:01 AM
29,14,CREDIT,Lizbeth,Lizbeth,7.94,44.11,,9/9/25 9:20 AM,9/9/25 8:42 AM
43,,CREDIT,Melissa ,Melissa ,2.00,17.57,,9/9/25 9:23 AM,9/9/25 9:23 AM
44,,CREDIT,Melissa ,Melissa ,0.00,18.79,,9/9/25 9:26 AM,9/9/25 9:25 AM
45,,CASH,Melissa ,Melissa ,0.00,9.55,DRIVE THRU 1,9/9/25 9:31 AM,9/9/25 9:25 AM
47,,CREDIT,Melissa ,Melissa ,2.00,13.01,,9/9/25 9:33 AM,9/9/25 9:32 AM
48,,CREDIT,Melissa ,Melissa ,0.00,5.83,,9/9/25 9:37 AM,9/9/25 9:37 AM
50,,CASH,Melissa ,Melissa ,0.00,5.17,DRIVE THRU 1,9/9/25 9:42 AM,9/9/25 9:41 AM
51,,CREDIT,Melissa ,Melissa ,0.00,20.20,,9/9/25 9:45 AM,9/9/25 9:42 AM
52,,CASH,Melissa ,Melissa ,0.00,12.96,DRIVE THRU 1,9/9/25 9:47 AM,9/9/25 9:43 AM
53,,CREDIT,Melissa ,Melissa ,1.00,12.27,,9/9/25 9:49 AM,9/9/25 9:46 AM
55,,CASH,Melissa ,Melissa ,0.00,3.56,DRIVE THRU 1,9/9/25 9:54 AM,9/9/25 9:54 AM
56,,CREDIT,Melissa ,Melissa ,0.00,22.52,,9/9/25 10:01 AM,9/9/25 10:00 AM
58,,CREDIT,Melissa ,Melissa ,0.00,4.09,,9/9/25 10:05 AM,9/9/25 10:01 AM
49,28,CREDIT,Lizbeth,Lizbeth,5.00,23.11,,9/9/25 10:09 AM,9/9/25 9:42 AM
59,,CREDIT,Melissa ,Melissa ,0.00,14.54,,9/9/25 10:10 AM,9/9/25 10:10 AM
61,,CREDIT,Lizbeth,Lizbeth,0.00,8.40,,9/9/25 10:13 AM,9/9/25 10:13 AM
60,,CREDIT,Melissa ,Melissa ,0.00,7.55,,9/9/25 10:15 AM,9/9/25 10:11 AM
62,,CREDIT,Melissa ,Melissa ,0.00,19.44,,9/9/25 10:16 AM,9/9/25 10:14 AM
64,,CREDIT,Adrian,Adrian,0.00,35.41,,9/9/25 10:16 AM,9/9/25 10:16 AM
63,,CREDIT,Melissa ,Melissa ,0.00,30.76,,9/9/25 10:17 AM,9/9/25 10:15 AM
65,,CREDIT,Melissa ,Melissa ,0.00,10.77,,9/9/25 10:21 AM,9/9/25 10:18 AM
46,15,CASH,Leticia,Leticia,0.00,20.53,,9/9/25 10:30 AM,9/9/25 9:28 AM
54,4,CREDIT,Leticia,Leticia,0.00,54.06,,9/9/25 10:34 AM,9/9/25 9:53 AM
57,34,CREDIT,Adrian,Adrian,0.00,21.06,,9/9/25 10:45 AM,9/9/25 9:55 AM
66,,CASH,Melissa ,Melissa ,0.00,9.07,DRIVE THRU 1,9/9/25 10:49 AM,9/9/25 10:48 AM
71,,CREDIT,Melissa ,Melissa ,2.00,4.09,,9/9/25 10:50 AM,9/9/25 10:48 AM
69,,CREDIT,Adrian,Adrian,0.00,12.98,,9/9/25 10:51 AM,9/9/25 10:38 AM
67,14,CREDIT,Leticia,Leticia,3.00,9.46,,9/9/25 10:55 AM,9/9/25 10:29 AM
73,,CASH,Melissa ,Melissa ,0.00,10.68,DRIVE THRU 1,9/9/25 10:57 AM,9/9/25 10:54 AM
75,,CREDIT,Melissa ,Melissa ,0.00,12.31,,9/9/25 10:59 AM,9/9/25 10:56 AM
70,,CASH,Leticia,Leticia,0.00,21.62,,9/9/25 11:02 AM,9/9/25 10:46 AM
76,,CREDIT,Melissa ,Melissa ,3.00,5.81,,9/9/25 11:11 AM,9/9/25 11:11 AM
72,31,CREDIT,Adrian,Adrian,4.00,16.20,,9/9/25 11:15 AM,9/9/25 10:50 AM
80,,CASH,Melissa ,Melissa ,0.00,25.91,DRIVE THRU 1,9/9/25 11:18 AM,9/9/25 11:18 AM
74,3,CREDIT,Lizbeth,Lizbeth,6.00,33.17,,9/9/25 11:22 AM,9/9/25 10:56 AM
83,,CREDIT,Melissa ,Melissa ,0.00,7.11,,9/9/25 11:28 AM,9/9/25 11:27 AM
87,,CREDIT,Melissa ,Melissa ,0.00,4.30,,9/9/25 11:33 AM,9/9/25 11:33 AM
88,,CASH,Melissa ,Melissa ,0.00,25.92,DRIVE THRU 1,9/9/25 11:38 AM,9/9/25 11:36 AM
92,,CASH,Melissa ,Melissa ,0.00,4.96,DRIVE THRU 1,9/9/25 11:41 AM,9/9/25 11:40 AM
78,1,CREDIT,Leticia,Leticia,0.00,32.80,,9/9/25 11:47 AM,9/9/25 11:13 AM
90,,CASH,Melissa ,Melissa ,0.00,21.63,DRIVE THRU 1,9/9/25 11:49 AM,9/9/25 11:38 AM
91,,CREDIT,Melissa ,Melissa ,0.00,13.25,,9/9/25 11:50 AM,9/9/25 11:38 AM
95,,CASH,Melissa ,Melissa ,0.00,11.13,DRIVE THRU 1,9/9/25 11:52 AM,9/9/25 11:50 AM
82,15,CREDIT,Lizbeth,Lizbeth,5.00,37.84,,9/9/25 11:53 AM,9/9/25 11:21 AM
96,,CREDIT,Melissa ,Melissa ,0.00,7.96,,9/9/25 11:53 AM,9/9/25 11:50 AM
86,21,CREDIT,Adrian,Adrian,6.00,34.92,,9/9/25 11:53 AM,9/9/25 11:33 AM
98,,CASH,Leticia,Leticia,0.00,21.09,,9/9/25 11:55 AM,9/9/25 11:55 AM
99,,CREDIT,Melissa ,Melissa ,3.00,15.78,,9/9/25 11:56 AM,9/9/25 11:56 AM
101,,CREDIT,Melissa ,Melissa ,0.00,22.99,,9/9/25 12:01 PM,9/9/25 11:59 AM
94,20,CREDIT,Lizbeth,Lizbeth,3.00,14.06,,9/9/25 12:03 PM,9/9/25 11:42 AM
102,,CREDIT,Melissa ,Melissa ,0.00,6.24,,9/9/25 12:03 PM,9/9/25 12:02 PM
85,12,CREDIT,Leticia,Leticia,5.00,35.36,,9/9/25 12:04 PM,9/9/25 11:29 AM
79,16,CREDIT,Adrian,Adrian,10.00,22.05,,9/9/25 12:05 PM,9/9/25 11:14 AM
104,,CREDIT,Melissa ,Melissa ,0.00,9.06,,9/9/25 12:07 PM,9/9/25 12:07 PM
68,2,CASH,Lizbeth,Lizbeth,0.00,50.56,,9/9/25 12:15 PM,9/9/25 10:37 AM
105,,CREDIT,Melissa ,Melissa ,0.00,21.18,,9/9/25 12:18 PM,9/9/25 12:18 PM
100,5,CREDIT,Leticia,Leticia,4.00,21.83,,9/9/25 12:21 PM,9/9/25 11:58 AM
89,,CASH,Melissa ,Melissa ,0.00,2.00,DRIVE THRU 1,9/9/25 12:23 PM,9/9/25 11:37 AM
89,,CREDIT,Melissa ,Melissa ,0.00,17.66,,9/9/25 12:23 PM,9/9/25 11:37 AM
103,14,CREDIT,Adrian,Adrian,0.00,24.16,,9/9/25 12:29 PM,9/9/25 12:07 PM
116,,CREDIT,Melissa ,Melissa ,0.00,1.94,,9/9/25 12:39 PM,9/9/25 12:39 PM
112,,CREDIT,Melissa ,Melissa ,0.00,3.88,,9/9/25 12:39 PM,9/9/25 12:37 PM
106,,CREDIT,Lizbeth,Lizbeth,4.00,46.28,,9/9/25 12:39 PM,9/9/25 12:13 PM
115,,CREDIT,Melissa ,Melissa ,0.00,17.28,,9/9/25 12:43 PM,9/9/25 12:38 PM
117,,CREDIT,Melissa ,Melissa ,0.00,8.09,,9/9/25 12:44 PM,9/9/25 12:41 PM
120,,CREDIT,Melissa ,Melissa ,3.00,13.28,,9/9/25 12:47 PM,9/9/25 12:46 PM
121,,CREDIT,Melissa ,Melissa ,2.00,29.38,,9/9/25 12:48 PM,9/9/25 12:47 PM
122,3,CREDIT,Leticia,Leticia,3.00,14.06,,9/9/25 12:53 PM,9/9/25 12:52 PM
108,3,CREDIT,Leticia,Leticia,3.00,9.73,,9/9/25 12:54 PM,9/9/25 12:15 PM
110,16,CREDIT,Lizbeth,Lizbeth,5.00,33.94,,9/9/25 12:55 PM,9/9/25 12:23 PM
123,,CREDIT,Melissa ,Melissa ,0.00,10.03,,9/9/25 12:59 PM,9/9/25 12:57 PM
113,12,CREDIT,Lizbeth,,5.89,31.85,,9/9/25 12:59 PM,9/9/25 12:33 PM
119,34,CASH,Leticia,Leticia,0.00,8.38,,9/9/25 1:06 PM,9/9/25 12:41 PM
125,,CREDIT,Melissa ,Melissa ,20.00,13.05,,9/9/25 1:21 PM,9/9/25 1:21 PM
124,,CREDIT,Melissa ,Melissa ,20.00,12.09,,9/9/25 1:23 PM,9/9/25 1:11 PM
126,,CREDIT,Melissa ,Melissa ,0.00,11.90,,9/9/25 1:26 PM,9/9/25 1:22 PM
127,,CREDIT,Melissa ,Melissa ,2.00,41.07,,9/9/25 1:28 PM,9/9/25 1:25 PM
118,15,CREDIT,Adrian,Adrian,3.00,24.87,,9/9/25 1:36 PM,9/9/25 12:43 PM
114,,CREDIT,Candy,Candy,0.00,31.96,,9/9/25 1:37 PM,9/9/25 12:34 PM
128,,CASH,Candy,Candy,0.00,3.24,Host Drawer,9/9/25 1:44 PM,9/9/25 1:41 PM
131,,CREDIT,Melissa ,Melissa ,0.00,6.46,,9/9/25 1:54 PM,9/9/25 1:53 PM
133,,CREDIT,Melissa ,Melissa ,13.00,5.29,,9/9/25 2:02 PM,9/9/25 2:02 PM
133,,CREDIT,Melissa ,Melissa ,-13.00,-5.29,,9/9/25 2:04 PM,9/9/25 2:02 PM
133,,CASH,Melissa ,Melissa ,0.00,11.76,DRIVE THRU 1,9/9/25 2:07 PM,9/9/25 2:02 PM
135,,CREDIT,Melissa ,Melissa ,0.00,10.25,,9/9/25 2:10 PM,9/9/25 2:10 PM
,,TIP_OUT,Melissa ,Melissa ,-77.58,0.00,House,9/9/25 2:17 PM,9/9/25 2:17 PM
,,PAY_OUT,Candy,,0.00,-80.00,House,9/9/25 2:22 PM,9/9/25 2:22 PM
,,PAY_OUT,Candy,,0.00,-23.00,House,9/9/25 2:23 PM,9/9/25 2:23 PM
132,1,CREDIT,Lizbeth,Lizbeth,5.00,38.16,,9/9/25 2:25 PM,9/9/25 1:56 PM
130,3,CREDIT,Adrian,Adrian,5.00,34.34,,9/9/25 2:27 PM,9/9/25 1:50 PM
142,,CREDIT,Candy,Candy,0.00,8.64,,9/9/25 2:27 PM,9/9/25 2:27 PM
136,,CREDIT,Mario,Mario,0.00,12.52,,9/9/25 2:32 PM,9/9/25 2:20 PM
146,,CASH,Mario,Mario,0.00,10.04,DRIVE THRU 1,9/9/25 2:35 PM,9/9/25 2:34 PM
149,,CREDIT,Mario,Mario,1.60,8.64,,9/9/25 2:39 PM,9/9/25 2:37 PM
139,,CREDIT,Mario,Candy,0.00,19.45,,9/9/25 2:41 PM,9/9/25 2:26 PM
150,,CREDIT,Mario,Mario,0.00,17.55,,9/9/25 2:45 PM,9/9/25 2:41 PM
,,CASH_COLLECTED,Lizbeth,Lizbeth,0.00,50.56*,House,9/9/25 2:47 PM,9/9/25 2:47 PM
,,TIP_OUT,Lizbeth,Lizbeth,-57.83,0.00,House,9/9/25 2:47 PM,9/9/25 2:47 PM
138,12,CREDIT,Adrian,Adrian,0.00,44.81,,9/9/25 2:48 PM,9/9/25 2:22 PM
134,15,CREDIT,Leticia,Leticia,6.00,38.26,,9/9/25 2:51 PM,9/9/25 2:04 PM
137,25,CREDIT,Lisa,Lisa,17.00,84.10,,9/9/25 2:53 PM,9/9/25 2:19 PM
,,CASH_COLLECTED,Leticia,Leticia,0.00,81.55*,House,9/9/25 2:53 PM,9/9/25 2:53 PM
,,TIP_OUT,Leticia,Leticia,-42.00,0.00,House,9/9/25 2:53 PM,9/9/25 2:53 PM
144,23,CREDIT,Adrian,Adrian,5.54,39.96,,9/9/25 2:56 PM,9/9/25 2:32 PM
153,,CREDIT,Mario,Mario,0.00,14.45,,9/9/25 3:05 PM,9/9/25 3:04 PM
148,18,CREDIT,Lisa,Lisa,6.00,35.58,,9/9/25 3:05 PM,9/9/25 2:36 PM
151,,CASH,Mario,Mario,0.00,45.00,,9/9/25 3:13 PM,9/9/25 3:06 PM
151,,CREDIT,Mario,Mario,0.00,3.41,,9/9/25 3:13 PM,9/9/25 3:06 PM
143,21,CREDIT,Lisa,,3.04,16.43,,9/9/25 3:19 PM,9/9/25 2:32 PM
156,,CREDIT,Mario,Mario,1.97,9.71,,9/9/25 3:22 PM,9/9/25 3:22 PM
157,15,CREDIT,Lisa,Lisa,0.00,15.14,,9/9/25 3:29 PM,9/9/25 3:10 PM
155,3,CREDIT,Lisa,Lisa,5.00,18.05,,9/9/25 3:30 PM,9/9/25 3:05 PM
154,26,CASH,Adrian,Adrian,0.00,23.24,,9/9/25 3:43 PM,9/9/25 3:05 PM
,,CASH_COLLECTED,Adrian,Adrian,0.00,23.24*,House,9/9/25 3:43 PM,9/9/25 3:43 PM
,,TIP_OUT,Adrian,Adrian,-41.54,0.00,House,9/9/25 3:43 PM,9/9/25 3:43 PM
160,,CREDIT,Mario,Mario,0.00,18.38,,9/9/25 3:48 PM,9/9/25 3:47 PM
161,,CASH,Mario,Mario,0.00,13.44,DRIVE THRU 1,9/9/25 3:51 PM,9/9/25 3:50 PM
168,,CREDIT,Mario,Mario,0.00,34.58,,9/9/25 4:47 PM,9/9/25 4:40 PM
171,,CREDIT,Mario,Mario,1.00,25.57,,9/9/25 4:51 PM,9/9/25 4:51 PM
164,15,CREDIT,Lisa,Lisa,0.00,28.74,,9/9/25 4:59 PM,9/9/25 4:28 PM
163,14,CREDIT,Adriana,Adriana,6.00,32.97,,9/9/25 5:05 PM,9/9/25 4:23 PM
169,27,CREDIT,Adriana,Adriana,10.00,48.91,,9/9/25 5:08 PM,9/9/25 4:42 PM
165,4,CREDIT,Lisa,Lisa,3.00,19.13,,9/9/25 5:18 PM,9/9/25 4:35 PM
170,3,CREDIT,Adriana,Adriana,10.00,20.85,,9/9/25 5:23 PM,9/9/25 4:43 PM
172,,CREDIT,Mario,Mario,0.00,15.99,,9/9/25 5:52 PM,9/9/25 5:52 PM
173,,CREDIT,Mario,Mario,0.00,48.70,,9/9/25 6:05 PM,9/9/25 6:05 PM
175,,CREDIT,Mario,Mario,0.00,37.39,,9/9/25 6:22 PM,9/9/25 6:21 PM
176,,CREDIT,Mario,Mario,2.69,13.24,,9/9/25 6:39 PM,9/9/25 6:38 PM
177,,CREDIT,Gabriel,Gabriel,0.00,23.80,,9/9/25 6:43 PM,9/9/25 6:30 PM
182,,CREDIT,Mario,Mario,0.00,15.31,,9/9/25 6:45 PM,9/9/25 6:39 PM
179,14,CASH,Lisa,Lisa,0.00,34.50,,9/9/25 7:11 PM,9/9/25 6:34 PM
183,,CASH,Mario,Mario,0.00,17.71,DRIVE THRU 1,9/9/25 7:15 PM,9/9/25 7:14 PM
185,,CREDIT,Mario,Mario,0.00,24.87,,9/9/25 7:18 PM,9/9/25 7:01 PM
178,22,CREDIT,Lisa,Gabriel,5.00,48.96,,9/9/25 7:19 PM,9/9/25 6:33 PM
188,,CREDIT,Mario,Mario,0.00,52.97,,9/9/25 7:28 PM,9/9/25 7:26 PM
184,3,CREDIT,Adriana,Adriana,2.13,24.87,,9/9/25 7:35 PM,9/9/25 6:58 PM
180,1,CREDIT,Adriana,Adriana,4.00,23.79,,9/9/25 7:36 PM,9/9/25 6:35 PM
186,18,CREDIT,Lisa,Lisa,5.00,32.11,,9/9/25 7:38 PM,9/9/25 7:12 PM
189,,CREDIT,Mario,Mario,0.00,32.18,,9/9/25 7:49 PM,9/9/25 7:49 PM
187,26,CREDIT,Adriana,Adriana,6.00,42.18,,9/9/25 7:55 PM,9/9/25 7:18 PM
191,,CREDIT,Mario,Mario,0.00,15.56,,9/9/25 7:58 PM,9/9/25 7:58 PM
195,,CASH,Gabriel,Gabriel,0.00,29.80,Host Drawer,9/9/25 8:07 PM,9/9/25 8:07 PM
,,PAY_OUT,Gabriel,,0.00,-23.00,House,9/9/25 8:09 PM,9/9/25 8:09 PM
190,32,CREDIT,Lisa,Lisa,8.00,69.30,,9/9/25 8:13 PM,9/9/25 7:34 PM
198,,CREDIT,Mario,Mario,0.00,41.12,,9/9/25 8:21 PM,9/9/25 8:21 PM
199,,CREDIT,Mario,Mario,0.00,9.29,,9/9/25 8:37 PM,9/9/25 8:35 PM
202,,CASH,Mario,Mario,0.00,42.79,DRIVE THRU 1,9/9/25 8:44 PM,9/9/25 8:42 PM
203,,CASH,Gabriel,Gabriel,0.00,0.81,,9/9/25 8:49 PM,9/9/25 8:49 PM
196,22,CREDIT,Adriana,Adriana,4.00,40.01,,9/9/25 8:57 PM,9/9/25 8:10 PM
,,CASH_COLLECTED,Mario,Mario,0.00,45.00*,House,9/9/25 8:59 PM,9/9/25 8:59 PM
,,TIP_OUT,Mario,Mario,-7.26,0.00,House,9/9/25 8:59 PM,9/9/25 8:59 PM
193,16,CREDIT,Adriana,Adriana,5.00,60.12,,9/9/25 9:02 PM,9/9/25 8:00 PM
197,12,CREDIT,Lisa,Lisa,20.00,95.34,,9/9/25 9:04 PM,9/9/25 8:27 PM
201,2,CREDIT,Adriana,Adriana,5.00,65.57,,9/9/25 9:06 PM,9/9/25 8:32 PM
,,CASH_COLLECTED,Gabriel,Gabriel,0.00,0.81*,House,9/9/25 9:13 PM,9/9/25 9:13 PM
,,CASH_COLLECTED,Lisa,Lisa,0.00,34.50*,House,9/9/25 9:33 PM,9/9/25 9:33 PM
,,TIP_OUT,Lisa,Lisa,-72.04,0.00,House,9/9/25 9:33 PM,9/9/25 9:33 PM
,,TIP_OUT,Adriana,Adriana,-52.13,0.00,House,9/9/25 9:40 PM,9/9/25 9:40 PM
,,TOTAL,,,0.00,3525.06,,,
