Location,Order #,Opened,# of Guests,Server,Table,Discount Amount,Amount,Tax,Tip,Gratuity
12060 Potranco Road,1,9/28/25 7:38 AM,1,Mario Jimenez,,0.00,7.96,0.66,0.00,0.00
12060 Potranco Road,3,9/28/25 7:54 AM,1,Mario Jimenez,,0.00,8.26,0.68,0.00,0.00
12060 Potranco Road,2,9/28/25 7:53 AM,2,Sugey Cabrera,31,0.00,18.15,1.49,5.00,0.00
12060 Potranco Road,6,9/28/25 7:57 AM,2,Sugey Cabrera,3,0.00,15.74,1.30,5.00,0.00
12060 Potranco Road,7,9/28/25 7:58 AM,2,Angelique Jacobo,6,0.00,22.76,1.88,0.00,0.00
12060 Potranco Road,9,9/28/25 8:01 AM,2,Sugey Cabrera,35,0.00,26.96,2.23,0.00,0.00
12060 Potranco Road,8,9/28/25 8:01 AM,1,Angelica  Mart�nez ,,0.00,16.92,1.40,0.00,0.00
12060 Potranco Road,11,9/28/25 8:04 AM,1,Mario Jimenez,,0.00,21.20,1.75,1.61,0.00
12060 Potranco Road,12,9/28/25 8:04 AM,1,Mario Jimenez,,0.00,7.16,0.59,1.58,0.00
12060 Potranco Road,13,9/28/25 8:05 AM,1,Mario Jimenez,,0.00,11.99,0.99,2.64,0.00
12060 Potranco Road,14,9/28/25 8:05 AM,1,Mario Jimenez,,0.00,14.37,1.19,1.00,0.00
12060 Potranco Road,16,9/28/25 8:09 AM,1,Sugey Cabrera,,0.00,12.35,1.02,0.00,0.00
12060 Potranco Road,17,9/28/25 8:12 AM,1,Angelique Jacobo,14,0.00,10.27,0.84,0.00,0.00
12060 Potranco Road,18,9/28/25 8:12 AM,1,Mia Juliet,,0.00,7.07,0.59,0.00,0.00
12060 Potranco Road,19,9/28/25 8:13 AM,1,Mario Jimenez,,0.00,36.72,3.02,0.00,0.00
12060 Potranco Road,21,9/28/25 8:18 AM,1,Mario Jimenez,,0.00,14.32,1.18,0.00,0.00
12060 Potranco Road,22,9/28/25 8:22 AM,2,Sugey Cabrera,16,0.61,5.47,0.45,0.00,0.00
12060 Potranco Road,23,9/28/25 8:23 AM,1,Mario Jimenez,,0.00,4.99,0.41,0.00,0.00
12060 Potranco Road,24,9/28/25 8:27 AM,1,Mario Jimenez,,0.00,11.06,0.91,0.00,0.00
12060 Potranco Road,25,9/28/25 8:31 AM,1,Mario Jimenez,,0.00,19.32,1.60,2.90,0.00
12060 Potranco Road,28,9/28/25 8:35 AM,2,Leticia Roman,2,0.00,38.37,3.18,10.00,0.00
12060 Potranco Road,26,9/28/25 8:32 AM,1,Mario Jimenez,,0.00,13.66,1.12,0.00,0.00
12060 Potranco Road,27,9/28/25 8:33 AM,1,Mia Juliet,,0.00,21.45,1.77,0.00,0.00
12060 Potranco Road,29,9/28/25 8:36 AM,1,Mario Jimenez,,0.00,11.41,0.94,2.51,0.00
12060 Potranco Road,31,9/28/25 8:39 AM,1,Mario Jimenez,,0.00,5.97,0.50,0.00,0.00
12060 Potranco Road,30,9/28/25 8:38 AM,2,Emanuel Sanchez,28,0.00,27.93,2.31,6.00,0.00
12060 Potranco Road,33,9/28/25 8:42 AM,2,Sugey Cabrera,12,0.00,41.44,3.41,5.00,0.00
12060 Potranco Road,34,9/28/25 8:45 AM,2,Leticia Roman,1,0.00,19.98,1.65,3.00,0.00
12060 Potranco Road,35,9/28/25 8:48 AM,1,Mario Jimenez,,0.00,15.16,1.25,0.00,0.00
12060 Potranco Road,38,9/28/25 8:51 AM,2,Angelique Jacobo,14,0.00,16.54,1.36,3.00,0.00
12060 Potranco Road,37,9/28/25 8:50 AM,2,Sugey Cabrera,20,0.00,31.64,2.61,5.50,0.00
12060 Potranco Road,41,9/28/25 8:52 AM,3,Angelique Jacobo,32,1.90,86.57,7.15,8.00,0.00
12060 Potranco Road,39,9/28/25 8:51 AM,2,Emanuel Sanchez,15,0.00,50.95,4.19,10.00,0.00
12060 Potranco Road,40,9/28/25 8:52 AM,1,Mia Juliet,,19.97,0.00,0.00,0.00,0.00
12060 Potranco Road,43,9/28/25 8:57 AM,1,Mia Juliet,,0.00,14.92,1.23,2.00,0.00
12060 Potranco Road,36,9/28/25 8:48 AM,1,Mario Jimenez,,0.00,17.85,1.47,3.93,0.00
12060 Potranco Road,45,9/28/25 9:00 AM,1,Candy Del Angel,,37.73,0.00,0.00,0.00,0.00
12060 Potranco Road,46,9/28/25 9:02 AM,1,Mario Jimenez,,0.00,16.74,1.38,0.00,0.00
12060 Potranco Road,44,9/28/25 9:00 AM,1,Mario Jimenez,,0.00,10.47,0.86,0.00,0.00
12060 Potranco Road,47,9/28/25 9:04 AM,1,Mario Jimenez,,0.00,18.37,1.52,0.00,0.00
12060 Potranco Road,48,9/28/25 9:04 AM,1,Mario Jimenez,,0.00,15.06,1.24,0.00,0.00
12060 Potranco Road,50,9/28/25 9:06 AM,1,Mia Juliet,,0.00,0.00,0.00,0.00,0.00
12060 Potranco Road,49,9/28/25 9:05 AM,1,Mario Jimenez,,0.00,21.49,1.78,0.00,0.00
12060 Potranco Road,51,9/28/25 9:11 AM,1,Mario Jimenez,,1.83,16.51,1.37,0.00,0.00
12060 Potranco Road,52,9/28/25 9:12 AM,1,Mario Jimenez,,0.00,3.98,0.33,0.00,0.00
12060 Potranco Road,53,9/28/25 9:12 AM,1,Mia Juliet,,0.00,37.48,3.09,0.00,0.00
12060 Potranco Road,54,9/28/25 9:14 AM,1,Mario Jimenez,,0.00,13.14,1.09,0.00,0.00
12060 Potranco Road,55,9/28/25 9:14 AM,1,Mario Jimenez,,0.00,5.58,0.46,0.00,0.00
12060 Potranco Road,56,9/28/25 9:19 AM,1,Mario Jimenez,,0.00,14.16,1.17,2.12,0.00
12060 Potranco Road,58,9/28/25 9:19 AM,1,Mia Juliet,,0.00,0.00,0.00,0.00,0.00
12060 Potranco Road,59,9/28/25 9:20 AM,2,Leticia Roman,34,0.00,5.37,0.45,2.00,0.00
12060 Potranco Road,61,9/28/25 9:21 AM,1,Mario Jimenez,,0.00,19.35,1.59,0.00,0.00
12060 Potranco Road,60,9/28/25 9:20 AM,1,Mario Jimenez,,0.00,17.77,1.47,0.00,0.00
12060 Potranco Road,63,9/28/25 9:21 AM,1,Mario Jimenez,,1.07,9.60,0.79,0.00,0.00
12060 Potranco Road,64,9/28/25 9:22 AM,1,Mario Jimenez,,0.00,9.96,0.82,0.00,0.00
12060 Potranco Road,67,9/28/25 9:29 AM,1,Mario Jimenez,,0.00,20.86,1.72,0.00,0.00
12060 Potranco Road,69,9/28/25 9:30 AM,3,Sugey Cabrera,11,0.00,24.55,2.02,0.00,0.00
12060 Potranco Road,71,9/28/25 9:37 AM,2,Lisa Velasquez,7,0.00,36.96,3.05,7.00,0.00
12060 Potranco Road,68,9/28/25 9:29 AM,4,Emanuel Sanchez,3,0.00,57.95,4.79,10.00,0.00
12060 Potranco Road,70,9/28/25 9:31 AM,1,Mario Jimenez,,0.00,10.25,0.85,0.00,0.00
12060 Potranco Road,73,9/28/25 9:40 AM,1,Mario Jimenez,,0.00,9.83,0.81,2.16,0.00
12060 Potranco Road,75,9/28/25 9:40 AM,3,Angelique Jacobo,23,0.00,51.13,4.21,5.00,0.00
12060 Potranco Road,76,9/28/25 9:41 AM,1,Mario Jimenez,,0.00,27.53,2.27,0.00,0.00
12060 Potranco Road,78,9/28/25 9:43 AM,1,Emanuel Sanchez,29,1.10,13.88,1.15,3.00,0.00
12060 Potranco Road,77,9/28/25 9:42 AM,1,Mario Jimenez,,0.00,17.55,1.44,2.63,0.00
12060 Potranco Road,79,9/28/25 9:44 AM,1,Mario Jimenez,,0.00,8.26,0.68,0.00,0.00
12060 Potranco Road,80,9/28/25 9:45 AM,1,Mia Juliet,,0.00,8.99,0.74,0.00,0.00
12060 Potranco Road,83,9/28/25 9:45 AM,1,Mario Jimenez,,0.00,50.96,4.20,7.64,0.00
12060 Potranco Road,85,9/28/25 9:47 AM,4,Leticia Roman,26,0.00,40.10,3.32,10.00,0.00
12060 Potranco Road,87,9/28/25 9:49 AM,1,Mario Jimenez,,0.00,12.55,1.04,0.00,0.00
12060 Potranco Road,86,9/28/25 9:47 AM,6,Sugey Cabrera,37,0.00,86.21,7.12,25.00,17.24
12060 Potranco Road,88,9/28/25 9:51 AM,1,Mario Jimenez,,0.00,18.93,1.56,0.00,0.00
12060 Potranco Road,90,9/28/25 9:55 AM,1,Mia Juliet,,0.00,0.00,0.00,0.00,0.00
12060 Potranco Road,91,9/28/25 9:56 AM,1,Mia Juliet,,0.00,19.02,1.57,5.00,0.00
12060 Potranco Road,89,9/28/25 9:54 AM,1,Mario Jimenez,,0.00,51.26,4.23,5.00,0.00
12060 Potranco Road,95,9/28/25 9:58 AM,1,Mario Jimenez,,0.00,29.66,2.45,0.00,0.00
12060 Potranco Road,94,9/28/25 9:58 AM,2,Angelique Jacobo,8,0.00,25.98,2.14,5.20,0.00
12060 Potranco Road,96,9/28/25 9:59 AM,3,Sugey Cabrera,1,0.00,46.93,3.88,0.00,0.00
12060 Potranco Road,98,9/28/25 10:02 AM,2,Leticia Roman,34,0.00,20.97,1.73,4.00,0.00
12060 Potranco Road,97,9/28/25 10:00 AM,1,Mario Jimenez,,0.00,16.91,1.39,0.00,0.00
12060 Potranco Road,100,9/28/25 10:04 AM,1,Mario Jimenez,,0.00,21.43,1.77,0.00,0.00
12060 Potranco Road,92,9/28/25 9:57 AM,1,Mia Juliet,,0.00,56.87,4.69,0.00,0.00
12060 Potranco Road,101,9/28/25 10:05 AM,1,Mario Jimenez,,0.00,11.12,0.91,0.00,0.00
12060 Potranco Road,103,9/28/25 10:07 AM,1,Mia Juliet,,0.00,0.00,0.00,0.00,0.00
12060 Potranco Road,102,9/28/25 10:06 AM,1,Mario Jimenez,,0.00,12.30,1.01,1.84,0.00
12060 Potranco Road,107,9/28/25 10:08 AM,2,Emanuel Sanchez,14,0.00,16.10,1.32,2.98,0.00
12060 Potranco Road,106,9/28/25 10:08 AM,1,Mario Jimenez,,0.00,5.28,0.44,0.79,0.00
12060 Potranco Road,108,9/28/25 10:11 AM,1,Mario Jimenez,,0.00,1.99,0.16,0.00,0.00
12060 Potranco Road,109,9/28/25 10:13 AM,1,Mario Jimenez,,0.00,18.75,1.55,0.00,0.00
12060 Potranco Road,110,9/28/25 10:13 AM,1,Mario Jimenez,,0.00,20.55,1.69,0.00,0.00
12060 Potranco Road,111,9/28/25 10:15 AM,1,Mario Jimenez,,0.00,4.28,0.35,0.00,0.00
12060 Potranco Road,104,9/28/25 10:07 AM,20,Lisa Velasquez,17,0.00,228.03,18.84,12.99,45.62
12060 Potranco Road,114,9/28/25 10:16 AM,1,Mario Jimenez,,0.00,17.84,1.47,0.00,0.00
12060 Potranco Road,115,9/28/25 10:17 AM,2,Leticia Roman,15,0.00,38.11,3.14,10.00,0.00
12060 Potranco Road,116,9/28/25 10:17 AM,1,Mario Jimenez,,0.00,22.03,1.81,0.00,0.00
12060 Potranco Road,117,9/28/25 10:17 AM,2,Angelique Jacobo,31,0.00,31.75,2.61,15.00,0.00
12060 Potranco Road,118,9/28/25 10:19 AM,3,Sugey Cabrera,2,0.00,34.93,2.89,7.00,0.00
12060 Potranco Road,119,9/28/25 10:19 AM,1,Mario Jimenez,,0.00,22.36,1.85,4.92,0.00
12060 Potranco Road,121,9/28/25 10:19 AM,2,Emanuel Sanchez,16,0.00,29.69,2.45,5.94,0.00
12060 Potranco Road,122,9/28/25 10:20 AM,1,Mario Jimenez,,0.00,11.17,0.91,0.00,0.00
12060 Potranco Road,120,9/28/25 10:19 AM,1,Mia Juliet,,0.00,0.00,0.00,0.00,0.00
12060 Potranco Road,124,9/28/25 10:22 AM,1,Mia Juliet,,0.00,17.63,1.46,0.00,0.00
12060 Potranco Road,125,9/28/25 10:23 AM,3,Sugey Cabrera,4,0.00,26.93,2.22,5.00,0.00
12060 Potranco Road,123,9/28/25 10:21 AM,1,Mario Jimenez,,0.00,13.94,1.15,0.00,0.00
12060 Potranco Road,126,9/28/25 10:23 AM,2,Emanuel Sanchez,29,0.00,16.27,1.35,3.25,0.00
12060 Potranco Road,128,9/28/25 10:24 AM,1,Mario Jimenez,,0.00,21.92,1.81,0.00,0.00
12060 Potranco Road,129,9/28/25 10:25 AM,1,Mario Jimenez,,5.05,10.92,0.90,3.51,0.00
12060 Potranco Road,131,9/28/25 10:26 AM,1,Lisa Velasquez,11,0.00,9.27,0.77,3.00,0.00
12060 Potranco Road,133,9/28/25 10:26 AM,2,Angelique Jacobo,12,0.00,27.35,2.25,7.00,0.00
12060 Potranco Road,132,9/28/25 10:26 AM,1,Mia Juliet,,0.00,16.34,1.33,0.00,0.00
12060 Potranco Road,127,9/28/25 10:24 AM,5,Leticia Roman,28,2.80,111.20,9.16,4.00,22.80
12060 Potranco Road,134,9/28/25 10:27 AM,1,Mario Jimenez,,0.00,42.89,3.54,0.00,0.00
12060 Potranco Road,137,9/28/25 10:29 AM,1,Mario Jimenez,,5.15,1.22,0.10,0.00,0.00
12060 Potranco Road,138,9/28/25 10:30 AM,1,Mia Juliet,,0.00,24.48,2.02,0.00,0.00
12060 Potranco Road,139,9/28/25 10:35 AM,2,Angelique Jacobo,14,0.00,13.77,1.13,5.00,0.00
12060 Potranco Road,140,9/28/25 10:35 AM,1,Mario Jimenez,,2.81,25.25,2.08,0.00,0.00
12060 Potranco Road,142,9/28/25 10:40 AM,1,Mia Juliet,,0.00,13.56,1.11,0.00,0.00
12060 Potranco Road,144,9/28/25 10:41 AM,4,Angelique Jacobo,8,0.00,28.15,2.33,10.00,0.00
12060 Potranco Road,146,9/28/25 10:41 AM,1,Mario Jimenez,,0.00,13.57,1.12,0.00,0.00
12060 Potranco Road,145,9/28/25 10:41 AM,1,Mia Juliet,,0.00,4.69,0.39,0.00,0.00
12060 Potranco Road,148,9/28/25 10:43 AM,1,Mario Jimenez,,0.00,2.59,0.21,0.00,0.00
12060 Potranco Road,147,9/28/25 10:43 AM,1,Mia Juliet,,0.00,20.93,1.72,2.00,0.00
12060 Potranco Road,141,9/28/25 10:40 AM,1,Sugey Cabrera,3,0.00,6.04,0.50,0.00,0.00
12060 Potranco Road,152,9/28/25 10:44 AM,2,Emanuel Sanchez,7,0.00,39.94,3.29,7.99,0.00
12060 Potranco Road,149,9/28/25 10:44 AM,1,Mario Jimenez,,0.00,30.06,2.47,0.00,0.00
12060 Potranco Road,153,9/28/25 10:46 AM,2,Sugey Cabrera,25,0.00,30.26,2.50,4.00,0.00
12060 Potranco Road,156,9/28/25 10:47 AM,2,Lisa Velasquez,6,0.00,36.21,2.97,0.00,0.00
12060 Potranco Road,155,9/28/25 10:46 AM,1,Mario Jimenez,,0.00,29.38,2.42,2.00,0.00
12060 Potranco Road,151,9/28/25 10:44 AM,1,Mia Juliet,,0.00,0.00,0.00,0.00,0.00
12060 Potranco Road,157,9/28/25 10:47 AM,1,Mario Jimenez,,0.00,27.22,2.24,5.44,0.00
12060 Potranco Road,158,9/28/25 10:47 AM,2,Adrian Morales,23,0.00,27.75,2.28,10.00,0.00
12060 Potranco Road,159,9/28/25 10:48 AM,1,Mario Jimenez,,0.00,13.06,1.07,0.00,0.00
12060 Potranco Road,166,9/28/25 10:49 AM,4,Emanuel Sanchez,22,0.00,53.79,4.45,12.00,0.00
12060 Potranco Road,173,9/28/25 10:53 AM,1,Mario Jimenez,,0.00,35.77,2.95,5.37,0.00
12060 Potranco Road,175,9/28/25 10:56 AM,1,Mia Juliet,,0.00,6.27,0.52,0.00,0.00
12060 Potranco Road,179,9/28/25 11:01 AM,1,Mia Juliet,,0.00,3.99,0.33,0.00,0.00
12060 Potranco Road,177,9/28/25 11:00 AM,4,Sugey Cabrera,1,0.00,75.37,6.23,10.00,0.00
12060 Potranco Road,174,9/28/25 10:54 AM,1,Mario Jimenez,,0.00,19.87,1.64,0.00,0.00
12060 Potranco Road,178,9/28/25 11:01 AM,1,Mario Jimenez,,0.00,32.21,2.65,4.83,0.00
12060 Potranco Road,181,9/28/25 11:02 AM,1,Mario Jimenez,,0.00,16.76,1.38,0.00,0.00
12060 Potranco Road,182,9/28/25 11:02 AM,1,Mia Juliet,,0.00,23.98,1.98,0.00,0.00
12060 Potranco Road,183,9/28/25 11:03 AM,1,Mario Jimenez,,0.00,34.94,2.88,7.69,0.00
12060 Potranco Road,176,9/28/25 10:58 AM,2,Adrian Morales,30,0.00,10.86,0.90,0.00,0.00
12060 Potranco Road,184,9/28/25 11:05 AM,1,Mario Jimenez,,0.00,8.66,0.72,0.00,0.00
12060 Potranco Road,185,9/28/25 11:06 AM,1,Mario Jimenez,,0.00,26.97,2.22,5.93,0.00
12060 Potranco Road,186,9/28/25 11:07 AM,1,Mario Jimenez,,0.00,3.98,0.33,0.00,0.00
12060 Potranco Road,188,9/28/25 11:08 AM,1,Mario Jimenez,,0.00,5.87,0.49,0.00,0.00
12060 Potranco Road,191,9/28/25 11:09 AM,2,Angelique Jacobo,11,0.00,23.97,1.98,20.00,0.00
12060 Potranco Road,189,9/28/25 11:09 AM,1,Mario Jimenez,,0.00,30.71,2.54,0.00,0.00
12060 Potranco Road,193,9/28/25 11:11 AM,1,Mario Jimenez,,0.00,5.27,0.44,1.16,0.00
12060 Potranco Road,195,9/28/25 11:12 AM,2,Leticia Roman,34,0.30,17.96,1.48,4.00,0.00
12060 Potranco Road,196,9/28/25 11:12 AM,1,Mario Jimenez,,0.00,17.74,1.46,0.00,0.00
12060 Potranco Road,197,9/28/25 11:14 AM,2,Emanuel Sanchez,16,0.00,25.55,2.11,5.11,0.00
12060 Potranco Road,194,9/28/25 11:12 AM,7,Sugey Cabrera,35,0.00,60.53,5.00,0.00,0.00
12060 Potranco Road,199,9/28/25 11:18 AM,1,Adrian Morales,,0.00,0.00,0.00,0.00,0.00
12060 Potranco Road,200,9/28/25 11:22 AM,2,Angelique Jacobo,15,0.00,25.56,2.11,5.00,0.00
12060 Potranco Road,202,9/28/25 11:24 AM,1,Mario Jimenez,,0.00,35.38,2.92,0.00,0.00
12060 Potranco Road,203,9/28/25 11:24 AM,1,Mario Jimenez,,0.00,23.52,1.95,0.00,0.00
12060 Potranco Road,207,9/28/25 11:25 AM,1,Leticia Roman,14,0.00,6.48,0.53,1.00,0.00
12060 Potranco Road,205,9/28/25 11:25 AM,2,Adrian Morales,2,0.00,23.26,1.92,7.00,0.00
12060 Potranco Road,204,9/28/25 11:25 AM,1,Mario Jimenez,,0.00,24.61,2.04,0.00,0.00
12060 Potranco Road,209,9/28/25 11:26 AM,1,Mario Jimenez,,0.00,16.81,1.39,0.00,0.00
12060 Potranco Road,208,9/28/25 11:25 AM,4,Lisa Velasquez,31,0.00,56.90,4.70,0.00,0.00
12060 Potranco Road,210,9/28/25 11:27 AM,1,Mario Jimenez,,0.00,23.34,1.92,0.00,0.00
12060 Potranco Road,213,9/28/25 11:29 AM,1,Emanuel Sanchez,12,0.00,14.48,1.20,3.00,0.00
12060 Potranco Road,212,9/28/25 11:29 AM,5,Sugey Cabrera,20,0.00,43.10,3.56,20.00,0.00
12060 Potranco Road,211,9/28/25 11:27 AM,1,Mario Jimenez,,0.00,41.67,3.43,9.17,0.00
12060 Potranco Road,214,9/28/25 11:33 AM,4,Lisa Velasquez,18,0.00,49.93,4.12,4.16,0.00
12060 Potranco Road,215,9/28/25 11:33 AM,1,Mario Jimenez,,0.00,20.05,1.65,0.00,0.00
12060 Potranco Road,216,9/28/25 11:38 AM,2,Sugey Cabrera,22,0.00,35.14,2.89,5.00,0.00
12060 Potranco Road,218,9/28/25 11:39 AM,1,Mia Juliet,,0.00,0.00,0.00,0.00,0.00
12060 Potranco Road,219,9/28/25 11:40 AM,3,Leticia Roman,14,0.00,36.06,2.97,5.00,0.00
12060 Potranco Road,221,9/28/25 11:42 AM,1,Mia Juliet,,0.00,40.79,3.37,10.00,0.00
12060 Potranco Road,220,9/28/25 11:41 AM,4,Emanuel Sanchez,30,0.00,46.79,3.87,4.64,0.00
12060 Potranco Road,217,9/28/25 11:38 AM,1,Mario Jimenez,,0.00,28.49,2.37,0.00,0.00
12060 Potranco Road,222,9/28/25 11:44 AM,1,Mario Jimenez,,0.00,24.87,2.05,2.00,0.00
12060 Potranco Road,223,9/28/25 11:45 AM,1,Mario Jimenez,,0.00,2.49,0.21,0.00,0.00
12060 Potranco Road,224,9/28/25 11:45 AM,1,Mia Juliet,,0.00,19.90,1.64,0.00,0.00
12060 Potranco Road,226,9/28/25 11:48 AM,3,Lisa Velasquez,4,3.30,29.67,2.45,9.00,0.00
12060 Potranco Road,225,9/28/25 11:45 AM,1,Mario Jimenez,,0.00,21.36,1.76,0.00,0.00
12060 Potranco Road,228,9/28/25 11:49 AM,1,Mario Jimenez,,0.00,9.37,0.78,0.00,0.00
12060 Potranco Road,230,9/28/25 11:50 AM,2,Adrian Morales,25,0.00,30.85,2.53,5.12,0.00
12060 Potranco Road,227,9/28/25 11:49 AM,1,Mia Juliet,,0.00,16.45,1.36,0.00,0.00
12060 Potranco Road,229,9/28/25 11:50 AM,1,Mario Jimenez,,0.00,9.53,0.79,1.43,0.00
12060 Potranco Road,231,9/28/25 11:55 AM,2,Sugey Cabrera,26,0.00,41.44,3.41,4.53,0.00
12060 Potranco Road,232,9/28/25 11:57 AM,1,Mario Jimenez,,0.00,23.93,1.97,0.00,0.00
12060 Potranco Road,233,9/28/25 11:57 AM,1,Mario Jimenez,,0.00,40.31,3.32,0.00,0.00
12060 Potranco Road,236,9/28/25 12:02 PM,1,Mario Jimenez,,0.00,32.63,2.69,4.89,0.00
12060 Potranco Road,235,9/28/25 12:00 PM,3,Lisa Velasquez,29,0.00,46.19,3.81,0.00,0.00
12060 Potranco Road,238,9/28/25 12:03 PM,3,Angelique Jacobo,8,0.00,31.62,2.60,0.00,0.00
12060 Potranco Road,239,9/28/25 12:04 PM,1,Mia Juliet,,0.00,18.10,1.49,0.00,0.00
12060 Potranco Road,240,9/28/25 12:05 PM,1,Mario Jimenez,,0.00,41.26,3.40,6.19,0.00
12060 Potranco Road,242,9/28/25 12:05 PM,1,Mario Jimenez,,0.00,13.98,1.15,0.00,0.00
12060 Potranco Road,234,9/28/25 11:59 AM,3,Leticia Roman,29,0.00,0.00,0.00,0.00,0.00
12060 Potranco Road,245,9/28/25 12:06 PM,2,Leticia Roman,6,0.00,34.03,2.79,0.00,0.00
12060 Potranco Road,244,9/28/25 12:06 PM,1,Mario Jimenez,,0.00,23.35,1.92,5.14,0.00
12060 Potranco Road,246,9/28/25 12:06 PM,2,Adrian Morales,1,0.00,46.92,3.86,11.22,0.00
12060 Potranco Road,248,9/28/25 12:10 PM,3,Angelique Jacobo,21,0.00,33.96,2.81,0.00,0.00
12060 Potranco Road,249,9/28/25 12:11 PM,1,Mario Jimenez,,0.00,6.47,0.54,0.00,0.00
12060 Potranco Road,252,9/28/25 12:12 PM,1,Mario Jimenez,,0.00,6.48,0.54,0.00,0.00
12060 Potranco Road,241,9/28/25 12:05 PM,1,Mia Juliet,,0.00,10.99,0.91,0.00,0.00
12060 Potranco Road,253,9/28/25 12:12 PM,1,Mario Jimenez,,0.00,50.79,4.19,3.00,0.00
12060 Potranco Road,251,9/28/25 12:12 PM,2,Sugey Cabrera,2,0.00,30.94,2.56,10.00,0.00
12060 Potranco Road,243,9/28/25 12:06 PM,9,Emanuel Sanchez,11,0.00,117.45,9.70,19.00,0.00
12060 Potranco Road,255,9/28/25 12:15 PM,1,Mario Jimenez,,0.00,18.34,1.50,2.75,0.00
12060 Potranco Road,259,9/28/25 12:17 PM,2,Leticia Roman,34,0.00,48.64,4.01,10.00,0.00
12060 Potranco Road,254,9/28/25 12:12 PM,1,Mia Juliet,,0.00,24.03,1.98,0.00,0.00
12060 Potranco Road,258,9/28/25 12:16 PM,1,Mario Jimenez,,0.96,8.61,0.71,0.00,0.00
12060 Potranco Road,263,9/28/25 12:18 PM,1,Mario Jimenez,,0.00,9.98,0.82,0.00,0.00
12060 Potranco Road,265,9/28/25 12:20 PM,1,Mario Jimenez,,0.00,45.58,3.76,0.00,0.00
12060 Potranco Road,267,9/28/25 12:23 PM,1,Mario Jimenez,,0.00,6.27,0.52,0.00,0.00
12060 Potranco Road,264,9/28/25 12:20 PM,3,Emanuel Sanchez,20,0.00,52.23,4.31,0.00,0.00
12060 Potranco Road,268,9/28/25 12:25 PM,1,Mario Jimenez,,0.00,17.94,1.48,0.00,0.00
12060 Potranco Road,270,9/28/25 12:25 PM,2,Sugey Cabrera,16,0.00,30.21,2.50,5.00,0.00
12060 Potranco Road,272,9/28/25 12:26 PM,3,Lisa Velasquez,25,0.00,47.54,3.91,4.00,0.00
12060 Potranco Road,273,9/28/25 12:28 PM,2,Angelique Jacobo,15,0.00,29.97,2.47,0.00,0.00
12060 Potranco Road,271,9/28/25 12:25 PM,1,Mario Jimenez,,0.00,17.07,1.41,2.56,0.00
12060 Potranco Road,275,9/28/25 12:30 PM,1,Mario Jimenez,,0.00,12.53,1.03,0.00,0.00
12060 Potranco Road,277,9/28/25 12:31 PM,1,Mario Jimenez,,0.00,7.97,0.66,0.00,0.00
12060 Potranco Road,279,9/28/25 12:33 PM,5,Leticia Roman,28,0.00,53.68,4.44,11.00,0.00
12060 Potranco Road,278,9/28/25 12:32 PM,1,Mario Jimenez,,0.00,24.22,2.00,3.00,0.00
12060 Potranco Road,276,9/28/25 12:30 PM,1,Sugey Cabrera,,0.00,0.00,0.00,0.00,0.00
12060 Potranco Road,269,9/28/25 12:25 PM,2,Adrian Morales,37,0.00,105.09,8.68,20.00,0.00
12060 Potranco Road,282,9/28/25 12:35 PM,1,Mario Jimenez,,0.00,15.78,1.30,0.00,0.00
12060 Potranco Road,284,9/28/25 12:36 PM,1,Mario Jimenez,,0.00,4.25,0.35,0.00,0.00
12060 Potranco Road,285,9/28/25 12:36 PM,1,Mario Jimenez,,0.00,20.19,1.66,3.03,0.00
12060 Potranco Road,287,9/28/25 12:40 PM,1,Lisa Velasquez,22,0.00,11.77,0.98,0.00,0.00
12060 Potranco Road,286,9/28/25 12:40 PM,1,Mario Jimenez,,0.00,12.55,1.03,1.88,0.00
12060 Potranco Road,290,9/28/25 12:42 PM,2,Adrian Morales,12,0.00,49.46,4.09,5.00,0.00
12060 Potranco Road,291,9/28/25 12:44 PM,1,siri quiroz,,0.00,43.85,3.61,0.00,0.00
12060 Potranco Road,289,9/28/25 12:41 PM,1,Mario Jimenez,,6.25,10.41,0.86,0.00,0.00
12060 Potranco Road,292,9/28/25 12:46 PM,1,Mario Jimenez,,0.00,31.88,2.63,2.00,0.00
12060 Potranco Road,295,9/28/25 12:48 PM,1,Mario Jimenez,,0.00,13.98,1.15,0.00,0.00
12060 Potranco Road,300,9/28/25 12:53 PM,2,Sugey Cabrera,16,0.00,39.47,3.26,10.00,0.00
12060 Potranco Road,298,9/28/25 12:52 PM,4,Emanuel Sanchez,4,0.00,30.96,2.55,0.00,0.00
12060 Potranco Road,299,9/28/25 12:52 PM,1,Mario Jimenez,,0.00,6.58,0.55,1.32,0.00
12060 Potranco Road,301,9/28/25 12:54 PM,1,Mario Jimenez,,0.00,15.49,1.28,0.00,0.00
12060 Potranco Road,303,9/28/25 1:00 PM,2,Leticia Roman,2,0.00,39.97,3.30,6.73,0.00
12060 Potranco Road,304,9/28/25 1:04 PM,2,Angelique Jacobo,31,0.00,11.97,0.98,5.00,0.00
12060 Potranco Road,305,9/28/25 1:06 PM,1,Mario Jimenez,,0.00,4.98,0.41,0.00,0.00
12060 Potranco Road,306,9/28/25 1:06 PM,1,Mario Jimenez,,0.00,14.28,1.17,0.00,0.00
12060 Potranco Road,307,9/28/25 1:12 PM,1,Mario Jimenez,,0.00,22.63,1.86,0.00,0.00
12060 Potranco Road,310,9/28/25 1:21 PM,2,Emanuel Sanchez,17,0.00,23.96,1.98,3.59,0.00
12060 Potranco Road,308,9/28/25 1:13 PM,1,Mario Jimenez,,0.00,6.38,0.52,0.00,0.00
12060 Potranco Road,312,9/28/25 1:23 PM,1,Mario Jimenez,,0.00,7.28,0.60,0.00,0.00
12060 Potranco Road,313,9/28/25 1:23 PM,1,Mario Jimenez,,0.00,31.81,2.62,0.00,0.00
12060 Potranco Road,316,9/28/25 1:25 PM,3,Angelique Jacobo,1,0.00,40.46,3.33,0.00,0.00
12060 Potranco Road,320,9/28/25 1:26 PM,4,Lisa Velasquez,14,0.00,51.16,4.21,0.00,0.00
12060 Potranco Road,321,9/28/25 1:27 PM,1,Mia Juliet,,0.00,7.96,0.66,0.00,0.00
12060 Potranco Road,319,9/28/25 1:26 PM,2,Leticia Roman,21,0.00,16.96,1.40,3.50,0.00
12060 Potranco Road,322,9/28/25 1:28 PM,1,Mia Juliet,,0.00,2.29,0.19,0.00,0.00
12060 Potranco Road,325,9/28/25 1:30 PM,2,Lisa Velasquez,15,0.00,25.61,2.12,5.12,0.00
12060 Potranco Road,326,9/28/25 1:30 PM,1,Mario Jimenez,,0.00,18.62,1.53,4.10,0.00
12060 Potranco Road,311,9/28/25 1:22 PM,10,Adrian Morales,5,0.00,114.66,9.48,40.00,22.93
12060 Potranco Road,324,9/28/25 1:29 PM,2,Emanuel Sanchez,5,0.00,29.04,2.41,0.00,0.00
12060 Potranco Road,331,9/28/25 1:37 PM,8,Angelique Jacobo,35,1.90,111.27,9.17,13.00,22.63
12060 Potranco Road,315,9/28/25 1:24 PM,1,Mario Jimenez,,0.00,23.00,1.90,3.45,0.00
12060 Potranco Road,328,9/28/25 1:36 PM,2,Adrian Morales,12,0.00,49.13,4.05,10.00,0.00
12060 Potranco Road,332,9/28/25 1:37 PM,1,Mario Jimenez,,0.00,23.21,1.92,0.00,0.00
12060 Potranco Road,334,9/28/25 1:40 PM,2,Adrian Morales,23,0.00,26.51,2.18,0.00,0.00
12060 Potranco Road,330,9/28/25 1:36 PM,8,Sugey Cabrera,25,0.00,140.90,11.60,2.33,28.17
12060 Potranco Road,335,9/28/25 1:42 PM,2,Leticia Roman,26,0.00,31.24,2.57,5.00,0.00
12060 Potranco Road,333,9/28/25 1:39 PM,1,Mario Jimenez,,0.00,7.18,0.59,1.58,0.00
12060 Potranco Road,337,9/28/25 1:44 PM,1,Mario Jimenez,,0.00,22.97,1.90,0.00,0.00
12060 Potranco Road,336,9/28/25 1:43 PM,1,Mario Jimenez,,0.00,31.62,2.61,0.00,0.00
12060 Potranco Road,338,9/28/25 1:48 PM,1,Mario Jimenez,,0.00,20.73,1.71,0.00,0.00
12060 Potranco Road,340,9/28/25 1:51 PM,1,Mario Jimenez,,0.00,5.97,0.49,0.00,0.00
12060 Potranco Road,339,9/28/25 1:49 PM,3,Sugey Cabrera,20,0.00,53.70,4.43,0.00,0.00
12060 Potranco Road,341,9/28/25 1:52 PM,2,Leticia Roman,8,0.00,73.71,6.08,10.00,0.00
12060 Potranco Road,344,9/28/25 1:58 PM,1,Mario Jimenez,,0.00,2.99,0.25,0.00,0.00
12060 Potranco Road,343,9/28/25 1:54 PM,5,Emanuel Sanchez,30,0.00,58.06,4.78,0.00,0.00
12060 Potranco Road,346,9/28/25 2:05 PM,1,Mario Jimenez,,0.00,18.99,1.57,4.18,0.00
12060 Potranco Road,348,9/28/25 2:10 PM,1,Carlos Morales,,0.00,17.59,1.45,1.00,0.00
12060 Potranco Road,349,9/28/25 2:13 PM,1,Carlos Morales,,1.10,9.89,0.82,1.00,0.00
12060 Potranco Road,353,9/28/25 2:16 PM,5,Lisa Velasquez,27,0.00,0.00,0.00,0.00,0.00
12060 Potranco Road,356,9/28/25 2:18 PM,5,Lisa Velasquez,27,0.00,92.88,7.64,15.00,0.00
12060 Potranco Road,364,9/28/25 2:39 PM,2,Leticia Roman,2,0.00,0.00,0.00,0.00,0.00
12060 Potranco Road,365,9/28/25 2:42 PM,2,Adrian Morales,2,1.40,34.56,2.85,7.00,0.00
12060 Potranco Road,366,9/28/25 2:57 PM,2,Sugey Cabrera,21,0.00,44.32,3.66,6.00,0.00
