Employee,Job Title,Regular Hours,Overtime Hours,Hourly Rate,Regular Pay,Overtime Pay,Total Pay,Net Sales,Declared Tips,Non-Cash Tips,Total Tips,Tips Withheld,Total Gratuity,Employee ID,Job Code,Location,Location Code
"Aragon, Cecilia",Tortillera,0.0,9.29,13.00,0.00,181.16,181.16,0.00,,0.00,0.00,0.00,0.00,,,12060 Potranco Road,
"Barton, Arion",Cook,7.88,0.0,13.00,102.44,0.00,102.44,0.00,,0.00,0.00,0.00,0.00,,,12060 Potranco Road,
"Cabrera, Sugey",Server,1.44,6.86,3.00,4.32,30.87,35.19,1002.72,0.00,134.36,134.36,0.00,45.41,,,12060 Potranco Road,
"Del Angel, Candy",Shift Manager / Assistant Manager,0.0,8.02,,,,,0.00,,0.00,0.00,0.00,0.00,,,12060 Potranco Road,
"GUTIERREZ, ERIC",Cook,7.79,0.0,16.00,124.64,0.00,124.64,0.00,,0.00,0.00,0.00,0.00,,,12060 Potranco Road,
"Jacobo, Angelique",Server,7.87,0.0,3.00,23.61,0.00,23.61,623.05,5.00,101.20,106.20,0.00,22.63,,,12060 Potranco Road,
"Jimenez, Mario",Driver,6.09,0.45,14.00,85.26,9.45,94.71,2410.95,0.00,140.87,140.87,0.00,0.00,,,12060 Potranco Road,
"Juliet, Mia",Host,6.83,0.0,,,,,438.18,0.00,19.00,19.00,0.00,0.00,,,12060 Potranco Road,
"Lino Santana, David ",Prep,0.0,9.93,15.00,0.00,223.43,223.43,0.00,,0.00,0.00,0.00,0.00,,,12060 Potranco Road,
"Martínez , Angelica ",Host,8.32,0.0,,,,,16.92,0.00,0.00,0.00,0.00,0.00,,,12060 Potranco Road,
"Morales, Adrian",Server,5.47,0.0,3.00,16.41,0.00,16.41,519.05,0.00,115.34,115.34,0.00,22.93,,,12060 Potranco Road,
"Morales, Carlos",Driver,5.68,1.45,,,,,27.48,0.00,2.00,2.00,0.00,0.00,,,12060 Potranco Road,
"Ojeda, George",Runner,0.0,8.78,12.50,0.00,164.63,164.63,0.00,,0.00,0.00,0.00,0.00,,,12060 Potranco Road,
"Roman, Leticia",Server,5.91,2.23,3.00,17.73,10.04,27.77,632.83,0.00,94.23,94.23,0.00,22.80,,,12060 Potranco Road,
"Sanchez, Emanuel",Server,7.8,0.16,3.00,23.40,0.72,24.12,705.02,10.00,96.50,106.50,0.00,0.00,,,12060 Potranco Road,
"Vega, Estela",Tortillera,0.0,10.25,15.00,0.00,230.63,230.63,0.00,,0.00,0.00,0.00,0.00,,,12060 Potranco Road,
"Velasquez, Lisa",Server,2.94,3.87,3.00,8.82,17.42,26.24,722.12,5.00,60.27,65.27,0.00,45.62,,,12060 Potranco Road,
"quiroz, siri",Host,7.37,0.0,11.00,81.07,0.00,81.07,43.85,0.00,0.00,0.00,0.00,0.00,,,12060 Potranco Road,
"vanenzuela, felix",Cook,5.08,2.83,,,,,0.00,,0.00,0.00,0.00,0.00,,,12060 Potranco Road,
"velasquez, maximilioano",Busser,7.3,0.0,12.00,87.60,0.00,87.60,0.00,,0.00,0.00,0.00,0.00,,,12060 Potranco Road,
