Location,Server,Check #,Table,Station,Expediter Level,Fired Date,Fulfilled Date,Fulfillment Time,Fulfilled By
Tink-a-Tako - Potranco,Candy  Del angel ,1,,Lobby,,9/22/25 6:30 AM,9/22/25 6:34 AM,3 minutes and 55 seconds,Mayra Luna
Tink-a-Tako - Potranco,Candy  Del angel ,2,,Lobby,,9/22/25 6:32 AM,9/22/25 6:34 AM,1 minute and 52 seconds,Mayra Luna
Tink-a-Tako - Potranco,Candy  Del angel ,3,,Lobby,,9/22/25 6:35 AM,9/22/25 6:39 AM,3 minutes and 55 seconds,Mayra Luna
Tink-a-Tako - Potranco,Candy  Del angel ,5,,Lobby,,9/22/25 6:41 AM,9/22/25 6:44 AM,3 minutes and 1 second,Mayra Luna
Tink-a-Tako - Potranco,Candy  Del angel ,6,,Lobby,,9/22/25 6:43 AM,9/22/25 6:44 AM,1 minute and 42 seconds,Mayra Luna
Tink-a-Tako - Potranco,Maria Majana,4,25,Lobby,,9/22/25 6:38 AM,9/22/25 6:49 AM,10 minutes and 34 seconds,Mayra Luna
Tink-a-Tako - Potranco,Maria Majana,4,25,,2,9/22/25 6:49 AM,9/22/25 6:49 AM,43 seconds,Zoila Salinas
Tink-a-Tako - Potranco,Candy  Del angel ,7,,Lobby,,9/22/25 6:54 AM,9/22/25 6:56 AM,2 minutes and 30 seconds,Mayra Luna
Tink-a-Tako - Potranco,Candy  Del angel ,8,,Lobby,,9/22/25 6:54 AM,9/22/25 6:56 AM,2 minutes and 26 seconds,Mayra Luna
Tink-a-Tako - Potranco,Candy  Del angel ,10,,Lobby,,9/22/25 6:57 AM,9/22/25 7:02 AM,4 minutes and 27 seconds,Mayra Luna
Tink-a-Tako - Potranco,Candy  Del angel ,9,,Lobby,,9/22/25 6:56 AM,9/22/25 7:03 AM,7 minutes and 31 seconds,Mayra Luna
Tink-a-Tako - Potranco,Candy  Del angel ,11,,Lobby,,9/22/25 7:06 AM,9/22/25 7:09 AM,2 minutes and 42 seconds,Mayra Luna
Tink-a-Tako - Potranco,Candy  Del angel ,12,,Lobby,,9/22/25 7:08 AM,9/22/25 7:12 AM,3 minutes and 58 seconds,Mayra Luna
Tink-a-Tako - Potranco,Candy  Del angel ,13,,Lobby,,9/22/25 7:10 AM,9/22/25 7:16 AM,5 minutes and 50 seconds,Mayra Luna
Tink-a-Tako - Potranco,Candy  Del angel ,14,,Lobby,,9/22/25 7:18 AM,9/22/25 7:19 AM,1 minute and 14 seconds,Mayra Luna
Tink-a-Tako - Potranco,Candy  Del angel ,14,,Prep,,9/22/25 7:18 AM,9/22/25 7:19 AM,1 minute and 14 seconds,Mayra Luna
Tink-a-Tako - Potranco,Candy  Del angel ,15,,Lobby,,9/22/25 7:22 AM,9/22/25 7:24 AM,2 minutes and 18 seconds,Mayra Luna
Tink-a-Tako - Potranco,Candy  Del angel ,16,,Lobby,,9/22/25 7:25 AM,9/22/25 7:31 AM,5 minutes and 48 seconds,Mayra Luna
Tink-a-Tako - Potranco,Candy  Del angel ,17,,Lobby,,9/22/25 7:28 AM,9/22/25 7:31 AM,3 minutes and 21 seconds,Mayra Luna
Tink-a-Tako - Potranco,Candy  Del angel ,18,,Lobby,,9/22/25 7:29 AM,9/22/25 7:32 AM,3 minutes and 15 seconds,Mayra Luna
Tink-a-Tako - Potranco,Candy  Del angel ,19,,Lobby,,9/22/25 7:30 AM,9/22/25 7:33 AM,3 minutes and 2 seconds,Mayra Luna
Tink-a-Tako - Potranco,Candy  Del angel ,20,,Lobby,,9/22/25 7:30 AM,9/22/25 7:34 AM,3 minutes and 33 seconds,Mayra Luna
Tink-a-Tako - Potranco,Candy  Del angel ,21,,Lobby,,9/22/25 7:31 AM,9/22/25 7:34 AM,3 minutes and 15 seconds,Mayra Luna
Tink-a-Tako - Potranco,Candy  Del angel ,22,,Lobby,,9/22/25 7:33 AM,9/22/25 7:35 AM,2 minutes and 4 seconds,Mayra Luna
Tink-a-Tako - Potranco,Rosie  ORDONEZ,23,,Lobby,,9/22/25 7:39 AM,9/22/25 7:40 AM,1 minute and 3 seconds,Mayra Luna
Tink-a-Tako - Potranco,Candy  Del angel ,25,,Lobby,,9/22/25 7:39 AM,9/22/25 7:40 AM,47 seconds,Mayra Luna
Tink-a-Tako - Potranco,Candy  Del angel ,26,,Lobby,,9/22/25 7:40 AM,9/22/25 7:41 AM,1 minute and 4 seconds,Mayra Luna
Tink-a-Tako - Potranco,Rosie  ORDONEZ,23,,,2,9/22/25 7:40 AM,9/22/25 7:41 AM,1 minute and 28 seconds,Zoila Salinas
Tink-a-Tako - Potranco,Candy  Del angel ,27,,Lobby,,9/22/25 7:42 AM,9/22/25 7:44 AM,1 minute and 38 seconds,Mayra Luna
Tink-a-Tako - Potranco,Maria Majana,28,31,Lobby,,9/22/25 7:43 AM,9/22/25 7:44 AM,1 minute and 51 seconds,Mayra Luna
Tink-a-Tako - Potranco,Rosie  ORDONEZ,29,,Lobby,,9/22/25 7:44 AM,9/22/25 7:46 AM,1 minute and 34 seconds,Mayra Luna
Tink-a-Tako - Potranco,Candy  Del angel ,31,,Lobby,,9/22/25 7:47 AM,9/22/25 7:49 AM,1 minute and 42 seconds,Mayra Luna
Tink-a-Tako - Potranco,Candy  Del angel ,33,,Lobby,,9/22/25 7:50 AM,9/22/25 7:51 AM,45 seconds,Mayra Luna
Tink-a-Tako - Potranco,Ivana Abundiz,34,,Lobby,,9/22/25 7:51 AM,9/22/25 7:52 AM,1 minute and 5 seconds,Mayra Luna
Tink-a-Tako - Potranco,Candy  Del angel ,36,,Lobby,,9/22/25 7:54 AM,9/22/25 7:55 AM,1 minute and 17 seconds,Mayra Luna
Tink-a-Tako - Potranco,Candy  Del angel ,37,,Lobby,,9/22/25 7:54 AM,9/22/25 7:56 AM,1 minute and 38 seconds,Mayra Luna
Tink-a-Tako - Potranco,Ivana Abundiz,34,,,2,9/22/25 7:52 AM,9/22/25 7:57 AM,4 minutes and 33 seconds,Zoila Salinas
Tink-a-Tako - Potranco,Rosie  ORDONEZ,29,,,2,9/22/25 7:46 AM,9/22/25 7:57 AM,11 minutes and 11 seconds,Zoila Salinas
Tink-a-Tako - Potranco,Candy  Del angel ,38,,Lobby,,9/22/25 7:54 AM,9/22/25 7:58 AM,3 minutes and 10 seconds,Mayra Luna
Tink-a-Tako - Potranco,Maria Majana,35,17,Lobby,,9/22/25 7:55 AM,9/22/25 7:59 AM,4 minutes and 22 seconds,Mayra Luna
Tink-a-Tako - Potranco,Maria Majana,35,17,Prep,,9/22/25 7:55 AM,9/22/25 7:59 AM,4 minutes and 22 seconds,Mayra Luna
Tink-a-Tako - Potranco,Candy  Del angel ,39,,Lobby,,9/22/25 8:01 AM,9/22/25 8:03 AM,2 minutes,Mayra Luna
Tink-a-Tako - Potranco,Candy  Del angel ,40,,Lobby,,9/22/25 8:01 AM,9/22/25 8:03 AM,2 minutes and 17 seconds,Mayra Luna
Tink-a-Tako - Potranco,Candy  Del angel ,41,,Lobby,,9/22/25 8:02 AM,9/22/25 8:05 AM,2 minutes and 7 seconds,Mayra Luna
Tink-a-Tako - Potranco,Candy  Del angel ,42,,Lobby,,9/22/25 8:04 AM,9/22/25 8:07 AM,2 minutes and 41 seconds,Mayra Luna
Tink-a-Tako - Potranco,Candy  Del angel ,44,,Lobby,,9/22/25 8:07 AM,9/22/25 8:12 AM,4 minutes and 26 seconds,Mayra Luna
Tink-a-Tako - Potranco,Candy  Del angel ,47,,Lobby,,9/22/25 8:10 AM,9/22/25 8:12 AM,1 minute and 48 seconds,Mayra Luna
Tink-a-Tako - Potranco,Candy  Del angel ,48,,Lobby,,9/22/25 8:12 AM,9/22/25 8:14 AM,2 minutes and 4 seconds,Mayra Luna
Tink-a-Tako - Potranco,Candy  Del angel ,46,,Lobby,,9/22/25 8:10 AM,9/22/25 8:15 AM,5 minutes and 18 seconds,Mayra Luna
Tink-a-Tako - Potranco,Ivana Abundiz,51,,Prep,,9/22/25 8:14 AM,9/22/25 8:16 AM,2 minutes and 10 seconds,Mayra Luna
Tink-a-Tako - Potranco,Ivana Abundiz,51,,Lobby,,9/22/25 8:14 AM,9/22/25 8:16 AM,2 minutes and 10 seconds,Mayra Luna
Tink-a-Tako - Potranco,Candy  Del angel ,50,,Lobby,,9/22/25 8:13 AM,9/22/25 8:17 AM,4 minutes and 1 second,Mayra Luna
Tink-a-Tako - Potranco,Maria Majana,43,1,Lobby,,9/22/25 8:08 AM,9/22/25 8:19 AM,11 minutes and 4 seconds,Mayra Luna
Tink-a-Tako - Potranco,Rosie  ORDONEZ,45,36,Lobby,,9/22/25 8:09 AM,9/22/25 8:19 AM,10 minutes and 1 second,Mayra Luna
Tink-a-Tako - Potranco,Candy  Del angel ,52,,Lobby,,9/22/25 8:18 AM,9/22/25 8:20 AM,2 minutes and 46 seconds,Mayra Luna
Tink-a-Tako - Potranco,Candy  Del angel ,53,,Lobby,,9/22/25 8:19 AM,9/22/25 8:20 AM,1 minute and 33 seconds,Mayra Luna
Tink-a-Tako - Potranco,Candy  Del angel ,54,,Lobby,,9/22/25 8:20 AM,9/22/25 8:21 AM,49 seconds,Mayra Luna
Tink-a-Tako - Potranco,Candy  Del angel ,54,,Lobby,,9/22/25 8:21 AM,9/22/25 8:22 AM,59 seconds,Mayra Luna
Tink-a-Tako - Potranco,Candy  Del angel ,57,,Lobby,,9/22/25 8:24 AM,9/22/25 8:25 AM,47 seconds,Mayra Luna
Tink-a-Tako - Potranco,Maria Majana,28,31,,2,9/22/25 7:44 AM,9/22/25 8:27 AM,42 minutes and 13 seconds,Zoila Salinas
Tink-a-Tako - Potranco,Ivana Abundiz,51,,,2,9/22/25 8:16 AM,9/22/25 8:27 AM,10 minutes and 44 seconds,Zoila Salinas
Tink-a-Tako - Potranco,Maria Majana,43,1,,2,9/22/25 8:19 AM,9/22/25 8:27 AM,7 minutes and 9 seconds,Zoila Salinas
Tink-a-Tako - Potranco,Maria Majana,35,17,,2,9/22/25 7:59 AM,9/22/25 8:27 AM,27 minutes and 16 seconds,Zoila Salinas
Tink-a-Tako - Potranco,Rosie  ORDONEZ,45,36,,2,9/22/25 8:19 AM,9/22/25 8:27 AM,7 minutes and 10 seconds,Zoila Salinas
Tink-a-Tako - Potranco,Candy  Del angel ,55,,Lobby,,9/22/25 8:21 AM,9/22/25 8:28 AM,6 minutes and 31 seconds,Mayra Luna
Tink-a-Tako - Potranco,Candy  Del angel ,58,,Lobby,,9/22/25 8:26 AM,9/22/25 8:28 AM,2 minutes and 32 seconds,Mayra Luna
Tink-a-Tako - Potranco,Silvia Hernandez,61,25,Lobby,,9/22/25 8:28 AM,9/22/25 8:29 AM,38 seconds,Mayra Luna
Tink-a-Tako - Potranco,Candy  Del angel ,59,,Lobby,,9/22/25 8:26 AM,9/22/25 8:30 AM,3 minutes and 35 seconds,Mayra Luna
Tink-a-Tako - Potranco,Rosa Compean,66,10,Lobby,,9/22/25 8:31 AM,9/22/25 8:33 AM,2 minutes and 11 seconds,Mayra Luna
Tink-a-Tako - Potranco,Maria Majana,56,32,Lobby,,9/22/25 8:25 AM,9/22/25 8:34 AM,9 minutes and 27 seconds,Mayra Luna
Tink-a-Tako - Potranco,Maria Majana,60,1,Lobby,,9/22/25 8:30 AM,9/22/25 8:34 AM,3 minutes and 58 seconds,Mayra Luna
Tink-a-Tako - Potranco,Rosa Compean,66,10,,2,9/22/25 8:33 AM,9/22/25 8:36 AM,3 minutes and 37 seconds,Zoila Salinas
Tink-a-Tako - Potranco,Maria Majana,60,1,,2,9/22/25 8:34 AM,9/22/25 8:36 AM,2 minutes and 5 seconds,Zoila Salinas
Tink-a-Tako - Potranco,Maria Majana,56,32,,2,9/22/25 8:34 AM,9/22/25 8:36 AM,2 minutes and 3 seconds,Zoila Salinas
Tink-a-Tako - Potranco,Silvia Hernandez,61,25,,2,9/22/25 8:29 AM,9/22/25 8:36 AM,7 minutes and 21 seconds,Zoila Salinas
Tink-a-Tako - Potranco,Candy  Del angel ,69,,Lobby,,9/22/25 8:35 AM,9/22/25 8:38 AM,3 minutes and 10 seconds,Mayra Luna
Tink-a-Tako - Potranco,Candy  Del angel ,63,,Lobby,,9/22/25 8:30 AM,9/22/25 8:39 AM,8 minutes and 47 seconds,Mayra Luna
Tink-a-Tako - Potranco,Candy  Del angel ,64,,Lobby,,9/22/25 8:30 AM,9/22/25 8:38 AM,8 minutes and 8 seconds,Mayra Luna
Tink-a-Tako - Potranco,Silvia Hernandez,70,37,Lobby,,9/22/25 8:36 AM,9/22/25 8:39 AM,3 minutes and 12 seconds,Mayra Luna
Tink-a-Tako - Potranco,Candy  Del angel ,62,,Lobby,,9/22/25 8:29 AM,9/22/25 8:39 AM,10 minutes and 18 seconds,Mayra Luna
Tink-a-Tako - Potranco,Maria Majana,68,9,Lobby,,9/22/25 8:37 AM,9/22/25 8:40 AM,2 minutes and 41 seconds,Mayra Luna
Tink-a-Tako - Potranco,Candy  Del angel ,71,,Lobby,,9/22/25 8:43 AM,9/22/25 8:45 AM,2 minutes and 18 seconds,Mayra Luna
Tink-a-Tako - Potranco,Candy  Del angel ,72,,Lobby,,9/22/25 8:43 AM,9/22/25 8:45 AM,2 minutes and 24 seconds,Mayra Luna
Tink-a-Tako - Potranco,Ivana Abundiz,73,,Lobby,,9/22/25 8:44 AM,9/22/25 8:47 AM,3 minutes and 10 seconds,Mayra Luna
Tink-a-Tako - Potranco,Candy  Del angel ,74,,Prep,,9/22/25 8:44 AM,9/22/25 8:49 AM,4 minutes and 15 seconds,Mayra Luna
Tink-a-Tako - Potranco,Candy  Del angel ,74,,Lobby,,9/22/25 8:44 AM,9/22/25 8:49 AM,4 minutes and 15 seconds,Mayra Luna
Tink-a-Tako - Potranco,Maria Majana,68,9,,2,9/22/25 8:40 AM,9/22/25 8:50 AM,9 minutes and 38 seconds,Zoila Salinas
Tink-a-Tako - Potranco,Ivana Abundiz,73,,,2,9/22/25 8:47 AM,9/22/25 8:50 AM,2 minutes and 57 seconds,Zoila Salinas
Tink-a-Tako - Potranco,Silvia Hernandez,70,37,,2,9/22/25 8:39 AM,9/22/25 8:50 AM,10 minutes and 55 seconds,Zoila Salinas
Tink-a-Tako - Potranco,Candy  Del angel ,76,,Lobby,,9/22/25 8:48 AM,9/22/25 8:51 AM,2 minutes and 51 seconds,Mayra Luna
Tink-a-Tako - Potranco,Ivana Abundiz,79,,Lobby,,9/22/25 8:51 AM,9/22/25 8:52 AM,1 minute and 8 seconds,Mayra Luna
Tink-a-Tako - Potranco,Candy  Del angel ,77,,Lobby,,9/22/25 8:49 AM,9/22/25 8:53 AM,3 minutes and 42 seconds,Mayra Luna
Tink-a-Tako - Potranco,Ivana Abundiz,79,,,2,9/22/25 8:52 AM,9/22/25 8:53 AM,1 minute and 11 seconds,Zoila Salinas
Tink-a-Tako - Potranco,Candy  Del angel ,80,,Lobby,,9/22/25 8:52 AM,9/22/25 8:55 AM,2 minutes and 18 seconds,Mayra Luna
Tink-a-Tako - Potranco,Ivana Abundiz,75,,Lobby,,9/22/25 8:46 AM,9/22/25 8:55 AM,9 minutes and 22 seconds,Mayra Luna
Tink-a-Tako - Potranco,Candy  Del angel ,78,,Lobby,,9/22/25 8:51 AM,9/22/25 8:56 AM,4 minutes and 43 seconds,Mayra Luna
Tink-a-Tako - Potranco,Ivana Abundiz,85,,Prep,,9/22/25 8:58 AM,9/22/25 8:59 AM,50 seconds,Mayra Luna
Tink-a-Tako - Potranco,Ivana Abundiz,85,,Lobby,,9/22/25 8:58 AM,9/22/25 8:59 AM,50 seconds,Mayra Luna
Tink-a-Tako - Potranco,Rosa Compean,84,40,Lobby,,9/22/25 8:57 AM,9/22/25 9:01 AM,3 minutes and 54 seconds,Mayra Luna
Tink-a-Tako - Potranco,Candy  Del angel ,87,,Lobby,,9/22/25 8:59 AM,9/22/25 9:04 AM,5 minutes and 2 seconds,Mayra Luna
Tink-a-Tako - Potranco,Ivana Abundiz,75,,,2,9/22/25 8:55 AM,9/22/25 9:04 AM,8 minutes and 39 seconds,Zoila Salinas
Tink-a-Tako - Potranco,Rosa Compean,84,40,,2,9/22/25 9:01 AM,9/22/25 9:04 AM,2 minutes and 26 seconds,Zoila Salinas
Tink-a-Tako - Potranco,Ivana Abundiz,85,,,2,9/22/25 8:59 AM,9/22/25 9:04 AM,4 minutes and 59 seconds,Zoila Salinas
Tink-a-Tako - Potranco,Rosa Compean,86,12,Lobby,,9/22/25 9:00 AM,9/22/25 9:05 AM,5 minutes and 24 seconds,Mayra Luna
Tink-a-Tako - Potranco,Candy  Del angel ,88,,Lobby,,9/22/25 8:59 AM,9/22/25 9:08 AM,8 minutes and 35 seconds,Mayra Luna
Tink-a-Tako - Potranco,Silvia Hernandez,91,24,Lobby,,9/22/25 9:01 AM,9/22/25 9:08 AM,6 minutes and 30 seconds,Mayra Luna
Tink-a-Tako - Potranco,Maria Majana,89,33,Lobby,,9/22/25 9:03 AM,9/22/25 9:08 AM,5 minutes and 8 seconds,Mayra Luna
Tink-a-Tako - Potranco,Maria Majana,89,33,Prep,,9/22/25 9:03 AM,9/22/25 9:08 AM,5 minutes and 8 seconds,Mayra Luna
Tink-a-Tako - Potranco,Ivana Abundiz,92,,Lobby,,9/22/25 9:02 AM,9/22/25 9:09 AM,6 minutes and 57 seconds,Mayra Luna
Tink-a-Tako - Potranco,Candy  Del angel ,99,,Lobby,,9/22/25 9:09 AM,9/22/25 9:09 AM,3 seconds,Mayra Luna
Tink-a-Tako - Potranco,Candy  Del angel ,98,,Lobby,,9/22/25 9:08 AM,9/22/25 9:09 AM,45 seconds,Mayra Luna
Tink-a-Tako - Potranco,Candy  Del angel ,90,,Lobby,,9/22/25 9:00 AM,9/22/25 9:12 AM,11 minutes and 35 seconds,Mayra Luna
Tink-a-Tako - Potranco,Candy  Del angel ,94,,Lobby,,9/22/25 9:06 AM,9/22/25 9:12 AM,5 minutes and 58 seconds,Mayra Luna
Tink-a-Tako - Potranco,Rosa Compean,86,12,,2,9/22/25 9:05 AM,9/22/25 9:13 AM,7 minutes and 45 seconds,Zoila Salinas
Tink-a-Tako - Potranco,Silvia Hernandez,91,24,,2,9/22/25 9:08 AM,9/22/25 9:13 AM,4 minutes and 53 seconds,Zoila Salinas
Tink-a-Tako - Potranco,Maria Majana,89,33,,2,9/22/25 9:08 AM,9/22/25 9:13 AM,4 minutes and 48 seconds,Zoila Salinas
Tink-a-Tako - Potranco,Candy  Del angel ,88,,Lobby,,9/22/25 9:11 AM,9/22/25 9:13 AM,2 minutes and 20 seconds,Mayra Luna
Tink-a-Tako - Potranco,Ivana Abundiz,92,,,2,9/22/25 9:09 AM,9/22/25 9:13 AM,4 minutes and 15 seconds,Zoila Salinas
Tink-a-Tako - Potranco,Ivana Abundiz,106,,Lobby,,9/22/25 9:15 AM,9/22/25 9:16 AM,1 minute and 19 seconds,Mayra Luna
Tink-a-Tako - Potranco,Candy  Del angel ,103,,Lobby,,9/22/25 9:12 AM,9/22/25 9:17 AM,5 minutes and 41 seconds,Mayra Luna
Tink-a-Tako - Potranco,Silvia Hernandez,105,24,Lobby,,9/22/25 9:13 AM,9/22/25 9:18 AM,5 minutes and 7 seconds,Mayra Luna
Tink-a-Tako - Potranco,Maria Majana,107,7,Lobby,,9/22/25 9:16 AM,9/22/25 9:19 AM,2 minutes and 39 seconds,Mayra Luna
Tink-a-Tako - Potranco,Candy  Del angel ,110,,Lobby,,9/22/25 9:15 AM,9/22/25 9:19 AM,3 minutes and 36 seconds,Mayra Luna
Tink-a-Tako - Potranco,Silvia Hernandez,105,24,,2,9/22/25 9:18 AM,9/22/25 9:19 AM,52 seconds,Zoila Salinas
Tink-a-Tako - Potranco,Maria Majana,107,7,,2,9/22/25 9:19 AM,9/22/25 9:19 AM,40 seconds,Zoila Salinas
Tink-a-Tako - Potranco,Ivana Abundiz,106,,,2,9/22/25 9:16 AM,9/22/25 9:19 AM,3 minutes and 16 seconds,Zoila Salinas
Tink-a-Tako - Potranco,Rosa Compean,108,25,Lobby,,9/22/25 9:15 AM,9/22/25 9:26 AM,10 minutes and 24 seconds,Mayra Luna
Tink-a-Tako - Potranco,Rosa Compean,108,25,Prep,,9/22/25 9:15 AM,9/22/25 9:26 AM,10 minutes and 24 seconds,Mayra Luna
Tink-a-Tako - Potranco,Candy  Del angel ,114,,Lobby,,9/22/25 9:26 AM,9/22/25 9:26 AM,25 seconds,Mayra Luna
Tink-a-Tako - Potranco,Ivana Abundiz,112,,Lobby,,9/22/25 9:22 AM,9/22/25 9:26 AM,4 minutes and 9 seconds,Mayra Luna
Tink-a-Tako - Potranco,Candy  Del angel ,113,,Lobby,,9/22/25 9:25 AM,9/22/25 9:28 AM,3 minutes and 18 seconds,Mayra Luna
Tink-a-Tako - Potranco,Candy  Del angel ,116,,Lobby,,9/22/25 9:28 AM,9/22/25 9:29 AM,35 seconds,Mayra Luna
Tink-a-Tako - Potranco,Rosa Compean,115,32,Lobby,,9/22/25 9:26 AM,9/22/25 9:30 AM,3 minutes and 35 seconds,Mayra Luna
Tink-a-Tako - Potranco,Silvia Hernandez,119,39,Lobby,,9/22/25 9:30 AM,9/22/25 9:33 AM,3 minutes and 9 seconds,Mayra Luna
Tink-a-Tako - Potranco,Rosa Compean,118,33,Lobby,,9/22/25 9:29 AM,9/22/25 9:33 AM,3 minutes and 52 seconds,Mayra Luna
Tink-a-Tako - Potranco,Rosa Compean,118,33,Tortillero,,9/22/25 9:29 AM,9/22/25 9:33 AM,3 minutes and 52 seconds,Mayra Luna
Tink-a-Tako - Potranco,Rosa Compean,118,33,Prep,,9/22/25 9:29 AM,9/22/25 9:33 AM,3 minutes and 52 seconds,Mayra Luna
Tink-a-Tako - Potranco,Silvia Hernandez,91,24,Lobby,,9/22/25 9:32 AM,9/22/25 9:33 AM,24 seconds,Mayra Luna
Tink-a-Tako - Potranco,Candy  Del angel ,121,,Lobby,,9/22/25 9:40 AM,9/22/25 9:41 AM,49 seconds,Mayra Luna
Tink-a-Tako - Potranco,Candy  Del angel ,121,,Prep,,9/22/25 9:40 AM,9/22/25 9:41 AM,49 seconds,Mayra Luna
Tink-a-Tako - Potranco,Rosa Compean,126,12,Lobby,,9/22/25 9:42 AM,9/22/25 9:43 AM,37 seconds,Mayra Luna
Tink-a-Tako - Potranco,Ivana Abundiz,125,,Lobby,,9/22/25 9:42 AM,9/22/25 9:43 AM,1 minute and 27 seconds,Mayra Luna
Tink-a-Tako - Potranco,Rosa Compean,127,17,Lobby,,9/22/25 9:43 AM,9/22/25 9:48 AM,4 minutes and 56 seconds,Mayra Luna
Tink-a-Tako - Potranco,Rosa Compean,127,17,Tortillero,,9/22/25 9:43 AM,9/22/25 9:48 AM,4 minutes and 56 seconds,Mayra Luna
Tink-a-Tako - Potranco,Rosa Compean,127,17,Prep,,9/22/25 9:43 AM,9/22/25 9:48 AM,4 minutes and 56 seconds,Mayra Luna
Tink-a-Tako - Potranco,Candy  Del angel ,129,,Lobby,,9/22/25 9:48 AM,9/22/25 9:49 AM,41 seconds,Mayra Luna
Tink-a-Tako - Potranco,Candy  Del angel ,131,,Lobby,,9/22/25 9:48 AM,9/22/25 9:49 AM,50 seconds,Mayra Luna
Tink-a-Tako - Potranco,Candy  Del angel ,130,,Lobby,,9/22/25 9:48 AM,9/22/25 9:49 AM,59 seconds,Mayra Luna
Tink-a-Tako - Potranco,Candy  Del angel ,133,,Lobby,,9/22/25 9:51 AM,9/22/25 9:52 AM,1 minute and 1 second,Mayra Luna
Tink-a-Tako - Potranco,Rosa Compean,134,3,Lobby,,9/22/25 9:52 AM,9/22/25 9:54 AM,2 minutes and 4 seconds,Mayra Luna
Tink-a-Tako - Potranco,Rosa Compean,108,25,,2,9/22/25 9:26 AM,9/22/25 9:56 AM,30 minutes and 13 seconds,Zoila Salinas
Tink-a-Tako - Potranco,Silvia Hernandez,119,39,,2,9/22/25 9:33 AM,9/22/25 9:56 AM,23 minutes and 20 seconds,Zoila Salinas
Tink-a-Tako - Potranco,Ivana Abundiz,112,,,2,9/22/25 9:26 AM,9/22/25 9:56 AM,29 minutes and 46 seconds,Zoila Salinas
Tink-a-Tako - Potranco,Rosa Compean,115,32,,2,9/22/25 9:30 AM,9/22/25 9:56 AM,26 minutes and 12 seconds,Zoila Salinas
Tink-a-Tako - Potranco,Rosa Compean,118,33,,2,9/22/25 9:33 AM,9/22/25 9:56 AM,23 minutes and 19 seconds,Zoila Salinas
Tink-a-Tako - Potranco,Rosa Compean,126,12,,2,9/22/25 9:43 AM,9/22/25 9:56 AM,13 minutes and 30 seconds,Zoila Salinas
Tink-a-Tako - Potranco,Silvia Hernandez,91,24,,2,9/22/25 9:33 AM,9/22/25 9:56 AM,23 minutes and 20 seconds,Zoila Salinas
Tink-a-Tako - Potranco,Rosa Compean,127,17,,2,9/22/25 9:48 AM,9/22/25 9:56 AM,8 minutes and 27 seconds,Zoila Salinas
Tink-a-Tako - Potranco,Ivana Abundiz,125,,,2,9/22/25 9:43 AM,9/22/25 9:56 AM,13 minutes and 5 seconds,Zoila Salinas
Tink-a-Tako - Potranco,Maria Majana,97,22,Lobby,,9/22/25 9:53 AM,9/22/25 9:58 AM,4 minutes and 6 seconds,Mayra Luna
Tink-a-Tako - Potranco,Maria Majana,97,22,Tortillero,,9/22/25 9:53 AM,9/22/25 9:58 AM,4 minutes and 6 seconds,Mayra Luna
Tink-a-Tako - Potranco,Rosa Compean,138,23,Lobby,,9/22/25 9:56 AM,9/22/25 9:58 AM,2 minutes and 22 seconds,Mayra Luna
Tink-a-Tako - Potranco,Maria Majana,128,10,Lobby,,9/22/25 9:49 AM,9/22/25 9:58 AM,8 minutes and 56 seconds,Mayra Luna
Tink-a-Tako - Potranco,Maria Majana,97,22,,2,9/22/25 9:58 AM,9/22/25 9:59 AM,43 seconds,Zoila Salinas
Tink-a-Tako - Potranco,Candy  Del angel ,136,,Lobby,,9/22/25 9:55 AM,9/22/25 9:59 AM,4 minutes and 12 seconds,Mayra Luna
Tink-a-Tako - Potranco,Silvia Hernandez,132,18,Lobby,,9/22/25 9:53 AM,9/22/25 10:01 AM,7 minutes and 36 seconds,Mayra Luna
Tink-a-Tako - Potranco,Silvia Hernandez,135,37,Lobby,,9/22/25 10:00 AM,9/22/25 10:01 AM,1 minute and 7 seconds,Mayra Luna
Tink-a-Tako - Potranco,Candy  Del angel ,137,,Lobby,,9/22/25 9:56 AM,9/22/25 10:02 AM,5 minutes and 26 seconds,Mayra Luna
Tink-a-Tako - Potranco,Candy  Del angel ,143,,Prep,,9/22/25 10:01 AM,9/22/25 10:03 AM,1 minute and 54 seconds,Mayra Luna
Tink-a-Tako - Potranco,Candy  Del angel ,143,,Lobby,,9/22/25 10:01 AM,9/22/25 10:03 AM,1 minute and 54 seconds,Mayra Luna
Tink-a-Tako - Potranco,Rosa Compean,142,2,Lobby,,9/22/25 10:00 AM,9/22/25 10:03 AM,3 minutes and 13 seconds,Mayra Luna
Tink-a-Tako - Potranco,Candy  Del angel ,140,,Lobby,,9/22/25 9:57 AM,9/22/25 10:04 AM,6 minutes and 55 seconds,Mayra Luna
Tink-a-Tako - Potranco,Maria Majana,97,22,Lobby,,9/22/25 10:07 AM,9/22/25 10:07 AM,17 seconds,Mayra Luna
Tink-a-Tako - Potranco,Maria Majana,97,22,Lobby,,9/22/25 10:07 AM,9/22/25 10:07 AM,51 seconds,Mayra Luna
Tink-a-Tako - Potranco,Rosa Compean,138,23,,2,9/22/25 9:58 AM,9/22/25 10:10 AM,12 minutes and 30 seconds,Zoila Salinas
Tink-a-Tako - Potranco,Silvia Hernandez,132,18,,2,9/22/25 10:01 AM,9/22/25 10:10 AM,9 minutes and 37 seconds,Zoila Salinas
Tink-a-Tako - Potranco,Maria Majana,97,22,,2,9/22/25 9:58 AM,9/22/25 10:10 AM,12 minutes and 55 seconds,Zoila Salinas
Tink-a-Tako - Potranco,Maria Majana,128,10,,2,9/22/25 9:58 AM,9/22/25 10:11 AM,12 minutes and 35 seconds,Zoila Salinas
Tink-a-Tako - Potranco,Maria Majana,97,22,,2,9/22/25 10:07 AM,9/22/25 10:11 AM,3 minutes and 34 seconds,Zoila Salinas
Tink-a-Tako - Potranco,Silvia Hernandez,135,37,,2,9/22/25 10:01 AM,9/22/25 10:11 AM,9 minutes and 44 seconds,Zoila Salinas
Tink-a-Tako - Potranco,Rosa Compean,142,2,,2,9/22/25 10:03 AM,9/22/25 10:11 AM,7 minutes and 6 seconds,Zoila Salinas
Tink-a-Tako - Potranco,Maria Majana,97,22,,2,9/22/25 10:07 AM,9/22/25 10:11 AM,3 minutes and 17 seconds,Zoila Salinas
Tink-a-Tako - Potranco,Rosa Compean,134,3,,2,9/22/25 9:54 AM,9/22/25 10:11 AM,16 minutes and 28 seconds,Zoila Salinas
Tink-a-Tako - Potranco,Rosa Compean,147,35,Lobby,,9/22/25 10:06 AM,9/22/25 10:11 AM,4 minutes and 34 seconds,Mayra Luna
Tink-a-Tako - Potranco,Ivana Abundiz,146,,Prep,,9/22/25 10:06 AM,9/22/25 10:12 AM,5 minutes and 22 seconds,Mayra Luna
Tink-a-Tako - Potranco,Ivana Abundiz,146,,Lobby,,9/22/25 10:06 AM,9/22/25 10:12 AM,5 minutes and 22 seconds,Mayra Luna
Tink-a-Tako - Potranco,Candy  Del angel ,149,,Lobby,,9/22/25 10:09 AM,9/22/25 10:12 AM,3 minutes and 19 seconds,Mayra Luna
Tink-a-Tako - Potranco,Maria Majana,145,32,Lobby,,9/22/25 10:06 AM,9/22/25 10:13 AM,6 minutes and 55 seconds,Mayra Luna
Tink-a-Tako - Potranco,Maria Majana,145,32,Prep,,9/22/25 10:06 AM,9/22/25 10:13 AM,6 minutes and 55 seconds,Mayra Luna
Tink-a-Tako - Potranco,Candy  Del angel ,148,,Lobby,,9/22/25 10:07 AM,9/22/25 10:14 AM,7 minutes and 5 seconds,Mayra Luna
Tink-a-Tako - Potranco,Candy  Del angel ,150,,Lobby,,9/22/25 10:10 AM,9/22/25 10:18 AM,8 minutes and 29 seconds,Mayra Luna
Tink-a-Tako - Potranco,Silvia Hernandez,152,19,Lobby,,9/22/25 10:15 AM,9/22/25 10:19 AM,4 minutes and 18 seconds,Mayra Luna
Tink-a-Tako - Potranco,Candy  Del angel ,148,,Lobby,,9/22/25 10:15 AM,9/22/25 10:19 AM,4 minutes and 47 seconds,Mayra Luna
Tink-a-Tako - Potranco,Candy  Del angel ,151,,Lobby,,9/22/25 10:14 AM,9/22/25 10:20 AM,6 minutes and 17 seconds,Mayra Luna
Tink-a-Tako - Potranco,Candy  Del angel ,154,,Lobby,,9/22/25 10:16 AM,9/22/25 10:24 AM,7 minutes and 30 seconds,Mayra Luna
Tink-a-Tako - Potranco,Maria Majana,153,33,Lobby,,9/22/25 10:17 AM,9/22/25 10:26 AM,9 minutes and 11 seconds,Mayra Luna
Tink-a-Tako - Potranco,Silvia Hernandez,155,26,Lobby,,9/22/25 10:22 AM,9/22/25 10:27 AM,4 minutes and 34 seconds,Mayra Luna
Tink-a-Tako - Potranco,Candy  Del angel ,156,,Lobby,,9/22/25 10:18 AM,9/22/25 10:27 AM,8 minutes and 50 seconds,Mayra Luna
Tink-a-Tako - Potranco,Ivana Abundiz,146,,,2,9/22/25 10:12 AM,9/22/25 10:27 AM,15 minutes and 49 seconds,Zoila Salinas
Tink-a-Tako - Potranco,Maria Majana,153,33,,2,9/22/25 10:26 AM,9/22/25 10:27 AM,1 minute and 22 seconds,Zoila Salinas
Tink-a-Tako - Potranco,Rosa Compean,147,35,,2,9/22/25 10:11 AM,9/22/25 10:27 AM,16 minutes and 31 seconds,Zoila Salinas
Tink-a-Tako - Potranco,Maria Majana,158,25,Lobby,,9/22/25 10:25 AM,9/22/25 10:27 AM,2 minutes and 17 seconds,Mayra Luna
Tink-a-Tako - Potranco,Candy  Del angel ,157,,Lobby,,9/22/25 10:24 AM,9/22/25 10:27 AM,3 minutes and 10 seconds,Mayra Luna
Tink-a-Tako - Potranco,Silvia Hernandez,152,19,,2,9/22/25 10:19 AM,9/22/25 10:27 AM,8 minutes and 17 seconds,Zoila Salinas
Tink-a-Tako - Potranco,Ivana Abundiz,160,,Lobby,,9/22/25 10:27 AM,9/22/25 10:28 AM,1 minute and 32 seconds,Mayra Luna
Tink-a-Tako - Potranco,Ivana Abundiz,160,,Tortillero,,9/22/25 10:27 AM,9/22/25 10:28 AM,1 minute and 32 seconds,Mayra Luna
Tink-a-Tako - Potranco,Rosa Compean,161,7,Lobby,,9/22/25 10:28 AM,9/22/25 10:31 AM,2 minutes and 27 seconds,Mayra Luna
Tink-a-Tako - Potranco,Maria Majana,158,25,,2,9/22/25 10:27 AM,9/22/25 10:32 AM,4 minutes and 31 seconds,Zoila Salinas
Tink-a-Tako - Potranco,Maria Majana,145,32,,2,9/22/25 10:13 AM,9/22/25 10:32 AM,18 minutes and 49 seconds,Zoila Salinas
Tink-a-Tako - Potranco,Ivana Abundiz,160,,,2,9/22/25 10:28 AM,9/22/25 10:32 AM,3 minutes and 41 seconds,Zoila Salinas
Tink-a-Tako - Potranco,Silvia Hernandez,155,26,,2,9/22/25 10:27 AM,9/22/25 10:32 AM,5 minutes and 15 seconds,Zoila Salinas
Tink-a-Tako - Potranco,Maria Majana,163,3,Lobby,,9/22/25 10:30 AM,9/22/25 10:32 AM,2 minutes and 19 seconds,Mayra Luna
Tink-a-Tako - Potranco,Maria Majana,163,3,,2,9/22/25 10:32 AM,9/22/25 10:33 AM,43 seconds,Zoila Salinas
Tink-a-Tako - Potranco,Rosa Compean,161,7,,2,9/22/25 10:31 AM,9/22/25 10:33 AM,2 minutes and 25 seconds,Zoila Salinas
Tink-a-Tako - Potranco,Silvia Hernandez,164,17,,2,9/22/25 10:31 AM,9/22/25 10:36 AM,4 minutes and 59 seconds,Zoila Salinas
Tink-a-Tako - Potranco,Candy  Del angel ,166,,Lobby,,9/22/25 10:32 AM,9/22/25 10:37 AM,4 minutes and 59 seconds,Mayra Luna
Tink-a-Tako - Potranco,Candy  Del angel ,159,,Lobby,,9/22/25 10:28 AM,9/22/25 10:37 AM,9 minutes and 27 seconds,Mayra Luna
Tink-a-Tako - Potranco,Candy  Del angel ,165,,Lobby,,9/22/25 10:31 AM,9/22/25 10:37 AM,5 minutes and 53 seconds,Mayra Luna
Tink-a-Tako - Potranco,Candy  Del angel ,167,,Lobby,,9/22/25 10:36 AM,9/22/25 10:38 AM,2 minutes and 17 seconds,Mayra Luna
Tink-a-Tako - Potranco,Rosa Compean,169,18,Lobby,,9/22/25 10:38 AM,9/22/25 10:41 AM,3 minutes and 44 seconds,Mayra Luna
Tink-a-Tako - Potranco,Candy  Del angel ,168,,Lobby,,9/22/25 10:38 AM,9/22/25 10:42 AM,3 minutes and 12 seconds,Mayra Luna
Tink-a-Tako - Potranco,Candy  Del angel ,165,,Lobby,,9/22/25 10:41 AM,9/22/25 10:42 AM,1 minute and 1 second,Mayra Luna
Tink-a-Tako - Potranco,Silvia Hernandez,164,17,Lobby,,9/22/25 10:38 AM,9/22/25 10:45 AM,7 minutes and 27 seconds,Mayra Luna
Tink-a-Tako - Potranco,Silvia Hernandez,164,17,Tortillero,,9/22/25 10:38 AM,9/22/25 10:45 AM,7 minutes and 27 seconds,Mayra Luna
Tink-a-Tako - Potranco,Silvia Hernandez,164,17,Prep,,9/22/25 10:38 AM,9/22/25 10:45 AM,7 minutes and 27 seconds,Mayra Luna
Tink-a-Tako - Potranco,Rosa Compean,172,37,Lobby,,9/22/25 10:47 AM,9/22/25 10:53 AM,5 minutes and 51 seconds,Mayra Luna
Tink-a-Tako - Potranco,Silvia Hernandez,174,39,Lobby,,9/22/25 10:50 AM,9/22/25 10:54 AM,3 minutes and 35 seconds,Mayra Luna
Tink-a-Tako - Potranco,Silvia Hernandez,174,39,Prep,,9/22/25 10:50 AM,9/22/25 10:54 AM,3 minutes and 35 seconds,Mayra Luna
Tink-a-Tako - Potranco,Maria Majana,170,9,Lobby,,9/22/25 10:47 AM,9/22/25 10:55 AM,7 minutes and 30 seconds,Mayra Luna
Tink-a-Tako - Potranco,Candy  Del angel ,173,,Lobby,,9/22/25 10:50 AM,9/22/25 10:56 AM,5 minutes and 24 seconds,Mayra Luna
Tink-a-Tako - Potranco,Candy  Del angel ,175,,Lobby,,9/22/25 10:51 AM,9/22/25 10:56 AM,5 minutes and 18 seconds,Mayra Luna
Tink-a-Tako - Potranco,Candy  Del angel ,176,,Lobby,,9/22/25 10:53 AM,9/22/25 10:58 AM,4 minutes and 46 seconds,Mayra Luna
Tink-a-Tako - Potranco,Rosa Compean,171,24,Lobby,,9/22/25 10:46 AM,9/22/25 10:58 AM,12 minutes and 29 seconds,Mayra Luna
Tink-a-Tako - Potranco,Rosa Compean,171,24,Tortillero,,9/22/25 10:46 AM,9/22/25 10:58 AM,12 minutes and 29 seconds,Mayra Luna
Tink-a-Tako - Potranco,Rosa Compean,171,24,Prep,,9/22/25 10:46 AM,9/22/25 10:58 AM,12 minutes and 29 seconds,Mayra Luna
Tink-a-Tako - Potranco,Candy  Del angel ,178,,Lobby,,9/22/25 11:00 AM,9/22/25 11:01 AM,1 minute and 9 seconds,Mayra Luna
Tink-a-Tako - Potranco,Maria Majana,170,9,,2,9/22/25 10:55 AM,9/22/25 11:04 AM,9 minutes and 3 seconds,Zoila Salinas
Tink-a-Tako - Potranco,Silvia Hernandez,174,39,,2,9/22/25 10:54 AM,9/22/25 11:04 AM,9 minutes and 59 seconds,Zoila Salinas
Tink-a-Tako - Potranco,Rosa Compean,171,24,,2,9/22/25 10:58 AM,9/22/25 11:04 AM,5 minutes and 29 seconds,Zoila Salinas
Tink-a-Tako - Potranco,Silvia Hernandez,164,17,,2,9/22/25 10:45 AM,9/22/25 11:04 AM,18 minutes and 37 seconds,Zoila Salinas
Tink-a-Tako - Potranco,Rosa Compean,172,37,,2,9/22/25 10:53 AM,9/22/25 11:04 AM,10 minutes and 54 seconds,Zoila Salinas
Tink-a-Tako - Potranco,Rosa Compean,169,18,,2,9/22/25 10:41 AM,9/22/25 11:04 AM,22 minutes and 16 seconds,Zoila Salinas
Tink-a-Tako - Potranco,Silvia Hernandez,180,33,Lobby,,9/22/25 11:01 AM,9/22/25 11:04 AM,3 minutes and 12 seconds,Mayra Luna
Tink-a-Tako - Potranco,Rosa Compean,182,22,Lobby,,9/22/25 11:04 AM,9/22/25 11:06 AM,2 minutes and 36 seconds,Mayra Luna
Tink-a-Tako - Potranco,Rosa Compean,182,22,Prep,,9/22/25 11:04 AM,9/22/25 11:06 AM,2 minutes and 36 seconds,Mayra Luna
Tink-a-Tako - Potranco,Maria Majana,179,32,Lobby,,9/22/25 11:03 AM,9/22/25 11:06 AM,3 minutes and 40 seconds,Mayra Luna
Tink-a-Tako - Potranco,Maria Majana,179,32,Prep,,9/22/25 11:03 AM,9/22/25 11:06 AM,3 minutes and 40 seconds,Mayra Luna
Tink-a-Tako - Potranco,Rosa Compean,182,22,,2,9/22/25 11:06 AM,9/22/25 11:08 AM,1 minute and 44 seconds,Zoila Salinas
Tink-a-Tako - Potranco,Maria Majana,179,32,,2,9/22/25 11:06 AM,9/22/25 11:08 AM,1 minute and 42 seconds,Zoila Salinas
Tink-a-Tako - Potranco,Silvia Hernandez,180,33,,2,9/22/25 11:04 AM,9/22/25 11:08 AM,4 minutes and 6 seconds,Zoila Salinas
Tink-a-Tako - Potranco,Silvia Hernandez,180,33,,2,9/22/25 11:01 AM,9/22/25 11:08 AM,7 minutes and 4 seconds,Zoila Salinas
Tink-a-Tako - Potranco,Candy  Del angel ,181,,Lobby,,9/22/25 11:04 AM,9/22/25 11:09 AM,5 minutes and 11 seconds,Mayra Luna
Tink-a-Tako - Potranco,Candy  Del angel ,183,,Lobby,,9/22/25 11:10 AM,9/22/25 11:11 AM,52 seconds,Mayra Luna
Tink-a-Tako - Potranco,Maria Majana,184,18,Lobby,,9/22/25 11:10 AM,9/22/25 11:13 AM,3 minutes and 1 second,Mayra Luna
Tink-a-Tako - Potranco,Candy  Del angel ,186,,Lobby,,9/22/25 11:12 AM,9/22/25 11:15 AM,3 minutes and 6 seconds,Mayra Luna
Tink-a-Tako - Potranco,Candy  Del angel ,188,,Lobby,,9/22/25 11:13 AM,9/22/25 11:17 AM,3 minutes and 52 seconds,Mayra Luna
Tink-a-Tako - Potranco,Silvia Hernandez,187,23,Lobby,,9/22/25 11:12 AM,9/22/25 11:19 AM,6 minutes and 43 seconds,Mayra Luna
Tink-a-Tako - Potranco,Rosa Compean,189,10,Lobby,,9/22/25 11:18 AM,9/22/25 11:19 AM,49 seconds,Mayra Luna
Tink-a-Tako - Potranco,Candy  Del angel ,191,,Lobby,,9/22/25 11:21 AM,9/22/25 11:22 AM,46 seconds,Mayra Luna
Tink-a-Tako - Potranco,Candy  Del angel ,193,,Lobby,,9/22/25 11:24 AM,9/22/25 11:26 AM,1 minute and 59 seconds,Mayra Luna
Tink-a-Tako - Potranco,Maria Majana,184,18,,2,9/22/25 11:13 AM,9/22/25 11:29 AM,15 minutes and 40 seconds,Zoila Salinas
Tink-a-Tako - Potranco,Silvia Hernandez,187,23,,2,9/22/25 11:19 AM,9/22/25 11:29 AM,9 minutes and 57 seconds,Zoila Salinas
Tink-a-Tako - Potranco,Rosa Compean,189,10,,2,9/22/25 11:19 AM,9/22/25 11:29 AM,9 minutes and 29 seconds,Zoila Salinas
Tink-a-Tako - Potranco,Rosa Compean,189,10,Lobby,,9/22/25 11:18 AM,9/22/25 11:29 AM,11 minutes and 9 seconds,Mayra Luna
Tink-a-Tako - Potranco,Rosa Compean,189,10,Tortillero,,9/22/25 11:18 AM,9/22/25 11:29 AM,11 minutes and 9 seconds,Mayra Luna
Tink-a-Tako - Potranco,Rosa Compean,189,10,Prep,,9/22/25 11:18 AM,9/22/25 11:29 AM,11 minutes and 9 seconds,Mayra Luna
Tink-a-Tako - Potranco,Silvia Hernandez,190,4,Lobby,,9/22/25 11:20 AM,9/22/25 11:29 AM,9 minutes and 36 seconds,Mayra Luna
Tink-a-Tako - Potranco,Silvia Hernandez,185,23,Lobby,,9/22/25 11:20 AM,9/22/25 11:29 AM,9 minutes and 26 seconds,Mayra Luna
Tink-a-Tako - Potranco,Rosa Compean,182,22,Lobby,,9/22/25 11:27 AM,9/22/25 11:30 AM,2 minutes and 34 seconds,Mayra Luna
Tink-a-Tako - Potranco,Rosa Compean,182,22,Prep,,9/22/25 11:27 AM,9/22/25 11:30 AM,2 minutes and 34 seconds,Mayra Luna
Tink-a-Tako - Potranco,Candy  Del angel ,196,,Lobby,,9/22/25 11:31 AM,9/22/25 11:31 AM,52 seconds,Mayra Luna
Tink-a-Tako - Potranco,Rosa Compean,189,10,,2,9/22/25 11:29 AM,9/22/25 11:32 AM,2 minutes and 53 seconds,Zoila Salinas
Tink-a-Tako - Potranco,Silvia Hernandez,185,23,,2,9/22/25 11:29 AM,9/22/25 11:32 AM,2 minutes and 47 seconds,Zoila Salinas
Tink-a-Tako - Potranco,Candy  Del angel ,197,,Lobby,,9/22/25 11:31 AM,9/22/25 11:33 AM,1 minute and 48 seconds,Mayra Luna
Tink-a-Tako - Potranco,Candy  Del angel ,192,,Lobby,,9/22/25 11:23 AM,9/22/25 11:33 AM,10 minutes and 14 seconds,Mayra Luna
Tink-a-Tako - Potranco,Maria Majana,195,17,Lobby,,9/22/25 11:27 AM,9/22/25 11:37 AM,9 minutes and 21 seconds,Mayra Luna
Tink-a-Tako - Potranco,Maria Majana,195,17,Tortillero,,9/22/25 11:27 AM,9/22/25 11:37 AM,9 minutes and 21 seconds,Mayra Luna
Tink-a-Tako - Potranco,Maria Majana,195,17,Prep,,9/22/25 11:27 AM,9/22/25 11:37 AM,9 minutes and 21 seconds,Mayra Luna
Tink-a-Tako - Potranco,Candy  Del angel ,199,,Lobby,,9/22/25 11:37 AM,9/22/25 11:37 AM,31 seconds,Mayra Luna
Tink-a-Tako - Potranco,Ivana Abundiz,202,,Lobby,,9/22/25 11:38 AM,9/22/25 11:40 AM,2 minutes and 11 seconds,Mayra Luna
Tink-a-Tako - Potranco,Candy  Del angel ,201,,Lobby,,9/22/25 11:37 AM,9/22/25 11:41 AM,3 minutes and 45 seconds,Mayra Luna
Tink-a-Tako - Potranco,Rosa Compean,200,37,Lobby,,9/22/25 11:35 AM,9/22/25 11:43 AM,8 minutes and 27 seconds,Mayra Luna
Tink-a-Tako - Potranco,Rosa Compean,200,37,Tortillero,,9/22/25 11:35 AM,9/22/25 11:43 AM,8 minutes and 27 seconds,Mayra Luna
Tink-a-Tako - Potranco,Rosa Compean,200,37,Prep,,9/22/25 11:35 AM,9/22/25 11:43 AM,8 minutes and 27 seconds,Mayra Luna
Tink-a-Tako - Potranco,Candy  Del angel ,198,,Lobby,,9/22/25 11:34 AM,9/22/25 11:44 AM,9 minutes and 52 seconds,Mayra Luna
Tink-a-Tako - Potranco,Candy  Del angel ,198,,Prep,,9/22/25 11:34 AM,9/22/25 11:44 AM,9 minutes and 52 seconds,Mayra Luna
Tink-a-Tako - Potranco,Candy  Del angel ,198,,Tortillero,,9/22/25 11:34 AM,9/22/25 11:44 AM,9 minutes and 52 seconds,Mayra Luna
Tink-a-Tako - Potranco,Silvia Hernandez,204,24,Lobby,,9/22/25 11:40 AM,9/22/25 11:44 AM,3 minutes and 59 seconds,Mayra Luna
Tink-a-Tako - Potranco,Candy  Del angel ,205,,Prep,,9/22/25 11:42 AM,9/22/25 11:46 AM,3 minutes and 44 seconds,Mayra Luna
Tink-a-Tako - Potranco,Candy  Del angel ,205,,Lobby,,9/22/25 11:42 AM,9/22/25 11:46 AM,3 minutes and 44 seconds,Mayra Luna
Tink-a-Tako - Potranco,Silvia Hernandez,185,23,Lobby,,9/22/25 11:46 AM,9/22/25 11:46 AM,35 seconds,Mayra Luna
Tink-a-Tako - Potranco,Candy  Del angel ,203,,Lobby,,9/22/25 11:39 AM,9/22/25 11:49 AM,10 minutes and 11 seconds,Mayra Luna
Tink-a-Tako - Potranco,Maria Majana,206,1,Lobby,,9/22/25 11:44 AM,9/22/25 11:49 AM,5 minutes and 1 second,Mayra Luna
Tink-a-Tako - Potranco,Candy  Del angel ,207,,Lobby,,9/22/25 11:50 AM,9/22/25 11:53 AM,2 minutes and 16 seconds,Mayra Luna
Tink-a-Tako - Potranco,Silvia Hernandez,209,22,Lobby,,9/22/25 11:54 AM,9/22/25 11:56 AM,2 minutes and 5 seconds,Mayra Luna
Tink-a-Tako - Potranco,Silvia Hernandez,190,4,,2,9/22/25 11:29 AM,9/22/25 11:57 AM,27 minutes and 48 seconds,Zoila Salinas
Tink-a-Tako - Potranco,Maria Majana,195,17,,2,9/22/25 11:37 AM,9/22/25 11:57 AM,20 minutes and 23 seconds,Zoila Salinas
Tink-a-Tako - Potranco,Maria Majana,206,1,,2,9/22/25 11:49 AM,9/22/25 11:57 AM,8 minutes and 2 seconds,Zoila Salinas
Tink-a-Tako - Potranco,Rosa Compean,182,22,,2,9/22/25 11:30 AM,9/22/25 11:57 AM,27 minutes and 42 seconds,Zoila Salinas
Tink-a-Tako - Potranco,Silvia Hernandez,209,22,,2,9/22/25 11:56 AM,9/22/25 11:57 AM,1 minute and 3 seconds,Zoila Salinas
Tink-a-Tako - Potranco,Rosa Compean,200,37,,2,9/22/25 11:43 AM,9/22/25 11:57 AM,14 minutes and 2 seconds,Zoila Salinas
Tink-a-Tako - Potranco,Silvia Hernandez,204,24,,2,9/22/25 11:44 AM,9/22/25 11:57 AM,12 minutes and 50 seconds,Zoila Salinas
Tink-a-Tako - Potranco,Candy  Del angel ,205,,,2,9/22/25 11:46 AM,9/22/25 11:57 AM,11 minutes and 43 seconds,Zoila Salinas
Tink-a-Tako - Potranco,Silvia Hernandez,185,23,,2,9/22/25 11:46 AM,9/22/25 11:57 AM,11 minutes and 6 seconds,Zoila Salinas
Tink-a-Tako - Potranco,Ivana Abundiz,202,,,2,9/22/25 11:40 AM,9/22/25 11:57 AM,17 minutes and 17 seconds,Zoila Salinas
Tink-a-Tako - Potranco,Rosa Compean,213,33,Lobby,,9/22/25 11:58 AM,9/22/25 12:00 PM,1 minute and 39 seconds,Mayra Luna
Tink-a-Tako - Potranco,Ivana Abundiz,214,,Lobby,,9/22/25 11:59 AM,9/22/25 12:02 PM,3 minutes and 13 seconds,Mayra Luna
Tink-a-Tako - Potranco,Rosa Compean,213,33,Lobby,,9/22/25 11:58 AM,9/22/25 12:04 PM,6 minutes and 57 seconds,Mayra Luna
Tink-a-Tako - Potranco,Rosa Compean,213,33,Prep,,9/22/25 11:58 AM,9/22/25 12:04 PM,6 minutes and 57 seconds,Mayra Luna
Tink-a-Tako - Potranco,Maria Majana,210,11,Lobby,,9/22/25 11:56 AM,9/22/25 12:04 PM,8 minutes and 45 seconds,Mayra Luna
Tink-a-Tako - Potranco,Ivana Abundiz,215,,Lobby,,9/22/25 12:04 PM,9/22/25 12:06 PM,2 minutes and 18 seconds,Mayra Luna
Tink-a-Tako - Potranco,Candy  Del angel ,211,,Lobby,,9/22/25 11:56 AM,9/22/25 12:09 PM,13 minutes and 38 seconds,Mayra Luna
Tink-a-Tako - Potranco,Rosa Compean,216,35,Lobby,,9/22/25 12:01 PM,9/22/25 12:10 PM,8 minutes and 26 seconds,Mayra Luna
Tink-a-Tako - Potranco,Maria Majana,217,24,Lobby,,9/22/25 12:07 PM,9/22/25 12:10 PM,2 minutes and 57 seconds,Mayra Luna
Tink-a-Tako - Potranco,Rosa Compean,213,33,,2,9/22/25 12:04 PM,9/22/25 12:15 PM,10 minutes and 16 seconds,Zoila Salinas
Tink-a-Tako - Potranco,Rosa Compean,216,35,,2,9/22/25 12:10 PM,9/22/25 12:15 PM,5 minutes and 10 seconds,Zoila Salinas
Tink-a-Tako - Potranco,Maria Majana,217,24,,2,9/22/25 12:10 PM,9/22/25 12:15 PM,5 minutes and 9 seconds,Zoila Salinas
Tink-a-Tako - Potranco,Ivana Abundiz,214,,,2,9/22/25 12:02 PM,9/22/25 12:15 PM,12 minutes and 56 seconds,Zoila Salinas
Tink-a-Tako - Potranco,Maria Majana,210,11,,2,9/22/25 12:04 PM,9/22/25 12:15 PM,10 minutes and 17 seconds,Zoila Salinas
Tink-a-Tako - Potranco,Maria Majana,220,37,Lobby,,9/22/25 12:12 PM,9/22/25 12:15 PM,3 minutes and 26 seconds,Mayra Luna
Tink-a-Tako - Potranco,Maria Majana,220,37,Prep,,9/22/25 12:12 PM,9/22/25 12:15 PM,3 minutes and 26 seconds,Mayra Luna
Tink-a-Tako - Potranco,Rosa Compean,221,18,Lobby,,9/22/25 12:14 PM,9/22/25 12:16 PM,2 minutes and 26 seconds,Mayra Luna
Tink-a-Tako - Potranco,Rosa Compean,218,25,Lobby,,9/22/25 12:09 PM,9/22/25 12:16 PM,7 minutes and 2 seconds,Mayra Luna
Tink-a-Tako - Potranco,Rosa Compean,218,25,Tortillero,,9/22/25 12:09 PM,9/22/25 12:16 PM,7 minutes and 2 seconds,Mayra Luna
Tink-a-Tako - Potranco,Rosa Compean,218,25,Prep,,9/22/25 12:09 PM,9/22/25 12:16 PM,7 minutes and 2 seconds,Mayra Luna
Tink-a-Tako - Potranco,Silvia Hernandez,219,8,Lobby,,9/22/25 12:11 PM,9/22/25 12:20 PM,8 minutes and 23 seconds,Mayra Luna
Tink-a-Tako - Potranco,Silvia Hernandez,219,8,Tortillero,,9/22/25 12:11 PM,9/22/25 12:20 PM,8 minutes and 23 seconds,Mayra Luna
Tink-a-Tako - Potranco,Rosa Compean,222,9,Lobby,,9/22/25 12:15 PM,9/22/25 12:21 PM,6 minutes and 43 seconds,Mayra Luna
Tink-a-Tako - Potranco,Rosa Compean,222,9,Prep,,9/22/25 12:15 PM,9/22/25 12:21 PM,6 minutes and 43 seconds,Mayra Luna
Tink-a-Tako - Potranco,Silvia Hernandez,223,15,Lobby,,9/22/25 12:18 PM,9/22/25 12:25 PM,6 minutes and 34 seconds,Mayra Luna
Tink-a-Tako - Potranco,Silvia Hernandez,223,15,Tortillero,,9/22/25 12:18 PM,9/22/25 12:25 PM,6 minutes and 34 seconds,Mayra Luna
Tink-a-Tako - Potranco,Silvia Hernandez,223,15,Prep,,9/22/25 12:18 PM,9/22/25 12:25 PM,6 minutes and 34 seconds,Mayra Luna
Tink-a-Tako - Potranco,Rosa Compean,213,33,Lobby,,9/22/25 12:21 PM,9/22/25 12:25 PM,3 minutes and 58 seconds,Mayra Luna
Tink-a-Tako - Potranco,Rosa Compean,221,18,,2,9/22/25 12:17 PM,9/22/25 12:26 PM,8 minutes and 13 seconds,Zoila Salinas
Tink-a-Tako - Potranco,Rosa Compean,218,25,,2,9/22/25 12:16 PM,9/22/25 12:26 PM,9 minutes and 33 seconds,Zoila Salinas
Tink-a-Tako - Potranco,Rosa Compean,222,9,,2,9/22/25 12:21 PM,9/22/25 12:26 PM,4 minutes and 12 seconds,Zoila Salinas
Tink-a-Tako - Potranco,Rosa Compean,213,33,,2,9/22/25 12:00 PM,9/22/25 12:26 PM,26 minutes and 9 seconds,Zoila Salinas
Tink-a-Tako - Potranco,Rosa Compean,221,18,,2,9/22/25 12:16 PM,9/22/25 12:26 PM,9 minutes and 43 seconds,Zoila Salinas
Tink-a-Tako - Potranco,Rosa Compean,213,33,,2,9/22/25 12:25 PM,9/22/25 12:26 PM,1 minute and 7 seconds,Zoila Salinas
Tink-a-Tako - Potranco,Silvia Hernandez,219,8,,2,9/22/25 12:20 PM,9/22/25 12:26 PM,6 minutes and 21 seconds,Zoila Salinas
Tink-a-Tako - Potranco,Maria Majana,220,37,,2,9/22/25 12:15 PM,9/22/25 12:26 PM,10 minutes and 55 seconds,Zoila Salinas
Tink-a-Tako - Potranco,Ivana Abundiz,215,,,2,9/22/25 12:06 PM,9/22/25 12:26 PM,20 minutes and 16 seconds,Zoila Salinas
Tink-a-Tako - Potranco,Silvia Hernandez,223,15,,2,9/22/25 12:25 PM,9/22/25 12:26 PM,1 minute and 40 seconds,Zoila Salinas
Tink-a-Tako - Potranco,Candy  Del angel ,224,,Lobby,,9/22/25 12:18 PM,9/22/25 12:28 PM,10 minutes and 4 seconds,Mayra Luna
Tink-a-Tako - Potranco,Ivana Abundiz,225,,Lobby,,9/22/25 12:20 PM,9/22/25 12:29 PM,8 minutes and 31 seconds,Mayra Luna
Tink-a-Tako - Potranco,Maria Majana,227,,Lobby,,9/22/25 12:27 PM,9/22/25 12:33 PM,5 minutes and 57 seconds,Mayra Luna
Tink-a-Tako - Potranco,Maria Majana,227,,Prep,,9/22/25 12:27 PM,9/22/25 12:33 PM,5 minutes and 57 seconds,Mayra Luna
Tink-a-Tako - Potranco,Maria Majana,227,,Tortillero,,9/22/25 12:27 PM,9/22/25 12:33 PM,5 minutes and 57 seconds,Mayra Luna
Tink-a-Tako - Potranco,Candy  Del angel ,226,,Lobby,,9/22/25 12:31 PM,9/22/25 12:34 PM,3 minutes and 23 seconds,Mayra Luna
Tink-a-Tako - Potranco,Silvia Hernandez,231,17,Lobby,,9/22/25 12:33 PM,9/22/25 12:35 PM,2 minutes and 28 seconds,Mayra Luna
Tink-a-Tako - Potranco,Silvia Hernandez,229,34,Lobby,,9/22/25 12:28 PM,9/22/25 12:38 PM,9 minutes and 15 seconds,Mayra Luna
Tink-a-Tako - Potranco,Silvia Hernandez,229,34,Tortillero,,9/22/25 12:28 PM,9/22/25 12:38 PM,9 minutes and 15 seconds,Mayra Luna
Tink-a-Tako - Potranco,Silvia Hernandez,229,34,Prep,,9/22/25 12:28 PM,9/22/25 12:38 PM,9 minutes and 15 seconds,Mayra Luna
Tink-a-Tako - Potranco,Rosa Compean,233,40,Lobby,,9/22/25 12:33 PM,9/22/25 12:38 PM,4 minutes and 56 seconds,Mayra Luna
Tink-a-Tako - Potranco,Candy  Del angel ,235,,Lobby,,9/22/25 12:34 PM,9/22/25 12:39 PM,4 minutes and 55 seconds,Mayra Luna
Tink-a-Tako - Potranco,Rosa Compean,234,33,Lobby,,9/22/25 12:34 PM,9/22/25 12:40 PM,5 minutes and 38 seconds,Mayra Luna
Tink-a-Tako - Potranco,Rosa Compean,234,33,Tortillero,,9/22/25 12:34 PM,9/22/25 12:40 PM,5 minutes and 38 seconds,Mayra Luna
Tink-a-Tako - Potranco,Rosa Compean,234,33,Prep,,9/22/25 12:34 PM,9/22/25 12:40 PM,5 minutes and 38 seconds,Mayra Luna
Tink-a-Tako - Potranco,Silvia Hernandez,237,26,Lobby,,9/22/25 12:39 PM,9/22/25 12:41 PM,1 minute and 29 seconds,Mayra Luna
Tink-a-Tako - Potranco,Candy  Del angel ,236,,Lobby,,9/22/25 12:36 PM,9/22/25 12:46 PM,9 minutes and 33 seconds,Mayra Luna
Tink-a-Tako - Potranco,Maria Majana,239,24,Lobby,,9/22/25 12:42 PM,9/22/25 12:46 PM,3 minutes and 43 seconds,Mayra Luna
Tink-a-Tako - Potranco,Rosa Compean,233,40,,2,9/22/25 12:38 PM,9/22/25 12:48 PM,9 minutes and 13 seconds,Zoila Salinas
Tink-a-Tako - Potranco,Rosa Compean,234,33,,2,9/22/25 12:40 PM,9/22/25 12:48 PM,7 minutes and 53 seconds,Zoila Salinas
Tink-a-Tako - Potranco,Candy  Del angel ,238,,Lobby,,9/22/25 12:43 PM,9/22/25 12:48 PM,5 minutes and 7 seconds,Mayra Luna
Tink-a-Tako - Potranco,Candy  Del angel ,247,,Lobby,,9/22/25 12:48 PM,9/22/25 12:49 PM,42 seconds,Mayra Luna
Tink-a-Tako - Potranco,Candy  Del angel ,242,,Lobby,,9/22/25 12:45 PM,9/22/25 12:51 PM,6 minutes and 2 seconds,Mayra Luna
Tink-a-Tako - Potranco,Rosa Compean,241,32,Lobby,,9/22/25 12:44 PM,9/22/25 12:51 PM,7 minutes and 14 seconds,Mayra Luna
Tink-a-Tako - Potranco,Silvia Hernandez,246,37,Lobby,,9/22/25 12:48 PM,9/22/25 12:55 PM,7 minutes and 28 seconds,Mayra Luna
Tink-a-Tako - Potranco,Silvia Hernandez,246,37,Prep,,9/22/25 12:48 PM,9/22/25 12:55 PM,7 minutes and 28 seconds,Mayra Luna
Tink-a-Tako - Potranco,Ivana Abundiz,225,,,2,9/22/25 12:29 PM,9/22/25 12:56 PM,26 minutes and 43 seconds,Zoila Salinas
Tink-a-Tako - Potranco,Rosa Compean,241,32,,2,9/22/25 12:51 PM,9/22/25 12:56 PM,4 minutes and 30 seconds,Zoila Salinas
Tink-a-Tako - Potranco,Silvia Hernandez,237,26,,2,9/22/25 12:41 PM,9/22/25 12:56 PM,14 minutes and 59 seconds,Zoila Salinas
Tink-a-Tako - Potranco,Silvia Hernandez,229,34,,2,9/22/25 12:38 PM,9/22/25 12:56 PM,18 minutes and 3 seconds,Zoila Salinas
Tink-a-Tako - Potranco,Maria Majana,239,24,,2,9/22/25 12:46 PM,9/22/25 12:56 PM,10 minutes and 1 second,Zoila Salinas
Tink-a-Tako - Potranco,Maria Majana,227,,,2,9/22/25 12:33 PM,9/22/25 12:56 PM,22 minutes and 54 seconds,Zoila Salinas
Tink-a-Tako - Potranco,Silvia Hernandez,231,17,,2,9/22/25 12:35 PM,9/22/25 12:56 PM,20 minutes and 26 seconds,Zoila Salinas
Tink-a-Tako - Potranco,Silvia Hernandez,246,37,,2,9/22/25 12:55 PM,9/22/25 12:56 PM,18 seconds,Zoila Salinas
Tink-a-Tako - Potranco,Rosa Compean,218,25,Lobby,,9/22/25 12:37 PM,9/22/25 12:59 PM,21 minutes and 11 seconds,Mayra Luna
Tink-a-Tako - Potranco,Rosa Compean,218,25,Tortillero,,9/22/25 12:37 PM,9/22/25 12:59 PM,21 minutes and 11 seconds,Mayra Luna
Tink-a-Tako - Potranco,Rosa Compean,218,25,Prep,,9/22/25 12:37 PM,9/22/25 12:59 PM,21 minutes and 11 seconds,Mayra Luna
Tink-a-Tako - Potranco,Candy  Del angel ,245,,Lobby,,9/22/25 12:46 PM,9/22/25 12:59 PM,12 minutes and 41 seconds,Mayra Luna
Tink-a-Tako - Potranco,Silvia Hernandez,223,15,Lobby,,9/22/25 12:55 PM,9/22/25 12:59 PM,4 minutes and 40 seconds,Mayra Luna
Tink-a-Tako - Potranco,Maria Majana,251,11,Lobby,,9/22/25 12:54 PM,9/22/25 1:04 PM,9 minutes and 16 seconds,Mayra Luna
Tink-a-Tako - Potranco,Rosa Compean,233,40,Lobby,,9/22/25 1:05 PM,9/22/25 1:08 PM,2 minutes and 27 seconds,Mayra Luna
Tink-a-Tako - Potranco,Lizeth Alonso,253,,Lobby,,9/22/25 1:11 PM,9/22/25 1:12 PM,1 minute and 41 seconds,Mayra Luna
Tink-a-Tako - Potranco,Rosa Compean,233,40,,2,9/22/25 1:08 PM,9/22/25 1:13 PM,5 minutes and 55 seconds,Zoila Salinas
Tink-a-Tako - Potranco,Silvia Hernandez,223,15,,2,9/22/25 12:59 PM,9/22/25 1:13 PM,14 minutes and 3 seconds,Zoila Salinas
Tink-a-Tako - Potranco,Maria Majana,251,11,,2,9/22/25 1:04 PM,9/22/25 1:13 PM,9 minutes and 50 seconds,Zoila Salinas
Tink-a-Tako - Potranco,Rosa Compean,218,25,,2,9/22/25 12:59 PM,9/22/25 1:13 PM,14 minutes and 47 seconds,Zoila Salinas
Tink-a-Tako - Potranco,Lizeth Alonso,252,,Lobby,,9/22/25 1:09 PM,9/22/25 1:14 PM,4 minutes and 31 seconds,Mayra Luna
Tink-a-Tako - Potranco,Lizeth Alonso,254,,Lobby,,9/22/25 1:12 PM,9/22/25 1:15 PM,3 minutes and 44 seconds,Mayra Luna
Tink-a-Tako - Potranco,Lizeth Alonso,256,,Lobby,,9/22/25 1:15 PM,9/22/25 1:16 PM,1 minute and 3 seconds,Mayra Luna
Tink-a-Tako - Potranco,Maria Majana,243,25,Lobby,,9/22/25 1:14 PM,9/22/25 1:17 PM,2 minutes and 29 seconds,Mayra Luna
Tink-a-Tako - Potranco,Lizeth Alonso,257,,Lobby,,9/22/25 1:16 PM,9/22/25 1:20 PM,4 minutes and 48 seconds,Mayra Luna
Tink-a-Tako - Potranco,Rosa Compean,258,1,Lobby,,9/22/25 1:18 PM,9/22/25 1:24 PM,5 minutes and 45 seconds,Mayra Luna
Tink-a-Tako - Potranco,Silvia Hernandez,255,33,Lobby,,9/22/25 1:20 PM,9/22/25 1:24 PM,3 minutes and 33 seconds,Mayra Luna
Tink-a-Tako - Potranco,Rosa Compean,260,24,Lobby,,9/22/25 1:24 PM,9/22/25 1:30 PM,6 minutes and 17 seconds,Mayra Luna
Tink-a-Tako - Potranco,Rosa Compean,260,24,Tortillero,,9/22/25 1:24 PM,9/22/25 1:30 PM,6 minutes and 17 seconds,Mayra Luna
Tink-a-Tako - Potranco,Rosa Compean,260,24,Prep,,9/22/25 1:24 PM,9/22/25 1:30 PM,6 minutes and 17 seconds,Mayra Luna
Tink-a-Tako - Potranco,Lizeth Alonso,259,,Prep,,9/22/25 1:19 PM,9/22/25 1:34 PM,14 minutes and 28 seconds,Mayra Luna
Tink-a-Tako - Potranco,Lizeth Alonso,259,,Lobby,,9/22/25 1:19 PM,9/22/25 1:34 PM,14 minutes and 28 seconds,Mayra Luna
Tink-a-Tako - Potranco,Lizeth Alonso,259,,Tortillero,,9/22/25 1:19 PM,9/22/25 1:34 PM,14 minutes and 28 seconds,Mayra Luna
Tink-a-Tako - Potranco,Lizeth Alonso,259,,Lobby,,9/22/25 1:32 PM,9/22/25 1:34 PM,2 minutes and 9 seconds,Mayra Luna
Tink-a-Tako - Potranco,Sergio Abundiz,261,18,Lobby,,9/22/25 1:36 PM,9/22/25 1:41 PM,5 minutes and 11 seconds,Mayra Luna
Tink-a-Tako - Potranco,Lizeth Alonso,263,,Lobby,,9/22/25 1:37 PM,9/22/25 1:41 PM,4 minutes and 23 seconds,Mayra Luna
Tink-a-Tako - Potranco,Lizeth Alonso,264,,Lobby,,9/22/25 1:38 PM,9/22/25 1:42 PM,3 minutes and 52 seconds,Mayra Luna
Tink-a-Tako - Potranco,Rosa Compean,260,24,,2,9/22/25 1:30 PM,9/22/25 1:42 PM,11 minutes and 55 seconds,Zoila Salinas
Tink-a-Tako - Potranco,Rosa Compean,258,1,,2,9/22/25 1:24 PM,9/22/25 1:42 PM,17 minutes and 59 seconds,Zoila Salinas
Tink-a-Tako - Potranco,Silvia Hernandez,255,33,,2,9/22/25 1:24 PM,9/22/25 1:42 PM,17 minutes and 56 seconds,Zoila Salinas
Tink-a-Tako - Potranco,Sergio Abundiz,261,18,Lobby,,9/22/25 1:32 PM,9/22/25 1:42 PM,10 minutes and 14 seconds,Mayra Luna
Tink-a-Tako - Potranco,Lizeth Alonso,265,,Lobby,,9/22/25 1:39 PM,9/22/25 1:44 PM,4 minutes and 14 seconds,Mayra Luna
Tink-a-Tako - Potranco,Lizeth Alonso,266,,Lobby,,9/22/25 1:41 PM,9/22/25 1:44 PM,3 minutes and 10 seconds,Mayra Luna
Tink-a-Tako - Potranco,Maria Majana,243,25,,2,9/22/25 1:17 PM,9/22/25 1:48 PM,31 minutes and 13 seconds,Zoila Salinas
Tink-a-Tako - Potranco,Sergio Abundiz,261,18,,2,9/22/25 1:42 PM,9/22/25 1:50 PM,7 minutes and 23 seconds,Zoila Salinas
Tink-a-Tako - Potranco,Sergio Abundiz,261,18,,2,9/22/25 1:41 PM,9/22/25 1:50 PM,8 minutes and 45 seconds,Zoila Salinas
Tink-a-Tako - Potranco,Maria Majana,262,32,,2,9/22/25 1:38 PM,9/22/25 1:50 PM,12 minutes and 22 seconds,Zoila Salinas
Tink-a-Tako - Potranco,Ivana Abundiz,267,,Lobby,,9/22/25 1:48 PM,9/22/25 1:50 PM,1 minute and 53 seconds,Mayra Luna
Tink-a-Tako - Potranco,Ivana Abundiz,267,,,2,9/22/25 1:50 PM,9/22/25 1:52 PM,1 minute and 44 seconds,Zoila Salinas
Tink-a-Tako - Potranco,Lizeth Alonso,268,,Lobby,,9/22/25 1:53 PM,9/22/25 1:54 PM,1 minute and 14 seconds,Mayra Luna
Tink-a-Tako - Potranco,Lizeth Alonso,269,,Lobby,,9/22/25 1:54 PM,9/22/25 1:56 PM,2 minutes and 18 seconds,Mayra Luna
Tink-a-Tako - Potranco,Lizeth Alonso,271,,Lobby,,9/22/25 2:02 PM,9/22/25 2:06 PM,3 minutes and 39 seconds,Mayra Luna
Tink-a-Tako - Potranco,Sergio Abundiz,208,39,Lobby,,9/22/25 2:00 PM,9/22/25 2:07 PM,6 minutes and 59 seconds,Mayra Luna
Tink-a-Tako - Potranco,Sergio Abundiz,208,39,Tortillero,,9/22/25 2:00 PM,9/22/25 2:07 PM,6 minutes and 59 seconds,Mayra Luna
Tink-a-Tako - Potranco,Sergio Abundiz,208,39,Prep,,9/22/25 2:00 PM,9/22/25 2:07 PM,6 minutes and 59 seconds,Mayra Luna
Tink-a-Tako - Potranco,Lizeth Alonso,273,,Lobby,,9/22/25 2:06 PM,9/22/25 2:12 PM,5 minutes and 55 seconds,Mayra Luna
Tink-a-Tako - Potranco,Lizeth Alonso,274,,Lobby,,9/22/25 2:07 PM,9/22/25 2:12 PM,5 minutes and 22 seconds,Mayra Luna
Tink-a-Tako - Potranco,Lizeth Alonso,273,,Prep,,9/22/25 2:10 PM,9/22/25 2:14 PM,4 minutes and 3 seconds,Mayra Luna
Tink-a-Tako - Potranco,Lizeth Alonso,273,,Lobby,,9/22/25 2:10 PM,9/22/25 2:14 PM,4 minutes and 3 seconds,Mayra Luna
Tink-a-Tako - Potranco,Lizeth Alonso,273,,Tortillero,,9/22/25 2:10 PM,9/22/25 2:14 PM,4 minutes and 3 seconds,Mayra Luna
Tink-a-Tako - Potranco,Lizeth Alonso,276,,Lobby,,9/22/25 2:13 PM,9/22/25 2:17 PM,3 minutes and 16 seconds,Mayra Luna
Tink-a-Tako - Potranco,Isabel Cisneros,278,10,Lobby,,9/22/25 2:16 PM,9/22/25 2:18 PM,2 minutes and 25 seconds,Mayra Luna
Tink-a-Tako - Potranco,Sergio Abundiz,275,24,Lobby,,9/22/25 2:12 PM,9/22/25 2:19 PM,7 minutes and 33 seconds,Mayra Luna
Tink-a-Tako - Potranco,Sergio Abundiz,275,24,Tortillero,,9/22/25 2:12 PM,9/22/25 2:19 PM,7 minutes and 33 seconds,Mayra Luna
Tink-a-Tako - Potranco,Sergio Abundiz,275,24,Prep,,9/22/25 2:12 PM,9/22/25 2:19 PM,7 minutes and 33 seconds,Mayra Luna
Tink-a-Tako - Potranco,Isabel Cisneros,281,17,Lobby,,9/22/25 2:22 PM,9/22/25 2:23 PM,1 minute and 25 seconds,Mayra Luna
Tink-a-Tako - Potranco,Sergio Abundiz,279,25,Lobby,,9/22/25 2:19 PM,9/22/25 2:26 PM,7 minutes and 14 seconds,Mayra Luna
Tink-a-Tako - Potranco,Sergio Abundiz,280,35,Lobby,,9/22/25 2:21 PM,9/22/25 2:26 PM,4 minutes and 56 seconds,Mayra Luna
Tink-a-Tako - Potranco,Sergio Abundiz,279,25,Lobby,,9/22/25 2:28 PM,9/22/25 2:33 PM,4 minutes and 21 seconds,Mayra Luna
Tink-a-Tako - Potranco,Lizeth Alonso,282,,Lobby,,9/22/25 2:26 PM,9/22/25 2:34 PM,7 minutes and 50 seconds,Mayra Luna
Tink-a-Tako - Potranco,Lizeth Alonso,284,,Lobby,,9/22/25 2:36 PM,9/22/25 2:38 PM,2 minutes and 17 seconds,Mayra Luna
Tink-a-Tako - Potranco,Lizeth Alonso,285,,Lobby,,9/22/25 2:38 PM,9/22/25 2:49 PM,10 minutes and 22 seconds,Mayra Luna
Tink-a-Tako - Potranco,Lizeth Alonso,286,,Prep,,9/22/25 2:39 PM,9/22/25 2:49 PM,9 minutes and 35 seconds,Mayra Luna
Tink-a-Tako - Potranco,Lizeth Alonso,286,,Lobby,,9/22/25 2:39 PM,9/22/25 2:49 PM,9 minutes and 35 seconds,Mayra Luna
Tink-a-Tako - Potranco,Lizeth Alonso,286,,Tortillero,,9/22/25 2:39 PM,9/22/25 2:49 PM,9 minutes and 35 seconds,Mayra Luna
Tink-a-Tako - Potranco,Lizeth Alonso,287,,Lobby,,9/22/25 2:55 PM,9/22/25 3:03 PM,8 minutes and 8 seconds,Mayra Luna
Tink-a-Tako - Potranco,Lizeth Alonso,288,,Prep,,9/22/25 2:56 PM,9/22/25 3:04 PM,7 minutes and 38 seconds,Mayra Luna
Tink-a-Tako - Potranco,Lizeth Alonso,288,,Lobby,,9/22/25 2:56 PM,9/22/25 3:04 PM,7 minutes and 38 seconds,Mayra Luna
Tink-a-Tako - Potranco,Lizeth Alonso,288,,Tortillero,,9/22/25 2:56 PM,9/22/25 3:04 PM,7 minutes and 38 seconds,Mayra Luna
Tink-a-Tako - Potranco,Lizeth Alonso,289,,Lobby,,9/22/25 3:24 PM,9/22/25 3:24 PM,42 seconds,Mayra Luna
Tink-a-Tako - Potranco,Lizeth Alonso,290,,Lobby,,9/22/25 3:26 PM,9/22/25 3:31 PM,4 minutes and 58 seconds,Mayra Luna
Tink-a-Tako - Potranco,Lizeth Alonso,291,,Lobby,,9/22/25 3:30 PM,9/22/25 3:32 PM,2 minutes and 4 seconds,Mayra Luna
Tink-a-Tako - Potranco,Lizeth Alonso,292,,Lobby,,9/22/25 3:36 PM,9/22/25 3:46 PM,10 minutes and 7 seconds,Mayra Luna
Tink-a-Tako - Potranco,Lizeth Alonso,293,,Lobby,,9/22/25 3:50 PM,9/22/25 3:54 PM,4 minutes and 9 seconds,Mayra Luna
Tink-a-Tako - Potranco,Lizeth Alonso,293,,Lobby,,9/22/25 3:51 PM,9/22/25 3:54 PM,3 minutes and 24 seconds,Mayra Luna
Tink-a-Tako - Potranco,Sergio Abundiz,295,32,Lobby,,9/22/25 3:58 PM,9/22/25 3:59 PM,1 minute and 25 seconds,Mayra Luna
Tink-a-Tako - Potranco,Isabel Cisneros,294,24,Lobby,,9/22/25 3:56 PM,9/22/25 3:59 PM,3 minutes and 48 seconds,Mayra Luna
Tink-a-Tako - Potranco,Sergio Abundiz,275,24,,2,9/22/25 2:19 PM,9/22/25 4:07 PM,"1 hour, 47 minutes and 49 seconds",Zoila Salinas
Tink-a-Tako - Potranco,Sergio Abundiz,208,39,,2,9/22/25 2:07 PM,9/22/25 4:07 PM,"1 hour, 59 minutes and 45 seconds",Zoila Salinas
Tink-a-Tako - Potranco,Sergio Abundiz,279,25,,2,9/22/25 2:26 PM,9/22/25 4:07 PM,"1 hour, 40 minutes and 45 seconds",Zoila Salinas
Tink-a-Tako - Potranco,Isabel Cisneros,278,10,,2,9/22/25 2:18 PM,9/22/25 4:07 PM,"1 hour, 48 minutes and 39 seconds",Zoila Salinas
Tink-a-Tako - Potranco,Sergio Abundiz,280,35,,2,9/22/25 2:26 PM,9/22/25 4:07 PM,"1 hour, 40 minutes and 46 seconds",Zoila Salinas
Tink-a-Tako - Potranco,Sergio Abundiz,295,32,,2,9/22/25 3:59 PM,9/22/25 4:07 PM,7 minutes and 34 seconds,Zoila Salinas
Tink-a-Tako - Potranco,Isabel Cisneros,281,17,,2,9/22/25 2:23 PM,9/22/25 4:07 PM,"1 hour, 43 minutes and 53 seconds",Zoila Salinas
Tink-a-Tako - Potranco,Sergio Abundiz,279,25,,2,9/22/25 2:33 PM,9/22/25 4:07 PM,"1 hour, 34 minutes and 27 seconds",Zoila Salinas
Tink-a-Tako - Potranco,Isabel Cisneros,294,24,,2,9/22/25 3:59 PM,9/22/25 4:07 PM,7 minutes and 48 seconds,Zoila Salinas
Tink-a-Tako - Potranco,Isabel Cisneros,294,24,Lobby,,9/22/25 4:00 PM,9/22/25 4:08 PM,7 minutes and 29 seconds,Mayra Luna
Tink-a-Tako - Potranco,Isabel Cisneros,296,33,Lobby,,9/22/25 3:59 PM,9/22/25 4:08 PM,8 minutes and 37 seconds,Mayra Luna
Tink-a-Tako - Potranco,Isabel Cisneros,296,33,Tortillero,,9/22/25 3:59 PM,9/22/25 4:08 PM,8 minutes and 37 seconds,Mayra Luna
Tink-a-Tako - Potranco,Isabel Cisneros,296,33,,2,9/22/25 4:08 PM,9/22/25 4:08 PM,43 seconds,Zoila Salinas
Tink-a-Tako - Potranco,Isabel Cisneros,294,24,,2,9/22/25 4:08 PM,9/22/25 4:08 PM,43 seconds,Zoila Salinas
Tink-a-Tako - Potranco,Lizeth Alonso,297,,Lobby,,9/22/25 4:08 PM,9/22/25 4:13 PM,5 minutes and 4 seconds,Mayra Luna
Tink-a-Tako - Potranco,Lizeth Alonso,297,,Prep,,9/22/25 4:08 PM,9/22/25 4:13 PM,5 minutes and 4 seconds,Mayra Luna
Tink-a-Tako - Potranco,Lizeth Alonso,299,,Lobby,,9/22/25 4:20 PM,9/22/25 4:21 PM,1 minute and 26 seconds,Mayra Luna
Tink-a-Tako - Potranco,Sergio Abundiz,298,31,Lobby,,9/22/25 4:23 PM,9/22/25 4:31 PM,7 minutes and 58 seconds,Mayra Luna
Tink-a-Tako - Potranco,Sergio Abundiz,298,31,Tortillero,,9/22/25 4:23 PM,9/22/25 4:31 PM,7 minutes and 58 seconds,Mayra Luna
Tink-a-Tako - Potranco,Sergio Abundiz,298,31,Prep,,9/22/25 4:23 PM,9/22/25 4:31 PM,7 minutes and 58 seconds,Mayra Luna
Tink-a-Tako - Potranco,Sergio Abundiz,298,31,,2,9/22/25 4:31 PM,9/22/25 4:32 PM,32 seconds,Zoila Salinas
Tink-a-Tako - Potranco,Sergio Abundiz,298,31,,2,9/22/25 4:31 PM,9/22/25 4:32 PM,32 seconds,Zoila Salinas
Tink-a-Tako - Potranco,Isabel Cisneros,300,23,Lobby,,9/22/25 4:32 PM,9/22/25 4:43 PM,11 minutes and 2 seconds,Mayra Luna
Tink-a-Tako - Potranco,Isabel Cisneros,300,23,Tortillero,,9/22/25 4:32 PM,9/22/25 4:43 PM,11 minutes and 2 seconds,Mayra Luna
Tink-a-Tako - Potranco,Isabel Cisneros,300,23,Prep,,9/22/25 4:32 PM,9/22/25 4:43 PM,11 minutes and 2 seconds,Mayra Luna
Tink-a-Tako - Potranco,Isabel Cisneros,301,18,Lobby,,9/22/25 4:46 PM,9/22/25 4:50 PM,4 minutes and 18 seconds,Mayra Luna
Tink-a-Tako - Potranco,Sergio Abundiz,302,9,Lobby,,9/22/25 4:48 PM,9/22/25 4:54 PM,5 minutes and 24 seconds,Mayra Luna
Tink-a-Tako - Potranco,Lizeth Alonso,303,,Lobby,,9/22/25 4:53 PM,9/22/25 4:57 PM,4 minutes and 10 seconds,Mayra Luna
Tink-a-Tako - Potranco,Lizeth Alonso,304,,Lobby,,9/22/25 4:59 PM,9/22/25 5:00 PM,1 minute and 29 seconds,Mayra Luna
Tink-a-Tako - Potranco,Lizeth Alonso,306,,Lobby,,9/22/25 5:04 PM,9/22/25 5:07 PM,2 minutes and 36 seconds,Mayra Luna
Tink-a-Tako - Potranco,Sergio Abundiz,302,9,Lobby,,9/22/25 5:09 PM,9/22/25 5:13 PM,3 minutes and 41 seconds,Mayra Luna
Tink-a-Tako - Potranco,Lizeth Alonso,305,,Lobby,,9/22/25 5:02 PM,9/22/25 5:14 PM,12 minutes and 33 seconds,Mayra Luna
Tink-a-Tako - Potranco,Lizeth Alonso,307,,Prep,,9/22/25 5:11 PM,9/22/25 5:14 PM,3 minutes and 4 seconds,Mayra Luna
Tink-a-Tako - Potranco,Lizeth Alonso,307,,Lobby,,9/22/25 5:11 PM,9/22/25 5:14 PM,3 minutes and 4 seconds,Mayra Luna
Tink-a-Tako - Potranco,Sergio Abundiz,308,,Prep,,9/22/25 5:06 PM,9/22/25 5:14 PM,8 minutes and 34 seconds,Mayra Luna
Tink-a-Tako - Potranco,Sergio Abundiz,308,,Lobby,,9/22/25 5:06 PM,9/22/25 5:14 PM,8 minutes and 34 seconds,Mayra Luna
Tink-a-Tako - Potranco,Sergio Abundiz,308,,Tortillero,,9/22/25 5:06 PM,9/22/25 5:14 PM,8 minutes and 34 seconds,Mayra Luna
Tink-a-Tako - Potranco,Lizeth Alonso,311,,Lobby,,9/22/25 5:25 PM,9/22/25 5:31 PM,6 minutes and 19 seconds,Mayra Luna
Tink-a-Tako - Potranco,Lizeth Alonso,311,,Prep,,9/22/25 5:25 PM,9/22/25 5:31 PM,6 minutes and 19 seconds,Mayra Luna
Tink-a-Tako - Potranco,Lizeth Alonso,312,,Lobby,,9/22/25 5:25 PM,9/22/25 5:32 PM,6 minutes and 28 seconds,Mayra Luna
Tink-a-Tako - Potranco,Sergio Abundiz,309,32,Lobby,,9/22/25 5:20 PM,9/22/25 5:33 PM,12 minutes and 47 seconds,Mayra Luna
Tink-a-Tako - Potranco,Sergio Abundiz,309,32,Tortillero,,9/22/25 5:20 PM,9/22/25 5:33 PM,12 minutes and 47 seconds,Mayra Luna
Tink-a-Tako - Potranco,Sergio Abundiz,309,32,Prep,,9/22/25 5:20 PM,9/22/25 5:33 PM,12 minutes and 47 seconds,Mayra Luna
Tink-a-Tako - Potranco,Isabel Cisneros,313,25,Lobby,,9/22/25 5:28 PM,9/22/25 5:35 PM,6 minutes and 29 seconds,Mayra Luna
Tink-a-Tako - Potranco,Isabel Cisneros,300,23,,2,9/22/25 4:43 PM,9/22/25 5:37 PM,54 minutes and 1 second,Zoila Salinas
Tink-a-Tako - Potranco,Sergio Abundiz,308,,,2,9/22/25 5:14 PM,9/22/25 5:37 PM,22 minutes and 21 seconds,Zoila Salinas
Tink-a-Tako - Potranco,Isabel Cisneros,301,18,,2,9/22/25 4:50 PM,9/22/25 5:37 PM,46 minutes and 27 seconds,Zoila Salinas
Tink-a-Tako - Potranco,Sergio Abundiz,309,32,,2,9/22/25 5:33 PM,9/22/25 5:37 PM,3 minutes and 34 seconds,Zoila Salinas
Tink-a-Tako - Potranco,Sergio Abundiz,302,9,,2,9/22/25 4:54 PM,9/22/25 5:37 PM,42 minutes and 47 seconds,Zoila Salinas
Tink-a-Tako - Potranco,Sergio Abundiz,302,9,,2,9/22/25 5:13 PM,9/22/25 5:37 PM,23 minutes and 31 seconds,Zoila Salinas
Tink-a-Tako - Potranco,Isabel Cisneros,313,25,,2,9/22/25 5:35 PM,9/22/25 5:37 PM,1 minute and 58 seconds,Zoila Salinas
Tink-a-Tako - Potranco,Sergio Abundiz,314,33,Lobby,,9/22/25 5:39 PM,9/22/25 5:44 PM,4 minutes and 45 seconds,Mayra Luna
Tink-a-Tako - Potranco,Isabel Cisneros,315,24,Lobby,,9/22/25 5:43 PM,9/22/25 5:51 PM,8 minutes and 13 seconds,Mayra Luna
Tink-a-Tako - Potranco,Sergio Abundiz,316,35,Lobby,,9/22/25 5:45 PM,9/22/25 5:57 PM,11 minutes and 49 seconds,Mayra Luna
Tink-a-Tako - Potranco,Sergio Abundiz,316,35,Tortillero,,9/22/25 5:45 PM,9/22/25 5:57 PM,11 minutes and 49 seconds,Mayra Luna
Tink-a-Tako - Potranco,Sergio Abundiz,316,35,Prep,,9/22/25 5:45 PM,9/22/25 5:57 PM,11 minutes and 49 seconds,Mayra Luna
Tink-a-Tako - Potranco,Lizeth Alonso,317,,Lobby,,9/22/25 5:56 PM,9/22/25 6:01 PM,5 minutes and 22 seconds,Mayra Luna
Tink-a-Tako - Potranco,Sergio Abundiz,314,33,,2,9/22/25 5:44 PM,9/22/25 6:11 PM,27 minutes and 16 seconds,Zoila Salinas
Tink-a-Tako - Potranco,Isabel Cisneros,315,24,,2,9/22/25 5:51 PM,9/22/25 6:11 PM,20 minutes and 5 seconds,Zoila Salinas
Tink-a-Tako - Potranco,Sergio Abundiz,316,35,,2,9/22/25 5:57 PM,9/22/25 6:11 PM,14 minutes and 42 seconds,Zoila Salinas
Tink-a-Tako - Potranco,Isabel Cisneros,318,,Lobby,,9/22/25 6:09 PM,9/22/25 6:17 PM,7 minutes and 32 seconds,Mayra Luna
Tink-a-Tako - Potranco,Lizeth Alonso,319,,Lobby,,9/22/25 6:10 PM,9/22/25 6:17 PM,6 minutes and 58 seconds,Mayra Luna
Tink-a-Tako - Potranco,Lizeth Alonso,322,,Lobby,,9/22/25 6:16 PM,9/22/25 6:20 PM,3 minutes and 15 seconds,Mayra Luna
Tink-a-Tako - Potranco,Sergio Abundiz,321,15,Lobby,,9/22/25 6:12 PM,9/22/25 6:20 PM,8 minutes and 4 seconds,Mayra Luna
Tink-a-Tako - Potranco,Lizeth Alonso,324,,Lobby,,9/22/25 6:27 PM,9/22/25 6:37 PM,9 minutes and 51 seconds,Mayra Luna
Tink-a-Tako - Potranco,Lizeth Alonso,323,,Prep,,9/22/25 6:23 PM,9/22/25 6:37 PM,13 minutes and 47 seconds,Mayra Luna
Tink-a-Tako - Potranco,Lizeth Alonso,323,,Lobby,,9/22/25 6:23 PM,9/22/25 6:37 PM,13 minutes and 47 seconds,Mayra Luna
Tink-a-Tako - Potranco,Lizeth Alonso,323,,Tortillero,,9/22/25 6:23 PM,9/22/25 6:37 PM,13 minutes and 47 seconds,Mayra Luna
Tink-a-Tako - Potranco,Isabel Cisneros,327,39,Lobby,,9/22/25 6:30 PM,9/22/25 6:38 PM,8 minutes and 27 seconds,Mayra Luna
Tink-a-Tako - Potranco,Isabel Cisneros,327,39,Tortillero,,9/22/25 6:30 PM,9/22/25 6:38 PM,8 minutes and 27 seconds,Mayra Luna
Tink-a-Tako - Potranco,Isabel Cisneros,327,39,Prep,,9/22/25 6:30 PM,9/22/25 6:38 PM,8 minutes and 27 seconds,Mayra Luna
Tink-a-Tako - Potranco,Isabel Cisneros,326,23,Lobby,,9/22/25 6:29 PM,9/22/25 6:38 PM,8 minutes and 36 seconds,Mayra Luna
Tink-a-Tako - Potranco,Isabel Cisneros,326,23,Tortillero,,9/22/25 6:29 PM,9/22/25 6:38 PM,8 minutes and 36 seconds,Mayra Luna
Tink-a-Tako - Potranco,Isabel Cisneros,326,23,Prep,,9/22/25 6:29 PM,9/22/25 6:38 PM,8 minutes and 36 seconds,Mayra Luna
Tink-a-Tako - Potranco,Lizeth Alonso,325,,Prep,,9/22/25 6:31 PM,9/22/25 6:39 PM,8 minutes and 21 seconds,Mayra Luna
Tink-a-Tako - Potranco,Lizeth Alonso,325,,Lobby,,9/22/25 6:31 PM,9/22/25 6:39 PM,8 minutes and 21 seconds,Mayra Luna
Tink-a-Tako - Potranco,Lizeth Alonso,325,,Tortillero,,9/22/25 6:31 PM,9/22/25 6:39 PM,8 minutes and 21 seconds,Mayra Luna
Tink-a-Tako - Potranco,Isabel Cisneros,328,,Lobby,,9/22/25 6:31 PM,9/22/25 6:41 PM,9 minutes and 47 seconds,Mayra Luna
Tink-a-Tako - Potranco,Isabel Cisneros,328,,Prep,,9/22/25 6:31 PM,9/22/25 6:41 PM,9 minutes and 47 seconds,Mayra Luna
Tink-a-Tako - Potranco,Isabel Cisneros,328,,Tortillero,,9/22/25 6:31 PM,9/22/25 6:41 PM,9 minutes and 47 seconds,Mayra Luna
Tink-a-Tako - Potranco,Sergio Abundiz,332,32,Lobby,,9/22/25 6:41 PM,9/22/25 6:48 PM,6 minutes and 7 seconds,Mayra Luna
Tink-a-Tako - Potranco,Isabel Cisneros,331,42,Lobby,,9/22/25 6:40 PM,9/22/25 6:48 PM,7 minutes and 17 seconds,Mayra Luna
Tink-a-Tako - Potranco,Sergio Abundiz,332,32,Lobby,,9/22/25 6:43 PM,9/22/25 6:48 PM,4 minutes and 58 seconds,Mayra Luna
Tink-a-Tako - Potranco,Sergio Abundiz,330,7,Lobby,,9/22/25 6:36 PM,9/22/25 6:49 PM,12 minutes and 30 seconds,Mayra Luna
Tink-a-Tako - Potranco,Isabel Cisneros,335,22,Lobby,,9/22/25 6:50 PM,9/22/25 6:56 PM,5 minutes and 33 seconds,Mayra Luna
Tink-a-Tako - Potranco,Sergio Abundiz,332,32,Lobby,,9/22/25 7:04 PM,9/22/25 7:05 PM,34 seconds,Mayra Luna
Tink-a-Tako - Potranco,Isabel Cisneros,335,22,Lobby,,9/22/25 7:10 PM,9/22/25 7:14 PM,3 minutes and 24 seconds,Mayra Luna
Tink-a-Tako - Potranco,Lizeth Alonso,333,,Prep,,9/22/25 7:10 PM,9/22/25 7:20 PM,10 minutes and 11 seconds,Mayra Luna
Tink-a-Tako - Potranco,Lizeth Alonso,333,,Lobby,,9/22/25 7:10 PM,9/22/25 7:20 PM,10 minutes and 11 seconds,Mayra Luna
Tink-a-Tako - Potranco,Lizeth Alonso,333,,Tortillero,,9/22/25 7:10 PM,9/22/25 7:20 PM,10 minutes and 11 seconds,Mayra Luna
Tink-a-Tako - Potranco,Isabel Cisneros,335,22,,2,9/22/25 7:14 PM,9/22/25 7:21 PM,7 minutes and 11 seconds,Zoila Salinas
Tink-a-Tako - Potranco,Sergio Abundiz,332,32,,2,9/22/25 7:05 PM,9/22/25 7:21 PM,16 minutes and 20 seconds,Zoila Salinas
Tink-a-Tako - Potranco,Isabel Cisneros,335,22,,2,9/22/25 6:56 PM,9/22/25 7:21 PM,25 minutes and 4 seconds,Zoila Salinas
Tink-a-Tako - Potranco,Sergio Abundiz,332,32,,2,9/22/25 6:48 PM,9/22/25 7:21 PM,33 minutes and 27 seconds,Zoila Salinas
Tink-a-Tako - Potranco,Sergio Abundiz,332,32,,2,9/22/25 6:48 PM,9/22/25 7:21 PM,33 minutes and 31 seconds,Zoila Salinas
Tink-a-Tako - Potranco,Isabel Cisneros,331,42,,2,9/22/25 6:48 PM,9/22/25 7:21 PM,33 minutes and 33 seconds,Zoila Salinas
Tink-a-Tako - Potranco,Isabel Cisneros,327,39,,2,9/22/25 6:38 PM,9/22/25 7:21 PM,43 minutes and 3 seconds,Zoila Salinas
Tink-a-Tako - Potranco,Sergio Abundiz,330,7,,2,9/22/25 6:49 PM,9/22/25 7:21 PM,32 minutes and 13 seconds,Zoila Salinas
Tink-a-Tako - Potranco,Isabel Cisneros,328,,,2,9/22/25 6:41 PM,9/22/25 7:21 PM,39 minutes and 51 seconds,Zoila Salinas
Tink-a-Tako - Potranco,Isabel Cisneros,318,,,2,9/22/25 6:17 PM,9/22/25 7:21 PM,"1 hour, 4 minutes and 8 seconds",Zoila Salinas
Tink-a-Tako - Potranco,Isabel Cisneros,326,23,,2,9/22/25 6:38 PM,9/22/25 7:21 PM,43 minutes and 3 seconds,Zoila Salinas
Tink-a-Tako - Potranco,Sergio Abundiz,321,15,,2,9/22/25 6:20 PM,9/22/25 7:21 PM,"1 hour, 1 minute and 1 second",Zoila Salinas
Tink-a-Tako - Potranco,Sergio Abundiz,334,15,Lobby,,9/22/25 7:22 PM,9/22/25 7:28 PM,5 minutes and 41 seconds,Mayra Luna
Tink-a-Tako - Potranco,Sergio Abundiz,334,15,Lobby,,9/22/25 7:25 PM,9/22/25 7:28 PM,2 minutes and 36 seconds,Mayra Luna
Tink-a-Tako - Potranco,Isabel Cisneros,337,36,Lobby,,9/22/25 7:37 PM,9/22/25 7:39 PM,2 minutes and 36 seconds,Mayra Luna
Tink-a-Tako - Potranco,Isabel Cisneros,337,36,Prep,,9/22/25 7:37 PM,9/22/25 7:39 PM,2 minutes and 36 seconds,Mayra Luna
Tink-a-Tako - Potranco,Isabel Cisneros,338,19,Lobby,,9/22/25 7:39 PM,9/22/25 7:46 PM,7 minutes and 1 second,Mayra Luna
Tink-a-Tako - Potranco,Isabel Cisneros,340,,,2,9/22/25 7:47 PM,9/22/25 7:55 PM,8 minutes and 29 seconds,Zoila Salinas
Tink-a-Tako - Potranco,Isabel Cisneros,337,36,,2,9/22/25 7:39 PM,9/22/25 7:55 PM,15 minutes and 55 seconds,Zoila Salinas
Tink-a-Tako - Potranco,Isabel Cisneros,338,19,,2,9/22/25 7:46 PM,9/22/25 7:55 PM,8 minutes and 47 seconds,Zoila Salinas
Tink-a-Tako - Potranco,Sergio Abundiz,334,15,,2,9/22/25 7:28 PM,9/22/25 7:55 PM,27 minutes and 26 seconds,Zoila Salinas
Tink-a-Tako - Potranco,Sergio Abundiz,334,15,,2,9/22/25 7:28 PM,9/22/25 7:55 PM,27 minutes and 26 seconds,Zoila Salinas
Tink-a-Tako - Potranco,Isabel Cisneros,339,24,Lobby,,9/22/25 7:45 PM,9/22/25 7:59 PM,14 minutes and 2 seconds,Mayra Luna
Tink-a-Tako - Potranco,Isabel Cisneros,339,24,Tortillero,,9/22/25 7:45 PM,9/22/25 7:59 PM,14 minutes and 2 seconds,Mayra Luna
Tink-a-Tako - Potranco,Isabel Cisneros,339,24,Prep,,9/22/25 7:45 PM,9/22/25 7:59 PM,14 minutes and 2 seconds,Mayra Luna
Tink-a-Tako - Potranco,Lizeth Alonso,341,,Lobby,,9/22/25 7:52 PM,9/22/25 8:00 PM,8 minutes and 29 seconds,Mayra Luna
Tink-a-Tako - Potranco,Lizeth Alonso,341,,Prep,,9/22/25 7:52 PM,9/22/25 8:00 PM,8 minutes and 29 seconds,Mayra Luna
Tink-a-Tako - Potranco,Lizeth Alonso,342,,Lobby,,9/22/25 7:55 PM,9/22/25 8:00 PM,5 minutes and 23 seconds,Mayra Luna
Tink-a-Tako - Potranco,Isabel Cisneros,338,19,Lobby,,9/22/25 8:00 PM,9/22/25 8:14 PM,13 minutes and 48 seconds,Mayra Luna
Tink-a-Tako - Potranco,Lizeth Alonso,343,,Lobby,,9/22/25 7:58 PM,9/22/25 8:14 PM,15 minutes and 31 seconds,Mayra Luna
Tink-a-Tako - Potranco,Sergio Abundiz,345,39,Lobby,,9/22/25 8:12 PM,9/22/25 8:19 PM,6 minutes and 59 seconds,Mayra Luna
Tink-a-Tako - Potranco,Sergio Abundiz,345,39,Tortillero,,9/22/25 8:12 PM,9/22/25 8:19 PM,6 minutes and 59 seconds,Mayra Luna
Tink-a-Tako - Potranco,Sergio Abundiz,345,39,Prep,,9/22/25 8:12 PM,9/22/25 8:19 PM,6 minutes and 59 seconds,Mayra Luna
Tink-a-Tako - Potranco,Lizeth Alonso,344,,Lobby,,9/22/25 8:13 PM,9/22/25 8:24 PM,11 minutes and 4 seconds,Mayra Luna
Tink-a-Tako - Potranco,Lizeth Alonso,344,,Prep,,9/22/25 8:13 PM,9/22/25 8:24 PM,11 minutes and 4 seconds,Mayra Luna
Tink-a-Tako - Potranco,Lizeth Alonso,344,,Tortillero,,9/22/25 8:13 PM,9/22/25 8:24 PM,11 minutes and 4 seconds,Mayra Luna
Tink-a-Tako - Potranco,Lizeth Alonso,346,,Lobby,,9/22/25 8:20 PM,9/22/25 8:29 PM,8 minutes and 57 seconds,Mayra Luna
Tink-a-Tako - Potranco,Lizeth Alonso,347,,Lobby,,9/22/25 8:33 PM,9/22/25 8:44 PM,10 minutes and 32 seconds,Mayra Luna
Tink-a-Tako - Potranco,Lizeth Alonso,348,,Lobby,,9/22/25 8:41 PM,9/22/25 8:53 PM,11 minutes and 26 seconds,Mayra Luna
Tink-a-Tako - Potranco,Lizeth Alonso,349,,Lobby,,9/22/25 8:54 PM,9/22/25 8:55 PM,14 seconds,Mayra Luna
Tink-a-Tako - Potranco,Isabel Cisneros,339,24,,2,9/22/25 7:59 PM,9/22/25 9:21 PM,"1 hour, 22 minutes and 24 seconds",Zoila Salinas
Tink-a-Tako - Potranco,Sergio Abundiz,345,39,,2,9/22/25 8:19 PM,9/22/25 9:21 PM,"1 hour, 2 minutes and 36 seconds",Zoila Salinas
Tink-a-Tako - Potranco,Isabel Cisneros,338,19,,2,9/22/25 8:14 PM,9/22/25 9:21 PM,"1 hour, 7 minutes and 18 seconds",Zoila Salinas
