,Location,Employee,Job Title,In Date,Shift Closed Date,Out Date,Hours,Cash Tips Decl.,Cash on Hand,Cash in Drawer,Non-Cash Tips,Cash Gratuity,Non-Cash Gratuity,Tips Withheld,Non-Cash Sales,Cash Sales,Total Sales,Cash Collected?,Tips Paid?,Open,Paid,Closed,Tip Share Total
800000029894803798,Tink-a-Tako - Potranco,Genaro Aviles,Cook,9/22/25 5:27 AM,9/23/25 4:07 AM,9/22/25 3:00 PM,9.55,0.00,0.00,0.00,0.00,0.00,0.00,0.00,0.00,0.00,0.00,yes,yes,0,0,0,0.00
800000029894911833,Tink-a-Tako - Potranco,Maria Majana,Server,9/22/25 6:07 AM,9/22/25 2:08 PM,9/22/25 2:08 PM,8.02,,116.60,0.00,76.81,0.00,0.00,0.00,548.51,116.60,665.11,yes,yes,0,0,29,0.00
800000029895034252,Tink-a-Tako - Potranco,Candy  Del angel ,Drive-Thru,9/22/25 6:27 AM,9/22/25 1:01 PM,9/22/25 1:09 PM,6.71,,0.00,284.44,51.00,0.00,0.00,0.00,1095.22,284.44,1379.66,yes,yes,0,0,118,0.00
800000029895079413,Tink-a-Tako - Potranco,Rosie  ORDONEZ,Shift Manager / Assistant Manager,9/22/25 6:34 AM,9/22/25 2:13 PM,9/22/25 2:13 PM,7.65,,7.67,0.00,5.00,0.00,0.00,0.00,21.11,7.67,28.78,yes,yes,0,0,3,0.00
800000029895776252,Tink-a-Tako - Potranco,Ivana Abundiz,Host,9/22/25 7:46 AM,9/22/25 2:02 PM,9/22/25 2:06 PM,6.33,,0.00,0.00,11.00,0.00,0.00,0.00,169.07,0.00,169.07,yes,yes,0,0,16,0.00
800000029895780775,Tink-a-Tako - Potranco,Rosa Compean,Server,9/22/25 7:47 AM,9/22/25 2:07 PM,9/22/25 2:07 PM,6.35,,160.40,0.00,61.07,0.00,0.00,0.00,610.49,160.40,770.89,yes,yes,0,0,31,0.00
800000029895912461,Tink-a-Tako - Potranco,Silvia Hernandez,Server,9/22/25 7:57 AM,9/22/25 2:03 PM,9/22/25 2:03 PM,6.11,,143.80,0.00,70.42,0.00,0.00,0.00,340.83,143.80,484.63,yes,yes,0,0,25,0.00
800000029903070174,Tink-a-Tako - Potranco,Lizeth Alonso,Host,9/22/25 12:57 PM,9/22/25 9:05 PM,9/22/25 9:00 PM,8.04,0.00,0.00,255.71,16.00,0.00,0.00,0.00,569.20,255.71,824.91,yes,yes,0,0,52,0.00
800000029904118097,Tink-a-Tako - Potranco,Sergio Abundiz,Server,9/22/25 1:32 PM,9/22/25 9:10 PM,9/22/25 9:23 PM,7.86,,106.43,0.00,67.01,0.00,0.00,0.00,495.18,106.43,601.61,yes,yes,0,0,17,0.00
800000029904808443,Tink-a-Tako - Potranco,Jesus Calderon,Cook,9/22/25 1:56 PM,9/22/25 8:54 PM,9/22/25 8:55 PM,6.98,,0.00,0.00,0.00,0.00,0.00,0.00,0.00,0.00,0.00,yes,yes,0,0,0,0.00
800000029904938068,Tink-a-Tako - Potranco,Isabel Cisneros,Server,9/22/25 2:00 PM,9/22/25 9:13 PM,9/22/25 9:24 PM,7.40,,132.21,0.00,45.16,0.00,0.00,0.00,346.16,132.21,478.37,yes,yes,0,0,18,0.00
800000029905296028,Tink-a-Tako - Potranco,Mayra Luna,Shift Manager / Assistant Manager,9/22/25 2:13 PM,9/22/25 9:24 PM,9/22/25 9:24 PM,7.20,,0.00,0.00,0.00,0.00,0.00,0.00,0.00,0.00,0.00,yes,yes,0,0,0,0.00
