Location,Order #,Opened Date,Server,Table,Discount Name,Discount Reason,Comment,Discount Amount
Tink-a-Tako - Potranco,366,9/25/25 8:05 PM,Mayra Luna,,Manager Comp - Item,,,8.99
Tink-a-Tako - Potranco,330,9/25/25 5:25 PM,Melissa Urena,,Military Discount,,,0.50
Tink-a-Tako - Potranco,330,9/25/25 5:25 PM,Melissa Urena,,Military Discount,,,1.30
Tink-a-Tako - Potranco,313,9/25/25 4:35 PM,Sergio Abundiz,9,Police Discount,,,5.50
Tink-a-Tako - Potranco,313,9/25/25 4:35 PM,Sergio Abundiz,9,Police Discount,,,7.00
Tink-a-Tako - Potranco,313,9/25/25 4:35 PM,Sergio Abundiz,9,Police Discount,,,2.00
Tink-a-Tako - Potranco,313,9/25/25 4:35 PM,Sergio Abundiz,9,Police Discount,,,5.00
Tink-a-Tako - Potranco,288,9/25/25 2:57 PM,Juan  Camacho,,Military Discount,,,2.20
Tink-a-Tako - Potranco,288,9/25/25 2:57 PM,Juan  Camacho,,Military Discount,,,0.88
Tink-a-Tako - Potranco,282,9/25/25 2:30 PM,Juan  Camacho,35,Military Discount,,,1.20
Tink-a-Tako - Potranco,226,9/25/25 12:08 PM,Isabel Cisneros,37,Open % Item,,,1.80
Tink-a-Tako - Potranco,226,9/25/25 12:08 PM,Isabel Cisneros,37,Open % Item,,,2.60
Tink-a-Tako - Potranco,182,9/25/25 10:58 AM,Daniela Torres,,Military Discount,,,0.40
Tink-a-Tako - Potranco,182,9/25/25 10:58 AM,Daniela Torres,,Military Discount,,,0.18
Tink-a-Tako - Potranco,129,9/25/25 9:43 AM,Isabel Cisneros,31,Open % Item,,,6.49
Tink-a-Tako - Potranco,111,9/25/25 9:23 AM,Esperansa Caviedes,32,Open % Item,,,0.43
Tink-a-Tako - Potranco,111,9/25/25 9:23 AM,Esperansa Caviedes,32,Open % Item,,,0.60
Tink-a-Tako - Potranco,111,9/25/25 9:23 AM,Esperansa Caviedes,32,Open % Item,,,0.80
Tink-a-Tako - Potranco,91,9/25/25 8:52 AM,Daniela Torres,,Military Discount,,,0.36
Tink-a-Tako - Potranco,85,9/25/25 8:45 AM,Ivana Abundiz,,Employee Discount - Check,Employee Discount,Meseras,31.82
Tink-a-Tako - Potranco,33,9/25/25 7:31 AM,Norma Vasquez,,Open % Check,,,1.48
Tink-a-Tako - Potranco,16,9/25/25 7:05 AM,Daniela Torres,,Military Discount,,,0.55
Tink-a-Tako - Potranco,16,9/25/25 7:05 AM,Daniela Torres,,Military Discount,,,0.44
Tink-a-Tako - Potranco,5,9/25/25 6:37 AM,Daniela Torres,,Military Discount,,,0.20
