Location,Server,Check #,Table,Station,Expediter Level,Fired Date,Fulfilled Date,Fulfillment Time,Fulfilled By
Tink-a-Tako - Potranco,Norma Vasquez,2,,,2,9/25/25 6:28 AM,9/25/25 6:33 AM,4 minutes and 58 seconds,Zoila Salinas
Tink-a-Tako - Potranco,Daniela Torres,1,,Lobby,,9/25/25 6:36 AM,9/25/25 6:40 AM,3 minutes and 35 seconds,Mayra Luna
Tink-a-Tako - Potranco,Daniela Torres,4,,Lobby,,9/25/25 6:37 AM,9/25/25 6:40 AM,3 minutes and 41 seconds,Mayra Luna
Tink-a-Tako - Potranco,Daniela Torres,5,,Lobby,,9/25/25 6:37 AM,9/25/25 6:41 AM,3 minutes and 39 seconds,Mayra Luna
Tink-a-Tako - Potranco,Daniela Torres,6,,Lobby,,9/25/25 6:38 AM,9/25/25 6:42 AM,3 minutes and 30 seconds,Mayra Luna
Tink-a-Tako - Potranco,Daniela Torres,7,,Lobby,,9/25/25 6:42 AM,9/25/25 6:42 AM,24 seconds,Mayra Luna
Tink-a-Tako - Potranco,Daniela Torres,8,,Lobby,,9/25/25 6:43 AM,9/25/25 6:46 AM,3 minutes and 18 seconds,Mayra Luna
Tink-a-Tako - Potranco,Daniela Torres,10,,Lobby,,9/25/25 6:48 AM,9/25/25 6:51 AM,2 minutes and 41 seconds,Mayra Luna
Tink-a-Tako - Potranco,Daniela Torres,9,,Lobby,,9/25/25 6:47 AM,9/25/25 6:51 AM,3 minutes and 44 seconds,Mayra Luna
Tink-a-Tako - Potranco,Daniela Torres,11,,Lobby,,9/25/25 6:54 AM,9/25/25 6:59 AM,4 minutes and 42 seconds,Mayra Luna
Tink-a-Tako - Potranco,Daniela Torres,12,,Lobby,,9/25/25 6:59 AM,9/25/25 7:02 AM,2 minutes and 35 seconds,Mayra Luna
Tink-a-Tako - Potranco,Daniela Torres,12,,Prep,,9/25/25 6:59 AM,9/25/25 7:02 AM,2 minutes and 35 seconds,Mayra Luna
Tink-a-Tako - Potranco,Daniela Torres,14,,Lobby,,9/25/25 7:00 AM,9/25/25 7:03 AM,3 minutes and 44 seconds,Mayra Luna
Tink-a-Tako - Potranco,Daniela Torres,15,,Lobby,,9/25/25 7:04 AM,9/25/25 7:07 AM,3 minutes and 5 seconds,Mayra Luna
Tink-a-Tako - Potranco,Norma Vasquez,18,18,Lobby,,9/25/25 7:05 AM,9/25/25 7:08 AM,3 minutes and 18 seconds,Mayra Luna
Tink-a-Tako - Potranco,Daniela Torres,16,,Lobby,,9/25/25 7:05 AM,9/25/25 7:09 AM,4 minutes and 10 seconds,Mayra Luna
Tink-a-Tako - Potranco,Daniela Torres,13,,Lobby,,9/25/25 7:09 AM,9/25/25 7:11 AM,2 minutes and 23 seconds,Mayra Luna
Tink-a-Tako - Potranco,Daniela Torres,20,,Lobby,,9/25/25 7:17 AM,9/25/25 7:18 AM,24 seconds,Mayra Luna
Tink-a-Tako - Potranco,Norma Vasquez,22,,Lobby,,9/25/25 7:19 AM,9/25/25 7:20 AM,1 minute and 7 seconds,Mayra Luna
Tink-a-Tako - Potranco,Daniela Torres,23,,Lobby,,9/25/25 7:19 AM,9/25/25 7:20 AM,1 minute and 24 seconds,Mayra Luna
Tink-a-Tako - Potranco,Daniela Torres,19,,Lobby,,9/25/25 7:21 AM,9/25/25 7:22 AM,44 seconds,Mayra Luna
Tink-a-Tako - Potranco,Norma Vasquez,22,,,2,9/25/25 7:20 AM,9/25/25 7:22 AM,2 minutes and 10 seconds,Zoila Salinas
Tink-a-Tako - Potranco,Norma Vasquez,18,18,,2,9/25/25 7:08 AM,9/25/25 7:22 AM,14 minutes and 6 seconds,Zoila Salinas
Tink-a-Tako - Potranco,Daniela Torres,25,,Lobby,,9/25/25 7:22 AM,9/25/25 7:23 AM,1 minute and 21 seconds,Mayra Luna
Tink-a-Tako - Potranco,Daniela Torres,26,,Lobby,,9/25/25 7:22 AM,9/25/25 7:24 AM,1 minute and 45 seconds,Mayra Luna
Tink-a-Tako - Potranco,Daniela Torres,21,,Lobby,,9/25/25 7:18 AM,9/25/25 7:24 AM,5 minutes and 30 seconds,Mayra Luna
Tink-a-Tako - Potranco,Daniela Torres,28,,Lobby,,9/25/25 7:24 AM,9/25/25 7:25 AM,46 seconds,Mayra Luna
Tink-a-Tako - Potranco,Daniela Torres,19,,Lobby,,9/25/25 7:26 AM,9/25/25 7:27 AM,1 minute and 4 seconds,Mayra Luna
Tink-a-Tako - Potranco,Daniela Torres,24,,Lobby,,9/25/25 7:21 AM,9/25/25 7:27 AM,5 minutes and 58 seconds,Mayra Luna
Tink-a-Tako - Potranco,Daniela Torres,29,,Lobby,,9/25/25 7:28 AM,9/25/25 7:29 AM,38 seconds,Mayra Luna
Tink-a-Tako - Potranco,Norma Vasquez,30,,Lobby,,9/25/25 7:29 AM,9/25/25 7:31 AM,2 minutes and 12 seconds,Mayra Luna
Tink-a-Tako - Potranco,Daniela Torres,31,,Lobby,,9/25/25 7:29 AM,9/25/25 7:32 AM,2 minutes and 10 seconds,Mayra Luna
Tink-a-Tako - Potranco,Norma Vasquez,33,,Lobby,,9/25/25 7:31 AM,9/25/25 7:32 AM,50 seconds,Mayra Luna
Tink-a-Tako - Potranco,Daniela Torres,32,,Prep,,9/25/25 7:30 AM,9/25/25 7:32 AM,2 minutes and 8 seconds,Mayra Luna
Tink-a-Tako - Potranco,Daniela Torres,32,,Lobby,,9/25/25 7:30 AM,9/25/25 7:32 AM,2 minutes and 8 seconds,Mayra Luna
Tink-a-Tako - Potranco,Daniela Torres,34,,Lobby,,9/25/25 7:32 AM,9/25/25 7:34 AM,2 minutes and 25 seconds,Mayra Luna
Tink-a-Tako - Potranco,Daniela Torres,35,,Lobby,,9/25/25 7:33 AM,9/25/25 7:35 AM,1 minute and 34 seconds,Mayra Luna
Tink-a-Tako - Potranco,Norma Vasquez,30,,,2,9/25/25 7:31 AM,9/25/25 7:35 AM,4 minutes and 17 seconds,Zoila Salinas
Tink-a-Tako - Potranco,Norma Vasquez,33,,,2,9/25/25 7:32 AM,9/25/25 7:35 AM,3 minutes and 22 seconds,Zoila Salinas
Tink-a-Tako - Potranco,Daniela Torres,24,,,2,9/25/25 7:27 AM,9/25/25 7:35 AM,8 minutes and 9 seconds,Zoila Salinas
Tink-a-Tako - Potranco,Daniela Torres,36,,Lobby,,9/25/25 7:33 AM,9/25/25 7:38 AM,4 minutes and 46 seconds,Mayra Luna
Tink-a-Tako - Potranco,Daniela Torres,37,,Lobby,,9/25/25 7:36 AM,9/25/25 7:39 AM,2 minutes and 45 seconds,Mayra Luna
Tink-a-Tako - Potranco,Daniela Torres,38,,Lobby,,9/25/25 7:39 AM,9/25/25 7:39 AM,33 seconds,Mayra Luna
Tink-a-Tako - Potranco,Daniela Torres,39,,Lobby,,9/25/25 7:39 AM,9/25/25 7:40 AM,50 seconds,Mayra Luna
Tink-a-Tako - Potranco,Daniela Torres,40,,Lobby,,9/25/25 7:42 AM,9/25/25 7:45 AM,3 minutes and 20 seconds,Mayra Luna
Tink-a-Tako - Potranco,Daniela Torres,41,,Lobby,,9/25/25 7:42 AM,9/25/25 7:46 AM,3 minutes and 53 seconds,Mayra Luna
Tink-a-Tako - Potranco,Daniela Torres,43,,Lobby,,9/25/25 7:44 AM,9/25/25 7:47 AM,2 minutes and 45 seconds,Mayra Luna
Tink-a-Tako - Potranco,Daniela Torres,44,,Lobby,,9/25/25 7:46 AM,9/25/25 7:49 AM,2 minutes and 50 seconds,Mayra Luna
Tink-a-Tako - Potranco,Daniela Torres,46,,Lobby,,9/25/25 7:51 AM,9/25/25 7:52 AM,1 minute and 46 seconds,Mayra Luna
Tink-a-Tako - Potranco,Daniela Torres,46,,Prep,,9/25/25 7:51 AM,9/25/25 7:52 AM,1 minute and 46 seconds,Mayra Luna
Tink-a-Tako - Potranco,Daniela Torres,42,,Lobby,,9/25/25 7:43 AM,9/25/25 7:53 AM,10 minutes and 17 seconds,Mayra Luna
Tink-a-Tako - Potranco,Daniela Torres,47,,Lobby,,9/25/25 7:54 AM,9/25/25 7:55 AM,1 minute and 23 seconds,Mayra Luna
Tink-a-Tako - Potranco,Daniela Torres,49,,Lobby,,9/25/25 7:55 AM,9/25/25 7:56 AM,47 seconds,Mayra Luna
Tink-a-Tako - Potranco,Daniela Torres,49,,Lobby,,9/25/25 7:55 AM,9/25/25 7:56 AM,21 seconds,Mayra Luna
Tink-a-Tako - Potranco,Daniela Torres,50,,Lobby,,9/25/25 7:55 AM,9/25/25 7:56 AM,1 minute and 25 seconds,Mayra Luna
Tink-a-Tako - Potranco,Norma Vasquez,45,41,Lobby,,9/25/25 7:51 AM,9/25/25 7:57 AM,5 minutes and 39 seconds,Mayra Luna
Tink-a-Tako - Potranco,Daniela Torres,48,,Lobby,,9/25/25 7:55 AM,9/25/25 7:58 AM,2 minutes and 56 seconds,Mayra Luna
Tink-a-Tako - Potranco,Norma Vasquez,45,41,,2,9/25/25 7:57 AM,9/25/25 7:59 AM,2 minutes and 25 seconds,Zoila Salinas
Tink-a-Tako - Potranco,Daniela Torres,52,,Lobby,,9/25/25 7:59 AM,9/25/25 8:00 AM,1 minute and 1 second,Mayra Luna
Tink-a-Tako - Potranco,Norma Vasquez,51,32,Lobby,,9/25/25 7:59 AM,9/25/25 8:03 AM,3 minutes and 32 seconds,Mayra Luna
Tink-a-Tako - Potranco,Daniela Torres,54,,Lobby,,9/25/25 8:03 AM,9/25/25 8:03 AM,27 seconds,Mayra Luna
Tink-a-Tako - Potranco,Daniela Torres,53,,Prep,,9/25/25 8:03 AM,9/25/25 8:05 AM,2 minutes and 37 seconds,Mayra Luna
Tink-a-Tako - Potranco,Daniela Torres,53,,Lobby,,9/25/25 8:03 AM,9/25/25 8:05 AM,2 minutes and 37 seconds,Mayra Luna
Tink-a-Tako - Potranco,Daniela Torres,57,,Lobby,,9/25/25 8:04 AM,9/25/25 8:05 AM,1 minute and 4 seconds,Mayra Luna
Tink-a-Tako - Potranco,Daniela Torres,55,,Lobby,,9/25/25 8:03 AM,9/25/25 8:06 AM,3 minutes and 1 second,Mayra Luna
Tink-a-Tako - Potranco,Daniela Torres,56,,Lobby,,9/25/25 8:04 AM,9/25/25 8:07 AM,2 minutes and 47 seconds,Mayra Luna
Tink-a-Tako - Potranco,Daniela Torres,58,,Lobby,,9/25/25 8:06 AM,9/25/25 8:07 AM,59 seconds,Mayra Luna
Tink-a-Tako - Potranco,Daniela Torres,60,,Lobby,,9/25/25 8:10 AM,9/25/25 8:11 AM,47 seconds,Mayra Luna
Tink-a-Tako - Potranco,Daniela Torres,59,,Lobby,,9/25/25 8:09 AM,9/25/25 8:11 AM,2 minutes and 1 second,Mayra Luna
Tink-a-Tako - Potranco,Daniela Torres,63,,Lobby,,9/25/25 8:14 AM,9/25/25 8:18 AM,4 minutes and 49 seconds,Mayra Luna
Tink-a-Tako - Potranco,Daniela Torres,62,,Prep,,9/25/25 8:13 AM,9/25/25 8:19 AM,5 minutes and 39 seconds,Mayra Luna
Tink-a-Tako - Potranco,Daniela Torres,62,,Lobby,,9/25/25 8:13 AM,9/25/25 8:19 AM,5 minutes and 39 seconds,Mayra Luna
Tink-a-Tako - Potranco,Daniela Torres,62,,Tortillero,,9/25/25 8:13 AM,9/25/25 8:19 AM,5 minutes and 39 seconds,Mayra Luna
Tink-a-Tako - Potranco,Daniela Torres,61,,Prep,,9/25/25 8:11 AM,9/25/25 8:19 AM,8 minutes and 7 seconds,Mayra Luna
Tink-a-Tako - Potranco,Daniela Torres,61,,Lobby,,9/25/25 8:11 AM,9/25/25 8:19 AM,8 minutes and 7 seconds,Mayra Luna
Tink-a-Tako - Potranco,Daniela Torres,61,,Tortillero,,9/25/25 8:11 AM,9/25/25 8:19 AM,8 minutes and 7 seconds,Mayra Luna
Tink-a-Tako - Potranco,Daniela Torres,65,,Lobby,,9/25/25 8:20 AM,9/25/25 8:22 AM,1 minute and 20 seconds,Mayra Luna
Tink-a-Tako - Potranco,Isabel Cisneros,64,17,Lobby,,9/25/25 8:19 AM,9/25/25 8:24 AM,4 minutes and 42 seconds,Mayra Luna
Tink-a-Tako - Potranco,Daniela Torres,67,,Lobby,,9/25/25 8:21 AM,9/25/25 8:24 AM,3 minutes and 25 seconds,Mayra Luna
Tink-a-Tako - Potranco,Daniela Torres,27,,Lobby,,9/25/25 8:22 AM,9/25/25 8:25 AM,2 minutes and 28 seconds,Mayra Luna
Tink-a-Tako - Potranco,Ivana Abundiz,66,,Lobby,,9/25/25 8:21 AM,9/25/25 8:25 AM,4 minutes and 18 seconds,Mayra Luna
Tink-a-Tako - Potranco,Daniela Torres,73,,Lobby,,9/25/25 8:26 AM,9/25/25 8:28 AM,1 minute and 44 seconds,Mayra Luna
Tink-a-Tako - Potranco,Daniela Torres,74,,Lobby,,9/25/25 8:27 AM,9/25/25 8:29 AM,2 minutes and 8 seconds,Mayra Luna
Tink-a-Tako - Potranco,Maria Majana,75,39,Lobby,,9/25/25 8:29 AM,9/25/25 8:32 AM,2 minutes and 59 seconds,Mayra Luna
Tink-a-Tako - Potranco,Daniela Torres,77,,Lobby,,9/25/25 8:32 AM,9/25/25 8:34 AM,1 minute and 39 seconds,Mayra Luna
Tink-a-Tako - Potranco,Daniela Torres,78,,Lobby,,9/25/25 8:35 AM,9/25/25 8:39 AM,4 minutes and 14 seconds,Mayra Luna
Tink-a-Tako - Potranco,Isabel Cisneros,64,17,,2,9/25/25 8:24 AM,9/25/25 8:39 AM,15 minutes and 34 seconds,Zoila Salinas
Tink-a-Tako - Potranco,Norma Vasquez,51,32,,2,9/25/25 8:03 AM,9/25/25 8:39 AM,36 minutes and 41 seconds,Zoila Salinas
Tink-a-Tako - Potranco,Maria Majana,75,39,,2,9/25/25 8:32 AM,9/25/25 8:39 AM,6 minutes and 52 seconds,Zoila Salinas
Tink-a-Tako - Potranco,Ivana Abundiz,66,,,2,9/25/25 8:25 AM,9/25/25 8:39 AM,14 minutes,Zoila Salinas
Tink-a-Tako - Potranco,Daniela Torres,80,,Lobby,,9/25/25 8:35 AM,9/25/25 8:41 AM,5 minutes and 40 seconds,Mayra Luna
Tink-a-Tako - Potranco,Esperansa Caviedes,79,22,Lobby,,9/25/25 8:35 AM,9/25/25 8:41 AM,6 minutes and 8 seconds,Mayra Luna
Tink-a-Tako - Potranco,Daniela Torres,81,,Lobby,,9/25/25 8:37 AM,9/25/25 8:41 AM,4 minutes and 48 seconds,Mayra Luna
Tink-a-Tako - Potranco,Daniela Torres,84,,Lobby,,9/25/25 8:42 AM,9/25/25 8:42 AM,37 seconds,Mayra Luna
Tink-a-Tako - Potranco,Daniela Torres,82,,Lobby,,9/25/25 8:40 AM,9/25/25 8:44 AM,4 minutes and 20 seconds,Mayra Luna
Tink-a-Tako - Potranco,Norma Vasquez,83,25,Lobby,,9/25/25 8:41 AM,9/25/25 8:45 AM,3 minutes and 31 seconds,Mayra Luna
Tink-a-Tako - Potranco,Daniela Torres,86,,Lobby,,9/25/25 8:47 AM,9/25/25 8:49 AM,1 minute and 19 seconds,Mayra Luna
Tink-a-Tako - Potranco,Daniela Torres,86,,Prep,,9/25/25 8:47 AM,9/25/25 8:49 AM,1 minute and 19 seconds,Mayra Luna
Tink-a-Tako - Potranco,Daniela Torres,89,,Lobby,,9/25/25 8:50 AM,9/25/25 8:51 AM,1 minute and 20 seconds,Mayra Luna
Tink-a-Tako - Potranco,Ivana Abundiz,85,,Lobby,,9/25/25 8:46 AM,9/25/25 8:52 AM,5 minutes and 55 seconds,Mayra Luna
Tink-a-Tako - Potranco,Daniela Torres,87,,Lobby,,9/25/25 8:50 AM,9/25/25 8:52 AM,2 minutes and 26 seconds,Mayra Luna
Tink-a-Tako - Potranco,Daniela Torres,91,,Prep,,9/25/25 8:52 AM,9/25/25 8:54 AM,1 minute and 19 seconds,Mayra Luna
Tink-a-Tako - Potranco,Daniela Torres,91,,Lobby,,9/25/25 8:52 AM,9/25/25 8:54 AM,1 minute and 19 seconds,Mayra Luna
Tink-a-Tako - Potranco,Norma Vasquez,83,25,,2,9/25/25 8:45 AM,9/25/25 8:54 AM,9 minutes and 13 seconds,Zoila Salinas
Tink-a-Tako - Potranco,Esperansa Caviedes,79,22,,2,9/25/25 8:41 AM,9/25/25 8:54 AM,12 minutes and 52 seconds,Zoila Salinas
Tink-a-Tako - Potranco,Daniela Torres,90,,Prep,,9/25/25 8:51 AM,9/25/25 8:54 AM,3 minutes and 13 seconds,Mayra Luna
Tink-a-Tako - Potranco,Daniela Torres,90,,Lobby,,9/25/25 8:51 AM,9/25/25 8:54 AM,3 minutes and 13 seconds,Mayra Luna
Tink-a-Tako - Potranco,Norma Vasquez,83,25,Lobby,,9/25/25 8:54 AM,9/25/25 8:55 AM,55 seconds,Mayra Luna
Tink-a-Tako - Potranco,Isabel Cisneros,88,11,Lobby,,9/25/25 8:51 AM,9/25/25 8:55 AM,4 minutes and 6 seconds,Mayra Luna
Tink-a-Tako - Potranco,Daniela Torres,93,,Lobby,,9/25/25 8:53 AM,9/25/25 8:55 AM,2 minutes and 24 seconds,Mayra Luna
Tink-a-Tako - Potranco,Daniela Torres,94,,Lobby,,9/25/25 8:55 AM,9/25/25 8:57 AM,1 minute and 51 seconds,Mayra Luna
Tink-a-Tako - Potranco,Daniela Torres,96,,Lobby,,9/25/25 8:56 AM,9/25/25 8:58 AM,2 minutes and 4 seconds,Mayra Luna
Tink-a-Tako - Potranco,Maria Majana,95,39,Lobby,,9/25/25 8:57 AM,9/25/25 8:58 AM,1 minute and 3 seconds,Mayra Luna
Tink-a-Tako - Potranco,Daniela Torres,97,,Lobby,,9/25/25 9:00 AM,9/25/25 9:04 AM,3 minutes and 44 seconds,Mayra Luna
Tink-a-Tako - Potranco,Norma Vasquez,98,33,Lobby,,9/25/25 9:03 AM,9/25/25 9:05 AM,2 minutes and 16 seconds,Mayra Luna
Tink-a-Tako - Potranco,Daniela Torres,100,,Lobby,,9/25/25 9:06 AM,9/25/25 9:06 AM,31 seconds,Mayra Luna
Tink-a-Tako - Potranco,Ivana Abundiz,85,,Lobby,,9/25/25 8:59 AM,9/25/25 9:06 AM,6 minutes and 54 seconds,Mayra Luna
Tink-a-Tako - Potranco,Daniela Torres,101,,Lobby,,9/25/25 9:06 AM,9/25/25 9:07 AM,35 seconds,Mayra Luna
Tink-a-Tako - Potranco,Isabel Cisneros,99,23,Lobby,,9/25/25 9:06 AM,9/25/25 9:08 AM,2 minutes and 41 seconds,Mayra Luna
Tink-a-Tako - Potranco,Daniela Torres,102,,Lobby,,9/25/25 9:08 AM,9/25/25 9:09 AM,1 minute and 30 seconds,Mayra Luna
Tink-a-Tako - Potranco,Ivana Abundiz,85,,,2,9/25/25 8:52 AM,9/25/25 9:10 AM,18 minutes and 45 seconds,Zoila Salinas
Tink-a-Tako - Potranco,Ivana Abundiz,85,,,2,9/25/25 9:06 AM,9/25/25 9:10 AM,4 minutes and 8 seconds,Zoila Salinas
Tink-a-Tako - Potranco,Isabel Cisneros,88,11,,2,9/25/25 8:55 AM,9/25/25 9:10 AM,15 minutes and 21 seconds,Zoila Salinas
Tink-a-Tako - Potranco,Maria Majana,95,39,,2,9/25/25 8:58 AM,9/25/25 9:10 AM,11 minutes and 54 seconds,Zoila Salinas
Tink-a-Tako - Potranco,Norma Vasquez,83,25,,2,9/25/25 8:55 AM,9/25/25 9:10 AM,15 minutes and 24 seconds,Zoila Salinas
Tink-a-Tako - Potranco,Isabel Cisneros,99,23,,2,9/25/25 9:08 AM,9/25/25 9:10 AM,2 minutes and 4 seconds,Zoila Salinas
Tink-a-Tako - Potranco,Norma Vasquez,98,33,,2,9/25/25 9:05 AM,9/25/25 9:10 AM,5 minutes and 32 seconds,Zoila Salinas
Tink-a-Tako - Potranco,Esperansa Caviedes,103,7,Lobby,,9/25/25 9:09 AM,9/25/25 9:12 AM,2 minutes and 57 seconds,Mayra Luna
Tink-a-Tako - Potranco,Daniela Torres,104,,Lobby,,9/25/25 9:10 AM,9/25/25 9:13 AM,2 minutes and 49 seconds,Mayra Luna
Tink-a-Tako - Potranco,Daniela Torres,105,,Lobby,,9/25/25 9:13 AM,9/25/25 9:13 AM,30 seconds,Mayra Luna
Tink-a-Tako - Potranco,Daniela Torres,106,,Lobby,,9/25/25 9:14 AM,9/25/25 9:14 AM,25 seconds,Mayra Luna
Tink-a-Tako - Potranco,Esperansa Caviedes,92,38,Lobby,,9/25/25 9:14 AM,9/25/25 9:18 AM,4 minutes and 6 seconds,Mayra Luna
Tink-a-Tako - Potranco,Daniela Torres,109,,Prep,,9/25/25 9:20 AM,9/25/25 9:20 AM,36 seconds,Mayra Luna
Tink-a-Tako - Potranco,Daniela Torres,109,,Lobby,,9/25/25 9:20 AM,9/25/25 9:20 AM,36 seconds,Mayra Luna
Tink-a-Tako - Potranco,Daniela Torres,108,,Lobby,,9/25/25 9:19 AM,9/25/25 9:21 AM,2 minutes and 41 seconds,Mayra Luna
Tink-a-Tako - Potranco,Daniela Torres,107,,Lobby,,9/25/25 9:19 AM,9/25/25 9:22 AM,2 minutes and 43 seconds,Mayra Luna
Tink-a-Tako - Potranco,Daniela Torres,110,,Prep,,9/25/25 9:20 AM,9/25/25 9:23 AM,3 minutes and 35 seconds,Mayra Luna
Tink-a-Tako - Potranco,Daniela Torres,110,,Lobby,,9/25/25 9:20 AM,9/25/25 9:23 AM,3 minutes and 35 seconds,Mayra Luna
Tink-a-Tako - Potranco,Daniela Torres,110,,Tortillero,,9/25/25 9:20 AM,9/25/25 9:23 AM,3 minutes and 35 seconds,Mayra Luna
Tink-a-Tako - Potranco,Daniela Torres,112,,Lobby,,9/25/25 9:25 AM,9/25/25 9:25 AM,24 seconds,Mayra Luna
Tink-a-Tako - Potranco,Esperansa Caviedes,111,32,Lobby,,9/25/25 9:25 AM,9/25/25 9:29 AM,3 minutes and 4 seconds,Mayra Luna
Tink-a-Tako - Potranco,Esperansa Caviedes,111,32,Tortillero,,9/25/25 9:25 AM,9/25/25 9:29 AM,3 minutes and 4 seconds,Mayra Luna
Tink-a-Tako - Potranco,Esperansa Caviedes,111,32,Prep,,9/25/25 9:25 AM,9/25/25 9:29 AM,3 minutes and 4 seconds,Mayra Luna
Tink-a-Tako - Potranco,Daniela Torres,70,,Prep,,9/25/25 9:28 AM,9/25/25 9:30 AM,2 minutes and 4 seconds,Mayra Luna
Tink-a-Tako - Potranco,Daniela Torres,70,,Lobby,,9/25/25 9:28 AM,9/25/25 9:30 AM,2 minutes and 4 seconds,Mayra Luna
Tink-a-Tako - Potranco,Daniela Torres,122,,Lobby,,9/25/25 9:32 AM,9/25/25 9:34 AM,1 minute and 36 seconds,Mayra Luna
Tink-a-Tako - Potranco,Daniela Torres,123,,Prep,,9/25/25 9:33 AM,9/25/25 9:34 AM,1 minute and 23 seconds,Mayra Luna
Tink-a-Tako - Potranco,Daniela Torres,123,,Lobby,,9/25/25 9:33 AM,9/25/25 9:34 AM,1 minute and 23 seconds,Mayra Luna
Tink-a-Tako - Potranco,Norma Vasquez,119,37,Lobby,,9/25/25 9:29 AM,9/25/25 9:34 AM,5 minutes and 4 seconds,Mayra Luna
Tink-a-Tako - Potranco,Norma Vasquez,114,24,Lobby,,9/25/25 9:27 AM,9/25/25 9:34 AM,6 minutes and 42 seconds,Mayra Luna
Tink-a-Tako - Potranco,Isabel Cisneros,116,22,Lobby,,9/25/25 9:28 AM,9/25/25 9:34 AM,5 minutes and 55 seconds,Mayra Luna
Tink-a-Tako - Potranco,Maria Majana,120,9,Lobby,,9/25/25 9:32 AM,9/25/25 9:36 AM,3 minutes and 27 seconds,Mayra Luna
Tink-a-Tako - Potranco,Esperansa Caviedes,103,7,,2,9/25/25 9:12 AM,9/25/25 9:36 AM,24 minutes and 1 second,Zoila Salinas
Tink-a-Tako - Potranco,Esperansa Caviedes,111,32,,2,9/25/25 9:29 AM,9/25/25 9:36 AM,7 minutes and 34 seconds,Zoila Salinas
Tink-a-Tako - Potranco,Esperansa Caviedes,92,38,,2,9/25/25 9:18 AM,9/25/25 9:36 AM,18 minutes and 6 seconds,Zoila Salinas
Tink-a-Tako - Potranco,Daniela Torres,121,,Lobby,,9/25/25 9:32 AM,9/25/25 9:37 AM,5 minutes and 1 second,Mayra Luna
Tink-a-Tako - Potranco,Daniela Torres,126,,Lobby,,9/25/25 9:35 AM,9/25/25 9:37 AM,1 minute and 55 seconds,Mayra Luna
Tink-a-Tako - Potranco,Daniela Torres,115,,Lobby,,9/25/25 9:33 AM,9/25/25 9:37 AM,4 minutes and 16 seconds,Mayra Luna
Tink-a-Tako - Potranco,Norma Vasquez,125,17,Lobby,,9/25/25 9:33 AM,9/25/25 9:38 AM,4 minutes and 23 seconds,Mayra Luna
Tink-a-Tako - Potranco,Norma Vasquez,125,17,Tortillero,,9/25/25 9:33 AM,9/25/25 9:38 AM,4 minutes and 23 seconds,Mayra Luna
Tink-a-Tako - Potranco,Norma Vasquez,125,17,Prep,,9/25/25 9:33 AM,9/25/25 9:38 AM,4 minutes and 23 seconds,Mayra Luna
Tink-a-Tako - Potranco,Norma Vasquez,114,24,,2,9/25/25 9:34 AM,9/25/25 9:41 AM,6 minutes and 58 seconds,Zoila Salinas
Tink-a-Tako - Potranco,Isabel Cisneros,116,22,,2,9/25/25 9:34 AM,9/25/25 9:41 AM,6 minutes and 58 seconds,Zoila Salinas
Tink-a-Tako - Potranco,Maria Majana,120,9,,2,9/25/25 9:36 AM,9/25/25 9:41 AM,5 minutes and 13 seconds,Zoila Salinas
Tink-a-Tako - Potranco,Norma Vasquez,125,17,,2,9/25/25 9:38 AM,9/25/25 9:41 AM,3 minutes and 41 seconds,Zoila Salinas
Tink-a-Tako - Potranco,Norma Vasquez,119,37,,2,9/25/25 9:34 AM,9/25/25 9:41 AM,6 minutes and 57 seconds,Zoila Salinas
Tink-a-Tako - Potranco,Daniela Torres,128,,Lobby,,9/25/25 9:42 AM,9/25/25 9:44 AM,1 minute and 57 seconds,Mayra Luna
Tink-a-Tako - Potranco,Ivana Abundiz,117,,Lobby,,9/25/25 9:29 AM,9/25/25 9:45 AM,15 minutes and 48 seconds,Mayra Luna
Tink-a-Tako - Potranco,Ivana Abundiz,118,,Lobby,,9/25/25 9:31 AM,9/25/25 9:45 AM,14 minutes,Mayra Luna
Tink-a-Tako - Potranco,Ivana Abundiz,118,,Tortillero,,9/25/25 9:31 AM,9/25/25 9:45 AM,14 minutes,Mayra Luna
Tink-a-Tako - Potranco,Isabel Cisneros,129,31,Lobby,,9/25/25 9:43 AM,9/25/25 9:46 AM,2 minutes and 46 seconds,Mayra Luna
Tink-a-Tako - Potranco,Daniela Torres,130,,Lobby,,9/25/25 9:47 AM,9/25/25 9:50 AM,3 minutes and 4 seconds,Mayra Luna
Tink-a-Tako - Potranco,Daniela Torres,132,,Lobby,,9/25/25 9:50 AM,9/25/25 9:51 AM,1 minute and 13 seconds,Mayra Luna
Tink-a-Tako - Potranco,Ivana Abundiz,118,,,2,9/25/25 9:45 AM,9/25/25 9:56 AM,10 minutes and 35 seconds,Zoila Salinas
Tink-a-Tako - Potranco,Daniela Torres,131,,Lobby,,9/25/25 9:49 AM,9/25/25 9:56 AM,7 minutes and 4 seconds,Mayra Luna
Tink-a-Tako - Potranco,Daniela Torres,134,,Lobby,,9/25/25 9:53 AM,9/25/25 9:57 AM,4 minutes and 16 seconds,Mayra Luna
Tink-a-Tako - Potranco,Daniela Torres,133,,Lobby,,9/25/25 9:52 AM,9/25/25 9:57 AM,5 minutes and 29 seconds,Mayra Luna
Tink-a-Tako - Potranco,Daniela Torres,136,,Lobby,,9/25/25 9:59 AM,9/25/25 10:00 AM,52 seconds,Mayra Luna
Tink-a-Tako - Potranco,Maria Majana,120,9,Lobby,,9/25/25 9:52 AM,9/25/25 10:00 AM,8 minutes and 7 seconds,Mayra Luna
Tink-a-Tako - Potranco,Esperansa Caviedes,135,18,Lobby,,9/25/25 9:56 AM,9/25/25 10:00 AM,3 minutes and 51 seconds,Mayra Luna
Tink-a-Tako - Potranco,Esperansa Caviedes,135,18,Prep,,9/25/25 9:56 AM,9/25/25 10:00 AM,3 minutes and 51 seconds,Mayra Luna
Tink-a-Tako - Potranco,Daniela Torres,137,,Lobby,,9/25/25 9:59 AM,9/25/25 10:02 AM,2 minutes and 42 seconds,Mayra Luna
Tink-a-Tako - Potranco,Isabel Cisneros,139,33,Lobby,,9/25/25 10:03 AM,9/25/25 10:05 AM,1 minute and 27 seconds,Mayra Luna
Tink-a-Tako - Potranco,Esperansa Caviedes,141,24,Lobby,,9/25/25 10:05 AM,9/25/25 10:07 AM,1 minute and 54 seconds,Mayra Luna
Tink-a-Tako - Potranco,Daniela Torres,138,,Lobby,,9/25/25 10:03 AM,9/25/25 10:09 AM,5 minutes and 44 seconds,Mayra Luna
Tink-a-Tako - Potranco,Esperansa Caviedes,141,24,Lobby,,9/25/25 10:07 AM,9/25/25 10:09 AM,1 minute and 51 seconds,Mayra Luna
Tink-a-Tako - Potranco,Esperansa Caviedes,141,24,Prep,,9/25/25 10:07 AM,9/25/25 10:09 AM,1 minute and 51 seconds,Mayra Luna
Tink-a-Tako - Potranco,Maria Majana,120,9,Lobby,,9/25/25 10:08 AM,9/25/25 10:09 AM,58 seconds,Mayra Luna
Tink-a-Tako - Potranco,Daniela Torres,143,,Lobby,,9/25/25 10:10 AM,9/25/25 10:13 AM,3 minutes and 5 seconds,Mayra Luna
Tink-a-Tako - Potranco,Norma Vasquez,144,39,Lobby,,9/25/25 10:10 AM,9/25/25 10:13 AM,3 minutes and 1 second,Mayra Luna
Tink-a-Tako - Potranco,Esperansa Caviedes,141,24,Lobby,,9/25/25 10:13 AM,9/25/25 10:13 AM,35 seconds,Mayra Luna
Tink-a-Tako - Potranco,Daniela Torres,146,,Lobby,,9/25/25 10:14 AM,9/25/25 10:15 AM,1 minute and 3 seconds,Mayra Luna
Tink-a-Tako - Potranco,Daniela Torres,148,,Lobby,,9/25/25 10:14 AM,9/25/25 10:15 AM,54 seconds,Mayra Luna
Tink-a-Tako - Potranco,Daniela Torres,149,,Lobby,,9/25/25 10:16 AM,9/25/25 10:17 AM,40 seconds,Mayra Luna
Tink-a-Tako - Potranco,Daniela Torres,152,,Lobby,,9/25/25 10:17 AM,9/25/25 10:17 AM,40 seconds,Mayra Luna
Tink-a-Tako - Potranco,Isabel Cisneros,129,31,,2,9/25/25 9:46 AM,9/25/25 10:19 AM,33 minutes and 7 seconds,Zoila Salinas
Tink-a-Tako - Potranco,Esperansa Caviedes,141,24,,2,9/25/25 10:09 AM,9/25/25 10:19 AM,10 minutes and 1 second,Zoila Salinas
Tink-a-Tako - Potranco,Esperansa Caviedes,141,24,,2,9/25/25 10:07 AM,9/25/25 10:19 AM,12 minutes and 16 seconds,Zoila Salinas
Tink-a-Tako - Potranco,Isabel Cisneros,139,33,,2,9/25/25 10:05 AM,9/25/25 10:19 AM,14 minutes and 38 seconds,Zoila Salinas
Tink-a-Tako - Potranco,Maria Majana,120,9,,2,9/25/25 10:09 AM,9/25/25 10:19 AM,10 minutes and 4 seconds,Zoila Salinas
Tink-a-Tako - Potranco,Esperansa Caviedes,135,18,,2,9/25/25 10:00 AM,9/25/25 10:19 AM,19 minutes and 25 seconds,Zoila Salinas
Tink-a-Tako - Potranco,Maria Majana,120,9,,2,9/25/25 10:00 AM,9/25/25 10:19 AM,19 minutes and 27 seconds,Zoila Salinas
Tink-a-Tako - Potranco,Ivana Abundiz,117,,,2,9/25/25 9:45 AM,9/25/25 10:19 AM,34 minutes and 32 seconds,Zoila Salinas
Tink-a-Tako - Potranco,Norma Vasquez,144,39,,2,9/25/25 10:13 AM,9/25/25 10:19 AM,5 minutes and 56 seconds,Zoila Salinas
Tink-a-Tako - Potranco,Esperansa Caviedes,141,24,,2,9/25/25 10:13 AM,9/25/25 10:19 AM,5 minutes and 56 seconds,Zoila Salinas
Tink-a-Tako - Potranco,Norma Vasquez,150,34,Lobby,,9/25/25 10:15 AM,9/25/25 10:21 AM,5 minutes and 55 seconds,Mayra Luna
Tink-a-Tako - Potranco,Norma Vasquez,150,34,Prep,,9/25/25 10:15 AM,9/25/25 10:21 AM,5 minutes and 55 seconds,Mayra Luna
Tink-a-Tako - Potranco,Daniela Torres,153,,Lobby,,9/25/25 10:20 AM,9/25/25 10:22 AM,1 minute and 55 seconds,Mayra Luna
Tink-a-Tako - Potranco,Isabel Cisneros,156,17,Lobby,,9/25/25 10:22 AM,9/25/25 10:23 AM,55 seconds,Mayra Luna
Tink-a-Tako - Potranco,Isabel Cisneros,156,17,Prep,,9/25/25 10:22 AM,9/25/25 10:23 AM,55 seconds,Mayra Luna
Tink-a-Tako - Potranco,Isabel Cisneros,151,38,Lobby,,9/25/25 10:15 AM,9/25/25 10:25 AM,9 minutes and 58 seconds,Mayra Luna
Tink-a-Tako - Potranco,Daniela Torres,159,,Lobby,,9/25/25 10:24 AM,9/25/25 10:27 AM,3 minutes and 25 seconds,Mayra Luna
Tink-a-Tako - Potranco,Daniela Torres,155,,Lobby,,9/25/25 10:22 AM,9/25/25 10:27 AM,5 minutes and 8 seconds,Mayra Luna
Tink-a-Tako - Potranco,Daniela Torres,157,,Lobby,,9/25/25 10:23 AM,9/25/25 10:29 AM,5 minutes and 25 seconds,Mayra Luna
Tink-a-Tako - Potranco,Maria Majana,158,32,Lobby,,9/25/25 10:25 AM,9/25/25 10:32 AM,6 minutes and 55 seconds,Mayra Luna
Tink-a-Tako - Potranco,Norma Vasquez,144,39,Lobby,,9/25/25 10:21 AM,9/25/25 10:32 AM,10 minutes and 29 seconds,Mayra Luna
Tink-a-Tako - Potranco,Norma Vasquez,144,39,Tortillero,,9/25/25 10:21 AM,9/25/25 10:32 AM,10 minutes and 29 seconds,Mayra Luna
Tink-a-Tako - Potranco,Maria Majana,140,42,Lobby,,9/25/25 10:19 AM,9/25/25 10:32 AM,13 minutes and 5 seconds,Mayra Luna
Tink-a-Tako - Potranco,Maria Majana,140,42,Tortillero,,9/25/25 10:19 AM,9/25/25 10:32 AM,13 minutes and 5 seconds,Mayra Luna
Tink-a-Tako - Potranco,Norma Vasquez,144,39,Prep,,9/25/25 10:21 AM,9/25/25 10:32 AM,10 minutes and 29 seconds,Mayra Luna
Tink-a-Tako - Potranco,Isabel Cisneros,163,4,Lobby,,9/25/25 10:28 AM,9/25/25 10:33 AM,4 minutes and 53 seconds,Mayra Luna
Tink-a-Tako - Potranco,Esperansa Caviedes,160,25,Lobby,,9/25/25 10:27 AM,9/25/25 10:36 AM,9 minutes and 25 seconds,Mayra Luna
Tink-a-Tako - Potranco,Esperansa Caviedes,160,25,Prep,,9/25/25 10:27 AM,9/25/25 10:36 AM,9 minutes and 25 seconds,Mayra Luna
Tink-a-Tako - Potranco,Daniela Torres,162,,Lobby,,9/25/25 10:28 AM,9/25/25 10:37 AM,8 minutes and 17 seconds,Mayra Luna
Tink-a-Tako - Potranco,Maria Majana,161,37,Lobby,,9/25/25 10:28 AM,9/25/25 10:37 AM,8 minutes and 42 seconds,Mayra Luna
Tink-a-Tako - Potranco,Norma Vasquez,144,39,Lobby,,9/25/25 10:35 AM,9/25/25 10:37 AM,2 minutes and 18 seconds,Mayra Luna
Tink-a-Tako - Potranco,Daniela Torres,164,,Lobby,,9/25/25 10:29 AM,9/25/25 10:38 AM,8 minutes and 49 seconds,Mayra Luna
Tink-a-Tako - Potranco,Esperansa Caviedes,160,25,,2,9/25/25 10:36 AM,9/25/25 10:40 AM,3 minutes and 35 seconds,Zoila Salinas
Tink-a-Tako - Potranco,Maria Majana,161,37,,2,9/25/25 10:37 AM,9/25/25 10:40 AM,2 minutes and 55 seconds,Zoila Salinas
Tink-a-Tako - Potranco,Daniela Torres,165,,Lobby,,9/25/25 10:30 AM,9/25/25 10:40 AM,9 minutes and 21 seconds,Mayra Luna
Tink-a-Tako - Potranco,Ivana Abundiz,170,,Lobby,,9/25/25 10:38 AM,9/25/25 10:40 AM,1 minute and 51 seconds,Mayra Luna
Tink-a-Tako - Potranco,Daniela Torres,166,,Lobby,,9/25/25 10:31 AM,9/25/25 10:43 AM,11 minutes and 5 seconds,Mayra Luna
Tink-a-Tako - Potranco,Isabel Cisneros,151,38,,2,9/25/25 10:25 AM,9/25/25 10:44 AM,18 minutes and 32 seconds,Zoila Salinas
Tink-a-Tako - Potranco,Norma Vasquez,150,34,,2,9/25/25 10:21 AM,9/25/25 10:44 AM,22 minutes and 36 seconds,Zoila Salinas
Tink-a-Tako - Potranco,Maria Majana,140,42,,2,9/25/25 10:32 AM,9/25/25 10:44 AM,12 minutes,Zoila Salinas
Tink-a-Tako - Potranco,Norma Vasquez,144,39,,2,9/25/25 10:32 AM,9/25/25 10:44 AM,12 minutes and 4 seconds,Zoila Salinas
Tink-a-Tako - Potranco,Isabel Cisneros,156,17,,2,9/25/25 10:23 AM,9/25/25 10:44 AM,21 minutes and 7 seconds,Zoila Salinas
Tink-a-Tako - Potranco,Ivana Abundiz,170,,,2,9/25/25 10:40 AM,9/25/25 10:44 AM,4 minutes and 3 seconds,Zoila Salinas
Tink-a-Tako - Potranco,Maria Majana,158,32,,2,9/25/25 10:32 AM,9/25/25 10:44 AM,12 minutes and 10 seconds,Zoila Salinas
Tink-a-Tako - Potranco,Isabel Cisneros,163,4,,2,9/25/25 10:33 AM,9/25/25 10:44 AM,10 minutes and 39 seconds,Zoila Salinas
Tink-a-Tako - Potranco,Norma Vasquez,144,39,,2,9/25/25 10:37 AM,9/25/25 10:44 AM,6 minutes and 50 seconds,Zoila Salinas
Tink-a-Tako - Potranco,Norma Vasquez,171,33,Lobby,,9/25/25 10:39 AM,9/25/25 10:44 AM,5 minutes and 10 seconds,Mayra Luna
Tink-a-Tako - Potranco,Norma Vasquez,171,33,Lobby,,9/25/25 10:39 AM,9/25/25 10:44 AM,5 minutes and 26 seconds,Mayra Luna
Tink-a-Tako - Potranco,Daniela Torres,167,,Lobby,,9/25/25 10:33 AM,9/25/25 10:44 AM,10 minutes and 54 seconds,Mayra Luna
Tink-a-Tako - Potranco,Esperansa Caviedes,169,17,Lobby,,9/25/25 10:41 AM,9/25/25 10:46 AM,4 minutes and 33 seconds,Mayra Luna
Tink-a-Tako - Potranco,Esperansa Caviedes,169,17,Tortillero,,9/25/25 10:41 AM,9/25/25 10:46 AM,4 minutes and 33 seconds,Mayra Luna
Tink-a-Tako - Potranco,Esperansa Caviedes,169,17,Prep,,9/25/25 10:41 AM,9/25/25 10:46 AM,4 minutes and 33 seconds,Mayra Luna
Tink-a-Tako - Potranco,Daniela Torres,175,,Lobby,,9/25/25 10:41 AM,9/25/25 10:46 AM,5 minutes and 23 seconds,Mayra Luna
Tink-a-Tako - Potranco,Daniela Torres,173,,Lobby,,9/25/25 10:39 AM,9/25/25 10:48 AM,9 minutes and 1 second,Mayra Luna
Tink-a-Tako - Potranco,Ivana Abundiz,176,,Lobby,,9/25/25 10:49 AM,9/25/25 10:50 AM,52 seconds,Mayra Luna
Tink-a-Tako - Potranco,Daniela Torres,179,,Lobby,,9/25/25 10:56 AM,9/25/25 11:00 AM,4 minutes and 32 seconds,Mayra Luna
Tink-a-Tako - Potranco,Norma Vasquez,178,21,Lobby,,9/25/25 10:52 AM,9/25/25 11:01 AM,8 minutes and 14 seconds,Mayra Luna
Tink-a-Tako - Potranco,Maria Majana,172,32,Lobby,,9/25/25 10:51 AM,9/25/25 11:01 AM,9 minutes and 51 seconds,Mayra Luna
Tink-a-Tako - Potranco,Norma Vasquez,177,10,Lobby,,9/25/25 10:52 AM,9/25/25 11:01 AM,8 minutes and 25 seconds,Mayra Luna
Tink-a-Tako - Potranco,Maria Majana,172,32,Lobby,,9/25/25 10:56 AM,9/25/25 11:01 AM,4 minutes and 15 seconds,Mayra Luna
Tink-a-Tako - Potranco,Daniela Torres,179,,Lobby,,9/25/25 10:58 AM,9/25/25 11:01 AM,3 minutes and 12 seconds,Mayra Luna
Tink-a-Tako - Potranco,Daniela Torres,180,,Lobby,,9/25/25 10:56 AM,9/25/25 11:01 AM,5 minutes and 23 seconds,Mayra Luna
Tink-a-Tako - Potranco,Norma Vasquez,184,26,Lobby,,9/25/25 11:01 AM,9/25/25 11:02 AM,1 minute and 7 seconds,Mayra Luna
Tink-a-Tako - Potranco,Daniela Torres,182,,Prep,,9/25/25 10:58 AM,9/25/25 11:02 AM,3 minutes and 53 seconds,Mayra Luna
Tink-a-Tako - Potranco,Daniela Torres,182,,Lobby,,9/25/25 10:58 AM,9/25/25 11:02 AM,3 minutes and 53 seconds,Mayra Luna
Tink-a-Tako - Potranco,Norma Vasquez,177,10,Lobby,,9/25/25 11:03 AM,9/25/25 11:05 AM,2 minutes and 1 second,Mayra Luna
Tink-a-Tako - Potranco,Daniela Torres,127,,Lobby,,9/25/25 11:06 AM,9/25/25 11:08 AM,1 minute and 49 seconds,Mayra Luna
Tink-a-Tako - Potranco,Maria Majana,172,32,,2,9/25/25 11:01 AM,9/25/25 11:11 AM,10 minutes and 56 seconds,Zoila Salinas
Tink-a-Tako - Potranco,Maria Majana,172,32,,2,9/25/25 11:01 AM,9/25/25 11:11 AM,10 minutes and 50 seconds,Zoila Salinas
Tink-a-Tako - Potranco,Norma Vasquez,177,10,,2,9/25/25 11:01 AM,9/25/25 11:11 AM,10 minutes and 52 seconds,Zoila Salinas
Tink-a-Tako - Potranco,Norma Vasquez,184,26,,2,9/25/25 11:02 AM,9/25/25 11:11 AM,9 minutes and 14 seconds,Zoila Salinas
Tink-a-Tako - Potranco,Norma Vasquez,178,21,,2,9/25/25 11:01 AM,9/25/25 11:11 AM,10 minutes and 53 seconds,Zoila Salinas
Tink-a-Tako - Potranco,Esperansa Caviedes,169,17,,2,9/25/25 10:46 AM,9/25/25 11:11 AM,25 minutes and 52 seconds,Zoila Salinas
Tink-a-Tako - Potranco,Daniela Torres,188,,Lobby,,9/25/25 11:13 AM,9/25/25 11:14 AM,1 minute and 21 seconds,Mayra Luna
Tink-a-Tako - Potranco,Daniela Torres,186,,Prep,,9/25/25 11:12 AM,9/25/25 11:14 AM,2 minutes and 20 seconds,Mayra Luna
Tink-a-Tako - Potranco,Daniela Torres,186,,Lobby,,9/25/25 11:12 AM,9/25/25 11:14 AM,2 minutes and 20 seconds,Mayra Luna
Tink-a-Tako - Potranco,Daniela Torres,189,,Lobby,,9/25/25 11:13 AM,9/25/25 11:15 AM,2 minutes and 10 seconds,Mayra Luna
Tink-a-Tako - Potranco,Daniela Torres,190,,Lobby,,9/25/25 11:14 AM,9/25/25 11:16 AM,1 minute and 54 seconds,Mayra Luna
Tink-a-Tako - Potranco,Daniela Torres,192,,Lobby,,9/25/25 11:17 AM,9/25/25 11:19 AM,1 minute and 28 seconds,Mayra Luna
Tink-a-Tako - Potranco,Ivana Abundiz,194,,Lobby,,9/25/25 11:19 AM,9/25/25 11:20 AM,1 minute and 30 seconds,Mayra Luna
Tink-a-Tako - Potranco,Isabel Cisneros,191,24,Lobby,,9/25/25 11:16 AM,9/25/25 11:23 AM,6 minutes and 54 seconds,Mayra Luna
Tink-a-Tako - Potranco,Isabel Cisneros,191,24,Tortillero,,9/25/25 11:16 AM,9/25/25 11:23 AM,6 minutes and 54 seconds,Mayra Luna
Tink-a-Tako - Potranco,Isabel Cisneros,191,24,Prep,,9/25/25 11:16 AM,9/25/25 11:23 AM,6 minutes and 54 seconds,Mayra Luna
Tink-a-Tako - Potranco,Daniela Torres,197,,Lobby,,9/25/25 11:27 AM,9/25/25 11:30 AM,3 minutes and 21 seconds,Mayra Luna
Tink-a-Tako - Potranco,Daniela Torres,199,,Prep,,9/25/25 11:31 AM,9/25/25 11:32 AM,1 minute,Mayra Luna
Tink-a-Tako - Potranco,Daniela Torres,199,,Lobby,,9/25/25 11:31 AM,9/25/25 11:32 AM,1 minute,Mayra Luna
Tink-a-Tako - Potranco,Daniela Torres,200,,Lobby,,9/25/25 11:31 AM,9/25/25 11:33 AM,1 minute and 34 seconds,Mayra Luna
Tink-a-Tako - Potranco,Daniela Torres,201,,Lobby,,9/25/25 11:32 AM,9/25/25 11:34 AM,2 minutes and 12 seconds,Mayra Luna
Tink-a-Tako - Potranco,Isabel Cisneros,198,25,Lobby,,9/25/25 11:29 AM,9/25/25 11:36 AM,7 minutes and 2 seconds,Mayra Luna
Tink-a-Tako - Potranco,Daniela Torres,202,,Lobby,,9/25/25 11:37 AM,9/25/25 11:39 AM,2 minutes and 17 seconds,Mayra Luna
Tink-a-Tako - Potranco,Norma Vasquez,171,33,,2,9/25/25 10:44 AM,9/25/25 11:40 AM,55 minutes and 41 seconds,Zoila Salinas
Tink-a-Tako - Potranco,Norma Vasquez,171,33,,2,9/25/25 10:44 AM,9/25/25 11:40 AM,55 minutes and 42 seconds,Zoila Salinas
Tink-a-Tako - Potranco,Ivana Abundiz,176,,,2,9/25/25 10:50 AM,9/25/25 11:40 AM,50 minutes and 13 seconds,Zoila Salinas
Tink-a-Tako - Potranco,Norma Vasquez,177,10,,2,9/25/25 11:05 AM,9/25/25 11:40 AM,34 minutes and 28 seconds,Zoila Salinas
Tink-a-Tako - Potranco,Isabel Cisneros,191,24,,2,9/25/25 11:23 AM,9/25/25 11:40 AM,17 minutes and 1 second,Zoila Salinas
Tink-a-Tako - Potranco,Isabel Cisneros,198,25,,2,9/25/25 11:36 AM,9/25/25 11:40 AM,4 minutes and 15 seconds,Zoila Salinas
Tink-a-Tako - Potranco,Ivana Abundiz,194,,,2,9/25/25 11:20 AM,9/25/25 11:40 AM,19 minutes and 40 seconds,Zoila Salinas
Tink-a-Tako - Potranco,Daniela Torres,203,,Lobby,,9/25/25 11:38 AM,9/25/25 11:40 AM,2 minutes and 49 seconds,Mayra Luna
Tink-a-Tako - Potranco,Maria Majana,208,32,,2,9/25/25 11:40 AM,9/25/25 11:42 AM,2 minutes,Zoila Salinas
Tink-a-Tako - Potranco,Daniela Torres,204,,Lobby,,9/25/25 11:38 AM,9/25/25 11:42 AM,4 minutes and 5 seconds,Mayra Luna
Tink-a-Tako - Potranco,Daniela Torres,205,,Lobby,,9/25/25 11:39 AM,9/25/25 11:43 AM,4 minutes and 32 seconds,Mayra Luna
Tink-a-Tako - Potranco,Daniela Torres,205,,Lobby,,9/25/25 11:39 AM,9/25/25 11:43 AM,4 minutes and 11 seconds,Mayra Luna
Tink-a-Tako - Potranco,Esperansa Caviedes,169,17,Lobby,,9/25/25 11:38 AM,9/25/25 11:45 AM,7 minutes and 4 seconds,Mayra Luna
Tink-a-Tako - Potranco,Daniela Torres,209,,Lobby,,9/25/25 11:41 AM,9/25/25 11:45 AM,3 minutes and 45 seconds,Mayra Luna
Tink-a-Tako - Potranco,Isabel Cisneros,211,8,Lobby,,9/25/25 11:46 AM,9/25/25 11:47 AM,1 minute and 1 second,Mayra Luna
Tink-a-Tako - Potranco,Daniela Torres,210,,Prep,,9/25/25 11:52 AM,9/25/25 11:53 AM,41 seconds,Mayra Luna
Tink-a-Tako - Potranco,Daniela Torres,210,,Lobby,,9/25/25 11:52 AM,9/25/25 11:53 AM,41 seconds,Mayra Luna
Tink-a-Tako - Potranco,Daniela Torres,214,,Lobby,,9/25/25 11:53 AM,9/25/25 11:54 AM,54 seconds,Mayra Luna
Tink-a-Tako - Potranco,Daniela Torres,215,,Lobby,,9/25/25 11:53 AM,9/25/25 11:54 AM,1 minute and 15 seconds,Mayra Luna
Tink-a-Tako - Potranco,Daniela Torres,218,,Lobby,,9/25/25 11:56 AM,9/25/25 11:58 AM,2 minutes and 41 seconds,Mayra Luna
Tink-a-Tako - Potranco,Maria Majana,213,31,Lobby,,9/25/25 11:53 AM,9/25/25 11:59 AM,5 minutes and 54 seconds,Mayra Luna
Tink-a-Tako - Potranco,Daniela Torres,217,,Lobby,,9/25/25 11:55 AM,9/25/25 12:02 PM,6 minutes and 16 seconds,Mayra Luna
Tink-a-Tako - Potranco,Esperansa Caviedes,216,26,Lobby,,9/25/25 11:54 AM,9/25/25 12:02 PM,7 minutes and 30 seconds,Mayra Luna
Tink-a-Tako - Potranco,Esperansa Caviedes,212,22,Lobby,,9/25/25 11:56 AM,9/25/25 12:02 PM,6 minutes and 43 seconds,Mayra Luna
Tink-a-Tako - Potranco,Daniela Torres,221,,Lobby,,9/25/25 12:03 PM,9/25/25 12:06 PM,3 minutes and 38 seconds,Mayra Luna
Tink-a-Tako - Potranco,Isabel Cisneros,211,8,,2,9/25/25 11:47 AM,9/25/25 12:07 PM,19 minutes and 52 seconds,Zoila Salinas
Tink-a-Tako - Potranco,Esperansa Caviedes,169,17,,2,9/25/25 11:45 AM,9/25/25 12:07 PM,21 minutes and 59 seconds,Zoila Salinas
Tink-a-Tako - Potranco,Esperansa Caviedes,216,26,,2,9/25/25 12:02 PM,9/25/25 12:07 PM,5 minutes and 15 seconds,Zoila Salinas
Tink-a-Tako - Potranco,Maria Majana,213,31,,2,9/25/25 11:59 AM,9/25/25 12:07 PM,8 minutes and 2 seconds,Zoila Salinas
Tink-a-Tako - Potranco,Esperansa Caviedes,212,22,,2,9/25/25 12:02 PM,9/25/25 12:07 PM,4 minutes and 25 seconds,Zoila Salinas
Tink-a-Tako - Potranco,Daniela Torres,222,,Lobby,,9/25/25 12:04 PM,9/25/25 12:07 PM,3 minutes and 23 seconds,Mayra Luna
Tink-a-Tako - Potranco,Isabel Cisneros,224,18,Lobby,,9/25/25 12:05 PM,9/25/25 12:08 PM,3 minutes and 26 seconds,Mayra Luna
Tink-a-Tako - Potranco,Norma Vasquez,225,35,Lobby,,9/25/25 12:06 PM,9/25/25 12:09 PM,3 minutes and 31 seconds,Mayra Luna
Tink-a-Tako - Potranco,Isabel Cisneros,226,37,Lobby,,9/25/25 12:09 PM,9/25/25 12:13 PM,4 minutes and 10 seconds,Mayra Luna
Tink-a-Tako - Potranco,Ivana Abundiz,223,,Lobby,,9/25/25 12:06 PM,9/25/25 12:13 PM,7 minutes,Mayra Luna
Tink-a-Tako - Potranco,Daniela Torres,227,,Lobby,,9/25/25 12:09 PM,9/25/25 12:14 PM,4 minutes and 36 seconds,Mayra Luna
Tink-a-Tako - Potranco,Daniela Torres,229,,Lobby,,9/25/25 12:13 PM,9/25/25 12:14 PM,1 minute and 7 seconds,Mayra Luna
Tink-a-Tako - Potranco,Daniela Torres,228,,Lobby,,9/25/25 12:12 PM,9/25/25 12:15 PM,2 minutes and 28 seconds,Mayra Luna
Tink-a-Tako - Potranco,Norma Vasquez,225,35,,2,9/25/25 12:09 PM,9/25/25 12:16 PM,7 minutes and 13 seconds,Zoila Salinas
Tink-a-Tako - Potranco,Isabel Cisneros,226,37,,2,9/25/25 12:13 PM,9/25/25 12:16 PM,3 minutes and 31 seconds,Zoila Salinas
Tink-a-Tako - Potranco,Ivana Abundiz,223,,,2,9/25/25 12:13 PM,9/25/25 12:16 PM,3 minutes and 10 seconds,Zoila Salinas
Tink-a-Tako - Potranco,Isabel Cisneros,224,18,,2,9/25/25 12:08 PM,9/25/25 12:16 PM,7 minutes and 58 seconds,Zoila Salinas
Tink-a-Tako - Potranco,Daniela Torres,230,,Lobby,,9/25/25 12:15 PM,9/25/25 12:17 PM,2 minutes and 13 seconds,Mayra Luna
Tink-a-Tako - Potranco,Ivana Abundiz,233,,Lobby,,9/25/25 12:22 PM,9/25/25 12:25 PM,2 minutes and 38 seconds,Mayra Luna
Tink-a-Tako - Potranco,Ivana Abundiz,232,,Lobby,,9/25/25 12:22 PM,9/25/25 12:26 PM,3 minutes and 59 seconds,Mayra Luna
Tink-a-Tako - Potranco,Maria Majana,220,25,Lobby,,9/25/25 12:19 PM,9/25/25 12:26 PM,7 minutes and 22 seconds,Mayra Luna
Tink-a-Tako - Potranco,Maria Majana,220,25,Tortillero,,9/25/25 12:19 PM,9/25/25 12:26 PM,7 minutes and 22 seconds,Mayra Luna
Tink-a-Tako - Potranco,Esperansa Caviedes,235,11,Lobby,,9/25/25 12:25 PM,9/25/25 12:29 PM,3 minutes and 45 seconds,Mayra Luna
Tink-a-Tako - Potranco,Esperansa Caviedes,235,11,,2,9/25/25 12:29 PM,9/25/25 12:30 PM,1 minute and 21 seconds,Zoila Salinas
Tink-a-Tako - Potranco,Maria Majana,220,25,,2,9/25/25 12:26 PM,9/25/25 12:30 PM,4 minutes and 10 seconds,Zoila Salinas
Tink-a-Tako - Potranco,Ivana Abundiz,232,,,2,9/25/25 12:26 PM,9/25/25 12:30 PM,4 minutes and 26 seconds,Zoila Salinas
Tink-a-Tako - Potranco,Ivana Abundiz,233,,,2,9/25/25 12:25 PM,9/25/25 12:32 PM,7 minutes and 27 seconds,Zoila Salinas
Tink-a-Tako - Potranco,Daniela Torres,236,,Lobby,,9/25/25 12:32 PM,9/25/25 12:35 PM,2 minutes and 52 seconds,Mayra Luna
Tink-a-Tako - Potranco,Daniela Torres,236,,Prep,,9/25/25 12:32 PM,9/25/25 12:35 PM,2 minutes and 52 seconds,Mayra Luna
Tink-a-Tako - Potranco,Daniela Torres,240,,Lobby,,9/25/25 12:39 PM,9/25/25 12:42 PM,2 minutes and 52 seconds,Mayra Luna
Tink-a-Tako - Potranco,Daniela Torres,239,,Lobby,,9/25/25 12:36 PM,9/25/25 12:42 PM,6 minutes and 16 seconds,Mayra Luna
Tink-a-Tako - Potranco,Esperansa Caviedes,238,32,Lobby,,9/25/25 12:35 PM,9/25/25 12:43 PM,8 minutes and 5 seconds,Mayra Luna
Tink-a-Tako - Potranco,Daniela Torres,241,,Prep,,9/25/25 12:41 PM,9/25/25 12:50 PM,9 minutes and 26 seconds,Mayra Luna
Tink-a-Tako - Potranco,Daniela Torres,241,,Lobby,,9/25/25 12:41 PM,9/25/25 12:50 PM,9 minutes and 26 seconds,Mayra Luna
Tink-a-Tako - Potranco,Daniela Torres,237,,Lobby,,9/25/25 12:35 PM,9/25/25 12:50 PM,15 minutes and 6 seconds,Mayra Luna
Tink-a-Tako - Potranco,Daniela Torres,237,,Prep,,9/25/25 12:35 PM,9/25/25 12:50 PM,15 minutes and 6 seconds,Mayra Luna
Tink-a-Tako - Potranco,Daniela Torres,237,,Tortillero,,9/25/25 12:35 PM,9/25/25 12:50 PM,15 minutes and 6 seconds,Mayra Luna
Tink-a-Tako - Potranco,Daniela Torres,245,,Lobby,,9/25/25 12:50 PM,9/25/25 12:51 PM,1 minute and 12 seconds,Mayra Luna
Tink-a-Tako - Potranco,Daniela Torres,246,,Lobby,,9/25/25 12:51 PM,9/25/25 12:54 PM,3 minutes and 44 seconds,Mayra Luna
Tink-a-Tako - Potranco,Daniela Torres,248,,Lobby,,9/25/25 12:54 PM,9/25/25 12:55 PM,1 minute and 4 seconds,Mayra Luna
Tink-a-Tako - Potranco,Rosie  ORDONEZ,247,33,Lobby,,9/25/25 12:54 PM,9/25/25 12:56 PM,2 minutes and 2 seconds,Mayra Luna
Tink-a-Tako - Potranco,Daniela Torres,248,,Lobby,,9/25/25 12:56 PM,9/25/25 12:56 PM,40 seconds,Mayra Luna
Tink-a-Tako - Potranco,Daniela Torres,251,,Lobby,,9/25/25 12:56 PM,9/25/25 12:57 PM,1 minute and 12 seconds,Mayra Luna
Tink-a-Tako - Potranco,Isabel Cisneros,250,7,Lobby,,9/25/25 12:55 PM,9/25/25 12:57 PM,2 minutes and 15 seconds,Mayra Luna
Tink-a-Tako - Potranco,Maria Majana,244,24,Lobby,,9/25/25 12:53 PM,9/25/25 12:57 PM,3 minutes and 44 seconds,Mayra Luna
Tink-a-Tako - Potranco,Maria Majana,244,24,Tortillero,,9/25/25 12:53 PM,9/25/25 12:57 PM,3 minutes and 44 seconds,Mayra Luna
Tink-a-Tako - Potranco,Daniela Torres,252,,Lobby,,9/25/25 1:01 PM,9/25/25 1:04 PM,3 minutes and 3 seconds,Mayra Luna
Tink-a-Tako - Potranco,Maria Majana,244,24,,2,9/25/25 12:57 PM,9/25/25 1:06 PM,8 minutes and 19 seconds,Zoila Salinas
Tink-a-Tako - Potranco,Esperansa Caviedes,238,32,,2,9/25/25 12:43 PM,9/25/25 1:06 PM,22 minutes and 9 seconds,Zoila Salinas
Tink-a-Tako - Potranco,Esperansa Caviedes,238,32,Lobby,,9/25/25 1:05 PM,9/25/25 1:08 PM,3 minutes and 47 seconds,Mayra Luna
Tink-a-Tako - Potranco,Esperansa Caviedes,249,25,Lobby,,9/25/25 12:58 PM,9/25/25 1:08 PM,10 minutes and 44 seconds,Mayra Luna
Tink-a-Tako - Potranco,Daniela Torres,254,,Lobby,,9/25/25 1:09 PM,9/25/25 1:10 PM,39 seconds,Mayra Luna
Tink-a-Tako - Potranco,Esperansa Caviedes,249,25,,2,9/25/25 1:08 PM,9/25/25 1:15 PM,6 minutes and 36 seconds,Zoila Salinas
Tink-a-Tako - Potranco,Isabel Cisneros,250,7,,2,9/25/25 12:57 PM,9/25/25 1:15 PM,17 minutes and 43 seconds,Zoila Salinas
Tink-a-Tako - Potranco,Rosie  ORDONEZ,247,33,,2,9/25/25 12:56 PM,9/25/25 1:15 PM,18 minutes and 54 seconds,Zoila Salinas
Tink-a-Tako - Potranco,Esperansa Caviedes,238,32,,2,9/25/25 1:08 PM,9/25/25 1:15 PM,6 minutes and 38 seconds,Zoila Salinas
Tink-a-Tako - Potranco,Daniela Torres,256,,Prep,,9/25/25 1:11 PM,9/25/25 1:16 PM,4 minutes and 35 seconds,Mayra Luna
Tink-a-Tako - Potranco,Daniela Torres,256,,Lobby,,9/25/25 1:11 PM,9/25/25 1:16 PM,4 minutes and 35 seconds,Mayra Luna
Tink-a-Tako - Potranco,Daniela Torres,256,,Tortillero,,9/25/25 1:11 PM,9/25/25 1:16 PM,4 minutes and 35 seconds,Mayra Luna
Tink-a-Tako - Potranco,Maria Majana,259,37,Lobby,,9/25/25 1:19 PM,9/25/25 1:23 PM,3 minutes and 40 seconds,Mayra Luna
Tink-a-Tako - Potranco,Daniela Torres,260,,Lobby,,9/25/25 1:17 PM,9/25/25 1:23 PM,5 minutes and 42 seconds,Mayra Luna
Tink-a-Tako - Potranco,Daniela Torres,261,,Lobby,,9/25/25 1:24 PM,9/25/25 1:26 PM,2 minutes,Mayra Luna
Tink-a-Tako - Potranco,Isabel Cisneros,263,15,Lobby,,9/25/25 1:32 PM,9/25/25 1:35 PM,2 minutes and 37 seconds,Mayra Luna
Tink-a-Tako - Potranco,Daniela Torres,264,,Lobby,,9/25/25 1:34 PM,9/25/25 1:38 PM,4 minutes and 22 seconds,Mayra Luna
Tink-a-Tako - Potranco,Maria Majana,259,37,,2,9/25/25 1:23 PM,9/25/25 1:43 PM,20 minutes and 31 seconds,Zoila Salinas
Tink-a-Tako - Potranco,Isabel Cisneros,263,15,,2,9/25/25 1:35 PM,9/25/25 1:43 PM,8 minutes and 53 seconds,Zoila Salinas
Tink-a-Tako - Potranco,Ivana Abundiz,269,,Lobby,,9/25/25 1:43 PM,9/25/25 1:44 PM,46 seconds,Mayra Luna
Tink-a-Tako - Potranco,Daniela Torres,267,,Lobby,,9/25/25 1:42 PM,9/25/25 1:45 PM,3 minutes and 26 seconds,Mayra Luna
Tink-a-Tako - Potranco,Daniela Torres,268,,Lobby,,9/25/25 1:44 PM,9/25/25 1:47 PM,2 minutes and 11 seconds,Mayra Luna
Tink-a-Tako - Potranco,Ivana Abundiz,266,,Prep,,9/25/25 1:42 PM,9/25/25 1:47 PM,4 minutes and 54 seconds,Mayra Luna
Tink-a-Tako - Potranco,Ivana Abundiz,266,,Lobby,,9/25/25 1:42 PM,9/25/25 1:47 PM,4 minutes and 54 seconds,Mayra Luna
Tink-a-Tako - Potranco,Ivana Abundiz,266,,Tortillero,,9/25/25 1:42 PM,9/25/25 1:47 PM,4 minutes and 54 seconds,Mayra Luna
Tink-a-Tako - Potranco,Maria Majana,265,22,Lobby,,9/25/25 1:40 PM,9/25/25 1:47 PM,6 minutes and 58 seconds,Mayra Luna
Tink-a-Tako - Potranco,Daniela Torres,271,,Lobby,,9/25/25 1:55 PM,9/25/25 1:56 PM,1 minute and 29 seconds,Mayra Luna
Tink-a-Tako - Potranco,Daniela Torres,271,,Prep,,9/25/25 1:55 PM,9/25/25 1:56 PM,1 minute and 29 seconds,Mayra Luna
Tink-a-Tako - Potranco,Ivana Abundiz,85,,Lobby,,9/25/25 1:52 PM,9/25/25 1:57 PM,4 minutes and 44 seconds,Mayra Luna
Tink-a-Tako - Potranco,Ivana Abundiz,85,,Lobby,,9/25/25 1:44 PM,9/25/25 1:57 PM,12 minutes and 32 seconds,Mayra Luna
Tink-a-Tako - Potranco,Ivana Abundiz,85,,Tortillero,,9/25/25 1:44 PM,9/25/25 1:57 PM,12 minutes and 32 seconds,Mayra Luna
Tink-a-Tako - Potranco,Maria Majana,265,22,,2,9/25/25 1:47 PM,9/25/25 2:04 PM,16 minutes and 33 seconds,Zoila Salinas
Tink-a-Tako - Potranco,Ivana Abundiz,266,,,2,9/25/25 1:47 PM,9/25/25 2:04 PM,16 minutes and 38 seconds,Zoila Salinas
Tink-a-Tako - Potranco,Daniela Torres,274,,Lobby,,9/25/25 2:01 PM,9/25/25 2:04 PM,3 minutes and 10 seconds,Mayra Luna
Tink-a-Tako - Potranco,Ivana Abundiz,270,,Lobby,,9/25/25 1:50 PM,9/25/25 2:04 PM,14 minutes and 36 seconds,Mayra Luna
Tink-a-Tako - Potranco,Daniela Torres,276,,Lobby,,9/25/25 2:02 PM,9/25/25 2:06 PM,3 minutes and 43 seconds,Mayra Luna
Tink-a-Tako - Potranco,Daniela Torres,275,,Lobby,,9/25/25 2:01 PM,9/25/25 2:08 PM,6 minutes and 27 seconds,Mayra Luna
Tink-a-Tako - Potranco,Daniela Torres,275,,Tortillero,,9/25/25 2:01 PM,9/25/25 2:08 PM,6 minutes and 27 seconds,Mayra Luna
Tink-a-Tako - Potranco,Ivana Abundiz,85,,,2,9/25/25 1:57 PM,9/25/25 2:08 PM,11 minutes and 15 seconds,Zoila Salinas
Tink-a-Tako - Potranco,Ivana Abundiz,269,,,2,9/25/25 1:44 PM,9/25/25 2:08 PM,24 minutes and 37 seconds,Zoila Salinas
Tink-a-Tako - Potranco,Sergio Abundiz,273,32,,2,9/25/25 2:08 PM,9/25/25 2:08 PM,2 seconds,Zoila Salinas
Tink-a-Tako - Potranco,Ivana Abundiz,270,,,2,9/25/25 2:04 PM,9/25/25 2:08 PM,4 minutes,Zoila Salinas
Tink-a-Tako - Potranco,Ivana Abundiz,85,,,2,9/25/25 1:57 PM,9/25/25 2:08 PM,11 minutes and 18 seconds,Zoila Salinas
Tink-a-Tako - Potranco,Sergio Abundiz,273,32,Lobby,,9/25/25 1:58 PM,9/25/25 2:08 PM,10 minutes and 31 seconds,Mayra Luna
Tink-a-Tako - Potranco,Daniela Torres,279,,Lobby,,9/25/25 2:11 PM,9/25/25 2:13 PM,2 minutes and 48 seconds,Mayra Luna
Tink-a-Tako - Potranco,Sergio Abundiz,277,8,Lobby,,9/25/25 2:10 PM,9/25/25 2:15 PM,5 minutes and 27 seconds,Mayra Luna
Tink-a-Tako - Potranco,Mayra Luna,281,,Lobby,,9/25/25 2:24 PM,9/25/25 2:27 PM,3 minutes and 3 seconds,Mayra Luna
Tink-a-Tako - Potranco,Mayra Luna,281,,Lobby,,9/25/25 2:24 PM,9/25/25 2:27 PM,2 minutes and 39 seconds,Mayra Luna
Tink-a-Tako - Potranco,Juan  Camacho,282,35,Lobby,,9/25/25 2:30 PM,9/25/25 2:32 PM,2 minutes and 13 seconds,Mayra Luna
Tink-a-Tako - Potranco,Sergio Abundiz,283,25,Lobby,,9/25/25 2:41 PM,9/25/25 2:47 PM,5 minutes and 29 seconds,Mayra Luna
Tink-a-Tako - Potranco,Juan  Camacho,284,7,Lobby,,9/25/25 2:41 PM,9/25/25 2:53 PM,11 minutes and 33 seconds,Mayra Luna
Tink-a-Tako - Potranco,Juan  Camacho,285,37,Lobby,,9/25/25 2:53 PM,9/25/25 2:55 PM,2 minutes and 21 seconds,Mayra Luna
Tink-a-Tako - Potranco,Melissa Urena,289,,Lobby,,9/25/25 2:58 PM,9/25/25 3:03 PM,4 minutes and 59 seconds,Mayra Luna
Tink-a-Tako - Potranco,Melissa Urena,289,,Lobby,,9/25/25 2:58 PM,9/25/25 3:03 PM,4 minutes and 49 seconds,Mayra Luna
Tink-a-Tako - Potranco,Juan  Camacho,288,,Lobby,,9/25/25 2:58 PM,9/25/25 3:03 PM,5 minutes and 18 seconds,Mayra Luna
Tink-a-Tako - Potranco,Sergio Abundiz,287,32,Lobby,,9/25/25 2:56 PM,9/25/25 3:03 PM,6 minutes and 59 seconds,Mayra Luna
Tink-a-Tako - Potranco,Sergio Abundiz,286,18,Lobby,,9/25/25 2:55 PM,9/25/25 3:06 PM,11 minutes and 30 seconds,Mayra Luna
Tink-a-Tako - Potranco,Sergio Abundiz,286,18,Tortillero,,9/25/25 2:55 PM,9/25/25 3:06 PM,11 minutes and 30 seconds,Mayra Luna
Tink-a-Tako - Potranco,Sergio Abundiz,286,18,Prep,,9/25/25 2:55 PM,9/25/25 3:06 PM,11 minutes and 30 seconds,Mayra Luna
Tink-a-Tako - Potranco,Juan  Camacho,291,39,Lobby,,9/25/25 3:03 PM,9/25/25 3:09 PM,6 minutes and 10 seconds,Mayra Luna
Tink-a-Tako - Potranco,Melissa Urena,290,,Lobby,,9/25/25 3:02 PM,9/25/25 3:10 PM,7 minutes and 37 seconds,Mayra Luna
Tink-a-Tako - Potranco,Melissa Urena,290,,Prep,,9/25/25 3:02 PM,9/25/25 3:10 PM,7 minutes and 37 seconds,Mayra Luna
Tink-a-Tako - Potranco,Melissa Urena,292,,Lobby,,9/25/25 3:04 PM,9/25/25 3:11 PM,7 minutes and 10 seconds,Mayra Luna
Tink-a-Tako - Potranco,Melissa Urena,289,,Lobby,,9/25/25 3:08 PM,9/25/25 3:12 PM,4 minutes and 16 seconds,Mayra Luna
Tink-a-Tako - Potranco,Juan  Camacho,291,39,Lobby,,9/25/25 3:04 PM,9/25/25 3:19 PM,14 minutes and 51 seconds,Mayra Luna
Tink-a-Tako - Potranco,Juan  Camacho,291,39,Tortillero,,9/25/25 3:04 PM,9/25/25 3:19 PM,14 minutes and 51 seconds,Mayra Luna
Tink-a-Tako - Potranco,Melissa Urena,294,,Lobby,,9/25/25 3:16 PM,9/25/25 3:20 PM,4 minutes and 12 seconds,Mayra Luna
Tink-a-Tako - Potranco,Melissa Urena,295,,Lobby,,9/25/25 3:18 PM,9/25/25 3:20 PM,2 minutes and 15 seconds,Mayra Luna
Tink-a-Tako - Potranco,Melissa Urena,297,,Lobby,,9/25/25 3:19 PM,9/25/25 3:25 PM,5 minutes and 56 seconds,Mayra Luna
Tink-a-Tako - Potranco,Melissa Urena,298,,Lobby,,9/25/25 3:25 PM,9/25/25 3:27 PM,1 minute and 40 seconds,Mayra Luna
Tink-a-Tako - Potranco,Melissa Urena,299,,Lobby,,9/25/25 3:30 PM,9/25/25 3:36 PM,6 minutes and 24 seconds,Mayra Luna
Tink-a-Tako - Potranco,Melissa Urena,300,,Lobby,,9/25/25 3:33 PM,9/25/25 3:38 PM,5 minutes and 21 seconds,Mayra Luna
Tink-a-Tako - Potranco,Melissa Urena,301,,Lobby,,9/25/25 3:33 PM,9/25/25 3:38 PM,4 minutes and 33 seconds,Mayra Luna
Tink-a-Tako - Potranco,Melissa Urena,302,,Prep,,9/25/25 3:40 PM,9/25/25 3:45 PM,4 minutes and 49 seconds,Mayra Luna
Tink-a-Tako - Potranco,Melissa Urena,302,,Lobby,,9/25/25 3:40 PM,9/25/25 3:45 PM,4 minutes and 49 seconds,Mayra Luna
Tink-a-Tako - Potranco,Melissa Urena,304,,Lobby,,9/25/25 3:42 PM,9/25/25 3:47 PM,4 minutes and 41 seconds,Mayra Luna
Tink-a-Tako - Potranco,Melissa Urena,304,,Prep,,9/25/25 3:42 PM,9/25/25 3:47 PM,4 minutes and 41 seconds,Mayra Luna
Tink-a-Tako - Potranco,Melissa Urena,304,,Tortillero,,9/25/25 3:42 PM,9/25/25 3:47 PM,4 minutes and 41 seconds,Mayra Luna
Tink-a-Tako - Potranco,Sergio Abundiz,303,24,Lobby,,9/25/25 3:42 PM,9/25/25 3:47 PM,5 minutes and 15 seconds,Mayra Luna
Tink-a-Tako - Potranco,Melissa Urena,305,,Lobby,,9/25/25 3:45 PM,9/25/25 3:50 PM,4 minutes and 13 seconds,Mayra Luna
Tink-a-Tako - Potranco,Melissa Urena,307,,Lobby,,9/25/25 3:52 PM,9/25/25 3:55 PM,2 minutes and 56 seconds,Mayra Luna
Tink-a-Tako - Potranco,Melissa Urena,306,,Prep,,9/25/25 3:51 PM,9/25/25 3:55 PM,4 minutes and 29 seconds,Mayra Luna
Tink-a-Tako - Potranco,Melissa Urena,306,,Lobby,,9/25/25 3:51 PM,9/25/25 3:55 PM,4 minutes and 29 seconds,Mayra Luna
Tink-a-Tako - Potranco,Melissa Urena,309,,Prep,,9/25/25 4:06 PM,9/25/25 4:09 PM,3 minutes and 28 seconds,Mayra Luna
Tink-a-Tako - Potranco,Melissa Urena,309,,Lobby,,9/25/25 4:06 PM,9/25/25 4:09 PM,3 minutes and 28 seconds,Mayra Luna
Tink-a-Tako - Potranco,Juan  Camacho,308,39,Lobby,,9/25/25 4:07 PM,9/25/25 4:14 PM,6 minutes and 45 seconds,Mayra Luna
Tink-a-Tako - Potranco,Melissa Urena,310,,Lobby,,9/25/25 4:21 PM,9/25/25 4:24 PM,2 minutes and 39 seconds,Mayra Luna
Tink-a-Tako - Potranco,Juan  Camacho,312,32,Lobby,,9/25/25 4:23 PM,9/25/25 4:30 PM,6 minutes and 32 seconds,Mayra Luna
Tink-a-Tako - Potranco,Juan  Camacho,314,42,Lobby,,9/25/25 4:40 PM,9/25/25 4:43 PM,2 minutes and 58 seconds,Mayra Luna
Tink-a-Tako - Potranco,Sergio Abundiz,313,9,Lobby,,9/25/25 4:35 PM,9/25/25 4:50 PM,15 minutes and 12 seconds,Mayra Luna
Tink-a-Tako - Potranco,Melissa Urena,317,,Lobby,,9/25/25 4:50 PM,9/25/25 4:52 PM,2 minutes and 10 seconds,Mayra Luna
Tink-a-Tako - Potranco,Melissa Urena,317,,Tortillero,,9/25/25 4:50 PM,9/25/25 4:52 PM,2 minutes and 10 seconds,Mayra Luna
Tink-a-Tako - Potranco,Melissa Urena,311,,Lobby,,9/25/25 4:42 PM,9/25/25 4:54 PM,11 minutes and 44 seconds,Mayra Luna
Tink-a-Tako - Potranco,Melissa Urena,311,,Prep,,9/25/25 4:42 PM,9/25/25 4:54 PM,11 minutes and 44 seconds,Mayra Luna
Tink-a-Tako - Potranco,Melissa Urena,316,,Lobby,,9/25/25 4:50 PM,9/25/25 4:58 PM,7 minutes and 32 seconds,Mayra Luna
Tink-a-Tako - Potranco,Juan  Camacho,308,39,,2,9/25/25 4:14 PM,9/25/25 4:59 PM,45 minutes and 45 seconds,Zoila Salinas
Tink-a-Tako - Potranco,Sergio Abundiz,303,24,,2,9/25/25 3:47 PM,9/25/25 4:59 PM,"1 hour, 11 minutes and 58 seconds",Zoila Salinas
Tink-a-Tako - Potranco,Juan  Camacho,291,39,,2,9/25/25 3:19 PM,9/25/25 4:59 PM,"1 hour, 40 minutes and 50 seconds",Zoila Salinas
Tink-a-Tako - Potranco,Juan  Camacho,312,32,,2,9/25/25 4:30 PM,9/25/25 4:59 PM,29 minutes and 25 seconds,Zoila Salinas
Tink-a-Tako - Potranco,Juan  Camacho,291,39,,2,9/25/25 3:09 PM,9/25/25 4:59 PM,"1 hour, 50 minutes and 5 seconds",Zoila Salinas
Tink-a-Tako - Potranco,Sergio Abundiz,287,32,,2,9/25/25 3:03 PM,9/25/25 4:59 PM,"1 hour, 56 minutes and 12 seconds",Zoila Salinas
Tink-a-Tako - Potranco,Sergio Abundiz,286,18,,2,9/25/25 3:06 PM,9/25/25 4:59 PM,"1 hour, 53 minutes and 22 seconds",Zoila Salinas
Tink-a-Tako - Potranco,Juan  Camacho,288,,,2,9/25/25 3:03 PM,9/25/25 4:59 PM,"1 hour, 56 minutes and 17 seconds",Zoila Salinas
Tink-a-Tako - Potranco,Juan  Camacho,285,37,,2,9/25/25 2:55 PM,9/25/25 5:00 PM,"2 hours, 4 minutes and 32 seconds",Zoila Salinas
Tink-a-Tako - Potranco,Sergio Abundiz,313,9,,2,9/25/25 4:50 PM,9/25/25 5:00 PM,9 minutes and 10 seconds,Zoila Salinas
Tink-a-Tako - Potranco,Sergio Abundiz,283,25,,2,9/25/25 2:47 PM,9/25/25 5:00 PM,"2 hours, 12 minutes and 51 seconds",Zoila Salinas
Tink-a-Tako - Potranco,Juan  Camacho,314,42,,2,9/25/25 4:43 PM,9/25/25 5:00 PM,16 minutes and 57 seconds,Zoila Salinas
Tink-a-Tako - Potranco,Juan  Camacho,284,7,,2,9/25/25 2:53 PM,9/25/25 5:00 PM,"2 hours, 6 minutes and 42 seconds",Zoila Salinas
Tink-a-Tako - Potranco,Sergio Abundiz,277,8,,2,9/25/25 2:15 PM,9/25/25 5:00 PM,"2 hours, 44 minutes and 34 seconds",Zoila Salinas
Tink-a-Tako - Potranco,Juan  Camacho,282,35,,2,9/25/25 2:32 PM,9/25/25 5:00 PM,"2 hours, 27 minutes and 21 seconds",Zoila Salinas
Tink-a-Tako - Potranco,Melissa Urena,318,,Lobby,,9/25/25 4:53 PM,9/25/25 5:00 PM,7 minutes and 2 seconds,Mayra Luna
Tink-a-Tako - Potranco,Sergio Abundiz,319,24,Lobby,,9/25/25 4:56 PM,9/25/25 5:03 PM,7 minutes and 25 seconds,Mayra Luna
Tink-a-Tako - Potranco,Juan  Camacho,320,,Lobby,,9/25/25 4:56 PM,9/25/25 5:03 PM,7 minutes and 16 seconds,Mayra Luna
Tink-a-Tako - Potranco,Melissa Urena,321,,Lobby,,9/25/25 5:06 PM,9/25/25 5:08 PM,1 minute and 27 seconds,Mayra Luna
Tink-a-Tako - Potranco,Melissa Urena,321,,Lobby,,9/25/25 5:03 PM,9/25/25 5:08 PM,4 minutes and 34 seconds,Mayra Luna
Tink-a-Tako - Potranco,Melissa Urena,321,,Lobby,,9/25/25 5:08 PM,9/25/25 5:08 PM,21 seconds,Mayra Luna
Tink-a-Tako - Potranco,Sergio Abundiz,313,9,Lobby,,9/25/25 4:58 PM,9/25/25 5:15 PM,16 minutes and 48 seconds,Mayra Luna
Tink-a-Tako - Potranco,Sergio Abundiz,313,9,Tortillero,,9/25/25 4:58 PM,9/25/25 5:15 PM,16 minutes and 48 seconds,Mayra Luna
Tink-a-Tako - Potranco,Sergio Abundiz,313,9,Prep,,9/25/25 4:58 PM,9/25/25 5:15 PM,16 minutes and 48 seconds,Mayra Luna
Tink-a-Tako - Potranco,Juan  Camacho,322,18,Lobby,,9/25/25 5:04 PM,9/25/25 5:15 PM,11 minutes and 19 seconds,Mayra Luna
Tink-a-Tako - Potranco,Juan  Camacho,324,25,Lobby,,9/25/25 5:11 PM,9/25/25 5:18 PM,7 minutes and 29 seconds,Mayra Luna
Tink-a-Tako - Potranco,Melissa Urena,326,,Lobby,,9/25/25 5:17 PM,9/25/25 5:19 PM,1 minute and 56 seconds,Mayra Luna
Tink-a-Tako - Potranco,Sergio Abundiz,325,15,Lobby,,9/25/25 5:14 PM,9/25/25 5:21 PM,6 minutes and 49 seconds,Mayra Luna
Tink-a-Tako - Potranco,Sergio Abundiz,325,15,Prep,,9/25/25 5:14 PM,9/25/25 5:21 PM,6 minutes and 49 seconds,Mayra Luna
Tink-a-Tako - Potranco,Melissa Urena,330,,Lobby,,9/25/25 5:25 PM,9/25/25 5:29 PM,3 minutes and 54 seconds,Mayra Luna
Tink-a-Tako - Potranco,Sergio Abundiz,327,36,Lobby,,9/25/25 5:18 PM,9/25/25 5:29 PM,11 minutes and 8 seconds,Mayra Luna
Tink-a-Tako - Potranco,Sergio Abundiz,331,22,Lobby,,9/25/25 5:31 PM,9/25/25 5:38 PM,7 minutes and 26 seconds,Mayra Luna
Tink-a-Tako - Potranco,Juan  Camacho,333,9,Lobby,,9/25/25 5:38 PM,9/25/25 5:46 PM,8 minutes and 12 seconds,Mayra Luna
Tink-a-Tako - Potranco,Juan  Camacho,335,31,Lobby,,9/25/25 5:51 PM,9/25/25 6:02 PM,11 minutes and 30 seconds,Mayra Luna
Tink-a-Tako - Potranco,Sergio Abundiz,334,32,Lobby,,9/25/25 5:48 PM,9/25/25 6:02 PM,14 minutes and 31 seconds,Mayra Luna
Tink-a-Tako - Potranco,Melissa Urena,332,,Lobby,,9/25/25 6:03 PM,9/25/25 6:07 PM,4 minutes and 20 seconds,Mayra Luna
Tink-a-Tako - Potranco,Melissa Urena,338,,Lobby,,9/25/25 6:04 PM,9/25/25 6:07 PM,2 minutes and 31 seconds,Mayra Luna
Tink-a-Tako - Potranco,Sergio Abundiz,336,24,Lobby,,9/25/25 5:58 PM,9/25/25 6:09 PM,10 minutes and 46 seconds,Mayra Luna
Tink-a-Tako - Potranco,Juan  Camacho,337,,Lobby,,9/25/25 6:04 PM,9/25/25 6:11 PM,6 minutes and 55 seconds,Mayra Luna
Tink-a-Tako - Potranco,Sergio Abundiz,340,37,Lobby,,9/25/25 6:10 PM,9/25/25 6:20 PM,10 minutes and 20 seconds,Mayra Luna
Tink-a-Tako - Potranco,Sergio Abundiz,334,32,Lobby,,9/25/25 6:13 PM,9/25/25 6:20 PM,6 minutes and 41 seconds,Mayra Luna
Tink-a-Tako - Potranco,Sergio Abundiz,334,32,Tortillero,,9/25/25 6:13 PM,9/25/25 6:20 PM,6 minutes and 41 seconds,Mayra Luna
Tink-a-Tako - Potranco,Sergio Abundiz,334,32,Prep,,9/25/25 6:13 PM,9/25/25 6:20 PM,6 minutes and 41 seconds,Mayra Luna
Tink-a-Tako - Potranco,Melissa Urena,339,,Lobby,,9/25/25 6:23 PM,9/25/25 6:29 PM,5 minutes and 54 seconds,Mayra Luna
Tink-a-Tako - Potranco,Melissa Urena,346,,Lobby,,9/25/25 6:26 PM,9/25/25 6:30 PM,3 minutes and 53 seconds,Mayra Luna
Tink-a-Tako - Potranco,Juan  Camacho,342,,Lobby,,9/25/25 6:22 PM,9/25/25 6:31 PM,8 minutes and 18 seconds,Mayra Luna
Tink-a-Tako - Potranco,Juan  Camacho,342,,Prep,,9/25/25 6:22 PM,9/25/25 6:31 PM,8 minutes and 18 seconds,Mayra Luna
Tink-a-Tako - Potranco,Juan  Camacho,342,,Tortillero,,9/25/25 6:22 PM,9/25/25 6:31 PM,8 minutes and 18 seconds,Mayra Luna
Tink-a-Tako - Potranco,Melissa Urena,343,,Lobby,,9/25/25 6:23 PM,9/25/25 6:31 PM,7 minutes and 29 seconds,Mayra Luna
Tink-a-Tako - Potranco,Juan  Camacho,341,18,Lobby,,9/25/25 6:20 PM,9/25/25 6:31 PM,11 minutes and 42 seconds,Mayra Luna
Tink-a-Tako - Potranco,Juan  Camacho,344,34,Lobby,,9/25/25 6:24 PM,9/25/25 6:31 PM,7 minutes and 21 seconds,Mayra Luna
Tink-a-Tako - Potranco,Melissa Urena,347,,Lobby,,9/25/25 6:29 PM,9/25/25 6:37 PM,7 minutes and 55 seconds,Mayra Luna
Tink-a-Tako - Potranco,Juan  Camacho,348,25,Lobby,,9/25/25 6:42 PM,9/25/25 6:46 PM,4 minutes and 1 second,Mayra Luna
Tink-a-Tako - Potranco,Melissa Urena,350,,Lobby,,9/25/25 6:46 PM,9/25/25 6:49 PM,3 minutes and 15 seconds,Mayra Luna
Tink-a-Tako - Potranco,Sergio Abundiz,349,38,Lobby,,9/25/25 6:39 PM,9/25/25 6:50 PM,11 minutes,Mayra Luna
Tink-a-Tako - Potranco,Melissa Urena,352,,Lobby,,9/25/25 6:54 PM,9/25/25 6:57 PM,3 minutes and 20 seconds,Mayra Luna
Tink-a-Tako - Potranco,Juan  Camacho,351,24,Lobby,,9/25/25 6:50 PM,9/25/25 6:58 PM,7 minutes and 18 seconds,Mayra Luna
Tink-a-Tako - Potranco,Juan  Camacho,351,24,Lobby,,9/25/25 6:51 PM,9/25/25 7:02 PM,10 minutes and 10 seconds,Mayra Luna
Tink-a-Tako - Potranco,Juan  Camacho,354,32,Lobby,,9/25/25 6:56 PM,9/25/25 7:02 PM,5 minutes and 45 seconds,Mayra Luna
Tink-a-Tako - Potranco,Sergio Abundiz,355,9,Lobby,,9/25/25 7:00 PM,9/25/25 7:12 PM,11 minutes and 20 seconds,Mayra Luna
Tink-a-Tako - Potranco,Sergio Abundiz,356,39,Lobby,,9/25/25 7:05 PM,9/25/25 7:16 PM,10 minutes and 42 seconds,Mayra Luna
Tink-a-Tako - Potranco,Melissa Urena,353,,Lobby,,9/25/25 7:10 PM,9/25/25 7:20 PM,10 minutes and 8 seconds,Mayra Luna
Tink-a-Tako - Potranco,Melissa Urena,353,,Prep,,9/25/25 7:10 PM,9/25/25 7:20 PM,10 minutes and 8 seconds,Mayra Luna
Tink-a-Tako - Potranco,Melissa Urena,353,,Tortillero,,9/25/25 7:10 PM,9/25/25 7:20 PM,10 minutes and 8 seconds,Mayra Luna
Tink-a-Tako - Potranco,Juan  Camacho,358,22,Lobby,,9/25/25 7:13 PM,9/25/25 7:24 PM,10 minutes and 39 seconds,Mayra Luna
Tink-a-Tako - Potranco,Juan  Camacho,358,22,Prep,,9/25/25 7:13 PM,9/25/25 7:24 PM,10 minutes and 39 seconds,Mayra Luna
Tink-a-Tako - Potranco,Melissa Urena,357,,Lobby,,9/25/25 7:24 PM,9/25/25 7:38 PM,13 minutes and 56 seconds,Mayra Luna
Tink-a-Tako - Potranco,Sergio Abundiz,359,,Lobby,,9/25/25 7:35 PM,9/25/25 7:51 PM,15 minutes and 48 seconds,Mayra Luna
Tink-a-Tako - Potranco,Melissa Urena,361,,Lobby,,9/25/25 7:41 PM,9/25/25 7:52 PM,10 minutes and 42 seconds,Mayra Luna
Tink-a-Tako - Potranco,Melissa Urena,362,,Prep,,9/25/25 7:43 PM,9/25/25 7:52 PM,9 minutes and 1 second,Mayra Luna
Tink-a-Tako - Potranco,Melissa Urena,362,,Lobby,,9/25/25 7:43 PM,9/25/25 7:52 PM,9 minutes and 1 second,Mayra Luna
Tink-a-Tako - Potranco,Melissa Urena,364,,Lobby,,9/25/25 7:49 PM,9/25/25 7:53 PM,3 minutes and 53 seconds,Mayra Luna
Tink-a-Tako - Potranco,Melissa Urena,365,,Lobby,,9/25/25 7:51 PM,9/25/25 7:53 PM,2 minutes and 28 seconds,Mayra Luna
Tink-a-Tako - Potranco,Juan  Camacho,360,32,Lobby,,9/25/25 7:41 PM,9/25/25 7:55 PM,13 minutes and 58 seconds,Mayra Luna
Tink-a-Tako - Potranco,Juan  Camacho,363,24,Lobby,,9/25/25 7:46 PM,9/25/25 7:57 PM,10 minutes and 38 seconds,Mayra Luna
Tink-a-Tako - Potranco,Mayra Luna,366,,Lobby,,9/25/25 8:05 PM,9/25/25 8:10 PM,4 minutes and 18 seconds,Mayra Luna
Tink-a-Tako - Potranco,Mayra Luna,367,,Lobby,,9/25/25 8:09 PM,9/25/25 8:13 PM,3 minutes and 49 seconds,Mayra Luna
Tink-a-Tako - Potranco,Juan  Camacho,354,32,,2,9/25/25 7:02 PM,9/25/25 8:14 PM,"1 hour, 12 minutes and 23 seconds",Zoila Salinas
Tink-a-Tako - Potranco,Juan  Camacho,348,25,,2,9/25/25 6:46 PM,9/25/25 8:14 PM,"1 hour, 27 minutes and 57 seconds",Zoila Salinas
Tink-a-Tako - Potranco,Melissa Urena,346,,,2,9/25/25 6:30 PM,9/25/25 8:14 PM,"1 hour, 43 minutes and 43 seconds",Zoila Salinas
Tink-a-Tako - Potranco,Sergio Abundiz,355,9,,2,9/25/25 7:12 PM,9/25/25 8:14 PM,"1 hour, 2 minutes and 19 seconds",Zoila Salinas
Tink-a-Tako - Potranco,Juan  Camacho,351,24,,2,9/25/25 7:02 PM,9/25/25 8:14 PM,"1 hour, 12 minutes and 25 seconds",Zoila Salinas
Tink-a-Tako - Potranco,Sergio Abundiz,349,38,,2,9/25/25 6:50 PM,9/25/25 8:14 PM,"1 hour, 24 minutes and 16 seconds",Zoila Salinas
Tink-a-Tako - Potranco,Juan  Camacho,351,24,,2,9/25/25 6:58 PM,9/25/25 8:14 PM,"1 hour, 16 minutes and 24 seconds",Zoila Salinas
Tink-a-Tako - Potranco,Juan  Camacho,342,,,2,9/25/25 6:31 PM,9/25/25 8:14 PM,"1 hour, 43 minutes and 19 seconds",Zoila Salinas
Tink-a-Tako - Potranco,Juan  Camacho,344,34,,2,9/25/25 6:31 PM,9/25/25 8:14 PM,"1 hour, 42 minutes and 41 seconds",Zoila Salinas
Tink-a-Tako - Potranco,Sergio Abundiz,340,37,,2,9/25/25 6:20 PM,9/25/25 8:14 PM,"1 hour, 54 minutes and 14 seconds",Zoila Salinas
Tink-a-Tako - Potranco,Juan  Camacho,337,,,2,9/25/25 6:11 PM,9/25/25 8:14 PM,"2 hours, 2 minutes and 59 seconds",Zoila Salinas
Tink-a-Tako - Potranco,Sergio Abundiz,334,32,,2,9/25/25 6:20 PM,9/25/25 8:14 PM,"1 hour, 54 minutes and 12 seconds",Zoila Salinas
Tink-a-Tako - Potranco,Juan  Camacho,335,31,,2,9/25/25 6:02 PM,9/25/25 8:14 PM,"2 hours, 11 minutes and 44 seconds",Zoila Salinas
Tink-a-Tako - Potranco,Sergio Abundiz,336,24,,2,9/25/25 6:09 PM,9/25/25 8:14 PM,"2 hours, 5 minutes and 29 seconds",Zoila Salinas
Tink-a-Tako - Potranco,Sergio Abundiz,356,39,,2,9/25/25 7:16 PM,9/25/25 8:14 PM,58 minutes and 25 seconds,Zoila Salinas
Tink-a-Tako - Potranco,Juan  Camacho,341,18,,2,9/25/25 6:31 PM,9/25/25 8:14 PM,"1 hour, 42 minutes and 48 seconds",Zoila Salinas
Tink-a-Tako - Potranco,Juan  Camacho,333,9,,2,9/25/25 5:46 PM,9/25/25 8:14 PM,"2 hours, 28 minutes and 19 seconds",Zoila Salinas
Tink-a-Tako - Potranco,Sergio Abundiz,334,32,,2,9/25/25 6:02 PM,9/25/25 8:14 PM,"2 hours, 11 minutes and 46 seconds",Zoila Salinas
Tink-a-Tako - Potranco,Sergio Abundiz,313,9,,2,9/25/25 5:15 PM,9/25/25 8:14 PM,"2 hours, 59 minutes and 15 seconds",Zoila Salinas
Tink-a-Tako - Potranco,Sergio Abundiz,325,15,,2,9/25/25 5:21 PM,9/25/25 8:14 PM,"2 hours, 53 minutes and 15 seconds",Zoila Salinas
Tink-a-Tako - Potranco,Juan  Camacho,322,18,,2,9/25/25 5:15 PM,9/25/25 8:14 PM,"2 hours, 59 minutes and 12 seconds",Zoila Salinas
Tink-a-Tako - Potranco,Juan  Camacho,324,25,,2,9/25/25 5:18 PM,9/25/25 8:14 PM,"2 hours, 56 minutes and 2 seconds",Zoila Salinas
Tink-a-Tako - Potranco,Sergio Abundiz,327,36,,2,9/25/25 5:29 PM,9/25/25 8:14 PM,"2 hours, 44 minutes and 56 seconds",Zoila Salinas
Tink-a-Tako - Potranco,Juan  Camacho,320,,,2,9/25/25 5:03 PM,9/25/25 8:14 PM,"3 hours, 10 minutes and 58 seconds",Zoila Salinas
Tink-a-Tako - Potranco,Juan  Camacho,363,24,,2,9/25/25 7:57 PM,9/25/25 8:14 PM,17 minutes and 16 seconds,Zoila Salinas
Tink-a-Tako - Potranco,Sergio Abundiz,359,,,2,9/25/25 7:51 PM,9/25/25 8:14 PM,23 minutes and 10 seconds,Zoila Salinas
Tink-a-Tako - Potranco,Sergio Abundiz,319,24,,2,9/25/25 5:03 PM,9/25/25 8:14 PM,"3 hours, 11 minutes and 24 seconds",Zoila Salinas
Tink-a-Tako - Potranco,Sergio Abundiz,331,22,,2,9/25/25 5:38 PM,9/25/25 8:14 PM,"2 hours, 35 minutes and 56 seconds",Zoila Salinas
Tink-a-Tako - Potranco,Juan  Camacho,360,32,,2,9/25/25 7:55 PM,9/25/25 8:14 PM,19 minutes and 25 seconds,Zoila Salinas
Tink-a-Tako - Potranco,Juan  Camacho,358,22,,2,9/25/25 7:24 PM,9/25/25 8:14 PM,50 minutes and 36 seconds,Zoila Salinas
Tink-a-Tako - Potranco,Melissa Urena,370,,Lobby,,9/25/25 8:16 PM,9/25/25 8:20 PM,4 minutes and 35 seconds,Mayra Luna
Tink-a-Tako - Potranco,Melissa Urena,371,,Lobby,,9/25/25 8:16 PM,9/25/25 8:20 PM,4 minutes and 5 seconds,Mayra Luna
Tink-a-Tako - Potranco,Sergio Abundiz,368,38,Lobby,,9/25/25 8:12 PM,9/25/25 8:24 PM,11 minutes and 34 seconds,Mayra Luna
Tink-a-Tako - Potranco,Juan  Camacho,369,23,Lobby,,9/25/25 8:16 PM,9/25/25 8:24 PM,7 minutes and 33 seconds,Mayra Luna
Tink-a-Tako - Potranco,Melissa Urena,373,,Lobby,,9/25/25 8:27 PM,9/25/25 8:30 PM,3 minutes and 20 seconds,Mayra Luna
Tink-a-Tako - Potranco,Melissa Urena,372,,Lobby,,9/25/25 8:24 PM,9/25/25 8:33 PM,8 minutes and 17 seconds,Mayra Luna
Tink-a-Tako - Potranco,Melissa Urena,372,,Lobby,,9/25/25 8:25 PM,9/25/25 8:33 PM,7 minutes and 38 seconds,Mayra Luna
Tink-a-Tako - Potranco,Melissa Urena,374,,Lobby,,9/25/25 8:35 PM,9/25/25 8:48 PM,12 minutes and 52 seconds,Mayra Luna
Tink-a-Tako - Potranco,Melissa Urena,374,,Lobby,,9/25/25 8:36 PM,9/25/25 8:48 PM,12 minutes and 24 seconds,Mayra Luna
Tink-a-Tako - Potranco,Melissa Urena,375,,Lobby,,9/25/25 8:46 PM,9/25/25 8:50 PM,3 minutes and 59 seconds,Mayra Luna
Tink-a-Tako - Potranco,Melissa Urena,377,,Prep,,9/25/25 8:56 PM,9/25/25 9:09 PM,13 minutes,Mayra Luna
Tink-a-Tako - Potranco,Melissa Urena,377,,Lobby,,9/25/25 8:56 PM,9/25/25 9:09 PM,13 minutes,Mayra Luna
Tink-a-Tako - Potranco,Melissa Urena,378,,Lobby,,9/25/25 9:11 PM,9/25/25 9:16 PM,4 minutes and 17 seconds,Mayra Luna
Tink-a-Tako - Potranco,Melissa Urena,378,,Lobby,,9/25/25 9:11 PM,9/25/25 9:16 PM,4 minutes and 11 seconds,Mayra Luna
Tink-a-Tako - Potranco,Juan  Camacho,376,32,Lobby,,9/25/25 8:59 PM,9/25/25 9:21 PM,21 minutes and 40 seconds,Mayra Luna
Tink-a-Tako - Potranco,Juan  Camacho,376,32,Tortillero,,9/25/25 8:59 PM,9/25/25 9:21 PM,21 minutes and 40 seconds,Mayra Luna
Tink-a-Tako - Potranco,Juan  Camacho,376,32,Prep,,9/25/25 8:59 PM,9/25/25 9:21 PM,21 minutes and 40 seconds,Mayra Luna
Tink-a-Tako - Potranco,Melissa Urena,379,,Lobby,,9/25/25 9:40 PM,9/25/25 9:47 PM,6 minutes and 50 seconds,Mayra Luna
