Order #,Opened Date,Void Date,Server,Approver,Item Name,Reason,Item Quantity,Total Price
228,9/25/25 12:10 PM,9/25/25 2:13 PM,Daniela Torres,Mayra Luna,Barbacoa Taco,Customer Changed Mind,1.0,6.29
228,9/25/25 12:10 PM,9/25/25 2:13 PM,Daniela Torres,Mayra Luna,Kids Drink,Customer Changed Mind,1.0,2.39
281,9/25/25 2:23 PM,9/25/25 2:24 PM,Mayra Luna,Mayra Luna,Chips & Salsa,Customer Changed Mind,1.0,7.99
364,9/25/25 7:49 PM,9/25/25 10:10 PM,Melissa Urena,Mayra Luna,Carne Guisada Taco,Customer Changed Mind,3.0,14.67
366,9/25/25 8:05 PM,9/25/25 10:23 PM,Mayra Luna,Mayra Luna,TO GO,Customer Changed Mind,1.0,0.25
