Location,Entry Id,Created Date,Action,Amount,Cash Drawer,Payout Reason,No Sale Reason,Comment,Employee,Employee 2
Tink-a-Tako - Potranco,800000030843986244,10/17/25 6:49 AM,CASH_PAYMENT,10.60,Drive Box,,,Cash payment,Candy  Del angel ,
Tink-a-Tako - Potranco,800000030844025780,10/17/25 6:54 AM,CASH_PAYMENT,9.05,Drive Box,,,Cash payment,Candy  Del angel ,
Tink-a-Tako - Potranco,800000030844581035,10/17/25 7:33 AM,CASH_PAYMENT,4.96,Drive Box,,,Cash payment,Candy  Del angel ,
Tink-a-Tako - Potranco,800000030845173822,10/17/25 8:07 AM,CASH_PAYMENT,9.94,Drive Box,,,Cash payment,Candy  Del angel ,
Tink-a-Tako - Potranco,800000030845351563,10/17/25 8:17 AM,CASH_PAYMENT,13.26,Drive Box,,,Cash payment,Candy  Del angel ,
Tink-a-Tako - Potranco,800000030845451671,10/17/25 8:22 AM,CASH_PAYMENT,3.02,Drive Box,,,Cash payment,Candy  Del angel ,
Tink-a-Tako - Potranco,800000030845474872,10/17/25 8:23 AM,CASH_PAYMENT,10.14,Front Left,,,Cash payment,Maria Majana,
Tink-a-Tako - Potranco,800000030845602184,10/17/25 8:30 AM,CASH_PAYMENT,11.10,Front Left,,,Cash payment,Maria Majana,
Tink-a-Tako - Potranco,800000030845651713,10/17/25 8:32 AM,CASH_PAYMENT,8.03,Drive Box,,,Cash payment,Candy  Del angel ,
Tink-a-Tako - Potranco,800000030845831625,10/17/25 8:41 AM,CASH_PAYMENT,11.34,Drive Box,,,Cash payment,Candy  Del angel ,
Tink-a-Tako - Potranco,800000030846746399,10/17/25 9:24 AM,CASH_PAYMENT,14.26,Drive Box,,,Cash payment,Candy  Del angel ,
Tink-a-Tako - Potranco,800000030846774259,10/17/25 9:26 AM,CASH_PAYMENT,18.41,Drive Box,,,Cash payment,Candy  Del angel ,
Tink-a-Tako - Potranco,800000030846833687,10/17/25 9:28 AM,CASH_PAYMENT,10.33,Drive Box,,,Cash payment,Candy  Del angel ,
Tink-a-Tako - Potranco,800000030847024711,10/17/25 9:37 AM,CASH_PAYMENT,8.19,Drive Box,,,Cash payment,Candy  Del angel ,
Tink-a-Tako - Potranco,800000030847142583,10/17/25 9:42 AM,CASH_PAYMENT,13.15,Drive Box,,,Cash payment,Candy  Del angel ,
Tink-a-Tako - Potranco,800000030847195513,10/17/25 9:44 AM,CASH_PAYMENT,8.09,Front Left,,,Cash payment,Mayra Luna,
Tink-a-Tako - Potranco,800000030847289258,10/17/25 9:49 AM,CASH_PAYMENT,19.45,Drive Box,,,Cash payment,Candy  Del angel ,
Tink-a-Tako - Potranco,800000030847385116,10/17/25 9:53 AM,CASH_PAYMENT,3.78,Drive Box,,,Cash payment,Candy  Del angel ,
Tink-a-Tako - Potranco,800000030847526126,10/17/25 9:59 AM,CASH_PAYMENT,32.70,Front Left,,,Cash payment,Maria Majana,
Tink-a-Tako - Potranco,800000030847912168,10/17/25 10:13 AM,CASH_PAYMENT,2.15,Drive Box,,,Cash payment,Candy  Del angel ,
Tink-a-Tako - Potranco,800000030848394679,10/17/25 10:29 AM,CASH_PAYMENT,8.65,Drive Box,,,Cash payment,Candy  Del angel ,
Tink-a-Tako - Potranco,800000030848598693,10/17/25 10:36 AM,CASH_PAYMENT,10.34,Drive Box,,,Cash payment,Candy  Del angel ,
Tink-a-Tako - Potranco,800000030849097440,10/17/25 10:50 AM,CASH_PAYMENT,19.46,Front Left,,,Cash payment,Maria Majana,
Tink-a-Tako - Potranco,800000030849615034,10/17/25 11:04 AM,CASH_PAYMENT,28.92,Drive Box,,,Cash payment,Candy  Del angel ,
Tink-a-Tako - Potranco,800000030849707504,10/17/25 11:06 AM,CASH_PAYMENT,12.18,Drive Box,,,Cash payment,Candy  Del angel ,
Tink-a-Tako - Potranco,800000030849805740,10/17/25 11:08 AM,CASH_PAYMENT,4.32,Front Left,,,Cash payment,Maria Majana,
Tink-a-Tako - Potranco,800000030849806821,10/17/25 11:08 AM,CASH_PAYMENT,35.71,Drive Box,,,Cash payment,Candy  Del angel ,
Tink-a-Tako - Potranco,800000030850161058,10/17/25 11:15 AM,CASH_PAYMENT,24.81,Drive Box,,,Cash payment,Candy  Del angel ,
Tink-a-Tako - Potranco,800000030850218812,10/17/25 11:16 AM,CASH_PAYMENT,4.31,Drive Box,,,Cash payment,Candy  Del angel ,
Tink-a-Tako - Potranco,800000030850989258,10/17/25 11:32 AM,CASH_PAYMENT,35.75,Drive Box,,,Cash payment,Candy  Del angel ,
Tink-a-Tako - Potranco,800000030851481881,10/17/25 11:42 AM,CASH_PAYMENT,4.31,Drive Box,,,Cash payment,Candy  Del angel ,
Tink-a-Tako - Potranco,800000030851542491,10/17/25 11:43 AM,CASH_PAYMENT,26.97,Front Left,,,Cash payment,Maria Majana,
Tink-a-Tako - Potranco,800000030851593949,10/17/25 11:44 AM,CASH_PAYMENT,2.15,Drive Box,,,Cash payment,Candy  Del angel ,
Tink-a-Tako - Potranco,800000030851649539,10/17/25 11:45 AM,CASH_PAYMENT,10.80,Drive Box,,,Cash payment,Candy  Del angel ,
Tink-a-Tako - Potranco,800000030852284868,10/17/25 11:58 AM,CASH_PAYMENT,4.30,Drive Box,,,Cash payment,Candy  Del angel ,
Tink-a-Tako - Potranco,800000030852328875,10/17/25 11:59 AM,CASH_PAYMENT,6.03,Front Left,,,Cash payment,Maria Majana,
Tink-a-Tako - Potranco,800000030852377852,10/17/25 12:00 PM,CASH_PAYMENT,1.07,Drive Box,,,Cash payment,Candy  Del angel ,
Tink-a-Tako - Potranco,800000030853089098,10/17/25 12:13 PM,CASH_PAYMENT,11.90,Drive Box,,,Cash payment,Candy  Del angel ,
Tink-a-Tako - Potranco,800000030854995441,10/17/25 12:52 PM,TIP_OUT,-59.89,House,,,Tips paid out from shift review.,Silvia Hernandez,Silvia Hernandez
Tink-a-Tako - Potranco,800000030854996617,10/17/25 12:52 PM,CASH_COLLECTED,37.71,House,,,Cash revenue collected from shift review.,Silvia Hernandez,Silvia Hernandez
Tink-a-Tako - Potranco,800000030855330854,10/17/25 12:59 PM,CASH_PAYMENT,14.06,Drive Box,,,Cash payment,Candy  Del angel ,
Tink-a-Tako - Potranco,800000030855532795,10/17/25 1:03 PM,CASH_COLLECTED,197.11,House,,,Cash revenue collected from shift review.,Norma Vasquez,Norma Vasquez
Tink-a-Tako - Potranco,800000030855533674,10/17/25 1:03 PM,TIP_OUT,-78.38,House,,,Tips paid out from shift review.,Norma Vasquez,Norma Vasquez
Tink-a-Tako - Potranco,800000030855961652,10/17/25 1:12 PM,CASH_PAYMENT,5.88,Drive Box,,,Cash payment,Candy  Del angel ,
Tink-a-Tako - Potranco,800000030856119138,10/17/25 1:16 PM,CASH_PAYMENT,6.47,Drive Box,,,Cash payment,Candy  Del angel ,
Tink-a-Tako - Potranco,800000030856177508,10/17/25 1:17 PM,TIP_OUT,-61.64,House,,,Tips paid out from shift review.,Candy  Del angel ,Candy  Del angel 
Tink-a-Tako - Potranco,800000030856471863,10/17/25 1:24 PM,CASH_PAYMENT,31.19,Front Left,,,Cash payment,Maria Majana,
Tink-a-Tako - Potranco,800000030856615495,10/17/25 1:27 PM,CASH_PAYMENT,15.45,Drive Box,,,Cash payment,Lizeth Alonso,
Tink-a-Tako - Potranco,800000030857301229,10/17/25 1:42 PM,CASH_PAYMENT,7.99,Drive Box,,,Cash payment,Lizeth Alonso,
Tink-a-Tako - Potranco,800000030858220312,10/17/25 2:04 PM,TIP_OUT,-74.96,House,,,Tips paid out from shift review.,Esperansa Caviedes,Esperansa Caviedes
Tink-a-Tako - Potranco,800000030858220378,10/17/25 2:04 PM,CASH_COLLECTED,119.46,House,,,Cash revenue collected from shift review.,Esperansa Caviedes,Esperansa Caviedes
Tink-a-Tako - Potranco,800000030858256728,10/17/25 2:04 PM,TIP_OUT,-20.12,House,,,Tips paid out from shift review.,Maria Majana,Maria Majana
Tink-a-Tako - Potranco,800000030858430079,10/17/25 2:08 PM,CASH_COLLECTED,161.72,House,,,Cash revenue collected from shift review.,Rosa Compean,Rosa Compean
Tink-a-Tako - Potranco,800000030858430776,10/17/25 2:08 PM,TIP_OUT,-100.60,House,,,Tips paid out from shift review.,Rosa Compean,Rosa Compean
Tink-a-Tako - Potranco,800000030858441959,10/17/25 2:09 PM,CASH_PAYMENT,12.98,Drive Box,,,Cash payment,Lizeth Alonso,
Tink-a-Tako - Potranco,800000030859566478,10/17/25 2:35 PM,CASH_PAYMENT,15.58,Drive Box,,,Cash payment,Lizeth Alonso,
Tink-a-Tako - Potranco,800000030863520498,10/17/25 4:03 PM,CASH_PAYMENT,12.20,Drive Box,,,Cash payment,Lizeth Alonso,
Tink-a-Tako - Potranco,800000030863565286,10/17/25 4:04 PM,CASH_PAYMENT,1.07,Drive Box,,,Cash payment,Lizeth Alonso,
Tink-a-Tako - Potranco,800000030867288177,10/17/25 5:01 PM,CASH_PAYMENT,15.79,Drive Box,,,Cash payment,Lizeth Alonso,
Tink-a-Tako - Potranco,800000030868370652,10/17/25 5:15 PM,CASH_PAYMENT,28.94,Drive Box,,,Cash payment,Lizeth Alonso,
Tink-a-Tako - Potranco,800000030874653625,10/17/25 6:25 PM,CASH_PAYMENT,14.04,Drive Box,,,Cash payment,Lizeth Alonso,
Tink-a-Tako - Potranco,800000030875784775,10/17/25 6:37 PM,CASH_PAYMENT,8.64,Drive Box,,,Cash payment,Lizeth Alonso,
Tink-a-Tako - Potranco,800000030875992411,10/17/25 6:39 PM,CASH_PAYMENT,49.75,Drive Box,,,Cash payment,Lizeth Alonso,
Tink-a-Tako - Potranco,800000030876522713,10/17/25 6:45 PM,CASH_PAYMENT,17.79,Drive Box,,,Cash payment,Lizeth Alonso,
Tink-a-Tako - Potranco,800000030880416129,10/17/25 7:29 PM,CASH_PAYMENT,42.93,Drive Box,,,Cash payment,Lizeth Alonso,
Tink-a-Tako - Potranco,800000030880468498,10/17/25 7:30 PM,CASH_PAYMENT,10.59,Drive Box,,,Cash payment,Lizeth Alonso,
Tink-a-Tako - Potranco,800000030880799595,10/17/25 7:34 PM,CASH_PAYMENT,4.32,Drive Box,,,Cash payment,Lizeth Alonso,
Tink-a-Tako - Potranco,800000030882201052,10/17/25 7:52 PM,CASH_PAYMENT,9.50,Drive Box,,,Cash payment,Lizeth Alonso,
Tink-a-Tako - Potranco,800000030882581653,10/17/25 7:57 PM,TIP_OUT,-5.00,House,,,Tips paid out from shift review.,Daniela Torres,Daniela Torres
Tink-a-Tako - Potranco,800000030886378797,10/17/25 8:56 PM,CASH_PAYMENT,24.63,Drive Box,,,Cash payment,Lizeth Alonso,
Tink-a-Tako - Potranco,800000030888134229,10/17/25 9:30 PM,CASH_COLLECTED,105.09,House,,,Cash revenue collected from shift review.,Sergio Abundiz,Sergio Abundiz
Tink-a-Tako - Potranco,800000030888135018,10/17/25 9:30 PM,TIP_OUT,-138.66,House,,,Tips paid out from shift review.,Sergio Abundiz,Sergio Abundiz
Tink-a-Tako - Potranco,800000030888284432,10/17/25 9:34 PM,CLOSE_OUT_EXACT,0.00,Front Left,,,Close out balance matches expected balance,Mayra Luna,
Tink-a-Tako - Potranco,800000030888378971,10/17/25 9:36 PM,CASH_COLLECTED,6.16,House,,,Cash revenue collected from shift review.,Mayra Luna,Mayra Luna
Tink-a-Tako - Potranco,800000030888514038,10/17/25 9:39 PM,CASH_PAYMENT,9.84,Drive Box,,,Cash payment,Lizeth Alonso,
Tink-a-Tako - Potranco,800000030889156698,10/17/25 9:55 PM,CASH_COLLECTED,128.16,House,,,Cash revenue collected from shift review.,Juan  Camacho,Juan  Camacho
Tink-a-Tako - Potranco,800000030889159420,10/17/25 9:55 PM,TIP_OUT,-137.66,House,,,Tips paid out from shift review.,Juan  Camacho,Juan  Camacho
Tink-a-Tako - Potranco,800000030889192607,10/17/25 9:56 PM,CASH_PAYMENT,12.75,Drive Box,,,Cash payment,Lizeth Alonso,
Tink-a-Tako - Potranco,800000030889329587,10/17/25 9:59 PM,PAY_OUT,-42.19,House,Supplies,,WALMART #4555,Mayra Luna,
Tink-a-Tako - Potranco,800000030889358044,10/17/25 10:00 PM,TIP_OUT,-30.61,House,,,Tips paid out from shift review.,Lizeth Alonso,Lizeth Alonso
Tink-a-Tako - Potranco,800000030889552131,10/17/25 10:06 PM,CLOSE_OUT_EXACT,0.00,Drive Box,,,Close out balance matches expected balance,Mayra Luna,
