Location,Order #,Opened Date,Server,Table,Discount Name,Discount Reason,Comment,Discount Amount
Tink-a-Tako - Potranco,453,10/17/25 9:34 PM,Lizeth Alonso,,Employee Discount - Item,Employee Discount,Maria,3.90
Tink-a-Tako - Potranco,434,10/17/25 7:30 PM,Lizeth Alonso,,Police Discount,,,1.99
Tink-a-Tako - Potranco,380,10/17/25 4:48 PM,Juan  Camacho,12,Police Discount,,,5.00
Tink-a-Tako - Potranco,380,10/17/25 4:48 PM,Juan  Camacho,12,Police Discount,,,2.24
Tink-a-Tako - Potranco,380,10/17/25 4:48 PM,Juan  Camacho,12,Police Discount,,,4.50
Tink-a-Tako - Potranco,373,10/17/25 4:13 PM,Lizeth Alonso,,Police Discount,,,2.64
Tink-a-Tako - Potranco,373,10/17/25 4:13 PM,Lizeth Alonso,,Police Discount,,,1.79
Tink-a-Tako - Potranco,346,10/17/25 2:31 PM,Lizeth Alonso,,Military Discount,,,1.60
Tink-a-Tako - Potranco,312,10/17/25 1:05 PM,Rosa Compean,32,Military Discount,,,1.00
Tink-a-Tako - Potranco,312,10/17/25 1:05 PM,Rosa Compean,32,Military Discount,,,0.40
Tink-a-Tako - Potranco,312,10/17/25 1:05 PM,Rosa Compean,32,Military Discount,,,0.80
Tink-a-Tako - Potranco,289,10/17/25 12:20 PM,Candy  Del angel ,,Open $ Check,,,1.00
Tink-a-Tako - Potranco,274,10/17/25 12:00 PM,Candy  Del angel ,,Open % Check,,,0.96
Tink-a-Tako - Potranco,272,10/17/25 11:59 AM,Norma Vasquez,7,Military Discount,,,1.40
Tink-a-Tako - Potranco,272,10/17/25 11:59 AM,Norma Vasquez,7,Military Discount,,,1.30
Tink-a-Tako - Potranco,272,10/17/25 11:59 AM,Norma Vasquez,7,Military Discount,,,1.50
Tink-a-Tako - Potranco,267,10/17/25 11:53 AM,Norma Vasquez,19,Military Discount,,,0.20
Tink-a-Tako - Potranco,240,10/17/25 11:15 AM,Norma Vasquez,17,Military Discount,,,0.23
Tink-a-Tako - Potranco,240,10/17/25 11:15 AM,Norma Vasquez,17,Military Discount,,,0.20
Tink-a-Tako - Potranco,240,10/17/25 11:15 AM,Norma Vasquez,17,Military Discount,,,0.80
Tink-a-Tako - Potranco,217,10/17/25 10:49 AM,Maria Majana,,Military Discount,,,2.00
Tink-a-Tako - Potranco,192,10/17/25 10:23 AM,Candy  Del angel ,,Open % Check,,,0.77
Tink-a-Tako - Potranco,125,10/17/25 9:19 AM,Maria Majana,,Military Discount,,,1.79
Tink-a-Tako - Potranco,125,10/17/25 9:19 AM,Maria Majana,,Military Discount,,,3.29
Tink-a-Tako - Potranco,125,10/17/25 9:19 AM,Maria Majana,,Military Discount,,,1.99
Tink-a-Tako - Potranco,115,10/17/25 9:12 AM,Mayra Luna,,Manager Comp - Check,,,35.22
Tink-a-Tako - Potranco,1,10/17/25 6:29 AM,Mayra Luna,,Employee Discount - Item,Employee Discount,Mayra,0.75
