Employee,Job Title,Regular Hours,Overtime Hours,Hourly Rate,Regular Pay,Overtime Pay,Total Pay,Net Sales,Declared Tips,Non-Cash Tips,Total Tips,Tips Withheld,Total Gratuity,Employee ID,Job Code,Location,Location Code
"Abundiz, Sergio",Server,8.61,0.0,,,,,917.67,,104.36,104.36,0.00,34.30,,,Tink-a-Tako - Potranco,
"Alonso, Lizeth",Host,8.97,0.0,13.00,116.61,0.00,116.61,757.84,,30.61,30.61,0.00,0.00,,,Tink-a-Tako - Potranco,
"Alvarado, Rodolfo",Cook,8.36,0.0,17.00,142.12,0.00,142.12,0.00,,0.00,0.00,0.00,0.00,,,Tink-a-Tako - Potranco,
"Aviles, Genaro",Cook,0.0,10.76,15.00,0.00,242.10,242.10,0.00,,0.00,0.00,0.00,0.00,,,Tink-a-Tako - Potranco,
"Brito, Victor ",Regular,4.18,3.51,12.00,50.16,63.18,113.34,0.00,,0.00,0.00,0.00,0.00,,,Tink-a-Tako - Potranco,
"Calderon, Jesus",Cook,7.94,0.0,,,,,0.00,,0.00,0.00,0.00,0.00,,,Tink-a-Tako - Potranco,
"Camacho, Juan ",Server,7.56,0.98,3.00,22.68,4.41,27.09,958.56,,137.66,137.66,0.00,0.00,,,Tink-a-Tako - Potranco,
"Caviedes, Esperansa",Server,6.38,0.0,3.00,19.14,0.00,19.14,588.02,,74.96,74.96,0.00,0.00,,,Tink-a-Tako - Potranco,
"Compean, Rosa",Server,6.35,0.0,3.00,19.05,0.00,19.05,590.08,,78.03,78.03,0.00,22.57,,,Tink-a-Tako - Potranco,
"Del angel , Candy ",Drive-Thru,6.8,0.0,15.00,102.00,0.00,102.00,1645.11,,61.64,61.64,0.00,0.00,,,Tink-a-Tako - Potranco,
"Diaz, Diego",Cook,8.56,0.0,,,,,0.00,,0.00,0.00,0.00,0.00,,,Tink-a-Tako - Potranco,
"Dominguez, Jose ",Cook,2.76,5.62,17.00,46.92,143.31,190.23,0.00,,0.00,0.00,0.00,0.00,,,Tink-a-Tako - Potranco,
"Gonzales (Line) , Maria",Cook,1.15,5.0,14.00,16.10,105.00,121.10,0.00,,0.00,0.00,0.00,0.00,,,Tink-a-Tako - Potranco,
"Hernandez, Silvia",Server,4.81,0.0,3.00,14.43,0.00,14.43,457.91,,59.89,59.89,0.00,0.00,,,Tink-a-Tako - Potranco,
"Juarez, Maria ",Dishwasher,8.1,0.0,12.00,97.20,0.00,97.20,0.00,,0.00,0.00,0.00,0.00,,,Tink-a-Tako - Potranco,
"Luna, Mayra",Shift Manager / Assistant Manager,15.79,0.0,,,,,5.69,,0.00,0.00,0.00,0.00,1919,,Tink-a-Tako - Potranco,
"Majana, Maria",Host,6.05,0.0,14.00,84.70,0.00,84.70,357.73,,20.12,20.12,0.00,0.00,,,Tink-a-Tako - Potranco,
"Rueda, Jonathan",Busser,6.73,0.0,12.00,80.76,0.00,80.76,0.00,,0.00,0.00,0.00,0.00,,,Tink-a-Tako - Potranco,
"Serrato, Joshua ",Busser,5.5,0.0,12.00,66.00,0.00,66.00,0.00,,0.00,0.00,0.00,0.00,,,Tink-a-Tako - Potranco,
"Torres, Daniela",Drive-Thru,5.89,0.0,,,,,52.95,,5.00,5.00,0.00,0.00,,,Tink-a-Tako - Potranco,
"Trevino, Melissa",Dishwasher,8.03,0.0,13.00,104.39,0.00,104.39,0.00,,0.00,0.00,0.00,0.00,,,Tink-a-Tako - Potranco,
"Vasquez, Norma",Server,6.83,0.0,5.00,34.15,0.00,34.15,752.82,,78.38,78.38,0.00,0.00,,,Tink-a-Tako - Potranco,
"Zuniga, Sebastian",Cook,7.81,0.0,15.00,117.15,0.00,117.15,0.00,,0.00,0.00,0.00,0.00,,,Tink-a-Tako - Potranco,
"huerta, Arturo ",Dishwasher,6.55,0.0,12.00,78.60,0.00,78.60,0.00,,0.00,0.00,0.00,0.00,,,Tink-a-Tako - Potranco,
