,Location,Employee,Job Title,In Date,Shift Closed Date,Out Date,Hours,Cash Tips Decl.,Cash on Hand,Cash in Drawer,Non-Cash Tips,Cash Gratuity,Non-Cash Gratuity,Tips Withheld,Non-Cash Sales,Cash Sales,Total Sales,Cash Collected?,Tips Paid?,Open,Paid,Closed,Tip Share Total
800000030843693337,Tink-a-Tako - Potranco,Norma Vasquez,Server,10/17/25 6:14 AM,10/17/25 1:03 PM,10/17/25 1:03 PM,6.83,,197.11,0.00,78.38,0.00,0.00,0.00,617.77,197.11,814.88,yes,yes,0,0,35,0.00
800000030843809165,Tink-a-Tako - Potranco,Mayra Luna,Shift Manager / Assistant Manager,10/17/25 6:29 AM,10/17/25 9:36 PM,10/17/25 10:17 PM,15.79,,6.16,8.09,0.00,0.00,0.00,0.00,0.00,6.16,6.16,yes,yes,0,0,2,0.00
800000030843810853,Tink-a-Tako - Potranco,Candy  Del angel ,Drive-Thru,10/17/25 6:29 AM,10/17/25 1:17 PM,10/17/25 1:17 PM,6.80,,0.00,381.53,61.64,0.00,0.00,0.00,1399.18,381.53,1780.71,yes,yes,0,0,149,0.00
800000030844702715,Tink-a-Tako - Potranco,Esperansa Caviedes,Server,10/17/25 7:41 AM,10/17/25 2:03 PM,10/17/25 2:04 PM,6.38,,119.46,0.00,74.96,0.00,0.00,0.00,516.99,119.46,636.45,yes,yes,0,0,23,0.00
800000030844816383,Tink-a-Tako - Potranco,Rosa Compean,Server,10/17/25 7:47 AM,10/17/25 2:08 PM,10/17/25 2:08 PM,6.35,,161.72,0.00,78.03,2.65,19.92,0.00,479.63,159.07,638.70,yes,yes,0,0,27,0.00
800000030845063135,Tink-a-Tako - Potranco,Maria Majana,Host,10/17/25 8:02 AM,10/17/25 2:04 PM,10/17/25 2:04 PM,6.05,,0.00,141.91,20.12,0.00,0.00,0.00,264.18,123.03,387.21,yes,yes,0,0,23,0.00
800000030845093652,Tink-a-Tako - Potranco,Silvia Hernandez,Server,10/17/25 8:03 AM,10/17/25 12:52 PM,10/17/25 12:52 PM,4.81,,37.71,0.00,59.89,0.00,0.00,0.00,430.97,64.68,495.65,yes,yes,0,0,23,0.00
800000030855711812,Tink-a-Tako - Potranco,Lizeth Alonso,Host,10/17/25 1:07 PM,10/17/25 10:00 PM,10/17/25 10:05 PM,8.97,,0.00,314.78,30.61,0.00,0.00,0.00,505.56,314.78,820.34,yes,yes,0,0,51,0.00
800000030856378920,Tink-a-Tako - Potranco,Sergio Abundiz,Server,10/17/25 1:22 PM,10/17/25 9:30 PM,10/17/25 9:58 PM,8.61,,105.09,0.00,104.36,7.17,27.13,0.00,895.31,97.92,993.23,yes,yes,0,0,31,0.00
800000030857430387,Tink-a-Tako - Potranco,Juan  Camacho,Server,10/17/25 1:45 PM,10/17/25 9:55 PM,10/17/25 10:17 PM,8.54,,128.16,0.00,137.66,0.00,0.00,0.00,909.38,128.16,1037.54,yes,yes,0,0,33,0.00
800000030858190781,Tink-a-Tako - Potranco,Jesus Calderon,Cook,10/17/25 2:03 PM,10/17/25 9:59 PM,10/17/25 9:59 PM,7.94,,0.00,0.00,0.00,0.00,0.00,0.00,0.00,0.00,0.00,yes,yes,0,0,0,0.00
800000030858347111,Tink-a-Tako - Potranco,Daniela Torres,Drive-Thru,10/17/25 2:06 PM,10/17/25 7:57 PM,10/17/25 8:00 PM,5.89,,0.00,0.00,5.00,0.00,0.00,0.00,57.32,0.00,57.32,yes,yes,0,0,2,0.00
800000030860389896,Tink-a-Tako - Potranco,Jonathan Rueda,Busser,10/17/25 2:55 PM,10/17/25 9:39 PM,10/17/25 9:39 PM,6.73,,0.00,0.00,0.00,0.00,0.00,0.00,0.00,0.00,0.00,yes,yes,0,0,0,0.00
