Employee,Job Title,Regular Hours,Overtime Hours,Hourly Rate,Regular Pay,Overtime Pay,Total Pay,Net Sales,Declared Tips,Non-Cash Tips,Total Tips,Tips Withheld,Total Gratuity,Employee ID,Job Code,Location,Location Code
"Hernandez, Fidelia ",Cook,0.0,8.1,14.00,0.00,170.10,170.10,0.00,,0.00,0.00,0.00,0.00,,,2919 Blanco Rd,
"Melendez, Ninoska",Tortillero/a,0.0,5.55,13.00,0.00,108.23,108.23,0.00,,0.00,0.00,0.00,0.00,,,2919 Blanco Rd,
"Ovalle , Martina",Server,0.0,7.4,,,,,1437.39,,105.00,105.00,0.00,11.81,,,2919 Blanco Rd,
"Pena , Vilma",Cook,7.74,0.0,14.00,108.36,0.00,108.36,0.00,,0.00,0.00,0.00,0.00,,,2919 Blanco Rd,
"Salazar, Maria ",Shift Manager / Assistant Manager,0.0,7.59,,,,,505.37,,22.00,22.00,0.00,0.00,,,2919 Blanco Rd,
"Villalobos , Veronica ",Cook,0.0,8.08,14.00,0.00,169.68,169.68,0.00,,0.00,0.00,0.00,0.00,,,2919 Blanco Rd,
"lopez, samantha",Drive-Thru,0.0,5.89,13.00,0.00,114.86,114.86,1423.25,,26.00,26.00,0.00,0.00,,,2919 Blanco Rd,
"santander, yerlinson",Cook,0.0,6.58,14.00,0.00,138.18,138.18,0.00,,0.00,0.00,0.00,0.00,,,2919 Blanco Rd,
