Employee,Job Title,In Date,Out Date,Auto Clock-out,Total Hours,Unpaid Break Time,Paid Break Time,Payable Hours
"Villalobos , Veronica ",Cook,8/10/25 7:32 AM,8/10/25 3:37 PM,No,8.08,0.00,0.00,8.08
"Hernandez, Fidelia ",Cook,8/10/25 7:33 AM,8/10/25 3:39 PM,No,8.10,0.00,0.00,8.10
"Salazar, Maria ",Shift Manager / Assistant Manager,8/10/25 7:41 AM,8/10/25 3:16 PM,No,7.59,0.00,0.00,7.59
"Pena , Vilma",Cook,8/10/25 7:54 AM,8/10/25 3:39 PM,No,7.74,0.00,0.00,7.74
"Ovalle , Martina",Server,8/10/25 8:01 AM,8/10/25 3:25 PM,No,7.40,0.00,0.00,7.40
"santander, yerlinson",Cook,8/10/25 9:02 AM,8/10/25 3:37 PM,No,6.58,0.00,0.00,6.58
"lopez, samantha",Drive-Thru,8/10/25 9:06 AM,8/10/25 2:56 PM,No,5.84,0.00,0.00,5.84
"Melendez, Ninoska",Tortillero/a,8/10/25 10:05 AM,8/10/25 3:38 PM,No,5.55,0.00,0.00,5.55
"lopez, samantha",Drive-Thru,8/10/25 2:56 PM,8/10/25 3:00 PM,No,0.05,0.00,0.00,0.05
