Location,Order #,Opened,# of Guests,Server,Table,Discount Amount,Amount,Tax,Tip,Gratuity
12060 Potranco Road,1,10/14/25 6:30 AM,1,Melissa  Urena,,0.00,55.04,4.54,4.00,0.00
12060 Potranco Road,4,10/14/25 6:42 AM,1,Melissa  Urena,,0.00,6.37,0.53,2.00,0.00
12060 Potranco Road,5,10/14/25 7:00 AM,1,Melissa  Urena,,0.00,3.58,0.30,0.00,0.00
12060 Potranco Road,6,10/14/25 7:03 AM,1,Melissa  Urena,,0.00,13.65,1.13,0.00,0.00
12060 Potranco Road,7,10/14/25 7:09 AM,1,Melissa  Urena,,0.00,10.06,0.83,0.00,0.00
12060 Potranco Road,8,10/14/25 7:18 AM,1,Melissa  Urena,,0.00,8.48,0.70,0.00,0.00
12060 Potranco Road,9,10/14/25 7:18 AM,1,Melissa  Urena,,0.00,6.77,0.56,1.00,0.00
12060 Potranco Road,11,10/14/25 7:34 AM,1,Sugey Cabrera,,0.00,9.35,0.77,0.00,0.00
12060 Potranco Road,10,10/14/25 7:34 AM,1,Lizbeth Garcia,16,0.80,10.17,0.84,0.00,0.00
12060 Potranco Road,13,10/14/25 7:35 AM,1,Leticia Roman,,0.00,0.00,0.00,0.00,0.00
12060 Potranco Road,14,10/14/25 7:46 AM,1,Melissa  Urena,,0.00,6.24,0.51,0.00,0.00
12060 Potranco Road,15,10/14/25 7:49 AM,2,Leticia Roman,2,0.00,28.25,2.33,10.00,0.00
12060 Potranco Road,16,10/14/25 7:51 AM,1,Leticia Roman,,0.00,12.48,1.03,2.00,0.00
12060 Potranco Road,17,10/14/25 7:53 AM,1,Melissa  Urena,,0.00,11.62,0.96,0.00,0.00
12060 Potranco Road,18,10/14/25 7:56 AM,1,Melissa  Urena,,0.00,2.29,0.19,1.00,0.00
12060 Potranco Road,19,10/14/25 7:59 AM,1,Lizbeth Garcia,18,0.00,9.98,0.83,4.00,0.00
12060 Potranco Road,20,10/14/25 8:02 AM,1,Melissa  Urena,,0.00,3.98,0.32,1.00,0.00
12060 Potranco Road,21,10/14/25 8:02 AM,1,Sugey Cabrera,,0.00,6.37,0.52,0.00,0.00
12060 Potranco Road,22,10/14/25 8:03 AM,1,Melissa  Urena,,0.00,13.94,1.15,5.00,0.00
12060 Potranco Road,23,10/14/25 8:11 AM,1,Melissa  Urena,,1.20,10.78,0.89,0.00,0.00
12060 Potranco Road,24,10/14/25 8:15 AM,1,Melissa  Urena,,0.00,8.36,0.69,0.00,0.00
12060 Potranco Road,25,10/14/25 8:17 AM,1,Melissa  Urena,,0.00,9.18,0.76,0.00,0.00
12060 Potranco Road,26,10/14/25 8:20 AM,1,Leticia Roman,,0.00,11.76,0.97,0.00,0.00
12060 Potranco Road,27,10/14/25 8:22 AM,1,Melissa  Urena,,0.00,2.49,0.21,0.00,0.00
12060 Potranco Road,29,10/14/25 8:28 AM,1,Lizbeth Garcia,14,0.00,15.97,1.32,2.40,0.00
12060 Potranco Road,28,10/14/25 8:23 AM,1,Melissa  Urena,,0.00,7.77,0.64,0.00,0.00
12060 Potranco Road,30,10/14/25 8:32 AM,1,Melissa  Urena,,0.00,11.16,0.92,0.00,0.00
12060 Potranco Road,31,10/14/25 8:34 AM,1,Melissa  Urena,,0.00,6.88,0.56,0.00,0.00
12060 Potranco Road,33,10/14/25 8:42 AM,1,Melissa  Urena,,0.00,11.06,0.92,2.00,0.00
12060 Potranco Road,34,10/14/25 8:42 AM,1,Melissa  Urena,,0.00,9.16,0.76,3.00,0.00
12060 Potranco Road,32,10/14/25 8:39 AM,1,Sugey Cabrera,,20.85,0.00,0.00,0.00,0.00
12060 Potranco Road,35,10/14/25 8:44 AM,1,Leticia Roman,,0.00,15.98,1.32,1.00,0.00
12060 Potranco Road,38,10/14/25 8:48 AM,1,Melissa  Urena,,0.00,5.98,0.49,0.00,0.00
12060 Potranco Road,40,10/14/25 8:51 AM,1,Leticia Roman,,0.00,8.36,0.69,0.00,0.00
12060 Potranco Road,39,10/14/25 8:50 AM,1,Melissa  Urena,,0.00,19.15,1.59,0.00,0.00
12060 Potranco Road,43,10/14/25 8:55 AM,1,Melissa  Urena,,0.00,10.17,0.84,0.00,0.00
12060 Potranco Road,44,10/14/25 8:58 AM,1,Melissa  Urena,,0.00,5.98,0.49,0.00,0.00
12060 Potranco Road,45,10/14/25 8:59 AM,1,Melissa  Urena,,0.00,5.28,0.44,3.00,0.00
12060 Potranco Road,46,10/14/25 9:01 AM,2,Leticia Roman,26,0.00,14.94,1.24,5.00,0.00
12060 Potranco Road,47,10/14/25 9:07 AM,1,Melissa  Urena,,0.00,8.06,0.67,0.00,0.00
12060 Potranco Road,49,10/14/25 9:07 AM,1,Melissa  Urena,,0.00,4.78,0.39,0.00,0.00
12060 Potranco Road,50,10/14/25 9:08 AM,1,Melissa  Urena,,0.00,3.98,0.33,1.00,0.00
12060 Potranco Road,48,10/14/25 9:07 AM,2,Leticia Roman,3,0.00,18.73,1.54,5.00,0.00
12060 Potranco Road,51,10/14/25 9:10 AM,1,Melissa  Urena,,0.00,7.38,0.61,2.00,0.00
12060 Potranco Road,52,10/14/25 9:11 AM,1,Melissa  Urena,,0.00,17.26,1.42,0.00,0.00
12060 Potranco Road,53,10/14/25 9:12 AM,1,Melissa  Urena,,0.00,12.77,1.05,0.00,0.00
12060 Potranco Road,54,10/14/25 9:15 AM,1,Melissa  Urena,,0.00,8.27,0.68,1.00,0.00
12060 Potranco Road,56,10/14/25 9:17 AM,3,Lizbeth Garcia,16,0.00,22.15,1.83,5.02,0.00
12060 Potranco Road,57,10/14/25 9:20 AM,2,Leticia Roman,2,0.00,19.94,1.64,5.00,0.00
12060 Potranco Road,58,10/14/25 9:20 AM,1,Melissa  Urena,,0.00,20.83,1.71,3.00,0.00
12060 Potranco Road,59,10/14/25 9:21 AM,1,Melissa  Urena,,0.00,1.99,0.16,0.00,0.00
12060 Potranco Road,60,10/14/25 9:24 AM,2,Lizbeth Garcia,1,0.00,12.26,1.02,0.00,0.00
12060 Potranco Road,61,10/14/25 9:30 AM,1,Melissa  Urena,,1.50,17.76,1.46,2.78,0.00
12060 Potranco Road,62,10/14/25 9:31 AM,4,Lizbeth Garcia,18,0.00,14.44,1.20,4.43,0.00
12060 Potranco Road,63,10/14/25 9:33 AM,1,Melissa  Urena,,0.00,20.61,1.71,8.62,0.00
12060 Potranco Road,64,10/14/25 9:36 AM,1,Leticia Roman,23,0.00,16.97,1.40,2.63,0.00
12060 Potranco Road,68,10/14/25 9:40 AM,1,Sugey Cabrera,,0.00,10.76,0.90,0.00,0.00
12060 Potranco Road,70,10/14/25 9:44 AM,1,Melissa  Urena,,0.00,18.55,1.54,0.00,0.00
12060 Potranco Road,71,10/14/25 9:44 AM,1,Melissa  Urena,,0.00,18.73,1.53,0.00,0.00
12060 Potranco Road,72,10/14/25 9:45 AM,1,Melissa  Urena,,0.00,0.00,0.00,0.00,0.00
12060 Potranco Road,73,10/14/25 9:46 AM,1,Melissa  Urena,,0.00,9.06,0.75,1.00,0.00
12060 Potranco Road,74,10/14/25 9:52 AM,1,Melissa  Urena,,0.00,4.38,0.36,0.00,0.00
12060 Potranco Road,75,10/14/25 9:53 AM,1,Melissa  Urena,,0.00,16.26,1.35,2.00,0.00
12060 Potranco Road,76,10/14/25 9:58 AM,1,Melissa  Urena,,0.00,11.16,0.92,0.00,0.00
12060 Potranco Road,78,10/14/25 10:08 AM,2,Lizbeth Garcia,14,0.00,26.23,2.17,5.00,0.00
12060 Potranco Road,77,10/14/25 10:01 AM,1,Melissa  Urena,,0.00,43.14,3.56,0.00,0.00
12060 Potranco Road,79,10/14/25 10:26 AM,1,Melissa  Urena,,0.00,16.55,1.37,0.00,0.00
12060 Potranco Road,80,10/14/25 10:27 AM,1,Melissa  Urena,,0.00,9.48,0.78,2.00,0.00
12060 Potranco Road,82,10/14/25 10:30 AM,1,Melissa  Urena,,0.00,3.98,0.33,1.00,0.00
12060 Potranco Road,81,10/14/25 10:30 AM,2,Leticia Roman,2,0.00,27.96,2.31,0.00,0.00
12060 Potranco Road,83,10/14/25 10:33 AM,2,Lizbeth Garcia,17,0.00,10.56,0.88,4.00,0.00
12060 Potranco Road,84,10/14/25 10:38 AM,1,Melissa  Urena,,0.00,13.86,1.15,3.00,0.00
12060 Potranco Road,87,10/14/25 10:41 AM,1,Leticia Roman,23,0.00,16.58,1.36,3.00,0.00
12060 Potranco Road,86,10/14/25 10:40 AM,1,Leticia Roman,23,0.00,0.00,0.00,0.00,0.00
12060 Potranco Road,88,10/14/25 10:46 AM,1,Melissa  Urena,,0.00,12.76,1.05,0.00,0.00
12060 Potranco Road,89,10/14/25 10:47 AM,1,Melissa  Urena,,0.00,12.85,1.06,2.00,0.00
12060 Potranco Road,90,10/14/25 10:53 AM,1,Melissa  Urena,,0.00,11.27,0.92,0.00,0.00
12060 Potranco Road,91,10/14/25 10:55 AM,1,Lizbeth Garcia,5,0.00,17.98,1.48,0.00,0.00
12060 Potranco Road,92,10/14/25 10:55 AM,1,Melissa  Urena,,0.00,19.53,1.62,3.00,0.00
12060 Potranco Road,93,10/14/25 10:59 AM,1,Melissa  Urena,,0.00,20.42,1.68,3.00,0.00
12060 Potranco Road,94,10/14/25 11:04 AM,1,Melissa  Urena,,0.00,22.98,1.90,0.00,0.00
12060 Potranco Road,95,10/14/25 11:07 AM,1,Melissa  Urena,,0.00,13.45,1.11,0.00,0.00
12060 Potranco Road,96,10/14/25 11:07 AM,1,Melissa  Urena,,0.00,24.98,2.06,0.00,0.00
12060 Potranco Road,98,10/14/25 11:11 AM,1,Melissa  Urena,,0.00,23.98,1.98,0.00,0.00
12060 Potranco Road,99,10/14/25 11:14 AM,2,Leticia Roman,20,0.00,34.26,2.82,0.00,0.00
12060 Potranco Road,100,10/14/25 11:17 AM,2,Leticia Roman,15,0.00,22.60,1.86,6.00,0.00
12060 Potranco Road,101,10/14/25 11:18 AM,2,Lizbeth Garcia,4,0.00,17.97,1.49,10.00,0.00
12060 Potranco Road,102,10/14/25 11:20 AM,1,Melissa  Urena,,0.00,5.98,0.49,5.00,0.00
12060 Potranco Road,104,10/14/25 11:26 AM,1,Lizbeth Garcia,8,0.00,8.99,0.74,3.00,0.00
12060 Potranco Road,103,10/14/25 11:24 AM,1,Melissa  Urena,,2.04,18.30,1.51,2.00,0.00
12060 Potranco Road,106,10/14/25 11:33 AM,2,Leticia Roman,31,0.00,26.26,2.16,10.00,0.00
12060 Potranco Road,107,10/14/25 11:34 AM,2,Lizbeth Garcia,16,0.00,28.03,2.31,10.00,0.00
12060 Potranco Road,108,10/14/25 11:40 AM,1,Sugey Cabrera,,0.00,21.41,1.77,0.00,0.00
12060 Potranco Road,110,10/14/25 11:41 AM,1,Melissa  Urena,,0.00,9.47,0.78,0.00,0.00
12060 Potranco Road,109,10/14/25 11:40 AM,1,Melissa  Urena,,0.00,8.99,0.74,0.00,0.00
12060 Potranco Road,111,10/14/25 11:41 AM,4,Leticia Roman,32,0.00,62.23,5.13,14.05,0.00
12060 Potranco Road,112,10/14/25 11:46 AM,1,Leticia Roman,26,0.00,12.28,1.01,5.00,0.00
12060 Potranco Road,114,10/14/25 11:46 AM,2,Lizbeth Garcia,23,0.00,18.25,1.51,4.24,0.00
12060 Potranco Road,113,10/14/25 11:46 AM,1,Sugey Cabrera,,0.00,18.24,1.50,0.00,0.00
12060 Potranco Road,115,10/14/25 11:54 AM,1,Melissa  Urena,,0.00,14.95,1.23,2.00,0.00
12060 Potranco Road,116,10/14/25 11:57 AM,1,Lizbeth Garcia,14,0.00,11.98,0.99,0.00,0.00
12060 Potranco Road,117,10/14/25 11:59 AM,1,Melissa  Urena,,0.00,12.97,1.07,0.00,0.00
12060 Potranco Road,118,10/14/25 11:59 AM,1,Sugey Cabrera,,0.00,11.99,0.99,0.00,0.00
12060 Potranco Road,119,10/14/25 12:04 PM,1,Melissa  Urena,,0.00,8.64,0.71,0.00,0.00
12060 Potranco Road,120,10/14/25 12:07 PM,1,Melissa  Urena,,0.00,5.57,0.46,0.00,0.00
12060 Potranco Road,121,10/14/25 12:07 PM,1,Melissa  Urena,,0.00,12.99,1.07,0.00,0.00
12060 Potranco Road,122,10/14/25 12:08 PM,1,Carlos Morales,,0.00,0.00,0.00,0.00,0.00
12060 Potranco Road,123,10/14/25 12:09 PM,6,Leticia Roman,37,0.00,80.93,6.66,0.00,16.19
12060 Potranco Road,124,10/14/25 12:09 PM,1,Carlos Morales,,0.00,58.95,4.87,0.00,0.00
12060 Potranco Road,128,10/14/25 12:13 PM,1,Leticia Roman,,0.00,15.75,1.30,0.00,0.00
12060 Potranco Road,130,10/14/25 12:16 PM,2,Leticia Roman,2,0.00,27.65,2.28,6.00,0.00
12060 Potranco Road,129,10/14/25 12:15 PM,3,Lizbeth Garcia,35,0.00,53.20,4.38,0.00,0.00
12060 Potranco Road,131,10/14/25 12:17 PM,1,Melissa  Urena,,0.00,14.17,1.16,2.00,0.00
12060 Potranco Road,133,10/14/25 12:20 PM,1,Melissa  Urena,,0.00,18.87,1.55,0.00,0.00
12060 Potranco Road,135,10/14/25 12:24 PM,1,Melissa  Urena,,0.00,6.18,0.51,0.00,0.00
12060 Potranco Road,134,10/14/25 12:24 PM,1,Carlos Morales,,0.00,33.22,2.74,0.00,0.00
12060 Potranco Road,137,10/14/25 12:29 PM,3,Lizbeth Garcia,28,0.00,50.50,4.16,11.11,0.00
12060 Potranco Road,138,10/14/25 12:32 PM,1,Leticia Roman,15,0.00,13.98,1.15,0.00,0.00
12060 Potranco Road,139,10/14/25 12:33 PM,1,Lizbeth Garcia,27,0.00,15.98,1.32,0.00,0.00
12060 Potranco Road,143,10/14/25 12:42 PM,1,Melissa  Urena,,0.00,1.79,0.15,0.00,0.00
12060 Potranco Road,146,10/14/25 12:48 PM,2,Leticia Roman,1,0.00,22.97,1.89,5.00,0.00
12060 Potranco Road,145,10/14/25 12:48 PM,5,Lizbeth Garcia,5,0.00,23.26,1.92,0.00,0.00
12060 Potranco Road,144,10/14/25 12:42 PM,1,Melissa  Urena,,0.00,13.47,1.10,0.00,0.00
12060 Potranco Road,147,10/14/25 12:50 PM,1,Melissa  Urena,,0.00,23.69,1.95,20.00,0.00
12060 Potranco Road,148,10/14/25 12:54 PM,1,Melissa  Urena,,0.00,18.59,1.53,2.00,0.00
12060 Potranco Road,149,10/14/25 1:06 PM,1,Melissa  Urena,,0.00,16.76,1.38,0.00,0.00
12060 Potranco Road,150,10/14/25 1:18 PM,1,Lizbeth Garcia,21,0.00,15.37,1.26,0.00,0.00
12060 Potranco Road,151,10/14/25 1:20 PM,1,Melissa  Urena,,0.00,8.78,0.72,0.00,0.00
12060 Potranco Road,152,10/14/25 1:21 PM,1,Lizbeth Garcia,,0.00,9.78,0.81,0.00,0.00
12060 Potranco Road,153,10/14/25 1:24 PM,1,Melissa  Urena,,0.00,1.99,0.16,0.00,0.00
12060 Potranco Road,154,10/14/25 1:30 PM,1,Melissa  Urena,,0.00,20.35,1.69,0.00,0.00
12060 Potranco Road,155,10/14/25 1:39 PM,1,Melissa  Urena,,0.00,3.58,0.30,1.00,0.00
12060 Potranco Road,157,10/14/25 1:40 PM,2,Lizbeth Garcia,2,0.00,56.32,4.65,0.00,0.00
12060 Potranco Road,158,10/14/25 1:46 PM,2,Lizbeth Garcia,15,0.00,38.38,3.18,8.00,0.00
12060 Potranco Road,159,10/14/25 1:51 PM,3,Leticia Roman,29,0.00,44.24,3.64,0.00,0.00
12060 Potranco Road,160,10/14/25 2:10 PM,1,Sugey Cabrera,,0.00,21.98,1.81,0.00,0.00
12060 Potranco Road,162,10/14/25 2:12 PM,1,Mario Jimenez,,0.00,11.95,0.98,0.00,0.00
12060 Potranco Road,166,10/14/25 2:17 PM,2,Leticia Roman,3,0.00,9.96,0.82,0.00,0.00
12060 Potranco Road,167,10/14/25 2:22 PM,1,Sugey Cabrera,,0.00,15.65,1.29,1.00,0.00
12060 Potranco Road,168,10/14/25 2:25 PM,1,Adrian Morales,,1.80,7.19,0.59,0.00,0.00
12060 Potranco Road,164,10/14/25 2:14 PM,1,Mario Jimenez,,0.00,10.10,0.83,0.00,0.00
12060 Potranco Road,170,10/14/25 2:34 PM,1,Mario Jimenez,,0.00,7.98,0.66,0.00,0.00
12060 Potranco Road,171,10/14/25 2:36 PM,1,Mario Jimenez,,0.00,11.37,0.94,0.00,0.00
12060 Potranco Road,173,10/14/25 2:52 PM,1,Mario Jimenez,,0.00,7.83,0.65,0.00,0.00
12060 Potranco Road,172,10/14/25 2:37 PM,1,Mario Jimenez,,0.00,13.97,1.15,0.00,0.00
12060 Potranco Road,174,10/14/25 2:53 PM,2,Adrian Morales,26,0.00,24.97,2.06,10.00,0.00
12060 Potranco Road,176,10/14/25 3:01 PM,2,Adrian Morales,28,0.00,43.96,3.63,0.00,0.00
12060 Potranco Road,177,10/14/25 3:07 PM,1,Mario Jimenez,,0.00,21.76,1.79,0.00,0.00
12060 Potranco Road,178,10/14/25 3:08 PM,1,Mario Jimenez,,0.00,6.78,0.56,1.49,0.00
12060 Potranco Road,179,10/14/25 3:08 PM,1,Mario Jimenez,,0.00,7.96,0.66,0.00,0.00
12060 Potranco Road,181,10/14/25 3:22 PM,2,Adrian Morales,18,0.00,19.98,1.65,6.00,0.00
12060 Potranco Road,182,10/14/25 3:23 PM,1,Mario Jimenez,,0.00,5.97,0.49,0.00,0.00
12060 Potranco Road,183,10/14/25 3:23 PM,1,Mario Jimenez,,0.00,11.48,0.95,0.00,0.00
12060 Potranco Road,184,10/14/25 3:28 PM,2,Adrian Morales,34,0.00,34.65,2.84,5.00,0.00
12060 Potranco Road,185,10/14/25 3:32 PM,1,Mario Jimenez,,0.00,11.97,0.99,0.00,0.00
12060 Potranco Road,186,10/14/25 3:33 PM,1,Mario Jimenez,,0.00,11.66,0.95,0.00,0.00
12060 Potranco Road,187,10/14/25 3:35 PM,1,Mario Jimenez,,0.00,9.99,0.82,0.00,0.00
12060 Potranco Road,188,10/14/25 3:49 PM,1,Mario Jimenez,,0.00,9.98,0.82,0.00,0.00
12060 Potranco Road,190,10/14/25 3:53 PM,3,Lisa Velasquez,22,0.00,24.49,2.04,5.00,0.00
12060 Potranco Road,191,10/14/25 3:55 PM,1,Mario Jimenez,,0.00,83.98,6.93,0.00,0.00
12060 Potranco Road,192,10/14/25 4:16 PM,1,Mario Jimenez,,0.00,9.38,0.78,1.00,0.00
12060 Potranco Road,194,10/14/25 4:17 PM,2,Adrian Morales,2,0.00,28.96,2.39,6.00,0.00
12060 Potranco Road,195,10/14/25 4:23 PM,3,Lisa Velasquez,3,0.00,50.32,4.15,0.00,0.00
12060 Potranco Road,196,10/14/25 4:26 PM,1,Mario Jimenez,,0.00,3.58,0.30,0.00,0.00
12060 Potranco Road,198,10/14/25 4:30 PM,1,Mario Jimenez,,2.00,17.96,1.48,0.00,0.00
12060 Potranco Road,200,10/14/25 4:51 PM,2,Adrian Morales,1,0.00,35.61,2.93,5.00,0.00
12060 Potranco Road,201,10/14/25 5:11 PM,1,Mario Jimenez,,0.00,9.24,0.76,0.00,0.00
12060 Potranco Road,202,10/14/25 5:24 PM,1,Candy Del Angel,,0.00,23.98,1.98,0.00,0.00
12060 Potranco Road,203,10/14/25 5:25 PM,2,Lisa Velasquez,14,0.00,38.66,3.19,8.00,0.00
12060 Potranco Road,204,10/14/25 5:52 PM,1,Mario Jimenez,,1.00,8.96,0.74,0.00,0.00
12060 Potranco Road,205,10/14/25 5:59 PM,1,Mario Jimenez,,0.00,10.26,0.84,0.00,0.00
12060 Potranco Road,207,10/14/25 6:05 PM,1,Mario Jimenez,,0.00,3.58,0.30,0.00,0.00
12060 Potranco Road,209,10/14/25 6:13 PM,2,Adrian Morales,14,0.00,59.44,4.90,10.00,0.00
12060 Potranco Road,210,10/14/25 6:17 PM,3,Lisa Velasquez,2,0.00,34.85,2.87,5.00,0.00
12060 Potranco Road,208,10/14/25 6:10 PM,1,Mario Jimenez,,0.00,51.94,4.27,5.00,0.00
12060 Potranco Road,212,10/14/25 6:34 PM,1,Mario Jimenez,,0.00,4.99,0.41,0.00,0.00
12060 Potranco Road,211,10/14/25 6:33 PM,1,Mario Jimenez,,0.00,46.23,3.82,0.00,0.00
12060 Potranco Road,213,10/14/25 6:52 PM,1,Mario Jimenez,,0.00,12.97,1.07,1.95,0.00
12060 Potranco Road,214,10/14/25 7:01 PM,2,Adrian Morales,3,0.00,26.16,2.17,1.40,0.00
12060 Potranco Road,215,10/14/25 7:04 PM,1,Mario Jimenez,,0.00,16.38,1.35,0.00,0.00
12060 Potranco Road,216,10/14/25 7:08 PM,6,Lisa Velasquez,37,1.30,98.38,8.12,0.00,19.94
12060 Potranco Road,217,10/14/25 7:11 PM,1,Adrian Morales,,0.00,24.45,2.02,0.00,0.00
12060 Potranco Road,219,10/14/25 7:12 PM,1,Mario Jimenez,,0.00,14.23,1.17,2.85,0.00
12060 Potranco Road,220,10/14/25 7:18 PM,1,Mario Jimenez,,0.00,9.99,0.82,1.50,0.00
12060 Potranco Road,221,10/14/25 7:19 PM,1,Candy Del Angel,,0.00,39.96,3.28,0.00,0.00
12060 Potranco Road,222,10/14/25 7:20 PM,1,Mario Jimenez,,0.00,13.17,1.09,0.00,0.00
12060 Potranco Road,224,10/14/25 7:30 PM,1,Mario Jimenez,,0.00,5.28,0.44,1.16,0.00
12060 Potranco Road,225,10/14/25 7:32 PM,2,Adrian Morales,7,0.00,93.84,7.73,25.00,18.77
12060 Potranco Road,226,10/14/25 7:34 PM,1,Mario Jimenez,,0.00,30.26,2.49,4.54,0.00
12060 Potranco Road,229,10/14/25 7:36 PM,1,Candy Del Angel,,0.00,31.96,2.64,0.00,0.00
12060 Potranco Road,230,10/14/25 7:55 PM,1,Mario Jimenez,,0.00,54.95,4.53,6.00,0.00
12060 Potranco Road,233,10/14/25 7:59 PM,1,Mario Jimenez,,0.00,7.98,0.66,0.00,0.00
12060 Potranco Road,236,10/14/25 8:27 PM,1,Candy Del Angel,,0.00,12.99,1.07,5.00,0.00
12060 Potranco Road,237,10/14/25 8:34 PM,1,Mario Jimenez,,0.00,26.36,2.17,5.27,0.00
