Employee,Job Title,Regular Hours,Overtime Hours,Hourly Rate,Regular Pay,Overtime Pay,Total Pay,Net Sales,Declared Tips,Non-Cash Tips,Total Tips,Tips Withheld,Total Gratuity,Employee ID,Job Code,Location,Location Code
"Aragon, Cecilia",Tortillera,7.24,0.0,13.00,94.12,0.00,94.12,0.00,,0.00,0.00,0.00,0.00,,,12060 Potranco Road,
"Cabrera, Sugey",Shift Leader,7.63,0.0,14.00,106.82,0.00,106.82,115.75,,1.00,1.00,0.00,0.00,,,12060 Potranco Road,
"Cardenas, Salvador",Cook,22.43,0.0,15.00,336.45,0.00,336.45,0.00,0.00,0.00,0.00,0.00,0.00,,,12060 Potranco Road,
"Del Angel, Candy",Shift Manager / Assistant Manager,6.55,0.0,,,,,108.89,,5.00,5.00,0.00,0.00,,,12060 Potranco Road,
"Farias, Claudia",Cook,9.25,0.0,15.00,138.75,0.00,138.75,0.00,,0.00,0.00,0.00,0.00,,,12060 Potranco Road,
"Garcia, Lizbeth",Server,8.24,0.0,3.00,24.72,0.00,24.72,487.75,0.00,71.20,71.20,0.00,0.00,,,12060 Potranco Road,
"Jimenez, Mario",Driver,6.87,0.0,14.00,96.18,0.00,96.18,602.42,0.00,30.76,30.76,0.00,0.00,,,12060 Potranco Road,
"Morales, Adrian",Server,7.1,0.0,3.00,21.30,0.00,21.30,399.21,0.00,68.40,68.40,0.00,18.77,,,12060 Potranco Road,
"Morales, Carlos",Busser,6.7,0.0,11.00,73.70,0.00,73.70,92.17,,0.00,0.00,0.00,0.00,,,12060 Potranco Road,
"Ojeda, George",Runner,7.29,0.0,12.50,91.12,0.00,91.12,0.00,,0.00,0.00,0.00,0.00,,,12060 Potranco Road,
"Roman, Leticia",Server,8.07,0.0,3.00,24.21,0.00,24.21,565.06,0.00,79.68,79.68,0.00,16.19,,,12060 Potranco Road,
"Rosales, Elsa",Tortillera,5.16,0.0,13.00,67.08,0.00,67.08,0.00,,0.00,0.00,0.00,0.00,,,12060 Potranco Road,
"Urena, Melissa ",Host,7.84,0.0,12.00,94.08,0.00,94.08,962.56,0.00,91.40,91.40,0.00,0.00,,,12060 Potranco Road,
"Vega, Estela",Tortillera,9.34,0.0,15.00,140.10,0.00,140.10,0.00,,0.00,0.00,0.00,0.00,,,12060 Potranco Road,
"Velasquez, Lisa",Server,5.65,0.0,3.00,16.95,0.00,16.95,246.70,3.00,18.00,21.00,0.00,19.94,,,12060 Potranco Road,
"vanenzuela, felix",Cook,7.11,0.0,,,,,0.00,,0.00,0.00,0.00,0.00,,,12060 Potranco Road,
