Location,Server,Check #,Table,Station,Expediter Level,Fired Date,Fulfilled Date,Fulfillment Time,Fulfilled By
Tink-a-Tako - Potranco,Daniela Torres,2,,Lobby,,10/7/25 6:32 AM,10/7/25 6:37 AM,4 minutes and 48 seconds,Mayra Luna
Tink-a-Tako - Potranco,Daniela Torres,1,,Lobby,,10/7/25 6:33 AM,10/7/25 6:38 AM,4 minutes and 17 seconds,Mayra Luna
Tink-a-Tako - Potranco,Daniela Torres,5,,Lobby,,10/7/25 6:34 AM,10/7/25 6:38 AM,4 minutes and 32 seconds,Mayra Luna
Tink-a-Tako - Potranco,Juan  Camacho,3,,Tortillero,,10/7/25 6:32 AM,10/7/25 6:39 AM,7 minutes and 51 seconds,Mayra Luna
Tink-a-Tako - Potranco,Juan  Camacho,3,,Lobby,,10/7/25 6:32 AM,10/7/25 6:39 AM,7 minutes and 51 seconds,Mayra Luna
Tink-a-Tako - Potranco,Juan  Camacho,3,,Prep,,10/7/25 6:32 AM,10/7/25 6:39 AM,7 minutes and 51 seconds,Mayra Luna
Tink-a-Tako - Potranco,Daniela Torres,6,,Lobby,,10/7/25 6:34 AM,10/7/25 6:40 AM,5 minutes and 34 seconds,Mayra Luna
Tink-a-Tako - Potranco,Daniela Torres,7,,Lobby,,10/7/25 6:41 AM,10/7/25 6:42 AM,1 minute and 21 seconds,Mayra Luna
Tink-a-Tako - Potranco,Daniela Torres,8,,Lobby,,10/7/25 6:42 AM,10/7/25 6:43 AM,1 minute and 16 seconds,Mayra Luna
Tink-a-Tako - Potranco,Daniela Torres,9,,Lobby,,10/7/25 6:42 AM,10/7/25 6:43 AM,1 minute and 26 seconds,Mayra Luna
Tink-a-Tako - Potranco,Daniela Torres,12,,Lobby,,10/7/25 6:46 AM,10/7/25 6:49 AM,2 minutes and 25 seconds,Mayra Luna
Tink-a-Tako - Potranco,Rosie  ORDONEZ,11,36,Prep,,10/7/25 6:43 AM,10/7/25 6:49 AM,5 minutes and 45 seconds,Mayra Luna
Tink-a-Tako - Potranco,Rosie  ORDONEZ,11,36,Lobby,,10/7/25 6:43 AM,10/7/25 6:49 AM,5 minutes and 45 seconds,Mayra Luna
Tink-a-Tako - Potranco,Rosie  ORDONEZ,11,36,Tortillero,,10/7/25 6:43 AM,10/7/25 6:49 AM,5 minutes and 45 seconds,Mayra Luna
Tink-a-Tako - Potranco,Rosie  ORDONEZ,11,36,Lobby,,10/7/25 6:43 AM,10/7/25 6:49 AM,5 minutes and 19 seconds,Mayra Luna
Tink-a-Tako - Potranco,Daniela Torres,13,,Lobby,,10/7/25 6:49 AM,10/7/25 6:51 AM,1 minute and 42 seconds,Mayra Luna
Tink-a-Tako - Potranco,Juan  Camacho,15,,Lobby,,10/7/25 6:52 AM,10/7/25 6:55 AM,3 minutes and 26 seconds,Mayra Luna
Tink-a-Tako - Potranco,Daniela Torres,14,,Lobby,,10/7/25 6:54 AM,10/7/25 7:01 AM,7 minutes and 32 seconds,Mayra Luna
Tink-a-Tako - Potranco,Daniela Torres,16,,Lobby,,10/7/25 6:57 AM,10/7/25 7:03 AM,5 minutes and 51 seconds,Mayra Luna
Tink-a-Tako - Potranco,Daniela Torres,18,,Lobby,,10/7/25 6:58 AM,10/7/25 7:04 AM,5 minutes and 40 seconds,Mayra Luna
Tink-a-Tako - Potranco,Daniela Torres,21,,Lobby,,10/7/25 7:05 AM,10/7/25 7:05 AM,37 seconds,Mayra Luna
Tink-a-Tako - Potranco,Juan  Camacho,20,40,Prep,,10/7/25 7:05 AM,10/7/25 7:11 AM,6 minutes and 14 seconds,Mayra Luna
Tink-a-Tako - Potranco,Juan  Camacho,20,40,Lobby,,10/7/25 7:05 AM,10/7/25 7:11 AM,6 minutes and 14 seconds,Mayra Luna
Tink-a-Tako - Potranco,Juan  Camacho,20,40,Tortillero,,10/7/25 7:05 AM,10/7/25 7:11 AM,6 minutes and 14 seconds,Mayra Luna
Tink-a-Tako - Potranco,Daniela Torres,19,,Lobby,,10/7/25 7:13 AM,10/7/25 7:15 AM,2 minutes and 4 seconds,Mayra Luna
Tink-a-Tako - Potranco,Daniela Torres,19,,Prep,,10/7/25 7:13 AM,10/7/25 7:15 AM,2 minutes and 4 seconds,Mayra Luna
Tink-a-Tako - Potranco,Daniela Torres,22,,Lobby,,10/7/25 7:18 AM,10/7/25 7:18 AM,20 seconds,Mayra Luna
Tink-a-Tako - Potranco,Daniela Torres,22,,Lobby,,10/7/25 7:18 AM,10/7/25 7:19 AM,21 seconds,Mayra Luna
Tink-a-Tako - Potranco,Daniela Torres,24,,Lobby,,10/7/25 7:25 AM,10/7/25 7:27 AM,1 minute and 13 seconds,Mayra Luna
Tink-a-Tako - Potranco,Daniela Torres,26,,Lobby,,10/7/25 7:27 AM,10/7/25 7:28 AM,55 seconds,Mayra Luna
Tink-a-Tako - Potranco,Daniela Torres,25,,Lobby,,10/7/25 7:31 AM,10/7/25 7:31 AM,21 seconds,Mayra Luna
Tink-a-Tako - Potranco,Juan  Camacho,28,,Lobby,,10/7/25 7:31 AM,10/7/25 7:32 AM,53 seconds,Mayra Luna
Tink-a-Tako - Potranco,Daniela Torres,30,,Lobby,,10/7/25 7:32 AM,10/7/25 7:33 AM,22 seconds,Mayra Luna
Tink-a-Tako - Potranco,Daniela Torres,31,,Lobby,,10/7/25 7:35 AM,10/7/25 7:36 AM,21 seconds,Mayra Luna
Tink-a-Tako - Potranco,Daniela Torres,31,,Lobby,,10/7/25 7:35 AM,10/7/25 7:37 AM,1 minute and 50 seconds,Mayra Luna
Tink-a-Tako - Potranco,Daniela Torres,29,,Lobby,,10/7/25 7:37 AM,10/7/25 7:37 AM,35 seconds,Mayra Luna
Tink-a-Tako - Potranco,Daniela Torres,33,,Tortillero,,10/7/25 7:37 AM,10/7/25 7:40 AM,2 minutes and 56 seconds,Mayra Luna
Tink-a-Tako - Potranco,Daniela Torres,33,,Lobby,,10/7/25 7:37 AM,10/7/25 7:40 AM,2 minutes and 56 seconds,Mayra Luna
Tink-a-Tako - Potranco,Daniela Torres,33,,Prep,,10/7/25 7:37 AM,10/7/25 7:40 AM,2 minutes and 56 seconds,Mayra Luna
Tink-a-Tako - Potranco,Daniela Torres,35,,Lobby,,10/7/25 7:39 AM,10/7/25 7:41 AM,1 minute and 27 seconds,Mayra Luna
Tink-a-Tako - Potranco,Juan  Camacho,37,,Lobby,,10/7/25 7:43 AM,10/7/25 7:44 AM,56 seconds,Mayra Luna
Tink-a-Tako - Potranco,Daniela Torres,38,,Lobby,,10/7/25 7:43 AM,10/7/25 7:46 AM,2 minutes and 23 seconds,Mayra Luna
Tink-a-Tako - Potranco,Juan  Camacho,39,,Lobby,,10/7/25 7:47 AM,10/7/25 7:48 AM,59 seconds,Mayra Luna
Tink-a-Tako - Potranco,Daniela Torres,40,,Lobby,,10/7/25 7:48 AM,10/7/25 7:50 AM,1 minute and 47 seconds,Mayra Luna
Tink-a-Tako - Potranco,Daniela Torres,41,,Lobby,,10/7/25 7:49 AM,10/7/25 7:51 AM,2 minutes and 46 seconds,Mayra Luna
Tink-a-Tako - Potranco,Daniela Torres,42,,Lobby,,10/7/25 7:51 AM,10/7/25 7:52 AM,38 seconds,Mayra Luna
Tink-a-Tako - Potranco,Daniela Torres,43,,Lobby,,10/7/25 7:54 AM,10/7/25 7:55 AM,40 seconds,Mayra Luna
Tink-a-Tako - Potranco,Daniela Torres,44,,Lobby,,10/7/25 7:55 AM,10/7/25 7:57 AM,2 minutes and 46 seconds,Mayra Luna
Tink-a-Tako - Potranco,Daniela Torres,45,,Lobby,,10/7/25 7:55 AM,10/7/25 7:58 AM,3 minutes and 17 seconds,Mayra Luna
Tink-a-Tako - Potranco,Daniela Torres,46,,Lobby,,10/7/25 7:58 AM,10/7/25 7:59 AM,24 seconds,Mayra Luna
Tink-a-Tako - Potranco,Juan  Camacho,47,,Lobby,,10/7/25 7:59 AM,10/7/25 7:59 AM,15 seconds,Mayra Luna
Tink-a-Tako - Potranco,Juan  Camacho,37,,,2,10/7/25 7:44 AM,10/7/25 7:59 AM,15 minutes and 25 seconds,Mayra Luna
Tink-a-Tako - Potranco,Juan  Camacho,20,40,,2,10/7/25 7:11 AM,10/7/25 7:59 AM,47 minutes and 51 seconds,Mayra Luna
Tink-a-Tako - Potranco,Juan  Camacho,3,,,2,10/7/25 6:39 AM,10/7/25 7:59 AM,"1 hour, 19 minutes and 49 seconds",Mayra Luna
Tink-a-Tako - Potranco,Juan  Camacho,28,,,2,10/7/25 7:32 AM,10/7/25 7:59 AM,27 minutes and 21 seconds,Mayra Luna
Tink-a-Tako - Potranco,Juan  Camacho,39,,,2,10/7/25 7:48 AM,10/7/25 7:59 AM,10 minutes and 57 seconds,Mayra Luna
Tink-a-Tako - Potranco,Rosie  ORDONEZ,11,36,,2,10/7/25 6:49 AM,10/7/25 7:59 AM,"1 hour, 10 minutes and 28 seconds",Mayra Luna
Tink-a-Tako - Potranco,Juan  Camacho,15,,,2,10/7/25 6:55 AM,10/7/25 7:59 AM,"1 hour, 3 minutes and 49 seconds",Mayra Luna
Tink-a-Tako - Potranco,Rosie  ORDONEZ,11,36,,2,10/7/25 6:49 AM,10/7/25 7:59 AM,"1 hour, 10 minutes and 29 seconds",Mayra Luna
Tink-a-Tako - Potranco,Juan  Camacho,47,,,2,10/7/25 7:59 AM,10/7/25 7:59 AM,12 seconds,Mayra Luna
Tink-a-Tako - Potranco,Juan  Camacho,48,35,Lobby,,10/7/25 8:00 AM,10/7/25 8:00 AM,28 seconds,Mayra Luna
Tink-a-Tako - Potranco,Daniela Torres,50,,Lobby,,10/7/25 8:02 AM,10/7/25 8:03 AM,27 seconds,Mayra Luna
Tink-a-Tako - Potranco,Daniela Torres,49,,Lobby,,10/7/25 8:01 AM,10/7/25 8:03 AM,1 minute and 48 seconds,Mayra Luna
Tink-a-Tako - Potranco,Daniela Torres,52,,Lobby,,10/7/25 8:03 AM,10/7/25 8:04 AM,56 seconds,Mayra Luna
Tink-a-Tako - Potranco,Juan  Camacho,51,17,Lobby,,10/7/25 8:03 AM,10/7/25 8:04 AM,1 minute and 8 seconds,Mayra Luna
Tink-a-Tako - Potranco,Juan  Camacho,51,17,Prep,,10/7/25 8:03 AM,10/7/25 8:04 AM,1 minute and 8 seconds,Mayra Luna
Tink-a-Tako - Potranco,Daniela Torres,53,,Lobby,,10/7/25 8:05 AM,10/7/25 8:07 AM,2 minutes and 23 seconds,Mayra Luna
Tink-a-Tako - Potranco,Juan  Camacho,54,23,Lobby,,10/7/25 8:10 AM,10/7/25 8:12 AM,1 minute and 18 seconds,Mayra Luna
Tink-a-Tako - Potranco,Daniela Torres,56,,Lobby,,10/7/25 8:15 AM,10/7/25 8:17 AM,1 minute and 35 seconds,Mayra Luna
Tink-a-Tako - Potranco,Juan  Camacho,59,23,Lobby,,10/7/25 8:16 AM,10/7/25 8:17 AM,1 minute and 23 seconds,Mayra Luna
Tink-a-Tako - Potranco,Daniela Torres,34,,Lobby,,10/7/25 8:13 AM,10/7/25 8:18 AM,4 minutes and 17 seconds,Mayra Luna
Tink-a-Tako - Potranco,Juan  Camacho,58,23,Lobby,,10/7/25 8:16 AM,10/7/25 8:18 AM,2 minutes and 7 seconds,Mayra Luna
Tink-a-Tako - Potranco,Daniela Torres,57,,Lobby,,10/7/25 8:17 AM,10/7/25 8:19 AM,1 minute and 40 seconds,Mayra Luna
Tink-a-Tako - Potranco,Daniela Torres,61,,Lobby,,10/7/25 8:18 AM,10/7/25 8:19 AM,1 minute and 15 seconds,Mayra Luna
Tink-a-Tako - Potranco,Juan  Camacho,55,9,Lobby,,10/7/25 8:13 AM,10/7/25 8:20 AM,6 minutes and 10 seconds,Mayra Luna
Tink-a-Tako - Potranco,Isabel Cisneros,65,21,Lobby,,10/7/25 8:22 AM,10/7/25 8:22 AM,29 seconds,Mayra Luna
Tink-a-Tako - Potranco,Daniela Torres,64,,Lobby,,10/7/25 8:21 AM,10/7/25 8:23 AM,1 minute and 36 seconds,Mayra Luna
Tink-a-Tako - Potranco,Silvia Hernandez,66,26,Lobby,,10/7/25 8:22 AM,10/7/25 8:23 AM,43 seconds,Mayra Luna
Tink-a-Tako - Potranco,Isabel Cisneros,65,21,,2,10/7/25 8:22 AM,10/7/25 8:23 AM,1 minute and 10 seconds,Mayra Luna
Tink-a-Tako - Potranco,Juan  Camacho,55,9,,2,10/7/25 8:20 AM,10/7/25 8:23 AM,3 minutes and 47 seconds,Mayra Luna
Tink-a-Tako - Potranco,Juan  Camacho,59,23,,2,10/7/25 8:17 AM,10/7/25 8:23 AM,5 minutes and 57 seconds,Mayra Luna
Tink-a-Tako - Potranco,Juan  Camacho,48,35,,2,10/7/25 8:00 AM,10/7/25 8:23 AM,23 minutes and 19 seconds,Mayra Luna
Tink-a-Tako - Potranco,Juan  Camacho,54,23,,2,10/7/25 8:12 AM,10/7/25 8:23 AM,11 minutes and 39 seconds,Mayra Luna
Tink-a-Tako - Potranco,Juan  Camacho,58,23,,2,10/7/25 8:18 AM,10/7/25 8:23 AM,5 minutes and 14 seconds,Mayra Luna
Tink-a-Tako - Potranco,Juan  Camacho,51,17,,2,10/7/25 8:04 AM,10/7/25 8:23 AM,19 minutes and 25 seconds,Mayra Luna
Tink-a-Tako - Potranco,Silvia Hernandez,66,26,,2,10/7/25 8:23 AM,10/7/25 8:23 AM,30 seconds,Mayra Luna
Tink-a-Tako - Potranco,Daniela Torres,67,,Lobby,,10/7/25 8:24 AM,10/7/25 8:25 AM,1 minute and 9 seconds,Mayra Luna
Tink-a-Tako - Potranco,Daniela Torres,69,,Lobby,,10/7/25 8:26 AM,10/7/25 8:27 AM,51 seconds,Mayra Luna
Tink-a-Tako - Potranco,Silvia Hernandez,63,37,Lobby,,10/7/25 8:20 AM,10/7/25 8:32 AM,11 minutes and 42 seconds,Mayra Luna
Tink-a-Tako - Potranco,Daniela Torres,62,,Lobby,,10/7/25 8:31 AM,10/7/25 8:33 AM,1 minute and 49 seconds,Mayra Luna
Tink-a-Tako - Potranco,Daniela Torres,72,,Lobby,,10/7/25 8:29 AM,10/7/25 8:34 AM,4 minutes and 53 seconds,Mayra Luna
Tink-a-Tako - Potranco,Juan  Camacho,71,22,Lobby,,10/7/25 8:29 AM,10/7/25 8:35 AM,5 minutes and 29 seconds,Mayra Luna
Tink-a-Tako - Potranco,Daniela Torres,75,,Lobby,,10/7/25 8:35 AM,10/7/25 8:36 AM,55 seconds,Mayra Luna
Tink-a-Tako - Potranco,Daniela Torres,76,,Lobby,,10/7/25 8:36 AM,10/7/25 8:38 AM,2 minutes and 5 seconds,Mayra Luna
Tink-a-Tako - Potranco,Juan  Camacho,78,34,Lobby,,10/7/25 8:37 AM,10/7/25 8:38 AM,1 minute and 9 seconds,Mayra Luna
Tink-a-Tako - Potranco,Isabel Cisneros,74,31,Lobby,,10/7/25 8:33 AM,10/7/25 8:38 AM,5 minutes and 14 seconds,Mayra Luna
Tink-a-Tako - Potranco,Daniela Torres,77,,Lobby,,10/7/25 8:36 AM,10/7/25 8:39 AM,2 minutes and 45 seconds,Mayra Luna
Tink-a-Tako - Potranco,Isabel Cisneros,82,38,Prep,,10/7/25 8:42 AM,10/7/25 8:43 AM,46 seconds,Mayra Luna
Tink-a-Tako - Potranco,Isabel Cisneros,82,38,Lobby,,10/7/25 8:42 AM,10/7/25 8:43 AM,46 seconds,Mayra Luna
Tink-a-Tako - Potranco,Juan  Camacho,79,25,Lobby,,10/7/25 8:42 AM,10/7/25 8:43 AM,47 seconds,Mayra Luna
Tink-a-Tako - Potranco,Maria Majana,70,3,Lobby,,10/7/25 8:41 AM,10/7/25 8:43 AM,2 minutes and 48 seconds,Mayra Luna
Tink-a-Tako - Potranco,Juan  Camacho,79,25,Lobby,,10/7/25 8:41 AM,10/7/25 8:44 AM,3 minutes and 8 seconds,Mayra Luna
Tink-a-Tako - Potranco,Daniela Torres,80,,Lobby,,10/7/25 8:42 AM,10/7/25 8:45 AM,2 minutes and 55 seconds,Mayra Luna
Tink-a-Tako - Potranco,Daniela Torres,81,,Lobby,,10/7/25 8:45 AM,10/7/25 8:46 AM,1 minute and 7 seconds,Mayra Luna
Tink-a-Tako - Potranco,Daniela Torres,85,,Lobby,,10/7/25 8:46 AM,10/7/25 8:46 AM,40 seconds,Mayra Luna
Tink-a-Tako - Potranco,Juan  Camacho,79,25,Lobby,,10/7/25 8:47 AM,10/7/25 8:47 AM,12 seconds,Mayra Luna
Tink-a-Tako - Potranco,Isabel Cisneros,82,38,Lobby,,10/7/25 8:47 AM,10/7/25 8:47 AM,22 seconds,Mayra Luna
Tink-a-Tako - Potranco,Daniela Torres,81,,Lobby,,10/7/25 8:47 AM,10/7/25 8:47 AM,47 seconds,Mayra Luna
Tink-a-Tako - Potranco,Isabel Cisneros,74,31,,2,10/7/25 8:38 AM,10/7/25 8:50 AM,11 minutes and 43 seconds,Mayra Luna
Tink-a-Tako - Potranco,Juan  Camacho,71,22,,2,10/7/25 8:35 AM,10/7/25 8:50 AM,15 minutes and 19 seconds,Mayra Luna
Tink-a-Tako - Potranco,Maria Majana,70,3,,2,10/7/25 8:43 AM,10/7/25 8:50 AM,6 minutes and 45 seconds,Mayra Luna
Tink-a-Tako - Potranco,Silvia Hernandez,63,37,,2,10/7/25 8:32 AM,10/7/25 8:50 AM,18 minutes and 1 second,Mayra Luna
Tink-a-Tako - Potranco,Juan  Camacho,79,25,,2,10/7/25 8:44 AM,10/7/25 8:50 AM,5 minutes and 56 seconds,Mayra Luna
Tink-a-Tako - Potranco,Juan  Camacho,79,25,,2,10/7/25 8:43 AM,10/7/25 8:50 AM,7 minutes and 8 seconds,Mayra Luna
Tink-a-Tako - Potranco,Juan  Camacho,78,34,,2,10/7/25 8:38 AM,10/7/25 8:50 AM,11 minutes and 48 seconds,Mayra Luna
Tink-a-Tako - Potranco,Isabel Cisneros,82,38,,2,10/7/25 8:43 AM,10/7/25 8:50 AM,7 minutes and 10 seconds,Mayra Luna
Tink-a-Tako - Potranco,Isabel Cisneros,82,38,,2,10/7/25 8:47 AM,10/7/25 8:50 AM,2 minutes and 55 seconds,Mayra Luna
Tink-a-Tako - Potranco,Juan  Camacho,79,25,,2,10/7/25 8:47 AM,10/7/25 8:50 AM,2 minutes and 56 seconds,Mayra Luna
Tink-a-Tako - Potranco,Silvia Hernandez,87,10,Lobby,,10/7/25 8:48 AM,10/7/25 8:50 AM,2 minutes and 45 seconds,Mayra Luna
Tink-a-Tako - Potranco,Silvia Hernandez,87,10,Prep,,10/7/25 8:48 AM,10/7/25 8:50 AM,2 minutes and 45 seconds,Mayra Luna
Tink-a-Tako - Potranco,Silvia Hernandez,83,18,Lobby,,10/7/25 8:47 AM,10/7/25 8:50 AM,2 minutes and 50 seconds,Mayra Luna
Tink-a-Tako - Potranco,Daniela Torres,89,,Lobby,,10/7/25 8:50 AM,10/7/25 8:53 AM,2 minutes and 50 seconds,Mayra Luna
Tink-a-Tako - Potranco,Daniela Torres,86,,Lobby,,10/7/25 8:53 AM,10/7/25 8:53 AM,28 seconds,Mayra Luna
Tink-a-Tako - Potranco,Maria Majana,88,,Lobby,,10/7/25 8:47 AM,10/7/25 8:54 AM,6 minutes and 23 seconds,Mayra Luna
Tink-a-Tako - Potranco,Daniela Torres,90,,Lobby,,10/7/25 8:54 AM,10/7/25 8:55 AM,1 minute and 27 seconds,Mayra Luna
Tink-a-Tako - Potranco,Daniela Torres,93,,Lobby,,10/7/25 9:00 AM,10/7/25 9:02 AM,1 minute and 8 seconds,Mayra Luna
Tink-a-Tako - Potranco,Daniela Torres,91,,Lobby,,10/7/25 9:02 AM,10/7/25 9:02 AM,30 seconds,Mayra Luna
Tink-a-Tako - Potranco,Daniela Torres,95,,Lobby,,10/7/25 9:02 AM,10/7/25 9:04 AM,1 minute and 19 seconds,Mayra Luna
Tink-a-Tako - Potranco,Isabel Cisneros,92,15,Lobby,,10/7/25 9:00 AM,10/7/25 9:04 AM,4 minutes and 10 seconds,Mayra Luna
Tink-a-Tako - Potranco,Maria Majana,98,,Lobby,,10/7/25 9:07 AM,10/7/25 9:08 AM,41 seconds,Mayra Luna
Tink-a-Tako - Potranco,Juan  Camacho,97,33,Lobby,,10/7/25 9:05 AM,10/7/25 9:08 AM,3 minutes and 16 seconds,Mayra Luna
Tink-a-Tako - Potranco,Rosie  ORDONEZ,94,,Lobby,,10/7/25 9:03 AM,10/7/25 9:09 AM,5 minutes and 55 seconds,Mayra Luna
Tink-a-Tako - Potranco,Daniela Torres,100,,Lobby,,10/7/25 9:10 AM,10/7/25 9:12 AM,2 minutes and 31 seconds,Mayra Luna
Tink-a-Tako - Potranco,Daniela Torres,101,,Lobby,,10/7/25 9:12 AM,10/7/25 9:14 AM,1 minute and 58 seconds,Mayra Luna
Tink-a-Tako - Potranco,Silvia Hernandez,83,18,,2,10/7/25 8:50 AM,10/7/25 9:14 AM,24 minutes and 7 seconds,Mayra Luna
Tink-a-Tako - Potranco,Maria Majana,98,,,2,10/7/25 9:08 AM,10/7/25 9:14 AM,6 minutes and 34 seconds,Mayra Luna
Tink-a-Tako - Potranco,Rosie  ORDONEZ,94,,,2,10/7/25 9:09 AM,10/7/25 9:14 AM,5 minutes and 13 seconds,Mayra Luna
Tink-a-Tako - Potranco,Isabel Cisneros,92,15,,2,10/7/25 9:04 AM,10/7/25 9:14 AM,10 minutes and 2 seconds,Mayra Luna
Tink-a-Tako - Potranco,Juan  Camacho,97,33,,2,10/7/25 9:08 AM,10/7/25 9:14 AM,6 minutes and 24 seconds,Mayra Luna
Tink-a-Tako - Potranco,Maria Majana,88,,,2,10/7/25 8:54 AM,10/7/25 9:15 AM,20 minutes and 43 seconds,Mayra Luna
Tink-a-Tako - Potranco,Silvia Hernandez,87,10,,2,10/7/25 8:50 AM,10/7/25 9:14 AM,24 minutes and 6 seconds,Mayra Luna
Tink-a-Tako - Potranco,Isabel Cisneros,92,15,Lobby,,10/7/25 9:15 AM,10/7/25 9:15 AM,25 seconds,Mayra Luna
Tink-a-Tako - Potranco,Daniela Torres,102,,Lobby,,10/7/25 9:18 AM,10/7/25 9:18 AM,19 seconds,Mayra Luna
Tink-a-Tako - Potranco,Isabel Cisneros,92,15,,2,10/7/25 9:15 AM,10/7/25 9:20 AM,4 minutes and 33 seconds,Mayra Luna
Tink-a-Tako - Potranco,Silvia Hernandez,104,24,Lobby,,10/7/25 9:21 AM,10/7/25 9:23 AM,2 minutes and 20 seconds,Mayra Luna
Tink-a-Tako - Potranco,Rosie  ORDONEZ,94,,Lobby,,10/7/25 9:22 AM,10/7/25 9:24 AM,2 minutes and 1 second,Mayra Luna
Tink-a-Tako - Potranco,Daniela Torres,105,,Lobby,,10/7/25 9:30 AM,10/7/25 9:31 AM,40 seconds,Mayra Luna
Tink-a-Tako - Potranco,Isabel Cisneros,107,25,Lobby,,10/7/25 9:33 AM,10/7/25 9:36 AM,2 minutes and 19 seconds,Mayra Luna
Tink-a-Tako - Potranco,Daniela Torres,108,,Lobby,,10/7/25 9:36 AM,10/7/25 9:37 AM,1 minute and 15 seconds,Mayra Luna
Tink-a-Tako - Potranco,Daniela Torres,109,,Lobby,,10/7/25 9:39 AM,10/7/25 9:41 AM,2 minutes and 41 seconds,Mayra Luna
Tink-a-Tako - Potranco,Juan  Camacho,110,32,Lobby,,10/7/25 9:40 AM,10/7/25 9:43 AM,3 minutes and 39 seconds,Mayra Luna
Tink-a-Tako - Potranco,Juan  Camacho,110,32,Prep,,10/7/25 9:40 AM,10/7/25 9:43 AM,3 minutes and 39 seconds,Mayra Luna
Tink-a-Tako - Potranco,Juan  Camacho,110,32,Tortillero,,10/7/25 9:40 AM,10/7/25 9:43 AM,3 minutes and 39 seconds,Mayra Luna
Tink-a-Tako - Potranco,Daniela Torres,111,,Lobby,,10/7/25 9:42 AM,10/7/25 9:44 AM,1 minute and 56 seconds,Mayra Luna
Tink-a-Tako - Potranco,Daniela Torres,112,,Tortillero,,10/7/25 9:43 AM,10/7/25 9:46 AM,2 minutes and 47 seconds,Mayra Luna
Tink-a-Tako - Potranco,Daniela Torres,112,,Lobby,,10/7/25 9:43 AM,10/7/25 9:46 AM,2 minutes and 47 seconds,Mayra Luna
Tink-a-Tako - Potranco,Daniela Torres,112,,Prep,,10/7/25 9:43 AM,10/7/25 9:46 AM,2 minutes and 47 seconds,Mayra Luna
Tink-a-Tako - Potranco,Daniela Torres,116,,Lobby,,10/7/25 9:46 AM,10/7/25 9:48 AM,1 minute and 27 seconds,Mayra Luna
Tink-a-Tako - Potranco,Juan  Camacho,114,7,Lobby,,10/7/25 9:43 AM,10/7/25 9:50 AM,6 minutes and 34 seconds,Mayra Luna
Tink-a-Tako - Potranco,Silvia Hernandez,117,9,Lobby,,10/7/25 9:49 AM,10/7/25 9:52 AM,2 minutes and 19 seconds,Mayra Luna
Tink-a-Tako - Potranco,Silvia Hernandez,104,24,,2,10/7/25 9:23 AM,10/7/25 9:52 AM,28 minutes and 51 seconds,Mayra Luna
Tink-a-Tako - Potranco,Rosie  ORDONEZ,94,,,2,10/7/25 9:24 AM,10/7/25 9:52 AM,27 minutes and 58 seconds,Mayra Luna
Tink-a-Tako - Potranco,Silvia Hernandez,117,9,,2,10/7/25 9:52 AM,10/7/25 9:52 AM,31 seconds,Mayra Luna
Tink-a-Tako - Potranco,Juan  Camacho,114,7,,2,10/7/25 9:50 AM,10/7/25 9:52 AM,2 minutes and 19 seconds,Mayra Luna
Tink-a-Tako - Potranco,Isabel Cisneros,107,25,,2,10/7/25 9:36 AM,10/7/25 9:52 AM,16 minutes and 17 seconds,Mayra Luna
Tink-a-Tako - Potranco,Isabel Cisneros,107,25,Prep,,10/7/25 9:49 AM,10/7/25 9:53 AM,3 minutes and 54 seconds,Mayra Luna
Tink-a-Tako - Potranco,Isabel Cisneros,107,25,Lobby,,10/7/25 9:49 AM,10/7/25 9:53 AM,3 minutes and 54 seconds,Mayra Luna
Tink-a-Tako - Potranco,Silvia Hernandez,115,17,Lobby,,10/7/25 9:46 AM,10/7/25 9:53 AM,6 minutes and 44 seconds,Mayra Luna
Tink-a-Tako - Potranco,Juan  Camacho,110,32,,2,10/7/25 9:43 AM,10/7/25 9:53 AM,9 minutes and 19 seconds,Mayra Luna
Tink-a-Tako - Potranco,Silvia Hernandez,115,17,,2,10/7/25 9:53 AM,10/7/25 9:53 AM,6 seconds,Mayra Luna
Tink-a-Tako - Potranco,Isabel Cisneros,107,25,,2,10/7/25 9:53 AM,10/7/25 9:53 AM,5 seconds,Mayra Luna
Tink-a-Tako - Potranco,Daniela Torres,121,,Lobby,,10/7/25 9:52 AM,10/7/25 9:55 AM,3 minutes and 23 seconds,Mayra Luna
Tink-a-Tako - Potranco,Juan  Camacho,120,33,Lobby,,10/7/25 9:50 AM,10/7/25 9:55 AM,5 minutes and 56 seconds,Mayra Luna
Tink-a-Tako - Potranco,Juan  Camacho,20,40,Lobby,,10/7/25 9:54 AM,10/7/25 9:56 AM,2 minutes and 51 seconds,Mayra Luna
Tink-a-Tako - Potranco,Juan  Camacho,110,32,Lobby,,10/7/25 9:56 AM,10/7/25 9:57 AM,58 seconds,Mayra Luna
Tink-a-Tako - Potranco,Silvia Hernandez,118,23,Lobby,,10/7/25 9:50 AM,10/7/25 9:57 AM,6 minutes and 41 seconds,Mayra Luna
Tink-a-Tako - Potranco,Silvia Hernandez,118,23,Prep,,10/7/25 9:50 AM,10/7/25 9:57 AM,6 minutes and 41 seconds,Mayra Luna
Tink-a-Tako - Potranco,Isabel Cisneros,119,34,Lobby,,10/7/25 9:49 AM,10/7/25 9:57 AM,8 minutes and 7 seconds,Mayra Luna
Tink-a-Tako - Potranco,Juan  Camacho,110,32,,2,10/7/25 9:57 AM,10/7/25 9:57 AM,25 seconds,Mayra Luna
Tink-a-Tako - Potranco,Daniela Torres,125,,Lobby,,10/7/25 10:04 AM,10/7/25 10:06 AM,2 minutes and 2 seconds,Mayra Luna
Tink-a-Tako - Potranco,Daniela Torres,106,,Lobby,,10/7/25 10:04 AM,10/7/25 10:07 AM,2 minutes and 52 seconds,Mayra Luna
Tink-a-Tako - Potranco,Isabel Cisneros,123,38,Lobby,,10/7/25 10:02 AM,10/7/25 10:07 AM,4 minutes and 27 seconds,Mayra Luna
Tink-a-Tako - Potranco,Daniela Torres,126,,Lobby,,10/7/25 10:05 AM,10/7/25 10:07 AM,2 minutes and 1 second,Mayra Luna
Tink-a-Tako - Potranco,Isabel Cisneros,124,20,Lobby,,10/7/25 10:03 AM,10/7/25 10:08 AM,5 minutes and 13 seconds,Mayra Luna
Tink-a-Tako - Potranco,Daniela Torres,122,,Lobby,,10/7/25 10:06 AM,10/7/25 10:08 AM,1 minute and 52 seconds,Mayra Luna
Tink-a-Tako - Potranco,Daniela Torres,129,,Lobby,,10/7/25 10:10 AM,10/7/25 10:11 AM,1 minute and 44 seconds,Mayra Luna
Tink-a-Tako - Potranco,Juan  Camacho,128,39,Lobby,,10/7/25 10:08 AM,10/7/25 10:12 AM,3 minutes and 53 seconds,Mayra Luna
Tink-a-Tako - Potranco,Daniela Torres,127,,Lobby,,10/7/25 10:09 AM,10/7/25 10:12 AM,3 minutes and 7 seconds,Mayra Luna
Tink-a-Tako - Potranco,Daniela Torres,130,,Lobby,,10/7/25 10:12 AM,10/7/25 10:13 AM,1 minute and 6 seconds,Mayra Luna
Tink-a-Tako - Potranco,Isabel Cisneros,124,20,,2,10/7/25 10:08 AM,10/7/25 10:13 AM,5 minutes and 18 seconds,Mayra Luna
Tink-a-Tako - Potranco,Isabel Cisneros,119,34,,2,10/7/25 9:57 AM,10/7/25 10:13 AM,16 minutes and 31 seconds,Mayra Luna
Tink-a-Tako - Potranco,Juan  Camacho,128,39,,2,10/7/25 10:12 AM,10/7/25 10:13 AM,1 minute and 8 seconds,Mayra Luna
Tink-a-Tako - Potranco,Silvia Hernandez,118,23,,2,10/7/25 9:57 AM,10/7/25 10:13 AM,16 minutes and 26 seconds,Mayra Luna
Tink-a-Tako - Potranco,Juan  Camacho,20,40,,2,10/7/25 9:56 AM,10/7/25 10:13 AM,16 minutes and 53 seconds,Mayra Luna
Tink-a-Tako - Potranco,Isabel Cisneros,123,38,,2,10/7/25 10:07 AM,10/7/25 10:13 AM,6 minutes and 35 seconds,Mayra Luna
Tink-a-Tako - Potranco,Juan  Camacho,120,33,,2,10/7/25 9:55 AM,10/7/25 10:13 AM,17 minutes and 51 seconds,Mayra Luna
Tink-a-Tako - Potranco,Daniela Torres,131,,Lobby,,10/7/25 10:13 AM,10/7/25 10:14 AM,55 seconds,Mayra Luna
Tink-a-Tako - Potranco,Isabel Cisneros,135,24,Lobby,,10/7/25 10:17 AM,10/7/25 10:19 AM,2 minutes and 36 seconds,Mayra Luna
Tink-a-Tako - Potranco,Juan  Camacho,134,18,Lobby,,10/7/25 10:17 AM,10/7/25 10:20 AM,2 minutes and 52 seconds,Mayra Luna
Tink-a-Tako - Potranco,Silvia Hernandez,133,37,Lobby,,10/7/25 10:15 AM,10/7/25 10:21 AM,6 minutes and 4 seconds,Mayra Luna
Tink-a-Tako - Potranco,Daniela Torres,132,,Lobby,,10/7/25 10:17 AM,10/7/25 10:21 AM,4 minutes and 24 seconds,Mayra Luna
Tink-a-Tako - Potranco,Juan  Camacho,137,32,Lobby,,10/7/25 10:19 AM,10/7/25 10:21 AM,2 minutes and 45 seconds,Mayra Luna
Tink-a-Tako - Potranco,Daniela Torres,136,,Lobby,,10/7/25 10:19 AM,10/7/25 10:22 AM,3 minutes and 1 second,Mayra Luna
Tink-a-Tako - Potranco,Daniela Torres,138,,Lobby,,10/7/25 10:20 AM,10/7/25 10:22 AM,2 minutes and 36 seconds,Mayra Luna
Tink-a-Tako - Potranco,Rosie  ORDONEZ,11,36,Lobby,,10/7/25 10:21 AM,10/7/25 10:23 AM,2 minutes and 8 seconds,Mayra Luna
Tink-a-Tako - Potranco,Daniela Torres,140,,Lobby,,10/7/25 10:23 AM,10/7/25 10:24 AM,1 minute and 51 seconds,Mayra Luna
Tink-a-Tako - Potranco,Isabel Cisneros,141,3,Lobby,,10/7/25 10:23 AM,10/7/25 10:25 AM,1 minute and 54 seconds,Mayra Luna
Tink-a-Tako - Potranco,Daniela Torres,142,,Lobby,,10/7/25 10:29 AM,10/7/25 10:30 AM,32 seconds,Mayra Luna
Tink-a-Tako - Potranco,Daniela Torres,145,,Lobby,,10/7/25 10:29 AM,10/7/25 10:31 AM,1 minute and 6 seconds,Mayra Luna
Tink-a-Tako - Potranco,Daniela Torres,146,,Lobby,,10/7/25 10:30 AM,10/7/25 10:31 AM,1 minute and 23 seconds,Mayra Luna
Tink-a-Tako - Potranco,Juan  Camacho,137,32,,2,10/7/25 10:21 AM,10/7/25 10:32 AM,10 minutes and 15 seconds,Mayra Luna
Tink-a-Tako - Potranco,Isabel Cisneros,135,24,,2,10/7/25 10:19 AM,10/7/25 10:32 AM,12 minutes and 13 seconds,Mayra Luna
Tink-a-Tako - Potranco,Juan  Camacho,134,18,,2,10/7/25 10:20 AM,10/7/25 10:32 AM,11 minutes and 54 seconds,Mayra Luna
Tink-a-Tako - Potranco,Rosie  ORDONEZ,11,36,,2,10/7/25 10:23 AM,10/7/25 10:32 AM,8 minutes and 44 seconds,Mayra Luna
Tink-a-Tako - Potranco,Silvia Hernandez,133,37,,2,10/7/25 10:21 AM,10/7/25 10:32 AM,10 minutes and 52 seconds,Mayra Luna
Tink-a-Tako - Potranco,Isabel Cisneros,141,3,,2,10/7/25 10:25 AM,10/7/25 10:32 AM,6 minutes and 31 seconds,Mayra Luna
Tink-a-Tako - Potranco,Silvia Hernandez,133,37,Lobby,,10/7/25 10:30 AM,10/7/25 10:32 AM,1 minute and 41 seconds,Mayra Luna
Tink-a-Tako - Potranco,Silvia Hernandez,149,7,Prep,,10/7/25 10:31 AM,10/7/25 10:32 AM,1 minute and 4 seconds,Mayra Luna
Tink-a-Tako - Potranco,Silvia Hernandez,149,7,Lobby,,10/7/25 10:31 AM,10/7/25 10:32 AM,1 minute and 4 seconds,Mayra Luna
Tink-a-Tako - Potranco,Daniela Torres,142,,Lobby,,10/7/25 10:32 AM,10/7/25 10:35 AM,2 minutes and 37 seconds,Mayra Luna
Tink-a-Tako - Potranco,Juan  Camacho,150,25,Lobby,,10/7/25 10:33 AM,10/7/25 10:36 AM,3 minutes and 7 seconds,Mayra Luna
Tink-a-Tako - Potranco,Maria Majana,144,,Lobby,,10/7/25 10:30 AM,10/7/25 10:37 AM,6 minutes and 50 seconds,Mayra Luna
Tink-a-Tako - Potranco,Maria Majana,144,,Tortillero,,10/7/25 10:30 AM,10/7/25 10:37 AM,6 minutes and 50 seconds,Mayra Luna
Tink-a-Tako - Potranco,Maria Majana,144,,Prep,,10/7/25 10:30 AM,10/7/25 10:37 AM,6 minutes and 50 seconds,Mayra Luna
Tink-a-Tako - Potranco,Isabel Cisneros,151,8,Lobby,,10/7/25 10:35 AM,10/7/25 10:38 AM,2 minutes and 34 seconds,Mayra Luna
Tink-a-Tako - Potranco,Daniela Torres,152,,Lobby,,10/7/25 10:36 AM,10/7/25 10:39 AM,3 minutes and 4 seconds,Mayra Luna
Tink-a-Tako - Potranco,Daniela Torres,147,,Lobby,,10/7/25 10:37 AM,10/7/25 10:41 AM,4 minutes and 14 seconds,Mayra Luna
Tink-a-Tako - Potranco,Maria Majana,156,,Lobby,,10/7/25 10:39 AM,10/7/25 10:41 AM,2 minutes and 17 seconds,Mayra Luna
Tink-a-Tako - Potranco,Daniela Torres,154,,Lobby,,10/7/25 10:41 AM,10/7/25 10:42 AM,1 minute and 1 second,Mayra Luna
Tink-a-Tako - Potranco,Juan  Camacho,155,33,Prep,,10/7/25 10:38 AM,10/7/25 10:42 AM,3 minutes and 56 seconds,Mayra Luna
Tink-a-Tako - Potranco,Juan  Camacho,155,33,Lobby,,10/7/25 10:38 AM,10/7/25 10:42 AM,3 minutes and 56 seconds,Mayra Luna
Tink-a-Tako - Potranco,Juan  Camacho,155,33,Tortillero,,10/7/25 10:38 AM,10/7/25 10:42 AM,3 minutes and 56 seconds,Mayra Luna
Tink-a-Tako - Potranco,Daniela Torres,157,,Lobby,,10/7/25 10:43 AM,10/7/25 10:46 AM,2 minutes and 33 seconds,Mayra Luna
Tink-a-Tako - Potranco,Daniela Torres,158,,Lobby,,10/7/25 10:45 AM,10/7/25 10:47 AM,1 minute and 28 seconds,Mayra Luna
Tink-a-Tako - Potranco,Daniela Torres,159,,Lobby,,10/7/25 10:47 AM,10/7/25 10:48 AM,21 seconds,Mayra Luna
Tink-a-Tako - Potranco,Daniela Torres,165,,Lobby,,10/7/25 10:52 AM,10/7/25 10:52 AM,44 seconds,Mayra Luna
Tink-a-Tako - Potranco,Isabel Cisneros,141,3,Prep,,10/7/25 10:46 AM,10/7/25 10:54 AM,8 minutes and 23 seconds,Mayra Luna
Tink-a-Tako - Potranco,Isabel Cisneros,141,3,Lobby,,10/7/25 10:46 AM,10/7/25 10:54 AM,8 minutes and 23 seconds,Mayra Luna
Tink-a-Tako - Potranco,Isabel Cisneros,141,3,Tortillero,,10/7/25 10:46 AM,10/7/25 10:54 AM,8 minutes and 23 seconds,Mayra Luna
Tink-a-Tako - Potranco,Juan  Camacho,163,39,Prep,,10/7/25 10:50 AM,10/7/25 10:54 AM,4 minutes and 20 seconds,Mayra Luna
Tink-a-Tako - Potranco,Juan  Camacho,163,39,Lobby,,10/7/25 10:50 AM,10/7/25 10:54 AM,4 minutes and 20 seconds,Mayra Luna
Tink-a-Tako - Potranco,Juan  Camacho,163,39,Tortillero,,10/7/25 10:50 AM,10/7/25 10:54 AM,4 minutes and 20 seconds,Mayra Luna
Tink-a-Tako - Potranco,Isabel Cisneros,164,37,Lobby,,10/7/25 10:51 AM,10/7/25 10:55 AM,3 minutes and 7 seconds,Mayra Luna
Tink-a-Tako - Potranco,Silvia Hernandez,162,23,Lobby,,10/7/25 10:50 AM,10/7/25 10:55 AM,4 minutes and 29 seconds,Mayra Luna
Tink-a-Tako - Potranco,Silvia Hernandez,162,23,Prep,,10/7/25 10:50 AM,10/7/25 10:55 AM,4 minutes and 29 seconds,Mayra Luna
Tink-a-Tako - Potranco,Juan  Camacho,166,21,Lobby,,10/7/25 10:53 AM,10/7/25 10:55 AM,1 minute and 35 seconds,Mayra Luna
Tink-a-Tako - Potranco,Daniela Torres,161,,Lobby,,10/7/25 10:55 AM,10/7/25 10:57 AM,2 minutes and 20 seconds,Mayra Luna
Tink-a-Tako - Potranco,Silvia Hernandez,167,2,Lobby,,10/7/25 10:58 AM,10/7/25 10:59 AM,1 minute and 1 second,Mayra Luna
Tink-a-Tako - Potranco,Daniela Torres,168,,Lobby,,10/7/25 11:00 AM,10/7/25 11:00 AM,48 seconds,Mayra Luna
Tink-a-Tako - Potranco,Juan  Camacho,163,39,Lobby,,10/7/25 11:00 AM,10/7/25 11:01 AM,1 minute and 17 seconds,Mayra Luna
Tink-a-Tako - Potranco,Daniela Torres,171,,Lobby,,10/7/25 11:02 AM,10/7/25 11:03 AM,58 seconds,Mayra Luna
Tink-a-Tako - Potranco,Isabel Cisneros,169,1,Lobby,,10/7/25 11:00 AM,10/7/25 11:04 AM,3 minutes and 52 seconds,Mayra Luna
Tink-a-Tako - Potranco,Daniela Torres,170,,Lobby,,10/7/25 11:05 AM,10/7/25 11:07 AM,1 minute and 46 seconds,Mayra Luna
Tink-a-Tako - Potranco,Daniela Torres,173,,Lobby,,10/7/25 11:06 AM,10/7/25 11:09 AM,2 minutes and 54 seconds,Mayra Luna
Tink-a-Tako - Potranco,Silvia Hernandez,172,22,Lobby,,10/7/25 11:04 AM,10/7/25 11:09 AM,4 minutes and 25 seconds,Mayra Luna
Tink-a-Tako - Potranco,Daniela Torres,175,,Lobby,,10/7/25 11:08 AM,10/7/25 11:09 AM,1 minute and 11 seconds,Mayra Luna
Tink-a-Tako - Potranco,Daniela Torres,177,,Lobby,,10/7/25 11:10 AM,10/7/25 11:13 AM,3 minutes and 1 second,Mayra Luna
Tink-a-Tako - Potranco,Daniela Torres,178,,Lobby,,10/7/25 11:11 AM,10/7/25 11:14 AM,2 minutes and 43 seconds,Mayra Luna
Tink-a-Tako - Potranco,Isabel Cisneros,174,32,Lobby,,10/7/25 11:08 AM,10/7/25 11:16 AM,8 minutes and 5 seconds,Mayra Luna
Tink-a-Tako - Potranco,Juan  Camacho,179,41,Lobby,,10/7/25 11:14 AM,10/7/25 11:16 AM,2 minutes and 31 seconds,Mayra Luna
Tink-a-Tako - Potranco,Silvia Hernandez,176,31,Lobby,,10/7/25 11:12 AM,10/7/25 11:17 AM,4 minutes and 32 seconds,Mayra Luna
Tink-a-Tako - Potranco,Daniela Torres,182,,Lobby,,10/7/25 11:16 AM,10/7/25 11:18 AM,1 minute and 6 seconds,Mayra Luna
Tink-a-Tako - Potranco,Silvia Hernandez,180,20,Lobby,,10/7/25 11:17 AM,10/7/25 11:18 AM,1 minute and 18 seconds,Mayra Luna
Tink-a-Tako - Potranco,Juan  Camacho,181,18,Lobby,,10/7/25 11:18 AM,10/7/25 11:22 AM,4 minutes and 16 seconds,Mayra Luna
Tink-a-Tako - Potranco,Maria Majana,185,,Lobby,,10/7/25 11:21 AM,10/7/25 11:23 AM,1 minute and 52 seconds,Mayra Luna
Tink-a-Tako - Potranco,Isabel Cisneros,184,19,Lobby,,10/7/25 11:19 AM,10/7/25 11:23 AM,4 minutes and 25 seconds,Mayra Luna
Tink-a-Tako - Potranco,Isabel Cisneros,184,19,Prep,,10/7/25 11:19 AM,10/7/25 11:23 AM,4 minutes and 25 seconds,Mayra Luna
Tink-a-Tako - Potranco,Daniela Torres,183,,Lobby,,10/7/25 11:24 AM,10/7/25 11:27 AM,2 minutes and 20 seconds,Mayra Luna
Tink-a-Tako - Potranco,Daniela Torres,183,,Prep,,10/7/25 11:24 AM,10/7/25 11:27 AM,2 minutes and 20 seconds,Mayra Luna
Tink-a-Tako - Potranco,Daniela Torres,189,,Lobby,,10/7/25 11:26 AM,10/7/25 11:27 AM,1 minute and 21 seconds,Mayra Luna
Tink-a-Tako - Potranco,Maria Majana,187,,Lobby,,10/7/25 11:25 AM,10/7/25 11:28 AM,2 minutes and 46 seconds,Mayra Luna
Tink-a-Tako - Potranco,Daniela Torres,186,,Lobby,,10/7/25 11:25 AM,10/7/25 11:28 AM,2 minutes and 30 seconds,Mayra Luna
Tink-a-Tako - Potranco,Isabel Cisneros,191,17,Prep,,10/7/25 11:28 AM,10/7/25 11:30 AM,2 minutes and 33 seconds,Mayra Luna
Tink-a-Tako - Potranco,Isabel Cisneros,191,17,Lobby,,10/7/25 11:28 AM,10/7/25 11:30 AM,2 minutes and 33 seconds,Mayra Luna
Tink-a-Tako - Potranco,Daniela Torres,195,,Lobby,,10/7/25 11:31 AM,10/7/25 11:32 AM,44 seconds,Mayra Luna
Tink-a-Tako - Potranco,Daniela Torres,192,,Lobby,,10/7/25 11:30 AM,10/7/25 11:33 AM,2 minutes and 52 seconds,Mayra Luna
Tink-a-Tako - Potranco,Daniela Torres,193,,Lobby,,10/7/25 11:31 AM,10/7/25 11:33 AM,2 minutes and 26 seconds,Mayra Luna
Tink-a-Tako - Potranco,Daniela Torres,196,,Lobby,,10/7/25 11:32 AM,10/7/25 11:35 AM,3 minutes and 24 seconds,Mayra Luna
Tink-a-Tako - Potranco,Isabel Cisneros,174,32,,2,10/7/25 11:16 AM,10/7/25 11:36 AM,20 minutes and 8 seconds,Mayra Luna
Tink-a-Tako - Potranco,Juan  Camacho,179,41,,2,10/7/25 11:16 AM,10/7/25 11:36 AM,20 minutes and 11 seconds,Mayra Luna
Tink-a-Tako - Potranco,Silvia Hernandez,176,31,,2,10/7/25 11:17 AM,10/7/25 11:36 AM,19 minutes and 32 seconds,Mayra Luna
Tink-a-Tako - Potranco,Isabel Cisneros,184,19,,2,10/7/25 11:23 AM,10/7/25 11:36 AM,13 minutes and 11 seconds,Mayra Luna
Tink-a-Tako - Potranco,Silvia Hernandez,180,20,,2,10/7/25 11:18 AM,10/7/25 11:36 AM,18 minutes and 21 seconds,Mayra Luna
Tink-a-Tako - Potranco,Juan  Camacho,163,39,,2,10/7/25 11:01 AM,10/7/25 11:36 AM,34 minutes and 59 seconds,Mayra Luna
Tink-a-Tako - Potranco,Juan  Camacho,181,18,,2,10/7/25 11:22 AM,10/7/25 11:36 AM,14 minutes and 6 seconds,Mayra Luna
Tink-a-Tako - Potranco,Silvia Hernandez,172,22,,2,10/7/25 11:09 AM,10/7/25 11:36 AM,27 minutes and 32 seconds,Mayra Luna
Tink-a-Tako - Potranco,Isabel Cisneros,169,1,,2,10/7/25 11:04 AM,10/7/25 11:36 AM,32 minutes and 30 seconds,Mayra Luna
Tink-a-Tako - Potranco,Silvia Hernandez,167,2,,2,10/7/25 10:59 AM,10/7/25 11:36 AM,37 minutes and 56 seconds,Mayra Luna
Tink-a-Tako - Potranco,Isabel Cisneros,164,37,,2,10/7/25 10:55 AM,10/7/25 11:36 AM,41 minutes and 57 seconds,Mayra Luna
Tink-a-Tako - Potranco,Silvia Hernandez,162,23,,2,10/7/25 10:55 AM,10/7/25 11:36 AM,41 minutes and 50 seconds,Mayra Luna
Tink-a-Tako - Potranco,Juan  Camacho,166,21,,2,10/7/25 10:55 AM,10/7/25 11:36 AM,41 minutes and 46 seconds,Mayra Luna
Tink-a-Tako - Potranco,Juan  Camacho,163,39,,2,10/7/25 10:54 AM,10/7/25 11:37 AM,42 minutes and 5 seconds,Mayra Luna
Tink-a-Tako - Potranco,Maria Majana,185,,,2,10/7/25 11:23 AM,10/7/25 11:37 AM,13 minutes and 32 seconds,Mayra Luna
Tink-a-Tako - Potranco,Daniela Torres,199,,Lobby,,10/7/25 11:35 AM,10/7/25 11:37 AM,1 minute and 49 seconds,Mayra Luna
Tink-a-Tako - Potranco,Juan  Camacho,198,23,Lobby,,10/7/25 11:34 AM,10/7/25 11:39 AM,4 minutes and 47 seconds,Mayra Luna
Tink-a-Tako - Potranco,Juan  Camacho,198,23,Tortillero,,10/7/25 11:34 AM,10/7/25 11:39 AM,4 minutes and 47 seconds,Mayra Luna
Tink-a-Tako - Potranco,Daniela Torres,202,,Lobby,,10/7/25 11:42 AM,10/7/25 11:43 AM,1 minute and 11 seconds,Mayra Luna
Tink-a-Tako - Potranco,Isabel Cisneros,141,3,,2,10/7/25 10:54 AM,10/7/25 11:45 AM,50 minutes and 45 seconds,Mayra Luna
Tink-a-Tako - Potranco,Silvia Hernandez,133,37,,2,10/7/25 10:32 AM,10/7/25 11:45 AM,"1 hour, 13 minutes and 32 seconds",Mayra Luna
Tink-a-Tako - Potranco,Isabel Cisneros,151,8,,2,10/7/25 10:38 AM,10/7/25 11:45 AM,"1 hour, 7 minutes and 16 seconds",Mayra Luna
Tink-a-Tako - Potranco,Juan  Camacho,150,25,,2,10/7/25 10:36 AM,10/7/25 11:45 AM,"1 hour, 9 minutes and 24 seconds",Mayra Luna
Tink-a-Tako - Potranco,Maria Majana,144,,,2,10/7/25 10:37 AM,10/7/25 11:45 AM,"1 hour, 8 minutes and 43 seconds",Mayra Luna
Tink-a-Tako - Potranco,Silvia Hernandez,149,7,,2,10/7/25 10:32 AM,10/7/25 11:45 AM,"1 hour, 12 minutes and 53 seconds",Mayra Luna
Tink-a-Tako - Potranco,Juan  Camacho,155,33,,2,10/7/25 10:42 AM,10/7/25 11:45 AM,"1 hour, 3 minutes and 21 seconds",Mayra Luna
Tink-a-Tako - Potranco,Maria Majana,156,,,2,10/7/25 10:41 AM,10/7/25 11:45 AM,"1 hour, 4 minutes and 10 seconds",Mayra Luna
Tink-a-Tako - Potranco,Maria Majana,187,,,2,10/7/25 11:28 AM,10/7/25 11:45 AM,17 minutes and 34 seconds,Mayra Luna
Tink-a-Tako - Potranco,Isabel Cisneros,191,17,,2,10/7/25 11:30 AM,10/7/25 11:46 AM,15 minutes and 18 seconds,Mayra Luna
Tink-a-Tako - Potranco,Maria Majana,201,,Lobby,,10/7/25 11:42 AM,10/7/25 11:47 AM,5 minutes and 1 second,Mayra Luna
Tink-a-Tako - Potranco,Daniela Torres,190,,Lobby,,10/7/25 11:47 AM,10/7/25 11:47 AM,28 seconds,Mayra Luna
Tink-a-Tako - Potranco,Daniela Torres,190,,Lobby,,10/7/25 11:44 AM,10/7/25 11:47 AM,3 minutes and 10 seconds,Mayra Luna
Tink-a-Tako - Potranco,Daniela Torres,205,,Lobby,,10/7/25 11:52 AM,10/7/25 11:54 AM,2 minutes and 11 seconds,Mayra Luna
Tink-a-Tako - Potranco,Daniela Torres,206,,Lobby,,10/7/25 11:53 AM,10/7/25 11:55 AM,1 minute and 54 seconds,Mayra Luna
Tink-a-Tako - Potranco,Juan  Camacho,198,23,,2,10/7/25 11:39 AM,10/7/25 11:59 AM,20 minutes and 4 seconds,Mayra Luna
Tink-a-Tako - Potranco,Silvia Hernandez,208,33,Prep,,10/7/25 11:58 AM,10/7/25 12:03 PM,5 minutes and 33 seconds,Mayra Luna
Tink-a-Tako - Potranco,Silvia Hernandez,208,33,Lobby,,10/7/25 11:58 AM,10/7/25 12:03 PM,5 minutes and 33 seconds,Mayra Luna
Tink-a-Tako - Potranco,Silvia Hernandez,208,33,Tortillero,,10/7/25 11:58 AM,10/7/25 12:03 PM,5 minutes and 33 seconds,Mayra Luna
Tink-a-Tako - Potranco,Daniela Torres,212,,Lobby,,10/7/25 12:03 PM,10/7/25 12:04 PM,48 seconds,Mayra Luna
Tink-a-Tako - Potranco,Maria Majana,211,,Lobby,,10/7/25 12:04 PM,10/7/25 12:06 PM,1 minute and 55 seconds,Mayra Luna
Tink-a-Tako - Potranco,Daniela Torres,213,,Lobby,,10/7/25 12:04 PM,10/7/25 12:09 PM,5 minutes and 18 seconds,Mayra Luna
Tink-a-Tako - Potranco,Isabel Cisneros,210,25,Lobby,,10/7/25 12:02 PM,10/7/25 12:10 PM,8 minutes and 22 seconds,Mayra Luna
Tink-a-Tako - Potranco,Silvia Hernandez,208,33,Lobby,,10/7/25 12:04 PM,10/7/25 12:10 PM,6 minutes and 40 seconds,Mayra Luna
Tink-a-Tako - Potranco,Silvia Hernandez,207,33,Lobby,,10/7/25 11:58 AM,10/7/25 12:10 PM,12 minutes and 36 seconds,Mayra Luna
Tink-a-Tako - Potranco,Silvia Hernandez,215,10,Lobby,,10/7/25 12:06 PM,10/7/25 12:10 PM,4 minutes and 53 seconds,Mayra Luna
Tink-a-Tako - Potranco,Isabel Cisneros,216,39,Lobby,,10/7/25 12:05 PM,10/7/25 12:10 PM,5 minutes and 13 seconds,Mayra Luna
Tink-a-Tako - Potranco,Juan  Camacho,217,26,Lobby,,10/7/25 12:07 PM,10/7/25 12:10 PM,3 minutes and 7 seconds,Mayra Luna
Tink-a-Tako - Potranco,Daniela Torres,218,,Lobby,,10/7/25 12:07 PM,10/7/25 12:11 PM,3 minutes and 46 seconds,Mayra Luna
Tink-a-Tako - Potranco,Silvia Hernandez,215,10,,2,10/7/25 12:10 PM,10/7/25 12:12 PM,1 minute and 54 seconds,Mayra Luna
Tink-a-Tako - Potranco,Juan  Camacho,217,26,,2,10/7/25 12:10 PM,10/7/25 12:12 PM,1 minute and 55 seconds,Mayra Luna
Tink-a-Tako - Potranco,Isabel Cisneros,216,39,,2,10/7/25 12:10 PM,10/7/25 12:12 PM,1 minute and 56 seconds,Mayra Luna
Tink-a-Tako - Potranco,Maria Majana,211,,,2,10/7/25 12:06 PM,10/7/25 12:12 PM,6 minutes and 12 seconds,Mayra Luna
Tink-a-Tako - Potranco,Silvia Hernandez,208,33,,2,10/7/25 12:10 PM,10/7/25 12:12 PM,1 minute and 59 seconds,Mayra Luna
Tink-a-Tako - Potranco,Silvia Hernandez,207,33,,2,10/7/25 12:10 PM,10/7/25 12:12 PM,2 minutes and 1 second,Mayra Luna
Tink-a-Tako - Potranco,Maria Majana,201,,,2,10/7/25 11:47 AM,10/7/25 12:12 PM,25 minutes and 20 seconds,Mayra Luna
Tink-a-Tako - Potranco,Isabel Cisneros,210,25,,2,10/7/25 12:10 PM,10/7/25 12:12 PM,2 minutes and 2 seconds,Mayra Luna
Tink-a-Tako - Potranco,Silvia Hernandez,208,33,,2,10/7/25 12:03 PM,10/7/25 12:12 PM,9 minutes and 17 seconds,Mayra Luna
Tink-a-Tako - Potranco,Daniela Torres,222,,Lobby,,10/7/25 12:13 PM,10/7/25 12:15 PM,2 minutes and 27 seconds,Mayra Luna
Tink-a-Tako - Potranco,Silvia Hernandez,220,8,Prep,,10/7/25 12:12 PM,10/7/25 12:18 PM,5 minutes and 6 seconds,Mayra Luna
Tink-a-Tako - Potranco,Silvia Hernandez,220,8,Lobby,,10/7/25 12:12 PM,10/7/25 12:18 PM,5 minutes and 6 seconds,Mayra Luna
Tink-a-Tako - Potranco,Silvia Hernandez,220,8,Tortillero,,10/7/25 12:12 PM,10/7/25 12:18 PM,5 minutes and 6 seconds,Mayra Luna
Tink-a-Tako - Potranco,Juan  Camacho,221,18,Lobby,,10/7/25 12:13 PM,10/7/25 12:18 PM,4 minutes and 42 seconds,Mayra Luna
Tink-a-Tako - Potranco,Isabel Cisneros,219,7,Lobby,,10/7/25 12:12 PM,10/7/25 12:18 PM,5 minutes and 48 seconds,Mayra Luna
Tink-a-Tako - Potranco,Isabel Cisneros,191,17,Lobby,,10/7/25 12:17 PM,10/7/25 12:18 PM,38 seconds,Mayra Luna
Tink-a-Tako - Potranco,Daniela Torres,223,,Lobby,,10/7/25 12:17 PM,10/7/25 12:18 PM,1 minute and 22 seconds,Mayra Luna
Tink-a-Tako - Potranco,Daniela Torres,224,,Lobby,,10/7/25 12:18 PM,10/7/25 12:19 PM,1 minute and 4 seconds,Mayra Luna
Tink-a-Tako - Potranco,Daniela Torres,226,,Lobby,,10/7/25 12:19 PM,10/7/25 12:20 PM,1 minute and 14 seconds,Mayra Luna
Tink-a-Tako - Potranco,Juan  Camacho,225,42,Lobby,,10/7/25 12:19 PM,10/7/25 12:21 PM,2 minutes and 4 seconds,Mayra Luna
Tink-a-Tako - Potranco,Juan  Camacho,228,42,Lobby,,10/7/25 12:19 PM,10/7/25 12:21 PM,2 minutes and 6 seconds,Mayra Luna
Tink-a-Tako - Potranco,Juan  Camacho,227,42,Lobby,,10/7/25 12:19 PM,10/7/25 12:24 PM,4 minutes and 58 seconds,Mayra Luna
Tink-a-Tako - Potranco,Silvia Hernandez,220,8,,2,10/7/25 12:18 PM,10/7/25 12:26 PM,8 minutes and 35 seconds,Mayra Luna
Tink-a-Tako - Potranco,Juan  Camacho,221,18,,2,10/7/25 12:18 PM,10/7/25 12:26 PM,8 minutes and 36 seconds,Mayra Luna
Tink-a-Tako - Potranco,Isabel Cisneros,219,7,,2,10/7/25 12:18 PM,10/7/25 12:26 PM,8 minutes and 33 seconds,Mayra Luna
Tink-a-Tako - Potranco,Isabel Cisneros,191,17,,2,10/7/25 12:18 PM,10/7/25 12:26 PM,8 minutes and 33 seconds,Mayra Luna
Tink-a-Tako - Potranco,Juan  Camacho,225,42,,2,10/7/25 12:21 PM,10/7/25 12:26 PM,5 minutes and 8 seconds,Mayra Luna
Tink-a-Tako - Potranco,Juan  Camacho,228,42,,2,10/7/25 12:21 PM,10/7/25 12:26 PM,5 minutes and 6 seconds,Mayra Luna
Tink-a-Tako - Potranco,Juan  Camacho,227,42,,2,10/7/25 12:24 PM,10/7/25 12:26 PM,2 minutes and 15 seconds,Mayra Luna
Tink-a-Tako - Potranco,Silvia Hernandez,229,20,Lobby,,10/7/25 12:26 PM,10/7/25 12:30 PM,4 minutes and 2 seconds,Mayra Luna
Tink-a-Tako - Potranco,Juan  Camacho,230,24,Lobby,,10/7/25 12:26 PM,10/7/25 12:33 PM,6 minutes and 49 seconds,Mayra Luna
Tink-a-Tako - Potranco,Isabel Cisneros,232,31,Lobby,,10/7/25 12:30 PM,10/7/25 12:35 PM,4 minutes and 54 seconds,Mayra Luna
Tink-a-Tako - Potranco,Juan  Camacho,230,24,,2,10/7/25 12:33 PM,10/7/25 12:39 PM,6 minutes and 14 seconds,Mayra Luna
Tink-a-Tako - Potranco,Silvia Hernandez,229,20,,2,10/7/25 12:30 PM,10/7/25 12:39 PM,8 minutes and 38 seconds,Mayra Luna
Tink-a-Tako - Potranco,Isabel Cisneros,232,31,,2,10/7/25 12:35 PM,10/7/25 12:39 PM,3 minutes and 44 seconds,Mayra Luna
Tink-a-Tako - Potranco,Daniela Torres,234,,Lobby,,10/7/25 12:34 PM,10/7/25 12:40 PM,6 minutes and 28 seconds,Mayra Luna
Tink-a-Tako - Potranco,Daniela Torres,236,,Lobby,,10/7/25 12:42 PM,10/7/25 12:46 PM,3 minutes and 25 seconds,Mayra Luna
Tink-a-Tako - Potranco,Silvia Hernandez,235,33,Lobby,,10/7/25 12:37 PM,10/7/25 12:47 PM,9 minutes and 52 seconds,Mayra Luna
Tink-a-Tako - Potranco,Juan  Camacho,239,32,Lobby,,10/7/25 12:53 PM,10/7/25 12:55 PM,2 minutes and 35 seconds,Mayra Luna
Tink-a-Tako - Potranco,Daniela Torres,237,,Lobby,,10/7/25 12:55 PM,10/7/25 12:57 PM,1 minute and 34 seconds,Mayra Luna
Tink-a-Tako - Potranco,Maria Majana,241,,Lobby,,10/7/25 12:54 PM,10/7/25 12:57 PM,2 minutes and 54 seconds,Mayra Luna
Tink-a-Tako - Potranco,Isabel Cisneros,240,8,Lobby,,10/7/25 12:54 PM,10/7/25 12:58 PM,4 minutes and 1 second,Mayra Luna
Tink-a-Tako - Potranco,Isabel Cisneros,240,8,Prep,,10/7/25 12:54 PM,10/7/25 12:58 PM,4 minutes and 1 second,Mayra Luna
Tink-a-Tako - Potranco,Isabel Cisneros,240,8,Tortillero,,10/7/25 12:54 PM,10/7/25 12:58 PM,4 minutes and 1 second,Mayra Luna
Tink-a-Tako - Potranco,Daniela Torres,243,,Lobby,,10/7/25 1:00 PM,10/7/25 1:04 PM,3 minutes and 58 seconds,Mayra Luna
Tink-a-Tako - Potranco,Isabel Cisneros,240,8,Lobby,,10/7/25 12:53 PM,10/7/25 1:05 PM,11 minutes and 27 seconds,Mayra Luna
Tink-a-Tako - Potranco,Maria Majana,241,,,2,10/7/25 12:57 PM,10/7/25 1:13 PM,16 minutes and 14 seconds,Mayra Luna
Tink-a-Tako - Potranco,Silvia Hernandez,235,33,,2,10/7/25 12:47 PM,10/7/25 1:13 PM,26 minutes and 42 seconds,Mayra Luna
Tink-a-Tako - Potranco,Juan  Camacho,239,32,,2,10/7/25 12:55 PM,10/7/25 1:13 PM,18 minutes and 6 seconds,Mayra Luna
Tink-a-Tako - Potranco,Isabel Cisneros,240,8,,2,10/7/25 1:05 PM,10/7/25 1:13 PM,8 minutes and 39 seconds,Mayra Luna
Tink-a-Tako - Potranco,Isabel Cisneros,240,8,,2,10/7/25 12:58 PM,10/7/25 1:13 PM,14 minutes and 56 seconds,Mayra Luna
Tink-a-Tako - Potranco,Daniela Torres,248,,Lobby,,10/7/25 1:11 PM,10/7/25 1:15 PM,3 minutes and 41 seconds,Mayra Luna
Tink-a-Tako - Potranco,Daniela Torres,248,,Prep,,10/7/25 1:11 PM,10/7/25 1:15 PM,3 minutes and 41 seconds,Mayra Luna
Tink-a-Tako - Potranco,Daniela Torres,249,,Lobby,,10/7/25 1:12 PM,10/7/25 1:15 PM,3 minutes and 37 seconds,Mayra Luna
Tink-a-Tako - Potranco,Rosie  ORDONEZ,94,,Lobby,,10/7/25 1:04 PM,10/7/25 1:18 PM,13 minutes and 55 seconds,Mayra Luna
Tink-a-Tako - Potranco,Isabel Cisneros,250,24,Lobby,,10/7/25 1:16 PM,10/7/25 1:18 PM,2 minutes and 8 seconds,Mayra Luna
Tink-a-Tako - Potranco,Daniela Torres,251,,Tortillero,,10/7/25 1:17 PM,10/7/25 1:19 PM,1 minute and 54 seconds,Mayra Luna
Tink-a-Tako - Potranco,Daniela Torres,251,,Lobby,,10/7/25 1:17 PM,10/7/25 1:19 PM,1 minute and 54 seconds,Mayra Luna
Tink-a-Tako - Potranco,Silvia Hernandez,253,25,Prep,,10/7/25 1:19 PM,10/7/25 1:20 PM,46 seconds,Mayra Luna
Tink-a-Tako - Potranco,Silvia Hernandez,253,25,Lobby,,10/7/25 1:19 PM,10/7/25 1:20 PM,46 seconds,Mayra Luna
Tink-a-Tako - Potranco,Juan  Camacho,254,7,Lobby,,10/7/25 1:17 PM,10/7/25 1:21 PM,3 minutes and 42 seconds,Mayra Luna
Tink-a-Tako - Potranco,Juan  Camacho,256,7,Lobby,,10/7/25 1:17 PM,10/7/25 1:21 PM,3 minutes and 42 seconds,Mayra Luna
Tink-a-Tako - Potranco,Daniela Torres,252,,Tortillero,,10/7/25 1:17 PM,10/7/25 1:22 PM,4 minutes and 55 seconds,Mayra Luna
Tink-a-Tako - Potranco,Daniela Torres,252,,Lobby,,10/7/25 1:17 PM,10/7/25 1:22 PM,4 minutes and 55 seconds,Mayra Luna
Tink-a-Tako - Potranco,Daniela Torres,252,,Prep,,10/7/25 1:17 PM,10/7/25 1:22 PM,4 minutes and 55 seconds,Mayra Luna
Tink-a-Tako - Potranco,Silvia Hernandez,253,25,Lobby,,10/7/25 1:19 PM,10/7/25 1:23 PM,3 minutes and 57 seconds,Mayra Luna
Tink-a-Tako - Potranco,Silvia Hernandez,253,25,Prep,,10/7/25 1:19 PM,10/7/25 1:23 PM,3 minutes and 57 seconds,Mayra Luna
Tink-a-Tako - Potranco,Silvia Hernandez,253,25,Tortillero,,10/7/25 1:19 PM,10/7/25 1:23 PM,3 minutes and 57 seconds,Mayra Luna
Tink-a-Tako - Potranco,Daniela Torres,261,,Lobby,,10/7/25 1:26 PM,10/7/25 1:28 PM,1 minute and 41 seconds,Mayra Luna
Tink-a-Tako - Potranco,Daniela Torres,261,,Prep,,10/7/25 1:26 PM,10/7/25 1:28 PM,1 minute and 41 seconds,Mayra Luna
Tink-a-Tako - Potranco,Maria Majana,259,,Lobby,,10/7/25 1:26 PM,10/7/25 1:28 PM,1 minute and 38 seconds,Mayra Luna
Tink-a-Tako - Potranco,Juan  Camacho,257,33,Lobby,,10/7/25 1:26 PM,10/7/25 1:29 PM,2 minutes and 56 seconds,Mayra Luna
Tink-a-Tako - Potranco,Silvia Hernandez,258,18,Lobby,,10/7/25 1:26 PM,10/7/25 1:32 PM,5 minutes and 33 seconds,Mayra Luna
Tink-a-Tako - Potranco,Isabel Cisneros,260,37,Lobby,,10/7/25 1:27 PM,10/7/25 1:37 PM,10 minutes and 28 seconds,Mayra Luna
Tink-a-Tako - Potranco,Silvia Hernandez,264,38,Lobby,,10/7/25 1:33 PM,10/7/25 1:37 PM,3 minutes and 53 seconds,Mayra Luna
Tink-a-Tako - Potranco,Daniela Torres,263,,Lobby,,10/7/25 1:36 PM,10/7/25 1:38 PM,2 minutes and 34 seconds,Mayra Luna
Tink-a-Tako - Potranco,Isabel Cisneros,265,9,Lobby,,10/7/25 1:33 PM,10/7/25 1:42 PM,8 minutes and 56 seconds,Mayra Luna
Tink-a-Tako - Potranco,Isabel Cisneros,266,,Lobby,,10/7/25 1:43 PM,10/7/25 1:44 PM,29 seconds,Mayra Luna
Tink-a-Tako - Potranco,Juan  Camacho,267,21,Lobby,,10/7/25 1:43 PM,10/7/25 1:49 PM,5 minutes and 15 seconds,Mayra Luna
Tink-a-Tako - Potranco,Juan  Camacho,268,31,Lobby,,10/7/25 1:45 PM,10/7/25 1:50 PM,5 minutes and 31 seconds,Mayra Luna
Tink-a-Tako - Potranco,Juan  Camacho,268,31,Tortillero,,10/7/25 1:45 PM,10/7/25 1:50 PM,5 minutes and 31 seconds,Mayra Luna
Tink-a-Tako - Potranco,Maria Majana,270,,Lobby,,10/7/25 1:49 PM,10/7/25 1:51 PM,2 minutes and 9 seconds,Mayra Luna
Tink-a-Tako - Potranco,Isabel Cisneros,260,37,,2,10/7/25 1:37 PM,10/7/25 1:52 PM,14 minutes and 47 seconds,Mayra Luna
Tink-a-Tako - Potranco,Rosie  ORDONEZ,94,,,2,10/7/25 1:18 PM,10/7/25 1:52 PM,33 minutes and 44 seconds,Mayra Luna
Tink-a-Tako - Potranco,Silvia Hernandez,253,25,,2,10/7/25 1:23 PM,10/7/25 1:52 PM,29 minutes and 22 seconds,Mayra Luna
Tink-a-Tako - Potranco,Silvia Hernandez,258,18,,2,10/7/25 1:32 PM,10/7/25 1:52 PM,20 minutes and 7 seconds,Mayra Luna
Tink-a-Tako - Potranco,Juan  Camacho,257,33,,2,10/7/25 1:29 PM,10/7/25 1:52 PM,23 minutes and 27 seconds,Mayra Luna
Tink-a-Tako - Potranco,Juan  Camacho,256,7,,2,10/7/25 1:21 PM,10/7/25 1:52 PM,30 minutes and 58 seconds,Mayra Luna
Tink-a-Tako - Potranco,Maria Majana,259,,,2,10/7/25 1:28 PM,10/7/25 1:52 PM,24 minutes and 14 seconds,Mayra Luna
Tink-a-Tako - Potranco,Juan  Camacho,267,21,,2,10/7/25 1:49 PM,10/7/25 1:52 PM,3 minutes and 27 seconds,Mayra Luna
Tink-a-Tako - Potranco,Isabel Cisneros,265,9,,2,10/7/25 1:42 PM,10/7/25 1:52 PM,9 minutes and 44 seconds,Mayra Luna
Tink-a-Tako - Potranco,Isabel Cisneros,266,,,2,10/7/25 1:44 PM,10/7/25 1:52 PM,8 minutes and 27 seconds,Mayra Luna
Tink-a-Tako - Potranco,Juan  Camacho,268,31,,2,10/7/25 1:50 PM,10/7/25 1:52 PM,1 minute and 58 seconds,Mayra Luna
Tink-a-Tako - Potranco,Silvia Hernandez,264,38,,2,10/7/25 1:37 PM,10/7/25 1:52 PM,15 minutes and 1 second,Mayra Luna
Tink-a-Tako - Potranco,Isabel Cisneros,269,32,Prep,,10/7/25 1:46 PM,10/7/25 1:54 PM,7 minutes and 51 seconds,Mayra Luna
Tink-a-Tako - Potranco,Isabel Cisneros,269,32,Lobby,,10/7/25 1:46 PM,10/7/25 1:54 PM,7 minutes and 51 seconds,Mayra Luna
Tink-a-Tako - Potranco,Isabel Cisneros,269,32,Tortillero,,10/7/25 1:46 PM,10/7/25 1:54 PM,7 minutes and 51 seconds,Mayra Luna
Tink-a-Tako - Potranco,Juan  Camacho,273,23,Lobby,,10/7/25 1:58 PM,10/7/25 2:02 PM,3 minutes and 8 seconds,Mayra Luna
Tink-a-Tako - Potranco,Daniela Torres,271,,Lobby,,10/7/25 1:56 PM,10/7/25 2:02 PM,6 minutes and 9 seconds,Mayra Luna
Tink-a-Tako - Potranco,Daniela Torres,275,,Lobby,,10/7/25 1:59 PM,10/7/25 2:02 PM,2 minutes and 33 seconds,Mayra Luna
Tink-a-Tako - Potranco,Daniela Torres,277,,Lobby,,10/7/25 2:04 PM,10/7/25 2:05 PM,1 minute and 5 seconds,Mayra Luna
Tink-a-Tako - Potranco,Daniela Torres,277,,Lobby,,10/7/25 2:02 PM,10/7/25 2:05 PM,2 minutes and 31 seconds,Mayra Luna
Tink-a-Tako - Potranco,Isabel Cisneros,274,,Lobby,,10/7/25 1:57 PM,10/7/25 2:05 PM,7 minutes and 54 seconds,Mayra Luna
Tink-a-Tako - Potranco,Juan  Camacho,273,23,Lobby,,10/7/25 1:56 PM,10/7/25 2:05 PM,8 minutes and 34 seconds,Mayra Luna
Tink-a-Tako - Potranco,Juan  Camacho,276,41,Lobby,,10/7/25 2:00 PM,10/7/25 2:06 PM,6 minutes and 12 seconds,Mayra Luna
Tink-a-Tako - Potranco,Nadia  Reyes,278,,Lobby,,10/7/25 2:07 PM,10/7/25 2:09 PM,2 minutes and 11 seconds,Mayra Luna
Tink-a-Tako - Potranco,Nadia  Reyes,279,,Lobby,,10/7/25 2:14 PM,10/7/25 2:17 PM,3 minutes and 12 seconds,Mayra Luna
Tink-a-Tako - Potranco,Nadia  Reyes,282,,Lobby,,10/7/25 2:16 PM,10/7/25 2:17 PM,1 minute and 32 seconds,Mayra Luna
Tink-a-Tako - Potranco,Nadia  Reyes,282,,Prep,,10/7/25 2:16 PM,10/7/25 2:17 PM,1 minute and 32 seconds,Mayra Luna
Tink-a-Tako - Potranco,Juan  Camacho,281,25,Lobby,,10/7/25 2:16 PM,10/7/25 2:20 PM,4 minutes and 14 seconds,Mayra Luna
Tink-a-Tako - Potranco,Nadia  Reyes,283,,Lobby,,10/7/25 2:20 PM,10/7/25 2:23 PM,2 minutes and 34 seconds,Mayra Luna
Tink-a-Tako - Potranco,Juan  Camacho,284,3,Lobby,,10/7/25 2:23 PM,10/7/25 2:26 PM,3 minutes and 20 seconds,Mayra Luna
Tink-a-Tako - Potranco,Sergio Abundiz,287,19,Lobby,,10/7/25 2:28 PM,10/7/25 2:32 PM,4 minutes and 1 second,Mayra Luna
Tink-a-Tako - Potranco,Sergio Abundiz,286,,Lobby,,10/7/25 2:28 PM,10/7/25 2:33 PM,5 minutes and 25 seconds,Mayra Luna
Tink-a-Tako - Potranco,Nadia  Reyes,288,,Tortillero,,10/7/25 2:33 PM,10/7/25 2:36 PM,3 minutes and 1 second,Mayra Luna
Tink-a-Tako - Potranco,Nadia  Reyes,288,,Lobby,,10/7/25 2:33 PM,10/7/25 2:36 PM,3 minutes and 1 second,Mayra Luna
Tink-a-Tako - Potranco,Juan  Camacho,273,23,Lobby,,10/7/25 2:34 PM,10/7/25 2:37 PM,2 minutes and 13 seconds,Mayra Luna
Tink-a-Tako - Potranco,Juan  Camacho,284,3,Lobby,,10/7/25 2:33 PM,10/7/25 2:37 PM,3 minutes and 31 seconds,Mayra Luna
Tink-a-Tako - Potranco,Juan  Camacho,284,3,Prep,,10/7/25 2:33 PM,10/7/25 2:37 PM,3 minutes and 31 seconds,Mayra Luna
Tink-a-Tako - Potranco,Juan  Camacho,284,3,Tortillero,,10/7/25 2:33 PM,10/7/25 2:37 PM,3 minutes and 31 seconds,Mayra Luna
Tink-a-Tako - Potranco,Juan  Camacho,289,20,Lobby,,10/7/25 2:35 PM,10/7/25 2:41 PM,6 minutes and 15 seconds,Mayra Luna
Tink-a-Tako - Potranco,Isabel Cisneros,269,32,,2,10/7/25 1:54 PM,10/7/25 2:45 PM,50 minutes and 19 seconds,Mayra Luna
Tink-a-Tako - Potranco,Isabel Cisneros,250,24,,2,10/7/25 1:18 PM,10/7/25 2:45 PM,"1 hour, 26 minutes and 25 seconds",Mayra Luna
Tink-a-Tako - Potranco,Silvia Hernandez,253,25,,2,10/7/25 1:20 PM,10/7/25 2:45 PM,"1 hour, 24 minutes and 56 seconds",Mayra Luna
Tink-a-Tako - Potranco,Juan  Camacho,273,23,,2,10/7/25 2:05 PM,10/7/25 2:45 PM,39 minutes and 43 seconds,Mayra Luna
Tink-a-Tako - Potranco,Juan  Camacho,254,7,,2,10/7/25 1:21 PM,10/7/25 2:45 PM,"1 hour, 23 minutes and 38 seconds",Mayra Luna
Tink-a-Tako - Potranco,Maria Majana,270,,,2,10/7/25 1:51 PM,10/7/25 2:45 PM,53 minutes and 29 seconds,Mayra Luna
Tink-a-Tako - Potranco,Isabel Cisneros,274,,,2,10/7/25 2:05 PM,10/7/25 2:45 PM,39 minutes and 44 seconds,Mayra Luna
Tink-a-Tako - Potranco,Juan  Camacho,276,41,,2,10/7/25 2:06 PM,10/7/25 2:45 PM,39 minutes,Mayra Luna
Tink-a-Tako - Potranco,Juan  Camacho,273,23,,2,10/7/25 2:02 PM,10/7/25 2:45 PM,43 minutes and 15 seconds,Mayra Luna
Tink-a-Tako - Potranco,Juan  Camacho,284,3,,2,10/7/25 2:26 PM,10/7/25 3:18 PM,51 minutes and 43 seconds,Mayra Luna
Tink-a-Tako - Potranco,Sergio Abundiz,287,19,,2,10/7/25 2:32 PM,10/7/25 3:18 PM,46 minutes and 12 seconds,Mayra Luna
Tink-a-Tako - Potranco,Juan  Camacho,284,3,,2,10/7/25 2:37 PM,10/7/25 3:18 PM,41 minutes and 37 seconds,Mayra Luna
Tink-a-Tako - Potranco,Juan  Camacho,281,25,,2,10/7/25 2:20 PM,10/7/25 3:18 PM,58 minutes and 14 seconds,Mayra Luna
Tink-a-Tako - Potranco,Sergio Abundiz,286,,,2,10/7/25 2:33 PM,10/7/25 3:18 PM,44 minutes and 56 seconds,Mayra Luna
Tink-a-Tako - Potranco,Juan  Camacho,273,23,,2,10/7/25 2:37 PM,10/7/25 3:18 PM,41 minutes and 41 seconds,Mayra Luna
Tink-a-Tako - Potranco,Juan  Camacho,289,20,,2,10/7/25 2:41 PM,10/7/25 3:18 PM,37 minutes and 20 seconds,Mayra Luna
Tink-a-Tako - Potranco,Sergio Abundiz,291,22,Lobby,,10/7/25 3:20 PM,10/7/25 3:31 PM,11 minutes and 19 seconds,Mayra Luna
Tink-a-Tako - Potranco,Juan  Camacho,20,40,Lobby,,10/7/25 3:23 PM,10/7/25 3:33 PM,10 minutes and 23 seconds,Mayra Luna
Tink-a-Tako - Potranco,Juan  Camacho,20,40,Lobby,,10/7/25 3:22 PM,10/7/25 3:33 PM,11 minutes and 29 seconds,Mayra Luna
Tink-a-Tako - Potranco,Juan  Camacho,20,40,Prep,,10/7/25 3:22 PM,10/7/25 3:33 PM,11 minutes and 29 seconds,Mayra Luna
Tink-a-Tako - Potranco,Juan  Camacho,20,40,Tortillero,,10/7/25 3:22 PM,10/7/25 3:33 PM,11 minutes and 29 seconds,Mayra Luna
Tink-a-Tako - Potranco,Nadia  Reyes,292,,Lobby,,10/7/25 3:27 PM,10/7/25 3:34 PM,6 minutes and 51 seconds,Mayra Luna
Tink-a-Tako - Potranco,Sergio Abundiz,293,25,Lobby,,10/7/25 3:28 PM,10/7/25 3:35 PM,7 minutes and 27 seconds,Mayra Luna
Tink-a-Tako - Potranco,Sergio Abundiz,293,25,Lobby,,10/7/25 3:35 PM,10/7/25 3:35 PM,26 seconds,Mayra Luna
Tink-a-Tako - Potranco,Nadia  Reyes,296,,Lobby,,10/7/25 3:37 PM,10/7/25 3:39 PM,2 minutes and 48 seconds,Mayra Luna
Tink-a-Tako - Potranco,Juan  Camacho,295,31,Lobby,,10/7/25 3:37 PM,10/7/25 3:40 PM,3 minutes and 44 seconds,Mayra Luna
Tink-a-Tako - Potranco,Juan  Camacho,295,31,Tortillero,,10/7/25 3:37 PM,10/7/25 3:40 PM,3 minutes and 44 seconds,Mayra Luna
Tink-a-Tako - Potranco,Nadia  Reyes,297,,Lobby,,10/7/25 3:40 PM,10/7/25 3:44 PM,3 minutes and 46 seconds,Mayra Luna
Tink-a-Tako - Potranco,Nadia  Reyes,299,,Lobby,,10/7/25 3:51 PM,10/7/25 3:52 PM,1 minute and 27 seconds,Mayra Luna
Tink-a-Tako - Potranco,Juan  Camacho,20,40,Lobby,,10/7/25 3:52 PM,10/7/25 4:01 PM,8 minutes and 29 seconds,Mayra Luna
Tink-a-Tako - Potranco,Juan  Camacho,295,31,,2,10/7/25 3:40 PM,10/7/25 4:01 PM,20 minutes and 46 seconds,Mayra Luna
Tink-a-Tako - Potranco,Sergio Abundiz,293,25,,2,10/7/25 3:35 PM,10/7/25 4:01 PM,26 minutes and 12 seconds,Mayra Luna
Tink-a-Tako - Potranco,Juan  Camacho,20,40,,2,10/7/25 4:01 PM,10/7/25 4:01 PM,35 seconds,Mayra Luna
Tink-a-Tako - Potranco,Juan  Camacho,20,40,,2,10/7/25 3:33 PM,10/7/25 4:01 PM,27 minutes and 44 seconds,Mayra Luna
Tink-a-Tako - Potranco,Juan  Camacho,20,40,,2,10/7/25 3:33 PM,10/7/25 4:01 PM,27 minutes and 48 seconds,Mayra Luna
Tink-a-Tako - Potranco,Sergio Abundiz,291,22,,2,10/7/25 3:31 PM,10/7/25 4:01 PM,30 minutes and 21 seconds,Mayra Luna
Tink-a-Tako - Potranco,Sergio Abundiz,293,25,,2,10/7/25 3:35 PM,10/7/25 4:01 PM,26 minutes and 15 seconds,Mayra Luna
Tink-a-Tako - Potranco,Nadia  Reyes,301,,Lobby,,10/7/25 4:02 PM,10/7/25 4:06 PM,3 minutes and 40 seconds,Mayra Luna
Tink-a-Tako - Potranco,Sergio Abundiz,291,22,Prep,,10/7/25 4:07 PM,10/7/25 4:07 PM,9 seconds,Mayra Luna
Tink-a-Tako - Potranco,Sergio Abundiz,291,22,Lobby,,10/7/25 4:07 PM,10/7/25 4:07 PM,9 seconds,Mayra Luna
Tink-a-Tako - Potranco,Sergio Abundiz,291,22,Tortillero,,10/7/25 4:07 PM,10/7/25 4:07 PM,9 seconds,Mayra Luna
Tink-a-Tako - Potranco,Nadia  Reyes,302,,Lobby,,10/7/25 4:14 PM,10/7/25 4:19 PM,4 minutes and 58 seconds,Mayra Luna
Tink-a-Tako - Potranco,Sergio Abundiz,303,34,Lobby,,10/7/25 4:20 PM,10/7/25 4:33 PM,12 minutes and 43 seconds,Mayra Luna
Tink-a-Tako - Potranco,Sergio Abundiz,303,34,Tortillero,,10/7/25 4:20 PM,10/7/25 4:33 PM,12 minutes and 43 seconds,Mayra Luna
Tink-a-Tako - Potranco,Juan  Camacho,304,10,Lobby,,10/7/25 4:21 PM,10/7/25 4:33 PM,11 minutes and 18 seconds,Mayra Luna
Tink-a-Tako - Potranco,Juan  Camacho,304,10,Prep,,10/7/25 4:21 PM,10/7/25 4:33 PM,11 minutes and 18 seconds,Mayra Luna
Tink-a-Tako - Potranco,Juan  Camacho,304,10,Tortillero,,10/7/25 4:21 PM,10/7/25 4:33 PM,11 minutes and 18 seconds,Mayra Luna
Tink-a-Tako - Potranco,Juan  Camacho,306,38,Lobby,,10/7/25 4:27 PM,10/7/25 4:33 PM,5 minutes and 18 seconds,Mayra Luna
Tink-a-Tako - Potranco,Sergio Abundiz,303,34,Lobby,,10/7/25 4:27 PM,10/7/25 4:33 PM,5 minutes and 51 seconds,Mayra Luna
Tink-a-Tako - Potranco,Nadia  Reyes,305,,Lobby,,10/7/25 4:27 PM,10/7/25 4:33 PM,5 minutes and 58 seconds,Mayra Luna
Tink-a-Tako - Potranco,Nadia  Reyes,310,,Lobby,,10/7/25 4:34 PM,10/7/25 4:36 PM,2 minutes and 10 seconds,Mayra Luna
Tink-a-Tako - Potranco,Nadia  Reyes,311,,Lobby,,10/7/25 4:34 PM,10/7/25 4:39 PM,4 minutes and 43 seconds,Mayra Luna
Tink-a-Tako - Potranco,Nadia  Reyes,308,,Tortillero,,10/7/25 4:33 PM,10/7/25 4:39 PM,5 minutes and 39 seconds,Mayra Luna
Tink-a-Tako - Potranco,Nadia  Reyes,308,,Lobby,,10/7/25 4:33 PM,10/7/25 4:39 PM,5 minutes and 39 seconds,Mayra Luna
Tink-a-Tako - Potranco,Nadia  Reyes,308,,Prep,,10/7/25 4:33 PM,10/7/25 4:39 PM,5 minutes and 39 seconds,Mayra Luna
Tink-a-Tako - Potranco,Juan  Camacho,307,33,Lobby,,10/7/25 4:28 PM,10/7/25 4:43 PM,14 minutes and 22 seconds,Mayra Luna
Tink-a-Tako - Potranco,Sergio Abundiz,309,,Lobby,,10/7/25 4:34 PM,10/7/25 4:43 PM,9 minutes and 14 seconds,Mayra Luna
Tink-a-Tako - Potranco,Nadia  Reyes,312,,Lobby,,10/7/25 4:45 PM,10/7/25 4:48 PM,2 minutes and 9 seconds,Mayra Luna
Tink-a-Tako - Potranco,Nadia  Reyes,313,,Lobby,,10/7/25 4:53 PM,10/7/25 4:54 PM,1 minute and 17 seconds,Mayra Luna
Tink-a-Tako - Potranco,Sergio Abundiz,314,,Lobby,,10/7/25 4:57 PM,10/7/25 5:00 PM,2 minutes and 38 seconds,Mayra Luna
Tink-a-Tako - Potranco,Sergio Abundiz,300,22,Prep,,10/7/25 5:00 PM,10/7/25 5:00 PM,9 seconds,Mayra Luna
Tink-a-Tako - Potranco,Sergio Abundiz,300,22,Lobby,,10/7/25 5:00 PM,10/7/25 5:00 PM,9 seconds,Mayra Luna
Tink-a-Tako - Potranco,Sergio Abundiz,300,22,Tortillero,,10/7/25 5:00 PM,10/7/25 5:00 PM,9 seconds,Mayra Luna
Tink-a-Tako - Potranco,Sergio Abundiz,316,,Lobby,,10/7/25 5:06 PM,10/7/25 5:24 PM,17 minutes and 26 seconds,Mayra Luna
Tink-a-Tako - Potranco,Juan  Camacho,317,18,Prep,,10/7/25 5:29 PM,10/7/25 5:36 PM,6 minutes and 48 seconds,Mayra Luna
Tink-a-Tako - Potranco,Juan  Camacho,317,18,Lobby,,10/7/25 5:29 PM,10/7/25 5:36 PM,6 minutes and 48 seconds,Mayra Luna
Tink-a-Tako - Potranco,Juan  Camacho,317,18,Tortillero,,10/7/25 5:29 PM,10/7/25 5:36 PM,6 minutes and 48 seconds,Mayra Luna
Tink-a-Tako - Potranco,Nadia  Reyes,318,,Lobby,,10/7/25 5:32 PM,10/7/25 5:38 PM,6 minutes and 14 seconds,Mayra Luna
Tink-a-Tako - Potranco,Juan  Camacho,317,18,Lobby,,10/7/25 5:29 PM,10/7/25 5:43 PM,13 minutes and 46 seconds,Mayra Luna
Tink-a-Tako - Potranco,Juan  Camacho,320,,Lobby,,10/7/25 5:39 PM,10/7/25 5:46 PM,7 minutes and 11 seconds,Mayra Luna
Tink-a-Tako - Potranco,Juan  Camacho,317,18,Lobby,,10/7/25 5:50 PM,10/7/25 5:51 PM,1 minute and 15 seconds,Mayra Luna
Tink-a-Tako - Potranco,Sergio Abundiz,321,31,Lobby,,10/7/25 5:47 PM,10/7/25 5:54 PM,7 minutes and 11 seconds,Mayra Luna
Tink-a-Tako - Potranco,Sergio Abundiz,321,31,Prep,,10/7/25 5:47 PM,10/7/25 5:54 PM,7 minutes and 11 seconds,Mayra Luna
Tink-a-Tako - Potranco,Sergio Abundiz,321,31,Tortillero,,10/7/25 5:47 PM,10/7/25 5:54 PM,7 minutes and 11 seconds,Mayra Luna
Tink-a-Tako - Potranco,Sergio Abundiz,314,,,2,10/7/25 5:00 PM,10/7/25 6:02 PM,"1 hour, 2 minutes and 32 seconds",Mayra Luna
Tink-a-Tako - Potranco,Juan  Camacho,307,33,,2,10/7/25 4:43 PM,10/7/25 6:02 PM,"1 hour, 19 minutes and 49 seconds",Mayra Luna
Tink-a-Tako - Potranco,Sergio Abundiz,300,22,,2,10/7/25 5:00 PM,10/7/25 6:03 PM,"1 hour, 2 minutes and 14 seconds",Mayra Luna
Tink-a-Tako - Potranco,Sergio Abundiz,309,,,2,10/7/25 4:43 PM,10/7/25 6:03 PM,"1 hour, 19 minutes and 16 seconds",Mayra Luna
Tink-a-Tako - Potranco,Sergio Abundiz,316,,,2,10/7/25 5:24 PM,10/7/25 6:03 PM,38 minutes and 58 seconds,Mayra Luna
Tink-a-Tako - Potranco,Sergio Abundiz,303,34,,2,10/7/25 4:33 PM,10/7/25 6:03 PM,"1 hour, 29 minutes and 54 seconds",Mayra Luna
Tink-a-Tako - Potranco,Juan  Camacho,306,38,,2,10/7/25 4:33 PM,10/7/25 6:03 PM,"1 hour, 29 minutes and 54 seconds",Mayra Luna
Tink-a-Tako - Potranco,Juan  Camacho,304,10,,2,10/7/25 4:33 PM,10/7/25 6:03 PM,"1 hour, 29 minutes and 58 seconds",Mayra Luna
Tink-a-Tako - Potranco,Juan  Camacho,317,18,,2,10/7/25 5:43 PM,10/7/25 6:03 PM,19 minutes and 45 seconds,Mayra Luna
Tink-a-Tako - Potranco,Sergio Abundiz,303,34,,2,10/7/25 4:33 PM,10/7/25 6:03 PM,"1 hour, 30 minutes and 1 second",Mayra Luna
Tink-a-Tako - Potranco,Sergio Abundiz,291,22,,2,10/7/25 4:07 PM,10/7/25 6:03 PM,"1 hour, 55 minutes and 25 seconds",Mayra Luna
Tink-a-Tako - Potranco,Juan  Camacho,317,18,,2,10/7/25 5:36 PM,10/7/25 6:03 PM,26 minutes and 34 seconds,Mayra Luna
Tink-a-Tako - Potranco,Sergio Abundiz,321,31,,2,10/7/25 5:54 PM,10/7/25 6:03 PM,8 minutes and 53 seconds,Mayra Luna
Tink-a-Tako - Potranco,Juan  Camacho,320,,,2,10/7/25 5:46 PM,10/7/25 6:03 PM,16 minutes and 39 seconds,Mayra Luna
Tink-a-Tako - Potranco,Juan  Camacho,317,18,,2,10/7/25 5:51 PM,10/7/25 6:03 PM,11 minutes and 25 seconds,Mayra Luna
Tink-a-Tako - Potranco,Sergio Abundiz,322,,Tortillero,,10/7/25 5:48 PM,10/7/25 6:04 PM,15 minutes and 40 seconds,Mayra Luna
Tink-a-Tako - Potranco,Sergio Abundiz,322,,Lobby,,10/7/25 5:48 PM,10/7/25 6:04 PM,15 minutes and 40 seconds,Mayra Luna
Tink-a-Tako - Potranco,Nadia  Reyes,323,,Tortillero,,10/7/25 6:04 PM,10/7/25 6:06 PM,1 minute and 23 seconds,Mayra Luna
Tink-a-Tako - Potranco,Nadia  Reyes,323,,Lobby,,10/7/25 6:04 PM,10/7/25 6:06 PM,1 minute and 23 seconds,Mayra Luna
Tink-a-Tako - Potranco,Nadia  Reyes,324,,Lobby,,10/7/25 6:05 PM,10/7/25 6:08 PM,3 minutes and 12 seconds,Mayra Luna
Tink-a-Tako - Potranco,Nadia  Reyes,325,,Lobby,,10/7/25 6:06 PM,10/7/25 6:10 PM,3 minutes and 55 seconds,Mayra Luna
Tink-a-Tako - Potranco,Nadia  Reyes,325,,Prep,,10/7/25 6:06 PM,10/7/25 6:10 PM,3 minutes and 55 seconds,Mayra Luna
Tink-a-Tako - Potranco,Nadia  Reyes,326,,Tortillero,,10/7/25 6:11 PM,10/7/25 6:23 PM,12 minutes and 17 seconds,Mayra Luna
Tink-a-Tako - Potranco,Nadia  Reyes,326,,Lobby,,10/7/25 6:11 PM,10/7/25 6:23 PM,12 minutes and 17 seconds,Mayra Luna
Tink-a-Tako - Potranco,Nadia  Reyes,326,,Prep,,10/7/25 6:11 PM,10/7/25 6:23 PM,12 minutes and 17 seconds,Mayra Luna
Tink-a-Tako - Potranco,Sergio Abundiz,322,,,2,10/7/25 6:04 PM,10/7/25 6:29 PM,25 minutes and 8 seconds,Mayra Luna
Tink-a-Tako - Potranco,Nadia  Reyes,328,,Lobby,,10/7/25 6:26 PM,10/7/25 6:29 PM,3 minutes and 8 seconds,Mayra Luna
Tink-a-Tako - Potranco,Nadia  Reyes,330,,Lobby,,10/7/25 6:28 PM,10/7/25 6:30 PM,2 minutes,Mayra Luna
Tink-a-Tako - Potranco,Nadia  Reyes,332,,Lobby,,10/7/25 6:32 PM,10/7/25 6:37 PM,5 minutes and 7 seconds,Mayra Luna
Tink-a-Tako - Potranco,Nadia  Reyes,332,,Prep,,10/7/25 6:32 PM,10/7/25 6:37 PM,5 minutes and 7 seconds,Mayra Luna
Tink-a-Tako - Potranco,Juan  Camacho,331,24,Lobby,,10/7/25 6:32 PM,10/7/25 6:39 PM,7 minutes and 18 seconds,Mayra Luna
Tink-a-Tako - Potranco,Juan  Camacho,331,24,Prep,,10/7/25 6:32 PM,10/7/25 6:39 PM,7 minutes and 18 seconds,Mayra Luna
Tink-a-Tako - Potranco,Juan  Camacho,331,24,Tortillero,,10/7/25 6:32 PM,10/7/25 6:39 PM,7 minutes and 18 seconds,Mayra Luna
Tink-a-Tako - Potranco,Sergio Abundiz,329,32,Lobby,,10/7/25 6:28 PM,10/7/25 6:39 PM,11 minutes and 36 seconds,Mayra Luna
Tink-a-Tako - Potranco,Sergio Abundiz,329,32,Tortillero,,10/7/25 6:28 PM,10/7/25 6:39 PM,11 minutes and 36 seconds,Mayra Luna
Tink-a-Tako - Potranco,Nadia  Reyes,333,,Lobby,,10/7/25 6:35 PM,10/7/25 6:40 PM,5 minutes and 11 seconds,Mayra Luna
Tink-a-Tako - Potranco,Sergio Abundiz,335,,Lobby,,10/7/25 6:48 PM,10/7/25 6:49 PM,1 minute and 11 seconds,Mayra Luna
Tink-a-Tako - Potranco,Juan  Camacho,336,33,Prep,,10/7/25 6:48 PM,10/7/25 6:50 PM,1 minute and 51 seconds,Mayra Luna
Tink-a-Tako - Potranco,Juan  Camacho,336,33,Lobby,,10/7/25 6:48 PM,10/7/25 6:50 PM,1 minute and 51 seconds,Mayra Luna
Tink-a-Tako - Potranco,Sergio Abundiz,334,38,Lobby,,10/7/25 6:46 PM,10/7/25 6:55 PM,9 minutes and 23 seconds,Mayra Luna
Tink-a-Tako - Potranco,Juan  Camacho,336,33,Lobby,,10/7/25 6:48 PM,10/7/25 6:57 PM,9 minutes and 13 seconds,Mayra Luna
Tink-a-Tako - Potranco,Juan  Camacho,336,33,Prep,,10/7/25 6:48 PM,10/7/25 6:57 PM,9 minutes and 13 seconds,Mayra Luna
Tink-a-Tako - Potranco,Juan  Camacho,336,33,Tortillero,,10/7/25 6:48 PM,10/7/25 6:57 PM,9 minutes and 13 seconds,Mayra Luna
Tink-a-Tako - Potranco,Juan  Camacho,336,33,Lobby,,10/7/25 7:12 PM,10/7/25 7:14 PM,1 minute and 15 seconds,Mayra Luna
Tink-a-Tako - Potranco,Nadia  Reyes,337,,Lobby,,10/7/25 7:03 PM,10/7/25 7:16 PM,12 minutes and 40 seconds,Mayra Luna
Tink-a-Tako - Potranco,Juan  Camacho,338,,Lobby,,10/7/25 7:17 PM,10/7/25 7:23 PM,6 minutes and 44 seconds,Mayra Luna
Tink-a-Tako - Potranco,Sergio Abundiz,329,32,,2,10/7/25 6:39 PM,10/7/25 7:25 PM,45 minutes and 7 seconds,Mayra Luna
Tink-a-Tako - Potranco,Juan  Camacho,331,24,,2,10/7/25 6:39 PM,10/7/25 7:25 PM,45 minutes and 8 seconds,Mayra Luna
Tink-a-Tako - Potranco,Sergio Abundiz,334,38,,2,10/7/25 6:55 PM,10/7/25 7:25 PM,29 minutes and 12 seconds,Mayra Luna
Tink-a-Tako - Potranco,Juan  Camacho,336,33,,2,10/7/25 6:57 PM,10/7/25 7:25 PM,27 minutes and 28 seconds,Mayra Luna
Tink-a-Tako - Potranco,Sergio Abundiz,335,,,2,10/7/25 6:49 PM,10/7/25 7:25 PM,35 minutes and 33 seconds,Mayra Luna
Tink-a-Tako - Potranco,Juan  Camacho,336,33,,2,10/7/25 6:50 PM,10/7/25 7:25 PM,34 minutes and 38 seconds,Mayra Luna
Tink-a-Tako - Potranco,Juan  Camacho,336,33,,2,10/7/25 7:14 PM,10/7/25 7:25 PM,11 minutes and 6 seconds,Mayra Luna
Tink-a-Tako - Potranco,Juan  Camacho,338,,,2,10/7/25 7:23 PM,10/7/25 7:25 PM,1 minute and 16 seconds,Mayra Luna
Tink-a-Tako - Potranco,Juan  Camacho,340,7,Lobby,,10/7/25 7:29 PM,10/7/25 7:31 PM,2 minutes and 43 seconds,Mayra Luna
Tink-a-Tako - Potranco,Sergio Abundiz,339,31,Lobby,,10/7/25 7:23 PM,10/7/25 7:31 PM,8 minutes and 44 seconds,Mayra Luna
Tink-a-Tako - Potranco,Sergio Abundiz,339,31,Prep,,10/7/25 7:23 PM,10/7/25 7:31 PM,8 minutes and 44 seconds,Mayra Luna
Tink-a-Tako - Potranco,Sergio Abundiz,339,31,Tortillero,,10/7/25 7:23 PM,10/7/25 7:31 PM,8 minutes and 44 seconds,Mayra Luna
Tink-a-Tako - Potranco,Sergio Abundiz,339,31,Lobby,,10/7/25 7:34 PM,10/7/25 7:37 PM,3 minutes and 41 seconds,Mayra Luna
Tink-a-Tako - Potranco,Sergio Abundiz,341,25,Lobby,,10/7/25 7:39 PM,10/7/25 7:43 PM,3 minutes and 48 seconds,Mayra Luna
Tink-a-Tako - Potranco,Nadia  Reyes,342,,Lobby,,10/7/25 7:44 PM,10/7/25 7:50 PM,6 minutes and 18 seconds,Mayra Luna
Tink-a-Tako - Potranco,Sergio Abundiz,344,,Lobby,,10/7/25 7:56 PM,10/7/25 8:00 PM,3 minutes and 44 seconds,Mayra Luna
Tink-a-Tako - Potranco,Nadia  Reyes,343,,Lobby,,10/7/25 7:55 PM,10/7/25 8:00 PM,5 minutes and 4 seconds,Mayra Luna
Tink-a-Tako - Potranco,Sergio Abundiz,348,25,Lobby,,10/7/25 8:11 PM,10/7/25 8:13 PM,1 minute and 25 seconds,Mayra Luna
Tink-a-Tako - Potranco,Juan  Camacho,345,35,Lobby,,10/7/25 8:09 PM,10/7/25 8:17 PM,8 minutes and 18 seconds,Mayra Luna
Tink-a-Tako - Potranco,Sergio Abundiz,348,25,Lobby,,10/7/25 8:14 PM,10/7/25 8:17 PM,3 minutes and 7 seconds,Mayra Luna
Tink-a-Tako - Potranco,Juan  Camacho,347,38,Lobby,,10/7/25 8:11 PM,10/7/25 8:22 PM,10 minutes and 38 seconds,Mayra Luna
Tink-a-Tako - Potranco,Nadia  Reyes,346,,Lobby,,10/7/25 8:10 PM,10/7/25 8:22 PM,12 minutes and 20 seconds,Mayra Luna
Tink-a-Tako - Potranco,Nadia  Reyes,349,,Lobby,,10/7/25 8:26 PM,10/7/25 8:28 PM,1 minute and 46 seconds,Mayra Luna
Tink-a-Tako - Potranco,Juan  Camacho,20,40,Prep,,10/7/25 8:29 PM,10/7/25 8:29 PM,27 seconds,Mayra Luna
Tink-a-Tako - Potranco,Juan  Camacho,20,40,Lobby,,10/7/25 8:29 PM,10/7/25 8:29 PM,27 seconds,Mayra Luna
Tink-a-Tako - Potranco,Juan  Camacho,20,40,Tortillero,,10/7/25 8:29 PM,10/7/25 8:29 PM,27 seconds,Mayra Luna
Tink-a-Tako - Potranco,Juan  Camacho,20,40,,2,10/7/25 8:29 PM,10/7/25 8:29 PM,6 seconds,Mayra Luna
Tink-a-Tako - Potranco,Nadia  Reyes,352,,Lobby,,10/7/25 8:35 PM,10/7/25 8:36 PM,40 seconds,Mayra Luna
Tink-a-Tako - Potranco,Nadia  Reyes,353,,Lobby,,10/7/25 8:37 PM,10/7/25 8:44 PM,6 minutes and 34 seconds,Mayra Luna
Tink-a-Tako - Potranco,Juan  Camacho,20,40,Lobby,,10/7/25 8:43 PM,10/7/25 8:44 PM,56 seconds,Mayra Luna
Tink-a-Tako - Potranco,Sergio Abundiz,348,25,,2,10/7/25 8:17 PM,10/7/25 9:19 PM,"1 hour, 1 minute and 41 seconds",Mayra Luna
Tink-a-Tako - Potranco,Sergio Abundiz,339,31,,2,10/7/25 7:37 PM,10/7/25 9:19 PM,"1 hour, 41 minutes and 15 seconds",Mayra Luna
Tink-a-Tako - Potranco,Juan  Camacho,347,38,,2,10/7/25 8:22 PM,10/7/25 9:19 PM,56 minutes and 32 seconds,Mayra Luna
Tink-a-Tako - Potranco,Juan  Camacho,340,7,,2,10/7/25 7:31 PM,10/7/25 9:19 PM,"1 hour, 47 minutes and 4 seconds",Mayra Luna
Tink-a-Tako - Potranco,Juan  Camacho,20,40,,2,10/7/25 8:44 PM,10/7/25 9:19 PM,34 minutes and 46 seconds,Mayra Luna
Tink-a-Tako - Potranco,Sergio Abundiz,339,31,,2,10/7/25 7:31 PM,10/7/25 9:19 PM,"1 hour, 47 minutes and 7 seconds",Mayra Luna
Tink-a-Tako - Potranco,Juan  Camacho,345,35,,2,10/7/25 8:17 PM,10/7/25 9:19 PM,"1 hour, 1 minute and 47 seconds",Mayra Luna
Tink-a-Tako - Potranco,Sergio Abundiz,344,,,2,10/7/25 8:00 PM,10/7/25 9:19 PM,"1 hour, 18 minutes and 36 seconds",Mayra Luna
Tink-a-Tako - Potranco,Sergio Abundiz,341,25,,2,10/7/25 7:43 PM,10/7/25 9:19 PM,"1 hour, 35 minutes and 52 seconds",Mayra Luna
Tink-a-Tako - Potranco,Sergio Abundiz,348,25,,2,10/7/25 8:13 PM,10/7/25 9:19 PM,"1 hour, 5 minutes and 41 seconds",Mayra Luna
