Employee,Job Title,Regular Hours,Overtime Hours,Hourly Rate,Regular Pay,Overtime Pay,Total Pay,Net Sales,Declared Tips,Non-Cash Tips,Total Tips,Tips Withheld,Total Gratuity,Employee ID,Job Code,Location,Location Code
"Abundiz, Sergio",Server,7.71,0.0,,,,,535.46,,52.00,52.00,0.00,23.17,,,Tink-a-Tako - Potranco,
"Aviles, Genaro",Cook,15.65,0.0,15.00,234.75,0.00,234.75,0.00,,0.00,0.00,0.00,0.00,,,Tink-a-Tako - Potranco,
"Brito, Victor ",Regular,7.1,0.0,12.00,85.20,0.00,85.20,0.00,,0.00,0.00,0.00,0.00,,,Tink-a-Tako - Potranco,
"Camacho, Juan ",Server,15.43,0.0,3.00,46.29,0.00,46.29,1341.65,,141.96,141.96,0.00,0.00,,,Tink-a-Tako - Potranco,
"Cisneros, Isabel",Server,9.5,0.0,3.00,28.50,0.00,28.50,683.28,,46.74,46.74,0.00,0.00,,,Tink-a-Tako - Potranco,
"Diaz, Diego",Cook,8.66,0.0,,,,,0.00,,0.00,0.00,0.00,0.00,,,Tink-a-Tako - Potranco,
"Dominguez, Jose ",Cook,15.49,0.0,17.00,263.33,0.00,263.33,0.00,,0.00,0.00,0.00,0.00,,,Tink-a-Tako - Potranco,
"Gonzalez, Maria ",Tortillero,7.25,0.0,13.00,94.25,0.00,94.25,0.00,,0.00,0.00,0.00,0.00,,,Tink-a-Tako - Potranco,
"Hernandez, Silvia",Server,6.41,0.0,3.00,19.23,0.00,19.23,532.08,,57.69,57.69,0.00,0.00,,,Tink-a-Tako - Potranco,
"Majana, Maria",Host,6.05,0.0,14.00,84.70,0.00,84.70,181.99,,6.00,6.00,0.00,0.00,,,Tink-a-Tako - Potranco,
"ORDONEZ, Rosie ",Shift Manager / Assistant Manager,14.77,0.0,,,,,10.47,,0.00,0.00,0.00,0.00,,,Tink-a-Tako - Potranco,
"Ramirez Perez, Silvia",Cook,8.23,0.0,17.00,139.91,0.00,139.91,0.00,,0.00,0.00,0.00,0.00,,,Tink-a-Tako - Potranco,
"Reyes, Nadia ",Drive-Thru,13.91,0.0,,,,,439.57,0.00,31.86,31.86,0.00,0.00,,,Tink-a-Tako - Potranco,
"Rueda, Jonathan",Busser,5.22,0.0,12.00,62.64,0.00,62.64,0.00,,0.00,0.00,0.00,0.00,,,Tink-a-Tako - Potranco,
"Torres, Daniela",Drive-Thru,8.12,0.0,,,,,1410.55,,25.18,25.18,0.00,0.00,,,Tink-a-Tako - Potranco,
