,Location,Employee,Job Title,In Date,Shift Closed Date,Out Date,Hours,Cash Tips Decl.,Cash on Hand,Cash in Drawer,Non-Cash Tips,Cash Gratuity,Non-Cash Gratuity,Tips Withheld,Non-Cash Sales,Cash Sales,Total Sales,Cash Collected?,Tips Paid?,Open,Paid,Closed,Tip Share Total
800000030468939103,Tink-a-Tako - Potranco,Juan  Camacho,Server,10/7/25 5:54 AM,10/7/25 9:04 PM,10/7/25 9:20 PM,15.43,,403.90,0.00,141.96,0.00,0.00,0.00,1048.25,403.90,1452.15,yes,yes,0,0,62,0.00
800000030469022194,Tink-a-Tako - Potranco,Daniela Torres,Drive-Thru,10/7/25 6:14 AM,10/7/25 2:06 PM,10/7/25 2:21 PM,8.12,,342.62,0.00,25.18,0.00,0.00,0.00,1184.23,342.62,1526.85,yes,yes,0,0,129,0.00
800000030469132693,Tink-a-Tako - Potranco,Rosie  ORDONEZ,Shift Manager / Assistant Manager,10/7/25 6:32 AM,10/7/25 9:04 PM,10/7/25 9:18 PM,14.77,,11.33,0.00,0.00,0.00,0.00,0.00,0.00,11.33,11.33,yes,yes,0,0,2,0.00
800000030469987844,Tink-a-Tako - Potranco,Silvia Hernandez,Server,10/7/25 7:49 AM,10/7/25 2:14 PM,10/7/25 2:14 PM,6.41,,265.47,0.00,57.69,0.00,0.00,0.00,310.46,265.47,575.93,yes,yes,0,0,25,0.00
800000030470008617,Tink-a-Tako - Potranco,Isabel Cisneros,Server,10/7/25 7:51 AM,10/7/25 2:31 PM,10/7/25 5:21 PM,9.50,,187.47,0.00,46.74,0.00,0.00,0.00,521.05,218.53,739.58,yes,yes,0,0,33,0.00
800000030470207122,Tink-a-Tako - Potranco,Maria Majana,Host,10/7/25 8:04 AM,10/7/25 2:07 PM,10/7/25 2:07 PM,6.05,,0.00,111.51,6.00,0.00,0.00,0.00,116.55,80.45,197.00,yes,yes,0,0,14,0.00
800000030471016134,Tink-a-Tako - Potranco,Jonathan Rueda,Busser,10/7/25 8:57 AM,10/7/25 2:10 PM,10/7/25 2:10 PM,5.22,,0.00,0.00,0.00,0.00,0.00,0.00,0.00,0.00,0.00,yes,yes,0,0,0,0.00
800000030479022446,Tink-a-Tako - Potranco,Sergio Abundiz,Server,10/7/25 1:35 PM,10/7/25 9:04 PM,10/7/25 9:18 PM,7.71,,95.81,0.00,52.00,0.00,23.17,0.00,483.73,95.81,579.54,yes,yes,0,0,17,0.00
800000030479916605,Tink-a-Tako - Potranco,Nadia  Reyes,Drive-Thru,10/7/25 2:05 PM,10/7/25 9:01 PM,10/8/25 4:00 AM,13.91,0.00,98.51,0.00,31.86,0.00,0.00,0.00,377.26,98.51,475.77,yes,yes,0,0,33,0.00
