Employee,Job Title,In Date,Out Date,Auto Clock-out,Total Hours,Unpaid Break Time,Paid Break Time,Payable Hours
"Vega, Estela",Tortillera,8/30/25 4:49 AM,8/30/25 2:02 PM,No,9.22,0.00,0.00,9.22
"Farias, Claudia",Cook,8/30/25 5:02 AM,8/30/25 2:10 PM,No,9.14,0.00,0.00,9.14
"Cardenas, Salvador",Cook,8/30/25 5:34 AM,8/30/25 2:15 PM,No,8.68,0.00,0.00,8.68
"Urena, Melissa ",Host,8/30/25 6:28 AM,8/30/25 2:35 PM,No,8.11,0.00,0.00,8.11
"Garcia, Lizbeth",Server,8/30/25 6:45 AM,8/30/25 2:26 PM,No,7.69,0.00,0.00,7.69
"Mendoza, Gricelda",Prep,8/30/25 6:53 AM,8/30/25 2:04 PM,No,7.17,0.00,0.00,7.17
"Garcia, Enriqueta",Chef,8/30/25 7:02 AM,8/30/25 9:16 PM,No,14.24,0.00,0.00,14.24
"Lino Santana, David ",Prep,8/30/25 7:12 AM,8/30/25 9:30 PM,No,14.30,0.00,0.00,14.30
"Cabrera, Sugey",Server,8/30/25 7:20 AM,8/30/25 2:43 PM,No,7.38,0.00,0.00,7.38
"Juliet, Mia",Host,8/30/25 8:02 AM,8/30/25 2:11 PM,No,6.16,0.00,0.00,6.16
"Velasquez, Lisa",Server,8/30/25 8:09 AM,8/30/25 2:14 PM,No,6.08,0.00,0.00,6.08
"Morales, Adrian",Server,8/30/25 8:11 AM,8/30/25 9:38 PM,No,13.45,0.00,0.00,13.45
"Salinas, Zoila",General Manager,8/30/25 8:35 AM,8/30/25 2:34 PM,No,5.98,0.00,0.00,5.98
"Roman, Leticia",Server,8/30/25 8:59 AM,8/30/25 2:51 PM,No,5.87,0.00,0.00,5.87
"Barton, Arion",Cook,8/30/25 9:00 AM,8/30/25 2:43 PM,No,5.72,0.00,0.00,5.72
"De los Santos, Mia",Host,8/30/25 9:56 AM,8/30/25 9:31 PM,No,11.59,0.00,0.00,11.59
"Tovar , Gabriel",Shift Leader,8/30/25 9:56 AM,8/30/25 9:10 PM,No,11.23,0.00,0.00,11.23
"GUTIERREZ, ERIC",Cook,8/30/25 1:59 PM,8/30/25 9:27 PM,No,7.46,0.00,0.00,7.46
"Sanchez, Emanuel",Server,8/30/25 2:03 PM,8/30/25 9:28 PM,No,7.42,0.00,0.00,7.42
"vanenzuela, felix",Cook,8/30/25 2:10 PM,8/30/25 9:36 PM,No,7.43,0.00,0.00,7.43
"Morales, Carlos",Busser,8/30/25 2:46 PM,8/30/25 9:20 PM,No,6.57,0.00,0.00,6.57
"velasquez, maximilioano",Busser,8/30/25 5:44 PM,8/30/25 9:20 PM,No,3.59,0.00,0.00,3.59
"Valderrama, Emmanuel",Prep,8/30/25 2:55 PM,8/31/25 8:13 AM,No,17.29,0.00,0.00,17.29
