,Location,Employee,Job Title,In Date,Shift Closed Date,Out Date,Hours,Cash Tips Decl.,Cash on Hand,Cash in Drawer,Non-Cash Tips,Cash Gratuity,Non-Cash Gratuity,Tips Withheld,Non-Cash Sales,Cash Sales,Total Sales,Cash Collected?,Tips Paid?,Open,Paid,Closed,Tip Share Total
800000030567354748,2919 Blanco Rd,Cin Cin,Drive-Thru,10/10/25 5:06 AM,10/10/25 2:08 PM,10/10/25 2:33 PM,9.45,,0.00,531.91,42.00,0.00,0.00,0.00,1257.27,531.91,1789.18,yes,yes,0,0,174,0.00
800000030567503745,2919 Blanco Rd,Martina Ovalle ,Server,10/10/25 5:57 AM,10/10/25 1:34 PM,10/10/25 2:08 PM,8.19,,0.00,131.38,45.00,0.00,0.00,0.00,358.01,131.38,489.39,yes,yes,0,0,23,0.00
800000030569181423,2919 Blanco Rd,Sami Martinez ,Server,10/10/25 8:03 AM,10/10/25 1:36 PM,10/10/25 1:37 PM,5.57,,0.00,100.48,38.00,0.00,0.00,0.00,299.69,100.48,400.17,yes,yes,0,0,15,0.00
800000030569868112,2919 Blanco Rd,Maria  Salazar,Shift Manager / Assistant Manager,10/10/25 8:36 AM,10/10/25 1:38 PM,10/10/25 1:38 PM,5.04,,0.00,0.00,0.00,0.00,0.00,0.00,0.00,0.00,0.00,yes,yes,0,0,0,0.00
800000030570615939,2919 Blanco Rd,AM CASHIER,General Manager,10/10/25 9:11 AM,10/10/25 1:38 PM,10/10/25 1:38 PM,4.45,,0.00,132.75,54.50,0.00,0.00,0.00,438.64,132.75,571.39,yes,yes,0,0,25,0.00
800000030581400846,2919 Blanco Rd,Sami Martinez ,Server,10/10/25 1:37 PM,10/10/25 8:53 PM,10/10/25 9:17 PM,7.66,,0.00,52.69,62.82,0.00,0.00,0.00,612.45,52.69,665.14,yes,yes,0,0,22,0.00
800000030581451454,2919 Blanco Rd,AM CASHIER,General Manager,10/10/25 1:38 PM,10/10/25 8:54 PM,10/10/25 9:03 PM,7.40,,0.00,67.46,1.00,0.00,0.00,0.00,117.04,67.46,184.50,yes,yes,0,0,12,0.00
800000030582765969,2919 Blanco Rd,Martina Ovalle ,Server,10/10/25 2:08 PM,10/10/25 2:09 PM,10/10/25 2:09 PM,0.00,,0.00,0.00,0.00,0.00,0.00,0.00,0.00,0.00,0.00,yes,yes,0,0,0,0.00
800000030582774986,2919 Blanco Rd,Martina Ovalle ,Drive-Thru,10/10/25 2:09 PM,10/10/25 8:57 PM,10/10/25 9:20 PM,7.19,,0.00,236.70,17.00,0.00,0.00,0.00,380.15,236.70,616.85,yes,yes,0,0,39,0.00
