Order #,Opened Date,Void Date,Server,Approver,Item Name,Reason,Item Quantity,Total Price
112,10/10/25 9:07 AM,10/10/25 9:47 AM,Cin Cin,Maria  Salazar,(1) Corn tort,Customer Changed Mind,2.0,1.00
137,10/10/25 9:44 AM,10/10/25 9:47 AM,Cin Cin,Maria  Salazar,Country & Egg Taco,Customer Changed Mind,2.0,4.58
208,10/10/25 11:24 AM,10/10/25 11:26 AM,Cin Cin,Cinthia Patlan,Papa Ranchera Taco,Customer Changed Mind,1.0,1.99
255,10/10/25 12:26 PM,10/10/25 12:35 PM,Cin Cin,AM CASHIER,Carne Guisada Taco,Customer Changed Mind,1.0,4.39
305,10/10/25 2:14 PM,10/10/25 8:54 PM,AM CASHIER,AM CASHIER,Lemonade,Customer Changed Mind,1.0,3.99
305,10/10/25 2:14 PM,10/10/25 8:54 PM,AM CASHIER,AM CASHIER,Huevos Ranchero Plate,Customer Changed Mind,1.0,9.74
305,10/10/25 2:14 PM,10/10/25 8:54 PM,AM CASHIER,AM CASHIER,Side Bacon,Customer Changed Mind,1.0,3.99
305,10/10/25 2:14 PM,10/10/25 8:54 PM,AM CASHIER,AM CASHIER,Side Sausage,Customer Changed Mind,1.0,2.99
305,10/10/25 2:14 PM,10/10/25 8:54 PM,AM CASHIER,AM CASHIER,Coffee?. ,Customer Changed Mind,1.0,2.75
358,10/10/25 5:13 PM,10/10/25 5:22 PM,Sami Martinez ,Martina Ovalle ,Puffy Taco,Server Error,1.0,4.99
