Location,Order #,Opened Date,Server,Table,Discount Name,Discount Reason,Comment,Discount Amount
Tink-a-Tako - Potranco,402,10/16/25 8:39 PM,Nadia  Reyes,,Open % Check,,,5.33
Tink-a-Tako - Potranco,390,10/16/25 7:31 PM,Mayra Luna,,Manager Comp - Check,,,24.98
Tink-a-Tako - Potranco,373,10/16/25 6:30 PM,Nadia  Reyes,,Military Discount,,,2.00
Tink-a-Tako - Potranco,373,10/16/25 6:30 PM,Nadia  Reyes,,Military Discount,,,0.35
Tink-a-Tako - Potranco,336,10/16/25 4:34 PM,Isabel Cisneros,41,Police Discount,,,5.00
Tink-a-Tako - Potranco,336,10/16/25 4:34 PM,Isabel Cisneros,41,Police Discount,,,0.50
Tink-a-Tako - Potranco,336,10/16/25 4:34 PM,Isabel Cisneros,41,Police Discount,,,5.89
Tink-a-Tako - Potranco,309,10/16/25 2:32 PM,Juan  Camacho,24,Military Discount,,,1.50
Tink-a-Tako - Potranco,261,10/16/25 12:55 PM,Maria Majana,2,Open % Item,,,2.40
Tink-a-Tako - Potranco,261,10/16/25 12:55 PM,Maria Majana,2,Open % Item,,,2.40
Tink-a-Tako - Potranco,256,10/16/25 12:40 PM,Daniela Torres,,Military Discount,,,2.20
Tink-a-Tako - Potranco,205,10/16/25 11:17 AM,Norma Vasquez,20,Open % Item,,,0.88
Tink-a-Tako - Potranco,205,10/16/25 11:17 AM,Norma Vasquez,20,Open % Item,,,0.96
Tink-a-Tako - Potranco,181,10/16/25 10:48 AM,Daniela Torres,,Military Discount,,,0.18
Tink-a-Tako - Potranco,181,10/16/25 10:48 AM,Daniela Torres,,Military Discount,,,0.40
Tink-a-Tako - Potranco,160,10/16/25 10:22 AM,Daniela Torres,,Military Discount,,,0.25
Tink-a-Tako - Potranco,160,10/16/25 10:22 AM,Daniela Torres,,Military Discount,,,0.20
Tink-a-Tako - Potranco,160,10/16/25 10:22 AM,Daniela Torres,,Military Discount,,,0.40
Tink-a-Tako - Potranco,122,10/16/25 9:22 AM,Isabel Cisneros,17,Open % Item,,,8.00
Tink-a-Tako - Potranco,122,10/16/25 9:22 AM,Isabel Cisneros,17,Open % Item,,,1.08
Tink-a-Tako - Potranco,122,10/16/25 9:22 AM,Isabel Cisneros,17,Open % Item,,,5.00
Tink-a-Tako - Potranco,121,10/16/25 9:19 AM,Norma Vasquez,20,Open % Item,,,0.88
Tink-a-Tako - Potranco,121,10/16/25 9:19 AM,Norma Vasquez,20,Open % Item,,,0.96
Tink-a-Tako - Potranco,121,10/16/25 9:19 AM,Norma Vasquez,20,Open % Item,,,0.88
Tink-a-Tako - Potranco,121,10/16/25 9:19 AM,Norma Vasquez,20,Open % Item,,,0.96
Tink-a-Tako - Potranco,105,10/16/25 9:05 AM,Ivana Abundiz,,Employee Discount - Check,Employee Discount,Mseras,34.44
Tink-a-Tako - Potranco,94,10/16/25 8:49 AM,Maria Majana,31,Open % Item,,,2.40
Tink-a-Tako - Potranco,94,10/16/25 8:49 AM,Maria Majana,31,Open % Item,,,6.50
Tink-a-Tako - Potranco,77,10/16/25 8:28 AM,Daniela Torres,,Police Discount,,,3.74
Tink-a-Tako - Potranco,77,10/16/25 8:28 AM,Daniela Torres,,Police Discount,,,1.00
Tink-a-Tako - Potranco,65,10/16/25 8:15 AM,Daniela Torres,,Military Discount,,,0.20
Tink-a-Tako - Potranco,65,10/16/25 8:15 AM,Daniela Torres,,Military Discount,,,0.20
Tink-a-Tako - Potranco,21,10/16/25 7:12 AM,Daniela Torres,,Military Discount,,,0.44
Tink-a-Tako - Potranco,21,10/16/25 7:12 AM,Daniela Torres,,Military Discount,,,0.55
