,Location,Employee,Job Title,In Date,Shift Closed Date,Out Date,Hours,Cash Tips Decl.,Cash on Hand,Cash in Drawer,Non-Cash Tips,Cash Gratuity,Non-Cash Gratuity,Tips Withheld,Non-Cash Sales,Cash Sales,Total Sales,Cash Collected?,Tips Paid?,Open,Paid,Closed,Tip Share Total
800000030806804004,Tink-a-Tako - Potranco,Jose  Dominguez,Cook,10/16/25 5:52 AM,10/17/25 4:08 AM,10/17/25 4:00 AM,22.13,0.00,0.00,0.00,0.00,0.00,0.00,0.00,0.00,0.00,0.00,yes,yes,0,0,0,0.00
800000030806864708,Tink-a-Tako - Potranco,Rosie  ORDONEZ,Shift Manager / Assistant Manager,10/16/25 6:06 AM,10/16/25 2:14 PM,10/16/25 2:15 PM,8.14,,4.31,12.98,0.00,0.00,0.00,0.00,0.00,17.29,17.29,yes,yes,0,0,2,0.00
800000030806869953,Tink-a-Tako - Potranco,Daniela Torres,Drive-Thru,10/16/25 6:07 AM,10/16/25 2:05 PM,10/16/25 2:10 PM,8.05,,445.08,0.00,49.34,0.00,0.00,0.00,1529.29,445.08,1974.37,yes,yes,0,0,157,0.00
800000030806907133,Tink-a-Tako - Potranco,Norma Vasquez,Server,10/16/25 6:13 AM,10/16/25 12:17 PM,10/16/25 12:17 PM,6.06,,87.31,0.00,43.11,0.00,0.00,0.00,334.15,87.31,421.46,yes,yes,0,0,20,0.00
800000030807817909,Tink-a-Tako - Potranco,Esperansa Caviedes,Server,10/16/25 7:41 AM,10/16/25 2:26 PM,10/16/25 2:26 PM,6.75,,166.13,0.00,82.54,0.00,0.00,0.00,413.96,166.13,580.09,yes,yes,0,0,25,0.00
800000030807961287,Tink-a-Tako - Potranco,Isabel Cisneros,Server,10/16/25 7:51 AM,10/16/25 10:00 PM,10/16/25 10:28 PM,14.63,,78.65,0.00,149.33,0.00,26.67,0.00,1074.75,78.65,1153.40,yes,yes,0,0,41,0.00
800000030807985348,Tink-a-Tako - Potranco,Ivana Abundiz,Host,10/16/25 7:52 AM,10/16/25 2:06 PM,10/16/25 2:10 PM,6.31,,0.00,68.53,51.46,0.00,0.00,0.00,283.05,68.53,351.58,yes,yes,0,0,10,0.00
800000030808037365,Tink-a-Tako - Potranco,Maria Majana,Server,10/16/25 7:55 AM,10/16/25 2:02 PM,10/16/25 2:02 PM,6.12,,23.79,0.00,30.52,0.00,0.00,0.00,549.48,23.79,573.27,yes,yes,0,0,23,0.00
800000030808927435,Tink-a-Tako - Potranco,Jonathan Rueda,Busser,10/16/25 8:48 AM,10/16/25 2:04 PM,10/16/25 2:04 PM,5.27,,0.00,0.00,0.00,0.00,0.00,0.00,0.00,0.00,0.00,yes,yes,0,0,0,0.00
800000030818136891,Tink-a-Tako - Potranco,Juan  Camacho,Server,10/16/25 1:29 PM,10/16/25 10:00 PM,10/16/25 10:30 PM,9.03,,215.81,0.00,88.68,0.00,0.00,0.00,664.68,215.81,880.49,yes,yes,0,0,25,0.00
800000030819415768,Tink-a-Tako - Potranco,Jesus Calderon,Cook,10/16/25 2:03 PM,10/16/25 2:03 PM,10/16/25 9:59 PM,7.93,,0.00,0.00,0.00,0.00,0.00,0.00,0.00,0.00,0.00,yes,yes,0,0,0,0.00
800000030819460270,Tink-a-Tako - Potranco,Nadia  Reyes,Drive-Thru,10/16/25 2:05 PM,10/16/25 9:00 PM,10/16/25 9:05 PM,7.00,,160.42,0.00,49.72,0.00,0.00,0.00,532.53,160.42,692.95,yes,yes,0,0,43,0.00
800000030819589494,Tink-a-Tako - Potranco,Mayra Luna,Shift Manager / Assistant Manager,10/16/25 2:08 PM,10/16/25 10:31 PM,10/16/25 10:31 PM,8.38,,0.00,0.00,0.00,0.00,0.00,0.00,0.00,0.00,0.00,yes,yes,0,0,1,0.00
800000030823462114,Tink-a-Tako - Potranco,Jonathan Rueda,Busser,10/16/25 4:01 PM,10/16/25 9:32 PM,10/16/25 9:33 PM,5.52,,0.00,0.00,0.00,0.00,0.00,0.00,0.00,0.00,0.00,yes,yes,0,0,0,0.00
800000030839791394,Tink-a-Tako - Potranco,Nadia  Reyes,Drive-Thru,10/16/25 9:05 PM,10/16/25 10:00 PM,10/16/25 10:01 PM,0.94,,0.00,0.00,0.00,0.00,0.00,0.00,13.61,0.00,13.61,yes,yes,0,0,1,0.00
