Location,Server,Check #,Table,Station,Expediter Level,Fired Date,Fulfilled Date,Fulfillment Time,Fulfilled By
2919 Blanco Rd,Cin Cin,1,,,1,9/26/25 5:59 AM,9/26/25 6:18 AM,18 minutes and 54 seconds,Cinthia Patlan
2919 Blanco Rd,Sami Martinez ,2,17,,1,9/26/25 6:11 AM,9/26/25 6:18 AM,6 minutes and 54 seconds,Cinthia Patlan
2919 Blanco Rd,AM CASHIER,6,,,1,9/26/25 6:15 AM,9/26/25 6:18 AM,2 minutes and 45 seconds,Cinthia Patlan
2919 Blanco Rd,AM CASHIER,16,,,1,9/26/25 6:40 AM,9/26/25 7:00 AM,19 minutes and 29 seconds,Cinthia Patlan
2919 Blanco Rd,AM CASHIER,9,,,1,9/26/25 6:33 AM,9/26/25 7:00 AM,26 minutes and 26 seconds,Cinthia Patlan
2919 Blanco Rd,AM CASHIER,29,,,1,9/26/25 6:56 AM,9/26/25 7:00 AM,3 minutes and 28 seconds,Cinthia Patlan
2919 Blanco Rd,AM CASHIER,3,,,1,9/26/25 6:12 AM,9/26/25 7:00 AM,47 minutes and 45 seconds,Cinthia Patlan
2919 Blanco Rd,Sami Martinez ,27,25,,1,9/26/25 6:54 AM,9/26/25 7:00 AM,5 minutes and 50 seconds,Cinthia Patlan
2919 Blanco Rd,Cin Cin,20,,,1,9/26/25 6:48 AM,9/26/25 7:00 AM,11 minutes and 41 seconds,Cinthia Patlan
2919 Blanco Rd,AM CASHIER,30,,,1,9/26/25 6:57 AM,9/26/25 7:00 AM,2 minutes and 59 seconds,Cinthia Patlan
2919 Blanco Rd,AM CASHIER,32,,,1,9/26/25 7:00 AM,9/26/25 7:18 AM,17 minutes and 9 seconds,Cinthia Patlan
2919 Blanco Rd,AM CASHIER,32,,,1,9/26/25 7:01 AM,9/26/25 7:18 AM,17 minutes,Cinthia Patlan
2919 Blanco Rd,AM CASHIER,42,,,1,9/26/25 7:04 AM,9/26/25 7:18 AM,13 minutes and 8 seconds,Cinthia Patlan
2919 Blanco Rd,Sami Martinez ,27,25,,1,9/26/25 7:15 AM,9/26/25 7:18 AM,2 minutes and 54 seconds,Cinthia Patlan
2919 Blanco Rd,AM CASHIER,35,,,1,9/26/25 7:02 AM,9/26/25 7:18 AM,15 minutes and 53 seconds,Cinthia Patlan
2919 Blanco Rd,Sami Martinez ,41,11,,1,9/26/25 7:05 AM,9/26/25 7:18 AM,12 minutes and 56 seconds,Cinthia Patlan
2919 Blanco Rd,Sami Martinez ,47,3,,1,9/26/25 7:14 AM,9/26/25 7:34 AM,20 minutes and 10 seconds,Cinthia Patlan
2919 Blanco Rd,AM CASHIER,60,,,1,9/26/25 7:27 AM,9/26/25 7:34 AM,7 minutes and 7 seconds,Cinthia Patlan
2919 Blanco Rd,AM CASHIER,62,,,1,9/26/25 7:32 AM,9/26/25 7:34 AM,1 minute and 58 seconds,Cinthia Patlan
2919 Blanco Rd,Sami Martinez ,65,6,,1,9/26/25 7:35 AM,9/26/25 7:45 AM,10 minutes,Cinthia Patlan
2919 Blanco Rd,AM CASHIER,58,,,1,9/26/25 7:26 AM,9/26/25 7:45 AM,19 minutes and 42 seconds,Cinthia Patlan
2919 Blanco Rd,AM CASHIER,67,,,1,9/26/25 7:40 AM,9/26/25 7:50 AM,10 minutes and 19 seconds,Cinthia Patlan
2919 Blanco Rd,AM CASHIER,103,,,1,9/26/25 8:22 AM,9/26/25 8:26 AM,3 minutes and 12 seconds,Cinthia Patlan
2919 Blanco Rd,AM CASHIER,76,,,1,9/26/25 7:51 AM,9/26/25 8:26 AM,34 minutes and 13 seconds,Cinthia Patlan
2919 Blanco Rd,AM CASHIER,78,,,1,9/26/25 7:52 AM,9/26/25 8:26 AM,33 minutes and 39 seconds,Cinthia Patlan
2919 Blanco Rd,AM CASHIER,88,,,1,9/26/25 8:02 AM,9/26/25 8:26 AM,24 minutes and 5 seconds,Cinthia Patlan
2919 Blanco Rd,Sami Martinez ,98,14,,1,9/26/25 8:14 AM,9/26/25 8:26 AM,11 minutes and 59 seconds,Cinthia Patlan
2919 Blanco Rd,AM CASHIER,96,,,1,9/26/25 8:14 AM,9/26/25 8:26 AM,11 minutes and 25 seconds,Cinthia Patlan
2919 Blanco Rd,AM CASHIER,107,,,1,9/26/25 8:23 AM,9/26/25 8:29 AM,5 minutes and 32 seconds,Cinthia Patlan
2919 Blanco Rd,AM CASHIER,108,,,1,9/26/25 8:27 AM,9/26/25 8:29 AM,1 minute and 40 seconds,Cinthia Patlan
2919 Blanco Rd,AM CASHIER,112,,,1,9/26/25 8:29 AM,9/26/25 9:20 AM,51 minutes and 35 seconds,Cinthia Patlan
2919 Blanco Rd,AM CASHIER,115,,,1,9/26/25 8:33 AM,9/26/25 9:20 AM,47 minutes and 42 seconds,Cinthia Patlan
2919 Blanco Rd,Sami Martinez ,111,4,,1,9/26/25 8:28 AM,9/26/25 9:20 AM,52 minutes and 1 second,Cinthia Patlan
2919 Blanco Rd,AM CASHIER,114,,,1,9/26/25 8:34 AM,9/26/25 9:20 AM,46 minutes and 13 seconds,Cinthia Patlan
2919 Blanco Rd,AM CASHIER,121,,,1,9/26/25 8:36 AM,9/26/25 9:20 AM,44 minutes and 17 seconds,Cinthia Patlan
2919 Blanco Rd,AM CASHIER,116,,,1,9/26/25 8:36 AM,9/26/25 9:20 AM,44 minutes and 31 seconds,Cinthia Patlan
2919 Blanco Rd,AM CASHIER,127,,,1,9/26/25 8:46 AM,9/26/25 9:21 AM,34 minutes and 27 seconds,Cinthia Patlan
2919 Blanco Rd,Sami Martinez ,152,10,,1,9/26/25 9:09 AM,9/26/25 9:21 AM,11 minutes and 20 seconds,Cinthia Patlan
2919 Blanco Rd,AM CASHIER,139,,,1,9/26/25 8:53 AM,9/26/25 9:21 AM,27 minutes and 23 seconds,Cinthia Patlan
2919 Blanco Rd,Sami Martinez ,160,4,,1,9/26/25 9:19 AM,9/26/25 9:21 AM,1 minute and 32 seconds,Cinthia Patlan
2919 Blanco Rd,AM CASHIER,130,,,1,9/26/25 8:51 AM,9/26/25 9:50 AM,59 minutes and 22 seconds,Cinthia Patlan
2919 Blanco Rd,AM CASHIER,137,,,1,9/26/25 8:52 AM,9/26/25 9:50 AM,57 minutes and 44 seconds,Cinthia Patlan
2919 Blanco Rd,Sami Martinez ,151,5,,1,9/26/25 9:08 AM,9/26/25 9:50 AM,42 minutes and 25 seconds,Cinthia Patlan
2919 Blanco Rd,Sami Martinez ,165,19,,1,9/26/25 9:36 AM,9/26/25 9:50 AM,13 minutes and 47 seconds,Cinthia Patlan
2919 Blanco Rd,Sami Martinez ,159,25,,1,9/26/25 9:16 AM,9/26/25 9:50 AM,33 minutes and 42 seconds,Cinthia Patlan
2919 Blanco Rd,Cin Cin,168,,,1,9/26/25 9:41 AM,9/26/25 9:50 AM,8 minutes and 47 seconds,Cinthia Patlan
2919 Blanco Rd,AM CASHIER,167,,,1,9/26/25 9:42 AM,9/26/25 9:50 AM,7 minutes and 38 seconds,Cinthia Patlan
2919 Blanco Rd,Cin Cin,187,,,1,9/26/25 10:19 AM,9/26/25 10:30 AM,10 minutes and 26 seconds,Cinthia Patlan
2919 Blanco Rd,AM CASHIER,180,,,1,9/26/25 10:10 AM,9/26/25 10:30 AM,19 minutes and 42 seconds,Cinthia Patlan
2919 Blanco Rd,AM CASHIER,175,,,1,9/26/25 10:03 AM,9/26/25 10:30 AM,26 minutes and 25 seconds,Cinthia Patlan
2919 Blanco Rd,Sami Martinez ,190,11,,1,9/26/25 10:26 AM,9/26/25 10:30 AM,4 minutes,Cinthia Patlan
2919 Blanco Rd,AM CASHIER,182,,,1,9/26/25 10:13 AM,9/26/25 10:30 AM,16 minutes and 33 seconds,Cinthia Patlan
2919 Blanco Rd,Sami Martinez ,195,7,,1,9/26/25 10:47 AM,9/26/25 10:56 AM,9 minutes and 8 seconds,Cinthia Patlan
2919 Blanco Rd,AM CASHIER,192,,,1,9/26/25 10:33 AM,9/26/25 10:56 AM,23 minutes and 7 seconds,Cinthia Patlan
2919 Blanco Rd,Sami Martinez ,194,4,,1,9/26/25 10:43 AM,9/26/25 10:56 AM,13 minutes and 20 seconds,Cinthia Patlan
2919 Blanco Rd,Sami Martinez ,197,10,,1,9/26/25 10:52 AM,9/26/25 11:20 AM,28 minutes and 13 seconds,Cinthia Patlan
2919 Blanco Rd,Maria  Salazar,202,,,1,9/26/25 10:54 AM,9/26/25 11:20 AM,26 minutes and 44 seconds,Cinthia Patlan
2919 Blanco Rd,Sami Martinez ,210,18,,1,9/26/25 11:18 AM,9/26/25 11:22 AM,4 minutes and 41 seconds,Cinthia Patlan
2919 Blanco Rd,Sami Martinez ,211,6,,1,9/26/25 11:18 AM,9/26/25 11:22 AM,4 minutes and 9 seconds,Cinthia Patlan
2919 Blanco Rd,Sami Martinez ,214,5,,1,9/26/25 11:22 AM,9/26/25 11:38 AM,16 minutes and 37 seconds,Cinthia Patlan
2919 Blanco Rd,Sami Martinez ,216,3,,1,9/26/25 11:24 AM,9/26/25 11:38 AM,14 minutes and 17 seconds,Cinthia Patlan
2919 Blanco Rd,Cin Cin,215,,,1,9/26/25 11:32 AM,9/26/25 11:47 AM,14 minutes and 15 seconds,Cinthia Patlan
2919 Blanco Rd,Sami Martinez ,218,8,,1,9/26/25 11:31 AM,9/26/25 11:47 AM,15 minutes and 29 seconds,Cinthia Patlan
2919 Blanco Rd,Sami Martinez ,228,25,,1,9/26/25 11:42 AM,9/26/25 11:47 AM,5 minutes and 6 seconds,Cinthia Patlan
2919 Blanco Rd,Sami Martinez ,238,12,,1,9/26/25 12:00 PM,9/26/25 12:26 PM,26 minutes and 14 seconds,Cinthia Patlan
2919 Blanco Rd,Sami Martinez ,226,20,,1,9/26/25 11:41 AM,9/26/25 12:26 PM,45 minutes and 14 seconds,Cinthia Patlan
2919 Blanco Rd,Cin Cin,237,,,1,9/26/25 12:00 PM,9/26/25 12:26 PM,26 minutes and 7 seconds,Cinthia Patlan
2919 Blanco Rd,Sami Martinez ,240,3,,1,9/26/25 12:06 PM,9/26/25 12:26 PM,20 minutes and 8 seconds,Cinthia Patlan
2919 Blanco Rd,Sami Martinez ,252,4,,1,9/26/25 12:19 PM,9/26/25 12:27 PM,7 minutes and 29 seconds,Cinthia Patlan
2919 Blanco Rd,Sami Martinez ,226,20,,1,9/26/25 12:08 PM,9/26/25 12:26 PM,18 minutes and 45 seconds,Cinthia Patlan
2919 Blanco Rd,Cin Cin,246,,,1,9/26/25 12:16 PM,9/26/25 12:26 PM,10 minutes and 50 seconds,Cinthia Patlan
2919 Blanco Rd,Sami Martinez ,249,6,,1,9/26/25 12:18 PM,9/26/25 12:26 PM,8 minutes and 5 seconds,Cinthia Patlan
2919 Blanco Rd,Sami Martinez ,251,16,,1,9/26/25 12:22 PM,9/26/25 12:34 PM,11 minutes and 54 seconds,Cinthia Patlan
2919 Blanco Rd,Sami Martinez ,256,15,,1,9/26/25 12:26 PM,9/26/25 12:36 PM,9 minutes and 54 seconds,Cinthia Patlan
2919 Blanco Rd,Martina Ovalle ,254,2,,1,9/26/25 12:24 PM,9/26/25 12:36 PM,11 minutes and 38 seconds,Cinthia Patlan
2919 Blanco Rd,Sami Martinez ,255,18,,1,9/26/25 12:26 PM,9/26/25 12:36 PM,9 minutes and 36 seconds,Cinthia Patlan
2919 Blanco Rd,Sami Martinez ,252,4,,1,9/26/25 12:30 PM,9/26/25 12:36 PM,5 minutes and 44 seconds,Cinthia Patlan
2919 Blanco Rd,Sami Martinez ,258,7,,1,9/26/25 12:27 PM,9/26/25 12:36 PM,8 minutes and 48 seconds,Cinthia Patlan
2919 Blanco Rd,AM CASHIER,259,,,1,9/26/25 12:29 PM,9/26/25 1:20 PM,50 minutes and 10 seconds,Cinthia Patlan
2919 Blanco Rd,Sami Martinez ,262,5,,1,9/26/25 12:33 PM,9/26/25 1:20 PM,47 minutes and 4 seconds,Cinthia Patlan
2919 Blanco Rd,Sami Martinez ,265,19,,1,9/26/25 12:36 PM,9/26/25 1:30 PM,54 minutes and 19 seconds,Cinthia Patlan
2919 Blanco Rd,Sami Martinez ,272,25,,1,9/26/25 12:55 PM,9/26/25 1:31 PM,35 minutes and 37 seconds,Cinthia Patlan
2919 Blanco Rd,Sami Martinez ,273,4,,1,9/26/25 12:55 PM,9/26/25 1:31 PM,35 minutes and 52 seconds,Cinthia Patlan
2919 Blanco Rd,Sami Martinez ,277,1,,1,9/26/25 1:00 PM,9/26/25 1:31 PM,30 minutes and 20 seconds,Cinthia Patlan
2919 Blanco Rd,Sami Martinez ,221,10,,1,9/26/25 12:57 PM,9/26/25 1:31 PM,33 minutes and 28 seconds,Cinthia Patlan
2919 Blanco Rd,Sami Martinez ,221,10,,1,9/26/25 12:52 PM,9/26/25 1:49 PM,56 minutes and 33 seconds,Cinthia Patlan
2919 Blanco Rd,Sami Martinez ,221,10,,1,9/26/25 1:18 PM,9/26/25 2:07 PM,48 minutes and 58 seconds,Cinthia Patlan
2919 Blanco Rd,Sami Martinez ,282,17,,1,9/26/25 1:25 PM,9/26/25 2:07 PM,42 minutes and 33 seconds,Cinthia Patlan
2919 Blanco Rd,Martina Ovalle ,286,3,,1,9/26/25 1:32 PM,9/26/25 2:07 PM,35 minutes and 5 seconds,Cinthia Patlan
2919 Blanco Rd,Martina Ovalle ,254,2,,1,9/26/25 1:16 PM,9/26/25 2:07 PM,51 minutes and 34 seconds,Cinthia Patlan
2919 Blanco Rd,Martina Ovalle ,289,8,,1,9/26/25 1:35 PM,9/26/25 2:07 PM,31 minutes and 43 seconds,Cinthia Patlan
2919 Blanco Rd,Martina Ovalle ,294,4,,1,9/26/25 1:39 PM,9/26/25 2:07 PM,28 minutes and 45 seconds,Cinthia Patlan
2919 Blanco Rd,Sami Martinez ,221,10,,1,9/26/25 1:43 PM,9/26/25 2:07 PM,24 minutes and 11 seconds,Cinthia Patlan
2919 Blanco Rd,Martina Ovalle ,291,15,,1,9/26/25 1:38 PM,9/26/25 2:07 PM,29 minutes and 35 seconds,Cinthia Patlan
2919 Blanco Rd,Martina Ovalle ,301,7,,1,9/26/25 1:56 PM,9/26/25 2:58 PM,"1 hour, 2 minutes and 8 seconds",Cinthia Patlan
2919 Blanco Rd,Martina Ovalle ,310,14,,1,9/26/25 2:28 PM,9/26/25 2:58 PM,29 minutes and 35 seconds,Cinthia Patlan
2919 Blanco Rd,Martina Ovalle ,302,17,,1,9/26/25 2:01 PM,9/26/25 2:58 PM,57 minutes and 23 seconds,Cinthia Patlan
2919 Blanco Rd,Maria  Salazar,307,,,1,9/26/25 2:19 PM,9/26/25 2:58 PM,39 minutes and 14 seconds,Cinthia Patlan
2919 Blanco Rd,Martina Ovalle ,318,,,1,9/26/25 2:43 PM,9/26/25 2:58 PM,15 minutes and 3 seconds,Cinthia Patlan
2919 Blanco Rd,Martina Ovalle ,320,7,,1,9/26/25 2:47 PM,9/26/25 2:58 PM,11 minutes and 11 seconds,Cinthia Patlan
2919 Blanco Rd,Martina Ovalle ,317,,,1,9/26/25 2:41 PM,9/26/25 2:58 PM,16 minutes and 37 seconds,Cinthia Patlan
2919 Blanco Rd,Martina Ovalle ,310,14,,1,9/26/25 2:51 PM,9/26/25 2:58 PM,7 minutes and 26 seconds,Cinthia Patlan
2919 Blanco Rd,Martina Ovalle ,321,,,1,9/26/25 2:58 PM,9/26/25 2:58 PM,17 seconds,Cinthia Patlan
2919 Blanco Rd,Martina Ovalle ,326,5,,1,9/26/25 3:34 PM,9/26/25 6:54 PM,"3 hours, 19 minutes and 40 seconds",Cinthia Patlan
2919 Blanco Rd,Martina Ovalle ,331,,,1,9/26/25 3:58 PM,9/26/25 6:54 PM,"2 hours, 56 minutes and 39 seconds",Cinthia Patlan
2919 Blanco Rd,Martina Ovalle ,327,6,,1,9/26/25 3:38 PM,9/26/25 6:54 PM,"3 hours, 16 minutes and 9 seconds",Cinthia Patlan
2919 Blanco Rd,Martina Ovalle ,328,3,,1,9/26/25 3:41 PM,9/26/25 6:54 PM,"3 hours, 13 minutes and 2 seconds",Cinthia Patlan
2919 Blanco Rd,Martina Ovalle ,339,,,1,9/26/25 4:46 PM,9/26/25 6:54 PM,"2 hours, 7 minutes and 49 seconds",Cinthia Patlan
2919 Blanco Rd,Martina Ovalle ,340,,,1,9/26/25 4:58 PM,9/26/25 6:54 PM,"1 hour, 55 minutes and 51 seconds",Cinthia Patlan
2919 Blanco Rd,Martina Ovalle ,341,,,1,9/26/25 5:06 PM,9/26/25 6:54 PM,"1 hour, 47 minutes and 46 seconds",Cinthia Patlan
2919 Blanco Rd,Martina Ovalle ,345,,,1,9/26/25 5:18 PM,9/26/25 6:54 PM,"1 hour, 36 minutes and 3 seconds",Cinthia Patlan
2919 Blanco Rd,Martina Ovalle ,354,,,1,9/26/25 6:25 PM,9/26/25 6:54 PM,29 minutes and 39 seconds,Cinthia Patlan
2919 Blanco Rd,Martina Ovalle ,355,,,1,9/26/25 6:47 PM,9/26/25 8:50 PM,"2 hours, 2 minutes and 49 seconds",Cinthia Patlan
2919 Blanco Rd,Martina Ovalle ,359,,,1,9/26/25 6:52 PM,9/26/25 8:50 PM,"1 hour, 58 minutes and 23 seconds",Cinthia Patlan
2919 Blanco Rd,Martina Ovalle ,360,,,1,9/26/25 7:17 PM,9/26/25 8:50 PM,"1 hour, 33 minutes and 44 seconds",Cinthia Patlan
2919 Blanco Rd,Maria  Salazar,366,,,1,9/26/25 7:28 PM,9/26/25 8:50 PM,"1 hour, 21 minutes and 54 seconds",Cinthia Patlan
2919 Blanco Rd,Martina Ovalle ,364,,,1,9/26/25 7:21 PM,9/26/25 8:50 PM,"1 hour, 29 minutes and 41 seconds",Cinthia Patlan
2919 Blanco Rd,Martina Ovalle ,370,,,1,9/26/25 7:53 PM,9/26/25 8:50 PM,56 minutes and 55 seconds,Cinthia Patlan
2919 Blanco Rd,Martina Ovalle ,365,,,1,9/26/25 7:33 PM,9/26/25 8:50 PM,"1 hour, 17 minutes and 28 seconds",Cinthia Patlan
2919 Blanco Rd,Martina Ovalle ,373,,,1,9/26/25 8:21 PM,9/26/25 8:50 PM,29 minutes and 14 seconds,Cinthia Patlan
2919 Blanco Rd,Martina Ovalle ,359,,,1,9/26/25 7:38 PM,9/26/25 8:50 PM,"1 hour, 12 minutes and 22 seconds",Cinthia Patlan
