Employee,Job Title,Regular Hours,Overtime Hours,Hourly Rate,Regular Pay,Overtime Pay,Total Pay,Net Sales,Declared Tips,Non-Cash Tips,Total Tips,Tips Withheld,Total Gratuity,Employee ID,Job Code,Location,Location Code
"CASHIER, AM",General Manager,2.73,5.36,,,,,580.15,,58.00,58.00,0.00,0.00,,,2919 Blanco Rd,
"Cin, Cin",Drive-Thru,9.31,0.0,,,,,1874.98,,69.31,69.31,0.00,0.00,,,2919 Blanco Rd,
"Hernandez, Celinda",Cook,9.31,0.0,16.00,148.96,0.00,148.96,0.00,,0.00,0.00,0.00,0.00,,,2919 Blanco Rd,
"Hernandez, Fidelia ",Cook,6.96,2.66,14.00,97.44,55.86,153.30,0.00,,0.00,0.00,0.00,0.00,,,2919 Blanco Rd,
"Martinez , Sami",Server,8.53,0.0,3.00,25.59,0.00,25.59,1043.42,,107.53,107.53,0.00,36.56,,,2919 Blanco Rd,
"Melendez, Ninoska",Tortillero/a,6.89,0.0,13.00,89.57,0.00,89.57,0.00,,0.00,0.00,0.00,0.00,,,2919 Blanco Rd,
"Ovalle , Martina",Server,6.83,6.48,,,,,712.41,,32.00,32.00,0.00,16.48,,,2919 Blanco Rd,
"Pena , Vilma",Cook,8.28,0.0,14.00,115.92,0.00,115.92,0.00,,0.00,0.00,0.00,0.00,,,2919 Blanco Rd,
"Rivera, Dante Antonio ",Cook,15.2,0.0,,,,,0.00,,0.00,0.00,0.00,0.00,,,2919 Blanco Rd,
"Salazar, Maria ",Shift Manager / Assistant Manager,10.52,4.53,,,,,562.02,,23.62,23.62,0.00,0.00,,,2919 Blanco Rd,
