Check #,Table,Payment Type,Server,Cashier,Tip,Amount,Cash Drawer,Date,Opened Date
1,,CREDIT,Norma,Norma,5.00,9.50,,9/3/25 6:34 AM,9/3/25 6:34 AM
3,,CASH,Norma,Norma,0.00,10.79,,9/3/25 6:43 AM,9/3/25 6:43 AM
4,,CREDIT,Daniela,Daniela,0.00,2.15,,9/3/25 6:49 AM,9/3/25 6:48 AM
5,,CREDIT,Daniela,Daniela,0.00,4.31,,9/3/25 6:51 AM,9/3/25 6:48 AM
6,,CASH,Daniela,Daniela,0.00,9.39,,9/3/25 6:52 AM,9/3/25 6:48 AM
7,,CREDIT,Daniela,Daniela,0.00,22.11,,9/3/25 6:54 AM,9/3/25 6:49 AM
8,,CREDIT,Daniela,Daniela,0.00,19.41,,9/3/25 6:55 AM,9/3/25 6:54 AM
9,,CREDIT,Daniela,Daniela,0.00,3.78,,9/3/25 6:58 AM,9/3/25 6:55 AM
10,,CASH,Daniela,Daniela,0.00,7.88,,9/3/25 6:59 AM,9/3/25 6:55 AM
2,,CREDIT,Norma,Norma,0.00,26.82,,9/3/25 7:00 AM,9/3/25 6:35 AM
11,,CREDIT,Daniela,Daniela,0.00,9.70,,9/3/25 7:04 AM,9/3/25 7:02 AM
12,,CASH,Daniela,Daniela,0.00,6.03,,9/3/25 7:07 AM,9/3/25 7:04 AM
16,,CREDIT,Norma,Norma,0.00,17.25,,9/3/25 7:09 AM,9/3/25 7:09 AM
14,,CASH,Daniela,Daniela,0.00,3.24,,9/3/25 7:09 AM,9/3/25 7:08 AM
15,,CREDIT,Daniela,Daniela,1.00,7.33,,9/3/25 7:11 AM,9/3/25 7:08 AM
13,,CREDIT,Daniela,Daniela,0.00,8.30,,9/3/25 7:14 AM,9/3/25 7:09 AM
17,,CREDIT,Daniela,Daniela,2.00,7.11,,9/3/25 7:15 AM,9/3/25 7:14 AM
18,,CREDIT,Daniela,Daniela,0.00,17.13,,9/3/25 7:21 AM,9/3/25 7:18 AM
19,,CREDIT,Daniela,Daniela,0.00,7.02,,9/3/25 7:23 AM,9/3/25 7:21 AM
20,,CREDIT,Daniela,Daniela,0.00,22.36,,9/3/25 7:24 AM,9/3/25 7:22 AM
21,,CASH,Daniela,Daniela,0.00,4.42,,9/3/25 7:28 AM,9/3/25 7:27 AM
22,,CASH,Daniela,Daniela,0.00,8.41,,9/3/25 7:30 AM,9/3/25 7:28 AM
23,,CASH,Daniela,Daniela,0.00,4.09,,9/3/25 7:35 AM,9/3/25 7:33 AM
24,,CREDIT,Daniela,Daniela,0.00,5.19,,9/3/25 7:36 AM,9/3/25 7:35 AM
26,,CREDIT,Norma,Norma,0.54,6.46,,9/3/25 7:36 AM,9/3/25 7:36 AM
25,,CREDIT,Daniela,Daniela,0.00,4.31,,9/3/25 7:38 AM,9/3/25 7:36 AM
28,,CREDIT,Daniela,Daniela,0.00,19.54,,9/3/25 7:43 AM,9/3/25 7:40 AM
29,,CREDIT,Daniela,Daniela,0.00,10.34,,9/3/25 7:45 AM,9/3/25 7:41 AM
30,,CREDIT,Daniela,Daniela,0.00,11.86,,9/3/25 7:45 AM,9/3/25 7:42 AM
31,,CREDIT,Daniela,Daniela,0.00,6.79,,9/3/25 7:48 AM,9/3/25 7:42 AM
32,,CREDIT,Daniela,Daniela,0.00,8.03,,9/3/25 7:49 AM,9/3/25 7:43 AM
33,,CREDIT,Daniela,Daniela,0.00,2.70,,9/3/25 7:50 AM,9/3/25 7:45 AM
34,,CREDIT,Daniela,Daniela,0.00,8.09,,9/3/25 7:50 AM,9/3/25 7:46 AM
37,,CREDIT,Daniela,Daniela,0.00,5.39,,9/3/25 7:51 AM,9/3/25 7:49 AM
38,,CASH,Daniela,Daniela,0.00,2.70,,9/3/25 7:54 AM,9/3/25 7:53 AM
39,,CREDIT,Daniela,Daniela,0.00,4.30,,9/3/25 7:54 AM,9/3/25 7:53 AM
42,,CASH,Daniela,Daniela,0.00,13.61,,9/3/25 7:57 AM,9/3/25 7:56 AM
27,24,CREDIT,Norma,,5.00,25.91,,9/3/25 8:03 AM,9/3/25 7:38 AM
43,,CREDIT,Daniela,Daniela,0.00,14.02,,9/3/25 8:03 AM,9/3/25 8:00 AM
44,,CREDIT,Daniela,Daniela,0.00,10.44,,9/3/25 8:05 AM,9/3/25 8:02 AM
45,,CREDIT,Daniela,Daniela,0.00,10.34,,9/3/25 8:06 AM,9/3/25 8:02 AM
46,,CREDIT,Daniela,Daniela,0.00,6.46,,9/3/25 8:07 AM,9/3/25 8:03 AM
48,,CREDIT,Daniela,Daniela,0.00,11.89,,9/3/25 8:07 AM,9/3/25 8:05 AM
41,,CASH,Norma,Norma,0.00,4.74,,9/3/25 8:08 AM,9/3/25 7:55 AM
50,,CREDIT,Daniela,Daniela,0.00,4.31,,9/3/25 8:10 AM,9/3/25 8:07 AM
52,,CREDIT,Ivana,Ivana,0.00,8.64,,9/3/25 8:11 AM,9/3/25 8:11 AM
51,,CASH,Daniela,Daniela,0.00,2.15,,9/3/25 8:11 AM,9/3/25 8:10 AM
53,,CASH,Daniela,Daniela,0.00,4.85,,9/3/25 8:12 AM,9/3/25 8:11 AM
54,,CREDIT,Daniela,Daniela,5.00,8.42,,9/3/25 8:17 AM,9/3/25 8:13 AM
55,,CREDIT,Daniela,Daniela,0.00,21.89,,9/3/25 8:19 AM,9/3/25 8:14 AM
36,10,CREDIT,Norma,Norma,2.00,31.29,,9/3/25 8:23 AM,9/3/25 7:48 AM
58,,CASH,Daniela,Daniela,0.00,7.77,,9/3/25 8:23 AM,9/3/25 8:17 AM
59,,CREDIT,Daniela,Daniela,0.00,11.73,,9/3/25 8:25 AM,9/3/25 8:18 AM
49,,CREDIT,Ivana,Ivana,2.00,14.36,,9/3/25 8:25 AM,9/3/25 8:07 AM
60,,CREDIT,Daniela,Daniela,0.00,1.94,,9/3/25 8:26 AM,9/3/25 8:19 AM
61,,CREDIT,Daniela,Daniela,0.00,8.19,,9/3/25 8:27 AM,9/3/25 8:20 AM
62,,CREDIT,Daniela,Daniela,0.00,18.76,,9/3/25 8:28 AM,9/3/25 8:23 AM
64,,CREDIT,Ivana,Ivana,0.00,30.22,,9/3/25 8:30 AM,9/3/25 8:30 AM
65,,CREDIT,Daniela,Daniela,0.00,7.44,,9/3/25 8:30 AM,9/3/25 8:27 AM
67,,CREDIT,Daniela,Daniela,0.00,10.78,,9/3/25 8:31 AM,9/3/25 8:29 AM
63,,CREDIT,Ivana,Daniela,0.00,9.13,,9/3/25 8:32 AM,9/3/25 8:24 AM
66,,CASH,Ivana,Ivana,0.00,4.31,Front Left,9/3/25 8:36 AM,9/3/25 8:28 AM
69,,CASH,Daniela,Daniela,0.00,20.67,,9/3/25 8:37 AM,9/3/25 8:35 AM
57,9,CREDIT,Norma,Ivana,8.00,42.24,,9/3/25 8:48 AM,9/3/25 8:15 AM
90,,CREDIT,Daniela,Daniela,0.00,9.71,,9/3/25 8:48 AM,9/3/25 8:47 AM
91,,CREDIT,Daniela,Daniela,0.00,13.17,,9/3/25 8:52 AM,9/3/25 8:50 AM
93,,CASH,Daniela,Daniela,0.00,15.21,,9/3/25 8:57 AM,9/3/25 8:52 AM
94,,CASH,Daniela,Daniela,0.00,8.53,,9/3/25 8:58 AM,9/3/25 8:52 AM
95,,CASH,Daniela,Daniela,0.00,10.14,,9/3/25 9:00 AM,9/3/25 8:54 AM
96,,CREDIT,Daniela,Daniela,0.00,4.30,,9/3/25 9:02 AM,9/3/25 8:55 AM
97,,CASH,Daniela,Daniela,0.00,8.84,,9/3/25 9:04 AM,9/3/25 8:57 AM
98,,CREDIT,Daniela,Daniela,0.00,6.46,,9/3/25 9:05 AM,9/3/25 8:59 AM
70,32,CREDIT,Rosa,Rosa,3.00,14.00,,9/3/25 9:05 AM,9/3/25 8:41 AM
99,,CREDIT,Ivana,Ivana,0.00,9.12,,9/3/25 9:06 AM,9/3/25 9:01 AM
56,34,CREDIT,Norma,Norma,0.00,25.94,,9/3/25 9:07 AM,9/3/25 8:14 AM
100,,CASH,Daniela,Daniela,0.00,14.01,,9/3/25 9:08 AM,9/3/25 9:03 AM
102,,CREDIT,Daniela,Daniela,0.00,8.65,,9/3/25 9:08 AM,9/3/25 9:04 AM
103,,CREDIT,Daniela,Daniela,0.00,10.34,,9/3/25 9:10 AM,9/3/25 9:05 AM
104,,CREDIT,Daniela,Daniela,0.00,2.69,,9/3/25 9:11 AM,9/3/25 9:05 AM
105,,CREDIT,Daniela,Daniela,0.00,7.13,,9/3/25 9:12 AM,9/3/25 9:07 AM
108,,CASH,Daniela,Daniela,0.00,11.64,,9/3/25 9:13 AM,9/3/25 9:09 AM
113,,CREDIT,Ivana,Ivana,1.44,14.56,,9/3/25 9:15 AM,9/3/25 9:15 AM
81,41,CREDIT,Norma,Norma,0.74,16.26,,9/3/25 9:16 AM,9/3/25 8:44 AM
71,40,CREDIT,Norma,Norma,1.00,2.55,,9/3/25 9:18 AM,9/3/25 8:42 AM
109,,CREDIT,Daniela,Daniela,0.00,13.37,,9/3/25 9:19 AM,9/3/25 9:10 AM
111,,CASH,Daniela,Daniela,0.00,6.47,,9/3/25 9:20 AM,9/3/25 9:12 AM
117,,CREDIT,Daniela,Daniela,0.00,6.90,,9/3/25 9:21 AM,9/3/25 9:20 AM
74,40,CREDIT,Norma,,0.00,12.81,,9/3/25 9:22 AM,9/3/25 8:42 AM
75,40,CREDIT,Norma,,3.29,19.19,,9/3/25 9:23 AM,9/3/25 8:42 AM
116,,CREDIT,Daniela,Daniela,0.00,11.10,,9/3/25 9:23 AM,9/3/25 9:20 AM
72,40,CREDIT,Norma,,0.00,12.81,,9/3/25 9:23 AM,9/3/25 8:42 AM
118,,CASH,Daniela,Daniela,0.00,15.53,,9/3/25 9:23 AM,9/3/25 9:20 AM
78,40,CREDIT,Norma,,1.35,11.53,,9/3/25 9:24 AM,9/3/25 8:42 AM
76,40,CREDIT,Norma,,2.60,16.65,,9/3/25 9:24 AM,9/3/25 8:42 AM
73,40,CREDIT,Norma,,1.35,11.53,,9/3/25 9:25 AM,9/3/25 8:42 AM
80,41,CREDIT,Norma,,1.01,5.88,,9/3/25 9:26 AM,9/3/25 8:44 AM
79,41,CREDIT,Norma,,1.53,8.93,,9/3/25 9:26 AM,9/3/25 8:44 AM
84,41,CREDIT,Norma,Norma,3.00,8.41,,9/3/25 9:26 AM,9/3/25 8:44 AM
83,41,CREDIT,Norma,,2.00,12.81,,9/3/25 9:27 AM,9/3/25 8:44 AM
120,,CREDIT,Daniela,Daniela,0.00,4.30,,9/3/25 9:27 AM,9/3/25 9:26 AM
68,23,CASH,Esperansa,Esperansa,0.00,27.01,,9/3/25 9:28 AM,9/3/25 8:34 AM
82,41,CREDIT,Norma,,1.39,8.93,,9/3/25 9:28 AM,9/3/25 8:44 AM
85,41,CREDIT,Norma,,3.00,8.97,,9/3/25 9:28 AM,9/3/25 8:46 AM
121,,CREDIT,Daniela,Daniela,2.00,17.15,,9/3/25 9:29 AM,9/3/25 9:26 AM
86,41,CREDIT,Norma,,1.39,8.93,,9/3/25 9:29 AM,9/3/25 8:46 AM
87,41,CREDIT,Norma,,3.29,21.11,,9/3/25 9:31 AM,9/3/25 8:46 AM
122,,CASH,Daniela,Daniela,0.00,12.29,,9/3/25 9:32 AM,9/3/25 9:27 AM
127,22,CREDIT,Norma,,1.78,8.75,,9/3/25 9:33 AM,9/3/25 9:32 AM
125,,CREDIT,Daniela,Daniela,0.00,6.04,,9/3/25 9:33 AM,9/3/25 9:29 AM
107,22,CREDIT,Norma,,3.84,18.91,,9/3/25 9:33 AM,9/3/25 9:09 AM
126,,CREDIT,Daniela,Daniela,0.00,3.88,,9/3/25 9:34 AM,9/3/25 9:29 AM
112,11,CREDIT,Norma,Norma,3.38,21.62,,9/3/25 9:37 AM,9/3/25 9:14 AM
77,40,CASH,Norma,Norma,0.00,8.94,,9/3/25 9:37 AM,9/3/25 8:42 AM
123,,CREDIT,Ivana,Ivana,1.00,12.95,,9/3/25 9:41 AM,9/3/25 9:27 AM
128,,CASH,Daniela,Daniela,0.00,26.20,,9/3/25 9:41 AM,9/3/25 9:40 AM
130,,CREDIT,Daniela,Daniela,2.00,22.05,,9/3/25 9:50 AM,9/3/25 9:47 AM
115,17,CASH,Rosa,Rosa,0.00,11.84,,9/3/25 9:51 AM,9/3/25 9:19 AM
131,,CREDIT,Daniela,Daniela,0.00,9.51,,9/3/25 9:54 AM,9/3/25 9:47 AM
132,,CASH,Daniela,Daniela,0.00,11.86,,9/3/25 9:55 AM,9/3/25 9:48 AM
134,,CASH,Daniela,Daniela,0.00,17.81,,9/3/25 9:56 AM,9/3/25 9:49 AM
106,8,CREDIT,Esperansa,Ivana,5.00,21.26,,9/3/25 9:56 AM,9/3/25 9:09 AM
133,,CREDIT,Ivana,Ivana,0.00,11.54,,9/3/25 9:57 AM,9/3/25 9:49 AM
114,25,CREDIT,Esperansa,Ivana,0.00,31.35,,9/3/25 10:00 AM,9/3/25 9:19 AM
135,,CREDIT,Daniela,Daniela,0.00,18.65,,9/3/25 10:00 AM,9/3/25 9:51 AM
138,,CREDIT,Daniela,Daniela,0.00,14.20,,9/3/25 10:01 AM,9/3/25 9:54 AM
124,23,CREDIT,Esperansa,Esperansa,5.00,50.26,,9/3/25 10:01 AM,9/3/25 9:29 AM
119,9,CREDIT,Norma,Norma,0.00,33.51,,9/3/25 10:02 AM,9/3/25 9:26 AM
139,,CREDIT,Daniela,Daniela,0.00,10.96,,9/3/25 10:02 AM,9/3/25 9:56 AM
140,,CASH,Daniela,Daniela,0.00,12.53,,9/3/25 10:03 AM,9/3/25 9:56 AM
143,,CREDIT,Daniela,Daniela,0.00,17.27,,9/3/25 10:04 AM,9/3/25 10:00 AM
146,,CREDIT,Daniela,Daniela,0.00,18.97,,9/3/25 10:07 AM,9/3/25 10:01 AM
147,,CREDIT,Daniela,Daniela,0.00,10.79,,9/3/25 10:08 AM,9/3/25 10:03 AM
110,24,CREDIT,Rosa,Ivana,0.00,24.81,,9/3/25 10:09 AM,9/3/25 9:11 AM
151,,CREDIT,Daniela,Daniela,0.00,18.22,,9/3/25 10:09 AM,9/3/25 10:08 AM
152,,CREDIT,Daniela,Daniela,0.00,8.62,,9/3/25 10:15 AM,9/3/25 10:11 AM
154,,CREDIT,Daniela,Daniela,0.00,11.90,,9/3/25 10:16 AM,9/3/25 10:13 AM
155,,CASH,Daniela,Daniela,0.00,4.31,,9/3/25 10:19 AM,9/3/25 10:13 AM
156,,CREDIT,Daniela,Daniela,0.00,11.66,,9/3/25 10:20 AM,9/3/25 10:14 AM
159,,CREDIT,Daniela,Daniela,0.00,6.46,,9/3/25 10:23 AM,9/3/25 10:22 AM
142,33,CREDIT,Rosa,,2.55,13.82,,9/3/25 10:24 AM,9/3/25 9:59 AM
161,,CREDIT,Daniela,Daniela,0.00,3.88,,9/3/25 10:25 AM,9/3/25 10:23 AM
137,17,CASH,Norma,Norma,0.00,19.67,,9/3/25 10:25 AM,9/3/25 9:52 AM
164,,CREDIT,Daniela,Daniela,0.00,10.03,,9/3/25 10:26 AM,9/3/25 10:25 AM
165,,CREDIT,Daniela,Daniela,0.00,4.32,,9/3/25 10:28 AM,9/3/25 10:26 AM
166,,CASH,Daniela,Daniela,0.00,6.46,,9/3/25 10:30 AM,9/3/25 10:28 AM
92,,CASH,Daniela,Daniela,0.00,5.39,,9/3/25 10:33 AM,9/3/25 10:31 AM
149,10,CREDIT,Rosa,Rosa,3.00,18.32,,9/3/25 10:33 AM,9/3/25 10:07 AM
170,,CASH,Daniela,Daniela,0.00,6.46,,9/3/25 10:34 AM,9/3/25 10:32 AM
141,7,CREDIT,Esperansa,Esperansa,0.00,34.60,,9/3/25 10:38 AM,9/3/25 9:58 AM
172,,CREDIT,Ivana,Ivana,1.00,13.69,,9/3/25 10:39 AM,9/3/25 10:36 AM
145,32,CREDIT,Norma,Norma,5.00,22.46,,9/3/25 10:40 AM,9/3/25 10:01 AM
148,19,CREDIT,Rosa,Rosa,10.00,66.28,,9/3/25 10:41 AM,9/3/25 10:06 AM
153,25,CREDIT,Norma,Ivana,0.00,13.26,,9/3/25 10:46 AM,9/3/25 10:12 AM
178,,CREDIT,Daniela,Daniela,0.00,4.30,,9/3/25 10:48 AM,9/3/25 10:48 AM
150,22,CREDIT,Esperansa,Esperansa,5.00,26.70,,9/3/25 10:49 AM,9/3/25 10:08 AM
158,24,CREDIT,Norma,Norma,0.00,26.64,,9/3/25 10:49 AM,9/3/25 10:20 AM
157,8,CREDIT,Esperansa,Esperansa,6.00,30.04,,9/3/25 10:51 AM,9/3/25 10:17 AM
179,,CREDIT,Daniela,Daniela,0.00,7.34,,9/3/25 10:51 AM,9/3/25 10:51 AM
160,36,CREDIT,Esperansa,Esperansa,4.00,46.32,,9/3/25 10:52 AM,9/3/25 10:21 AM
181,,CASH,Daniela,Daniela,0.00,6.69,,9/3/25 10:54 AM,9/3/25 10:51 AM
169,17,CREDIT,Rosa,Rosa,6.00,52.45,,9/3/25 10:56 AM,9/3/25 10:30 AM
183,,CASH,Daniela,Daniela,0.00,6.46,,9/3/25 10:57 AM,9/3/25 10:52 AM
171,,CASH,Daniela,Daniela,0.00,33.93,,9/3/25 10:59 AM,9/3/25 10:55 AM
184,,CREDIT,Daniela,Daniela,2.00,21.75,,9/3/25 11:02 AM,9/3/25 10:57 AM
187,,CREDIT,Daniela,Daniela,0.00,3.88,,9/3/25 11:03 AM,9/3/25 11:02 AM
163,23,CREDIT,Rosa,Rosa,8.00,33.46,,9/3/25 11:07 AM,9/3/25 10:25 AM
176,,CREDIT,Ivana,Ivana,1.00,20.19,,9/3/25 11:07 AM,9/3/25 10:45 AM
185,,CREDIT,Daniela,Daniela,0.00,15.13,,9/3/25 11:12 AM,9/3/25 11:10 AM
180,,CASH,Ivana,Ivana,0.00,10.59,Front Left,9/3/25 11:13 AM,9/3/25 10:51 AM
193,16,CREDIT,Esperansa,Ivana,2.00,12.16,,9/3/25 11:14 AM,9/3/25 11:14 AM
175,16,CREDIT,Esperansa,Ivana,3.00,7.57,,9/3/25 11:14 AM,9/3/25 10:42 AM
190,,CREDIT,Daniela,Daniela,0.00,5.72,,9/3/25 11:15 AM,9/3/25 11:11 AM
192,,CREDIT,Daniela,Daniela,0.00,6.80,,9/3/25 11:16 AM,9/3/25 11:11 AM
186,24,CREDIT,Rosa,Rosa,3.00,16.97,,9/3/25 11:17 AM,9/3/25 11:00 AM
177,32,CREDIT,Norma,Norma,4.00,24.86,,9/3/25 11:19 AM,9/3/25 10:46 AM
195,,CASH,Daniela,Daniela,0.00,17.79,,9/3/25 11:19 AM,9/3/25 11:17 AM
196,,CREDIT,Daniela,Daniela,0.00,15.56,,9/3/25 11:24 AM,9/3/25 11:18 AM
174,21,CREDIT,Esperansa,Esperansa,4.00,18.05,,9/3/25 11:24 AM,9/3/25 10:41 AM
189,,CREDIT,Daniela,Daniela,0.00,12.98,,9/3/25 11:24 AM,9/3/25 11:24 AM
182,38,CREDIT,Norma,Norma,0.00,24.38,,9/3/25 11:25 AM,9/3/25 10:52 AM
173,34,CREDIT,Norma,Ivana,5.00,22.76,,9/3/25 11:26 AM,9/3/25 10:40 AM
199,,CREDIT,Daniela,Daniela,0.00,12.97,,9/3/25 11:28 AM,9/3/25 11:26 AM
204,,CREDIT,Daniela,Daniela,0.00,14.32,,9/3/25 11:33 AM,9/3/25 11:32 AM
205,,CREDIT,Daniela,Daniela,0.00,7.23,,9/3/25 11:35 AM,9/3/25 11:32 AM
207,,CASH,Daniela,Daniela,0.00,8.54,,9/3/25 11:37 AM,9/3/25 11:33 AM
200,,CREDIT,Daniela,Daniela,0.00,9.73,,9/3/25 11:39 AM,9/3/25 11:34 AM
213,,CREDIT,Daniela,Daniela,0.00,21.30,,9/3/25 11:42 AM,9/3/25 11:37 AM
214,,CREDIT,Daniela,Daniela,0.00,14.26,,9/3/25 11:46 AM,9/3/25 11:37 AM
219,,CREDIT,Ivana,Ivana,2.00,9.05,,9/3/25 11:47 AM,9/3/25 11:47 AM
201,,CREDIT,Rosa,Daniela,0.00,9.71,,9/3/25 11:48 AM,9/3/25 11:28 AM
194,40,CREDIT,Esperansa,Esperansa,0.00,25.68,,9/3/25 11:51 AM,9/3/25 11:16 AM
197,25,CREDIT,Rosa,Rosa,5.00,22.11,,9/3/25 11:53 AM,9/3/25 11:23 AM
198,15,CASH,Esperansa,Esperansa,0.00,8.19,,9/3/25 11:54 AM,9/3/25 11:23 AM
221,,CASH,Daniela,Daniela,0.00,15.33,,9/3/25 11:55 AM,9/3/25 11:51 AM
212,,CREDIT,Daniela,Daniela,0.00,19.00,,9/3/25 11:58 AM,9/3/25 11:53 AM
191,11,CREDIT,Norma,Norma,10.00,35.94,,9/3/25 11:59 AM,9/3/25 11:12 AM
222,,CASH,Daniela,Daniela,0.00,5.72,,9/3/25 11:59 AM,9/3/25 11:53 AM
202,26,CREDIT,Norma,Norma,0.00,8.41,,9/3/25 12:00 PM,9/3/25 11:28 AM
228,7,CREDIT,Esperansa,Esperansa,0.00,7.87,,9/3/25 12:00 PM,9/3/25 11:59 AM
223,,CASH,Daniela,Daniela,0.00,18.09,,9/3/25 12:00 PM,9/3/25 11:54 AM
215,7,CREDIT,Esperansa,Esperansa,2.00,6.24,,9/3/25 12:00 PM,9/3/25 11:41 AM
217,38,CREDIT,Norma,,5.08,27.46,,9/3/25 12:02 PM,9/3/25 11:44 AM
210,33,CASH,Norma,Norma,0.00,22.25,,9/3/25 12:04 PM,9/3/25 11:34 AM
218,17,CREDIT,Rosa,Rosa,3.00,14.32,,9/3/25 12:04 PM,9/3/25 11:44 AM
224,,CASH,Daniela,Daniela,0.00,14.66,,9/3/25 12:09 PM,9/3/25 12:07 PM
229,,CREDIT,Daniela,Daniela,0.00,5.39,,9/3/25 12:10 PM,9/3/25 12:07 PM
227,24,CREDIT,Rosa,Rosa,3.00,9.73,,9/3/25 12:10 PM,9/3/25 11:59 AM
209,24,CASH,Rosa,Rosa,0.00,9.73,,9/3/25 12:11 PM,9/3/25 11:33 AM
231,,CREDIT,Daniela,Daniela,0.00,9.60,,9/3/25 12:13 PM,9/3/25 12:11 PM
225,15,CREDIT,Esperansa,Ivana,0.00,13.99,,9/3/25 12:14 PM,9/3/25 11:55 AM
232,,CREDIT,Daniela,Daniela,0.00,27.52,,9/3/25 12:15 PM,9/3/25 12:12 PM
234,,CREDIT,Daniela,Daniela,1.00,11.90,,9/3/25 12:19 PM,9/3/25 12:14 PM
230,,CREDIT,Daniela,Daniela,0.00,4.64,,9/3/25 12:21 PM,9/3/25 12:17 PM
220,36,CREDIT,Rosa,Ivana,5.00,36.11,,9/3/25 12:23 PM,9/3/25 11:46 AM
236,,CASH,Daniela,Daniela,0.00,7.02,,9/3/25 12:23 PM,9/3/25 12:19 PM
235,,CREDIT,Daniela,Daniela,0.00,12.74,,9/3/25 12:26 PM,9/3/25 12:25 PM
238,,CREDIT,Daniela,Daniela,0.00,20.21,,9/3/25 12:33 PM,9/3/25 12:28 PM
240,,CASH,Daniela,Daniela,0.00,4.96,,9/3/25 12:35 PM,9/3/25 12:29 PM
245,,CREDIT,Daniela,Daniela,2.00,9.73,,9/3/25 12:37 PM,9/3/25 12:36 PM
246,,CASH,Daniela,Daniela,0.00,15.14,,9/3/25 12:40 PM,9/3/25 12:37 PM
233,7,CREDIT,Esperansa,Esperansa,0.00,39.52,,9/3/25 12:40 PM,9/3/25 12:14 PM
248,,CREDIT,Daniela,Daniela,2.00,4.31,,9/3/25 12:41 PM,9/3/25 12:38 PM
203,8,CASH,Esperansa,Esperansa,0.00,33.72,,9/3/25 12:47 PM,9/3/25 11:30 AM
206,22,CASH,Rosa,Rosa,0.00,27.04,,9/3/25 12:48 PM,9/3/25 11:32 AM
129,37,CASH,Rosa,Rosa,0.00,32.43,,9/3/25 12:48 PM,9/3/25 9:44 AM
243,,CASH,Daniela,Daniela,0.00,8.72,,9/3/25 12:50 PM,9/3/25 12:46 PM
257,,CREDIT,Daniela,Daniela,0.00,3.24,,9/3/25 12:55 PM,9/3/25 12:55 PM
226,32,CREDIT,Norma,Norma,10.00,38.32,,9/3/25 12:56 PM,9/3/25 11:56 AM
237,9,CREDIT,Rosa,Ivana,0.00,55.79,,9/3/25 12:57 PM,9/3/25 12:25 PM
250,26,CREDIT,Esperansa,Ivana,3.27,9.73,,9/3/25 12:58 PM,9/3/25 12:41 PM
242,33,CREDIT,Norma,Norma,0.00,29.01,,9/3/25 1:02 PM,9/3/25 12:31 PM
263,,CREDIT,Daniela,Daniela,0.00,5.36,,9/3/25 1:04 PM,9/3/25 1:03 PM
264,,CREDIT,Ivana,Ivana,0.00,10.80,,9/3/25 1:04 PM,9/3/25 1:04 PM
263,,CREDIT,Daniela,Daniela,0.00,0.90,,9/3/25 1:04 PM,9/3/25 1:03 PM
244,35,CREDIT,Norma,Norma,5.00,14.91,,9/3/25 1:04 PM,9/3/25 12:31 PM
254,19,CREDIT,Norma,Norma,0.00,30.21,,9/3/25 1:07 PM,9/3/25 12:49 PM
247,17,CASH,Rosa,Rosa,0.00,17.79,,9/3/25 1:08 PM,9/3/25 12:38 PM
261,17,CASH,Rosa,Rosa,0.00,13.52,,9/3/25 1:08 PM,9/3/25 12:59 PM
265,,CASH,Daniela,Daniela,0.00,25.17,,9/3/25 1:09 PM,9/3/25 1:07 PM
267,19,CREDIT,Norma,Norma,5.00,3.24,,9/3/25 1:10 PM,9/3/25 1:09 PM
249,15,CASH,Rosa,Rosa,0.00,19.89,,9/3/25 1:10 PM,9/3/25 12:41 PM
252,23,CREDIT,Esperansa,Esperansa,5.00,48.75,,9/3/25 1:11 PM,9/3/25 12:48 PM
256,,CREDIT,Ivana,Ivana,2.00,22.48,,9/3/25 1:11 PM,9/3/25 12:54 PM
269,,CREDIT,Ivana,Ivana,0.00,4.32,,9/3/25 1:11 PM,9/3/25 1:11 PM
266,,CASH,Daniela,Daniela,0.00,12.44,,9/3/25 1:12 PM,9/3/25 1:09 PM
241,25,CASH,Esperansa,Esperansa,0.00,30.42,,9/3/25 1:12 PM,9/3/25 12:29 PM
272,,CREDIT,Daniela,Daniela,0.00,9.73,,9/3/25 1:17 PM,9/3/25 1:16 PM
255,37,CASH,Norma,Norma,0.00,9.50,,9/3/25 1:18 PM,9/3/25 12:52 PM
274,,CREDIT,Ivana,Ivana,1.00,11.55,,9/3/25 1:21 PM,9/3/25 1:21 PM
262,,CREDIT,Ivana,Daniela,0.00,39.53,,9/3/25 1:23 PM,9/3/25 1:03 PM
273,,CREDIT,Daniela,Daniela,0.00,5.29,,9/3/25 1:24 PM,9/3/25 1:21 PM
275,,CASH,Daniela,Daniela,0.00,32.63,,9/3/25 1:24 PM,9/3/25 1:22 PM
251,,CREDIT,Daniela,Daniela,0.00,13.83,,9/3/25 1:29 PM,9/3/25 1:28 PM
253,38,CREDIT,Rosa,Rosa,0.00,12.97,,9/3/25 1:30 PM,9/3/25 12:49 PM
279,,CREDIT,Daniela,Daniela,0.00,9.50,,9/3/25 1:34 PM,9/3/25 1:34 PM
260,16,CREDIT,Esperansa,Ivana,0.00,34.83,,9/3/25 1:37 PM,9/3/25 1:00 PM
270,25,CREDIT,Norma,Ivana,0.00,9.73,,9/3/25 1:43 PM,9/3/25 1:12 PM
271,32,CREDIT,Esperansa,Ivana,0.00,30.00,,9/3/25 1:48 PM,9/3/25 1:15 PM
280,,CREDIT,Daniela,Daniela,0.00,10.81,,9/3/25 1:48 PM,9/3/25 1:48 PM
271,32,CASH,Esperansa,Esperansa,0.00,19.21,,9/3/25 1:48 PM,9/3/25 1:15 PM
278,21,CREDIT,Norma,Norma,5.00,20.54,,9/3/25 1:57 PM,9/3/25 1:34 PM
292,,CASH,Daniela,Daniela,0.00,10.81,,9/3/25 1:57 PM,9/3/25 1:57 PM
289,,CREDIT,Ivana,Ivana,0.00,19.76,,9/3/25 1:58 PM,9/3/25 1:55 PM
276,33,CREDIT,Rosa,Rosa,3.12,19.13,,9/3/25 1:58 PM,9/3/25 1:28 PM
,,CASH_COLLECTED,Daniela,Daniela,0.00,532.99*,House,9/3/25 1:59 PM,9/3/25 1:59 PM
,,TIP_OUT,Daniela,Daniela,-19.00,0.00,House,9/3/25 1:59 PM,9/3/25 1:59 PM
,,CLOSE_OUT_EXACT,Ivana,,0.00,0.00,Front Left,9/3/25 2:02 PM,9/3/25 2:02 PM
259,9,CASH,Rosa,Rosa,0.00,16.97,,9/3/25 2:02 PM,9/3/25 12:59 PM
,,TIP_OUT,Ivana,Ivana,-11.44,0.00,House,9/3/25 2:04 PM,9/3/25 2:04 PM
282,18,CASH,Esperansa,Esperansa,0.00,35.67,,9/3/25 2:04 PM,9/3/25 1:37 PM
293,18,CASH,Esperansa,Esperansa,0.00,0.27,,9/3/25 2:04 PM,9/3/25 2:04 PM
216,18,CREDIT,Esperansa,Esperansa,5.00,32.60,,9/3/25 2:06 PM,9/3/25 11:41 AM
285,26,CREDIT,Rosa,Rosa,3.00,15.13,,9/3/25 2:10 PM,9/3/25 1:47 PM
295,,CREDIT,Lizeth,Lizeth,0.00,35.67,,9/3/25 2:14 PM,9/3/25 2:13 PM
288,39,CREDIT,Norma,Norma,5.00,28.67,,9/3/25 2:19 PM,9/3/25 1:53 PM
284,24,CASH,Norma,Norma,0.00,29.20,,9/3/25 2:20 PM,9/3/25 1:45 PM
283,7,CASH,Rosa,Rosa,0.00,26.92,,9/3/25 2:23 PM,9/3/25 1:39 PM
299,,CREDIT,Lizeth,Lizeth,0.00,21.30,,9/3/25 2:24 PM,9/3/25 2:24 PM
294,18,CREDIT,Juan ,Juan ,0.00,7.99,,9/3/25 2:24 PM,9/3/25 2:07 PM
,,CASH_COLLECTED,Norma,Norma,0.00,105.09*,House,9/3/25 2:30 PM,9/3/25 2:30 PM
,,TIP_OUT,Norma,Norma,-146.17,0.00,House,9/3/25 2:30 PM,9/3/25 2:30 PM
301,,CASH,Lizeth,Lizeth,0.00,19.87,Drive Box,9/3/25 2:32 PM,9/3/25 2:31 PM
300,,CREDIT,Lizeth,Lizeth,0.00,11.17,,9/3/25 2:33 PM,9/3/25 2:28 PM
291,8,CASH,Rosa,Rosa,0.00,50.67,,9/3/25 2:34 PM,9/3/25 1:56 PM
,,CASH_COLLECTED,Rosa,Rosa,0.00,226.80*,House,9/3/25 2:37 PM,9/3/25 2:37 PM
,,TIP_OUT,Rosa,Rosa,-57.67,0.00,House,9/3/25 2:37 PM,9/3/25 2:37 PM
290,17,CREDIT,Esperansa,Esperansa,5.00,34.05,,9/3/25 2:38 PM,9/3/25 1:58 PM
296,23,CREDIT,Juan ,Juan ,0.00,18.05,,9/3/25 2:39 PM,9/3/25 2:17 PM
287,37,CREDIT,Esperansa,Esperansa,0.00,29.93,,9/3/25 2:39 PM,9/3/25 1:49 PM
302,1,CASH,Esperansa,Esperansa,0.00,9.06,,9/3/25 2:42 PM,9/3/25 2:42 PM
,,CASH_COLLECTED,Esperansa,Esperansa,0.00,163.55*,House,9/3/25 2:44 PM,9/3/25 2:44 PM
,,TIP_OUT,Esperansa,Esperansa,-54.27,0.00,House,9/3/25 2:44 PM,9/3/25 2:44 PM
297,11,CASH,Sergio,Sergio,0.00,20.56,,9/3/25 2:50 PM,9/3/25 2:19 PM
303,,CASH,Lizeth,Lizeth,0.00,30.14,Drive Box,9/3/25 3:23 PM,9/3/25 3:22 PM
306,,CREDIT,Lizeth,Lizeth,0.00,36.21,,9/3/25 3:29 PM,9/3/25 3:26 PM
305,,CREDIT,Juan ,Juan ,0.00,29.19,,9/3/25 3:30 PM,9/3/25 3:25 PM
308,,CREDIT,Lizeth,Lizeth,0.00,6.26,,9/3/25 3:47 PM,9/3/25 3:46 PM
309,,CASH,Lizeth,Lizeth,0.00,19.85,Drive Box,9/3/25 3:51 PM,9/3/25 3:42 PM
307,24,CASH,Juan ,Juan ,0.00,24.09,,9/3/25 3:56 PM,9/3/25 3:32 PM
311,,CREDIT,Lizeth,Lizeth,0.00,6.89,,9/3/25 3:58 PM,9/3/25 3:57 PM
312,,CREDIT,Lizeth,Lizeth,0.00,11.74,,9/3/25 4:13 PM,9/3/25 4:12 PM
315,,CASH,Lizeth,Lizeth,0.00,19.45,Drive Box,9/3/25 4:20 PM,9/3/25 4:19 PM
316,,CREDIT,Lizeth,Lizeth,2.50,12.43,,9/3/25 4:27 PM,9/3/25 4:25 PM
310,,CREDIT,Lizeth,Lizeth,0.00,15.42,,9/3/25 4:42 PM,9/3/25 4:41 PM
320,,CREDIT,Juan ,Juan ,0.00,13.23,,9/3/25 4:46 PM,9/3/25 4:44 PM
314,,CASH,Lizeth,Lizeth,0.00,35.23,Drive Box,9/3/25 4:59 PM,9/3/25 4:17 PM
321,,CREDIT,Lizeth,Lizeth,1.00,14.06,,9/3/25 5:00 PM,9/3/25 4:56 PM
324,,CREDIT,Juan ,Juan ,3.00,18.38,,9/3/25 5:02 PM,9/3/25 5:02 PM
318,42,CREDIT,Sergio,Sergio,0.00,21.57,,9/3/25 5:03 PM,9/3/25 4:28 PM
325,42,CREDIT,Sergio,Sergio,0.00,27.79,,9/3/25 5:04 PM,9/3/25 5:02 PM
323,42,CASH,Sergio,Sergio,0.00,21.09,,9/3/25 5:06 PM,9/3/25 4:59 PM
327,,CREDIT,Lizeth,Lizeth,1.00,11.90,,9/3/25 5:07 PM,9/3/25 5:04 PM
328,35,CREDIT,Juan ,Juan ,0.00,16.74,,9/3/25 5:12 PM,9/3/25 5:11 PM
334,,CREDIT,Lizeth,Lizeth,2.00,20.41,,9/3/25 5:35 PM,9/3/25 5:35 PM
335,,CREDIT,Lizeth,Lizeth,0.00,7.75,,9/3/25 5:42 PM,9/3/25 5:35 PM
336,,CREDIT,Lizeth,Lizeth,0.00,17.31,,9/3/25 5:45 PM,9/3/25 5:38 PM
329,25,CREDIT,Sergio,Sergio,4.00,18.32,,9/3/25 5:46 PM,9/3/25 5:10 PM
338,31,CREDIT,Sergio,Sergio,0.00,36.49,,9/3/25 5:47 PM,9/3/25 5:43 PM
313,31,CREDIT,Sergio,Sergio,0.00,35.21,,9/3/25 5:48 PM,9/3/25 4:17 PM
340,31,CREDIT,Sergio,Sergio,0.00,32.86,,9/3/25 5:49 PM,9/3/25 5:43 PM
331,23,CREDIT,Juan ,Juan ,3.00,42.97,,9/3/25 5:49 PM,9/3/25 5:25 PM
337,,CASH,Lizeth,Lizeth,0.00,13.44,Drive Box,9/3/25 5:50 PM,9/3/25 5:40 PM
332,33,CREDIT,Juan ,,2.00,30.24,,9/3/25 5:53 PM,9/3/25 5:28 PM
342,,CREDIT,Lizeth,Lizeth,0.00,11.43,,9/3/25 5:53 PM,9/3/25 5:53 PM
326,42,CREDIT,Sergio,Sergio,0.00,48.01,,9/3/25 6:01 PM,9/3/25 5:02 PM
330,9,CREDIT,Sergio,Sergio,2.16,37.84,,9/3/25 6:15 PM,9/3/25 5:22 PM
344,,CREDIT,Lizeth,Lizeth,0.00,30.29,,9/3/25 6:24 PM,9/3/25 6:24 PM
339,37,CASH,Juan ,Juan ,0.00,37.04,,9/3/25 6:27 PM,9/3/25 5:43 PM
341,7,CREDIT,Sergio,Sergio,7.00,35.10,,9/3/25 6:36 PM,9/3/25 5:52 PM
298,,CREDIT,Lizeth,Lizeth,1.00,10.81,,9/3/25 6:39 PM,9/3/25 2:23 PM
322,,CASH,Lizeth,Lizeth,0.00,17.79,Drive Box,9/3/25 6:46 PM,9/3/25 6:43 PM
361,,CASH,Mayra,Mayra,0.00,10.60,Front Left (2),9/3/25 6:47 PM,9/3/25 6:47 PM
345,18,CREDIT,Juan ,Juan ,8.00,44.32,,9/3/25 6:53 PM,9/3/25 6:09 PM
363,,CREDIT,Lizeth,Lizeth,0.00,51.68,,9/3/25 6:56 PM,9/3/25 6:56 PM
333,17,CASH,Sergio,Sergio,0.00,42.62,,9/3/25 6:57 PM,9/3/25 5:29 PM
343,24,CASH,Sergio,Sergio,0.00,38.93,,9/3/25 6:57 PM,9/3/25 5:56 PM
352,,CREDIT,Juan ,Juan ,0.00,43.29,,9/3/25 6:57 PM,9/3/25 6:25 PM
351,22,CREDIT,Juan ,Juan ,8.00,42.94,,9/3/25 7:00 PM,9/3/25 6:24 PM
364,,CASH,Lizeth,Lizeth,0.00,36.45,Drive Box,9/3/25 7:07 PM,9/3/25 6:59 PM
355,38,CREDIT,Mayra,Mayra,0.00,32.32,,9/3/25 7:08 PM,9/3/25 6:39 PM
366,,CREDIT,Lizeth,Lizeth,0.00,34.90,,9/3/25 7:11 PM,9/3/25 7:03 PM
350,25,CASH,Mayra,Mayra,0.00,39.09,,9/3/25 7:15 PM,9/3/25 6:23 PM
359,,CREDIT,Lizeth,Lizeth,0.00,35.43,,9/3/25 7:21 PM,9/3/25 7:20 PM
358,32,CREDIT,Juan ,Juan ,7.00,44.34,,9/3/25 7:21 PM,9/3/25 6:42 PM
346,39,CREDIT,Juan ,Juan ,5.00,32.45,,9/3/25 7:22 PM,9/3/25 6:11 PM
362,33,CREDIT,Mayra,Mayra,5.00,35.56,,9/3/25 7:25 PM,9/3/25 6:55 PM
376,,CASH,Lizeth,Lizeth,0.00,15.14,Drive Box,9/3/25 7:28 PM,9/3/25 7:25 PM
370,10,CREDIT,Sergio,,0.00,11.85,,9/3/25 7:33 PM,9/3/25 7:05 PM
377,,CREDIT,Lizeth,Lizeth,0.00,48.94,,9/3/25 7:34 PM,9/3/25 7:27 PM
371,10,CREDIT,Sergio,,0.00,25.17,,9/3/25 7:34 PM,9/3/25 7:05 PM
367,10,CREDIT,Sergio,Sergio,0.00,28.12,,9/3/25 7:34 PM,9/3/25 7:05 PM
347,31,CREDIT,Juan ,Juan ,0.00,64.28,,9/3/25 7:35 PM,9/3/25 6:19 PM
353,10,CREDIT,Sergio,Sergio,0.00,53.80,,9/3/25 7:35 PM,9/3/25 6:31 PM
368,10,CREDIT,Sergio,Sergio,0.00,38.38,,9/3/25 7:37 PM,9/3/25 7:05 PM
369,10,CREDIT,Sergio,Sergio,0.00,69.78,,9/3/25 7:39 PM,9/3/25 7:05 PM
348,31,CREDIT,Juan ,Juan ,0.00,83.51,,9/3/25 7:39 PM,9/3/25 6:19 PM
349,31,CREDIT,Juan ,Juan ,5.00,45.46,,9/3/25 7:39 PM,9/3/25 6:19 PM
378,,CASH,Lizeth,Lizeth,0.00,9.72,Drive Box,9/3/25 7:43 PM,9/3/25 7:28 PM
372,9,CREDIT,Sergio,Sergio,0.00,23.35,,9/3/25 7:43 PM,9/3/25 7:11 PM
379,,CREDIT,Lizeth,Lizeth,2.00,28.12,,9/3/25 7:44 PM,9/3/25 7:29 PM
360,3,CREDIT,Juan ,Juan ,10.00,111.50,,9/3/25 7:56 PM,9/3/25 6:47 PM
381,23,CREDIT,Mayra,Mayra,5.00,33.43,,9/3/25 8:00 PM,9/3/25 7:37 PM
373,37,CREDIT,Mayra,Mayra,0.00,31.89,,9/3/25 8:00 PM,9/3/25 7:11 PM
374,24,CREDIT,Juan ,Mayra,5.88,34.59,,9/3/25 8:02 PM,9/3/25 7:16 PM
383,,CREDIT,Lizeth,Lizeth,2.00,14.54,,9/3/25 8:10 PM,9/3/25 8:10 PM
385,,CREDIT,Lizeth,Lizeth,3.00,22.35,,9/3/25 8:19 PM,9/3/25 8:19 PM
386,,CASH,Mayra,Mayra,0.00,16.20,Front Left (2),9/3/25 8:21 PM,9/3/25 8:21 PM
365,36,CREDIT,Sergio,,5.00,4.65,,9/3/25 8:24 PM,9/3/25 7:01 PM
388,,CREDIT,Lizeth,Lizeth,0.00,12.98,,9/3/25 8:30 PM,9/3/25 8:30 PM
382,33,CREDIT,Mayra,Mayra,0.00,27.13,,9/3/25 8:40 PM,9/3/25 7:59 PM
387,39,CREDIT,Sergio,Sergio,4.83,22.17,,9/3/25 8:43 PM,9/3/25 8:24 PM
384,32,CASH,Sergio,Sergio,0.00,23.78,,9/3/25 8:45 PM,9/3/25 8:16 PM
,,CASH_COLLECTED,Sergio,Sergio,0.00,146.98*,House,9/3/25 8:49 PM,9/3/25 8:49 PM
,,TIP_OUT,Sergio,Sergio,-74.73,0.00,House,9/3/25 8:49 PM,9/3/25 8:49 PM
,,TIP_OUT,Lizeth,Lizeth,-14.50,0.00,House,9/3/25 9:05 PM,9/3/25 9:05 PM
,,CASH_COLLECTED,Juan ,Juan ,0.00,61.13*,House,9/3/25 9:07 PM,9/3/25 9:07 PM
,,TIP_OUT,Juan ,Juan ,-104.79,0.00,House,9/3/25 9:07 PM,9/3/25 9:07 PM
,,CASH_COLLECTED,Mayra,Mayra,0.00,39.09*,House,9/3/25 9:30 PM,9/3/25 9:30 PM
,,TIP_OUT,Mayra,Mayra,-10.00,0.00,House,9/3/25 9:30 PM,9/3/25 9:30 PM
,,CLOSE_OUT_EXACT,Mayra,,0.00,0.00,Front Left (2),9/3/25 9:32 PM,9/3/25 9:32 PM
,,CLOSE_OUT_EXACT,Mayra,,0.00,0.00,Drive Box,9/3/25 9:32 PM,9/3/25 9:32 PM
,,TOTAL,,,-130.26,6686.97,,,
