Location,Order #,Opened,Server,Table,Revenue Center,Discount Amount,Amount,Tax,Tip,Gratuity,Duration (Opened to Paid)
Tink-a-Tako - Potranco,1,9/3/25 6:34 AM,Norma Vasquez,,Dining Room,0.00,8.77,0.73,5.00,0.00,00:00:35
Tink-a-Tako - Potranco,2,9/3/25 6:34 AM,Norma Vasquez,,Dining Room,0.00,24.78,2.04,0.00,0.00,00:26:01
Tink-a-Tako - Potranco,3,9/3/25 6:41 AM,Norma Vasquez,,Dining Room,0.00,9.96,0.83,0.00,0.00,00:01:59
Tink-a-Tako - Potranco,5,9/3/25 6:48 AM,Daniela Torres,,Dining Room,0.00,3.98,0.33,0.00,0.00,00:02:57
Tink-a-Tako - Potranco,4,9/3/25 6:47 AM,Daniela Torres,,Dining Room,0.00,1.99,0.16,0.00,0.00,00:01:56
Tink-a-Tako - Potranco,6,9/3/25 6:48 AM,Daniela Torres,,Dining Room,0.00,8.67,0.72,0.00,0.00,00:03:37
Tink-a-Tako - Potranco,7,9/3/25 6:48 AM,Daniela Torres,,Dining Room,0.00,20.43,1.68,0.00,0.00,00:06:05
Tink-a-Tako - Potranco,8,9/3/25 6:54 AM,Daniela Torres,,Dining Room,0.00,17.93,1.48,0.00,0.00,00:01:38
Tink-a-Tako - Potranco,9,9/3/25 6:55 AM,Daniela Torres,,Dining Room,0.00,3.49,0.29,0.00,0.00,00:03:03
Tink-a-Tako - Potranco,10,9/3/25 6:55 AM,Daniela Torres,,Dining Room,0.00,7.28,0.60,0.00,0.00,00:04:05
Tink-a-Tako - Potranco,11,9/3/25 7:02 AM,Daniela Torres,,Dining Room,0.00,8.96,0.74,0.00,0.00,00:01:54
Tink-a-Tako - Potranco,12,9/3/25 7:04 AM,Daniela Torres,,Dining Room,0.00,5.57,0.46,0.00,0.00,00:03:01
Tink-a-Tako - Potranco,14,9/3/25 7:08 AM,Daniela Torres,,Dining Room,0.00,2.99,0.25,0.00,0.00,00:01:13
Tink-a-Tako - Potranco,15,9/3/25 7:08 AM,Daniela Torres,,Dining Room,0.00,6.77,0.56,1.00,0.00,00:03:19
Tink-a-Tako - Potranco,13,9/3/25 7:04 AM,Daniela Torres,,Dining Room,0.00,7.67,0.63,0.00,0.00,00:09:39
Tink-a-Tako - Potranco,16,9/3/25 7:08 AM,Norma Vasquez,,Dining Room,0.00,15.94,1.31,0.00,0.00,00:00:34
Tink-a-Tako - Potranco,17,9/3/25 7:14 AM,Daniela Torres,,Dining Room,0.00,6.57,0.54,2.00,0.00,00:01:12
Tink-a-Tako - Potranco,18,9/3/25 7:14 AM,Daniela Torres,,Dining Room,0.00,15.83,1.30,0.00,0.00,00:06:33
Tink-a-Tako - Potranco,19,9/3/25 7:21 AM,Daniela Torres,,Dining Room,0.00,6.48,0.54,0.00,0.00,00:01:51
Tink-a-Tako - Potranco,20,9/3/25 7:22 AM,Daniela Torres,,Dining Room,0.00,20.66,1.70,0.00,0.00,00:02:59
Tink-a-Tako - Potranco,21,9/3/25 7:27 AM,Daniela Torres,,Dining Room,0.00,4.08,0.34,0.00,0.00,00:01:32
Tink-a-Tako - Potranco,22,9/3/25 7:28 AM,Daniela Torres,,Dining Room,0.00,7.77,0.64,0.00,0.00,00:01:29
Tink-a-Tako - Potranco,23,9/3/25 7:33 AM,Daniela Torres,,Dining Room,0.00,3.78,0.31,0.00,0.00,00:01:39
Tink-a-Tako - Potranco,24,9/3/25 7:35 AM,Daniela Torres,,Dining Room,0.00,4.79,0.40,0.00,0.00,00:00:54
Tink-a-Tako - Potranco,25,9/3/25 7:35 AM,Daniela Torres,,Dining Room,0.00,3.98,0.33,0.00,0.00,00:03:01
Tink-a-Tako - Potranco,26,9/3/25 7:36 AM,Norma Vasquez,,Dining Room,0.00,5.97,0.49,0.54,0.00,00:00:24
Tink-a-Tako - Potranco,27,9/3/25 7:37 AM,Norma Vasquez,24,Dining Room,0.00,23.93,1.98,5.00,0.00,00:25:23
Tink-a-Tako - Potranco,28,9/3/25 7:40 AM,Daniela Torres,,Dining Room,0.00,18.06,1.48,0.00,0.00,00:02:21
Tink-a-Tako - Potranco,29,9/3/25 7:40 AM,Daniela Torres,,Dining Room,0.00,9.55,0.79,0.00,0.00,00:04:26
Tink-a-Tako - Potranco,30,9/3/25 7:41 AM,Daniela Torres,,Dining Room,0.00,10.96,0.90,0.00,0.00,00:03:58
Tink-a-Tako - Potranco,31,9/3/25 7:42 AM,Daniela Torres,,Dining Room,0.00,6.27,0.52,0.00,0.00,00:06:27
Tink-a-Tako - Potranco,32,9/3/25 7:43 AM,Daniela Torres,,Dining Room,0.00,7.43,0.60,0.00,0.00,00:05:47
Tink-a-Tako - Potranco,33,9/3/25 7:45 AM,Daniela Torres,,Dining Room,0.00,2.49,0.21,0.00,0.00,00:04:39
Tink-a-Tako - Potranco,34,9/3/25 7:46 AM,Daniela Torres,,Dining Room,0.00,7.47,0.62,0.00,0.00,00:04:51
Tink-a-Tako - Potranco,36,9/3/25 7:47 AM,Norma Vasquez,10,Dining Room,0.00,28.91,2.38,2.00,0.00,00:35:44
Tink-a-Tako - Potranco,37,9/3/25 7:49 AM,Daniela Torres,,Dining Room,0.00,4.98,0.41,0.00,0.00,00:02:14
Tink-a-Tako - Potranco,38,9/3/25 7:53 AM,Daniela Torres,,Dining Room,0.00,2.49,0.21,0.00,0.00,00:01:17
Tink-a-Tako - Potranco,39,9/3/25 7:53 AM,Daniela Torres,,Dining Room,0.00,3.98,0.32,0.00,0.00,00:01:08
Tink-a-Tako - Potranco,41,9/3/25 7:54 AM,Norma Vasquez,,Dining Room,0.00,4.38,0.36,0.00,0.00,00:13:46
Tink-a-Tako - Potranco,42,9/3/25 7:56 AM,Daniela Torres,,Dining Room,0.00,12.57,1.04,0.00,0.00,00:00:41
Tink-a-Tako - Potranco,43,9/3/25 7:59 AM,Daniela Torres,,Dining Room,0.00,12.95,1.07,0.00,0.00,00:03:56
Tink-a-Tako - Potranco,44,9/3/25 8:01 AM,Daniela Torres,,Dining Room,0.00,9.66,0.78,0.00,0.00,00:03:56
Tink-a-Tako - Potranco,45,9/3/25 8:02 AM,Daniela Torres,,Dining Room,0.00,9.55,0.79,0.00,0.00,00:04:03
Tink-a-Tako - Potranco,46,9/3/25 8:02 AM,Daniela Torres,,Dining Room,0.00,5.97,0.49,0.00,0.00,00:04:31
Tink-a-Tako - Potranco,48,9/3/25 8:05 AM,Daniela Torres,,Dining Room,0.00,10.98,0.91,0.00,0.00,00:02:07
Tink-a-Tako - Potranco,50,9/3/25 8:07 AM,Daniela Torres,,Dining Room,0.00,3.98,0.33,0.00,0.00,00:02:59
Tink-a-Tako - Potranco,49,9/3/25 8:07 AM,Ivana Abundiz,,Dining Room,0.00,13.27,1.09,2.00,0.00,00:18:40
Tink-a-Tako - Potranco,51,9/3/25 8:10 AM,Daniela Torres,,Dining Room,0.00,1.99,0.16,0.00,0.00,00:01:02
Tink-a-Tako - Potranco,52,9/3/25 8:10 AM,Ivana Abundiz,,Dining Room,0.00,7.98,0.66,0.00,0.00,00:00:24
Tink-a-Tako - Potranco,53,9/3/25 8:10 AM,Daniela Torres,,Dining Room,0.00,4.48,0.37,0.00,0.00,00:01:59
Tink-a-Tako - Potranco,54,9/3/25 8:13 AM,Daniela Torres,,Dining Room,0.00,7.77,0.65,5.00,0.00,00:05:08
Tink-a-Tako - Potranco,56,9/3/25 8:14 AM,Norma Vasquez,34,Dining Room,0.00,23.96,1.98,0.00,0.00,00:53:31
Tink-a-Tako - Potranco,55,9/3/25 8:13 AM,Daniela Torres,,Dining Room,0.00,20.22,1.67,0.00,0.00,00:05:43
Tink-a-Tako - Potranco,57,9/3/25 8:14 AM,Norma Vasquez,9,Dining Room,0.00,39.03,3.21,8.00,0.00,00:33:46
Tink-a-Tako - Potranco,58,9/3/25 8:17 AM,Daniela Torres,,Dining Room,0.00,7.18,0.59,0.00,0.00,00:06:08
Tink-a-Tako - Potranco,59,9/3/25 8:17 AM,Daniela Torres,,Dining Room,0.00,10.83,0.90,0.00,0.00,00:08:03
Tink-a-Tako - Potranco,60,9/3/25 8:19 AM,Daniela Torres,,Dining Room,0.00,1.79,0.15,0.00,0.00,00:07:02
Tink-a-Tako - Potranco,61,9/3/25 8:19 AM,Daniela Torres,,Dining Room,0.00,7.56,0.63,0.00,0.00,00:07:26
Tink-a-Tako - Potranco,62,9/3/25 8:23 AM,Daniela Torres,,Dining Room,0.00,17.33,1.43,0.00,0.00,00:05:08
Tink-a-Tako - Potranco,63,9/3/25 8:24 AM,Ivana Abundiz,,Dining Room,0.00,8.44,0.69,0.00,0.00,00:08:18
Tink-a-Tako - Potranco,65,9/3/25 8:27 AM,Daniela Torres,,Dining Room,0.00,6.88,0.56,0.00,0.00,00:03:06
Tink-a-Tako - Potranco,66,9/3/25 8:27 AM,Ivana Abundiz,,Dining Room,0.00,3.98,0.33,0.00,0.00,00:08:21
Tink-a-Tako - Potranco,67,9/3/25 8:28 AM,Daniela Torres,,Dining Room,0.00,9.96,0.82,0.00,0.00,00:03:12
Tink-a-Tako - Potranco,64,9/3/25 8:25 AM,Ivana Abundiz,,Dining Room,0.00,27.92,2.30,0.00,0.00,00:04:23
Tink-a-Tako - Potranco,68,9/3/25 8:34 AM,Esperansa Caviedes,23,Dining Room,0.00,24.95,2.06,0.00,0.00,00:54:26
Tink-a-Tako - Potranco,69,9/3/25 8:35 AM,Daniela Torres,,Dining Room,0.00,19.10,1.57,0.00,0.00,00:02:11
Tink-a-Tako - Potranco,70,9/3/25 8:41 AM,Rosa Compean,32,Dining Room,0.00,12.92,1.08,3.00,0.00,00:24:19
Tink-a-Tako - Potranco,71,9/3/25 8:42 AM,Norma Vasquez,40,Dining Room,0.00,74.87,6.16,9.59,14.98,00:54:43
Tink-a-Tako - Potranco,79,9/3/25 8:44 AM,Norma Vasquez,41,Dining Room,0.00,78.18,6.42,17.35,15.63,00:46:54
Tink-a-Tako - Potranco,90,9/3/25 8:46 AM,Daniela Torres,,Dining Room,0.00,8.97,0.74,0.00,0.00,00:02:04
Tink-a-Tako - Potranco,91,9/3/25 8:47 AM,Daniela Torres,,Dining Room,0.00,12.17,1.00,0.00,0.00,00:05:31
Tink-a-Tako - Potranco,93,9/3/25 8:52 AM,Daniela Torres,,Dining Room,0.00,14.06,1.15,0.00,0.00,00:05:16
Tink-a-Tako - Potranco,94,9/3/25 8:52 AM,Daniela Torres,,Dining Room,0.00,7.88,0.65,0.00,0.00,00:05:23
Tink-a-Tako - Potranco,95,9/3/25 8:52 AM,Daniela Torres,,Dining Room,0.00,9.37,0.77,0.00,0.00,00:07:23
Tink-a-Tako - Potranco,96,9/3/25 8:54 AM,Daniela Torres,,Dining Room,0.00,3.98,0.32,0.00,0.00,00:07:38
Tink-a-Tako - Potranco,97,9/3/25 8:57 AM,Daniela Torres,,Dining Room,0.00,8.17,0.67,0.00,0.00,00:06:40
Tink-a-Tako - Potranco,98,9/3/25 8:59 AM,Daniela Torres,,Dining Room,0.00,5.97,0.49,0.00,0.00,00:05:37
Tink-a-Tako - Potranco,99,9/3/25 8:59 AM,Ivana Abundiz,,Dining Room,0.00,8.43,0.69,0.00,0.00,00:06:48
Tink-a-Tako - Potranco,100,9/3/25 9:02 AM,Daniela Torres,,Dining Room,0.00,12.94,1.07,0.00,0.00,00:05:21
Tink-a-Tako - Potranco,102,9/3/25 9:04 AM,Daniela Torres,,Dining Room,0.00,7.99,0.66,0.00,0.00,00:04:37
Tink-a-Tako - Potranco,101,9/3/25 9:03 AM,Ivana Abundiz,,Dining Room,4.78,0.00,0.00,0.00,0.00,05:00:25
Tink-a-Tako - Potranco,103,9/3/25 9:05 AM,Daniela Torres,,Dining Room,0.00,9.55,0.79,0.00,0.00,00:05:29
Tink-a-Tako - Potranco,104,9/3/25 9:05 AM,Daniela Torres,,Dining Room,0.00,2.49,0.20,0.00,0.00,00:05:45
Tink-a-Tako - Potranco,105,9/3/25 9:05 AM,Daniela Torres,,Dining Room,0.00,6.58,0.55,0.00,0.00,00:06:21
Tink-a-Tako - Potranco,106,9/3/25 9:08 AM,Esperansa Caviedes,8,Dining Room,0.00,19.65,1.61,5.00,0.00,00:48:03
Tink-a-Tako - Potranco,108,9/3/25 9:09 AM,Daniela Torres,,Dining Room,1.19,10.75,0.89,0.00,0.00,00:03:18
Tink-a-Tako - Potranco,107,9/3/25 9:09 AM,Norma Vasquez,22,Dining Room,0.00,25.55,2.11,5.62,0.00,00:24:51
Tink-a-Tako - Potranco,109,9/3/25 9:10 AM,Daniela Torres,,Dining Room,0.00,12.36,1.01,0.00,0.00,00:09:00
Tink-a-Tako - Potranco,110,9/3/25 9:11 AM,Rosa Compean,24,Dining Room,0.00,22.92,1.89,0.00,0.00,00:57:52
Tink-a-Tako - Potranco,111,9/3/25 9:12 AM,Daniela Torres,,Dining Room,0.00,5.98,0.49,0.00,0.00,00:07:47
Tink-a-Tako - Potranco,112,9/3/25 9:13 AM,Norma Vasquez,11,Dining Room,0.00,19.96,1.66,3.38,0.00,00:23:35
Tink-a-Tako - Potranco,113,9/3/25 9:14 AM,Ivana Abundiz,,Dining Room,0.00,13.45,1.11,1.44,0.00,00:00:43
Tink-a-Tako - Potranco,115,9/3/25 9:19 AM,Rosa Compean,17,Dining Room,0.00,10.95,0.89,0.00,0.00,00:32:39
Tink-a-Tako - Potranco,114,9/3/25 9:18 AM,Esperansa Caviedes,25,Dining Room,0.00,28.96,2.39,0.00,0.00,00:41:35
Tink-a-Tako - Potranco,116,9/3/25 9:19 AM,Daniela Torres,,Dining Room,0.00,10.25,0.85,0.00,0.00,00:03:41
Tink-a-Tako - Potranco,117,9/3/25 9:20 AM,Daniela Torres,,Dining Room,0.00,6.38,0.52,0.00,0.00,00:00:34
Tink-a-Tako - Potranco,118,9/3/25 9:20 AM,Daniela Torres,,Dining Room,0.00,14.35,1.18,0.00,0.00,00:03:25
Tink-a-Tako - Potranco,120,9/3/25 9:26 AM,Daniela Torres,,Dining Room,0.00,3.98,0.32,0.00,0.00,00:01:23
Tink-a-Tako - Potranco,119,9/3/25 9:25 AM,Norma Vasquez,9,Dining Room,0.00,30.95,2.56,0.00,0.00,00:36:30
Tink-a-Tako - Potranco,121,9/3/25 9:26 AM,Daniela Torres,,Dining Room,0.00,15.84,1.31,2.00,0.00,00:03:23
Tink-a-Tako - Potranco,122,9/3/25 9:26 AM,Daniela Torres,,Dining Room,0.00,11.36,0.93,0.00,0.00,00:05:51
Tink-a-Tako - Potranco,123,9/3/25 9:27 AM,Ivana Abundiz,,Dining Room,0.00,11.96,0.99,1.00,0.00,00:13:51
Tink-a-Tako - Potranco,125,9/3/25 9:29 AM,Daniela Torres,,Dining Room,0.00,5.58,0.46,0.00,0.00,00:04:43
Tink-a-Tako - Potranco,124,9/3/25 9:28 AM,Esperansa Caviedes,23,Dining Room,0.00,46.43,3.83,5.00,0.00,00:33:09
Tink-a-Tako - Potranco,126,9/3/25 9:29 AM,Daniela Torres,,Dining Room,0.00,3.58,0.30,0.00,0.00,00:04:49
Tink-a-Tako - Potranco,128,9/3/25 9:39 AM,Daniela Torres,,Dining Room,0.00,24.21,1.99,0.00,0.00,00:01:22
Tink-a-Tako - Potranco,129,9/3/25 9:44 AM,Rosa Compean,37,Dining Room,0.00,29.94,2.49,0.00,0.00,03:04:51
Tink-a-Tako - Potranco,130,9/3/25 9:46 AM,Daniela Torres,,Dining Room,0.00,20.37,1.68,2.00,0.00,00:04:26
Tink-a-Tako - Potranco,131,9/3/25 9:47 AM,Daniela Torres,,Dining Room,0.00,8.78,0.73,0.00,0.00,00:07:05
Tink-a-Tako - Potranco,132,9/3/25 9:48 AM,Daniela Torres,,Dining Room,0.00,10.96,0.90,0.00,0.00,00:07:15
Tink-a-Tako - Potranco,133,9/3/25 9:48 AM,Ivana Abundiz,,Dining Room,0.00,10.66,0.88,0.00,0.00,00:08:18
Tink-a-Tako - Potranco,134,9/3/25 9:49 AM,Daniela Torres,,Dining Room,0.00,16.45,1.36,0.00,0.00,00:07:17
Tink-a-Tako - Potranco,135,9/3/25 9:51 AM,Daniela Torres,,Dining Room,0.00,17.23,1.42,0.00,0.00,00:09:16
Tink-a-Tako - Potranco,137,9/3/25 9:51 AM,Norma Vasquez,17,Dining Room,0.00,18.17,1.50,0.00,0.00,00:34:06
Tink-a-Tako - Potranco,138,9/3/25 9:53 AM,Daniela Torres,,Dining Room,0.00,13.12,1.08,0.00,0.00,00:07:41
Tink-a-Tako - Potranco,139,9/3/25 9:55 AM,Daniela Torres,,Dining Room,0.00,10.13,0.83,0.00,0.00,00:06:48
Tink-a-Tako - Potranco,140,9/3/25 9:56 AM,Daniela Torres,,Dining Room,0.00,11.57,0.96,0.00,0.00,00:07:42
Tink-a-Tako - Potranco,141,9/3/25 9:57 AM,Esperansa Caviedes,7,Dining Room,0.00,31.96,2.64,0.00,0.00,00:40:49
Tink-a-Tako - Potranco,142,9/3/25 9:59 AM,Rosa Compean,33,Dining Room,0.00,12.76,1.06,2.55,0.00,00:25:09
Tink-a-Tako - Potranco,143,9/3/25 10:00 AM,Daniela Torres,,Dining Room,0.00,15.96,1.31,0.00,0.00,00:03:59
Tink-a-Tako - Potranco,145,9/3/25 10:00 AM,Norma Vasquez,32,Dining Room,0.00,20.75,1.71,5.00,0.00,00:39:32
Tink-a-Tako - Potranco,146,9/3/25 10:01 AM,Daniela Torres,,Dining Room,0.00,17.52,1.45,0.00,0.00,00:05:49
Tink-a-Tako - Potranco,147,9/3/25 10:03 AM,Daniela Torres,,Dining Room,0.00,9.97,0.82,0.00,0.00,00:04:58
Tink-a-Tako - Potranco,148,9/3/25 10:06 AM,Rosa Compean,19,Dining Room,0.00,61.23,5.05,10.00,0.00,00:35:42
Tink-a-Tako - Potranco,149,9/3/25 10:06 AM,Rosa Compean,10,Dining Room,0.00,16.93,1.39,3.00,0.00,04:17:35
Tink-a-Tako - Potranco,150,9/3/25 10:06 AM,Esperansa Caviedes,22,Dining Room,0.00,24.67,2.03,5.00,0.00,00:42:16
Tink-a-Tako - Potranco,151,9/3/25 10:08 AM,Daniela Torres,,Dining Room,0.00,16.84,1.38,0.00,0.00,00:01:44
Tink-a-Tako - Potranco,152,9/3/25 10:10 AM,Daniela Torres,,Dining Room,0.00,7.97,0.65,0.00,0.00,00:04:34
Tink-a-Tako - Potranco,153,9/3/25 10:12 AM,Norma Vasquez,25,Dining Room,0.00,12.25,1.01,0.00,0.00,00:33:49
Tink-a-Tako - Potranco,154,9/3/25 10:13 AM,Daniela Torres,,Dining Room,0.00,10.99,0.91,0.00,0.00,00:03:20
Tink-a-Tako - Potranco,155,9/3/25 10:13 AM,Daniela Torres,,Dining Room,0.00,3.98,0.33,0.00,0.00,00:05:41
Tink-a-Tako - Potranco,156,9/3/25 10:13 AM,Daniela Torres,,Dining Room,0.00,10.77,0.89,0.00,0.00,00:06:46
Tink-a-Tako - Potranco,157,9/3/25 10:17 AM,Esperansa Caviedes,8,Dining Room,0.00,27.74,2.30,6.00,0.00,00:34:22
Tink-a-Tako - Potranco,158,9/3/25 10:20 AM,Norma Vasquez,24,Dining Room,0.00,24.61,2.03,0.00,0.00,00:29:07
Tink-a-Tako - Potranco,160,9/3/25 10:21 AM,Esperansa Caviedes,36,Dining Room,0.00,42.81,3.51,4.00,0.00,00:31:03
Tink-a-Tako - Potranco,159,9/3/25 10:20 AM,Daniela Torres,,Dining Room,0.00,5.97,0.49,0.00,0.00,00:02:43
Tink-a-Tako - Potranco,161,9/3/25 10:22 AM,Daniela Torres,,Dining Room,0.00,3.58,0.30,0.00,0.00,00:03:14
Tink-a-Tako - Potranco,164,9/3/25 10:25 AM,Daniela Torres,,Dining Room,0.00,9.27,0.76,0.00,0.00,00:01:31
Tink-a-Tako - Potranco,163,9/3/25 10:25 AM,Rosa Compean,23,Dining Room,0.00,30.92,2.54,8.00,0.00,00:41:43
Tink-a-Tako - Potranco,165,9/3/25 10:26 AM,Daniela Torres,,Dining Room,0.00,4.00,0.32,0.00,0.00,00:01:44
Tink-a-Tako - Potranco,166,9/3/25 10:28 AM,Daniela Torres,,Dining Room,0.00,5.97,0.49,0.00,0.00,00:02:09
Tink-a-Tako - Potranco,169,9/3/25 10:30 AM,Rosa Compean,17,Dining Room,0.00,48.47,3.98,6.00,0.00,00:26:22
Tink-a-Tako - Potranco,92,9/3/25 8:50 AM,Daniela Torres,,Dining Room,0.00,4.98,0.41,0.00,0.00,01:43:06
Tink-a-Tako - Potranco,170,9/3/25 10:31 AM,Daniela Torres,,Dining Room,0.00,5.97,0.49,0.00,0.00,00:02:44
Tink-a-Tako - Potranco,172,9/3/25 10:35 AM,Ivana Abundiz,,Dining Room,0.00,12.66,1.03,1.00,0.00,00:04:20
Tink-a-Tako - Potranco,173,9/3/25 10:40 AM,Norma Vasquez,34,Dining Room,0.00,21.02,1.74,5.00,0.00,00:45:49
Tink-a-Tako - Potranco,174,9/3/25 10:41 AM,Esperansa Caviedes,21,Dining Room,0.00,16.68,1.37,4.00,0.00,00:43:34
Tink-a-Tako - Potranco,175,9/3/25 10:42 AM,Esperansa Caviedes,16,Dining Room,0.00,18.22,1.51,5.00,0.00,00:32:49
Tink-a-Tako - Potranco,176,9/3/25 10:44 AM,Ivana Abundiz,,Dining Room,0.00,18.65,1.54,1.00,0.00,00:22:49
Tink-a-Tako - Potranco,177,9/3/25 10:46 AM,Norma Vasquez,32,Dining Room,0.00,22.95,1.91,4.00,0.00,00:33:17
Tink-a-Tako - Potranco,178,9/3/25 10:48 AM,Daniela Torres,,Dining Room,0.00,3.98,0.32,0.00,0.00,00:00:28
Tink-a-Tako - Potranco,179,9/3/25 10:48 AM,Daniela Torres,,Dining Room,0.00,6.78,0.56,0.00,0.00,00:03:08
Tink-a-Tako - Potranco,180,9/3/25 10:50 AM,Ivana Abundiz,,Dining Room,0.00,9.78,0.81,0.00,0.00,00:22:29
Tink-a-Tako - Potranco,181,9/3/25 10:51 AM,Daniela Torres,,Dining Room,0.00,6.18,0.51,0.00,0.00,00:02:30
Tink-a-Tako - Potranco,182,9/3/25 10:51 AM,Norma Vasquez,38,Dining Room,1.60,22.51,1.87,0.00,0.00,00:33:37
Tink-a-Tako - Potranco,183,9/3/25 10:52 AM,Daniela Torres,,Dining Room,0.00,5.97,0.49,0.00,0.00,00:05:07
Tink-a-Tako - Potranco,171,9/3/25 10:32 AM,Daniela Torres,,Dining Room,0.00,31.34,2.59,0.00,0.00,00:27:14
Tink-a-Tako - Potranco,184,9/3/25 10:54 AM,Daniela Torres,,Dining Room,0.00,20.09,1.66,2.00,0.00,00:08:18
Tink-a-Tako - Potranco,186,9/3/25 11:00 AM,Rosa Compean,24,Dining Room,0.00,15.68,1.29,3.00,0.00,00:17:17
Tink-a-Tako - Potranco,187,9/3/25 11:02 AM,Daniela Torres,,Dining Room,0.00,3.58,0.30,0.00,0.00,00:01:00
Tink-a-Tako - Potranco,188,9/3/25 11:06 AM,Ivana Abundiz,,Dining Room,0.00,0.00,0.00,0.00,0.00,00:00:17
Tink-a-Tako - Potranco,185,9/3/25 10:55 AM,Daniela Torres,,Dining Room,0.00,13.97,1.16,0.00,0.00,00:16:55
Tink-a-Tako - Potranco,190,9/3/25 11:11 AM,Daniela Torres,,Dining Room,0.00,5.28,0.44,0.00,0.00,00:04:01
Tink-a-Tako - Potranco,192,9/3/25 11:11 AM,Daniela Torres,,Dining Room,0.00,6.28,0.52,0.00,0.00,00:04:45
Tink-a-Tako - Potranco,191,9/3/25 11:11 AM,Norma Vasquez,11,Dining Room,0.00,33.20,2.74,10.00,0.00,00:48:10
Tink-a-Tako - Potranco,194,9/3/25 11:15 AM,Esperansa Caviedes,40,Dining Room,1.20,23.73,1.95,0.00,0.00,00:36:31
Tink-a-Tako - Potranco,195,9/3/25 11:17 AM,Daniela Torres,,Dining Room,0.00,16.44,1.35,0.00,0.00,00:02:16
Tink-a-Tako - Potranco,196,9/3/25 11:17 AM,Daniela Torres,,Dining Room,1.60,14.38,1.18,0.00,0.00,00:06:45
Tink-a-Tako - Potranco,198,9/3/25 11:23 AM,Esperansa Caviedes,15,Dining Room,0.00,7.56,0.63,0.00,0.00,00:31:35
Tink-a-Tako - Potranco,197,9/3/25 11:23 AM,Rosa Compean,25,Dining Room,0.00,20.43,1.68,5.00,0.00,00:30:27
Tink-a-Tako - Potranco,189,9/3/25 11:10 AM,Daniela Torres,,Dining Room,0.00,11.99,0.99,0.00,0.00,00:14:45
Tink-a-Tako - Potranco,199,9/3/25 11:24 AM,Daniela Torres,,Dining Room,0.00,11.98,0.99,0.00,0.00,00:03:57
Tink-a-Tako - Potranco,201,9/3/25 11:27 AM,Rosa Compean,,Dining Room,0.00,8.97,0.74,0.00,0.00,00:21:01
Tink-a-Tako - Potranco,202,9/3/25 11:28 AM,Norma Vasquez,26,Dining Room,0.00,7.77,0.64,0.00,0.00,00:31:36
Tink-a-Tako - Potranco,203,9/3/25 11:30 AM,Esperansa Caviedes,8,Dining Room,0.00,31.15,2.57,0.00,0.00,01:16:43
Tink-a-Tako - Potranco,204,9/3/25 11:32 AM,Daniela Torres,,Dining Room,0.00,13.23,1.09,0.00,0.00,00:01:19
Tink-a-Tako - Potranco,205,9/3/25 11:32 AM,Daniela Torres,,Dining Room,0.00,6.68,0.55,0.00,0.00,00:03:49
Tink-a-Tako - Potranco,206,9/3/25 11:32 AM,Rosa Compean,22,Dining Room,0.00,24.98,2.06,0.00,0.00,01:16:02
Tink-a-Tako - Potranco,207,9/3/25 11:32 AM,Daniela Torres,,Dining Room,0.00,7.89,0.65,0.00,0.00,00:04:55
Tink-a-Tako - Potranco,209,9/3/25 11:33 AM,Rosa Compean,24,Dining Room,0.00,17.98,1.48,3.00,0.00,00:37:38
Tink-a-Tako - Potranco,210,9/3/25 11:33 AM,Norma Vasquez,33,Dining Room,0.00,20.56,1.69,0.00,0.00,00:30:14
Tink-a-Tako - Potranco,200,9/3/25 11:26 AM,Daniela Torres,,Dining Room,0.00,8.99,0.74,0.00,0.00,00:13:27
Tink-a-Tako - Potranco,213,9/3/25 11:36 AM,Daniela Torres,,Dining Room,0.00,19.68,1.62,0.00,0.00,00:06:07
Tink-a-Tako - Potranco,214,9/3/25 11:37 AM,Daniela Torres,,Dining Room,0.00,13.17,1.09,0.00,0.00,00:08:29
Tink-a-Tako - Potranco,215,9/3/25 11:40 AM,Esperansa Caviedes,7,Dining Room,0.00,13.04,1.07,2.00,0.00,00:19:45
Tink-a-Tako - Potranco,216,9/3/25 11:41 AM,Esperansa Caviedes,18,Dining Room,0.00,63.34,5.20,5.00,0.00,02:24:55
Tink-a-Tako - Potranco,217,9/3/25 11:43 AM,Norma Vasquez,38,Dining Room,0.00,25.38,2.08,5.08,0.00,00:18:21
Tink-a-Tako - Potranco,218,9/3/25 11:44 AM,Rosa Compean,17,Dining Room,0.00,13.23,1.09,3.00,0.00,00:20:28
Tink-a-Tako - Potranco,220,9/3/25 11:46 AM,Rosa Compean,36,Dining Room,0.00,33.37,2.74,5.00,0.00,00:37:00
Tink-a-Tako - Potranco,219,9/3/25 11:44 AM,Ivana Abundiz,,Dining Room,0.00,8.37,0.68,2.00,0.00,00:03:33
Tink-a-Tako - Potranco,221,9/3/25 11:50 AM,Daniela Torres,,Dining Room,0.00,14.16,1.17,0.00,0.00,00:04:43
Tink-a-Tako - Potranco,212,9/3/25 11:34 AM,Daniela Torres,,Dining Room,0.00,17.55,1.45,0.00,0.00,00:23:54
Tink-a-Tako - Potranco,222,9/3/25 11:53 AM,Daniela Torres,,Dining Room,0.00,5.28,0.44,0.00,0.00,00:06:49
Tink-a-Tako - Potranco,223,9/3/25 11:53 AM,Daniela Torres,,Dining Room,0.00,16.72,1.37,0.00,0.00,00:07:03
Tink-a-Tako - Potranco,225,9/3/25 11:54 AM,Esperansa Caviedes,15,Dining Room,0.00,12.93,1.06,0.00,0.00,00:19:26
Tink-a-Tako - Potranco,226,9/3/25 11:55 AM,Norma Vasquez,32,Dining Room,1.00,35.41,2.91,10.00,0.00,01:00:08
Tink-a-Tako - Potranco,224,9/3/25 11:54 AM,Daniela Torres,,Dining Room,0.00,13.55,1.11,0.00,0.00,00:14:15
Tink-a-Tako - Potranco,229,9/3/25 12:07 PM,Daniela Torres,,Dining Room,0.00,4.98,0.41,0.00,0.00,00:03:25
Tink-a-Tako - Potranco,231,9/3/25 12:11 PM,Daniela Torres,,Dining Room,0.00,8.87,0.73,0.00,0.00,00:01:26
Tink-a-Tako - Potranco,232,9/3/25 12:12 PM,Daniela Torres,,Dining Room,0.00,25.43,2.09,0.00,0.00,00:02:54
Tink-a-Tako - Potranco,234,9/3/25 12:14 PM,Daniela Torres,,Dining Room,0.00,10.99,0.91,1.00,0.00,00:05:33
Tink-a-Tako - Potranco,233,9/3/25 12:14 PM,Esperansa Caviedes,7,Dining Room,0.00,36.52,3.00,0.00,0.00,00:26:34
Tink-a-Tako - Potranco,230,9/3/25 12:07 PM,Daniela Torres,,Dining Room,0.00,4.28,0.36,0.00,0.00,00:14:08
Tink-a-Tako - Potranco,236,9/3/25 12:19 PM,Daniela Torres,,Dining Room,0.00,6.48,0.54,0.00,0.00,00:04:26
Tink-a-Tako - Potranco,237,9/3/25 12:25 PM,Rosa Compean,9,Dining Room,0.00,51.55,4.24,0.00,0.00,00:32:09
Tink-a-Tako - Potranco,235,9/3/25 12:17 PM,Daniela Torres,,Dining Room,0.00,11.77,0.97,0.00,0.00,00:09:18
Tink-a-Tako - Potranco,238,9/3/25 12:25 PM,Daniela Torres,,Dining Room,0.00,18.67,1.54,0.00,0.00,00:07:13
Tink-a-Tako - Potranco,240,9/3/25 12:28 PM,Daniela Torres,,Dining Room,0.00,4.58,0.38,0.00,0.00,00:07:49
Tink-a-Tako - Potranco,241,9/3/25 12:28 PM,Esperansa Caviedes,25,Dining Room,0.00,28.11,2.31,0.00,0.00,00:44:24
Tink-a-Tako - Potranco,242,9/3/25 12:29 PM,Norma Vasquez,33,Dining Room,0.00,26.81,2.20,0.00,0.00,00:33:05
Tink-a-Tako - Potranco,244,9/3/25 12:31 PM,Norma Vasquez,35,Dining Room,1.20,13.77,1.14,5.00,0.00,00:33:50
Tink-a-Tako - Potranco,245,9/3/25 12:36 PM,Daniela Torres,,Dining Room,0.00,8.99,0.74,2.00,0.00,00:01:07
Tink-a-Tako - Potranco,246,9/3/25 12:37 PM,Daniela Torres,,Dining Room,0.00,13.99,1.15,0.00,0.00,00:03:09
Tink-a-Tako - Potranco,247,9/3/25 12:37 PM,Rosa Compean,17,Dining Room,0.00,28.93,2.38,0.00,0.00,00:30:58
Tink-a-Tako - Potranco,248,9/3/25 12:38 PM,Daniela Torres,,Dining Room,0.00,3.98,0.33,2.00,0.00,00:03:12
Tink-a-Tako - Potranco,250,9/3/25 12:41 PM,Esperansa Caviedes,26,Dining Room,0.00,8.99,0.74,3.27,0.00,00:16:52
Tink-a-Tako - Potranco,249,9/3/25 12:40 PM,Rosa Compean,15,Dining Room,0.00,18.38,1.51,0.00,0.00,00:29:38
Tink-a-Tako - Potranco,243,9/3/25 12:29 PM,Daniela Torres,,Dining Room,0.00,8.06,0.66,0.00,0.00,00:21:36
Tink-a-Tako - Potranco,252,9/3/25 12:47 PM,Esperansa Caviedes,23,Dining Room,0.00,45.05,3.70,5.00,0.00,00:23:43
Tink-a-Tako - Potranco,253,9/3/25 12:48 PM,Rosa Compean,38,Dining Room,0.00,11.98,0.99,0.00,0.00,00:42:03
Tink-a-Tako - Potranco,254,9/3/25 12:49 PM,Norma Vasquez,19,Dining Room,0.00,27.92,2.29,0.00,0.00,00:18:38
Tink-a-Tako - Potranco,255,9/3/25 12:52 PM,Norma Vasquez,37,Dining Room,0.00,8.78,0.72,0.00,0.00,00:26:03
Tink-a-Tako - Potranco,256,9/3/25 12:53 PM,Ivana Abundiz,,Dining Room,0.00,20.77,1.71,2.00,0.00,00:17:31
Tink-a-Tako - Potranco,257,9/3/25 12:55 PM,Daniela Torres,,Dining Room,0.00,2.99,0.25,0.00,0.00,00:00:45
Tink-a-Tako - Potranco,259,9/3/25 12:58 PM,Rosa Compean,9,Dining Room,0.00,15.69,1.28,0.00,0.00,01:04:33
Tink-a-Tako - Potranco,260,9/3/25 12:59 PM,Esperansa Caviedes,16,Dining Room,0.00,32.18,2.65,0.00,0.00,00:37:57
Tink-a-Tako - Potranco,263,9/3/25 1:03 PM,Daniela Torres,,Dining Room,0.00,5.78,0.48,0.00,0.00,00:01:22
Tink-a-Tako - Potranco,262,9/3/25 1:01 PM,Ivana Abundiz,,Dining Room,0.00,36.52,3.01,0.00,0.00,00:21:18
Tink-a-Tako - Potranco,264,9/3/25 1:04 PM,Ivana Abundiz,,Dining Room,0.00,9.98,0.82,0.00,0.00,00:00:13
Tink-a-Tako - Potranco,265,9/3/25 1:07 PM,Daniela Torres,,Dining Room,0.00,23.24,1.93,0.00,0.00,00:02:11
Tink-a-Tako - Potranco,266,9/3/25 1:09 PM,Daniela Torres,,Dining Room,0.00,11.49,0.95,0.00,0.00,00:02:36
Tink-a-Tako - Potranco,267,9/3/25 1:09 PM,Norma Vasquez,19,Dining Room,0.00,2.99,0.25,5.00,0.00,00:00:21
Tink-a-Tako - Potranco,269,9/3/25 1:11 PM,Ivana Abundiz,,Dining Room,0.00,3.99,0.33,0.00,0.00,00:00:10
Tink-a-Tako - Potranco,270,9/3/25 1:11 PM,Norma Vasquez,25,Dining Room,0.00,8.99,0.74,0.00,0.00,00:31:08
Tink-a-Tako - Potranco,271,9/3/25 1:14 PM,Esperansa Caviedes,32,Dining Room,0.00,45.47,3.74,0.00,0.00,00:34:11
Tink-a-Tako - Potranco,272,9/3/25 1:16 PM,Daniela Torres,,Dining Room,0.00,8.99,0.74,0.00,0.00,00:00:50
Tink-a-Tako - Potranco,273,9/3/25 1:17 PM,Daniela Torres,,Dining Room,0.00,4.88,0.41,0.00,0.00,00:07:04
Tink-a-Tako - Potranco,274,9/3/25 1:21 PM,Ivana Abundiz,,Dining Room,0.00,10.67,0.88,1.00,0.00,00:00:23
Tink-a-Tako - Potranco,275,9/3/25 1:22 PM,Daniela Torres,,Dining Room,0.00,30.14,2.49,0.00,0.00,00:02:08
Tink-a-Tako - Potranco,276,9/3/25 1:28 PM,Rosa Compean,33,Dining Room,0.00,17.68,1.45,3.12,0.00,00:30:30
Tink-a-Tako - Potranco,251,9/3/25 12:46 PM,Daniela Torres,,Dining Room,0.00,12.77,1.06,0.00,0.00,00:43:19
Tink-a-Tako - Potranco,279,9/3/25 1:34 PM,Daniela Torres,,Dining Room,0.00,8.78,0.72,0.00,0.00,00:00:22
Tink-a-Tako - Potranco,278,9/3/25 1:34 PM,Norma Vasquez,21,Dining Room,0.00,18.98,1.56,5.00,0.00,00:23:07
Tink-a-Tako - Potranco,283,9/3/25 1:39 PM,Rosa Compean,7,Dining Room,0.00,24.88,2.04,0.00,0.00,00:44:24
Tink-a-Tako - Potranco,284,9/3/25 1:44 PM,Norma Vasquez,24,Dining Room,0.00,26.98,2.22,0.00,0.00,00:35:50
Tink-a-Tako - Potranco,285,9/3/25 1:46 PM,Rosa Compean,26,Dining Room,0.00,13.97,1.16,3.00,0.00,00:23:49
Tink-a-Tako - Potranco,280,9/3/25 1:34 PM,Daniela Torres,,Dining Room,0.00,9.99,0.82,0.00,0.00,00:13:46
Tink-a-Tako - Potranco,287,9/3/25 1:48 PM,Esperansa Caviedes,37,Dining Room,0.00,27.65,2.28,0.00,0.00,00:51:33
Tink-a-Tako - Potranco,288,9/3/25 1:53 PM,Norma Vasquez,39,Dining Room,0.00,26.48,2.19,5.00,0.00,00:26:07
Tink-a-Tako - Potranco,289,9/3/25 1:53 PM,Ivana Abundiz,,Dining Room,0.00,18.26,1.50,0.00,0.00,00:04:22
Tink-a-Tako - Potranco,291,9/3/25 1:56 PM,Rosa Compean,8,Dining Room,0.00,46.82,3.85,0.00,0.00,00:38:44
Tink-a-Tako - Potranco,292,9/3/25 1:56 PM,Daniela Torres,,Dining Room,0.00,9.99,0.82,0.00,0.00,00:00:28
Tink-a-Tako - Potranco,290,9/3/25 1:55 PM,Esperansa Caviedes,17,Dining Room,0.00,31.46,2.59,5.00,0.00,00:42:44
Tink-a-Tako - Potranco,294,9/3/25 2:07 PM,Juan  Camacho,18,Dining Room,0.00,7.38,0.61,0.00,0.00,00:17:02
Tink-a-Tako - Potranco,295,9/3/25 2:11 PM,Lizeth Alonso,,Dining Room,0.00,32.96,2.71,0.00,0.00,00:03:05
Tink-a-Tako - Potranco,296,9/3/25 2:17 PM,Juan  Camacho,23,Dining Room,0.00,16.68,1.37,0.00,0.00,00:22:09
Tink-a-Tako - Potranco,297,9/3/25 2:19 PM,Sergio Abundiz,11,Dining Room,0.00,18.99,1.57,0.00,0.00,00:30:44
Tink-a-Tako - Potranco,298,9/3/25 2:22 PM,Lizeth Alonso,,Dining Room,0.00,9.99,0.82,1.00,0.00,06:41:05
Tink-a-Tako - Potranco,299,9/3/25 2:23 PM,Lizeth Alonso,,Dining Room,0.00,19.68,1.62,0.00,0.00,00:00:55
Tink-a-Tako - Potranco,300,9/3/25 2:26 PM,Lizeth Alonso,,Dining Room,0.00,10.33,0.84,0.00,0.00,00:06:37
Tink-a-Tako - Potranco,301,9/3/25 2:28 PM,Lizeth Alonso,,Dining Room,0.00,18.36,1.51,0.00,0.00,00:04:03
Tink-a-Tako - Potranco,302,9/3/25 2:41 PM,Esperansa Caviedes,1,Dining Room,0.00,8.37,0.69,0.00,0.00,00:00:21
Tink-a-Tako - Potranco,303,9/3/25 3:21 PM,Lizeth Alonso,,Dining Room,0.00,27.84,2.30,0.00,0.00,00:01:27
Tink-a-Tako - Potranco,305,9/3/25 3:24 PM,Juan  Camacho,,Dining Room,0.00,26.97,2.22,0.00,0.00,00:06:17
Tink-a-Tako - Potranco,304,9/3/25 3:24 PM,Lizeth Alonso,,Dining Room,0.00,0.00,0.00,0.00,0.00,00:01:00
Tink-a-Tako - Potranco,306,9/3/25 3:25 PM,Lizeth Alonso,,Dining Room,0.00,33.45,2.76,0.00,0.00,00:03:29
Tink-a-Tako - Potranco,307,9/3/25 3:31 PM,Juan  Camacho,24,Dining Room,0.00,22.25,1.84,0.00,0.00,00:24:10
Tink-a-Tako - Potranco,309,9/3/25 3:41 PM,Lizeth Alonso,,Dining Room,0.00,18.34,1.51,0.00,0.00,00:10:36
Tink-a-Tako - Potranco,308,9/3/25 3:41 PM,Lizeth Alonso,,Dining Room,0.00,5.78,0.48,0.00,0.00,00:05:56
Tink-a-Tako - Potranco,311,9/3/25 3:57 PM,Lizeth Alonso,,Dining Room,0.00,6.36,0.53,0.00,0.00,00:00:52
Tink-a-Tako - Potranco,312,9/3/25 4:12 PM,Lizeth Alonso,,Dining Room,0.00,10.85,0.89,0.00,0.00,00:01:00
Tink-a-Tako - Potranco,314,9/3/25 4:16 PM,Lizeth Alonso,,Dining Room,0.00,32.54,2.69,0.00,0.00,00:43:06
Tink-a-Tako - Potranco,313,9/3/25 4:13 PM,Sergio Abundiz,31,Dining Room,0.00,81.53,6.72,0.00,16.31,01:35:20
Tink-a-Tako - Potranco,315,9/3/25 4:18 PM,Lizeth Alonso,,Dining Room,0.00,17.96,1.49,0.00,0.00,00:01:36
Tink-a-Tako - Potranco,316,9/3/25 4:24 PM,Lizeth Alonso,,Dining Room,0.00,11.48,0.95,2.50,0.00,00:02:42
Tink-a-Tako - Potranco,318,9/3/25 4:27 PM,Sergio Abundiz,42,Dining Room,0.00,109.44,9.02,0.00,0.00,01:34:05
Tink-a-Tako - Potranco,310,9/3/25 3:46 PM,Lizeth Alonso,,Dining Room,0.00,14.24,1.18,0.00,0.00,00:56:01
Tink-a-Tako - Potranco,320,9/3/25 4:44 PM,Juan  Camacho,,Dining Room,0.00,12.23,1.00,0.00,0.00,00:02:20
Tink-a-Tako - Potranco,321,9/3/25 4:56 PM,Lizeth Alonso,,Dining Room,0.00,12.99,1.07,1.00,0.00,00:03:35
Tink-a-Tako - Potranco,324,9/3/25 5:02 PM,Juan  Camacho,,Dining Room,0.00,16.98,1.40,3.00,0.00,00:00:40
Tink-a-Tako - Potranco,327,9/3/25 5:04 PM,Lizeth Alonso,,Dining Room,0.00,10.99,0.91,1.00,0.00,00:02:53
Tink-a-Tako - Potranco,329,9/3/25 5:10 PM,Sergio Abundiz,25,Dining Room,0.00,16.93,1.39,4.00,0.00,00:35:42
Tink-a-Tako - Potranco,328,9/3/25 5:10 PM,Juan  Camacho,35,Dining Room,0.00,15.47,1.27,0.00,0.00,00:01:57
Tink-a-Tako - Potranco,330,9/3/25 5:22 PM,Sergio Abundiz,9,Dining Room,0.00,34.95,2.89,2.16,0.00,00:53:01
Tink-a-Tako - Potranco,331,9/3/25 5:25 PM,Juan  Camacho,23,Dining Room,0.00,39.70,3.27,3.00,0.00,00:24:10
Tink-a-Tako - Potranco,332,9/3/25 5:28 PM,Juan  Camacho,33,Dining Room,0.00,27.93,2.31,2.00,0.00,00:25:24
Tink-a-Tako - Potranco,333,9/3/25 5:29 PM,Sergio Abundiz,17,Dining Room,0.00,39.38,3.24,0.00,0.00,01:27:37
Tink-a-Tako - Potranco,334,9/3/25 5:33 PM,Lizeth Alonso,,Dining Room,0.00,18.87,1.54,2.00,0.00,00:01:32
Tink-a-Tako - Potranco,335,9/3/25 5:35 PM,Lizeth Alonso,,Dining Room,0.00,7.16,0.59,0.00,0.00,00:07:14
Tink-a-Tako - Potranco,336,9/3/25 5:38 PM,Lizeth Alonso,,Dining Room,0.00,15.99,1.32,0.00,0.00,00:07:04
Tink-a-Tako - Potranco,337,9/3/25 5:39 PM,Lizeth Alonso,,Dining Room,0.00,12.42,1.02,0.00,0.00,00:10:16
Tink-a-Tako - Potranco,339,9/3/25 5:42 PM,Juan  Camacho,37,Dining Room,0.00,34.24,2.80,0.00,0.00,00:44:47
Tink-a-Tako - Potranco,341,9/3/25 5:52 PM,Sergio Abundiz,7,Dining Room,0.00,32.43,2.67,7.00,0.00,00:44:24
Tink-a-Tako - Potranco,342,9/3/25 5:52 PM,Lizeth Alonso,,Dining Room,0.00,10.56,0.87,0.00,0.00,00:01:30
Tink-a-Tako - Potranco,343,9/3/25 5:56 PM,Sergio Abundiz,24,Dining Room,0.00,35.97,2.96,0.00,0.00,01:00:48
Tink-a-Tako - Potranco,345,9/3/25 6:09 PM,Juan  Camacho,18,Dining Room,0.00,40.95,3.37,8.00,0.00,00:44:28
Tink-a-Tako - Potranco,346,9/3/25 6:11 PM,Juan  Camacho,39,Dining Room,0.00,29.98,2.47,5.00,0.00,01:10:55
Tink-a-Tako - Potranco,347,9/3/25 6:18 PM,Juan  Camacho,31,Dining Room,0.00,150.68,12.44,5.00,30.13,01:20:40
Tink-a-Tako - Potranco,350,9/3/25 6:23 PM,Mayra Luna,25,Dining Room,0.00,36.12,2.97,0.00,0.00,00:52:14
Tink-a-Tako - Potranco,344,9/3/25 6:03 PM,Lizeth Alonso,,Dining Room,0.00,27.98,2.31,0.00,0.00,00:21:26
Tink-a-Tako - Potranco,351,9/3/25 6:24 PM,Juan  Camacho,22,Dining Room,0.00,39.68,3.26,8.00,0.00,00:35:34
Tink-a-Tako - Potranco,352,9/3/25 6:24 PM,Juan  Camacho,,Dining Room,0.00,39.99,3.30,0.00,0.00,00:32:53
Tink-a-Tako - Potranco,353,9/3/25 6:29 PM,Sergio Abundiz,10,Dining Room,0.00,177.11,14.56,0.00,35.43,01:10:15
Tink-a-Tako - Potranco,354,9/3/25 6:31 PM,Lizeth Alonso,,Dining Room,0.00,0.00,0.00,0.00,0.00,00:07:33
Tink-a-Tako - Potranco,355,9/3/25 6:38 PM,Mayra Luna,38,Dining Room,0.00,29.87,2.45,0.00,0.00,00:29:56
Tink-a-Tako - Potranco,358,9/3/25 6:42 PM,Juan  Camacho,32,Dining Room,0.00,40.96,3.38,7.00,0.00,00:39:34
Tink-a-Tako - Potranco,322,9/3/25 4:57 PM,Lizeth Alonso,,Dining Room,0.00,16.44,1.35,0.00,0.00,01:48:36
Tink-a-Tako - Potranco,361,9/3/25 6:47 PM,Mayra Luna,,Dining Room,0.00,9.79,0.81,0.00,0.00,00:00:22
Tink-a-Tako - Potranco,360,9/3/25 6:47 PM,Juan  Camacho,3,Dining Room,2.30,86.58,7.14,10.00,17.78,01:09:45
Tink-a-Tako - Potranco,362,9/3/25 6:54 PM,Mayra Luna,33,Dining Room,0.00,32.86,2.70,5.00,0.00,00:30:50
Tink-a-Tako - Potranco,363,9/3/25 6:54 PM,Lizeth Alonso,,Dining Room,0.00,47.75,3.93,0.00,0.00,00:01:35
Tink-a-Tako - Potranco,364,9/3/25 6:58 PM,Lizeth Alonso,,Dining Room,0.00,33.67,2.78,0.00,0.00,00:09:20
Tink-a-Tako - Potranco,365,9/3/25 7:01 PM,Sergio Abundiz,36,Dining Room,0.00,4.30,0.35,5.00,0.00,01:23:03
Tink-a-Tako - Potranco,366,9/3/25 7:01 PM,Lizeth Alonso,,Dining Room,0.00,32.25,2.65,0.00,0.00,00:09:05
Tink-a-Tako - Potranco,372,9/3/25 7:10 PM,Sergio Abundiz,9,Dining Room,0.00,21.58,1.77,0.00,0.00,00:33:44
Tink-a-Tako - Potranco,373,9/3/25 7:11 PM,Mayra Luna,37,Dining Room,0.00,29.47,2.42,0.00,0.00,00:49:41
Tink-a-Tako - Potranco,374,9/3/25 7:14 PM,Juan  Camacho,24,Dining Room,0.00,31.96,2.63,5.88,0.00,00:47:26
Tink-a-Tako - Potranco,359,9/3/25 6:43 PM,Lizeth Alonso,,Dining Room,0.00,32.73,2.70,0.00,0.00,00:38:02
Tink-a-Tako - Potranco,376,9/3/25 7:25 PM,Lizeth Alonso,,Dining Room,0.00,13.99,1.15,0.00,0.00,00:03:22
Tink-a-Tako - Potranco,377,9/3/25 7:26 PM,Lizeth Alonso,,Dining Room,0.00,45.21,3.73,0.00,0.00,00:07:44
Tink-a-Tako - Potranco,378,9/3/25 7:28 PM,Lizeth Alonso,,Dining Room,0.00,8.98,0.74,0.00,0.00,00:14:46
Tink-a-Tako - Potranco,379,9/3/25 7:28 PM,Lizeth Alonso,,Dining Room,0.00,25.98,2.14,2.00,0.00,00:15:49
Tink-a-Tako - Potranco,381,9/3/25 7:36 PM,Mayra Luna,23,Dining Room,0.00,30.88,2.55,5.00,0.00,00:23:34
Tink-a-Tako - Potranco,382,9/3/25 7:58 PM,Mayra Luna,33,Dining Room,0.00,25.07,2.06,0.00,0.00,00:42:12
Tink-a-Tako - Potranco,383,9/3/25 8:10 PM,Lizeth Alonso,,Dining Room,0.00,13.44,1.10,2.00,0.00,00:00:33
Tink-a-Tako - Potranco,384,9/3/25 8:15 PM,Sergio Abundiz,32,Dining Room,0.00,21.97,1.81,0.00,0.00,00:29:53
Tink-a-Tako - Potranco,385,9/3/25 8:19 PM,Lizeth Alonso,,Dining Room,0.00,20.65,1.70,3.00,0.00,00:00:57
Tink-a-Tako - Potranco,386,9/3/25 8:19 PM,Mayra Luna,,Dining Room,0.00,14.97,1.23,0.00,0.00,00:02:10
Tink-a-Tako - Potranco,387,9/3/25 8:23 PM,Sergio Abundiz,39,Dining Room,0.00,20.48,1.69,4.83,0.00,00:19:53
Tink-a-Tako - Potranco,388,9/3/25 8:25 PM,Lizeth Alonso,,Dining Room,0.00,11.99,0.99,0.00,0.00,00:04:59
