Employee,Job Title,Regular Hours,Overtime Hours,Hourly Rate,Regular Pay,Overtime Pay,Total Pay,Net Sales,Declared Tips,Non-Cash Tips,Total Tips,Tips Withheld,Total Gratuity,Employee ID,Job Code,Location,Location Code
"Aragon, Cecilia",Tortillera,6.76,0.0,13.00,87.88,0.00,87.88,0.00,,0.00,0.00,0.00,0.00,,,12060 Potranco Road,
"Cabrera, Sugey",Shift Leader,7.18,0.0,14.00,100.52,0.00,100.52,110.08,0.00,6.00,6.00,0.00,0.00,,,12060 Potranco Road,
"Cardenas, Salvador",Cook,8.7,0.0,15.00,130.50,0.00,130.50,0.00,,0.00,0.00,0.00,0.00,,,12060 Potranco Road,
"Del Angel, Candy",Shift Manager / Assistant Manager,6.96,0.0,,,,,30.97,,2.00,2.00,0.00,0.00,,,12060 Potranco Road,
"Farias, Claudia",Cook,9.08,0.0,15.00,136.20,0.00,136.20,0.00,,0.00,0.00,0.00,0.00,,,12060 Potranco Road,
"Garcia, Enriqueta",Chef,7.85,0.0,,,,,0.00,,0.00,0.00,0.00,0.00,,,12060 Potranco Road,
"Garcia, Lizbeth",Server,7.77,0.0,3.00,23.31,0.00,23.31,325.41,1.00,57.00,58.00,0.00,0.00,,,12060 Potranco Road,
"Jacobo, Angelique",Server,1.57,0.0,3.00,4.71,0.00,4.71,50.11,5.00,0.00,5.00,0.00,0.00,,,12060 Potranco Road,
"Jimenez, Mario",Driver,6.82,0.0,14.00,95.48,0.00,95.48,422.73,0.00,7.21,7.21,0.00,0.00,,,12060 Potranco Road,
"Lino Santana, David ",Prep,9.21,0.0,15.00,138.15,0.00,138.15,0.00,,0.00,0.00,0.00,0.00,,,12060 Potranco Road,
"Martínez , Angelica ",Server,7.01,0.0,,,,,208.23,5.00,24.90,29.90,0.00,0.00,,,12060 Potranco Road,
"Morales, Carlos",Busser,5.18,0.0,11.00,56.98,0.00,56.98,0.00,,0.00,0.00,0.00,0.00,,,12060 Potranco Road,
"Ojeda, George",Runner,5.7,0.0,12.50,71.25,0.00,71.25,0.00,,0.00,0.00,0.00,0.00,,,12060 Potranco Road,
"Roman, Leticia",Server,7.23,0.0,3.00,21.69,0.00,21.69,433.89,0.00,33.91,33.91,0.00,0.00,,,12060 Potranco Road,
"Rosales, Elsa",Tortillera,5.18,0.0,13.00,67.34,0.00,67.34,0.00,,0.00,0.00,0.00,0.00,,,12060 Potranco Road,
"Sanchez, Emanuel",Server,7.95,0.0,3.00,23.85,0.00,23.85,430.54,5.00,48.90,53.90,0.00,0.00,,,12060 Potranco Road,
"Urena, Melissa ",Host,7.67,0.0,12.00,92.04,0.00,92.04,901.06,0.00,50.58,50.58,0.00,0.00,,,12060 Potranco Road,
"Velasquez, Lisa",Server,4.93,0.0,3.00,14.79,0.00,14.79,186.77,3.00,35.00,38.00,0.00,0.00,,,12060 Potranco Road,
"vanenzuela, felix",Cook,6.94,0.0,,,,,0.00,,0.00,0.00,0.00,0.00,,,12060 Potranco Road,
