Check #,Table,Payment Type,Server,Cashier,Tip,Amount,Cash Drawer,Date,Opened Date
1,,CREDIT,Melissa ,Melissa ,0.00,8.09,,8/23/25 6:35 AM,8/23/25 6:33 AM
31001,,CREDIT,Melissa ,Melissa ,0.00,3.88,,8/23/25 6:47 AM,8/23/25 6:47 AM
3,,CASH,Melissa ,Melissa ,0.00,13.47,DRIVE THRU 1,8/23/25 7:00 AM,8/23/25 6:57 AM
4,,CREDIT,Melissa ,Melissa ,0.00,8.91,,8/23/25 7:03 AM,8/23/25 6:59 AM
31002,,CREDIT,Melissa ,Melissa ,5.00,3.24,,8/23/25 7:11 AM,8/23/25 7:11 AM
6,,CREDIT,Melissa ,Melissa ,0.00,6.46,,8/23/25 7:13 AM,8/23/25 7:13 AM
7,,CREDIT,Melissa ,Melissa ,0.00,43.70,,8/23/25 7:17 AM,8/23/25 7:14 AM
8,,CREDIT,Melissa ,Melissa ,1.69,8.31,,8/23/25 7:20 AM,8/23/25 7:17 AM
9,,CREDIT,Melissa ,Melissa ,2.00,9.72,,8/23/25 7:25 AM,8/23/25 7:25 AM
10,,CREDIT,Melissa ,Melissa ,5.00,7.82,,8/23/25 7:31 AM,8/23/25 7:29 AM
11,,CREDIT,Melissa ,Melissa ,1.00,20.92,,8/23/25 7:35 AM,8/23/25 7:32 AM
12,,CREDIT,Melissa ,Melissa ,0.00,16.40,,8/23/25 7:40 AM,8/23/25 7:35 AM
13,,CREDIT,Melissa ,Melissa ,0.00,4.96,,8/23/25 7:42 AM,8/23/25 7:36 AM
14,,CASH,Melissa ,Melissa ,0.00,5.67,DRIVE THRU 1,8/23/25 7:45 AM,8/23/25 7:44 AM
15,,CREDIT,Melissa ,Melissa ,0.00,29.43,,8/23/25 7:51 AM,8/23/25 7:49 AM
17,,CREDIT,Melissa ,Melissa ,0.00,4.31,,8/23/25 7:58 AM,8/23/25 7:58 AM
34001,,CREDIT,Melissa ,Melissa ,0.00,12.50,,8/23/25 8:01 AM,8/23/25 7:59 AM
18,,CASH,Melissa ,Melissa ,0.00,4.42,DRIVE THRU 1,8/23/25 8:06 AM,8/23/25 8:01 AM
31003,,CREDIT,Melissa ,Melissa ,0.00,9.81,,8/23/25 8:07 AM,8/23/25 8:06 AM
19,,CREDIT,Gabriel,Gabriel,0.00,19.65,,8/23/25 8:07 AM,8/23/25 8:07 AM
22,,CREDIT,Melissa ,Melissa ,0.00,28.07,,8/23/25 8:10 AM,8/23/25 8:09 AM
23,,CREDIT,Melissa ,Melissa ,0.00,32.76,,8/23/25 8:16 AM,8/23/25 8:12 AM
,,PAY_OUT,Zoila,,0.00,-227.00,House,8/23/25 8:17 AM,8/23/25 8:17 AM
25,,CREDIT,Melissa ,Melissa ,0.00,13.68,,8/23/25 8:19 AM,8/23/25 8:14 AM
28,,CREDIT,Melissa ,Melissa ,0.00,6.20,,8/23/25 8:20 AM,8/23/25 8:18 AM
30,,CREDIT,Melissa ,Melissa ,1.00,9.49,,8/23/25 8:22 AM,8/23/25 8:20 AM
31005,,CASH,Melissa ,Melissa ,0.00,2.15,DRIVE THRU 1,8/23/25 8:29 AM,8/23/25 8:29 AM
21,14,CREDIT,Lizbeth,Lizbeth,6.00,29.89,,8/23/25 8:30 AM,8/23/25 8:09 AM
31,,CREDIT,Melissa ,Melissa ,0.00,40.91,,8/23/25 8:35 AM,8/23/25 8:30 AM
33,,CREDIT,Melissa ,Melissa ,1.15,4.85,,8/23/25 8:36 AM,8/23/25 8:31 AM
34,,CREDIT,Melissa ,Melissa ,2.00,11.00,,8/23/25 8:37 AM,8/23/25 8:32 AM
35,,CREDIT,Melissa ,Melissa ,3.00,11.66,,8/23/25 8:39 AM,8/23/25 8:37 AM
36,,CREDIT,siri,siri,2.00,32.32,,8/23/25 8:41 AM,8/23/25 8:40 AM
39,,CREDIT,Melissa ,Melissa ,2.00,18.54,,8/23/25 8:43 AM,8/23/25 8:43 AM
26,26,CREDIT,Gabriel,Gabriel,4.00,46.96,,8/23/25 8:45 AM,8/23/25 8:16 AM
24,23,CASH,Sugey,Sugey,0.00,14.47,,8/23/25 8:48 AM,8/23/25 8:12 AM
40,,CASH,Melissa ,Melissa ,0.00,5.84,DRIVE THRU 1,8/23/25 8:50 AM,8/23/25 8:49 AM
29,17,CASH,Lizbeth,Lizbeth,0.00,7.99,,8/23/25 8:57 AM,8/23/25 8:20 AM
41,,CREDIT,Melissa ,Melissa ,0.00,18.12,,8/23/25 9:00 AM,8/23/25 8:59 AM
43,,CASH,Melissa ,Melissa ,0.00,6.46,DRIVE THRU 1,8/23/25 9:04 AM,8/23/25 9:02 AM
44,,CREDIT,Melissa ,Melissa ,0.00,6.58,,8/23/25 9:05 AM,8/23/25 9:03 AM
45,,CREDIT,Melissa ,Melissa ,0.00,16.71,,8/23/25 9:07 AM,8/23/25 9:04 AM
37,1,CREDIT,Sugey,Sugey,7.00,23.31,,8/23/25 9:11 AM,8/23/25 8:41 AM
49,,CREDIT,Melissa ,Melissa ,0.00,56.02,,8/23/25 9:13 AM,8/23/25 9:12 AM
48,,CREDIT,siri,siri,2.25,42.75,,8/23/25 9:15 AM,8/23/25 9:15 AM
42,34,CREDIT,Emanuel,Emanuel,5.00,21.71,,8/23/25 9:21 AM,8/23/25 8:56 AM
53,,CASH,Gabriel,Gabriel,0.00,7.89,,8/23/25 9:22 AM,8/23/25 9:21 AM
31006,,CREDIT,Melissa ,Melissa ,0.00,4.09,,8/23/25 9:22 AM,8/23/25 9:20 AM
52,,CREDIT,Melissa ,Melissa ,0.00,1.94,,8/23/25 9:23 AM,8/23/25 9:21 AM
50,,CREDIT,Melissa ,Melissa ,0.00,25.17,,8/23/25 9:27 AM,8/23/25 9:20 AM
54,,CREDIT,Melissa ,Melissa ,0.00,11.44,,8/23/25 9:28 AM,8/23/25 9:23 AM
55,,CREDIT,Melissa ,Melissa ,0.00,17.03,,8/23/25 9:30 AM,8/23/25 9:26 AM
56,,CREDIT,Melissa ,Melissa ,0.00,16.84,,8/23/25 9:33 AM,8/23/25 9:28 AM
57,,CREDIT,Melissa ,Melissa ,0.00,12.52,,8/23/25 9:35 AM,8/23/25 9:30 AM
60,,CASH,Melissa ,Melissa ,0.00,4.85,DRIVE THRU 1,8/23/25 9:38 AM,8/23/25 9:32 AM
63,,CREDIT,Melissa ,Melissa ,10.00,9.17,,8/23/25 9:38 AM,8/23/25 9:35 AM
64,,CASH,Melissa ,Melissa ,0.00,16.27,DRIVE THRU 1,8/23/25 9:41 AM,8/23/25 9:35 AM
46,35,CREDIT,Lizbeth,Lizbeth,5.00,41.89,,8/23/25 9:43 AM,8/23/25 9:11 AM
66,,CREDIT,Melissa ,Melissa ,0.00,8.62,,8/23/25 9:44 AM,8/23/25 9:39 AM
47,3,CREDIT,Adrian,Adrian,8.00,42.42,,8/23/25 9:44 AM,8/23/25 9:12 AM
71,,CREDIT,Melissa ,Melissa ,0.00,3.78,,8/23/25 9:45 AM,8/23/25 9:45 AM
67,,CREDIT,Melissa ,Melissa ,1.85,13.36,,8/23/25 9:45 AM,8/23/25 9:39 AM
69,,CREDIT,Melissa ,Melissa ,2.00,34.66,,8/23/25 9:49 AM,8/23/25 9:42 AM
72,21,CREDIT,Sugey,Sugey,2.00,5.50,,8/23/25 9:50 AM,8/23/25 9:45 AM
73,,CREDIT,Melissa ,Melissa ,0.00,31.13,,8/23/25 9:51 AM,8/23/25 9:48 AM
77,,CREDIT,siri,siri,8.00,25.47,,8/23/25 9:52 AM,8/23/25 9:52 AM
74,,CREDIT,Melissa ,Melissa ,0.00,12.92,,8/23/25 9:56 AM,8/23/25 9:49 AM
76,,CREDIT,Melissa ,Melissa ,0.00,15.84,,8/23/25 9:57 AM,8/23/25 9:50 AM
80,,CREDIT,Melissa ,Melissa ,0.00,10.04,,8/23/25 9:58 AM,8/23/25 9:53 AM
81,,CREDIT,Melissa ,Melissa ,2.00,10.80,,8/23/25 9:59 AM,8/23/25 9:55 AM
82,,CREDIT,Melissa ,Melissa ,1.00,6.26,,8/23/25 10:00 AM,8/23/25 9:57 AM
51,29,CREDIT,Lizbeth,Lizbeth,5.30,39.70,,8/23/25 10:03 AM,8/23/25 9:18 AM
62,18,CREDIT,Leticia,siri,0.00,17.16,,8/23/25 10:04 AM,8/23/25 9:34 AM
84,,CREDIT,Melissa ,Melissa ,0.00,10.71,,8/23/25 10:04 AM,8/23/25 10:03 AM
18001,2,CREDIT,Leticia,siri,0.00,18.65,,8/23/25 10:06 AM,8/23/25 9:32 AM
68,,CREDIT,Melissa ,Melissa ,0.00,20.03,,8/23/25 10:07 AM,8/23/25 9:41 AM
58,31,CREDIT,Lizbeth,Lizbeth,0.00,39.93,,8/23/25 10:09 AM,8/23/25 9:31 AM
86,,CREDIT,Melissa ,Melissa ,0.00,14.67,,8/23/25 10:11 AM,8/23/25 10:05 AM
92,,CREDIT,siri,siri,0.00,8.41,,8/23/25 10:14 AM,8/23/25 10:14 AM
87,,CREDIT,Melissa ,Melissa ,0.00,12.62,,8/23/25 10:15 AM,8/23/25 10:06 AM
94,,CREDIT,siri,siri,2.00,4.31,,8/23/25 10:16 AM,8/23/25 10:16 AM
59,7,CREDIT,Gabriel,Gabriel,5.00,32.74,,8/23/25 10:19 AM,8/23/25 9:32 AM
89,,CREDIT,Melissa ,Melissa ,0.00,24.74,,8/23/25 10:19 AM,8/23/25 10:07 AM
91,,CREDIT,Melissa ,Melissa ,0.00,25.03,,8/23/25 10:20 AM,8/23/25 10:11 AM
90,,CREDIT,siri,siri,2.00,27.30,,8/23/25 10:23 AM,8/23/25 10:09 AM
78,25,CASH,Gabriel,Gabriel,0.00,64.26,,8/23/25 10:23 AM,8/23/25 9:53 AM
65,10,CREDIT,Emanuel,Emanuel,5.00,59.63,,8/23/25 10:24 AM,8/23/25 9:44 AM
101,,CREDIT,Melissa ,Melissa ,0.00,4.32,,8/23/25 10:25 AM,8/23/25 10:24 AM
93,,CREDIT,Melissa ,Melissa ,0.00,4.31,,8/23/25 10:27 AM,8/23/25 10:15 AM
97,,CREDIT,Melissa ,Melissa ,0.00,18.55,,8/23/25 10:28 AM,8/23/25 10:19 AM
106,,CREDIT,Melissa ,Melissa ,0.00,6.46,,8/23/25 10:29 AM,8/23/25 10:29 AM
95,,CREDIT,siri,siri,0.00,16.00,,8/23/25 10:31 AM,8/23/25 10:18 AM
70,15,CREDIT,Adrian,Adrian,8.00,35.13,,8/23/25 10:32 AM,8/23/25 9:44 AM
100,,CREDIT,Melissa ,Melissa ,0.00,8.84,,8/23/25 10:33 AM,8/23/25 10:22 AM
103,,CREDIT,Melissa ,Melissa ,2.00,24.49,,8/23/25 10:34 AM,8/23/25 10:26 AM
105,,CREDIT,Melissa ,Melissa ,0.00,34.22,,8/23/25 10:35 AM,8/23/25 10:28 AM
110,,CREDIT,Melissa ,Melissa ,0.00,30.93,,8/23/25 10:36 AM,8/23/25 10:32 AM
98,,CREDIT,Melissa ,Melissa ,0.00,24.74,,8/23/25 10:37 AM,8/23/25 10:19 AM
88,35,CREDIT,Emanuel,Emanuel,10.00,64.38,,8/23/25 10:38 AM,8/23/25 10:12 AM
83,14,CASH,Leticia,Leticia,0.00,16.62,,8/23/25 10:39 AM,8/23/25 9:59 AM
111,,CREDIT,siri,siri,3.00,18.34,,8/23/25 10:40 AM,8/23/25 10:35 AM
113,,CREDIT,Melissa ,Melissa ,0.00,16.50,,8/23/25 10:41 AM,8/23/25 10:34 AM
25001,31,CREDIT,Gabriel,,3.73,20.17,,8/23/25 10:43 AM,8/23/25 10:23 AM
114,,CREDIT,Melissa ,Melissa ,2.00,17.71,,8/23/25 10:44 AM,8/23/25 10:36 AM
117,,CREDIT,siri,siri,0.00,21.15,,8/23/25 10:46 AM,8/23/25 10:40 AM
115,,CREDIT,Melissa ,Melissa ,0.00,6.48,,8/23/25 10:46 AM,8/23/25 10:36 AM
120,,CREDIT,Melissa ,Melissa ,0.00,13.37,,8/23/25 10:47 AM,8/23/25 10:44 AM
96,28,CREDIT,Adrian,Adrian,3.00,26.78,,8/23/25 10:51 AM,8/23/25 10:18 AM
123,,CREDIT,Melissa ,Melissa ,0.00,7.66,,8/23/25 10:51 AM,8/23/25 10:44 AM
124,,CREDIT,Melissa ,Melissa ,2.00,16.69,,8/23/25 10:53 AM,8/23/25 10:46 AM
127,,CREDIT,siri,siri,0.00,25.52,,8/23/25 10:54 AM,8/23/25 10:53 AM
125,,CASH,Melissa ,Melissa ,0.00,6.90,DRIVE THRU 1,8/23/25 10:54 AM,8/23/25 10:48 AM
126,,CASH,Melissa ,Melissa ,0.00,11.65,DRIVE THRU 1,8/23/25 10:55 AM,8/23/25 10:52 AM
130,,CREDIT,siri,siri,0.00,12.98,,8/23/25 10:56 AM,8/23/25 10:56 AM
129,,CREDIT,Melissa ,Melissa ,0.00,20.46,,8/23/25 10:57 AM,8/23/25 10:56 AM
131,,CREDIT,Melissa ,Melissa ,0.00,9.39,,8/23/25 10:57 AM,8/23/25 10:56 AM
102,16,CREDIT,Leticia,Leticia,6.00,39.31,,8/23/25 10:57 AM,8/23/25 10:27 AM
132,,CREDIT,Melissa ,Melissa ,0.00,18.87,,8/23/25 11:01 AM,8/23/25 10:57 AM
9,28,CREDIT,Lizbeth,Zoila,0.00,-20.12,,8/23/25 11:01 AM,8/21/25 9:01 AM
133,,CREDIT,Melissa ,Melissa ,2.00,5.72,,8/23/25 11:03 AM,8/23/25 10:58 AM
119,15,CREDIT,Leticia,Leticia,4.00,16.70,,8/23/25 11:05 AM,8/23/25 10:40 AM
108,2,CREDIT,Lizbeth,Lizbeth,6.00,24.86,,8/23/25 11:05 AM,8/23/25 10:32 AM
107,3,CREDIT,Emanuel,Emanuel,5.00,18.64,,8/23/25 11:06 AM,8/23/25 10:30 AM
141,,CREDIT,Melissa ,Melissa ,0.00,8.65,,8/23/25 11:08 AM,8/23/25 11:08 AM
112,12,CREDIT,Adrian,Adrian,0.00,28.08,,8/23/25 11:09 AM,8/23/25 10:35 AM
128,,CREDIT,siri,siri,0.00,25.92,,8/23/25 11:11 AM,8/23/25 10:57 AM
135,,CREDIT,Melissa ,Melissa ,3.00,32.38,,8/23/25 11:12 AM,8/23/25 11:02 AM
137,,CREDIT,Melissa ,Melissa ,2.00,16.62,,8/23/25 11:15 AM,8/23/25 11:03 AM
148,,CREDIT,Melissa ,Melissa ,0.00,3.24,,8/23/25 11:16 AM,8/23/25 11:16 AM
144,,CREDIT,Melissa ,Melissa ,3.26,23.50,,8/23/25 11:17 AM,8/23/25 11:14 AM
146,,CREDIT,siri,siri,5.00,55.97,,8/23/25 11:18 AM,8/23/25 11:18 AM
104,23,CREDIT,Sugey,Sugey,0.00,26.73,,8/23/25 11:18 AM,8/23/25 10:28 AM
147,,CREDIT,Melissa ,Melissa ,2.00,17.02,,8/23/25 11:19 AM,8/23/25 11:14 AM
151,,CASH,siri,siri,0.00,21.17,Host Drawer,8/23/25 11:19 AM,8/23/25 11:17 AM
121,18,CREDIT,Gabriel,Gabriel,5.00,29.76,,8/23/25 11:21 AM,8/23/25 10:43 AM
159,,CREDIT,siri,siri,0.00,68.63,,8/23/25 11:21 AM,8/23/25 11:21 AM
160,,CREDIT,siri,siri,0.00,4.28,,8/23/25 11:22 AM,8/23/25 11:22 AM
150,,CREDIT,Melissa ,Melissa ,0.00,10.67,,8/23/25 11:24 AM,8/23/25 11:17 AM
118,6,CASH,Sugey,Sugey,0.00,35.65,,8/23/25 11:25 AM,8/23/25 10:41 AM
163,,CASH,siri,siri,0.00,39.60,Host Drawer,8/23/25 11:26 AM,8/23/25 11:26 AM
136,4,CREDIT,Gabriel,Gabriel,4.00,23.19,,8/23/25 11:27 AM,8/23/25 11:04 AM
134,31,CREDIT,Adrian,siri,0.00,32.53,,8/23/25 11:27 AM,8/23/25 10:59 AM
22001,1,CREDIT,Emanuel,Emanuel,0.00,30.78,,8/23/25 11:28 AM,8/23/25 10:59 AM
164,1,CREDIT,Emanuel,Emanuel,2.00,14.88,,8/23/25 11:28 AM,8/23/25 11:27 AM
153,,CREDIT,Melissa ,Melissa ,0.00,17.46,,8/23/25 11:32 AM,8/23/25 11:18 AM
170,,CREDIT,Melissa ,Melissa ,0.00,1.40,,8/23/25 11:34 AM,8/23/25 11:33 AM
156,,CREDIT,Melissa ,Melissa ,1.00,24.41,,8/23/25 11:36 AM,8/23/25 11:19 AM
162,,CASH,Melissa ,Melissa ,0.00,13.58,DRIVE THRU 1,8/23/25 11:37 AM,8/23/25 11:24 AM
176,,CASH,siri,siri,0.00,11.20,Host Drawer,8/23/25 11:38 AM,8/23/25 11:38 AM
140,20,CREDIT,Lizbeth,Lizbeth,0.00,38.87,,8/23/25 11:39 AM,8/23/25 11:08 AM
165,,CREDIT,Melissa ,Melissa ,0.00,29.69,,8/23/25 11:45 AM,8/23/25 11:29 AM
167,,CREDIT,siri,siri,0.00,14.26,,8/23/25 11:45 AM,8/23/25 11:32 AM
171,,CREDIT,Melissa ,Melissa ,0.00,28.19,,8/23/25 11:46 AM,8/23/25 11:35 AM
175,,CREDIT,Melissa ,Melissa ,0.00,19.64,,8/23/25 11:48 AM,8/23/25 11:38 AM
152,15,CREDIT,Lizbeth,Lizbeth,5.00,41.59,,8/23/25 11:48 AM,8/23/25 11:18 AM
178,,CASH,Melissa ,Melissa ,0.00,11.22,DRIVE THRU 1,8/23/25 11:49 AM,8/23/25 11:38 AM
138,,CREDIT,siri,siri,0.00,103.86,,8/23/25 11:50 AM,8/23/25 11:10 AM
143,25,CREDIT,Emanuel,Emanuel,10.00,55.33,,8/23/25 11:51 AM,8/23/25 11:16 AM
142,14,CREDIT,Sugey,siri,5.00,33.52,,8/23/25 11:51 AM,8/23/25 11:09 AM
184,,CASH,Melissa ,Melissa ,0.00,51.90,DRIVE THRU 1,8/23/25 11:52 AM,8/23/25 11:47 AM
185,,CREDIT,Melissa ,Melissa ,2.00,43.20,,8/23/25 11:55 AM,8/23/25 11:49 AM
187,,CREDIT,Melissa ,Melissa ,0.00,38.39,,8/23/25 11:58 AM,8/23/25 11:52 AM
189,,CASH,Melissa ,Melissa ,0.00,20.07,DRIVE THRU 1,8/23/25 11:59 AM,8/23/25 11:57 AM
154,12,CREDIT,Gabriel,Gabriel,10.00,23.99,,8/23/25 12:01 PM,8/23/25 11:19 AM
158,2,CREDIT,Sugey,Sugey,4.00,19.89,,8/23/25 12:01 PM,8/23/25 11:20 AM
180,,CREDIT,siri,Zoila,0.00,31.33,,8/23/25 12:03 PM,8/23/25 11:42 AM
190,,CASH,Melissa ,Melissa ,0.00,13.61,DRIVE THRU 1,8/23/25 12:04 PM,8/23/25 11:57 AM
192,,CREDIT,Melissa ,Melissa ,1.00,5.39,,8/23/25 12:04 PM,8/23/25 11:59 AM
197,,CREDIT,Melissa ,Melissa ,0.00,15.65,,8/23/25 12:07 PM,8/23/25 12:06 PM
155,8,CREDIT,Adrian,Adrian,0.00,35.02,,8/23/25 12:07 PM,8/23/25 11:19 AM
166,29,CREDIT,Emanuel,Emanuel,4.80,40.20,,8/23/25 12:10 PM,8/23/25 11:34 AM
174,4,CREDIT,Adrian,Adrian,10.00,25.13,,8/23/25 12:11 PM,8/23/25 11:37 AM
157,3,CREDIT,Leticia,Leticia,3.66,51.34,,8/23/25 12:11 PM,8/23/25 11:24 AM
182,26,CREDIT,Leticia,,7.32,39.62,,8/23/25 12:12 PM,8/23/25 11:44 AM
199,,CREDIT,Melissa ,Melissa ,0.00,19.42,,8/23/25 12:12 PM,8/23/25 12:10 PM
139,16,CREDIT,Leticia,,7.00,63.02,,8/23/25 12:13 PM,8/23/25 11:06 AM
16001,20,CREDIT,Lizbeth,,3.37,18.23,,8/23/25 12:17 PM,8/23/25 11:51 AM
201,,CREDIT,Melissa ,Melissa ,0.00,13.63,,8/23/25 12:18 PM,8/23/25 12:12 PM
202,,CREDIT,Melissa ,Melissa ,0.00,7.75,,8/23/25 12:19 PM,8/23/25 12:12 PM
177,7,CREDIT,Gabriel,Gabriel,10.00,46.69,,8/23/25 12:20 PM,8/23/25 11:38 AM
186,31,CREDIT,Adrian,Adrian,10.00,41.63,,8/23/25 12:23 PM,8/23/25 11:49 AM
207,,CREDIT,Melissa ,Melissa ,0.00,5.39,,8/23/25 12:23 PM,8/23/25 12:17 PM
22002,14,CREDIT,Emanuel,,4.02,28.99,,8/23/25 12:24 PM,8/23/25 11:49 AM
208,,CREDIT,Melissa ,Melissa ,0.00,33.56,,8/23/25 12:24 PM,8/23/25 12:19 PM
209,,CASH,siri,siri,0.00,6.80,Host Drawer,8/23/25 12:25 PM,8/23/25 12:19 PM
210,,CREDIT,Melissa ,Melissa ,0.00,23.40,,8/23/25 12:29 PM,8/23/25 12:21 PM
179,35,CREDIT,Sugey,siri,10.18,64.18,,8/23/25 12:29 PM,8/23/25 11:44 AM
188,6,CREDIT,Sugey,siri,5.00,47.69,,8/23/25 12:30 PM,8/23/25 11:54 AM
194,15,CREDIT,Lizbeth,Lizbeth,10.00,38.05,,8/23/25 12:33 PM,8/23/25 12:01 PM
218,,CASH,siri,siri,0.00,11.67,Host Drawer,8/23/25 12:34 PM,8/23/25 12:34 PM
205,,CREDIT,siri,siri,0.00,14.03,,8/23/25 12:35 PM,8/23/25 12:18 PM
183,17,CASH,Lizbeth,Lizbeth,0.00,57.92,,8/23/25 12:35 PM,8/23/25 11:45 AM
212,,CREDIT,Melissa ,Melissa ,0.00,4.30,,8/23/25 12:37 PM,8/23/25 12:24 PM
213,,CREDIT,Melissa ,Melissa ,3.00,49.26,,8/23/25 12:38 PM,8/23/25 12:26 PM
215,,CREDIT,Melissa ,Melissa ,0.00,14.69,,8/23/25 12:39 PM,8/23/25 12:30 PM
196,21,CASH,Gabriel,Gabriel,0.00,15.14,,8/23/25 12:41 PM,8/23/25 12:05 PM
221,,CREDIT,Melissa ,Melissa ,0.00,4.30,,8/23/25 12:44 PM,8/23/25 12:38 PM
224,,CREDIT,Melissa ,Melissa ,0.00,5.39,,8/23/25 12:45 PM,8/23/25 12:39 PM
225,,CREDIT,Melissa ,Melissa ,0.00,26.38,,8/23/25 12:47 PM,8/23/25 12:40 PM
226,,CREDIT,Melissa ,Melissa ,0.00,11.12,,8/23/25 12:48 PM,8/23/25 12:45 PM
229,,CASH,Melissa ,Melissa ,0.00,6.78,DRIVE THRU 1,8/23/25 12:53 PM,8/23/25 12:47 PM
18002,27,CREDIT,Leticia,Leticia,7.00,32.20,,8/23/25 12:54 PM,8/23/25 12:14 PM
227,1,CREDIT,Leticia,,0.00,21.62,,8/23/25 12:55 PM,8/23/25 12:50 PM
228,1,CASH,Leticia,Leticia,0.00,17.62,,8/23/25 12:56 PM,8/23/25 12:50 PM
232,1,CASH,Leticia,Leticia,0.00,16.76,,8/23/25 12:56 PM,8/23/25 12:50 PM
191,1,CASH,Leticia,Leticia,0.00,23.14,,8/23/25 12:58 PM,8/23/25 12:07 PM
230,1,CASH,Leticia,Leticia,0.00,24.55,,8/23/25 12:58 PM,8/23/25 12:50 PM
235,,CASH,Melissa ,Melissa ,0.00,3.88,DRIVE THRU 1,8/23/25 12:59 PM,8/23/25 12:59 PM
236,,CASH,Melissa ,Melissa ,0.00,8.30,DRIVE THRU 1,8/23/25 1:02 PM,8/23/25 12:59 PM
216,4,CREDIT,Adrian,Adrian,10.00,46.97,,8/23/25 1:03 PM,8/23/25 12:31 PM
238,,CREDIT,Melissa ,Melissa ,0.00,11.10,,8/23/25 1:04 PM,8/23/25 1:01 PM
214,26,CREDIT,Sugey,Sugey,6.00,27.04,,8/23/25 1:04 PM,8/23/25 12:30 PM
217,29,CREDIT,Gabriel,Gabriel,5.00,22.51,,8/23/25 1:06 PM,8/23/25 12:32 PM
217,29,CREDIT,Gabriel,Gabriel,5.00,22.51,,8/23/25 1:06 PM,8/23/25 12:32 PM
204,12,CREDIT,Emanuel,Emanuel,10.00,42.15,,8/23/25 1:06 PM,8/23/25 12:19 PM
237,,CASH,Melissa ,Melissa ,0.00,6.14,DRIVE THRU 1,8/23/25 1:07 PM,8/23/25 1:00 PM
239,,CREDIT,Melissa ,Melissa ,0.00,22.77,,8/23/25 1:12 PM,8/23/25 1:02 PM
240,,CREDIT,Melissa ,Melissa ,0.00,9.17,,8/23/25 1:14 PM,8/23/25 1:03 PM
241,,CREDIT,Melissa ,Melissa ,20.00,22.27,,8/23/25 1:18 PM,8/23/25 1:05 PM
243,,CREDIT,Melissa ,Melissa ,0.00,52.45,,8/23/25 1:20 PM,8/23/25 1:14 PM
248,,CREDIT,Melissa ,Melissa ,0.00,10.72,,8/23/25 1:22 PM,8/23/25 1:22 PM
211,5,CASH,Lizbeth,Lizbeth,0.00,14.06,,8/23/25 1:26 PM,8/23/25 12:25 PM
233,15,CREDIT,Sugey,Sugey,10.25,47.75,,8/23/25 1:28 PM,8/23/25 12:52 PM
244,,CREDIT,Melissa ,Melissa ,0.00,45.89,,8/23/25 1:29 PM,8/23/25 1:15 PM
247,,CREDIT,Melissa ,Melissa ,0.00,18.80,,8/23/25 1:30 PM,8/23/25 1:16 PM
219,37,CASH,Emanuel,Emanuel,0.00,112.62,,8/23/25 1:31 PM,8/23/25 12:42 PM
222,20,CREDIT,Adrian,Adrian,5.00,31.57,,8/23/25 1:33 PM,8/23/25 12:38 PM
249,,CREDIT,Melissa ,Melissa ,0.00,7.34,,8/23/25 1:35 PM,8/23/25 1:23 PM
234,34,CREDIT,Lizbeth,siri,0.00,68.34,,8/23/25 1:38 PM,8/23/25 12:54 PM
242,3,CREDIT,Lizbeth,Lizbeth,4.00,16.48,,8/23/25 1:41 PM,8/23/25 1:08 PM
245,28,CREDIT,Emanuel,Emanuel,0.00,39.14,,8/23/25 1:50 PM,8/23/25 1:21 PM
,,CASH_COLLECTED,Emanuel,Emanuel,0.00,112.62*,House,8/23/25 2:11 PM,8/23/25 2:11 PM
,,TIP_OUT,Emanuel,Emanuel,-55.82,0.00,House,8/23/25 2:11 PM,8/23/25 2:11 PM
255,,CREDIT,Melissa ,Melissa ,0.00,20.64,,8/23/25 2:13 PM,8/23/25 2:10 PM
246,23,CREDIT,Leticia,Leticia,10.00,54.56,,8/23/25 2:17 PM,8/23/25 1:16 PM
257,,CASH,Melissa ,Melissa ,0.00,29.21,DRIVE THRU 1,8/23/25 2:17 PM,8/23/25 2:16 PM
258,23,CREDIT,Leticia,Leticia,5.00,20.82,,8/23/25 2:17 PM,8/23/25 2:16 PM
253,,CREDIT,Mia,Melissa ,0.00,12.97,,8/23/25 2:18 PM,8/23/25 1:58 PM
259,7,CREDIT,Adrian,Adrian,7.48,47.52,,8/23/25 2:20 PM,8/23/25 2:19 PM
250,7,CREDIT,Adrian,Adrian,0.00,23.86,,8/23/25 2:21 PM,8/23/25 1:38 PM
,,CASH_COLLECTED,Leticia,Leticia,0.00,98.69*,House,8/23/25 2:23 PM,8/23/25 2:23 PM
,,TIP_OUT,Leticia,Leticia,-49.98,0.00,House,8/23/25 2:23 PM,8/23/25 2:23 PM
252,14,CREDIT,Gabriel,Gabriel,5.00,55.23,,8/23/25 2:24 PM,8/23/25 1:47 PM
,,CASH_COLLECTED,Lizbeth,Lizbeth,0.00,79.97*,House,8/23/25 2:28 PM,8/23/25 2:28 PM
,,TIP_OUT,Lizbeth,Lizbeth,-44.67,0.00,House,8/23/25 2:28 PM,8/23/25 2:28 PM
263,,CREDIT,Melissa ,Melissa ,5.00,40.02,,8/23/25 2:32 PM,8/23/25 2:32 PM
265,12,CREDIT,Sugey,Sugey,5.00,39.14,,8/23/25 2:34 PM,8/23/25 2:33 PM
266,12,CREDIT,Sugey,Sugey,5.00,33.53,,8/23/25 2:35 PM,8/23/25 2:33 PM
264,,CREDIT,Melissa ,Melissa ,0.00,30.82,,8/23/25 2:35 PM,8/23/25 2:34 PM
,,TIP_OUT,siri,siri,-24.25,0.00,House,8/23/25 2:39 PM,8/23/25 2:39 PM
20001,21,CREDIT,Lisa,,3.97,28.67,,8/23/25 2:39 PM,8/23/25 2:13 PM
,,CASH_COLLECTED,Sugey,Sugey,0.00,50.12*,House,8/23/25 2:40 PM,8/23/25 2:40 PM
,,TIP_OUT,Sugey,Sugey,-59.43,0.00,House,8/23/25 2:40 PM,8/23/25 2:40 PM
25002,31,CREDIT,Gabriel,Gabriel,16.00,134.28,,8/23/25 2:42 PM,8/23/25 1:22 PM
268,,CREDIT,Melissa ,Melissa ,0.00,21.48,,8/23/25 2:44 PM,8/23/25 2:40 PM
,,CASH_COLLECTED,Gabriel,Gabriel,0.00,87.29*,House,8/23/25 2:46 PM,8/23/25 2:46 PM
,,TIP_OUT,Gabriel,Gabriel,-93.67,0.00,House,8/23/25 2:46 PM,8/23/25 2:46 PM
262,,CREDIT,Melissa ,Melissa ,0.00,15.22,,8/23/25 2:51 PM,8/23/25 2:30 PM
272,,CREDIT,Melissa ,Melissa ,0.00,30.50,,8/23/25 2:57 PM,8/23/25 2:57 PM
267,26,CREDIT,Lisa,Lisa,5.00,23.68,,8/23/25 3:15 PM,8/23/25 2:36 PM
277,,CREDIT,Melissa ,Melissa ,0.00,10.15,,8/23/25 3:20 PM,8/23/25 3:20 PM
21001,16,CREDIT,Adrian,Adrian,0.00,25.74,,8/23/25 3:21 PM,8/23/25 2:32 PM
278,,CASH,Melissa ,Melissa ,0.00,7.44,DRIVE THRU 1,8/23/25 3:33 PM,8/23/25 3:31 PM
279,,CREDIT,Melissa ,Melissa ,0.00,10.57,,8/23/25 3:42 PM,8/23/25 3:42 PM
,,PAY_OUT,Candy,,0.00,-25.96,House,8/23/25 3:43 PM,8/23/25 3:43 PM
275,14,CREDIT,Adrian,Adrian,4.52,32.63,,8/23/25 3:45 PM,8/23/25 2:59 PM
281,,CREDIT,Melissa ,Melissa ,6.28,45.31,,8/23/25 3:48 PM,8/23/25 3:48 PM
284,20,CREDIT,Lisa,Lisa,3.00,27.04,,8/23/25 3:50 PM,8/23/25 3:46 PM
286,,CREDIT,Melissa ,Melissa ,5.00,44.95,,8/23/25 3:55 PM,8/23/25 3:52 PM
273,20,CASH,Lisa,Lisa,0.00,34.28,,8/23/25 3:56 PM,8/23/25 3:13 PM
282,20,CREDIT,Lisa,Lisa,7.00,37.39,,8/23/25 3:56 PM,8/23/25 3:46 PM
283,20,CASH,Lisa,Lisa,0.00,44.01,,8/23/25 3:57 PM,8/23/25 3:46 PM
285,20,CASH,Lisa,Lisa,0.00,27.79,,8/23/25 3:57 PM,8/23/25 3:46 PM
276,23,CREDIT,Adrian,Adrian,3.00,15.67,,8/23/25 4:01 PM,8/23/25 3:18 PM
280,15,CREDIT,Lisa,Lisa,0.00,26.70,,8/23/25 4:02 PM,8/23/25 3:38 PM
288,31,CREDIT,Adrian,Adrian,11.00,58.29,,8/23/25 4:03 PM,8/23/25 4:03 PM
289,31,CREDIT,Adrian,Adrian,4.33,79.31,,8/23/25 4:08 PM,8/23/25 4:06 PM
290,31,CREDIT,Adrian,Adrian,2.72,61.35,,8/23/25 4:10 PM,8/23/25 4:09 PM
292,31,CREDIT,Adrian,Adrian,2.97,54.45,,8/23/25 4:13 PM,8/23/25 4:12 PM
270,31,CREDIT,Adrian,Adrian,4.90,89.68,,8/23/25 4:18 PM,8/23/25 2:56 PM
270,31,CREDIT,Adrian,Adrian,10.00,89.69,,8/23/25 4:18 PM,8/23/25 2:56 PM
295,,CREDIT,Melissa ,Melissa ,0.00,17.92,,8/23/25 4:33 PM,8/23/25 4:32 PM
298,,CASH,Melissa ,Melissa ,0.00,11.98,DRIVE THRU 1,8/23/25 4:53 PM,8/23/25 4:52 PM
293,23,CREDIT,Adrian,Adrian,7.50,28.68,,8/23/25 4:57 PM,8/23/25 4:17 PM
294,34,CREDIT,Lisa,Lisa,10.00,35.32,,8/23/25 5:01 PM,8/23/25 4:28 PM
300,,CREDIT,Melissa ,Melissa ,0.00,50.84,,8/23/25 5:04 PM,8/23/25 5:01 PM
303,,CREDIT,Melissa ,Melissa ,0.00,20.08,,8/23/25 5:06 PM,8/23/25 5:06 PM
254,2,CASH,Adrian,Adrian,0.00,25.96,,8/23/25 5:15 PM,8/23/25 1:58 PM
296,3,CREDIT,Adrian,Adrian,10.00,35.68,,8/23/25 5:17 PM,8/23/25 4:43 PM
301,,CREDIT,Mia,Melissa ,0.00,52.99,,8/23/25 5:22 PM,8/23/25 5:04 PM
308,,CREDIT,Melissa ,Melissa ,0.00,7.57,,8/23/25 5:30 PM,8/23/25 5:29 PM
309,,CREDIT,Melissa ,Melissa ,3.00,48.66,,8/23/25 5:37 PM,8/23/25 5:35 PM
310,,CREDIT,Melissa ,Melissa ,1.00,8.64,,8/23/25 5:38 PM,8/23/25 5:37 PM
306,,CREDIT,Mia,Mia,0.00,14.06,,8/23/25 5:38 PM,8/23/25 5:21 PM
297,4,CREDIT,Lisa,Lisa,14.62,79.11,,8/23/25 5:47 PM,8/23/25 4:52 PM
304,14,CASH,Lisa,Lisa,0.00,33.37,,8/23/25 5:50 PM,8/23/25 5:15 PM
305,7,CREDIT,Adrian,Adrian,12.00,89.50,,8/23/25 5:59 PM,8/23/25 5:15 PM
313,,CREDIT,Melissa ,Melissa ,0.00,20.84,,8/23/25 6:04 PM,8/23/25 6:01 PM
311,,CREDIT,Mia,Mia,5.00,43.26,,8/23/25 6:06 PM,8/23/25 5:48 PM
314,,CASH,Melissa ,Melissa ,0.00,21.63,DRIVE THRU 1,8/23/25 6:08 PM,8/23/25 6:08 PM
307,2,CREDIT,Candy,Candy,6.00,58.95,,8/23/25 6:20 PM,8/23/25 5:29 PM
319,,CREDIT,Melissa ,Melissa ,2.00,33.52,,8/23/25 6:35 PM,8/23/25 6:34 PM
35001,16,CREDIT,Adrian,Adrian,5.00,36.66,,8/23/25 6:51 PM,8/23/25 5:53 PM
323,,CREDIT,Melissa ,Melissa ,3.00,17.30,,8/23/25 6:54 PM,8/23/25 6:49 PM
324,,CREDIT,Melissa ,Melissa ,3.00,21.63,,8/23/25 6:55 PM,8/23/25 6:54 PM
317,20,CREDIT,Candy,,3.34,18.05,,8/23/25 7:05 PM,8/23/25 6:16 PM
318,21,CREDIT,Candy,,12.72,68.86,,8/23/25 7:06 PM,8/23/25 6:18 PM
316,18,CREDIT,Candy,Candy,15.00,69.39,,8/23/25 7:16 PM,8/23/25 6:16 PM
328,,CREDIT,Melissa ,Melissa ,0.00,18.38,,8/23/25 7:37 PM,8/23/25 7:34 PM
329,,CREDIT,Melissa ,Melissa ,0.00,52.00,,8/23/25 7:39 PM,8/23/25 7:36 PM
322,14,CREDIT,Lisa,Lisa,10.27,74.10,,8/23/25 7:39 PM,8/23/25 6:45 PM
325,15,CREDIT,Candy,Candy,10.00,84.29,,8/23/25 8:08 PM,8/23/25 7:04 PM
320,5,CASH,Adrian,Adrian,0.00,110.65,,8/23/25 8:09 PM,8/23/25 6:41 PM
330,,CREDIT,Melissa ,Melissa ,0.00,14.03,,8/23/25 8:11 PM,8/23/25 8:10 PM
330,,CREDIT,Melissa ,Melissa ,0.00,5.29,,8/23/25 8:11 PM,8/23/25 8:10 PM
327,2,CASH,Lisa,Lisa,0.00,20.55,,8/23/25 8:13 PM,8/23/25 7:31 PM
333,30,CREDIT,Lisa,Lisa,12.00,61.82,,8/23/25 8:17 PM,8/23/25 7:49 PM
35002,16,CREDIT,Adrian,Adrian,0.00,28.64,,8/23/25 8:20 PM,8/23/25 7:37 PM
332,23,CREDIT,Adrian,Adrian,7.00,29.20,,8/23/25 8:25 PM,8/23/25 7:48 PM
331,8,CASH,Candy,Candy,0.00,116.87,,8/23/25 8:25 PM,8/23/25 7:43 PM
85,,CASH,Melissa ,Mia,0.00,0.81,Host Drawer,8/23/25 9:00 PM,8/23/25 10:04 AM
,,CASH_COLLECTED,Adrian,Adrian,0.00,136.61*,House,8/23/25 9:05 PM,8/23/25 9:05 PM
,,TIP_OUT,Adrian,Adrian,-231.17,0.00,House,8/23/25 9:05 PM,8/23/25 9:05 PM
,,CASH_COLLECTED,Adrian,Adrian,0.00,136.61*,House,8/23/25 9:05 PM,8/23/25 9:05 PM
,,TIP_OUT,Adrian,Adrian,-231.17,0.00,House,8/23/25 9:05 PM,8/23/25 9:05 PM
326,3,CREDIT,Lisa,Lisa,10.00,77.30,,8/23/25 9:06 PM,8/23/25 7:07 PM
,,TIP_OUT,Candy,Melissa ,-114.23,0.00,House,8/23/25 9:11 PM,8/23/25 9:11 PM
,,CASH_COLLECTED,Candy,Candy,0.00,116.87*,House,8/23/25 9:14 PM,8/23/25 9:14 PM
,,TIP_OUT,Candy,Candy,-47.06,0.00,House,8/23/25 9:14 PM,8/23/25 9:14 PM
,,CASH_COLLECTED,Lisa,Lisa,0.00,160.00*,House,8/23/25 9:17 PM,8/23/25 9:17 PM
,,TIP_OUT,Lisa,Lisa,-75.86,0.00,House,8/23/25 9:17 PM,8/23/25 9:17 PM
,,TOTAL,,,-331.86,8074.10,,,
