Location,Order #,Opened,Server,Table,Revenue Center,Discount Amount,Amount,Tax,Tip,Gratuity,Duration (Opened to Paid)
12060 Potranco Road,1,8/23/25 6:32 AM,Melissa  Urena,,Drive Thru,0.00,7.47,0.62,0.00,0.00,00:03:02
12060 Potranco Road,31001,8/23/25 6:47 AM,Melissa  Urena,,Drive Thru,0.00,3.58,0.30,0.00,0.00,00:00:38
12060 Potranco Road,3,8/23/25 6:48 AM,Melissa  Urena,,Drive Thru,0.00,12.45,1.02,0.00,0.00,00:11:59
12060 Potranco Road,4,8/23/25 6:58 AM,Melissa  Urena,,Drive Thru,0.00,8.23,0.68,0.00,0.00,00:04:46
12060 Potranco Road,31002,8/23/25 7:10 AM,Melissa  Urena,,Drive Thru,0.00,2.99,0.25,5.00,0.00,00:00:11
12060 Potranco Road,6,8/23/25 7:13 AM,Melissa  Urena,,Drive Thru,0.00,5.97,0.49,0.00,0.00,00:00:24
12060 Potranco Road,7,8/23/25 7:13 AM,Melissa  Urena,,Drive Thru,0.00,40.37,3.33,0.00,0.00,00:03:39
12060 Potranco Road,8,8/23/25 7:17 AM,Melissa  Urena,,Drive Thru,0.00,7.68,0.63,1.69,0.00,00:02:53
12060 Potranco Road,9,8/23/25 7:24 AM,Melissa  Urena,,Drive Thru,0.00,8.98,0.74,2.00,0.00,00:00:31
12060 Potranco Road,10,8/23/25 7:29 AM,Melissa  Urena,,Drive Thru,0.00,7.23,0.59,5.00,0.00,00:01:33
12060 Potranco Road,11,8/23/25 7:32 AM,Melissa  Urena,,Drive Thru,0.00,19.32,1.60,1.00,0.00,00:02:46
12060 Potranco Road,12,8/23/25 7:35 AM,Melissa  Urena,,Drive Thru,0.00,15.16,1.24,0.00,0.00,00:04:57
12060 Potranco Road,13,8/23/25 7:36 AM,Melissa  Urena,,Drive Thru,0.00,4.58,0.38,0.00,0.00,00:06:25
12060 Potranco Road,14,8/23/25 7:44 AM,Melissa  Urena,,Drive Thru,0.00,5.24,0.43,0.00,0.00,00:00:40
12060 Potranco Road,15,8/23/25 7:45 AM,Melissa  Urena,,Drive Thru,0.00,27.20,2.23,0.00,0.00,00:06:46
12060 Potranco Road,17,8/23/25 7:57 AM,Melissa  Urena,,Drive Thru,0.00,3.98,0.33,0.00,0.00,00:01:26
12060 Potranco Road,18,8/23/25 8:01 AM,Melissa  Urena,,Drive Thru,0.00,4.08,0.34,0.00,0.00,00:05:14
12060 Potranco Road,34001,8/23/25 7:58 AM,Melissa  Urena,,Drive Thru,0.00,11.54,0.96,0.00,0.00,00:02:56
12060 Potranco Road,31003,8/23/25 8:06 AM,Melissa  Urena,,Drive Thru,0.00,9.06,0.75,0.00,0.00,00:01:13
12060 Potranco Road,19,8/23/25 8:05 AM,Gabriel Tovar ,,Dining Room,0.00,18.15,1.50,0.00,0.00,00:01:53
12060 Potranco Road,22,8/23/25 8:08 AM,Melissa  Urena,,Drive Thru,0.00,25.92,2.15,0.00,0.00,00:01:38
12060 Potranco Road,21,8/23/25 8:08 AM,Lizbeth Garcia,14,Dining Room,0.00,27.60,2.29,6.00,0.00,00:22:27
12060 Potranco Road,24,8/23/25 8:12 AM,Sugey Cabrera,23,Dining Room,0.00,13.36,1.11,0.00,0.00,00:36:09
12060 Potranco Road,23,8/23/25 8:11 AM,Melissa  Urena,,Dining Room,0.00,30.27,2.49,0.00,0.00,00:04:54
12060 Potranco Road,25,8/23/25 8:13 AM,Melissa  Urena,,Drive Thru,0.00,12.64,1.04,0.00,0.00,00:05:14
12060 Potranco Road,26,8/23/25 8:15 AM,Gabriel Tovar ,26,Dining Room,0.00,43.38,3.58,4.00,0.00,00:29:47
12060 Potranco Road,27,8/23/25 8:16 AM,siri quiroz,,Dining Room,68.32,0.00,0.00,0.00,0.00,06:06:15
12060 Potranco Road,28,8/23/25 8:18 AM,Melissa  Urena,,Drive Thru,0.00,5.73,0.47,0.00,0.00,00:01:41
12060 Potranco Road,29,8/23/25 8:19 AM,Lizbeth Garcia,17,Dining Room,0.00,7.38,0.61,0.00,0.00,00:38:26
12060 Potranco Road,30,8/23/25 8:20 AM,Melissa  Urena,,Drive Thru,0.00,8.76,0.73,1.00,0.00,00:02:09
12060 Potranco Road,31005,8/23/25 8:28 AM,Melissa  Urena,,Drive Thru,0.00,1.99,0.16,0.00,0.00,00:00:40
12060 Potranco Road,31,8/23/25 8:29 AM,Melissa  Urena,,Drive Thru,0.00,37.79,3.12,0.00,0.00,00:06:20
12060 Potranco Road,33,8/23/25 8:31 AM,Melissa  Urena,,Drive Thru,0.00,4.48,0.37,1.15,0.00,00:05:09
12060 Potranco Road,34,8/23/25 8:32 AM,Melissa  Urena,,Drive Thru,0.00,10.17,0.83,2.00,0.00,00:06:12
12060 Potranco Road,35,8/23/25 8:36 AM,Melissa  Urena,,Drive Thru,0.00,10.77,0.89,3.00,0.00,00:03:14
12060 Potranco Road,36,8/23/25 8:37 AM,siri quiroz,,Dining Room,1.64,29.85,2.47,2.00,0.00,00:04:33
12060 Potranco Road,37,8/23/25 8:39 AM,Sugey Cabrera,1,Dining Room,0.00,21.52,1.79,7.00,0.00,00:31:58
12060 Potranco Road,39,8/23/25 8:43 AM,Melissa  Urena,,Drive Thru,0.00,17.12,1.42,2.00,0.00,00:00:38
12060 Potranco Road,40,8/23/25 8:43 AM,Melissa  Urena,,Drive Thru,0.00,5.39,0.45,0.00,0.00,00:06:57
12060 Potranco Road,42,8/23/25 8:54 AM,Emanuel Sanchez,34,Dining Room,0.00,20.06,1.65,5.00,0.00,00:27:29
12060 Potranco Road,41,8/23/25 8:51 AM,Melissa  Urena,,Drive Thru,0.00,16.75,1.37,0.00,0.00,00:08:59
12060 Potranco Road,43,8/23/25 9:00 AM,Melissa  Urena,,Drive Thru,0.00,5.97,0.49,0.00,0.00,00:04:54
12060 Potranco Road,44,8/23/25 9:03 AM,Melissa  Urena,,Drive Thru,0.00,6.07,0.51,0.00,0.00,00:02:04
12060 Potranco Road,45,8/23/25 9:04 AM,Melissa  Urena,,Drive Thru,0.00,15.44,1.27,0.00,0.00,00:03:32
12060 Potranco Road,46,8/23/25 9:09 AM,Lizbeth Garcia,35,Dining Room,0.00,38.70,3.19,5.00,0.00,00:33:48
12060 Potranco Road,47,8/23/25 9:11 AM,Adrian Morales,3,Dining Room,0.00,39.18,3.24,8.00,0.00,00:33:48
12060 Potranco Road,49,8/23/25 9:12 AM,Melissa  Urena,,Drive Thru,0.00,51.74,4.28,0.00,0.00,00:01:05
12060 Potranco Road,48,8/23/25 9:12 AM,siri quiroz,,Dining Room,0.00,39.50,3.25,2.25,0.00,00:03:10
12060 Potranco Road,51,8/23/25 9:16 AM,Lizbeth Garcia,29,Dining Room,1.35,36.67,3.03,5.30,0.00,00:46:21
12060 Potranco Road,50,8/23/25 9:13 AM,Melissa  Urena,,Drive Thru,0.00,23.25,1.92,0.00,0.00,00:13:21
12060 Potranco Road,31006,8/23/25 9:20 AM,Melissa  Urena,,Drive Thru,0.00,3.78,0.31,0.00,0.00,00:01:38
12060 Potranco Road,52,8/23/25 9:20 AM,Melissa  Urena,,Drive Thru,0.00,1.79,0.15,0.00,0.00,00:02:05
12060 Potranco Road,53,8/23/25 9:21 AM,Gabriel Tovar ,,None,0.00,7.29,0.60,0.00,0.00,00:00:46
12060 Potranco Road,54,8/23/25 9:23 AM,Melissa  Urena,,Drive Thru,0.00,10.56,0.88,0.00,0.00,00:05:13
12060 Potranco Road,55,8/23/25 9:26 AM,Melissa  Urena,,Drive Thru,0.00,15.74,1.29,0.00,0.00,00:04:12
12060 Potranco Road,56,8/23/25 9:28 AM,Melissa  Urena,,Drive Thru,0.00,15.55,1.29,0.00,0.00,00:05:05
12060 Potranco Road,57,8/23/25 9:30 AM,Melissa  Urena,,Drive Thru,0.00,11.57,0.95,0.00,0.00,00:05:39
12060 Potranco Road,58,8/23/25 9:30 AM,Lizbeth Garcia,31,Dining Room,0.00,36.89,3.04,0.00,0.00,00:39:22
12060 Potranco Road,59,8/23/25 9:31 AM,Gabriel Tovar ,7,Dining Room,0.00,30.24,2.50,5.00,0.00,00:47:07
12060 Potranco Road,60,8/23/25 9:32 AM,Melissa  Urena,,Drive Thru,0.00,4.48,0.37,0.00,0.00,00:06:11
12060 Potranco Road,18001,8/23/25 9:32 AM,Leticia Roman,2,Dining Room,0.00,17.24,1.41,0.00,0.00,00:34:44
12060 Potranco Road,62,8/23/25 9:34 AM,Leticia Roman,18,Dining Room,0.00,15.84,1.32,0.00,0.00,00:29:15
12060 Potranco Road,63,8/23/25 9:34 AM,Melissa  Urena,,Drive Thru,0.00,8.47,0.70,10.00,0.00,00:04:57
12060 Potranco Road,64,8/23/25 9:35 AM,Melissa  Urena,,Drive Thru,0.00,33.55,2.75,0.00,0.00,00:32:17
12060 Potranco Road,66,8/23/25 9:39 AM,Melissa  Urena,,Drive Thru,0.00,7.96,0.66,0.00,0.00,00:05:21
12060 Potranco Road,67,8/23/25 9:39 AM,Melissa  Urena,,Drive Thru,0.00,12.34,1.02,1.85,0.00,00:07:46
12060 Potranco Road,69,8/23/25 9:42 AM,Melissa  Urena,,Drive Thru,0.00,32.02,2.64,2.00,0.00,00:07:33
12060 Potranco Road,65,8/23/25 9:37 AM,Emanuel Sanchez,10,Dining Room,0.00,55.08,4.55,5.00,0.00,00:46:36
12060 Potranco Road,70,8/23/25 9:43 AM,Adrian Morales,15,Dining Room,0.00,32.45,2.68,8.00,0.00,00:48:47
12060 Potranco Road,71,8/23/25 9:44 AM,Melissa  Urena,,Drive Thru,0.00,3.49,0.29,0.00,0.00,00:01:42
12060 Potranco Road,72,8/23/25 9:45 AM,Sugey Cabrera,21,Dining Room,0.00,5.08,0.42,2.00,0.00,00:04:24
12060 Potranco Road,73,8/23/25 9:47 AM,Melissa  Urena,,Drive Thru,0.00,28.76,2.37,0.00,0.00,00:03:46
12060 Potranco Road,74,8/23/25 9:48 AM,Melissa  Urena,,Drive Thru,0.00,11.94,0.98,0.00,0.00,00:08:24
12060 Potranco Road,76,8/23/25 9:49 AM,Melissa  Urena,,Drive Thru,0.00,14.63,1.21,0.00,0.00,00:07:24
12060 Potranco Road,77,8/23/25 9:50 AM,siri quiroz,,Dining Room,0.00,23.53,1.94,8.00,0.00,00:02:04
12060 Potranco Road,80,8/23/25 9:52 AM,Melissa  Urena,,Drive Thru,0.00,9.27,0.77,0.00,0.00,00:05:11
12060 Potranco Road,78,8/23/25 9:51 AM,Gabriel Tovar ,25,Dining Room,0.00,59.36,4.90,0.00,0.00,00:32:13
12060 Potranco Road,81,8/23/25 9:54 AM,Melissa  Urena,,Drive Thru,0.00,9.98,0.82,2.00,0.00,00:04:49
12060 Potranco Road,82,8/23/25 9:57 AM,Melissa  Urena,,Drive Thru,0.00,5.78,0.48,1.00,0.00,00:03:34
12060 Potranco Road,83,8/23/25 9:59 AM,Leticia Roman,14,Dining Room,0.00,15.35,1.27,0.00,0.00,00:39:36
12060 Potranco Road,84,8/23/25 10:02 AM,Melissa  Urena,,Drive Thru,6.55,10.65,0.87,0.00,0.00,10:58:02
12060 Potranco Road,75,8/23/25 9:49 AM,Melissa  Urena,,Drive Thru,0.00,0.00,0.00,0.00,0.00,00:15:21
12060 Potranco Road,86,8/23/25 10:05 AM,Melissa  Urena,,Drive Thru,0.00,13.56,1.11,0.00,0.00,00:06:06
12060 Potranco Road,87,8/23/25 10:06 AM,Melissa  Urena,,Drive Thru,0.00,11.66,0.96,0.00,0.00,00:09:40
12060 Potranco Road,89,8/23/25 10:06 AM,Melissa  Urena,,Drive Thru,0.00,45.70,3.78,0.00,0.00,00:30:26
12060 Potranco Road,90,8/23/25 10:07 AM,siri quiroz,,Dining Room,0.00,25.21,2.09,2.00,0.00,00:15:30
12060 Potranco Road,91,8/23/25 10:11 AM,Melissa  Urena,,Drive Thru,0.00,23.12,1.91,0.00,0.00,00:13:14
12060 Potranco Road,88,8/23/25 10:06 AM,Emanuel Sanchez,35,Dining Room,0.00,59.45,4.93,10.00,0.00,00:32:41
12060 Potranco Road,92,8/23/25 10:13 AM,siri quiroz,,Dining Room,0.00,7.77,0.64,0.00,0.00,00:01:49
12060 Potranco Road,93,8/23/25 10:15 AM,Melissa  Urena,,Drive Thru,0.00,3.98,0.33,0.00,0.00,00:11:21
12060 Potranco Road,94,8/23/25 10:15 AM,siri quiroz,,Dining Room,0.00,3.98,0.33,2.00,0.00,00:01:04
12060 Potranco Road,95,8/23/25 10:17 AM,siri quiroz,,Dining Room,0.36,14.78,1.22,0.00,0.00,00:14:44
12060 Potranco Road,96,8/23/25 10:17 AM,Adrian Morales,28,Dining Room,0.00,24.74,2.04,3.00,0.00,00:33:48
12060 Potranco Road,97,8/23/25 10:18 AM,Melissa  Urena,,Drive Thru,0.00,17.15,1.40,0.00,0.00,00:10:10
12060 Potranco Road,100,8/23/25 10:22 AM,Melissa  Urena,,Drive Thru,0.00,8.16,0.68,0.00,0.00,00:11:45
12060 Potranco Road,25001,8/23/25 10:21 AM,Gabriel Tovar ,31,Dining Room,0.00,18.64,1.53,3.73,0.00,00:21:49
12060 Potranco Road,101,8/23/25 10:24 AM,Melissa  Urena,,Drive Thru,0.00,3.99,0.33,0.00,0.00,00:00:27
12060 Potranco Road,103,8/23/25 10:26 AM,Melissa  Urena,,Drive Thru,0.00,22.63,1.86,2.00,0.00,00:07:42
12060 Potranco Road,102,8/23/25 10:26 AM,Leticia Roman,16,Dining Room,0.00,36.33,2.98,6.00,0.00,00:31:40
12060 Potranco Road,105,8/23/25 10:28 AM,Melissa  Urena,,Drive Thru,0.00,31.61,2.61,0.00,0.00,00:07:41
12060 Potranco Road,104,8/23/25 10:27 AM,Sugey Cabrera,23,Dining Room,0.00,24.71,2.02,0.00,0.00,00:51:26
12060 Potranco Road,106,8/23/25 10:29 AM,Melissa  Urena,,Drive Thru,0.00,5.97,0.49,0.00,0.00,00:00:17
12060 Potranco Road,107,8/23/25 10:29 AM,Emanuel Sanchez,3,Dining Room,0.00,17.22,1.42,5.00,0.00,00:37:20
12060 Potranco Road,110,8/23/25 10:32 AM,Melissa  Urena,,Drive Thru,0.00,28.57,2.36,0.00,0.00,00:04:39
12060 Potranco Road,108,8/23/25 10:31 AM,Lizbeth Garcia,2,Dining Room,0.00,22.96,1.90,6.00,0.00,00:34:33
12060 Potranco Road,111,8/23/25 10:32 AM,siri quiroz,,Dining Room,0.00,16.94,1.40,3.00,0.00,00:08:24
12060 Potranco Road,112,8/23/25 10:34 AM,Adrian Morales,12,Dining Room,0.00,25.94,2.14,0.00,0.00,00:35:08
12060 Potranco Road,114,8/23/25 10:36 AM,Melissa  Urena,,Drive Thru,0.00,16.35,1.36,2.00,0.00,00:08:39
12060 Potranco Road,113,8/23/25 10:34 AM,Melissa  Urena,,Drive Thru,0.00,15.24,1.26,0.00,0.00,00:06:53
12060 Potranco Road,115,8/23/25 10:36 AM,Melissa  Urena,,Drive Thru,0.00,5.98,0.50,0.00,0.00,00:10:04
12060 Potranco Road,117,8/23/25 10:39 AM,siri quiroz,,Dining Room,0.00,19.54,1.61,0.00,0.00,00:07:04
12060 Potranco Road,118,8/23/25 10:40 AM,Sugey Cabrera,6,Dining Room,0.00,32.93,2.72,0.00,0.00,00:45:37
12060 Potranco Road,119,8/23/25 10:40 AM,Leticia Roman,15,Dining Room,0.00,15.43,1.27,4.00,0.00,00:25:29
12060 Potranco Road,121,8/23/25 10:42 AM,Gabriel Tovar ,18,Dining Room,0.00,27.49,2.27,5.00,0.00,00:39:02
12060 Potranco Road,120,8/23/25 10:41 AM,Melissa  Urena,,Drive Thru,0.00,12.35,1.02,0.00,0.00,00:06:15
12060 Potranco Road,123,8/23/25 10:44 AM,Melissa  Urena,,Drive Thru,0.00,7.07,0.59,0.00,0.00,00:08:04
12060 Potranco Road,124,8/23/25 10:45 AM,Melissa  Urena,,Drive Thru,0.00,15.43,1.26,2.00,0.00,00:07:51
12060 Potranco Road,125,8/23/25 10:47 AM,Melissa  Urena,,Drive Thru,0.00,6.37,0.53,0.00,0.00,00:06:56
12060 Potranco Road,126,8/23/25 10:52 AM,Melissa  Urena,,Drive Thru,0.00,10.76,0.89,0.00,0.00,00:03:01
12060 Potranco Road,127,8/23/25 10:52 AM,siri quiroz,,Dining Room,0.00,23.57,1.95,0.00,0.00,00:01:58
12060 Potranco Road,129,8/23/25 10:55 AM,Melissa  Urena,,Drive Thru,0.00,18.90,1.56,0.00,0.00,00:01:25
12060 Potranco Road,130,8/23/25 10:56 AM,siri quiroz,,Bar,0.00,11.99,0.99,0.00,0.00,00:00:31
12060 Potranco Road,131,8/23/25 10:56 AM,Melissa  Urena,,Drive Thru,0.00,8.67,0.72,0.00,0.00,00:01:36
12060 Potranco Road,128,8/23/25 10:55 AM,siri quiroz,,Dining Room,0.00,23.95,1.97,0.00,0.00,00:16:04
12060 Potranco Road,132,8/23/25 10:57 AM,Melissa  Urena,,Drive Thru,0.00,17.43,1.44,0.00,0.00,00:04:04
12060 Potranco Road,133,8/23/25 10:58 AM,Melissa  Urena,,Drive Thru,0.00,5.28,0.44,2.00,0.00,00:05:40
12060 Potranco Road,134,8/23/25 10:59 AM,Adrian Morales,31,Dining Room,0.00,30.06,2.47,0.00,0.00,00:28:14
12060 Potranco Road,22001,8/23/25 10:52 AM,Emanuel Sanchez,1,Dining Room,0.00,42.19,3.47,2.00,0.00,00:36:35
12060 Potranco Road,135,8/23/25 11:01 AM,Melissa  Urena,,Drive Thru,0.00,29.91,2.47,3.00,0.00,00:10:44
12060 Potranco Road,137,8/23/25 11:03 AM,Melissa  Urena,,Drive Thru,0.00,15.35,1.27,2.00,0.00,00:11:51
12060 Potranco Road,136,8/23/25 11:03 AM,Gabriel Tovar ,4,Dining Room,0.00,21.42,1.77,4.00,0.00,00:24:38
12060 Potranco Road,139,8/23/25 11:06 AM,Leticia Roman,16,Dining Room,0.00,58.21,4.81,7.00,0.00,01:07:22
12060 Potranco Road,141,8/23/25 11:08 AM,Melissa  Urena,,Drive Thru,0.00,7.99,0.66,0.00,0.00,00:01:59
12060 Potranco Road,140,8/23/25 11:07 AM,Lizbeth Garcia,20,Dining Room,0.00,35.91,2.96,0.00,0.00,00:32:11
12060 Potranco Road,142,8/23/25 11:08 AM,Sugey Cabrera,14,Dining Room,0.00,30.96,2.56,5.00,0.00,00:44:10
12060 Potranco Road,138,8/23/25 11:04 AM,siri quiroz,,Dining Room,0.00,95.94,7.92,0.00,0.00,00:45:24
12060 Potranco Road,144,8/23/25 11:13 AM,Melissa  Urena,,Drive Thru,0.00,21.70,1.80,3.26,0.00,00:06:29
12060 Potranco Road,147,8/23/25 11:14 AM,Melissa  Urena,,Drive Thru,0.00,15.72,1.30,2.00,0.00,00:05:04
12060 Potranco Road,143,8/23/25 11:10 AM,Emanuel Sanchez,25,Dining Room,0.00,51.11,4.22,10.00,0.00,00:41:51
12060 Potranco Road,148,8/23/25 11:16 AM,Melissa  Urena,,Drive Thru,0.00,2.99,0.25,0.00,0.00,00:00:14
12060 Potranco Road,150,8/23/25 11:16 AM,Melissa  Urena,,Drive Thru,0.00,9.85,0.82,0.00,0.00,00:08:44
12060 Potranco Road,151,8/23/25 11:17 AM,siri quiroz,,Dining Room,0.00,19.56,1.61,0.00,0.00,00:02:51
12060 Potranco Road,152,8/23/25 11:17 AM,Lizbeth Garcia,15,Dining Room,0.00,38.43,3.16,5.00,0.00,00:31:21
12060 Potranco Road,146,8/23/25 11:14 AM,siri quiroz,,Dining Room,0.00,51.70,4.27,5.00,0.00,00:04:31
12060 Potranco Road,153,8/23/25 11:17 AM,Melissa  Urena,,Drive Thru,0.80,16.13,1.33,0.00,0.00,00:15:16
12060 Potranco Road,155,8/23/25 11:18 AM,Adrian Morales,8,Dining Room,0.00,32.35,2.67,0.00,0.00,00:49:05
12060 Potranco Road,156,8/23/25 11:19 AM,Melissa  Urena,,Drive Thru,0.00,22.55,1.86,1.00,0.00,00:17:13
12060 Potranco Road,154,8/23/25 11:18 AM,Gabriel Tovar ,12,Dining Room,0.00,22.16,1.83,10.00,0.00,00:43:23
12060 Potranco Road,158,8/23/25 11:19 AM,Sugey Cabrera,2,Dining Room,0.00,18.38,1.51,4.00,0.00,00:42:21
12060 Potranco Road,159,8/23/25 11:20 AM,siri quiroz,,Dining Room,0.00,63.40,5.23,0.00,0.00,00:00:59
12060 Potranco Road,160,8/23/25 11:22 AM,siri quiroz,,Dining Room,0.00,3.95,0.33,0.00,0.00,00:00:25
12060 Potranco Road,157,8/23/25 11:19 AM,Leticia Roman,3,Dining Room,0.00,47.43,3.91,3.66,0.00,00:52:23
12060 Potranco Road,162,8/23/25 11:23 AM,Melissa  Urena,,Drive Thru,0.00,12.55,1.03,0.00,0.00,00:13:37
12060 Potranco Road,163,8/23/25 11:24 AM,siri quiroz,,Dining Room,0.00,36.58,3.02,0.00,0.00,00:02:19
12060 Potranco Road,165,8/23/25 11:29 AM,Melissa  Urena,,Drive Thru,0.00,27.43,2.26,0.00,0.00,00:16:00
12060 Potranco Road,168,8/23/25 11:32 AM,Melissa  Urena,,Drive Thru,0.00,0.00,0.00,0.00,0.00,00:09:16
12060 Potranco Road,167,8/23/25 11:31 AM,siri quiroz,,Dining Room,0.00,13.17,1.09,0.00,0.00,00:14:13
12060 Potranco Road,170,8/23/25 11:32 AM,Melissa  Urena,,Drive Thru,0.00,1.29,0.11,0.00,0.00,00:02:33
12060 Potranco Road,166,8/23/25 11:30 AM,Emanuel Sanchez,29,Dining Room,0.00,37.13,3.07,4.80,0.00,00:39:44
12060 Potranco Road,171,8/23/25 11:35 AM,Melissa  Urena,,Drive Thru,0.00,26.04,2.15,0.00,0.00,00:10:50
12060 Potranco Road,174,8/23/25 11:36 AM,Adrian Morales,4,Dining Room,0.00,23.21,1.92,10.00,0.00,00:35:19
12060 Potranco Road,175,8/23/25 11:37 AM,Melissa  Urena,,Drive Thru,0.00,18.14,1.50,0.00,0.00,00:10:51
12060 Potranco Road,176,8/23/25 11:37 AM,siri quiroz,,Dining Room,0.00,10.35,0.85,0.00,0.00,00:00:46
12060 Potranco Road,177,8/23/25 11:38 AM,Gabriel Tovar ,7,Dining Room,0.00,43.14,3.55,10.00,0.00,00:42:39
12060 Potranco Road,178,8/23/25 11:38 AM,Melissa  Urena,,Drive Thru,0.00,10.37,0.85,0.00,0.00,00:10:55
12060 Potranco Road,180,8/23/25 11:40 AM,siri quiroz,,Dining Room,0.00,28.94,2.39,0.00,0.00,00:26:39
12060 Potranco Road,179,8/23/25 11:39 AM,Sugey Cabrera,35,Dining Room,0.00,59.29,4.89,10.18,0.00,00:50:05
12060 Potranco Road,182,8/23/25 11:42 AM,Leticia Roman,26,Dining Room,0.00,36.62,3.00,7.32,0.00,00:30:36
12060 Potranco Road,183,8/23/25 11:43 AM,Lizbeth Garcia,17,Dining Room,0.00,53.49,4.43,0.00,0.00,00:52:43
12060 Potranco Road,184,8/23/25 11:47 AM,Melissa  Urena,,Drive Thru,0.00,47.94,3.96,0.00,0.00,00:04:55
12060 Potranco Road,185,8/23/25 11:48 AM,Melissa  Urena,,Drive Thru,0.00,39.91,3.29,2.00,0.00,00:07:37
12060 Potranco Road,186,8/23/25 11:48 AM,Adrian Morales,31,Dining Room,0.00,38.46,3.17,10.00,0.00,00:34:50
12060 Potranco Road,22002,8/23/25 11:43 AM,Emanuel Sanchez,14,Dining Room,0.00,26.79,2.20,4.02,0.00,00:40:43
12060 Potranco Road,16001,8/23/25 11:51 AM,Lizbeth Garcia,20,Dining Room,0.00,16.84,1.39,3.37,0.00,00:26:42
12060 Potranco Road,187,8/23/25 11:50 AM,Melissa  Urena,,Drive Thru,0.00,35.47,2.92,0.00,0.00,00:07:41
12060 Potranco Road,188,8/23/25 11:53 AM,Sugey Cabrera,6,Dining Room,0.00,44.05,3.64,5.00,0.00,00:36:54
12060 Potranco Road,189,8/23/25 11:57 AM,Melissa  Urena,,Drive Thru,0.00,18.54,1.53,0.00,0.00,00:02:11
12060 Potranco Road,190,8/23/25 11:57 AM,Melissa  Urena,,Drive Thru,0.00,12.57,1.04,0.00,0.00,00:06:43
12060 Potranco Road,192,8/23/25 11:59 AM,Melissa  Urena,,Drive Thru,0.00,4.98,0.41,1.00,0.00,00:05:42
12060 Potranco Road,194,8/23/25 12:00 PM,Lizbeth Garcia,15,Dining Room,0.00,35.16,2.89,10.00,0.00,00:33:16
12060 Potranco Road,196,8/23/25 12:05 PM,Gabriel Tovar ,21,Dining Room,0.00,13.99,1.15,0.00,0.00,00:36:30
12060 Potranco Road,197,8/23/25 12:06 PM,Melissa  Urena,,Drive Thru,0.00,14.47,1.18,0.00,0.00,00:01:36
12060 Potranco Road,191,8/23/25 11:58 AM,Leticia Roman,1,Dining Room,0.00,95.79,7.90,0.00,0.00,00:59:43
12060 Potranco Road,199,8/23/25 12:10 PM,Melissa  Urena,,Dining Room,0.00,17.94,1.48,0.00,0.00,00:02:53
12060 Potranco Road,201,8/23/25 12:11 PM,Melissa  Urena,,Drive Thru,1.40,12.59,1.04,0.00,0.00,00:06:52
12060 Potranco Road,202,8/23/25 12:12 PM,Melissa  Urena,,Drive Thru,0.00,7.16,0.59,0.00,0.00,00:07:07
12060 Potranco Road,18002,8/23/25 12:13 PM,Leticia Roman,27,Dining Room,0.00,29.73,2.47,7.00,0.00,00:40:53
12060 Potranco Road,203,8/23/25 12:16 PM,Melissa  Urena,,Drive Thru,0.00,0.00,0.00,0.00,0.00,00:00:14
12060 Potranco Road,207,8/23/25 12:17 PM,Melissa  Urena,,Dining Room,0.00,4.98,0.41,0.00,0.00,00:06:22
12060 Potranco Road,205,8/23/25 12:17 PM,siri quiroz,,Dining Room,0.00,12.96,1.07,0.00,0.00,00:18:01
12060 Potranco Road,208,8/23/25 12:18 PM,Melissa  Urena,,Drive Thru,0.00,31.00,2.56,0.00,0.00,00:06:41
12060 Potranco Road,209,8/23/25 12:19 PM,siri quiroz,,Dining Room,0.00,6.28,0.52,0.00,0.00,00:06:14
12060 Potranco Road,204,8/23/25 12:17 PM,Emanuel Sanchez,12,Dining Room,0.00,38.94,3.21,10.00,0.00,00:49:45
12060 Potranco Road,210,8/23/25 12:21 PM,Melissa  Urena,,Drive Thru,0.00,21.61,1.79,0.00,0.00,00:08:27
12060 Potranco Road,212,8/23/25 12:24 PM,Melissa  Urena,,Drive Thru,0.00,3.98,0.32,0.00,0.00,00:13:00
12060 Potranco Road,211,8/23/25 12:24 PM,Lizbeth Garcia,5,Dining Room,0.00,12.99,1.07,0.00,0.00,01:02:02
12060 Potranco Road,213,8/23/25 12:26 PM,Melissa  Urena,,Drive Thru,0.00,45.51,3.75,3.00,0.00,00:12:27
12060 Potranco Road,214,8/23/25 12:29 PM,Sugey Cabrera,26,Dining Room,0.00,24.98,2.06,6.00,0.00,00:35:11
12060 Potranco Road,215,8/23/25 12:30 PM,Melissa  Urena,,Drive Thru,0.00,13.57,1.12,0.00,0.00,00:13:41
12060 Potranco Road,216,8/23/25 12:30 PM,Adrian Morales,4,Dining Room,0.00,43.39,3.58,10.00,0.00,00:33:00
12060 Potranco Road,217,8/23/25 12:31 PM,Gabriel Tovar ,29,Dining Room,0.00,41.60,3.42,10.00,0.00,00:34:55
12060 Potranco Road,218,8/23/25 12:33 PM,siri quiroz,,Dining Room,0.00,10.78,0.89,0.00,0.00,00:01:29
12060 Potranco Road,220,8/23/25 12:36 PM,siri quiroz,,Dining Room,0.00,0.00,0.00,0.00,0.00,00:00:26
12060 Potranco Road,221,8/23/25 12:37 PM,Melissa  Urena,,Drive Thru,0.00,3.98,0.32,0.00,0.00,00:07:12
12060 Potranco Road,222,8/23/25 12:37 PM,Adrian Morales,20,Dining Room,0.00,29.17,2.40,5.00,0.00,00:55:58
12060 Potranco Road,224,8/23/25 12:39 PM,Melissa  Urena,,Drive Thru,0.00,4.98,0.41,0.00,0.00,00:07:04
12060 Potranco Road,225,8/23/25 12:40 PM,Melissa  Urena,,Drive Thru,0.00,24.37,2.01,0.00,0.00,00:07:42
12060 Potranco Road,219,8/23/25 12:34 PM,Emanuel Sanchez,37,Dining Room,0.00,104.03,8.59,0.00,0.00,00:57:01
12060 Potranco Road,226,8/23/25 12:45 PM,Melissa  Urena,,Drive Thru,0.00,10.27,0.85,0.00,0.00,00:04:10
12060 Potranco Road,229,8/23/25 12:47 PM,Melissa  Urena,,Drive Thru,0.00,6.27,0.51,0.00,0.00,00:06:06
12060 Potranco Road,233,8/23/25 12:51 PM,Sugey Cabrera,15,Dining Room,0.00,44.13,3.62,10.25,0.00,00:37:07
12060 Potranco Road,234,8/23/25 12:53 PM,Lizbeth Garcia,34,Dining Room,0.00,63.13,5.21,0.00,0.00,00:44:39
12060 Potranco Road,235,8/23/25 12:59 PM,Melissa  Urena,,Drive Thru,0.00,3.58,0.30,0.00,0.00,00:00:33
12060 Potranco Road,236,8/23/25 12:59 PM,Melissa  Urena,,Drive Thru,0.00,7.67,0.63,0.00,0.00,00:03:08
12060 Potranco Road,237,8/23/25 1:00 PM,Melissa  Urena,,Drive Thru,0.00,5.68,0.46,0.00,0.00,00:07:49
12060 Potranco Road,238,8/23/25 1:01 PM,Melissa  Urena,,Drive Thru,0.00,10.25,0.85,0.00,0.00,00:02:47
12060 Potranco Road,239,8/23/25 1:01 PM,Melissa  Urena,,Drive Thru,0.00,21.03,1.74,0.00,0.00,00:10:48
12060 Potranco Road,240,8/23/25 1:03 PM,Melissa  Urena,,Drive Thru,0.00,8.47,0.70,0.00,0.00,00:10:25
12060 Potranco Road,241,8/23/25 1:04 PM,Melissa  Urena,,Drive Thru,0.00,20.57,1.70,20.00,0.00,00:13:35
12060 Potranco Road,242,8/23/25 1:06 PM,Lizbeth Garcia,3,Dining Room,0.73,15.22,1.26,4.00,0.00,00:35:09
12060 Potranco Road,243,8/23/25 1:13 PM,Melissa  Urena,,Drive Thru,0.00,48.45,4.00,0.00,0.00,00:07:49
12060 Potranco Road,244,8/23/25 1:14 PM,Melissa  Urena,,Drive Thru,0.00,42.40,3.49,0.00,0.00,00:15:10
12060 Potranco Road,246,8/23/25 1:16 PM,Leticia Roman,23,Dining Room,0.00,69.63,5.75,15.00,0.00,01:01:28
12060 Potranco Road,247,8/23/25 1:16 PM,Melissa  Urena,,Drive Thru,0.00,17.37,1.43,0.00,0.00,00:14:14
12060 Potranco Road,245,8/23/25 1:15 PM,Emanuel Sanchez,28,Dining Room,0.00,36.17,2.97,0.00,0.00,00:34:52
12060 Potranco Road,248,8/23/25 1:21 PM,Melissa  Urena,,Drive Thru,0.00,9.90,0.82,0.00,0.00,00:01:12
12060 Potranco Road,25002,8/23/25 1:21 PM,Gabriel Tovar ,31,Dining Room,0.00,104.70,8.64,16.00,20.94,01:21:08
12060 Potranco Road,249,8/23/25 1:23 PM,Melissa  Urena,,Drive Thru,0.00,6.78,0.56,0.00,0.00,00:12:04
12060 Potranco Road,250,8/23/25 1:36 PM,Adrian Morales,7,Dining Room,0.00,65.95,5.43,7.48,0.00,00:44:56
12060 Potranco Road,252,8/23/25 1:47 PM,Gabriel Tovar ,14,Dining Room,0.00,51.04,4.19,5.00,0.00,00:36:44
12060 Potranco Road,251,8/23/25 1:45 PM,Sugey Cabrera,12,Dining Room,0.00,67.14,5.53,10.00,0.00,00:49:32
12060 Potranco Road,254,8/23/25 1:58 PM,Adrian Morales,2,Dining Room,0.00,23.98,1.98,0.00,0.00,03:17:24
12060 Potranco Road,253,8/23/25 1:55 PM,Mia Juliet,,Dining Room,0.00,11.98,0.99,0.00,0.00,00:22:39
12060 Potranco Road,255,8/23/25 2:09 PM,Melissa  Urena,,Drive Thru,0.00,19.06,1.58,0.00,0.00,00:03:45
12060 Potranco Road,20001,8/23/25 2:11 PM,Lisa Velasquez,21,Dining Room,0.00,26.48,2.19,3.97,0.00,00:28:02
12060 Potranco Road,257,8/23/25 2:13 PM,Melissa  Urena,,Drive Thru,0.00,26.98,2.23,0.00,0.00,00:04:13
12060 Potranco Road,260,8/23/25 2:26 PM,Mia Juliet,,Bar,0.00,0.00,0.00,0.00,0.00,00:00:16
12060 Potranco Road,261,8/23/25 2:28 PM,Mia Juliet,,Bar,0.00,0.00,0.00,0.00,0.00,00:00:19
12060 Potranco Road,262,8/23/25 2:29 PM,Melissa  Urena,,Dining Room,0.00,14.05,1.17,0.00,0.00,00:21:44
12060 Potranco Road,21001,8/23/25 2:31 PM,Adrian Morales,16,Dining Room,1.10,23.78,1.96,0.00,0.00,00:49:37
12060 Potranco Road,263,8/23/25 2:31 PM,Melissa  Urena,,Drive Thru,0.00,36.97,3.05,5.00,0.00,00:01:13
12060 Potranco Road,264,8/23/25 2:32 PM,Melissa  Urena,,Drive Thru,0.00,28.47,2.35,0.00,0.00,00:06:00
12060 Potranco Road,267,8/23/25 2:36 PM,Lisa Velasquez,26,Dining Room,0.00,21.87,1.81,5.00,0.00,00:39:00
12060 Potranco Road,268,8/23/25 2:39 PM,Melissa  Urena,,Drive Thru,0.00,19.85,1.63,0.00,0.00,00:05:16
12060 Potranco Road,270,8/23/25 2:46 PM,Adrian Morales,31,Dining Room,0.00,337.45,27.83,35.92,67.49,05:25:20
12060 Potranco Road,271,8/23/25 2:53 PM,Mia Juliet,,Dining Room,0.00,0.00,0.00,0.00,0.00,06:07:00
12060 Potranco Road,272,8/23/25 2:56 PM,Melissa  Urena,,Drive Thru,0.00,28.18,2.32,0.00,0.00,00:01:10
12060 Potranco Road,275,8/23/25 2:58 PM,Adrian Morales,14,Dining Room,0.00,30.15,2.48,4.52,0.00,00:46:37
12060 Potranco Road,273,8/23/25 2:56 PM,Lisa Velasquez,20,Dining Room,0.00,157.53,12.98,10.00,0.00,01:00:51
12060 Potranco Road,276,8/23/25 3:18 PM,Adrian Morales,23,Dining Room,0.00,14.47,1.20,3.00,0.00,00:43:18
12060 Potranco Road,277,8/23/25 3:20 PM,Melissa  Urena,,Drive Thru,0.00,9.38,0.77,0.00,0.00,00:00:25
12060 Potranco Road,278,8/23/25 3:31 PM,Melissa  Urena,,Drive Thru,0.00,6.88,0.56,0.00,0.00,00:01:32
12060 Potranco Road,280,8/23/25 3:38 PM,Lisa Velasquez,15,Dining Room,0.00,24.67,2.03,0.00,0.00,00:24:48
12060 Potranco Road,279,8/23/25 3:33 PM,Melissa  Urena,,Drive Thru,0.00,9.76,0.81,0.00,0.00,00:10:00
12060 Potranco Road,281,8/23/25 3:43 PM,Melissa  Urena,,Drive Thru,0.00,41.86,3.45,6.28,0.00,00:21:03
12060 Potranco Road,286,8/23/25 3:50 PM,Melissa  Urena,,Drive Thru,0.00,41.52,3.43,5.00,0.00,00:04:45
12060 Potranco Road,291,8/23/25 4:11 PM,Candy Del Angel,,None,20.76,0.00,0.00,0.00,0.00,05:02:34
12060 Potranco Road,293,8/23/25 4:17 PM,Adrian Morales,23,Dining Room,5.95,26.49,2.19,7.50,0.00,00:41:07
12060 Potranco Road,294,8/23/25 4:27 PM,Lisa Velasquez,34,Dining Room,0.00,32.64,2.68,10.00,0.00,00:33:54
12060 Potranco Road,295,8/23/25 4:30 PM,Melissa  Urena,,None,0.00,16.55,1.37,0.00,0.00,00:03:08
12060 Potranco Road,296,8/23/25 4:42 PM,Adrian Morales,3,Dining Room,0.00,32.96,2.72,10.00,0.00,00:35:25
12060 Potranco Road,297,8/23/25 4:52 PM,Lisa Velasquez,4,Dining Room,0.00,73.09,6.02,14.62,0.00,00:56:06
12060 Potranco Road,298,8/23/25 4:52 PM,Melissa  Urena,,Drive Thru,0.00,11.06,0.92,0.00,0.00,00:00:21
12060 Potranco Road,300,8/23/25 5:00 PM,Melissa  Urena,,Drive Thru,0.00,46.96,3.88,0.00,0.00,00:04:35
12060 Potranco Road,301,8/23/25 5:01 PM,Mia Juliet,,Dining Room,0.00,48.95,4.04,0.00,0.00,00:20:46
12060 Potranco Road,303,8/23/25 5:05 PM,Melissa  Urena,,Drive Thru,0.00,18.54,1.54,0.00,0.00,00:01:04
12060 Potranco Road,304,8/23/25 5:14 PM,Lisa Velasquez,14,Dining Room,0.00,30.84,2.53,0.00,0.00,00:35:19
12060 Potranco Road,305,8/23/25 5:14 PM,Adrian Morales,7,Dining Room,0.00,82.69,6.81,12.00,0.00,00:44:55
12060 Potranco Road,306,8/23/25 5:20 PM,Mia Juliet,,Dining Room,0.00,12.99,1.07,0.00,0.00,00:18:29
12060 Potranco Road,307,8/23/25 5:26 PM,Candy Del Angel,2,Dining Room,0.00,54.45,4.50,6.00,0.00,00:54:39
12060 Potranco Road,308,8/23/25 5:29 PM,Melissa  Urena,,Drive Thru,0.00,6.99,0.58,0.00,0.00,00:00:19
12060 Potranco Road,309,8/23/25 5:30 PM,Melissa  Urena,,Drive Thru,0.00,44.95,3.71,3.00,0.00,00:07:03
12060 Potranco Road,310,8/23/25 5:37 PM,Melissa  Urena,,Drive Thru,0.00,7.98,0.66,1.00,0.00,00:01:15
12060 Potranco Road,311,8/23/25 5:47 PM,Mia Juliet,,Dining Room,0.00,39.97,3.29,5.00,0.00,00:19:50
12060 Potranco Road,35001,8/23/25 5:51 PM,Adrian Morales,16,Dining Room,0.00,33.87,2.79,5.00,0.00,01:00:01
12060 Potranco Road,313,8/23/25 6:01 PM,Melissa  Urena,,Drive Thru,0.00,19.25,1.59,0.00,0.00,00:03:19
12060 Potranco Road,314,8/23/25 6:08 PM,Melissa  Urena,,Drive Thru,0.00,19.98,1.65,0.00,0.00,00:00:42
12060 Potranco Road,316,8/23/25 6:14 PM,Candy Del Angel,18,Dining Room,0.00,64.12,5.27,15.00,0.00,01:02:07
12060 Potranco Road,317,8/23/25 6:16 PM,Candy Del Angel,20,Dining Room,0.00,16.68,1.37,3.34,0.00,00:49:08
12060 Potranco Road,318,8/23/25 6:16 PM,Candy Del Angel,21,Dining Room,0.00,63.61,5.25,12.72,0.00,00:49:19
12060 Potranco Road,319,8/23/25 6:34 PM,Melissa  Urena,,None,0.00,30.97,2.55,2.00,0.00,00:01:09
12060 Potranco Road,320,8/23/25 6:40 PM,Adrian Morales,5,Dining Room,0.00,86.28,7.11,0.00,17.26,01:28:54
12060 Potranco Road,322,8/23/25 6:44 PM,Lisa Velasquez,14,Dining Room,0.00,68.45,5.65,10.27,0.00,00:58:46
12060 Potranco Road,323,8/23/25 6:49 PM,Melissa  Urena,,Drive Thru,0.00,15.98,1.32,3.00,0.00,00:04:39
12060 Potranco Road,324,8/23/25 6:54 PM,Melissa  Urena,,Drive Thru,0.00,19.98,1.65,3.00,0.00,00:01:05
12060 Potranco Road,325,8/23/25 7:03 PM,Candy Del Angel,15,Dining Room,0.00,77.87,6.42,10.00,0.00,01:05:27
12060 Potranco Road,326,8/23/25 7:07 PM,Lisa Velasquez,3,Dining Room,0.00,71.41,5.89,10.00,0.00,01:59:41
12060 Potranco Road,327,8/23/25 7:31 PM,Lisa Velasquez,2,Dining Room,0.00,18.98,1.57,0.00,0.00,00:42:48
12060 Potranco Road,328,8/23/25 7:34 PM,Melissa  Urena,,Drive Thru,0.00,16.98,1.40,0.00,0.00,00:02:28
12060 Potranco Road,329,8/23/25 7:34 PM,Melissa  Urena,,Drive Thru,0.00,48.04,3.96,0.00,0.00,00:04:06
12060 Potranco Road,35002,8/23/25 7:37 PM,Adrian Morales,16,Dining Room,0.00,26.46,2.18,0.00,0.00,00:43:07
12060 Potranco Road,331,8/23/25 7:40 PM,Candy Del Angel,8,Dining Room,0.00,107.99,8.88,0.00,0.00,00:44:53
12060 Potranco Road,332,8/23/25 7:47 PM,Adrian Morales,23,Dining Room,0.00,26.98,2.22,7.00,0.00,00:37:50
12060 Potranco Road,333,8/23/25 7:47 PM,Lisa Velasquez,30,Dining Room,0.00,57.13,4.69,12.00,0.00,00:29:34
12060 Potranco Road,330,8/23/25 7:39 PM,Melissa  Urena,,Drive Thru,0.00,17.85,1.47,0.00,0.00,00:32:37
