Employee,Job Title,Regular Hours,Overtime Hours,Hourly Rate,Regular Pay,Overtime Pay,Total Pay,Net Sales,Declared Tips,Non-Cash Tips,Total Tips,Tips Withheld,Total Gratuity,Employee ID,Job Code,Location,Location Code
"Barton, Arion",Cook,5.46,0.0,13.00,70.98,0.00,70.98,0.00,,0.00,0.00,0.00,0.00,,,12060 Potranco Road,
"Cabrera, Sugey",Server,8.48,0.0,3.00,25.44,0.00,25.44,386.53,0.00,59.43,59.43,0.00,0.00,,,12060 Potranco Road,
"Cardenas, Salvador",Cook,0.0,8.65,15.00,0.00,194.63,194.63,0.00,,0.00,0.00,0.00,0.00,,,12060 Potranco Road,
"De los Santos, Mia",Host,5.96,0.0,12.00,71.52,0.00,71.52,0.00,0.00,0.00,0.00,0.00,0.00,,,12060 Potranco Road,
"Del Angel, Candy",Shift Manager / Assistant Manager,1.38,4.38,,,,,384.72,,47.06,47.06,0.00,0.00,,,12060 Potranco Road,
"Farias, Claudia",Cook,4.21,4.97,15.00,63.15,111.83,174.98,0.00,,0.00,0.00,0.00,0.00,,,12060 Potranco Road,
"GUTIERREZ, ERIC",Cook,7.19,0.0,16.00,115.04,0.00,115.04,0.00,,0.00,0.00,0.00,0.00,,,12060 Potranco Road,
"Garcia, Enriqueta",Chef,12.46,0.0,,,,,0.00,,0.00,0.00,0.00,0.00,,,12060 Potranco Road,
"Garcia, Lizbeth",Server,5.69,1.84,3.00,17.07,8.28,25.35,441.37,0.00,44.67,44.67,0.00,0.00,,,12060 Potranco Road,
"JOSSUETH, FRANLOD",Busser,7.05,0.0,13.00,91.65,0.00,91.65,0.00,,0.00,0.00,0.00,0.00,,,12060 Potranco Road,
"Juliet, Mia",Host,11.33,0.0,,,,,113.89,0.00,0.00,0.00,0.00,0.00,,,12060 Potranco Road,
"Lino Santana, David ",Prep,7.66,0.0,15.00,114.90,0.00,114.90,0.00,,0.00,0.00,0.00,0.00,,,12060 Potranco Road,
"Mendoza, Gricelda",Prep,6.08,0.0,13.00,79.04,0.00,79.04,0.00,,0.00,0.00,0.00,0.00,,,12060 Potranco Road,
"Morales, Adrian",Server,13.24,0.0,3.00,39.72,0.00,39.72,1130.46,0.00,146.42,146.42,0.00,84.75,,,12060 Potranco Road,
"Roman, Leticia",Server,6.46,0.0,3.00,19.38,0.00,19.38,437.60,0.00,49.98,49.98,0.00,0.00,,,12060 Potranco Road,
"Rosales, Elsa",Tortillera,3.93,11.14,13.00,51.09,217.23,268.32,0.00,,0.00,0.00,0.00,0.00,,,12060 Potranco Road,
"Salinas, Zoila",General Manager,4.7,2.88,,,,,0.00,,0.00,0.00,0.00,0.00,,,12060 Potranco Road,
"Sanchez, Emanuel",Server,6.1,0.0,3.00,18.30,0.00,18.30,488.17,5.00,55.82,60.82,0.00,0.00,,,12060 Potranco Road,
"Tovar , Gabriel",Server,6.91,0.0,3.00,20.73,0.00,20.73,502.60,5.00,72.73,77.73,0.00,20.94,,,12060 Potranco Road,
"Urena, Melissa ",Host,7.42,0.23,12.00,89.04,4.14,93.18,2550.87,0.00,114.23,114.23,0.00,0.00,,,12060 Potranco Road,
"Vega, Estela",Tortillera,3.15,5.88,15.00,47.25,132.30,179.55,0.00,,0.00,0.00,0.00,0.00,,,12060 Potranco Road,
"Velasquez, Lisa",Server,7.57,0.0,3.00,22.71,0.00,22.71,583.09,5.00,75.86,80.86,0.00,0.00,,,12060 Potranco Road,
"quiroz, siri",Host,6.49,0.0,11.00,71.39,0.00,71.39,594.22,0.00,24.25,24.25,0.00,0.00,,,12060 Potranco Road,
"vanenzuela, felix",Cook,7.07,0.0,,,,,0.00,,0.00,0.00,0.00,0.00,,,12060 Potranco Road,
"velasquez, maximilioano",Busser,4.41,0.0,12.00,52.92,0.00,52.92,0.00,,0.00,0.00,0.00,0.00,,,12060 Potranco Road,
