Employee,Job Title,In Date,Out Date,Auto Clock-out,Total Hours,Unpaid Break Time,Paid Break Time,Payable Hours
"Vega, Estela",Tortillera,8/23/25 4:56 AM,8/23/25 1:58 PM,No,9.03,0.00,0.00,9.03
"Farias, Claudia",Cook,8/23/25 5:06 AM,8/23/25 2:17 PM,No,9.18,0.00,0.00,9.18
"Cardenas, Salvador",Cook,8/23/25 5:34 AM,8/23/25 2:13 PM,No,8.65,0.00,0.00,8.65
"Rosales, Elsa",Tortillera,8/23/25 6:00 AM,8/23/25 9:04 PM,No,15.07,0.00,0.00,15.07
"Cabrera, Sugey",Server,8/23/25 6:14 AM,8/23/25 2:43 PM,No,8.48,0.00,0.00,8.48
"Urena, Melissa ",Host,8/23/25 6:21 AM,8/23/25 2:00 PM,No,7.65,0.00,0.00,7.65
"Garcia, Lizbeth",Server,8/23/25 6:57 AM,8/23/25 2:28 PM,No,7.53,0.00,0.00,7.53
"Lino Santana, David ",Prep,8/23/25 7:02 AM,8/23/25 2:42 PM,No,7.66,0.00,0.00,7.66
"Garcia, Enriqueta",Chef,8/23/25 7:09 AM,8/23/25 7:37 PM,No,12.46,0.00,0.00,12.46
"Tovar , Gabriel",Server,8/23/25 7:51 AM,8/23/25 2:46 PM,No,6.91,0.00,0.00,6.91
"JOSSUETH, FRANLOD",Busser,8/23/25 7:54 AM,8/23/25 2:57 PM,No,7.05,0.00,0.00,7.05
"Mendoza, Gricelda",Prep,8/23/25 7:58 AM,8/23/25 2:03 PM,No,6.08,0.00,0.00,6.08
"Roman, Leticia",Server,8/23/25 8:03 AM,8/23/25 2:31 PM,No,6.46,0.00,0.00,6.46
"Sanchez, Emanuel",Server,8/23/25 8:07 AM,8/23/25 2:12 PM,No,6.10,0.00,0.00,6.10
"De los Santos, Mia",Host,8/23/25 8:08 AM,8/23/25 2:05 PM,No,5.96,0.00,0.00,5.96
"Morales, Adrian",Server,8/23/25 8:09 AM,8/23/25 9:23 PM,No,13.24,0.00,0.00,13.24
"quiroz, siri",Host,8/23/25 8:09 AM,8/23/25 2:39 PM,No,6.49,0.00,0.00,6.49
"Salinas, Zoila",General Manager,8/23/25 8:16 AM,8/23/25 3:51 PM,No,7.58,0.00,0.00,7.58
"Barton, Arion",Cook,8/23/25 8:53 AM,8/23/25 2:21 PM,No,5.46,0.00,0.00,5.46
"Juliet, Mia",Host,8/23/25 10:02 AM,8/23/25 9:21 PM,No,11.33,0.00,0.00,11.33
"Velasquez, Lisa",Server,8/23/25 1:43 PM,8/23/25 9:17 PM,No,7.57,0.00,0.00,7.57
"GUTIERREZ, ERIC",Cook,8/23/25 2:08 PM,8/23/25 9:19 PM,No,7.19,0.00,0.00,7.19
"vanenzuela, felix",Cook,8/23/25 2:15 PM,8/23/25 9:19 PM,No,7.07,0.00,0.00,7.07
"Del Angel, Candy",Shift Manager / Assistant Manager,8/23/25 3:38 PM,8/23/25 9:23 PM,No,5.76,0.00,0.00,5.76
"velasquez, maximilioano",Busser,8/23/25 4:54 PM,8/23/25 9:19 PM,No,4.41,0.00,0.00,4.41
