Order #,Opened Date,Void Date,Server,Approver,Item Name,Reason,Item Quantity,Total Price
47,8/23/25 9:11 AM,8/23/25 9:39 AM,Adrian Morales,Zoila Salinas,Tripa Taco,Customer Changed Mind,1.0,4.99
180,8/23/25 11:40 AM,8/23/25 12:05 PM,siri quiroz,Zoila Salinas,Michelada,Server Error,1.0,8.99
180,8/23/25 11:40 AM,8/23/25 2:22 PM,siri quiroz,Zoila Salinas,Michelada,Customer Changed Mind,1.0,8.99
197,8/23/25 12:06 PM,8/23/25 9:10 PM,Melissa  Urena,Candy Del Angel,Asada Taco,Customer Changed Mind,1.0,5.39
271,8/23/25 2:53 PM,8/23/25 9:00 PM,Mia Juliet,Candy Del Angel,Fajita Taco,Customer Changed Mind,1.0,3.99
271,8/23/25 2:53 PM,8/23/25 9:00 PM,Mia Juliet,Candy Del Angel,Fajita Taco,Customer Changed Mind,1.0,3.99
271,8/23/25 2:53 PM,8/23/25 9:00 PM,Mia Juliet,Candy Del Angel,bean and cheese,Customer Changed Mind,1.0,1.79
271,8/23/25 2:53 PM,8/23/25 9:00 PM,Mia Juliet,Candy Del Angel,Papa & Egg Taco,Customer Changed Mind,1.0,3.49
271,8/23/25 2:53 PM,8/23/25 9:00 PM,Mia Juliet,Candy Del Angel,Barbacoa Taco,Customer Changed Mind,1.0,4.79
