Location,Order #,Opened,Server,Table,Revenue Center,Discount Amount,Amount,Tax,Tip,Gratuity,Duration (Opened to Paid)
12060 Potranco Road,1,8/13/25 6:31 AM,Nadia Reyes,,Drive Thru,0.00,5.37,0.44,1.18,0.00,00:01:31
12060 Potranco Road,2,8/13/25 6:35 AM,Lizbeth Garcia,2,Dining Room,0.00,7.77,0.65,0.00,0.00,00:10:56
12060 Potranco Road,4,8/13/25 6:53 AM,Nadia Reyes,,Drive Thru,0.00,3.78,0.31,0.00,0.00,00:00:42
12060 Potranco Road,5,8/13/25 6:59 AM,Nadia Reyes,,Drive Thru,0.00,5.97,0.49,2.00,0.00,00:01:12
12060 Potranco Road,6,8/13/25 7:14 AM,Nadia Reyes,,Dining Room,0.00,13.66,1.12,0.00,0.00,00:12:15
12060 Potranco Road,7,8/13/25 7:17 AM,Nadia Reyes,,Dining Room,0.00,3.78,0.31,0.00,0.00,00:01:16
12060 Potranco Road,8,8/13/25 7:19 AM,Nadia Reyes,,Drive Thru,0.00,3.98,0.32,0.00,0.00,00:01:38
12060 Potranco Road,10,8/13/25 7:30 AM,Nadia Reyes,,Drive Thru,0.00,13.25,1.09,2.65,0.00,00:02:11
12060 Potranco Road,9,8/13/25 7:26 AM,Nadia Reyes,,Dining Room,0.00,4.39,0.36,0.00,0.00,00:13:37
12060 Potranco Road,13,8/13/25 7:38 AM,Lizbeth Garcia,5,Dining Room,0.00,35.47,2.93,0.00,0.00,00:35:30
12060 Potranco Road,14,8/13/25 7:40 AM,Nadia Reyes,,Drive Thru,0.00,12.93,1.07,0.00,0.00,00:01:57
12060 Potranco Road,15,8/13/25 7:45 AM,Lizbeth Garcia,16,Dining Room,0.00,8.98,0.74,0.00,0.00,00:47:04
12060 Potranco Road,16,8/13/25 7:45 AM,Nadia Reyes,,Dining Room,5.29,12.33,1.01,3.52,0.00,00:07:37
12060 Potranco Road,17,8/13/25 7:47 AM,Nadia Reyes,,Drive Thru,0.00,6.99,0.58,0.00,0.00,00:58:49
12060 Potranco Road,19,8/13/25 7:48 AM,Nadia Reyes,,Dining Room,0.00,7.57,0.63,1.14,0.00,00:12:23
12060 Potranco Road,20,8/13/25 7:58 AM,Nadia Reyes,,Dining Room,0.00,12.56,1.05,1.88,0.00,00:05:19
12060 Potranco Road,21,8/13/25 8:01 AM,Nadia Reyes,,Drive Thru,0.00,3.98,0.33,0.00,0.00,00:00:15
12060 Potranco Road,24,8/13/25 8:11 AM,Nadia Reyes,,None,0.00,2.79,0.23,0.00,0.00,00:03:35
12060 Potranco Road,23,8/13/25 8:07 AM,Leticia Roman,1,Dining Room,0.00,21.23,1.75,6.00,0.00,00:41:03
12060 Potranco Road,25,8/13/25 8:12 AM,Lizbeth Garcia,2,Dining Room,0.00,13.96,1.15,0.00,0.00,00:04:41
12060 Potranco Road,26,8/13/25 8:14 AM,Nadia Reyes,,Drive Thru,0.00,19.63,1.62,0.00,0.00,00:02:23
12060 Potranco Road,27,8/13/25 8:17 AM,Nadia Reyes,,Drive Thru,0.00,3.58,0.30,0.00,0.00,00:05:57
12060 Potranco Road,28,8/13/25 8:19 AM,Nadia Reyes,,Drive Thru,0.00,34.69,2.87,2.00,0.00,00:05:02
12060 Potranco Road,31,8/13/25 8:23 AM,Nadia Reyes,,Drive Thru,0.00,3.98,0.33,0.00,0.00,00:03:57
12060 Potranco Road,32,8/13/25 8:28 AM,Lizbeth Garcia,15,Dining Room,0.00,3.49,0.29,3.00,0.00,00:02:20
12060 Potranco Road,33,8/13/25 8:28 AM,Lizbeth Garcia,18,Dining Room,0.00,2.99,0.25,3.00,0.00,00:00:17
12060 Potranco Road,34,8/13/25 8:33 AM,Adrian Morales,12,Dining Room,0.00,51.19,4.23,0.00,0.00,00:37:44
12060 Potranco Road,35,8/13/25 8:34 AM,Nadia Reyes,,None,0.00,33.97,2.80,0.00,0.00,00:02:20
12060 Potranco Road,37,8/13/25 8:38 AM,Nadia Reyes,,Dining Room,0.00,3.98,0.32,0.00,0.00,00:04:35
12060 Potranco Road,38,8/13/25 8:38 AM,Nadia Reyes,,Dining Room,1.00,32.51,2.68,0.00,0.00,00:05:55
12060 Potranco Road,39,8/13/25 8:44 AM,Nadia Reyes,,Drive Thru,0.00,11.75,0.97,0.00,0.00,00:04:55
12060 Potranco Road,40,8/13/25 8:45 AM,Candy Del Angel,,Dining Room,0.00,3.78,0.31,0.00,0.00,00:12:11
12060 Potranco Road,42,8/13/25 8:46 AM,Nadia Reyes,,Drive Thru,0.00,13.84,1.14,3.04,0.00,00:03:55
12060 Potranco Road,43,8/13/25 8:49 AM,Nadia Reyes,,Drive Thru,0.00,16.65,1.38,0.00,0.00,00:02:31
12060 Potranco Road,44,8/13/25 8:55 AM,Nadia Reyes,,Drive Thru,0.00,6.93,0.57,0.00,0.00,00:01:32
12060 Potranco Road,46,8/13/25 8:56 AM,Nadia Reyes,,Drive Thru,0.00,4.58,0.38,0.00,0.00,00:03:00
12060 Potranco Road,47,8/13/25 8:56 AM,Nadia Reyes,,Drive Thru,0.00,7.56,0.63,0.00,0.00,00:04:15
12060 Potranco Road,48,8/13/25 8:57 AM,Nadia Reyes,,Drive Thru,0.00,8.86,0.74,0.00,0.00,00:03:24
12060 Potranco Road,49,8/13/25 8:58 AM,Gabriel Tovar ,23,Dining Room,0.00,30.49,2.52,5.00,0.00,00:35:25
12060 Potranco Road,50,8/13/25 9:02 AM,Lizbeth Garcia,1,Dining Room,0.00,11.76,0.98,6.00,0.00,00:26:45
12060 Potranco Road,51,8/13/25 9:07 AM,Leticia Roman,20,Dining Room,0.00,32.45,2.69,0.00,0.00,00:31:29
12060 Potranco Road,53,8/13/25 9:13 AM,Nadia Reyes,,None,0.00,16.96,1.40,0.00,0.00,00:01:23
12060 Potranco Road,55,8/13/25 9:15 AM,Gabriel Tovar ,,Dining Room,28.56,0.00,0.00,0.00,0.00,04:46:39
12060 Potranco Road,56,8/13/25 9:19 AM,Nadia Reyes,,Dining Room,0.00,30.64,2.53,0.00,0.00,00:01:43
12060 Potranco Road,57,8/13/25 9:19 AM,Nadia Reyes,,Dining Room,0.00,4.48,0.37,0.00,0.00,00:02:55
12060 Potranco Road,58,8/13/25 9:19 AM,Gabriel Tovar ,15,Dining Room,0.00,17.24,1.43,0.00,0.00,00:35:29
12060 Potranco Road,54,8/13/25 9:15 AM,Nadia Reyes,,Drive Thru,0.00,15.66,1.29,0.00,0.00,00:11:58
12060 Potranco Road,59,8/13/25 9:21 AM,Nadia Reyes,,Drive Thru,0.00,14.44,1.19,0.00,0.00,00:07:51
12060 Potranco Road,60,8/13/25 9:25 AM,Nadia Reyes,,Drive Thru,0.00,6.98,0.58,0.00,0.00,00:05:27
12060 Potranco Road,61,8/13/25 9:30 AM,Nadia Reyes,,Drive Thru,0.00,3.69,0.30,0.00,0.00,00:00:13
12060 Potranco Road,63,8/13/25 9:36 AM,Leticia Roman,1,Dining Room,0.00,12.98,1.07,5.00,0.00,00:48:01
12060 Potranco Road,64,8/13/25 9:37 AM,Candy Del Angel,,Dining Room,0.00,10.26,0.84,0.00,0.00,00:01:20
12060 Potranco Road,66,8/13/25 9:37 AM,Lizbeth Garcia,14,Dining Room,0.00,25.96,2.14,2.00,0.00,00:38:01
12060 Potranco Road,65,8/13/25 9:37 AM,Nadia Reyes,,Drive Thru,0.00,5.78,0.48,1.27,0.00,00:01:23
12060 Potranco Road,67,8/13/25 9:38 AM,Candy Del Angel,,Dining Room,0.00,7.67,0.63,0.00,0.00,00:00:44
12060 Potranco Road,69,8/13/25 9:42 AM,Gabriel Tovar ,26,Dining Room,0.00,33.46,2.76,0.00,0.00,00:59:29
12060 Potranco Road,45,8/13/25 8:55 AM,Nadia Reyes,,Drive Thru,0.00,8.67,0.72,0.00,0.00,00:51:25
12060 Potranco Road,70,8/13/25 9:46 AM,Lizbeth Garcia,,Dining Room,0.00,11.37,0.94,0.00,0.00,00:00:49
12060 Potranco Road,71,8/13/25 9:47 AM,Lizbeth Garcia,,Dining Room,0.00,0.00,0.00,0.00,0.00,00:00:31
12060 Potranco Road,72,8/13/25 9:48 AM,Leticia Roman,,Dining Room,0.00,10.66,0.88,0.00,0.00,00:15:57
12060 Potranco Road,74,8/13/25 9:52 AM,Nadia Reyes,,Drive Thru,0.00,3.38,0.27,0.00,0.00,00:02:47
12060 Potranco Road,73,8/13/25 9:52 AM,Gabriel Tovar ,,Dining Room,0.00,3.98,0.33,1.00,0.00,00:01:11
12060 Potranco Road,75,8/13/25 10:00 AM,Nadia Reyes,,Dining Room,0.00,11.55,0.95,0.00,0.00,00:12:54
12060 Potranco Road,77,8/13/25 10:07 AM,Gabriel Tovar ,,Dining Room,0.00,11.57,0.95,0.00,0.00,00:00:54
12060 Potranco Road,76,8/13/25 10:06 AM,Lizbeth Garcia,16,Dining Room,0.00,21.06,1.75,0.00,0.00,00:34:52
12060 Potranco Road,78,8/13/25 10:09 AM,Nadia Reyes,,Drive Thru,0.00,21.04,1.74,3.16,0.00,00:09:42
12060 Potranco Road,79,8/13/25 10:11 AM,Nadia Reyes,,Drive Thru,0.00,22.42,1.85,0.00,0.00,00:02:44
12060 Potranco Road,80,8/13/25 10:14 AM,Nadia Reyes,,Drive Thru,0.00,12.36,1.02,0.00,0.00,00:07:24
12060 Potranco Road,82,8/13/25 10:16 AM,Nadia Reyes,,Drive Thru,0.00,24.65,2.03,3.00,0.00,00:07:12
12060 Potranco Road,84,8/13/25 10:16 AM,Nadia Reyes,,Drive Thru,0.00,39.06,3.23,7.81,0.00,00:13:42
12060 Potranco Road,85,8/13/25 10:24 AM,Nadia Reyes,,Drive Thru,0.00,9.99,0.82,0.00,0.00,00:07:03
12060 Potranco Road,87,8/13/25 10:24 AM,Leticia Roman,2,Dining Room,0.00,66.42,5.47,15.00,0.00,00:46:19
12060 Potranco Road,89,8/13/25 10:25 AM,Nadia Reyes,,None,0.00,7.88,0.65,1.58,0.00,00:08:03
12060 Potranco Road,88,8/13/25 10:25 AM,Gabriel Tovar ,3,Dining Room,0.00,40.73,3.37,0.00,0.00,00:43:53
12060 Potranco Road,90,8/13/25 10:29 AM,Nadia Reyes,,Drive Thru,0.00,12.67,1.04,0.00,0.00,00:04:34
12060 Potranco Road,91,8/13/25 10:35 AM,Nadia Reyes,,Drive Thru,0.00,3.98,0.33,0.00,0.00,00:00:23
12060 Potranco Road,93,8/13/25 10:43 AM,Nadia Reyes,,Dining Room,0.54,4.83,0.40,0.00,0.00,00:01:56
12060 Potranco Road,92,8/13/25 10:43 AM,Lizbeth Garcia,22,Dining Room,0.00,36.29,3.01,8.00,0.00,00:19:23
12060 Potranco Road,94,8/13/25 10:44 AM,Nadia Reyes,,Drive Thru,0.00,12.86,1.06,1.93,0.00,00:03:20
12060 Potranco Road,95,8/13/25 10:46 AM,Leticia Roman,,Dining Room,0.00,5.78,0.48,0.00,0.00,00:00:34
12060 Potranco Road,96,8/13/25 10:47 AM,Nadia Reyes,,Drive Thru,0.00,9.68,0.79,1.94,0.00,00:02:10
12060 Potranco Road,98,8/13/25 10:48 AM,Nadia Reyes,,Drive Thru,0.60,5.38,0.44,0.90,0.00,00:03:03
12060 Potranco Road,99,8/13/25 10:50 AM,Nadia Reyes,,Drive Thru,0.00,13.06,1.08,0.00,0.00,00:02:30
12060 Potranco Road,100,8/13/25 10:53 AM,Leticia Roman,4,Dining Room,0.00,39.64,3.26,5.95,0.00,00:58:17
12060 Potranco Road,101,8/13/25 10:53 AM,Nadia Reyes,,Drive Thru,0.00,17.94,1.49,2.00,0.00,00:07:52
12060 Potranco Road,102,8/13/25 10:59 AM,Lizbeth Garcia,,Dining Room,0.00,38.99,3.22,1.00,0.00,00:02:19
12060 Potranco Road,103,8/13/25 11:02 AM,Nadia Reyes,,Drive Thru,0.00,2.79,0.23,0.00,0.00,00:25:54
12060 Potranco Road,104,8/13/25 11:02 AM,Nadia Reyes,,Drive Thru,0.00,3.98,0.33,0.00,0.00,00:04:42
12060 Potranco Road,105,8/13/25 11:03 AM,Gabriel Tovar ,15,Dining Room,1.50,26.95,2.22,1.00,0.00,00:36:53
12060 Potranco Road,108,8/13/25 11:07 AM,Nadia Reyes,,Drive Thru,0.00,2.99,0.25,0.00,0.00,00:23:07
12060 Potranco Road,109,8/13/25 11:07 AM,Nadia Reyes,,Drive Thru,0.00,8.78,0.72,1.93,0.00,00:04:07
12060 Potranco Road,110,8/13/25 11:11 AM,Lizbeth Garcia,1,Dining Room,0.00,16.47,1.36,2.47,0.00,00:29:38
12060 Potranco Road,111,8/13/25 11:13 AM,Gabriel Tovar ,2,Dining Room,0.00,15.98,1.32,0.00,0.00,00:01:10
12060 Potranco Road,112,8/13/25 11:16 AM,Nadia Reyes,,Drive Thru,0.00,5.58,0.46,0.00,0.00,00:02:03
12060 Potranco Road,113,8/13/25 11:16 AM,Nadia Reyes,,Drive Thru,0.00,25.55,2.11,0.00,0.00,00:18:15
12060 Potranco Road,116,8/13/25 11:19 AM,Gabriel Tovar ,28,Dining Room,0.00,22.97,1.89,0.00,0.00,01:13:13
12060 Potranco Road,117,8/13/25 11:22 AM,Nadia Reyes,,Drive Thru,0.00,29.36,2.43,2.00,0.00,00:09:14
12060 Potranco Road,119,8/13/25 11:27 AM,Leticia Roman,37,Dining Room,0.00,52.68,4.33,3.00,0.00,00:43:41
12060 Potranco Road,122,8/13/25 11:29 AM,Nadia Reyes,,Drive Thru,0.00,0.00,0.00,0.00,0.00,00:00:19
12060 Potranco Road,118,8/13/25 11:26 AM,Lizbeth Garcia,3,Dining Room,0.00,39.96,3.29,5.00,0.00,00:41:58
12060 Potranco Road,124,8/13/25 11:30 AM,Nadia Reyes,,Drive Thru,0.00,7.97,0.66,0.00,0.00,00:10:20
12060 Potranco Road,125,8/13/25 11:35 AM,Leticia Roman,34,Dining Room,0.00,29.45,2.42,9.00,0.00,00:24:42
12060 Potranco Road,126,8/13/25 11:40 AM,Nadia Reyes,,Drive Thru,0.00,10.07,0.84,0.00,0.00,00:04:23
12060 Potranco Road,128,8/13/25 11:48 AM,Gabriel Tovar ,16,Dining Room,0.00,38.13,3.13,0.00,0.00,01:40:50
12060 Potranco Road,129,8/13/25 11:57 AM,Candy Del Angel,,Dining Room,0.00,11.49,0.95,0.00,0.00,00:09:35
12060 Potranco Road,130,8/13/25 11:57 AM,Candy Del Angel,,Dining Room,0.00,11.99,0.99,2.00,0.00,00:17:03
12060 Potranco Road,131,8/13/25 12:01 PM,Lizbeth Garcia,1,Dining Room,0.00,37.11,3.05,10.00,0.00,00:39:04
12060 Potranco Road,137,8/13/25 12:12 PM,Leticia Roman,14,Dining Room,0.00,53.08,4.37,10.00,0.00,00:41:08
12060 Potranco Road,136,8/13/25 12:12 PM,Gabriel Tovar ,31,Dining Room,0.00,19.06,1.57,5.00,0.00,00:34:41
12060 Potranco Road,139,8/13/25 12:15 PM,Nadia Reyes,,None,0.00,33.13,2.73,3.00,0.00,00:03:55
12060 Potranco Road,141,8/13/25 12:17 PM,Nadia Reyes,,Drive Thru,0.00,22.76,1.87,0.00,0.00,00:04:31
12060 Potranco Road,142,8/13/25 12:21 PM,Leticia Roman,34,Dining Room,0.00,41.63,3.43,8.00,0.00,00:39:55
12060 Potranco Road,143,8/13/25 12:23 PM,Lizbeth Garcia,3,Dining Room,1.75,25.72,2.12,8.00,0.00,00:30:52
12060 Potranco Road,144,8/13/25 12:24 PM,Lizbeth Garcia,5,Dining Room,0.00,7.99,0.66,0.00,0.00,00:58:39
12060 Potranco Road,145,8/13/25 12:25 PM,Nadia Reyes,,Drive Thru,0.00,10.47,0.86,1.00,0.00,00:01:23
12060 Potranco Road,146,8/13/25 12:30 PM,Nadia Reyes,,Drive Thru,0.00,9.88,0.81,1.50,0.00,00:01:37
12060 Potranco Road,147,8/13/25 12:30 PM,Gabriel Tovar ,23,Dining Room,0.00,7.99,0.66,0.00,0.00,00:24:31
12060 Potranco Road,148,8/13/25 12:34 PM,Leticia Roman,4,Dining Room,0.00,35.96,2.96,0.00,0.00,00:43:38
12060 Potranco Road,149,8/13/25 12:39 PM,Leticia Roman,15,Dining Room,1.12,43.77,3.60,6.00,0.00,01:02:13
12060 Potranco Road,150,8/13/25 12:41 PM,Lizbeth Garcia,2,Dining Room,0.00,24.43,2.01,0.00,0.00,00:43:22
12060 Potranco Road,152,8/13/25 12:58 PM,Nadia Reyes,,Dining Room,0.00,18.87,1.55,0.00,0.00,00:08:44
12060 Potranco Road,151,8/13/25 12:46 PM,Nadia Reyes,,Drive Thru,0.00,4.39,0.36,0.00,0.00,00:15:44
12060 Potranco Road,156,8/13/25 1:06 PM,Nadia Reyes,,Drive Thru,0.00,26.98,2.23,0.00,0.00,00:05:12
12060 Potranco Road,157,8/13/25 1:07 PM,Gabriel Tovar ,1,Dining Room,0.00,54.04,4.47,0.00,0.00,00:44:12
12060 Potranco Road,158,8/13/25 1:19 PM,Lizbeth Garcia,21,Dining Room,0.00,96.15,7.91,0.00,0.00,00:54:50
12060 Potranco Road,159,8/13/25 1:20 PM,Nadia Reyes,,Drive Thru,0.00,12.74,1.05,0.00,0.00,00:03:38
12060 Potranco Road,160,8/13/25 1:20 PM,Nadia Reyes,,Drive Thru,0.00,3.58,0.30,0.00,0.00,00:04:40
12060 Potranco Road,161,8/13/25 1:23 PM,Leticia Roman,6,Dining Room,0.00,12.76,1.05,4.00,0.00,00:57:32
12060 Potranco Road,162,8/13/25 1:27 PM,Nadia Reyes,,Drive Thru,0.00,5.78,0.48,0.00,0.00,00:00:28
12060 Potranco Road,163,8/13/25 1:28 PM,Nadia Reyes,,Drive Thru,0.00,6.18,0.51,0.00,0.00,00:04:47
12060 Potranco Road,164,8/13/25 1:28 PM,Nadia Reyes,,Drive Thru,0.00,38.04,3.14,4.82,0.00,00:07:24
12060 Potranco Road,166,8/13/25 1:38 PM,Gabriel Tovar ,4,Dining Room,0.00,51.93,4.27,10.00,0.00,00:32:18
12060 Potranco Road,167,8/13/25 1:43 PM,Leticia Roman,18,Dining Room,8.90,42.90,3.54,10.00,0.00,00:45:48
12060 Potranco Road,169,8/13/25 2:01 PM,Gabriel Tovar ,15,Dining Room,0.00,44.21,3.63,10.00,0.00,00:54:13
12060 Potranco Road,173,8/13/25 2:23 PM,Gabriel Tovar ,12,Dining Room,0.00,77.70,6.42,0.00,0.00,00:49:27
12060 Potranco Road,174,8/13/25 2:23 PM,Mario Jimenez,,Bar,0.00,5.37,0.44,0.00,0.00,00:01:16
12060 Potranco Road,172,8/13/25 2:21 PM,Emanuel Sanchez,26,Dining Room,0.00,38.45,3.17,13.00,0.00,00:54:36
12060 Potranco Road,175,8/13/25 2:28 PM,Emanuel Sanchez,23,Dining Room,0.00,28.66,2.36,4.00,0.00,00:33:11
12060 Potranco Road,176,8/13/25 2:33 PM,Mario Jimenez,,None,0.00,26.65,2.20,0.00,0.00,00:02:31
12060 Potranco Road,177,8/13/25 2:49 PM,Emanuel Sanchez,,Dining Room,0.00,11.99,0.99,2.00,0.00,00:24:13
12060 Potranco Road,178,8/13/25 2:53 PM,Emanuel Sanchez,28,Dining Room,0.00,67.34,5.54,7.00,0.00,00:45:36
12060 Potranco Road,182,8/13/25 3:23 PM,Gabriel Tovar ,,None,11.99,0.00,0.00,0.00,0.00,04:10:08
12060 Potranco Road,183,8/13/25 3:29 PM,Mario Jimenez,,None,0.00,9.47,0.78,1.00,0.00,00:04:25
12060 Potranco Road,184,8/13/25 3:33 PM,Mario Jimenez,,Drive Thru,0.00,1.79,0.15,0.00,0.00,00:00:45
12060 Potranco Road,185,8/13/25 3:44 PM,Mario Jimenez,,None,0.00,13.56,1.12,0.00,0.00,00:00:53
12060 Potranco Road,186,8/13/25 3:50 PM,Mario Jimenez,,Dining Room,0.00,11.99,0.99,3.00,0.00,00:14:11
12060 Potranco Road,187,8/13/25 4:03 PM,Emanuel Sanchez,11,Dining Room,0.00,3.69,0.30,0.00,0.00,00:00:29
12060 Potranco Road,189,8/13/25 4:12 PM,Emanuel Sanchez,,Dining Room,0.00,17.38,1.43,0.00,0.00,00:13:07
12060 Potranco Road,188,8/13/25 4:07 PM,Gabriel Tovar ,34,Dining Room,0.00,24.92,2.05,3.00,0.00,00:54:16
12060 Potranco Road,190,8/13/25 4:20 PM,Emanuel Sanchez,16,Dining Room,0.00,41.88,3.45,10.00,0.00,00:50:14
12060 Potranco Road,191,8/13/25 4:32 PM,Mario Jimenez,,Dining Room,0.00,7.94,0.65,0.00,0.00,00:01:56
12060 Potranco Road,192,8/13/25 4:40 PM,Gabriel Tovar ,23,Dining Room,0.00,28.67,2.36,10.00,0.00,00:37:58
12060 Potranco Road,193,8/13/25 4:41 PM,Emanuel Sanchez,,Dining Room,0.00,8.99,0.74,0.00,0.00,00:00:36
12060 Potranco Road,195,8/13/25 5:06 PM,Mario Jimenez,,Drive Thru,0.00,17.90,1.48,0.00,0.00,00:03:10
12060 Potranco Road,196,8/13/25 5:14 PM,Mario Jimenez,,Drive Thru,0.00,35.96,2.97,5.39,0.00,00:02:23
12060 Potranco Road,199,8/13/25 5:25 PM,Gabriel Tovar ,,Dining Room,0.00,6.99,0.58,0.00,0.00,00:00:14
12060 Potranco Road,201,8/13/25 5:41 PM,Mario Jimenez,,Dining Room,0.00,30.97,2.56,4.65,0.00,00:01:38
12060 Potranco Road,202,8/13/25 5:44 PM,Mario Jimenez,,None,0.00,6.27,0.52,0.00,0.00,00:04:39
12060 Potranco Road,205,8/13/25 5:50 PM,Gabriel Tovar ,29,Dining Room,0.00,63.61,5.25,10.00,0.00,00:41:11
12060 Potranco Road,206,8/13/25 5:55 PM,Mario Jimenez,,Dining Room,0.00,26.56,2.19,5.31,0.00,00:02:09
12060 Potranco Road,203,8/13/25 5:47 PM,Emanuel Sanchez,14,Dining Room,0.00,52.34,4.32,6.78,0.00,01:01:35
12060 Potranco Road,204,8/13/25 5:50 PM,Mario Jimenez,,Drive Thru,0.00,11.46,0.95,0.00,0.00,00:14:02
12060 Potranco Road,209,8/13/25 6:17 PM,Mario Jimenez,,Dining Room,0.00,29.91,2.47,0.00,0.00,00:24:05
12060 Potranco Road,210,8/13/25 6:27 PM,Emanuel Sanchez,,Dining Room,0.00,6.99,0.58,0.00,0.00,00:00:55
12060 Potranco Road,207,8/13/25 6:04 PM,Mario Jimenez,,Drive Thru,1.94,17.41,1.44,2.00,0.00,00:31:38
12060 Potranco Road,212,8/13/25 6:39 PM,Mario Jimenez,,Drive Thru,12.75,68.42,5.63,17.86,0.00,00:08:53
12060 Potranco Road,213,8/13/25 6:40 PM,Mario Jimenez,,Drive Thru,0.00,26.56,2.18,5.31,0.00,00:12:11
12060 Potranco Road,215,8/13/25 6:42 PM,Gabriel Tovar ,10,Dining Room,0.00,55.45,4.57,9.00,0.00,00:37:05
12060 Potranco Road,217,8/13/25 6:54 PM,Mario Jimenez,,Drive Thru,0.00,7.99,0.66,0.00,0.00,00:03:09
12060 Potranco Road,216,8/13/25 6:54 PM,Emanuel Sanchez,20,Dining Room,0.00,21.66,1.78,3.25,0.00,00:49:06
12060 Potranco Road,219,8/13/25 6:56 PM,Mario Jimenez,,None,0.00,18.75,1.55,0.00,0.00,00:01:54
12060 Potranco Road,220,8/13/25 6:56 PM,Mario Jimenez,,None,0.00,6.99,0.58,0.00,0.00,00:06:47
12060 Potranco Road,221,8/13/25 7:03 PM,Mario Jimenez,,Drive Thru,0.00,3.99,0.33,0.00,0.00,00:03:10
12060 Potranco Road,225,8/13/25 7:21 PM,Mario Jimenez,,None,0.00,9.99,0.82,0.00,0.00,00:01:31
12060 Potranco Road,224,8/13/25 7:19 PM,Emanuel Sanchez,37,Dining Room,0.00,215.34,17.74,26.89,0.00,00:52:47
12060 Potranco Road,223,8/13/25 7:12 PM,Mario Jimenez,,Drive Thru,0.00,22.98,1.90,0.00,0.00,00:23:22
12060 Potranco Road,226,8/13/25 7:34 PM,Mario Jimenez,,Drive Thru,5.00,10.98,0.91,0.00,0.00,00:11:32
12060 Potranco Road,228,8/13/25 7:37 PM,Gabriel Tovar ,16,Dining Room,0.00,34.95,2.88,6.00,0.00,00:28:36
12060 Potranco Road,227,8/13/25 7:36 PM,Mario Jimenez,,Drive Thru,0.00,9.99,0.82,0.00,0.00,00:12:11
12060 Potranco Road,229,8/13/25 7:44 PM,Emanuel Sanchez,15,Dining Room,0.00,31.47,2.59,6.92,0.00,01:10:15
12060 Potranco Road,231,8/13/25 8:00 PM,Mario Jimenez,,None,0.00,9.99,0.82,0.00,0.00,00:01:25
12060 Potranco Road,232,8/13/25 8:00 PM,Mario Jimenez,,Dining Room,0.00,3.98,0.33,0.00,0.00,00:02:59
12060 Potranco Road,233,8/13/25 8:11 PM,Mario Jimenez,,Drive Thru,0.00,5.57,0.46,0.00,0.00,00:00:41
12060 Potranco Road,234,8/13/25 8:11 PM,Mario Jimenez,,Drive Thru,0.00,19.46,1.61,0.00,0.00,00:07:16
12060 Potranco Road,235,8/13/25 8:14 PM,Gabriel Tovar ,18,Dining Room,0.00,64.92,5.36,0.00,0.00,00:23:54
12060 Potranco Road,236,8/13/25 8:15 PM,Mario Jimenez,,Drive Thru,0.00,10.99,0.91,0.00,0.00,00:09:49
12060 Potranco Road,237,8/13/25 8:25 PM,Mario Jimenez,,Drive Thru,0.00,17.76,1.47,3.91,0.00,00:01:26
