Employee,Job Title,In Date,Out Date,Auto Clock-out,Total Hours,Unpaid Break Time,Paid Break Time,Payable Hours
"Lino Santana, David ",Prep,8/13/25 5:14 AM,8/13/25 2:30 PM,No,9.27,0.00,0.00,9.27
"Farias, Claudia",Cook,8/13/25 5:14 AM,8/13/25 2:05 PM,No,8.85,0.00,0.00,8.85
"Cardenas, Salvador",Cook,8/13/25 5:35 AM,8/13/25 2:05 PM,No,8.49,0.00,0.00,8.49
"Garcia, Lizbeth",Server,8/13/25 6:22 AM,8/13/25 2:38 PM,No,8.27,0.00,0.00,8.27
"Reyes, Nadia",Driver,8/13/25 6:31 AM,8/13/25 2:18 PM,No,7.78,0.00,0.00,7.78
"Garcia, Enriqueta",Chef,8/13/25 7:08 AM,8/13/25 3:24 PM,No,8.28,0.00,0.00,8.28
"Roman, Leticia",Server,8/13/25 8:01 AM,8/13/25 2:46 PM,No,6.74,0.00,0.00,6.74
"Morales, Adrian",Server,8/13/25 8:10 AM,8/13/25 9:13 AM,No,1.04,0.00,0.00,1.04
"JOSSUETH, FRANLOD",Busser,8/13/25 8:16 AM,8/13/25 9:06 PM,No,12.84,0.00,0.00,12.84
"Del Angel, Candy",Shift Manager / Assistant Manager,8/13/25 8:23 AM,8/13/25 2:45 PM,No,6.36,0.00,0.00,6.36
"Tovar , Gabriel",Server,8/13/25 8:30 AM,8/13/25 9:09 PM,No,12.65,0.00,0.00,12.65
"Barton, Arion",Cook,8/13/25 9:00 AM,8/13/25 2:27 PM,No,5.46,0.00,0.00,5.46
"Sanchez, Emanuel",Server,8/13/25 1:49 PM,8/13/25 9:10 PM,No,7.34,0.00,0.00,7.34
"GUTIERREZ, ERIC",Cook,8/13/25 2:01 PM,8/13/25 9:13 PM,No,7.19,0.00,0.00,7.19
"Jimenez, Mario",Driver,8/13/25 2:12 PM,8/13/25 9:00 PM,No,6.80,0.00,0.00,6.80
"vanenzuela, felix",Cook,8/13/25 2:22 PM,8/13/25 9:16 PM,No,6.90,0.00,0.00,6.90
"Aragon, Cecilia",Tortillera,8/13/25 2:27 PM,8/13/25 9:16 PM,No,6.82,0.00,0.00,6.82
"Rosales, Elsa",Tortillera,8/13/25 3:51 PM,8/13/25 9:16 PM,No,5.42,0.00,0.00,5.42
"Tovar , Gabriel",Server,8/13/25 9:09 PM,8/13/25 9:18 PM,No,0.15,0.00,0.00,0.15
