Location,Order #,Opened,Server,Table,Revenue Center,Discount Amount,Amount,Tax,Tip,Gratuity,Duration (Opened to Paid)
Tink-a-Tako - Potranco,1,8/7/25 6:16 AM,Daniela Torres,,Dining Room,0.00,3.98,0.33,0.00,0.00,00:17:53
Tink-a-Tako - Potranco,2,8/7/25 6:33 AM,Daniela Torres,,Dining Room,0.00,11.46,0.95,0.00,0.00,00:02:50
Tink-a-Tako - Potranco,3,8/7/25 6:34 AM,Daniela Torres,,Dining Room,0.00,7.38,0.61,0.00,0.00,00:04:07
Tink-a-Tako - Potranco,4,8/7/25 6:35 AM,Daniela Torres,,Dining Room,0.00,8.06,0.67,0.00,0.00,00:04:13
Tink-a-Tako - Potranco,5,8/7/25 6:37 AM,Daniela Torres,,Dining Room,0.00,2.79,0.23,0.00,0.00,00:03:17
Tink-a-Tako - Potranco,6,8/7/25 6:38 AM,Daniela Torres,,Dining Room,0.00,7.16,0.59,0.00,0.00,00:02:51
Tink-a-Tako - Potranco,7,8/7/25 6:41 AM,Daniela Torres,,Dining Room,0.00,8.97,0.74,0.00,0.00,00:01:22
Tink-a-Tako - Potranco,8,8/7/25 6:41 AM,Daniela Torres,,Dining Room,0.00,3.78,0.31,2.00,0.00,00:01:57
Tink-a-Tako - Potranco,9,8/7/25 6:41 AM,Daniela Torres,,Dining Room,0.64,9.19,0.76,0.00,0.00,00:03:51
Tink-a-Tako - Potranco,10,8/7/25 6:44 AM,Norma Vasquez,,Dining Room,0.00,355.00,29.27,50.00,0.00,00:43:04
Tink-a-Tako - Potranco,12,8/7/25 6:49 AM,Daniela Torres,,Dining Room,0.00,4.48,0.37,0.00,0.00,00:00:45
Tink-a-Tako - Potranco,13,8/7/25 6:50 AM,Daniela Torres,,Dining Room,0.00,6.48,0.54,0.00,0.00,00:01:49
Tink-a-Tako - Potranco,14,8/7/25 6:52 AM,Daniela Torres,,Dining Room,0.00,3.98,0.33,0.00,0.00,00:01:55
Tink-a-Tako - Potranco,15,8/7/25 6:53 AM,Daniela Torres,,Dining Room,0.00,1.99,0.16,0.00,0.00,00:01:35
Tink-a-Tako - Potranco,18,8/7/25 6:58 AM,Daniela Torres,,Dining Room,0.00,9.96,0.83,0.00,0.00,00:01:27
Tink-a-Tako - Potranco,19,8/7/25 6:58 AM,Daniela Torres,,Dining Room,0.00,22.59,1.87,0.00,0.00,00:04:57
Tink-a-Tako - Potranco,17,8/7/25 6:58 AM,Daniela Torres,,Dining Room,0.00,64.62,5.33,0.00,0.00,00:19:43
Tink-a-Tako - Potranco,20,8/7/25 7:00 AM,Daniela Torres,,Dining Room,0.00,7.37,0.61,0.00,0.00,00:05:42
Tink-a-Tako - Potranco,21,8/7/25 7:02 AM,Daniela Torres,,Dining Room,0.00,7.56,0.63,0.00,0.00,00:05:05
Tink-a-Tako - Potranco,22,8/7/25 7:02 AM,Daniela Torres,,Dining Room,0.00,11.54,0.96,0.00,0.00,00:05:31
Tink-a-Tako - Potranco,23,8/7/25 7:02 AM,Daniela Torres,,Dining Room,0.00,7.18,0.59,0.00,0.00,00:08:20
Tink-a-Tako - Potranco,24,8/7/25 7:06 AM,Daniela Torres,,Dining Room,0.00,8.86,0.72,0.00,0.00,00:05:47
Tink-a-Tako - Potranco,25,8/7/25 7:07 AM,Daniela Torres,,Dining Room,0.00,4.48,0.37,0.00,0.00,00:05:37
Tink-a-Tako - Potranco,26,8/7/25 7:09 AM,Norma Vasquez,26,Dining Room,0.00,14.97,1.24,0.00,0.00,00:57:32
Tink-a-Tako - Potranco,27,8/7/25 7:11 AM,Daniela Torres,,Dining Room,0.00,3.49,0.29,0.00,0.00,00:03:48
Tink-a-Tako - Potranco,28,8/7/25 7:13 AM,Daniela Torres,,Dining Room,0.00,31.37,2.59,0.00,0.00,00:06:49
Tink-a-Tako - Potranco,29,8/7/25 7:15 AM,Daniela Torres,,Dining Room,0.00,6.18,0.51,0.00,0.00,00:07:06
Tink-a-Tako - Potranco,30,8/7/25 7:16 AM,Daniela Torres,,Dining Room,0.00,3.58,0.30,0.00,0.00,00:06:48
Tink-a-Tako - Potranco,31,8/7/25 7:16 AM,Daniela Torres,,Dining Room,0.00,7.37,0.61,1.00,0.00,00:07:15
Tink-a-Tako - Potranco,32,8/7/25 7:19 AM,Daniela Torres,,Dining Room,0.00,3.78,0.31,0.00,0.00,00:05:30
Tink-a-Tako - Potranco,33,8/7/25 7:23 AM,Daniela Torres,,Dining Room,1.04,12.33,1.02,0.00,0.00,00:07:35
Tink-a-Tako - Potranco,34,8/7/25 7:24 AM,Daniela Torres,,Dining Room,0.00,2.79,0.23,0.00,0.00,00:06:20
Tink-a-Tako - Potranco,35,8/7/25 7:25 AM,Daniela Torres,,Dining Room,0.00,13.97,1.15,0.00,0.00,00:06:46
Tink-a-Tako - Potranco,36,8/7/25 7:25 AM,Daniela Torres,,Dining Room,0.00,11.95,0.99,0.00,0.00,00:00:15
Tink-a-Tako - Potranco,37,8/7/25 7:29 AM,Norma Vasquez,15,Dining Room,0.00,5.78,0.48,0.00,0.00,00:14:06
Tink-a-Tako - Potranco,38,8/7/25 7:32 AM,Daniela Torres,,Dining Room,0.00,7.47,0.61,0.00,0.00,00:01:43
Tink-a-Tako - Potranco,39,8/7/25 7:35 AM,Daniela Torres,,Dining Room,0.00,5.97,0.49,0.00,0.00,00:01:24
Tink-a-Tako - Potranco,40,8/7/25 7:35 AM,Daniela Torres,,Dining Room,0.00,6.48,0.54,0.00,0.00,00:03:14
Tink-a-Tako - Potranco,41,8/7/25 7:40 AM,Norma Vasquez,18,Dining Room,0.00,9.96,0.82,5.00,0.00,00:19:09
Tink-a-Tako - Potranco,42,8/7/25 7:41 AM,Daniela Torres,,Dining Room,0.00,7.48,0.62,0.00,0.00,00:00:48
Tink-a-Tako - Potranco,43,8/7/25 7:41 AM,Daniela Torres,,Dining Room,0.00,4.28,0.35,0.00,0.00,00:04:03
Tink-a-Tako - Potranco,16,8/7/25 6:53 AM,Daniela Torres,,Dining Room,0.00,2.29,0.19,0.00,0.00,00:53:07
Tink-a-Tako - Potranco,44,8/7/25 7:43 AM,Rosie  ORDONEZ,17,Dining Room,0.00,0.00,0.00,0.00,0.00,00:04:22
Tink-a-Tako - Potranco,46,8/7/25 7:49 AM,Norma Vasquez,,Dining Room,0.00,4.98,0.41,2.00,0.00,00:06:56
Tink-a-Tako - Potranco,45,8/7/25 7:44 AM,Daniela Torres,,Dining Room,0.00,23.88,1.97,4.15,0.00,00:14:53
Tink-a-Tako - Potranco,47,8/7/25 7:54 AM,Daniela Torres,,Dining Room,0.00,4.78,0.39,0.00,0.00,00:06:09
Tink-a-Tako - Potranco,49,8/7/25 7:55 AM,Norma Vasquez,41,Dining Room,0.00,15.23,1.26,5.00,0.00,00:32:30
Tink-a-Tako - Potranco,48,8/7/25 7:54 AM,Daniela Torres,,Dining Room,0.00,17.52,1.44,0.00,0.00,00:06:35
Tink-a-Tako - Potranco,51,8/7/25 7:58 AM,Daniela Torres,,Dining Room,0.00,14.63,1.20,0.00,0.00,00:04:58
Tink-a-Tako - Potranco,52,8/7/25 7:59 AM,Daniela Torres,,Dining Room,0.00,13.41,1.10,1.00,0.00,00:04:44
Tink-a-Tako - Potranco,53,8/7/25 8:02 AM,Rosie  ORDONEZ,,Dining Room,0.00,1.99,0.16,0.00,0.00,00:00:12
Tink-a-Tako - Potranco,55,8/7/25 8:03 AM,Daniela Torres,,Dining Room,0.00,37.27,3.09,5.00,0.00,00:03:43
Tink-a-Tako - Potranco,56,8/7/25 8:03 AM,Daniela Torres,,Dining Room,0.00,3.98,0.33,0.00,0.00,00:06:58
Tink-a-Tako - Potranco,57,8/7/25 8:04 AM,Daniela Torres,,Dining Room,0.00,5.79,0.48,0.00,0.00,00:07:15
Tink-a-Tako - Potranco,58,8/7/25 8:04 AM,Daniela Torres,,Dining Room,0.00,13.37,1.10,0.00,0.00,00:08:52
Tink-a-Tako - Potranco,59,8/7/25 8:05 AM,Daniela Torres,,Dining Room,0.00,21.03,1.73,0.00,0.00,00:09:54
Tink-a-Tako - Potranco,60,8/7/25 8:10 AM,Norma Vasquez,,Dining Room,0.00,14.56,1.21,3.00,0.00,00:00:57
Tink-a-Tako - Potranco,61,8/7/25 8:12 AM,Daniela Torres,,Dining Room,0.00,3.98,0.33,0.00,0.00,00:05:07
Tink-a-Tako - Potranco,62,8/7/25 8:12 AM,Daniela Torres,,Dining Room,0.00,22.54,1.86,0.00,0.00,00:05:53
Tink-a-Tako - Potranco,50,8/7/25 7:57 AM,Daniela Torres,,Dining Room,0.00,15.96,1.31,0.00,0.00,00:23:00
Tink-a-Tako - Potranco,64,8/7/25 8:15 AM,Daniela Torres,,Dining Room,0.00,5.94,0.49,1.00,0.00,00:06:17
Tink-a-Tako - Potranco,65,8/7/25 8:17 AM,Daniela Torres,,Dining Room,0.00,8.88,0.73,0.00,0.00,00:05:23
Tink-a-Tako - Potranco,66,8/7/25 8:19 AM,Norma Vasquez,21,Dining Room,0.00,15.98,1.32,4.00,0.00,00:58:20
Tink-a-Tako - Potranco,67,8/7/25 8:20 AM,Daniela Torres,,Dining Room,0.00,15.95,1.31,0.00,0.00,00:04:04
Tink-a-Tako - Potranco,68,8/7/25 8:21 AM,Esperansa Caviedes,11,Dining Room,0.00,11.77,0.97,2.00,0.00,00:19:40
Tink-a-Tako - Potranco,69,8/7/25 8:22 AM,Daniela Torres,,Dining Room,0.00,8.78,0.72,0.00,0.00,00:02:45
Tink-a-Tako - Potranco,70,8/7/25 8:25 AM,Norma Vasquez,9,Dining Room,0.00,17.06,1.40,0.00,0.00,00:18:02
Tink-a-Tako - Potranco,71,8/7/25 8:35 AM,Daniela Torres,,Dining Room,0.00,1.99,0.16,0.00,0.00,00:00:43
Tink-a-Tako - Potranco,72,8/7/25 8:37 AM,Giselle Cisneross,,Dining Room,0.00,13.26,1.10,2.00,0.00,00:00:32
Tink-a-Tako - Potranco,74,8/7/25 8:38 AM,Daniela Torres,,Dining Room,0.00,8.47,0.70,0.00,0.00,00:01:02
Tink-a-Tako - Potranco,73,8/7/25 8:38 AM,Esperansa Caviedes,25,Dining Room,0.00,51.27,4.21,3.00,0.00,01:41:33
Tink-a-Tako - Potranco,75,8/7/25 8:40 AM,Maria Majana,22,Dining Room,0.00,0.00,0.00,0.00,0.00,00:01:30
Tink-a-Tako - Potranco,76,8/7/25 8:41 AM,Maria Majana,9,Dining Room,1.10,43.39,3.59,0.00,0.00,01:50:06
Tink-a-Tako - Potranco,77,8/7/25 8:43 AM,Daniela Torres,,Dining Room,0.00,10.63,0.87,0.00,0.00,00:01:34
Tink-a-Tako - Potranco,78,8/7/25 8:47 AM,Daniela Torres,,Dining Room,0.00,10.74,0.89,0.00,0.00,00:00:11
Tink-a-Tako - Potranco,79,8/7/25 8:47 AM,Giselle Cisneross,,Dining Room,0.00,3.98,0.33,1.69,0.00,00:00:13
Tink-a-Tako - Potranco,63,8/7/25 8:14 AM,Daniela Torres,,Dining Room,0.00,3.99,0.33,0.00,0.00,00:35:54
Tink-a-Tako - Potranco,81,8/7/25 8:50 AM,Giselle Cisneross,,Dining Room,0.00,11.35,0.94,0.00,0.00,00:06:26
Tink-a-Tako - Potranco,82,8/7/25 8:52 AM,Mayra Luna,,Dining Room,39.79,0.00,0.00,0.00,0.00,13:23:46
Tink-a-Tako - Potranco,83,8/7/25 8:52 AM,Isabel Cisneros,22,Dining Room,0.00,9.96,0.82,0.00,0.00,00:17:10
Tink-a-Tako - Potranco,84,8/7/25 8:52 AM,Daniela Torres,,Dining Room,0.00,4.98,0.41,0.00,0.00,00:02:25
Tink-a-Tako - Potranco,85,8/7/25 8:55 AM,Daniela Torres,,Dining Room,0.00,6.77,0.56,0.00,0.00,00:01:14
Tink-a-Tako - Potranco,86,8/7/25 8:57 AM,Daniela Torres,,Dining Room,0.00,3.98,0.33,0.00,0.00,00:02:38
Tink-a-Tako - Potranco,80,8/7/25 8:48 AM,Daniela Torres,,Dining Room,0.00,2.99,0.25,0.00,0.00,00:16:39
Tink-a-Tako - Potranco,88,8/7/25 9:02 AM,Daniela Torres,,Dining Room,0.00,36.18,2.98,0.00,0.00,00:04:32
Tink-a-Tako - Potranco,89,8/7/25 9:04 AM,Daniela Torres,,Dining Room,0.00,11.38,0.94,1.00,0.00,00:07:52
Tink-a-Tako - Potranco,91,8/7/25 9:05 AM,Esperansa Caviedes,1,Dining Room,0.00,5.97,0.49,0.00,0.00,00:02:39
Tink-a-Tako - Potranco,90,8/7/25 9:04 AM,Daniela Torres,,Dining Room,0.00,21.14,1.74,2.00,0.00,00:08:54
Tink-a-Tako - Potranco,94,8/7/25 9:09 AM,Norma Vasquez,10,Dining Room,0.00,34.73,2.85,5.00,0.00,00:27:43
Tink-a-Tako - Potranco,96,8/7/25 9:12 AM,Daniela Torres,,Dining Room,0.00,5.97,0.49,0.00,0.00,00:01:58
Tink-a-Tako - Potranco,95,8/7/25 9:10 AM,Esperansa Caviedes,42,Dining Room,0.00,45.64,3.75,8.69,0.00,00:43:06
Tink-a-Tako - Potranco,98,8/7/25 9:17 AM,Daniela Torres,,Dining Room,0.00,3.98,0.32,0.00,0.00,00:00:58
Tink-a-Tako - Potranco,99,8/7/25 9:17 AM,Daniela Torres,,Dining Room,0.00,6.97,0.57,0.00,0.00,00:02:31
Tink-a-Tako - Potranco,93,8/7/25 9:08 AM,Daniela Torres,,Dining Room,0.00,18.21,1.50,0.00,0.00,00:14:32
Tink-a-Tako - Potranco,100,8/7/25 9:21 AM,Daniela Torres,,Dining Room,0.00,12.54,1.04,0.00,0.00,00:03:47
Tink-a-Tako - Potranco,101,8/7/25 9:21 AM,Daniela Torres,,Dining Room,0.00,10.53,0.87,0.00,0.00,00:04:36
Tink-a-Tako - Potranco,102,8/7/25 9:24 AM,Daniela Torres,,Dining Room,0.00,9.96,0.82,1.49,0.00,00:04:10
Tink-a-Tako - Potranco,103,8/7/25 9:24 AM,Daniela Torres,,Dining Room,0.00,9.77,0.80,0.00,0.00,00:04:46
Tink-a-Tako - Potranco,108,8/7/25 9:30 AM,Daniela Torres,,Dining Room,0.00,7.67,0.62,0.00,0.00,00:01:43
Tink-a-Tako - Potranco,109,8/7/25 9:30 AM,Daniela Torres,,Dining Room,0.00,10.37,0.85,1.00,0.00,00:02:56
Tink-a-Tako - Potranco,104,8/7/25 9:27 AM,Maria Majana,22,Dining Room,0.00,45.35,3.73,7.00,0.00,00:40:13
Tink-a-Tako - Potranco,111,8/7/25 9:33 AM,Daniela Torres,,Dining Room,0.00,4.48,0.37,0.00,0.00,00:00:39
Tink-a-Tako - Potranco,112,8/7/25 9:36 AM,Daniela Torres,,Dining Room,0.00,27.32,2.25,5.00,0.00,00:01:14
Tink-a-Tako - Potranco,113,8/7/25 9:36 AM,Isabel Cisneros,33,Dining Room,0.00,31.88,2.62,6.38,0.00,00:19:41
Tink-a-Tako - Potranco,110,8/7/25 9:30 AM,Daniela Torres,,Dining Room,0.00,7.48,0.62,0.00,0.00,00:12:21
Tink-a-Tako - Potranco,115,8/7/25 9:39 AM,Norma Vasquez,4,Dining Room,1.60,17.36,1.43,5.00,0.00,00:21:17
Tink-a-Tako - Potranco,114,8/7/25 9:37 AM,Daniela Torres,,Dining Room,0.00,50.30,4.15,5.00,0.00,00:06:20
Tink-a-Tako - Potranco,116,8/7/25 9:39 AM,Daniela Torres,,Dining Room,0.00,6.97,0.57,1.00,0.00,00:09:08
Tink-a-Tako - Potranco,117,8/7/25 9:40 AM,Daniela Torres,,Dining Room,0.00,19.54,1.61,0.00,0.00,00:12:39
Tink-a-Tako - Potranco,119,8/7/25 9:42 AM,Daniela Torres,,Dining Room,0.00,13.76,1.14,0.00,0.00,00:08:29
Tink-a-Tako - Potranco,121,8/7/25 9:49 AM,Daniela Torres,,Dining Room,0.00,7.56,0.63,0.00,0.00,00:04:25
Tink-a-Tako - Potranco,122,8/7/25 9:51 AM,Daniela Torres,,Dining Room,0.00,17.38,1.43,0.00,0.00,00:03:39
Tink-a-Tako - Potranco,123,8/7/25 9:56 AM,Daniela Torres,,Dining Room,0.00,6.67,0.55,0.00,0.00,00:00:43
Tink-a-Tako - Potranco,126,8/7/25 9:58 AM,Norma Vasquez,18,Dining Room,0.00,21.96,1.82,0.00,0.00,00:39:37
Tink-a-Tako - Potranco,125,8/7/25 9:58 AM,Daniela Torres,,Dining Room,0.00,16.44,1.35,0.00,0.00,00:01:45
Tink-a-Tako - Potranco,128,8/7/25 9:59 AM,Daniela Torres,,Dining Room,0.00,9.86,0.82,0.00,0.00,00:06:09
Tink-a-Tako - Potranco,129,8/7/25 9:59 AM,Daniela Torres,,Dining Room,0.00,8.77,0.73,3.00,0.00,00:06:51
Tink-a-Tako - Potranco,130,8/7/25 10:04 AM,Esperansa Caviedes,32,Dining Room,0.00,9.98,0.83,0.00,0.00,01:06:32
Tink-a-Tako - Potranco,132,8/7/25 10:05 AM,Daniela Torres,,Dining Room,0.00,13.93,1.15,0.00,0.00,00:01:55
Tink-a-Tako - Potranco,133,8/7/25 10:06 AM,Isabel Cisneros,23,Dining Room,0.00,25.95,2.15,5.00,0.00,00:27:34
Tink-a-Tako - Potranco,134,8/7/25 10:06 AM,Daniela Torres,,Dining Room,0.00,15.66,1.29,0.00,0.00,00:05:23
Tink-a-Tako - Potranco,131,8/7/25 10:04 AM,Maria Majana,25,Dining Room,0.00,33.27,2.74,0.00,0.00,01:11:06
Tink-a-Tako - Potranco,135,8/7/25 10:07 AM,Daniela Torres,,Dining Room,0.00,17.34,1.43,0.00,0.00,00:11:17
Tink-a-Tako - Potranco,136,8/7/25 10:07 AM,Daniela Torres,,Dining Room,0.00,12.24,1.00,0.00,0.00,00:13:12
Tink-a-Tako - Potranco,137,8/7/25 10:13 AM,Isabel Cisneros,17,Dining Room,0.00,21.85,1.80,6.18,0.00,01:16:04
Tink-a-Tako - Potranco,138,8/7/25 10:17 AM,Daniela Torres,,Dining Room,0.00,7.57,0.63,0.00,0.00,00:06:42
Tink-a-Tako - Potranco,139,8/7/25 10:20 AM,Daniela Torres,,Dining Room,0.00,35.12,2.90,0.00,0.00,00:06:09
Tink-a-Tako - Potranco,140,8/7/25 10:21 AM,Daniela Torres,,Dining Room,0.00,9.07,0.76,0.00,0.00,00:00:32
Tink-a-Tako - Potranco,142,8/7/25 10:22 AM,Norma Vasquez,11,Dining Room,0.00,24.04,1.99,10.00,0.00,00:44:40
Tink-a-Tako - Potranco,141,8/7/25 10:22 AM,Daniela Torres,,Dining Room,0.00,5.68,0.46,0.00,0.00,00:07:45
Tink-a-Tako - Potranco,143,8/7/25 10:25 AM,Daniela Torres,,Dining Room,0.00,10.66,0.87,0.00,0.00,00:06:43
Tink-a-Tako - Potranco,145,8/7/25 10:27 AM,Esperansa Caviedes,37,Dining Room,0.00,44.55,3.68,10.00,0.00,00:25:14
Tink-a-Tako - Potranco,147,8/7/25 10:29 AM,Maria Majana,26,Dining Room,0.00,6.99,0.58,2.00,0.00,00:31:31
Tink-a-Tako - Potranco,146,8/7/25 10:28 AM,Daniela Torres,,Dining Room,0.00,8.82,0.72,0.00,0.00,00:04:42
Tink-a-Tako - Potranco,148,8/7/25 10:30 AM,Daniela Torres,,Dining Room,0.00,8.49,0.70,1.00,0.00,00:04:23
Tink-a-Tako - Potranco,150,8/7/25 10:33 AM,Norma Vasquez,,Dining Room,0.00,9.22,0.75,0.00,0.00,00:18:52
Tink-a-Tako - Potranco,151,8/7/25 10:35 AM,Daniela Torres,,Dining Room,0.00,29.86,2.46,0.00,0.00,00:02:24
Tink-a-Tako - Potranco,152,8/7/25 10:37 AM,Daniela Torres,,Dining Room,0.00,11.98,0.99,0.00,0.00,00:04:53
Tink-a-Tako - Potranco,153,8/7/25 10:37 AM,Daniela Torres,,Dining Room,0.00,22.02,1.82,0.00,0.00,00:05:04
Tink-a-Tako - Potranco,154,8/7/25 10:37 AM,Isabel Cisneros,38,Dining Room,0.00,20.96,1.74,0.00,0.00,01:06:40
Tink-a-Tako - Potranco,155,8/7/25 10:38 AM,Daniela Torres,,Dining Room,0.00,20.93,1.72,0.00,0.00,00:08:13
Tink-a-Tako - Potranco,157,8/7/25 10:39 AM,Norma Vasquez,7,Dining Room,0.00,12.44,1.02,3.00,0.00,00:28:31
Tink-a-Tako - Potranco,158,8/7/25 10:39 AM,Esperansa Caviedes,24,Dining Room,0.00,21.97,1.81,5.00,0.00,00:28:25
Tink-a-Tako - Potranco,156,8/7/25 10:38 AM,Daniela Torres,,Dining Room,0.00,10.37,0.86,0.00,0.00,00:09:29
Tink-a-Tako - Potranco,159,8/7/25 10:40 AM,Giselle Cisneross,,Dining Room,0.00,3.49,0.29,0.00,0.00,00:00:24
Tink-a-Tako - Potranco,160,8/7/25 10:42 AM,Daniela Torres,,Dining Room,0.00,0.00,0.00,0.00,0.00,00:06:39
Tink-a-Tako - Potranco,161,8/7/25 10:43 AM,Daniela Torres,,Dining Room,0.00,6.48,0.54,0.00,0.00,00:08:45
Tink-a-Tako - Potranco,162,8/7/25 10:43 AM,Daniela Torres,,Dining Room,0.00,40.02,3.29,0.00,0.00,00:10:21
Tink-a-Tako - Potranco,163,8/7/25 10:46 AM,Daniela Torres,,Dining Room,0.00,17.12,1.42,0.00,0.00,00:08:21
Tink-a-Tako - Potranco,164,8/7/25 10:48 AM,Giselle Cisneross,,Dining Room,0.00,7.73,0.63,1.00,0.00,00:00:21
Tink-a-Tako - Potranco,165,8/7/25 10:51 AM,Daniela Torres,,Dining Room,0.00,9.99,0.82,1.00,0.00,00:03:53
Tink-a-Tako - Potranco,166,8/7/25 10:52 AM,Daniela Torres,,Dining Room,0.00,11.97,0.98,0.00,0.00,00:05:43
Tink-a-Tako - Potranco,167,8/7/25 10:54 AM,Daniela Torres,,Dining Room,0.00,17.35,1.44,0.00,0.00,00:04:40
Tink-a-Tako - Potranco,168,8/7/25 10:55 AM,Daniela Torres,,Dining Room,0.00,3.98,0.33,0.00,0.00,00:05:38
Tink-a-Tako - Potranco,169,8/7/25 10:57 AM,Norma Vasquez,33,Dining Room,0.90,11.08,0.92,5.00,0.00,00:23:16
Tink-a-Tako - Potranco,118,8/7/25 9:40 AM,Daniela Torres,,Dining Room,0.00,46.95,3.87,0.00,0.00,01:21:47
Tink-a-Tako - Potranco,171,8/7/25 10:58 AM,Norma Vasquez,19,Dining Room,2.00,30.59,2.52,0.00,0.00,00:29:05
Tink-a-Tako - Potranco,172,8/7/25 10:59 AM,Daniela Torres,,Dining Room,0.00,0.00,0.00,0.00,0.00,00:01:24
Tink-a-Tako - Potranco,173,8/7/25 11:01 AM,Giselle Cisneross,,Dining Room,0.00,14.44,1.19,3.00,0.00,00:01:16
Tink-a-Tako - Potranco,174,8/7/25 11:03 AM,Daniela Torres,,Dining Room,0.00,22.73,1.86,0.00,0.00,00:00:56
Tink-a-Tako - Potranco,175,8/7/25 11:04 AM,Daniela Torres,,Dining Room,1.40,12.54,1.04,0.00,0.00,00:05:45
Tink-a-Tako - Potranco,176,8/7/25 11:05 AM,Daniela Torres,,Dining Room,0.00,15.38,1.27,0.00,0.00,00:06:38
Tink-a-Tako - Potranco,170,8/7/25 10:57 AM,Daniela Torres,,Dining Room,0.00,18.14,1.50,0.00,0.00,00:15:27
Tink-a-Tako - Potranco,177,8/7/25 11:11 AM,Isabel Cisneros,32,Dining Room,0.00,17.33,1.43,6.00,0.00,00:21:38
Tink-a-Tako - Potranco,180,8/7/25 11:12 AM,Esperansa Caviedes,36,Dining Room,0.00,21.45,1.78,5.77,0.00,00:52:01
Tink-a-Tako - Potranco,179,8/7/25 11:12 AM,Maria Majana,18,Dining Room,0.00,34.65,2.84,7.00,0.00,00:21:55
Tink-a-Tako - Potranco,181,8/7/25 11:21 AM,Isabel Cisneros,7,Dining Room,0.00,36.19,2.98,0.00,0.00,00:41:13
Tink-a-Tako - Potranco,182,8/7/25 11:22 AM,Daniela Torres,,Dining Room,0.00,12.12,0.99,0.00,0.00,00:02:02
Tink-a-Tako - Potranco,183,8/7/25 11:24 AM,Esperansa Caviedes,39,Dining Room,0.00,44.60,3.68,0.00,0.00,01:18:31
Tink-a-Tako - Potranco,184,8/7/25 11:26 AM,Daniela Torres,,Dining Room,0.00,15.53,1.28,0.00,0.00,00:02:09
Tink-a-Tako - Potranco,178,8/7/25 11:11 AM,Daniela Torres,,Dining Room,0.00,9.67,0.79,0.00,0.00,00:20:10
Tink-a-Tako - Potranco,186,8/7/25 11:28 AM,Daniela Torres,,Dining Room,0.00,6.68,0.55,0.00,0.00,00:04:28
Tink-a-Tako - Potranco,189,8/7/25 11:30 AM,Daniela Torres,,Dining Room,0.00,17.92,1.48,0.00,0.00,00:05:59
Tink-a-Tako - Potranco,187,8/7/25 11:29 AM,Maria Majana,24,Dining Room,0.00,31.98,2.64,4.00,0.00,00:36:47
Tink-a-Tako - Potranco,190,8/7/25 11:31 AM,Daniela Torres,,Dining Room,0.00,9.96,0.82,0.00,0.00,00:05:25
Tink-a-Tako - Potranco,191,8/7/25 11:33 AM,Daniela Torres,,Dining Room,0.00,8.88,0.73,0.00,0.00,00:05:02
Tink-a-Tako - Potranco,193,8/7/25 11:35 AM,Giselle Cisneross,,Dining Room,0.00,1.99,0.16,0.00,0.00,00:00:29
Tink-a-Tako - Potranco,194,8/7/25 11:36 AM,Isabel Cisneros,9,Dining Room,0.00,11.77,0.98,0.00,0.00,00:39:53
Tink-a-Tako - Potranco,195,8/7/25 11:37 AM,Daniela Torres,,Dining Room,0.00,17.24,1.40,0.00,0.00,00:01:42
Tink-a-Tako - Potranco,196,8/7/25 11:40 AM,Daniela Torres,,Dining Room,0.00,3.78,0.31,0.00,0.00,00:03:27
Tink-a-Tako - Potranco,198,8/7/25 11:40 AM,Norma Vasquez,32,Dining Room,0.00,23.37,1.93,5.00,0.00,00:21:13
Tink-a-Tako - Potranco,197,8/7/25 11:40 AM,Daniela Torres,,Dining Room,0.00,24.97,2.06,0.00,0.00,00:03:53
Tink-a-Tako - Potranco,199,8/7/25 11:47 AM,Daniela Torres,,Dining Room,0.00,10.16,0.84,0.00,0.00,00:01:30
Tink-a-Tako - Potranco,200,8/7/25 11:47 AM,Daniela Torres,,Dining Room,0.00,16.46,1.35,0.00,0.00,00:02:11
Tink-a-Tako - Potranco,202,8/7/25 11:49 AM,Esperansa Caviedes,42,Dining Room,0.00,56.97,4.69,0.00,0.00,00:29:50
Tink-a-Tako - Potranco,203,8/7/25 11:50 AM,Daniela Torres,,Dining Room,0.00,36.67,3.03,0.00,0.00,00:05:07
Tink-a-Tako - Potranco,205,8/7/25 11:51 AM,Maria Majana,25,Dining Room,0.00,12.44,1.02,2.00,0.00,00:27:41
Tink-a-Tako - Potranco,206,8/7/25 11:54 AM,Esperansa Caviedes,38,Dining Room,0.00,33.01,2.73,6.00,0.00,00:44:26
Tink-a-Tako - Potranco,207,8/7/25 11:55 AM,Isabel Cisneros,21,Dining Room,0.00,27.12,2.23,0.00,0.00,01:46:04
Tink-a-Tako - Potranco,188,8/7/25 11:29 AM,Daniela Torres,,Dining Room,0.00,12.99,1.07,0.00,0.00,00:30:44
Tink-a-Tako - Potranco,210,8/7/25 11:57 AM,Norma Vasquez,17,Dining Room,0.00,20.09,1.65,0.00,0.00,00:36:10
Tink-a-Tako - Potranco,208,8/7/25 11:56 AM,Maria Majana,10,Dining Room,0.00,45.01,3.70,5.00,0.00,00:19:04
Tink-a-Tako - Potranco,211,8/7/25 11:59 AM,Daniela Torres,,Dining Room,0.00,16.85,1.40,0.00,0.00,00:04:21
Tink-a-Tako - Potranco,213,8/7/25 12:00 PM,Isabel Cisneros,18,Dining Room,0.00,32.66,2.69,5.00,0.00,00:30:52
Tink-a-Tako - Potranco,209,8/7/25 11:57 AM,Daniela Torres,,Dining Room,0.00,33.34,2.76,0.00,0.00,00:10:32
Tink-a-Tako - Potranco,214,8/7/25 12:06 PM,Esperansa Caviedes,22,Dining Room,0.00,27.43,2.27,8.00,0.00,00:38:08
Tink-a-Tako - Potranco,216,8/7/25 12:12 PM,Daniela Torres,,Dining Room,2.73,28.47,2.35,0.00,0.00,00:10:43
Tink-a-Tako - Potranco,215,8/7/25 12:07 PM,Daniela Torres,,Dining Room,0.00,7.97,0.66,0.00,0.00,00:18:32
Tink-a-Tako - Potranco,218,8/7/25 12:16 PM,Norma Vasquez,31,Dining Room,0.00,48.59,4.01,0.00,9.72,00:37:08
Tink-a-Tako - Potranco,217,8/7/25 12:12 PM,Daniela Torres,,Dining Room,0.00,21.53,1.78,0.00,0.00,00:13:39
Tink-a-Tako - Potranco,220,8/7/25 12:20 PM,Maria Majana,7,Dining Room,0.00,24.47,2.01,4.89,0.00,00:35:36
Tink-a-Tako - Potranco,221,8/7/25 12:23 PM,Daniela Torres,,Dining Room,0.80,7.18,0.59,0.00,0.00,00:06:11
Tink-a-Tako - Potranco,223,8/7/25 12:23 PM,Isabel Cisneros,33,Dining Room,0.00,4.99,0.41,3.00,0.00,00:22:58
Tink-a-Tako - Potranco,226,8/7/25 12:25 PM,Daniela Torres,,Dining Room,0.00,7.37,0.61,0.00,0.00,00:07:43
Tink-a-Tako - Potranco,227,8/7/25 12:26 PM,Norma Vasquez,26,Dining Room,0.00,7.77,0.64,0.00,0.00,01:52:30
Tink-a-Tako - Potranco,228,8/7/25 12:28 PM,Daniela Torres,,Dining Room,0.00,4.89,0.40,0.00,0.00,00:05:51
Tink-a-Tako - Potranco,219,8/7/25 12:16 PM,Daniela Torres,,Dining Room,0.00,21.85,1.81,0.00,0.00,00:19:42
Tink-a-Tako - Potranco,231,8/7/25 12:32 PM,Esperansa Caviedes,11,Dining Room,0.00,20.56,1.70,2.00,0.00,00:35:23
Tink-a-Tako - Potranco,232,8/7/25 12:35 PM,Daniela Torres,,Dining Room,0.00,19.38,1.59,0.00,0.00,00:03:10
Tink-a-Tako - Potranco,230,8/7/25 12:32 PM,Maria Majana,37,Dining Room,0.00,27.21,2.25,0.00,0.00,00:57:17
Tink-a-Tako - Potranco,234,8/7/25 12:39 PM,Isabel Cisneros,25,Dining Room,0.00,21.98,1.81,5.00,0.00,00:15:42
Tink-a-Tako - Potranco,235,8/7/25 12:40 PM,Daniela Torres,,Dining Room,0.00,8.78,0.72,0.00,0.00,00:00:57
Tink-a-Tako - Potranco,237,8/7/25 12:47 PM,Daniela Torres,,Dining Room,0.00,12.99,1.07,0.00,0.00,00:01:57
Tink-a-Tako - Potranco,238,8/7/25 12:47 PM,Giselle Cisneross,,Dining Room,0.00,24.36,1.99,10.00,0.00,00:04:39
Tink-a-Tako - Potranco,239,8/7/25 12:48 PM,Norma Vasquez,24,Dining Room,0.00,32.75,2.69,9.00,0.00,00:26:41
Tink-a-Tako - Potranco,240,8/7/25 12:48 PM,Daniela Torres,,Dining Room,0.00,6.68,0.55,0.00,0.00,00:09:50
Tink-a-Tako - Potranco,242,8/7/25 12:53 PM,Daniela Torres,,Dining Room,0.00,39.12,3.23,0.00,0.00,00:10:07
Tink-a-Tako - Potranco,243,8/7/25 12:53 PM,Daniela Torres,,Dining Room,0.00,6.68,0.55,0.00,0.00,00:10:43
Tink-a-Tako - Potranco,241,8/7/25 12:52 PM,Esperansa Caviedes,16,Dining Room,0.00,21.87,1.80,5.00,0.00,00:43:39
Tink-a-Tako - Potranco,246,8/7/25 12:56 PM,Rosie  ORDONEZ,,Dining Room,0.00,7.43,0.61,0.00,0.00,00:00:18
Tink-a-Tako - Potranco,244,8/7/25 12:53 PM,Daniela Torres,,Dining Room,0.00,5.49,0.45,0.00,0.00,00:11:08
Tink-a-Tako - Potranco,245,8/7/25 12:55 PM,Maria Majana,32,Dining Room,0.00,26.45,2.18,4.00,0.00,00:33:10
Tink-a-Tako - Potranco,229,8/7/25 12:31 PM,Daniela Torres,,Dining Room,0.00,10.38,0.86,0.00,0.00,00:35:07
Tink-a-Tako - Potranco,247,8/7/25 12:59 PM,Giselle Cisneross,,Dining Room,0.00,28.73,2.37,0.00,0.00,00:01:59
Tink-a-Tako - Potranco,249,8/7/25 1:03 PM,Maria Majana,36,Dining Room,0.00,22.97,1.89,5.00,0.00,00:40:31
Tink-a-Tako - Potranco,250,8/7/25 1:03 PM,Daniela Torres,,Dining Room,0.00,12.60,1.03,0.00,0.00,00:04:54
Tink-a-Tako - Potranco,251,8/7/25 1:03 PM,Esperansa Caviedes,17,Dining Room,0.00,15.37,1.26,4.00,0.00,00:25:50
Tink-a-Tako - Potranco,253,8/7/25 1:05 PM,Daniela Torres,,Dining Room,0.00,10.99,0.91,0.00,0.00,00:04:56
Tink-a-Tako - Potranco,254,8/7/25 1:06 PM,Giselle Cisneross,,Dining Room,0.00,11.49,0.95,0.00,0.00,00:00:26
Tink-a-Tako - Potranco,256,8/7/25 1:08 PM,Norma Vasquez,42,Dining Room,0.00,58.17,4.81,2.00,11.64,00:36:08
Tink-a-Tako - Potranco,257,8/7/25 1:09 PM,Isabel Cisneros,18,Dining Room,0.00,0.00,0.00,0.00,0.00,00:00:10
Tink-a-Tako - Potranco,258,8/7/25 1:10 PM,Isabel Cisneros,18,Dining Room,0.00,45.11,3.70,8.00,0.00,00:33:56
Tink-a-Tako - Potranco,259,8/7/25 1:10 PM,Isabel Cisneros,10,Dining Room,0.00,53.44,4.38,0.00,0.00,00:31:48
Tink-a-Tako - Potranco,255,8/7/25 1:07 PM,Giselle Cisneross,,Dining Room,0.00,15.98,1.32,0.00,0.00,00:04:16
Tink-a-Tako - Potranco,260,8/7/25 1:11 PM,Norma Vasquez,23,Dining Room,0.00,32.81,2.70,5.00,0.00,00:32:22
Tink-a-Tako - Potranco,261,8/7/25 1:11 PM,Giselle Cisneross,,Dining Room,0.00,15.98,1.32,0.00,0.00,00:00:33
Tink-a-Tako - Potranco,262,8/7/25 1:11 PM,Esperansa Caviedes,8,Dining Room,0.00,34.75,2.86,4.00,0.00,00:26:35
Tink-a-Tako - Potranco,265,8/7/25 1:15 PM,Isabel Cisneros,25,Dining Room,0.00,4.98,0.41,3.00,0.00,00:31:41
Tink-a-Tako - Potranco,264,8/7/25 1:14 PM,Sergio Abundiz,12,Dining Room,0.00,23.32,1.92,0.00,0.00,00:57:54
Tink-a-Tako - Potranco,266,8/7/25 1:18 PM,Daniela Torres,,Dining Room,0.00,6.98,0.57,0.00,0.00,00:00:28
Tink-a-Tako - Potranco,267,8/7/25 1:19 PM,Daniela Torres,,Dining Room,0.00,3.99,0.33,0.00,0.00,00:00:18
Tink-a-Tako - Potranco,269,8/7/25 1:32 PM,Norma Vasquez,24,Dining Room,0.00,13.08,1.07,3.00,0.00,00:38:08
Tink-a-Tako - Potranco,268,8/7/25 1:19 PM,Daniela Torres,,Dining Room,0.00,19.85,1.63,0.00,0.00,00:13:55
Tink-a-Tako - Potranco,271,8/7/25 1:36 PM,Norma Vasquez,33,Dining Room,0.00,26.97,2.23,0.00,0.00,00:34:25
Tink-a-Tako - Potranco,273,8/7/25 1:37 PM,Isabel Cisneros,18,Dining Room,0.00,0.00,0.00,0.00,0.00,00:03:32
Tink-a-Tako - Potranco,270,8/7/25 1:33 PM,Daniela Torres,,Dining Room,0.00,5.37,0.44,0.00,0.00,00:08:09
Tink-a-Tako - Potranco,277,8/7/25 1:48 PM,Daniela Torres,,Dining Room,0.00,10.61,0.87,0.00,0.00,00:01:09
Tink-a-Tako - Potranco,279,8/7/25 1:52 PM,Daniela Torres,,Dining Room,0.00,11.77,0.97,0.00,0.00,00:02:24
Tink-a-Tako - Potranco,280,8/7/25 1:53 PM,Sergio Abundiz,38,Dining Room,0.00,44.76,3.68,0.00,0.00,00:39:29
Tink-a-Tako - Potranco,281,8/7/25 1:55 PM,Daniela Torres,,Dining Room,0.00,9.02,0.74,0.00,0.00,00:00:13
Tink-a-Tako - Potranco,282,8/7/25 1:58 PM,Sergio Abundiz,31,Dining Room,0.00,26.94,2.21,4.00,0.00,00:30:34
Tink-a-Tako - Potranco,284,8/7/25 2:11 PM,Norma Vasquez,,Dining Room,0.00,3.58,0.30,0.00,0.00,00:00:23
Tink-a-Tako - Potranco,285,8/7/25 2:14 PM,Melissa Urena,,Dining Room,0.00,6.18,0.51,0.00,0.00,00:01:19
Tink-a-Tako - Potranco,286,8/7/25 2:18 PM,Melissa Urena,,Dining Room,1.15,10.34,0.85,0.00,0.00,00:01:45
Tink-a-Tako - Potranco,288,8/7/25 2:20 PM,Sergio Abundiz,37,Dining Room,0.00,30.61,2.53,0.00,0.00,00:30:20
Tink-a-Tako - Potranco,287,8/7/25 2:20 PM,Melissa Urena,,Dining Room,0.00,4.98,0.41,0.00,0.00,00:05:22
Tink-a-Tako - Potranco,290,8/7/25 2:26 PM,Sergio Abundiz,18,Dining Room,0.00,15.22,1.26,8.00,0.00,00:25:11
Tink-a-Tako - Potranco,291,8/7/25 2:27 PM,Sergio Abundiz,,Dining Room,0.00,4.98,0.41,0.00,0.00,00:00:35
Tink-a-Tako - Potranco,289,8/7/25 2:25 PM,Melissa Urena,,Dining Room,0.00,14.19,1.17,0.00,0.00,00:02:30
Tink-a-Tako - Potranco,292,8/7/25 2:28 PM,Melissa Urena,,Dining Room,0.00,16.44,1.35,0.00,0.00,00:05:33
Tink-a-Tako - Potranco,293,8/7/25 2:46 PM,Mayra Luna,,Dining Room,0.00,49.78,4.11,0.00,0.00,00:30:42
Tink-a-Tako - Potranco,294,8/7/25 2:54 PM,Melissa Urena,,Dining Room,0.00,11.63,0.95,0.00,0.00,00:00:39
Tink-a-Tako - Potranco,295,8/7/25 2:54 PM,Melissa Urena,,Dining Room,0.00,8.97,0.74,0.00,0.00,00:06:22
Tink-a-Tako - Potranco,296,8/7/25 2:58 PM,Sergio Abundiz,32,Dining Room,0.00,40.60,3.34,0.00,0.00,00:55:51
Tink-a-Tako - Potranco,297,8/7/25 2:59 PM,Sergio Abundiz,33,Dining Room,0.00,76.89,6.34,10.00,0.00,00:55:28
Tink-a-Tako - Potranco,298,8/7/25 3:02 PM,Melissa Urena,,Dining Room,0.00,2.49,0.21,0.00,0.00,00:00:51
Tink-a-Tako - Potranco,299,8/7/25 3:02 PM,Melissa Urena,,Dining Room,0.00,15.12,1.24,0.00,0.00,00:03:25
Tink-a-Tako - Potranco,300,8/7/25 3:05 PM,Melissa Urena,,Dining Room,0.00,10.47,0.86,0.00,0.00,00:05:38
Tink-a-Tako - Potranco,301,8/7/25 3:17 PM,Mayra Luna,,Dining Room,0.00,6.25,0.52,0.00,0.00,00:00:43
Tink-a-Tako - Potranco,302,8/7/25 3:18 PM,Juan  Camacho,25,Dining Room,0.00,16.69,1.37,0.00,0.00,00:16:33
Tink-a-Tako - Potranco,303,8/7/25 3:18 PM,Juan  Camacho,24,Dining Room,0.00,22.59,1.86,3.00,0.00,00:49:23
Tink-a-Tako - Potranco,304,8/7/25 3:24 PM,Sergio Abundiz,31,Dining Room,0.00,127.53,10.52,32.00,25.51,00:46:10
Tink-a-Tako - Potranco,305,8/7/25 3:27 PM,Juan  Camacho,7,Dining Room,0.00,35.28,2.90,15.00,0.00,00:56:02
Tink-a-Tako - Potranco,306,8/7/25 3:38 PM,Melissa Urena,,Dining Room,0.00,10.98,0.91,0.00,0.00,00:02:06
Tink-a-Tako - Potranco,308,8/7/25 3:41 PM,Sergio Abundiz,36,Dining Room,0.00,33.02,2.71,5.00,0.00,00:32:31
Tink-a-Tako - Potranco,309,8/7/25 3:49 PM,Sergio Abundiz,10,Dining Room,0.00,18.77,1.54,0.00,0.00,00:22:30
Tink-a-Tako - Potranco,310,8/7/25 4:04 PM,Juan  Camacho,25,Dining Room,0.00,14.98,1.24,3.78,0.00,01:07:41
Tink-a-Tako - Potranco,307,8/7/25 3:40 PM,Melissa Urena,,Dining Room,0.00,13.99,1.15,0.00,0.00,00:28:09
Tink-a-Tako - Potranco,311,8/7/25 4:08 PM,Melissa Urena,,Dining Room,0.00,12.25,1.02,0.00,0.00,00:08:44
Tink-a-Tako - Potranco,312,8/7/25 4:11 PM,Melissa Urena,,Dining Room,0.00,27.16,2.24,0.00,0.00,00:07:48
Tink-a-Tako - Potranco,313,8/7/25 4:15 PM,Juan  Camacho,38,Dining Room,0.00,27.74,2.27,5.00,0.00,00:49:30
Tink-a-Tako - Potranco,314,8/7/25 4:18 PM,Melissa Urena,,Dining Room,0.00,27.98,2.31,0.00,0.00,00:03:17
Tink-a-Tako - Potranco,315,8/7/25 4:31 PM,Melissa Urena,,Dining Room,0.00,12.99,1.07,0.00,0.00,00:00:36
Tink-a-Tako - Potranco,317,8/7/25 4:38 PM,Mayra Luna,,Dining Room,0.00,6.99,0.58,0.00,0.00,00:17:58
Tink-a-Tako - Potranco,318,8/7/25 4:42 PM,Juan  Camacho,37,Dining Room,0.00,33.65,2.77,10.00,0.00,01:30:04
Tink-a-Tako - Potranco,316,8/7/25 4:32 PM,Melissa Urena,,Dining Room,0.00,7.84,0.64,0.00,0.00,00:14:07
Tink-a-Tako - Potranco,319,8/7/25 4:44 PM,Sergio Abundiz,24,Dining Room,0.00,35.50,2.91,5.33,0.00,00:47:02
Tink-a-Tako - Potranco,320,8/7/25 4:45 PM,Melissa Urena,,Dining Room,0.00,16.38,1.35,0.00,0.00,00:04:23
Tink-a-Tako - Potranco,321,8/7/25 4:57 PM,Melissa Urena,,Dining Room,0.00,16.38,1.35,0.00,0.00,00:04:47
Tink-a-Tako - Potranco,322,8/7/25 4:58 PM,Melissa Urena,,Dining Room,0.00,12.99,1.07,0.00,0.00,00:07:49
Tink-a-Tako - Potranco,323,8/7/25 5:02 PM,Juan  Camacho,17,Dining Room,0.00,24.36,1.99,0.00,0.00,00:25:30
Tink-a-Tako - Potranco,324,8/7/25 5:03 PM,Juan  Camacho,7,Dining Room,0.00,30.11,2.48,0.00,0.00,01:07:58
Tink-a-Tako - Potranco,326,8/7/25 5:08 PM,Sergio Abundiz,32,Dining Room,0.00,22.54,1.86,5.00,0.00,00:26:56
Tink-a-Tako - Potranco,327,8/7/25 5:09 PM,Sergio Abundiz,33,Dining Room,0.00,12.48,1.03,0.00,0.00,00:59:29
Tink-a-Tako - Potranco,328,8/7/25 5:14 PM,Melissa Urena,,Dining Room,0.00,11.46,0.95,0.00,0.00,00:01:23
Tink-a-Tako - Potranco,329,8/7/25 5:19 PM,Sergio Abundiz,26,Dining Room,0.00,4.99,0.41,0.00,0.00,00:00:32
Tink-a-Tako - Potranco,330,8/7/25 5:35 PM,Melissa Urena,,Dining Room,0.00,13.98,1.15,0.00,0.00,00:00:25
Tink-a-Tako - Potranco,332,8/7/25 5:37 PM,Sergio Abundiz,36,Dining Room,0.00,8.77,0.72,0.00,0.00,00:21:16
Tink-a-Tako - Potranco,334,8/7/25 5:43 PM,Juan  Camacho,25,Dining Room,0.00,64.87,5.33,15.00,0.00,00:55:42
Tink-a-Tako - Potranco,333,8/7/25 5:43 PM,Juan  Camacho,,Dining Room,0.00,22.48,1.85,0.00,0.00,00:01:21
Tink-a-Tako - Potranco,331,8/7/25 5:35 PM,Melissa Urena,,Dining Room,0.00,10.77,0.89,0.00,0.00,00:14:56
Tink-a-Tako - Potranco,336,8/7/25 5:57 PM,Sergio Abundiz,24,Dining Room,0.00,17.98,1.48,0.00,0.00,00:34:07
Tink-a-Tako - Potranco,337,8/7/25 5:59 PM,Juan  Camacho,10,Dining Room,0.00,25.57,2.10,5.00,0.00,00:41:27
Tink-a-Tako - Potranco,338,8/7/25 6:05 PM,Melissa Urena,,Dining Room,0.00,18.97,1.57,0.00,0.00,00:00:33
Tink-a-Tako - Potranco,340,8/7/25 6:09 PM,Juan  Camacho,9,Dining Room,0.00,31.93,2.64,0.00,0.00,00:50:42
Tink-a-Tako - Potranco,339,8/7/25 6:06 PM,Melissa Urena,,Dining Room,0.00,4.89,0.40,0.00,0.00,00:15:42
Tink-a-Tako - Potranco,341,8/7/25 6:13 PM,Juan  Camacho,32,Dining Room,0.00,37.92,3.12,0.00,0.00,00:43:02
Tink-a-Tako - Potranco,342,8/7/25 6:19 PM,Melissa Urena,,Dining Room,0.00,31.46,2.60,0.00,0.00,00:02:40
Tink-a-Tako - Potranco,343,8/7/25 6:21 PM,Sergio Abundiz,,Dining Room,0.00,21.14,1.74,0.00,0.00,00:01:16
Tink-a-Tako - Potranco,344,8/7/25 6:24 PM,Juan  Camacho,26,Dining Room,0.00,9.24,0.76,0.00,0.00,00:36:00
Tink-a-Tako - Potranco,347,8/7/25 6:31 PM,Juan  Camacho,36,Dining Room,0.00,9.24,0.76,5.00,0.00,01:30:24
Tink-a-Tako - Potranco,345,8/7/25 6:30 PM,Mayra Luna,,Dining Room,0.00,76.93,6.35,0.00,0.00,00:01:39
Tink-a-Tako - Potranco,348,8/7/25 6:34 PM,Sergio Abundiz,7,Dining Room,0.00,34.23,2.82,4.00,0.00,00:44:22
Tink-a-Tako - Potranco,349,8/7/25 6:36 PM,Juan  Camacho,37,Dining Room,0.00,20.35,1.68,8.00,0.00,00:28:59
Tink-a-Tako - Potranco,350,8/7/25 6:39 PM,Sergio Abundiz,33,Dining Room,0.00,27.38,2.25,7.00,0.00,00:29:34
Tink-a-Tako - Potranco,351,8/7/25 6:45 PM,Melissa Urena,,Dining Room,0.00,6.37,0.53,0.00,0.00,00:00:35
Tink-a-Tako - Potranco,353,8/7/25 6:53 PM,Sergio Abundiz,,Dining Room,0.00,22.98,1.90,0.00,0.00,00:00:33
Tink-a-Tako - Potranco,352,8/7/25 6:46 PM,Melissa Urena,,Dining Room,0.00,22.97,1.90,2.00,0.00,00:10:23
Tink-a-Tako - Potranco,354,8/7/25 6:56 PM,Melissa Urena,,Dining Room,0.00,9.99,0.82,0.00,0.00,00:10:43
Tink-a-Tako - Potranco,355,8/7/25 6:58 PM,Melissa Urena,,Dining Room,0.00,18.87,1.55,0.00,0.00,00:09:41
Tink-a-Tako - Potranco,356,8/7/25 7:00 PM,Melissa Urena,,Dining Room,0.00,39.19,3.23,0.00,0.00,00:09:23
Tink-a-Tako - Potranco,357,8/7/25 7:02 PM,Melissa Urena,,Dining Room,0.00,8.34,0.68,0.00,0.00,00:08:01
Tink-a-Tako - Potranco,358,8/7/25 7:07 PM,Sergio Abundiz,25,Dining Room,0.00,34.29,2.81,5.00,0.00,00:46:00
Tink-a-Tako - Potranco,359,8/7/25 7:19 PM,Sergio Abundiz,32,Dining Room,0.00,32.43,2.67,5.00,0.00,00:43:25
Tink-a-Tako - Potranco,360,8/7/25 7:19 PM,Sergio Abundiz,24,Dining Room,0.00,49.67,4.10,10.00,0.00,00:37:07
Tink-a-Tako - Potranco,361,8/7/25 7:21 PM,Juan  Camacho,,Dining Room,0.00,20.98,1.73,0.00,0.00,00:16:38
Tink-a-Tako - Potranco,362,8/7/25 7:24 PM,Sergio Abundiz,9,Dining Room,0.00,21.48,1.76,0.00,0.00,00:41:46
Tink-a-Tako - Potranco,363,8/7/25 7:25 PM,Juan  Camacho,2,Dining Room,0.00,73.92,6.08,25.00,0.00,01:35:12
Tink-a-Tako - Potranco,364,8/7/25 7:31 PM,Melissa Urena,,Dining Room,0.00,9.07,0.75,0.00,0.00,00:01:14
Tink-a-Tako - Potranco,365,8/7/25 7:32 PM,Melissa Urena,,Dining Room,0.00,38.77,3.20,0.00,0.00,00:06:24
Tink-a-Tako - Potranco,366,8/7/25 7:36 PM,Juan  Camacho,33,Dining Room,0.00,28.88,2.38,6.00,0.00,00:44:16
Tink-a-Tako - Potranco,368,8/7/25 7:39 PM,Sergio Abundiz,7,Dining Room,0.00,30.92,2.54,5.00,0.00,00:29:03
Tink-a-Tako - Potranco,369,8/7/25 7:41 PM,Juan  Camacho,,Dining Room,0.00,3.99,0.33,0.00,0.00,00:00:15
Tink-a-Tako - Potranco,370,8/7/25 7:50 PM,Sergio Abundiz,10,Dining Room,0.00,24.15,1.99,0.00,0.00,00:30:13
Tink-a-Tako - Potranco,371,8/7/25 7:51 PM,Melissa Urena,,Dining Room,0.00,11.97,0.98,0.00,0.00,00:01:36
Tink-a-Tako - Potranco,373,8/7/25 8:19 PM,Juan  Camacho,32,Dining Room,0.00,33.25,2.74,4.00,0.00,00:35:21
Tink-a-Tako - Potranco,372,8/7/25 7:53 PM,Melissa Urena,,Dining Room,0.00,35.96,2.96,0.00,0.00,00:29:25
Tink-a-Tako - Potranco,375,8/7/25 8:25 PM,Sergio Abundiz,7,Dining Room,0.00,19.97,1.65,4.39,0.00,00:33:56
Tink-a-Tako - Potranco,376,8/7/25 8:32 PM,Melissa Urena,,Dining Room,0.00,41.46,3.42,0.00,0.00,00:05:34
Tink-a-Tako - Potranco,377,8/7/25 8:35 PM,Melissa Urena,,Dining Room,0.00,27.35,2.25,0.00,0.00,00:02:37
Tink-a-Tako - Potranco,378,8/7/25 8:44 PM,Melissa Urena,,Dining Room,0.00,21.93,1.81,0.00,0.00,00:04:27
Tink-a-Tako - Potranco,379,8/7/25 8:47 PM,Melissa Urena,,Dining Room,0.00,7.97,0.66,0.00,0.00,00:02:26
Tink-a-Tako - Potranco,380,8/7/25 8:48 PM,Juan  Camacho,23,Dining Room,0.00,50.50,4.15,7.00,0.00,00:43:34
Tink-a-Tako - Potranco,381,8/7/25 8:58 PM,Melissa Urena,,Dining Room,0.00,54.96,4.53,0.00,0.00,00:01:27
Tink-a-Tako - Potranco,382,8/7/25 9:20 PM,Juan  Camacho,35,Dining Room,0.00,9.24,0.76,2.00,0.00,00:14:23
Tink-a-Tako - Potranco,383,8/7/25 9:28 PM,Juan  Camacho,,Dining Room,0.00,25.97,2.14,0.00,0.00,00:01:43
