Employee,Job Title,Regular Hours,Overtime Hours,Hourly Rate,Regular Pay,Overtime Pay,Total Pay,Net Sales,Declared Tips,Non-Cash Tips,Total Tips,Tips Withheld,Total Gratuity,Employee ID,Job Code,Location,Location Code
"Abundiz, Sergio",Server,7.63,0.0,,,,,863.54,,109.72,109.72,0.00,25.51,,,Tink-a-Tako - Potranco,
"Aviles, Genaro",Cook,6.34,4.23,15.00,95.10,95.18,190.28,0.00,,0.00,0.00,0.00,0.00,,,Tink-a-Tako - Potranco,
"Brito, Victor ",Regular,8.45,0.0,12.00,101.40,0.00,101.40,0.00,,0.00,0.00,0.00,0.00,,,Tink-a-Tako - Potranco,
"CANDELA, OLIVIA",Tortillero,7.99,0.0,14.00,111.86,0.00,111.86,0.00,,0.00,0.00,0.00,0.00,,,Tink-a-Tako - Potranco,
"Calderon, Jesus",Cook,7.95,0.0,,,,,0.00,,0.00,0.00,0.00,0.00,,,Tink-a-Tako - Potranco,
"Camacho, Juan ",Server,7.85,0.0,3.00,23.55,0.00,23.55,673.73,,113.78,113.78,0.00,0.00,,,Tink-a-Tako - Potranco,
"Caviedes, Esperansa",Server,6.51,0.0,3.00,19.53,0.00,19.53,467.16,,63.46,63.46,0.00,0.00,,,Tink-a-Tako - Potranco,
"Cisneros, Isabel",Server,6.16,0.0,3.00,18.48,0.00,18.48,366.17,,47.56,47.56,0.00,0.00,,,Tink-a-Tako - Potranco,
"Cisneross, Giselle",Host,5.6,0.0,,,,,152.78,,17.69,17.69,0.00,0.00,,,Tink-a-Tako - Potranco,
"Diaz, Diego",Cook,8.74,0.0,,,,,0.00,,0.00,0.00,0.00,0.00,,,Tink-a-Tako - Potranco,
"Dominguez, Jose ",Cook,7.43,0.0,17.00,126.31,0.00,126.31,0.00,,0.00,0.00,0.00,0.00,,,Tink-a-Tako - Potranco,
"Gonzales (Line) , Maria",Cook,1.96,14.54,14.00,27.44,305.34,332.78,0.00,,0.00,0.00,0.00,0.00,,,Tink-a-Tako - Potranco,
"Luna, Mayra",Shift Manager / Assistant Manager,8.56,0.0,,,,,139.95,,0.00,0.00,0.00,0.00,1919,,Tink-a-Tako - Potranco,
"Majana, Maria",Server,6.11,0.0,3.00,18.33,0.00,18.33,354.18,,40.89,40.89,0.00,0.00,,,Tink-a-Tako - Potranco,
"ORDONEZ, Rosie ",Shift Manager / Assistant Manager,7.96,0.0,,,,,9.42,,0.00,0.00,0.00,0.00,,,Tink-a-Tako - Potranco,
"Rangel, Arturo",General Manager,13.09,4.93,,,,,0.00,0.00,0.00,0.00,0.00,0.00,,,Tink-a-Tako - Potranco,
"Rueda, Jonathan",Busser,5.19,0.0,12.00,62.28,0.00,62.28,0.00,,0.00,0.00,0.00,0.00,,,Tink-a-Tako - Potranco,
"Serrato, Joshua ",Busser,5.02,0.0,12.00,60.24,0.00,60.24,0.00,,0.00,0.00,0.00,0.00,,,Tink-a-Tako - Potranco,
"Torres, Daniela",Drive-Thru,7.86,0.0,,,,,2023.62,,35.64,35.64,0.00,0.00,,,Tink-a-Tako - Potranco,
"Trevino, Melissa",Dishwasher,8.03,0.0,13.00,104.39,0.00,104.39,0.00,,0.00,0.00,0.00,0.00,,,Tink-a-Tako - Potranco,
"Urena, Melissa",Drive-Thru,7.16,0.0,12.00,85.92,0.00,85.92,706.45,,2.00,2.00,0.00,0.00,,,Tink-a-Tako - Potranco,
"Vasquez, Norma",Server,8.22,0.0,5.00,41.10,0.00,41.10,882.12,,121.00,121.00,0.00,21.36,,,Tink-a-Tako - Potranco,
"huerta, Arturo ",Dishwasher,6.61,0.0,12.00,79.32,0.00,79.32,0.00,,0.00,0.00,0.00,0.00,,,Tink-a-Tako - Potranco,
