,Location,Employee,Job Title,In Date,Shift Closed Date,Out Date,Hours,Cash Tips Decl.,Cash on Hand,Cash in Drawer,Non-Cash Tips,Cash Gratuity,Non-Cash Gratuity,Tips Withheld,Non-Cash Sales,Cash Sales,Total Sales,Cash Collected?,Tips Paid?,Open,Paid,Closed,Tip Share Total
800000028026262796,Tink-a-Tako - Potranco,Norma Vasquez,Server,8/7/25 6:05 AM,8/7/25 2:19 PM,8/7/25 2:19 PM,8.22,,53.22,0.00,121.00,0.00,21.36,0.00,901.64,53.22,954.86,yes,yes,0,0,30,0.00
800000028026333601,Tink-a-Tako - Potranco,Daniela Torres,Drive-Thru,8/7/25 6:16 AM,8/7/25 2:00 PM,8/7/25 2:08 PM,7.86,,491.79,0.00,35.64,0.00,0.00,0.00,1698.66,491.79,2190.45,yes,yes,0,0,160,0.00
800000028026436755,Tink-a-Tako - Potranco,Rosie  ORDONEZ,Shift Manager / Assistant Manager,8/7/25 6:32 AM,8/7/25 2:29 PM,8/7/25 2:29 PM,7.96,,0.00,0.00,0.00,0.00,0.00,0.00,10.19,0.00,10.19,yes,yes,0,0,2,0.00
800000028027139484,Tink-a-Tako - Potranco,Esperansa Caviedes,Server,8/7/25 7:35 AM,8/7/25 2:06 PM,8/7/25 2:06 PM,6.51,,93.14,0.00,63.46,0.00,0.00,0.00,412.53,93.14,505.67,yes,yes,0,0,19,0.00
800000028027473155,Tink-a-Tako - Potranco,Maria Majana,Server,8/7/25 7:57 AM,8/7/25 2:04 PM,8/7/25 2:04 PM,6.11,,112.45,0.00,40.89,0.00,0.00,0.00,270.90,112.45,383.35,yes,yes,0,0,14,0.00
800000028027539030,Tink-a-Tako - Potranco,Isabel Cisneros,Server,8/7/25 8:02 AM,8/7/25 2:07 PM,8/7/25 2:11 PM,6.16,,51.07,0.00,47.56,0.00,0.00,0.00,345.25,51.07,396.32,yes,yes,0,0,18,0.00
800000028028088642,Tink-a-Tako - Potranco,Giselle Cisneross,Host,8/7/25 8:34 AM,8/7/25 2:09 PM,8/7/25 2:10 PM,5.60,,0.00,34.60,17.69,0.00,0.00,0.00,130.77,34.60,165.37,yes,yes,0,0,12,0.00
800000028029689909,Tink-a-Tako - Potranco,Arturo Rangel,General Manager,8/7/25 9:58 AM,8/8/25 4:08 AM,8/8/25 4:00 AM,18.02,0.00,0.00,0.00,0.00,0.00,0.00,0.00,0.00,0.00,0.00,yes,yes,0,0,0,0.00
800000028038755797,Tink-a-Tako - Potranco,Sergio Abundiz,Server,8/7/25 1:44 PM,8/7/25 9:04 PM,8/7/25 9:21 PM,7.63,,110.71,0.00,109.72,0.00,25.51,0.00,823.93,110.71,934.64,yes,yes,0,0,29,0.00
800000028039299714,Tink-a-Tako - Potranco,Jesus Calderon,Cook,8/7/25 1:58 PM,8/7/25 9:55 PM,8/7/25 9:55 PM,7.95,,0.00,0.00,0.00,0.00,0.00,0.00,0.00,0.00,0.00,yes,yes,0,0,0,0.00
800000028039421638,Tink-a-Tako - Potranco,Mayra Luna,Shift Manager / Assistant Manager,8/7/25 2:01 PM,8/7/25 10:15 PM,8/7/25 10:35 PM,8.56,,0.00,151.51,0.00,0.00,0.00,0.00,0.00,151.51,151.51,yes,yes,0,0,5,0.00
800000028039902927,Tink-a-Tako - Potranco,Melissa Urena,Drive-Thru,8/7/25 2:14 PM,8/7/25 9:23 PM,8/7/25 9:23 PM,7.16,,114.13,0.00,2.00,0.00,0.00,0.00,650.55,114.13,764.68,yes,yes,0,0,41,0.00
800000028041020819,Tink-a-Tako - Potranco,Juan  Camacho,Server,8/7/25 2:44 PM,8/7/25 10:08 PM,8/7/25 10:35 PM,7.85,,150.22,0.00,113.78,0.00,0.00,0.00,578.94,150.22,729.16,yes,yes,0,0,25,0.00
800000028045697667,Tink-a-Tako - Potranco,Jonathan Rueda,Busser,8/7/25 4:40 PM,8/7/25 9:51 PM,8/7/25 9:51 PM,5.19,,0.00,0.00,0.00,0.00,0.00,0.00,0.00,0.00,0.00,yes,yes,0,0,0,0.00
