,Location,Employee,Job Title,In Date,Shift Closed Date,Out Date,Hours,Cash Tips Decl.,Cash on Hand,Cash in Drawer,Non-Cash Tips,Cash Gratuity,Non-Cash Gratuity,Tips Withheld,Non-Cash Sales,Cash Sales,Total Sales,Cash Collected?,Tips Paid?,Open,Paid,Closed,Tip Share Total
800000030893973754,2919 Blanco Rd,Cin Cin,Drive-Thru,10/18/25 5:01 AM,10/18/25 2:14 PM,10/18/25 2:37 PM,9.59,,0.00,886.88,59.49,0.00,0.00,0.00,1547.25,886.88,2434.13,yes,yes,0,0,166,0.00
800000030893994750,2919 Blanco Rd,AM CASHIER,General Manager,10/18/25 5:23 AM,10/18/25 2:11 PM,10/18/25 2:11 PM,8.80,,0.00,153.66,8.37,0.00,0.00,0.00,212.68,153.66,366.34,yes,yes,0,0,28,0.00
800000030894102526,2919 Blanco Rd,Maria  Salazar,Shift Manager / Assistant Manager,10/18/25 6:11 AM,10/18/25 2:06 PM,10/18/25 2:30 PM,8.32,,0.00,28.93,25.00,0.00,0.00,0.00,117.83,28.93,146.76,yes,yes,0,0,5,0.00
800000030895085232,2919 Blanco Rd,Martina Ovalle ,Server,10/18/25 7:59 AM,10/18/25 2:04 PM,10/18/25 2:05 PM,6.10,,0.00,105.48,49.29,0.00,0.00,0.00,508.82,105.48,614.30,yes,yes,0,0,23,0.00
800000030895106220,2919 Blanco Rd,Sami Martinez ,Server,10/18/25 8:00 AM,10/18/25 2:07 PM,10/18/25 2:08 PM,6.12,,0.00,191.28,42.00,0.00,0.00,0.00,460.50,191.28,651.78,yes,yes,0,0,23,0.00
800000030912286190,2919 Blanco Rd,Martina Ovalle ,Drive-Thru,10/18/25 2:05 PM,10/18/25 7:57 PM,10/18/25 8:33 PM,6.47,,0.00,102.08,1.00,0.00,0.00,0.00,138.34,102.08,240.42,yes,yes,0,0,20,0.00
800000030912457699,2919 Blanco Rd,Sami Martinez ,Server,10/18/25 2:08 PM,10/18/25 8:10 PM,10/18/25 8:34 PM,6.44,,0.00,88.48,48.46,8.77,13.85,0.00,403.20,79.71,482.91,yes,yes,0,0,13,0.00
800000030912636578,2919 Blanco Rd,AM CASHIER,General Manager,10/18/25 2:11 PM,10/18/25 8:11 PM,10/19/25 4:00 AM,13.81,0.00,0.00,0.00,1.00,0.00,0.00,0.00,61.27,0.00,61.27,yes,yes,0,0,4,0.00
