Location,Entry Id,Created Date,Action,Amount,Cash Drawer,Payout Reason,No Sale Reason,Comment,Employee,Employee 2
Tink-a-Tako - Potranco,800000030774592497,10/15/25 6:30 AM,CASH_PAYMENT,10.79,Drive Box,,,Cash payment,Ivana Abundiz,
Tink-a-Tako - Potranco,800000030774624259,10/15/25 6:34 AM,CASH_PAYMENT,9.50,Drive Box,,,Cash payment,Ivana Abundiz,
Tink-a-Tako - Potranco,800000030774667897,10/15/25 6:40 AM,CASH_PAYMENT,4.31,Drive Box,,,Cash payment,Ivana Abundiz,
Tink-a-Tako - Potranco,800000030775076053,10/15/25 7:18 AM,CASH_PAYMENT,3.24,Drive Box,,,Cash payment,Ivana Abundiz,
Tink-a-Tako - Potranco,800000030775479914,10/15/25 7:46 AM,CASH_PAYMENT,6.79,Drive Box,,,Cash payment,Ivana Abundiz,
Tink-a-Tako - Potranco,800000030776007595,10/15/25 8:19 AM,CASH_PAYMENT,13.24,Drive Box,,,Cash payment,Ivana Abundiz,
Tink-a-Tako - Potranco,800000030776218798,10/15/25 8:32 AM,CASH_PAYMENT,7.54,Drive Box,,,Cash payment,Ivana Abundiz,
Tink-a-Tako - Potranco,800000030776830935,10/15/25 9:08 AM,CASH_PAYMENT,14.70,Drive Box,,,Cash payment,Ivana Abundiz,
Tink-a-Tako - Potranco,800000030776879094,10/15/25 9:11 AM,CASH_PAYMENT,11.17,Drive Box,,,Cash payment,Ivana Abundiz,
Tink-a-Tako - Potranco,800000030776916358,10/15/25 9:13 AM,CASH_PAYMENT,3.78,Drive Box,,,Cash payment,Ivana Abundiz,
Tink-a-Tako - Potranco,800000030777424992,10/15/25 9:43 AM,CASH_PAYMENT,6.78,Drive Box,,,Cash payment,Ivana Abundiz,
Tink-a-Tako - Potranco,800000030777478290,10/15/25 9:46 AM,CASH_PAYMENT,7.13,Drive Box,,,Cash payment,Ivana Abundiz,
Tink-a-Tako - Potranco,800000030777701648,10/15/25 9:58 AM,CASH_PAYMENT,8.19,Drive Box,,,Cash payment,Ivana Abundiz,
Tink-a-Tako - Potranco,800000030777822521,10/15/25 10:04 AM,CASH_PAYMENT,5.39,Drive Box,,,Cash payment,Ivana Abundiz,
Tink-a-Tako - Potranco,800000030778061393,10/15/25 10:15 AM,CASH_PAYMENT,9.71,Drive Box,,,Cash payment,Ivana Abundiz,
Tink-a-Tako - Potranco,800000030778147896,10/15/25 10:19 AM,CASH_PAYMENT,11.22,Drive Box,,,Cash payment,Ivana Abundiz,
Tink-a-Tako - Potranco,800000030778425429,10/15/25 10:30 AM,CASH_PAYMENT,16.41,Drive Box,,,Cash payment,Ivana Abundiz,
Tink-a-Tako - Potranco,800000030778500684,10/15/25 10:33 AM,CASH_PAYMENT,7.54,Drive Box,,,Cash payment,Ivana Abundiz,
Tink-a-Tako - Potranco,800000030779007205,10/15/25 10:52 AM,CASH_PAYMENT,9.51,Drive Box,,,Cash payment,Ivana Abundiz,
Tink-a-Tako - Potranco,800000030779824262,10/15/25 11:15 AM,CASH_PAYMENT,9.33,Drive Box,,,Cash payment,Ivana Abundiz,
Tink-a-Tako - Potranco,800000030779891464,10/15/25 11:16 AM,CASH_PAYMENT,20.16,Drive Box,,,Cash payment,Ivana Abundiz,
Tink-a-Tako - Potranco,800000030780689179,10/15/25 11:36 AM,CASH_PAYMENT,6.24,Drive Box,,,Cash payment,Ivana Abundiz,
Tink-a-Tako - Potranco,800000030781214107,10/15/25 11:49 AM,CASH_PAYMENT,5.40,Drive Box,,,Cash payment,Ivana Abundiz,
Tink-a-Tako - Potranco,800000030781545766,10/15/25 11:57 AM,CASH_PAYMENT,6.90,Drive Box,,,Cash payment,Ivana Abundiz,
Tink-a-Tako - Potranco,800000030781604296,10/15/25 11:59 AM,CASH_PAYMENT,3.33,Drive Box,,,Cash payment,Ivana Abundiz,
Tink-a-Tako - Potranco,800000030781851974,10/15/25 12:05 PM,CASH_PAYMENT,4.75,Drive Box,,,Cash payment,Ivana Abundiz,
Tink-a-Tako - Potranco,800000030782200627,10/15/25 12:13 PM,CASH_PAYMENT,4.31,Drive Box,,,Cash payment,Ivana Abundiz,
Tink-a-Tako - Potranco,800000030782544385,10/15/25 12:22 PM,PAY_OUT,-229.00,House,Misc,,angelica martinez,Zoila Salinas,
Tink-a-Tako - Potranco,800000030782861512,10/15/25 12:30 PM,CASH_PAYMENT,7.56,Drive Box,,,Cash payment,Ivana Abundiz,
Tink-a-Tako - Potranco,800000030783058042,10/15/25 12:35 PM,CASH_PAYMENT,17.81,Drive Box,,,Cash payment,Ivana Abundiz,
Tink-a-Tako - Potranco,800000030783503285,10/15/25 12:47 PM,CASH_PAYMENT,11.29,Drive Box,,,Cash payment,Ivana Abundiz,
Tink-a-Tako - Potranco,800000030783555213,10/15/25 12:49 PM,CASH_PAYMENT,10.80,Drive Box,,,Cash payment,Ivana Abundiz,
Tink-a-Tako - Potranco,800000030783749466,10/15/25 12:54 PM,CASH_PAYMENT,15.88,Drive Box,,,Cash payment,Ivana Abundiz,
Tink-a-Tako - Potranco,800000030783865440,10/15/25 12:57 PM,CASH_PAYMENT,37.84,Drive Box,,,Cash payment,Ivana Abundiz,
Tink-a-Tako - Potranco,800000030784111381,10/15/25 1:04 PM,CASH_PAYMENT,19.46,Drive Box,,,Cash payment,Ivana Abundiz,
Tink-a-Tako - Potranco,800000030785543398,10/15/25 1:47 PM,NO_SALE,0.00,Drive Box,,Making Change - Customer,,Ivana Abundiz,
Tink-a-Tako - Potranco,800000030785858213,10/15/25 1:57 PM,TIP_OUT,-16.00,House,,,Tips paid out from shift review.,Daniela Torres,Daniela Torres
Tink-a-Tako - Potranco,800000030785859818,10/15/25 1:57 PM,CASH_COLLECTED,26.71,House,,,Cash revenue collected from shift review.,Daniela Torres,Daniela Torres
Tink-a-Tako - Potranco,800000030785920329,10/15/25 1:59 PM,CLOSE_OUT_EXACT,0.00,Drive Box,,,Close out balance matches expected balance,Ivana Abundiz,
Tink-a-Tako - Potranco,800000030785922531,10/15/25 1:59 PM,TIP_OUT,-56.88,House,,,Tips paid out from shift review.,Ivana Abundiz,Ivana Abundiz
Tink-a-Tako - Potranco,800000030786276830,10/15/25 2:10 PM,CASH_COLLECTED,159.38,House,,,Cash revenue collected from shift review.,Rosa Compean,Rosa Compean
Tink-a-Tako - Potranco,800000030786277848,10/15/25 2:10 PM,TIP_OUT,-43.09,House,,,Tips paid out from shift review.,Rosa Compean,Rosa Compean
Tink-a-Tako - Potranco,800000030786413706,10/15/25 2:14 PM,CASH_PAYMENT,46.67,Drive Box (2),,,Cash payment,Lizeth Alonso,
Tink-a-Tako - Potranco,800000030787379036,10/15/25 2:46 PM,CASH_PAYMENT,9.67,Drive Box (2),,,Cash payment,Lizeth Alonso,
Tink-a-Tako - Potranco,800000030787526279,10/15/25 2:51 PM,TIP_OUT,-73.36,House,,,Tips paid out from shift review.,Norma Vasquez,Norma Vasquez
Tink-a-Tako - Potranco,800000030787526487,10/15/25 2:51 PM,CASH_COLLECTED,198.53,House,,,Cash revenue collected from shift review.,Norma Vasquez,Norma Vasquez
Tink-a-Tako - Potranco,800000030787541573,10/15/25 2:51 PM,CASH_PAYMENT,10.89,Drive Box (2),,,Cash payment,Lizeth Alonso,
Tink-a-Tako - Potranco,800000030788033915,10/15/25 3:08 PM,CASH_PAYMENT,15.14,Drive Box (2),,,Cash payment,Lizeth Alonso,
Tink-a-Tako - Potranco,800000030788641320,10/15/25 3:28 PM,CASH_PAYMENT,10.81,Drive Box (2),,,Cash payment,Lizeth Alonso,
Tink-a-Tako - Potranco,800000030793465958,10/15/25 5:25 PM,CASH_PAYMENT,4.74,Drive Box (2),,,Cash payment,Lizeth Alonso,
Tink-a-Tako - Potranco,800000030798859244,10/15/25 6:59 PM,CASH_PAYMENT,94.73,Drive Box (2),,,Cash payment,Lizeth Alonso,
Tink-a-Tako - Potranco,800000030799906299,10/15/25 7:20 PM,CASH_PAYMENT,21.34,Drive Box (2),,,Cash payment,Lizeth Alonso,
Tink-a-Tako - Potranco,800000030801246080,10/15/25 7:49 PM,CASH_PAYMENT,32.33,Drive Box (2),,,Cash payment,Lizeth Alonso,
Tink-a-Tako - Potranco,800000030802403871,10/15/25 8:18 PM,CASH_COLLECTED,243.68,House,,,Cash revenue collected from shift review.,Norma Vasquez,Norma Vasquez
Tink-a-Tako - Potranco,800000030802404557,10/15/25 8:18 PM,TIP_OUT,-113.72,House,,,Tips paid out from shift review.,Norma Vasquez,Norma Vasquez
Tink-a-Tako - Potranco,800000030802411470,10/15/25 8:18 PM,CASH_PAYMENT,5.94,Drive Box (2),,,Cash payment,Lizeth Alonso,
Tink-a-Tako - Potranco,800000030802547298,10/15/25 8:22 PM,CASH_PAYMENT,14.06,Drive Box (2),,,Cash payment,Lizeth Alonso,
Tink-a-Tako - Potranco,800000030803240172,10/15/25 8:43 PM,CASH_COLLECTED,42.12,House,,,Cash revenue collected from shift review.,Juan  Camacho,Juan  Camacho
Tink-a-Tako - Potranco,800000030803241161,10/15/25 8:43 PM,TIP_OUT,-118.37,House,,,Tips paid out from shift review.,Juan  Camacho,Juan  Camacho
Tink-a-Tako - Potranco,800000030803349672,10/15/25 8:46 PM,CASH_PAYMENT,5.62,Drive Box (2),,,Cash payment,Lizeth Alonso,
Tink-a-Tako - Potranco,800000030803450070,10/15/25 8:50 PM,TIP_OUT,-111.21,House,,,Tips paid out from shift review.,Esperansa Caviedes,Esperansa Caviedes
Tink-a-Tako - Potranco,800000030803451164,10/15/25 8:50 PM,CASH_COLLECTED,363.82,House,,,Cash revenue collected from shift review.,Esperansa Caviedes,Esperansa Caviedes
Tink-a-Tako - Potranco,800000030803719741,10/15/25 8:59 PM,CASH_PAYMENT,13.38,Drive Box (2),,,Cash payment,Lizeth Alonso,
Tink-a-Tako - Potranco,800000030803839074,10/15/25 9:03 PM,TIP_OUT,-35.00,House,,,Tips paid out from shift review.,Lizeth Alonso,Lizeth Alonso
Tink-a-Tako - Potranco,800000030803985721,10/15/25 9:09 PM,CLOSE_OUT_EXACT,0.00,Drive Box (2),,,Close out balance matches expected balance,Mayra Luna,
