Location,Order #,Opened,# of Guests,Server,Table,Discount Amount,Amount,Tax,Tip,Gratuity
Tink-a-Tako - Potranco,1,10/15/25 5:58 AM,1,Ivana Abundiz,,0.00,9.96,0.83,0.00,0.00
Tink-a-Tako - Potranco,2,10/15/25 6:30 AM,1,Ivana Abundiz,,0.00,8.78,0.72,0.00,0.00
Tink-a-Tako - Potranco,4,10/15/25 6:33 AM,1,Norma Vasquez,9,0.00,8.52,0.71,2.00,0.00
Tink-a-Tako - Potranco,3,10/15/25 6:32 AM,1,Ivana Abundiz,,0.00,9.06,0.75,0.00,0.00
Tink-a-Tako - Potranco,6,10/15/25 6:34 AM,1,Ivana Abundiz,,0.20,5.78,0.48,0.00,0.00
Tink-a-Tako - Potranco,5,10/15/25 6:33 AM,1,Norma Vasquez,,0.00,60.58,5.00,0.00,0.00
Tink-a-Tako - Potranco,7,10/15/25 6:34 AM,1,Ivana Abundiz,,0.00,13.16,1.09,2.00,0.00
Tink-a-Tako - Potranco,9,10/15/25 6:39 AM,1,Ivana Abundiz,,0.00,3.98,0.33,0.00,0.00
Tink-a-Tako - Potranco,8,10/15/25 6:35 AM,1,Ivana Abundiz,,4.88,4.87,0.40,2.00,0.00
Tink-a-Tako - Potranco,11,10/15/25 6:41 AM,1,Norma Vasquez,,0.00,24.78,2.04,0.00,0.00
Tink-a-Tako - Potranco,13,10/15/25 6:44 AM,1,Ivana Abundiz,,0.00,11.15,0.92,0.00,0.00
Tink-a-Tako - Potranco,15,10/15/25 6:50 AM,1,Ivana Abundiz,,0.00,9.77,0.81,6.00,0.00
Tink-a-Tako - Potranco,16,10/15/25 6:51 AM,1,Ivana Abundiz,,0.00,4.28,0.35,1.00,0.00
Tink-a-Tako - Potranco,17,10/15/25 6:51 AM,1,Ivana Abundiz,,0.00,10.66,0.88,0.00,0.00
Tink-a-Tako - Potranco,18,10/15/25 6:53 AM,1,Ivana Abundiz,,0.00,5.97,0.49,0.54,0.00
Tink-a-Tako - Potranco,19,10/15/25 6:57 AM,1,Ivana Abundiz,,0.00,16.86,1.38,0.00,0.00
Tink-a-Tako - Potranco,20,10/15/25 6:58 AM,1,Ivana Abundiz,,0.00,9.56,0.79,0.00,0.00
Tink-a-Tako - Potranco,21,10/15/25 7:07 AM,1,Ivana Abundiz,,0.00,13.17,1.08,0.00,0.00
Tink-a-Tako - Potranco,22,10/15/25 7:08 AM,1,Ivana Abundiz,,0.00,13.95,1.15,0.00,0.00
Tink-a-Tako - Potranco,23,10/15/25 7:11 AM,1,Ivana Abundiz,,0.00,9.16,0.76,1.83,0.00
Tink-a-Tako - Potranco,24,10/15/25 7:11 AM,1,Ivana Abundiz,,0.00,5.08,0.42,0.00,0.00
Tink-a-Tako - Potranco,25,10/15/25 7:11 AM,1,Ivana Abundiz,,0.00,7.47,0.62,1.00,0.00
Tink-a-Tako - Potranco,26,10/15/25 7:15 AM,1,Ivana Abundiz,,0.00,9.03,0.74,0.00,0.00
Tink-a-Tako - Potranco,27,10/15/25 7:17 AM,1,Ivana Abundiz,,0.00,2.99,0.25,0.00,0.00
Tink-a-Tako - Potranco,28,10/15/25 7:18 AM,1,Norma Vasquez,,0.00,5.97,0.49,0.00,0.00
Tink-a-Tako - Potranco,29,10/15/25 7:22 AM,3,Norma Vasquez,25,0.00,38.13,3.15,5.00,0.00
Tink-a-Tako - Potranco,30,10/15/25 7:24 AM,1,Ivana Abundiz,,0.00,5.14,0.42,1.00,0.00
Tink-a-Tako - Potranco,31,10/15/25 7:28 AM,1,Ivana Abundiz,,0.00,7.57,0.63,0.00,0.00
Tink-a-Tako - Potranco,32,10/15/25 7:33 AM,1,Ivana Abundiz,,0.00,9.07,0.75,1.36,0.00
Tink-a-Tako - Potranco,33,10/15/25 7:35 AM,1,Ivana Abundiz,,0.00,7.76,0.64,0.00,0.00
Tink-a-Tako - Potranco,34,10/15/25 7:35 AM,1,Ivana Abundiz,,0.00,6.38,0.52,0.96,0.00
Tink-a-Tako - Potranco,35,10/15/25 7:39 AM,1,Ivana Abundiz,,0.00,7.68,0.63,0.00,0.00
Tink-a-Tako - Potranco,36,10/15/25 7:41 AM,1,Ivana Abundiz,,0.00,24.51,2.02,2.00,0.00
Tink-a-Tako - Potranco,37,10/15/25 7:43 AM,1,Ivana Abundiz,,0.00,6.27,0.52,0.00,0.00
Tink-a-Tako - Potranco,39,10/15/25 7:44 AM,2,Norma Vasquez,7,0.00,29.20,2.41,10.00,0.00
Tink-a-Tako - Potranco,40,10/15/25 7:48 AM,2,Norma Vasquez,10,0.00,16.50,1.36,3.00,0.00
Tink-a-Tako - Potranco,41,10/15/25 7:51 AM,1,Ivana Abundiz,,0.00,8.57,0.71,0.00,0.00
Tink-a-Tako - Potranco,42,10/15/25 7:53 AM,1,Ivana Abundiz,,0.00,11.83,0.97,1.00,0.00
Tink-a-Tako - Potranco,43,10/15/25 7:58 AM,1,Norma Vasquez,17,0.00,14.44,1.19,2.89,0.00
Tink-a-Tako - Potranco,44,10/15/25 8:00 AM,1,Ivana Abundiz,,0.00,14.27,1.17,1.00,0.00
Tink-a-Tako - Potranco,45,10/15/25 8:01 AM,2,Norma Vasquez,35,0.00,15.44,1.28,0.00,0.00
Tink-a-Tako - Potranco,46,10/15/25 8:04 AM,1,Ivana Abundiz,,0.00,3.78,0.31,1.00,0.00
Tink-a-Tako - Potranco,47,10/15/25 8:05 AM,1,Ivana Abundiz,,0.00,9.27,0.76,0.00,0.00
Tink-a-Tako - Potranco,48,10/15/25 8:05 AM,1,Ivana Abundiz,,0.00,3.98,0.32,0.00,0.00
Tink-a-Tako - Potranco,49,10/15/25 8:07 AM,1,Ivana Abundiz,,0.00,16.24,1.33,0.00,0.00
Tink-a-Tako - Potranco,14001,10/15/25 8:08 AM,1,Norma Vasquez,,0.00,4.88,0.40,0.00,0.00
Tink-a-Tako - Potranco,51,10/15/25 8:14 AM,1,Ivana Abundiz,,0.00,12.34,1.01,0.00,0.00
Tink-a-Tako - Potranco,52,10/15/25 8:14 AM,1,Daniela Torres,,0.00,20.98,1.73,2.00,0.00
Tink-a-Tako - Potranco,53,10/15/25 8:16 AM,2,Norma Vasquez,25,0.00,25.47,2.11,4.00,0.00
Tink-a-Tako - Potranco,54,10/15/25 8:16 AM,4,Norma Vasquez,34,0.00,41.92,3.48,8.50,0.00
Tink-a-Tako - Potranco,55,10/15/25 8:18 AM,1,Ivana Abundiz,,0.00,12.23,1.01,0.00,0.00
Tink-a-Tako - Potranco,56,10/15/25 8:18 AM,1,Ivana Abundiz,,0.00,6.88,0.56,1.51,0.00
Tink-a-Tako - Potranco,58,10/15/25 8:22 AM,2,Norma Vasquez,24,0.00,16.55,1.37,0.00,0.00
Tink-a-Tako - Potranco,57,10/15/25 8:19 AM,1,Ivana Abundiz,,0.00,12.54,1.04,0.00,0.00
Tink-a-Tako - Potranco,59,10/15/25 8:24 AM,1,Ivana Abundiz,,0.00,6.18,0.51,1.36,0.00
Tink-a-Tako - Potranco,60,10/15/25 8:28 AM,1,Esperansa Caviedes,31,7.74,10.97,0.90,6.00,0.00
Tink-a-Tako - Potranco,61,10/15/25 8:30 AM,1,Ivana Abundiz,,0.00,6.97,0.57,0.00,0.00
Tink-a-Tako - Potranco,62,10/15/25 8:31 AM,1,Mayra Luna,,66.78,0.00,0.00,0.00,0.00
Tink-a-Tako - Potranco,63,10/15/25 8:33 AM,1,Ivana Abundiz,,0.00,6.78,0.56,0.00,0.00
Tink-a-Tako - Potranco,64,10/15/25 8:33 AM,1,Ivana Abundiz,,0.00,8.67,0.71,0.00,0.00
Tink-a-Tako - Potranco,65,10/15/25 8:36 AM,1,Ivana Abundiz,,0.00,15.56,1.28,0.00,0.00
Tink-a-Tako - Potranco,67,10/15/25 8:42 AM,1,Ivana Abundiz,,0.00,3.98,0.33,0.00,0.00
Tink-a-Tako - Potranco,68,10/15/25 8:42 AM,1,Ivana Abundiz,,0.00,8.93,0.73,0.00,0.00
Tink-a-Tako - Potranco,70,10/15/25 8:43 AM,1,Ivana Abundiz,,0.00,3.98,0.33,0.00,0.00
Tink-a-Tako - Potranco,69,10/15/25 8:42 AM,3,Rosa Compean,12,0.70,30.24,2.51,3.50,0.00
Tink-a-Tako - Potranco,71,10/15/25 8:46 AM,1,Ivana Abundiz,,0.00,7.97,0.65,0.00,0.00
Tink-a-Tako - Potranco,72,10/15/25 8:49 AM,1,Esperansa Caviedes,7,0.00,8.88,0.73,0.00,0.00
Tink-a-Tako - Potranco,73,10/15/25 8:50 AM,4,Norma Vasquez,18,0.00,22.92,1.88,0.00,0.00
Tink-a-Tako - Potranco,74,10/15/25 8:51 AM,2,Rosa Compean,10,0.00,25.91,2.12,5.00,0.00
Tink-a-Tako - Potranco,75,10/15/25 8:52 AM,1,Ivana Abundiz,,0.00,15.36,1.27,0.00,0.00
Tink-a-Tako - Potranco,79,10/15/25 8:58 AM,4,Esperansa Caviedes,23,0.00,40.40,3.35,0.00,0.00
Tink-a-Tako - Potranco,80,10/15/25 9:01 AM,2,Norma Vasquez,32,1.50,21.25,1.76,6.00,0.00
Tink-a-Tako - Potranco,81,10/15/25 9:03 AM,1,Ivana Abundiz,,0.00,4.78,0.39,0.00,0.00
Tink-a-Tako - Potranco,82,10/15/25 9:04 AM,1,Norma Vasquez,26,0.00,6.97,0.57,0.00,0.00
Tink-a-Tako - Potranco,83,10/15/25 9:05 AM,1,Esperansa Caviedes,1,0.00,9.37,0.77,0.00,0.00
Tink-a-Tako - Potranco,84,10/15/25 9:06 AM,1,Ivana Abundiz,,0.00,13.57,1.13,0.00,0.00
Tink-a-Tako - Potranco,87,10/15/25 9:06 AM,1,Rosa Compean,17,0.00,6.97,0.58,0.00,0.00
Tink-a-Tako - Potranco,86,10/15/25 9:06 AM,2,Norma Vasquez,9,0.00,26.21,2.17,5.00,0.00
Tink-a-Tako - Potranco,85,10/15/25 9:06 AM,1,Ivana Abundiz,,0.00,10.33,0.84,0.00,0.00
Tink-a-Tako - Potranco,88,10/15/25 9:12 AM,1,Ivana Abundiz,,0.00,3.49,0.29,0.00,0.00
Tink-a-Tako - Potranco,89,10/15/25 9:12 AM,1,Ivana Abundiz,,0.00,7.97,0.66,1.75,0.00
Tink-a-Tako - Potranco,92,10/15/25 9:16 AM,1,Ivana Abundiz,,0.00,10.55,0.87,1.00,0.00
Tink-a-Tako - Potranco,93,10/15/25 9:22 AM,1,Ivana Abundiz,,0.00,4.39,0.36,0.00,0.00
Tink-a-Tako - Potranco,95,10/15/25 9:24 AM,1,Ivana Abundiz,,0.00,35.49,2.94,1.57,0.00
Tink-a-Tako - Potranco,94,10/15/25 9:23 AM,5,Esperansa Caviedes,42,0.00,42.73,3.52,7.47,0.00
Tink-a-Tako - Potranco,96,10/15/25 9:24 AM,1,Ivana Abundiz,,0.00,17.37,1.44,0.51,0.00
Tink-a-Tako - Potranco,98,10/15/25 9:26 AM,1,Ivana Abundiz,,0.00,8.97,0.74,1.29,0.00
Tink-a-Tako - Potranco,99,10/15/25 9:26 AM,1,Ivana Abundiz,,0.00,17.95,1.47,0.00,0.00
Tink-a-Tako - Potranco,100,10/15/25 9:27 AM,2,Esperansa Caviedes,39,0.00,21.04,1.73,0.00,0.00
Tink-a-Tako - Potranco,102,10/15/25 9:29 AM,2,Rosa Compean,7,0.00,16.95,1.40,6.00,0.00
Tink-a-Tako - Potranco,103,10/15/25 9:30 AM,1,Daniela Torres,,0.00,19.24,1.59,0.00,0.00
Tink-a-Tako - Potranco,104,10/15/25 9:32 AM,2,Rosa Compean,18,0.00,19.96,1.66,0.00,0.00
Tink-a-Tako - Potranco,105,10/15/25 9:33 AM,1,Ivana Abundiz,,0.00,5.58,0.46,0.00,0.00
Tink-a-Tako - Potranco,106,10/15/25 9:36 AM,1,Ivana Abundiz,,0.00,6.27,0.51,0.00,0.00
Tink-a-Tako - Potranco,107,10/15/25 9:37 AM,1,Ivana Abundiz,,0.00,10.06,0.83,0.00,0.00
Tink-a-Tako - Potranco,108,10/15/25 9:39 AM,1,Ivana Abundiz,,0.00,6.58,0.55,0.00,0.00
Tink-a-Tako - Potranco,109,10/15/25 9:41 AM,1,Norma Vasquez,35,0.00,9.37,0.77,0.00,0.00
Tink-a-Tako - Potranco,110,10/15/25 9:42 AM,1,Ivana Abundiz,,0.00,12.67,1.05,0.00,0.00
Tink-a-Tako - Potranco,111,10/15/25 9:43 AM,1,Esperansa Caviedes,10,0.00,18.62,1.53,0.00,0.00
Tink-a-Tako - Potranco,112,10/15/25 9:44 AM,1,Ivana Abundiz,,0.00,3.98,0.33,1.00,0.00
Tink-a-Tako - Potranco,113,10/15/25 9:47 AM,1,Ivana Abundiz,,0.00,10.23,0.84,1.53,0.00
Tink-a-Tako - Potranco,114,10/15/25 9:48 AM,1,Ivana Abundiz,,0.00,22.35,1.84,0.00,0.00
Tink-a-Tako - Potranco,115,10/15/25 9:54 AM,1,Ivana Abundiz,,0.00,7.56,0.63,0.00,0.00
Tink-a-Tako - Potranco,116,10/15/25 9:56 AM,2,Rosa Compean,38,0.00,24.66,2.03,0.00,0.00
Tink-a-Tako - Potranco,118,10/15/25 10:01 AM,2,Norma Vasquez,17,1.60,25.35,2.10,0.00,0.00
Tink-a-Tako - Potranco,119,10/15/25 10:03 AM,1,Ivana Abundiz,,0.00,4.98,0.41,0.00,0.00
Tink-a-Tako - Potranco,120,10/15/25 10:03 AM,1,Ivana Abundiz,,0.00,10.46,0.87,0.00,0.00
Tink-a-Tako - Potranco,117,10/15/25 10:01 AM,1,Daniela Torres,,0.00,7.36,0.60,0.00,0.00
Tink-a-Tako - Potranco,121,10/15/25 10:11 AM,1,Daniela Torres,,0.00,18.66,1.54,2.00,0.00
Tink-a-Tako - Potranco,122,10/15/25 10:12 AM,1,Daniela Torres,,0.00,9.55,0.78,0.00,0.00
Tink-a-Tako - Potranco,123,10/15/25 10:13 AM,1,Ivana Abundiz,,0.00,8.97,0.74,0.00,0.00
Tink-a-Tako - Potranco,124,10/15/25 10:13 AM,1,Ivana Abundiz,,0.00,10.36,0.86,0.00,0.00
Tink-a-Tako - Potranco,125,10/15/25 10:14 AM,3,Esperansa Caviedes,18,0.00,29.55,2.42,5.00,0.00
Tink-a-Tako - Potranco,126,10/15/25 10:16 AM,1,Ivana Abundiz,,0.00,10.88,0.90,1.00,0.00
Tink-a-Tako - Potranco,127,10/15/25 10:19 AM,1,Ivana Abundiz,,0.00,3.98,0.32,0.00,0.00
Tink-a-Tako - Potranco,128,10/15/25 10:20 AM,1,Rosa Compean,,0.00,13.23,1.08,0.00,0.00
Tink-a-Tako - Potranco,129,10/15/25 10:20 AM,1,Ivana Abundiz,,0.00,1.79,0.15,0.27,0.00
Tink-a-Tako - Potranco,131,10/15/25 10:21 AM,2,Rosa Compean,25,0.00,19.25,1.59,6.00,0.00
Tink-a-Tako - Potranco,132,10/15/25 10:22 AM,1,Daniela Torres,,0.00,5.97,0.49,0.00,0.00
Tink-a-Tako - Potranco,134,10/15/25 10:25 AM,1,Ivana Abundiz,,0.00,18.52,1.53,1.00,0.00
Tink-a-Tako - Potranco,136,10/15/25 10:26 AM,3,Norma Vasquez,9,0.00,21.16,1.74,6.00,0.00
Tink-a-Tako - Potranco,137,10/15/25 10:27 AM,1,Ivana Abundiz,,0.00,15.16,1.25,0.00,0.00
Tink-a-Tako - Potranco,139,10/15/25 10:30 AM,1,Ivana Abundiz,,0.00,6.97,0.57,0.00,0.00
Tink-a-Tako - Potranco,140,10/15/25 10:32 AM,1,Daniela Torres,,0.00,6.87,0.57,0.00,0.00
Tink-a-Tako - Potranco,141,10/15/25 10:32 AM,4,Esperansa Caviedes,18,0.00,66.76,5.48,0.00,0.00
Tink-a-Tako - Potranco,142,10/15/25 10:34 AM,1,Norma Vasquez,21,0.00,13.97,1.15,0.00,0.00
Tink-a-Tako - Potranco,143,10/15/25 10:35 AM,1,Ivana Abundiz,,0.00,11.23,0.93,0.00,0.00
Tink-a-Tako - Potranco,144,10/15/25 10:36 AM,4,Rosa Compean,15,0.00,36.33,3.00,0.00,0.00
Tink-a-Tako - Potranco,146,10/15/25 10:37 AM,1,Rosa Compean,32,0.00,12.48,1.03,3.00,0.00
Tink-a-Tako - Potranco,147,10/15/25 10:38 AM,1,Ivana Abundiz,,0.00,18.55,1.54,0.00,0.00
Tink-a-Tako - Potranco,148,10/15/25 10:38 AM,3,Esperansa Caviedes,23,0.00,21.44,1.78,0.00,0.00
Tink-a-Tako - Potranco,149,10/15/25 10:40 AM,1,Ivana Abundiz,,0.00,20.44,1.68,0.00,0.00
Tink-a-Tako - Potranco,150,10/15/25 10:41 AM,1,Ivana Abundiz,,0.00,0.00,0.00,0.00,0.00
Tink-a-Tako - Potranco,152,10/15/25 10:42 AM,1,Ivana Abundiz,,0.00,13.87,1.14,2.08,0.00
Tink-a-Tako - Potranco,153,10/15/25 10:42 AM,1,Ivana Abundiz,,0.98,8.78,0.73,0.00,0.00
Tink-a-Tako - Potranco,154,10/15/25 10:46 AM,1,Ivana Abundiz,,0.00,8.78,0.72,0.00,0.00
Tink-a-Tako - Potranco,155,10/15/25 10:46 AM,1,Daniela Torres,,0.00,19.74,1.63,0.00,0.00
Tink-a-Tako - Potranco,156,10/15/25 10:47 AM,1,Ivana Abundiz,,0.00,8.56,0.70,0.00,0.00
Tink-a-Tako - Potranco,157,10/15/25 10:48 AM,1,Ivana Abundiz,,0.00,23.84,1.96,3.58,0.00
Tink-a-Tako - Potranco,158,10/15/25 10:53 AM,1,Ivana Abundiz,,0.00,12.99,1.07,0.00,0.00
Tink-a-Tako - Potranco,159,10/15/25 10:54 AM,1,Ivana Abundiz,,0.00,7.43,0.61,0.00,0.00
Tink-a-Tako - Potranco,160,10/15/25 10:55 AM,1,Ivana Abundiz,,0.00,34.76,2.87,0.00,0.00
Tink-a-Tako - Potranco,161,10/15/25 10:56 AM,1,Ivana Abundiz,,0.00,32.63,2.69,3.00,0.00
Tink-a-Tako - Potranco,163,10/15/25 11:00 AM,2,Esperansa Caviedes,33,0.00,17.26,1.42,0.00,0.00
Tink-a-Tako - Potranco,164,10/15/25 11:02 AM,2,Rosa Compean,25,0.00,13.99,1.15,0.00,0.00
Tink-a-Tako - Potranco,165,10/15/25 11:02 AM,1,Ivana Abundiz,,0.00,20.26,1.66,0.00,0.00
Tink-a-Tako - Potranco,166,10/15/25 11:02 AM,1,Daniela Torres,,0.00,11.86,0.99,2.00,0.00
Tink-a-Tako - Potranco,167,10/15/25 11:03 AM,1,Ivana Abundiz,,0.96,8.62,0.71,0.00,0.00
Tink-a-Tako - Potranco,169,10/15/25 11:05 AM,1,Norma Vasquez,24,0.00,19.49,1.61,0.00,0.00
Tink-a-Tako - Potranco,168,10/15/25 11:04 AM,1,Ivana Abundiz,,0.00,18.63,1.53,0.00,0.00
Tink-a-Tako - Potranco,170,10/15/25 11:07 AM,2,Norma Vasquez,35,0.00,31.20,2.57,0.00,0.00
Tink-a-Tako - Potranco,171,10/15/25 11:09 AM,5,Esperansa Caviedes,31,0.00,71.48,5.87,8.21,0.00
Tink-a-Tako - Potranco,172,10/15/25 11:11 AM,1,Ivana Abundiz,,0.00,7.98,0.66,0.00,0.00
Tink-a-Tako - Potranco,173,10/15/25 11:11 AM,1,Ivana Abundiz,,0.00,10.07,0.83,0.00,0.00
Tink-a-Tako - Potranco,174,10/15/25 11:16 AM,1,Ivana Abundiz,,0.00,2.29,0.19,0.00,0.00
Tink-a-Tako - Potranco,175,10/15/25 11:17 AM,1,Ivana Abundiz,,0.00,4.08,0.34,0.00,0.00
Tink-a-Tako - Potranco,176,10/15/25 11:17 AM,1,Ivana Abundiz,,0.00,11.41,0.94,2.28,0.00
Tink-a-Tako - Potranco,177,10/15/25 11:19 AM,2,Norma Vasquez,26,0.00,9.42,0.76,0.00,0.00
Tink-a-Tako - Potranco,178,10/15/25 11:20 AM,1,Ivana Abundiz,,0.00,5.37,0.44,1.07,0.00
Tink-a-Tako - Potranco,179,10/15/25 11:21 AM,2,Rosa Compean,17,0.00,28.67,2.36,3.00,0.00
Tink-a-Tako - Potranco,180,10/15/25 11:22 AM,1,Ivana Abundiz,,0.00,37.50,3.08,2.00,0.00
Tink-a-Tako - Potranco,181,10/15/25 11:25 AM,1,Ivana Abundiz,,0.00,6.68,0.55,1.00,0.00
Tink-a-Tako - Potranco,183,10/15/25 11:26 AM,1,Rosa Compean,37,0.00,14.98,1.23,0.00,0.00
Tink-a-Tako - Potranco,182,10/15/25 11:25 AM,1,Ivana Abundiz,,0.00,12.37,1.02,0.00,0.00
Tink-a-Tako - Potranco,184,10/15/25 11:27 AM,3,Norma Vasquez,32,0.00,34.23,2.81,0.00,0.00
Tink-a-Tako - Potranco,185,10/15/25 11:28 AM,1,Daniela Torres,,0.00,12.99,1.07,0.00,0.00
Tink-a-Tako - Potranco,186,10/15/25 11:28 AM,1,Ivana Abundiz,,0.00,20.03,1.65,0.00,0.00
Tink-a-Tako - Potranco,188,10/15/25 11:29 AM,1,Esperansa Caviedes,21,0.00,11.82,0.97,1.00,0.00
Tink-a-Tako - Potranco,189,10/15/25 11:30 AM,1,Ivana Abundiz,,0.00,5.77,0.47,0.00,0.00
Tink-a-Tako - Potranco,190,10/15/25 11:30 AM,1,Ivana Abundiz,,0.00,23.98,1.98,0.00,0.00
Tink-a-Tako - Potranco,192,10/15/25 11:31 AM,1,Daniela Torres,,0.00,8.26,0.68,0.00,0.00
Tink-a-Tako - Potranco,193,10/15/25 11:32 AM,1,Norma Vasquez,39,0.00,15.98,1.32,3.00,0.00
Tink-a-Tako - Potranco,191,10/15/25 11:31 AM,2,Rosa Compean,38,0.00,38.00,3.12,5.00,0.00
Tink-a-Tako - Potranco,194,10/15/25 11:33 AM,1,Ivana Abundiz,,0.00,21.04,1.74,0.00,0.00
Tink-a-Tako - Potranco,200,10/15/25 11:34 AM,1,Ivana Abundiz,,0.00,9.67,0.79,0.00,0.00
Tink-a-Tako - Potranco,201,10/15/25 11:37 AM,1,Ivana Abundiz,,0.00,12.96,1.07,1.00,0.00
Tink-a-Tako - Potranco,204,10/15/25 11:39 AM,3,Esperansa Caviedes,7,0.00,11.56,0.96,3.00,0.00
Tink-a-Tako - Potranco,203,10/15/25 11:38 AM,3,Rosa Compean,20,0.00,39.56,3.25,0.00,0.00
Tink-a-Tako - Potranco,206,10/15/25 11:41 AM,1,Ivana Abundiz,,0.00,6.68,0.55,0.00,0.00
Tink-a-Tako - Potranco,207,10/15/25 11:42 AM,1,Norma Vasquez,36,0.00,13.23,1.09,0.00,0.00
Tink-a-Tako - Potranco,209,10/15/25 11:44 AM,1,Ivana Abundiz,,0.00,4.99,0.41,0.00,0.00
Tink-a-Tako - Potranco,210,10/15/25 11:49 AM,1,Ivana Abundiz,,0.00,10.98,0.91,1.65,0.00
Tink-a-Tako - Potranco,212,10/15/25 11:50 AM,1,Daniela Torres,,0.00,25.00,2.06,0.00,0.00
Tink-a-Tako - Potranco,215,10/15/25 11:53 AM,1,Daniela Torres,,0.00,11.99,0.99,0.00,0.00
Tink-a-Tako - Potranco,216,10/15/25 11:55 AM,2,Rosa Compean,25,0.00,20.87,1.72,4.59,0.00
Tink-a-Tako - Potranco,214,10/15/25 11:53 AM,1,Ivana Abundiz,,0.00,6.38,0.52,0.00,0.00
Tink-a-Tako - Potranco,217,10/15/25 11:56 AM,2,Esperansa Caviedes,24,0.00,31.91,2.62,6.38,0.00
Tink-a-Tako - Potranco,218,10/15/25 11:58 AM,1,Ivana Abundiz,,0.00,3.08,0.25,0.00,0.00
Tink-a-Tako - Potranco,221,10/15/25 11:58 AM,1,Norma Vasquez,33,0.00,18.68,1.54,5.00,0.00
Tink-a-Tako - Potranco,222,10/15/25 11:59 AM,1,Ivana Abundiz,,0.00,11.57,0.95,1.74,0.00
Tink-a-Tako - Potranco,223,10/15/25 12:02 PM,1,Ivana Abundiz,,0.00,22.50,1.86,0.00,0.00
Tink-a-Tako - Potranco,225,10/15/25 12:05 PM,2,Esperansa Caviedes,8,0.00,17.67,1.45,5.00,0.00
Tink-a-Tako - Potranco,226,10/15/25 12:06 PM,1,Daniela Torres,,0.00,22.82,1.88,2.00,0.00
Tink-a-Tako - Potranco,227,10/15/25 12:10 PM,2,Norma Vasquez,32,0.00,33.67,2.77,0.00,0.00
Tink-a-Tako - Potranco,228,10/15/25 12:12 PM,1,Ivana Abundiz,,0.00,3.98,0.33,0.00,0.00
Tink-a-Tako - Potranco,230,10/15/25 12:16 PM,2,Rosa Compean,38,0.00,27.12,2.22,0.00,0.00
Tink-a-Tako - Potranco,229,10/15/25 12:15 PM,1,Ivana Abundiz,,0.00,11.86,0.99,0.00,0.00
Tink-a-Tako - Potranco,231,10/15/25 12:20 PM,1,Ivana Abundiz,,0.00,10.42,0.85,0.00,0.00
Tink-a-Tako - Potranco,232,10/15/25 12:21 PM,1,Ivana Abundiz,,0.00,8.26,0.68,0.00,0.00
Tink-a-Tako - Potranco,234,10/15/25 12:26 PM,1,Rosa Compean,37,0.00,5.98,0.50,4.00,0.00
Tink-a-Tako - Potranco,235,10/15/25 12:28 PM,1,Ivana Abundiz,,0.00,6.98,0.58,0.00,0.00
Tink-a-Tako - Potranco,233,10/15/25 12:26 PM,4,Esperansa Caviedes,31,0.00,70.81,5.83,8.70,0.00
Tink-a-Tako - Potranco,236,10/15/25 12:29 PM,2,Norma Vasquez,23,2.60,27.33,2.25,0.00,0.00
Tink-a-Tako - Potranco,237,10/15/25 12:30 PM,1,Ivana Abundiz,,0.00,16.46,1.35,0.00,0.00
Tink-a-Tako - Potranco,238,10/15/25 12:32 PM,1,Ivana Abundiz,,0.00,17.44,1.43,0.00,0.00
Tink-a-Tako - Potranco,239,10/15/25 12:36 PM,1,Mayra Luna,,0.00,0.00,0.00,0.00,0.00
Tink-a-Tako - Potranco,240,10/15/25 12:39 PM,1,Esperansa Caviedes,36,0.00,13.69,1.12,0.00,0.00
Tink-a-Tako - Potranco,241,10/15/25 12:39 PM,2,Rosa Compean,17,0.00,15.06,1.23,0.00,0.00
Tink-a-Tako - Potranco,242,10/15/25 12:42 PM,1,Ivana Abundiz,,0.00,6.18,0.51,0.00,0.00
Tink-a-Tako - Potranco,243,10/15/25 12:43 PM,1,Ivana Abundiz,,0.00,10.43,0.86,0.00,0.00
Tink-a-Tako - Potranco,244,10/15/25 12:43 PM,1,Ivana Abundiz,,0.00,9.98,0.82,0.00,0.00
Tink-a-Tako - Potranco,251,10/15/25 12:46 PM,1,Ivana Abundiz,,0.00,24.86,2.03,0.00,0.00
Tink-a-Tako - Potranco,252,10/15/25 12:48 PM,1,Ivana Abundiz,,0.00,14.67,1.21,0.00,0.00
Tink-a-Tako - Potranco,253,10/15/25 12:50 PM,1,Ivana Abundiz,,0.00,34.96,2.88,0.00,0.00
Tink-a-Tako - Potranco,254,10/15/25 12:52 PM,1,Ivana Abundiz,,0.00,8.17,0.67,0.00,0.00
Tink-a-Tako - Potranco,255,10/15/25 12:57 PM,2,Esperansa Caviedes,25,0.00,28.40,2.33,0.00,0.00
Tink-a-Tako - Potranco,256,10/15/25 1:01 PM,3,Norma Vasquez,24,0.00,41.60,3.43,4.97,0.00
Tink-a-Tako - Potranco,257,10/15/25 1:02 PM,1,Ivana Abundiz,,0.00,17.98,1.48,0.00,0.00
Tink-a-Tako - Potranco,258,10/15/25 1:07 PM,2,Norma Vasquez,7,0.00,28.42,2.34,5.00,0.00
Tink-a-Tako - Potranco,259,10/15/25 1:09 PM,2,Esperansa Caviedes,19,0.00,23.63,1.94,0.00,0.00
Tink-a-Tako - Potranco,260,10/15/25 1:10 PM,2,Rosa Compean,18,0.00,23.62,1.94,0.00,0.00
Tink-a-Tako - Potranco,261,10/15/25 1:11 PM,1,Daniela Torres,,0.00,29.12,2.39,5.00,0.00
Tink-a-Tako - Potranco,263,10/15/25 1:11 PM,1,Ivana Abundiz,,0.00,4.78,0.40,0.00,0.00
Tink-a-Tako - Potranco,262,10/15/25 1:11 PM,5,Rosa Compean,34,0.00,54.30,4.47,0.00,0.00
Tink-a-Tako - Potranco,265,10/15/25 1:15 PM,2,Norma Vasquez,21,0.00,27.07,2.23,3.00,0.00
Tink-a-Tako - Potranco,266,10/15/25 1:18 PM,2,Esperansa Caviedes,32,0.00,46.10,3.79,8.00,0.00
Tink-a-Tako - Potranco,267,10/15/25 1:20 PM,1,Daniela Torres,,0.00,10.38,0.85,2.00,0.00
Tink-a-Tako - Potranco,268,10/15/25 1:20 PM,1,Daniela Torres,,0.00,10.18,0.84,1.00,0.00
Tink-a-Tako - Potranco,269,10/15/25 1:26 PM,1,Ivana Abundiz,,0.00,14.17,1.17,0.00,0.00
Tink-a-Tako - Potranco,270,10/15/25 1:32 PM,1,Ivana Abundiz,,0.00,4.49,0.37,1.00,0.00
Tink-a-Tako - Potranco,271,10/15/25 1:35 PM,2,Rosa Compean,33,0.00,21.85,1.81,3.00,0.00
Tink-a-Tako - Potranco,272,10/15/25 1:37 PM,2,Norma Vasquez,37,0.00,24.88,2.04,0.00,0.00
Tink-a-Tako - Potranco,274,10/15/25 1:56 PM,1,Lizeth Alonso,,0.00,6.28,0.52,1.00,0.00
Tink-a-Tako - Potranco,275,10/15/25 1:58 PM,2,Esperansa Caviedes,18,0.00,19.87,1.64,0.00,0.00
Tink-a-Tako - Potranco,276,10/15/25 2:06 PM,3,Esperansa Caviedes,23,0.00,28.65,2.35,0.00,0.00
Tink-a-Tako - Potranco,278,10/15/25 2:12 PM,2,Esperansa Caviedes,7,0.00,20.52,1.68,5.00,0.00
Tink-a-Tako - Potranco,277,10/15/25 2:11 PM,1,Lizeth Alonso,,0.00,43.13,3.54,0.00,0.00
Tink-a-Tako - Potranco,279,10/15/25 2:13 PM,2,Esperansa Caviedes,33,0.00,26.20,2.17,0.00,0.00
Tink-a-Tako - Potranco,280,10/15/25 2:20 PM,1,Esperansa Caviedes,25,0.00,17.69,1.45,0.00,0.00
Tink-a-Tako - Potranco,281,10/15/25 2:21 PM,1,Lizeth Alonso,,0.00,24.25,1.99,0.00,0.00
Tink-a-Tako - Potranco,282,10/15/25 2:28 PM,2,Juan  Camacho,17,0.00,28.95,2.39,6.66,0.00
Tink-a-Tako - Potranco,283,10/15/25 2:31 PM,4,Esperansa Caviedes,15,0.00,68.70,5.67,25.63,0.00
Tink-a-Tako - Potranco,284,10/15/25 2:33 PM,1,Lizeth Alonso,,0.00,11.99,0.99,2.00,0.00
Tink-a-Tako - Potranco,285,10/15/25 2:33 PM,1,Lizeth Alonso,,0.00,11.37,0.94,0.00,0.00
Tink-a-Tako - Potranco,286,10/15/25 2:34 PM,1,Lizeth Alonso,,0.00,19.56,1.61,3.00,0.00
Tink-a-Tako - Potranco,287,10/15/25 2:38 PM,1,Esperansa Caviedes,42,0.00,40.39,3.32,4.00,0.00
Tink-a-Tako - Potranco,288,10/15/25 2:44 PM,1,Lizeth Alonso,,0.00,8.94,0.73,0.00,0.00
Tink-a-Tako - Potranco,289,10/15/25 2:44 PM,1,Lizeth Alonso,,0.00,26.83,2.21,0.00,0.00
Tink-a-Tako - Potranco,290,10/15/25 2:47 PM,1,Lizeth Alonso,,0.00,10.06,0.83,0.00,0.00
Tink-a-Tako - Potranco,291,10/15/25 2:56 PM,1,Lizeth Alonso,,0.00,11.17,0.92,2.00,0.00
Tink-a-Tako - Potranco,292,10/15/25 2:56 PM,1,Lizeth Alonso,,0.00,13.49,1.11,1.00,0.00
Tink-a-Tako - Potranco,293,10/15/25 3:01 PM,1,Juan  Camacho,35,0.00,22.37,1.84,0.00,0.00
Tink-a-Tako - Potranco,294,10/15/25 3:05 PM,1,Lizeth Alonso,,0.00,13.99,1.15,0.00,0.00
Tink-a-Tako - Potranco,295,10/15/25 3:14 PM,1,Lizeth Alonso,,0.00,26.54,2.19,0.00,0.00
Tink-a-Tako - Potranco,296,10/15/25 3:14 PM,1,Lizeth Alonso,,0.00,8.17,0.67,0.00,0.00
Tink-a-Tako - Potranco,297,10/15/25 3:18 PM,1,Lizeth Alonso,,0.00,19.37,1.60,0.00,0.00
Tink-a-Tako - Potranco,298,10/15/25 3:26 PM,1,Lizeth Alonso,,0.00,9.99,0.82,0.00,0.00
Tink-a-Tako - Potranco,300,10/15/25 3:41 PM,1,Lizeth Alonso,,0.00,8.98,0.74,0.00,0.00
Tink-a-Tako - Potranco,301,10/15/25 3:52 PM,1,Lizeth Alonso,,0.00,10.77,0.88,0.00,0.00
Tink-a-Tako - Potranco,302,10/15/25 3:53 PM,2,Juan  Camacho,25,0.00,29.68,2.44,0.00,0.00
Tink-a-Tako - Potranco,303,10/15/25 4:02 PM,1,Lizeth Alonso,,0.00,11.97,0.99,2.00,0.00
Tink-a-Tako - Potranco,304,10/15/25 4:04 PM,2,Esperansa Caviedes,7,0.00,30.12,2.47,4.52,0.00
Tink-a-Tako - Potranco,305,10/15/25 4:05 PM,1,Juan  Camacho,37,0.00,12.44,1.02,3.00,0.00
Tink-a-Tako - Potranco,306,10/15/25 4:07 PM,2,Juan  Camacho,24,0.00,22.48,1.85,2.00,0.00
Tink-a-Tako - Potranco,309,10/15/25 4:12 PM,2,Juan  Camacho,35,0.00,34.21,2.82,6.00,0.00
Tink-a-Tako - Potranco,311,10/15/25 4:33 PM,2,Juan  Camacho,25,0.00,45.34,3.74,15.00,0.00
Tink-a-Tako - Potranco,312,10/15/25 4:36 PM,2,Esperansa Caviedes,31,0.00,24.96,2.05,0.00,0.00
Tink-a-Tako - Potranco,313,10/15/25 4:39 PM,30,Norma Vasquez,11,0.90,215.82,17.81,12.00,43.36
Tink-a-Tako - Potranco,317,10/15/25 4:41 PM,3,Esperansa Caviedes,17,0.00,23.91,1.96,0.00,0.00
Tink-a-Tako - Potranco,318,10/15/25 4:51 PM,2,Juan  Camacho,18,0.00,24.38,2.00,5.00,0.00
Tink-a-Tako - Potranco,310,10/15/25 4:30 PM,1,Lizeth Alonso,,0.00,7.99,0.66,1.00,0.00
Tink-a-Tako - Potranco,320,10/15/25 5:02 PM,1,Juan  Camacho,33,0.00,12.44,1.02,2.00,0.00
Tink-a-Tako - Potranco,321,10/15/25 5:04 PM,3,Esperansa Caviedes,19,0.00,20.97,1.73,4.30,0.00
Tink-a-Tako - Potranco,319,10/15/25 4:53 PM,1,Lizeth Alonso,,0.00,30.67,2.53,0.00,0.00
Tink-a-Tako - Potranco,322,10/15/25 5:08 PM,1,Lizeth Alonso,,0.00,13.98,1.16,0.00,0.00
Tink-a-Tako - Potranco,323,10/15/25 5:08 PM,1,Lizeth Alonso,,0.00,12.99,1.07,2.00,0.00
Tink-a-Tako - Potranco,324,10/15/25 5:10 PM,2,Esperansa Caviedes,32,0.00,31.93,2.64,0.00,0.00
Tink-a-Tako - Potranco,335,10/15/25 5:20 PM,30,Norma Vasquez,10,0.00,232.03,19.14,1.93,46.41
Tink-a-Tako - Potranco,340,10/15/25 5:23 PM,1,Lizeth Alonso,,0.00,4.38,0.36,0.00,0.00
Tink-a-Tako - Potranco,345,10/15/25 5:34 PM,1,Lizeth Alonso,,0.00,2.00,0.16,1.00,0.00
Tink-a-Tako - Potranco,346,10/15/25 5:35 PM,5,Juan  Camacho,42,0.00,78.52,6.46,10.00,0.00
Tink-a-Tako - Potranco,347,10/15/25 5:41 PM,2,Esperansa Caviedes,33,0.00,31.21,2.57,0.00,0.00
Tink-a-Tako - Potranco,348,10/15/25 5:45 PM,1,Juan  Camacho,40,0.00,0.00,0.00,0.00,0.00
Tink-a-Tako - Potranco,350,10/15/25 5:49 PM,1,Lizeth Alonso,,0.00,9.99,0.82,3.00,0.00
Tink-a-Tako - Potranco,354,10/15/25 5:56 PM,1,Lizeth Alonso,,0.00,37.97,3.13,3.00,0.00
Tink-a-Tako - Potranco,356,10/15/25 6:02 PM,2,Juan  Camacho,31,0.00,32.42,2.66,6.48,0.00
Tink-a-Tako - Potranco,355,10/15/25 6:00 PM,1,Lizeth Alonso,,1.75,15.70,1.30,3.00,0.00
Tink-a-Tako - Potranco,357,10/15/25 6:04 PM,1,Lizeth Alonso,,0.00,15.78,1.30,0.00,0.00
Tink-a-Tako - Potranco,363,10/15/25 6:22 PM,2,Esperansa Caviedes,36,0.00,37.36,3.07,4.00,0.00
Tink-a-Tako - Potranco,364,10/15/25 6:43 PM,11,Juan  Camacho,41,0.00,121.19,9.97,9.00,24.23
Tink-a-Tako - Potranco,369,10/15/25 6:49 PM,3,Juan  Camacho,25,0.00,92.40,7.62,25.00,0.00
Tink-a-Tako - Potranco,368,10/15/25 6:47 PM,2,Esperansa Caviedes,33,0.00,23.63,1.94,0.00,0.00
Tink-a-Tako - Potranco,370,10/15/25 6:54 PM,1,Norma Vasquez,,0.00,65.94,5.43,3.00,0.00
Tink-a-Tako - Potranco,371,10/15/25 6:56 PM,1,Norma Vasquez,,0.00,21.98,1.82,0.00,0.00
Tink-a-Tako - Potranco,372,10/15/25 6:57 PM,1,Lizeth Alonso,,0.00,87.51,7.22,0.00,0.00
Tink-a-Tako - Potranco,375,10/15/25 7:05 PM,1,Lizeth Alonso,,0.00,19.72,1.62,0.00,0.00
Tink-a-Tako - Potranco,374,10/15/25 7:04 PM,1,Norma Vasquez,12,0.00,0.00,0.00,0.00,0.00
Tink-a-Tako - Potranco,378,10/15/25 7:06 PM,1,Juan  Camacho,,0.00,5.37,0.44,1.00,0.00
Tink-a-Tako - Potranco,380,10/15/25 7:09 PM,2,Esperansa Caviedes,32,0.00,27.92,2.30,0.00,0.00
Tink-a-Tako - Potranco,381,10/15/25 7:24 PM,3,Juan  Camacho,17,0.00,26.32,2.16,3.00,0.00
Tink-a-Tako - Potranco,383,10/15/25 7:29 PM,2,Esperansa Caviedes,31,0.00,17.93,1.47,5.00,0.00
Tink-a-Tako - Potranco,384,10/15/25 7:32 PM,1,Norma Vasquez,18,0.00,11.99,0.99,7.02,0.00
Tink-a-Tako - Potranco,382,10/15/25 7:25 PM,1,Lizeth Alonso,,0.00,9.57,0.79,1.00,0.00
Tink-a-Tako - Potranco,385,10/15/25 7:47 PM,1,Lizeth Alonso,,0.00,29.88,2.45,0.00,0.00
Tink-a-Tako - Potranco,386,10/15/25 7:58 PM,1,Lizeth Alonso,,0.00,5.49,0.45,0.00,0.00
Tink-a-Tako - Potranco,387,10/15/25 8:20 PM,1,Lizeth Alonso,,0.00,12.99,1.07,0.00,0.00
Tink-a-Tako - Potranco,388,10/15/25 8:20 PM,1,Lizeth Alonso,,0.00,20.89,1.71,10.00,0.00
Tink-a-Tako - Potranco,389,10/15/25 8:27 PM,1,Juan  Camacho,,0.00,19.56,1.61,0.00,0.00
Tink-a-Tako - Potranco,377,10/15/25 7:06 PM,1,Juan  Camacho,12,0.00,0.00,0.00,0.00,0.00
Tink-a-Tako - Potranco,390,10/15/25 8:45 PM,1,Lizeth Alonso,,0.00,5.19,0.43,0.00,0.00
Tink-a-Tako - Potranco,391,10/15/25 8:59 PM,1,Lizeth Alonso,,0.00,12.36,1.02,0.00,0.00
