Location,Order #,Opened Date,Server,Table,Discount Name,Discount Reason,Comment,Discount Amount
Tink-a-Tako - Potranco,300,9/14/25 12:37 PM,Juan  Camacho,33,Military Discount,,,1.30
Tink-a-Tako - Potranco,243,9/14/25 11:56 AM,Daniela Torres,,Police Discount,,,0.90
Tink-a-Tako - Potranco,243,9/14/25 11:56 AM,Daniela Torres,,Police Discount,,,3.98
Tink-a-Tako - Potranco,243,9/14/25 11:56 AM,Daniela Torres,,Police Discount,,,7.00
Tink-a-Tako - Potranco,224,9/14/25 11:38 AM,Silvia Hernandez,39,Open $ Item,,,0.50
Tink-a-Tako - Potranco,109,9/14/25 10:18 AM,Daniela Torres,,Military Discount,,,0.88
Tink-a-Tako - Potranco,109,9/14/25 10:18 AM,Daniela Torres,,Military Discount,,,0.40
Tink-a-Tako - Potranco,109,9/14/25 10:18 AM,Daniela Torres,,Military Discount,,,0.18
Tink-a-Tako - Potranco,86,9/14/25 9:58 AM,Esperansa Caviedes,20,Open % Item,,,0.40
Tink-a-Tako - Potranco,86,9/14/25 9:58 AM,Esperansa Caviedes,20,Open % Item,,,0.28
Tink-a-Tako - Potranco,86,9/14/25 9:58 AM,Esperansa Caviedes,20,Open % Item,,,0.40
Tink-a-Tako - Potranco,86,9/14/25 9:58 AM,Esperansa Caviedes,20,Open % Item,,,0.40
Tink-a-Tako - Potranco,86,9/14/25 9:58 AM,Esperansa Caviedes,20,Open % Item,,,0.40
Tink-a-Tako - Potranco,58,9/14/25 9:31 AM,Maria Majana,37,Open % Item,,,2.80
Tink-a-Tako - Potranco,28,9/14/25 8:55 AM,Sergio Abundiz,9,Open % Item,,,6.50
Tink-a-Tako - Potranco,28,9/14/25 8:55 AM,Sergio Abundiz,9,Open % Item,,,1.99
Tink-a-Tako - Potranco,24,9/14/25 8:43 AM,Daniela Torres,,Military Discount,,,0.44
Tink-a-Tako - Potranco,24,9/14/25 8:43 AM,Daniela Torres,,Military Discount,,,0.48
Tink-a-Tako - Potranco,24,9/14/25 8:43 AM,Daniela Torres,,Military Discount,,,0.55
Tink-a-Tako - Potranco,19,9/14/25 8:37 AM,Mayra Luna,,Manager Comp - Check,,,14.76
