Location,Order #,Opened,# of Guests,Server,Table,Discount Amount,Amount,Tax,Tip,Gratuity
Tink-a-Tako - Potranco,2,9/14/25 7:55 AM,1,Rosie  ORDONEZ,,0.00,22.36,1.84,0.00,0.00
Tink-a-Tako - Potranco,1,9/14/25 7:31 AM,1,Daniela Torres,,0.00,5.98,0.49,0.00,0.00
Tink-a-Tako - Potranco,3,9/14/25 8:02 AM,1,Ivana Abundiz,,0.00,30.22,2.49,0.00,0.00
Tink-a-Tako - Potranco,4,9/14/25 8:05 AM,1,Ivana Abundiz,,0.00,6.45,0.53,0.00,0.00
Tink-a-Tako - Potranco,5,9/14/25 8:09 AM,3,Esperansa Caviedes,11,0.00,35.95,2.96,7.91,0.00
Tink-a-Tako - Potranco,6,9/14/25 8:10 AM,1,Daniela Torres,,0.00,13.26,1.09,2.00,0.00
Tink-a-Tako - Potranco,7,9/14/25 8:11 AM,1,Daniela Torres,,0.00,3.98,0.32,0.00,0.00
Tink-a-Tako - Potranco,8,9/14/25 8:11 AM,1,Daniela Torres,,0.00,4.89,0.40,0.00,0.00
Tink-a-Tako - Potranco,9,9/14/25 8:13 AM,2,Sergio Abundiz,24,0.00,28.75,2.38,3.00,0.00
Tink-a-Tako - Potranco,10,9/14/25 8:17 AM,1,Maria Majana,8,0.00,25.13,2.07,5.03,0.00
Tink-a-Tako - Potranco,11,9/14/25 8:20 AM,1,Ivana Abundiz,,0.00,22.94,1.90,0.00,0.00
Tink-a-Tako - Potranco,12,9/14/25 8:22 AM,2,Silvia Hernandez,17,0.00,24.49,2.03,0.00,0.00
Tink-a-Tako - Potranco,13,9/14/25 8:24 AM,1,Ivana Abundiz,,0.00,8.53,0.70,0.00,0.00
Tink-a-Tako - Potranco,14,9/14/25 8:28 AM,1,Daniela Torres,,0.00,9.55,0.79,0.00,0.00
Tink-a-Tako - Potranco,16,9/14/25 8:30 AM,2,Esperansa Caviedes,7,0.00,21.93,1.81,0.00,0.00
Tink-a-Tako - Potranco,20,9/14/25 8:37 AM,1,Daniela Torres,,0.00,7.56,0.63,0.00,0.00
Tink-a-Tako - Potranco,19,9/14/25 8:37 AM,1,Mayra Luna,,14.76,0.00,0.00,0.00,0.00
Tink-a-Tako - Potranco,18,9/14/25 8:36 AM,5,Rosie  ORDONEZ,31,0.00,56.80,4.68,20.00,0.00
Tink-a-Tako - Potranco,22,9/14/25 8:41 AM,2,Sergio Abundiz,32,0.00,30.91,2.54,0.00,0.00
Tink-a-Tako - Potranco,23,9/14/25 8:42 AM,1,Daniela Torres,,0.00,13.56,1.12,0.00,0.00
Tink-a-Tako - Potranco,24,9/14/25 8:43 AM,1,Daniela Torres,,1.47,13.20,1.10,0.00,0.00
Tink-a-Tako - Potranco,25,9/14/25 8:48 AM,1,Daniela Torres,,0.00,11.78,0.98,0.00,0.00
Tink-a-Tako - Potranco,26,9/14/25 8:50 AM,2,Maria Majana,32,0.00,47.27,3.90,0.00,0.00
Tink-a-Tako - Potranco,28,9/14/25 8:55 AM,2,Sergio Abundiz,9,8.49,14.46,1.20,6.00,0.00
Tink-a-Tako - Potranco,29,9/14/25 8:55 AM,1,Maria Majana,4,0.00,15.22,1.26,2.28,0.00
Tink-a-Tako - Potranco,30,9/14/25 8:55 AM,1,Esperansa Caviedes,8,0.00,34.24,2.82,11.00,0.00
Tink-a-Tako - Potranco,27,9/14/25 8:53 AM,1,Daniela Torres,,0.00,9.96,0.82,0.00,0.00
Tink-a-Tako - Potranco,33,9/14/25 8:57 AM,2,Silvia Hernandez,25,0.00,20.34,1.68,0.00,0.00
Tink-a-Tako - Potranco,32,9/14/25 8:57 AM,1,Daniela Torres,,0.00,17.59,1.45,0.00,0.00
Tink-a-Tako - Potranco,35,9/14/25 9:03 AM,1,Ivana Abundiz,,0.00,26.99,2.23,0.00,0.00
Tink-a-Tako - Potranco,34,9/14/25 9:00 AM,1,Daniela Torres,,0.00,9.78,0.81,1.00,0.00
Tink-a-Tako - Potranco,36,9/14/25 9:04 AM,1,Ivana Abundiz,,0.00,43.37,3.56,0.00,0.00
Tink-a-Tako - Potranco,38,9/14/25 9:06 AM,1,Ivana Abundiz,,0.00,4.79,0.40,1.50,0.00
Tink-a-Tako - Potranco,37,9/14/25 9:05 AM,1,Daniela Torres,,0.00,17.74,1.47,3.00,0.00
Tink-a-Tako - Potranco,40,9/14/25 9:08 AM,1,Daniela Torres,,0.00,63.67,5.26,2.00,0.00
Tink-a-Tako - Potranco,41,9/14/25 9:10 AM,1,Daniela Torres,,0.00,18.34,1.52,0.00,0.00
Tink-a-Tako - Potranco,43,9/14/25 9:13 AM,1,Daniela Torres,,0.00,21.14,1.74,0.00,0.00
Tink-a-Tako - Potranco,44,9/14/25 9:14 AM,1,Daniela Torres,,0.00,3.98,0.32,0.00,0.00
Tink-a-Tako - Potranco,45,9/14/25 9:15 AM,1,Daniela Torres,,0.00,9.58,0.79,0.00,0.00
Tink-a-Tako - Potranco,46,9/14/25 9:15 AM,1,Daniela Torres,,0.00,26.32,2.18,0.00,0.00
Tink-a-Tako - Potranco,47,9/14/25 9:19 AM,1,Daniela Torres,,0.00,28.85,2.38,0.00,0.00
Tink-a-Tako - Potranco,48,9/14/25 9:19 AM,2,Silvia Hernandez,18,0.00,18.05,1.50,0.00,0.00
Tink-a-Tako - Potranco,49,9/14/25 9:22 AM,1,Daniela Torres,,0.00,15.55,1.28,0.00,0.00
Tink-a-Tako - Potranco,51,9/14/25 9:24 AM,1,Daniela Torres,,0.00,1.99,0.16,0.00,0.00
Tink-a-Tako - Potranco,52,9/14/25 9:24 AM,1,Ivana Abundiz,,0.00,6.47,0.54,0.00,0.00
Tink-a-Tako - Potranco,53,9/14/25 9:25 AM,1,Daniela Torres,,0.00,16.68,1.37,0.00,0.00
Tink-a-Tako - Potranco,55,9/14/25 9:26 AM,1,Maria Majana,,0.00,13.36,1.10,1.00,0.00
Tink-a-Tako - Potranco,56,9/14/25 9:28 AM,1,Daniela Torres,,0.00,13.94,1.15,0.00,0.00
Tink-a-Tako - Potranco,58,9/14/25 9:31 AM,1,Maria Majana,37,2.80,25.16,2.08,0.00,0.00
Tink-a-Tako - Potranco,39,9/14/25 9:07 AM,1,Daniela Torres,,0.00,29.76,2.45,0.00,0.00
Tink-a-Tako - Potranco,62,9/14/25 9:34 AM,1,Daniela Torres,,0.00,11.26,0.93,0.00,0.00
Tink-a-Tako - Potranco,60,9/14/25 9:33 AM,1,Ivana Abundiz,,0.00,30.97,2.55,1.00,0.00
Tink-a-Tako - Potranco,63,9/14/25 9:34 AM,2,Sergio Abundiz,8,0.00,14.14,1.16,0.00,0.00
Tink-a-Tako - Potranco,64,9/14/25 9:36 AM,3,Esperansa Caviedes,17,0.00,30.09,2.48,10.00,0.00
Tink-a-Tako - Potranco,65,9/14/25 9:36 AM,1,Daniela Torres,,0.00,12.93,1.07,0.00,0.00
Tink-a-Tako - Potranco,67,9/14/25 9:37 AM,1,Ivana Abundiz,,0.00,33.51,2.76,0.00,0.00
Tink-a-Tako - Potranco,66,9/14/25 9:36 AM,1,Daniela Torres,,0.00,21.33,1.76,0.00,0.00
Tink-a-Tako - Potranco,70,9/14/25 9:40 AM,2,Silvia Hernandez,38,0.00,20.76,1.71,0.00,0.00
Tink-a-Tako - Potranco,71,9/14/25 9:40 AM,2,Maria Majana,37,0.00,0.00,0.00,0.00,0.00
Tink-a-Tako - Potranco,69,9/14/25 9:39 AM,2,Esperansa Caviedes,24,0.00,38.04,3.14,8.21,0.00
Tink-a-Tako - Potranco,72,9/14/25 9:43 AM,1,Daniela Torres,,0.00,12.84,1.06,0.00,0.00
Tink-a-Tako - Potranco,73,9/14/25 9:44 AM,1,Daniela Torres,,0.00,3.98,0.33,0.00,0.00
Tink-a-Tako - Potranco,74,9/14/25 9:44 AM,2,Sergio Abundiz,7,0.00,38.69,3.19,5.00,0.00
Tink-a-Tako - Potranco,75,9/14/25 9:45 AM,1,Daniela Torres,,0.00,17.75,1.46,0.00,0.00
Tink-a-Tako - Potranco,76,9/14/25 9:47 AM,2,Silvia Hernandez,33,0.00,22.73,1.87,0.00,0.00
Tink-a-Tako - Potranco,77,9/14/25 9:49 AM,1,Daniela Torres,,0.00,21.24,1.75,4.00,0.00
Tink-a-Tako - Potranco,79,9/14/25 9:52 AM,1,Daniela Torres,,0.00,30.32,2.50,0.00,0.00
Tink-a-Tako - Potranco,80,9/14/25 9:52 AM,2,Esperansa Caviedes,19,0.00,19.15,1.58,0.00,0.00
Tink-a-Tako - Potranco,78,9/14/25 9:51 AM,2,Maria Majana,22,0.00,29.96,2.47,5.99,0.00
Tink-a-Tako - Potranco,59,9/14/25 9:32 AM,1,Daniela Torres,,0.00,11.17,0.92,0.00,0.00
Tink-a-Tako - Potranco,82,9/14/25 9:54 AM,2,Silvia Hernandez,36,0.00,29.10,2.41,8.00,0.00
Tink-a-Tako - Potranco,85,9/14/25 9:58 AM,1,Daniela Torres,,0.00,6.67,0.56,0.00,0.00
Tink-a-Tako - Potranco,87,9/14/25 9:59 AM,1,Daniela Torres,,0.00,8.24,0.68,0.00,0.00
Tink-a-Tako - Potranco,86,9/14/25 9:58 AM,2,Esperansa Caviedes,20,1.88,15.83,1.30,0.00,0.00
Tink-a-Tako - Potranco,88,9/14/25 9:59 AM,1,Daniela Torres,,0.00,7.73,0.64,0.00,0.00
Tink-a-Tako - Potranco,84,9/14/25 9:57 AM,5,Maria Majana,31,0.00,45.77,3.80,9.02,0.00
Tink-a-Tako - Potranco,90,9/14/25 10:01 AM,2,Silvia Hernandez,25,0.00,17.13,1.42,0.00,0.00
Tink-a-Tako - Potranco,89,9/14/25 10:01 AM,5,Sergio Abundiz,34,0.00,65.94,5.45,10.00,0.00
Tink-a-Tako - Potranco,91,9/14/25 10:04 AM,1,Daniela Torres,,0.00,8.82,0.72,0.00,0.00
Tink-a-Tako - Potranco,92,9/14/25 10:04 AM,1,Ivana Abundiz,,0.00,24.99,2.06,0.00,0.00
Tink-a-Tako - Potranco,93,9/14/25 10:05 AM,1,Daniela Torres,,0.00,21.96,1.81,0.00,0.00
Tink-a-Tako - Potranco,94,9/14/25 10:05 AM,2,Esperansa Caviedes,18,0.00,38.32,3.16,5.75,0.00
Tink-a-Tako - Potranco,95,9/14/25 10:07 AM,1,Daniela Torres,,0.00,15.36,1.26,0.00,0.00
Tink-a-Tako - Potranco,96,9/14/25 10:07 AM,1,Ivana Abundiz,,0.00,7.96,0.64,0.00,0.00
Tink-a-Tako - Potranco,97,9/14/25 10:07 AM,1,Daniela Torres,,0.00,14.85,1.23,0.00,0.00
Tink-a-Tako - Potranco,98,9/14/25 10:09 AM,1,Daniela Torres,,0.00,9.96,0.83,0.00,0.00
Tink-a-Tako - Potranco,100,9/14/25 10:10 AM,1,Ivana Abundiz,,0.00,3.98,0.33,0.00,0.00
Tink-a-Tako - Potranco,83,9/14/25 9:55 AM,1,Daniela Torres,,0.00,47.12,3.88,0.00,0.00
Tink-a-Tako - Potranco,101,9/14/25 10:11 AM,1,Daniela Torres,,0.00,7.97,0.66,0.00,0.00
Tink-a-Tako - Potranco,102,9/14/25 10:12 AM,2,Silvia Hernandez,23,0.00,23.75,1.97,0.00,0.00
Tink-a-Tako - Potranco,103,9/14/25 10:13 AM,1,Daniela Torres,,0.00,15.56,1.28,0.00,0.00
Tink-a-Tako - Potranco,104,9/14/25 10:14 AM,2,Maria Majana,15,0.00,14.98,1.23,4.00,0.00
Tink-a-Tako - Potranco,107,9/14/25 10:18 AM,1,Daniela Torres,,0.00,29.43,2.42,0.00,0.00
Tink-a-Tako - Potranco,106,9/14/25 10:17 AM,3,Sergio Abundiz,8,0.00,45.93,3.78,10.00,0.00
Tink-a-Tako - Potranco,105,9/14/25 10:15 AM,1,Daniela Torres,,0.00,16.26,1.34,0.00,0.00
Tink-a-Tako - Potranco,108,9/14/25 10:18 AM,1,Ivana Abundiz,,0.00,3.98,0.33,0.00,0.00
Tink-a-Tako - Potranco,111,9/14/25 10:19 AM,2,Juan  Camacho,32,0.00,29.76,2.44,3.00,0.00
Tink-a-Tako - Potranco,112,9/14/25 10:21 AM,1,Daniela Torres,,0.00,7.16,0.59,0.00,0.00
Tink-a-Tako - Potranco,113,9/14/25 10:21 AM,1,Daniela Torres,,0.00,21.22,1.74,0.00,0.00
Tink-a-Tako - Potranco,115,9/14/25 10:22 AM,1,Esperansa Caviedes,25,0.00,10.83,0.89,0.00,0.00
Tink-a-Tako - Potranco,117,9/14/25 10:25 AM,1,Ivana Abundiz,,0.00,13.98,1.15,0.00,0.00
Tink-a-Tako - Potranco,120,9/14/25 10:27 AM,2,Esperansa Caviedes,17,0.00,32.65,2.69,4.00,0.00
Tink-a-Tako - Potranco,123,9/14/25 10:29 AM,1,Daniela Torres,,0.00,33.95,2.80,0.00,0.00
Tink-a-Tako - Potranco,125,9/14/25 10:31 AM,2,Silvia Hernandez,4,0.00,39.61,3.26,8.00,0.00
Tink-a-Tako - Potranco,126,9/14/25 10:31 AM,1,Daniela Torres,,0.00,15.16,1.25,0.00,0.00
Tink-a-Tako - Potranco,124,9/14/25 10:29 AM,4,Maria Majana,38,0.00,74.38,6.13,8.00,0.00
Tink-a-Tako - Potranco,128,9/14/25 10:31 AM,4,Juan  Camacho,19,0.00,32.47,2.67,10.00,0.00
Tink-a-Tako - Potranco,130,9/14/25 10:32 AM,2,Esperansa Caviedes,12,0.00,23.44,1.94,0.00,0.00
Tink-a-Tako - Potranco,132,9/14/25 10:32 AM,2,Juan  Camacho,33,0.00,23.73,1.96,0.00,0.00
Tink-a-Tako - Potranco,131,9/14/25 10:32 AM,1,Daniela Torres,,0.00,29.79,2.45,0.00,0.00
Tink-a-Tako - Potranco,135,9/14/25 10:33 AM,2,Juan  Camacho,1,0.00,23.96,1.98,10.00,0.00
Tink-a-Tako - Potranco,133,9/14/25 10:32 AM,2,Silvia Hernandez,37,0.00,14.35,1.20,0.00,0.00
Tink-a-Tako - Potranco,109,9/14/25 10:18 AM,1,Daniela Torres,,1.46,13.09,1.08,0.00,0.00
Tink-a-Tako - Potranco,137,9/14/25 10:35 AM,1,Daniela Torres,,0.00,3.98,0.32,0.00,0.00
Tink-a-Tako - Potranco,139,9/14/25 10:36 AM,1,Silvia Hernandez,7,0.00,10.98,0.91,0.00,0.00
Tink-a-Tako - Potranco,134,9/14/25 10:33 AM,5,Sergio Abundiz,42,0.00,56.97,4.71,0.00,0.00
Tink-a-Tako - Potranco,140,9/14/25 10:38 AM,5,Esperansa Caviedes,35,0.00,54.56,4.48,6.00,0.00
Tink-a-Tako - Potranco,141,9/14/25 10:38 AM,1,Daniela Torres,,0.00,10.26,0.85,0.00,0.00
Tink-a-Tako - Potranco,146,9/14/25 10:40 AM,6,Juan  Camacho,3,0.00,66.57,5.50,10.00,13.31
Tink-a-Tako - Potranco,147,9/14/25 10:41 AM,3,Esperansa Caviedes,8,0.00,76.73,6.31,9.00,0.00
Tink-a-Tako - Potranco,148,9/14/25 10:41 AM,1,Ivana Abundiz,,0.00,5.97,0.49,0.00,0.00
Tink-a-Tako - Potranco,149,9/14/25 10:42 AM,1,Daniela Torres,,0.00,29.88,2.47,0.00,0.00
Tink-a-Tako - Potranco,151,9/14/25 10:43 AM,1,Daniela Torres,,0.00,17.96,1.48,0.00,0.00
Tink-a-Tako - Potranco,152,9/14/25 10:43 AM,2,Mayra Luna,36,0.00,27.96,2.30,0.00,0.00
Tink-a-Tako - Potranco,150,9/14/25 10:42 AM,2,Silvia Hernandez,22,0.00,43.65,3.59,10.00,0.00
Tink-a-Tako - Potranco,153,9/14/25 10:44 AM,1,Daniela Torres,,0.00,1.79,0.15,0.00,0.00
Tink-a-Tako - Potranco,154,9/14/25 10:45 AM,1,Daniela Torres,,0.00,15.05,1.24,0.00,0.00
Tink-a-Tako - Potranco,156,9/14/25 10:45 AM,1,Ivana Abundiz,,0.00,36.78,3.03,0.00,0.00
Tink-a-Tako - Potranco,157,9/14/25 10:45 AM,3,Esperansa Caviedes,41,0.00,50.18,4.15,0.00,0.00
Tink-a-Tako - Potranco,159,9/14/25 10:47 AM,1,Daniela Torres,,0.00,6.77,0.56,0.00,0.00
Tink-a-Tako - Potranco,160,9/14/25 10:48 AM,1,Daniela Torres,,0.00,8.17,0.67,0.00,0.00
Tink-a-Tako - Potranco,162,9/14/25 10:50 AM,2,Juan  Camacho,21,0.00,17.80,1.46,3.00,0.00
Tink-a-Tako - Potranco,164,9/14/25 10:52 AM,3,Silvia Hernandez,2,0.00,39.30,3.24,4.00,0.00
Tink-a-Tako - Potranco,166,9/14/25 10:54 AM,1,Daniela Torres,,0.00,3.78,0.31,0.00,0.00
Tink-a-Tako - Potranco,158,9/14/25 10:46 AM,6,Maria Majana,10,0.00,114.23,9.40,0.00,22.85
Tink-a-Tako - Potranco,165,9/14/25 10:54 AM,1,Mayra Luna,,0.00,20.55,1.69,5.00,0.00
Tink-a-Tako - Potranco,167,9/14/25 10:56 AM,1,Daniela Torres,,0.00,12.15,1.00,2.00,0.00
Tink-a-Tako - Potranco,169,9/14/25 10:56 AM,2,Rosie  ORDONEZ,15,0.00,13.94,1.14,0.00,0.00
Tink-a-Tako - Potranco,170,9/14/25 10:57 AM,3,Sergio Abundiz,11,0.00,54.46,4.50,10.00,0.00
Tink-a-Tako - Potranco,171,9/14/25 10:58 AM,1,Daniela Torres,,0.00,20.13,1.65,1.00,0.00
Tink-a-Tako - Potranco,172,9/14/25 10:59 AM,1,Daniela Torres,,0.00,7.18,0.59,2.00,0.00
Tink-a-Tako - Potranco,175,9/14/25 11:01 AM,1,Daniela Torres,,0.00,10.55,0.87,0.00,0.00
Tink-a-Tako - Potranco,174,9/14/25 11:01 AM,1,Rosie  ORDONEZ,,0.00,14.01,1.15,0.00,0.00
Tink-a-Tako - Potranco,176,9/14/25 11:01 AM,1,Ivana Abundiz,,0.00,16.96,1.40,0.00,0.00
Tink-a-Tako - Potranco,178,9/14/25 11:02 AM,1,Daniela Torres,,0.00,11.56,0.95,0.00,0.00
Tink-a-Tako - Potranco,180,9/14/25 11:06 AM,2,Mayra Luna,32,0.00,45.06,3.71,0.00,0.00
Tink-a-Tako - Potranco,136,9/14/25 10:34 AM,1,Daniela Torres,,0.00,10.37,0.86,0.00,0.00
Tink-a-Tako - Potranco,182,9/14/25 11:07 AM,3,Mayra Luna,9,0.00,33.90,2.80,0.00,0.00
Tink-a-Tako - Potranco,183,9/14/25 11:08 AM,2,Juan  Camacho,18,0.00,30.62,2.54,7.00,0.00
Tink-a-Tako - Potranco,181,9/14/25 11:07 AM,1,Daniela Torres,,0.00,28.71,2.38,0.00,0.00
Tink-a-Tako - Potranco,186,9/14/25 11:09 AM,1,Silvia Hernandez,26,0.00,9.77,0.81,0.00,0.00
Tink-a-Tako - Potranco,187,9/14/25 11:10 AM,2,Juan  Camacho,33,0.00,39.14,3.22,0.00,0.00
Tink-a-Tako - Potranco,188,9/14/25 11:12 AM,1,Ivana Abundiz,,0.00,5.50,0.45,0.00,0.00
Tink-a-Tako - Potranco,184,9/14/25 11:09 AM,1,Daniela Torres,,0.00,28.13,2.32,0.00,0.00
Tink-a-Tako - Potranco,191,9/14/25 11:13 AM,1,Daniela Torres,,0.00,5.37,0.44,0.00,0.00
Tink-a-Tako - Potranco,189,9/14/25 11:12 AM,2,Mayra Luna,25,0.00,34.74,2.86,0.00,0.00
Tink-a-Tako - Potranco,190,9/14/25 11:13 AM,1,Daniela Torres,,0.00,5.37,0.44,0.00,0.00
Tink-a-Tako - Potranco,194,9/14/25 11:15 AM,1,Ivana Abundiz,,0.00,17.53,1.45,0.00,0.00
Tink-a-Tako - Potranco,193,9/14/25 11:14 AM,1,Daniela Torres,,0.00,23.62,1.94,0.00,0.00
Tink-a-Tako - Potranco,196,9/14/25 11:19 AM,1,Ivana Abundiz,,0.00,12.99,1.07,0.00,0.00
Tink-a-Tako - Potranco,195,9/14/25 11:16 AM,1,Daniela Torres,,0.00,12.96,1.07,0.00,0.00
Tink-a-Tako - Potranco,197,9/14/25 11:20 AM,1,Daniela Torres,,0.00,20.52,1.70,0.00,0.00
Tink-a-Tako - Potranco,198,9/14/25 11:22 AM,1,Daniela Torres,,0.00,15.98,1.32,0.00,0.00
Tink-a-Tako - Potranco,200,9/14/25 11:24 AM,1,Esperansa Caviedes,,0.00,0.00,0.00,0.00,0.00
Tink-a-Tako - Potranco,201,9/14/25 11:24 AM,2,Mayra Luna,36,0.00,16.56,1.37,4.00,0.00
Tink-a-Tako - Potranco,203,9/14/25 11:25 AM,1,Daniela Torres,,0.00,16.66,1.38,0.00,0.00
Tink-a-Tako - Potranco,202,9/14/25 11:24 AM,2,Maria Majana,16,0.00,23.17,1.91,5.00,0.00
Tink-a-Tako - Potranco,204,9/14/25 11:26 AM,1,Daniela Torres,,0.00,17.65,1.45,2.00,0.00
Tink-a-Tako - Potranco,208,9/14/25 11:30 AM,1,Daniela Torres,,0.00,5.44,0.44,0.00,0.00
Tink-a-Tako - Potranco,209,9/14/25 11:30 AM,1,Daniela Torres,,0.00,7.77,0.64,0.00,0.00
Tink-a-Tako - Potranco,205,9/14/25 11:27 AM,11,Sergio Abundiz,31,0.00,180.59,14.88,14.74,36.11
Tink-a-Tako - Potranco,210,9/14/25 11:31 AM,1,Daniela Torres,,0.00,19.92,1.64,2.00,0.00
Tink-a-Tako - Potranco,212,9/14/25 11:32 AM,1,Ivana Abundiz,,0.00,38.92,3.21,0.00,0.00
Tink-a-Tako - Potranco,213,9/14/25 11:33 AM,1,Daniela Torres,,0.00,22.64,1.87,2.00,0.00
Tink-a-Tako - Potranco,216,9/14/25 11:33 AM,6,Juan  Camacho,3,0.00,93.80,7.72,25.00,18.76
Tink-a-Tako - Potranco,214,9/14/25 11:33 AM,2,Silvia Hernandez,7,0.00,88.31,7.30,7.00,0.00
Tink-a-Tako - Potranco,218,9/14/25 11:35 AM,1,Daniela Torres,,0.00,15.87,1.31,0.00,0.00
Tink-a-Tako - Potranco,222,9/14/25 11:36 AM,2,Mayra Luna,24,0.00,29.96,2.47,3.00,0.00
Tink-a-Tako - Potranco,223,9/14/25 11:38 AM,1,Daniela Torres,,0.00,10.33,0.84,0.00,0.00
Tink-a-Tako - Potranco,224,9/14/25 11:38 AM,1,Silvia Hernandez,39,0.50,17.85,1.47,2.75,0.00
Tink-a-Tako - Potranco,221,9/14/25 11:36 AM,2,Maria Majana,22,0.00,16.93,1.39,4.00,0.00
Tink-a-Tako - Potranco,225,9/14/25 11:40 AM,1,Daniela Torres,,0.00,28.98,2.39,0.00,0.00
Tink-a-Tako - Potranco,227,9/14/25 11:41 AM,2,Juan  Camacho,23,0.00,26.97,2.23,0.00,0.00
Tink-a-Tako - Potranco,228,9/14/25 11:42 AM,1,Daniela Torres,,0.00,48.87,4.02,0.00,0.00
Tink-a-Tako - Potranco,229,9/14/25 11:43 AM,1,Daniela Torres,,0.00,4.17,0.34,0.00,0.00
Tink-a-Tako - Potranco,231,9/14/25 11:44 AM,5,Maria Majana,42,0.00,59.29,4.88,10.43,0.00
Tink-a-Tako - Potranco,232,9/14/25 11:44 AM,3,Silvia Hernandez,12,0.00,39.16,3.22,6.19,0.00
Tink-a-Tako - Potranco,233,9/14/25 11:47 AM,2,Silvia Hernandez,38,0.00,0.00,0.00,0.00,0.00
Tink-a-Tako - Potranco,234,9/14/25 11:49 AM,1,Daniela Torres,,0.00,11.41,0.93,0.00,0.00
Tink-a-Tako - Potranco,236,9/14/25 11:50 AM,1,Daniela Torres,,0.00,19.03,1.57,1.00,0.00
Tink-a-Tako - Potranco,199,9/14/25 11:23 AM,1,Daniela Torres,,0.00,15.28,1.26,4.00,0.00
Tink-a-Tako - Potranco,239,9/14/25 11:53 AM,2,Esperansa Caviedes,25,0.00,16.60,1.36,2.00,0.00
Tink-a-Tako - Potranco,238,9/14/25 11:53 AM,2,Silvia Hernandez,18,0.00,28.35,2.33,0.00,0.00
Tink-a-Tako - Potranco,240,9/14/25 11:53 AM,2,Sergio Abundiz,11,0.00,24.06,1.97,3.00,0.00
Tink-a-Tako - Potranco,241,9/14/25 11:54 AM,1,Daniela Torres,,0.00,26.89,2.22,0.00,0.00
Tink-a-Tako - Potranco,244,9/14/25 11:56 AM,1,Ivana Abundiz,,0.00,10.98,0.91,0.00,0.00
Tink-a-Tako - Potranco,243,9/14/25 11:56 AM,1,Daniela Torres,,11.88,11.86,0.98,0.00,0.00
Tink-a-Tako - Potranco,242,9/14/25 11:55 AM,5,Juan  Camacho,1,0.00,83.53,6.88,0.00,0.00
Tink-a-Tako - Potranco,246,9/14/25 11:57 AM,1,Ivana Abundiz,,0.00,27.24,2.25,0.00,0.00
Tink-a-Tako - Potranco,248,9/14/25 11:58 AM,1,Daniela Torres,,0.00,12.15,1.00,1.00,0.00
Tink-a-Tako - Potranco,249,9/14/25 11:59 AM,1,Daniela Torres,,0.00,12.74,1.05,0.00,0.00
Tink-a-Tako - Potranco,250,9/14/25 12:01 PM,1,Daniela Torres,,0.00,21.23,1.75,0.00,0.00
Tink-a-Tako - Potranco,247,9/14/25 11:57 AM,3,Maria Majana,10,0.00,24.37,2.02,4.00,0.00
Tink-a-Tako - Potranco,251,9/14/25 12:03 PM,1,Daniela Torres,,0.00,23.59,1.94,0.00,0.00
Tink-a-Tako - Potranco,252,9/14/25 12:03 PM,4,Mayra Luna,40,0.00,66.13,5.44,13.23,0.00
Tink-a-Tako - Potranco,255,9/14/25 12:05 PM,1,Daniela Torres,,0.00,7.08,0.59,0.00,0.00
Tink-a-Tako - Potranco,253,9/14/25 12:04 PM,2,Esperansa Caviedes,4,0.00,28.95,2.40,0.00,0.00
Tink-a-Tako - Potranco,256,9/14/25 12:06 PM,1,Daniela Torres,,0.00,17.04,1.41,0.00,0.00
Tink-a-Tako - Potranco,258,9/14/25 12:06 PM,4,Silvia Hernandez,32,0.00,43.18,3.58,7.57,0.00
Tink-a-Tako - Potranco,259,9/14/25 12:07 PM,4,Sergio Abundiz,35,0.00,38.77,3.21,4.89,0.00
Tink-a-Tako - Potranco,237,9/14/25 11:52 AM,1,Daniela Torres,,0.00,12.96,1.07,0.00,0.00
Tink-a-Tako - Potranco,260,9/14/25 12:08 PM,4,Mayra Luna,9,0.00,77.40,6.37,5.00,0.00
Tink-a-Tako - Potranco,265,9/14/25 12:10 PM,1,Daniela Torres,,0.00,22.15,1.83,0.00,0.00
Tink-a-Tako - Potranco,268,9/14/25 12:13 PM,1,Ivana Abundiz,,0.00,10.99,0.91,0.00,0.00
Tink-a-Tako - Potranco,261,9/14/25 12:08 PM,1,Daniela Torres,,0.00,25.94,2.13,0.00,0.00
Tink-a-Tako - Potranco,267,9/14/25 12:10 PM,4,Maria Majana,36,0.00,33.86,2.78,5.08,0.00
Tink-a-Tako - Potranco,270,9/14/25 12:15 PM,1,Ivana Abundiz,,0.00,13.99,1.15,0.86,0.00
Tink-a-Tako - Potranco,269,9/14/25 12:13 PM,1,Daniela Torres,,0.00,17.55,1.45,0.00,0.00
Tink-a-Tako - Potranco,271,9/14/25 12:17 PM,1,Daniela Torres,,0.00,18.22,1.49,0.00,0.00
Tink-a-Tako - Potranco,272,9/14/25 12:17 PM,1,Ivana Abundiz,,0.00,32.26,2.66,0.00,0.00
Tink-a-Tako - Potranco,274,9/14/25 12:18 PM,5,Juan  Camacho,22,0.00,43.47,3.59,9.00,0.00
Tink-a-Tako - Potranco,273,9/14/25 12:17 PM,1,Daniela Torres,,0.00,8.16,0.68,0.00,0.00
Tink-a-Tako - Potranco,276,9/14/25 12:19 PM,1,Silvia Hernandez,16,0.00,11.99,0.99,2.00,0.00
Tink-a-Tako - Potranco,275,9/14/25 12:18 PM,1,Daniela Torres,,0.00,14.15,1.18,0.00,0.00
Tink-a-Tako - Potranco,279,9/14/25 12:21 PM,3,Silvia Hernandez,37,0.00,31.99,2.64,6.40,0.00
Tink-a-Tako - Potranco,277,9/14/25 12:19 PM,1,Daniela Torres,,0.00,18.89,1.56,0.00,0.00
Tink-a-Tako - Potranco,278,9/14/25 12:20 PM,1,Ivana Abundiz,,0.00,16.63,1.37,0.00,0.00
Tink-a-Tako - Potranco,283,9/14/25 12:24 PM,1,Ivana Abundiz,,0.00,9.68,0.80,0.00,0.00
Tink-a-Tako - Potranco,282,9/14/25 12:24 PM,6,Esperansa Caviedes,19,0.00,57.03,4.70,0.00,11.41
Tink-a-Tako - Potranco,285,9/14/25 12:25 PM,1,Ivana Abundiz,,0.00,6.90,0.56,0.00,0.00
Tink-a-Tako - Potranco,286,9/14/25 12:25 PM,1,Daniela Torres,,0.00,34.47,2.85,0.00,0.00
Tink-a-Tako - Potranco,287,9/14/25 12:27 PM,1,Daniela Torres,,0.00,11.99,0.99,2.00,0.00
Tink-a-Tako - Potranco,288,9/14/25 12:27 PM,1,Ivana Abundiz,,0.00,0.00,0.00,0.00,0.00
Tink-a-Tako - Potranco,284,9/14/25 12:25 PM,2,Maria Majana,25,0.00,20.84,1.72,6.77,0.00
Tink-a-Tako - Potranco,280,9/14/25 12:22 PM,1,Daniela Torres,,0.00,13.05,1.08,0.00,0.00
Tink-a-Tako - Potranco,289,9/14/25 12:28 PM,4,Mayra Luna,23,0.00,35.80,2.95,7.16,0.00
Tink-a-Tako - Potranco,291,9/14/25 12:31 PM,2,Esperansa Caviedes,17,0.00,59.71,4.92,5.00,0.00
Tink-a-Tako - Potranco,293,9/14/25 12:32 PM,2,Silvia Hernandez,7,0.00,23.68,1.95,0.00,0.00
Tink-a-Tako - Potranco,295,9/14/25 12:32 PM,4,Silvia Hernandez,24,0.00,54.88,4.52,9.00,0.00
Tink-a-Tako - Potranco,298,9/14/25 12:37 PM,1,Daniela Torres,,0.00,13.23,1.09,1.00,0.00
Tink-a-Tako - Potranco,299,9/14/25 12:37 PM,1,Daniela Torres,,0.00,7.84,0.64,0.00,0.00
Tink-a-Tako - Potranco,300,9/14/25 12:37 PM,3,Juan  Camacho,33,1.30,28.69,2.37,4.00,0.00
Tink-a-Tako - Potranco,302,9/14/25 12:37 PM,2,Rosie  ORDONEZ,8,0.00,19.01,1.56,0.00,0.00
Tink-a-Tako - Potranco,297,9/14/25 12:35 PM,4,Maria Majana,3,0.00,68.55,5.63,0.00,0.00
Tink-a-Tako - Potranco,304,9/14/25 12:40 PM,1,Daniela Torres,,0.00,3.58,0.30,0.00,0.00
Tink-a-Tako - Potranco,305,9/14/25 12:40 PM,1,Daniela Torres,,0.00,5.57,0.46,0.00,0.00
Tink-a-Tako - Potranco,307,9/14/25 12:42 PM,1,Daniela Torres,,0.00,13.56,1.12,0.00,0.00
Tink-a-Tako - Potranco,290,9/14/25 12:30 PM,1,Daniela Torres,,0.00,10.57,0.87,0.00,0.00
Tink-a-Tako - Potranco,310,9/14/25 12:46 PM,1,Daniela Torres,,0.00,4.28,0.36,0.00,0.00
Tink-a-Tako - Potranco,314,9/14/25 12:47 PM,1,Daniela Torres,,0.00,15.98,1.31,0.00,0.00
Tink-a-Tako - Potranco,318,9/14/25 12:51 PM,2,Silvia Hernandez,36,0.00,13.80,1.13,0.00,0.00
Tink-a-Tako - Potranco,320,9/14/25 12:52 PM,1,Daniela Torres,,0.00,7.47,0.62,0.00,0.00
Tink-a-Tako - Potranco,319,9/14/25 12:51 PM,7,Juan  Camacho,12,0.00,79.99,6.59,0.00,16.00
Tink-a-Tako - Potranco,322,9/14/25 12:57 PM,1,Daniela Torres,,0.00,17.14,1.41,0.00,0.00
Tink-a-Tako - Potranco,325,9/14/25 12:59 PM,1,Ivana Abundiz,,0.00,8.98,0.74,0.00,0.00
Tink-a-Tako - Potranco,308,9/14/25 12:43 PM,1,Daniela Torres,,0.00,20.24,1.66,0.00,0.00
Tink-a-Tako - Potranco,324,9/14/25 12:57 PM,1,Maria Majana,32,0.00,88.64,7.31,3.00,14.24
Tink-a-Tako - Potranco,326,9/14/25 1:01 PM,4,Silvia Hernandez,32,0.00,53.61,4.42,5.00,0.00
Tink-a-Tako - Potranco,328,9/14/25 1:05 PM,1,Mayra Luna,,0.00,0.00,0.00,0.00,0.00
Tink-a-Tako - Potranco,329,9/14/25 1:07 PM,1,Daniela Torres,,0.00,12.81,1.06,0.00,0.00
Tink-a-Tako - Potranco,333,9/14/25 1:10 PM,2,Silvia Hernandez,38,0.00,23.38,1.92,3.51,0.00
Tink-a-Tako - Potranco,334,9/14/25 1:10 PM,1,Esperansa Caviedes,37,0.00,9.37,0.77,0.00,0.00
Tink-a-Tako - Potranco,335,9/14/25 1:11 PM,1,Daniela Torres,,0.00,11.49,0.95,0.00,0.00
Tink-a-Tako - Potranco,338,9/14/25 1:12 PM,5,Juan  Camacho,9,0.00,59.38,4.89,0.00,0.00
Tink-a-Tako - Potranco,339,9/14/25 1:14 PM,1,Daniela Torres,,0.00,23.17,1.91,0.00,0.00
Tink-a-Tako - Potranco,337,9/14/25 1:12 PM,8,Sergio Abundiz,1,0.00,88.52,7.30,0.00,17.70
Tink-a-Tako - Potranco,340,9/14/25 1:17 PM,2,Esperansa Caviedes,33,0.00,39.51,3.27,0.00,0.00
Tink-a-Tako - Potranco,341,9/14/25 1:20 PM,1,Daniela Torres,,0.00,2.29,0.19,0.00,0.00
Tink-a-Tako - Potranco,327,9/14/25 1:02 PM,1,Daniela Torres,,0.00,5.24,0.43,0.00,0.00
Tink-a-Tako - Potranco,344,9/14/25 1:23 PM,1,Daniela Torres,,0.00,5.77,0.48,0.00,0.00
Tink-a-Tako - Potranco,345,9/14/25 1:23 PM,1,Daniela Torres,,0.00,10.55,0.86,1.00,0.00
Tink-a-Tako - Potranco,346,9/14/25 1:28 PM,1,Ivana Abundiz,,0.00,2.59,0.21,0.00,0.00
Tink-a-Tako - Potranco,347,9/14/25 1:28 PM,1,Maria Majana,23,0.00,17.73,1.46,3.00,0.00
Tink-a-Tako - Potranco,343,9/14/25 1:20 PM,1,Daniela Torres,,0.00,9.87,0.82,0.00,0.00
Tink-a-Tako - Potranco,349,9/14/25 1:35 PM,2,Esperansa Caviedes,25,0.00,31.68,2.61,3.00,0.00
Tink-a-Tako - Potranco,350,9/14/25 1:37 PM,5,Esperansa Caviedes,3,0.00,48.65,4.00,8.00,0.00
Tink-a-Tako - Potranco,348,9/14/25 1:35 PM,1,Daniela Torres,,0.00,15.46,1.27,0.00,0.00
Tink-a-Tako - Potranco,352,9/14/25 1:39 PM,10,Juan  Camacho,31,0.00,127.86,10.55,0.00,25.57
Tink-a-Tako - Potranco,351,9/14/25 1:39 PM,1,Daniela Torres,,0.00,11.55,0.95,0.00,0.00
Tink-a-Tako - Potranco,355,9/14/25 1:41 PM,1,Daniela Torres,,0.00,22.81,1.88,0.00,0.00
Tink-a-Tako - Potranco,357,9/14/25 1:44 PM,1,Daniela Torres,,0.00,13.88,1.15,0.00,0.00
Tink-a-Tako - Potranco,359,9/14/25 1:47 PM,1,Daniela Torres,,0.00,21.97,1.81,0.00,0.00
Tink-a-Tako - Potranco,360,9/14/25 1:50 PM,1,Daniela Torres,,0.00,11.47,0.94,0.00,0.00
Tink-a-Tako - Potranco,362,9/14/25 1:52 PM,1,Daniela Torres,,0.00,9.76,0.80,0.00,0.00
Tink-a-Tako - Potranco,361,9/14/25 1:52 PM,6,Sergio Abundiz,40,0.00,76.10,6.24,0.00,15.22
Tink-a-Tako - Potranco,365,9/14/25 1:54 PM,2,Silvia Hernandez,36,0.00,40.95,3.38,0.00,0.00
Tink-a-Tako - Potranco,366,9/14/25 1:55 PM,1,Ivana Abundiz,,0.00,11.57,0.96,0.00,0.00
Tink-a-Tako - Potranco,364,9/14/25 1:54 PM,1,Daniela Torres,,0.00,15.99,1.32,0.00,0.00
Tink-a-Tako - Potranco,368,9/14/25 1:58 PM,1,Daniela Torres,,0.00,12.62,1.03,0.00,0.00
Tink-a-Tako - Potranco,369,9/14/25 2:00 PM,1,Ivana Abundiz,,0.00,0.00,0.00,0.00,0.00
Tink-a-Tako - Potranco,370,9/14/25 2:01 PM,1,Daniela Torres,,0.00,18.48,1.53,0.00,0.00
Tink-a-Tako - Potranco,371,9/14/25 2:04 PM,2,Silvia Hernandez,24,0.00,22.93,1.88,8.00,0.00
Tink-a-Tako - Potranco,372,9/14/25 2:06 PM,5,Juan  Camacho,10,0.00,74.94,6.16,0.00,0.00
Tink-a-Tako - Potranco,373,9/14/25 2:07 PM,1,Daniela Torres,,0.00,17.62,1.45,0.00,0.00
Tink-a-Tako - Potranco,374,9/14/25 2:08 PM,2,Esperansa Caviedes,25,0.00,28.48,2.35,4.00,0.00
Tink-a-Tako - Potranco,375,9/14/25 2:09 PM,1,Ivana Abundiz,,0.00,29.53,2.43,0.00,0.00
Tink-a-Tako - Potranco,358,9/14/25 1:47 PM,1,Daniela Torres,,0.00,19.50,1.61,0.00,0.00
Tink-a-Tako - Potranco,380,9/14/25 2:21 PM,1,Daniela Torres,,0.00,45.40,3.74,0.00,0.00
Tink-a-Tako - Potranco,381,9/14/25 2:21 PM,1,Daniela Torres,,0.00,5.98,0.49,0.00,0.00
Tink-a-Tako - Potranco,383,9/14/25 2:25 PM,1,Sergio Abundiz,,0.00,2.99,0.25,0.00,0.00
Tink-a-Tako - Potranco,386,9/14/25 2:33 PM,1,Maria Majana,31,0.00,7.23,0.59,3.00,1.45
Tink-a-Tako - Potranco,388,9/14/25 2:41 PM,1,Ivana Abundiz,,0.00,6.00,0.50,0.00,0.00
Tink-a-Tako - Potranco,389,9/14/25 2:42 PM,2,Juan  Camacho,19,0.00,33.22,2.75,5.00,0.00
Tink-a-Tako - Potranco,390,9/14/25 2:46 PM,2,Juan  Camacho,36,0.00,19.55,1.61,2.93,0.00
Tink-a-Tako - Potranco,391,9/14/25 2:48 PM,2,Juan  Camacho,37,0.00,10.26,0.85,4.00,0.00
Tink-a-Tako - Potranco,392,9/14/25 2:55 PM,3,Juan  Camacho,38,0.00,11.25,0.92,6.00,0.00
Tink-a-Tako - Potranco,387,9/14/25 2:35 PM,1,Daniela Torres,,0.00,11.08,0.91,0.00,0.00
