,Location,Employee,Job Title,In Date,Shift Closed Date,Out Date,Hours,Cash Tips Decl.,Cash on Hand,Cash in Drawer,Non-Cash Tips,Cash Gratuity,Non-Cash Gratuity,Tips Withheld,Non-Cash Sales,Cash Sales,Total Sales,Cash Collected?,Tips Paid?,Open,Paid,Closed,Tip Share Total
800000029579759937,Tink-a-Tako - Potranco,Rosie  ORDONEZ,Shift Manager / Assistant Manager,9/14/25 6:43 AM,9/14/25 3:14 PM,9/14/25 3:29 PM,8.76,,35.65,0.00,20.00,0.00,0.00,0.00,100.84,35.65,136.49,yes,yes,0,0,5,0.00
800000029579835278,Tink-a-Tako - Potranco,Esperansa Caviedes,Server,9/14/25 6:56 AM,9/14/25 3:19 PM,9/14/25 3:19 PM,8.39,,127.70,0.00,83.87,0.00,11.41,0.00,740.31,127.70,868.01,yes,yes,0,0,30,0.00
800000029579917214,Tink-a-Tako - Potranco,Jose  Dominguez,Cook,9/14/25 7:08 AM,9/15/25 4:07 AM,9/14/25 4:00 PM,8.87,0.00,0.00,0.00,0.00,0.00,0.00,0.00,0.00,0.00,0.00,yes,yes,0,0,0,0.00
800000029580079498,Tink-a-Tako - Potranco,Sergio Abundiz,Server,9/14/25 7:26 AM,9/14/25 3:06 PM,9/14/25 4:29 PM,9.05,,0.00,0.00,66.63,0.00,69.03,0.00,824.04,0.00,824.04,yes,yes,0,0,24,0.00
800000029580083564,Tink-a-Tako - Potranco,Ivana Abundiz,Host,9/14/25 7:26 AM,9/14/25 3:03 PM,9/14/25 4:19 PM,8.88,,0.00,145.88,3.36,0.00,0.00,0.00,493.96,145.88,639.84,yes,yes,0,0,35,0.00
800000029580127447,Tink-a-Tako - Potranco,Daniela Torres,Drive-Thru,9/14/25 7:31 AM,9/14/25 3:02 PM,9/14/25 3:07 PM,7.61,,353.81,0.00,33.00,0.00,0.00,0.00,2027.93,353.81,2381.74,yes,yes,0,0,145,0.00
800000029580447812,Tink-a-Tako - Potranco,Maria Majana,Server,9/14/25 7:59 AM,9/14/25 3:06 PM,9/14/25 3:06 PM,7.13,,316.49,0.00,79.60,37.09,1.45,0.00,549.80,279.40,829.20,yes,yes,0,0,29,0.00
800000029580539210,Tink-a-Tako - Potranco,Silvia Hernandez,Server,9/14/25 8:05 AM,9/14/25 3:08 PM,9/14/25 3:08 PM,7.05,,186.51,0.00,87.42,0.00,0.00,0.00,709.89,186.51,896.40,yes,yes,0,0,32,0.00
800000029581722862,Tink-a-Tako - Potranco,Juan  Camacho,Server,9/14/25 9:04 AM,9/14/25 3:29 PM,9/14/25 4:30 PM,7.43,,141.89,0.00,98.93,8.92,64.72,0.00,902.87,132.97,1035.84,yes,yes,0,0,26,0.00
800000029581804014,Tink-a-Tako - Potranco,Jonathan Rueda,Busser,9/14/25 9:07 AM,9/14/25 3:25 PM,9/14/25 3:25 PM,6.30,,0.00,0.00,0.00,0.00,0.00,0.00,0.00,0.00,0.00,yes,yes,0,0,0,0.00
800000029581986757,Tink-a-Tako - Potranco,Jesus Calderon,Cook,9/14/25 9:14 AM,9/14/25 3:12 PM,9/14/25 3:12 PM,5.97,,0.00,0.00,0.00,0.00,0.00,0.00,0.00,0.00,0.00,yes,yes,0,0,0,0.00
800000029583899462,Tink-a-Tako - Potranco,Mayra Luna,Shift Manager / Assistant Manager,9/14/25 10:15 AM,9/14/25 3:24 PM,9/14/25 4:29 PM,6.24,,116.21,0.00,37.39,0.00,0.00,0.00,303.81,116.21,420.02,yes,yes,0,0,14,0.00
