Location,Server,Check #,Table,Station,Expediter Level,Fired Date,Fulfilled Date,Fulfillment Time,Fulfilled By
2919 Blanco Rd,Maria  Salazar,23,11,,1,10/20/25 6:55 AM,10/20/25 8:07 AM,"1 hour, 11 minutes and 44 seconds",AM CASHIER
2919 Blanco Rd,AM CASHIER,42,,,1,10/20/25 7:21 AM,10/20/25 8:07 AM,45 minutes and 37 seconds,AM CASHIER
2919 Blanco Rd,Maria  Salazar,2,17,,1,10/20/25 6:06 AM,10/20/25 8:07 AM,2 hours and 48 seconds,AM CASHIER
2919 Blanco Rd,AM CASHIER,30,,,1,10/20/25 7:08 AM,10/20/25 8:07 AM,58 minutes and 19 seconds,AM CASHIER
2919 Blanco Rd,Maria  Salazar,44,,,1,10/20/25 7:23 AM,10/20/25 8:07 AM,44 minutes and 10 seconds,AM CASHIER
2919 Blanco Rd,Maria  Salazar,48,18,,1,10/20/25 7:32 AM,10/20/25 8:07 AM,34 minutes and 38 seconds,AM CASHIER
2919 Blanco Rd,Maria  Salazar,20,19,,1,10/20/25 6:49 AM,10/20/25 8:07 AM,1 hour and 18 minutes,AM CASHIER
2919 Blanco Rd,Maria  Salazar,18,6,,1,10/20/25 6:45 AM,10/20/25 8:07 AM,"1 hour, 21 minutes and 51 seconds",AM CASHIER
2919 Blanco Rd,Maria  Salazar,18,6,,1,10/20/25 6:45 AM,10/20/25 8:07 AM,"1 hour, 21 minutes and 26 seconds",AM CASHIER
2919 Blanco Rd,Maria  Salazar,18,6,,1,10/20/25 6:52 AM,10/20/25 8:07 AM,"1 hour, 14 minutes and 17 seconds",AM CASHIER
2919 Blanco Rd,samantha lopez,81,4,,1,10/20/25 4:37 PM,10/20/25 5:41 PM,"1 hour, 3 minutes and 32 seconds",AM CASHIER
2919 Blanco Rd,samantha lopez,82,3,,1,10/20/25 4:37 PM,10/20/25 5:41 PM,"1 hour, 3 minutes and 18 seconds",AM CASHIER
2919 Blanco Rd,AM CASHIER,86,,,1,10/20/25 4:52 PM,10/20/25 5:41 PM,48 minutes and 11 seconds,AM CASHIER
2919 Blanco Rd,samantha lopez,83,15,,1,10/20/25 4:41 PM,10/20/25 5:41 PM,59 minutes and 32 seconds,AM CASHIER
2919 Blanco Rd,AM CASHIER,86,,,1,10/20/25 4:53 PM,10/20/25 5:41 PM,47 minutes and 32 seconds,AM CASHIER
2919 Blanco Rd,samantha lopez,94,5,,1,10/20/25 5:40 PM,10/20/25 6:05 PM,24 minutes and 23 seconds,AM CASHIER
2919 Blanco Rd,samantha lopez,96,15,,1,10/20/25 5:55 PM,10/20/25 6:41 PM,46 minutes and 6 seconds,AM CASHIER
2919 Blanco Rd,samantha lopez,97,20,,1,10/20/25 5:57 PM,10/20/25 6:41 PM,43 minutes and 53 seconds,AM CASHIER
2919 Blanco Rd,AM CASHIER,100,,,1,10/20/25 6:04 PM,10/20/25 6:41 PM,36 minutes and 54 seconds,AM CASHIER
2919 Blanco Rd,AM CASHIER,101,,,1,10/20/25 6:05 PM,10/20/25 6:41 PM,35 minutes and 42 seconds,AM CASHIER
2919 Blanco Rd,AM CASHIER,104,,,1,10/20/25 6:16 PM,10/20/25 6:41 PM,25 minutes and 34 seconds,AM CASHIER
2919 Blanco Rd,AM CASHIER,102,,,1,10/20/25 6:09 PM,10/20/25 6:41 PM,32 minutes and 28 seconds,AM CASHIER
2919 Blanco Rd,samantha lopez,107,5,,1,10/20/25 6:43 PM,10/20/25 7:15 PM,31 minutes and 33 seconds,AM CASHIER
2919 Blanco Rd,samantha lopez,97,20,,1,10/20/25 6:55 PM,10/20/25 7:15 PM,19 minutes and 28 seconds,AM CASHIER
2919 Blanco Rd,samantha lopez,110,3,,1,10/20/25 7:14 PM,10/20/25 7:51 PM,37 minutes and 25 seconds,AM CASHIER
2919 Blanco Rd,samantha lopez,96,15,,1,10/20/25 5:55 PM,10/20/25 7:51 PM,"1 hour, 56 minutes and 18 seconds",AM CASHIER
2919 Blanco Rd,samantha lopez,110,3,,1,10/20/25 7:45 PM,10/20/25 7:51 PM,6 minutes and 31 seconds,AM CASHIER
