Check #,Table,Payment Type,Server,Cashier,Tip,Amount,Cash Drawer,Date,Opened Date
3,,CASH,Melissa ,Melissa ,0.00,5.40,DRIVE THRU 1,8/29/25 6:31 AM,8/29/25 6:30 AM
4,,CREDIT,Sugey,Sugey,10.00,67.35,,8/29/25 6:33 AM,8/29/25 6:31 AM
1,,CREDIT,Melissa ,Melissa ,0.00,29.15,,8/29/25 6:36 AM,8/29/25 6:18 AM
5,,CREDIT,Melissa ,Melissa ,0.00,20.62,,8/29/25 6:37 AM,8/29/25 6:36 AM
7,,CREDIT,Melissa ,Melissa ,0.00,15.01,,8/29/25 6:40 AM,8/29/25 6:37 AM
8,,CREDIT,Melissa ,Melissa ,0.00,6.47,,8/29/25 6:49 AM,8/29/25 6:38 AM
9,,CREDIT,Melissa ,Melissa ,0.00,12.05,,8/29/25 6:54 AM,8/29/25 6:54 AM
10,,CASH,Melissa ,Melissa ,0.00,3.24,DRIVE THRU 1,8/29/25 6:59 AM,8/29/25 6:58 AM
11,,CREDIT,Melissa ,Melissa ,0.00,11.11,,8/29/25 7:02 AM,8/29/25 7:02 AM
12,,CREDIT,Melissa ,Melissa ,0.00,11.63,,8/29/25 7:04 AM,8/29/25 7:04 AM
13,,CASH,Melissa ,Melissa ,0.00,14.80,DRIVE THRU 1,8/29/25 7:10 AM,8/29/25 7:09 AM
14,,CASH,Melissa ,Melissa ,0.00,5.40,DRIVE THRU 1,8/29/25 7:10 AM,8/29/25 7:10 AM
16,,CASH,Melissa ,Melissa ,0.00,4.30,DRIVE THRU 1,8/29/25 7:15 AM,8/29/25 7:12 AM
22,,CREDIT,Melissa ,Melissa ,0.00,10.89,,8/29/25 7:18 AM,8/29/25 7:18 AM
24,,CREDIT,Melissa ,Melissa ,0.00,14.00,,8/29/25 7:20 AM,8/29/25 7:18 AM
23,,CREDIT,Melissa ,Melissa ,1.00,7.01,,8/29/25 7:22 AM,8/29/25 7:18 AM
25,,CREDIT,Melissa ,Melissa ,1.34,6.57,,8/29/25 7:27 AM,8/29/25 7:21 AM
26,,CASH,Melissa ,Melissa ,0.00,4.31,DRIVE THRU 1,8/29/25 7:28 AM,8/29/25 7:22 AM
27,,CREDIT,Melissa ,Melissa ,3.00,30.01,,8/29/25 7:30 AM,8/29/25 7:27 AM
29,,CASH,Melissa ,Melissa ,0.00,14.43,DRIVE THRU 1,8/29/25 7:32 AM,8/29/25 7:31 AM
19,,CREDIT,Sugey,Sugey,2.00,13.70,,8/29/25 7:33 AM,8/29/25 7:13 AM
18,31,CREDIT,Sugey,Sugey,0.00,11.86,,8/29/25 7:34 AM,8/29/25 7:13 AM
31,,CREDIT,Melissa ,Melissa ,0.00,18.78,,8/29/25 7:36 AM,8/29/25 7:36 AM
32,,CREDIT,Melissa ,Melissa ,0.00,33.67,,8/29/25 7:38 AM,8/29/25 7:38 AM
21,23,CREDIT,Lizbeth,Lizbeth,0.00,16.20,,8/29/25 7:40 AM,8/29/25 7:16 AM
34,,CASH,Melissa ,Melissa ,0.00,6.47,DRIVE THRU 1,8/29/25 7:42 AM,8/29/25 7:42 AM
28,,CREDIT,Sugey,Sugey,0.00,8.61,,8/29/25 7:45 AM,8/29/25 7:31 AM
35,,CREDIT,Melissa ,Melissa ,0.00,4.05,,8/29/25 7:47 AM,8/29/25 7:45 AM
36,,CREDIT,Melissa ,Melissa ,0.00,20.18,,8/29/25 7:49 AM,8/29/25 7:46 AM
37,,CREDIT,Melissa ,Melissa ,1.00,4.09,,8/29/25 7:50 AM,8/29/25 7:49 AM
40,,CREDIT,Melissa ,Melissa ,0.00,18.34,,8/29/25 8:04 AM,8/29/25 8:03 AM
42,,CREDIT,Melissa ,Melissa ,1.00,9.50,,8/29/25 8:06 AM,8/29/25 8:04 AM
43,,CREDIT,Melissa ,Melissa ,0.00,5.39,,8/29/25 8:07 AM,8/29/25 8:05 AM
44,,CASH,Melissa ,Melissa ,0.00,11.44,DRIVE THRU 1,8/29/25 8:09 AM,8/29/25 8:08 AM
47,,CREDIT,Lizbeth,Lizbeth,2.00,4.31,,8/29/25 8:10 AM,8/29/25 8:10 AM
45,,CREDIT,Melissa ,Melissa ,0.00,7.55,,8/29/25 8:11 AM,8/29/25 8:09 AM
49,,CREDIT,Melissa ,Melissa ,0.00,7.89,,8/29/25 8:12 AM,8/29/25 8:11 AM
51,,CREDIT,Sugey,Sugey,0.00,20.62,,8/29/25 8:13 AM,8/29/25 8:13 AM
52,,CREDIT,Melissa ,Melissa ,0.00,19.97,,8/29/25 8:17 AM,8/29/25 8:16 AM
53,,CREDIT,Melissa ,Melissa ,0.00,8.19,,8/29/25 8:18 AM,8/29/25 8:17 AM
54,,CREDIT,Melissa ,Melissa ,0.00,5.17,,8/29/25 8:23 AM,8/29/25 8:20 AM
39,25,CREDIT,Sugey,Sugey,5.00,28.75,,8/29/25 8:24 AM,8/29/25 7:54 AM
55,,CREDIT,Melissa ,Melissa ,0.00,5.39,,8/29/25 8:26 AM,8/29/25 8:23 AM
56,,CREDIT,Melissa ,Melissa ,0.00,15.74,,8/29/25 8:27 AM,8/29/25 8:23 AM
57,,CREDIT,Melissa ,Melissa ,0.00,3.88,,8/29/25 8:29 AM,8/29/25 8:24 AM
58,,CASH,Melissa ,Melissa ,0.00,24.72,DRIVE THRU 1,8/29/25 8:29 AM,8/29/25 8:25 AM
33,34,CREDIT,Sugey,Sugey,5.00,25.62,,8/29/25 8:30 AM,8/29/25 7:40 AM
59,,CREDIT,Melissa ,Melissa ,2.00,9.50,,8/29/25 8:37 AM,8/29/25 8:36 AM
46,14,CREDIT,Leticia,Leticia,5.00,18.11,,8/29/25 8:38 AM,8/29/25 8:09 AM
48,1,CREDIT,Lizbeth,Lizbeth,7.00,33.15,,8/29/25 8:38 AM,8/29/25 8:12 AM
60,,CREDIT,Melissa ,Melissa ,0.00,15.00,,8/29/25 8:39 AM,8/29/25 8:36 AM
62,,CREDIT,Melissa ,Melissa ,4.00,18.45,,8/29/25 8:41 AM,8/29/25 8:37 AM
63,,CREDIT,Melissa ,Melissa ,0.00,9.61,,8/29/25 8:45 AM,8/29/25 8:44 AM
61,18,CASH,Lizbeth,Lizbeth,0.00,8.96,,8/29/25 8:45 AM,8/29/25 8:37 AM
38,16,CREDIT,Lizbeth,Lizbeth,4.00,9.78,,8/29/25 8:46 AM,8/29/25 7:53 AM
65,,CREDIT,Melissa ,Melissa ,0.00,5.39,,8/29/25 8:47 AM,8/29/25 8:46 AM
66,,CREDIT,Melissa ,Melissa ,0.00,4.63,,8/29/25 8:51 AM,8/29/25 8:51 AM
67,,CREDIT,Melissa ,Melissa ,0.00,33.65,,8/29/25 8:54 AM,8/29/25 8:53 AM
64,,CREDIT,Leticia,Leticia,0.00,7.56,,8/29/25 8:55 AM,8/29/25 8:45 AM
70,,CASH,Melissa ,Melissa ,0.00,6.47,DRIVE THRU 1,8/29/25 8:59 AM,8/29/25 8:57 AM
72,,CREDIT,Melissa ,Melissa ,0.00,2.15,,8/29/25 9:02 AM,8/29/25 8:59 AM
73,,CREDIT,Melissa ,Melissa ,0.00,1.75,,8/29/25 9:03 AM,8/29/25 9:00 AM
74,,CREDIT,Melissa ,Melissa ,0.00,32.05,,8/29/25 9:04 AM,8/29/25 9:01 AM
76,,CREDIT,Melissa ,Melissa ,0.00,8.45,,8/29/25 9:09 AM,8/29/25 9:02 AM
,,TIP_OUT,Melissa ,Melissa ,-13.34,0.00,House,8/29/25 9:10 AM,8/29/25 9:10 AM
77,,CREDIT,Sugey,Sugey,2.00,11.95,,8/29/25 9:11 AM,8/29/25 9:11 AM
68,35,CREDIT,Sugey,Sugey,1.62,7.95,,8/29/25 9:15 AM,8/29/25 8:54 AM
78,,CREDIT,Sugey,Sugey,2.00,16.50,,8/29/25 9:16 AM,8/29/25 9:12 AM
69,,CREDIT,Sugey,Sugey,0.00,21.68,,8/29/25 9:17 AM,8/29/25 8:56 AM
71,25,CREDIT,Lizbeth,Lizbeth,10.00,26.53,,8/29/25 9:19 AM,8/29/25 9:00 AM
79,,CREDIT,Sugey,Sugey,0.00,6.90,,8/29/25 9:20 AM,8/29/25 9:14 AM
82,,CREDIT,Sugey,Sugey,5.00,23.40,,8/29/25 9:22 AM,8/29/25 9:19 AM
86,,CREDIT,Zoila,Zoila,0.00,58.46,,8/29/25 9:22 AM,8/29/25 9:22 AM
83,,CREDIT,Sugey,Sugey,1.00,14.65,,8/29/25 9:24 AM,8/29/25 9:21 AM
,,PAY_OUT,Zoila,,0.00,-58.46,House,8/29/25 9:25 AM,8/29/25 9:25 AM
85,,CREDIT,Sugey,Sugey,0.00,4.74,,8/29/25 9:27 AM,8/29/25 9:22 AM
30,,CREDIT,Leticia,Zoila,2.00,37.78,,8/29/25 9:27 AM,8/29/25 9:17 AM
89,,CREDIT,Sugey,Sugey,1.04,19.96,,8/29/25 9:29 AM,8/29/25 9:26 AM
90,,CREDIT,Sugey,Sugey,0.00,11.22,,8/29/25 9:30 AM,8/29/25 9:26 AM
92,,CREDIT,Sugey,Sugey,2.00,14.45,,8/29/25 9:34 AM,8/29/25 9:28 AM
94,,CREDIT,Sugey,Sugey,2.00,10.34,,8/29/25 9:37 AM,8/29/25 9:30 AM
97,,CREDIT,Zoila,Zoila,0.00,6.03,,8/29/25 9:38 AM,8/29/25 9:38 AM
95,,CREDIT,Sugey,Sugey,2.00,41.11,,8/29/25 9:40 AM,8/29/25 9:33 AM
75,12,CREDIT,Leticia,Zoila,6.00,35.59,,8/29/25 9:43 AM,8/29/25 9:03 AM
96,,CREDIT,Sugey,Sugey,2.00,20.09,,8/29/25 9:44 AM,8/29/25 9:37 AM
98,,CREDIT,Sugey,Sugey,2.00,20.82,,8/29/25 9:45 AM,8/29/25 9:38 AM
100,,CREDIT,Sugey,Sugey,1.00,8.84,,8/29/25 9:49 AM,8/29/25 9:48 AM
93,21,CREDIT,Lizbeth,Lizbeth,5.00,13.51,,8/29/25 9:54 AM,8/29/25 9:30 AM
80,4,CREDIT,Lizbeth,Lizbeth,5.36,64.64,,8/29/25 9:56 AM,8/29/25 9:17 AM
103,,CASH,Sugey,Sugey,0.00,13.49,,8/29/25 10:00 AM,8/29/25 9:58 AM
105,,CREDIT,Sugey,Sugey,0.00,9.82,,8/29/25 10:02 AM,8/29/25 9:58 AM
107,,CASH,Sugey,Sugey,0.00,5.72,,8/29/25 10:04 AM,8/29/25 10:01 AM
108,,CASH,Sugey,Sugey,0.00,20.08,,8/29/25 10:08 AM,8/29/25 10:02 AM
99,,CREDIT,Sugey,Sugey,4.00,41.16,,8/29/25 10:11 AM,8/29/25 9:48 AM
110,,CASH,Sugey,Sugey,0.00,13.27,,8/29/25 10:13 AM,8/29/25 10:06 AM
111,,CREDIT,Sugey,Sugey,0.00,9.26,,8/29/25 10:14 AM,8/29/25 10:07 AM
113,,CREDIT,Sugey,Sugey,0.00,16.41,,8/29/25 10:17 AM,8/29/25 10:10 AM
114,,CREDIT,Sugey,Sugey,2.00,25.16,,8/29/25 10:18 AM,8/29/25 10:14 AM
91,25,CREDIT,Lizbeth,Lizbeth,0.00,40.63,,8/29/25 10:20 AM,8/29/25 9:29 AM
115,,CREDIT,Sugey,Sugey,1.00,10.25,,8/29/25 10:20 AM,8/29/25 10:15 AM
116,,CASH,Sugey,Sugey,0.00,4.42,,8/29/25 10:21 AM,8/29/25 10:18 AM
84,15,CREDIT,Leticia,Leticia,0.00,56.11,,8/29/25 10:22 AM,8/29/25 9:21 AM
117,,CASH,Sugey,Sugey,0.00,9.71,,8/29/25 10:24 AM,8/29/25 10:20 AM
104,12,CREDIT,Adrian,Adrian,5.00,29.13,,8/29/25 10:24 AM,8/29/25 9:58 AM
118,,CREDIT,Sugey,Sugey,0.00,13.58,,8/29/25 10:26 AM,8/29/25 10:23 AM
120,,CASH,Sugey,Sugey,0.00,1.94,,8/29/25 10:28 AM,8/29/25 10:25 AM
106,14,CREDIT,Leticia,Leticia,10.00,38.55,,8/29/25 10:30 AM,8/29/25 10:00 AM
123,,CREDIT,Sugey,Sugey,0.00,18.74,,8/29/25 10:31 AM,8/29/25 10:30 AM
112,16,CREDIT,Adrian,Adrian,9.98,35.02,,8/29/25 10:32 AM,8/29/25 10:08 AM
124,,CREDIT,Sugey,Sugey,0.00,22.80,,8/29/25 10:34 AM,8/29/25 10:32 AM
109,18,CREDIT,Lizbeth,Lizbeth,4.00,20.29,,8/29/25 10:38 AM,8/29/25 10:03 AM
127,,CREDIT,Sugey,Sugey,0.00,21.26,,8/29/25 10:38 AM,8/29/25 10:37 AM
128,,CREDIT,Sugey,Sugey,1.00,7.23,,8/29/25 10:42 AM,8/29/25 10:38 AM
133,,CASH,Zoila,Zoila,0.00,8.62,Host Drawer,8/29/25 10:43 AM,8/29/25 10:43 AM
131,,CREDIT,Sugey,Sugey,1.00,14.05,,8/29/25 10:44 AM,8/29/25 10:40 AM
134,,CREDIT,Sugey,Sugey,0.00,13.04,,8/29/25 10:46 AM,8/29/25 10:43 AM
102,26,CASH,Leticia,Leticia,0.00,42.67,,8/29/25 10:58 AM,8/29/25 9:53 AM
121,21,CREDIT,Lizbeth,Lizbeth,5.00,30.26,,8/29/25 10:59 AM,8/29/25 10:29 AM
139,,CREDIT,Sugey,Sugey,0.29,12.71,,8/29/25 11:00 AM,8/29/25 10:55 AM
119,31,CREDIT,Leticia,Leticia,4.00,20.22,,8/29/25 11:01 AM,8/29/25 10:23 AM
144,31,CREDIT,Leticia,Leticia,5.03,16.97,,8/29/25 11:02 AM,8/29/25 10:57 AM
130,34,CREDIT,Adrian,Adrian,3.00,10.37,,8/29/25 11:03 AM,8/29/25 10:38 AM
122,4,CREDIT,Adrian,,6.00,47.06,,8/29/25 11:03 AM,8/29/25 10:31 AM
142,,CREDIT,Sugey,Sugey,2.00,4.64,,8/29/25 11:04 AM,8/29/25 10:56 AM
143,,CASH,Sugey,Sugey,0.00,6.04,,8/29/25 11:05 AM,8/29/25 10:57 AM
135,,CASH,Zoila,Zoila,0.00,15.12,Host Drawer,8/29/25 11:06 AM,8/29/25 10:47 AM
145,,CREDIT,Sugey,Sugey,0.00,7.13,,8/29/25 11:07 AM,8/29/25 11:02 AM
148,,CASH,Sugey,Sugey,0.00,43.84,,8/29/25 11:11 AM,8/29/25 11:07 AM
153,16,CREDIT,Leticia,Leticia,5.00,21.37,,8/29/25 11:15 AM,8/29/25 11:13 AM
146,16,CREDIT,Leticia,,2.23,12.07,,8/29/25 11:15 AM,8/29/25 11:04 AM
136,1,CREDIT,Lizbeth,Lizbeth,0.00,20.57,,8/29/25 11:15 AM,8/29/25 10:48 AM
138,22,CREDIT,Adrian,Adrian,10.00,30.81,,8/29/25 11:17 AM,8/29/25 10:49 AM
157,,CREDIT,Sugey,Sugey,0.00,12.30,,8/29/25 11:18 AM,8/29/25 11:17 AM
132,6,CREDIT,Leticia,Leticia,6.00,38.65,,8/29/25 11:22 AM,8/29/25 10:42 AM
155,,CREDIT,Sugey,Sugey,0.00,12.73,,8/29/25 11:22 AM,8/29/25 11:17 AM
159,,CREDIT,Sugey,Sugey,1.00,15.19,,8/29/25 11:24 AM,8/29/25 11:21 AM
151,17,CREDIT,Leticia,Leticia,4.00,12.85,,8/29/25 11:29 AM,8/29/25 11:09 AM
160,15,CREDIT,Lizbeth,Lizbeth,3.00,15.50,,8/29/25 11:31 AM,8/29/25 11:21 AM
163,,CREDIT,Sugey,Sugey,1.00,35.45,,8/29/25 11:34 AM,8/29/25 11:29 AM
126,23,CASH,Leticia,Leticia,0.00,8.20,,8/29/25 11:34 AM,8/29/25 10:36 AM
125,8,CREDIT,Lizbeth,Lizbeth,8.00,31.35,,8/29/25 11:34 AM,8/29/25 10:35 AM
166,,CASH,Sugey,Sugey,0.00,5.81,,8/29/25 11:35 AM,8/29/25 11:34 AM
168,,CREDIT,Sugey,Sugey,0.00,8.63,,8/29/25 11:38 AM,8/29/25 11:37 AM
152,20,CREDIT,Adrian,Adrian,5.00,16.10,,8/29/25 11:40 AM,8/29/25 11:09 AM
158,22,CREDIT,Adrian,Adrian,0.00,8.40,,8/29/25 11:42 AM,8/29/25 11:21 AM
154,14,CREDIT,Lizbeth,Lizbeth,5.00,46.30,,8/29/25 11:47 AM,8/29/25 11:15 AM
156,3,CREDIT,Leticia,Leticia,0.00,33.94,,8/29/25 11:49 AM,8/29/25 11:18 AM
149,2,CREDIT,Lizbeth,Lizbeth,5.00,35.39,,8/29/25 11:51 AM,8/29/25 11:07 AM
170,32,CREDIT,Leticia,Leticia,2.00,10.80,,8/29/25 11:57 AM,8/29/25 11:40 AM
173,,CREDIT,Sugey,Sugey,0.00,21.29,,8/29/25 11:58 AM,8/29/25 11:54 AM
147,12,CREDIT,Adrian,Adrian,10.00,31.63,,8/29/25 11:59 AM,8/29/25 11:06 AM
165,11,CREDIT,Leticia,Leticia,5.00,20.28,,8/29/25 12:01 PM,8/29/25 11:33 AM
140,29,CREDIT,Lizbeth,Lizbeth,6.00,34.32,,8/29/25 12:04 PM,8/29/25 10:55 AM
176,,CREDIT,Sugey,Sugey,0.00,22.87,,8/29/25 12:06 PM,8/29/25 12:03 PM
177,,CREDIT,Sugey,Sugey,0.00,20.67,,8/29/25 12:10 PM,8/29/25 12:08 PM
169,26,CREDIT,Lizbeth,,9.34,50.55,,8/29/25 12:15 PM,8/29/25 11:41 AM
182,,CREDIT,Sugey,Sugey,0.00,21.82,,8/29/25 12:19 PM,8/29/25 12:17 PM
172,18,CREDIT,Lizbeth,Lizbeth,10.00,26.78,,8/29/25 12:23 PM,8/29/25 11:55 AM
185,,CREDIT,Sugey,Sugey,0.00,15.89,,8/29/25 12:27 PM,8/29/25 12:27 PM
189,,CREDIT,Sugey,Sugey,0.00,15.31,,8/29/25 12:32 PM,8/29/25 12:31 PM
167,1,CASH,Adrian,Adrian,0.00,39.60,,8/29/25 12:33 PM,8/29/25 11:37 AM
194,,CREDIT,Sugey,Sugey,0.00,15.32,,8/29/25 12:39 PM,8/29/25 12:37 PM
187,,CREDIT,Zoila,Zoila,5.00,12.08,,8/29/25 12:42 PM,8/29/25 12:29 PM
192,,CASH,Adrian,Zoila,0.00,19.81,Host Drawer,8/29/25 12:42 PM,8/29/25 12:34 PM
184,16,CREDIT,Lizbeth,Lizbeth,0.00,21.60,,8/29/25 12:43 PM,8/29/25 12:24 PM
174,15,CREDIT,Leticia,Zoila,6.00,32.48,,8/29/25 12:46 PM,8/29/25 11:56 AM
179,27,CREDIT,Lizbeth,Lizbeth,10.00,35.67,,8/29/25 12:46 PM,8/29/25 12:13 PM
175,14,CREDIT,Adrian,Adrian,0.00,28.10,,8/29/25 12:50 PM,8/29/25 11:56 AM
181,23,CASH,Leticia,Leticia,0.00,19.96,,8/29/25 12:51 PM,8/29/25 12:13 PM
183,5,CREDIT,Leticia,Leticia,3.00,16.65,,8/29/25 12:53 PM,8/29/25 12:23 PM
200,,CREDIT,Sugey,Sugey,2.00,8.74,,8/29/25 12:57 PM,8/29/25 12:55 PM
188,21,CREDIT,Lizbeth,Lizbeth,10.00,15.63,,8/29/25 12:59 PM,8/29/25 12:30 PM
186,12,CREDIT,Adrian,Adrian,6.00,39.66,,8/29/25 1:00 PM,8/29/25 12:28 PM
203,,CREDIT,Zoila,Zoila,0.00,29.71,,8/29/25 1:02 PM,8/29/25 1:02 PM
171,34,CREDIT,Adrian,Adrian,12.10,87.32,,8/29/25 1:02 PM,8/29/25 11:47 AM
190,2,CREDIT,Leticia,Leticia,0.00,22.46,,8/29/25 1:02 PM,8/29/25 12:30 PM
206,,CREDIT,Sugey,Sugey,0.00,21.06,,8/29/25 1:07 PM,8/29/25 1:04 PM
208,,CREDIT,Sugey,Sugey,0.00,7.44,,8/29/25 1:09 PM,8/29/25 1:06 PM
210,3,CREDIT,Adrian,Adrian,0.00,7.87,,8/29/25 1:11 PM,8/29/25 1:10 PM
211,,CREDIT,Sugey,Sugey,2.00,23.79,,8/29/25 1:11 PM,8/29/25 1:11 PM
197,20,CREDIT,Lizbeth,Lizbeth,5.00,17.79,,8/29/25 1:13 PM,8/29/25 12:40 PM
204,20,CREDIT,Lizbeth,Lizbeth,5.00,12.98,,8/29/25 1:14 PM,8/29/25 1:02 PM
195,29,CREDIT,Leticia,,2.39,33.52,,8/29/25 1:19 PM,8/29/25 12:40 PM
191,1,CREDIT,Adrian,Adrian,5.00,27.57,,8/29/25 1:24 PM,8/29/25 12:34 PM
214,1,CREDIT,Adrian,Adrian,5.00,25.41,,8/29/25 1:24 PM,8/29/25 1:22 PM
217,,CASH,Sugey,Sugey,0.00,25.96,,8/29/25 1:28 PM,8/29/25 1:27 PM
199,4,CREDIT,Adrian,Adrian,5.39,29.19,,8/29/25 1:31 PM,8/29/25 12:54 PM
218,,CREDIT,Sugey,Sugey,0.00,6.69,,8/29/25 1:32 PM,8/29/25 1:28 PM
219,,CASH,Leticia,Leticia,0.00,12.98,,8/29/25 1:32 PM,8/29/25 1:32 PM
196,3,CASH,Adrian,Adrian,0.00,34.86,,8/29/25 1:38 PM,8/29/25 12:41 PM
209,3,CASH,Adrian,Adrian,0.00,12.21,,8/29/25 1:38 PM,8/29/25 1:10 PM
201,23,CREDIT,Lizbeth,Lizbeth,3.00,7.76,,8/29/25 1:40 PM,8/29/25 12:57 PM
198,10,CREDIT,Adrian,Adrian,4.00,32.50,,8/29/25 1:44 PM,8/29/25 12:50 PM
212,14,CREDIT,Lizbeth,Lizbeth,10.00,36.95,,8/29/25 1:46 PM,8/29/25 1:15 PM
202,5,CREDIT,Leticia,Leticia,3.00,34.85,,8/29/25 1:50 PM,8/29/25 1:00 PM
224,,CREDIT,Sugey,Sugey,0.00,10.91,,8/29/25 1:53 PM,8/29/25 1:53 PM
226,18,CREDIT,Leticia,Leticia,2.00,20.74,,8/29/25 2:02 PM,8/29/25 2:00 PM
213,18,CREDIT,Leticia,Leticia,0.00,21.63,,8/29/25 2:03 PM,8/29/25 1:16 PM
221,2,CREDIT,Lizbeth,,7.28,39.41,,8/29/25 2:11 PM,8/29/25 1:36 PM
228,,CREDIT,Sugey,Sugey,0.00,6.47,,8/29/25 2:12 PM,8/29/25 2:12 PM
220,12,CREDIT,Adrian,Adrian,10.00,40.56,,8/29/25 2:18 PM,8/29/25 1:36 PM
,,CASH_COLLECTED,Sugey,Sugey,0.00,150.28*,House,8/29/25 2:20 PM,8/29/25 2:20 PM
,,TIP_OUT,Sugey,Sugey,-62.95,0.00,House,8/29/25 2:20 PM,8/29/25 2:20 PM
222,3,CREDIT,Leticia,Leticia,8.00,37.26,,8/29/25 2:20 PM,8/29/25 1:42 PM
227,,CREDIT,Adrian,Adrian,0.00,14.90,,8/29/25 2:21 PM,8/29/25 2:04 PM
223,1,CREDIT,Adrian,Adrian,5.00,48.29,,8/29/25 2:24 PM,8/29/25 1:51 PM
,,CASH_COLLECTED,Leticia,Leticia,0.00,83.81*,House,8/29/25 2:33 PM,8/29/25 2:33 PM
,,TIP_OUT,Leticia,Leticia,-80.65,0.00,House,8/29/25 2:33 PM,8/29/25 2:33 PM
231,,CASH,Mario,Mario,0.00,24.74,DRIVE THRU 1,8/29/25 2:35 PM,8/29/25 2:34 PM
,,CASH_COLLECTED,Lizbeth,Lizbeth,0.00,8.96*,House,8/29/25 2:37 PM,8/29/25 2:37 PM
,,TIP_OUT,Lizbeth,Lizbeth,-138.98,0.00,House,8/29/25 2:37 PM,8/29/25 2:37 PM
225,,CREDIT,Adrian,Adrian,0.00,35.69,,8/29/25 2:38 PM,8/29/25 1:57 PM
207,15,CASH,Adrian,Adrian,0.00,41.07,,8/29/25 2:51 PM,8/29/25 1:06 PM
234,,CASH,Mario,Mario,0.00,9.72,DRIVE THRU 1,8/29/25 2:53 PM,8/29/25 2:52 PM
,,CASH_COLLECTED,Adrian,Adrian,0.00,127.74*,House,8/29/25 2:54 PM,8/29/25 2:54 PM
,,TIP_OUT,Adrian,Adrian,-101.47,0.00,House,8/29/25 2:54 PM,8/29/25 2:54 PM
236,,CREDIT,Mario,Mario,2.40,17.31,,8/29/25 2:55 PM,8/29/25 2:54 PM
237,,CREDIT,Adrian,Gabriel,0.00,17.30,,8/29/25 3:02 PM,8/29/25 3:00 PM
238,,CREDIT,Mario,Mario,0.00,6.78,,8/29/25 3:07 PM,8/29/25 3:07 PM
,,TIP_OUT,Zoila,Zoila,-5.00,0.00,House,8/29/25 3:17 PM,8/29/25 3:17 PM
232,14,CREDIT,Lisa,Lisa,5.00,34.01,,8/29/25 3:23 PM,8/29/25 2:51 PM
241,,CASH,Mario,Mario,0.00,11.43,DRIVE THRU 1,8/29/25 3:25 PM,8/29/25 3:24 PM
239,,CREDIT,Adrian,Adrian,3.00,42.17,,8/29/25 3:29 PM,8/29/25 3:14 PM
247,15,CREDIT,Adrian,Adrian,3.00,25.35,,8/29/25 3:38 PM,8/29/25 3:38 PM
245,,CASH,Mario,Mario,0.00,18.34,DRIVE THRU 1,8/29/25 3:39 PM,8/29/25 3:37 PM
233,15,CREDIT,Adrian,Adrian,5.29,28.64,,8/29/25 3:42 PM,8/29/25 2:53 PM
246,,CREDIT,Mario,Mario,0.00,14.05,,8/29/25 3:43 PM,8/29/25 3:38 PM
250,,CREDIT,Mario,Mario,0.00,5.40,,8/29/25 3:46 PM,8/29/25 3:46 PM
240,26,CREDIT,Emanuel,Emanuel,2.00,10.81,,8/29/25 3:52 PM,8/29/25 3:17 PM
252,,CREDIT,Mario,Mario,0.00,24.32,,8/29/25 3:57 PM,8/29/25 3:56 PM
,,PAY_OUT,Gabriel,,0.00,-17.00,Host Drawer,8/29/25 3:59 PM,8/29/25 3:59 PM
251,,CREDIT,Mario,Mario,7.22,39.09,,8/29/25 4:15 PM,8/29/25 4:15 PM
254,,CREDIT,Mario,Mario,0.79,3.88,,8/29/25 4:25 PM,8/29/25 4:20 PM
255,,CREDIT,Mario,Mario,2.81,13.82,,8/29/25 4:26 PM,8/29/25 4:21 PM
256,,CREDIT,Mario,Mario,0.00,10.37,,8/29/25 4:47 PM,8/29/25 4:47 PM
257,,CREDIT,Mario,Mario,1.00,17.84,,8/29/25 4:49 PM,8/29/25 4:47 PM
260,,CASH,Mario,Mario,0.00,17.30,DRIVE THRU 1,8/29/25 4:52 PM,8/29/25 4:52 PM
259,,CREDIT,Gabriel,Gabriel,2.00,3.88,,8/29/25 4:56 PM,8/29/25 4:48 PM
253,1,CREDIT,Adrian,Adrian,6.00,34.61,,8/29/25 5:01 PM,8/29/25 4:19 PM
249,11,CASH,Emanuel,Emanuel,0.00,8.65,,8/29/25 5:01 PM,8/29/25 3:44 PM
261,,CASH,Mario,Mario,0.00,7.57,DRIVE THRU 1,8/29/25 5:06 PM,8/29/25 5:06 PM
263,,CREDIT,Mario,Mario,0.00,36.67,,8/29/25 5:21 PM,8/29/25 5:21 PM
266,,CREDIT,Mario,Mario,0.00,4.32,,8/29/25 5:28 PM,8/29/25 5:27 PM
268,,CREDIT,Mia,Mia,5.91,54.09,,8/29/25 6:04 PM,8/29/25 5:50 PM
265,8,CREDIT,Lisa,Lisa,7.00,44.21,,8/29/25 6:10 PM,8/29/25 5:24 PM
267,,CREDIT,Mario,Mario,2.07,13.49,,8/29/25 6:12 PM,8/29/25 6:12 PM
276,,CREDIT,Mario,Mario,0.00,12.64,,8/29/25 6:20 PM,8/29/25 6:15 PM
275,14,CASH,Emanuel,Emanuel,0.00,13.39,,8/29/25 6:30 PM,8/29/25 6:12 PM
269,2,CREDIT,Emanuel,Emanuel,10.00,64.88,,8/29/25 6:32 PM,8/29/25 5:57 PM
284,,CREDIT,Mario,Mario,0.00,19.82,,8/29/25 6:33 PM,8/29/25 6:33 PM
248,,CREDIT,Mario,Mario,2.49,13.45,,8/29/25 6:41 PM,8/29/25 3:39 PM
274,23,CREDIT,Lisa,Lisa,9.28,44.72,,8/29/25 6:43 PM,8/29/25 6:10 PM
272,16,CREDIT,Adrian,Adrian,15.00,47.78,,8/29/25 6:45 PM,8/29/25 6:02 PM
285,,CASH,Mario,Mario,0.00,9.17,DRIVE THRU 1,8/29/25 6:45 PM,8/29/25 6:38 PM
286,,CREDIT,Mario,Mario,2.00,29.20,,8/29/25 6:46 PM,8/29/25 6:40 PM
273,21,CREDIT,Emanuel,Emanuel,0.00,79.25,,8/29/25 6:50 PM,8/29/25 6:04 PM
289,,CREDIT,Mario,Mario,2.00,18.70,,8/29/25 6:59 PM,8/29/25 6:58 PM
277,18,CREDIT,Emanuel,Emanuel,0.00,57.33,,8/29/25 7:02 PM,8/29/25 6:22 PM
282,5,CREDIT,Lisa,Lisa,5.00,40.76,,8/29/25 7:02 PM,8/29/25 6:23 PM
280,12,CREDIT,Adrian,Adrian,0.00,38.59,,8/29/25 7:07 PM,8/29/25 6:17 PM
271,37,CREDIT,Lisa,Lisa,30.00,177.78,,8/29/25 7:09 PM,8/29/25 5:59 PM
283,3,CREDIT,Adrian,Adrian,12.34,66.80,,8/29/25 7:12 PM,8/29/25 6:32 PM
292,,CREDIT,Mario,Mario,4.59,24.86,,8/29/25 7:13 PM,8/29/25 7:12 PM
298,,CREDIT,Mario,Mario,6.17,24.77,,8/29/25 7:22 PM,8/29/25 7:16 PM
288,1,CREDIT,Adrian,Adrian,8.28,44.82,,8/29/25 7:25 PM,8/29/25 6:43 PM
299,,CREDIT,Mario,Mario,1.80,12.98,,8/29/25 7:28 PM,8/29/25 7:17 PM
300,,CREDIT,Mario,Mario,6.55,35.45,,8/29/25 7:39 PM,8/29/25 7:39 PM
295,21,CREDIT,Lisa,Lisa,5.00,46.42,,8/29/25 7:51 PM,8/29/25 7:13 PM
305,,CREDIT,Mario,Mario,0.00,11.55,,8/29/25 7:52 PM,8/29/25 7:41 PM
306,,CREDIT,Mario,Mario,0.00,29.19,,8/29/25 7:53 PM,8/29/25 7:42 PM
293,4,CREDIT,Lisa,Lisa,10.00,85.71,,8/29/25 7:53 PM,8/29/25 7:08 PM
307,,CREDIT,Mario,Mario,0.00,12.00,,8/29/25 7:55 PM,8/29/25 7:45 PM
307,,CREDIT,Mario,Mario,0.00,2.46,,8/29/25 7:56 PM,8/29/25 7:45 PM
294,10,CREDIT,Emanuel,Emanuel,10.00,87.70,,8/29/25 8:09 PM,8/29/25 7:18 PM
308,,CREDIT,Mia,Mia,0.00,37.87,,8/29/25 8:12 PM,8/29/25 7:54 PM
297,16,CREDIT,Adrian,Adrian,3.70,26.67,,8/29/25 8:12 PM,8/29/25 7:16 PM
312,,CREDIT,Mario,Mario,2.82,20.32,,8/29/25 8:28 PM,8/29/25 8:27 PM
303,6,CASH,Lisa,Lisa,0.00,44.33,,8/29/25 8:31 PM,8/29/25 7:38 PM
310,,CREDIT,Mia,Mia,2.00,32.85,,8/29/25 8:31 PM,8/29/25 8:06 PM
301,25,CREDIT,Emanuel,Emanuel,23.00,112.90,,8/29/25 8:35 PM,8/29/25 7:47 PM
316,31,CREDIT,Adrian,Adrian,20.00,41.64,,8/29/25 8:40 PM,8/29/25 8:39 PM
314,31,CASH,Adrian,Adrian,0.00,138.93,,8/29/25 8:43 PM,8/29/25 8:39 PM
317,31,CREDIT,Adrian,Adrian,3.41,62.48,,8/29/25 8:43 PM,8/29/25 8:39 PM
318,31,CREDIT,Adrian,Adrian,10.00,92.92,,8/29/25 8:45 PM,8/29/25 8:39 PM
291,31,CREDIT,Adrian,Adrian,0.00,74.40,,8/29/25 8:46 PM,8/29/25 7:09 PM
311,20,CREDIT,Adrian,Adrian,12.39,67.05,,8/29/25 8:51 PM,8/29/25 8:07 PM
,,TIP_OUT,Gabriel,Gabriel,-2.00,0.00,House,8/29/25 8:56 PM,8/29/25 8:56 PM
,,TIP_OUT,Mario,Mario,-44.71,0.00,House,8/29/25 9:00 PM,8/29/25 9:00 PM
315,3,CREDIT,Lisa,,6.51,35.23,,8/29/25 9:10 PM,8/29/25 8:36 PM
270,15,CREDIT,Adrian,Adrian,8.00,38.25,,8/29/25 9:12 PM,8/29/25 5:55 PM
,,TIP_OUT,Mia,Mia,-7.91,0.00,House,8/29/25 9:14 PM,8/29/25 9:14 PM
319,2,CREDIT,Emanuel,Emanuel,6.39,34.60,,8/29/25 9:24 PM,8/29/25 8:52 PM
229,,CASH,Lisa,Lisa,0.00,5.87,,8/29/25 9:38 PM,8/29/25 2:16 PM
,,CASH_COLLECTED,Lisa,Lisa,0.00,50.20*,House,8/29/25 9:38 PM,8/29/25 9:38 PM
,,TIP_OUT,Lisa,Lisa,-77.79,0.00,House,8/29/25 9:38 PM,8/29/25 9:38 PM
,,CASH_COLLECTED,Emanuel,Emanuel,0.00,22.04*,House,8/29/25 9:42 PM,8/29/25 9:42 PM
,,TIP_OUT,Emanuel,Emanuel,-51.39,0.00,House,8/29/25 9:42 PM,8/29/25 9:42 PM
,,CASH_COLLECTED,Adrian,Adrian,0.00,138.93*,House,8/29/25 9:42 PM,8/29/25 9:42 PM
,,TIP_OUT,Adrian,Adrian,-174.40,0.00,House,8/29/25 9:42 PM,8/29/25 9:42 PM
,,TOTAL,,,-63.99,6582.50,,,
