Employee,Job Title,Regular Hours,Overtime Hours,Hourly Rate,Regular Pay,Overtime Pay,Total Pay,Net Sales,Declared Tips,Non-Cash Tips,Total Tips,Tips Withheld,Total Gratuity,Employee ID,Job Code,Location,Location Code
"Cabrera, Sugey",Server,9.9,0.0,3.00,29.70,0.00,29.70,1045.06,0.00,62.95,62.95,0.00,0.00,,,12060 Potranco Road,
"Cardenas, Salvador",Cook,5.52,3.23,15.00,82.80,72.68,155.48,0.00,,0.00,0.00,0.00,0.00,,,12060 Potranco Road,
"De los Santos, Mia",Host,4.36,0.0,12.00,52.32,0.00,52.32,115.31,0.00,7.91,7.91,0.00,0.00,,,12060 Potranco Road,
"Farias, Claudia",Cook,9.34,0.0,15.00,140.10,0.00,140.10,0.00,,0.00,0.00,0.00,0.00,,,12060 Potranco Road,
"GUTIERREZ, ERIC",Cook,7.04,0.0,16.00,112.64,0.00,112.64,0.00,,0.00,0.00,0.00,0.00,,,12060 Potranco Road,
"Garcia, Enriqueta",Chef,10.15,0.0,,,,,0.00,,0.00,0.00,0.00,0.00,,,12060 Potranco Road,
"Garcia, Lizbeth",Server,7.53,0.0,3.00,22.59,0.00,22.59,662.21,0.00,138.98,138.98,0.00,0.00,,,12060 Potranco Road,
"JOSSUETH, FRANLOD",Busser,6.13,0.0,13.00,79.69,0.00,79.69,0.00,,0.00,0.00,0.00,0.00,,,12060 Potranco Road,
"Jimenez, Mario",Driver,6.72,0.0,14.00,94.08,0.00,94.08,529.35,0.00,44.71,44.71,0.00,0.00,,,12060 Potranco Road,
"Lino Santana, David ",Prep,14.14,0.0,15.00,212.10,0.00,212.10,0.00,,0.00,0.00,0.00,0.00,,,12060 Potranco Road,
"Morales, Adrian",Server,12.04,0.0,3.00,36.12,0.00,36.12,1475.92,0.00,211.88,211.88,0.00,63.99,,,12060 Potranco Road,
"Roman, Leticia",Server,6.96,0.0,3.00,20.88,0.00,20.88,632.08,15.00,80.65,95.65,0.00,0.00,,,12060 Potranco Road,
"Salinas, Zoila",General Manager,8.09,0.0,,,,,120.12,,5.00,5.00,0.00,0.00,,,12060 Potranco Road,
"Sanchez, Emanuel",Server,7.56,0.0,3.00,22.68,0.00,22.68,433.77,5.00,51.39,56.39,0.00,0.00,,,12060 Potranco Road,
"Tovar , Gabriel",Shift Leader,7.06,0.0,,,,,3.58,,2.00,2.00,0.00,0.00,,,12060 Potranco Road,
"Urena, Melissa ",Host,3.1,0.0,12.00,37.20,0.00,37.20,557.87,0.00,13.34,13.34,0.00,0.00,,,12060 Potranco Road,
"Valderrama, Emmanuel",Prep,6.69,0.0,13.00,86.97,0.00,86.97,0.00,,0.00,0.00,0.00,0.00,,,12060 Potranco Road,
"Vega, Estela",Tortillera,9.17,0.0,15.00,137.55,0.00,137.55,0.00,,0.00,0.00,0.00,0.00,,,12060 Potranco Road,
"Velasquez, Lisa",Server,7.48,0.0,3.00,22.44,0.00,22.44,516.49,3.00,77.79,80.79,0.00,0.00,,,12060 Potranco Road,
"vanenzuela, felix",Cook,7.06,0.0,,,,,0.00,,0.00,0.00,0.00,0.00,,,12060 Potranco Road,
