,Location,Employee,Job Title,In Date,Shift Closed Date,Out Date,Hours,Cash Tips Decl.,Cash on Hand,Cash in Drawer,Non-Cash Tips,Cash Gratuity,Non-Cash Gratuity,Tips Withheld,Non-Cash Sales,Cash Sales,Total Sales,Cash Collected?,Tips Paid?,Open,Paid,Closed,Tip Share Total
800000027925508793,12060 Potranco Road,Sugey Cabrera,Server,8/4/25 6:04 AM,8/4/25 2:38 PM,8/4/25 2:42 PM,8.64,0.00,57.21,0.00,139.83,0.00,13.54,0.00,711.35,60.23,771.58,yes,yes,0,0,30,0.00
800000027925600840,12060 Potranco Road,Nadia Reyes,Driver,8/4/25 6:24 AM,8/4/25 2:09 PM,8/4/25 2:31 PM,8.12,0.00,0.00,156.08,84.86,0.00,0.00,0.00,949.42,156.08,1105.50,yes,yes,0,0,82,0.00
800000027925852185,12060 Potranco Road,Enriqueta Garcia,Chef,8/4/25 7:01 AM,8/4/25 3:43 PM,8/4/25 3:43 PM,8.70,,0.00,0.00,0.00,0.00,0.00,0.00,0.00,0.00,0.00,yes,yes,0,0,0,0.00
800000027926025983,12060 Potranco Road,Zoila Salinas,General Manager,8/4/25 7:19 AM,8/5/25 4:08 AM,8/5/25 4:00 AM,20.68,0.00,0.00,3.02,0.00,0.00,0.00,0.00,37.71,0.00,37.71,yes,yes,0,4,1,0.00
800000027926477766,12060 Potranco Road,Gabriel Tovar ,Server,8/4/25 7:57 AM,8/4/25 2:32 PM,8/4/25 2:33 PM,6.59,5.00,152.83,0.00,51.47,0.00,0.00,0.00,329.26,152.83,482.09,yes,yes,0,0,19,0.00
800000027926548385,12060 Potranco Road,Leticia Roman,Server,8/4/25 8:03 AM,8/4/25 2:34 PM,8/4/25 2:36 PM,6.55,15.00,23.19,0.00,66.96,0.00,0.00,0.00,545.46,23.19,568.65,yes,yes,0,0,21,0.00
800000027936043433,12060 Potranco Road,Lisa Velasquez,Server,8/4/25 1:48 PM,8/4/25 9:04 PM,8/4/25 9:04 PM,7.26,5.00,33.84,0.00,32.12,0.00,0.00,0.00,464.94,33.84,498.78,yes,yes,0,0,14,0.00
800000027936452865,12060 Potranco Road,Mario Jimenez,Driver,8/4/25 2:00 PM,8/4/25 8:59 PM,8/4/25 9:00 PM,6.99,0.00,0.00,21.63,28.72,0.00,0.00,0.00,498.20,21.63,519.83,yes,yes,0,0,22,0.00
800000027937307875,12060 Potranco Road,felix vanenzuela,Cook,8/4/25 2:26 PM,8/4/25 9:11 PM,8/4/25 9:11 PM,6.76,,0.00,0.00,0.00,0.00,0.00,0.00,0.00,0.00,0.00,yes,yes,0,0,0,0.00
800000027937636179,12060 Potranco Road,Candy Del Angel,Shift Manager / Assistant Manager,8/4/25 2:36 PM,8/4/25 8:58 PM,8/4/25 9:25 PM,6.82,,0.00,0.00,12.00,0.00,0.00,0.00,131.19,0.00,131.19,yes,yes,0,0,5,0.00
800000027943269427,12060 Potranco Road,Rosalinda Rodriguez,Server,8/4/25 5:16 PM,8/4/25 9:16 PM,8/4/25 9:18 PM,4.04,0.00,0.00,0.00,37.00,0.00,0.00,0.00,242.78,0.00,242.78,yes,yes,0,0,8,0.00
