Location,Order #,Opened Date,Server,Table,Discount Name,Discount Reason,Comment,Discount Amount
Sandra's Cuisine - Potranco - 12060 Potranco Road,190,9/16/25 4:07 PM,Mario Jimenez,,Open % Check,,,1.75
Sandra's Cuisine - Potranco - 12060 Potranco Road,187,9/16/25 3:33 PM,Lisa Velasquez,,Open % Item,,,1.80
Sandra's Cuisine - Potranco - 12060 Potranco Road,147,9/16/25 1:07 PM,Sugey Cabrera,2,Open % Item,,,1.30
Sandra's Cuisine - Potranco - 12060 Potranco Road,140,9/16/25 12:46 PM,Melissa  Urena,,Reward Dollars,,,5.90
Sandra's Cuisine - Potranco - 12060 Potranco Road,138,9/16/25 12:39 PM,Melissa  Urena,,Reward Dollars,,,4.99
Sandra's Cuisine - Potranco - 12060 Potranco Road,133,9/16/25 12:27 PM,Melissa  Urena,,Open % Check,,,1.00
Sandra's Cuisine - Potranco - 12060 Potranco Road,125,9/16/25 12:10 PM,Melissa  Urena,,Open % Item,,,1.40
Sandra's Cuisine - Potranco - 12060 Potranco Road,125,9/16/25 12:10 PM,Melissa  Urena,,Open % Item,,,1.40
Sandra's Cuisine - Potranco - 12060 Potranco Road,63,9/16/25 9:59 AM,Sugey Cabrera,,Employee Discount - Check,Employee Discount,Employee,10.56
