Order #,Opened Date,Void Date,Server,Approver,Item Name,Reason,Item Quantity,Total Price
50,9/16/25 9:23 AM,9/16/25 10:48 AM,Leticia Roman,Candy Del Angel,Small Menudo,Customer Changed Mind,1.0,9.99
50,9/16/25 9:23 AM,9/16/25 10:48 AM,Leticia Roman,Candy Del Angel,Lemonade,Customer Changed Mind,1.0,4.25
50,9/16/25 9:23 AM,9/16/25 10:48 AM,Leticia Roman,Candy Del Angel,Horchata,Customer Changed Mind,1.0,4.25
50,9/16/25 9:23 AM,9/16/25 10:48 AM,Leticia Roman,Candy Del Angel,Carne Guisada Taco,Customer Changed Mind,1.0,4.89
50,9/16/25 9:23 AM,9/16/25 10:48 AM,Leticia Roman,Candy Del Angel,Bean & Cheese Taco,Customer Changed Mind,1.0,3.29
50,9/16/25 9:23 AM,9/16/25 10:48 AM,Leticia Roman,Candy Del Angel,Chilaquiles Plate,Customer Changed Mind,1.0,9.99
209,9/16/25 5:39 PM,9/16/25 6:32 PM,Angelica  Mart�nez ,Gabriel Tovar ,Margarita Lg,Server Error,1.0,9.99
209,9/16/25 5:39 PM,9/16/25 6:32 PM,Angelica  Mart�nez ,Gabriel Tovar ,Margarita Lg,Server Error,1.0,9.99
