Location,Server,Check #,Table,Station,Expediter Level,Fired Date,Fulfilled Date,Fulfillment Time,Fulfilled By
2919 Blanco Rd,Sami Martinez ,9,,,1,8/15/25 6:23 AM,8/15/25 6:41 AM,17 minutes and 48 seconds,Cinthia Patlan
2919 Blanco Rd,Maria  Salazar,2,,,1,8/15/25 6:12 AM,8/15/25 6:41 AM,29 minutes and 2 seconds,Cinthia Patlan
2919 Blanco Rd,Sami Martinez ,30,19,,1,8/15/25 7:02 AM,8/15/25 7:09 AM,6 minutes and 55 seconds,Cinthia Patlan
2919 Blanco Rd,Sami Martinez ,30,19,,1,8/15/25 7:04 AM,8/15/25 7:09 AM,4 minutes and 58 seconds,Cinthia Patlan
2919 Blanco Rd,PM Cashier C,33,,,1,8/15/25 7:04 AM,8/15/25 7:23 AM,18 minutes and 42 seconds,Cinthia Patlan
2919 Blanco Rd,Martina Ovalle ,35,17,,1,8/15/25 7:07 AM,8/15/25 7:23 AM,16 minutes and 2 seconds,Cinthia Patlan
2919 Blanco Rd,Sami Martinez ,55,14,,1,8/15/25 7:38 AM,8/15/25 7:43 AM,5 minutes and 7 seconds,Cinthia Patlan
2919 Blanco Rd,Sami Martinez ,45,10,,1,8/15/25 7:25 AM,8/15/25 7:59 AM,33 minutes and 54 seconds,Cinthia Patlan
2919 Blanco Rd,AM CASHIER,42,,,1,8/15/25 7:23 AM,8/15/25 7:59 AM,35 minutes and 30 seconds,Cinthia Patlan
2919 Blanco Rd,Martina Ovalle ,51,5,,1,8/15/25 7:36 AM,8/15/25 7:59 AM,23 minutes and 18 seconds,Cinthia Patlan
2919 Blanco Rd,PM Cashier C,66,,,1,8/15/25 7:57 AM,8/15/25 8:15 AM,18 minutes and 25 seconds,Cinthia Patlan
2919 Blanco Rd,Sami Martinez ,79,8,,1,8/15/25 8:10 AM,8/15/25 8:15 AM,4 minutes and 49 seconds,Cinthia Patlan
2919 Blanco Rd,Sami Martinez ,73,15,,1,8/15/25 8:06 AM,8/15/25 8:15 AM,9 minutes and 9 seconds,Cinthia Patlan
2919 Blanco Rd,Martina Ovalle ,60,3,,1,8/15/25 7:49 AM,8/15/25 8:15 AM,26 minutes and 27 seconds,Cinthia Patlan
2919 Blanco Rd,Maria  Salazar,64,,,1,8/15/25 7:56 AM,8/15/25 8:15 AM,19 minutes and 32 seconds,Cinthia Patlan
2919 Blanco Rd,Maria  Salazar,76,,,1,8/15/25 8:07 AM,8/15/25 8:15 AM,8 minutes and 19 seconds,Cinthia Patlan
2919 Blanco Rd,Maria  Salazar,69,,,1,8/15/25 7:59 AM,8/15/25 8:15 AM,16 minutes,Cinthia Patlan
2919 Blanco Rd,Sami Martinez ,85,5,,1,8/15/25 8:13 AM,8/15/25 8:32 AM,18 minutes and 46 seconds,Cinthia Patlan
2919 Blanco Rd,Maria  Salazar,87,,,1,8/15/25 8:14 AM,8/15/25 8:32 AM,18 minutes and 3 seconds,Cinthia Patlan
2919 Blanco Rd,Maria  Salazar,88,,,1,8/15/25 8:16 AM,8/15/25 8:32 AM,16 minutes,Cinthia Patlan
2919 Blanco Rd,Maria  Salazar,102,,,1,8/15/25 8:28 AM,8/15/25 8:32 AM,4 minutes and 16 seconds,Cinthia Patlan
2919 Blanco Rd,Maria  Salazar,91,,,1,8/15/25 8:16 AM,8/15/25 8:32 AM,15 minutes and 56 seconds,Cinthia Patlan
2919 Blanco Rd,Maria  Salazar,111,,,1,8/15/25 8:35 AM,8/15/25 8:53 AM,18 minutes and 4 seconds,Cinthia Patlan
2919 Blanco Rd,Maria  Salazar,108,,,1,8/15/25 8:32 AM,8/15/25 8:53 AM,21 minutes and 20 seconds,Cinthia Patlan
2919 Blanco Rd,Sami Martinez ,116,6,,1,8/15/25 8:39 AM,8/15/25 8:56 AM,17 minutes and 23 seconds,Cinthia Patlan
2919 Blanco Rd,Maria  Salazar,122,,,1,8/15/25 8:44 AM,8/15/25 8:56 AM,12 minutes and 34 seconds,Cinthia Patlan
2919 Blanco Rd,Maria  Salazar,115,,,1,8/15/25 8:36 AM,8/15/25 8:56 AM,20 minutes and 16 seconds,Cinthia Patlan
2919 Blanco Rd,Maria  Salazar,119,,,1,8/15/25 8:39 AM,8/15/25 8:56 AM,17 minutes and 30 seconds,Cinthia Patlan
2919 Blanco Rd,Maria  Salazar,120,,,1,8/15/25 8:42 AM,8/15/25 8:56 AM,13 minutes and 57 seconds,Cinthia Patlan
2919 Blanco Rd,Martina Ovalle ,126,4,,1,8/15/25 8:51 AM,8/15/25 8:56 AM,4 minutes and 43 seconds,Cinthia Patlan
2919 Blanco Rd,Maria  Salazar,127,,,1,8/15/25 8:52 AM,8/15/25 9:06 AM,14 minutes and 46 seconds,Cinthia Patlan
2919 Blanco Rd,samantha lopez,114,,,1,8/15/25 8:50 AM,8/15/25 9:06 AM,16 minutes and 6 seconds,Cinthia Patlan
2919 Blanco Rd,Sami Martinez ,152,5,,1,8/15/25 8:55 AM,8/15/25 9:06 AM,11 minutes and 23 seconds,Cinthia Patlan
2919 Blanco Rd,Maria  Salazar,111,,,1,8/15/25 9:00 AM,8/15/25 9:06 AM,6 minutes and 5 seconds,Cinthia Patlan
2919 Blanco Rd,Maria  Salazar,141,,,1,8/15/25 9:11 AM,8/15/25 9:38 AM,26 minutes and 35 seconds,Cinthia Patlan
2919 Blanco Rd,Sami Martinez ,152,5,,1,8/15/25 9:24 AM,8/15/25 9:38 AM,14 minutes and 22 seconds,Cinthia Patlan
2919 Blanco Rd,samantha lopez,156,,,1,8/15/25 9:28 AM,8/15/25 9:38 AM,10 minutes and 30 seconds,Cinthia Patlan
2919 Blanco Rd,Sami Martinez ,159,3,,1,8/15/25 9:33 AM,8/15/25 9:44 AM,10 minutes and 34 seconds,Cinthia Patlan
2919 Blanco Rd,Martina Ovalle ,157,6,,1,8/15/25 9:29 AM,8/15/25 9:44 AM,14 minutes and 35 seconds,Cinthia Patlan
2919 Blanco Rd,Maria  Salazar,177,,,1,8/15/25 9:56 AM,8/15/25 10:04 AM,8 minutes and 14 seconds,Cinthia Patlan
2919 Blanco Rd,Sami Martinez ,170,4,,1,8/15/25 9:53 AM,8/15/25 10:04 AM,10 minutes and 41 seconds,Cinthia Patlan
2919 Blanco Rd,Martina Ovalle ,174,5,,1,8/15/25 9:51 AM,8/15/25 10:04 AM,13 minutes and 7 seconds,Cinthia Patlan
2919 Blanco Rd,Martina Ovalle ,161,19,,1,8/15/25 9:36 AM,8/15/25 10:04 AM,28 minutes and 12 seconds,Cinthia Patlan
2919 Blanco Rd,Martina Ovalle ,184,1,,1,8/15/25 10:16 AM,8/15/25 10:18 AM,1 minute and 12 seconds,Cinthia Patlan
2919 Blanco Rd,Sami Martinez ,180,7,,1,8/15/25 10:05 AM,8/15/25 10:17 AM,12 minutes and 51 seconds,Cinthia Patlan
2919 Blanco Rd,Martina Ovalle ,184,1,,1,8/15/25 10:07 AM,8/15/25 10:17 AM,10 minutes and 1 second,Cinthia Patlan
2919 Blanco Rd,Sami Martinez ,186,6,,1,8/15/25 10:12 AM,8/15/25 10:24 AM,11 minutes and 53 seconds,Cinthia Patlan
2919 Blanco Rd,Martina Ovalle ,188,8,,1,8/15/25 10:14 AM,8/15/25 10:24 AM,10 minutes and 7 seconds,Cinthia Patlan
2919 Blanco Rd,Sami Martinez ,190,25,,1,8/15/25 10:15 AM,8/15/25 10:28 AM,13 minutes and 14 seconds,Cinthia Patlan
2919 Blanco Rd,Maria  Salazar,196,,,1,8/15/25 10:26 AM,8/15/25 10:37 AM,10 minutes and 41 seconds,Cinthia Patlan
2919 Blanco Rd,Martina Ovalle ,201,3,,1,8/15/25 10:32 AM,8/15/25 10:37 AM,4 minutes and 46 seconds,Cinthia Patlan
2919 Blanco Rd,Sami Martinez ,197,5,,1,8/15/25 10:26 AM,8/15/25 10:37 AM,11 minutes and 4 seconds,Cinthia Patlan
2919 Blanco Rd,Martina Ovalle ,202,4,,1,8/15/25 10:29 AM,8/15/25 10:37 AM,8 minutes and 1 second,Cinthia Patlan
2919 Blanco Rd,Sami Martinez ,180,7,,1,8/15/25 10:36 AM,8/15/25 10:43 AM,7 minutes and 16 seconds,Cinthia Patlan
2919 Blanco Rd,Sami Martinez ,211,15,,1,8/15/25 10:39 AM,8/15/25 10:47 AM,7 minutes and 56 seconds,Cinthia Patlan
2919 Blanco Rd,Sami Martinez ,209,2,,1,8/15/25 10:38 AM,8/15/25 10:47 AM,8 minutes and 52 seconds,Cinthia Patlan
2919 Blanco Rd,Martina Ovalle ,212,22,,1,8/15/25 10:40 AM,8/15/25 10:47 AM,7 minutes and 10 seconds,Cinthia Patlan
2919 Blanco Rd,Martina Ovalle ,202,4,,1,8/15/25 10:40 AM,8/15/25 10:47 AM,6 minutes and 45 seconds,Cinthia Patlan
2919 Blanco Rd,Sami Martinez ,215,1,,1,8/15/25 10:42 AM,8/15/25 10:58 AM,15 minutes and 34 seconds,Cinthia Patlan
2919 Blanco Rd,Martina Ovalle ,208,17,,1,8/15/25 10:37 AM,8/15/25 10:58 AM,21 minutes and 18 seconds,Cinthia Patlan
2919 Blanco Rd,samantha lopez,220,,,1,8/15/25 10:49 AM,8/15/25 11:09 AM,20 minutes,Cinthia Patlan
2919 Blanco Rd,Maria  Salazar,227,,,1,8/15/25 10:57 AM,8/15/25 11:09 AM,11 minutes and 43 seconds,Cinthia Patlan
2919 Blanco Rd,Maria  Salazar,229,,,1,8/15/25 11:00 AM,8/15/25 11:09 AM,9 minutes and 15 seconds,Cinthia Patlan
2919 Blanco Rd,Sami Martinez ,215,1,,1,8/15/25 10:59 AM,8/15/25 11:09 AM,9 minutes and 30 seconds,Cinthia Patlan
2919 Blanco Rd,Sami Martinez ,230,6,,1,8/15/25 11:05 AM,8/15/25 11:09 AM,3 minutes and 59 seconds,Cinthia Patlan
2919 Blanco Rd,Martina Ovalle ,231,4,,1,8/15/25 11:07 AM,8/15/25 11:21 AM,14 minutes and 2 seconds,Cinthia Patlan
2919 Blanco Rd,Maria  Salazar,234,,,1,8/15/25 11:12 AM,8/15/25 11:21 AM,9 minutes and 8 seconds,Cinthia Patlan
2919 Blanco Rd,Sami Martinez ,237,11,,1,8/15/25 11:15 AM,8/15/25 11:51 AM,35 minutes and 18 seconds,Cinthia Patlan
2919 Blanco Rd,Martina Ovalle ,243,25,,1,8/15/25 11:30 AM,8/15/25 11:51 AM,20 minutes and 25 seconds,Cinthia Patlan
2919 Blanco Rd,Maria  Salazar,250,6,,1,8/15/25 11:40 AM,8/15/25 12:03 PM,22 minutes and 51 seconds,Cinthia Patlan
2919 Blanco Rd,Sami Martinez ,247,2,,1,8/15/25 11:39 AM,8/15/25 12:03 PM,23 minutes and 38 seconds,Cinthia Patlan
2919 Blanco Rd,Maria  Salazar,257,5,,1,8/15/25 11:51 AM,8/15/25 12:03 PM,12 minutes and 16 seconds,Cinthia Patlan
2919 Blanco Rd,Maria  Salazar,252,,,1,8/15/25 11:44 AM,8/15/25 12:03 PM,18 minutes and 44 seconds,Cinthia Patlan
2919 Blanco Rd,Maria  Salazar,254,,,1,8/15/25 11:47 AM,8/15/25 12:03 PM,16 minutes and 20 seconds,Cinthia Patlan
2919 Blanco Rd,Sami Martinez ,272,3,,1,8/15/25 12:16 PM,8/15/25 12:45 PM,28 minutes and 50 seconds,Cinthia Patlan
2919 Blanco Rd,samantha lopez,270,,,1,8/15/25 12:14 PM,8/15/25 12:45 PM,30 minutes and 48 seconds,Cinthia Patlan
2919 Blanco Rd,Maria  Salazar,274,,,1,8/15/25 12:21 PM,8/15/25 12:45 PM,24 minutes and 41 seconds,Cinthia Patlan
2919 Blanco Rd,Maria  Salazar,265,5,,1,8/15/25 12:15 PM,8/15/25 12:45 PM,30 minutes and 36 seconds,Cinthia Patlan
2919 Blanco Rd,Martina Ovalle ,261,4,,1,8/15/25 11:57 AM,8/15/25 12:45 PM,48 minutes and 17 seconds,Cinthia Patlan
2919 Blanco Rd,Maria  Salazar,267,,,1,8/15/25 12:07 PM,8/15/25 12:45 PM,38 minutes and 45 seconds,Cinthia Patlan
2919 Blanco Rd,Martina Ovalle ,279,16,,1,8/15/25 12:31 PM,8/15/25 12:45 PM,14 minutes and 34 seconds,Cinthia Patlan
2919 Blanco Rd,Sami Martinez ,269,25,,1,8/15/25 12:13 PM,8/15/25 12:45 PM,32 minutes and 16 seconds,Cinthia Patlan
2919 Blanco Rd,Sami Martinez ,262,7,,1,8/15/25 12:01 PM,8/15/25 12:45 PM,44 minutes and 21 seconds,Cinthia Patlan
2919 Blanco Rd,Maria  Salazar,284,19,,1,8/15/25 12:38 PM,8/15/25 12:45 PM,6 minutes and 55 seconds,Cinthia Patlan
2919 Blanco Rd,Martina Ovalle ,309,5,,1,8/15/25 1:36 PM,8/15/25 2:15 PM,39 minutes and 1 second,Cinthia Patlan
2919 Blanco Rd,Maria  Salazar,295,,,1,8/15/25 12:53 PM,8/15/25 2:15 PM,"1 hour, 21 minutes and 48 seconds",Cinthia Patlan
2919 Blanco Rd,Maria  Salazar,292,,,1,8/15/25 12:46 PM,8/15/25 2:15 PM,"1 hour, 29 minutes and 21 seconds",Cinthia Patlan
2919 Blanco Rd,Martina Ovalle ,314,,,1,8/15/25 1:58 PM,8/15/25 2:15 PM,17 minutes and 4 seconds,Cinthia Patlan
2919 Blanco Rd,Maria  Salazar,284,19,,1,8/15/25 1:10 PM,8/15/25 2:15 PM,"1 hour, 4 minutes and 39 seconds",Cinthia Patlan
2919 Blanco Rd,samantha lopez,299,,,1,8/15/25 1:02 PM,8/15/25 2:15 PM,"1 hour, 12 minutes and 53 seconds",Cinthia Patlan
2919 Blanco Rd,Maria  Salazar,293,,,1,8/15/25 12:47 PM,8/15/25 2:15 PM,"1 hour, 28 minutes and 19 seconds",Cinthia Patlan
2919 Blanco Rd,Martina Ovalle ,312,2,,1,8/15/25 1:40 PM,8/15/25 2:15 PM,34 minutes and 43 seconds,Cinthia Patlan
2919 Blanco Rd,Martina Ovalle ,327,,,1,8/15/25 2:59 PM,8/15/25 5:34 PM,"2 hours, 35 minutes and 19 seconds",Cinthia Patlan
2919 Blanco Rd,Martina Ovalle ,317,17,,1,8/15/25 2:03 PM,8/15/25 5:34 PM,"3 hours, 30 minutes and 40 seconds",Cinthia Patlan
2919 Blanco Rd,Martina Ovalle ,337,7,,1,8/15/25 3:57 PM,8/15/25 5:34 PM,"1 hour, 36 minutes and 27 seconds",Cinthia Patlan
2919 Blanco Rd,Martina Ovalle ,341,,,1,8/15/25 4:08 PM,8/15/25 5:34 PM,"1 hour, 25 minutes and 47 seconds",Cinthia Patlan
2919 Blanco Rd,Martina Ovalle ,342,12,,1,8/15/25 4:09 PM,8/15/25 5:34 PM,"1 hour, 24 minutes and 53 seconds",Cinthia Patlan
2919 Blanco Rd,samantha lopez,348,,,1,8/15/25 4:33 PM,8/15/25 5:34 PM,"1 hour, 1 minute and 15 seconds",Cinthia Patlan
2919 Blanco Rd,Martina Ovalle ,343,,,1,8/15/25 4:10 PM,8/15/25 5:34 PM,"1 hour, 23 minutes and 37 seconds",Cinthia Patlan
2919 Blanco Rd,Martina Ovalle ,337,7,,1,8/15/25 4:48 PM,8/15/25 5:34 PM,46 minutes and 26 seconds,Cinthia Patlan
2919 Blanco Rd,Martina Ovalle ,350,,,1,8/15/25 4:45 PM,8/15/25 5:34 PM,48 minutes and 30 seconds,Cinthia Patlan
2919 Blanco Rd,Martina Ovalle ,352,25,,1,8/15/25 4:53 PM,8/15/25 5:34 PM,41 minutes,Cinthia Patlan
2919 Blanco Rd,Martina Ovalle ,353,10,,1,8/15/25 5:04 PM,8/15/25 5:34 PM,29 minutes and 37 seconds,Cinthia Patlan
2919 Blanco Rd,Martina Ovalle ,354,18,,1,8/15/25 5:08 PM,8/15/25 5:34 PM,26 minutes and 18 seconds,Cinthia Patlan
2919 Blanco Rd,Martina Ovalle ,358,7,,1,8/15/25 5:38 PM,8/15/25 6:36 PM,57 minutes and 31 seconds,Cinthia Patlan
2919 Blanco Rd,Martina Ovalle ,357,19,,1,8/15/25 5:35 PM,8/15/25 6:36 PM,1 hour and 26 seconds,Cinthia Patlan
2919 Blanco Rd,Martina Ovalle ,359,4,,1,8/15/25 5:46 PM,8/15/25 6:36 PM,49 minutes and 59 seconds,Cinthia Patlan
2919 Blanco Rd,Martina Ovalle ,362,10,,1,8/15/25 6:03 PM,8/15/25 6:36 PM,32 minutes and 40 seconds,Cinthia Patlan
2919 Blanco Rd,Martina Ovalle ,365,3,,1,8/15/25 6:09 PM,8/15/25 6:36 PM,26 minutes and 34 seconds,Cinthia Patlan
2919 Blanco Rd,Martina Ovalle ,368,5,,1,8/15/25 6:28 PM,8/15/25 8:22 PM,"1 hour, 54 minutes and 31 seconds",Cinthia Patlan
2919 Blanco Rd,Martina Ovalle ,365,3,,1,8/15/25 6:51 PM,8/15/25 8:23 PM,"1 hour, 31 minutes and 3 seconds",Cinthia Patlan
2919 Blanco Rd,Martina Ovalle ,372,,,1,8/15/25 7:40 PM,8/15/25 8:23 PM,42 minutes and 23 seconds,Cinthia Patlan
2919 Blanco Rd,Martina Ovalle ,371,,,1,8/15/25 7:14 PM,8/15/25 8:23 PM,"1 hour, 8 minutes and 38 seconds",Cinthia Patlan
