Employee,Job Title,In Date,Out Date,Auto Clock-out,Total Hours,Unpaid Break Time,Paid Break Time,Payable Hours
"Hernandez, Celinda",Cook,8/15/25 5:07 AM,8/15/25 1:53 PM,No,8.77,0.00,0.00,8.77
"Villalobos , Veronica ",Cook,8/15/25 5:35 AM,8/15/25 2:03 PM,No,8.47,0.00,0.00,8.47
"Salazar, Maria ",Shift Manager / Assistant Manager,8/15/25 5:48 AM,8/15/25 3:07 PM,No,9.31,0.00,0.00,9.31
"C, PM Cashier",Cashier,8/15/25 5:50 AM,8/15/25 11:03 AM,No,5.22,0.00,0.00,5.22
"Pena , Vilma",Cook,8/15/25 5:53 AM,8/15/25 2:04 PM,No,8.19,0.00,0.00,8.19
"Martinez , Sami",Server,8/15/25 6:13 AM,8/15/25 1:51 PM,No,7.64,0.00,0.00,7.64
"Ovalle , Martina",Server,8/15/25 7:01 AM,8/15/25 1:27 PM,No,6.43,0.00,0.00,6.43
"Hernandez, Fidelia ",Cook,8/15/25 7:13 AM,8/15/25 2:03 PM,No,6.84,0.00,0.00,6.84
"lopez, samantha",Drive-Thru,8/15/25 8:10 AM,8/15/25 1:17 PM,No,5.12,0.00,0.00,5.12
"lopez, samantha",Drive-Thru,8/15/25 1:17 PM,8/15/25 9:16 PM,No,7.98,0.00,0.00,7.98
"Ovalle , Martina",Server,8/15/25 1:27 PM,8/15/25 9:23 PM,No,7.93,0.00,0.00,7.93
"santander, yerlinson",Cook,8/15/25 2:02 PM,8/15/25 9:47 PM,No,7.76,0.00,0.00,7.76
"Melendez, Ninoska",Tortillero/a,8/15/25 2:03 PM,8/15/25 9:48 PM,No,7.74,0.00,0.00,7.74
