Order #,Opened Date,Void Date,Server,Approver,Item Name,Reason,Item Quantity,Total Price
257,8/15/25 11:48 AM,8/15/25 1:24 PM,Maria  Salazar,Maria  Salazar,Sweet Tea,Server Error,1.0,3.45
257,8/15/25 11:48 AM,8/15/25 1:24 PM,Maria  Salazar,Maria  Salazar,To-Go Cup/ Plate,Server Error,1.0,0.35
257,8/15/25 11:48 AM,8/15/25 1:24 PM,Maria  Salazar,Maria  Salazar,To-Go Cup/ Plate,Server Error,1.0,0.35
257,8/15/25 11:48 AM,8/15/25 1:24 PM,Maria  Salazar,Maria  Salazar,Sweet Tea,Server Error,1.0,3.45
257,8/15/25 11:48 AM,8/15/25 1:24 PM,Maria  Salazar,Maria  Salazar,Unsweet Tea,Server Error,1.0,3.45
295,8/15/25 12:52 PM,8/15/25 1:28 PM,Maria  Salazar,Maria  Salazar,Crispy Chich w/Egg,Customer Changed Mind,2.0,15.90
295,8/15/25 12:52 PM,8/15/25 1:28 PM,Maria  Salazar,Maria  Salazar,Coffee?. ,Customer Changed Mind,1.0,2.75
