Location,Server,Check #,Table,Station,Expediter Level,Fired Date,Fulfilled Date,Fulfillment Time,Fulfilled By
2919 Blanco Rd,Martina Ovalle ,8,13,,1,8/30/25 6:40 AM,8/30/25 7:37 AM,57 minutes and 39 seconds,Cinthia Patlan
2919 Blanco Rd,Cinthia Patlan,2,,,1,8/30/25 6:09 AM,8/30/25 7:37 AM,"1 hour, 28 minutes and 37 seconds",Cinthia Patlan
2919 Blanco Rd,Cinthia Patlan,9,,,1,8/30/25 7:02 AM,8/30/25 7:37 AM,35 minutes and 10 seconds,Cinthia Patlan
2919 Blanco Rd,Martina Ovalle ,18,18,,1,8/30/25 7:23 AM,8/30/25 7:37 AM,13 minutes and 52 seconds,Cinthia Patlan
2919 Blanco Rd,AM CASHIER,13,,,1,8/30/25 7:15 AM,8/30/25 7:37 AM,22 minutes and 23 seconds,Cinthia Patlan
2919 Blanco Rd,AM CASHIER,23,,,1,8/30/25 7:41 AM,8/30/25 8:26 AM,44 minutes and 53 seconds,Cinthia Patlan
2919 Blanco Rd,AM CASHIER,26,,,1,8/30/25 7:48 AM,8/30/25 8:26 AM,37 minutes and 54 seconds,Cinthia Patlan
2919 Blanco Rd,AM CASHIER,35,,,1,8/30/25 8:08 AM,8/30/25 8:26 AM,17 minutes and 55 seconds,Cinthia Patlan
2919 Blanco Rd,AM CASHIER,36,,,1,8/30/25 8:17 AM,8/30/25 8:26 AM,8 minutes and 41 seconds,Cinthia Patlan
2919 Blanco Rd,Martina Ovalle ,19,3,,1,8/30/25 7:25 AM,8/30/25 8:26 AM,1 hour and 21 seconds,Cinthia Patlan
2919 Blanco Rd,samantha lopez,53,14,,1,8/30/25 8:43 AM,8/30/25 8:56 AM,12 minutes and 59 seconds,Cinthia Patlan
2919 Blanco Rd,samantha lopez,40,7,,1,8/30/25 8:24 AM,8/30/25 8:56 AM,31 minutes and 30 seconds,Cinthia Patlan
2919 Blanco Rd,AM CASHIER,54,,,1,8/30/25 8:43 AM,8/30/25 8:56 AM,12 minutes and 9 seconds,Cinthia Patlan
2919 Blanco Rd,samantha lopez,47,8,,1,8/30/25 8:35 AM,8/30/25 8:56 AM,20 minutes and 52 seconds,Cinthia Patlan
2919 Blanco Rd,samantha lopez,49,5,,1,8/30/25 8:39 AM,8/30/25 8:56 AM,16 minutes and 12 seconds,Cinthia Patlan
2919 Blanco Rd,AM CASHIER,37,,,1,8/30/25 8:34 AM,8/30/25 8:56 AM,22 minutes and 4 seconds,Cinthia Patlan
2919 Blanco Rd,samantha lopez,61,18,,1,8/30/25 8:50 AM,8/30/25 9:28 AM,37 minutes and 54 seconds,Cinthia Patlan
2919 Blanco Rd,samantha lopez,49,5,,1,8/30/25 8:53 AM,8/30/25 9:28 AM,35 minutes and 22 seconds,Cinthia Patlan
2919 Blanco Rd,AM CASHIER,65,,,1,8/30/25 8:53 AM,8/30/25 9:28 AM,35 minutes and 4 seconds,Cinthia Patlan
2919 Blanco Rd,samantha lopez,84,6,,1,8/30/25 9:25 AM,8/30/25 9:33 AM,7 minutes and 55 seconds,Cinthia Patlan
2919 Blanco Rd,Eduardo  Franco ,85,19,,1,8/30/25 9:28 AM,8/30/25 10:07 AM,39 minutes and 18 seconds,Cinthia Patlan
2919 Blanco Rd,Cinthia Patlan,82,,,1,8/30/25 9:26 AM,8/30/25 10:07 AM,41 minutes and 26 seconds,Cinthia Patlan
2919 Blanco Rd,AM CASHIER,87,,,1,8/30/25 9:29 AM,8/30/25 10:07 AM,37 minutes and 58 seconds,Cinthia Patlan
2919 Blanco Rd,samantha lopez,94,4,,1,8/30/25 9:43 AM,8/30/25 10:07 AM,24 minutes and 13 seconds,Cinthia Patlan
2919 Blanco Rd,samantha lopez,94,4,,1,8/30/25 9:43 AM,8/30/25 10:30 AM,46 minutes and 11 seconds,Cinthia Patlan
2919 Blanco Rd,samantha lopez,104,13,,1,8/30/25 10:02 AM,8/30/25 10:30 AM,27 minutes and 54 seconds,Cinthia Patlan
2919 Blanco Rd,Eduardo  Franco ,103,7,,1,8/30/25 10:04 AM,8/30/25 10:30 AM,25 minutes and 52 seconds,Cinthia Patlan
2919 Blanco Rd,samantha lopez,110,5,,1,8/30/25 10:13 AM,8/30/25 10:30 AM,16 minutes and 29 seconds,Cinthia Patlan
2919 Blanco Rd,Eduardo  Franco ,105,8,,1,8/30/25 10:05 AM,8/30/25 10:30 AM,25 minutes and 10 seconds,Cinthia Patlan
2919 Blanco Rd,AM CASHIER,114,,,1,8/30/25 10:21 AM,8/30/25 10:31 AM,10 minutes and 4 seconds,Cinthia Patlan
2919 Blanco Rd,Eduardo  Franco ,115,2,,1,8/30/25 10:23 AM,8/30/25 10:31 AM,8 minutes and 20 seconds,Cinthia Patlan
2919 Blanco Rd,Cinthia Patlan,120,,,1,8/30/25 10:26 AM,8/30/25 10:41 AM,14 minutes and 57 seconds,Cinthia Patlan
2919 Blanco Rd,AM CASHIER,118,,,1,8/30/25 10:25 AM,8/30/25 10:41 AM,16 minutes,Cinthia Patlan
2919 Blanco Rd,AM CASHIER,123,,,1,8/30/25 10:30 AM,8/30/25 10:41 AM,11 minutes and 25 seconds,Cinthia Patlan
2919 Blanco Rd,samantha lopez,104,13,,1,8/30/25 10:36 AM,8/30/25 10:41 AM,5 minutes and 23 seconds,Cinthia Patlan
2919 Blanco Rd,AM CASHIER,132,,,1,8/30/25 10:38 AM,8/30/25 10:51 AM,13 minutes and 51 seconds,Cinthia Patlan
2919 Blanco Rd,AM CASHIER,124,,,1,8/30/25 10:31 AM,8/30/25 10:51 AM,19 minutes and 48 seconds,Cinthia Patlan
2919 Blanco Rd,samantha lopez,129,1,,1,8/30/25 10:35 AM,8/30/25 10:51 AM,16 minutes and 5 seconds,Cinthia Patlan
2919 Blanco Rd,Eduardo  Franco ,130,6,,1,8/30/25 10:37 AM,8/30/25 10:51 AM,14 minutes and 8 seconds,Cinthia Patlan
2919 Blanco Rd,samantha lopez,129,1,,1,8/30/25 10:49 AM,8/30/25 10:51 AM,2 minutes and 16 seconds,Cinthia Patlan
2919 Blanco Rd,samantha lopez,129,1,,1,8/30/25 11:01 AM,8/30/25 11:15 AM,14 minutes and 8 seconds,Cinthia Patlan
2919 Blanco Rd,Eduardo  Franco ,144,4,,1,8/30/25 11:02 AM,8/30/25 11:15 AM,12 minutes and 35 seconds,Cinthia Patlan
2919 Blanco Rd,samantha lopez,147,3,,1,8/30/25 11:05 AM,8/30/25 11:15 AM,10 minutes and 15 seconds,Cinthia Patlan
2919 Blanco Rd,samantha lopez,152,5,,1,8/30/25 11:12 AM,8/30/25 11:15 AM,3 minutes and 25 seconds,Cinthia Patlan
2919 Blanco Rd,AM CASHIER,155,,,1,8/30/25 11:15 AM,8/30/25 11:28 AM,12 minutes and 55 seconds,Cinthia Patlan
2919 Blanco Rd,AM CASHIER,150,,,1,8/30/25 11:10 AM,8/30/25 11:28 AM,17 minutes and 43 seconds,Cinthia Patlan
2919 Blanco Rd,Eduardo  Franco ,156,15,,1,8/30/25 11:21 AM,8/30/25 11:28 AM,6 minutes and 49 seconds,Cinthia Patlan
2919 Blanco Rd,Eduardo  Franco ,157,7,,1,8/30/25 11:22 AM,8/30/25 11:28 AM,6 minutes and 28 seconds,Cinthia Patlan
2919 Blanco Rd,Eduardo  Franco ,157,7,,1,8/30/25 11:23 AM,8/30/25 11:35 AM,11 minutes and 11 seconds,Cinthia Patlan
2919 Blanco Rd,Eduardo  Franco ,158,8,,1,8/30/25 11:25 AM,8/30/25 11:35 AM,9 minutes and 51 seconds,Cinthia Patlan
2919 Blanco Rd,samantha lopez,159,19,,1,8/30/25 11:29 AM,8/30/25 11:49 AM,19 minutes and 44 seconds,Cinthia Patlan
2919 Blanco Rd,samantha lopez,162,22,,1,8/30/25 11:31 AM,8/30/25 11:49 AM,17 minutes and 54 seconds,Cinthia Patlan
2919 Blanco Rd,samantha lopez,159,19,,1,8/30/25 11:39 AM,8/30/25 11:49 AM,9 minutes and 12 seconds,Cinthia Patlan
2919 Blanco Rd,samantha lopez,169,16,,1,8/30/25 11:43 AM,8/30/25 11:57 AM,13 minutes and 20 seconds,Cinthia Patlan
2919 Blanco Rd,AM CASHIER,175,,,1,8/30/25 11:46 AM,8/30/25 11:57 AM,10 minutes and 48 seconds,Cinthia Patlan
2919 Blanco Rd,samantha lopez,179,13,,1,8/30/25 11:51 AM,8/30/25 11:57 AM,5 minutes and 51 seconds,Cinthia Patlan
2919 Blanco Rd,Eduardo  Franco ,172,6,,1,8/30/25 11:48 AM,8/30/25 12:05 PM,17 minutes and 14 seconds,Cinthia Patlan
2919 Blanco Rd,Eduardo  Franco ,186,1,,1,8/30/25 12:01 PM,8/30/25 12:34 PM,33 minutes and 25 seconds,Cinthia Patlan
2919 Blanco Rd,samantha lopez,189,3,,1,8/30/25 12:07 PM,8/30/25 12:34 PM,26 minutes and 48 seconds,Cinthia Patlan
2919 Blanco Rd,Eduardo  Franco ,190,5,,1,8/30/25 12:14 PM,8/30/25 12:34 PM,20 minutes and 31 seconds,Cinthia Patlan
2919 Blanco Rd,Cinthia Patlan,192,,,1,8/30/25 12:19 PM,8/30/25 12:34 PM,14 minutes and 58 seconds,Cinthia Patlan
2919 Blanco Rd,samantha lopez,196,6,,1,8/30/25 12:26 PM,8/30/25 12:34 PM,8 minutes and 46 seconds,Cinthia Patlan
2919 Blanco Rd,samantha lopez,179,13,,1,8/30/25 12:22 PM,8/30/25 12:34 PM,12 minutes and 32 seconds,Cinthia Patlan
2919 Blanco Rd,samantha lopez,195,4,,1,8/30/25 12:25 PM,8/30/25 12:34 PM,9 minutes and 22 seconds,Cinthia Patlan
2919 Blanco Rd,Eduardo  Franco ,197,8,,1,8/30/25 12:27 PM,8/30/25 12:46 PM,18 minutes and 55 seconds,Cinthia Patlan
2919 Blanco Rd,samantha lopez,200,7,,1,8/30/25 12:31 PM,8/30/25 12:46 PM,15 minutes and 30 seconds,Cinthia Patlan
2919 Blanco Rd,AM CASHIER,199,,,1,8/30/25 12:30 PM,8/30/25 12:46 PM,15 minutes and 55 seconds,Cinthia Patlan
2919 Blanco Rd,Eduardo  Franco ,198,18,,1,8/30/25 12:38 PM,8/30/25 1:07 PM,29 minutes and 10 seconds,Cinthia Patlan
2919 Blanco Rd,Eduardo  Franco ,198,18,,1,8/30/25 12:32 PM,8/30/25 1:07 PM,35 minutes and 35 seconds,Cinthia Patlan
2919 Blanco Rd,samantha lopez,196,6,,1,8/30/25 12:34 PM,8/30/25 1:07 PM,32 minutes and 53 seconds,Cinthia Patlan
2919 Blanco Rd,Eduardo  Franco ,190,5,,1,8/30/25 12:37 PM,8/30/25 1:07 PM,29 minutes and 55 seconds,Cinthia Patlan
2919 Blanco Rd,samantha lopez,196,6,,1,8/30/25 12:40 PM,8/30/25 1:07 PM,26 minutes and 46 seconds,Cinthia Patlan
2919 Blanco Rd,Cinthia Patlan,207,,,1,8/30/25 12:50 PM,8/30/25 1:07 PM,17 minutes and 30 seconds,Cinthia Patlan
2919 Blanco Rd,samantha lopez,204,25,,1,8/30/25 12:45 PM,8/30/25 1:07 PM,22 minutes and 37 seconds,Cinthia Patlan
2919 Blanco Rd,Eduardo  Franco ,209,2,,1,8/30/25 12:51 PM,8/30/25 1:07 PM,16 minutes and 20 seconds,Cinthia Patlan
2919 Blanco Rd,AM CASHIER,213,,,1,8/30/25 12:56 PM,8/30/25 1:07 PM,11 minutes and 13 seconds,Cinthia Patlan
2919 Blanco Rd,samantha lopez,220,4,,1,8/30/25 1:05 PM,8/30/25 1:08 PM,3 minutes and 11 seconds,Cinthia Patlan
2919 Blanco Rd,samantha lopez,215,20,,1,8/30/25 1:02 PM,8/30/25 1:08 PM,5 minutes and 37 seconds,Cinthia Patlan
2919 Blanco Rd,Eduardo  Franco ,218,17,,1,8/30/25 1:06 PM,8/30/25 1:22 PM,16 minutes and 13 seconds,Cinthia Patlan
2919 Blanco Rd,Eduardo  Franco ,221,15,,1,8/30/25 1:09 PM,8/30/25 1:22 PM,13 minutes and 13 seconds,Cinthia Patlan
2919 Blanco Rd,AM CASHIER,223,,,1,8/30/25 1:11 PM,8/30/25 1:22 PM,11 minutes and 23 seconds,Cinthia Patlan
2919 Blanco Rd,Eduardo  Franco ,222,14,,1,8/30/25 1:13 PM,8/30/25 1:39 PM,26 minutes and 1 second,Cinthia Patlan
2919 Blanco Rd,samantha lopez,204,25,,1,8/30/25 1:21 PM,8/30/25 1:39 PM,18 minutes and 17 seconds,Cinthia Patlan
2919 Blanco Rd,samantha lopez,215,20,,1,8/30/25 1:24 PM,8/30/25 1:40 PM,15 minutes and 4 seconds,Cinthia Patlan
2919 Blanco Rd,Eduardo  Franco ,222,14,,1,8/30/25 1:31 PM,8/30/25 1:40 PM,8 minutes and 41 seconds,Cinthia Patlan
2919 Blanco Rd,Eduardo  Franco ,230,7,,1,8/30/25 1:29 PM,8/30/25 1:40 PM,10 minutes and 47 seconds,Cinthia Patlan
2919 Blanco Rd,Eduardo  Franco ,222,14,,1,8/30/25 1:37 PM,8/30/25 1:40 PM,2 minutes and 44 seconds,Cinthia Patlan
2919 Blanco Rd,Cinthia Patlan,232,,,1,8/30/25 1:31 PM,8/30/25 2:20 PM,48 minutes and 22 seconds,Cinthia Patlan
2919 Blanco Rd,AM CASHIER,233,,,1,8/30/25 1:35 PM,8/30/25 2:20 PM,45 minutes and 15 seconds,Cinthia Patlan
2919 Blanco Rd,Cinthia Patlan,235,,,1,8/30/25 1:42 PM,8/30/25 2:20 PM,37 minutes and 37 seconds,Cinthia Patlan
2919 Blanco Rd,Eduardo  Franco ,237,5,,1,8/30/25 1:53 PM,8/30/25 2:20 PM,26 minutes and 47 seconds,Cinthia Patlan
2919 Blanco Rd,Eduardo  Franco ,238,9,,1,8/30/25 1:53 PM,8/30/25 2:20 PM,26 minutes and 37 seconds,Cinthia Patlan
2919 Blanco Rd,Eduardo  Franco ,238,9,,1,8/30/25 2:04 PM,8/30/25 2:20 PM,15 minutes and 42 seconds,Cinthia Patlan
2919 Blanco Rd,Eduardo  Franco ,240,19,,1,8/30/25 2:03 PM,8/30/25 2:20 PM,17 minutes and 17 seconds,Cinthia Patlan
2919 Blanco Rd,Eduardo  Franco ,243,25,,1,8/30/25 2:06 PM,8/30/25 2:20 PM,13 minutes and 51 seconds,Cinthia Patlan
2919 Blanco Rd,Eduardo  Franco ,238,9,,1,8/30/25 2:12 PM,8/30/25 2:20 PM,7 minutes and 49 seconds,Cinthia Patlan
2919 Blanco Rd,Eduardo  Franco ,244,11,,1,8/30/25 2:14 PM,8/30/25 3:35 PM,"1 hour, 21 minutes and 16 seconds",Cinthia Patlan
2919 Blanco Rd,Eduardo  Franco ,244,11,,1,8/30/25 2:34 PM,8/30/25 3:35 PM,"1 hour, 1 minute and 41 seconds",Cinthia Patlan
2919 Blanco Rd,Eduardo  Franco ,248,4,,1,8/30/25 2:49 PM,8/30/25 3:35 PM,46 minutes and 36 seconds,Cinthia Patlan
2919 Blanco Rd,Eduardo  Franco ,251,3,,1,8/30/25 2:47 PM,8/30/25 3:35 PM,48 minutes and 51 seconds,Cinthia Patlan
2919 Blanco Rd,AM CASHIER,253,,,1,8/30/25 3:04 PM,8/30/25 3:35 PM,31 minutes and 46 seconds,Cinthia Patlan
2919 Blanco Rd,Eduardo  Franco ,258,4,,1,8/30/25 3:27 PM,8/30/25 3:35 PM,8 minutes and 57 seconds,Cinthia Patlan
2919 Blanco Rd,Eduardo  Franco ,262,7,,1,8/30/25 4:12 PM,8/30/25 5:45 PM,"1 hour, 32 minutes and 46 seconds",Cinthia Patlan
2919 Blanco Rd,AM CASHIER,259,,,1,8/30/25 3:29 PM,8/30/25 5:45 PM,"2 hours, 16 minutes and 8 seconds",Cinthia Patlan
2919 Blanco Rd,Eduardo  Franco ,271,6,,1,8/30/25 5:40 PM,8/30/25 6:35 PM,55 minutes and 16 seconds,Cinthia Patlan
2919 Blanco Rd,Eduardo  Franco ,272,15,,1,8/30/25 5:38 PM,8/30/25 6:35 PM,57 minutes and 12 seconds,Cinthia Patlan
2919 Blanco Rd,AM CASHIER,277,,,1,8/30/25 7:14 PM,8/30/25 7:28 PM,13 minutes and 31 seconds,Cinthia Patlan
2919 Blanco Rd,AM CASHIER,277,,,1,8/30/25 7:13 PM,8/30/25 7:28 PM,14 minutes and 18 seconds,Cinthia Patlan
2919 Blanco Rd,Eduardo  Franco ,280,5,,1,8/30/25 7:30 PM,8/30/25 8:05 PM,35 minutes and 5 seconds,Cinthia Patlan
2919 Blanco Rd,Eduardo  Franco ,280,5,,1,8/30/25 7:55 PM,8/30/25 8:05 PM,9 minutes and 45 seconds,Cinthia Patlan
