Employee,Job Title,In Date,Out Date,Auto Clock-out,Total Hours,Unpaid Break Time,Paid Break Time,Payable Hours
"Hernandez, Celinda",Cook,8/30/25 5:06 AM,8/30/25 2:31 PM,No,9.43,0.00,0.00,9.43
"Patlan, Cinthia",General Manager,8/30/25 5:32 AM,8/30/25 2:24 PM,No,8.87,0.00,0.00,8.87
"Hernandez, Fidelia ",Cook,8/30/25 5:33 AM,8/30/25 2:24 PM,No,8.86,0.00,0.00,8.86
"Pena , Vilma",Cook,8/30/25 5:54 AM,8/30/25 2:14 PM,No,8.33,0.00,0.00,8.33
"Ovalle , Martina",Shift Manager / Assistant Manager,8/30/25 5:55 AM,8/30/25 2:12 PM,No,8.28,0.00,0.00,8.28
"CASHIER, AM",General Manager,8/30/25 6:10 AM,8/30/25 1:49 PM,No,7.65,0.00,0.00,7.65
"lopez, samantha",Server,8/30/25 8:05 AM,8/30/25 2:11 PM,No,6.11,0.00,0.00,6.11
"Melendez, Ninoska",Tortillero/a,8/30/25 9:05 AM,8/30/25 8:47 PM,No,11.69,0.00,0.00,11.69
"Franco , Eduardo ",Server,8/30/25 9:23 AM,8/30/25 1:47 PM,No,4.41,0.00,0.00,4.41
"Franco , Eduardo ",Server,8/30/25 1:47 PM,8/30/25 8:13 PM,No,6.43,0.00,0.00,6.43
"CASHIER, AM",General Manager,8/30/25 1:49 PM,8/30/25 8:00 PM,No,6.18,0.00,0.00,6.18
"Salazar, Maria ",Drive-Thru,8/30/25 1:59 PM,8/30/25 8:09 PM,No,6.17,0.00,0.00,6.17
"Salazar, Betty",Chef,8/30/25 2:13 PM,8/30/25 8:47 PM,No,6.57,0.00,0.00,6.57
