Location,Order #,Opened,Server,Table,Revenue Center,Discount Amount,Amount,Tax,Tip,Gratuity,Duration (Opened to Paid)
2919 Blanco Rd,3,8/12/25 6:02 AM,AM CASHIER,,Dining Room,0.00,7.96,0.66,0.00,0.00,00:03:53
2919 Blanco Rd,4,8/12/25 6:03 AM,AM CASHIER,,Dining Room,0.00,3.98,0.32,0.00,0.00,00:04:32
2919 Blanco Rd,6,8/12/25 6:09 AM,AM CASHIER,,Dining Room,0.00,3.98,0.32,2.00,0.00,00:00:27
2919 Blanco Rd,7,8/12/25 6:11 AM,samantha lopez,,Dining Room,0.00,1.99,0.16,0.00,0.00,00:02:25
2919 Blanco Rd,8,8/12/25 6:12 AM,samantha lopez,,Drive Thru,0.00,9.56,0.79,0.00,0.00,00:02:19
2919 Blanco Rd,10,8/12/25 6:21 AM,samantha lopez,,Dining Room,0.00,11.94,0.98,0.00,0.00,00:04:30
2919 Blanco Rd,9,8/12/25 6:16 AM,samantha lopez,,Drive Thru,0.00,6.98,0.57,0.00,0.00,00:10:48
2919 Blanco Rd,11,8/12/25 6:26 AM,samantha lopez,,Drive Thru,0.00,3.98,0.33,0.00,0.00,00:02:20
2919 Blanco Rd,12,8/12/25 6:27 AM,samantha lopez,,Drive Thru,0.00,7.97,0.65,0.00,0.00,00:03:59
2919 Blanco Rd,13,8/12/25 6:30 AM,samantha lopez,,Dining Room,0.00,16.23,1.34,0.00,0.00,00:04:10
2919 Blanco Rd,14,8/12/25 6:30 AM,samantha lopez,,Dining Room,0.00,3.49,0.29,0.00,0.00,00:05:07
2919 Blanco Rd,15,8/12/25 6:32 AM,samantha lopez,,Dining Room,0.00,5.97,0.49,0.00,0.00,00:03:54
2919 Blanco Rd,16,8/12/25 6:36 AM,samantha lopez,,Drive Thru,0.00,5.98,0.49,0.00,0.00,00:03:14
2919 Blanco Rd,17,8/12/25 6:37 AM,samantha lopez,,Drive Thru,0.00,7.03,0.58,0.00,0.00,00:03:49
2919 Blanco Rd,19,8/12/25 6:46 AM,samantha lopez,,Dining Room,0.00,7.96,0.66,0.00,0.00,00:01:04
2919 Blanco Rd,18,8/12/25 6:41 AM,samantha lopez,,Drive Thru,0.00,4.98,0.41,0.00,0.00,00:09:41
2919 Blanco Rd,20,8/12/25 6:49 AM,samantha lopez,,Dining Room,0.00,1.99,0.16,0.00,0.00,00:01:59
2919 Blanco Rd,21,8/12/25 6:50 AM,AM CASHIER,,Dining Room,0.00,4.74,0.39,0.00,0.00,00:00:12
2919 Blanco Rd,22,8/12/25 6:56 AM,samantha lopez,,Drive Thru,0.00,5.28,0.44,0.00,0.00,00:00:13
2919 Blanco Rd,23,8/12/25 7:00 AM,samantha lopez,,Dining Room,0.00,4.48,0.37,0.00,0.00,00:02:06
2919 Blanco Rd,24,8/12/25 7:00 AM,samantha lopez,,Dining Room,0.00,7.43,0.60,2.00,0.00,00:02:40
2919 Blanco Rd,25,8/12/25 7:02 AM,samantha lopez,,Drive Thru,0.00,4.28,0.35,1.00,0.00,00:01:52
2919 Blanco Rd,27,8/12/25 7:09 AM,samantha lopez,,Dining Room,0.00,4.28,0.35,0.00,0.00,00:01:59
2919 Blanco Rd,26,8/12/25 7:05 AM,samantha lopez,,Drive Thru,0.00,15.85,1.31,0.00,0.00,00:08:37
2919 Blanco Rd,28,8/12/25 7:14 AM,Maria  Salazar,11,Dining Room,0.00,12.20,1.01,5.00,0.00,00:24:56
2919 Blanco Rd,29,8/12/25 7:14 AM,samantha lopez,,Drive Thru,0.00,4.48,0.37,2.00,0.00,00:00:39
2919 Blanco Rd,30,8/12/25 7:15 AM,samantha lopez,,Drive Thru,0.00,24.93,2.06,0.00,0.00,00:01:18
2919 Blanco Rd,31,8/12/25 7:17 AM,AM CASHIER,,Dining Room,0.00,6.97,0.57,1.00,0.00,00:00:29
2919 Blanco Rd,33,8/12/25 7:20 AM,samantha lopez,,Drive Thru,0.00,1.99,0.16,0.00,0.00,00:00:39
2919 Blanco Rd,35,8/12/25 7:25 AM,samantha lopez,,Dining Room,0.00,1.99,0.16,0.00,0.00,00:00:58
2919 Blanco Rd,34,8/12/25 7:21 AM,samantha lopez,,Drive Thru,0.00,5.79,0.48,0.00,0.00,00:05:56
2919 Blanco Rd,36,8/12/25 7:26 AM,samantha lopez,,Drive Thru,0.00,3.98,0.32,0.00,0.00,00:01:41
2919 Blanco Rd,37,8/12/25 7:27 AM,samantha lopez,,Drive Thru,0.00,4.28,0.35,0.00,0.00,00:01:31
2919 Blanco Rd,39,8/12/25 7:30 AM,samantha lopez,,Dining Room,0.00,8.97,0.74,0.00,0.00,00:02:34
2919 Blanco Rd,41,8/12/25 7:30 AM,samantha lopez,,Drive Thru,0.00,8.67,0.71,0.00,0.00,00:03:23
2919 Blanco Rd,43,8/12/25 7:33 AM,Maria  Salazar,12,Dining Room,0.00,16.37,1.35,3.00,0.00,00:24:10
2919 Blanco Rd,45,8/12/25 7:36 AM,Maria  Salazar,3,Dining Room,0.00,21.78,1.80,0.00,0.00,00:27:01
2919 Blanco Rd,46,8/12/25 7:37 AM,samantha lopez,,Dining Room,0.00,8.23,0.67,0.00,0.00,00:03:12
2919 Blanco Rd,48,8/12/25 7:41 AM,samantha lopez,,Drive Thru,0.00,11.22,0.93,0.00,0.00,00:00:51
2919 Blanco Rd,50,8/12/25 7:42 AM,samantha lopez,,Dining Room,0.00,2.79,0.23,0.00,0.00,00:03:10
2919 Blanco Rd,51,8/12/25 7:43 AM,Maria  Salazar,,Dining Room,0.00,7.43,0.60,1.00,0.00,00:05:19
2919 Blanco Rd,52,8/12/25 7:44 AM,samantha lopez,,Dining Room,0.00,5.98,0.49,0.00,0.00,00:02:46
2919 Blanco Rd,53,8/12/25 7:46 AM,samantha lopez,,Drive Thru,0.00,9.43,0.77,0.00,0.00,00:02:18
2919 Blanco Rd,54,8/12/25 7:47 AM,samantha lopez,,Drive Thru,0.00,4.99,0.41,0.00,0.00,00:02:53
2919 Blanco Rd,47,8/12/25 7:40 AM,Maria  Salazar,,Dining Room,0.00,13.34,1.09,0.00,0.00,00:07:41
2919 Blanco Rd,56,8/12/25 7:47 AM,Maria  Salazar,,Dining Room,0.00,12.65,1.04,0.00,0.00,00:00:57
2919 Blanco Rd,57,8/12/25 7:50 AM,samantha lopez,,Drive Thru,0.00,1.99,0.16,0.00,0.00,00:01:20
2919 Blanco Rd,59,8/12/25 7:56 AM,samantha lopez,,Dining Room,0.00,7.43,0.61,2.00,0.00,00:01:31
2919 Blanco Rd,60,8/12/25 7:56 AM,samantha lopez,,Dining Room,0.00,6.27,0.52,1.00,0.00,00:01:46
2919 Blanco Rd,58,8/12/25 7:51 AM,samantha lopez,,Drive Thru,0.00,5.99,0.50,0.00,0.00,00:07:45
2919 Blanco Rd,61,8/12/25 8:12 AM,samantha lopez,,Dining Room,0.00,8.77,0.73,0.00,0.00,00:03:11
2919 Blanco Rd,62,8/12/25 8:13 AM,samantha lopez,,Dining Room,0.00,3.98,0.32,0.00,0.00,00:03:51
2919 Blanco Rd,63,8/12/25 8:18 AM,samantha lopez,,Dining Room,0.00,15.72,1.29,0.00,0.00,00:02:10
2919 Blanco Rd,64,8/12/25 8:23 AM,samantha lopez,,Drive Thru,0.00,7.96,0.66,0.00,0.00,00:00:49
2919 Blanco Rd,65,8/12/25 8:24 AM,samantha lopez,,Drive Thru,0.00,2.75,0.23,0.00,0.00,00:01:00
2919 Blanco Rd,66,8/12/25 8:25 AM,samantha lopez,,Drive Thru,0.00,5.97,0.49,0.00,0.00,00:01:06
2919 Blanco Rd,67,8/12/25 8:26 AM,samantha lopez,,Drive Thru,0.00,3.98,0.33,0.00,0.00,00:01:47
2919 Blanco Rd,69,8/12/25 8:30 AM,samantha lopez,,Dining Room,0.00,3.98,0.33,0.00,0.00,00:00:43
2919 Blanco Rd,70,8/12/25 8:30 AM,AM CASHIER,,Dining Room,0.00,4.98,0.42,0.00,0.00,00:06:35
2919 Blanco Rd,72,8/12/25 8:34 AM,AM CASHIER,,Dining Room,0.00,4.28,0.35,0.00,0.00,00:05:43
2919 Blanco Rd,73,8/12/25 8:35 AM,samantha lopez,,Dining Room,0.00,19.09,1.57,0.00,0.00,00:01:34
2919 Blanco Rd,74,8/12/25 8:37 AM,samantha lopez,,Drive Thru,0.00,11.74,0.97,2.00,0.00,00:03:12
2919 Blanco Rd,76,8/12/25 8:38 AM,samantha lopez,,Dining Room,0.00,3.24,0.27,0.00,0.00,00:03:17
2919 Blanco Rd,77,8/12/25 8:38 AM,samantha lopez,,Dining Room,0.00,4.28,0.36,0.00,0.00,00:03:20
2919 Blanco Rd,78,8/12/25 8:42 AM,samantha lopez,,Drive Thru,0.00,22.36,1.83,0.00,0.00,00:03:34
2919 Blanco Rd,80,8/12/25 8:43 AM,samantha lopez,,Dining Room,0.00,3.15,0.26,0.00,0.00,00:03:52
2919 Blanco Rd,79,8/12/25 8:42 AM,samantha lopez,,Drive Thru,0.00,10.48,0.86,0.00,0.00,00:05:20
2919 Blanco Rd,81,8/12/25 8:46 AM,Maria  Salazar,12,Dining Room,0.00,6.38,0.52,0.00,0.00,00:09:53
2919 Blanco Rd,82,8/12/25 8:47 AM,samantha lopez,,Drive Thru,0.00,7.96,0.66,0.00,0.00,00:01:15
2919 Blanco Rd,83,8/12/25 8:48 AM,samantha lopez,,Drive Thru,0.00,1.99,0.16,0.00,0.00,00:00:54
2919 Blanco Rd,84,8/12/25 8:48 AM,samantha lopez,,Drive Thru,0.00,12.49,1.03,0.00,0.00,00:01:23
2919 Blanco Rd,85,8/12/25 8:50 AM,samantha lopez,,Drive Thru,0.00,4.74,0.39,0.00,0.00,00:02:30
2919 Blanco Rd,86,8/12/25 8:53 AM,samantha lopez,,Drive Thru,0.00,10.63,0.87,0.00,0.00,00:01:31
2919 Blanco Rd,87,8/12/25 8:54 AM,samantha lopez,,Drive Thru,0.00,3.29,0.27,0.00,0.00,00:01:42
2919 Blanco Rd,89,8/12/25 8:56 AM,ADRIAN MORALES,9,Dining Room,1.44,15.23,1.26,3.00,0.00,00:47:55
2919 Blanco Rd,90,8/12/25 9:02 AM,samantha lopez,,Drive Thru,0.00,7.73,0.63,0.00,0.00,00:01:05
2919 Blanco Rd,91,8/12/25 9:03 AM,samantha lopez,,Drive Thru,0.00,2.74,0.22,0.00,0.00,00:01:19
2919 Blanco Rd,92,8/12/25 9:05 AM,AM CASHIER,,Dining Room,0.00,14.40,1.19,0.00,0.00,00:00:48
2919 Blanco Rd,95,8/12/25 9:07 AM,samantha lopez,,Dining Room,0.00,6.24,0.52,0.00,0.00,00:20:45
2919 Blanco Rd,93,8/12/25 9:05 AM,samantha lopez,,Drive Thru,0.00,3.98,0.33,0.00,0.00,00:03:13
2919 Blanco Rd,97,8/12/25 9:08 AM,samantha lopez,,Drive Thru,0.00,11.24,0.92,0.00,0.00,00:03:06
2919 Blanco Rd,98,8/12/25 9:11 AM,samantha lopez,,Drive Thru,0.00,4.98,0.41,0.00,0.00,00:00:57
2919 Blanco Rd,100,8/12/25 9:14 AM,samantha lopez,,Dining Room,0.00,1.99,0.16,0.00,0.00,00:01:45
2919 Blanco Rd,102,8/12/25 9:16 AM,samantha lopez,,Dining Room,0.00,2.49,0.21,0.00,0.00,00:00:48
2919 Blanco Rd,101,8/12/25 9:15 AM,ADRIAN MORALES,14,Dining Room,0.00,14.42,1.19,0.00,0.00,01:22:00
2919 Blanco Rd,103,8/12/25 9:18 AM,samantha lopez,,Dining Room,0.00,6.38,0.52,0.00,0.00,00:01:17
2919 Blanco Rd,105,8/12/25 9:19 AM,Maria  Salazar,7,Dining Room,0.00,22.74,1.88,0.00,0.00,00:36:43
2919 Blanco Rd,104,8/12/25 9:19 AM,samantha lopez,,Dining Room,0.00,15.93,1.30,0.00,0.00,00:19:23
2919 Blanco Rd,106,8/12/25 9:20 AM,Maria  Salazar,25,Dining Room,0.00,32.76,2.70,7.00,0.00,00:38:47
2919 Blanco Rd,107,8/12/25 9:23 AM,samantha lopez,,Dining Room,0.00,5.48,0.46,0.00,0.00,00:02:04
2919 Blanco Rd,109,8/12/25 9:27 AM,samantha lopez,,Drive Thru,0.00,10.57,0.87,0.00,0.00,00:03:08
2919 Blanco Rd,110,8/12/25 9:28 AM,samantha lopez,,Drive Thru,0.00,10.37,0.85,0.00,0.00,00:02:28
2919 Blanco Rd,108,8/12/25 9:27 AM,ADRIAN MORALES,15,Dining Room,0.00,25.27,2.09,10.00,0.00,00:30:52
2919 Blanco Rd,111,8/12/25 9:31 AM,Maria  Salazar,4,Dining Room,0.00,9.28,0.76,2.00,0.00,00:15:57
2919 Blanco Rd,112,8/12/25 9:36 AM,AM CASHIER,,Dining Room,0.00,14.83,1.22,0.00,0.00,00:11:21
2919 Blanco Rd,114,8/12/25 9:40 AM,samantha lopez,,Dining Room,0.00,10.58,0.87,0.00,0.00,00:02:41
2919 Blanco Rd,115,8/12/25 9:42 AM,samantha lopez,,Dining Room,0.00,22.89,1.89,0.00,0.00,00:01:30
2919 Blanco Rd,116,8/12/25 9:43 AM,samantha lopez,,Drive Thru,0.00,3.98,0.32,0.00,0.00,00:03:10
2919 Blanco Rd,117,8/12/25 9:47 AM,Maria  Salazar,8,Dining Room,0.00,6.99,0.58,0.00,0.00,00:22:05
2919 Blanco Rd,118,8/12/25 9:47 AM,samantha lopez,,Drive Thru,0.00,5.97,0.49,0.00,0.00,00:05:46
2919 Blanco Rd,119,8/12/25 9:47 AM,samantha lopez,,Drive Thru,0.00,3.98,0.32,0.00,0.00,00:05:20
2919 Blanco Rd,120,8/12/25 9:49 AM,samantha lopez,,Dining Room,0.00,9.12,0.75,0.00,0.00,00:06:26
2919 Blanco Rd,121,8/12/25 9:52 AM,ADRIAN MORALES,5,Dining Room,0.00,9.88,0.81,3.00,0.00,00:10:26
2919 Blanco Rd,122,8/12/25 9:55 AM,samantha lopez,,Drive Thru,0.00,9.87,0.81,0.00,0.00,00:01:47
2919 Blanco Rd,124,8/12/25 10:03 AM,samantha lopez,,Drive Thru,0.00,9.13,0.76,0.00,0.00,00:00:20
2919 Blanco Rd,127,8/12/25 10:06 AM,samantha lopez,,Dining Room,0.00,5.29,0.44,0.00,0.00,00:02:28
2919 Blanco Rd,128,8/12/25 10:06 AM,samantha lopez,,Dining Room,0.00,5.97,0.49,0.00,0.00,00:03:48
2919 Blanco Rd,129,8/12/25 10:08 AM,samantha lopez,,Drive Thru,0.00,19.19,1.59,0.00,0.00,00:03:06
2919 Blanco Rd,130,8/12/25 10:09 AM,AM CASHIER,,Dining Room,0.00,16.26,1.34,0.00,0.00,00:07:51
2919 Blanco Rd,131,8/12/25 10:09 AM,ADRIAN MORALES,4,Dining Room,0.00,22.35,1.84,4.00,0.00,00:38:52
2919 Blanco Rd,132,8/12/25 10:10 AM,samantha lopez,,Drive Thru,0.00,17.78,1.47,0.00,0.00,00:02:43
2919 Blanco Rd,133,8/12/25 10:12 AM,samantha lopez,,Drive Thru,0.00,5.97,0.49,0.00,0.00,00:01:56
2919 Blanco Rd,134,8/12/25 10:13 AM,samantha lopez,,Drive Thru,0.00,5.97,0.48,0.00,0.00,00:07:00
2919 Blanco Rd,135,8/12/25 10:17 AM,samantha lopez,,Drive Thru,0.00,3.98,0.32,0.00,0.00,00:03:49
2919 Blanco Rd,138,8/12/25 10:23 AM,samantha lopez,,Dining Room,0.00,7.67,0.63,1.00,0.00,00:01:51
2919 Blanco Rd,137,8/12/25 10:22 AM,Maria  Salazar,17,Dining Room,0.00,26.43,2.17,5.00,0.00,00:23:55
2919 Blanco Rd,140,8/12/25 10:25 AM,ADRIAN MORALES,7,Dining Room,0.00,22.36,1.84,6.00,0.00,00:16:06
2919 Blanco Rd,139,8/12/25 10:24 AM,samantha lopez,,Drive Thru,0.00,10.00,0.82,0.00,0.00,00:01:52
2919 Blanco Rd,141,8/12/25 10:27 AM,samantha lopez,,Drive Thru,0.00,8.27,0.68,0.00,0.00,00:03:24
2919 Blanco Rd,143,8/12/25 10:27 AM,samantha lopez,,Dining Room,0.00,20.69,1.71,0.00,0.00,00:05:35
2919 Blanco Rd,144,8/12/25 10:29 AM,samantha lopez,,Dining Room,0.00,11.02,0.91,0.00,0.00,00:06:42
2919 Blanco Rd,145,8/12/25 10:30 AM,ADRIAN MORALES,5,Dining Room,0.00,18.78,1.53,3.00,0.00,00:31:24
2919 Blanco Rd,146,8/12/25 10:30 AM,Maria  Salazar,1,Dining Room,0.00,22.35,1.84,3.00,0.00,00:39:03
2919 Blanco Rd,147,8/12/25 10:39 AM,samantha lopez,,Dining Room,0.00,10.06,0.83,0.00,0.00,00:06:22
2919 Blanco Rd,148,8/12/25 10:42 AM,samantha lopez,,Dining Room,0.00,8.63,0.71,0.00,0.00,00:04:38
2919 Blanco Rd,149,8/12/25 10:45 AM,samantha lopez,,Drive Thru,0.00,7.73,0.64,0.00,0.00,00:02:33
2919 Blanco Rd,150,8/12/25 10:47 AM,samantha lopez,,Drive Thru,0.00,5.48,0.45,1.00,0.00,00:02:02
2919 Blanco Rd,151,8/12/25 10:49 AM,samantha lopez,,Dining Room,0.00,15.92,1.32,0.00,0.00,00:14:43
2919 Blanco Rd,154,8/12/25 10:50 AM,samantha lopez,,Drive Thru,0.00,15.41,1.27,0.00,0.00,00:02:12
2919 Blanco Rd,155,8/12/25 10:53 AM,samantha lopez,,Drive Thru,0.00,1.99,0.16,0.00,0.00,00:00:38
2919 Blanco Rd,157,8/12/25 10:56 AM,Maria  Salazar,4,Dining Room,0.00,10.71,0.88,0.00,0.00,00:28:56
2919 Blanco Rd,158,8/12/25 10:57 AM,samantha lopez,,Dining Room,0.00,7.43,0.61,5.00,0.00,00:01:32
2919 Blanco Rd,159,8/12/25 10:59 AM,AM CASHIER,,Dining Room,0.00,24.48,2.01,0.00,0.00,00:13:23
2919 Blanco Rd,160,8/12/25 11:05 AM,ADRIAN MORALES,2,Dining Room,0.00,16.81,1.40,10.00,0.00,00:30:48
2919 Blanco Rd,162,8/12/25 11:10 AM,samantha lopez,,Dining Room,0.00,14.05,1.16,0.00,0.00,00:05:18
2919 Blanco Rd,163,8/12/25 11:12 AM,samantha lopez,,Dining Room,0.00,10.34,0.85,0.00,0.00,00:04:47
2919 Blanco Rd,165,8/12/25 11:14 AM,Maria  Salazar,6,Dining Room,0.00,22.38,1.83,0.00,0.00,00:23:41
2919 Blanco Rd,167,8/12/25 11:17 AM,samantha lopez,,Dining Room,0.00,4.73,0.38,0.00,0.00,00:06:03
2919 Blanco Rd,166,8/12/25 11:17 AM,samantha lopez,,Drive Thru,0.00,9.99,0.82,0.00,0.00,00:08:21
2919 Blanco Rd,168,8/12/25 11:24 AM,samantha lopez,,Drive Thru,0.00,5.97,0.49,0.00,0.00,00:02:56
2919 Blanco Rd,169,8/12/25 11:25 AM,samantha lopez,,Drive Thru,0.00,11.77,0.97,2.00,0.00,00:01:43
2919 Blanco Rd,170,8/12/25 11:27 AM,ADRIAN MORALES,3,Dining Room,0.00,7.48,0.62,2.00,0.00,00:25:06
2919 Blanco Rd,172,8/12/25 11:38 AM,Maria  Salazar,7,Dining Room,0.00,20.23,1.66,0.00,0.00,00:27:37
2919 Blanco Rd,174,8/12/25 11:45 AM,samantha lopez,,Dining Room,0.00,30.36,2.50,0.00,0.00,00:08:23
2919 Blanco Rd,175,8/12/25 11:48 AM,ADRIAN MORALES,5,Dining Room,0.00,28.13,2.31,9.00,0.00,00:39:13
2919 Blanco Rd,176,8/12/25 11:49 AM,Maria  Salazar,11,Dining Room,0.00,29.97,2.47,0.00,0.00,00:25:14
2919 Blanco Rd,177,8/12/25 11:49 AM,ADRIAN MORALES,4,Dining Room,0.00,8.54,0.70,3.00,0.00,00:26:25
2919 Blanco Rd,178,8/12/25 11:52 AM,AM CASHIER,,Dining Room,0.00,5.98,0.49,0.00,0.00,00:00:57
2919 Blanco Rd,180,8/12/25 11:52 AM,samantha lopez,,Dining Room,0.00,10.34,0.85,0.00,0.00,00:03:00
2919 Blanco Rd,182,8/12/25 11:52 AM,samantha lopez,,Dining Room,0.00,3.75,0.31,0.00,0.00,00:04:04
2919 Blanco Rd,181,8/12/25 11:52 AM,AM CASHIER,,Dining Room,0.00,0.00,0.00,0.00,0.00,00:58:35
2919 Blanco Rd,183,8/12/25 11:55 AM,samantha lopez,,Drive Thru,0.00,10.56,0.87,0.00,0.00,00:04:51
2919 Blanco Rd,185,8/12/25 12:03 PM,samantha lopez,,Dining Room,0.00,15.44,1.27,0.00,0.00,00:05:51
2919 Blanco Rd,187,8/12/25 12:03 PM,Maria  Salazar,1,Dining Room,0.00,15.16,1.25,0.00,0.00,00:24:39
2919 Blanco Rd,186,8/12/25 12:03 PM,AM CASHIER,,Dining Room,0.00,9.99,0.82,0.00,0.00,00:09:34
2919 Blanco Rd,188,8/12/25 12:06 PM,samantha lopez,,Dining Room,0.00,14.32,1.18,0.00,0.00,00:04:05
2919 Blanco Rd,189,8/12/25 12:07 PM,ADRIAN MORALES,8,Dining Room,0.00,29.61,2.44,0.00,0.00,00:32:17
2919 Blanco Rd,190,8/12/25 12:09 PM,samantha lopez,,Drive Thru,0.00,18.85,1.55,0.00,0.00,00:05:10
2919 Blanco Rd,192,8/12/25 12:11 PM,Maria  Salazar,6,Dining Room,0.00,19.98,1.64,2.00,0.00,00:30:41
2919 Blanco Rd,193,8/12/25 12:12 PM,samantha lopez,,Dining Room,0.00,27.70,2.28,0.00,0.00,00:05:42
2919 Blanco Rd,194,8/12/25 12:12 PM,samantha lopez,,Dining Room,0.00,29.53,2.43,3.00,0.00,00:09:08
2919 Blanco Rd,195,8/12/25 12:14 PM,samantha lopez,,Dining Room,0.00,29.84,2.47,5.00,0.00,00:10:02
2919 Blanco Rd,197,8/12/25 12:19 PM,samantha lopez,,Dining Room,0.00,9.78,0.81,0.00,0.00,00:03:14
2919 Blanco Rd,198,8/12/25 12:21 PM,AM CASHIER,,Dining Room,0.00,30.88,2.56,0.00,0.00,00:00:53
2919 Blanco Rd,200,8/12/25 12:25 PM,samantha lopez,,Dining Room,0.00,7.56,0.62,0.00,0.00,00:02:38
2919 Blanco Rd,203,8/12/25 12:32 PM,samantha lopez,,Dining Room,0.00,10.12,0.84,0.00,0.00,00:05:34
2919 Blanco Rd,204,8/12/25 12:32 PM,ADRIAN MORALES,4,Dining Room,0.00,20.88,1.71,5.00,0.00,00:31:21
2919 Blanco Rd,206,8/12/25 12:34 PM,ADRIAN MORALES,19,Dining Room,0.00,41.87,3.43,0.00,0.00,00:37:59
2919 Blanco Rd,205,8/12/25 12:33 PM,AM CASHIER,,Dining Room,0.00,9.98,0.82,0.00,0.00,00:02:27
2919 Blanco Rd,208,8/12/25 12:36 PM,samantha lopez,,Dining Room,0.00,3.98,0.33,0.00,0.00,00:03:21
2919 Blanco Rd,207,8/12/25 12:36 PM,PM Cashier C,1,Dining Room,0.00,29.14,2.38,0.00,0.00,01:04:53
2919 Blanco Rd,214,8/12/25 12:43 PM,samantha lopez,,Dining Room,0.00,3.98,0.33,0.00,0.00,00:01:33
2919 Blanco Rd,215,8/12/25 12:49 PM,samantha lopez,,Drive Thru,0.00,6.27,0.51,0.00,0.00,00:04:05
2919 Blanco Rd,216,8/12/25 12:56 PM,AM CASHIER,,Dining Room,0.00,13.94,1.14,0.00,0.00,00:01:24
2919 Blanco Rd,217,8/12/25 12:58 PM,AM CASHIER,,Dining Room,0.00,0.00,0.00,0.00,0.00,00:02:45
2919 Blanco Rd,218,8/12/25 1:01 PM,samantha lopez,,Dining Room,0.00,16.00,1.32,0.00,0.00,00:02:14
2919 Blanco Rd,219,8/12/25 1:02 PM,samantha lopez,,Dining Room,0.00,9.95,0.81,0.00,0.00,00:02:47
2919 Blanco Rd,221,8/12/25 1:06 PM,samantha lopez,,Dining Room,0.00,5.98,0.49,0.00,0.00,00:02:17
2919 Blanco Rd,222,8/12/25 1:06 PM,AM CASHIER,,Dining Room,0.00,21.13,1.75,0.00,0.00,00:03:53
2919 Blanco Rd,224,8/12/25 1:12 PM,AM CASHIER,,Dining Room,0.00,1.99,0.16,0.00,0.00,00:00:44
2919 Blanco Rd,225,8/12/25 1:18 PM,samantha lopez,,Dining Room,0.00,11.77,0.97,2.00,0.00,00:04:26
2919 Blanco Rd,226,8/12/25 1:20 PM,samantha lopez,,Dining Room,0.00,7.96,0.66,0.00,0.00,00:04:58
2919 Blanco Rd,227,8/12/25 1:23 PM,samantha lopez,,Dining Room,0.00,6.97,0.58,0.00,0.00,00:02:08
2919 Blanco Rd,228,8/12/25 1:23 PM,samantha lopez,,Dining Room,0.00,19.91,1.64,3.00,0.00,00:04:05
2919 Blanco Rd,229,8/12/25 1:26 PM,samantha lopez,,Drive Thru,0.00,29.62,2.43,3.00,0.00,00:05:24
2919 Blanco Rd,230,8/12/25 1:27 PM,samantha lopez,,Drive Thru,0.00,20.25,1.67,0.00,0.00,00:06:12
2919 Blanco Rd,231,8/12/25 1:30 PM,samantha lopez,,Drive Thru,0.00,13.77,1.14,0.00,0.00,00:05:09
2919 Blanco Rd,233,8/12/25 1:33 PM,samantha lopez,,Drive Thru,0.00,10.99,0.91,0.00,0.00,00:05:17
2919 Blanco Rd,232,8/12/25 1:33 PM,ADRIAN MORALES,4,Dining Room,0.00,25.85,2.12,0.00,0.00,00:38:13
2919 Blanco Rd,234,8/12/25 1:35 PM,samantha lopez,,Drive Thru,0.00,10.34,0.85,0.00,0.00,00:04:52
2919 Blanco Rd,235,8/12/25 1:37 PM,ADRIAN MORALES,6,Dining Room,0.00,17.14,1.41,0.00,0.00,00:36:47
2919 Blanco Rd,238,8/12/25 1:42 PM,samantha lopez,,Dining Room,0.00,27.84,2.30,0.00,0.00,00:03:11
2919 Blanco Rd,240,8/12/25 1:55 PM,ADRIAN MORALES,5,Dining Room,0.00,9.99,0.82,0.00,0.00,00:26:19
2919 Blanco Rd,239,8/12/25 1:43 PM,samantha lopez,,Dining Room,0.00,18.27,1.51,0.00,0.00,00:26:50
2919 Blanco Rd,242,8/12/25 2:26 PM,PM Cashier C,,Dining Room,0.00,25.13,2.07,3.00,0.00,00:01:38
2919 Blanco Rd,243,8/12/25 2:36 PM,ADRIAN MORALES,4,Dining Room,0.00,21.72,1.79,5.00,0.00,00:26:31
2919 Blanco Rd,244,8/12/25 2:38 PM,samantha lopez,,Dining Room,0.00,15.33,1.26,2.00,0.00,00:01:53
2919 Blanco Rd,245,8/12/25 2:41 PM,samantha lopez,,Drive Thru,0.00,3.98,0.33,0.00,0.00,00:08:48
2919 Blanco Rd,248,8/12/25 2:53 PM,samantha lopez,,Dining Room,0.00,23.52,1.94,2.54,0.00,00:05:44
2919 Blanco Rd,250,8/12/25 3:05 PM,samantha lopez,,Dining Room,0.00,15.97,1.32,0.00,0.00,00:03:56
2919 Blanco Rd,251,8/12/25 3:05 PM,samantha lopez,,Dining Room,0.00,4.28,0.35,0.00,0.00,00:05:09
2919 Blanco Rd,252,8/12/25 3:07 PM,ADRIAN MORALES,7,Dining Room,0.00,31.16,2.55,4.00,0.00,00:36:49
2919 Blanco Rd,253,8/12/25 3:09 PM,PM Cashier C,,Dining Room,0.00,3.99,0.33,0.00,0.00,00:00:16
2919 Blanco Rd,254,8/12/25 3:10 PM,samantha lopez,,Drive Thru,0.00,7.97,0.65,0.00,0.00,00:01:44
2919 Blanco Rd,255,8/12/25 3:10 PM,samantha lopez,,Drive Thru,0.00,16.78,1.38,0.00,0.00,00:01:49
2919 Blanco Rd,256,8/12/25 3:13 PM,PM Cashier C,5,Dining Room,0.00,42.19,3.48,0.00,0.00,00:06:30
2919 Blanco Rd,257,8/12/25 3:25 PM,samantha lopez,,Drive Thru,0.00,3.98,0.32,0.00,0.00,00:00:10
2919 Blanco Rd,259,8/12/25 3:37 PM,PM Cashier C,,Dining Room,0.00,17.12,1.42,3.00,0.00,00:01:19
2919 Blanco Rd,260,8/12/25 3:45 PM,ADRIAN MORALES,19,Dining Room,0.00,7.96,0.65,0.00,0.00,00:02:02
2919 Blanco Rd,261,8/12/25 3:48 PM,PM Cashier C,19,Dining Room,0.00,3.50,0.29,0.00,0.00,00:00:50
2919 Blanco Rd,262,8/12/25 3:57 PM,ADRIAN MORALES,1,Dining Room,0.00,0.00,0.00,0.00,0.00,00:01:24
2919 Blanco Rd,263,8/12/25 4:01 PM,ADRIAN MORALES,1,Dining Room,0.00,46.95,3.87,0.00,0.00,00:49:30
2919 Blanco Rd,264,8/12/25 4:02 PM,PM Cashier C,5,Dining Room,0.00,15.48,1.28,0.00,0.00,00:33:49
2919 Blanco Rd,265,8/12/25 4:05 PM,ADRIAN MORALES,9,Dining Room,0.00,29.41,2.42,5.00,0.00,00:37:29
2919 Blanco Rd,266,8/12/25 4:10 PM,samantha lopez,,Dining Room,0.00,9.99,0.82,0.00,0.00,00:03:01
2919 Blanco Rd,267,8/12/25 4:21 PM,samantha lopez,,Dining Room,0.00,18.15,1.50,0.00,0.00,00:02:30
2919 Blanco Rd,269,8/12/25 4:43 PM,samantha lopez,,Dining Room,0.00,1.99,0.16,0.00,0.00,00:01:36
2919 Blanco Rd,270,8/12/25 4:51 PM,PM Cashier C,1,Dining Room,0.00,3.99,0.33,0.00,0.00,00:00:20
2919 Blanco Rd,271,8/12/25 4:51 PM,PM Cashier C,15,Dining Room,0.00,28.27,2.33,0.00,0.00,00:13:59
2919 Blanco Rd,272,8/12/25 4:53 PM,samantha lopez,,Dining Room,0.00,8.99,0.74,0.00,0.00,00:02:22
2919 Blanco Rd,273,8/12/25 5:01 PM,PM Cashier C,11,Dining Room,0.00,4.99,0.41,0.00,0.00,00:00:53
2919 Blanco Rd,274,8/12/25 5:03 PM,ADRIAN MORALES,12,Dining Room,0.00,22.17,1.82,0.00,0.00,00:28:02
2919 Blanco Rd,276,8/12/25 5:25 PM,PM Cashier C,,Dining Room,0.00,45.38,3.74,0.00,0.00,00:10:56
2919 Blanco Rd,277,8/12/25 5:29 PM,ADRIAN MORALES,13,Dining Room,0.00,30.68,2.52,6.00,0.00,00:32:49
2919 Blanco Rd,278,8/12/25 5:40 PM,ADRIAN MORALES,19,Dining Room,0.00,19.98,1.64,4.00,0.00,00:32:26
2919 Blanco Rd,279,8/12/25 5:47 PM,samantha lopez,,Dining Room,0.00,9.99,0.82,0.00,0.00,00:09:02
2919 Blanco Rd,281,8/12/25 5:49 PM,samantha lopez,,Dining Room,0.00,13.99,1.15,0.00,0.00,00:09:35
2919 Blanco Rd,280,8/12/25 5:49 PM,PM Cashier C,,Dining Room,0.00,37.96,3.12,0.00,0.00,00:01:31
2919 Blanco Rd,282,8/12/25 5:54 PM,ADRIAN MORALES,10,Dining Room,0.00,42.87,3.52,0.00,0.00,00:51:39
2919 Blanco Rd,283,8/12/25 6:22 PM,samantha lopez,,Dining Room,0.00,9.38,0.77,0.00,0.00,00:02:22
2919 Blanco Rd,284,8/12/25 6:22 PM,samantha lopez,,Dining Room,0.00,12.12,1.00,0.00,0.00,00:03:34
2919 Blanco Rd,285,8/12/25 6:31 PM,samantha lopez,,Dining Room,0.00,13.97,1.15,0.00,0.00,00:03:37
2919 Blanco Rd,286,8/12/25 6:32 PM,PM Cashier C,,Dining Room,0.00,33.67,2.77,3.00,0.00,00:01:24
2919 Blanco Rd,288,8/12/25 7:07 PM,ADRIAN MORALES,5,Dining Room,0.00,13.14,1.08,0.00,0.00,00:28:16
2919 Blanco Rd,289,8/12/25 7:24 PM,PM Cashier C,,Dining Room,0.00,12.67,1.05,0.00,0.00,00:00:41
2919 Blanco Rd,246,8/12/25 2:49 PM,ADRIAN MORALES,5,Dining Room,0.00,0.00,0.00,0.00,0.00,16:21:40
