Employee,Job Title,In Date,Out Date,Auto Clock-out,Total Hours,Unpaid Break Time,Paid Break Time,Payable Hours
"Villalobos , Veronica ",Cook,8/12/25 5:33 AM,8/12/25 1:16 PM,No,7.70,0.00,0.00,7.70
"Hernandez, Fidelia ",Cook,8/12/25 5:33 AM,8/12/25 2:07 PM,No,8.56,0.00,0.00,8.56
"Salazar, Maria ",Shift Manager / Assistant Manager,8/12/25 5:48 AM,8/12/25 1:30 PM,No,7.70,0.00,0.00,7.70
"Salazar, Betty",Chef,8/12/25 5:58 AM,8/12/25 2:04 PM,No,8.11,0.00,0.00,8.11
"lopez, samantha",Drive-Thru,8/12/25 6:09 AM,8/12/25 1:10 PM,No,7.02,0.00,0.00,7.02
"santander, yerlinson",Cook,8/12/25 8:05 AM,8/12/25 8:52 PM,No,12.78,0.00,0.00,12.78
"MORALES, ADRIAN",Server,8/12/25 8:09 AM,8/12/25 1:16 PM,No,5.11,0.00,0.00,5.11
"lopez, samantha",Drive-Thru,8/12/25 1:10 PM,8/12/25 8:18 PM,No,7.13,0.00,0.00,7.13
"C, PM Cashier",Cashier,8/12/25 1:13 PM,8/12/25 8:02 PM,No,6.81,0.00,0.00,6.81
"MORALES, ADRIAN",Server,8/12/25 1:16 PM,8/12/25 8:18 PM,No,7.03,0.00,0.00,7.03
"CASHIER, AM",General Manager,8/12/25 1:16 PM,8/12/25 1:19 PM,No,0.04,0.00,0.00,0.04
"CASHIER, AM",General Manager,8/12/25 1:19 PM,8/12/25 1:19 PM,No,0.00,0.00,0.00,0.00
"CASHIER, AM",General Manager,8/12/25 1:26 PM,8/13/25 4:00 AM,Yes,14.56,0.00,0.00,14.56
"Melendez, Ninoska",Tortillero/a,8/12/25 2:03 PM,8/12/25 8:51 PM,No,6.81,0.00,0.00,6.81
"Hernandez, Fidelia ",Cook,8/12/25 2:07 PM,8/12/25 2:07 PM,No,0.01,0.00,0.00,0.01
