Order #,Opened Date,Void Date,Server,Approver,Item Name,Reason,Item Quantity,Total Price
181,8/12/25 11:52 AM,8/12/25 12:51 PM,AM CASHIER,AM CASHIER,Pancakes Plate,86ed,1.0,11.74
181,8/12/25 11:52 AM,8/12/25 12:51 PM,AM CASHIER,AM CASHIER,Salsa Ranchera,86ed,1.0,1.99
246,8/12/25 2:49 PM,8/13/25 7:11 AM,ADRIAN MORALES,AM CASHIER,Caldo de Pollo,Testing/Training,1.0,10.99
246,8/12/25 2:49 PM,8/13/25 7:11 AM,ADRIAN MORALES,AM CASHIER,-------------,Testing/Training,1.0,0.00
246,8/12/25 2:49 PM,8/13/25 7:11 AM,ADRIAN MORALES,AM CASHIER,Puffy Taco Pl,Testing/Training,1.0,13.99
246,8/12/25 2:49 PM,8/13/25 7:11 AM,ADRIAN MORALES,AM CASHIER,-------------,Testing/Training,1.0,0.00
246,8/12/25 2:49 PM,8/13/25 7:11 AM,ADRIAN MORALES,AM CASHIER,Fajita Taco,Testing/Training,1.0,5.74
246,8/12/25 2:49 PM,8/13/25 7:11 AM,ADRIAN MORALES,AM CASHIER,-------------,Testing/Training,1.0,0.00
246,8/12/25 2:49 PM,8/13/25 7:11 AM,ADRIAN MORALES,AM CASHIER,Soft Taco,Testing/Training,1.0,3.49
