Location,Order #,Opened Date,Server,Table,Discount Name,Discount Reason,Comment,Discount Amount
Tink-a-Tako - Potranco,493,9/12/25 9:14 PM,Lizeth Alonso,,Military Discount,,,1.20
Tink-a-Tako - Potranco,433,9/12/25 6:31 PM,Lizeth Alonso,,Police Discount,,,6.00
Tink-a-Tako - Potranco,417,9/12/25 5:55 PM,Juan  Camacho,37,Military Discount,,,0.90
Tink-a-Tako - Potranco,417,9/12/25 5:55 PM,Juan  Camacho,37,Military Discount,,,1.20
Tink-a-Tako - Potranco,417,9/12/25 5:55 PM,Juan  Camacho,37,Military Discount,,,0.90
Tink-a-Tako - Potranco,409,9/12/25 5:40 PM,Mayra Luna,,Employee Discount - Item,Employee Discount,Genaro,4.20
Tink-a-Tako - Potranco,409,9/12/25 5:40 PM,Mayra Luna,,Employee Discount - Item,Employee Discount,Genaro,3.90
Tink-a-Tako - Potranco,404,9/12/25 5:24 PM,Mayra Luna,36,Manager Comp - Item,,,9.99
Tink-a-Tako - Potranco,404,9/12/25 5:24 PM,Mayra Luna,36,Manager Comp - Item,,,5.69
Tink-a-Tako - Potranco,386,9/12/25 4:34 PM,Isabel Cisneros,31,Police Discount,,,1.79
Tink-a-Tako - Potranco,386,9/12/25 4:34 PM,Isabel Cisneros,31,Police Discount,,,3.00
Tink-a-Tako - Potranco,386,9/12/25 4:34 PM,Isabel Cisneros,31,Police Discount,,,0.90
Tink-a-Tako - Potranco,386,9/12/25 4:34 PM,Isabel Cisneros,31,Police Discount,,,5.49
Tink-a-Tako - Potranco,381,9/12/25 4:23 PM,Juan  Camacho,,Military Discount,,,0.90
Tink-a-Tako - Potranco,381,9/12/25 4:23 PM,Juan  Camacho,,Military Discount,,,0.36
Tink-a-Tako - Potranco,374,9/12/25 3:46 PM,Juan  Camacho,,Open $ Item,,,3.49
Tink-a-Tako - Potranco,368,9/12/25 3:24 PM,Juan  Camacho,39,Manager Comp - Item,,,5.58
Tink-a-Tako - Potranco,340,9/12/25 1:56 PM,Esperansa Caviedes,31,Open % Item,,,1.00
Tink-a-Tako - Potranco,340,9/12/25 1:56 PM,Esperansa Caviedes,31,Open % Item,,,1.10
Tink-a-Tako - Potranco,271,9/12/25 11:50 AM,Norma Vasquez,18,Open % Item,,,1.40
Tink-a-Tako - Potranco,271,9/12/25 11:50 AM,Norma Vasquez,18,Open % Item,,,0.60
Tink-a-Tako - Potranco,271,9/12/25 11:50 AM,Norma Vasquez,18,Open % Item,,,1.60
Tink-a-Tako - Potranco,271,9/12/25 11:50 AM,Norma Vasquez,18,Open % Item,,,2.60
Tink-a-Tako - Potranco,266,9/12/25 11:44 AM,Norma Vasquez,26,Open % Item,,,1.60
Tink-a-Tako - Potranco,236,9/12/25 11:07 AM,Maria Majana,,Employee Discount - Check,Employee Discount,Meseras,15.98
Tink-a-Tako - Potranco,214,9/12/25 10:41 AM,Silvia Hernandez,26,Open % Item,,,1.40
Tink-a-Tako - Potranco,183,9/12/25 10:10 AM,Brianna  Arias ,,Employee Discount - Check,Employee Discount,Brianna,9.99
Tink-a-Tako - Potranco,177,9/12/25 10:07 AM,Rosa Compean,,Open % Check,,,15.52
Tink-a-Tako - Potranco,152,9/12/25 9:44 AM,Silvia Hernandez,33,Open % Item,,,0.40
Tink-a-Tako - Potranco,152,9/12/25 9:44 AM,Silvia Hernandez,33,Open % Item,,,0.46
Tink-a-Tako - Potranco,85,9/12/25 8:22 AM,Rosie  ORDONEZ,,Open % Check,,,15.19
Tink-a-Tako - Potranco,13,9/12/25 6:57 AM,Norma Vasquez,11,Open % Item,,,3.50
Tink-a-Tako - Potranco,13,9/12/25 6:57 AM,Norma Vasquez,11,Open % Item,,,2.12
Tink-a-Tako - Potranco,13,9/12/25 6:57 AM,Norma Vasquez,11,Open % Item,,,1.00
Tink-a-Tako - Potranco,13,9/12/25 6:57 AM,Norma Vasquez,11,Open % Item,,,6.00
