Location,Server,Check #,Table,Station,Expediter Level,Fired Date,Fulfilled Date,Fulfillment Time,Fulfilled By
Tink-a-Tako - Potranco,Candy  Del angel ,1,,Lobby,,9/12/25 6:29 AM,9/12/25 6:34 AM,4 minutes and 58 seconds,Mayra Luna
Tink-a-Tako - Potranco,Candy  Del angel ,2,,Lobby,,9/12/25 6:30 AM,9/12/25 6:35 AM,5 minutes and 49 seconds,Mayra Luna
Tink-a-Tako - Potranco,Candy  Del angel ,3,,Lobby,,9/12/25 6:30 AM,9/12/25 6:36 AM,5 minutes and 22 seconds,Mayra Luna
Tink-a-Tako - Potranco,Candy  Del angel ,5,,Lobby,,9/12/25 6:39 AM,9/12/25 6:40 AM,1 minute and 28 seconds,Mayra Luna
Tink-a-Tako - Potranco,Norma Vasquez,4,,Lobby,,9/12/25 6:38 AM,9/12/25 6:40 AM,2 minutes and 28 seconds,Mayra Luna
Tink-a-Tako - Potranco,Candy  Del angel ,6,,Lobby,,9/12/25 6:41 AM,9/12/25 6:42 AM,1 minute and 16 seconds,Mayra Luna
Tink-a-Tako - Potranco,Candy  Del angel ,7,,Lobby,,9/12/25 6:43 AM,9/12/25 6:44 AM,1 minute and 2 seconds,Mayra Luna
Tink-a-Tako - Potranco,Candy  Del angel ,8,,Lobby,,9/12/25 6:44 AM,9/12/25 6:45 AM,36 seconds,Mayra Luna
Tink-a-Tako - Potranco,Candy  Del angel ,12,,Lobby,,9/12/25 6:55 AM,9/12/25 7:00 AM,4 minutes and 46 seconds,Mayra Luna
Tink-a-Tako - Potranco,Norma Vasquez,10,17,Lobby,,9/12/25 6:51 AM,9/12/25 7:03 AM,12 minutes,Mayra Luna
Tink-a-Tako - Potranco,Candy  Del angel ,15,,Lobby,,9/12/25 7:02 AM,9/12/25 7:04 AM,2 minutes and 3 seconds,Mayra Luna
Tink-a-Tako - Potranco,Candy  Del angel ,14,,Lobby,,9/12/25 7:01 AM,9/12/25 7:06 AM,5 minutes and 1 second,Mayra Luna
Tink-a-Tako - Potranco,Candy  Del angel ,16,,Lobby,,9/12/25 7:04 AM,9/12/25 7:08 AM,4 minutes and 12 seconds,Mayra Luna
Tink-a-Tako - Potranco,Norma Vasquez,13,11,Lobby,,9/12/25 6:58 AM,9/12/25 7:09 AM,10 minutes and 28 seconds,Mayra Luna
Tink-a-Tako - Potranco,Norma Vasquez,4,,,2,9/12/25 6:40 AM,9/12/25 7:09 AM,28 minutes and 28 seconds,Mayra Luna
Tink-a-Tako - Potranco,Norma Vasquez,13,11,,2,9/12/25 7:09 AM,9/12/25 7:09 AM,12 seconds,Mayra Luna
Tink-a-Tako - Potranco,Norma Vasquez,10,17,,2,9/12/25 7:03 AM,9/12/25 7:09 AM,5 minutes and 56 seconds,Mayra Luna
Tink-a-Tako - Potranco,Candy  Del angel ,18,,Lobby,,9/12/25 7:07 AM,9/12/25 7:09 AM,2 minutes and 10 seconds,Mayra Luna
Tink-a-Tako - Potranco,Candy  Del angel ,19,,Lobby,,9/12/25 7:09 AM,9/12/25 7:12 AM,2 minutes and 40 seconds,Mayra Luna
Tink-a-Tako - Potranco,Candy  Del angel ,17,,Lobby,,9/12/25 7:06 AM,9/12/25 7:17 AM,10 minutes and 49 seconds,Mayra Luna
Tink-a-Tako - Potranco,Candy  Del angel ,21,,Lobby,,9/12/25 7:10 AM,9/12/25 7:17 AM,7 minutes and 25 seconds,Mayra Luna
Tink-a-Tako - Potranco,Norma Vasquez,22,,Lobby,,9/12/25 7:14 AM,9/12/25 7:18 AM,4 minutes and 10 seconds,Mayra Luna
Tink-a-Tako - Potranco,Norma Vasquez,23,,Lobby,,9/12/25 7:14 AM,9/12/25 7:19 AM,5 minutes and 38 seconds,Mayra Luna
Tink-a-Tako - Potranco,Norma Vasquez,26,26,Lobby,,9/12/25 7:18 AM,9/12/25 7:21 AM,3 minutes and 6 seconds,Mayra Luna
Tink-a-Tako - Potranco,Candy  Del angel ,25,,Lobby,,9/12/25 7:17 AM,9/12/25 7:21 AM,4 minutes and 19 seconds,Mayra Luna
Tink-a-Tako - Potranco,Norma Vasquez,20,37,Lobby,,9/12/25 7:09 AM,9/12/25 7:21 AM,12 minutes and 15 seconds,Mayra Luna
Tink-a-Tako - Potranco,Candy  Del angel ,24,,Lobby,,9/12/25 7:16 AM,9/12/25 7:21 AM,5 minutes and 9 seconds,Mayra Luna
Tink-a-Tako - Potranco,Norma Vasquez,26,26,,2,9/12/25 7:21 AM,9/12/25 7:22 AM,41 seconds,Mayra Luna
Tink-a-Tako - Potranco,Norma Vasquez,20,37,,2,9/12/25 7:21 AM,9/12/25 7:22 AM,10 seconds,Mayra Luna
Tink-a-Tako - Potranco,Norma Vasquez,22,,,2,9/12/25 7:18 AM,9/12/25 7:22 AM,3 minutes and 47 seconds,Mayra Luna
Tink-a-Tako - Potranco,Norma Vasquez,23,,,2,9/12/25 7:19 AM,9/12/25 7:22 AM,2 minutes and 7 seconds,Mayra Luna
Tink-a-Tako - Potranco,Candy  Del angel ,28,,Lobby,,9/12/25 7:19 AM,9/12/25 7:22 AM,2 minutes and 54 seconds,Mayra Luna
Tink-a-Tako - Potranco,Candy  Del angel ,29,,Lobby,,9/12/25 7:20 AM,9/12/25 7:22 AM,2 minutes and 42 seconds,Mayra Luna
Tink-a-Tako - Potranco,Candy  Del angel ,27,,Lobby,,9/12/25 7:18 AM,9/12/25 7:22 AM,4 minutes and 3 seconds,Mayra Luna
Tink-a-Tako - Potranco,Candy  Del angel ,30,,Lobby,,9/12/25 7:23 AM,9/12/25 7:25 AM,2 minutes and 24 seconds,Mayra Luna
Tink-a-Tako - Potranco,Candy  Del angel ,31,,Lobby,,9/12/25 7:23 AM,9/12/25 7:26 AM,2 minutes and 27 seconds,Mayra Luna
Tink-a-Tako - Potranco,Candy  Del angel ,32,,Lobby,,9/12/25 7:26 AM,9/12/25 7:29 AM,2 minutes and 26 seconds,Mayra Luna
Tink-a-Tako - Potranco,Candy  Del angel ,33,,Lobby,,9/12/25 7:26 AM,9/12/25 7:30 AM,3 minutes and 22 seconds,Mayra Luna
Tink-a-Tako - Potranco,Norma Vasquez,35,22,Lobby,,9/12/25 7:32 AM,9/12/25 7:33 AM,40 seconds,Mayra Luna
Tink-a-Tako - Potranco,Norma Vasquez,34,,Lobby,,9/12/25 7:27 AM,9/12/25 7:35 AM,7 minutes and 40 seconds,Mayra Luna
Tink-a-Tako - Potranco,Norma Vasquez,9,,Lobby,,9/12/25 6:51 AM,9/12/25 7:35 AM,43 minutes and 58 seconds,Mayra Luna
Tink-a-Tako - Potranco,Candy  Del angel ,36,,Lobby,,9/12/25 7:37 AM,9/12/25 7:38 AM,39 seconds,Mayra Luna
Tink-a-Tako - Potranco,Norma Vasquez,9,,,2,9/12/25 7:35 AM,9/12/25 7:38 AM,2 minutes and 45 seconds,Mayra Luna
Tink-a-Tako - Potranco,Norma Vasquez,34,,,2,9/12/25 7:35 AM,9/12/25 7:38 AM,2 minutes and 42 seconds,Mayra Luna
Tink-a-Tako - Potranco,Norma Vasquez,35,22,,2,9/12/25 7:33 AM,9/12/25 7:38 AM,5 minutes and 20 seconds,Mayra Luna
Tink-a-Tako - Potranco,Candy  Del angel ,38,,Lobby,,9/12/25 7:40 AM,9/12/25 7:42 AM,2 minutes and 45 seconds,Mayra Luna
Tink-a-Tako - Potranco,Candy  Del angel ,39,,Lobby,,9/12/25 7:40 AM,9/12/25 7:44 AM,4 minutes and 2 seconds,Mayra Luna
Tink-a-Tako - Potranco,Candy  Del angel ,37,,Lobby,,9/12/25 7:39 AM,9/12/25 7:45 AM,5 minutes and 22 seconds,Mayra Luna
Tink-a-Tako - Potranco,Candy  Del angel ,41,,Lobby,,9/12/25 7:42 AM,9/12/25 7:45 AM,2 minutes and 34 seconds,Mayra Luna
Tink-a-Tako - Potranco,Candy  Del angel ,40,,Lobby,,9/12/25 7:40 AM,9/12/25 7:49 AM,8 minutes and 34 seconds,Mayra Luna
Tink-a-Tako - Potranco,Norma Vasquez,44,33,Lobby,,9/12/25 7:47 AM,9/12/25 7:49 AM,2 minutes and 9 seconds,Mayra Luna
Tink-a-Tako - Potranco,Norma Vasquez,42,,Lobby,,9/12/25 7:45 AM,9/12/25 7:51 AM,5 minutes and 46 seconds,Mayra Luna
Tink-a-Tako - Potranco,Rosie  ORDONEZ,43,,Lobby,,9/12/25 7:46 AM,9/12/25 7:52 AM,6 minutes and 28 seconds,Mayra Luna
Tink-a-Tako - Potranco,Esperansa Caviedes,47,15,Lobby,,9/12/25 7:50 AM,9/12/25 7:53 AM,3 minutes and 21 seconds,Mayra Luna
Tink-a-Tako - Potranco,Esperansa Caviedes,47,15,Prep,,9/12/25 7:50 AM,9/12/25 7:53 AM,3 minutes and 21 seconds,Mayra Luna
Tink-a-Tako - Potranco,Esperansa Caviedes,47,15,Tortillero,,9/12/25 7:50 AM,9/12/25 7:53 AM,3 minutes and 21 seconds,Mayra Luna
Tink-a-Tako - Potranco,Candy  Del angel ,45,,Lobby,,9/12/25 7:48 AM,9/12/25 7:54 AM,5 minutes and 56 seconds,Mayra Luna
Tink-a-Tako - Potranco,Rosie  ORDONEZ,46,,Lobby,,9/12/25 7:49 AM,9/12/25 7:55 AM,6 minutes and 28 seconds,Mayra Luna
Tink-a-Tako - Potranco,Norma Vasquez,49,,Lobby,,9/12/25 7:50 AM,9/12/25 7:56 AM,6 minutes and 11 seconds,Mayra Luna
Tink-a-Tako - Potranco,Candy  Del angel ,48,,Lobby,,9/12/25 7:49 AM,9/12/25 7:56 AM,6 minutes and 29 seconds,Mayra Luna
Tink-a-Tako - Potranco,Candy  Del angel ,50,,Lobby,,9/12/25 7:50 AM,9/12/25 7:56 AM,6 minutes and 42 seconds,Mayra Luna
Tink-a-Tako - Potranco,Candy  Del angel ,51,,Lobby,,9/12/25 7:50 AM,9/12/25 7:57 AM,7 minutes and 10 seconds,Mayra Luna
Tink-a-Tako - Potranco,Candy  Del angel ,52,,Lobby,,9/12/25 7:50 AM,9/12/25 7:59 AM,8 minutes and 11 seconds,Mayra Luna
Tink-a-Tako - Potranco,Candy  Del angel ,53,,Lobby,,9/12/25 7:51 AM,9/12/25 7:59 AM,8 minutes and 41 seconds,Mayra Luna
Tink-a-Tako - Potranco,Norma Vasquez,49,,,2,9/12/25 7:56 AM,9/12/25 8:00 AM,4 minutes and 33 seconds,Mayra Luna
Tink-a-Tako - Potranco,Rosie  ORDONEZ,46,,,2,9/12/25 7:55 AM,9/12/25 8:00 AM,4 minutes and 58 seconds,Mayra Luna
Tink-a-Tako - Potranco,Esperansa Caviedes,47,15,,2,9/12/25 7:53 AM,9/12/25 8:00 AM,7 minutes and 28 seconds,Mayra Luna
Tink-a-Tako - Potranco,Rosie  ORDONEZ,43,,,2,9/12/25 7:52 AM,9/12/25 8:00 AM,8 minutes and 29 seconds,Mayra Luna
Tink-a-Tako - Potranco,Norma Vasquez,44,33,,2,9/12/25 7:49 AM,9/12/25 8:01 AM,11 minutes and 3 seconds,Mayra Luna
Tink-a-Tako - Potranco,Norma Vasquez,42,,,2,9/12/25 7:51 AM,9/12/25 8:01 AM,9 minutes and 37 seconds,Mayra Luna
Tink-a-Tako - Potranco,Candy  Del angel ,55,,Lobby,,9/12/25 7:51 AM,9/12/25 8:01 AM,9 minutes and 26 seconds,Mayra Luna
Tink-a-Tako - Potranco,Candy  Del angel ,54,,Lobby,,9/12/25 7:51 AM,9/12/25 8:02 AM,10 minutes and 50 seconds,Mayra Luna
Tink-a-Tako - Potranco,Candy  Del angel ,57,,Lobby,,9/12/25 8:00 AM,9/12/25 8:03 AM,2 minutes and 14 seconds,Mayra Luna
Tink-a-Tako - Potranco,Candy  Del angel ,56,,Lobby,,9/12/25 7:59 AM,9/12/25 8:03 AM,4 minutes and 31 seconds,Mayra Luna
Tink-a-Tako - Potranco,Candy  Del angel ,58,,Lobby,,9/12/25 8:02 AM,9/12/25 8:04 AM,2 minutes and 9 seconds,Mayra Luna
Tink-a-Tako - Potranco,Maria Majana,60,,Lobby,,9/12/25 8:02 AM,9/12/25 8:05 AM,2 minutes and 26 seconds,Mayra Luna
Tink-a-Tako - Potranco,Norma Vasquez,62,38,Prep,,9/12/25 8:03 AM,9/12/25 8:05 AM,1 minute and 46 seconds,Mayra Luna
Tink-a-Tako - Potranco,Norma Vasquez,62,38,Lobby,,9/12/25 8:03 AM,9/12/25 8:05 AM,1 minute and 46 seconds,Mayra Luna
Tink-a-Tako - Potranco,Candy  Del angel ,63,,Lobby,,9/12/25 8:04 AM,9/12/25 8:05 AM,1 minute and 6 seconds,Mayra Luna
Tink-a-Tako - Potranco,Candy  Del angel ,64,,Lobby,,9/12/25 8:05 AM,9/12/25 8:06 AM,1 minute and 41 seconds,Mayra Luna
Tink-a-Tako - Potranco,Candy  Del angel ,66,,Lobby,,9/12/25 8:06 AM,9/12/25 8:07 AM,34 seconds,Mayra Luna
Tink-a-Tako - Potranco,Rosa Compean,12002,,Lobby,,9/12/25 7:59 AM,9/12/25 8:10 AM,11 minutes and 3 seconds,Mayra Luna
Tink-a-Tako - Potranco,Maria Majana,61,,Lobby,,9/12/25 8:07 AM,9/12/25 8:12 AM,5 minutes and 14 seconds,Mayra Luna
Tink-a-Tako - Potranco,Candy  Del angel ,68,,Lobby,,9/12/25 8:09 AM,9/12/25 8:13 AM,4 minutes and 47 seconds,Mayra Luna
Tink-a-Tako - Potranco,Candy  Del angel ,70,,Lobby,,9/12/25 8:10 AM,9/12/25 8:14 AM,4 minutes and 15 seconds,Mayra Luna
Tink-a-Tako - Potranco,Maria Majana,61,,,2,9/12/25 8:12 AM,9/12/25 8:16 AM,3 minutes and 14 seconds,Mayra Luna
Tink-a-Tako - Potranco,Rosa Compean,12002,,,2,9/12/25 8:10 AM,9/12/25 8:16 AM,5 minutes and 27 seconds,Mayra Luna
Tink-a-Tako - Potranco,Candy  Del angel ,71,,Lobby,,9/12/25 8:10 AM,9/12/25 8:16 AM,5 minutes and 36 seconds,Mayra Luna
Tink-a-Tako - Potranco,Candy  Del angel ,77,,Lobby,,9/12/25 8:13 AM,9/12/25 8:17 AM,3 minutes and 10 seconds,Mayra Luna
Tink-a-Tako - Potranco,Norma Vasquez,65,24,Lobby,,9/12/25 8:06 AM,9/12/25 8:17 AM,11 minutes and 4 seconds,Mayra Luna
Tink-a-Tako - Potranco,Candy  Del angel ,72,,Lobby,,9/12/25 8:11 AM,9/12/25 8:17 AM,6 minutes and 25 seconds,Mayra Luna
Tink-a-Tako - Potranco,Candy  Del angel ,76,,Lobby,,9/12/25 8:13 AM,9/12/25 8:23 AM,10 minutes and 25 seconds,Mayra Luna
Tink-a-Tako - Potranco,Candy  Del angel ,75,,Lobby,,9/12/25 8:11 AM,9/12/25 8:24 AM,12 minutes and 15 seconds,Mayra Luna
Tink-a-Tako - Potranco,Norma Vasquez,79,,Lobby,,9/12/25 8:15 AM,9/12/25 8:24 AM,9 minutes and 32 seconds,Mayra Luna
Tink-a-Tako - Potranco,Esperansa Caviedes,74,37,Lobby,,9/12/25 8:12 AM,9/12/25 8:24 AM,12 minutes and 37 seconds,Mayra Luna
Tink-a-Tako - Potranco,Candy  Del angel ,80,,Lobby,,9/12/25 8:18 AM,9/12/25 8:24 AM,6 minutes and 20 seconds,Mayra Luna
Tink-a-Tako - Potranco,Candy  Del angel ,81,,Lobby,,9/12/25 8:21 AM,9/12/25 8:25 AM,3 minutes and 36 seconds,Mayra Luna
Tink-a-Tako - Potranco,Candy  Del angel ,84,,Lobby,,9/12/25 8:22 AM,9/12/25 8:25 AM,2 minutes and 53 seconds,Mayra Luna
Tink-a-Tako - Potranco,Candy  Del angel ,78,,Lobby,,9/12/25 8:21 AM,9/12/25 8:26 AM,4 minutes and 35 seconds,Mayra Luna
Tink-a-Tako - Potranco,Norma Vasquez,65,24,,2,9/12/25 8:17 AM,9/12/25 8:26 AM,8 minutes and 37 seconds,Mayra Luna
Tink-a-Tako - Potranco,Maria Majana,60,,,2,9/12/25 8:05 AM,9/12/25 8:26 AM,21 minutes and 10 seconds,Mayra Luna
Tink-a-Tako - Potranco,Norma Vasquez,62,38,,2,9/12/25 8:05 AM,9/12/25 8:26 AM,21 minutes and 4 seconds,Mayra Luna
Tink-a-Tako - Potranco,Esperansa Caviedes,74,37,,2,9/12/25 8:24 AM,9/12/25 8:26 AM,1 minute and 21 seconds,Mayra Luna
Tink-a-Tako - Potranco,Norma Vasquez,79,,,2,9/12/25 8:24 AM,9/12/25 8:26 AM,1 minute and 27 seconds,Mayra Luna
Tink-a-Tako - Potranco,Candy  Del angel ,83,,Lobby,,9/12/25 8:22 AM,9/12/25 8:26 AM,4 minutes and 21 seconds,Mayra Luna
Tink-a-Tako - Potranco,Candy  Del angel ,82,,Lobby,,9/12/25 8:22 AM,9/12/25 8:26 AM,4 minutes and 33 seconds,Mayra Luna
Tink-a-Tako - Potranco,Rosie  ORDONEZ,85,,Lobby,,9/12/25 8:24 AM,9/12/25 8:29 AM,5 minutes and 39 seconds,Mayra Luna
Tink-a-Tako - Potranco,Rosa Compean,87,25,Lobby,,9/12/25 8:28 AM,9/12/25 8:32 AM,4 minutes and 5 seconds,Mayra Luna
Tink-a-Tako - Potranco,Rosie  ORDONEZ,85,,,2,9/12/25 8:29 AM,9/12/25 8:35 AM,5 minutes and 48 seconds,Mayra Luna
Tink-a-Tako - Potranco,Rosa Compean,87,25,,2,9/12/25 8:32 AM,9/12/25 8:35 AM,2 minutes and 33 seconds,Mayra Luna
Tink-a-Tako - Potranco,Candy  Del angel ,90,,Lobby,,9/12/25 8:32 AM,9/12/25 8:36 AM,3 minutes and 12 seconds,Mayra Luna
Tink-a-Tako - Potranco,Candy  Del angel ,93,,Lobby,,9/12/25 8:33 AM,9/12/25 8:37 AM,3 minutes and 29 seconds,Mayra Luna
Tink-a-Tako - Potranco,Silvia Hernandez,92,7,Prep,,9/12/25 8:34 AM,9/12/25 8:40 AM,6 minutes and 35 seconds,Mayra Luna
Tink-a-Tako - Potranco,Silvia Hernandez,92,7,Tortillero,,9/12/25 8:34 AM,9/12/25 8:40 AM,6 minutes and 35 seconds,Mayra Luna
Tink-a-Tako - Potranco,Silvia Hernandez,92,7,Lobby,,9/12/25 8:34 AM,9/12/25 8:40 AM,6 minutes and 35 seconds,Mayra Luna
Tink-a-Tako - Potranco,Candy  Del angel ,94,,Lobby,,9/12/25 8:35 AM,9/12/25 8:40 AM,5 minutes and 41 seconds,Mayra Luna
Tink-a-Tako - Potranco,Esperansa Caviedes,74,37,Lobby,,9/12/25 8:41 AM,9/12/25 8:42 AM,1 minute and 9 seconds,Mayra Luna
Tink-a-Tako - Potranco,Candy  Del angel ,95,,Lobby,,9/12/25 8:36 AM,9/12/25 8:43 AM,7 minutes and 23 seconds,Mayra Luna
Tink-a-Tako - Potranco,Candy  Del angel ,95,,Prep,,9/12/25 8:36 AM,9/12/25 8:43 AM,7 minutes and 23 seconds,Mayra Luna
Tink-a-Tako - Potranco,Rosa Compean,100,39,Lobby,,9/12/25 8:41 AM,9/12/25 8:45 AM,4 minutes,Mayra Luna
Tink-a-Tako - Potranco,Candy  Del angel ,86,,Lobby,,9/12/25 8:37 AM,9/12/25 8:46 AM,8 minutes and 29 seconds,Mayra Luna
Tink-a-Tako - Potranco,Candy  Del angel ,97,,Lobby,,9/12/25 8:37 AM,9/12/25 8:47 AM,9 minutes and 28 seconds,Mayra Luna
Tink-a-Tako - Potranco,Candy  Del angel ,98,,Lobby,,9/12/25 8:38 AM,9/12/25 8:48 AM,10 minutes and 1 second,Mayra Luna
Tink-a-Tako - Potranco,Esperansa Caviedes,74,37,,2,9/12/25 8:42 AM,9/12/25 8:50 AM,7 minutes and 40 seconds,Mayra Luna
Tink-a-Tako - Potranco,Candy  Del angel ,101,,Lobby,,9/12/25 8:43 AM,9/12/25 8:50 AM,6 minutes and 58 seconds,Mayra Luna
Tink-a-Tako - Potranco,Silvia Hernandez,92,7,,2,9/12/25 8:40 AM,9/12/25 8:51 AM,10 minutes and 26 seconds,Mayra Luna
Tink-a-Tako - Potranco,Esperansa Caviedes,103,22,Lobby,,9/12/25 8:47 AM,9/12/25 8:51 AM,4 minutes and 30 seconds,Mayra Luna
Tink-a-Tako - Potranco,Esperansa Caviedes,103,22,,2,9/12/25 8:51 AM,9/12/25 8:51 AM,23 seconds,Mayra Luna
Tink-a-Tako - Potranco,Rosa Compean,100,39,,2,9/12/25 8:45 AM,9/12/25 8:51 AM,6 minutes and 56 seconds,Mayra Luna
Tink-a-Tako - Potranco,Silvia Hernandez,92,7,,2,9/12/25 8:51 AM,9/12/25 8:52 AM,41 seconds,Mayra Luna
Tink-a-Tako - Potranco,Norma Vasquez,104,33,Lobby,,9/12/25 8:49 AM,9/12/25 8:53 AM,4 minutes and 26 seconds,Mayra Luna
Tink-a-Tako - Potranco,Candy  Del angel ,105,,Lobby,,9/12/25 8:53 AM,9/12/25 8:59 AM,6 minutes,Mayra Luna
Tink-a-Tako - Potranco,Norma Vasquez,104,33,,2,9/12/25 9:01 AM,9/12/25 9:01 AM,2 seconds,Mayra Luna
Tink-a-Tako - Potranco,Candy  Del angel ,106,,Lobby,,9/12/25 8:53 AM,9/12/25 9:01 AM,7 minutes and 34 seconds,Mayra Luna
Tink-a-Tako - Potranco,Norma Vasquez,104,33,Lobby,,9/12/25 9:03 AM,9/12/25 9:04 AM,1 minute and 38 seconds,Mayra Luna
Tink-a-Tako - Potranco,Maria Majana,111,,Lobby,,9/12/25 9:05 AM,9/12/25 9:06 AM,1 minute and 30 seconds,Mayra Luna
Tink-a-Tako - Potranco,Maria Majana,88,2,Lobby,,9/12/25 8:59 AM,9/12/25 9:06 AM,7 minutes and 23 seconds,Mayra Luna
Tink-a-Tako - Potranco,Norma Vasquez,109,32,Lobby,,9/12/25 8:59 AM,9/12/25 9:06 AM,7 minutes and 22 seconds,Mayra Luna
Tink-a-Tako - Potranco,Rosa Compean,117,37,Lobby,,9/12/25 9:08 AM,9/12/25 9:10 AM,2 minutes and 1 second,Mayra Luna
Tink-a-Tako - Potranco,Candy  Del angel ,113,,Lobby,,9/12/25 9:06 AM,9/12/25 9:10 AM,4 minutes and 19 seconds,Mayra Luna
Tink-a-Tako - Potranco,Rosa Compean,117,37,,2,9/12/25 9:10 AM,9/12/25 9:11 AM,33 seconds,Mayra Luna
Tink-a-Tako - Potranco,Maria Majana,88,2,,2,9/12/25 9:06 AM,9/12/25 9:10 AM,4 minutes and 3 seconds,Mayra Luna
Tink-a-Tako - Potranco,Norma Vasquez,104,33,,2,9/12/25 8:53 AM,9/12/25 9:10 AM,17 minutes and 25 seconds,Mayra Luna
Tink-a-Tako - Potranco,Norma Vasquez,104,33,,2,9/12/25 9:04 AM,9/12/25 9:11 AM,6 minutes and 8 seconds,Mayra Luna
Tink-a-Tako - Potranco,Norma Vasquez,109,32,,2,9/12/25 9:06 AM,9/12/25 9:11 AM,4 minutes and 4 seconds,Mayra Luna
Tink-a-Tako - Potranco,Maria Majana,111,,,2,9/12/25 9:06 AM,9/12/25 9:11 AM,4 minutes and 22 seconds,Mayra Luna
Tink-a-Tako - Potranco,Candy  Del angel ,114,,Lobby,,9/12/25 9:06 AM,9/12/25 9:11 AM,4 minutes and 36 seconds,Mayra Luna
Tink-a-Tako - Potranco,Silvia Hernandez,110,35,Lobby,,9/12/25 9:08 AM,9/12/25 9:12 AM,3 minutes and 38 seconds,Mayra Luna
Tink-a-Tako - Potranco,Candy  Del angel ,115,,Lobby,,9/12/25 9:07 AM,9/12/25 9:13 AM,6 minutes and 13 seconds,Mayra Luna
Tink-a-Tako - Potranco,Candy  Del angel ,99,,Lobby,,9/12/25 9:08 AM,9/12/25 9:14 AM,5 minutes and 19 seconds,Mayra Luna
Tink-a-Tako - Potranco,Candy  Del angel ,118,,Lobby,,9/12/25 9:11 AM,9/12/25 9:15 AM,4 minutes and 15 seconds,Mayra Luna
Tink-a-Tako - Potranco,Candy  Del angel ,119,,Lobby,,9/12/25 9:11 AM,9/12/25 9:20 AM,8 minutes and 33 seconds,Mayra Luna
Tink-a-Tako - Potranco,Candy  Del angel ,120,,Lobby,,9/12/25 9:12 AM,9/12/25 9:21 AM,8 minutes and 56 seconds,Mayra Luna
Tink-a-Tako - Potranco,Candy  Del angel ,121,,Lobby,,9/12/25 9:12 AM,9/12/25 9:21 AM,9 minutes and 32 seconds,Mayra Luna
Tink-a-Tako - Potranco,Silvia Hernandez,125,26,Lobby,,9/12/25 9:17 AM,9/12/25 9:22 AM,5 minutes and 25 seconds,Mayra Luna
Tink-a-Tako - Potranco,Silvia Hernandez,123,17,Lobby,,9/12/25 9:13 AM,9/12/25 9:22 AM,8 minutes and 49 seconds,Mayra Luna
Tink-a-Tako - Potranco,Candy  Del angel ,126,,Lobby,,9/12/25 9:18 AM,9/12/25 9:23 AM,4 minutes and 25 seconds,Mayra Luna
Tink-a-Tako - Potranco,Norma Vasquez,129,18,Lobby,,9/12/25 9:19 AM,9/12/25 9:25 AM,6 minutes and 5 seconds,Mayra Luna
Tink-a-Tako - Potranco,Rosa Compean,124,,Lobby,,9/12/25 9:19 AM,9/12/25 9:26 AM,7 minutes,Mayra Luna
Tink-a-Tako - Potranco,Candy  Del angel ,132,,Lobby,,9/12/25 9:22 AM,9/12/25 9:27 AM,5 minutes and 15 seconds,Mayra Luna
Tink-a-Tako - Potranco,Candy  Del angel ,133,,Lobby,,9/12/25 9:24 AM,9/12/25 9:28 AM,4 minutes and 14 seconds,Mayra Luna
Tink-a-Tako - Potranco,Candy  Del angel ,134,,Lobby,,9/12/25 9:24 AM,9/12/25 9:28 AM,4 minutes and 4 seconds,Mayra Luna
Tink-a-Tako - Potranco,Silvia Hernandez,125,26,,2,9/12/25 9:22 AM,9/12/25 9:29 AM,6 minutes and 39 seconds,Mayra Luna
Tink-a-Tako - Potranco,Norma Vasquez,129,18,,2,9/12/25 9:25 AM,9/12/25 9:29 AM,3 minutes and 51 seconds,Mayra Luna
Tink-a-Tako - Potranco,Silvia Hernandez,123,17,,2,9/12/25 9:22 AM,9/12/25 9:29 AM,6 minutes and 39 seconds,Mayra Luna
Tink-a-Tako - Potranco,Rosa Compean,124,,,2,9/12/25 9:26 AM,9/12/25 9:29 AM,3 minutes and 2 seconds,Mayra Luna
Tink-a-Tako - Potranco,Silvia Hernandez,110,35,,2,9/12/25 9:12 AM,9/12/25 9:29 AM,16 minutes and 39 seconds,Mayra Luna
Tink-a-Tako - Potranco,Candy  Del angel ,135,,Lobby,,9/12/25 9:25 AM,9/12/25 9:29 AM,4 minutes and 31 seconds,Mayra Luna
Tink-a-Tako - Potranco,Candy  Del angel ,136,,Lobby,,9/12/25 9:28 AM,9/12/25 9:31 AM,3 minutes and 12 seconds,Mayra Luna
Tink-a-Tako - Potranco,Esperansa Caviedes,108,31,Lobby,,9/12/25 9:28 AM,9/12/25 9:35 AM,6 minutes and 57 seconds,Mayra Luna
Tink-a-Tako - Potranco,Candy  Del angel ,138,,Lobby,,9/12/25 9:33 AM,9/12/25 9:35 AM,2 minutes and 27 seconds,Mayra Luna
Tink-a-Tako - Potranco,Candy  Del angel ,139,,Lobby,,9/12/25 9:33 AM,9/12/25 9:37 AM,3 minutes and 38 seconds,Mayra Luna
Tink-a-Tako - Potranco,Esperansa Caviedes,108,31,Lobby,,9/12/25 9:35 AM,9/12/25 9:38 AM,2 minutes and 50 seconds,Mayra Luna
Tink-a-Tako - Potranco,Candy  Del angel ,140,,Lobby,,9/12/25 9:34 AM,9/12/25 9:38 AM,4 minutes and 5 seconds,Mayra Luna
Tink-a-Tako - Potranco,Candy  Del angel ,141,,Lobby,,9/12/25 9:35 AM,9/12/25 9:38 AM,3 minutes and 55 seconds,Mayra Luna
Tink-a-Tako - Potranco,Candy  Del angel ,143,,Lobby,,9/12/25 9:38 AM,9/12/25 9:39 AM,47 seconds,Mayra Luna
Tink-a-Tako - Potranco,Esperansa Caviedes,108,31,,2,9/12/25 9:35 AM,9/12/25 9:41 AM,6 minutes and 18 seconds,Mayra Luna
Tink-a-Tako - Potranco,Rosa Compean,142,41,Lobby,,9/12/25 9:38 AM,9/12/25 9:45 AM,6 minutes and 52 seconds,Mayra Luna
Tink-a-Tako - Potranco,Esperansa Caviedes,147,38,Lobby,,9/12/25 9:41 AM,9/12/25 9:45 AM,3 minutes and 57 seconds,Mayra Luna
Tink-a-Tako - Potranco,Candy  Del angel ,149,,Lobby,,9/12/25 9:42 AM,9/12/25 9:47 AM,5 minutes and 22 seconds,Mayra Luna
Tink-a-Tako - Potranco,Rosa Compean,146,3,Lobby,,9/12/25 9:40 AM,9/12/25 9:48 AM,8 minutes and 11 seconds,Mayra Luna
Tink-a-Tako - Potranco,Rosa Compean,148,25,Lobby,,9/12/25 9:43 AM,9/12/25 9:49 AM,6 minutes and 12 seconds,Mayra Luna
Tink-a-Tako - Potranco,Silvia Hernandez,152,33,Lobby,,9/12/25 9:45 AM,9/12/25 9:49 AM,4 minutes and 15 seconds,Mayra Luna
Tink-a-Tako - Potranco,Candy  Del angel ,144,,Lobby,,9/12/25 9:39 AM,9/12/25 9:50 AM,10 minutes and 50 seconds,Mayra Luna
Tink-a-Tako - Potranco,Norma Vasquez,155,23,Prep,,9/12/25 9:45 AM,9/12/25 9:50 AM,4 minutes and 52 seconds,Mayra Luna
Tink-a-Tako - Potranco,Norma Vasquez,155,23,Tortillero,,9/12/25 9:45 AM,9/12/25 9:50 AM,4 minutes and 52 seconds,Mayra Luna
Tink-a-Tako - Potranco,Norma Vasquez,155,23,Lobby,,9/12/25 9:45 AM,9/12/25 9:50 AM,4 minutes and 52 seconds,Mayra Luna
Tink-a-Tako - Potranco,Candy  Del angel ,153,,Lobby,,9/12/25 9:44 AM,9/12/25 9:50 AM,5 minutes and 53 seconds,Mayra Luna
Tink-a-Tako - Potranco,Norma Vasquez,157,7,Lobby,,9/12/25 9:47 AM,9/12/25 9:51 AM,3 minutes and 12 seconds,Mayra Luna
Tink-a-Tako - Potranco,Candy  Del angel ,150,,Lobby,,9/12/25 9:43 AM,9/12/25 9:51 AM,7 minutes and 57 seconds,Mayra Luna
Tink-a-Tako - Potranco,Rosa Compean,142,41,,2,9/12/25 9:45 AM,9/12/25 9:51 AM,5 minutes and 56 seconds,Mayra Luna
Tink-a-Tako - Potranco,Esperansa Caviedes,108,31,,2,9/12/25 9:38 AM,9/12/25 9:51 AM,12 minutes and 55 seconds,Mayra Luna
Tink-a-Tako - Potranco,Silvia Hernandez,152,33,,2,9/12/25 9:49 AM,9/12/25 9:51 AM,2 minutes and 8 seconds,Mayra Luna
Tink-a-Tako - Potranco,Rosa Compean,146,3,,2,9/12/25 9:48 AM,9/12/25 9:51 AM,2 minutes and 31 seconds,Mayra Luna
Tink-a-Tako - Potranco,Esperansa Caviedes,147,38,,2,9/12/25 9:45 AM,9/12/25 9:51 AM,5 minutes and 33 seconds,Mayra Luna
Tink-a-Tako - Potranco,Rosa Compean,148,25,,2,9/12/25 9:49 AM,9/12/25 9:51 AM,2 minutes and 9 seconds,Mayra Luna
Tink-a-Tako - Potranco,Norma Vasquez,129,18,Lobby,,9/12/25 9:50 AM,9/12/25 9:52 AM,2 minutes and 23 seconds,Mayra Luna
Tink-a-Tako - Potranco,Candy  Del angel ,158,,Lobby,,9/12/25 9:51 AM,9/12/25 9:52 AM,1 minute and 27 seconds,Mayra Luna
Tink-a-Tako - Potranco,Esperansa Caviedes,156,32,Lobby,,9/12/25 9:51 AM,9/12/25 9:54 AM,3 minutes and 40 seconds,Mayra Luna
Tink-a-Tako - Potranco,Candy  Del angel ,159,,Lobby,,9/12/25 9:53 AM,9/12/25 9:59 AM,6 minutes and 10 seconds,Mayra Luna
Tink-a-Tako - Potranco,Rosa Compean,162,24,Lobby,,9/12/25 9:55 AM,9/12/25 9:59 AM,4 minutes and 27 seconds,Mayra Luna
Tink-a-Tako - Potranco,Silvia Hernandez,169,17,Lobby,,9/12/25 9:57 AM,9/12/25 9:59 AM,2 minutes and 36 seconds,Mayra Luna
Tink-a-Tako - Potranco,Candy  Del angel ,160,,Lobby,,9/12/25 9:54 AM,9/12/25 10:00 AM,6 minutes and 27 seconds,Mayra Luna
Tink-a-Tako - Potranco,Candy  Del angel ,161,,Lobby,,9/12/25 9:54 AM,9/12/25 10:01 AM,6 minutes and 28 seconds,Mayra Luna
Tink-a-Tako - Potranco,Rosa Compean,162,24,,2,9/12/25 9:59 AM,9/12/25 10:01 AM,1 minute and 54 seconds,Mayra Luna
Tink-a-Tako - Potranco,Norma Vasquez,155,23,,2,9/12/25 9:50 AM,9/12/25 10:01 AM,11 minutes and 46 seconds,Mayra Luna
Tink-a-Tako - Potranco,Norma Vasquez,157,7,,2,9/12/25 9:51 AM,9/12/25 10:01 AM,10 minutes and 47 seconds,Mayra Luna
Tink-a-Tako - Potranco,Esperansa Caviedes,156,32,,2,9/12/25 9:54 AM,9/12/25 10:01 AM,7 minutes and 1 second,Mayra Luna
Tink-a-Tako - Potranco,Silvia Hernandez,169,17,,2,9/12/25 9:59 AM,9/12/25 10:01 AM,1 minute and 57 seconds,Mayra Luna
Tink-a-Tako - Potranco,Candy  Del angel ,163,,Tortillero,,9/12/25 9:55 AM,9/12/25 10:02 AM,6 minutes and 32 seconds,Mayra Luna
Tink-a-Tako - Potranco,Candy  Del angel ,163,,Lobby,,9/12/25 9:55 AM,9/12/25 10:02 AM,6 minutes and 32 seconds,Mayra Luna
Tink-a-Tako - Potranco,Norma Vasquez,172,37,Lobby,,9/12/25 10:00 AM,9/12/25 10:03 AM,3 minutes and 5 seconds,Mayra Luna
Tink-a-Tako - Potranco,Candy  Del angel ,168,,Lobby,,9/12/25 9:57 AM,9/12/25 10:04 AM,6 minutes and 42 seconds,Mayra Luna
Tink-a-Tako - Potranco,Esperansa Caviedes,173,22,Lobby,,9/12/25 10:01 AM,9/12/25 10:05 AM,4 minutes and 13 seconds,Mayra Luna
Tink-a-Tako - Potranco,Candy  Del angel ,170,,Lobby,,9/12/25 9:58 AM,9/12/25 10:05 AM,7 minutes and 23 seconds,Mayra Luna
Tink-a-Tako - Potranco,Rosa Compean,142,41,Lobby,,9/12/25 10:05 AM,9/12/25 10:07 AM,1 minute and 24 seconds,Mayra Luna
Tink-a-Tako - Potranco,Maria Majana,174,,Lobby,,9/12/25 10:03 AM,9/12/25 10:07 AM,3 minutes and 30 seconds,Mayra Luna
Tink-a-Tako - Potranco,Candy  Del angel ,178,,Lobby,,9/12/25 10:07 AM,9/12/25 10:08 AM,53 seconds,Mayra Luna
Tink-a-Tako - Potranco,Rosa Compean,176,10,Lobby,,9/12/25 10:06 AM,9/12/25 10:08 AM,2 minutes and 7 seconds,Mayra Luna
Tink-a-Tako - Potranco,Candy  Del angel ,180,,Lobby,,9/12/25 10:08 AM,9/12/25 10:14 AM,6 minutes and 24 seconds,Mayra Luna
Tink-a-Tako - Potranco,Brianna  Arias ,183,,Lobby,,9/12/25 10:10 AM,9/12/25 10:14 AM,3 minutes and 53 seconds,Mayra Luna
Tink-a-Tako - Potranco,Rosa Compean,177,,Lobby,,9/12/25 10:07 AM,9/12/25 10:20 AM,12 minutes and 22 seconds,Mayra Luna
Tink-a-Tako - Potranco,Silvia Hernandez,185,18,Lobby,,9/12/25 10:12 AM,9/12/25 10:20 AM,8 minutes and 31 seconds,Mayra Luna
Tink-a-Tako - Potranco,Candy  Del angel ,122,,Lobby,,9/12/25 10:14 AM,9/12/25 10:21 AM,6 minutes and 10 seconds,Mayra Luna
Tink-a-Tako - Potranco,Candy  Del angel ,122,,Prep,,9/12/25 10:14 AM,9/12/25 10:21 AM,6 minutes and 10 seconds,Mayra Luna
Tink-a-Tako - Potranco,Candy  Del angel ,190,,Lobby,,9/12/25 10:18 AM,9/12/25 10:22 AM,4 minutes and 34 seconds,Mayra Luna
Tink-a-Tako - Potranco,Silvia Hernandez,185,18,,2,9/12/25 10:20 AM,9/12/25 10:23 AM,2 minutes and 36 seconds,Mayra Luna
Tink-a-Tako - Potranco,Brianna  Arias ,183,,,2,9/12/25 10:14 AM,9/12/25 10:23 AM,8 minutes and 29 seconds,Mayra Luna
Tink-a-Tako - Potranco,Rosa Compean,177,,,2,9/12/25 10:20 AM,9/12/25 10:23 AM,2 minutes and 55 seconds,Mayra Luna
Tink-a-Tako - Potranco,Candy  Del angel ,188,,Lobby,,9/12/25 10:15 AM,9/12/25 10:23 AM,8 minutes and 2 seconds,Mayra Luna
Tink-a-Tako - Potranco,Candy  Del angel ,189,,Lobby,,9/12/25 10:16 AM,9/12/25 10:25 AM,8 minutes and 27 seconds,Mayra Luna
Tink-a-Tako - Potranco,Maria Majana,193,,Lobby,,9/12/25 10:20 AM,9/12/25 10:25 AM,5 minutes and 11 seconds,Mayra Luna
Tink-a-Tako - Potranco,Candy  Del angel ,198,,Lobby,,9/12/25 10:24 AM,9/12/25 10:26 AM,2 minutes and 31 seconds,Mayra Luna
Tink-a-Tako - Potranco,Maria Majana,193,,,2,9/12/25 10:25 AM,9/12/25 10:27 AM,1 minute and 32 seconds,Mayra Luna
Tink-a-Tako - Potranco,Esperansa Caviedes,173,22,,2,9/12/25 10:05 AM,9/12/25 10:27 AM,22 minutes and 1 second,Mayra Luna
Tink-a-Tako - Potranco,Candy  Del angel ,197,,Lobby,,9/12/25 10:26 AM,9/12/25 10:27 AM,1 minute and 12 seconds,Mayra Luna
Tink-a-Tako - Potranco,Maria Majana,174,,,2,9/12/25 10:07 AM,9/12/25 10:27 AM,20 minutes and 11 seconds,Mayra Luna
Tink-a-Tako - Potranco,Norma Vasquez,129,18,,2,9/12/25 9:52 AM,9/12/25 10:27 AM,35 minutes and 7 seconds,Mayra Luna
Tink-a-Tako - Potranco,Norma Vasquez,172,37,,2,9/12/25 10:03 AM,9/12/25 10:27 AM,24 minutes and 25 seconds,Mayra Luna
Tink-a-Tako - Potranco,Rosa Compean,142,41,,2,9/12/25 10:07 AM,9/12/25 10:27 AM,20 minutes and 17 seconds,Mayra Luna
Tink-a-Tako - Potranco,Rosa Compean,176,10,,2,9/12/25 10:08 AM,9/12/25 10:27 AM,18 minutes and 56 seconds,Mayra Luna
Tink-a-Tako - Potranco,Candy  Del angel ,199,,Lobby,,9/12/25 10:26 AM,9/12/25 10:28 AM,1 minute and 47 seconds,Mayra Luna
Tink-a-Tako - Potranco,Candy  Del angel ,196,,Lobby,,9/12/25 10:23 AM,9/12/25 10:28 AM,5 minutes and 33 seconds,Mayra Luna
Tink-a-Tako - Potranco,Candy  Del angel ,201,,Lobby,,9/12/25 10:27 AM,9/12/25 10:31 AM,4 minutes and 15 seconds,Mayra Luna
Tink-a-Tako - Potranco,Candy  Del angel ,200,,Lobby,,9/12/25 10:26 AM,9/12/25 10:31 AM,4 minutes and 57 seconds,Mayra Luna
Tink-a-Tako - Potranco,Candy  Del angel ,202,,Lobby,,9/12/25 10:27 AM,9/12/25 10:32 AM,4 minutes and 52 seconds,Mayra Luna
Tink-a-Tako - Potranco,Norma Vasquez,195,12,Lobby,,9/12/25 10:22 AM,9/12/25 10:32 AM,10 minutes and 18 seconds,Mayra Luna
Tink-a-Tako - Potranco,Norma Vasquez,195,12,Tortillero,,9/12/25 10:22 AM,9/12/25 10:32 AM,10 minutes and 18 seconds,Mayra Luna
Tink-a-Tako - Potranco,Candy  Del angel ,203,,Lobby,,9/12/25 10:28 AM,9/12/25 10:34 AM,5 minutes and 52 seconds,Mayra Luna
Tink-a-Tako - Potranco,Esperansa Caviedes,204,33,Lobby,,9/12/25 10:28 AM,9/12/25 10:37 AM,9 minutes and 2 seconds,Mayra Luna
Tink-a-Tako - Potranco,Candy  Del angel ,210,,Lobby,,9/12/25 10:40 AM,9/12/25 10:41 AM,42 seconds,Mayra Luna
Tink-a-Tako - Potranco,Silvia Hernandez,206,24,Lobby,,9/12/25 10:36 AM,9/12/25 10:42 AM,6 minutes and 8 seconds,Mayra Luna
Tink-a-Tako - Potranco,Silvia Hernandez,206,24,Prep,,9/12/25 10:36 AM,9/12/25 10:42 AM,6 minutes and 8 seconds,Mayra Luna
Tink-a-Tako - Potranco,Norma Vasquez,195,12,,2,9/12/25 10:32 AM,9/12/25 10:42 AM,9 minutes and 32 seconds,Mayra Luna
Tink-a-Tako - Potranco,Norma Vasquez,207,37,Prep,,9/12/25 10:36 AM,9/12/25 10:42 AM,5 minutes and 31 seconds,Mayra Luna
Tink-a-Tako - Potranco,Norma Vasquez,207,37,Tortillero,,9/12/25 10:36 AM,9/12/25 10:42 AM,5 minutes and 31 seconds,Mayra Luna
Tink-a-Tako - Potranco,Norma Vasquez,207,37,Lobby,,9/12/25 10:36 AM,9/12/25 10:42 AM,5 minutes and 31 seconds,Mayra Luna
Tink-a-Tako - Potranco,Silvia Hernandez,206,24,,2,9/12/25 10:42 AM,9/12/25 10:42 AM,2 seconds,Mayra Luna
Tink-a-Tako - Potranco,Esperansa Caviedes,204,33,,2,9/12/25 10:37 AM,9/12/25 10:42 AM,5 minutes and 10 seconds,Mayra Luna
Tink-a-Tako - Potranco,Candy  Del angel ,209,,Lobby,,9/12/25 10:39 AM,9/12/25 10:42 AM,3 minutes and 2 seconds,Mayra Luna
Tink-a-Tako - Potranco,Candy  Del angel ,215,,Lobby,,9/12/25 10:41 AM,9/12/25 10:43 AM,1 minute and 22 seconds,Mayra Luna
Tink-a-Tako - Potranco,Norma Vasquez,155,23,Lobby,,9/12/25 10:36 AM,9/12/25 10:43 AM,6 minutes and 54 seconds,Mayra Luna
Tink-a-Tako - Potranco,Norma Vasquez,155,23,Prep,,9/12/25 10:36 AM,9/12/25 10:43 AM,6 minutes and 54 seconds,Mayra Luna
Tink-a-Tako - Potranco,Norma Vasquez,155,23,Tortillero,,9/12/25 10:36 AM,9/12/25 10:43 AM,6 minutes and 54 seconds,Mayra Luna
Tink-a-Tako - Potranco,Rosa Compean,213,15,Lobby,,9/12/25 10:41 AM,9/12/25 10:44 AM,2 minutes and 50 seconds,Mayra Luna
Tink-a-Tako - Potranco,Silvia Hernandez,214,26,Lobby,,9/12/25 10:42 AM,9/12/25 10:45 AM,3 minutes and 29 seconds,Mayra Luna
Tink-a-Tako - Potranco,Esperansa Caviedes,208,38,Lobby,,9/12/25 10:41 AM,9/12/25 10:45 AM,3 minutes and 37 seconds,Mayra Luna
Tink-a-Tako - Potranco,Rosa Compean,213,15,,2,9/12/25 10:44 AM,9/12/25 10:46 AM,2 minutes and 16 seconds,Mayra Luna
Tink-a-Tako - Potranco,Rosa Compean,217,11,Lobby,,9/12/25 10:45 AM,9/12/25 10:47 AM,2 minutes and 7 seconds,Mayra Luna
Tink-a-Tako - Potranco,Rosa Compean,217,11,,2,9/12/25 10:47 AM,9/12/25 10:49 AM,1 minute and 54 seconds,Mayra Luna
Tink-a-Tako - Potranco,Silvia Hernandez,214,26,,2,9/12/25 10:45 AM,9/12/25 10:49 AM,4 minutes and 2 seconds,Mayra Luna
Tink-a-Tako - Potranco,Norma Vasquez,207,37,,2,9/12/25 10:42 AM,9/12/25 10:49 AM,7 minutes and 25 seconds,Mayra Luna
Tink-a-Tako - Potranco,Esperansa Caviedes,208,38,,2,9/12/25 10:45 AM,9/12/25 10:49 AM,4 minutes and 4 seconds,Mayra Luna
Tink-a-Tako - Potranco,Norma Vasquez,155,23,,2,9/12/25 10:43 AM,9/12/25 10:49 AM,6 minutes and 33 seconds,Mayra Luna
Tink-a-Tako - Potranco,Maria Majana,212,,Lobby,,9/12/25 10:42 AM,9/12/25 10:49 AM,7 minutes and 28 seconds,Mayra Luna
Tink-a-Tako - Potranco,Maria Majana,212,,,2,9/12/25 10:49 AM,9/12/25 10:50 AM,52 seconds,Mayra Luna
Tink-a-Tako - Potranco,Norma Vasquez,219,25,Lobby,,9/12/25 10:47 AM,9/12/25 10:51 AM,3 minutes and 35 seconds,Mayra Luna
Tink-a-Tako - Potranco,Candy  Del angel ,218,,Lobby,,9/12/25 10:49 AM,9/12/25 10:52 AM,2 minutes and 24 seconds,Mayra Luna
Tink-a-Tako - Potranco,Candy  Del angel ,221,,Lobby,,9/12/25 10:49 AM,9/12/25 10:52 AM,3 minutes and 47 seconds,Mayra Luna
Tink-a-Tako - Potranco,Candy  Del angel ,211,,Lobby,,9/12/25 10:50 AM,9/12/25 10:54 AM,3 minutes and 42 seconds,Mayra Luna
Tink-a-Tako - Potranco,Rosa Compean,223,32,Lobby,,9/12/25 10:52 AM,9/12/25 10:55 AM,3 minutes and 25 seconds,Mayra Luna
Tink-a-Tako - Potranco,Norma Vasquez,219,25,,2,9/12/25 10:51 AM,9/12/25 10:56 AM,5 minutes and 11 seconds,Mayra Luna
Tink-a-Tako - Potranco,Rosa Compean,223,32,,2,9/12/25 10:55 AM,9/12/25 10:56 AM,43 seconds,Mayra Luna
Tink-a-Tako - Potranco,Rosa Compean,223,32,Lobby,,9/12/25 10:56 AM,9/12/25 10:57 AM,33 seconds,Mayra Luna
Tink-a-Tako - Potranco,Maria Majana,225,,Lobby,,9/12/25 10:54 AM,9/12/25 10:57 AM,3 minutes and 19 seconds,Mayra Luna
Tink-a-Tako - Potranco,Candy  Del angel ,222,,Lobby,,9/12/25 10:55 AM,9/12/25 10:58 AM,2 minutes and 35 seconds,Mayra Luna
Tink-a-Tako - Potranco,Norma Vasquez,224,7,Lobby,,9/12/25 10:52 AM,9/12/25 10:58 AM,5 minutes and 58 seconds,Mayra Luna
Tink-a-Tako - Potranco,Maria Majana,229,,Lobby,,9/12/25 10:57 AM,9/12/25 10:59 AM,1 minute and 50 seconds,Mayra Luna
Tink-a-Tako - Potranco,Norma Vasquez,224,7,,2,9/12/25 10:58 AM,9/12/25 10:59 AM,42 seconds,Mayra Luna
Tink-a-Tako - Potranco,Maria Majana,229,,,2,9/12/25 10:59 AM,9/12/25 10:59 AM,16 seconds,Mayra Luna
Tink-a-Tako - Potranco,Maria Majana,225,,,2,9/12/25 10:57 AM,9/12/25 10:59 AM,1 minute and 49 seconds,Mayra Luna
Tink-a-Tako - Potranco,Rosa Compean,223,32,,2,9/12/25 10:57 AM,9/12/25 10:59 AM,2 minutes and 17 seconds,Mayra Luna
Tink-a-Tako - Potranco,Candy  Del angel ,230,,Lobby,,9/12/25 10:58 AM,9/12/25 10:59 AM,1 minute and 31 seconds,Mayra Luna
Tink-a-Tako - Potranco,Candy  Del angel ,231,,Lobby,,9/12/25 10:59 AM,9/12/25 11:00 AM,59 seconds,Mayra Luna
Tink-a-Tako - Potranco,Norma Vasquez,228,18,Lobby,,9/12/25 10:55 AM,9/12/25 11:01 AM,6 minutes and 26 seconds,Mayra Luna
Tink-a-Tako - Potranco,Maria Majana,226,,Lobby,,9/12/25 11:00 AM,9/12/25 11:04 AM,4 minutes and 2 seconds,Mayra Luna
Tink-a-Tako - Potranco,Rosa Compean,234,17,Lobby,,9/12/25 11:03 AM,9/12/25 11:09 AM,5 minutes and 37 seconds,Mayra Luna
Tink-a-Tako - Potranco,Esperansa Caviedes,220,2,Lobby,,9/12/25 10:57 AM,9/12/25 11:09 AM,12 minutes and 7 seconds,Mayra Luna
Tink-a-Tako - Potranco,Esperansa Caviedes,220,2,Tortillero,,9/12/25 10:57 AM,9/12/25 11:09 AM,12 minutes and 7 seconds,Mayra Luna
Tink-a-Tako - Potranco,Silvia Hernandez,227,31,Lobby,,9/12/25 10:58 AM,9/12/25 11:10 AM,11 minutes and 40 seconds,Mayra Luna
Tink-a-Tako - Potranco,Silvia Hernandez,227,31,Prep,,9/12/25 10:58 AM,9/12/25 11:10 AM,11 minutes and 40 seconds,Mayra Luna
Tink-a-Tako - Potranco,Candy  Del angel ,233,,Tortillero,,9/12/25 11:06 AM,9/12/25 11:12 AM,5 minutes and 8 seconds,Mayra Luna
Tink-a-Tako - Potranco,Candy  Del angel ,233,,Lobby,,9/12/25 11:06 AM,9/12/25 11:12 AM,5 minutes and 8 seconds,Mayra Luna
Tink-a-Tako - Potranco,Candy  Del angel ,235,,Lobby,,9/12/25 11:14 AM,9/12/25 11:17 AM,3 minutes and 46 seconds,Mayra Luna
Tink-a-Tako - Potranco,Maria Majana,236,,Lobby,,9/12/25 11:08 AM,9/12/25 11:18 AM,9 minutes and 56 seconds,Mayra Luna
Tink-a-Tako - Potranco,Candy  Del angel ,235,,Lobby,,9/12/25 11:09 AM,9/12/25 11:19 AM,10 minutes and 8 seconds,Mayra Luna
Tink-a-Tako - Potranco,Norma Vasquez,228,18,,2,9/12/25 11:01 AM,9/12/25 11:20 AM,18 minutes and 33 seconds,Mayra Luna
Tink-a-Tako - Potranco,Esperansa Caviedes,220,2,,2,9/12/25 11:09 AM,9/12/25 11:20 AM,11 minutes and 13 seconds,Mayra Luna
Tink-a-Tako - Potranco,Silvia Hernandez,227,31,,2,9/12/25 11:10 AM,9/12/25 11:20 AM,10 minutes and 17 seconds,Mayra Luna
Tink-a-Tako - Potranco,Maria Majana,236,,,2,9/12/25 11:18 AM,9/12/25 11:20 AM,2 minutes and 11 seconds,Mayra Luna
Tink-a-Tako - Potranco,Maria Majana,226,,,2,9/12/25 11:04 AM,9/12/25 11:20 AM,15 minutes and 47 seconds,Mayra Luna
Tink-a-Tako - Potranco,Rosa Compean,234,17,,2,9/12/25 11:09 AM,9/12/25 11:20 AM,11 minutes and 28 seconds,Mayra Luna
Tink-a-Tako - Potranco,Candy  Del angel ,239,,Lobby,,9/12/25 11:15 AM,9/12/25 11:20 AM,4 minutes and 54 seconds,Mayra Luna
Tink-a-Tako - Potranco,Candy  Del angel ,242,,Lobby,,9/12/25 11:16 AM,9/12/25 11:21 AM,5 minutes and 35 seconds,Mayra Luna
Tink-a-Tako - Potranco,Candy  Del angel ,243,,Lobby,,9/12/25 11:17 AM,9/12/25 11:22 AM,4 minutes and 50 seconds,Mayra Luna
Tink-a-Tako - Potranco,Maria Majana,247,,Lobby,,9/12/25 11:22 AM,9/12/25 11:22 AM,35 seconds,Mayra Luna
Tink-a-Tako - Potranco,Esperansa Caviedes,240,20,Lobby,,9/12/25 11:15 AM,9/12/25 11:24 AM,9 minutes and 33 seconds,Mayra Luna
Tink-a-Tako - Potranco,Esperansa Caviedes,240,20,Tortillero,,9/12/25 11:15 AM,9/12/25 11:24 AM,9 minutes and 33 seconds,Mayra Luna
Tink-a-Tako - Potranco,Esperansa Caviedes,241,33,Lobby,,9/12/25 11:18 AM,9/12/25 11:24 AM,6 minutes and 46 seconds,Mayra Luna
Tink-a-Tako - Potranco,Silvia Hernandez,245,39,Lobby,,9/12/25 11:19 AM,9/12/25 11:25 AM,6 minutes and 15 seconds,Mayra Luna
Tink-a-Tako - Potranco,Silvia Hernandez,238,22,Lobby,,9/12/25 11:13 AM,9/12/25 11:26 AM,12 minutes and 37 seconds,Mayra Luna
Tink-a-Tako - Potranco,Norma Vasquez,250,37,Lobby,,9/12/25 11:23 AM,9/12/25 11:27 AM,3 minutes and 52 seconds,Mayra Luna
Tink-a-Tako - Potranco,Rosa Compean,252,15,Lobby,,9/12/25 11:25 AM,9/12/25 11:27 AM,2 minutes and 2 seconds,Mayra Luna
Tink-a-Tako - Potranco,Rosa Compean,252,15,,2,9/12/25 11:27 AM,9/12/25 11:28 AM,1 minute and 3 seconds,Mayra Luna
Tink-a-Tako - Potranco,Esperansa Caviedes,251,32,Prep,,9/12/25 11:24 AM,9/12/25 11:29 AM,4 minutes and 54 seconds,Mayra Luna
Tink-a-Tako - Potranco,Esperansa Caviedes,251,32,Tortillero,,9/12/25 11:24 AM,9/12/25 11:29 AM,4 minutes and 54 seconds,Mayra Luna
Tink-a-Tako - Potranco,Esperansa Caviedes,251,32,Lobby,,9/12/25 11:24 AM,9/12/25 11:29 AM,4 minutes and 54 seconds,Mayra Luna
Tink-a-Tako - Potranco,Rosa Compean,246,25,Lobby,,9/12/25 11:19 AM,9/12/25 11:29 AM,9 minutes and 49 seconds,Mayra Luna
Tink-a-Tako - Potranco,Rosa Compean,246,25,,2,9/12/25 11:29 AM,9/12/25 11:29 AM,3 seconds,Mayra Luna
Tink-a-Tako - Potranco,Silvia Hernandez,238,22,,2,9/12/25 11:26 AM,9/12/25 11:30 AM,3 minutes and 58 seconds,Mayra Luna
Tink-a-Tako - Potranco,Silvia Hernandez,245,39,,2,9/12/25 11:25 AM,9/12/25 11:30 AM,4 minutes and 19 seconds,Mayra Luna
Tink-a-Tako - Potranco,Esperansa Caviedes,240,20,,2,9/12/25 11:24 AM,9/12/25 11:30 AM,5 minutes and 29 seconds,Mayra Luna
Tink-a-Tako - Potranco,Esperansa Caviedes,241,33,,2,9/12/25 11:24 AM,9/12/25 11:30 AM,5 minutes and 25 seconds,Mayra Luna
Tink-a-Tako - Potranco,Esperansa Caviedes,251,32,,2,9/12/25 11:29 AM,9/12/25 11:30 AM,1 minute and 4 seconds,Mayra Luna
Tink-a-Tako - Potranco,Maria Majana,247,,,2,9/12/25 11:22 AM,9/12/25 11:30 AM,7 minutes and 20 seconds,Mayra Luna
Tink-a-Tako - Potranco,Norma Vasquez,250,37,,2,9/12/25 11:27 AM,9/12/25 11:30 AM,2 minutes and 35 seconds,Mayra Luna
Tink-a-Tako - Potranco,Candy  Del angel ,244,,Lobby,,9/12/25 11:22 AM,9/12/25 11:30 AM,7 minutes and 37 seconds,Mayra Luna
Tink-a-Tako - Potranco,Esperansa Caviedes,251,32,,2,9/12/25 11:30 AM,9/12/25 11:30 AM,40 seconds,Mayra Luna
Tink-a-Tako - Potranco,Candy  Del angel ,242,,Lobby,,9/12/25 11:26 AM,9/12/25 11:31 AM,4 minutes and 15 seconds,Mayra Luna
Tink-a-Tako - Potranco,Silvia Hernandez,245,39,Lobby,,9/12/25 11:30 AM,9/12/25 11:31 AM,53 seconds,Mayra Luna
Tink-a-Tako - Potranco,Silvia Hernandez,227,31,Tortillero,,9/12/25 11:27 AM,9/12/25 11:32 AM,5 minutes and 7 seconds,Mayra Luna
Tink-a-Tako - Potranco,Silvia Hernandez,227,31,Lobby,,9/12/25 11:27 AM,9/12/25 11:32 AM,5 minutes and 7 seconds,Mayra Luna
Tink-a-Tako - Potranco,Candy  Del angel ,254,,Lobby,,9/12/25 11:32 AM,9/12/25 11:35 AM,2 minutes and 28 seconds,Mayra Luna
Tink-a-Tako - Potranco,Maria Majana,249,,Lobby,,9/12/25 11:25 AM,9/12/25 11:37 AM,11 minutes and 26 seconds,Mayra Luna
Tink-a-Tako - Potranco,Candy  Del angel ,256,,Lobby,,9/12/25 11:36 AM,9/12/25 11:38 AM,1 minute and 49 seconds,Mayra Luna
Tink-a-Tako - Potranco,Candy  Del angel ,259,,Lobby,,9/12/25 11:36 AM,9/12/25 11:38 AM,1 minute and 55 seconds,Mayra Luna
Tink-a-Tako - Potranco,Silvia Hernandez,227,31,,2,9/12/25 11:32 AM,9/12/25 11:43 AM,10 minutes and 48 seconds,Mayra Luna
Tink-a-Tako - Potranco,Silvia Hernandez,257,7,,2,9/12/25 11:36 AM,9/12/25 11:43 AM,6 minutes and 53 seconds,Mayra Luna
Tink-a-Tako - Potranco,Maria Majana,249,,,2,9/12/25 11:37 AM,9/12/25 11:43 AM,5 minutes and 49 seconds,Mayra Luna
Tink-a-Tako - Potranco,Silvia Hernandez,245,39,,2,9/12/25 11:31 AM,9/12/25 11:43 AM,11 minutes and 41 seconds,Mayra Luna
Tink-a-Tako - Potranco,Candy  Del angel ,205,,Lobby,,9/12/25 11:35 AM,9/12/25 11:43 AM,7 minutes and 50 seconds,Mayra Luna
Tink-a-Tako - Potranco,Candy  Del angel ,260,,Lobby,,9/12/25 11:38 AM,9/12/25 11:44 AM,6 minutes and 13 seconds,Mayra Luna
Tink-a-Tako - Potranco,Norma Vasquez,266,26,Lobby,,9/12/25 11:44 AM,9/12/25 11:45 AM,26 seconds,Mayra Luna
Tink-a-Tako - Potranco,Candy  Del angel ,255,,Lobby,,9/12/25 11:35 AM,9/12/25 11:45 AM,9 minutes and 53 seconds,Mayra Luna
Tink-a-Tako - Potranco,Norma Vasquez,266,26,,2,9/12/25 11:45 AM,9/12/25 11:47 AM,2 minutes and 24 seconds,Mayra Luna
Tink-a-Tako - Potranco,Candy  Del angel ,262,,Lobby,,9/12/25 11:39 AM,9/12/25 11:48 AM,9 minutes and 17 seconds,Mayra Luna
Tink-a-Tako - Potranco,Candy  Del angel ,263,,Lobby,,9/12/25 11:39 AM,9/12/25 11:50 AM,11 minutes and 10 seconds,Mayra Luna
Tink-a-Tako - Potranco,Candy  Del angel ,264,,Lobby,,9/12/25 11:39 AM,9/12/25 11:52 AM,12 minutes and 13 seconds,Mayra Luna
Tink-a-Tako - Potranco,Esperansa Caviedes,267,38,Lobby,,9/12/25 11:45 AM,9/12/25 11:54 AM,8 minutes and 44 seconds,Mayra Luna
Tink-a-Tako - Potranco,Norma Vasquez,268,17,Lobby,,9/12/25 11:48 AM,9/12/25 11:54 AM,5 minutes and 31 seconds,Mayra Luna
Tink-a-Tako - Potranco,Candy  Del angel ,270,,Lobby,,9/12/25 11:50 AM,9/12/25 11:55 AM,5 minutes and 23 seconds,Mayra Luna
Tink-a-Tako - Potranco,Norma Vasquez,271,18,Prep,,9/12/25 11:50 AM,9/12/25 11:56 AM,5 minutes and 49 seconds,Mayra Luna
Tink-a-Tako - Potranco,Norma Vasquez,271,18,Tortillero,,9/12/25 11:50 AM,9/12/25 11:56 AM,5 minutes and 49 seconds,Mayra Luna
Tink-a-Tako - Potranco,Norma Vasquez,271,18,Lobby,,9/12/25 11:50 AM,9/12/25 11:56 AM,5 minutes and 49 seconds,Mayra Luna
Tink-a-Tako - Potranco,Candy  Del angel ,274,,Lobby,,9/12/25 11:56 AM,9/12/25 11:57 AM,49 seconds,Mayra Luna
Tink-a-Tako - Potranco,Rosa Compean,246,25,Lobby,,9/12/25 11:51 AM,9/12/25 11:58 AM,7 minutes and 49 seconds,Mayra Luna
Tink-a-Tako - Potranco,Candy  Del angel ,269,,Lobby,,9/12/25 11:49 AM,9/12/25 11:59 AM,9 minutes and 51 seconds,Mayra Luna
Tink-a-Tako - Potranco,Maria Majana,277,,Lobby,,9/12/25 11:57 AM,9/12/25 12:04 PM,6 minutes and 6 seconds,Mayra Luna
Tink-a-Tako - Potranco,Candy  Del angel ,279,,Lobby,,9/12/25 11:58 AM,9/12/25 12:04 PM,5 minutes and 50 seconds,Mayra Luna
Tink-a-Tako - Potranco,Maria Majana,277,,,2,9/12/25 12:04 PM,9/12/25 12:05 PM,1 minute and 3 seconds,Mayra Luna
Tink-a-Tako - Potranco,Norma Vasquez,271,18,,2,9/12/25 11:56 AM,9/12/25 12:05 PM,8 minutes and 20 seconds,Mayra Luna
Tink-a-Tako - Potranco,Silvia Hernandez,273,36,Prep,,9/12/25 11:57 AM,9/12/25 12:06 PM,9 minutes and 42 seconds,Mayra Luna
Tink-a-Tako - Potranco,Silvia Hernandez,273,36,Tortillero,,9/12/25 11:57 AM,9/12/25 12:06 PM,9 minutes and 42 seconds,Mayra Luna
Tink-a-Tako - Potranco,Silvia Hernandez,273,36,Lobby,,9/12/25 11:57 AM,9/12/25 12:06 PM,9 minutes and 42 seconds,Mayra Luna
Tink-a-Tako - Potranco,Candy  Del angel ,280,,Lobby,,9/12/25 12:05 PM,9/12/25 12:07 PM,2 minutes and 12 seconds,Mayra Luna
Tink-a-Tako - Potranco,Rosa Compean,276,3,Lobby,,9/12/25 11:57 AM,9/12/25 12:08 PM,10 minutes and 30 seconds,Mayra Luna
Tink-a-Tako - Potranco,Candy  Del angel ,282,,Lobby,,9/12/25 12:05 PM,9/12/25 12:09 PM,3 minutes and 45 seconds,Mayra Luna
Tink-a-Tako - Potranco,Rosa Compean,286,33,Lobby,,9/12/25 12:11 PM,9/12/25 12:16 PM,5 minutes and 40 seconds,Mayra Luna
Tink-a-Tako - Potranco,Rosa Compean,283,24,Tortillero,,9/12/25 12:06 PM,9/12/25 12:17 PM,10 minutes and 47 seconds,Mayra Luna
Tink-a-Tako - Potranco,Rosa Compean,283,24,Lobby,,9/12/25 12:06 PM,9/12/25 12:17 PM,10 minutes and 47 seconds,Mayra Luna
Tink-a-Tako - Potranco,Esperansa Caviedes,281,10,Tortillero,,9/12/25 12:07 PM,9/12/25 12:18 PM,11 minutes and 19 seconds,Mayra Luna
Tink-a-Tako - Potranco,Esperansa Caviedes,281,10,Lobby,,9/12/25 12:07 PM,9/12/25 12:18 PM,11 minutes and 19 seconds,Mayra Luna
Tink-a-Tako - Potranco,Esperansa Caviedes,267,38,Lobby,,9/12/25 12:08 PM,9/12/25 12:18 PM,9 minutes and 55 seconds,Mayra Luna
Tink-a-Tako - Potranco,Candy  Del angel ,285,,Tortillero,,9/12/25 12:13 PM,9/12/25 12:18 PM,5 minutes and 10 seconds,Mayra Luna
Tink-a-Tako - Potranco,Candy  Del angel ,285,,Lobby,,9/12/25 12:13 PM,9/12/25 12:18 PM,5 minutes and 10 seconds,Mayra Luna
Tink-a-Tako - Potranco,Candy  Del angel ,285,,Prep,,9/12/25 12:13 PM,9/12/25 12:18 PM,5 minutes and 10 seconds,Mayra Luna
Tink-a-Tako - Potranco,Norma Vasquez,268,17,,2,9/12/25 11:54 AM,9/12/25 12:20 PM,26 minutes and 41 seconds,Mayra Luna
Tink-a-Tako - Potranco,Silvia Hernandez,273,36,,2,9/12/25 12:06 PM,9/12/25 12:20 PM,13 minutes and 59 seconds,Mayra Luna
Tink-a-Tako - Potranco,Rosa Compean,276,3,,2,9/12/25 12:08 PM,9/12/25 12:20 PM,12 minutes and 52 seconds,Mayra Luna
Tink-a-Tako - Potranco,Rosa Compean,246,25,,2,9/12/25 11:58 AM,9/12/25 12:20 PM,21 minutes and 58 seconds,Mayra Luna
Tink-a-Tako - Potranco,Esperansa Caviedes,281,10,,2,9/12/25 12:18 PM,9/12/25 12:20 PM,2 minutes and 23 seconds,Mayra Luna
Tink-a-Tako - Potranco,Rosa Compean,283,24,,2,9/12/25 12:17 PM,9/12/25 12:20 PM,3 minutes and 20 seconds,Mayra Luna
Tink-a-Tako - Potranco,Esperansa Caviedes,267,38,,2,9/12/25 11:54 AM,9/12/25 12:20 PM,26 minutes and 44 seconds,Mayra Luna
Tink-a-Tako - Potranco,Esperansa Caviedes,267,38,,2,9/12/25 12:18 PM,9/12/25 12:20 PM,2 minutes and 14 seconds,Mayra Luna
Tink-a-Tako - Potranco,Candy  Del angel ,287,,Lobby,,9/12/25 12:15 PM,9/12/25 12:22 PM,6 minutes and 18 seconds,Mayra Luna
Tink-a-Tako - Potranco,Esperansa Caviedes,284,7,Lobby,,9/12/25 12:12 PM,9/12/25 12:22 PM,9 minutes and 42 seconds,Mayra Luna
Tink-a-Tako - Potranco,Esperansa Caviedes,284,7,Prep,,9/12/25 12:12 PM,9/12/25 12:22 PM,9 minutes and 42 seconds,Mayra Luna
Tink-a-Tako - Potranco,Candy  Del angel ,288,,Lobby,,9/12/25 12:17 PM,9/12/25 12:22 PM,5 minutes and 51 seconds,Mayra Luna
Tink-a-Tako - Potranco,Candy  Del angel ,291,,Lobby,,9/12/25 12:20 PM,9/12/25 12:24 PM,3 minutes and 40 seconds,Mayra Luna
Tink-a-Tako - Potranco,Esperansa Caviedes,284,7,,2,9/12/25 12:22 PM,9/12/25 12:24 PM,1 minute and 48 seconds,Mayra Luna
Tink-a-Tako - Potranco,Rosa Compean,286,33,,2,9/12/25 12:16 PM,9/12/25 12:24 PM,7 minutes and 29 seconds,Mayra Luna
Tink-a-Tako - Potranco,Candy  Del angel ,294,,Lobby,,9/12/25 12:23 PM,9/12/25 12:25 PM,1 minute and 56 seconds,Mayra Luna
Tink-a-Tako - Potranco,Silvia Hernandez,290,32,Lobby,,9/12/25 12:19 PM,9/12/25 12:25 PM,5 minutes and 46 seconds,Mayra Luna
Tink-a-Tako - Potranco,Silvia Hernandez,290,32,,2,9/12/25 12:25 PM,9/12/25 12:28 PM,2 minutes and 48 seconds,Mayra Luna
Tink-a-Tako - Potranco,Rosa Compean,286,33,Lobby,,9/12/25 12:26 PM,9/12/25 12:28 PM,2 minutes and 12 seconds,Mayra Luna
Tink-a-Tako - Potranco,Rosa Compean,293,25,Lobby,,9/12/25 12:21 PM,9/12/25 12:29 PM,8 minutes and 33 seconds,Mayra Luna
Tink-a-Tako - Potranco,Norma Vasquez,292,23,Lobby,,9/12/25 12:21 PM,9/12/25 12:30 PM,8 minutes and 58 seconds,Mayra Luna
Tink-a-Tako - Potranco,Esperansa Caviedes,297,37,Lobby,,9/12/25 12:25 PM,9/12/25 12:30 PM,4 minutes and 58 seconds,Mayra Luna
Tink-a-Tako - Potranco,Candy  Del angel ,298,,Lobby,,9/12/25 12:28 PM,9/12/25 12:33 PM,5 minutes and 14 seconds,Mayra Luna
Tink-a-Tako - Potranco,Candy  Del angel ,299,,Lobby,,9/12/25 12:32 PM,9/12/25 12:35 PM,3 minutes and 34 seconds,Mayra Luna
Tink-a-Tako - Potranco,Silvia Hernandez,290,32,Lobby,,9/12/25 12:35 PM,9/12/25 12:36 PM,1 minute and 5 seconds,Mayra Luna
Tink-a-Tako - Potranco,Candy  Del angel ,300,,Lobby,,9/12/25 12:34 PM,9/12/25 12:42 PM,7 minutes and 20 seconds,Mayra Luna
Tink-a-Tako - Potranco,Candy  Del angel ,300,,Tortillero,,9/12/25 12:34 PM,9/12/25 12:42 PM,7 minutes and 20 seconds,Mayra Luna
Tink-a-Tako - Potranco,Candy  Del angel ,301,,Lobby,,9/12/25 12:35 PM,9/12/25 12:45 PM,9 minutes and 59 seconds,Mayra Luna
Tink-a-Tako - Potranco,Rosa Compean,293,25,,2,9/12/25 12:29 PM,9/12/25 12:46 PM,16 minutes and 21 seconds,Mayra Luna
Tink-a-Tako - Potranco,Norma Vasquez,292,23,,2,9/12/25 12:30 PM,9/12/25 12:46 PM,15 minutes and 55 seconds,Mayra Luna
Tink-a-Tako - Potranco,Candy  Del angel ,304,,Lobby,,9/12/25 12:42 PM,9/12/25 12:46 PM,3 minutes and 48 seconds,Mayra Luna
Tink-a-Tako - Potranco,Esperansa Caviedes,297,37,,2,9/12/25 12:30 PM,9/12/25 12:46 PM,15 minutes and 25 seconds,Mayra Luna
Tink-a-Tako - Potranco,Rosa Compean,286,33,,2,9/12/25 12:28 PM,9/12/25 12:46 PM,17 minutes and 29 seconds,Mayra Luna
Tink-a-Tako - Potranco,Silvia Hernandez,290,32,,2,9/12/25 12:36 PM,9/12/25 12:46 PM,9 minutes and 50 seconds,Mayra Luna
Tink-a-Tako - Potranco,Silvia Hernandez,302,21,Lobby,,9/12/25 12:39 PM,9/12/25 12:47 PM,7 minutes and 39 seconds,Mayra Luna
Tink-a-Tako - Potranco,Rosa Compean,303,17,Lobby,,9/12/25 12:40 PM,9/12/25 12:52 PM,11 minutes and 13 seconds,Mayra Luna
Tink-a-Tako - Potranco,Candy  Del angel ,306,,Lobby,,9/12/25 12:44 PM,9/12/25 12:53 PM,8 minutes and 26 seconds,Mayra Luna
Tink-a-Tako - Potranco,Candy  Del angel ,306,,Prep,,9/12/25 12:44 PM,9/12/25 12:53 PM,8 minutes and 26 seconds,Mayra Luna
Tink-a-Tako - Potranco,Norma Vasquez,308,22,Lobby,,9/12/25 12:46 PM,9/12/25 12:53 PM,6 minutes and 50 seconds,Mayra Luna
Tink-a-Tako - Potranco,Candy  Del angel ,305,,Lobby,,9/12/25 12:46 PM,9/12/25 12:54 PM,8 minutes and 31 seconds,Mayra Luna
Tink-a-Tako - Potranco,Candy  Del angel ,310,,Lobby,,9/12/25 12:48 PM,9/12/25 12:59 PM,11 minutes and 19 seconds,Mayra Luna
Tink-a-Tako - Potranco,Esperansa Caviedes,312,11,Lobby,,9/12/25 12:53 PM,9/12/25 1:01 PM,8 minutes and 15 seconds,Mayra Luna
Tink-a-Tako - Potranco,Rosa Compean,314,41,Lobby,,9/12/25 12:56 PM,9/12/25 1:03 PM,7 minutes and 14 seconds,Mayra Luna
Tink-a-Tako - Potranco,Silvia Hernandez,315,32,Lobby,,9/12/25 12:59 PM,9/12/25 1:05 PM,5 minutes and 33 seconds,Mayra Luna
Tink-a-Tako - Potranco,Rosa Compean,314,41,Lobby,,9/12/25 1:06 PM,9/12/25 1:06 PM,28 seconds,Mayra Luna
Tink-a-Tako - Potranco,Rosa Compean,314,41,,2,9/12/25 1:06 PM,9/12/25 1:12 PM,5 minutes and 43 seconds,Mayra Luna
Tink-a-Tako - Potranco,Esperansa Caviedes,312,11,,2,9/12/25 1:01 PM,9/12/25 1:12 PM,11 minutes and 17 seconds,Mayra Luna
Tink-a-Tako - Potranco,Rosa Compean,314,41,,2,9/12/25 1:03 PM,9/12/25 1:12 PM,8 minutes and 54 seconds,Mayra Luna
Tink-a-Tako - Potranco,Rosa Compean,303,17,,2,9/12/25 12:52 PM,9/12/25 1:12 PM,20 minutes and 41 seconds,Mayra Luna
Tink-a-Tako - Potranco,Norma Vasquez,308,22,,2,9/12/25 12:53 PM,9/12/25 1:12 PM,19 minutes and 27 seconds,Mayra Luna
Tink-a-Tako - Potranco,Silvia Hernandez,302,21,,2,9/12/25 12:47 PM,9/12/25 1:12 PM,25 minutes and 20 seconds,Mayra Luna
Tink-a-Tako - Potranco,Silvia Hernandez,315,32,,2,9/12/25 1:05 PM,9/12/25 1:12 PM,7 minutes and 45 seconds,Mayra Luna
Tink-a-Tako - Potranco,Lizeth Alonso,317,,Lobby,,9/12/25 1:08 PM,9/12/25 1:14 PM,6 minutes and 28 seconds,Mayra Luna
Tink-a-Tako - Potranco,Norma Vasquez,318,25,Lobby,,9/12/25 1:08 PM,9/12/25 1:14 PM,6 minutes and 51 seconds,Mayra Luna
Tink-a-Tako - Potranco,Esperansa Caviedes,321,18,Prep,,9/12/25 1:11 PM,9/12/25 1:15 PM,3 minutes and 40 seconds,Mayra Luna
Tink-a-Tako - Potranco,Esperansa Caviedes,321,18,Tortillero,,9/12/25 1:11 PM,9/12/25 1:15 PM,3 minutes and 40 seconds,Mayra Luna
Tink-a-Tako - Potranco,Esperansa Caviedes,321,18,Lobby,,9/12/25 1:11 PM,9/12/25 1:15 PM,3 minutes and 40 seconds,Mayra Luna
Tink-a-Tako - Potranco,Lizeth Alonso,316,,Lobby,,9/12/25 1:04 PM,9/12/25 1:15 PM,11 minutes and 1 second,Mayra Luna
Tink-a-Tako - Potranco,Lizeth Alonso,319,,Lobby,,9/12/25 1:08 PM,9/12/25 1:23 PM,15 minutes and 2 seconds,Mayra Luna
Tink-a-Tako - Potranco,Lizeth Alonso,323,,Lobby,,9/12/25 1:19 PM,9/12/25 1:25 PM,5 minutes and 39 seconds,Mayra Luna
Tink-a-Tako - Potranco,Lizeth Alonso,325,,Lobby,,9/12/25 1:22 PM,9/12/25 1:28 PM,5 minutes and 25 seconds,Mayra Luna
Tink-a-Tako - Potranco,Lizeth Alonso,324,,Lobby,,9/12/25 1:22 PM,9/12/25 1:30 PM,7 minutes and 49 seconds,Mayra Luna
Tink-a-Tako - Potranco,Rosa Compean,327,33,Lobby,,9/12/25 1:23 PM,9/12/25 1:32 PM,8 minutes and 41 seconds,Mayra Luna
Tink-a-Tako - Potranco,Lizeth Alonso,322,,Lobby,,9/12/25 1:19 PM,9/12/25 1:32 PM,12 minutes and 58 seconds,Mayra Luna
Tink-a-Tako - Potranco,Lizeth Alonso,326,,Lobby,,9/12/25 1:25 PM,9/12/25 1:33 PM,7 minutes and 55 seconds,Mayra Luna
Tink-a-Tako - Potranco,Lizeth Alonso,328,,Lobby,,9/12/25 1:28 PM,9/12/25 1:33 PM,4 minutes and 33 seconds,Mayra Luna
Tink-a-Tako - Potranco,Lizeth Alonso,329,,Lobby,,9/12/25 1:33 PM,9/12/25 1:34 PM,1 minute and 26 seconds,Mayra Luna
Tink-a-Tako - Potranco,Lizeth Alonso,331,,Lobby,,9/12/25 1:39 PM,9/12/25 1:48 PM,9 minutes and 25 seconds,Mayra Luna
Tink-a-Tako - Potranco,Esperansa Caviedes,334,32,Lobby,,9/12/25 1:44 PM,9/12/25 1:49 PM,4 minutes and 33 seconds,Mayra Luna
Tink-a-Tako - Potranco,Esperansa Caviedes,334,32,Prep,,9/12/25 1:44 PM,9/12/25 1:49 PM,4 minutes and 33 seconds,Mayra Luna
Tink-a-Tako - Potranco,Esperansa Caviedes,334,32,Tortillero,,9/12/25 1:44 PM,9/12/25 1:49 PM,4 minutes and 33 seconds,Mayra Luna
Tink-a-Tako - Potranco,Lizeth Alonso,332,,Lobby,,9/12/25 1:42 PM,9/12/25 1:49 PM,7 minutes and 45 seconds,Mayra Luna
Tink-a-Tako - Potranco,Lizeth Alonso,335,,Lobby,,9/12/25 1:45 PM,9/12/25 1:50 PM,4 minutes and 53 seconds,Mayra Luna
Tink-a-Tako - Potranco,Rosa Compean,330,24,Lobby,,9/12/25 1:42 PM,9/12/25 1:52 PM,10 minutes and 4 seconds,Mayra Luna
Tink-a-Tako - Potranco,Rosa Compean,330,24,Prep,,9/12/25 1:42 PM,9/12/25 1:52 PM,10 minutes and 4 seconds,Mayra Luna
Tink-a-Tako - Potranco,Rosa Compean,330,24,Tortillero,,9/12/25 1:42 PM,9/12/25 1:52 PM,10 minutes and 4 seconds,Mayra Luna
Tink-a-Tako - Potranco,Lizeth Alonso,336,,Lobby,,9/12/25 1:46 PM,9/12/25 1:52 PM,6 minutes and 39 seconds,Mayra Luna
Tink-a-Tako - Potranco,Lizeth Alonso,338,,Lobby,,9/12/25 1:52 PM,9/12/25 1:53 PM,57 seconds,Mayra Luna
Tink-a-Tako - Potranco,Lizeth Alonso,337,,Lobby,,9/12/25 1:47 PM,9/12/25 1:56 PM,8 minutes and 53 seconds,Mayra Luna
Tink-a-Tako - Potranco,Norma Vasquez,318,25,,2,9/12/25 1:14 PM,9/12/25 1:56 PM,41 minutes and 53 seconds,Mayra Luna
Tink-a-Tako - Potranco,Rosa Compean,327,33,,2,9/12/25 1:32 PM,9/12/25 1:56 PM,24 minutes and 20 seconds,Mayra Luna
Tink-a-Tako - Potranco,Esperansa Caviedes,334,32,,2,9/12/25 1:49 PM,9/12/25 1:56 PM,7 minutes and 51 seconds,Mayra Luna
Tink-a-Tako - Potranco,Esperansa Caviedes,321,18,,2,9/12/25 1:15 PM,9/12/25 1:56 PM,41 minutes and 25 seconds,Mayra Luna
Tink-a-Tako - Potranco,Rosa Compean,330,24,,2,9/12/25 1:52 PM,9/12/25 1:56 PM,4 minutes and 6 seconds,Mayra Luna
Tink-a-Tako - Potranco,Rosa Compean,339,20,Lobby,,9/12/25 1:54 PM,9/12/25 2:00 PM,5 minutes and 58 seconds,Mayra Luna
Tink-a-Tako - Potranco,Rosa Compean,339,20,Lobby,,9/12/25 2:03 PM,9/12/25 2:07 PM,4 minutes and 9 seconds,Mayra Luna
Tink-a-Tako - Potranco,Lizeth Alonso,342,,Lobby,,9/12/25 2:06 PM,9/12/25 2:14 PM,7 minutes and 52 seconds,Mayra Luna
Tink-a-Tako - Potranco,Rosa Compean,339,20,,2,9/12/25 2:00 PM,9/12/25 2:15 PM,14 minutes and 21 seconds,Mayra Luna
Tink-a-Tako - Potranco,Esperansa Caviedes,340,31,,2,9/12/25 2:01 PM,9/12/25 2:15 PM,13 minutes and 49 seconds,Mayra Luna
Tink-a-Tako - Potranco,Rosa Compean,339,20,,2,9/12/25 2:07 PM,9/12/25 2:15 PM,7 minutes and 50 seconds,Mayra Luna
Tink-a-Tako - Potranco,Rosa Compean,343,9,,2,9/12/25 2:06 PM,9/12/25 2:16 PM,9 minutes and 28 seconds,Mayra Luna
Tink-a-Tako - Potranco,Rosa Compean,343,9,Lobby,,9/12/25 2:09 PM,9/12/25 2:17 PM,7 minutes and 26 seconds,Mayra Luna
Tink-a-Tako - Potranco,Esperansa Caviedes,344,37,Lobby,,9/12/25 2:12 PM,9/12/25 2:21 PM,8 minutes and 37 seconds,Mayra Luna
Tink-a-Tako - Potranco,Lizeth Alonso,345,,Lobby,,9/12/25 2:23 PM,9/12/25 2:29 PM,6 minutes and 1 second,Mayra Luna
Tink-a-Tako - Potranco,Esperansa Caviedes,344,37,,2,9/12/25 2:21 PM,9/12/25 2:31 PM,10 minutes and 35 seconds,Mayra Luna
Tink-a-Tako - Potranco,Rosa Compean,343,9,,2,9/12/25 2:17 PM,9/12/25 2:31 PM,14 minutes and 28 seconds,Mayra Luna
Tink-a-Tako - Potranco,Isabel Cisneros,346,15,Prep,,9/12/25 2:26 PM,9/12/25 2:45 PM,18 minutes and 25 seconds,Mayra Luna
Tink-a-Tako - Potranco,Isabel Cisneros,346,15,Lobby,,9/12/25 2:26 PM,9/12/25 2:45 PM,18 minutes and 25 seconds,Mayra Luna
Tink-a-Tako - Potranco,Juan  Camacho,351,25,Lobby,,9/12/25 2:39 PM,9/12/25 2:47 PM,8 minutes and 6 seconds,Mayra Luna
Tink-a-Tako - Potranco,Isabel Cisneros,352,24,Prep,,9/12/25 2:45 PM,9/12/25 2:47 PM,2 minutes and 32 seconds,Mayra Luna
Tink-a-Tako - Potranco,Isabel Cisneros,352,24,Lobby,,9/12/25 2:45 PM,9/12/25 2:47 PM,2 minutes and 32 seconds,Mayra Luna
Tink-a-Tako - Potranco,Lizeth Alonso,347,,Lobby,,9/12/25 2:43 PM,9/12/25 2:48 PM,4 minutes and 23 seconds,Mayra Luna
Tink-a-Tako - Potranco,Isabel Cisneros,354,17,Lobby,,9/12/25 2:52 PM,9/12/25 2:56 PM,4 minutes,Mayra Luna
Tink-a-Tako - Potranco,Isabel Cisneros,353,32,Lobby,,9/12/25 2:48 PM,9/12/25 3:00 PM,12 minutes,Mayra Luna
Tink-a-Tako - Potranco,Juan  Camacho,355,42,Lobby,,9/12/25 2:54 PM,9/12/25 3:00 PM,6 minutes and 22 seconds,Mayra Luna
Tink-a-Tako - Potranco,Juan  Camacho,357,18,Prep,,9/12/25 2:55 PM,9/12/25 3:04 PM,8 minutes and 31 seconds,Mayra Luna
Tink-a-Tako - Potranco,Juan  Camacho,357,18,Lobby,,9/12/25 2:55 PM,9/12/25 3:04 PM,8 minutes and 31 seconds,Mayra Luna
Tink-a-Tako - Potranco,Isabel Cisneros,353,32,,2,9/12/25 3:00 PM,9/12/25 3:04 PM,4 minutes and 31 seconds,Mayra Luna
Tink-a-Tako - Potranco,Juan  Camacho,351,25,,2,9/12/25 2:47 PM,9/12/25 3:04 PM,17 minutes and 11 seconds,Mayra Luna
Tink-a-Tako - Potranco,Isabel Cisneros,352,24,,2,9/12/25 2:47 PM,9/12/25 3:04 PM,17 minutes and 10 seconds,Mayra Luna
Tink-a-Tako - Potranco,Isabel Cisneros,346,15,,2,9/12/25 2:45 PM,9/12/25 3:04 PM,19 minutes and 35 seconds,Mayra Luna
Tink-a-Tako - Potranco,Isabel Cisneros,354,17,,2,9/12/25 2:56 PM,9/12/25 3:05 PM,8 minutes and 1 second,Mayra Luna
Tink-a-Tako - Potranco,Juan  Camacho,355,42,,2,9/12/25 3:00 PM,9/12/25 3:05 PM,4 minutes and 31 seconds,Mayra Luna
Tink-a-Tako - Potranco,Juan  Camacho,357,18,,2,9/12/25 3:04 PM,9/12/25 3:05 PM,36 seconds,Mayra Luna
Tink-a-Tako - Potranco,Isabel Cisneros,361,37,Lobby,,9/12/25 3:04 PM,9/12/25 3:06 PM,1 minute and 24 seconds,Mayra Luna
Tink-a-Tako - Potranco,Juan  Camacho,355,42,Lobby,,9/12/25 2:54 PM,9/12/25 3:07 PM,12 minutes and 12 seconds,Mayra Luna
Tink-a-Tako - Potranco,Juan  Camacho,356,7,Prep,,9/12/25 2:55 PM,9/12/25 3:07 PM,11 minutes and 35 seconds,Mayra Luna
Tink-a-Tako - Potranco,Juan  Camacho,356,7,Tortillero,,9/12/25 2:55 PM,9/12/25 3:07 PM,11 minutes and 35 seconds,Mayra Luna
Tink-a-Tako - Potranco,Juan  Camacho,356,7,Lobby,,9/12/25 2:55 PM,9/12/25 3:07 PM,11 minutes and 35 seconds,Mayra Luna
Tink-a-Tako - Potranco,Juan  Camacho,360,33,Lobby,,9/12/25 3:00 PM,9/12/25 3:07 PM,7 minutes and 18 seconds,Mayra Luna
Tink-a-Tako - Potranco,Juan  Camacho,359,23,Prep,,9/12/25 2:58 PM,9/12/25 3:10 PM,11 minutes and 59 seconds,Mayra Luna
Tink-a-Tako - Potranco,Juan  Camacho,359,23,Tortillero,,9/12/25 2:58 PM,9/12/25 3:10 PM,11 minutes and 59 seconds,Mayra Luna
Tink-a-Tako - Potranco,Juan  Camacho,359,23,Lobby,,9/12/25 2:58 PM,9/12/25 3:10 PM,11 minutes and 59 seconds,Mayra Luna
Tink-a-Tako - Potranco,Isabel Cisneros,361,37,Lobby,,9/12/25 3:04 PM,9/12/25 3:15 PM,11 minutes and 36 seconds,Mayra Luna
Tink-a-Tako - Potranco,Lizeth Alonso,362,,Lobby,,9/12/25 3:10 PM,9/12/25 3:16 PM,6 minutes and 14 seconds,Mayra Luna
Tink-a-Tako - Potranco,Juan  Camacho,359,23,Lobby,,9/12/25 3:02 PM,9/12/25 3:22 PM,20 minutes and 22 seconds,Mayra Luna
Tink-a-Tako - Potranco,Juan  Camacho,363,,Lobby,,9/12/25 3:13 PM,9/12/25 3:23 PM,10 minutes and 29 seconds,Mayra Luna
Tink-a-Tako - Potranco,Juan  Camacho,363,,Prep,,9/12/25 3:13 PM,9/12/25 3:23 PM,10 minutes and 29 seconds,Mayra Luna
Tink-a-Tako - Potranco,Isabel Cisneros,354,17,Lobby,,9/12/25 3:23 PM,9/12/25 3:25 PM,1 minute and 51 seconds,Mayra Luna
Tink-a-Tako - Potranco,Lizeth Alonso,364,,Lobby,,9/12/25 3:15 PM,9/12/25 3:25 PM,9 minutes and 16 seconds,Mayra Luna
Tink-a-Tako - Potranco,Juan  Camacho,359,23,Lobby,,9/12/25 3:15 PM,9/12/25 3:25 PM,9 minutes and 54 seconds,Mayra Luna
Tink-a-Tako - Potranco,Juan  Camacho,359,23,Prep,,9/12/25 3:15 PM,9/12/25 3:25 PM,9 minutes and 54 seconds,Mayra Luna
Tink-a-Tako - Potranco,Juan  Camacho,359,23,Tortillero,,9/12/25 3:15 PM,9/12/25 3:25 PM,9 minutes and 54 seconds,Mayra Luna
Tink-a-Tako - Potranco,Juan  Camacho,368,39,,2,9/12/25 3:25 PM,9/12/25 3:26 PM,26 seconds,Mayra Luna
Tink-a-Tako - Potranco,Lizeth Alonso,365,,Lobby,,9/12/25 3:16 PM,9/12/25 3:26 PM,9 minutes and 34 seconds,Mayra Luna
Tink-a-Tako - Potranco,Juan  Camacho,368,39,,2,9/12/25 3:27 PM,9/12/25 3:27 PM,6 seconds,Mayra Luna
Tink-a-Tako - Potranco,Lizeth Alonso,370,,Lobby,,9/12/25 3:27 PM,9/12/25 3:30 PM,3 minutes and 8 seconds,Mayra Luna
Tink-a-Tako - Potranco,Isabel Cisneros,369,25,Prep,,9/12/25 3:26 PM,9/12/25 3:31 PM,5 minutes and 40 seconds,Mayra Luna
Tink-a-Tako - Potranco,Isabel Cisneros,369,25,Lobby,,9/12/25 3:26 PM,9/12/25 3:31 PM,5 minutes and 40 seconds,Mayra Luna
Tink-a-Tako - Potranco,Juan  Camacho,368,39,Lobby,,9/12/25 3:29 PM,9/12/25 3:31 PM,1 minute and 59 seconds,Mayra Luna
Tink-a-Tako - Potranco,Lizeth Alonso,366,,Lobby,,9/12/25 3:24 PM,9/12/25 3:32 PM,7 minutes and 31 seconds,Mayra Luna
Tink-a-Tako - Potranco,Lizeth Alonso,371,,Lobby,,9/12/25 3:35 PM,9/12/25 3:38 PM,3 minutes and 8 seconds,Mayra Luna
Tink-a-Tako - Potranco,Isabel Cisneros,375,24,Prep,,9/12/25 3:47 PM,9/12/25 3:50 PM,3 minutes and 50 seconds,Mayra Luna
Tink-a-Tako - Potranco,Isabel Cisneros,375,24,Tortillero,,9/12/25 3:47 PM,9/12/25 3:50 PM,3 minutes and 50 seconds,Mayra Luna
Tink-a-Tako - Potranco,Isabel Cisneros,375,24,Lobby,,9/12/25 3:47 PM,9/12/25 3:50 PM,3 minutes and 50 seconds,Mayra Luna
Tink-a-Tako - Potranco,Juan  Camacho,374,,Lobby,,9/12/25 3:48 PM,9/12/25 3:51 PM,3 minutes and 4 seconds,Mayra Luna
Tink-a-Tako - Potranco,Isabel Cisneros,375,24,Lobby,,9/12/25 3:48 PM,9/12/25 3:54 PM,6 minutes and 22 seconds,Mayra Luna
Tink-a-Tako - Potranco,Isabel Cisneros,375,24,Prep,,9/12/25 3:48 PM,9/12/25 3:54 PM,6 minutes and 22 seconds,Mayra Luna
Tink-a-Tako - Potranco,Juan  Camacho,376,32,Lobby,,9/12/25 3:58 PM,9/12/25 4:10 PM,11 minutes and 53 seconds,Mayra Luna
Tink-a-Tako - Potranco,Juan  Camacho,376,32,Prep,,9/12/25 3:58 PM,9/12/25 4:10 PM,11 minutes and 53 seconds,Mayra Luna
Tink-a-Tako - Potranco,Juan  Camacho,376,32,Tortillero,,9/12/25 3:58 PM,9/12/25 4:10 PM,11 minutes and 53 seconds,Mayra Luna
Tink-a-Tako - Potranco,Isabel Cisneros,378,7,Lobby,,9/12/25 4:07 PM,9/12/25 4:10 PM,2 minutes and 10 seconds,Mayra Luna
Tink-a-Tako - Potranco,Lizeth Alonso,377,,Lobby,,9/12/25 4:08 PM,9/12/25 4:14 PM,6 minutes and 42 seconds,Mayra Luna
Tink-a-Tako - Potranco,Lizeth Alonso,379,,Lobby,,9/12/25 4:08 PM,9/12/25 4:21 PM,13 minutes and 8 seconds,Mayra Luna
Tink-a-Tako - Potranco,Isabel Cisneros,378,7,Lobby,,9/12/25 4:12 PM,9/12/25 4:25 PM,13 minutes and 16 seconds,Mayra Luna
Tink-a-Tako - Potranco,Juan  Camacho,381,,Lobby,,9/12/25 4:24 PM,9/12/25 4:31 PM,6 minutes and 22 seconds,Mayra Luna
Tink-a-Tako - Potranco,Juan  Camacho,381,,Prep,,9/12/25 4:24 PM,9/12/25 4:31 PM,6 minutes and 22 seconds,Mayra Luna
Tink-a-Tako - Potranco,Juan  Camacho,376,32,Lobby,,9/12/25 4:24 PM,9/12/25 4:35 PM,10 minutes and 55 seconds,Mayra Luna
Tink-a-Tako - Potranco,Juan  Camacho,376,32,Prep,,9/12/25 4:24 PM,9/12/25 4:35 PM,10 minutes and 55 seconds,Mayra Luna
Tink-a-Tako - Potranco,Juan  Camacho,376,32,Tortillero,,9/12/25 4:24 PM,9/12/25 4:35 PM,10 minutes and 55 seconds,Mayra Luna
Tink-a-Tako - Potranco,Lizeth Alonso,380,,Lobby,,9/12/25 4:28 PM,9/12/25 4:37 PM,8 minutes and 27 seconds,Mayra Luna
Tink-a-Tako - Potranco,Juan  Camacho,382,37,Lobby,,9/12/25 4:32 PM,9/12/25 4:38 PM,5 minutes and 58 seconds,Mayra Luna
Tink-a-Tako - Potranco,Lizeth Alonso,383,,Lobby,,9/12/25 4:32 PM,9/12/25 4:38 PM,5 minutes and 23 seconds,Mayra Luna
Tink-a-Tako - Potranco,Juan  Camacho,385,32,Lobby,,9/12/25 4:33 PM,9/12/25 4:38 PM,4 minutes and 50 seconds,Mayra Luna
Tink-a-Tako - Potranco,Juan  Camacho,385,32,Prep,,9/12/25 4:33 PM,9/12/25 4:38 PM,4 minutes and 50 seconds,Mayra Luna
Tink-a-Tako - Potranco,Juan  Camacho,387,33,Lobby,,9/12/25 4:42 PM,9/12/25 4:45 PM,3 minutes and 29 seconds,Mayra Luna
Tink-a-Tako - Potranco,Isabel Cisneros,386,31,Tortillero,,9/12/25 4:35 PM,9/12/25 4:51 PM,16 minutes and 3 seconds,Mayra Luna
Tink-a-Tako - Potranco,Isabel Cisneros,386,31,Lobby,,9/12/25 4:35 PM,9/12/25 4:51 PM,16 minutes and 3 seconds,Mayra Luna
Tink-a-Tako - Potranco,Isabel Cisneros,386,31,Prep,,9/12/25 4:35 PM,9/12/25 4:51 PM,16 minutes and 3 seconds,Mayra Luna
Tink-a-Tako - Potranco,Lizeth Alonso,389,,Lobby,,9/12/25 4:47 PM,9/12/25 4:51 PM,4 minutes and 48 seconds,Mayra Luna
Tink-a-Tako - Potranco,Juan  Camacho,387,33,Lobby,,9/12/25 4:48 PM,9/12/25 4:53 PM,5 minutes and 28 seconds,Mayra Luna
Tink-a-Tako - Potranco,Lizeth Alonso,390,,Lobby,,9/12/25 4:49 PM,9/12/25 4:58 PM,8 minutes and 51 seconds,Mayra Luna
Tink-a-Tako - Potranco,Lizeth Alonso,393,,Lobby,,9/12/25 4:52 PM,9/12/25 4:58 PM,5 minutes and 31 seconds,Mayra Luna
Tink-a-Tako - Potranco,Juan  Camacho,388,24,Lobby,,9/12/25 4:46 PM,9/12/25 4:58 PM,12 minutes and 32 seconds,Mayra Luna
Tink-a-Tako - Potranco,Isabel Cisneros,392,23,Lobby,,9/12/25 4:50 PM,9/12/25 4:58 PM,8 minutes and 4 seconds,Mayra Luna
Tink-a-Tako - Potranco,Juan  Camacho,388,24,Lobby,,9/12/25 4:58 PM,9/12/25 4:58 PM,36 seconds,Mayra Luna
Tink-a-Tako - Potranco,Lizeth Alonso,394,,Lobby,,9/12/25 4:54 PM,9/12/25 4:59 PM,4 minutes and 58 seconds,Mayra Luna
Tink-a-Tako - Potranco,Juan  Camacho,396,38,Lobby,,9/12/25 5:00 PM,9/12/25 5:04 PM,4 minutes,Mayra Luna
Tink-a-Tako - Potranco,Lizeth Alonso,397,,Lobby,,9/12/25 5:03 PM,9/12/25 5:04 PM,1 minute and 37 seconds,Mayra Luna
Tink-a-Tako - Potranco,Isabel Cisneros,395,7,Lobby,,9/12/25 4:59 PM,9/12/25 5:08 PM,8 minutes and 46 seconds,Mayra Luna
Tink-a-Tako - Potranco,Isabel Cisneros,399,25,Lobby,,9/12/25 5:05 PM,9/12/25 5:15 PM,9 minutes and 31 seconds,Mayra Luna
Tink-a-Tako - Potranco,Juan  Camacho,398,32,Lobby,,9/12/25 5:03 PM,9/12/25 5:15 PM,11 minutes and 36 seconds,Mayra Luna
Tink-a-Tako - Potranco,Isabel Cisneros,386,31,,2,9/12/25 4:51 PM,9/12/25 5:16 PM,25 minutes and 29 seconds,Mayra Luna
Tink-a-Tako - Potranco,Juan  Camacho,387,33,,2,9/12/25 4:45 PM,9/12/25 5:16 PM,30 minutes and 54 seconds,Mayra Luna
Tink-a-Tako - Potranco,Isabel Cisneros,392,23,,2,9/12/25 4:58 PM,9/12/25 5:16 PM,17 minutes and 56 seconds,Mayra Luna
Tink-a-Tako - Potranco,Juan  Camacho,387,33,,2,9/12/25 4:53 PM,9/12/25 5:16 PM,22 minutes and 36 seconds,Mayra Luna
Tink-a-Tako - Potranco,Juan  Camacho,385,32,,2,9/12/25 4:38 PM,9/12/25 5:16 PM,38 minutes and 7 seconds,Mayra Luna
Tink-a-Tako - Potranco,Juan  Camacho,376,32,,2,9/12/25 4:35 PM,9/12/25 5:16 PM,41 minutes and 26 seconds,Mayra Luna
Tink-a-Tako - Potranco,Juan  Camacho,388,24,,2,9/12/25 4:58 PM,9/12/25 5:16 PM,17 minutes and 59 seconds,Mayra Luna
Tink-a-Tako - Potranco,Juan  Camacho,381,,,2,9/12/25 4:31 PM,9/12/25 5:16 PM,45 minutes and 29 seconds,Mayra Luna
Tink-a-Tako - Potranco,Juan  Camacho,388,24,,2,9/12/25 4:58 PM,9/12/25 5:16 PM,18 minutes and 3 seconds,Mayra Luna
Tink-a-Tako - Potranco,Isabel Cisneros,378,7,,2,9/12/25 4:25 PM,9/12/25 5:16 PM,50 minutes and 43 seconds,Mayra Luna
Tink-a-Tako - Potranco,Isabel Cisneros,378,7,,2,9/12/25 4:10 PM,9/12/25 5:16 PM,"1 hour, 6 minutes and 38 seconds",Mayra Luna
Tink-a-Tako - Potranco,Juan  Camacho,382,37,,2,9/12/25 4:38 PM,9/12/25 5:16 PM,38 minutes and 25 seconds,Mayra Luna
Tink-a-Tako - Potranco,Juan  Camacho,396,38,,2,9/12/25 5:04 PM,9/12/25 5:16 PM,12 minutes and 7 seconds,Mayra Luna
Tink-a-Tako - Potranco,Isabel Cisneros,395,7,,2,9/12/25 5:08 PM,9/12/25 5:16 PM,8 minutes and 5 seconds,Mayra Luna
Tink-a-Tako - Potranco,Juan  Camacho,374,,,2,9/12/25 3:51 PM,9/12/25 5:16 PM,"1 hour, 25 minutes and 36 seconds",Mayra Luna
Tink-a-Tako - Potranco,Juan  Camacho,376,32,,2,9/12/25 4:10 PM,9/12/25 5:16 PM,"1 hour, 6 minutes and 41 seconds",Mayra Luna
Tink-a-Tako - Potranco,Juan  Camacho,368,39,,2,9/12/25 3:31 PM,9/12/25 5:16 PM,"1 hour, 44 minutes and 49 seconds",Mayra Luna
Tink-a-Tako - Potranco,Isabel Cisneros,369,25,,2,9/12/25 3:31 PM,9/12/25 5:16 PM,"1 hour, 44 minutes and 50 seconds",Mayra Luna
Tink-a-Tako - Potranco,Juan  Camacho,398,32,,2,9/12/25 5:15 PM,9/12/25 5:17 PM,2 minutes,Mayra Luna
Tink-a-Tako - Potranco,Isabel Cisneros,399,25,,2,9/12/25 5:15 PM,9/12/25 5:17 PM,2 minutes and 2 seconds,Mayra Luna
Tink-a-Tako - Potranco,Isabel Cisneros,375,24,,2,9/12/25 3:50 PM,9/12/25 5:17 PM,"1 hour, 26 minutes and 11 seconds",Mayra Luna
Tink-a-Tako - Potranco,Isabel Cisneros,375,24,,2,9/12/25 3:54 PM,9/12/25 5:17 PM,"1 hour, 22 minutes and 42 seconds",Mayra Luna
Tink-a-Tako - Potranco,Juan  Camacho,359,23,,2,9/12/25 3:25 PM,9/12/25 5:17 PM,"1 hour, 51 minutes and 24 seconds",Mayra Luna
Tink-a-Tako - Potranco,Isabel Cisneros,354,17,,2,9/12/25 3:25 PM,9/12/25 5:17 PM,"1 hour, 52 minutes and 2 seconds",Mayra Luna
Tink-a-Tako - Potranco,Isabel Cisneros,361,37,,2,9/12/25 3:06 PM,9/12/25 5:17 PM,"2 hours, 10 minutes and 52 seconds",Mayra Luna
Tink-a-Tako - Potranco,Isabel Cisneros,361,37,,2,9/12/25 3:15 PM,9/12/25 5:17 PM,"2 hours, 1 minute and 12 seconds",Mayra Luna
Tink-a-Tako - Potranco,Juan  Camacho,363,,,2,9/12/25 3:23 PM,9/12/25 5:17 PM,"1 hour, 53 minutes and 15 seconds",Mayra Luna
Tink-a-Tako - Potranco,Juan  Camacho,359,23,,2,9/12/25 3:22 PM,9/12/25 5:17 PM,"1 hour, 54 minutes and 13 seconds",Mayra Luna
Tink-a-Tako - Potranco,Lizeth Alonso,401,,Lobby,,9/12/25 5:11 PM,9/12/25 5:18 PM,6 minutes and 53 seconds,Mayra Luna
Tink-a-Tako - Potranco,Isabel Cisneros,386,31,Lobby,,9/12/25 5:16 PM,9/12/25 5:19 PM,2 minutes and 54 seconds,Mayra Luna
Tink-a-Tako - Potranco,Lizeth Alonso,400,,Lobby,,9/12/25 5:10 PM,9/12/25 5:21 PM,10 minutes and 47 seconds,Mayra Luna
Tink-a-Tako - Potranco,Lizeth Alonso,402,,Lobby,,9/12/25 5:17 PM,9/12/25 5:24 PM,7 minutes and 10 seconds,Mayra Luna
Tink-a-Tako - Potranco,Lizeth Alonso,402,,Prep,,9/12/25 5:17 PM,9/12/25 5:24 PM,7 minutes and 10 seconds,Mayra Luna
Tink-a-Tako - Potranco,Lizeth Alonso,402,,Tortillero,,9/12/25 5:17 PM,9/12/25 5:24 PM,7 minutes and 10 seconds,Mayra Luna
Tink-a-Tako - Potranco,Isabel Cisneros,403,22,Lobby,,9/12/25 5:23 PM,9/12/25 5:31 PM,7 minutes and 51 seconds,Mayra Luna
Tink-a-Tako - Potranco,Mayra Luna,404,36,Lobby,,9/12/25 5:25 PM,9/12/25 5:39 PM,14 minutes and 16 seconds,Mayra Luna
Tink-a-Tako - Potranco,Lizeth Alonso,406,,Lobby,,9/12/25 5:39 PM,9/12/25 5:42 PM,3 minutes and 14 seconds,Mayra Luna
Tink-a-Tako - Potranco,Mayra Luna,409,,Tortillero,,9/12/25 5:41 PM,9/12/25 5:43 PM,2 minutes and 12 seconds,Mayra Luna
Tink-a-Tako - Potranco,Mayra Luna,409,,Lobby,,9/12/25 5:41 PM,9/12/25 5:43 PM,2 minutes and 12 seconds,Mayra Luna
Tink-a-Tako - Potranco,Mayra Luna,409,,Prep,,9/12/25 5:41 PM,9/12/25 5:43 PM,2 minutes and 12 seconds,Mayra Luna
Tink-a-Tako - Potranco,Isabel Cisneros,410,34,Prep,,9/12/25 5:42 PM,9/12/25 5:48 PM,6 minutes and 18 seconds,Mayra Luna
Tink-a-Tako - Potranco,Isabel Cisneros,410,34,Tortillero,,9/12/25 5:42 PM,9/12/25 5:48 PM,6 minutes and 18 seconds,Mayra Luna
Tink-a-Tako - Potranco,Isabel Cisneros,410,34,Lobby,,9/12/25 5:42 PM,9/12/25 5:48 PM,6 minutes and 18 seconds,Mayra Luna
Tink-a-Tako - Potranco,Juan  Camacho,355,42,,2,9/12/25 3:07 PM,9/12/25 5:52 PM,"2 hours, 45 minutes and 12 seconds",Mayra Luna
Tink-a-Tako - Potranco,Juan  Camacho,360,33,,2,9/12/25 3:07 PM,9/12/25 5:52 PM,"2 hours, 44 minutes and 31 seconds",Mayra Luna
Tink-a-Tako - Potranco,Juan  Camacho,356,7,,2,9/12/25 3:07 PM,9/12/25 5:52 PM,"2 hours, 45 minutes and 12 seconds",Mayra Luna
Tink-a-Tako - Potranco,Juan  Camacho,359,23,,2,9/12/25 3:10 PM,9/12/25 5:52 PM,"2 hours, 41 minutes and 40 seconds",Mayra Luna
Tink-a-Tako - Potranco,Mayra Luna,404,36,,2,9/12/25 5:39 PM,9/12/25 5:52 PM,12 minutes and 44 seconds,Mayra Luna
Tink-a-Tako - Potranco,Isabel Cisneros,386,31,,2,9/12/25 5:19 PM,9/12/25 5:52 PM,33 minutes and 9 seconds,Mayra Luna
Tink-a-Tako - Potranco,Isabel Cisneros,403,22,,2,9/12/25 5:31 PM,9/12/25 5:52 PM,20 minutes and 32 seconds,Mayra Luna
Tink-a-Tako - Potranco,Lizeth Alonso,411,,Lobby,,9/12/25 5:46 PM,9/12/25 5:55 PM,9 minutes and 23 seconds,Mayra Luna
Tink-a-Tako - Potranco,Isabel Cisneros,415,33,Lobby,,9/12/25 5:48 PM,9/12/25 5:55 PM,6 minutes and 53 seconds,Mayra Luna
Tink-a-Tako - Potranco,Lizeth Alonso,412,,Lobby,,9/12/25 5:47 PM,9/12/25 5:59 PM,12 minutes and 18 seconds,Mayra Luna
Tink-a-Tako - Potranco,Lizeth Alonso,413,,Lobby,,9/12/25 5:48 PM,9/12/25 6:00 PM,12 minutes and 15 seconds,Mayra Luna
Tink-a-Tako - Potranco,Lizeth Alonso,414,,Tortillero,,9/12/25 5:49 PM,9/12/25 6:00 PM,11 minutes and 46 seconds,Mayra Luna
Tink-a-Tako - Potranco,Lizeth Alonso,414,,Lobby,,9/12/25 5:49 PM,9/12/25 6:00 PM,11 minutes and 46 seconds,Mayra Luna
Tink-a-Tako - Potranco,Lizeth Alonso,414,,Prep,,9/12/25 5:49 PM,9/12/25 6:00 PM,11 minutes and 46 seconds,Mayra Luna
Tink-a-Tako - Potranco,Juan  Camacho,419,,Tortillero,,9/12/25 5:59 PM,9/12/25 6:06 PM,6 minutes and 21 seconds,Mayra Luna
Tink-a-Tako - Potranco,Juan  Camacho,419,,Lobby,,9/12/25 5:59 PM,9/12/25 6:06 PM,6 minutes and 21 seconds,Mayra Luna
Tink-a-Tako - Potranco,Juan  Camacho,419,,Prep,,9/12/25 5:59 PM,9/12/25 6:06 PM,6 minutes and 21 seconds,Mayra Luna
Tink-a-Tako - Potranco,Juan  Camacho,418,,Lobby,,9/12/25 5:57 PM,9/12/25 6:06 PM,8 minutes and 38 seconds,Mayra Luna
Tink-a-Tako - Potranco,Juan  Camacho,417,37,Prep,,9/12/25 5:55 PM,9/12/25 6:06 PM,10 minutes and 53 seconds,Mayra Luna
Tink-a-Tako - Potranco,Juan  Camacho,417,37,Tortillero,,9/12/25 5:55 PM,9/12/25 6:06 PM,10 minutes and 53 seconds,Mayra Luna
Tink-a-Tako - Potranco,Juan  Camacho,417,37,Lobby,,9/12/25 5:55 PM,9/12/25 6:06 PM,10 minutes and 53 seconds,Mayra Luna
Tink-a-Tako - Potranco,Juan  Camacho,419,,,2,9/12/25 6:06 PM,9/12/25 6:07 PM,1 minute and 45 seconds,Mayra Luna
Tink-a-Tako - Potranco,Juan  Camacho,418,,,2,9/12/25 6:06 PM,9/12/25 6:07 PM,1 minute and 43 seconds,Mayra Luna
Tink-a-Tako - Potranco,Juan  Camacho,417,37,,2,9/12/25 6:06 PM,9/12/25 6:07 PM,1 minute and 37 seconds,Mayra Luna
Tink-a-Tako - Potranco,Isabel Cisneros,410,34,,2,9/12/25 5:48 PM,9/12/25 6:07 PM,18 minutes and 57 seconds,Mayra Luna
Tink-a-Tako - Potranco,Isabel Cisneros,415,33,,2,9/12/25 5:55 PM,9/12/25 6:07 PM,12 minutes and 5 seconds,Mayra Luna
Tink-a-Tako - Potranco,Juan  Camacho,422,24,Lobby,,9/12/25 6:03 PM,9/12/25 6:10 PM,6 minutes and 57 seconds,Mayra Luna
Tink-a-Tako - Potranco,Lizeth Alonso,423,,Tortillero,,9/12/25 6:04 PM,9/12/25 6:14 PM,9 minutes and 38 seconds,Mayra Luna
Tink-a-Tako - Potranco,Lizeth Alonso,423,,Lobby,,9/12/25 6:04 PM,9/12/25 6:14 PM,9 minutes and 38 seconds,Mayra Luna
Tink-a-Tako - Potranco,Lizeth Alonso,423,,Prep,,9/12/25 6:04 PM,9/12/25 6:14 PM,9 minutes and 38 seconds,Mayra Luna
Tink-a-Tako - Potranco,Isabel Cisneros,427,35,Lobby,,9/12/25 6:14 PM,9/12/25 6:18 PM,3 minutes and 43 seconds,Mayra Luna
Tink-a-Tako - Potranco,Isabel Cisneros,420,32,Prep,,9/12/25 5:59 PM,9/12/25 6:20 PM,20 minutes and 44 seconds,Mayra Luna
Tink-a-Tako - Potranco,Isabel Cisneros,420,32,Lobby,,9/12/25 5:59 PM,9/12/25 6:20 PM,20 minutes and 44 seconds,Mayra Luna
Tink-a-Tako - Potranco,Lizeth Alonso,424,,Lobby,,9/12/25 6:16 PM,9/12/25 6:20 PM,4 minutes and 3 seconds,Mayra Luna
Tink-a-Tako - Potranco,Lizeth Alonso,424,,Prep,,9/12/25 6:16 PM,9/12/25 6:20 PM,4 minutes and 3 seconds,Mayra Luna
Tink-a-Tako - Potranco,Juan  Camacho,428,38,Lobby,,9/12/25 6:18 PM,9/12/25 6:22 PM,3 minutes and 5 seconds,Mayra Luna
Tink-a-Tako - Potranco,Juan  Camacho,425,25,Lobby,,9/12/25 6:10 PM,9/12/25 6:22 PM,11 minutes and 34 seconds,Mayra Luna
Tink-a-Tako - Potranco,Juan  Camacho,428,38,Prep,,9/12/25 6:18 PM,9/12/25 6:22 PM,3 minutes and 5 seconds,Mayra Luna
Tink-a-Tako - Potranco,Isabel Cisneros,410,34,Prep,,9/12/25 6:16 PM,9/12/25 6:22 PM,5 minutes and 45 seconds,Mayra Luna
Tink-a-Tako - Potranco,Isabel Cisneros,410,34,Tortillero,,9/12/25 6:16 PM,9/12/25 6:22 PM,5 minutes and 45 seconds,Mayra Luna
Tink-a-Tako - Potranco,Isabel Cisneros,410,34,Lobby,,9/12/25 6:16 PM,9/12/25 6:22 PM,5 minutes and 45 seconds,Mayra Luna
Tink-a-Tako - Potranco,Isabel Cisneros,426,23,Lobby,,9/12/25 6:13 PM,9/12/25 6:22 PM,9 minutes and 15 seconds,Mayra Luna
Tink-a-Tako - Potranco,Juan  Camacho,429,7,Lobby,,9/12/25 6:20 PM,9/12/25 6:28 PM,7 minutes and 37 seconds,Mayra Luna
Tink-a-Tako - Potranco,Juan  Camacho,430,7,Lobby,,9/12/25 6:20 PM,9/12/25 6:28 PM,7 minutes and 37 seconds,Mayra Luna
Tink-a-Tako - Potranco,Isabel Cisneros,432,8,Lobby,,9/12/25 6:22 PM,9/12/25 6:28 PM,5 minutes and 40 seconds,Mayra Luna
Tink-a-Tako - Potranco,Isabel Cisneros,420,32,Lobby,,9/12/25 6:30 PM,9/12/25 6:34 PM,4 minutes and 9 seconds,Mayra Luna
Tink-a-Tako - Potranco,Juan  Camacho,429,7,Lobby,,9/12/25 6:33 PM,9/12/25 6:34 PM,1 minute and 3 seconds,Mayra Luna
Tink-a-Tako - Potranco,Mayra Luna,404,36,Prep,,9/12/25 6:31 PM,9/12/25 6:35 PM,4 minutes and 11 seconds,Mayra Luna
Tink-a-Tako - Potranco,Mayra Luna,404,36,Tortillero,,9/12/25 6:31 PM,9/12/25 6:35 PM,4 minutes and 11 seconds,Mayra Luna
Tink-a-Tako - Potranco,Mayra Luna,404,36,Lobby,,9/12/25 6:31 PM,9/12/25 6:35 PM,4 minutes and 11 seconds,Mayra Luna
Tink-a-Tako - Potranco,Isabel Cisneros,427,35,Prep,,9/12/25 6:31 PM,9/12/25 6:35 PM,3 minutes and 26 seconds,Mayra Luna
Tink-a-Tako - Potranco,Isabel Cisneros,427,35,Lobby,,9/12/25 6:31 PM,9/12/25 6:35 PM,3 minutes and 26 seconds,Mayra Luna
Tink-a-Tako - Potranco,Isabel Cisneros,432,8,,2,9/12/25 6:28 PM,9/12/25 6:37 PM,9 minutes and 3 seconds,Mayra Luna
Tink-a-Tako - Potranco,Juan  Camacho,430,7,,2,9/12/25 6:28 PM,9/12/25 6:37 PM,9 minutes and 5 seconds,Mayra Luna
Tink-a-Tako - Potranco,Juan  Camacho,429,7,,2,9/12/25 6:28 PM,9/12/25 6:37 PM,9 minutes and 6 seconds,Mayra Luna
Tink-a-Tako - Potranco,Juan  Camacho,428,38,,2,9/12/25 6:22 PM,9/12/25 6:37 PM,15 minutes and 32 seconds,Mayra Luna
Tink-a-Tako - Potranco,Isabel Cisneros,427,35,,2,9/12/25 6:18 PM,9/12/25 6:37 PM,19 minutes and 31 seconds,Mayra Luna
Tink-a-Tako - Potranco,Isabel Cisneros,410,34,,2,9/12/25 6:22 PM,9/12/25 6:37 PM,15 minutes and 1 second,Mayra Luna
Tink-a-Tako - Potranco,Juan  Camacho,425,25,,2,9/12/25 6:22 PM,9/12/25 6:37 PM,15 minutes and 34 seconds,Mayra Luna
Tink-a-Tako - Potranco,Isabel Cisneros,426,23,,2,9/12/25 6:22 PM,9/12/25 6:37 PM,15 minutes,Mayra Luna
Tink-a-Tako - Potranco,Juan  Camacho,429,7,,2,9/12/25 6:34 PM,9/12/25 6:37 PM,3 minutes and 27 seconds,Mayra Luna
Tink-a-Tako - Potranco,Lizeth Alonso,433,,Lobby,,9/12/25 6:32 PM,9/12/25 6:38 PM,6 minutes and 23 seconds,Mayra Luna
Tink-a-Tako - Potranco,Lizeth Alonso,423,,,2,9/12/25 6:14 PM,9/12/25 6:45 PM,30 minutes and 30 seconds,Mayra Luna
Tink-a-Tako - Potranco,Lizeth Alonso,437,,Lobby,,9/12/25 6:41 PM,9/12/25 6:50 PM,8 minutes and 36 seconds,Mayra Luna
Tink-a-Tako - Potranco,Lizeth Alonso,439,,Lobby,,9/12/25 6:46 PM,9/12/25 6:51 PM,5 minutes and 1 second,Mayra Luna
Tink-a-Tako - Potranco,Juan  Camacho,441,,Lobby,,9/12/25 6:47 PM,9/12/25 6:55 PM,7 minutes and 53 seconds,Mayra Luna
Tink-a-Tako - Potranco,Lizeth Alonso,434,,Lobby,,9/12/25 6:33 PM,9/12/25 6:56 PM,22 minutes and 45 seconds,Mayra Luna
Tink-a-Tako - Potranco,Juan  Camacho,440,39,Lobby,,9/12/25 6:46 PM,9/12/25 6:57 PM,11 minutes and 1 second,Mayra Luna
Tink-a-Tako - Potranco,Juan  Camacho,443,,Lobby,,9/12/25 6:51 PM,9/12/25 7:05 PM,14 minutes and 52 seconds,Mayra Luna
Tink-a-Tako - Potranco,Juan  Camacho,417,37,,2,9/12/25 7:06 PM,9/12/25 7:06 PM,8 seconds,Mayra Luna
Tink-a-Tako - Potranco,Mayra Luna,409,,,2,9/12/25 5:43 PM,9/12/25 7:06 PM,"1 hour, 23 minutes and 27 seconds",Mayra Luna
Tink-a-Tako - Potranco,Isabel Cisneros,420,32,,2,9/12/25 6:20 PM,9/12/25 7:06 PM,46 minutes and 27 seconds,Mayra Luna
Tink-a-Tako - Potranco,Juan  Camacho,422,24,,2,9/12/25 6:10 PM,9/12/25 7:06 PM,56 minutes and 24 seconds,Mayra Luna
Tink-a-Tako - Potranco,Isabel Cisneros,420,32,,2,9/12/25 6:34 PM,9/12/25 7:06 PM,32 minutes and 29 seconds,Mayra Luna
Tink-a-Tako - Potranco,Isabel Cisneros,427,35,,2,9/12/25 6:35 PM,9/12/25 7:06 PM,31 minutes and 21 seconds,Mayra Luna
Tink-a-Tako - Potranco,Lizeth Alonso,437,,,2,9/12/25 6:50 PM,9/12/25 7:06 PM,16 minutes and 19 seconds,Mayra Luna
Tink-a-Tako - Potranco,Mayra Luna,404,36,,2,9/12/25 6:35 PM,9/12/25 7:06 PM,31 minutes and 33 seconds,Mayra Luna
Tink-a-Tako - Potranco,Lizeth Alonso,434,,,2,9/12/25 6:56 PM,9/12/25 7:06 PM,10 minutes and 33 seconds,Mayra Luna
Tink-a-Tako - Potranco,Juan  Camacho,441,,,2,9/12/25 6:55 PM,9/12/25 7:06 PM,11 minutes and 27 seconds,Mayra Luna
Tink-a-Tako - Potranco,Juan  Camacho,440,39,,2,9/12/25 6:57 PM,9/12/25 7:06 PM,9 minutes and 45 seconds,Mayra Luna
Tink-a-Tako - Potranco,Lizeth Alonso,444,,Tortillero,,9/12/25 6:54 PM,9/12/25 7:10 PM,15 minutes and 56 seconds,Mayra Luna
Tink-a-Tako - Potranco,Lizeth Alonso,444,,Lobby,,9/12/25 6:54 PM,9/12/25 7:10 PM,15 minutes and 56 seconds,Mayra Luna
Tink-a-Tako - Potranco,Lizeth Alonso,444,,Prep,,9/12/25 6:54 PM,9/12/25 7:10 PM,15 minutes and 56 seconds,Mayra Luna
Tink-a-Tako - Potranco,Lizeth Alonso,434,,Lobby,,9/12/25 6:56 PM,9/12/25 7:10 PM,13 minutes and 54 seconds,Mayra Luna
Tink-a-Tako - Potranco,Juan  Camacho,440,39,Lobby,,9/12/25 6:58 PM,9/12/25 7:10 PM,12 minutes and 28 seconds,Mayra Luna
Tink-a-Tako - Potranco,Juan  Camacho,445,41,Lobby,,9/12/25 6:56 PM,9/12/25 7:10 PM,14 minutes and 25 seconds,Mayra Luna
Tink-a-Tako - Potranco,Juan  Camacho,445,41,Prep,,9/12/25 6:56 PM,9/12/25 7:10 PM,14 minutes and 25 seconds,Mayra Luna
Tink-a-Tako - Potranco,Juan  Camacho,445,41,Tortillero,,9/12/25 6:56 PM,9/12/25 7:10 PM,14 minutes and 25 seconds,Mayra Luna
Tink-a-Tako - Potranco,Juan  Camacho,446,40,Lobby,,9/12/25 7:00 PM,9/12/25 7:11 PM,11 minutes and 50 seconds,Mayra Luna
Tink-a-Tako - Potranco,Isabel Cisneros,448,24,Lobby,,9/12/25 7:02 PM,9/12/25 7:11 PM,9 minutes and 19 seconds,Mayra Luna
Tink-a-Tako - Potranco,Juan  Camacho,447,31,Prep,,9/12/25 7:03 PM,9/12/25 7:14 PM,11 minutes and 18 seconds,Mayra Luna
Tink-a-Tako - Potranco,Juan  Camacho,447,31,Tortillero,,9/12/25 7:03 PM,9/12/25 7:14 PM,11 minutes and 18 seconds,Mayra Luna
Tink-a-Tako - Potranco,Juan  Camacho,447,31,Lobby,,9/12/25 7:03 PM,9/12/25 7:14 PM,11 minutes and 18 seconds,Mayra Luna
Tink-a-Tako - Potranco,Isabel Cisneros,450,25,Lobby,,9/12/25 7:06 PM,9/12/25 7:17 PM,11 minutes and 4 seconds,Mayra Luna
Tink-a-Tako - Potranco,Juan  Camacho,440,39,Lobby,,9/12/25 7:15 PM,9/12/25 7:18 PM,2 minutes and 53 seconds,Mayra Luna
Tink-a-Tako - Potranco,Juan  Camacho,449,33,Lobby,,9/12/25 7:06 PM,9/12/25 7:20 PM,13 minutes and 50 seconds,Mayra Luna
Tink-a-Tako - Potranco,Isabel Cisneros,432,8,Lobby,,9/12/25 7:05 PM,9/12/25 7:20 PM,15 minutes and 30 seconds,Mayra Luna
Tink-a-Tako - Potranco,Isabel Cisneros,432,8,Tortillero,,9/12/25 7:05 PM,9/12/25 7:20 PM,15 minutes and 30 seconds,Mayra Luna
Tink-a-Tako - Potranco,Juan  Camacho,449,33,Prep,,9/12/25 7:06 PM,9/12/25 7:22 PM,16 minutes and 7 seconds,Mayra Luna
Tink-a-Tako - Potranco,Juan  Camacho,449,33,Tortillero,,9/12/25 7:06 PM,9/12/25 7:22 PM,16 minutes and 7 seconds,Mayra Luna
Tink-a-Tako - Potranco,Juan  Camacho,449,33,Lobby,,9/12/25 7:06 PM,9/12/25 7:22 PM,16 minutes and 7 seconds,Mayra Luna
Tink-a-Tako - Potranco,Lizeth Alonso,452,,Lobby,,9/12/25 7:09 PM,9/12/25 7:24 PM,15 minutes,Mayra Luna
Tink-a-Tako - Potranco,Mayra Luna,454,4,Lobby,,9/12/25 7:17 PM,9/12/25 7:24 PM,7 minutes and 39 seconds,Mayra Luna
Tink-a-Tako - Potranco,Isabel Cisneros,450,25,,2,9/12/25 7:17 PM,9/12/25 7:26 PM,9 minutes and 8 seconds,Mayra Luna
Tink-a-Tako - Potranco,Lizeth Alonso,457,,Lobby,,9/12/25 7:25 PM,9/12/25 7:30 PM,4 minutes and 14 seconds,Mayra Luna
Tink-a-Tako - Potranco,Mayra Luna,455,18,Lobby,,9/12/25 7:18 PM,9/12/25 7:30 PM,12 minutes and 10 seconds,Mayra Luna
Tink-a-Tako - Potranco,Isabel Cisneros,453,32,Lobby,,9/12/25 7:15 PM,9/12/25 7:31 PM,15 minutes and 28 seconds,Mayra Luna
Tink-a-Tako - Potranco,Isabel Cisneros,453,32,Tortillero,,9/12/25 7:15 PM,9/12/25 7:31 PM,15 minutes and 28 seconds,Mayra Luna
Tink-a-Tako - Potranco,Isabel Cisneros,432,8,,2,9/12/25 7:26 PM,9/12/25 7:32 PM,6 minutes and 43 seconds,Mayra Luna
Tink-a-Tako - Potranco,Juan  Camacho,456,23,Lobby,,9/12/25 7:22 PM,9/12/25 7:34 PM,11 minutes and 57 seconds,Mayra Luna
Tink-a-Tako - Potranco,Juan  Camacho,460,,Lobby,,9/12/25 7:32 PM,9/12/25 7:37 PM,5 minutes and 24 seconds,Mayra Luna
Tink-a-Tako - Potranco,Lizeth Alonso,459,,Lobby,,9/12/25 7:32 PM,9/12/25 7:37 PM,5 minutes and 31 seconds,Mayra Luna
Tink-a-Tako - Potranco,Isabel Cisneros,448,24,Lobby,,9/12/25 7:32 PM,9/12/25 7:38 PM,6 minutes and 19 seconds,Mayra Luna
Tink-a-Tako - Potranco,Juan  Camacho,458,37,Lobby,,9/12/25 7:30 PM,9/12/25 7:43 PM,12 minutes and 35 seconds,Mayra Luna
Tink-a-Tako - Potranco,Juan  Camacho,461,,Lobby,,9/12/25 7:34 PM,9/12/25 7:44 PM,9 minutes and 24 seconds,Mayra Luna
Tink-a-Tako - Potranco,Juan  Camacho,461,,Tortillero,,9/12/25 7:34 PM,9/12/25 7:44 PM,9 minutes and 24 seconds,Mayra Luna
Tink-a-Tako - Potranco,Juan  Camacho,461,,Prep,,9/12/25 7:34 PM,9/12/25 7:44 PM,9 minutes and 24 seconds,Mayra Luna
Tink-a-Tako - Potranco,Lizeth Alonso,463,,Lobby,,9/12/25 7:48 PM,9/12/25 7:50 PM,2 minutes and 40 seconds,Mayra Luna
Tink-a-Tako - Potranco,Isabel Cisneros,465,35,Prep,,9/12/25 7:56 PM,9/12/25 8:05 PM,8 minutes and 33 seconds,Mayra Luna
Tink-a-Tako - Potranco,Isabel Cisneros,465,35,Tortillero,,9/12/25 7:56 PM,9/12/25 8:05 PM,8 minutes and 33 seconds,Mayra Luna
Tink-a-Tako - Potranco,Isabel Cisneros,465,35,Lobby,,9/12/25 7:56 PM,9/12/25 8:05 PM,8 minutes and 33 seconds,Mayra Luna
Tink-a-Tako - Potranco,Lizeth Alonso,466,,Lobby,,9/12/25 8:02 PM,9/12/25 8:12 PM,10 minutes and 9 seconds,Mayra Luna
Tink-a-Tako - Potranco,Isabel Cisneros,467,24,Prep,,9/12/25 8:09 PM,9/12/25 8:21 PM,11 minutes and 30 seconds,Mayra Luna
Tink-a-Tako - Potranco,Isabel Cisneros,467,24,Tortillero,,9/12/25 8:09 PM,9/12/25 8:21 PM,11 minutes and 30 seconds,Mayra Luna
Tink-a-Tako - Potranco,Isabel Cisneros,467,24,Lobby,,9/12/25 8:09 PM,9/12/25 8:21 PM,11 minutes and 30 seconds,Mayra Luna
Tink-a-Tako - Potranco,Lizeth Alonso,468,,Lobby,,9/12/25 8:12 PM,9/12/25 8:22 PM,10 minutes and 14 seconds,Mayra Luna
Tink-a-Tako - Potranco,Lizeth Alonso,477,,Tortillero,,9/12/25 8:18 PM,9/12/25 8:25 PM,7 minutes and 22 seconds,Mayra Luna
Tink-a-Tako - Potranco,Lizeth Alonso,477,,Lobby,,9/12/25 8:18 PM,9/12/25 8:25 PM,7 minutes and 22 seconds,Mayra Luna
Tink-a-Tako - Potranco,Mayra Luna,454,4,,2,9/12/25 7:24 PM,9/12/25 8:26 PM,"1 hour, 1 minute and 58 seconds",Mayra Luna
Tink-a-Tako - Potranco,Isabel Cisneros,453,32,,2,9/12/25 7:31 PM,9/12/25 8:26 PM,55 minutes and 26 seconds,Mayra Luna
Tink-a-Tako - Potranco,Juan  Camacho,456,23,,2,9/12/25 7:34 PM,9/12/25 8:26 PM,52 minutes and 46 seconds,Mayra Luna
Tink-a-Tako - Potranco,Mayra Luna,455,18,,2,9/12/25 7:30 PM,9/12/25 8:26 PM,56 minutes and 24 seconds,Mayra Luna
Tink-a-Tako - Potranco,Juan  Camacho,460,,,2,9/12/25 7:37 PM,9/12/25 8:26 PM,49 minutes and 6 seconds,Mayra Luna
Tink-a-Tako - Potranco,Isabel Cisneros,448,24,,2,9/12/25 7:38 PM,9/12/25 8:26 PM,48 minutes and 8 seconds,Mayra Luna
Tink-a-Tako - Potranco,Juan  Camacho,458,37,,2,9/12/25 7:43 PM,9/12/25 8:26 PM,43 minutes and 37 seconds,Mayra Luna
Tink-a-Tako - Potranco,Juan  Camacho,461,,,2,9/12/25 7:44 PM,9/12/25 8:26 PM,42 minutes and 38 seconds,Mayra Luna
Tink-a-Tako - Potranco,Isabel Cisneros,467,24,,2,9/12/25 8:21 PM,9/12/25 8:26 PM,5 minutes and 44 seconds,Mayra Luna
Tink-a-Tako - Potranco,Isabel Cisneros,465,35,,2,9/12/25 8:05 PM,9/12/25 8:26 PM,21 minutes and 22 seconds,Mayra Luna
Tink-a-Tako - Potranco,Lizeth Alonso,452,,,2,9/12/25 7:24 PM,9/12/25 8:26 PM,"1 hour, 2 minutes and 44 seconds",Mayra Luna
Tink-a-Tako - Potranco,Juan  Camacho,440,39,,2,9/12/25 7:18 PM,9/12/25 8:26 PM,"1 hour, 8 minutes and 27 seconds",Mayra Luna
Tink-a-Tako - Potranco,Lizeth Alonso,477,,Lobby,,9/12/25 8:24 PM,9/12/25 8:29 PM,5 minutes and 34 seconds,Mayra Luna
Tink-a-Tako - Potranco,Lizeth Alonso,478,,Lobby,,9/12/25 8:21 PM,9/12/25 8:29 PM,7 minutes and 58 seconds,Mayra Luna
Tink-a-Tako - Potranco,Juan  Camacho,483,20,Lobby,,9/12/25 8:22 PM,9/12/25 8:40 PM,17 minutes and 55 seconds,Mayra Luna
Tink-a-Tako - Potranco,Juan  Camacho,481,20,Prep,,9/12/25 8:22 PM,9/12/25 8:40 PM,17 minutes and 56 seconds,Mayra Luna
Tink-a-Tako - Potranco,Juan  Camacho,481,20,Tortillero,,9/12/25 8:22 PM,9/12/25 8:40 PM,17 minutes and 56 seconds,Mayra Luna
Tink-a-Tako - Potranco,Juan  Camacho,481,20,Lobby,,9/12/25 8:22 PM,9/12/25 8:40 PM,17 minutes and 56 seconds,Mayra Luna
Tink-a-Tako - Potranco,Juan  Camacho,480,20,Prep,,9/12/25 8:22 PM,9/12/25 8:40 PM,17 minutes and 58 seconds,Mayra Luna
Tink-a-Tako - Potranco,Juan  Camacho,480,20,Lobby,,9/12/25 8:22 PM,9/12/25 8:40 PM,17 minutes and 58 seconds,Mayra Luna
Tink-a-Tako - Potranco,Juan  Camacho,475,20,Lobby,,9/12/25 8:22 PM,9/12/25 8:41 PM,18 minutes and 2 seconds,Mayra Luna
Tink-a-Tako - Potranco,Juan  Camacho,476,20,Lobby,,9/12/25 8:22 PM,9/12/25 8:41 PM,18 minutes and 1 second,Mayra Luna
Tink-a-Tako - Potranco,Juan  Camacho,479,20,Lobby,,9/12/25 8:22 PM,9/12/25 8:41 PM,18 minutes and 4 seconds,Mayra Luna
Tink-a-Tako - Potranco,Juan  Camacho,474,20,Lobby,,9/12/25 8:22 PM,9/12/25 8:41 PM,18 minutes and 5 seconds,Mayra Luna
Tink-a-Tako - Potranco,Juan  Camacho,449,33,,2,9/12/25 7:20 PM,9/12/25 8:41 PM,"1 hour, 20 minutes and 44 seconds",Mayra Luna
Tink-a-Tako - Potranco,Juan  Camacho,449,33,,2,9/12/25 7:22 PM,9/12/25 8:41 PM,"1 hour, 18 minutes and 50 seconds",Mayra Luna
Tink-a-Tako - Potranco,Juan  Camacho,474,20,,2,9/12/25 8:41 PM,9/12/25 8:41 PM,2 seconds,Mayra Luna
Tink-a-Tako - Potranco,Juan  Camacho,475,20,,2,9/12/25 8:41 PM,9/12/25 8:41 PM,7 seconds,Mayra Luna
Tink-a-Tako - Potranco,Juan  Camacho,479,20,,2,9/12/25 8:41 PM,9/12/25 8:41 PM,5 seconds,Mayra Luna
Tink-a-Tako - Potranco,Isabel Cisneros,432,8,,2,9/12/25 7:20 PM,9/12/25 8:41 PM,"1 hour, 20 minutes and 15 seconds",Mayra Luna
Tink-a-Tako - Potranco,Juan  Camacho,446,40,,2,9/12/25 7:11 PM,9/12/25 8:41 PM,"1 hour, 29 minutes and 19 seconds",Mayra Luna
Tink-a-Tako - Potranco,Juan  Camacho,440,39,,2,9/12/25 7:10 PM,9/12/25 8:41 PM,"1 hour, 30 minutes and 45 seconds",Mayra Luna
Tink-a-Tako - Potranco,Isabel Cisneros,448,24,,2,9/12/25 7:11 PM,9/12/25 8:41 PM,"1 hour, 29 minutes and 21 seconds",Mayra Luna
Tink-a-Tako - Potranco,Juan  Camacho,447,31,,2,9/12/25 7:14 PM,9/12/25 8:41 PM,"1 hour, 26 minutes and 51 seconds",Mayra Luna
Tink-a-Tako - Potranco,Juan  Camacho,445,41,,2,9/12/25 7:10 PM,9/12/25 8:41 PM,"1 hour, 30 minutes and 48 seconds",Mayra Luna
Tink-a-Tako - Potranco,Juan  Camacho,476,20,,2,9/12/25 8:41 PM,9/12/25 8:41 PM,17 seconds,Mayra Luna
Tink-a-Tako - Potranco,Juan  Camacho,443,,,2,9/12/25 7:05 PM,9/12/25 8:41 PM,"1 hour, 35 minutes and 24 seconds",Mayra Luna
Tink-a-Tako - Potranco,Lizeth Alonso,434,,,2,9/12/25 7:10 PM,9/12/25 8:41 PM,"1 hour, 30 minutes and 55 seconds",Mayra Luna
Tink-a-Tako - Potranco,Juan  Camacho,480,20,,2,9/12/25 8:40 PM,9/12/25 8:41 PM,24 seconds,Mayra Luna
Tink-a-Tako - Potranco,Juan  Camacho,481,20,,2,9/12/25 8:40 PM,9/12/25 8:41 PM,26 seconds,Mayra Luna
Tink-a-Tako - Potranco,Juan  Camacho,483,20,,2,9/12/25 8:40 PM,9/12/25 8:41 PM,28 seconds,Mayra Luna
Tink-a-Tako - Potranco,Mayra Luna,484,32,Lobby,,9/12/25 8:27 PM,9/12/25 8:41 PM,14 minutes and 26 seconds,Mayra Luna
Tink-a-Tako - Potranco,Juan  Camacho,446,40,Lobby,,9/12/25 8:28 PM,9/12/25 8:41 PM,12 minutes and 39 seconds,Mayra Luna
Tink-a-Tako - Potranco,Lizeth Alonso,485,,Lobby,,9/12/25 8:38 PM,9/12/25 8:49 PM,10 minutes and 47 seconds,Mayra Luna
Tink-a-Tako - Potranco,Juan  Camacho,486,20,Lobby,,9/12/25 8:41 PM,9/12/25 8:49 PM,7 minutes and 56 seconds,Mayra Luna
Tink-a-Tako - Potranco,Juan  Camacho,487,31,Lobby,,9/12/25 8:44 PM,9/12/25 8:49 PM,5 minutes and 24 seconds,Mayra Luna
Tink-a-Tako - Potranco,Juan  Camacho,486,20,Lobby,,9/12/25 8:50 PM,9/12/25 8:54 PM,3 minutes and 57 seconds,Mayra Luna
Tink-a-Tako - Potranco,Lizeth Alonso,489,,Lobby,,9/12/25 8:50 PM,9/12/25 8:57 PM,7 minutes and 23 seconds,Mayra Luna
Tink-a-Tako - Potranco,Lizeth Alonso,488,,Lobby,,9/12/25 8:49 PM,9/12/25 8:57 PM,8 minutes and 12 seconds,Mayra Luna
Tink-a-Tako - Potranco,Lizeth Alonso,490,,Lobby,,9/12/25 8:54 PM,9/12/25 9:12 PM,17 minutes and 49 seconds,Mayra Luna
Tink-a-Tako - Potranco,Lizeth Alonso,490,,Lobby,,9/12/25 9:02 PM,9/12/25 9:12 PM,9 minutes and 42 seconds,Mayra Luna
Tink-a-Tako - Potranco,Lizeth Alonso,490,,Prep,,9/12/25 9:02 PM,9/12/25 9:12 PM,9 minutes and 42 seconds,Mayra Luna
Tink-a-Tako - Potranco,Isabel Cisneros,492,25,,2,9/12/25 9:11 PM,9/12/25 9:24 PM,12 minutes and 58 seconds,Mayra Luna
Tink-a-Tako - Potranco,Lizeth Alonso,493,,Lobby,,9/12/25 9:14 PM,9/12/25 9:26 PM,11 minutes and 33 seconds,Mayra Luna
Tink-a-Tako - Potranco,Juan  Camacho,487,31,Prep,,9/12/25 9:12 PM,9/12/25 9:38 PM,26 minutes and 41 seconds,Mayra Luna
Tink-a-Tako - Potranco,Juan  Camacho,487,31,Tortillero,,9/12/25 9:12 PM,9/12/25 9:38 PM,26 minutes and 41 seconds,Mayra Luna
Tink-a-Tako - Potranco,Juan  Camacho,487,31,Lobby,,9/12/25 9:12 PM,9/12/25 9:38 PM,26 minutes and 41 seconds,Mayra Luna
Tink-a-Tako - Potranco,Juan  Camacho,487,31,Lobby,,9/12/25 9:13 PM,9/12/25 9:38 PM,25 minutes and 51 seconds,Mayra Luna
Tink-a-Tako - Potranco,Juan  Camacho,487,31,Tortillero,,9/12/25 9:13 PM,9/12/25 9:38 PM,25 minutes and 51 seconds,Mayra Luna
Tink-a-Tako - Potranco,Juan  Camacho,487,31,Prep,,9/12/25 9:13 PM,9/12/25 9:38 PM,25 minutes and 51 seconds,Mayra Luna
Tink-a-Tako - Potranco,Juan  Camacho,487,31,Prep,,9/12/25 9:10 PM,9/12/25 9:39 PM,28 minutes and 33 seconds,Mayra Luna
Tink-a-Tako - Potranco,Juan  Camacho,487,31,Tortillero,,9/12/25 9:10 PM,9/12/25 9:39 PM,28 minutes and 33 seconds,Mayra Luna
Tink-a-Tako - Potranco,Juan  Camacho,487,31,Lobby,,9/12/25 9:10 PM,9/12/25 9:39 PM,28 minutes and 33 seconds,Mayra Luna
Tink-a-Tako - Potranco,Juan  Camacho,487,31,Prep,,9/12/25 9:11 PM,9/12/25 9:39 PM,27 minutes and 56 seconds,Mayra Luna
Tink-a-Tako - Potranco,Juan  Camacho,487,31,Lobby,,9/12/25 9:11 PM,9/12/25 9:39 PM,27 minutes and 56 seconds,Mayra Luna
Tink-a-Tako - Potranco,Isabel Cisneros,494,22,Lobby,,9/12/25 9:16 PM,9/12/25 9:39 PM,22 minutes and 28 seconds,Mayra Luna
Tink-a-Tako - Potranco,Juan  Camacho,487,31,Lobby,,9/12/25 9:13 PM,9/12/25 9:39 PM,25 minutes and 29 seconds,Mayra Luna
Tink-a-Tako - Potranco,Isabel Cisneros,492,25,Lobby,,9/12/25 9:35 PM,9/12/25 9:39 PM,3 minutes and 26 seconds,Mayra Luna
Tink-a-Tako - Potranco,Juan  Camacho,487,31,Lobby,,9/12/25 9:41 PM,9/12/25 9:50 PM,8 minutes and 26 seconds,Mayra Luna
Tink-a-Tako - Potranco,Isabel Cisneros,494,22,,2,9/12/25 9:39 PM,9/12/25 10:58 PM,"1 hour, 19 minutes and 39 seconds",Mayra Luna
Tink-a-Tako - Potranco,Juan  Camacho,487,31,,2,9/12/25 9:38 PM,9/12/25 10:58 PM,"1 hour, 19 minutes and 46 seconds",Mayra Luna
Tink-a-Tako - Potranco,Juan  Camacho,487,31,,2,9/12/25 9:39 PM,9/12/25 10:58 PM,"1 hour, 19 minutes and 38 seconds",Mayra Luna
Tink-a-Tako - Potranco,Isabel Cisneros,492,25,,2,9/12/25 9:39 PM,9/12/25 10:58 PM,"1 hour, 19 minutes and 39 seconds",Mayra Luna
Tink-a-Tako - Potranco,Juan  Camacho,487,31,,2,9/12/25 9:38 PM,9/12/25 10:58 PM,"1 hour, 19 minutes and 49 seconds",Mayra Luna
Tink-a-Tako - Potranco,Juan  Camacho,487,31,,2,9/12/25 9:50 PM,9/12/25 10:58 PM,"1 hour, 8 minutes and 46 seconds",Mayra Luna
Tink-a-Tako - Potranco,Lizeth Alonso,488,,,2,9/12/25 8:57 PM,9/12/25 10:58 PM,"2 hours, 1 minute and 16 seconds",Mayra Luna
Tink-a-Tako - Potranco,Juan  Camacho,487,31,,2,9/12/25 8:49 PM,9/12/25 10:58 PM,"2 hours, 9 minutes and 20 seconds",Mayra Luna
Tink-a-Tako - Potranco,Juan  Camacho,487,31,,2,9/12/25 9:39 PM,9/12/25 10:58 PM,"1 hour, 19 minutes and 47 seconds",Mayra Luna
Tink-a-Tako - Potranco,Juan  Camacho,487,31,,2,9/12/25 9:39 PM,9/12/25 10:58 PM,"1 hour, 19 minutes and 48 seconds",Mayra Luna
Tink-a-Tako - Potranco,Mayra Luna,484,32,,2,9/12/25 8:41 PM,9/12/25 10:58 PM,"2 hours, 17 minutes and 22 seconds",Mayra Luna
Tink-a-Tako - Potranco,Juan  Camacho,446,40,,2,9/12/25 8:41 PM,9/12/25 10:58 PM,"2 hours, 17 minutes and 15 seconds",Mayra Luna
Tink-a-Tako - Potranco,Juan  Camacho,486,20,,2,9/12/25 8:54 PM,9/12/25 10:58 PM,"2 hours, 4 minutes and 10 seconds",Mayra Luna
Tink-a-Tako - Potranco,Juan  Camacho,486,20,,2,9/12/25 8:49 PM,9/12/25 10:58 PM,"2 hours, 9 minutes and 25 seconds",Mayra Luna
