Order #,Opened Date,Void Date,Server,Approver,Item Name,Reason,Item Quantity,Total Price
255,9/12/25 11:35 AM,9/12/25 12:57 PM,Candy  Del angel ,Rosie  ORDONEZ,Enchiladas Plate,Customer Changed Mind,1.0,12.98
310,9/12/25 12:47 PM,9/12/25 1:03 PM,Candy  Del angel ,Rosie  ORDONEZ,Bean & Cheese Taco,Customer Changed Mind,1.0,1.79
310,9/12/25 12:47 PM,9/12/25 1:03 PM,Candy  Del angel ,Rosie  ORDONEZ,Picadillo Taco,Customer Changed Mind,1.0,3.49
310,9/12/25 12:47 PM,9/12/25 1:03 PM,Candy  Del angel ,Rosie  ORDONEZ,Chicken Fajita Taco,Customer Changed Mind,1.0,4.49
310,9/12/25 12:47 PM,9/12/25 1:03 PM,Candy  Del angel ,Rosie  ORDONEZ,TO GO,Customer Changed Mind,1.0,0.25
310,9/12/25 12:47 PM,9/12/25 1:03 PM,Candy  Del angel ,Rosie  ORDONEZ,Agua,Customer Changed Mind,1.0,0.00
368,9/12/25 3:24 PM,9/12/25 3:26 PM,Juan  Camacho,Mayra Luna,Bean & Cheese Taco,Customer Changed Mind,1.0,0.00
417,9/12/25 5:55 PM,9/12/25 7:06 PM,Juan  Camacho,Mayra Luna,Fri - Fideo Loco SP,Customer Changed Mind,1.0,8.99
