Location,Order #,Opened,Server,Table,Revenue Center,Discount Amount,Amount,Tax,Tip,Gratuity,Duration (Opened to Paid)
2919 Blanco Rd,1,9/12/25 6:00 AM,Cin Cin,,Dining Room,0.00,4.28,0.35,0.00,0.00,00:02:17
2919 Blanco Rd,2,9/12/25 6:03 AM,Cin Cin,,Dining Room,0.00,29.09,2.41,0.00,0.00,00:05:00
2919 Blanco Rd,3,9/12/25 6:04 AM,Cin Cin,,Dining Room,0.00,6.38,0.52,1.00,0.00,00:05:18
2919 Blanco Rd,4,9/12/25 6:04 AM,Maria  Salazar,17,Dining Room,0.00,10.00,0.84,0.00,0.00,00:50:27
2919 Blanco Rd,5,9/12/25 6:08 AM,Maria  Salazar,,Dining Room,0.00,3.98,0.32,0.00,0.00,00:00:21
2919 Blanco Rd,6,9/12/25 6:09 AM,Maria  Salazar,,Dining Room,0.00,5.97,0.49,2.00,0.00,00:00:21
2919 Blanco Rd,7,9/12/25 6:13 AM,Cin Cin,,Dining Room,0.00,4.98,0.41,1.00,0.00,00:01:57
2919 Blanco Rd,8,9/12/25 6:15 AM,Cin Cin,,Drive Thru,0.00,7.99,0.66,0.00,0.00,00:07:49
2919 Blanco Rd,9,9/12/25 6:15 AM,Maria  Salazar,,Dining Room,0.00,7.57,0.62,0.00,0.00,00:01:44
2919 Blanco Rd,11,9/12/25 6:22 AM,Cin Cin,,Drive Thru,0.00,34.14,2.82,0.00,0.00,00:02:33
2919 Blanco Rd,12,9/12/25 6:25 AM,Cin Cin,,Drive Thru,0.00,16.92,1.40,2.00,0.00,00:04:33
2919 Blanco Rd,13,9/12/25 6:30 AM,Cin Cin,,Drive Thru,0.00,5.97,0.49,0.00,0.00,00:01:48
2919 Blanco Rd,14,9/12/25 6:30 AM,Cin Cin,,Drive Thru,0.00,16.25,1.35,0.00,0.00,00:02:07
2919 Blanco Rd,15,9/12/25 6:35 AM,Cin Cin,,Dining Room,0.00,9.45,0.78,1.00,0.00,00:04:04
2919 Blanco Rd,16,9/12/25 6:36 AM,Cin Cin,,Dining Room,0.00,49.05,4.04,10.00,0.00,00:04:32
2919 Blanco Rd,17,9/12/25 6:36 AM,Maria  Salazar,,Dining Room,0.00,179.62,0.00,0.00,0.00,00:55:03
2919 Blanco Rd,19,9/12/25 6:41 AM,Cin Cin,,Drive Thru,0.00,6.97,0.57,3.00,0.00,00:04:15
2919 Blanco Rd,21,9/12/25 6:44 AM,Cin Cin,,Drive Thru,0.00,7.97,0.65,1.00,0.00,00:03:12
2919 Blanco Rd,23,9/12/25 6:45 AM,Maria  Salazar,4,Dining Room,0.00,9.72,0.81,0.00,0.00,00:19:40
2919 Blanco Rd,24,9/12/25 6:47 AM,Cin Cin,,Drive Thru,0.00,4.48,0.37,0.00,0.00,00:03:28
2919 Blanco Rd,25,9/12/25 6:48 AM,Cin Cin,,Dining Room,0.00,4.98,0.41,0.00,0.00,00:03:02
2919 Blanco Rd,27,9/12/25 6:49 AM,Maria  Salazar,,Dining Room,0.00,7.99,0.66,0.00,0.00,00:00:22
2919 Blanco Rd,28,9/12/25 6:51 AM,Maria  Salazar,12,Dining Room,0.00,15.43,1.27,4.00,0.00,00:26:19
2919 Blanco Rd,29,9/12/25 6:53 AM,Cin Cin,,Drive Thru,0.00,8.43,0.69,0.00,0.00,00:03:23
2919 Blanco Rd,31,9/12/25 6:54 AM,Cin Cin,,Dining Room,0.00,5.97,0.49,0.00,0.00,00:03:11
2919 Blanco Rd,32,9/12/25 6:57 AM,Cin Cin,,Drive Thru,0.00,2.99,0.25,0.00,0.00,00:02:25
2919 Blanco Rd,33,9/12/25 6:57 AM,Maria  Salazar,10,Dining Room,0.00,9.74,0.81,5.00,0.00,00:30:52
2919 Blanco Rd,34,9/12/25 6:59 AM,Cin Cin,,Drive Thru,0.00,12.90,1.06,0.00,0.00,00:00:53
2919 Blanco Rd,35,9/12/25 7:02 AM,Cin Cin,,Drive Thru,0.00,7.48,0.62,0.00,0.00,00:03:01
2919 Blanco Rd,36,9/12/25 7:02 AM,Cin Cin,,Drive Thru,0.00,3.98,0.32,0.00,0.00,00:03:37
2919 Blanco Rd,37,9/12/25 7:05 AM,Cin Cin,,Drive Thru,0.00,9.95,0.82,0.00,0.00,00:01:10
2919 Blanco Rd,38,9/12/25 7:05 AM,Maria  Salazar,2,Dining Room,0.00,9.74,0.81,0.00,0.00,00:27:49
2919 Blanco Rd,39,9/12/25 7:06 AM,Maria  Salazar,,Dining Room,0.00,4.78,0.39,0.00,0.00,00:00:17
2919 Blanco Rd,41,9/12/25 7:10 AM,Cin Cin,,Dining Room,0.00,10.00,0.82,0.00,0.00,00:02:06
2919 Blanco Rd,40,9/12/25 7:10 AM,Maria  Salazar,18,Dining Room,0.00,13.24,1.10,0.00,0.00,00:19:32
2919 Blanco Rd,42,9/12/25 7:11 AM,Cin Cin,,Drive Thru,0.00,3.98,0.33,0.00,0.00,00:02:00
2919 Blanco Rd,44,9/12/25 7:11 AM,Cin Cin,,Dining Room,0.00,4.78,0.39,0.00,0.00,00:02:15
2919 Blanco Rd,46,9/12/25 7:13 AM,Cin Cin,,Drive Thru,0.00,5.14,0.42,0.00,0.00,00:02:25
2919 Blanco Rd,47,9/12/25 7:14 AM,Cin Cin,,Drive Thru,0.00,20.31,1.68,3.00,0.00,00:03:12
2919 Blanco Rd,48,9/12/25 7:15 AM,Cin Cin,,Drive Thru,0.00,6.28,0.52,0.00,0.00,00:04:29
2919 Blanco Rd,50,9/12/25 7:18 AM,Cin Cin,,Drive Thru,0.00,14.34,1.18,0.00,0.00,00:02:02
2919 Blanco Rd,49,9/12/25 7:18 AM,Maria  Salazar,,Dining Room,0.00,5.28,0.44,1.00,0.00,00:04:44
2919 Blanco Rd,45,9/12/25 7:11 AM,Cin Cin,,Dining Room,0.00,4.28,0.35,0.00,0.00,00:15:56
2919 Blanco Rd,52,9/12/25 7:26 AM,Cin Cin,,Dining Room,0.00,9.95,0.82,1.00,0.00,00:02:21
2919 Blanco Rd,53,9/12/25 7:26 AM,Cin Cin,,Dining Room,0.00,7.96,0.66,0.00,0.00,00:02:16
2919 Blanco Rd,54,9/12/25 7:31 AM,Cin Cin,,Drive Thru,0.00,23.88,1.97,4.00,0.00,00:01:03
2919 Blanco Rd,55,9/12/25 7:32 AM,Cin Cin,,Drive Thru,0.00,12.22,1.01,0.00,0.00,00:04:17
2919 Blanco Rd,56,9/12/25 7:38 AM,Cin Cin,,Dining Room,0.00,10.97,0.90,0.00,0.00,00:02:14
2919 Blanco Rd,58,9/12/25 7:42 AM,Cin Cin,,Drive Thru,0.00,7.97,0.66,0.00,0.00,00:02:51
2919 Blanco Rd,57,9/12/25 7:41 AM,Maria  Salazar,20,Dining Room,0.00,30.67,2.53,0.00,0.00,00:29:20
2919 Blanco Rd,60,9/12/25 7:43 AM,Cin Cin,,Dining Room,0.00,6.99,0.58,0.00,0.00,00:03:17
2919 Blanco Rd,61,9/12/25 7:46 AM,Cin Cin,,Drive Thru,0.00,11.41,0.93,0.00,0.00,00:01:24
2919 Blanco Rd,62,9/12/25 7:47 AM,Cin Cin,,Drive Thru,0.00,7.97,0.65,0.00,0.00,00:03:13
2919 Blanco Rd,63,9/12/25 7:50 AM,Cin Cin,,Drive Thru,0.00,3.98,0.33,0.00,0.00,00:01:33
2919 Blanco Rd,64,9/12/25 7:50 AM,Cin Cin,,Dining Room,0.00,10.45,0.86,0.00,0.00,00:13:22
2919 Blanco Rd,66,9/12/25 7:52 AM,Cin Cin,,Drive Thru,0.00,4.68,0.38,0.00,0.00,00:01:55
2919 Blanco Rd,65,9/12/25 7:50 AM,Maria  Salazar,,Dining Room,0.00,5.78,0.48,1.00,0.00,00:01:26
2919 Blanco Rd,68,9/12/25 7:52 AM,Cin Cin,,Drive Thru,0.00,11.79,0.97,0.00,0.00,00:02:44
2919 Blanco Rd,69,9/12/25 7:54 AM,Cin Cin,,Drive Thru,0.00,12.48,1.02,2.00,0.00,00:01:56
2919 Blanco Rd,67,9/12/25 7:52 AM,Maria  Salazar,,Dining Room,0.00,3.45,0.28,0.00,0.00,00:01:52
2919 Blanco Rd,71,9/12/25 7:54 AM,Maria  Salazar,,Dining Room,0.00,4.98,0.42,0.00,0.00,00:00:20
2919 Blanco Rd,72,9/12/25 7:58 AM,Cin Cin,,Dining Room,0.00,5.74,0.47,0.00,0.00,00:02:11
2919 Blanco Rd,73,9/12/25 7:58 AM,Cin Cin,,Dining Room,0.00,10.86,0.90,0.00,0.00,00:02:04
2919 Blanco Rd,74,9/12/25 7:59 AM,Cin Cin,,Dining Room,0.00,7.43,0.61,0.00,0.00,00:03:17
2919 Blanco Rd,75,9/12/25 7:59 AM,Maria  Salazar,,Dining Room,0.00,42.62,3.52,5.00,0.00,00:11:44
2919 Blanco Rd,77,9/12/25 8:02 AM,Cin Cin,,Drive Thru,0.00,9.17,0.76,0.00,0.00,00:02:30
2919 Blanco Rd,78,9/12/25 8:03 AM,Cin Cin,,Drive Thru,0.00,11.71,0.96,0.00,0.00,00:02:30
2919 Blanco Rd,80,9/12/25 8:04 AM,Cin Cin,,Drive Thru,0.00,3.98,0.32,0.00,0.00,00:01:12
2919 Blanco Rd,84,9/12/25 8:07 AM,Cin Cin,,Drive Thru,0.00,9.95,0.82,2.00,0.00,00:00:48
2919 Blanco Rd,85,9/12/25 8:10 AM,Cin Cin,,Drive Thru,0.00,3.98,0.32,0.00,0.00,00:01:05
2919 Blanco Rd,86,9/12/25 8:10 AM,Cin Cin,,Drive Thru,0.00,2.29,0.19,0.00,0.00,00:01:39
2919 Blanco Rd,87,9/12/25 8:12 AM,Cin Cin,,Drive Thru,0.00,7.77,0.64,2.00,0.00,00:01:10
2919 Blanco Rd,88,9/12/25 8:12 AM,Cin Cin,,Drive Thru,0.00,8.38,0.69,0.00,0.00,00:02:18
2919 Blanco Rd,89,9/12/25 8:13 AM,Cin Cin,,Drive Thru,0.00,43.78,3.60,0.00,0.00,00:05:01
2919 Blanco Rd,90,9/12/25 8:15 AM,Cin Cin,,Drive Thru,0.00,10.02,0.83,0.00,0.00,00:03:58
2919 Blanco Rd,91,9/12/25 8:16 AM,Cin Cin,,Drive Thru,0.00,3.98,0.32,0.00,0.00,00:04:59
2919 Blanco Rd,92,9/12/25 8:16 AM,Cin Cin,,Drive Thru,0.00,8.87,0.73,0.00,0.00,00:05:17
2919 Blanco Rd,93,9/12/25 8:17 AM,Cin Cin,,Drive Thru,0.00,6.38,0.52,0.00,0.00,00:05:07
2919 Blanco Rd,94,9/12/25 8:17 AM,Cin Cin,,Drive Thru,0.00,9.95,0.82,1.00,0.00,00:05:12
2919 Blanco Rd,95,9/12/25 8:18 AM,Cin Cin,,Drive Thru,0.00,1.99,0.16,0.00,0.00,00:05:53
2919 Blanco Rd,97,9/12/25 8:23 AM,Cin Cin,,Drive Thru,0.00,5.97,0.49,0.00,0.00,00:01:00
2919 Blanco Rd,98,9/12/25 8:23 AM,Cin Cin,,Drive Thru,0.00,6.27,0.52,1.00,0.00,00:02:28
2919 Blanco Rd,99,9/12/25 8:24 AM,Cin Cin,,Drive Thru,0.00,1.99,0.16,0.00,0.00,00:02:27
2919 Blanco Rd,100,9/12/25 8:26 AM,Maria  Salazar,,Dining Room,0.00,6.27,0.51,3.00,0.00,00:01:14
2919 Blanco Rd,102,9/12/25 8:27 AM,Cin Cin,,Dining Room,0.00,13.11,1.08,0.00,0.00,00:02:40
2919 Blanco Rd,103,9/12/25 8:28 AM,Cin Cin,,Dining Room,0.00,7.97,0.65,0.00,0.00,00:02:25
2919 Blanco Rd,104,9/12/25 8:29 AM,Cin Cin,,Drive Thru,0.00,2.29,0.19,0.00,0.00,00:03:05
2919 Blanco Rd,106,9/12/25 8:31 AM,Cin Cin,,Drive Thru,0.00,5.98,0.49,0.00,0.00,00:02:52
2919 Blanco Rd,108,9/12/25 8:32 AM,Maria  Salazar,,Dining Room,0.00,4.98,0.41,0.00,0.00,00:00:13
2919 Blanco Rd,109,9/12/25 8:33 AM,Cin Cin,,Drive Thru,0.00,12.25,1.01,0.00,0.00,00:02:27
2919 Blanco Rd,110,9/12/25 8:34 AM,Cin Cin,,Drive Thru,0.00,1.99,0.16,0.00,0.00,00:04:09
2919 Blanco Rd,111,9/12/25 8:34 AM,Cin Cin,,Drive Thru,0.00,16.52,1.36,0.00,0.00,00:04:45
2919 Blanco Rd,113,9/12/25 8:36 AM,Maria  Salazar,,Dining Room,0.00,5.97,0.49,0.00,0.00,00:00:12
2919 Blanco Rd,112,9/12/25 8:36 AM,Cin Cin,,Drive Thru,0.00,3.99,0.33,0.00,0.00,00:01:31
2919 Blanco Rd,115,9/12/25 8:38 AM,Cin Cin,,Drive Thru,0.00,6.47,0.54,0.00,0.00,00:01:50
2919 Blanco Rd,114,9/12/25 8:36 AM,Maria  Salazar,,Dining Room,0.00,3.74,0.31,0.00,0.00,00:03:05
2919 Blanco Rd,116,9/12/25 8:39 AM,Cin Cin,,Drive Thru,0.00,6.50,0.54,0.00,0.00,00:02:19
2919 Blanco Rd,119,9/12/25 8:40 AM,Cin Cin,,Drive Thru,0.00,21.52,1.78,0.00,0.00,00:02:43
2919 Blanco Rd,120,9/12/25 8:41 AM,Cin Cin,,Drive Thru,0.00,15.24,1.25,0.00,0.00,00:03:05
2919 Blanco Rd,118,9/12/25 8:39 AM,Cin Cin,,Dining Room,0.00,8.99,0.74,0.00,0.00,00:09:50
2919 Blanco Rd,123,9/12/25 8:41 AM,Maria  Salazar,,Dining Room,0.00,152.43,12.59,35.00,0.00,00:28:14
2919 Blanco Rd,126,9/12/25 8:43 AM,Cin Cin,,Drive Thru,0.00,8.26,0.67,0.00,0.00,00:02:36
2919 Blanco Rd,127,9/12/25 8:44 AM,Cin Cin,,Drive Thru,0.00,13.94,1.14,0.00,0.00,00:03:44
2919 Blanco Rd,128,9/12/25 8:48 AM,Cin Cin,,Drive Thru,0.00,8.76,0.72,2.00,0.00,00:01:51
2919 Blanco Rd,130,9/12/25 8:48 AM,Martina Ovalle ,4,Dining Room,0.00,30.26,2.50,0.00,0.00,00:38:57
2919 Blanco Rd,131,9/12/25 8:49 AM,Cin Cin,,Drive Thru,0.00,3.98,0.32,0.00,0.00,00:03:49
2919 Blanco Rd,132,9/12/25 8:50 AM,Cin Cin,,Drive Thru,0.00,4.74,0.39,0.00,0.00,00:05:06
2919 Blanco Rd,133,9/12/25 8:54 AM,Cin Cin,,Drive Thru,0.00,7.73,0.63,0.00,0.00,00:02:52
2919 Blanco Rd,134,9/12/25 8:55 AM,Cin Cin,,Drive Thru,0.00,4.98,0.41,1.00,0.00,00:04:03
2919 Blanco Rd,135,9/12/25 8:56 AM,Martina Ovalle ,6,Dining Room,0.00,18.66,1.54,8.00,0.00,00:33:33
2919 Blanco Rd,136,9/12/25 8:57 AM,Cin Cin,,Drive Thru,0.00,3.98,0.32,1.00,0.00,00:02:55
2919 Blanco Rd,137,9/12/25 9:01 AM,Cin Cin,,Drive Thru,0.00,9.73,0.80,0.00,0.00,00:02:08
2919 Blanco Rd,138,9/12/25 9:02 AM,Cin Cin,,Dining Room,0.00,9.43,0.77,0.00,0.00,00:02:08
2919 Blanco Rd,139,9/12/25 9:06 AM,Maria  Salazar,8,Dining Room,0.00,4.58,0.38,0.00,0.00,00:26:30
2919 Blanco Rd,140,9/12/25 9:09 AM,Cin Cin,,Drive Thru,0.00,12.38,1.02,0.00,0.00,00:01:49
2919 Blanco Rd,142,9/12/25 9:14 AM,Maria  Salazar,,Dining Room,0.00,28.97,2.39,10.00,0.00,00:14:06
2919 Blanco Rd,143,9/12/25 9:15 AM,Martina Ovalle ,5,Dining Room,0.00,7.53,0.63,2.00,0.00,00:15:40
2919 Blanco Rd,144,9/12/25 9:16 AM,Cin Cin,,Dining Room,0.00,13.45,1.10,2.00,0.00,00:02:05
2919 Blanco Rd,145,9/12/25 9:16 AM,Cin Cin,,Dining Room,0.00,3.98,0.32,0.00,0.00,00:02:22
2919 Blanco Rd,146,9/12/25 9:18 AM,Cin Cin,,Drive Thru,0.00,5.97,0.49,0.00,0.00,00:01:14
2919 Blanco Rd,148,9/12/25 9:19 AM,Cin Cin,,Drive Thru,0.00,7.99,0.66,0.00,0.00,00:01:18
2919 Blanco Rd,147,9/12/25 9:19 AM,Martina Ovalle ,2,Dining Room,0.00,14.22,1.16,0.00,0.00,00:21:41
2919 Blanco Rd,149,9/12/25 9:19 AM,Maria  Salazar,,Dining Room,0.00,15.54,1.28,2.00,0.00,00:00:21
2919 Blanco Rd,151,9/12/25 9:22 AM,Cin Cin,,Dining Room,0.00,11.11,0.92,0.00,0.00,00:02:34
2919 Blanco Rd,152,9/12/25 9:24 AM,Cin Cin,,Drive Thru,0.00,2.49,0.21,0.00,0.00,00:01:39
2919 Blanco Rd,150,9/12/25 9:19 AM,Maria  Salazar,,Dining Room,0.00,21.35,1.75,0.00,0.00,00:12:59
2919 Blanco Rd,154,9/12/25 9:26 AM,Cin Cin,,Drive Thru,0.00,6.27,0.52,1.00,0.00,00:00:40
2919 Blanco Rd,155,9/12/25 9:29 AM,Cin Cin,,Drive Thru,0.00,6.73,0.56,0.00,0.00,00:00:51
2919 Blanco Rd,156,9/12/25 9:29 AM,Cin Cin,,Drive Thru,0.00,23.24,1.91,0.00,0.00,00:03:21
2919 Blanco Rd,157,9/12/25 9:29 AM,Martina Ovalle ,16,Dining Room,0.00,14.19,1.17,9.64,0.00,00:32:03
2919 Blanco Rd,158,9/12/25 9:30 AM,Cin Cin,,Drive Thru,0.00,35.39,2.91,0.00,0.00,00:03:36
2919 Blanco Rd,159,9/12/25 9:32 AM,Cin Cin,,Drive Thru,0.00,11.12,0.92,2.00,0.00,00:04:24
2919 Blanco Rd,160,9/12/25 9:33 AM,Cin Cin,,Drive Thru,0.00,6.58,0.54,0.00,0.00,00:04:04
2919 Blanco Rd,161,9/12/25 9:34 AM,Cin Cin,,Dining Room,0.00,2.75,0.23,0.00,0.00,00:03:44
2919 Blanco Rd,162,9/12/25 9:34 AM,Cin Cin,,Drive Thru,0.00,0.00,0.00,0.00,0.00,00:00:21
2919 Blanco Rd,163,9/12/25 9:34 AM,Cin Cin,,Dining Room,0.00,5.97,0.49,0.00,0.00,00:03:50
2919 Blanco Rd,164,9/12/25 9:35 AM,Cin Cin,,Drive Thru,0.00,10.98,0.90,0.00,0.00,00:13:38
2919 Blanco Rd,165,9/12/25 9:35 AM,Martina Ovalle ,19,Dining Room,0.00,13.54,1.12,5.00,0.00,00:21:25
2919 Blanco Rd,166,9/12/25 9:38 AM,Cin Cin,,Drive Thru,0.00,3.98,0.33,0.00,0.00,00:01:29
2919 Blanco Rd,167,9/12/25 9:39 AM,Maria  Salazar,,Dining Room,0.00,6.98,0.57,0.00,0.00,00:00:19
2919 Blanco Rd,168,9/12/25 9:39 AM,Cin Cin,,Drive Thru,0.00,8.97,0.74,0.00,0.00,00:02:42
2919 Blanco Rd,170,9/12/25 9:40 AM,Cin Cin,,Dining Room,0.00,3.98,0.33,1.00,0.00,00:02:51
2919 Blanco Rd,171,9/12/25 9:40 AM,Cin Cin,,Dining Room,0.00,8.26,0.67,0.00,0.00,00:03:49
2919 Blanco Rd,172,9/12/25 9:44 AM,Martina Ovalle ,8,Dining Room,0.00,6.54,0.54,5.00,0.00,00:52:35
2919 Blanco Rd,173,9/12/25 9:44 AM,Martina Ovalle ,20,Dining Room,0.00,21.23,1.76,0.00,0.00,00:44:27
2919 Blanco Rd,175,9/12/25 9:46 AM,Martina Ovalle ,7,Dining Room,0.00,21.58,1.78,3.00,0.00,00:31:08
2919 Blanco Rd,176,9/12/25 9:47 AM,Cin Cin,,Drive Thru,0.00,9.39,0.77,0.00,0.00,00:02:36
2919 Blanco Rd,177,9/12/25 9:47 AM,Maria  Salazar,,Dining Room,0.00,13.82,1.14,0.00,0.00,00:00:18
2919 Blanco Rd,179,9/12/25 9:48 AM,Cin Cin,,Drive Thru,0.00,9.13,0.75,0.00,0.00,00:02:44
2919 Blanco Rd,180,9/12/25 9:50 AM,Cin Cin,,Drive Thru,0.00,5.97,0.49,0.00,0.00,00:02:08
2919 Blanco Rd,181,9/12/25 9:53 AM,Cin Cin,,Dining Room,0.00,24.76,2.05,0.00,0.00,00:04:21
2919 Blanco Rd,182,9/12/25 9:56 AM,Cin Cin,,Dining Room,0.00,10.68,0.88,0.00,0.00,00:02:30
2919 Blanco Rd,184,9/12/25 9:57 AM,Martina Ovalle ,4,Dining Room,0.00,13.26,1.10,4.00,0.00,00:18:52
2919 Blanco Rd,185,9/12/25 10:03 AM,Cin Cin,,Dining Room,0.00,8.22,0.67,0.00,0.00,00:03:31
2919 Blanco Rd,186,9/12/25 10:03 AM,Maria  Salazar,,Dining Room,0.00,9.73,0.80,0.00,0.00,00:00:17
2919 Blanco Rd,188,9/12/25 10:05 AM,Cin Cin,,Dining Room,0.00,12.54,1.04,2.00,0.00,00:03:10
2919 Blanco Rd,189,9/12/25 10:07 AM,Cin Cin,,Drive Thru,0.00,8.23,0.68,0.00,0.00,00:01:34
2919 Blanco Rd,190,9/12/25 10:09 AM,Maria  Salazar,22,Dining Room,0.00,58.67,4.84,0.00,0.00,10:25:14
2919 Blanco Rd,191,9/12/25 10:10 AM,Cin Cin,,Dining Room,0.00,16.44,1.36,2.20,0.00,00:06:16
2919 Blanco Rd,192,9/12/25 10:17 AM,Martina Ovalle ,13,Dining Room,0.00,6.99,0.58,0.00,0.00,00:33:41
2919 Blanco Rd,193,9/12/25 10:18 AM,Cin Cin,,Drive Thru,0.00,11.98,0.99,8.00,0.00,00:00:45
2919 Blanco Rd,194,9/12/25 10:18 AM,Maria  Salazar,,Dining Room,0.00,1.99,0.16,0.00,0.00,00:00:09
2919 Blanco Rd,195,9/12/25 10:20 AM,Cin Cin,,Dining Room,0.00,11.45,0.94,0.00,0.00,00:03:29
2919 Blanco Rd,196,9/12/25 10:26 AM,Cin Cin,,Drive Thru,0.00,15.95,1.31,0.00,0.00,00:01:54
2919 Blanco Rd,197,9/12/25 10:29 AM,Cin Cin,,Dining Room,0.00,19.17,1.57,3.00,0.00,00:04:08
2919 Blanco Rd,198,9/12/25 10:31 AM,Martina Ovalle ,2,Dining Room,0.00,22.88,1.89,5.23,0.00,00:24:30
2919 Blanco Rd,200,9/12/25 10:39 AM,Cin Cin,,Drive Thru,0.00,8.04,0.66,0.00,0.00,00:02:18
2919 Blanco Rd,202,9/12/25 10:42 AM,Maria  Salazar,,Dining Room,0.00,8.56,0.71,3.00,0.00,00:00:29
2919 Blanco Rd,203,9/12/25 10:43 AM,Cin Cin,,Dining Room,0.00,14.23,1.18,0.00,0.00,00:01:26
2919 Blanco Rd,205,9/12/25 10:46 AM,Cin Cin,,Drive Thru,0.00,10.12,0.83,0.00,0.00,00:02:11
2919 Blanco Rd,206,9/12/25 10:47 AM,Martina Ovalle ,15,Dining Room,0.00,15.44,1.27,0.00,0.00,00:35:58
2919 Blanco Rd,207,9/12/25 10:47 AM,Cin Cin,,Dining Room,0.00,7.43,0.60,1.00,0.00,00:01:48
2919 Blanco Rd,208,9/12/25 10:48 AM,Cin Cin,,Dining Room,0.00,8.97,0.74,0.00,0.00,00:06:14
2919 Blanco Rd,210,9/12/25 10:50 AM,Cin Cin,,Dining Room,0.00,15.36,1.26,2.00,0.00,00:02:21
2919 Blanco Rd,212,9/12/25 10:53 AM,Cin Cin,,Drive Thru,0.00,20.68,1.71,0.00,0.00,00:02:22
2919 Blanco Rd,213,9/12/25 10:58 AM,Maria  Salazar,,Dining Room,0.00,1.99,0.16,0.00,0.00,00:00:11
2919 Blanco Rd,214,9/12/25 10:58 AM,Martina Ovalle ,12,Dining Room,0.00,14.79,1.22,3.00,0.00,00:23:23
2919 Blanco Rd,217,9/12/25 11:10 AM,Cin Cin,,Dining Room,0.00,8.23,0.68,0.00,0.00,00:03:26
2919 Blanco Rd,218,9/12/25 11:10 AM,Cin Cin,,Dining Room,0.00,20.75,1.71,0.00,0.00,00:03:48
2919 Blanco Rd,219,9/12/25 11:17 AM,Cin Cin,,Dining Room,0.00,24.49,2.01,0.00,0.00,00:02:23
2919 Blanco Rd,216,9/12/25 11:03 AM,Maria  Salazar,,Dining Room,0.00,1.99,0.16,0.00,0.00,00:15:11
2919 Blanco Rd,220,9/12/25 11:18 AM,Martina Ovalle ,17,Dining Room,0.00,34.33,2.82,0.00,0.00,00:36:44
2919 Blanco Rd,223,9/12/25 11:20 AM,Cin Cin,,Drive Thru,0.00,6.27,0.52,0.00,0.00,00:03:51
2919 Blanco Rd,224,9/12/25 11:23 AM,Cin Cin,,Drive Thru,0.00,41.27,3.39,0.00,0.00,00:03:14
2919 Blanco Rd,225,9/12/25 11:24 AM,Cin Cin,,Drive Thru,0.00,29.30,2.40,0.00,0.00,00:03:37
2919 Blanco Rd,227,9/12/25 11:27 AM,Cin Cin,,Drive Thru,0.00,2.79,0.23,0.00,0.00,00:01:15
2919 Blanco Rd,226,9/12/25 11:27 AM,Martina Ovalle ,25,Dining Room,0.00,13.14,1.08,2.00,0.00,00:20:29
2919 Blanco Rd,228,9/12/25 11:29 AM,Cin Cin,,Drive Thru,0.00,13.73,1.14,0.00,0.00,00:03:31
2919 Blanco Rd,229,9/12/25 11:29 AM,Cin Cin,,Drive Thru,0.00,6.27,0.51,0.00,0.00,00:04:35
2919 Blanco Rd,230,9/12/25 11:31 AM,Cin Cin,,Drive Thru,0.00,23.20,1.93,0.00,0.00,00:03:19
2919 Blanco Rd,231,9/12/25 11:35 AM,Cin Cin,,Dining Room,0.00,32.58,2.70,5.00,0.00,00:31:43
2919 Blanco Rd,232,9/12/25 11:35 AM,Cin Cin,,Dining Room,0.00,18.73,1.55,0.00,0.00,00:29:05
2919 Blanco Rd,234,9/12/25 11:38 AM,Cin Cin,,Drive Thru,0.00,26.01,2.15,0.00,0.00,00:02:24
2919 Blanco Rd,235,9/12/25 11:40 AM,Martina Ovalle ,10,Dining Room,0.00,10.34,0.85,5.00,0.00,00:25:07
2919 Blanco Rd,236,9/12/25 11:40 AM,Martina Ovalle ,19,Dining Room,0.00,31.01,2.55,1.00,0.00,00:19:31
2919 Blanco Rd,237,9/12/25 11:41 AM,Cin Cin,,Dining Room,0.00,52.53,4.33,5.00,0.00,00:04:26
2919 Blanco Rd,238,9/12/25 11:45 AM,Cin Cin,,Drive Thru,0.00,30.56,2.52,0.00,0.00,00:03:35
2919 Blanco Rd,239,9/12/25 11:51 AM,Cin Cin,,Drive Thru,0.00,5.00,0.41,0.00,0.00,00:03:07
2919 Blanco Rd,241,9/12/25 11:52 AM,Maria  Salazar,2,Dining Room,0.00,12.06,0.98,0.00,0.00,02:39:38
2919 Blanco Rd,240,9/12/25 11:51 AM,Cin Cin,,Drive Thru,0.00,21.38,1.76,0.00,0.00,00:03:36
2919 Blanco Rd,242,9/12/25 11:55 AM,Maria  Salazar,,Dining Room,0.00,7.38,0.61,0.00,0.00,00:01:49
2919 Blanco Rd,244,9/12/25 11:58 AM,Martina Ovalle ,4,Dining Room,0.00,19.98,1.65,0.00,0.00,00:27:33
2919 Blanco Rd,246,9/12/25 12:00 PM,Maria  Salazar,,Dining Room,0.00,1.99,0.16,0.00,0.00,00:00:05
2919 Blanco Rd,247,9/12/25 12:00 PM,Cin Cin,,Dining Room,0.00,31.02,2.56,2.00,0.00,00:14:33
2919 Blanco Rd,249,9/12/25 12:09 PM,Martina Ovalle ,18,Dining Room,0.00,35.09,2.89,6.00,0.00,00:44:24
2919 Blanco Rd,250,9/12/25 12:09 PM,Cin Cin,,Dining Room,0.00,8.96,0.74,0.00,0.00,00:03:48
2919 Blanco Rd,251,9/12/25 12:11 PM,Cin Cin,,Dining Room,0.00,11.99,0.99,0.00,0.00,00:03:29
2919 Blanco Rd,252,9/12/25 12:15 PM,Martina Ovalle ,6,Dining Room,0.00,26.21,2.16,6.00,0.00,00:36:59
2919 Blanco Rd,253,9/12/25 12:17 PM,Cin Cin,,Drive Thru,0.00,16.61,1.36,0.00,0.00,00:04:06
2919 Blanco Rd,254,9/12/25 12:21 PM,Maria  Salazar,,Dining Room,0.00,14.64,1.21,0.00,0.00,00:00:13
2919 Blanco Rd,256,9/12/25 12:22 PM,Cin Cin,,Drive Thru,0.00,1.99,0.16,0.00,0.00,00:01:36
2919 Blanco Rd,257,9/12/25 12:24 PM,Cin Cin,,Drive Thru,0.00,6.75,0.56,0.00,0.00,00:01:35
2919 Blanco Rd,255,9/12/25 12:22 PM,Maria  Salazar,,Dining Room,0.00,13.98,1.15,0.00,0.00,00:02:28
2919 Blanco Rd,259,9/12/25 12:30 PM,Cin Cin,,Dining Room,0.00,9.43,0.77,0.00,0.00,00:03:43
2919 Blanco Rd,261,9/12/25 12:32 PM,Cin Cin,,Dining Room,0.00,10.34,0.85,0.00,0.00,00:02:39
2919 Blanco Rd,262,9/12/25 12:32 PM,Cin Cin,,Dining Room,0.00,12.56,1.04,0.00,0.00,00:03:41
2919 Blanco Rd,263,9/12/25 12:35 PM,Cin Cin,,Drive Thru,0.00,4.39,0.36,0.00,0.00,00:02:45
2919 Blanco Rd,264,9/12/25 12:36 PM,Cin Cin,,Drive Thru,0.00,3.98,0.33,0.00,0.00,00:02:14
2919 Blanco Rd,265,9/12/25 12:38 PM,Cin Cin,,Drive Thru,0.00,5.98,0.49,0.00,0.00,00:02:46
2919 Blanco Rd,260,9/12/25 12:31 PM,Cin Cin,,Dining Room,0.00,13.99,1.15,0.00,0.00,00:17:43
2919 Blanco Rd,267,9/12/25 12:40 PM,Cin Cin,,Drive Thru,0.00,7.96,0.64,0.00,0.00,00:05:41
2919 Blanco Rd,266,9/12/25 12:40 PM,Maria  Salazar,,Dining Room,0.00,3.98,0.33,0.00,0.00,00:03:47
2919 Blanco Rd,268,9/12/25 12:44 PM,Maria  Salazar,,Dining Room,0.00,25.92,2.14,2.00,0.00,00:04:44
2919 Blanco Rd,270,9/12/25 12:59 PM,Cin Cin,,Drive Thru,0.00,15.97,1.31,0.00,0.00,00:00:20
2919 Blanco Rd,271,9/12/25 1:00 PM,Cin Cin,,Drive Thru,0.00,5.97,0.48,0.00,0.00,00:02:14
2919 Blanco Rd,273,9/12/25 1:07 PM,samantha lopez,,Dining Room,0.00,10.99,0.91,0.00,0.00,00:00:57
2919 Blanco Rd,274,9/12/25 1:07 PM,samantha lopez,,Dining Room,0.00,4.39,0.36,0.00,0.00,00:04:41
2919 Blanco Rd,272,9/12/25 1:06 PM,Maria  Salazar,,Dining Room,0.00,28.43,2.34,0.00,0.00,00:15:20
2919 Blanco Rd,275,9/12/25 1:09 PM,Maria  Salazar,,Dining Room,0.00,9.23,0.77,0.00,0.00,00:01:09
2919 Blanco Rd,277,9/12/25 1:11 PM,samantha lopez,,Drive Thru,0.00,8.98,0.74,0.00,0.00,00:02:35
2919 Blanco Rd,278,9/12/25 1:14 PM,samantha lopez,,Drive Thru,0.00,15.98,1.32,0.00,0.00,00:01:55
2919 Blanco Rd,280,9/12/25 1:16 PM,samantha lopez,,Dining Room,0.00,3.98,0.32,0.00,0.00,00:05:13
2919 Blanco Rd,281,9/12/25 1:16 PM,Maria  Salazar,6,Dining Room,0.00,20.73,1.71,0.00,0.00,00:29:42
2919 Blanco Rd,282,9/12/25 1:17 PM,Maria  Salazar,8,Dining Room,0.00,61.51,5.07,6.00,0.00,00:42:49
2919 Blanco Rd,284,9/12/25 1:18 PM,Maria  Salazar,3,Dining Room,0.00,17.79,1.46,4.00,0.00,00:28:14
2919 Blanco Rd,283,9/12/25 1:17 PM,samantha lopez,,Drive Thru,0.00,25.72,2.12,0.00,0.00,00:10:25
2919 Blanco Rd,285,9/12/25 1:24 PM,samantha lopez,,Drive Thru,0.00,5.98,0.49,0.00,0.00,00:04:10
2919 Blanco Rd,286,9/12/25 1:25 PM,Maria  Salazar,,Dining Room,0.00,15.16,1.24,0.00,0.00,00:00:41
2919 Blanco Rd,288,9/12/25 1:29 PM,Maria  Salazar,18,Dining Room,0.00,14.18,1.17,6.00,0.00,00:27:34
2919 Blanco Rd,289,9/12/25 1:30 PM,Maria  Salazar,5,Dining Room,0.00,17.73,1.45,0.00,0.00,00:20:21
2919 Blanco Rd,290,9/12/25 1:33 PM,samantha lopez,,Dining Room,0.00,3.98,0.33,0.00,0.00,00:01:59
2919 Blanco Rd,292,9/12/25 1:34 PM,samantha lopez,,Drive Thru,0.00,5.00,0.41,0.00,0.00,00:03:55
2919 Blanco Rd,293,9/12/25 1:36 PM,samantha lopez,,Drive Thru,0.00,22.48,1.86,0.00,0.00,00:03:11
2919 Blanco Rd,291,9/12/25 1:33 PM,samantha lopez,,Dining Room,0.00,14.06,1.16,0.00,0.00,00:10:37
2919 Blanco Rd,287,9/12/25 1:26 PM,Maria  Salazar,,Dining Room,0.00,32.34,2.67,0.00,0.00,00:32:00
2919 Blanco Rd,294,9/12/25 1:41 PM,samantha lopez,,Dining Room,0.00,6.18,0.51,0.00,0.00,00:04:55
2919 Blanco Rd,295,9/12/25 1:43 PM,samantha lopez,,Drive Thru,0.00,12.99,1.07,0.00,0.00,00:03:28
2919 Blanco Rd,296,9/12/25 1:44 PM,Maria  Salazar,25,Dining Room,0.00,41.92,3.45,10.00,0.00,00:49:17
2919 Blanco Rd,297,9/12/25 1:45 PM,samantha lopez,,Dining Room,0.00,8.78,0.72,0.00,0.00,00:03:09
2919 Blanco Rd,298,9/12/25 1:48 PM,samantha lopez,,Drive Thru,0.00,2.99,0.25,0.00,0.00,00:00:56
2919 Blanco Rd,299,9/12/25 1:52 PM,samantha lopez,,Dining Room,0.00,41.49,3.42,0.00,0.00,00:02:54
2919 Blanco Rd,300,9/12/25 1:59 PM,samantha lopez,,Dining Room,0.00,13.41,1.11,0.00,0.00,00:06:04
2919 Blanco Rd,303,9/12/25 2:09 PM,samantha lopez,,Dining Room,0.00,10.34,0.85,0.00,0.00,00:05:10
2919 Blanco Rd,305,9/12/25 2:11 PM,Maria  Salazar,,Dining Room,0.00,3.98,0.33,0.00,0.00,00:00:15
2919 Blanco Rd,304,9/12/25 2:09 PM,samantha lopez,,Dining Room,0.00,3.98,0.33,0.00,0.00,00:07:21
2919 Blanco Rd,308,9/12/25 2:21 PM,samantha lopez,,Dining Room,0.00,12.83,1.05,3.00,0.00,00:03:28
2919 Blanco Rd,310,9/12/25 2:23 PM,Maria  Salazar,4,Dining Room,0.00,58.55,4.82,0.00,0.00,00:33:38
2919 Blanco Rd,311,9/12/25 2:27 PM,samantha lopez,,Drive Thru,0.00,4.39,0.36,0.00,0.00,00:01:52
2919 Blanco Rd,312,9/12/25 2:27 PM,Maria  Salazar,,Dining Room,0.00,0.00,0.00,0.00,0.00,01:14:24
2919 Blanco Rd,313,9/12/25 2:29 PM,Maria  Salazar,19,Dining Room,0.00,9.98,0.82,0.00,0.00,00:21:24
2919 Blanco Rd,314,9/12/25 2:29 PM,samantha lopez,,Drive Thru,0.00,17.71,1.46,0.00,0.00,00:02:27
2919 Blanco Rd,316,9/12/25 2:46 PM,Maria  Salazar,3,Dining Room,0.00,34.66,2.86,0.00,0.00,00:38:57
2919 Blanco Rd,315,9/12/25 2:33 PM,Maria  Salazar,,Dining Room,0.00,47.05,3.89,0.00,0.00,00:18:51
2919 Blanco Rd,318,9/12/25 2:48 PM,samantha lopez,,Dining Room,0.00,10.99,0.91,0.00,0.00,00:03:08
2919 Blanco Rd,306,9/12/25 2:13 PM,samantha lopez,,Dining Room,0.00,21.07,1.73,0.00,0.00,00:49:10
2919 Blanco Rd,320,9/12/25 3:05 PM,samantha lopez,,Dining Room,0.00,8.56,0.71,0.00,0.00,00:02:19
2919 Blanco Rd,321,9/12/25 3:06 PM,samantha lopez,,Dining Room,0.00,8.87,0.73,0.00,0.00,00:08:56
2919 Blanco Rd,323,9/12/25 3:15 PM,Maria  Salazar,25,Dining Room,0.00,56.91,4.68,7.00,0.00,00:41:14
2919 Blanco Rd,325,9/12/25 3:18 PM,Maria  Salazar,,Dining Room,0.00,0.00,0.00,0.00,0.00,00:23:42
2919 Blanco Rd,326,9/12/25 3:18 PM,Maria  Salazar,,Dining Room,0.00,42.40,3.49,0.00,0.00,00:00:54
2919 Blanco Rd,322,9/12/25 3:11 PM,samantha lopez,,Dining Room,0.00,10.58,0.87,0.00,0.00,00:14:40
2919 Blanco Rd,328,9/12/25 3:25 PM,samantha lopez,,Drive Thru,0.00,6.38,0.52,0.00,0.00,00:06:30
2919 Blanco Rd,329,9/12/25 3:26 PM,samantha lopez,,Drive Thru,0.00,6.27,0.51,0.00,0.00,00:06:17
2919 Blanco Rd,327,9/12/25 3:25 PM,samantha lopez,,Dining Room,0.00,8.78,0.72,0.00,0.00,00:07:11
2919 Blanco Rd,330,9/12/25 3:30 PM,Maria  Salazar,17,Dining Room,0.00,42.72,3.51,0.00,0.00,00:40:27
2919 Blanco Rd,331,9/12/25 3:32 PM,samantha lopez,,Drive Thru,0.00,1.99,0.16,0.00,0.00,00:01:25
2919 Blanco Rd,333,9/12/25 3:43 PM,samantha lopez,,Dining Room,0.00,23.98,1.98,0.00,0.00,00:06:18
2919 Blanco Rd,334,9/12/25 3:43 PM,samantha lopez,,Dining Room,0.00,12.99,1.07,0.00,0.00,00:06:46
2919 Blanco Rd,335,9/12/25 3:45 PM,samantha lopez,,Dining Room,0.00,8.58,0.71,0.00,0.00,00:05:24
2919 Blanco Rd,337,9/12/25 3:49 PM,Maria  Salazar,,Dining Room,0.00,15.01,1.24,5.00,0.00,00:00:18
2919 Blanco Rd,339,9/12/25 3:50 PM,samantha lopez,,Drive Thru,0.00,18.32,1.51,0.00,0.00,00:10:20
2919 Blanco Rd,340,9/12/25 3:56 PM,Maria  Salazar,,Dining Room,0.00,24.41,2.01,0.00,0.00,00:02:37
2919 Blanco Rd,342,9/12/25 4:07 PM,samantha lopez,,Drive Thru,0.00,14.12,1.16,0.00,0.00,00:03:41
2919 Blanco Rd,346,9/12/25 4:11 PM,samantha lopez,,Drive Thru,0.00,3.98,0.33,0.00,0.00,00:01:22
2919 Blanco Rd,347,9/12/25 4:16 PM,Maria  Salazar,2,Dining Room,0.00,19.98,1.65,75.00,0.00,01:06:17
2919 Blanco Rd,345,9/12/25 4:11 PM,Maria  Salazar,,Dining Room,0.00,6.18,0.51,0.00,0.00,00:07:07
2919 Blanco Rd,344,9/12/25 4:09 PM,samantha lopez,,Dining Room,0.00,25.63,2.13,0.00,0.00,00:25:10
2919 Blanco Rd,349,9/12/25 4:33 PM,samantha lopez,,Drive Thru,0.00,13.82,1.13,0.00,0.00,00:05:57
2919 Blanco Rd,350,9/12/25 4:36 PM,samantha lopez,,Drive Thru,0.00,13.40,1.10,0.00,0.00,00:03:03
2919 Blanco Rd,351,9/12/25 4:51 PM,Maria  Salazar,6,Dining Room,0.00,69.30,5.71,0.00,0.00,00:37:42
2919 Blanco Rd,352,9/12/25 4:52 PM,samantha lopez,,Dining Room,0.00,18.34,1.51,0.00,0.00,00:09:20
2919 Blanco Rd,354,9/12/25 4:56 PM,Maria  Salazar,4,Dining Room,0.00,27.02,2.22,0.00,0.00,00:32:58
2919 Blanco Rd,356,9/12/25 5:10 PM,Maria  Salazar,18,Dining Room,0.00,9.99,0.82,0.00,0.00,00:28:43
2919 Blanco Rd,348,9/12/25 4:18 PM,Maria  Salazar,,Dining Room,0.00,10.97,0.90,0.00,0.00,00:55:25
2919 Blanco Rd,353,9/12/25 4:53 PM,samantha lopez,,Dining Room,0.00,6.68,0.55,0.00,0.00,00:31:07
2919 Blanco Rd,358,9/12/25 5:19 PM,Maria  Salazar,5,Dining Room,0.00,3.98,0.32,1.00,0.00,00:12:20
2919 Blanco Rd,359,9/12/25 5:32 PM,samantha lopez,,Dining Room,0.00,11.74,0.97,2.00,0.00,00:04:21
2919 Blanco Rd,360,9/12/25 5:32 PM,samantha lopez,,Dining Room,0.00,7.38,0.61,0.00,0.00,00:38:47
2919 Blanco Rd,363,9/12/25 6:14 PM,Maria  Salazar,13,Dining Room,0.00,10.14,0.83,0.00,0.00,00:22:17
2919 Blanco Rd,364,9/12/25 6:22 PM,Maria  Salazar,15,Dining Room,0.00,20.07,1.64,0.00,0.00,00:33:28
2919 Blanco Rd,365,9/12/25 6:29 PM,Maria  Salazar,,Dining Room,0.00,1.99,0.16,0.00,0.00,00:00:58
2919 Blanco Rd,366,9/12/25 6:31 PM,Maria  Salazar,10,Dining Room,0.00,19.26,1.59,0.00,0.00,00:18:05
2919 Blanco Rd,367,9/12/25 6:37 PM,Maria  Salazar,16,Dining Room,0.00,26.13,2.16,6.00,0.00,00:28:35
2919 Blanco Rd,368,9/12/25 6:39 PM,samantha lopez,,Dining Room,0.00,13.44,1.10,0.00,0.00,00:05:24
2919 Blanco Rd,370,9/12/25 6:43 PM,Maria  Salazar,2,Dining Room,0.00,58.28,4.82,0.00,0.00,00:30:29
2919 Blanco Rd,369,9/12/25 6:39 PM,samantha lopez,,Dining Room,0.00,14.98,1.24,2.00,0.00,00:16:15
2919 Blanco Rd,371,9/12/25 6:51 PM,Maria  Salazar,8,Dining Room,0.00,63.71,5.24,0.00,12.74,00:33:32
2919 Blanco Rd,372,9/12/25 7:03 PM,samantha lopez,,Dining Room,0.00,7.16,0.59,0.00,0.00,00:06:01
2919 Blanco Rd,373,9/12/25 7:10 PM,Maria  Salazar,,Dining Room,0.00,24.94,2.06,3.00,0.00,00:04:27
2919 Blanco Rd,374,9/12/25 7:15 PM,Maria  Salazar,,Dining Room,0.00,5.18,0.42,0.00,0.00,00:03:34
2919 Blanco Rd,375,9/12/25 7:19 PM,Maria  Salazar,3,Dining Room,0.00,10.34,0.85,0.00,0.00,00:00:11
2919 Blanco Rd,376,9/12/25 7:25 PM,Maria  Salazar,,Dining Room,0.00,18.98,1.57,0.00,0.00,00:03:56
2919 Blanco Rd,377,9/12/25 7:38 PM,samantha lopez,,Dining Room,0.00,17.42,1.43,0.00,0.00,00:06:37
2919 Blanco Rd,379,9/12/25 8:32 PM,samantha lopez,,Dining Room,0.00,1.99,0.16,0.00,0.00,00:02:51
2919 Blanco Rd,380,9/12/25 8:32 PM,samantha lopez,,Dining Room,0.00,23.75,1.95,0.00,0.00,00:09:29
