Location,Order #,Opened,# of Guests,Server,Table,Discount Amount,Amount,Tax,Tip,Gratuity
12060 Potranco Road,2,10/9/25 6:49 AM,1,Melissa  Urena,,0.00,4.08,0.34,0.00,0.00
12060 Potranco Road,3,10/9/25 6:49 AM,1,Melissa  Urena,,0.00,3.99,0.33,0.00,0.00
12060 Potranco Road,4,10/9/25 6:49 AM,1,Melissa  Urena,,0.00,11.97,0.98,1.00,0.00
12060 Potranco Road,5,10/9/25 6:56 AM,1,Melissa  Urena,,0.00,7.97,0.66,0.00,0.00
12060 Potranco Road,7,10/9/25 7:12 AM,1,Melissa  Urena,,0.00,3.78,0.31,0.00,0.00
12060 Potranco Road,6,10/9/25 7:11 AM,2,Lizbeth Garcia,26,5.25,29.29,2.42,13.00,0.00
12060 Potranco Road,9,10/9/25 7:13 AM,1,Lizbeth Garcia,27,0.00,20.15,1.67,5.00,0.00
12060 Potranco Road,10,10/9/25 7:16 AM,1,Lizbeth Garcia,18,0.00,9.98,0.83,4.00,0.00
12060 Potranco Road,8,10/9/25 7:12 AM,1,Melissa  Urena,,0.00,27.79,2.29,0.00,0.00
12060 Potranco Road,11,10/9/25 7:34 AM,1,Melissa  Urena,,0.00,4.98,0.41,0.00,0.00
12060 Potranco Road,12,10/9/25 7:34 AM,1,Sugey Cabrera,,0.00,11.93,0.98,2.00,0.00
12060 Potranco Road,14,10/9/25 7:34 AM,1,Melissa  Urena,,0.00,4.39,0.36,0.00,0.00
12060 Potranco Road,13,10/9/25 7:34 AM,1,Sugey Cabrera,,0.00,9.07,0.74,0.00,0.00
12060 Potranco Road,15,10/9/25 7:36 AM,1,Melissa  Urena,,0.00,5.97,0.49,0.00,0.00
12060 Potranco Road,16,10/9/25 7:42 AM,1,Melissa  Urena,,0.00,15.48,1.28,2.00,0.00
12060 Potranco Road,17,10/9/25 7:43 AM,1,Melissa  Urena,,0.00,14.85,1.23,3.00,0.00
12060 Potranco Road,18,10/9/25 7:45 AM,1,Melissa  Urena,,0.00,17.93,1.48,0.00,0.00
12060 Potranco Road,20,10/9/25 7:46 AM,1,Melissa  Urena,,0.00,6.77,0.56,2.00,0.00
12060 Potranco Road,19,10/9/25 7:45 AM,2,Lizbeth Garcia,16,0.50,9.46,0.78,0.00,0.00
12060 Potranco Road,21,10/9/25 7:52 AM,1,Melissa  Urena,,0.00,12.27,1.01,2.00,0.00
12060 Potranco Road,22,10/9/25 7:55 AM,1,Melissa  Urena,,0.00,13.76,1.14,0.00,0.00
12060 Potranco Road,24,10/9/25 7:57 AM,2,Sugey Cabrera,3,0.00,17.54,1.45,7.00,0.00
12060 Potranco Road,25,10/9/25 7:59 AM,1,Lizbeth Garcia,25,0.00,12.97,1.08,0.00,0.00
12060 Potranco Road,26,10/9/25 8:05 AM,1,Melissa  Urena,,0.00,6.57,0.55,0.00,0.00
12060 Potranco Road,27,10/9/25 8:06 AM,1,Melissa  Urena,,0.00,8.07,0.66,1.27,0.00
12060 Potranco Road,28,10/9/25 8:09 AM,1,Melissa  Urena,,0.00,3.58,0.30,0.00,0.00
12060 Potranco Road,30,10/9/25 8:14 AM,1,Melissa  Urena,,0.00,12.57,1.04,1.00,0.00
12060 Potranco Road,31,10/9/25 8:15 AM,1,Melissa  Urena,,0.00,5.28,0.44,0.00,0.00
12060 Potranco Road,32,10/9/25 8:22 AM,1,Melissa  Urena,,0.00,5.97,0.49,2.00,0.00
12060 Potranco Road,33,10/9/25 8:22 AM,1,Melissa  Urena,,0.00,9.58,0.79,0.00,0.00
12060 Potranco Road,34,10/9/25 8:26 AM,1,Melissa  Urena,,0.00,27.82,2.29,0.00,0.00
12060 Potranco Road,35,10/9/25 8:33 AM,1,Melissa  Urena,,0.00,17.09,1.41,0.00,0.00
12060 Potranco Road,36,10/9/25 8:40 AM,1,Melissa  Urena,,0.00,10.47,0.86,0.00,0.00
12060 Potranco Road,37,10/9/25 8:41 AM,1,Melissa  Urena,,0.00,7.99,0.66,0.00,0.00
12060 Potranco Road,38,10/9/25 8:45 AM,1,Melissa  Urena,,0.00,10.86,0.90,0.00,0.00
12060 Potranco Road,39,10/9/25 8:47 AM,1,Melissa  Urena,,0.00,10.37,0.86,0.00,0.00
12060 Potranco Road,40,10/9/25 8:49 AM,1,Melissa  Urena,,0.00,8.86,0.72,0.00,0.00
12060 Potranco Road,42,10/9/25 8:51 AM,1,Melissa  Urena,,0.00,8.56,0.71,0.00,0.00
12060 Potranco Road,43,10/9/25 8:54 AM,1,Melissa  Urena,,0.00,5.58,0.46,0.00,0.00
12060 Potranco Road,41,10/9/25 8:49 AM,1,Sugey Cabrera,,0.00,0.00,0.00,0.00,0.00
12060 Potranco Road,44,10/9/25 8:55 AM,1,Melissa  Urena,,0.00,10.57,0.88,1.00,0.00
12060 Potranco Road,45,10/9/25 8:55 AM,1,Sugey Cabrera,,28.33,0.00,0.00,0.00,0.00
12060 Potranco Road,46,10/9/25 8:58 AM,1,Sugey Cabrera,1,0.00,20.24,1.67,4.45,0.00
12060 Potranco Road,47,10/9/25 8:59 AM,1,Melissa  Urena,,0.00,28.94,2.39,0.00,0.00
12060 Potranco Road,48,10/9/25 9:00 AM,1,Melissa  Urena,,0.00,12.86,1.06,0.00,0.00
12060 Potranco Road,49,10/9/25 9:01 AM,1,Melissa  Urena,,0.00,2.29,0.19,0.00,0.00
12060 Potranco Road,50,10/9/25 9:08 AM,1,Melissa  Urena,,0.00,6.28,0.52,0.00,0.00
12060 Potranco Road,51,10/9/25 9:12 AM,1,Melissa  Urena,,0.00,22.95,1.89,0.00,0.00
12060 Potranco Road,52,10/9/25 9:12 AM,1,Melissa  Urena,,0.00,13.98,1.16,0.00,0.00
12060 Potranco Road,54,10/9/25 9:14 AM,3,Sugey Cabrera,20,0.90,29.39,2.42,5.00,0.00
12060 Potranco Road,53,10/9/25 9:14 AM,2,Lizbeth Garcia,8,1.28,17.54,1.46,6.00,0.00
12060 Potranco Road,55,10/9/25 9:16 AM,1,Carlos Morales,,0.00,14.56,1.20,0.00,0.00
12060 Potranco Road,57,10/9/25 9:19 AM,1,Melissa  Urena,,0.00,14.32,1.18,0.00,0.00
12060 Potranco Road,56,10/9/25 9:19 AM,2,Emanuel Sanchez,14,0.00,19.36,1.60,3.87,0.00
12060 Potranco Road,58,10/9/25 9:21 AM,1,Melissa  Urena,,0.00,10.99,0.91,0.00,0.00
12060 Potranco Road,59,10/9/25 9:21 AM,1,Melissa  Urena,,0.00,11.99,0.99,0.00,0.00
12060 Potranco Road,60,10/9/25 9:23 AM,1,Melissa  Urena,,0.00,2.79,0.23,0.00,0.00
12060 Potranco Road,63,10/9/25 9:26 AM,1,Melissa  Urena,,0.00,6.78,0.56,0.00,0.00
12060 Potranco Road,61,10/9/25 9:25 AM,1,Sugey Cabrera,,0.00,32.63,2.68,0.00,0.00
12060 Potranco Road,64,10/9/25 9:26 AM,1,Sugey Cabrera,,0.00,29.47,2.43,0.00,0.00
12060 Potranco Road,62,10/9/25 9:25 AM,4,Emanuel Sanchez,28,0.00,58.78,4.86,0.00,0.00
12060 Potranco Road,65,10/9/25 9:33 AM,1,Melissa  Urena,,0.00,5.48,0.46,0.00,0.00
12060 Potranco Road,66,10/9/25 9:34 AM,1,Melissa  Urena,,0.00,8.16,0.67,0.00,0.00
12060 Potranco Road,67,10/9/25 9:35 AM,1,Melissa  Urena,,0.00,6.47,0.54,0.00,0.00
12060 Potranco Road,68,10/9/25 9:35 AM,1,Lizbeth Garcia,,0.00,20.46,1.70,0.00,0.00
12060 Potranco Road,69,10/9/25 9:38 AM,1,Melissa  Urena,,0.00,4.38,0.36,0.00,0.00
12060 Potranco Road,70,10/9/25 9:40 AM,1,Melissa  Urena,,5.55,16.43,1.36,2.00,0.00
12060 Potranco Road,71,10/9/25 9:45 AM,2,Sugey Cabrera,16,0.00,14.52,1.20,0.00,0.00
12060 Potranco Road,74,10/9/25 9:49 AM,1,Melissa  Urena,,0.00,7.37,0.61,0.00,0.00
12060 Potranco Road,75,10/9/25 9:51 AM,1,Emanuel Sanchez,31,0.00,11.58,0.95,4.00,0.00
12060 Potranco Road,76,10/9/25 9:52 AM,1,Melissa  Urena,,0.00,4.08,0.34,0.00,0.00
12060 Potranco Road,77,10/9/25 9:53 AM,1,Melissa  Urena,,0.00,3.78,0.31,0.00,0.00
12060 Potranco Road,78,10/9/25 9:54 AM,1,Melissa  Urena,,0.00,32.70,2.69,0.00,0.00
12060 Potranco Road,80,10/9/25 9:56 AM,1,Melissa  Urena,,0.00,11.41,0.94,0.00,0.00
12060 Potranco Road,79,10/9/25 9:55 AM,2,Lizbeth Garcia,22,0.00,15.95,1.32,3.00,0.00
12060 Potranco Road,82,10/9/25 9:57 AM,2,Emanuel Sanchez,2,0.00,11.27,0.93,5.00,0.00
12060 Potranco Road,83,10/9/25 9:58 AM,1,Melissa  Urena,,0.00,14.56,1.21,0.00,0.00
12060 Potranco Road,84,10/9/25 9:59 AM,2,Lizbeth Garcia,14,0.00,24.24,2.00,4.00,0.00
12060 Potranco Road,81,10/9/25 9:57 AM,1,Sugey Cabrera,26,0.00,12.97,1.08,0.00,0.00
12060 Potranco Road,85,10/9/25 10:02 AM,1,Melissa  Urena,,0.00,25.00,2.07,3.00,0.00
12060 Potranco Road,86,10/9/25 10:07 AM,1,Melissa  Urena,,0.00,9.47,0.79,2.00,0.00
12060 Potranco Road,87,10/9/25 10:09 AM,1,Melissa  Urena,,0.00,7.16,0.59,0.00,0.00
12060 Potranco Road,88,10/9/25 10:11 AM,1,Melissa  Urena,,0.00,14.36,1.18,0.00,0.00
12060 Potranco Road,89,10/9/25 10:12 AM,1,Melissa  Urena,,0.00,8.53,0.70,5.00,0.00
12060 Potranco Road,90,10/9/25 10:15 AM,1,Melissa  Urena,,5.80,2.16,0.18,3.00,0.00
12060 Potranco Road,91,10/9/25 10:16 AM,1,Melissa  Urena,,0.00,8.38,0.69,0.00,0.00
12060 Potranco Road,92,10/9/25 10:16 AM,1,Melissa  Urena,,0.00,7.77,0.64,1.00,0.00
12060 Potranco Road,93,10/9/25 10:17 AM,2,Sugey Cabrera,1,0.00,26.94,2.22,5.00,0.00
12060 Potranco Road,94,10/9/25 10:22 AM,1,Melissa  Urena,,0.00,13.23,1.09,0.00,0.00
12060 Potranco Road,95,10/9/25 10:24 AM,2,Emanuel Sanchez,3,0.00,27.34,2.26,0.00,0.00
12060 Potranco Road,96,10/9/25 10:26 AM,1,Sugey Cabrera,,7.35,18.96,1.56,5.00,0.00
12060 Potranco Road,97,10/9/25 10:32 AM,1,Melissa  Urena,,0.00,8.26,0.68,0.00,0.00
12060 Potranco Road,99,10/9/25 10:33 AM,1,Emanuel Sanchez,,0.00,11.99,0.99,0.00,0.00
12060 Potranco Road,100,10/9/25 10:37 AM,1,Melissa  Urena,,0.00,3.98,0.32,0.00,0.00
12060 Potranco Road,101,10/9/25 10:37 AM,1,Melissa  Urena,,0.00,18.06,1.49,0.00,0.00
12060 Potranco Road,102,10/9/25 10:45 AM,1,Melissa  Urena,,0.00,5.97,0.49,0.00,0.00
12060 Potranco Road,103,10/9/25 10:45 AM,1,Melissa  Urena,,0.00,19.71,1.62,0.00,0.00
12060 Potranco Road,104,10/9/25 10:46 AM,1,Melissa  Urena,,0.00,27.73,2.29,5.00,0.00
12060 Potranco Road,105,10/9/25 10:48 AM,2,Lizbeth Garcia,16,10.70,17.91,1.47,6.00,0.00
12060 Potranco Road,107,10/9/25 10:54 AM,1,Melissa  Urena,,0.00,8.77,0.72,2.00,0.00
12060 Potranco Road,106,10/9/25 10:49 AM,3,Sugey Cabrera,27,0.00,0.00,0.00,0.00,0.00
12060 Potranco Road,109,10/9/25 10:57 AM,3,Sugey Cabrera,26,0.00,39.26,3.23,8.00,0.00
12060 Potranco Road,110,10/9/25 11:00 AM,1,Melissa  Urena,,0.00,5.57,0.46,0.00,0.00
12060 Potranco Road,111,10/9/25 11:01 AM,1,Sugey Cabrera,,0.00,6.99,0.58,0.00,0.00
12060 Potranco Road,108,10/9/25 10:57 AM,3,Emanuel Sanchez,2,0.00,22.53,1.87,2.00,0.00
12060 Potranco Road,112,10/9/25 11:06 AM,1,Melissa  Urena,,0.00,14.99,1.24,2.00,0.00
12060 Potranco Road,113,10/9/25 11:08 AM,1,Melissa  Urena,,0.00,13.36,1.11,2.00,0.00
12060 Potranco Road,114,10/9/25 11:09 AM,2,Lizbeth Garcia,15,0.00,27.98,2.31,0.00,0.00
12060 Potranco Road,115,10/9/25 11:13 AM,1,Melissa  Urena,,0.00,15.76,1.31,0.00,0.00
12060 Potranco Road,116,10/9/25 11:17 AM,1,Melissa  Urena,,0.00,9.78,0.81,0.00,0.00
12060 Potranco Road,117,10/9/25 11:18 AM,1,Melissa  Urena,,0.00,21.62,1.78,0.00,0.00
12060 Potranco Road,118,10/9/25 11:20 AM,1,Melissa  Urena,,0.00,13.45,1.12,5.00,0.00
12060 Potranco Road,119,10/9/25 11:22 AM,3,Sugey Cabrera,1,0.00,38.45,3.18,6.00,0.00
12060 Potranco Road,121,10/9/25 11:32 AM,1,Melissa  Urena,,0.00,23.56,1.94,0.00,0.00
12060 Potranco Road,122,10/9/25 11:33 AM,1,Melissa  Urena,,0.00,4.89,0.40,0.00,0.00
12060 Potranco Road,120,10/9/25 11:28 AM,4,Emanuel Sanchez,14,0.00,59.82,4.94,0.00,0.00
12060 Potranco Road,123,10/9/25 11:34 AM,1,Melissa  Urena,,0.00,34.54,2.85,5.00,0.00
12060 Potranco Road,124,10/9/25 11:37 AM,1,Melissa  Urena,,0.00,10.98,0.91,0.00,0.00
12060 Potranco Road,125,10/9/25 11:41 AM,1,Melissa  Urena,,0.00,6.57,0.55,0.00,0.00
12060 Potranco Road,126,10/9/25 11:49 AM,1,Melissa  Urena,,0.00,15.99,1.32,0.00,0.00
12060 Potranco Road,127,10/9/25 11:49 AM,1,Sugey Cabrera,,0.00,55.03,4.55,0.00,0.00
12060 Potranco Road,128,10/9/25 11:50 AM,2,Lizbeth Garcia,12,0.00,43.22,3.57,10.00,0.00
12060 Potranco Road,130,10/9/25 11:55 AM,1,Melissa  Urena,,0.00,3.78,0.31,0.00,0.00
12060 Potranco Road,131,10/9/25 11:57 AM,1,Melissa  Urena,,0.00,4.29,0.35,0.00,0.00
12060 Potranco Road,132,10/9/25 12:00 PM,1,Sugey Cabrera,22,0.00,18.98,1.57,0.00,0.00
12060 Potranco Road,133,10/9/25 12:04 PM,1,Melissa  Urena,,0.00,14.66,1.22,0.00,0.00
12060 Potranco Road,134,10/9/25 12:06 PM,1,Emanuel Sanchez,18,0.00,15.98,1.32,3.00,0.00
12060 Potranco Road,135,10/9/25 12:09 PM,2,Lizbeth Garcia,3,0.00,12.99,1.07,2.60,0.00
12060 Potranco Road,136,10/9/25 12:13 PM,1,Melissa  Urena,,0.00,14.07,1.15,0.00,0.00
12060 Potranco Road,137,10/9/25 12:14 PM,2,Sugey Cabrera,1,0.00,21.98,1.81,0.00,0.00
12060 Potranco Road,138,10/9/25 12:14 PM,2,Lizbeth Garcia,16,0.00,40.85,3.39,0.00,0.00
12060 Potranco Road,139,10/9/25 12:14 PM,1,Melissa  Urena,,0.00,27.72,2.29,3.00,0.00
12060 Potranco Road,140,10/9/25 12:25 PM,3,Emanuel Sanchez,15,0.00,34.44,2.84,7.72,0.00
12060 Potranco Road,141,10/9/25 12:31 PM,3,Sugey Cabrera,28,1.00,39.55,3.24,8.00,0.00
12060 Potranco Road,142,10/9/25 12:35 PM,1,Melissa  Urena,,0.00,4.39,0.36,0.00,0.00
12060 Potranco Road,143,10/9/25 12:35 PM,1,Melissa  Urena,,0.00,10.56,0.88,0.00,0.00
12060 Potranco Road,144,10/9/25 12:37 PM,3,Emanuel Sanchez,4,0.00,33.18,2.74,9.90,0.00
12060 Potranco Road,146,10/9/25 12:40 PM,2,Lizbeth Garcia,21,0.00,23.56,1.94,0.00,0.00
12060 Potranco Road,145,10/9/25 12:39 PM,1,Melissa  Urena,,0.00,21.64,1.78,10.00,0.00
12060 Potranco Road,147,10/9/25 12:45 PM,1,Melissa  Urena,,0.00,9.87,0.81,3.00,0.00
12060 Potranco Road,148,10/9/25 12:45 PM,2,Sugey Cabrera,23,0.00,27.56,2.26,10.00,0.00
12060 Potranco Road,149,10/9/25 12:47 PM,1,Melissa  Urena,,0.00,37.48,3.09,8.25,0.00
12060 Potranco Road,150,10/9/25 12:48 PM,2,Emanuel Sanchez,35,7.00,44.95,3.70,10.00,0.00
12060 Potranco Road,151,10/9/25 12:54 PM,4,Lizbeth Garcia,1,0.00,68.71,5.67,5.00,0.00
12060 Potranco Road,154,10/9/25 12:58 PM,2,Sugey Cabrera,2,0.00,50.70,4.19,12.00,0.00
12060 Potranco Road,155,10/9/25 1:03 PM,1,Melissa  Urena,,0.00,13.97,1.14,0.00,0.00
12060 Potranco Road,156,10/9/25 1:14 PM,6,Emanuel Sanchez,37,0.00,96.26,7.93,23.00,19.25
12060 Potranco Road,157,10/9/25 1:22 PM,1,Melissa  Urena,,0.00,10.23,0.84,0.00,0.00
12060 Potranco Road,158,10/9/25 1:40 PM,1,Lizbeth Garcia,31,0.00,11.77,0.97,0.00,0.00
12060 Potranco Road,159,10/9/25 1:56 PM,1,Melissa  Urena,,0.00,10.23,0.84,2.00,0.00
12060 Potranco Road,160,10/9/25 1:57 PM,1,Melissa  Urena,,0.00,45.90,3.79,0.00,0.00
12060 Potranco Road,161,10/9/25 1:59 PM,3,Sugey Cabrera,21,0.00,42.21,3.48,5.00,0.00
12060 Potranco Road,164,10/9/25 2:04 PM,1,Leticia Roman,3,6.60,6.38,0.52,3.10,0.00
12060 Potranco Road,165,10/9/25 2:17 PM,1,Mario Jimenez,,0.00,17.35,1.43,0.00,0.00
12060 Potranco Road,166,10/9/25 2:27 PM,2,Adrian Morales,1,0.00,11.99,0.99,0.00,0.00
12060 Potranco Road,169,10/9/25 2:35 PM,1,Mario Jimenez,,0.00,17.44,1.44,0.00,0.00
12060 Potranco Road,170,10/9/25 3:01 PM,1,Mario Jimenez,,0.00,14.98,1.23,0.00,0.00
12060 Potranco Road,167,10/9/25 2:28 PM,1,Fernanda  Loera,3,0.00,13.98,1.15,0.00,0.00
12060 Potranco Road,171,10/9/25 3:14 PM,1,Mario Jimenez,,0.00,11.67,0.97,0.00,0.00
12060 Potranco Road,174,10/9/25 3:34 PM,1,Mario Jimenez,,0.00,9.38,0.77,0.00,0.00
12060 Potranco Road,176,10/9/25 3:54 PM,1,Candy Del Angel,,0.00,29.95,2.47,1.00,0.00
12060 Potranco Road,178,10/9/25 3:56 PM,2,Fernanda  Loera,3,0.00,19.73,1.63,0.00,0.00
12060 Potranco Road,177,10/9/25 3:56 PM,2,Fernanda  Loera,3,0.00,0.00,0.00,0.00,0.00
12060 Potranco Road,173,10/9/25 3:15 PM,1,Mario Jimenez,,0.00,9.98,0.82,0.00,0.00
12060 Potranco Road,179,10/9/25 4:04 PM,1,Mario Jimenez,,0.00,36.97,3.05,0.00,0.00
12060 Potranco Road,181,10/9/25 4:10 PM,2,Leticia Roman,14,0.00,23.94,1.97,4.00,0.00
12060 Potranco Road,182,10/9/25 4:10 PM,1,Fernanda  Loera,4,0.00,0.00,0.00,0.00,0.00
12060 Potranco Road,183,10/9/25 4:12 PM,2,Leticia Roman,12,0.00,63.32,5.23,0.00,0.00
12060 Potranco Road,184,10/9/25 4:15 PM,3,Fernanda  Loera,20,0.00,48.58,4.00,9.72,0.00
12060 Potranco Road,186,10/9/25 4:20 PM,2,Leticia Roman,34,0.00,35.23,2.90,6.00,0.00
12060 Potranco Road,187,10/9/25 4:24 PM,2,Fernanda  Loera,1,0.00,42.10,3.46,5.00,0.00
12060 Potranco Road,188,10/9/25 4:27 PM,2,Leticia Roman,2,0.00,35.22,2.91,0.00,0.00
12060 Potranco Road,189,10/9/25 4:34 PM,2,Fernanda  Loera,5,0.00,32.96,2.72,8.00,0.00
12060 Potranco Road,190,10/9/25 4:37 PM,1,Mario Jimenez,,0.00,49.74,4.11,0.00,0.00
12060 Potranco Road,191,10/9/25 4:40 PM,3,Leticia Roman,15,0.00,28.70,2.37,5.00,0.00
12060 Potranco Road,194,10/9/25 4:56 PM,1,Mario Jimenez,,0.00,6.99,0.58,0.00,0.00
12060 Potranco Road,193,10/9/25 4:54 PM,3,Fernanda  Loera,4,0.00,53.55,4.40,0.00,0.00
12060 Potranco Road,196,10/9/25 5:03 PM,2,Fernanda  Loera,27,0.00,16.74,1.38,0.00,0.00
12060 Potranco Road,195,10/9/25 5:00 PM,1,Mario Jimenez,,0.00,44.30,3.65,1.00,0.00
12060 Potranco Road,197,10/9/25 5:11 PM,1,Leticia Roman,16,0.00,17.38,1.43,4.00,0.00
12060 Potranco Road,199,10/9/25 5:16 PM,2,Fernanda  Loera,3,0.00,28.37,2.34,4.00,0.00
12060 Potranco Road,200,10/9/25 5:16 PM,1,Brianna Aragon,,0.00,18.23,1.51,0.00,0.00
12060 Potranco Road,201,10/9/25 5:18 PM,2,Leticia Roman,23,0.00,38.25,3.15,0.00,0.00
12060 Potranco Road,202,10/9/25 5:22 PM,1,Candy Del Angel,,2.79,0.00,0.00,0.00,0.00
12060 Potranco Road,205,10/9/25 5:27 PM,1,Mario Jimenez,,0.00,36.50,3.01,5.48,0.00
12060 Potranco Road,206,10/9/25 5:29 PM,1,Mario Jimenez,,0.00,24.34,2.01,0.00,0.00
12060 Potranco Road,208,10/9/25 5:32 PM,1,Mario Jimenez,,0.00,9.98,0.82,0.00,0.00
12060 Potranco Road,207,10/9/25 5:31 PM,1,Mario Jimenez,,0.00,15.14,1.24,0.00,0.00
12060 Potranco Road,210,10/9/25 5:56 PM,1,Mario Jimenez,,0.00,14.25,1.18,0.00,0.00
12060 Potranco Road,213,10/9/25 6:12 PM,2,Leticia Roman,2,0.00,40.16,3.31,8.00,0.00
12060 Potranco Road,215,10/9/25 6:19 PM,2,Fernanda  Loera,1,0.00,31.26,2.58,6.25,0.00
12060 Potranco Road,216,10/9/25 6:22 PM,2,Leticia Roman,14,0.00,3.99,0.33,2.00,0.00
12060 Potranco Road,217,10/9/25 6:24 PM,1,Mario Jimenez,,0.00,20.63,1.70,3.09,0.00
12060 Potranco Road,218,10/9/25 6:24 PM,37,Zoila Salinas,4,0.00,108.87,8.97,5.44,21.78
12060 Potranco Road,214,10/9/25 6:15 PM,1,Mario Jimenez,,0.00,34.96,2.89,0.00,0.00
12060 Potranco Road,220,10/9/25 6:39 PM,1,Mario Jimenez,,0.00,26.84,2.21,0.00,0.00
12060 Potranco Road,222,10/9/25 6:43 PM,1,Mario Jimenez,,0.00,7.00,0.58,0.00,0.00
12060 Potranco Road,223,10/9/25 6:44 PM,2,Leticia Roman,3,0.00,33.56,2.76,6.00,0.00
12060 Potranco Road,224,10/9/25 6:58 PM,2,Fernanda  Loera,2,0.00,24.06,1.98,6.04,0.00
12060 Potranco Road,225,10/9/25 7:13 PM,37,Zoila Salinas,3,0.00,35.97,2.97,0.00,7.20
12060 Potranco Road,227,10/9/25 7:13 PM,37,Zoila Salinas,5,0.00,68.10,5.62,30.00,13.62
12060 Potranco Road,228,10/9/25 7:15 PM,37,Zoila Salinas,2,0.00,0.00,0.00,0.00,0.00
12060 Potranco Road,232,10/9/25 7:18 PM,37,Zoila Salinas,1,0.00,24.67,2.03,10.00,4.93
12060 Potranco Road,233,10/9/25 7:19 PM,1,Zoila Salinas,2,0.00,36.75,3.04,0.00,7.35
12060 Potranco Road,219,10/9/25 6:38 PM,1,Mario Jimenez,,0.00,45.89,3.79,0.00,0.00
12060 Potranco Road,234,10/9/25 7:20 PM,1,Mario Jimenez,,0.00,44.06,3.64,0.00,0.00
12060 Potranco Road,235,10/9/25 7:21 PM,1,Brianna Aragon,,0.00,16.06,1.32,0.00,0.00
12060 Potranco Road,236,10/9/25 7:23 PM,1,Mario Jimenez,,0.00,14.38,1.19,0.00,0.00
12060 Potranco Road,237,10/9/25 7:29 PM,13,Leticia Roman,18,0.00,201.60,16.60,0.00,40.32
12060 Potranco Road,238,10/9/25 7:32 PM,1,Mario Jimenez,,0.00,5.08,0.42,0.00,0.00
12060 Potranco Road,240,10/9/25 7:39 PM,3,Fernanda  Loera,16,0.00,34.86,2.88,0.00,0.00
12060 Potranco Road,242,10/9/25 8:01 PM,2,Leticia Roman,26,0.00,18.97,1.57,5.00,0.00
12060 Potranco Road,241,10/9/25 8:01 PM,1,Mario Jimenez,,0.00,53.21,4.39,0.00,0.00
12060 Potranco Road,246,10/9/25 8:09 PM,5,Fernanda  Loera,2,0.00,66.55,5.47,13.31,0.00
12060 Potranco Road,247,10/9/25 8:10 PM,1,Brianna Aragon,,0.00,20.18,1.66,0.00,0.00
12060 Potranco Road,253,10/9/25 8:21 PM,1,Mario Jimenez,,0.00,0.00,0.00,0.00,0.00
12060 Potranco Road,254,10/9/25 9:12 PM,32,Zoila Salinas,6,0.00,681.66,56.20,10.40,136.34
12060 Potranco Road,265,10/9/25 9:21 PM,2,Zoila Salinas,3,0.00,11.99,0.99,0.00,2.40
