Employee,Job Title,Regular Hours,Overtime Hours,Hourly Rate,Regular Pay,Overtime Pay,Total Pay,Net Sales,Declared Tips,Non-Cash Tips,Total Tips,Tips Withheld,Total Gratuity,Employee ID,Job Code,Location,Location Code
"Aragon, Brianna",Host,4.66,0.0,11.00,51.26,0.00,51.26,54.47,0.00,0.00,0.00,0.00,0.00,,,12060 Potranco Road,
"Aragon, Cecilia",Tortillera,7.7,0.0,13.00,100.10,0.00,100.10,0.00,,0.00,0.00,0.00,0.00,,,12060 Potranco Road,
"Barton, Arion",Cook,4.84,0.0,13.00,62.92,0.00,62.92,0.00,,0.00,0.00,0.00,0.00,,,12060 Potranco Road,
"Cabrera, Sugey",Server,7.32,0.0,3.00,21.96,0.00,21.96,564.37,0.00,77.45,77.45,0.00,0.00,,,12060 Potranco Road,
"Cardenas, Salvador",Cook,0.82,7.79,15.00,12.30,175.28,187.58,0.00,,0.00,0.00,0.00,0.00,,,12060 Potranco Road,
"Del Angel, Candy",Shift Manager / Assistant Manager,8.03,0.0,,,,,29.95,,1.00,1.00,0.00,0.00,,,12060 Potranco Road,
"GUTIERREZ, ERIC",Cook,7.51,0.0,16.00,120.16,0.00,120.16,0.00,,0.00,0.00,0.00,0.00,,,12060 Potranco Road,
"Garcia, Lizbeth",Server,7.97,0.0,3.00,23.91,0.00,23.91,407.03,0.00,58.60,58.60,0.00,0.00,,,12060 Potranco Road,
"Jimenez, Mario",Driver,6.74,0.0,14.00,94.36,0.00,94.36,571.06,0.00,9.57,9.57,0.00,0.00,,,12060 Potranco Road,
"Lino Santana, David ",Prep,13.4,0.0,15.00,201.00,0.00,201.00,0.00,,0.00,0.00,0.00,0.00,,,12060 Potranco Road,
"Loera, Fernanda ",Server,7.58,0.0,,,,,412.74,0.00,52.32,52.32,0.00,0.00,,,12060 Potranco Road,
"Morales, Adrian",Server,7.85,0.0,3.00,23.55,0.00,23.55,11.99,0.00,0.00,0.00,0.00,0.00,,,12060 Potranco Road,
"Morales, Carlos",Busser,10.86,0.0,11.00,119.46,0.00,119.46,14.56,,0.00,0.00,0.00,0.00,,,12060 Potranco Road,
"Ojeda, George",Runner,8.66,0.0,12.50,108.25,0.00,108.25,0.00,,0.00,0.00,0.00,0.00,,,12060 Potranco Road,
"Reyes , Jesús Ricardo",Prep,5.12,0.0,12.00,61.44,0.00,61.44,0.00,,0.00,0.00,0.00,0.00,,,12060 Potranco Road,
"Roman, Leticia",Server,7.93,0.0,3.00,23.79,0.00,23.79,546.70,0.00,43.10,43.10,0.00,40.32,,,12060 Potranco Road,
"Rosales, Elsa",Tortillera,5.28,0.0,13.00,68.64,0.00,68.64,0.00,,0.00,0.00,0.00,0.00,,,12060 Potranco Road,
"Salinas, Zoila",General Manager,0.01,0.0,,,,,968.01,,55.84,55.84,0.00,193.62,,,12060 Potranco Road,
"Sanchez, Emanuel",Server,6.26,0.0,3.00,18.78,0.00,18.78,447.48,5.00,68.49,73.49,0.00,19.25,,,12060 Potranco Road,
"Urena, Melissa ",Host,7.82,0.0,12.00,93.84,0.00,93.84,1183.15,0.00,78.52,78.52,0.00,0.00,,,12060 Potranco Road,
"Vega, Estela",Tortillera,9.3,0.0,15.00,139.50,0.00,139.50,0.00,,0.00,0.00,0.00,0.00,,,12060 Potranco Road,
