Check #,Table,Payment Type,Server,Cashier,Tip,Amount,Cash Drawer,Date,Opened Date
1,,CREDIT,Daniela,Daniela,0.00,15.75,,8/5/25 6:30 AM,8/5/25 6:29 AM
2,,CREDIT,Daniela,Daniela,0.00,4.96,,8/5/25 6:34 AM,8/5/25 6:30 AM
3,,CASH,Daniela,Daniela,0.00,4.31,,8/5/25 6:35 AM,8/5/25 6:31 AM
4,,CASH,Daniela,Daniela,0.00,7.99,,8/5/25 6:36 AM,8/5/25 6:34 AM
5,,CREDIT,Daniela,Daniela,0.00,24.16,,8/5/25 6:37 AM,8/5/25 6:34 AM
6,,CREDIT,Daniela,Daniela,2.00,5.39,,8/5/25 6:39 AM,8/5/25 6:39 AM
7,,CREDIT,Daniela,Daniela,0.00,2.70,,8/5/25 6:48 AM,8/5/25 6:47 AM
9,,CREDIT,Daniela,Daniela,0.00,9.29,,8/5/25 6:51 AM,8/5/25 6:49 AM
10,,CASH,Daniela,Daniela,0.00,13.51,,8/5/25 6:58 AM,8/5/25 6:53 AM
11,,CREDIT,Daniela,Daniela,0.00,24.35,,8/5/25 6:59 AM,8/5/25 6:55 AM
13,,CREDIT,Daniela,Daniela,0.00,14.23,,8/5/25 7:05 AM,8/5/25 7:03 AM
14,,CREDIT,Daniela,Daniela,0.00,11.45,,8/5/25 7:09 AM,8/5/25 7:05 AM
15,,CREDIT,Daniela,Daniela,0.00,26.23,,8/5/25 7:09 AM,8/5/25 7:06 AM
16,,CREDIT,Daniela,Daniela,0.00,5.39,,8/5/25 7:13 AM,8/5/25 7:07 AM
17,,CREDIT,Daniela,Daniela,0.00,7.54,,8/5/25 7:20 AM,8/5/25 7:16 AM
18,,CREDIT,Daniela,Daniela,0.00,14.05,,8/5/25 7:22 AM,8/5/25 7:19 AM
19,,CREDIT,Daniela,Daniela,0.00,10.25,,8/5/25 7:26 AM,8/5/25 7:20 AM
21,,CREDIT,Daniela,Daniela,0.00,7.02,,8/5/25 7:28 AM,8/5/25 7:27 AM
24,,CASH,Zoila,Zoila,0.00,6.46,Front Left,8/5/25 7:29 AM,8/5/25 7:29 AM
22,,CASH,Daniela,Daniela,0.00,3.88,,8/5/25 7:30 AM,8/5/25 7:28 AM
23,,CREDIT,Daniela,Daniela,0.00,5.29,,8/5/25 7:31 AM,8/5/25 7:28 AM
26,,CASH,Daniela,Daniela,0.00,5.19,,8/5/25 7:32 AM,8/5/25 7:29 AM
28,,CREDIT,Daniela,Daniela,1.00,15.81,,8/5/25 7:33 AM,8/5/25 7:30 AM
29,,CASH,Daniela,Daniela,0.00,4.31,,8/5/25 7:35 AM,8/5/25 7:33 AM
27,,CASH,Daniela,Daniela,0.00,16.94,,8/5/25 7:38 AM,8/5/25 7:36 AM
33,,CREDIT,Zoila,Zoila,0.00,8.63,,8/5/25 7:39 AM,8/5/25 7:39 AM
30,,CREDIT,Daniela,Daniela,0.00,16.51,,8/5/25 7:39 AM,8/5/25 7:37 AM
31,,CREDIT,Daniela,Daniela,0.00,2.15,,8/5/25 7:43 AM,8/5/25 7:42 AM
35,,CREDIT,Daniela,Daniela,0.00,14.88,,8/5/25 7:44 AM,8/5/25 7:42 AM
36,,CREDIT,Daniela,Daniela,0.00,12.57,,8/5/25 7:46 AM,8/5/25 7:44 AM
12,25,CASH,Juan ,Juan ,0.00,22.10,,8/5/25 7:53 AM,8/5/25 7:03 AM
38,,CREDIT,Daniela,Daniela,1.00,11.00,,8/5/25 7:54 AM,8/5/25 7:54 AM
39,,CASH,Daniela,Daniela,0.00,18.23,,8/5/25 7:58 AM,8/5/25 7:56 AM
41,,CREDIT,Daniela,Daniela,0.00,8.61,,8/5/25 7:59 AM,8/5/25 7:57 AM
42,,CASH,Daniela,Daniela,0.00,7.54,,8/5/25 8:02 AM,8/5/25 8:01 AM
43,,CREDIT,Daniela,Daniela,0.00,4.31,,8/5/25 8:07 AM,8/5/25 8:04 AM
45,,CREDIT,Daniela,Daniela,0.00,18.48,,8/5/25 8:08 AM,8/5/25 8:07 AM
32,3,CREDIT,Juan ,Juan ,15.00,50.16,,8/5/25 8:11 AM,8/5/25 7:39 AM
46,,CREDIT,Daniela,Daniela,0.00,8.84,,8/5/25 8:16 AM,8/5/25 8:15 AM
47,,CREDIT,Daniela,Daniela,0.00,10.24,,8/5/25 8:18 AM,8/5/25 8:17 AM
50,,CASH,Juan ,Juan ,0.00,4.75,,8/5/25 8:21 AM,8/5/25 8:21 AM
52,,CASH,Daniela,Daniela,0.00,8.61,,8/5/25 8:26 AM,8/5/25 8:23 AM
53,,CASH,Daniela,Daniela,0.00,15.53,,8/5/25 8:27 AM,8/5/25 8:24 AM
37,,CREDIT,Daniela,Daniela,0.00,19.42,,8/5/25 8:29 AM,8/5/25 8:27 AM
55,,CREDIT,Daniela,Daniela,0.00,17.17,,8/5/25 8:32 AM,8/5/25 8:28 AM
56,,CREDIT,Daniela,Daniela,0.00,13.17,,8/5/25 8:33 AM,8/5/25 8:29 AM
57,,CREDIT,Daniela,Daniela,0.00,4.75,,8/5/25 8:34 AM,8/5/25 8:32 AM
54,,CREDIT,Daniela,Daniela,0.00,12.95,,8/5/25 8:37 AM,8/5/25 8:36 AM
59,,CREDIT,Daniela,Daniela,0.00,8.91,,8/5/25 8:39 AM,8/5/25 8:37 AM
48,32,CREDIT,Juan ,Juan ,0.00,14.07,,8/5/25 8:39 AM,8/5/25 8:18 AM
62,,CREDIT,Daniela,Daniela,0.00,4.64,,8/5/25 8:40 AM,8/5/25 8:40 AM
64,,CREDIT,Giselle,Giselle,0.00,7.44,,8/5/25 8:40 AM,8/5/25 8:40 AM
65,,CASH,Giselle,Giselle,0.00,9.16,Front Left,8/5/25 8:42 AM,8/5/25 8:42 AM
63,,CREDIT,Daniela,Daniela,0.00,10.15,,8/5/25 8:42 AM,8/5/25 8:40 AM
44,25,CREDIT,Juan ,Juan ,3.00,27.38,,8/5/25 8:46 AM,8/5/25 8:07 AM
60,,CREDIT,Giselle,Giselle,0.00,11.67,,8/5/25 8:49 AM,8/5/25 8:39 AM
40,35,CREDIT,Juan ,,5.00,10.26,,8/5/25 8:51 AM,8/5/25 7:58 AM
58,,CREDIT,Daniela,Daniela,0.00,17.37,,8/5/25 8:51 AM,8/5/25 8:50 AM
51,38,CREDIT,Silvia,,5.00,44.68,,8/5/25 8:52 AM,8/5/25 8:23 AM
70,,CREDIT,Giselle,Giselle,1.69,4.31,,8/5/25 8:52 AM,8/5/25 8:52 AM
72,,CREDIT,Daniela,Daniela,0.00,6.45,,8/5/25 8:56 AM,8/5/25 8:54 AM
73,,CASH,Daniela,Daniela,0.00,2.69,,8/5/25 8:59 AM,8/5/25 8:55 AM
61,7,CASH,Maria,Maria,0.00,2.15,,8/5/25 9:00 AM,8/5/25 8:40 AM
68,,CREDIT,Daniela,Daniela,0.00,12.60,,8/5/25 9:01 AM,8/5/25 8:57 AM
75,,CREDIT,Daniela,Daniela,0.00,15.76,,8/5/25 9:03 AM,8/5/25 8:59 AM
79,,CREDIT,Daniela,Daniela,0.00,3.41,,8/5/25 9:04 AM,8/5/25 9:03 AM
74,,CREDIT,Daniela,Daniela,2.00,10.69,,8/5/25 9:05 AM,8/5/25 9:00 AM
76,,CREDIT,Daniela,Daniela,0.00,10.79,,8/5/25 9:07 AM,8/5/25 9:00 AM
80,,CREDIT,Daniela,Daniela,0.00,4.31,,8/5/25 9:08 AM,8/5/25 9:05 AM
81,,CREDIT,Daniela,Daniela,0.00,4.31,,8/5/25 9:08 AM,8/5/25 9:05 AM
82,,CREDIT,Daniela,Daniela,0.00,5.39,,8/5/25 9:11 AM,8/5/25 9:10 AM
71,,CREDIT,Giselle,Giselle,3.00,30.95,,8/5/25 9:12 AM,8/5/25 8:54 AM
69,,CREDIT,Giselle,Giselle,0.00,7.11,,8/5/25 9:13 AM,8/5/25 8:51 AM
77,,CREDIT,Daniela,Daniela,0.00,14.04,,8/5/25 9:14 AM,8/5/25 9:14 AM
85,,CREDIT,Daniela,Daniela,0.00,5.39,,8/5/25 9:16 AM,8/5/25 9:14 AM
87,,CASH,Daniela,Daniela,0.00,7.77,,8/5/25 9:17 AM,8/5/25 9:16 AM
67,33,CREDIT,Silvia,Silvia,7.00,30.24,,8/5/25 9:20 AM,8/5/25 8:45 AM
88,,CREDIT,Daniela,Daniela,0.00,22.27,,8/5/25 9:20 AM,8/5/25 9:19 AM
89,,CREDIT,Daniela,Daniela,1.00,16.43,,8/5/25 9:22 AM,8/5/25 9:20 AM
86,,CASH,Daniela,Daniela,0.00,15.08,,8/5/25 9:26 AM,8/5/25 9:23 AM
90,,CREDIT,Daniela,Daniela,0.00,4.31,,8/5/25 9:27 AM,8/5/25 9:25 AM
93,,CASH,Daniela,Daniela,0.00,16.47,,8/5/25 9:29 AM,8/5/25 9:28 AM
92,,CREDIT,Giselle,Giselle,0.00,9.17,,8/5/25 9:33 AM,8/5/25 9:28 AM
94,,CREDIT,Daniela,Daniela,3.00,37.17,,8/5/25 9:35 AM,8/5/25 9:32 AM
83,24,CASH,Isabel,Isabel,0.00,14.05,,8/5/25 9:38 AM,8/5/25 9:10 AM
,,TIP_OUT,Silvia,Silvia,-12.00,0.00,House,8/5/25 9:38 AM,8/5/25 9:38 AM
95,,CREDIT,Daniela,Daniela,0.00,35.43,,8/5/25 9:39 AM,8/5/25 9:33 AM
96,,CREDIT,Daniela,Daniela,0.00,9.59,,8/5/25 9:41 AM,8/5/25 9:34 AM
98,,CREDIT,Daniela,Daniela,0.00,6.47,,8/5/25 9:42 AM,8/5/25 9:35 AM
101,,CREDIT,Daniela,Daniela,0.00,20.71,,8/5/25 9:45 AM,8/5/25 9:43 AM
105,,CREDIT,Daniela,Daniela,0.00,15.08,,8/5/25 9:47 AM,8/5/25 9:46 AM
106,,CASH,Daniela,Daniela,0.00,25.40,,8/5/25 9:53 AM,8/5/25 9:50 AM
111,,CASH,Giselle,Giselle,0.00,9.59,Front Left,8/5/25 9:55 AM,8/5/25 9:55 AM
100,32,CREDIT,Maria,Maria,4.00,14.69,,8/5/25 9:55 AM,8/5/25 9:39 AM
108,,CREDIT,Daniela,Daniela,2.00,9.49,,8/5/25 9:55 AM,8/5/25 9:51 AM
109,,CREDIT,Daniela,Daniela,0.00,12.34,,8/5/25 9:57 AM,8/5/25 9:52 AM
110,,CREDIT,Daniela,Daniela,0.00,27.03,,8/5/25 9:58 AM,8/5/25 9:53 AM
19001,7,CREDIT,Maria,Maria,0.00,30.51,,8/5/25 10:00 AM,8/5/25 9:00 AM
113,,CREDIT,Daniela,Daniela,0.00,14.85,,8/5/25 10:02 AM,8/5/25 9:56 AM
114,,CREDIT,Daniela,Daniela,1.00,9.98,,8/5/25 10:04 AM,8/5/25 9:58 AM
117,,CASH,Daniela,Daniela,0.00,38.93,,8/5/25 10:05 AM,8/5/25 10:01 AM
104,38,CREDIT,Isabel,Isabel,0.00,10.03,,8/5/25 10:09 AM,8/5/25 9:44 AM
118,,CASH,Daniela,Daniela,0.00,4.31,,8/5/25 10:10 AM,8/5/25 10:04 AM
120,,CASH,Daniela,Daniela,0.00,4.30,,8/5/25 10:11 AM,8/5/25 10:06 AM
91,,CASH,Daniela,Daniela,0.00,14.73,,8/5/25 10:13 AM,8/5/25 10:08 AM
123,,CASH,Daniela,Daniela,0.00,6.03,,8/5/25 10:13 AM,8/5/25 10:08 AM
126,,CREDIT,Daniela,Daniela,0.00,11.63,,8/5/25 10:15 AM,8/5/25 10:15 AM
116,18,CASH,Isabel,Isabel,0.00,19.62,,8/5/25 10:16 AM,8/5/25 10:00 AM
125,,CREDIT,Daniela,Daniela,0.00,12.92,,8/5/25 10:18 AM,8/5/25 10:16 AM
102,20,CREDIT,Maria,Maria,10.00,51.14,,8/5/25 10:20 AM,8/5/25 9:46 AM
130,,CREDIT,Daniela,Daniela,0.00,15.11,,8/5/25 10:22 AM,8/5/25 10:21 AM
131,,CREDIT,Daniela,Daniela,0.00,3.88,,8/5/25 10:24 AM,8/5/25 10:21 AM
132,,CREDIT,Daniela,Daniela,0.00,7.45,,8/5/25 10:25 AM,8/5/25 10:22 AM
133,,CASH,Daniela,Daniela,0.00,4.09,,8/5/25 10:26 AM,8/5/25 10:23 AM
84,25,CASH,Juan ,Juan ,0.00,10.76,,8/5/25 10:27 AM,8/5/25 9:12 AM
136,,CREDIT,Daniela,Daniela,0.00,24.59,,8/5/25 10:29 AM,8/5/25 10:28 AM
112,23,CASH,Isabel,Isabel,0.00,23.78,,8/5/25 10:31 AM,8/5/25 9:55 AM
119,33,CREDIT,Isabel,Isabel,3.00,12.28,,8/5/25 10:34 AM,8/5/25 10:05 AM
122,7,CREDIT,Maria,Maria,3.00,13.59,,8/5/25 10:35 AM,8/5/25 10:08 AM
115,7,CASH,Maria,Maria,0.00,13.81,,8/5/25 10:36 AM,8/5/25 10:00 AM
107,37,CREDIT,Maria,Maria,5.00,21.93,,8/5/25 10:37 AM,8/5/25 9:51 AM
128,,CREDIT,Daniela,Daniela,0.00,9.06,,8/5/25 10:37 AM,8/5/25 10:34 AM
103,21,CREDIT,Isabel,Isabel,4.00,18.65,,8/5/25 10:39 AM,8/5/25 9:44 AM
139,,CREDIT,Daniela,Daniela,2.00,9.70,,8/5/25 10:39 AM,8/5/25 10:34 AM
140,,CASH,Daniela,Daniela,0.00,14.66,,8/5/25 10:41 AM,8/5/25 10:36 AM
144,,CASH,Daniela,Daniela,0.00,2.15,,8/5/25 10:42 AM,8/5/25 10:37 AM
97,17,CREDIT,Isabel,Isabel,0.00,20.52,,8/5/25 10:45 AM,8/5/25 9:33 AM
149,,CASH,Daniela,Daniela,0.00,14.67,,8/5/25 10:45 AM,8/5/25 10:42 AM
151,,CREDIT,Daniela,Daniela,0.00,21.18,,8/5/25 10:50 AM,8/5/25 10:44 AM
134,,CREDIT,Isabel,Isabel,3.00,10.63,,8/5/25 10:50 AM,8/5/25 10:27 AM
135,18,CREDIT,Juan ,Juan ,5.00,30.97,,8/5/25 10:53 AM,8/5/25 10:28 AM
146,,CASH,Daniela,Daniela,0.00,2.15,,8/5/25 10:53 AM,8/5/25 10:46 AM
138,24,CREDIT,Juan ,Juan ,3.00,25.24,,8/5/25 10:54 AM,8/5/25 10:31 AM
152,,CREDIT,Daniela,Daniela,0.00,22.12,,8/5/25 10:54 AM,8/5/25 10:46 AM
155,,CREDIT,Daniela,Daniela,0.00,18.11,,8/5/25 10:56 AM,8/5/25 10:49 AM
158,,CREDIT,Daniela,Daniela,0.00,9.72,,8/5/25 10:57 AM,8/5/25 10:53 AM
142,7,CASH,Maria,Maria,0.00,11.01,,8/5/25 10:57 AM,8/5/25 10:36 AM
160,,CREDIT,Daniela,Daniela,0.00,5.39,,8/5/25 10:58 AM,8/5/25 10:57 AM
129,32,CREDIT,Maria,Giselle,2.00,18.38,,8/5/25 10:58 AM,8/5/25 10:18 AM
161,,CREDIT,Daniela,Daniela,0.00,6.04,,8/5/25 11:01 AM,8/5/25 10:59 AM
162,,CREDIT,Daniela,Daniela,0.00,20.82,,8/5/25 11:08 AM,8/5/25 11:07 AM
168,,CREDIT,Daniela,Daniela,0.00,31.58,,8/5/25 11:15 AM,8/5/25 11:15 AM
171,,CREDIT,Daniela,Daniela,0.00,41.89,,8/5/25 11:18 AM,8/5/25 11:16 AM
154,33,CREDIT,Maria,Maria,0.00,21.39,,8/5/25 11:20 AM,8/5/25 10:51 AM
148,23,CREDIT,Isabel,Isabel,3.00,12.97,,8/5/25 11:22 AM,8/5/25 10:40 AM
177,,CREDIT,Giselle,Giselle,1.00,10.12,,8/5/25 11:23 AM,8/5/25 11:22 AM
147,26,CREDIT,Juan ,Juan ,0.00,8.41,,8/5/25 11:23 AM,8/5/25 10:38 AM
172,,CREDIT,Daniela,Daniela,0.00,10.37,,8/5/25 11:25 AM,8/5/25 11:17 AM
141,,CASH,Zoila,Zoila,0.00,38.94,Front Left,8/5/25 11:25 AM,8/5/25 10:36 AM
159,39,CASH,Isabel,Isabel,0.00,11.99,,8/5/25 11:28 AM,8/5/25 10:56 AM
156,37,CREDIT,Isabel,,4.07,22.03,,8/5/25 11:29 AM,8/5/25 10:51 AM
153,,CREDIT,Daniela,Daniela,0.00,30.89,,8/5/25 11:29 AM,8/5/25 11:22 AM
178,,CREDIT,Daniela,Daniela,0.00,24.70,,8/5/25 11:30 AM,8/5/25 11:24 AM
182,,CASH,Daniela,Daniela,0.00,16.92,,8/5/25 11:33 AM,8/5/25 11:29 AM
184,,CREDIT,Daniela,Daniela,2.00,8.64,,8/5/25 11:34 AM,8/5/25 11:30 AM
167,24,CREDIT,Juan ,Juan ,4.00,20.23,,8/5/25 11:35 AM,8/5/25 11:08 AM
163,16,CASH,Juan ,Juan ,0.00,8.87,,8/5/25 11:35 AM,8/5/25 11:03 AM
185,,CREDIT,Daniela,Daniela,0.00,15.12,,8/5/25 11:36 AM,8/5/25 11:31 AM
170,9,CASH,Isabel,Isabel,0.00,17.04,,8/5/25 11:37 AM,8/5/25 11:13 AM
187,,CREDIT,Daniela,Daniela,0.00,10.46,,8/5/25 11:37 AM,8/5/25 11:34 AM
174,,CASH,Juan ,Giselle,0.00,9.72,Front Left,8/5/25 11:38 AM,8/5/25 11:22 AM
188,,CREDIT,Daniela,Daniela,0.00,4.09,,8/5/25 11:38 AM,8/5/25 11:35 AM
191,,CREDIT,Daniela,Daniela,0.00,7.33,,8/5/25 11:39 AM,8/5/25 11:36 AM
194,,CREDIT,Daniela,Daniela,0.00,5.39,,8/5/25 11:42 AM,8/5/25 11:39 AM
169,11,CREDIT,Maria,Giselle,8.00,44.91,,8/5/25 11:45 AM,8/5/25 11:14 AM
201,18,CASH,Isabel,Isabel,0.00,13.46,,8/5/25 11:48 AM,8/5/25 11:46 AM
165,18,CREDIT,Isabel,Isabel,0.00,16.23,,8/5/25 11:48 AM,8/5/25 11:07 AM
196,,CREDIT,Daniela,Daniela,0.00,16.84,,8/5/25 11:48 AM,8/5/25 11:48 AM
190,,CASH,Daniela,Daniela,0.00,18.34,,8/5/25 11:51 AM,8/5/25 11:36 AM
150,38,CREDIT,Maria,Maria,0.00,28.19,,8/5/25 11:51 AM,8/5/25 10:42 AM
150,38,CREDIT,Maria,Maria,0.00,28.19,,8/5/25 11:51 AM,8/5/25 10:42 AM
181,17,CREDIT,Isabel,Isabel,0.00,16.49,,8/5/25 11:56 AM,8/5/25 11:27 AM
176,,CREDIT,Daniela,Daniela,0.00,20.00,,8/5/25 11:57 AM,8/5/25 11:56 AM
176,,CREDIT,Daniela,Daniela,0.00,7.76,,8/5/25 11:57 AM,8/5/25 11:56 AM
183,23,CREDIT,Maria,Giselle,5.00,37.71,,8/5/25 11:58 AM,8/5/25 11:32 AM
175,7,CREDIT,Maria,Maria,5.00,30.70,,8/5/25 11:59 AM,8/5/25 11:26 AM
197,39,CREDIT,Maria,Giselle,0.00,26.92,,8/5/25 12:00 PM,8/5/25 11:42 AM
195,21,CREDIT,Isabel,Isabel,0.00,9.73,,8/5/25 12:00 PM,8/5/25 11:40 AM
204,,CREDIT,Daniela,Daniela,0.00,10.59,,8/5/25 12:02 PM,8/5/25 11:58 AM
164,15,CASH,Maria,Maria,0.00,45.19,,8/5/25 12:03 PM,8/5/25 11:05 AM
189,15,CASH,Juan ,Juan ,0.00,33.42,,8/5/25 12:04 PM,8/5/25 11:36 AM
205,,CASH,Daniela,Daniela,0.00,21.30,,8/5/25 12:04 PM,8/5/25 12:04 PM
173,4,CASH,Juan ,Juan ,0.00,35.57,,8/5/25 12:05 PM,8/5/25 11:21 AM
193,33,CREDIT,Maria,Giselle,0.00,26.47,,8/5/25 12:10 PM,8/5/25 11:40 AM
186,25,CREDIT,Isabel,Giselle,2.00,15.62,,8/5/25 12:13 PM,8/5/25 11:32 AM
208,,CREDIT,Daniela,Daniela,0.00,13.39,,8/5/25 12:13 PM,8/5/25 12:08 PM
200,24,CREDIT,Isabel,Giselle,3.76,31.24,,8/5/25 12:14 PM,8/5/25 11:43 AM
212,,CREDIT,Daniela,Daniela,0.00,22.90,,8/5/25 12:14 PM,8/5/25 12:11 PM
198,10,CASH,Isabel,Isabel,0.00,11.76,,8/5/25 12:16 PM,8/5/25 11:42 AM
192,37,CASH,Juan ,Juan ,0.00,18.05,,8/5/25 12:17 PM,8/5/25 11:37 AM
214,,CREDIT,Daniela,Daniela,0.00,10.59,,8/5/25 12:17 PM,8/5/25 12:12 PM
218,,CREDIT,Daniela,Daniela,0.00,7.87,,8/5/25 12:18 PM,8/5/25 12:14 PM
202,18,CREDIT,Juan ,Giselle,5.00,29.65,,8/5/25 12:21 PM,8/5/25 11:52 AM
221,,CREDIT,Daniela,Daniela,0.00,7.00,,8/5/25 12:21 PM,8/5/25 12:20 PM
199,22,CREDIT,Juan ,Juan ,0.00,25.50,,8/5/25 12:24 PM,8/5/25 11:43 AM
227,,CREDIT,Daniela,Daniela,0.00,3.24,,8/5/25 12:25 PM,8/5/25 12:25 PM
222,,CASH,Daniela,Daniela,0.00,14.06,,8/5/25 12:27 PM,8/5/25 12:21 PM
223,,CREDIT,Daniela,Daniela,0.00,14.13,,8/5/25 12:28 PM,8/5/25 12:21 PM
216,,CREDIT,Daniela,Daniela,0.00,10.76,,8/5/25 12:29 PM,8/5/25 12:22 PM
225,,CASH,Daniela,Daniela,0.00,5.40,,8/5/25 12:31 PM,8/5/25 12:23 PM
231,,CASH,Giselle,Giselle,0.00,3.24,Front Left,8/5/25 12:31 PM,8/5/25 12:30 PM
209,3,CREDIT,Juan ,Juan ,6.00,46.19,,8/5/25 12:31 PM,8/5/25 12:05 PM
229,,CREDIT,Daniela,Daniela,0.00,30.91,,8/5/25 12:32 PM,8/5/25 12:28 PM
215,17,CREDIT,Isabel,Isabel,6.00,32.11,,8/5/25 12:33 PM,8/5/25 12:12 PM
232,,CREDIT,Daniela,Daniela,3.00,7.88,,8/5/25 12:37 PM,8/5/25 12:30 PM
236,,CREDIT,Giselle,Giselle,0.00,18.90,,8/5/25 12:40 PM,8/5/25 12:40 PM
235,,CASH,Daniela,Daniela,0.00,24.93,,8/5/25 12:40 PM,8/5/25 12:39 PM
213,38,CREDIT,Maria,Maria,6.00,27.04,,8/5/25 12:42 PM,8/5/25 12:10 PM
237,,CREDIT,Daniela,Daniela,0.00,23.79,,8/5/25 12:43 PM,8/5/25 12:41 PM
207,15,CREDIT,Maria,Maria,0.00,27.72,,8/5/25 12:44 PM,8/5/25 12:03 PM
210,18,CASH,Maria,Maria,0.00,7.57,,8/5/25 12:44 PM,8/5/25 12:07 PM
203,36,CREDIT,Juan ,Juan ,0.00,19.65,,8/5/25 12:45 PM,8/5/25 11:55 AM
238,,CASH,Daniela,Daniela,0.00,15.14,,8/5/25 12:46 PM,8/5/25 12:43 PM
220,41,CREDIT,Isabel,Isabel,5.00,13.46,,8/5/25 12:47 PM,8/5/25 12:19 PM
224,26,CASH,Maria,Maria,0.00,19.13,,8/5/25 12:50 PM,8/5/25 12:22 PM
230,23,CREDIT,Isabel,Giselle,5.00,21.04,,8/5/25 12:51 PM,8/5/25 12:28 PM
228,33,CREDIT,Isabel,Giselle,5.00,31.31,,8/5/25 12:52 PM,8/5/25 12:27 PM
239,,CREDIT,Daniela,Daniela,2.00,6.80,,8/5/25 12:52 PM,8/5/25 12:43 PM
241,,CASH,Daniela,Daniela,0.00,28.73,,8/5/25 12:53 PM,8/5/25 12:47 PM
242,,CREDIT,Daniela,Daniela,0.00,6.46,,8/5/25 12:55 PM,8/5/25 12:52 PM
234,37,CREDIT,Juan ,Juan ,0.00,29.96,,8/5/25 12:58 PM,8/5/25 12:32 PM
217,32,CREDIT,Isabel,Isabel,5.00,31.50,,8/5/25 12:59 PM,8/5/25 12:13 PM
219,2,CREDIT,Juan ,Giselle,5.00,35.07,,8/5/25 1:08 PM,8/5/25 12:18 PM
240,18,CREDIT,Maria,Giselle,6.00,21.30,,8/5/25 1:14 PM,8/5/25 12:44 PM
240,18,CREDIT,Maria,Giselle,4.00,21.30,,8/5/25 1:14 PM,8/5/25 12:44 PM
243,38,CREDIT,Isabel,Isabel,4.00,27.02,,8/5/25 1:19 PM,8/5/25 12:57 PM
249,,CREDIT,Daniela,Daniela,0.00,14.06,,8/5/25 1:22 PM,8/5/25 1:22 PM
250,,CASH,Daniela,Daniela,0.00,5.94,,8/5/25 1:28 PM,8/5/25 1:27 PM
206,20,CREDIT,Isabel,Isabel,0.00,59.25,,8/5/25 1:29 PM,8/5/25 12:02 PM
251,,CREDIT,Daniela,Daniela,0.00,12.51,,8/5/25 1:36 PM,8/5/25 1:34 PM
253,,CREDIT,Daniela,Daniela,0.00,15.14,,8/5/25 1:41 PM,8/5/25 1:40 PM
245,24,CREDIT,Juan ,Juan ,4.00,34.52,,8/5/25 1:48 PM,8/5/25 1:16 PM
244,16,CASH,Juan ,Juan ,0.00,10.33,,8/5/25 1:49 PM,8/5/25 1:15 PM
248,36,CREDIT,Juan ,Juan ,2.00,9.73,,8/5/25 1:52 PM,8/5/25 1:20 PM
256,36,CREDIT,Juan ,Juan ,2.00,18.65,,8/5/25 1:53 PM,8/5/25 1:51 PM
259,31,CREDIT,Isabel,,1.80,9.73,,8/5/25 1:54 PM,8/5/25 1:53 PM
258,31,CREDIT,Isabel,,2.00,14.69,,8/5/25 1:54 PM,8/5/25 1:53 PM
257,31,CREDIT,Isabel,,1.95,18.05,,8/5/25 1:55 PM,8/5/25 1:53 PM
246,31,CREDIT,Isabel,Isabel,3.00,15.63,,8/5/25 1:56 PM,8/5/25 1:17 PM
,,CASH_COLLECTED,Daniela,Daniela,0.00,430.23*,House,8/5/25 1:58 PM,8/5/25 1:58 PM
,,TIP_OUT,Daniela,Daniela,-22.00,0.00,House,8/5/25 1:58 PM,8/5/25 1:58 PM
,,CASH_COLLECTED,Maria,Maria,0.00,98.86*,House,8/5/25 2:02 PM,8/5/25 2:02 PM
,,TIP_OUT,Maria,Maria,-58.00,0.00,House,8/5/25 2:02 PM,8/5/25 2:02 PM
,,TIP_OUT,Giselle,Giselle,-5.69,0.00,House,8/5/25 2:02 PM,8/5/25 2:02 PM
,,CASH_COLLECTED,Isabel,Isabel,0.00,111.70*,House,8/5/25 2:05 PM,8/5/25 2:05 PM
,,TIP_OUT,Isabel,Isabel,-61.58,0.00,House,8/5/25 2:05 PM,8/5/25 2:05 PM
254,23,CREDIT,Juan ,Juan ,0.00,43.48,,8/5/25 2:07 PM,8/5/25 1:38 PM
262,,CREDIT,Rosie ,Rosie ,2.00,15.21,,8/5/25 2:08 PM,8/5/25 2:05 PM
263,,CASH,Rosie ,Rosie ,0.00,6.47,Drive Box,8/5/25 2:11 PM,8/5/25 2:09 PM
252,25,CASH,Juan ,Juan ,0.00,30.44,,8/5/25 2:11 PM,8/5/25 1:34 PM
264,,CREDIT,Rosie ,Rosie ,0.00,10.09,,8/5/25 2:15 PM,8/5/25 2:11 PM
266,,CREDIT,Rosie ,Rosie ,0.00,9.28,,8/5/25 2:16 PM,8/5/25 2:12 PM
267,,CREDIT,Rosie ,Rosie ,3.00,9.71,,8/5/25 2:19 PM,8/5/25 2:15 PM
268,,CREDIT,Rosie ,Rosie ,10.00,7.46,,8/5/25 2:21 PM,8/5/25 2:17 PM
270,,CREDIT,Rosie ,Rosie ,1.00,6.75,,8/5/25 2:28 PM,8/5/25 2:27 PM
271,,CREDIT,Rosie ,Rosie ,2.00,11.67,,8/5/25 2:29 PM,8/5/25 2:28 PM
261,7,CREDIT,Juan ,Juan ,9.00,54.03,,8/5/25 2:33 PM,8/5/25 1:59 PM
269,23,CREDIT,Sergio,Sergio,5.00,20.95,,8/5/25 2:37 PM,8/5/25 2:21 PM
274,,CASH,Rosie ,Rosie ,0.00,10.81,Drive Box,8/5/25 2:40 PM,8/5/25 2:40 PM
265,18,CREDIT,Juan ,Juan ,5.00,34.01,,8/5/25 2:45 PM,8/5/25 2:11 PM
275,,CREDIT,Rosie ,Rosie ,0.00,7.75,,8/5/25 2:48 PM,8/5/25 2:44 PM
280,,CREDIT,Rosie ,Rosie ,0.00,32.41,,8/5/25 3:02 PM,8/5/25 2:58 PM
273,32,CREDIT,Sergio,Sergio,1.00,14.06,,8/5/25 3:05 PM,8/5/25 2:38 PM
284,,CREDIT,Rosie ,Rosie ,2.00,14.47,,8/5/25 3:06 PM,8/5/25 3:06 PM
278,,CREDIT,Juan ,Juan ,1.00,10.00,,8/5/25 3:09 PM,8/5/25 2:52 PM
283,,CASH,Rosie ,Rosie ,0.00,24.20,Drive Box,8/5/25 3:11 PM,8/5/25 3:04 PM
279,33,CASH,Juan ,Juan ,0.00,15.14,,8/5/25 3:12 PM,8/5/25 2:55 PM
272,25,CREDIT,Juan ,Juan ,1.95,22.05,,8/5/25 3:13 PM,8/5/25 2:32 PM
260,17,CASH,Juan ,Juan ,0.00,36.44,,8/5/25 3:16 PM,8/5/25 1:58 PM
276,3,CREDIT,Juan ,Juan ,10.00,18.47,,8/5/25 3:18 PM,8/5/25 2:49 PM
277,24,CASH,Sergio,Sergio,0.00,15.97,,8/5/25 3:19 PM,8/5/25 2:49 PM
281,7,CREDIT,Juan ,Juan ,0.00,7.03,,8/5/25 3:20 PM,8/5/25 2:57 PM
288,,CASH,Rosie ,Rosie ,0.00,17.47,Drive Box,8/5/25 3:25 PM,8/5/25 3:24 PM
286,37,CREDIT,Sergio,Sergio,0.00,14.11,,8/5/25 3:29 PM,8/5/25 3:12 PM
290,,CASH,Rosie ,Rosie ,0.00,13.23,Drive Box,8/5/25 3:29 PM,8/5/25 3:25 PM
291,,CREDIT,Rosie ,Rosie ,0.00,14.04,,8/5/25 3:32 PM,8/5/25 3:27 PM
295,,CREDIT,Rosie ,Rosie ,0.00,28.87,,8/5/25 3:34 PM,8/5/25 3:33 PM
299,,CREDIT,Rosie ,Rosie ,1.00,11.89,,8/5/25 4:09 PM,8/5/25 4:05 PM
300,,CASH,Rosie ,Rosie ,0.00,19.13,Drive Box,8/5/25 4:13 PM,8/5/25 4:08 PM
293,33,CREDIT,Sergio,Sergio,3.62,18.38,,8/5/25 4:14 PM,8/5/25 3:28 PM
294,32,CASH,Juan ,Juan ,0.00,39.96,,8/5/25 4:15 PM,8/5/25 3:28 PM
301,,CREDIT,Rosie ,Rosie ,0.00,20.30,,8/5/25 4:16 PM,8/5/25 4:12 PM
297,7,CREDIT,Sergio,Sergio,5.00,13.40,,8/5/25 4:18 PM,8/5/25 3:56 PM
303,,CASH,Rosie ,Rosie ,0.00,3.24,Drive Box,8/5/25 4:22 PM,8/5/25 4:20 PM
304,,CASH,Rosie ,Rosie ,0.00,10.80,Drive Box,8/5/25 4:27 PM,8/5/25 4:26 PM
296,16,CASH,Juan ,Juan ,0.00,27.66,,8/5/25 4:31 PM,8/5/25 3:52 PM
302,26,CASH,Juan ,Juan ,0.00,6.69,,8/5/25 4:32 PM,8/5/25 4:18 PM
298,41,CASH,Sergio,Sergio,0.00,36.75,,8/5/25 4:39 PM,8/5/25 4:04 PM
305,,CASH,Rosie ,Rosie ,0.00,14.58,Drive Box,8/5/25 4:39 PM,8/5/25 4:37 PM
306,,CASH,Rosie ,Rosie ,0.00,9.17,Drive Box,8/5/25 4:44 PM,8/5/25 4:38 PM
307,,CREDIT,Rosie ,Rosie ,0.00,23.77,,8/5/25 4:47 PM,8/5/25 4:40 PM
308,,CREDIT,Rosie ,Rosie ,0.00,11.29,,8/5/25 4:50 PM,8/5/25 4:41 PM
310,,CREDIT,Lizeth,Lizeth,0.00,30.88,,8/5/25 4:55 PM,8/5/25 4:55 PM
311,,CASH,Lizeth,Lizeth,0.00,14.47,Drive Box,8/5/25 5:05 PM,8/5/25 5:04 PM
312,,CREDIT,Lizeth,Lizeth,2.00,14.06,,8/5/25 5:10 PM,8/5/25 5:09 PM
309,24,CREDIT,Sergio,Sergio,5.00,35.41,,8/5/25 5:30 PM,8/5/25 4:44 PM
157,,CASH,Juan ,Juan ,0.00,16.74,,8/5/25 5:32 PM,8/5/25 10:52 AM
316,,CREDIT,Lizeth,Lizeth,0.00,30.17,,8/5/25 5:44 PM,8/5/25 5:44 PM
313,,CREDIT,Lizeth,Lizeth,0.00,29.20,,8/5/25 5:49 PM,8/5/25 5:30 PM
317,,CREDIT,Lizeth,Lizeth,0.00,6.90,,8/5/25 6:00 PM,8/5/25 5:59 PM
314,35,CREDIT,Sergio,Sergio,0.00,40.38,,8/5/25 6:07 PM,8/5/25 5:34 PM
315,42,CREDIT,Sergio,Sergio,3.00,27.29,,8/5/25 6:07 PM,8/5/25 5:42 PM
318,42,CASH,Sergio,Sergio,0.00,7.99,,8/5/25 6:09 PM,8/5/25 6:06 PM
319,,CREDIT,Lizeth,Lizeth,0.00,20.84,,8/5/25 6:14 PM,8/5/25 6:11 PM
326,,CREDIT,Lizeth,Lizeth,0.00,26.98,,8/5/25 6:34 PM,8/5/25 6:33 PM
328,,CREDIT,Lizeth,Lizeth,2.00,19.88,,8/5/25 6:43 PM,8/5/25 6:36 PM
324,25,CASH,Juan ,Juan ,0.00,21.04,,8/5/25 6:45 PM,8/5/25 6:19 PM
320,33,CREDIT,Sergio,Sergio,5.00,22.59,,8/5/25 6:45 PM,8/5/25 6:12 PM
323,32,CASH,Sergio,Sergio,0.00,18.26,,8/5/25 6:46 PM,8/5/25 6:17 PM
330,,CASH,Lizeth,Lizeth,0.00,8.85,Drive Box,8/5/25 6:46 PM,8/5/25 6:38 PM
322,36,CREDIT,Juan ,Juan ,20.00,48.32,,8/5/25 6:47 PM,8/5/25 6:15 PM
332,,CASH,Lizeth,Lizeth,0.00,27.19,Drive Box,8/5/25 6:48 PM,8/5/25 6:41 PM
336,,CREDIT,Lizeth,Lizeth,0.00,19.04,,8/5/25 6:53 PM,8/5/25 6:50 PM
329,39,CREDIT,Sergio,Sergio,5.00,18.87,,8/5/25 7:02 PM,8/5/25 6:35 PM
327,38,CREDIT,Juan ,Juan ,5.00,35.13,,8/5/25 7:06 PM,8/5/25 6:34 PM
333,,CREDIT,Rosie ,Rosie ,2.02,12.98,,8/5/25 7:09 PM,8/5/25 6:42 PM
339,,CASH,Lizeth,Lizeth,0.00,25.96,Drive Box,8/5/25 7:11 PM,8/5/25 7:10 PM
325,37,CREDIT,Sergio,Sergio,14.00,71.38,,8/5/25 7:15 PM,8/5/25 6:31 PM
331,7,CASH,Sergio,Sergio,0.00,34.88,,8/5/25 7:16 PM,8/5/25 6:39 PM
342,,CASH,Lizeth,Lizeth,0.00,15.88,Drive Box,8/5/25 7:19 PM,8/5/25 7:12 PM
338,32,CREDIT,Juan ,Juan ,5.00,38.06,,8/5/25 7:24 PM,8/5/25 6:54 PM
344,,CREDIT,Lizeth,Lizeth,0.00,8.52,,8/5/25 7:26 PM,8/5/25 7:26 PM
340,36,CASH,Sergio,Sergio,0.00,16.58,,8/5/25 7:28 PM,8/5/25 7:02 PM
345,,CREDIT,Lizeth,Lizeth,0.00,11.90,,8/5/25 7:33 PM,8/5/25 7:32 PM
337,41,CREDIT,Sergio,Sergio,7.00,32.44,,8/5/25 7:34 PM,8/5/25 6:53 PM
335,24,CREDIT,Juan ,Juan ,10.00,51.11,,8/5/25 7:45 PM,8/5/25 6:42 PM
343,33,CREDIT,Juan ,Juan ,10.00,42.18,,8/5/25 7:49 PM,8/5/25 7:19 PM
349,,CASH,Lizeth,Lizeth,0.00,10.00,Drive Box,8/5/25 8:06 PM,8/5/25 8:04 PM
349,,CREDIT,Lizeth,Lizeth,0.00,10.20,,8/5/25 8:06 PM,8/5/25 8:04 PM
350,,CREDIT,Juan ,Juan ,5.00,12.49,,8/5/25 8:16 PM,8/5/25 8:05 PM
348,25,CREDIT,Juan ,Juan ,8.00,35.14,,8/5/25 8:17 PM,8/5/25 7:48 PM
346,31,CASH,Sergio,Sergio,0.00,107.37,,8/5/25 8:22 PM,8/5/25 7:36 PM
351,31,CASH,Sergio,Sergio,0.00,14.06,,8/5/25 8:22 PM,8/5/25 8:06 PM
352,,CASH,Lizeth,Lizeth,0.00,2.86,Drive Box,8/5/25 8:34 PM,8/5/25 8:32 PM
352,,CREDIT,Lizeth,Lizeth,0.00,2.00,,8/5/25 8:34 PM,8/5/25 8:32 PM
341,,CREDIT,Juan ,Juan ,6.00,37.22,,8/5/25 8:36 PM,8/5/25 7:12 PM
353,,CASH,Lizeth,Lizeth,0.00,20.36,Drive Box,8/5/25 8:37 PM,8/5/25 8:35 PM
347,7,CREDIT,Juan ,Juan ,8.00,45.35,,8/5/25 8:50 PM,8/5/25 7:41 PM
,,CASH_COLLECTED,Sergio,Sergio,0.00,251.86*,House,8/5/25 8:57 PM,8/5/25 8:57 PM
,,TIP_OUT,Sergio,Sergio,-53.62,0.00,House,8/5/25 8:57 PM,8/5/25 8:57 PM
,,CASH_COLLECTED,Juan ,Juan ,0.00,337.96*,House,8/5/25 9:00 PM,8/5/25 9:00 PM
,,TIP_OUT,Juan ,Juan ,-162.95,0.00,House,8/5/25 9:00 PM,8/5/25 9:00 PM
,,TIP_OUT,Lizeth,Lizeth,-4.00,0.00,House,8/5/25 9:05 PM,8/5/25 9:05 PM
,,TIP_OUT,Rosie ,Rosie ,-23.02,0.00,House,8/5/25 9:09 PM,8/5/25 9:09 PM
,,CLOSE_OUT_EXACT,Rosie ,,0.00,0.00,Front Left,8/5/25 9:10 PM,8/5/25 9:10 PM
,,CLOSE_OUT_EXACT,Rosie ,,0.00,0.00,Drive Box,8/5/25 9:10 PM,8/5/25 9:10 PM
,,TOTAL,,,0.00,5890.45,,,
