Employee,Job Title,In Date,Out Date,Auto Clock-out,Total Hours,Unpaid Break Time,Paid Break Time,Payable Hours
"Aviles, Genaro",Cook,8/5/25 5:28 AM,8/5/25 9:03 PM,No,15.59,0.00,0.00,15.59
"Diaz, Diego",Cook,8/5/25 5:28 AM,8/5/25 2:06 PM,No,8.63,0.00,0.00,8.63
"Torres, Daniela",Drive-Thru,8/5/25 6:02 AM,8/5/25 2:02 PM,No,7.99,0.00,0.00,7.99
"Dominguez, Jose ",Cook,8/5/25 6:03 AM,8/5/25 8:47 PM,No,14.73,0.00,0.00,14.73
"Camacho, Juan ",Server,8/5/25 6:15 AM,8/5/25 9:27 PM,No,15.21,0.00,0.00,15.21
"Gonzales (Line) , Maria",Cook,8/5/25 6:53 AM,8/5/25 2:00 PM,No,7.13,0.00,0.00,7.13
"Brito, Victor ",Regular,8/5/25 7:03 AM,8/5/25 2:58 PM,No,7.90,0.00,0.00,7.90
"Salinas, Zoila",Manager S.,8/5/25 7:28 AM,8/5/25 2:04 PM,No,6.60,0.00,0.00,6.60
"Hernandez, Silvia",Server,8/5/25 7:53 AM,8/5/25 9:38 AM,No,1.74,0.00,0.00,1.74
"Cisneross, Giselle",Host,8/5/25 7:54 AM,8/5/25 2:00 PM,No,6.10,0.00,0.00,6.10
"Majana, Maria",Server,8/5/25 7:54 AM,8/5/25 2:02 PM,No,6.12,0.00,0.00,6.12
"Cisneros, Isabel",Server,8/5/25 7:56 AM,8/5/25 3:03 PM,No,7.10,0.00,0.00,7.10
"Rueda, Jonathan",Busser,8/5/25 8:57 AM,8/5/25 2:03 PM,No,5.10,0.00,0.00,5.10
"Gonzalez, Maria ",Tortillero,8/5/25 1:43 PM,8/5/25 9:11 PM,No,7.47,0.00,0.00,7.47
"Abundiz, Sergio",Server,8/5/25 1:44 PM,8/5/25 9:25 PM,No,7.69,0.00,0.00,7.69
"Benavides , Nelalber ",Tortillero,8/5/25 1:50 PM,8/5/25 9:17 PM,No,7.45,0.00,0.00,7.45
"ORDONEZ, Rosie ",Shift Manager / Assistant Manager,8/5/25 2:02 PM,8/5/25 9:24 PM,No,7.37,0.00,0.00,7.37
"Rueda, Jonathan",Busser,8/5/25 4:12 PM,8/5/25 8:09 PM,No,3.95,0.00,0.00,3.95
"Alonso, Lizeth",Host,8/5/25 4:52 PM,8/5/25 9:08 PM,No,4.26,0.00,0.00,4.26
