Employee,Job Title,Regular Hours,Overtime Hours,Hourly Rate,Regular Pay,Overtime Pay,Total Pay,Net Sales,Declared Tips,Non-Cash Tips,Total Tips,Tips Withheld,Total Gratuity,Employee ID,Job Code,Location,Location Code
"Aragon, Brianna",Host,4.3,0.0,11.00,47.30,0.00,47.30,78.03,0.00,4.00,4.00,0.00,0.00,,,12060 Potranco Road,
"Aragon, Cecilia",Tortillera,7.09,0.0,13.00,92.17,0.00,92.17,0.00,,0.00,0.00,0.00,0.00,,,12060 Potranco Road,
"Barton, Arion",Cook,4.38,0.0,13.00,56.94,0.00,56.94,0.00,,0.00,0.00,0.00,0.00,,,12060 Potranco Road,
"Cabrera, Sugey",Server,8.17,0.0,3.00,24.51,0.00,24.51,945.38,0.00,105.18,105.18,0.00,33.15,,,12060 Potranco Road,
"Cardenas, Salvador",Cook,5.46,3.3,15.00,81.90,74.25,156.15,0.00,,0.00,0.00,0.00,0.00,,,12060 Potranco Road,
"Del Angel, Candy",Shift Manager / Assistant Manager,6.51,0.0,,,,,0.00,,0.00,0.00,0.00,0.00,,,12060 Potranco Road,
"GUTIERREZ, ERIC",Cook,6.97,0.0,16.00,111.52,0.00,111.52,0.00,,0.00,0.00,0.00,0.00,,,12060 Potranco Road,
"Garcia, Enriqueta",Chef,7.94,0.0,,,,,0.00,,0.00,0.00,0.00,0.00,,,12060 Potranco Road,
"Garcia, Lizbeth",Server,8.26,0.0,3.00,24.78,0.00,24.78,628.72,1.00,89.61,90.61,0.00,0.00,,,12060 Potranco Road,
"Jacobo, Angelique",Server,4.97,0.0,3.00,14.91,0.00,14.91,327.09,5.00,59.00,64.00,0.00,0.00,,,12060 Potranco Road,
"Jimenez, Mario",Driver,6.72,0.0,14.00,94.08,0.00,94.08,491.92,0.00,15.03,15.03,0.00,0.00,,,12060 Potranco Road,
"Lino Santana, David ",Prep,2.65,6.62,15.00,39.75,148.95,188.70,0.00,,0.00,0.00,0.00,0.00,,,12060 Potranco Road,
"Martínez , Angelica ",Server,7.42,0.0,,,,,437.07,5.00,72.33,77.33,0.00,0.00,,,12060 Potranco Road,
"Morales, Carlos",Busser,6.1,0.0,11.00,67.10,0.00,67.10,0.00,,0.00,0.00,0.00,0.00,,,12060 Potranco Road,
"Roman, Leticia",Server,6.87,0.0,3.00,20.61,0.00,20.61,426.70,0.00,43.16,43.16,0.00,0.00,,,12060 Potranco Road,
"Rosales, Elsa",Tortillera,5.59,0.0,13.00,72.67,0.00,72.67,0.00,,0.00,0.00,0.00,0.00,,,12060 Potranco Road,
"Salinas, Zoila",General Manager,13.32,0.0,,,,,54.59,0.00,0.00,0.00,0.00,0.00,,,12060 Potranco Road,
"Sanchez, Emanuel",Server,7.2,0.0,3.00,21.60,0.00,21.60,520.78,5.00,73.03,78.03,0.00,0.00,,,12060 Potranco Road,
"Urena, Melissa ",Host,7.3,0.64,12.00,87.60,11.52,99.12,1328.44,0.00,66.06,66.06,0.00,0.00,,,12060 Potranco Road,
"Vega, Estela",Tortillera,2.92,6.55,15.00,43.80,147.38,191.18,0.00,,0.00,0.00,0.00,0.00,,,12060 Potranco Road,
"Velasquez, Lisa",Server,6.95,0.0,3.00,20.85,0.00,20.85,443.86,5.00,66.87,71.87,0.00,0.00,,,12060 Potranco Road,
"vanenzuela, felix",Cook,6.9,0.0,,,,,0.00,,0.00,0.00,0.00,0.00,,,12060 Potranco Road,
"velasquez, maximilioano",Busser,4.1,0.0,12.00,49.20,0.00,49.20,0.00,,0.00,0.00,0.00,0.00,,,12060 Potranco Road,
