Location,Order #,Opened Date,Server,Table,Discount Name,Discount Reason,Comment,Discount Amount
Sandra's Cuisine - Potranco - 12060 Potranco Road,199,10/22/25 7:06 PM,Mario Jimenez,,Reward Dollars,,,5.25
Sandra's Cuisine - Potranco - 12060 Potranco Road,189,10/22/25 6:44 PM,Sugey Cabrera,4,Open $ Check,,,4.00
Sandra's Cuisine - Potranco - 12060 Potranco Road,189,10/22/25 6:44 PM,Sugey Cabrera,4,Open % Item,,,1.20
Sandra's Cuisine - Potranco - 12060 Potranco Road,189,10/22/25 6:44 PM,Sugey Cabrera,4,Open % Item,,,1.40
Sandra's Cuisine - Potranco - 12060 Potranco Road,171,10/22/25 5:49 PM,Sugey Cabrera,14,Open $ Check,,,8.00
Sandra's Cuisine - Potranco - 12060 Potranco Road,164,10/22/25 4:54 PM,Mario Jimenez,,Open % Check,,,0.20
Sandra's Cuisine - Potranco - 12060 Potranco Road,158,10/22/25 4:31 PM,Sugey Cabrera,,Employee Discount - Check,Employee Discount,Employee,17.99
Sandra's Cuisine - Potranco - 12060 Potranco Road,142,10/22/25 2:13 PM,Mario Jimenez,,Open % Check,,,5.70
Sandra's Cuisine - Potranco - 12060 Potranco Road,129,10/22/25 1:38 PM,Melissa  Urena,,Open % Item,,,0.40
Sandra's Cuisine - Potranco - 12060 Potranco Road,98,10/22/25 11:44 AM,Emanuel Sanchez,37,Open % Item,,,0.20
Sandra's Cuisine - Potranco - 12060 Potranco Road,98,10/22/25 11:44 AM,Emanuel Sanchez,37,Open % Item,,,0.18
Sandra's Cuisine - Potranco - 12060 Potranco Road,97,10/22/25 11:41 AM,Lizbeth Garcia,4,Open % Item,,,1.10
Sandra's Cuisine - Potranco - 12060 Potranco Road,94,10/22/25 11:28 AM,Melissa  Urena,,Open % Item,,,1.80
Sandra's Cuisine - Potranco - 12060 Potranco Road,94,10/22/25 11:28 AM,Melissa  Urena,,Open % Item,,,0.44
Sandra's Cuisine - Potranco - 12060 Potranco Road,90,10/22/25 11:21 AM,Emanuel Sanchez,30,Reward Dollars,,,6.00
Sandra's Cuisine - Potranco - 12060 Potranco Road,41,10/22/25 9:13 AM,Candy Del Angel,,Employee Discount - Check,Employee Discount,Employee,25.16
Sandra's Cuisine - Potranco - 12060 Potranco Road,38,10/22/25 9:08 AM,Lizbeth Garcia,,Open % Check,,,1.58
Sandra's Cuisine - Potranco - 12060 Potranco Road,25,10/22/25 8:29 AM,Melissa  Urena,,Open % Item,,,0.20
Sandra's Cuisine - Potranco - 12060 Potranco Road,25,10/22/25 8:29 AM,Melissa  Urena,,Open % Item,,,0.20
Sandra's Cuisine - Potranco - 12060 Potranco Road,25,10/22/25 8:29 AM,Melissa  Urena,,Open % Item,,,0.20
Sandra's Cuisine - Potranco - 12060 Potranco Road,20,10/22/25 8:19 AM,Emanuel Sanchez,,Reward Dollars,,,4.98
