Location,Order #,Opened,# of Guests,Server,Table,Discount Amount,Amount,Tax,Tip,Gratuity
12060 Potranco Road,1,10/22/25 6:21 AM,1,Melissa  Urena,,0.00,5.49,0.45,0.00,0.00
12060 Potranco Road,4,10/22/25 7:03 AM,1,Melissa  Urena,,0.00,5.37,0.44,1.00,0.00
12060 Potranco Road,6,10/22/25 7:25 AM,1,Melissa  Urena,,0.00,6.28,0.51,1.00,0.00
12060 Potranco Road,8,10/22/25 7:28 AM,2,Lizbeth Garcia,4,0.00,25.46,2.10,0.00,0.00
12060 Potranco Road,9,10/22/25 7:41 AM,1,Melissa  Urena,,0.00,2.29,0.19,1.00,0.00
12060 Potranco Road,10,10/22/25 7:41 AM,1,Melissa  Urena,,0.00,6.87,0.57,1.00,0.00
12060 Potranco Road,11,10/22/25 7:44 AM,2,Lizbeth Garcia,16,0.00,4.88,0.41,0.00,0.00
12060 Potranco Road,12,10/22/25 7:50 AM,1,Melissa  Urena,,0.00,6.88,0.56,0.00,0.00
12060 Potranco Road,13,10/22/25 7:50 AM,1,Melissa  Urena,,0.00,6.57,0.53,0.00,0.00
12060 Potranco Road,14,10/22/25 7:57 AM,2,Lizbeth Garcia,1,0.00,19.36,1.60,5.00,0.00
12060 Potranco Road,15,10/22/25 8:07 AM,1,Melissa  Urena,,0.00,5.37,0.44,0.00,0.00
12060 Potranco Road,16,10/22/25 8:09 AM,1,Melissa  Urena,,0.00,7.68,0.63,0.00,0.00
12060 Potranco Road,18,10/22/25 8:12 AM,1,Lizbeth Garcia,18,0.00,6.48,0.54,3.00,0.00
12060 Potranco Road,19,10/22/25 8:13 AM,33,Emanuel Sanchez,7,0.00,29.43,2.43,4.41,0.00
12060 Potranco Road,17,10/22/25 8:10 AM,1,Melissa  Urena,,0.00,3.98,0.33,0.00,0.00
12060 Potranco Road,21,10/22/25 8:19 AM,1,Melissa  Urena,,0.00,6.57,0.54,3.00,0.00
12060 Potranco Road,20,10/22/25 8:19 AM,1,Emanuel Sanchez,,4.98,0.00,0.00,0.00,0.00
12060 Potranco Road,22,10/22/25 8:21 AM,1,Melissa  Urena,,0.00,8.56,0.71,0.00,0.00
12060 Potranco Road,23,10/22/25 8:22 AM,1,Melissa  Urena,,0.00,3.98,0.32,0.00,0.00
12060 Potranco Road,24,10/22/25 8:28 AM,1,Melissa  Urena,,0.00,6.68,0.55,0.00,0.00
12060 Potranco Road,25,10/22/25 8:29 AM,1,Melissa  Urena,,0.60,27.84,2.29,0.00,0.00
12060 Potranco Road,26,10/22/25 8:33 AM,1,Melissa  Urena,,0.00,2.99,0.25,0.00,0.00
12060 Potranco Road,27,10/22/25 8:41 AM,1,Melissa  Urena,,0.00,8.56,0.71,0.00,0.00
12060 Potranco Road,28,10/22/25 8:44 AM,1,Melissa  Urena,,0.00,6.27,0.51,3.00,0.00
12060 Potranco Road,29,10/22/25 8:45 AM,1,Melissa  Urena,,0.00,11.16,0.92,1.00,0.00
12060 Potranco Road,30,10/22/25 8:51 AM,1,Melissa  Urena,,0.00,10.26,0.84,0.00,0.00
12060 Potranco Road,32,10/22/25 8:54 AM,2,Emanuel Sanchez,22,0.00,30.46,2.52,0.00,0.00
12060 Potranco Road,31,10/22/25 8:52 AM,1,Melissa  Urena,,0.00,5.97,0.50,0.00,0.00
12060 Potranco Road,34,10/22/25 9:00 AM,1,Melissa  Urena,,0.00,8.96,0.74,0.00,0.00
12060 Potranco Road,33,10/22/25 9:00 AM,2,Lizbeth Garcia,26,0.00,27.72,2.28,5.00,0.00
12060 Potranco Road,35,10/22/25 9:05 AM,1,Melissa  Urena,,0.00,14.86,1.22,0.00,0.00
12060 Potranco Road,36,10/22/25 9:08 AM,1,Melissa  Urena,,0.00,0.00,0.00,0.00,0.00
12060 Potranco Road,37,10/22/25 9:08 AM,1,Melissa  Urena,,0.00,9.78,0.81,3.00,0.00
12060 Potranco Road,39,10/22/25 9:09 AM,1,Melissa  Urena,,0.00,9.23,0.76,3.00,0.00
12060 Potranco Road,38,10/22/25 9:08 AM,1,Lizbeth Garcia,,1.58,14.27,1.17,0.00,0.00
12060 Potranco Road,40,10/22/25 9:11 AM,1,Melissa  Urena,,0.00,5.57,0.46,0.00,0.00
12060 Potranco Road,41,10/22/25 9:13 AM,1,Candy Del Angel,,25.16,0.00,0.00,0.00,0.00
12060 Potranco Road,42,10/22/25 9:22 AM,1,Melissa  Urena,,0.00,22.34,1.85,2.00,0.00
12060 Potranco Road,43,10/22/25 9:28 AM,1,Melissa  Urena,,0.00,4.58,0.38,0.00,0.00
12060 Potranco Road,44,10/22/25 9:28 AM,1,Melissa  Urena,,0.00,4.58,0.38,3.00,0.00
12060 Potranco Road,45,10/22/25 9:36 AM,1,Melissa  Urena,,0.00,3.18,0.26,0.00,0.00
12060 Potranco Road,46,10/22/25 9:36 AM,1,Melissa  Urena,,0.00,14.55,1.20,0.00,0.00
12060 Potranco Road,47,10/22/25 9:36 AM,1,Melissa  Urena,,0.00,12.66,1.05,0.00,0.00
12060 Potranco Road,48,10/22/25 9:41 AM,1,Melissa  Urena,,0.00,10.74,0.89,0.00,0.00
12060 Potranco Road,49,10/22/25 9:42 AM,1,Melissa  Urena,,0.00,0.00,0.00,0.00,0.00
12060 Potranco Road,50,10/22/25 9:42 AM,1,Melissa  Urena,,0.00,24.04,1.98,0.00,0.00
12060 Potranco Road,51,10/22/25 9:42 AM,1,Melissa  Urena,,0.00,4.89,0.40,0.00,0.00
12060 Potranco Road,52,10/22/25 9:45 AM,1,Melissa  Urena,,0.00,17.28,1.42,2.00,0.00
12060 Potranco Road,53,10/22/25 9:48 AM,1,Melissa  Urena,,0.00,36.69,3.02,0.00,0.00
12060 Potranco Road,55,10/22/25 9:52 AM,1,Melissa  Urena,,0.00,16.27,1.34,0.00,0.00
12060 Potranco Road,56,10/22/25 9:57 AM,1,Melissa  Urena,,0.00,17.55,1.45,5.00,0.00
12060 Potranco Road,57,10/22/25 9:57 AM,2,Emanuel Sanchez,23,0.00,16.65,1.36,3.66,0.00
12060 Potranco Road,58,10/22/25 10:00 AM,1,Melissa  Urena,,0.00,5.18,0.43,0.00,0.00
12060 Potranco Road,59,10/22/25 10:04 AM,1,Melissa  Urena,,0.00,15.14,1.26,0.00,0.00
12060 Potranco Road,61,10/22/25 10:13 AM,2,Adrian Morales,26,0.00,9.67,0.79,0.00,0.00
12060 Potranco Road,62,10/22/25 10:21 AM,1,Emanuel Sanchez,,0.00,24.21,2.00,0.00,0.00
12060 Potranco Road,63,10/22/25 10:26 AM,1,Melissa  Urena,,0.00,29.33,2.42,0.00,0.00
12060 Potranco Road,64,10/22/25 10:35 AM,1,Melissa  Urena,,0.00,20.56,1.69,0.00,0.00
12060 Potranco Road,65,10/22/25 10:37 AM,1,Melissa  Urena,,0.00,0.00,0.00,0.00,0.00
12060 Potranco Road,66,10/22/25 10:39 AM,1,Melissa  Urena,,0.00,4.39,0.36,0.00,0.00
12060 Potranco Road,67,10/22/25 10:43 AM,1,Melissa  Urena,,0.00,4.99,0.41,0.00,0.00
12060 Potranco Road,68,10/22/25 10:45 AM,3,Lizbeth Garcia,15,0.00,36.82,3.04,10.00,0.00
12060 Potranco Road,69,10/22/25 10:49 AM,1,Melissa  Urena,,0.00,9.15,0.75,0.00,0.00
12060 Potranco Road,70,10/22/25 10:49 AM,1,Melissa  Urena,,0.00,0.00,0.00,0.00,0.00
12060 Potranco Road,71,10/22/25 10:50 AM,1,Melissa  Urena,,0.00,19.14,1.57,0.00,0.00
12060 Potranco Road,72,10/22/25 10:55 AM,2,Adrian Morales,34,0.00,6.77,0.56,2.67,0.00
12060 Potranco Road,73,10/22/25 10:56 AM,1,Melissa  Urena,,0.00,3.58,0.30,0.00,0.00
12060 Potranco Road,74,10/22/25 10:57 AM,1,Melissa  Urena,,0.00,8.27,0.68,2.00,0.00
12060 Potranco Road,75,10/22/25 10:57 AM,1,Candy Del Angel,,0.00,6.57,0.53,0.00,0.00
12060 Potranco Road,76,10/22/25 11:02 AM,1,Melissa  Urena,,0.00,5.48,0.46,2.00,0.00
12060 Potranco Road,77,10/22/25 11:03 AM,1,Melissa  Urena,,0.00,7.76,0.64,0.00,0.00
12060 Potranco Road,78,10/22/25 11:04 AM,1,Melissa  Urena,,0.00,4.78,0.40,1.00,0.00
12060 Potranco Road,79,10/22/25 11:04 AM,2,Lizbeth Garcia,25,0.00,18.96,1.56,12.00,0.00
12060 Potranco Road,80,10/22/25 11:06 AM,2,Emanuel Sanchez,14,0.00,37.75,3.11,5.00,0.00
12060 Potranco Road,81,10/22/25 11:09 AM,1,Melissa  Urena,,0.00,7.67,0.63,0.00,0.00
12060 Potranco Road,83,10/22/25 11:10 AM,1,Melissa  Urena,,0.00,9.07,0.75,0.00,0.00
12060 Potranco Road,84,10/22/25 11:10 AM,1,Melissa  Urena,,0.00,3.58,0.30,0.00,0.00
12060 Potranco Road,85,10/22/25 11:11 AM,1,Melissa  Urena,,0.00,0.00,0.00,0.00,0.00
12060 Potranco Road,86,10/22/25 11:12 AM,1,Melissa  Urena,,0.00,22.10,1.83,3.00,0.00
12060 Potranco Road,87,10/22/25 11:14 AM,3,Adrian Morales,3,0.00,22.25,1.83,6.00,0.00
12060 Potranco Road,88,10/22/25 11:17 AM,1,Melissa  Urena,,0.00,10.99,0.91,5.00,0.00
12060 Potranco Road,91,10/22/25 11:23 AM,1,Lizbeth Garcia,2,0.00,19.62,1.62,5.00,0.00
12060 Potranco Road,92,10/22/25 11:26 AM,2,Adrian Morales,15,0.00,65.89,5.45,0.31,0.00
12060 Potranco Road,93,10/22/25 11:28 AM,1,Melissa  Urena,,0.00,9.98,0.82,0.00,0.00
12060 Potranco Road,90,10/22/25 11:21 AM,4,Emanuel Sanchez,30,6.00,63.41,5.27,10.41,0.00
12060 Potranco Road,94,10/22/25 11:28 AM,1,Melissa  Urena,,2.24,21.34,1.77,0.00,0.00
12060 Potranco Road,95,10/22/25 11:33 AM,1,Melissa  Urena,,0.00,14.03,1.16,0.00,0.00
12060 Potranco Road,96,10/22/25 11:38 AM,1,Melissa  Urena,,0.00,7.56,0.63,0.00,0.00
12060 Potranco Road,97,10/22/25 11:41 AM,2,Lizbeth Garcia,4,1.10,30.38,2.51,0.00,0.00
12060 Potranco Road,99,10/22/25 11:50 AM,1,Melissa  Urena,,0.00,10.90,0.90,0.00,0.00
12060 Potranco Road,100,10/22/25 11:52 AM,1,Melissa  Urena,,0.00,2.79,0.23,0.00,0.00
12060 Potranco Road,101,10/22/25 11:56 AM,1,Melissa  Urena,,0.00,4.28,0.35,0.00,0.00
12060 Potranco Road,98,10/22/25 11:44 AM,7,Emanuel Sanchez,37,0.38,106.18,8.77,15.00,21.31
12060 Potranco Road,102,10/22/25 12:07 PM,1,Melissa  Urena,,0.00,19.96,1.64,0.00,0.00
12060 Potranco Road,103,10/22/25 12:07 PM,1,Melissa  Urena,,0.00,0.00,0.00,0.00,0.00
12060 Potranco Road,104,10/22/25 12:10 PM,2,Emanuel Sanchez,7,0.00,35.26,2.90,7.05,0.00
12060 Potranco Road,105,10/22/25 12:17 PM,1,Melissa  Urena,,0.00,7.77,0.64,0.00,0.00
12060 Potranco Road,106,10/22/25 12:21 PM,2,Adrian Morales,34,0.00,31.73,2.61,5.00,0.00
12060 Potranco Road,107,10/22/25 12:23 PM,1,Lizbeth Garcia,5,0.00,1.99,0.16,0.00,0.00
12060 Potranco Road,108,10/22/25 12:23 PM,1,Melissa  Urena,,0.00,19.98,1.65,0.00,0.00
12060 Potranco Road,110,10/22/25 12:30 PM,1,Lizbeth Garcia,4,0.00,3.58,0.30,0.00,0.00
12060 Potranco Road,111,10/22/25 12:31 PM,3,Emanuel Sanchez,27,0.00,0.00,0.00,0.00,0.00
12060 Potranco Road,113,10/22/25 12:36 PM,1,Candy Del Angel,,0.00,7.16,0.59,0.00,0.00
12060 Potranco Road,112,10/22/25 12:35 PM,3,Emanuel Sanchez,27,0.00,48.93,4.04,0.00,0.00
12060 Potranco Road,114,10/22/25 12:37 PM,2,Adrian Morales,16,0.00,31.96,2.64,2.00,0.00
12060 Potranco Road,115,10/22/25 12:42 PM,2,Lizbeth Garcia,21,0.00,27.55,2.27,0.00,0.00
12060 Potranco Road,109,10/22/25 12:24 PM,1,Melissa  Urena,,0.00,7.47,0.62,1.12,0.00
12060 Potranco Road,116,10/22/25 12:46 PM,1,Melissa  Urena,,0.00,10.96,0.90,0.00,0.00
12060 Potranco Road,118,10/22/25 12:57 PM,3,Emanuel Sanchez,22,0.00,43.95,3.63,5.28,0.00
12060 Potranco Road,119,10/22/25 12:59 PM,2,Adrian Morales,26,0.00,49.96,4.12,9.99,0.00
12060 Potranco Road,120,10/22/25 1:04 PM,1,Melissa  Urena,,0.00,9.47,0.78,0.00,0.00
12060 Potranco Road,121,10/22/25 1:07 PM,1,Melissa  Urena,,0.00,15.53,1.29,0.00,0.00
12060 Potranco Road,122,10/22/25 1:08 PM,1,Melissa  Urena,,0.00,15.04,1.23,0.00,0.00
12060 Potranco Road,124,10/22/25 1:11 PM,2,Emanuel Sanchez,3,0.00,38.53,3.18,0.00,0.00
12060 Potranco Road,125,10/22/25 1:20 PM,1,Melissa  Urena,,0.00,9.35,0.77,0.00,0.00
12060 Potranco Road,126,10/22/25 1:22 PM,4,Lizbeth Garcia,29,0.00,28.45,2.34,5.00,0.00
12060 Potranco Road,129,10/22/25 1:38 PM,1,Melissa  Urena,,0.40,3.58,0.30,0.00,0.00
12060 Potranco Road,130,10/22/25 1:47 PM,1,Melissa  Urena,,0.00,11.27,0.93,0.00,0.00
12060 Potranco Road,131,10/22/25 1:48 PM,1,Melissa  Urena,,0.00,10.48,0.86,0.00,0.00
12060 Potranco Road,132,10/22/25 1:54 PM,1,Melissa  Urena,,0.00,17.38,1.43,2.00,0.00
12060 Potranco Road,135,10/22/25 2:08 PM,1,Mario Jimenez,,0.00,10.98,0.91,0.00,0.00
12060 Potranco Road,136,10/22/25 2:09 PM,1,Mario Jimenez,,0.00,11.28,0.93,0.00,0.00
12060 Potranco Road,138,10/22/25 2:10 PM,1,Mario Jimenez,,0.00,23.25,1.91,0.00,0.00
12060 Potranco Road,139,10/22/25 2:11 PM,1,Mario Jimenez,,0.00,19.76,1.63,0.00,0.00
12060 Potranco Road,142,10/22/25 2:13 PM,1,Mario Jimenez,,5.70,13.29,1.10,0.00,0.00
12060 Potranco Road,141,10/22/25 2:12 PM,1,Emanuel Sanchez,5,0.00,22.97,1.90,0.00,0.00
12060 Potranco Road,144,10/22/25 2:30 PM,1,Mario Jimenez,,0.00,4.78,0.39,0.00,0.00
12060 Potranco Road,145,10/22/25 3:06 PM,1,Emanuel Sanchez,1,0.00,3.99,0.33,2.00,0.00
12060 Potranco Road,146,10/22/25 3:09 PM,1,Mario Jimenez,,0.00,5.97,0.49,1.31,0.00
12060 Potranco Road,147,10/22/25 3:35 PM,1,Mario Jimenez,,0.00,12.99,1.07,0.00,0.00
12060 Potranco Road,140,10/22/25 2:12 PM,1,Mario Jimenez,,0.00,4.49,0.37,0.00,0.00
12060 Potranco Road,148,10/22/25 3:39 PM,2,Sugey Cabrera,3,0.00,20.45,1.68,0.00,0.00
12060 Potranco Road,150,10/22/25 3:43 PM,1,Sugey Cabrera,16,0.00,6.37,0.52,3.00,0.00
12060 Potranco Road,149,10/22/25 3:41 PM,1,Mario Jimenez,,0.00,2.39,0.20,0.00,0.00
12060 Potranco Road,151,10/22/25 3:45 PM,1,Mario Jimenez,,0.00,36.94,3.05,0.00,0.00
12060 Potranco Road,152,10/22/25 4:02 PM,1,Mario Jimenez,,0.00,27.97,2.30,0.00,0.00
12060 Potranco Road,154,10/22/25 4:12 PM,1,Sugey Cabrera,3,0.00,1.99,0.16,5.00,0.00
12060 Potranco Road,156,10/22/25 4:13 PM,3,Sugey Cabrera,14,0.00,42.52,3.51,5.97,0.00
12060 Potranco Road,157,10/22/25 4:18 PM,1,Mario Jimenez,,0.00,15.49,1.28,0.00,0.00
12060 Potranco Road,158,10/22/25 4:31 PM,1,Sugey Cabrera,,17.99,0.00,0.00,0.00,0.00
12060 Potranco Road,160,10/22/25 4:38 PM,1,Sugey Cabrera,,0.00,26.97,2.23,0.00,0.00
12060 Potranco Road,161,10/22/25 4:41 PM,1,Mario Jimenez,,0.00,13.98,1.15,0.00,0.00
12060 Potranco Road,162,10/22/25 4:42 PM,1,Mario Jimenez,,0.00,9.99,0.82,0.00,0.00
12060 Potranco Road,159,10/22/25 4:37 PM,1,Mario Jimenez,,0.00,9.97,0.82,2.19,0.00
12060 Potranco Road,166,10/22/25 5:07 PM,2,Brianna Aragon,5,0.00,33.76,2.79,0.00,0.00
12060 Potranco Road,167,10/22/25 5:23 PM,3,Sugey Cabrera,16,0.00,48.64,4.00,7.00,0.00
12060 Potranco Road,168,10/22/25 5:26 PM,1,Sugey Cabrera,15,0.00,11.37,0.94,2.50,0.00
12060 Potranco Road,169,10/22/25 5:40 PM,2,Brianna Aragon,21,0.00,20.36,1.68,0.00,0.00
12060 Potranco Road,170,10/22/25 5:46 PM,1,Brianna Aragon,,0.00,17.35,1.42,2.00,0.00
12060 Potranco Road,171,10/22/25 5:49 PM,2,Sugey Cabrera,14,8.00,31.96,2.63,8.00,0.00
12060 Potranco Road,164,10/22/25 4:54 PM,1,Mario Jimenez,,0.20,1.79,0.15,0.00,0.00
12060 Potranco Road,174,10/22/25 6:04 PM,1,Mario Jimenez,,0.00,24.97,2.06,3.75,0.00
12060 Potranco Road,173,10/22/25 6:02 PM,1,Brianna Aragon,,0.00,9.99,0.82,0.00,0.00
12060 Potranco Road,177,10/22/25 6:10 PM,1,Mario Jimenez,,0.00,61.95,5.11,12.39,0.00
12060 Potranco Road,172,10/22/25 6:01 PM,1,Mario Jimenez,,0.00,30.73,2.54,0.00,0.00
12060 Potranco Road,179,10/22/25 6:14 PM,2,Brianna Aragon,12,0.00,34.72,2.86,15.00,0.00
12060 Potranco Road,181,10/22/25 6:23 PM,2,Brianna Aragon,31,0.00,42.00,3.45,5.00,0.00
12060 Potranco Road,182,10/22/25 6:25 PM,2,Sugey Cabrera,15,0.00,9.35,0.78,1.87,0.00
12060 Potranco Road,184,10/22/25 6:38 PM,1,Sugey Cabrera,1,0.00,18.03,1.49,0.00,0.00
12060 Potranco Road,183,10/22/25 6:34 PM,1,Mario Jimenez,,0.00,15.16,1.24,0.00,0.00
12060 Potranco Road,186,10/22/25 6:40 PM,1,Sugey Cabrera,,0.00,28.23,2.33,0.00,0.00
12060 Potranco Road,188,10/22/25 6:44 PM,1,Brianna Aragon,25,0.00,18.68,1.54,5.78,0.00
12060 Potranco Road,185,10/22/25 6:40 PM,1,Mario Jimenez,,0.00,49.24,4.05,0.00,0.00
12060 Potranco Road,190,10/22/25 6:46 PM,1,Mario Jimenez,,0.00,13.74,1.13,0.00,0.00
12060 Potranco Road,189,10/22/25 6:44 PM,5,Sugey Cabrera,4,6.60,74.56,6.17,8.00,0.00
12060 Potranco Road,191,10/22/25 6:47 PM,1,Mario Jimenez,,0.00,13.27,1.09,1.99,0.00
12060 Potranco Road,193,10/22/25 6:57 PM,1,Mario Jimenez,,0.00,5.58,0.46,0.00,0.00
12060 Potranco Road,196,10/22/25 6:59 PM,5,Sugey Cabrera,2,0.00,75.18,6.20,15.04,0.00
12060 Potranco Road,195,10/22/25 6:59 PM,4,Brianna Aragon,17,0.00,69.62,5.75,0.00,0.00
12060 Potranco Road,197,10/22/25 7:01 PM,1,Mario Jimenez,,0.00,14.08,1.16,0.00,0.00
12060 Potranco Road,199,10/22/25 7:06 PM,1,Mario Jimenez,,5.25,34.94,2.88,8.84,0.00
12060 Potranco Road,200,10/22/25 7:19 PM,1,Mario Jimenez,,0.00,11.99,0.99,0.00,0.00
12060 Potranco Road,201,10/22/25 8:50 PM,1,Mario Jimenez,,0.00,15.76,1.29,3.47,0.00
12060 Potranco Road,203,10/22/25 8:51 PM,1,Sugey Cabrera,,0.00,15.58,1.28,0.00,0.00
