Location,Server,Check #,Table,Station,Expediter Level,Fired Date,Fulfilled Date,Fulfillment Time,Fulfilled By
2919 Blanco Rd,AM CASHIER,26,,,1,10/22/25 6:58 AM,10/22/25 7:35 AM,37 minutes and 10 seconds,AM CASHIER
2919 Blanco Rd,AM CASHIER,4,,,1,10/22/25 6:10 AM,10/22/25 7:35 AM,"1 hour, 25 minutes and 4 seconds",AM CASHIER
2919 Blanco Rd,Maria  Salazar,5,17,,1,10/22/25 6:05 AM,10/22/25 7:35 AM,"1 hour, 30 minutes and 6 seconds",AM CASHIER
2919 Blanco Rd,AM CASHIER,10,,,1,10/22/25 6:25 AM,10/22/25 7:35 AM,"1 hour, 10 minutes and 1 second",AM CASHIER
2919 Blanco Rd,AM CASHIER,9,,,1,10/22/25 6:11 AM,10/22/25 7:35 AM,"1 hour, 24 minutes and 19 seconds",AM CASHIER
2919 Blanco Rd,Sami Martinez ,37,3,,1,10/22/25 7:15 AM,10/22/25 7:35 AM,19 minutes and 39 seconds,AM CASHIER
2919 Blanco Rd,Maria  Salazar,44,6,,1,10/22/25 7:30 AM,10/22/25 7:35 AM,5 minutes and 5 seconds,AM CASHIER
2919 Blanco Rd,Maria  Salazar,28,19,,1,10/22/25 7:01 AM,10/22/25 7:35 AM,34 minutes and 29 seconds,AM CASHIER
2919 Blanco Rd,AM CASHIER,18,,,1,10/22/25 6:50 AM,10/22/25 7:35 AM,45 minutes and 3 seconds,AM CASHIER
2919 Blanco Rd,AM CASHIER,36,,,1,10/22/25 7:11 AM,10/22/25 7:35 AM,23 minutes and 58 seconds,AM CASHIER
2919 Blanco Rd,Maria  Salazar,40,5,,1,10/22/25 7:18 AM,10/22/25 7:35 AM,16 minutes and 48 seconds,AM CASHIER
2919 Blanco Rd,AM CASHIER,58,,,1,10/22/25 7:46 AM,10/22/25 7:50 AM,3 minutes and 50 seconds,AM CASHIER
2919 Blanco Rd,Sami Martinez ,48,17,,1,10/22/25 7:33 AM,10/22/25 7:50 AM,17 minutes and 23 seconds,AM CASHIER
2919 Blanco Rd,AM CASHIER,51,,,1,10/22/25 7:37 AM,10/22/25 7:50 AM,13 minutes and 15 seconds,AM CASHIER
2919 Blanco Rd,Sami Martinez ,48,17,,1,10/22/25 7:45 AM,10/22/25 7:50 AM,4 minutes and 50 seconds,AM CASHIER
2919 Blanco Rd,AM CASHIER,64,,,1,10/22/25 7:53 AM,10/22/25 8:21 AM,27 minutes and 17 seconds,AM CASHIER
2919 Blanco Rd,AM CASHIER,66,,,1,10/22/25 7:58 AM,10/22/25 8:21 AM,23 minutes and 8 seconds,AM CASHIER
2919 Blanco Rd,AM CASHIER,75,,,1,10/22/25 8:06 AM,10/22/25 8:21 AM,15 minutes,AM CASHIER
2919 Blanco Rd,Maria  Salazar,78,18,,1,10/22/25 8:08 AM,10/22/25 8:21 AM,12 minutes and 55 seconds,AM CASHIER
2919 Blanco Rd,Sami Martinez ,91,14,,1,10/22/25 8:23 AM,10/22/25 9:19 AM,56 minutes and 4 seconds,AM CASHIER
2919 Blanco Rd,Maria  Salazar,105,6,,1,10/22/25 8:45 AM,10/22/25 9:19 AM,34 minutes and 33 seconds,AM CASHIER
2919 Blanco Rd,AM CASHIER,112,,,1,10/22/25 9:02 AM,10/22/25 9:19 AM,17 minutes and 17 seconds,AM CASHIER
2919 Blanco Rd,AM CASHIER,93,,,1,10/22/25 8:25 AM,10/22/25 9:19 AM,54 minutes and 16 seconds,AM CASHIER
2919 Blanco Rd,AM CASHIER,119,,,1,10/22/25 9:09 AM,10/22/25 9:19 AM,9 minutes and 45 seconds,AM CASHIER
2919 Blanco Rd,AM CASHIER,110,,,1,10/22/25 8:59 AM,10/22/25 9:19 AM,20 minutes and 29 seconds,AM CASHIER
2919 Blanco Rd,Sami Martinez ,122,17,,1,10/22/25 9:10 AM,10/22/25 9:19 AM,8 minutes and 52 seconds,AM CASHIER
2919 Blanco Rd,Maria  Salazar,129,8,,1,10/22/25 9:18 AM,10/22/25 9:25 AM,6 minutes and 12 seconds,AM CASHIER
2919 Blanco Rd,AM CASHIER,147,,,1,10/22/25 9:51 AM,10/22/25 10:06 AM,15 minutes and 37 seconds,AM CASHIER
2919 Blanco Rd,Maria  Salazar,141,19,,1,10/22/25 9:39 AM,10/22/25 10:06 AM,27 minutes and 21 seconds,AM CASHIER
2919 Blanco Rd,AM CASHIER,144,,,1,10/22/25 9:42 AM,10/22/25 10:06 AM,23 minutes and 48 seconds,AM CASHIER
2919 Blanco Rd,AM CASHIER,144,,,1,10/22/25 9:45 AM,10/22/25 10:06 AM,21 minutes and 19 seconds,AM CASHIER
2919 Blanco Rd,Maria  Salazar,133,5,,1,10/22/25 9:28 AM,10/22/25 10:06 AM,38 minutes and 39 seconds,AM CASHIER
2919 Blanco Rd,Sami Martinez ,137,4,,1,10/22/25 9:35 AM,10/22/25 10:06 AM,31 minutes and 10 seconds,AM CASHIER
2919 Blanco Rd,Sami Martinez ,150,3,,1,10/22/25 9:52 AM,10/22/25 10:06 AM,14 minutes and 49 seconds,AM CASHIER
2919 Blanco Rd,AM CASHIER,151,,,1,10/22/25 9:53 AM,10/22/25 10:07 AM,13 minutes and 48 seconds,AM CASHIER
2919 Blanco Rd,Maria  Salazar,152,6,,1,10/22/25 9:54 AM,10/22/25 10:07 AM,12 minutes and 51 seconds,AM CASHIER
2919 Blanco Rd,Sami Martinez ,159,17,,1,10/22/25 10:06 AM,10/22/25 11:31 AM,"1 hour, 25 minutes and 23 seconds",AM CASHIER
2919 Blanco Rd,Maria  Salazar,172,5,,1,10/22/25 10:25 AM,10/22/25 11:31 AM,"1 hour, 6 minutes and 54 seconds",AM CASHIER
2919 Blanco Rd,AM CASHIER,167,,,1,10/22/25 10:21 AM,10/22/25 11:31 AM,"1 hour, 10 minutes and 4 seconds",AM CASHIER
2919 Blanco Rd,Sami Martinez ,150,3,,1,10/22/25 10:08 AM,10/22/25 11:31 AM,"1 hour, 23 minutes and 53 seconds",AM CASHIER
2919 Blanco Rd,Maria  Salazar,172,5,,1,10/22/25 10:26 AM,10/22/25 11:31 AM,"1 hour, 5 minutes and 50 seconds",AM CASHIER
2919 Blanco Rd,AM CASHIER,175,,,1,10/22/25 10:30 AM,10/22/25 11:32 AM,"1 hour, 1 minute and 42 seconds",AM CASHIER
2919 Blanco Rd,AM CASHIER,174,,,1,10/22/25 10:29 AM,10/22/25 11:32 AM,"1 hour, 2 minutes and 22 seconds",AM CASHIER
2919 Blanco Rd,Sami Martinez ,183,7,,1,10/22/25 11:09 AM,10/22/25 11:32 AM,22 minutes and 26 seconds,AM CASHIER
2919 Blanco Rd,AM CASHIER,186,,,1,10/22/25 11:14 AM,10/22/25 11:32 AM,17 minutes and 55 seconds,AM CASHIER
2919 Blanco Rd,Sami Martinez ,183,7,,1,10/22/25 11:11 AM,10/22/25 11:32 AM,20 minutes and 55 seconds,AM CASHIER
2919 Blanco Rd,Maria  Salazar,190,11,,1,10/22/25 11:17 AM,10/22/25 11:32 AM,14 minutes and 43 seconds,AM CASHIER
2919 Blanco Rd,samantha lopez,203,,,1,10/22/25 11:59 AM,10/22/25 12:14 PM,14 minutes and 45 seconds,AM CASHIER
2919 Blanco Rd,Maria  Salazar,193,2,,1,10/22/25 11:22 AM,10/22/25 12:14 PM,51 minutes and 20 seconds,AM CASHIER
2919 Blanco Rd,AM CASHIER,198,,,1,10/22/25 11:36 AM,10/22/25 12:14 PM,37 minutes and 47 seconds,AM CASHIER
2919 Blanco Rd,Sami Martinez ,192,5,,1,10/22/25 11:23 AM,10/22/25 12:14 PM,50 minutes and 23 seconds,AM CASHIER
2919 Blanco Rd,Sami Martinez ,201,25,,1,10/22/25 11:45 AM,10/22/25 12:14 PM,28 minutes and 27 seconds,AM CASHIER
2919 Blanco Rd,samantha lopez,218,,,1,10/22/25 12:55 PM,10/22/25 1:15 PM,19 minutes and 12 seconds,AM CASHIER
2919 Blanco Rd,samantha lopez,212,,,1,10/22/25 12:25 PM,10/22/25 1:15 PM,50 minutes,AM CASHIER
2919 Blanco Rd,Sami Martinez ,209,8,,1,10/22/25 12:09 PM,10/22/25 1:15 PM,"1 hour, 5 minutes and 45 seconds",AM CASHIER
2919 Blanco Rd,AM CASHIER,205,,,1,10/22/25 12:12 PM,10/22/25 1:15 PM,"1 hour, 2 minutes and 45 seconds",AM CASHIER
2919 Blanco Rd,Sami Martinez ,214,6,,1,10/22/25 12:44 PM,10/22/25 1:15 PM,30 minutes and 44 seconds,AM CASHIER
2919 Blanco Rd,AM CASHIER,219,,,1,10/22/25 12:56 PM,10/22/25 1:15 PM,18 minutes and 45 seconds,AM CASHIER
2919 Blanco Rd,Sami Martinez ,231,3,,1,10/22/25 1:21 PM,10/22/25 1:23 PM,2 minutes and 57 seconds,AM CASHIER
2919 Blanco Rd,Sami Martinez ,240,5,,1,10/22/25 2:06 PM,10/22/25 2:25 PM,18 minutes and 53 seconds,AM CASHIER
2919 Blanco Rd,samantha lopez,236,,,1,10/22/25 1:49 PM,10/22/25 2:25 PM,35 minutes and 51 seconds,AM CASHIER
2919 Blanco Rd,Sami Martinez ,234,4,,1,10/22/25 1:28 PM,10/22/25 2:25 PM,56 minutes and 24 seconds,AM CASHIER
2919 Blanco Rd,Sami Martinez ,232,12,,1,10/22/25 1:25 PM,10/22/25 2:25 PM,59 minutes and 38 seconds,AM CASHIER
2919 Blanco Rd,Sami Martinez ,237,2,,1,10/22/25 1:55 PM,10/22/25 2:25 PM,29 minutes and 49 seconds,AM CASHIER
2919 Blanco Rd,Sami Martinez ,245,3,,1,10/22/25 2:53 PM,10/22/25 2:56 PM,2 minutes and 30 seconds,AM CASHIER
2919 Blanco Rd,Sami Martinez ,245,3,,1,10/22/25 2:34 PM,10/22/25 2:56 PM,22 minutes and 8 seconds,AM CASHIER
2919 Blanco Rd,Sami Martinez ,248,8,,1,10/22/25 2:48 PM,10/22/25 2:56 PM,8 minutes and 12 seconds,AM CASHIER
2919 Blanco Rd,Sami Martinez ,241,1,,1,10/22/25 2:23 PM,10/22/25 2:56 PM,32 minutes and 31 seconds,AM CASHIER
2919 Blanco Rd,Sami Martinez ,245,3,,1,10/22/25 3:02 PM,10/22/25 3:14 PM,12 minutes and 8 seconds,AM CASHIER
2919 Blanco Rd,AM CASHIER,251,,,1,10/22/25 3:03 PM,10/22/25 3:14 PM,11 minutes and 28 seconds,AM CASHIER
2919 Blanco Rd,AM CASHIER,259,,,1,10/22/25 3:13 PM,10/22/25 3:36 PM,22 minutes and 52 seconds,AM CASHIER
2919 Blanco Rd,AM CASHIER,262,,,1,10/22/25 3:16 PM,10/22/25 3:36 PM,19 minutes and 40 seconds,AM CASHIER
2919 Blanco Rd,Sami Martinez ,265,6,,1,10/22/25 3:36 PM,10/22/25 4:00 PM,24 minutes and 1 second,AM CASHIER
2919 Blanco Rd,AM CASHIER,267,,,1,10/22/25 3:42 PM,10/22/25 4:00 PM,17 minutes and 29 seconds,AM CASHIER
2919 Blanco Rd,AM CASHIER,269,,,1,10/22/25 3:50 PM,10/22/25 4:00 PM,9 minutes and 47 seconds,AM CASHIER
2919 Blanco Rd,samantha lopez,271,,,1,10/22/25 3:59 PM,10/22/25 4:00 PM,1 minute and 17 seconds,AM CASHIER
2919 Blanco Rd,AM CASHIER,274,,,1,10/22/25 4:14 PM,10/22/25 4:23 PM,9 minutes and 19 seconds,AM CASHIER
2919 Blanco Rd,AM CASHIER,274,,,1,10/22/25 4:12 PM,10/22/25 4:23 PM,11 minutes and 34 seconds,AM CASHIER
2919 Blanco Rd,AM CASHIER,281,,,1,10/22/25 4:30 PM,10/22/25 5:12 PM,42 minutes and 15 seconds,AM CASHIER
2919 Blanco Rd,Sami Martinez ,276,14,,1,10/22/25 4:44 PM,10/22/25 5:12 PM,28 minutes and 39 seconds,AM CASHIER
2919 Blanco Rd,Sami Martinez ,287,7,,1,10/22/25 5:06 PM,10/22/25 5:13 PM,6 minutes and 11 seconds,AM CASHIER
2919 Blanco Rd,AM CASHIER,296,,,1,10/22/25 5:57 PM,10/22/25 7:51 PM,"1 hour, 53 minutes and 51 seconds",AM CASHIER
2919 Blanco Rd,Sami Martinez ,310,6,,1,10/22/25 7:49 PM,10/22/25 7:51 PM,1 minute and 51 seconds,AM CASHIER
