Employee,Job Title,Regular Hours,Overtime Hours,Hourly Rate,Regular Pay,Overtime Pay,Total Pay,Net Sales,Declared Tips,Non-Cash Tips,Total Tips,Tips Withheld,Total Gratuity,Employee ID,Job Code,Location,Location Code
"CASHIER, AM",General Manager,11.55,10.78,,,,,515.52,0.00,11.50,11.50,0.00,0.00,,,2919 Blanco Rd,
"Franco , Eduardo ",Cook,13.68,0.0,14.00,191.52,0.00,191.52,0.00,,0.00,0.00,0.00,0.00,,,2919 Blanco Rd,
"Hernandez, Fidelia ",Cook,8.57,0.0,14.00,119.98,0.00,119.98,0.00,,0.00,0.00,0.00,0.00,,,2919 Blanco Rd,
"Martinez , Sami",Server,13.4,0.0,3.00,40.20,0.00,40.20,561.04,,39.00,39.00,0.00,0.00,,,2919 Blanco Rd,
"Melendez, Ninoska",Tortillero/a,6.96,0.0,13.00,90.48,0.00,90.48,0.00,,0.00,0.00,0.00,0.00,,,2919 Blanco Rd,
"Pena , Vilma",Cook,8.12,0.0,14.00,113.68,0.00,113.68,0.00,,0.00,0.00,0.00,0.00,,,2919 Blanco Rd,
"Salazar, Maria ",Shift Manager / Assistant Manager,7.43,0.0,,,,,246.06,,16.00,16.00,0.00,0.00,,,2919 Blanco Rd,
"Villalobos , Veronica ",Cook,8.47,0.0,14.00,118.58,0.00,118.58,0.00,,0.00,0.00,0.00,0.00,,,2919 Blanco Rd,
"lopez, samantha",Drive-Thru,13.379999999999999,0.0,13.00,173.94,0.00,173.94,1620.21,,77.28,77.28,0.00,0.00,,,2919 Blanco Rd,
