Location,Entry Id,Created Date,Action,Amount,Cash Drawer,Payout Reason,No Sale Reason,Comment,Employee,Employee 2
2919 Blanco Rd,800000030744536739,10/14/25 6:04 AM,CASH_PAYMENT,2.15,Drive Thru Cash Drawer,,,Cash payment,PM Cashier C,
2919 Blanco Rd,800000030744590859,10/14/25 6:15 AM,CASH_PAYMENT,16.06,Front Box Cash Drawer,,,Cash payment,AM CASHIER,
2919 Blanco Rd,800000030744613330,10/14/25 6:19 AM,CASH_PAYMENT,4.30,Front Box Cash Drawer,,,Cash payment,AM CASHIER,
2919 Blanco Rd,800000030744639927,10/14/25 6:24 AM,CASH_PAYMENT,6.46,Drive Thru Cash Drawer,,,Cash payment,PM Cashier C,
2919 Blanco Rd,800000030744696066,10/14/25 6:33 AM,CASH_PAYMENT,14.55,Drive Thru Cash Drawer,,,Cash payment,PM Cashier C,
2919 Blanco Rd,800000030744731689,10/14/25 6:39 AM,CASH_PAYMENT,2.15,Drive Thru Cash Drawer,,,Cash payment,PM Cashier C,
2919 Blanco Rd,800000030744870426,10/14/25 6:57 AM,CASH_PAYMENT,11.89,Front Box Cash Drawer,,,Cash payment,AM CASHIER,
2919 Blanco Rd,800000030744996085,10/14/25 7:09 AM,CASH_PAYMENT,2.15,Drive Thru Cash Drawer,,,Cash payment,PM Cashier C,
2919 Blanco Rd,800000030745187706,10/14/25 7:26 AM,CASH_PAYMENT,5.68,Drive Thru Cash Drawer,,,Cash payment,PM Cashier C,
2919 Blanco Rd,800000030745360495,10/14/25 7:39 AM,CASH_PAYMENT,4.30,Drive Thru Cash Drawer,,,Cash payment,PM Cashier C,
2919 Blanco Rd,800000030745486398,10/14/25 7:48 AM,CASH_PAYMENT,4.30,Drive Thru Cash Drawer,,,Cash payment,PM Cashier C,
2919 Blanco Rd,800000030745573697,10/14/25 7:55 AM,CASH_PAYMENT,0.02,Front Box Cash Drawer,,,Cash payment,AM CASHIER,
2919 Blanco Rd,800000030745662824,10/14/25 8:01 AM,CLOSE_OUT_EXACT,0.00,Drive Thru Cash Drawer,,,Close out balance matches expected balance,PM Cashier C,
2919 Blanco Rd,800000030745662855,10/14/25 8:01 AM,TIP_OUT,-3.00,Drive Thru Cash Drawer,,,Tips paid out from shift review.,PM Cashier C,PM Cashier C
2919 Blanco Rd,800000030745745532,10/14/25 8:06 AM,CASH_PAYMENT,8.04,Front Box Cash Drawer,,,Cash payment,AM CASHIER,
2919 Blanco Rd,800000030745754103,10/14/25 8:07 AM,CASH_PAYMENT,2.91,Front Box Cash Drawer,,,Cash payment,AM CASHIER,
2919 Blanco Rd,800000030745893829,10/14/25 8:16 AM,CASH_PAYMENT,8.65,Front Box Cash Drawer,,,Cash payment,AM CASHIER,
2919 Blanco Rd,800000030745905774,10/14/25 8:16 AM,VOID_CASH_PAYMENT,-8.65,Front Box Cash Drawer,,,Cash payment,AM CASHIER,
2919 Blanco Rd,800000030745906831,10/14/25 8:17 AM,CASH_PAYMENT,2.71,Front Box Cash Drawer,,,Cash payment,AM CASHIER,
2919 Blanco Rd,800000030745912705,10/14/25 8:17 AM,CASH_PAYMENT,8.62,Drive Thru Cash Drawer (2),,,Cash payment,samantha lopez,
2919 Blanco Rd,800000030745918709,10/14/25 8:17 AM,CASH_PAYMENT,20.89,Front Box Cash Drawer,,,Cash payment,AM CASHIER,
2919 Blanco Rd,800000030745937940,10/14/25 8:19 AM,CASH_PAYMENT,7.85,Drive Thru Cash Drawer (2),,,Cash payment,samantha lopez,
2919 Blanco Rd,800000030745968116,10/14/25 8:21 AM,CASH_PAYMENT,7.57,Front Box Cash Drawer,,,Cash payment,AM CASHIER,
2919 Blanco Rd,800000030745998211,10/14/25 8:23 AM,CASH_PAYMENT,2.15,Drive Thru Cash Drawer (2),,,Cash payment,samantha lopez,
2919 Blanco Rd,800000030746015529,10/14/25 8:24 AM,PAY_OUT,-62.77,Front Box Cash Drawer,Supplies,,Amazon,AM CASHIER,
2919 Blanco Rd,800000030746042272,10/14/25 8:26 AM,CASH_PAYMENT,7.11,Front Box Cash Drawer,,,Cash payment,AM CASHIER,
2919 Blanco Rd,800000030746050450,10/14/25 8:26 AM,CASH_PAYMENT,4.31,Front Box Cash Drawer,,,Cash payment,AM CASHIER,
2919 Blanco Rd,800000030746059498,10/14/25 8:27 AM,CASH_PAYMENT,4.30,Drive Thru Cash Drawer (2),,,Cash payment,samantha lopez,
2919 Blanco Rd,800000030746130066,10/14/25 8:32 AM,CASH_PAYMENT,19.98,Drive Thru Cash Drawer (2),,,Cash payment,samantha lopez,
2919 Blanco Rd,800000030746213756,10/14/25 8:37 AM,CASH_PAYMENT,10.09,Drive Thru Cash Drawer (2),,,Cash payment,samantha lopez,
2919 Blanco Rd,800000030746257200,10/14/25 8:40 AM,CASH_PAYMENT,38.55,Drive Thru Cash Drawer (2),,,Cash payment,samantha lopez,
2919 Blanco Rd,800000030746272076,10/14/25 8:41 AM,CASH_PAYMENT,3.78,Front Box Cash Drawer,,,Cash payment,AM CASHIER,
2919 Blanco Rd,800000030746287548,10/14/25 8:43 AM,CASH_PAYMENT,5.13,Drive Thru Cash Drawer (2),,,Cash payment,samantha lopez,
2919 Blanco Rd,800000030746336895,10/14/25 8:45 AM,CASH_PAYMENT,2.44,Drive Thru Cash Drawer (2),,,Cash payment,samantha lopez,
2919 Blanco Rd,800000030746370254,10/14/25 8:48 AM,CASH_PAYMENT,8.63,Drive Thru Cash Drawer (2),,,Cash payment,samantha lopez,
2919 Blanco Rd,800000030746417173,10/14/25 8:51 AM,CASH_PAYMENT,10.81,Drive Thru Cash Drawer (2),,,Cash payment,samantha lopez,
2919 Blanco Rd,800000030746451255,10/14/25 8:53 AM,CASH_PAYMENT,6.22,Drive Thru Cash Drawer (2),,,Cash payment,samantha lopez,
2919 Blanco Rd,800000030746781031,10/14/25 9:14 AM,CASH_PAYMENT,4.30,Drive Thru Cash Drawer (2),,,Cash payment,samantha lopez,
2919 Blanco Rd,800000030747080954,10/14/25 9:31 AM,CASH_PAYMENT,12.34,Drive Thru Cash Drawer (2),,,Cash payment,samantha lopez,
2919 Blanco Rd,800000030747130189,10/14/25 9:35 AM,CASH_PAYMENT,14.18,Front Box Cash Drawer,,,Cash payment,AM CASHIER,
2919 Blanco Rd,800000030747256554,10/14/25 9:42 AM,CASH_PAYMENT,7.33,Drive Thru Cash Drawer (2),,,Cash payment,samantha lopez,
2919 Blanco Rd,800000030747414891,10/14/25 9:52 AM,CASH_PAYMENT,20.47,Front Box Cash Drawer,,,Cash payment,AM CASHIER,
2919 Blanco Rd,800000030747928786,10/14/25 10:17 AM,CASH_PAYMENT,16.39,Front Box Cash Drawer,,,Cash payment,AM CASHIER,
2919 Blanco Rd,800000030747966592,10/14/25 10:19 AM,CASH_PAYMENT,23.28,Front Box Cash Drawer,,,Cash payment,AM CASHIER,
2919 Blanco Rd,800000030747995587,10/14/25 10:20 AM,CASH_PAYMENT,34.90,Front Box Cash Drawer,,,Cash payment,AM CASHIER,
2919 Blanco Rd,800000030748113468,10/14/25 10:26 AM,CASH_PAYMENT,36.18,Drive Thru Cash Drawer (2),,,Cash payment,samantha lopez,
2919 Blanco Rd,800000030748195886,10/14/25 10:30 AM,CASH_PAYMENT,20.32,Front Box Cash Drawer,,,Cash payment,AM CASHIER,
2919 Blanco Rd,800000030748243803,10/14/25 10:32 AM,CASH_PAYMENT,11.89,Front Box Cash Drawer,,,Cash payment,AM CASHIER,
2919 Blanco Rd,800000030748339310,10/14/25 10:36 AM,CASH_PAYMENT,10.20,Drive Thru Cash Drawer (2),,,Cash payment,samantha lopez,
2919 Blanco Rd,800000030748356954,10/14/25 10:36 AM,CASH_PAYMENT,19.78,Front Box Cash Drawer,,,Cash payment,AM CASHIER,
2919 Blanco Rd,800000030748384971,10/14/25 10:37 AM,CASH_PAYMENT,15.50,Drive Thru Cash Drawer (2),,,Cash payment,samantha lopez,
2919 Blanco Rd,800000030748407639,10/14/25 10:38 AM,CASH_PAYMENT,2.15,Drive Thru Cash Drawer (2),,,Cash payment,samantha lopez,
2919 Blanco Rd,800000030748875842,10/14/25 10:56 AM,CASH_PAYMENT,7.57,Drive Thru Cash Drawer (2),,,Cash payment,samantha lopez,
2919 Blanco Rd,800000030748944336,10/14/25 10:58 AM,CASH_PAYMENT,14.56,Front Box Cash Drawer,,,Cash payment,AM CASHIER,
2919 Blanco Rd,800000030749021874,10/14/25 11:01 AM,CASH_PAYMENT,6.46,Drive Thru Cash Drawer (2),,,Cash payment,samantha lopez,
2919 Blanco Rd,800000030749549912,10/14/25 11:15 AM,CASH_PAYMENT,7.57,Front Box Cash Drawer,,,Cash payment,AM CASHIER,
2919 Blanco Rd,800000030749801668,10/14/25 11:22 AM,CASH_PAYMENT,22.13,Drive Thru Cash Drawer (2),,,Cash payment,samantha lopez,
2919 Blanco Rd,800000030750176260,10/14/25 11:32 AM,CASH_PAYMENT,15.84,Front Box Cash Drawer,,,Cash payment,AM CASHIER,
2919 Blanco Rd,800000030750676297,10/14/25 11:45 AM,CASH_PAYMENT,10.26,Drive Thru Cash Drawer (2),,,Cash payment,samantha lopez,
2919 Blanco Rd,800000030751069598,10/14/25 11:55 AM,CASH_PAYMENT,13.06,Front Box Cash Drawer,,,Cash payment,AM CASHIER,
2919 Blanco Rd,800000030751312504,10/14/25 12:01 PM,CASH_PAYMENT,6.46,Drive Thru Cash Drawer (2),,,Cash payment,samantha lopez,
2919 Blanco Rd,800000030751614891,10/14/25 12:09 PM,CASH_PAYMENT,8.65,Front Box Cash Drawer,,,Cash payment,AM CASHIER,
2919 Blanco Rd,800000030752324974,10/14/25 12:27 PM,CASH_PAYMENT,8.03,Drive Thru Cash Drawer (2),,,Cash payment,samantha lopez,
2919 Blanco Rd,800000030752641496,10/14/25 12:36 PM,CASH_PAYMENT,19.93,Drive Thru Cash Drawer (2),,,Cash payment,samantha lopez,
2919 Blanco Rd,800000030752682983,10/14/25 12:37 PM,CASH_PAYMENT,9.41,Drive Thru Cash Drawer (2),,,Cash payment,samantha lopez,
2919 Blanco Rd,800000030753461545,10/14/25 1:00 PM,CASH_PAYMENT,21.42,Front Box Cash Drawer,,,Cash payment,AM CASHIER,
2919 Blanco Rd,800000030753702316,10/14/25 1:07 PM,CASH_PAYMENT,21.62,Front Box Cash Drawer,,,Cash payment,AM CASHIER,
2919 Blanco Rd,800000030753910162,10/14/25 1:13 PM,CASH_PAYMENT,5.13,Drive Thru Cash Drawer (2),,,Cash payment,samantha lopez,
2919 Blanco Rd,800000030754054536,10/14/25 1:17 PM,CASH_PAYMENT,6.48,Drive Thru Cash Drawer (2),,,Cash payment,samantha lopez,
2919 Blanco Rd,800000030755286705,10/14/25 1:56 PM,CASH_PAYMENT,38.46,Drive Thru Cash Drawer (2),,,Cash payment,samantha lopez,
2919 Blanco Rd,800000030755863726,10/14/25 2:11 PM,CASH_PAYMENT,11.90,Drive Thru Cash Drawer (2),,,Cash payment,samantha lopez,
2919 Blanco Rd,800000030756076353,10/14/25 2:13 PM,TIP_OUT,-50.73,Front Box Cash Drawer,,,Tips paid out from shift review.,Cinthia Patlan,Sami Martinez 
2919 Blanco Rd,800000030756131170,10/14/25 2:14 PM,TIP_OUT,-4.00,Front Box Cash Drawer,,,Tips paid out from shift review.,AM CASHIER,AM CASHIER
2919 Blanco Rd,800000030756139066,10/14/25 2:14 PM,CLOSE_OUT_EXACT,0.00,Front Box Cash Drawer,,,Close out balance matches expected balance,AM CASHIER,
2919 Blanco Rd,800000030756374313,10/14/25 2:20 PM,CASH_PAYMENT,25.95,Front Box Cash Drawer (2),,,Cash payment,Maria  Salazar,
2919 Blanco Rd,800000030757409634,10/14/25 2:55 PM,CASH_PAYMENT,16.92,Front Box Cash Drawer (2),,,Cash payment,Maria  Salazar,
2919 Blanco Rd,800000030757947005,10/14/25 3:15 PM,CASH_PAYMENT,5.18,Drive Thru Cash Drawer (2),,,Cash payment,samantha lopez,
2919 Blanco Rd,800000030758015811,10/14/25 3:17 PM,TIP_OUT,-35.70,Drive Thru Cash Drawer (2),,,Tips paid out from shift review.,samantha lopez,samantha lopez
2919 Blanco Rd,800000030758022711,10/14/25 3:18 PM,CLOSE_OUT_EXACT,0.00,Drive Thru Cash Drawer (2),,,Close out balance matches expected balance,samantha lopez,
2919 Blanco Rd,800000030758710048,10/14/25 3:42 PM,CASH_PAYMENT,11.19,Front Box Cash Drawer (2),,,Cash payment,Maria  Salazar,
2919 Blanco Rd,800000030758738651,10/14/25 3:43 PM,CASH_PAYMENT,12.96,Drive Thru Cash Drawer (3),,,Cash payment,samantha lopez,
2919 Blanco Rd,800000030758897755,10/14/25 3:48 PM,CASH_PAYMENT,56.75,Front Box Cash Drawer (2),,,Cash payment,Maria  Salazar,
2919 Blanco Rd,800000030758991897,10/14/25 3:51 PM,CASH_PAYMENT,15.13,Front Box Cash Drawer (2),,,Cash payment,Maria  Salazar,
2919 Blanco Rd,800000030759394018,10/14/25 4:04 PM,CASH_PAYMENT,19.70,Drive Thru Cash Drawer (3),,,Cash payment,samantha lopez,
2919 Blanco Rd,800000030760034865,10/14/25 4:23 PM,CASH_PAYMENT,5.40,Drive Thru Cash Drawer (3),,,Cash payment,samantha lopez,
2919 Blanco Rd,800000030760662163,10/14/25 4:39 PM,CASH_PAYMENT,5.11,Drive Thru Cash Drawer (3),,,Cash payment,samantha lopez,
2919 Blanco Rd,800000030760739054,10/14/25 4:41 PM,CASH_PAYMENT,14.79,Front Box Cash Drawer (2),,,Cash payment,Maria  Salazar,
2919 Blanco Rd,800000030760795118,10/14/25 4:40 PM,CASH_PAYMENT,8.60,Drive Thru Cash Drawer (3),,,Cash payment,samantha lopez,
2919 Blanco Rd,800000030761016294,10/14/25 4:48 PM,CASH_PAYMENT,3.41,Front Box Cash Drawer (2),,,Cash payment,Maria  Salazar,
2919 Blanco Rd,800000030761049212,10/14/25 4:49 PM,CASH_PAYMENT,4.75,Drive Thru Cash Drawer (3),,,Cash payment,samantha lopez,
2919 Blanco Rd,800000030761386372,10/14/25 4:57 PM,CASH_PAYMENT,4.30,Drive Thru Cash Drawer (3),,,Cash payment,samantha lopez,
2919 Blanco Rd,800000030761538054,10/14/25 5:01 PM,CASH_PAYMENT,4.31,Drive Thru Cash Drawer (3),,,Cash payment,samantha lopez,
2919 Blanco Rd,800000030761625135,10/14/25 5:03 PM,CASH_PAYMENT,15.05,Front Box Cash Drawer (2),,,Cash payment,Maria  Salazar,
2919 Blanco Rd,800000030761812314,10/14/25 5:07 PM,CASH_PAYMENT,2.00,Drive Thru Cash Drawer (3),,,Cash payment,samantha lopez,
2919 Blanco Rd,800000030762639830,10/14/25 5:24 PM,CASH_PAYMENT,9.12,Drive Thru Cash Drawer (3),,,Cash payment,samantha lopez,
2919 Blanco Rd,800000030762719522,10/14/25 5:26 PM,CASH_PAYMENT,18.37,Drive Thru Cash Drawer (3),,,Cash payment,samantha lopez,
2919 Blanco Rd,800000030762812927,10/14/25 5:27 PM,CASH_PAYMENT,4.31,Front Box Cash Drawer (2),,,Cash payment,Maria  Salazar,
2919 Blanco Rd,800000030764071466,10/14/25 5:52 PM,CASH_PAYMENT,12.98,Drive Thru Cash Drawer (3),,,Cash payment,samantha lopez,
2919 Blanco Rd,800000030764837870,10/14/25 6:07 PM,CASH_PAYMENT,11.19,Drive Thru Cash Drawer (3),,,Cash payment,samantha lopez,
2919 Blanco Rd,800000030765227382,10/14/25 6:14 PM,CASH_PAYMENT,17.30,Front Box Cash Drawer (2),,,Cash payment,Maria  Salazar,
2919 Blanco Rd,800000030766590326,10/14/25 6:41 PM,CASH_PAYMENT,17.31,Drive Thru Cash Drawer (3),,,Cash payment,samantha lopez,
2919 Blanco Rd,800000030768923331,10/14/25 7:32 PM,CASH_PAYMENT,11.19,Drive Thru Cash Drawer (3),,,Cash payment,samantha lopez,
2919 Blanco Rd,800000030768930334,10/14/25 7:33 PM,CASH_PAYMENT,12.43,Front Box Cash Drawer (2),,,Cash payment,Maria  Salazar,
2919 Blanco Rd,800000030769294134,10/14/25 7:42 PM,CASH_PAYMENT,11.90,Drive Thru Cash Drawer (3),,,Cash payment,samantha lopez,
2919 Blanco Rd,800000030769854046,10/14/25 7:57 PM,CLOSE_OUT_EXACT,0.00,Drive Thru Cash Drawer (3),,,Close out balance matches expected balance,samantha lopez,
2919 Blanco Rd,800000030769947788,10/14/25 8:00 PM,TIP_OUT,-15.00,Front Box Cash Drawer (2),,,Tips paid out from shift review.,Maria  Salazar,Maria  Salazar
2919 Blanco Rd,800000030769951529,10/14/25 8:00 PM,CLOSE_OUT_EXACT,0.00,Front Box Cash Drawer (2),,,Close out balance matches expected balance,Maria  Salazar,
