,Location,Employee,Job Title,In Date,Shift Closed Date,Out Date,Hours,Cash Tips Decl.,Cash on Hand,Cash in Drawer,Non-Cash Tips,Cash Gratuity,Non-Cash Gratuity,Tips Withheld,Non-Cash Sales,Cash Sales,Total Sales,Cash Collected?,Tips Paid?,Open,Paid,Closed,Tip Share Total
800000030744492993,2919 Blanco Rd,Maria  Salazar,Shift Manager / Assistant Manager,10/14/25 5:53 AM,10/14/25 8:00 PM,10/14/25 8:14 PM,14.35,,0.00,193.23,15.00,0.00,0.00,0.00,181.42,193.23,374.65,yes,yes,0,0,20,0.00
800000030744502729,2919 Blanco Rd,AM CASHIER,General Manager,10/14/25 5:54 AM,10/14/25 2:14 PM,10/14/25 2:14 PM,8.32,,0.00,132.19,4.00,0.00,0.00,0.00,131.18,132.19,263.37,yes,yes,0,0,23,0.00
800000030744504908,2919 Blanco Rd,PM Cashier C,Cashier,10/14/25 5:55 AM,10/14/25 8:01 AM,10/14/25 8:01 AM,2.10,,0.00,41.74,3.00,0.00,0.00,0.00,216.11,41.74,257.85,yes,yes,0,0,35,0.00
800000030744509323,2919 Blanco Rd,Betty Salazar,Chef,10/14/25 5:57 AM,10/14/25 9:18 PM,10/15/25 4:00 AM,22.05,0.00,0.00,0.00,0.00,0.00,0.00,0.00,0.00,0.00,0.00,yes,yes,0,0,0,0.00
800000030744520047,2919 Blanco Rd,Sami Martinez ,Server,10/14/25 6:00 AM,10/14/25 2:13 PM,10/14/25 2:19 PM,8.31,,0.00,221.33,50.73,0.00,0.00,0.00,396.50,221.33,617.83,yes,yes,0,0,33,0.00
800000030745623973,2919 Blanco Rd,samantha lopez,Drive-Thru,10/14/25 7:58 AM,10/14/25 3:17 PM,10/14/25 3:18 PM,7.32,,0.00,370.17,35.70,0.00,0.00,0.00,868.12,370.17,1238.29,yes,yes,0,0,101,0.00
800000030758027628,2919 Blanco Rd,samantha lopez,Drive-Thru,10/14/25 3:18 PM,10/14/25 7:57 PM,10/14/25 8:05 PM,4.79,,0.00,159.19,0.00,0.00,0.00,0.00,199.29,159.19,358.48,yes,yes,0,0,24,0.00
800000030770019066,2919 Blanco Rd,AM CASHIER,General Manager,10/14/25 8:02 PM,10/14/25 8:02 PM,10/14/25 8:02 PM,0.01,,0.00,0.00,0.00,0.00,0.00,0.00,0.00,0.00,0.00,yes,yes,0,0,0,0.00
