Location,Order #,Opened Date,Server,Table,Discount Name,Discount Reason,Comment,Discount Amount
Sandra's Cuisine - Potranco - 12060 Potranco Road,237,9/10/25 8:32 PM,Mario Jimenez,,Reward Dollars,,,5.10
Sandra's Cuisine - Potranco - 12060 Potranco Road,218,9/10/25 6:33 PM,Emanuel Sanchez,15,Open % Item,,,1.30
Sandra's Cuisine - Potranco - 12060 Potranco Road,179,9/10/25 2:23 PM,Mario Jimenez,,Open % Check,,,4.13
Sandra's Cuisine - Potranco - 12060 Potranco Road,166,9/10/25 1:45 PM,Gabriel Tovar ,,Employee Discount - Item,Employee Discount,Employee,7.99
Sandra's Cuisine - Potranco - 12060 Potranco Road,155,9/10/25 1:18 PM,Sugey Cabrera,,Open % Item,,,0.36
Sandra's Cuisine - Potranco - 12060 Potranco Road,104,9/10/25 11:40 AM,Sugey Cabrera,23,Open % Item,,,1.30
Sandra's Cuisine - Potranco - 12060 Potranco Road,104,9/10/25 11:40 AM,Sugey Cabrera,23,Open % Item,,,0.70
Sandra's Cuisine - Potranco - 12060 Potranco Road,104,9/10/25 11:40 AM,Sugey Cabrera,23,Open % Item,,,1.30
Sandra's Cuisine - Potranco - 12060 Potranco Road,104,9/10/25 11:40 AM,Sugey Cabrera,23,Open % Item,,,1.15
Sandra's Cuisine - Potranco - 12060 Potranco Road,104,9/10/25 11:40 AM,Sugey Cabrera,23,Open % Item,,,1.30
Sandra's Cuisine - Potranco - 12060 Potranco Road,104,9/10/25 11:40 AM,Sugey Cabrera,23,Open % Item,,,0.50
Sandra's Cuisine - Potranco - 12060 Potranco Road,104,9/10/25 11:40 AM,Sugey Cabrera,23,Open % Item,,,0.70
Sandra's Cuisine - Potranco - 12060 Potranco Road,67,9/10/25 9:52 AM,Sugey Cabrera,29,Open % Item,,,0.60
Sandra's Cuisine - Potranco - 12060 Potranco Road,67,9/10/25 9:52 AM,Sugey Cabrera,29,Open % Item,,,0.50
Sandra's Cuisine - Potranco - 12060 Potranco Road,67,9/10/25 9:52 AM,Sugey Cabrera,29,Open % Item,,,0.30
Sandra's Cuisine - Potranco - 12060 Potranco Road,49,9/10/25 9:20 AM,Melissa  Urena,,Open % Item,,,0.23
Sandra's Cuisine - Potranco - 12060 Potranco Road,49,9/10/25 9:20 AM,Melissa  Urena,,Open % Item,,,0.18
Sandra's Cuisine - Potranco - 12060 Potranco Road,49,9/10/25 9:20 AM,Melissa  Urena,,Open % Item,,,0.20
Sandra's Cuisine - Potranco - 12060 Potranco Road,20,9/10/25 7:56 AM,Sugey Cabrera,,Employee Discount - Check,Employee Discount,Employee,14.47
