Location,Server,Check #,Table,Station,Expediter Level,Fired Date,Fulfilled Date,Fulfillment Time,Fulfilled By
12060 Potranco Road,Melissa  Urena,3,,Food,,9/10/25 6:34 AM,9/10/25 6:43 AM,9 minutes and 26 seconds,KDS - Login Don't Delete
12060 Potranco Road,Lizbeth Garcia,2,23,No Print,,9/10/25 6:34 AM,9/10/25 6:46 AM,11 minutes and 40 seconds,KDS - Login Don't Delete
12060 Potranco Road,Lizbeth Garcia,2,23,Food,,9/10/25 6:34 AM,9/10/25 6:46 AM,11 minutes and 40 seconds,KDS - Login Don't Delete
12060 Potranco Road,Melissa  Urena,5,,Food,,9/10/25 6:44 AM,9/10/25 6:46 AM,2 minutes and 3 seconds,KDS - Login Don't Delete
12060 Potranco Road,Melissa  Urena,5,,No Print,,9/10/25 6:44 AM,9/10/25 6:46 AM,2 minutes and 3 seconds,KDS - Login Don't Delete
12060 Potranco Road,Melissa  Urena,5,,,1,9/10/25 6:46 AM,9/10/25 7:02 AM,15 minutes and 27 seconds,KDS - Login Don't Delete
12060 Potranco Road,Lizbeth Garcia,6,8,,1,9/10/25 6:52 AM,9/10/25 7:02 AM,9 minutes and 46 seconds,KDS - Login Don't Delete
12060 Potranco Road,Lizbeth Garcia,2,23,,1,9/10/25 6:46 AM,9/10/25 7:02 AM,15 minutes and 38 seconds,KDS - Login Don't Delete
12060 Potranco Road,Melissa  Urena,4,,Drive Thru,,9/10/25 6:44 AM,9/10/25 7:18 AM,34 minutes and 6 seconds,KDS - Login Don't Delete
12060 Potranco Road,Melissa  Urena,4,,Food,,9/10/25 6:44 AM,9/10/25 7:18 AM,34 minutes and 6 seconds,KDS - Login Don't Delete
12060 Potranco Road,Melissa  Urena,7,,Drive Thru,,9/10/25 7:24 AM,9/10/25 7:29 AM,5 minutes and 22 seconds,KDS - Login Don't Delete
12060 Potranco Road,Melissa  Urena,7,,Food,,9/10/25 7:24 AM,9/10/25 7:29 AM,5 minutes and 22 seconds,KDS - Login Don't Delete
12060 Potranco Road,Melissa  Urena,8,,Drive Thru,,9/10/25 7:27 AM,9/10/25 7:29 AM,2 minutes and 32 seconds,KDS - Login Don't Delete
12060 Potranco Road,Melissa  Urena,9,,Drive Thru,,9/10/25 7:27 AM,9/10/25 7:29 AM,2 minutes and 23 seconds,KDS - Login Don't Delete
12060 Potranco Road,Melissa  Urena,9,,Food,,9/10/25 7:27 AM,9/10/25 7:29 AM,2 minutes and 23 seconds,KDS - Login Don't Delete
12060 Potranco Road,Melissa  Urena,8,,Food,,9/10/25 7:27 AM,9/10/25 7:29 AM,2 minutes and 32 seconds,KDS - Login Don't Delete
12060 Potranco Road,Melissa  Urena,12,,Drive Thru,,9/10/25 7:35 AM,9/10/25 7:36 AM,1 minute,KDS - Login Don't Delete
12060 Potranco Road,Melissa  Urena,12,,Food,,9/10/25 7:35 AM,9/10/25 7:36 AM,1 minute,KDS - Login Don't Delete
12060 Potranco Road,Melissa  Urena,11,,Drive Thru,,9/10/25 7:34 AM,9/10/25 7:36 AM,2 minutes and 26 seconds,KDS - Login Don't Delete
12060 Potranco Road,Melissa  Urena,11,,Food,,9/10/25 7:34 AM,9/10/25 7:36 AM,2 minutes and 26 seconds,KDS - Login Don't Delete
12060 Potranco Road,Melissa  Urena,10,,Drive Thru,,9/10/25 7:34 AM,9/10/25 7:36 AM,2 minutes and 31 seconds,KDS - Login Don't Delete
12060 Potranco Road,Melissa  Urena,10,,Food,,9/10/25 7:34 AM,9/10/25 7:36 AM,2 minutes and 31 seconds,KDS - Login Don't Delete
12060 Potranco Road,Melissa  Urena,13,,Food,,9/10/25 7:40 AM,9/10/25 7:42 AM,1 minute and 30 seconds,KDS - Login Don't Delete
12060 Potranco Road,Melissa  Urena,13,,Drive Thru,,9/10/25 7:40 AM,9/10/25 7:42 AM,1 minute and 30 seconds,KDS - Login Don't Delete
12060 Potranco Road,Melissa  Urena,14,,Drive Thru,,9/10/25 7:48 AM,9/10/25 7:52 AM,3 minutes and 56 seconds,KDS - Login Don't Delete
12060 Potranco Road,Melissa  Urena,14,,Food,,9/10/25 7:48 AM,9/10/25 7:52 AM,3 minutes and 56 seconds,KDS - Login Don't Delete
12060 Potranco Road,Melissa  Urena,15,,Drive Thru,,9/10/25 7:49 AM,9/10/25 7:52 AM,3 minutes and 43 seconds,KDS - Login Don't Delete
12060 Potranco Road,Melissa  Urena,15,,Food,,9/10/25 7:49 AM,9/10/25 7:52 AM,3 minutes and 43 seconds,KDS - Login Don't Delete
12060 Potranco Road,Melissa  Urena,14,,Drive Thru,,9/10/25 7:49 AM,9/10/25 7:52 AM,3 minutes,KDS - Login Don't Delete
12060 Potranco Road,Melissa  Urena,14,,Food,,9/10/25 7:49 AM,9/10/25 7:52 AM,3 minutes,KDS - Login Don't Delete
12060 Potranco Road,Melissa  Urena,16,,Drive Thru,,9/10/25 7:53 AM,9/10/25 7:55 AM,1 minute and 23 seconds,KDS - Login Don't Delete
12060 Potranco Road,Melissa  Urena,16,,Food,,9/10/25 7:53 AM,9/10/25 7:55 AM,1 minute and 23 seconds,KDS - Login Don't Delete
12060 Potranco Road,Melissa  Urena,17,,Drive Thru,,9/10/25 7:54 AM,9/10/25 8:00 AM,5 minutes and 59 seconds,KDS - Login Don't Delete
12060 Potranco Road,Melissa  Urena,17,,Food,,9/10/25 7:54 AM,9/10/25 8:00 AM,5 minutes and 59 seconds,KDS - Login Don't Delete
12060 Potranco Road,Sugey Cabrera,19,26,,1,9/10/25 7:56 AM,9/10/25 8:02 AM,5 minutes and 43 seconds,KDS - Login Don't Delete
12060 Potranco Road,Sugey Cabrera,20,,No Print,,9/10/25 7:57 AM,9/10/25 8:04 AM,7 minutes and 10 seconds,KDS - Login Don't Delete
12060 Potranco Road,Sugey Cabrera,20,,Food,,9/10/25 7:57 AM,9/10/25 8:04 AM,7 minutes and 10 seconds,KDS - Login Don't Delete
12060 Potranco Road,Lizbeth Garcia,18,1,No Print,,9/10/25 7:55 AM,9/10/25 8:04 AM,8 minutes and 54 seconds,KDS - Login Don't Delete
12060 Potranco Road,Lizbeth Garcia,18,1,Drive Thru,,9/10/25 7:55 AM,9/10/25 8:04 AM,8 minutes and 54 seconds,KDS - Login Don't Delete
12060 Potranco Road,Lizbeth Garcia,18,1,Drinks,,9/10/25 7:55 AM,9/10/25 8:04 AM,8 minutes and 54 seconds,KDS - Login Don't Delete
12060 Potranco Road,Lizbeth Garcia,18,1,Food,,9/10/25 7:55 AM,9/10/25 8:04 AM,8 minutes and 54 seconds,KDS - Login Don't Delete
12060 Potranco Road,Melissa  Urena,21,,Drive Thru,,9/10/25 7:57 AM,9/10/25 8:04 AM,7 minutes and 7 seconds,KDS - Login Don't Delete
12060 Potranco Road,Melissa  Urena,21,,Food,,9/10/25 7:57 AM,9/10/25 8:04 AM,7 minutes and 7 seconds,KDS - Login Don't Delete
12060 Potranco Road,Melissa  Urena,22,,Drive Thru,,9/10/25 8:06 AM,9/10/25 8:12 AM,5 minutes and 25 seconds,KDS - Login Don't Delete
12060 Potranco Road,Melissa  Urena,22,,Food,,9/10/25 8:06 AM,9/10/25 8:12 AM,5 minutes and 25 seconds,KDS - Login Don't Delete
12060 Potranco Road,Melissa  Urena,22,,Drive Thru,,9/10/25 8:06 AM,9/10/25 8:12 AM,5 minutes and 40 seconds,KDS - Login Don't Delete
12060 Potranco Road,Melissa  Urena,22,,Food,,9/10/25 8:06 AM,9/10/25 8:12 AM,5 minutes and 40 seconds,KDS - Login Don't Delete
12060 Potranco Road,Melissa  Urena,23,,Drive Thru,,9/10/25 8:13 AM,9/10/25 8:20 AM,7 minutes and 7 seconds,KDS - Login Don't Delete
12060 Potranco Road,Melissa  Urena,23,,Food,,9/10/25 8:13 AM,9/10/25 8:20 AM,7 minutes and 7 seconds,KDS - Login Don't Delete
12060 Potranco Road,Melissa  Urena,24,,Drive Thru,,9/10/25 8:13 AM,9/10/25 8:20 AM,6 minutes and 38 seconds,KDS - Login Don't Delete
12060 Potranco Road,Melissa  Urena,24,,Food,,9/10/25 8:13 AM,9/10/25 8:20 AM,6 minutes and 38 seconds,KDS - Login Don't Delete
12060 Potranco Road,Sugey Cabrera,25,3,No Print,,9/10/25 8:18 AM,9/10/25 8:22 AM,4 minutes and 3 seconds,KDS - Login Don't Delete
12060 Potranco Road,Sugey Cabrera,25,3,Food,,9/10/25 8:18 AM,9/10/25 8:22 AM,4 minutes and 3 seconds,KDS - Login Don't Delete
12060 Potranco Road,Melissa  Urena,26,,Food,,9/10/25 8:21 AM,9/10/25 8:28 AM,6 minutes and 43 seconds,KDS - Login Don't Delete
12060 Potranco Road,Melissa  Urena,27,,Food,,9/10/25 8:23 AM,9/10/25 8:28 AM,5 minutes and 1 second,KDS - Login Don't Delete
12060 Potranco Road,Melissa  Urena,27,,Drive Thru,,9/10/25 8:23 AM,9/10/25 8:28 AM,5 minutes and 1 second,KDS - Login Don't Delete
12060 Potranco Road,Sugey Cabrera,28,,Drive Thru,,9/10/25 8:27 AM,9/10/25 8:33 AM,5 minutes and 55 seconds,KDS - Login Don't Delete
12060 Potranco Road,Sugey Cabrera,28,,Food,,9/10/25 8:27 AM,9/10/25 8:33 AM,5 minutes and 55 seconds,KDS - Login Don't Delete
12060 Potranco Road,Sugey Cabrera,30,18,No Print,,9/10/25 8:36 AM,9/10/25 8:40 AM,4 minutes and 21 seconds,KDS - Login Don't Delete
12060 Potranco Road,Sugey Cabrera,30,18,Food,,9/10/25 8:36 AM,9/10/25 8:40 AM,4 minutes and 21 seconds,KDS - Login Don't Delete
12060 Potranco Road,Melissa  Urena,29,,Drive Thru,,9/10/25 8:31 AM,9/10/25 8:41 AM,9 minutes and 54 seconds,KDS - Login Don't Delete
12060 Potranco Road,Melissa  Urena,29,,Food,,9/10/25 8:31 AM,9/10/25 8:41 AM,9 minutes and 54 seconds,KDS - Login Don't Delete
12060 Potranco Road,Melissa  Urena,31,,Food,,9/10/25 8:37 AM,9/10/25 8:41 AM,4 minutes and 2 seconds,KDS - Login Don't Delete
12060 Potranco Road,Melissa  Urena,31,,Drive Thru,,9/10/25 8:37 AM,9/10/25 8:41 AM,4 minutes and 2 seconds,KDS - Login Don't Delete
12060 Potranco Road,Melissa  Urena,32,,Drive Thru,,9/10/25 8:39 AM,9/10/25 8:41 AM,2 minutes and 18 seconds,KDS - Login Don't Delete
12060 Potranco Road,Melissa  Urena,32,,Food,,9/10/25 8:39 AM,9/10/25 8:41 AM,2 minutes and 18 seconds,KDS - Login Don't Delete
12060 Potranco Road,Melissa  Urena,37,,Drive Thru,,9/10/25 8:48 AM,9/10/25 8:58 AM,10 minutes and 21 seconds,KDS - Login Don't Delete
12060 Potranco Road,Melissa  Urena,37,,Food,,9/10/25 8:48 AM,9/10/25 8:58 AM,10 minutes and 21 seconds,KDS - Login Don't Delete
12060 Potranco Road,Melissa  Urena,34,,Drive Thru,,9/10/25 8:44 AM,9/10/25 8:58 AM,14 minutes and 32 seconds,KDS - Login Don't Delete
12060 Potranco Road,Melissa  Urena,34,,Food,,9/10/25 8:44 AM,9/10/25 8:58 AM,14 minutes and 32 seconds,KDS - Login Don't Delete
12060 Potranco Road,Melissa  Urena,38,,Drive Thru,,9/10/25 8:56 AM,9/10/25 8:59 AM,2 minutes and 45 seconds,KDS - Login Don't Delete
12060 Potranco Road,Melissa  Urena,38,,Food,,9/10/25 8:56 AM,9/10/25 8:59 AM,2 minutes and 45 seconds,KDS - Login Don't Delete
12060 Potranco Road,Melissa  Urena,35,,Drive Thru,,9/10/25 8:44 AM,9/10/25 8:58 AM,14 minutes and 16 seconds,KDS - Login Don't Delete
12060 Potranco Road,Melissa  Urena,35,,Food,,9/10/25 8:44 AM,9/10/25 8:58 AM,14 minutes and 16 seconds,KDS - Login Don't Delete
12060 Potranco Road,Candy Del Angel,39,,Drive Thru,,9/10/25 8:59 AM,9/10/25 9:09 AM,10 minutes and 28 seconds,KDS - Login Don't Delete
12060 Potranco Road,Candy Del Angel,39,,Food,,9/10/25 8:59 AM,9/10/25 9:09 AM,10 minutes and 28 seconds,KDS - Login Don't Delete
12060 Potranco Road,Melissa  Urena,40,,Drive Thru,,9/10/25 9:02 AM,9/10/25 9:09 AM,7 minutes and 45 seconds,KDS - Login Don't Delete
12060 Potranco Road,Melissa  Urena,40,,Food,,9/10/25 9:02 AM,9/10/25 9:09 AM,7 minutes and 45 seconds,KDS - Login Don't Delete
12060 Potranco Road,Melissa  Urena,41,,Drive Thru,,9/10/25 9:02 AM,9/10/25 9:09 AM,7 minutes and 7 seconds,KDS - Login Don't Delete
12060 Potranco Road,Melissa  Urena,41,,Food,,9/10/25 9:02 AM,9/10/25 9:09 AM,7 minutes and 7 seconds,KDS - Login Don't Delete
12060 Potranco Road,Sugey Cabrera,28,,,1,9/10/25 8:33 AM,9/10/25 9:13 AM,39 minutes and 51 seconds,KDS - Login Don't Delete
12060 Potranco Road,Lizbeth Garcia,18,1,,1,9/10/25 8:04 AM,9/10/25 9:13 AM,"1 hour, 9 minutes and 15 seconds",KDS - Login Don't Delete
12060 Potranco Road,Candy Del Angel,39,,,1,9/10/25 9:09 AM,9/10/25 9:13 AM,3 minutes and 51 seconds,KDS - Login Don't Delete
12060 Potranco Road,Sugey Cabrera,20,,,1,9/10/25 8:04 AM,9/10/25 9:13 AM,"1 hour, 9 minutes and 13 seconds",KDS - Login Don't Delete
12060 Potranco Road,Sugey Cabrera,30,18,,1,9/10/25 8:40 AM,9/10/25 9:13 AM,33 minutes and 18 seconds,KDS - Login Don't Delete
12060 Potranco Road,Sugey Cabrera,25,3,,1,9/10/25 8:22 AM,9/10/25 9:13 AM,51 minutes and 11 seconds,KDS - Login Don't Delete
12060 Potranco Road,Melissa  Urena,42,,Drive Thru,,9/10/25 9:10 AM,9/10/25 9:17 AM,6 minutes and 57 seconds,KDS - Login Don't Delete
12060 Potranco Road,Melissa  Urena,42,,Food,,9/10/25 9:10 AM,9/10/25 9:17 AM,6 minutes and 57 seconds,KDS - Login Don't Delete
12060 Potranco Road,Melissa  Urena,44,,Drive Thru,,9/10/25 9:14 AM,9/10/25 9:17 AM,3 minutes,KDS - Login Don't Delete
12060 Potranco Road,Melissa  Urena,44,,Food,,9/10/25 9:14 AM,9/10/25 9:17 AM,3 minutes,KDS - Login Don't Delete
12060 Potranco Road,Lizbeth Garcia,46,35,No Print,,9/10/25 9:17 AM,9/10/25 9:24 AM,7 minutes and 37 seconds,KDS - Login Don't Delete
12060 Potranco Road,Lizbeth Garcia,46,35,Food,,9/10/25 9:17 AM,9/10/25 9:24 AM,7 minutes and 37 seconds,KDS - Login Don't Delete
12060 Potranco Road,Lizbeth Garcia,48,26,No Print,,9/10/25 9:19 AM,9/10/25 9:25 AM,5 minutes and 12 seconds,KDS - Login Don't Delete
12060 Potranco Road,Lizbeth Garcia,48,26,Food,,9/10/25 9:19 AM,9/10/25 9:25 AM,5 minutes and 12 seconds,KDS - Login Don't Delete
12060 Potranco Road,Melissa  Urena,50,,Drive Thru,,9/10/25 9:21 AM,9/10/25 9:27 AM,5 minutes and 28 seconds,KDS - Login Don't Delete
12060 Potranco Road,Melissa  Urena,50,,Food,,9/10/25 9:21 AM,9/10/25 9:27 AM,5 minutes and 28 seconds,KDS - Login Don't Delete
12060 Potranco Road,Melissa  Urena,47,,Drive Thru,,9/10/25 9:18 AM,9/10/25 9:27 AM,8 minutes and 58 seconds,KDS - Login Don't Delete
12060 Potranco Road,Melissa  Urena,47,,Food,,9/10/25 9:18 AM,9/10/25 9:27 AM,8 minutes and 58 seconds,KDS - Login Don't Delete
12060 Potranco Road,Melissa  Urena,49,,Drive Thru,,9/10/25 9:20 AM,9/10/25 9:27 AM,6 minutes and 42 seconds,KDS - Login Don't Delete
12060 Potranco Road,Melissa  Urena,49,,Food,,9/10/25 9:20 AM,9/10/25 9:27 AM,6 minutes and 42 seconds,KDS - Login Don't Delete
12060 Potranco Road,Melissa  Urena,51,,Drive Thru,,9/10/25 9:31 AM,9/10/25 9:38 AM,6 minutes and 45 seconds,KDS - Login Don't Delete
12060 Potranco Road,Melissa  Urena,51,,Food,,9/10/25 9:31 AM,9/10/25 9:38 AM,6 minutes and 45 seconds,KDS - Login Don't Delete
12060 Potranco Road,Melissa  Urena,51,,Drive Thru,,9/10/25 9:33 AM,9/10/25 9:38 AM,4 minutes and 9 seconds,KDS - Login Don't Delete
12060 Potranco Road,Melissa  Urena,51,,Food,,9/10/25 9:33 AM,9/10/25 9:38 AM,4 minutes and 9 seconds,KDS - Login Don't Delete
12060 Potranco Road,Melissa  Urena,52,,Drive Thru,,9/10/25 9:33 AM,9/10/25 9:38 AM,5 minutes,KDS - Login Don't Delete
12060 Potranco Road,Melissa  Urena,52,,Food,,9/10/25 9:33 AM,9/10/25 9:38 AM,5 minutes,KDS - Login Don't Delete
12060 Potranco Road,Melissa  Urena,53,,Drive Thru,,9/10/25 9:34 AM,9/10/25 9:38 AM,3 minutes and 28 seconds,KDS - Login Don't Delete
12060 Potranco Road,Melissa  Urena,53,,Food,,9/10/25 9:34 AM,9/10/25 9:38 AM,3 minutes and 28 seconds,KDS - Login Don't Delete
12060 Potranco Road,Lizbeth Garcia,56,,No Print,,9/10/25 9:40 AM,9/10/25 9:43 AM,3 minutes and 4 seconds,KDS - Login Don't Delete
12060 Potranco Road,Lizbeth Garcia,56,,Food,,9/10/25 9:40 AM,9/10/25 9:43 AM,3 minutes and 4 seconds,KDS - Login Don't Delete
12060 Potranco Road,Lizbeth Garcia,54,,Drive Thru,,9/10/25 9:37 AM,9/10/25 9:43 AM,5 minutes and 31 seconds,KDS - Login Don't Delete
12060 Potranco Road,Lizbeth Garcia,54,,Food,,9/10/25 9:37 AM,9/10/25 9:43 AM,5 minutes and 31 seconds,KDS - Login Don't Delete
12060 Potranco Road,Lizbeth Garcia,54,,,1,9/10/25 9:43 AM,9/10/25 9:44 AM,1 minute and 21 seconds,KDS - Login Don't Delete
12060 Potranco Road,Carlos Morales,64,,Drive Thru,,9/10/25 9:47 AM,9/10/25 9:51 AM,3 minutes and 36 seconds,KDS - Login Don't Delete
12060 Potranco Road,Carlos Morales,64,,Food,,9/10/25 9:47 AM,9/10/25 9:51 AM,3 minutes and 36 seconds,KDS - Login Don't Delete
12060 Potranco Road,Sugey Cabrera,62,,Drive Thru,,9/10/25 9:46 AM,9/10/25 9:51 AM,4 minutes and 36 seconds,KDS - Login Don't Delete
12060 Potranco Road,Sugey Cabrera,62,,Food,,9/10/25 9:46 AM,9/10/25 9:51 AM,4 minutes and 36 seconds,KDS - Login Don't Delete
12060 Potranco Road,Sugey Cabrera,57,,Drive Thru,,9/10/25 9:42 AM,9/10/25 9:51 AM,8 minutes and 8 seconds,KDS - Login Don't Delete
12060 Potranco Road,Sugey Cabrera,57,,Food,,9/10/25 9:42 AM,9/10/25 9:51 AM,8 minutes and 8 seconds,KDS - Login Don't Delete
12060 Potranco Road,Melissa  Urena,59,,Food,,9/10/25 9:43 AM,9/10/25 9:51 AM,8 minutes and 3 seconds,KDS - Login Don't Delete
12060 Potranco Road,Melissa  Urena,59,,Drive Thru,,9/10/25 9:43 AM,9/10/25 9:51 AM,8 minutes and 3 seconds,KDS - Login Don't Delete
12060 Potranco Road,Melissa  Urena,58,,Drive Thru,,9/10/25 9:42 AM,9/10/25 9:51 AM,8 minutes and 11 seconds,KDS - Login Don't Delete
12060 Potranco Road,Melissa  Urena,58,,Food,,9/10/25 9:42 AM,9/10/25 9:51 AM,8 minutes and 11 seconds,KDS - Login Don't Delete
12060 Potranco Road,Melissa  Urena,63,,Drive Thru,,9/10/25 9:45 AM,9/10/25 9:53 AM,7 minutes and 28 seconds,KDS - Login Don't Delete
12060 Potranco Road,Melissa  Urena,63,,Food,,9/10/25 9:45 AM,9/10/25 9:53 AM,7 minutes and 28 seconds,KDS - Login Don't Delete
12060 Potranco Road,Melissa  Urena,61,,Food,,9/10/25 9:44 AM,9/10/25 9:53 AM,8 minutes and 30 seconds,KDS - Login Don't Delete
12060 Potranco Road,Melissa  Urena,61,,Drive Thru,,9/10/25 9:44 AM,9/10/25 9:53 AM,8 minutes and 30 seconds,KDS - Login Don't Delete
12060 Potranco Road,Candy Del Angel,66,,Drive Thru,,9/10/25 9:52 AM,9/10/25 9:55 AM,2 minutes and 48 seconds,KDS - Login Don't Delete
12060 Potranco Road,Candy Del Angel,66,,Food,,9/10/25 9:52 AM,9/10/25 9:55 AM,2 minutes and 48 seconds,KDS - Login Don't Delete
12060 Potranco Road,Sugey Cabrera,67,29,Drive Thru,,9/10/25 9:53 AM,9/10/25 9:56 AM,2 minutes and 46 seconds,KDS - Login Don't Delete
12060 Potranco Road,Sugey Cabrera,67,29,Food,,9/10/25 9:53 AM,9/10/25 9:56 AM,2 minutes and 46 seconds,KDS - Login Don't Delete
12060 Potranco Road,Sugey Cabrera,67,29,No Print,,9/10/25 9:53 AM,9/10/25 9:56 AM,2 minutes and 46 seconds,KDS - Login Don't Delete
12060 Potranco Road,Melissa  Urena,65,,Drive Thru,,9/10/25 9:54 AM,9/10/25 9:58 AM,4 minutes and 1 second,KDS - Login Don't Delete
12060 Potranco Road,Melissa  Urena,65,,Food,,9/10/25 9:54 AM,9/10/25 9:58 AM,4 minutes and 1 second,KDS - Login Don't Delete
12060 Potranco Road,Lizbeth Garcia,68,3,No Print,,9/10/25 9:54 AM,9/10/25 10:00 AM,6 minutes,KDS - Login Don't Delete
12060 Potranco Road,Lizbeth Garcia,68,3,Food,,9/10/25 9:54 AM,9/10/25 10:00 AM,6 minutes,KDS - Login Don't Delete
12060 Potranco Road,Carlos Morales,64,,,1,9/10/25 9:51 AM,9/10/25 10:03 AM,12 minutes and 52 seconds,KDS - Login Don't Delete
12060 Potranco Road,Candy Del Angel,66,,,1,9/10/25 9:55 AM,9/10/25 10:03 AM,8 minutes and 50 seconds,KDS - Login Don't Delete
12060 Potranco Road,Sugey Cabrera,62,,,1,9/10/25 9:51 AM,9/10/25 10:03 AM,12 minutes and 53 seconds,KDS - Login Don't Delete
12060 Potranco Road,Lizbeth Garcia,68,3,,1,9/10/25 10:00 AM,9/10/25 10:03 AM,3 minutes and 36 seconds,KDS - Login Don't Delete
12060 Potranco Road,Lizbeth Garcia,56,,,1,9/10/25 9:43 AM,9/10/25 10:04 AM,20 minutes and 53 seconds,KDS - Login Don't Delete
12060 Potranco Road,Lizbeth Garcia,46,35,,1,9/10/25 9:24 AM,9/10/25 10:04 AM,39 minutes and 1 second,KDS - Login Don't Delete
12060 Potranco Road,Lizbeth Garcia,48,26,,1,9/10/25 9:25 AM,9/10/25 10:04 AM,39 minutes and 1 second,KDS - Login Don't Delete
12060 Potranco Road,Sugey Cabrera,57,,,1,9/10/25 9:51 AM,9/10/25 10:04 AM,13 minutes and 3 seconds,KDS - Login Don't Delete
12060 Potranco Road,Sugey Cabrera,67,29,,1,9/10/25 9:56 AM,9/10/25 10:04 AM,7 minutes and 56 seconds,KDS - Login Don't Delete
12060 Potranco Road,Melissa  Urena,71,,Drive Thru,,9/10/25 10:03 AM,9/10/25 10:11 AM,7 minutes and 11 seconds,KDS - Login Don't Delete
12060 Potranco Road,Melissa  Urena,71,,Food,,9/10/25 10:03 AM,9/10/25 10:11 AM,7 minutes and 11 seconds,KDS - Login Don't Delete
12060 Potranco Road,Melissa  Urena,71,,Food,,9/10/25 10:03 AM,9/10/25 10:10 AM,7 minutes and 40 seconds,KDS - Login Don't Delete
12060 Potranco Road,Melissa  Urena,71,,Drive Thru,,9/10/25 10:03 AM,9/10/25 10:10 AM,7 minutes and 40 seconds,KDS - Login Don't Delete
12060 Potranco Road,Melissa  Urena,70,,Drive Thru,,9/10/25 10:02 AM,9/10/25 10:11 AM,8 minutes and 5 seconds,KDS - Login Don't Delete
12060 Potranco Road,Melissa  Urena,70,,Food,,9/10/25 10:02 AM,9/10/25 10:11 AM,8 minutes and 5 seconds,KDS - Login Don't Delete
12060 Potranco Road,Melissa  Urena,72,,Drive Thru,,9/10/25 10:07 AM,9/10/25 10:12 AM,5 minutes and 49 seconds,KDS - Login Don't Delete
12060 Potranco Road,Melissa  Urena,72,,Food,,9/10/25 10:07 AM,9/10/25 10:12 AM,5 minutes and 49 seconds,KDS - Login Don't Delete
12060 Potranco Road,Melissa  Urena,72,,Drive Thru,,9/10/25 10:07 AM,9/10/25 10:12 AM,5 minutes and 27 seconds,KDS - Login Don't Delete
12060 Potranco Road,Melissa  Urena,72,,Food,,9/10/25 10:07 AM,9/10/25 10:12 AM,5 minutes and 27 seconds,KDS - Login Don't Delete
12060 Potranco Road,Sugey Cabrera,69,2,,1,9/10/25 10:01 AM,9/10/25 10:12 AM,11 minutes and 25 seconds,KDS - Login Don't Delete
12060 Potranco Road,Melissa  Urena,73,,Drive Thru,,9/10/25 10:11 AM,9/10/25 10:12 AM,1 minute and 18 seconds,KDS - Login Don't Delete
12060 Potranco Road,Melissa  Urena,73,,Food,,9/10/25 10:11 AM,9/10/25 10:12 AM,1 minute and 18 seconds,KDS - Login Don't Delete
12060 Potranco Road,Melissa  Urena,74,,Food,,9/10/25 10:12 AM,9/10/25 10:23 AM,10 minutes and 44 seconds,KDS - Login Don't Delete
12060 Potranco Road,Melissa  Urena,74,,Drive Thru,,9/10/25 10:12 AM,9/10/25 10:23 AM,10 minutes and 44 seconds,KDS - Login Don't Delete
12060 Potranco Road,Melissa  Urena,75,,Drive Thru,,9/10/25 10:14 AM,9/10/25 10:23 AM,9 minutes and 2 seconds,KDS - Login Don't Delete
12060 Potranco Road,Melissa  Urena,75,,Food,,9/10/25 10:14 AM,9/10/25 10:23 AM,9 minutes and 2 seconds,KDS - Login Don't Delete
12060 Potranco Road,Melissa  Urena,75,,Drive Thru,,9/10/25 10:14 AM,9/10/25 10:23 AM,8 minutes and 56 seconds,KDS - Login Don't Delete
12060 Potranco Road,Melissa  Urena,75,,Food,,9/10/25 10:14 AM,9/10/25 10:23 AM,8 minutes and 56 seconds,KDS - Login Don't Delete
12060 Potranco Road,Emanuel Sanchez,76,4,No Print,,9/10/25 10:17 AM,9/10/25 10:25 AM,8 minutes and 9 seconds,KDS - Login Don't Delete
12060 Potranco Road,Emanuel Sanchez,76,4,Food,,9/10/25 10:17 AM,9/10/25 10:25 AM,8 minutes and 9 seconds,KDS - Login Don't Delete
12060 Potranco Road,Lizbeth Garcia,79,17,No Print,,9/10/25 10:24 AM,9/10/25 10:29 AM,4 minutes and 47 seconds,KDS - Login Don't Delete
12060 Potranco Road,Lizbeth Garcia,79,17,Food,,9/10/25 10:24 AM,9/10/25 10:29 AM,4 minutes and 47 seconds,KDS - Login Don't Delete
12060 Potranco Road,Lizbeth Garcia,79,17,Drive Thru,,9/10/25 10:24 AM,9/10/25 10:29 AM,4 minutes and 47 seconds,KDS - Login Don't Delete
12060 Potranco Road,Emanuel Sanchez,76,4,,1,9/10/25 10:25 AM,9/10/25 10:31 AM,6 minutes and 1 second,KDS - Login Don't Delete
12060 Potranco Road,Melissa  Urena,78,,Food,,9/10/25 10:18 AM,9/10/25 10:31 AM,12 minutes and 58 seconds,KDS - Login Don't Delete
12060 Potranco Road,Melissa  Urena,78,,Drive Thru,,9/10/25 10:18 AM,9/10/25 10:31 AM,12 minutes and 58 seconds,KDS - Login Don't Delete
12060 Potranco Road,Melissa  Urena,80,,Drive Thru,,9/10/25 10:23 AM,9/10/25 10:31 AM,8 minutes and 34 seconds,KDS - Login Don't Delete
12060 Potranco Road,Melissa  Urena,80,,Food,,9/10/25 10:23 AM,9/10/25 10:31 AM,8 minutes and 34 seconds,KDS - Login Don't Delete
12060 Potranco Road,Melissa  Urena,77,,Drive Thru,,9/10/25 10:17 AM,9/10/25 10:31 AM,14 minutes and 4 seconds,KDS - Login Don't Delete
12060 Potranco Road,Melissa  Urena,77,,Food,,9/10/25 10:17 AM,9/10/25 10:31 AM,14 minutes and 4 seconds,KDS - Login Don't Delete
12060 Potranco Road,Melissa  Urena,81,,Drive Thru,,9/10/25 10:25 AM,9/10/25 10:31 AM,5 minutes and 38 seconds,KDS - Login Don't Delete
12060 Potranco Road,Melissa  Urena,81,,Food,,9/10/25 10:25 AM,9/10/25 10:31 AM,5 minutes and 38 seconds,KDS - Login Don't Delete
12060 Potranco Road,Melissa  Urena,82,,Drive Thru,,9/10/25 10:27 AM,9/10/25 10:31 AM,4 minutes and 9 seconds,KDS - Login Don't Delete
12060 Potranco Road,Melissa  Urena,82,,Food,,9/10/25 10:27 AM,9/10/25 10:31 AM,4 minutes and 9 seconds,KDS - Login Don't Delete
12060 Potranco Road,Lizbeth Garcia,79,17,,1,9/10/25 10:29 AM,9/10/25 10:33 AM,3 minutes and 55 seconds,KDS - Login Don't Delete
12060 Potranco Road,Melissa  Urena,84,,Drive Thru,,9/10/25 10:42 AM,9/10/25 10:44 AM,2 minutes and 10 seconds,KDS - Login Don't Delete
12060 Potranco Road,Melissa  Urena,84,,Food,,9/10/25 10:42 AM,9/10/25 10:44 AM,2 minutes and 10 seconds,KDS - Login Don't Delete
12060 Potranco Road,Melissa  Urena,83,,Drive Thru,,9/10/25 10:31 AM,9/10/25 10:44 AM,13 minutes and 18 seconds,KDS - Login Don't Delete
12060 Potranco Road,Melissa  Urena,83,,Food,,9/10/25 10:31 AM,9/10/25 10:44 AM,13 minutes and 18 seconds,KDS - Login Don't Delete
12060 Potranco Road,Melissa  Urena,86,,Drive Thru,,9/10/25 10:43 AM,9/10/25 10:45 AM,1 minute and 55 seconds,KDS - Login Don't Delete
12060 Potranco Road,Melissa  Urena,86,,Food,,9/10/25 10:43 AM,9/10/25 10:45 AM,1 minute and 55 seconds,KDS - Login Don't Delete
12060 Potranco Road,Lizbeth Garcia,85,3,No Print,,9/10/25 10:44 AM,9/10/25 10:47 AM,2 minutes and 39 seconds,KDS - Login Don't Delete
12060 Potranco Road,Lizbeth Garcia,85,3,Food,,9/10/25 10:44 AM,9/10/25 10:47 AM,2 minutes and 39 seconds,KDS - Login Don't Delete
12060 Potranco Road,Melissa  Urena,87,,Drive Thru,,9/10/25 10:45 AM,9/10/25 10:48 AM,3 minutes and 24 seconds,KDS - Login Don't Delete
12060 Potranco Road,Melissa  Urena,87,,Food,,9/10/25 10:45 AM,9/10/25 10:48 AM,3 minutes and 24 seconds,KDS - Login Don't Delete
12060 Potranco Road,Lizbeth Garcia,85,3,No Print,,9/10/25 10:51 AM,9/10/25 10:54 AM,3 minutes and 9 seconds,KDS - Login Don't Delete
12060 Potranco Road,Lizbeth Garcia,85,3,Food,,9/10/25 10:51 AM,9/10/25 10:54 AM,3 minutes and 9 seconds,KDS - Login Don't Delete
12060 Potranco Road,Melissa  Urena,88,,Food,,9/10/25 10:50 AM,9/10/25 10:57 AM,6 minutes and 34 seconds,KDS - Login Don't Delete
12060 Potranco Road,Melissa  Urena,88,,Drive Thru,,9/10/25 10:50 AM,9/10/25 10:57 AM,6 minutes and 34 seconds,KDS - Login Don't Delete
12060 Potranco Road,Melissa  Urena,89,,Drive Thru,,9/10/25 10:53 AM,9/10/25 10:57 AM,3 minutes and 21 seconds,KDS - Login Don't Delete
12060 Potranco Road,Melissa  Urena,89,,Food,,9/10/25 10:53 AM,9/10/25 10:57 AM,3 minutes and 21 seconds,KDS - Login Don't Delete
12060 Potranco Road,Lizbeth Garcia,85,3,,1,9/10/25 10:47 AM,9/10/25 10:58 AM,10 minutes and 54 seconds,KDS - Login Don't Delete
12060 Potranco Road,Lizbeth Garcia,85,3,,1,9/10/25 10:54 AM,9/10/25 10:58 AM,3 minutes and 33 seconds,KDS - Login Don't Delete
12060 Potranco Road,Melissa  Urena,90,,Drive Thru,,9/10/25 10:59 AM,9/10/25 11:05 AM,6 minutes and 54 seconds,KDS - Login Don't Delete
12060 Potranco Road,Melissa  Urena,90,,Food,,9/10/25 10:59 AM,9/10/25 11:05 AM,6 minutes and 54 seconds,KDS - Login Don't Delete
12060 Potranco Road,Melissa  Urena,91,,Food,,9/10/25 11:02 AM,9/10/25 11:05 AM,3 minutes and 1 second,KDS - Login Don't Delete
12060 Potranco Road,Melissa  Urena,92,,Drive Thru,,9/10/25 11:03 AM,9/10/25 11:07 AM,4 minutes and 41 seconds,KDS - Login Don't Delete
12060 Potranco Road,Melissa  Urena,92,,Food,,9/10/25 11:03 AM,9/10/25 11:07 AM,4 minutes and 41 seconds,KDS - Login Don't Delete
12060 Potranco Road,Melissa  Urena,93,,Drive Thru,,9/10/25 11:05 AM,9/10/25 11:12 AM,7 minutes and 26 seconds,KDS - Login Don't Delete
12060 Potranco Road,Melissa  Urena,93,,Food,,9/10/25 11:05 AM,9/10/25 11:12 AM,7 minutes and 26 seconds,KDS - Login Don't Delete
12060 Potranco Road,Melissa  Urena,96,,Food,,9/10/25 11:10 AM,9/10/25 11:12 AM,2 minutes and 23 seconds,KDS - Login Don't Delete
12060 Potranco Road,Melissa  Urena,96,,Drive Thru,,9/10/25 11:10 AM,9/10/25 11:12 AM,2 minutes and 23 seconds,KDS - Login Don't Delete
12060 Potranco Road,Sugey Cabrera,98,28,No Print,,9/10/25 11:14 AM,9/10/25 11:25 AM,11 minutes and 43 seconds,KDS - Login Don't Delete
12060 Potranco Road,Sugey Cabrera,98,28,Food,,9/10/25 11:14 AM,9/10/25 11:25 AM,11 minutes and 43 seconds,KDS - Login Don't Delete
12060 Potranco Road,Emanuel Sanchez,95,32,No Print,,9/10/25 11:15 AM,9/10/25 11:25 AM,10 minutes and 35 seconds,KDS - Login Don't Delete
12060 Potranco Road,Emanuel Sanchez,95,32,Food,,9/10/25 11:15 AM,9/10/25 11:25 AM,10 minutes and 35 seconds,KDS - Login Don't Delete
12060 Potranco Road,Melissa  Urena,94,,Drive Thru,,9/10/25 11:06 AM,9/10/25 11:28 AM,21 minutes and 40 seconds,KDS - Login Don't Delete
12060 Potranco Road,Melissa  Urena,94,,Food,,9/10/25 11:06 AM,9/10/25 11:28 AM,21 minutes and 40 seconds,KDS - Login Don't Delete
12060 Potranco Road,Melissa  Urena,100,,Drive Thru,,9/10/25 11:19 AM,9/10/25 11:28 AM,8 minutes and 59 seconds,KDS - Login Don't Delete
12060 Potranco Road,Melissa  Urena,100,,Food,,9/10/25 11:19 AM,9/10/25 11:28 AM,8 minutes and 59 seconds,KDS - Login Don't Delete
12060 Potranco Road,Melissa  Urena,101,,Food,,9/10/25 11:22 AM,9/10/25 11:28 AM,5 minutes and 17 seconds,KDS - Login Don't Delete
12060 Potranco Road,Melissa  Urena,101,,Drive Thru,,9/10/25 11:22 AM,9/10/25 11:28 AM,5 minutes and 17 seconds,KDS - Login Don't Delete
12060 Potranco Road,Melissa  Urena,97,,Drive Thru,,9/10/25 11:12 AM,9/10/25 11:28 AM,16 minutes and 10 seconds,KDS - Login Don't Delete
12060 Potranco Road,Melissa  Urena,97,,Food,,9/10/25 11:12 AM,9/10/25 11:28 AM,16 minutes and 10 seconds,KDS - Login Don't Delete
12060 Potranco Road,Melissa  Urena,100,,Drive Thru,,9/10/25 11:19 AM,9/10/25 11:28 AM,9 minutes,KDS - Login Don't Delete
12060 Potranco Road,Melissa  Urena,100,,Food,,9/10/25 11:19 AM,9/10/25 11:28 AM,9 minutes,KDS - Login Don't Delete
12060 Potranco Road,Lizbeth Garcia,99,3,No Print,,9/10/25 11:17 AM,9/10/25 11:32 AM,14 minutes and 35 seconds,KDS - Login Don't Delete
12060 Potranco Road,Lizbeth Garcia,99,3,Food,,9/10/25 11:17 AM,9/10/25 11:32 AM,14 minutes and 35 seconds,KDS - Login Don't Delete
12060 Potranco Road,Lizbeth Garcia,99,3,Drive Thru,,9/10/25 11:17 AM,9/10/25 11:32 AM,14 minutes and 35 seconds,KDS - Login Don't Delete
12060 Potranco Road,Melissa  Urena,102,,Food,,9/10/25 11:30 AM,9/10/25 11:40 AM,10 minutes and 9 seconds,KDS - Login Don't Delete
12060 Potranco Road,Melissa  Urena,102,,Drive Thru,,9/10/25 11:30 AM,9/10/25 11:40 AM,10 minutes and 9 seconds,KDS - Login Don't Delete
12060 Potranco Road,Candy Del Angel,103,,Drive Thru,,9/10/25 11:35 AM,9/10/25 11:40 AM,5 minutes and 15 seconds,KDS - Login Don't Delete
12060 Potranco Road,Candy Del Angel,103,,Food,,9/10/25 11:35 AM,9/10/25 11:40 AM,5 minutes and 15 seconds,KDS - Login Don't Delete
12060 Potranco Road,Emanuel Sanchez,95,32,,1,9/10/25 11:25 AM,9/10/25 11:42 AM,16 minutes and 12 seconds,KDS - Login Don't Delete
12060 Potranco Road,Sugey Cabrera,98,28,,1,9/10/25 11:25 AM,9/10/25 11:42 AM,16 minutes and 14 seconds,KDS - Login Don't Delete
12060 Potranco Road,Lizbeth Garcia,99,3,,1,9/10/25 11:32 AM,9/10/25 11:42 AM,10 minutes and 6 seconds,KDS - Login Don't Delete
12060 Potranco Road,Candy Del Angel,103,,,1,9/10/25 11:40 AM,9/10/25 11:42 AM,1 minute and 21 seconds,KDS - Login Don't Delete
12060 Potranco Road,Lizbeth Garcia,105,21,No Print,,9/10/25 11:43 AM,9/10/25 11:47 AM,3 minutes and 33 seconds,KDS - Login Don't Delete
12060 Potranco Road,Lizbeth Garcia,105,21,Food,,9/10/25 11:43 AM,9/10/25 11:47 AM,3 minutes and 33 seconds,KDS - Login Don't Delete
12060 Potranco Road,Emanuel Sanchez,106,12,Food,,9/10/25 11:46 AM,9/10/25 11:51 AM,4 minutes and 55 seconds,KDS - Login Don't Delete
12060 Potranco Road,Emanuel Sanchez,106,12,No Print,,9/10/25 11:46 AM,9/10/25 11:51 AM,4 minutes and 55 seconds,KDS - Login Don't Delete
12060 Potranco Road,Lizbeth Garcia,105,21,,1,9/10/25 11:47 AM,9/10/25 11:51 AM,4 minutes and 34 seconds,KDS - Login Don't Delete
12060 Potranco Road,Emanuel Sanchez,106,12,,1,9/10/25 11:51 AM,9/10/25 11:51 AM,26 seconds,KDS - Login Don't Delete
12060 Potranco Road,Sugey Cabrera,104,23,No Print,,9/10/25 11:49 AM,9/10/25 12:03 PM,14 minutes and 20 seconds,KDS - Login Don't Delete
12060 Potranco Road,Sugey Cabrera,104,23,Food,,9/10/25 11:49 AM,9/10/25 12:03 PM,14 minutes and 20 seconds,KDS - Login Don't Delete
12060 Potranco Road,Sugey Cabrera,104,23,Drive Thru,,9/10/25 11:49 AM,9/10/25 12:03 PM,14 minutes and 20 seconds,KDS - Login Don't Delete
12060 Potranco Road,Melissa  Urena,108,,Drive Thru,,9/10/25 11:54 AM,9/10/25 12:10 PM,15 minutes and 56 seconds,KDS - Login Don't Delete
12060 Potranco Road,Melissa  Urena,108,,Food,,9/10/25 11:54 AM,9/10/25 12:10 PM,15 minutes and 56 seconds,KDS - Login Don't Delete
12060 Potranco Road,Melissa  Urena,107,,Drive Thru,,9/10/25 11:53 AM,9/10/25 12:10 PM,17 minutes and 45 seconds,KDS - Login Don't Delete
12060 Potranco Road,Melissa  Urena,107,,Food,,9/10/25 11:53 AM,9/10/25 12:10 PM,17 minutes and 45 seconds,KDS - Login Don't Delete
12060 Potranco Road,Melissa  Urena,109,,Food,,9/10/25 11:55 AM,9/10/25 12:10 PM,15 minutes and 42 seconds,KDS - Login Don't Delete
12060 Potranco Road,Melissa  Urena,109,,Drive Thru,,9/10/25 11:58 AM,9/10/25 12:10 PM,12 minutes and 33 seconds,KDS - Login Don't Delete
12060 Potranco Road,Melissa  Urena,109,,Food,,9/10/25 11:58 AM,9/10/25 12:10 PM,12 minutes and 33 seconds,KDS - Login Don't Delete
12060 Potranco Road,Melissa  Urena,110,,Food,,9/10/25 11:57 AM,9/10/25 12:10 PM,13 minutes and 21 seconds,KDS - Login Don't Delete
12060 Potranco Road,Melissa  Urena,110,,Drive Thru,,9/10/25 12:00 PM,9/10/25 12:10 PM,10 minutes and 44 seconds,KDS - Login Don't Delete
12060 Potranco Road,Melissa  Urena,110,,Food,,9/10/25 12:00 PM,9/10/25 12:10 PM,10 minutes and 44 seconds,KDS - Login Don't Delete
12060 Potranco Road,Emanuel Sanchez,112,22,No Print,,9/10/25 12:06 PM,9/10/25 12:11 PM,4 minutes and 34 seconds,KDS - Login Don't Delete
12060 Potranco Road,Emanuel Sanchez,112,22,Food,,9/10/25 12:06 PM,9/10/25 12:11 PM,4 minutes and 34 seconds,KDS - Login Don't Delete
12060 Potranco Road,Sugey Cabrera,104,23,,1,9/10/25 11:52 AM,9/10/25 12:14 PM,21 minutes and 38 seconds,KDS - Login Don't Delete
12060 Potranco Road,Emanuel Sanchez,112,22,,1,9/10/25 12:11 PM,9/10/25 12:14 PM,3 minutes and 4 seconds,KDS - Login Don't Delete
12060 Potranco Road,Sugey Cabrera,104,23,,1,9/10/25 12:03 PM,9/10/25 12:14 PM,10 minutes and 39 seconds,KDS - Login Don't Delete
12060 Potranco Road,Lizbeth Garcia,105,21,No Print,,9/10/25 12:06 PM,9/10/25 12:16 PM,9 minutes and 50 seconds,KDS - Login Don't Delete
12060 Potranco Road,Lizbeth Garcia,105,21,Food,,9/10/25 12:06 PM,9/10/25 12:16 PM,9 minutes and 50 seconds,KDS - Login Don't Delete
12060 Potranco Road,Lizbeth Garcia,113,18,No Print,,9/10/25 12:11 PM,9/10/25 12:16 PM,5 minutes and 13 seconds,KDS - Login Don't Delete
12060 Potranco Road,Lizbeth Garcia,113,18,Food,,9/10/25 12:11 PM,9/10/25 12:16 PM,5 minutes and 13 seconds,KDS - Login Don't Delete
12060 Potranco Road,Lizbeth Garcia,105,21,,1,9/10/25 12:16 PM,9/10/25 12:16 PM,5 seconds,KDS - Login Don't Delete
12060 Potranco Road,Melissa  Urena,114,,Drive Thru,,9/10/25 12:12 PM,9/10/25 12:21 PM,9 minutes and 23 seconds,KDS - Login Don't Delete
12060 Potranco Road,Melissa  Urena,114,,Food,,9/10/25 12:12 PM,9/10/25 12:21 PM,9 minutes and 23 seconds,KDS - Login Don't Delete
12060 Potranco Road,Sugey Cabrera,104,23,Food,,9/10/25 12:19 PM,9/10/25 12:21 PM,2 minutes and 24 seconds,KDS - Login Don't Delete
12060 Potranco Road,Melissa  Urena,116,,Food,,9/10/25 12:18 PM,9/10/25 12:21 PM,2 minutes and 56 seconds,KDS - Login Don't Delete
12060 Potranco Road,Melissa  Urena,116,,Drive Thru,,9/10/25 12:18 PM,9/10/25 12:21 PM,2 minutes and 56 seconds,KDS - Login Don't Delete
12060 Potranco Road,Sugey Cabrera,104,23,,1,9/10/25 12:21 PM,9/10/25 12:29 PM,7 minutes and 57 seconds,KDS - Login Don't Delete
12060 Potranco Road,Lizbeth Garcia,113,18,,1,9/10/25 12:16 PM,9/10/25 12:29 PM,13 minutes and 8 seconds,KDS - Login Don't Delete
12060 Potranco Road,Sugey Cabrera,115,34,,1,9/10/25 12:14 PM,9/10/25 12:29 PM,14 minutes and 48 seconds,KDS - Login Don't Delete
12060 Potranco Road,Sugey Cabrera,117,1,,1,9/10/25 12:20 PM,9/10/25 12:33 PM,12 minutes and 48 seconds,KDS - Login Don't Delete
12060 Potranco Road,Emanuel Sanchez,119,5,No Print,,9/10/25 12:23 PM,9/10/25 12:34 PM,10 minutes and 47 seconds,KDS - Login Don't Delete
12060 Potranco Road,Emanuel Sanchez,119,5,Food,,9/10/25 12:23 PM,9/10/25 12:34 PM,10 minutes and 47 seconds,KDS - Login Don't Delete
12060 Potranco Road,Lizbeth Garcia,121,16,No Print,,9/10/25 12:30 PM,9/10/25 12:34 PM,4 minutes and 36 seconds,KDS - Login Don't Delete
12060 Potranco Road,Lizbeth Garcia,121,16,Food,,9/10/25 12:30 PM,9/10/25 12:34 PM,4 minutes and 36 seconds,KDS - Login Don't Delete
12060 Potranco Road,Candy Del Angel,118,,Drive Thru,,9/10/25 12:21 PM,9/10/25 12:36 PM,15 minutes and 10 seconds,KDS - Login Don't Delete
12060 Potranco Road,Candy Del Angel,118,,Food,,9/10/25 12:21 PM,9/10/25 12:36 PM,15 minutes and 10 seconds,KDS - Login Don't Delete
12060 Potranco Road,Candy Del Angel,118,,No Print,,9/10/25 12:21 PM,9/10/25 12:36 PM,15 minutes and 10 seconds,KDS - Login Don't Delete
12060 Potranco Road,Candy Del Angel,118,,Drinks,,9/10/25 12:21 PM,9/10/25 12:36 PM,15 minutes and 10 seconds,KDS - Login Don't Delete
12060 Potranco Road,Emanuel Sanchez,124,14,,1,9/10/25 12:33 PM,9/10/25 12:38 PM,4 minutes and 51 seconds,KDS - Login Don't Delete
12060 Potranco Road,Lizbeth Garcia,125,21,No Print,,9/10/25 12:33 PM,9/10/25 12:44 PM,10 minutes and 54 seconds,KDS - Login Don't Delete
12060 Potranco Road,Lizbeth Garcia,125,21,Food,,9/10/25 12:33 PM,9/10/25 12:44 PM,10 minutes and 54 seconds,KDS - Login Don't Delete
12060 Potranco Road,Sugey Cabrera,128,7,No Print,,9/10/25 12:38 PM,9/10/25 12:44 PM,6 minutes and 17 seconds,KDS - Login Don't Delete
12060 Potranco Road,Sugey Cabrera,128,7,Food,,9/10/25 12:38 PM,9/10/25 12:44 PM,6 minutes and 17 seconds,KDS - Login Don't Delete
12060 Potranco Road,Melissa  Urena,126,,Food,,9/10/25 12:34 PM,9/10/25 12:45 PM,11 minutes and 2 seconds,KDS - Login Don't Delete
12060 Potranco Road,Melissa  Urena,126,,Drive Thru,,9/10/25 12:34 PM,9/10/25 12:45 PM,11 minutes and 2 seconds,KDS - Login Don't Delete
12060 Potranco Road,Melissa  Urena,120,,Drive Thru,,9/10/25 12:25 PM,9/10/25 12:45 PM,19 minutes and 55 seconds,KDS - Login Don't Delete
12060 Potranco Road,Melissa  Urena,120,,Food,,9/10/25 12:25 PM,9/10/25 12:45 PM,19 minutes and 55 seconds,KDS - Login Don't Delete
12060 Potranco Road,Melissa  Urena,122,,Drive Thru,,9/10/25 12:27 PM,9/10/25 12:45 PM,18 minutes and 5 seconds,KDS - Login Don't Delete
12060 Potranco Road,Melissa  Urena,122,,Food,,9/10/25 12:27 PM,9/10/25 12:45 PM,18 minutes and 5 seconds,KDS - Login Don't Delete
12060 Potranco Road,Candy Del Angel,118,,,1,9/10/25 12:36 PM,9/10/25 12:46 PM,10 minutes and 7 seconds,KDS - Login Don't Delete
12060 Potranco Road,Emanuel Sanchez,119,5,,1,9/10/25 12:34 PM,9/10/25 12:47 PM,12 minutes and 23 seconds,KDS - Login Don't Delete
12060 Potranco Road,Lizbeth Garcia,121,16,,1,9/10/25 12:34 PM,9/10/25 12:47 PM,12 minutes and 24 seconds,KDS - Login Don't Delete
12060 Potranco Road,Lizbeth Garcia,125,21,,1,9/10/25 12:44 PM,9/10/25 12:47 PM,2 minutes and 24 seconds,KDS - Login Don't Delete
12060 Potranco Road,Sugey Cabrera,128,7,,1,9/10/25 12:44 PM,9/10/25 12:47 PM,2 minutes and 48 seconds,KDS - Login Don't Delete
12060 Potranco Road,Melissa  Urena,137,,Drive Thru,,9/10/25 12:48 PM,9/10/25 12:52 PM,4 minutes and 3 seconds,KDS - Login Don't Delete
12060 Potranco Road,Melissa  Urena,137,,Food,,9/10/25 12:48 PM,9/10/25 12:52 PM,4 minutes and 3 seconds,KDS - Login Don't Delete
12060 Potranco Road,Melissa  Urena,129,,Drive Thru,,9/10/25 12:36 PM,9/10/25 12:52 PM,16 minutes and 29 seconds,KDS - Login Don't Delete
12060 Potranco Road,Melissa  Urena,129,,Food,,9/10/25 12:36 PM,9/10/25 12:52 PM,16 minutes and 29 seconds,KDS - Login Don't Delete
12060 Potranco Road,Melissa  Urena,131,,Drive Thru,,9/10/25 12:44 PM,9/10/25 12:52 PM,8 minutes and 20 seconds,KDS - Login Don't Delete
12060 Potranco Road,Melissa  Urena,131,,Food,,9/10/25 12:44 PM,9/10/25 12:52 PM,8 minutes and 20 seconds,KDS - Login Don't Delete
12060 Potranco Road,Sugey Cabrera,128,7,,1,9/10/25 12:51 PM,9/10/25 1:00 PM,8 minutes and 24 seconds,KDS - Login Don't Delete
12060 Potranco Road,Sugey Cabrera,139,18,,1,9/10/25 12:55 PM,9/10/25 1:00 PM,5 minutes and 27 seconds,KDS - Login Don't Delete
12060 Potranco Road,Candy Del Angel,140,,,1,9/10/25 12:58 PM,9/10/25 1:04 PM,6 minutes and 14 seconds,KDS - Login Don't Delete
12060 Potranco Road,Emanuel Sanchez,142,31,,1,9/10/25 1:00 PM,9/10/25 1:07 PM,7 minutes and 2 seconds,KDS - Login Don't Delete
12060 Potranco Road,Lizbeth Garcia,150,12,No Print,,9/10/25 1:12 PM,9/10/25 1:22 PM,9 minutes and 39 seconds,KDS - Login Don't Delete
12060 Potranco Road,Lizbeth Garcia,150,12,Food,,9/10/25 1:12 PM,9/10/25 1:22 PM,9 minutes and 39 seconds,KDS - Login Don't Delete
12060 Potranco Road,Sugey Cabrera,152,3,No Print,,9/10/25 1:14 PM,9/10/25 1:22 PM,7 minutes and 40 seconds,KDS - Login Don't Delete
12060 Potranco Road,Sugey Cabrera,152,3,Food,,9/10/25 1:14 PM,9/10/25 1:22 PM,7 minutes and 40 seconds,KDS - Login Don't Delete
12060 Potranco Road,Melissa  Urena,147,,Food,,9/10/25 1:06 PM,9/10/25 1:23 PM,16 minutes and 33 seconds,KDS - Login Don't Delete
12060 Potranco Road,Melissa  Urena,141,,Drive Thru,,9/10/25 1:00 PM,9/10/25 1:23 PM,23 minutes and 24 seconds,KDS - Login Don't Delete
12060 Potranco Road,Melissa  Urena,141,,Food,,9/10/25 1:00 PM,9/10/25 1:23 PM,23 minutes and 24 seconds,KDS - Login Don't Delete
12060 Potranco Road,Melissa  Urena,154,,Drive Thru,,9/10/25 1:17 PM,9/10/25 1:23 PM,5 minutes and 49 seconds,KDS - Login Don't Delete
12060 Potranco Road,Melissa  Urena,154,,Food,,9/10/25 1:17 PM,9/10/25 1:23 PM,5 minutes and 49 seconds,KDS - Login Don't Delete
12060 Potranco Road,Melissa  Urena,143,,Drive Thru,,9/10/25 1:00 PM,9/10/25 1:23 PM,22 minutes and 47 seconds,KDS - Login Don't Delete
12060 Potranco Road,Melissa  Urena,143,,Food,,9/10/25 1:00 PM,9/10/25 1:23 PM,22 minutes and 47 seconds,KDS - Login Don't Delete
12060 Potranco Road,Lizbeth Garcia,150,12,,1,9/10/25 1:22 PM,9/10/25 1:26 PM,4 minutes and 12 seconds,KDS - Login Don't Delete
12060 Potranco Road,Sugey Cabrera,152,3,,1,9/10/25 1:22 PM,9/10/25 1:26 PM,4 minutes and 9 seconds,KDS - Login Don't Delete
12060 Potranco Road,Sugey Cabrera,155,,,1,9/10/25 1:18 PM,9/10/25 1:26 PM,7 minutes and 47 seconds,KDS - Login Don't Delete
12060 Potranco Road,Emanuel Sanchez,158,,,1,9/10/25 1:28 PM,9/10/25 1:36 PM,7 minutes and 50 seconds,KDS - Login Don't Delete
12060 Potranco Road,Sugey Cabrera,152,3,,1,9/10/25 1:35 PM,9/10/25 1:36 PM,42 seconds,KDS - Login Don't Delete
12060 Potranco Road,Candy Del Angel,146,,,1,9/10/25 1:07 PM,9/10/25 1:36 PM,28 minutes and 59 seconds,KDS - Login Don't Delete
12060 Potranco Road,Melissa  Urena,157,,Drive Thru,,9/10/25 1:29 PM,9/10/25 1:39 PM,10 minutes and 18 seconds,KDS - Login Don't Delete
12060 Potranco Road,Melissa  Urena,157,,Food,,9/10/25 1:29 PM,9/10/25 1:39 PM,10 minutes and 18 seconds,KDS - Login Don't Delete
12060 Potranco Road,Melissa  Urena,156,,Food,,9/10/25 1:21 PM,9/10/25 1:39 PM,18 minutes and 8 seconds,KDS - Login Don't Delete
12060 Potranco Road,Melissa  Urena,156,,Drive Thru,,9/10/25 1:21 PM,9/10/25 1:39 PM,18 minutes and 8 seconds,KDS - Login Don't Delete
12060 Potranco Road,Melissa  Urena,163,,Drive Thru,,9/10/25 1:38 PM,9/10/25 1:45 PM,7 minutes and 37 seconds,KDS - Login Don't Delete
12060 Potranco Road,Melissa  Urena,164,,Drive Thru,,9/10/25 1:39 PM,9/10/25 1:45 PM,6 minutes and 35 seconds,KDS - Login Don't Delete
12060 Potranco Road,Melissa  Urena,164,,Food,,9/10/25 1:39 PM,9/10/25 1:45 PM,6 minutes and 35 seconds,KDS - Login Don't Delete
12060 Potranco Road,Melissa  Urena,161,,Drive Thru,,9/10/25 1:35 PM,9/10/25 1:45 PM,10 minutes and 45 seconds,KDS - Login Don't Delete
12060 Potranco Road,Melissa  Urena,161,,Food,,9/10/25 1:35 PM,9/10/25 1:45 PM,10 minutes and 45 seconds,KDS - Login Don't Delete
12060 Potranco Road,Melissa  Urena,163,,Food,,9/10/25 1:38 PM,9/10/25 1:45 PM,7 minutes and 37 seconds,KDS - Login Don't Delete
12060 Potranco Road,Sugey Cabrera,159,,Drive Thru,,9/10/25 1:34 PM,9/10/25 1:54 PM,20 minutes and 15 seconds,KDS - Login Don't Delete
12060 Potranco Road,Sugey Cabrera,159,,Food,,9/10/25 1:34 PM,9/10/25 1:54 PM,20 minutes and 15 seconds,KDS - Login Don't Delete
12060 Potranco Road,Gabriel Tovar ,166,,No Print,,9/10/25 1:45 PM,9/10/25 1:56 PM,10 minutes and 51 seconds,KDS - Login Don't Delete
12060 Potranco Road,Gabriel Tovar ,166,,Food,,9/10/25 1:45 PM,9/10/25 1:56 PM,10 minutes and 51 seconds,KDS - Login Don't Delete
12060 Potranco Road,Candy Del Angel,168,,Drive Thru,,9/10/25 1:56 PM,9/10/25 1:56 PM,25 seconds,KDS - Login Don't Delete
12060 Potranco Road,Candy Del Angel,168,,Food,,9/10/25 1:56 PM,9/10/25 1:56 PM,25 seconds,KDS - Login Don't Delete
12060 Potranco Road,Melissa  Urena,170,,Drive Thru,,9/10/25 1:56 PM,9/10/25 2:00 PM,4 minutes and 7 seconds,KDS - Login Don't Delete
12060 Potranco Road,Melissa  Urena,170,,Food,,9/10/25 1:56 PM,9/10/25 2:00 PM,4 minutes and 7 seconds,KDS - Login Don't Delete
12060 Potranco Road,Melissa  Urena,165,,Drive Thru,,9/10/25 1:44 PM,9/10/25 2:00 PM,15 minutes and 45 seconds,KDS - Login Don't Delete
12060 Potranco Road,Melissa  Urena,165,,Food,,9/10/25 1:44 PM,9/10/25 2:00 PM,15 minutes and 45 seconds,KDS - Login Don't Delete
12060 Potranco Road,Melissa  Urena,171,,Drive Thru,,9/10/25 1:58 PM,9/10/25 2:00 PM,2 minutes and 18 seconds,KDS - Login Don't Delete
12060 Potranco Road,Melissa  Urena,171,,Food,,9/10/25 1:58 PM,9/10/25 2:00 PM,2 minutes and 18 seconds,KDS - Login Don't Delete
12060 Potranco Road,Lizbeth Garcia,172,15,No Print,,9/10/25 2:01 PM,9/10/25 2:04 PM,3 minutes and 31 seconds,KDS - Login Don't Delete
12060 Potranco Road,Lizbeth Garcia,172,15,Food,,9/10/25 2:01 PM,9/10/25 2:04 PM,3 minutes and 31 seconds,KDS - Login Don't Delete
12060 Potranco Road,Lizbeth Garcia,172,15,Drive Thru,,9/10/25 2:01 PM,9/10/25 2:04 PM,3 minutes and 31 seconds,KDS - Login Don't Delete
12060 Potranco Road,Sugey Cabrera,159,,,1,9/10/25 1:54 PM,9/10/25 2:08 PM,13 minutes and 47 seconds,KDS - Login Don't Delete
12060 Potranco Road,Melissa  Urena,175,,Drive Thru,,9/10/25 2:15 PM,9/10/25 2:18 PM,2 minutes and 45 seconds,KDS - Login Don't Delete
12060 Potranco Road,Melissa  Urena,175,,Food,,9/10/25 2:15 PM,9/10/25 2:18 PM,2 minutes and 45 seconds,KDS - Login Don't Delete
12060 Potranco Road,Candy Del Angel,168,,,1,9/10/25 1:56 PM,9/10/25 2:21 PM,24 minutes and 34 seconds,KDS - Login Don't Delete
12060 Potranco Road,Emanuel Sanchez,173,,,1,9/10/25 2:10 PM,9/10/25 2:21 PM,11 minutes and 24 seconds,KDS - Login Don't Delete
12060 Potranco Road,Gabriel Tovar ,166,,,1,9/10/25 1:56 PM,9/10/25 2:21 PM,24 minutes and 36 seconds,KDS - Login Don't Delete
12060 Potranco Road,Lizbeth Garcia,172,15,,1,9/10/25 2:01 PM,9/10/25 2:24 PM,23 minutes and 11 seconds,KDS - Login Don't Delete
12060 Potranco Road,Mario Jimenez,179,,Drive Thru,,9/10/25 2:23 PM,9/10/25 2:25 PM,1 minute and 24 seconds,KDS - Login Don't Delete
12060 Potranco Road,Mario Jimenez,179,,Food,,9/10/25 2:23 PM,9/10/25 2:25 PM,1 minute and 24 seconds,KDS - Login Don't Delete
12060 Potranco Road,Emanuel Sanchez,174,3,No Print,,9/10/25 2:14 PM,9/10/25 2:27 PM,13 minutes and 15 seconds,KDS - Login Don't Delete
12060 Potranco Road,Emanuel Sanchez,174,3,Food,,9/10/25 2:14 PM,9/10/25 2:27 PM,13 minutes and 15 seconds,KDS - Login Don't Delete
12060 Potranco Road,Emanuel Sanchez,178,,Drive Thru,,9/10/25 2:22 PM,9/10/25 2:32 PM,9 minutes and 51 seconds,KDS - Login Don't Delete
12060 Potranco Road,Emanuel Sanchez,178,,Food,,9/10/25 2:22 PM,9/10/25 2:32 PM,9 minutes and 51 seconds,KDS - Login Don't Delete
12060 Potranco Road,Emanuel Sanchez,174,3,,1,9/10/25 2:27 PM,9/10/25 2:45 PM,17 minutes and 34 seconds,KDS - Login Don't Delete
12060 Potranco Road,Emanuel Sanchez,178,,,1,9/10/25 2:32 PM,9/10/25 2:45 PM,12 minutes and 25 seconds,KDS - Login Don't Delete
12060 Potranco Road,Mario Jimenez,185,,Drive Thru,,9/10/25 2:54 PM,9/10/25 2:59 PM,5 minutes,KDS - Login Don't Delete
12060 Potranco Road,Mario Jimenez,185,,Food,,9/10/25 2:54 PM,9/10/25 2:59 PM,5 minutes,KDS - Login Don't Delete
12060 Potranco Road,Emanuel Sanchez,174,3,No Print,,9/10/25 3:05 PM,9/10/25 3:05 PM,9 seconds,KDS - Login Don't Delete
12060 Potranco Road,Emanuel Sanchez,174,3,Food,,9/10/25 3:05 PM,9/10/25 3:05 PM,9 seconds,KDS - Login Don't Delete
12060 Potranco Road,Mario Jimenez,187,,Drive Thru,,9/10/25 3:06 PM,9/10/25 3:09 PM,2 minutes and 54 seconds,KDS - Login Don't Delete
12060 Potranco Road,Mario Jimenez,187,,Food,,9/10/25 3:06 PM,9/10/25 3:09 PM,2 minutes and 54 seconds,KDS - Login Don't Delete
12060 Potranco Road,Emanuel Sanchez,186,22,No Print,,9/10/25 3:01 PM,9/10/25 3:09 PM,8 minutes and 22 seconds,KDS - Login Don't Delete
12060 Potranco Road,Emanuel Sanchez,186,22,Food,,9/10/25 3:01 PM,9/10/25 3:09 PM,8 minutes and 22 seconds,KDS - Login Don't Delete
12060 Potranco Road,Emanuel Sanchez,186,22,Drive Thru,,9/10/25 3:01 PM,9/10/25 3:09 PM,8 minutes and 22 seconds,KDS - Login Don't Delete
12060 Potranco Road,Mario Jimenez,190,,Drive Thru,,9/10/25 3:17 PM,9/10/25 3:19 PM,1 minute and 49 seconds,KDS - Login Don't Delete
12060 Potranco Road,Mario Jimenez,190,,Food,,9/10/25 3:17 PM,9/10/25 3:19 PM,1 minute and 49 seconds,KDS - Login Don't Delete
12060 Potranco Road,Emanuel Sanchez,188,4,No Print,,9/10/25 3:12 PM,9/10/25 3:23 PM,10 minutes and 44 seconds,KDS - Login Don't Delete
12060 Potranco Road,Emanuel Sanchez,188,4,Food,,9/10/25 3:12 PM,9/10/25 3:23 PM,10 minutes and 44 seconds,KDS - Login Don't Delete
12060 Potranco Road,Emanuel Sanchez,189,26,No Print,,9/10/25 3:18 PM,9/10/25 3:23 PM,5 minutes and 11 seconds,KDS - Login Don't Delete
12060 Potranco Road,Emanuel Sanchez,189,26,Food,,9/10/25 3:18 PM,9/10/25 3:23 PM,5 minutes and 11 seconds,KDS - Login Don't Delete
12060 Potranco Road,Emanuel Sanchez,186,22,,1,9/10/25 3:01 PM,9/10/25 3:25 PM,24 minutes and 12 seconds,KDS - Login Don't Delete
12060 Potranco Road,Emanuel Sanchez,189,26,,1,9/10/25 3:23 PM,9/10/25 3:25 PM,2 minutes and 7 seconds,KDS - Login Don't Delete
12060 Potranco Road,Emanuel Sanchez,174,3,,1,9/10/25 3:05 PM,9/10/25 3:25 PM,20 minutes and 38 seconds,KDS - Login Don't Delete
12060 Potranco Road,Emanuel Sanchez,188,4,,1,9/10/25 3:23 PM,9/10/25 3:25 PM,2 minutes and 15 seconds,KDS - Login Don't Delete
12060 Potranco Road,Emanuel Sanchez,188,4,Drive Thru,,9/10/25 3:28 PM,9/10/25 3:30 PM,2 minutes and 21 seconds,KDS - Login Don't Delete
12060 Potranco Road,Emanuel Sanchez,188,4,Food,,9/10/25 3:28 PM,9/10/25 3:30 PM,2 minutes and 21 seconds,KDS - Login Don't Delete
12060 Potranco Road,Emanuel Sanchez,189,26,Drive Thru,,9/10/25 3:32 PM,9/10/25 3:32 PM,24 seconds,KDS - Login Don't Delete
12060 Potranco Road,Emanuel Sanchez,189,26,Food,,9/10/25 3:32 PM,9/10/25 3:32 PM,24 seconds,KDS - Login Don't Delete
12060 Potranco Road,Emanuel Sanchez,193,8,No Print,,9/10/25 3:31 PM,9/10/25 3:35 PM,3 minutes and 27 seconds,KDS - Login Don't Delete
12060 Potranco Road,Emanuel Sanchez,193,8,Food,,9/10/25 3:31 PM,9/10/25 3:35 PM,3 minutes and 27 seconds,KDS - Login Don't Delete
12060 Potranco Road,Mario Jimenez,195,,Drive Thru,,9/10/25 3:39 PM,9/10/25 3:42 PM,3 minutes and 31 seconds,KDS - Login Don't Delete
12060 Potranco Road,Mario Jimenez,195,,Food,,9/10/25 3:39 PM,9/10/25 3:42 PM,3 minutes and 31 seconds,KDS - Login Don't Delete
12060 Potranco Road,Emanuel Sanchez,188,4,,1,9/10/25 3:30 PM,9/10/25 3:50 PM,19 minutes and 25 seconds,KDS - Login Don't Delete
12060 Potranco Road,Emanuel Sanchez,193,8,,1,9/10/25 3:35 PM,9/10/25 3:50 PM,14 minutes and 42 seconds,KDS - Login Don't Delete
12060 Potranco Road,Emanuel Sanchez,189,26,,1,9/10/25 3:32 PM,9/10/25 3:50 PM,17 minutes and 29 seconds,KDS - Login Don't Delete
12060 Potranco Road,Gabriel Tovar ,198,,,1,9/10/25 4:01 PM,9/10/25 4:16 PM,15 minutes and 9 seconds,KDS - Login Don't Delete
12060 Potranco Road,Mario Jimenez,199,,Drive Thru,,9/10/25 4:27 PM,9/10/25 4:31 PM,4 minutes and 1 second,KDS - Login Don't Delete
12060 Potranco Road,Mario Jimenez,199,,Food,,9/10/25 4:27 PM,9/10/25 4:31 PM,4 minutes and 1 second,KDS - Login Don't Delete
12060 Potranco Road,Lisa Velasquez,201,18,Drive Thru,,9/10/25 4:44 PM,9/10/25 4:46 PM,2 minutes and 10 seconds,KDS - Login Don't Delete
12060 Potranco Road,Lisa Velasquez,201,18,Food,,9/10/25 4:44 PM,9/10/25 4:46 PM,2 minutes and 10 seconds,KDS - Login Don't Delete
12060 Potranco Road,Lisa Velasquez,201,18,No Print,,9/10/25 4:49 PM,9/10/25 5:01 PM,12 minutes and 36 seconds,KDS - Login Don't Delete
12060 Potranco Road,Lisa Velasquez,201,18,Food,,9/10/25 4:49 PM,9/10/25 5:01 PM,12 minutes and 36 seconds,KDS - Login Don't Delete
12060 Potranco Road,Lisa Velasquez,202,12,No Print,,9/10/25 4:53 PM,9/10/25 5:01 PM,8 minutes and 40 seconds,KDS - Login Don't Delete
12060 Potranco Road,Lisa Velasquez,202,12,Food,,9/10/25 4:53 PM,9/10/25 5:01 PM,8 minutes and 40 seconds,KDS - Login Don't Delete
12060 Potranco Road,Mario Jimenez,204,,Drive Thru,,9/10/25 5:02 PM,9/10/25 5:05 PM,3 minutes and 3 seconds,KDS - Login Don't Delete
12060 Potranco Road,Mario Jimenez,204,,Food,,9/10/25 5:02 PM,9/10/25 5:05 PM,3 minutes and 3 seconds,KDS - Login Don't Delete
12060 Potranco Road,Emanuel Sanchez,203,1,No Print,,9/10/25 4:56 PM,9/10/25 5:05 PM,8 minutes and 57 seconds,KDS - Login Don't Delete
12060 Potranco Road,Emanuel Sanchez,203,1,Food,,9/10/25 4:56 PM,9/10/25 5:05 PM,8 minutes and 57 seconds,KDS - Login Don't Delete
12060 Potranco Road,Mario Jimenez,200,,Drive Thru,,9/10/25 5:06 PM,9/10/25 5:09 PM,3 minutes and 12 seconds,KDS - Login Don't Delete
12060 Potranco Road,Mario Jimenez,200,,Food,,9/10/25 5:06 PM,9/10/25 5:09 PM,3 minutes and 12 seconds,KDS - Login Don't Delete
12060 Potranco Road,Mario Jimenez,205,,Food,,9/10/25 5:10 PM,9/10/25 5:18 PM,7 minutes and 22 seconds,KDS - Login Don't Delete
12060 Potranco Road,Mario Jimenez,205,,Drive Thru,,9/10/25 5:10 PM,9/10/25 5:18 PM,7 minutes and 22 seconds,KDS - Login Don't Delete
12060 Potranco Road,Lisa Velasquez,201,18,,1,9/10/25 4:46 PM,9/10/25 5:23 PM,37 minutes and 8 seconds,KDS - Login Don't Delete
12060 Potranco Road,Emanuel Sanchez,203,1,,1,9/10/25 5:05 PM,9/10/25 5:23 PM,18 minutes and 18 seconds,KDS - Login Don't Delete
12060 Potranco Road,Lisa Velasquez,201,18,,1,9/10/25 5:01 PM,9/10/25 5:23 PM,22 minutes and 2 seconds,KDS - Login Don't Delete
12060 Potranco Road,Lisa Velasquez,202,12,,1,9/10/25 5:01 PM,9/10/25 5:23 PM,22 minutes and 1 second,KDS - Login Don't Delete
12060 Potranco Road,Mario Jimenez,206,,Drive Thru,,9/10/25 5:23 PM,9/10/25 5:25 PM,2 minutes and 22 seconds,KDS - Login Don't Delete
12060 Potranco Road,Mario Jimenez,206,,Food,,9/10/25 5:23 PM,9/10/25 5:25 PM,2 minutes and 22 seconds,KDS - Login Don't Delete
12060 Potranco Road,Emanuel Sanchez,208,31,No Print,,9/10/25 5:18 PM,9/10/25 5:26 PM,7 minutes and 58 seconds,KDS - Login Don't Delete
12060 Potranco Road,Emanuel Sanchez,208,31,Food,,9/10/25 5:18 PM,9/10/25 5:26 PM,7 minutes and 58 seconds,KDS - Login Don't Delete
12060 Potranco Road,Lisa Velasquez,207,22,No Print,,9/10/25 5:17 PM,9/10/25 5:26 PM,8 minutes and 47 seconds,KDS - Login Don't Delete
12060 Potranco Road,Lisa Velasquez,207,22,Food,,9/10/25 5:17 PM,9/10/25 5:26 PM,8 minutes and 47 seconds,KDS - Login Don't Delete
12060 Potranco Road,Lisa Velasquez,207,22,Drive Thru,,9/10/25 5:17 PM,9/10/25 5:26 PM,8 minutes and 47 seconds,KDS - Login Don't Delete
12060 Potranco Road,Lisa Velasquez,207,22,,1,9/10/25 5:26 PM,9/10/25 6:00 PM,34 minutes and 16 seconds,KDS - Login Don't Delete
12060 Potranco Road,Emanuel Sanchez,208,31,,1,9/10/25 5:26 PM,9/10/25 6:00 PM,34 minutes and 25 seconds,KDS - Login Don't Delete
12060 Potranco Road,Mario Jimenez,213,,Drive Thru,,9/10/25 5:59 PM,9/10/25 6:01 PM,1 minute and 46 seconds,KDS - Login Don't Delete
12060 Potranco Road,Mario Jimenez,213,,Food,,9/10/25 5:59 PM,9/10/25 6:01 PM,1 minute and 46 seconds,KDS - Login Don't Delete
12060 Potranco Road,Mario Jimenez,214,,No Print,,9/10/25 6:01 PM,9/10/25 6:13 PM,12 minutes and 18 seconds,KDS - Login Don't Delete
12060 Potranco Road,Mario Jimenez,214,,Food,,9/10/25 6:01 PM,9/10/25 6:13 PM,12 minutes and 18 seconds,KDS - Login Don't Delete
12060 Potranco Road,Emanuel Sanchez,216,3,No Print,,9/10/25 6:13 PM,9/10/25 6:26 PM,13 minutes and 4 seconds,KDS - Login Don't Delete
12060 Potranco Road,Emanuel Sanchez,216,3,Food,,9/10/25 6:13 PM,9/10/25 6:26 PM,13 minutes and 4 seconds,KDS - Login Don't Delete
12060 Potranco Road,Mario Jimenez,211,,Drive Thru,,9/10/25 6:30 PM,9/10/25 6:36 PM,6 minutes and 19 seconds,KDS - Login Don't Delete
12060 Potranco Road,Mario Jimenez,211,,Food,,9/10/25 6:30 PM,9/10/25 6:36 PM,6 minutes and 19 seconds,KDS - Login Don't Delete
12060 Potranco Road,Emanuel Sanchez,218,15,No Print,,9/10/25 6:39 PM,9/10/25 6:46 PM,7 minutes and 24 seconds,KDS - Login Don't Delete
12060 Potranco Road,Emanuel Sanchez,218,15,Food,,9/10/25 6:39 PM,9/10/25 6:46 PM,7 minutes and 24 seconds,KDS - Login Don't Delete
12060 Potranco Road,Lisa Velasquez,220,2,No Print,,9/10/25 6:41 PM,9/10/25 6:46 PM,5 minutes and 49 seconds,KDS - Login Don't Delete
12060 Potranco Road,Lisa Velasquez,220,2,Food,,9/10/25 6:41 PM,9/10/25 6:46 PM,5 minutes and 49 seconds,KDS - Login Don't Delete
12060 Potranco Road,Lisa Velasquez,219,18,No Print,,9/10/25 6:38 PM,9/10/25 6:47 PM,8 minutes and 18 seconds,KDS - Login Don't Delete
12060 Potranco Road,Lisa Velasquez,219,18,Food,,9/10/25 6:38 PM,9/10/25 6:47 PM,8 minutes and 18 seconds,KDS - Login Don't Delete
12060 Potranco Road,Lisa Velasquez,220,2,,1,9/10/25 6:46 PM,9/10/25 6:50 PM,3 minutes and 6 seconds,KDS - Login Don't Delete
12060 Potranco Road,Lisa Velasquez,219,18,,1,9/10/25 6:47 PM,9/10/25 6:50 PM,3 minutes and 7 seconds,KDS - Login Don't Delete
12060 Potranco Road,Emanuel Sanchez,218,15,,1,9/10/25 6:46 PM,9/10/25 6:50 PM,3 minutes and 8 seconds,KDS - Login Don't Delete
12060 Potranco Road,Emanuel Sanchez,222,7,No Print,,9/10/25 6:47 PM,9/10/25 6:53 PM,6 minutes and 32 seconds,KDS - Login Don't Delete
12060 Potranco Road,Emanuel Sanchez,222,7,Food,,9/10/25 6:47 PM,9/10/25 6:53 PM,6 minutes and 32 seconds,KDS - Login Don't Delete
12060 Potranco Road,Emanuel Sanchez,222,7,Drive Thru,,9/10/25 6:47 PM,9/10/25 6:53 PM,6 minutes and 32 seconds,KDS - Login Don't Delete
12060 Potranco Road,Emanuel Sanchez,216,3,,1,9/10/25 6:26 PM,9/10/25 6:55 PM,29 minutes and 2 seconds,KDS - Login Don't Delete
12060 Potranco Road,Gabriel Tovar ,223,,,1,9/10/25 6:48 PM,9/10/25 6:59 PM,11 minutes and 11 seconds,KDS - Login Don't Delete
12060 Potranco Road,Mario Jimenez,214,,,1,9/10/25 6:13 PM,9/10/25 6:59 PM,46 minutes and 23 seconds,KDS - Login Don't Delete
12060 Potranco Road,Emanuel Sanchez,222,7,,1,9/10/25 6:47 PM,9/10/25 7:06 PM,18 minutes and 39 seconds,KDS - Login Don't Delete
12060 Potranco Road,Emanuel Sanchez,218,15,,1,9/10/25 7:04 PM,9/10/25 7:06 PM,1 minute and 30 seconds,KDS - Login Don't Delete
12060 Potranco Road,Emanuel Sanchez,224,4,No Print,,9/10/25 7:03 PM,9/10/25 7:08 PM,5 minutes and 5 seconds,KDS - Login Don't Delete
12060 Potranco Road,Emanuel Sanchez,224,4,Food,,9/10/25 7:03 PM,9/10/25 7:08 PM,5 minutes and 5 seconds,KDS - Login Don't Delete
12060 Potranco Road,Lisa Velasquez,225,34,No Print,,9/10/25 6:57 PM,9/10/25 7:08 PM,11 minutes and 15 seconds,KDS - Login Don't Delete
12060 Potranco Road,Lisa Velasquez,225,34,Food,,9/10/25 6:57 PM,9/10/25 7:08 PM,11 minutes and 15 seconds,KDS - Login Don't Delete
12060 Potranco Road,Lisa Velasquez,227,22,No Print,,9/10/25 7:01 PM,9/10/25 7:10 PM,8 minutes and 46 seconds,KDS - Login Don't Delete
12060 Potranco Road,Lisa Velasquez,227,22,Food,,9/10/25 7:01 PM,9/10/25 7:10 PM,8 minutes and 46 seconds,KDS - Login Don't Delete
12060 Potranco Road,Lisa Velasquez,227,22,Drive Thru,,9/10/25 7:16 PM,9/10/25 7:18 PM,1 minute and 36 seconds,KDS - Login Don't Delete
12060 Potranco Road,Lisa Velasquez,227,22,Food,,9/10/25 7:16 PM,9/10/25 7:18 PM,1 minute and 36 seconds,KDS - Login Don't Delete
12060 Potranco Road,Lisa Velasquez,219,18,No Print,,9/10/25 7:16 PM,9/10/25 7:18 PM,1 minute and 36 seconds,KDS - Login Don't Delete
12060 Potranco Road,Lisa Velasquez,219,18,Food,,9/10/25 7:16 PM,9/10/25 7:18 PM,1 minute and 36 seconds,KDS - Login Don't Delete
12060 Potranco Road,Emanuel Sanchez,224,4,No Print,,9/10/25 7:10 PM,9/10/25 7:20 PM,9 minutes and 35 seconds,KDS - Login Don't Delete
12060 Potranco Road,Emanuel Sanchez,224,4,Food,,9/10/25 7:10 PM,9/10/25 7:20 PM,9 minutes and 35 seconds,KDS - Login Don't Delete
12060 Potranco Road,Mario Jimenez,228,,Drive Thru,,9/10/25 7:18 PM,9/10/25 7:24 PM,5 minutes and 31 seconds,KDS - Login Don't Delete
12060 Potranco Road,Mario Jimenez,228,,Food,,9/10/25 7:18 PM,9/10/25 7:24 PM,5 minutes and 31 seconds,KDS - Login Don't Delete
12060 Potranco Road,Lisa Velasquez,227,22,,1,9/10/25 7:10 PM,9/10/25 7:24 PM,13 minutes and 41 seconds,KDS - Login Don't Delete
12060 Potranco Road,Emanuel Sanchez,224,4,,1,9/10/25 7:20 PM,9/10/25 7:24 PM,4 minutes and 7 seconds,KDS - Login Don't Delete
12060 Potranco Road,Lisa Velasquez,219,18,,1,9/10/25 7:18 PM,9/10/25 7:24 PM,6 minutes and 4 seconds,KDS - Login Don't Delete
12060 Potranco Road,Lisa Velasquez,227,22,,1,9/10/25 7:18 PM,9/10/25 7:24 PM,6 minutes and 18 seconds,KDS - Login Don't Delete
12060 Potranco Road,Lisa Velasquez,225,34,,1,9/10/25 6:57 PM,9/10/25 7:24 PM,27 minutes and 11 seconds,KDS - Login Don't Delete
12060 Potranco Road,Lisa Velasquez,225,34,,1,9/10/25 7:10 PM,9/10/25 7:24 PM,14 minutes and 2 seconds,KDS - Login Don't Delete
12060 Potranco Road,Emanuel Sanchez,224,4,,1,9/10/25 7:03 PM,9/10/25 7:24 PM,21 minutes and 37 seconds,KDS - Login Don't Delete
12060 Potranco Road,Lisa Velasquez,219,18,No Print,,9/10/25 7:16 PM,9/10/25 7:25 PM,9 minutes and 13 seconds,KDS - Login Don't Delete
12060 Potranco Road,Lisa Velasquez,219,18,Food,,9/10/25 7:16 PM,9/10/25 7:25 PM,9 minutes and 13 seconds,KDS - Login Don't Delete
12060 Potranco Road,Emanuel Sanchez,229,25,Food,,9/10/25 7:35 PM,9/10/25 7:42 PM,7 minutes and 25 seconds,KDS - Login Don't Delete
12060 Potranco Road,Emanuel Sanchez,229,25,No Print,,9/10/25 7:35 PM,9/10/25 7:42 PM,7 minutes and 25 seconds,KDS - Login Don't Delete
12060 Potranco Road,Emanuel Sanchez,229,25,Drive Thru,,9/10/25 7:35 PM,9/10/25 7:42 PM,7 minutes and 25 seconds,KDS - Login Don't Delete
12060 Potranco Road,Lisa Velasquez,231,2,No Print,,9/10/25 7:51 PM,9/10/25 7:56 PM,5 minutes and 5 seconds,KDS - Login Don't Delete
12060 Potranco Road,Lisa Velasquez,231,2,Food,,9/10/25 7:51 PM,9/10/25 7:56 PM,5 minutes and 5 seconds,KDS - Login Don't Delete
12060 Potranco Road,Mario Jimenez,232,,Drive Thru,,9/10/25 7:53 PM,9/10/25 7:56 PM,3 minutes and 31 seconds,KDS - Login Don't Delete
12060 Potranco Road,Mario Jimenez,232,,Food,,9/10/25 7:53 PM,9/10/25 7:56 PM,3 minutes and 31 seconds,KDS - Login Don't Delete
12060 Potranco Road,Lisa Velasquez,219,18,,1,9/10/25 7:25 PM,9/10/25 8:03 PM,37 minutes and 16 seconds,KDS - Login Don't Delete
12060 Potranco Road,Emanuel Sanchez,229,25,,1,9/10/25 7:42 PM,9/10/25 8:02 PM,20 minutes and 13 seconds,KDS - Login Don't Delete
12060 Potranco Road,Lisa Velasquez,231,2,,1,9/10/25 7:56 PM,9/10/25 8:03 PM,6 minutes and 19 seconds,KDS - Login Don't Delete
12060 Potranco Road,Emanuel Sanchez,224,4,,1,9/10/25 7:39 PM,9/10/25 8:03 PM,23 minutes and 15 seconds,KDS - Login Don't Delete
12060 Potranco Road,Lisa Velasquez,231,2,No Print,,9/10/25 7:59 PM,9/10/25 8:11 PM,11 minutes and 50 seconds,KDS - Login Don't Delete
12060 Potranco Road,Lisa Velasquez,231,2,Food,,9/10/25 7:59 PM,9/10/25 8:11 PM,11 minutes and 50 seconds,KDS - Login Don't Delete
12060 Potranco Road,Lisa Velasquez,231,2,Drive Thru,,9/10/25 7:59 PM,9/10/25 8:11 PM,11 minutes and 50 seconds,KDS - Login Don't Delete
12060 Potranco Road,Emanuel Sanchez,233,31,No Print,,9/10/25 8:05 PM,9/10/25 8:12 PM,7 minutes and 22 seconds,KDS - Login Don't Delete
12060 Potranco Road,Emanuel Sanchez,233,31,Food,,9/10/25 8:05 PM,9/10/25 8:12 PM,7 minutes and 22 seconds,KDS - Login Don't Delete
12060 Potranco Road,Emanuel Sanchez,234,,Drive Thru,,9/10/25 8:18 PM,9/10/25 8:27 PM,8 minutes and 31 seconds,KDS - Login Don't Delete
12060 Potranco Road,Emanuel Sanchez,234,,Food,,9/10/25 8:18 PM,9/10/25 8:27 PM,8 minutes and 31 seconds,KDS - Login Don't Delete
12060 Potranco Road,Mario Jimenez,236,,Drive Thru,,9/10/25 8:27 PM,9/10/25 8:33 PM,6 minutes and 11 seconds,KDS - Login Don't Delete
12060 Potranco Road,Mario Jimenez,236,,Food,,9/10/25 8:27 PM,9/10/25 8:33 PM,6 minutes and 11 seconds,KDS - Login Don't Delete
12060 Potranco Road,Mario Jimenez,237,,Drive Thru,,9/10/25 8:32 PM,9/10/25 8:34 PM,1 minute and 36 seconds,KDS - Login Don't Delete
12060 Potranco Road,Mario Jimenez,237,,Food,,9/10/25 8:32 PM,9/10/25 8:34 PM,1 minute and 36 seconds,KDS - Login Don't Delete
12060 Potranco Road,Lisa Velasquez,235,35,No Print,,9/10/25 8:21 PM,9/10/25 8:38 PM,17 minutes and 33 seconds,KDS - Login Don't Delete
12060 Potranco Road,Lisa Velasquez,235,35,Food,,9/10/25 8:21 PM,9/10/25 8:38 PM,17 minutes and 33 seconds,KDS - Login Don't Delete
12060 Potranco Road,Emanuel Sanchez,234,,,1,9/10/25 8:27 PM,9/10/25 8:50 PM,23 minutes and 21 seconds,KDS - Login Don't Delete
12060 Potranco Road,Lisa Velasquez,231,2,,1,9/10/25 8:11 PM,9/10/25 8:50 PM,38 minutes and 44 seconds,KDS - Login Don't Delete
12060 Potranco Road,Emanuel Sanchez,233,31,,1,9/10/25 8:12 PM,9/10/25 8:50 PM,37 minutes and 56 seconds,KDS - Login Don't Delete
12060 Potranco Road,Lisa Velasquez,235,35,,1,9/10/25 8:38 PM,9/10/25 8:50 PM,11 minutes and 42 seconds,KDS - Login Don't Delete
