Location,Order #,Opened,Server,Table,Revenue Center,Discount Amount,Amount,Tax,Tip,Gratuity,Duration (Opened to Paid)
12060 Potranco Road,3,9/10/25 6:34 AM,Melissa  Urena,,Drive Thru,0.00,5.37,0.44,0.00,0.00,00:00:53
12060 Potranco Road,2,9/10/25 6:34 AM,Lizbeth Garcia,23,Dining Room,0.00,5.98,0.50,0.00,0.00,00:18:54
12060 Potranco Road,5,9/10/25 6:44 AM,Melissa  Urena,,Dining Room,0.00,8.95,0.74,0.00,0.00,00:00:39
12060 Potranco Road,4,9/10/25 6:35 AM,Melissa  Urena,,Drive Thru,0.00,1.99,0.16,0.00,0.00,00:10:17
12060 Potranco Road,6,9/10/25 6:51 AM,Lizbeth Garcia,8,Dining Room,0.00,11.76,0.98,5.00,0.00,00:33:26
12060 Potranco Road,7,9/10/25 7:24 AM,Melissa  Urena,,Drive Thru,0.00,15.90,1.31,0.00,0.00,00:01:13
12060 Potranco Road,8,9/10/25 7:26 AM,Melissa  Urena,,Drive Thru,0.00,9.49,0.78,0.00,0.00,00:01:29
12060 Potranco Road,9,9/10/25 7:27 AM,Melissa  Urena,,Drive Thru,0.00,6.98,0.58,0.00,0.00,00:01:53
12060 Potranco Road,10,9/10/25 7:34 AM,Melissa  Urena,,Drive Thru,0.00,2.79,0.23,0.00,0.00,00:00:21
12060 Potranco Road,11,9/10/25 7:34 AM,Melissa  Urena,,Drive Thru,0.00,7.18,0.59,0.00,0.00,00:01:50
12060 Potranco Road,12,9/10/25 7:35 AM,Melissa  Urena,,Drive Thru,0.00,7.99,0.66,0.00,0.00,00:00:04
12060 Potranco Road,13,9/10/25 7:40 AM,Melissa  Urena,,Drive Thru,0.00,3.78,0.31,0.00,0.00,00:00:11
12060 Potranco Road,14,9/10/25 7:48 AM,Melissa  Urena,,Drive Thru,0.00,8.77,0.73,0.00,0.00,00:01:13
12060 Potranco Road,15,9/10/25 7:48 AM,Melissa  Urena,,Drive Thru,0.00,14.98,1.24,0.00,0.00,00:00:17
12060 Potranco Road,16,9/10/25 7:50 AM,Melissa  Urena,,Drive Thru,0.00,4.98,0.42,2.00,0.00,00:04:02
12060 Potranco Road,17,9/10/25 7:54 AM,Melissa  Urena,,Drive Thru,0.00,8.27,0.68,0.00,0.00,00:01:52
12060 Potranco Road,18,9/10/25 7:54 AM,Lizbeth Garcia,1,Dining Room,0.00,23.04,1.89,5.00,0.00,00:34:38
12060 Potranco Road,19,9/10/25 7:55 AM,Sugey Cabrera,26,Dining Room,0.00,14.23,1.18,5.00,0.00,00:25:13
12060 Potranco Road,20,9/10/25 7:56 AM,Sugey Cabrera,,None,14.47,0.00,0.00,0.00,0.00,05:28:59
12060 Potranco Road,21,9/10/25 7:57 AM,Melissa  Urena,,Drive Thru,0.00,5.28,0.44,0.00,0.00,00:01:21
12060 Potranco Road,22,9/10/25 8:06 AM,Melissa  Urena,,Drive Thru,0.00,14.64,1.21,0.00,0.00,00:00:25
12060 Potranco Road,23,9/10/25 8:10 AM,Melissa  Urena,,Drive Thru,0.00,8.77,0.72,0.00,0.00,00:03:51
12060 Potranco Road,24,9/10/25 8:13 AM,Melissa  Urena,,Drive Thru,0.00,5.57,0.46,1.00,0.00,00:01:31
12060 Potranco Road,25,9/10/25 8:17 AM,Sugey Cabrera,3,Dining Room,0.00,8.47,0.71,0.00,0.00,00:38:03
12060 Potranco Road,26,9/10/25 8:21 AM,Melissa  Urena,,Drive Thru,0.00,1.79,0.15,0.00,0.00,00:00:07
12060 Potranco Road,27,9/10/25 8:23 AM,Melissa  Urena,,Drive Thru,0.00,7.97,0.66,0.00,0.00,00:00:19
12060 Potranco Road,28,9/10/25 8:27 AM,Sugey Cabrera,,Dining Room,0.00,3.98,0.33,0.00,0.00,00:01:49
12060 Potranco Road,29,9/10/25 8:31 AM,Melissa  Urena,,Drive Thru,0.00,14.48,1.20,2.00,0.00,00:00:16
12060 Potranco Road,30,9/10/25 8:35 AM,Sugey Cabrera,18,Dining Room,0.00,9.98,0.83,3.00,0.00,00:20:43
12060 Potranco Road,31,9/10/25 8:37 AM,Melissa  Urena,,Dining Room,0.00,9.76,0.81,2.00,0.00,00:02:19
12060 Potranco Road,32,9/10/25 8:38 AM,Melissa  Urena,,Drive Thru,0.00,8.56,0.71,0.00,0.00,00:03:29
12060 Potranco Road,33,9/10/25 8:42 AM,Melissa  Urena,,Drive Thru,0.00,1.50,0.12,0.00,0.00,00:00:05
12060 Potranco Road,34,9/10/25 8:42 AM,Melissa  Urena,,Drive Thru,0.00,8.78,0.72,0.00,0.00,00:01:59
12060 Potranco Road,35,9/10/25 8:44 AM,Melissa  Urena,,Drive Thru,0.00,5.97,0.49,0.00,0.00,00:03:33
12060 Potranco Road,36,9/10/25 8:44 AM,Melissa  Urena,,Drive Thru,0.00,2.99,0.25,0.00,0.00,00:01:39
12060 Potranco Road,37,9/10/25 8:48 AM,Melissa  Urena,,Drive Thru,0.00,5.49,0.45,0.00,0.00,00:03:07
12060 Potranco Road,38,9/10/25 8:56 AM,Melissa  Urena,,Drive Thru,0.00,3.98,0.33,0.00,0.00,00:01:44
12060 Potranco Road,39,9/10/25 8:57 AM,Candy Del Angel,,Dining Room,0.00,16.56,1.38,0.00,0.00,00:21:33
12060 Potranco Road,40,9/10/25 9:01 AM,Melissa  Urena,,Drive Thru,0.00,15.93,1.31,0.00,0.00,00:00:54
12060 Potranco Road,41,9/10/25 9:02 AM,Melissa  Urena,,Drive Thru,0.00,5.28,0.44,2.00,0.00,00:01:08
12060 Potranco Road,42,9/10/25 9:10 AM,Melissa  Urena,,Drive Thru,0.00,12.55,1.04,1.88,0.00,00:02:56
12060 Potranco Road,44,9/10/25 9:14 AM,Melissa  Urena,,Drive Thru,0.00,8.67,0.72,0.00,0.00,00:00:58
12060 Potranco Road,46,9/10/25 9:16 AM,Lizbeth Garcia,35,Dining Room,0.00,25.46,2.09,0.00,0.00,00:31:17
12060 Potranco Road,47,9/10/25 9:18 AM,Melissa  Urena,,Dining Room,0.00,8.87,0.73,0.00,0.00,00:01:55
12060 Potranco Road,48,9/10/25 9:19 AM,Lizbeth Garcia,26,Dining Room,0.00,13.48,1.11,4.00,0.00,00:22:45
12060 Potranco Road,49,9/10/25 9:20 AM,Melissa  Urena,,Drive Thru,0.61,5.46,0.45,0.00,0.00,01:23:43
12060 Potranco Road,50,9/10/25 9:21 AM,Melissa  Urena,,Drive Thru,0.00,6.89,0.56,0.00,0.00,00:03:49
12060 Potranco Road,51,9/10/25 9:31 AM,Melissa  Urena,,Drive Thru,0.00,16.93,1.41,0.00,0.00,00:02:57
12060 Potranco Road,52,9/10/25 9:32 AM,Melissa  Urena,,Drive Thru,0.00,13.97,1.14,0.00,0.00,00:05:39
12060 Potranco Road,53,9/10/25 9:34 AM,Melissa  Urena,,Drive Thru,0.00,4.38,0.36,0.00,0.00,00:05:13
12060 Potranco Road,54,9/10/25 9:35 AM,Lizbeth Garcia,,Dining Room,0.00,20.33,1.68,0.00,0.00,00:02:27
12060 Potranco Road,55,9/10/25 9:39 AM,Melissa  Urena,,Drive Thru,0.00,0.00,0.00,0.00,0.00,00:00:07
12060 Potranco Road,56,9/10/25 9:39 AM,Lizbeth Garcia,,Dining Room,0.00,17.31,1.42,0.00,0.00,00:11:50
12060 Potranco Road,57,9/10/25 9:42 AM,Sugey Cabrera,,Dining Room,0.00,14.77,1.22,1.00,0.00,00:08:22
12060 Potranco Road,58,9/10/25 9:42 AM,Melissa  Urena,,Drive Thru,0.00,13.27,1.10,1.00,0.00,00:01:32
12060 Potranco Road,59,9/10/25 9:42 AM,Melissa  Urena,,Drive Thru,0.00,16.85,1.40,1.75,0.00,00:04:39
12060 Potranco Road,60,9/10/25 9:43 AM,Sugey Cabrera,,Dining Room,0.00,0.00,0.00,0.00,0.00,00:01:14
12060 Potranco Road,61,9/10/25 9:44 AM,Melissa  Urena,,Drive Thru,0.00,17.90,1.48,0.00,0.00,00:03:51
12060 Potranco Road,63,9/10/25 9:45 AM,Melissa  Urena,,Drive Thru,0.00,20.81,1.72,3.00,0.00,00:03:54
12060 Potranco Road,62,9/10/25 9:45 AM,Sugey Cabrera,,Dining Room,0.00,3.98,0.33,0.00,0.00,00:01:16
12060 Potranco Road,64,9/10/25 9:46 AM,Carlos Morales,,Dining Room,0.00,10.26,0.85,0.00,0.00,00:00:52
12060 Potranco Road,66,9/10/25 9:51 AM,Candy Del Angel,,Dining Room,0.00,2.99,0.25,0.00,0.00,00:11:47
12060 Potranco Road,67,9/10/25 9:52 AM,Sugey Cabrera,29,Dining Room,1.40,15.54,1.28,3.00,0.00,00:40:07
12060 Potranco Road,68,9/10/25 9:53 AM,Lizbeth Garcia,3,Dining Room,0.00,22.95,1.90,4.00,0.00,00:37:26
12060 Potranco Road,65,9/10/25 9:49 AM,Melissa  Urena,,Drive Thru,0.00,15.15,1.25,0.00,0.00,00:14:15
12060 Potranco Road,69,9/10/25 9:58 AM,Sugey Cabrera,2,Dining Room,0.00,50.10,4.14,0.00,0.00,00:47:59
12060 Potranco Road,70,9/10/25 10:02 AM,Melissa  Urena,,Drive Thru,0.00,5.79,0.48,0.00,0.00,00:00:15
12060 Potranco Road,71,9/10/25 10:03 AM,Melissa  Urena,,Drive Thru,0.00,10.94,0.90,0.00,0.00,00:00:50
12060 Potranco Road,72,9/10/25 10:03 AM,Melissa  Urena,,Drive Thru,0.00,21.33,1.76,0.00,0.00,00:03:53
12060 Potranco Road,73,9/10/25 10:11 AM,Melissa  Urena,,Drive Thru,0.00,6.88,0.57,0.00,0.00,00:04:22
12060 Potranco Road,74,9/10/25 10:12 AM,Melissa  Urena,,Drive Thru,0.00,11.06,0.92,0.00,0.00,00:04:49
12060 Potranco Road,75,9/10/25 10:13 AM,Melissa  Urena,,Drive Thru,0.00,23.34,1.93,0.00,0.00,00:03:53
12060 Potranco Road,76,9/10/25 10:16 AM,Emanuel Sanchez,4,Dining Room,0.00,18.23,1.51,0.00,0.00,00:33:20
12060 Potranco Road,77,9/10/25 10:17 AM,Melissa  Urena,,Drive Thru,0.00,13.48,1.11,0.00,0.00,00:03:40
12060 Potranco Road,78,9/10/25 10:18 AM,Melissa  Urena,,Drive Thru,0.00,9.45,0.78,2.00,0.00,00:05:28
12060 Potranco Road,80,9/10/25 10:22 AM,Melissa  Urena,,Drive Thru,0.00,21.47,1.78,5.00,0.00,00:06:00
12060 Potranco Road,79,9/10/25 10:22 AM,Lizbeth Garcia,17,Dining Room,0.00,9.49,0.79,0.00,0.00,00:34:30
12060 Potranco Road,81,9/10/25 10:25 AM,Melissa  Urena,,Drive Thru,0.00,14.55,1.20,0.00,0.00,00:04:09
12060 Potranco Road,82,9/10/25 10:26 AM,Melissa  Urena,,Drive Thru,0.00,9.96,0.81,0.00,0.00,00:05:50
12060 Potranco Road,83,9/10/25 10:31 AM,Melissa  Urena,,Drive Thru,0.00,26.73,2.21,0.00,0.00,00:02:44
12060 Potranco Road,84,9/10/25 10:42 AM,Melissa  Urena,,Dining Room,0.00,5.77,0.48,0.00,0.00,00:01:23
12060 Potranco Road,86,9/10/25 10:43 AM,Melissa  Urena,,Drive Thru,0.00,6.78,0.56,0.00,0.00,00:03:40
12060 Potranco Road,85,9/10/25 10:42 AM,Lizbeth Garcia,3,Dining Room,0.00,30.93,2.56,0.00,0.00,00:30:56
12060 Potranco Road,87,9/10/25 10:44 AM,Melissa  Urena,,Drive Thru,0.00,8.52,0.70,0.00,0.00,00:02:53
12060 Potranco Road,88,9/10/25 10:50 AM,Melissa  Urena,,Drive Thru,0.00,7.37,0.61,1.00,0.00,00:01:17
12060 Potranco Road,89,9/10/25 10:51 AM,Melissa  Urena,,Drive Thru,0.00,9.76,0.81,0.00,0.00,00:04:24
12060 Potranco Road,90,9/10/25 10:58 AM,Melissa  Urena,,Drive Thru,0.00,27.78,2.30,0.00,0.00,00:05:23
12060 Potranco Road,92,9/10/25 11:02 AM,Melissa  Urena,,Drive Thru,0.00,8.07,0.67,2.00,0.00,00:04:19
12060 Potranco Road,93,9/10/25 11:05 AM,Melissa  Urena,,Drive Thru,0.00,8.23,0.68,0.00,0.00,00:03:22
12060 Potranco Road,94,9/10/25 11:06 AM,Melissa  Urena,,Drive Thru,0.00,15.99,1.32,3.00,0.00,00:04:11
12060 Potranco Road,96,9/10/25 11:10 AM,Melissa  Urena,,Drive Thru,0.00,16.05,1.32,0.00,0.00,00:01:11
12060 Potranco Road,97,9/10/25 11:11 AM,Melissa  Urena,,Drive Thru,0.00,15.55,1.29,0.00,0.00,00:02:26
12060 Potranco Road,98,9/10/25 11:12 AM,Sugey Cabrera,28,Dining Room,0.00,37.97,3.13,0.00,0.00,01:08:08
12060 Potranco Road,95,9/10/25 11:06 AM,Emanuel Sanchez,32,Dining Room,0.00,69.20,5.71,20.00,0.00,00:40:10
12060 Potranco Road,99,9/10/25 11:16 AM,Lizbeth Garcia,3,Dining Room,0.00,33.21,2.73,6.00,0.00,00:58:53
12060 Potranco Road,100,9/10/25 11:18 AM,Melissa  Urena,,Drive Thru,0.00,23.34,1.93,0.00,0.00,00:05:36
12060 Potranco Road,101,9/10/25 11:22 AM,Melissa  Urena,,Drive Thru,0.00,17.15,1.42,0.00,0.00,00:02:26
12060 Potranco Road,102,9/10/25 11:30 AM,Melissa  Urena,,Drive Thru,0.00,2.79,0.23,0.00,0.00,00:00:22
12060 Potranco Road,103,9/10/25 11:34 AM,Candy Del Angel,,Dining Room,0.00,48.90,4.03,0.00,0.00,00:24:51
12060 Potranco Road,105,9/10/25 11:43 AM,Lizbeth Garcia,21,Dining Room,0.00,17.98,1.48,4.00,0.00,00:29:37
12060 Potranco Road,106,9/10/25 11:45 AM,Emanuel Sanchez,12,Dining Room,0.00,27.71,2.28,3.00,0.00,00:49:59
12060 Potranco Road,104,9/10/25 11:40 AM,Sugey Cabrera,23,Dining Room,6.95,118.71,9.76,20.55,25.13,01:25:11
12060 Potranco Road,107,9/10/25 11:52 AM,Melissa  Urena,,Drive Thru,0.00,12.76,1.05,0.00,0.00,00:00:32
12060 Potranco Road,108,9/10/25 11:54 AM,Melissa  Urena,,Drive Thru,0.00,3.38,0.27,0.00,0.00,00:01:25
12060 Potranco Road,109,9/10/25 11:55 AM,Melissa  Urena,,Drive Thru,0.00,6.57,0.55,0.00,0.00,00:03:18
12060 Potranco Road,110,9/10/25 11:57 AM,Melissa  Urena,,Drive Thru,0.00,25.14,2.08,0.00,0.00,00:03:06
12060 Potranco Road,112,9/10/25 12:04 PM,Emanuel Sanchez,22,Dining Room,0.00,14.41,1.19,0.00,0.00,00:24:36
12060 Potranco Road,113,9/10/25 12:10 PM,Lizbeth Garcia,18,Dining Room,0.00,33.16,2.73,7.00,0.00,00:24:19
12060 Potranco Road,114,9/10/25 12:11 PM,Melissa  Urena,,Dining Room,0.00,8.98,0.74,0.00,0.00,00:02:22
12060 Potranco Road,115,9/10/25 12:13 PM,Sugey Cabrera,34,Dining Room,0.00,28.75,2.38,0.00,0.00,00:35:19
12060 Potranco Road,116,9/10/25 12:18 PM,Melissa  Urena,,Drive Thru,0.00,8.86,0.74,0.00,0.00,00:00:49
12060 Potranco Road,117,9/10/25 12:19 PM,Sugey Cabrera,1,Dining Room,0.00,33.93,2.79,7.00,0.00,00:32:35
12060 Potranco Road,118,9/10/25 12:19 PM,Candy Del Angel,,Dining Room,0.00,120.25,9.92,10.00,0.00,00:03:09
12060 Potranco Road,119,9/10/25 12:22 PM,Emanuel Sanchez,5,Dining Room,0.00,13.48,1.11,3.00,0.00,00:38:13
12060 Potranco Road,120,9/10/25 12:25 PM,Melissa  Urena,,None,0.00,19.10,1.58,0.00,0.00,00:02:33
12060 Potranco Road,122,9/10/25 12:27 PM,Melissa  Urena,,Drive Thru,0.00,13.85,1.14,0.00,0.00,00:02:14
12060 Potranco Road,123,9/10/25 12:28 PM,Melissa  Urena,,Drive Thru,0.00,3.69,0.30,0.00,0.00,00:00:16
12060 Potranco Road,121,9/10/25 12:26 PM,Lizbeth Garcia,16,Dining Room,0.00,26.67,2.19,10.00,0.00,00:29:00
12060 Potranco Road,124,9/10/25 12:29 PM,Emanuel Sanchez,14,Dining Room,0.00,9.96,0.82,5.00,0.00,00:42:56
12060 Potranco Road,125,9/10/25 12:32 PM,Lizbeth Garcia,21,Dining Room,0.00,33.92,2.79,6.00,0.00,00:31:26
12060 Potranco Road,126,9/10/25 12:34 PM,Melissa  Urena,,Drive Thru,0.00,22.56,1.86,2.00,0.00,00:01:21
12060 Potranco Road,129,9/10/25 12:36 PM,Melissa  Urena,,Drive Thru,0.00,9.78,0.81,0.00,0.00,00:03:09
12060 Potranco Road,128,9/10/25 12:36 PM,Sugey Cabrera,7,Dining Room,0.00,42.54,3.50,3.00,0.00,00:45:33
12060 Potranco Road,130,9/10/25 12:39 PM,Melissa  Urena,,Drive Thru,0.00,0.00,0.00,0.00,0.00,00:00:44
12060 Potranco Road,131,9/10/25 12:42 PM,Melissa  Urena,,Drive Thru,0.00,4.88,0.41,0.00,0.00,00:02:17
12060 Potranco Road,137,9/10/25 12:48 PM,Melissa  Urena,,Drive Thru,0.00,0.00,0.00,0.00,0.00,00:00:50
12060 Potranco Road,139,9/10/25 12:54 PM,Sugey Cabrera,18,Dining Room,0.00,21.43,1.76,0.00,0.00,00:30:24
12060 Potranco Road,140,9/10/25 12:55 PM,Candy Del Angel,,Dining Room,0.00,51.96,4.29,5.00,0.00,00:02:57
12060 Potranco Road,142,9/10/25 12:59 PM,Emanuel Sanchez,31,Dining Room,0.00,17.44,1.43,5.00,0.00,00:26:41
12060 Potranco Road,141,9/10/25 12:59 PM,Melissa  Urena,,Drive Thru,0.00,21.14,1.75,20.00,0.00,00:18:50
12060 Potranco Road,143,9/10/25 1:00 PM,Melissa  Urena,,Drive Thru,0.00,5.28,0.44,0.00,0.00,00:00:40
12060 Potranco Road,147,9/10/25 1:06 PM,Melissa  Urena,,Drive Thru,0.00,24.76,2.05,0.00,0.00,00:04:54
12060 Potranco Road,146,9/10/25 1:04 PM,Candy Del Angel,,Dining Room,0.00,40.96,3.38,0.00,0.00,00:02:50
12060 Potranco Road,150,9/10/25 1:11 PM,Lizbeth Garcia,12,Dining Room,0.00,36.23,2.99,5.00,0.00,00:39:38
12060 Potranco Road,152,9/10/25 1:13 PM,Sugey Cabrera,3,Dining Room,0.00,53.39,4.41,0.00,0.00,00:39:16
12060 Potranco Road,154,9/10/25 1:17 PM,Melissa  Urena,,Drive Thru,0.00,12.67,1.04,0.00,0.00,00:03:55
12060 Potranco Road,155,9/10/25 1:18 PM,Sugey Cabrera,,Dining Room,0.36,7.21,0.60,0.00,0.00,00:02:50
12060 Potranco Road,156,9/10/25 1:21 PM,Melissa  Urena,,Drive Thru,0.00,5.57,0.46,1.00,0.00,00:02:47
12060 Potranco Road,158,9/10/25 1:27 PM,Emanuel Sanchez,,Dining Room,0.00,16.48,1.36,1.00,0.00,00:00:43
12060 Potranco Road,157,9/10/25 1:24 PM,Melissa  Urena,,Drive Thru,0.00,17.48,1.44,0.00,0.00,00:05:49
12060 Potranco Road,159,9/10/25 1:33 PM,Sugey Cabrera,,Dining Room,0.00,35.25,2.90,0.00,0.00,00:00:55
12060 Potranco Road,161,9/10/25 1:34 PM,Melissa  Urena,,Drive Thru,0.00,14.56,1.20,0.00,0.00,00:00:52
12060 Potranco Road,163,9/10/25 1:37 PM,Melissa  Urena,,Drive Thru,0.00,24.14,1.99,2.00,0.00,00:05:21
12060 Potranco Road,164,9/10/25 1:38 PM,Melissa  Urena,,Drive Thru,0.00,6.98,0.58,0.00,0.00,00:07:32
12060 Potranco Road,165,9/10/25 1:44 PM,Melissa  Urena,,Drive Thru,0.00,7.78,0.65,2.00,0.00,00:02:44
12060 Potranco Road,166,9/10/25 1:45 PM,Gabriel Tovar ,,Dining Room,7.99,0.00,0.00,0.00,0.00,07:21:27
12060 Potranco Road,168,9/10/25 1:56 PM,Candy Del Angel,,Dining Room,0.00,8.99,0.74,0.00,0.00,00:00:18
12060 Potranco Road,170,9/10/25 1:56 PM,Melissa  Urena,,Drive Thru,0.00,14.99,1.24,0.00,0.00,00:00:26
12060 Potranco Road,171,9/10/25 1:56 PM,Melissa  Urena,,Drive Thru,0.00,13.36,1.10,0.00,0.00,00:07:52
12060 Potranco Road,172,9/10/25 1:59 PM,Lizbeth Garcia,15,Dining Room,0.00,33.65,2.77,8.00,0.00,00:34:12
12060 Potranco Road,173,9/10/25 2:09 PM,Emanuel Sanchez,,Dining Room,0.00,3.99,0.33,0.00,0.00,00:00:15
12060 Potranco Road,174,9/10/25 2:13 PM,Emanuel Sanchez,3,Dining Room,0.00,40.41,3.32,10.00,0.00,01:03:09
12060 Potranco Road,175,9/10/25 2:15 PM,Melissa  Urena,,Drive Thru,0.00,9.07,0.75,0.00,0.00,00:01:05
12060 Potranco Road,178,9/10/25 2:21 PM,Emanuel Sanchez,,Dining Room,0.00,29.97,2.47,5.99,0.00,00:19:40
12060 Potranco Road,179,9/10/25 2:23 PM,Mario Jimenez,,Drive Thru,4.13,9.65,0.79,0.00,0.00,00:00:32
12060 Potranco Road,181,9/10/25 2:32 PM,Emanuel Sanchez,1,Dining Room,0.00,0.00,0.00,0.00,0.00,00:07:11
12060 Potranco Road,185,9/10/25 2:54 PM,Mario Jimenez,,None,0.00,6.38,0.52,0.00,0.00,00:01:20
12060 Potranco Road,186,9/10/25 2:56 PM,Emanuel Sanchez,22,Dining Room,0.00,44.14,3.64,15.00,0.00,00:44:51
12060 Potranco Road,187,9/10/25 3:04 PM,Mario Jimenez,,Dining Room,0.00,19.98,1.65,0.00,0.00,00:03:47
12060 Potranco Road,188,9/10/25 3:10 PM,Emanuel Sanchez,4,Dining Room,0.00,57.28,4.71,0.00,0.00,00:53:57
12060 Potranco Road,190,9/10/25 3:17 PM,Mario Jimenez,,Dining Room,0.00,1.79,0.15,0.00,0.00,00:00:31
12060 Potranco Road,189,9/10/25 3:17 PM,Emanuel Sanchez,26,Dining Room,0.00,26.91,2.22,0.00,0.00,00:24:56
12060 Potranco Road,193,9/10/25 3:31 PM,Emanuel Sanchez,8,Dining Room,0.00,9.98,0.82,4.00,0.00,00:23:39
12060 Potranco Road,194,9/10/25 3:37 PM,Emanuel Sanchez,1,Dining Room,0.00,15.96,1.32,1.68,0.00,00:19:00
12060 Potranco Road,195,9/10/25 3:39 PM,Mario Jimenez,,Dining Room,0.00,15.46,1.27,0.00,0.00,00:03:04
12060 Potranco Road,198,9/10/25 4:00 PM,Gabriel Tovar ,,Dining Room,0.00,11.97,0.99,0.00,0.00,00:10:09
12060 Potranco Road,199,9/10/25 4:25 PM,Mario Jimenez,,Dining Room,0.00,27.56,2.28,0.00,0.00,00:01:43
12060 Potranco Road,196,9/10/25 3:43 PM,Mario Jimenez,,Drive Thru,0.00,3.99,0.33,0.00,0.00,00:48:17
12060 Potranco Road,201,9/10/25 4:44 PM,Lisa Velasquez,18,Dining Room,0.00,38.46,3.17,10.00,0.00,00:36:28
12060 Potranco Road,202,9/10/25 4:52 PM,Lisa Velasquez,12,Dining Room,0.00,31.22,2.58,10.00,0.00,00:25:48
12060 Potranco Road,203,9/10/25 4:55 PM,Emanuel Sanchez,1,Dining Room,0.00,27.95,2.31,0.00,0.00,00:41:56
12060 Potranco Road,204,9/10/25 5:01 PM,Mario Jimenez,,Bar,0.00,8.58,0.71,0.00,0.00,00:02:01
12060 Potranco Road,200,9/10/25 4:31 PM,Mario Jimenez,,Drive Thru,0.00,12.74,1.05,1.91,0.00,00:35:42
12060 Potranco Road,205,9/10/25 5:06 PM,Mario Jimenez,,Drive Thru,0.00,13.57,1.12,0.00,0.00,00:04:38
12060 Potranco Road,207,9/10/25 5:11 PM,Lisa Velasquez,22,Dining Room,0.00,55.79,4.58,11.00,0.00,00:29:36
12060 Potranco Road,208,9/10/25 5:17 PM,Emanuel Sanchez,31,Dining Room,0.00,23.47,1.94,5.59,0.00,00:42:56
12060 Potranco Road,206,9/10/25 5:10 PM,Mario Jimenez,,Drive Thru,0.00,9.76,0.80,0.00,0.00,00:12:40
12060 Potranco Road,212,9/10/25 5:54 PM,Lisa Velasquez,,Dining Room,0.00,0.00,0.00,0.00,0.00,00:01:44
12060 Potranco Road,213,9/10/25 5:59 PM,Mario Jimenez,,Dining Room,0.00,2.99,0.25,0.00,0.00,00:00:49
12060 Potranco Road,214,9/10/25 5:59 PM,Mario Jimenez,,Dining Room,0.00,32.46,2.68,0.00,0.00,00:19:29
12060 Potranco Road,216,9/10/25 6:03 PM,Emanuel Sanchez,3,Dining Room,0.00,63.60,5.23,13.99,0.00,01:00:47
12060 Potranco Road,211,9/10/25 5:42 PM,Mario Jimenez,,Drive Thru,0.00,26.45,2.18,2.00,0.00,00:48:22
12060 Potranco Road,219,9/10/25 6:36 PM,Lisa Velasquez,18,Dining Room,0.00,59.93,4.94,15.00,0.00,00:53:23
12060 Potranco Road,218,9/10/25 6:33 PM,Emanuel Sanchez,15,Dining Room,1.30,22.67,1.86,4.00,0.00,00:33:23
12060 Potranco Road,220,9/10/25 6:40 PM,Lisa Velasquez,2,Dining Room,0.00,23.98,1.97,5.00,0.00,00:34:43
12060 Potranco Road,222,9/10/25 6:46 PM,Emanuel Sanchez,7,Dining Room,0.00,37.59,3.09,0.00,0.00,00:32:33
12060 Potranco Road,223,9/10/25 6:47 PM,Gabriel Tovar ,,Dining Room,0.00,44.46,3.66,5.00,0.00,00:01:20
12060 Potranco Road,225,9/10/25 6:56 PM,Lisa Velasquez,34,Dining Room,0.00,43.04,3.53,10.00,0.00,00:57:36
12060 Potranco Road,227,9/10/25 7:00 PM,Lisa Velasquez,22,Dining Room,0.00,17.68,1.45,0.00,0.00,00:42:25
12060 Potranco Road,224,9/10/25 6:53 PM,Emanuel Sanchez,4,Dining Room,0.00,95.00,7.83,20.90,0.00,00:55:52
12060 Potranco Road,228,9/10/25 7:18 PM,Mario Jimenez,,None,0.00,26.19,2.16,5.24,0.00,00:08:14
12060 Potranco Road,229,9/10/25 7:29 PM,Emanuel Sanchez,25,Dining Room,0.00,63.53,5.26,12.21,0.00,00:31:42
12060 Potranco Road,231,9/10/25 7:51 PM,Lisa Velasquez,2,Dining Room,0.00,75.58,6.23,20.00,0.00,00:47:32
12060 Potranco Road,232,9/10/25 7:53 PM,Mario Jimenez,,None,0.00,8.37,0.69,0.00,0.00,00:00:57
12060 Potranco Road,233,9/10/25 8:04 PM,Emanuel Sanchez,31,Dining Room,0.00,16.98,1.40,4.00,0.00,00:33:14
12060 Potranco Road,234,9/10/25 8:17 PM,Emanuel Sanchez,,Dining Room,0.00,15.03,1.24,0.00,0.00,00:24:06
12060 Potranco Road,235,9/10/25 8:19 PM,Lisa Velasquez,35,Dining Room,0.00,67.71,5.59,5.00,0.00,00:55:39
12060 Potranco Road,236,9/10/25 8:27 PM,Mario Jimenez,,Drive Thru,0.00,5.98,0.49,0.00,0.00,00:01:24
12060 Potranco Road,237,9/10/25 8:32 PM,Mario Jimenez,,Drive Thru,5.10,6.89,0.57,2.40,0.00,00:03:31
