Order #,Opened Date,Void Date,Server,Approver,Item Name,Reason,Item Quantity,Total Price
137,9/10/25 12:48 PM,9/10/25 2:17 PM,Melissa  Urena,Candy Del Angel,Carne Guisada Taco,Customer Changed Mind,2.0,8.78
137,9/10/25 12:48 PM,9/10/25 2:17 PM,Melissa  Urena,Candy Del Angel,Bacon & Egg Taco,Customer Changed Mind,1.0,2.49
137,9/10/25 12:48 PM,9/10/25 2:17 PM,Melissa  Urena,Candy Del Angel,Sweet tea,Customer Changed Mind,1.0,3.49
203,9/10/25 4:55 PM,9/10/25 5:36 PM,Emanuel Sanchez,Gabriel Tovar ,Asada Plate,Customer Changed Mind,1.0,12.99
