Employee,Job Title,Regular Hours,Overtime Hours,Hourly Rate,Regular Pay,Overtime Pay,Total Pay,Net Sales,Declared Tips,Non-Cash Tips,Total Tips,Tips Withheld,Total Gratuity,Employee ID,Job Code,Location,Location Code
"Aragon, Cecilia",Tortillera,5.25,0.0,13.00,68.25,0.00,68.25,0.00,,0.00,0.00,0.00,0.00,,,12060 Potranco Road,
"Cabrera, Sugey",Server,7.48,0.0,3.00,22.44,0.00,22.44,72.71,0.00,9.00,9.00,0.00,0.00,,,12060 Potranco Road,
"Cardenas, Salvador",Cook,8.65,0.0,15.00,129.75,0.00,129.75,0.00,,0.00,0.00,0.00,0.00,,,12060 Potranco Road,
"Del Angel, Candy",Shift Manager / Assistant Manager,6.63,0.0,,,,,25.78,,0.00,0.00,0.00,0.00,,,12060 Potranco Road,
"GUTIERREZ, ERIC",Cook,6.85,0.0,16.00,109.60,0.00,109.60,0.00,,0.00,0.00,0.00,0.00,,,12060 Potranco Road,
"Garcia, Lizbeth",Server,8.13,0.0,3.00,24.39,0.00,24.39,405.88,1.00,45.00,46.00,0.00,0.00,,,12060 Potranco Road,
"Jacobo, Angelique",Server,3.95,0.0,3.00,11.85,0.00,11.85,75.93,5.00,10.00,15.00,0.00,0.00,,,12060 Potranco Road,
"Jimenez, Mario",Driver,6.76,0.0,14.00,94.64,0.00,94.64,523.63,0.00,11.25,11.25,0.00,0.00,,,12060 Potranco Road,
"Lino Santana, David ",Prep,9.25,0.0,15.00,138.75,0.00,138.75,0.00,,0.00,0.00,0.00,0.00,,,12060 Potranco Road,
"Morales, Adrian",Server,6.38,0.0,3.00,19.14,0.00,19.14,400.49,0.00,37.31,37.31,0.00,0.00,,,12060 Potranco Road,
"Roman, Leticia",Server,6.65,0.0,3.00,19.95,0.00,19.95,386.41,0.00,59.34,59.34,0.00,0.00,,,12060 Potranco Road,
"Rosales, Elsa",Tortillera,7.1,0.0,13.00,92.30,0.00,92.30,0.00,,0.00,0.00,0.00,0.00,,,12060 Potranco Road,
"Urena, Melissa ",Host,7.74,0.0,12.00,92.88,0.00,92.88,1161.24,0.00,56.00,56.00,0.00,0.00,,,12060 Potranco Road,
"Vega, Estela",Tortillera,9.17,0.0,15.00,137.55,0.00,137.55,0.00,,0.00,0.00,0.00,0.00,,,12060 Potranco Road,
"Velasquez, Lisa",Server,6.88,0.0,3.00,20.64,0.00,20.64,166.76,3.00,15.00,18.00,0.00,0.00,,,12060 Potranco Road,
"vanenzuela, felix",Cook,6.77,0.0,,,,,0.00,,0.00,0.00,0.00,0.00,,,12060 Potranco Road,
