,Location,Employee,Job Title,In Date,Shift Closed Date,Out Date,Hours,Cash Tips Decl.,Cash on Hand,Cash in Drawer,Non-Cash Tips,Cash Gratuity,Non-Cash Gratuity,Tips Withheld,Non-Cash Sales,Cash Sales,Total Sales,Cash Collected?,Tips Paid?,Open,Paid,Closed,Tip Share Total
800000030193754533,12060 Potranco Road,Lizbeth Garcia,Server,9/30/25 6:26 AM,9/30/25 2:34 PM,9/30/25 2:34 PM,8.13,1.00,94.21,0.00,45.00,0.00,0.00,0.00,345.17,94.21,439.38,yes,yes,0,0,21,0.00
800000030193800017,12060 Potranco Road,Melissa  Urena,Host,9/30/25 6:33 AM,9/30/25 2:17 PM,9/30/25 2:18 PM,7.74,0.00,0.00,285.30,56.00,0.00,0.00,0.00,971.68,285.30,1256.98,yes,yes,0,0,88,0.00
800000030194151677,12060 Potranco Road,Sugey Cabrera,Server,9/30/25 7:12 AM,9/30/25 2:34 PM,9/30/25 2:41 PM,7.48,0.00,0.00,0.00,9.00,0.00,0.00,0.00,78.70,0.00,78.70,yes,yes,0,0,7,0.00
800000030194878165,12060 Potranco Road,Leticia Roman,Server,9/30/25 8:03 AM,9/30/25 2:36 PM,9/30/25 2:42 PM,6.65,0.00,41.73,0.00,59.34,0.00,0.00,0.00,376.54,41.73,418.27,yes,yes,0,0,16,0.00
800000030195474479,12060 Potranco Road,Adrian Morales,Server,9/30/25 8:27 AM,9/30/25 2:18 PM,9/30/25 2:49 PM,6.38,0.00,79.48,0.00,37.31,0.00,0.00,0.00,354.03,79.48,433.51,yes,yes,0,0,14,0.00
800000030206443544,12060 Potranco Road,Lisa Velasquez,Server,9/30/25 2:13 PM,9/30/25 9:06 PM,9/30/25 9:06 PM,6.88,3.00,91.10,0.00,15.00,0.00,0.00,0.00,89.39,91.10,180.49,yes,yes,0,0,5,0.00
800000030206462204,12060 Potranco Road,Mario Jimenez,Driver,9/30/25 2:14 PM,9/30/25 9:00 PM,9/30/25 9:00 PM,6.76,0.00,0.00,40.01,11.25,0.00,0.00,0.00,526.80,40.01,566.81,yes,yes,0,0,29,0.00
800000030206654377,12060 Potranco Road,felix vanenzuela,Cook,9/30/25 2:20 PM,9/30/25 9:07 PM,9/30/25 9:07 PM,6.77,,0.00,0.00,0.00,0.00,0.00,0.00,0.00,0.00,0.00,yes,yes,0,0,0,0.00
800000030207005463,12060 Potranco Road,Candy Del Angel,Shift Manager / Assistant Manager,9/30/25 2:32 PM,9/30/25 8:58 PM,9/30/25 9:10 PM,6.63,,0.00,0.00,0.00,0.00,0.00,0.00,27.91,0.00,27.91,yes,yes,0,0,2,0.00
800000030212067944,12060 Potranco Road,Angelique Jacobo,Server,9/30/25 5:04 PM,9/30/25 9:01 PM,9/30/25 9:01 PM,3.95,5.00,0.00,0.00,10.00,0.00,0.00,0.00,82.18,0.00,82.18,yes,yes,0,0,3,0.00
800000030222537314,12060 Potranco Road,felix vanenzuela,Cook,9/30/25 9:07 PM,9/30/25 9:07 PM,9/30/25 9:07 PM,0.00,,0.00,0.00,0.00,0.00,0.00,0.00,0.00,0.00,0.00,yes,yes,0,0,0,0.00
