Location,Order #,Opened Date,Server,Table,Discount Name,Discount Reason,Comment,Discount Amount
Tink-a-Tako - Potranco,388,10/24/25 4:55 PM,Juan  Camacho,,Military Discount,,,0.36
Tink-a-Tako - Potranco,382,10/24/25 4:33 PM,Sergio Abundiz,15,Police Discount,,,8.00
Tink-a-Tako - Potranco,382,10/24/25 4:33 PM,Sergio Abundiz,15,Police Discount,,,0.32
Tink-a-Tako - Potranco,382,10/24/25 4:33 PM,Sergio Abundiz,15,Police Discount,,,2.24
Tink-a-Tako - Potranco,380,10/24/25 4:29 PM,Daniela Torres,,Military Discount,,,1.30
Tink-a-Tako - Potranco,380,10/24/25 4:29 PM,Daniela Torres,,Military Discount,,,2.40
Tink-a-Tako - Potranco,367,10/24/25 3:31 PM,Sergio Abundiz,37,Military Discount,,,1.30
Tink-a-Tako - Potranco,324,10/24/25 1:05 PM,Maria Majana,,Employee Discount - Check,Employee Discount,Meseras,11.27
Tink-a-Tako - Potranco,292,10/24/25 12:08 PM,Candy  Del angel ,,Open % Check,,,2.00
Tink-a-Tako - Potranco,272,10/24/25 11:39 AM,Candy  Del angel ,,Open % Check,,,0.49
Tink-a-Tako - Potranco,272,10/24/25 11:39 AM,Candy  Del angel ,,Open % Check,,,0.73
Tink-a-Tako - Potranco,166,10/24/25 10:02 AM,Silvia Hernandez,21,Open % Item,,,0.55
Tink-a-Tako - Potranco,166,10/24/25 10:02 AM,Silvia Hernandez,21,Open % Item,,,0.20
Tink-a-Tako - Potranco,102,10/24/25 8:55 AM,Candy  Del angel ,,Open % Check,,,1.90
Tink-a-Tako - Potranco,93,10/24/25 8:37 AM,Norma Vasquez,22,Reward Dollars,,,5.80
Tink-a-Tako - Potranco,91,10/24/25 8:36 AM,Maria Majana,,Open % Check,,,1.11
