Location,Order #,Opened,# of Guests,Server,Table,Discount Amount,Amount,Tax,Tip,Gratuity
Tink-a-Tako - Potranco,1,10/24/25 6:29 AM,1,Candy  Del angel ,,0.00,5.98,0.49,0.00,0.00
Tink-a-Tako - Potranco,2,10/24/25 6:33 AM,1,Candy  Del angel ,,0.00,5.98,0.49,0.00,0.00
Tink-a-Tako - Potranco,3,10/24/25 6:37 AM,1,Candy  Del angel ,,0.00,1.99,0.16,0.00,0.00
Tink-a-Tako - Potranco,4,10/24/25 6:39 AM,1,Candy  Del angel ,,0.00,9.42,0.77,2.81,0.00
Tink-a-Tako - Potranco,5,10/24/25 6:41 AM,1,Candy  Del angel ,,0.00,5.48,0.46,0.00,0.00
Tink-a-Tako - Potranco,6,10/24/25 6:42 AM,1,Candy  Del angel ,,0.00,13.13,1.08,0.00,0.00
Tink-a-Tako - Potranco,7,10/24/25 6:45 AM,1,Candy  Del angel ,,0.00,6.07,0.50,2.00,0.00
Tink-a-Tako - Potranco,8,10/24/25 6:46 AM,1,Candy  Del angel ,,0.00,7.28,0.60,0.00,0.00
Tink-a-Tako - Potranco,9,10/24/25 6:47 AM,1,Candy  Del angel ,,0.00,7.87,0.65,0.00,0.00
Tink-a-Tako - Potranco,10,10/24/25 6:50 AM,1,Candy  Del angel ,,0.00,15.54,1.29,0.00,0.00
Tink-a-Tako - Potranco,11,10/24/25 6:50 AM,1,Candy  Del angel ,,0.00,13.56,1.12,0.00,0.00
Tink-a-Tako - Potranco,12,10/24/25 6:52 AM,1,Candy  Del angel ,,0.00,11.14,0.92,0.00,0.00
Tink-a-Tako - Potranco,13,10/24/25 6:53 AM,1,Candy  Del angel ,,0.00,7.77,0.64,0.00,0.00
Tink-a-Tako - Potranco,14,10/24/25 6:55 AM,3,Norma Vasquez,18,0.00,38.60,3.19,10.00,0.00
Tink-a-Tako - Potranco,16,10/24/25 6:58 AM,1,Candy  Del angel ,,0.00,7.97,0.66,2.00,0.00
Tink-a-Tako - Potranco,15,10/24/25 6:58 AM,1,Norma Vasquez,,0.00,5.79,0.48,0.00,0.00
Tink-a-Tako - Potranco,17,10/24/25 7:00 AM,1,Candy  Del angel ,,0.00,3.98,0.33,0.00,0.00
Tink-a-Tako - Potranco,18,10/24/25 7:00 AM,1,Candy  Del angel ,,0.00,3.98,0.33,0.00,0.00
Tink-a-Tako - Potranco,19,10/24/25 7:01 AM,1,Norma Vasquez,26,0.00,7.57,0.63,0.00,0.00
Tink-a-Tako - Potranco,20,10/24/25 7:04 AM,1,Norma Vasquez,,0.00,34.10,2.82,4.00,0.00
Tink-a-Tako - Potranco,23,10/24/25 7:08 AM,1,Norma Vasquez,21,0.00,10.74,0.88,5.00,0.00
Tink-a-Tako - Potranco,22,10/24/25 7:07 AM,1,Candy  Del angel ,,0.00,10.97,0.90,0.00,0.00
Tink-a-Tako - Potranco,24,10/24/25 7:08 AM,1,Candy  Del angel ,,0.00,7.47,0.62,0.00,0.00
Tink-a-Tako - Potranco,25,10/24/25 7:08 AM,1,Candy  Del angel ,,0.00,11.74,0.97,0.00,0.00
Tink-a-Tako - Potranco,27,10/24/25 7:12 AM,1,Candy  Del angel ,,0.00,11.06,0.92,0.00,0.00
Tink-a-Tako - Potranco,28,10/24/25 7:12 AM,1,Rosie  ORDONEZ,36,0.00,4.98,0.41,0.00,0.00
Tink-a-Tako - Potranco,29,10/24/25 7:15 AM,1,Rosie  ORDONEZ,,0.00,11.34,0.93,0.00,0.00
Tink-a-Tako - Potranco,31,10/24/25 7:18 AM,1,Norma Vasquez,,0.00,8.97,0.74,0.00,0.00
Tink-a-Tako - Potranco,33,10/24/25 7:21 AM,1,Candy  Del angel ,,0.00,1.99,0.16,1.00,0.00
Tink-a-Tako - Potranco,34,10/24/25 7:21 AM,1,Candy  Del angel ,,0.00,2.99,0.25,1.00,0.00
Tink-a-Tako - Potranco,35,10/24/25 7:24 AM,1,Candy  Del angel ,,0.00,12.25,1.02,0.00,0.00
Tink-a-Tako - Potranco,36,10/24/25 7:25 AM,1,Candy  Del angel ,,0.00,10.57,0.87,0.00,0.00
Tink-a-Tako - Potranco,38,10/24/25 7:27 AM,1,Candy  Del angel ,,0.00,9.18,0.76,0.00,0.00
Tink-a-Tako - Potranco,37,10/24/25 7:26 AM,3,Norma Vasquez,11,0.00,22.51,1.87,0.00,0.00
Tink-a-Tako - Potranco,39,10/24/25 7:37 AM,1,Candy  Del angel ,,0.00,6.87,0.57,0.00,0.00
Tink-a-Tako - Potranco,40,10/24/25 7:39 AM,1,Candy  Del angel ,,0.00,22.27,1.83,5.00,0.00
Tink-a-Tako - Potranco,42,10/24/25 7:40 AM,1,Candy  Del angel ,,0.00,8.96,0.74,5.00,0.00
Tink-a-Tako - Potranco,43,10/24/25 7:41 AM,1,Candy  Del angel ,,0.00,8.96,0.74,0.00,0.00
Tink-a-Tako - Potranco,41,10/24/25 7:40 AM,1,Rosie  ORDONEZ,,0.00,3.98,0.33,2.00,0.00
Tink-a-Tako - Potranco,44,10/24/25 7:41 AM,1,Candy  Del angel ,,0.00,14.99,1.23,2.00,0.00
Tink-a-Tako - Potranco,46,10/24/25 7:42 AM,1,Norma Vasquez,,0.00,7.36,0.60,0.00,0.00
Tink-a-Tako - Potranco,47,10/24/25 7:44 AM,1,Candy  Del angel ,,0.00,5.97,0.49,0.00,0.00
Tink-a-Tako - Potranco,48,10/24/25 7:44 AM,1,Candy  Del angel ,,0.00,7.97,0.66,0.00,0.00
Tink-a-Tako - Potranco,51,10/24/25 7:48 AM,1,Candy  Del angel ,,0.00,6.48,0.54,0.00,0.00
Tink-a-Tako - Potranco,52,10/24/25 7:49 AM,1,Candy  Del angel ,,0.00,10.45,0.87,0.00,0.00
Tink-a-Tako - Potranco,53,10/24/25 7:53 AM,1,Norma Vasquez,,0.00,10.99,0.91,0.00,0.00
Tink-a-Tako - Potranco,55,10/24/25 7:56 AM,2,Norma Vasquez,22,0.00,29.45,2.43,0.00,0.00
Tink-a-Tako - Potranco,54,10/24/25 7:53 AM,1,Candy  Del angel ,,0.00,10.66,0.88,2.00,0.00
Tink-a-Tako - Potranco,58,10/24/25 8:00 AM,1,Esperansa Caviedes,8,0.00,11.37,0.94,1.00,0.00
Tink-a-Tako - Potranco,57,10/24/25 8:00 AM,1,Candy  Del angel ,,0.00,11.57,0.95,0.00,0.00
Tink-a-Tako - Potranco,59,10/24/25 8:01 AM,1,Silvia Hernandez,33,0.00,6.97,0.58,0.00,0.00
Tink-a-Tako - Potranco,60,10/24/25 8:01 AM,1,Candy  Del angel ,,0.00,9.52,0.79,0.00,0.00
Tink-a-Tako - Potranco,61,10/24/25 8:04 AM,1,Candy  Del angel ,,0.00,5.58,0.46,2.00,0.00
Tink-a-Tako - Potranco,63,10/24/25 8:08 AM,1,Maria Majana,,0.00,3.78,0.31,0.00,0.00
Tink-a-Tako - Potranco,64,10/24/25 8:08 AM,1,Candy  Del angel ,,0.00,19.55,1.61,3.00,0.00
Tink-a-Tako - Potranco,66,10/24/25 8:09 AM,1,Candy  Del angel ,,0.00,8.37,0.68,0.00,0.00
Tink-a-Tako - Potranco,67,10/24/25 8:10 AM,1,Candy  Del angel ,,0.00,13.78,1.13,3.00,0.00
Tink-a-Tako - Potranco,68,10/24/25 8:10 AM,1,Candy  Del angel ,,0.00,9.28,0.76,2.00,0.00
Tink-a-Tako - Potranco,70,10/24/25 8:11 AM,1,Norma Vasquez,26,0.00,10.22,0.84,0.00,0.00
Tink-a-Tako - Potranco,69,10/24/25 8:11 AM,1,Candy  Del angel ,,0.00,10.36,0.85,2.00,0.00
Tink-a-Tako - Potranco,73,10/24/25 8:18 AM,1,Candy  Del angel ,,0.00,15.14,1.25,0.00,0.00
Tink-a-Tako - Potranco,74,10/24/25 8:19 AM,1,Candy  Del angel ,,0.00,17.41,1.43,0.00,0.00
Tink-a-Tako - Potranco,75,10/24/25 8:20 AM,1,Candy  Del angel ,,0.00,7.43,0.60,0.00,0.00
Tink-a-Tako - Potranco,76,10/24/25 8:21 AM,1,Maria Majana,,0.00,20.91,1.74,0.00,0.00
Tink-a-Tako - Potranco,78,10/24/25 8:23 AM,1,Candy  Del angel ,,0.00,7.97,0.65,0.00,0.00
Tink-a-Tako - Potranco,79,10/24/25 8:25 AM,1,Candy  Del angel ,,0.00,10.57,0.87,2.56,0.00
Tink-a-Tako - Potranco,81,10/24/25 8:25 AM,1,Norma Vasquez,18,0.00,7.97,0.66,0.00,0.00
Tink-a-Tako - Potranco,82,10/24/25 8:26 AM,1,Candy  Del angel ,,0.00,8.37,0.68,0.00,0.00
Tink-a-Tako - Potranco,83,10/24/25 8:26 AM,1,Esperansa Caviedes,15,0.00,17.44,1.44,0.00,0.00
Tink-a-Tako - Potranco,84,10/24/25 8:26 AM,1,Candy  Del angel ,,0.00,13.76,1.14,1.00,0.00
Tink-a-Tako - Potranco,85,10/24/25 8:28 AM,1,Candy  Del angel ,,0.00,4.78,0.39,0.00,0.00
Tink-a-Tako - Potranco,86,10/24/25 8:32 AM,1,Candy  Del angel ,,0.00,11.74,0.97,0.00,0.00
Tink-a-Tako - Potranco,87,10/24/25 8:33 AM,1,Candy  Del angel ,,0.00,6.78,0.56,0.00,0.00
Tink-a-Tako - Potranco,88,10/24/25 8:34 AM,1,Candy  Del angel ,,0.00,4.99,0.41,0.00,0.00
Tink-a-Tako - Potranco,89,10/24/25 8:35 AM,1,Candy  Del angel ,,0.00,3.45,0.28,0.00,0.00
Tink-a-Tako - Potranco,91,10/24/25 8:36 AM,1,Maria Majana,,1.11,4.46,0.37,0.00,0.00
Tink-a-Tako - Potranco,92,10/24/25 8:37 AM,1,Esperansa Caviedes,23,0.00,9.77,0.81,5.00,0.00
Tink-a-Tako - Potranco,93,10/24/25 8:37 AM,3,Norma Vasquez,22,5.80,23.01,1.90,8.00,0.00
Tink-a-Tako - Potranco,94,10/24/25 8:39 AM,1,Candy  Del angel ,,0.00,3.58,0.30,1.00,0.00
Tink-a-Tako - Potranco,95,10/24/25 8:39 AM,1,Candy  Del angel ,,0.00,12.31,1.02,0.00,0.00
Tink-a-Tako - Potranco,96,10/24/25 8:41 AM,1,Candy  Del angel ,,0.00,4.98,0.41,0.00,0.00
Tink-a-Tako - Potranco,98,10/24/25 8:42 AM,1,Candy  Del angel ,,0.00,15.04,1.24,2.00,0.00
Tink-a-Tako - Potranco,99,10/24/25 8:43 AM,1,Candy  Del angel ,,0.00,6.38,0.52,0.00,0.00
Tink-a-Tako - Potranco,97,10/24/25 8:42 AM,1,Candy  Del angel ,,0.00,23.55,1.94,0.00,0.00
Tink-a-Tako - Potranco,101,10/24/25 8:46 AM,1,Candy  Del angel ,,0.00,0.00,0.00,0.00,0.00
Tink-a-Tako - Potranco,102,10/24/25 8:55 AM,1,Candy  Del angel ,,1.90,17.08,1.41,0.00,0.00
Tink-a-Tako - Potranco,103,10/24/25 8:56 AM,1,Candy  Del angel ,,0.00,0.00,0.00,0.00,0.00
Tink-a-Tako - Potranco,105,10/24/25 8:57 AM,1,Candy  Del angel ,,0.00,6.99,0.57,0.00,0.00
Tink-a-Tako - Potranco,106,10/24/25 9:01 AM,1,Maria Majana,,0.00,10.97,0.90,2.00,0.00
Tink-a-Tako - Potranco,107,10/24/25 9:03 AM,2,Silvia Hernandez,20,0.00,8.47,0.71,0.00,0.00
Tink-a-Tako - Potranco,100,10/24/25 8:46 AM,1,Candy  Del angel ,,0.00,13.95,1.15,0.00,0.00
Tink-a-Tako - Potranco,108,10/24/25 9:03 AM,1,Esperansa Caviedes,9,0.00,17.25,1.43,5.00,0.00
Tink-a-Tako - Potranco,110,10/24/25 9:08 AM,1,Candy  Del angel ,,0.00,9.68,0.80,0.00,0.00
Tink-a-Tako - Potranco,109,10/24/25 9:08 AM,3,Silvia Hernandez,3,0.00,34.74,2.87,6.00,0.00
Tink-a-Tako - Potranco,111,10/24/25 9:13 AM,1,Candy  Del angel ,,0.00,3.69,0.30,0.00,0.00
Tink-a-Tako - Potranco,112,10/24/25 9:13 AM,1,Candy  Del angel ,,0.00,9.27,0.77,3.00,0.00
Tink-a-Tako - Potranco,115,10/24/25 9:16 AM,1,Candy  Del angel ,,0.00,7.47,0.62,2.00,0.00
Tink-a-Tako - Potranco,117,10/24/25 9:19 AM,1,Candy  Del angel ,,0.00,7.38,0.61,0.00,0.00
Tink-a-Tako - Potranco,118,10/24/25 9:21 AM,2,Rosa Compean,24,0.00,36.22,2.99,0.00,0.00
Tink-a-Tako - Potranco,116,10/24/25 9:18 AM,1,Candy  Del angel ,,0.00,10.36,0.84,2.00,0.00
Tink-a-Tako - Potranco,120,10/24/25 9:24 AM,1,Candy  Del angel ,,0.00,11.99,0.99,0.00,0.00
Tink-a-Tako - Potranco,121,10/24/25 9:24 AM,1,Candy  Del angel ,,0.00,2.49,0.21,0.00,0.00
Tink-a-Tako - Potranco,122,10/24/25 9:28 AM,1,Candy  Del angel ,,0.00,9.37,0.78,0.00,0.00
Tink-a-Tako - Potranco,123,10/24/25 9:28 AM,1,Candy  Del angel ,,0.00,31.66,2.60,0.00,0.00
Tink-a-Tako - Potranco,124,10/24/25 9:30 AM,1,Candy  Del angel ,,0.00,17.63,1.47,0.00,0.00
Tink-a-Tako - Potranco,125,10/24/25 9:31 AM,1,Candy  Del angel ,,0.00,10.84,0.89,0.00,0.00
Tink-a-Tako - Potranco,126,10/24/25 9:32 AM,1,Candy  Del angel ,,0.00,7.38,0.61,0.00,0.00
Tink-a-Tako - Potranco,127,10/24/25 9:34 AM,1,Candy  Del angel ,,0.00,5.97,0.49,1.00,0.00
Tink-a-Tako - Potranco,128,10/24/25 9:37 AM,4,Esperansa Caviedes,1,0.00,49.46,4.05,0.00,0.00
Tink-a-Tako - Potranco,129,10/24/25 9:38 AM,15,Norma Vasquez,40,0.00,135.28,11.18,0.00,27.06
Tink-a-Tako - Potranco,140,10/24/25 9:39 AM,1,Candy  Del angel ,,0.00,12.18,1.00,0.00,0.00
Tink-a-Tako - Potranco,139,10/24/25 9:39 AM,2,Silvia Hernandez,22,0.00,14.96,1.24,0.00,0.00
Tink-a-Tako - Potranco,146,10/24/25 9:44 AM,1,Candy  Del angel ,,0.00,6.38,0.52,0.00,0.00
Tink-a-Tako - Potranco,147,10/24/25 9:44 AM,3,Rosa Compean,23,0.00,41.73,3.44,0.00,0.00
Tink-a-Tako - Potranco,148,10/24/25 9:44 AM,1,Candy  Del angel ,,0.00,25.06,2.06,0.00,0.00
Tink-a-Tako - Potranco,149,10/24/25 9:45 AM,1,Candy  Del angel ,,0.00,7.47,0.62,0.00,0.00
Tink-a-Tako - Potranco,151,10/24/25 9:45 AM,1,Candy  Del angel ,,0.00,37.38,3.08,0.00,0.00
Tink-a-Tako - Potranco,150,10/24/25 9:45 AM,2,Norma Vasquez,19,0.00,30.34,2.49,5.00,0.00
Tink-a-Tako - Potranco,153,10/24/25 9:48 AM,2,Esperansa Caviedes,32,0.00,25.96,2.15,0.00,0.00
Tink-a-Tako - Potranco,154,10/24/25 9:48 AM,1,Candy  Del angel ,,0.00,9.46,0.78,0.00,0.00
Tink-a-Tako - Potranco,155,10/24/25 9:54 AM,1,Candy  Del angel ,,0.00,17.95,1.48,0.00,0.00
Tink-a-Tako - Potranco,156,10/24/25 9:55 AM,1,Candy  Del angel ,,0.00,17.92,1.48,3.00,0.00
Tink-a-Tako - Potranco,157,10/24/25 9:55 AM,1,Candy  Del angel ,,0.00,10.73,0.88,0.00,0.00
Tink-a-Tako - Potranco,158,10/24/25 9:57 AM,2,Norma Vasquez,17,0.00,24.99,2.05,5.00,0.00
Tink-a-Tako - Potranco,159,10/24/25 9:59 AM,2,Esperansa Caviedes,24,0.00,29.42,2.42,0.00,0.00
Tink-a-Tako - Potranco,160,10/24/25 10:00 AM,3,Rosa Compean,2,0.00,30.25,2.50,0.00,0.00
Tink-a-Tako - Potranco,161,10/24/25 10:01 AM,3,Norma Vasquez,9,0.00,0.00,0.00,0.00,0.00
Tink-a-Tako - Potranco,162,10/24/25 10:01 AM,2,Rosa Compean,20,0.00,7.96,0.64,0.00,0.00
Tink-a-Tako - Potranco,164,10/24/25 10:01 AM,1,Candy  Del angel ,,0.00,8.42,0.69,0.00,0.00
Tink-a-Tako - Potranco,166,10/24/25 10:02 AM,1,Silvia Hernandez,21,0.75,9.72,0.81,2.00,0.00
Tink-a-Tako - Potranco,167,10/24/25 10:03 AM,1,Esperansa Caviedes,33,0.00,11.98,0.99,0.00,0.00
Tink-a-Tako - Potranco,170,10/24/25 10:05 AM,2,Norma Vasquez,25,0.00,11.42,0.94,0.00,0.00
Tink-a-Tako - Potranco,168,10/24/25 10:05 AM,2,Silvia Hernandez,16,0.00,16.97,1.41,5.00,0.00
Tink-a-Tako - Potranco,171,10/24/25 10:06 AM,1,Rosa Compean,26,0.00,14.92,1.23,5.00,0.00
Tink-a-Tako - Potranco,172,10/24/25 10:06 AM,1,Candy  Del angel ,,0.00,5.98,0.49,0.00,0.00
Tink-a-Tako - Potranco,173,10/24/25 10:07 AM,1,Candy  Del angel ,,0.00,21.31,1.76,0.00,0.00
Tink-a-Tako - Potranco,174,10/24/25 10:08 AM,1,Candy  Del angel ,,0.00,10.86,0.90,0.00,0.00
Tink-a-Tako - Potranco,119,10/24/25 9:22 AM,1,Candy  Del angel ,,0.00,11.76,0.97,1.00,0.00
Tink-a-Tako - Potranco,176,10/24/25 10:12 AM,1,Candy  Del angel ,,0.00,4.98,0.41,2.00,0.00
Tink-a-Tako - Potranco,177,10/24/25 10:12 AM,1,Candy  Del angel ,,0.00,8.56,0.71,0.00,0.00
Tink-a-Tako - Potranco,179,10/24/25 10:13 AM,2,Esperansa Caviedes,7,0.00,19.67,1.62,5.00,0.00
Tink-a-Tako - Potranco,180,10/24/25 10:16 AM,1,Candy  Del angel ,,0.00,4.39,0.36,0.00,0.00
Tink-a-Tako - Potranco,182,10/24/25 10:18 AM,3,Norma Vasquez,9,0.00,30.24,2.48,0.00,0.00
Tink-a-Tako - Potranco,183,10/24/25 10:18 AM,1,Candy  Del angel ,,0.00,1.99,0.16,0.00,0.00
Tink-a-Tako - Potranco,184,10/24/25 10:20 AM,1,Candy  Del angel ,,0.00,36.61,3.01,3.00,0.00
Tink-a-Tako - Potranco,186,10/24/25 10:21 AM,2,Silvia Hernandez,22,0.00,21.26,1.76,0.00,0.00
Tink-a-Tako - Potranco,185,10/24/25 10:21 AM,1,Candy  Del angel ,,0.00,29.73,2.45,2.00,0.00
Tink-a-Tako - Potranco,181,10/24/25 10:17 AM,1,Maria Majana,,0.00,11.77,0.97,0.00,0.00
Tink-a-Tako - Potranco,188,10/24/25 10:23 AM,1,Candy  Del angel ,,0.00,21.74,1.79,3.00,0.00
Tink-a-Tako - Potranco,191,10/24/25 10:25 AM,1,Candy  Del angel ,,0.00,8.76,0.72,0.00,0.00
Tink-a-Tako - Potranco,192,10/24/25 10:29 AM,1,Candy  Del angel ,,0.00,6.77,0.56,0.00,0.00
Tink-a-Tako - Potranco,195,10/24/25 10:31 AM,1,Silvia Hernandez,32,0.00,6.18,0.51,0.00,0.00
Tink-a-Tako - Potranco,194,10/24/25 10:30 AM,3,Rosa Compean,36,0.00,19.95,1.63,5.00,0.00
Tink-a-Tako - Potranco,197,10/24/25 10:34 AM,3,Esperansa Caviedes,10,0.00,44.27,3.63,0.00,0.00
Tink-a-Tako - Potranco,198,10/24/25 10:35 AM,1,Candy  Del angel ,,0.00,3.78,0.31,0.00,0.00
Tink-a-Tako - Potranco,199,10/24/25 10:38 AM,1,Candy  Del angel ,,0.00,10.38,0.86,0.00,0.00
Tink-a-Tako - Potranco,200,10/24/25 10:39 AM,1,Candy  Del angel ,,0.00,9.96,0.82,0.00,0.00
Tink-a-Tako - Potranco,203,10/24/25 10:40 AM,1,Candy  Del angel ,,0.00,12.77,1.05,0.00,0.00
Tink-a-Tako - Potranco,202,10/24/25 10:40 AM,1,Esperansa Caviedes,12,0.00,14.66,1.20,0.00,0.00
Tink-a-Tako - Potranco,204,10/24/25 10:40 AM,1,Candy  Del angel ,,0.00,14.65,1.20,0.00,0.00
Tink-a-Tako - Potranco,201,10/24/25 10:40 AM,2,Rosa Compean,33,0.00,24.95,2.07,6.00,0.00
Tink-a-Tako - Potranco,207,10/24/25 10:42 AM,1,Norma Vasquez,19,0.00,40.96,3.38,10.00,0.00
Tink-a-Tako - Potranco,206,10/24/25 10:42 AM,1,Maria Majana,,0.00,7.38,0.61,0.00,0.00
Tink-a-Tako - Potranco,208,10/24/25 10:42 AM,3,Norma Vasquez,11,0.00,25.94,2.14,0.00,0.00
Tink-a-Tako - Potranco,210,10/24/25 10:43 AM,2,Norma Vasquez,23,0.00,21.96,1.81,0.00,0.00
Tink-a-Tako - Potranco,211,10/24/25 10:44 AM,1,Silvia Hernandez,17,0.00,8.99,0.74,3.00,0.00
Tink-a-Tako - Potranco,212,10/24/25 10:45 AM,1,Candy  Del angel ,,0.00,11.46,0.95,2.00,0.00
Tink-a-Tako - Potranco,213,10/24/25 10:46 AM,1,Candy  Del angel ,,0.00,22.06,1.81,0.00,0.00
Tink-a-Tako - Potranco,214,10/24/25 10:48 AM,1,Candy  Del angel ,,0.00,7.38,0.61,2.00,0.00
Tink-a-Tako - Potranco,215,10/24/25 10:48 AM,1,Esperansa Caviedes,21,0.00,14.68,1.20,5.00,0.00
Tink-a-Tako - Potranco,216,10/24/25 10:49 AM,1,Candy  Del angel ,,0.00,13.56,1.12,2.00,0.00
Tink-a-Tako - Potranco,217,10/24/25 10:49 AM,2,Esperansa Caviedes,20,0.00,35.05,2.89,7.01,0.00
Tink-a-Tako - Potranco,218,10/24/25 10:51 AM,2,Rosa Compean,4,0.00,19.76,1.64,4.35,0.00
Tink-a-Tako - Potranco,219,10/24/25 10:51 AM,1,Candy  Del angel ,,0.00,10.98,0.91,1.00,0.00
Tink-a-Tako - Potranco,220,10/24/25 10:52 AM,1,Rosa Compean,16,0.00,17.18,1.42,5.00,0.00
Tink-a-Tako - Potranco,221,10/24/25 10:52 AM,2,Silvia Hernandez,38,0.00,28.42,2.34,0.00,0.00
Tink-a-Tako - Potranco,224,10/24/25 10:55 AM,1,Candy  Del angel ,,0.00,5.77,0.48,0.00,0.00
Tink-a-Tako - Potranco,225,10/24/25 10:56 AM,1,Candy  Del angel ,,0.00,3.99,0.33,0.00,0.00
Tink-a-Tako - Potranco,226,10/24/25 10:57 AM,1,Candy  Del angel ,,0.00,14.06,1.16,0.00,0.00
Tink-a-Tako - Potranco,227,10/24/25 10:57 AM,1,Candy  Del angel ,,0.00,3.69,0.30,0.00,0.00
Tink-a-Tako - Potranco,229,10/24/25 10:58 AM,2,Norma Vasquez,37,0.00,26.95,2.23,0.00,0.00
Tink-a-Tako - Potranco,230,10/24/25 10:58 AM,1,Silvia Hernandez,8,0.00,17.87,1.48,5.00,0.00
Tink-a-Tako - Potranco,231,10/24/25 11:02 AM,2,Rosa Compean,36,0.00,22.86,1.88,4.57,0.00
Tink-a-Tako - Potranco,232,10/24/25 11:02 AM,2,Norma Vasquez,22,0.00,25.26,2.08,5.00,0.00
Tink-a-Tako - Potranco,233,10/24/25 11:06 AM,1,Candy  Del angel ,,0.00,5.77,0.47,0.00,0.00
Tink-a-Tako - Potranco,234,10/24/25 11:07 AM,1,Candy  Del angel ,,0.00,7.96,0.66,0.00,0.00
Tink-a-Tako - Potranco,237,10/24/25 11:08 AM,1,Rosa Compean,25,0.00,14.69,1.21,3.00,0.00
Tink-a-Tako - Potranco,236,10/24/25 11:07 AM,1,Maria Majana,,0.00,14.35,1.18,0.00,0.00
Tink-a-Tako - Potranco,239,10/24/25 11:10 AM,1,Maria Majana,,0.00,5.77,0.48,0.00,0.00
Tink-a-Tako - Potranco,238,10/24/25 11:09 AM,2,Norma Vasquez,7,0.00,25.30,2.09,0.00,0.00
Tink-a-Tako - Potranco,241,10/24/25 11:12 AM,2,Norma Vasquez,24,0.00,17.14,1.41,3.00,0.00
Tink-a-Tako - Potranco,243,10/24/25 11:13 AM,1,Candy  Del angel ,,0.00,3.98,0.33,0.00,0.00
Tink-a-Tako - Potranco,244,10/24/25 11:13 AM,1,Candy  Del angel ,,0.00,15.25,1.26,0.00,0.00
Tink-a-Tako - Potranco,246,10/24/25 11:16 AM,1,Silvia Hernandez,26,0.00,12.79,1.05,5.00,0.00
Tink-a-Tako - Potranco,242,10/24/25 11:13 AM,6,Esperansa Caviedes,2,0.00,70.86,5.84,10.00,0.00
Tink-a-Tako - Potranco,247,10/24/25 11:16 AM,2,Rosa Compean,10,0.00,17.94,1.49,0.00,0.00
Tink-a-Tako - Potranco,245,10/24/25 11:15 AM,1,Candy  Del angel ,,0.00,23.97,1.97,0.00,0.00
Tink-a-Tako - Potranco,248,10/24/25 11:17 AM,1,Candy  Del angel ,,0.00,14.42,1.17,2.00,0.00
Tink-a-Tako - Potranco,249,10/24/25 11:18 AM,1,Candy  Del angel ,,0.00,15.77,1.30,1.00,0.00
Tink-a-Tako - Potranco,250,10/24/25 11:18 AM,2,Silvia Hernandez,17,0.00,27.91,2.30,3.00,0.00
Tink-a-Tako - Potranco,253,10/24/25 11:21 AM,1,Candy  Del angel ,,0.00,5.00,0.41,0.00,0.00
Tink-a-Tako - Potranco,255,10/24/25 11:22 AM,2,Esperansa Caviedes,39,0.00,36.52,3.01,0.00,0.00
Tink-a-Tako - Potranco,256,10/24/25 11:22 AM,2,Norma Vasquez,18,0.00,27.96,2.31,0.00,0.00
Tink-a-Tako - Potranco,257,10/24/25 11:25 AM,1,Maria Majana,,0.00,4.24,0.35,0.00,0.00
Tink-a-Tako - Potranco,258,10/24/25 11:26 AM,1,Candy  Del angel ,,0.00,7.38,0.61,0.00,0.00
Tink-a-Tako - Potranco,260,10/24/25 11:28 AM,1,Candy  Del angel ,,0.00,20.56,1.70,0.00,0.00
Tink-a-Tako - Potranco,259,10/24/25 11:27 AM,1,Maria Majana,,0.00,18.97,1.56,0.00,0.00
Tink-a-Tako - Potranco,262,10/24/25 11:29 AM,1,Candy  Del angel ,,0.00,7.67,0.63,0.00,0.00
Tink-a-Tako - Potranco,261,10/24/25 11:29 AM,1,Rosa Compean,8,0.00,13.28,1.09,0.00,0.00
Tink-a-Tako - Potranco,265,10/24/25 11:30 AM,2,Norma Vasquez,35,0.00,34.37,2.82,1.00,0.00
Tink-a-Tako - Potranco,266,10/24/25 11:31 AM,1,Candy  Del angel ,,0.00,8.17,0.67,0.00,0.00
Tink-a-Tako - Potranco,267,10/24/25 11:32 AM,2,Silvia Hernandez,4,0.00,34.04,2.81,0.00,0.00
Tink-a-Tako - Potranco,264,10/24/25 11:30 AM,1,Maria Majana,,0.00,24.87,2.04,0.00,0.00
Tink-a-Tako - Potranco,269,10/24/25 11:34 AM,2,Esperansa Caviedes,10,0.00,25.98,2.14,10.00,0.00
Tink-a-Tako - Potranco,270,10/24/25 11:34 AM,1,Candy  Del angel ,,0.00,24.28,2.00,0.00,0.00
Tink-a-Tako - Potranco,271,10/24/25 11:36 AM,1,Candy  Del angel ,,0.00,13.45,1.10,2.00,0.00
Tink-a-Tako - Potranco,272,10/24/25 11:39 AM,1,Candy  Del angel ,,1.22,10.95,0.90,0.00,0.00
Tink-a-Tako - Potranco,273,10/24/25 11:41 AM,1,Maria Majana,,0.00,8.37,0.69,0.00,0.00
Tink-a-Tako - Potranco,275,10/24/25 11:43 AM,1,Candy  Del angel ,,0.00,11.76,0.97,0.00,0.00
Tink-a-Tako - Potranco,277,10/24/25 11:47 AM,1,Candy  Del angel ,,0.00,9.67,0.79,0.00,0.00
Tink-a-Tako - Potranco,276,10/24/25 11:45 AM,3,Rosa Compean,25,0.00,44.69,3.68,0.00,0.00
Tink-a-Tako - Potranco,278,10/24/25 11:51 AM,3,Silvia Hernandez,31,0.00,43.62,3.62,10.00,0.00
Tink-a-Tako - Potranco,279,10/24/25 11:52 AM,1,Candy  Del angel ,,0.00,13.99,1.15,0.00,0.00
Tink-a-Tako - Potranco,280,10/24/25 11:54 AM,1,Candy  Del angel ,,0.00,12.76,1.05,0.00,0.00
Tink-a-Tako - Potranco,281,10/24/25 11:56 AM,2,Esperansa Caviedes,33,0.00,28.18,2.32,5.00,0.00
Tink-a-Tako - Potranco,282,10/24/25 11:58 AM,1,Candy  Del angel ,,0.00,7.76,0.64,0.00,0.00
Tink-a-Tako - Potranco,284,10/24/25 11:59 AM,3,Silvia Hernandez,24,0.00,37.78,3.11,5.00,0.00
Tink-a-Tako - Potranco,286,10/24/25 12:04 PM,2,Rosa Compean,23,0.00,15.42,1.27,0.00,0.00
Tink-a-Tako - Potranco,289,10/24/25 12:05 PM,1,Candy  Del angel ,,0.00,8.63,0.72,0.00,0.00
Tink-a-Tako - Potranco,288,10/24/25 12:05 PM,2,Norma Vasquez,37,0.00,34.19,2.82,6.99,0.00
Tink-a-Tako - Potranco,290,10/24/25 12:07 PM,1,Candy  Del angel ,,0.00,8.95,0.74,0.00,0.00
Tink-a-Tako - Potranco,291,10/24/25 12:07 PM,1,Candy  Del angel ,,0.00,12.93,1.07,2.00,0.00
Tink-a-Tako - Potranco,292,10/24/25 12:08 PM,1,Candy  Del angel ,,2.00,17.98,1.48,0.00,0.00
Tink-a-Tako - Potranco,293,10/24/25 12:09 PM,1,Candy  Del angel ,,0.00,10.98,0.91,0.00,0.00
Tink-a-Tako - Potranco,294,10/24/25 12:10 PM,2,Silvia Hernandez,35,0.00,33.66,2.77,5.00,0.00
Tink-a-Tako - Potranco,295,10/24/25 12:14 PM,2,Esperansa Caviedes,7,0.00,28.67,2.36,6.00,0.00
Tink-a-Tako - Potranco,296,10/24/25 12:15 PM,2,Rosa Compean,8,0.00,11.92,0.98,5.00,0.00
Tink-a-Tako - Potranco,297,10/24/25 12:15 PM,2,Silvia Hernandez,36,0.00,23.62,1.94,5.00,0.00
Tink-a-Tako - Potranco,298,10/24/25 12:15 PM,1,Candy  Del angel ,,0.00,12.27,1.01,0.00,0.00
Tink-a-Tako - Potranco,299,10/24/25 12:16 PM,2,Norma Vasquez,17,0.00,10.76,0.88,4.00,0.00
Tink-a-Tako - Potranco,300,10/24/25 12:18 PM,1,Candy  Del angel ,,0.00,4.23,0.35,2.58,0.00
Tink-a-Tako - Potranco,301,10/24/25 12:21 PM,2,Norma Vasquez,32,0.00,17.98,1.48,4.00,0.00
Tink-a-Tako - Potranco,304,10/24/25 12:26 PM,1,Candy  Del angel ,,0.00,13.45,1.10,2.00,0.00
Tink-a-Tako - Potranco,305,10/24/25 12:26 PM,2,Maria Majana,39,0.00,38.92,3.21,0.00,0.00
Tink-a-Tako - Potranco,306,10/24/25 12:27 PM,1,Candy  Del angel ,,0.00,20.56,1.69,3.00,0.00
Tink-a-Tako - Potranco,307,10/24/25 12:28 PM,1,Candy  Del angel ,,0.00,10.49,0.86,0.00,0.00
Tink-a-Tako - Potranco,308,10/24/25 12:29 PM,1,Candy  Del angel ,,0.00,12.03,0.99,0.00,0.00
Tink-a-Tako - Potranco,309,10/24/25 12:35 PM,1,Candy  Del angel ,,0.00,30.99,2.57,0.00,0.00
Tink-a-Tako - Potranco,310,10/24/25 12:37 PM,1,Candy  Del angel ,,0.00,10.99,0.91,0.00,0.00
Tink-a-Tako - Potranco,311,10/24/25 12:38 PM,1,Candy  Del angel ,,0.00,6.68,0.55,0.00,0.00
Tink-a-Tako - Potranco,312,10/24/25 12:40 PM,1,Maria Majana,,0.00,13.66,1.12,1.00,0.00
Tink-a-Tako - Potranco,313,10/24/25 12:41 PM,2,Norma Vasquez,24,0.00,15.26,1.26,0.00,0.00
Tink-a-Tako - Potranco,314,10/24/25 12:42 PM,1,Candy  Del angel ,,0.00,10.83,0.89,2.00,0.00
Tink-a-Tako - Potranco,12001,10/24/25 12:43 PM,2,Esperansa Caviedes,25,0.00,27.88,2.29,0.00,0.00
Tink-a-Tako - Potranco,315,10/24/25 12:43 PM,1,Candy  Del angel ,,0.00,11.99,0.99,2.00,0.00
Tink-a-Tako - Potranco,316,10/24/25 12:51 PM,2,Silvia Hernandez,23,0.00,28.05,2.31,0.00,0.00
Tink-a-Tako - Potranco,317,10/24/25 12:54 PM,1,Candy  Del angel ,,0.00,30.45,2.50,0.00,0.00
Tink-a-Tako - Potranco,319,10/24/25 12:56 PM,1,Lizeth Alonso,,0.00,7.97,0.66,1.00,0.00
Tink-a-Tako - Potranco,322,10/24/25 1:02 PM,4,Esperansa Caviedes,31,0.00,52.59,4.33,4.00,0.00
Tink-a-Tako - Potranco,321,10/24/25 12:57 PM,2,Rosa Compean,33,0.00,29.36,2.41,3.00,0.00
Tink-a-Tako - Potranco,323,10/24/25 1:05 PM,1,Lizeth Alonso,,0.00,12.77,1.05,0.00,0.00
Tink-a-Tako - Potranco,324,10/24/25 1:05 PM,1,Maria Majana,,11.27,0.00,0.00,0.00,0.00
Tink-a-Tako - Potranco,325,10/24/25 1:09 PM,2,Silvia Hernandez,22,0.00,13.98,1.15,0.00,0.00
Tink-a-Tako - Potranco,326,10/24/25 1:13 PM,1,Lizeth Alonso,,0.00,8.87,0.73,0.00,0.00
Tink-a-Tako - Potranco,328,10/24/25 1:14 PM,1,Lizeth Alonso,,0.00,2.99,0.25,0.00,0.00
Tink-a-Tako - Potranco,329,10/24/25 1:23 PM,2,Rosa Compean,11,0.00,58.59,4.82,10.00,0.00
Tink-a-Tako - Potranco,330,10/24/25 1:24 PM,1,Lizeth Alonso,,0.00,33.85,2.79,0.00,0.00
Tink-a-Tako - Potranco,331,10/24/25 1:25 PM,2,Esperansa Caviedes,32,0.00,32.12,2.65,8.00,0.00
Tink-a-Tako - Potranco,333,10/24/25 1:28 PM,1,Lizeth Alonso,,0.00,17.98,1.48,0.00,0.00
Tink-a-Tako - Potranco,332,10/24/25 1:27 PM,1,Silvia Hernandez,26,0.00,10.98,0.90,0.00,0.00
Tink-a-Tako - Potranco,334,10/24/25 1:28 PM,1,Lizeth Alonso,,0.00,19.16,1.58,0.00,0.00
Tink-a-Tako - Potranco,335,10/24/25 1:31 PM,1,Lizeth Alonso,,0.00,11.99,0.99,0.00,0.00
Tink-a-Tako - Potranco,337,10/24/25 1:33 PM,1,Maria Majana,,0.00,5.00,0.41,0.00,0.00
Tink-a-Tako - Potranco,338,10/24/25 1:35 PM,1,Maria Majana,,0.00,4.39,0.36,0.00,0.00
Tink-a-Tako - Potranco,339,10/24/25 1:36 PM,2,Rosa Compean,25,0.00,21.98,1.81,3.30,0.00
Tink-a-Tako - Potranco,340,10/24/25 1:38 PM,1,Lizeth Alonso,,0.00,8.97,0.74,1.29,0.00
Tink-a-Tako - Potranco,341,10/24/25 1:38 PM,4,Esperansa Caviedes,34,0.00,38.69,3.19,0.00,0.00
Tink-a-Tako - Potranco,342,10/24/25 1:45 PM,1,Lizeth Alonso,,0.00,1.79,0.15,0.00,0.00
Tink-a-Tako - Potranco,343,10/24/25 1:46 PM,1,Lizeth Alonso,,0.00,11.55,0.96,2.49,0.00
Tink-a-Tako - Potranco,344,10/24/25 1:48 PM,1,Lizeth Alonso,,0.00,17.83,1.47,0.00,0.00
Tink-a-Tako - Potranco,345,10/24/25 1:49 PM,2,Rosa Compean,8,0.00,25.43,2.10,3.00,0.00
Tink-a-Tako - Potranco,346,10/24/25 1:51 PM,2,Rosa Compean,7,0.00,28.68,2.36,5.00,0.00
Tink-a-Tako - Potranco,347,10/24/25 1:55 PM,2,Esperansa Caviedes,9,0.00,29.10,2.40,4.37,0.00
Tink-a-Tako - Potranco,349,10/24/25 2:04 PM,2,Sergio Abundiz,24,0.00,29.38,2.42,0.00,0.00
Tink-a-Tako - Potranco,348,10/24/25 1:59 PM,1,Lizeth Alonso,,0.00,13.98,1.16,0.00,0.00
Tink-a-Tako - Potranco,350,10/24/25 2:04 PM,1,Lizeth Alonso,,0.00,6.38,0.52,0.00,0.00
Tink-a-Tako - Potranco,351,10/24/25 2:06 PM,1,Lizeth Alonso,,0.00,12.73,1.04,0.00,0.00
Tink-a-Tako - Potranco,353,10/24/25 2:09 PM,2,Sergio Abundiz,17,0.00,12.94,1.06,0.00,0.00
Tink-a-Tako - Potranco,352,10/24/25 2:07 PM,1,Lizeth Alonso,,0.00,13.54,1.11,0.00,0.00
Tink-a-Tako - Potranco,354,10/24/25 2:11 PM,1,Lizeth Alonso,,0.00,8.99,0.74,0.00,0.00
Tink-a-Tako - Potranco,355,10/24/25 2:15 PM,1,Lizeth Alonso,,0.00,18.42,1.52,0.00,0.00
Tink-a-Tako - Potranco,356,10/24/25 2:29 PM,2,Juan  Camacho,23,0.00,26.97,2.22,0.00,0.00
Tink-a-Tako - Potranco,357,10/24/25 2:32 PM,1,Lizeth Alonso,,0.00,29.55,2.44,5.00,0.00
Tink-a-Tako - Potranco,360,10/24/25 2:36 PM,1,Lizeth Alonso,,0.00,7.18,0.59,0.00,0.00
Tink-a-Tako - Potranco,358,10/24/25 2:35 PM,1,Lizeth Alonso,,0.00,9.47,0.78,0.00,0.00
Tink-a-Tako - Potranco,359,10/24/25 2:36 PM,1,Juan  Camacho,32,0.00,18.67,1.54,0.00,0.00
Tink-a-Tako - Potranco,362,10/24/25 2:58 PM,1,Sergio Abundiz,38,0.00,18.42,1.52,0.00,0.00
Tink-a-Tako - Potranco,363,10/24/25 3:03 PM,1,Lizeth Alonso,,0.00,3.98,0.33,0.00,0.00
Tink-a-Tako - Potranco,364,10/24/25 3:04 PM,2,Sergio Abundiz,24,0.00,30.46,2.52,0.00,0.00
Tink-a-Tako - Potranco,365,10/24/25 3:06 PM,1,Lizeth Alonso,,0.00,7.56,0.63,1.81,0.00
Tink-a-Tako - Potranco,366,10/24/25 3:15 PM,1,Lizeth Alonso,,0.00,14.47,1.19,0.00,0.00
Tink-a-Tako - Potranco,367,10/24/25 3:31 PM,1,Sergio Abundiz,37,1.30,11.69,0.96,3.35,0.00
Tink-a-Tako - Potranco,368,10/24/25 3:34 PM,2,Juan  Camacho,33,0.00,21.87,1.79,0.00,0.00
Tink-a-Tako - Potranco,369,10/24/25 3:35 PM,2,Juan  Camacho,32,0.00,19.97,1.65,6.00,0.00
Tink-a-Tako - Potranco,370,10/24/25 3:36 PM,2,Juan  Camacho,23,0.00,51.85,4.27,10.00,0.00
Tink-a-Tako - Potranco,371,10/24/25 3:36 PM,3,Sergio Abundiz,39,0.00,41.12,3.40,5.00,0.00
Tink-a-Tako - Potranco,372,10/24/25 3:47 PM,1,Lizeth Alonso,,0.00,23.98,1.98,5.00,0.00
Tink-a-Tako - Potranco,373,10/24/25 3:56 PM,1,Lizeth Alonso,,0.00,11.37,0.94,0.00,0.00
Tink-a-Tako - Potranco,374,10/24/25 4:02 PM,1,Sergio Abundiz,36,0.00,12.69,1.04,0.00,0.00
Tink-a-Tako - Potranco,375,10/24/25 4:04 PM,2,Juan  Camacho,25,0.00,32.18,2.65,0.00,0.00
Tink-a-Tako - Potranco,376,10/24/25 4:13 PM,1,Lizeth Alonso,,0.00,8.95,0.74,0.00,0.00
Tink-a-Tako - Potranco,377,10/24/25 4:13 PM,3,Sergio Abundiz,37,0.00,40.89,3.37,2.00,0.00
Tink-a-Tako - Potranco,378,10/24/25 4:25 PM,1,Lizeth Alonso,,0.00,7.67,0.62,0.00,0.00
Tink-a-Tako - Potranco,379,10/24/25 4:27 PM,2,Juan  Camacho,35,0.00,21.67,1.78,0.00,0.00
Tink-a-Tako - Potranco,380,10/24/25 4:29 PM,1,Daniela Torres,,3.70,36.26,2.99,0.00,0.00
Tink-a-Tako - Potranco,381,10/24/25 4:31 PM,1,Lizeth Alonso,,0.00,9.98,0.82,0.00,0.00
Tink-a-Tako - Potranco,382,10/24/25 4:33 PM,2,Sergio Abundiz,15,10.56,17.51,1.45,10.00,0.00
Tink-a-Tako - Potranco,383,10/24/25 4:39 PM,2,Juan  Camacho,7,0.00,20.37,1.68,0.00,0.00
Tink-a-Tako - Potranco,384,10/24/25 4:42 PM,1,Lizeth Alonso,,0.00,8.78,0.72,0.00,0.00
Tink-a-Tako - Potranco,386,10/24/25 4:52 PM,2,Sergio Abundiz,22,0.00,25.26,2.08,15.00,0.00
Tink-a-Tako - Potranco,387,10/24/25 4:54 PM,2,Juan  Camacho,3,0.00,26.72,2.21,5.00,0.00
Tink-a-Tako - Potranco,388,10/24/25 4:55 PM,1,Juan  Camacho,,0.36,3.22,0.27,0.00,0.00
Tink-a-Tako - Potranco,389,10/24/25 4:58 PM,2,Sergio Abundiz,25,0.00,51.76,4.26,0.00,0.00
Tink-a-Tako - Potranco,385,10/24/25 4:45 PM,1,Lizeth Alonso,,0.00,16.57,1.37,0.00,0.00
Tink-a-Tako - Potranco,392,10/24/25 5:04 PM,1,Lizeth Alonso,,0.00,31.26,2.58,2.00,0.00
Tink-a-Tako - Potranco,393,10/24/25 5:05 PM,1,Lizeth Alonso,,0.00,8.64,0.71,0.00,0.00
Tink-a-Tako - Potranco,395,10/24/25 5:07 PM,2,Juan  Camacho,38,0.00,44.92,3.71,8.00,0.00
Tink-a-Tako - Potranco,397,10/24/25 5:10 PM,2,Juan  Camacho,24,0.00,33.37,2.74,0.00,0.00
Tink-a-Tako - Potranco,398,10/24/25 5:13 PM,2,Sergio Abundiz,32,0.00,20.37,1.68,0.00,0.00
Tink-a-Tako - Potranco,400,10/24/25 5:27 PM,2,Sergio Abundiz,8,0.00,7.98,0.66,0.00,0.00
Tink-a-Tako - Potranco,402,10/24/25 5:36 PM,1,Daniela Torres,,0.00,19.77,1.63,3.00,0.00
Tink-a-Tako - Potranco,403,10/24/25 5:39 PM,1,Juan  Camacho,39,0.00,12.98,1.07,0.00,0.00
Tink-a-Tako - Potranco,405,10/24/25 5:53 PM,2,Sergio Abundiz,33,0.00,29.43,2.43,3.00,0.00
Tink-a-Tako - Potranco,404,10/24/25 5:53 PM,1,Lizeth Alonso,,0.00,23.73,1.95,0.00,0.00
Tink-a-Tako - Potranco,406,10/24/25 5:56 PM,1,Lizeth Alonso,,0.00,9.78,0.81,2.00,0.00
Tink-a-Tako - Potranco,408,10/24/25 5:58 PM,2,Juan  Camacho,37,0.00,32.89,2.70,6.58,0.00
Tink-a-Tako - Potranco,407,10/24/25 5:56 PM,1,Lizeth Alonso,,0.00,22.48,1.86,0.00,0.00
Tink-a-Tako - Potranco,394,10/24/25 5:05 PM,1,Lizeth Alonso,,0.00,23.97,1.98,3.05,0.00
Tink-a-Tako - Potranco,410,10/24/25 6:03 PM,1,Juan  Camacho,,0.00,35.97,2.97,5.00,0.00
Tink-a-Tako - Potranco,409,10/24/25 6:03 PM,1,Lizeth Alonso,,0.00,8.78,0.72,0.00,0.00
Tink-a-Tako - Potranco,411,10/24/25 6:06 PM,1,Lizeth Alonso,,0.00,12.99,1.07,1.00,0.00
Tink-a-Tako - Potranco,413,10/24/25 6:19 PM,1,Daniela Torres,,0.00,38.74,3.19,3.00,0.00
Tink-a-Tako - Potranco,414,10/24/25 6:19 PM,1,Lizeth Alonso,,0.00,7.28,0.60,0.00,0.00
Tink-a-Tako - Potranco,415,10/24/25 6:26 PM,1,Lizeth Alonso,,0.00,4.79,0.40,0.00,0.00
Tink-a-Tako - Potranco,416,10/24/25 6:34 PM,1,Lizeth Alonso,,0.00,22.52,1.85,0.00,0.00
Tink-a-Tako - Potranco,417,10/24/25 6:34 PM,5,Sergio Abundiz,3,0.00,46.98,3.90,0.00,0.00
Tink-a-Tako - Potranco,418,10/24/25 6:34 PM,1,Lizeth Alonso,,0.00,47.97,3.96,0.00,0.00
Tink-a-Tako - Potranco,419,10/24/25 6:36 PM,8,Juan  Camacho,24,0.00,81.68,6.73,0.00,16.34
Tink-a-Tako - Potranco,420,10/24/25 6:43 PM,1,Lizeth Alonso,,0.00,15.38,1.27,0.00,0.00
Tink-a-Tako - Potranco,421,10/24/25 6:46 PM,1,Juan  Camacho,32,0.00,15.43,1.27,0.00,0.00
Tink-a-Tako - Potranco,422,10/24/25 6:47 PM,2,Sergio Abundiz,25,0.00,17.98,1.48,4.00,0.00
Tink-a-Tako - Potranco,424,10/24/25 6:49 PM,3,Juan  Camacho,7,0.00,19.77,1.63,5.00,0.00
Tink-a-Tako - Potranco,423,10/24/25 6:49 PM,1,Lizeth Alonso,,0.00,49.40,4.08,0.00,0.00
Tink-a-Tako - Potranco,425,10/24/25 6:59 PM,1,Lizeth Alonso,,0.00,1.79,0.15,0.00,0.00
Tink-a-Tako - Potranco,426,10/24/25 6:59 PM,1,Sergio Abundiz,,0.00,23.77,1.96,0.00,0.00
Tink-a-Tako - Potranco,428,10/24/25 6:59 PM,1,Sergio Abundiz,,0.00,10.74,0.89,1.00,0.00
Tink-a-Tako - Potranco,429,10/24/25 7:02 PM,1,Lizeth Alonso,,0.00,14.96,1.24,0.00,0.00
Tink-a-Tako - Potranco,430,10/24/25 7:03 PM,1,Lizeth Alonso,,0.00,14.97,1.24,0.00,0.00
Tink-a-Tako - Potranco,432,10/24/25 7:07 PM,2,Juan  Camacho,35,0.00,29.63,2.43,0.00,0.00
Tink-a-Tako - Potranco,433,10/24/25 7:12 PM,3,Sergio Abundiz,33,0.00,40.07,3.29,8.00,0.00
Tink-a-Tako - Potranco,434,10/24/25 7:12 PM,1,Lizeth Alonso,,0.00,15.99,1.32,0.00,0.00
Tink-a-Tako - Potranco,436,10/24/25 7:13 PM,2,Sergio Abundiz,4,0.00,32.12,2.64,2.00,0.00
Tink-a-Tako - Potranco,435,10/24/25 7:13 PM,1,Lizeth Alonso,,0.00,21.97,1.81,0.00,0.00
Tink-a-Tako - Potranco,437,10/24/25 7:18 PM,1,Lizeth Alonso,,0.00,31.97,2.64,2.00,0.00
Tink-a-Tako - Potranco,440,10/24/25 7:20 PM,1,Lizeth Alonso,,0.00,15.99,1.32,3.00,0.00
Tink-a-Tako - Potranco,441,10/24/25 7:24 PM,2,Mayra Luna,7,0.00,28.42,2.34,5.68,0.00
Tink-a-Tako - Potranco,442,10/24/25 7:24 PM,2,Sergio Abundiz,37,0.00,37.97,3.12,0.00,0.00
Tink-a-Tako - Potranco,444,10/24/25 7:33 PM,1,Lizeth Alonso,,0.00,13.99,1.15,0.00,0.00
Tink-a-Tako - Potranco,443,10/24/25 7:33 PM,4,Juan  Camacho,34,0.00,100.82,8.30,30.00,0.00
Tink-a-Tako - Potranco,445,10/24/25 7:37 PM,2,Sergio Abundiz,32,0.00,32.35,2.66,7.00,0.00
Tink-a-Tako - Potranco,446,10/24/25 7:41 PM,1,Sergio Abundiz,,0.00,18.44,1.52,2.00,0.00
Tink-a-Tako - Potranco,447,10/24/25 7:42 PM,2,Juan  Camacho,25,0.00,30.56,2.50,0.00,0.00
Tink-a-Tako - Potranco,448,10/24/25 7:52 PM,2,Sergio Abundiz,8,0.00,35.66,2.93,0.00,0.00
Tink-a-Tako - Potranco,449,10/24/25 7:52 PM,2,Juan  Camacho,18,0.00,33.20,2.73,10.00,0.00
Tink-a-Tako - Potranco,451,10/24/25 7:56 PM,1,Lizeth Alonso,,0.00,51.78,4.26,0.00,0.00
Tink-a-Tako - Potranco,452,10/24/25 7:58 PM,1,Lizeth Alonso,,0.00,37.73,3.11,0.00,0.00
Tink-a-Tako - Potranco,453,10/24/25 7:59 PM,1,Lizeth Alonso,,0.00,3.99,0.33,0.00,0.00
Tink-a-Tako - Potranco,454,10/24/25 8:00 PM,1,Lizeth Alonso,,0.00,0.00,0.00,0.00,0.00
Tink-a-Tako - Potranco,455,10/24/25 8:14 PM,3,Juan  Camacho,17,0.00,53.01,4.36,10.00,0.00
Tink-a-Tako - Potranco,456,10/24/25 8:18 PM,2,Sergio Abundiz,20,0.00,36.67,3.03,0.00,0.00
Tink-a-Tako - Potranco,457,10/24/25 8:27 PM,1,Lizeth Alonso,,0.00,15.68,1.28,10.00,0.00
Tink-a-Tako - Potranco,458,10/24/25 8:31 PM,1,Lizeth Alonso,,0.00,10.98,0.91,0.00,0.00
Tink-a-Tako - Potranco,459,10/24/25 8:32 PM,1,Lizeth Alonso,,0.00,17.98,1.48,0.00,0.00
Tink-a-Tako - Potranco,460,10/24/25 9:24 PM,1,Lizeth Alonso,,0.00,12.78,1.05,0.00,0.00
Tink-a-Tako - Potranco,461,10/24/25 9:24 PM,1,Lizeth Alonso,,0.00,19.97,1.65,0.00,0.00
