,Location,Employee,Job Title,In Date,Shift Closed Date,Out Date,Hours,Cash Tips Decl.,Cash on Hand,Cash in Drawer,Non-Cash Tips,Cash Gratuity,Non-Cash Gratuity,Tips Withheld,Non-Cash Sales,Cash Sales,Total Sales,Cash Collected?,Tips Paid?,Open,Paid,Closed,Tip Share Total
800000031110416574,Tink-a-Tako - Potranco,Rodolfo Alvarado,Cook,10/24/25 6:06 AM,10/25/25 4:08 AM,10/25/25 4:00 AM,21.89,0.00,0.00,0.00,0.00,0.00,0.00,0.00,0.00,0.00,0.00,yes,yes,0,0,0,0.00
800000031110457101,Tink-a-Tako - Potranco,Norma Vasquez,Server,10/24/25 6:12 AM,10/24/25 1:26 PM,10/24/25 1:39 PM,7.45,,185.50,0.00,70.99,0.00,27.06,0.00,651.88,185.50,837.38,yes,yes,0,0,32,0.00
800000031110529046,Tink-a-Tako - Potranco,Candy  Del angel ,Drive-Thru,10/24/25 6:23 AM,10/24/25 1:01 PM,10/24/25 1:14 PM,6.85,,0.00,469.88,88.95,0.00,0.00,0.00,1374.74,469.88,1844.62,yes,yes,0,0,155,0.00
800000031110685384,Tink-a-Tako - Potranco,Rosie  ORDONEZ,Shift Manager / Assistant Manager,10/24/25 6:41 AM,10/24/25 2:28 PM,10/24/25 2:28 PM,7.78,,5.39,0.00,2.00,0.00,0.00,0.00,16.58,5.39,21.97,yes,yes,0,0,3,0.00
800000031111609179,Tink-a-Tako - Potranco,Esperansa Caviedes,Server,10/24/25 7:43 AM,10/24/25 2:31 PM,10/24/25 2:32 PM,6.80,,121.17,0.00,75.38,0.00,0.00,0.00,605.70,121.17,726.87,yes,yes,0,0,24,0.00
800000031111860244,Tink-a-Tako - Potranco,Silvia Hernandez,Server,10/24/25 7:57 AM,10/24/25 2:07 PM,10/24/25 2:08 PM,6.18,,80.80,0.00,54.00,0.00,0.00,0.00,396.59,80.80,477.39,yes,yes,0,0,21,0.00
800000031111899945,Tink-a-Tako - Potranco,Maria Majana,Host,10/24/25 7:59 AM,10/24/25 2:02 PM,10/24/25 2:03 PM,6.06,,0.00,83.86,3.00,0.00,0.00,0.00,130.25,83.86,214.11,yes,yes,0,0,17,0.00
800000031112733350,Tink-a-Tako - Potranco,Rosa Compean,Server,10/24/25 8:39 AM,10/24/25 2:28 PM,10/24/25 2:28 PM,5.81,,75.15,0.00,62.22,0.00,0.00,0.00,485.27,75.15,560.42,yes,yes,0,0,21,0.00
800000031121905980,Tink-a-Tako - Potranco,Lizeth Alonso,Host,10/24/25 12:54 PM,10/24/25 9:59 PM,10/24/25 10:01 PM,9.11,,0.00,315.21,39.64,0.00,0.00,0.00,746.42,315.21,1061.63,yes,yes,0,0,61,0.00
800000031124528335,Tink-a-Tako - Potranco,Sergio Abundiz,Server,10/24/25 1:54 PM,10/24/25 9:42 PM,10/24/25 10:06 PM,8.19,,246.76,0.00,62.35,0.00,0.00,0.00,492.16,246.76,738.92,yes,yes,0,0,27,0.00
800000031125048444,Tink-a-Tako - Potranco,Juan  Camacho,Server,10/24/25 2:06 PM,10/24/25 9:54 PM,10/24/25 10:16 PM,8.16,,168.70,0.00,95.58,0.00,16.34,0.00,662.22,168.70,830.92,yes,yes,0,0,26,0.00
800000031125318577,Tink-a-Tako - Potranco,Mayra Luna,Shift Manager / Assistant Manager,10/24/25 2:13 PM,10/24/25 10:05 PM,10/24/25 10:16 PM,8.05,,0.00,0.00,5.68,0.00,0.00,0.00,30.76,0.00,30.76,yes,yes,0,0,1,0.00
800000031128496133,Tink-a-Tako - Potranco,Jonathan Rueda,Busser,10/24/25 3:29 PM,10/24/25 9:30 PM,10/24/25 9:30 PM,6.02,,0.00,0.00,0.00,0.00,0.00,0.00,0.00,0.00,0.00,yes,yes,0,0,0,0.00
800000031129791555,Tink-a-Tako - Potranco,Daniela Torres,Drive-Thru,10/24/25 3:57 PM,10/24/25 7:02 PM,10/24/25 7:04 PM,3.11,,0.00,0.00,6.00,0.00,0.00,0.00,102.58,0.00,102.58,yes,yes,0,0,3,0.00
800000031129923593,Tink-a-Tako - Potranco,Jesus Calderon,Cook,10/24/25 4:00 PM,10/24/25 9:56 PM,10/24/25 9:56 PM,5.94,,0.00,0.00,0.00,0.00,0.00,0.00,0.00,0.00,0.00,yes,yes,0,0,0,0.00
