Location,Employee,Job Title,In Date,Out Date,Total Hours,Unpaid Break Time,Paid Break Time,Payable Hours
Tink-a-Tako - Potranco,"Aviles, Genaro",Cook,10/24/25 5:30 AM,10/24/25 4:30 PM,10.99,0.00,0.00,10.99
Tink-a-Tako - Potranco,"Diaz, Diego",Cook,10/24/25 5:31 AM,10/24/25 2:15 PM,8.73,0.00,0.00,8.73
Tink-a-Tako - Potranco,"Dominguez, Jose ",Cook,10/24/25 5:46 AM,10/24/25 2:17 PM,8.53,0.00,0.00,8.53
Tink-a-Tako - Potranco,"Alvarado, Rodolfo",Cook,10/24/25 6:06 AM,10/25/25 4:00 AM,21.89,0.00,0.00,21.89
Tink-a-Tako - Potranco,"Vasquez, Norma",Server,10/24/25 6:12 AM,10/24/25 1:39 PM,7.45,0.00,0.00,7.45
Tink-a-Tako - Potranco,"Del angel , Candy ",Drive-Thru,10/24/25 6:23 AM,10/24/25 1:14 PM,6.85,0.00,0.00,6.85
Tink-a-Tako - Potranco,"Zuniga, Sebastian",Cook,10/24/25 6:31 AM,10/24/25 2:14 PM,7.71,0.00,0.00,7.71
Tink-a-Tako - Potranco,"ORDONEZ, Rosie ",Shift Manager / Assistant Manager,10/24/25 6:41 AM,10/24/25 2:28 PM,7.78,0.00,0.00,7.78
Tink-a-Tako - Potranco,"Brito, Victor ",Regular,10/24/25 7:02 AM,10/24/25 2:21 PM,7.33,0.00,0.00,7.33
Tink-a-Tako - Potranco,"Caviedes, Esperansa",Server,10/24/25 7:43 AM,10/24/25 2:32 PM,6.80,0.00,0.00,6.80
Tink-a-Tako - Potranco,"huerta, Arturo ",Dishwasher,10/24/25 7:54 AM,10/24/25 2:08 PM,6.22,0.00,0.00,6.22
Tink-a-Tako - Potranco,"Hernandez, Silvia",Server,10/24/25 7:57 AM,10/24/25 2:08 PM,6.18,0.00,0.00,6.18
Tink-a-Tako - Potranco,"Majana, Maria",Host,10/24/25 7:59 AM,10/24/25 2:03 PM,6.06,0.00,0.00,6.06
Tink-a-Tako - Potranco,"Compean, Rosa",Server,10/24/25 8:39 AM,10/24/25 2:28 PM,5.81,0.00,0.00,5.81
Tink-a-Tako - Potranco,"Serrato, Joshua ",Busser,10/24/25 8:58 AM,10/24/25 2:36 PM,5.63,0.00,0.00,5.63
Tink-a-Tako - Potranco,"Alonso, Lizeth",Host,10/24/25 12:54 PM,10/24/25 10:01 PM,9.11,0.00,0.00,9.11
Tink-a-Tako - Potranco,"Abundiz, Sergio",Server,10/24/25 1:54 PM,10/24/25 10:06 PM,8.19,0.00,0.00,8.19
Tink-a-Tako - Potranco,"Juarez, Maria ",Dishwasher,10/24/25 1:56 PM,10/24/25 9:59 PM,8.05,0.00,0.00,8.05
Tink-a-Tako - Potranco,"Gonzales (Line) , Maria",Cook,10/24/25 2:01 PM,10/24/25 9:58 PM,7.94,0.00,0.00,7.94
Tink-a-Tako - Potranco,"Trevino, Melissa",Dishwasher,10/24/25 2:04 PM,10/24/25 9:59 PM,7.90,0.00,0.00,7.90
Tink-a-Tako - Potranco,"Camacho, Juan ",Server,10/24/25 2:06 PM,10/24/25 10:16 PM,8.16,0.00,0.00,8.16
Tink-a-Tako - Potranco,"Luna, Mayra",Shift Manager / Assistant Manager,10/24/25 2:13 PM,10/24/25 10:16 PM,8.05,0.00,0.00,8.05
Tink-a-Tako - Potranco,"Rueda, Jonathan",Busser,10/24/25 3:29 PM,10/24/25 9:30 PM,6.02,0.00,0.00,6.02
Tink-a-Tako - Potranco,"Torres, Daniela",Drive-Thru,10/24/25 3:57 PM,10/24/25 7:04 PM,3.11,0.00,0.00,3.11
Tink-a-Tako - Potranco,"Calderon, Jesus",Cook,10/24/25 4:00 PM,10/24/25 9:56 PM,5.94,0.00,0.00,5.94
