Employee,Job Title,Regular Hours,Overtime Hours,Hourly Rate,Regular Pay,Overtime Pay,Total Pay,Net Sales,Declared Tips,Non-Cash Tips,Total Tips,Tips Withheld,Total Gratuity,Employee ID,Job Code,Location,Location Code
"C, PM Cashier",Cashier,60.08,4.0,,,,,2257.95,0.00,81.23,81.23,0.00,0.00,,,2919 Blanco Rd,
"CASHIER, AM",General Manager,37.9,0.0,,,,,1006.98,0.00,17.50,17.50,0.00,0.00,,,2919 Blanco Rd,
"Franco , Eduardo ",Server,21.48,0.0,,,,,1116.40,,125.64,125.64,0.00,0.00,,,2919 Blanco Rd,
"Franco, Fidel",Cook,7.92,0.0,13.00,102.96,0.00,102.96,0.00,,0.00,0.00,0.00,0.00,,,2919 Blanco Rd,
"Hernandez, Celinda",Cook,57.97,2.62,16.00,927.52,62.88,990.40,0.00,,0.00,0.00,0.00,0.00,,,2919 Blanco Rd,
"Hernandez, Fidelia ",Cook,69.85,22.299999999999997,14.00,977.90,468.30,1446.20,0.00,,0.00,0.00,0.00,0.00,,,2919 Blanco Rd,
"MORALES, ADRIAN",Server,42.150000000000006,0.0,3.00,126.45,0.00,126.45,2855.56,0.00,237.64,237.64,0.00,0.00,,,2919 Blanco Rd,
"Martinez , Sami",Server,72.30000000000001,0.0,3.00,216.90,0.00,216.90,3060.28,0.00,256.04,256.04,0.00,24.46,,,2919 Blanco Rd,
"Melendez, Ninoska",Tortillero/a,68.92999999999999,14.379999999999999,13.00,896.09,280.42,1176.51,0.00,,0.00,0.00,0.00,0.00,,,2919 Blanco Rd,
"Ovalle , Martina",Server,12.44,7.94,,,,,2135.19,,143.00,143.00,0.00,11.81,,,2919 Blanco Rd,
"Ovalle , Martina",Drive-Thru,47.65,10.34,,,,,7796.11,,265.71,265.71,0.00,0.00,,,2919 Blanco Rd,
"Pena , Vilma",Cook,48.21,0.0,14.00,674.94,0.00,674.94,0.00,,0.00,0.00,0.00,0.00,,,2919 Blanco Rd,
"Salazar, Betty",Chef,14.94,0.0,,,,,0.00,,0.00,0.00,0.00,0.00,,,2919 Blanco Rd,
"Salazar, Maria ",Shift Manager / Assistant Manager,49.80000000000001,15.399999999999999,,,,,3460.21,,204.18,204.18,0.00,25.32,,,2919 Blanco Rd,
"Salazar, Maria ",Server,6.21,0.0,3.00,18.63,0.00,18.63,405.16,,4.00,4.00,0.00,0.00,,,2919 Blanco Rd,
"Salazar, Maria ",Drive-Thru,1.29,5.85,12.00,15.48,105.30,120.78,561.85,,20.00,20.00,0.00,0.00,,,2919 Blanco Rd,
"Villalobos , Veronica ",Cook,62.92,9.42,14.00,880.88,197.82,1078.70,0.00,,0.00,0.00,0.00,0.00,,,2919 Blanco Rd,
"lopez, samantha",Server,22.09,0.0,3.00,66.27,0.00,66.27,1197.96,,110.94,110.94,0.00,7.37,,,2919 Blanco Rd,
"lopez, samantha",Drive-Thru,52.9,9.68,13.00,687.70,188.77,876.47,8720.61,,234.34,234.34,0.00,0.00,,,2919 Blanco Rd,
"santander, yerlinson",Cook,60.089999999999996,13.690000000000001,14.00,841.26,287.49,1128.75,0.00,,0.00,0.00,0.00,0.00,,,2919 Blanco Rd,
