Employee,Job Title,In Date,Out Date,Auto Clock-out,Total Hours,Unpaid Break Time,Paid Break Time,Payable Hours
"Hernandez, Celinda",Cook,8/13/25 5:10 AM,8/13/25 2:05 PM,No,8.92,0.00,0.00,8.92
"Villalobos , Veronica ",Cook,8/13/25 5:35 AM,8/13/25 2:04 PM,No,8.48,0.00,0.00,8.48
"Salazar, Maria ",Shift Manager / Assistant Manager,8/13/25 5:49 AM,8/13/25 7:39 AM,No,1.83,0.00,0.00,1.83
"CASHIER, AM",General Manager,8/13/25 5:50 AM,8/13/25 1:52 PM,No,8.04,0.00,0.00,8.04
"Pena , Vilma",Cook,8/13/25 5:52 AM,8/13/25 2:08 PM,No,8.26,0.00,0.00,8.26
"lopez, samantha",Server,8/13/25 6:16 AM,8/13/25 1:54 PM,No,7.64,0.00,0.00,7.64
"Ovalle , Martina",Drive-Thru,8/13/25 7:39 AM,8/13/25 1:23 PM,No,5.72,0.00,0.00,5.72
"Martinez , Sami",Server,8/13/25 8:07 AM,8/13/25 1:44 PM,No,5.62,0.00,0.00,5.62
"Hernandez, Fidelia ",Cook,8/13/25 8:19 AM,8/13/25 8:57 PM,No,12.64,0.00,0.00,12.64
"Ovalle , Martina",Drive-Thru,8/13/25 1:23 PM,8/13/25 1:36 PM,No,0.22,0.00,0.00,0.22
"Ovalle , Martina",Drive-Thru,8/13/25 1:42 PM,8/13/25 8:30 PM,No,6.80,0.00,0.00,6.80
"Martinez , Sami",Server,8/13/25 1:44 PM,8/13/25 8:34 PM,No,6.82,0.00,0.00,6.82
"C, PM Cashier",Cashier,8/13/25 1:51 PM,8/13/25 8:01 PM,No,6.17,0.00,0.00,6.17
"Melendez, Ninoska",Tortillero/a,8/13/25 2:03 PM,8/13/25 8:55 PM,No,6.86,0.00,0.00,6.86
