Order #,Opened Date,Void Date,Server,Approver,Item Name,Reason,Item Quantity,Total Price
131,8/13/25 9:35 AM,8/13/25 9:49 AM,samantha lopez,AM CASHIER,Chilaquiles & Egg SP,Customer Changed Mind,1.0,8.99
163,8/13/25 10:30 AM,8/13/25 11:01 AM,samantha lopez,AM CASHIER,Ham & Egg Taco,Customer Changed Mind,1.0,1.99
164,8/13/25 10:30 AM,8/13/25 2:08 PM,PM Cashier C,Arturo Rangel,Caldo de Pollo,Customer Changed Mind,1.0,10.99
164,8/13/25 10:30 AM,8/13/25 2:08 PM,PM Cashier C,Arturo Rangel,Puffy Taco,Customer Changed Mind,1.0,4.99
164,8/13/25 10:30 AM,8/13/25 2:08 PM,PM Cashier C,Arturo Rangel,Puffy Taco,Customer Changed Mind,1.0,4.99
164,8/13/25 10:30 AM,8/13/25 2:08 PM,PM Cashier C,Arturo Rangel,Fajita Taco,Customer Changed Mind,1.0,3.99
235,8/13/25 1:10 PM,8/13/25 4:59 PM,Sami Martinez ,AM CASHIER,Sweet Tea,Customer Changed Mind,1.0,3.45
235,8/13/25 1:10 PM,8/13/25 4:59 PM,Sami Martinez ,AM CASHIER,Sweet Tea,Customer Changed Mind,1.0,3.45
