Location,Order #,Opened Date,Server,Table,Discount Name,Discount Reason,Comment,Discount Amount
Sandra's Cuisine - Potranco - 12060 Potranco Road,290,9/12/25 7:15 PM,Emanuel Sanchez,4,Open % Item,,,1.15
Sandra's Cuisine - Potranco - 12060 Potranco Road,258,9/12/25 5:46 PM,Angelique Jacobo,23,Open % Item,,,1.30
Sandra's Cuisine - Potranco - 12060 Potranco Road,258,9/12/25 5:46 PM,Angelique Jacobo,23,Open % Item,,,1.40
Sandra's Cuisine - Potranco - 12060 Potranco Road,247,9/12/25 5:18 PM,Adrian Morales,26,Open % Item,,,1.30
Sandra's Cuisine - Potranco - 12060 Potranco Road,216,9/12/25 3:03 PM,Adrian Morales,35,Open % Item,,,1.50
Sandra's Cuisine - Potranco - 12060 Potranco Road,216,9/12/25 3:03 PM,Adrian Morales,35,Open % Item,,,1.40
Sandra's Cuisine - Potranco - 12060 Potranco Road,209,9/12/25 2:25 PM,Gabriel Tovar ,,Employee Discount - Item,Employee Discount,Employee,9.99
Sandra's Cuisine - Potranco - 12060 Potranco Road,209,9/12/25 2:25 PM,Gabriel Tovar ,,Employee Discount - Item,Employee Discount,Employee,9.99
Sandra's Cuisine - Potranco - 12060 Potranco Road,209,9/12/25 2:25 PM,Gabriel Tovar ,,Employee Discount - Item,Employee Discount,Employee,10.99
Sandra's Cuisine - Potranco - 12060 Potranco Road,208,9/12/25 2:20 PM,Mario Jimenez,,Open % Check,,,5.99
Sandra's Cuisine - Potranco - 12060 Potranco Road,203,9/12/25 2:09 PM,Adrian Morales,15,Reward Dollars,,,5.85
Sandra's Cuisine - Potranco - 12060 Potranco Road,191,9/12/25 1:25 PM,Leticia Roman,35,Open % Item,,,1.30
Sandra's Cuisine - Potranco - 12060 Potranco Road,191,9/12/25 1:25 PM,Leticia Roman,35,Open % Item,,,1.30
Sandra's Cuisine - Potranco - 12060 Potranco Road,182,9/12/25 1:04 PM,Adrian Morales,4,Open % Item,,,1.50
Sandra's Cuisine - Potranco - 12060 Potranco Road,182,9/12/25 1:04 PM,Adrian Morales,4,Open % Item,,,1.50
Sandra's Cuisine - Potranco - 12060 Potranco Road,179,9/12/25 12:51 PM,Sugey Cabrera,10,Open % Item,,,0.23
Sandra's Cuisine - Potranco - 12060 Potranco Road,179,9/12/25 12:51 PM,Sugey Cabrera,10,Open % Item,,,0.20
Sandra's Cuisine - Potranco - 12060 Potranco Road,171,9/12/25 12:26 PM,Lizbeth Garcia,34,Open % Item,,,1.05
Sandra's Cuisine - Potranco - 12060 Potranco Road,171,9/12/25 12:26 PM,Lizbeth Garcia,34,Open % Item,,,1.20
Sandra's Cuisine - Potranco - 12060 Potranco Road,115,9/12/25 10:44 AM,Lizbeth Garcia,12,Reward Dollars,,,5.60
Sandra's Cuisine - Potranco - 12060 Potranco Road,108,9/12/25 10:40 AM,Leticia Roman,8,Open % Item,,,0.25
Sandra's Cuisine - Potranco - 12060 Potranco Road,93,9/12/25 9:59 AM,Adrian Morales,35,Open % Item,,,1.40
Sandra's Cuisine - Potranco - 12060 Potranco Road,69,9/12/25 9:19 AM,Adrian Morales,1,Open % Item,,,0.40
Sandra's Cuisine - Potranco - 12060 Potranco Road,69,9/12/25 9:19 AM,Adrian Morales,1,Open % Item,,,1.10
Sandra's Cuisine - Potranco - 12060 Potranco Road,69,9/12/25 9:19 AM,Adrian Morales,1,Open % Item,,,0.40
Sandra's Cuisine - Potranco - 12060 Potranco Road,69,9/12/25 9:19 AM,Adrian Morales,1,Open % Item,,,0.90
Sandra's Cuisine - Potranco - 12060 Potranco Road,69,9/12/25 9:19 AM,Adrian Morales,1,Open % Item,,,1.10
Sandra's Cuisine - Potranco - 12060 Potranco Road,69,9/12/25 9:19 AM,Adrian Morales,1,Open % Item,,,0.90
Sandra's Cuisine - Potranco - 12060 Potranco Road,69,9/12/25 9:19 AM,Adrian Morales,1,Open % Item,,,1.05
Sandra's Cuisine - Potranco - 12060 Potranco Road,34,9/12/25 8:19 AM,Adrian Morales,14,Open % Item,,,0.20
Sandra's Cuisine - Potranco - 12060 Potranco Road,34,9/12/25 8:19 AM,Adrian Morales,14,Open % Item,,,0.20
Sandra's Cuisine - Potranco - 12060 Potranco Road,34,9/12/25 8:19 AM,Adrian Morales,14,Open % Item,,,0.70
Sandra's Cuisine - Potranco - 12060 Potranco Road,34,9/12/25 8:19 AM,Adrian Morales,14,Open % Item,,,0.70
Sandra's Cuisine - Potranco - 12060 Potranco Road,25,9/12/25 8:02 AM,Sugey Cabrera,,Employee Discount - Item,Employee Discount,Empl,3.99
Sandra's Cuisine - Potranco - 12060 Potranco Road,25,9/12/25 8:02 AM,Sugey Cabrera,,Employee Discount - Item,Employee Discount,Empl,8.99
Sandra's Cuisine - Potranco - 12060 Potranco Road,25,9/12/25 8:02 AM,Sugey Cabrera,,Employee Discount - Item,Employee Discount,Empl,2.49
