Location,Order #,Opened,Server,Table,Revenue Center,Discount Amount,Amount,Tax,Tip,Gratuity,Duration (Opened to Paid)
12060 Potranco Road,1,9/12/25 6:27 AM,Sugey Cabrera,,Drive Thru,0.00,2.99,0.25,0.00,0.00,00:02:25
12060 Potranco Road,2,9/12/25 6:28 AM,Sugey Cabrera,,Bar,0.00,2.99,0.25,0.00,0.00,00:03:16
12060 Potranco Road,3,9/12/25 6:31 AM,Melissa  Urena,,Drive Thru,0.00,3.78,0.31,1.00,0.00,00:02:12
12060 Potranco Road,4,9/12/25 6:34 AM,Melissa  Urena,,Drive Thru,0.00,5.37,0.44,0.00,0.00,00:00:04
12060 Potranco Road,5,9/12/25 6:55 AM,Melissa  Urena,,Drive Thru,0.00,1.99,0.16,0.00,0.00,00:00:36
12060 Potranco Road,6,9/12/25 6:55 AM,Melissa  Urena,,Drive Thru,0.00,16.14,1.32,0.00,0.00,00:09:00
12060 Potranco Road,7,9/12/25 7:03 AM,Melissa  Urena,,Drive Thru,0.00,12.06,0.99,1.00,0.00,00:03:13
12060 Potranco Road,8,9/12/25 7:06 AM,Melissa  Urena,,Drive Thru,0.00,16.52,1.36,0.00,0.00,00:01:44
12060 Potranco Road,9,9/12/25 7:17 AM,Melissa  Urena,,Dining Room,0.00,5.97,0.50,1.00,0.00,00:01:59
12060 Potranco Road,10,9/12/25 7:25 AM,Melissa  Urena,,Drive Thru,0.00,3.98,0.33,0.00,0.00,00:00:10
12060 Potranco Road,11,9/12/25 7:26 AM,Melissa  Urena,,Drive Thru,0.00,8.57,0.70,0.00,0.00,00:02:52
12060 Potranco Road,12,9/12/25 7:28 AM,Melissa  Urena,,Drive Thru,0.00,4.78,0.39,1.00,0.00,00:02:21
12060 Potranco Road,13,9/12/25 7:34 AM,Melissa  Urena,,Drive Thru,0.00,5.98,0.49,0.00,0.00,00:00:19
12060 Potranco Road,14,9/12/25 7:35 AM,Melissa  Urena,,Drive Thru,0.00,4.89,0.40,0.00,0.00,00:04:25
12060 Potranco Road,15,9/12/25 7:35 AM,Melissa  Urena,,Drive Thru,0.00,7.38,0.61,0.00,0.00,00:04:57
12060 Potranco Road,16,9/12/25 7:39 AM,Melissa  Urena,,Drive Thru,0.00,8.97,0.74,0.00,0.00,00:03:01
12060 Potranco Road,17,9/12/25 7:39 AM,Melissa  Urena,,Drive Thru,0.00,9.96,0.82,5.00,0.00,00:03:08
12060 Potranco Road,18,9/12/25 7:40 AM,Melissa  Urena,,Drive Thru,0.00,12.25,1.00,0.00,0.00,00:04:44
12060 Potranco Road,19,9/12/25 7:43 AM,Melissa  Urena,,Drive Thru,0.00,3.58,0.30,0.00,0.00,00:03:27
12060 Potranco Road,20,9/12/25 7:46 AM,Melissa  Urena,,Drive Thru,0.00,8.27,0.68,0.00,0.00,00:01:01
12060 Potranco Road,21,9/12/25 7:51 AM,Sugey Cabrera,18,Dining Room,0.00,9.98,0.83,3.00,0.00,00:20:26
12060 Potranco Road,22,9/12/25 7:54 AM,Melissa  Urena,,Drive Thru,0.00,14.98,1.24,0.00,0.00,00:00:22
12060 Potranco Road,23,9/12/25 7:54 AM,Melissa  Urena,,Drive Thru,0.00,5.48,0.45,1.00,0.00,00:01:08
12060 Potranco Road,24,9/12/25 8:01 AM,Melissa  Urena,,Drive Thru,0.00,11.14,0.91,0.00,0.00,00:00:41
12060 Potranco Road,25,9/12/25 8:02 AM,Sugey Cabrera,,None,15.47,0.00,0.00,0.00,0.00,05:49:02
12060 Potranco Road,26,9/12/25 8:11 AM,Lizbeth Garcia,2,Dining Room,0.00,22.23,1.83,6.00,0.00,00:35:06
12060 Potranco Road,27,9/12/25 8:12 AM,Sugey Cabrera,,Dining Room,0.00,8.47,0.70,0.00,0.00,00:10:59
12060 Potranco Road,28,9/12/25 8:13 AM,Melissa  Urena,,Drive Thru,0.00,18.25,1.51,0.00,0.00,00:00:39
12060 Potranco Road,30,9/12/25 8:15 AM,Sugey Cabrera,28,Dining Room,0.00,18.98,1.57,0.00,0.00,01:03:43
12060 Potranco Road,29,9/12/25 8:14 AM,Melissa  Urena,,Drive Thru,0.00,4.28,0.36,0.00,0.00,00:03:14
12060 Potranco Road,32,9/12/25 8:16 AM,Melissa  Urena,,Drive Thru,0.00,3.98,0.32,0.00,0.00,00:06:09
12060 Potranco Road,33,9/12/25 8:17 AM,Leticia Roman,1,Dining Room,0.00,13.96,1.15,0.00,0.00,00:46:15
12060 Potranco Road,34,9/12/25 8:19 AM,Adrian Morales,14,Dining Room,1.80,41.53,3.43,0.00,0.00,00:31:35
12060 Potranco Road,35,9/12/25 8:23 AM,Melissa  Urena,,Drive Thru,0.00,10.95,0.90,0.00,0.00,00:02:29
12060 Potranco Road,37,9/12/25 8:24 AM,Melissa  Urena,,Drive Thru,0.00,13.33,1.10,0.00,0.00,00:02:27
12060 Potranco Road,36,9/12/25 8:23 AM,Sugey Cabrera,,Dining Room,0.00,17.51,1.45,0.00,0.00,00:12:42
12060 Potranco Road,38,9/12/25 8:27 AM,Lizbeth Garcia,,Dining Room,0.00,5.37,0.44,0.00,0.00,00:00:30
12060 Potranco Road,39,9/12/25 8:28 AM,Lizbeth Garcia,,Dining Room,0.00,3.98,0.33,1.00,0.00,00:00:19
12060 Potranco Road,41,9/12/25 8:28 AM,Melissa  Urena,,Drive Thru,0.00,6.28,0.52,0.00,0.00,00:01:41
12060 Potranco Road,42,9/12/25 8:30 AM,Melissa  Urena,,Drive Thru,0.00,6.27,0.51,2.00,0.00,00:03:16
12060 Potranco Road,43,9/12/25 8:32 AM,Leticia Roman,6,Dining Room,0.00,19.15,1.58,6.00,0.00,01:11:13
12060 Potranco Road,44,9/12/25 8:33 AM,Melissa  Urena,,Drive Thru,0.00,7.58,0.63,0.00,0.00,00:01:35
12060 Potranco Road,46,9/12/25 8:37 AM,Melissa  Urena,,Drive Thru,0.00,20.17,1.66,0.00,0.00,00:01:16
12060 Potranco Road,45,9/12/25 8:35 AM,Sugey Cabrera,4,Dining Room,0.00,14.94,1.24,10.00,0.00,00:22:19
12060 Potranco Road,48,9/12/25 8:39 AM,Lizbeth Garcia,16,Dining Room,0.00,18.89,1.57,3.54,0.00,00:41:00
12060 Potranco Road,47,9/12/25 8:38 AM,Melissa  Urena,,Drive Thru,0.00,19.77,1.64,0.00,0.00,00:06:24
12060 Potranco Road,49,9/12/25 8:44 AM,Melissa  Urena,,Drive Thru,0.00,25.53,2.11,0.00,0.00,00:04:51
12060 Potranco Road,51,9/12/25 8:45 AM,Melissa  Urena,,Drive Thru,0.00,4.78,0.40,0.00,0.00,00:06:39
12060 Potranco Road,52,9/12/25 8:47 AM,Sugey Cabrera,,Dining Room,0.00,16.46,1.36,0.00,0.00,00:25:21
12060 Potranco Road,53,9/12/25 8:49 AM,Melissa  Urena,,Drive Thru,0.00,19.84,1.65,0.00,0.00,00:08:39
12060 Potranco Road,54,9/12/25 8:49 AM,Melissa  Urena,,Drive Thru,0.00,5.97,0.48,1.00,0.00,00:09:07
12060 Potranco Road,55,9/12/25 8:50 AM,Melissa  Urena,,Drive Thru,0.00,3.98,0.33,0.00,0.00,00:09:46
12060 Potranco Road,56,9/12/25 8:52 AM,Melissa  Urena,,Drive Thru,0.00,13.84,1.14,0.00,0.00,00:01:07
12060 Potranco Road,57,9/12/25 8:53 AM,Melissa  Urena,,Drive Thru,0.00,9.47,0.78,0.00,0.00,00:09:48
12060 Potranco Road,58,9/12/25 9:00 AM,Melissa  Urena,,Drive Thru,0.00,1.50,0.12,0.00,0.00,00:03:28
12060 Potranco Road,59,9/12/25 9:00 AM,Melissa  Urena,,Drive Thru,0.00,8.16,0.68,0.00,0.00,00:03:37
12060 Potranco Road,61,9/12/25 9:03 AM,Melissa  Urena,,Drive Thru,0.00,8.88,0.73,1.00,0.00,00:02:39
12060 Potranco Road,60,9/12/25 9:02 AM,Adrian Morales,15,Dining Room,0.00,19.47,1.61,5.00,0.00,00:24:44
12060 Potranco Road,62,9/12/25 9:06 AM,Lizbeth Garcia,12,Dining Room,0.00,33.00,2.74,0.00,0.00,00:32:26
12060 Potranco Road,63,9/12/25 9:08 AM,Melissa  Urena,,Drive Thru,0.00,24.55,2.02,0.00,0.00,00:00:42
12060 Potranco Road,64,9/12/25 9:09 AM,Leticia Roman,21,Dining Room,0.00,57.21,4.72,0.00,0.00,01:42:08
12060 Potranco Road,65,9/12/25 9:16 AM,Melissa  Urena,,Drive Thru,0.00,10.06,0.82,0.00,0.00,00:00:33
12060 Potranco Road,66,9/12/25 9:17 AM,Melissa  Urena,,Drive Thru,0.00,14.52,1.19,0.00,0.00,00:04:07
12060 Potranco Road,67,9/12/25 9:17 AM,Melissa  Urena,,Drive Thru,0.00,42.54,3.51,2.00,0.00,00:04:22
12060 Potranco Road,68,9/12/25 9:18 AM,Sugey Cabrera,3,Dining Room,0.00,14.97,1.23,0.00,0.00,00:31:47
12060 Potranco Road,70,9/12/25 9:19 AM,Melissa  Urena,,Drive Thru,0.00,28.73,2.38,2.23,0.00,00:06:07
12060 Potranco Road,71,9/12/25 9:21 AM,Melissa  Urena,,Drive Thru,0.00,12.16,1.01,0.00,0.00,00:09:44
12060 Potranco Road,72,9/12/25 9:22 AM,Melissa  Urena,,Drive Thru,0.00,21.48,1.77,0.00,0.00,00:13:40
12060 Potranco Road,69,9/12/25 9:19 AM,Adrian Morales,1,Dining Room,5.85,88.46,7.34,0.00,0.00,00:50:33
12060 Potranco Road,73,9/12/25 9:26 AM,Melissa  Urena,,Drive Thru,0.00,19.64,1.62,1.00,0.00,00:10:54
12060 Potranco Road,75,9/12/25 9:29 AM,Lizbeth Garcia,17,Dining Room,0.00,9.99,0.82,0.00,0.00,00:28:54
12060 Potranco Road,74,9/12/25 9:29 AM,Sugey Cabrera,,Dining Room,0.00,13.45,1.11,0.00,0.00,00:26:13
12060 Potranco Road,77,9/12/25 9:31 AM,Melissa  Urena,,Drive Thru,0.00,25.23,2.09,2.00,0.00,00:08:17
12060 Potranco Road,76,9/12/25 9:31 AM,Sugey Cabrera,,Dining Room,0.00,45.21,3.74,0.00,0.00,00:15:17
12060 Potranco Road,78,9/12/25 9:35 AM,Melissa  Urena,,Drive Thru,0.00,9.27,0.76,0.00,0.00,00:08:46
12060 Potranco Road,79,9/12/25 9:38 AM,Carlos Morales,,Dining Room,0.00,5.87,0.49,0.00,0.00,00:00:22
12060 Potranco Road,80,9/12/25 9:38 AM,Melissa  Urena,,Drive Thru,0.00,10.47,0.86,0.00,0.00,00:08:05
12060 Potranco Road,81,9/12/25 9:38 AM,Sugey Cabrera,,Dining Room,0.00,10.48,0.87,1.00,0.00,00:09:02
12060 Potranco Road,83,9/12/25 9:39 AM,Lizbeth Garcia,29,Dining Room,0.00,25.18,2.08,0.00,0.00,00:22:39
12060 Potranco Road,85,9/12/25 9:40 AM,Leticia Roman,14,Dining Room,0.00,14.87,1.23,3.00,0.00,00:31:32
12060 Potranco Road,86,9/12/25 9:44 AM,Carlos Morales,,Dining Room,0.00,37.34,3.07,0.00,0.00,00:02:31
12060 Potranco Road,87,9/12/25 9:50 AM,Melissa  Urena,,Drive Thru,0.00,16.16,1.33,3.00,0.00,00:07:28
12060 Potranco Road,88,9/12/25 9:50 AM,Melissa  Urena,,Drive Thru,0.00,20.36,1.68,0.00,0.00,00:11:36
12060 Potranco Road,89,9/12/25 9:52 AM,Sugey Cabrera,,Dining Room,0.00,0.00,0.00,0.00,0.00,03:59:53
12060 Potranco Road,91,9/12/25 9:55 AM,Melissa  Urena,,Drive Thru,0.00,4.57,0.38,2.00,0.00,00:08:14
12060 Potranco Road,90,9/12/25 9:54 AM,Zoila Salinas,,Dining Room,0.00,0.00,0.00,0.00,0.00,00:01:26
12060 Potranco Road,92,9/12/25 9:56 AM,Zoila Salinas,,Dining Room,0.00,0.00,0.00,0.00,0.00,00:00:47
12060 Potranco Road,93,9/12/25 9:59 AM,Adrian Morales,35,Dining Room,1.40,57.53,4.75,8.00,0.00,01:04:16
12060 Potranco Road,94,9/12/25 10:01 AM,Melissa  Urena,,Drive Thru,0.00,9.95,0.81,0.00,0.00,00:03:44
12060 Potranco Road,95,9/12/25 10:01 AM,Sugey Cabrera,18,Dining Room,0.00,49.51,4.08,0.00,0.00,00:29:24
12060 Potranco Road,96,9/12/25 10:10 AM,Melissa  Urena,,Drive Thru,0.00,8.67,0.72,0.00,0.00,00:01:57
12060 Potranco Road,97,9/12/25 10:11 AM,Melissa  Urena,,Drive Thru,0.00,5.28,0.44,0.00,0.00,00:01:30
12060 Potranco Road,98,9/12/25 10:13 AM,Melissa  Urena,,Drive Thru,0.00,12.93,1.07,0.00,0.00,00:04:03
12060 Potranco Road,99,9/12/25 10:18 AM,Leticia Roman,23,Dining Room,0.00,19.46,1.60,2.92,0.00,00:28:58
12060 Potranco Road,100,9/12/25 10:19 AM,Lizbeth Garcia,15,Dining Room,0.00,15.17,1.25,4.00,0.00,00:13:29
12060 Potranco Road,101,9/12/25 10:20 AM,Melissa  Urena,,Drive Thru,0.00,4.98,0.41,0.00,0.00,00:01:56
12060 Potranco Road,102,9/12/25 10:21 AM,Melissa  Urena,,Drive Thru,0.00,18.44,1.53,0.00,0.00,00:03:14
12060 Potranco Road,103,9/12/25 10:23 AM,Melissa  Urena,,Drive Thru,0.00,9.86,0.82,0.00,0.00,00:04:37
12060 Potranco Road,104,9/12/25 10:27 AM,Melissa  Urena,,Drive Thru,0.00,22.90,1.89,0.00,0.00,00:01:37
12060 Potranco Road,105,9/12/25 10:32 AM,Adrian Morales,2,Dining Room,0.00,7.58,0.63,0.00,0.00,00:25:44
12060 Potranco Road,106,9/12/25 10:37 AM,Zoila Salinas,,Dining Room,0.00,16.57,1.37,0.00,0.00,00:32:27
12060 Potranco Road,107,9/12/25 10:40 AM,Lizbeth Garcia,16,Dining Room,0.00,25.46,2.11,0.00,0.00,00:40:02
12060 Potranco Road,110,9/12/25 10:41 AM,Melissa  Urena,,Drive Thru,0.00,2.79,0.23,0.00,0.00,00:00:10
12060 Potranco Road,108,9/12/25 10:40 AM,Leticia Roman,8,Dining Room,0.25,7.22,0.59,5.00,0.00,00:23:55
12060 Potranco Road,109,9/12/25 10:40 AM,Sugey Cabrera,3,Dining Room,0.00,20.97,1.73,3.00,0.00,00:26:52
12060 Potranco Road,112,9/12/25 10:42 AM,Adrian Morales,18,Dining Room,0.00,30.57,2.51,25.00,0.00,00:25:48
12060 Potranco Road,111,9/12/25 10:41 AM,Melissa  Urena,,Drive Thru,0.00,10.37,0.85,0.00,0.00,00:04:11
12060 Potranco Road,115,9/12/25 10:44 AM,Lizbeth Garcia,12,Dining Room,5.60,14.07,1.16,0.00,0.00,00:29:45
12060 Potranco Road,118,9/12/25 10:46 AM,Sugey Cabrera,26,Dining Room,0.00,12.94,1.06,0.00,0.00,00:21:32
12060 Potranco Road,119,9/12/25 10:47 AM,Leticia Roman,5,Dining Room,0.00,11.25,0.93,5.00,0.00,00:17:35
12060 Potranco Road,120,9/12/25 11:00 AM,Adrian Morales,15,Dining Room,0.00,36.26,2.99,5.44,0.00,00:35:41
12060 Potranco Road,121,9/12/25 11:01 AM,Sugey Cabrera,14,Dining Room,0.00,35.85,2.95,0.00,0.00,00:53:06
12060 Potranco Road,122,9/12/25 11:04 AM,Melissa  Urena,,Drive Thru,0.00,7.97,0.66,0.00,0.00,00:01:44
12060 Potranco Road,123,9/12/25 11:04 AM,Melissa  Urena,,Drive Thru,0.00,13.96,1.15,2.00,0.00,00:02:31
12060 Potranco Road,124,9/12/25 11:05 AM,Leticia Roman,23,Dining Room,0.00,40.68,3.36,10.00,0.00,00:41:39
12060 Potranco Road,126,9/12/25 11:06 AM,Melissa  Urena,,Drive Thru,0.00,8.77,0.72,0.00,0.00,00:07:39
12060 Potranco Road,129,9/12/25 11:09 AM,Adrian Morales,29,Dining Room,0.00,31.88,2.62,4.78,0.00,00:36:52
12060 Potranco Road,128,9/12/25 11:09 AM,Lizbeth Garcia,21,Dining Room,0.00,22.84,1.89,0.00,0.00,00:52:22
12060 Potranco Road,131,9/12/25 11:11 AM,Sugey Cabrera,34,Dining Room,0.00,29.62,2.44,0.00,0.00,00:49:15
12060 Potranco Road,132,9/12/25 11:12 AM,Melissa  Urena,,Drive Thru,0.00,9.99,0.82,2.20,0.00,00:07:30
12060 Potranco Road,133,9/12/25 11:12 AM,Melissa  Urena,,Drive Thru,0.00,12.86,1.06,0.00,0.00,00:10:04
12060 Potranco Road,134,9/12/25 11:13 AM,Lizbeth Garcia,6,Dining Room,0.00,23.43,1.92,5.00,0.00,00:27:34
12060 Potranco Road,136,9/12/25 11:14 AM,Melissa  Urena,,Drive Thru,0.00,24.98,2.06,0.00,0.00,00:00:50
12060 Potranco Road,135,9/12/25 11:14 AM,Leticia Roman,10,Dining Room,0.00,35.66,2.94,7.00,0.00,00:36:50
12060 Potranco Road,137,9/12/25 11:15 AM,Melissa  Urena,,Drive Thru,0.00,14.04,1.15,0.00,0.00,00:08:27
12060 Potranco Road,138,9/12/25 11:20 AM,Melissa  Urena,,Drive Thru,0.00,16.13,1.34,0.00,0.00,00:05:23
12060 Potranco Road,141,9/12/25 11:25 AM,Melissa  Urena,,Drive Thru,0.00,4.39,0.36,0.00,0.00,00:07:54
12060 Potranco Road,142,9/12/25 11:26 AM,Melissa  Urena,,Drive Thru,0.00,3.49,0.29,0.00,0.00,00:00:04
12060 Potranco Road,139,9/12/25 11:24 AM,Adrian Morales,1,Dining Room,0.00,28.29,2.32,10.00,0.00,00:46:40
12060 Potranco Road,143,9/12/25 11:31 AM,Melissa  Urena,,Drive Thru,0.00,24.36,2.01,0.00,0.00,00:02:00
12060 Potranco Road,144,9/12/25 11:36 AM,Melissa  Urena,,Drive Thru,0.00,39.46,3.26,8.00,0.00,00:00:39
12060 Potranco Road,145,9/12/25 11:37 AM,Lizbeth Garcia,2,Dining Room,0.00,46.39,3.83,10.00,0.00,01:12:29
12060 Potranco Road,146,9/12/25 11:37 AM,Melissa  Urena,,Drive Thru,0.00,23.98,1.98,0.00,0.00,00:03:16
12060 Potranco Road,148,9/12/25 11:39 AM,Melissa  Urena,,Drive Thru,0.00,5.58,0.46,0.00,0.00,00:02:13
12060 Potranco Road,147,9/12/25 11:39 AM,Leticia Roman,18,Dining Room,0.00,52.34,4.32,11.51,0.00,00:57:53
12060 Potranco Road,149,9/12/25 11:40 AM,Sugey Cabrera,3,Dining Room,0.00,46.70,3.86,7.00,0.00,00:42:04
12060 Potranco Road,152,9/12/25 11:45 AM,Adrian Morales,16,Dining Room,0.00,34.97,2.88,8.00,0.00,00:35:54
12060 Potranco Road,150,9/12/25 11:43 AM,Melissa  Urena,,Dining Room,0.00,30.11,2.48,0.00,0.00,00:16:24
12060 Potranco Road,153,9/12/25 11:48 AM,Lizbeth Garcia,4,Dining Room,0.00,8.99,0.74,0.00,0.00,00:26:25
12060 Potranco Road,154,9/12/25 11:49 AM,Melissa  Urena,,Drive Thru,0.00,7.36,0.60,0.00,0.00,00:00:17
12060 Potranco Road,155,9/12/25 11:52 AM,Sugey Cabrera,31,Dining Room,0.00,43.24,3.56,5.00,0.00,00:42:06
12060 Potranco Road,158,9/12/25 11:55 AM,Leticia Roman,23,Dining Room,0.00,50.32,4.14,0.00,0.00,00:43:19
12060 Potranco Road,160,9/12/25 11:59 AM,Zoila Salinas,,Dining Room,0.00,12.97,1.07,0.00,0.00,00:01:57
12060 Potranco Road,163,9/12/25 12:02 PM,Adrian Morales,12,Dining Room,0.00,44.02,3.64,15.00,0.00,00:37:47
12060 Potranco Road,165,9/12/25 12:09 PM,Melissa  Urena,,Drive Thru,0.00,15.15,1.25,0.00,0.00,00:00:41
12060 Potranco Road,164,9/12/25 12:07 PM,Zoila Salinas,,Dining Room,0.00,28.95,2.39,0.00,0.00,00:11:15
12060 Potranco Road,167,9/12/25 12:10 PM,Melissa  Urena,,Drive Thru,0.00,5.49,0.45,0.00,0.00,00:02:50
12060 Potranco Road,168,9/12/25 12:13 PM,Melissa  Urena,,Drive Thru,0.00,7.48,0.61,0.00,0.00,00:05:23
12060 Potranco Road,170,9/12/25 12:23 PM,Sugey Cabrera,6,Dining Room,0.00,35.74,2.94,7.15,0.00,00:49:16
12060 Potranco Road,171,9/12/25 12:26 PM,Lizbeth Garcia,34,Dining Room,2.25,28.17,2.32,6.51,0.00,00:43:08
12060 Potranco Road,172,9/12/25 12:29 PM,Leticia Roman,14,Dining Room,0.00,41.46,3.42,10.00,0.00,00:45:14
12060 Potranco Road,173,9/12/25 12:36 PM,Melissa  Urena,,Drive Thru,0.00,8.78,0.72,0.00,0.00,00:00:23
12060 Potranco Road,174,9/12/25 12:37 PM,Melissa  Urena,,Drive Thru,0.00,5.77,0.48,0.00,0.00,00:05:39
12060 Potranco Road,175,9/12/25 12:45 PM,Melissa  Urena,,Drive Thru,0.00,13.99,1.15,0.00,0.00,00:02:42
12060 Potranco Road,176,9/12/25 12:46 PM,Adrian Morales,12,Dining Room,0.00,23.38,1.92,5.06,0.00,00:28:35
12060 Potranco Road,177,9/12/25 12:47 PM,Melissa  Urena,,Drive Thru,0.00,4.89,0.40,0.00,0.00,00:01:33
12060 Potranco Road,179,9/12/25 12:51 PM,Sugey Cabrera,10,Dining Room,0.43,3.85,0.32,0.00,0.00,00:26:15
12060 Potranco Road,180,9/12/25 12:55 PM,Lizbeth Garcia,16,Dining Room,0.00,38.41,3.17,0.00,0.00,00:35:41
12060 Potranco Road,178,9/12/25 12:49 PM,Melissa  Urena,,Drive Thru,0.00,10.99,0.91,0.00,0.00,00:07:51
12060 Potranco Road,181,9/12/25 12:58 PM,Leticia Roman,3,Dining Room,0.00,26.42,2.18,2.50,0.00,01:19:34
12060 Potranco Road,183,9/12/25 1:07 PM,Sugey Cabrera,15,Dining Room,0.00,26.12,2.14,20.00,0.00,00:41:58
12060 Potranco Road,182,9/12/25 1:04 PM,Adrian Morales,4,Dining Room,3.00,80.68,6.66,0.00,0.00,01:21:07
12060 Potranco Road,185,9/12/25 1:11 PM,Leticia Roman,26,Dining Room,0.00,27.47,2.27,0.00,0.00,01:05:29
12060 Potranco Road,186,9/12/25 1:13 PM,Adrian Morales,20,Dining Room,0.00,21.54,1.78,4.74,0.00,00:35:23
12060 Potranco Road,187,9/12/25 1:13 PM,Lizbeth Garcia,1,Dining Room,0.00,32.95,2.72,0.00,0.00,00:32:12
12060 Potranco Road,188,9/12/25 1:18 PM,Melissa  Urena,,Drive Thru,0.00,18.65,1.54,20.00,0.00,00:04:24
12060 Potranco Road,189,9/12/25 1:18 PM,Melissa  Urena,,Drive Thru,0.00,3.99,0.33,0.00,0.00,00:00:06
12060 Potranco Road,190,9/12/25 1:20 PM,Carlos Morales,,Dining Room,0.00,22.45,1.85,0.00,0.00,00:10:50
12060 Potranco Road,191,9/12/25 1:25 PM,Leticia Roman,35,Dining Room,2.60,31.86,2.62,5.00,0.00,00:32:37
12060 Potranco Road,192,9/12/25 1:25 PM,Sugey Cabrera,12,Dining Room,0.00,10.98,0.91,3.00,0.00,00:29:23
12060 Potranco Road,193,9/12/25 1:28 PM,Lizbeth Garcia,23,Dining Room,0.00,18.37,1.51,6.00,0.00,00:25:58
12060 Potranco Road,194,9/12/25 1:30 PM,Melissa  Urena,,Drive Thru,0.00,13.52,1.12,0.00,0.00,00:00:22
12060 Potranco Road,195,9/12/25 1:31 PM,Melissa  Urena,,Drive Thru,0.00,15.25,1.26,2.49,0.00,00:04:35
12060 Potranco Road,196,9/12/25 1:41 PM,Melissa  Urena,,Drive Thru,0.00,19.87,1.64,4.00,0.00,00:00:56
12060 Potranco Road,197,9/12/25 1:41 PM,Melissa  Urena,,Drive Thru,0.00,8.37,0.69,0.00,0.00,00:09:42
12060 Potranco Road,198,9/12/25 1:50 PM,Melissa  Urena,,Drive Thru,0.00,15.99,1.32,0.00,0.00,00:00:10
12060 Potranco Road,200,9/12/25 1:59 PM,Melissa  Urena,,Drive Thru,0.00,3.49,0.29,0.00,0.00,00:00:47
12060 Potranco Road,202,9/12/25 2:00 PM,Leticia Roman,,Dining Room,0.00,19.16,1.58,2.00,0.00,00:01:54
12060 Potranco Road,201,9/12/25 2:00 PM,Melissa  Urena,,Drive Thru,0.00,19.56,1.61,2.00,0.00,00:07:30
12060 Potranco Road,203,9/12/25 2:09 PM,Adrian Morales,15,Dining Room,5.85,12.92,1.07,4.00,0.00,01:04:12
12060 Potranco Road,205,9/12/25 2:12 PM,Emanuel Sanchez,23,Dining Room,0.00,36.92,3.04,0.00,0.00,00:47:09
12060 Potranco Road,204,9/12/25 2:11 PM,Lisa Velasquez,,Dining Room,0.00,43.55,3.59,5.00,0.00,00:01:39
12060 Potranco Road,206,9/12/25 2:18 PM,Mario Jimenez,,Dining Room,0.00,6.78,0.56,1.49,0.00,00:06:59
12060 Potranco Road,208,9/12/25 2:20 PM,Mario Jimenez,,Drive Thru,5.99,13.99,1.15,0.00,0.00,00:15:16
12060 Potranco Road,209,9/12/25 2:25 PM,Gabriel Tovar ,,None,30.97,0.00,0.00,0.00,0.00,06:49:38
12060 Potranco Road,210,9/12/25 2:28 PM,Lisa Velasquez,20,Dining Room,0.00,12.98,1.07,1.95,0.00,00:41:15
12060 Potranco Road,211,9/12/25 2:29 PM,Mario Jimenez,,Drive Thru,0.00,1.79,0.15,0.00,0.00,00:00:16
12060 Potranco Road,212,9/12/25 2:30 PM,Mario Jimenez,,Drive Thru,0.00,13.99,1.15,0.00,0.00,00:01:28
12060 Potranco Road,213,9/12/25 2:31 PM,Angelique Jacobo,3,Dining Room,0.00,38.54,3.17,5.78,0.00,00:34:53
12060 Potranco Road,215,9/12/25 2:43 PM,Mario Jimenez,,Dining Room,0.00,13.17,1.08,0.00,0.00,00:02:21
12060 Potranco Road,216,9/12/25 3:03 PM,Adrian Morales,35,Dining Room,2.90,87.15,7.18,0.00,0.00,00:47:09
12060 Potranco Road,217,9/12/25 3:13 PM,Emanuel Sanchez,25,Dining Room,0.00,37.17,3.07,10.00,0.00,00:42:03
12060 Potranco Road,218,9/12/25 3:16 PM,Mario Jimenez,,Dining Room,0.00,19.68,1.62,0.00,0.00,00:10:20
12060 Potranco Road,219,9/12/25 3:33 PM,Mario Jimenez,,Dining Room,0.00,18.83,1.55,3.77,0.00,00:06:55
12060 Potranco Road,220,9/12/25 3:41 PM,Lisa Velasquez,,Dining Room,0.00,36.51,3.02,0.00,0.00,00:01:02
12060 Potranco Road,221,9/12/25 3:47 PM,Mario Jimenez,,Dining Room,0.00,9.78,0.81,1.47,0.00,00:01:27
12060 Potranco Road,222,9/12/25 3:55 PM,Lisa Velasquez,14,Dining Room,0.00,74.61,6.13,25.00,0.00,02:02:02
12060 Potranco Road,224,9/12/25 3:59 PM,Mario Jimenez,,Dining Room,0.00,6.98,0.57,0.00,0.00,00:01:41
12060 Potranco Road,223,9/12/25 3:56 PM,Angelique Jacobo,12,Dining Room,0.00,27.98,2.30,0.00,0.00,00:47:46
12060 Potranco Road,225,9/12/25 4:06 PM,Mario Jimenez,,Drive Thru,0.00,30.87,2.54,6.17,0.00,00:02:58
12060 Potranco Road,227,9/12/25 4:08 PM,Adrian Morales,,Dining Room,0.00,18.14,1.50,0.00,0.00,04:20:45
12060 Potranco Road,228,9/12/25 4:16 PM,Mario Jimenez,,Drive Thru,0.00,69.51,5.75,10.43,0.00,00:04:53
12060 Potranco Road,229,9/12/25 4:19 PM,Mario Jimenez,,Drive Thru,0.00,35.97,2.97,0.00,0.00,00:03:22
12060 Potranco Road,230,9/12/25 4:20 PM,Mario Jimenez,,Drive Thru,0.00,15.98,1.32,0.00,0.00,00:04:42
12060 Potranco Road,234,9/12/25 4:38 PM,Mario Jimenez,,None,0.00,10.99,0.91,0.00,0.00,00:02:26
12060 Potranco Road,231,9/12/25 4:25 PM,Mario Jimenez,,Drive Thru,0.00,6.58,0.55,0.00,0.00,00:20:50
12060 Potranco Road,236,9/12/25 4:42 PM,Adrian Morales,16,Dining Room,0.00,7.98,0.66,0.00,0.00,00:47:16
12060 Potranco Road,238,9/12/25 4:51 PM,Mario Jimenez,,None,0.00,23.56,1.95,0.00,0.00,00:02:41
12060 Potranco Road,239,9/12/25 4:52 PM,Angelique Jacobo,6,Dining Room,0.00,34.92,2.88,6.00,0.00,01:02:01
12060 Potranco Road,240,9/12/25 4:54 PM,Lisa Velasquez,17,Dining Room,0.00,51.93,4.28,10.00,0.00,00:58:52
12060 Potranco Road,233,9/12/25 4:35 PM,Emanuel Sanchez,20,Dining Room,0.00,53.83,4.43,17.71,0.00,01:47:13
12060 Potranco Road,235,9/12/25 4:42 PM,Mario Jimenez,,Drive Thru,0.00,29.36,2.41,0.00,0.00,00:20:24
12060 Potranco Road,243,9/12/25 5:14 PM,Mario Jimenez,,Dining Room,0.00,16.48,1.36,0.00,0.00,00:01:40
12060 Potranco Road,247,9/12/25 5:18 PM,Adrian Morales,26,Dining Room,1.30,12.19,1.00,0.00,0.00,00:26:29
12060 Potranco Road,248,9/12/25 5:18 PM,Mario Jimenez,,Drive Thru,0.00,16.98,1.40,0.00,0.00,00:01:24
12060 Potranco Road,249,9/12/25 5:19 PM,Mario Jimenez,,Drive Thru,0.00,37.75,3.12,4.00,0.00,00:08:17
12060 Potranco Road,250,9/12/25 5:26 PM,Mario Jimenez,,Drive Thru,0.00,36.94,3.04,0.00,0.00,00:07:56
12060 Potranco Road,251,9/12/25 5:31 PM,Mario Jimenez,,Drive Thru,0.00,19.98,1.65,3.00,0.00,00:09:00
12060 Potranco Road,252,9/12/25 5:34 PM,Emanuel Sanchez,16,Dining Room,0.00,58.62,4.84,10.00,0.00,00:49:54
12060 Potranco Road,255,9/12/25 5:36 PM,Lisa Velasquez,2,Dining Room,0.00,47.72,3.92,0.00,0.00,00:39:27
12060 Potranco Road,257,9/12/25 5:43 PM,Adrian Morales,28,Dining Room,0.00,33.97,2.80,6.00,0.00,00:56:30
12060 Potranco Road,258,9/12/25 5:46 PM,Angelique Jacobo,23,Dining Room,2.70,52.25,4.31,14.00,0.00,00:47:00
12060 Potranco Road,259,9/12/25 5:49 PM,Emanuel Sanchez,12,Dining Room,0.00,37.66,3.10,7.53,0.00,00:42:16
12060 Potranco Road,260,9/12/25 5:50 PM,Lisa Velasquez,3,Dining Room,0.00,38.69,3.18,3.00,0.00,00:28:49
12060 Potranco Road,261,9/12/25 5:52 PM,Angelique Jacobo,8,Dining Room,0.00,15.98,1.32,0.00,0.00,00:20:45
12060 Potranco Road,266,9/12/25 6:00 PM,Adrian Morales,30,Dining Room,0.00,97.99,8.08,30.00,0.00,00:46:57
12060 Potranco Road,265,9/12/25 5:56 PM,Emanuel Sanchez,1,Dining Room,0.00,54.14,4.46,15.00,0.00,00:51:48
12060 Potranco Road,267,9/12/25 6:11 PM,Mario Jimenez,,Dining Room,0.00,14.98,1.24,2.25,0.00,00:26:29
12060 Potranco Road,268,9/12/25 6:14 PM,Lisa Velasquez,15,Dining Room,0.00,17.86,1.48,3.93,0.00,00:24:38
12060 Potranco Road,270,9/12/25 6:20 PM,Mario Jimenez,,Dining Room,0.00,39.71,3.28,5.96,0.00,00:02:34
12060 Potranco Road,271,9/12/25 6:22 PM,Angelique Jacobo,10,Dining Room,0.00,28.98,2.39,3.63,0.00,00:32:22
12060 Potranco Road,272,9/12/25 6:27 PM,Mario Jimenez,,Drive Thru,0.00,31.01,2.56,3.00,0.00,00:06:47
12060 Potranco Road,274,9/12/25 6:32 PM,Adrian Morales,2,Dining Room,0.00,39.94,3.29,10.00,0.00,00:27:18
12060 Potranco Road,273,9/12/25 6:28 PM,Mario Jimenez,,Drive Thru,0.00,21.15,1.74,0.00,0.00,00:11:46
12060 Potranco Road,276,9/12/25 6:38 PM,Emanuel Sanchez,17,Dining Room,0.00,48.44,3.99,10.00,0.00,00:48:36
12060 Potranco Road,277,9/12/25 6:38 PM,Gabriel Tovar ,,Dining Room,0.00,201.50,16.61,0.00,0.00,00:02:35
12060 Potranco Road,278,9/12/25 6:41 PM,Lisa Velasquez,26,Dining Room,0.00,46.96,3.86,10.00,0.00,00:34:51
12060 Potranco Road,280,9/12/25 6:51 PM,Mario Jimenez,,Dining Room,0.00,13.36,1.11,0.00,0.00,00:01:28
12060 Potranco Road,283,9/12/25 6:56 PM,Adrian Morales,15,Dining Room,0.00,47.95,3.95,6.00,0.00,00:51:47
12060 Potranco Road,282,9/12/25 6:54 PM,Angelique Jacobo,25,Dining Room,0.00,52.82,4.37,5.00,0.00,00:40:51
12060 Potranco Road,284,9/12/25 7:02 PM,Lisa Velasquez,14,Dining Room,0.00,45.35,3.73,0.00,0.00,00:40:54
12060 Potranco Road,288,9/12/25 7:08 PM,Mario Jimenez,,None,0.00,13.71,1.13,2.06,0.00,00:02:47
12060 Potranco Road,289,9/12/25 7:09 PM,Gabriel Tovar ,,Dining Room,0.00,6.99,0.58,2.00,0.00,00:05:56
12060 Potranco Road,286,9/12/25 7:06 PM,Angelique Jacobo,3,Dining Room,0.00,31.14,2.57,0.00,0.00,00:39:06
12060 Potranco Road,290,9/12/25 7:15 PM,Emanuel Sanchez,4,Dining Room,1.15,70.26,5.80,10.00,0.00,01:01:37
12060 Potranco Road,291,9/12/25 7:17 PM,Mario Jimenez,,Drive Thru,0.00,22.57,1.87,3.39,0.00,00:24:49
12060 Potranco Road,292,9/12/25 7:41 PM,Mario Jimenez,,Drive Thru,0.00,9.99,0.82,0.00,0.00,00:08:10
12060 Potranco Road,294,9/12/25 7:43 PM,Adrian Morales,7,Dining Room,0.00,50.95,4.20,10.00,0.00,00:38:54
12060 Potranco Road,295,9/12/25 7:46 PM,Gabriel Tovar ,,Dining Room,0.00,8.24,0.68,0.00,0.00,00:00:43
12060 Potranco Road,299,9/12/25 7:55 PM,Gabriel Tovar ,,Dining Room,0.00,37.86,3.12,6.00,0.00,00:21:35
12060 Potranco Road,300,9/12/25 7:57 PM,Emanuel Sanchez,2,Dining Room,0.00,39.46,3.26,0.00,0.00,00:35:50
12060 Potranco Road,297,9/12/25 7:55 PM,Lisa Velasquez,3,Dining Room,0.00,47.84,3.95,7.18,0.00,00:39:18
12060 Potranco Road,301,9/12/25 8:03 PM,Mario Jimenez,,Drive Thru,0.00,9.98,0.82,0.00,0.00,00:00:31
12060 Potranco Road,302,9/12/25 8:03 PM,Mario Jimenez,,Drive Thru,0.00,4.78,0.40,0.00,0.00,00:06:13
12060 Potranco Road,303,9/12/25 8:09 PM,Angelique Jacobo,1,Dining Room,0.00,19.66,1.62,6.00,0.00,00:27:13
12060 Potranco Road,306,9/12/25 8:12 PM,Emanuel Sanchez,14,Dining Room,0.00,55.45,4.57,25.00,0.00,00:38:08
12060 Potranco Road,305,9/12/25 8:11 PM,Adrian Morales,31,Dining Room,0.00,35.25,2.90,7.00,0.00,00:31:31
12060 Potranco Road,307,9/12/25 8:25 PM,Mario Jimenez,,Drive Thru,0.00,6.78,0.56,1.36,0.00,00:00:45
12060 Potranco Road,309,9/12/25 8:47 PM,Lisa Velasquez,21,Dining Room,0.00,27.67,2.28,0.00,0.00,00:12:46
12060 Potranco Road,308,9/12/25 8:42 PM,Mario Jimenez,,Drive Thru,0.00,7.98,0.66,0.00,0.00,00:07:40
