Employee,Job Title,Regular Hours,Overtime Hours,Hourly Rate,Regular Pay,Overtime Pay,Total Pay,Net Sales,Declared Tips,Non-Cash Tips,Total Tips,Tips Withheld,Total Gratuity,Employee ID,Job Code,Location,Location Code
"CASHIER, AM",General Manager,0.0,7.26,,,,,586.44,,10.00,10.00,0.00,0.00,,,2919 Blanco Rd,
"Hernandez, Celinda",Cook,0.0,8.96,16.00,0.00,215.04,215.04,0.00,,0.00,0.00,0.00,0.00,,,2919 Blanco Rd,
"Hernandez, Fidelia ",Cook,5.54,2.35,14.00,77.56,49.35,126.91,0.00,,0.00,0.00,0.00,0.00,,,2919 Blanco Rd,
"Martinez , Sami",Server,0.0,6.28,3.00,0.00,28.26,28.26,452.72,,67.50,67.50,0.00,0.00,,,2919 Blanco Rd,
"Ovalle , Martina",Drive-Thru,0.0,5.36,,,,,1761.68,,43.02,43.02,0.00,0.00,,,2919 Blanco Rd,
"Rivera, Dante Antonio ",Cook,6.77,0.0,,,,,0.00,,0.00,0.00,0.00,0.00,,,2919 Blanco Rd,
"Salazar, Maria ",Shift Manager / Assistant Manager,0.0,7.92,,,,,17.18,,6.00,6.00,0.00,0.00,,,2919 Blanco Rd,
"Villalobos , Veronica ",Cook,0.0,8.4,14.00,0.00,176.40,176.40,0.00,,0.00,0.00,0.00,0.00,,,2919 Blanco Rd,
"lopez, samantha",Server,0.0,7.06,3.00,0.00,31.77,31.77,482.72,,36.00,36.00,0.00,0.00,,,2919 Blanco Rd,
