Location,Entry Id,Created Date,Action,Amount,Cash Drawer,Payout Reason,No Sale Reason,Comment,Employee,Employee 2
Tink-a-Tako - Potranco,800000031160105763,10/25/25 6:49 AM,CASH_PAYMENT,5.18,Drive Box,,,Cash payment,Ivana Abundiz,
Tink-a-Tako - Potranco,800000031160347315,10/25/25 7:17 AM,CASH_PAYMENT,9.50,Front Left,,,Cash payment,Rosie  ORDONEZ,
Tink-a-Tako - Potranco,800000031160428031,10/25/25 7:25 AM,CASH_PAYMENT,9.06,Drive Box,,,Cash payment,Ivana Abundiz,
Tink-a-Tako - Potranco,800000031160774717,10/25/25 7:51 AM,CASH_PAYMENT,4.09,Drive Box,,,Cash payment,Ivana Abundiz,
Tink-a-Tako - Potranco,800000031161016043,10/25/25 8:06 AM,CASH_PAYMENT,8.62,Drive Box,,,Cash payment,Ivana Abundiz,
Tink-a-Tako - Potranco,800000031161195805,10/25/25 8:15 AM,CASH_PAYMENT,6.45,Drive Box,,,Cash payment,Ivana Abundiz,
Tink-a-Tako - Potranco,800000031161286145,10/25/25 8:19 AM,CASH_PAYMENT,8.31,Drive Box,,,Cash payment,Ivana Abundiz,
Tink-a-Tako - Potranco,800000031161369858,10/25/25 8:23 AM,CASH_PAYMENT,15.77,Drive Box,,,Cash payment,Ivana Abundiz,
Tink-a-Tako - Potranco,800000031161518817,10/25/25 8:30 AM,CASH_PAYMENT,10.33,Drive Box,,,Cash payment,Ivana Abundiz,
Tink-a-Tako - Potranco,800000031161581316,10/25/25 8:33 AM,CASH_PAYMENT,19.87,Drive Box,,,Cash payment,Ivana Abundiz,
Tink-a-Tako - Potranco,800000031161720835,10/25/25 8:39 AM,CASH_PAYMENT,21.37,Drive Box,,,Cash payment,Ivana Abundiz,
Tink-a-Tako - Potranco,800000031161855107,10/25/25 8:45 AM,CASH_PAYMENT,6.48,Drive Box,,,Cash payment,Ivana Abundiz,
Tink-a-Tako - Potranco,800000031161935451,10/25/25 8:48 AM,CASH_PAYMENT,12.29,Drive Box,,,Cash payment,Ivana Abundiz,
Tink-a-Tako - Potranco,800000031162456343,10/25/25 9:08 AM,CASH_PAYMENT,4.30,Drive Box,,,Cash payment,Ivana Abundiz,
Tink-a-Tako - Potranco,800000031162615758,10/25/25 9:13 AM,CASH_PAYMENT,6.90,Drive Box,,,Cash payment,Ivana Abundiz,
Tink-a-Tako - Potranco,800000031162857036,10/25/25 9:22 AM,CASH_PAYMENT,26.77,Drive Box,,,Cash payment,Ivana Abundiz,
Tink-a-Tako - Potranco,800000031163073258,10/25/25 9:29 AM,CASH_COLLECTED,10.58,House,,,Cash revenue collected from shift review.,Silvia Hernandez,Silvia Hernandez
Tink-a-Tako - Potranco,800000031163085853,10/25/25 9:29 AM,CASH_PAYMENT,12.93,Drive Box,,,Cash payment,Ivana Abundiz,
Tink-a-Tako - Potranco,800000031163168928,10/25/25 9:32 AM,CASH_PAYMENT,14.66,Drive Box,,,Cash payment,Ivana Abundiz,
Tink-a-Tako - Potranco,800000031163329141,10/25/25 9:37 AM,CASH_PAYMENT,23.56,Drive Box,,,Cash payment,Ivana Abundiz,
Tink-a-Tako - Potranco,800000031163349146,10/25/25 9:38 AM,CASH_PAYMENT,9.50,Front Left,,,Cash payment,Rosie  ORDONEZ,
Tink-a-Tako - Potranco,800000031163510294,10/25/25 9:43 AM,CASH_PAYMENT,17.58,Drive Box,,,Cash payment,Ivana Abundiz,
Tink-a-Tako - Potranco,800000031163601137,10/25/25 9:46 AM,CASH_PAYMENT,7.45,Drive Box,,,Cash payment,Ivana Abundiz,
Tink-a-Tako - Potranco,800000031164043858,10/25/25 9:59 AM,CASH_PAYMENT,19.76,Drive Box,,,Cash payment,Ivana Abundiz,
Tink-a-Tako - Potranco,800000031164342552,10/25/25 10:07 AM,CASH_PAYMENT,5.19,Drive Box,,,Cash payment,Ivana Abundiz,
Tink-a-Tako - Potranco,800000031164864526,10/25/25 10:21 AM,CASH_PAYMENT,11.65,Drive Box,,,Cash payment,Ivana Abundiz,
Tink-a-Tako - Potranco,800000031165049698,10/25/25 10:25 AM,CASH_PAYMENT,10.81,Drive Box,,,Cash payment,Ivana Abundiz,
Tink-a-Tako - Potranco,800000031165222945,10/25/25 10:29 AM,CASH_PAYMENT,5.94,Drive Box,,,Cash payment,Ivana Abundiz,
Tink-a-Tako - Potranco,800000031165261505,10/25/25 10:30 AM,CASH_PAYMENT,15.34,Drive Box,,,Cash payment,Ivana Abundiz,
Tink-a-Tako - Potranco,800000031166502444,10/25/25 10:58 AM,CASH_PAYMENT,18.34,Drive Box,,,Cash payment,Ivana Abundiz,
Tink-a-Tako - Potranco,800000031166562713,10/25/25 10:59 AM,CASH_PAYMENT,9.50,Drive Box,,,Cash payment,Ivana Abundiz,
Tink-a-Tako - Potranco,800000031166638447,10/25/25 11:01 AM,CASH_PAYMENT,40.38,Drive Box,,,Cash payment,Ivana Abundiz,
Tink-a-Tako - Potranco,800000031167148593,10/25/25 11:10 AM,CASH_PAYMENT,12.41,Drive Box,,,Cash payment,Ivana Abundiz,
Tink-a-Tako - Potranco,800000031168572087,10/25/25 11:35 AM,CASH_PAYMENT,5.81,Drive Box,,,Cash payment,Ivana Abundiz,
Tink-a-Tako - Potranco,800000031168873703,10/25/25 11:40 AM,CASH_PAYMENT,9.07,Drive Box,,,Cash payment,Ivana Abundiz,
Tink-a-Tako - Potranco,800000031169263245,10/25/25 11:46 AM,VOID_CASH_PAYMENT,-15.34,Drive Box,,,Cash payment,Ivana Abundiz,
Tink-a-Tako - Potranco,800000031169577371,10/25/25 11:51 AM,CASH_PAYMENT,13.12,Front Left,,,Cash payment,Mayra Luna,
Tink-a-Tako - Potranco,800000031170148189,10/25/25 12:01 PM,CASH_PAYMENT,12.29,Drive Box,,,Cash payment,Ivana Abundiz,
Tink-a-Tako - Potranco,800000031170862947,10/25/25 12:12 PM,CASH_PAYMENT,12.98,Drive Box,,,Cash payment,Ivana Abundiz,
Tink-a-Tako - Potranco,800000031171217427,10/25/25 12:17 PM,CASH_PAYMENT,4.32,Drive Box,,,Cash payment,Ivana Abundiz,
Tink-a-Tako - Potranco,800000031171316703,10/25/25 12:19 PM,CASH_PAYMENT,23.99,Drive Box,,,Cash payment,Ivana Abundiz,
Tink-a-Tako - Potranco,800000031171819421,10/25/25 12:27 PM,CASH_PAYMENT,4.30,Drive Box,,,Cash payment,Ivana Abundiz,
Tink-a-Tako - Potranco,800000031172122087,10/25/25 12:31 PM,CASH_PAYMENT,20.75,Drive Box,,,Cash payment,Ivana Abundiz,
Tink-a-Tako - Potranco,800000031174009020,10/25/25 1:01 PM,CASH_PAYMENT,7.34,Drive Box,,,Cash payment,Ivana Abundiz,
Tink-a-Tako - Potranco,800000031174106814,10/25/25 1:03 PM,CASH_PAYMENT,28.30,Drive Box,,,Cash payment,Ivana Abundiz,
Tink-a-Tako - Potranco,800000031174277965,10/25/25 1:06 PM,CASH_PAYMENT,17.31,Drive Box,,,Cash payment,Ivana Abundiz,
Tink-a-Tako - Potranco,800000031174394416,10/25/25 1:07 PM,CASH_PAYMENT,10.48,Drive Box,,,Cash payment,Ivana Abundiz,
Tink-a-Tako - Potranco,800000031174709535,10/25/25 1:12 PM,CASH_PAYMENT,10.34,Drive Box,,,Cash payment,Ivana Abundiz,
Tink-a-Tako - Potranco,800000031175496456,10/25/25 1:25 PM,CASH_PAYMENT,4.96,Drive Box,,,Cash payment,Ivana Abundiz,
Tink-a-Tako - Potranco,800000031175583032,10/25/25 1:26 PM,CASH_PAYMENT,7.44,Drive Box,,,Cash payment,Ivana Abundiz,
Tink-a-Tako - Potranco,800000031175815618,10/25/25 1:30 PM,CASH_PAYMENT,16.65,Drive Box,,,Cash payment,Ivana Abundiz,
Tink-a-Tako - Potranco,800000031176094202,10/25/25 1:34 PM,CASH_PAYMENT,15.21,Drive Box,,,Cash payment,Ivana Abundiz,
Tink-a-Tako - Potranco,800000031176938466,10/25/25 1:48 PM,CLOSE_OUT_EXACT,0.00,Front Left,,,Close out balance matches expected balance,Mayra Luna,
Tink-a-Tako - Potranco,800000031177518861,10/25/25 1:57 PM,CASH_COLLECTED,75.90,House,,,Cash revenue collected from shift review.,Daniela Torres,Daniela Torres
Tink-a-Tako - Potranco,800000031177518952,10/25/25 1:57 PM,TIP_OUT,-7.00,House,,,Tips paid out from shift review.,Daniela Torres,Daniela Torres
Tink-a-Tako - Potranco,800000031177708272,10/25/25 2:00 PM,CASH_COLLECTED,59.89,House,,,Cash revenue collected from shift review.,Esperansa Caviedes,Esperansa Caviedes
Tink-a-Tako - Potranco,800000031177709321,10/25/25 2:00 PM,TIP_OUT,-85.49,House,,,Tips paid out from shift review.,Esperansa Caviedes,Esperansa Caviedes
Tink-a-Tako - Potranco,800000031178059592,10/25/25 2:06 PM,CASH_COLLECTED,4.75,House,,,Cash revenue collected from shift review.,Ivana Abundiz,Ivana Abundiz
Tink-a-Tako - Potranco,800000031178060208,10/25/25 2:06 PM,TIP_OUT,-79.20,House,,,Tips paid out from shift review.,Ivana Abundiz,Ivana Abundiz
Tink-a-Tako - Potranco,800000031178117005,10/25/25 2:07 PM,TIP_OUT,-37.76,House,,,Tips paid out from shift review.,Rosa Compean,Rosa Compean
Tink-a-Tako - Potranco,800000031178117203,10/25/25 2:07 PM,CASH_COLLECTED,266.43,House,,,Cash revenue collected from shift review.,Rosa Compean,Rosa Compean
Tink-a-Tako - Potranco,800000031178207139,10/25/25 2:09 PM,TIP_OUT,-61.00,House,,,Tips paid out from shift review.,Maria Majana,Maria Majana
Tink-a-Tako - Potranco,800000031178207801,10/25/25 2:09 PM,CASH_COLLECTED,232.61,House,,,Cash revenue collected from shift review.,Maria Majana,Maria Majana
Tink-a-Tako - Potranco,800000031178218147,10/25/25 2:09 PM,TIP_OUT,-20.00,House,,,Tips paid out from shift review.,Rosie  ORDONEZ,Rosie  ORDONEZ
Tink-a-Tako - Potranco,800000031178219937,10/25/25 2:09 PM,CASH_COLLECTED,10.81,House,,,Cash revenue collected from shift review.,Rosie  ORDONEZ,Rosie  ORDONEZ
Tink-a-Tako - Potranco,800000031178338586,10/25/25 2:11 PM,TIP_OUT,-60.00,House,,,Tips paid out from shift review.,Fernando Cepada,Fernando Cepada
Tink-a-Tako - Potranco,800000031178339545,10/25/25 2:11 PM,CASH_COLLECTED,66.87,House,,,Cash revenue collected from shift review.,Fernando Cepada,Fernando Cepada
Tink-a-Tako - Potranco,800000031178437489,10/25/25 2:13 PM,CASH_COLLECTED,117.78,House,,,Cash revenue collected from shift review.,Isabel Cisneros,Isabel Cisneros
Tink-a-Tako - Potranco,800000031178438066,10/25/25 2:13 PM,TIP_OUT,-53.00,House,,,Tips paid out from shift review.,Isabel Cisneros,Isabel Cisneros
Tink-a-Tako - Potranco,800000031178890194,10/25/25 2:20 PM,CASH_PAYMENT,10.15,Drive Box,,,Cash payment,Lizeth Alonso,
Tink-a-Tako - Potranco,800000031180468400,10/25/25 2:47 PM,CASH_PAYMENT,9.50,Drive Box,,,Cash payment,Lizeth Alonso,
Tink-a-Tako - Potranco,800000031183104020,10/25/25 3:31 PM,CASH_PAYMENT,30.28,Drive Box,,,Cash payment,Lizeth Alonso,
Tink-a-Tako - Potranco,800000031185017207,10/25/25 4:01 PM,CASH_PAYMENT,22.30,Drive Box,,,Cash payment,Lizeth Alonso,
Tink-a-Tako - Potranco,800000031188292629,10/25/25 4:46 PM,CASH_PAYMENT,9.07,Drive Box,,,Cash payment,Lizeth Alonso,
Tink-a-Tako - Potranco,800000031188461547,10/25/25 4:48 PM,CASH_PAYMENT,3.99,Drive Box,,,Cash payment,Lizeth Alonso,
Tink-a-Tako - Potranco,800000031198243985,10/25/25 6:44 PM,CASH_PAYMENT,5.40,Drive Box,,,Cash payment,Lizeth Alonso,
Tink-a-Tako - Potranco,800000031199311938,10/25/25 6:57 PM,CASH_PAYMENT,17.31,Drive Box,,,Cash payment,Lizeth Alonso,
Tink-a-Tako - Potranco,800000031199672706,10/25/25 7:01 PM,CASH_PAYMENT,25.28,Drive Box,,,Cash payment,Lizeth Alonso,
Tink-a-Tako - Potranco,800000031208326060,10/25/25 9:16 PM,CASH_PAYMENT,12.75,Drive Box,,,Cash payment,Lizeth Alonso,
Tink-a-Tako - Potranco,800000031210073982,10/25/25 10:00 PM,CASH_COLLECTED,334.91,House,,,Cash revenue collected from shift review.,Juan  Camacho,Juan  Camacho
Tink-a-Tako - Potranco,800000031210074540,10/25/25 10:00 PM,TIP_OUT,-59.18,House,,,Tips paid out from shift review.,Juan  Camacho,Juan  Camacho
Tink-a-Tako - Potranco,800000031210115869,10/25/25 10:01 PM,TIP_OUT,-148.56,House,,,Tips paid out from shift review.,Sergio Abundiz,Sergio Abundiz
Tink-a-Tako - Potranco,800000031210116542,10/25/25 10:01 PM,CASH_COLLECTED,45.59,House,,,Cash revenue collected from shift review.,Sergio Abundiz,Sergio Abundiz
Tink-a-Tako - Potranco,800000031210294219,10/25/25 10:06 PM,TIP_OUT,-24.19,House,,,Tips paid out from shift review.,Lizeth Alonso,Lizeth Alonso
Tink-a-Tako - Potranco,800000031210423183,10/25/25 10:10 PM,PAY_OUT,-20.52,House,Supplies,,LOWES #7219 ,Mayra Luna,
Tink-a-Tako - Potranco,800000031210462965,10/25/25 10:11 PM,PAY_OUT,-73.54,House,Supplies,,AMAZON #6668 Y #7027,Mayra Luna,
Tink-a-Tako - Potranco,800000031210580793,10/25/25 10:15 PM,CLOSE_OUT_EXACT,0.00,Drive Box,,,Close out balance matches expected balance,Mayra Luna,
Tink-a-Tako - Potranco,800000031210705381,10/25/25 10:19 PM,PAY_OUT,-150.00,House,Supplies,,GENARO - ARREGLO DEL CA�O Y ARREGLO DEL SINK,Mayra Luna,
