Location,Employee,Job Title,In Date,Out Date,Total Hours,Unpaid Break Time,Paid Break Time,Payable Hours
Tink-a-Tako - Potranco,"Ramirez Perez, Silvia",Cook,10/25/25 5:25 AM,10/25/25 1:59 PM,8.56,0.00,0.00,8.56
Tink-a-Tako - Potranco,"Aviles, Genaro",Cook,10/25/25 5:25 AM,10/25/25 5:04 PM,11.65,0.00,0.00,11.65
Tink-a-Tako - Potranco,"Diaz, Diego",Cook,10/25/25 5:30 AM,10/25/25 2:07 PM,8.61,0.00,0.00,8.61
Tink-a-Tako - Potranco,"Gonzalez, Maria ",Tortillero,10/25/25 5:32 AM,10/25/25 2:04 PM,8.54,0.00,0.00,8.54
Tink-a-Tako - Potranco,"Alvarado, Rodolfo",Cook,10/25/25 5:44 AM,10/25/25 2:07 PM,8.38,0.00,0.00,8.38
Tink-a-Tako - Potranco,"Zuniga, Sebastian",Cook,10/25/25 5:52 AM,10/25/25 2:14 PM,8.38,0.00,0.00,8.38
Tink-a-Tako - Potranco,"Abundiz, Ivana",Host,10/25/25 6:02 AM,10/25/25 2:15 PM,8.21,0.00,0.00,8.21
Tink-a-Tako - Potranco,"Compean, Rosa",Server,10/25/25 6:04 AM,10/25/25 2:07 PM,8.05,0.00,0.00,8.05
Tink-a-Tako - Potranco,"ORDONEZ, Rosie ",Shift Manager / Assistant Manager,10/25/25 6:07 AM,10/25/25 2:09 PM,8.03,0.00,0.00,8.03
Tink-a-Tako - Potranco,"Dominguez, Jose ",Cook,10/25/25 6:07 AM,10/25/25 2:09 PM,8.04,0.00,0.00,8.04
Tink-a-Tako - Potranco,"Brito, Victor ",Regular,10/25/25 6:56 AM,10/25/25 4:36 PM,9.68,0.00,0.00,9.68
Tink-a-Tako - Potranco,"Caviedes, Esperansa",Server,10/25/25 7:43 AM,10/25/25 2:01 PM,6.29,0.00,0.00,6.29
Tink-a-Tako - Potranco,"Abundiz, Sergio",Server,10/25/25 7:44 AM,10/25/25 10:17 PM,14.54,0.00,0.00,14.54
Tink-a-Tako - Potranco,"huerta, Arturo ",Dishwasher,10/25/25 7:57 AM,10/25/25 10:00 PM,14.05,0.00,0.00,14.05
Tink-a-Tako - Potranco,"Trevino, Melissa",Dishwasher,10/25/25 7:57 AM,10/25/25 2:07 PM,6.16,0.00,0.00,6.16
Tink-a-Tako - Potranco,"Majana, Maria",Server,10/25/25 8:00 AM,10/25/25 2:09 PM,6.16,0.00,0.00,6.16
Tink-a-Tako - Potranco,"Hernandez, Silvia",Server,10/25/25 8:04 AM,10/25/25 9:29 AM,1.41,0.00,0.00,1.41
Tink-a-Tako - Potranco,"Alonso, Lizeth",Host,10/25/25 8:07 AM,10/25/25 10:09 PM,14.04,0.00,0.00,14.04
Tink-a-Tako - Potranco,"Torres, Daniela",Drive-Thru,10/25/25 8:12 AM,10/25/25 2:00 PM,5.80,0.00,0.00,5.80
Tink-a-Tako - Potranco,"Cepada, Fernando",Server,10/25/25 8:17 AM,10/25/25 2:11 PM,5.91,0.00,0.00,5.91
Tink-a-Tako - Potranco,"Cisneros, Isabel",Server,10/25/25 8:19 AM,10/25/25 3:00 PM,6.69,0.00,0.00,6.69
Tink-a-Tako - Potranco,"Serrato, Joshua ",Busser,10/25/25 8:19 AM,10/25/25 2:10 PM,5.84,0.00,0.00,5.84
Tink-a-Tako - Potranco,"Rueda, Jonathan",Busser,10/25/25 8:22 AM,10/25/25 9:18 PM,12.93,0.00,0.00,12.93
Tink-a-Tako - Potranco,"Camacho, Juan ",Server,10/25/25 10:14 AM,10/25/25 10:34 PM,12.34,0.00,0.00,12.34
Tink-a-Tako - Potranco,"Luna, Mayra",Shift Manager / Assistant Manager,10/25/25 10:57 AM,10/25/25 10:34 PM,11.62,0.00,0.00,11.62
Tink-a-Tako - Potranco,"Juarez, Maria ",Dishwasher,10/25/25 1:54 PM,10/25/25 10:00 PM,8.09,0.00,0.00,8.09
Tink-a-Tako - Potranco,"Gonzales (Line) , Maria",Cook,10/25/25 2:01 PM,10/25/25 10:00 PM,7.99,0.00,0.00,7.99
Tink-a-Tako - Potranco,"Calderon, Jesus",Cook,10/25/25 2:02 PM,10/25/25 10:01 PM,7.97,0.00,0.00,7.97
Tink-a-Tako - Potranco,"Majana, Maria",Host,10/25/25 2:10 PM,10/25/25 6:00 PM,3.83,0.00,0.00,3.83
