Location,Server,Check #,Table,Station,Expediter Level,Fired Date,Fulfilled Date,Fulfillment Time,Fulfilled By
2919 Blanco Rd,Maria  Salazar,6,,,1,9/15/25 6:09 AM,9/15/25 7:09 AM,59 minutes and 42 seconds,Cinthia Patlan
2919 Blanco Rd,Maria  Salazar,7,17,,1,9/15/25 6:14 AM,9/15/25 7:09 AM,54 minutes and 26 seconds,Cinthia Patlan
2919 Blanco Rd,Maria  Salazar,5,,,1,9/15/25 6:07 AM,9/15/25 7:09 AM,1 hour and 1 minute,Cinthia Patlan
2919 Blanco Rd,Maria  Salazar,82,,,1,9/15/25 8:12 AM,9/15/25 8:21 AM,9 minutes and 26 seconds,Cinthia Patlan
2919 Blanco Rd,Maria  Salazar,62,,,1,9/15/25 7:48 AM,9/15/25 8:21 AM,32 minutes and 54 seconds,Cinthia Patlan
2919 Blanco Rd,Maria  Salazar,41,,,1,9/15/25 7:22 AM,9/15/25 8:21 AM,59 minutes and 26 seconds,Cinthia Patlan
2919 Blanco Rd,Maria  Salazar,52,,,1,9/15/25 7:37 AM,9/15/25 8:21 AM,44 minutes and 5 seconds,Cinthia Patlan
2919 Blanco Rd,Maria  Salazar,25,,,1,9/15/25 6:54 AM,9/15/25 8:21 AM,"1 hour, 27 minutes and 2 seconds",Cinthia Patlan
2919 Blanco Rd,Maria  Salazar,54,,,1,9/15/25 7:38 AM,9/15/25 8:21 AM,43 minutes and 42 seconds,Cinthia Patlan
2919 Blanco Rd,Maria  Salazar,20,,,1,9/15/25 6:34 AM,9/15/25 8:21 AM,"1 hour, 46 minutes and 51 seconds",Cinthia Patlan
2919 Blanco Rd,Maria  Salazar,61,,,1,9/15/25 7:46 AM,9/15/25 8:21 AM,35 minutes and 41 seconds,Cinthia Patlan
2919 Blanco Rd,Maria  Salazar,49,2,,1,9/15/25 7:37 AM,9/15/25 8:21 AM,44 minutes and 23 seconds,Cinthia Patlan
2919 Blanco Rd,Maria  Salazar,63,13,,1,9/15/25 7:47 AM,9/15/25 8:21 AM,34 minutes and 42 seconds,Cinthia Patlan
2919 Blanco Rd,Maria  Salazar,84,,,1,9/15/25 8:12 AM,9/15/25 8:21 AM,9 minutes and 13 seconds,Cinthia Patlan
2919 Blanco Rd,Maria  Salazar,32,18,,1,9/15/25 7:06 AM,9/15/25 8:21 AM,"1 hour, 15 minutes and 37 seconds",Cinthia Patlan
2919 Blanco Rd,Maria  Salazar,49,2,,1,9/15/25 7:34 AM,9/15/25 8:21 AM,47 minutes and 11 seconds,Cinthia Patlan
2919 Blanco Rd,Maria  Salazar,55,,,1,9/15/25 7:38 AM,9/15/25 8:21 AM,43 minutes and 14 seconds,Cinthia Patlan
2919 Blanco Rd,Maria  Salazar,113,,,1,9/15/25 8:50 AM,9/15/25 9:03 AM,12 minutes and 59 seconds,Cinthia Patlan
2919 Blanco Rd,Maria  Salazar,105,8,,1,9/15/25 8:37 AM,9/15/25 9:03 AM,26 minutes and 2 seconds,Cinthia Patlan
2919 Blanco Rd,Maria  Salazar,94,22,,1,9/15/25 8:22 AM,9/15/25 9:03 AM,40 minutes and 35 seconds,Cinthia Patlan
2919 Blanco Rd,Maria  Salazar,97,,,1,9/15/25 8:35 AM,9/15/25 9:03 AM,27 minutes and 41 seconds,Cinthia Patlan
2919 Blanco Rd,Maria  Salazar,120,,,1,9/15/25 8:57 AM,9/15/25 9:03 AM,5 minutes and 38 seconds,Cinthia Patlan
2919 Blanco Rd,Maria  Salazar,127,,,1,9/15/25 9:07 AM,9/15/25 9:49 AM,42 minutes and 37 seconds,Cinthia Patlan
2919 Blanco Rd,Sami Martinez ,138,9,,1,9/15/25 9:22 AM,9/15/25 9:49 AM,27 minutes and 39 seconds,Cinthia Patlan
2919 Blanco Rd,Maria  Salazar,140,,,1,9/15/25 9:21 AM,9/15/25 9:49 AM,28 minutes and 30 seconds,Cinthia Patlan
2919 Blanco Rd,Maria  Salazar,146,3,,1,9/15/25 9:31 AM,9/15/25 9:49 AM,18 minutes and 5 seconds,Cinthia Patlan
2919 Blanco Rd,Maria  Salazar,135,,,1,9/15/25 9:13 AM,9/15/25 9:49 AM,36 minutes and 34 seconds,Cinthia Patlan
2919 Blanco Rd,Maria  Salazar,136,,,1,9/15/25 9:14 AM,9/15/25 9:49 AM,34 minutes and 55 seconds,Cinthia Patlan
2919 Blanco Rd,Maria  Salazar,137,,,1,9/15/25 9:24 AM,9/15/25 9:49 AM,25 minutes and 19 seconds,Cinthia Patlan
2919 Blanco Rd,Sami Martinez ,149,19,,1,9/15/25 9:39 AM,9/15/25 9:56 AM,16 minutes and 8 seconds,Cinthia Patlan
2919 Blanco Rd,Maria  Salazar,154,16,,1,9/15/25 9:50 AM,9/15/25 9:56 AM,5 minutes and 43 seconds,Cinthia Patlan
2919 Blanco Rd,Maria  Salazar,150,,,1,9/15/25 9:43 AM,9/15/25 9:56 AM,12 minutes and 11 seconds,Cinthia Patlan
2919 Blanco Rd,Sami Martinez ,158,7,,1,9/15/25 10:08 AM,9/15/25 10:16 AM,8 minutes and 18 seconds,Cinthia Patlan
2919 Blanco Rd,Maria  Salazar,146,3,,1,9/15/25 9:56 AM,9/15/25 10:16 AM,19 minutes and 47 seconds,Cinthia Patlan
2919 Blanco Rd,Sami Martinez ,162,4,,1,9/15/25 10:14 AM,9/15/25 10:16 AM,1 minute and 49 seconds,Cinthia Patlan
2919 Blanco Rd,Maria  Salazar,161,9,,1,9/15/25 10:11 AM,9/15/25 10:16 AM,4 minutes and 42 seconds,Cinthia Patlan
2919 Blanco Rd,samantha lopez,167,,,1,9/15/25 10:28 AM,9/15/25 10:54 AM,25 minutes and 41 seconds,Cinthia Patlan
2919 Blanco Rd,Maria  Salazar,174,5,,1,9/15/25 10:37 AM,9/15/25 10:54 AM,16 minutes and 32 seconds,Cinthia Patlan
2919 Blanco Rd,Maria  Salazar,171,6,,1,9/15/25 10:32 AM,9/15/25 10:54 AM,21 minutes and 32 seconds,Cinthia Patlan
2919 Blanco Rd,Maria  Salazar,164,15,,1,9/15/25 10:15 AM,9/15/25 10:54 AM,38 minutes and 58 seconds,Cinthia Patlan
2919 Blanco Rd,Sami Martinez ,166,14,,1,9/15/25 10:20 AM,9/15/25 10:54 AM,33 minutes and 28 seconds,Cinthia Patlan
2919 Blanco Rd,Sami Martinez ,173,3,,1,9/15/25 10:37 AM,9/15/25 10:54 AM,16 minutes and 50 seconds,Cinthia Patlan
2919 Blanco Rd,Maria  Salazar,171,6,,1,9/15/25 10:42 AM,9/15/25 10:54 AM,11 minutes and 54 seconds,Cinthia Patlan
2919 Blanco Rd,Maria  Salazar,180,,,1,9/15/25 11:02 AM,9/15/25 11:11 AM,8 minutes and 29 seconds,Cinthia Patlan
2919 Blanco Rd,Sami Martinez ,181,2,,1,9/15/25 11:07 AM,9/15/25 11:52 AM,45 minutes and 22 seconds,Cinthia Patlan
2919 Blanco Rd,Maria  Salazar,192,,,1,9/15/25 11:34 AM,9/15/25 11:52 AM,17 minutes and 52 seconds,Cinthia Patlan
2919 Blanco Rd,Sami Martinez ,181,2,,1,9/15/25 11:08 AM,9/15/25 11:52 AM,44 minutes and 27 seconds,Cinthia Patlan
2919 Blanco Rd,Maria  Salazar,193,,,1,9/15/25 11:35 AM,9/15/25 11:52 AM,17 minutes and 48 seconds,Cinthia Patlan
2919 Blanco Rd,Maria  Salazar,199,20,,1,9/15/25 11:38 AM,9/15/25 11:52 AM,14 minutes and 48 seconds,Cinthia Patlan
2919 Blanco Rd,Sami Martinez ,200,8,,1,9/15/25 11:41 AM,9/15/25 11:52 AM,11 minutes and 27 seconds,Cinthia Patlan
2919 Blanco Rd,Maria  Salazar,201,6,,1,9/15/25 11:41 AM,9/15/25 11:52 AM,11 minutes and 5 seconds,Cinthia Patlan
2919 Blanco Rd,Sami Martinez ,202,3,,1,9/15/25 11:45 AM,9/15/25 12:08 PM,22 minutes and 25 seconds,Cinthia Patlan
2919 Blanco Rd,samantha lopez,206,,,1,9/15/25 11:54 AM,9/15/25 12:08 PM,13 minutes and 21 seconds,Cinthia Patlan
2919 Blanco Rd,Maria  Salazar,208,,,1,9/15/25 11:56 AM,9/15/25 12:08 PM,11 minutes and 14 seconds,Cinthia Patlan
2919 Blanco Rd,Sami Martinez ,211,5,,1,9/15/25 11:59 AM,9/15/25 12:12 PM,12 minutes and 50 seconds,Cinthia Patlan
2919 Blanco Rd,Maria  Salazar,210,18,,1,9/15/25 11:59 AM,9/15/25 12:12 PM,12 minutes and 55 seconds,Cinthia Patlan
2919 Blanco Rd,Sami Martinez ,212,4,,1,9/15/25 12:01 PM,9/15/25 12:12 PM,11 minutes and 1 second,Cinthia Patlan
2919 Blanco Rd,Sami Martinez ,217,15,,1,9/15/25 12:03 PM,9/15/25 12:12 PM,8 minutes and 34 seconds,Cinthia Patlan
2919 Blanco Rd,Sami Martinez ,220,1,,1,9/15/25 12:05 PM,9/15/25 1:11 PM,"1 hour, 6 minutes and 28 seconds",Cinthia Patlan
2919 Blanco Rd,Maria  Salazar,222,9,,1,9/15/25 12:06 PM,9/15/25 1:11 PM,1 hour and 5 minutes,Cinthia Patlan
2919 Blanco Rd,Maria  Salazar,221,7,,1,9/15/25 12:06 PM,9/15/25 1:11 PM,"1 hour, 5 minutes and 31 seconds",Cinthia Patlan
2919 Blanco Rd,Maria  Salazar,210,18,,1,9/15/25 12:17 PM,9/15/25 1:11 PM,54 minutes,Cinthia Patlan
2919 Blanco Rd,Maria  Salazar,240,2,,1,9/15/25 12:40 PM,9/15/25 1:11 PM,31 minutes and 5 seconds,Cinthia Patlan
2919 Blanco Rd,Maria  Salazar,225,17,,1,9/15/25 12:11 PM,9/15/25 1:11 PM,1 hour and 4 seconds,Cinthia Patlan
2919 Blanco Rd,Sami Martinez ,243,16,,1,9/15/25 12:57 PM,9/15/25 1:11 PM,14 minutes and 35 seconds,Cinthia Patlan
2919 Blanco Rd,samantha lopez,249,19,,1,9/15/25 1:03 PM,9/15/25 1:11 PM,8 minutes and 37 seconds,Cinthia Patlan
2919 Blanco Rd,Sami Martinez ,231,20,,1,9/15/25 12:27 PM,9/15/25 1:11 PM,44 minutes and 34 seconds,Cinthia Patlan
2919 Blanco Rd,Sami Martinez ,251,4,,1,9/15/25 1:10 PM,9/15/25 1:11 PM,1 minute and 11 seconds,Cinthia Patlan
2919 Blanco Rd,Maria  Salazar,233,,,1,9/15/25 12:31 PM,9/15/25 1:11 PM,39 minutes and 54 seconds,Cinthia Patlan
2919 Blanco Rd,Sami Martinez ,243,16,,1,9/15/25 12:54 PM,9/15/25 1:11 PM,17 minutes and 21 seconds,Cinthia Patlan
2919 Blanco Rd,Maria  Salazar,248,,,1,9/15/25 1:05 PM,9/15/25 1:11 PM,6 minutes and 44 seconds,Cinthia Patlan
2919 Blanco Rd,samantha lopez,273,,,1,9/15/25 2:04 PM,9/15/25 2:27 PM,22 minutes and 59 seconds,Cinthia Patlan
2919 Blanco Rd,Maria  Salazar,253,,,1,9/15/25 1:11 PM,9/15/25 2:27 PM,"1 hour, 16 minutes and 4 seconds",Cinthia Patlan
2919 Blanco Rd,Sami Martinez ,258,13,,1,9/15/25 1:21 PM,9/15/25 2:27 PM,"1 hour, 6 minutes and 5 seconds",Cinthia Patlan
2919 Blanco Rd,Sami Martinez ,271,18,,1,9/15/25 2:02 PM,9/15/25 2:27 PM,24 minutes and 56 seconds,Cinthia Patlan
2919 Blanco Rd,Sami Martinez ,304,8,,1,9/15/25 4:27 PM,9/15/25 4:49 PM,22 minutes and 11 seconds,Cinthia Patlan
2919 Blanco Rd,AM CASHIER,289,,,1,9/15/25 3:00 PM,9/15/25 4:49 PM,"1 hour, 48 minutes and 15 seconds",Cinthia Patlan
2919 Blanco Rd,Sami Martinez ,302,5,,1,9/15/25 3:53 PM,9/15/25 4:49 PM,55 minutes and 52 seconds,Cinthia Patlan
2919 Blanco Rd,Sami Martinez ,252,6,,1,9/15/25 1:12 PM,9/15/25 4:49 PM,"3 hours, 37 minutes and 11 seconds",Cinthia Patlan
2919 Blanco Rd,Sami Martinez ,282,19,,1,9/15/25 2:29 PM,9/15/25 4:49 PM,"2 hours, 19 minutes and 43 seconds",Cinthia Patlan
2919 Blanco Rd,Sami Martinez ,277,14,,1,9/15/25 2:24 PM,9/15/25 4:49 PM,"2 hours, 25 minutes and 1 second",Cinthia Patlan
2919 Blanco Rd,AM CASHIER,266,,,1,9/15/25 1:53 PM,9/15/25 4:49 PM,"2 hours, 56 minutes and 6 seconds",Cinthia Patlan
2919 Blanco Rd,AM CASHIER,286,,,1,9/15/25 2:56 PM,9/15/25 4:49 PM,"1 hour, 52 minutes and 47 seconds",Cinthia Patlan
2919 Blanco Rd,Sami Martinez ,276,7,,1,9/15/25 2:21 PM,9/15/25 4:49 PM,"2 hours, 27 minutes and 35 seconds",Cinthia Patlan
2919 Blanco Rd,Sami Martinez ,287,6,,1,9/15/25 2:57 PM,9/15/25 4:49 PM,"1 hour, 52 minutes and 21 seconds",Cinthia Patlan
2919 Blanco Rd,AM CASHIER,285,,,1,9/15/25 2:51 PM,9/15/25 4:49 PM,"1 hour, 58 minutes and 4 seconds",Cinthia Patlan
2919 Blanco Rd,AM CASHIER,288,,,1,9/15/25 2:57 PM,9/15/25 4:49 PM,"1 hour, 51 minutes and 26 seconds",Cinthia Patlan
2919 Blanco Rd,Sami Martinez ,277,14,,1,9/15/25 3:02 PM,9/15/25 4:49 PM,"1 hour, 47 minutes and 23 seconds",Cinthia Patlan
2919 Blanco Rd,Sami Martinez ,310,6,,1,9/15/25 4:44 PM,9/15/25 4:49 PM,4 minutes and 31 seconds,Cinthia Patlan
2919 Blanco Rd,AM CASHIER,307,,,1,9/15/25 4:33 PM,9/15/25 4:49 PM,15 minutes and 55 seconds,Cinthia Patlan
2919 Blanco Rd,Sami Martinez ,313,,,1,9/15/25 5:00 PM,9/15/25 5:24 PM,23 minutes and 43 seconds,Cinthia Patlan
2919 Blanco Rd,Sami Martinez ,314,2,,1,9/15/25 5:04 PM,9/15/25 5:24 PM,19 minutes and 51 seconds,Cinthia Patlan
2919 Blanco Rd,Sami Martinez ,314,2,,1,9/15/25 5:06 PM,9/15/25 5:24 PM,17 minutes and 12 seconds,Cinthia Patlan
2919 Blanco Rd,Sami Martinez ,310,6,,1,9/15/25 5:15 PM,9/15/25 5:24 PM,8 minutes and 37 seconds,Cinthia Patlan
2919 Blanco Rd,AM CASHIER,320,,,1,9/15/25 5:37 PM,9/15/25 5:52 PM,14 minutes and 49 seconds,Cinthia Patlan
2919 Blanco Rd,AM CASHIER,323,,,1,9/15/25 5:42 PM,9/15/25 6:02 PM,19 minutes and 29 seconds,Cinthia Patlan
2919 Blanco Rd,AM CASHIER,331,,,1,9/15/25 6:07 PM,9/15/25 6:16 PM,8 minutes and 30 seconds,Cinthia Patlan
2919 Blanco Rd,AM CASHIER,337,,,1,9/15/25 6:33 PM,9/15/25 6:41 PM,7 minutes and 39 seconds,Cinthia Patlan
2919 Blanco Rd,AM CASHIER,338,,,1,9/15/25 6:37 PM,9/15/25 7:07 PM,29 minutes and 26 seconds,Cinthia Patlan
2919 Blanco Rd,Sami Martinez ,9001,4,,1,9/15/25 6:57 PM,9/15/25 7:07 PM,9 minutes and 12 seconds,Cinthia Patlan
2919 Blanco Rd,Cin Cin,340,,,1,9/15/25 6:55 PM,9/15/25 7:07 PM,12 minutes and 1 second,Cinthia Patlan
