,Location,Employee,Job Title,In Date,Shift Closed Date,Out Date,Hours,Cash Tips Decl.,Cash on Hand,Cash in Drawer,Non-Cash Tips,Cash Gratuity,Non-Cash Gratuity,Tips Withheld,Non-Cash Sales,Cash Sales,Total Sales,Cash Collected?,Tips Paid?,Open,Paid,Closed,Tip Share Total
800000029620615648,2919 Blanco Rd,Maria  Salazar,Shift Manager / Assistant Manager,9/15/25 5:45 AM,9/15/25 1:31 PM,9/15/25 1:32 PM,7.77,,0.00,334.27,41.00,0.00,0.00,0.00,482.14,334.27,816.41,yes,yes,0,0,73,0.00
800000029621098524,2919 Blanco Rd,samantha lopez,Drive-Thru,9/15/25 7:08 AM,9/15/25 4:16 PM,9/15/25 4:24 PM,9.28,,0.00,623.63,36.00,0.00,0.00,0.00,858.50,623.63,1482.13,yes,yes,0,0,138,0.00
800000029621901103,2919 Blanco Rd,Sami Martinez ,Server,9/15/25 8:11 AM,9/15/25 1:30 PM,9/15/25 1:30 PM,5.31,,0.00,164.91,15.00,0.00,0.00,0.00,87.99,164.91,252.90,yes,yes,0,0,14,0.00
800000029629725968,2919 Blanco Rd,Sami Martinez ,Server,9/15/25 1:30 PM,9/15/25 7:58 PM,9/15/25 8:14 PM,6.73,,0.00,117.06,33.00,0.00,0.00,0.00,283.28,117.06,400.34,yes,yes,0,0,17,0.00
800000029629803367,2919 Blanco Rd,AM CASHIER,General Manager,9/15/25 1:33 PM,9/15/25 7:58 PM,9/16/25 4:00 AM,14.44,0.00,0.00,97.06,5.00,0.00,0.00,0.00,59.20,97.06,156.26,yes,yes,0,0,14,0.00
800000029634202540,2919 Blanco Rd,Cin Cin,Drive-Thru,9/15/25 4:13 PM,9/15/25 8:04 PM,9/15/25 8:25 PM,4.19,,0.00,151.18,4.92,0.00,0.00,0.00,238.14,151.18,389.32,yes,yes,0,0,23,0.00
