Location,Order #,Opened Date,Server,Table,Discount Name,Discount Reason,Comment,Discount Amount
Sandra's Cuisine - Potranco - 12060 Potranco Road,259,9/11/25 7:23 PM,Emanuel Sanchez,14,Open % Check,,,3.80
Sandra's Cuisine - Potranco - 12060 Potranco Road,228,9/11/25 4:36 PM,Adrian Morales,26,Reward Dollars,,,5.80
Sandra's Cuisine - Potranco - 12060 Potranco Road,214,9/11/25 2:49 PM,Mario Jimenez,,Reward Dollars,,,5.40
Sandra's Cuisine - Potranco - 12060 Potranco Road,194,9/11/25 1:15 PM,Melissa  Urena,,Birthday Rewards,,,5.00
Sandra's Cuisine - Potranco - 12060 Potranco Road,170,9/11/25 12:29 PM,Gabriel Tovar ,32,Open % Item,,,0.42
Sandra's Cuisine - Potranco - 12060 Potranco Road,170,9/11/25 12:29 PM,Gabriel Tovar ,32,Open % Item,,,1.40
Sandra's Cuisine - Potranco - 12060 Potranco Road,144,9/11/25 11:44 AM,Carlos Morales,,Reward Dollars,,,5.45
Sandra's Cuisine - Potranco - 12060 Potranco Road,95,9/11/25 10:19 AM,Lizbeth Garcia,15,Reward Dollars,,,10.65
Sandra's Cuisine - Potranco - 12060 Potranco Road,61,9/11/25 9:06 AM,Gabriel Tovar ,,Employee Discount - Item,Employee Discount,Employee,8.99
Sandra's Cuisine - Potranco - 12060 Potranco Road,61,9/11/25 9:06 AM,Gabriel Tovar ,,Employee Discount - Item,Employee Discount,Employee,5.58
Sandra's Cuisine - Potranco - 12060 Potranco Road,61,9/11/25 9:06 AM,Gabriel Tovar ,,Employee Discount - Item,Employee Discount,Employee,2.00
Sandra's Cuisine - Potranco - 12060 Potranco Road,61,9/11/25 9:06 AM,Gabriel Tovar ,,Employee Discount - Item,Employee Discount,Employee,8.99
Sandra's Cuisine - Potranco - 12060 Potranco Road,40,9/11/25 8:32 AM,Melissa  Urena,,Reward Dollars,,,5.35
Sandra's Cuisine - Potranco - 12060 Potranco Road,32,9/11/25 8:15 AM,Lizbeth Garcia,17,Open % Item,,,0.20
Sandra's Cuisine - Potranco - 12060 Potranco Road,32,9/11/25 8:15 AM,Lizbeth Garcia,17,Open % Item,,,0.70
