Location,Server,Check #,Table,Station,Expediter Level,Fired Date,Fulfilled Date,Fulfillment Time,Fulfilled By
12060 Potranco Road,Melissa  Urena,2,,Food,,9/11/25 6:34 AM,9/11/25 6:53 AM,18 minutes and 53 seconds,KDS - Login Don't Delete
12060 Potranco Road,Melissa  Urena,3,,Food,,9/11/25 6:46 AM,9/11/25 6:53 AM,7 minutes and 6 seconds,KDS - Login Don't Delete
12060 Potranco Road,Melissa  Urena,3,,Drive Thru,,9/11/25 6:46 AM,9/11/25 6:53 AM,7 minutes and 6 seconds,KDS - Login Don't Delete
12060 Potranco Road,Melissa  Urena,6,,Drive Thru,,9/11/25 7:08 AM,9/11/25 7:16 AM,8 minutes and 10 seconds,KDS - Login Don't Delete
12060 Potranco Road,Melissa  Urena,6,,Food,,9/11/25 7:08 AM,9/11/25 7:16 AM,8 minutes and 10 seconds,KDS - Login Don't Delete
12060 Potranco Road,Melissa  Urena,4,,Drive Thru,,9/11/25 6:53 AM,9/11/25 7:16 AM,22 minutes and 45 seconds,KDS - Login Don't Delete
12060 Potranco Road,Melissa  Urena,4,,Food,,9/11/25 6:53 AM,9/11/25 7:16 AM,22 minutes and 45 seconds,KDS - Login Don't Delete
12060 Potranco Road,Melissa  Urena,7,,Drive Thru,,9/11/25 7:13 AM,9/11/25 7:16 AM,3 minutes and 11 seconds,KDS - Login Don't Delete
12060 Potranco Road,Melissa  Urena,7,,Food,,9/11/25 7:13 AM,9/11/25 7:16 AM,3 minutes and 11 seconds,KDS - Login Don't Delete
12060 Potranco Road,Melissa  Urena,13,,Food,,9/11/25 7:25 AM,9/11/25 7:29 AM,3 minutes and 8 seconds,KDS - Login Don't Delete
12060 Potranco Road,Melissa  Urena,9,,Food,,9/11/25 7:25 AM,9/11/25 7:29 AM,3 minutes and 41 seconds,KDS - Login Don't Delete
12060 Potranco Road,Melissa  Urena,8,,Drive Thru,,9/11/25 7:23 AM,9/11/25 7:29 AM,5 minutes and 29 seconds,KDS - Login Don't Delete
12060 Potranco Road,Melissa  Urena,8,,Food,,9/11/25 7:23 AM,9/11/25 7:29 AM,5 minutes and 29 seconds,KDS - Login Don't Delete
12060 Potranco Road,Melissa  Urena,14,,Drive Thru,,9/11/25 7:26 AM,9/11/25 7:29 AM,2 minutes and 7 seconds,KDS - Login Don't Delete
12060 Potranco Road,Melissa  Urena,14,,Food,,9/11/25 7:26 AM,9/11/25 7:29 AM,2 minutes and 7 seconds,KDS - Login Don't Delete
12060 Potranco Road,Melissa  Urena,10,,Drive Thru,,9/11/25 7:37 AM,9/11/25 7:45 AM,7 minutes and 13 seconds,KDS - Login Don't Delete
12060 Potranco Road,Melissa  Urena,10,,Food,,9/11/25 7:37 AM,9/11/25 7:45 AM,7 minutes and 13 seconds,KDS - Login Don't Delete
12060 Potranco Road,Lizbeth Garcia,11,,Drive Thru,,9/11/25 7:25 AM,9/11/25 7:45 AM,19 minutes and 59 seconds,KDS - Login Don't Delete
12060 Potranco Road,Lizbeth Garcia,11,,Food,,9/11/25 7:25 AM,9/11/25 7:45 AM,19 minutes and 59 seconds,KDS - Login Don't Delete
12060 Potranco Road,Melissa  Urena,17,,Drive Thru,,9/11/25 7:44 AM,9/11/25 7:50 AM,5 minutes and 36 seconds,KDS - Login Don't Delete
12060 Potranco Road,Melissa  Urena,17,,Food,,9/11/25 7:44 AM,9/11/25 7:50 AM,5 minutes and 36 seconds,KDS - Login Don't Delete
12060 Potranco Road,Melissa  Urena,15,,Drive Thru,,9/11/25 7:30 AM,9/11/25 7:50 AM,20 minutes and 15 seconds,KDS - Login Don't Delete
12060 Potranco Road,Melissa  Urena,15,,Food,,9/11/25 7:30 AM,9/11/25 7:50 AM,20 minutes and 15 seconds,KDS - Login Don't Delete
12060 Potranco Road,Melissa  Urena,18,,Drive Thru,,9/11/25 7:45 AM,9/11/25 7:50 AM,4 minutes and 54 seconds,KDS - Login Don't Delete
12060 Potranco Road,Melissa  Urena,18,,Food,,9/11/25 7:45 AM,9/11/25 7:50 AM,4 minutes and 54 seconds,KDS - Login Don't Delete
12060 Potranco Road,Melissa  Urena,21,,Drive Thru,,9/11/25 7:55 AM,9/11/25 7:57 AM,2 minutes and 24 seconds,KDS - Login Don't Delete
12060 Potranco Road,Melissa  Urena,21,,Food,,9/11/25 7:55 AM,9/11/25 7:57 AM,2 minutes and 24 seconds,KDS - Login Don't Delete
12060 Potranco Road,Melissa  Urena,22,,Drive Thru,,9/11/25 7:55 AM,9/11/25 7:57 AM,1 minute and 45 seconds,KDS - Login Don't Delete
12060 Potranco Road,Melissa  Urena,22,,Food,,9/11/25 7:55 AM,9/11/25 7:57 AM,1 minute and 45 seconds,KDS - Login Don't Delete
12060 Potranco Road,Melissa  Urena,20,,Drive Thru,,9/11/25 7:52 AM,9/11/25 7:57 AM,5 minutes and 10 seconds,KDS - Login Don't Delete
12060 Potranco Road,Melissa  Urena,20,,Food,,9/11/25 7:52 AM,9/11/25 7:57 AM,5 minutes and 10 seconds,KDS - Login Don't Delete
12060 Potranco Road,Lizbeth Garcia,19,3,No Print,,9/11/25 7:49 AM,9/11/25 8:05 AM,15 minutes and 52 seconds,KDS - Login Don't Delete
12060 Potranco Road,Lizbeth Garcia,19,3,Food,,9/11/25 7:49 AM,9/11/25 8:05 AM,15 minutes and 52 seconds,KDS - Login Don't Delete
12060 Potranco Road,Lizbeth Garcia,23,14,No Print,,9/11/25 7:56 AM,9/11/25 8:05 AM,8 minutes and 37 seconds,KDS - Login Don't Delete
12060 Potranco Road,Lizbeth Garcia,23,14,Food,,9/11/25 7:56 AM,9/11/25 8:05 AM,8 minutes and 37 seconds,KDS - Login Don't Delete
12060 Potranco Road,Melissa  Urena,25,,Drive Thru,,9/11/25 7:59 AM,9/11/25 8:10 AM,10 minutes and 41 seconds,KDS - Login Don't Delete
12060 Potranco Road,Melissa  Urena,25,,Food,,9/11/25 7:59 AM,9/11/25 8:10 AM,10 minutes and 41 seconds,KDS - Login Don't Delete
12060 Potranco Road,Melissa  Urena,24,,Drive Thru,,9/11/25 7:58 AM,9/11/25 8:10 AM,11 minutes and 37 seconds,KDS - Login Don't Delete
12060 Potranco Road,Melissa  Urena,24,,Food,,9/11/25 7:58 AM,9/11/25 8:10 AM,11 minutes and 37 seconds,KDS - Login Don't Delete
12060 Potranco Road,Lizbeth Garcia,27,25,No Print,,9/11/25 8:06 AM,9/11/25 8:14 AM,7 minutes and 45 seconds,KDS - Login Don't Delete
12060 Potranco Road,Lizbeth Garcia,27,25,Food,,9/11/25 8:06 AM,9/11/25 8:14 AM,7 minutes and 45 seconds,KDS - Login Don't Delete
12060 Potranco Road,Melissa  Urena,28,,Drive Thru,,9/11/25 8:07 AM,9/11/25 8:16 AM,8 minutes and 39 seconds,KDS - Login Don't Delete
12060 Potranco Road,Melissa  Urena,28,,Food,,9/11/25 8:07 AM,9/11/25 8:16 AM,8 minutes and 39 seconds,KDS - Login Don't Delete
12060 Potranco Road,Melissa  Urena,30,,Drive Thru,,9/11/25 8:11 AM,9/11/25 8:16 AM,4 minutes and 55 seconds,KDS - Login Don't Delete
12060 Potranco Road,Melissa  Urena,30,,Food,,9/11/25 8:11 AM,9/11/25 8:16 AM,4 minutes and 55 seconds,KDS - Login Don't Delete
12060 Potranco Road,Melissa  Urena,30,,Drive Thru,,9/11/25 8:12 AM,9/11/25 8:16 AM,3 minutes and 39 seconds,KDS - Login Don't Delete
12060 Potranco Road,Melissa  Urena,30,,Food,,9/11/25 8:12 AM,9/11/25 8:16 AM,3 minutes and 39 seconds,KDS - Login Don't Delete
12060 Potranco Road,Melissa  Urena,29,,Drive Thru,,9/11/25 8:07 AM,9/11/25 8:16 AM,8 minutes and 28 seconds,KDS - Login Don't Delete
12060 Potranco Road,Melissa  Urena,29,,Food,,9/11/25 8:07 AM,9/11/25 8:16 AM,8 minutes and 28 seconds,KDS - Login Don't Delete
12060 Potranco Road,Lizbeth Garcia,35,15,No Print,,9/11/25 8:22 AM,9/11/25 8:25 AM,3 minutes and 2 seconds,KDS - Login Don't Delete
12060 Potranco Road,Lizbeth Garcia,35,15,Food,,9/11/25 8:22 AM,9/11/25 8:25 AM,3 minutes and 2 seconds,KDS - Login Don't Delete
12060 Potranco Road,Lizbeth Garcia,32,17,No Print,,9/11/25 8:16 AM,9/11/25 8:25 AM,9 minutes and 31 seconds,KDS - Login Don't Delete
12060 Potranco Road,Lizbeth Garcia,32,17,Food,,9/11/25 8:16 AM,9/11/25 8:25 AM,9 minutes and 31 seconds,KDS - Login Don't Delete
12060 Potranco Road,Lizbeth Garcia,32,17,Drive Thru,,9/11/25 8:16 AM,9/11/25 8:25 AM,9 minutes and 31 seconds,KDS - Login Don't Delete
12060 Potranco Road,Gabriel Tovar ,36,,Drive Thru,,9/11/25 8:24 AM,9/11/25 8:33 AM,9 minutes and 1 second,KDS - Login Don't Delete
12060 Potranco Road,Gabriel Tovar ,36,,Food,,9/11/25 8:24 AM,9/11/25 8:33 AM,9 minutes and 1 second,KDS - Login Don't Delete
12060 Potranco Road,Melissa  Urena,37,,Food,,9/11/25 8:24 AM,9/11/25 8:36 AM,12 minutes and 7 seconds,KDS - Login Don't Delete
12060 Potranco Road,Melissa  Urena,37,,Drive Thru,,9/11/25 8:24 AM,9/11/25 8:36 AM,12 minutes and 7 seconds,KDS - Login Don't Delete
12060 Potranco Road,Melissa  Urena,38,,Drive Thru,,9/11/25 8:27 AM,9/11/25 8:36 AM,8 minutes and 50 seconds,KDS - Login Don't Delete
12060 Potranco Road,Melissa  Urena,38,,Food,,9/11/25 8:27 AM,9/11/25 8:36 AM,8 minutes and 50 seconds,KDS - Login Don't Delete
12060 Potranco Road,Melissa  Urena,33,,Drive Thru,,9/11/25 8:20 AM,9/11/25 8:36 AM,16 minutes and 43 seconds,KDS - Login Don't Delete
12060 Potranco Road,Melissa  Urena,33,,Food,,9/11/25 8:20 AM,9/11/25 8:36 AM,16 minutes and 43 seconds,KDS - Login Don't Delete
12060 Potranco Road,Melissa  Urena,39,,Drive Thru,,9/11/25 8:33 AM,9/11/25 8:37 AM,3 minutes and 27 seconds,KDS - Login Don't Delete
12060 Potranco Road,Melissa  Urena,39,,Food,,9/11/25 8:33 AM,9/11/25 8:37 AM,3 minutes and 27 seconds,KDS - Login Don't Delete
12060 Potranco Road,Melissa  Urena,40,,Drive Thru,,9/11/25 8:33 AM,9/11/25 8:42 AM,8 minutes and 56 seconds,KDS - Login Don't Delete
12060 Potranco Road,Melissa  Urena,40,,Food,,9/11/25 8:33 AM,9/11/25 8:42 AM,8 minutes and 56 seconds,KDS - Login Don't Delete
12060 Potranco Road,Melissa  Urena,39,,Drive Thru,,9/11/25 8:29 AM,9/11/25 8:42 AM,12 minutes and 37 seconds,KDS - Login Don't Delete
12060 Potranco Road,Melissa  Urena,39,,Food,,9/11/25 8:29 AM,9/11/25 8:42 AM,12 minutes and 37 seconds,KDS - Login Don't Delete
12060 Potranco Road,Melissa  Urena,41,,Drive Thru,,9/11/25 8:35 AM,9/11/25 8:43 AM,8 minutes and 50 seconds,KDS - Login Don't Delete
12060 Potranco Road,Melissa  Urena,41,,Food,,9/11/25 8:35 AM,9/11/25 8:43 AM,8 minutes and 50 seconds,KDS - Login Don't Delete
12060 Potranco Road,Melissa  Urena,42,,Drive Thru,,9/11/25 8:36 AM,9/11/25 8:45 AM,8 minutes and 45 seconds,KDS - Login Don't Delete
12060 Potranco Road,Melissa  Urena,42,,Food,,9/11/25 8:36 AM,9/11/25 8:45 AM,8 minutes and 45 seconds,KDS - Login Don't Delete
12060 Potranco Road,Melissa  Urena,43,,Drive Thru,,9/11/25 8:39 AM,9/11/25 8:45 AM,5 minutes and 18 seconds,KDS - Login Don't Delete
12060 Potranco Road,Melissa  Urena,43,,Food,,9/11/25 8:39 AM,9/11/25 8:45 AM,5 minutes and 18 seconds,KDS - Login Don't Delete
12060 Potranco Road,Melissa  Urena,45,,Food,,9/11/25 8:43 AM,9/11/25 8:46 AM,2 minutes and 40 seconds,KDS - Login Don't Delete
12060 Potranco Road,Melissa  Urena,45,,Drive Thru,,9/11/25 8:43 AM,9/11/25 8:46 AM,2 minutes and 40 seconds,KDS - Login Don't Delete
12060 Potranco Road,Gabriel Tovar ,44,11,No Print,,9/11/25 8:41 AM,9/11/25 8:48 AM,6 minutes and 30 seconds,KDS - Login Don't Delete
12060 Potranco Road,Gabriel Tovar ,44,11,Food,,9/11/25 8:41 AM,9/11/25 8:48 AM,6 minutes and 30 seconds,KDS - Login Don't Delete
12060 Potranco Road,Gabriel Tovar ,44,11,Drive Thru,,9/11/25 8:41 AM,9/11/25 8:48 AM,6 minutes and 30 seconds,KDS - Login Don't Delete
12060 Potranco Road,Melissa  Urena,48,,Drive Thru,,9/11/25 8:48 AM,9/11/25 8:54 AM,6 minutes and 2 seconds,KDS - Login Don't Delete
12060 Potranco Road,Melissa  Urena,48,,Food,,9/11/25 8:48 AM,9/11/25 8:54 AM,6 minutes and 2 seconds,KDS - Login Don't Delete
12060 Potranco Road,Melissa  Urena,45,,Drive Thru,,9/11/25 8:50 AM,9/11/25 8:54 AM,4 minutes and 4 seconds,KDS - Login Don't Delete
12060 Potranco Road,Melissa  Urena,45,,Food,,9/11/25 8:50 AM,9/11/25 8:54 AM,4 minutes and 4 seconds,KDS - Login Don't Delete
12060 Potranco Road,Melissa  Urena,49,,Drive Thru,,9/11/25 8:49 AM,9/11/25 8:54 AM,4 minutes and 18 seconds,KDS - Login Don't Delete
12060 Potranco Road,Melissa  Urena,49,,Food,,9/11/25 8:49 AM,9/11/25 8:54 AM,4 minutes and 18 seconds,KDS - Login Don't Delete
12060 Potranco Road,Melissa  Urena,52,,Drive Thru,,9/11/25 8:52 AM,9/11/25 8:55 AM,3 minutes and 45 seconds,KDS - Login Don't Delete
12060 Potranco Road,Melissa  Urena,52,,Food,,9/11/25 8:52 AM,9/11/25 8:55 AM,3 minutes and 45 seconds,KDS - Login Don't Delete
12060 Potranco Road,Gabriel Tovar ,46,1,Drive Thru,,9/11/25 8:46 AM,9/11/25 8:55 AM,9 minutes and 34 seconds,KDS - Login Don't Delete
12060 Potranco Road,Gabriel Tovar ,46,1,Food,,9/11/25 8:46 AM,9/11/25 8:55 AM,9 minutes and 34 seconds,KDS - Login Don't Delete
12060 Potranco Road,Lizbeth Garcia,53,34,No Print,,9/11/25 8:54 AM,9/11/25 9:01 AM,7 minutes and 8 seconds,KDS - Login Don't Delete
12060 Potranco Road,Lizbeth Garcia,53,34,Food,,9/11/25 8:54 AM,9/11/25 9:01 AM,7 minutes and 8 seconds,KDS - Login Don't Delete
12060 Potranco Road,Lizbeth Garcia,47,18,No Print,,9/11/25 8:46 AM,9/11/25 9:01 AM,14 minutes and 40 seconds,KDS - Login Don't Delete
12060 Potranco Road,Lizbeth Garcia,47,18,Food,,9/11/25 8:46 AM,9/11/25 9:01 AM,14 minutes and 40 seconds,KDS - Login Don't Delete
12060 Potranco Road,Lizbeth Garcia,11,,,1,9/11/25 7:45 AM,9/11/25 9:01 AM,"1 hour, 16 minutes and 23 seconds",KDS - Login Don't Delete
12060 Potranco Road,Melissa  Urena,55,,Drive Thru,,9/11/25 8:58 AM,9/11/25 9:01 AM,2 minutes and 37 seconds,KDS - Login Don't Delete
12060 Potranco Road,Melissa  Urena,55,,Food,,9/11/25 8:58 AM,9/11/25 9:01 AM,2 minutes and 37 seconds,KDS - Login Don't Delete
12060 Potranco Road,Melissa  Urena,54,,Drive Thru,,9/11/25 8:57 AM,9/11/25 9:01 AM,4 minutes and 28 seconds,KDS - Login Don't Delete
12060 Potranco Road,Melissa  Urena,54,,Food,,9/11/25 8:57 AM,9/11/25 9:01 AM,4 minutes and 28 seconds,KDS - Login Don't Delete
12060 Potranco Road,Melissa  Urena,51,,Food,,9/11/25 8:58 AM,9/11/25 9:01 AM,2 minutes and 42 seconds,KDS - Login Don't Delete
12060 Potranco Road,Lizbeth Garcia,32,17,,1,9/11/25 8:25 AM,9/11/25 9:01 AM,35 minutes and 52 seconds,KDS - Login Don't Delete
12060 Potranco Road,Lizbeth Garcia,19,3,,1,9/11/25 8:05 AM,9/11/25 9:01 AM,56 minutes and 10 seconds,KDS - Login Don't Delete
12060 Potranco Road,Lizbeth Garcia,23,14,,1,9/11/25 8:05 AM,9/11/25 9:01 AM,56 minutes and 11 seconds,KDS - Login Don't Delete
12060 Potranco Road,Lizbeth Garcia,27,25,,1,9/11/25 8:14 AM,9/11/25 9:01 AM,47 minutes and 12 seconds,KDS - Login Don't Delete
12060 Potranco Road,Melissa  Urena,10,,,1,9/11/25 7:45 AM,9/11/25 9:01 AM,"1 hour, 16 minutes and 31 seconds",KDS - Login Don't Delete
12060 Potranco Road,Lizbeth Garcia,35,15,,1,9/11/25 8:25 AM,9/11/25 9:01 AM,35 minutes and 52 seconds,KDS - Login Don't Delete
12060 Potranco Road,Gabriel Tovar ,36,,,1,9/11/25 8:33 AM,9/11/25 9:01 AM,28 minutes and 17 seconds,KDS - Login Don't Delete
12060 Potranco Road,Lizbeth Garcia,47,18,,1,9/11/25 9:01 AM,9/11/25 9:01 AM,39 seconds,KDS - Login Don't Delete
12060 Potranco Road,Gabriel Tovar ,44,11,,1,9/11/25 8:48 AM,9/11/25 9:01 AM,13 minutes and 39 seconds,KDS - Login Don't Delete
12060 Potranco Road,Gabriel Tovar ,46,1,,1,9/11/25 8:55 AM,9/11/25 9:01 AM,6 minutes and 1 second,KDS - Login Don't Delete
12060 Potranco Road,Lizbeth Garcia,53,34,,1,9/11/25 9:01 AM,9/11/25 9:01 AM,42 seconds,KDS - Login Don't Delete
12060 Potranco Road,Melissa  Urena,59,,Drive Thru,,9/11/25 9:04 AM,9/11/25 9:09 AM,5 minutes and 12 seconds,KDS - Login Don't Delete
12060 Potranco Road,Melissa  Urena,59,,Food,,9/11/25 9:04 AM,9/11/25 9:09 AM,5 minutes and 12 seconds,KDS - Login Don't Delete
12060 Potranco Road,Melissa  Urena,58,,Drive Thru,,9/11/25 9:02 AM,9/11/25 9:09 AM,6 minutes and 59 seconds,KDS - Login Don't Delete
12060 Potranco Road,Melissa  Urena,58,,Food,,9/11/25 9:02 AM,9/11/25 9:09 AM,6 minutes and 59 seconds,KDS - Login Don't Delete
12060 Potranco Road,Melissa  Urena,60,,Drive Thru,,9/11/25 9:04 AM,9/11/25 9:09 AM,4 minutes and 47 seconds,KDS - Login Don't Delete
12060 Potranco Road,Melissa  Urena,60,,Food,,9/11/25 9:04 AM,9/11/25 9:09 AM,4 minutes and 47 seconds,KDS - Login Don't Delete
12060 Potranco Road,Melissa  Urena,57,,Drive Thru,,9/11/25 9:00 AM,9/11/25 9:09 AM,8 minutes and 23 seconds,KDS - Login Don't Delete
12060 Potranco Road,Melissa  Urena,57,,Food,,9/11/25 9:00 AM,9/11/25 9:09 AM,8 minutes and 23 seconds,KDS - Login Don't Delete
12060 Potranco Road,Gabriel Tovar ,56,,Drive Thru,,9/11/25 9:01 AM,9/11/25 9:13 AM,11 minutes and 28 seconds,KDS - Login Don't Delete
12060 Potranco Road,Gabriel Tovar ,56,,Food,,9/11/25 9:01 AM,9/11/25 9:13 AM,11 minutes and 28 seconds,KDS - Login Don't Delete
12060 Potranco Road,Melissa  Urena,45,,Food,,9/11/25 9:13 AM,9/11/25 9:13 AM,9 seconds,KDS - Login Don't Delete
12060 Potranco Road,Gabriel Tovar ,61,,No Print,,9/11/25 9:07 AM,9/11/25 9:16 AM,8 minutes and 37 seconds,KDS - Login Don't Delete
12060 Potranco Road,Gabriel Tovar ,61,,Food,,9/11/25 9:07 AM,9/11/25 9:16 AM,8 minutes and 37 seconds,KDS - Login Don't Delete
12060 Potranco Road,Gabriel Tovar ,61,,Drive Thru,,9/11/25 9:07 AM,9/11/25 9:16 AM,8 minutes and 37 seconds,KDS - Login Don't Delete
12060 Potranco Road,Melissa  Urena,65,,Drive Thru,,9/11/25 9:21 AM,9/11/25 9:24 AM,3 minutes and 25 seconds,KDS - Login Don't Delete
12060 Potranco Road,Melissa  Urena,65,,Food,,9/11/25 9:21 AM,9/11/25 9:24 AM,3 minutes and 25 seconds,KDS - Login Don't Delete
12060 Potranco Road,Melissa  Urena,62,,Drive Thru,,9/11/25 9:19 AM,9/11/25 9:24 AM,4 minutes and 43 seconds,KDS - Login Don't Delete
12060 Potranco Road,Melissa  Urena,62,,Food,,9/11/25 9:19 AM,9/11/25 9:24 AM,4 minutes and 43 seconds,KDS - Login Don't Delete
12060 Potranco Road,Melissa  Urena,66,,Drive Thru,,9/11/25 9:24 AM,9/11/25 9:28 AM,4 minutes and 13 seconds,KDS - Login Don't Delete
12060 Potranco Road,Melissa  Urena,66,,Food,,9/11/25 9:24 AM,9/11/25 9:28 AM,4 minutes and 13 seconds,KDS - Login Don't Delete
12060 Potranco Road,Lizbeth Garcia,53,34,No Print,,9/11/25 9:21 AM,9/11/25 9:28 AM,6 minutes and 36 seconds,KDS - Login Don't Delete
12060 Potranco Road,Lizbeth Garcia,53,34,Food,,9/11/25 9:21 AM,9/11/25 9:28 AM,6 minutes and 36 seconds,KDS - Login Don't Delete
12060 Potranco Road,Melissa  Urena,67,,Drive Thru,,9/11/25 9:26 AM,9/11/25 9:32 AM,5 minutes and 42 seconds,KDS - Login Don't Delete
12060 Potranco Road,Melissa  Urena,67,,Food,,9/11/25 9:26 AM,9/11/25 9:32 AM,5 minutes and 42 seconds,KDS - Login Don't Delete
12060 Potranco Road,Melissa  Urena,69,,Drive Thru,,9/11/25 9:35 AM,9/11/25 9:41 AM,5 minutes and 32 seconds,KDS - Login Don't Delete
12060 Potranco Road,Melissa  Urena,69,,Food,,9/11/25 9:35 AM,9/11/25 9:41 AM,5 minutes and 32 seconds,KDS - Login Don't Delete
12060 Potranco Road,Melissa  Urena,68,,Drive Thru,,9/11/25 9:34 AM,9/11/25 9:41 AM,6 minutes and 5 seconds,KDS - Login Don't Delete
12060 Potranco Road,Melissa  Urena,68,,Food,,9/11/25 9:34 AM,9/11/25 9:41 AM,6 minutes and 5 seconds,KDS - Login Don't Delete
12060 Potranco Road,Gabriel Tovar ,61,,,1,9/11/25 9:41 AM,9/11/25 9:43 AM,2 minutes and 13 seconds,KDS - Login Don't Delete
12060 Potranco Road,Gabriel Tovar ,74,23,No Print,,9/11/25 9:43 AM,9/11/25 9:47 AM,3 minutes and 32 seconds,KDS - Login Don't Delete
12060 Potranco Road,Gabriel Tovar ,74,23,Food,,9/11/25 9:43 AM,9/11/25 9:47 AM,3 minutes and 32 seconds,KDS - Login Don't Delete
12060 Potranco Road,Melissa  Urena,73,,Food,,9/11/25 9:43 AM,9/11/25 9:50 AM,6 minutes and 25 seconds,KDS - Login Don't Delete
12060 Potranco Road,Lizbeth Garcia,64,,Drive Thru,,9/11/25 9:43 AM,9/11/25 9:49 AM,6 minutes and 10 seconds,KDS - Login Don't Delete
12060 Potranco Road,Lizbeth Garcia,64,,Food,,9/11/25 9:43 AM,9/11/25 9:49 AM,6 minutes and 10 seconds,KDS - Login Don't Delete
12060 Potranco Road,Melissa  Urena,72,,Drive Thru,,9/11/25 9:41 AM,9/11/25 9:50 AM,8 minutes and 16 seconds,KDS - Login Don't Delete
12060 Potranco Road,Melissa  Urena,72,,Food,,9/11/25 9:41 AM,9/11/25 9:50 AM,8 minutes and 16 seconds,KDS - Login Don't Delete
12060 Potranco Road,Lizbeth Garcia,70,,No Print,,9/11/25 9:38 AM,9/11/25 9:50 AM,12 minutes,KDS - Login Don't Delete
12060 Potranco Road,Lizbeth Garcia,70,,Food,,9/11/25 9:38 AM,9/11/25 9:50 AM,12 minutes,KDS - Login Don't Delete
12060 Potranco Road,Gabriel Tovar ,61,,,1,9/11/25 9:16 AM,9/11/25 9:53 AM,36 minutes and 45 seconds,KDS - Login Don't Delete
12060 Potranco Road,Lizbeth Garcia,70,,,1,9/11/25 9:50 AM,9/11/25 9:53 AM,2 minutes and 50 seconds,KDS - Login Don't Delete
12060 Potranco Road,Lizbeth Garcia,53,34,,1,9/11/25 9:28 AM,9/11/25 9:53 AM,24 minutes and 51 seconds,KDS - Login Don't Delete
12060 Potranco Road,Lizbeth Garcia,64,,,1,9/11/25 9:49 AM,9/11/25 9:53 AM,3 minutes and 20 seconds,KDS - Login Don't Delete
12060 Potranco Road,Gabriel Tovar ,56,,,1,9/11/25 9:13 AM,9/11/25 9:53 AM,40 minutes and 3 seconds,KDS - Login Don't Delete
12060 Potranco Road,Melissa  Urena,77,,Drive Thru,,9/11/25 9:50 AM,9/11/25 9:55 AM,5 minutes and 25 seconds,KDS - Login Don't Delete
12060 Potranco Road,Melissa  Urena,77,,Food,,9/11/25 9:50 AM,9/11/25 9:55 AM,5 minutes and 25 seconds,KDS - Login Don't Delete
12060 Potranco Road,Gabriel Tovar ,79,,Drive Thru,,9/11/25 9:51 AM,9/11/25 9:56 AM,4 minutes and 17 seconds,KDS - Login Don't Delete
12060 Potranco Road,Gabriel Tovar ,79,,Food,,9/11/25 9:51 AM,9/11/25 9:56 AM,4 minutes and 17 seconds,KDS - Login Don't Delete
12060 Potranco Road,Carlos Morales,75,,Drive Thru,,9/11/25 9:50 AM,9/11/25 9:56 AM,5 minutes and 53 seconds,KDS - Login Don't Delete
12060 Potranco Road,Carlos Morales,75,,Food,,9/11/25 9:50 AM,9/11/25 9:56 AM,5 minutes and 53 seconds,KDS - Login Don't Delete
12060 Potranco Road,Melissa  Urena,78,,Drive Thru,,9/11/25 9:53 AM,9/11/25 9:56 AM,2 minutes and 14 seconds,KDS - Login Don't Delete
12060 Potranco Road,Melissa  Urena,78,,Food,,9/11/25 9:53 AM,9/11/25 9:56 AM,2 minutes and 14 seconds,KDS - Login Don't Delete
12060 Potranco Road,Melissa  Urena,80,,Drive Thru,,9/11/25 9:57 AM,9/11/25 9:59 AM,2 minutes and 5 seconds,KDS - Login Don't Delete
12060 Potranco Road,Melissa  Urena,80,,Food,,9/11/25 9:57 AM,9/11/25 9:59 AM,2 minutes and 5 seconds,KDS - Login Don't Delete
12060 Potranco Road,Melissa  Urena,80,,Drive Thru,,9/11/25 9:57 AM,9/11/25 9:59 AM,2 minutes and 1 second,KDS - Login Don't Delete
12060 Potranco Road,Melissa  Urena,80,,Food,,9/11/25 9:57 AM,9/11/25 9:59 AM,2 minutes and 1 second,KDS - Login Don't Delete
12060 Potranco Road,Gabriel Tovar ,82,34,No Print,,9/11/25 9:59 AM,9/11/25 10:02 AM,2 minutes and 56 seconds,KDS - Login Don't Delete
12060 Potranco Road,Gabriel Tovar ,82,34,Food,,9/11/25 9:59 AM,9/11/25 10:02 AM,2 minutes and 56 seconds,KDS - Login Don't Delete
12060 Potranco Road,Gabriel Tovar ,74,23,No Print,,9/11/25 10:01 AM,9/11/25 10:02 AM,1 minute and 12 seconds,KDS - Login Don't Delete
12060 Potranco Road,Gabriel Tovar ,74,23,Food,,9/11/25 10:01 AM,9/11/25 10:02 AM,1 minute and 12 seconds,KDS - Login Don't Delete
12060 Potranco Road,Gabriel Tovar ,82,34,,1,9/11/25 10:02 AM,9/11/25 10:03 AM,48 seconds,KDS - Login Don't Delete
12060 Potranco Road,Gabriel Tovar ,79,,,1,9/11/25 9:56 AM,9/11/25 10:03 AM,7 minutes and 5 seconds,KDS - Login Don't Delete
12060 Potranco Road,Melissa  Urena,81,,Drive Thru,,9/11/25 9:57 AM,9/11/25 10:04 AM,6 minutes and 48 seconds,KDS - Login Don't Delete
12060 Potranco Road,Melissa  Urena,81,,Food,,9/11/25 9:57 AM,9/11/25 10:04 AM,6 minutes and 48 seconds,KDS - Login Don't Delete
12060 Potranco Road,Melissa  Urena,84,,Drive Thru,,9/11/25 10:01 AM,9/11/25 10:04 AM,3 minutes and 2 seconds,KDS - Login Don't Delete
12060 Potranco Road,Melissa  Urena,84,,Food,,9/11/25 10:01 AM,9/11/25 10:04 AM,3 minutes and 2 seconds,KDS - Login Don't Delete
12060 Potranco Road,Melissa  Urena,84,,No Print,,9/11/25 10:01 AM,9/11/25 10:04 AM,3 minutes and 2 seconds,KDS - Login Don't Delete
12060 Potranco Road,Melissa  Urena,84,,Drinks,,9/11/25 10:01 AM,9/11/25 10:04 AM,3 minutes and 2 seconds,KDS - Login Don't Delete
12060 Potranco Road,Melissa  Urena,85,,Drive Thru,,9/11/25 10:02 AM,9/11/25 10:04 AM,2 minutes and 18 seconds,KDS - Login Don't Delete
12060 Potranco Road,Melissa  Urena,85,,Food,,9/11/25 10:02 AM,9/11/25 10:04 AM,2 minutes and 18 seconds,KDS - Login Don't Delete
12060 Potranco Road,Melissa  Urena,84,,Drive Thru,,9/11/25 10:02 AM,9/11/25 10:04 AM,2 minutes and 37 seconds,KDS - Login Don't Delete
12060 Potranco Road,Melissa  Urena,84,,Food,,9/11/25 10:02 AM,9/11/25 10:04 AM,2 minutes and 37 seconds,KDS - Login Don't Delete
12060 Potranco Road,Melissa  Urena,86,,Food,,9/11/25 10:03 AM,9/11/25 10:05 AM,1 minute and 5 seconds,KDS - Login Don't Delete
12060 Potranco Road,Melissa  Urena,86,,Drive Thru,,9/11/25 10:03 AM,9/11/25 10:05 AM,1 minute and 5 seconds,KDS - Login Don't Delete
12060 Potranco Road,Lizbeth Garcia,83,4,No Print,,9/11/25 10:02 AM,9/11/25 10:12 AM,9 minutes and 45 seconds,KDS - Login Don't Delete
12060 Potranco Road,Lizbeth Garcia,83,4,Food,,9/11/25 10:02 AM,9/11/25 10:12 AM,9 minutes and 45 seconds,KDS - Login Don't Delete
12060 Potranco Road,Gabriel Tovar ,87,1,No Print,,9/11/25 10:09 AM,9/11/25 10:14 AM,5 minutes and 43 seconds,KDS - Login Don't Delete
12060 Potranco Road,Gabriel Tovar ,87,1,Food,,9/11/25 10:09 AM,9/11/25 10:14 AM,5 minutes and 43 seconds,KDS - Login Don't Delete
12060 Potranco Road,Lizbeth Garcia,91,25,No Print,,9/11/25 10:11 AM,9/11/25 10:17 AM,5 minutes and 45 seconds,KDS - Login Don't Delete
12060 Potranco Road,Lizbeth Garcia,91,25,Food,,9/11/25 10:11 AM,9/11/25 10:17 AM,5 minutes and 45 seconds,KDS - Login Don't Delete
12060 Potranco Road,Lizbeth Garcia,89,18,No Print,,9/11/25 10:10 AM,9/11/25 10:17 AM,6 minutes and 59 seconds,KDS - Login Don't Delete
12060 Potranco Road,Lizbeth Garcia,89,18,Food,,9/11/25 10:10 AM,9/11/25 10:17 AM,6 minutes and 59 seconds,KDS - Login Don't Delete
12060 Potranco Road,Gabriel Tovar ,74,23,,1,9/11/25 10:02 AM,9/11/25 10:22 AM,20 minutes and 5 seconds,KDS - Login Don't Delete
12060 Potranco Road,Gabriel Tovar ,74,23,,1,9/11/25 9:47 AM,9/11/25 10:22 AM,34 minutes and 58 seconds,KDS - Login Don't Delete
12060 Potranco Road,Carlos Morales,75,,,1,9/11/25 9:56 AM,9/11/25 10:22 AM,26 minutes and 18 seconds,KDS - Login Don't Delete
12060 Potranco Road,Melissa  Urena,98,,Drive Thru,,9/11/25 10:20 AM,9/11/25 10:24 AM,3 minutes and 28 seconds,KDS - Login Don't Delete
12060 Potranco Road,Melissa  Urena,98,,Food,,9/11/25 10:20 AM,9/11/25 10:24 AM,3 minutes and 28 seconds,KDS - Login Don't Delete
12060 Potranco Road,Melissa  Urena,88,,Drive Thru,,9/11/25 10:17 AM,9/11/25 10:24 AM,6 minutes and 50 seconds,KDS - Login Don't Delete
12060 Potranco Road,Melissa  Urena,88,,Food,,9/11/25 10:17 AM,9/11/25 10:24 AM,6 minutes and 50 seconds,KDS - Login Don't Delete
12060 Potranco Road,Lizbeth Garcia,83,4,,1,9/11/25 10:12 AM,9/11/25 10:26 AM,14 minutes and 23 seconds,KDS - Login Don't Delete
12060 Potranco Road,Gabriel Tovar ,87,1,,1,9/11/25 10:14 AM,9/11/25 10:26 AM,11 minutes and 48 seconds,KDS - Login Don't Delete
12060 Potranco Road,Lizbeth Garcia,89,18,,1,9/11/25 10:17 AM,9/11/25 10:26 AM,9 minutes and 13 seconds,KDS - Login Don't Delete
12060 Potranco Road,Lizbeth Garcia,91,25,,1,9/11/25 10:17 AM,9/11/25 10:26 AM,9 minutes and 14 seconds,KDS - Login Don't Delete
12060 Potranco Road,Gabriel Tovar ,90,,,1,9/11/25 10:12 AM,9/11/25 10:26 AM,14 minutes and 15 seconds,KDS - Login Don't Delete
12060 Potranco Road,Carlos Morales,94,,,1,9/11/25 10:19 AM,9/11/25 10:26 AM,7 minutes and 21 seconds,KDS - Login Don't Delete
12060 Potranco Road,Lizbeth Garcia,95,15,No Print,,9/11/25 10:20 AM,9/11/25 10:28 AM,7 minutes and 26 seconds,KDS - Login Don't Delete
12060 Potranco Road,Lizbeth Garcia,95,15,Food,,9/11/25 10:20 AM,9/11/25 10:28 AM,7 minutes and 26 seconds,KDS - Login Don't Delete
12060 Potranco Road,Lizbeth Garcia,95,15,Drive Thru,,9/11/25 10:20 AM,9/11/25 10:28 AM,7 minutes and 26 seconds,KDS - Login Don't Delete
12060 Potranco Road,Melissa  Urena,93,,Drive Thru,,9/11/25 10:19 AM,9/11/25 10:32 AM,13 minutes and 17 seconds,KDS - Login Don't Delete
12060 Potranco Road,Melissa  Urena,93,,Food,,9/11/25 10:19 AM,9/11/25 10:32 AM,13 minutes and 17 seconds,KDS - Login Don't Delete
12060 Potranco Road,Lizbeth Garcia,95,15,,1,9/11/25 10:28 AM,9/11/25 10:33 AM,5 minutes and 8 seconds,KDS - Login Don't Delete
12060 Potranco Road,Melissa  Urena,100,,Drive Thru,,9/11/25 10:30 AM,9/11/25 10:35 AM,5 minutes and 9 seconds,KDS - Login Don't Delete
12060 Potranco Road,Melissa  Urena,100,,Food,,9/11/25 10:30 AM,9/11/25 10:35 AM,5 minutes and 9 seconds,KDS - Login Don't Delete
12060 Potranco Road,Melissa  Urena,103,,Drive Thru,,9/11/25 10:37 AM,9/11/25 10:43 AM,5 minutes and 59 seconds,KDS - Login Don't Delete
12060 Potranco Road,Melissa  Urena,103,,Food,,9/11/25 10:37 AM,9/11/25 10:43 AM,5 minutes and 59 seconds,KDS - Login Don't Delete
12060 Potranco Road,Melissa  Urena,102,,Drive Thru,,9/11/25 10:37 AM,9/11/25 10:43 AM,6 minutes and 44 seconds,KDS - Login Don't Delete
12060 Potranco Road,Melissa  Urena,102,,Food,,9/11/25 10:37 AM,9/11/25 10:43 AM,6 minutes and 44 seconds,KDS - Login Don't Delete
12060 Potranco Road,Melissa  Urena,101,,Food,,9/11/25 10:32 AM,9/11/25 10:43 AM,11 minutes and 17 seconds,KDS - Login Don't Delete
12060 Potranco Road,Melissa  Urena,104,,Drive Thru,,9/11/25 10:39 AM,9/11/25 10:43 AM,4 minutes and 47 seconds,KDS - Login Don't Delete
12060 Potranco Road,Melissa  Urena,104,,Food,,9/11/25 10:39 AM,9/11/25 10:43 AM,4 minutes and 47 seconds,KDS - Login Don't Delete
12060 Potranco Road,Melissa  Urena,103,,Drive Thru,,9/11/25 10:39 AM,9/11/25 10:43 AM,4 minutes and 34 seconds,KDS - Login Don't Delete
12060 Potranco Road,Melissa  Urena,103,,Food,,9/11/25 10:39 AM,9/11/25 10:43 AM,4 minutes and 34 seconds,KDS - Login Don't Delete
12060 Potranco Road,Gabriel Tovar ,99,3,Food,,9/11/25 10:30 AM,9/11/25 10:44 AM,13 minutes and 45 seconds,KDS - Login Don't Delete
12060 Potranco Road,Gabriel Tovar ,99,3,No Print,,9/11/25 10:30 AM,9/11/25 10:44 AM,13 minutes and 45 seconds,KDS - Login Don't Delete
12060 Potranco Road,Melissa  Urena,105,,Drive Thru,,9/11/25 10:39 AM,9/11/25 10:44 AM,4 minutes and 48 seconds,KDS - Login Don't Delete
12060 Potranco Road,Melissa  Urena,105,,Food,,9/11/25 10:39 AM,9/11/25 10:44 AM,4 minutes and 48 seconds,KDS - Login Don't Delete
12060 Potranco Road,Gabriel Tovar ,90,,No Print,,9/11/25 10:45 AM,9/11/25 10:46 AM,26 seconds,KDS - Login Don't Delete
12060 Potranco Road,Gabriel Tovar ,90,,Food,,9/11/25 10:45 AM,9/11/25 10:46 AM,26 seconds,KDS - Login Don't Delete
12060 Potranco Road,Lizbeth Garcia,91,25,No Print,,9/11/25 10:42 AM,9/11/25 10:46 AM,4 minutes and 1 second,KDS - Login Don't Delete
12060 Potranco Road,Lizbeth Garcia,91,25,Food,,9/11/25 10:42 AM,9/11/25 10:46 AM,4 minutes and 1 second,KDS - Login Don't Delete
12060 Potranco Road,Lizbeth Garcia,106,29,No Print,,9/11/25 10:41 AM,9/11/25 10:48 AM,6 minutes and 59 seconds,KDS - Login Don't Delete
12060 Potranco Road,Lizbeth Garcia,106,29,Food,,9/11/25 10:41 AM,9/11/25 10:48 AM,6 minutes and 59 seconds,KDS - Login Don't Delete
12060 Potranco Road,Lizbeth Garcia,106,29,,1,9/11/25 10:48 AM,9/11/25 10:53 AM,4 minutes and 33 seconds,KDS - Login Don't Delete
12060 Potranco Road,Lizbeth Garcia,109,21,No Print,,9/11/25 10:47 AM,9/11/25 10:56 AM,9 minutes and 9 seconds,KDS - Login Don't Delete
12060 Potranco Road,Lizbeth Garcia,109,21,Food,,9/11/25 10:47 AM,9/11/25 10:56 AM,9 minutes and 9 seconds,KDS - Login Don't Delete
12060 Potranco Road,Lizbeth Garcia,109,21,Drive Thru,,9/11/25 10:47 AM,9/11/25 10:56 AM,9 minutes and 9 seconds,KDS - Login Don't Delete
12060 Potranco Road,Gabriel Tovar ,112,16,No Print,,9/11/25 10:52 AM,9/11/25 10:56 AM,3 minutes and 52 seconds,KDS - Login Don't Delete
12060 Potranco Road,Gabriel Tovar ,112,16,Food,,9/11/25 10:52 AM,9/11/25 10:56 AM,3 minutes and 52 seconds,KDS - Login Don't Delete
12060 Potranco Road,Melissa  Urena,107,,Food,,9/11/25 10:48 AM,9/11/25 10:56 AM,8 minutes and 1 second,KDS - Login Don't Delete
12060 Potranco Road,Melissa  Urena,107,,Drive Thru,,9/11/25 10:48 AM,9/11/25 10:56 AM,8 minutes and 1 second,KDS - Login Don't Delete
12060 Potranco Road,Lizbeth Garcia,109,21,,1,9/11/25 10:56 AM,9/11/25 10:57 AM,33 seconds,KDS - Login Don't Delete
12060 Potranco Road,Zoila Salinas,108,,,1,9/11/25 10:52 AM,9/11/25 10:59 AM,6 minutes and 58 seconds,KDS - Login Don't Delete
12060 Potranco Road,Gabriel Tovar ,99,3,,1,9/11/25 10:44 AM,9/11/25 10:59 AM,15 minutes and 41 seconds,KDS - Login Don't Delete
12060 Potranco Road,Gabriel Tovar ,90,,,1,9/11/25 10:46 AM,9/11/25 10:59 AM,13 minutes and 38 seconds,KDS - Login Don't Delete
12060 Potranco Road,Lizbeth Garcia,91,25,,1,9/11/25 10:46 AM,9/11/25 10:59 AM,12 minutes and 51 seconds,KDS - Login Don't Delete
12060 Potranco Road,Gabriel Tovar ,112,16,,1,9/11/25 10:56 AM,9/11/25 10:59 AM,3 minutes and 4 seconds,KDS - Login Don't Delete
12060 Potranco Road,Melissa  Urena,115,,Drive Thru,,9/11/25 11:00 AM,9/11/25 11:11 AM,11 minutes and 12 seconds,KDS - Login Don't Delete
12060 Potranco Road,Melissa  Urena,115,,Food,,9/11/25 11:00 AM,9/11/25 11:11 AM,11 minutes and 12 seconds,KDS - Login Don't Delete
12060 Potranco Road,Melissa  Urena,121,,Drive Thru,,9/11/25 11:08 AM,9/11/25 11:12 AM,3 minutes and 52 seconds,KDS - Login Don't Delete
12060 Potranco Road,Melissa  Urena,121,,Food,,9/11/25 11:08 AM,9/11/25 11:12 AM,3 minutes and 52 seconds,KDS - Login Don't Delete
12060 Potranco Road,Melissa  Urena,117,,Drive Thru,,9/11/25 11:01 AM,9/11/25 11:12 AM,10 minutes and 58 seconds,KDS - Login Don't Delete
12060 Potranco Road,Melissa  Urena,117,,Food,,9/11/25 11:01 AM,9/11/25 11:12 AM,10 minutes and 58 seconds,KDS - Login Don't Delete
12060 Potranco Road,Melissa  Urena,116,,Drive Thru,,9/11/25 11:00 AM,9/11/25 11:12 AM,11 minutes and 28 seconds,KDS - Login Don't Delete
12060 Potranco Road,Melissa  Urena,116,,Food,,9/11/25 11:00 AM,9/11/25 11:12 AM,11 minutes and 28 seconds,KDS - Login Don't Delete
12060 Potranco Road,Melissa  Urena,120,,Drive Thru,,9/11/25 11:05 AM,9/11/25 11:12 AM,7 minutes and 11 seconds,KDS - Login Don't Delete
12060 Potranco Road,Melissa  Urena,120,,Food,,9/11/25 11:05 AM,9/11/25 11:12 AM,7 minutes and 11 seconds,KDS - Login Don't Delete
12060 Potranco Road,Melissa  Urena,120,,Drive Thru,,9/11/25 11:08 AM,9/11/25 11:12 AM,3 minutes and 30 seconds,KDS - Login Don't Delete
12060 Potranco Road,Melissa  Urena,120,,Food,,9/11/25 11:08 AM,9/11/25 11:12 AM,3 minutes and 30 seconds,KDS - Login Don't Delete
12060 Potranco Road,Gabriel Tovar ,118,18,No Print,,9/11/25 11:03 AM,9/11/25 11:15 AM,11 minutes and 35 seconds,KDS - Login Don't Delete
12060 Potranco Road,Gabriel Tovar ,118,18,Food,,9/11/25 11:03 AM,9/11/25 11:15 AM,11 minutes and 35 seconds,KDS - Login Don't Delete
12060 Potranco Road,Lizbeth Garcia,119,25,No Print,,9/11/25 11:05 AM,9/11/25 11:15 AM,9 minutes and 24 seconds,KDS - Login Don't Delete
12060 Potranco Road,Lizbeth Garcia,119,25,Food,,9/11/25 11:05 AM,9/11/25 11:15 AM,9 minutes and 24 seconds,KDS - Login Don't Delete
12060 Potranco Road,Gabriel Tovar ,114,1,No Print,,9/11/25 10:56 AM,9/11/25 11:18 AM,21 minutes and 50 seconds,KDS - Login Don't Delete
12060 Potranco Road,Gabriel Tovar ,114,1,Food,,9/11/25 10:56 AM,9/11/25 11:18 AM,21 minutes and 50 seconds,KDS - Login Don't Delete
12060 Potranco Road,Gabriel Tovar ,114,1,,1,9/11/25 11:18 AM,9/11/25 11:19 AM,1 minute and 24 seconds,KDS - Login Don't Delete
12060 Potranco Road,Gabriel Tovar ,118,18,,1,9/11/25 11:15 AM,9/11/25 11:19 AM,4 minutes and 18 seconds,KDS - Login Don't Delete
12060 Potranco Road,Lizbeth Garcia,119,25,,1,9/11/25 11:15 AM,9/11/25 11:19 AM,4 minutes and 22 seconds,KDS - Login Don't Delete
12060 Potranco Road,Melissa  Urena,123,,Drive Thru,,9/11/25 11:14 AM,9/11/25 11:23 AM,8 minutes and 50 seconds,KDS - Login Don't Delete
12060 Potranco Road,Melissa  Urena,123,,Food,,9/11/25 11:14 AM,9/11/25 11:23 AM,8 minutes and 50 seconds,KDS - Login Don't Delete
12060 Potranco Road,Melissa  Urena,122,,Drive Thru,,9/11/25 11:12 AM,9/11/25 11:23 AM,10 minutes and 5 seconds,KDS - Login Don't Delete
12060 Potranco Road,Melissa  Urena,122,,Food,,9/11/25 11:12 AM,9/11/25 11:23 AM,10 minutes and 5 seconds,KDS - Login Don't Delete
12060 Potranco Road,Melissa  Urena,124,,Drive Thru,,9/11/25 11:14 AM,9/11/25 11:24 AM,9 minutes and 7 seconds,KDS - Login Don't Delete
12060 Potranco Road,Melissa  Urena,124,,Food,,9/11/25 11:14 AM,9/11/25 11:24 AM,9 minutes and 7 seconds,KDS - Login Don't Delete
12060 Potranco Road,Melissa  Urena,124,,Food,,9/11/25 11:15 AM,9/11/25 11:24 AM,8 minutes and 53 seconds,KDS - Login Don't Delete
12060 Potranco Road,Melissa  Urena,125,,Food,,9/11/25 11:16 AM,9/11/25 11:25 AM,9 minutes and 6 seconds,KDS - Login Don't Delete
12060 Potranco Road,Melissa  Urena,125,,Drive Thru,,9/11/25 11:16 AM,9/11/25 11:25 AM,9 minutes and 6 seconds,KDS - Login Don't Delete
12060 Potranco Road,Melissa  Urena,127,,Drive Thru,,9/11/25 11:19 AM,9/11/25 11:26 AM,6 minutes and 14 seconds,KDS - Login Don't Delete
12060 Potranco Road,Melissa  Urena,127,,Food,,9/11/25 11:19 AM,9/11/25 11:26 AM,6 minutes and 14 seconds,KDS - Login Don't Delete
12060 Potranco Road,Melissa  Urena,126,,Drive Thru,,9/11/25 11:17 AM,9/11/25 11:26 AM,9 minutes and 8 seconds,KDS - Login Don't Delete
12060 Potranco Road,Melissa  Urena,126,,Food,,9/11/25 11:17 AM,9/11/25 11:26 AM,9 minutes and 8 seconds,KDS - Login Don't Delete
12060 Potranco Road,Melissa  Urena,131,,Drive Thru,,9/11/25 11:21 AM,9/11/25 11:30 AM,8 minutes and 40 seconds,KDS - Login Don't Delete
12060 Potranco Road,Melissa  Urena,131,,Food,,9/11/25 11:21 AM,9/11/25 11:30 AM,8 minutes and 40 seconds,KDS - Login Don't Delete
12060 Potranco Road,Melissa  Urena,128,,Drive Thru,,9/11/25 11:21 AM,9/11/25 11:30 AM,9 minutes and 16 seconds,KDS - Login Don't Delete
12060 Potranco Road,Melissa  Urena,128,,Food,,9/11/25 11:21 AM,9/11/25 11:30 AM,9 minutes and 16 seconds,KDS - Login Don't Delete
12060 Potranco Road,Carlos Morales,129,,,1,9/11/25 11:21 AM,9/11/25 11:32 AM,10 minutes and 43 seconds,KDS - Login Don't Delete
12060 Potranco Road,Gabriel Tovar ,133,,No Print,,9/11/25 11:25 AM,9/11/25 11:36 AM,10 minutes and 56 seconds,KDS - Login Don't Delete
12060 Potranco Road,Gabriel Tovar ,133,,Food,,9/11/25 11:25 AM,9/11/25 11:36 AM,10 minutes and 56 seconds,KDS - Login Don't Delete
12060 Potranco Road,Lizbeth Garcia,137,2,No Print,,9/11/25 11:29 AM,9/11/25 11:43 AM,14 minutes and 51 seconds,KDS - Login Don't Delete
12060 Potranco Road,Lizbeth Garcia,137,2,Food,,9/11/25 11:29 AM,9/11/25 11:43 AM,14 minutes and 51 seconds,KDS - Login Don't Delete
12060 Potranco Road,Gabriel Tovar ,114,1,Food,,9/11/25 11:39 AM,9/11/25 11:44 AM,4 minutes and 44 seconds,KDS - Login Don't Delete
12060 Potranco Road,Lizbeth Garcia,119,25,Food,,9/11/25 11:42 AM,9/11/25 11:44 AM,2 minutes and 4 seconds,KDS - Login Don't Delete
12060 Potranco Road,Zoila Salinas,141,,Drive Thru,,9/11/25 11:33 AM,9/11/25 11:44 AM,11 minutes and 10 seconds,KDS - Login Don't Delete
12060 Potranco Road,Zoila Salinas,141,,Food,,9/11/25 11:33 AM,9/11/25 11:44 AM,11 minutes and 10 seconds,KDS - Login Don't Delete
12060 Potranco Road,Gabriel Tovar ,138,,Drive Thru,,9/11/25 11:31 AM,9/11/25 11:44 AM,13 minutes and 51 seconds,KDS - Login Don't Delete
12060 Potranco Road,Gabriel Tovar ,138,,Food,,9/11/25 11:31 AM,9/11/25 11:44 AM,13 minutes and 51 seconds,KDS - Login Don't Delete
12060 Potranco Road,Lizbeth Garcia,143,23,No Print,,9/11/25 11:43 AM,9/11/25 11:49 AM,6 minutes and 35 seconds,KDS - Login Don't Delete
12060 Potranco Road,Lizbeth Garcia,143,23,Food,,9/11/25 11:43 AM,9/11/25 11:49 AM,6 minutes and 35 seconds,KDS - Login Don't Delete
12060 Potranco Road,Carlos Morales,146,,,1,9/11/25 11:45 AM,9/11/25 11:50 AM,5 minutes and 14 seconds,KDS - Login Don't Delete
12060 Potranco Road,Carlos Morales,144,,,1,9/11/25 11:44 AM,9/11/25 11:50 AM,6 minutes and 21 seconds,KDS - Login Don't Delete
12060 Potranco Road,Lizbeth Garcia,137,2,,1,9/11/25 11:43 AM,9/11/25 11:53 AM,9 minutes and 8 seconds,KDS - Login Don't Delete
12060 Potranco Road,Gabriel Tovar ,133,,,1,9/11/25 11:36 AM,9/11/25 11:53 AM,16 minutes and 22 seconds,KDS - Login Don't Delete
12060 Potranco Road,Gabriel Tovar ,138,,,1,9/11/25 11:44 AM,9/11/25 11:53 AM,8 minutes and 7 seconds,KDS - Login Don't Delete
12060 Potranco Road,Lizbeth Garcia,119,25,,1,9/11/25 11:44 AM,9/11/25 11:53 AM,8 minutes and 59 seconds,KDS - Login Don't Delete
12060 Potranco Road,Zoila Salinas,141,,,1,9/11/25 11:44 AM,9/11/25 11:53 AM,8 minutes and 7 seconds,KDS - Login Don't Delete
12060 Potranco Road,Gabriel Tovar ,114,1,,1,9/11/25 11:44 AM,9/11/25 11:53 AM,9 minutes,KDS - Login Don't Delete
12060 Potranco Road,Lizbeth Garcia,143,23,,1,9/11/25 11:49 AM,9/11/25 11:53 AM,3 minutes and 27 seconds,KDS - Login Don't Delete
12060 Potranco Road,Gabriel Tovar ,134,,Drive Thru,,9/11/25 11:26 AM,9/11/25 11:54 AM,27 minutes and 41 seconds,KDS - Login Don't Delete
12060 Potranco Road,Gabriel Tovar ,134,,Food,,9/11/25 11:26 AM,9/11/25 11:54 AM,27 minutes and 41 seconds,KDS - Login Don't Delete
12060 Potranco Road,Gabriel Tovar ,134,,,1,9/11/25 11:54 AM,9/11/25 11:55 AM,1 minute and 6 seconds,KDS - Login Don't Delete
12060 Potranco Road,Gabriel Tovar ,149,16,,1,9/11/25 11:50 AM,9/11/25 11:55 AM,5 minutes and 3 seconds,KDS - Login Don't Delete
12060 Potranco Road,Melissa  Urena,139,,Drive Thru,,9/11/25 11:31 AM,9/11/25 11:57 AM,26 minutes,KDS - Login Don't Delete
12060 Potranco Road,Melissa  Urena,139,,Food,,9/11/25 11:31 AM,9/11/25 11:57 AM,26 minutes,KDS - Login Don't Delete
12060 Potranco Road,Melissa  Urena,136,,Drive Thru,,9/11/25 11:28 AM,9/11/25 11:57 AM,28 minutes and 16 seconds,KDS - Login Don't Delete
12060 Potranco Road,Melissa  Urena,136,,Food,,9/11/25 11:28 AM,9/11/25 11:57 AM,28 minutes and 16 seconds,KDS - Login Don't Delete
12060 Potranco Road,Gabriel Tovar ,142,35,No Print,,9/11/25 11:44 AM,9/11/25 11:57 AM,12 minutes and 30 seconds,KDS - Login Don't Delete
12060 Potranco Road,Gabriel Tovar ,142,35,Food,,9/11/25 11:44 AM,9/11/25 11:57 AM,12 minutes and 30 seconds,KDS - Login Don't Delete
12060 Potranco Road,Melissa  Urena,147,3,No Print,,9/11/25 11:45 AM,9/11/25 11:57 AM,11 minutes and 44 seconds,KDS - Login Don't Delete
12060 Potranco Road,Melissa  Urena,147,3,Food,,9/11/25 11:45 AM,9/11/25 11:57 AM,11 minutes and 44 seconds,KDS - Login Don't Delete
12060 Potranco Road,Melissa  Urena,147,3,,1,9/11/25 11:57 AM,9/11/25 12:00 PM,3 minutes and 7 seconds,KDS - Login Don't Delete
12060 Potranco Road,Gabriel Tovar ,142,35,,1,9/11/25 11:57 AM,9/11/25 12:00 PM,3 minutes and 9 seconds,KDS - Login Don't Delete
12060 Potranco Road,Gabriel Tovar ,114,1,,1,9/11/25 11:49 AM,9/11/25 12:00 PM,10 minutes and 51 seconds,KDS - Login Don't Delete
12060 Potranco Road,Gabriel Tovar ,149,16,,1,9/11/25 11:56 AM,9/11/25 12:00 PM,3 minutes and 52 seconds,KDS - Login Don't Delete
12060 Potranco Road,Lizbeth Garcia,119,25,,1,9/11/25 11:53 AM,9/11/25 12:00 PM,7 minutes and 8 seconds,KDS - Login Don't Delete
12060 Potranco Road,Melissa  Urena,150,,Food,,9/11/25 11:50 AM,9/11/25 12:01 PM,10 minutes and 17 seconds,KDS - Login Don't Delete
12060 Potranco Road,Melissa  Urena,150,,Drive Thru,,9/11/25 11:50 AM,9/11/25 12:01 PM,10 minutes and 17 seconds,KDS - Login Don't Delete
12060 Potranco Road,Lizbeth Garcia,119,25,No Print,,9/11/25 11:57 AM,9/11/25 12:03 PM,5 minutes and 51 seconds,KDS - Login Don't Delete
12060 Potranco Road,Lizbeth Garcia,119,25,Food,,9/11/25 11:57 AM,9/11/25 12:03 PM,5 minutes and 51 seconds,KDS - Login Don't Delete
12060 Potranco Road,Lizbeth Garcia,145,27,No Print,,9/11/25 11:46 AM,9/11/25 12:03 PM,17 minutes and 38 seconds,KDS - Login Don't Delete
12060 Potranco Road,Lizbeth Garcia,145,27,Food,,9/11/25 11:46 AM,9/11/25 12:03 PM,17 minutes and 38 seconds,KDS - Login Don't Delete
12060 Potranco Road,Melissa  Urena,153,,Drive Thru,,9/11/25 12:00 PM,9/11/25 12:06 PM,6 minutes and 10 seconds,KDS - Login Don't Delete
12060 Potranco Road,Melissa  Urena,151,,Drive Thru,,9/11/25 11:54 AM,9/11/25 12:06 PM,12 minutes and 6 seconds,KDS - Login Don't Delete
12060 Potranco Road,Melissa  Urena,151,,Food,,9/11/25 11:54 AM,9/11/25 12:06 PM,12 minutes and 6 seconds,KDS - Login Don't Delete
12060 Potranco Road,Melissa  Urena,153,,Food,,9/11/25 12:00 PM,9/11/25 12:06 PM,6 minutes and 10 seconds,KDS - Login Don't Delete
12060 Potranco Road,Gabriel Tovar ,149,16,No Print,,9/11/25 12:05 PM,9/11/25 12:16 PM,10 minutes and 49 seconds,KDS - Login Don't Delete
12060 Potranco Road,Gabriel Tovar ,149,16,Food,,9/11/25 12:05 PM,9/11/25 12:16 PM,10 minutes and 49 seconds,KDS - Login Don't Delete
12060 Potranco Road,Zoila Salinas,155,,No Print,,9/11/25 12:07 PM,9/11/25 12:17 PM,10 minutes and 35 seconds,KDS - Login Don't Delete
12060 Potranco Road,Zoila Salinas,155,,Drive Thru,,9/11/25 12:07 PM,9/11/25 12:17 PM,10 minutes and 35 seconds,KDS - Login Don't Delete
12060 Potranco Road,Zoila Salinas,155,,Food,,9/11/25 12:07 PM,9/11/25 12:17 PM,10 minutes and 35 seconds,KDS - Login Don't Delete
12060 Potranco Road,Zoila Salinas,155,,Drinks,,9/11/25 12:07 PM,9/11/25 12:17 PM,10 minutes and 35 seconds,KDS - Login Don't Delete
12060 Potranco Road,Melissa  Urena,154,,Drive Thru,,9/11/25 12:05 PM,9/11/25 12:18 PM,12 minutes and 28 seconds,KDS - Login Don't Delete
12060 Potranco Road,Melissa  Urena,154,,Food,,9/11/25 12:05 PM,9/11/25 12:18 PM,12 minutes and 28 seconds,KDS - Login Don't Delete
12060 Potranco Road,Melissa  Urena,158,,Drive Thru,,9/11/25 12:08 PM,9/11/25 12:18 PM,10 minutes,KDS - Login Don't Delete
12060 Potranco Road,Melissa  Urena,158,,Food,,9/11/25 12:08 PM,9/11/25 12:18 PM,10 minutes,KDS - Login Don't Delete
12060 Potranco Road,Melissa  Urena,159,,Drive Thru,,9/11/25 12:09 PM,9/11/25 12:18 PM,8 minutes and 4 seconds,KDS - Login Don't Delete
12060 Potranco Road,Melissa  Urena,159,,Food,,9/11/25 12:09 PM,9/11/25 12:18 PM,8 minutes and 4 seconds,KDS - Login Don't Delete
12060 Potranco Road,Melissa  Urena,163,,Food,,9/11/25 12:17 PM,9/11/25 12:21 PM,3 minutes and 25 seconds,KDS - Login Don't Delete
12060 Potranco Road,Lizbeth Garcia,119,25,,1,9/11/25 12:03 PM,9/11/25 12:27 PM,23 minutes and 16 seconds,KDS - Login Don't Delete
12060 Potranco Road,Lizbeth Garcia,145,27,,1,9/11/25 12:03 PM,9/11/25 12:27 PM,23 minutes and 14 seconds,KDS - Login Don't Delete
12060 Potranco Road,Gabriel Tovar ,149,16,,1,9/11/25 12:16 PM,9/11/25 12:27 PM,10 minutes and 54 seconds,KDS - Login Don't Delete
12060 Potranco Road,Zoila Salinas,155,,,1,9/11/25 12:17 PM,9/11/25 12:27 PM,9 minutes and 13 seconds,KDS - Login Don't Delete
12060 Potranco Road,Lizbeth Garcia,167,3,,1,9/11/25 12:25 PM,9/11/25 12:34 PM,9 minutes and 9 seconds,KDS - Login Don't Delete
12060 Potranco Road,Gabriel Tovar ,165,21,Food,,9/11/25 12:22 PM,9/11/25 12:35 PM,12 minutes and 24 seconds,KDS - Login Don't Delete
12060 Potranco Road,Gabriel Tovar ,165,21,No Print,,9/11/25 12:22 PM,9/11/25 12:35 PM,12 minutes and 24 seconds,KDS - Login Don't Delete
12060 Potranco Road,Gabriel Tovar ,165,21,No Print,,9/11/25 12:28 PM,9/11/25 12:36 PM,7 minutes and 56 seconds,KDS - Login Don't Delete
12060 Potranco Road,Gabriel Tovar ,165,21,Food,,9/11/25 12:28 PM,9/11/25 12:36 PM,7 minutes and 56 seconds,KDS - Login Don't Delete
12060 Potranco Road,Gabriel Tovar ,165,21,,1,9/11/25 12:36 PM,9/11/25 12:36 PM,8 seconds,KDS - Login Don't Delete
12060 Potranco Road,Gabriel Tovar ,165,21,,1,9/11/25 12:35 PM,9/11/25 12:36 PM,1 minute and 8 seconds,KDS - Login Don't Delete
12060 Potranco Road,Melissa  Urena,164,,Drive Thru,,9/11/25 12:24 PM,9/11/25 12:41 PM,16 minutes and 54 seconds,KDS - Login Don't Delete
12060 Potranco Road,Melissa  Urena,164,,Food,,9/11/25 12:24 PM,9/11/25 12:41 PM,16 minutes and 54 seconds,KDS - Login Don't Delete
12060 Potranco Road,Melissa  Urena,169,,Drive Thru,,9/11/25 12:27 PM,9/11/25 12:41 PM,13 minutes and 56 seconds,KDS - Login Don't Delete
12060 Potranco Road,Melissa  Urena,169,,Food,,9/11/25 12:27 PM,9/11/25 12:41 PM,13 minutes and 56 seconds,KDS - Login Don't Delete
12060 Potranco Road,Melissa  Urena,172,,Drive Thru,,9/11/25 12:32 PM,9/11/25 12:41 PM,8 minutes and 35 seconds,KDS - Login Don't Delete
12060 Potranco Road,Melissa  Urena,172,,Food,,9/11/25 12:32 PM,9/11/25 12:41 PM,8 minutes and 35 seconds,KDS - Login Don't Delete
12060 Potranco Road,Melissa  Urena,173,,Food,,9/11/25 12:32 PM,9/11/25 12:41 PM,8 minutes and 21 seconds,KDS - Login Don't Delete
12060 Potranco Road,Melissa  Urena,173,,Drive Thru,,9/11/25 12:32 PM,9/11/25 12:41 PM,8 minutes and 21 seconds,KDS - Login Don't Delete
12060 Potranco Road,Lizbeth Garcia,171,12,No Print,,9/11/25 12:34 PM,9/11/25 12:42 PM,8 minutes and 5 seconds,KDS - Login Don't Delete
12060 Potranco Road,Lizbeth Garcia,171,12,Food,,9/11/25 12:34 PM,9/11/25 12:42 PM,8 minutes and 5 seconds,KDS - Login Don't Delete
12060 Potranco Road,Gabriel Tovar ,170,32,No Print,,9/11/25 12:30 PM,9/11/25 12:42 PM,11 minutes and 38 seconds,KDS - Login Don't Delete
12060 Potranco Road,Gabriel Tovar ,170,32,Food,,9/11/25 12:30 PM,9/11/25 12:42 PM,11 minutes and 38 seconds,KDS - Login Don't Delete
12060 Potranco Road,Gabriel Tovar ,170,32,Drive Thru,,9/11/25 12:30 PM,9/11/25 12:42 PM,11 minutes and 38 seconds,KDS - Login Don't Delete
12060 Potranco Road,Lizbeth Garcia,166,,Drive Thru,,9/11/25 12:23 PM,9/11/25 12:42 PM,18 minutes and 51 seconds,KDS - Login Don't Delete
12060 Potranco Road,Lizbeth Garcia,166,,Food,,9/11/25 12:23 PM,9/11/25 12:42 PM,18 minutes and 51 seconds,KDS - Login Don't Delete
12060 Potranco Road,Melissa  Urena,173,,Drive Thru,,9/11/25 12:35 PM,9/11/25 12:43 PM,7 minutes and 54 seconds,KDS - Login Don't Delete
12060 Potranco Road,Melissa  Urena,173,,Food,,9/11/25 12:35 PM,9/11/25 12:43 PM,7 minutes and 54 seconds,KDS - Login Don't Delete
12060 Potranco Road,Melissa  Urena,175,,Food,,9/11/25 12:40 PM,9/11/25 12:43 PM,3 minutes and 17 seconds,KDS - Login Don't Delete
12060 Potranco Road,Melissa  Urena,177,,Drive Thru,,9/11/25 12:44 PM,9/11/25 12:52 PM,7 minutes and 58 seconds,KDS - Login Don't Delete
12060 Potranco Road,Melissa  Urena,177,,Food,,9/11/25 12:44 PM,9/11/25 12:52 PM,7 minutes and 58 seconds,KDS - Login Don't Delete
12060 Potranco Road,Melissa  Urena,176,,Drive Thru,,9/11/25 12:43 PM,9/11/25 12:52 PM,9 minutes and 3 seconds,KDS - Login Don't Delete
12060 Potranco Road,Melissa  Urena,176,,Food,,9/11/25 12:43 PM,9/11/25 12:52 PM,9 minutes and 3 seconds,KDS - Login Don't Delete
12060 Potranco Road,Gabriel Tovar ,178,4,No Print,,9/11/25 12:44 PM,9/11/25 12:56 PM,11 minutes and 28 seconds,KDS - Login Don't Delete
12060 Potranco Road,Gabriel Tovar ,178,4,Food,,9/11/25 12:44 PM,9/11/25 12:56 PM,11 minutes and 28 seconds,KDS - Login Don't Delete
12060 Potranco Road,Melissa  Urena,187,,Drive Thru,,9/11/25 12:51 PM,9/11/25 12:58 PM,6 minutes and 49 seconds,KDS - Login Don't Delete
12060 Potranco Road,Melissa  Urena,187,,Food,,9/11/25 12:51 PM,9/11/25 12:58 PM,6 minutes and 49 seconds,KDS - Login Don't Delete
12060 Potranco Road,Lizbeth Garcia,190,16,No Print,,9/11/25 12:56 PM,9/11/25 1:06 PM,9 minutes and 58 seconds,KDS - Login Don't Delete
12060 Potranco Road,Lizbeth Garcia,190,16,Food,,9/11/25 12:56 PM,9/11/25 1:06 PM,9 minutes and 58 seconds,KDS - Login Don't Delete
12060 Potranco Road,Gabriel Tovar ,191,,No Print,,9/11/25 12:58 PM,9/11/25 1:06 PM,8 minutes and 19 seconds,KDS - Login Don't Delete
12060 Potranco Road,Gabriel Tovar ,191,,Food,,9/11/25 12:58 PM,9/11/25 1:06 PM,8 minutes and 19 seconds,KDS - Login Don't Delete
12060 Potranco Road,Lizbeth Garcia,166,,,1,9/11/25 12:42 PM,9/11/25 1:07 PM,25 minutes and 6 seconds,KDS - Login Don't Delete
12060 Potranco Road,Gabriel Tovar ,170,32,,1,9/11/25 12:42 PM,9/11/25 1:07 PM,25 minutes and 11 seconds,KDS - Login Don't Delete
12060 Potranco Road,Gabriel Tovar ,178,4,,1,9/11/25 12:56 PM,9/11/25 1:07 PM,11 minutes and 15 seconds,KDS - Login Don't Delete
12060 Potranco Road,Lizbeth Garcia,171,12,,1,9/11/25 12:42 PM,9/11/25 1:07 PM,25 minutes and 13 seconds,KDS - Login Don't Delete
12060 Potranco Road,Gabriel Tovar ,191,,,1,9/11/25 1:06 PM,9/11/25 1:07 PM,54 seconds,KDS - Login Don't Delete
12060 Potranco Road,Lizbeth Garcia,190,16,,1,9/11/25 1:06 PM,9/11/25 1:07 PM,52 seconds,KDS - Login Don't Delete
12060 Potranco Road,Melissa  Urena,193,,Drive Thru,,9/11/25 1:04 PM,9/11/25 1:14 PM,10 minutes and 7 seconds,KDS - Login Don't Delete
12060 Potranco Road,Melissa  Urena,193,,Food,,9/11/25 1:04 PM,9/11/25 1:14 PM,10 minutes and 7 seconds,KDS - Login Don't Delete
12060 Potranco Road,Melissa  Urena,193,,Drive Thru,,9/11/25 1:08 PM,9/11/25 1:14 PM,5 minutes and 51 seconds,KDS - Login Don't Delete
12060 Potranco Road,Melissa  Urena,193,,Food,,9/11/25 1:08 PM,9/11/25 1:14 PM,5 minutes and 51 seconds,KDS - Login Don't Delete
12060 Potranco Road,Melissa  Urena,189,,Drive Thru,,9/11/25 12:57 PM,9/11/25 1:14 PM,16 minutes and 57 seconds,KDS - Login Don't Delete
12060 Potranco Road,Melissa  Urena,189,,Food,,9/11/25 12:57 PM,9/11/25 1:14 PM,16 minutes and 57 seconds,KDS - Login Don't Delete
12060 Potranco Road,Carlos Morales,179,,Drive Thru,,9/11/25 12:49 PM,9/11/25 1:14 PM,24 minutes and 54 seconds,KDS - Login Don't Delete
12060 Potranco Road,Carlos Morales,179,,Food,,9/11/25 12:49 PM,9/11/25 1:14 PM,24 minutes and 54 seconds,KDS - Login Don't Delete
12060 Potranco Road,Lizbeth Garcia,190,16,No Print,,9/11/25 1:06 PM,9/11/25 1:29 PM,23 minutes and 7 seconds,KDS - Login Don't Delete
12060 Potranco Road,Lizbeth Garcia,190,16,Food,,9/11/25 1:06 PM,9/11/25 1:29 PM,23 minutes and 7 seconds,KDS - Login Don't Delete
12060 Potranco Road,Melissa  Urena,197,,No Print,,9/11/25 1:32 PM,9/11/25 1:44 PM,11 minutes and 39 seconds,KDS - Login Don't Delete
12060 Potranco Road,Melissa  Urena,197,,Drive Thru,,9/11/25 1:32 PM,9/11/25 1:44 PM,11 minutes and 39 seconds,KDS - Login Don't Delete
12060 Potranco Road,Melissa  Urena,197,,Food,,9/11/25 1:32 PM,9/11/25 1:44 PM,11 minutes and 39 seconds,KDS - Login Don't Delete
12060 Potranco Road,Melissa  Urena,197,,Drinks,,9/11/25 1:32 PM,9/11/25 1:44 PM,11 minutes and 39 seconds,KDS - Login Don't Delete
12060 Potranco Road,Melissa  Urena,195,,Drive Thru,,9/11/25 1:26 PM,9/11/25 1:44 PM,17 minutes and 42 seconds,KDS - Login Don't Delete
12060 Potranco Road,Melissa  Urena,195,,Food,,9/11/25 1:26 PM,9/11/25 1:44 PM,17 minutes and 42 seconds,KDS - Login Don't Delete
12060 Potranco Road,Melissa  Urena,196,,Drive Thru,,9/11/25 1:30 PM,9/11/25 1:44 PM,14 minutes and 6 seconds,KDS - Login Don't Delete
12060 Potranco Road,Melissa  Urena,196,,Food,,9/11/25 1:30 PM,9/11/25 1:44 PM,14 minutes and 6 seconds,KDS - Login Don't Delete
12060 Potranco Road,Lizbeth Garcia,200,2,No Print,,9/11/25 1:56 PM,9/11/25 2:01 PM,5 minutes and 4 seconds,KDS - Login Don't Delete
12060 Potranco Road,Lizbeth Garcia,200,2,Food,,9/11/25 1:56 PM,9/11/25 2:01 PM,5 minutes and 4 seconds,KDS - Login Don't Delete
12060 Potranco Road,Melissa  Urena,199,,Drive Thru,,9/11/25 1:51 PM,9/11/25 2:07 PM,15 minutes and 39 seconds,KDS - Login Don't Delete
12060 Potranco Road,Melissa  Urena,199,,Food,,9/11/25 1:51 PM,9/11/25 2:07 PM,15 minutes and 39 seconds,KDS - Login Don't Delete
12060 Potranco Road,Emanuel Sanchez,203,23,No Print,,9/11/25 2:00 PM,9/11/25 2:07 PM,7 minutes and 5 seconds,KDS - Login Don't Delete
12060 Potranco Road,Emanuel Sanchez,203,23,Food,,9/11/25 2:00 PM,9/11/25 2:07 PM,7 minutes and 5 seconds,KDS - Login Don't Delete
12060 Potranco Road,Melissa  Urena,198,,Food,,9/11/25 1:39 PM,9/11/25 2:07 PM,27 minutes and 50 seconds,KDS - Login Don't Delete
12060 Potranco Road,Melissa  Urena,198,,Drive Thru,,9/11/25 1:39 PM,9/11/25 2:07 PM,27 minutes and 50 seconds,KDS - Login Don't Delete
12060 Potranco Road,Melissa  Urena,199,,Drive Thru,,9/11/25 1:52 PM,9/11/25 2:07 PM,15 minutes and 17 seconds,KDS - Login Don't Delete
12060 Potranco Road,Melissa  Urena,199,,Food,,9/11/25 1:52 PM,9/11/25 2:07 PM,15 minutes and 17 seconds,KDS - Login Don't Delete
12060 Potranco Road,Melissa  Urena,202,,Drive Thru,,9/11/25 2:01 PM,9/11/25 2:07 PM,5 minutes and 32 seconds,KDS - Login Don't Delete
12060 Potranco Road,Melissa  Urena,202,,Food,,9/11/25 2:01 PM,9/11/25 2:07 PM,5 minutes and 32 seconds,KDS - Login Don't Delete
12060 Potranco Road,Melissa  Urena,204,,Drive Thru,,9/11/25 2:05 PM,9/11/25 2:07 PM,2 minutes and 22 seconds,KDS - Login Don't Delete
12060 Potranco Road,Melissa  Urena,204,,Food,,9/11/25 2:05 PM,9/11/25 2:07 PM,2 minutes and 22 seconds,KDS - Login Don't Delete
12060 Potranco Road,Emanuel Sanchez,206,16,No Print,,9/11/25 2:09 PM,9/11/25 2:18 PM,9 minutes and 29 seconds,KDS - Login Don't Delete
12060 Potranco Road,Emanuel Sanchez,206,16,Food,,9/11/25 2:09 PM,9/11/25 2:18 PM,9 minutes and 29 seconds,KDS - Login Don't Delete
12060 Potranco Road,Carlos Morales,179,,,1,9/11/25 1:14 PM,9/11/25 2:19 PM,"1 hour, 4 minutes and 28 seconds",KDS - Login Don't Delete
12060 Potranco Road,Lizbeth Garcia,200,2,,1,9/11/25 2:01 PM,9/11/25 2:19 PM,17 minutes and 19 seconds,KDS - Login Don't Delete
12060 Potranco Road,Lizbeth Garcia,190,16,,1,9/11/25 1:29 PM,9/11/25 2:19 PM,49 minutes and 58 seconds,KDS - Login Don't Delete
12060 Potranco Road,Emanuel Sanchez,203,23,,1,9/11/25 2:07 PM,9/11/25 2:19 PM,11 minutes and 58 seconds,KDS - Login Don't Delete
12060 Potranco Road,Emanuel Sanchez,206,16,,1,9/11/25 2:18 PM,9/11/25 2:19 PM,27 seconds,KDS - Login Don't Delete
12060 Potranco Road,Emanuel Sanchez,209,3,No Print,,9/11/25 2:26 PM,9/11/25 2:31 PM,5 minutes and 5 seconds,KDS - Login Don't Delete
12060 Potranco Road,Emanuel Sanchez,209,3,Food,,9/11/25 2:26 PM,9/11/25 2:31 PM,5 minutes and 5 seconds,KDS - Login Don't Delete
12060 Potranco Road,Mario Jimenez,210,,Drive Thru,,9/11/25 2:31 PM,9/11/25 2:35 PM,4 minutes and 38 seconds,KDS - Login Don't Delete
12060 Potranco Road,Mario Jimenez,210,,Food,,9/11/25 2:31 PM,9/11/25 2:35 PM,4 minutes and 38 seconds,KDS - Login Don't Delete
12060 Potranco Road,Emanuel Sanchez,213,12,No Print,,9/11/25 2:42 PM,9/11/25 2:50 PM,7 minutes and 12 seconds,KDS - Login Don't Delete
12060 Potranco Road,Emanuel Sanchez,213,12,Food,,9/11/25 2:42 PM,9/11/25 2:50 PM,7 minutes and 12 seconds,KDS - Login Don't Delete
12060 Potranco Road,Mario Jimenez,214,,Drive Thru,,9/11/25 2:49 PM,9/11/25 2:51 PM,1 minute and 42 seconds,KDS - Login Don't Delete
12060 Potranco Road,Mario Jimenez,214,,Food,,9/11/25 2:49 PM,9/11/25 2:51 PM,1 minute and 42 seconds,KDS - Login Don't Delete
12060 Potranco Road,Mario Jimenez,217,,Drive Thru,,9/11/25 3:08 PM,9/11/25 3:11 PM,3 minutes and 16 seconds,KDS - Login Don't Delete
12060 Potranco Road,Mario Jimenez,217,,Food,,9/11/25 3:08 PM,9/11/25 3:11 PM,3 minutes and 16 seconds,KDS - Login Don't Delete
12060 Potranco Road,Emanuel Sanchez,213,12,,1,9/11/25 2:50 PM,9/11/25 3:11 PM,21 minutes and 41 seconds,KDS - Login Don't Delete
12060 Potranco Road,Emanuel Sanchez,209,3,,1,9/11/25 2:31 PM,9/11/25 3:11 PM,40 minutes and 32 seconds,KDS - Login Don't Delete
12060 Potranco Road,Emanuel Sanchez,215,15,No Print,,9/11/25 2:58 PM,9/11/25 3:15 PM,16 minutes and 29 seconds,KDS - Login Don't Delete
12060 Potranco Road,Emanuel Sanchez,215,15,Food,,9/11/25 2:58 PM,9/11/25 3:15 PM,16 minutes and 29 seconds,KDS - Login Don't Delete
12060 Potranco Road,Emanuel Sanchez,215,15,Drive Thru,,9/11/25 2:58 PM,9/11/25 3:15 PM,16 minutes and 29 seconds,KDS - Login Don't Delete
12060 Potranco Road,Mario Jimenez,218,,Drive Thru,,9/11/25 3:23 PM,9/11/25 3:30 PM,7 minutes and 2 seconds,KDS - Login Don't Delete
12060 Potranco Road,Mario Jimenez,218,,Food,,9/11/25 3:23 PM,9/11/25 3:30 PM,7 minutes and 2 seconds,KDS - Login Don't Delete
12060 Potranco Road,Emanuel Sanchez,216,1,No Print,,9/11/25 3:04 PM,9/11/25 3:31 PM,27 minutes and 17 seconds,KDS - Login Don't Delete
12060 Potranco Road,Emanuel Sanchez,216,1,Food,,9/11/25 3:04 PM,9/11/25 3:31 PM,27 minutes and 17 seconds,KDS - Login Don't Delete
12060 Potranco Road,Emanuel Sanchez,215,15,,1,9/11/25 3:15 PM,9/11/25 3:33 PM,17 minutes and 49 seconds,KDS - Login Don't Delete
12060 Potranco Road,Emanuel Sanchez,216,1,,1,9/11/25 3:31 PM,9/11/25 3:33 PM,1 minute and 20 seconds,KDS - Login Don't Delete
12060 Potranco Road,Mario Jimenez,219,,Drive Thru,,9/11/25 3:33 PM,9/11/25 3:38 PM,4 minutes and 16 seconds,KDS - Login Don't Delete
12060 Potranco Road,Mario Jimenez,219,,Food,,9/11/25 3:33 PM,9/11/25 3:38 PM,4 minutes and 16 seconds,KDS - Login Don't Delete
12060 Potranco Road,Mario Jimenez,219,,No Print,,9/11/25 3:33 PM,9/11/25 3:38 PM,4 minutes and 16 seconds,KDS - Login Don't Delete
12060 Potranco Road,Mario Jimenez,219,,Drinks,,9/11/25 3:33 PM,9/11/25 3:38 PM,4 minutes and 16 seconds,KDS - Login Don't Delete
12060 Potranco Road,Emanuel Sanchez,215,15,,1,9/11/25 3:37 PM,9/11/25 3:54 PM,17 minutes,KDS - Login Don't Delete
12060 Potranco Road,Adrian Morales,222,12,No Print,,9/11/25 3:58 PM,9/11/25 4:01 PM,2 minutes and 12 seconds,KDS - Login Don't Delete
12060 Potranco Road,Adrian Morales,222,12,Food,,9/11/25 3:58 PM,9/11/25 4:01 PM,2 minutes and 12 seconds,KDS - Login Don't Delete
12060 Potranco Road,Adrian Morales,222,12,No Print,,9/11/25 4:04 PM,9/11/25 4:11 PM,6 minutes and 47 seconds,KDS - Login Don't Delete
12060 Potranco Road,Adrian Morales,222,12,Food,,9/11/25 4:04 PM,9/11/25 4:11 PM,6 minutes and 47 seconds,KDS - Login Don't Delete
12060 Potranco Road,Emanuel Sanchez,221,20,No Print,,9/11/25 4:00 PM,9/11/25 4:11 PM,10 minutes and 56 seconds,KDS - Login Don't Delete
12060 Potranco Road,Emanuel Sanchez,221,20,Food,,9/11/25 4:00 PM,9/11/25 4:11 PM,10 minutes and 56 seconds,KDS - Login Don't Delete
12060 Potranco Road,Adrian Morales,223,2,No Print,,9/11/25 4:14 PM,9/11/25 4:20 PM,6 minutes and 9 seconds,KDS - Login Don't Delete
12060 Potranco Road,Adrian Morales,223,2,Food,,9/11/25 4:14 PM,9/11/25 4:20 PM,6 minutes and 9 seconds,KDS - Login Don't Delete
12060 Potranco Road,Adrian Morales,222,12,,1,9/11/25 4:11 PM,9/11/25 4:21 PM,9 minutes and 20 seconds,KDS - Login Don't Delete
12060 Potranco Road,Adrian Morales,222,12,,1,9/11/25 4:01 PM,9/11/25 4:21 PM,19 minutes and 58 seconds,KDS - Login Don't Delete
12060 Potranco Road,Emanuel Sanchez,221,20,,1,9/11/25 4:11 PM,9/11/25 4:21 PM,9 minutes and 21 seconds,KDS - Login Don't Delete
12060 Potranco Road,Emanuel Sanchez,226,14,Drive Thru,,9/11/25 4:27 PM,9/11/25 4:28 PM,47 seconds,KDS - Login Don't Delete
12060 Potranco Road,Emanuel Sanchez,226,14,Food,,9/11/25 4:27 PM,9/11/25 4:28 PM,47 seconds,KDS - Login Don't Delete
12060 Potranco Road,Emanuel Sanchez,226,14,No Print,,9/11/25 4:25 PM,9/11/25 4:30 PM,5 minutes and 14 seconds,KDS - Login Don't Delete
12060 Potranco Road,Emanuel Sanchez,226,14,Food,,9/11/25 4:25 PM,9/11/25 4:30 PM,5 minutes and 14 seconds,KDS - Login Don't Delete
12060 Potranco Road,Mario Jimenez,224,,Drive Thru,,9/11/25 4:22 PM,9/11/25 4:30 PM,8 minutes and 5 seconds,KDS - Login Don't Delete
12060 Potranco Road,Mario Jimenez,224,,Food,,9/11/25 4:22 PM,9/11/25 4:30 PM,8 minutes and 5 seconds,KDS - Login Don't Delete
12060 Potranco Road,Mario Jimenez,227,,Drive Thru,,9/11/25 4:29 PM,9/11/25 4:30 PM,1 minute and 8 seconds,KDS - Login Don't Delete
12060 Potranco Road,Mario Jimenez,227,,Food,,9/11/25 4:29 PM,9/11/25 4:30 PM,1 minute and 8 seconds,KDS - Login Don't Delete
12060 Potranco Road,Adrian Morales,223,2,,1,9/11/25 4:20 PM,9/11/25 4:44 PM,23 minutes and 49 seconds,KDS - Login Don't Delete
12060 Potranco Road,Emanuel Sanchez,226,14,,1,9/11/25 4:30 PM,9/11/25 4:44 PM,13 minutes and 51 seconds,KDS - Login Don't Delete
12060 Potranco Road,Emanuel Sanchez,226,14,,1,9/11/25 4:28 PM,9/11/25 4:44 PM,15 minutes and 56 seconds,KDS - Login Don't Delete
12060 Potranco Road,Adrian Morales,228,26,No Print,,9/11/25 4:37 PM,9/11/25 4:48 PM,10 minutes and 42 seconds,KDS - Login Don't Delete
12060 Potranco Road,Adrian Morales,228,26,Food,,9/11/25 4:37 PM,9/11/25 4:48 PM,10 minutes and 42 seconds,KDS - Login Don't Delete
12060 Potranco Road,Candy Del Angel,229,,,1,9/11/25 4:49 PM,9/11/25 5:00 PM,10 minutes and 51 seconds,KDS - Login Don't Delete
12060 Potranco Road,Adrian Morales,228,26,,1,9/11/25 4:48 PM,9/11/25 5:00 PM,11 minutes and 38 seconds,KDS - Login Don't Delete
12060 Potranco Road,Mario Jimenez,232,,Drive Thru,,9/11/25 5:00 PM,9/11/25 5:04 PM,3 minutes and 58 seconds,KDS - Login Don't Delete
12060 Potranco Road,Mario Jimenez,232,,Food,,9/11/25 5:00 PM,9/11/25 5:04 PM,3 minutes and 58 seconds,KDS - Login Don't Delete
12060 Potranco Road,Adrian Morales,235,1,,1,9/11/25 5:10 PM,9/11/25 5:23 PM,13 minutes and 1 second,KDS - Login Don't Delete
12060 Potranco Road,Emanuel Sanchez,234,2,No Print,,9/11/25 5:14 PM,9/11/25 5:24 PM,10 minutes and 39 seconds,KDS - Login Don't Delete
12060 Potranco Road,Emanuel Sanchez,234,2,Food,,9/11/25 5:14 PM,9/11/25 5:24 PM,10 minutes and 39 seconds,KDS - Login Don't Delete
12060 Potranco Road,Emanuel Sanchez,236,16,No Print,,9/11/25 5:22 PM,9/11/25 5:29 PM,7 minutes and 7 seconds,KDS - Login Don't Delete
12060 Potranco Road,Emanuel Sanchez,236,16,Food,,9/11/25 5:22 PM,9/11/25 5:29 PM,7 minutes and 7 seconds,KDS - Login Don't Delete
12060 Potranco Road,Emanuel Sanchez,236,16,Drive Thru,,9/11/25 5:22 PM,9/11/25 5:29 PM,7 minutes and 7 seconds,KDS - Login Don't Delete
12060 Potranco Road,Adrian Morales,238,12,No Print,,9/11/25 5:31 PM,9/11/25 5:38 PM,7 minutes and 3 seconds,KDS - Login Don't Delete
12060 Potranco Road,Adrian Morales,238,12,Food,,9/11/25 5:31 PM,9/11/25 5:38 PM,7 minutes and 3 seconds,KDS - Login Don't Delete
12060 Potranco Road,Emanuel Sanchez,234,2,,1,9/11/25 5:24 PM,9/11/25 5:42 PM,17 minutes and 27 seconds,KDS - Login Don't Delete
12060 Potranco Road,Emanuel Sanchez,236,16,,1,9/11/25 5:29 PM,9/11/25 5:42 PM,12 minutes and 44 seconds,KDS - Login Don't Delete
12060 Potranco Road,Adrian Morales,238,12,,1,9/11/25 5:38 PM,9/11/25 5:42 PM,3 minutes and 31 seconds,KDS - Login Don't Delete
12060 Potranco Road,Adrian Morales,239,3,,1,9/11/25 5:36 PM,9/11/25 5:46 PM,10 minutes,KDS - Login Don't Delete
12060 Potranco Road,Emanuel Sanchez,237,20,No Print,,9/11/25 5:39 PM,9/11/25 5:51 PM,11 minutes and 42 seconds,KDS - Login Don't Delete
12060 Potranco Road,Emanuel Sanchez,237,20,Food,,9/11/25 5:39 PM,9/11/25 5:51 PM,11 minutes and 42 seconds,KDS - Login Don't Delete
12060 Potranco Road,Emanuel Sanchez,237,20,Drive Thru,,9/11/25 5:39 PM,9/11/25 5:51 PM,11 minutes and 42 seconds,KDS - Login Don't Delete
12060 Potranco Road,Emanuel Sanchez,237,20,,1,9/11/25 5:51 PM,9/11/25 6:01 PM,10 minutes and 12 seconds,KDS - Login Don't Delete
12060 Potranco Road,Mario Jimenez,233,,Food,,9/11/25 5:57 PM,9/11/25 6:03 PM,5 minutes and 55 seconds,KDS - Login Don't Delete
12060 Potranco Road,Adrian Morales,239,3,Drive Thru,,9/11/25 5:42 PM,9/11/25 6:05 PM,22 minutes and 56 seconds,KDS - Login Don't Delete
12060 Potranco Road,Adrian Morales,239,3,Food,,9/11/25 5:42 PM,9/11/25 6:05 PM,22 minutes and 56 seconds,KDS - Login Don't Delete
12060 Potranco Road,Mario Jimenez,240,,Drive Thru,,9/11/25 6:00 PM,9/11/25 6:05 PM,5 minutes and 11 seconds,KDS - Login Don't Delete
12060 Potranco Road,Mario Jimenez,240,,Food,,9/11/25 6:00 PM,9/11/25 6:05 PM,5 minutes and 11 seconds,KDS - Login Don't Delete
12060 Potranco Road,Mario Jimenez,242,,Drive Thru,,9/11/25 6:02 PM,9/11/25 6:05 PM,3 minutes and 34 seconds,KDS - Login Don't Delete
12060 Potranco Road,Mario Jimenez,242,,Food,,9/11/25 6:02 PM,9/11/25 6:05 PM,3 minutes and 34 seconds,KDS - Login Don't Delete
12060 Potranco Road,Emanuel Sanchez,237,20,Drive Thru,,9/11/25 6:05 PM,9/11/25 6:06 PM,18 seconds,KDS - Login Don't Delete
12060 Potranco Road,Emanuel Sanchez,237,20,Food,,9/11/25 6:05 PM,9/11/25 6:06 PM,18 seconds,KDS - Login Don't Delete
12060 Potranco Road,Emanuel Sanchez,244,1,No Print,,9/11/25 6:09 PM,9/11/25 6:15 PM,5 minutes and 56 seconds,KDS - Login Don't Delete
12060 Potranco Road,Emanuel Sanchez,244,1,Food,,9/11/25 6:09 PM,9/11/25 6:15 PM,5 minutes and 56 seconds,KDS - Login Don't Delete
12060 Potranco Road,Mario Jimenez,246,,Drive Thru,,9/11/25 6:14 PM,9/11/25 6:20 PM,5 minutes and 19 seconds,KDS - Login Don't Delete
12060 Potranco Road,Mario Jimenez,246,,Food,,9/11/25 6:14 PM,9/11/25 6:20 PM,5 minutes and 19 seconds,KDS - Login Don't Delete
12060 Potranco Road,Adrian Morales,245,2,No Print,,9/11/25 6:13 PM,9/11/25 6:21 PM,8 minutes and 19 seconds,KDS - Login Don't Delete
12060 Potranco Road,Adrian Morales,245,2,Food,,9/11/25 6:13 PM,9/11/25 6:21 PM,8 minutes and 19 seconds,KDS - Login Don't Delete
12060 Potranco Road,Mario Jimenez,247,,Drive Thru,,9/11/25 6:20 PM,9/11/25 6:28 PM,7 minutes,KDS - Login Don't Delete
12060 Potranco Road,Mario Jimenez,247,,Food,,9/11/25 6:20 PM,9/11/25 6:28 PM,7 minutes,KDS - Login Don't Delete
12060 Potranco Road,Adrian Morales,239,3,,1,9/11/25 6:05 PM,9/11/25 6:33 PM,27 minutes and 49 seconds,KDS - Login Don't Delete
12060 Potranco Road,Emanuel Sanchez,237,20,,1,9/11/25 6:06 PM,9/11/25 6:33 PM,27 minutes and 40 seconds,KDS - Login Don't Delete
12060 Potranco Road,Adrian Morales,245,2,,1,9/11/25 6:21 PM,9/11/25 6:33 PM,12 minutes and 19 seconds,KDS - Login Don't Delete
12060 Potranco Road,Emanuel Sanchez,244,1,,1,9/11/25 6:15 PM,9/11/25 6:33 PM,18 minutes and 11 seconds,KDS - Login Don't Delete
12060 Potranco Road,Mario Jimenez,249,,Drive Thru,,9/11/25 6:39 PM,9/11/25 6:43 PM,4 minutes and 15 seconds,KDS - Login Don't Delete
12060 Potranco Road,Mario Jimenez,249,,Food,,9/11/25 6:39 PM,9/11/25 6:43 PM,4 minutes and 15 seconds,KDS - Login Don't Delete
12060 Potranco Road,Mario Jimenez,250,,Drive Thru,,9/11/25 6:35 PM,9/11/25 6:43 PM,8 minutes and 27 seconds,KDS - Login Don't Delete
12060 Potranco Road,Mario Jimenez,250,,Food,,9/11/25 6:35 PM,9/11/25 6:43 PM,8 minutes and 27 seconds,KDS - Login Don't Delete
12060 Potranco Road,Mario Jimenez,253,,Drive Thru,,9/11/25 6:43 PM,9/11/25 6:47 PM,4 minutes and 19 seconds,KDS - Login Don't Delete
12060 Potranco Road,Mario Jimenez,253,,Food,,9/11/25 6:43 PM,9/11/25 6:47 PM,4 minutes and 19 seconds,KDS - Login Don't Delete
12060 Potranco Road,Mario Jimenez,254,,Drive Thru,,9/11/25 6:46 PM,9/11/25 6:56 PM,10 minutes and 32 seconds,KDS - Login Don't Delete
12060 Potranco Road,Mario Jimenez,254,,Food,,9/11/25 6:46 PM,9/11/25 6:56 PM,10 minutes and 32 seconds,KDS - Login Don't Delete
12060 Potranco Road,Emanuel Sanchez,256,22,No Print,,9/11/25 6:56 PM,9/11/25 7:02 PM,6 minutes and 5 seconds,KDS - Login Don't Delete
12060 Potranco Road,Emanuel Sanchez,256,22,Food,,9/11/25 6:56 PM,9/11/25 7:02 PM,6 minutes and 5 seconds,KDS - Login Don't Delete
12060 Potranco Road,Mario Jimenez,255,,Drive Thru,,9/11/25 7:16 PM,9/11/25 7:22 PM,6 minutes and 45 seconds,KDS - Login Don't Delete
12060 Potranco Road,Mario Jimenez,255,,Food,,9/11/25 7:16 PM,9/11/25 7:22 PM,6 minutes and 45 seconds,KDS - Login Don't Delete
12060 Potranco Road,Mario Jimenez,257,,Drive Thru,,9/11/25 7:22 PM,9/11/25 7:25 PM,3 minutes and 11 seconds,KDS - Login Don't Delete
12060 Potranco Road,Mario Jimenez,257,,Food,,9/11/25 7:22 PM,9/11/25 7:25 PM,3 minutes and 11 seconds,KDS - Login Don't Delete
12060 Potranco Road,Emanuel Sanchez,259,14,No Print,,9/11/25 7:24 PM,9/11/25 7:35 PM,10 minutes and 58 seconds,KDS - Login Don't Delete
12060 Potranco Road,Adrian Morales,261,4,No Print,,9/11/25 7:25 PM,9/11/25 7:35 PM,9 minutes and 48 seconds,KDS - Login Don't Delete
12060 Potranco Road,Adrian Morales,261,4,Food,,9/11/25 7:25 PM,9/11/25 7:35 PM,9 minutes and 48 seconds,KDS - Login Don't Delete
12060 Potranco Road,Emanuel Sanchez,259,14,Food,,9/11/25 7:24 PM,9/11/25 7:35 PM,10 minutes and 58 seconds,KDS - Login Don't Delete
12060 Potranco Road,Emanuel Sanchez,256,22,,1,9/11/25 7:02 PM,9/11/25 7:36 PM,33 minutes and 31 seconds,KDS - Login Don't Delete
12060 Potranco Road,Emanuel Sanchez,259,14,,1,9/11/25 7:35 PM,9/11/25 7:36 PM,1 minute and 20 seconds,KDS - Login Don't Delete
12060 Potranco Road,Adrian Morales,261,4,,1,9/11/25 7:35 PM,9/11/25 7:36 PM,1 minute and 20 seconds,KDS - Login Don't Delete
12060 Potranco Road,Mario Jimenez,264,,Drive Thru,,9/11/25 7:40 PM,9/11/25 7:42 PM,2 minutes and 34 seconds,KDS - Login Don't Delete
12060 Potranco Road,Mario Jimenez,264,,Food,,9/11/25 7:40 PM,9/11/25 7:42 PM,2 minutes and 34 seconds,KDS - Login Don't Delete
12060 Potranco Road,Adrian Morales,262,2,No Print,,9/11/25 7:30 PM,9/11/25 7:42 PM,12 minutes and 5 seconds,KDS - Login Don't Delete
12060 Potranco Road,Adrian Morales,262,2,Food,,9/11/25 7:30 PM,9/11/25 7:42 PM,12 minutes and 5 seconds,KDS - Login Don't Delete
12060 Potranco Road,Emanuel Sanchez,263,21,Drive Thru,,9/11/25 7:42 PM,9/11/25 7:42 PM,30 seconds,KDS - Login Don't Delete
12060 Potranco Road,Emanuel Sanchez,263,21,Food,,9/11/25 7:42 PM,9/11/25 7:42 PM,30 seconds,KDS - Login Don't Delete
12060 Potranco Road,Mario Jimenez,265,,Drive Thru,,9/11/25 7:50 PM,9/11/25 7:54 PM,3 minutes and 51 seconds,KDS - Login Don't Delete
12060 Potranco Road,Mario Jimenez,260,,Drive Thru,,9/11/25 7:44 PM,9/11/25 7:54 PM,9 minutes and 46 seconds,KDS - Login Don't Delete
12060 Potranco Road,Mario Jimenez,260,,Food,,9/11/25 7:44 PM,9/11/25 7:54 PM,9 minutes and 46 seconds,KDS - Login Don't Delete
12060 Potranco Road,Mario Jimenez,260,,No Print,,9/11/25 7:44 PM,9/11/25 7:54 PM,9 minutes and 46 seconds,KDS - Login Don't Delete
12060 Potranco Road,Mario Jimenez,260,,Drinks,,9/11/25 7:44 PM,9/11/25 7:54 PM,9 minutes and 46 seconds,KDS - Login Don't Delete
12060 Potranco Road,Mario Jimenez,265,,Food,,9/11/25 7:50 PM,9/11/25 7:54 PM,3 minutes and 51 seconds,KDS - Login Don't Delete
12060 Potranco Road,Adrian Morales,266,1,No Print,,9/11/25 7:46 PM,9/11/25 7:55 PM,8 minutes and 52 seconds,KDS - Login Don't Delete
12060 Potranco Road,Adrian Morales,266,1,Food,,9/11/25 7:46 PM,9/11/25 7:55 PM,8 minutes and 52 seconds,KDS - Login Don't Delete
12060 Potranco Road,Emanuel Sanchez,263,21,No Print,,9/11/25 7:54 PM,9/11/25 7:55 PM,56 seconds,KDS - Login Don't Delete
12060 Potranco Road,Emanuel Sanchez,263,21,Food,,9/11/25 7:54 PM,9/11/25 7:55 PM,56 seconds,KDS - Login Don't Delete
12060 Potranco Road,Emanuel Sanchez,263,21,Drive Thru,,9/11/25 7:54 PM,9/11/25 7:55 PM,56 seconds,KDS - Login Don't Delete
12060 Potranco Road,Emanuel Sanchez,263,21,,1,9/11/25 7:42 PM,9/11/25 7:59 PM,16 minutes and 46 seconds,KDS - Login Don't Delete
12060 Potranco Road,Emanuel Sanchez,263,21,,1,9/11/25 7:55 PM,9/11/25 7:59 PM,4 minutes and 13 seconds,KDS - Login Don't Delete
12060 Potranco Road,Adrian Morales,262,2,,1,9/11/25 7:42 PM,9/11/25 7:59 PM,16 minutes and 52 seconds,KDS - Login Don't Delete
12060 Potranco Road,Adrian Morales,266,1,,1,9/11/25 7:55 PM,9/11/25 7:59 PM,4 minutes and 18 seconds,KDS - Login Don't Delete
12060 Potranco Road,Emanuel Sanchez,263,21,No Print,,9/11/25 7:50 PM,9/11/25 8:01 PM,11 minutes and 1 second,KDS - Login Don't Delete
12060 Potranco Road,Emanuel Sanchez,263,21,Food,,9/11/25 7:50 PM,9/11/25 8:01 PM,11 minutes and 1 second,KDS - Login Don't Delete
12060 Potranco Road,Emanuel Sanchez,263,21,Drive Thru,,9/11/25 7:50 PM,9/11/25 8:01 PM,11 minutes and 1 second,KDS - Login Don't Delete
12060 Potranco Road,Emanuel Sanchez,259,14,No Print,,9/11/25 8:03 PM,9/11/25 8:07 PM,3 minutes and 59 seconds,KDS - Login Don't Delete
12060 Potranco Road,Emanuel Sanchez,259,14,Food,,9/11/25 8:03 PM,9/11/25 8:07 PM,3 minutes and 59 seconds,KDS - Login Don't Delete
12060 Potranco Road,Emanuel Sanchez,259,14,,1,9/11/25 8:07 PM,9/11/25 8:10 PM,2 minutes and 53 seconds,KDS - Login Don't Delete
12060 Potranco Road,Emanuel Sanchez,263,21,,1,9/11/25 8:01 PM,9/11/25 8:10 PM,9 minutes and 9 seconds,KDS - Login Don't Delete
12060 Potranco Road,Mario Jimenez,267,,Drive Thru,,9/11/25 8:31 PM,9/11/25 8:40 PM,9 minutes and 26 seconds,KDS - Login Don't Delete
12060 Potranco Road,Mario Jimenez,267,,Food,,9/11/25 8:31 PM,9/11/25 8:40 PM,9 minutes and 26 seconds,KDS - Login Don't Delete
12060 Potranco Road,Mario Jimenez,269,,Drive Thru,,9/11/25 8:46 PM,9/11/25 9:08 PM,21 minutes and 47 seconds,KDS - Login Don't Delete
12060 Potranco Road,Mario Jimenez,269,,Food,,9/11/25 8:46 PM,9/11/25 9:08 PM,21 minutes and 47 seconds,KDS - Login Don't Delete
