Location,Order #,Opened,# of Guests,Server,Table,Discount Amount,Amount,Tax,Tip,Gratuity
12060 Potranco Road,2,9/11/25 6:34 AM,1,Melissa  Urena,,0.00,5.37,0.44,0.00,0.00
12060 Potranco Road,3,9/11/25 6:45 AM,1,Melissa  Urena,,0.00,10.15,0.84,0.00,0.00
12060 Potranco Road,4,9/11/25 6:46 AM,1,Melissa  Urena,,0.00,1.99,0.16,0.00,0.00
12060 Potranco Road,6,9/11/25 6:54 AM,1,Melissa  Urena,,0.00,7.43,0.61,0.00,0.00
12060 Potranco Road,7,9/11/25 7:08 AM,1,Melissa  Urena,,0.00,5.98,0.49,0.00,0.00
12060 Potranco Road,8,9/11/25 7:13 AM,1,Melissa  Urena,,0.00,3.78,0.31,0.00,0.00
12060 Potranco Road,11,9/11/25 7:24 AM,1,Lizbeth Garcia,,0.00,16.93,1.40,0.00,0.00
12060 Potranco Road,9,9/11/25 7:23 AM,1,Melissa  Urena,,0.00,5.37,0.44,0.00,0.00
12060 Potranco Road,13,9/11/25 7:25 AM,1,Melissa  Urena,,0.00,5.48,0.45,1.00,0.00
12060 Potranco Road,14,9/11/25 7:26 AM,1,Melissa  Urena,,0.00,3.98,0.33,0.00,0.00
12060 Potranco Road,15,9/11/25 7:29 AM,1,Melissa  Urena,,0.00,21.83,1.81,0.00,0.00
12060 Potranco Road,10,9/11/25 7:24 AM,1,Melissa  Urena,,0.00,15.14,1.25,1.00,0.00
12060 Potranco Road,17,9/11/25 7:44 AM,1,Melissa  Urena,,0.00,4.89,0.40,1.00,0.00
12060 Potranco Road,18,9/11/25 7:45 AM,1,Melissa  Urena,,0.00,5.97,0.49,0.00,0.00
12060 Potranco Road,19,9/11/25 7:48 AM,2,Lizbeth Garcia,3,0.00,15.25,1.26,0.00,0.00
12060 Potranco Road,20,9/11/25 7:52 AM,1,Melissa  Urena,,0.00,3.98,0.32,1.00,0.00
12060 Potranco Road,21,9/11/25 7:52 AM,1,Melissa  Urena,,0.00,14.86,1.22,0.00,0.00
12060 Potranco Road,22,9/11/25 7:55 AM,1,Melissa  Urena,,0.00,6.78,0.56,0.00,0.00
12060 Potranco Road,23,9/11/25 7:56 AM,2,Lizbeth Garcia,14,0.00,19.46,1.61,0.00,0.00
12060 Potranco Road,24,9/11/25 7:58 AM,1,Melissa  Urena,,0.00,7.98,0.66,1.00,0.00
12060 Potranco Road,25,9/11/25 7:59 AM,1,Melissa  Urena,,0.00,1.00,0.08,0.00,0.00
12060 Potranco Road,27,9/11/25 8:05 AM,2,Lizbeth Garcia,25,0.00,22.63,1.87,3.00,0.00
12060 Potranco Road,28,9/11/25 8:07 AM,1,Melissa  Urena,,0.00,5.98,0.49,0.00,0.00
12060 Potranco Road,29,9/11/25 8:07 AM,1,Melissa  Urena,,0.00,7.56,0.63,0.00,0.00
12060 Potranco Road,30,9/11/25 8:10 AM,1,Melissa  Urena,,0.00,8.56,0.71,0.00,0.00
12060 Potranco Road,32,9/11/25 8:15 AM,1,Lizbeth Garcia,17,0.90,11.08,0.92,0.00,0.00
12060 Potranco Road,33,9/11/25 8:19 AM,1,Melissa  Urena,,0.00,11.83,0.97,0.00,0.00
12060 Potranco Road,35,9/11/25 8:21 AM,1,Lizbeth Garcia,15,0.00,12.08,0.99,10.00,0.00
12060 Potranco Road,36,9/11/25 8:24 AM,1,Gabriel Tovar ,,0.00,3.58,0.30,0.00,0.00
12060 Potranco Road,37,9/11/25 8:24 AM,1,Melissa  Urena,,0.00,13.15,1.09,2.89,0.00
12060 Potranco Road,38,9/11/25 8:27 AM,1,Melissa  Urena,,0.00,21.63,1.77,0.00,0.00
12060 Potranco Road,39,9/11/25 8:29 AM,1,Melissa  Urena,,0.00,21.40,1.78,2.00,0.00
12060 Potranco Road,40,9/11/25 8:32 AM,1,Melissa  Urena,,5.35,29.66,2.45,3.00,0.00
12060 Potranco Road,41,9/11/25 8:33 AM,1,Melissa  Urena,,0.00,20.74,1.71,3.00,0.00
12060 Potranco Road,42,9/11/25 8:36 AM,1,Melissa  Urena,,0.00,17.98,1.48,0.00,0.00
12060 Potranco Road,43,9/11/25 8:39 AM,1,Melissa  Urena,,0.00,18.66,1.54,2.00,0.00
12060 Potranco Road,44,9/11/25 8:40 AM,1,Gabriel Tovar ,11,0.00,14.97,1.24,3.20,0.00
12060 Potranco Road,45,9/11/25 8:42 AM,1,Melissa  Urena,,0.00,23.62,1.95,0.00,0.00
12060 Potranco Road,46,9/11/25 8:46 AM,1,Gabriel Tovar ,1,0.00,6.28,0.52,3.00,0.00
12060 Potranco Road,47,9/11/25 8:46 AM,1,Lizbeth Garcia,18,0.00,6.48,0.54,3.00,0.00
12060 Potranco Road,48,9/11/25 8:47 AM,1,Melissa  Urena,,0.00,9.67,0.80,0.00,0.00
12060 Potranco Road,49,9/11/25 8:49 AM,1,Melissa  Urena,,0.00,14.56,1.20,0.00,0.00
12060 Potranco Road,52,9/11/25 8:51 AM,1,Melissa  Urena,,0.00,10.77,0.88,0.00,0.00
12060 Potranco Road,53,9/11/25 8:52 AM,2,Lizbeth Garcia,34,0.00,9.15,0.76,2.00,0.00
12060 Potranco Road,54,9/11/25 8:56 AM,1,Melissa  Urena,,0.00,4.28,0.35,0.00,0.00
12060 Potranco Road,55,9/11/25 8:58 AM,1,Melissa  Urena,,0.00,10.46,0.87,0.00,0.00
12060 Potranco Road,57,9/11/25 9:00 AM,1,Melissa  Urena,,0.00,9.36,0.77,0.00,0.00
12060 Potranco Road,56,9/11/25 9:00 AM,1,Gabriel Tovar ,,0.00,38.77,3.20,7.00,0.00
12060 Potranco Road,58,9/11/25 9:02 AM,1,Melissa  Urena,,0.00,8.86,0.73,2.00,0.00
12060 Potranco Road,59,9/11/25 9:03 AM,1,Melissa  Urena,,0.00,8.77,0.72,0.00,0.00
12060 Potranco Road,60,9/11/25 9:04 AM,1,Melissa  Urena,,0.00,10.56,0.88,0.00,0.00
12060 Potranco Road,61,9/11/25 9:06 AM,1,Gabriel Tovar ,,25.56,0.00,0.00,0.00,0.00
12060 Potranco Road,62,9/11/25 9:19 AM,1,Melissa  Urena,,0.00,16.55,1.36,0.00,0.00
12060 Potranco Road,63,9/11/25 9:19 AM,1,Lizbeth Garcia,,0.00,15.98,1.32,0.00,0.00
12060 Potranco Road,65,9/11/25 9:20 AM,1,Melissa  Urena,,0.00,15.96,1.32,0.00,0.00
12060 Potranco Road,66,9/11/25 9:21 AM,1,Melissa  Urena,,0.00,9.67,0.80,0.00,0.00
12060 Potranco Road,67,9/11/25 9:26 AM,1,Melissa  Urena,,0.00,2.29,0.19,0.00,0.00
12060 Potranco Road,68,9/11/25 9:34 AM,1,Melissa  Urena,,0.00,5.98,0.50,0.00,0.00
12060 Potranco Road,69,9/11/25 9:35 AM,1,Melissa  Urena,,0.00,8.87,0.73,2.00,0.00
12060 Potranco Road,70,9/11/25 9:37 AM,1,Lizbeth Garcia,,0.00,17.27,1.42,0.00,0.00
12060 Potranco Road,72,9/11/25 9:40 AM,1,Melissa  Urena,,0.00,13.83,1.13,0.00,0.00
12060 Potranco Road,73,9/11/25 9:41 AM,1,Melissa  Urena,,0.00,7.57,0.63,1.00,0.00
12060 Potranco Road,74,9/11/25 9:43 AM,1,Gabriel Tovar ,23,0.00,19.47,1.61,3.00,0.00
12060 Potranco Road,64,9/11/25 9:20 AM,1,Lizbeth Garcia,,0.00,9.67,0.80,0.00,0.00
12060 Potranco Road,75,9/11/25 9:49 AM,1,Carlos Morales,,0.00,16.34,1.35,0.00,0.00
12060 Potranco Road,77,9/11/25 9:50 AM,1,Melissa  Urena,,0.00,12.87,1.06,0.00,0.00
12060 Potranco Road,79,9/11/25 9:51 AM,1,Gabriel Tovar ,,0.00,4.98,0.41,0.00,0.00
12060 Potranco Road,78,9/11/25 9:50 AM,1,Melissa  Urena,,0.00,9.17,0.76,0.00,0.00
12060 Potranco Road,80,9/11/25 9:56 AM,1,Melissa  Urena,,0.00,16.80,1.39,0.00,0.00
12060 Potranco Road,81,9/11/25 9:57 AM,1,Melissa  Urena,,0.00,3.98,0.32,0.00,0.00
12060 Potranco Road,82,9/11/25 9:59 AM,1,Gabriel Tovar ,34,0.00,7.27,0.61,2.12,0.00
12060 Potranco Road,84,9/11/25 10:01 AM,1,Melissa  Urena,,0.00,18.75,1.55,0.00,0.00
12060 Potranco Road,83,9/11/25 10:00 AM,2,Lizbeth Garcia,4,0.00,37.96,3.14,0.00,0.00
12060 Potranco Road,85,9/11/25 10:02 AM,1,Melissa  Urena,,0.00,0.65,0.05,0.00,0.00
12060 Potranco Road,86,9/11/25 10:03 AM,1,Melissa  Urena,,0.00,10.67,0.88,0.00,0.00
12060 Potranco Road,87,9/11/25 10:04 AM,4,Gabriel Tovar ,1,0.00,33.01,2.73,0.00,0.00
12060 Potranco Road,89,9/11/25 10:09 AM,2,Lizbeth Garcia,18,0.00,10.98,0.90,0.00,0.00
12060 Potranco Road,91,9/11/25 10:10 AM,4,Lizbeth Garcia,25,0.00,47.54,3.92,5.00,0.00
12060 Potranco Road,90,9/11/25 10:10 AM,1,Gabriel Tovar ,,0.00,46.70,3.86,8.00,0.00
12060 Potranco Road,88,9/11/25 10:07 AM,1,Melissa  Urena,,0.00,4.38,0.36,0.00,0.00
12060 Potranco Road,93,9/11/25 10:17 AM,1,Melissa  Urena,,0.00,36.74,3.03,0.00,0.00
12060 Potranco Road,94,9/11/25 10:18 AM,1,Carlos Morales,,0.00,14.76,1.22,0.00,0.00
12060 Potranco Road,98,9/11/25 10:20 AM,1,Melissa  Urena,,0.00,1.99,0.16,0.00,0.00
12060 Potranco Road,95,9/11/25 10:19 AM,2,Lizbeth Garcia,15,10.65,21.31,1.75,10.00,0.00
12060 Potranco Road,99,9/11/25 10:27 AM,2,Gabriel Tovar ,3,0.00,10.97,0.90,0.00,0.00
12060 Potranco Road,100,9/11/25 10:30 AM,1,Melissa  Urena,,0.00,10.95,0.91,0.00,0.00
12060 Potranco Road,101,9/11/25 10:32 AM,1,Melissa  Urena,,0.00,1.20,0.10,0.00,0.00
12060 Potranco Road,102,9/11/25 10:35 AM,1,Melissa  Urena,,0.00,16.25,1.34,0.00,0.00
12060 Potranco Road,103,9/11/25 10:37 AM,1,Melissa  Urena,,0.00,10.67,0.88,0.00,0.00
12060 Potranco Road,104,9/11/25 10:39 AM,1,Melissa  Urena,,0.00,8.07,0.67,0.00,0.00
12060 Potranco Road,105,9/11/25 10:39 AM,1,Melissa  Urena,,0.00,12.27,1.01,0.00,0.00
12060 Potranco Road,106,9/11/25 10:40 AM,2,Lizbeth Garcia,29,0.00,36.95,3.06,0.00,0.00
12060 Potranco Road,109,9/11/25 10:46 AM,2,Lizbeth Garcia,21,0.00,16.03,1.33,3.00,0.00
12060 Potranco Road,107,9/11/25 10:46 AM,1,Melissa  Urena,,0.00,21.54,1.78,0.00,0.00
12060 Potranco Road,110,9/11/25 10:46 AM,1,Carlos Morales,,0.00,0.00,0.00,0.00,0.00
12060 Potranco Road,112,9/11/25 10:52 AM,2,Gabriel Tovar ,16,0.00,13.86,1.14,0.00,0.00
12060 Potranco Road,108,9/11/25 10:46 AM,1,Zoila Salinas,,0.00,8.37,0.69,0.00,0.00
12060 Potranco Road,114,9/11/25 10:55 AM,2,Gabriel Tovar ,1,0.00,35.85,2.96,7.00,0.00
12060 Potranco Road,115,9/11/25 10:59 AM,1,Melissa  Urena,,0.00,17.11,1.41,2.57,0.00
12060 Potranco Road,116,9/11/25 11:00 AM,1,Melissa  Urena,,0.00,6.58,0.54,0.00,0.00
12060 Potranco Road,117,9/11/25 11:01 AM,1,Melissa  Urena,,0.00,15.96,1.31,0.00,0.00
12060 Potranco Road,118,9/11/25 11:02 AM,2,Gabriel Tovar ,18,0.00,21.95,1.82,0.00,0.00
12060 Potranco Road,120,9/11/25 11:05 AM,1,Melissa  Urena,,0.00,22.79,1.88,3.42,0.00
12060 Potranco Road,119,9/11/25 11:04 AM,2,Lizbeth Garcia,25,0.00,63.14,5.22,10.00,0.00
12060 Potranco Road,121,9/11/25 11:08 AM,1,Melissa  Urena,,0.00,9.99,0.82,0.00,0.00
12060 Potranco Road,122,9/11/25 11:12 AM,1,Melissa  Urena,,0.00,8.99,0.74,2.00,0.00
12060 Potranco Road,123,9/11/25 11:14 AM,1,Melissa  Urena,,0.00,17.56,1.45,0.00,0.00
12060 Potranco Road,124,9/11/25 11:14 AM,1,Melissa  Urena,,0.00,33.36,2.75,0.00,0.00
12060 Potranco Road,125,9/11/25 11:15 AM,1,Melissa  Urena,,0.00,16.73,1.38,0.00,0.00
12060 Potranco Road,126,9/11/25 11:16 AM,1,Melissa  Urena,,0.00,7.97,0.66,0.00,0.00
12060 Potranco Road,127,9/11/25 11:19 AM,1,Melissa  Urena,,0.00,12.46,1.03,0.00,0.00
12060 Potranco Road,128,9/11/25 11:21 AM,1,Melissa  Urena,,0.00,1.00,0.08,0.00,0.00
12060 Potranco Road,129,9/11/25 11:21 AM,1,Carlos Morales,,0.00,9.78,0.81,0.00,0.00
12060 Potranco Road,131,9/11/25 11:21 AM,1,Melissa  Urena,,0.00,12.47,1.03,0.00,0.00
12060 Potranco Road,133,9/11/25 11:23 AM,1,Gabriel Tovar ,,0.00,75.27,6.22,0.00,0.00
12060 Potranco Road,134,9/11/25 11:25 AM,1,Gabriel Tovar ,,0.00,8.56,0.71,0.00,0.00
12060 Potranco Road,135,9/11/25 11:27 AM,1,Zoila Salinas,,0.00,0.00,0.00,0.00,0.00
12060 Potranco Road,136,9/11/25 11:28 AM,1,Melissa  Urena,,0.00,20.34,1.69,0.00,0.00
12060 Potranco Road,137,9/11/25 11:28 AM,1,Lizbeth Garcia,2,0.00,4.49,0.37,0.00,0.00
12060 Potranco Road,138,9/11/25 11:30 AM,1,Gabriel Tovar ,,0.00,19.68,1.62,0.00,0.00
12060 Potranco Road,139,9/11/25 11:31 AM,1,Melissa  Urena,,0.00,7.96,0.66,0.00,0.00
12060 Potranco Road,141,9/11/25 11:31 AM,1,Zoila Salinas,,0.00,25.97,2.15,5.00,0.00
12060 Potranco Road,142,9/11/25 11:38 AM,5,Gabriel Tovar ,35,0.00,76.75,6.30,0.00,0.00
12060 Potranco Road,143,9/11/25 11:42 AM,2,Lizbeth Garcia,23,0.00,33.95,2.81,5.00,0.00
12060 Potranco Road,144,9/11/25 11:44 AM,1,Carlos Morales,,5.45,7.60,0.63,2.00,0.00
12060 Potranco Road,146,9/11/25 11:44 AM,1,Carlos Morales,,0.00,3.58,0.30,1.00,0.00
12060 Potranco Road,147,9/11/25 11:45 AM,1,Melissa  Urena,3,0.00,7.76,0.64,0.00,0.00
12060 Potranco Road,145,9/11/25 11:44 AM,4,Lizbeth Garcia,27,0.00,48.45,3.99,14.00,0.00
12060 Potranco Road,149,9/11/25 11:50 AM,2,Gabriel Tovar ,16,0.00,25.56,2.11,0.00,0.00
12060 Potranco Road,150,9/11/25 11:50 AM,1,Melissa  Urena,,0.00,19.34,1.59,0.00,0.00
12060 Potranco Road,151,9/11/25 11:53 AM,1,Melissa  Urena,,0.00,3.48,0.29,0.00,0.00
12060 Potranco Road,152,9/11/25 11:54 AM,1,Carlos Morales,,0.00,0.00,0.00,0.00,0.00
12060 Potranco Road,153,9/11/25 11:59 AM,1,Melissa  Urena,,0.00,15.28,1.26,0.00,0.00
12060 Potranco Road,154,9/11/25 12:05 PM,1,Melissa  Urena,,0.00,9.96,0.82,0.00,0.00
12060 Potranco Road,155,9/11/25 12:06 PM,1,Zoila Salinas,,0.00,14.47,1.20,0.00,0.00
12060 Potranco Road,158,9/11/25 12:07 PM,1,Melissa  Urena,,0.00,4.58,0.38,0.00,0.00
12060 Potranco Road,159,9/11/25 12:09 PM,1,Melissa  Urena,,0.00,13.27,1.09,0.00,0.00
12060 Potranco Road,163,9/11/25 12:17 PM,1,Melissa  Urena,,0.00,7.07,0.59,0.00,0.00
12060 Potranco Road,165,9/11/25 12:20 PM,5,Gabriel Tovar ,21,0.00,77.30,6.37,11.63,0.00
12060 Potranco Road,166,9/11/25 12:23 PM,1,Lizbeth Garcia,,0.00,14.76,1.22,0.00,0.00
12060 Potranco Road,164,9/11/25 12:17 PM,1,Melissa  Urena,,0.00,13.27,1.09,0.00,0.00
12060 Potranco Road,167,9/11/25 12:23 PM,2,Lizbeth Garcia,3,0.00,16.75,1.39,0.00,0.00
12060 Potranco Road,169,9/11/25 12:27 PM,1,Melissa  Urena,,0.00,12.99,1.07,0.00,0.00
12060 Potranco Road,170,9/11/25 12:29 PM,2,Gabriel Tovar ,32,1.82,38.53,3.19,5.00,0.00
12060 Potranco Road,172,9/11/25 12:32 PM,1,Melissa  Urena,,0.00,7.56,0.63,1.00,0.00
12060 Potranco Road,173,9/11/25 12:32 PM,1,Melissa  Urena,,0.00,9.55,0.79,0.00,0.00
12060 Potranco Road,171,9/11/25 12:31 PM,2,Lizbeth Garcia,12,0.00,34.85,2.87,0.00,0.00
12060 Potranco Road,175,9/11/25 12:35 PM,1,Melissa  Urena,,0.00,12.26,1.01,2.00,0.00
12060 Potranco Road,176,9/11/25 12:42 PM,1,Melissa  Urena,,0.00,25.66,2.12,0.00,0.00
12060 Potranco Road,177,9/11/25 12:44 PM,1,Melissa  Urena,,0.00,9.76,0.81,0.00,0.00
12060 Potranco Road,178,9/11/25 12:44 PM,2,Gabriel Tovar ,4,0.00,24.54,2.02,3.68,0.00
12060 Potranco Road,179,9/11/25 12:49 PM,1,Carlos Morales,,0.00,6.99,0.58,0.00,0.00
12060 Potranco Road,187,9/11/25 12:51 PM,1,Melissa  Urena,,0.00,8.98,0.74,0.00,0.00
12060 Potranco Road,189,9/11/25 12:54 PM,1,Melissa  Urena,,0.00,19.65,1.62,20.00,0.00
12060 Potranco Road,190,9/11/25 12:55 PM,2,Lizbeth Garcia,16,0.00,32.38,2.67,10.00,0.00
12060 Potranco Road,192,9/11/25 12:57 PM,1,Melissa  Urena,,0.00,0.00,0.00,0.00,0.00
12060 Potranco Road,191,9/11/25 12:55 PM,1,Gabriel Tovar ,,0.00,19.04,1.57,0.00,0.00
12060 Potranco Road,193,9/11/25 1:03 PM,1,Melissa  Urena,,0.00,21.11,1.74,0.00,0.00
12060 Potranco Road,194,9/11/25 1:15 PM,1,Melissa  Urena,,5.00,2.99,0.25,0.00,0.00
12060 Potranco Road,195,9/11/25 1:26 PM,1,Melissa  Urena,,0.00,11.99,0.99,0.00,0.00
12060 Potranco Road,196,9/11/25 1:29 PM,1,Melissa  Urena,,0.00,33.97,2.80,5.00,0.00
12060 Potranco Road,197,9/11/25 1:32 PM,1,Melissa  Urena,,0.00,9.98,0.82,0.00,0.00
12060 Potranco Road,198,9/11/25 1:39 PM,1,Melissa  Urena,,0.00,5.78,0.48,0.00,0.00
12060 Potranco Road,199,9/11/25 1:51 PM,1,Melissa  Urena,,0.00,12.49,1.03,0.00,0.00
12060 Potranco Road,200,9/11/25 1:56 PM,2,Lizbeth Garcia,2,0.00,26.98,2.22,4.50,0.00
12060 Potranco Road,201,9/11/25 1:59 PM,1,Melissa  Urena,,0.00,3.69,0.30,0.00,0.00
12060 Potranco Road,203,9/11/25 1:59 PM,1,Emanuel Sanchez,23,0.00,12.99,1.07,5.00,0.00
12060 Potranco Road,202,9/11/25 1:59 PM,1,Melissa  Urena,,0.00,24.98,2.06,0.00,0.00
12060 Potranco Road,204,9/11/25 2:04 PM,1,Melissa  Urena,,0.00,7.88,0.65,0.00,0.00
12060 Potranco Road,206,9/11/25 2:08 PM,2,Emanuel Sanchez,16,0.00,34.16,2.81,0.00,0.00
12060 Potranco Road,208,9/11/25 2:23 PM,1,Lizbeth Garcia,,0.00,0.00,0.00,0.00,0.00
12060 Potranco Road,209,9/11/25 2:25 PM,1,Emanuel Sanchez,3,0.00,8.37,0.69,0.00,0.00
12060 Potranco Road,210,9/11/25 2:29 PM,1,Mario Jimenez,,0.00,19.25,1.58,0.00,0.00
12060 Potranco Road,212,9/11/25 2:36 PM,3,Emanuel Sanchez,12,0.00,0.00,0.00,0.00,0.00
12060 Potranco Road,213,9/11/25 2:41 PM,3,Emanuel Sanchez,12,0.00,44.94,3.71,10.00,0.00
12060 Potranco Road,214,9/11/25 2:49 PM,1,Mario Jimenez,,5.40,2.58,0.21,0.00,0.00
12060 Potranco Road,215,9/11/25 2:49 PM,2,Emanuel Sanchez,15,0.00,53.23,4.39,9.00,0.00
12060 Potranco Road,216,9/11/25 3:02 PM,2,Emanuel Sanchez,1,0.00,35.96,2.96,5.00,0.00
12060 Potranco Road,217,9/11/25 3:07 PM,1,Mario Jimenez,,0.00,7.76,0.64,1.71,0.00
12060 Potranco Road,218,9/11/25 3:22 PM,1,Mario Jimenez,,0.00,33.62,2.78,0.00,0.00
12060 Potranco Road,219,9/11/25 3:33 PM,1,Mario Jimenez,,0.00,8.57,0.71,1.89,0.00
12060 Potranco Road,222,9/11/25 3:58 PM,2,Adrian Morales,12,0.00,22.06,1.82,6.00,0.00
12060 Potranco Road,221,9/11/25 3:57 PM,2,Emanuel Sanchez,20,0.00,33.93,2.79,8.00,0.00
12060 Potranco Road,223,9/11/25 4:13 PM,2,Adrian Morales,2,0.00,36.65,3.03,10.00,0.00
12060 Potranco Road,224,9/11/25 4:21 PM,1,Mario Jimenez,,0.00,47.98,3.96,0.00,0.00
12060 Potranco Road,226,9/11/25 4:23 PM,2,Emanuel Sanchez,14,0.00,25.52,2.11,3.83,0.00
12060 Potranco Road,227,9/11/25 4:29 PM,1,Mario Jimenez,,0.00,19.96,1.64,0.00,0.00
12060 Potranco Road,228,9/11/25 4:36 PM,2,Adrian Morales,26,5.80,33.82,2.78,0.00,0.00
12060 Potranco Road,229,9/11/25 4:49 PM,1,Candy Del Angel,,0.00,7.29,0.60,0.00,0.00
12060 Potranco Road,232,9/11/25 4:59 PM,1,Mario Jimenez,,0.00,9.35,0.77,0.00,0.00
12060 Potranco Road,235,9/11/25 5:08 PM,2,Adrian Morales,1,0.00,38.12,3.14,5.00,0.00
12060 Potranco Road,234,9/11/25 5:07 PM,2,Emanuel Sanchez,2,0.00,38.56,3.17,0.00,0.00
12060 Potranco Road,236,9/11/25 5:14 PM,2,Emanuel Sanchez,16,0.00,41.20,3.39,15.00,0.00
12060 Potranco Road,238,9/11/25 5:29 PM,2,Adrian Morales,12,0.00,24.96,2.06,4.99,0.00
12060 Potranco Road,239,9/11/25 5:36 PM,2,Adrian Morales,3,0.00,45.95,3.79,10.26,0.00
12060 Potranco Road,237,9/11/25 5:26 PM,6,Emanuel Sanchez,20,0.00,79.87,6.60,15.00,0.00
12060 Potranco Road,233,9/11/25 5:01 PM,1,Mario Jimenez,,0.00,6.99,0.58,0.00,0.00
12060 Potranco Road,240,9/11/25 5:57 PM,1,Mario Jimenez,,0.00,17.54,1.45,0.00,0.00
12060 Potranco Road,242,9/11/25 6:02 PM,1,Mario Jimenez,,0.00,19.96,1.64,3.99,0.00
12060 Potranco Road,244,9/11/25 6:05 PM,1,Emanuel Sanchez,1,0.00,19.18,1.58,2.00,0.00
12060 Potranco Road,245,9/11/25 6:10 PM,2,Adrian Morales,2,0.00,61.00,5.04,10.00,0.00
12060 Potranco Road,246,9/11/25 6:13 PM,1,Mario Jimenez,,0.00,10.74,0.88,0.00,0.00
12060 Potranco Road,247,9/11/25 6:14 PM,1,Mario Jimenez,,0.00,16.98,1.40,0.00,0.00
12060 Potranco Road,248,9/11/25 6:25 PM,1,Candy Del Angel,,0.00,3.49,0.29,0.00,0.00
12060 Potranco Road,250,9/11/25 6:34 PM,1,Mario Jimenez,,0.00,32.64,2.69,0.00,0.00
12060 Potranco Road,249,9/11/25 6:30 PM,1,Mario Jimenez,,0.00,8.77,0.72,0.00,0.00
12060 Potranco Road,253,9/11/25 6:39 PM,1,Mario Jimenez,,0.00,11.47,0.95,0.00,0.00
12060 Potranco Road,254,9/11/25 6:43 PM,1,Mario Jimenez,,0.00,27.98,2.30,0.00,0.00
12060 Potranco Road,256,9/11/25 6:52 PM,2,Emanuel Sanchez,22,0.00,32.46,2.68,6.00,0.00
12060 Potranco Road,255,9/11/25 6:48 PM,1,Mario Jimenez,,0.00,9.87,0.82,0.00,0.00
12060 Potranco Road,257,9/11/25 7:16 PM,1,Mario Jimenez,,0.00,25.25,2.08,0.00,0.00
12060 Potranco Road,259,9/11/25 7:23 PM,2,Emanuel Sanchez,14,3.80,34.15,2.81,8.35,0.00
12060 Potranco Road,261,9/11/25 7:24 PM,2,Adrian Morales,4,0.00,47.47,3.91,8.00,0.00
12060 Potranco Road,262,9/11/25 7:29 PM,3,Adrian Morales,2,0.00,38.66,3.18,9.00,0.00
12060 Potranco Road,264,9/11/25 7:39 PM,1,Mario Jimenez,,0.00,3.99,0.33,0.00,0.00
12060 Potranco Road,263,9/11/25 7:37 PM,2,Emanuel Sanchez,21,0.00,65.52,5.40,10.00,0.00
12060 Potranco Road,260,9/11/25 7:24 PM,1,Mario Jimenez,,0.00,33.97,2.80,0.00,0.00
12060 Potranco Road,266,9/11/25 7:46 PM,2,Adrian Morales,1,0.00,22.48,1.85,4.00,0.00
12060 Potranco Road,265,9/11/25 7:44 PM,1,Mario Jimenez,,0.00,6.68,0.55,0.00,0.00
12060 Potranco Road,267,9/11/25 8:26 PM,1,Mario Jimenez,,0.00,17.17,1.41,2.58,0.00
12060 Potranco Road,269,9/11/25 8:45 PM,1,Mario Jimenez,,0.00,13.37,1.10,0.00,0.00
