Employee,Job Title,Regular Hours,Overtime Hours,Hourly Rate,Regular Pay,Overtime Pay,Total Pay,Net Sales,Declared Tips,Non-Cash Tips,Total Tips,Tips Withheld,Total Gratuity,Employee ID,Job Code,Location,Location Code
"Aragon, Cecilia",Tortillera,6.75,0.0,13.00,87.75,0.00,87.75,0.00,,0.00,0.00,0.00,0.00,,,12060 Potranco Road,
"Cardenas, Salvador",Cook,8.6,0.0,15.00,129.00,0.00,129.00,0.00,,0.00,0.00,0.00,0.00,,,12060 Potranco Road,
"Casias, Rafael ",Prep,4.42,0.0,12.00,53.04,0.00,53.04,0.00,,0.00,0.00,0.00,0.00,,,12060 Potranco Road,
"Del Angel, Candy",Shift Manager / Assistant Manager,7.38,0.0,,,,,10.78,,0.00,0.00,0.00,0.00,,,12060 Potranco Road,
"Farias, Claudia",Cook,9.11,0.0,15.00,136.65,0.00,136.65,0.00,,0.00,0.00,0.00,0.00,,,12060 Potranco Road,
"Garcia, Lizbeth",Server,7.58,0.0,3.00,22.74,0.00,22.74,602.50,0.00,79.50,79.50,0.00,0.00,,,12060 Potranco Road,
"Gonzales, David",Cook,4.4,0.0,,,,,0.00,,0.00,0.00,0.00,0.00,,,12060 Potranco Road,
"Jimenez, Mario",Driver,6.79,0.0,14.00,95.06,0.00,95.06,412.44,0.00,10.17,10.17,0.00,0.00,,,12060 Potranco Road,
"Lino Santana, David ",Prep,10.1,0.0,15.00,151.50,0.00,151.50,0.00,,0.00,0.00,0.00,0.00,,,12060 Potranco Road,
"Morales, Adrian",Server,5.96,0.0,3.00,17.88,0.00,17.88,371.17,0.00,67.25,67.25,0.00,0.00,,,12060 Potranco Road,
"Morales, Carlos",Busser,5.63,0.0,11.00,61.93,0.00,61.93,59.05,,3.00,3.00,0.00,0.00,,,12060 Potranco Road,
"Ojeda, George",Runner,7.12,0.0,12.50,89.00,0.00,89.00,0.00,,0.00,0.00,0.00,0.00,,,12060 Potranco Road,
"Rosales, Elsa",Tortillera,7.18,0.0,13.00,93.34,0.00,93.34,0.00,,0.00,0.00,0.00,0.00,,,12060 Potranco Road,
"Salinas, Zoila",General Manager,7.01,0.0,,,,,48.81,,5.00,5.00,0.00,0.00,,,12060 Potranco Road,
"Sanchez, Emanuel",Server,7.09,0.0,3.00,21.27,0.00,21.27,560.04,5.00,97.18,102.18,0.00,0.00,,,12060 Potranco Road,
"Tovar , Gabriel",Server,6.1,0.0,3.00,18.30,0.00,18.30,622.89,5.00,53.63,58.63,0.00,0.00,,,12060 Potranco Road,
"Urena, Melissa ",Host,7.82,0.0,12.00,93.84,0.00,93.84,1244.24,0.00,58.88,58.88,0.00,0.00,,,12060 Potranco Road,
"vanenzuela, felix",Cook,7.3,0.0,,,,,0.00,,0.00,0.00,0.00,0.00,,,12060 Potranco Road,
