Location,Employee,Job Title,In Date,Out Date,Total Hours,Unpaid Break Time,Paid Break Time,Payable Hours
12060 Potranco Road,"Farias, Claudia",Cook,9/11/25 5:01 AM,9/11/25 2:07 PM,9.11,0.00,0.00,9.11
12060 Potranco Road,"Lino Santana, David ",Prep,9/11/25 5:01 AM,9/11/25 3:07 PM,10.10,0.00,0.00,10.10
12060 Potranco Road,"Cardenas, Salvador",Cook,9/11/25 5:34 AM,9/11/25 2:10 PM,8.60,0.00,0.00,8.60
12060 Potranco Road,"Garcia, Lizbeth",Server,9/11/25 6:25 AM,9/11/25 2:00 PM,7.58,0.00,0.00,7.58
12060 Potranco Road,"Urena, Melissa ",Host,9/11/25 6:29 AM,9/11/25 2:18 PM,7.82,0.00,0.00,7.82
12060 Potranco Road,"Salinas, Zoila",General Manager,9/11/25 7:24 AM,9/11/25 2:24 PM,7.01,0.00,0.00,7.01
12060 Potranco Road,"Rosales, Elsa",Tortillera,9/11/25 7:27 AM,9/11/25 2:38 PM,7.18,0.00,0.00,7.18
12060 Potranco Road,"Tovar , Gabriel",Server,9/11/25 8:05 AM,9/11/25 2:11 PM,6.10,0.00,0.00,6.10
12060 Potranco Road,"Morales, Carlos",Busser,9/11/25 9:01 AM,9/11/25 2:38 PM,5.63,0.00,0.00,5.63
12060 Potranco Road,"Del Angel, Candy",Shift Manager / Assistant Manager,9/11/25 1:58 PM,9/11/25 9:21 PM,7.38,0.00,0.00,7.38
12060 Potranco Road,"vanenzuela, felix",Cook,9/11/25 2:02 PM,9/11/25 9:20 PM,7.30,0.00,0.00,7.30
12060 Potranco Road,"Ojeda, George",Runner,9/11/25 2:07 PM,9/11/25 9:15 PM,7.12,0.00,0.00,7.12
12060 Potranco Road,"Sanchez, Emanuel",Server,9/11/25 2:10 PM,9/11/25 9:15 PM,7.09,0.00,0.00,7.09
12060 Potranco Road,"Jimenez, Mario",Driver,9/11/25 2:13 PM,9/11/25 9:00 PM,6.79,0.00,0.00,6.79
12060 Potranco Road,"Aragon, Cecilia",Tortillera,9/11/25 2:38 PM,9/11/25 9:23 PM,6.75,0.00,0.00,6.75
12060 Potranco Road,"Morales, Adrian",Server,9/11/25 3:18 PM,9/11/25 9:15 PM,5.96,0.00,0.00,5.96
12060 Potranco Road,"Gonzales, David",Cook,9/11/25 5:00 PM,9/11/25 9:24 PM,4.40,0.00,0.00,4.40
12060 Potranco Road,"Casias, Rafael ",Prep,9/11/25 5:00 PM,9/11/25 9:25 PM,4.42,0.00,0.00,4.42
