Location,Order #,Opened Date,Server,Table,Discount Name,Discount Reason,Comment,Discount Amount
Tink-a-Tako - Potranco,393,10/8/25 7:48 PM,Lizeth Alonso,,Military Discount,,,0.18
Tink-a-Tako - Potranco,393,10/8/25 7:48 PM,Lizeth Alonso,,Military Discount,,,0.23
Tink-a-Tako - Potranco,330,10/8/25 3:01 PM,Sergio Abundiz,,Military Discount,,,1.30
Tink-a-Tako - Potranco,330,10/8/25 3:01 PM,Sergio Abundiz,,Military Discount,,,1.40
Tink-a-Tako - Potranco,274,10/8/25 12:43 PM,Ivana Abundiz,,Open % Item,,,0.40
Tink-a-Tako - Potranco,241,10/8/25 11:52 AM,Esperansa Caviedes,17,Open % Item,,,1.40
Tink-a-Tako - Potranco,232,10/8/25 11:40 AM,Ivana Abundiz,,Open % Item,,,0.20
Tink-a-Tako - Potranco,232,10/8/25 11:40 AM,Ivana Abundiz,,Open % Item,,,0.20
Tink-a-Tako - Potranco,232,10/8/25 11:40 AM,Ivana Abundiz,,Open % Item,,,0.18
Tink-a-Tako - Potranco,213,10/8/25 11:17 AM,Esperansa Caviedes,34,Open % Item,,,2.60
Tink-a-Tako - Potranco,213,10/8/25 11:17 AM,Esperansa Caviedes,34,Open % Item,,,0.96
Tink-a-Tako - Potranco,197,10/8/25 11:01 AM,Ivana Abundiz,,Open % Item,,,0.20
Tink-a-Tako - Potranco,197,10/8/25 11:01 AM,Ivana Abundiz,,Open % Item,,,0.20
Tink-a-Tako - Potranco,197,10/8/25 11:01 AM,Ivana Abundiz,,Open % Item,,,0.25
Tink-a-Tako - Potranco,172,10/8/25 10:42 AM,Norma Vasquez,9,Open % Item,,,0.20
Tink-a-Tako - Potranco,172,10/8/25 10:42 AM,Norma Vasquez,9,Open % Item,,,0.23
Tink-a-Tako - Potranco,172,10/8/25 10:42 AM,Norma Vasquez,9,Open % Item,,,0.20
Tink-a-Tako - Potranco,172,10/8/25 10:42 AM,Norma Vasquez,9,Open % Item,,,0.70
Tink-a-Tako - Potranco,156,10/8/25 10:22 AM,Norma Vasquez,18,Open % Item,,,0.20
Tink-a-Tako - Potranco,156,10/8/25 10:22 AM,Norma Vasquez,18,Open % Item,,,0.90
Tink-a-Tako - Potranco,156,10/8/25 10:22 AM,Norma Vasquez,18,Open % Item,,,0.70
Tink-a-Tako - Potranco,88,10/8/25 8:48 AM,Ivana Abundiz,,Open % Check,,,3.38
Tink-a-Tako - Potranco,84,10/8/25 8:42 AM,Ivana Abundiz,,Open % Item,,,0.40
Tink-a-Tako - Potranco,57,10/8/25 8:10 AM,Norma Vasquez,25,Open % Item,,,0.40
Tink-a-Tako - Potranco,2,10/8/25 6:42 AM,Ivana Abundiz,,Reward Dollars,,,5.70
