Location,Server,Check #,Table,Station,Expediter Level,Fired Date,Fulfilled Date,Fulfillment Time,Fulfilled By
Tink-a-Tako - Potranco,Ivana Abundiz,1,,Lobby,,10/8/25 6:31 AM,10/8/25 6:33 AM,2 minutes and 36 seconds,Mayra Luna
Tink-a-Tako - Potranco,Norma Vasquez,3,8,Lobby,,10/8/25 6:42 AM,10/8/25 6:44 AM,2 minutes and 22 seconds,Mayra Luna
Tink-a-Tako - Potranco,Ivana Abundiz,2,,Lobby,,10/8/25 6:42 AM,10/8/25 6:45 AM,3 minutes and 30 seconds,Mayra Luna
Tink-a-Tako - Potranco,Ivana Abundiz,4,,Lobby,,10/8/25 6:43 AM,10/8/25 6:46 AM,2 minutes and 51 seconds,Mayra Luna
Tink-a-Tako - Potranco,Ivana Abundiz,6,,Lobby,,10/8/25 6:44 AM,10/8/25 6:46 AM,2 minutes and 10 seconds,Mayra Luna
Tink-a-Tako - Potranco,Ivana Abundiz,7,,Lobby,,10/8/25 6:46 AM,10/8/25 6:47 AM,51 seconds,Mayra Luna
Tink-a-Tako - Potranco,Ivana Abundiz,5,,Lobby,,10/8/25 6:49 AM,10/8/25 6:51 AM,1 minute and 50 seconds,Mayra Luna
Tink-a-Tako - Potranco,Norma Vasquez,9,,Lobby,,10/8/25 6:48 AM,10/8/25 6:53 AM,5 minutes and 32 seconds,Mayra Luna
Tink-a-Tako - Potranco,Ivana Abundiz,10,,Lobby,,10/8/25 6:52 AM,10/8/25 6:54 AM,2 minutes,Mayra Luna
Tink-a-Tako - Potranco,Ivana Abundiz,11,,Lobby,,10/8/25 7:05 AM,10/8/25 7:08 AM,2 minutes and 32 seconds,Mayra Luna
Tink-a-Tako - Potranco,Norma Vasquez,13,,Lobby,,10/8/25 7:07 AM,10/8/25 7:11 AM,3 minutes and 31 seconds,Mayra Luna
Tink-a-Tako - Potranco,Ivana Abundiz,14,,Lobby,,10/8/25 7:10 AM,10/8/25 7:12 AM,1 minute and 48 seconds,Mayra Luna
Tink-a-Tako - Potranco,Norma Vasquez,9,,,2,10/8/25 6:53 AM,10/8/25 7:21 AM,27 minutes and 34 seconds,Mayra Luna
Tink-a-Tako - Potranco,Norma Vasquez,3,8,,2,10/8/25 6:44 AM,10/8/25 7:21 AM,36 minutes and 43 seconds,Mayra Luna
Tink-a-Tako - Potranco,Norma Vasquez,13,,,2,10/8/25 7:11 AM,10/8/25 7:21 AM,10 minutes and 27 seconds,Mayra Luna
Tink-a-Tako - Potranco,Ivana Abundiz,16,,Lobby,,10/8/25 7:20 AM,10/8/25 7:21 AM,1 minute and 28 seconds,Mayra Luna
Tink-a-Tako - Potranco,Ivana Abundiz,16,,Prep,,10/8/25 7:20 AM,10/8/25 7:21 AM,1 minute and 28 seconds,Mayra Luna
Tink-a-Tako - Potranco,Ivana Abundiz,15,,Lobby,,10/8/25 7:18 AM,10/8/25 7:22 AM,3 minutes and 46 seconds,Mayra Luna
Tink-a-Tako - Potranco,Ivana Abundiz,17,,Lobby,,10/8/25 7:21 AM,10/8/25 7:23 AM,2 minutes and 11 seconds,Mayra Luna
Tink-a-Tako - Potranco,Ivana Abundiz,17,,Prep,,10/8/25 7:21 AM,10/8/25 7:23 AM,2 minutes and 11 seconds,Mayra Luna
Tink-a-Tako - Potranco,Ivana Abundiz,18,,Lobby,,10/8/25 7:22 AM,10/8/25 7:24 AM,1 minute and 46 seconds,Mayra Luna
Tink-a-Tako - Potranco,Ivana Abundiz,18,,Prep,,10/8/25 7:22 AM,10/8/25 7:24 AM,1 minute and 46 seconds,Mayra Luna
Tink-a-Tako - Potranco,Ivana Abundiz,19,,Lobby,,10/8/25 7:23 AM,10/8/25 7:24 AM,1 minute and 22 seconds,Mayra Luna
Tink-a-Tako - Potranco,Ivana Abundiz,21,,Lobby,,10/8/25 7:25 AM,10/8/25 7:25 AM,17 seconds,Mayra Luna
Tink-a-Tako - Potranco,Ivana Abundiz,18,,Lobby,,10/8/25 7:27 AM,10/8/25 7:28 AM,48 seconds,Mayra Luna
Tink-a-Tako - Potranco,Ivana Abundiz,18,,Prep,,10/8/25 7:27 AM,10/8/25 7:28 AM,48 seconds,Mayra Luna
Tink-a-Tako - Potranco,Ivana Abundiz,22,,Lobby,,10/8/25 7:33 AM,10/8/25 7:35 AM,1 minute and 43 seconds,Mayra Luna
Tink-a-Tako - Potranco,Ivana Abundiz,23,,Lobby,,10/8/25 7:34 AM,10/8/25 7:36 AM,2 minutes and 7 seconds,Mayra Luna
Tink-a-Tako - Potranco,Norma Vasquez,25,,Lobby,,10/8/25 7:36 AM,10/8/25 7:38 AM,2 minutes and 44 seconds,Mayra Luna
Tink-a-Tako - Potranco,Ivana Abundiz,26,,Lobby,,10/8/25 7:40 AM,10/8/25 7:43 AM,2 minutes and 12 seconds,Mayra Luna
Tink-a-Tako - Potranco,Ivana Abundiz,31,,Lobby,,10/8/25 7:45 AM,10/8/25 7:46 AM,53 seconds,Mayra Luna
Tink-a-Tako - Potranco,Ivana Abundiz,31,,Prep,,10/8/25 7:45 AM,10/8/25 7:46 AM,53 seconds,Mayra Luna
Tink-a-Tako - Potranco,Ivana Abundiz,29,,Lobby,,10/8/25 7:44 AM,10/8/25 7:47 AM,3 minutes and 4 seconds,Mayra Luna
Tink-a-Tako - Potranco,Ivana Abundiz,26,,Lobby,,10/8/25 7:39 AM,10/8/25 7:47 AM,8 minutes and 2 seconds,Mayra Luna
Tink-a-Tako - Potranco,Ivana Abundiz,30,,Lobby,,10/8/25 7:44 AM,10/8/25 7:47 AM,3 minutes and 6 seconds,Mayra Luna
Tink-a-Tako - Potranco,Ivana Abundiz,28,,Lobby,,10/8/25 7:43 AM,10/8/25 7:49 AM,5 minutes and 11 seconds,Mayra Luna
Tink-a-Tako - Potranco,Ivana Abundiz,28,,Tortillero,,10/8/25 7:43 AM,10/8/25 7:49 AM,5 minutes and 11 seconds,Mayra Luna
Tink-a-Tako - Potranco,Ivana Abundiz,32,,Lobby,,10/8/25 7:48 AM,10/8/25 7:49 AM,1 minute and 29 seconds,Mayra Luna
Tink-a-Tako - Potranco,Norma Vasquez,25,,,2,10/8/25 7:38 AM,10/8/25 7:50 AM,11 minutes and 27 seconds,Mayra Luna
Tink-a-Tako - Potranco,Ivana Abundiz,34,,Lobby,,10/8/25 7:49 AM,10/8/25 7:51 AM,1 minute and 48 seconds,Mayra Luna
Tink-a-Tako - Potranco,Norma Vasquez,33,,Lobby,,10/8/25 7:48 AM,10/8/25 7:52 AM,3 minutes and 42 seconds,Mayra Luna
Tink-a-Tako - Potranco,Norma Vasquez,36,,Lobby,,10/8/25 7:52 AM,10/8/25 7:53 AM,1 minute and 14 seconds,Mayra Luna
Tink-a-Tako - Potranco,Ivana Abundiz,37,,Lobby,,10/8/25 7:53 AM,10/8/25 7:54 AM,1 minute and 10 seconds,Mayra Luna
Tink-a-Tako - Potranco,Norma Vasquez,33,,,2,10/8/25 7:52 AM,10/8/25 7:54 AM,2 minutes and 11 seconds,Mayra Luna
Tink-a-Tako - Potranco,Norma Vasquez,36,,,2,10/8/25 7:53 AM,10/8/25 7:54 AM,1 minute,Mayra Luna
Tink-a-Tako - Potranco,Ivana Abundiz,38,,Lobby,,10/8/25 7:54 AM,10/8/25 7:55 AM,1 minute and 2 seconds,Mayra Luna
Tink-a-Tako - Potranco,Ivana Abundiz,39,,Lobby,,10/8/25 7:55 AM,10/8/25 7:56 AM,52 seconds,Mayra Luna
Tink-a-Tako - Potranco,Ivana Abundiz,40,,Lobby,,10/8/25 7:57 AM,10/8/25 7:58 AM,54 seconds,Mayra Luna
Tink-a-Tako - Potranco,Ivana Abundiz,41,,Lobby,,10/8/25 7:58 AM,10/8/25 7:59 AM,1 minute and 1 second,Mayra Luna
Tink-a-Tako - Potranco,Ivana Abundiz,42,,Lobby,,10/8/25 8:01 AM,10/8/25 8:03 AM,1 minute and 7 seconds,Mayra Luna
Tink-a-Tako - Potranco,Ivana Abundiz,43,,Lobby,,10/8/25 8:03 AM,10/8/25 8:04 AM,1 minute and 7 seconds,Mayra Luna
Tink-a-Tako - Potranco,Norma Vasquez,46,,Lobby,,10/8/25 8:03 AM,10/8/25 8:04 AM,1 minute and 19 seconds,Mayra Luna
Tink-a-Tako - Potranco,Ivana Abundiz,47,,Lobby,,10/8/25 8:04 AM,10/8/25 8:07 AM,2 minutes and 11 seconds,Mayra Luna
Tink-a-Tako - Potranco,Ivana Abundiz,49,,Lobby,,10/8/25 8:07 AM,10/8/25 8:09 AM,2 minutes and 38 seconds,Mayra Luna
Tink-a-Tako - Potranco,Norma Vasquez,48,,Lobby,,10/8/25 8:07 AM,10/8/25 8:11 AM,4 minutes and 1 second,Mayra Luna
Tink-a-Tako - Potranco,Maria Majana,45,3,Lobby,,10/8/25 8:06 AM,10/8/25 8:12 AM,5 minutes and 33 seconds,Mayra Luna
Tink-a-Tako - Potranco,Norma Vasquez,57,25,Lobby,,10/8/25 8:10 AM,10/8/25 8:12 AM,2 minutes and 11 seconds,Mayra Luna
Tink-a-Tako - Potranco,Ivana Abundiz,50,,Lobby,,10/8/25 8:07 AM,10/8/25 8:12 AM,4 minutes and 44 seconds,Mayra Luna
Tink-a-Tako - Potranco,Maria Majana,45,3,,2,10/8/25 8:12 AM,10/8/25 8:13 AM,1 minute and 12 seconds,Mayra Luna
Tink-a-Tako - Potranco,Maria Majana,54,,Lobby,,10/8/25 8:09 AM,10/8/25 8:13 AM,4 minutes and 3 seconds,Mayra Luna
Tink-a-Tako - Potranco,Ivana Abundiz,53,,Lobby,,10/8/25 8:09 AM,10/8/25 8:13 AM,4 minutes and 6 seconds,Mayra Luna
Tink-a-Tako - Potranco,Ivana Abundiz,52,,Lobby,,10/8/25 8:08 AM,10/8/25 8:14 AM,5 minutes and 39 seconds,Mayra Luna
Tink-a-Tako - Potranco,Ivana Abundiz,59,,Lobby,,10/8/25 8:13 AM,10/8/25 8:14 AM,1 minute and 12 seconds,Mayra Luna
Tink-a-Tako - Potranco,Ivana Abundiz,58,,Lobby,,10/8/25 8:11 AM,10/8/25 8:18 AM,6 minutes and 6 seconds,Mayra Luna
Tink-a-Tako - Potranco,Ivana Abundiz,61,,Lobby,,10/8/25 8:17 AM,10/8/25 8:18 AM,43 seconds,Mayra Luna
Tink-a-Tako - Potranco,Ivana Abundiz,62,,Lobby,,10/8/25 8:19 AM,10/8/25 8:21 AM,2 minutes and 35 seconds,Mayra Luna
Tink-a-Tako - Potranco,Norma Vasquez,48,,Lobby,,10/8/25 8:20 AM,10/8/25 8:22 AM,2 minutes and 1 second,Mayra Luna
Tink-a-Tako - Potranco,Ivana Abundiz,64,,Lobby,,10/8/25 8:21 AM,10/8/25 8:22 AM,1 minute and 5 seconds,Mayra Luna
Tink-a-Tako - Potranco,Ivana Abundiz,60,,Lobby,,10/8/25 8:17 AM,10/8/25 8:23 AM,5 minutes and 56 seconds,Mayra Luna
Tink-a-Tako - Potranco,Esperansa Caviedes,63,24,Lobby,,10/8/25 8:21 AM,10/8/25 8:23 AM,2 minutes and 18 seconds,Mayra Luna
Tink-a-Tako - Potranco,Esperansa Caviedes,63,24,Prep,,10/8/25 8:21 AM,10/8/25 8:23 AM,2 minutes and 18 seconds,Mayra Luna
Tink-a-Tako - Potranco,Ivana Abundiz,65,,Lobby,,10/8/25 8:22 AM,10/8/25 8:24 AM,2 minutes and 38 seconds,Mayra Luna
Tink-a-Tako - Potranco,Ivana Abundiz,68,,Lobby,,10/8/25 8:25 AM,10/8/25 8:26 AM,53 seconds,Mayra Luna
Tink-a-Tako - Potranco,Ivana Abundiz,69,,Lobby,,10/8/25 8:25 AM,10/8/25 8:26 AM,52 seconds,Mayra Luna
Tink-a-Tako - Potranco,Norma Vasquez,46,,,2,10/8/25 8:04 AM,10/8/25 8:27 AM,22 minutes and 5 seconds,Mayra Luna
Tink-a-Tako - Potranco,Norma Vasquez,57,25,,2,10/8/25 8:12 AM,10/8/25 8:27 AM,14 minutes and 49 seconds,Mayra Luna
Tink-a-Tako - Potranco,Norma Vasquez,48,,,2,10/8/25 8:11 AM,10/8/25 8:27 AM,15 minutes and 44 seconds,Mayra Luna
Tink-a-Tako - Potranco,Maria Majana,54,,,2,10/8/25 8:13 AM,10/8/25 8:27 AM,13 minutes and 42 seconds,Mayra Luna
Tink-a-Tako - Potranco,Norma Vasquez,48,,,2,10/8/25 8:22 AM,10/8/25 8:27 AM,5 minutes and 1 second,Mayra Luna
Tink-a-Tako - Potranco,Esperansa Caviedes,63,24,,2,10/8/25 8:23 AM,10/8/25 8:27 AM,3 minutes and 45 seconds,Mayra Luna
Tink-a-Tako - Potranco,Ivana Abundiz,62,,Lobby,,10/8/25 8:26 AM,10/8/25 8:27 AM,1 minute and 5 seconds,Mayra Luna
Tink-a-Tako - Potranco,Ivana Abundiz,73,,Lobby,,10/8/25 8:31 AM,10/8/25 8:34 AM,3 minutes and 35 seconds,Mayra Luna
Tink-a-Tako - Potranco,Ivana Abundiz,75,,Lobby,,10/8/25 8:33 AM,10/8/25 8:34 AM,53 seconds,Mayra Luna
Tink-a-Tako - Potranco,Ivana Abundiz,76,,Lobby,,10/8/25 8:35 AM,10/8/25 8:36 AM,40 seconds,Mayra Luna
Tink-a-Tako - Potranco,Ivana Abundiz,74,,Lobby,,10/8/25 8:33 AM,10/8/25 8:37 AM,4 minutes and 1 second,Mayra Luna
Tink-a-Tako - Potranco,Maria Majana,67,,Lobby,,10/8/25 8:36 AM,10/8/25 8:38 AM,1 minute and 37 seconds,Mayra Luna
Tink-a-Tako - Potranco,Ivana Abundiz,77,,Lobby,,10/8/25 8:37 AM,10/8/25 8:38 AM,49 seconds,Mayra Luna
Tink-a-Tako - Potranco,Ivana Abundiz,78,,Lobby,,10/8/25 8:38 AM,10/8/25 8:39 AM,1 minute and 16 seconds,Mayra Luna
Tink-a-Tako - Potranco,Ivana Abundiz,82,,Lobby,,10/8/25 8:41 AM,10/8/25 8:43 AM,1 minute and 42 seconds,Mayra Luna
Tink-a-Tako - Potranco,Ivana Abundiz,82,,Prep,,10/8/25 8:41 AM,10/8/25 8:43 AM,1 minute and 42 seconds,Mayra Luna
Tink-a-Tako - Potranco,Ivana Abundiz,81,,Lobby,,10/8/25 8:40 AM,10/8/25 8:43 AM,3 minutes and 23 seconds,Mayra Luna
Tink-a-Tako - Potranco,Ivana Abundiz,83,,Lobby,,10/8/25 8:42 AM,10/8/25 8:44 AM,1 minute and 33 seconds,Mayra Luna
Tink-a-Tako - Potranco,Ivana Abundiz,84,,Lobby,,10/8/25 8:43 AM,10/8/25 8:44 AM,1 minute and 7 seconds,Mayra Luna
Tink-a-Tako - Potranco,Ivana Abundiz,85,,Lobby,,10/8/25 8:44 AM,10/8/25 8:46 AM,1 minute and 27 seconds,Mayra Luna
Tink-a-Tako - Potranco,Ivana Abundiz,86,,Lobby,,10/8/25 8:46 AM,10/8/25 8:47 AM,1 minute and 18 seconds,Mayra Luna
Tink-a-Tako - Potranco,Ivana Abundiz,88,,Lobby,,10/8/25 8:48 AM,10/8/25 8:50 AM,1 minute and 34 seconds,Mayra Luna
Tink-a-Tako - Potranco,Ivana Abundiz,88,,Prep,,10/8/25 8:48 AM,10/8/25 8:50 AM,1 minute and 34 seconds,Mayra Luna
Tink-a-Tako - Potranco,Ivana Abundiz,90,,Lobby,,10/8/25 8:52 AM,10/8/25 8:54 AM,2 minutes and 3 seconds,Mayra Luna
Tink-a-Tako - Potranco,Rosa Compean,89,18,Lobby,,10/8/25 8:48 AM,10/8/25 8:57 AM,8 minutes and 28 seconds,Mayra Luna
Tink-a-Tako - Potranco,Maria Majana,87,,Lobby,,10/8/25 8:56 AM,10/8/25 8:57 AM,1 minute and 12 seconds,Mayra Luna
Tink-a-Tako - Potranco,Ivana Abundiz,91,,Lobby,,10/8/25 8:55 AM,10/8/25 8:57 AM,2 minutes and 47 seconds,Mayra Luna
Tink-a-Tako - Potranco,Ivana Abundiz,93,,Lobby,,10/8/25 8:57 AM,10/8/25 8:59 AM,1 minute and 44 seconds,Mayra Luna
Tink-a-Tako - Potranco,Maria Majana,92,,Lobby,,10/8/25 8:58 AM,10/8/25 9:00 AM,2 minutes and 39 seconds,Mayra Luna
Tink-a-Tako - Potranco,Norma Vasquez,97,26,Lobby,,10/8/25 9:00 AM,10/8/25 9:01 AM,1 minute and 28 seconds,Mayra Luna
Tink-a-Tako - Potranco,Maria Majana,92,,,2,10/8/25 9:00 AM,10/8/25 9:02 AM,1 minute and 4 seconds,Mayra Luna
Tink-a-Tako - Potranco,Maria Majana,67,,,2,10/8/25 8:38 AM,10/8/25 9:02 AM,23 minutes and 37 seconds,Mayra Luna
Tink-a-Tako - Potranco,Rosa Compean,89,18,,2,10/8/25 8:57 AM,10/8/25 9:02 AM,4 minutes and 41 seconds,Mayra Luna
Tink-a-Tako - Potranco,Norma Vasquez,97,26,,2,10/8/25 9:01 AM,10/8/25 9:02 AM,10 seconds,Mayra Luna
Tink-a-Tako - Potranco,Maria Majana,87,,,2,10/8/25 8:57 AM,10/8/25 9:02 AM,4 minutes and 9 seconds,Mayra Luna
Tink-a-Tako - Potranco,Norma Vasquez,99,32,Lobby,,10/8/25 9:01 AM,10/8/25 9:04 AM,3 minutes and 2 seconds,Mayra Luna
Tink-a-Tako - Potranco,Ivana Abundiz,96,,Lobby,,10/8/25 9:00 AM,10/8/25 9:05 AM,5 minutes and 32 seconds,Mayra Luna
Tink-a-Tako - Potranco,Ivana Abundiz,94,,Lobby,,10/8/25 8:58 AM,10/8/25 9:06 AM,8 minutes and 26 seconds,Mayra Luna
Tink-a-Tako - Potranco,Ivana Abundiz,94,,Prep,,10/8/25 8:58 AM,10/8/25 9:06 AM,8 minutes and 26 seconds,Mayra Luna
Tink-a-Tako - Potranco,Ivana Abundiz,100,,Lobby,,10/8/25 9:02 AM,10/8/25 9:07 AM,4 minutes and 50 seconds,Mayra Luna
Tink-a-Tako - Potranco,Ivana Abundiz,100,,Prep,,10/8/25 9:02 AM,10/8/25 9:07 AM,4 minutes and 50 seconds,Mayra Luna
Tink-a-Tako - Potranco,Ivana Abundiz,101,,Lobby,,10/8/25 9:04 AM,10/8/25 9:07 AM,2 minutes and 48 seconds,Mayra Luna
Tink-a-Tako - Potranco,Ivana Abundiz,102,,Lobby,,10/8/25 9:06 AM,10/8/25 9:08 AM,1 minute and 56 seconds,Mayra Luna
Tink-a-Tako - Potranco,Esperansa Caviedes,103,22,Lobby,,10/8/25 9:06 AM,10/8/25 9:09 AM,2 minutes and 33 seconds,Mayra Luna
Tink-a-Tako - Potranco,Esperansa Caviedes,103,22,Prep,,10/8/25 9:06 AM,10/8/25 9:09 AM,2 minutes and 33 seconds,Mayra Luna
Tink-a-Tako - Potranco,Ivana Abundiz,104,,Lobby,,10/8/25 9:09 AM,10/8/25 9:10 AM,48 seconds,Mayra Luna
Tink-a-Tako - Potranco,Ivana Abundiz,104,,Prep,,10/8/25 9:09 AM,10/8/25 9:10 AM,48 seconds,Mayra Luna
Tink-a-Tako - Potranco,Ivana Abundiz,106,,Lobby,,10/8/25 9:11 AM,10/8/25 9:13 AM,2 minutes and 3 seconds,Mayra Luna
Tink-a-Tako - Potranco,Norma Vasquez,99,32,Lobby,,10/8/25 9:14 AM,10/8/25 9:15 AM,47 seconds,Mayra Luna
Tink-a-Tako - Potranco,Rosa Compean,107,24,Lobby,,10/8/25 9:14 AM,10/8/25 9:15 AM,1 minute and 23 seconds,Mayra Luna
Tink-a-Tako - Potranco,Ivana Abundiz,108,,Lobby,,10/8/25 9:16 AM,10/8/25 9:17 AM,42 seconds,Mayra Luna
Tink-a-Tako - Potranco,Rosa Compean,111,7,Lobby,,10/8/25 9:21 AM,10/8/25 9:24 AM,3 minutes and 21 seconds,Mayra Luna
Tink-a-Tako - Potranco,Ivana Abundiz,109,,Lobby,,10/8/25 9:19 AM,10/8/25 9:25 AM,5 minutes and 49 seconds,Mayra Luna
Tink-a-Tako - Potranco,Ivana Abundiz,109,,Prep,,10/8/25 9:19 AM,10/8/25 9:25 AM,5 minutes and 49 seconds,Mayra Luna
Tink-a-Tako - Potranco,Ivana Abundiz,114,,Lobby,,10/8/25 9:26 AM,10/8/25 9:26 AM,14 seconds,Mayra Luna
Tink-a-Tako - Potranco,Ivana Abundiz,114,,Prep,,10/8/25 9:26 AM,10/8/25 9:26 AM,14 seconds,Mayra Luna
Tink-a-Tako - Potranco,Esperansa Caviedes,110,17,Lobby,,10/8/25 9:21 AM,10/8/25 9:26 AM,4 minutes and 59 seconds,Mayra Luna
Tink-a-Tako - Potranco,Esperansa Caviedes,112,33,Lobby,,10/8/25 9:26 AM,10/8/25 9:27 AM,57 seconds,Mayra Luna
Tink-a-Tako - Potranco,Rosa Compean,107,24,,2,10/8/25 9:15 AM,10/8/25 9:27 AM,11 minutes and 50 seconds,Mayra Luna
Tink-a-Tako - Potranco,Norma Vasquez,99,32,,2,10/8/25 9:04 AM,10/8/25 9:27 AM,23 minutes and 27 seconds,Mayra Luna
Tink-a-Tako - Potranco,Rosa Compean,111,7,,2,10/8/25 9:24 AM,10/8/25 9:27 AM,3 minutes and 13 seconds,Mayra Luna
Tink-a-Tako - Potranco,Esperansa Caviedes,103,22,,2,10/8/25 9:09 AM,10/8/25 9:27 AM,18 minutes and 32 seconds,Mayra Luna
Tink-a-Tako - Potranco,Norma Vasquez,99,32,,2,10/8/25 9:15 AM,10/8/25 9:27 AM,11 minutes and 57 seconds,Mayra Luna
Tink-a-Tako - Potranco,Esperansa Caviedes,110,17,,2,10/8/25 9:26 AM,10/8/25 9:27 AM,1 minute and 26 seconds,Mayra Luna
Tink-a-Tako - Potranco,Rosa Compean,113,25,Lobby,,10/8/25 9:26 AM,10/8/25 9:28 AM,2 minutes and 20 seconds,Mayra Luna
Tink-a-Tako - Potranco,Rosa Compean,113,25,,2,10/8/25 9:28 AM,10/8/25 9:29 AM,32 seconds,Mayra Luna
Tink-a-Tako - Potranco,Esperansa Caviedes,112,33,,2,10/8/25 9:27 AM,10/8/25 9:29 AM,1 minute and 37 seconds,Mayra Luna
Tink-a-Tako - Potranco,Ivana Abundiz,115,,Lobby,,10/8/25 9:28 AM,10/8/25 9:30 AM,2 minutes and 10 seconds,Mayra Luna
Tink-a-Tako - Potranco,Ivana Abundiz,117,,Lobby,,10/8/25 9:29 AM,10/8/25 9:30 AM,1 minute and 16 seconds,Mayra Luna
Tink-a-Tako - Potranco,Ivana Abundiz,117,,Prep,,10/8/25 9:29 AM,10/8/25 9:30 AM,1 minute and 16 seconds,Mayra Luna
Tink-a-Tako - Potranco,Esperansa Caviedes,112,33,Lobby,,10/8/25 9:26 AM,10/8/25 9:31 AM,5 minutes and 3 seconds,Mayra Luna
Tink-a-Tako - Potranco,Esperansa Caviedes,119,37,Lobby,,10/8/25 9:30 AM,10/8/25 9:31 AM,1 minute and 29 seconds,Mayra Luna
Tink-a-Tako - Potranco,Rosa Compean,120,32,Lobby,,10/8/25 9:31 AM,10/8/25 9:32 AM,1 minute and 1 second,Mayra Luna
Tink-a-Tako - Potranco,Norma Vasquez,116,19,Lobby,,10/8/25 9:28 AM,10/8/25 9:32 AM,4 minutes and 28 seconds,Mayra Luna
Tink-a-Tako - Potranco,Ivana Abundiz,118,,Lobby,,10/8/25 9:35 AM,10/8/25 9:37 AM,2 minutes and 18 seconds,Mayra Luna
Tink-a-Tako - Potranco,Ivana Abundiz,118,,Prep,,10/8/25 9:35 AM,10/8/25 9:37 AM,2 minutes and 18 seconds,Mayra Luna
Tink-a-Tako - Potranco,Rosa Compean,120,32,,2,10/8/25 9:32 AM,10/8/25 9:38 AM,5 minutes and 16 seconds,Mayra Luna
Tink-a-Tako - Potranco,Esperansa Caviedes,112,33,,2,10/8/25 9:31 AM,10/8/25 9:38 AM,6 minutes and 57 seconds,Mayra Luna
Tink-a-Tako - Potranco,Norma Vasquez,116,19,,2,10/8/25 9:32 AM,10/8/25 9:38 AM,5 minutes and 19 seconds,Mayra Luna
Tink-a-Tako - Potranco,Ivana Abundiz,121,,Lobby,,10/8/25 9:36 AM,10/8/25 9:38 AM,2 minutes and 18 seconds,Mayra Luna
Tink-a-Tako - Potranco,Norma Vasquez,126,42,Lobby,,10/8/25 9:42 AM,10/8/25 9:44 AM,2 minutes and 4 seconds,Mayra Luna
Tink-a-Tako - Potranco,Norma Vasquez,116,19,Prep,,10/8/25 9:42 AM,10/8/25 9:45 AM,2 minutes and 39 seconds,Mayra Luna
Tink-a-Tako - Potranco,Norma Vasquez,116,19,Lobby,,10/8/25 9:42 AM,10/8/25 9:45 AM,2 minutes and 39 seconds,Mayra Luna
Tink-a-Tako - Potranco,Norma Vasquez,125,42,Lobby,,10/8/25 9:42 AM,10/8/25 9:46 AM,3 minutes and 53 seconds,Mayra Luna
Tink-a-Tako - Potranco,Norma Vasquez,128,18,Lobby,,10/8/25 9:45 AM,10/8/25 9:48 AM,2 minutes and 33 seconds,Mayra Luna
Tink-a-Tako - Potranco,Ivana Abundiz,129,,Lobby,,10/8/25 9:46 AM,10/8/25 9:49 AM,2 minutes and 58 seconds,Mayra Luna
Tink-a-Tako - Potranco,Norma Vasquez,128,18,,2,10/8/25 9:48 AM,10/8/25 9:50 AM,2 minutes and 34 seconds,Mayra Luna
Tink-a-Tako - Potranco,Esperansa Caviedes,119,37,,2,10/8/25 9:31 AM,10/8/25 9:50 AM,19 minutes and 19 seconds,Mayra Luna
Tink-a-Tako - Potranco,Norma Vasquez,116,19,,2,10/8/25 9:45 AM,10/8/25 9:50 AM,5 minutes and 56 seconds,Mayra Luna
Tink-a-Tako - Potranco,Norma Vasquez,126,42,,2,10/8/25 9:44 AM,10/8/25 9:50 AM,5 minutes and 56 seconds,Mayra Luna
Tink-a-Tako - Potranco,Norma Vasquez,125,42,,2,10/8/25 9:46 AM,10/8/25 9:50 AM,4 minutes and 10 seconds,Mayra Luna
Tink-a-Tako - Potranco,Norma Vasquez,133,42,Prep,,10/8/25 9:49 AM,10/8/25 9:51 AM,2 minutes and 38 seconds,Mayra Luna
Tink-a-Tako - Potranco,Norma Vasquez,133,42,Lobby,,10/8/25 9:49 AM,10/8/25 9:51 AM,2 minutes and 38 seconds,Mayra Luna
Tink-a-Tako - Potranco,Esperansa Caviedes,134,8,Lobby,,10/8/25 9:51 AM,10/8/25 9:52 AM,34 seconds,Mayra Luna
Tink-a-Tako - Potranco,Esperansa Caviedes,134,8,Prep,,10/8/25 9:51 AM,10/8/25 9:52 AM,34 seconds,Mayra Luna
Tink-a-Tako - Potranco,Ivana Abundiz,135,,Lobby,,10/8/25 9:51 AM,10/8/25 9:53 AM,2 minutes and 1 second,Mayra Luna
Tink-a-Tako - Potranco,Rosa Compean,132,36,,2,10/8/25 9:49 AM,10/8/25 9:55 AM,6 minutes and 13 seconds,Mayra Luna
Tink-a-Tako - Potranco,Ivana Abundiz,136,,Lobby,,10/8/25 9:55 AM,10/8/25 9:58 AM,2 minutes and 19 seconds,Mayra Luna
Tink-a-Tako - Potranco,Ivana Abundiz,139,,Lobby,,10/8/25 9:59 AM,10/8/25 9:59 AM,7 seconds,Mayra Luna
Tink-a-Tako - Potranco,Ivana Abundiz,137,,Lobby,,10/8/25 9:57 AM,10/8/25 10:01 AM,3 minutes and 23 seconds,Mayra Luna
Tink-a-Tako - Potranco,Ivana Abundiz,137,,Prep,,10/8/25 9:57 AM,10/8/25 10:01 AM,3 minutes and 23 seconds,Mayra Luna
Tink-a-Tako - Potranco,Ivana Abundiz,140,,Lobby,,10/8/25 10:00 AM,10/8/25 10:02 AM,2 minutes and 18 seconds,Mayra Luna
Tink-a-Tako - Potranco,Ivana Abundiz,140,,Prep,,10/8/25 10:00 AM,10/8/25 10:02 AM,2 minutes and 18 seconds,Mayra Luna
Tink-a-Tako - Potranco,Ivana Abundiz,141,,Lobby,,10/8/25 10:00 AM,10/8/25 10:02 AM,2 minutes and 22 seconds,Mayra Luna
Tink-a-Tako - Potranco,Norma Vasquez,138,17,Lobby,,10/8/25 9:57 AM,10/8/25 10:04 AM,6 minutes and 30 seconds,Mayra Luna
Tink-a-Tako - Potranco,Norma Vasquez,138,17,Prep,,10/8/25 9:57 AM,10/8/25 10:04 AM,6 minutes and 30 seconds,Mayra Luna
Tink-a-Tako - Potranco,Norma Vasquez,138,17,Tortillero,,10/8/25 9:57 AM,10/8/25 10:04 AM,6 minutes and 30 seconds,Mayra Luna
Tink-a-Tako - Potranco,Norma Vasquez,138,17,Lobby,,10/8/25 10:03 AM,10/8/25 10:04 AM,32 seconds,Mayra Luna
Tink-a-Tako - Potranco,Esperansa Caviedes,134,8,,2,10/8/25 9:52 AM,10/8/25 10:10 AM,17 minutes and 45 seconds,Mayra Luna
Tink-a-Tako - Potranco,Norma Vasquez,133,42,,2,10/8/25 9:51 AM,10/8/25 10:10 AM,18 minutes and 23 seconds,Mayra Luna
Tink-a-Tako - Potranco,Norma Vasquez,138,17,,2,10/8/25 10:04 AM,10/8/25 10:10 AM,6 minutes,Mayra Luna
Tink-a-Tako - Potranco,Norma Vasquez,138,17,,2,10/8/25 10:04 AM,10/8/25 10:10 AM,5 minutes and 47 seconds,Mayra Luna
Tink-a-Tako - Potranco,Ivana Abundiz,142,,Lobby,,10/8/25 10:07 AM,10/8/25 10:10 AM,3 minutes and 16 seconds,Mayra Luna
Tink-a-Tako - Potranco,Ivana Abundiz,142,,Prep,,10/8/25 10:07 AM,10/8/25 10:10 AM,3 minutes and 16 seconds,Mayra Luna
Tink-a-Tako - Potranco,Ivana Abundiz,143,,Lobby,,10/8/25 10:08 AM,10/8/25 10:13 AM,5 minutes and 42 seconds,Mayra Luna
Tink-a-Tako - Potranco,Ivana Abundiz,143,,Prep,,10/8/25 10:08 AM,10/8/25 10:13 AM,5 minutes and 42 seconds,Mayra Luna
Tink-a-Tako - Potranco,Ivana Abundiz,145,,Lobby,,10/8/25 10:11 AM,10/8/25 10:15 AM,4 minutes and 11 seconds,Mayra Luna
Tink-a-Tako - Potranco,Esperansa Caviedes,134,8,Lobby,,10/8/25 10:13 AM,10/8/25 10:15 AM,2 minutes and 37 seconds,Mayra Luna
Tink-a-Tako - Potranco,Esperansa Caviedes,144,25,Lobby,,10/8/25 10:09 AM,10/8/25 10:15 AM,6 minutes and 18 seconds,Mayra Luna
Tink-a-Tako - Potranco,Ivana Abundiz,149,,Lobby,,10/8/25 10:15 AM,10/8/25 10:17 AM,1 minute and 42 seconds,Mayra Luna
Tink-a-Tako - Potranco,Ivana Abundiz,149,,Prep,,10/8/25 10:15 AM,10/8/25 10:17 AM,1 minute and 42 seconds,Mayra Luna
Tink-a-Tako - Potranco,Rosa Compean,147,33,Lobby,,10/8/25 10:12 AM,10/8/25 10:17 AM,5 minutes and 7 seconds,Mayra Luna
Tink-a-Tako - Potranco,Ivana Abundiz,150,,Lobby,,10/8/25 10:16 AM,10/8/25 10:17 AM,59 seconds,Mayra Luna
Tink-a-Tako - Potranco,Ivana Abundiz,151,,Lobby,,10/8/25 10:17 AM,10/8/25 10:21 AM,3 minutes and 14 seconds,Mayra Luna
Tink-a-Tako - Potranco,Rosa Compean,147,33,,2,10/8/25 10:17 AM,10/8/25 10:22 AM,4 minutes and 55 seconds,Mayra Luna
Tink-a-Tako - Potranco,Rosa Compean,153,36,Lobby,,10/8/25 10:18 AM,10/8/25 10:23 AM,4 minutes and 53 seconds,Mayra Luna
Tink-a-Tako - Potranco,Esperansa Caviedes,144,25,Lobby,,10/8/25 10:25 AM,10/8/25 10:26 AM,1 minute and 13 seconds,Mayra Luna
Tink-a-Tako - Potranco,Norma Vasquez,154,23,Prep,,10/8/25 10:19 AM,10/8/25 10:28 AM,8 minutes and 8 seconds,Mayra Luna
Tink-a-Tako - Potranco,Norma Vasquez,154,23,Lobby,,10/8/25 10:19 AM,10/8/25 10:28 AM,8 minutes and 8 seconds,Mayra Luna
Tink-a-Tako - Potranco,Norma Vasquez,154,23,Tortillero,,10/8/25 10:19 AM,10/8/25 10:28 AM,8 minutes and 8 seconds,Mayra Luna
Tink-a-Tako - Potranco,Esperansa Caviedes,158,32,Prep,,10/8/25 10:23 AM,10/8/25 10:28 AM,4 minutes and 29 seconds,Mayra Luna
Tink-a-Tako - Potranco,Esperansa Caviedes,158,32,Lobby,,10/8/25 10:23 AM,10/8/25 10:28 AM,4 minutes and 29 seconds,Mayra Luna
Tink-a-Tako - Potranco,Esperansa Caviedes,158,32,Tortillero,,10/8/25 10:23 AM,10/8/25 10:28 AM,4 minutes and 29 seconds,Mayra Luna
Tink-a-Tako - Potranco,Ivana Abundiz,157,,Lobby,,10/8/25 10:23 AM,10/8/25 10:28 AM,5 minutes and 32 seconds,Mayra Luna
Tink-a-Tako - Potranco,Esperansa Caviedes,134,8,,2,10/8/25 10:15 AM,10/8/25 10:28 AM,12 minutes and 52 seconds,Mayra Luna
Tink-a-Tako - Potranco,Esperansa Caviedes,144,25,,2,10/8/25 10:15 AM,10/8/25 10:28 AM,12 minutes and 43 seconds,Mayra Luna
Tink-a-Tako - Potranco,Ivana Abundiz,159,,Lobby,,10/8/25 10:27 AM,10/8/25 10:28 AM,1 minute and 2 seconds,Mayra Luna
Tink-a-Tako - Potranco,Norma Vasquez,156,18,Lobby,,10/8/25 10:22 AM,10/8/25 10:28 AM,6 minutes and 22 seconds,Mayra Luna
Tink-a-Tako - Potranco,Ivana Abundiz,160,,Lobby,,10/8/25 10:24 AM,10/8/25 10:30 AM,5 minutes and 56 seconds,Mayra Luna
Tink-a-Tako - Potranco,Ivana Abundiz,160,,Prep,,10/8/25 10:24 AM,10/8/25 10:30 AM,5 minutes and 56 seconds,Mayra Luna
Tink-a-Tako - Potranco,Esperansa Caviedes,158,32,,2,10/8/25 10:28 AM,10/8/25 10:30 AM,2 minutes and 33 seconds,Mayra Luna
Tink-a-Tako - Potranco,Norma Vasquez,156,18,,2,10/8/25 10:28 AM,10/8/25 10:30 AM,1 minute and 45 seconds,Mayra Luna
Tink-a-Tako - Potranco,Rosa Compean,153,36,,2,10/8/25 10:23 AM,10/8/25 10:30 AM,6 minutes and 55 seconds,Mayra Luna
Tink-a-Tako - Potranco,Norma Vasquez,154,23,,2,10/8/25 10:28 AM,10/8/25 10:30 AM,2 minutes and 34 seconds,Mayra Luna
Tink-a-Tako - Potranco,Esperansa Caviedes,144,25,,2,10/8/25 10:26 AM,10/8/25 10:30 AM,4 minutes and 13 seconds,Mayra Luna
Tink-a-Tako - Potranco,Ivana Abundiz,162,,Lobby,,10/8/25 10:29 AM,10/8/25 10:32 AM,2 minutes and 45 seconds,Mayra Luna
Tink-a-Tako - Potranco,Ivana Abundiz,162,,Prep,,10/8/25 10:29 AM,10/8/25 10:32 AM,2 minutes and 45 seconds,Mayra Luna
Tink-a-Tako - Potranco,Maria Majana,161,,Lobby,,10/8/25 10:27 AM,10/8/25 10:32 AM,4 minutes and 51 seconds,Mayra Luna
Tink-a-Tako - Potranco,Ivana Abundiz,163,,Lobby,,10/8/25 10:30 AM,10/8/25 10:33 AM,2 minutes and 39 seconds,Mayra Luna
Tink-a-Tako - Potranco,Ivana Abundiz,163,,Prep,,10/8/25 10:30 AM,10/8/25 10:33 AM,2 minutes and 39 seconds,Mayra Luna
Tink-a-Tako - Potranco,Rosa Compean,164,24,Lobby,,10/8/25 10:33 AM,10/8/25 10:35 AM,2 minutes and 9 seconds,Mayra Luna
Tink-a-Tako - Potranco,Ivana Abundiz,165,,Lobby,,10/8/25 10:33 AM,10/8/25 10:36 AM,2 minutes and 37 seconds,Mayra Luna
Tink-a-Tako - Potranco,Ivana Abundiz,166,,Lobby,,10/8/25 10:34 AM,10/8/25 10:37 AM,2 minutes and 56 seconds,Mayra Luna
Tink-a-Tako - Potranco,Rosa Compean,164,24,Lobby,,10/8/25 10:38 AM,10/8/25 10:38 AM,17 seconds,Mayra Luna
Tink-a-Tako - Potranco,Ivana Abundiz,163,,Lobby,,10/8/25 10:38 AM,10/8/25 10:38 AM,21 seconds,Mayra Luna
Tink-a-Tako - Potranco,Ivana Abundiz,163,,Prep,,10/8/25 10:38 AM,10/8/25 10:38 AM,21 seconds,Mayra Luna
Tink-a-Tako - Potranco,Ivana Abundiz,168,,Lobby,,10/8/25 10:38 AM,10/8/25 10:39 AM,40 seconds,Mayra Luna
Tink-a-Tako - Potranco,Ivana Abundiz,168,,Prep,,10/8/25 10:38 AM,10/8/25 10:39 AM,40 seconds,Mayra Luna
Tink-a-Tako - Potranco,Ivana Abundiz,167,,Lobby,,10/8/25 10:35 AM,10/8/25 10:41 AM,5 minutes and 47 seconds,Mayra Luna
Tink-a-Tako - Potranco,Ivana Abundiz,167,,Prep,,10/8/25 10:35 AM,10/8/25 10:41 AM,5 minutes and 47 seconds,Mayra Luna
Tink-a-Tako - Potranco,Ivana Abundiz,170,,Lobby,,10/8/25 10:41 AM,10/8/25 10:43 AM,1 minute and 55 seconds,Mayra Luna
Tink-a-Tako - Potranco,Esperansa Caviedes,148,12,Lobby,,10/8/25 10:40 AM,10/8/25 10:46 AM,6 minutes and 24 seconds,Mayra Luna
Tink-a-Tako - Potranco,Ivana Abundiz,169,,Lobby,,10/8/25 10:39 AM,10/8/25 10:47 AM,7 minutes and 58 seconds,Mayra Luna
Tink-a-Tako - Potranco,Maria Majana,174,,Lobby,,10/8/25 10:47 AM,10/8/25 10:49 AM,1 minute and 53 seconds,Mayra Luna
Tink-a-Tako - Potranco,Norma Vasquez,172,9,Lobby,,10/8/25 10:42 AM,10/8/25 10:49 AM,6 minutes and 30 seconds,Mayra Luna
Tink-a-Tako - Potranco,Maria Majana,161,,,2,10/8/25 10:32 AM,10/8/25 10:49 AM,17 minutes and 18 seconds,Mayra Luna
Tink-a-Tako - Potranco,Rosa Compean,164,24,,2,10/8/25 10:35 AM,10/8/25 10:49 AM,13 minutes and 45 seconds,Mayra Luna
Tink-a-Tako - Potranco,Rosa Compean,164,24,,2,10/8/25 10:38 AM,10/8/25 10:49 AM,11 minutes and 23 seconds,Mayra Luna
Tink-a-Tako - Potranco,Esperansa Caviedes,148,12,,2,10/8/25 10:46 AM,10/8/25 10:49 AM,2 minutes and 57 seconds,Mayra Luna
Tink-a-Tako - Potranco,Norma Vasquez,172,9,,2,10/8/25 10:49 AM,10/8/25 10:49 AM,26 seconds,Mayra Luna
Tink-a-Tako - Potranco,Maria Majana,174,,,2,10/8/25 10:49 AM,10/8/25 10:49 AM,44 seconds,Mayra Luna
Tink-a-Tako - Potranco,Ivana Abundiz,173,,Lobby,,10/8/25 10:47 AM,10/8/25 10:50 AM,2 minutes and 49 seconds,Mayra Luna
Tink-a-Tako - Potranco,Norma Vasquez,177,38,Lobby,,10/8/25 10:48 AM,10/8/25 10:52 AM,3 minutes and 46 seconds,Mayra Luna
Tink-a-Tako - Potranco,Norma Vasquez,177,38,Prep,,10/8/25 10:48 AM,10/8/25 10:52 AM,3 minutes and 46 seconds,Mayra Luna
Tink-a-Tako - Potranco,Norma Vasquez,177,38,Tortillero,,10/8/25 10:48 AM,10/8/25 10:52 AM,3 minutes and 46 seconds,Mayra Luna
Tink-a-Tako - Potranco,Esperansa Caviedes,176,33,Lobby,,10/8/25 10:49 AM,10/8/25 10:52 AM,3 minutes and 4 seconds,Mayra Luna
Tink-a-Tako - Potranco,Rosa Compean,164,24,Lobby,,10/8/25 10:51 AM,10/8/25 10:52 AM,44 seconds,Mayra Luna
Tink-a-Tako - Potranco,Ivana Abundiz,178,,Lobby,,10/8/25 10:50 AM,10/8/25 10:54 AM,3 minutes and 13 seconds,Mayra Luna
Tink-a-Tako - Potranco,Ivana Abundiz,183,,Lobby,,10/8/25 10:55 AM,10/8/25 10:57 AM,1 minute and 52 seconds,Mayra Luna
Tink-a-Tako - Potranco,Ivana Abundiz,183,,Prep,,10/8/25 10:55 AM,10/8/25 10:57 AM,1 minute and 52 seconds,Mayra Luna
Tink-a-Tako - Potranco,Maria Majana,180,,Lobby,,10/8/25 10:52 AM,10/8/25 10:57 AM,5 minutes and 30 seconds,Mayra Luna
Tink-a-Tako - Potranco,Norma Vasquez,192,26,Lobby,,10/8/25 10:57 AM,10/8/25 10:59 AM,1 minute and 16 seconds,Mayra Luna
Tink-a-Tako - Potranco,Ivana Abundiz,188,,Lobby,,10/8/25 10:57 AM,10/8/25 10:59 AM,2 minutes and 41 seconds,Mayra Luna
Tink-a-Tako - Potranco,Ivana Abundiz,195,,Lobby,,10/8/25 11:00 AM,10/8/25 11:00 AM,15 seconds,Mayra Luna
Tink-a-Tako - Potranco,Ivana Abundiz,196,,Lobby,,10/8/25 11:01 AM,10/8/25 11:03 AM,2 minutes and 22 seconds,Mayra Luna
Tink-a-Tako - Potranco,Rosa Compean,194,17,Lobby,,10/8/25 11:00 AM,10/8/25 11:04 AM,3 minutes and 54 seconds,Mayra Luna
Tink-a-Tako - Potranco,Ivana Abundiz,200,,Lobby,,10/8/25 11:03 AM,10/8/25 11:05 AM,2 minutes and 11 seconds,Mayra Luna
Tink-a-Tako - Potranco,Ivana Abundiz,197,,Lobby,,10/8/25 11:02 AM,10/8/25 11:06 AM,3 minutes and 55 seconds,Mayra Luna
Tink-a-Tako - Potranco,Ivana Abundiz,201,,Lobby,,10/8/25 11:03 AM,10/8/25 11:07 AM,4 minutes and 15 seconds,Mayra Luna
Tink-a-Tako - Potranco,Ivana Abundiz,202,,Lobby,,10/8/25 11:05 AM,10/8/25 11:07 AM,2 minutes and 35 seconds,Mayra Luna
Tink-a-Tako - Potranco,Esperansa Caviedes,198,20,Lobby,,10/8/25 11:05 AM,10/8/25 11:09 AM,3 minutes and 22 seconds,Mayra Luna
Tink-a-Tako - Potranco,Esperansa Caviedes,198,20,,2,10/8/25 11:09 AM,10/8/25 11:09 AM,21 seconds,Mayra Luna
Tink-a-Tako - Potranco,Maria Majana,180,,,2,10/8/25 10:57 AM,10/8/25 11:09 AM,11 minutes and 47 seconds,Mayra Luna
Tink-a-Tako - Potranco,Rosa Compean,194,17,,2,10/8/25 11:04 AM,10/8/25 11:09 AM,5 minutes and 29 seconds,Mayra Luna
Tink-a-Tako - Potranco,Rosa Compean,164,24,,2,10/8/25 10:52 AM,10/8/25 11:09 AM,17 minutes and 9 seconds,Mayra Luna
Tink-a-Tako - Potranco,Esperansa Caviedes,176,33,,2,10/8/25 10:52 AM,10/8/25 11:09 AM,17 minutes and 21 seconds,Mayra Luna
Tink-a-Tako - Potranco,Norma Vasquez,177,38,,2,10/8/25 10:52 AM,10/8/25 11:10 AM,18 minutes and 8 seconds,Mayra Luna
Tink-a-Tako - Potranco,Norma Vasquez,205,26,Lobby,,10/8/25 11:09 AM,10/8/25 11:12 AM,2 minutes and 41 seconds,Mayra Luna
Tink-a-Tako - Potranco,Esperansa Caviedes,204,25,Lobby,,10/8/25 11:10 AM,10/8/25 11:12 AM,2 minutes and 2 seconds,Mayra Luna
Tink-a-Tako - Potranco,Rosa Compean,206,39,Lobby,,10/8/25 11:11 AM,10/8/25 11:14 AM,2 minutes and 42 seconds,Mayra Luna
Tink-a-Tako - Potranco,Maria Majana,208,,Lobby,,10/8/25 11:13 AM,10/8/25 11:14 AM,1 minute and 34 seconds,Mayra Luna
Tink-a-Tako - Potranco,Rosa Compean,210,31,Lobby,,10/8/25 11:14 AM,10/8/25 11:15 AM,1 minute and 15 seconds,Mayra Luna
Tink-a-Tako - Potranco,Ivana Abundiz,207,,Lobby,,10/8/25 11:12 AM,10/8/25 11:16 AM,3 minutes and 44 seconds,Mayra Luna
Tink-a-Tako - Potranco,Ivana Abundiz,211,,Lobby,,10/8/25 11:17 AM,10/8/25 11:18 AM,1 minute and 29 seconds,Mayra Luna
Tink-a-Tako - Potranco,Rosa Compean,214,18,Lobby,,10/8/25 11:18 AM,10/8/25 11:20 AM,1 minute and 49 seconds,Mayra Luna
Tink-a-Tako - Potranco,Rosa Compean,214,18,Lobby,,10/8/25 11:18 AM,10/8/25 11:20 AM,1 minute and 25 seconds,Mayra Luna
Tink-a-Tako - Potranco,Rosa Compean,210,31,,2,10/8/25 11:15 AM,10/8/25 11:20 AM,5 minutes and 8 seconds,Mayra Luna
Tink-a-Tako - Potranco,Rosa Compean,206,39,,2,10/8/25 11:14 AM,10/8/25 11:20 AM,6 minutes and 21 seconds,Mayra Luna
Tink-a-Tako - Potranco,Esperansa Caviedes,204,25,,2,10/8/25 11:12 AM,10/8/25 11:23 AM,11 minutes and 17 seconds,Mayra Luna
Tink-a-Tako - Potranco,Norma Vasquez,192,26,,2,10/8/25 10:59 AM,10/8/25 11:23 AM,24 minutes and 11 seconds,Mayra Luna
Tink-a-Tako - Potranco,Ivana Abundiz,216,,Lobby,,10/8/25 11:21 AM,10/8/25 11:24 AM,3 minutes and 22 seconds,Mayra Luna
Tink-a-Tako - Potranco,Ivana Abundiz,215,,Lobby,,10/8/25 11:20 AM,10/8/25 11:25 AM,5 minutes and 14 seconds,Mayra Luna
Tink-a-Tako - Potranco,Esperansa Caviedes,213,34,Lobby,,10/8/25 11:18 AM,10/8/25 11:26 AM,7 minutes and 9 seconds,Mayra Luna
Tink-a-Tako - Potranco,Esperansa Caviedes,213,34,Tortillero,,10/8/25 11:18 AM,10/8/25 11:26 AM,7 minutes and 9 seconds,Mayra Luna
Tink-a-Tako - Potranco,Esperansa Caviedes,213,34,Prep,,10/8/25 11:18 AM,10/8/25 11:26 AM,7 minutes and 9 seconds,Mayra Luna
Tink-a-Tako - Potranco,Norma Vasquez,218,35,Lobby,,10/8/25 11:24 AM,10/8/25 11:27 AM,3 minutes and 28 seconds,Mayra Luna
Tink-a-Tako - Potranco,Ivana Abundiz,219,,Lobby,,10/8/25 11:29 AM,10/8/25 11:31 AM,2 minutes and 2 seconds,Mayra Luna
Tink-a-Tako - Potranco,Ivana Abundiz,220,,Lobby,,10/8/25 11:31 AM,10/8/25 11:33 AM,2 minutes and 27 seconds,Mayra Luna
Tink-a-Tako - Potranco,Rosa Compean,228,32,Lobby,,10/8/25 11:35 AM,10/8/25 11:35 AM,9 seconds,Mayra Luna
Tink-a-Tako - Potranco,Norma Vasquez,218,35,,2,10/8/25 11:27 AM,10/8/25 11:36 AM,8 minutes and 51 seconds,Mayra Luna
Tink-a-Tako - Potranco,Rosa Compean,214,18,,2,10/8/25 11:20 AM,10/8/25 11:36 AM,16 minutes and 30 seconds,Mayra Luna
Tink-a-Tako - Potranco,Rosa Compean,228,32,,2,10/8/25 11:35 AM,10/8/25 11:36 AM,1 minute and 3 seconds,Mayra Luna
Tink-a-Tako - Potranco,Ivana Abundiz,227,,Lobby,,10/8/25 11:35 AM,10/8/25 11:37 AM,2 minutes and 3 seconds,Mayra Luna
Tink-a-Tako - Potranco,Ivana Abundiz,224,,Lobby,,10/8/25 11:33 AM,10/8/25 11:38 AM,5 minutes and 18 seconds,Mayra Luna
Tink-a-Tako - Potranco,Maria Majana,222,,Lobby,,10/8/25 11:32 AM,10/8/25 11:40 AM,8 minutes and 13 seconds,Mayra Luna
Tink-a-Tako - Potranco,Esperansa Caviedes,221,24,Lobby,,10/8/25 11:31 AM,10/8/25 11:40 AM,9 minutes and 50 seconds,Mayra Luna
Tink-a-Tako - Potranco,Esperansa Caviedes,204,25,Prep,,10/8/25 11:35 AM,10/8/25 11:40 AM,5 minutes and 23 seconds,Mayra Luna
Tink-a-Tako - Potranco,Esperansa Caviedes,204,25,Lobby,,10/8/25 11:35 AM,10/8/25 11:40 AM,5 minutes and 23 seconds,Mayra Luna
Tink-a-Tako - Potranco,Esperansa Caviedes,204,25,Tortillero,,10/8/25 11:35 AM,10/8/25 11:40 AM,5 minutes and 23 seconds,Mayra Luna
Tink-a-Tako - Potranco,Norma Vasquez,226,37,Lobby,,10/8/25 11:34 AM,10/8/25 11:41 AM,6 minutes and 47 seconds,Mayra Luna
Tink-a-Tako - Potranco,Esperansa Caviedes,213,34,Lobby,,10/8/25 11:39 AM,10/8/25 11:41 AM,1 minute and 18 seconds,Mayra Luna
Tink-a-Tako - Potranco,Ivana Abundiz,225,,Lobby,,10/8/25 11:33 AM,10/8/25 11:41 AM,7 minutes and 56 seconds,Mayra Luna
Tink-a-Tako - Potranco,Ivana Abundiz,229,,Lobby,,10/8/25 11:37 AM,10/8/25 11:42 AM,4 minutes and 54 seconds,Mayra Luna
Tink-a-Tako - Potranco,Esperansa Caviedes,221,24,,2,10/8/25 11:40 AM,10/8/25 11:42 AM,1 minute and 43 seconds,Mayra Luna
Tink-a-Tako - Potranco,Esperansa Caviedes,204,25,,2,10/8/25 11:40 AM,10/8/25 11:42 AM,1 minute and 41 seconds,Mayra Luna
Tink-a-Tako - Potranco,Norma Vasquez,226,37,,2,10/8/25 11:41 AM,10/8/25 11:42 AM,1 minute and 31 seconds,Mayra Luna
Tink-a-Tako - Potranco,Maria Majana,222,,,2,10/8/25 11:40 AM,10/8/25 11:42 AM,2 minutes and 19 seconds,Mayra Luna
Tink-a-Tako - Potranco,Esperansa Caviedes,213,34,,2,10/8/25 11:26 AM,10/8/25 11:42 AM,16 minutes and 39 seconds,Mayra Luna
Tink-a-Tako - Potranco,Ivana Abundiz,232,,Lobby,,10/8/25 11:41 AM,10/8/25 11:42 AM,51 seconds,Mayra Luna
Tink-a-Tako - Potranco,Ivana Abundiz,234,,Lobby,,10/8/25 11:44 AM,10/8/25 11:45 AM,44 seconds,Mayra Luna
Tink-a-Tako - Potranco,Ivana Abundiz,234,,Prep,,10/8/25 11:44 AM,10/8/25 11:45 AM,44 seconds,Mayra Luna
Tink-a-Tako - Potranco,Rosa Compean,235,33,Lobby,,10/8/25 11:44 AM,10/8/25 11:46 AM,2 minutes and 16 seconds,Mayra Luna
Tink-a-Tako - Potranco,Norma Vasquez,231,9,Lobby,,10/8/25 11:39 AM,10/8/25 11:47 AM,7 minutes and 48 seconds,Mayra Luna
Tink-a-Tako - Potranco,Esperansa Caviedes,230,16,Lobby,,10/8/25 11:37 AM,10/8/25 11:47 AM,9 minutes and 11 seconds,Mayra Luna
Tink-a-Tako - Potranco,Rosa Compean,237,19,Lobby,,10/8/25 11:47 AM,10/8/25 11:50 AM,3 minutes and 7 seconds,Mayra Luna
Tink-a-Tako - Potranco,Rosa Compean,237,19,Lobby,,10/8/25 11:48 AM,10/8/25 11:51 AM,2 minutes and 49 seconds,Mayra Luna
Tink-a-Tako - Potranco,Rosa Compean,237,19,Prep,,10/8/25 11:48 AM,10/8/25 11:51 AM,2 minutes and 49 seconds,Mayra Luna
Tink-a-Tako - Potranco,Rosa Compean,237,19,Tortillero,,10/8/25 11:48 AM,10/8/25 11:51 AM,2 minutes and 49 seconds,Mayra Luna
Tink-a-Tako - Potranco,Norma Vasquez,238,38,Lobby,,10/8/25 11:50 AM,10/8/25 11:52 AM,1 minute and 40 seconds,Mayra Luna
Tink-a-Tako - Potranco,Ivana Abundiz,240,,Lobby,,10/8/25 11:52 AM,10/8/25 11:53 AM,32 seconds,Mayra Luna
Tink-a-Tako - Potranco,Rosa Compean,237,19,,2,10/8/25 11:51 AM,10/8/25 11:54 AM,3 minutes and 48 seconds,Mayra Luna
Tink-a-Tako - Potranco,Norma Vasquez,205,26,,2,10/8/25 11:12 AM,10/8/25 11:54 AM,42 minutes and 46 seconds,Mayra Luna
Tink-a-Tako - Potranco,Norma Vasquez,231,9,,2,10/8/25 11:47 AM,10/8/25 11:54 AM,7 minutes and 45 seconds,Mayra Luna
Tink-a-Tako - Potranco,Rosa Compean,237,19,,2,10/8/25 11:50 AM,10/8/25 11:54 AM,3 minutes and 50 seconds,Mayra Luna
Tink-a-Tako - Potranco,Rosa Compean,235,33,,2,10/8/25 11:46 AM,10/8/25 11:54 AM,8 minutes and 10 seconds,Mayra Luna
Tink-a-Tako - Potranco,Rosa Compean,214,18,,2,10/8/25 11:20 AM,10/8/25 11:54 AM,34 minutes and 47 seconds,Mayra Luna
Tink-a-Tako - Potranco,Esperansa Caviedes,213,34,,2,10/8/25 11:41 AM,10/8/25 11:54 AM,13 minutes and 45 seconds,Mayra Luna
Tink-a-Tako - Potranco,Norma Vasquez,238,38,,2,10/8/25 11:52 AM,10/8/25 11:54 AM,2 minutes and 43 seconds,Mayra Luna
Tink-a-Tako - Potranco,Maria Majana,208,,,2,10/8/25 11:14 AM,10/8/25 11:54 AM,39 minutes and 58 seconds,Mayra Luna
Tink-a-Tako - Potranco,Esperansa Caviedes,230,16,,2,10/8/25 11:47 AM,10/8/25 11:54 AM,7 minutes and 50 seconds,Mayra Luna
Tink-a-Tako - Potranco,Norma Vasquez,236,21,Prep,,10/8/25 11:44 AM,10/8/25 11:55 AM,10 minutes and 42 seconds,Mayra Luna
Tink-a-Tako - Potranco,Norma Vasquez,236,21,Lobby,,10/8/25 11:44 AM,10/8/25 11:55 AM,10 minutes and 42 seconds,Mayra Luna
Tink-a-Tako - Potranco,Norma Vasquez,236,21,Tortillero,,10/8/25 11:44 AM,10/8/25 11:55 AM,10 minutes and 42 seconds,Mayra Luna
Tink-a-Tako - Potranco,Ivana Abundiz,242,,Lobby,,10/8/25 11:54 AM,10/8/25 11:56 AM,2 minutes and 27 seconds,Mayra Luna
Tink-a-Tako - Potranco,Ivana Abundiz,242,,Prep,,10/8/25 11:54 AM,10/8/25 11:56 AM,2 minutes and 27 seconds,Mayra Luna
Tink-a-Tako - Potranco,Ivana Abundiz,243,,Lobby,,10/8/25 11:56 AM,10/8/25 11:57 AM,1 minute and 1 second,Mayra Luna
Tink-a-Tako - Potranco,Rosa Compean,244,22,Lobby,,10/8/25 11:55 AM,10/8/25 11:59 AM,4 minutes and 4 seconds,Mayra Luna
Tink-a-Tako - Potranco,Esperansa Caviedes,241,17,Lobby,,10/8/25 11:54 AM,10/8/25 11:59 AM,5 minutes and 21 seconds,Mayra Luna
Tink-a-Tako - Potranco,Esperansa Caviedes,239,7,Lobby,,10/8/25 11:52 AM,10/8/25 11:59 AM,7 minutes and 29 seconds,Mayra Luna
Tink-a-Tako - Potranco,Esperansa Caviedes,245,39,Lobby,,10/8/25 11:56 AM,10/8/25 11:59 AM,2 minutes and 41 seconds,Mayra Luna
Tink-a-Tako - Potranco,Ivana Abundiz,246,,Lobby,,10/8/25 11:59 AM,10/8/25 12:01 PM,2 minutes and 43 seconds,Mayra Luna
Tink-a-Tako - Potranco,Ivana Abundiz,246,,Prep,,10/8/25 11:59 AM,10/8/25 12:01 PM,2 minutes and 43 seconds,Mayra Luna
Tink-a-Tako - Potranco,Ivana Abundiz,247,,Lobby,,10/8/25 12:00 PM,10/8/25 12:03 PM,2 minutes and 51 seconds,Mayra Luna
Tink-a-Tako - Potranco,Rosa Compean,248,23,Lobby,,10/8/25 12:00 PM,10/8/25 12:07 PM,6 minutes and 56 seconds,Mayra Luna
Tink-a-Tako - Potranco,Norma Vasquez,253,10,Lobby,,10/8/25 12:05 PM,10/8/25 12:07 PM,2 minutes and 33 seconds,Mayra Luna
Tink-a-Tako - Potranco,Esperansa Caviedes,250,34,Lobby,,10/8/25 12:06 PM,10/8/25 12:08 PM,2 minutes and 24 seconds,Mayra Luna
Tink-a-Tako - Potranco,Ivana Abundiz,252,,Lobby,,10/8/25 12:06 PM,10/8/25 12:09 PM,2 minutes and 45 seconds,Mayra Luna
Tink-a-Tako - Potranco,Rosa Compean,254,18,Lobby,,10/8/25 12:05 PM,10/8/25 12:09 PM,4 minutes and 38 seconds,Mayra Luna
Tink-a-Tako - Potranco,Ivana Abundiz,256,,Lobby,,10/8/25 12:10 PM,10/8/25 12:13 PM,3 minutes,Mayra Luna
Tink-a-Tako - Potranco,Ivana Abundiz,256,,Prep,,10/8/25 12:10 PM,10/8/25 12:13 PM,3 minutes,Mayra Luna
Tink-a-Tako - Potranco,Norma Vasquez,253,10,,2,10/8/25 12:07 PM,10/8/25 12:16 PM,8 minutes and 24 seconds,Mayra Luna
Tink-a-Tako - Potranco,Esperansa Caviedes,241,17,,2,10/8/25 11:59 AM,10/8/25 12:16 PM,16 minutes and 43 seconds,Mayra Luna
Tink-a-Tako - Potranco,Rosa Compean,248,23,,2,10/8/25 12:07 PM,10/8/25 12:16 PM,8 minutes and 27 seconds,Mayra Luna
Tink-a-Tako - Potranco,Rosa Compean,244,22,,2,10/8/25 11:59 AM,10/8/25 12:16 PM,17 minutes and 6 seconds,Mayra Luna
Tink-a-Tako - Potranco,Esperansa Caviedes,239,7,,2,10/8/25 11:59 AM,10/8/25 12:16 PM,16 minutes and 42 seconds,Mayra Luna
Tink-a-Tako - Potranco,Rosa Compean,254,18,,2,10/8/25 12:09 PM,10/8/25 12:16 PM,6 minutes and 29 seconds,Mayra Luna
Tink-a-Tako - Potranco,Esperansa Caviedes,250,34,,2,10/8/25 12:08 PM,10/8/25 12:16 PM,7 minutes and 35 seconds,Mayra Luna
Tink-a-Tako - Potranco,Esperansa Caviedes,245,39,,2,10/8/25 11:59 AM,10/8/25 12:16 PM,16 minutes and 42 seconds,Mayra Luna
Tink-a-Tako - Potranco,Esperansa Caviedes,257,8,Lobby,,10/8/25 12:14 PM,10/8/25 12:18 PM,3 minutes and 25 seconds,Mayra Luna
Tink-a-Tako - Potranco,Esperansa Caviedes,257,8,Prep,,10/8/25 12:14 PM,10/8/25 12:18 PM,3 minutes and 25 seconds,Mayra Luna
Tink-a-Tako - Potranco,Esperansa Caviedes,257,8,Tortillero,,10/8/25 12:14 PM,10/8/25 12:18 PM,3 minutes and 25 seconds,Mayra Luna
Tink-a-Tako - Potranco,Ivana Abundiz,260,,Lobby,,10/8/25 12:17 PM,10/8/25 12:18 PM,22 seconds,Mayra Luna
Tink-a-Tako - Potranco,Ivana Abundiz,260,,Prep,,10/8/25 12:17 PM,10/8/25 12:18 PM,22 seconds,Mayra Luna
Tink-a-Tako - Potranco,Ivana Abundiz,255,,Lobby,,10/8/25 12:06 PM,10/8/25 12:20 PM,13 minutes and 54 seconds,Mayra Luna
Tink-a-Tako - Potranco,Norma Vasquez,259,4,Lobby,,10/8/25 12:19 PM,10/8/25 12:24 PM,5 minutes and 42 seconds,Mayra Luna
Tink-a-Tako - Potranco,Ivana Abundiz,261,,Lobby,,10/8/25 12:21 PM,10/8/25 12:26 PM,4 minutes and 10 seconds,Mayra Luna
Tink-a-Tako - Potranco,Maria Majana,264,,Lobby,,10/8/25 12:24 PM,10/8/25 12:26 PM,2 minutes and 33 seconds,Mayra Luna
Tink-a-Tako - Potranco,Ivana Abundiz,265,,Lobby,,10/8/25 12:24 PM,10/8/25 12:27 PM,2 minutes and 57 seconds,Mayra Luna
Tink-a-Tako - Potranco,Maria Majana,264,,,2,10/8/25 12:26 PM,10/8/25 12:28 PM,1 minute and 53 seconds,Mayra Luna
Tink-a-Tako - Potranco,Norma Vasquez,236,21,,2,10/8/25 11:55 AM,10/8/25 12:28 PM,33 minutes and 9 seconds,Mayra Luna
Tink-a-Tako - Potranco,Norma Vasquez,259,4,,2,10/8/25 12:24 PM,10/8/25 12:28 PM,3 minutes and 48 seconds,Mayra Luna
Tink-a-Tako - Potranco,Esperansa Caviedes,257,8,,2,10/8/25 12:18 PM,10/8/25 12:28 PM,10 minutes and 40 seconds,Mayra Luna
Tink-a-Tako - Potranco,Norma Vasquez,253,10,Lobby,,10/8/25 12:28 PM,10/8/25 12:28 PM,30 seconds,Mayra Luna
Tink-a-Tako - Potranco,Rosa Compean,262,33,Lobby,,10/8/25 12:22 PM,10/8/25 12:30 PM,7 minutes and 23 seconds,Mayra Luna
Tink-a-Tako - Potranco,Norma Vasquez,266,24,Lobby,,10/8/25 12:24 PM,10/8/25 12:30 PM,5 minutes and 52 seconds,Mayra Luna
Tink-a-Tako - Potranco,Maria Majana,267,,Lobby,,10/8/25 12:30 PM,10/8/25 12:30 PM,24 seconds,Mayra Luna
Tink-a-Tako - Potranco,Norma Vasquez,271,32,Prep,,10/8/25 12:32 PM,10/8/25 12:35 PM,2 minutes and 31 seconds,Mayra Luna
Tink-a-Tako - Potranco,Norma Vasquez,271,32,Lobby,,10/8/25 12:32 PM,10/8/25 12:35 PM,2 minutes and 31 seconds,Mayra Luna
Tink-a-Tako - Potranco,Ivana Abundiz,269,,Lobby,,10/8/25 12:33 PM,10/8/25 12:38 PM,4 minutes and 58 seconds,Mayra Luna
Tink-a-Tako - Potranco,Ivana Abundiz,272,,Lobby,,10/8/25 12:39 PM,10/8/25 12:40 PM,1 minute and 30 seconds,Mayra Luna
Tink-a-Tako - Potranco,Ivana Abundiz,272,,Prep,,10/8/25 12:39 PM,10/8/25 12:40 PM,1 minute and 30 seconds,Mayra Luna
Tink-a-Tako - Potranco,Esperansa Caviedes,273,37,Lobby,,10/8/25 12:41 PM,10/8/25 12:43 PM,2 minutes and 2 seconds,Mayra Luna
Tink-a-Tako - Potranco,Ivana Abundiz,274,,Lobby,,10/8/25 12:43 PM,10/8/25 12:45 PM,2 minutes and 11 seconds,Mayra Luna
Tink-a-Tako - Potranco,Ivana Abundiz,275,,Lobby,,10/8/25 12:44 PM,10/8/25 12:46 PM,2 minutes,Mayra Luna
Tink-a-Tako - Potranco,Ivana Abundiz,275,,Prep,,10/8/25 12:44 PM,10/8/25 12:46 PM,2 minutes,Mayra Luna
Tink-a-Tako - Potranco,Ivana Abundiz,277,,Lobby,,10/8/25 12:45 PM,10/8/25 12:46 PM,1 minute and 6 seconds,Mayra Luna
Tink-a-Tako - Potranco,Ivana Abundiz,277,,Prep,,10/8/25 12:45 PM,10/8/25 12:46 PM,1 minute and 6 seconds,Mayra Luna
Tink-a-Tako - Potranco,Rosa Compean,276,38,Lobby,,10/8/25 12:45 PM,10/8/25 12:50 PM,4 minutes and 37 seconds,Mayra Luna
Tink-a-Tako - Potranco,Ivana Abundiz,278,,Lobby,,10/8/25 12:48 PM,10/8/25 12:52 PM,4 minutes and 3 seconds,Mayra Luna
Tink-a-Tako - Potranco,Ivana Abundiz,278,,Prep,,10/8/25 12:48 PM,10/8/25 12:52 PM,4 minutes and 3 seconds,Mayra Luna
Tink-a-Tako - Potranco,Ivana Abundiz,281,,Lobby,,10/8/25 12:52 PM,10/8/25 12:53 PM,38 seconds,Mayra Luna
Tink-a-Tako - Potranco,Norma Vasquez,279,18,Lobby,,10/8/25 12:50 PM,10/8/25 12:53 PM,3 minutes and 21 seconds,Mayra Luna
Tink-a-Tako - Potranco,Norma Vasquez,253,10,,2,10/8/25 12:28 PM,10/8/25 12:56 PM,27 minutes and 9 seconds,Mayra Luna
Tink-a-Tako - Potranco,Rosa Compean,262,33,,2,10/8/25 12:30 PM,10/8/25 12:56 PM,25 minutes and 45 seconds,Mayra Luna
Tink-a-Tako - Potranco,Esperansa Caviedes,273,37,,2,10/8/25 12:43 PM,10/8/25 12:56 PM,12 minutes and 59 seconds,Mayra Luna
Tink-a-Tako - Potranco,Maria Majana,267,,,2,10/8/25 12:30 PM,10/8/25 12:56 PM,25 minutes and 7 seconds,Mayra Luna
Tink-a-Tako - Potranco,Ivana Abundiz,282,,Lobby,,10/8/25 12:55 PM,10/8/25 12:58 PM,2 minutes and 22 seconds,Mayra Luna
Tink-a-Tako - Potranco,Maria Majana,283,,Lobby,,10/8/25 12:55 PM,10/8/25 12:59 PM,3 minutes and 45 seconds,Mayra Luna
Tink-a-Tako - Potranco,Ivana Abundiz,286,,Lobby,,10/8/25 1:01 PM,10/8/25 1:03 PM,2 minutes and 4 seconds,Mayra Luna
Tink-a-Tako - Potranco,Ivana Abundiz,287,,Lobby,,10/8/25 1:06 PM,10/8/25 1:07 PM,14 seconds,Mayra Luna
Tink-a-Tako - Potranco,Norma Vasquez,271,32,Lobby,,10/8/25 1:02 PM,10/8/25 1:07 PM,5 minutes and 45 seconds,Mayra Luna
Tink-a-Tako - Potranco,Ivana Abundiz,287,,Lobby,,10/8/25 1:06 PM,10/8/25 1:10 PM,4 minutes and 18 seconds,Mayra Luna
Tink-a-Tako - Potranco,Ivana Abundiz,288,,Lobby,,10/8/25 1:08 PM,10/8/25 1:12 PM,3 minutes and 49 seconds,Mayra Luna
Tink-a-Tako - Potranco,Maria Majana,291,,Lobby,,10/8/25 1:13 PM,10/8/25 1:20 PM,6 minutes and 56 seconds,Mayra Luna
Tink-a-Tako - Potranco,Maria Majana,291,,,2,10/8/25 1:20 PM,10/8/25 1:20 PM,28 seconds,Mayra Luna
Tink-a-Tako - Potranco,Maria Majana,290,,Lobby,,10/8/25 1:11 PM,10/8/25 1:21 PM,10 minutes and 39 seconds,Mayra Luna
Tink-a-Tako - Potranco,Ivana Abundiz,293,,Lobby,,10/8/25 1:18 PM,10/8/25 1:23 PM,5 minutes and 22 seconds,Mayra Luna
Tink-a-Tako - Potranco,Esperansa Caviedes,250,34,Lobby,,10/8/25 1:18 PM,10/8/25 1:24 PM,5 minutes and 54 seconds,Mayra Luna
Tink-a-Tako - Potranco,Ivana Abundiz,296,,Lobby,,10/8/25 1:21 PM,10/8/25 1:26 PM,5 minutes and 26 seconds,Mayra Luna
Tink-a-Tako - Potranco,Rosa Compean,294,23,Lobby,,10/8/25 1:18 PM,10/8/25 1:27 PM,8 minutes and 15 seconds,Mayra Luna
Tink-a-Tako - Potranco,Ivana Abundiz,296,,Lobby,,10/8/25 1:27 PM,10/8/25 1:27 PM,9 seconds,Mayra Luna
Tink-a-Tako - Potranco,Esperansa Caviedes,250,34,,2,10/8/25 1:24 PM,10/8/25 1:40 PM,15 minutes and 44 seconds,Mayra Luna
Tink-a-Tako - Potranco,Maria Majana,290,,,2,10/8/25 1:21 PM,10/8/25 1:40 PM,18 minutes and 37 seconds,Mayra Luna
Tink-a-Tako - Potranco,Norma Vasquez,271,32,,2,10/8/25 1:07 PM,10/8/25 1:40 PM,32 minutes and 18 seconds,Mayra Luna
Tink-a-Tako - Potranco,Maria Majana,283,,,2,10/8/25 12:59 PM,10/8/25 1:40 PM,41 minutes and 14 seconds,Mayra Luna
Tink-a-Tako - Potranco,Norma Vasquez,279,18,,2,10/8/25 12:53 PM,10/8/25 1:40 PM,46 minutes and 41 seconds,Mayra Luna
Tink-a-Tako - Potranco,Norma Vasquez,271,32,,2,10/8/25 12:35 PM,10/8/25 1:40 PM,1 hour and 5 minutes,Mayra Luna
Tink-a-Tako - Potranco,Rosa Compean,294,23,,2,10/8/25 1:27 PM,10/8/25 1:40 PM,13 minutes and 9 seconds,Mayra Luna
Tink-a-Tako - Potranco,Norma Vasquez,266,24,,2,10/8/25 12:30 PM,10/8/25 1:40 PM,"1 hour, 10 minutes and 3 seconds",Mayra Luna
Tink-a-Tako - Potranco,Rosa Compean,276,38,,2,10/8/25 12:50 PM,10/8/25 1:40 PM,49 minutes and 45 seconds,Mayra Luna
Tink-a-Tako - Potranco,Norma Vasquez,301,24,Lobby,,10/8/25 1:35 PM,10/8/25 1:42 PM,7 minutes and 8 seconds,Mayra Luna
Tink-a-Tako - Potranco,Maria Majana,303,,Lobby,,10/8/25 1:42 PM,10/8/25 1:44 PM,1 minute and 44 seconds,Mayra Luna
Tink-a-Tako - Potranco,Esperansa Caviedes,302,25,Lobby,,10/8/25 1:39 PM,10/8/25 1:45 PM,6 minutes and 5 seconds,Mayra Luna
Tink-a-Tako - Potranco,Ivana Abundiz,305,,Lobby,,10/8/25 1:44 PM,10/8/25 1:45 PM,1 minute and 47 seconds,Mayra Luna
Tink-a-Tako - Potranco,Ivana Abundiz,306,,Lobby,,10/8/25 1:48 PM,10/8/25 1:49 PM,42 seconds,Mayra Luna
Tink-a-Tako - Potranco,Ivana Abundiz,306,,Prep,,10/8/25 1:48 PM,10/8/25 1:49 PM,42 seconds,Mayra Luna
Tink-a-Tako - Potranco,Rosa Compean,307,7,Lobby,,10/8/25 1:47 PM,10/8/25 1:55 PM,8 minutes and 33 seconds,Mayra Luna
Tink-a-Tako - Potranco,Norma Vasquez,309,32,Lobby,,10/8/25 1:54 PM,10/8/25 2:00 PM,5 minutes and 52 seconds,Mayra Luna
Tink-a-Tako - Potranco,Lizeth Alonso,308,,Lobby,,10/8/25 1:54 PM,10/8/25 2:04 PM,10 minutes and 4 seconds,Mayra Luna
Tink-a-Tako - Potranco,Sergio Abundiz,312,22,Lobby,,10/8/25 1:58 PM,10/8/25 2:06 PM,8 minutes and 3 seconds,Mayra Luna
Tink-a-Tako - Potranco,Lizeth Alonso,316,,Lobby,,10/8/25 2:04 PM,10/8/25 2:08 PM,4 minutes and 3 seconds,Mayra Luna
Tink-a-Tako - Potranco,Sergio Abundiz,313,37,Lobby,,10/8/25 1:58 PM,10/8/25 2:11 PM,12 minutes and 53 seconds,Mayra Luna
Tink-a-Tako - Potranco,Sergio Abundiz,315,20,Lobby,,10/8/25 2:01 PM,10/8/25 2:12 PM,11 minutes and 18 seconds,Mayra Luna
Tink-a-Tako - Potranco,Lizeth Alonso,318,,Lobby,,10/8/25 2:05 PM,10/8/25 2:14 PM,9 minutes and 13 seconds,Mayra Luna
Tink-a-Tako - Potranco,Sergio Abundiz,314,,Lobby,,10/8/25 2:02 PM,10/8/25 2:14 PM,12 minutes and 42 seconds,Mayra Luna
Tink-a-Tako - Potranco,Norma Vasquez,309,32,,2,10/8/25 2:00 PM,10/8/25 2:19 PM,18 minutes and 51 seconds,Mayra Luna
Tink-a-Tako - Potranco,Rosa Compean,307,7,,2,10/8/25 1:55 PM,10/8/25 2:19 PM,23 minutes and 19 seconds,Mayra Luna
Tink-a-Tako - Potranco,Sergio Abundiz,315,20,,2,10/8/25 2:12 PM,10/8/25 2:19 PM,6 minutes and 17 seconds,Mayra Luna
Tink-a-Tako - Potranco,Sergio Abundiz,312,22,,2,10/8/25 2:06 PM,10/8/25 2:19 PM,12 minutes and 34 seconds,Mayra Luna
Tink-a-Tako - Potranco,Sergio Abundiz,313,37,,2,10/8/25 2:11 PM,10/8/25 2:19 PM,7 minutes and 35 seconds,Mayra Luna
Tink-a-Tako - Potranco,Esperansa Caviedes,302,25,,2,10/8/25 1:45 PM,10/8/25 2:19 PM,33 minutes and 27 seconds,Mayra Luna
Tink-a-Tako - Potranco,Norma Vasquez,301,24,,2,10/8/25 1:42 PM,10/8/25 2:19 PM,36 minutes and 19 seconds,Mayra Luna
Tink-a-Tako - Potranco,Sergio Abundiz,314,,,2,10/8/25 2:14 PM,10/8/25 2:19 PM,4 minutes and 26 seconds,Mayra Luna
Tink-a-Tako - Potranco,Maria Majana,303,,,2,10/8/25 1:44 PM,10/8/25 2:19 PM,35 minutes and 2 seconds,Mayra Luna
Tink-a-Tako - Potranco,Lizeth Alonso,320,,Lobby,,10/8/25 2:21 PM,10/8/25 2:23 PM,1 minute and 42 seconds,Mayra Luna
Tink-a-Tako - Potranco,Sergio Abundiz,319,18,Lobby,,10/8/25 2:20 PM,10/8/25 2:23 PM,3 minutes and 24 seconds,Mayra Luna
Tink-a-Tako - Potranco,Lizeth Alonso,321,,Lobby,,10/8/25 2:27 PM,10/8/25 2:29 PM,1 minute and 49 seconds,Mayra Luna
Tink-a-Tako - Potranco,Sergio Abundiz,323,17,Lobby,,10/8/25 2:32 PM,10/8/25 2:40 PM,8 minutes and 20 seconds,Mayra Luna
Tink-a-Tako - Potranco,Sergio Abundiz,324,24,Lobby,,10/8/25 2:35 PM,10/8/25 2:40 PM,5 minutes and 31 seconds,Mayra Luna
Tink-a-Tako - Potranco,Lizeth Alonso,322,,Lobby,,10/8/25 2:30 PM,10/8/25 2:44 PM,13 minutes and 58 seconds,Mayra Luna
Tink-a-Tako - Potranco,Lizeth Alonso,326,,Lobby,,10/8/25 2:47 PM,10/8/25 2:52 PM,4 minutes and 40 seconds,Mayra Luna
Tink-a-Tako - Potranco,Lizeth Alonso,325,,Lobby,,10/8/25 2:45 PM,10/8/25 2:52 PM,6 minutes and 21 seconds,Mayra Luna
Tink-a-Tako - Potranco,Sergio Abundiz,328,33,Lobby,,10/8/25 2:50 PM,10/8/25 2:52 PM,2 minutes and 36 seconds,Mayra Luna
Tink-a-Tako - Potranco,Sergio Abundiz,329,21,Lobby,,10/8/25 3:00 PM,10/8/25 3:07 PM,6 minutes and 34 seconds,Mayra Luna
Tink-a-Tako - Potranco,Lizeth Alonso,331,,Lobby,,10/8/25 3:08 PM,10/8/25 3:08 PM,41 seconds,Mayra Luna
Tink-a-Tako - Potranco,Sergio Abundiz,330,,Tortillero,,10/8/25 3:01 PM,10/8/25 3:15 PM,13 minutes and 39 seconds,Mayra Luna
Tink-a-Tako - Potranco,Sergio Abundiz,330,,Lobby,,10/8/25 3:01 PM,10/8/25 3:15 PM,13 minutes and 39 seconds,Mayra Luna
Tink-a-Tako - Potranco,Sergio Abundiz,330,,Prep,,10/8/25 3:01 PM,10/8/25 3:15 PM,13 minutes and 39 seconds,Mayra Luna
Tink-a-Tako - Potranco,Lizeth Alonso,331,,Lobby,,10/8/25 3:07 PM,10/8/25 3:15 PM,8 minutes and 7 seconds,Mayra Luna
Tink-a-Tako - Potranco,Lizeth Alonso,326,,Lobby,,10/8/25 3:16 PM,10/8/25 3:23 PM,7 minutes and 15 seconds,Mayra Luna
Tink-a-Tako - Potranco,Lizeth Alonso,332,,Lobby,,10/8/25 3:15 PM,10/8/25 3:23 PM,8 minutes and 4 seconds,Mayra Luna
Tink-a-Tako - Potranco,Lizeth Alonso,335,,Lobby,,10/8/25 3:19 PM,10/8/25 3:27 PM,7 minutes and 25 seconds,Mayra Luna
Tink-a-Tako - Potranco,Sergio Abundiz,334,24,Lobby,,10/8/25 3:17 PM,10/8/25 3:27 PM,9 minutes and 56 seconds,Mayra Luna
Tink-a-Tako - Potranco,Sergio Abundiz,336,32,Lobby,,10/8/25 3:27 PM,10/8/25 3:28 PM,1 minute and 4 seconds,Mayra Luna
Tink-a-Tako - Potranco,Lizeth Alonso,337,,Lobby,,10/8/25 3:36 PM,10/8/25 3:42 PM,6 minutes and 3 seconds,Mayra Luna
Tink-a-Tako - Potranco,Lizeth Alonso,338,,Lobby,,10/8/25 3:38 PM,10/8/25 3:43 PM,5 minutes and 20 seconds,Mayra Luna
Tink-a-Tako - Potranco,Lizeth Alonso,342,,Lobby,,10/8/25 3:40 PM,10/8/25 3:43 PM,2 minutes and 49 seconds,Mayra Luna
Tink-a-Tako - Potranco,Lizeth Alonso,343,,Lobby,,10/8/25 3:40 PM,10/8/25 3:49 PM,8 minutes and 19 seconds,Mayra Luna
Tink-a-Tako - Potranco,Lizeth Alonso,346,,Lobby,,10/8/25 3:47 PM,10/8/25 3:49 PM,1 minute and 18 seconds,Mayra Luna
Tink-a-Tako - Potranco,Sergio Abundiz,340,12,Lobby,,10/8/25 3:38 PM,10/8/25 3:54 PM,15 minutes and 31 seconds,Mayra Luna
Tink-a-Tako - Potranco,Lizeth Alonso,347,,Lobby,,10/8/25 3:48 PM,10/8/25 3:56 PM,7 minutes and 36 seconds,Mayra Luna
Tink-a-Tako - Potranco,Sergio Abundiz,328,33,,2,10/8/25 2:52 PM,10/8/25 3:59 PM,"1 hour, 7 minutes and 12 seconds",Mayra Luna
Tink-a-Tako - Potranco,Sergio Abundiz,319,18,,2,10/8/25 2:23 PM,10/8/25 3:59 PM,"1 hour, 36 minutes and 31 seconds",Mayra Luna
Tink-a-Tako - Potranco,Sergio Abundiz,323,17,,2,10/8/25 2:40 PM,10/8/25 3:59 PM,"1 hour, 19 minutes and 4 seconds",Mayra Luna
Tink-a-Tako - Potranco,Sergio Abundiz,324,24,,2,10/8/25 2:40 PM,10/8/25 3:59 PM,"1 hour, 19 minutes and 3 seconds",Mayra Luna
Tink-a-Tako - Potranco,Sergio Abundiz,329,21,,2,10/8/25 3:07 PM,10/8/25 3:59 PM,52 minutes and 24 seconds,Mayra Luna
Tink-a-Tako - Potranco,Sergio Abundiz,334,24,,2,10/8/25 3:27 PM,10/8/25 4:00 PM,32 minutes and 6 seconds,Mayra Luna
Tink-a-Tako - Potranco,Sergio Abundiz,330,,,2,10/8/25 3:15 PM,10/8/25 3:59 PM,44 minutes and 21 seconds,Mayra Luna
Tink-a-Tako - Potranco,Sergio Abundiz,340,12,,2,10/8/25 3:54 PM,10/8/25 4:00 PM,5 minutes and 47 seconds,Mayra Luna
Tink-a-Tako - Potranco,Sergio Abundiz,336,32,,2,10/8/25 3:28 PM,10/8/25 4:00 PM,31 minutes and 22 seconds,Mayra Luna
Tink-a-Tako - Potranco,Lizeth Alonso,348,,Lobby,,10/8/25 3:57 PM,10/8/25 4:01 PM,3 minutes and 55 seconds,Mayra Luna
Tink-a-Tako - Potranco,Lizeth Alonso,349,,Lobby,,10/8/25 3:58 PM,10/8/25 4:03 PM,4 minutes and 59 seconds,Mayra Luna
Tink-a-Tako - Potranco,Lizeth Alonso,350,,Lobby,,10/8/25 3:59 PM,10/8/25 4:03 PM,3 minutes and 40 seconds,Mayra Luna
Tink-a-Tako - Potranco,Sergio Abundiz,352,22,Lobby,,10/8/25 4:04 PM,10/8/25 4:18 PM,13 minutes and 25 seconds,Mayra Luna
Tink-a-Tako - Potranco,Lizeth Alonso,353,,Lobby,,10/8/25 4:24 PM,10/8/25 4:30 PM,5 minutes and 57 seconds,Mayra Luna
Tink-a-Tako - Potranco,Sergio Abundiz,354,37,Lobby,,10/8/25 4:26 PM,10/8/25 4:36 PM,9 minutes and 30 seconds,Mayra Luna
Tink-a-Tako - Potranco,Sergio Abundiz,354,37,Tortillero,,10/8/25 4:26 PM,10/8/25 4:36 PM,9 minutes and 30 seconds,Mayra Luna
Tink-a-Tako - Potranco,Lizeth Alonso,356,,Lobby,,10/8/25 4:40 PM,10/8/25 4:47 PM,6 minutes and 5 seconds,Mayra Luna
Tink-a-Tako - Potranco,Sergio Abundiz,355,33,Lobby,,10/8/25 4:39 PM,10/8/25 4:47 PM,7 minutes and 15 seconds,Mayra Luna
Tink-a-Tako - Potranco,Sergio Abundiz,357,26,Lobby,,10/8/25 5:02 PM,10/8/25 5:02 PM,51 seconds,Mayra Luna
Tink-a-Tako - Potranco,Lizeth Alonso,359,,Lobby,,10/8/25 5:06 PM,10/8/25 5:09 PM,3 minutes and 49 seconds,Mayra Luna
Tink-a-Tako - Potranco,Lizeth Alonso,358,,Lobby,,10/8/25 5:04 PM,10/8/25 5:12 PM,7 minutes and 19 seconds,Mayra Luna
Tink-a-Tako - Potranco,Lizeth Alonso,360,,Lobby,,10/8/25 5:14 PM,10/8/25 5:20 PM,5 minutes and 39 seconds,Mayra Luna
Tink-a-Tako - Potranco,Lizeth Alonso,360,,Prep,,10/8/25 5:14 PM,10/8/25 5:20 PM,5 minutes and 39 seconds,Mayra Luna
Tink-a-Tako - Potranco,Lizeth Alonso,362,,Lobby,,10/8/25 5:19 PM,10/8/25 5:20 PM,49 seconds,Mayra Luna
Tink-a-Tako - Potranco,Sergio Abundiz,361,23,Lobby,,10/8/25 5:19 PM,10/8/25 5:24 PM,5 minutes and 8 seconds,Mayra Luna
Tink-a-Tako - Potranco,Sergio Abundiz,363,7,Lobby,,10/8/25 5:23 PM,10/8/25 5:28 PM,4 minutes and 34 seconds,Mayra Luna
Tink-a-Tako - Potranco,Lizeth Alonso,364,,Lobby,,10/8/25 5:34 PM,10/8/25 5:36 PM,2 minutes and 24 seconds,Mayra Luna
Tink-a-Tako - Potranco,Sergio Abundiz,363,7,Lobby,,10/8/25 5:46 PM,10/8/25 5:48 PM,1 minute and 23 seconds,Mayra Luna
Tink-a-Tako - Potranco,Lizeth Alonso,365,,Lobby,,10/8/25 5:42 PM,10/8/25 5:50 PM,7 minutes and 34 seconds,Mayra Luna
Tink-a-Tako - Potranco,Sergio Abundiz,366,33,Lobby,,10/8/25 5:53 PM,10/8/25 5:56 PM,2 minutes and 59 seconds,Mayra Luna
Tink-a-Tako - Potranco,Sergio Abundiz,367,,Lobby,,10/8/25 6:01 PM,10/8/25 6:08 PM,6 minutes and 35 seconds,Mayra Luna
Tink-a-Tako - Potranco,Lizeth Alonso,368,,Lobby,,10/8/25 6:06 PM,10/8/25 6:09 PM,2 minutes and 8 seconds,Mayra Luna
Tink-a-Tako - Potranco,Sergio Abundiz,369,38,Prep,,10/8/25 6:16 PM,10/8/25 6:17 PM,1 minute and 8 seconds,Mayra Luna
Tink-a-Tako - Potranco,Sergio Abundiz,369,38,Lobby,,10/8/25 6:16 PM,10/8/25 6:17 PM,1 minute and 8 seconds,Mayra Luna
Tink-a-Tako - Potranco,Lizeth Alonso,371,,Lobby,,10/8/25 6:30 PM,10/8/25 6:34 PM,4 minutes and 5 seconds,Mayra Luna
Tink-a-Tako - Potranco,Sergio Abundiz,352,22,,2,10/8/25 4:18 PM,10/8/25 6:36 PM,"2 hours, 18 minutes and 22 seconds",Mayra Luna
Tink-a-Tako - Potranco,Sergio Abundiz,354,37,,2,10/8/25 4:36 PM,10/8/25 6:36 PM,2 hours and 19 seconds,Mayra Luna
Tink-a-Tako - Potranco,Sergio Abundiz,355,33,,2,10/8/25 4:47 PM,10/8/25 6:36 PM,"1 hour, 49 minutes and 19 seconds",Mayra Luna
Tink-a-Tako - Potranco,Sergio Abundiz,361,23,,2,10/8/25 5:24 PM,10/8/25 6:36 PM,"1 hour, 11 minutes and 39 seconds",Mayra Luna
Tink-a-Tako - Potranco,Sergio Abundiz,357,26,,2,10/8/25 5:02 PM,10/8/25 6:36 PM,"1 hour, 33 minutes and 33 seconds",Mayra Luna
Tink-a-Tako - Potranco,Sergio Abundiz,363,7,,2,10/8/25 5:48 PM,10/8/25 6:36 PM,48 minutes and 15 seconds,Mayra Luna
Tink-a-Tako - Potranco,Sergio Abundiz,366,33,,2,10/8/25 5:56 PM,10/8/25 6:36 PM,39 minutes and 44 seconds,Mayra Luna
Tink-a-Tako - Potranco,Sergio Abundiz,372,,Lobby,,10/8/25 6:28 PM,10/8/25 6:37 PM,9 minutes and 18 seconds,Mayra Luna
Tink-a-Tako - Potranco,Sergio Abundiz,375,32,Lobby,,10/8/25 6:35 PM,10/8/25 6:39 PM,3 minutes and 55 seconds,Mayra Luna
Tink-a-Tako - Potranco,Lizeth Alonso,370,,Lobby,,10/8/25 6:25 PM,10/8/25 6:41 PM,15 minutes and 39 seconds,Mayra Luna
Tink-a-Tako - Potranco,Lizeth Alonso,370,,Tortillero,,10/8/25 6:25 PM,10/8/25 6:41 PM,15 minutes and 39 seconds,Mayra Luna
Tink-a-Tako - Potranco,Lizeth Alonso,370,,Prep,,10/8/25 6:25 PM,10/8/25 6:41 PM,15 minutes and 39 seconds,Mayra Luna
Tink-a-Tako - Potranco,Mayra Luna,376,7,Lobby,,10/8/25 6:39 PM,10/8/25 6:43 PM,3 minutes and 56 seconds,Mayra Luna
Tink-a-Tako - Potranco,Lizeth Alonso,373,,Lobby,,10/8/25 6:35 PM,10/8/25 6:44 PM,9 minutes and 16 seconds,Mayra Luna
Tink-a-Tako - Potranco,Lizeth Alonso,377,,Lobby,,10/8/25 6:43 PM,10/8/25 6:49 PM,5 minutes and 35 seconds,Mayra Luna
Tink-a-Tako - Potranco,Lizeth Alonso,374,,Tortillero,,10/8/25 6:36 PM,10/8/25 6:53 PM,17 minutes and 12 seconds,Mayra Luna
Tink-a-Tako - Potranco,Lizeth Alonso,374,,Lobby,,10/8/25 6:36 PM,10/8/25 6:53 PM,17 minutes and 12 seconds,Mayra Luna
Tink-a-Tako - Potranco,Lizeth Alonso,378,,Lobby,,10/8/25 6:46 PM,10/8/25 6:53 PM,7 minutes and 9 seconds,Mayra Luna
Tink-a-Tako - Potranco,Lizeth Alonso,379,,Lobby,,10/8/25 6:47 PM,10/8/25 6:54 PM,6 minutes and 16 seconds,Mayra Luna
Tink-a-Tako - Potranco,Sergio Abundiz,367,,,2,10/8/25 6:08 PM,10/8/25 7:02 PM,54 minutes and 29 seconds,Mayra Luna
Tink-a-Tako - Potranco,Sergio Abundiz,372,,,2,10/8/25 6:37 PM,10/8/25 7:02 PM,24 minutes and 57 seconds,Mayra Luna
Tink-a-Tako - Potranco,Sergio Abundiz,363,7,,2,10/8/25 5:28 PM,10/8/25 7:06 PM,"1 hour, 38 minutes and 7 seconds",Mayra Luna
Tink-a-Tako - Potranco,Mayra Luna,376,7,,2,10/8/25 6:43 PM,10/8/25 7:06 PM,23 minutes and 14 seconds,Mayra Luna
Tink-a-Tako - Potranco,Sergio Abundiz,369,38,,2,10/8/25 6:17 PM,10/8/25 7:06 PM,49 minutes and 3 seconds,Mayra Luna
Tink-a-Tako - Potranco,Sergio Abundiz,375,32,,2,10/8/25 6:39 PM,10/8/25 7:06 PM,26 minutes and 43 seconds,Mayra Luna
Tink-a-Tako - Potranco,Sergio Abundiz,380,23,Lobby,,10/8/25 7:00 PM,10/8/25 7:08 PM,8 minutes and 9 seconds,Mayra Luna
Tink-a-Tako - Potranco,Sergio Abundiz,380,23,Lobby,,10/8/25 7:05 PM,10/8/25 7:08 PM,3 minutes,Mayra Luna
Tink-a-Tako - Potranco,Lizeth Alonso,381,,Lobby,,10/8/25 7:06 PM,10/8/25 7:09 PM,2 minutes and 58 seconds,Mayra Luna
Tink-a-Tako - Potranco,Sergio Abundiz,382,8,Lobby,,10/8/25 7:17 PM,10/8/25 7:20 PM,3 minutes and 45 seconds,Mayra Luna
Tink-a-Tako - Potranco,Lizeth Alonso,386,,Lobby,,10/8/25 7:26 PM,10/8/25 7:30 PM,3 minutes and 17 seconds,Mayra Luna
Tink-a-Tako - Potranco,Sergio Abundiz,380,23,,2,10/8/25 7:08 PM,10/8/25 7:33 PM,24 minutes and 13 seconds,Mayra Luna
Tink-a-Tako - Potranco,Sergio Abundiz,380,23,,2,10/8/25 7:08 PM,10/8/25 7:33 PM,24 minutes and 11 seconds,Mayra Luna
Tink-a-Tako - Potranco,Sergio Abundiz,382,8,,2,10/8/25 7:20 PM,10/8/25 7:33 PM,12 minutes and 18 seconds,Mayra Luna
Tink-a-Tako - Potranco,Mayra Luna,385,32,Lobby,,10/8/25 7:26 PM,10/8/25 7:44 PM,17 minutes and 48 seconds,Mayra Luna
Tink-a-Tako - Potranco,Sergio Abundiz,384,22,Lobby,,10/8/25 7:25 PM,10/8/25 7:44 PM,18 minutes and 57 seconds,Mayra Luna
Tink-a-Tako - Potranco,Sergio Abundiz,383,35,Lobby,,10/8/25 7:27 PM,10/8/25 7:44 PM,17 minutes and 1 second,Mayra Luna
Tink-a-Tako - Potranco,Sergio Abundiz,383,35,Prep,,10/8/25 7:27 PM,10/8/25 7:44 PM,17 minutes and 1 second,Mayra Luna
Tink-a-Tako - Potranco,Sergio Abundiz,383,35,Tortillero,,10/8/25 7:27 PM,10/8/25 7:44 PM,17 minutes and 1 second,Mayra Luna
Tink-a-Tako - Potranco,Sergio Abundiz,383,35,Lobby,,10/8/25 7:46 PM,10/8/25 7:47 PM,40 seconds,Mayra Luna
Tink-a-Tako - Potranco,Sergio Abundiz,383,35,Lobby,,10/8/25 7:42 PM,10/8/25 7:47 PM,4 minutes and 20 seconds,Mayra Luna
Tink-a-Tako - Potranco,Sergio Abundiz,383,35,,2,10/8/25 7:44 PM,10/8/25 7:47 PM,3 minutes and 4 seconds,Mayra Luna
Tink-a-Tako - Potranco,Mayra Luna,385,32,,2,10/8/25 7:44 PM,10/8/25 7:47 PM,3 minutes and 7 seconds,Mayra Luna
Tink-a-Tako - Potranco,Sergio Abundiz,384,22,,2,10/8/25 7:44 PM,10/8/25 7:47 PM,3 minutes and 8 seconds,Mayra Luna
Tink-a-Tako - Potranco,Sergio Abundiz,383,35,,2,10/8/25 7:47 PM,10/8/25 7:47 PM,44 seconds,Mayra Luna
Tink-a-Tako - Potranco,Sergio Abundiz,383,35,,2,10/8/25 7:47 PM,10/8/25 7:47 PM,49 seconds,Mayra Luna
Tink-a-Tako - Potranco,Lizeth Alonso,387,,Lobby,,10/8/25 7:32 PM,10/8/25 7:48 PM,15 minutes and 37 seconds,Mayra Luna
Tink-a-Tako - Potranco,Sergio Abundiz,383,35,Lobby,,10/8/25 7:31 PM,10/8/25 7:52 PM,21 minutes and 33 seconds,Mayra Luna
Tink-a-Tako - Potranco,Sergio Abundiz,388,25,Lobby,,10/8/25 7:32 PM,10/8/25 7:52 PM,19 minutes and 58 seconds,Mayra Luna
Tink-a-Tako - Potranco,Lizeth Alonso,389,,Lobby,,10/8/25 7:39 PM,10/8/25 7:53 PM,13 minutes and 46 seconds,Mayra Luna
Tink-a-Tako - Potranco,Mayra Luna,385,32,Lobby,,10/8/25 7:35 PM,10/8/25 7:53 PM,18 minutes and 58 seconds,Mayra Luna
Tink-a-Tako - Potranco,Lizeth Alonso,393,,Lobby,,10/8/25 7:48 PM,10/8/25 7:55 PM,6 minutes and 41 seconds,Mayra Luna
Tink-a-Tako - Potranco,Lizeth Alonso,394,,Lobby,,10/8/25 7:52 PM,10/8/25 7:56 PM,4 minutes and 36 seconds,Mayra Luna
Tink-a-Tako - Potranco,Lizeth Alonso,390,,Lobby,,10/8/25 7:44 PM,10/8/25 7:56 PM,12 minutes and 43 seconds,Mayra Luna
Tink-a-Tako - Potranco,Lizeth Alonso,396,,Lobby,,10/8/25 7:57 PM,10/8/25 8:11 PM,13 minutes and 47 seconds,Mayra Luna
Tink-a-Tako - Potranco,Lizeth Alonso,396,,Tortillero,,10/8/25 7:57 PM,10/8/25 8:11 PM,13 minutes and 47 seconds,Mayra Luna
Tink-a-Tako - Potranco,Lizeth Alonso,396,,Prep,,10/8/25 7:57 PM,10/8/25 8:11 PM,13 minutes and 47 seconds,Mayra Luna
Tink-a-Tako - Potranco,Sergio Abundiz,395,9,Lobby,,10/8/25 7:54 PM,10/8/25 8:11 PM,17 minutes and 5 seconds,Mayra Luna
Tink-a-Tako - Potranco,Mayra Luna,408,31,Lobby,,10/8/25 8:19 PM,10/8/25 8:31 PM,11 minutes and 29 seconds,Mayra Luna
Tink-a-Tako - Potranco,Mayra Luna,406,31,Lobby,,10/8/25 8:19 PM,10/8/25 8:30 PM,11 minutes and 27 seconds,Mayra Luna
Tink-a-Tako - Potranco,Mayra Luna,406,31,Prep,,10/8/25 8:19 PM,10/8/25 8:30 PM,11 minutes and 27 seconds,Mayra Luna
Tink-a-Tako - Potranco,Mayra Luna,406,31,Tortillero,,10/8/25 8:19 PM,10/8/25 8:30 PM,11 minutes and 27 seconds,Mayra Luna
Tink-a-Tako - Potranco,Mayra Luna,407,31,Lobby,,10/8/25 8:19 PM,10/8/25 8:30 PM,11 minutes and 28 seconds,Mayra Luna
Tink-a-Tako - Potranco,Sergio Abundiz,395,9,Lobby,,10/8/25 8:27 PM,10/8/25 8:40 PM,12 minutes and 44 seconds,Mayra Luna
Tink-a-Tako - Potranco,Sergio Abundiz,395,9,Prep,,10/8/25 8:27 PM,10/8/25 8:40 PM,12 minutes and 44 seconds,Mayra Luna
Tink-a-Tako - Potranco,Sergio Abundiz,384,22,Lobby,,10/8/25 8:32 PM,10/8/25 8:40 PM,7 minutes and 36 seconds,Mayra Luna
Tink-a-Tako - Potranco,Lizeth Alonso,410,,Lobby,,10/8/25 8:31 PM,10/8/25 8:41 PM,9 minutes and 26 seconds,Mayra Luna
Tink-a-Tako - Potranco,Sergio Abundiz,412,24,Lobby,,10/8/25 8:40 PM,10/8/25 8:42 PM,1 minute and 11 seconds,Mayra Luna
Tink-a-Tako - Potranco,Lizeth Alonso,414,,Lobby,,10/8/25 8:48 PM,10/8/25 8:52 PM,4 minutes and 16 seconds,Mayra Luna
Tink-a-Tako - Potranco,Lizeth Alonso,413,,Tortillero,,10/8/25 8:43 PM,10/8/25 8:52 PM,9 minutes and 28 seconds,Mayra Luna
Tink-a-Tako - Potranco,Lizeth Alonso,413,,Lobby,,10/8/25 8:43 PM,10/8/25 8:52 PM,9 minutes and 28 seconds,Mayra Luna
Tink-a-Tako - Potranco,Sergio Abundiz,388,25,,2,10/8/25 7:52 PM,10/8/25 10:04 PM,"2 hours, 11 minutes and 36 seconds",Mayra Luna
Tink-a-Tako - Potranco,Sergio Abundiz,383,35,,2,10/8/25 7:52 PM,10/8/25 10:04 PM,"2 hours, 11 minutes and 39 seconds",Mayra Luna
Tink-a-Tako - Potranco,Sergio Abundiz,395,9,,2,10/8/25 8:11 PM,10/8/25 10:04 PM,"1 hour, 53 minutes and 5 seconds",Mayra Luna
Tink-a-Tako - Potranco,Sergio Abundiz,412,24,,2,10/8/25 9:05 PM,10/8/25 10:04 PM,58 minutes and 25 seconds,Mayra Luna
Tink-a-Tako - Potranco,Mayra Luna,385,32,,2,10/8/25 7:53 PM,10/8/25 10:04 PM,"2 hours, 10 minutes and 16 seconds",Mayra Luna
Tink-a-Tako - Potranco,Mayra Luna,406,31,,2,10/8/25 8:30 PM,10/8/25 10:04 PM,"1 hour, 33 minutes and 17 seconds",Mayra Luna
Tink-a-Tako - Potranco,Sergio Abundiz,384,22,,2,10/8/25 8:40 PM,10/8/25 10:04 PM,"1 hour, 24 minutes and 9 seconds",Mayra Luna
Tink-a-Tako - Potranco,Sergio Abundiz,395,9,,2,10/8/25 8:40 PM,10/8/25 10:04 PM,"1 hour, 24 minutes and 13 seconds",Mayra Luna
Tink-a-Tako - Potranco,Mayra Luna,407,31,,2,10/8/25 8:30 PM,10/8/25 10:04 PM,"1 hour, 33 minutes and 18 seconds",Mayra Luna
Tink-a-Tako - Potranco,Mayra Luna,408,31,,2,10/8/25 8:31 PM,10/8/25 10:04 PM,"1 hour, 33 minutes and 17 seconds",Mayra Luna
Tink-a-Tako - Potranco,Sergio Abundiz,412,24,,2,10/8/25 8:42 PM,10/8/25 10:04 PM,"1 hour, 22 minutes and 18 seconds",Mayra Luna
