,Location,Employee,Job Title,In Date,Shift Closed Date,Out Date,Hours,Cash Tips Decl.,Cash on Hand,Cash in Drawer,Non-Cash Tips,Cash Gratuity,Non-Cash Gratuity,Tips Withheld,Non-Cash Sales,Cash Sales,Total Sales,Cash Collected?,Tips Paid?,Open,Paid,Closed,Tip Share Total
800000030498656051,Tink-a-Tako - Potranco,Ivana Abundiz,Host,10/8/25 5:55 AM,10/8/25 1:51 PM,10/8/25 2:05 PM,8.16,,0.00,324.14,69.41,0.00,0.00,0.00,1381.74,324.14,1705.88,yes,yes,0,0,150,0.00
800000030498735859,Tink-a-Tako - Potranco,Norma Vasquez,Server,10/8/25 6:12 AM,10/8/25 2:22 PM,10/8/25 2:22 PM,8.17,,94.86,0.00,95.16,0.00,0.00,0.00,679.17,94.86,774.03,yes,yes,0,0,37,0.00
800000030499529581,Tink-a-Tako - Potranco,Esperansa Caviedes,Server,10/8/25 7:32 AM,10/8/25 2:18 PM,10/8/25 2:19 PM,6.79,,220.25,0.00,55.61,9.13,2.00,0.00,428.59,211.12,639.71,yes,yes,0,0,29,0.00
800000030499860292,Tink-a-Tako - Potranco,Rosa Compean,Server,10/8/25 7:53 AM,10/8/25 2:36 PM,10/8/25 2:36 PM,6.71,,157.10,0.00,63.88,0.00,0.00,0.00,383.88,157.10,540.98,yes,yes,0,0,23,0.00
800000030499936993,Tink-a-Tako - Potranco,Maria Majana,Host,10/8/25 7:59 AM,10/8/25 1:47 PM,10/8/25 1:55 PM,5.94,,0.00,83.18,10.00,0.00,0.00,0.00,179.31,83.18,262.49,yes,yes,0,0,16,0.00
800000030500401859,Tink-a-Tako - Potranco,Zoila Salinas,Manager S.,10/8/25 8:27 AM,10/9/25 4:07 AM,10/9/25 4:00 AM,19.55,0.00,0.00,0.00,0.00,0.00,0.00,0.00,0.00,0.00,0.00,yes,yes,0,0,0,0.00
800000030509452460,Tink-a-Tako - Potranco,Sergio Abundiz,Server,10/8/25 1:39 PM,10/8/25 9:25 PM,10/8/25 9:53 PM,8.24,,336.08,0.00,92.41,14.14,60.21,0.00,967.01,321.94,1288.95,yes,yes,0,0,41,0.00
800000030509635199,Tink-a-Tako - Potranco,Lizeth Alonso,Host,10/8/25 1:44 PM,10/8/25 9:01 PM,10/8/25 9:09 PM,7.41,,0.00,226.84,23.69,0.00,0.00,0.00,605.93,226.84,832.77,yes,yes,0,0,48,0.00
800000030510097162,Tink-a-Tako - Potranco,Jesus Calderon,Cook,10/8/25 1:59 PM,10/8/25 8:58 PM,10/8/25 8:58 PM,6.99,,0.00,0.00,0.00,0.00,0.00,0.00,0.00,0.00,0.00,yes,yes,0,0,0,0.00
800000030510345117,Tink-a-Tako - Potranco,Juan  Camacho,Server,10/8/25 2:07 PM,10/8/25 3:02 PM,10/8/25 3:02 PM,0.92,,0.00,0.00,0.00,0.00,0.00,0.00,0.00,0.00,0.00,no,no,0,0,0,0.00
800000030510586774,Tink-a-Tako - Potranco,Mayra Luna,Shift Manager / Assistant Manager,10/8/25 2:14 PM,10/8/25 9:40 PM,10/8/25 10:06 PM,7.86,,126.35,0.00,8.00,0.00,0.00,0.00,45.31,126.35,171.66,yes,yes,0,0,6,0.00
800000030513797549,Tink-a-Tako - Potranco,Jonathan Rueda,Busser,10/8/25 3:59 PM,10/8/25 9:31 PM,10/8/25 9:31 PM,5.54,,0.00,0.00,0.00,0.00,0.00,0.00,0.00,0.00,0.00,yes,yes,0,0,0,0.00
