Employee,Job Title,In Date,Out Date,Auto Clock-out,Total Hours,Unpaid Break Time,Paid Break Time,Payable Hours
"Ramirez Perez, Silvia",Cook,9/6/25 5:25 AM,9/6/25 2:06 PM,No,8.69,0.00,0.00,8.69
"Aviles, Genaro",Cook,9/6/25 5:25 AM,9/6/25 7:17 PM,No,13.87,0.00,0.00,13.87
"Gonzalez, Maria ",Tortillero,9/6/25 5:29 AM,9/6/25 2:18 PM,No,8.82,0.00,0.00,8.82
"Diaz, Diego",Cook,9/6/25 5:29 AM,9/6/25 2:26 PM,No,8.95,0.00,0.00,8.95
"Zuniga, Sebastian",Cook,9/6/25 5:51 AM,9/6/25 2:56 PM,No,9.07,0.00,0.00,9.07
"Abundiz, Ivana",Host,9/6/25 6:03 AM,9/6/25 2:30 PM,No,8.45,0.00,0.00,8.45
"Compean, Rosa",Server,9/6/25 6:06 AM,9/6/25 2:40 PM,No,8.58,0.00,0.00,8.58
"Dominguez, Jose ",Cook,9/6/25 6:07 AM,9/6/25 2:16 PM,No,8.15,0.00,0.00,8.15
"ORDONEZ, Rosie ",Shift Manager / Assistant Manager,9/6/25 6:08 AM,9/6/25 2:33 PM,No,8.43,0.00,0.00,8.43
"Alvarado, Rodolfo",Cook,9/6/25 6:33 AM,9/6/25 2:08 PM,No,7.59,0.00,0.00,7.59
"Brito, Victor ",Regular,9/6/25 6:57 AM,9/6/25 4:33 PM,No,9.59,0.00,0.00,9.59
"Caviedes, Esperansa",Server,9/6/25 7:27 AM,9/6/25 9:56 PM,No,14.48,0.00,0.00,14.48
"Trevino, Melissa",Dishwasher,9/6/25 7:53 AM,9/6/25 2:04 PM,No,6.18,0.00,0.00,6.18
"huerta, Arturo ",Dishwasher,9/6/25 7:54 AM,9/6/25 2:29 PM,No,6.57,0.00,0.00,6.57
"Abundiz, Sergio",Server,9/6/25 7:55 AM,9/6/25 9:32 PM,No,13.62,0.00,0.00,13.62
"Alonso, Lizeth",Host,9/6/25 7:58 AM,9/6/25 2:16 PM,No,6.31,0.00,0.00,6.31
"Majana, Maria",Server,9/6/25 7:58 AM,9/6/25 6:14 PM,No,10.26,0.00,0.00,10.26
"Torres, Daniela",Drive-Thru,9/6/25 8:04 AM,9/6/25 2:07 PM,No,6.04,0.00,0.00,6.04
"Hernandez, Silvia",Server,9/6/25 8:07 AM,9/6/25 2:30 PM,No,6.40,0.00,0.00,6.40
"Cisneros, Isabel",Server,9/6/25 8:18 AM,9/6/25 2:40 PM,No,6.36,0.00,0.00,6.36
"Cisneross, Giselle",Host,9/6/25 8:24 AM,9/6/25 9:08 PM,No,12.73,0.00,0.00,12.73
"Rueda, Jonathan",Busser,9/6/25 9:13 AM,9/6/25 10:00 PM,No,12.77,0.00,0.00,12.77
"Serrato, Joshua ",Busser,9/6/25 9:34 AM,9/6/25 2:22 PM,No,4.81,0.00,0.00,4.81
"Luna, Mayra",Shift Manager / Assistant Manager,9/6/25 10:08 AM,9/6/25 10:44 PM,No,12.60,0.00,0.00,12.60
"Camacho, Juan ",Server,9/6/25 10:18 AM,9/6/25 9:33 PM,No,11.26,0.00,0.00,11.26
"ROJAS, JAIME",Dishwasher,9/6/25 1:59 PM,9/6/25 10:27 PM,No,8.46,0.00,0.00,8.46
"Calderon, Jesus",Cook,9/6/25 2:00 PM,9/6/25 9:54 PM,No,7.90,0.00,0.00,7.90
"CANDELA, OLIVIA",Tortillero,9/6/25 2:01 PM,9/6/25 9:54 PM,No,7.88,0.00,0.00,7.88
"Alonso, Lizeth",Host,9/6/25 2:16 PM,9/6/25 10:13 PM,No,7.94,0.00,0.00,7.94
"Gonzales (Line) , Maria",Cook,9/6/25 2:19 PM,9/6/25 10:00 PM,No,7.69,0.00,0.00,7.69
"Urena, Melissa",Server,9/6/25 4:12 PM,9/6/25 10:00 PM,No,5.80,0.00,0.00,5.80
"Salinas, Zoila",Manager S.,9/6/25 6:13 PM,9/6/25 9:32 PM,No,3.31,0.00,0.00,3.31
"Abundiz, Sergio",Server,9/6/25 9:32 PM,9/6/25 9:34 PM,No,0.02,0.00,0.00,0.02
