Order #,Opened Date,Void Date,Server,Approver,Item Name,Reason,Item Quantity,Total Price
67,9/6/25 8:20 AM,9/6/25 10:50 AM,Rosie  ORDONEZ,Rosie  ORDONEZ,Side Cheese,Server Error,1.0,2.99
267,9/6/25 11:04 AM,9/6/25 1:51 PM,Ivana Abundiz,Rosie  ORDONEZ,Papa & Egg Taco,Customer Changed Mind,1.0,1.99
267,9/6/25 11:04 AM,9/6/25 1:51 PM,Ivana Abundiz,Rosie  ORDONEZ,Country & Egg Taco,Customer Changed Mind,1.0,2.29
267,9/6/25 11:04 AM,9/6/25 1:51 PM,Ivana Abundiz,Rosie  ORDONEZ,(2) Beef Enchiladas,Customer Changed Mind,1.0,8.99
399,9/6/25 12:58 PM,9/6/25 9:17 PM,Mayra Luna,Mayra Luna,Beef Fajita Taco,Customer Changed Mind,1.0,5.49
443,9/6/25 2:14 PM,9/6/25 2:50 PM,Esperansa Caviedes,Mayra Luna,Caf� de Olla,Customer Changed Mind,1.0,3.99
501,9/6/25 4:53 PM,9/6/25 4:55 PM,Maria Majana,Mayra Luna,Chile Relleno A la Carte,Customer Changed Mind,1.0,9.99
549,9/6/25 6:23 PM,9/6/25 6:28 PM,Giselle Cisneross,Mayra Luna,aguas frescas,Customer Changed Mind,1.0,7.99
549,9/6/25 6:23 PM,9/6/25 6:28 PM,Giselle Cisneross,Mayra Luna,aguas frescas,Customer Changed Mind,1.0,7.99
534,9/6/25 6:13 PM,9/6/25 7:47 PM,Zoila Salinas,Zoila Salinas,Shots Mx Candy,Server Error,3.0,34.50
582,9/6/25 7:30 PM,9/6/25 7:53 PM,Mayra Luna,Mayra Luna,Puffy Taco Plt,Customer Changed Mind,1.0,13.99
