Location,Order #,Opened Date,Server,Table,Discount Name,Discount Reason,Comment,Discount Amount
Sandra's Cuisine - Potranco - 12060 Potranco Road,259,10/24/25 7:55 PM,Fernanda  Loera,20,Open $ Check,,,2.00
Sandra's Cuisine - Potranco - 12060 Potranco Road,247,10/24/25 7:14 PM,Mario Jimenez,,Open % Check,,,1.53
Sandra's Cuisine - Potranco - 12060 Potranco Road,243,10/24/25 6:46 PM,Monica Herrera,14,Open % Item,,,2.00
Sandra's Cuisine - Potranco - 12060 Potranco Road,225,10/24/25 5:54 PM,Emanuel Sanchez,15,Open % Item,,,1.60
Sandra's Cuisine - Potranco - 12060 Potranco Road,223,10/24/25 5:51 PM,Mario Jimenez,,Reward Dollars,,,5.65
Sandra's Cuisine - Potranco - 12060 Potranco Road,216,10/24/25 5:25 PM,Brianna Aragon,,Employee Discount - Check,Employee Discount,Emp?oyee,15.99
Sandra's Cuisine - Potranco - 12060 Potranco Road,202,10/24/25 3:56 PM,Mario Jimenez,,Reward Dollars,,,11.90
Sandra's Cuisine - Potranco - 12060 Potranco Road,198,10/24/25 3:23 PM,Mario Jimenez,,Reward Dollars,,,7.95
Sandra's Cuisine - Potranco - 12060 Potranco Road,178,10/24/25 1:39 PM,Melissa  Urena,,Open % Item,,,1.20
Sandra's Cuisine - Potranco - 12060 Potranco Road,134,10/24/25 11:45 AM,Lizbeth Garcia,29,Open % Item,,,1.00
Sandra's Cuisine - Potranco - 12060 Potranco Road,116,10/24/25 11:00 AM,Melissa  Urena,,Open % Item,,,1.00
Sandra's Cuisine - Potranco - 12060 Potranco Road,116,10/24/25 11:00 AM,Melissa  Urena,,Open % Item,,,0.53
Sandra's Cuisine - Potranco - 12060 Potranco Road,95,10/24/25 10:16 AM,Fernanda  Loera,4,Open % Item,,,0.80
Sandra's Cuisine - Potranco - 12060 Potranco Road,83,10/24/25 10:04 AM,Melissa  Urena,,Reward Dollars,,,5.35
Sandra's Cuisine - Potranco - 12060 Potranco Road,74,10/24/25 9:54 AM,Lizbeth Garcia,23,Open % Item,,,0.90
Sandra's Cuisine - Potranco - 12060 Potranco Road,31,10/24/25 8:10 AM,Sugey Cabrera,,Employee Discount - Check,Employee Discount,Employee,45.03
