Location,Server,Check #,Table,Station,Expediter Level,Fired Date,Fulfilled Date,Fulfillment Time,Fulfilled By
12060 Potranco Road,Melissa  Urena,2,,Food,,10/24/25 6:26 AM,10/24/25 6:31 AM,5 minutes and 14 seconds,KDS - Login Don't Delete
12060 Potranco Road,Melissa  Urena,2,,Drive Thru,,10/24/25 6:26 AM,10/24/25 6:31 AM,5 minutes and 14 seconds,KDS - Login Don't Delete
12060 Potranco Road,Melissa  Urena,3,,Drive Thru,,10/24/25 6:31 AM,10/24/25 6:34 AM,2 minutes and 43 seconds,KDS - Login Don't Delete
12060 Potranco Road,Melissa  Urena,3,,Food,,10/24/25 6:31 AM,10/24/25 6:34 AM,2 minutes and 43 seconds,KDS - Login Don't Delete
12060 Potranco Road,Sugey Cabrera,7,2,No Print,,10/24/25 6:53 AM,10/24/25 7:05 AM,11 minutes and 40 seconds,KDS - Login Don't Delete
12060 Potranco Road,Sugey Cabrera,7,2,Food,,10/24/25 6:53 AM,10/24/25 7:05 AM,11 minutes and 40 seconds,KDS - Login Don't Delete
12060 Potranco Road,Melissa  Urena,5,,Drive Thru,,10/24/25 6:41 AM,10/24/25 7:05 AM,23 minutes and 30 seconds,KDS - Login Don't Delete
12060 Potranco Road,Melissa  Urena,5,,Food,,10/24/25 6:41 AM,10/24/25 7:05 AM,23 minutes and 30 seconds,KDS - Login Don't Delete
12060 Potranco Road,Melissa  Urena,4,,Food,,10/24/25 6:35 AM,10/24/25 7:05 AM,29 minutes and 19 seconds,KDS - Login Don't Delete
12060 Potranco Road,Melissa  Urena,4,,Drive Thru,,10/24/25 6:35 AM,10/24/25 7:05 AM,29 minutes and 19 seconds,KDS - Login Don't Delete
12060 Potranco Road,Melissa  Urena,6,,Drive Thru,,10/24/25 6:57 AM,10/24/25 7:08 AM,11 minutes and 20 seconds,KDS - Login Don't Delete
12060 Potranco Road,Melissa  Urena,6,,Food,,10/24/25 6:57 AM,10/24/25 7:08 AM,11 minutes and 20 seconds,KDS - Login Don't Delete
12060 Potranco Road,Melissa  Urena,8,,Drive Thru,,10/24/25 7:05 AM,10/24/25 7:08 AM,3 minutes and 7 seconds,KDS - Login Don't Delete
12060 Potranco Road,Melissa  Urena,8,,Food,,10/24/25 7:05 AM,10/24/25 7:08 AM,3 minutes and 7 seconds,KDS - Login Don't Delete
12060 Potranco Road,Sugey Cabrera,7,2,,1,10/24/25 6:53 AM,10/24/25 7:11 AM,17 minutes and 57 seconds,KDS - Login Don't Delete
12060 Potranco Road,Sugey Cabrera,7,2,No Print,,10/24/25 7:10 AM,10/24/25 7:14 AM,3 minutes and 57 seconds,KDS - Login Don't Delete
12060 Potranco Road,Sugey Cabrera,7,2,Food,,10/24/25 7:10 AM,10/24/25 7:14 AM,3 minutes and 57 seconds,KDS - Login Don't Delete
12060 Potranco Road,Melissa  Urena,9,,Drive Thru,,10/24/25 7:12 AM,10/24/25 7:16 AM,3 minutes and 30 seconds,KDS - Login Don't Delete
12060 Potranco Road,Melissa  Urena,9,,Food,,10/24/25 7:12 AM,10/24/25 7:16 AM,3 minutes and 30 seconds,KDS - Login Don't Delete
12060 Potranco Road,Melissa  Urena,10,,Drive Thru,,10/24/25 7:17 AM,10/24/25 7:19 AM,2 minutes and 32 seconds,KDS - Login Don't Delete
12060 Potranco Road,Melissa  Urena,10,,Food,,10/24/25 7:17 AM,10/24/25 7:19 AM,2 minutes and 32 seconds,KDS - Login Don't Delete
12060 Potranco Road,Melissa  Urena,11,,Drive Thru,,10/24/25 7:23 AM,10/24/25 7:24 AM,1 minute and 16 seconds,KDS - Login Don't Delete
12060 Potranco Road,Melissa  Urena,11,,Food,,10/24/25 7:23 AM,10/24/25 7:24 AM,1 minute and 16 seconds,KDS - Login Don't Delete
12060 Potranco Road,Melissa  Urena,12,,Drive Thru,,10/24/25 7:45 AM,10/24/25 7:52 AM,7 minutes and 20 seconds,KDS - Login Don't Delete
12060 Potranco Road,Melissa  Urena,12,,Food,,10/24/25 7:45 AM,10/24/25 7:52 AM,7 minutes and 20 seconds,KDS - Login Don't Delete
12060 Potranco Road,Melissa  Urena,15,,Food,,10/24/25 7:45 AM,10/24/25 7:52 AM,6 minutes and 34 seconds,KDS - Login Don't Delete
12060 Potranco Road,Melissa  Urena,15,,Drive Thru,,10/24/25 7:45 AM,10/24/25 7:52 AM,6 minutes and 34 seconds,KDS - Login Don't Delete
12060 Potranco Road,Melissa  Urena,14,,Food,,10/24/25 7:45 AM,10/24/25 7:52 AM,7 minutes and 5 seconds,KDS - Login Don't Delete
12060 Potranco Road,Melissa  Urena,14,,Drive Thru,,10/24/25 7:50 AM,10/24/25 7:52 AM,1 minute and 52 seconds,KDS - Login Don't Delete
12060 Potranco Road,Melissa  Urena,14,,Food,,10/24/25 7:50 AM,10/24/25 7:52 AM,1 minute and 52 seconds,KDS - Login Don't Delete
12060 Potranco Road,Melissa  Urena,17,,Drive Thru,,10/24/25 7:51 AM,10/24/25 7:52 AM,48 seconds,KDS - Login Don't Delete
12060 Potranco Road,Melissa  Urena,17,,Food,,10/24/25 7:51 AM,10/24/25 7:52 AM,48 seconds,KDS - Login Don't Delete
12060 Potranco Road,Melissa  Urena,14,,Drive Thru,,10/24/25 7:50 AM,10/24/25 7:52 AM,1 minute and 59 seconds,KDS - Login Don't Delete
12060 Potranco Road,Melissa  Urena,14,,Food,,10/24/25 7:50 AM,10/24/25 7:52 AM,1 minute and 59 seconds,KDS - Login Don't Delete
12060 Potranco Road,Melissa  Urena,16,,Food,,10/24/25 7:51 AM,10/24/25 7:52 AM,52 seconds,KDS - Login Don't Delete
12060 Potranco Road,Sugey Cabrera,18,,Food,,10/24/25 7:54 AM,10/24/25 7:56 AM,2 minutes and 16 seconds,KDS - Login Don't Delete
12060 Potranco Road,Sugey Cabrera,18,,Drive Thru,,10/24/25 7:54 AM,10/24/25 7:56 AM,2 minutes and 16 seconds,KDS - Login Don't Delete
12060 Potranco Road,Melissa  Urena,20,,Drive Thru,,10/24/25 7:55 AM,10/24/25 7:56 AM,1 minute and 18 seconds,KDS - Login Don't Delete
12060 Potranco Road,Melissa  Urena,20,,Food,,10/24/25 7:55 AM,10/24/25 7:56 AM,1 minute and 18 seconds,KDS - Login Don't Delete
12060 Potranco Road,Melissa  Urena,21,,Food,,10/24/25 7:58 AM,10/24/25 8:00 AM,2 minutes and 8 seconds,KDS - Login Don't Delete
12060 Potranco Road,Melissa  Urena,21,,Drive Thru,,10/24/25 7:58 AM,10/24/25 8:00 AM,2 minutes and 8 seconds,KDS - Login Don't Delete
12060 Potranco Road,Melissa  Urena,23,,Drive Thru,,10/24/25 7:58 AM,10/24/25 8:02 AM,3 minutes and 10 seconds,KDS - Login Don't Delete
12060 Potranco Road,Melissa  Urena,23,,Food,,10/24/25 7:58 AM,10/24/25 8:02 AM,3 minutes and 10 seconds,KDS - Login Don't Delete
12060 Potranco Road,Sugey Cabrera,22,,,1,10/24/25 7:59 AM,10/24/25 8:07 AM,7 minutes and 57 seconds,KDS - Login Don't Delete
12060 Potranco Road,Sugey Cabrera,25,1,,1,10/24/25 8:02 AM,10/24/25 8:07 AM,4 minutes and 26 seconds,KDS - Login Don't Delete
12060 Potranco Road,Sugey Cabrera,18,,,1,10/24/25 7:54 AM,10/24/25 8:07 AM,12 minutes and 52 seconds,KDS - Login Don't Delete
12060 Potranco Road,Sugey Cabrera,7,2,,1,10/24/25 7:14 AM,10/24/25 8:07 AM,52 minutes and 57 seconds,KDS - Login Don't Delete
12060 Potranco Road,Melissa  Urena,26,,Drive Thru,,10/24/25 8:04 AM,10/24/25 8:07 AM,3 minutes and 23 seconds,KDS - Login Don't Delete
12060 Potranco Road,Melissa  Urena,24,,Drive Thru,,10/24/25 8:01 AM,10/24/25 8:07 AM,6 minutes and 29 seconds,KDS - Login Don't Delete
12060 Potranco Road,Melissa  Urena,24,,Food,,10/24/25 8:01 AM,10/24/25 8:07 AM,6 minutes and 29 seconds,KDS - Login Don't Delete
12060 Potranco Road,Melissa  Urena,26,,Food,,10/24/25 8:04 AM,10/24/25 8:07 AM,3 minutes and 23 seconds,KDS - Login Don't Delete
12060 Potranco Road,Sugey Cabrera,25,1,No Print,,10/24/25 8:02 AM,10/24/25 8:09 AM,6 minutes and 34 seconds,KDS - Login Don't Delete
12060 Potranco Road,Sugey Cabrera,25,1,Food,,10/24/25 8:02 AM,10/24/25 8:09 AM,6 minutes and 34 seconds,KDS - Login Don't Delete
12060 Potranco Road,Melissa  Urena,27,,Drive Thru,,10/24/25 8:06 AM,10/24/25 8:16 AM,9 minutes and 47 seconds,KDS - Login Don't Delete
12060 Potranco Road,Melissa  Urena,27,,Food,,10/24/25 8:06 AM,10/24/25 8:16 AM,9 minutes and 47 seconds,KDS - Login Don't Delete
12060 Potranco Road,Melissa  Urena,32,,Drive Thru,,10/24/25 8:12 AM,10/24/25 8:16 AM,3 minutes and 23 seconds,KDS - Login Don't Delete
12060 Potranco Road,Melissa  Urena,32,,Food,,10/24/25 8:12 AM,10/24/25 8:16 AM,3 minutes and 23 seconds,KDS - Login Don't Delete
12060 Potranco Road,Melissa  Urena,30,,Drive Thru,,10/24/25 8:08 AM,10/24/25 8:17 AM,8 minutes and 27 seconds,KDS - Login Don't Delete
12060 Potranco Road,Melissa  Urena,30,,Food,,10/24/25 8:08 AM,10/24/25 8:17 AM,8 minutes and 27 seconds,KDS - Login Don't Delete
12060 Potranco Road,Melissa  Urena,30,,Drinks,,10/24/25 8:08 AM,10/24/25 8:17 AM,8 minutes and 27 seconds,KDS - Login Don't Delete
12060 Potranco Road,Melissa  Urena,30,,No Print,,10/24/25 8:08 AM,10/24/25 8:17 AM,8 minutes and 27 seconds,KDS - Login Don't Delete
12060 Potranco Road,Sugey Cabrera,31,,No Print,,10/24/25 8:16 AM,10/24/25 8:21 AM,5 minutes and 34 seconds,KDS - Login Don't Delete
12060 Potranco Road,Sugey Cabrera,31,,Food,,10/24/25 8:16 AM,10/24/25 8:21 AM,5 minutes and 34 seconds,KDS - Login Don't Delete
12060 Potranco Road,Leticia Roman,28,15,No Print,,10/24/25 8:15 AM,10/24/25 8:21 AM,5 minutes and 49 seconds,KDS - Login Don't Delete
12060 Potranco Road,Leticia Roman,28,15,Food,,10/24/25 8:15 AM,10/24/25 8:21 AM,5 minutes and 49 seconds,KDS - Login Don't Delete
12060 Potranco Road,Sugey Cabrera,31,,Drive Thru,,10/24/25 8:16 AM,10/24/25 8:21 AM,5 minutes and 34 seconds,KDS - Login Don't Delete
12060 Potranco Road,Melissa  Urena,33,,Drive Thru,,10/24/25 8:20 AM,10/24/25 8:23 AM,3 minutes and 39 seconds,KDS - Login Don't Delete
12060 Potranco Road,Melissa  Urena,33,,Food,,10/24/25 8:20 AM,10/24/25 8:23 AM,3 minutes and 39 seconds,KDS - Login Don't Delete
12060 Potranco Road,Melissa  Urena,35,,Drive Thru,,10/24/25 8:24 AM,10/24/25 8:29 AM,5 minutes and 11 seconds,KDS - Login Don't Delete
12060 Potranco Road,Melissa  Urena,35,,Food,,10/24/25 8:24 AM,10/24/25 8:29 AM,5 minutes and 11 seconds,KDS - Login Don't Delete
12060 Potranco Road,Melissa  Urena,36,,Drive Thru,,10/24/25 8:27 AM,10/24/25 8:29 AM,1 minute and 48 seconds,KDS - Login Don't Delete
12060 Potranco Road,Melissa  Urena,36,,Food,,10/24/25 8:27 AM,10/24/25 8:29 AM,1 minute and 48 seconds,KDS - Login Don't Delete
12060 Potranco Road,Leticia Roman,28,15,,1,10/24/25 8:07 AM,10/24/25 8:32 AM,25 minutes and 10 seconds,KDS - Login Don't Delete
12060 Potranco Road,Sugey Cabrera,25,1,,1,10/24/25 8:09 AM,10/24/25 8:32 AM,23 minutes and 39 seconds,KDS - Login Don't Delete
12060 Potranco Road,Sugey Cabrera,31,,,1,10/24/25 8:21 AM,10/24/25 8:32 AM,11 minutes and 15 seconds,KDS - Login Don't Delete
12060 Potranco Road,Sugey Cabrera,34,29,,1,10/24/25 8:19 AM,10/24/25 8:32 AM,13 minutes and 26 seconds,KDS - Login Don't Delete
12060 Potranco Road,Leticia Roman,28,15,,1,10/24/25 8:21 AM,10/24/25 8:32 AM,11 minutes and 22 seconds,KDS - Login Don't Delete
12060 Potranco Road,Leticia Roman,39,,No Print,,10/24/25 8:29 AM,10/24/25 8:33 AM,3 minutes and 43 seconds,KDS - Login Don't Delete
12060 Potranco Road,Leticia Roman,39,,Food,,10/24/25 8:29 AM,10/24/25 8:33 AM,3 minutes and 43 seconds,KDS - Login Don't Delete
12060 Potranco Road,Leticia Roman,37,,No Print,,10/24/25 8:28 AM,10/24/25 8:33 AM,4 minutes and 35 seconds,KDS - Login Don't Delete
12060 Potranco Road,Leticia Roman,40,,No Print,,10/24/25 8:30 AM,10/24/25 8:33 AM,2 minutes and 54 seconds,KDS - Login Don't Delete
12060 Potranco Road,Leticia Roman,40,,Food,,10/24/25 8:30 AM,10/24/25 8:33 AM,2 minutes and 54 seconds,KDS - Login Don't Delete
12060 Potranco Road,Leticia Roman,37,,Food,,10/24/25 8:28 AM,10/24/25 8:33 AM,4 minutes and 35 seconds,KDS - Login Don't Delete
12060 Potranco Road,Leticia Roman,39,,,1,10/24/25 8:29 AM,10/24/25 8:33 AM,4 minutes and 25 seconds,KDS - Login Don't Delete
12060 Potranco Road,Leticia Roman,37,,,1,10/24/25 8:28 AM,10/24/25 8:33 AM,5 minutes and 23 seconds,KDS - Login Don't Delete
12060 Potranco Road,Leticia Roman,40,,,1,10/24/25 8:30 AM,10/24/25 8:33 AM,3 minutes and 44 seconds,KDS - Login Don't Delete
12060 Potranco Road,Melissa  Urena,38,,Drive Thru,,10/24/25 8:28 AM,10/24/25 8:35 AM,6 minutes and 25 seconds,KDS - Login Don't Delete
12060 Potranco Road,Melissa  Urena,38,,Food,,10/24/25 8:28 AM,10/24/25 8:35 AM,6 minutes and 25 seconds,KDS - Login Don't Delete
12060 Potranco Road,Lizbeth Garcia,43,18,No Print,,10/24/25 8:32 AM,10/24/25 8:38 AM,5 minutes and 33 seconds,KDS - Login Don't Delete
12060 Potranco Road,Lizbeth Garcia,43,18,Food,,10/24/25 8:32 AM,10/24/25 8:38 AM,5 minutes and 33 seconds,KDS - Login Don't Delete
12060 Potranco Road,Lizbeth Garcia,41,26,No Print,,10/24/25 8:31 AM,10/24/25 8:38 AM,6 minutes and 53 seconds,KDS - Login Don't Delete
12060 Potranco Road,Lizbeth Garcia,41,26,Food,,10/24/25 8:31 AM,10/24/25 8:38 AM,6 minutes and 53 seconds,KDS - Login Don't Delete
12060 Potranco Road,Lizbeth Garcia,41,26,Drive Thru,,10/24/25 8:31 AM,10/24/25 8:38 AM,6 minutes and 53 seconds,KDS - Login Don't Delete
12060 Potranco Road,Sugey Cabrera,44,,Food,,10/24/25 8:33 AM,10/24/25 8:40 AM,6 minutes and 51 seconds,KDS - Login Don't Delete
12060 Potranco Road,Sugey Cabrera,44,,Drive Thru,,10/24/25 8:33 AM,10/24/25 8:40 AM,6 minutes and 51 seconds,KDS - Login Don't Delete
12060 Potranco Road,Sugey Cabrera,44,,,1,10/24/25 8:40 AM,10/24/25 8:44 AM,4 minutes and 19 seconds,KDS - Login Don't Delete
12060 Potranco Road,Sugey Cabrera,47,3,,1,10/24/25 8:36 AM,10/24/25 8:44 AM,8 minutes and 8 seconds,KDS - Login Don't Delete
12060 Potranco Road,Melissa  Urena,45,,Food,,10/24/25 8:40 AM,10/24/25 8:48 AM,8 minutes and 51 seconds,KDS - Login Don't Delete
12060 Potranco Road,Melissa  Urena,45,,Drive Thru,,10/24/25 8:40 AM,10/24/25 8:48 AM,8 minutes and 51 seconds,KDS - Login Don't Delete
12060 Potranco Road,Melissa  Urena,42,,Drive Thru,,10/24/25 8:31 AM,10/24/25 8:49 AM,17 minutes and 22 seconds,KDS - Login Don't Delete
12060 Potranco Road,Melissa  Urena,42,,Food,,10/24/25 8:31 AM,10/24/25 8:49 AM,17 minutes and 22 seconds,KDS - Login Don't Delete
12060 Potranco Road,Melissa  Urena,48,,Food,,10/24/25 8:37 AM,10/24/25 8:49 AM,11 minutes and 15 seconds,KDS - Login Don't Delete
12060 Potranco Road,Melissa  Urena,48,,Drive Thru,,10/24/25 8:37 AM,10/24/25 8:49 AM,11 minutes and 15 seconds,KDS - Login Don't Delete
12060 Potranco Road,Melissa  Urena,46,,Drive Thru,,10/24/25 8:33 AM,10/24/25 8:49 AM,15 minutes and 14 seconds,KDS - Login Don't Delete
12060 Potranco Road,Melissa  Urena,46,,Food,,10/24/25 8:33 AM,10/24/25 8:49 AM,15 minutes and 14 seconds,KDS - Login Don't Delete
12060 Potranco Road,Melissa  Urena,50,,Drive Thru,,10/24/25 8:50 AM,10/24/25 8:53 AM,3 minutes and 11 seconds,KDS - Login Don't Delete
12060 Potranco Road,Melissa  Urena,50,,Food,,10/24/25 8:50 AM,10/24/25 8:53 AM,3 minutes and 11 seconds,KDS - Login Don't Delete
12060 Potranco Road,Melissa  Urena,51,,Drive Thru,,10/24/25 8:50 AM,10/24/25 8:53 AM,2 minutes and 56 seconds,KDS - Login Don't Delete
12060 Potranco Road,Sugey Cabrera,31,,No Print,,10/24/25 8:43 AM,10/24/25 8:53 AM,10 minutes and 1 second,KDS - Login Don't Delete
12060 Potranco Road,Sugey Cabrera,31,,Food,,10/24/25 8:43 AM,10/24/25 8:53 AM,10 minutes and 1 second,KDS - Login Don't Delete
12060 Potranco Road,Melissa  Urena,51,,Food,,10/24/25 8:50 AM,10/24/25 8:53 AM,2 minutes and 56 seconds,KDS - Login Don't Delete
12060 Potranco Road,Sugey Cabrera,47,3,No Print,,10/24/25 8:57 AM,10/24/25 8:58 AM,1 minute and 17 seconds,KDS - Login Don't Delete
12060 Potranco Road,Sugey Cabrera,47,3,Food,,10/24/25 8:57 AM,10/24/25 8:58 AM,1 minute and 17 seconds,KDS - Login Don't Delete
12060 Potranco Road,Melissa  Urena,54,,Drive Thru,,10/24/25 9:03 AM,10/24/25 9:04 AM,1 minute and 12 seconds,KDS - Login Don't Delete
12060 Potranco Road,Melissa  Urena,54,,Food,,10/24/25 9:03 AM,10/24/25 9:04 AM,1 minute and 12 seconds,KDS - Login Don't Delete
12060 Potranco Road,Lizbeth Garcia,57,20,No Print,,10/24/25 9:08 AM,10/24/25 9:10 AM,2 minutes and 13 seconds,KDS - Login Don't Delete
12060 Potranco Road,Lizbeth Garcia,57,20,Food,,10/24/25 9:08 AM,10/24/25 9:10 AM,2 minutes and 13 seconds,KDS - Login Don't Delete
12060 Potranco Road,Fernanda  Loera,52,14,No Print,,10/24/25 9:00 AM,10/24/25 9:10 AM,10 minutes and 15 seconds,KDS - Login Don't Delete
12060 Potranco Road,Fernanda  Loera,52,14,Food,,10/24/25 9:00 AM,10/24/25 9:10 AM,10 minutes and 15 seconds,KDS - Login Don't Delete
12060 Potranco Road,Fernanda  Loera,52,14,Drive Thru,,10/24/25 9:00 AM,10/24/25 9:10 AM,10 minutes and 15 seconds,KDS - Login Don't Delete
12060 Potranco Road,Fernanda  Loera,56,12,No Print,,10/24/25 9:07 AM,10/24/25 9:10 AM,3 minutes and 14 seconds,KDS - Login Don't Delete
12060 Potranco Road,Fernanda  Loera,56,12,Food,,10/24/25 9:07 AM,10/24/25 9:10 AM,3 minutes and 14 seconds,KDS - Login Don't Delete
12060 Potranco Road,Melissa  Urena,55,,Drive Thru,,10/24/25 9:09 AM,10/24/25 9:15 AM,6 minutes and 22 seconds,KDS - Login Don't Delete
12060 Potranco Road,Melissa  Urena,55,,Food,,10/24/25 9:09 AM,10/24/25 9:15 AM,6 minutes and 22 seconds,KDS - Login Don't Delete
12060 Potranco Road,Sugey Cabrera,31,,No Print,,10/24/25 9:14 AM,10/24/25 9:22 AM,8 minutes and 40 seconds,KDS - Login Don't Delete
12060 Potranco Road,Sugey Cabrera,31,,Food,,10/24/25 9:14 AM,10/24/25 9:22 AM,8 minutes and 40 seconds,KDS - Login Don't Delete
12060 Potranco Road,Sugey Cabrera,31,,Food,,10/24/25 9:14 AM,10/24/25 9:22 AM,7 minutes and 44 seconds,KDS - Login Don't Delete
12060 Potranco Road,Sugey Cabrera,31,,Drive Thru,,10/24/25 9:14 AM,10/24/25 9:22 AM,7 minutes and 44 seconds,KDS - Login Don't Delete
12060 Potranco Road,Melissa  Urena,45,,,1,10/24/25 8:48 AM,10/24/25 9:24 AM,35 minutes and 54 seconds,KDS - Login Don't Delete
12060 Potranco Road,Sugey Cabrera,47,3,,1,10/24/25 8:58 AM,10/24/25 9:24 AM,26 minutes and 31 seconds,KDS - Login Don't Delete
12060 Potranco Road,Fernanda  Loera,56,12,,1,10/24/25 9:10 AM,10/24/25 9:24 AM,14 minutes and 34 seconds,KDS - Login Don't Delete
12060 Potranco Road,Sugey Cabrera,31,,,1,10/24/25 8:53 AM,10/24/25 9:24 AM,31 minutes and 20 seconds,KDS - Login Don't Delete
12060 Potranco Road,Sugey Cabrera,31,,,1,10/24/25 9:22 AM,10/24/25 9:24 AM,2 minutes and 17 seconds,KDS - Login Don't Delete
12060 Potranco Road,Sugey Cabrera,31,,,1,10/24/25 9:22 AM,10/24/25 9:24 AM,2 minutes and 18 seconds,KDS - Login Don't Delete
12060 Potranco Road,Fernanda  Loera,52,14,,1,10/24/25 9:00 AM,10/24/25 9:25 AM,25 minutes and 1 second,KDS - Login Don't Delete
12060 Potranco Road,Lizbeth Garcia,41,26,,1,10/24/25 8:31 AM,10/24/25 9:25 AM,53 minutes and 51 seconds,KDS - Login Don't Delete
12060 Potranco Road,Lizbeth Garcia,43,18,,1,10/24/25 8:32 AM,10/24/25 9:25 AM,52 minutes and 33 seconds,KDS - Login Don't Delete
12060 Potranco Road,Lizbeth Garcia,57,20,,1,10/24/25 9:08 AM,10/24/25 9:25 AM,17 minutes and 2 seconds,KDS - Login Don't Delete
12060 Potranco Road,Melissa  Urena,58,,Drive Thru,,10/24/25 9:15 AM,10/24/25 9:25 AM,9 minutes and 48 seconds,KDS - Login Don't Delete
12060 Potranco Road,Melissa  Urena,58,,Food,,10/24/25 9:15 AM,10/24/25 9:25 AM,9 minutes and 48 seconds,KDS - Login Don't Delete
12060 Potranco Road,Melissa  Urena,59,,Drive Thru,,10/24/25 9:18 AM,10/24/25 9:25 AM,7 minutes and 10 seconds,KDS - Login Don't Delete
12060 Potranco Road,Melissa  Urena,59,,Food,,10/24/25 9:18 AM,10/24/25 9:25 AM,7 minutes and 10 seconds,KDS - Login Don't Delete
12060 Potranco Road,Melissa  Urena,61,,Food,,10/24/25 9:20 AM,10/24/25 9:29 AM,8 minutes and 18 seconds,KDS - Login Don't Delete
12060 Potranco Road,Melissa  Urena,60,,Drive Thru,,10/24/25 9:19 AM,10/24/25 9:29 AM,9 minutes and 41 seconds,KDS - Login Don't Delete
12060 Potranco Road,Melissa  Urena,60,,Food,,10/24/25 9:19 AM,10/24/25 9:29 AM,9 minutes and 41 seconds,KDS - Login Don't Delete
12060 Potranco Road,Melissa  Urena,63,,Drive Thru,,10/24/25 9:25 AM,10/24/25 9:29 AM,3 minutes and 56 seconds,KDS - Login Don't Delete
12060 Potranco Road,Melissa  Urena,63,,Food,,10/24/25 9:25 AM,10/24/25 9:29 AM,3 minutes and 56 seconds,KDS - Login Don't Delete
12060 Potranco Road,Melissa  Urena,61,,Drive Thru,,10/24/25 9:20 AM,10/24/25 9:29 AM,8 minutes and 18 seconds,KDS - Login Don't Delete
12060 Potranco Road,Melissa  Urena,62,,Food,,10/24/25 9:24 AM,10/24/25 9:29 AM,4 minutes and 41 seconds,KDS - Login Don't Delete
12060 Potranco Road,Melissa  Urena,62,,Drive Thru,,10/24/25 9:24 AM,10/24/25 9:29 AM,4 minutes and 41 seconds,KDS - Login Don't Delete
12060 Potranco Road,Melissa  Urena,64,,Drive Thru,,10/24/25 9:25 AM,10/24/25 9:29 AM,3 minutes and 44 seconds,KDS - Login Don't Delete
12060 Potranco Road,Melissa  Urena,64,,Food,,10/24/25 9:25 AM,10/24/25 9:29 AM,3 minutes and 44 seconds,KDS - Login Don't Delete
12060 Potranco Road,Melissa  Urena,65,,Drive Thru,,10/24/25 9:31 AM,10/24/25 9:32 AM,1 minute and 43 seconds,KDS - Login Don't Delete
12060 Potranco Road,Melissa  Urena,65,,Food,,10/24/25 9:31 AM,10/24/25 9:32 AM,1 minute and 43 seconds,KDS - Login Don't Delete
12060 Potranco Road,Melissa  Urena,66,,Food,,10/24/25 9:34 AM,10/24/25 9:39 AM,4 minutes and 27 seconds,KDS - Login Don't Delete
12060 Potranco Road,Melissa  Urena,66,,Drive Thru,,10/24/25 9:34 AM,10/24/25 9:39 AM,4 minutes and 27 seconds,KDS - Login Don't Delete
12060 Potranco Road,Melissa  Urena,67,,Drive Thru,,10/24/25 9:35 AM,10/24/25 9:39 AM,3 minutes and 39 seconds,KDS - Login Don't Delete
12060 Potranco Road,Melissa  Urena,67,,Food,,10/24/25 9:35 AM,10/24/25 9:39 AM,3 minutes and 39 seconds,KDS - Login Don't Delete
12060 Potranco Road,Melissa  Urena,70,,Drive Thru,,10/24/25 9:40 AM,10/24/25 9:42 AM,2 minutes and 9 seconds,KDS - Login Don't Delete
12060 Potranco Road,Melissa  Urena,70,,Food,,10/24/25 9:40 AM,10/24/25 9:42 AM,2 minutes and 9 seconds,KDS - Login Don't Delete
12060 Potranco Road,Sugey Cabrera,69,,Food,,10/24/25 9:39 AM,10/24/25 9:45 AM,5 minutes and 29 seconds,KDS - Login Don't Delete
12060 Potranco Road,Sugey Cabrera,69,,Drive Thru,,10/24/25 9:39 AM,10/24/25 9:45 AM,5 minutes and 29 seconds,KDS - Login Don't Delete
12060 Potranco Road,Sugey Cabrera,68,,Food,,10/24/25 9:37 AM,10/24/25 9:45 AM,7 minutes and 39 seconds,KDS - Login Don't Delete
12060 Potranco Road,Sugey Cabrera,68,,Drive Thru,,10/24/25 9:37 AM,10/24/25 9:45 AM,7 minutes and 39 seconds,KDS - Login Don't Delete
12060 Potranco Road,Leticia Roman,35001,2,No Print,,10/24/25 9:45 AM,10/24/25 9:50 AM,5 minutes and 30 seconds,KDS - Login Don't Delete
12060 Potranco Road,Leticia Roman,35001,2,Food,,10/24/25 9:45 AM,10/24/25 9:50 AM,5 minutes and 30 seconds,KDS - Login Don't Delete
12060 Potranco Road,Sugey Cabrera,31,,Food,,10/24/25 9:44 AM,10/24/25 9:50 AM,6 minutes and 7 seconds,KDS - Login Don't Delete
12060 Potranco Road,Sugey Cabrera,31,,Drive Thru,,10/24/25 9:44 AM,10/24/25 9:50 AM,6 minutes and 7 seconds,KDS - Login Don't Delete
12060 Potranco Road,Melissa  Urena,71,,Drive Thru,,10/24/25 9:45 AM,10/24/25 9:52 AM,6 minutes and 14 seconds,KDS - Login Don't Delete
12060 Potranco Road,Melissa  Urena,71,,Food,,10/24/25 9:45 AM,10/24/25 9:52 AM,6 minutes and 14 seconds,KDS - Login Don't Delete
12060 Potranco Road,Sugey Cabrera,31,,No Print,,10/24/25 9:49 AM,10/24/25 9:53 AM,3 minutes and 22 seconds,KDS - Login Don't Delete
12060 Potranco Road,Sugey Cabrera,31,,Food,,10/24/25 9:49 AM,10/24/25 9:53 AM,3 minutes and 22 seconds,KDS - Login Don't Delete
12060 Potranco Road,Sugey Cabrera,69,,,1,10/24/25 9:45 AM,10/24/25 9:56 AM,11 minutes and 42 seconds,KDS - Login Don't Delete
12060 Potranco Road,Sugey Cabrera,68,,,1,10/24/25 9:45 AM,10/24/25 9:56 AM,11 minutes and 42 seconds,KDS - Login Don't Delete
12060 Potranco Road,Leticia Roman,35001,2,,1,10/24/25 9:50 AM,10/24/25 9:56 AM,6 minutes and 11 seconds,KDS - Login Don't Delete
12060 Potranco Road,Sugey Cabrera,31,,,1,10/24/25 9:50 AM,10/24/25 9:56 AM,6 minutes and 11 seconds,KDS - Login Don't Delete
12060 Potranco Road,Sugey Cabrera,31,,,1,10/24/25 9:53 AM,10/24/25 9:56 AM,3 minutes and 34 seconds,KDS - Login Don't Delete
12060 Potranco Road,Leticia Roman,35001,2,,1,10/24/25 9:39 AM,10/24/25 9:57 AM,18 minutes and 1 second,KDS - Login Don't Delete
12060 Potranco Road,Fernanda  Loera,73,12,No Print,,10/24/25 9:53 AM,10/24/25 9:57 AM,4 minutes and 15 seconds,KDS - Login Don't Delete
12060 Potranco Road,Fernanda  Loera,73,12,Food,,10/24/25 9:53 AM,10/24/25 9:57 AM,4 minutes and 15 seconds,KDS - Login Don't Delete
12060 Potranco Road,Melissa  Urena,77,,Drive Thru,,10/24/25 9:55 AM,10/24/25 10:00 AM,4 minutes and 40 seconds,KDS - Login Don't Delete
12060 Potranco Road,Melissa  Urena,77,,Food,,10/24/25 9:55 AM,10/24/25 10:00 AM,4 minutes and 40 seconds,KDS - Login Don't Delete
12060 Potranco Road,Melissa  Urena,80,,Drive Thru,,10/24/25 10:00 AM,10/24/25 10:02 AM,2 minutes and 51 seconds,KDS - Login Don't Delete
12060 Potranco Road,Melissa  Urena,80,,Food,,10/24/25 10:00 AM,10/24/25 10:02 AM,2 minutes and 51 seconds,KDS - Login Don't Delete
12060 Potranco Road,Sugey Cabrera,75,16,No Print,,10/24/25 9:55 AM,10/24/25 10:04 AM,8 minutes and 57 seconds,KDS - Login Don't Delete
12060 Potranco Road,Sugey Cabrera,75,16,Food,,10/24/25 9:55 AM,10/24/25 10:04 AM,8 minutes and 57 seconds,KDS - Login Don't Delete
12060 Potranco Road,Leticia Roman,76,26,No Print,,10/24/25 9:55 AM,10/24/25 10:04 AM,8 minutes and 51 seconds,KDS - Login Don't Delete
12060 Potranco Road,Leticia Roman,76,26,Food,,10/24/25 9:55 AM,10/24/25 10:04 AM,8 minutes and 51 seconds,KDS - Login Don't Delete
12060 Potranco Road,Fernanda  Loera,79,18,No Print,,10/24/25 9:58 AM,10/24/25 10:04 AM,6 minutes and 18 seconds,KDS - Login Don't Delete
12060 Potranco Road,Fernanda  Loera,79,18,Food,,10/24/25 9:58 AM,10/24/25 10:04 AM,6 minutes and 18 seconds,KDS - Login Don't Delete
12060 Potranco Road,Lizbeth Garcia,74,23,No Print,,10/24/25 9:55 AM,10/24/25 10:05 AM,10 minutes and 13 seconds,KDS - Login Don't Delete
12060 Potranco Road,Lizbeth Garcia,74,23,Food,,10/24/25 9:55 AM,10/24/25 10:05 AM,10 minutes and 13 seconds,KDS - Login Don't Delete
12060 Potranco Road,Carlos Morales,78,,Food,,10/24/25 9:56 AM,10/24/25 10:09 AM,12 minutes and 9 seconds,KDS - Login Don't Delete
12060 Potranco Road,Carlos Morales,78,,Drive Thru,,10/24/25 9:56 AM,10/24/25 10:09 AM,12 minutes and 9 seconds,KDS - Login Don't Delete
12060 Potranco Road,Melissa  Urena,84,,Drive Thru,,10/24/25 10:07 AM,10/24/25 10:12 AM,5 minutes and 13 seconds,KDS - Login Don't Delete
12060 Potranco Road,Melissa  Urena,84,,Food,,10/24/25 10:07 AM,10/24/25 10:12 AM,5 minutes and 13 seconds,KDS - Login Don't Delete
12060 Potranco Road,Sugey Cabrera,85,14,,1,10/24/25 10:07 AM,10/24/25 10:12 AM,5 minutes and 15 seconds,KDS - Login Don't Delete
12060 Potranco Road,Sugey Cabrera,75,16,,1,10/24/25 9:55 AM,10/24/25 10:12 AM,16 minutes and 46 seconds,KDS - Login Don't Delete
12060 Potranco Road,Melissa  Urena,83,,Drive Thru,,10/24/25 10:04 AM,10/24/25 10:12 AM,7 minutes and 51 seconds,KDS - Login Don't Delete
12060 Potranco Road,Melissa  Urena,83,,Food,,10/24/25 10:04 AM,10/24/25 10:12 AM,7 minutes and 51 seconds,KDS - Login Don't Delete
12060 Potranco Road,Melissa  Urena,86,,Food,,10/24/25 10:07 AM,10/24/25 10:12 AM,5 minutes and 3 seconds,KDS - Login Don't Delete
12060 Potranco Road,Melissa  Urena,86,,Drive Thru,,10/24/25 10:07 AM,10/24/25 10:12 AM,5 minutes and 3 seconds,KDS - Login Don't Delete
12060 Potranco Road,Fernanda  Loera,79,18,,1,10/24/25 10:04 AM,10/24/25 10:12 AM,7 minutes and 48 seconds,KDS - Login Don't Delete
12060 Potranco Road,Fernanda  Loera,73,12,,1,10/24/25 9:53 AM,10/24/25 10:12 AM,19 minutes and 13 seconds,KDS - Login Don't Delete
12060 Potranco Road,Lizbeth Garcia,74,23,,1,10/24/25 9:55 AM,10/24/25 10:12 AM,17 minutes and 30 seconds,KDS - Login Don't Delete
12060 Potranco Road,Carlos Morales,78,,,1,10/24/25 10:09 AM,10/24/25 10:12 AM,3 minutes and 30 seconds,KDS - Login Don't Delete
12060 Potranco Road,Leticia Roman,76,26,,1,10/24/25 10:04 AM,10/24/25 10:12 AM,7 minutes and 49 seconds,KDS - Login Don't Delete
12060 Potranco Road,Leticia Roman,92,3,,1,10/24/25 10:13 AM,10/24/25 10:14 AM,1 minute and 3 seconds,KDS - Login Don't Delete
12060 Potranco Road,Sugey Cabrera,88,,Food,,10/24/25 10:11 AM,10/24/25 10:15 AM,4 minutes and 34 seconds,KDS - Login Don't Delete
12060 Potranco Road,Sugey Cabrera,88,,Drive Thru,,10/24/25 10:11 AM,10/24/25 10:15 AM,4 minutes and 34 seconds,KDS - Login Don't Delete
12060 Potranco Road,Lizbeth Garcia,91,15,No Print,,10/24/25 10:12 AM,10/24/25 10:17 AM,4 minutes and 52 seconds,KDS - Login Don't Delete
12060 Potranco Road,Lizbeth Garcia,91,15,Food,,10/24/25 10:12 AM,10/24/25 10:17 AM,4 minutes and 52 seconds,KDS - Login Don't Delete
12060 Potranco Road,Lizbeth Garcia,91,15,,1,10/24/25 10:12 AM,10/24/25 10:17 AM,5 minutes and 14 seconds,KDS - Login Don't Delete
12060 Potranco Road,Sugey Cabrera,88,,,1,10/24/25 10:15 AM,10/24/25 10:17 AM,1 minute and 44 seconds,KDS - Login Don't Delete
12060 Potranco Road,Melissa  Urena,81,,Drive Thru,,10/24/25 10:03 AM,10/24/25 10:17 AM,14 minutes and 20 seconds,KDS - Login Don't Delete
12060 Potranco Road,Melissa  Urena,81,,Food,,10/24/25 10:03 AM,10/24/25 10:17 AM,14 minutes and 20 seconds,KDS - Login Don't Delete
12060 Potranco Road,Melissa  Urena,87,,Food,,10/24/25 10:10 AM,10/24/25 10:17 AM,7 minutes and 19 seconds,KDS - Login Don't Delete
12060 Potranco Road,Melissa  Urena,89,,Food,,10/24/25 10:10 AM,10/24/25 10:17 AM,7 minutes and 10 seconds,KDS - Login Don't Delete
12060 Potranco Road,Melissa  Urena,89,,Drive Thru,,10/24/25 10:10 AM,10/24/25 10:17 AM,7 minutes and 10 seconds,KDS - Login Don't Delete
12060 Potranco Road,Melissa  Urena,90,,Drive Thru,,10/24/25 10:11 AM,10/24/25 10:17 AM,6 minutes and 18 seconds,KDS - Login Don't Delete
12060 Potranco Road,Melissa  Urena,90,,Food,,10/24/25 10:11 AM,10/24/25 10:17 AM,6 minutes and 18 seconds,KDS - Login Don't Delete
12060 Potranco Road,Melissa  Urena,87,,Drive Thru,,10/24/25 10:10 AM,10/24/25 10:17 AM,7 minutes and 19 seconds,KDS - Login Don't Delete
12060 Potranco Road,Melissa  Urena,94,,Drive Thru,,10/24/25 10:16 AM,10/24/25 10:22 AM,6 minutes and 1 second,KDS - Login Don't Delete
12060 Potranco Road,Melissa  Urena,94,,Food,,10/24/25 10:16 AM,10/24/25 10:22 AM,6 minutes and 1 second,KDS - Login Don't Delete
12060 Potranco Road,Melissa  Urena,96,,Drive Thru,,10/24/25 10:19 AM,10/24/25 10:22 AM,2 minutes and 52 seconds,KDS - Login Don't Delete
12060 Potranco Road,Melissa  Urena,96,,Food,,10/24/25 10:19 AM,10/24/25 10:22 AM,2 minutes and 52 seconds,KDS - Login Don't Delete
12060 Potranco Road,Fernanda  Loera,95,4,No Print,,10/24/25 10:17 AM,10/24/25 10:22 AM,5 minutes and 10 seconds,KDS - Login Don't Delete
12060 Potranco Road,Fernanda  Loera,95,4,Food,,10/24/25 10:17 AM,10/24/25 10:22 AM,5 minutes and 10 seconds,KDS - Login Don't Delete
12060 Potranco Road,Leticia Roman,92,3,No Print,,10/24/25 10:23 AM,10/24/25 10:27 AM,3 minutes and 49 seconds,KDS - Login Don't Delete
12060 Potranco Road,Leticia Roman,92,3,Food,,10/24/25 10:23 AM,10/24/25 10:27 AM,3 minutes and 49 seconds,KDS - Login Don't Delete
12060 Potranco Road,Melissa  Urena,99,,Drive Thru,,10/24/25 10:21 AM,10/24/25 10:29 AM,8 minutes and 51 seconds,KDS - Login Don't Delete
12060 Potranco Road,Melissa  Urena,99,,Food,,10/24/25 10:21 AM,10/24/25 10:29 AM,8 minutes and 51 seconds,KDS - Login Don't Delete
12060 Potranco Road,Sugey Cabrera,101,34,No Print,,10/24/25 10:25 AM,10/24/25 10:30 AM,5 minutes and 7 seconds,KDS - Login Don't Delete
12060 Potranco Road,Sugey Cabrera,101,34,Drinks,,10/24/25 10:25 AM,10/24/25 10:30 AM,5 minutes and 7 seconds,KDS - Login Don't Delete
12060 Potranco Road,Sugey Cabrera,101,34,Food,,10/24/25 10:25 AM,10/24/25 10:30 AM,5 minutes and 7 seconds,KDS - Login Don't Delete
12060 Potranco Road,Sugey Cabrera,101,34,Drive Thru,,10/24/25 10:25 AM,10/24/25 10:30 AM,5 minutes and 7 seconds,KDS - Login Don't Delete
12060 Potranco Road,Melissa  Urena,103,,Food,,10/24/25 10:29 AM,10/24/25 10:36 AM,6 minutes and 50 seconds,KDS - Login Don't Delete
12060 Potranco Road,Melissa  Urena,103,,Drive Thru,,10/24/25 10:29 AM,10/24/25 10:36 AM,6 minutes and 50 seconds,KDS - Login Don't Delete
12060 Potranco Road,Leticia Roman,92,3,,1,10/24/25 10:27 AM,10/24/25 10:38 AM,11 minutes and 38 seconds,KDS - Login Don't Delete
12060 Potranco Road,Fernanda  Loera,95,4,,1,10/24/25 10:22 AM,10/24/25 10:38 AM,15 minutes and 57 seconds,KDS - Login Don't Delete
12060 Potranco Road,Melissa  Urena,103,,,1,10/24/25 10:36 AM,10/24/25 10:38 AM,2 minutes and 16 seconds,KDS - Login Don't Delete
12060 Potranco Road,Leticia Roman,76,26,,1,10/24/25 10:20 AM,10/24/25 10:38 AM,18 minutes,KDS - Login Don't Delete
12060 Potranco Road,Leticia Roman,98,26,,1,10/24/25 10:21 AM,10/24/25 10:38 AM,17 minutes and 45 seconds,KDS - Login Don't Delete
12060 Potranco Road,Fernanda  Loera,73,12,No Print,,10/24/25 10:36 AM,10/24/25 10:44 AM,7 minutes and 28 seconds,KDS - Login Don't Delete
12060 Potranco Road,Fernanda  Loera,73,12,Food,,10/24/25 10:36 AM,10/24/25 10:44 AM,7 minutes and 28 seconds,KDS - Login Don't Delete
12060 Potranco Road,Melissa  Urena,105,,Drive Thru,,10/24/25 10:35 AM,10/24/25 10:44 AM,9 minutes and 22 seconds,KDS - Login Don't Delete
12060 Potranco Road,Melissa  Urena,106,,Food,,10/24/25 10:36 AM,10/24/25 10:44 AM,8 minutes and 19 seconds,KDS - Login Don't Delete
12060 Potranco Road,Melissa  Urena,106,,Drive Thru,,10/24/25 10:36 AM,10/24/25 10:44 AM,8 minutes and 19 seconds,KDS - Login Don't Delete
12060 Potranco Road,Melissa  Urena,105,,Food,,10/24/25 10:35 AM,10/24/25 10:44 AM,9 minutes and 22 seconds,KDS - Login Don't Delete
12060 Potranco Road,Melissa  Urena,108,,Drive Thru,,10/24/25 10:40 AM,10/24/25 10:47 AM,7 minutes and 3 seconds,KDS - Login Don't Delete
12060 Potranco Road,Melissa  Urena,108,,Food,,10/24/25 10:40 AM,10/24/25 10:47 AM,7 minutes and 3 seconds,KDS - Login Don't Delete
12060 Potranco Road,Melissa  Urena,108,,Drinks,,10/24/25 10:40 AM,10/24/25 10:47 AM,7 minutes and 3 seconds,KDS - Login Don't Delete
12060 Potranco Road,Melissa  Urena,108,,No Print,,10/24/25 10:40 AM,10/24/25 10:47 AM,7 minutes and 3 seconds,KDS - Login Don't Delete
12060 Potranco Road,Melissa  Urena,110,,Drive Thru,,10/24/25 10:43 AM,10/24/25 10:49 AM,6 minutes and 14 seconds,KDS - Login Don't Delete
12060 Potranco Road,Melissa  Urena,110,,Food,,10/24/25 10:43 AM,10/24/25 10:49 AM,6 minutes and 14 seconds,KDS - Login Don't Delete
12060 Potranco Road,Lizbeth Garcia,109,21,No Print,,10/24/25 10:41 AM,10/24/25 10:52 AM,11 minutes and 20 seconds,KDS - Login Don't Delete
12060 Potranco Road,Lizbeth Garcia,109,21,Food,,10/24/25 10:41 AM,10/24/25 10:52 AM,11 minutes and 20 seconds,KDS - Login Don't Delete
12060 Potranco Road,Sugey Cabrera,101,34,,1,10/24/25 10:25 AM,10/24/25 10:58 AM,32 minutes and 33 seconds,KDS - Login Don't Delete
12060 Potranco Road,Fernanda  Loera,73,12,,1,10/24/25 10:44 AM,10/24/25 10:58 AM,13 minutes and 47 seconds,KDS - Login Don't Delete
12060 Potranco Road,Sugey Cabrera,102,16,,1,10/24/25 10:28 AM,10/24/25 10:58 AM,29 minutes and 29 seconds,KDS - Login Don't Delete
12060 Potranco Road,Fernanda  Loera,79,18,,1,10/24/25 10:38 AM,10/24/25 10:58 AM,19 minutes and 12 seconds,KDS - Login Don't Delete
12060 Potranco Road,Fernanda  Loera,95,4,,1,10/24/25 10:52 AM,10/24/25 10:58 AM,6 minutes and 13 seconds,KDS - Login Don't Delete
12060 Potranco Road,Lizbeth Garcia,109,21,,1,10/24/25 10:41 AM,10/24/25 10:58 AM,16 minutes and 40 seconds,KDS - Login Don't Delete
12060 Potranco Road,Leticia Roman,111,2,Food,,10/24/25 10:52 AM,10/24/25 10:58 AM,6 minutes and 15 seconds,KDS - Login Don't Delete
12060 Potranco Road,Leticia Roman,111,2,No Print,,10/24/25 10:52 AM,10/24/25 10:58 AM,6 minutes and 15 seconds,KDS - Login Don't Delete
12060 Potranco Road,Melissa  Urena,113,,Food,,10/24/25 10:54 AM,10/24/25 10:58 AM,4 minutes and 47 seconds,KDS - Login Don't Delete
12060 Potranco Road,Melissa  Urena,114,,Drive Thru,,10/24/25 10:54 AM,10/24/25 10:58 AM,4 minutes and 17 seconds,KDS - Login Don't Delete
12060 Potranco Road,Melissa  Urena,114,,Food,,10/24/25 10:54 AM,10/24/25 10:58 AM,4 minutes and 17 seconds,KDS - Login Don't Delete
12060 Potranco Road,Leticia Roman,111,2,,1,10/24/25 10:52 AM,10/24/25 10:59 AM,6 minutes and 44 seconds,KDS - Login Don't Delete
12060 Potranco Road,Melissa  Urena,115,,Drive Thru,,10/24/25 10:55 AM,10/24/25 11:04 AM,9 minutes and 44 seconds,KDS - Login Don't Delete
12060 Potranco Road,Melissa  Urena,115,,Food,,10/24/25 10:55 AM,10/24/25 11:04 AM,9 minutes and 44 seconds,KDS - Login Don't Delete
12060 Potranco Road,Melissa  Urena,115,,Drinks,,10/24/25 10:55 AM,10/24/25 11:04 AM,9 minutes and 44 seconds,KDS - Login Don't Delete
12060 Potranco Road,Melissa  Urena,115,,No Print,,10/24/25 10:55 AM,10/24/25 11:04 AM,9 minutes and 44 seconds,KDS - Login Don't Delete
12060 Potranco Road,Melissa  Urena,112,,Drive Thru,,10/24/25 10:53 AM,10/24/25 11:05 AM,11 minutes and 18 seconds,KDS - Login Don't Delete
12060 Potranco Road,Melissa  Urena,112,,Food,,10/24/25 10:53 AM,10/24/25 11:05 AM,11 minutes and 18 seconds,KDS - Login Don't Delete
12060 Potranco Road,Melissa  Urena,112,,Drinks,,10/24/25 10:53 AM,10/24/25 11:05 AM,11 minutes and 18 seconds,KDS - Login Don't Delete
12060 Potranco Road,Melissa  Urena,112,,No Print,,10/24/25 10:53 AM,10/24/25 11:05 AM,11 minutes and 18 seconds,KDS - Login Don't Delete
12060 Potranco Road,Fernanda  Loera,117,14,No Print,,10/24/25 11:00 AM,10/24/25 11:09 AM,8 minutes and 21 seconds,KDS - Login Don't Delete
12060 Potranco Road,Fernanda  Loera,117,14,Food,,10/24/25 11:00 AM,10/24/25 11:09 AM,8 minutes and 21 seconds,KDS - Login Don't Delete
12060 Potranco Road,Fernanda  Loera,117,14,Food,,10/24/25 11:11 AM,10/24/25 11:11 AM,16 seconds,KDS - Login Don't Delete
12060 Potranco Road,Fernanda  Loera,117,14,Drive Thru,,10/24/25 11:11 AM,10/24/25 11:11 AM,16 seconds,KDS - Login Don't Delete
12060 Potranco Road,Melissa  Urena,116,,Drive Thru,,10/24/25 11:00 AM,10/24/25 11:12 AM,11 minutes and 40 seconds,KDS - Login Don't Delete
12060 Potranco Road,Melissa  Urena,116,,Food,,10/24/25 11:00 AM,10/24/25 11:12 AM,11 minutes and 40 seconds,KDS - Login Don't Delete
12060 Potranco Road,Melissa  Urena,118,,Drive Thru,,10/24/25 11:01 AM,10/24/25 11:12 AM,10 minutes and 46 seconds,KDS - Login Don't Delete
12060 Potranco Road,Melissa  Urena,118,,Food,,10/24/25 11:01 AM,10/24/25 11:12 AM,10 minutes and 46 seconds,KDS - Login Don't Delete
12060 Potranco Road,Melissa  Urena,120,,Drive Thru,,10/24/25 11:06 AM,10/24/25 11:12 AM,6 minutes and 25 seconds,KDS - Login Don't Delete
12060 Potranco Road,Melissa  Urena,120,,Food,,10/24/25 11:06 AM,10/24/25 11:12 AM,6 minutes and 25 seconds,KDS - Login Don't Delete
12060 Potranco Road,Lizbeth Garcia,121,1,No Print,,10/24/25 11:08 AM,10/24/25 11:13 AM,5 minutes,KDS - Login Don't Delete
12060 Potranco Road,Lizbeth Garcia,121,1,Food,,10/24/25 11:08 AM,10/24/25 11:13 AM,5 minutes,KDS - Login Don't Delete
12060 Potranco Road,Lizbeth Garcia,121,1,Drive Thru,,10/24/25 11:08 AM,10/24/25 11:13 AM,5 minutes,KDS - Login Don't Delete
12060 Potranco Road,Fernanda  Loera,117,14,,1,10/24/25 11:09 AM,10/24/25 11:14 AM,5 minutes and 20 seconds,KDS - Login Don't Delete
12060 Potranco Road,Fernanda  Loera,117,14,,1,10/24/25 11:11 AM,10/24/25 11:14 AM,2 minutes and 57 seconds,KDS - Login Don't Delete
12060 Potranco Road,Sugey Cabrera,119,15,No Print,,10/24/25 11:05 AM,10/24/25 11:14 AM,9 minutes and 26 seconds,KDS - Login Don't Delete
12060 Potranco Road,Sugey Cabrera,119,15,Food,,10/24/25 11:05 AM,10/24/25 11:14 AM,9 minutes and 26 seconds,KDS - Login Don't Delete
12060 Potranco Road,Sugey Cabrera,119,15,Drinks,,10/24/25 11:05 AM,10/24/25 11:14 AM,9 minutes and 26 seconds,KDS - Login Don't Delete
12060 Potranco Road,Sugey Cabrera,119,15,Drive Thru,,10/24/25 11:05 AM,10/24/25 11:14 AM,9 minutes and 26 seconds,KDS - Login Don't Delete
12060 Potranco Road,Lizbeth Garcia,121,1,,1,10/24/25 11:08 AM,10/24/25 11:17 AM,9 minutes and 38 seconds,KDS - Login Don't Delete
12060 Potranco Road,Sugey Cabrera,119,15,,1,10/24/25 11:05 AM,10/24/25 11:17 AM,12 minutes and 20 seconds,KDS - Login Don't Delete
12060 Potranco Road,Melissa  Urena,122,,Drive Thru,,10/24/25 11:13 AM,10/24/25 11:21 AM,8 minutes and 29 seconds,KDS - Login Don't Delete
12060 Potranco Road,Melissa  Urena,122,,Food,,10/24/25 11:13 AM,10/24/25 11:21 AM,8 minutes and 29 seconds,KDS - Login Don't Delete
12060 Potranco Road,Melissa  Urena,124,,Drive Thru,,10/24/25 11:25 AM,10/24/25 11:28 AM,3 minutes and 1 second,KDS - Login Don't Delete
12060 Potranco Road,Melissa  Urena,124,,Food,,10/24/25 11:25 AM,10/24/25 11:28 AM,3 minutes and 1 second,KDS - Login Don't Delete
12060 Potranco Road,Leticia Roman,123,3,,1,10/24/25 11:19 AM,10/24/25 11:28 AM,9 minutes and 21 seconds,KDS - Login Don't Delete
12060 Potranco Road,Leticia Roman,123,3,No Print,,10/24/25 11:23 AM,10/24/25 11:29 AM,5 minutes and 35 seconds,KDS - Login Don't Delete
12060 Potranco Road,Leticia Roman,123,3,Food,,10/24/25 11:23 AM,10/24/25 11:29 AM,5 minutes and 35 seconds,KDS - Login Don't Delete
12060 Potranco Road,Melissa  Urena,125,,Drive Thru,,10/24/25 11:29 AM,10/24/25 11:31 AM,2 minutes and 23 seconds,KDS - Login Don't Delete
12060 Potranco Road,Melissa  Urena,125,,Food,,10/24/25 11:29 AM,10/24/25 11:31 AM,2 minutes and 23 seconds,KDS - Login Don't Delete
12060 Potranco Road,Leticia Roman,123,3,,1,10/24/25 11:29 AM,10/24/25 11:33 AM,4 minutes and 15 seconds,KDS - Login Don't Delete
12060 Potranco Road,Leticia Roman,111,2,,1,10/24/25 11:24 AM,10/24/25 11:33 AM,8 minutes and 55 seconds,KDS - Login Don't Delete
12060 Potranco Road,Fernanda  Loera,117,14,,1,10/24/25 11:31 AM,10/24/25 11:33 AM,1 minute and 45 seconds,KDS - Login Don't Delete
12060 Potranco Road,Fernanda  Loera,129,14,No Print,,10/24/25 11:34 AM,10/24/25 11:45 AM,11 minutes,KDS - Login Don't Delete
12060 Potranco Road,Fernanda  Loera,129,14,Food,,10/24/25 11:34 AM,10/24/25 11:45 AM,11 minutes,KDS - Login Don't Delete
12060 Potranco Road,Melissa  Urena,126,,Drive Thru,,10/24/25 11:30 AM,10/24/25 11:47 AM,16 minutes and 15 seconds,KDS - Login Don't Delete
12060 Potranco Road,Melissa  Urena,130,,Drive Thru,,10/24/25 11:34 AM,10/24/25 11:47 AM,12 minutes and 50 seconds,KDS - Login Don't Delete
12060 Potranco Road,Melissa  Urena,130,,Food,,10/24/25 11:34 AM,10/24/25 11:47 AM,12 minutes and 50 seconds,KDS - Login Don't Delete
12060 Potranco Road,Melissa  Urena,133,,Food,,10/24/25 11:39 AM,10/24/25 11:47 AM,7 minutes and 46 seconds,KDS - Login Don't Delete
12060 Potranco Road,Melissa  Urena,133,,Drive Thru,,10/24/25 11:39 AM,10/24/25 11:47 AM,7 minutes and 46 seconds,KDS - Login Don't Delete
12060 Potranco Road,Melissa  Urena,128,,Drive Thru,,10/24/25 11:33 AM,10/24/25 11:47 AM,13 minutes and 35 seconds,KDS - Login Don't Delete
12060 Potranco Road,Melissa  Urena,128,,Food,,10/24/25 11:33 AM,10/24/25 11:47 AM,13 minutes and 35 seconds,KDS - Login Don't Delete
12060 Potranco Road,Melissa  Urena,126,,Food,,10/24/25 11:30 AM,10/24/25 11:47 AM,16 minutes and 15 seconds,KDS - Login Don't Delete
12060 Potranco Road,Melissa  Urena,131,,Drive Thru,,10/24/25 11:35 AM,10/24/25 11:47 AM,12 minutes and 10 seconds,KDS - Login Don't Delete
12060 Potranco Road,Melissa  Urena,131,,Food,,10/24/25 11:35 AM,10/24/25 11:47 AM,12 minutes and 10 seconds,KDS - Login Don't Delete
12060 Potranco Road,Lizbeth Garcia,134,29,No Print,,10/24/25 11:45 AM,10/24/25 11:49 AM,4 minutes and 3 seconds,KDS - Login Don't Delete
12060 Potranco Road,Lizbeth Garcia,134,29,Food,,10/24/25 11:45 AM,10/24/25 11:49 AM,4 minutes and 3 seconds,KDS - Login Don't Delete
12060 Potranco Road,Sugey Cabrera,132,35,No Print,,10/24/25 11:37 AM,10/24/25 11:50 AM,12 minutes and 40 seconds,KDS - Login Don't Delete
12060 Potranco Road,Sugey Cabrera,132,35,Food,,10/24/25 11:37 AM,10/24/25 11:50 AM,12 minutes and 40 seconds,KDS - Login Don't Delete
12060 Potranco Road,Fernanda  Loera,129,14,No Print,,10/24/25 11:51 AM,10/24/25 11:56 AM,5 minutes and 21 seconds,KDS - Login Don't Delete
12060 Potranco Road,Fernanda  Loera,129,14,Food,,10/24/25 11:51 AM,10/24/25 11:56 AM,5 minutes and 21 seconds,KDS - Login Don't Delete
12060 Potranco Road,Fernanda  Loera,129,14,,1,10/24/25 11:56 AM,10/24/25 11:57 AM,31 seconds,KDS - Login Don't Delete
12060 Potranco Road,Fernanda  Loera,136,15,,1,10/24/25 11:51 AM,10/24/25 12:00 PM,8 minutes and 49 seconds,KDS - Login Don't Delete
12060 Potranco Road,Leticia Roman,135,23,,1,10/24/25 11:52 AM,10/24/25 12:00 PM,7 minutes and 43 seconds,KDS - Login Don't Delete
12060 Potranco Road,Leticia Roman,123,3,No Print,,10/24/25 11:59 AM,10/24/25 12:00 PM,1 minute and 20 seconds,KDS - Login Don't Delete
12060 Potranco Road,Fernanda  Loera,137,15,No Print,,10/24/25 11:55 AM,10/24/25 12:01 PM,5 minutes and 44 seconds,KDS - Login Don't Delete
12060 Potranco Road,Fernanda  Loera,137,15,Food,,10/24/25 11:55 AM,10/24/25 12:01 PM,5 minutes and 44 seconds,KDS - Login Don't Delete
12060 Potranco Road,Leticia Roman,123,3,Food,,10/24/25 11:59 AM,10/24/25 12:00 PM,1 minute and 20 seconds,KDS - Login Don't Delete
12060 Potranco Road,Sugey Cabrera,139,31,No Print,,10/24/25 12:09 PM,10/24/25 12:18 PM,8 minutes and 47 seconds,KDS - Login Don't Delete
12060 Potranco Road,Sugey Cabrera,139,31,Food,,10/24/25 12:09 PM,10/24/25 12:18 PM,8 minutes and 47 seconds,KDS - Login Don't Delete
12060 Potranco Road,Melissa  Urena,140,,Drive Thru,,10/24/25 12:10 PM,10/24/25 12:18 PM,7 minutes and 30 seconds,KDS - Login Don't Delete
12060 Potranco Road,Melissa  Urena,140,,Food,,10/24/25 12:10 PM,10/24/25 12:18 PM,7 minutes and 30 seconds,KDS - Login Don't Delete
12060 Potranco Road,Sugey Cabrera,132,35,,1,10/24/25 11:37 AM,10/24/25 12:22 PM,44 minutes and 32 seconds,KDS - Login Don't Delete
12060 Potranco Road,Leticia Roman,123,3,,1,10/24/25 12:00 PM,10/24/25 12:21 PM,20 minutes and 59 seconds,KDS - Login Don't Delete
12060 Potranco Road,Fernanda  Loera,129,14,,1,10/24/25 11:34 AM,10/24/25 12:22 PM,47 minutes and 51 seconds,KDS - Login Don't Delete
12060 Potranco Road,Lizbeth Garcia,134,29,,1,10/24/25 11:45 AM,10/24/25 12:22 PM,36 minutes and 15 seconds,KDS - Login Don't Delete
12060 Potranco Road,Leticia Roman,135,23,,1,10/24/25 11:49 AM,10/24/25 12:22 PM,32 minutes and 21 seconds,KDS - Login Don't Delete
12060 Potranco Road,Fernanda  Loera,137,15,,1,10/24/25 11:55 AM,10/24/25 12:22 PM,26 minutes and 48 seconds,KDS - Login Don't Delete
12060 Potranco Road,Fernanda  Loera,138,37,,1,10/24/25 12:14 PM,10/24/25 12:22 PM,7 minutes and 46 seconds,KDS - Login Don't Delete
12060 Potranco Road,Fernanda  Loera,138,37,,1,10/24/25 12:06 PM,10/24/25 12:22 PM,15 minutes and 54 seconds,KDS - Login Don't Delete
12060 Potranco Road,Sugey Cabrera,139,31,,1,10/24/25 12:09 PM,10/24/25 12:22 PM,12 minutes and 49 seconds,KDS - Login Don't Delete
12060 Potranco Road,Lizbeth Garcia,143,29,No Print,,10/24/25 12:18 PM,10/24/25 12:33 PM,15 minutes and 27 seconds,KDS - Login Don't Delete
12060 Potranco Road,Lizbeth Garcia,143,29,Food,,10/24/25 12:18 PM,10/24/25 12:33 PM,15 minutes and 27 seconds,KDS - Login Don't Delete
12060 Potranco Road,Lizbeth Garcia,143,29,Drive Thru,,10/24/25 12:18 PM,10/24/25 12:33 PM,15 minutes and 27 seconds,KDS - Login Don't Delete
12060 Potranco Road,Fernanda  Loera,138,37,No Print,,10/24/25 12:17 PM,10/24/25 12:33 PM,15 minutes and 51 seconds,KDS - Login Don't Delete
12060 Potranco Road,Fernanda  Loera,138,37,Food,,10/24/25 12:17 PM,10/24/25 12:33 PM,15 minutes and 51 seconds,KDS - Login Don't Delete
12060 Potranco Road,Leticia Roman,144,21,No Print,,10/24/25 12:17 PM,10/24/25 12:33 PM,16 minutes and 29 seconds,KDS - Login Don't Delete
12060 Potranco Road,Leticia Roman,144,21,Food,,10/24/25 12:17 PM,10/24/25 12:33 PM,16 minutes and 29 seconds,KDS - Login Don't Delete
12060 Potranco Road,Melissa  Urena,145,,Drive Thru,,10/24/25 12:20 PM,10/24/25 12:33 PM,13 minutes and 18 seconds,KDS - Login Don't Delete
12060 Potranco Road,Melissa  Urena,145,,Food,,10/24/25 12:20 PM,10/24/25 12:33 PM,13 minutes and 18 seconds,KDS - Login Don't Delete
12060 Potranco Road,Melissa  Urena,146,,Drive Thru,,10/24/25 12:23 PM,10/24/25 12:33 PM,10 minutes and 43 seconds,KDS - Login Don't Delete
12060 Potranco Road,Melissa  Urena,146,,Food,,10/24/25 12:23 PM,10/24/25 12:33 PM,10 minutes and 43 seconds,KDS - Login Don't Delete
12060 Potranco Road,Lizbeth Garcia,143,29,,1,10/24/25 12:18 PM,10/24/25 12:35 PM,17 minutes and 10 seconds,KDS - Login Don't Delete
12060 Potranco Road,Fernanda  Loera,138,37,,1,10/24/25 12:33 PM,10/24/25 12:35 PM,1 minute and 38 seconds,KDS - Login Don't Delete
12060 Potranco Road,Fernanda  Loera,147,2,,1,10/24/25 12:27 PM,10/24/25 12:35 PM,7 minutes and 48 seconds,KDS - Login Don't Delete
12060 Potranco Road,Leticia Roman,144,21,,1,10/24/25 12:17 PM,10/24/25 12:36 PM,19 minutes and 29 seconds,KDS - Login Don't Delete
12060 Potranco Road,Melissa  Urena,142,,Drive Thru,,10/24/25 12:19 PM,10/24/25 12:39 PM,20 minutes,KDS - Login Don't Delete
12060 Potranco Road,Melissa  Urena,142,,Food,,10/24/25 12:19 PM,10/24/25 12:39 PM,20 minutes,KDS - Login Don't Delete
12060 Potranco Road,Melissa  Urena,149,,Drive Thru,,10/24/25 12:30 PM,10/24/25 12:39 PM,9 minutes and 19 seconds,KDS - Login Don't Delete
12060 Potranco Road,Melissa  Urena,151,,Drive Thru,,10/24/25 12:36 PM,10/24/25 12:39 PM,2 minutes and 41 seconds,KDS - Login Don't Delete
12060 Potranco Road,Melissa  Urena,151,,Food,,10/24/25 12:36 PM,10/24/25 12:39 PM,2 minutes and 41 seconds,KDS - Login Don't Delete
12060 Potranco Road,Melissa  Urena,149,,Food,,10/24/25 12:30 PM,10/24/25 12:39 PM,9 minutes and 19 seconds,KDS - Login Don't Delete
12060 Potranco Road,Melissa  Urena,148,,Drive Thru,,10/24/25 12:28 PM,10/24/25 12:44 PM,15 minutes and 49 seconds,KDS - Login Don't Delete
12060 Potranco Road,Melissa  Urena,148,,Food,,10/24/25 12:28 PM,10/24/25 12:44 PM,15 minutes and 49 seconds,KDS - Login Don't Delete
12060 Potranco Road,Sugey Cabrera,150,,Food,,10/24/25 12:34 PM,10/24/25 12:44 PM,9 minutes and 48 seconds,KDS - Login Don't Delete
12060 Potranco Road,Sugey Cabrera,150,,Drive Thru,,10/24/25 12:34 PM,10/24/25 12:44 PM,9 minutes and 48 seconds,KDS - Login Don't Delete
12060 Potranco Road,Melissa  Urena,152,,Drive Thru,,10/24/25 12:37 PM,10/24/25 12:44 PM,7 minutes and 16 seconds,KDS - Login Don't Delete
12060 Potranco Road,Melissa  Urena,152,,Food,,10/24/25 12:37 PM,10/24/25 12:44 PM,7 minutes and 16 seconds,KDS - Login Don't Delete
12060 Potranco Road,Melissa  Urena,154,,Drive Thru,,10/24/25 12:41 PM,10/24/25 12:44 PM,3 minutes and 23 seconds,KDS - Login Don't Delete
12060 Potranco Road,Melissa  Urena,155,,Food,,10/24/25 12:41 PM,10/24/25 12:44 PM,2 minutes and 30 seconds,KDS - Login Don't Delete
12060 Potranco Road,Melissa  Urena,155,,Drive Thru,,10/24/25 12:41 PM,10/24/25 12:44 PM,2 minutes and 30 seconds,KDS - Login Don't Delete
12060 Potranco Road,Melissa  Urena,154,,Food,,10/24/25 12:41 PM,10/24/25 12:44 PM,3 minutes and 23 seconds,KDS - Login Don't Delete
12060 Potranco Road,Fernanda  Loera,147,2,No Print,,10/24/25 12:31 PM,10/24/25 12:47 PM,15 minutes and 8 seconds,KDS - Login Don't Delete
12060 Potranco Road,Fernanda  Loera,147,2,Food,,10/24/25 12:31 PM,10/24/25 12:47 PM,15 minutes and 8 seconds,KDS - Login Don't Delete
12060 Potranco Road,Melissa  Urena,156,,Drive Thru,,10/24/25 12:45 PM,10/24/25 12:48 PM,3 minutes and 40 seconds,KDS - Login Don't Delete
12060 Potranco Road,Melissa  Urena,156,,Food,,10/24/25 12:45 PM,10/24/25 12:48 PM,3 minutes and 40 seconds,KDS - Login Don't Delete
12060 Potranco Road,Leticia Roman,157,,No Print,,10/24/25 12:47 PM,10/24/25 12:52 PM,5 minutes,KDS - Login Don't Delete
12060 Potranco Road,Leticia Roman,157,,Food,,10/24/25 12:47 PM,10/24/25 12:52 PM,5 minutes,KDS - Login Don't Delete
12060 Potranco Road,Melissa  Urena,152,,Drive Thru,,10/24/25 12:44 PM,10/24/25 12:52 PM,7 minutes and 52 seconds,KDS - Login Don't Delete
12060 Potranco Road,Melissa  Urena,152,,Food,,10/24/25 12:44 PM,10/24/25 12:52 PM,7 minutes and 52 seconds,KDS - Login Don't Delete
12060 Potranco Road,Sugey Cabrera,150,,,1,10/24/25 12:44 PM,10/24/25 12:56 PM,11 minutes and 40 seconds,KDS - Login Don't Delete
12060 Potranco Road,Melissa  Urena,159,,Drive Thru,,10/24/25 12:52 PM,10/24/25 1:02 PM,9 minutes and 54 seconds,KDS - Login Don't Delete
12060 Potranco Road,Melissa  Urena,159,,Food,,10/24/25 12:52 PM,10/24/25 1:02 PM,9 minutes and 54 seconds,KDS - Login Don't Delete
12060 Potranco Road,Melissa  Urena,164,,Food,,10/24/25 12:59 PM,10/24/25 1:12 PM,12 minutes and 53 seconds,KDS - Login Don't Delete
12060 Potranco Road,Melissa  Urena,164,,Drive Thru,,10/24/25 12:59 PM,10/24/25 1:12 PM,12 minutes and 53 seconds,KDS - Login Don't Delete
12060 Potranco Road,Melissa  Urena,162,,Drive Thru,,10/24/25 12:56 PM,10/24/25 1:12 PM,15 minutes and 51 seconds,KDS - Login Don't Delete
12060 Potranco Road,Melissa  Urena,162,,Food,,10/24/25 12:56 PM,10/24/25 1:12 PM,15 minutes and 51 seconds,KDS - Login Don't Delete
12060 Potranco Road,Melissa  Urena,167,,Drive Thru,,10/24/25 1:09 PM,10/24/25 1:13 PM,4 minutes and 44 seconds,KDS - Login Don't Delete
12060 Potranco Road,Melissa  Urena,167,,Food,,10/24/25 1:09 PM,10/24/25 1:13 PM,4 minutes and 44 seconds,KDS - Login Don't Delete
12060 Potranco Road,Melissa  Urena,166,,Drive Thru,,10/24/25 1:08 PM,10/24/25 1:13 PM,5 minutes and 40 seconds,KDS - Login Don't Delete
12060 Potranco Road,Melissa  Urena,166,,Food,,10/24/25 1:08 PM,10/24/25 1:13 PM,5 minutes and 40 seconds,KDS - Login Don't Delete
12060 Potranco Road,Melissa  Urena,166,,Drinks,,10/24/25 1:08 PM,10/24/25 1:13 PM,5 minutes and 40 seconds,KDS - Login Don't Delete
12060 Potranco Road,Melissa  Urena,166,,No Print,,10/24/25 1:08 PM,10/24/25 1:13 PM,5 minutes and 40 seconds,KDS - Login Don't Delete
12060 Potranco Road,Melissa  Urena,170,,Drive Thru,,10/24/25 1:22 PM,10/24/25 1:26 PM,3 minutes and 58 seconds,KDS - Login Don't Delete
12060 Potranco Road,Melissa  Urena,170,,Food,,10/24/25 1:22 PM,10/24/25 1:26 PM,3 minutes and 58 seconds,KDS - Login Don't Delete
12060 Potranco Road,Melissa  Urena,169,,Drive Thru,,10/24/25 1:22 PM,10/24/25 1:26 PM,4 minutes and 1 second,KDS - Login Don't Delete
12060 Potranco Road,Melissa  Urena,169,,Food,,10/24/25 1:22 PM,10/24/25 1:26 PM,4 minutes and 1 second,KDS - Login Don't Delete
12060 Potranco Road,Melissa  Urena,169,,Drive Thru,,10/24/25 1:22 PM,10/24/25 1:26 PM,4 minutes and 35 seconds,KDS - Login Don't Delete
12060 Potranco Road,Melissa  Urena,169,,Food,,10/24/25 1:22 PM,10/24/25 1:26 PM,4 minutes and 35 seconds,KDS - Login Don't Delete
12060 Potranco Road,Lizbeth Garcia,172,14,No Print,,10/24/25 1:23 PM,10/24/25 1:28 PM,4 minutes and 26 seconds,KDS - Login Don't Delete
12060 Potranco Road,Sugey Cabrera,168,15,No Print,,10/24/25 1:21 PM,10/24/25 1:28 PM,7 minutes and 11 seconds,KDS - Login Don't Delete
12060 Potranco Road,Sugey Cabrera,168,15,Food,,10/24/25 1:21 PM,10/24/25 1:28 PM,7 minutes and 11 seconds,KDS - Login Don't Delete
12060 Potranco Road,Sugey Cabrera,168,15,Drive Thru,,10/24/25 1:21 PM,10/24/25 1:28 PM,7 minutes and 11 seconds,KDS - Login Don't Delete
12060 Potranco Road,Lizbeth Garcia,172,14,Food,,10/24/25 1:23 PM,10/24/25 1:28 PM,4 minutes and 26 seconds,KDS - Login Don't Delete
12060 Potranco Road,Sugey Cabrera,168,15,No Print,,10/24/25 1:21 PM,10/24/25 1:33 PM,12 minutes and 18 seconds,KDS - Login Don't Delete
12060 Potranco Road,Sugey Cabrera,168,15,Food,,10/24/25 1:21 PM,10/24/25 1:33 PM,12 minutes and 18 seconds,KDS - Login Don't Delete
12060 Potranco Road,Melissa  Urena,173,,Drive Thru,,10/24/25 1:28 PM,10/24/25 1:33 PM,5 minutes and 24 seconds,KDS - Login Don't Delete
12060 Potranco Road,Melissa  Urena,173,,Food,,10/24/25 1:28 PM,10/24/25 1:33 PM,5 minutes and 24 seconds,KDS - Login Don't Delete
12060 Potranco Road,Melissa  Urena,174,,Drive Thru,,10/24/25 1:30 PM,10/24/25 1:33 PM,3 minutes and 20 seconds,KDS - Login Don't Delete
12060 Potranco Road,Melissa  Urena,174,,Food,,10/24/25 1:30 PM,10/24/25 1:33 PM,3 minutes and 20 seconds,KDS - Login Don't Delete
12060 Potranco Road,Sugey Cabrera,168,15,,1,10/24/25 1:33 PM,10/24/25 1:45 PM,11 minutes and 34 seconds,KDS - Login Don't Delete
12060 Potranco Road,Fernanda  Loera,147,2,,1,10/24/25 12:47 PM,10/24/25 1:45 PM,58 minutes and 18 seconds,KDS - Login Don't Delete
12060 Potranco Road,Sugey Cabrera,168,15,,1,10/24/25 1:28 PM,10/24/25 1:45 PM,17 minutes and 9 seconds,KDS - Login Don't Delete
12060 Potranco Road,Leticia Roman,157,,,1,10/24/25 12:47 PM,10/24/25 1:45 PM,58 minutes and 2 seconds,KDS - Login Don't Delete
12060 Potranco Road,Leticia Roman,144,21,,1,10/24/25 12:39 PM,10/24/25 1:45 PM,"1 hour, 5 minutes and 56 seconds",KDS - Login Don't Delete
12060 Potranco Road,Sugey Cabrera,179,7,No Print,,10/24/25 1:40 PM,10/24/25 1:45 PM,5 minutes and 22 seconds,KDS - Login Don't Delete
12060 Potranco Road,Sugey Cabrera,179,7,Food,,10/24/25 1:40 PM,10/24/25 1:45 PM,5 minutes and 22 seconds,KDS - Login Don't Delete
12060 Potranco Road,Sugey Cabrera,150,,,1,10/24/25 12:42 PM,10/24/25 1:45 PM,"1 hour, 2 minutes and 44 seconds",KDS - Login Don't Delete
12060 Potranco Road,Leticia Roman,177,20,No Print,,10/24/25 1:37 PM,10/24/25 1:45 PM,8 minutes and 9 seconds,KDS - Login Don't Delete
12060 Potranco Road,Leticia Roman,177,20,Food,,10/24/25 1:37 PM,10/24/25 1:45 PM,8 minutes and 9 seconds,KDS - Login Don't Delete
12060 Potranco Road,Sugey Cabrera,179,7,,1,10/24/25 1:40 PM,10/24/25 1:45 PM,5 minutes and 26 seconds,KDS - Login Don't Delete
12060 Potranco Road,Lizbeth Garcia,172,14,,1,10/24/25 1:23 PM,10/24/25 1:45 PM,21 minutes and 43 seconds,KDS - Login Don't Delete
12060 Potranco Road,Fernanda  Loera,176,23,,1,10/24/25 1:35 PM,10/24/25 1:45 PM,9 minutes and 46 seconds,KDS - Login Don't Delete
12060 Potranco Road,Leticia Roman,177,20,,1,10/24/25 1:45 PM,10/24/25 1:45 PM,5 seconds,KDS - Login Don't Delete
12060 Potranco Road,Leticia Roman,177,20,,1,10/24/25 1:35 PM,10/24/25 1:45 PM,9 minutes and 42 seconds,KDS - Login Don't Delete
12060 Potranco Road,Melissa  Urena,175,,Drive Thru,,10/24/25 1:34 PM,10/24/25 1:47 PM,12 minutes and 46 seconds,KDS - Login Don't Delete
12060 Potranco Road,Melissa  Urena,178,,Drive Thru,,10/24/25 1:39 PM,10/24/25 1:47 PM,8 minutes and 1 second,KDS - Login Don't Delete
12060 Potranco Road,Melissa  Urena,178,,Food,,10/24/25 1:39 PM,10/24/25 1:47 PM,8 minutes and 1 second,KDS - Login Don't Delete
12060 Potranco Road,Melissa  Urena,175,,Food,,10/24/25 1:34 PM,10/24/25 1:47 PM,12 minutes and 46 seconds,KDS - Login Don't Delete
12060 Potranco Road,Melissa  Urena,181,,Food,,10/24/25 1:50 PM,10/24/25 1:55 PM,4 minutes and 20 seconds,KDS - Login Don't Delete
12060 Potranco Road,Melissa  Urena,181,,Drive Thru,,10/24/25 1:50 PM,10/24/25 1:55 PM,4 minutes and 20 seconds,KDS - Login Don't Delete
12060 Potranco Road,Fernanda  Loera,176,23,No Print,,10/24/25 1:44 PM,10/24/25 1:55 PM,11 minutes and 23 seconds,KDS - Login Don't Delete
12060 Potranco Road,Fernanda  Loera,176,23,Food,,10/24/25 1:44 PM,10/24/25 1:55 PM,11 minutes and 23 seconds,KDS - Login Don't Delete
12060 Potranco Road,Fernanda  Loera,176,23,,1,10/24/25 1:55 PM,10/24/25 1:57 PM,1 minute and 44 seconds,KDS - Login Don't Delete
12060 Potranco Road,Leticia Roman,182,1,,1,10/24/25 1:51 PM,10/24/25 1:57 PM,6 minutes and 15 seconds,KDS - Login Don't Delete
12060 Potranco Road,Lizbeth Garcia,180,2,,1,10/24/25 1:52 PM,10/24/25 1:57 PM,5 minutes and 50 seconds,KDS - Login Don't Delete
12060 Potranco Road,Leticia Roman,182,1,No Print,,10/24/25 1:55 PM,10/24/25 1:59 PM,3 minutes and 25 seconds,KDS - Login Don't Delete
12060 Potranco Road,Leticia Roman,182,1,Food,,10/24/25 1:55 PM,10/24/25 1:59 PM,3 minutes and 25 seconds,KDS - Login Don't Delete
12060 Potranco Road,Leticia Roman,182,1,No Print,,10/24/25 1:52 PM,10/24/25 1:59 PM,6 minutes and 40 seconds,KDS - Login Don't Delete
12060 Potranco Road,Leticia Roman,182,1,Food,,10/24/25 1:52 PM,10/24/25 1:59 PM,6 minutes and 40 seconds,KDS - Login Don't Delete
12060 Potranco Road,Leticia Roman,182,1,,1,10/24/25 1:59 PM,10/24/25 2:02 PM,3 minutes and 6 seconds,KDS - Login Don't Delete
12060 Potranco Road,Leticia Roman,182,1,,1,10/24/25 1:59 PM,10/24/25 2:02 PM,3 minutes and 8 seconds,KDS - Login Don't Delete
12060 Potranco Road,Melissa  Urena,183,,Drive Thru,,10/24/25 1:54 PM,10/24/25 2:04 PM,10 minutes and 12 seconds,KDS - Login Don't Delete
12060 Potranco Road,Melissa  Urena,183,,Food,,10/24/25 1:54 PM,10/24/25 2:04 PM,10 minutes and 12 seconds,KDS - Login Don't Delete
12060 Potranco Road,Fernanda  Loera,185,3,No Print,,10/24/25 2:01 PM,10/24/25 2:11 PM,10 minutes and 16 seconds,KDS - Login Don't Delete
12060 Potranco Road,Fernanda  Loera,185,3,Food,,10/24/25 2:01 PM,10/24/25 2:11 PM,10 minutes and 16 seconds,KDS - Login Don't Delete
12060 Potranco Road,Melissa  Urena,184,,Food,,10/24/25 2:06 PM,10/24/25 2:12 PM,5 minutes and 57 seconds,KDS - Login Don't Delete
12060 Potranco Road,Melissa  Urena,184,,Drive Thru,,10/24/25 2:06 PM,10/24/25 2:12 PM,5 minutes and 57 seconds,KDS - Login Don't Delete
12060 Potranco Road,Mario Jimenez,187,,Drive Thru,,10/24/25 2:11 PM,10/24/25 2:15 PM,4 minutes and 13 seconds,KDS - Login Don't Delete
12060 Potranco Road,Mario Jimenez,187,,Food,,10/24/25 2:11 PM,10/24/25 2:15 PM,4 minutes and 13 seconds,KDS - Login Don't Delete
12060 Potranco Road,Fernanda  Loera,186,15,No Print,,10/24/25 2:10 PM,10/24/25 2:19 PM,9 minutes and 29 seconds,KDS - Login Don't Delete
12060 Potranco Road,Fernanda  Loera,186,15,Food,,10/24/25 2:10 PM,10/24/25 2:19 PM,9 minutes and 29 seconds,KDS - Login Don't Delete
12060 Potranco Road,Mario Jimenez,190,,Drive Thru,,10/24/25 2:15 PM,10/24/25 2:20 PM,5 minutes and 8 seconds,KDS - Login Don't Delete
12060 Potranco Road,Mario Jimenez,190,,Food,,10/24/25 2:15 PM,10/24/25 2:20 PM,5 minutes and 8 seconds,KDS - Login Don't Delete
12060 Potranco Road,Fernanda  Loera,188,4,No Print,,10/24/25 2:12 PM,10/24/25 2:25 PM,13 minutes and 6 seconds,KDS - Login Don't Delete
12060 Potranco Road,Fernanda  Loera,188,4,Food,,10/24/25 2:12 PM,10/24/25 2:25 PM,13 minutes and 6 seconds,KDS - Login Don't Delete
12060 Potranco Road,Fernanda  Loera,188,4,Food,,10/24/25 2:29 PM,10/24/25 2:30 PM,1 minute and 7 seconds,KDS - Login Don't Delete
12060 Potranco Road,Fernanda  Loera,188,4,Drive Thru,,10/24/25 2:29 PM,10/24/25 2:30 PM,1 minute and 7 seconds,KDS - Login Don't Delete
12060 Potranco Road,Fernanda  Loera,188,4,,1,10/24/25 2:12 PM,10/24/25 2:44 PM,31 minutes and 59 seconds,KDS - Login Don't Delete
12060 Potranco Road,Fernanda  Loera,185,3,,1,10/24/25 2:11 PM,10/24/25 2:44 PM,32 minutes and 40 seconds,KDS - Login Don't Delete
12060 Potranco Road,Fernanda  Loera,188,4,,1,10/24/25 2:30 PM,10/24/25 2:44 PM,14 minutes and 3 seconds,KDS - Login Don't Delete
12060 Potranco Road,Fernanda  Loera,186,15,,1,10/24/25 2:10 PM,10/24/25 2:44 PM,34 minutes and 3 seconds,KDS - Login Don't Delete
12060 Potranco Road,Fernanda  Loera,185,3,,1,10/24/25 2:31 PM,10/24/25 2:44 PM,12 minutes and 44 seconds,KDS - Login Don't Delete
12060 Potranco Road,Fernanda  Loera,186,15,Food,,10/24/25 2:44 PM,10/24/25 2:54 PM,9 minutes and 27 seconds,KDS - Login Don't Delete
12060 Potranco Road,Mario Jimenez,192,,Drive Thru,,10/24/25 2:53 PM,10/24/25 2:57 PM,4 minutes and 25 seconds,KDS - Login Don't Delete
12060 Potranco Road,Mario Jimenez,192,,Food,,10/24/25 2:53 PM,10/24/25 2:57 PM,4 minutes and 25 seconds,KDS - Login Don't Delete
12060 Potranco Road,Mario Jimenez,191,,Food,,10/24/25 2:53 PM,10/24/25 3:03 PM,10 minutes and 20 seconds,KDS - Login Don't Delete
12060 Potranco Road,Mario Jimenez,191,,Drive Thru,,10/24/25 2:53 PM,10/24/25 3:03 PM,10 minutes and 20 seconds,KDS - Login Don't Delete
12060 Potranco Road,Mario Jimenez,193,,Drive Thru,,10/24/25 3:02 PM,10/24/25 3:06 PM,3 minutes and 36 seconds,KDS - Login Don't Delete
12060 Potranco Road,Mario Jimenez,193,,Food,,10/24/25 3:02 PM,10/24/25 3:06 PM,3 minutes and 36 seconds,KDS - Login Don't Delete
12060 Potranco Road,Mario Jimenez,191,,,1,10/24/25 3:03 PM,10/24/25 3:06 PM,3 minutes and 21 seconds,KDS - Login Don't Delete
12060 Potranco Road,Fernanda  Loera,186,15,,1,10/24/25 2:54 PM,10/24/25 3:06 PM,12 minutes and 32 seconds,KDS - Login Don't Delete
12060 Potranco Road,Fernanda  Loera,188,4,,1,10/24/25 2:54 PM,10/24/25 3:06 PM,11 minutes and 53 seconds,KDS - Login Don't Delete
12060 Potranco Road,Mario Jimenez,194,,Drive Thru,,10/24/25 3:16 PM,10/24/25 3:18 PM,2 minutes and 3 seconds,KDS - Login Don't Delete
12060 Potranco Road,Mario Jimenez,194,,Food,,10/24/25 3:16 PM,10/24/25 3:18 PM,2 minutes and 3 seconds,KDS - Login Don't Delete
12060 Potranco Road,Mario Jimenez,196,,Drive Thru,,10/24/25 3:14 PM,10/24/25 3:18 PM,4 minutes and 11 seconds,KDS - Login Don't Delete
12060 Potranco Road,Mario Jimenez,196,,Food,,10/24/25 3:14 PM,10/24/25 3:18 PM,4 minutes and 11 seconds,KDS - Login Don't Delete
12060 Potranco Road,Candy Del Angel,195,,No Print,,10/24/25 3:10 PM,10/24/25 3:20 PM,9 minutes and 20 seconds,KDS - Login Don't Delete
12060 Potranco Road,Candy Del Angel,195,,Food,,10/24/25 3:10 PM,10/24/25 3:20 PM,9 minutes and 20 seconds,KDS - Login Don't Delete
12060 Potranco Road,Mario Jimenez,197,,Drive Thru,,10/24/25 3:18 PM,10/24/25 3:26 PM,7 minutes and 59 seconds,KDS - Login Don't Delete
12060 Potranco Road,Mario Jimenez,197,,Food,,10/24/25 3:18 PM,10/24/25 3:26 PM,7 minutes and 59 seconds,KDS - Login Don't Delete
12060 Potranco Road,Mario Jimenez,199,,Drive Thru,,10/24/25 3:25 PM,10/24/25 3:27 PM,2 minutes and 35 seconds,KDS - Login Don't Delete
12060 Potranco Road,Mario Jimenez,199,,Food,,10/24/25 3:25 PM,10/24/25 3:27 PM,2 minutes and 35 seconds,KDS - Login Don't Delete
12060 Potranco Road,Mario Jimenez,198,,Drive Thru,,10/24/25 3:24 PM,10/24/25 3:46 PM,22 minutes and 22 seconds,KDS - Login Don't Delete
12060 Potranco Road,Mario Jimenez,198,,Food,,10/24/25 3:24 PM,10/24/25 3:46 PM,22 minutes and 22 seconds,KDS - Login Don't Delete
12060 Potranco Road,Mario Jimenez,201,,Drive Thru,,10/24/25 3:47 PM,10/24/25 3:51 PM,3 minutes and 10 seconds,KDS - Login Don't Delete
12060 Potranco Road,Mario Jimenez,201,,Food,,10/24/25 3:47 PM,10/24/25 3:51 PM,3 minutes and 10 seconds,KDS - Login Don't Delete
12060 Potranco Road,Mario Jimenez,202,,Drive Thru,,10/24/25 3:57 PM,10/24/25 4:04 PM,7 minutes and 8 seconds,KDS - Login Don't Delete
12060 Potranco Road,Mario Jimenez,202,,Food,,10/24/25 3:57 PM,10/24/25 4:04 PM,7 minutes and 8 seconds,KDS - Login Don't Delete
12060 Potranco Road,Mario Jimenez,203,,Food,,10/24/25 4:09 PM,10/24/25 4:18 PM,8 minutes and 53 seconds,KDS - Login Don't Delete
12060 Potranco Road,Candy Del Angel,195,,,1,10/24/25 3:20 PM,10/24/25 4:29 PM,"1 hour, 9 minutes and 21 seconds",KDS - Login Don't Delete
12060 Potranco Road,Emanuel Sanchez,206,18,No Print,,10/24/25 4:33 PM,10/24/25 4:39 PM,6 minutes and 38 seconds,KDS - Login Don't Delete
12060 Potranco Road,Emanuel Sanchez,206,18,Food,,10/24/25 4:33 PM,10/24/25 4:39 PM,6 minutes and 38 seconds,KDS - Login Don't Delete
12060 Potranco Road,Emanuel Sanchez,206,18,,1,10/24/25 4:33 PM,10/24/25 4:45 PM,12 minutes and 31 seconds,KDS - Login Don't Delete
12060 Potranco Road,Monica Herrera,208,4,No Print,,10/24/25 4:51 PM,10/24/25 4:53 PM,2 minutes and 10 seconds,KDS - Login Don't Delete
12060 Potranco Road,Monica Herrera,208,4,Food,,10/24/25 4:51 PM,10/24/25 4:53 PM,2 minutes and 10 seconds,KDS - Login Don't Delete
12060 Potranco Road,Mario Jimenez,205,,Drive Thru,,10/24/25 4:53 PM,10/24/25 4:56 PM,3 minutes and 4 seconds,KDS - Login Don't Delete
12060 Potranco Road,Mario Jimenez,205,,Food,,10/24/25 4:53 PM,10/24/25 4:56 PM,3 minutes and 4 seconds,KDS - Login Don't Delete
12060 Potranco Road,Mario Jimenez,210,,Drive Thru,,10/24/25 4:55 PM,10/24/25 5:03 PM,7 minutes and 31 seconds,KDS - Login Don't Delete
12060 Potranco Road,Mario Jimenez,210,,Food,,10/24/25 4:55 PM,10/24/25 5:03 PM,7 minutes and 31 seconds,KDS - Login Don't Delete
12060 Potranco Road,Emanuel Sanchez,209,,Food,,10/24/25 4:53 PM,10/24/25 5:05 PM,11 minutes and 46 seconds,KDS - Login Don't Delete
12060 Potranco Road,Emanuel Sanchez,209,,Drive Thru,,10/24/25 4:53 PM,10/24/25 5:05 PM,11 minutes and 46 seconds,KDS - Login Don't Delete
12060 Potranco Road,Monica Herrera,208,4,No Print,,10/24/25 4:57 PM,10/24/25 5:07 PM,9 minutes and 46 seconds,KDS - Login Don't Delete
12060 Potranco Road,Monica Herrera,208,4,Food,,10/24/25 4:57 PM,10/24/25 5:07 PM,9 minutes and 46 seconds,KDS - Login Don't Delete
12060 Potranco Road,Mario Jimenez,211,,Drive Thru,,10/24/25 5:04 PM,10/24/25 5:09 PM,5 minutes and 45 seconds,KDS - Login Don't Delete
12060 Potranco Road,Mario Jimenez,211,,Food,,10/24/25 5:04 PM,10/24/25 5:09 PM,5 minutes and 45 seconds,KDS - Login Don't Delete
12060 Potranco Road,Emanuel Sanchez,209,,,1,10/24/25 4:53 PM,10/24/25 5:11 PM,18 minutes and 8 seconds,KDS - Login Don't Delete
12060 Potranco Road,Emanuel Sanchez,206,18,No Print,,10/24/25 5:14 PM,10/24/25 5:18 PM,3 minutes and 57 seconds,KDS - Login Don't Delete
12060 Potranco Road,Emanuel Sanchez,206,18,Food,,10/24/25 5:14 PM,10/24/25 5:18 PM,3 minutes and 57 seconds,KDS - Login Don't Delete
12060 Potranco Road,Mario Jimenez,212,,Drive Thru,,10/24/25 5:14 PM,10/24/25 5:18 PM,3 minutes and 45 seconds,KDS - Login Don't Delete
12060 Potranco Road,Mario Jimenez,212,,Food,,10/24/25 5:14 PM,10/24/25 5:18 PM,3 minutes and 45 seconds,KDS - Login Don't Delete
12060 Potranco Road,Mario Jimenez,213,,Drive Thru,,10/24/25 5:21 PM,10/24/25 5:23 PM,2 minutes and 12 seconds,KDS - Login Don't Delete
12060 Potranco Road,Mario Jimenez,213,,Food,,10/24/25 5:21 PM,10/24/25 5:23 PM,2 minutes and 12 seconds,KDS - Login Don't Delete
12060 Potranco Road,Emanuel Sanchez,206,18,,1,10/24/25 5:13 PM,10/24/25 5:24 PM,10 minutes and 15 seconds,KDS - Login Don't Delete
12060 Potranco Road,Emanuel Sanchez,206,18,,1,10/24/25 5:18 PM,10/24/25 5:24 PM,5 minutes and 35 seconds,KDS - Login Don't Delete
12060 Potranco Road,Fernanda  Loera,214,23,No Print,,10/24/25 5:19 PM,10/24/25 5:25 PM,6 minutes and 1 second,KDS - Login Don't Delete
12060 Potranco Road,Fernanda  Loera,214,23,Food,,10/24/25 5:19 PM,10/24/25 5:25 PM,6 minutes and 1 second,KDS - Login Don't Delete
12060 Potranco Road,Fernanda  Loera,214,23,Drinks,,10/24/25 5:19 PM,10/24/25 5:25 PM,6 minutes and 1 second,KDS - Login Don't Delete
12060 Potranco Road,Fernanda  Loera,214,23,Drive Thru,,10/24/25 5:19 PM,10/24/25 5:25 PM,6 minutes and 1 second,KDS - Login Don't Delete
12060 Potranco Road,Fernanda  Loera,214,23,No Print,,10/24/25 5:18 PM,10/24/25 5:27 PM,8 minutes and 59 seconds,KDS - Login Don't Delete
12060 Potranco Road,Fernanda  Loera,214,23,Food,,10/24/25 5:18 PM,10/24/25 5:27 PM,8 minutes and 59 seconds,KDS - Login Don't Delete
12060 Potranco Road,Brianna Aragon,216,,No Print,,10/24/25 5:26 PM,10/24/25 5:30 PM,3 minutes and 28 seconds,KDS - Login Don't Delete
12060 Potranco Road,Brianna Aragon,216,,Food,,10/24/25 5:26 PM,10/24/25 5:30 PM,3 minutes and 28 seconds,KDS - Login Don't Delete
12060 Potranco Road,Mario Jimenez,218,,Food,,10/24/25 5:28 PM,10/24/25 5:35 PM,7 minutes and 2 seconds,KDS - Login Don't Delete
12060 Potranco Road,Mario Jimenez,218,,Drive Thru,,10/24/25 5:28 PM,10/24/25 5:35 PM,7 minutes and 2 seconds,KDS - Login Don't Delete
12060 Potranco Road,Monica Herrera,208,4,,1,10/24/25 4:53 PM,10/24/25 5:43 PM,49 minutes and 26 seconds,KDS - Login Don't Delete
12060 Potranco Road,Monica Herrera,208,4,,1,10/24/25 5:07 PM,10/24/25 5:43 PM,36 minutes,KDS - Login Don't Delete
12060 Potranco Road,Mario Jimenez,218,,,1,10/24/25 5:35 PM,10/24/25 5:43 PM,7 minutes and 40 seconds,KDS - Login Don't Delete
12060 Potranco Road,Brianna Aragon,216,,,1,10/24/25 5:30 PM,10/24/25 5:43 PM,13 minutes and 2 seconds,KDS - Login Don't Delete
12060 Potranco Road,Fernanda  Loera,214,23,,1,10/24/25 5:18 PM,10/24/25 5:43 PM,25 minutes and 2 seconds,KDS - Login Don't Delete
12060 Potranco Road,Fernanda  Loera,214,23,,1,10/24/25 5:19 PM,10/24/25 5:43 PM,24 minutes and 5 seconds,KDS - Login Don't Delete
12060 Potranco Road,Mario Jimenez,221,,Drive Thru,,10/24/25 5:42 PM,10/24/25 5:50 PM,7 minutes and 45 seconds,KDS - Login Don't Delete
12060 Potranco Road,Mario Jimenez,221,,Food,,10/24/25 5:42 PM,10/24/25 5:50 PM,7 minutes and 45 seconds,KDS - Login Don't Delete
12060 Potranco Road,Monica Herrera,222,20,No Print,,10/24/25 5:47 PM,10/24/25 5:54 PM,7 minutes and 42 seconds,KDS - Login Don't Delete
12060 Potranco Road,Monica Herrera,222,20,Food,,10/24/25 5:47 PM,10/24/25 5:54 PM,7 minutes and 42 seconds,KDS - Login Don't Delete
12060 Potranco Road,Emanuel Sanchez,225,15,No Print,,10/24/25 5:55 PM,10/24/25 6:01 PM,6 minutes and 29 seconds,KDS - Login Don't Delete
12060 Potranco Road,Emanuel Sanchez,225,15,Food,,10/24/25 5:55 PM,10/24/25 6:01 PM,6 minutes and 29 seconds,KDS - Login Don't Delete
12060 Potranco Road,Emanuel Sanchez,226,14,No Print,,10/24/25 5:56 PM,10/24/25 6:02 PM,5 minutes and 30 seconds,KDS - Login Don't Delete
12060 Potranco Road,Emanuel Sanchez,226,14,Food,,10/24/25 5:56 PM,10/24/25 6:02 PM,5 minutes and 30 seconds,KDS - Login Don't Delete
12060 Potranco Road,Emanuel Sanchez,225,15,,1,10/24/25 5:55 PM,10/24/25 6:03 PM,8 minutes and 25 seconds,KDS - Login Don't Delete
12060 Potranco Road,Emanuel Sanchez,219,3,,1,10/24/25 5:54 PM,10/24/25 6:03 PM,9 minutes and 5 seconds,KDS - Login Don't Delete
12060 Potranco Road,Emanuel Sanchez,226,14,,1,10/24/25 5:56 PM,10/24/25 6:04 PM,7 minutes and 15 seconds,KDS - Login Don't Delete
12060 Potranco Road,Emanuel Sanchez,219,3,No Print,,10/24/25 5:59 PM,10/24/25 6:04 PM,5 minutes and 1 second,KDS - Login Don't Delete
12060 Potranco Road,Emanuel Sanchez,219,3,Food,,10/24/25 5:59 PM,10/24/25 6:04 PM,5 minutes and 1 second,KDS - Login Don't Delete
12060 Potranco Road,Mario Jimenez,223,,Drive Thru,,10/24/25 5:56 PM,10/24/25 6:08 PM,12 minutes and 17 seconds,KDS - Login Don't Delete
12060 Potranco Road,Mario Jimenez,223,,Food,,10/24/25 5:56 PM,10/24/25 6:08 PM,12 minutes and 17 seconds,KDS - Login Don't Delete
12060 Potranco Road,Mario Jimenez,228,,Drive Thru,,10/24/25 6:02 PM,10/24/25 6:14 PM,11 minutes and 35 seconds,KDS - Login Don't Delete
12060 Potranco Road,Mario Jimenez,228,,Food,,10/24/25 6:02 PM,10/24/25 6:14 PM,11 minutes and 35 seconds,KDS - Login Don't Delete
12060 Potranco Road,Mario Jimenez,232,,Drive Thru,,10/24/25 6:09 PM,10/24/25 6:14 PM,4 minutes and 14 seconds,KDS - Login Don't Delete
12060 Potranco Road,Mario Jimenez,232,,Food,,10/24/25 6:09 PM,10/24/25 6:14 PM,4 minutes and 14 seconds,KDS - Login Don't Delete
12060 Potranco Road,Mario Jimenez,233,,Drive Thru,,10/24/25 6:10 PM,10/24/25 6:16 PM,5 minutes and 36 seconds,KDS - Login Don't Delete
12060 Potranco Road,Mario Jimenez,233,,Food,,10/24/25 6:10 PM,10/24/25 6:16 PM,5 minutes and 36 seconds,KDS - Login Don't Delete
12060 Potranco Road,Mario Jimenez,235,,Drive Thru,,10/24/25 6:15 PM,10/24/25 6:23 PM,8 minutes and 19 seconds,KDS - Login Don't Delete
12060 Potranco Road,Mario Jimenez,235,,Food,,10/24/25 6:15 PM,10/24/25 6:23 PM,8 minutes and 19 seconds,KDS - Login Don't Delete
12060 Potranco Road,Mario Jimenez,236,,Drive Thru,,10/24/25 6:17 PM,10/24/25 6:25 PM,7 minutes and 32 seconds,KDS - Login Don't Delete
12060 Potranco Road,Mario Jimenez,236,,Food,,10/24/25 6:17 PM,10/24/25 6:25 PM,7 minutes and 32 seconds,KDS - Login Don't Delete
12060 Potranco Road,Monica Herrera,231,2,No Print,,10/24/25 6:17 PM,10/24/25 6:25 PM,8 minutes and 5 seconds,KDS - Login Don't Delete
12060 Potranco Road,Monica Herrera,231,2,Food,,10/24/25 6:17 PM,10/24/25 6:25 PM,8 minutes and 5 seconds,KDS - Login Don't Delete
12060 Potranco Road,Mario Jimenez,234,,Drive Thru,,10/24/25 6:13 PM,10/24/25 6:25 PM,12 minutes and 30 seconds,KDS - Login Don't Delete
12060 Potranco Road,Mario Jimenez,234,,Food,,10/24/25 6:13 PM,10/24/25 6:25 PM,12 minutes and 30 seconds,KDS - Login Don't Delete
12060 Potranco Road,Mario Jimenez,239,,Drive Thru,,10/24/25 6:27 PM,10/24/25 6:31 PM,4 minutes and 5 seconds,KDS - Login Don't Delete
12060 Potranco Road,Mario Jimenez,239,,Food,,10/24/25 6:27 PM,10/24/25 6:31 PM,4 minutes and 5 seconds,KDS - Login Don't Delete
12060 Potranco Road,Mario Jimenez,238,,Drive Thru,,10/24/25 6:27 PM,10/24/25 6:34 PM,7 minutes and 31 seconds,KDS - Login Don't Delete
12060 Potranco Road,Mario Jimenez,238,,Food,,10/24/25 6:27 PM,10/24/25 6:34 PM,7 minutes and 31 seconds,KDS - Login Don't Delete
12060 Potranco Road,Emanuel Sanchez,219,3,No Print,,10/24/25 6:31 PM,10/24/25 6:35 PM,3 minutes and 52 seconds,KDS - Login Don't Delete
12060 Potranco Road,Emanuel Sanchez,219,3,Drinks,,10/24/25 6:31 PM,10/24/25 6:35 PM,3 minutes and 52 seconds,KDS - Login Don't Delete
12060 Potranco Road,Emanuel Sanchez,219,3,Food,,10/24/25 6:31 PM,10/24/25 6:35 PM,3 minutes and 52 seconds,KDS - Login Don't Delete
12060 Potranco Road,Emanuel Sanchez,219,3,Drive Thru,,10/24/25 6:31 PM,10/24/25 6:35 PM,3 minutes and 52 seconds,KDS - Login Don't Delete
12060 Potranco Road,Emanuel Sanchez,219,3,,1,10/24/25 6:35 PM,10/24/25 6:35 PM,46 seconds,KDS - Login Don't Delete
12060 Potranco Road,Monica Herrera,231,2,,1,10/24/25 6:17 PM,10/24/25 6:36 PM,18 minutes and 20 seconds,KDS - Login Don't Delete
12060 Potranco Road,Brianna Aragon,230,,,1,10/24/25 6:05 PM,10/24/25 6:36 PM,30 minutes and 23 seconds,KDS - Login Don't Delete
12060 Potranco Road,Monica Herrera,231,2,,1,10/24/25 6:08 PM,10/24/25 6:36 PM,27 minutes and 44 seconds,KDS - Login Don't Delete
12060 Potranco Road,Monica Herrera,222,20,,1,10/24/25 5:47 PM,10/24/25 6:36 PM,49 minutes and 4 seconds,KDS - Login Don't Delete
12060 Potranco Road,Emanuel Sanchez,219,3,,1,10/24/25 5:59 PM,10/24/25 6:36 PM,36 minutes and 54 seconds,KDS - Login Don't Delete
12060 Potranco Road,Emanuel Sanchez,226,14,,1,10/24/25 6:32 PM,10/24/25 6:36 PM,4 minutes,KDS - Login Don't Delete
12060 Potranco Road,Emanuel Sanchez,219,3,,1,10/24/25 6:31 PM,10/24/25 6:36 PM,4 minutes and 49 seconds,KDS - Login Don't Delete
12060 Potranco Road,Fernanda  Loera,214,23,,1,10/24/25 6:02 PM,10/24/25 6:36 PM,34 minutes and 11 seconds,KDS - Login Don't Delete
12060 Potranco Road,Fernanda  Loera,227,34,No Print,,10/24/25 6:00 PM,10/24/25 6:36 PM,36 minutes and 22 seconds,KDS - Login Don't Delete
12060 Potranco Road,Fernanda  Loera,227,34,Food,,10/24/25 6:00 PM,10/24/25 6:36 PM,36 minutes and 22 seconds,KDS - Login Don't Delete
12060 Potranco Road,Fernanda  Loera,241,16,No Print,,10/24/25 6:28 PM,10/24/25 6:37 PM,8 minutes and 51 seconds,KDS - Login Don't Delete
12060 Potranco Road,Fernanda  Loera,241,16,Food,,10/24/25 6:28 PM,10/24/25 6:37 PM,8 minutes and 51 seconds,KDS - Login Don't Delete
12060 Potranco Road,Mario Jimenez,240,,Drive Thru,,10/24/25 6:33 PM,10/24/25 6:43 PM,10 minutes and 40 seconds,KDS - Login Don't Delete
12060 Potranco Road,Mario Jimenez,240,,Food,,10/24/25 6:33 PM,10/24/25 6:43 PM,10 minutes and 40 seconds,KDS - Login Don't Delete
12060 Potranco Road,Monica Herrera,243,14,No Print,,10/24/25 6:47 PM,10/24/25 6:47 PM,54 seconds,KDS - Login Don't Delete
12060 Potranco Road,Monica Herrera,243,14,Food,,10/24/25 6:47 PM,10/24/25 6:47 PM,54 seconds,KDS - Login Don't Delete
12060 Potranco Road,Fernanda  Loera,241,16,,1,10/24/25 6:37 PM,10/24/25 6:55 PM,18 minutes and 30 seconds,KDS - Login Don't Delete
12060 Potranco Road,Fernanda  Loera,227,34,,1,10/24/25 6:36 PM,10/24/25 6:55 PM,18 minutes and 48 seconds,KDS - Login Don't Delete
12060 Potranco Road,Monica Herrera,243,14,,1,10/24/25 6:47 PM,10/24/25 6:55 PM,7 minutes and 41 seconds,KDS - Login Don't Delete
12060 Potranco Road,Fernanda  Loera,245,22,No Print,,10/24/25 6:55 PM,10/24/25 7:03 PM,8 minutes and 5 seconds,KDS - Login Don't Delete
12060 Potranco Road,Fernanda  Loera,245,22,Food,,10/24/25 6:55 PM,10/24/25 7:03 PM,8 minutes and 5 seconds,KDS - Login Don't Delete
12060 Potranco Road,Emanuel Sanchez,244,15,,1,10/24/25 7:02 PM,10/24/25 7:03 PM,50 seconds,KDS - Login Don't Delete
12060 Potranco Road,Monica Herrera,243,14,No Print,,10/24/25 6:53 PM,10/24/25 7:08 PM,14 minutes and 55 seconds,KDS - Login Don't Delete
12060 Potranco Road,Monica Herrera,243,14,Food,,10/24/25 6:53 PM,10/24/25 7:08 PM,14 minutes and 55 seconds,KDS - Login Don't Delete
12060 Potranco Road,Monica Herrera,243,14,Drive Thru,,10/24/25 6:53 PM,10/24/25 7:08 PM,14 minutes and 55 seconds,KDS - Login Don't Delete
12060 Potranco Road,Fernanda  Loera,246,25,No Print,,10/24/25 7:13 PM,10/24/25 7:14 PM,48 seconds,KDS - Login Don't Delete
12060 Potranco Road,Fernanda  Loera,246,25,Food,,10/24/25 7:13 PM,10/24/25 7:14 PM,48 seconds,KDS - Login Don't Delete
12060 Potranco Road,Emanuel Sanchez,219,3,No Print,,10/24/25 7:10 PM,10/24/25 7:22 PM,11 minutes and 54 seconds,KDS - Login Don't Delete
12060 Potranco Road,Emanuel Sanchez,219,3,Drinks,,10/24/25 7:10 PM,10/24/25 7:22 PM,11 minutes and 54 seconds,KDS - Login Don't Delete
12060 Potranco Road,Emanuel Sanchez,219,3,Food,,10/24/25 7:10 PM,10/24/25 7:22 PM,11 minutes and 54 seconds,KDS - Login Don't Delete
12060 Potranco Road,Emanuel Sanchez,219,3,Drive Thru,,10/24/25 7:10 PM,10/24/25 7:22 PM,11 minutes and 54 seconds,KDS - Login Don't Delete
12060 Potranco Road,Monica Herrera,251,1,No Print,,10/24/25 7:22 PM,10/24/25 7:22 PM,45 seconds,KDS - Login Don't Delete
12060 Potranco Road,Monica Herrera,251,1,Food,,10/24/25 7:22 PM,10/24/25 7:22 PM,45 seconds,KDS - Login Don't Delete
12060 Potranco Road,Fernanda  Loera,246,25,No Print,,10/24/25 7:11 PM,10/24/25 7:25 PM,13 minutes and 21 seconds,KDS - Login Don't Delete
12060 Potranco Road,Fernanda  Loera,246,25,Food,,10/24/25 7:11 PM,10/24/25 7:25 PM,13 minutes and 21 seconds,KDS - Login Don't Delete
12060 Potranco Road,Fernanda  Loera,241,16,,1,10/24/25 7:16 PM,10/24/25 7:26 PM,10 minutes and 41 seconds,KDS - Login Don't Delete
12060 Potranco Road,Emanuel Sanchez,219,3,,1,10/24/25 7:03 PM,10/24/25 7:26 PM,23 minutes and 55 seconds,KDS - Login Don't Delete
12060 Potranco Road,Monica Herrera,243,14,,1,10/24/25 7:08 PM,10/24/25 7:31 PM,23 minutes and 5 seconds,KDS - Login Don't Delete
12060 Potranco Road,Fernanda  Loera,245,22,,1,10/24/25 7:03 PM,10/24/25 7:31 PM,28 minutes and 36 seconds,KDS - Login Don't Delete
12060 Potranco Road,Monica Herrera,251,1,,1,10/24/25 7:22 PM,10/24/25 7:31 PM,8 minutes and 57 seconds,KDS - Login Don't Delete
12060 Potranco Road,Fernanda  Loera,246,25,,1,10/24/25 7:14 PM,10/24/25 7:31 PM,17 minutes and 31 seconds,KDS - Login Don't Delete
12060 Potranco Road,Fernanda  Loera,246,25,,1,10/24/25 7:11 PM,10/24/25 7:31 PM,20 minutes and 13 seconds,KDS - Login Don't Delete
12060 Potranco Road,Monica Herrera,249,37,No Print,,10/24/25 7:20 PM,10/24/25 7:36 PM,15 minutes and 38 seconds,KDS - Login Don't Delete
12060 Potranco Road,Monica Herrera,249,37,Food,,10/24/25 7:20 PM,10/24/25 7:36 PM,15 minutes and 38 seconds,KDS - Login Don't Delete
12060 Potranco Road,Monica Herrera,251,1,No Print,,10/24/25 7:27 PM,10/24/25 7:37 PM,10 minutes and 7 seconds,KDS - Login Don't Delete
12060 Potranco Road,Monica Herrera,251,1,Food,,10/24/25 7:27 PM,10/24/25 7:37 PM,10 minutes and 7 seconds,KDS - Login Don't Delete
12060 Potranco Road,Emanuel Sanchez,244,15,,1,10/24/25 7:25 PM,10/24/25 7:38 PM,12 minutes and 59 seconds,KDS - Login Don't Delete
12060 Potranco Road,Emanuel Sanchez,219,3,,1,10/24/25 7:10 PM,10/24/25 7:38 PM,27 minutes and 46 seconds,KDS - Login Don't Delete
12060 Potranco Road,Emanuel Sanchez,252,29,No Print,,10/24/25 7:24 PM,10/24/25 7:39 PM,15 minutes and 28 seconds,KDS - Login Don't Delete
12060 Potranco Road,Emanuel Sanchez,252,29,Food,,10/24/25 7:24 PM,10/24/25 7:39 PM,15 minutes and 28 seconds,KDS - Login Don't Delete
12060 Potranco Road,Mario Jimenez,254,,Drive Thru,,10/24/25 7:35 PM,10/24/25 7:43 PM,7 minutes and 38 seconds,KDS - Login Don't Delete
12060 Potranco Road,Mario Jimenez,254,,Food,,10/24/25 7:35 PM,10/24/25 7:43 PM,7 minutes and 38 seconds,KDS - Login Don't Delete
12060 Potranco Road,Emanuel Sanchez,252,29,,1,10/24/25 7:39 PM,10/24/25 7:44 PM,4 minutes and 41 seconds,KDS - Login Don't Delete
12060 Potranco Road,Emanuel Sanchez,252,29,,1,10/24/25 7:26 PM,10/24/25 7:44 PM,17 minutes and 38 seconds,KDS - Login Don't Delete
12060 Potranco Road,Mario Jimenez,247,,Food,,10/24/25 7:15 PM,10/24/25 7:44 PM,28 minutes and 49 seconds,KDS - Login Don't Delete
12060 Potranco Road,Mario Jimenez,247,,Drive Thru,,10/24/25 7:15 PM,10/24/25 7:44 PM,28 minutes and 49 seconds,KDS - Login Don't Delete
12060 Potranco Road,Mario Jimenez,247,,,1,10/24/25 7:44 PM,10/24/25 7:48 PM,3 minutes and 28 seconds,KDS - Login Don't Delete
12060 Potranco Road,Monica Herrera,249,37,,1,10/24/25 7:20 PM,10/24/25 7:48 PM,27 minutes and 22 seconds,KDS - Login Don't Delete
12060 Potranco Road,Fernanda  Loera,259,20,No Print,,10/24/25 7:57 PM,10/24/25 7:59 PM,1 minute and 59 seconds,KDS - Login Don't Delete
12060 Potranco Road,Fernanda  Loera,259,20,Food,,10/24/25 7:57 PM,10/24/25 7:59 PM,1 minute and 59 seconds,KDS - Login Don't Delete
12060 Potranco Road,Fernanda  Loera,259,20,No Print,,10/24/25 8:01 PM,10/24/25 8:01 PM,19 seconds,KDS - Login Don't Delete
12060 Potranco Road,Fernanda  Loera,259,20,Food,,10/24/25 8:01 PM,10/24/25 8:01 PM,19 seconds,KDS - Login Don't Delete
12060 Potranco Road,Mario Jimenez,258,,Drive Thru,,10/24/25 7:54 PM,10/24/25 8:03 PM,8 minutes and 50 seconds,KDS - Login Don't Delete
12060 Potranco Road,Mario Jimenez,258,,Food,,10/24/25 7:54 PM,10/24/25 8:03 PM,8 minutes and 50 seconds,KDS - Login Don't Delete
12060 Potranco Road,Brianna Aragon,255,,Food,,10/24/25 7:38 PM,10/24/25 8:03 PM,24 minutes and 19 seconds,KDS - Login Don't Delete
12060 Potranco Road,Brianna Aragon,255,,Drive Thru,,10/24/25 7:38 PM,10/24/25 8:03 PM,24 minutes and 19 seconds,KDS - Login Don't Delete
12060 Potranco Road,Emanuel Sanchez,244,15,No Print,,10/24/25 7:56 PM,10/24/25 8:05 PM,8 minutes and 32 seconds,KDS - Login Don't Delete
12060 Potranco Road,Emanuel Sanchez,244,15,Food,,10/24/25 7:56 PM,10/24/25 8:05 PM,8 minutes and 32 seconds,KDS - Login Don't Delete
12060 Potranco Road,Brianna Aragon,255,,Food,,10/24/25 8:01 PM,10/24/25 8:10 PM,8 minutes and 45 seconds,KDS - Login Don't Delete
12060 Potranco Road,Brianna Aragon,255,,Drive Thru,,10/24/25 8:01 PM,10/24/25 8:10 PM,8 minutes and 45 seconds,KDS - Login Don't Delete
12060 Potranco Road,Fernanda  Loera,259,20,No Print,,10/24/25 8:14 PM,10/24/25 8:14 PM,27 seconds,KDS - Login Don't Delete
12060 Potranco Road,Fernanda  Loera,259,20,Food,,10/24/25 8:14 PM,10/24/25 8:14 PM,27 seconds,KDS - Login Don't Delete
12060 Potranco Road,Emanuel Sanchez,261,14,No Print,,10/24/25 8:08 PM,10/24/25 8:16 PM,8 minutes and 12 seconds,KDS - Login Don't Delete
12060 Potranco Road,Emanuel Sanchez,261,14,Food,,10/24/25 8:08 PM,10/24/25 8:16 PM,8 minutes and 12 seconds,KDS - Login Don't Delete
12060 Potranco Road,Fernanda  Loera,259,20,No Print,,10/24/25 8:08 PM,10/24/25 8:16 PM,7 minutes and 44 seconds,KDS - Login Don't Delete
12060 Potranco Road,Fernanda  Loera,259,20,Food,,10/24/25 8:08 PM,10/24/25 8:16 PM,7 minutes and 44 seconds,KDS - Login Don't Delete
12060 Potranco Road,Fernanda  Loera,259,20,Drive Thru,,10/24/25 8:08 PM,10/24/25 8:16 PM,7 minutes and 44 seconds,KDS - Login Don't Delete
12060 Potranco Road,Fernanda  Loera,259,20,No Print,,10/24/25 8:12 PM,10/24/25 8:20 PM,7 minutes and 57 seconds,KDS - Login Don't Delete
12060 Potranco Road,Fernanda  Loera,259,20,Food,,10/24/25 8:12 PM,10/24/25 8:20 PM,7 minutes and 57 seconds,KDS - Login Don't Delete
12060 Potranco Road,Fernanda  Loera,259,20,,1,10/24/25 8:16 PM,10/24/25 8:21 PM,5 minutes and 12 seconds,KDS - Login Don't Delete
12060 Potranco Road,Brianna Aragon,255,,,1,10/24/25 8:10 PM,10/24/25 8:21 PM,11 minutes and 13 seconds,KDS - Login Don't Delete
12060 Potranco Road,Brianna Aragon,255,,,1,10/24/25 8:03 PM,10/24/25 8:21 PM,18 minutes and 28 seconds,KDS - Login Don't Delete
12060 Potranco Road,Fernanda  Loera,259,20,,1,10/24/25 8:14 PM,10/24/25 8:21 PM,6 minutes and 54 seconds,KDS - Login Don't Delete
12060 Potranco Road,Fernanda  Loera,259,20,No Print,,10/24/25 8:10 PM,10/24/25 8:26 PM,15 minutes and 39 seconds,KDS - Login Don't Delete
12060 Potranco Road,Fernanda  Loera,259,20,Food,,10/24/25 8:10 PM,10/24/25 8:26 PM,15 minutes and 39 seconds,KDS - Login Don't Delete
12060 Potranco Road,Fernanda  Loera,259,20,Food,,10/24/25 8:12 PM,10/24/25 8:27 PM,14 minutes and 56 seconds,KDS - Login Don't Delete
12060 Potranco Road,Fernanda  Loera,259,20,Drive Thru,,10/24/25 8:12 PM,10/24/25 8:27 PM,14 minutes and 56 seconds,KDS - Login Don't Delete
12060 Potranco Road,Fernanda  Loera,259,20,No Print,,10/24/25 8:12 PM,10/24/25 8:27 PM,14 minutes and 56 seconds,KDS - Login Don't Delete
12060 Potranco Road,Emanuel Sanchez,244,15,,1,10/24/25 7:56 PM,10/24/25 8:33 PM,36 minutes and 43 seconds,KDS - Login Don't Delete
12060 Potranco Road,Fernanda  Loera,259,20,Food,,10/24/25 8:34 PM,10/24/25 8:34 PM,14 seconds,KDS - Login Don't Delete
12060 Potranco Road,Fernanda  Loera,259,20,Drive Thru,,10/24/25 8:34 PM,10/24/25 8:34 PM,14 seconds,KDS - Login Don't Delete
12060 Potranco Road,Fernanda  Loera,267,20,Food,,10/24/25 8:35 PM,10/24/25 8:35 PM,8 seconds,KDS - Login Don't Delete
12060 Potranco Road,Fernanda  Loera,267,20,Drive Thru,,10/24/25 8:35 PM,10/24/25 8:35 PM,8 seconds,KDS - Login Don't Delete
12060 Potranco Road,Fernanda  Loera,267,20,,1,10/24/25 8:35 PM,10/24/25 8:36 PM,1 minute and 8 seconds,KDS - Login Don't Delete
12060 Potranco Road,Fernanda  Loera,259,20,,1,10/24/25 8:34 PM,10/24/25 8:36 PM,1 minute and 53 seconds,KDS - Login Don't Delete
12060 Potranco Road,Fernanda  Loera,259,20,,1,10/24/25 8:26 PM,10/24/25 8:36 PM,10 minutes and 3 seconds,KDS - Login Don't Delete
12060 Potranco Road,Fernanda  Loera,259,20,,1,10/24/25 8:27 PM,10/24/25 8:36 PM,9 minutes and 36 seconds,KDS - Login Don't Delete
12060 Potranco Road,Fernanda  Loera,259,20,,1,10/24/25 8:20 PM,10/24/25 8:36 PM,16 minutes and 16 seconds,KDS - Login Don't Delete
12060 Potranco Road,Fernanda  Loera,259,20,,1,10/24/25 8:01 PM,10/24/25 8:36 PM,35 minutes and 25 seconds,KDS - Login Don't Delete
12060 Potranco Road,Monica Herrera,251,1,,1,10/24/25 7:27 PM,10/24/25 8:36 PM,"1 hour, 9 minutes and 34 seconds",KDS - Login Don't Delete
12060 Potranco Road,Fernanda  Loera,259,20,,1,10/24/25 7:57 PM,10/24/25 8:36 PM,39 minutes and 35 seconds,KDS - Login Don't Delete
12060 Potranco Road,Brianna Aragon,264,,,1,10/24/25 8:29 PM,10/24/25 8:36 PM,7 minutes and 14 seconds,KDS - Login Don't Delete
12060 Potranco Road,Emanuel Sanchez,261,14,,1,10/24/25 8:08 PM,10/24/25 8:36 PM,28 minutes and 52 seconds,KDS - Login Don't Delete
12060 Potranco Road,Mario Jimenez,270,,Drive Thru,,10/24/25 8:34 PM,10/24/25 8:44 PM,10 minutes and 2 seconds,KDS - Login Don't Delete
12060 Potranco Road,Mario Jimenez,270,,Food,,10/24/25 8:34 PM,10/24/25 8:44 PM,10 minutes and 2 seconds,KDS - Login Don't Delete
12060 Potranco Road,Mario Jimenez,271,,Drive Thru,,10/24/25 8:37 PM,10/24/25 8:44 PM,6 minutes and 26 seconds,KDS - Login Don't Delete
12060 Potranco Road,Mario Jimenez,271,,Food,,10/24/25 8:37 PM,10/24/25 8:44 PM,6 minutes and 26 seconds,KDS - Login Don't Delete
12060 Potranco Road,Mario Jimenez,272,,Drive Thru,,10/24/25 8:49 PM,10/24/25 8:54 PM,4 minutes and 48 seconds,KDS - Login Don't Delete
12060 Potranco Road,Mario Jimenez,272,,Food,,10/24/25 8:49 PM,10/24/25 8:54 PM,4 minutes and 48 seconds,KDS - Login Don't Delete
12060 Potranco Road,Fernanda  Loera,267,20,,1,10/24/25 8:39 PM,10/24/25 9:06 PM,26 minutes and 40 seconds,KDS - Login Don't Delete
