Employee,Job Title,Regular Hours,Overtime Hours,Hourly Rate,Regular Pay,Overtime Pay,Total Pay,Net Sales,Declared Tips,Non-Cash Tips,Total Tips,Tips Withheld,Total Gratuity,Employee ID,Job Code,Location,Location Code
"Aragon, Brianna",Host,4.35,0.0,11.00,47.85,0.00,47.85,70.94,0.00,7.00,7.00,0.00,0.00,,,12060 Potranco Road,
"Aragon, Cecilia",Tortillera,7.36,0.0,13.00,95.68,0.00,95.68,0.00,,0.00,0.00,0.00,0.00,,,12060 Potranco Road,
"Cabrera, Sugey",Shift Leader,6.44,1.76,14.00,90.16,36.96,127.12,424.66,,36.31,36.31,0.00,0.00,,,12060 Potranco Road,
"Cardenas, Salvador",Cook,8.67,0.0,15.00,130.05,0.00,130.05,0.00,,0.00,0.00,0.00,0.00,,,12060 Potranco Road,
"Del Angel, Candy",Shift Manager / Assistant Manager,7.97,0.0,,,,,0.00,,0.00,0.00,0.00,0.00,,,12060 Potranco Road,
"Farias, Claudia",Cook,9.08,0.0,15.00,136.20,0.00,136.20,0.00,,0.00,0.00,0.00,0.00,,,12060 Potranco Road,
"GUTIERREZ, ERIC",Cook,7.25,0.0,16.00,116.00,0.00,116.00,0.00,,0.00,0.00,0.00,0.00,,,12060 Potranco Road,
"Garcia, Enriqueta",Chef,7.6,0.0,,,,,0.00,,0.00,0.00,0.00,0.00,,,12060 Potranco Road,
"Garcia, Lizbeth",Server,7.44,0.0,3.00,22.32,0.00,22.32,267.10,0.00,66.50,66.50,0.00,15.90,,,12060 Potranco Road,
"Herrera, Monica",Server,11.97,0.0,2.50,29.92,0.00,29.92,404.72,5.00,69.00,74.00,0.00,28.09,,,12060 Potranco Road,
"Jimenez, Mario",Driver,6.85,0.0,14.00,95.90,0.00,95.90,818.06,0.00,53.93,53.93,0.00,0.00,,,12060 Potranco Road,
"Lino Santana, David ",Prep,6.68,0.0,15.00,100.20,0.00,100.20,0.00,,0.00,0.00,0.00,0.00,,,12060 Potranco Road,
"Loera, Fernanda ",Server,12.45,0.0,,,,,893.69,0.00,124.59,124.59,0.00,40.09,,,12060 Potranco Road,
"Morales, Carlos",Busser,4.94,0.74,11.00,54.34,12.21,66.55,12.96,,0.00,0.00,0.00,0.00,,,12060 Potranco Road,
"Ojeda, George",Runner,4.38,0.0,12.50,54.75,0.00,54.75,0.00,,0.00,0.00,0.00,0.00,,,12060 Potranco Road,
"Reyes , Jesús Ricardo",Prep,4.76,0.0,12.00,57.12,0.00,57.12,0.00,,0.00,0.00,0.00,0.00,,,12060 Potranco Road,
"Roman, Leticia",Server,6.42,0.0,3.00,19.26,0.00,19.26,332.98,0.00,51.76,51.76,0.00,0.00,,,12060 Potranco Road,
"Rosales, Elsa",Tortillera,5.36,0.0,13.00,69.68,0.00,69.68,0.00,,0.00,0.00,0.00,0.00,,,12060 Potranco Road,
"Salinas, Zoila",General Manager,7.53,0.0,,,,,0.00,,0.00,0.00,0.00,0.00,,,12060 Potranco Road,
"Sanchez, Emanuel",Server,7.14,0.0,3.00,21.42,0.00,21.42,417.52,5.00,59.50,64.50,0.00,0.00,,,12060 Potranco Road,
"Urena, Melissa ",Host,4.46,3.58,12.00,53.52,64.44,117.96,1604.81,0.00,60.06,60.06,0.00,0.00,,,12060 Potranco Road,
"Vega, Estela",Tortillera,12.29,10.88,15.00,184.35,244.80,429.15,0.00,0.00,0.00,0.00,0.00,0.00,,,12060 Potranco Road,
"vanenzuela, felix",Cook,5.07,0.0,,,,,0.00,,0.00,0.00,0.00,0.00,,,12060 Potranco Road,
"velasquez, maximilioano",Busser,4.02,0.0,12.00,48.24,0.00,48.24,0.00,,0.00,0.00,0.00,0.00,,,12060 Potranco Road,
