Location,Employee,Job Title,In Date,Out Date,Total Hours,Unpaid Break Time,Paid Break Time,Payable Hours
12060 Potranco Road,"Vega, Estela",Tortillera,10/24/25 4:50 AM,10/25/25 4:00 AM,23.17,0.00,0.00,23.17
12060 Potranco Road,"Farias, Claudia",Cook,10/24/25 5:05 AM,10/24/25 2:10 PM,9.08,0.00,0.00,9.08
12060 Potranco Road,"Cardenas, Salvador",Cook,10/24/25 5:32 AM,10/24/25 2:11 PM,8.67,0.00,0.00,8.67
12060 Potranco Road,"Cabrera, Sugey",Shift Leader,10/24/25 6:07 AM,10/24/25 2:19 PM,8.20,0.00,0.00,8.20
12060 Potranco Road,"Urena, Melissa ",Host,10/24/25 6:16 AM,10/24/25 2:18 PM,8.04,0.00,0.00,8.04
12060 Potranco Road,"Garcia, Enriqueta",Chef,10/24/25 7:04 AM,10/24/25 2:40 PM,7.60,0.00,0.00,7.60
12060 Potranco Road,"Garcia, Lizbeth",Server,10/24/25 7:11 AM,10/24/25 2:37 PM,7.44,0.00,0.00,7.44
12060 Potranco Road,"Salinas, Zoila",General Manager,10/24/25 7:36 AM,10/24/25 3:07 PM,7.53,0.00,0.00,7.53
12060 Potranco Road,"Lino Santana, David ",Prep,10/24/25 7:37 AM,10/24/25 2:17 PM,6.68,0.00,0.00,6.68
12060 Potranco Road,"Roman, Leticia",Server,10/24/25 8:03 AM,10/24/25 2:28 PM,6.42,0.00,0.00,6.42
12060 Potranco Road,"Rosales, Elsa",Tortillera,10/24/25 8:56 AM,10/24/25 2:18 PM,5.36,0.00,0.00,5.36
12060 Potranco Road,"Loera, Fernanda ",Server,10/24/25 8:57 AM,10/24/25 9:24 PM,12.45,0.00,0.00,12.45
12060 Potranco Road,"Morales, Carlos",Busser,10/24/25 9:02 AM,10/24/25 2:43 PM,5.68,0.00,0.00,5.68
12060 Potranco Road,"Del Angel, Candy",Shift Manager / Assistant Manager,10/24/25 1:38 PM,10/24/25 9:36 PM,7.97,0.00,0.00,7.97
12060 Potranco Road,"vanenzuela, felix",Cook,10/24/25 2:05 PM,10/24/25 7:09 PM,5.07,0.00,0.00,5.07
12060 Potranco Road,"GUTIERREZ, ERIC",Cook,10/24/25 2:07 PM,10/24/25 9:22 PM,7.25,0.00,0.00,7.25
12060 Potranco Road,"Jimenez, Mario",Driver,10/24/25 2:09 PM,10/24/25 9:00 PM,6.85,0.00,0.00,6.85
12060 Potranco Road,"Aragon, Cecilia",Tortillera,10/24/25 2:10 PM,10/24/25 9:32 PM,7.36,0.00,0.00,7.36
12060 Potranco Road,"Sanchez, Emanuel",Server,10/24/25 2:12 PM,10/24/25 9:21 PM,7.14,0.00,0.00,7.14
12060 Potranco Road,"Salinas, Zoila",General Manager,10/24/25 3:07 PM,10/24/25 3:08 PM,0.00,0.00,0.00,0.00
12060 Potranco Road,"Herrera, Monica",Server,10/24/25 4:01 PM,10/25/25 4:00 AM,11.97,0.00,0.00,11.97
12060 Potranco Road,"Reyes , Jes�s Ricardo",Prep,10/24/25 4:51 PM,10/24/25 9:36 PM,4.76,0.00,0.00,4.76
12060 Potranco Road,"Aragon, Brianna",Host,10/24/25 4:55 PM,10/24/25 9:15 PM,4.35,0.00,0.00,4.35
12060 Potranco Road,"Ojeda, George",Runner,10/24/25 4:56 PM,10/24/25 9:20 PM,4.38,0.00,0.00,4.38
12060 Potranco Road,"velasquez, maximilioano",Busser,10/24/25 5:19 PM,10/24/25 9:21 PM,4.02,0.00,0.00,4.02
