Location,Order #,Opened,Server,Table,Revenue Center,Discount Amount,Amount,Tax,Tip,Gratuity,Duration (Opened to Paid)
12060 Potranco Road,2,8/9/25 6:26 AM,Nadia Reyes,,Drive Thru,0.00,8.37,0.69,1.26,0.00,00:20:24
12060 Potranco Road,4,8/9/25 6:59 AM,Nadia Reyes,,Drive Thru,0.00,5.97,0.49,0.00,0.00,00:00:27
12060 Potranco Road,5,8/9/25 7:00 AM,Nadia Reyes,,Drive Thru,0.00,3.98,0.33,0.88,0.00,00:02:02
12060 Potranco Road,6,8/9/25 7:00 AM,Nadia Reyes,,Drive Thru,0.00,9.38,0.77,0.00,0.00,00:03:34
12060 Potranco Road,7,8/9/25 7:02 AM,Nadia Reyes,,Drive Thru,0.00,7.96,0.66,0.00,0.00,00:02:42
12060 Potranco Road,9,8/9/25 7:10 AM,Nadia Reyes,,Drive Thru,0.00,14.85,1.22,0.00,0.00,00:04:25
12060 Potranco Road,10,8/9/25 7:19 AM,Nadia Reyes,,Drive Thru,6.65,31.32,2.57,0.00,0.00,00:04:03
12060 Potranco Road,11,8/9/25 7:19 AM,Nadia Reyes,,Drive Thru,0.00,11.07,0.92,1.66,0.00,00:05:25
12060 Potranco Road,12,8/9/25 7:20 AM,Nadia Reyes,,Drive Thru,0.70,6.27,0.52,0.00,0.00,00:06:01
12060 Potranco Road,14,8/9/25 7:24 AM,Nadia Reyes,,Drive Thru,0.00,7.76,0.64,1.71,0.00,00:02:36
12060 Potranco Road,13,8/9/25 7:23 AM,Lizbeth Garcia,20,Dining Room,0.00,0.00,0.00,0.00,0.00,00:02:59
12060 Potranco Road,15,8/9/25 7:27 AM,Lizbeth Garcia,20,Dining Room,0.00,41.93,3.46,4.50,0.00,00:30:31
12060 Potranco Road,16,8/9/25 7:27 AM,Sugey Cabrera,26,Dining Room,0.00,25.55,2.11,6.00,0.00,00:42:26
12060 Potranco Road,17,8/9/25 7:35 AM,Nadia Reyes,,None,0.00,11.74,0.97,1.00,0.00,00:02:26
12060 Potranco Road,18,8/9/25 7:37 AM,Lizbeth Garcia,1,Dining Room,0.00,36.19,2.99,0.00,0.00,00:54:18
12060 Potranco Road,19,8/9/25 7:39 AM,Nadia Reyes,,Drive Thru,0.00,19.04,1.58,0.00,0.00,00:01:40
12060 Potranco Road,20,8/9/25 7:40 AM,Nadia Reyes,,Drive Thru,0.00,11.55,0.95,0.00,0.00,00:05:07
12060 Potranco Road,21,8/9/25 7:40 AM,siri quiroz,,Dining Room,0.00,16.95,1.39,0.00,0.00,00:14:14
12060 Potranco Road,23,8/9/25 7:42 AM,Nadia Reyes,,Drive Thru,0.00,6.18,0.51,0.00,0.00,00:07:23
12060 Potranco Road,26,8/9/25 7:46 AM,Nadia Reyes,,Drive Thru,7.25,6.30,0.52,3.00,0.00,00:06:35
12060 Potranco Road,27,8/9/25 7:46 AM,Nadia Reyes,,Drive Thru,0.00,3.79,0.31,0.00,0.00,01:12:14
12060 Potranco Road,28,8/9/25 7:48 AM,Nadia Reyes,,Drive Thru,0.00,13.85,1.14,0.00,0.00,00:05:09
12060 Potranco Road,25,8/9/25 7:42 AM,siri quiroz,,Dining Room,48.29,0.00,0.00,0.00,0.00,06:28:00
12060 Potranco Road,30,8/9/25 7:56 AM,Nadia Reyes,,Drive Thru,0.00,21.15,1.74,4.65,0.00,00:01:48
12060 Potranco Road,31,8/9/25 7:57 AM,Nadia Reyes,,Dining Room,0.00,10.46,0.86,0.00,0.00,00:03:01
12060 Potranco Road,32,8/9/25 8:01 AM,Nadia Reyes,,Drive Thru,0.00,4.48,0.37,0.00,0.00,00:03:06
12060 Potranco Road,33,8/9/25 8:02 AM,Nadia Reyes,,Drive Thru,0.00,4.28,0.36,0.00,0.00,00:05:28
12060 Potranco Road,35,8/9/25 8:04 AM,siri quiroz,,Dining Room,0.00,12.94,1.06,0.00,0.00,00:01:08
12060 Potranco Road,36,8/9/25 8:05 AM,Lizbeth Garcia,14,Dining Room,0.00,17.34,1.44,6.00,0.00,00:19:57
12060 Potranco Road,38,8/9/25 8:08 AM,Nadia Reyes,,Drive Thru,0.00,4.79,0.40,2.00,0.00,00:02:19
12060 Potranco Road,40,8/9/25 8:08 AM,Gabriel Tovar ,4,Dining Room,0.00,24.53,2.03,0.00,0.00,00:35:25
12060 Potranco Road,39,8/9/25 8:08 AM,Nadia Reyes,,Drive Thru,0.00,9.95,0.82,0.00,0.00,00:02:51
12060 Potranco Road,42,8/9/25 8:10 AM,Nadia Reyes,,Drive Thru,0.00,5.28,0.44,0.00,0.00,00:04:38
12060 Potranco Road,37,8/9/25 8:07 AM,siri quiroz,,Dining Room,0.00,18.42,1.52,0.00,0.00,00:34:58
12060 Potranco Road,43,8/9/25 8:11 AM,Lizbeth Garcia,16,Dining Room,0.00,10.98,0.91,0.00,0.00,00:26:07
12060 Potranco Road,41,8/9/25 8:08 AM,Sugey Cabrera,28,Dining Room,0.00,47.92,3.96,10.00,0.00,01:06:00
12060 Potranco Road,44,8/9/25 8:11 AM,siri quiroz,,Dining Room,0.00,24.18,1.99,0.00,0.00,00:02:59
12060 Potranco Road,45,8/9/25 8:14 AM,Sugey Cabrera,11,Dining Room,0.00,26.96,2.23,0.00,0.00,02:06:41
12060 Potranco Road,46,8/9/25 8:16 AM,Nadia Reyes,,Drive Thru,0.00,7.56,0.63,1.25,0.00,00:01:13
12060 Potranco Road,47,8/9/25 8:17 AM,siri quiroz,,Dining Room,0.00,0.00,0.00,0.00,0.00,00:00:42
12060 Potranco Road,48,8/9/25 8:18 AM,siri quiroz,,Dining Room,1.11,10.03,0.83,0.00,0.00,00:23:56
12060 Potranco Road,50,8/9/25 8:26 AM,Gabriel Tovar ,21,Dining Room,0.00,26.66,2.19,2.00,0.00,00:43:52
12060 Potranco Road,49,8/9/25 8:25 AM,Nadia Reyes,,Drive Thru,0.00,12.65,1.04,0.00,0.00,00:04:23
12060 Potranco Road,51,8/9/25 8:26 AM,Nadia Reyes,,Drive Thru,0.00,10.37,0.85,0.00,0.00,00:04:56
12060 Potranco Road,52,8/9/25 8:27 AM,Nadia Reyes,,Drive Thru,0.00,13.36,1.11,2.00,0.00,00:04:31
12060 Potranco Road,53,8/9/25 8:28 AM,Nadia Reyes,,Drive Thru,0.00,13.92,1.15,2.00,0.00,00:05:13
12060 Potranco Road,54,8/9/25 8:32 AM,siri quiroz,,Dining Room,0.00,7.97,0.66,0.00,0.00,00:00:43
12060 Potranco Road,59,8/9/25 8:36 AM,Nadia Reyes,,Drive Thru,0.00,4.98,0.41,0.00,0.00,00:02:03
12060 Potranco Road,60,8/9/25 8:36 AM,Nadia Reyes,,Drive Thru,0.00,33.46,2.76,0.00,0.00,00:03:44
12060 Potranco Road,61,8/9/25 8:37 AM,Nadia Reyes,,Drive Thru,0.00,2.49,0.21,0.00,0.00,00:02:41
12060 Potranco Road,62,8/9/25 8:39 AM,Nadia Reyes,,Drive Thru,0.00,13.46,1.11,0.00,0.00,00:04:50
12060 Potranco Road,65,8/9/25 8:45 AM,Nadia Reyes,,Drive Thru,0.00,12.74,1.05,0.00,0.00,00:57:00
12060 Potranco Road,67,8/9/25 8:45 AM,Nadia Reyes,,Drive Thru,0.00,37.30,3.08,7.46,0.00,00:04:43
12060 Potranco Road,68,8/9/25 8:48 AM,Nadia Reyes,,Drive Thru,0.00,31.98,2.64,3.00,0.00,00:04:17
12060 Potranco Road,64,8/9/25 8:41 AM,Leticia Roman,15,Dining Room,0.00,48.14,3.98,15.00,0.00,00:58:37
12060 Potranco Road,69,8/9/25 8:48 AM,Nadia Reyes,,Drive Thru,1.07,9.67,0.80,0.00,0.00,00:06:23
12060 Potranco Road,66,8/9/25 8:45 AM,Nadia Reyes,,Dining Room,0.00,17.34,1.43,0.00,0.00,00:24:33
12060 Potranco Road,71,8/9/25 8:50 AM,Nadia Reyes,,Drive Thru,0.00,15.48,1.28,0.00,0.00,00:06:02
12060 Potranco Road,73,8/9/25 8:52 AM,Sugey Cabrera,26,Dining Room,0.00,27.47,2.26,6.00,0.00,00:48:30
12060 Potranco Road,74,8/9/25 8:57 AM,siri quiroz,,Dining Room,0.00,29.03,2.39,0.00,0.00,00:24:18
12060 Potranco Road,76,8/9/25 9:00 AM,Gabriel Tovar ,,Drive Thru,0.00,23.75,1.96,5.22,0.00,00:07:44
12060 Potranco Road,77,8/9/25 9:03 AM,Nadia Reyes,,Drive Thru,0.00,8.77,0.73,0.00,0.00,00:07:46
12060 Potranco Road,78,8/9/25 9:07 AM,Nadia Reyes,,Drive Thru,6.80,4.64,0.38,2.29,0.00,00:05:58
12060 Potranco Road,80,8/9/25 9:09 AM,Gabriel Tovar ,2,Dining Room,0.00,3.29,0.27,1.10,0.00,00:23:00
12060 Potranco Road,79,8/9/25 9:09 AM,Nadia Reyes,,Drive Thru,0.00,37.59,3.12,0.00,0.00,00:06:46
12060 Potranco Road,82,8/9/25 9:11 AM,Nadia Reyes,,Drive Thru,0.00,24.63,2.03,0.00,0.00,00:05:37
12060 Potranco Road,83,8/9/25 9:13 AM,siri quiroz,,Dining Room,0.00,39.29,3.24,0.00,0.00,00:26:05
12060 Potranco Road,84,8/9/25 9:17 AM,Nadia Reyes,,Drive Thru,0.00,8.16,0.68,0.00,0.00,00:01:01
12060 Potranco Road,88,8/9/25 9:23 AM,Leticia Roman,23,Dining Room,0.00,37.33,3.08,0.00,0.00,00:29:15
12060 Potranco Road,85,8/9/25 9:17 AM,Nadia Reyes,,Drive Thru,0.00,12.85,1.07,1.93,0.00,00:09:41
12060 Potranco Road,91,8/9/25 9:26 AM,Nadia Reyes,,Drive Thru,0.00,1.99,0.16,0.00,0.00,00:02:45
12060 Potranco Road,90,8/9/25 9:25 AM,siri quiroz,,Dining Room,0.00,38.72,3.19,5.00,0.00,00:01:42
12060 Potranco Road,93,8/9/25 9:27 AM,Nadia Reyes,,Drive Thru,0.00,13.55,1.12,0.00,0.00,00:03:09
12060 Potranco Road,94,8/9/25 9:29 AM,Nadia Reyes,,Drive Thru,0.00,12.65,1.05,1.00,0.00,00:04:42
12060 Potranco Road,97,8/9/25 9:32 AM,Nadia Reyes,,Drive Thru,0.00,8.77,0.72,1.75,0.00,00:03:44
12060 Potranco Road,99,8/9/25 9:33 AM,Lisa Velasquez,22,Dining Room,0.00,32.90,2.71,6.00,0.00,00:27:46
12060 Potranco Road,98,8/9/25 9:32 AM,Nadia Reyes,,Drive Thru,0.00,8.57,0.71,0.00,0.00,00:06:00
12060 Potranco Road,100,8/9/25 9:35 AM,Nadia Reyes,,Drive Thru,0.00,18.29,1.50,0.00,0.00,00:03:26
12060 Potranco Road,96,8/9/25 9:30 AM,Lizbeth Garcia,30,Dining Room,5.73,121.43,10.02,0.00,25.44,00:50:55
12060 Potranco Road,101,8/9/25 9:38 AM,Nadia Reyes,,Drive Thru,0.00,8.27,0.68,0.00,0.00,00:05:22
12060 Potranco Road,102,8/9/25 9:38 AM,Nadia Reyes,,Drive Thru,0.00,11.75,0.96,0.00,0.00,00:07:21
12060 Potranco Road,103,8/9/25 9:42 AM,Nadia Reyes,,Drive Thru,0.00,2.79,0.23,0.00,0.00,00:04:06
12060 Potranco Road,105,8/9/25 9:43 AM,Nadia Reyes,,Drive Thru,0.00,4.39,0.36,0.00,0.00,00:06:26
12060 Potranco Road,104,8/9/25 9:43 AM,siri quiroz,,Dining Room,5.00,27.13,2.25,3.00,0.00,00:19:36
12060 Potranco Road,108,8/9/25 9:45 AM,Sugey Cabrera,,Dining Room,0.00,12.78,1.05,0.00,0.00,00:21:12
12060 Potranco Road,109,8/9/25 9:47 AM,Nadia Reyes,,Drive Thru,0.00,24.97,2.06,3.75,0.00,00:03:41
12060 Potranco Road,111,8/9/25 9:48 AM,Lizbeth Garcia,32,Dining Room,2.40,32.56,2.69,5.75,0.00,01:08:54
12060 Potranco Road,113,8/9/25 9:50 AM,Leticia Roman,15,Dining Room,0.00,16.96,1.41,0.00,0.00,00:23:55
12060 Potranco Road,114,8/9/25 9:51 AM,Gabriel Tovar ,34,Dining Room,6.55,13.72,1.13,4.50,0.00,00:25:15
12060 Potranco Road,115,8/9/25 9:52 AM,Nadia Reyes,,Drive Thru,0.00,3.58,0.30,0.79,0.00,00:01:06
12060 Potranco Road,116,8/9/25 9:53 AM,Nadia Reyes,,Drive Thru,0.00,15.36,1.27,0.00,0.00,00:03:53
12060 Potranco Road,118,8/9/25 9:53 AM,Sugey Cabrera,7,Dining Room,0.00,17.46,1.44,3.84,0.00,00:33:38
12060 Potranco Road,121,8/9/25 9:53 AM,Nadia Reyes,,Drive Thru,0.00,16.57,1.37,0.00,0.00,00:17:42
12060 Potranco Road,120,8/9/25 9:53 AM,Lisa Velasquez,25,Dining Room,0.00,27.62,2.27,6.00,0.00,00:28:45
12060 Potranco Road,122,8/9/25 9:54 AM,Sugey Cabrera,20,Dining Room,0.00,21.17,1.75,5.00,0.00,00:40:43
12060 Potranco Road,124,8/9/25 9:54 AM,Leticia Roman,5,Dining Room,0.00,7.97,0.66,0.00,0.00,00:45:18
12060 Potranco Road,123,8/9/25 9:54 AM,Nadia Reyes,,Drive Thru,0.00,13.26,1.09,1.99,0.00,00:07:11
12060 Potranco Road,128,8/9/25 9:56 AM,Gabriel Tovar ,18,Dining Room,0.00,24.46,2.02,0.00,0.00,02:18:06
12060 Potranco Road,127,8/9/25 9:56 AM,Nadia Reyes,,Drive Thru,0.00,21.13,1.75,0.00,0.00,00:06:11
12060 Potranco Road,125,8/9/25 9:55 AM,Lizbeth Garcia,27,Dining Room,0.00,19.55,1.62,0.00,0.00,04:17:23
12060 Potranco Road,130,8/9/25 9:57 AM,Nadia Reyes,,Drive Thru,0.00,12.04,0.99,2.65,0.00,00:06:07
12060 Potranco Road,129,8/9/25 9:56 AM,Lisa Velasquez,2,Dining Room,0.00,40.72,3.37,5.00,0.00,00:37:09
12060 Potranco Road,132,8/9/25 10:01 AM,siri quiroz,,Dining Room,0.00,0.00,0.00,0.00,0.00,00:01:20
12060 Potranco Road,133,8/9/25 10:02 AM,Lizbeth Garcia,17,Dining Room,0.00,5.68,0.46,0.00,0.00,00:20:18
12060 Potranco Road,134,8/9/25 10:02 AM,Nadia Reyes,,Drive Thru,0.00,20.94,1.73,1.00,0.00,00:05:09
12060 Potranco Road,136,8/9/25 10:05 AM,Nadia Reyes,,Drive Thru,0.00,10.67,0.88,0.00,0.00,00:07:52
12060 Potranco Road,139,8/9/25 10:10 AM,Leticia Roman,3,Dining Room,0.00,35.27,2.92,7.43,0.00,00:56:19
12060 Potranco Road,138,8/9/25 10:10 AM,Sugey Cabrera,23,Dining Room,0.00,11.47,0.95,0.00,0.00,00:37:17
12060 Potranco Road,140,8/9/25 10:10 AM,Nadia Reyes,,Drive Thru,0.00,4.28,0.36,0.64,0.00,00:03:10
12060 Potranco Road,141,8/9/25 10:12 AM,Nadia Reyes,,Drive Thru,0.00,18.94,1.56,0.00,0.00,00:01:44
12060 Potranco Road,143,8/9/25 10:13 AM,Nadia Reyes,,Drive Thru,0.00,4.28,0.35,0.64,0.00,00:02:39
12060 Potranco Road,142,8/9/25 10:12 AM,Gabriel Tovar ,28,Dining Room,0.00,26.64,2.19,4.00,0.00,00:37:25
12060 Potranco Road,145,8/9/25 10:17 AM,Leticia Roman,29,Dining Room,0.00,26.95,2.23,0.00,0.00,00:54:39
12060 Potranco Road,144,8/9/25 10:17 AM,Nadia Reyes,,Drive Thru,0.00,33.77,2.79,5.07,0.00,00:04:17
12060 Potranco Road,147,8/9/25 10:18 AM,Gabriel Tovar ,37,Dining Room,0.00,29.28,2.43,5.00,5.86,00:59:29
12060 Potranco Road,131,8/9/25 10:00 AM,Nadia Reyes,,Drive Thru,0.00,18.03,1.49,2.70,0.00,00:24:13
12060 Potranco Road,148,8/9/25 10:20 AM,Lisa Velasquez,16,Dining Room,0.00,35.95,2.97,10.00,0.00,00:43:03
12060 Potranco Road,149,8/9/25 10:20 AM,Lizbeth Garcia,4,Dining Room,0.00,42.36,3.51,9.18,0.00,00:51:03
12060 Potranco Road,151,8/9/25 10:21 AM,Lisa Velasquez,1,Dining Room,0.00,25.96,2.14,0.00,0.00,00:48:57
12060 Potranco Road,152,8/9/25 10:21 AM,Sugey Cabrera,11,Dining Room,0.00,51.27,4.24,10.00,0.00,00:43:13
12060 Potranco Road,153,8/9/25 10:23 AM,siri quiroz,,Dining Room,0.00,171.93,14.18,0.00,0.00,00:02:43
12060 Potranco Road,154,8/9/25 10:25 AM,Lizbeth Garcia,15,Dining Room,0.00,25.43,2.10,4.00,0.00,00:16:05
12060 Potranco Road,156,8/9/25 10:26 AM,Nadia Reyes,,Drive Thru,0.00,8.07,0.67,1.78,0.00,00:01:19
12060 Potranco Road,155,8/9/25 10:26 AM,siri quiroz,,Dining Room,0.00,14.45,1.19,0.00,0.00,00:09:42
12060 Potranco Road,157,8/9/25 10:26 AM,Nadia Reyes,,Drive Thru,0.00,12.85,1.06,0.00,0.00,00:02:01
12060 Potranco Road,158,8/9/25 10:27 AM,siri quiroz,,Dining Room,0.00,19.26,1.59,2.00,0.00,00:00:32
12060 Potranco Road,159,8/9/25 10:27 AM,Nadia Reyes,,Drive Thru,0.00,15.94,1.30,0.00,0.00,00:03:28
12060 Potranco Road,160,8/9/25 10:27 AM,Sugey Cabrera,35,Dining Room,0.00,50.02,4.13,7.00,0.00,00:50:17
12060 Potranco Road,161,8/9/25 10:29 AM,Gabriel Tovar ,21,Dining Room,0.00,69.94,5.77,8.00,13.99,01:06:20
12060 Potranco Road,163,8/9/25 10:30 AM,Nadia Reyes,,Drive Thru,0.00,7.28,0.60,0.00,0.00,00:01:30
12060 Potranco Road,164,8/9/25 10:33 AM,Nadia Reyes,,Drive Thru,0.00,18.36,1.51,2.75,0.00,00:08:28
12060 Potranco Road,166,8/9/25 10:36 AM,Lisa Velasquez,26,Dining Room,0.00,12.26,1.02,5.00,0.00,00:36:30
12060 Potranco Road,169,8/9/25 10:38 AM,Sugey Cabrera,12,Dining Room,0.00,26.13,2.14,5.00,0.00,00:40:52
12060 Potranco Road,165,8/9/25 10:34 AM,Lizbeth Garcia,,Drive Thru,0.00,23.85,1.96,0.00,0.00,00:13:27
12060 Potranco Road,170,8/9/25 10:40 AM,Nadia Reyes,,Drive Thru,0.00,14.64,1.21,0.00,0.00,00:04:52
12060 Potranco Road,167,8/9/25 10:38 AM,Leticia Roman,29,Dining Room,0.00,58.81,4.84,0.00,0.00,00:55:48
12060 Potranco Road,172,8/9/25 10:44 AM,Leticia Roman,22,Dining Room,0.00,42.53,3.52,6.95,0.00,00:29:21
12060 Potranco Road,173,8/9/25 10:45 AM,Gabriel Tovar ,34,Dining Room,0.00,28.37,2.34,0.00,0.00,00:39:32
12060 Potranco Road,174,8/9/25 10:46 AM,Nadia Reyes,,Dining Room,6.95,13.54,1.12,2.00,0.00,00:03:06
12060 Potranco Road,175,8/9/25 10:51 AM,Nadia Reyes,,Drive Thru,0.00,12.24,1.02,2.45,0.00,00:05:42
12060 Potranco Road,176,8/9/25 10:51 AM,Nadia Reyes,,Drive Thru,0.00,3.98,0.33,0.00,0.00,00:05:16
12060 Potranco Road,178,8/9/25 10:52 AM,Sugey Cabrera,31,Dining Room,0.00,24.96,2.06,5.00,0.00,01:02:03
12060 Potranco Road,180,8/9/25 10:53 AM,Gabriel Tovar ,17,Dining Room,0.00,35.43,2.92,6.00,0.00,03:40:41
12060 Potranco Road,179,8/9/25 10:52 AM,Lisa Velasquez,6,Dining Room,0.00,61.00,5.05,2.75,12.19,00:57:31
12060 Potranco Road,177,8/9/25 10:52 AM,Nadia Reyes,,Drive Thru,0.00,25.84,2.13,0.00,0.00,00:07:09
12060 Potranco Road,181,8/9/25 10:55 AM,Nadia Reyes,,Drive Thru,0.00,30.09,2.48,6.02,0.00,00:04:37
12060 Potranco Road,182,8/9/25 10:58 AM,Lizbeth Garcia,20,Dining Room,1.46,16.80,1.39,0.00,0.00,00:34:03
12060 Potranco Road,183,8/9/25 10:59 AM,Nadia Reyes,,Drive Thru,0.00,28.93,2.39,0.00,0.00,00:04:44
12060 Potranco Road,185,8/9/25 10:59 AM,Nadia Reyes,,Drive Thru,0.00,12.14,1.01,0.00,0.00,00:09:21
12060 Potranco Road,186,8/9/25 11:00 AM,Nadia Reyes,,Drive Thru,0.00,19.12,1.57,2.87,0.00,00:09:59
12060 Potranco Road,187,8/9/25 11:01 AM,Nadia Reyes,,Drive Thru,0.00,19.12,1.57,1.00,0.00,00:13:23
12060 Potranco Road,188,8/9/25 11:01 AM,Lizbeth Garcia,,Dining Room,0.00,25.43,2.10,4.00,0.00,00:00:41
12060 Potranco Road,191,8/9/25 11:03 AM,Sugey Cabrera,2,Dining Room,0.00,22.84,1.88,0.00,0.00,01:21:26
12060 Potranco Road,192,8/9/25 11:09 AM,Nadia Reyes,,Drive Thru,0.00,30.89,2.54,6.80,0.00,00:06:33
12060 Potranco Road,195,8/9/25 11:11 AM,Lisa Velasquez,15,Dining Room,0.00,26.41,2.17,4.00,0.00,00:37:46
12060 Potranco Road,196,8/9/25 11:13 AM,Gabriel Tovar ,23,Dining Room,0.00,29.96,2.48,0.00,0.00,00:28:09
12060 Potranco Road,197,8/9/25 11:13 AM,Nadia Reyes,,Drive Thru,0.00,26.49,2.19,3.97,0.00,00:05:53
12060 Potranco Road,198,8/9/25 11:13 AM,siri quiroz,,Dining Room,0.00,31.86,2.63,5.00,0.00,00:00:52
12060 Potranco Road,199,8/9/25 11:14 AM,Nadia Reyes,,Drive Thru,0.00,17.05,1.41,3.75,0.00,00:05:57
12060 Potranco Road,202,8/9/25 11:15 AM,Gabriel Tovar ,1,Dining Room,0.00,38.94,3.22,0.00,0.00,00:42:16
12060 Potranco Road,201,8/9/25 11:15 AM,Nadia Reyes,,Drive Thru,0.00,3.58,0.30,0.00,0.00,00:06:46
12060 Potranco Road,203,8/9/25 11:18 AM,Nadia Reyes,,Drive Thru,0.00,17.14,1.41,2.57,0.00,00:04:23
12060 Potranco Road,204,8/9/25 11:19 AM,Nadia Reyes,,Drive Thru,0.00,6.48,0.53,0.00,0.00,00:04:15
12060 Potranco Road,205,8/9/25 11:22 AM,Nadia Reyes,,Drive Thru,0.00,10.17,0.84,0.00,0.00,00:04:32
12060 Potranco Road,206,8/9/25 11:23 AM,Nadia Reyes,,Drive Thru,0.00,26.15,2.15,1.00,0.00,00:04:49
12060 Potranco Road,207,8/9/25 11:24 AM,Nadia Reyes,,Drive Thru,0.00,6.67,0.55,1.47,0.00,00:05:19
12060 Potranco Road,208,8/9/25 11:24 AM,Nadia Reyes,,Drive Thru,0.00,19.37,1.59,0.00,0.00,00:06:56
12060 Potranco Road,209,8/9/25 11:25 AM,Lizbeth Garcia,8,Dining Room,0.00,31.30,2.59,0.00,0.00,00:29:41
12060 Potranco Road,210,8/9/25 11:28 AM,Nadia Reyes,,Drive Thru,0.00,27.52,2.26,0.00,0.00,00:05:05
12060 Potranco Road,212,8/9/25 11:29 AM,Nadia Reyes,,Drive Thru,0.00,25.11,2.07,3.77,0.00,00:07:01
12060 Potranco Road,211,8/9/25 11:28 AM,Gabriel Tovar ,3,Dining Room,0.00,24.71,2.03,5.00,0.00,00:45:51
12060 Potranco Road,217,8/9/25 11:31 AM,Nadia Reyes,,Drive Thru,2.38,21.38,1.76,0.00,0.00,00:08:00
12060 Potranco Road,219,8/9/25 11:32 AM,Lizbeth Garcia,20,Dining Room,0.00,10.37,0.85,2.00,0.00,00:31:40
12060 Potranco Road,216,8/9/25 11:31 AM,Leticia Roman,14,Dining Room,0.80,28.41,2.35,6.00,0.00,00:46:17
12060 Potranco Road,221,8/9/25 11:32 AM,Nadia Reyes,,Drive Thru,0.00,13.45,1.11,2.02,0.00,00:10:33
12060 Potranco Road,224,8/9/25 11:35 AM,Nadia Reyes,,Drive Thru,0.80,7.18,0.59,0.00,0.00,00:09:59
12060 Potranco Road,222,8/9/25 11:33 AM,siri quiroz,,Dining Room,0.00,29.46,2.43,0.00,0.00,00:03:06
12060 Potranco Road,225,8/9/25 11:36 AM,Nadia Reyes,,Drive Thru,0.00,11.97,0.99,2.39,0.00,00:10:11
12060 Potranco Road,226,8/9/25 11:37 AM,siri quiroz,,Dining Room,0.00,37.76,3.11,0.00,0.00,00:01:44
12060 Potranco Road,228,8/9/25 11:39 AM,siri quiroz,,Dining Room,0.00,29.12,2.40,2.00,0.00,00:00:58
12060 Potranco Road,223,8/9/25 11:35 AM,Lisa Velasquez,34,Dining Room,0.00,36.98,3.06,0.00,0.00,00:41:22
12060 Potranco Road,232,8/9/25 11:41 AM,Lisa Velasquez,25,Dining Room,0.00,16.88,1.39,3.00,0.00,00:46:57
12060 Potranco Road,227,8/9/25 11:37 AM,Sugey Cabrera,37,Dining Room,0.00,81.07,6.68,12.00,16.22,01:41:02
12060 Potranco Road,237,8/9/25 11:43 AM,Leticia Roman,28,Dining Room,3.54,40.87,3.37,10.00,0.00,00:51:32
12060 Potranco Road,234,8/9/25 11:42 AM,Lizbeth Garcia,30,Dining Room,0.00,21.77,1.79,0.00,0.00,00:41:47
12060 Potranco Road,236,8/9/25 11:43 AM,Gabriel Tovar ,16,Dining Room,0.00,36.62,3.02,6.00,0.00,00:49:56
12060 Potranco Road,238,8/9/25 11:44 AM,Nadia Reyes,,Drive Thru,0.00,26.90,2.22,4.04,0.00,00:04:07
12060 Potranco Road,239,8/9/25 11:46 AM,Nadia Reyes,,Drive Thru,0.00,12.37,1.02,2.72,0.00,00:04:44
12060 Potranco Road,240,8/9/25 11:46 AM,Sugey Cabrera,23,Dining Room,0.00,34.95,2.89,0.00,0.00,01:03:42
12060 Potranco Road,241,8/9/25 11:47 AM,Nadia Reyes,,Drive Thru,0.00,8.36,0.69,0.00,0.00,00:07:33
12060 Potranco Road,242,8/9/25 11:47 AM,Sugey Cabrera,26,Dining Room,0.00,12.96,1.07,0.00,0.00,00:36:29
12060 Potranco Road,243,8/9/25 11:49 AM,Gabriel Tovar ,29,Dining Room,0.00,68.42,5.64,0.00,13.69,01:57:07
12060 Potranco Road,244,8/9/25 11:50 AM,Nadia Reyes,,Dining Room,0.00,18.90,1.56,2.00,0.00,00:24:05
12060 Potranco Road,245,8/9/25 11:53 AM,Nadia Reyes,,Drive Thru,0.00,9.27,0.77,1.39,0.00,00:03:07
12060 Potranco Road,246,8/9/25 11:54 AM,Lizbeth Garcia,15,Dining Room,0.00,18.45,1.52,5.00,0.00,00:44:40
12060 Potranco Road,247,8/9/25 11:56 AM,siri quiroz,,Dining Room,0.00,7.97,0.66,2.00,0.00,00:00:26
12060 Potranco Road,248,8/9/25 11:59 AM,Lizbeth Garcia,12,Dining Room,0.00,21.67,1.78,0.00,0.00,00:30:25
12060 Potranco Road,249,8/9/25 12:01 PM,Nadia Reyes,,Drive Thru,0.00,5.08,0.42,0.00,0.00,00:00:37
12060 Potranco Road,250,8/9/25 12:02 PM,Lisa Velasquez,11,Dining Room,0.00,38.09,3.16,5.71,0.00,00:46:06
12060 Potranco Road,252,8/9/25 12:04 PM,Nadia Reyes,,Drive Thru,0.00,2.78,0.23,0.61,0.00,00:00:53
12060 Potranco Road,251,8/9/25 12:04 PM,Sugey Cabrera,10,Dining Room,0.00,20.75,1.70,0.00,0.00,00:41:46
12060 Potranco Road,253,8/9/25 12:05 PM,Nadia Reyes,,Drive Thru,0.00,25.96,2.14,0.00,0.00,00:03:22
12060 Potranco Road,254,8/9/25 12:06 PM,Nadia Reyes,,Drive Thru,0.00,21.85,1.80,3.28,0.00,00:04:08
12060 Potranco Road,256,8/9/25 12:07 PM,Gabriel Tovar ,4,Dining Room,0.00,14.94,1.24,20.00,0.00,00:44:57
12060 Potranco Road,259,8/9/25 12:11 PM,Lisa Velasquez,8,Dining Room,9.07,0.00,0.00,0.00,0.00,00:47:51
12060 Potranco Road,257,8/9/25 12:11 PM,Leticia Roman,7,Dining Room,0.00,23.41,1.93,4.00,0.00,00:25:48
12060 Potranco Road,258,8/9/25 12:11 PM,siri quiroz,,Dining Room,0.00,17.98,1.48,0.00,0.00,00:14:31
12060 Potranco Road,260,8/9/25 12:14 PM,Emanuel Sanchez,1,Dining Room,0.00,66.17,5.46,0.00,0.00,00:36:36
12060 Potranco Road,261,8/9/25 12:18 PM,Lisa Velasquez,21,Dining Room,0.00,17.97,1.48,4.00,0.00,00:34:51
12060 Potranco Road,262,8/9/25 12:20 PM,siri quiroz,,Dining Room,0.00,13.65,1.13,0.00,0.00,00:00:27
12060 Potranco Road,263,8/9/25 12:21 PM,Nadia Reyes,,Drive Thru,0.00,11.95,0.99,2.39,0.00,00:01:00
12060 Potranco Road,265,8/9/25 12:23 PM,Nadia Reyes,,Drive Thru,1.38,12.38,1.02,0.00,0.00,00:03:30
12060 Potranco Road,266,8/9/25 12:23 PM,Lizbeth Garcia,5,Dining Room,0.00,12.99,1.07,0.00,0.00,00:30:34
12060 Potranco Road,269,8/9/25 12:26 PM,siri quiroz,,Dining Room,6.30,9.52,0.79,0.00,0.00,00:07:37
12060 Potranco Road,270,8/9/25 12:28 PM,Sugey Cabrera,20,Dining Room,0.00,55.95,4.62,0.00,0.00,00:38:49
12060 Potranco Road,272,8/9/25 12:29 PM,Nadia Reyes,,Dining Room,0.00,36.88,3.05,0.00,0.00,00:02:46
12060 Potranco Road,276,8/9/25 12:31 PM,Nadia Reyes,,Dining Room,0.00,8.31,0.69,0.00,0.00,00:06:59
12060 Potranco Road,268,8/9/25 12:25 PM,Emanuel Sanchez,3,Dining Room,0.00,26.84,2.22,0.00,0.00,00:41:58
12060 Potranco Road,280,8/9/25 12:37 PM,Nadia Reyes,,Drive Thru,0.00,7.86,0.65,1.73,0.00,00:02:04
12060 Potranco Road,284,8/9/25 12:39 PM,Nadia Reyes,,Drive Thru,0.00,6.07,0.51,0.00,0.00,00:02:45
12060 Potranco Road,285,8/9/25 12:43 PM,Nadia Reyes,,Drive Thru,5.70,16.50,1.35,0.00,0.00,00:01:54
12060 Potranco Road,287,8/9/25 12:45 PM,Nadia Reyes,,Drive Thru,0.00,15.36,1.27,0.00,0.00,00:02:34
12060 Potranco Road,288,8/9/25 12:46 PM,Nadia Reyes,,Drive Thru,0.00,10.58,0.87,1.59,0.00,00:07:40
12060 Potranco Road,289,8/9/25 12:47 PM,Nadia Reyes,,Drive Thru,0.00,9.26,0.77,0.00,0.00,00:08:32
12060 Potranco Road,292,8/9/25 12:52 PM,siri quiroz,,Dining Room,0.00,8.27,0.68,2.05,0.00,00:06:10
12060 Potranco Road,291,8/9/25 12:48 PM,Gabriel Tovar ,2,Dining Room,0.00,38.25,3.16,7.65,0.00,00:49:25
12060 Potranco Road,294,8/9/25 12:57 PM,Nadia Reyes,,Drive Thru,0.00,5.87,0.49,0.00,0.00,00:00:46
12060 Potranco Road,295,8/9/25 12:58 PM,Nadia Reyes,,Drive Thru,0.00,5.94,0.49,0.00,0.00,00:02:59
12060 Potranco Road,299,8/9/25 12:59 PM,Sugey Cabrera,23,Dining Room,0.00,79.07,6.53,17.40,0.00,00:46:46
12060 Potranco Road,300,8/9/25 1:03 PM,Leticia Roman,34,Dining Room,0.00,24.92,2.05,5.00,0.00,00:52:34
12060 Potranco Road,302,8/9/25 1:06 PM,Nadia Reyes,,Drive Thru,0.00,27.84,2.30,0.88,0.00,00:03:10
12060 Potranco Road,304,8/9/25 1:07 PM,Gabriel Tovar ,18,Dining Room,0.00,23.46,1.93,3.00,0.00,00:28:15
12060 Potranco Road,301,8/9/25 1:04 PM,Emanuel Sanchez,30,Dining Room,0.00,22.97,1.89,5.05,0.00,00:33:52
12060 Potranco Road,306,8/9/25 1:11 PM,Leticia Roman,15,Dining Room,0.00,48.53,4.01,8.00,0.00,00:54:52
12060 Potranco Road,307,8/9/25 1:15 PM,Nadia Reyes,,Drive Thru,0.00,27.97,2.31,2.00,0.00,00:01:49
12060 Potranco Road,309,8/9/25 1:22 PM,Nadia Reyes,,Drive Thru,0.00,8.57,0.70,1.29,0.00,00:02:01
12060 Potranco Road,310,8/9/25 1:23 PM,Nadia Reyes,,Drive Thru,0.00,25.98,2.14,0.00,0.00,00:04:23
12060 Potranco Road,311,8/9/25 1:27 PM,Emanuel Sanchez,6,Dining Room,0.00,22.96,1.90,5.00,0.00,00:34:05
12060 Potranco Road,312,8/9/25 1:29 PM,Nadia Reyes,,Drive Thru,0.00,30.89,2.56,2.00,0.00,00:03:35
12060 Potranco Road,313,8/9/25 1:30 PM,Nadia Reyes,,Drive Thru,0.00,3.58,0.30,2.00,0.00,00:11:59
12060 Potranco Road,314,8/9/25 1:32 PM,Sugey Cabrera,11,Dining Room,0.00,57.14,4.71,0.00,0.00,01:17:27
12060 Potranco Road,315,8/9/25 1:33 PM,Nadia Reyes,,Dining Room,0.00,8.16,0.67,1.80,0.00,00:08:56
12060 Potranco Road,317,8/9/25 1:42 PM,Lizbeth Garcia,3,Dining Room,0.00,28.96,2.39,5.00,0.00,00:23:20
12060 Potranco Road,318,8/9/25 1:43 PM,Nadia Reyes,,Drive Thru,0.00,49.18,4.06,0.00,0.00,00:07:49
12060 Potranco Road,321,8/9/25 1:48 PM,Sugey Cabrera,14,Dining Room,0.00,33.96,2.80,10.00,0.00,00:39:52
12060 Potranco Road,320,8/9/25 1:47 PM,Candy Del Angel,,Dining Room,0.00,41.79,3.45,0.00,0.00,00:02:31
12060 Potranco Road,322,8/9/25 1:50 PM,Candy Del Angel,,Dining Room,0.00,5.37,0.44,0.00,0.00,00:00:33
12060 Potranco Road,324,8/9/25 1:54 PM,Gabriel Tovar ,25,Dining Room,0.00,31.97,2.63,0.00,0.00,00:37:32
12060 Potranco Road,325,8/9/25 1:57 PM,Leticia Roman,2,Dining Room,0.00,39.83,3.28,10.00,0.00,00:52:09
12060 Potranco Road,326,8/9/25 2:01 PM,Nadia Reyes,,Bar,0.00,19.97,1.65,0.00,0.00,00:02:30
12060 Potranco Road,323,8/9/25 1:51 PM,Nadia Reyes,,Drive Thru,0.00,5.78,0.48,0.00,0.00,00:14:46
12060 Potranco Road,327,8/9/25 2:06 PM,Nadia Reyes,,Drive Thru,0.00,5.68,0.46,0.00,0.00,00:05:03
12060 Potranco Road,328,8/9/25 2:09 PM,Nadia Reyes,,Drive Thru,0.00,25.64,2.11,3.85,0.00,00:06:25
12060 Potranco Road,331,8/9/25 2:15 PM,Nadia Reyes,,Drive Thru,0.00,5.87,0.49,0.00,0.00,00:02:13
12060 Potranco Road,330,8/9/25 2:13 PM,Emanuel Sanchez,31,Dining Room,0.00,106.69,8.82,0.00,21.34,01:00:27
12060 Potranco Road,332,8/9/25 2:23 PM,Nadia Reyes,,Drive Thru,0.00,15.11,1.24,2.00,0.00,00:06:56
12060 Potranco Road,333,8/9/25 2:24 PM,Emanuel Sanchez,,None,0.00,30.98,2.55,0.00,0.00,00:19:12
12060 Potranco Road,335,8/9/25 2:37 PM,Nadia Reyes,,Bar,1.16,10.40,0.86,0.00,0.00,00:03:36
12060 Potranco Road,336,8/9/25 2:41 PM,Rosalinda Rodriguez,18,Dining Room,0.00,19.68,1.62,5.00,0.00,00:56:25
12060 Potranco Road,337,8/9/25 2:55 PM,Lisa Velasquez,1,Dining Room,0.00,32.88,2.70,10.00,0.00,00:45:03
12060 Potranco Road,338,8/9/25 3:00 PM,Rosalinda Rodriguez,29,Dining Room,0.00,0.00,0.00,0.00,0.00,00:30:32
12060 Potranco Road,339,8/9/25 3:00 PM,Emanuel Sanchez,3,Dining Room,0.00,44.31,3.65,5.00,0.00,00:49:27
12060 Potranco Road,340,8/9/25 3:03 PM,Rosalinda Rodriguez,16,Dining Room,0.00,11.27,0.93,5.00,0.00,00:30:14
12060 Potranco Road,341,8/9/25 3:04 PM,Emanuel Sanchez,,Dining Room,0.00,0.00,0.00,0.00,0.00,06:09:57
12060 Potranco Road,343,8/9/25 3:13 PM,Lisa Velasquez,2,Dining Room,0.00,10.98,0.91,0.00,0.00,00:30:54
12060 Potranco Road,345,8/9/25 3:15 PM,Nadia Reyes,,Drive Thru,0.00,5.58,0.46,0.00,0.00,00:14:26
12060 Potranco Road,348,8/9/25 3:24 PM,Emanuel Sanchez,22,Dining Room,0.00,40.66,3.34,0.00,0.00,00:33:49
12060 Potranco Road,346,8/9/25 3:15 PM,Nadia Reyes,,Drive Thru,0.00,16.98,1.40,0.00,0.00,00:14:53
12060 Potranco Road,349,8/9/25 3:26 PM,Nadia Reyes,,Drive Thru,0.00,70.93,5.85,10.64,0.00,00:06:41
12060 Potranco Road,350,8/9/25 3:35 PM,Rosalinda Rodriguez,16,Dining Room,0.00,33.96,2.80,5.09,0.00,00:43:23
12060 Potranco Road,351,8/9/25 3:39 PM,Emanuel Sanchez,,Dining Room,0.00,13.37,1.10,0.00,0.00,00:05:27
12060 Potranco Road,352,8/9/25 3:45 PM,Nadia Reyes,,Drive Thru,0.00,10.38,0.86,0.00,0.00,00:02:25
12060 Potranco Road,353,8/9/25 3:49 PM,Lisa Velasquez,8,Dining Room,0.00,55.60,4.58,11.82,0.00,00:42:27
12060 Potranco Road,354,8/9/25 3:50 PM,Nadia Reyes,,Dining Room,0.00,17.98,1.48,0.00,0.00,00:08:35
12060 Potranco Road,355,8/9/25 3:51 PM,Emanuel Sanchez,6,Dining Room,0.00,55.64,4.58,8.35,0.00,00:54:51
12060 Potranco Road,356,8/9/25 3:54 PM,Rosalinda Rodriguez,26,Dining Room,0.00,37.66,3.10,0.00,0.00,01:02:13
12060 Potranco Road,357,8/9/25 3:54 PM,Emanuel Sanchez,,Dining Room,0.00,9.99,0.82,5.00,0.00,00:02:04
12060 Potranco Road,358,8/9/25 4:00 PM,Nadia Reyes,,Dining Room,0.00,23.98,1.98,0.00,0.00,00:24:28
12060 Potranco Road,359,8/9/25 4:06 PM,Nadia Reyes,,None,0.00,15.99,1.32,0.00,0.00,00:02:15
12060 Potranco Road,360,8/9/25 4:09 PM,Emanuel Sanchez,,Dining Room,0.00,0.00,0.00,0.00,0.00,00:01:04
12060 Potranco Road,361,8/9/25 4:12 PM,Nadia Reyes,,None,19.57,0.00,0.00,0.00,0.00,05:05:52
12060 Potranco Road,362,8/9/25 4:16 PM,Nadia Reyes,,Dining Room,0.00,6.58,0.54,0.00,0.00,00:05:53
12060 Potranco Road,366,8/9/25 4:23 PM,Emanuel Sanchez,23,Dining Room,0.00,38.10,3.13,7.00,0.00,00:59:58
12060 Potranco Road,364,8/9/25 4:18 PM,Nadia Reyes,,Dining Room,0.00,32.23,2.65,6.45,0.00,00:20:25
12060 Potranco Road,368,8/9/25 4:26 PM,Rosalinda Rodriguez,3,Dining Room,0.00,47.84,3.94,5.00,0.00,01:06:11
12060 Potranco Road,369,8/9/25 4:29 PM,Lisa Velasquez,31,Dining Room,0.00,67.43,5.57,10.00,0.00,00:39:58
12060 Potranco Road,367,8/9/25 4:25 PM,Nadia Reyes,,Drive Thru,3.20,28.78,2.37,0.00,0.00,00:11:36
12060 Potranco Road,370,8/9/25 4:41 PM,Lisa Velasquez,15,Dining Room,0.00,36.66,3.01,10.33,0.00,00:42:04
12060 Potranco Road,372,8/9/25 4:51 PM,Emanuel Sanchez,16,Dining Room,0.00,32.66,2.69,9.65,0.00,00:45:13
12060 Potranco Road,373,8/9/25 4:59 PM,Rosalinda Rodriguez,12,Dining Room,0.00,24.67,2.03,0.00,0.00,00:49:57
12060 Potranco Road,371,8/9/25 4:43 PM,Nadia Reyes,,Drive Thru,0.00,7.98,0.66,0.00,0.00,00:20:02
12060 Potranco Road,374,8/9/25 5:00 PM,Nadia Reyes,,Dining Room,0.00,19.95,1.65,0.00,0.00,00:26:47
12060 Potranco Road,375,8/9/25 5:11 PM,Nadia Reyes,,None,1.34,12.01,1.00,0.00,0.00,00:03:49
12060 Potranco Road,376,8/9/25 5:12 PM,Nadia Reyes,,None,0.00,27.31,2.26,0.00,0.00,00:06:12
12060 Potranco Road,377,8/9/25 5:19 PM,Nadia Reyes,,Drive Thru,0.00,17.74,1.46,0.00,0.00,00:06:34
12060 Potranco Road,378,8/9/25 5:24 PM,Lisa Velasquez,31,Dining Room,0.00,42.96,3.55,0.00,0.00,00:37:48
12060 Potranco Road,380,8/9/25 5:34 PM,Nadia Reyes,,Drive Thru,2.00,17.98,1.48,3.00,0.00,00:02:13
12060 Potranco Road,363,8/9/25 4:17 PM,Nadia Reyes,,Dining Room,0.00,32.96,2.71,0.00,0.00,01:27:23
12060 Potranco Road,383,8/9/25 5:42 PM,Nadia Reyes,,Dining Room,0.00,22.97,1.89,0.00,0.00,00:25:06
12060 Potranco Road,385,8/9/25 5:47 PM,Nadia Reyes,,Drive Thru,0.00,31.97,2.64,5.00,0.00,00:03:52
12060 Potranco Road,384,8/9/25 5:45 PM,Emanuel Sanchez,14,Dining Room,0.00,36.16,2.98,7.23,0.00,00:43:52
12060 Potranco Road,386,8/9/25 6:11 PM,Nadia Reyes,,Dining Room,0.00,18.87,1.56,2.83,0.00,00:03:03
12060 Potranco Road,387,8/9/25 6:11 PM,Rosalinda Rodriguez,1,Dining Room,0.00,23.98,1.97,5.00,0.00,00:29:41
12060 Potranco Road,389,8/9/25 6:25 PM,Nadia Reyes,,Drive Thru,0.00,19.98,1.64,0.00,0.00,00:01:04
12060 Potranco Road,388,8/9/25 6:24 PM,Emanuel Sanchez,15,Dining Room,0.00,47.22,3.88,10.39,0.00,00:56:09
12060 Potranco Road,390,8/9/25 6:28 PM,Nadia Reyes,,Bar,0.00,35.97,2.97,0.00,0.00,00:06:04
12060 Potranco Road,391,8/9/25 6:33 PM,Lisa Velasquez,28,Dining Room,0.00,142.83,11.81,0.00,28.55,00:45:54
12060 Potranco Road,392,8/9/25 6:40 PM,Rosalinda Rodriguez,25,Dining Room,0.00,59.34,4.90,0.00,0.00,00:51:54
12060 Potranco Road,393,8/9/25 6:55 PM,Nadia Reyes,,Drive Thru,0.00,6.18,0.51,0.00,0.00,00:00:44
12060 Potranco Road,394,8/9/25 6:57 PM,Emanuel Sanchez,35,Dining Room,0.00,58.38,4.81,0.00,0.00,00:47:36
12060 Potranco Road,395,8/9/25 7:02 PM,Emanuel Sanchez,,Dining Room,0.00,16.73,1.38,0.00,0.00,00:03:16
12060 Potranco Road,400,8/9/25 7:06 PM,Rosalinda Rodriguez,23,Dining Room,0.00,26.96,2.22,4.00,0.00,00:49:53
12060 Potranco Road,402,8/9/25 7:09 PM,Nadia Reyes,,Bar,0.00,17.43,1.44,2.00,0.00,00:02:55
12060 Potranco Road,403,8/9/25 7:11 PM,Nadia Reyes,,Dining Room,0.00,19.96,1.65,2.99,0.00,00:03:03
12060 Potranco Road,405,8/9/25 7:19 PM,Lisa Velasquez,,Dining Room,0.00,0.00,0.00,0.00,0.00,00:00:28
12060 Potranco Road,406,8/9/25 7:28 PM,Nadia Reyes,14,Dining Room,0.00,17.97,1.47,1.20,0.00,01:49:11
12060 Potranco Road,408,8/9/25 7:37 PM,Nadia Reyes,,Bar,0.00,14.07,1.16,0.00,0.00,00:07:17
12060 Potranco Road,407,8/9/25 7:31 PM,Emanuel Sanchez,37,Dining Room,0.00,170.06,14.01,30.00,34.01,01:11:02
12060 Potranco Road,32001,8/9/25 7:47 PM,Nadia Reyes,,Dining Room,0.00,10.57,0.88,0.00,0.00,00:04:32
12060 Potranco Road,411,8/9/25 7:49 PM,Nadia Reyes,,Drive Thru,0.00,30.95,2.55,0.00,0.00,00:03:23
12060 Potranco Road,412,8/9/25 7:51 PM,Rosalinda Rodriguez,2,Dining Room,0.00,18.37,1.51,5.00,0.00,01:01:46
12060 Potranco Road,415,8/9/25 8:02 PM,Nadia Reyes,,Drive Thru,0.00,35.12,2.88,7.02,0.00,00:01:05
12060 Potranco Road,413,8/9/25 7:59 PM,Rosalinda Rodriguez,,Dining Room,9.85,19.13,1.58,3.00,0.00,00:17:33
12060 Potranco Road,417,8/9/25 8:02 PM,Rosalinda Rodriguez,,Dining Room,0.00,11.99,0.99,0.00,0.00,00:45:57
12060 Potranco Road,420,8/9/25 8:22 PM,Nadia Reyes,,Drive Thru,0.00,0.00,0.00,0.00,0.00,00:00:45
