Employee,Job Title,Regular Hours,Overtime Hours,Hourly Rate,Regular Pay,Overtime Pay,Total Pay,Net Sales,Declared Tips,Non-Cash Tips,Total Tips,Tips Withheld,Total Gratuity,Employee ID,Job Code,Location,Location Code
"Aragon, Cecilia",Tortillera,5.74,0.49,13.00,74.62,9.56,84.18,0.00,,0.00,0.00,0.00,0.00,,,12060 Potranco Road,
"Barton, Arion",Cook,6.31,0.0,13.00,82.03,0.00,82.03,0.00,,0.00,0.00,0.00,0.00,,,12060 Potranco Road,
"Cabrera, Sugey",Server,7.53,0.0,3.00,22.59,0.00,22.59,741.85,0.00,97.24,97.24,0.00,16.22,,,12060 Potranco Road,
"Cardenas, Salvador",Cook,0.0,8.65,15.00,0.00,194.63,194.63,0.00,,0.00,0.00,0.00,0.00,,,12060 Potranco Road,
"Del Angel, Candy",Shift Manager / Assistant Manager,5.17,2.68,,,,,47.16,,0.00,0.00,0.00,0.00,,,12060 Potranco Road,
"Farias, Claudia",Cook,3.62,5.64,15.00,54.30,126.90,181.20,0.00,,0.00,0.00,0.00,0.00,,,12060 Potranco Road,
"GUTIERREZ, ERIC",Cook,7.45,0.0,16.00,119.20,0.00,119.20,0.00,0.00,0.00,0.00,0.00,0.00,,,12060 Potranco Road,
"Garcia, Enriqueta",Chef,11.55,0.0,,,,,0.00,,0.00,0.00,0.00,0.00,,,12060 Potranco Road,
"Garcia, Lizbeth",Server,8.02,0.0,3.00,24.06,0.00,24.06,565.04,0.00,45.43,45.43,0.00,25.44,,,12060 Potranco Road,
"JOSSUETH, FRANLOD",Busser,6.77,0.0,13.00,88.01,0.00,88.01,0.00,,0.00,0.00,0.00,0.00,,,12060 Potranco Road,
"Lino Santana, David ",Prep,5.1,3.44,15.00,76.50,77.40,153.90,0.00,,0.00,0.00,0.00,0.00,,,12060 Potranco Road,
"RODRIGUEZ , MARIO ",Prep,7.28,0.0,12.00,87.36,0.00,87.36,0.00,,0.00,0.00,0.00,0.00,,,12060 Potranco Road,
"Reyes, Nadia",Server,1.8,6.16,3.50,6.30,32.34,38.64,1914.30,0.00,137.37,137.37,0.00,0.00,,,12060 Potranco Road,
"Rodriguez, Rosalinda",Server,7.39,0.0,3.00,22.17,0.00,22.17,334.85,0.00,34.09,34.09,0.00,0.00,,,12060 Potranco Road,
"Roman, Leticia",Server,6.86,0.0,3.00,20.58,0.00,20.58,479.93,20.00,72.38,92.38,0.00,0.00,,,12060 Potranco Road,
"Rosales, Elsa",Tortillera,7.45,0.0,13.00,96.85,0.00,96.85,0.00,,0.00,0.00,0.00,0.00,,,12060 Potranco Road,
"Sanchez, Emanuel",Server,9.44,0.0,3.00,28.32,0.00,28.32,839.89,5.00,92.67,97.67,0.00,55.35,,,12060 Potranco Road,
"Tovar , Gabriel",Shift Leader,0.0,0.01,,,,,0.00,,0.00,0.00,0.00,0.00,,,12060 Potranco Road,
"Tovar , Gabriel",Server,0.0,6.66,3.00,0.00,29.97,29.97,613.34,5.00,77.47,82.47,0.00,33.54,,,12060 Potranco Road,
"Vega, Estela",Tortillera,1.78,7.4,15.00,26.70,166.50,193.20,0.00,,0.00,0.00,0.00,0.00,,,12060 Potranco Road,
"Velasquez, Lisa",Server,2.06,8.75,3.00,6.18,39.38,45.56,762.08,10.00,93.61,103.61,0.00,40.74,,,12060 Potranco Road,
"quiroz, siri",Host,6.94,0.0,11.00,76.34,0.00,76.34,615.89,0.00,21.05,21.05,0.00,0.00,,,12060 Potranco Road,
"vanenzuela, felix",Cook,6.87,0.0,,,,,0.00,,0.00,0.00,0.00,0.00,,,12060 Potranco Road,
"velasquez, maximilioano",Busser,7.34,0.0,12.00,88.08,0.00,88.08,0.00,,0.00,0.00,0.00,0.00,,,12060 Potranco Road,
