Check #,Table,Payment Type,Server,Cashier,Tip,Amount,Cash Drawer,Date,Opened Date
1,,CREDIT,Melissa ,Melissa ,1.18,5.81,,8/19/25 6:32 AM,8/19/25 6:32 AM
2,,CASH,Melissa ,Melissa ,0.00,8.41,DRIVE THRU 1,8/19/25 6:37 AM,8/19/25 6:36 AM
3,,CREDIT,Melissa ,Melissa ,2.15,10.58,,8/19/25 6:40 AM,8/19/25 6:39 AM
,,NO_SALE,Candy,,0.00,0.00,Host Drawer,8/19/25 6:58 AM,8/19/25 6:58 AM
5,,CREDIT,Melissa ,Melissa ,0.00,7.55,,8/19/25 7:09 AM,8/19/25 7:09 AM
4,,CREDIT,Candy,Candy,0.00,2.15,,8/19/25 7:14 AM,8/19/25 7:14 AM
6,,CASH,Candy,Candy,0.00,11.01,Host Drawer,8/19/25 7:14 AM,8/19/25 7:14 AM
7,,CREDIT,Candy,Candy,0.00,2.70,,8/19/25 7:15 AM,8/19/25 7:15 AM
11,,CREDIT,Melissa ,Melissa ,1.75,10.25,,8/19/25 7:26 AM,8/19/25 7:25 AM
12,,CASH,Melissa ,Melissa ,0.00,10.78,DRIVE THRU 1,8/19/25 7:33 AM,8/19/25 7:32 AM
10,,CREDIT,Candy,Candy,3.00,11.87,,8/19/25 7:35 AM,8/19/25 7:25 AM
13,,CREDIT,Melissa ,Melissa ,0.00,16.18,,8/19/25 7:45 AM,8/19/25 7:45 AM
16,,CREDIT,Melissa ,Melissa ,2.36,17.06,,8/19/25 7:52 AM,8/19/25 7:50 AM
15,,CREDIT,Emanuel,Emanuel,3.00,8.31,,8/19/25 7:53 AM,8/19/25 7:43 AM
17,,CREDIT,Melissa ,Melissa ,1.00,4.85,,8/19/25 7:55 AM,8/19/25 7:51 AM
18,,CREDIT,Melissa ,Melissa ,0.00,3.87,,8/19/25 7:56 AM,8/19/25 7:51 AM
18,,CASH,Melissa ,Melissa ,0.00,0.88,DRIVE THRU 1,8/19/25 7:56 AM,8/19/25 7:51 AM
19,,CREDIT,Melissa ,Melissa ,1.34,9.70,,8/19/25 7:56 AM,8/19/25 7:54 AM
20,,CASH,Melissa ,Melissa ,0.00,8.19,DRIVE THRU 1,8/19/25 7:58 AM,8/19/25 7:54 AM
22,,CASH,Melissa ,Melissa ,0.00,8.62,DRIVE THRU 1,8/19/25 8:02 AM,8/19/25 8:02 AM
24,,CREDIT,Melissa ,Melissa ,0.00,6.80,,8/19/25 8:05 AM,8/19/25 8:04 AM
25,,CASH,Melissa ,Melissa ,0.00,0.54,DRIVE THRU 1,8/19/25 8:06 AM,8/19/25 8:06 AM
8,15,CREDIT,Lizbeth,Lizbeth,5.00,25.60,,8/19/25 8:10 AM,8/19/25 7:18 AM
26,,CASH,Melissa ,Melissa ,0.00,9.07,DRIVE THRU 1,8/19/25 8:16 AM,8/19/25 8:15 AM
29,,CREDIT,Melissa ,Melissa ,0.00,12.63,,8/19/25 8:22 AM,8/19/25 8:21 AM
30,,CREDIT,Melissa ,Melissa ,1.95,9.61,,8/19/25 8:28 AM,8/19/25 8:27 AM
31,,CREDIT,Melissa ,Melissa ,0.00,4.96,,8/19/25 8:34 AM,8/19/25 8:32 AM
33,,CREDIT,Sugey,Sugey,0.00,16.63,,8/19/25 8:38 AM,8/19/25 8:38 AM
35,,CREDIT,Melissa ,Melissa ,0.00,8.63,,8/19/25 8:38 AM,8/19/25 8:38 AM
37,,CREDIT,Melissa ,Melissa ,0.00,5.19,,8/19/25 8:40 AM,8/19/25 8:40 AM
38,,CASH,Melissa ,Melissa ,0.00,8.95,DRIVE THRU 1,8/19/25 8:44 AM,8/19/25 8:43 AM
41,,CREDIT,Melissa ,Melissa ,0.00,17.59,,8/19/25 8:46 AM,8/19/25 8:45 AM
23,20,CREDIT,Emanuel,Emanuel,5.00,23.78,,8/19/25 8:49 AM,8/19/25 8:08 AM
42,,CREDIT,Melissa ,Melissa ,2.63,12.96,,8/19/25 8:52 AM,8/19/25 8:49 AM
46,,CREDIT,Melissa ,Melissa ,0.00,8.63,,8/19/25 8:54 AM,8/19/25 8:49 AM
44,,CREDIT,Sugey,Sugey,0.00,8.63,,8/19/25 8:54 AM,8/19/25 8:48 AM
46,,CREDIT,Melissa ,Melissa ,0.00,3.78,,8/19/25 8:56 AM,8/19/25 8:49 AM
48,,CREDIT,Melissa ,Melissa ,1.47,10.58,,8/19/25 8:57 AM,8/19/25 8:50 AM
51,,CREDIT,Melissa ,Melissa ,1.00,3.40,,8/19/25 9:00 AM,8/19/25 8:57 AM
54,,CREDIT,Melissa ,Melissa ,0.00,11.98,,8/19/25 9:04 AM,8/19/25 9:03 AM
36,34,CREDIT,Sugey,Sugey,2.00,5.82,,8/19/25 9:08 AM,8/19/25 8:40 AM
55,,CREDIT,Melissa ,Melissa ,0.00,35.10,,8/19/25 9:09 AM,8/19/25 9:07 AM
56,,CREDIT,Melissa ,Melissa ,0.00,3.99,,8/19/25 9:10 AM,8/19/25 9:10 AM
50,,CASH,Melissa ,Melissa ,0.00,13.48,DRIVE THRU 1,8/19/25 9:14 AM,8/19/25 8:55 AM
58,,CREDIT,Melissa ,Melissa ,0.00,4.31,,8/19/25 9:18 AM,8/19/25 9:17 AM
60,,CREDIT,Melissa ,Melissa ,3.86,9.37,,8/19/25 9:26 AM,8/19/25 9:22 AM
62,,CREDIT,Melissa ,Melissa ,0.00,2.15,,8/19/25 9:27 AM,8/19/25 9:27 AM
63,,CASH,Melissa ,Melissa ,0.00,18.89,DRIVE THRU 1,8/19/25 9:30 AM,8/19/25 9:28 AM
65,,CASH,Melissa ,Melissa ,0.00,15.09,DRIVE THRU 1,8/19/25 9:32 AM,8/19/25 9:29 AM
59,20,CREDIT,Lizbeth,Lizbeth,4.00,6.80,,8/19/25 9:32 AM,8/19/25 9:21 AM
45,16,CASH,Lizbeth,Lizbeth,0.00,10.81,,8/19/25 9:33 AM,8/19/25 8:48 AM
70,,CREDIT,Melissa ,Melissa ,0.00,4.86,,8/19/25 9:35 AM,8/19/25 9:33 AM
69,,CASH,Melissa ,Melissa ,0.00,1.08,DRIVE THRU 1,8/19/25 9:35 AM,8/19/25 9:33 AM
43,23,CASH,Emanuel,Emanuel,0.00,11.12,,8/19/25 9:40 AM,8/19/25 8:52 AM
73,,CREDIT,Candy,Candy,0.00,15.09,,8/19/25 9:41 AM,8/19/25 9:41 AM
71,,CREDIT,Melissa ,Melissa ,0.00,12.97,,8/19/25 9:42 AM,8/19/25 9:40 AM
72,,CREDIT,Melissa ,Melissa ,0.00,10.89,,8/19/25 9:43 AM,8/19/25 9:41 AM
75,,CREDIT,Melissa ,Melissa ,0.00,8.43,,8/19/25 9:45 AM,8/19/25 9:42 AM
66,1,CASH,Lizbeth,Lizbeth,0.00,7.56,,8/19/25 9:46 AM,8/19/25 9:30 AM
47,4,CREDIT,Lizbeth,Lizbeth,5.00,24.28,,8/19/25 9:47 AM,8/19/25 8:51 AM
78,,CREDIT,Melissa ,Melissa ,3.44,16.92,,8/19/25 9:50 AM,8/19/25 9:44 AM
32,,CREDIT,Melissa ,Melissa ,0.00,5.29,,8/19/25 9:54 AM,8/19/25 8:32 AM
61,26,CREDIT,Emanuel,Candy,2.12,32.88,,8/19/25 9:56 AM,8/19/25 9:27 AM
80,,CREDIT,Melissa ,Melissa ,0.00,60.33,,8/19/25 10:00 AM,8/19/25 9:58 AM
68,34,CREDIT,Sugey,Sugey,5.49,24.51,,8/19/25 10:02 AM,8/19/25 9:33 AM
83,,CREDIT,Melissa ,Melissa ,2.03,14.68,,8/19/25 10:04 AM,8/19/25 10:01 AM
67,14,CREDIT,Sugey,Sugey,10.00,46.24,,8/19/25 10:07 AM,8/19/25 9:32 AM
85,,CREDIT,Melissa ,Melissa ,0.00,7.75,,8/19/25 10:08 AM,8/19/25 10:04 AM
86,,CREDIT,Melissa ,Melissa ,0.00,10.24,,8/19/25 10:11 AM,8/19/25 10:05 AM
87,,CREDIT,Melissa ,Melissa ,0.00,13.47,,8/19/25 10:13 AM,8/19/25 10:08 AM
88,,CREDIT,Melissa ,Melissa ,5.00,6.04,,8/19/25 10:15 AM,8/19/25 10:13 AM
89,,CASH,Melissa ,Melissa ,0.00,6.90,DRIVE THRU 1,8/19/25 10:18 AM,8/19/25 10:14 AM
77,2,CREDIT,Emanuel,Emanuel,5.00,30.31,,8/19/25 10:24 AM,8/19/25 9:44 AM
91,,CREDIT,Melissa ,Melissa ,0.00,10.77,,8/19/25 10:24 AM,8/19/25 10:20 AM
93,,CREDIT,Melissa ,Melissa ,1.00,26.99,,8/19/25 10:26 AM,8/19/25 10:21 AM
84,,CREDIT,Melissa ,Melissa ,1.76,12.73,,8/19/25 10:31 AM,8/19/25 10:03 AM
94,,CREDIT,Melissa ,Melissa ,1.89,9.28,,8/19/25 10:33 AM,8/19/25 10:23 AM
95,,CREDIT,Melissa ,Melissa ,0.00,9.69,,8/19/25 10:34 AM,8/19/25 10:26 AM
82,29,CREDIT,Emanuel,Emanuel,3.00,24.21,,8/19/25 10:37 AM,8/19/25 10:01 AM
81,28,CREDIT,Lizbeth,Lizbeth,10.00,48.20,,8/19/25 10:37 AM,8/19/25 9:59 AM
96,,CREDIT,Melissa ,Melissa ,0.00,12.50,,8/19/25 10:39 AM,8/19/25 10:31 AM
97,,CREDIT,Melissa ,Melissa ,0.00,19.54,,8/19/25 10:41 AM,8/19/25 10:33 AM
100,,CREDIT,Melissa ,Melissa ,0.00,8.65,,8/19/25 10:43 AM,8/19/25 10:43 AM
98,,CASH,Emanuel,Emanuel,0.00,32.91,,8/19/25 10:44 AM,8/19/25 10:36 AM
104,,CREDIT,Melissa ,Melissa ,0.00,7.57,,8/19/25 10:47 AM,8/19/25 10:46 AM
90,1,CASH,Sugey,Sugey,0.00,4.30,,8/19/25 10:48 AM,8/19/25 10:15 AM
105,,CREDIT,Melissa ,Melissa ,0.00,15.65,,8/19/25 10:50 AM,8/19/25 10:48 AM
107,,CREDIT,Candy,Candy,0.00,4.32,,8/19/25 10:51 AM,8/19/25 10:51 AM
106,,CASH,Melissa ,Melissa ,0.00,28.15,DRIVE THRU 1,8/19/25 10:51 AM,8/19/25 10:49 AM
79,31,CREDIT,Sugey,Sugey,5.00,14.77,,8/19/25 10:55 AM,8/19/25 9:53 AM
109,,CREDIT,Melissa ,Melissa ,0.00,6.04,,8/19/25 10:55 AM,8/19/25 10:52 AM
92,16,CASH,Lizbeth,Lizbeth,0.00,28.10,,8/19/25 10:56 AM,8/19/25 10:22 AM
110,,CASH,Melissa ,Melissa ,0.00,4.96,DRIVE THRU 1,8/19/25 10:59 AM,8/19/25 10:55 AM
111,,CASH,Melissa ,Melissa ,0.00,6.04,DRIVE THRU 1,8/19/25 11:01 AM,8/19/25 10:57 AM
102,,CREDIT,Sugey,Sugey,1.00,3.88,,8/19/25 11:02 AM,8/19/25 10:46 AM
112,,CASH,Melissa ,Melissa ,0.00,19.42,DRIVE THRU 1,8/19/25 11:03 AM,8/19/25 10:59 AM
99,20,CREDIT,Sugey,Sugey,5.00,29.18,,8/19/25 11:05 AM,8/19/25 10:43 AM
113,,CREDIT,Melissa ,Melissa ,0.79,5.72,,8/19/25 11:05 AM,8/19/25 11:03 AM
115,,CASH,Melissa ,Melissa ,0.00,35.25,DRIVE THRU 1,8/19/25 11:11 AM,8/19/25 11:10 AM
103,2,CREDIT,Emanuel,Emanuel,8.00,42.17,,8/19/25 11:19 AM,8/19/25 10:48 AM
116,,CREDIT,Melissa ,Melissa ,0.00,26.15,,8/19/25 11:19 AM,8/19/25 11:13 AM
117,,CREDIT,Melissa ,Melissa ,0.94,4.63,,8/19/25 11:20 AM,8/19/25 11:13 AM
118,,CASH,Melissa ,Melissa ,0.00,6.45,DRIVE THRU 1,8/19/25 11:22 AM,8/19/25 11:17 AM
122,,CASH,Melissa ,Melissa ,0.00,7.57,DRIVE THRU 1,8/19/25 11:26 AM,8/19/25 11:24 AM
124,,CASH,Melissa ,Melissa ,0.00,20.29,DRIVE THRU 1,8/19/25 11:35 AM,8/19/25 11:31 AM
127,,CREDIT,Melissa ,Melissa ,0.00,13.49,,8/19/25 11:37 AM,8/19/25 11:36 AM
129,,CREDIT,Sugey,Sugey,0.00,3.24,,8/19/25 11:39 AM,8/19/25 11:39 AM
130,,CREDIT,Melissa ,Melissa ,0.00,29.79,,8/19/25 11:42 AM,8/19/25 11:41 AM
132,,CASH,Emanuel,Emanuel,0.00,21.71,,8/19/25 11:46 AM,8/19/25 11:46 AM
131,,CREDIT,Melissa ,Melissa ,2.57,13.93,,8/19/25 11:47 AM,8/19/25 11:43 AM
126,21,CREDIT,Lizbeth,Lizbeth,7.00,19.88,,8/19/25 11:53 AM,8/19/25 11:31 AM
125,16,CREDIT,Sugey,Sugey,0.00,24.75,,8/19/25 11:53 AM,8/19/25 11:28 AM
139,,CASH,Melissa ,Melissa ,0.00,11.11,DRIVE THRU 1,8/19/25 11:58 AM,8/19/25 11:57 AM
142,,CREDIT,Lizbeth,Lizbeth,0.00,12.98,,8/19/25 11:58 AM,8/19/25 11:58 AM
140,,CREDIT,Melissa ,Melissa ,1.27,6.25,,8/19/25 11:59 AM,8/19/25 11:57 AM
141,,CREDIT,Melissa ,Melissa ,0.00,10.02,,8/19/25 12:00 PM,8/19/25 11:58 AM
121,14,CREDIT,Lizbeth,Lizbeth,10.00,38.90,,8/19/25 12:03 PM,8/19/25 11:25 AM
128,3,CREDIT,Emanuel,Emanuel,4.00,25.48,,8/19/25 12:04 PM,8/19/25 11:37 AM
144,,CASH,Melissa ,Melissa ,0.00,6.47,DRIVE THRU 1,8/19/25 12:05 PM,8/19/25 12:04 PM
146,,CREDIT,Sugey,Sugey,5.00,20.09,,8/19/25 12:08 PM,8/19/25 12:08 PM
120,22,CREDIT,Emanuel,Emanuel,4.00,14.00,,8/19/25 12:09 PM,8/19/25 11:24 AM
134,15,CREDIT,Sugey,Sugey,6.00,13.99,,8/19/25 12:12 PM,8/19/25 11:51 AM
149,,CASH,Sugey,Sugey,0.00,8.65,,8/19/25 12:17 PM,8/19/25 12:17 PM
135,5,CASH,Emanuel,Emanuel,0.00,20.55,,8/19/25 12:22 PM,8/19/25 11:52 AM
136,27,CASH,Lizbeth,Lizbeth,0.00,35.68,,8/19/25 12:24 PM,8/19/25 11:52 AM
145,,CASH,Melissa ,Melissa ,0.00,8.60,DRIVE THRU 1,8/19/25 12:24 PM,8/19/25 12:22 PM
152,,CASH,Melissa ,Melissa ,0.00,16.65,DRIVE THRU 1,8/19/25 12:26 PM,8/19/25 12:23 PM
153,2,CREDIT,Sugey,Sugey,0.00,32.44,,8/19/25 12:29 PM,8/19/25 12:28 PM
133,2,CREDIT,Sugey,Sugey,0.00,35.85,,8/19/25 12:29 PM,8/19/25 11:49 AM
148,21,CREDIT,Lizbeth,Lizbeth,3.00,27.54,,8/19/25 12:32 PM,8/19/25 12:10 PM
154,,CREDIT,Melissa ,Melissa ,0.00,28.09,,8/19/25 12:33 PM,8/19/25 12:33 PM
156,,CREDIT,Melissa ,Melissa ,0.00,6.58,,8/19/25 12:41 PM,8/19/25 12:40 PM
159,,CREDIT,Candy,Candy,0.00,15.86,,8/19/25 12:45 PM,8/19/25 12:45 PM
151,8,CREDIT,Sugey,Sugey,11.00,54.63,,8/19/25 12:59 PM,8/19/25 12:20 PM
163,,CREDIT,Melissa ,Melissa ,0.00,16.22,,8/19/25 1:00 PM,8/19/25 12:59 PM
164,22,CASH,Emanuel,Emanuel,0.00,14.00,,8/19/25 1:03 PM,8/19/25 1:00 PM
155,14,CREDIT,Lizbeth,Lizbeth,6.00,29.47,,8/19/25 1:04 PM,8/19/25 12:40 PM
150,22,CREDIT,Emanuel,Emanuel,6.00,60.51,,8/19/25 1:04 PM,8/19/25 12:20 PM
158,1,CREDIT,Sugey,Emanuel,0.00,30.26,,8/19/25 1:05 PM,8/19/25 12:43 PM
165,,CREDIT,Melissa ,Melissa ,39.95,196.58,,8/19/25 1:12 PM,8/19/25 1:11 PM
161,15,CASH,Lizbeth,Lizbeth,0.00,21.40,,8/19/25 1:19 PM,8/19/25 12:52 PM
171,,CREDIT,Lizbeth,Lizbeth,0.00,15.14,,8/19/25 1:22 PM,8/19/25 1:22 PM
169,,CREDIT,Melissa ,Melissa ,0.00,30.20,,8/19/25 1:22 PM,8/19/25 1:20 PM
157,26,CREDIT,Emanuel,Emanuel,0.00,64.34,,8/19/25 1:39 PM,8/19/25 12:45 PM
167,16,CREDIT,Lizbeth,Lizbeth,2.00,32.86,,8/19/25 1:43 PM,8/19/25 1:10 PM
170,,CREDIT,Emanuel,Melissa ,0.00,28.55,,8/19/25 1:44 PM,8/19/25 1:22 PM
174,,CREDIT,Melissa ,Melissa ,0.00,16.85,,8/19/25 1:47 PM,8/19/25 1:45 PM
175,,CREDIT,Melissa ,Melissa ,2.64,12.98,,8/19/25 1:49 PM,8/19/25 1:48 PM
166,2,CREDIT,Emanuel,Candy,0.00,38.00,,8/19/25 1:52 PM,8/19/25 1:14 PM
160,18,CREDIT,Emanuel,Emanuel,0.00,3.84,,8/19/25 1:55 PM,8/19/25 12:50 PM
160,18,CREDIT,Emanuel,Emanuel,5.54,17.46,,8/19/25 1:56 PM,8/19/25 12:50 PM
172,14,CREDIT,Sugey,Sugey,10.00,35.51,,8/19/25 1:56 PM,8/19/25 1:25 PM
,,TIP_OUT,Candy,Candy,-3.00,0.00,House,8/19/25 2:02 PM,8/19/25 2:02 PM
,,CLOSE_OUT_SHORTAGE,Candy,,0.00,-11.01,Host Drawer,8/19/25 2:02 PM,8/19/25 2:02 PM
168,29,CASH,Sugey,Sugey,0.00,38.63,,8/19/25 2:08 PM,8/19/25 1:12 PM
,,CASH_COLLECTED,Emanuel,Emanuel,0.00,100.29*,House,8/19/25 2:13 PM,8/19/25 2:13 PM
,,TIP_OUT,Emanuel,Emanuel,-45.66,0.00,House,8/19/25 2:13 PM,8/19/25 2:13 PM
176,,CREDIT,Melissa ,Melissa ,0.00,5.81,,8/19/25 2:15 PM,8/19/25 2:10 PM
,,CASH_COLLECTED,Sugey,Sugey,0.00,51.58*,House,8/19/25 2:16 PM,8/19/25 2:16 PM
,,TIP_OUT,Sugey,Sugey,-60.49,0.00,House,8/19/25 2:16 PM,8/19/25 2:16 PM
173,12,CASH,Lizbeth,Lizbeth,0.00,9.73,,8/19/25 2:18 PM,8/19/25 1:39 PM
180,,CASH,Mario,Mario,0.00,5.18,DRIVE THRU 1,8/19/25 2:21 PM,8/19/25 2:19 PM
,,TIP_OUT,Melissa ,Melissa ,-83.97,0.00,House,8/19/25 2:21 PM,8/19/25 2:21 PM
,,CASH_COLLECTED,Lizbeth,Lizbeth,0.00,113.28*,House,8/19/25 2:25 PM,8/19/25 2:25 PM
,,TIP_OUT,Lizbeth,Lizbeth,-52.00,0.00,House,8/19/25 2:25 PM,8/19/25 2:25 PM
182,,CREDIT,Mario,Mario,0.00,10.80,,8/19/25 2:25 PM,8/19/25 2:25 PM
,,PAY_OUT,Candy,,0.00,-100.00,House,8/19/25 2:29 PM,8/19/25 2:29 PM
184,,CREDIT,Lisa,Lisa,0.00,31.66,,8/19/25 2:38 PM,8/19/25 2:28 PM
187,,CASH,Mario,Mario,0.00,25.83,DRIVE THRU 1,8/19/25 3:02 PM,8/19/25 3:00 PM
192,,CASH,Mario,Mario,0.00,21.60,DRIVE THRU 1,8/19/25 3:10 PM,8/19/25 3:09 PM
189,,CREDIT,Mario,Mario,0.00,15.14,,8/19/25 3:15 PM,8/19/25 3:07 PM
190,,CREDIT,Gabriel,Gabriel,0.00,15.80,,8/19/25 3:26 PM,8/19/25 3:09 PM
195,,CREDIT,Mario,Mario,0.00,8.62,,8/19/25 3:28 PM,8/19/25 3:28 PM
197,,CREDIT,Mario,Mario,2.00,6.90,,8/19/25 3:40 PM,8/19/25 3:40 PM
196,15,CREDIT,Lisa,Lisa,5.00,29.37,,8/19/25 3:55 PM,8/19/25 3:33 PM
200,,CREDIT,Mario,Mario,0.00,14.46,,8/19/25 4:16 PM,8/19/25 4:15 PM
198,,CREDIT,Mario,Mario,4.19,30.22,,8/19/25 4:20 PM,8/19/25 4:20 PM
199,,CREDIT,Mario,Mario,0.00,15.14,,8/19/25 4:26 PM,8/19/25 4:03 PM
201,,CASH,Mario,Mario,0.00,17.30,DRIVE THRU 1,8/19/25 4:33 PM,8/19/25 4:33 PM
202,2,CREDIT,Gabriel,Gabriel,5.00,10.81,,8/19/25 4:45 PM,8/19/25 4:23 PM
204,,CASH,Mario,Mario,0.00,14.79,DRIVE THRU 1,8/19/25 4:56 PM,8/19/25 4:56 PM
205,,CREDIT,Mario,Mario,2.00,5.40,,8/19/25 5:01 PM,8/19/25 5:01 PM
208,,CASH,Gabriel,Gabriel,0.00,35.68,Host Drawer (2),8/19/25 5:05 PM,8/19/25 5:05 PM
206,,CREDIT,Mario,Mario,4.60,33.20,,8/19/25 5:13 PM,8/19/25 5:12 PM
203,26,CREDIT,Lisa,Lisa,0.00,40.05,,8/19/25 5:18 PM,8/19/25 4:39 PM
210,,CREDIT,Mario,Mario,0.00,14.06,,8/19/25 5:23 PM,8/19/25 5:16 PM
213,,CREDIT,Mario,Mario,7.60,37.40,,8/19/25 5:31 PM,8/19/25 5:31 PM
209,12,CREDIT,Gabriel,Gabriel,7.00,19.46,,8/19/25 5:32 PM,8/19/25 5:07 PM
212,4,CASH,Gabriel,Gabriel,0.00,16.52,Host Drawer (2),8/19/25 5:43 PM,8/19/25 5:23 PM
207,2,CREDIT,Lisa,Lisa,10.00,65.71,,8/19/25 5:46 PM,8/19/25 5:04 PM
215,16,CREDIT,Gabriel,Gabriel,0.00,34.27,,8/19/25 6:10 PM,8/19/25 5:39 PM
214,,CREDIT,Mario,Mario,4.31,23.34,,8/19/25 6:17 PM,8/19/25 6:17 PM
217,5,CREDIT,Lisa,Lisa,5.60,30.28,,8/19/25 6:19 PM,8/19/25 5:52 PM
216,3,CREDIT,Lisa,Lisa,15.00,61.31,,8/19/25 6:43 PM,8/19/25 5:39 PM
219,,CREDIT,Mario,Mario,0.00,40.17,,8/19/25 6:44 PM,8/19/25 6:29 PM
221,20,CREDIT,Gabriel,Gabriel,0.00,25.39,,8/19/25 6:52 PM,8/19/25 6:32 PM
222,,CREDIT,Gabriel,Gabriel,5.00,50.60,,8/19/25 6:54 PM,8/19/25 6:54 PM
224,,CREDIT,Mario,Mario,0.00,8.65,,8/19/25 6:59 PM,8/19/25 6:59 PM
223,,CASH,Mario,Mario,0.00,8.64,DRIVE THRU 1,8/19/25 7:00 PM,8/19/25 6:57 PM
229,,CASH,Mario,Mario,0.00,4.96,DRIVE THRU 1,8/19/25 7:11 PM,8/19/25 7:10 PM
232,,CREDIT,Mario,Mario,1.80,12.98,,8/19/25 7:19 PM,8/19/25 7:19 PM
227,6,CREDIT,Gabriel,,7.59,41.08,,8/19/25 7:28 PM,8/19/25 7:07 PM
228,,CREDIT,Mario,Mario,4.04,19.90,,8/19/25 7:28 PM,8/19/25 7:10 PM
226,26,CREDIT,Lisa,,5.00,27.00,,8/19/25 7:34 PM,8/19/25 7:06 PM
225,15,CASH,Lisa,Lisa,0.00,18.38,,8/19/25 7:38 PM,8/19/25 7:01 PM
231,2,CREDIT,Gabriel,Gabriel,10.00,83.21,,8/19/25 7:48 PM,8/19/25 7:13 PM
234,18,CREDIT,Lisa,Lisa,6.00,28.65,,8/19/25 8:08 PM,8/19/25 7:36 PM
185,,CASH,Lisa,Lisa,0.00,4.14,,8/19/25 8:28 PM,8/19/25 2:30 PM
235,,CREDIT,Mario,Mario,2.65,7.98,,8/19/25 8:54 PM,8/19/25 8:53 PM
,,TIP_OUT,Mario,Mario,-33.19,0.00,House,8/19/25 9:01 PM,8/19/25 9:01 PM
,,CASH_COLLECTED,Lisa,Lisa,0.00,22.52*,House,8/19/25 9:07 PM,8/19/25 9:07 PM
,,TIP_OUT,Lisa,Lisa,-46.60,0.00,House,8/19/25 9:07 PM,8/19/25 9:07 PM
186,,CASH,Gabriel,Gabriel,0.00,36.43,,8/19/25 9:10 PM,8/19/25 2:43 PM
,,CASH_COLLECTED,Gabriel,Gabriel,0.00,36.43*,House,8/19/25 9:10 PM,8/19/25 9:10 PM
,,TIP_OUT,Gabriel,Gabriel,-34.59,0.00,House,8/19/25 9:10 PM,8/19/25 9:10 PM
,,TOTAL,,,0.00,3695.43,,,
