Location,Server,Check #,Table,Station,Expediter Level,Fired Date,Fulfilled Date,Fulfillment Time,Fulfilled By
12060 Potranco Road,Melissa  Urena,1,,Food,,8/19/25 6:32 AM,8/19/25 6:35 AM,3 minutes and 11 seconds,KDS - Login Don't Delete
12060 Potranco Road,Melissa  Urena,2,,Food,,8/19/25 6:36 AM,8/19/25 6:44 AM,7 minutes and 41 seconds,KDS - Login Don't Delete
12060 Potranco Road,Melissa  Urena,3,,Food,,8/19/25 6:39 AM,8/19/25 6:44 AM,4 minutes and 45 seconds,KDS - Login Don't Delete
12060 Potranco Road,Melissa  Urena,3,,Drive Thru,,8/19/25 6:39 AM,8/19/25 6:44 AM,4 minutes and 45 seconds,KDS - Login Don't Delete
12060 Potranco Road,Melissa  Urena,2,,Drive Thru,,8/19/25 6:36 AM,8/19/25 6:44 AM,7 minutes and 41 seconds,KDS - Login Don't Delete
12060 Potranco Road,Candy Del Angel,6,,Drive Thru,,8/19/25 7:14 AM,8/19/25 7:17 AM,2 minutes and 37 seconds,KDS - Login Don't Delete
12060 Potranco Road,Candy Del Angel,6,,Food,,8/19/25 7:14 AM,8/19/25 7:17 AM,2 minutes and 37 seconds,KDS - Login Don't Delete
12060 Potranco Road,Candy Del Angel,4,,Drive Thru,,8/19/25 7:14 AM,8/19/25 7:17 AM,3 minutes and 22 seconds,KDS - Login Don't Delete
12060 Potranco Road,Candy Del Angel,4,,Food,,8/19/25 7:14 AM,8/19/25 7:17 AM,3 minutes and 22 seconds,KDS - Login Don't Delete
12060 Potranco Road,Melissa  Urena,5,,Food,,8/19/25 7:09 AM,8/19/25 7:17 AM,8 minutes and 20 seconds,KDS - Login Don't Delete
12060 Potranco Road,Melissa  Urena,5,,Drive Thru,,8/19/25 7:09 AM,8/19/25 7:17 AM,8 minutes and 20 seconds,KDS - Login Don't Delete
12060 Potranco Road,Candy Del Angel,7,,Drive Thru,,8/19/25 7:15 AM,8/19/25 7:17 AM,2 minutes and 22 seconds,KDS - Login Don't Delete
12060 Potranco Road,Candy Del Angel,7,,Food,,8/19/25 7:15 AM,8/19/25 7:17 AM,2 minutes and 22 seconds,KDS - Login Don't Delete
12060 Potranco Road,Lizbeth Garcia,8,15,Food,,8/19/25 7:18 AM,8/19/25 7:22 AM,4 minutes and 43 seconds,KDS - Login Don't Delete
12060 Potranco Road,Lizbeth Garcia,8,15,No Print,,8/19/25 7:18 AM,8/19/25 7:22 AM,4 minutes and 43 seconds,KDS - Login Don't Delete
12060 Potranco Road,Lizbeth Garcia,8,15,Drive Thru,,8/19/25 7:18 AM,8/19/25 7:22 AM,4 minutes and 43 seconds,KDS - Login Don't Delete
12060 Potranco Road,Candy Del Angel,10,,Drive Thru,,8/19/25 7:25 AM,8/19/25 7:32 AM,7 minutes and 19 seconds,KDS - Login Don't Delete
12060 Potranco Road,Candy Del Angel,10,,Food,,8/19/25 7:25 AM,8/19/25 7:32 AM,7 minutes and 19 seconds,KDS - Login Don't Delete
12060 Potranco Road,Candy Del Angel,10,,Drinks,,8/19/25 7:25 AM,8/19/25 7:32 AM,7 minutes and 19 seconds,KDS - Login Don't Delete
12060 Potranco Road,Candy Del Angel,10,,No Print,,8/19/25 7:25 AM,8/19/25 7:32 AM,7 minutes and 19 seconds,KDS - Login Don't Delete
12060 Potranco Road,Lizbeth Garcia,8,15,Food,,8/19/25 7:26 AM,8/19/25 7:32 AM,6 minutes and 35 seconds,KDS - Login Don't Delete
12060 Potranco Road,Melissa  Urena,11,,Food,,8/19/25 7:25 AM,8/19/25 7:33 AM,8 minutes and 24 seconds,KDS - Login Don't Delete
12060 Potranco Road,Melissa  Urena,11,,Drive Thru,,8/19/25 7:25 AM,8/19/25 7:33 AM,8 minutes and 24 seconds,KDS - Login Don't Delete
12060 Potranco Road,Melissa  Urena,12,,Food,,8/19/25 7:32 AM,8/19/25 7:33 AM,1 minute and 39 seconds,KDS - Login Don't Delete
12060 Potranco Road,Melissa  Urena,12,,Drive Thru,,8/19/25 7:32 AM,8/19/25 7:33 AM,1 minute and 39 seconds,KDS - Login Don't Delete
12060 Potranco Road,Melissa  Urena,13,,Food,,8/19/25 7:45 AM,8/19/25 7:47 AM,2 minutes and 30 seconds,KDS - Login Don't Delete
12060 Potranco Road,Melissa  Urena,13,,Drive Thru,,8/19/25 7:45 AM,8/19/25 7:47 AM,2 minutes and 30 seconds,KDS - Login Don't Delete
12060 Potranco Road,Emanuel Sanchez,15,,Drive Thru,,8/19/25 7:43 AM,8/19/25 7:47 AM,4 minutes and 40 seconds,KDS - Login Don't Delete
12060 Potranco Road,Emanuel Sanchez,15,,Food,,8/19/25 7:43 AM,8/19/25 7:47 AM,4 minutes and 40 seconds,KDS - Login Don't Delete
12060 Potranco Road,Melissa  Urena,18,,Food,,8/19/25 7:51 AM,8/19/25 7:54 AM,2 minutes and 52 seconds,KDS - Login Don't Delete
12060 Potranco Road,Melissa  Urena,16,,Food,,8/19/25 7:50 AM,8/19/25 7:54 AM,3 minutes and 51 seconds,KDS - Login Don't Delete
12060 Potranco Road,Melissa  Urena,16,,Drive Thru,,8/19/25 7:50 AM,8/19/25 7:54 AM,3 minutes and 51 seconds,KDS - Login Don't Delete
12060 Potranco Road,Melissa  Urena,17,,Food,,8/19/25 7:51 AM,8/19/25 7:54 AM,3 minutes and 22 seconds,KDS - Login Don't Delete
12060 Potranco Road,Melissa  Urena,17,,Drive Thru,,8/19/25 7:51 AM,8/19/25 7:54 AM,3 minutes and 22 seconds,KDS - Login Don't Delete
12060 Potranco Road,Melissa  Urena,18,,Drive Thru,,8/19/25 7:51 AM,8/19/25 7:54 AM,2 minutes and 52 seconds,KDS - Login Don't Delete
12060 Potranco Road,Melissa  Urena,20,,Food,,8/19/25 7:54 AM,8/19/25 7:58 AM,3 minutes and 43 seconds,KDS - Login Don't Delete
12060 Potranco Road,Melissa  Urena,20,,Drive Thru,,8/19/25 7:54 AM,8/19/25 7:58 AM,3 minutes and 43 seconds,KDS - Login Don't Delete
12060 Potranco Road,Melissa  Urena,19,,Food,,8/19/25 7:54 AM,8/19/25 7:58 AM,3 minutes and 54 seconds,KDS - Login Don't Delete
12060 Potranco Road,Melissa  Urena,19,,Drive Thru,,8/19/25 7:54 AM,8/19/25 7:58 AM,3 minutes and 54 seconds,KDS - Login Don't Delete
12060 Potranco Road,Candy Del Angel,21,,Food,,8/19/25 8:00 AM,8/19/25 8:04 AM,3 minutes and 50 seconds,KDS - Login Don't Delete
12060 Potranco Road,Candy Del Angel,21,,No Print,,8/19/25 8:00 AM,8/19/25 8:04 AM,3 minutes and 50 seconds,KDS - Login Don't Delete
12060 Potranco Road,Melissa  Urena,22,,Food,,8/19/25 8:02 AM,8/19/25 8:04 AM,2 minutes and 17 seconds,KDS - Login Don't Delete
12060 Potranco Road,Melissa  Urena,22,,Drive Thru,,8/19/25 8:02 AM,8/19/25 8:04 AM,2 minutes and 17 seconds,KDS - Login Don't Delete
12060 Potranco Road,Candy Del Angel,6,,,1,8/19/25 7:17 AM,8/19/25 8:11 AM,54 minutes and 17 seconds,KDS - Login Don't Delete
12060 Potranco Road,Lizbeth Garcia,8,15,,1,8/19/25 7:22 AM,8/19/25 8:11 AM,48 minutes and 46 seconds,KDS - Login Don't Delete
12060 Potranco Road,Candy Del Angel,4,,,1,8/19/25 7:17 AM,8/19/25 8:11 AM,54 minutes and 16 seconds,KDS - Login Don't Delete
12060 Potranco Road,Candy Del Angel,10,,,1,8/19/25 7:32 AM,8/19/25 8:11 AM,39 minutes and 6 seconds,KDS - Login Don't Delete
12060 Potranco Road,Candy Del Angel,7,,,1,8/19/25 7:17 AM,8/19/25 8:11 AM,54 minutes and 21 seconds,KDS - Login Don't Delete
12060 Potranco Road,Emanuel Sanchez,15,,,1,8/19/25 7:47 AM,8/19/25 8:12 AM,24 minutes and 6 seconds,KDS - Login Don't Delete
12060 Potranco Road,Lizbeth Garcia,8,15,,1,8/19/25 7:32 AM,8/19/25 8:11 AM,39 minutes and 20 seconds,KDS - Login Don't Delete
12060 Potranco Road,Emanuel Sanchez,23,20,Food,,8/19/25 8:08 AM,8/19/25 8:14 AM,6 minutes and 11 seconds,KDS - Login Don't Delete
12060 Potranco Road,Emanuel Sanchez,23,20,No Print,,8/19/25 8:08 AM,8/19/25 8:14 AM,6 minutes and 11 seconds,KDS - Login Don't Delete
12060 Potranco Road,Sugey Cabrera,28,,Food,,8/19/25 8:15 AM,8/19/25 8:24 AM,9 minutes and 4 seconds,KDS - Login Don't Delete
12060 Potranco Road,Sugey Cabrera,28,,No Print,,8/19/25 8:15 AM,8/19/25 8:24 AM,9 minutes and 4 seconds,KDS - Login Don't Delete
12060 Potranco Road,Melissa  Urena,24,,Food,,8/19/25 8:04 AM,8/19/25 8:24 AM,19 minutes and 21 seconds,KDS - Login Don't Delete
12060 Potranco Road,Melissa  Urena,24,,Drive Thru,,8/19/25 8:04 AM,8/19/25 8:24 AM,19 minutes and 21 seconds,KDS - Login Don't Delete
12060 Potranco Road,Melissa  Urena,25,,Food,,8/19/25 8:06 AM,8/19/25 8:24 AM,18 minutes and 13 seconds,KDS - Login Don't Delete
12060 Potranco Road,Melissa  Urena,26,,Food,,8/19/25 8:15 AM,8/19/25 8:24 AM,8 minutes and 28 seconds,KDS - Login Don't Delete
12060 Potranco Road,Melissa  Urena,26,,Drive Thru,,8/19/25 8:15 AM,8/19/25 8:24 AM,8 minutes and 28 seconds,KDS - Login Don't Delete
12060 Potranco Road,Melissa  Urena,25,,Drive Thru,,8/19/25 8:06 AM,8/19/25 8:24 AM,18 minutes and 13 seconds,KDS - Login Don't Delete
12060 Potranco Road,Melissa  Urena,29,,Food,,8/19/25 8:21 AM,8/19/25 8:24 AM,2 minutes and 57 seconds,KDS - Login Don't Delete
12060 Potranco Road,Melissa  Urena,29,,Drive Thru,,8/19/25 8:21 AM,8/19/25 8:24 AM,2 minutes and 57 seconds,KDS - Login Don't Delete
12060 Potranco Road,Melissa  Urena,31,,Food,,8/19/25 8:32 AM,8/19/25 8:34 AM,2 minutes and 33 seconds,KDS - Login Don't Delete
12060 Potranco Road,Melissa  Urena,31,,Drive Thru,,8/19/25 8:32 AM,8/19/25 8:34 AM,2 minutes and 33 seconds,KDS - Login Don't Delete
12060 Potranco Road,Melissa  Urena,30,,Food,,8/19/25 8:27 AM,8/19/25 8:34 AM,6 minutes and 50 seconds,KDS - Login Don't Delete
12060 Potranco Road,Melissa  Urena,30,,Drive Thru,,8/19/25 8:27 AM,8/19/25 8:34 AM,6 minutes and 50 seconds,KDS - Login Don't Delete
12060 Potranco Road,Emanuel Sanchez,23,20,,1,8/19/25 8:14 AM,8/19/25 8:40 AM,25 minutes and 53 seconds,KDS - Login Don't Delete
12060 Potranco Road,Sugey Cabrera,28,,,1,8/19/25 8:24 AM,8/19/25 8:40 AM,16 minutes and 1 second,KDS - Login Don't Delete
12060 Potranco Road,Candy Del Angel,21,,,1,8/19/25 8:04 AM,8/19/25 8:40 AM,35 minutes and 50 seconds,KDS - Login Don't Delete
12060 Potranco Road,Sugey Cabrera,33,,,1,8/19/25 8:38 AM,8/19/25 8:43 AM,4 minutes and 44 seconds,KDS - Login Don't Delete
12060 Potranco Road,Melissa  Urena,37,,Food,,8/19/25 8:40 AM,8/19/25 8:45 AM,4 minutes and 57 seconds,KDS - Login Don't Delete
12060 Potranco Road,Melissa  Urena,37,,Drive Thru,,8/19/25 8:40 AM,8/19/25 8:45 AM,4 minutes and 57 seconds,KDS - Login Don't Delete
12060 Potranco Road,Melissa  Urena,35,,Food,,8/19/25 8:38 AM,8/19/25 8:45 AM,6 minutes and 37 seconds,KDS - Login Don't Delete
12060 Potranco Road,Melissa  Urena,35,,Drive Thru,,8/19/25 8:38 AM,8/19/25 8:45 AM,6 minutes and 37 seconds,KDS - Login Don't Delete
12060 Potranco Road,Melissa  Urena,38,,Food,,8/19/25 8:43 AM,8/19/25 8:45 AM,1 minute and 39 seconds,KDS - Login Don't Delete
12060 Potranco Road,Melissa  Urena,38,,Drive Thru,,8/19/25 8:43 AM,8/19/25 8:45 AM,1 minute and 39 seconds,KDS - Login Don't Delete
12060 Potranco Road,Sugey Cabrera,36,34,Food,,8/19/25 8:40 AM,8/19/25 8:49 AM,9 minutes and 51 seconds,KDS - Login Don't Delete
12060 Potranco Road,Sugey Cabrera,36,34,No Print,,8/19/25 8:40 AM,8/19/25 8:49 AM,9 minutes and 51 seconds,KDS - Login Don't Delete
12060 Potranco Road,Sugey Cabrera,36,34,,1,8/19/25 8:49 AM,8/19/25 8:57 AM,7 minutes and 34 seconds,KDS - Login Don't Delete
12060 Potranco Road,Lizbeth Garcia,45,16,Food,,8/19/25 8:48 AM,8/19/25 8:59 AM,10 minutes and 20 seconds,KDS - Login Don't Delete
12060 Potranco Road,Lizbeth Garcia,47,4,Food,,8/19/25 8:51 AM,8/19/25 8:59 AM,7 minutes and 37 seconds,KDS - Login Don't Delete
12060 Potranco Road,Lizbeth Garcia,47,4,No Print,,8/19/25 8:51 AM,8/19/25 8:59 AM,7 minutes and 37 seconds,KDS - Login Don't Delete
12060 Potranco Road,Emanuel Sanchez,43,23,Food,,8/19/25 8:52 AM,8/19/25 8:59 AM,6 minutes and 30 seconds,KDS - Login Don't Delete
12060 Potranco Road,Emanuel Sanchez,43,23,No Print,,8/19/25 8:52 AM,8/19/25 8:59 AM,6 minutes and 30 seconds,KDS - Login Don't Delete
12060 Potranco Road,Melissa  Urena,42,,Food,,8/19/25 8:49 AM,8/19/25 8:59 AM,9 minutes and 56 seconds,KDS - Login Don't Delete
12060 Potranco Road,Melissa  Urena,42,,Drive Thru,,8/19/25 8:49 AM,8/19/25 8:59 AM,9 minutes and 56 seconds,KDS - Login Don't Delete
12060 Potranco Road,Sugey Cabrera,44,,Drive Thru,,8/19/25 8:48 AM,8/19/25 8:59 AM,11 minutes and 4 seconds,KDS - Login Don't Delete
12060 Potranco Road,Sugey Cabrera,44,,Food,,8/19/25 8:48 AM,8/19/25 8:59 AM,11 minutes and 4 seconds,KDS - Login Don't Delete
12060 Potranco Road,Melissa  Urena,41,,Food,,8/19/25 8:45 AM,8/19/25 8:59 AM,13 minutes and 59 seconds,KDS - Login Don't Delete
12060 Potranco Road,Melissa  Urena,41,,Drive Thru,,8/19/25 8:45 AM,8/19/25 8:59 AM,13 minutes and 59 seconds,KDS - Login Don't Delete
12060 Potranco Road,Melissa  Urena,50,,Drive Thru,,8/19/25 8:55 AM,8/19/25 8:59 AM,3 minutes and 53 seconds,KDS - Login Don't Delete
12060 Potranco Road,Melissa  Urena,50,,Food,,8/19/25 8:55 AM,8/19/25 8:59 AM,3 minutes and 53 seconds,KDS - Login Don't Delete
12060 Potranco Road,Melissa  Urena,46,,No Print,,8/19/25 8:49 AM,8/19/25 8:59 AM,9 minutes and 36 seconds,KDS - Login Don't Delete
12060 Potranco Road,Melissa  Urena,46,,Drinks,,8/19/25 8:49 AM,8/19/25 8:59 AM,9 minutes and 36 seconds,KDS - Login Don't Delete
12060 Potranco Road,Melissa  Urena,46,,Food,,8/19/25 8:49 AM,8/19/25 8:59 AM,9 minutes and 36 seconds,KDS - Login Don't Delete
12060 Potranco Road,Melissa  Urena,46,,Drive Thru,,8/19/25 8:49 AM,8/19/25 8:59 AM,9 minutes and 36 seconds,KDS - Login Don't Delete
12060 Potranco Road,Melissa  Urena,48,,Food,,8/19/25 8:50 AM,8/19/25 8:59 AM,9 minutes and 13 seconds,KDS - Login Don't Delete
12060 Potranco Road,Melissa  Urena,48,,Drive Thru,,8/19/25 8:50 AM,8/19/25 8:59 AM,9 minutes and 13 seconds,KDS - Login Don't Delete
12060 Potranco Road,Melissa  Urena,51,,Food,,8/19/25 8:57 AM,8/19/25 8:59 AM,2 minutes and 9 seconds,KDS - Login Don't Delete
12060 Potranco Road,Melissa  Urena,51,,Drive Thru,,8/19/25 8:57 AM,8/19/25 8:59 AM,2 minutes and 9 seconds,KDS - Login Don't Delete
12060 Potranco Road,Melissa  Urena,55,,Food,,8/19/25 9:07 AM,8/19/25 9:15 AM,7 minutes and 32 seconds,KDS - Login Don't Delete
12060 Potranco Road,Melissa  Urena,55,,Drive Thru,,8/19/25 9:07 AM,8/19/25 9:15 AM,7 minutes and 32 seconds,KDS - Login Don't Delete
12060 Potranco Road,Melissa  Urena,54,,Food,,8/19/25 9:03 AM,8/19/25 9:15 AM,12 minutes and 6 seconds,KDS - Login Don't Delete
12060 Potranco Road,Lizbeth Garcia,45,16,Food,,8/19/25 9:13 AM,8/19/25 9:16 AM,3 minutes and 32 seconds,KDS - Login Don't Delete
12060 Potranco Road,Lizbeth Garcia,45,16,No Print,,8/19/25 9:13 AM,8/19/25 9:16 AM,3 minutes and 32 seconds,KDS - Login Don't Delete
12060 Potranco Road,Melissa  Urena,50,,,1,8/19/25 8:59 AM,8/19/25 9:19 AM,20 minutes and 9 seconds,KDS - Login Don't Delete
12060 Potranco Road,Sugey Cabrera,44,,,1,8/19/25 8:59 AM,8/19/25 9:19 AM,20 minutes and 11 seconds,KDS - Login Don't Delete
12060 Potranco Road,Lizbeth Garcia,45,16,,1,8/19/25 9:16 AM,8/19/25 9:19 AM,2 minutes and 37 seconds,KDS - Login Don't Delete
12060 Potranco Road,Lizbeth Garcia,47,4,,1,8/19/25 8:59 AM,8/19/25 9:19 AM,20 minutes and 15 seconds,KDS - Login Don't Delete
12060 Potranco Road,Lizbeth Garcia,45,16,,1,8/19/25 8:59 AM,8/19/25 9:19 AM,20 minutes and 17 seconds,KDS - Login Don't Delete
12060 Potranco Road,Emanuel Sanchez,43,23,,1,8/19/25 8:59 AM,8/19/25 9:19 AM,20 minutes and 16 seconds,KDS - Login Don't Delete
12060 Potranco Road,Melissa  Urena,58,,Food,,8/19/25 9:17 AM,8/19/25 9:22 AM,4 minutes and 47 seconds,KDS - Login Don't Delete
12060 Potranco Road,Melissa  Urena,58,,Drive Thru,,8/19/25 9:17 AM,8/19/25 9:22 AM,4 minutes and 47 seconds,KDS - Login Don't Delete
12060 Potranco Road,Emanuel Sanchez,43,23,Food,,8/19/25 9:16 AM,8/19/25 9:24 AM,7 minutes and 34 seconds,KDS - Login Don't Delete
12060 Potranco Road,Emanuel Sanchez,43,23,No Print,,8/19/25 9:16 AM,8/19/25 9:24 AM,7 minutes and 34 seconds,KDS - Login Don't Delete
12060 Potranco Road,Lizbeth Garcia,59,20,Food,,8/19/25 9:21 AM,8/19/25 9:24 AM,3 minutes and 17 seconds,KDS - Login Don't Delete
12060 Potranco Road,Lizbeth Garcia,59,20,No Print,,8/19/25 9:21 AM,8/19/25 9:24 AM,3 minutes and 17 seconds,KDS - Login Don't Delete
12060 Potranco Road,Melissa  Urena,62,,Food,,8/19/25 9:27 AM,8/19/25 9:28 AM,1 minute and 52 seconds,KDS - Login Don't Delete
12060 Potranco Road,Melissa  Urena,62,,Drive Thru,,8/19/25 9:27 AM,8/19/25 9:28 AM,1 minute and 52 seconds,KDS - Login Don't Delete
12060 Potranco Road,Melissa  Urena,60,,Food,,8/19/25 9:22 AM,8/19/25 9:28 AM,6 minutes and 7 seconds,KDS - Login Don't Delete
12060 Potranco Road,Melissa  Urena,60,,Drive Thru,,8/19/25 9:22 AM,8/19/25 9:28 AM,6 minutes and 7 seconds,KDS - Login Don't Delete
12060 Potranco Road,Lizbeth Garcia,66,1,Food,,8/19/25 9:30 AM,8/19/25 9:35 AM,4 minutes and 55 seconds,KDS - Login Don't Delete
12060 Potranco Road,Lizbeth Garcia,66,1,No Print,,8/19/25 9:30 AM,8/19/25 9:35 AM,4 minutes and 55 seconds,KDS - Login Don't Delete
12060 Potranco Road,Emanuel Sanchez,61,26,Food,,8/19/25 9:27 AM,8/19/25 9:35 AM,7 minutes and 9 seconds,KDS - Login Don't Delete
12060 Potranco Road,Emanuel Sanchez,61,26,No Print,,8/19/25 9:27 AM,8/19/25 9:35 AM,7 minutes and 9 seconds,KDS - Login Don't Delete
12060 Potranco Road,Melissa  Urena,63,,Food,,8/19/25 9:28 AM,8/19/25 9:36 AM,7 minutes and 29 seconds,KDS - Login Don't Delete
12060 Potranco Road,Melissa  Urena,63,,Drive Thru,,8/19/25 9:28 AM,8/19/25 9:36 AM,7 minutes and 29 seconds,KDS - Login Don't Delete
12060 Potranco Road,Melissa  Urena,69,,Food,,8/19/25 9:33 AM,8/19/25 9:36 AM,3 minutes and 27 seconds,KDS - Login Don't Delete
12060 Potranco Road,Melissa  Urena,69,,Drive Thru,,8/19/25 9:33 AM,8/19/25 9:36 AM,3 minutes and 27 seconds,KDS - Login Don't Delete
12060 Potranco Road,Melissa  Urena,65,,Food,,8/19/25 9:29 AM,8/19/25 9:36 AM,6 minutes and 37 seconds,KDS - Login Don't Delete
12060 Potranco Road,Melissa  Urena,65,,Drive Thru,,8/19/25 9:29 AM,8/19/25 9:36 AM,6 minutes and 37 seconds,KDS - Login Don't Delete
12060 Potranco Road,Melissa  Urena,70,,Food,,8/19/25 9:33 AM,8/19/25 9:37 AM,4 minutes and 2 seconds,KDS - Login Don't Delete
12060 Potranco Road,Melissa  Urena,70,,Drive Thru,,8/19/25 9:33 AM,8/19/25 9:37 AM,4 minutes and 2 seconds,KDS - Login Don't Delete
12060 Potranco Road,Sugey Cabrera,67,14,Food,,8/19/25 9:32 AM,8/19/25 9:38 AM,6 minutes,KDS - Login Don't Delete
12060 Potranco Road,Sugey Cabrera,67,14,No Print,,8/19/25 9:32 AM,8/19/25 9:38 AM,6 minutes,KDS - Login Don't Delete
12060 Potranco Road,Sugey Cabrera,67,14,Drive Thru,,8/19/25 9:32 AM,8/19/25 9:38 AM,6 minutes,KDS - Login Don't Delete
12060 Potranco Road,Sugey Cabrera,67,14,,1,8/19/25 9:38 AM,8/19/25 9:40 AM,1 minute and 28 seconds,KDS - Login Don't Delete
12060 Potranco Road,Sugey Cabrera,68,34,,1,8/19/25 9:33 AM,8/19/25 9:40 AM,6 minutes and 36 seconds,KDS - Login Don't Delete
12060 Potranco Road,Lizbeth Garcia,66,1,,1,8/19/25 9:35 AM,8/19/25 9:45 AM,10 minutes and 35 seconds,KDS - Login Don't Delete
12060 Potranco Road,Lizbeth Garcia,59,20,,1,8/19/25 9:24 AM,8/19/25 9:45 AM,21 minutes and 9 seconds,KDS - Login Don't Delete
12060 Potranco Road,Emanuel Sanchez,61,26,,1,8/19/25 9:35 AM,8/19/25 9:45 AM,10 minutes and 38 seconds,KDS - Login Don't Delete
12060 Potranco Road,Emanuel Sanchez,43,23,,1,8/19/25 9:24 AM,8/19/25 9:45 AM,21 minutes and 9 seconds,KDS - Login Don't Delete
12060 Potranco Road,Melissa  Urena,75,,Food,,8/19/25 9:42 AM,8/19/25 9:51 AM,9 minutes and 21 seconds,KDS - Login Don't Delete
12060 Potranco Road,Melissa  Urena,75,,Drive Thru,,8/19/25 9:42 AM,8/19/25 9:51 AM,9 minutes and 21 seconds,KDS - Login Don't Delete
12060 Potranco Road,Emanuel Sanchez,77,2,Food,,8/19/25 9:44 AM,8/19/25 9:51 AM,6 minutes and 56 seconds,KDS - Login Don't Delete
12060 Potranco Road,Melissa  Urena,71,,Food,,8/19/25 9:40 AM,8/19/25 9:51 AM,10 minutes and 50 seconds,KDS - Login Don't Delete
12060 Potranco Road,Melissa  Urena,71,,Drive Thru,,8/19/25 9:40 AM,8/19/25 9:51 AM,10 minutes and 50 seconds,KDS - Login Don't Delete
12060 Potranco Road,Melissa  Urena,72,,Food,,8/19/25 9:41 AM,8/19/25 9:51 AM,10 minutes and 5 seconds,KDS - Login Don't Delete
12060 Potranco Road,Melissa  Urena,72,,Drive Thru,,8/19/25 9:41 AM,8/19/25 9:51 AM,10 minutes and 5 seconds,KDS - Login Don't Delete
12060 Potranco Road,Melissa  Urena,78,,Food,,8/19/25 9:44 AM,8/19/25 9:51 AM,7 minutes and 6 seconds,KDS - Login Don't Delete
12060 Potranco Road,Melissa  Urena,78,,Drive Thru,,8/19/25 9:44 AM,8/19/25 9:51 AM,7 minutes and 6 seconds,KDS - Login Don't Delete
12060 Potranco Road,Candy Del Angel,73,,Drive Thru,,8/19/25 9:41 AM,8/19/25 9:51 AM,10 minutes and 4 seconds,KDS - Login Don't Delete
12060 Potranco Road,Candy Del Angel,73,,Food,,8/19/25 9:41 AM,8/19/25 9:51 AM,10 minutes and 4 seconds,KDS - Login Don't Delete
12060 Potranco Road,Emanuel Sanchez,77,2,No Print,,8/19/25 9:44 AM,8/19/25 9:51 AM,6 minutes and 56 seconds,KDS - Login Don't Delete
12060 Potranco Road,Emanuel Sanchez,77,2,Drive Thru,,8/19/25 9:44 AM,8/19/25 9:51 AM,6 minutes and 56 seconds,KDS - Login Don't Delete
12060 Potranco Road,Sugey Cabrera,79,31,Food,,8/19/25 9:53 AM,8/19/25 9:56 AM,3 minutes and 8 seconds,KDS - Login Don't Delete
12060 Potranco Road,Emanuel Sanchez,77,2,Drive Thru,,8/19/25 9:52 AM,8/19/25 9:56 AM,3 minutes and 45 seconds,KDS - Login Don't Delete
12060 Potranco Road,Emanuel Sanchez,77,2,Food,,8/19/25 9:52 AM,8/19/25 9:56 AM,3 minutes and 45 seconds,KDS - Login Don't Delete
12060 Potranco Road,Sugey Cabrera,79,31,No Print,,8/19/25 9:53 AM,8/19/25 9:56 AM,3 minutes and 8 seconds,KDS - Login Don't Delete
12060 Potranco Road,Sugey Cabrera,79,31,,1,8/19/25 9:56 AM,8/19/25 10:00 AM,3 minutes and 58 seconds,KDS - Login Don't Delete
12060 Potranco Road,Candy Del Angel,73,,,1,8/19/25 9:51 AM,8/19/25 10:03 AM,11 minutes and 36 seconds,KDS - Login Don't Delete
12060 Potranco Road,Emanuel Sanchez,77,2,,1,8/19/25 9:51 AM,8/19/25 10:03 AM,11 minutes and 36 seconds,KDS - Login Don't Delete
12060 Potranco Road,Emanuel Sanchez,77,2,,1,8/19/25 9:56 AM,8/19/25 10:03 AM,7 minutes and 15 seconds,KDS - Login Don't Delete
12060 Potranco Road,Lizbeth Garcia,81,28,Food,,8/19/25 9:59 AM,8/19/25 10:09 AM,10 minutes and 4 seconds,KDS - Login Don't Delete
12060 Potranco Road,Lizbeth Garcia,81,28,No Print,,8/19/25 9:59 AM,8/19/25 10:09 AM,10 minutes and 4 seconds,KDS - Login Don't Delete
12060 Potranco Road,Emanuel Sanchez,82,29,Food,,8/19/25 10:01 AM,8/19/25 10:09 AM,8 minutes and 2 seconds,KDS - Login Don't Delete
12060 Potranco Road,Emanuel Sanchez,82,29,No Print,,8/19/25 10:01 AM,8/19/25 10:09 AM,8 minutes and 2 seconds,KDS - Login Don't Delete
12060 Potranco Road,Emanuel Sanchez,82,29,Drive Thru,,8/19/25 10:01 AM,8/19/25 10:09 AM,8 minutes and 2 seconds,KDS - Login Don't Delete
12060 Potranco Road,Melissa  Urena,85,,Food,,8/19/25 10:04 AM,8/19/25 10:09 AM,5 minutes and 15 seconds,KDS - Login Don't Delete
12060 Potranco Road,Melissa  Urena,83,,Food,,8/19/25 10:01 AM,8/19/25 10:09 AM,8 minutes and 15 seconds,KDS - Login Don't Delete
12060 Potranco Road,Melissa  Urena,83,,Drive Thru,,8/19/25 10:01 AM,8/19/25 10:09 AM,8 minutes and 15 seconds,KDS - Login Don't Delete
12060 Potranco Road,Melissa  Urena,84,,Food,,8/19/25 10:03 AM,8/19/25 10:09 AM,5 minutes and 59 seconds,KDS - Login Don't Delete
12060 Potranco Road,Melissa  Urena,84,,Drive Thru,,8/19/25 10:03 AM,8/19/25 10:09 AM,5 minutes and 59 seconds,KDS - Login Don't Delete
12060 Potranco Road,Melissa  Urena,80,,Food,,8/19/25 9:58 AM,8/19/25 10:09 AM,11 minutes and 15 seconds,KDS - Login Don't Delete
12060 Potranco Road,Melissa  Urena,80,,Drive Thru,,8/19/25 9:58 AM,8/19/25 10:09 AM,11 minutes and 15 seconds,KDS - Login Don't Delete
12060 Potranco Road,Melissa  Urena,86,,Food,,8/19/25 10:05 AM,8/19/25 10:09 AM,4 minutes and 20 seconds,KDS - Login Don't Delete
12060 Potranco Road,Melissa  Urena,86,,Drive Thru,,8/19/25 10:05 AM,8/19/25 10:09 AM,4 minutes and 20 seconds,KDS - Login Don't Delete
12060 Potranco Road,Emanuel Sanchez,82,29,,1,8/19/25 10:09 AM,8/19/25 10:10 AM,1 minute and 16 seconds,KDS - Login Don't Delete
12060 Potranco Road,Lizbeth Garcia,81,28,,1,8/19/25 10:09 AM,8/19/25 10:10 AM,1 minute and 18 seconds,KDS - Login Don't Delete
12060 Potranco Road,Melissa  Urena,87,,Food,,8/19/25 10:08 AM,8/19/25 10:13 AM,4 minutes and 27 seconds,KDS - Login Don't Delete
12060 Potranco Road,Melissa  Urena,87,,Drive Thru,,8/19/25 10:08 AM,8/19/25 10:13 AM,4 minutes and 27 seconds,KDS - Login Don't Delete
12060 Potranco Road,Melissa  Urena,87,,Food,,8/19/25 10:13 AM,8/19/25 10:17 AM,3 minutes and 39 seconds,KDS - Login Don't Delete
12060 Potranco Road,Melissa  Urena,89,,Food,,8/19/25 10:14 AM,8/19/25 10:17 AM,2 minutes and 8 seconds,KDS - Login Don't Delete
12060 Potranco Road,Melissa  Urena,89,,Drive Thru,,8/19/25 10:14 AM,8/19/25 10:17 AM,2 minutes and 8 seconds,KDS - Login Don't Delete
12060 Potranco Road,Melissa  Urena,88,,Food,,8/19/25 10:13 AM,8/19/25 10:17 AM,3 minutes and 4 seconds,KDS - Login Don't Delete
12060 Potranco Road,Lizbeth Garcia,81,28,Food,,8/19/25 10:19 AM,8/19/25 10:19 AM,32 seconds,KDS - Login Don't Delete
12060 Potranco Road,Sugey Cabrera,90,1,Food,,8/19/25 10:15 AM,8/19/25 10:19 AM,3 minutes and 48 seconds,KDS - Login Don't Delete
12060 Potranco Road,Sugey Cabrera,90,1,No Print,,8/19/25 10:15 AM,8/19/25 10:19 AM,3 minutes and 48 seconds,KDS - Login Don't Delete
12060 Potranco Road,Sugey Cabrera,79,31,Food,,8/19/25 10:20 AM,8/19/25 10:30 AM,10 minutes and 13 seconds,KDS - Login Don't Delete
12060 Potranco Road,Lizbeth Garcia,92,16,Food,,8/19/25 10:22 AM,8/19/25 10:30 AM,8 minutes and 11 seconds,KDS - Login Don't Delete
12060 Potranco Road,Lizbeth Garcia,92,16,No Print,,8/19/25 10:22 AM,8/19/25 10:30 AM,8 minutes and 11 seconds,KDS - Login Don't Delete
12060 Potranco Road,Melissa  Urena,84,,Food,,8/19/25 10:23 AM,8/19/25 10:30 AM,6 minutes and 57 seconds,KDS - Login Don't Delete
12060 Potranco Road,Melissa  Urena,84,,Drive Thru,,8/19/25 10:23 AM,8/19/25 10:30 AM,6 minutes and 57 seconds,KDS - Login Don't Delete
12060 Potranco Road,Melissa  Urena,91,,Food,,8/19/25 10:20 AM,8/19/25 10:30 AM,10 minutes,KDS - Login Don't Delete
12060 Potranco Road,Melissa  Urena,91,,Drive Thru,,8/19/25 10:20 AM,8/19/25 10:30 AM,10 minutes,KDS - Login Don't Delete
12060 Potranco Road,Melissa  Urena,84,,Food,,8/19/25 10:23 AM,8/19/25 10:30 AM,7 minutes and 22 seconds,KDS - Login Don't Delete
12060 Potranco Road,Melissa  Urena,84,,Drive Thru,,8/19/25 10:23 AM,8/19/25 10:30 AM,7 minutes and 22 seconds,KDS - Login Don't Delete
12060 Potranco Road,Melissa  Urena,93,,Food,,8/19/25 10:21 AM,8/19/25 10:30 AM,9 minutes and 4 seconds,KDS - Login Don't Delete
12060 Potranco Road,Melissa  Urena,93,,Drive Thru,,8/19/25 10:21 AM,8/19/25 10:30 AM,9 minutes and 4 seconds,KDS - Login Don't Delete
12060 Potranco Road,Lizbeth Garcia,81,28,,1,8/19/25 10:19 AM,8/19/25 10:32 AM,13 minutes and 7 seconds,KDS - Login Don't Delete
12060 Potranco Road,Sugey Cabrera,90,1,,1,8/19/25 10:19 AM,8/19/25 10:32 AM,13 minutes and 8 seconds,KDS - Login Don't Delete
12060 Potranco Road,Sugey Cabrera,79,31,,1,8/19/25 10:30 AM,8/19/25 10:32 AM,2 minutes and 26 seconds,KDS - Login Don't Delete
12060 Potranco Road,Lizbeth Garcia,81,28,Food,,8/19/25 10:34 AM,8/19/25 10:38 AM,3 minutes and 39 seconds,KDS - Login Don't Delete
12060 Potranco Road,Lizbeth Garcia,81,28,No Print,,8/19/25 10:34 AM,8/19/25 10:38 AM,3 minutes and 39 seconds,KDS - Login Don't Delete
12060 Potranco Road,Melissa  Urena,97,,Food,,8/19/25 10:33 AM,8/19/25 10:38 AM,4 minutes and 26 seconds,KDS - Login Don't Delete
12060 Potranco Road,Melissa  Urena,97,,Drive Thru,,8/19/25 10:33 AM,8/19/25 10:38 AM,4 minutes and 26 seconds,KDS - Login Don't Delete
12060 Potranco Road,Melissa  Urena,95,,Food,,8/19/25 10:34 AM,8/19/25 10:38 AM,4 minutes and 10 seconds,KDS - Login Don't Delete
12060 Potranco Road,Melissa  Urena,95,,Drive Thru,,8/19/25 10:34 AM,8/19/25 10:38 AM,4 minutes and 10 seconds,KDS - Login Don't Delete
12060 Potranco Road,Melissa  Urena,95,,Food,,8/19/25 10:26 AM,8/19/25 10:38 AM,11 minutes and 51 seconds,KDS - Login Don't Delete
12060 Potranco Road,Melissa  Urena,96,,Food,,8/19/25 10:31 AM,8/19/25 10:38 AM,6 minutes and 37 seconds,KDS - Login Don't Delete
12060 Potranco Road,Melissa  Urena,96,,Drive Thru,,8/19/25 10:31 AM,8/19/25 10:38 AM,6 minutes and 37 seconds,KDS - Login Don't Delete
12060 Potranco Road,Emanuel Sanchez,98,,Drive Thru,,8/19/25 10:36 AM,8/19/25 10:39 AM,3 minutes and 4 seconds,KDS - Login Don't Delete
12060 Potranco Road,Emanuel Sanchez,98,,Food,,8/19/25 10:36 AM,8/19/25 10:39 AM,3 minutes and 4 seconds,KDS - Login Don't Delete
12060 Potranco Road,Lizbeth Garcia,92,16,,1,8/19/25 10:30 AM,8/19/25 10:39 AM,9 minutes and 27 seconds,KDS - Login Don't Delete
12060 Potranco Road,Lizbeth Garcia,81,28,,1,8/19/25 10:38 AM,8/19/25 10:39 AM,1 minute and 25 seconds,KDS - Login Don't Delete
12060 Potranco Road,Sugey Cabrera,99,20,,1,8/19/25 10:43 AM,8/19/25 10:46 AM,3 minutes and 51 seconds,KDS - Login Don't Delete
12060 Potranco Road,Sugey Cabrera,102,,Drive Thru,,8/19/25 10:46 AM,8/19/25 10:49 AM,3 minutes and 9 seconds,KDS - Login Don't Delete
12060 Potranco Road,Sugey Cabrera,102,,Food,,8/19/25 10:46 AM,8/19/25 10:49 AM,3 minutes and 9 seconds,KDS - Login Don't Delete
12060 Potranco Road,Sugey Cabrera,102,,,1,8/19/25 10:49 AM,8/19/25 10:49 AM,16 seconds,KDS - Login Don't Delete
12060 Potranco Road,Emanuel Sanchez,103,2,Food,,8/19/25 10:48 AM,8/19/25 10:55 AM,7 minutes and 29 seconds,KDS - Login Don't Delete
12060 Potranco Road,Emanuel Sanchez,103,2,No Print,,8/19/25 10:48 AM,8/19/25 10:55 AM,7 minutes and 29 seconds,KDS - Login Don't Delete
12060 Potranco Road,Melissa  Urena,104,,Food,,8/19/25 10:46 AM,8/19/25 10:58 AM,11 minutes and 48 seconds,KDS - Login Don't Delete
12060 Potranco Road,Melissa  Urena,105,,Food,,8/19/25 10:50 AM,8/19/25 10:58 AM,7 minutes and 57 seconds,KDS - Login Don't Delete
12060 Potranco Road,Melissa  Urena,105,,Drive Thru,,8/19/25 10:50 AM,8/19/25 10:58 AM,7 minutes and 57 seconds,KDS - Login Don't Delete
12060 Potranco Road,Melissa  Urena,106,,Food,,8/19/25 10:49 AM,8/19/25 10:58 AM,8 minutes and 55 seconds,KDS - Login Don't Delete
12060 Potranco Road,Melissa  Urena,106,,Drive Thru,,8/19/25 10:49 AM,8/19/25 10:58 AM,8 minutes and 55 seconds,KDS - Login Don't Delete
12060 Potranco Road,Melissa  Urena,100,,Food,,8/19/25 10:43 AM,8/19/25 10:58 AM,15 minutes and 22 seconds,KDS - Login Don't Delete
12060 Potranco Road,Melissa  Urena,100,,Drive Thru,,8/19/25 10:43 AM,8/19/25 10:58 AM,15 minutes and 22 seconds,KDS - Login Don't Delete
12060 Potranco Road,Melissa  Urena,106,,Food,,8/19/25 10:49 AM,8/19/25 10:58 AM,9 minutes and 7 seconds,KDS - Login Don't Delete
12060 Potranco Road,Melissa  Urena,106,,Drive Thru,,8/19/25 10:49 AM,8/19/25 10:58 AM,9 minutes and 7 seconds,KDS - Login Don't Delete
12060 Potranco Road,Melissa  Urena,109,,Food,,8/19/25 10:52 AM,8/19/25 10:58 AM,5 minutes and 56 seconds,KDS - Login Don't Delete
12060 Potranco Road,Melissa  Urena,109,,Drive Thru,,8/19/25 10:52 AM,8/19/25 10:58 AM,5 minutes and 56 seconds,KDS - Login Don't Delete
12060 Potranco Road,Melissa  Urena,105,,Food,,8/19/25 10:48 AM,8/19/25 10:58 AM,10 minutes and 2 seconds,KDS - Login Don't Delete
12060 Potranco Road,Melissa  Urena,105,,Drive Thru,,8/19/25 10:48 AM,8/19/25 10:58 AM,10 minutes and 2 seconds,KDS - Login Don't Delete
12060 Potranco Road,Melissa  Urena,109,,Food,,8/19/25 10:55 AM,8/19/25 10:58 AM,3 minutes and 22 seconds,KDS - Login Don't Delete
12060 Potranco Road,Melissa  Urena,109,,Drive Thru,,8/19/25 10:55 AM,8/19/25 10:58 AM,3 minutes and 22 seconds,KDS - Login Don't Delete
12060 Potranco Road,Melissa  Urena,112,,Food,,8/19/25 10:59 AM,8/19/25 11:06 AM,6 minutes and 45 seconds,KDS - Login Don't Delete
12060 Potranco Road,Melissa  Urena,112,,Drive Thru,,8/19/25 10:59 AM,8/19/25 11:06 AM,6 minutes and 45 seconds,KDS - Login Don't Delete
12060 Potranco Road,Melissa  Urena,111,,Food,,8/19/25 10:57 AM,8/19/25 11:06 AM,9 minutes and 12 seconds,KDS - Login Don't Delete
12060 Potranco Road,Melissa  Urena,113,,Food,,8/19/25 11:03 AM,8/19/25 11:06 AM,2 minutes and 36 seconds,KDS - Login Don't Delete
12060 Potranco Road,Melissa  Urena,113,,Drive Thru,,8/19/25 11:03 AM,8/19/25 11:06 AM,2 minutes and 36 seconds,KDS - Login Don't Delete
12060 Potranco Road,Emanuel Sanchez,103,2,,1,8/19/25 10:55 AM,8/19/25 11:13 AM,17 minutes and 59 seconds,KDS - Login Don't Delete
12060 Potranco Road,Candy Del Angel,107,,,1,8/19/25 10:51 AM,8/19/25 11:13 AM,22 minutes and 38 seconds,KDS - Login Don't Delete
12060 Potranco Road,Emanuel Sanchez,98,,,1,8/19/25 10:39 AM,8/19/25 11:13 AM,34 minutes and 40 seconds,KDS - Login Don't Delete
12060 Potranco Road,Melissa  Urena,116,,Food,,8/19/25 11:13 AM,8/19/25 11:20 AM,7 minutes and 12 seconds,KDS - Login Don't Delete
12060 Potranco Road,Melissa  Urena,116,,Drive Thru,,8/19/25 11:13 AM,8/19/25 11:20 AM,7 minutes and 12 seconds,KDS - Login Don't Delete
12060 Potranco Road,Melissa  Urena,115,,Food,,8/19/25 11:10 AM,8/19/25 11:20 AM,9 minutes and 51 seconds,KDS - Login Don't Delete
12060 Potranco Road,Melissa  Urena,115,,Drive Thru,,8/19/25 11:10 AM,8/19/25 11:20 AM,9 minutes and 51 seconds,KDS - Login Don't Delete
12060 Potranco Road,Melissa  Urena,116,,Food,,8/19/25 11:18 AM,8/19/25 11:20 AM,1 minute and 44 seconds,KDS - Login Don't Delete
12060 Potranco Road,Melissa  Urena,116,,Drive Thru,,8/19/25 11:18 AM,8/19/25 11:20 AM,1 minute and 44 seconds,KDS - Login Don't Delete
12060 Potranco Road,Melissa  Urena,117,,Food,,8/19/25 11:13 AM,8/19/25 11:20 AM,6 minutes and 40 seconds,KDS - Login Don't Delete
12060 Potranco Road,Melissa  Urena,117,,Drive Thru,,8/19/25 11:13 AM,8/19/25 11:20 AM,6 minutes and 40 seconds,KDS - Login Don't Delete
12060 Potranco Road,Melissa  Urena,118,,Food,,8/19/25 11:17 AM,8/19/25 11:20 AM,2 minutes and 53 seconds,KDS - Login Don't Delete
12060 Potranco Road,Melissa  Urena,118,,Drive Thru,,8/19/25 11:17 AM,8/19/25 11:20 AM,2 minutes and 53 seconds,KDS - Login Don't Delete
12060 Potranco Road,Lizbeth Garcia,121,14,Food,,8/19/25 11:25 AM,8/19/25 11:33 AM,7 minutes and 36 seconds,KDS - Login Don't Delete
12060 Potranco Road,Sugey Cabrera,125,16,Food,,8/19/25 11:28 AM,8/19/25 11:33 AM,4 minutes and 24 seconds,KDS - Login Don't Delete
12060 Potranco Road,Sugey Cabrera,125,16,No Print,,8/19/25 11:28 AM,8/19/25 11:33 AM,4 minutes and 24 seconds,KDS - Login Don't Delete
12060 Potranco Road,Emanuel Sanchez,120,22,Food,,8/19/25 11:24 AM,8/19/25 11:33 AM,8 minutes and 50 seconds,KDS - Login Don't Delete
12060 Potranco Road,Emanuel Sanchez,120,22,No Print,,8/19/25 11:24 AM,8/19/25 11:33 AM,8 minutes and 50 seconds,KDS - Login Don't Delete
12060 Potranco Road,Lizbeth Garcia,121,14,No Print,,8/19/25 11:25 AM,8/19/25 11:33 AM,7 minutes and 36 seconds,KDS - Login Don't Delete
12060 Potranco Road,Lizbeth Garcia,126,21,Food,,8/19/25 11:31 AM,8/19/25 11:37 AM,5 minutes and 50 seconds,KDS - Login Don't Delete
12060 Potranco Road,Lizbeth Garcia,126,21,No Print,,8/19/25 11:31 AM,8/19/25 11:37 AM,5 minutes and 50 seconds,KDS - Login Don't Delete
12060 Potranco Road,Melissa  Urena,124,,Food,,8/19/25 11:31 AM,8/19/25 11:39 AM,8 minutes and 27 seconds,KDS - Login Don't Delete
12060 Potranco Road,Melissa  Urena,124,,Drive Thru,,8/19/25 11:31 AM,8/19/25 11:39 AM,8 minutes and 27 seconds,KDS - Login Don't Delete
12060 Potranco Road,Melissa  Urena,122,,Food,,8/19/25 11:24 AM,8/19/25 11:39 AM,14 minutes and 54 seconds,KDS - Login Don't Delete
12060 Potranco Road,Melissa  Urena,122,,Drive Thru,,8/19/25 11:24 AM,8/19/25 11:39 AM,14 minutes and 54 seconds,KDS - Login Don't Delete
12060 Potranco Road,Melissa  Urena,127,,Food,,8/19/25 11:36 AM,8/19/25 11:39 AM,2 minutes and 40 seconds,KDS - Login Don't Delete
12060 Potranco Road,Melissa  Urena,127,,Drive Thru,,8/19/25 11:36 AM,8/19/25 11:39 AM,2 minutes and 40 seconds,KDS - Login Don't Delete
12060 Potranco Road,Emanuel Sanchez,128,3,,1,8/19/25 11:37 AM,8/19/25 11:44 AM,6 minutes and 41 seconds,KDS - Login Don't Delete
12060 Potranco Road,Sugey Cabrera,125,16,,1,8/19/25 11:33 AM,8/19/25 11:44 AM,11 minutes and 23 seconds,KDS - Login Don't Delete
12060 Potranco Road,Emanuel Sanchez,120,22,,1,8/19/25 11:33 AM,8/19/25 11:44 AM,11 minutes and 21 seconds,KDS - Login Don't Delete
12060 Potranco Road,Lizbeth Garcia,121,14,,1,8/19/25 11:33 AM,8/19/25 11:44 AM,11 minutes and 24 seconds,KDS - Login Don't Delete
12060 Potranco Road,Lizbeth Garcia,126,21,,1,8/19/25 11:37 AM,8/19/25 11:44 AM,7 minutes and 15 seconds,KDS - Login Don't Delete
12060 Potranco Road,Melissa  Urena,130,,Food,,8/19/25 11:41 AM,8/19/25 11:46 AM,4 minutes and 42 seconds,KDS - Login Don't Delete
12060 Potranco Road,Melissa  Urena,130,,Drive Thru,,8/19/25 11:41 AM,8/19/25 11:46 AM,4 minutes and 42 seconds,KDS - Login Don't Delete
12060 Potranco Road,Emanuel Sanchez,132,,Drive Thru,,8/19/25 11:46 AM,8/19/25 11:49 AM,3 minutes and 7 seconds,KDS - Login Don't Delete
12060 Potranco Road,Emanuel Sanchez,132,,Food,,8/19/25 11:46 AM,8/19/25 11:49 AM,3 minutes and 7 seconds,KDS - Login Don't Delete
12060 Potranco Road,Melissa  Urena,131,,Food,,8/19/25 11:43 AM,8/19/25 11:49 AM,5 minutes and 40 seconds,KDS - Login Don't Delete
12060 Potranco Road,Melissa  Urena,131,,Drive Thru,,8/19/25 11:43 AM,8/19/25 11:49 AM,5 minutes and 40 seconds,KDS - Login Don't Delete
12060 Potranco Road,Sugey Cabrera,134,15,,1,8/19/25 11:51 AM,8/19/25 11:55 AM,3 minutes and 56 seconds,KDS - Login Don't Delete
12060 Potranco Road,Emanuel Sanchez,135,5,Food,,8/19/25 11:52 AM,8/19/25 11:57 AM,4 minutes and 43 seconds,KDS - Login Don't Delete
12060 Potranco Road,Emanuel Sanchez,135,5,No Print,,8/19/25 11:52 AM,8/19/25 11:57 AM,4 minutes and 43 seconds,KDS - Login Don't Delete
12060 Potranco Road,Sugey Cabrera,133,2,Food,,8/19/25 11:49 AM,8/19/25 11:57 AM,8 minutes and 2 seconds,KDS - Login Don't Delete
12060 Potranco Road,Sugey Cabrera,133,2,No Print,,8/19/25 11:49 AM,8/19/25 11:57 AM,8 minutes and 2 seconds,KDS - Login Don't Delete
12060 Potranco Road,Sugey Cabrera,133,2,,1,8/19/25 11:57 AM,8/19/25 11:57 AM,14 seconds,KDS - Login Don't Delete
12060 Potranco Road,Lizbeth Garcia,136,27,Food,,8/19/25 11:52 AM,8/19/25 12:00 PM,8 minutes and 2 seconds,KDS - Login Don't Delete
12060 Potranco Road,Lizbeth Garcia,136,27,No Print,,8/19/25 11:52 AM,8/19/25 12:00 PM,8 minutes and 2 seconds,KDS - Login Don't Delete
12060 Potranco Road,Melissa  Urena,139,,Food,,8/19/25 11:57 AM,8/19/25 12:13 PM,16 minutes and 17 seconds,KDS - Login Don't Delete
12060 Potranco Road,Melissa  Urena,139,,Drive Thru,,8/19/25 11:57 AM,8/19/25 12:13 PM,16 minutes and 17 seconds,KDS - Login Don't Delete
12060 Potranco Road,Melissa  Urena,140,,Food,,8/19/25 11:57 AM,8/19/25 12:13 PM,15 minutes and 29 seconds,KDS - Login Don't Delete
12060 Potranco Road,Melissa  Urena,140,,Drive Thru,,8/19/25 11:57 AM,8/19/25 12:13 PM,15 minutes and 29 seconds,KDS - Login Don't Delete
12060 Potranco Road,Melissa  Urena,141,,Food,,8/19/25 11:58 AM,8/19/25 12:13 PM,15 minutes and 15 seconds,KDS - Login Don't Delete
12060 Potranco Road,Melissa  Urena,144,,Food,,8/19/25 12:04 PM,8/19/25 12:13 PM,9 minutes and 21 seconds,KDS - Login Don't Delete
12060 Potranco Road,Melissa  Urena,144,,Drive Thru,,8/19/25 12:04 PM,8/19/25 12:13 PM,9 minutes and 21 seconds,KDS - Login Don't Delete
12060 Potranco Road,Melissa  Urena,141,,Drive Thru,,8/19/25 11:58 AM,8/19/25 12:13 PM,15 minutes and 15 seconds,KDS - Login Don't Delete
12060 Potranco Road,Lizbeth Garcia,148,21,Food,,8/19/25 12:10 PM,8/19/25 12:14 PM,4 minutes and 29 seconds,KDS - Login Don't Delete
12060 Potranco Road,Lizbeth Garcia,148,21,No Print,,8/19/25 12:10 PM,8/19/25 12:14 PM,4 minutes and 29 seconds,KDS - Login Don't Delete
12060 Potranco Road,Sugey Cabrera,146,,Drive Thru,,8/19/25 12:08 PM,8/19/25 12:15 PM,7 minutes and 2 seconds,KDS - Login Don't Delete
12060 Potranco Road,Sugey Cabrera,146,,Food,,8/19/25 12:08 PM,8/19/25 12:15 PM,7 minutes and 2 seconds,KDS - Login Don't Delete
12060 Potranco Road,Lizbeth Garcia,142,,Drive Thru,,8/19/25 11:58 AM,8/19/25 12:15 PM,17 minutes and 12 seconds,KDS - Login Don't Delete
12060 Potranco Road,Lizbeth Garcia,142,,Food,,8/19/25 11:58 AM,8/19/25 12:15 PM,17 minutes and 12 seconds,KDS - Login Don't Delete
12060 Potranco Road,Lizbeth Garcia,136,27,,1,8/19/25 12:00 PM,8/19/25 12:19 PM,19 minutes,KDS - Login Don't Delete
12060 Potranco Road,Emanuel Sanchez,132,,,1,8/19/25 11:49 AM,8/19/25 12:19 PM,30 minutes and 15 seconds,KDS - Login Don't Delete
12060 Potranco Road,Emanuel Sanchez,135,5,,1,8/19/25 11:57 AM,8/19/25 12:19 PM,22 minutes and 6 seconds,KDS - Login Don't Delete
12060 Potranco Road,Lizbeth Garcia,142,,,1,8/19/25 12:15 PM,8/19/25 12:19 PM,3 minutes and 38 seconds,KDS - Login Don't Delete
12060 Potranco Road,Lizbeth Garcia,148,21,,1,8/19/25 12:14 PM,8/19/25 12:19 PM,4 minutes and 45 seconds,KDS - Login Don't Delete
12060 Potranco Road,Sugey Cabrera,149,,,1,8/19/25 12:17 PM,8/19/25 12:19 PM,2 minutes and 34 seconds,KDS - Login Don't Delete
12060 Potranco Road,Lizbeth Garcia,148,21,,1,8/19/25 12:17 PM,8/19/25 12:19 PM,2 minutes and 9 seconds,KDS - Login Don't Delete
12060 Potranco Road,Sugey Cabrera,151,8,,1,8/19/25 12:20 PM,8/19/25 12:30 PM,10 minutes and 35 seconds,KDS - Login Don't Delete
12060 Potranco Road,Lizbeth Garcia,155,14,Food,,8/19/25 12:40 PM,8/19/25 12:47 PM,7 minutes and 1 second,KDS - Login Don't Delete
12060 Potranco Road,Lizbeth Garcia,155,14,No Print,,8/19/25 12:40 PM,8/19/25 12:47 PM,7 minutes and 1 second,KDS - Login Don't Delete
12060 Potranco Road,Lizbeth Garcia,155,14,Drive Thru,,8/19/25 12:40 PM,8/19/25 12:47 PM,7 minutes and 1 second,KDS - Login Don't Delete
12060 Potranco Road,Sugey Cabrera,158,1,Food,,8/19/25 12:43 PM,8/19/25 12:47 PM,4 minutes and 46 seconds,KDS - Login Don't Delete
12060 Potranco Road,Sugey Cabrera,158,1,No Print,,8/19/25 12:43 PM,8/19/25 12:47 PM,4 minutes and 46 seconds,KDS - Login Don't Delete
12060 Potranco Road,Emanuel Sanchez,150,22,Food,,8/19/25 12:20 PM,8/19/25 12:47 PM,27 minutes and 8 seconds,KDS - Login Don't Delete
12060 Potranco Road,Emanuel Sanchez,150,22,No Print,,8/19/25 12:20 PM,8/19/25 12:47 PM,27 minutes and 8 seconds,KDS - Login Don't Delete
12060 Potranco Road,Lizbeth Garcia,155,14,,1,8/19/25 12:47 PM,8/19/25 12:48 PM,47 seconds,KDS - Login Don't Delete
12060 Potranco Road,Emanuel Sanchez,150,22,,1,8/19/25 12:47 PM,8/19/25 12:48 PM,46 seconds,KDS - Login Don't Delete
12060 Potranco Road,Sugey Cabrera,158,1,,1,8/19/25 12:47 PM,8/19/25 12:48 PM,48 seconds,KDS - Login Don't Delete
12060 Potranco Road,Sugey Cabrera,146,,,1,8/19/25 12:08 PM,8/19/25 12:48 PM,39 minutes and 56 seconds,KDS - Login Don't Delete
12060 Potranco Road,Melissa  Urena,154,,Food,,8/19/25 12:33 PM,8/19/25 12:49 PM,15 minutes and 56 seconds,KDS - Login Don't Delete
12060 Potranco Road,Melissa  Urena,152,,Food,,8/19/25 12:23 PM,8/19/25 12:49 PM,26 minutes and 10 seconds,KDS - Login Don't Delete
12060 Potranco Road,Melissa  Urena,152,,Drive Thru,,8/19/25 12:23 PM,8/19/25 12:49 PM,26 minutes and 10 seconds,KDS - Login Don't Delete
12060 Potranco Road,Melissa  Urena,154,,Drive Thru,,8/19/25 12:33 PM,8/19/25 12:49 PM,15 minutes and 56 seconds,KDS - Login Don't Delete
12060 Potranco Road,Emanuel Sanchez,157,26,Food,,8/19/25 12:45 PM,8/19/25 12:54 PM,8 minutes and 44 seconds,KDS - Login Don't Delete
12060 Potranco Road,Emanuel Sanchez,157,26,No Print,,8/19/25 12:45 PM,8/19/25 12:54 PM,8 minutes and 44 seconds,KDS - Login Don't Delete
12060 Potranco Road,Candy Del Angel,159,,Drive Thru,,8/19/25 12:45 PM,8/19/25 12:58 PM,12 minutes and 56 seconds,KDS - Login Don't Delete
12060 Potranco Road,Candy Del Angel,159,,Food,,8/19/25 12:45 PM,8/19/25 12:58 PM,12 minutes and 56 seconds,KDS - Login Don't Delete
12060 Potranco Road,Lizbeth Garcia,161,15,Food,,8/19/25 12:52 PM,8/19/25 12:58 PM,6 minutes and 3 seconds,KDS - Login Don't Delete
12060 Potranco Road,Lizbeth Garcia,161,15,No Print,,8/19/25 12:52 PM,8/19/25 12:58 PM,6 minutes and 3 seconds,KDS - Login Don't Delete
12060 Potranco Road,Emanuel Sanchez,160,18,Food,,8/19/25 12:50 PM,8/19/25 12:58 PM,8 minutes and 11 seconds,KDS - Login Don't Delete
12060 Potranco Road,Emanuel Sanchez,160,18,No Print,,8/19/25 12:50 PM,8/19/25 12:58 PM,8 minutes and 11 seconds,KDS - Login Don't Delete
12060 Potranco Road,Emanuel Sanchez,157,26,,1,8/19/25 12:54 PM,8/19/25 1:01 PM,7 minutes and 16 seconds,KDS - Login Don't Delete
12060 Potranco Road,Emanuel Sanchez,160,18,,1,8/19/25 12:58 PM,8/19/25 1:01 PM,2 minutes and 36 seconds,KDS - Login Don't Delete
12060 Potranco Road,Lizbeth Garcia,161,15,,1,8/19/25 12:58 PM,8/19/25 1:01 PM,2 minutes and 34 seconds,KDS - Login Don't Delete
12060 Potranco Road,Candy Del Angel,159,,,1,8/19/25 12:58 PM,8/19/25 1:01 PM,2 minutes and 38 seconds,KDS - Login Don't Delete
12060 Potranco Road,Sugey Cabrera,168,29,,1,8/19/25 1:12 PM,8/19/25 1:22 PM,10 minutes and 17 seconds,KDS - Login Don't Delete
12060 Potranco Road,Emanuel Sanchez,166,2,Food,,8/19/25 1:14 PM,8/19/25 1:29 PM,14 minutes and 29 seconds,KDS - Login Don't Delete
12060 Potranco Road,Emanuel Sanchez,166,2,No Print,,8/19/25 1:14 PM,8/19/25 1:29 PM,14 minutes and 29 seconds,KDS - Login Don't Delete
12060 Potranco Road,Lizbeth Garcia,167,16,Food,,8/19/25 1:10 PM,8/19/25 1:29 PM,18 minutes and 38 seconds,KDS - Login Don't Delete
12060 Potranco Road,Lizbeth Garcia,167,16,No Print,,8/19/25 1:10 PM,8/19/25 1:29 PM,18 minutes and 38 seconds,KDS - Login Don't Delete
12060 Potranco Road,Melissa  Urena,163,,Food,,8/19/25 12:59 PM,8/19/25 1:33 PM,34 minutes and 38 seconds,KDS - Login Don't Delete
12060 Potranco Road,Melissa  Urena,163,,Drive Thru,,8/19/25 12:59 PM,8/19/25 1:33 PM,34 minutes and 38 seconds,KDS - Login Don't Delete
12060 Potranco Road,Melissa  Urena,169,,Food,,8/19/25 1:20 PM,8/19/25 1:33 PM,13 minutes and 25 seconds,KDS - Login Don't Delete
12060 Potranco Road,Melissa  Urena,169,,Drive Thru,,8/19/25 1:20 PM,8/19/25 1:33 PM,13 minutes and 25 seconds,KDS - Login Don't Delete
12060 Potranco Road,Melissa  Urena,165,,Food,,8/19/25 1:11 PM,8/19/25 1:33 PM,22 minutes and 17 seconds,KDS - Login Don't Delete
12060 Potranco Road,Melissa  Urena,165,,Drive Thru,,8/19/25 1:11 PM,8/19/25 1:33 PM,22 minutes and 17 seconds,KDS - Login Don't Delete
12060 Potranco Road,Melissa  Urena,165,,Food,,8/19/25 1:11 PM,8/19/25 1:33 PM,22 minutes and 22 seconds,KDS - Login Don't Delete
12060 Potranco Road,Melissa  Urena,165,,Drive Thru,,8/19/25 1:11 PM,8/19/25 1:33 PM,22 minutes and 22 seconds,KDS - Login Don't Delete
12060 Potranco Road,Lizbeth Garcia,167,16,,1,8/19/25 1:29 PM,8/19/25 1:37 PM,8 minutes and 46 seconds,KDS - Login Don't Delete
12060 Potranco Road,Emanuel Sanchez,166,2,,1,8/19/25 1:29 PM,8/19/25 1:37 PM,8 minutes and 46 seconds,KDS - Login Don't Delete
12060 Potranco Road,Lizbeth Garcia,171,,Drive Thru,,8/19/25 1:22 PM,8/19/25 1:41 PM,18 minutes and 59 seconds,KDS - Login Don't Delete
12060 Potranco Road,Lizbeth Garcia,171,,Food,,8/19/25 1:22 PM,8/19/25 1:41 PM,18 minutes and 59 seconds,KDS - Login Don't Delete
12060 Potranco Road,Emanuel Sanchez,170,,Drive Thru,,8/19/25 1:22 PM,8/19/25 1:41 PM,18 minutes and 49 seconds,KDS - Login Don't Delete
12060 Potranco Road,Emanuel Sanchez,170,,Food,,8/19/25 1:22 PM,8/19/25 1:41 PM,18 minutes and 49 seconds,KDS - Login Don't Delete
12060 Potranco Road,Sugey Cabrera,172,14,Food,,8/19/25 1:25 PM,8/19/25 1:43 PM,18 minutes and 51 seconds,KDS - Login Don't Delete
12060 Potranco Road,Sugey Cabrera,172,14,No Print,,8/19/25 1:25 PM,8/19/25 1:43 PM,18 minutes and 51 seconds,KDS - Login Don't Delete
12060 Potranco Road,Sugey Cabrera,172,14,Drive Thru,,8/19/25 1:25 PM,8/19/25 1:43 PM,18 minutes and 51 seconds,KDS - Login Don't Delete
12060 Potranco Road,Sugey Cabrera,172,14,Drinks,,8/19/25 1:25 PM,8/19/25 1:43 PM,18 minutes and 51 seconds,KDS - Login Don't Delete
12060 Potranco Road,Sugey Cabrera,172,14,,1,8/19/25 1:43 PM,8/19/25 1:50 PM,6 minutes and 13 seconds,KDS - Login Don't Delete
12060 Potranco Road,Emanuel Sanchez,170,,,1,8/19/25 1:41 PM,8/19/25 1:50 PM,8 minutes and 28 seconds,KDS - Login Don't Delete
12060 Potranco Road,Lizbeth Garcia,171,,,1,8/19/25 1:41 PM,8/19/25 1:50 PM,8 minutes and 29 seconds,KDS - Login Don't Delete
12060 Potranco Road,Lizbeth Garcia,173,12,,1,8/19/25 1:39 PM,8/19/25 1:50 PM,11 minutes and 10 seconds,KDS - Login Don't Delete
12060 Potranco Road,Melissa  Urena,174,,Drive Thru,,8/19/25 1:45 PM,8/19/25 1:55 PM,9 minutes and 17 seconds,KDS - Login Don't Delete
12060 Potranco Road,Melissa  Urena,174,,Food,,8/19/25 1:45 PM,8/19/25 1:55 PM,9 minutes and 17 seconds,KDS - Login Don't Delete
12060 Potranco Road,Melissa  Urena,174,,Food,,8/19/25 1:46 PM,8/19/25 1:55 PM,8 minutes and 16 seconds,KDS - Login Don't Delete
12060 Potranco Road,Melissa  Urena,175,,Food,,8/19/25 1:48 PM,8/19/25 2:10 PM,21 minutes and 21 seconds,KDS - Login Don't Delete
12060 Potranco Road,Melissa  Urena,175,,Drive Thru,,8/19/25 1:48 PM,8/19/25 2:10 PM,21 minutes and 21 seconds,KDS - Login Don't Delete
12060 Potranco Road,Melissa  Urena,176,,Food,,8/19/25 2:10 PM,8/19/25 2:19 PM,9 minutes and 40 seconds,KDS - Login Don't Delete
12060 Potranco Road,Mario Jimenez,180,,Food,,8/19/25 2:19 PM,8/19/25 2:20 PM,45 seconds,KDS - Login Don't Delete
12060 Potranco Road,Mario Jimenez,180,,Drive Thru,,8/19/25 2:19 PM,8/19/25 2:20 PM,45 seconds,KDS - Login Don't Delete
12060 Potranco Road,Mario Jimenez,182,,Food,,8/19/25 2:25 PM,8/19/25 2:26 PM,44 seconds,KDS - Login Don't Delete
12060 Potranco Road,Mario Jimenez,182,,Drive Thru,,8/19/25 2:25 PM,8/19/25 2:26 PM,44 seconds,KDS - Login Don't Delete
12060 Potranco Road,Lisa Velasquez,184,,Food,,8/19/25 2:28 PM,8/19/25 2:37 PM,8 minutes and 33 seconds,KDS - Login Don't Delete
12060 Potranco Road,Lisa Velasquez,184,,No Print,,8/19/25 2:28 PM,8/19/25 2:37 PM,8 minutes and 33 seconds,KDS - Login Don't Delete
12060 Potranco Road,Lisa Velasquez,185,,Food,,8/19/25 2:30 PM,8/19/25 2:37 PM,7 minutes and 19 seconds,KDS - Login Don't Delete
12060 Potranco Road,Lisa Velasquez,185,,No Print,,8/19/25 2:30 PM,8/19/25 2:37 PM,7 minutes and 19 seconds,KDS - Login Don't Delete
12060 Potranco Road,Gabriel Tovar ,186,,Food,,8/19/25 2:43 PM,8/19/25 2:49 PM,5 minutes and 37 seconds,KDS - Login Don't Delete
12060 Potranco Road,Gabriel Tovar ,186,,No Print,,8/19/25 2:43 PM,8/19/25 2:49 PM,5 minutes and 37 seconds,KDS - Login Don't Delete
12060 Potranco Road,Mario Jimenez,187,,Food,,8/19/25 3:00 PM,8/19/25 3:03 PM,2 minutes and 54 seconds,KDS - Login Don't Delete
12060 Potranco Road,Mario Jimenez,187,,Drive Thru,,8/19/25 3:00 PM,8/19/25 3:03 PM,2 minutes and 54 seconds,KDS - Login Don't Delete
12060 Potranco Road,Mario Jimenez,192,,Food,,8/19/25 3:09 PM,8/19/25 3:11 PM,1 minute and 13 seconds,KDS - Login Don't Delete
12060 Potranco Road,Mario Jimenez,192,,Drive Thru,,8/19/25 3:09 PM,8/19/25 3:11 PM,1 minute and 13 seconds,KDS - Login Don't Delete
12060 Potranco Road,Lisa Velasquez,184,,,1,8/19/25 2:37 PM,8/19/25 3:16 PM,39 minutes and 24 seconds,KDS - Login Don't Delete
12060 Potranco Road,Gabriel Tovar ,186,,,1,8/19/25 2:43 PM,8/19/25 3:16 PM,33 minutes and 13 seconds,KDS - Login Don't Delete
12060 Potranco Road,Lisa Velasquez,185,,,1,8/19/25 2:37 PM,8/19/25 3:16 PM,39 minutes and 25 seconds,KDS - Login Don't Delete
12060 Potranco Road,Mario Jimenez,189,,Food,,8/19/25 3:07 PM,8/19/25 3:17 PM,10 minutes and 42 seconds,KDS - Login Don't Delete
12060 Potranco Road,Mario Jimenez,189,,Drive Thru,,8/19/25 3:07 PM,8/19/25 3:17 PM,10 minutes and 42 seconds,KDS - Login Don't Delete
12060 Potranco Road,Gabriel Tovar ,190,,Food,,8/19/25 3:09 PM,8/19/25 3:20 PM,10 minutes and 55 seconds,KDS - Login Don't Delete
12060 Potranco Road,Gabriel Tovar ,190,,No Print,,8/19/25 3:09 PM,8/19/25 3:20 PM,10 minutes and 55 seconds,KDS - Login Don't Delete
12060 Potranco Road,Mario Jimenez,195,,Food,,8/19/25 3:28 PM,8/19/25 3:33 PM,4 minutes and 59 seconds,KDS - Login Don't Delete
12060 Potranco Road,Mario Jimenez,195,,Drive Thru,,8/19/25 3:28 PM,8/19/25 3:33 PM,4 minutes and 59 seconds,KDS - Login Don't Delete
12060 Potranco Road,Lisa Velasquez,196,15,Food,,8/19/25 3:33 PM,8/19/25 3:41 PM,8 minutes and 9 seconds,KDS - Login Don't Delete
12060 Potranco Road,Lisa Velasquez,196,15,No Print,,8/19/25 3:33 PM,8/19/25 3:41 PM,8 minutes and 9 seconds,KDS - Login Don't Delete
12060 Potranco Road,Mario Jimenez,197,,Food,,8/19/25 3:40 PM,8/19/25 3:43 PM,2 minutes and 59 seconds,KDS - Login Don't Delete
12060 Potranco Road,Mario Jimenez,197,,Drive Thru,,8/19/25 3:40 PM,8/19/25 3:43 PM,2 minutes and 59 seconds,KDS - Login Don't Delete
12060 Potranco Road,Mario Jimenez,199,,Food,,8/19/25 4:03 PM,8/19/25 4:13 PM,10 minutes and 26 seconds,KDS - Login Don't Delete
12060 Potranco Road,Mario Jimenez,200,,Food,,8/19/25 4:15 PM,8/19/25 4:18 PM,2 minutes and 48 seconds,KDS - Login Don't Delete
12060 Potranco Road,Mario Jimenez,200,,Drive Thru,,8/19/25 4:15 PM,8/19/25 4:18 PM,2 minutes and 48 seconds,KDS - Login Don't Delete
12060 Potranco Road,Mario Jimenez,198,,Food,,8/19/25 4:20 PM,8/19/25 4:25 PM,5 minutes,KDS - Login Don't Delete
12060 Potranco Road,Mario Jimenez,198,,Drive Thru,,8/19/25 4:20 PM,8/19/25 4:25 PM,5 minutes,KDS - Login Don't Delete
12060 Potranco Road,Gabriel Tovar ,202,2,Food,,8/19/25 4:23 PM,8/19/25 4:31 PM,8 minutes and 21 seconds,KDS - Login Don't Delete
12060 Potranco Road,Gabriel Tovar ,202,2,No Print,,8/19/25 4:23 PM,8/19/25 4:31 PM,8 minutes and 21 seconds,KDS - Login Don't Delete
12060 Potranco Road,Gabriel Tovar ,202,2,Drive Thru,,8/19/25 4:30 PM,8/19/25 4:31 PM,1 minute and 9 seconds,KDS - Login Don't Delete
12060 Potranco Road,Gabriel Tovar ,202,2,Food,,8/19/25 4:30 PM,8/19/25 4:31 PM,1 minute and 9 seconds,KDS - Login Don't Delete
12060 Potranco Road,Gabriel Tovar ,190,,,1,8/19/25 3:20 PM,8/19/25 4:46 PM,"1 hour, 25 minutes and 33 seconds",KDS - Login Don't Delete
12060 Potranco Road,Lisa Velasquez,196,15,,1,8/19/25 3:41 PM,8/19/25 4:46 PM,"1 hour, 4 minutes and 15 seconds",KDS - Login Don't Delete
12060 Potranco Road,Gabriel Tovar ,202,2,,1,8/19/25 4:31 PM,8/19/25 4:46 PM,14 minutes and 20 seconds,KDS - Login Don't Delete
12060 Potranco Road,Gabriel Tovar ,202,2,,1,8/19/25 4:31 PM,8/19/25 4:46 PM,14 minutes and 18 seconds,KDS - Login Don't Delete
12060 Potranco Road,Lisa Velasquez,203,26,Food,,8/19/25 4:39 PM,8/19/25 4:53 PM,14 minutes and 40 seconds,KDS - Login Don't Delete
12060 Potranco Road,Lisa Velasquez,203,26,No Print,,8/19/25 4:39 PM,8/19/25 4:53 PM,14 minutes and 40 seconds,KDS - Login Don't Delete
12060 Potranco Road,Lisa Velasquez,203,26,Drive Thru,,8/19/25 4:39 PM,8/19/25 4:53 PM,14 minutes and 40 seconds,KDS - Login Don't Delete
12060 Potranco Road,Mario Jimenez,204,,Food,,8/19/25 4:56 PM,8/19/25 5:02 PM,6 minutes and 23 seconds,KDS - Login Don't Delete
12060 Potranco Road,Mario Jimenez,204,,Drive Thru,,8/19/25 4:56 PM,8/19/25 5:02 PM,6 minutes and 23 seconds,KDS - Login Don't Delete
12060 Potranco Road,Mario Jimenez,205,,Food,,8/19/25 5:01 PM,8/19/25 5:07 PM,6 minutes and 38 seconds,KDS - Login Don't Delete
12060 Potranco Road,Mario Jimenez,205,,Drive Thru,,8/19/25 5:01 PM,8/19/25 5:07 PM,6 minutes and 38 seconds,KDS - Login Don't Delete
12060 Potranco Road,Lisa Velasquez,203,26,,1,8/19/25 4:53 PM,8/19/25 5:14 PM,21 minutes and 1 second,KDS - Login Don't Delete
12060 Potranco Road,Gabriel Tovar ,209,12,Food,,8/19/25 5:07 PM,8/19/25 5:14 PM,7 minutes and 2 seconds,KDS - Login Don't Delete
12060 Potranco Road,Gabriel Tovar ,209,12,No Print,,8/19/25 5:07 PM,8/19/25 5:14 PM,7 minutes and 2 seconds,KDS - Login Don't Delete
12060 Potranco Road,Lisa Velasquez,207,2,Food,,8/19/25 5:04 PM,8/19/25 5:14 PM,10 minutes and 29 seconds,KDS - Login Don't Delete
12060 Potranco Road,Lisa Velasquez,207,2,No Print,,8/19/25 5:04 PM,8/19/25 5:14 PM,10 minutes and 29 seconds,KDS - Login Don't Delete
12060 Potranco Road,Lisa Velasquez,207,2,Drive Thru,,8/19/25 5:04 PM,8/19/25 5:14 PM,10 minutes and 29 seconds,KDS - Login Don't Delete
12060 Potranco Road,Mario Jimenez,206,,Food,,8/19/25 5:12 PM,8/19/25 5:22 PM,9 minutes and 19 seconds,KDS - Login Don't Delete
12060 Potranco Road,Mario Jimenez,206,,Drive Thru,,8/19/25 5:12 PM,8/19/25 5:22 PM,9 minutes and 19 seconds,KDS - Login Don't Delete
12060 Potranco Road,Mario Jimenez,210,,Food,,8/19/25 5:16 PM,8/19/25 5:22 PM,5 minutes and 41 seconds,KDS - Login Don't Delete
12060 Potranco Road,Mario Jimenez,210,,Drive Thru,,8/19/25 5:16 PM,8/19/25 5:22 PM,5 minutes and 41 seconds,KDS - Login Don't Delete
12060 Potranco Road,Gabriel Tovar ,212,4,Food,,8/19/25 5:23 PM,8/19/25 5:26 PM,2 minutes and 41 seconds,KDS - Login Don't Delete
12060 Potranco Road,Gabriel Tovar ,212,4,No Print,,8/19/25 5:23 PM,8/19/25 5:26 PM,2 minutes and 41 seconds,KDS - Login Don't Delete
12060 Potranco Road,Gabriel Tovar ,212,4,Drive Thru,,8/19/25 5:29 PM,8/19/25 5:29 PM,33 seconds,KDS - Login Don't Delete
12060 Potranco Road,Gabriel Tovar ,212,4,Food,,8/19/25 5:29 PM,8/19/25 5:29 PM,33 seconds,KDS - Login Don't Delete
12060 Potranco Road,Gabriel Tovar ,208,,Drive Thru,,8/19/25 5:05 PM,8/19/25 5:29 PM,23 minutes and 59 seconds,KDS - Login Don't Delete
12060 Potranco Road,Gabriel Tovar ,208,,Food,,8/19/25 5:05 PM,8/19/25 5:29 PM,23 minutes and 59 seconds,KDS - Login Don't Delete
12060 Potranco Road,Mario Jimenez,213,,Food,,8/19/25 5:31 PM,8/19/25 5:37 PM,6 minutes and 29 seconds,KDS - Login Don't Delete
12060 Potranco Road,Mario Jimenez,213,,Drive Thru,,8/19/25 5:31 PM,8/19/25 5:37 PM,6 minutes and 29 seconds,KDS - Login Don't Delete
12060 Potranco Road,Lisa Velasquez,207,2,Food,,8/19/25 5:43 PM,8/19/25 5:43 PM,9 seconds,KDS - Login Don't Delete
12060 Potranco Road,Lisa Velasquez,207,2,No Print,,8/19/25 5:43 PM,8/19/25 5:43 PM,9 seconds,KDS - Login Don't Delete
12060 Potranco Road,Lisa Velasquez,207,2,,1,8/19/25 5:14 PM,8/19/25 5:47 PM,32 minutes and 44 seconds,KDS - Login Don't Delete
12060 Potranco Road,Gabriel Tovar ,208,,,1,8/19/25 5:29 PM,8/19/25 5:47 PM,17 minutes and 54 seconds,KDS - Login Don't Delete
12060 Potranco Road,Gabriel Tovar ,209,12,,1,8/19/25 5:14 PM,8/19/25 5:47 PM,32 minutes and 55 seconds,KDS - Login Don't Delete
12060 Potranco Road,Gabriel Tovar ,212,4,,1,8/19/25 5:26 PM,8/19/25 5:47 PM,21 minutes and 31 seconds,KDS - Login Don't Delete
12060 Potranco Road,Lisa Velasquez,207,2,,1,8/19/25 5:43 PM,8/19/25 5:48 PM,4 minutes and 34 seconds,KDS - Login Don't Delete
12060 Potranco Road,Gabriel Tovar ,212,4,,1,8/19/25 5:29 PM,8/19/25 5:48 PM,18 minutes and 15 seconds,KDS - Login Don't Delete
12060 Potranco Road,Lisa Velasquez,216,3,,1,8/19/25 5:39 PM,8/19/25 5:48 PM,8 minutes and 48 seconds,KDS - Login Don't Delete
12060 Potranco Road,Gabriel Tovar ,215,16,Food,,8/19/25 5:39 PM,8/19/25 5:48 PM,9 minutes and 3 seconds,KDS - Login Don't Delete
12060 Potranco Road,Gabriel Tovar ,215,16,No Print,,8/19/25 5:39 PM,8/19/25 5:48 PM,9 minutes and 3 seconds,KDS - Login Don't Delete
12060 Potranco Road,Lisa Velasquez,217,5,Food,,8/19/25 5:52 PM,8/19/25 6:10 PM,18 minutes and 13 seconds,KDS - Login Don't Delete
12060 Potranco Road,Lisa Velasquez,217,5,No Print,,8/19/25 5:52 PM,8/19/25 6:10 PM,18 minutes and 13 seconds,KDS - Login Don't Delete
12060 Potranco Road,Mario Jimenez,214,,Food,,8/19/25 6:17 PM,8/19/25 6:20 PM,3 minutes and 53 seconds,KDS - Login Don't Delete
12060 Potranco Road,Mario Jimenez,214,,Drive Thru,,8/19/25 6:17 PM,8/19/25 6:20 PM,3 minutes and 53 seconds,KDS - Login Don't Delete
12060 Potranco Road,Lisa Velasquez,216,3,Food,,8/19/25 6:17 PM,8/19/25 6:22 PM,5 minutes and 9 seconds,KDS - Login Don't Delete
12060 Potranco Road,Lisa Velasquez,216,3,No Print,,8/19/25 6:17 PM,8/19/25 6:22 PM,5 minutes and 9 seconds,KDS - Login Don't Delete
12060 Potranco Road,Gabriel Tovar ,215,16,,1,8/19/25 5:48 PM,8/19/25 6:30 PM,41 minutes and 8 seconds,KDS - Login Don't Delete
12060 Potranco Road,Lisa Velasquez,216,3,,1,8/19/25 6:22 PM,8/19/25 6:30 PM,7 minutes and 44 seconds,KDS - Login Don't Delete
12060 Potranco Road,Lisa Velasquez,217,5,,1,8/19/25 6:10 PM,8/19/25 6:30 PM,19 minutes and 47 seconds,KDS - Login Don't Delete
12060 Potranco Road,Gabriel Tovar ,221,20,Food,,8/19/25 6:32 PM,8/19/25 6:37 PM,4 minutes and 28 seconds,KDS - Login Don't Delete
12060 Potranco Road,Gabriel Tovar ,221,20,No Print,,8/19/25 6:32 PM,8/19/25 6:37 PM,4 minutes and 28 seconds,KDS - Login Don't Delete
12060 Potranco Road,Gabriel Tovar ,220,,Food,,8/19/25 6:31 PM,8/19/25 6:41 PM,9 minutes and 37 seconds,KDS - Login Don't Delete
12060 Potranco Road,Gabriel Tovar ,220,,No Print,,8/19/25 6:31 PM,8/19/25 6:41 PM,9 minutes and 37 seconds,KDS - Login Don't Delete
12060 Potranco Road,Gabriel Tovar ,220,,,1,8/19/25 6:41 PM,8/19/25 6:43 PM,1 minute and 42 seconds,KDS - Login Don't Delete
12060 Potranco Road,Gabriel Tovar ,221,20,,1,8/19/25 6:37 PM,8/19/25 6:43 PM,5 minutes and 55 seconds,KDS - Login Don't Delete
12060 Potranco Road,Mario Jimenez,219,,Food,,8/19/25 6:29 PM,8/19/25 6:48 PM,19 minutes and 16 seconds,KDS - Login Don't Delete
12060 Potranco Road,Mario Jimenez,219,,Drive Thru,,8/19/25 6:29 PM,8/19/25 6:48 PM,19 minutes and 16 seconds,KDS - Login Don't Delete
12060 Potranco Road,Mario Jimenez,223,,Food,,8/19/25 6:57 PM,8/19/25 7:01 PM,4 minutes and 13 seconds,KDS - Login Don't Delete
12060 Potranco Road,Mario Jimenez,223,,Drive Thru,,8/19/25 6:57 PM,8/19/25 7:01 PM,4 minutes and 13 seconds,KDS - Login Don't Delete
12060 Potranco Road,Gabriel Tovar ,222,,Drive Thru,,8/19/25 6:54 PM,8/19/25 7:03 PM,9 minutes and 23 seconds,KDS - Login Don't Delete
12060 Potranco Road,Gabriel Tovar ,222,,Food,,8/19/25 6:54 PM,8/19/25 7:03 PM,9 minutes and 23 seconds,KDS - Login Don't Delete
12060 Potranco Road,Gabriel Tovar ,227,6,Food,,8/19/25 7:07 PM,8/19/25 7:08 PM,1 minute and 32 seconds,KDS - Login Don't Delete
12060 Potranco Road,Gabriel Tovar ,227,6,No Print,,8/19/25 7:07 PM,8/19/25 7:08 PM,1 minute and 32 seconds,KDS - Login Don't Delete
12060 Potranco Road,Lisa Velasquez,225,15,Food,,8/19/25 7:01 PM,8/19/25 7:08 PM,6 minutes and 51 seconds,KDS - Login Don't Delete
12060 Potranco Road,Lisa Velasquez,225,15,No Print,,8/19/25 7:01 PM,8/19/25 7:08 PM,6 minutes and 51 seconds,KDS - Login Don't Delete
12060 Potranco Road,Mario Jimenez,229,,Food,,8/19/25 7:10 PM,8/19/25 7:14 PM,3 minutes and 3 seconds,KDS - Login Don't Delete
12060 Potranco Road,Mario Jimenez,229,,Drive Thru,,8/19/25 7:10 PM,8/19/25 7:14 PM,3 minutes and 3 seconds,KDS - Login Don't Delete
12060 Potranco Road,Lisa Velasquez,226,26,Food,,8/19/25 7:06 PM,8/19/25 7:15 PM,9 minutes and 8 seconds,KDS - Login Don't Delete
12060 Potranco Road,Lisa Velasquez,226,26,No Print,,8/19/25 7:06 PM,8/19/25 7:15 PM,9 minutes and 8 seconds,KDS - Login Don't Delete
12060 Potranco Road,Gabriel Tovar ,227,6,Food,,8/19/25 7:10 PM,8/19/25 7:15 PM,5 minutes and 21 seconds,KDS - Login Don't Delete
12060 Potranco Road,Gabriel Tovar ,227,6,No Print,,8/19/25 7:10 PM,8/19/25 7:15 PM,5 minutes and 21 seconds,KDS - Login Don't Delete
12060 Potranco Road,Gabriel Tovar ,222,,,1,8/19/25 7:03 PM,8/19/25 7:20 PM,17 minutes and 12 seconds,KDS - Login Don't Delete
12060 Potranco Road,Lisa Velasquez,226,26,,1,8/19/25 7:18 PM,8/19/25 7:20 PM,1 minute and 51 seconds,KDS - Login Don't Delete
12060 Potranco Road,Lisa Velasquez,225,15,,1,8/19/25 7:08 PM,8/19/25 7:20 PM,12 minutes and 13 seconds,KDS - Login Don't Delete
12060 Potranco Road,Mario Jimenez,228,,Food,,8/19/25 7:10 PM,8/19/25 7:26 PM,15 minutes and 39 seconds,KDS - Login Don't Delete
12060 Potranco Road,Mario Jimenez,228,,Drive Thru,,8/19/25 7:10 PM,8/19/25 7:26 PM,15 minutes and 39 seconds,KDS - Login Don't Delete
12060 Potranco Road,Gabriel Tovar ,231,2,Food,,8/19/25 7:13 PM,8/19/25 7:26 PM,12 minutes and 46 seconds,KDS - Login Don't Delete
12060 Potranco Road,Gabriel Tovar ,231,2,No Print,,8/19/25 7:13 PM,8/19/25 7:26 PM,12 minutes and 46 seconds,KDS - Login Don't Delete
12060 Potranco Road,Mario Jimenez,232,,Food,,8/19/25 7:19 PM,8/19/25 7:36 PM,17 minutes and 23 seconds,KDS - Login Don't Delete
12060 Potranco Road,Mario Jimenez,232,,Drive Thru,,8/19/25 7:19 PM,8/19/25 7:36 PM,17 minutes and 23 seconds,KDS - Login Don't Delete
12060 Potranco Road,Lisa Velasquez,234,18,Food,,8/19/25 7:36 PM,8/19/25 7:45 PM,8 minutes and 21 seconds,KDS - Login Don't Delete
12060 Potranco Road,Lisa Velasquez,234,18,No Print,,8/19/25 7:36 PM,8/19/25 7:45 PM,8 minutes and 21 seconds,KDS - Login Don't Delete
12060 Potranco Road,Gabriel Tovar ,227,6,,1,8/19/25 7:08 PM,8/19/25 7:49 PM,40 minutes and 53 seconds,KDS - Login Don't Delete
12060 Potranco Road,Gabriel Tovar ,227,6,,1,8/19/25 7:15 PM,8/19/25 7:49 PM,33 minutes and 34 seconds,KDS - Login Don't Delete
12060 Potranco Road,Gabriel Tovar ,231,2,,1,8/19/25 7:26 PM,8/19/25 7:49 PM,23 minutes and 25 seconds,KDS - Login Don't Delete
12060 Potranco Road,Lisa Velasquez,226,26,,1,8/19/25 7:15 PM,8/19/25 7:49 PM,33 minutes and 39 seconds,KDS - Login Don't Delete
12060 Potranco Road,Lisa Velasquez,234,18,,1,8/19/25 7:45 PM,8/19/25 7:49 PM,4 minutes and 29 seconds,KDS - Login Don't Delete
12060 Potranco Road,Mario Jimenez,235,,Food,,8/19/25 8:53 PM,8/19/25 9:00 PM,6 minutes and 20 seconds,KDS - Login Don't Delete
12060 Potranco Road,Mario Jimenez,235,,Drive Thru,,8/19/25 8:53 PM,8/19/25 9:00 PM,6 minutes and 20 seconds,KDS - Login Don't Delete
