Location,Order #,Opened,Server,Table,Revenue Center,Discount Amount,Amount,Tax,Tip,Gratuity,Duration (Opened to Paid)
12060 Potranco Road,1,8/19/25 6:32 AM,Melissa  Urena,,Drive Thru,0.00,5.37,0.44,1.18,0.00,00:00:35
12060 Potranco Road,2,8/19/25 6:36 AM,Melissa  Urena,,Drive Thru,0.00,7.77,0.64,0.00,0.00,00:00:55
12060 Potranco Road,3,8/19/25 6:37 AM,Melissa  Urena,,Drive Thru,0.00,9.77,0.81,2.15,0.00,00:05:32
12060 Potranco Road,5,8/19/25 7:08 AM,Melissa  Urena,,Drive Thru,0.00,6.98,0.57,0.00,0.00,00:01:00
12060 Potranco Road,4,8/19/25 6:59 AM,Candy Del Angel,,Dining Room,0.00,1.99,0.16,0.00,0.00,00:15:15
12060 Potranco Road,6,8/19/25 7:14 AM,Candy Del Angel,,Dining Room,0.00,10.17,0.84,0.00,0.00,00:00:30
12060 Potranco Road,7,8/19/25 7:14 AM,Candy Del Angel,,Dining Room,0.00,2.49,0.21,0.00,0.00,00:00:17
12060 Potranco Road,8,8/19/25 7:15 AM,Lizbeth Garcia,15,Dining Room,0.00,23.63,1.97,5.00,0.00,00:55:03
12060 Potranco Road,10,8/19/25 7:23 AM,Candy Del Angel,,Dining Room,0.00,10.97,0.90,3.00,0.00,00:12:21
12060 Potranco Road,11,8/19/25 7:25 AM,Melissa  Urena,,Drive Thru,0.00,9.47,0.78,1.75,0.00,00:01:27
12060 Potranco Road,12,8/19/25 7:31 AM,Melissa  Urena,,Drive Thru,0.00,9.96,0.82,0.00,0.00,00:01:05
12060 Potranco Road,15,8/19/25 7:42 AM,Emanuel Sanchez,,Dining Room,0.00,7.68,0.63,3.00,0.00,00:11:27
12060 Potranco Road,13,8/19/25 7:33 AM,Melissa  Urena,,Drive Thru,0.00,14.94,1.24,0.00,0.00,00:12:55
12060 Potranco Road,16,8/19/25 7:50 AM,Melissa  Urena,,Drive Thru,0.00,15.76,1.30,2.36,0.00,00:03:20
12060 Potranco Road,17,8/19/25 7:51 AM,Melissa  Urena,,Drive Thru,0.00,4.48,0.37,1.00,0.00,00:04:06
12060 Potranco Road,18,8/19/25 7:51 AM,Melissa  Urena,,Drive Thru,0.00,4.39,0.36,0.00,0.00,00:05:03
12060 Potranco Road,19,8/19/25 7:54 AM,Melissa  Urena,,Drive Thru,0.00,8.96,0.74,1.34,0.00,00:02:47
12060 Potranco Road,20,8/19/25 7:54 AM,Melissa  Urena,,Drive Thru,0.00,7.56,0.63,0.00,0.00,00:04:12
12060 Potranco Road,21,8/19/25 7:59 AM,Candy Del Angel,,Dining Room,7.28,0.00,0.00,0.00,0.00,06:02:50
12060 Potranco Road,22,8/19/25 8:02 AM,Melissa  Urena,,Drive Thru,0.00,7.96,0.66,0.00,0.00,00:00:33
12060 Potranco Road,24,8/19/25 8:04 AM,Melissa  Urena,,Drive Thru,0.00,6.28,0.52,0.00,0.00,00:00:59
12060 Potranco Road,25,8/19/25 8:05 AM,Melissa  Urena,,Drive Thru,0.00,0.50,0.04,0.00,0.00,00:00:36
12060 Potranco Road,23,8/19/25 8:03 AM,Emanuel Sanchez,20,Dining Room,0.00,21.96,1.82,5.00,0.00,00:45:52
12060 Potranco Road,28,8/19/25 8:12 AM,Sugey Cabrera,,None,16.25,0.00,0.00,0.00,0.00,05:49:26
12060 Potranco Road,26,8/19/25 8:06 AM,Melissa  Urena,,Drive Thru,0.00,8.38,0.69,0.00,0.00,00:10:09
12060 Potranco Road,29,8/19/25 8:16 AM,Melissa  Urena,,Drive Thru,0.00,11.67,0.96,0.00,0.00,00:05:55
12060 Potranco Road,30,8/19/25 8:25 AM,Melissa  Urena,,Drive Thru,0.00,8.88,0.73,1.95,0.00,00:05:03
12060 Potranco Road,31,8/19/25 8:31 AM,Melissa  Urena,,Drive Thru,0.00,9.47,0.78,0.00,0.00,01:22:28
12060 Potranco Road,33,8/19/25 8:37 AM,Sugey Cabrera,,Dining Room,0.00,15.36,1.27,0.00,0.00,00:00:28
12060 Potranco Road,35,8/19/25 8:38 AM,Melissa  Urena,,Drive Thru,0.00,7.97,0.66,0.00,0.00,00:00:26
12060 Potranco Road,36,8/19/25 8:39 AM,Sugey Cabrera,34,Dining Room,0.00,5.37,0.45,2.00,0.00,00:28:39
12060 Potranco Road,37,8/19/25 8:40 AM,Melissa  Urena,,Drive Thru,0.00,4.79,0.40,0.00,0.00,00:01:11
12060 Potranco Road,38,8/19/25 8:43 AM,Melissa  Urena,,Drive Thru,0.00,8.27,0.68,0.00,0.00,00:00:51
12060 Potranco Road,39,8/19/25 8:44 AM,Sugey Cabrera,,Dining Room,0.00,0.00,0.00,0.00,0.00,00:00:36
12060 Potranco Road,41,8/19/25 8:44 AM,Melissa  Urena,,Drive Thru,0.00,16.25,1.34,0.00,0.00,00:07:25
12060 Potranco Road,44,8/19/25 8:47 AM,Sugey Cabrera,,Dining Room,0.00,7.97,0.66,0.00,0.00,00:07:35
12060 Potranco Road,45,8/19/25 8:48 AM,Lizbeth Garcia,16,Dining Room,0.00,9.98,0.83,0.00,0.00,00:45:28
12060 Potranco Road,42,8/19/25 8:46 AM,Melissa  Urena,,Drive Thru,0.00,11.97,0.99,2.63,0.00,00:06:30
12060 Potranco Road,46,8/19/25 8:49 AM,Melissa  Urena,,Drive Thru,0.00,11.47,0.94,0.00,0.00,00:05:04
12060 Potranco Road,48,8/19/25 8:49 AM,Melissa  Urena,,Drive Thru,0.00,9.77,0.81,1.47,0.00,00:08:19
12060 Potranco Road,47,8/19/25 8:49 AM,Lizbeth Garcia,4,Dining Room,0.00,22.43,1.85,5.00,0.00,00:57:54
12060 Potranco Road,43,8/19/25 8:47 AM,Emanuel Sanchez,23,Dining Room,0.00,10.26,0.86,0.00,0.00,00:53:05
12060 Potranco Road,50,8/19/25 8:54 AM,Melissa  Urena,,Dining Room,0.00,12.45,1.03,0.00,0.00,00:19:55
12060 Potranco Road,51,8/19/25 8:56 AM,Melissa  Urena,,Drive Thru,0.35,3.14,0.26,1.00,0.00,00:04:46
12060 Potranco Road,54,8/19/25 9:03 AM,Melissa  Urena,,Drive Thru,0.00,11.06,0.92,0.00,0.00,00:01:40
12060 Potranco Road,55,8/19/25 9:07 AM,Melissa  Urena,,Drive Thru,1.59,32.42,2.68,0.00,0.00,00:02:38
12060 Potranco Road,56,8/19/25 9:10 AM,Melissa  Urena,,Drive Thru,0.00,3.69,0.30,0.00,0.00,00:03:28
12060 Potranco Road,58,8/19/25 9:17 AM,Melissa  Urena,,Drive Thru,0.00,3.98,0.33,0.00,0.00,00:00:44
12060 Potranco Road,59,8/19/25 9:21 AM,Lizbeth Garcia,20,Dining Room,0.00,6.28,0.52,4.00,0.00,00:11:47
12060 Potranco Road,60,8/19/25 9:22 AM,Melissa  Urena,,Drive Thru,8.90,8.65,0.72,3.86,0.00,00:04:10
12060 Potranco Road,62,8/19/25 9:26 AM,Melissa  Urena,,Drive Thru,0.00,1.99,0.16,0.00,0.00,00:00:44
12060 Potranco Road,61,8/19/25 9:23 AM,Emanuel Sanchez,26,Dining Room,0.00,30.37,2.51,2.12,0.00,00:33:20
12060 Potranco Road,63,8/19/25 9:26 AM,Melissa  Urena,,Drive Thru,0.00,17.45,1.44,0.00,0.00,00:03:15
12060 Potranco Road,65,8/19/25 9:29 AM,Melissa  Urena,,Drive Thru,0.00,13.95,1.14,0.00,0.00,00:02:37
12060 Potranco Road,66,8/19/25 9:29 AM,Lizbeth Garcia,1,Dining Room,0.00,6.98,0.58,0.00,0.00,00:16:37
12060 Potranco Road,67,8/19/25 9:30 AM,Sugey Cabrera,14,Dining Room,0.00,42.70,3.54,10.00,0.00,00:36:55
12060 Potranco Road,69,8/19/25 9:32 AM,Melissa  Urena,,Drive Thru,0.00,1.00,0.08,0.00,0.00,00:02:42
12060 Potranco Road,70,8/19/25 9:33 AM,Melissa  Urena,,Drive Thru,0.00,4.49,0.37,0.00,0.00,00:02:41
12060 Potranco Road,68,8/19/25 9:32 AM,Sugey Cabrera,34,Dining Room,0.00,22.65,1.86,5.49,0.00,00:30:08
12060 Potranco Road,71,8/19/25 9:40 AM,Melissa  Urena,,Dining Room,0.00,11.98,0.99,0.00,0.00,00:03:07
12060 Potranco Road,72,8/19/25 9:41 AM,Melissa  Urena,,Drive Thru,0.00,10.06,0.83,0.00,0.00,00:03:35
12060 Potranco Road,73,8/19/25 9:41 AM,Candy Del Angel,,Dining Room,0.00,13.94,1.15,0.00,0.00,00:00:36
12060 Potranco Road,75,8/19/25 9:42 AM,Melissa  Urena,,Drive Thru,0.00,7.78,0.65,0.00,0.00,00:07:47
12060 Potranco Road,78,8/19/25 9:43 AM,Melissa  Urena,,Drive Thru,0.00,15.63,1.29,3.44,0.00,00:09:59
12060 Potranco Road,77,8/19/25 9:43 AM,Emanuel Sanchez,2,Dining Room,0.00,27.99,2.32,5.00,0.00,00:40:55
12060 Potranco Road,79,8/19/25 9:52 AM,Sugey Cabrera,31,Dining Room,0.52,13.64,1.13,5.00,0.00,01:03:09
12060 Potranco Road,80,8/19/25 9:57 AM,Melissa  Urena,,Drive Thru,0.00,55.74,4.59,0.00,0.00,00:07:12
12060 Potranco Road,81,8/19/25 9:57 AM,Lizbeth Garcia,28,Dining Room,0.00,44.52,3.68,10.00,0.00,00:40:08
12060 Potranco Road,82,8/19/25 9:59 AM,Emanuel Sanchez,29,Dining Room,0.00,22.36,1.85,3.00,0.00,00:38:18
12060 Potranco Road,83,8/19/25 10:01 AM,Melissa  Urena,,Dining Room,0.00,13.56,1.12,2.03,0.00,00:03:50
12060 Potranco Road,84,8/19/25 10:03 AM,Melissa  Urena,,Drive Thru,0.00,30.28,2.50,3.65,0.00,00:30:19
12060 Potranco Road,85,8/19/25 10:04 AM,Melissa  Urena,,Drive Thru,0.00,7.16,0.59,0.00,0.00,00:06:02
12060 Potranco Road,86,8/19/25 10:04 AM,Melissa  Urena,,Drive Thru,0.00,9.46,0.78,0.00,0.00,00:07:52
12060 Potranco Road,87,8/19/25 10:08 AM,Melissa  Urena,,Drive Thru,0.00,12.45,1.02,0.00,0.00,00:06:05
12060 Potranco Road,88,8/19/25 10:13 AM,Melissa  Urena,,Drive Thru,0.00,5.58,0.46,5.00,0.00,00:01:53
12060 Potranco Road,89,8/19/25 10:14 AM,Melissa  Urena,,Drive Thru,0.00,6.38,0.52,0.00,0.00,00:03:28
12060 Potranco Road,90,8/19/25 10:15 AM,Sugey Cabrera,1,Dining Room,0.00,3.98,0.32,0.00,0.00,00:32:59
12060 Potranco Road,93,8/19/25 10:21 AM,Melissa  Urena,,Drive Thru,0.00,24.93,2.06,1.00,0.00,00:05:27
12060 Potranco Road,92,8/19/25 10:20 AM,Lizbeth Garcia,16,Dining Room,0.00,25.96,2.14,0.00,0.00,00:35:50
12060 Potranco Road,95,8/19/25 10:26 AM,Melissa  Urena,,Drive Thru,0.00,8.95,0.74,0.00,0.00,00:08:23
12060 Potranco Road,96,8/19/25 10:30 AM,Melissa  Urena,,Drive Thru,0.00,11.55,0.95,0.00,0.00,00:09:43
12060 Potranco Road,97,8/19/25 10:33 AM,Melissa  Urena,,Drive Thru,0.00,18.06,1.48,0.00,0.00,00:07:43
12060 Potranco Road,98,8/19/25 10:35 AM,Emanuel Sanchez,,Dining Room,0.00,30.40,2.51,0.00,0.00,00:09:38
12060 Potranco Road,100,8/19/25 10:42 AM,Melissa  Urena,,Drive Thru,0.00,7.99,0.66,0.00,0.00,00:01:01
12060 Potranco Road,99,8/19/25 10:42 AM,Sugey Cabrera,20,Dining Room,0.00,26.96,2.22,5.00,0.00,00:22:40
12060 Potranco Road,102,8/19/25 10:45 AM,Sugey Cabrera,,Dining Room,0.00,3.58,0.30,1.00,0.00,00:16:09
12060 Potranco Road,104,8/19/25 10:46 AM,Melissa  Urena,,Drive Thru,0.00,6.99,0.58,0.00,0.00,00:01:44
12060 Potranco Road,103,8/19/25 10:46 AM,Emanuel Sanchez,2,Dining Room,0.00,38.96,3.21,8.00,0.00,00:32:32
12060 Potranco Road,105,8/19/25 10:47 AM,Melissa  Urena,,Drive Thru,0.00,14.46,1.19,0.00,0.00,00:03:23
12060 Potranco Road,106,8/19/25 10:49 AM,Melissa  Urena,,Drive Thru,0.00,26.01,2.14,0.00,0.00,00:02:42
12060 Potranco Road,107,8/19/25 10:50 AM,Candy Del Angel,,Dining Room,0.00,3.99,0.33,0.00,0.00,00:00:42
12060 Potranco Road,109,8/19/25 10:52 AM,Melissa  Urena,,Drive Thru,0.00,10.16,0.84,0.00,0.00,00:07:12
12060 Potranco Road,108,8/19/25 10:52 AM,Candy Del Angel,,Dining Room,0.00,0.00,0.00,0.00,0.00,00:01:07
12060 Potranco Road,111,8/19/25 10:56 AM,Melissa  Urena,,Drive Thru,0.00,5.58,0.46,0.00,0.00,00:04:48
12060 Potranco Road,112,8/19/25 10:59 AM,Melissa  Urena,,Drive Thru,0.00,17.94,1.48,0.00,0.00,00:03:55
12060 Potranco Road,113,8/19/25 11:03 AM,Melissa  Urena,,Drive Thru,0.00,5.28,0.44,0.79,0.00,00:02:47
12060 Potranco Road,115,8/19/25 11:10 AM,Melissa  Urena,,Drive Thru,0.00,32.55,2.70,0.00,0.00,00:00:51
12060 Potranco Road,116,8/19/25 11:11 AM,Melissa  Urena,,Drive Thru,0.00,24.16,1.99,0.00,0.00,00:20:18
12060 Potranco Road,117,8/19/25 11:13 AM,Melissa  Urena,,Drive Thru,0.00,4.28,0.35,0.94,0.00,00:06:34
12060 Potranco Road,118,8/19/25 11:17 AM,Melissa  Urena,,Drive Thru,0.00,5.97,0.48,0.00,0.00,00:05:24
12060 Potranco Road,120,8/19/25 11:22 AM,Emanuel Sanchez,22,Dining Room,0.00,25.88,2.12,4.00,0.00,01:41:24
12060 Potranco Road,122,8/19/25 11:24 AM,Melissa  Urena,,Drive Thru,0.00,6.99,0.58,0.00,0.00,00:01:43
12060 Potranco Road,121,8/19/25 11:23 AM,Lizbeth Garcia,14,Dining Room,0.00,35.93,2.97,10.00,0.00,00:40:21
12060 Potranco Road,125,8/19/25 11:27 AM,Sugey Cabrera,16,Dining Room,0.00,22.87,1.88,0.00,0.00,00:27:34
12060 Potranco Road,124,8/19/25 11:26 AM,Melissa  Urena,,Drive Thru,0.00,18.75,1.54,0.00,0.00,00:08:50
12060 Potranco Road,126,8/19/25 11:30 AM,Lizbeth Garcia,21,Dining Room,0.00,18.37,1.51,7.00,0.00,00:22:50
12060 Potranco Road,127,8/19/25 11:35 AM,Melissa  Urena,,Drive Thru,0.00,12.46,1.03,0.00,0.00,00:03:00
12060 Potranco Road,128,8/19/25 11:35 AM,Emanuel Sanchez,3,Dining Room,0.00,23.54,1.94,4.00,0.00,00:29:11
12060 Potranco Road,129,8/19/25 11:39 AM,Sugey Cabrera,,Dining Room,0.00,2.99,0.25,0.00,0.00,00:00:09
12060 Potranco Road,130,8/19/25 11:41 AM,Melissa  Urena,,Drive Thru,0.00,27.52,2.27,0.00,0.00,00:06:07
12060 Potranco Road,131,8/19/25 11:43 AM,Melissa  Urena,,Drive Thru,0.00,12.87,1.06,2.57,0.00,00:04:44
12060 Potranco Road,132,8/19/25 11:45 AM,Emanuel Sanchez,,Dining Room,0.00,20.05,1.66,0.00,0.00,00:01:09
12060 Potranco Road,133,8/19/25 11:47 AM,Sugey Cabrera,2,Dining Room,0.00,63.08,5.21,0.00,0.00,00:41:46
12060 Potranco Road,134,8/19/25 11:50 AM,Sugey Cabrera,15,Dining Room,0.00,12.93,1.06,6.00,0.00,00:22:24
12060 Potranco Road,136,8/19/25 11:51 AM,Lizbeth Garcia,27,Dining Room,0.00,32.96,2.72,0.00,0.00,00:32:27
12060 Potranco Road,135,8/19/25 11:51 AM,Emanuel Sanchez,5,Dining Room,0.00,18.98,1.57,0.00,0.00,00:31:04
12060 Potranco Road,139,8/19/25 11:56 AM,Melissa  Urena,,Drive Thru,0.00,10.26,0.85,0.00,0.00,00:01:38
12060 Potranco Road,140,8/19/25 11:57 AM,Melissa  Urena,,Drive Thru,0.00,5.77,0.48,1.27,0.00,00:02:11
12060 Potranco Road,141,8/19/25 11:57 AM,Melissa  Urena,,Drive Thru,0.00,9.26,0.76,0.00,0.00,00:19:06
12060 Potranco Road,142,8/19/25 11:58 AM,Lizbeth Garcia,,Dining Room,0.00,11.99,0.99,0.00,0.00,00:00:20
12060 Potranco Road,144,8/19/25 12:04 PM,Melissa  Urena,,Drive Thru,0.00,5.98,0.49,0.00,0.00,00:01:18
12060 Potranco Road,146,8/19/25 12:07 PM,Sugey Cabrera,,Dining Room,0.00,18.56,1.53,5.00,0.00,00:01:32
12060 Potranco Road,148,8/19/25 12:09 PM,Lizbeth Garcia,21,Dining Room,0.00,25.44,2.10,3.00,0.00,00:23:17
12060 Potranco Road,149,8/19/25 12:16 PM,Sugey Cabrera,,Dining Room,0.00,7.99,0.66,0.00,0.00,00:00:27
12060 Potranco Road,151,8/19/25 12:18 PM,Sugey Cabrera,8,Dining Room,0.00,50.48,4.15,11.00,0.00,00:40:55
12060 Potranco Road,150,8/19/25 12:18 PM,Emanuel Sanchez,22,Dining Room,0.00,55.90,4.61,6.00,0.00,00:46:24
12060 Potranco Road,145,8/19/25 12:05 PM,Melissa  Urena,,Drive Thru,0.00,7.94,0.66,0.00,0.00,00:19:24
12060 Potranco Road,152,8/19/25 12:23 PM,Melissa  Urena,,Dining Room,0.00,15.38,1.27,0.00,0.00,00:03:12
12060 Potranco Road,154,8/19/25 12:33 PM,Melissa  Urena,,Drive Thru,0.00,25.95,2.14,0.00,0.00,00:01:04
12060 Potranco Road,156,8/19/25 12:40 PM,Melissa  Urena,,Drive Thru,0.00,6.08,0.50,0.00,0.00,00:01:28
12060 Potranco Road,155,8/19/25 12:38 PM,Lizbeth Garcia,14,Dining Room,0.00,27.22,2.25,6.00,0.00,00:25:51
12060 Potranco Road,158,8/19/25 12:41 PM,Sugey Cabrera,1,Dining Room,0.00,27.96,2.30,0.00,0.00,00:24:17
12060 Potranco Road,157,8/19/25 12:40 PM,Emanuel Sanchez,26,Dining Room,0.00,59.44,4.90,0.00,0.00,00:59:35
12060 Potranco Road,159,8/19/25 12:45 PM,Candy Del Angel,,Dining Room,0.00,14.66,1.20,0.00,0.00,00:00:50
12060 Potranco Road,160,8/19/25 12:49 PM,Emanuel Sanchez,18,Dining Room,0.00,19.68,1.62,5.54,0.00,01:06:14
12060 Potranco Road,161,8/19/25 12:52 PM,Lizbeth Garcia,15,Dining Room,1.40,19.77,1.63,0.00,0.00,00:27:09
12060 Potranco Road,163,8/19/25 12:58 PM,Melissa  Urena,,Drive Thru,0.00,14.98,1.24,0.00,0.00,00:01:56
12060 Potranco Road,167,8/19/25 1:09 PM,Lizbeth Garcia,16,Dining Room,0.00,30.36,2.50,2.00,0.00,00:34:24
12060 Potranco Road,165,8/19/25 1:00 PM,Melissa  Urena,,Drive Thru,0.00,181.60,14.98,39.95,0.00,00:12:53
12060 Potranco Road,168,8/19/25 1:10 PM,Sugey Cabrera,29,Dining Room,0.00,35.68,2.95,0.00,0.00,00:58:32
12060 Potranco Road,166,8/19/25 1:08 PM,Emanuel Sanchez,2,Dining Room,8.25,35.10,2.90,0.00,0.00,00:43:49
12060 Potranco Road,169,8/19/25 1:19 PM,Melissa  Urena,,Drive Thru,0.00,27.90,2.30,0.00,0.00,00:03:23
12060 Potranco Road,171,8/19/25 1:22 PM,Lizbeth Garcia,,Dining Room,0.00,13.99,1.15,0.00,0.00,00:00:43
12060 Potranco Road,170,8/19/25 1:21 PM,Emanuel Sanchez,,Dining Room,0.00,26.37,2.18,0.00,0.00,00:23:21
12060 Potranco Road,172,8/19/25 1:23 PM,Sugey Cabrera,14,Dining Room,0.00,32.81,2.70,10.00,0.00,00:32:43
12060 Potranco Road,173,8/19/25 1:38 PM,Lizbeth Garcia,12,Dining Room,0.00,8.99,0.74,0.00,0.00,00:40:05
12060 Potranco Road,174,8/19/25 1:45 PM,Melissa  Urena,,Drive Thru,0.00,15.56,1.29,0.00,0.00,00:03:57
12060 Potranco Road,175,8/19/25 1:48 PM,Melissa  Urena,,Drive Thru,0.00,11.99,0.99,2.64,0.00,00:01:03
12060 Potranco Road,176,8/19/25 2:10 PM,Melissa  Urena,,Drive Thru,0.00,5.37,0.44,0.00,0.00,00:04:52
12060 Potranco Road,178,8/19/25 2:19 PM,Lizbeth Garcia,,Dining Room,0.00,0.00,0.00,0.00,0.00,00:00:16
12060 Potranco Road,180,8/19/25 2:19 PM,Mario Jimenez,,Dining Room,0.00,4.78,0.40,0.00,0.00,00:01:52
12060 Potranco Road,182,8/19/25 2:22 PM,Mario Jimenez,,Drive Thru,0.00,9.98,0.82,0.00,0.00,00:03:36
12060 Potranco Road,184,8/19/25 2:27 PM,Lisa Velasquez,,Dining Room,0.00,29.25,2.41,0.00,0.00,00:11:22
12060 Potranco Road,185,8/19/25 2:29 PM,Lisa Velasquez,,None,0.96,3.82,0.32,0.00,0.00,05:58:59
12060 Potranco Road,186,8/19/25 2:42 PM,Gabriel Tovar ,,Dining Room,0.00,33.65,2.78,0.00,0.00,06:27:25
12060 Potranco Road,187,8/19/25 3:00 PM,Mario Jimenez,,None,0.00,23.86,1.97,0.00,0.00,00:02:34
12060 Potranco Road,189,8/19/25 3:06 PM,Mario Jimenez,,Dining Room,0.00,13.99,1.15,0.00,0.00,00:09:56
12060 Potranco Road,190,8/19/25 3:07 PM,Gabriel Tovar ,,Dining Room,0.00,14.59,1.21,0.00,0.00,00:18:58
12060 Potranco Road,192,8/19/25 3:09 PM,Mario Jimenez,,Drive Thru,0.00,19.96,1.64,0.00,0.00,00:00:31
12060 Potranco Road,195,8/19/25 3:28 PM,Mario Jimenez,,Dining Room,0.00,7.96,0.66,0.00,0.00,00:00:52
12060 Potranco Road,196,8/19/25 3:33 PM,Lisa Velasquez,15,Dining Room,0.00,27.12,2.25,5.00,0.00,00:22:50
12060 Potranco Road,197,8/19/25 3:39 PM,Mario Jimenez,,Drive Thru,0.00,6.37,0.53,2.00,0.00,00:00:58
12060 Potranco Road,199,8/19/25 4:02 PM,Mario Jimenez,,Dining Room,0.00,13.98,1.16,0.00,0.00,00:24:20
12060 Potranco Road,200,8/19/25 4:15 PM,Mario Jimenez,,Dining Room,0.00,13.36,1.10,0.00,0.00,00:04:21
12060 Potranco Road,198,8/19/25 3:40 PM,Mario Jimenez,,Drive Thru,0.00,27.92,2.30,4.19,0.00,00:41:02
12060 Potranco Road,202,8/19/25 4:22 PM,Gabriel Tovar ,2,Dining Room,0.00,9.99,0.82,5.00,0.00,00:23:13
12060 Potranco Road,201,8/19/25 4:20 PM,Mario Jimenez,,Drive Thru,0.00,15.98,1.32,0.00,0.00,00:13:10
12060 Potranco Road,203,8/19/25 4:35 PM,Lisa Velasquez,26,Dining Room,6.85,37.01,3.04,0.00,0.00,00:42:35
12060 Potranco Road,204,8/19/25 4:55 PM,Mario Jimenez,,Drive Thru,1.52,13.66,1.13,0.00,0.00,00:01:10
12060 Potranco Road,205,8/19/25 5:00 PM,Mario Jimenez,,Drive Thru,6.56,4.99,0.41,2.00,0.00,00:07:12
12060 Potranco Road,207,8/19/25 5:02 PM,Lisa Velasquez,2,Dining Room,1.68,60.71,5.00,10.00,0.00,00:44:17
12060 Potranco Road,208,8/19/25 5:03 PM,Gabriel Tovar ,,Dining Room,0.00,32.97,2.71,0.00,0.00,00:02:06
12060 Potranco Road,209,8/19/25 5:06 PM,Gabriel Tovar ,12,Dining Room,0.00,17.98,1.48,7.00,0.00,00:26:28
12060 Potranco Road,206,8/19/25 5:01 PM,Mario Jimenez,,Drive Thru,0.00,30.67,2.53,4.60,0.00,00:12:42
12060 Potranco Road,210,8/19/25 5:12 PM,Mario Jimenez,,Drive Thru,0.00,12.99,1.07,0.00,0.00,00:10:41
12060 Potranco Road,212,8/19/25 5:22 PM,Gabriel Tovar ,4,Dining Room,0.00,15.27,1.25,0.00,0.00,00:21:04
12060 Potranco Road,213,8/19/25 5:30 PM,Mario Jimenez,,Drive Thru,0.00,34.55,2.85,7.60,0.00,00:01:31
12060 Potranco Road,216,8/19/25 5:38 PM,Lisa Velasquez,3,Dining Room,0.00,56.65,4.66,15.00,0.00,01:04:41
12060 Potranco Road,215,8/19/25 5:38 PM,Gabriel Tovar ,16,Dining Room,1.60,31.66,2.61,0.00,0.00,00:31:45
12060 Potranco Road,217,8/19/25 5:51 PM,Lisa Velasquez,5,Dining Room,0.00,27.98,2.30,5.60,0.00,00:27:53
12060 Potranco Road,214,8/19/25 5:31 PM,Mario Jimenez,,Drive Thru,0.00,21.56,1.78,4.31,0.00,00:48:19
12060 Potranco Road,219,8/19/25 6:28 PM,Mario Jimenez,,Dining Room,0.00,37.11,3.06,0.00,0.00,00:18:46
12060 Potranco Road,220,8/19/25 6:30 PM,Gabriel Tovar ,,Dining Room,12.98,0.00,0.00,0.00,0.00,02:39:19
12060 Potranco Road,221,8/19/25 6:31 PM,Gabriel Tovar ,20,Dining Room,0.00,23.45,1.94,0.00,0.00,00:20:26
12060 Potranco Road,222,8/19/25 6:50 PM,Gabriel Tovar ,,Dining Room,1.20,46.75,3.85,5.00,0.00,00:03:30
12060 Potranco Road,223,8/19/25 6:57 PM,Mario Jimenez,,Dining Room,0.00,7.98,0.66,0.00,0.00,00:03:37
12060 Potranco Road,224,8/19/25 6:59 PM,Mario Jimenez,,Drive Thru,0.00,7.99,0.66,0.00,0.00,00:00:23
12060 Potranco Road,225,8/19/25 7:01 PM,Lisa Velasquez,15,Dining Room,0.00,16.98,1.40,0.00,0.00,00:36:36
12060 Potranco Road,226,8/19/25 7:06 PM,Lisa Velasquez,26,Dining Room,0.00,24.94,2.06,5.00,0.00,00:28:22
12060 Potranco Road,227,8/19/25 7:06 PM,Gabriel Tovar ,6,Dining Room,0.00,37.95,3.13,7.59,0.00,00:21:38
12060 Potranco Road,228,8/19/25 7:09 PM,Mario Jimenez,,Dining Room,0.00,18.38,1.52,4.04,0.00,00:19:56
12060 Potranco Road,229,8/19/25 7:10 PM,Mario Jimenez,,Drive Thru,0.00,4.58,0.38,0.00,0.00,00:00:26
12060 Potranco Road,231,8/19/25 7:11 PM,Gabriel Tovar ,2,Dining Room,0.00,76.88,6.33,10.00,0.00,00:37:53
12060 Potranco Road,232,8/19/25 7:19 PM,Mario Jimenez,,None,0.00,11.99,0.99,1.80,0.00,00:01:13
12060 Potranco Road,234,8/19/25 7:36 PM,Lisa Velasquez,18,Dining Room,0.00,26.47,2.18,6.00,0.00,00:31:54
12060 Potranco Road,235,8/19/25 8:53 PM,Mario Jimenez,,Drive Thru,10.30,7.37,0.61,2.65,0.00,00:01:26
