Employee,Job Title,Regular Hours,Overtime Hours,Hourly Rate,Regular Pay,Overtime Pay,Total Pay,Net Sales,Declared Tips,Non-Cash Tips,Total Tips,Tips Withheld,Total Gratuity,Employee ID,Job Code,Location,Location Code
"Barton, Arion",Cook,5.19,0.0,13.00,67.47,0.00,67.47,0.00,,0.00,0.00,0.00,0.00,,,12060 Potranco Road,
"Cabrera, Sugey",Server,6.31,0.0,3.00,18.93,0.00,18.93,417.56,0.00,60.49,60.49,0.00,0.00,,,12060 Potranco Road,
"Cardenas, Salvador",Cook,22.4,0.0,15.00,336.00,0.00,336.00,0.00,0.00,0.00,0.00,0.00,0.00,,,12060 Potranco Road,
"Del Angel, Candy",Shift Manager / Assistant Manager,8.55,0.0,,,,,58.21,,3.00,3.00,0.00,0.00,,,12060 Potranco Road,
"Farias, Claudia",Cook,9.06,0.0,15.00,135.90,0.00,135.90,0.00,,0.00,0.00,0.00,0.00,,,12060 Potranco Road,
"Garcia, Lizbeth",Server,8.09,0.0,3.00,24.27,0.00,24.27,364.80,0.00,52.00,52.00,0.00,0.00,,,12060 Potranco Road,
"Jimenez, Mario",Driver,6.84,0.0,14.00,95.76,0.00,95.76,371.96,0.00,33.19,33.19,0.00,0.00,,,12060 Potranco Road,
"Ojeda, George",Runner,6.98,0.0,12.50,87.25,0.00,87.25,0.00,,0.00,0.00,0.00,0.00,,,12060 Potranco Road,
"Rosales, Elsa",Tortillera,7.11,0.0,13.00,92.43,0.00,92.43,0.00,,0.00,0.00,0.00,0.00,,,12060 Potranco Road,
"Sanchez, Emanuel",Server,7.19,0.0,3.00,21.57,0.00,21.57,474.92,5.00,45.66,50.66,0.00,0.00,,,12060 Potranco Road,
"Tovar , Gabriel",Shift Leader,7.29,0.0,,,,,341.14,,34.59,34.59,0.00,0.00,,,12060 Potranco Road,
"Urena, Melissa ",Host,8.21,0.0,12.00,98.52,0.00,98.52,1176.84,0.00,83.97,83.97,0.00,0.00,,,12060 Potranco Road,
"Vega, Estela",Tortillera,9.19,0.0,15.00,137.85,0.00,137.85,0.00,,0.00,0.00,0.00,0.00,,,12060 Potranco Road,
"Velasquez, Lisa",Server,7.05,0.0,3.00,21.15,0.00,21.15,310.93,3.00,46.60,49.60,0.00,0.00,,,12060 Potranco Road,
"vanenzuela, felix",Cook,6.88,0.0,,,,,0.00,,0.00,0.00,0.00,0.00,,,12060 Potranco Road,
