Employee,Job Title,In Date,Out Date,Auto Clock-out,Total Hours,Unpaid Break Time,Paid Break Time,Payable Hours
"Vega, Estela",Tortillera,8/19/25 4:51 AM,8/19/25 2:02 PM,No,9.19,0.00,0.00,9.19
"Farias, Claudia",Cook,8/19/25 5:06 AM,8/19/25 2:10 PM,No,9.06,0.00,0.00,9.06
"Cardenas, Salvador",Cook,8/19/25 5:36 AM,8/20/25 4:00 AM,Yes,22.40,0.00,0.00,22.40
"Urena, Melissa ",Host,8/19/25 6:09 AM,8/19/25 2:21 PM,No,8.21,0.00,0.00,8.21
"Garcia, Lizbeth",Server,8/19/25 6:20 AM,8/19/25 2:25 PM,No,8.09,0.00,0.00,8.09
"Del Angel, Candy",Shift Manager / Assistant Manager,8/19/25 6:25 AM,8/19/25 2:58 PM,No,8.55,0.00,0.00,8.55
"Sanchez, Emanuel",Server,8/19/25 7:09 AM,8/19/25 2:21 PM,No,7.19,0.00,0.00,7.19
"Cabrera, Sugey",Server,8/19/25 8:12 AM,8/19/25 2:30 PM,No,6.31,0.00,0.00,6.31
"Barton, Arion",Cook,8/19/25 8:59 AM,8/19/25 2:10 PM,No,5.19,0.00,0.00,5.19
"Tovar , Gabriel",Shift Leader,8/19/25 2:01 PM,8/19/25 9:10 PM,No,7.15,0.00,0.00,7.15
"Rosales, Elsa",Tortillera,8/19/25 2:02 PM,8/19/25 9:08 PM,No,7.11,0.00,0.00,7.11
"Velasquez, Lisa",Server,8/19/25 2:04 PM,8/19/25 9:07 PM,No,7.05,0.00,0.00,7.05
"Ojeda, George",Runner,8/19/25 2:09 PM,8/19/25 9:08 PM,No,6.98,0.00,0.00,6.98
"Jimenez, Mario",Driver,8/19/25 2:11 PM,8/19/25 9:01 PM,No,6.84,0.00,0.00,6.84
"vanenzuela, felix",Cook,8/19/25 2:16 PM,8/19/25 9:09 PM,No,6.88,0.00,0.00,6.88
"Tovar , Gabriel",Shift Leader,8/19/25 9:10 PM,8/19/25 9:18 PM,No,0.14,0.00,0.00,0.14
