Location,Server,Check #,Table,Station,Expediter Level,Fired Date,Fulfilled Date,Fulfillment Time,Fulfilled By
Tink-a-Tako - Potranco,Daniela Torres,1,,Lobby,,8/19/25 6:32 AM,8/19/25 6:36 AM,3 minutes and 8 seconds,Zoila Salinas
Tink-a-Tako - Potranco,Daniela Torres,3,,Lobby,,8/19/25 6:33 AM,8/19/25 6:36 AM,3 minutes and 7 seconds,Zoila Salinas
Tink-a-Tako - Potranco,Daniela Torres,4,,Lobby,,8/19/25 6:34 AM,8/19/25 6:37 AM,2 minutes and 48 seconds,Zoila Salinas
Tink-a-Tako - Potranco,Daniela Torres,5,,Lobby,,8/19/25 6:40 AM,8/19/25 6:41 AM,46 seconds,Zoila Salinas
Tink-a-Tako - Potranco,Maria Majana,2,,Lobby,,8/19/25 6:41 AM,8/19/25 6:45 AM,3 minutes and 36 seconds,Zoila Salinas
Tink-a-Tako - Potranco,Daniela Torres,6,,Lobby,,8/19/25 6:44 AM,8/19/25 6:46 AM,1 minute and 50 seconds,Zoila Salinas
Tink-a-Tako - Potranco,Daniela Torres,7,,Prep,,8/19/25 6:47 AM,8/19/25 6:48 AM,1 minute and 8 seconds,Zoila Salinas
Tink-a-Tako - Potranco,Daniela Torres,7,,Lobby,,8/19/25 6:47 AM,8/19/25 6:48 AM,1 minute and 8 seconds,Zoila Salinas
Tink-a-Tako - Potranco,Daniela Torres,9,,Lobby,,8/19/25 6:50 AM,8/19/25 6:51 AM,1 minute,Zoila Salinas
Tink-a-Tako - Potranco,Daniela Torres,10,,Lobby,,8/19/25 6:51 AM,8/19/25 6:52 AM,1 minute and 3 seconds,Zoila Salinas
Tink-a-Tako - Potranco,Daniela Torres,12,,Lobby,,8/19/25 6:53 AM,8/19/25 6:53 AM,5 seconds,Zoila Salinas
Tink-a-Tako - Potranco,Daniela Torres,11,,Lobby,,8/19/25 6:52 AM,8/19/25 6:53 AM,32 seconds,Zoila Salinas
Tink-a-Tako - Potranco,Daniela Torres,13,,Lobby,,8/19/25 6:53 AM,8/19/25 6:54 AM,57 seconds,Zoila Salinas
Tink-a-Tako - Potranco,Daniela Torres,14,,Lobby,,8/19/25 6:54 AM,8/19/25 6:55 AM,51 seconds,Zoila Salinas
Tink-a-Tako - Potranco,Daniela Torres,15,,Lobby,,8/19/25 7:02 AM,8/19/25 7:04 AM,2 minutes and 22 seconds,Zoila Salinas
Tink-a-Tako - Potranco,Daniela Torres,18,,Lobby,,8/19/25 7:07 AM,8/19/25 7:08 AM,1 minute and 5 seconds,Zoila Salinas
Tink-a-Tako - Potranco,Daniela Torres,19,,Lobby,,8/19/25 7:10 AM,8/19/25 7:11 AM,1 minute and 9 seconds,Zoila Salinas
Tink-a-Tako - Potranco,Daniela Torres,20,,Lobby,,8/19/25 7:11 AM,8/19/25 7:12 AM,41 seconds,Zoila Salinas
Tink-a-Tako - Potranco,Maria Majana,2,,,2,8/19/25 6:45 AM,8/19/25 7:13 AM,28 minutes and 46 seconds,Zoila Salinas
Tink-a-Tako - Potranco,Maria Majana,22,,Lobby,,8/19/25 7:13 AM,8/19/25 7:16 AM,2 minutes and 55 seconds,Zoila Salinas
Tink-a-Tako - Potranco,Daniela Torres,23,,Lobby,,8/19/25 7:16 AM,8/19/25 7:17 AM,1 minute and 29 seconds,Zoila Salinas
Tink-a-Tako - Potranco,Daniela Torres,24,,Lobby,,8/19/25 7:19 AM,8/19/25 7:21 AM,1 minute and 41 seconds,Zoila Salinas
Tink-a-Tako - Potranco,Daniela Torres,25,,Lobby,,8/19/25 7:27 AM,8/19/25 7:28 AM,58 seconds,Zoila Salinas
Tink-a-Tako - Potranco,Daniela Torres,26,,Lobby,,8/19/25 7:28 AM,8/19/25 7:30 AM,1 minute and 35 seconds,Zoila Salinas
Tink-a-Tako - Potranco,Zoila Salinas,28,,Lobby,,8/19/25 7:30 AM,8/19/25 7:31 AM,1 minute and 30 seconds,Zoila Salinas
Tink-a-Tako - Potranco,Daniela Torres,29,,Lobby,,8/19/25 7:30 AM,8/19/25 7:31 AM,1 minute and 32 seconds,Zoila Salinas
Tink-a-Tako - Potranco,Daniela Torres,32,,Lobby,,8/19/25 7:33 AM,8/19/25 7:35 AM,1 minute and 27 seconds,Zoila Salinas
Tink-a-Tako - Potranco,Maria Majana,31,11,Lobby,,8/19/25 7:33 AM,8/19/25 7:36 AM,2 minutes and 29 seconds,Zoila Salinas
Tink-a-Tako - Potranco,Daniela Torres,34,,Lobby,,8/19/25 7:38 AM,8/19/25 7:39 AM,1 minute and 30 seconds,Zoila Salinas
Tink-a-Tako - Potranco,Daniela Torres,38,,Lobby,,8/19/25 7:43 AM,8/19/25 7:44 AM,35 seconds,Zoila Salinas
Tink-a-Tako - Potranco,Maria Majana,35,18,Lobby,,8/19/25 7:41 AM,8/19/25 7:46 AM,4 minutes and 54 seconds,Zoila Salinas
Tink-a-Tako - Potranco,Maria Majana,35,18,Tortillero,,8/19/25 7:41 AM,8/19/25 7:46 AM,4 minutes and 54 seconds,Zoila Salinas
Tink-a-Tako - Potranco,Maria Majana,35,18,Prep,,8/19/25 7:41 AM,8/19/25 7:46 AM,4 minutes and 54 seconds,Zoila Salinas
Tink-a-Tako - Potranco,Maria Majana,35,18,Lobby,,8/19/25 7:45 AM,8/19/25 7:46 AM,1 minute and 19 seconds,Zoila Salinas
Tink-a-Tako - Potranco,Daniela Torres,37,,Lobby,,8/19/25 7:42 AM,8/19/25 7:47 AM,4 minutes and 6 seconds,Zoila Salinas
Tink-a-Tako - Potranco,Maria Majana,36,25,Lobby,,8/19/25 7:44 AM,8/19/25 7:47 AM,3 minutes and 29 seconds,Zoila Salinas
Tink-a-Tako - Potranco,Daniela Torres,40,,Lobby,,8/19/25 7:45 AM,8/19/25 7:47 AM,2 minutes and 10 seconds,Zoila Salinas
Tink-a-Tako - Potranco,Daniela Torres,39,,Lobby,,8/19/25 7:45 AM,8/19/25 7:48 AM,3 minutes and 19 seconds,Zoila Salinas
Tink-a-Tako - Potranco,Daniela Torres,43,,Tortillero,,8/19/25 7:48 AM,8/19/25 7:49 AM,26 seconds,Zoila Salinas
Tink-a-Tako - Potranco,Daniela Torres,43,,Prep,,8/19/25 7:48 AM,8/19/25 7:49 AM,26 seconds,Zoila Salinas
Tink-a-Tako - Potranco,Daniela Torres,43,,Lobby,,8/19/25 7:48 AM,8/19/25 7:49 AM,26 seconds,Zoila Salinas
Tink-a-Tako - Potranco,Daniela Torres,44,,Lobby,,8/19/25 7:51 AM,8/19/25 7:51 AM,23 seconds,Zoila Salinas
Tink-a-Tako - Potranco,Daniela Torres,45,,Lobby,,8/19/25 7:51 AM,8/19/25 7:52 AM,38 seconds,Zoila Salinas
Tink-a-Tako - Potranco,Zoila Salinas,28,,,2,8/19/25 7:31 AM,8/19/25 7:53 AM,21 minutes and 43 seconds,Zoila Salinas
Tink-a-Tako - Potranco,Maria Majana,31,11,,2,8/19/25 7:36 AM,8/19/25 7:53 AM,17 minutes and 15 seconds,Zoila Salinas
Tink-a-Tako - Potranco,Maria Majana,36,25,,2,8/19/25 7:47 AM,8/19/25 7:53 AM,5 minutes and 50 seconds,Zoila Salinas
Tink-a-Tako - Potranco,Maria Majana,35,18,,2,8/19/25 7:46 AM,8/19/25 7:53 AM,6 minutes and 54 seconds,Zoila Salinas
Tink-a-Tako - Potranco,Maria Majana,35,18,,2,8/19/25 7:46 AM,8/19/25 7:53 AM,6 minutes and 59 seconds,Zoila Salinas
Tink-a-Tako - Potranco,Maria Majana,22,,,2,8/19/25 7:16 AM,8/19/25 7:54 AM,38 minutes and 20 seconds,Zoila Salinas
Tink-a-Tako - Potranco,Maria Majana,42,37,Lobby,,8/19/25 7:47 AM,8/19/25 7:56 AM,8 minutes and 59 seconds,Zoila Salinas
Tink-a-Tako - Potranco,Daniela Torres,46,,Lobby,,8/19/25 7:57 AM,8/19/25 7:58 AM,57 seconds,Zoila Salinas
Tink-a-Tako - Potranco,Daniela Torres,48,,Lobby,,8/19/25 7:58 AM,8/19/25 7:58 AM,23 seconds,Zoila Salinas
Tink-a-Tako - Potranco,Daniela Torres,47,,Lobby,,8/19/25 7:58 AM,8/19/25 7:59 AM,1 minute and 31 seconds,Zoila Salinas
Tink-a-Tako - Potranco,Daniela Torres,50,,Lobby,,8/19/25 8:00 AM,8/19/25 8:01 AM,36 seconds,Zoila Salinas
Tink-a-Tako - Potranco,Daniela Torres,49,,Prep,,8/19/25 7:59 AM,8/19/25 8:01 AM,2 minutes and 13 seconds,Zoila Salinas
Tink-a-Tako - Potranco,Daniela Torres,49,,Lobby,,8/19/25 7:59 AM,8/19/25 8:01 AM,2 minutes and 13 seconds,Zoila Salinas
Tink-a-Tako - Potranco,Maria Majana,42,37,,2,8/19/25 7:56 AM,8/19/25 8:09 AM,12 minutes and 45 seconds,Zoila Salinas
Tink-a-Tako - Potranco,Daniela Torres,52,,Lobby,,8/19/25 8:09 AM,8/19/25 8:11 AM,1 minute and 45 seconds,Zoila Salinas
Tink-a-Tako - Potranco,Daniela Torres,53,,Lobby,,8/19/25 8:11 AM,8/19/25 8:12 AM,1 minute and 39 seconds,Zoila Salinas
Tink-a-Tako - Potranco,Giselle Cisneross,51,,Prep,,8/19/25 8:11 AM,8/19/25 8:13 AM,1 minute and 58 seconds,Zoila Salinas
Tink-a-Tako - Potranco,Giselle Cisneross,51,,Lobby,,8/19/25 8:11 AM,8/19/25 8:13 AM,1 minute and 58 seconds,Zoila Salinas
Tink-a-Tako - Potranco,Daniela Torres,55,,Lobby,,8/19/25 8:13 AM,8/19/25 8:14 AM,1 minute and 40 seconds,Zoila Salinas
Tink-a-Tako - Potranco,Daniela Torres,53,,Prep,,8/19/25 8:13 AM,8/19/25 8:14 AM,1 minute and 11 seconds,Zoila Salinas
Tink-a-Tako - Potranco,Daniela Torres,53,,Lobby,,8/19/25 8:13 AM,8/19/25 8:14 AM,1 minute and 11 seconds,Zoila Salinas
Tink-a-Tako - Potranco,Daniela Torres,56,,Lobby,,8/19/25 8:15 AM,8/19/25 8:17 AM,2 minutes and 4 seconds,Zoila Salinas
Tink-a-Tako - Potranco,Daniela Torres,58,,Lobby,,8/19/25 8:17 AM,8/19/25 8:17 AM,38 seconds,Zoila Salinas
Tink-a-Tako - Potranco,Daniela Torres,62,,Lobby,,8/19/25 8:21 AM,8/19/25 8:22 AM,44 seconds,Zoila Salinas
Tink-a-Tako - Potranco,Daniela Torres,63,,Lobby,,8/19/25 8:22 AM,8/19/25 8:22 AM,45 seconds,Zoila Salinas
Tink-a-Tako - Potranco,Maria Majana,61,23,Lobby,,8/19/25 8:22 AM,8/19/25 8:23 AM,1 minute and 43 seconds,Zoila Salinas
Tink-a-Tako - Potranco,Daniela Torres,64,,Lobby,,8/19/25 8:25 AM,8/19/25 8:25 AM,33 seconds,Zoila Salinas
Tink-a-Tako - Potranco,Daniela Torres,65,,Lobby,,8/19/25 8:26 AM,8/19/25 8:27 AM,36 seconds,Zoila Salinas
Tink-a-Tako - Potranco,Daniela Torres,66,,Lobby,,8/19/25 8:29 AM,8/19/25 8:30 AM,1 minute and 8 seconds,Zoila Salinas
Tink-a-Tako - Potranco,Daniela Torres,70,,Lobby,,8/19/25 8:34 AM,8/19/25 8:35 AM,1 minute and 28 seconds,Zoila Salinas
Tink-a-Tako - Potranco,Daniela Torres,68,,Lobby,,8/19/25 8:33 AM,8/19/25 8:35 AM,2 minutes and 50 seconds,Zoila Salinas
Tink-a-Tako - Potranco,Daniela Torres,69,,Lobby,,8/19/25 8:33 AM,8/19/25 8:36 AM,2 minutes and 39 seconds,Zoila Salinas
Tink-a-Tako - Potranco,Daniela Torres,71,,Lobby,,8/19/25 8:37 AM,8/19/25 8:38 AM,1 minute and 25 seconds,Zoila Salinas
Tink-a-Tako - Potranco,Isabel Cisneros,72,32,Lobby,,8/19/25 8:38 AM,8/19/25 8:40 AM,1 minute and 16 seconds,Zoila Salinas
Tink-a-Tako - Potranco,Daniela Torres,73,,Lobby,,8/19/25 8:39 AM,8/19/25 8:40 AM,1 minute and 18 seconds,Zoila Salinas
Tink-a-Tako - Potranco,Isabel Cisneros,72,32,,2,8/19/25 8:40 AM,8/19/25 8:41 AM,49 seconds,Zoila Salinas
Tink-a-Tako - Potranco,Maria Majana,61,23,,2,8/19/25 8:23 AM,8/19/25 8:41 AM,17 minutes and 6 seconds,Zoila Salinas
Tink-a-Tako - Potranco,Giselle Cisneross,51,,,2,8/19/25 8:13 AM,8/19/25 8:41 AM,27 minutes and 46 seconds,Zoila Salinas
Tink-a-Tako - Potranco,Maria Majana,61,23,Lobby,,8/19/25 8:40 AM,8/19/25 8:41 AM,28 seconds,Zoila Salinas
Tink-a-Tako - Potranco,Maria Majana,61,23,,2,8/19/25 8:41 AM,8/19/25 8:41 AM,18 seconds,Zoila Salinas
Tink-a-Tako - Potranco,Daniela Torres,74,,Lobby,,8/19/25 8:41 AM,8/19/25 8:42 AM,1 minute and 11 seconds,Zoila Salinas
Tink-a-Tako - Potranco,Daniela Torres,75,,Lobby,,8/19/25 8:42 AM,8/19/25 8:45 AM,2 minutes and 57 seconds,Zoila Salinas
Tink-a-Tako - Potranco,Daniela Torres,77,,Lobby,,8/19/25 8:46 AM,8/19/25 8:47 AM,1 minute and 15 seconds,Zoila Salinas
Tink-a-Tako - Potranco,Daniela Torres,76,,Lobby,,8/19/25 8:46 AM,8/19/25 8:48 AM,1 minute and 45 seconds,Zoila Salinas
Tink-a-Tako - Potranco,Daniela Torres,77,,Lobby,,8/19/25 8:47 AM,8/19/25 8:48 AM,1 minute and 9 seconds,Zoila Salinas
Tink-a-Tako - Potranco,Giselle Cisneross,79,,Lobby,,8/19/25 8:51 AM,8/19/25 8:52 AM,1 minute and 18 seconds,Zoila Salinas
Tink-a-Tako - Potranco,Daniela Torres,81,,Lobby,,8/19/25 8:52 AM,8/19/25 8:52 AM,46 seconds,Zoila Salinas
Tink-a-Tako - Potranco,Daniela Torres,82,,Lobby,,8/19/25 8:52 AM,8/19/25 8:53 AM,1 minute and 13 seconds,Zoila Salinas
Tink-a-Tako - Potranco,Daniela Torres,82,,Prep,,8/19/25 8:52 AM,8/19/25 8:53 AM,1 minute and 13 seconds,Zoila Salinas
Tink-a-Tako - Potranco,Daniela Torres,83,,Lobby,,8/19/25 8:53 AM,8/19/25 8:55 AM,2 minutes and 30 seconds,Zoila Salinas
Tink-a-Tako - Potranco,Daniela Torres,85,,Lobby,,8/19/25 8:55 AM,8/19/25 8:57 AM,1 minute and 22 seconds,Zoila Salinas
Tink-a-Tako - Potranco,Daniela Torres,86,,Lobby,,8/19/25 8:56 AM,8/19/25 8:58 AM,1 minute and 27 seconds,Zoila Salinas
Tink-a-Tako - Potranco,Daniela Torres,87,,Prep,,8/19/25 8:57 AM,8/19/25 8:59 AM,1 minute and 27 seconds,Zoila Salinas
Tink-a-Tako - Potranco,Daniela Torres,87,,Lobby,,8/19/25 8:57 AM,8/19/25 8:59 AM,1 minute and 27 seconds,Zoila Salinas
Tink-a-Tako - Potranco,Daniela Torres,86,,Lobby,,8/19/25 8:57 AM,8/19/25 9:01 AM,4 minutes and 5 seconds,Zoila Salinas
Tink-a-Tako - Potranco,Daniela Torres,86,,Prep,,8/19/25 8:57 AM,8/19/25 9:01 AM,4 minutes and 5 seconds,Zoila Salinas
Tink-a-Tako - Potranco,Daniela Torres,88,,Lobby,,8/19/25 8:58 AM,8/19/25 9:01 AM,3 minutes and 24 seconds,Zoila Salinas
Tink-a-Tako - Potranco,Maria Majana,80,23,Lobby,,8/19/25 9:02 AM,8/19/25 9:02 AM,26 seconds,Zoila Salinas
Tink-a-Tako - Potranco,Maria Majana,80,23,Lobby,,8/19/25 9:02 AM,8/19/25 9:02 AM,20 seconds,Zoila Salinas
Tink-a-Tako - Potranco,Daniela Torres,90,,Lobby,,8/19/25 9:03 AM,8/19/25 9:04 AM,1 minute and 36 seconds,Zoila Salinas
Tink-a-Tako - Potranco,Daniela Torres,91,,Lobby,,8/19/25 9:04 AM,8/19/25 9:05 AM,1 minute and 3 seconds,Zoila Salinas
Tink-a-Tako - Potranco,Silvia Hernandez,89,17,Lobby,,8/19/25 9:03 AM,8/19/25 9:07 AM,3 minutes and 25 seconds,Zoila Salinas
Tink-a-Tako - Potranco,Giselle Cisneross,79,,,2,8/19/25 8:52 AM,8/19/25 9:07 AM,14 minutes and 34 seconds,Zoila Salinas
Tink-a-Tako - Potranco,Maria Majana,80,23,,2,8/19/25 9:02 AM,8/19/25 9:07 AM,4 minutes and 37 seconds,Zoila Salinas
Tink-a-Tako - Potranco,Silvia Hernandez,89,17,,2,8/19/25 9:07 AM,8/19/25 9:07 AM,12 seconds,Zoila Salinas
Tink-a-Tako - Potranco,Maria Majana,80,23,,2,8/19/25 9:02 AM,8/19/25 9:07 AM,4 minutes and 41 seconds,Zoila Salinas
Tink-a-Tako - Potranco,Giselle Cisneross,94,,Lobby,,8/19/25 9:09 AM,8/19/25 9:10 AM,1 minute and 4 seconds,Zoila Salinas
Tink-a-Tako - Potranco,Giselle Cisneross,95,,Lobby,,8/19/25 9:10 AM,8/19/25 9:12 AM,1 minute and 27 seconds,Zoila Salinas
Tink-a-Tako - Potranco,Daniela Torres,96,,Lobby,,8/19/25 9:12 AM,8/19/25 9:12 AM,38 seconds,Zoila Salinas
Tink-a-Tako - Potranco,Daniela Torres,97,,Lobby,,8/19/25 9:12 AM,8/19/25 9:13 AM,55 seconds,Zoila Salinas
Tink-a-Tako - Potranco,Isabel Cisneros,93,39,Lobby,,8/19/25 9:08 AM,8/19/25 9:15 AM,6 minutes and 58 seconds,Zoila Salinas
Tink-a-Tako - Potranco,Daniela Torres,98,,Lobby,,8/19/25 9:14 AM,8/19/25 9:16 AM,1 minute and 23 seconds,Zoila Salinas
Tink-a-Tako - Potranco,Giselle Cisneross,92,,Lobby,,8/19/25 9:08 AM,8/19/25 9:16 AM,7 minutes and 59 seconds,Zoila Salinas
Tink-a-Tako - Potranco,Daniela Torres,99,,Lobby,,8/19/25 9:15 AM,8/19/25 9:17 AM,2 minutes and 12 seconds,Zoila Salinas
Tink-a-Tako - Potranco,Daniela Torres,99,,Lobby,,8/19/25 9:15 AM,8/19/25 9:17 AM,2 minutes and 4 seconds,Zoila Salinas
Tink-a-Tako - Potranco,Daniela Torres,100,,Lobby,,8/19/25 9:15 AM,8/19/25 9:18 AM,2 minutes and 32 seconds,Zoila Salinas
Tink-a-Tako - Potranco,Daniela Torres,101,,Lobby,,8/19/25 9:17 AM,8/19/25 9:19 AM,1 minute and 15 seconds,Zoila Salinas
Tink-a-Tako - Potranco,Daniela Torres,102,,Lobby,,8/19/25 9:18 AM,8/19/25 9:19 AM,1 minute and 1 second,Zoila Salinas
Tink-a-Tako - Potranco,Giselle Cisneross,92,,,2,8/19/25 9:16 AM,8/19/25 9:19 AM,2 minutes and 59 seconds,Zoila Salinas
Tink-a-Tako - Potranco,Giselle Cisneross,95,,,2,8/19/25 9:12 AM,8/19/25 9:19 AM,7 minutes and 32 seconds,Zoila Salinas
Tink-a-Tako - Potranco,Giselle Cisneross,94,,,2,8/19/25 9:10 AM,8/19/25 9:19 AM,9 minutes and 31 seconds,Zoila Salinas
Tink-a-Tako - Potranco,Isabel Cisneros,93,39,,2,8/19/25 9:15 AM,8/19/25 9:19 AM,4 minutes and 1 second,Zoila Salinas
Tink-a-Tako - Potranco,Daniela Torres,103,,Lobby,,8/19/25 9:20 AM,8/19/25 9:21 AM,48 seconds,Zoila Salinas
Tink-a-Tako - Potranco,Daniela Torres,104,,Lobby,,8/19/25 9:21 AM,8/19/25 9:22 AM,47 seconds,Zoila Salinas
Tink-a-Tako - Potranco,Daniela Torres,105,,Lobby,,8/19/25 9:22 AM,8/19/25 9:23 AM,54 seconds,Zoila Salinas
Tink-a-Tako - Potranco,Daniela Torres,107,,Lobby,,8/19/25 9:23 AM,8/19/25 9:23 AM,17 seconds,Zoila Salinas
Tink-a-Tako - Potranco,Daniela Torres,103,,Prep,,8/19/25 9:25 AM,8/19/25 9:25 AM,43 seconds,Zoila Salinas
Tink-a-Tako - Potranco,Daniela Torres,103,,Lobby,,8/19/25 9:25 AM,8/19/25 9:25 AM,43 seconds,Zoila Salinas
Tink-a-Tako - Potranco,Silvia Hernandez,106,37,Lobby,,8/19/25 9:24 AM,8/19/25 9:28 AM,4 minutes and 10 seconds,Zoila Salinas
Tink-a-Tako - Potranco,Daniela Torres,110,,Lobby,,8/19/25 9:27 AM,8/19/25 9:29 AM,1 minute and 44 seconds,Zoila Salinas
Tink-a-Tako - Potranco,Daniela Torres,109,,Lobby,,8/19/25 9:25 AM,8/19/25 9:29 AM,3 minutes and 38 seconds,Zoila Salinas
Tink-a-Tako - Potranco,Daniela Torres,112,,Lobby,,8/19/25 9:28 AM,8/19/25 9:29 AM,54 seconds,Zoila Salinas
Tink-a-Tako - Potranco,Giselle Cisneross,114,,Prep,,8/19/25 9:29 AM,8/19/25 9:31 AM,1 minute and 18 seconds,Zoila Salinas
Tink-a-Tako - Potranco,Giselle Cisneross,114,,Lobby,,8/19/25 9:29 AM,8/19/25 9:31 AM,1 minute and 18 seconds,Zoila Salinas
Tink-a-Tako - Potranco,Daniela Torres,111,,Lobby,,8/19/25 9:28 AM,8/19/25 9:32 AM,4 minutes and 25 seconds,Zoila Salinas
Tink-a-Tako - Potranco,Maria Majana,108,32,Lobby,,8/19/25 9:29 AM,8/19/25 9:33 AM,4 minutes and 19 seconds,Zoila Salinas
Tink-a-Tako - Potranco,Daniela Torres,118,,Lobby,,8/19/25 9:33 AM,8/19/25 9:36 AM,2 minutes and 39 seconds,Zoila Salinas
Tink-a-Tako - Potranco,Isabel Cisneros,116,24,Lobby,,8/19/25 9:31 AM,8/19/25 9:36 AM,5 minutes and 5 seconds,Zoila Salinas
Tink-a-Tako - Potranco,Silvia Hernandez,115,18,Lobby,,8/19/25 9:32 AM,8/19/25 9:37 AM,4 minutes and 58 seconds,Zoila Salinas
Tink-a-Tako - Potranco,Maria Majana,119,33,Lobby,,8/19/25 9:36 AM,8/19/25 9:38 AM,2 minutes and 10 seconds,Zoila Salinas
Tink-a-Tako - Potranco,Maria Majana,119,33,,2,8/19/25 9:38 AM,8/19/25 9:39 AM,28 seconds,Zoila Salinas
Tink-a-Tako - Potranco,Maria Majana,108,32,,2,8/19/25 9:33 AM,8/19/25 9:39 AM,5 minutes and 15 seconds,Zoila Salinas
Tink-a-Tako - Potranco,Daniela Torres,120,,Lobby,,8/19/25 9:36 AM,8/19/25 9:39 AM,2 minutes and 51 seconds,Zoila Salinas
Tink-a-Tako - Potranco,Daniela Torres,121,,Lobby,,8/19/25 9:37 AM,8/19/25 9:40 AM,3 minutes and 13 seconds,Zoila Salinas
Tink-a-Tako - Potranco,Daniela Torres,121,,Prep,,8/19/25 9:37 AM,8/19/25 9:40 AM,3 minutes and 13 seconds,Zoila Salinas
Tink-a-Tako - Potranco,Daniela Torres,122,,Lobby,,8/19/25 9:38 AM,8/19/25 9:42 AM,3 minutes and 49 seconds,Zoila Salinas
Tink-a-Tako - Potranco,Isabel Cisneros,124,33,Lobby,,8/19/25 9:40 AM,8/19/25 9:43 AM,2 minutes and 31 seconds,Zoila Salinas
Tink-a-Tako - Potranco,Silvia Hernandez,125,7,Lobby,,8/19/25 9:42 AM,8/19/25 9:44 AM,2 minutes and 38 seconds,Zoila Salinas
Tink-a-Tako - Potranco,Daniela Torres,117,,Lobby,,8/19/25 9:32 AM,8/19/25 9:46 AM,14 minutes and 12 seconds,Zoila Salinas
Tink-a-Tako - Potranco,Maria Majana,130,23,Lobby,,8/19/25 9:46 AM,8/19/25 9:47 AM,32 seconds,Zoila Salinas
Tink-a-Tako - Potranco,Maria Majana,126,34,Lobby,,8/19/25 9:44 AM,8/19/25 9:47 AM,3 minutes and 23 seconds,Zoila Salinas
Tink-a-Tako - Potranco,Maria Majana,126,34,Tortillero,,8/19/25 9:44 AM,8/19/25 9:47 AM,3 minutes and 23 seconds,Zoila Salinas
Tink-a-Tako - Potranco,Maria Majana,126,34,Prep,,8/19/25 9:44 AM,8/19/25 9:47 AM,3 minutes and 23 seconds,Zoila Salinas
Tink-a-Tako - Potranco,Daniela Torres,127,,Lobby,,8/19/25 9:43 AM,8/19/25 9:48 AM,4 minutes and 36 seconds,Zoila Salinas
Tink-a-Tako - Potranco,Daniela Torres,129,,Lobby,,8/19/25 9:45 AM,8/19/25 9:49 AM,3 minutes and 41 seconds,Zoila Salinas
Tink-a-Tako - Potranco,Silvia Hernandez,115,18,,2,8/19/25 9:37 AM,8/19/25 9:49 AM,12 minutes,Zoila Salinas
Tink-a-Tako - Potranco,Isabel Cisneros,131,10,Lobby,,8/19/25 9:48 AM,8/19/25 9:50 AM,1 minute and 27 seconds,Zoila Salinas
Tink-a-Tako - Potranco,Daniela Torres,129,,Prep,,8/19/25 9:50 AM,8/19/25 9:52 AM,1 minute and 36 seconds,Zoila Salinas
Tink-a-Tako - Potranco,Daniela Torres,129,,Lobby,,8/19/25 9:50 AM,8/19/25 9:52 AM,1 minute and 36 seconds,Zoila Salinas
Tink-a-Tako - Potranco,Silvia Hernandez,133,37,Lobby,,8/19/25 9:51 AM,8/19/25 9:52 AM,1 minute and 29 seconds,Zoila Salinas
Tink-a-Tako - Potranco,Isabel Cisneros,116,24,,2,8/19/25 9:36 AM,8/19/25 9:52 AM,16 minutes and 6 seconds,Zoila Salinas
Tink-a-Tako - Potranco,Giselle Cisneross,114,,,2,8/19/25 9:31 AM,8/19/25 9:52 AM,21 minutes and 45 seconds,Zoila Salinas
Tink-a-Tako - Potranco,Silvia Hernandez,125,7,,2,8/19/25 9:44 AM,8/19/25 9:52 AM,8 minutes and 8 seconds,Zoila Salinas
Tink-a-Tako - Potranco,Isabel Cisneros,124,33,,2,8/19/25 9:43 AM,8/19/25 9:52 AM,9 minutes and 47 seconds,Zoila Salinas
Tink-a-Tako - Potranco,Silvia Hernandez,106,37,,2,8/19/25 9:28 AM,8/19/25 9:52 AM,24 minutes and 38 seconds,Zoila Salinas
Tink-a-Tako - Potranco,Isabel Cisneros,131,10,,2,8/19/25 9:50 AM,8/19/25 9:52 AM,2 minutes and 44 seconds,Zoila Salinas
Tink-a-Tako - Potranco,Maria Majana,126,34,,2,8/19/25 9:47 AM,8/19/25 9:52 AM,5 minutes and 14 seconds,Zoila Salinas
Tink-a-Tako - Potranco,Silvia Hernandez,133,37,,2,8/19/25 9:52 AM,8/19/25 9:52 AM,22 seconds,Zoila Salinas
Tink-a-Tako - Potranco,Maria Majana,130,23,,2,8/19/25 9:47 AM,8/19/25 9:53 AM,5 minutes and 35 seconds,Zoila Salinas
Tink-a-Tako - Potranco,Daniela Torres,134,,Lobby,,8/19/25 9:56 AM,8/19/25 9:57 AM,1 minute and 4 seconds,Zoila Salinas
Tink-a-Tako - Potranco,Daniela Torres,135,,Lobby,,8/19/25 9:56 AM,8/19/25 9:58 AM,1 minute and 37 seconds,Zoila Salinas
Tink-a-Tako - Potranco,Daniela Torres,136,,Lobby,,8/19/25 9:57 AM,8/19/25 9:58 AM,1 minute and 1 second,Zoila Salinas
Tink-a-Tako - Potranco,Daniela Torres,137,,Lobby,,8/19/25 10:00 AM,8/19/25 10:00 AM,26 seconds,Zoila Salinas
Tink-a-Tako - Potranco,Daniela Torres,137,,Prep,,8/19/25 10:00 AM,8/19/25 10:00 AM,26 seconds,Zoila Salinas
Tink-a-Tako - Potranco,Isabel Cisneros,140,24,Lobby,,8/19/25 10:01 AM,8/19/25 10:04 AM,2 minutes and 55 seconds,Zoila Salinas
Tink-a-Tako - Potranco,Daniela Torres,143,,Lobby,,8/19/25 10:04 AM,8/19/25 10:05 AM,1 minute and 14 seconds,Zoila Salinas
Tink-a-Tako - Potranco,Giselle Cisneross,144,,Lobby,,8/19/25 10:06 AM,8/19/25 10:06 AM,24 seconds,Zoila Salinas
Tink-a-Tako - Potranco,Daniela Torres,141,,Lobby,,8/19/25 10:04 AM,8/19/25 10:07 AM,2 minutes and 57 seconds,Zoila Salinas
Tink-a-Tako - Potranco,Giselle Cisneross,144,,,2,8/19/25 10:06 AM,8/19/25 10:09 AM,2 minutes and 57 seconds,Zoila Salinas
Tink-a-Tako - Potranco,Isabel Cisneros,140,24,,2,8/19/25 10:04 AM,8/19/25 10:09 AM,5 minutes and 28 seconds,Zoila Salinas
Tink-a-Tako - Potranco,Silvia Hernandez,147,26,Lobby,,8/19/25 10:09 AM,8/19/25 10:11 AM,1 minute and 31 seconds,Zoila Salinas
Tink-a-Tako - Potranco,Maria Majana,142,23,Lobby,,8/19/25 10:06 AM,8/19/25 10:11 AM,4 minutes and 48 seconds,Zoila Salinas
Tink-a-Tako - Potranco,Daniela Torres,149,,Lobby,,8/19/25 10:10 AM,8/19/25 10:11 AM,1 minute and 9 seconds,Zoila Salinas
Tink-a-Tako - Potranco,Daniela Torres,148,,Lobby,,8/19/25 10:10 AM,8/19/25 10:12 AM,2 minutes and 7 seconds,Zoila Salinas
Tink-a-Tako - Potranco,Daniela Torres,146,,Lobby,,8/19/25 10:09 AM,8/19/25 10:13 AM,3 minutes and 54 seconds,Zoila Salinas
Tink-a-Tako - Potranco,Isabel Cisneros,150,33,Lobby,,8/19/25 10:14 AM,8/19/25 10:17 AM,2 minutes and 55 seconds,Zoila Salinas
Tink-a-Tako - Potranco,Isabel Cisneros,124,33,Lobby,,8/19/25 10:15 AM,8/19/25 10:18 AM,2 minutes and 16 seconds,Zoila Salinas
Tink-a-Tako - Potranco,Daniela Torres,152,,Lobby,,8/19/25 10:18 AM,8/19/25 10:18 AM,28 seconds,Zoila Salinas
Tink-a-Tako - Potranco,Daniela Torres,151,,Lobby,,8/19/25 10:16 AM,8/19/25 10:18 AM,2 minutes and 1 second,Zoila Salinas
Tink-a-Tako - Potranco,Daniela Torres,155,,Lobby,,8/19/25 10:19 AM,8/19/25 10:21 AM,2 minutes and 35 seconds,Zoila Salinas
Tink-a-Tako - Potranco,Daniela Torres,158,,Lobby,,8/19/25 10:21 AM,8/19/25 10:22 AM,59 seconds,Zoila Salinas
Tink-a-Tako - Potranco,Giselle Cisneross,159,,Lobby,,8/19/25 10:21 AM,8/19/25 10:23 AM,2 minutes,Zoila Salinas
Tink-a-Tako - Potranco,Daniela Torres,160,,Lobby,,8/19/25 10:25 AM,8/19/25 10:25 AM,40 seconds,Zoila Salinas
Tink-a-Tako - Potranco,Isabel Cisneros,150,33,,2,8/19/25 10:17 AM,8/19/25 10:28 AM,10 minutes and 53 seconds,Zoila Salinas
Tink-a-Tako - Potranco,Isabel Cisneros,124,33,,2,8/19/25 10:18 AM,8/19/25 10:28 AM,9 minutes and 59 seconds,Zoila Salinas
Tink-a-Tako - Potranco,Maria Majana,142,23,,2,8/19/25 10:11 AM,8/19/25 10:28 AM,16 minutes and 32 seconds,Zoila Salinas
Tink-a-Tako - Potranco,Silvia Hernandez,147,26,,2,8/19/25 10:11 AM,8/19/25 10:28 AM,16 minutes and 49 seconds,Zoila Salinas
Tink-a-Tako - Potranco,Giselle Cisneross,159,,,2,8/19/25 10:23 AM,8/19/25 10:28 AM,4 minutes and 20 seconds,Zoila Salinas
Tink-a-Tako - Potranco,Silvia Hernandez,162,39,Lobby,,8/19/25 10:26 AM,8/19/25 10:29 AM,3 minutes and 15 seconds,Zoila Salinas
Tink-a-Tako - Potranco,Maria Majana,139,34,Lobby,,8/19/25 10:25 AM,8/19/25 10:31 AM,5 minutes and 52 seconds,Zoila Salinas
Tink-a-Tako - Potranco,Maria Majana,139,34,Tortillero,,8/19/25 10:25 AM,8/19/25 10:31 AM,5 minutes and 52 seconds,Zoila Salinas
Tink-a-Tako - Potranco,Maria Majana,139,34,Prep,,8/19/25 10:25 AM,8/19/25 10:31 AM,5 minutes and 52 seconds,Zoila Salinas
Tink-a-Tako - Potranco,Maria Majana,139,34,,2,8/19/25 10:31 AM,8/19/25 10:31 AM,8 seconds,Zoila Salinas
Tink-a-Tako - Potranco,Daniela Torres,161,,Lobby,,8/19/25 10:30 AM,8/19/25 10:34 AM,3 minutes and 45 seconds,Zoila Salinas
Tink-a-Tako - Potranco,Silvia Hernandez,162,39,,2,8/19/25 10:29 AM,8/19/25 10:36 AM,6 minutes and 32 seconds,Zoila Salinas
Tink-a-Tako - Potranco,Brianna  Arias ,163,,Lobby,,8/19/25 10:28 AM,8/19/25 10:37 AM,8 minutes and 35 seconds,Zoila Salinas
Tink-a-Tako - Potranco,Brianna  Arias ,163,,Prep,,8/19/25 10:28 AM,8/19/25 10:37 AM,8 minutes and 35 seconds,Zoila Salinas
Tink-a-Tako - Potranco,Isabel Cisneros,165,17,Lobby,,8/19/25 10:34 AM,8/19/25 10:38 AM,3 minutes and 49 seconds,Zoila Salinas
Tink-a-Tako - Potranco,Isabel Cisneros,165,17,Lobby,,8/19/25 10:38 AM,8/19/25 10:39 AM,22 seconds,Zoila Salinas
Tink-a-Tako - Potranco,Daniela Torres,166,,Lobby,,8/19/25 10:38 AM,8/19/25 10:39 AM,37 seconds,Zoila Salinas
Tink-a-Tako - Potranco,Isabel Cisneros,165,17,,2,8/19/25 10:39 AM,8/19/25 10:41 AM,2 minutes and 16 seconds,Zoila Salinas
Tink-a-Tako - Potranco,Brianna  Arias ,163,,,2,8/19/25 10:37 AM,8/19/25 10:41 AM,4 minutes and 8 seconds,Zoila Salinas
Tink-a-Tako - Potranco,Isabel Cisneros,165,17,,2,8/19/25 10:38 AM,8/19/25 10:41 AM,3 minutes and 24 seconds,Zoila Salinas
Tink-a-Tako - Potranco,Daniela Torres,169,,Lobby,,8/19/25 10:42 AM,8/19/25 10:43 AM,48 seconds,Zoila Salinas
Tink-a-Tako - Potranco,Daniela Torres,167,,Lobby,,8/19/25 10:40 AM,8/19/25 10:43 AM,2 minutes and 22 seconds,Zoila Salinas
Tink-a-Tako - Potranco,Daniela Torres,170,,Lobby,,8/19/25 10:44 AM,8/19/25 10:44 AM,32 seconds,Zoila Salinas
Tink-a-Tako - Potranco,Daniela Torres,169,,Lobby,,8/19/25 10:42 AM,8/19/25 10:44 AM,2 minutes and 20 seconds,Zoila Salinas
Tink-a-Tako - Potranco,Daniela Torres,171,,Lobby,,8/19/25 10:48 AM,8/19/25 10:51 AM,2 minutes and 57 seconds,Zoila Salinas
Tink-a-Tako - Potranco,Daniela Torres,171,,Prep,,8/19/25 10:51 AM,8/19/25 10:52 AM,44 seconds,Zoila Salinas
Tink-a-Tako - Potranco,Daniela Torres,171,,Lobby,,8/19/25 10:51 AM,8/19/25 10:52 AM,44 seconds,Zoila Salinas
Tink-a-Tako - Potranco,Daniela Torres,172,,Lobby,,8/19/25 10:49 AM,8/19/25 10:52 AM,3 minutes and 20 seconds,Zoila Salinas
Tink-a-Tako - Potranco,Daniela Torres,172,,Prep,,8/19/25 10:49 AM,8/19/25 10:52 AM,3 minutes and 20 seconds,Zoila Salinas
Tink-a-Tako - Potranco,Daniela Torres,173,,Lobby,,8/19/25 10:50 AM,8/19/25 10:53 AM,2 minutes and 21 seconds,Zoila Salinas
Tink-a-Tako - Potranco,Silvia Hernandez,175,4,Lobby,,8/19/25 10:53 AM,8/19/25 10:56 AM,2 minutes and 48 seconds,Zoila Salinas
Tink-a-Tako - Potranco,Silvia Hernandez,175,4,,2,8/19/25 10:56 AM,8/19/25 10:57 AM,45 seconds,Zoila Salinas
Tink-a-Tako - Potranco,Maria Majana,168,23,Lobby,,8/19/25 10:54 AM,8/19/25 10:58 AM,3 minutes and 36 seconds,Zoila Salinas
Tink-a-Tako - Potranco,Daniela Torres,176,,Lobby,,8/19/25 10:56 AM,8/19/25 10:58 AM,2 minutes and 20 seconds,Zoila Salinas
Tink-a-Tako - Potranco,Daniela Torres,177,,Lobby,,8/19/25 10:56 AM,8/19/25 11:00 AM,4 minutes and 4 seconds,Zoila Salinas
Tink-a-Tako - Potranco,Giselle Cisneross,179,,Lobby,,8/19/25 11:03 AM,8/19/25 11:06 AM,2 minutes and 58 seconds,Zoila Salinas
Tink-a-Tako - Potranco,Giselle Cisneross,179,,,2,8/19/25 11:06 AM,8/19/25 11:10 AM,4 minutes,Zoila Salinas
Tink-a-Tako - Potranco,Maria Majana,168,23,,2,8/19/25 10:58 AM,8/19/25 11:10 AM,12 minutes and 13 seconds,Zoila Salinas
Tink-a-Tako - Potranco,Isabel Cisneros,181,19,Lobby,,8/19/25 11:07 AM,8/19/25 11:11 AM,3 minutes and 39 seconds,Zoila Salinas
Tink-a-Tako - Potranco,Silvia Hernandez,180,25,Lobby,,8/19/25 11:08 AM,8/19/25 11:11 AM,2 minutes and 50 seconds,Zoila Salinas
Tink-a-Tako - Potranco,Silvia Hernandez,180,25,Prep,,8/19/25 11:08 AM,8/19/25 11:11 AM,2 minutes and 50 seconds,Zoila Salinas
Tink-a-Tako - Potranco,Silvia Hernandez,180,25,,2,8/19/25 11:11 AM,8/19/25 11:13 AM,1 minute and 14 seconds,Zoila Salinas
Tink-a-Tako - Potranco,Isabel Cisneros,181,19,,2,8/19/25 11:11 AM,8/19/25 11:13 AM,1 minute and 51 seconds,Zoila Salinas
Tink-a-Tako - Potranco,Daniela Torres,178,,Lobby,,8/19/25 11:08 AM,8/19/25 11:13 AM,4 minutes and 44 seconds,Zoila Salinas
Tink-a-Tako - Potranco,Daniela Torres,184,,Lobby,,8/19/25 11:11 AM,8/19/25 11:16 AM,4 minutes and 39 seconds,Zoila Salinas
Tink-a-Tako - Potranco,Maria Majana,168,23,Lobby,,8/19/25 11:11 AM,8/19/25 11:16 AM,5 minutes and 35 seconds,Zoila Salinas
Tink-a-Tako - Potranco,Maria Majana,182,38,Lobby,,8/19/25 11:10 AM,8/19/25 11:16 AM,6 minutes and 24 seconds,Zoila Salinas
Tink-a-Tako - Potranco,Maria Majana,168,23,,2,8/19/25 11:16 AM,8/19/25 11:19 AM,2 minutes and 38 seconds,Zoila Salinas
Tink-a-Tako - Potranco,Maria Majana,182,38,,2,8/19/25 11:16 AM,8/19/25 11:19 AM,2 minutes and 38 seconds,Zoila Salinas
Tink-a-Tako - Potranco,Silvia Hernandez,190,24,,2,8/19/25 11:18 AM,8/19/25 11:20 AM,2 minutes and 3 seconds,Zoila Salinas
Tink-a-Tako - Potranco,Daniela Torres,183,,Lobby,,8/19/25 11:11 AM,8/19/25 11:20 AM,9 minutes and 47 seconds,Zoila Salinas
Tink-a-Tako - Potranco,Isabel Cisneros,192,7,Lobby,,8/19/25 11:18 AM,8/19/25 11:21 AM,3 minutes and 13 seconds,Zoila Salinas
Tink-a-Tako - Potranco,Maria Majana,188,37,Lobby,,8/19/25 11:16 AM,8/19/25 11:22 AM,6 minutes and 24 seconds,Zoila Salinas
Tink-a-Tako - Potranco,Isabel Cisneros,187,32,Lobby,,8/19/25 11:15 AM,8/19/25 11:22 AM,7 minutes and 32 seconds,Zoila Salinas
Tink-a-Tako - Potranco,Isabel Cisneros,187,32,Tortillero,,8/19/25 11:15 AM,8/19/25 11:22 AM,7 minutes and 32 seconds,Zoila Salinas
Tink-a-Tako - Potranco,Isabel Cisneros,187,32,Prep,,8/19/25 11:15 AM,8/19/25 11:22 AM,7 minutes and 32 seconds,Zoila Salinas
Tink-a-Tako - Potranco,Daniela Torres,185,,Lobby,,8/19/25 11:14 AM,8/19/25 11:23 AM,9 minutes and 12 seconds,Zoila Salinas
Tink-a-Tako - Potranco,Daniela Torres,191,,Lobby,,8/19/25 11:18 AM,8/19/25 11:25 AM,7 minutes and 37 seconds,Zoila Salinas
Tink-a-Tako - Potranco,Daniela Torres,191,,Tortillero,,8/19/25 11:18 AM,8/19/25 11:25 AM,7 minutes and 37 seconds,Zoila Salinas
Tink-a-Tako - Potranco,Maria Majana,168,23,Lobby,,8/19/25 11:24 AM,8/19/25 11:26 AM,2 minutes and 41 seconds,Zoila Salinas
Tink-a-Tako - Potranco,Maria Majana,195,39,Lobby,,8/19/25 11:23 AM,8/19/25 11:28 AM,4 minutes and 32 seconds,Zoila Salinas
Tink-a-Tako - Potranco,Daniela Torres,197,,Lobby,,8/19/25 11:22 AM,8/19/25 11:28 AM,5 minutes and 59 seconds,Zoila Salinas
Tink-a-Tako - Potranco,Silvia Hernandez,196,33,Lobby,,8/19/25 11:25 AM,8/19/25 11:28 AM,2 minutes and 52 seconds,Zoila Salinas
Tink-a-Tako - Potranco,Giselle Cisneross,200,,Lobby,,8/19/25 11:26 AM,8/19/25 11:28 AM,2 minutes and 35 seconds,Zoila Salinas
Tink-a-Tako - Potranco,Daniela Torres,193,,Lobby,,8/19/25 11:18 AM,8/19/25 11:29 AM,10 minutes and 12 seconds,Zoila Salinas
Tink-a-Tako - Potranco,Silvia Hernandez,196,33,,2,8/19/25 11:28 AM,8/19/25 11:33 AM,4 minutes and 56 seconds,Zoila Salinas
Tink-a-Tako - Potranco,Giselle Cisneross,200,,,2,8/19/25 11:28 AM,8/19/25 11:33 AM,4 minutes and 48 seconds,Zoila Salinas
Tink-a-Tako - Potranco,Maria Majana,195,39,,2,8/19/25 11:28 AM,8/19/25 11:33 AM,5 minutes and 29 seconds,Zoila Salinas
Tink-a-Tako - Potranco,Daniela Torres,204,,Lobby,,8/19/25 11:33 AM,8/19/25 11:35 AM,1 minute and 25 seconds,Zoila Salinas
Tink-a-Tako - Potranco,Daniela Torres,203,,Lobby,,8/19/25 11:33 AM,8/19/25 11:35 AM,2 minutes and 32 seconds,Zoila Salinas
Tink-a-Tako - Potranco,Daniela Torres,203,,Tortillero,,8/19/25 11:33 AM,8/19/25 11:35 AM,2 minutes and 32 seconds,Zoila Salinas
Tink-a-Tako - Potranco,Maria Majana,188,37,,2,8/19/25 11:22 AM,8/19/25 11:36 AM,13 minutes and 22 seconds,Zoila Salinas
Tink-a-Tako - Potranco,Maria Majana,168,23,,2,8/19/25 11:26 AM,8/19/25 11:36 AM,9 minutes and 27 seconds,Zoila Salinas
Tink-a-Tako - Potranco,Isabel Cisneros,192,7,,2,8/19/25 11:21 AM,8/19/25 11:36 AM,14 minutes and 54 seconds,Zoila Salinas
Tink-a-Tako - Potranco,Maria Majana,201,37,Lobby,,8/19/25 11:33 AM,8/19/25 11:39 AM,6 minutes and 1 second,Zoila Salinas
Tink-a-Tako - Potranco,Daniela Torres,205,,Lobby,,8/19/25 11:34 AM,8/19/25 11:40 AM,5 minutes and 55 seconds,Zoila Salinas
Tink-a-Tako - Potranco,Isabel Cisneros,206,18,Lobby,,8/19/25 11:35 AM,8/19/25 11:40 AM,5 minutes and 48 seconds,Zoila Salinas
Tink-a-Tako - Potranco,Silvia Hernandez,202,9,Lobby,,8/19/25 11:38 AM,8/19/25 11:42 AM,3 minutes and 50 seconds,Zoila Salinas
Tink-a-Tako - Potranco,Isabel Cisneros,209,7,Lobby,,8/19/25 11:38 AM,8/19/25 11:42 AM,3 minutes and 56 seconds,Zoila Salinas
Tink-a-Tako - Potranco,Daniela Torres,207,,Lobby,,8/19/25 11:37 AM,8/19/25 11:44 AM,6 minutes and 57 seconds,Zoila Salinas
Tink-a-Tako - Potranco,Maria Majana,201,37,,2,8/19/25 11:39 AM,8/19/25 11:44 AM,5 minutes and 16 seconds,Zoila Salinas
Tink-a-Tako - Potranco,Isabel Cisneros,206,18,,2,8/19/25 11:40 AM,8/19/25 11:44 AM,3 minutes and 24 seconds,Zoila Salinas
Tink-a-Tako - Potranco,Silvia Hernandez,202,9,,2,8/19/25 11:42 AM,8/19/25 11:44 AM,2 minutes,Zoila Salinas
Tink-a-Tako - Potranco,Isabel Cisneros,209,7,,2,8/19/25 11:42 AM,8/19/25 11:44 AM,2 minutes and 1 second,Zoila Salinas
Tink-a-Tako - Potranco,Isabel Cisneros,187,32,,2,8/19/25 11:22 AM,8/19/25 11:44 AM,21 minutes and 32 seconds,Zoila Salinas
Tink-a-Tako - Potranco,Daniela Torres,211,,Lobby,,8/19/25 11:41 AM,8/19/25 11:44 AM,3 minutes and 44 seconds,Zoila Salinas
Tink-a-Tako - Potranco,Silvia Hernandez,210,22,Lobby,,8/19/25 11:39 AM,8/19/25 11:45 AM,6 minutes and 29 seconds,Zoila Salinas
Tink-a-Tako - Potranco,Isabel Cisneros,206,18,Lobby,,8/19/25 11:43 AM,8/19/25 11:45 AM,1 minute and 51 seconds,Zoila Salinas
Tink-a-Tako - Potranco,Silvia Hernandez,210,22,Tortillero,,8/19/25 11:39 AM,8/19/25 11:45 AM,6 minutes and 29 seconds,Zoila Salinas
Tink-a-Tako - Potranco,Silvia Hernandez,210,22,Prep,,8/19/25 11:39 AM,8/19/25 11:45 AM,6 minutes and 29 seconds,Zoila Salinas
Tink-a-Tako - Potranco,Daniela Torres,212,,Lobby,,8/19/25 11:43 AM,8/19/25 11:46 AM,2 minutes and 33 seconds,Zoila Salinas
Tink-a-Tako - Potranco,Isabel Cisneros,206,18,,2,8/19/25 11:45 AM,8/19/25 11:46 AM,25 seconds,Zoila Salinas
Tink-a-Tako - Potranco,Silvia Hernandez,210,22,,2,8/19/25 11:45 AM,8/19/25 11:46 AM,24 seconds,Zoila Salinas
Tink-a-Tako - Potranco,Daniela Torres,213,,Lobby,,8/19/25 11:45 AM,8/19/25 11:46 AM,1 minute and 23 seconds,Zoila Salinas
Tink-a-Tako - Potranco,Daniela Torres,215,,Lobby,,8/19/25 11:47 AM,8/19/25 11:48 AM,1 minute and 30 seconds,Zoila Salinas
Tink-a-Tako - Potranco,Daniela Torres,215,,Prep,,8/19/25 11:47 AM,8/19/25 11:48 AM,1 minute and 30 seconds,Zoila Salinas
Tink-a-Tako - Potranco,Daniela Torres,216,,Lobby,,8/19/25 11:48 AM,8/19/25 11:50 AM,1 minute and 29 seconds,Zoila Salinas
Tink-a-Tako - Potranco,Daniela Torres,217,,Lobby,,8/19/25 11:50 AM,8/19/25 11:50 AM,26 seconds,Zoila Salinas
Tink-a-Tako - Potranco,Daniela Torres,219,,Lobby,,8/19/25 11:54 AM,8/19/25 11:55 AM,25 seconds,Zoila Salinas
Tink-a-Tako - Potranco,Maria Majana,214,10,Lobby,,8/19/25 11:49 AM,8/19/25 11:57 AM,7 minutes and 54 seconds,Zoila Salinas
Tink-a-Tako - Potranco,Daniela Torres,220,,Lobby,,8/19/25 11:55 AM,8/19/25 11:57 AM,2 minutes and 2 seconds,Zoila Salinas
Tink-a-Tako - Potranco,Daniela Torres,218,,Lobby,,8/19/25 11:53 AM,8/19/25 11:58 AM,4 minutes and 55 seconds,Zoila Salinas
Tink-a-Tako - Potranco,Daniela Torres,222,,Lobby,,8/19/25 11:57 AM,8/19/25 11:58 AM,1 minute and 37 seconds,Zoila Salinas
Tink-a-Tako - Potranco,Isabel Cisneros,221,26,Lobby,,8/19/25 11:56 AM,8/19/25 11:59 AM,3 minutes and 30 seconds,Zoila Salinas
Tink-a-Tako - Potranco,Maria Majana,214,10,,2,8/19/25 11:57 AM,8/19/25 12:00 PM,2 minutes and 43 seconds,Zoila Salinas
Tink-a-Tako - Potranco,Silvia Hernandez,224,25,,2,8/19/25 11:59 AM,8/19/25 12:00 PM,1 minute and 5 seconds,Zoila Salinas
Tink-a-Tako - Potranco,Isabel Cisneros,221,26,,2,8/19/25 11:59 AM,8/19/25 12:00 PM,34 seconds,Zoila Salinas
Tink-a-Tako - Potranco,Giselle Cisneross,226,,Lobby,,8/19/25 12:00 PM,8/19/25 12:01 PM,44 seconds,Zoila Salinas
Tink-a-Tako - Potranco,Isabel Cisneros,228,33,Lobby,,8/19/25 12:02 PM,8/19/25 12:03 PM,56 seconds,Zoila Salinas
Tink-a-Tako - Potranco,Maria Majana,225,37,Lobby,,8/19/25 12:02 PM,8/19/25 12:03 PM,1 minute and 30 seconds,Zoila Salinas
Tink-a-Tako - Potranco,Daniela Torres,229,,Lobby,,8/19/25 12:03 PM,8/19/25 12:06 PM,3 minutes and 28 seconds,Zoila Salinas
Tink-a-Tako - Potranco,Daniela Torres,227,,Lobby,,8/19/25 12:02 PM,8/19/25 12:06 PM,3 minutes and 55 seconds,Zoila Salinas
Tink-a-Tako - Potranco,Maria Majana,225,37,,2,8/19/25 12:03 PM,8/19/25 12:07 PM,4 minutes and 15 seconds,Zoila Salinas
Tink-a-Tako - Potranco,Giselle Cisneross,226,,,2,8/19/25 12:01 PM,8/19/25 12:08 PM,7 minutes and 7 seconds,Zoila Salinas
Tink-a-Tako - Potranco,Isabel Cisneros,228,33,Lobby,,8/19/25 12:10 PM,8/19/25 12:15 PM,4 minutes and 17 seconds,Zoila Salinas
Tink-a-Tako - Potranco,Isabel Cisneros,228,33,,2,8/19/25 12:15 PM,8/19/25 12:15 PM,37 seconds,Zoila Salinas
Tink-a-Tako - Potranco,Silvia Hernandez,231,38,Lobby,,8/19/25 12:13 PM,8/19/25 12:17 PM,3 minutes and 52 seconds,Zoila Salinas
Tink-a-Tako - Potranco,Isabel Cisneros,228,33,,2,8/19/25 12:03 PM,8/19/25 12:18 PM,14 minutes and 33 seconds,Zoila Salinas
Tink-a-Tako - Potranco,Daniela Torres,234,,Lobby,,8/19/25 12:15 PM,8/19/25 12:18 PM,3 minutes and 14 seconds,Zoila Salinas
Tink-a-Tako - Potranco,Daniela Torres,233,,Lobby,,8/19/25 12:15 PM,8/19/25 12:19 PM,4 minutes and 44 seconds,Zoila Salinas
Tink-a-Tako - Potranco,Isabel Cisneros,236,32,Lobby,,8/19/25 12:17 PM,8/19/25 12:19 PM,2 minutes and 49 seconds,Zoila Salinas
Tink-a-Tako - Potranco,Maria Majana,230,23,Lobby,,8/19/25 12:14 PM,8/19/25 12:20 PM,5 minutes and 49 seconds,Zoila Salinas
Tink-a-Tako - Potranco,Daniela Torres,232,,Lobby,,8/19/25 12:14 PM,8/19/25 12:20 PM,5 minutes and 59 seconds,Zoila Salinas
Tink-a-Tako - Potranco,Daniela Torres,235,,Tortillero,,8/19/25 12:21 PM,8/19/25 12:22 PM,54 seconds,Zoila Salinas
Tink-a-Tako - Potranco,Daniela Torres,235,,Lobby,,8/19/25 12:21 PM,8/19/25 12:22 PM,54 seconds,Zoila Salinas
Tink-a-Tako - Potranco,Silvia Hernandez,231,38,,2,8/19/25 12:17 PM,8/19/25 12:24 PM,6 minutes and 35 seconds,Zoila Salinas
Tink-a-Tako - Potranco,Maria Majana,230,23,,2,8/19/25 12:20 PM,8/19/25 12:24 PM,4 minutes and 16 seconds,Zoila Salinas
Tink-a-Tako - Potranco,Isabel Cisneros,236,32,,2,8/19/25 12:19 PM,8/19/25 12:24 PM,4 minutes and 18 seconds,Zoila Salinas
Tink-a-Tako - Potranco,Daniela Torres,237,,Lobby,,8/19/25 12:22 PM,8/19/25 12:24 PM,1 minute and 54 seconds,Zoila Salinas
Tink-a-Tako - Potranco,Daniela Torres,238,,Lobby,,8/19/25 12:23 PM,8/19/25 12:26 PM,2 minutes and 27 seconds,Zoila Salinas
Tink-a-Tako - Potranco,Daniela Torres,238,,Prep,,8/19/25 12:23 PM,8/19/25 12:26 PM,2 minutes and 27 seconds,Zoila Salinas
Tink-a-Tako - Potranco,Daniela Torres,239,,Lobby,,8/19/25 12:24 PM,8/19/25 12:26 PM,2 minutes and 15 seconds,Zoila Salinas
Tink-a-Tako - Potranco,Silvia Hernandez,241,24,,2,8/19/25 12:31 PM,8/19/25 12:33 PM,2 minutes,Zoila Salinas
Tink-a-Tako - Potranco,Giselle Cisneross,92,,Lobby,,8/19/25 12:33 PM,8/19/25 12:36 PM,2 minutes and 42 seconds,Zoila Salinas
Tink-a-Tako - Potranco,Daniela Torres,240,,Lobby,,8/19/25 12:30 PM,8/19/25 12:36 PM,5 minutes and 42 seconds,Zoila Salinas
Tink-a-Tako - Potranco,Daniela Torres,242,,Tortillero,,8/19/25 12:35 PM,8/19/25 12:38 PM,3 minutes and 1 second,Zoila Salinas
Tink-a-Tako - Potranco,Daniela Torres,242,,Lobby,,8/19/25 12:35 PM,8/19/25 12:38 PM,3 minutes and 1 second,Zoila Salinas
Tink-a-Tako - Potranco,Daniela Torres,242,,Prep,,8/19/25 12:35 PM,8/19/25 12:38 PM,3 minutes and 1 second,Zoila Salinas
Tink-a-Tako - Potranco,Daniela Torres,245,,Lobby,,8/19/25 12:44 PM,8/19/25 12:45 PM,1 minute and 2 seconds,Zoila Salinas
Tink-a-Tako - Potranco,Daniela Torres,244,,Lobby,,8/19/25 12:42 PM,8/19/25 12:48 PM,5 minutes and 56 seconds,Zoila Salinas
Tink-a-Tako - Potranco,Daniela Torres,243,,Lobby,,8/19/25 12:41 PM,8/19/25 12:50 PM,9 minutes and 4 seconds,Zoila Salinas
Tink-a-Tako - Potranco,Giselle Cisneross,92,,Lobby,,8/19/25 12:49 PM,8/19/25 12:54 PM,5 minutes and 1 second,Zoila Salinas
Tink-a-Tako - Potranco,Daniela Torres,247,,Lobby,,8/19/25 12:58 PM,8/19/25 1:01 PM,3 minutes and 49 seconds,Zoila Salinas
Tink-a-Tako - Potranco,Daniela Torres,248,,Lobby,,8/19/25 12:58 PM,8/19/25 1:02 PM,3 minutes and 59 seconds,Zoila Salinas
Tink-a-Tako - Potranco,Daniela Torres,246,,Lobby,,8/19/25 12:54 PM,8/19/25 1:05 PM,10 minutes and 19 seconds,Zoila Salinas
Tink-a-Tako - Potranco,Daniela Torres,249,,Lobby,,8/19/25 1:04 PM,8/19/25 1:08 PM,3 minutes and 31 seconds,Zoila Salinas
Tink-a-Tako - Potranco,Daniela Torres,249,,Lobby,,8/19/25 1:04 PM,8/19/25 1:08 PM,4 minutes and 32 seconds,Zoila Salinas
Tink-a-Tako - Potranco,Giselle Cisneross,92,,,2,8/19/25 12:36 PM,8/19/25 1:09 PM,33 minutes and 12 seconds,Zoila Salinas
Tink-a-Tako - Potranco,Giselle Cisneross,92,,,2,8/19/25 12:54 PM,8/19/25 1:09 PM,15 minutes and 11 seconds,Zoila Salinas
Tink-a-Tako - Potranco,Isabel Cisneros,251,7,Lobby,,8/19/25 1:06 PM,8/19/25 1:11 PM,4 minutes and 27 seconds,Zoila Salinas
Tink-a-Tako - Potranco,Maria Majana,252,24,Lobby,,8/19/25 1:12 PM,8/19/25 1:14 PM,1 minute and 46 seconds,Zoila Salinas
Tink-a-Tako - Potranco,Maria Majana,252,24,,2,8/19/25 1:14 PM,8/19/25 1:18 PM,3 minutes and 52 seconds,Zoila Salinas
Tink-a-Tako - Potranco,Isabel Cisneros,251,7,,2,8/19/25 1:11 PM,8/19/25 1:18 PM,7 minutes and 14 seconds,Zoila Salinas
Tink-a-Tako - Potranco,Daniela Torres,255,,Lobby,,8/19/25 1:20 PM,8/19/25 1:21 PM,39 seconds,Zoila Salinas
Tink-a-Tako - Potranco,Silvia Hernandez,253,25,Lobby,,8/19/25 1:14 PM,8/19/25 1:23 PM,8 minutes and 38 seconds,Zoila Salinas
Tink-a-Tako - Potranco,Silvia Hernandez,253,25,,2,8/19/25 1:23 PM,8/19/25 1:23 PM,6 seconds,Zoila Salinas
Tink-a-Tako - Potranco,Daniela Torres,254,,Lobby,,8/19/25 1:18 PM,8/19/25 1:23 PM,5 minutes and 8 seconds,Zoila Salinas
Tink-a-Tako - Potranco,Daniela Torres,261,,Lobby,,8/19/25 1:31 PM,8/19/25 1:33 PM,1 minute and 45 seconds,Zoila Salinas
Tink-a-Tako - Potranco,Maria Majana,250,31,Lobby,,8/19/25 1:23 PM,8/19/25 1:33 PM,9 minutes and 31 seconds,Zoila Salinas
Tink-a-Tako - Potranco,Maria Majana,250,31,,2,8/19/25 1:33 PM,8/19/25 1:36 PM,3 minutes and 30 seconds,Zoila Salinas
Tink-a-Tako - Potranco,Sergio Abundiz,263,41,Lobby,,8/19/25 1:38 PM,8/19/25 1:42 PM,4 minutes and 40 seconds,Zoila Salinas
Tink-a-Tako - Potranco,Sergio Abundiz,263,41,Tortillero,,8/19/25 1:38 PM,8/19/25 1:42 PM,4 minutes and 40 seconds,Zoila Salinas
Tink-a-Tako - Potranco,Sergio Abundiz,263,41,Prep,,8/19/25 1:38 PM,8/19/25 1:42 PM,4 minutes and 40 seconds,Zoila Salinas
Tink-a-Tako - Potranco,Sergio Abundiz,263,41,,2,8/19/25 1:42 PM,8/19/25 1:42 PM,6 seconds,Zoila Salinas
Tink-a-Tako - Potranco,Daniela Torres,262,,Lobby,,8/19/25 1:44 PM,8/19/25 1:47 PM,3 minutes and 14 seconds,Zoila Salinas
Tink-a-Tako - Potranco,Sergio Abundiz,264,24,Lobby,,8/19/25 1:50 PM,8/19/25 1:53 PM,2 minutes and 38 seconds,Zoila Salinas
Tink-a-Tako - Potranco,Sergio Abundiz,265,9,Lobby,,8/19/25 1:53 PM,8/19/25 1:56 PM,3 minutes and 41 seconds,Zoila Salinas
Tink-a-Tako - Potranco,Maria Majana,259,31,Lobby,,8/19/25 1:56 PM,8/19/25 1:58 PM,1 minute and 54 seconds,Zoila Salinas
Tink-a-Tako - Potranco,Sergio Abundiz,266,37,Lobby,,8/19/25 1:58 PM,8/19/25 2:02 PM,3 minutes and 53 seconds,Zoila Salinas
Tink-a-Tako - Potranco,Sergio Abundiz,266,37,Tortillero,,8/19/25 1:58 PM,8/19/25 2:02 PM,3 minutes and 53 seconds,Zoila Salinas
Tink-a-Tako - Potranco,Sergio Abundiz,266,37,Prep,,8/19/25 1:58 PM,8/19/25 2:02 PM,3 minutes and 53 seconds,Zoila Salinas
Tink-a-Tako - Potranco,Sergio Abundiz,267,25,Lobby,,8/19/25 1:59 PM,8/19/25 2:02 PM,3 minutes and 33 seconds,Zoila Salinas
Tink-a-Tako - Potranco,Sergio Abundiz,267,25,Tortillero,,8/19/25 1:59 PM,8/19/25 2:02 PM,3 minutes and 33 seconds,Zoila Salinas
Tink-a-Tako - Potranco,Sergio Abundiz,267,25,,2,8/19/25 2:02 PM,8/19/25 2:03 PM,43 seconds,Zoila Salinas
Tink-a-Tako - Potranco,Sergio Abundiz,264,24,,2,8/19/25 1:53 PM,8/19/25 2:03 PM,10 minutes and 17 seconds,Zoila Salinas
Tink-a-Tako - Potranco,Maria Majana,259,31,,2,8/19/25 1:58 PM,8/19/25 2:03 PM,5 minutes and 8 seconds,Zoila Salinas
Tink-a-Tako - Potranco,Sergio Abundiz,266,37,,2,8/19/25 2:02 PM,8/19/25 2:03 PM,50 seconds,Zoila Salinas
Tink-a-Tako - Potranco,Sergio Abundiz,265,9,,2,8/19/25 1:56 PM,8/19/25 2:03 PM,6 minutes and 25 seconds,Zoila Salinas
Tink-a-Tako - Potranco,Maria Majana,268,,Lobby,,8/19/25 2:04 PM,8/19/25 2:08 PM,3 minutes and 30 seconds,Zoila Salinas
Tink-a-Tako - Potranco,Juan  Camacho,269,7,Lobby,,8/19/25 2:10 PM,8/19/25 2:14 PM,4 minutes and 13 seconds,Zoila Salinas
Tink-a-Tako - Potranco,Sergio Abundiz,271,32,Lobby,,8/19/25 2:23 PM,8/19/25 2:25 PM,1 minute and 32 seconds,Zoila Salinas
Tink-a-Tako - Potranco,Rosie  ORDONEZ,270,,Lobby,,8/19/25 2:22 PM,8/19/25 2:25 PM,3 minutes and 16 seconds,Zoila Salinas
Tink-a-Tako - Potranco,Sergio Abundiz,272,23,Lobby,,8/19/25 2:24 PM,8/19/25 2:26 PM,2 minutes and 7 seconds,Zoila Salinas
Tink-a-Tako - Potranco,Rosie  ORDONEZ,273,,Lobby,,8/19/25 2:32 PM,8/19/25 2:32 PM,46 seconds,Zoila Salinas
Tink-a-Tako - Potranco,Rosie  ORDONEZ,276,,Lobby,,8/19/25 2:43 PM,8/19/25 2:46 PM,3 minutes and 17 seconds,Zoila Salinas
Tink-a-Tako - Potranco,Rosie  ORDONEZ,275,,Lobby,,8/19/25 2:41 PM,8/19/25 2:46 PM,5 minutes and 24 seconds,Zoila Salinas
Tink-a-Tako - Potranco,Juan  Camacho,274,12,Lobby,,8/19/25 2:37 PM,8/19/25 2:47 PM,10 minutes and 33 seconds,Zoila Salinas
Tink-a-Tako - Potranco,Juan  Camacho,274,12,Tortillero,,8/19/25 2:37 PM,8/19/25 2:47 PM,10 minutes and 33 seconds,Zoila Salinas
Tink-a-Tako - Potranco,Juan  Camacho,274,12,Prep,,8/19/25 2:37 PM,8/19/25 2:47 PM,10 minutes and 33 seconds,Zoila Salinas
Tink-a-Tako - Potranco,Juan  Camacho,274,12,Lobby,,8/19/25 2:38 PM,8/19/25 2:51 PM,12 minutes and 37 seconds,Zoila Salinas
Tink-a-Tako - Potranco,Juan  Camacho,274,12,Tortillero,,8/19/25 2:38 PM,8/19/25 2:51 PM,12 minutes and 37 seconds,Zoila Salinas
Tink-a-Tako - Potranco,Juan  Camacho,274,12,Prep,,8/19/25 2:38 PM,8/19/25 2:51 PM,12 minutes and 37 seconds,Zoila Salinas
Tink-a-Tako - Potranco,Juan  Camacho,274,12,Lobby,,8/19/25 2:40 PM,8/19/25 2:54 PM,14 minutes and 27 seconds,Zoila Salinas
Tink-a-Tako - Potranco,Juan  Camacho,274,12,Tortillero,,8/19/25 2:40 PM,8/19/25 2:54 PM,14 minutes and 27 seconds,Zoila Salinas
Tink-a-Tako - Potranco,Juan  Camacho,274,12,Prep,,8/19/25 2:40 PM,8/19/25 2:54 PM,14 minutes and 27 seconds,Zoila Salinas
Tink-a-Tako - Potranco,Juan  Camacho,274,12,Lobby,,8/19/25 2:58 PM,8/19/25 2:58 PM,10 seconds,Zoila Salinas
Tink-a-Tako - Potranco,Rosie  ORDONEZ,277,33,Lobby,,8/19/25 2:56 PM,8/19/25 3:00 PM,4 minutes and 23 seconds,Zoila Salinas
Tink-a-Tako - Potranco,Juan  Camacho,274,12,Lobby,,8/19/25 3:02 PM,8/19/25 3:07 PM,5 minutes and 57 seconds,Zoila Salinas
Tink-a-Tako - Potranco,Juan  Camacho,274,12,Lobby,,8/19/25 3:05 PM,8/19/25 3:10 PM,5 minutes and 9 seconds,Zoila Salinas
Tink-a-Tako - Potranco,Juan  Camacho,274,12,Tortillero,,8/19/25 3:05 PM,8/19/25 3:10 PM,5 minutes and 9 seconds,Zoila Salinas
Tink-a-Tako - Potranco,Juan  Camacho,274,12,Prep,,8/19/25 3:05 PM,8/19/25 3:10 PM,5 minutes and 9 seconds,Zoila Salinas
Tink-a-Tako - Potranco,Rosie  ORDONEZ,278,,Lobby,,8/19/25 3:11 PM,8/19/25 3:13 PM,1 minute and 55 seconds,Zoila Salinas
Tink-a-Tako - Potranco,Juan  Camacho,274,12,Lobby,,8/19/25 3:14 PM,8/19/25 3:15 PM,52 seconds,Zoila Salinas
Tink-a-Tako - Potranco,Juan  Camacho,274,12,Tortillero,,8/19/25 3:14 PM,8/19/25 3:15 PM,52 seconds,Zoila Salinas
Tink-a-Tako - Potranco,Juan  Camacho,274,12,Prep,,8/19/25 3:14 PM,8/19/25 3:15 PM,52 seconds,Zoila Salinas
Tink-a-Tako - Potranco,Juan  Camacho,274,12,Lobby,,8/19/25 3:15 PM,8/19/25 3:17 PM,1 minute and 53 seconds,Zoila Salinas
Tink-a-Tako - Potranco,Rosie  ORDONEZ,279,,Lobby,,8/19/25 3:14 PM,8/19/25 3:18 PM,3 minutes and 55 seconds,Zoila Salinas
Tink-a-Tako - Potranco,Juan  Camacho,274,12,Lobby,,8/19/25 3:19 PM,8/19/25 3:19 PM,4 seconds,Zoila Salinas
Tink-a-Tako - Potranco,Juan  Camacho,280,,Lobby,,8/19/25 3:21 PM,8/19/25 3:25 PM,3 minutes and 1 second,Zoila Salinas
Tink-a-Tako - Potranco,Rosie  ORDONEZ,281,,Lobby,,8/19/25 3:25 PM,8/19/25 3:27 PM,2 minutes and 33 seconds,Zoila Salinas
Tink-a-Tako - Potranco,Sergio Abundiz,282,42,Lobby,,8/19/25 3:27 PM,8/19/25 3:30 PM,2 minutes and 13 seconds,Zoila Salinas
Tink-a-Tako - Potranco,Juan  Camacho,274,12,Lobby,,8/19/25 3:32 PM,8/19/25 3:33 PM,39 seconds,Zoila Salinas
Tink-a-Tako - Potranco,Rosie  ORDONEZ,283,,Lobby,,8/19/25 3:32 PM,8/19/25 3:33 PM,1 minute and 25 seconds,Zoila Salinas
Tink-a-Tako - Potranco,Sergio Abundiz,284,40,Lobby,,8/19/25 3:36 PM,8/19/25 3:41 PM,4 minutes and 47 seconds,Zoila Salinas
Tink-a-Tako - Potranco,Juan  Camacho,285,36,Lobby,,8/19/25 3:53 PM,8/19/25 3:55 PM,1 minute and 29 seconds,Zoila Salinas
Tink-a-Tako - Potranco,Juan  Camacho,285,36,Prep,,8/19/25 3:53 PM,8/19/25 3:55 PM,1 minute and 29 seconds,Zoila Salinas
Tink-a-Tako - Potranco,Rosie  ORDONEZ,286,,Lobby,,8/19/25 3:57 PM,8/19/25 3:59 PM,2 minutes and 13 seconds,Zoila Salinas
Tink-a-Tako - Potranco,Juan  Camacho,274,12,,2,8/19/25 3:10 PM,8/19/25 4:05 PM,54 minutes and 45 seconds,Zoila Salinas
Tink-a-Tako - Potranco,Juan  Camacho,274,12,,2,8/19/25 3:15 PM,8/19/25 4:05 PM,50 minutes and 19 seconds,Zoila Salinas
Tink-a-Tako - Potranco,Maria Majana,268,,,2,8/19/25 2:08 PM,8/19/25 4:05 PM,"1 hour, 57 minutes and 26 seconds",Zoila Salinas
Tink-a-Tako - Potranco,Sergio Abundiz,284,40,,2,8/19/25 3:41 PM,8/19/25 4:05 PM,24 minutes and 30 seconds,Zoila Salinas
Tink-a-Tako - Potranco,Rosie  ORDONEZ,281,,,2,8/19/25 3:27 PM,8/19/25 4:06 PM,38 minutes and 14 seconds,Zoila Salinas
Tink-a-Tako - Potranco,Juan  Camacho,285,36,,2,8/19/25 3:55 PM,8/19/25 4:05 PM,10 minutes and 34 seconds,Zoila Salinas
Tink-a-Tako - Potranco,Juan  Camacho,280,,,2,8/19/25 3:25 PM,8/19/25 4:06 PM,40 minutes and 59 seconds,Zoila Salinas
Tink-a-Tako - Potranco,Juan  Camacho,274,12,,2,8/19/25 3:19 PM,8/19/25 4:06 PM,46 minutes and 55 seconds,Zoila Salinas
Tink-a-Tako - Potranco,Juan  Camacho,274,12,,2,8/19/25 3:07 PM,8/19/25 4:07 PM,59 minutes and 21 seconds,Zoila Salinas
Tink-a-Tako - Potranco,Sergio Abundiz,282,42,,2,8/19/25 3:30 PM,8/19/25 4:07 PM,37 minutes and 6 seconds,Zoila Salinas
Tink-a-Tako - Potranco,Juan  Camacho,274,12,,2,8/19/25 3:17 PM,8/19/25 4:07 PM,50 minutes and 15 seconds,Zoila Salinas
Tink-a-Tako - Potranco,Juan  Camacho,274,12,,2,8/19/25 3:33 PM,8/19/25 4:07 PM,34 minutes and 2 seconds,Zoila Salinas
Tink-a-Tako - Potranco,Juan  Camacho,274,12,,2,8/19/25 2:58 PM,8/19/25 4:07 PM,"1 hour, 8 minutes and 40 seconds",Zoila Salinas
Tink-a-Tako - Potranco,Rosie  ORDONEZ,277,33,,2,8/19/25 3:00 PM,8/19/25 4:07 PM,"1 hour, 6 minutes and 38 seconds",Zoila Salinas
Tink-a-Tako - Potranco,Juan  Camacho,274,12,,2,8/19/25 2:54 PM,8/19/25 4:07 PM,"1 hour, 12 minutes and 52 seconds",Zoila Salinas
Tink-a-Tako - Potranco,Juan  Camacho,274,12,,2,8/19/25 2:51 PM,8/19/25 4:07 PM,"1 hour, 16 minutes and 25 seconds",Zoila Salinas
Tink-a-Tako - Potranco,Juan  Camacho,274,12,,2,8/19/25 2:47 PM,8/19/25 4:07 PM,"1 hour, 20 minutes and 1 second",Zoila Salinas
Tink-a-Tako - Potranco,Juan  Camacho,287,37,Lobby,,8/19/25 4:00 PM,8/19/25 4:08 PM,7 minutes and 47 seconds,Zoila Salinas
Tink-a-Tako - Potranco,Juan  Camacho,287,37,Tortillero,,8/19/25 4:00 PM,8/19/25 4:08 PM,7 minutes and 47 seconds,Zoila Salinas
Tink-a-Tako - Potranco,Juan  Camacho,287,37,Prep,,8/19/25 4:00 PM,8/19/25 4:08 PM,7 minutes and 47 seconds,Zoila Salinas
Tink-a-Tako - Potranco,Rosie  ORDONEZ,288,,Lobby,,8/19/25 4:10 PM,8/19/25 4:14 PM,3 minutes and 45 seconds,Zoila Salinas
Tink-a-Tako - Potranco,Rosie  ORDONEZ,289,,Lobby,,8/19/25 4:12 PM,8/19/25 4:17 PM,4 minutes and 47 seconds,Zoila Salinas
Tink-a-Tako - Potranco,Rosie  ORDONEZ,290,,Lobby,,8/19/25 4:19 PM,8/19/25 4:20 PM,1 minute and 2 seconds,Zoila Salinas
Tink-a-Tako - Potranco,Lizeth Alonso,293,,Lobby,,8/19/25 4:25 PM,8/19/25 4:30 PM,5 minutes and 31 seconds,Zoila Salinas
Tink-a-Tako - Potranco,Rosie  ORDONEZ,294,,Lobby,,8/19/25 4:25 PM,8/19/25 4:40 PM,15 minutes and 16 seconds,Zoila Salinas
Tink-a-Tako - Potranco,Lizeth Alonso,295,,Lobby,,8/19/25 4:29 PM,8/19/25 4:40 PM,10 minutes and 47 seconds,Zoila Salinas
Tink-a-Tako - Potranco,Sergio Abundiz,296,24,Lobby,,8/19/25 4:35 PM,8/19/25 4:40 PM,5 minutes,Zoila Salinas
Tink-a-Tako - Potranco,Lizeth Alonso,297,,Lobby,,8/19/25 4:43 PM,8/19/25 4:48 PM,5 minutes and 47 seconds,Zoila Salinas
Tink-a-Tako - Potranco,Lizeth Alonso,297,,Tortillero,,8/19/25 4:43 PM,8/19/25 4:48 PM,5 minutes and 47 seconds,Zoila Salinas
Tink-a-Tako - Potranco,Lizeth Alonso,299,,Lobby,,8/19/25 4:46 PM,8/19/25 4:48 PM,2 minutes and 5 seconds,Zoila Salinas
Tink-a-Tako - Potranco,Lizeth Alonso,298,,Lobby,,8/19/25 4:43 PM,8/19/25 4:51 PM,8 minutes and 15 seconds,Zoila Salinas
Tink-a-Tako - Potranco,Lizeth Alonso,301,,Lobby,,8/19/25 4:57 PM,8/19/25 5:02 PM,5 minutes and 40 seconds,Zoila Salinas
Tink-a-Tako - Potranco,Juan  Camacho,304,32,Lobby,,8/19/25 5:01 PM,8/19/25 5:06 PM,4 minutes and 24 seconds,Zoila Salinas
Tink-a-Tako - Potranco,Juan  Camacho,300,38,Lobby,,8/19/25 4:56 PM,8/19/25 5:10 PM,13 minutes and 26 seconds,Zoila Salinas
Tink-a-Tako - Potranco,Juan  Camacho,300,38,Prep,,8/19/25 4:56 PM,8/19/25 5:10 PM,13 minutes and 26 seconds,Zoila Salinas
Tink-a-Tako - Potranco,Sergio Abundiz,303,25,Lobby,,8/19/25 4:58 PM,8/19/25 5:11 PM,12 minutes and 57 seconds,Zoila Salinas
Tink-a-Tako - Potranco,Sergio Abundiz,302,7,Lobby,,8/19/25 4:57 PM,8/19/25 5:11 PM,13 minutes and 31 seconds,Zoila Salinas
Tink-a-Tako - Potranco,Juan  Camacho,304,32,Lobby,,8/19/25 5:02 PM,8/19/25 5:13 PM,10 minutes and 53 seconds,Zoila Salinas
Tink-a-Tako - Potranco,Juan  Camacho,305,33,Lobby,,8/19/25 5:08 PM,8/19/25 5:13 PM,4 minutes and 11 seconds,Zoila Salinas
Tink-a-Tako - Potranco,Lizeth Alonso,301,,Lobby,,8/19/25 4:58 PM,8/19/25 5:13 PM,14 minutes and 40 seconds,Zoila Salinas
Tink-a-Tako - Potranco,Juan  Camacho,309,36,Lobby,,8/19/25 5:19 PM,8/19/25 5:24 PM,4 minutes and 54 seconds,Zoila Salinas
Tink-a-Tako - Potranco,Juan  Camacho,308,36,Lobby,,8/19/25 5:19 PM,8/19/25 5:24 PM,4 minutes and 55 seconds,Zoila Salinas
Tink-a-Tako - Potranco,Lizeth Alonso,307,,Tortillero,,8/19/25 5:15 PM,8/19/25 5:24 PM,8 minutes and 59 seconds,Zoila Salinas
Tink-a-Tako - Potranco,Lizeth Alonso,307,,Prep,,8/19/25 5:15 PM,8/19/25 5:24 PM,8 minutes and 59 seconds,Zoila Salinas
Tink-a-Tako - Potranco,Lizeth Alonso,307,,Lobby,,8/19/25 5:15 PM,8/19/25 5:24 PM,8 minutes and 59 seconds,Zoila Salinas
Tink-a-Tako - Potranco,Lizeth Alonso,306,,Lobby,,8/19/25 5:13 PM,8/19/25 5:24 PM,11 minutes and 40 seconds,Zoila Salinas
Tink-a-Tako - Potranco,Lizeth Alonso,310,,Lobby,,8/19/25 5:21 PM,8/19/25 5:26 PM,5 minutes and 6 seconds,Zoila Salinas
Tink-a-Tako - Potranco,Lizeth Alonso,310,,Lobby,,8/19/25 5:22 PM,8/19/25 5:29 PM,7 minutes and 28 seconds,Zoila Salinas
Tink-a-Tako - Potranco,Juan  Camacho,314,35,Lobby,,8/19/25 5:29 PM,8/19/25 5:32 PM,3 minutes and 5 seconds,Zoila Salinas
Tink-a-Tako - Potranco,Juan  Camacho,314,35,Prep,,8/19/25 5:29 PM,8/19/25 5:32 PM,3 minutes and 5 seconds,Zoila Salinas
Tink-a-Tako - Potranco,Juan  Camacho,312,17,Lobby,,8/19/25 5:22 PM,8/19/25 5:32 PM,10 minutes and 18 seconds,Zoila Salinas
Tink-a-Tako - Potranco,Juan  Camacho,313,37,Lobby,,8/19/25 5:28 PM,8/19/25 5:40 PM,11 minutes and 50 seconds,Zoila Salinas
Tink-a-Tako - Potranco,Juan  Camacho,315,39,Lobby,,8/19/25 5:42 PM,8/19/25 5:47 PM,4 minutes and 47 seconds,Zoila Salinas
Tink-a-Tako - Potranco,Juan  Camacho,323,31,Lobby,,8/19/25 5:46 PM,8/19/25 5:55 PM,9 minutes and 9 seconds,Zoila Salinas
Tink-a-Tako - Potranco,Juan  Camacho,324,31,Lobby,,8/19/25 5:46 PM,8/19/25 5:55 PM,9 minutes and 11 seconds,Zoila Salinas
Tink-a-Tako - Potranco,Juan  Camacho,319,31,Lobby,,8/19/25 5:46 PM,8/19/25 5:55 PM,9 minutes and 15 seconds,Zoila Salinas
Tink-a-Tako - Potranco,Juan  Camacho,325,31,Lobby,,8/19/25 5:46 PM,8/19/25 5:55 PM,9 minutes and 13 seconds,Zoila Salinas
Tink-a-Tako - Potranco,Sergio Abundiz,322,23,Lobby,,8/19/25 5:43 PM,8/19/25 5:56 PM,12 minutes and 22 seconds,Zoila Salinas
Tink-a-Tako - Potranco,Sergio Abundiz,322,23,Tortillero,,8/19/25 5:43 PM,8/19/25 5:56 PM,12 minutes and 22 seconds,Zoila Salinas
Tink-a-Tako - Potranco,Sergio Abundiz,322,23,Prep,,8/19/25 5:43 PM,8/19/25 5:56 PM,12 minutes and 22 seconds,Zoila Salinas
Tink-a-Tako - Potranco,Juan  Camacho,320,31,Lobby,,8/19/25 5:46 PM,8/19/25 6:01 PM,15 minutes and 14 seconds,Zoila Salinas
Tink-a-Tako - Potranco,Juan  Camacho,320,31,Tortillero,,8/19/25 5:46 PM,8/19/25 6:01 PM,15 minutes and 14 seconds,Zoila Salinas
Tink-a-Tako - Potranco,Juan  Camacho,320,31,Prep,,8/19/25 5:46 PM,8/19/25 6:01 PM,15 minutes and 14 seconds,Zoila Salinas
Tink-a-Tako - Potranco,Juan  Camacho,318,31,Lobby,,8/19/25 5:46 PM,8/19/25 6:01 PM,15 minutes and 15 seconds,Zoila Salinas
Tink-a-Tako - Potranco,Juan  Camacho,321,31,Lobby,,8/19/25 5:46 PM,8/19/25 6:02 PM,16 minutes and 2 seconds,Zoila Salinas
Tink-a-Tako - Potranco,Juan  Camacho,316,31,Lobby,,8/19/25 5:46 PM,8/19/25 6:02 PM,16 minutes and 3 seconds,Zoila Salinas
Tink-a-Tako - Potranco,Juan  Camacho,317,31,Lobby,,8/19/25 5:46 PM,8/19/25 6:02 PM,16 minutes and 5 seconds,Zoila Salinas
Tink-a-Tako - Potranco,Sergio Abundiz,326,24,Lobby,,8/19/25 5:47 PM,8/19/25 6:02 PM,14 minutes and 57 seconds,Zoila Salinas
Tink-a-Tako - Potranco,Juan  Camacho,325,31,,2,8/19/25 5:55 PM,8/19/25 6:05 PM,9 minutes and 10 seconds,Zoila Salinas
Tink-a-Tako - Potranco,Juan  Camacho,324,31,,2,8/19/25 5:55 PM,8/19/25 6:05 PM,9 minutes and 13 seconds,Zoila Salinas
Tink-a-Tako - Potranco,Sergio Abundiz,326,24,,2,8/19/25 6:02 PM,8/19/25 6:05 PM,2 minutes and 19 seconds,Zoila Salinas
Tink-a-Tako - Potranco,Juan  Camacho,321,31,,2,8/19/25 6:02 PM,8/19/25 6:05 PM,2 minutes and 24 seconds,Zoila Salinas
Tink-a-Tako - Potranco,Juan  Camacho,323,31,,2,8/19/25 5:55 PM,8/19/25 6:05 PM,9 minutes and 18 seconds,Zoila Salinas
Tink-a-Tako - Potranco,Juan  Camacho,318,31,,2,8/19/25 6:01 PM,8/19/25 6:05 PM,3 minutes and 13 seconds,Zoila Salinas
Tink-a-Tako - Potranco,Juan  Camacho,319,31,,2,8/19/25 5:55 PM,8/19/25 6:05 PM,9 minutes and 15 seconds,Zoila Salinas
Tink-a-Tako - Potranco,Juan  Camacho,320,31,,2,8/19/25 6:01 PM,8/19/25 6:05 PM,3 minutes and 16 seconds,Zoila Salinas
Tink-a-Tako - Potranco,Juan  Camacho,317,31,,2,8/19/25 6:02 PM,8/19/25 6:05 PM,2 minutes and 28 seconds,Zoila Salinas
Tink-a-Tako - Potranco,Juan  Camacho,315,39,,2,8/19/25 5:47 PM,8/19/25 6:05 PM,18 minutes and 11 seconds,Zoila Salinas
Tink-a-Tako - Potranco,Juan  Camacho,316,31,,2,8/19/25 6:02 PM,8/19/25 6:05 PM,2 minutes and 30 seconds,Zoila Salinas
Tink-a-Tako - Potranco,Juan  Camacho,313,37,,2,8/19/25 5:40 PM,8/19/25 6:05 PM,25 minutes and 12 seconds,Zoila Salinas
Tink-a-Tako - Potranco,Juan  Camacho,314,35,,2,8/19/25 5:32 PM,8/19/25 6:05 PM,32 minutes and 23 seconds,Zoila Salinas
Tink-a-Tako - Potranco,Sergio Abundiz,322,23,,2,8/19/25 5:56 PM,8/19/25 6:05 PM,8 minutes and 59 seconds,Zoila Salinas
Tink-a-Tako - Potranco,Juan  Camacho,309,36,,2,8/19/25 5:24 PM,8/19/25 6:05 PM,40 minutes and 42 seconds,Zoila Salinas
Tink-a-Tako - Potranco,Juan  Camacho,312,17,,2,8/19/25 5:32 PM,8/19/25 6:05 PM,32 minutes and 25 seconds,Zoila Salinas
Tink-a-Tako - Potranco,Juan  Camacho,304,32,,2,8/19/25 5:13 PM,8/19/25 6:05 PM,52 minutes and 16 seconds,Zoila Salinas
Tink-a-Tako - Potranco,Lizeth Alonso,307,,,2,8/19/25 5:24 PM,8/19/25 6:05 PM,40 minutes and 38 seconds,Zoila Salinas
Tink-a-Tako - Potranco,Juan  Camacho,305,33,,2,8/19/25 5:13 PM,8/19/25 6:05 PM,52 minutes and 15 seconds,Zoila Salinas
Tink-a-Tako - Potranco,Juan  Camacho,308,36,,2,8/19/25 5:24 PM,8/19/25 6:05 PM,40 minutes and 46 seconds,Zoila Salinas
Tink-a-Tako - Potranco,Juan  Camacho,300,38,,2,8/19/25 5:10 PM,8/19/25 6:05 PM,55 minutes and 10 seconds,Zoila Salinas
Tink-a-Tako - Potranco,Juan  Camacho,304,32,,2,8/19/25 5:06 PM,8/19/25 6:05 PM,59 minutes and 15 seconds,Zoila Salinas
Tink-a-Tako - Potranco,Sergio Abundiz,302,7,,2,8/19/25 5:11 PM,8/19/25 6:05 PM,54 minutes and 25 seconds,Zoila Salinas
Tink-a-Tako - Potranco,Sergio Abundiz,303,25,,2,8/19/25 5:11 PM,8/19/25 6:05 PM,54 minutes and 21 seconds,Zoila Salinas
Tink-a-Tako - Potranco,Sergio Abundiz,296,24,,2,8/19/25 4:40 PM,8/19/25 6:05 PM,"1 hour, 24 minutes and 55 seconds",Zoila Salinas
Tink-a-Tako - Potranco,Juan  Camacho,287,37,,2,8/19/25 4:08 PM,8/19/25 6:05 PM,"1 hour, 57 minutes and 24 seconds",Zoila Salinas
Tink-a-Tako - Potranco,Rosie  ORDONEZ,288,,,2,8/19/25 4:14 PM,8/19/25 6:05 PM,"1 hour, 51 minutes and 15 seconds",Zoila Salinas
Tink-a-Tako - Potranco,Sergio Abundiz,272,23,,2,8/19/25 2:26 PM,8/19/25 6:05 PM,"3 hours, 39 minutes and 16 seconds",Zoila Salinas
Tink-a-Tako - Potranco,Sergio Abundiz,271,32,,2,8/19/25 2:25 PM,8/19/25 6:05 PM,"3 hours, 40 minutes and 18 seconds",Zoila Salinas
Tink-a-Tako - Potranco,Juan  Camacho,269,7,,2,8/19/25 2:14 PM,8/19/25 6:05 PM,"3 hours, 51 minutes and 13 seconds",Zoila Salinas
Tink-a-Tako - Potranco,Lizeth Alonso,327,,Lobby,,8/19/25 5:53 PM,8/19/25 6:05 PM,12 minutes and 45 seconds,Zoila Salinas
Tink-a-Tako - Potranco,Lizeth Alonso,329,,Lobby,,8/19/25 5:57 PM,8/19/25 6:05 PM,8 minutes and 35 seconds,Zoila Salinas
Tink-a-Tako - Potranco,Lizeth Alonso,330,,Lobby,,8/19/25 6:02 PM,8/19/25 6:11 PM,9 minutes and 17 seconds,Zoila Salinas
Tink-a-Tako - Potranco,Lizeth Alonso,331,,Lobby,,8/19/25 6:05 PM,8/19/25 6:13 PM,8 minutes and 11 seconds,Zoila Salinas
Tink-a-Tako - Potranco,Lizeth Alonso,333,,Lobby,,8/19/25 6:09 PM,8/19/25 6:13 PM,4 minutes and 17 seconds,Zoila Salinas
Tink-a-Tako - Potranco,Lizeth Alonso,331,,Prep,,8/19/25 6:13 PM,8/19/25 6:14 PM,1 minute and 3 seconds,Zoila Salinas
Tink-a-Tako - Potranco,Lizeth Alonso,331,,Lobby,,8/19/25 6:13 PM,8/19/25 6:14 PM,1 minute and 3 seconds,Zoila Salinas
Tink-a-Tako - Potranco,Lizeth Alonso,334,,Lobby,,8/19/25 6:12 PM,8/19/25 6:16 PM,4 minutes and 20 seconds,Zoila Salinas
Tink-a-Tako - Potranco,Juan  Camacho,336,36,Lobby,,8/19/25 6:16 PM,8/19/25 6:18 PM,2 minutes and 2 seconds,Zoila Salinas
Tink-a-Tako - Potranco,Lizeth Alonso,332,,Lobby,,8/19/25 6:08 PM,8/19/25 6:20 PM,12 minutes and 48 seconds,Zoila Salinas
Tink-a-Tako - Potranco,Lizeth Alonso,335,,Lobby,,8/19/25 6:14 PM,8/19/25 6:21 PM,7 minutes and 9 seconds,Zoila Salinas
Tink-a-Tako - Potranco,Lizeth Alonso,337,,Lobby,,8/19/25 6:20 PM,8/19/25 6:24 PM,3 minutes and 49 seconds,Zoila Salinas
Tink-a-Tako - Potranco,Lizeth Alonso,339,,Lobby,,8/19/25 6:28 PM,8/19/25 6:32 PM,4 minutes and 35 seconds,Zoila Salinas
Tink-a-Tako - Potranco,Sergio Abundiz,338,7,Lobby,,8/19/25 6:24 PM,8/19/25 6:32 PM,8 minutes and 33 seconds,Zoila Salinas
Tink-a-Tako - Potranco,Juan  Camacho,340,25,Lobby,,8/19/25 6:29 PM,8/19/25 6:38 PM,8 minutes and 14 seconds,Zoila Salinas
Tink-a-Tako - Potranco,Lizeth Alonso,341,,Tortillero,,8/19/25 6:36 PM,8/19/25 6:44 PM,8 minutes and 26 seconds,Zoila Salinas
Tink-a-Tako - Potranco,Lizeth Alonso,341,,Prep,,8/19/25 6:36 PM,8/19/25 6:44 PM,8 minutes and 26 seconds,Zoila Salinas
Tink-a-Tako - Potranco,Lizeth Alonso,341,,Lobby,,8/19/25 6:36 PM,8/19/25 6:44 PM,8 minutes and 26 seconds,Zoila Salinas
Tink-a-Tako - Potranco,Lizeth Alonso,344,,Lobby,,8/19/25 6:43 PM,8/19/25 6:48 PM,5 minutes and 3 seconds,Zoila Salinas
Tink-a-Tako - Potranco,Sergio Abundiz,343,37,Lobby,,8/19/25 6:40 PM,8/19/25 6:49 PM,8 minutes and 26 seconds,Zoila Salinas
Tink-a-Tako - Potranco,Sergio Abundiz,343,37,Tortillero,,8/19/25 6:40 PM,8/19/25 6:49 PM,8 minutes and 26 seconds,Zoila Salinas
Tink-a-Tako - Potranco,Lizeth Alonso,342,,Lobby,,8/19/25 6:40 PM,8/19/25 6:51 PM,11 minutes and 1 second,Zoila Salinas
Tink-a-Tako - Potranco,Lizeth Alonso,342,,Tortillero,,8/19/25 6:40 PM,8/19/25 6:51 PM,11 minutes and 1 second,Zoila Salinas
Tink-a-Tako - Potranco,Lizeth Alonso,342,,Prep,,8/19/25 6:40 PM,8/19/25 6:51 PM,11 minutes and 1 second,Zoila Salinas
Tink-a-Tako - Potranco,Juan  Camacho,345,12,Lobby,,8/19/25 6:46 PM,8/19/25 6:53 PM,6 minutes and 24 seconds,Zoila Salinas
Tink-a-Tako - Potranco,Lizeth Alonso,350,,Lobby,,8/19/25 6:50 PM,8/19/25 6:57 PM,7 minutes and 12 seconds,Zoila Salinas
Tink-a-Tako - Potranco,Juan  Camacho,347,12,Lobby,,8/19/25 6:46 PM,8/19/25 6:58 PM,12 minutes and 22 seconds,Zoila Salinas
Tink-a-Tako - Potranco,Juan  Camacho,348,12,Lobby,,8/19/25 6:46 PM,8/19/25 6:59 PM,12 minutes and 25 seconds,Zoila Salinas
Tink-a-Tako - Potranco,Juan  Camacho,348,12,Tortillero,,8/19/25 6:46 PM,8/19/25 6:59 PM,12 minutes and 25 seconds,Zoila Salinas
Tink-a-Tako - Potranco,Juan  Camacho,348,12,Prep,,8/19/25 6:46 PM,8/19/25 6:59 PM,12 minutes and 25 seconds,Zoila Salinas
Tink-a-Tako - Potranco,Juan  Camacho,352,36,Lobby,,8/19/25 6:53 PM,8/19/25 7:01 PM,7 minutes and 28 seconds,Zoila Salinas
Tink-a-Tako - Potranco,Sergio Abundiz,351,38,Lobby,,8/19/25 6:50 PM,8/19/25 7:01 PM,10 minutes and 59 seconds,Zoila Salinas
Tink-a-Tako - Potranco,Juan  Camacho,354,24,Lobby,,8/19/25 6:58 PM,8/19/25 7:05 PM,7 minutes and 8 seconds,Zoila Salinas
Tink-a-Tako - Potranco,Sergio Abundiz,355,17,Lobby,,8/19/25 6:59 PM,8/19/25 7:07 PM,8 minutes and 15 seconds,Zoila Salinas
Tink-a-Tako - Potranco,Juan  Camacho,352,36,Lobby,,8/19/25 7:03 PM,8/19/25 7:07 PM,4 minutes and 9 seconds,Zoila Salinas
Tink-a-Tako - Potranco,Juan  Camacho,348,12,Lobby,,8/19/25 7:08 PM,8/19/25 7:09 PM,1 minute and 44 seconds,Zoila Salinas
Tink-a-Tako - Potranco,Sergio Abundiz,357,37,Lobby,,8/19/25 7:09 PM,8/19/25 7:15 PM,5 minutes and 49 seconds,Zoila Salinas
Tink-a-Tako - Potranco,Sergio Abundiz,356,23,Lobby,,8/19/25 7:06 PM,8/19/25 7:20 PM,14 minutes and 5 seconds,Zoila Salinas
Tink-a-Tako - Potranco,Sergio Abundiz,358,39,Lobby,,8/19/25 7:13 PM,8/19/25 7:25 PM,12 minutes and 21 seconds,Zoila Salinas
Tink-a-Tako - Potranco,Lizeth Alonso,361,,Lobby,,8/19/25 7:27 PM,8/19/25 7:29 PM,1 minute and 29 seconds,Zoila Salinas
Tink-a-Tako - Potranco,Lizeth Alonso,360,,Lobby,,8/19/25 7:22 PM,8/19/25 7:30 PM,7 minutes and 15 seconds,Zoila Salinas
Tink-a-Tako - Potranco,Juan  Camacho,359,12,Lobby,,8/19/25 7:20 PM,8/19/25 7:30 PM,10 minutes and 16 seconds,Zoila Salinas
Tink-a-Tako - Potranco,Lizeth Alonso,362,,Lobby,,8/19/25 7:29 PM,8/19/25 7:33 PM,4 minutes and 15 seconds,Zoila Salinas
Tink-a-Tako - Potranco,Lizeth Alonso,364,,Lobby,,8/19/25 7:35 PM,8/19/25 7:41 PM,6 minutes and 8 seconds,Zoila Salinas
Tink-a-Tako - Potranco,Lizeth Alonso,365,,Lobby,,8/19/25 7:49 PM,8/19/25 7:52 PM,3 minutes and 16 seconds,Zoila Salinas
Tink-a-Tako - Potranco,Sergio Abundiz,351,38,,2,8/19/25 7:01 PM,8/19/25 8:01 PM,59 minutes and 57 seconds,Zoila Salinas
Tink-a-Tako - Potranco,Juan  Camacho,348,12,,2,8/19/25 6:59 PM,8/19/25 8:01 PM,"1 hour, 2 minutes and 10 seconds",Zoila Salinas
Tink-a-Tako - Potranco,Juan  Camacho,352,36,,2,8/19/25 7:01 PM,8/19/25 8:01 PM,59 minutes and 58 seconds,Zoila Salinas
Tink-a-Tako - Potranco,Sergio Abundiz,355,17,,2,8/19/25 7:07 PM,8/19/25 8:01 PM,53 minutes and 41 seconds,Zoila Salinas
Tink-a-Tako - Potranco,Sergio Abundiz,357,37,,2,8/19/25 7:15 PM,8/19/25 8:01 PM,46 minutes and 15 seconds,Zoila Salinas
Tink-a-Tako - Potranco,Juan  Camacho,354,24,,2,8/19/25 7:05 PM,8/19/25 8:01 PM,55 minutes and 36 seconds,Zoila Salinas
Tink-a-Tako - Potranco,Juan  Camacho,348,12,,2,8/19/25 7:09 PM,8/19/25 8:01 PM,51 minutes and 19 seconds,Zoila Salinas
Tink-a-Tako - Potranco,Sergio Abundiz,358,39,,2,8/19/25 7:25 PM,8/19/25 8:01 PM,35 minutes and 42 seconds,Zoila Salinas
Tink-a-Tako - Potranco,Juan  Camacho,352,36,,2,8/19/25 7:07 PM,8/19/25 8:01 PM,53 minutes and 48 seconds,Zoila Salinas
Tink-a-Tako - Potranco,Sergio Abundiz,356,23,,2,8/19/25 7:20 PM,8/19/25 8:01 PM,40 minutes and 24 seconds,Zoila Salinas
Tink-a-Tako - Potranco,Juan  Camacho,359,12,,2,8/19/25 7:30 PM,8/19/25 8:01 PM,30 minutes and 54 seconds,Zoila Salinas
Tink-a-Tako - Potranco,Juan  Camacho,347,12,,2,8/19/25 6:58 PM,8/19/25 8:01 PM,"1 hour, 2 minutes and 24 seconds",Zoila Salinas
Tink-a-Tako - Potranco,Juan  Camacho,345,12,,2,8/19/25 6:53 PM,8/19/25 8:01 PM,"1 hour, 8 minutes and 22 seconds",Zoila Salinas
Tink-a-Tako - Potranco,Sergio Abundiz,343,37,,2,8/19/25 6:49 PM,8/19/25 8:01 PM,"1 hour, 12 minutes and 9 seconds",Zoila Salinas
Tink-a-Tako - Potranco,Juan  Camacho,340,25,,2,8/19/25 6:38 PM,8/19/25 8:01 PM,"1 hour, 23 minutes and 21 seconds",Zoila Salinas
Tink-a-Tako - Potranco,Juan  Camacho,336,36,,2,8/19/25 6:18 PM,8/19/25 8:01 PM,"1 hour, 42 minutes and 34 seconds",Zoila Salinas
Tink-a-Tako - Potranco,Sergio Abundiz,338,7,,2,8/19/25 6:32 PM,8/19/25 8:01 PM,"1 hour, 28 minutes and 30 seconds",Zoila Salinas
Tink-a-Tako - Potranco,Juan  Camacho,368,,Lobby,,8/19/25 8:15 PM,8/19/25 8:23 PM,7 minutes and 34 seconds,Zoila Salinas
Tink-a-Tako - Potranco,Lizeth Alonso,366,,Lobby,,8/19/25 8:08 PM,8/19/25 8:23 PM,15 minutes and 23 seconds,Zoila Salinas
Tink-a-Tako - Potranco,Lizeth Alonso,367,,Lobby,,8/19/25 8:10 PM,8/19/25 8:23 PM,13 minutes and 36 seconds,Zoila Salinas
Tink-a-Tako - Potranco,Sergio Abundiz,358,39,Lobby,,8/19/25 7:55 PM,8/19/25 8:24 PM,28 minutes and 37 seconds,Zoila Salinas
Tink-a-Tako - Potranco,Juan  Camacho,369,35,Lobby,,8/19/25 8:30 PM,8/19/25 8:38 PM,8 minutes and 25 seconds,Zoila Salinas
Tink-a-Tako - Potranco,Juan  Camacho,369,35,,2,8/19/25 8:38 PM,8/19/25 9:20 PM,41 minutes and 30 seconds,Zoila Salinas
Tink-a-Tako - Potranco,Juan  Camacho,370,33,,2,8/19/25 8:35 PM,8/19/25 9:20 PM,44 minutes and 16 seconds,Zoila Salinas
Tink-a-Tako - Potranco,Sergio Abundiz,358,39,,2,8/19/25 8:24 PM,8/19/25 9:20 PM,55 minutes and 45 seconds,Zoila Salinas
Tink-a-Tako - Potranco,Juan  Camacho,368,,,2,8/19/25 8:23 PM,8/19/25 9:20 PM,56 minutes and 39 seconds,Zoila Salinas
