Employee,Job Title,Regular Hours,Overtime Hours,Hourly Rate,Regular Pay,Overtime Pay,Total Pay,Net Sales,Declared Tips,Non-Cash Tips,Total Tips,Tips Withheld,Total Gratuity,Employee ID,Job Code,Location,Location Code
"Abundiz, Sergio",Server,8.17,0.0,,,,,475.89,,73.00,73.00,0.00,0.00,,,Tink-a-Tako - Potranco,
"Alonso, Lizeth",Host,4.9,0.0,13.00,63.70,0.00,63.70,441.10,,21.73,21.73,0.00,0.00,,,Tink-a-Tako - Potranco,
"Aviles, Genaro",Cook,15.88,0.0,15.00,238.20,0.00,238.20,0.00,,0.00,0.00,0.00,0.00,,,Tink-a-Tako - Potranco,
"Brito, Victor ",Regular,8.57,0.0,12.00,102.84,0.00,102.84,0.00,,0.00,0.00,0.00,0.00,,,Tink-a-Tako - Potranco,
"Camacho, Juan ",Server,7.51,0.0,3.00,22.53,0.00,22.53,1678.15,,100.25,100.25,0.00,240.38,,,Tink-a-Tako - Potranco,
"Cisneros, Isabel",Server,6.59,0.0,3.00,19.77,0.00,19.77,447.56,,30.00,30.00,0.00,0.00,,,Tink-a-Tako - Potranco,
"Cisneross, Giselle",Host,6.47,0.0,,,,,86.18,,2.00,2.00,0.00,0.00,,,Tink-a-Tako - Potranco,
"Diaz, Diego",Cook,8.64,0.0,,,,,0.00,,0.00,0.00,0.00,0.00,,,Tink-a-Tako - Potranco,
"Dominguez, Jose ",Cook,9.89,0.0,17.00,168.13,0.00,168.13,0.00,,0.00,0.00,0.00,0.00,,,Tink-a-Tako - Potranco,
"Gonzales (Line) , Maria",Cook,3.06,0.0,14.00,42.84,0.00,42.84,0.00,,0.00,0.00,0.00,0.00,,,Tink-a-Tako - Potranco,
"Gonzalez, Maria ",Tortillero,7.42,0.0,13.00,96.46,0.00,96.46,0.00,,0.00,0.00,0.00,0.00,,,Tink-a-Tako - Potranco,
"Hernandez, Silvia",Server,6.26,0.0,3.00,18.78,0.00,18.78,301.25,,49.38,49.38,0.00,0.00,,,Tink-a-Tako - Potranco,
"Majana, Maria",Server,8.29,0.0,3.00,24.87,0.00,24.87,677.66,,54.25,54.25,0.00,31.53,,,Tink-a-Tako - Potranco,
"ORDONEZ, Rosie ",Shift Manager / Assistant Manager,7.96,0.0,,,,,158.64,,6.00,6.00,0.00,0.00,,,Tink-a-Tako - Potranco,
"ROJAS, JAIME",Busser,13.32,0.0,13.00,173.16,0.00,173.16,0.00,,0.00,0.00,0.00,0.00,,,Tink-a-Tako - Potranco,
"Ramirez Perez, Silvia",Cook,8.47,0.0,17.00,143.99,0.00,143.99,0.00,,0.00,0.00,0.00,0.00,,,Tink-a-Tako - Potranco,
"Rueda, Jonathan",Busser,10.219999999999999,0.0,12.00,122.64,0.00,122.64,0.00,,0.00,0.00,0.00,0.00,,,Tink-a-Tako - Potranco,
"Salinas, Zoila",Manager S.,20.33,0.0,18.75,381.19,0.00,381.19,12.93,0.00,0.00,0.00,0.00,0.00,,,Tink-a-Tako - Potranco,
"Torres, Daniela",Drive-Thru,7.92,0.0,,,,,1799.44,,33.72,33.72,0.00,0.00,,,Tink-a-Tako - Potranco,
