Employee,Job Title,Regular Hours,Overtime Hours,Hourly Rate,Regular Pay,Overtime Pay,Total Pay,Net Sales,Declared Tips,Non-Cash Tips,Total Tips,Tips Withheld,Total Gratuity,Employee ID,Job Code,Location,Location Code
"Aragon, Brianna",Host,12.49,0.0,11.00,137.39,0.00,137.39,179.22,0.00,9.04,9.04,0.00,0.00,,,12060 Potranco Road,
"Aragon, Cecilia",Tortillera,6.08,0.0,13.00,79.04,0.00,79.04,0.00,,0.00,0.00,0.00,0.00,,,12060 Potranco Road,
"Barton, Arion",Cook,13.07,0.0,13.00,169.91,0.00,169.91,0.00,,0.00,0.00,0.00,0.00,,,12060 Potranco Road,
"Cabrera, Sugey",Server,6.13,0.0,3.00,18.39,0.00,18.39,632.22,0.00,70.63,70.63,0.00,0.00,,,12060 Potranco Road,
"Cardenas, Salvador",Cook,0.0,8.74,15.00,0.00,196.65,196.65,0.00,,0.00,0.00,0.00,0.00,,,12060 Potranco Road,
"Farias, Claudia",Cook,3.91,5.23,15.00,58.65,117.68,176.33,0.00,,0.00,0.00,0.00,0.00,,,12060 Potranco Road,
"GUTIERREZ, ERIC",Cook,6.9,0.0,16.00,110.40,0.00,110.40,0.00,,0.00,0.00,0.00,0.00,,,12060 Potranco Road,
"Garcia, Enriqueta",Chef,7.75,0.0,,,,,0.00,,0.00,0.00,0.00,0.00,,,12060 Potranco Road,
"Garcia, Lizbeth",Server,7.63,0.0,3.00,22.89,0.00,22.89,657.90,2.00,65.85,67.85,0.00,0.00,,,12060 Potranco Road,
"Juliet, Mia",Host,6.15,0.0,,,,,429.11,0.00,14.00,14.00,0.00,0.00,,,12060 Potranco Road,
"Lino Santana, David ",Prep,6.94,0.22,15.00,104.10,4.95,109.05,0.00,,0.00,0.00,0.00,0.00,,,12060 Potranco Road,
"Martínez , Angelica ",Host,5.35,0.0,,,,,0.00,5.00,0.00,5.00,0.00,0.00,,,12060 Potranco Road,
"Morales, Adrian",Server,11.15,0.0,3.00,33.45,0.00,33.45,875.03,0.00,143.91,143.91,0.00,38.61,,,12060 Potranco Road,
"Morales, Carlos",Busser,13.1,0.0,11.00,144.10,0.00,144.10,600.76,,23.75,23.75,0.00,0.00,,,12060 Potranco Road,
"Ojeda, George",Runner,6.13,0.0,12.50,76.62,0.00,76.62,0.00,,0.00,0.00,0.00,0.00,,,12060 Potranco Road,
"Roman, Leticia",Server,6.44,0.0,3.00,19.32,0.00,19.32,644.70,0.00,84.93,84.93,0.00,16.31,,,12060 Potranco Road,
"Rosales, Elsa",Tortillera,7.14,0.0,13.00,92.82,0.00,92.82,0.00,,0.00,0.00,0.00,0.00,,,12060 Potranco Road,
"Sanchez, Emanuel",Server,6.96,0.0,3.00,20.88,0.00,20.88,215.59,5.00,31.66,36.66,0.00,0.00,,,12060 Potranco Road,
"Urena, Melissa ",Host,0.35,7.08,12.00,4.20,127.44,131.64,2098.97,0.00,91.35,91.35,0.00,0.00,,,12060 Potranco Road,
"Vega, Estela",Tortillera,2.76,6.41,15.00,41.40,144.23,185.63,0.00,,0.00,0.00,0.00,0.00,,,12060 Potranco Road,
"Velasquez, Lisa",Server,11.24,0.0,3.00,33.72,0.00,33.72,999.50,5.00,148.00,153.00,0.00,56.16,,,12060 Potranco Road,
"vanenzuela, felix",Cook,7.07,0.0,,,,,0.00,,0.00,0.00,0.00,0.00,,,12060 Potranco Road,
"velasquez, maximilioano",Busser,6.59,0.0,12.00,79.08,0.00,79.08,0.00,,0.00,0.00,0.00,0.00,,,12060 Potranco Road,
