Employee,Job Title,Regular Hours,Overtime Hours,Hourly Rate,Regular Pay,Overtime Pay,Total Pay,Net Sales,Declared Tips,Non-Cash Tips,Total Tips,Tips Withheld,Total Gratuity,Employee ID,Job Code,Location,Location Code
"C, PM Cashier",Cashier,2.21,0.0,,,,,503.75,,16.00,16.00,0.00,0.00,,,2919 Blanco Rd,
"CASHIER, AM",General Manager,0.14,0.0,,,,,116.65,,13.00,13.00,0.00,0.00,,,2919 Blanco Rd,
"Hernandez, Celinda",Cook,0.54,8.46,16.00,8.64,203.04,211.68,0.00,,0.00,0.00,0.00,0.00,,,2919 Blanco Rd,
"Hernandez, Fidelia ",Cook,6.06,2.44,14.00,84.84,51.24,136.08,0.00,0.00,0.00,0.00,0.00,0.00,,,2919 Blanco Rd,
"Martinez , Sami",Server,12.05,0.0,3.00,36.15,0.00,36.15,317.42,,19.00,19.00,0.00,0.00,,,2919 Blanco Rd,
"Melendez, Ninoska",Tortillero/a,4.47,3.7,13.00,58.11,72.15,130.26,0.00,,0.00,0.00,0.00,0.00,,,2919 Blanco Rd,
"Ovalle , Martina",Drive-Thru,8.629999999999999,4.57,,,,,2037.42,,53.78,53.78,0.00,0.00,,,2919 Blanco Rd,
"Rivera, Dante Antonio ",Cook,13.89,0.0,,,,,0.00,,0.00,0.00,0.00,0.00,,,2919 Blanco Rd,
"Salazar, Maria ",Shift Manager / Assistant Manager,4.13,4.54,,,,,570.83,,54.00,54.00,0.00,0.00,,,2919 Blanco Rd,
"Villalobos , Veronica ",Cook,8.21,0.0,14.00,114.94,0.00,114.94,0.00,,0.00,0.00,0.00,0.00,,,2919 Blanco Rd,
"lopez, samantha",Server,3.54,4.04,3.00,10.62,18.18,28.80,365.36,,59.00,59.00,0.00,0.00,,,2919 Blanco Rd,
