Employee,Job Title,Regular Hours,Overtime Hours,Hourly Rate,Regular Pay,Overtime Pay,Total Pay,Net Sales,Declared Tips,Non-Cash Tips,Total Tips,Tips Withheld,Total Gratuity,Employee ID,Job Code,Location,Location Code
"Abundiz, Ivana",Host,4.85,3.42,14.00,67.90,71.82,139.72,2390.16,,73.01,73.01,0.00,0.00,,,Tink-a-Tako - Potranco,
"Abundiz, Sergio",Server,1.9,6.11,,,,,372.68,,34.00,34.00,0.00,16.53,,,Tink-a-Tako - Potranco,
"Alonso, Lizeth",Host,1.81,5.42,13.00,23.53,105.69,129.22,0.00,,0.00,0.00,0.00,0.00,,,Tink-a-Tako - Potranco,
"Alvarado, Rodolfo",Cook,1.39,6.61,17.00,23.63,168.56,192.19,0.00,,0.00,0.00,0.00,0.00,,,Tink-a-Tako - Potranco,
"Calderon, Jesus",Cook,4.26,1.67,,,,,0.00,,0.00,0.00,0.00,0.00,,,Tink-a-Tako - Potranco,
"Camacho, Juan ",Server,0.0,7.67,3.00,0.00,34.52,34.52,439.36,,36.89,36.89,0.00,57.65,,,Tink-a-Tako - Potranco,
"Caviedes, Esperansa",Server,8.07,0.0,3.00,24.21,0.00,24.21,506.69,,68.19,68.19,0.00,0.00,,,Tink-a-Tako - Potranco,
"Cepada, Fernando",Server,7.05,0.0,,,,,512.49,,51.35,51.35,0.00,19.64,,,Tink-a-Tako - Potranco,
"Cisneros, Isabel",Server,6.86,0.0,3.00,20.58,0.00,20.58,438.79,,59.66,59.66,0.00,0.00,,,Tink-a-Tako - Potranco,
"Compean, Rosa",Server,7.1,0.0,3.00,21.30,0.00,21.30,699.13,,71.49,71.49,0.00,20.67,,,Tink-a-Tako - Potranco,
"Diaz, Diego",Cook,0.0,8.76,,,,,0.00,,0.00,0.00,0.00,0.00,,,Tink-a-Tako - Potranco,
"Dominguez, Jose ",Cook,0.0,8.21,17.00,0.00,209.36,209.36,0.00,,0.00,0.00,0.00,0.00,,,Tink-a-Tako - Potranco,
"Gonzales (Line) , Maria",Cook,0.0,8.43,14.00,0.00,177.03,177.03,0.00,,0.00,0.00,0.00,0.00,,,Tink-a-Tako - Potranco,
"Hernandez, Silvia",Server,7.29,0.0,3.00,21.87,0.00,21.87,458.50,,54.38,54.38,0.00,0.00,,,Tink-a-Tako - Potranco,
"Luna, Mayra",Shift Manager / Assistant Manager,0.0,5.08,,,,,0.00,,0.00,0.00,0.00,0.00,1919,,Tink-a-Tako - Potranco,
"Majana, Maria",Server,0.0,7.1,3.00,0.00,31.95,31.95,549.96,,47.51,47.51,0.00,36.23,,,Tink-a-Tako - Potranco,
"Nanez Partida, Jose",Cook,8.37,0.0,15.00,125.55,0.00,125.55,0.00,,0.00,0.00,0.00,0.00,,,Tink-a-Tako - Potranco,
"ORDONEZ, Rosie ",Shift Manager / Assistant Manager,0.0,21.25,,,,,36.64,0.00,0.00,0.00,0.00,0.00,,,Tink-a-Tako - Potranco,
"Ramirez Perez, Silvia",Cook,0.0,8.49,17.00,0.00,216.50,216.50,0.00,,0.00,0.00,0.00,0.00,,,Tink-a-Tako - Potranco,
"Rueda, Jonathan",Busser,4.83,2.28,12.00,57.96,41.04,99.00,0.00,,0.00,0.00,0.00,0.00,,,Tink-a-Tako - Potranco,
"Serrato, Joshua ",Busser,7.14,0.0,12.00,85.68,0.00,85.68,0.00,,0.00,0.00,0.00,0.00,,,Tink-a-Tako - Potranco,
"Torres, Daniela",Drive-Thru,2.39,4.51,,,,,335.83,,2.00,2.00,0.00,0.00,,,Tink-a-Tako - Potranco,
"Trevino, Melissa",Dishwasher,7.5,0.0,13.00,97.50,0.00,97.50,0.00,,0.00,0.00,0.00,0.00,,,Tink-a-Tako - Potranco,
"huerta, Arturo ",Dishwasher,6.6,0.96,12.00,79.20,17.28,96.48,0.00,,0.00,0.00,0.00,0.00,,,Tink-a-Tako - Potranco,
