,Location,Employee,Job Title,In Date,Shift Closed Date,Out Date,Hours,Cash Tips Decl.,Cash on Hand,Cash in Drawer,Non-Cash Tips,Cash Gratuity,Non-Cash Gratuity,Tips Withheld,Non-Cash Sales,Cash Sales,Total Sales,Cash Collected?,Tips Paid?,Open,Paid,Closed,Tip Share Total
800000031214972012,Tink-a-Tako - Potranco,Rosie  ORDONEZ,Shift Manager / Assistant Manager,10/26/25 6:45 AM,10/26/25 3:13 PM,10/27/25 4:00 AM,21.25,0.00,32.31,14.06,0.00,0.00,0.00,0.00,7.33,32.31,39.64,yes,yes,0,0,2,0.00
800000031215020302,Tink-a-Tako - Potranco,Esperansa Caviedes,Server,10/26/25 6:57 AM,10/26/25 3:01 PM,10/26/25 3:01 PM,8.07,,73.24,0.00,68.19,0.00,0.00,0.00,475.19,73.24,548.43,yes,yes,0,0,18,0.00
800000031215026179,Tink-a-Tako - Potranco,Ivana Abundiz,Host,10/26/25 6:59 AM,10/26/25 3:03 PM,10/26/25 3:15 PM,8.27,,0.00,524.81,73.01,0.00,0.00,0.00,2062.35,524.81,2587.16,yes,yes,0,0,147,0.00
800000031215319034,Tink-a-Tako - Potranco,Sergio Abundiz,Server,10/26/25 7:36 AM,10/26/25 2:59 PM,10/26/25 3:36 PM,8.01,,140.47,0.00,34.00,16.53,0.00,0.00,279.47,123.94,403.41,yes,yes,0,0,11,0.00
800000031215535927,Tink-a-Tako - Potranco,Lizeth Alonso,Host,10/26/25 7:56 AM,10/26/25 3:09 PM,10/26/25 3:09 PM,7.23,,0.00,0.00,0.00,0.00,0.00,0.00,0.00,0.00,0.00,yes,yes,0,0,0,0.00
800000031215544490,Tink-a-Tako - Potranco,Juan  Camacho,Server,10/26/25 7:56 AM,10/26/25 3:15 PM,10/26/25 3:36 PM,7.67,,50.82,0.00,36.89,0.00,57.65,0.00,424.80,50.82,475.62,yes,yes,0,0,14,0.00
800000031215546702,Tink-a-Tako - Potranco,Maria Majana,Server,10/26/25 7:56 AM,10/26/25 3:02 PM,10/26/25 3:02 PM,7.10,,113.73,0.00,47.51,0.00,36.23,0.00,481.58,113.73,595.31,yes,yes,0,0,18,0.00
800000031215550503,Tink-a-Tako - Potranco,Fernando Cepada,Server,10/26/25 7:57 AM,10/26/25 3:00 PM,10/26/25 3:00 PM,7.05,,93.82,0.00,51.35,0.00,19.64,0.00,460.89,93.82,554.71,yes,yes,0,0,13,0.00
800000031215579380,Tink-a-Tako - Potranco,Rosa Compean,Server,10/26/25 7:59 AM,10/26/25 3:05 PM,10/26/25 3:05 PM,7.10,,87.74,0.00,71.49,0.00,20.67,0.00,669.09,87.74,756.83,yes,yes,0,0,22,0.00
800000031215624108,Tink-a-Tako - Potranco,Jonathan Rueda,Busser,10/26/25 8:02 AM,10/26/25 3:09 PM,10/26/25 3:09 PM,7.11,,0.00,0.00,0.00,0.00,0.00,0.00,0.00,0.00,0.00,yes,yes,0,0,0,0.00
800000031215635811,Tink-a-Tako - Potranco,Silvia Hernandez,Server,10/26/25 8:03 AM,10/26/25 3:20 PM,10/26/25 3:20 PM,7.29,,119.12,0.00,54.38,0.00,0.00,0.00,377.08,119.12,496.20,yes,yes,0,0,16,0.00
800000031215675608,Tink-a-Tako - Potranco,Daniela Torres,Drive-Thru,10/26/25 8:06 AM,10/26/25 2:56 PM,10/26/25 3:00 PM,6.90,,84.65,0.00,2.00,0.00,0.00,0.00,264.79,98.71,363.50,yes,yes,0,0,25,0.00
800000031215793824,Tink-a-Tako - Potranco,Isabel Cisneros,Server,10/26/25 8:13 AM,10/26/25 3:01 PM,10/26/25 3:05 PM,6.86,,0.00,0.00,59.66,0.00,0.00,0.00,474.96,0.00,474.96,yes,yes,0,0,16,0.00
800000031217037943,Tink-a-Tako - Potranco,Jesus Calderon,Cook,10/26/25 9:13 AM,10/26/25 3:09 PM,10/26/25 3:09 PM,5.93,,0.00,0.00,0.00,0.00,0.00,0.00,0.00,0.00,0.00,yes,yes,0,0,0,0.00
800000031219199191,Tink-a-Tako - Potranco,Mayra Luna,Shift Manager / Assistant Manager,10/26/25 10:21 AM,10/26/25 3:25 PM,10/26/25 3:25 PM,5.08,,0.00,0.00,0.00,0.00,0.00,0.00,0.00,0.00,0.00,yes,yes,0,0,1,0.00
