Order #,Opened Date,Void Date,Server,Approver,Item Name,Reason,Item Quantity,Total Price
56,10/26/25 9:25 AM,10/26/25 10:22 AM,Fernando Cepada,Rosie  ORDONEZ,Modelo Especial,Server Error,1.0,3.99
196,10/26/25 11:34 AM,10/26/25 11:45 AM,Fernando Cepada,Mayra Luna,Oatmeal,Customer Changed Mind,1.0,8.99
221,10/26/25 11:59 AM,10/26/25 12:19 PM,Ivana Abundiz,Rosie  ORDONEZ,Large Tortilla Soup,Customer Changed Mind,1.0,12.99
257,10/26/25 12:24 PM,10/26/25 3:00 PM,Ivana Abundiz,Mayra Luna,Papa & Egg Taco,Customer Changed Mind,2.0,3.98
257,10/26/25 12:24 PM,10/26/25 3:00 PM,Ivana Abundiz,Mayra Luna,Bacon & Egg Taco,Customer Changed Mind,2.0,3.98
257,10/26/25 12:24 PM,10/26/25 3:00 PM,Ivana Abundiz,Mayra Luna,Lengua Taco,Customer Changed Mind,2.0,8.78
257,10/26/25 12:24 PM,10/26/25 3:00 PM,Ivana Abundiz,Mayra Luna,Barbacoa Taco,Customer Changed Mind,1.0,5.29
