Location,Employee,Job Title,In Date,Out Date,Auto Clock-out,Total Hours,Unpaid Break Time,Paid Break Time,Payable Hours
Tink-a-Tako - Potranco,"Ramirez Perez, Silvia",Cook,10/13/25 5:34 AM,10/13/25 2:05 PM,No,8.51,0.00,0.00,8.51
Tink-a-Tako - Potranco,"Aviles, Genaro",Cook,10/13/25 5:34 AM,10/13/25 3:30 PM,No,9.92,0.00,0.00,9.92
Tink-a-Tako - Potranco,"Diaz, Diego",Cook,10/13/25 5:35 AM,10/13/25 2:08 PM,No,8.55,0.00,0.00,8.55
Tink-a-Tako - Potranco,"Gonzales (Line) , Maria",Cook,10/13/25 5:35 AM,10/13/25 8:52 PM,No,15.29,0.00,0.00,15.29
Tink-a-Tako - Potranco,"Majana, Maria",Server,10/13/25 6:04 AM,10/13/25 1:45 PM,No,7.69,0.00,0.00,7.69
Tink-a-Tako - Potranco,"Del angel , Candy ",Drive-Thru,10/13/25 6:27 AM,10/14/25 4:00 AM,Yes,21.54,0.00,0.00,21.54
Tink-a-Tako - Potranco,"Brito, Victor ",Regular,10/13/25 6:55 AM,10/13/25 2:31 PM,No,7.60,0.00,0.00,7.60
Tink-a-Tako - Potranco,"Abundiz, Sergio",Server,10/13/25 7:45 AM,10/13/25 2:19 PM,No,6.57,0.00,0.00,6.57
Tink-a-Tako - Potranco,"Abundiz, Ivana",Host,10/13/25 7:45 AM,10/13/25 2:07 PM,No,6.36,0.00,0.00,6.36
Tink-a-Tako - Potranco,"Compean, Rosa",Server,10/13/25 7:49 AM,10/13/25 3:01 PM,No,7.19,0.00,0.00,7.19
Tink-a-Tako - Potranco,"Hernandez, Silvia",Server,10/13/25 8:06 AM,10/13/25 2:50 PM,No,6.74,0.00,0.00,6.74
Tink-a-Tako - Potranco,"ORDONEZ, Rosie ",Shift Manager / Assistant Manager,10/13/25 8:32 AM,10/13/25 2:16 PM,No,5.73,0.00,0.00,5.73
Tink-a-Tako - Potranco,"Rueda, Jonathan",Busser,10/13/25 9:07 AM,10/13/25 2:00 PM,No,4.89,0.00,0.00,4.89
Tink-a-Tako - Potranco,"Alonso, Lizeth",Host,10/13/25 1:01 PM,10/14/25 4:00 AM,Yes,14.98,0.00,0.00,14.98
Tink-a-Tako - Potranco,"Gonzalez, Maria ",Tortillero,10/13/25 1:46 PM,10/13/25 9:14 PM,No,7.45,0.00,0.00,7.45
Tink-a-Tako - Potranco,"huerta, Arturo ",Dishwasher,10/13/25 1:56 PM,10/13/25 9:00 PM,No,7.06,0.00,0.00,7.06
Tink-a-Tako - Potranco,"Calderon, Jesus",Cook,10/13/25 2:00 PM,10/13/25 8:55 PM,No,6.92,0.00,0.00,6.92
Tink-a-Tako - Potranco,"Luna, Mayra",Shift Manager / Assistant Manager,10/13/25 2:04 PM,10/13/25 9:27 PM,No,7.37,0.00,0.00,7.37
Tink-a-Tako - Potranco,"Cisneros, Isabel",Server,10/13/25 2:23 PM,10/13/25 9:11 PM,No,6.81,0.00,0.00,6.81
Tink-a-Tako - Potranco,"Reyes, Nadia ",Server,10/13/25 2:35 PM,10/13/25 8:47 PM,No,6.20,0.00,0.00,6.20
