Order #,Opened Date,Void Date,Server,Approver,Item Name,Reason,Item Quantity,Total Price
71,10/13/25 9:14 AM,10/13/25 1:54 PM,Sergio Abundiz,Rosie  ORDONEZ,Carne Guisada Taco,Customer Changed Mind,1.0,4.89
71,10/13/25 9:14 AM,10/13/25 1:54 PM,Sergio Abundiz,Rosie  ORDONEZ,Bacon & Egg Mix,Customer Changed Mind,1.0,1.99
71,10/13/25 9:14 AM,10/13/25 1:54 PM,Sergio Abundiz,Rosie  ORDONEZ,Papa & Egg Taco,Customer Changed Mind,1.0,1.99
71,10/13/25 9:14 AM,10/13/25 1:54 PM,Sergio Abundiz,Rosie  ORDONEZ,Lemonade,Customer Changed Mind,1.0,3.99
299,10/13/25 2:21 PM,10/13/25 9:18 PM,Mayra Luna,Mayra Luna,Chilaquil Taco,Customer Changed Mind,3.0,8.97
299,10/13/25 2:21 PM,10/13/25 9:18 PM,Mayra Luna,Mayra Luna,Orange Juice,Customer Changed Mind,1.0,2.59
299,10/13/25 2:21 PM,10/13/25 9:18 PM,Mayra Luna,Mayra Luna,*Red Salsa,Customer Changed Mind,1.0,0.00
299,10/13/25 2:21 PM,10/13/25 9:18 PM,Mayra Luna,Mayra Luna,*Red Salsa,Customer Changed Mind,1.0,0.00
299,10/13/25 2:21 PM,10/13/25 9:18 PM,Mayra Luna,Mayra Luna,*Red Salsa,Customer Changed Mind,1.0,0.00
