Location,Server,Check #,Table,Station,Expediter Level,Fired Date,Fulfilled Date,Fulfillment Time,Fulfilled By
Tink-a-Tako - Potranco,Daniela Torres,1,,Lobby,,10/2/25 6:30 AM,10/2/25 6:34 AM,4 minutes and 3 seconds,Mayra Luna
Tink-a-Tako - Potranco,Daniela Torres,3,,Lobby,,10/2/25 6:31 AM,10/2/25 6:36 AM,4 minutes and 49 seconds,Mayra Luna
Tink-a-Tako - Potranco,Daniela Torres,2,,Lobby,,10/2/25 6:30 AM,10/2/25 6:36 AM,5 minutes and 23 seconds,Mayra Luna
Tink-a-Tako - Potranco,Daniela Torres,4,,Lobby,,10/2/25 6:35 AM,10/2/25 6:39 AM,3 minutes and 59 seconds,Mayra Luna
Tink-a-Tako - Potranco,Daniela Torres,5,,Lobby,,10/2/25 6:38 AM,10/2/25 6:41 AM,3 minutes and 7 seconds,Mayra Luna
Tink-a-Tako - Potranco,Daniela Torres,7,,Lobby,,10/2/25 6:38 AM,10/2/25 6:41 AM,3 minutes,Mayra Luna
Tink-a-Tako - Potranco,Norma Vasquez,6,35,Lobby,,10/2/25 6:38 AM,10/2/25 6:43 AM,5 minutes and 28 seconds,Mayra Luna
Tink-a-Tako - Potranco,Norma Vasquez,8,,Tortillero,,10/2/25 6:40 AM,10/2/25 6:46 AM,6 minutes and 6 seconds,Mayra Luna
Tink-a-Tako - Potranco,Norma Vasquez,8,,Lobby,,10/2/25 6:40 AM,10/2/25 6:46 AM,6 minutes and 6 seconds,Mayra Luna
Tink-a-Tako - Potranco,Norma Vasquez,8,,Prep,,10/2/25 6:40 AM,10/2/25 6:46 AM,6 minutes and 6 seconds,Mayra Luna
Tink-a-Tako - Potranco,Daniela Torres,9,,Lobby,,10/2/25 6:41 AM,10/2/25 6:51 AM,9 minutes and 37 seconds,Mayra Luna
Tink-a-Tako - Potranco,Daniela Torres,10,,Lobby,,10/2/25 6:42 AM,10/2/25 6:51 AM,9 minutes and 20 seconds,Mayra Luna
Tink-a-Tako - Potranco,Daniela Torres,11,,Lobby,,10/2/25 6:43 AM,10/2/25 6:52 AM,9 minutes and 17 seconds,Mayra Luna
Tink-a-Tako - Potranco,Norma Vasquez,6,35,,2,10/2/25 6:43 AM,10/2/25 6:52 AM,8 minutes and 56 seconds,Mayra Luna
Tink-a-Tako - Potranco,Norma Vasquez,8,,,2,10/2/25 6:46 AM,10/2/25 6:52 AM,6 minutes and 12 seconds,Mayra Luna
Tink-a-Tako - Potranco,Daniela Torres,15,,Lobby,,10/2/25 6:54 AM,10/2/25 6:54 AM,16 seconds,Mayra Luna
Tink-a-Tako - Potranco,Daniela Torres,12,,Lobby,,10/2/25 6:52 AM,10/2/25 6:55 AM,3 minutes and 4 seconds,Mayra Luna
Tink-a-Tako - Potranco,Daniela Torres,14,,Lobby,,10/2/25 6:53 AM,10/2/25 6:56 AM,2 minutes and 22 seconds,Mayra Luna
Tink-a-Tako - Potranco,Norma Vasquez,17,,Lobby,,10/2/25 6:57 AM,10/2/25 6:58 AM,43 seconds,Mayra Luna
Tink-a-Tako - Potranco,Daniela Torres,19,,Lobby,,10/2/25 7:01 AM,10/2/25 7:05 AM,4 minutes and 15 seconds,Mayra Luna
Tink-a-Tako - Potranco,Norma Vasquez,13,19,Lobby,,10/2/25 6:49 AM,10/2/25 7:05 AM,16 minutes and 15 seconds,Mayra Luna
Tink-a-Tako - Potranco,Daniela Torres,16,,Lobby,,10/2/25 6:54 AM,10/2/25 7:06 AM,11 minutes and 26 seconds,Mayra Luna
Tink-a-Tako - Potranco,Daniela Torres,20,,Lobby,,10/2/25 7:06 AM,10/2/25 7:07 AM,42 seconds,Mayra Luna
Tink-a-Tako - Potranco,Daniela Torres,21,,Lobby,,10/2/25 7:06 AM,10/2/25 7:11 AM,4 minutes and 40 seconds,Mayra Luna
Tink-a-Tako - Potranco,Daniela Torres,22,,Lobby,,10/2/25 7:08 AM,10/2/25 7:12 AM,4 minutes and 11 seconds,Mayra Luna
Tink-a-Tako - Potranco,Daniela Torres,23,,Lobby,,10/2/25 7:10 AM,10/2/25 7:12 AM,2 minutes and 32 seconds,Mayra Luna
Tink-a-Tako - Potranco,Daniela Torres,25,,Lobby,,10/2/25 7:12 AM,10/2/25 7:14 AM,1 minute and 58 seconds,Mayra Luna
Tink-a-Tako - Potranco,Daniela Torres,24,,Lobby,,10/2/25 7:11 AM,10/2/25 7:14 AM,3 minutes and 25 seconds,Mayra Luna
Tink-a-Tako - Potranco,Daniela Torres,26,,Lobby,,10/2/25 7:18 AM,10/2/25 7:19 AM,51 seconds,Mayra Luna
Tink-a-Tako - Potranco,Daniela Torres,26,,Prep,,10/2/25 7:18 AM,10/2/25 7:19 AM,51 seconds,Mayra Luna
Tink-a-Tako - Potranco,Daniela Torres,28,,Lobby,,10/2/25 7:20 AM,10/2/25 7:21 AM,29 seconds,Mayra Luna
Tink-a-Tako - Potranco,Daniela Torres,27,,Lobby,,10/2/25 7:20 AM,10/2/25 7:21 AM,1 minute and 7 seconds,Mayra Luna
Tink-a-Tako - Potranco,Norma Vasquez,18,,Lobby,,10/2/25 7:21 AM,10/2/25 7:23 AM,1 minute and 34 seconds,Mayra Luna
Tink-a-Tako - Potranco,Daniela Torres,29,,Lobby,,10/2/25 7:22 AM,10/2/25 7:25 AM,3 minutes and 21 seconds,Mayra Luna
Tink-a-Tako - Potranco,Norma Vasquez,33,,Tortillero,,10/2/25 7:24 AM,10/2/25 7:26 AM,1 minute and 39 seconds,Mayra Luna
Tink-a-Tako - Potranco,Norma Vasquez,33,,Lobby,,10/2/25 7:24 AM,10/2/25 7:26 AM,1 minute and 39 seconds,Mayra Luna
Tink-a-Tako - Potranco,Daniela Torres,30,,Lobby,,10/2/25 7:22 AM,10/2/25 7:27 AM,4 minutes and 41 seconds,Mayra Luna
Tink-a-Tako - Potranco,Daniela Torres,32,,Lobby,,10/2/25 7:24 AM,10/2/25 7:27 AM,3 minutes and 17 seconds,Mayra Luna
Tink-a-Tako - Potranco,Daniela Torres,31,,Lobby,,10/2/25 7:24 AM,10/2/25 7:28 AM,4 minutes and 6 seconds,Mayra Luna
Tink-a-Tako - Potranco,Daniela Torres,35,,Lobby,,10/2/25 7:28 AM,10/2/25 7:29 AM,59 seconds,Mayra Luna
Tink-a-Tako - Potranco,Daniela Torres,36,,Lobby,,10/2/25 7:28 AM,10/2/25 7:31 AM,2 minutes and 11 seconds,Mayra Luna
Tink-a-Tako - Potranco,Norma Vasquez,37,35,Lobby,,10/2/25 7:29 AM,10/2/25 7:33 AM,4 minutes,Mayra Luna
Tink-a-Tako - Potranco,Norma Vasquez,37,35,Prep,,10/2/25 7:29 AM,10/2/25 7:33 AM,4 minutes,Mayra Luna
Tink-a-Tako - Potranco,Norma Vasquez,37,35,Tortillero,,10/2/25 7:29 AM,10/2/25 7:33 AM,4 minutes,Mayra Luna
Tink-a-Tako - Potranco,Daniela Torres,39,,Lobby,,10/2/25 7:33 AM,10/2/25 7:34 AM,1 minute and 11 seconds,Mayra Luna
Tink-a-Tako - Potranco,Daniela Torres,38,,Lobby,,10/2/25 7:30 AM,10/2/25 7:36 AM,6 minutes and 8 seconds,Mayra Luna
Tink-a-Tako - Potranco,Daniela Torres,40,,Lobby,,10/2/25 7:35 AM,10/2/25 7:37 AM,1 minute and 55 seconds,Mayra Luna
Tink-a-Tako - Potranco,Daniela Torres,41,,Lobby,,10/2/25 7:36 AM,10/2/25 7:38 AM,2 minutes and 19 seconds,Mayra Luna
Tink-a-Tako - Potranco,Daniela Torres,41,,Tortillero,,10/2/25 7:36 AM,10/2/25 7:38 AM,2 minutes and 19 seconds,Mayra Luna
Tink-a-Tako - Potranco,Daniela Torres,41,,Prep,,10/2/25 7:36 AM,10/2/25 7:38 AM,2 minutes and 19 seconds,Mayra Luna
Tink-a-Tako - Potranco,Norma Vasquez,37,35,,2,10/2/25 7:33 AM,10/2/25 7:40 AM,6 minutes and 29 seconds,Mayra Luna
Tink-a-Tako - Potranco,Norma Vasquez,33,,,2,10/2/25 7:26 AM,10/2/25 7:40 AM,13 minutes and 42 seconds,Mayra Luna
Tink-a-Tako - Potranco,Norma Vasquez,17,,,2,10/2/25 6:58 AM,10/2/25 7:40 AM,41 minutes and 47 seconds,Mayra Luna
Tink-a-Tako - Potranco,Norma Vasquez,13,19,,2,10/2/25 7:05 AM,10/2/25 7:40 AM,34 minutes and 13 seconds,Mayra Luna
Tink-a-Tako - Potranco,Norma Vasquez,18,,,2,10/2/25 7:23 AM,10/2/25 7:40 AM,16 minutes and 41 seconds,Mayra Luna
Tink-a-Tako - Potranco,Norma Vasquez,42,23,Lobby,,10/2/25 7:36 AM,10/2/25 7:40 AM,3 minutes and 18 seconds,Mayra Luna
Tink-a-Tako - Potranco,Daniela Torres,44,,Lobby,,10/2/25 7:38 AM,10/2/25 7:40 AM,2 minutes and 8 seconds,Mayra Luna
Tink-a-Tako - Potranco,Norma Vasquez,42,23,,2,10/2/25 7:40 AM,10/2/25 7:40 AM,17 seconds,Mayra Luna
Tink-a-Tako - Potranco,Norma Vasquez,43,,Lobby,,10/2/25 7:38 AM,10/2/25 7:40 AM,2 minutes and 32 seconds,Mayra Luna
Tink-a-Tako - Potranco,Daniela Torres,45,,Lobby,,10/2/25 7:38 AM,10/2/25 7:41 AM,3 minutes and 1 second,Mayra Luna
Tink-a-Tako - Potranco,Daniela Torres,47,,Lobby,,10/2/25 7:39 AM,10/2/25 7:42 AM,2 minutes and 55 seconds,Mayra Luna
Tink-a-Tako - Potranco,Daniela Torres,48,,Lobby,,10/2/25 7:44 AM,10/2/25 7:45 AM,54 seconds,Mayra Luna
Tink-a-Tako - Potranco,Daniela Torres,49,,Lobby,,10/2/25 7:47 AM,10/2/25 7:48 AM,44 seconds,Mayra Luna
Tink-a-Tako - Potranco,Daniela Torres,51,,Lobby,,10/2/25 7:50 AM,10/2/25 7:52 AM,1 minute and 27 seconds,Mayra Luna
Tink-a-Tako - Potranco,Daniela Torres,52,,Lobby,,10/2/25 7:50 AM,10/2/25 7:52 AM,1 minute and 40 seconds,Mayra Luna
Tink-a-Tako - Potranco,Daniela Torres,53,,Lobby,,10/2/25 7:52 AM,10/2/25 7:53 AM,1 minute and 8 seconds,Mayra Luna
Tink-a-Tako - Potranco,Daniela Torres,55,,Lobby,,10/2/25 7:56 AM,10/2/25 7:57 AM,33 seconds,Mayra Luna
Tink-a-Tako - Potranco,Daniela Torres,56,,Lobby,,10/2/25 7:57 AM,10/2/25 7:57 AM,38 seconds,Mayra Luna
Tink-a-Tako - Potranco,Norma Vasquez,58,7,Lobby,,10/2/25 7:58 AM,10/2/25 7:58 AM,55 seconds,Mayra Luna
Tink-a-Tako - Potranco,Daniela Torres,54,,Lobby,,10/2/25 7:55 AM,10/2/25 7:59 AM,3 minutes and 45 seconds,Mayra Luna
Tink-a-Tako - Potranco,Norma Vasquez,58,7,Lobby,,10/2/25 8:00 AM,10/2/25 8:01 AM,57 seconds,Mayra Luna
Tink-a-Tako - Potranco,Daniela Torres,59,,Lobby,,10/2/25 7:58 AM,10/2/25 8:02 AM,3 minutes and 58 seconds,Mayra Luna
Tink-a-Tako - Potranco,Daniela Torres,61,,Lobby,,10/2/25 8:02 AM,10/2/25 8:04 AM,1 minute and 5 seconds,Mayra Luna
Tink-a-Tako - Potranco,Daniela Torres,60,,Lobby,,10/2/25 8:02 AM,10/2/25 8:06 AM,3 minutes and 33 seconds,Mayra Luna
Tink-a-Tako - Potranco,Daniela Torres,60,,Tortillero,,10/2/25 8:02 AM,10/2/25 8:06 AM,3 minutes and 33 seconds,Mayra Luna
Tink-a-Tako - Potranco,Daniela Torres,60,,Prep,,10/2/25 8:02 AM,10/2/25 8:06 AM,3 minutes and 33 seconds,Mayra Luna
Tink-a-Tako - Potranco,Daniela Torres,60,,Tortillero,,10/2/25 8:04 AM,10/2/25 8:06 AM,1 minute and 52 seconds,Mayra Luna
Tink-a-Tako - Potranco,Daniela Torres,60,,Lobby,,10/2/25 8:04 AM,10/2/25 8:06 AM,1 minute and 52 seconds,Mayra Luna
Tink-a-Tako - Potranco,Daniela Torres,60,,Prep,,10/2/25 8:04 AM,10/2/25 8:06 AM,1 minute and 52 seconds,Mayra Luna
Tink-a-Tako - Potranco,Daniela Torres,63,,Lobby,,10/2/25 8:06 AM,10/2/25 8:08 AM,1 minute and 39 seconds,Mayra Luna
Tink-a-Tako - Potranco,Maria Majana,64,9,Lobby,,10/2/25 8:07 AM,10/2/25 8:10 AM,3 minutes and 20 seconds,Mayra Luna
Tink-a-Tako - Potranco,Daniela Torres,65,,Lobby,,10/2/25 8:10 AM,10/2/25 8:11 AM,30 seconds,Mayra Luna
Tink-a-Tako - Potranco,Maria Majana,64,9,,2,10/2/25 8:10 AM,10/2/25 8:12 AM,2 minutes and 4 seconds,Mayra Luna
Tink-a-Tako - Potranco,Norma Vasquez,43,,,2,10/2/25 7:40 AM,10/2/25 8:13 AM,32 minutes and 31 seconds,Mayra Luna
Tink-a-Tako - Potranco,Norma Vasquez,58,7,,2,10/2/25 7:58 AM,10/2/25 8:13 AM,14 minutes and 27 seconds,Mayra Luna
Tink-a-Tako - Potranco,Norma Vasquez,58,7,,2,10/2/25 8:01 AM,10/2/25 8:13 AM,12 minutes and 17 seconds,Mayra Luna
Tink-a-Tako - Potranco,Norma Vasquez,58,7,Lobby,,10/2/25 8:11 AM,10/2/25 8:13 AM,2 minutes and 36 seconds,Mayra Luna
Tink-a-Tako - Potranco,Ivana Abundiz,67,,Lobby,,10/2/25 8:14 AM,10/2/25 8:15 AM,36 seconds,Mayra Luna
Tink-a-Tako - Potranco,Ivana Abundiz,68,,Lobby,,10/2/25 8:15 AM,10/2/25 8:15 AM,29 seconds,Mayra Luna
Tink-a-Tako - Potranco,Daniela Torres,62,,Lobby,,10/2/25 8:15 AM,10/2/25 8:16 AM,32 seconds,Mayra Luna
Tink-a-Tako - Potranco,Daniela Torres,69,,Lobby,,10/2/25 8:17 AM,10/2/25 8:18 AM,1 minute and 12 seconds,Mayra Luna
Tink-a-Tako - Potranco,Mayra Luna,70,,Lobby,,10/2/25 8:17 AM,10/2/25 8:21 AM,3 minutes and 34 seconds,Mayra Luna
Tink-a-Tako - Potranco,Daniela Torres,71,,Lobby,,10/2/25 8:22 AM,10/2/25 8:22 AM,33 seconds,Mayra Luna
Tink-a-Tako - Potranco,Daniela Torres,72,,Lobby,,10/2/25 8:23 AM,10/2/25 8:24 AM,53 seconds,Mayra Luna
Tink-a-Tako - Potranco,Daniela Torres,72,,Prep,,10/2/25 8:23 AM,10/2/25 8:24 AM,53 seconds,Mayra Luna
Tink-a-Tako - Potranco,Daniela Torres,73,,Lobby,,10/2/25 8:23 AM,10/2/25 8:25 AM,1 minute and 56 seconds,Mayra Luna
Tink-a-Tako - Potranco,Norma Vasquez,58,7,,2,10/2/25 8:13 AM,10/2/25 8:26 AM,12 minutes and 47 seconds,Mayra Luna
Tink-a-Tako - Potranco,Ivana Abundiz,67,,,2,10/2/25 8:15 AM,10/2/25 8:26 AM,11 minutes and 19 seconds,Mayra Luna
Tink-a-Tako - Potranco,Ivana Abundiz,68,,,2,10/2/25 8:15 AM,10/2/25 8:26 AM,10 minutes and 49 seconds,Mayra Luna
Tink-a-Tako - Potranco,Mayra Luna,70,,,2,10/2/25 8:21 AM,10/2/25 8:26 AM,5 minutes and 12 seconds,Mayra Luna
Tink-a-Tako - Potranco,Daniela Torres,74,,Lobby,,10/2/25 8:24 AM,10/2/25 8:27 AM,3 minutes and 21 seconds,Mayra Luna
Tink-a-Tako - Potranco,Esperansa Caviedes,75,8,Lobby,,10/2/25 8:25 AM,10/2/25 8:28 AM,2 minutes and 55 seconds,Mayra Luna
Tink-a-Tako - Potranco,Daniela Torres,80,,Lobby,,10/2/25 8:29 AM,10/2/25 8:32 AM,2 minutes and 56 seconds,Mayra Luna
Tink-a-Tako - Potranco,Daniela Torres,80,,Prep,,10/2/25 8:29 AM,10/2/25 8:32 AM,2 minutes and 56 seconds,Mayra Luna
Tink-a-Tako - Potranco,Daniela Torres,77,,Lobby,,10/2/25 8:26 AM,10/2/25 8:32 AM,6 minutes and 26 seconds,Mayra Luna
Tink-a-Tako - Potranco,Ivana Abundiz,79,,,2,10/2/25 8:27 AM,10/2/25 8:33 AM,5 minutes and 31 seconds,Mayra Luna
Tink-a-Tako - Potranco,Daniela Torres,81,,Lobby,,10/2/25 8:29 AM,10/2/25 8:34 AM,4 minutes and 42 seconds,Mayra Luna
Tink-a-Tako - Potranco,Daniela Torres,82,,Lobby,,10/2/25 8:30 AM,10/2/25 8:35 AM,4 minutes and 22 seconds,Mayra Luna
Tink-a-Tako - Potranco,Daniela Torres,83,,Lobby,,10/2/25 8:34 AM,10/2/25 8:35 AM,1 minute and 22 seconds,Mayra Luna
Tink-a-Tako - Potranco,Ivana Abundiz,86,,Lobby,,10/2/25 8:36 AM,10/2/25 8:37 AM,39 seconds,Mayra Luna
Tink-a-Tako - Potranco,Daniela Torres,84,,Lobby,,10/2/25 8:36 AM,10/2/25 8:38 AM,2 minutes and 7 seconds,Mayra Luna
Tink-a-Tako - Potranco,Daniela Torres,87,,Lobby,,10/2/25 8:37 AM,10/2/25 8:38 AM,1 minute and 29 seconds,Mayra Luna
Tink-a-Tako - Potranco,Daniela Torres,89,,Lobby,,10/2/25 8:39 AM,10/2/25 8:41 AM,2 minutes,Mayra Luna
Tink-a-Tako - Potranco,Daniela Torres,91,,Lobby,,10/2/25 8:40 AM,10/2/25 8:42 AM,2 minutes and 19 seconds,Mayra Luna
Tink-a-Tako - Potranco,Ivana Abundiz,86,,,2,10/2/25 8:37 AM,10/2/25 8:43 AM,6 minutes and 44 seconds,Mayra Luna
Tink-a-Tako - Potranco,Esperansa Caviedes,75,8,,2,10/2/25 8:28 AM,10/2/25 8:43 AM,15 minutes and 47 seconds,Mayra Luna
Tink-a-Tako - Potranco,Isabel Cisneros,90,26,Lobby,,10/2/25 8:38 AM,10/2/25 8:46 AM,8 minutes and 22 seconds,Mayra Luna
Tink-a-Tako - Potranco,Daniela Torres,92,,Lobby,,10/2/25 8:44 AM,10/2/25 8:47 AM,3 minutes and 39 seconds,Mayra Luna
Tink-a-Tako - Potranco,Isabel Cisneros,90,26,,2,10/2/25 8:46 AM,10/2/25 8:47 AM,1 minute and 16 seconds,Mayra Luna
Tink-a-Tako - Potranco,Norma Vasquez,97,16,Lobby,,10/2/25 8:47 AM,10/2/25 8:49 AM,2 minutes and 2 seconds,Mayra Luna
Tink-a-Tako - Potranco,Norma Vasquez,97,16,,2,10/2/25 8:49 AM,10/2/25 8:49 AM,16 seconds,Mayra Luna
Tink-a-Tako - Potranco,Ivana Abundiz,88,,,2,10/2/25 8:37 AM,10/2/25 8:50 AM,12 minutes and 44 seconds,Mayra Luna
Tink-a-Tako - Potranco,Maria Majana,93,,Lobby,,10/2/25 8:44 AM,10/2/25 8:50 AM,6 minutes and 10 seconds,Mayra Luna
Tink-a-Tako - Potranco,Daniela Torres,95,,Lobby,,10/2/25 8:46 AM,10/2/25 8:51 AM,5 minutes and 12 seconds,Mayra Luna
Tink-a-Tako - Potranco,Daniela Torres,95,,Prep,,10/2/25 8:46 AM,10/2/25 8:51 AM,5 minutes and 12 seconds,Mayra Luna
Tink-a-Tako - Potranco,Isabel Cisneros,98,,Lobby,,10/2/25 8:50 AM,10/2/25 8:52 AM,1 minute and 43 seconds,Mayra Luna
Tink-a-Tako - Potranco,Daniela Torres,99,,Lobby,,10/2/25 8:50 AM,10/2/25 8:52 AM,2 minutes and 6 seconds,Mayra Luna
Tink-a-Tako - Potranco,Norma Vasquez,101,,Lobby,,10/2/25 8:52 AM,10/2/25 8:54 AM,1 minute and 44 seconds,Mayra Luna
Tink-a-Tako - Potranco,Daniela Torres,100,,Lobby,,10/2/25 8:52 AM,10/2/25 8:55 AM,3 minutes and 6 seconds,Mayra Luna
Tink-a-Tako - Potranco,Daniela Torres,94,,Lobby,,10/2/25 8:53 AM,10/2/25 8:57 AM,4 minutes and 13 seconds,Mayra Luna
Tink-a-Tako - Potranco,Daniela Torres,94,,Prep,,10/2/25 8:53 AM,10/2/25 8:57 AM,4 minutes and 13 seconds,Mayra Luna
Tink-a-Tako - Potranco,Esperansa Caviedes,103,18,Lobby,,10/2/25 8:54 AM,10/2/25 8:59 AM,4 minutes and 55 seconds,Mayra Luna
Tink-a-Tako - Potranco,Isabel Cisneros,106,25,Lobby,,10/2/25 8:54 AM,10/2/25 8:59 AM,4 minutes and 22 seconds,Mayra Luna
Tink-a-Tako - Potranco,Daniela Torres,104,,Lobby,,10/2/25 8:54 AM,10/2/25 9:00 AM,5 minutes and 52 seconds,Mayra Luna
Tink-a-Tako - Potranco,Daniela Torres,104,,Prep,,10/2/25 8:54 AM,10/2/25 9:00 AM,5 minutes and 52 seconds,Mayra Luna
Tink-a-Tako - Potranco,Norma Vasquez,108,33,Lobby,,10/2/25 8:56 AM,10/2/25 9:00 AM,3 minutes and 42 seconds,Mayra Luna
Tink-a-Tako - Potranco,Daniela Torres,109,,Lobby,,10/2/25 8:56 AM,10/2/25 9:00 AM,4 minutes and 8 seconds,Mayra Luna
Tink-a-Tako - Potranco,Daniela Torres,111,,Lobby,,10/2/25 8:57 AM,10/2/25 9:01 AM,3 minutes and 46 seconds,Mayra Luna
Tink-a-Tako - Potranco,Daniela Torres,111,,Prep,,10/2/25 8:57 AM,10/2/25 9:01 AM,3 minutes and 46 seconds,Mayra Luna
Tink-a-Tako - Potranco,Norma Vasquez,108,33,,2,10/2/25 9:00 AM,10/2/25 9:02 AM,1 minute and 42 seconds,Mayra Luna
Tink-a-Tako - Potranco,Esperansa Caviedes,103,18,,2,10/2/25 8:59 AM,10/2/25 9:02 AM,2 minutes and 51 seconds,Mayra Luna
Tink-a-Tako - Potranco,Maria Majana,93,,,2,10/2/25 8:50 AM,10/2/25 9:02 AM,11 minutes and 9 seconds,Mayra Luna
Tink-a-Tako - Potranco,Norma Vasquez,101,,,2,10/2/25 8:54 AM,10/2/25 9:02 AM,7 minutes and 56 seconds,Mayra Luna
Tink-a-Tako - Potranco,Isabel Cisneros,98,,,2,10/2/25 8:52 AM,10/2/25 9:02 AM,10 minutes and 3 seconds,Mayra Luna
Tink-a-Tako - Potranco,Isabel Cisneros,106,25,,2,10/2/25 8:59 AM,10/2/25 9:02 AM,2 minutes and 53 seconds,Mayra Luna
Tink-a-Tako - Potranco,Norma Vasquez,102,,Lobby,,10/2/25 8:58 AM,10/2/25 9:02 AM,4 minutes and 43 seconds,Mayra Luna
Tink-a-Tako - Potranco,Isabel Cisneros,116,37,,2,10/2/25 9:03 AM,10/2/25 9:03 AM,6 seconds,Mayra Luna
Tink-a-Tako - Potranco,Isabel Cisneros,116,37,Prep,,10/2/25 9:00 AM,10/2/25 9:03 AM,3 minutes and 39 seconds,Mayra Luna
Tink-a-Tako - Potranco,Isabel Cisneros,116,37,Lobby,,10/2/25 9:00 AM,10/2/25 9:03 AM,3 minutes and 39 seconds,Mayra Luna
Tink-a-Tako - Potranco,Norma Vasquez,102,,,2,10/2/25 9:02 AM,10/2/25 9:03 AM,1 minute and 1 second,Mayra Luna
Tink-a-Tako - Potranco,Ivana Abundiz,113,,Lobby,,10/2/25 8:59 AM,10/2/25 9:04 AM,4 minutes and 58 seconds,Mayra Luna
Tink-a-Tako - Potranco,Daniela Torres,110,,Lobby,,10/2/25 9:00 AM,10/2/25 9:04 AM,4 minutes and 23 seconds,Mayra Luna
Tink-a-Tako - Potranco,Norma Vasquez,118,32,Lobby,,10/2/25 9:02 AM,10/2/25 9:06 AM,4 minutes and 4 seconds,Mayra Luna
Tink-a-Tako - Potranco,Daniela Torres,117,,Lobby,,10/2/25 9:03 AM,10/2/25 9:07 AM,3 minutes and 58 seconds,Mayra Luna
Tink-a-Tako - Potranco,Daniela Torres,119,,Lobby,,10/2/25 9:05 AM,10/2/25 9:07 AM,2 minutes and 26 seconds,Mayra Luna
Tink-a-Tako - Potranco,Ivana Abundiz,121,,Lobby,,10/2/25 9:05 AM,10/2/25 9:08 AM,3 minutes,Mayra Luna
Tink-a-Tako - Potranco,Maria Majana,115,7,Prep,,10/2/25 9:01 AM,10/2/25 9:08 AM,7 minutes and 21 seconds,Mayra Luna
Tink-a-Tako - Potranco,Maria Majana,115,7,Lobby,,10/2/25 9:01 AM,10/2/25 9:08 AM,7 minutes and 21 seconds,Mayra Luna
Tink-a-Tako - Potranco,Maria Majana,115,7,Tortillero,,10/2/25 9:01 AM,10/2/25 9:08 AM,7 minutes and 21 seconds,Mayra Luna
Tink-a-Tako - Potranco,Daniela Torres,122,,Lobby,,10/2/25 9:07 AM,10/2/25 9:09 AM,1 minute and 42 seconds,Mayra Luna
Tink-a-Tako - Potranco,Daniela Torres,120,,Lobby,,10/2/25 9:06 AM,10/2/25 9:09 AM,3 minutes and 39 seconds,Mayra Luna
Tink-a-Tako - Potranco,Daniela Torres,120,,Prep,,10/2/25 9:06 AM,10/2/25 9:09 AM,3 minutes and 39 seconds,Mayra Luna
Tink-a-Tako - Potranco,Daniela Torres,124,,Lobby,,10/2/25 9:10 AM,10/2/25 9:10 AM,23 seconds,Mayra Luna
Tink-a-Tako - Potranco,Esperansa Caviedes,126,38,Lobby,,10/2/25 9:11 AM,10/2/25 9:12 AM,59 seconds,Mayra Luna
Tink-a-Tako - Potranco,Esperansa Caviedes,114,24,Lobby,,10/2/25 9:09 AM,10/2/25 9:12 AM,3 minutes and 22 seconds,Mayra Luna
Tink-a-Tako - Potranco,Esperansa Caviedes,126,38,Prep,,10/2/25 9:11 AM,10/2/25 9:12 AM,59 seconds,Mayra Luna
Tink-a-Tako - Potranco,Daniela Torres,123,,Lobby,,10/2/25 9:09 AM,10/2/25 9:13 AM,3 minutes and 36 seconds,Mayra Luna
Tink-a-Tako - Potranco,Esperansa Caviedes,103,18,Lobby,,10/2/25 9:12 AM,10/2/25 9:13 AM,1 minute and 3 seconds,Mayra Luna
Tink-a-Tako - Potranco,Maria Majana,12001,9,Lobby,,10/2/25 9:12 AM,10/2/25 9:14 AM,2 minutes and 32 seconds,Mayra Luna
Tink-a-Tako - Potranco,Isabel Cisneros,128,39,Lobby,,10/2/25 9:13 AM,10/2/25 9:15 AM,2 minutes and 9 seconds,Mayra Luna
Tink-a-Tako - Potranco,Isabel Cisneros,129,12,Lobby,,10/2/25 9:14 AM,10/2/25 9:16 AM,2 minutes and 4 seconds,Mayra Luna
Tink-a-Tako - Potranco,Ivana Abundiz,127,,Lobby,,10/2/25 9:13 AM,10/2/25 9:16 AM,3 minutes and 24 seconds,Mayra Luna
Tink-a-Tako - Potranco,Maria Majana,12001,9,,2,10/2/25 9:14 AM,10/2/25 9:21 AM,6 minutes and 55 seconds,Mayra Luna
Tink-a-Tako - Potranco,Norma Vasquez,118,32,,2,10/2/25 9:06 AM,10/2/25 9:21 AM,15 minutes and 32 seconds,Mayra Luna
Tink-a-Tako - Potranco,Isabel Cisneros,128,39,,2,10/2/25 9:15 AM,10/2/25 9:21 AM,6 minutes and 27 seconds,Mayra Luna
Tink-a-Tako - Potranco,Esperansa Caviedes,126,38,,2,10/2/25 9:12 AM,10/2/25 9:21 AM,9 minutes and 20 seconds,Mayra Luna
Tink-a-Tako - Potranco,Esperansa Caviedes,103,18,,2,10/2/25 9:13 AM,10/2/25 9:21 AM,8 minutes and 38 seconds,Mayra Luna
Tink-a-Tako - Potranco,Ivana Abundiz,127,,,2,10/2/25 9:16 AM,10/2/25 9:21 AM,5 minutes and 7 seconds,Mayra Luna
Tink-a-Tako - Potranco,Esperansa Caviedes,114,24,,2,10/2/25 9:12 AM,10/2/25 9:21 AM,9 minutes and 22 seconds,Mayra Luna
Tink-a-Tako - Potranco,Ivana Abundiz,121,,,2,10/2/25 9:08 AM,10/2/25 9:21 AM,13 minutes and 3 seconds,Mayra Luna
Tink-a-Tako - Potranco,Ivana Abundiz,113,,,2,10/2/25 9:04 AM,10/2/25 9:21 AM,17 minutes and 45 seconds,Mayra Luna
Tink-a-Tako - Potranco,Daniela Torres,125,,Lobby,,10/2/25 9:18 AM,10/2/25 9:22 AM,4 minutes and 32 seconds,Mayra Luna
Tink-a-Tako - Potranco,Isabel Cisneros,106,25,Lobby,,10/2/25 9:19 AM,10/2/25 9:23 AM,3 minutes and 54 seconds,Mayra Luna
Tink-a-Tako - Potranco,Ivana Abundiz,132,,Lobby,,10/2/25 9:19 AM,10/2/25 9:24 AM,4 minutes and 7 seconds,Mayra Luna
Tink-a-Tako - Potranco,Daniela Torres,130,,Lobby,,10/2/25 9:20 AM,10/2/25 9:24 AM,3 minutes and 58 seconds,Mayra Luna
Tink-a-Tako - Potranco,Daniela Torres,16001,,Lobby,,10/2/25 9:23 AM,10/2/25 9:24 AM,1 minute and 7 seconds,Mayra Luna
Tink-a-Tako - Potranco,Daniela Torres,16003,,Lobby,,10/2/25 9:27 AM,10/2/25 9:29 AM,1 minute and 52 seconds,Mayra Luna
Tink-a-Tako - Potranco,Mayra Luna,70,,Lobby,,10/2/25 9:24 AM,10/2/25 9:30 AM,5 minutes and 36 seconds,Mayra Luna
Tink-a-Tako - Potranco,Daniela Torres,136,,Lobby,,10/2/25 9:29 AM,10/2/25 9:32 AM,2 minutes and 32 seconds,Mayra Luna
Tink-a-Tako - Potranco,Daniela Torres,133,,Lobby,,10/2/25 9:23 AM,10/2/25 9:25 AM,2 minutes and 10 seconds,Mayra Luna
Tink-a-Tako - Potranco,Esperansa Caviedes,131,17,Lobby,,10/2/25 9:19 AM,10/2/25 9:23 AM,4 minutes and 2 seconds,Mayra Luna
Tink-a-Tako - Potranco,Maria Majana,138,7,Lobby,,10/2/25 9:32 AM,10/2/25 9:33 AM,1 minute and 6 seconds,Mayra Luna
Tink-a-Tako - Potranco,Daniela Torres,140,,Lobby,,10/2/25 9:32 AM,10/2/25 9:33 AM,37 seconds,Mayra Luna
Tink-a-Tako - Potranco,Daniela Torres,137,,Lobby,,10/2/25 9:30 AM,10/2/25 9:34 AM,4 minutes and 33 seconds,Mayra Luna
Tink-a-Tako - Potranco,Daniela Torres,136,,Lobby,,10/2/25 9:34 AM,10/2/25 9:36 AM,2 minutes and 20 seconds,Mayra Luna
Tink-a-Tako - Potranco,Daniela Torres,139,,Lobby,,10/2/25 9:32 AM,10/2/25 9:36 AM,4 minutes and 27 seconds,Mayra Luna
Tink-a-Tako - Potranco,Isabel Cisneros,129,12,Lobby,,10/2/25 9:35 AM,10/2/25 9:36 AM,1 minute and 36 seconds,Mayra Luna
Tink-a-Tako - Potranco,Isabel Cisneros,129,12,,2,10/2/25 9:36 AM,10/2/25 9:37 AM,51 seconds,Mayra Luna
Tink-a-Tako - Potranco,Esperansa Caviedes,131,17,,2,10/2/25 9:23 AM,10/2/25 9:37 AM,14 minutes and 8 seconds,Mayra Luna
Tink-a-Tako - Potranco,Mayra Luna,70,,,2,10/2/25 9:30 AM,10/2/25 9:37 AM,7 minutes and 11 seconds,Mayra Luna
Tink-a-Tako - Potranco,Ivana Abundiz,132,,,2,10/2/25 9:24 AM,10/2/25 9:37 AM,13 minutes and 37 seconds,Mayra Luna
Tink-a-Tako - Potranco,Isabel Cisneros,106,25,,2,10/2/25 9:23 AM,10/2/25 9:37 AM,14 minutes and 36 seconds,Mayra Luna
Tink-a-Tako - Potranco,Isabel Cisneros,143,33,Lobby,,10/2/25 9:36 AM,10/2/25 9:39 AM,3 minutes and 35 seconds,Mayra Luna
Tink-a-Tako - Potranco,Norma Vasquez,141,34,Lobby,,10/2/25 9:33 AM,10/2/25 9:39 AM,6 minutes and 36 seconds,Mayra Luna
Tink-a-Tako - Potranco,Daniela Torres,145,,Lobby,,10/2/25 9:38 AM,10/2/25 9:40 AM,1 minute and 49 seconds,Mayra Luna
Tink-a-Tako - Potranco,Daniela Torres,148,,Lobby,,10/2/25 9:40 AM,10/2/25 9:40 AM,48 seconds,Mayra Luna
Tink-a-Tako - Potranco,Isabel Cisneros,129,12,Lobby,,10/2/25 9:39 AM,10/2/25 9:41 AM,1 minute and 54 seconds,Mayra Luna
Tink-a-Tako - Potranco,Daniela Torres,146,,Lobby,,10/2/25 9:39 AM,10/2/25 9:43 AM,3 minutes and 50 seconds,Mayra Luna
Tink-a-Tako - Potranco,Daniela Torres,144,,Lobby,,10/2/25 9:37 AM,10/2/25 9:47 AM,9 minutes and 24 seconds,Mayra Luna
Tink-a-Tako - Potranco,Daniela Torres,144,,Prep,,10/2/25 9:37 AM,10/2/25 9:47 AM,9 minutes and 24 seconds,Mayra Luna
Tink-a-Tako - Potranco,Norma Vasquez,150,18,Lobby,,10/2/25 9:41 AM,10/2/25 9:47 AM,5 minutes and 22 seconds,Mayra Luna
Tink-a-Tako - Potranco,Mayra Luna,70,,Lobby,,10/2/25 9:40 AM,10/2/25 9:47 AM,6 minutes and 43 seconds,Mayra Luna
Tink-a-Tako - Potranco,Daniela Torres,147,,Lobby,,10/2/25 9:41 AM,10/2/25 9:48 AM,7 minutes and 6 seconds,Mayra Luna
Tink-a-Tako - Potranco,Daniela Torres,147,,Prep,,10/2/25 9:41 AM,10/2/25 9:48 AM,7 minutes and 6 seconds,Mayra Luna
Tink-a-Tako - Potranco,Isabel Cisneros,129,12,Lobby,,10/2/25 9:47 AM,10/2/25 9:48 AM,1 minute and 23 seconds,Mayra Luna
Tink-a-Tako - Potranco,Mayra Luna,70,,,2,10/2/25 9:47 AM,10/2/25 9:51 AM,4 minutes and 36 seconds,Mayra Luna
Tink-a-Tako - Potranco,Isabel Cisneros,129,12,,2,10/2/25 9:48 AM,10/2/25 9:51 AM,2 minutes and 47 seconds,Mayra Luna
Tink-a-Tako - Potranco,Norma Vasquez,150,18,,2,10/2/25 9:47 AM,10/2/25 9:51 AM,4 minutes and 35 seconds,Mayra Luna
Tink-a-Tako - Potranco,Daniela Torres,147,,,2,10/2/25 9:48 AM,10/2/25 9:51 AM,2 minutes and 56 seconds,Mayra Luna
Tink-a-Tako - Potranco,Norma Vasquez,141,34,,2,10/2/25 9:39 AM,10/2/25 9:51 AM,11 minutes and 50 seconds,Mayra Luna
Tink-a-Tako - Potranco,Isabel Cisneros,143,33,,2,10/2/25 9:39 AM,10/2/25 9:51 AM,11 minutes and 51 seconds,Mayra Luna
Tink-a-Tako - Potranco,Maria Majana,115,7,,2,10/2/25 9:08 AM,10/2/25 9:51 AM,42 minutes and 54 seconds,Mayra Luna
Tink-a-Tako - Potranco,Isabel Cisneros,129,12,,2,10/2/25 9:16 AM,10/2/25 9:51 AM,35 minutes and 10 seconds,Mayra Luna
Tink-a-Tako - Potranco,Isabel Cisneros,129,12,,2,10/2/25 9:41 AM,10/2/25 9:51 AM,10 minutes and 20 seconds,Mayra Luna
Tink-a-Tako - Potranco,Daniela Torres,146,,Lobby,,10/2/25 9:50 AM,10/2/25 9:52 AM,1 minute and 53 seconds,Mayra Luna
Tink-a-Tako - Potranco,Daniela Torres,151,,Lobby,,10/2/25 9:44 AM,10/2/25 9:52 AM,7 minutes and 44 seconds,Mayra Luna
Tink-a-Tako - Potranco,Isabel Cisneros,157,17,Lobby,,10/2/25 9:53 AM,10/2/25 9:54 AM,1 minute and 3 seconds,Mayra Luna
Tink-a-Tako - Potranco,Daniela Torres,149,,Lobby,,10/2/25 9:42 AM,10/2/25 9:54 AM,11 minutes and 35 seconds,Mayra Luna
Tink-a-Tako - Potranco,Daniela Torres,152,,Lobby,,10/2/25 9:51 AM,10/2/25 9:55 AM,4 minutes,Mayra Luna
Tink-a-Tako - Potranco,Daniela Torres,153,,Lobby,,10/2/25 9:52 AM,10/2/25 9:56 AM,3 minutes and 42 seconds,Mayra Luna
Tink-a-Tako - Potranco,Daniela Torres,154,,Lobby,,10/2/25 9:53 AM,10/2/25 9:58 AM,5 minutes and 11 seconds,Mayra Luna
Tink-a-Tako - Potranco,Maria Majana,138,7,,2,10/2/25 9:33 AM,10/2/25 9:58 AM,25 minutes and 52 seconds,Mayra Luna
Tink-a-Tako - Potranco,Isabel Cisneros,157,17,,2,10/2/25 9:54 AM,10/2/25 9:58 AM,4 minutes and 27 seconds,Mayra Luna
Tink-a-Tako - Potranco,Isabel Cisneros,159,16,Lobby,,10/2/25 9:57 AM,10/2/25 9:59 AM,2 minutes and 37 seconds,Mayra Luna
Tink-a-Tako - Potranco,Daniela Torres,160,,Lobby,,10/2/25 10:01 AM,10/2/25 10:02 AM,56 seconds,Mayra Luna
Tink-a-Tako - Potranco,Daniela Torres,158,,Lobby,,10/2/25 9:56 AM,10/2/25 10:02 AM,5 minutes and 50 seconds,Mayra Luna
Tink-a-Tako - Potranco,Daniela Torres,161,,Lobby,,10/2/25 10:02 AM,10/2/25 10:03 AM,34 seconds,Mayra Luna
Tink-a-Tako - Potranco,Esperansa Caviedes,75,8,Lobby,,10/2/25 9:59 AM,10/2/25 10:05 AM,5 minutes and 40 seconds,Mayra Luna
Tink-a-Tako - Potranco,Esperansa Caviedes,75,8,Prep,,10/2/25 9:59 AM,10/2/25 10:05 AM,5 minutes and 40 seconds,Mayra Luna
Tink-a-Tako - Potranco,Esperansa Caviedes,75,8,Tortillero,,10/2/25 9:59 AM,10/2/25 10:05 AM,5 minutes and 40 seconds,Mayra Luna
Tink-a-Tako - Potranco,Daniela Torres,163,,Lobby,,10/2/25 10:06 AM,10/2/25 10:08 AM,1 minute and 34 seconds,Mayra Luna
Tink-a-Tako - Potranco,Daniela Torres,162,,Lobby,,10/2/25 10:05 AM,10/2/25 10:10 AM,4 minutes and 46 seconds,Mayra Luna
Tink-a-Tako - Potranco,Daniela Torres,164,,Lobby,,10/2/25 10:07 AM,10/2/25 10:10 AM,3 minutes and 3 seconds,Mayra Luna
Tink-a-Tako - Potranco,Maria Majana,165,10,Lobby,,10/2/25 10:08 AM,10/2/25 10:11 AM,3 minutes and 15 seconds,Mayra Luna
Tink-a-Tako - Potranco,Daniela Torres,170,,Lobby,,10/2/25 10:08 AM,10/2/25 10:11 AM,2 minutes and 53 seconds,Mayra Luna
Tink-a-Tako - Potranco,Daniela Torres,172,,Lobby,,10/2/25 10:12 AM,10/2/25 10:13 AM,51 seconds,Mayra Luna
Tink-a-Tako - Potranco,Daniela Torres,163,,Lobby,,10/2/25 10:13 AM,10/2/25 10:14 AM,37 seconds,Mayra Luna
Tink-a-Tako - Potranco,Isabel Cisneros,159,16,,2,10/2/25 9:59 AM,10/2/25 10:15 AM,15 minutes and 9 seconds,Mayra Luna
Tink-a-Tako - Potranco,Esperansa Caviedes,75,8,,2,10/2/25 10:05 AM,10/2/25 10:15 AM,10 minutes and 8 seconds,Mayra Luna
Tink-a-Tako - Potranco,Maria Majana,165,10,,2,10/2/25 10:11 AM,10/2/25 10:15 AM,3 minutes and 51 seconds,Mayra Luna
Tink-a-Tako - Potranco,Esperansa Caviedes,75,8,Lobby,,10/2/25 10:17 AM,10/2/25 10:18 AM,1 minute and 10 seconds,Mayra Luna
Tink-a-Tako - Potranco,Daniela Torres,178,,Lobby,,10/2/25 10:19 AM,10/2/25 10:20 AM,1 minute and 12 seconds,Mayra Luna
Tink-a-Tako - Potranco,Daniela Torres,175,,Lobby,,10/2/25 10:14 AM,10/2/25 10:21 AM,6 minutes and 50 seconds,Mayra Luna
Tink-a-Tako - Potranco,Daniela Torres,8001,,Lobby,,10/2/25 10:19 AM,10/2/25 10:21 AM,1 minute and 34 seconds,Mayra Luna
Tink-a-Tako - Potranco,Maria Majana,177,33,Prep,,10/2/25 10:18 AM,10/2/25 10:21 AM,2 minutes and 59 seconds,Mayra Luna
Tink-a-Tako - Potranco,Maria Majana,177,33,Lobby,,10/2/25 10:18 AM,10/2/25 10:21 AM,2 minutes and 59 seconds,Mayra Luna
Tink-a-Tako - Potranco,Esperansa Caviedes,171,23,Lobby,,10/2/25 10:14 AM,10/2/25 10:21 AM,7 minutes and 15 seconds,Mayra Luna
Tink-a-Tako - Potranco,Esperansa Caviedes,171,23,Prep,,10/2/25 10:14 AM,10/2/25 10:21 AM,7 minutes and 15 seconds,Mayra Luna
Tink-a-Tako - Potranco,Esperansa Caviedes,171,23,Tortillero,,10/2/25 10:14 AM,10/2/25 10:21 AM,7 minutes and 15 seconds,Mayra Luna
Tink-a-Tako - Potranco,Isabel Cisneros,174,32,Lobby,,10/2/25 10:14 AM,10/2/25 10:21 AM,6 minutes and 58 seconds,Mayra Luna
Tink-a-Tako - Potranco,Maria Majana,177,33,Tortillero,,10/2/25 10:18 AM,10/2/25 10:21 AM,2 minutes and 59 seconds,Mayra Luna
Tink-a-Tako - Potranco,Daniela Torres,179,,Lobby,,10/2/25 10:20 AM,10/2/25 10:23 AM,3 minutes and 14 seconds,Mayra Luna
Tink-a-Tako - Potranco,Daniela Torres,183,,Lobby,,10/2/25 10:23 AM,10/2/25 10:24 AM,1 minute and 12 seconds,Mayra Luna
Tink-a-Tako - Potranco,Norma Vasquez,182,20,Lobby,,10/2/25 10:22 AM,10/2/25 10:25 AM,2 minutes and 31 seconds,Mayra Luna
Tink-a-Tako - Potranco,Esperansa Caviedes,171,23,,2,10/2/25 10:21 AM,10/2/25 10:25 AM,4 minutes and 26 seconds,Mayra Luna
Tink-a-Tako - Potranco,Norma Vasquez,182,20,,2,10/2/25 10:25 AM,10/2/25 10:26 AM,1 minute and 2 seconds,Mayra Luna
Tink-a-Tako - Potranco,Isabel Cisneros,174,32,,2,10/2/25 10:21 AM,10/2/25 10:25 AM,4 minutes and 25 seconds,Mayra Luna
Tink-a-Tako - Potranco,Esperansa Caviedes,75,8,,2,10/2/25 10:18 AM,10/2/25 10:25 AM,7 minutes and 1 second,Mayra Luna
Tink-a-Tako - Potranco,Maria Majana,177,33,,2,10/2/25 10:21 AM,10/2/25 10:26 AM,4 minutes and 27 seconds,Mayra Luna
Tink-a-Tako - Potranco,Daniela Torres,186,,Lobby,,10/2/25 10:26 AM,10/2/25 10:30 AM,4 minutes and 3 seconds,Mayra Luna
Tink-a-Tako - Potranco,Esperansa Caviedes,181,31,Lobby,,10/2/25 10:25 AM,10/2/25 10:31 AM,6 minutes and 20 seconds,Mayra Luna
Tink-a-Tako - Potranco,Norma Vasquez,185,17,Lobby,,10/2/25 10:25 AM,10/2/25 10:31 AM,6 minutes and 12 seconds,Mayra Luna
Tink-a-Tako - Potranco,Daniela Torres,184,,Lobby,,10/2/25 10:25 AM,10/2/25 10:31 AM,5 minutes and 58 seconds,Mayra Luna
Tink-a-Tako - Potranco,Norma Vasquez,188,24,Lobby,,10/2/25 10:33 AM,10/2/25 10:35 AM,1 minute and 48 seconds,Mayra Luna
Tink-a-Tako - Potranco,Daniela Torres,187,,Lobby,,10/2/25 10:34 AM,10/2/25 10:35 AM,1 minute and 3 seconds,Mayra Luna
Tink-a-Tako - Potranco,Daniela Torres,192,,Lobby,,10/2/25 10:37 AM,10/2/25 10:39 AM,1 minute and 45 seconds,Mayra Luna
Tink-a-Tako - Potranco,Daniela Torres,193,,Lobby,,10/2/25 10:38 AM,10/2/25 10:39 AM,54 seconds,Mayra Luna
Tink-a-Tako - Potranco,Daniela Torres,190,,Lobby,,10/2/25 10:36 AM,10/2/25 10:39 AM,3 minutes and 23 seconds,Mayra Luna
Tink-a-Tako - Potranco,Daniela Torres,194,,Lobby,,10/2/25 10:39 AM,10/2/25 10:40 AM,46 seconds,Mayra Luna
Tink-a-Tako - Potranco,Daniela Torres,189,,Lobby,,10/2/25 10:36 AM,10/2/25 10:42 AM,6 minutes and 36 seconds,Mayra Luna
Tink-a-Tako - Potranco,Isabel Cisneros,195,37,Prep,,10/2/25 10:40 AM,10/2/25 10:44 AM,3 minutes and 40 seconds,Mayra Luna
Tink-a-Tako - Potranco,Isabel Cisneros,195,37,Lobby,,10/2/25 10:40 AM,10/2/25 10:44 AM,3 minutes and 40 seconds,Mayra Luna
Tink-a-Tako - Potranco,Isabel Cisneros,195,37,Tortillero,,10/2/25 10:40 AM,10/2/25 10:44 AM,3 minutes and 40 seconds,Mayra Luna
Tink-a-Tako - Potranco,Norma Vasquez,185,17,,2,10/2/25 10:31 AM,10/2/25 10:45 AM,13 minutes and 55 seconds,Mayra Luna
Tink-a-Tako - Potranco,Norma Vasquez,188,24,,2,10/2/25 10:35 AM,10/2/25 10:45 AM,10 minutes and 21 seconds,Mayra Luna
Tink-a-Tako - Potranco,Esperansa Caviedes,181,31,,2,10/2/25 10:31 AM,10/2/25 10:45 AM,13 minutes and 58 seconds,Mayra Luna
Tink-a-Tako - Potranco,Isabel Cisneros,195,37,,2,10/2/25 10:44 AM,10/2/25 10:45 AM,1 minute and 11 seconds,Mayra Luna
Tink-a-Tako - Potranco,Daniela Torres,198,,Lobby,,10/2/25 10:45 AM,10/2/25 10:46 AM,47 seconds,Mayra Luna
Tink-a-Tako - Potranco,Norma Vasquez,182,20,Lobby,,10/2/25 10:45 AM,10/2/25 10:46 AM,1 minute and 20 seconds,Mayra Luna
Tink-a-Tako - Potranco,Maria Majana,199,18,Lobby,,10/2/25 10:46 AM,10/2/25 10:47 AM,29 seconds,Mayra Luna
Tink-a-Tako - Potranco,Daniela Torres,200,,Lobby,,10/2/25 10:47 AM,10/2/25 10:50 AM,3 minutes,Mayra Luna
Tink-a-Tako - Potranco,Daniela Torres,201,,Lobby,,10/2/25 10:48 AM,10/2/25 10:50 AM,1 minute and 58 seconds,Mayra Luna
Tink-a-Tako - Potranco,Daniela Torres,201,,Prep,,10/2/25 10:48 AM,10/2/25 10:50 AM,1 minute and 58 seconds,Mayra Luna
Tink-a-Tako - Potranco,Esperansa Caviedes,202,7,Prep,,10/2/25 10:52 AM,10/2/25 10:53 AM,1 minute and 17 seconds,Mayra Luna
Tink-a-Tako - Potranco,Esperansa Caviedes,202,7,Lobby,,10/2/25 10:52 AM,10/2/25 10:53 AM,1 minute and 17 seconds,Mayra Luna
Tink-a-Tako - Potranco,Daniela Torres,203,,Lobby,,10/2/25 10:52 AM,10/2/25 10:56 AM,3 minutes and 30 seconds,Mayra Luna
Tink-a-Tako - Potranco,Esperansa Caviedes,202,7,,2,10/2/25 10:53 AM,10/2/25 10:58 AM,4 minutes and 21 seconds,Mayra Luna
Tink-a-Tako - Potranco,Norma Vasquez,182,20,,2,10/2/25 10:46 AM,10/2/25 10:58 AM,11 minutes and 34 seconds,Mayra Luna
Tink-a-Tako - Potranco,Isabel Cisneros,206,12,Lobby,,10/2/25 10:54 AM,10/2/25 10:58 AM,3 minutes and 52 seconds,Mayra Luna
Tink-a-Tako - Potranco,Esperansa Caviedes,202,7,Lobby,,10/2/25 10:55 AM,10/2/25 10:58 AM,2 minutes and 43 seconds,Mayra Luna
Tink-a-Tako - Potranco,Daniela Torres,204,,Lobby,,10/2/25 10:53 AM,10/2/25 10:58 AM,4 minutes and 57 seconds,Mayra Luna
Tink-a-Tako - Potranco,Daniela Torres,208,,Lobby,,10/2/25 10:58 AM,10/2/25 11:00 AM,2 minutes and 40 seconds,Mayra Luna
Tink-a-Tako - Potranco,Daniela Torres,209,,Lobby,,10/2/25 11:00 AM,10/2/25 11:03 AM,2 minutes and 35 seconds,Mayra Luna
Tink-a-Tako - Potranco,Norma Vasquez,214,35,Prep,,10/2/25 11:03 AM,10/2/25 11:05 AM,2 minutes and 23 seconds,Mayra Luna
Tink-a-Tako - Potranco,Norma Vasquez,214,35,Lobby,,10/2/25 11:03 AM,10/2/25 11:05 AM,2 minutes and 23 seconds,Mayra Luna
Tink-a-Tako - Potranco,Daniela Torres,211,,Lobby,,10/2/25 11:02 AM,10/2/25 11:06 AM,3 minutes and 10 seconds,Mayra Luna
Tink-a-Tako - Potranco,Daniela Torres,210,,Lobby,,10/2/25 11:02 AM,10/2/25 11:07 AM,5 minutes and 28 seconds,Mayra Luna
Tink-a-Tako - Potranco,Daniela Torres,218,,Lobby,,10/2/25 11:07 AM,10/2/25 11:07 AM,50 seconds,Mayra Luna
Tink-a-Tako - Potranco,Ivana Abundiz,212,,Lobby,,10/2/25 11:03 AM,10/2/25 11:08 AM,4 minutes and 45 seconds,Mayra Luna
Tink-a-Tako - Potranco,Ivana Abundiz,212,,Prep,,10/2/25 11:03 AM,10/2/25 11:08 AM,4 minutes and 45 seconds,Mayra Luna
Tink-a-Tako - Potranco,Daniela Torres,217,,Lobby,,10/2/25 11:04 AM,10/2/25 11:08 AM,4 minutes and 6 seconds,Mayra Luna
Tink-a-Tako - Potranco,Isabel Cisneros,206,12,,2,10/2/25 10:58 AM,10/2/25 11:09 AM,10 minutes and 47 seconds,Mayra Luna
Tink-a-Tako - Potranco,Ivana Abundiz,212,,,2,10/2/25 11:08 AM,10/2/25 11:09 AM,54 seconds,Mayra Luna
Tink-a-Tako - Potranco,Maria Majana,199,18,,2,10/2/25 10:47 AM,10/2/25 11:09 AM,21 minutes and 59 seconds,Mayra Luna
Tink-a-Tako - Potranco,Norma Vasquez,214,35,,2,10/2/25 11:05 AM,10/2/25 11:09 AM,3 minutes and 28 seconds,Mayra Luna
Tink-a-Tako - Potranco,Esperansa Caviedes,202,7,,2,10/2/25 10:58 AM,10/2/25 11:09 AM,10 minutes and 51 seconds,Mayra Luna
Tink-a-Tako - Potranco,Daniela Torres,213,,Lobby,,10/2/25 11:04 AM,10/2/25 11:09 AM,5 minutes and 40 seconds,Mayra Luna
Tink-a-Tako - Potranco,Maria Majana,207,39,Lobby,,10/2/25 11:04 AM,10/2/25 11:10 AM,5 minutes and 58 seconds,Mayra Luna
Tink-a-Tako - Potranco,Ivana Abundiz,215,,Lobby,,10/2/25 11:04 AM,10/2/25 11:10 AM,5 minutes and 38 seconds,Mayra Luna
Tink-a-Tako - Potranco,Esperansa Caviedes,216,10,Lobby,,10/2/25 11:05 AM,10/2/25 11:12 AM,7 minutes,Mayra Luna
Tink-a-Tako - Potranco,Daniela Torres,219,,Lobby,,10/2/25 11:11 AM,10/2/25 11:13 AM,1 minute and 52 seconds,Mayra Luna
Tink-a-Tako - Potranco,Daniela Torres,220,,Lobby,,10/2/25 11:13 AM,10/2/25 11:14 AM,45 seconds,Mayra Luna
Tink-a-Tako - Potranco,Isabel Cisneros,206,12,Lobby,,10/2/25 11:16 AM,10/2/25 11:17 AM,45 seconds,Mayra Luna
Tink-a-Tako - Potranco,Isabel Cisneros,222,25,Lobby,,10/2/25 11:15 AM,10/2/25 11:17 AM,2 minutes and 5 seconds,Mayra Luna
Tink-a-Tako - Potranco,Maria Majana,207,39,,2,10/2/25 11:10 AM,10/2/25 11:18 AM,8 minutes and 15 seconds,Mayra Luna
Tink-a-Tako - Potranco,Ivana Abundiz,215,,,2,10/2/25 11:10 AM,10/2/25 11:18 AM,8 minutes and 14 seconds,Mayra Luna
Tink-a-Tako - Potranco,Esperansa Caviedes,223,32,Lobby,,10/2/25 11:15 AM,10/2/25 11:19 AM,4 minutes and 8 seconds,Mayra Luna
Tink-a-Tako - Potranco,Daniela Torres,221,,Lobby,,10/2/25 11:18 AM,10/2/25 11:20 AM,1 minute and 9 seconds,Mayra Luna
Tink-a-Tako - Potranco,Daniela Torres,224,,Lobby,,10/2/25 11:19 AM,10/2/25 11:21 AM,1 minute and 46 seconds,Mayra Luna
Tink-a-Tako - Potranco,Isabel Cisneros,195,37,Lobby,,10/2/25 11:23 AM,10/2/25 11:23 AM,40 seconds,Mayra Luna
Tink-a-Tako - Potranco,Mayra Luna,226,,Lobby,,10/2/25 11:20 AM,10/2/25 11:27 AM,6 minutes and 32 seconds,Mayra Luna
Tink-a-Tako - Potranco,Maria Majana,230,33,Lobby,,10/2/25 11:25 AM,10/2/25 11:28 AM,3 minutes and 9 seconds,Mayra Luna
Tink-a-Tako - Potranco,Daniela Torres,231,,Lobby,,10/2/25 11:25 AM,10/2/25 11:29 AM,4 minutes and 11 seconds,Mayra Luna
Tink-a-Tako - Potranco,Esperansa Caviedes,223,32,,2,10/2/25 11:19 AM,10/2/25 11:29 AM,9 minutes and 51 seconds,Mayra Luna
Tink-a-Tako - Potranco,Esperansa Caviedes,216,10,,2,10/2/25 11:12 AM,10/2/25 11:29 AM,16 minutes and 56 seconds,Mayra Luna
Tink-a-Tako - Potranco,Maria Majana,230,33,,2,10/2/25 11:28 AM,10/2/25 11:29 AM,1 minute and 26 seconds,Mayra Luna
Tink-a-Tako - Potranco,Isabel Cisneros,222,25,,2,10/2/25 11:17 AM,10/2/25 11:29 AM,12 minutes and 5 seconds,Mayra Luna
Tink-a-Tako - Potranco,Isabel Cisneros,206,12,,2,10/2/25 11:17 AM,10/2/25 11:29 AM,12 minutes and 7 seconds,Mayra Luna
Tink-a-Tako - Potranco,Isabel Cisneros,195,37,,2,10/2/25 11:23 AM,10/2/25 11:29 AM,5 minutes and 54 seconds,Mayra Luna
Tink-a-Tako - Potranco,Mayra Luna,226,,,2,10/2/25 11:27 AM,10/2/25 11:29 AM,2 minutes and 43 seconds,Mayra Luna
Tink-a-Tako - Potranco,Norma Vasquez,232,18,Prep,,10/2/25 11:29 AM,10/2/25 11:30 AM,1 minute and 27 seconds,Mayra Luna
Tink-a-Tako - Potranco,Norma Vasquez,232,18,Lobby,,10/2/25 11:29 AM,10/2/25 11:30 AM,1 minute and 27 seconds,Mayra Luna
Tink-a-Tako - Potranco,Daniela Torres,234,,Lobby,,10/2/25 11:30 AM,10/2/25 11:31 AM,47 seconds,Mayra Luna
Tink-a-Tako - Potranco,Norma Vasquez,232,18,,2,10/2/25 11:30 AM,10/2/25 11:33 AM,2 minutes and 34 seconds,Mayra Luna
Tink-a-Tako - Potranco,Ivana Abundiz,229,,Lobby,,10/2/25 11:24 AM,10/2/25 11:33 AM,8 minutes and 35 seconds,Mayra Luna
Tink-a-Tako - Potranco,Ivana Abundiz,229,,,2,10/2/25 11:33 AM,10/2/25 11:34 AM,1 minute and 11 seconds,Mayra Luna
Tink-a-Tako - Potranco,Isabel Cisneros,238,24,Lobby,,10/2/25 11:32 AM,10/2/25 11:36 AM,4 minutes and 10 seconds,Mayra Luna
Tink-a-Tako - Potranco,Isabel Cisneros,159,16,Lobby,,10/2/25 11:34 AM,10/2/25 11:36 AM,2 minutes and 6 seconds,Mayra Luna
Tink-a-Tako - Potranco,Isabel Cisneros,233,,Lobby,,10/2/25 11:31 AM,10/2/25 11:37 AM,6 minutes and 9 seconds,Mayra Luna
Tink-a-Tako - Potranco,Ivana Abundiz,236,,Lobby,,10/2/25 11:31 AM,10/2/25 11:38 AM,6 minutes and 37 seconds,Mayra Luna
Tink-a-Tako - Potranco,Daniela Torres,235,,Lobby,,10/2/25 11:32 AM,10/2/25 11:38 AM,6 minutes and 18 seconds,Mayra Luna
Tink-a-Tako - Potranco,Daniela Torres,240,,Lobby,,10/2/25 11:33 AM,10/2/25 11:39 AM,5 minutes and 26 seconds,Mayra Luna
Tink-a-Tako - Potranco,Esperansa Caviedes,227,26,Lobby,,10/2/25 11:19 AM,10/2/25 11:39 AM,19 minutes and 52 seconds,Mayra Luna
Tink-a-Tako - Potranco,Daniela Torres,242,,Lobby,,10/2/25 11:35 AM,10/2/25 11:39 AM,4 minutes and 27 seconds,Mayra Luna
Tink-a-Tako - Potranco,Daniela Torres,241,,Lobby,,10/2/25 11:34 AM,10/2/25 11:40 AM,5 minutes and 25 seconds,Mayra Luna
Tink-a-Tako - Potranco,Isabel Cisneros,159,16,,2,10/2/25 11:36 AM,10/2/25 11:40 AM,3 minutes and 38 seconds,Mayra Luna
Tink-a-Tako - Potranco,Ivana Abundiz,236,,,2,10/2/25 11:38 AM,10/2/25 11:40 AM,2 minutes and 8 seconds,Mayra Luna
Tink-a-Tako - Potranco,Esperansa Caviedes,227,26,,2,10/2/25 11:39 AM,10/2/25 11:40 AM,46 seconds,Mayra Luna
Tink-a-Tako - Potranco,Isabel Cisneros,238,24,,2,10/2/25 11:36 AM,10/2/25 11:40 AM,3 minutes and 47 seconds,Mayra Luna
Tink-a-Tako - Potranco,Isabel Cisneros,233,,,2,10/2/25 11:37 AM,10/2/25 11:40 AM,3 minutes and 1 second,Mayra Luna
Tink-a-Tako - Potranco,Daniela Torres,243,,Lobby,,10/2/25 11:40 AM,10/2/25 11:42 AM,1 minute and 31 seconds,Mayra Luna
Tink-a-Tako - Potranco,Ivana Abundiz,245,,Lobby,,10/2/25 11:41 AM,10/2/25 11:43 AM,1 minute and 49 seconds,Mayra Luna
Tink-a-Tako - Potranco,Ivana Abundiz,245,,Prep,,10/2/25 11:41 AM,10/2/25 11:43 AM,1 minute and 49 seconds,Mayra Luna
Tink-a-Tako - Potranco,Daniela Torres,244,,Lobby,,10/2/25 11:43 AM,10/2/25 11:47 AM,4 minutes and 3 seconds,Mayra Luna
Tink-a-Tako - Potranco,Daniela Torres,248,,Lobby,,10/2/25 11:47 AM,10/2/25 11:48 AM,1 minute and 20 seconds,Mayra Luna
Tink-a-Tako - Potranco,Daniela Torres,249,,Lobby,,10/2/25 11:47 AM,10/2/25 11:49 AM,1 minute and 44 seconds,Mayra Luna
Tink-a-Tako - Potranco,Daniela Torres,248,,Lobby,,10/2/25 11:50 AM,10/2/25 11:51 AM,38 seconds,Mayra Luna
Tink-a-Tako - Potranco,Ivana Abundiz,247,,Lobby,,10/2/25 11:47 AM,10/2/25 11:52 AM,5 minutes and 31 seconds,Mayra Luna
Tink-a-Tako - Potranco,Ivana Abundiz,247,,Prep,,10/2/25 11:47 AM,10/2/25 11:52 AM,5 minutes and 31 seconds,Mayra Luna
Tink-a-Tako - Potranco,Daniela Torres,251,,Lobby,,10/2/25 11:53 AM,10/2/25 11:54 AM,59 seconds,Mayra Luna
Tink-a-Tako - Potranco,Daniela Torres,251,,Prep,,10/2/25 11:53 AM,10/2/25 11:54 AM,59 seconds,Mayra Luna
Tink-a-Tako - Potranco,Daniela Torres,252,,Lobby,,10/2/25 11:54 AM,10/2/25 11:55 AM,1 minute and 11 seconds,Mayra Luna
Tink-a-Tako - Potranco,Norma Vasquez,254,17,Lobby,,10/2/25 11:55 AM,10/2/25 11:58 AM,2 minutes and 59 seconds,Mayra Luna
Tink-a-Tako - Potranco,Daniela Torres,255,,Tortillero,,10/2/25 11:56 AM,10/2/25 11:58 AM,1 minute and 56 seconds,Mayra Luna
Tink-a-Tako - Potranco,Daniela Torres,255,,Lobby,,10/2/25 11:56 AM,10/2/25 11:58 AM,1 minute and 56 seconds,Mayra Luna
Tink-a-Tako - Potranco,Daniela Torres,257,,Lobby,,10/2/25 11:58 AM,10/2/25 12:01 PM,2 minutes and 53 seconds,Mayra Luna
Tink-a-Tako - Potranco,Norma Vasquez,254,17,,2,10/2/25 11:58 AM,10/2/25 12:03 PM,5 minutes and 25 seconds,Mayra Luna
Tink-a-Tako - Potranco,Ivana Abundiz,247,,,2,10/2/25 11:52 AM,10/2/25 12:03 PM,10 minutes and 58 seconds,Mayra Luna
Tink-a-Tako - Potranco,Daniela Torres,263,,Lobby,,10/2/25 12:03 PM,10/2/25 12:03 PM,39 seconds,Mayra Luna
Tink-a-Tako - Potranco,Ivana Abundiz,245,,,2,10/2/25 11:43 AM,10/2/25 12:04 PM,20 minutes and 27 seconds,Mayra Luna
Tink-a-Tako - Potranco,Norma Vasquez,232,18,,2,10/2/25 12:00 PM,10/2/25 12:04 PM,3 minutes and 23 seconds,Mayra Luna
Tink-a-Tako - Potranco,Maria Majana,256,9,Lobby,,10/2/25 11:59 AM,10/2/25 12:04 PM,5 minutes and 9 seconds,Mayra Luna
Tink-a-Tako - Potranco,Daniela Torres,259,,Lobby,,10/2/25 12:00 PM,10/2/25 12:06 PM,5 minutes and 49 seconds,Mayra Luna
Tink-a-Tako - Potranco,Daniela Torres,258,,Lobby,,10/2/25 11:59 AM,10/2/25 12:07 PM,7 minutes and 16 seconds,Mayra Luna
Tink-a-Tako - Potranco,Isabel Cisneros,264,33,Lobby,,10/2/25 12:04 PM,10/2/25 12:09 PM,5 minutes and 19 seconds,Mayra Luna
Tink-a-Tako - Potranco,Daniela Torres,267,,Lobby,,10/2/25 12:08 PM,10/2/25 12:10 PM,1 minute and 54 seconds,Mayra Luna
Tink-a-Tako - Potranco,Daniela Torres,260,,Lobby,,10/2/25 12:02 PM,10/2/25 12:10 PM,8 minutes and 29 seconds,Mayra Luna
Tink-a-Tako - Potranco,Esperansa Caviedes,262,10,Lobby,,10/2/25 12:03 PM,10/2/25 12:12 PM,8 minutes and 50 seconds,Mayra Luna
Tink-a-Tako - Potranco,Esperansa Caviedes,262,10,Tortillero,,10/2/25 12:03 PM,10/2/25 12:12 PM,8 minutes and 50 seconds,Mayra Luna
Tink-a-Tako - Potranco,Maria Majana,246,24,Lobby,,10/2/25 12:01 PM,10/2/25 12:12 PM,11 minutes and 29 seconds,Mayra Luna
Tink-a-Tako - Potranco,Maria Majana,246,24,Prep,,10/2/25 12:01 PM,10/2/25 12:12 PM,11 minutes and 29 seconds,Mayra Luna
Tink-a-Tako - Potranco,Maria Majana,246,24,Tortillero,,10/2/25 12:01 PM,10/2/25 12:12 PM,11 minutes and 29 seconds,Mayra Luna
Tink-a-Tako - Potranco,Norma Vasquez,261,7,Lobby,,10/2/25 12:02 PM,10/2/25 12:12 PM,9 minutes and 54 seconds,Mayra Luna
Tink-a-Tako - Potranco,Norma Vasquez,261,7,Prep,,10/2/25 12:02 PM,10/2/25 12:12 PM,9 minutes and 54 seconds,Mayra Luna
Tink-a-Tako - Potranco,Norma Vasquez,261,7,Tortillero,,10/2/25 12:02 PM,10/2/25 12:12 PM,9 minutes and 54 seconds,Mayra Luna
Tink-a-Tako - Potranco,Norma Vasquez,261,7,,2,10/2/25 12:12 PM,10/2/25 12:13 PM,1 minute and 6 seconds,Mayra Luna
Tink-a-Tako - Potranco,Isabel Cisneros,264,33,,2,10/2/25 12:09 PM,10/2/25 12:13 PM,4 minutes and 5 seconds,Mayra Luna
Tink-a-Tako - Potranco,Esperansa Caviedes,262,10,,2,10/2/25 12:12 PM,10/2/25 12:13 PM,1 minute and 23 seconds,Mayra Luna
Tink-a-Tako - Potranco,Maria Majana,246,24,,2,10/2/25 12:12 PM,10/2/25 12:13 PM,1 minute and 19 seconds,Mayra Luna
Tink-a-Tako - Potranco,Daniela Torres,267,,Lobby,,10/2/25 12:08 PM,10/2/25 12:15 PM,6 minutes and 15 seconds,Mayra Luna
Tink-a-Tako - Potranco,Maria Majana,256,9,,2,10/2/25 12:04 PM,10/2/25 12:16 PM,12 minutes and 3 seconds,Mayra Luna
Tink-a-Tako - Potranco,Daniela Torres,269,,Lobby,,10/2/25 12:09 PM,10/2/25 12:16 PM,6 minutes and 56 seconds,Mayra Luna
Tink-a-Tako - Potranco,Daniela Torres,274,,Lobby,,10/2/25 12:14 PM,10/2/25 12:18 PM,3 minutes and 44 seconds,Mayra Luna
Tink-a-Tako - Potranco,Daniela Torres,274,,Prep,,10/2/25 12:14 PM,10/2/25 12:18 PM,3 minutes and 44 seconds,Mayra Luna
Tink-a-Tako - Potranco,Daniela Torres,273,,Lobby,,10/2/25 12:13 PM,10/2/25 12:20 PM,7 minutes and 26 seconds,Mayra Luna
Tink-a-Tako - Potranco,Daniela Torres,271,,Lobby,,10/2/25 12:12 PM,10/2/25 12:23 PM,11 minutes and 3 seconds,Mayra Luna
Tink-a-Tako - Potranco,Daniela Torres,271,,Tortillero,,10/2/25 12:12 PM,10/2/25 12:23 PM,11 minutes and 3 seconds,Mayra Luna
Tink-a-Tako - Potranco,Daniela Torres,271,,Prep,,10/2/25 12:12 PM,10/2/25 12:23 PM,11 minutes and 3 seconds,Mayra Luna
Tink-a-Tako - Potranco,Norma Vasquez,275,32,Lobby,,10/2/25 12:16 PM,10/2/25 12:24 PM,7 minutes and 37 seconds,Mayra Luna
Tink-a-Tako - Potranco,Esperansa Caviedes,19001,38,Lobby,,10/2/25 12:16 PM,10/2/25 12:24 PM,7 minutes and 34 seconds,Mayra Luna
Tink-a-Tako - Potranco,Isabel Cisneros,270,37,Lobby,,10/2/25 12:12 PM,10/2/25 12:24 PM,12 minutes and 5 seconds,Mayra Luna
Tink-a-Tako - Potranco,Maria Majana,266,11,Lobby,,10/2/25 12:08 PM,10/2/25 12:24 PM,16 minutes and 19 seconds,Mayra Luna
Tink-a-Tako - Potranco,Daniela Torres,276,,Lobby,,10/2/25 12:17 PM,10/2/25 12:25 PM,8 minutes and 6 seconds,Mayra Luna
Tink-a-Tako - Potranco,Esperansa Caviedes,19001,38,,2,10/2/25 12:24 PM,10/2/25 12:27 PM,2 minutes and 56 seconds,Mayra Luna
Tink-a-Tako - Potranco,Isabel Cisneros,270,37,,2,10/2/25 12:24 PM,10/2/25 12:27 PM,2 minutes and 55 seconds,Mayra Luna
Tink-a-Tako - Potranco,Norma Vasquez,275,32,,2,10/2/25 12:24 PM,10/2/25 12:27 PM,2 minutes and 57 seconds,Mayra Luna
Tink-a-Tako - Potranco,Maria Majana,266,11,,2,10/2/25 12:24 PM,10/2/25 12:27 PM,2 minutes and 53 seconds,Mayra Luna
Tink-a-Tako - Potranco,Daniela Torres,277,,Lobby,,10/2/25 12:19 PM,10/2/25 12:27 PM,8 minutes and 18 seconds,Mayra Luna
Tink-a-Tako - Potranco,Daniela Torres,277,,Tortillero,,10/2/25 12:19 PM,10/2/25 12:27 PM,8 minutes and 18 seconds,Mayra Luna
Tink-a-Tako - Potranco,Ivana Abundiz,272,,Lobby,,10/2/25 12:13 PM,10/2/25 12:27 PM,14 minutes and 37 seconds,Mayra Luna
Tink-a-Tako - Potranco,Norma Vasquez,275,32,Lobby,,10/2/25 12:24 PM,10/2/25 12:30 PM,5 minutes and 41 seconds,Mayra Luna
Tink-a-Tako - Potranco,Maria Majana,279,9,Lobby,,10/2/25 12:25 PM,10/2/25 12:31 PM,6 minutes and 36 seconds,Mayra Luna
Tink-a-Tako - Potranco,Isabel Cisneros,280,15,Lobby,,10/2/25 12:26 PM,10/2/25 12:32 PM,6 minutes and 1 second,Mayra Luna
Tink-a-Tako - Potranco,Esperansa Caviedes,284,18,Lobby,,10/2/25 12:29 PM,10/2/25 12:32 PM,3 minutes and 16 seconds,Mayra Luna
Tink-a-Tako - Potranco,Daniela Torres,278,,Lobby,,10/2/25 12:27 PM,10/2/25 12:34 PM,7 minutes and 29 seconds,Mayra Luna
Tink-a-Tako - Potranco,Norma Vasquez,283,19,Lobby,,10/2/25 12:29 PM,10/2/25 12:35 PM,6 minutes and 6 seconds,Mayra Luna
Tink-a-Tako - Potranco,Isabel Cisneros,286,39,Lobby,,10/2/25 12:31 PM,10/2/25 12:36 PM,4 minutes and 36 seconds,Mayra Luna
Tink-a-Tako - Potranco,Daniela Torres,281,,Lobby,,10/2/25 12:35 PM,10/2/25 12:36 PM,1 minute and 18 seconds,Mayra Luna
Tink-a-Tako - Potranco,Daniela Torres,281,,Prep,,10/2/25 12:35 PM,10/2/25 12:36 PM,1 minute and 18 seconds,Mayra Luna
Tink-a-Tako - Potranco,Esperansa Caviedes,287,26,Lobby,,10/2/25 12:35 PM,10/2/25 12:38 PM,2 minutes and 58 seconds,Mayra Luna
Tink-a-Tako - Potranco,Daniela Torres,288,,Lobby,,10/2/25 12:36 PM,10/2/25 12:40 PM,4 minutes and 16 seconds,Mayra Luna
Tink-a-Tako - Potranco,Norma Vasquez,292,23,Lobby,,10/2/25 12:40 PM,10/2/25 12:44 PM,4 minutes and 30 seconds,Mayra Luna
Tink-a-Tako - Potranco,Norma Vasquez,292,23,Prep,,10/2/25 12:40 PM,10/2/25 12:44 PM,4 minutes and 30 seconds,Mayra Luna
Tink-a-Tako - Potranco,Norma Vasquez,292,23,Tortillero,,10/2/25 12:40 PM,10/2/25 12:44 PM,4 minutes and 30 seconds,Mayra Luna
Tink-a-Tako - Potranco,Daniela Torres,295,,Lobby,,10/2/25 12:41 PM,10/2/25 12:45 PM,3 minutes and 43 seconds,Mayra Luna
Tink-a-Tako - Potranco,Daniela Torres,294,,Lobby,,10/2/25 12:42 PM,10/2/25 12:45 PM,3 minutes and 28 seconds,Mayra Luna
Tink-a-Tako - Potranco,Daniela Torres,298,,Lobby,,10/2/25 12:44 PM,10/2/25 12:46 PM,1 minute and 23 seconds,Mayra Luna
Tink-a-Tako - Potranco,Ivana Abundiz,293,,Lobby,,10/2/25 12:39 PM,10/2/25 12:47 PM,7 minutes and 34 seconds,Mayra Luna
Tink-a-Tako - Potranco,Isabel Cisneros,280,15,Lobby,,10/2/25 12:46 PM,10/2/25 12:47 PM,49 seconds,Mayra Luna
Tink-a-Tako - Potranco,Daniela Torres,299,,Lobby,,10/2/25 12:48 PM,10/2/25 12:48 PM,41 seconds,Mayra Luna
Tink-a-Tako - Potranco,Esperansa Caviedes,284,18,Lobby,,10/2/25 12:45 PM,10/2/25 12:48 PM,3 minutes and 17 seconds,Mayra Luna
Tink-a-Tako - Potranco,Daniela Torres,300,,Lobby,,10/2/25 12:51 PM,10/2/25 12:51 PM,30 seconds,Mayra Luna
Tink-a-Tako - Potranco,Daniela Torres,301,,Lobby,,10/2/25 12:54 PM,10/2/25 12:55 PM,1 minute and 8 seconds,Mayra Luna
Tink-a-Tako - Potranco,Daniela Torres,305,,Lobby,,10/2/25 1:01 PM,10/2/25 1:05 PM,4 minutes and 10 seconds,Mayra Luna
Tink-a-Tako - Potranco,Isabel Cisneros,280,15,,2,10/2/25 12:32 PM,10/2/25 1:07 PM,34 minutes and 25 seconds,Mayra Luna
Tink-a-Tako - Potranco,Esperansa Caviedes,284,18,,2,10/2/25 12:32 PM,10/2/25 1:07 PM,34 minutes and 25 seconds,Mayra Luna
Tink-a-Tako - Potranco,Ivana Abundiz,272,,,2,10/2/25 12:27 PM,10/2/25 1:07 PM,39 minutes and 17 seconds,Mayra Luna
Tink-a-Tako - Potranco,Norma Vasquez,283,19,,2,10/2/25 12:35 PM,10/2/25 1:07 PM,31 minutes and 32 seconds,Mayra Luna
Tink-a-Tako - Potranco,Maria Majana,279,9,,2,10/2/25 12:31 PM,10/2/25 1:07 PM,35 minutes and 29 seconds,Mayra Luna
Tink-a-Tako - Potranco,Norma Vasquez,275,32,,2,10/2/25 12:30 PM,10/2/25 1:07 PM,36 minutes and 58 seconds,Mayra Luna
Tink-a-Tako - Potranco,Esperansa Caviedes,287,26,,2,10/2/25 12:38 PM,10/2/25 1:07 PM,28 minutes and 50 seconds,Mayra Luna
Tink-a-Tako - Potranco,Isabel Cisneros,286,39,,2,10/2/25 12:36 PM,10/2/25 1:07 PM,31 minutes and 2 seconds,Mayra Luna
Tink-a-Tako - Potranco,Ivana Abundiz,293,,,2,10/2/25 12:47 PM,10/2/25 1:07 PM,19 minutes and 57 seconds,Mayra Luna
Tink-a-Tako - Potranco,Norma Vasquez,292,23,,2,10/2/25 12:44 PM,10/2/25 1:07 PM,22 minutes and 53 seconds,Mayra Luna
Tink-a-Tako - Potranco,Isabel Cisneros,280,15,,2,10/2/25 12:47 PM,10/2/25 1:07 PM,20 minutes and 2 seconds,Mayra Luna
Tink-a-Tako - Potranco,Ivana Abundiz,307,,Lobby,,10/2/25 1:05 PM,10/2/25 1:07 PM,2 minutes and 21 seconds,Mayra Luna
Tink-a-Tako - Potranco,Maria Majana,302,9,Lobby,,10/2/25 12:59 PM,10/2/25 1:08 PM,9 minutes and 1 second,Mayra Luna
Tink-a-Tako - Potranco,Esperansa Caviedes,284,18,,2,10/2/25 12:48 PM,10/2/25 1:08 PM,19 minutes and 22 seconds,Mayra Luna
Tink-a-Tako - Potranco,Daniela Torres,304,,Lobby,,10/2/25 1:00 PM,10/2/25 1:09 PM,8 minutes and 23 seconds,Mayra Luna
Tink-a-Tako - Potranco,Daniela Torres,308,,Lobby,,10/2/25 1:06 PM,10/2/25 1:09 PM,2 minutes and 53 seconds,Mayra Luna
Tink-a-Tako - Potranco,Daniela Torres,306,,Lobby,,10/2/25 1:05 PM,10/2/25 1:09 PM,4 minutes and 33 seconds,Mayra Luna
Tink-a-Tako - Potranco,Daniela Torres,306,,Prep,,10/2/25 1:05 PM,10/2/25 1:09 PM,4 minutes and 33 seconds,Mayra Luna
Tink-a-Tako - Potranco,Isabel Cisneros,310,11,Lobby,,10/2/25 1:07 PM,10/2/25 1:16 PM,9 minutes and 44 seconds,Mayra Luna
Tink-a-Tako - Potranco,Daniela Torres,312,,Lobby,,10/2/25 1:21 PM,10/2/25 1:23 PM,1 minute and 31 seconds,Mayra Luna
Tink-a-Tako - Potranco,Daniela Torres,311,,Lobby,,10/2/25 1:18 PM,10/2/25 1:23 PM,4 minutes and 50 seconds,Mayra Luna
Tink-a-Tako - Potranco,Daniela Torres,311,,Prep,,10/2/25 1:18 PM,10/2/25 1:23 PM,4 minutes and 50 seconds,Mayra Luna
Tink-a-Tako - Potranco,Maria Majana,297,24,Lobby,,10/2/25 1:27 PM,10/2/25 1:28 PM,37 seconds,Mayra Luna
Tink-a-Tako - Potranco,Mayra Luna,70,,Lobby,,10/2/25 1:27 PM,10/2/25 1:29 PM,2 minutes and 40 seconds,Mayra Luna
Tink-a-Tako - Potranco,Maria Majana,297,24,Lobby,,10/2/25 1:30 PM,10/2/25 1:35 PM,5 minutes and 22 seconds,Mayra Luna
Tink-a-Tako - Potranco,Daniela Torres,296,,Lobby,,10/2/25 1:38 PM,10/2/25 1:40 PM,2 minutes and 15 seconds,Mayra Luna
Tink-a-Tako - Potranco,Daniela Torres,315,,Lobby,,10/2/25 1:42 PM,10/2/25 1:44 PM,1 minute and 52 seconds,Mayra Luna
Tink-a-Tako - Potranco,Daniela Torres,317,,Lobby,,10/2/25 1:46 PM,10/2/25 1:47 PM,1 minute and 21 seconds,Mayra Luna
Tink-a-Tako - Potranco,Esperansa Caviedes,316,31,Lobby,,10/2/25 1:44 PM,10/2/25 1:49 PM,5 minutes and 40 seconds,Mayra Luna
Tink-a-Tako - Potranco,Daniela Torres,318,,Lobby,,10/2/25 1:46 PM,10/2/25 1:50 PM,3 minutes and 11 seconds,Mayra Luna
Tink-a-Tako - Potranco,Daniela Torres,319,,Lobby,,10/2/25 1:51 PM,10/2/25 1:54 PM,3 minutes and 15 seconds,Mayra Luna
Tink-a-Tako - Potranco,Daniela Torres,320,,Tortillero,,10/2/25 1:58 PM,10/2/25 2:01 PM,2 minutes and 55 seconds,Mayra Luna
Tink-a-Tako - Potranco,Daniela Torres,320,,Lobby,,10/2/25 1:58 PM,10/2/25 2:01 PM,2 minutes and 55 seconds,Mayra Luna
Tink-a-Tako - Potranco,Daniela Torres,321,,Lobby,,10/2/25 2:05 PM,10/2/25 2:15 PM,9 minutes and 55 seconds,Mayra Luna
Tink-a-Tako - Potranco,Daniela Torres,323,,Lobby,,10/2/25 2:08 PM,10/2/25 2:15 PM,7 minutes and 3 seconds,Mayra Luna
Tink-a-Tako - Potranco,Daniela Torres,322,,Lobby,,10/2/25 2:11 PM,10/2/25 2:15 PM,4 minutes and 46 seconds,Mayra Luna
Tink-a-Tako - Potranco,Nadia  Reyes,326,,Lobby,,10/2/25 2:17 PM,10/2/25 2:19 PM,1 minute and 58 seconds,Mayra Luna
Tink-a-Tako - Potranco,Nadia  Reyes,327,,Lobby,,10/2/25 2:17 PM,10/2/25 2:19 PM,1 minute and 54 seconds,Mayra Luna
Tink-a-Tako - Potranco,Sergio Abundiz,328,,Lobby,,10/2/25 2:20 PM,10/2/25 2:24 PM,3 minutes and 11 seconds,Mayra Luna
Tink-a-Tako - Potranco,Nadia  Reyes,329,,Lobby,,10/2/25 2:23 PM,10/2/25 2:27 PM,4 minutes and 17 seconds,Mayra Luna
Tink-a-Tako - Potranco,Nadia  Reyes,329,,Prep,,10/2/25 2:23 PM,10/2/25 2:27 PM,4 minutes and 17 seconds,Mayra Luna
Tink-a-Tako - Potranco,Nadia  Reyes,330,,Lobby,,10/2/25 2:25 PM,10/2/25 2:27 PM,1 minute and 51 seconds,Mayra Luna
Tink-a-Tako - Potranco,Juan  Camacho,332,35,Lobby,,10/2/25 2:34 PM,10/2/25 2:40 PM,5 minutes and 36 seconds,Mayra Luna
Tink-a-Tako - Potranco,Nadia  Reyes,333,,Lobby,,10/2/25 2:35 PM,10/2/25 2:40 PM,4 minutes and 26 seconds,Mayra Luna
Tink-a-Tako - Potranco,Nadia  Reyes,334,,Lobby,,10/2/25 2:49 PM,10/2/25 2:55 PM,5 minutes and 41 seconds,Mayra Luna
Tink-a-Tako - Potranco,Maria Majana,302,9,,2,10/2/25 1:08 PM,10/2/25 2:57 PM,"1 hour, 49 minutes and 5 seconds",Mayra Luna
Tink-a-Tako - Potranco,Ivana Abundiz,307,,,2,10/2/25 1:07 PM,10/2/25 2:57 PM,"1 hour, 49 minutes and 26 seconds",Mayra Luna
Tink-a-Tako - Potranco,Isabel Cisneros,310,11,,2,10/2/25 1:16 PM,10/2/25 2:57 PM,"1 hour, 40 minutes and 35 seconds",Mayra Luna
Tink-a-Tako - Potranco,Mayra Luna,70,,,2,10/2/25 1:29 PM,10/2/25 2:57 PM,"1 hour, 27 minutes and 33 seconds",Mayra Luna
Tink-a-Tako - Potranco,Esperansa Caviedes,316,31,,2,10/2/25 1:49 PM,10/2/25 2:57 PM,"1 hour, 7 minutes and 43 seconds",Mayra Luna
Tink-a-Tako - Potranco,Maria Majana,297,24,,2,10/2/25 1:28 PM,10/2/25 2:57 PM,"1 hour, 29 minutes and 4 seconds",Mayra Luna
Tink-a-Tako - Potranco,Maria Majana,297,24,,2,10/2/25 1:35 PM,10/2/25 2:57 PM,"1 hour, 21 minutes and 48 seconds",Mayra Luna
Tink-a-Tako - Potranco,Juan  Camacho,332,35,,2,10/2/25 2:40 PM,10/2/25 2:57 PM,17 minutes and 15 seconds,Mayra Luna
Tink-a-Tako - Potranco,Sergio Abundiz,328,,,2,10/2/25 2:24 PM,10/2/25 2:57 PM,33 minutes and 33 seconds,Mayra Luna
Tink-a-Tako - Potranco,Nadia  Reyes,337,,Lobby,,10/2/25 2:56 PM,10/2/25 2:58 PM,1 minute and 35 seconds,Mayra Luna
Tink-a-Tako - Potranco,Nadia  Reyes,338,,Lobby,,10/2/25 2:56 PM,10/2/25 2:59 PM,2 minutes and 29 seconds,Mayra Luna
Tink-a-Tako - Potranco,Nadia  Reyes,338,,Prep,,10/2/25 2:56 PM,10/2/25 2:59 PM,2 minutes and 29 seconds,Mayra Luna
Tink-a-Tako - Potranco,Sergio Abundiz,335,32,Lobby,,10/2/25 2:51 PM,10/2/25 3:02 PM,10 minutes and 43 seconds,Mayra Luna
Tink-a-Tako - Potranco,Nadia  Reyes,336,,Tortillero,,10/2/25 2:52 PM,10/2/25 3:02 PM,10 minutes and 4 seconds,Mayra Luna
Tink-a-Tako - Potranco,Nadia  Reyes,336,,Lobby,,10/2/25 2:52 PM,10/2/25 3:02 PM,10 minutes and 4 seconds,Mayra Luna
Tink-a-Tako - Potranco,Nadia  Reyes,336,,Prep,,10/2/25 2:52 PM,10/2/25 3:02 PM,10 minutes and 4 seconds,Mayra Luna
Tink-a-Tako - Potranco,Sergio Abundiz,339,18,Lobby,,10/2/25 3:00 PM,10/2/25 3:02 PM,2 minutes and 15 seconds,Mayra Luna
Tink-a-Tako - Potranco,Nadia  Reyes,337,,Lobby,,10/2/25 3:02 PM,10/2/25 3:04 PM,1 minute and 17 seconds,Mayra Luna
Tink-a-Tako - Potranco,Nadia  Reyes,341,,Lobby,,10/2/25 3:08 PM,10/2/25 3:09 PM,1 minute and 48 seconds,Mayra Luna
Tink-a-Tako - Potranco,Juan  Camacho,340,25,Lobby,,10/2/25 3:00 PM,10/2/25 3:15 PM,14 minutes and 8 seconds,Mayra Luna
Tink-a-Tako - Potranco,Juan  Camacho,340,25,Lobby,,10/2/25 3:02 PM,10/2/25 3:15 PM,12 minutes and 23 seconds,Mayra Luna
Tink-a-Tako - Potranco,Nadia  Reyes,342,,Lobby,,10/2/25 3:15 PM,10/2/25 3:18 PM,3 minutes and 1 second,Mayra Luna
Tink-a-Tako - Potranco,Sergio Abundiz,335,32,,2,10/2/25 3:02 PM,10/2/25 3:19 PM,17 minutes and 15 seconds,Mayra Luna
Tink-a-Tako - Potranco,Sergio Abundiz,339,18,,2,10/2/25 3:02 PM,10/2/25 3:19 PM,16 minutes and 22 seconds,Mayra Luna
Tink-a-Tako - Potranco,Juan  Camacho,340,25,,2,10/2/25 3:15 PM,10/2/25 3:19 PM,4 minutes and 16 seconds,Mayra Luna
Tink-a-Tako - Potranco,Juan  Camacho,343,33,Lobby,,10/2/25 3:21 PM,10/2/25 3:23 PM,2 minutes and 36 seconds,Mayra Luna
Tink-a-Tako - Potranco,Nadia  Reyes,344,,Lobby,,10/2/25 3:23 PM,10/2/25 3:27 PM,4 minutes and 4 seconds,Mayra Luna
Tink-a-Tako - Potranco,Nadia  Reyes,344,,Lobby,,10/2/25 3:21 PM,10/2/25 3:27 PM,5 minutes and 44 seconds,Mayra Luna
Tink-a-Tako - Potranco,Juan  Camacho,343,33,Lobby,,10/2/25 3:20 PM,10/2/25 3:28 PM,7 minutes and 17 seconds,Mayra Luna
Tink-a-Tako - Potranco,Juan  Camacho,346,32,Lobby,,10/2/25 4:20 PM,10/2/25 4:29 PM,8 minutes and 24 seconds,Mayra Luna
Tink-a-Tako - Potranco,Sergio Abundiz,347,9,Lobby,,10/2/25 4:21 PM,10/2/25 4:29 PM,7 minutes and 27 seconds,Mayra Luna
Tink-a-Tako - Potranco,Nadia  Reyes,348,,Lobby,,10/2/25 4:22 PM,10/2/25 4:30 PM,8 minutes and 7 seconds,Mayra Luna
Tink-a-Tako - Potranco,Nadia  Reyes,345,,Lobby,,10/2/25 4:22 PM,10/2/25 4:30 PM,8 minutes and 22 seconds,Mayra Luna
Tink-a-Tako - Potranco,Nadia  Reyes,345,,Prep,,10/2/25 4:22 PM,10/2/25 4:30 PM,8 minutes and 22 seconds,Mayra Luna
Tink-a-Tako - Potranco,Juan  Camacho,351,25,Lobby,,10/2/25 4:24 PM,10/2/25 4:30 PM,6 minutes and 10 seconds,Mayra Luna
Tink-a-Tako - Potranco,Nadia  Reyes,349,,Lobby,,10/2/25 4:23 PM,10/2/25 4:31 PM,8 minutes and 5 seconds,Mayra Luna
Tink-a-Tako - Potranco,Nadia  Reyes,352,,Lobby,,10/2/25 4:24 PM,10/2/25 4:36 PM,11 minutes and 40 seconds,Mayra Luna
Tink-a-Tako - Potranco,Sergio Abundiz,354,7,Lobby,,10/2/25 4:39 PM,10/2/25 4:42 PM,2 minutes and 38 seconds,Mayra Luna
Tink-a-Tako - Potranco,Nadia  Reyes,353,,Tortillero,,10/2/25 4:35 PM,10/2/25 4:48 PM,12 minutes and 37 seconds,Mayra Luna
Tink-a-Tako - Potranco,Nadia  Reyes,353,,Lobby,,10/2/25 4:35 PM,10/2/25 4:48 PM,12 minutes and 37 seconds,Mayra Luna
Tink-a-Tako - Potranco,Nadia  Reyes,353,,Prep,,10/2/25 4:35 PM,10/2/25 4:48 PM,12 minutes and 37 seconds,Mayra Luna
Tink-a-Tako - Potranco,Sergio Abundiz,355,17,Lobby,,10/2/25 4:40 PM,10/2/25 4:51 PM,11 minutes and 13 seconds,Mayra Luna
Tink-a-Tako - Potranco,Sergio Abundiz,357,18,Lobby,,10/2/25 4:49 PM,10/2/25 4:57 PM,7 minutes and 35 seconds,Mayra Luna
Tink-a-Tako - Potranco,Nadia  Reyes,356,,Lobby,,10/2/25 4:42 PM,10/2/25 4:57 PM,15 minutes and 34 seconds,Mayra Luna
Tink-a-Tako - Potranco,Nadia  Reyes,360,,Lobby,,10/2/25 4:59 PM,10/2/25 5:04 PM,5 minutes and 2 seconds,Mayra Luna
Tink-a-Tako - Potranco,Nadia  Reyes,358,,Lobby,,10/2/25 4:53 PM,10/2/25 5:05 PM,12 minutes and 42 seconds,Mayra Luna
Tink-a-Tako - Potranco,Nadia  Reyes,358,,Tortillero,,10/2/25 4:53 PM,10/2/25 5:05 PM,12 minutes and 42 seconds,Mayra Luna
Tink-a-Tako - Potranco,Nadia  Reyes,359,,Lobby,,10/2/25 4:53 PM,10/2/25 5:06 PM,12 minutes and 18 seconds,Mayra Luna
Tink-a-Tako - Potranco,Mayra Luna,361,39,Lobby,,10/2/25 4:59 PM,10/2/25 5:11 PM,11 minutes and 44 seconds,Mayra Luna
Tink-a-Tako - Potranco,Mayra Luna,361,39,Lobby,,10/2/25 5:03 PM,10/2/25 5:11 PM,8 minutes and 22 seconds,Mayra Luna
Tink-a-Tako - Potranco,Sergio Abundiz,363,25,Lobby,,10/2/25 5:09 PM,10/2/25 5:15 PM,6 minutes and 27 seconds,Mayra Luna
Tink-a-Tako - Potranco,Nadia  Reyes,364,,Lobby,,10/2/25 5:12 PM,10/2/25 5:15 PM,3 minutes and 25 seconds,Mayra Luna
Tink-a-Tako - Potranco,Nadia  Reyes,366,,Lobby,,10/2/25 5:14 PM,10/2/25 5:16 PM,1 minute and 55 seconds,Mayra Luna
Tink-a-Tako - Potranco,Juan  Camacho,362,,Lobby,,10/2/25 5:06 PM,10/2/25 5:17 PM,11 minutes and 36 seconds,Mayra Luna
Tink-a-Tako - Potranco,Nadia  Reyes,365,,Lobby,,10/2/25 5:12 PM,10/2/25 5:18 PM,5 minutes and 46 seconds,Mayra Luna
Tink-a-Tako - Potranco,Nadia  Reyes,367,,Lobby,,10/2/25 5:19 PM,10/2/25 5:26 PM,7 minutes and 25 seconds,Mayra Luna
Tink-a-Tako - Potranco,Brianna  Arias ,369,,Lobby,,10/2/25 5:26 PM,10/2/25 5:30 PM,4 minutes and 16 seconds,Mayra Luna
Tink-a-Tako - Potranco,Brianna  Arias ,369,,Prep,,10/2/25 5:26 PM,10/2/25 5:30 PM,4 minutes and 16 seconds,Mayra Luna
Tink-a-Tako - Potranco,Nadia  Reyes,370,,Lobby,,10/2/25 5:31 PM,10/2/25 5:34 PM,3 minutes and 34 seconds,Mayra Luna
Tink-a-Tako - Potranco,Mayra Luna,368,,Lobby,,10/2/25 5:28 PM,10/2/25 5:38 PM,10 minutes and 5 seconds,Mayra Luna
Tink-a-Tako - Potranco,Mayra Luna,368,,Tortillero,,10/2/25 5:28 PM,10/2/25 5:38 PM,10 minutes and 5 seconds,Mayra Luna
Tink-a-Tako - Potranco,Mayra Luna,368,,Prep,,10/2/25 5:28 PM,10/2/25 5:38 PM,10 minutes and 5 seconds,Mayra Luna
Tink-a-Tako - Potranco,Nadia  Reyes,371,,Lobby,,10/2/25 5:31 PM,10/2/25 5:38 PM,6 minutes and 7 seconds,Mayra Luna
Tink-a-Tako - Potranco,Nadia  Reyes,371,,Tortillero,,10/2/25 5:31 PM,10/2/25 5:38 PM,6 minutes and 7 seconds,Mayra Luna
Tink-a-Tako - Potranco,Nadia  Reyes,371,,Prep,,10/2/25 5:31 PM,10/2/25 5:38 PM,6 minutes and 7 seconds,Mayra Luna
Tink-a-Tako - Potranco,Sergio Abundiz,372,32,Lobby,,10/2/25 5:39 PM,10/2/25 5:52 PM,13 minutes and 11 seconds,Mayra Luna
Tink-a-Tako - Potranco,Nadia  Reyes,373,,Lobby,,10/2/25 5:49 PM,10/2/25 5:58 PM,9 minutes and 1 second,Mayra Luna
Tink-a-Tako - Potranco,Nadia  Reyes,374,,Lobby,,10/2/25 5:50 PM,10/2/25 5:58 PM,8 minutes and 31 seconds,Mayra Luna
Tink-a-Tako - Potranco,Sergio Abundiz,372,32,Lobby,,10/2/25 5:58 PM,10/2/25 6:03 PM,5 minutes and 10 seconds,Mayra Luna
Tink-a-Tako - Potranco,Nadia  Reyes,375,,Lobby,,10/2/25 6:02 PM,10/2/25 6:05 PM,3 minutes and 43 seconds,Mayra Luna
Tink-a-Tako - Potranco,Nadia  Reyes,376,,Lobby,,10/2/25 6:06 PM,10/2/25 6:11 PM,4 minutes and 22 seconds,Mayra Luna
Tink-a-Tako - Potranco,Nadia  Reyes,377,,Lobby,,10/2/25 6:08 PM,10/2/25 6:11 PM,3 minutes and 28 seconds,Mayra Luna
Tink-a-Tako - Potranco,Nadia  Reyes,377,,Prep,,10/2/25 6:08 PM,10/2/25 6:11 PM,3 minutes and 28 seconds,Mayra Luna
Tink-a-Tako - Potranco,Sergio Abundiz,380,23,Lobby,,10/2/25 6:16 PM,10/2/25 6:24 PM,8 minutes and 39 seconds,Mayra Luna
Tink-a-Tako - Potranco,Sergio Abundiz,380,23,Prep,,10/2/25 6:16 PM,10/2/25 6:24 PM,8 minutes and 39 seconds,Mayra Luna
Tink-a-Tako - Potranco,Juan  Camacho,382,9,Lobby,,10/2/25 6:16 PM,10/2/25 6:24 PM,7 minutes and 57 seconds,Mayra Luna
Tink-a-Tako - Potranco,Sergio Abundiz,381,20,Lobby,,10/2/25 6:16 PM,10/2/25 6:24 PM,8 minutes and 18 seconds,Mayra Luna
Tink-a-Tako - Potranco,Nadia  Reyes,383,,Lobby,,10/2/25 6:20 PM,10/2/25 6:25 PM,5 minutes and 34 seconds,Mayra Luna
Tink-a-Tako - Potranco,Nadia  Reyes,379,,Lobby,,10/2/25 6:17 PM,10/2/25 6:25 PM,8 minutes and 32 seconds,Mayra Luna
Tink-a-Tako - Potranco,Juan  Camacho,384,31,Lobby,,10/2/25 6:23 PM,10/2/25 6:31 PM,7 minutes and 54 seconds,Mayra Luna
Tink-a-Tako - Potranco,Juan  Camacho,384,31,Prep,,10/2/25 6:23 PM,10/2/25 6:31 PM,7 minutes and 54 seconds,Mayra Luna
Tink-a-Tako - Potranco,Juan  Camacho,384,31,Tortillero,,10/2/25 6:23 PM,10/2/25 6:31 PM,7 minutes and 54 seconds,Mayra Luna
Tink-a-Tako - Potranco,Juan  Camacho,385,,Lobby,,10/2/25 6:27 PM,10/2/25 6:31 PM,3 minutes and 52 seconds,Mayra Luna
Tink-a-Tako - Potranco,Juan  Camacho,385,,Tortillero,,10/2/25 6:27 PM,10/2/25 6:31 PM,3 minutes and 52 seconds,Mayra Luna
Tink-a-Tako - Potranco,Juan  Camacho,385,,Lobby,,10/2/25 6:33 PM,10/2/25 6:33 PM,30 seconds,Mayra Luna
Tink-a-Tako - Potranco,Nadia  Reyes,387,,Lobby,,10/2/25 6:38 PM,10/2/25 6:46 PM,8 minutes and 18 seconds,Mayra Luna
Tink-a-Tako - Potranco,Mayra Luna,368,,,2,10/2/25 5:38 PM,10/2/25 6:49 PM,"1 hour, 11 minutes and 50 seconds",Mayra Luna
Tink-a-Tako - Potranco,Brianna  Arias ,369,,,2,10/2/25 5:30 PM,10/2/25 6:49 PM,"1 hour, 19 minutes and 27 seconds",Mayra Luna
Tink-a-Tako - Potranco,Sergio Abundiz,363,25,,2,10/2/25 5:15 PM,10/2/25 6:50 PM,"1 hour, 34 minutes and 21 seconds",Mayra Luna
Tink-a-Tako - Potranco,Mayra Luna,361,39,,2,10/2/25 5:11 PM,10/2/25 6:50 PM,"1 hour, 38 minutes and 21 seconds",Mayra Luna
Tink-a-Tako - Potranco,Juan  Camacho,362,,,2,10/2/25 5:17 PM,10/2/25 6:50 PM,"1 hour, 32 minutes and 16 seconds",Mayra Luna
Tink-a-Tako - Potranco,Mayra Luna,361,39,,2,10/2/25 5:11 PM,10/2/25 6:50 PM,"1 hour, 38 minutes and 35 seconds",Mayra Luna
Tink-a-Tako - Potranco,Nadia  Reyes,360,,,2,10/2/25 5:04 PM,10/2/25 6:50 PM,"1 hour, 45 minutes and 11 seconds",Mayra Luna
Tink-a-Tako - Potranco,Sergio Abundiz,355,17,,2,10/2/25 4:51 PM,10/2/25 6:50 PM,"1 hour, 58 minutes and 41 seconds",Mayra Luna
Tink-a-Tako - Potranco,Sergio Abundiz,372,32,,2,10/2/25 5:52 PM,10/2/25 6:50 PM,57 minutes and 51 seconds,Mayra Luna
Tink-a-Tako - Potranco,Sergio Abundiz,354,7,,2,10/2/25 4:42 PM,10/2/25 6:50 PM,"2 hours, 8 minutes and 4 seconds",Mayra Luna
Tink-a-Tako - Potranco,Sergio Abundiz,347,9,,2,10/2/25 4:29 PM,10/2/25 6:50 PM,"2 hours, 21 minutes and 5 seconds",Mayra Luna
Tink-a-Tako - Potranco,Juan  Camacho,351,25,,2,10/2/25 4:30 PM,10/2/25 6:50 PM,"2 hours, 19 minutes and 16 seconds",Mayra Luna
Tink-a-Tako - Potranco,Juan  Camacho,343,33,,2,10/2/25 3:23 PM,10/2/25 6:50 PM,"3 hours, 26 minutes and 24 seconds",Mayra Luna
Tink-a-Tako - Potranco,Juan  Camacho,340,25,,2,10/2/25 3:15 PM,10/2/25 6:50 PM,"3 hours, 35 minutes and 11 seconds",Mayra Luna
Tink-a-Tako - Potranco,Juan  Camacho,343,33,,2,10/2/25 3:28 PM,10/2/25 6:50 PM,"3 hours, 22 minutes and 2 seconds",Mayra Luna
Tink-a-Tako - Potranco,Juan  Camacho,346,32,,2,10/2/25 4:29 PM,10/2/25 6:50 PM,"2 hours, 21 minutes and 13 seconds",Mayra Luna
Tink-a-Tako - Potranco,Sergio Abundiz,357,18,,2,10/2/25 4:57 PM,10/2/25 6:50 PM,"1 hour, 52 minutes and 53 seconds",Mayra Luna
Tink-a-Tako - Potranco,Sergio Abundiz,372,32,,2,10/2/25 6:03 PM,10/2/25 6:50 PM,46 minutes and 42 seconds,Mayra Luna
Tink-a-Tako - Potranco,Juan  Camacho,384,31,,2,10/2/25 6:31 PM,10/2/25 6:51 PM,19 minutes and 34 seconds,Mayra Luna
Tink-a-Tako - Potranco,Juan  Camacho,382,9,,2,10/2/25 6:24 PM,10/2/25 6:51 PM,26 minutes and 21 seconds,Mayra Luna
Tink-a-Tako - Potranco,Juan  Camacho,386,7,Lobby,,10/2/25 6:47 PM,10/2/25 6:52 PM,4 minutes and 34 seconds,Mayra Luna
Tink-a-Tako - Potranco,Nadia  Reyes,388,,Lobby,,10/2/25 6:48 PM,10/2/25 6:54 PM,5 minutes and 18 seconds,Mayra Luna
Tink-a-Tako - Potranco,Nadia  Reyes,389,,Lobby,,10/2/25 6:52 PM,10/2/25 6:55 PM,2 minutes and 44 seconds,Mayra Luna
Tink-a-Tako - Potranco,Nadia  Reyes,390,,Lobby,,10/2/25 6:53 PM,10/2/25 6:59 PM,5 minutes and 35 seconds,Mayra Luna
Tink-a-Tako - Potranco,Nadia  Reyes,391,,Lobby,,10/2/25 7:06 PM,10/2/25 7:15 PM,9 minutes and 8 seconds,Mayra Luna
Tink-a-Tako - Potranco,Nadia  Reyes,395,,Lobby,,10/2/25 7:16 PM,10/2/25 7:21 PM,5 minutes and 47 seconds,Mayra Luna
Tink-a-Tako - Potranco,Juan  Camacho,392,2,Lobby,,10/2/25 7:09 PM,10/2/25 7:25 PM,16 minutes and 20 seconds,Mayra Luna
Tink-a-Tako - Potranco,Sergio Abundiz,380,23,,2,10/2/25 6:24 PM,10/2/25 7:27 PM,"1 hour, 2 minutes and 15 seconds",Mayra Luna
Tink-a-Tako - Potranco,Sergio Abundiz,381,20,,2,10/2/25 6:24 PM,10/2/25 7:27 PM,"1 hour, 2 minutes and 15 seconds",Mayra Luna
Tink-a-Tako - Potranco,Juan  Camacho,385,,,2,10/2/25 6:33 PM,10/2/25 7:27 PM,53 minutes and 10 seconds,Mayra Luna
Tink-a-Tako - Potranco,Juan  Camacho,385,,,2,10/2/25 6:31 PM,10/2/25 7:27 PM,55 minutes and 30 seconds,Mayra Luna
Tink-a-Tako - Potranco,Juan  Camacho,386,7,,2,10/2/25 6:52 PM,10/2/25 7:27 PM,35 minutes and 7 seconds,Mayra Luna
Tink-a-Tako - Potranco,Sergio Abundiz,394,40,,2,10/2/25 7:13 PM,10/2/25 7:28 PM,14 minutes and 51 seconds,Mayra Luna
Tink-a-Tako - Potranco,Juan  Camacho,393,25,Lobby,,10/2/25 7:14 PM,10/2/25 7:29 PM,14 minutes and 37 seconds,Mayra Luna
Tink-a-Tako - Potranco,Sergio Abundiz,396,38,,2,10/2/25 7:19 PM,10/2/25 7:29 PM,10 minutes and 19 seconds,Mayra Luna
Tink-a-Tako - Potranco,Sergio Abundiz,396,38,Lobby,,10/2/25 7:19 PM,10/2/25 7:29 PM,10 minutes and 19 seconds,Mayra Luna
Tink-a-Tako - Potranco,Nadia  Reyes,400,,Lobby,,10/2/25 7:25 PM,10/2/25 7:32 PM,7 minutes and 18 seconds,Mayra Luna
Tink-a-Tako - Potranco,Nadia  Reyes,397,,Lobby,,10/2/25 7:24 PM,10/2/25 7:32 PM,8 minutes and 35 seconds,Mayra Luna
Tink-a-Tako - Potranco,Nadia  Reyes,397,,Lobby,,10/2/25 7:25 PM,10/2/25 7:33 PM,8 minutes,Mayra Luna
Tink-a-Tako - Potranco,Sergio Abundiz,399,24,Lobby,,10/2/25 7:23 PM,10/2/25 7:33 PM,10 minutes and 28 seconds,Mayra Luna
Tink-a-Tako - Potranco,Sergio Abundiz,399,24,Tortillero,,10/2/25 7:23 PM,10/2/25 7:33 PM,10 minutes and 28 seconds,Mayra Luna
Tink-a-Tako - Potranco,Juan  Camacho,398,34,Prep,,10/2/25 7:22 PM,10/2/25 7:33 PM,11 minutes and 27 seconds,Mayra Luna
Tink-a-Tako - Potranco,Juan  Camacho,398,34,Lobby,,10/2/25 7:22 PM,10/2/25 7:33 PM,11 minutes and 27 seconds,Mayra Luna
Tink-a-Tako - Potranco,Juan  Camacho,398,34,Tortillero,,10/2/25 7:22 PM,10/2/25 7:33 PM,11 minutes and 27 seconds,Mayra Luna
Tink-a-Tako - Potranco,Nadia  Reyes,402,,Lobby,,10/2/25 7:45 PM,10/2/25 7:52 PM,6 minutes and 10 seconds,Mayra Luna
Tink-a-Tako - Potranco,Juan  Camacho,392,2,,2,10/2/25 7:25 PM,10/2/25 7:53 PM,27 minutes and 26 seconds,Mayra Luna
Tink-a-Tako - Potranco,Juan  Camacho,393,25,,2,10/2/25 7:29 PM,10/2/25 7:53 PM,23 minutes and 53 seconds,Mayra Luna
Tink-a-Tako - Potranco,Juan  Camacho,403,23,,2,10/2/25 7:47 PM,10/2/25 7:54 PM,7 minutes and 12 seconds,Mayra Luna
Tink-a-Tako - Potranco,Sergio Abundiz,399,24,,2,10/2/25 7:33 PM,10/2/25 7:54 PM,20 minutes and 54 seconds,Mayra Luna
Tink-a-Tako - Potranco,Juan  Camacho,398,34,,2,10/2/25 7:33 PM,10/2/25 7:54 PM,20 minutes and 55 seconds,Mayra Luna
Tink-a-Tako - Potranco,Juan  Camacho,405,35,Lobby,,10/2/25 8:05 PM,10/2/25 8:12 PM,6 minutes and 54 seconds,Mayra Luna
Tink-a-Tako - Potranco,Sergio Abundiz,401,9,Lobby,,10/2/25 7:45 PM,10/2/25 8:12 PM,27 minutes and 16 seconds,Mayra Luna
Tink-a-Tako - Potranco,Nadia  Reyes,406,,Lobby,,10/2/25 8:06 PM,10/2/25 8:28 PM,21 minutes and 50 seconds,Mayra Luna
Tink-a-Tako - Potranco,Juan  Camacho,405,35,Lobby,,10/2/25 8:18 PM,10/2/25 8:30 PM,11 minutes and 59 seconds,Mayra Luna
Tink-a-Tako - Potranco,Sergio Abundiz,407,32,Lobby,,10/2/25 8:13 PM,10/2/25 8:30 PM,17 minutes and 35 seconds,Mayra Luna
Tink-a-Tako - Potranco,Juan  Camacho,409,,Lobby,,10/2/25 8:40 PM,10/2/25 8:44 PM,3 minutes and 52 seconds,Mayra Luna
Tink-a-Tako - Potranco,Nadia  Reyes,408,,Lobby,,10/2/25 8:32 PM,10/2/25 8:53 PM,21 minutes and 30 seconds,Mayra Luna
Tink-a-Tako - Potranco,Nadia  Reyes,410,,Lobby,,10/2/25 8:53 PM,10/2/25 9:12 PM,19 minutes and 5 seconds,Mayra Luna
Tink-a-Tako - Potranco,Sergio Abundiz,401,9,,2,10/2/25 8:12 PM,10/2/25 10:08 PM,"1 hour, 56 minutes and 4 seconds",Mayra Luna
Tink-a-Tako - Potranco,Sergio Abundiz,407,32,,2,10/2/25 8:30 PM,10/2/25 10:08 PM,"1 hour, 38 minutes and 3 seconds",Mayra Luna
Tink-a-Tako - Potranco,Juan  Camacho,405,35,,2,10/2/25 8:30 PM,10/2/25 10:08 PM,"1 hour, 38 minutes and 5 seconds",Mayra Luna
Tink-a-Tako - Potranco,Juan  Camacho,405,35,,2,10/2/25 8:12 PM,10/2/25 10:08 PM,"1 hour, 56 minutes and 4 seconds",Mayra Luna
Tink-a-Tako - Potranco,Juan  Camacho,409,,,2,10/2/25 8:44 PM,10/2/25 10:08 PM,"1 hour, 23 minutes and 51 seconds",Mayra Luna
Tink-a-Tako - Potranco,Sergio Abundiz,411,,,2,10/2/25 9:47 PM,10/2/25 10:08 PM,21 minutes and 16 seconds,Mayra Luna
