Location,Order #,Opened,# of Guests,Server,Table,Discount Amount,Amount,Tax,Tip,Gratuity
Tink-a-Tako - Potranco,1,10/2/25 6:04 AM,1,Daniela Torres,,0.00,16.14,1.33,0.00,0.00
Tink-a-Tako - Potranco,2,10/2/25 6:30 AM,1,Daniela Torres,,0.00,3.98,0.33,0.00,0.00
Tink-a-Tako - Potranco,3,10/2/25 6:30 AM,1,Daniela Torres,,0.00,4.28,0.35,1.00,0.00
Tink-a-Tako - Potranco,4,10/2/25 6:35 AM,1,Daniela Torres,,0.00,10.72,0.88,0.00,0.00
Tink-a-Tako - Potranco,5,10/2/25 6:38 AM,1,Daniela Torres,,0.00,10.78,0.89,0.00,0.00
Tink-a-Tako - Potranco,6,10/2/25 6:38 AM,1,Norma Vasquez,35,0.00,9.77,0.81,5.00,0.00
Tink-a-Tako - Potranco,7,10/2/25 6:38 AM,1,Daniela Torres,,0.00,6.18,0.51,0.00,0.00
Tink-a-Tako - Potranco,8,10/2/25 6:40 AM,1,Norma Vasquez,,0.00,17.46,1.45,0.00,0.00
Tink-a-Tako - Potranco,9,10/2/25 6:40 AM,1,Daniela Torres,,3.04,27.31,2.25,3.44,0.00
Tink-a-Tako - Potranco,10,10/2/25 6:41 AM,1,Daniela Torres,,0.00,8.67,0.72,0.00,0.00
Tink-a-Tako - Potranco,11,10/2/25 6:43 AM,1,Daniela Torres,,0.00,6.98,0.58,0.00,0.00
Tink-a-Tako - Potranco,13,10/2/25 6:49 AM,3,Norma Vasquez,19,0.00,44.70,3.68,0.00,0.00
Tink-a-Tako - Potranco,12,10/2/25 6:43 AM,1,Daniela Torres,,0.00,10.06,0.84,0.00,0.00
Tink-a-Tako - Potranco,14,10/2/25 6:53 AM,1,Daniela Torres,,0.00,28.39,2.33,0.00,0.00
Tink-a-Tako - Potranco,15,10/2/25 6:54 AM,1,Daniela Torres,,0.00,1.99,0.16,0.00,0.00
Tink-a-Tako - Potranco,16,10/2/25 6:54 AM,1,Daniela Torres,,0.00,24.41,2.01,0.00,0.00
Tink-a-Tako - Potranco,17,10/2/25 6:57 AM,1,Norma Vasquez,,0.00,7.07,0.58,0.00,0.00
Tink-a-Tako - Potranco,19,10/2/25 7:00 AM,1,Daniela Torres,,0.00,3.78,0.31,0.00,0.00
Tink-a-Tako - Potranco,20,10/2/25 7:01 AM,1,Daniela Torres,,0.00,9.78,0.81,0.00,0.00
Tink-a-Tako - Potranco,21,10/2/25 7:06 AM,1,Daniela Torres,,0.00,25.88,2.14,0.00,0.00
Tink-a-Tako - Potranco,22,10/2/25 7:07 AM,1,Daniela Torres,,0.00,11.44,0.94,0.00,0.00
Tink-a-Tako - Potranco,23,10/2/25 7:10 AM,1,Daniela Torres,,0.00,3.98,0.33,0.00,0.00
Tink-a-Tako - Potranco,24,10/2/25 7:10 AM,1,Daniela Torres,,0.99,11.88,0.99,0.00,0.00
Tink-a-Tako - Potranco,25,10/2/25 7:11 AM,1,Daniela Torres,,0.00,8.96,0.74,0.00,0.00
Tink-a-Tako - Potranco,26,10/2/25 7:18 AM,1,Daniela Torres,,0.00,3.58,0.30,0.00,0.00
Tink-a-Tako - Potranco,27,10/2/25 7:19 AM,1,Daniela Torres,,0.00,8.34,0.69,0.00,0.00
Tink-a-Tako - Potranco,28,10/2/25 7:20 AM,1,Daniela Torres,,0.00,1.79,0.15,0.00,0.00
Tink-a-Tako - Potranco,18,10/2/25 6:57 AM,1,Norma Vasquez,,0.00,8.18,0.67,0.00,0.00
Tink-a-Tako - Potranco,29,10/2/25 7:21 AM,1,Daniela Torres,,0.70,6.29,0.52,1.00,0.00
Tink-a-Tako - Potranco,30,10/2/25 7:22 AM,1,Daniela Torres,,0.00,10.38,0.86,0.00,0.00
Tink-a-Tako - Potranco,31,10/2/25 7:23 AM,1,Daniela Torres,,0.00,5.87,0.49,0.00,0.00
Tink-a-Tako - Potranco,32,10/2/25 7:24 AM,1,Daniela Torres,,0.00,12.27,1.02,0.00,0.00
Tink-a-Tako - Potranco,33,10/2/25 7:24 AM,1,Norma Vasquez,,0.00,7.98,0.66,0.00,0.00
Tink-a-Tako - Potranco,35,10/2/25 7:28 AM,1,Daniela Torres,,0.00,8.97,0.74,0.00,0.00
Tink-a-Tako - Potranco,36,10/2/25 7:28 AM,1,Daniela Torres,,0.00,7.76,0.63,0.00,0.00
Tink-a-Tako - Potranco,37,10/2/25 7:29 AM,2,Norma Vasquez,35,0.00,13.38,1.10,3.00,0.00
Tink-a-Tako - Potranco,38,10/2/25 7:30 AM,1,Daniela Torres,,0.00,10.07,0.84,2.00,0.00
Tink-a-Tako - Potranco,39,10/2/25 7:33 AM,1,Daniela Torres,,0.00,7.68,0.63,0.00,0.00
Tink-a-Tako - Potranco,40,10/2/25 7:35 AM,1,Daniela Torres,,0.00,6.48,0.54,0.00,0.00
Tink-a-Tako - Potranco,41,10/2/25 7:36 AM,1,Daniela Torres,,0.00,19.93,1.64,0.00,0.00
Tink-a-Tako - Potranco,42,10/2/25 7:36 AM,2,Norma Vasquez,23,0.00,20.34,1.68,5.00,0.00
Tink-a-Tako - Potranco,44,10/2/25 7:38 AM,1,Daniela Torres,,0.00,11.07,0.91,0.00,0.00
Tink-a-Tako - Potranco,43,10/2/25 7:37 AM,1,Norma Vasquez,,0.00,4.48,0.37,1.15,0.00
Tink-a-Tako - Potranco,45,10/2/25 7:38 AM,1,Daniela Torres,,0.00,14.86,1.23,0.00,0.00
Tink-a-Tako - Potranco,47,10/2/25 7:39 AM,1,Daniela Torres,,0.00,6.97,0.57,0.00,0.00
Tink-a-Tako - Potranco,48,10/2/25 7:44 AM,1,Daniela Torres,,0.00,9.22,0.76,0.00,0.00
Tink-a-Tako - Potranco,49,10/2/25 7:47 AM,1,Daniela Torres,,0.00,3.58,0.30,0.00,0.00
Tink-a-Tako - Potranco,51,10/2/25 7:50 AM,1,Daniela Torres,,0.00,5.98,0.49,0.00,0.00
Tink-a-Tako - Potranco,52,10/2/25 7:50 AM,1,Daniela Torres,,0.50,7.93,0.65,0.00,0.00
Tink-a-Tako - Potranco,53,10/2/25 7:51 AM,1,Daniela Torres,,0.00,10.52,0.87,0.00,0.00
Tink-a-Tako - Potranco,54,10/2/25 7:55 AM,1,Daniela Torres,,0.00,6.97,0.58,0.00,0.00
Tink-a-Tako - Potranco,55,10/2/25 7:56 AM,1,Daniela Torres,,0.00,9.68,0.80,0.00,0.00
Tink-a-Tako - Potranco,56,10/2/25 7:56 AM,1,Daniela Torres,,0.00,3.98,0.33,0.00,0.00
Tink-a-Tako - Potranco,58,10/2/25 7:57 AM,1,Norma Vasquez,7,0.00,30.84,2.55,5.00,0.00
Tink-a-Tako - Potranco,59,10/2/25 7:58 AM,1,Daniela Torres,,0.00,24.10,1.99,0.00,0.00
Tink-a-Tako - Potranco,60,10/2/25 7:58 AM,1,Daniela Torres,,0.00,14.68,1.21,0.00,0.00
Tink-a-Tako - Potranco,61,10/2/25 8:02 AM,1,Daniela Torres,,0.00,8.56,0.71,0.00,0.00
Tink-a-Tako - Potranco,63,10/2/25 8:04 AM,1,Daniela Torres,,0.00,4.58,0.38,0.00,0.00
Tink-a-Tako - Potranco,64,10/2/25 8:05 AM,1,Maria Majana,9,0.00,25.73,2.13,2.00,0.00
Tink-a-Tako - Potranco,65,10/2/25 8:10 AM,1,Daniela Torres,,0.00,3.98,0.33,0.00,0.00
Tink-a-Tako - Potranco,67,10/2/25 8:14 AM,1,Ivana Abundiz,,0.00,7.38,0.61,0.00,0.00
Tink-a-Tako - Potranco,68,10/2/25 8:14 AM,1,Ivana Abundiz,,0.00,2.99,0.25,0.00,0.00
Tink-a-Tako - Potranco,62,10/2/25 8:02 AM,1,Daniela Torres,,0.00,4.48,0.37,0.00,0.00
Tink-a-Tako - Potranco,69,10/2/25 8:15 AM,1,Daniela Torres,,0.00,16.56,1.37,0.00,0.00
Tink-a-Tako - Potranco,70,10/2/25 8:17 AM,1,Mayra Luna,,69.05,0.00,0.00,0.00,0.00
Tink-a-Tako - Potranco,71,10/2/25 8:17 AM,1,Daniela Torres,,0.00,10.87,0.89,2.00,0.00
Tink-a-Tako - Potranco,72,10/2/25 8:22 AM,1,Daniela Torres,,0.00,14.36,1.18,0.00,0.00
Tink-a-Tako - Potranco,73,10/2/25 8:23 AM,1,Daniela Torres,,0.00,3.98,0.33,0.00,0.00
Tink-a-Tako - Potranco,74,10/2/25 8:23 AM,1,Daniela Torres,,0.00,18.54,1.53,0.00,0.00
Tink-a-Tako - Potranco,75,10/2/25 8:23 AM,2,Esperansa Caviedes,8,0.00,41.50,3.42,0.00,0.00
Tink-a-Tako - Potranco,77,10/2/25 8:25 AM,1,Daniela Torres,,0.00,7.28,0.60,0.00,0.00
Tink-a-Tako - Potranco,79,10/2/25 8:27 AM,1,Ivana Abundiz,,0.00,20.56,1.70,0.00,0.00
Tink-a-Tako - Potranco,80,10/2/25 8:28 AM,1,Daniela Torres,,0.00,15.77,1.30,2.37,0.00
Tink-a-Tako - Potranco,81,10/2/25 8:29 AM,1,Daniela Torres,,0.00,9.96,0.82,1.49,0.00
Tink-a-Tako - Potranco,82,10/2/25 8:29 AM,1,Daniela Torres,,0.00,10.47,0.86,0.00,0.00
Tink-a-Tako - Potranco,83,10/2/25 8:30 AM,1,Daniela Torres,,0.00,2.49,0.21,0.00,0.00
Tink-a-Tako - Potranco,85,10/2/25 8:35 AM,1,Ivana Abundiz,,0.00,0.00,0.00,0.00,0.00
Tink-a-Tako - Potranco,84,10/2/25 8:34 AM,1,Daniela Torres,,0.00,19.64,1.63,0.00,0.00
Tink-a-Tako - Potranco,86,10/2/25 8:35 AM,1,Ivana Abundiz,,0.00,4.98,0.41,0.00,0.00
Tink-a-Tako - Potranco,87,10/2/25 8:36 AM,1,Daniela Torres,,0.00,10.63,0.87,0.00,0.00
Tink-a-Tako - Potranco,88,10/2/25 8:36 AM,1,Ivana Abundiz,,0.00,165.92,13.68,50.00,0.00
Tink-a-Tako - Potranco,90,10/2/25 8:37 AM,1,Isabel Cisneros,26,0.00,16.48,1.36,0.00,0.00
Tink-a-Tako - Potranco,89,10/2/25 8:37 AM,1,Daniela Torres,,0.00,4.97,0.41,0.00,0.00
Tink-a-Tako - Potranco,91,10/2/25 8:39 AM,1,Daniela Torres,,0.00,20.79,1.72,0.00,0.00
Tink-a-Tako - Potranco,92,10/2/25 8:40 AM,1,Daniela Torres,,0.00,13.23,1.09,0.00,0.00
Tink-a-Tako - Potranco,93,10/2/25 8:43 AM,1,Maria Majana,,0.00,23.15,1.90,0.00,0.00
Tink-a-Tako - Potranco,95,10/2/25 8:46 AM,1,Daniela Torres,,0.00,15.76,1.30,0.00,0.00
Tink-a-Tako - Potranco,97,10/2/25 8:47 AM,1,Norma Vasquez,16,0.00,7.77,0.64,0.00,0.00
Tink-a-Tako - Potranco,98,10/2/25 8:49 AM,1,Isabel Cisneros,,0.00,6.48,0.54,0.00,0.00
Tink-a-Tako - Potranco,99,10/2/25 8:49 AM,1,Daniela Torres,,0.00,11.22,0.92,0.00,0.00
Tink-a-Tako - Potranco,101,10/2/25 8:51 AM,1,Norma Vasquez,,0.00,5.28,0.44,0.00,0.00
Tink-a-Tako - Potranco,100,10/2/25 8:50 AM,1,Daniela Torres,,0.00,17.15,1.41,0.00,0.00
Tink-a-Tako - Potranco,94,10/2/25 8:45 AM,1,Daniela Torres,,0.00,13.86,1.14,2.08,0.00
Tink-a-Tako - Potranco,104,10/2/25 8:53 AM,1,Daniela Torres,,0.00,24.78,2.05,0.00,0.00
Tink-a-Tako - Potranco,103,10/2/25 8:53 AM,2,Esperansa Caviedes,18,0.00,15.75,1.30,3.00,0.00
Tink-a-Tako - Potranco,106,10/2/25 8:54 AM,2,Isabel Cisneros,25,0.00,31.76,2.61,3.00,0.00
Tink-a-Tako - Potranco,108,10/2/25 8:56 AM,1,Norma Vasquez,33,0.00,9.87,0.81,4.00,0.00
Tink-a-Tako - Potranco,109,10/2/25 8:56 AM,1,Daniela Torres,,0.00,10.77,0.89,1.62,0.00
Tink-a-Tako - Potranco,111,10/2/25 8:57 AM,1,Daniela Torres,,0.00,7.77,0.65,1.55,0.00
Tink-a-Tako - Potranco,102,10/2/25 8:52 AM,1,Norma Vasquez,,0.00,11.01,0.91,0.00,0.00
Tink-a-Tako - Potranco,114,10/2/25 8:58 AM,3,Esperansa Caviedes,24,0.00,31.25,2.57,6.00,0.00
Tink-a-Tako - Potranco,113,10/2/25 8:58 AM,1,Ivana Abundiz,,0.00,14.94,1.23,0.00,0.00
Tink-a-Tako - Potranco,116,10/2/25 8:59 AM,2,Isabel Cisneros,37,0.00,22.42,1.84,5.00,0.00
Tink-a-Tako - Potranco,110,10/2/25 8:56 AM,1,Daniela Torres,,0.00,7.48,0.62,0.00,0.00
Tink-a-Tako - Potranco,115,10/2/25 8:58 AM,2,Maria Majana,7,0.00,27.96,2.31,5.00,0.00
Tink-a-Tako - Potranco,118,10/2/25 9:01 AM,2,Norma Vasquez,32,0.00,18.06,1.49,0.00,0.00
Tink-a-Tako - Potranco,117,10/2/25 9:00 AM,1,Daniela Torres,,0.00,20.69,1.71,4.55,0.00
Tink-a-Tako - Potranco,119,10/2/25 9:03 AM,1,Daniela Torres,,0.00,9.72,0.80,0.00,0.00
Tink-a-Tako - Potranco,121,10/2/25 9:05 AM,1,Ivana Abundiz,,0.00,11.25,0.93,3.00,0.00
Tink-a-Tako - Potranco,120,10/2/25 9:05 AM,1,Daniela Torres,,0.00,21.26,1.75,0.00,0.00
Tink-a-Tako - Potranco,122,10/2/25 9:06 AM,1,Daniela Torres,,0.00,9.58,0.79,0.00,0.00
Tink-a-Tako - Potranco,123,10/2/25 9:07 AM,1,Daniela Torres,,0.00,3.98,0.33,0.00,0.00
Tink-a-Tako - Potranco,124,10/2/25 9:09 AM,1,Daniela Torres,,0.00,1.99,0.16,0.00,0.00
Tink-a-Tako - Potranco,126,10/2/25 9:11 AM,2,Esperansa Caviedes,38,0.00,57.09,4.70,17.00,0.00
Tink-a-Tako - Potranco,128,10/2/25 9:12 AM,2,Isabel Cisneros,39,0.00,13.26,1.10,4.00,0.00
Tink-a-Tako - Potranco,127,10/2/25 9:12 AM,1,Ivana Abundiz,,0.00,8.76,0.72,0.00,0.00
Tink-a-Tako - Potranco,129,10/2/25 9:14 AM,4,Isabel Cisneros,12,0.00,40.02,3.31,0.00,0.00
Tink-a-Tako - Potranco,125,10/2/25 9:10 AM,1,Daniela Torres,,2.85,25.60,2.11,0.00,0.00
Tink-a-Tako - Potranco,131,10/2/25 9:19 AM,2,Esperansa Caviedes,17,0.00,8.57,0.71,0.00,0.00
Tink-a-Tako - Potranco,132,10/2/25 9:19 AM,1,Ivana Abundiz,,0.00,12.36,1.01,0.00,0.00
Tink-a-Tako - Potranco,130,10/2/25 9:18 AM,1,Daniela Torres,,0.00,2.99,0.25,0.00,0.00
Tink-a-Tako - Potranco,133,10/2/25 9:20 AM,1,Daniela Torres,,0.00,10.06,0.82,0.00,0.00
Tink-a-Tako - Potranco,16001,10/2/25 9:23 AM,1,Daniela Torres,,0.00,3.98,0.33,0.00,0.00
Tink-a-Tako - Potranco,16003,10/2/25 9:27 AM,1,Daniela Torres,,0.00,1.99,0.16,0.00,0.00
Tink-a-Tako - Potranco,136,10/2/25 9:29 AM,1,Daniela Torres,,0.00,44.55,3.67,3.85,0.00
Tink-a-Tako - Potranco,137,10/2/25 9:29 AM,1,Daniela Torres,,0.00,18.95,1.57,0.00,0.00
Tink-a-Tako - Potranco,138,10/2/25 9:29 AM,2,Maria Majana,7,0.00,15.35,1.28,5.00,0.00
Tink-a-Tako - Potranco,139,10/2/25 9:30 AM,1,Daniela Torres,,0.00,6.97,0.58,0.00,0.00
Tink-a-Tako - Potranco,140,10/2/25 9:32 AM,1,Daniela Torres,,0.36,3.22,0.27,0.00,0.00
Tink-a-Tako - Potranco,141,10/2/25 9:32 AM,4,Norma Vasquez,34,0.00,40.39,3.34,1.57,0.00
Tink-a-Tako - Potranco,143,10/2/25 9:35 AM,2,Isabel Cisneros,33,0.00,18.92,1.55,5.53,0.00
Tink-a-Tako - Potranco,144,10/2/25 9:37 AM,1,Daniela Torres,,0.00,26.93,2.22,0.00,0.00
Tink-a-Tako - Potranco,145,10/2/25 9:37 AM,1,Daniela Torres,,0.00,5.77,0.47,0.00,0.00
Tink-a-Tako - Potranco,146,10/2/25 9:38 AM,1,Daniela Torres,,0.00,7.98,0.66,0.00,0.00
Tink-a-Tako - Potranco,148,10/2/25 9:39 AM,1,Daniela Torres,,0.00,8.78,0.72,0.00,0.00
Tink-a-Tako - Potranco,147,10/2/25 9:39 AM,1,Daniela Torres,,0.00,46.63,3.86,0.00,0.00
Tink-a-Tako - Potranco,150,10/2/25 9:41 AM,2,Norma Vasquez,18,2.00,23.96,1.99,0.00,0.00
Tink-a-Tako - Potranco,149,10/2/25 9:40 AM,1,Daniela Torres,,0.00,27.74,2.27,0.00,0.00
Tink-a-Tako - Potranco,151,10/2/25 9:42 AM,1,Daniela Torres,,0.00,23.83,1.96,0.00,0.00
Tink-a-Tako - Potranco,152,10/2/25 9:44 AM,1,Daniela Torres,,0.00,22.99,1.88,4.60,0.00
Tink-a-Tako - Potranco,153,10/2/25 9:51 AM,1,Daniela Torres,,0.00,7.77,0.64,0.00,0.00
Tink-a-Tako - Potranco,154,10/2/25 9:52 AM,1,Daniela Torres,,0.00,25.70,2.13,0.00,0.00
Tink-a-Tako - Potranco,157,10/2/25 9:53 AM,2,Isabel Cisneros,17,0.00,8.96,0.73,0.00,0.00
Tink-a-Tako - Potranco,159,10/2/25 9:56 AM,2,Isabel Cisneros,16,0.00,0.00,0.00,0.00,0.00
Tink-a-Tako - Potranco,160,10/2/25 9:56 AM,1,Daniela Torres,,0.00,9.96,0.82,1.00,0.00
Tink-a-Tako - Potranco,161,10/2/25 10:01 AM,1,Daniela Torres,,0.00,14.41,1.19,0.00,0.00
Tink-a-Tako - Potranco,162,10/2/25 10:02 AM,1,Daniela Torres,,0.00,12.34,1.01,3.00,0.00
Tink-a-Tako - Potranco,163,10/2/25 10:05 AM,1,Daniela Torres,,0.00,12.05,1.01,0.00,0.00
Tink-a-Tako - Potranco,164,10/2/25 10:06 AM,1,Daniela Torres,,0.00,7.56,0.63,0.00,0.00
Tink-a-Tako - Potranco,165,10/2/25 10:07 AM,1,Maria Majana,10,0.00,3.38,0.28,0.00,0.00
Tink-a-Tako - Potranco,170,10/2/25 10:08 AM,1,Daniela Torres,,0.00,10.07,0.84,0.00,0.00
Tink-a-Tako - Potranco,172,10/2/25 10:12 AM,1,Daniela Torres,,0.00,7.47,0.62,0.00,0.00
Tink-a-Tako - Potranco,175,10/2/25 10:13 AM,1,Daniela Torres,,0.00,16.52,1.36,0.00,0.00
Tink-a-Tako - Potranco,171,10/2/25 10:12 AM,3,Esperansa Caviedes,23,0.00,46.57,3.83,20.00,0.00
Tink-a-Tako - Potranco,174,10/2/25 10:13 AM,2,Isabel Cisneros,32,0.00,21.45,1.77,0.00,0.00
Tink-a-Tako - Potranco,177,10/2/25 10:17 AM,1,Maria Majana,33,0.00,7.13,0.59,2.00,0.00
Tink-a-Tako - Potranco,179,10/2/25 10:19 AM,1,Daniela Torres,,0.00,8.98,0.74,0.00,0.00
Tink-a-Tako - Potranco,181,10/2/25 10:21 AM,1,Esperansa Caviedes,31,5.87,9.11,0.76,7.00,0.00
Tink-a-Tako - Potranco,182,10/2/25 10:22 AM,2,Norma Vasquez,20,0.00,22.78,1.88,0.00,0.00
Tink-a-Tako - Potranco,183,10/2/25 10:23 AM,1,Daniela Torres,,0.00,10.95,0.90,2.19,0.00
Tink-a-Tako - Potranco,185,10/2/25 10:24 AM,2,Norma Vasquez,17,0.90,23.76,1.96,6.00,0.00
Tink-a-Tako - Potranco,184,10/2/25 10:23 AM,1,Daniela Torres,,0.00,11.98,0.98,0.00,0.00
Tink-a-Tako - Potranco,186,10/2/25 10:25 AM,1,Daniela Torres,,0.00,8.56,0.71,0.00,0.00
Tink-a-Tako - Potranco,188,10/2/25 10:32 AM,3,Norma Vasquez,24,0.00,23.67,1.95,5.00,0.00
Tink-a-Tako - Potranco,187,10/2/25 10:26 AM,1,Daniela Torres,,0.00,8.67,0.71,0.00,0.00
Tink-a-Tako - Potranco,189,10/2/25 10:34 AM,1,Daniela Torres,,0.00,14.97,1.24,0.00,0.00
Tink-a-Tako - Potranco,190,10/2/25 10:36 AM,1,Daniela Torres,,0.00,19.11,1.59,0.00,0.00
Tink-a-Tako - Potranco,192,10/2/25 10:36 AM,1,Daniela Torres,,0.00,6.37,0.53,0.00,0.00
Tink-a-Tako - Potranco,193,10/2/25 10:37 AM,1,Daniela Torres,,0.00,9.58,0.79,0.00,0.00
Tink-a-Tako - Potranco,194,10/2/25 10:38 AM,1,Daniela Torres,,0.00,2.49,0.21,0.00,0.00
Tink-a-Tako - Potranco,195,10/2/25 10:39 AM,2,Isabel Cisneros,37,0.00,52.87,4.37,10.57,0.00
Tink-a-Tako - Potranco,198,10/2/25 10:44 AM,1,Daniela Torres,,0.00,6.88,0.56,0.00,0.00
Tink-a-Tako - Potranco,199,10/2/25 10:44 AM,2,Maria Majana,18,0.00,5.58,0.46,0.00,0.00
Tink-a-Tako - Potranco,200,10/2/25 10:47 AM,1,Daniela Torres,,0.00,13.54,1.12,0.00,0.00
Tink-a-Tako - Potranco,201,10/2/25 10:48 AM,1,Daniela Torres,,0.58,5.20,0.43,0.00,0.00
Tink-a-Tako - Potranco,202,10/2/25 10:51 AM,2,Esperansa Caviedes,7,0.00,27.89,2.30,4.81,0.00
Tink-a-Tako - Potranco,203,10/2/25 10:52 AM,1,Daniela Torres,,0.00,17.91,1.47,2.69,0.00
Tink-a-Tako - Potranco,204,10/2/25 10:53 AM,1,Daniela Torres,,0.00,13.17,1.09,0.00,0.00
Tink-a-Tako - Potranco,206,10/2/25 10:54 AM,1,Isabel Cisneros,12,0.00,18.01,1.48,3.00,0.00
Tink-a-Tako - Potranco,208,10/2/25 10:57 AM,1,Daniela Torres,,0.00,17.94,1.48,0.00,0.00
Tink-a-Tako - Potranco,207,10/2/25 10:57 AM,2,Maria Majana,39,0.00,26.50,2.18,3.98,0.00
Tink-a-Tako - Potranco,209,10/2/25 10:58 AM,1,Daniela Torres,,0.00,17.45,1.43,0.00,0.00
Tink-a-Tako - Potranco,210,10/2/25 11:00 AM,1,Daniela Torres,,0.00,37.90,3.13,0.00,0.00
Tink-a-Tako - Potranco,211,10/2/25 11:02 AM,1,Daniela Torres,,0.00,8.37,0.69,0.00,0.00
Tink-a-Tako - Potranco,214,10/2/25 11:02 AM,2,Norma Vasquez,35,0.00,25.42,2.08,0.00,0.00
Tink-a-Tako - Potranco,212,10/2/25 11:02 AM,1,Ivana Abundiz,,0.00,7.03,0.58,0.00,0.00
Tink-a-Tako - Potranco,213,10/2/25 11:02 AM,1,Daniela Torres,,0.00,9.76,0.81,0.00,0.00
Tink-a-Tako - Potranco,215,10/2/25 11:03 AM,1,Ivana Abundiz,,0.00,8.97,0.74,0.00,0.00
Tink-a-Tako - Potranco,217,10/2/25 11:04 AM,1,Daniela Torres,,0.40,6.57,0.55,1.39,0.00
Tink-a-Tako - Potranco,216,10/2/25 11:03 AM,2,Esperansa Caviedes,10,0.00,34.58,2.85,7.00,0.00
Tink-a-Tako - Potranco,218,10/2/25 11:04 AM,1,Daniela Torres,,0.00,2.99,0.25,0.00,0.00
Tink-a-Tako - Potranco,219,10/2/25 11:11 AM,1,Daniela Torres,,0.00,9.42,0.77,2.07,0.00
Tink-a-Tako - Potranco,220,10/2/25 11:11 AM,1,Daniela Torres,,0.00,8.36,0.69,0.00,0.00
Tink-a-Tako - Potranco,222,10/2/25 11:15 AM,1,Isabel Cisneros,25,0.00,7.72,0.63,4.00,0.00
Tink-a-Tako - Potranco,223,10/2/25 11:15 AM,1,Esperansa Caviedes,32,0.00,13.68,1.12,0.00,0.00
Tink-a-Tako - Potranco,221,10/2/25 11:13 AM,1,Daniela Torres,,0.00,8.47,0.70,0.00,0.00
Tink-a-Tako - Potranco,224,10/2/25 11:18 AM,1,Daniela Torres,,0.00,10.26,0.84,0.00,0.00
Tink-a-Tako - Potranco,227,10/2/25 11:19 AM,1,Esperansa Caviedes,26,0.00,15.69,1.29,4.00,0.00
Tink-a-Tako - Potranco,226,10/2/25 11:19 AM,1,Mayra Luna,,41.32,0.00,0.00,0.00,0.00
Tink-a-Tako - Potranco,228,10/2/25 11:20 AM,2,Maria Majana,33,0.00,0.00,0.00,0.00,0.00
Tink-a-Tako - Potranco,229,10/2/25 11:24 AM,1,Ivana Abundiz,,0.00,12.99,1.07,0.00,0.00
Tink-a-Tako - Potranco,230,10/2/25 11:24 AM,2,Maria Majana,33,0.00,13.75,1.13,0.00,0.00
Tink-a-Tako - Potranco,231,10/2/25 11:25 AM,1,Daniela Torres,,0.00,19.41,1.60,0.00,0.00
Tink-a-Tako - Potranco,232,10/2/25 11:28 AM,2,Norma Vasquez,18,0.00,36.52,3.03,3.00,0.00
Tink-a-Tako - Potranco,234,10/2/25 11:30 AM,1,Daniela Torres,,0.00,7.38,0.61,0.00,0.00
Tink-a-Tako - Potranco,233,10/2/25 11:30 AM,1,Isabel Cisneros,,0.00,7.98,0.66,0.00,0.00
Tink-a-Tako - Potranco,236,10/2/25 11:31 AM,1,Ivana Abundiz,,0.00,20.76,1.72,0.00,0.00
Tink-a-Tako - Potranco,237,10/2/25 11:31 AM,1,Esperansa Caviedes,24,0.00,0.00,0.00,0.00,0.00
Tink-a-Tako - Potranco,238,10/2/25 11:32 AM,1,Isabel Cisneros,24,0.00,10.37,0.86,0.00,0.00
Tink-a-Tako - Potranco,235,10/2/25 11:30 AM,1,Daniela Torres,,0.00,15.96,1.32,0.00,0.00
Tink-a-Tako - Potranco,240,10/2/25 11:32 AM,1,Daniela Torres,,0.00,6.48,0.54,1.43,0.00
Tink-a-Tako - Potranco,241,10/2/25 11:33 AM,1,Daniela Torres,,0.00,7.03,0.58,0.00,0.00
Tink-a-Tako - Potranco,242,10/2/25 11:34 AM,1,Daniela Torres,,0.00,9.67,0.79,0.00,0.00
Tink-a-Tako - Potranco,243,10/2/25 11:35 AM,1,Daniela Torres,,0.00,16.74,1.37,2.51,0.00
Tink-a-Tako - Potranco,245,10/2/25 11:41 AM,1,Ivana Abundiz,,0.00,2.79,0.23,0.00,0.00
Tink-a-Tako - Potranco,244,10/2/25 11:40 AM,1,Daniela Torres,,0.00,13.65,1.13,0.00,0.00
Tink-a-Tako - Potranco,247,10/2/25 11:46 AM,1,Ivana Abundiz,,0.00,12.26,1.02,0.00,0.00
Tink-a-Tako - Potranco,248,10/2/25 11:47 AM,1,Daniela Torres,,0.00,11.16,0.92,0.00,0.00
Tink-a-Tako - Potranco,249,10/2/25 11:47 AM,1,Daniela Torres,,0.00,2.99,0.25,0.00,0.00
Tink-a-Tako - Potranco,251,10/2/25 11:53 AM,1,Daniela Torres,,0.00,7.37,0.60,0.00,0.00
Tink-a-Tako - Potranco,252,10/2/25 11:53 AM,1,Daniela Torres,,0.00,14.76,1.22,0.00,0.00
Tink-a-Tako - Potranco,254,10/2/25 11:55 AM,2,Norma Vasquez,17,0.00,17.95,1.48,7.57,0.00
Tink-a-Tako - Potranco,255,10/2/25 11:56 AM,1,Daniela Torres,,0.00,6.98,0.57,0.00,0.00
Tink-a-Tako - Potranco,246,10/2/25 11:45 AM,4,Maria Majana,24,0.00,84.36,6.94,6.00,0.00
Tink-a-Tako - Potranco,257,10/2/25 11:58 AM,1,Daniela Torres,,0.00,34.72,2.84,0.00,0.00
Tink-a-Tako - Potranco,256,10/2/25 11:57 AM,2,Maria Majana,9,0.00,46.04,3.80,0.00,0.00
Tink-a-Tako - Potranco,258,10/2/25 11:58 AM,1,Daniela Torres,,0.00,18.97,1.56,0.00,0.00
Tink-a-Tako - Potranco,259,10/2/25 11:59 AM,1,Daniela Torres,,0.00,8.99,0.74,0.00,0.00
Tink-a-Tako - Potranco,260,10/2/25 12:02 PM,1,Daniela Torres,,0.00,4.49,0.37,0.00,0.00
Tink-a-Tako - Potranco,261,10/2/25 12:02 PM,3,Norma Vasquez,7,0.00,42.18,3.48,7.00,0.00
Tink-a-Tako - Potranco,263,10/2/25 12:03 PM,1,Daniela Torres,,0.00,8.78,0.72,0.00,0.00
Tink-a-Tako - Potranco,262,10/2/25 12:02 PM,2,Esperansa Caviedes,10,0.00,19.96,1.65,0.00,0.00
Tink-a-Tako - Potranco,264,10/2/25 12:03 PM,2,Isabel Cisneros,33,1.10,32.11,2.64,0.00,0.00
Tink-a-Tako - Potranco,266,10/2/25 12:04 PM,3,Maria Majana,11,0.00,56.12,4.62,10.00,0.00
Tink-a-Tako - Potranco,267,10/2/25 12:08 PM,1,Daniela Torres,,0.00,20.95,1.73,0.00,0.00
Tink-a-Tako - Potranco,268,10/2/25 12:08 PM,1,Daniela Torres,,0.00,0.00,0.00,0.00,0.00
Tink-a-Tako - Potranco,269,10/2/25 12:09 PM,1,Daniela Torres,,1.59,14.28,1.19,5.00,0.00
Tink-a-Tako - Potranco,270,10/2/25 12:12 PM,2,Isabel Cisneros,37,0.00,34.92,2.87,5.00,0.00
Tink-a-Tako - Potranco,271,10/2/25 12:12 PM,1,Daniela Torres,,0.00,45.62,3.77,0.00,0.00
Tink-a-Tako - Potranco,273,10/2/25 12:12 PM,1,Daniela Torres,,0.40,3.58,0.30,0.00,0.00
Tink-a-Tako - Potranco,272,10/2/25 12:12 PM,1,Ivana Abundiz,,0.00,21.37,1.76,0.00,0.00
Tink-a-Tako - Potranco,274,10/2/25 12:13 PM,1,Daniela Torres,,0.00,36.04,2.97,0.00,0.00
Tink-a-Tako - Potranco,275,10/2/25 12:15 PM,2,Norma Vasquez,32,0.00,54.94,4.51,5.00,0.00
Tink-a-Tako - Potranco,276,10/2/25 12:17 PM,1,Daniela Torres,,0.00,7.27,0.60,0.00,0.00
Tink-a-Tako - Potranco,277,10/2/25 12:17 PM,1,Daniela Torres,,0.00,15.77,1.29,0.00,0.00
Tink-a-Tako - Potranco,280,10/2/25 12:26 PM,2,Isabel Cisneros,15,0.00,32.54,2.68,0.00,0.00
Tink-a-Tako - Potranco,278,10/2/25 12:19 PM,1,Daniela Torres,,1.64,21.61,1.78,3.49,0.00
Tink-a-Tako - Potranco,284,10/2/25 12:29 PM,1,Esperansa Caviedes,18,0.00,31.37,2.57,5.00,0.00
Tink-a-Tako - Potranco,283,10/2/25 12:29 PM,1,Norma Vasquez,19,0.00,18.16,1.50,2.34,0.00
Tink-a-Tako - Potranco,285,10/2/25 12:31 PM,1,Ivana Abundiz,,0.00,2.29,0.19,0.00,0.00
Tink-a-Tako - Potranco,286,10/2/25 12:31 PM,1,Isabel Cisneros,39,0.00,10.17,0.84,0.00,0.00
Tink-a-Tako - Potranco,281,10/2/25 12:27 PM,1,Daniela Torres,,0.00,10.76,0.89,0.00,0.00
Tink-a-Tako - Potranco,287,10/2/25 12:35 PM,1,Esperansa Caviedes,26,0.00,15.68,1.28,3.00,0.00
Tink-a-Tako - Potranco,288,10/2/25 12:35 PM,1,Daniela Torres,,0.00,0.00,0.00,0.00,0.00
Tink-a-Tako - Potranco,293,10/2/25 12:39 PM,1,Ivana Abundiz,,0.00,23.98,1.98,0.00,0.00
Tink-a-Tako - Potranco,292,10/2/25 12:39 PM,4,Norma Vasquez,23,0.00,45.28,3.74,0.00,0.00
Tink-a-Tako - Potranco,295,10/2/25 12:41 PM,1,Daniela Torres,,0.00,9.65,0.80,0.00,0.00
Tink-a-Tako - Potranco,294,10/2/25 12:39 PM,1,Daniela Torres,,0.84,11.22,0.93,0.00,0.00
Tink-a-Tako - Potranco,298,10/2/25 12:44 PM,1,Daniela Torres,,0.00,17.35,1.44,0.00,0.00
Tink-a-Tako - Potranco,299,10/2/25 12:48 PM,1,Daniela Torres,,0.00,6.38,0.52,0.00,0.00
Tink-a-Tako - Potranco,300,10/2/25 12:51 PM,1,Daniela Torres,,0.88,7.90,0.65,0.00,0.00
Tink-a-Tako - Potranco,301,10/2/25 12:52 PM,1,Daniela Torres,,0.00,2.29,0.19,0.00,0.00
Tink-a-Tako - Potranco,303,10/2/25 12:57 PM,1,Maria Majana,9,0.00,35.88,2.95,0.00,0.00
Tink-a-Tako - Potranco,304,10/2/25 1:00 PM,1,Daniela Torres,,0.00,4.99,0.41,0.00,0.00
Tink-a-Tako - Potranco,305,10/2/25 1:00 PM,1,Daniela Torres,,0.00,10.38,0.86,0.00,0.00
Tink-a-Tako - Potranco,306,10/2/25 1:01 PM,1,Daniela Torres,,0.00,25.98,2.14,0.00,0.00
Tink-a-Tako - Potranco,307,10/2/25 1:04 PM,1,Ivana Abundiz,,0.00,9.49,0.78,0.00,0.00
Tink-a-Tako - Potranco,308,10/2/25 1:05 PM,1,Daniela Torres,,0.00,7.94,0.65,0.00,0.00
Tink-a-Tako - Potranco,310,10/2/25 1:06 PM,3,Isabel Cisneros,11,0.00,42.86,3.53,0.00,0.00
Tink-a-Tako - Potranco,311,10/2/25 1:17 PM,1,Daniela Torres,,0.00,12.99,1.07,0.00,0.00
Tink-a-Tako - Potranco,312,10/2/25 1:21 PM,1,Daniela Torres,,0.00,5.58,0.46,0.00,0.00
Tink-a-Tako - Potranco,296,10/2/25 12:42 PM,1,Daniela Torres,,0.00,5.97,0.49,0.00,0.00
Tink-a-Tako - Potranco,315,10/2/25 1:42 PM,1,Daniela Torres,,0.00,7.98,0.66,0.00,0.00
Tink-a-Tako - Potranco,316,10/2/25 1:43 PM,5,Esperansa Caviedes,31,0.00,54.65,4.48,0.00,0.00
Tink-a-Tako - Potranco,317,10/2/25 1:45 PM,1,Daniela Torres,,0.00,3.58,0.30,0.00,0.00
Tink-a-Tako - Potranco,318,10/2/25 1:46 PM,1,Daniela Torres,,0.00,29.43,2.42,0.00,0.00
Tink-a-Tako - Potranco,319,10/2/25 1:50 PM,1,Daniela Torres,,0.00,22.98,1.89,0.00,0.00
Tink-a-Tako - Potranco,320,10/2/25 1:58 PM,1,Daniela Torres,,0.00,9.98,0.82,0.00,0.00
Tink-a-Tako - Potranco,321,10/2/25 2:05 PM,1,Daniela Torres,,0.00,27.43,2.26,0.00,0.00
Tink-a-Tako - Potranco,323,10/2/25 2:08 PM,1,Daniela Torres,,0.00,12.99,1.07,3.00,0.00
Tink-a-Tako - Potranco,322,10/2/25 2:06 PM,1,Daniela Torres,,0.00,20.46,1.69,0.00,0.00
Tink-a-Tako - Potranco,325,10/2/25 2:13 PM,1,Sergio Abundiz,,0.00,0.00,0.00,0.00,0.00
Tink-a-Tako - Potranco,326,10/2/25 2:16 PM,1,Nadia  Reyes,,0.00,9.58,0.79,0.00,0.00
Tink-a-Tako - Potranco,327,10/2/25 2:17 PM,1,Nadia  Reyes,,0.00,8.44,0.69,0.00,0.00
Tink-a-Tako - Potranco,328,10/2/25 2:20 PM,1,Sergio Abundiz,,0.00,11.49,0.95,0.00,0.00
Tink-a-Tako - Potranco,329,10/2/25 2:23 PM,1,Nadia  Reyes,,5.40,3.87,0.32,1.00,0.00
Tink-a-Tako - Potranco,330,10/2/25 2:25 PM,1,Nadia  Reyes,,0.00,13.45,1.10,0.00,0.00
Tink-a-Tako - Potranco,331,10/2/25 2:32 PM,3,Sergio Abundiz,18,0.00,0.00,0.00,0.00,0.00
Tink-a-Tako - Potranco,332,10/2/25 2:34 PM,1,Juan  Camacho,35,0.00,27.97,2.31,6.00,0.00
Tink-a-Tako - Potranco,333,10/2/25 2:35 PM,1,Nadia  Reyes,,0.00,3.58,0.30,0.00,0.00
Tink-a-Tako - Potranco,334,10/2/25 2:35 PM,1,Nadia  Reyes,,0.00,12.98,1.07,0.00,0.00
Tink-a-Tako - Potranco,335,10/2/25 2:50 PM,2,Sergio Abundiz,32,0.00,25.96,2.13,3.91,0.00
Tink-a-Tako - Potranco,336,10/2/25 2:51 PM,1,Nadia  Reyes,,0.00,27.96,2.31,5.59,0.00
Tink-a-Tako - Potranco,337,10/2/25 2:52 PM,1,Nadia  Reyes,,0.00,26.34,2.17,0.00,0.00
Tink-a-Tako - Potranco,338,10/2/25 2:56 PM,1,Nadia  Reyes,,0.00,11.17,0.92,1.68,0.00
Tink-a-Tako - Potranco,339,10/2/25 3:00 PM,1,Sergio Abundiz,18,0.00,11.44,0.94,0.00,0.00
Tink-a-Tako - Potranco,340,10/2/25 3:00 PM,3,Juan  Camacho,25,0.00,35.34,2.90,5.00,0.00
Tink-a-Tako - Potranco,341,10/2/25 3:08 PM,1,Nadia  Reyes,,0.00,13.17,1.09,0.00,0.00
Tink-a-Tako - Potranco,342,10/2/25 3:14 PM,1,Nadia  Reyes,,0.00,9.57,0.79,2.11,0.00
Tink-a-Tako - Potranco,343,10/2/25 3:20 PM,2,Juan  Camacho,33,0.00,19.75,1.63,0.00,0.00
Tink-a-Tako - Potranco,344,10/2/25 3:21 PM,1,Nadia  Reyes,,0.00,27.06,2.23,0.00,0.00
Tink-a-Tako - Potranco,346,10/2/25 4:20 PM,1,Juan  Camacho,32,0.00,17.47,1.43,0.00,0.00
Tink-a-Tako - Potranco,347,10/2/25 4:21 PM,2,Sergio Abundiz,9,6.39,12.82,1.05,6.00,0.00
Tink-a-Tako - Potranco,345,10/2/25 4:18 PM,1,Nadia  Reyes,,0.00,31.00,2.55,0.00,0.00
Tink-a-Tako - Potranco,348,10/2/25 4:22 PM,1,Nadia  Reyes,,0.00,13.99,1.15,0.00,0.00
Tink-a-Tako - Potranco,349,10/2/25 4:22 PM,1,Nadia  Reyes,,0.00,21.98,1.81,0.00,0.00
Tink-a-Tako - Potranco,352,10/2/25 4:24 PM,1,Nadia  Reyes,,0.00,23.42,1.92,0.00,0.00
Tink-a-Tako - Potranco,351,10/2/25 4:23 PM,2,Juan  Camacho,25,0.00,24.11,1.98,5.00,0.00
Tink-a-Tako - Potranco,353,10/2/25 4:34 PM,1,Nadia  Reyes,,0.00,38.97,3.21,0.00,0.00
Tink-a-Tako - Potranco,354,10/2/25 4:38 PM,2,Sergio Abundiz,7,0.00,31.91,2.63,0.00,0.00
Tink-a-Tako - Potranco,355,10/2/25 4:39 PM,3,Sergio Abundiz,17,0.00,43.66,3.60,9.74,0.00
Tink-a-Tako - Potranco,356,10/2/25 4:41 PM,1,Nadia  Reyes,,0.00,21.79,1.79,0.00,0.00
Tink-a-Tako - Potranco,357,10/2/25 4:49 PM,2,Sergio Abundiz,18,1.60,21.82,1.80,0.00,0.00
Tink-a-Tako - Potranco,358,10/2/25 4:50 PM,1,Nadia  Reyes,,0.00,30.47,2.51,0.00,0.00
Tink-a-Tako - Potranco,359,10/2/25 4:53 PM,1,Nadia  Reyes,,1.46,16.26,1.35,2.66,0.00
Tink-a-Tako - Potranco,361,10/2/25 4:58 PM,1,Mayra Luna,39,0.00,0.00,0.00,0.00,0.00
Tink-a-Tako - Potranco,360,10/2/25 4:58 PM,1,Nadia  Reyes,,9.99,9.98,0.82,0.00,0.00
Tink-a-Tako - Potranco,362,10/2/25 5:04 PM,1,Juan  Camacho,,0.00,15.95,1.30,5.00,0.00
Tink-a-Tako - Potranco,363,10/2/25 5:08 PM,2,Sergio Abundiz,25,0.00,45.85,3.78,6.00,0.00
Tink-a-Tako - Potranco,364,10/2/25 5:11 PM,1,Nadia  Reyes,,0.00,11.87,0.98,2.37,0.00
Tink-a-Tako - Potranco,365,10/2/25 5:12 PM,1,Nadia  Reyes,,0.00,16.98,1.40,0.00,0.00
Tink-a-Tako - Potranco,366,10/2/25 5:12 PM,1,Nadia  Reyes,,0.00,7.38,0.61,0.00,0.00
Tink-a-Tako - Potranco,367,10/2/25 5:18 PM,1,Nadia  Reyes,,0.00,40.96,3.38,0.00,0.00
Tink-a-Tako - Potranco,369,10/2/25 5:25 PM,1,Brianna  Arias ,,21.09,0.00,0.00,0.00,0.00
Tink-a-Tako - Potranco,368,10/2/25 5:25 PM,1,Mayra Luna,,0.00,60.94,5.02,0.00,0.00
Tink-a-Tako - Potranco,370,10/2/25 5:30 PM,1,Nadia  Reyes,,0.00,12.99,1.07,1.95,0.00
Tink-a-Tako - Potranco,371,10/2/25 5:31 PM,1,Nadia  Reyes,,0.00,19.68,1.62,3.94,0.00
Tink-a-Tako - Potranco,372,10/2/25 5:38 PM,2,Sergio Abundiz,32,0.00,39.00,3.20,0.00,0.00
Tink-a-Tako - Potranco,373,10/2/25 5:47 PM,1,Nadia  Reyes,,0.00,37.96,3.13,0.00,0.00
Tink-a-Tako - Potranco,374,10/2/25 5:49 PM,1,Nadia  Reyes,,0.00,25.97,2.14,0.00,0.00
Tink-a-Tako - Potranco,375,10/2/25 5:59 PM,1,Nadia  Reyes,,0.00,24.36,2.01,0.00,0.00
Tink-a-Tako - Potranco,376,10/2/25 6:05 PM,1,Nadia  Reyes,,0.00,25.48,2.10,0.00,0.00
Tink-a-Tako - Potranco,377,10/2/25 6:07 PM,1,Nadia  Reyes,,0.00,6.28,0.52,0.00,0.00
Tink-a-Tako - Potranco,378,10/2/25 6:12 PM,1,Nadia  Reyes,,0.00,7.99,0.66,0.00,0.00
Tink-a-Tako - Potranco,380,10/2/25 6:15 PM,2,Sergio Abundiz,23,0.00,43.96,3.62,10.00,0.00
Tink-a-Tako - Potranco,381,10/2/25 6:16 PM,2,Sergio Abundiz,20,0.00,40.46,3.34,13.00,0.00
Tink-a-Tako - Potranco,382,10/2/25 6:16 PM,2,Juan  Camacho,9,0.00,43.41,3.58,10.00,0.00
Tink-a-Tako - Potranco,379,10/2/25 6:15 PM,1,Nadia  Reyes,,0.00,26.27,2.16,2.80,0.00
Tink-a-Tako - Potranco,383,10/2/25 6:19 PM,1,Nadia  Reyes,,0.00,11.83,0.97,0.00,0.00
Tink-a-Tako - Potranco,384,10/2/25 6:22 PM,3,Juan  Camacho,31,0.00,48.14,3.96,10.00,0.00
Tink-a-Tako - Potranco,385,10/2/25 6:26 PM,1,Juan  Camacho,,0.00,19.77,1.63,0.00,0.00
Tink-a-Tako - Potranco,386,10/2/25 6:30 PM,2,Juan  Camacho,7,0.00,70.05,5.77,25.00,0.00
Tink-a-Tako - Potranco,387,10/2/25 6:36 PM,1,Nadia  Reyes,,0.00,16.82,1.37,0.00,0.00
Tink-a-Tako - Potranco,388,10/2/25 6:38 PM,1,Nadia  Reyes,,1.75,15.73,1.30,0.00,0.00
Tink-a-Tako - Potranco,389,10/2/25 6:52 PM,1,Nadia  Reyes,,0.00,7.77,0.63,0.00,0.00
Tink-a-Tako - Potranco,390,10/2/25 6:53 PM,1,Nadia  Reyes,,0.00,32.93,2.72,0.00,0.00
Tink-a-Tako - Potranco,391,10/2/25 7:04 PM,1,Nadia  Reyes,,1.08,9.70,0.80,0.00,0.00
Tink-a-Tako - Potranco,392,10/2/25 7:08 PM,3,Juan  Camacho,2,0.00,44.58,3.67,10.00,0.00
Tink-a-Tako - Potranco,394,10/2/25 7:13 PM,1,Sergio Abundiz,40,0.00,13.98,1.15,0.00,0.00
Tink-a-Tako - Potranco,393,10/2/25 7:13 PM,2,Juan  Camacho,25,0.00,36.11,2.97,5.00,0.00
Tink-a-Tako - Potranco,395,10/2/25 7:15 PM,1,Nadia  Reyes,,0.00,6.78,0.56,0.00,0.00
Tink-a-Tako - Potranco,396,10/2/25 7:17 PM,2,Sergio Abundiz,38,0.00,28.22,2.33,0.00,0.00
Tink-a-Tako - Potranco,398,10/2/25 7:21 PM,4,Juan  Camacho,34,0.00,45.52,3.74,20.00,0.00
Tink-a-Tako - Potranco,399,10/2/25 7:23 PM,2,Sergio Abundiz,24,0.00,17.96,1.48,0.00,0.00
Tink-a-Tako - Potranco,397,10/2/25 7:17 PM,1,Nadia  Reyes,,0.00,21.98,1.82,0.00,0.00
Tink-a-Tako - Potranco,400,10/2/25 7:25 PM,1,Nadia  Reyes,,0.00,5.37,0.44,1.18,0.00
Tink-a-Tako - Potranco,401,10/2/25 7:44 PM,3,Sergio Abundiz,9,0.00,52.35,4.32,10.47,0.00
Tink-a-Tako - Potranco,402,10/2/25 7:45 PM,1,Nadia  Reyes,,0.00,13.86,1.13,3.05,0.00
Tink-a-Tako - Potranco,403,10/2/25 7:47 PM,2,Juan  Camacho,23,0.00,24.98,2.06,0.00,0.00
Tink-a-Tako - Potranco,404,10/2/25 7:58 PM,1,Sergio Abundiz,,0.00,0.00,0.00,0.00,0.00
Tink-a-Tako - Potranco,405,10/2/25 8:04 PM,4,Juan  Camacho,35,0.00,48.13,3.98,5.00,0.00
Tink-a-Tako - Potranco,406,10/2/25 8:05 PM,1,Nadia  Reyes,,0.00,16.98,1.40,2.00,0.00
Tink-a-Tako - Potranco,407,10/2/25 8:12 PM,2,Sergio Abundiz,32,0.00,39.77,3.27,10.00,0.00
Tink-a-Tako - Potranco,408,10/2/25 8:31 PM,1,Nadia  Reyes,,3.90,9.09,0.75,0.00,0.00
Tink-a-Tako - Potranco,409,10/2/25 8:40 PM,1,Juan  Camacho,,0.00,10.95,0.90,3.00,0.00
Tink-a-Tako - Potranco,410,10/2/25 8:52 PM,1,Nadia  Reyes,,0.00,24.45,2.02,0.00,0.00
Tink-a-Tako - Potranco,411,10/2/25 9:46 PM,1,Sergio Abundiz,,0.00,19.16,1.58,1.00,0.00
