,Location,Employee,Job Title,In Date,Shift Closed Date,Out Date,Hours,Cash Tips Decl.,Cash on Hand,Cash in Drawer,Non-Cash Tips,Cash Gratuity,Non-Cash Gratuity,Tips Withheld,Non-Cash Sales,Cash Sales,Total Sales,Cash Collected?,Tips Paid?,Open,Paid,Closed,Tip Share Total
800000030257660621,Tink-a-Tako - Potranco,Daniela Torres,Drive-Thru,10/2/25 6:03 AM,10/2/25 2:18 PM,10/2/25 2:20 PM,8.28,,597.30,0.00,59.32,0.00,0.00,0.00,1800.64,597.30,2397.94,yes,yes,0,0,184,0.00
800000030257701691,Tink-a-Tako - Potranco,Norma Vasquez,Server,10/2/25 6:11 AM,10/2/25 1:24 PM,10/2/25 1:24 PM,7.22,,190.40,0.00,60.63,0.00,0.00,0.00,449.58,190.40,639.98,yes,yes,0,0,29,0.00
800000030258568897,Tink-a-Tako - Potranco,Esperansa Caviedes,Server,10/2/25 7:33 AM,10/2/25 2:22 PM,10/2/25 2:22 PM,6.81,,147.85,0.00,76.81,0.00,0.00,0.00,310.32,147.85,458.17,yes,yes,0,0,20,0.00
800000030258629981,Tink-a-Tako - Potranco,Isabel Cisneros,Server,10/2/25 7:37 AM,10/2/25 2:25 PM,10/2/25 2:28 PM,6.84,,22.24,0.00,40.10,0.00,0.00,0.00,442.43,22.24,464.67,yes,yes,0,0,20,0.00
800000030258924027,Tink-a-Tako - Potranco,Ivana Abundiz,Host,10/2/25 7:55 AM,10/2/25 2:03 PM,10/2/25 2:19 PM,6.40,,0.00,116.36,53.00,0.00,0.00,0.00,285.32,116.36,401.68,yes,yes,0,0,19,0.00
800000030258985760,Tink-a-Tako - Potranco,Maria Majana,Server,10/2/25 7:59 AM,10/2/25 2:20 PM,10/2/25 2:20 PM,6.36,,117.82,0.00,33.98,0.00,0.00,0.00,283.68,117.82,401.50,yes,yes,0,0,16,0.00
800000030269140353,Tink-a-Tako - Potranco,Sergio Abundiz,Server,10/2/25 1:34 PM,10/2/25 9:50 PM,10/2/25 10:09 PM,8.57,,140.31,0.00,70.12,0.00,0.00,0.00,400.67,140.31,540.98,yes,yes,0,0,17,0.00
800000030269814582,Tink-a-Tako - Potranco,Juan  Camacho,Server,10/2/25 1:54 PM,10/2/25 9:41 PM,10/2/25 10:11 PM,8.29,,18.90,0.00,109.00,0.00,0.00,0.00,557.14,18.90,576.04,yes,yes,0,0,16,0.00
800000030269964053,Tink-a-Tako - Potranco,Jesus Calderon,Cook,10/2/25 1:58 PM,10/2/25 9:57 PM,10/2/25 9:57 PM,7.99,,0.00,0.00,0.00,0.00,0.00,0.00,0.00,0.00,0.00,yes,yes,0,0,0,0.00
800000030270065347,Tink-a-Tako - Potranco,Mayra Luna,Shift Manager / Assistant Manager,10/2/25 6:30 AM,10/2/25 10:02 PM,10/2/25 2:00 PM,7.50,,0.00,0.00,0.00,0.00,0.00,0.00,65.96,0.00,65.96,yes,yes,0,0,4,0.00
800000030270467873,Tink-a-Tako - Potranco,Nadia  Reyes,Drive-Thru,10/2/25 2:12 PM,10/2/25 9:51 PM,10/2/25 10:00 PM,7.79,,210.75,0.00,30.33,0.00,0.00,0.00,690.32,210.75,901.07,yes,yes,0,0,47,0.00
800000030274182771,Tink-a-Tako - Potranco,Jonathan Rueda,Busser,10/2/25 4:03 PM,10/2/25 9:17 PM,10/2/25 9:17 PM,5.24,,0.00,0.00,0.00,0.00,0.00,0.00,0.00,0.00,0.00,yes,yes,0,0,0,0.00
