Location,Server,Check #,Table,Station,Expediter Level,Fired Date,Fulfilled Date,Fulfillment Time,Fulfilled By
Tink-a-Tako - Potranco,Candy  Del angel ,1,,Lobby,,9/26/25 6:39 AM,9/26/25 6:42 AM,3 minutes and 51 seconds,Mayra Luna
Tink-a-Tako - Potranco,Candy  Del angel ,2,,Lobby,,9/26/25 6:39 AM,9/26/25 6:46 AM,6 minutes and 35 seconds,Mayra Luna
Tink-a-Tako - Potranco,Candy  Del angel ,4,,Lobby,,9/26/25 6:43 AM,9/26/25 6:48 AM,4 minutes and 42 seconds,Mayra Luna
Tink-a-Tako - Potranco,Norma Vasquez,7,37,Lobby,,9/26/25 6:48 AM,9/26/25 6:50 AM,2 minutes and 38 seconds,Mayra Luna
Tink-a-Tako - Potranco,Candy  Del angel ,5,,Lobby,,9/26/25 6:46 AM,9/26/25 6:53 AM,7 minutes and 20 seconds,Mayra Luna
Tink-a-Tako - Potranco,Candy  Del angel ,6,,Lobby,,9/26/25 6:47 AM,9/26/25 6:55 AM,8 minutes and 11 seconds,Mayra Luna
Tink-a-Tako - Potranco,Candy  Del angel ,8,,Lobby,,9/26/25 6:48 AM,9/26/25 6:57 AM,8 minutes and 58 seconds,Mayra Luna
Tink-a-Tako - Potranco,Norma Vasquez,3,,Lobby,,9/26/25 6:40 AM,9/26/25 6:58 AM,17 minutes and 52 seconds,Mayra Luna
Tink-a-Tako - Potranco,Norma Vasquez,14,24,Lobby,,9/26/25 6:59 AM,9/26/25 7:01 AM,2 minutes and 25 seconds,Mayra Luna
Tink-a-Tako - Potranco,Candy  Del angel ,9,,Lobby,,9/26/25 6:51 AM,9/26/25 7:02 AM,10 minutes and 55 seconds,Mayra Luna
Tink-a-Tako - Potranco,Candy  Del angel ,10,,Lobby,,9/26/25 6:53 AM,9/26/25 7:03 AM,10 minutes and 19 seconds,Mayra Luna
Tink-a-Tako - Potranco,Norma Vasquez,12,,Lobby,,9/26/25 6:53 AM,9/26/25 7:05 AM,11 minutes and 24 seconds,Mayra Luna
Tink-a-Tako - Potranco,Norma Vasquez,7,37,,2,9/26/25 6:50 AM,9/26/25 7:05 AM,15 minutes and 5 seconds,Zoila Salinas
Tink-a-Tako - Potranco,Norma Vasquez,12,,,2,9/26/25 7:05 AM,9/26/25 7:05 AM,31 seconds,Zoila Salinas
Tink-a-Tako - Potranco,Norma Vasquez,7,37,Lobby,,9/26/25 7:04 AM,9/26/25 7:07 AM,2 minutes and 50 seconds,Mayra Luna
Tink-a-Tako - Potranco,Candy  Del angel ,13,,Lobby,,9/26/25 6:57 AM,9/26/25 7:07 AM,9 minutes and 24 seconds,Mayra Luna
Tink-a-Tako - Potranco,Norma Vasquez,3,,,2,9/26/25 6:58 AM,9/26/25 7:15 AM,16 minutes and 32 seconds,Zoila Salinas
Tink-a-Tako - Potranco,Norma Vasquez,14,24,,2,9/26/25 7:01 AM,9/26/25 7:15 AM,13 minutes and 50 seconds,Zoila Salinas
Tink-a-Tako - Potranco,Norma Vasquez,7,37,,2,9/26/25 7:07 AM,9/26/25 7:15 AM,8 minutes and 23 seconds,Zoila Salinas
Tink-a-Tako - Potranco,Norma Vasquez,19,26,Lobby,,9/26/25 7:15 AM,9/26/25 7:18 AM,3 minutes and 43 seconds,Mayra Luna
Tink-a-Tako - Potranco,Candy  Del angel ,15,,Lobby,,9/26/25 7:12 AM,9/26/25 7:20 AM,7 minutes and 30 seconds,Mayra Luna
Tink-a-Tako - Potranco,Candy  Del angel ,15,,Lobby,,9/26/25 7:13 AM,9/26/25 7:21 AM,7 minutes and 39 seconds,Mayra Luna
Tink-a-Tako - Potranco,Norma Vasquez,19,26,,2,9/26/25 7:18 AM,9/26/25 7:21 AM,2 minutes and 37 seconds,Zoila Salinas
Tink-a-Tako - Potranco,Candy  Del angel ,17,,Lobby,,9/26/25 7:14 AM,9/26/25 7:22 AM,8 minutes and 1 second,Mayra Luna
Tink-a-Tako - Potranco,Norma Vasquez,7,37,Lobby,,9/26/25 7:20 AM,9/26/25 7:23 AM,2 minutes and 45 seconds,Mayra Luna
Tink-a-Tako - Potranco,Candy  Del angel ,18,,Lobby,,9/26/25 7:15 AM,9/26/25 7:24 AM,8 minutes and 43 seconds,Mayra Luna
Tink-a-Tako - Potranco,Norma Vasquez,16,11,Lobby,,9/26/25 7:13 AM,9/26/25 7:24 AM,10 minutes and 23 seconds,Mayra Luna
Tink-a-Tako - Potranco,Norma Vasquez,16,11,Prep,,9/26/25 7:13 AM,9/26/25 7:24 AM,10 minutes and 23 seconds,Mayra Luna
Tink-a-Tako - Potranco,Norma Vasquez,16,11,Tortillero,,9/26/25 7:13 AM,9/26/25 7:24 AM,10 minutes and 23 seconds,Mayra Luna
Tink-a-Tako - Potranco,Norma Vasquez,16,11,Lobby,,9/26/25 7:22 AM,9/26/25 7:25 AM,2 minutes and 50 seconds,Mayra Luna
Tink-a-Tako - Potranco,Candy  Del angel ,20,,Lobby,,9/26/25 7:15 AM,9/26/25 7:25 AM,9 minutes and 51 seconds,Mayra Luna
Tink-a-Tako - Potranco,Candy  Del angel ,21,,Lobby,,9/26/25 7:17 AM,9/26/25 7:27 AM,10 minutes and 1 second,Mayra Luna
Tink-a-Tako - Potranco,Norma Vasquez,22,,Lobby,,9/26/25 7:24 AM,9/26/25 7:29 AM,4 minutes and 20 seconds,Mayra Luna
Tink-a-Tako - Potranco,Candy  Del angel ,23,,Lobby,,9/26/25 7:24 AM,9/26/25 7:29 AM,4 minutes and 37 seconds,Mayra Luna
Tink-a-Tako - Potranco,Norma Vasquez,16,11,,2,9/26/25 7:25 AM,9/26/25 7:30 AM,5 minutes and 3 seconds,Zoila Salinas
Tink-a-Tako - Potranco,Candy  Del angel ,24,,Lobby,,9/26/25 7:28 AM,9/26/25 7:30 AM,2 minutes and 21 seconds,Mayra Luna
Tink-a-Tako - Potranco,Candy  Del angel ,25,,Lobby,,9/26/25 7:30 AM,9/26/25 7:32 AM,1 minute and 51 seconds,Mayra Luna
Tink-a-Tako - Potranco,Norma Vasquez,7,37,,2,9/26/25 7:23 AM,9/26/25 7:34 AM,10 minutes and 54 seconds,Zoila Salinas
Tink-a-Tako - Potranco,Norma Vasquez,16,11,,2,9/26/25 7:24 AM,9/26/25 7:34 AM,9 minutes and 58 seconds,Zoila Salinas
Tink-a-Tako - Potranco,Norma Vasquez,22,,,2,9/26/25 7:29 AM,9/26/25 7:34 AM,5 minutes and 11 seconds,Zoila Salinas
Tink-a-Tako - Potranco,Norma Vasquez,26,18,Lobby,,9/26/25 7:29 AM,9/26/25 7:36 AM,6 minutes and 15 seconds,Mayra Luna
Tink-a-Tako - Potranco,Norma Vasquez,30,,Lobby,,9/26/25 7:32 AM,9/26/25 7:36 AM,4 minutes and 9 seconds,Mayra Luna
Tink-a-Tako - Potranco,Candy  Del angel ,29,,Lobby,,9/26/25 7:33 AM,9/26/25 7:40 AM,7 minutes and 20 seconds,Mayra Luna
Tink-a-Tako - Potranco,Candy  Del angel ,28,,Lobby,,9/26/25 7:31 AM,9/26/25 7:41 AM,9 minutes and 12 seconds,Mayra Luna
Tink-a-Tako - Potranco,Candy  Del angel ,32,,Lobby,,9/26/25 7:35 AM,9/26/25 7:41 AM,6 minutes and 22 seconds,Mayra Luna
Tink-a-Tako - Potranco,Norma Vasquez,27,,Lobby,,9/26/25 7:32 AM,9/26/25 7:42 AM,10 minutes and 19 seconds,Mayra Luna
Tink-a-Tako - Potranco,Candy  Del angel ,33,,Lobby,,9/26/25 7:38 AM,9/26/25 7:43 AM,5 minutes and 40 seconds,Mayra Luna
Tink-a-Tako - Potranco,Candy  Del angel ,34,,Prep,,9/26/25 7:39 AM,9/26/25 7:46 AM,6 minutes and 36 seconds,Mayra Luna
Tink-a-Tako - Potranco,Candy  Del angel ,34,,Lobby,,9/26/25 7:39 AM,9/26/25 7:46 AM,6 minutes and 36 seconds,Mayra Luna
Tink-a-Tako - Potranco,Candy  Del angel ,34,,Tortillero,,9/26/25 7:39 AM,9/26/25 7:46 AM,6 minutes and 36 seconds,Mayra Luna
Tink-a-Tako - Potranco,Norma Vasquez,37,25,Lobby,,9/26/25 7:41 AM,9/26/25 7:46 AM,4 minutes and 52 seconds,Mayra Luna
Tink-a-Tako - Potranco,Norma Vasquez,26,18,,2,9/26/25 7:36 AM,9/26/25 7:47 AM,10 minutes and 52 seconds,Zoila Salinas
Tink-a-Tako - Potranco,Norma Vasquez,27,,,2,9/26/25 7:42 AM,9/26/25 7:47 AM,4 minutes and 37 seconds,Zoila Salinas
Tink-a-Tako - Potranco,Norma Vasquez,30,,,2,9/26/25 7:36 AM,9/26/25 7:47 AM,10 minutes and 8 seconds,Zoila Salinas
Tink-a-Tako - Potranco,Norma Vasquez,37,25,,2,9/26/25 7:46 AM,9/26/25 7:47 AM,50 seconds,Zoila Salinas
Tink-a-Tako - Potranco,Rosie  ORDONEZ,36,,Lobby,,9/26/25 7:40 AM,9/26/25 7:48 AM,8 minutes and 17 seconds,Mayra Luna
Tink-a-Tako - Potranco,Candy  Del angel ,38,,Lobby,,9/26/25 7:42 AM,9/26/25 7:50 AM,7 minutes and 17 seconds,Mayra Luna
Tink-a-Tako - Potranco,Norma Vasquez,37,25,Lobby,,9/26/25 7:47 AM,9/26/25 7:51 AM,3 minutes and 43 seconds,Mayra Luna
Tink-a-Tako - Potranco,Candy  Del angel ,39,,Lobby,,9/26/25 7:43 AM,9/26/25 7:51 AM,7 minutes and 23 seconds,Mayra Luna
Tink-a-Tako - Potranco,Candy  Del angel ,40,,Lobby,,9/26/25 7:46 AM,9/26/25 7:52 AM,5 minutes and 34 seconds,Mayra Luna
Tink-a-Tako - Potranco,Candy  Del angel ,41,,Lobby,,9/26/25 7:46 AM,9/26/25 7:53 AM,6 minutes and 35 seconds,Mayra Luna
Tink-a-Tako - Potranco,Candy  Del angel ,43,,Lobby,,9/26/25 7:50 AM,9/26/25 7:55 AM,4 minutes and 12 seconds,Mayra Luna
Tink-a-Tako - Potranco,Candy  Del angel ,42,,Lobby,,9/26/25 7:49 AM,9/26/25 7:56 AM,6 minutes and 34 seconds,Mayra Luna
Tink-a-Tako - Potranco,Candy  Del angel ,45,,Lobby,,9/26/25 7:55 AM,9/26/25 7:57 AM,1 minute and 58 seconds,Mayra Luna
Tink-a-Tako - Potranco,Candy  Del angel ,45,,Prep,,9/26/25 7:55 AM,9/26/25 7:57 AM,1 minute and 58 seconds,Mayra Luna
Tink-a-Tako - Potranco,Candy  Del angel ,39,,Lobby,,9/26/25 7:51 AM,9/26/25 7:57 AM,6 minutes and 27 seconds,Mayra Luna
Tink-a-Tako - Potranco,Maria Majana,44,,Lobby,,9/26/25 7:53 AM,9/26/25 7:58 AM,4 minutes and 53 seconds,Mayra Luna
Tink-a-Tako - Potranco,Candy  Del angel ,46,,Lobby,,9/26/25 7:55 AM,9/26/25 7:59 AM,4 minutes and 21 seconds,Mayra Luna
Tink-a-Tako - Potranco,Candy  Del angel ,47,,Lobby,,9/26/25 7:55 AM,9/26/25 8:00 AM,4 minutes and 34 seconds,Mayra Luna
Tink-a-Tako - Potranco,Candy  Del angel ,48,,Lobby,,9/26/25 7:56 AM,9/26/25 8:01 AM,5 minutes and 2 seconds,Mayra Luna
Tink-a-Tako - Potranco,Candy  Del angel ,49,,Prep,,9/26/25 7:57 AM,9/26/25 8:03 AM,6 minutes and 13 seconds,Mayra Luna
Tink-a-Tako - Potranco,Candy  Del angel ,49,,Lobby,,9/26/25 7:57 AM,9/26/25 8:03 AM,6 minutes and 13 seconds,Mayra Luna
Tink-a-Tako - Potranco,Candy  Del angel ,51,,Lobby,,9/26/25 7:57 AM,9/26/25 8:04 AM,6 minutes and 36 seconds,Mayra Luna
Tink-a-Tako - Potranco,Maria Majana,54,,Lobby,,9/26/25 8:00 AM,9/26/25 8:05 AM,4 minutes and 26 seconds,Mayra Luna
Tink-a-Tako - Potranco,Candy  Del angel ,57,,Lobby,,9/26/25 8:07 AM,9/26/25 8:07 AM,31 seconds,Mayra Luna
Tink-a-Tako - Potranco,Norma Vasquez,55,7,Lobby,,9/26/25 8:06 AM,9/26/25 8:09 AM,3 minutes and 3 seconds,Mayra Luna
Tink-a-Tako - Potranco,Candy  Del angel ,59,,Lobby,,9/26/25 8:08 AM,9/26/25 8:11 AM,3 minutes,Mayra Luna
Tink-a-Tako - Potranco,Maria Majana,54,,,2,9/26/25 8:05 AM,9/26/25 8:13 AM,7 minutes and 59 seconds,Zoila Salinas
Tink-a-Tako - Potranco,Rosie  ORDONEZ,36,,,2,9/26/25 7:48 AM,9/26/25 8:13 AM,24 minutes and 12 seconds,Zoila Salinas
Tink-a-Tako - Potranco,Norma Vasquez,37,25,,2,9/26/25 7:51 AM,9/26/25 8:13 AM,22 minutes and 2 seconds,Zoila Salinas
Tink-a-Tako - Potranco,Maria Majana,44,,,2,9/26/25 7:58 AM,9/26/25 8:13 AM,14 minutes and 13 seconds,Zoila Salinas
Tink-a-Tako - Potranco,Norma Vasquez,55,7,,2,9/26/25 8:09 AM,9/26/25 8:13 AM,3 minutes and 35 seconds,Zoila Salinas
Tink-a-Tako - Potranco,Candy  Del angel ,58,,Prep,,9/26/25 8:07 AM,9/26/25 8:13 AM,5 minutes and 32 seconds,Mayra Luna
Tink-a-Tako - Potranco,Candy  Del angel ,58,,Lobby,,9/26/25 8:07 AM,9/26/25 8:13 AM,5 minutes and 32 seconds,Mayra Luna
Tink-a-Tako - Potranco,Maria Majana,56,,Lobby,,9/26/25 8:11 AM,9/26/25 8:13 AM,2 minutes and 41 seconds,Mayra Luna
Tink-a-Tako - Potranco,Maria Majana,60,,Lobby,,9/26/25 8:11 AM,9/26/25 8:16 AM,4 minutes and 48 seconds,Mayra Luna
Tink-a-Tako - Potranco,Candy  Del angel ,61,,Lobby,,9/26/25 8:11 AM,9/26/25 8:17 AM,6 minutes and 15 seconds,Mayra Luna
Tink-a-Tako - Potranco,Candy  Del angel ,63,,Lobby,,9/26/25 8:12 AM,9/26/25 8:18 AM,6 minutes and 25 seconds,Mayra Luna
Tink-a-Tako - Potranco,Candy  Del angel ,64,,Lobby,,9/26/25 8:15 AM,9/26/25 8:19 AM,3 minutes and 49 seconds,Mayra Luna
Tink-a-Tako - Potranco,Rosie  ORDONEZ,66,,Lobby,,9/26/25 8:14 AM,9/26/25 8:21 AM,7 minutes,Mayra Luna
Tink-a-Tako - Potranco,Maria Majana,56,,,2,9/26/25 8:13 AM,9/26/25 8:22 AM,8 minutes and 47 seconds,Zoila Salinas
Tink-a-Tako - Potranco,Rosie  ORDONEZ,66,,,2,9/26/25 8:21 AM,9/26/25 8:22 AM,1 minute and 12 seconds,Zoila Salinas
Tink-a-Tako - Potranco,Candy  Del angel ,68,,Lobby,,9/26/25 8:17 AM,9/26/25 8:22 AM,5 minutes and 15 seconds,Mayra Luna
Tink-a-Tako - Potranco,Maria Majana,60,,,2,9/26/25 8:16 AM,9/26/25 8:22 AM,5 minutes and 56 seconds,Zoila Salinas
Tink-a-Tako - Potranco,Maria Majana,75,,Lobby,,9/26/25 8:22 AM,9/26/25 8:26 AM,4 minutes and 14 seconds,Mayra Luna
Tink-a-Tako - Potranco,Maria Majana,70,,Lobby,,9/26/25 8:20 AM,9/26/25 8:27 AM,7 minutes and 8 seconds,Mayra Luna
Tink-a-Tako - Potranco,Candy  Del angel ,67,,Lobby,,9/26/25 8:16 AM,9/26/25 8:27 AM,11 minutes and 26 seconds,Mayra Luna
Tink-a-Tako - Potranco,Maria Majana,80,,Lobby,,9/26/25 8:25 AM,9/26/25 8:28 AM,3 minutes and 8 seconds,Mayra Luna
Tink-a-Tako - Potranco,Candy  Del angel ,76,,Lobby,,9/26/25 8:22 AM,9/26/25 8:29 AM,7 minutes and 22 seconds,Mayra Luna
Tink-a-Tako - Potranco,Esperansa Caviedes,74,1,Lobby,,9/26/25 8:22 AM,9/26/25 8:30 AM,7 minutes and 42 seconds,Mayra Luna
Tink-a-Tako - Potranco,Maria Majana,70,,,2,9/26/25 8:27 AM,9/26/25 8:30 AM,2 minutes and 59 seconds,Zoila Salinas
Tink-a-Tako - Potranco,Esperansa Caviedes,74,1,,2,9/26/25 8:30 AM,9/26/25 8:30 AM,4 seconds,Zoila Salinas
Tink-a-Tako - Potranco,Maria Majana,75,,,2,9/26/25 8:26 AM,9/26/25 8:30 AM,3 minutes and 42 seconds,Zoila Salinas
Tink-a-Tako - Potranco,Esperansa Caviedes,79,17,Lobby,,9/26/25 8:23 AM,9/26/25 8:31 AM,7 minutes and 49 seconds,Mayra Luna
Tink-a-Tako - Potranco,Esperansa Caviedes,79,17,Tortillero,,9/26/25 8:23 AM,9/26/25 8:31 AM,7 minutes and 49 seconds,Mayra Luna
Tink-a-Tako - Potranco,Maria Majana,73,,Lobby,,9/26/25 8:25 AM,9/26/25 8:32 AM,6 minutes and 59 seconds,Mayra Luna
Tink-a-Tako - Potranco,Candy  Del angel ,52,,Lobby,,9/26/25 8:26 AM,9/26/25 8:33 AM,7 minutes and 8 seconds,Mayra Luna
Tink-a-Tako - Potranco,Rosa Compean,84,32,Lobby,,9/26/25 8:28 AM,9/26/25 8:34 AM,6 minutes and 2 seconds,Mayra Luna
Tink-a-Tako - Potranco,Candy  Del angel ,87,,Lobby,,9/26/25 8:30 AM,9/26/25 8:34 AM,4 minutes and 4 seconds,Mayra Luna
Tink-a-Tako - Potranco,Candy  Del angel ,86,,Lobby,,9/26/25 8:29 AM,9/26/25 8:35 AM,5 minutes and 7 seconds,Mayra Luna
Tink-a-Tako - Potranco,Candy  Del angel ,85,,Lobby,,9/26/25 8:29 AM,9/26/25 8:35 AM,6 minutes and 34 seconds,Mayra Luna
Tink-a-Tako - Potranco,Maria Majana,73,,Lobby,,9/26/25 8:35 AM,9/26/25 8:36 AM,14 seconds,Mayra Luna
Tink-a-Tako - Potranco,Candy  Del angel ,88,,Lobby,,9/26/25 8:33 AM,9/26/25 8:37 AM,3 minutes and 58 seconds,Mayra Luna
Tink-a-Tako - Potranco,Silvia Hernandez,89,11,Lobby,,9/26/25 8:36 AM,9/26/25 8:41 AM,4 minutes and 50 seconds,Mayra Luna
Tink-a-Tako - Potranco,Silvia Hernandez,89,11,Prep,,9/26/25 8:36 AM,9/26/25 8:41 AM,4 minutes and 50 seconds,Mayra Luna
Tink-a-Tako - Potranco,Candy  Del angel ,90,,Lobby,,9/26/25 8:37 AM,9/26/25 8:41 AM,3 minutes and 50 seconds,Mayra Luna
Tink-a-Tako - Potranco,Rosa Compean,84,32,,2,9/26/25 8:34 AM,9/26/25 8:41 AM,7 minutes and 26 seconds,Zoila Salinas
Tink-a-Tako - Potranco,Silvia Hernandez,89,11,,2,9/26/25 8:41 AM,9/26/25 8:41 AM,26 seconds,Zoila Salinas
Tink-a-Tako - Potranco,Esperansa Caviedes,79,17,,2,9/26/25 8:31 AM,9/26/25 8:41 AM,10 minutes and 13 seconds,Zoila Salinas
Tink-a-Tako - Potranco,Maria Majana,80,,,2,9/26/25 8:28 AM,9/26/25 8:41 AM,13 minutes and 14 seconds,Zoila Salinas
Tink-a-Tako - Potranco,Maria Majana,73,,,2,9/26/25 8:32 AM,9/26/25 8:41 AM,9 minutes and 10 seconds,Zoila Salinas
Tink-a-Tako - Potranco,Maria Majana,73,,,2,9/26/25 8:36 AM,9/26/25 8:41 AM,5 minutes and 32 seconds,Zoila Salinas
Tink-a-Tako - Potranco,Maria Majana,92,,Lobby,,9/26/25 8:39 AM,9/26/25 8:42 AM,2 minutes and 21 seconds,Mayra Luna
Tink-a-Tako - Potranco,Candy  Del angel ,91,,Lobby,,9/26/25 8:38 AM,9/26/25 8:42 AM,4 minutes and 27 seconds,Mayra Luna
Tink-a-Tako - Potranco,Candy  Del angel ,95,,Lobby,,9/26/25 8:42 AM,9/26/25 8:44 AM,2 minutes and 6 seconds,Mayra Luna
Tink-a-Tako - Potranco,Candy  Del angel ,96,,Lobby,,9/26/25 8:44 AM,9/26/25 8:45 AM,47 seconds,Mayra Luna
Tink-a-Tako - Potranco,Norma Vasquez,97,17,Lobby,,9/26/25 8:46 AM,9/26/25 8:49 AM,2 minutes and 37 seconds,Mayra Luna
Tink-a-Tako - Potranco,Norma Vasquez,97,17,Prep,,9/26/25 8:46 AM,9/26/25 8:49 AM,2 minutes and 37 seconds,Mayra Luna
Tink-a-Tako - Potranco,Norma Vasquez,97,17,Tortillero,,9/26/25 8:46 AM,9/26/25 8:49 AM,2 minutes and 37 seconds,Mayra Luna
Tink-a-Tako - Potranco,Maria Majana,92,,,2,9/26/25 8:42 AM,9/26/25 8:51 AM,9 minutes and 6 seconds,Zoila Salinas
Tink-a-Tako - Potranco,Esperansa Caviedes,99,37,Lobby,,9/26/25 8:48 AM,9/26/25 8:51 AM,3 minutes and 15 seconds,Mayra Luna
Tink-a-Tako - Potranco,Esperansa Caviedes,99,37,Prep,,9/26/25 8:48 AM,9/26/25 8:51 AM,3 minutes and 15 seconds,Mayra Luna
Tink-a-Tako - Potranco,Maria Majana,98,,Lobby,,9/26/25 8:46 AM,9/26/25 8:51 AM,5 minutes and 10 seconds,Mayra Luna
Tink-a-Tako - Potranco,Norma Vasquez,104,18,Lobby,,9/26/25 8:50 AM,9/26/25 8:53 AM,2 minutes and 50 seconds,Mayra Luna
Tink-a-Tako - Potranco,Maria Majana,101,,Lobby,,9/26/25 8:47 AM,9/26/25 8:53 AM,5 minutes and 22 seconds,Mayra Luna
Tink-a-Tako - Potranco,Candy  Del angel ,83,,Lobby,,9/26/25 8:50 AM,9/26/25 8:53 AM,3 minutes and 16 seconds,Mayra Luna
Tink-a-Tako - Potranco,Candy  Del angel ,100,,Lobby,,9/26/25 8:49 AM,9/26/25 8:53 AM,3 minutes and 57 seconds,Mayra Luna
Tink-a-Tako - Potranco,Candy  Del angel ,105,,Lobby,,9/26/25 8:53 AM,9/26/25 8:54 AM,1 minute and 23 seconds,Mayra Luna
Tink-a-Tako - Potranco,Silvia Hernandez,109,33,Lobby,,9/26/25 8:55 AM,9/26/25 8:57 AM,1 minute and 30 seconds,Mayra Luna
Tink-a-Tako - Potranco,Silvia Hernandez,89,11,Lobby,,9/26/25 8:51 AM,9/26/25 8:57 AM,6 minutes and 7 seconds,Mayra Luna
Tink-a-Tako - Potranco,Norma Vasquez,97,17,,2,9/26/25 8:49 AM,9/26/25 8:58 AM,9 minutes and 47 seconds,Zoila Salinas
Tink-a-Tako - Potranco,Maria Majana,98,,,2,9/26/25 8:51 AM,9/26/25 8:58 AM,6 minutes and 59 seconds,Zoila Salinas
Tink-a-Tako - Potranco,Maria Majana,101,,,2,9/26/25 8:53 AM,9/26/25 8:59 AM,5 minutes and 49 seconds,Zoila Salinas
Tink-a-Tako - Potranco,Esperansa Caviedes,107,39,Lobby,,9/26/25 8:56 AM,9/26/25 8:59 AM,2 minutes and 38 seconds,Mayra Luna
Tink-a-Tako - Potranco,Esperansa Caviedes,99,37,,2,9/26/25 8:51 AM,9/26/25 8:59 AM,7 minutes and 42 seconds,Zoila Salinas
Tink-a-Tako - Potranco,Esperansa Caviedes,107,39,,2,9/26/25 8:59 AM,9/26/25 9:01 AM,2 minutes and 18 seconds,Zoila Salinas
Tink-a-Tako - Potranco,Norma Vasquez,104,18,,2,9/26/25 8:53 AM,9/26/25 9:01 AM,8 minutes and 13 seconds,Zoila Salinas
Tink-a-Tako - Potranco,Silvia Hernandez,109,33,,2,9/26/25 8:57 AM,9/26/25 9:01 AM,4 minutes and 20 seconds,Zoila Salinas
Tink-a-Tako - Potranco,Silvia Hernandez,89,11,,2,9/26/25 8:57 AM,9/26/25 9:01 AM,3 minutes and 58 seconds,Zoila Salinas
Tink-a-Tako - Potranco,Rosa Compean,110,,Lobby,,9/26/25 8:56 AM,9/26/25 9:02 AM,5 minutes and 45 seconds,Mayra Luna
Tink-a-Tako - Potranco,Maria Majana,108,,Lobby,,9/26/25 8:55 AM,9/26/25 9:03 AM,7 minutes and 59 seconds,Mayra Luna
Tink-a-Tako - Potranco,Maria Majana,108,,Tortillero,,9/26/25 8:55 AM,9/26/25 9:03 AM,7 minutes and 59 seconds,Mayra Luna
Tink-a-Tako - Potranco,Candy  Del angel ,111,,Lobby,,9/26/25 8:59 AM,9/26/25 9:04 AM,4 minutes and 26 seconds,Mayra Luna
Tink-a-Tako - Potranco,Candy  Del angel ,113,,Lobby,,9/26/25 9:00 AM,9/26/25 9:05 AM,4 minutes and 47 seconds,Mayra Luna
Tink-a-Tako - Potranco,Rosa Compean,112,23,Lobby,,9/26/25 9:00 AM,9/26/25 9:05 AM,5 minutes and 13 seconds,Mayra Luna
Tink-a-Tako - Potranco,Rosa Compean,112,23,Tortillero,,9/26/25 9:00 AM,9/26/25 9:05 AM,5 minutes and 13 seconds,Mayra Luna
Tink-a-Tako - Potranco,Rosa Compean,112,23,Prep,,9/26/25 9:00 AM,9/26/25 9:05 AM,5 minutes and 13 seconds,Mayra Luna
Tink-a-Tako - Potranco,Candy  Del angel ,114,,Lobby,,9/26/25 9:02 AM,9/26/25 9:06 AM,3 minutes and 50 seconds,Mayra Luna
Tink-a-Tako - Potranco,Rosa Compean,115,16,Lobby,,9/26/25 9:01 AM,9/26/25 9:07 AM,6 minutes and 19 seconds,Mayra Luna
Tink-a-Tako - Potranco,Esperansa Caviedes,107,39,Lobby,,9/26/25 9:09 AM,9/26/25 9:09 AM,25 seconds,Mayra Luna
Tink-a-Tako - Potranco,Candy  Del angel ,120,,Lobby,,9/26/25 9:07 AM,9/26/25 9:09 AM,2 minutes and 7 seconds,Mayra Luna
Tink-a-Tako - Potranco,Candy  Del angel ,122,,Lobby,,9/26/25 9:09 AM,9/26/25 9:10 AM,54 seconds,Mayra Luna
Tink-a-Tako - Potranco,Rosa Compean,110,,,2,9/26/25 9:02 AM,9/26/25 9:10 AM,8 minutes and 13 seconds,Zoila Salinas
Tink-a-Tako - Potranco,Rosa Compean,115,16,,2,9/26/25 9:07 AM,9/26/25 9:10 AM,3 minutes and 16 seconds,Zoila Salinas
Tink-a-Tako - Potranco,Maria Majana,108,,,2,9/26/25 9:03 AM,9/26/25 9:10 AM,7 minutes and 14 seconds,Zoila Salinas
Tink-a-Tako - Potranco,Rosa Compean,112,23,,2,9/26/25 9:05 AM,9/26/25 9:10 AM,5 minutes and 19 seconds,Zoila Salinas
Tink-a-Tako - Potranco,Esperansa Caviedes,107,39,,2,9/26/25 9:09 AM,9/26/25 9:10 AM,1 minute and 26 seconds,Zoila Salinas
Tink-a-Tako - Potranco,Silvia Hernandez,119,8,Lobby,,9/26/25 9:07 AM,9/26/25 9:12 AM,4 minutes and 52 seconds,Mayra Luna
Tink-a-Tako - Potranco,Silvia Hernandez,119,8,Tortillero,,9/26/25 9:07 AM,9/26/25 9:12 AM,4 minutes and 52 seconds,Mayra Luna
Tink-a-Tako - Potranco,Silvia Hernandez,119,8,Prep,,9/26/25 9:07 AM,9/26/25 9:12 AM,4 minutes and 52 seconds,Mayra Luna
Tink-a-Tako - Potranco,Candy  Del angel ,116,,Lobby,,9/26/25 9:02 AM,9/26/25 9:12 AM,9 minutes and 58 seconds,Mayra Luna
Tink-a-Tako - Potranco,Candy  Del angel ,116,,Tortillero,,9/26/25 9:02 AM,9/26/25 9:12 AM,9 minutes and 58 seconds,Mayra Luna
Tink-a-Tako - Potranco,Esperansa Caviedes,121,32,Lobby,,9/26/25 9:10 AM,9/26/25 9:15 AM,4 minutes and 42 seconds,Mayra Luna
Tink-a-Tako - Potranco,Candy  Del angel ,118,,Lobby,,9/26/25 9:06 AM,9/26/25 9:17 AM,11 minutes and 5 seconds,Mayra Luna
Tink-a-Tako - Potranco,Norma Vasquez,123,4,Lobby,,9/26/25 9:10 AM,9/26/25 9:17 AM,7 minutes and 5 seconds,Mayra Luna
Tink-a-Tako - Potranco,Candy  Del angel ,126,,Lobby,,9/26/25 9:15 AM,9/26/25 9:18 AM,2 minutes and 32 seconds,Mayra Luna
Tink-a-Tako - Potranco,Esperansa Caviedes,128,11,Lobby,,9/26/25 9:17 AM,9/26/25 9:18 AM,1 minute and 10 seconds,Mayra Luna
Tink-a-Tako - Potranco,Candy  Del angel ,106,,Lobby,,9/26/25 9:17 AM,9/26/25 9:19 AM,2 minutes and 18 seconds,Mayra Luna
Tink-a-Tako - Potranco,Rosa Compean,124,20,Lobby,,9/26/25 9:14 AM,9/26/25 9:21 AM,7 minutes and 2 seconds,Mayra Luna
Tink-a-Tako - Potranco,Rosa Compean,124,20,Tortillero,,9/26/25 9:14 AM,9/26/25 9:21 AM,7 minutes and 2 seconds,Mayra Luna
Tink-a-Tako - Potranco,Rosa Compean,124,20,Prep,,9/26/25 9:14 AM,9/26/25 9:21 AM,7 minutes and 2 seconds,Mayra Luna
Tink-a-Tako - Potranco,Silvia Hernandez,125,25,Lobby,,9/26/25 9:16 AM,9/26/25 9:21 AM,4 minutes and 52 seconds,Mayra Luna
Tink-a-Tako - Potranco,Maria Majana,132,,Lobby,,9/26/25 9:19 AM,9/26/25 9:21 AM,2 minutes and 16 seconds,Mayra Luna
Tink-a-Tako - Potranco,Maria Majana,133,,Lobby,,9/26/25 9:19 AM,9/26/25 9:22 AM,2 minutes and 41 seconds,Mayra Luna
Tink-a-Tako - Potranco,Maria Majana,132,,,2,9/26/25 9:21 AM,9/26/25 9:24 AM,2 minutes and 55 seconds,Zoila Salinas
Tink-a-Tako - Potranco,Silvia Hernandez,125,25,,2,9/26/25 9:21 AM,9/26/25 9:24 AM,3 minutes,Zoila Salinas
Tink-a-Tako - Potranco,Esperansa Caviedes,128,11,,2,9/26/25 9:18 AM,9/26/25 9:24 AM,5 minutes and 30 seconds,Zoila Salinas
Tink-a-Tako - Potranco,Silvia Hernandez,119,8,,2,9/26/25 9:12 AM,9/26/25 9:24 AM,12 minutes and 5 seconds,Zoila Salinas
Tink-a-Tako - Potranco,Maria Majana,133,,,2,9/26/25 9:22 AM,9/26/25 9:24 AM,2 minutes and 2 seconds,Zoila Salinas
Tink-a-Tako - Potranco,Rosa Compean,124,20,,2,9/26/25 9:21 AM,9/26/25 9:24 AM,3 minutes and 2 seconds,Zoila Salinas
Tink-a-Tako - Potranco,Norma Vasquez,123,4,,2,9/26/25 9:17 AM,9/26/25 9:24 AM,6 minutes and 41 seconds,Zoila Salinas
Tink-a-Tako - Potranco,Esperansa Caviedes,121,32,,2,9/26/25 9:15 AM,9/26/25 9:24 AM,9 minutes and 18 seconds,Zoila Salinas
Tink-a-Tako - Potranco,Esperansa Caviedes,128,11,Lobby,,9/26/25 9:18 AM,9/26/25 9:25 AM,6 minutes and 44 seconds,Mayra Luna
Tink-a-Tako - Potranco,Candy  Del angel ,134,,Lobby,,9/26/25 9:20 AM,9/26/25 9:25 AM,4 minutes and 51 seconds,Mayra Luna
Tink-a-Tako - Potranco,Rosa Compean,136,1,Lobby,,9/26/25 9:20 AM,9/26/25 9:25 AM,4 minutes and 23 seconds,Mayra Luna
Tink-a-Tako - Potranco,Maria Majana,138,,Lobby,,9/26/25 9:20 AM,9/26/25 9:27 AM,6 minutes and 18 seconds,Mayra Luna
Tink-a-Tako - Potranco,Maria Majana,138,,,2,9/26/25 9:27 AM,9/26/25 9:27 AM,30 seconds,Zoila Salinas
Tink-a-Tako - Potranco,Maria Majana,135,,Lobby,,9/26/25 9:20 AM,9/26/25 9:27 AM,7 minutes and 21 seconds,Mayra Luna
Tink-a-Tako - Potranco,Norma Vasquez,131,38,Lobby,,9/26/25 9:19 AM,9/26/25 9:27 AM,8 minutes and 36 seconds,Mayra Luna
Tink-a-Tako - Potranco,Candy  Del angel ,137,,Lobby,,9/26/25 9:20 AM,9/26/25 9:28 AM,7 minutes and 51 seconds,Mayra Luna
Tink-a-Tako - Potranco,Rosie  ORDONEZ,144,,Lobby,,9/26/25 9:25 AM,9/26/25 9:29 AM,4 minutes and 9 seconds,Mayra Luna
Tink-a-Tako - Potranco,Silvia Hernandez,143,22,Lobby,,9/26/25 9:26 AM,9/26/25 9:30 AM,4 minutes and 1 second,Mayra Luna
Tink-a-Tako - Potranco,Silvia Hernandez,143,22,Tortillero,,9/26/25 9:26 AM,9/26/25 9:30 AM,4 minutes and 1 second,Mayra Luna
Tink-a-Tako - Potranco,Silvia Hernandez,143,22,Prep,,9/26/25 9:26 AM,9/26/25 9:30 AM,4 minutes and 1 second,Mayra Luna
Tink-a-Tako - Potranco,Candy  Del angel ,141,,Lobby,,9/26/25 9:22 AM,9/26/25 9:30 AM,7 minutes and 35 seconds,Mayra Luna
Tink-a-Tako - Potranco,Norma Vasquez,123,4,Lobby,,9/26/25 9:29 AM,9/26/25 9:30 AM,1 minute and 25 seconds,Mayra Luna
Tink-a-Tako - Potranco,Maria Majana,135,,,2,9/26/25 9:27 AM,9/26/25 9:32 AM,4 minutes and 50 seconds,Zoila Salinas
Tink-a-Tako - Potranco,Silvia Hernandez,143,22,,2,9/26/25 9:30 AM,9/26/25 9:32 AM,2 minutes and 11 seconds,Zoila Salinas
Tink-a-Tako - Potranco,Esperansa Caviedes,128,11,,2,9/26/25 9:25 AM,9/26/25 9:32 AM,7 minutes and 35 seconds,Zoila Salinas
Tink-a-Tako - Potranco,Norma Vasquez,131,38,,2,9/26/25 9:27 AM,9/26/25 9:32 AM,4 minutes and 52 seconds,Zoila Salinas
Tink-a-Tako - Potranco,Candy  Del angel ,146,,Lobby,,9/26/25 9:25 AM,9/26/25 9:32 AM,6 minutes and 36 seconds,Mayra Luna
Tink-a-Tako - Potranco,Rosa Compean,136,1,,2,9/26/25 9:25 AM,9/26/25 9:32 AM,7 minutes and 16 seconds,Zoila Salinas
Tink-a-Tako - Potranco,Norma Vasquez,123,4,,2,9/26/25 9:30 AM,9/26/25 9:32 AM,1 minute and 33 seconds,Zoila Salinas
Tink-a-Tako - Potranco,Rosie  ORDONEZ,144,,,2,9/26/25 9:29 AM,9/26/25 9:32 AM,3 minutes and 28 seconds,Zoila Salinas
Tink-a-Tako - Potranco,Candy  Del angel ,147,,Lobby,,9/26/25 9:26 AM,9/26/25 9:33 AM,6 minutes and 44 seconds,Mayra Luna
Tink-a-Tako - Potranco,Norma Vasquez,154,37,Lobby,,9/26/25 9:32 AM,9/26/25 9:33 AM,1 minute and 6 seconds,Mayra Luna
Tink-a-Tako - Potranco,Candy  Del angel ,149,,Lobby,,9/26/25 9:28 AM,9/26/25 9:35 AM,6 minutes and 55 seconds,Mayra Luna
Tink-a-Tako - Potranco,Candy  Del angel ,149,,Tortillero,,9/26/25 9:28 AM,9/26/25 9:35 AM,6 minutes and 55 seconds,Mayra Luna
Tink-a-Tako - Potranco,Candy  Del angel ,150,,Lobby,,9/26/25 9:28 AM,9/26/25 9:35 AM,6 minutes and 33 seconds,Mayra Luna
Tink-a-Tako - Potranco,Candy  Del angel ,151,,Lobby,,9/26/25 9:29 AM,9/26/25 9:38 AM,9 minutes and 5 seconds,Mayra Luna
Tink-a-Tako - Potranco,Candy  Del angel ,152,,Lobby,,9/26/25 9:30 AM,9/26/25 9:39 AM,9 minutes and 9 seconds,Mayra Luna
Tink-a-Tako - Potranco,Norma Vasquez,157,32,Lobby,,9/26/25 9:41 AM,9/26/25 9:43 AM,1 minute and 42 seconds,Mayra Luna
Tink-a-Tako - Potranco,Candy  Del angel ,156,,Lobby,,9/26/25 9:40 AM,9/26/25 9:45 AM,4 minutes and 41 seconds,Mayra Luna
Tink-a-Tako - Potranco,Norma Vasquez,131,38,Lobby,,9/26/25 9:45 AM,9/26/25 9:45 AM,23 seconds,Mayra Luna
Tink-a-Tako - Potranco,Rosa Compean,124,20,Lobby,,9/26/25 9:42 AM,9/26/25 9:48 AM,5 minutes and 48 seconds,Mayra Luna
Tink-a-Tako - Potranco,Candy  Del angel ,158,,Lobby,,9/26/25 9:43 AM,9/26/25 9:48 AM,5 minutes and 30 seconds,Mayra Luna
Tink-a-Tako - Potranco,Candy  Del angel ,153,,Lobby,,9/26/25 9:48 AM,9/26/25 9:50 AM,1 minute and 43 seconds,Mayra Luna
Tink-a-Tako - Potranco,Norma Vasquez,160,33,Lobby,,9/26/25 9:46 AM,9/26/25 9:50 AM,3 minutes and 25 seconds,Mayra Luna
Tink-a-Tako - Potranco,Norma Vasquez,160,33,Lobby,,9/26/25 9:47 AM,9/26/25 9:50 AM,2 minutes and 33 seconds,Mayra Luna
Tink-a-Tako - Potranco,Norma Vasquez,160,33,Prep,,9/26/25 9:46 AM,9/26/25 9:50 AM,3 minutes and 25 seconds,Mayra Luna
Tink-a-Tako - Potranco,Candy  Del angel ,159,,Lobby,,9/26/25 9:43 AM,9/26/25 9:50 AM,6 minutes and 57 seconds,Mayra Luna
Tink-a-Tako - Potranco,Candy  Del angel ,162,,Lobby,,9/26/25 9:49 AM,9/26/25 9:51 AM,1 minute and 56 seconds,Mayra Luna
Tink-a-Tako - Potranco,Norma Vasquez,157,32,Lobby,,9/26/25 9:50 AM,9/26/25 9:52 AM,2 minutes and 1 second,Mayra Luna
Tink-a-Tako - Potranco,Esperansa Caviedes,79,17,Lobby,,9/26/25 9:51 AM,9/26/25 9:53 AM,1 minute and 47 seconds,Mayra Luna
Tink-a-Tako - Potranco,Esperansa Caviedes,79,17,,2,9/26/25 9:53 AM,9/26/25 9:56 AM,2 minutes and 59 seconds,Zoila Salinas
Tink-a-Tako - Potranco,Candy  Del angel ,165,,Lobby,,9/26/25 9:53 AM,9/26/25 9:57 AM,3 minutes and 23 seconds,Mayra Luna
Tink-a-Tako - Potranco,Candy  Del angel ,163,,Lobby,,9/26/25 9:53 AM,9/26/25 9:59 AM,6 minutes and 37 seconds,Mayra Luna
Tink-a-Tako - Potranco,Candy  Del angel ,163,,Prep,,9/26/25 9:53 AM,9/26/25 9:59 AM,6 minutes and 37 seconds,Mayra Luna
Tink-a-Tako - Potranco,Rosa Compean,166,18,Lobby,,9/26/25 9:54 AM,9/26/25 10:00 AM,6 minutes and 13 seconds,Mayra Luna
Tink-a-Tako - Potranco,Rosa Compean,166,18,Tortillero,,9/26/25 9:54 AM,9/26/25 10:00 AM,6 minutes and 13 seconds,Mayra Luna
Tink-a-Tako - Potranco,Rosa Compean,166,18,Prep,,9/26/25 9:54 AM,9/26/25 10:00 AM,6 minutes and 13 seconds,Mayra Luna
Tink-a-Tako - Potranco,Candy  Del angel ,167,,Lobby,,9/26/25 9:56 AM,9/26/25 10:00 AM,4 minutes and 14 seconds,Mayra Luna
Tink-a-Tako - Potranco,Rosa Compean,166,18,,2,9/26/25 10:00 AM,9/26/25 10:01 AM,47 seconds,Zoila Salinas
Tink-a-Tako - Potranco,Norma Vasquez,160,33,,2,9/26/25 9:50 AM,9/26/25 10:01 AM,11 minutes and 30 seconds,Zoila Salinas
Tink-a-Tako - Potranco,Norma Vasquez,157,32,,2,9/26/25 9:52 AM,9/26/25 10:01 AM,9 minutes and 31 seconds,Zoila Salinas
Tink-a-Tako - Potranco,Rosa Compean,124,20,,2,9/26/25 9:48 AM,9/26/25 10:02 AM,13 minutes and 49 seconds,Zoila Salinas
Tink-a-Tako - Potranco,Norma Vasquez,160,33,,2,9/26/25 9:50 AM,9/26/25 10:01 AM,11 minutes and 35 seconds,Zoila Salinas
Tink-a-Tako - Potranco,Norma Vasquez,131,38,,2,9/26/25 9:45 AM,9/26/25 10:02 AM,16 minutes and 15 seconds,Zoila Salinas
Tink-a-Tako - Potranco,Norma Vasquez,157,32,,2,9/26/25 9:43 AM,9/26/25 10:02 AM,18 minutes and 31 seconds,Zoila Salinas
Tink-a-Tako - Potranco,Norma Vasquez,154,37,,2,9/26/25 9:33 AM,9/26/25 10:02 AM,28 minutes and 51 seconds,Zoila Salinas
Tink-a-Tako - Potranco,Maria Majana,168,,Lobby,,9/26/25 9:57 AM,9/26/25 10:04 AM,7 minutes and 7 seconds,Mayra Luna
Tink-a-Tako - Potranco,Maria Majana,168,,,2,9/26/25 10:04 AM,9/26/25 10:05 AM,40 seconds,Zoila Salinas
Tink-a-Tako - Potranco,Maria Majana,169,,Lobby,,9/26/25 9:59 AM,9/26/25 10:05 AM,6 minutes and 27 seconds,Mayra Luna
Tink-a-Tako - Potranco,Candy  Del angel ,170,,Lobby,,9/26/25 9:58 AM,9/26/25 10:06 AM,7 minutes and 32 seconds,Mayra Luna
Tink-a-Tako - Potranco,Norma Vasquez,154,37,Lobby,,9/26/25 9:59 AM,9/26/25 10:08 AM,9 minutes and 6 seconds,Mayra Luna
Tink-a-Tako - Potranco,Candy  Del angel ,174,,Lobby,,9/26/25 10:04 AM,9/26/25 10:09 AM,5 minutes and 17 seconds,Mayra Luna
Tink-a-Tako - Potranco,Maria Majana,169,,,2,9/26/25 10:05 AM,9/26/25 10:09 AM,3 minutes and 30 seconds,Zoila Salinas
Tink-a-Tako - Potranco,Norma Vasquez,154,37,,2,9/26/25 10:08 AM,9/26/25 10:09 AM,34 seconds,Zoila Salinas
Tink-a-Tako - Potranco,Norma Vasquez,175,,Lobby,,9/26/25 10:04 AM,9/26/25 10:10 AM,5 minutes and 22 seconds,Mayra Luna
Tink-a-Tako - Potranco,Norma Vasquez,175,,,2,9/26/25 10:10 AM,9/26/25 10:10 AM,23 seconds,Zoila Salinas
Tink-a-Tako - Potranco,Candy  Del angel ,176,,Lobby,,9/26/25 10:05 AM,9/26/25 10:11 AM,6 minutes and 10 seconds,Mayra Luna
Tink-a-Tako - Potranco,Candy  Del angel ,171,,Lobby,,9/26/25 10:06 AM,9/26/25 10:11 AM,5 minutes and 51 seconds,Mayra Luna
Tink-a-Tako - Potranco,Silvia Hernandez,172,38,Lobby,,9/26/25 10:01 AM,9/26/25 10:13 AM,12 minutes and 10 seconds,Mayra Luna
Tink-a-Tako - Potranco,Maria Majana,179,,Lobby,,9/26/25 10:07 AM,9/26/25 10:14 AM,7 minutes and 15 seconds,Mayra Luna
Tink-a-Tako - Potranco,Candy  Del angel ,181,,Lobby,,9/26/25 10:13 AM,9/26/25 10:15 AM,2 minutes,Mayra Luna
Tink-a-Tako - Potranco,Candy  Del angel ,182,,Lobby,,9/26/25 10:14 AM,9/26/25 10:16 AM,2 minutes and 15 seconds,Mayra Luna
Tink-a-Tako - Potranco,Esperansa Caviedes,180,23,Lobby,,9/26/25 10:08 AM,9/26/25 10:20 AM,11 minutes and 41 seconds,Mayra Luna
Tink-a-Tako - Potranco,Candy  Del angel ,184,,Lobby,,9/26/25 10:16 AM,9/26/25 10:23 AM,6 minutes and 52 seconds,Mayra Luna
Tink-a-Tako - Potranco,Candy  Del angel ,183,,Lobby,,9/26/25 10:14 AM,9/26/25 10:24 AM,9 minutes and 32 seconds,Mayra Luna
Tink-a-Tako - Potranco,Candy  Del angel ,187,,Lobby,,9/26/25 10:20 AM,9/26/25 10:25 AM,4 minutes and 13 seconds,Mayra Luna
Tink-a-Tako - Potranco,Silvia Hernandez,185,39,Lobby,,9/26/25 10:19 AM,9/26/25 10:26 AM,7 minutes and 19 seconds,Mayra Luna
Tink-a-Tako - Potranco,Silvia Hernandez,185,39,Tortillero,,9/26/25 10:19 AM,9/26/25 10:26 AM,7 minutes and 19 seconds,Mayra Luna
Tink-a-Tako - Potranco,Silvia Hernandez,185,39,Prep,,9/26/25 10:19 AM,9/26/25 10:26 AM,7 minutes and 19 seconds,Mayra Luna
Tink-a-Tako - Potranco,Silvia Hernandez,172,38,,2,9/26/25 10:13 AM,9/26/25 10:28 AM,15 minutes and 24 seconds,Zoila Salinas
Tink-a-Tako - Potranco,Maria Majana,179,,,2,9/26/25 10:14 AM,9/26/25 10:28 AM,13 minutes and 56 seconds,Zoila Salinas
Tink-a-Tako - Potranco,Esperansa Caviedes,180,23,,2,9/26/25 10:20 AM,9/26/25 10:28 AM,8 minutes and 44 seconds,Zoila Salinas
Tink-a-Tako - Potranco,Silvia Hernandez,185,39,,2,9/26/25 10:26 AM,9/26/25 10:28 AM,2 minutes and 26 seconds,Zoila Salinas
Tink-a-Tako - Potranco,Candy  Del angel ,162,,Lobby,,9/26/25 9:49 AM,9/26/25 10:29 AM,39 minutes and 35 seconds,Mayra Luna
Tink-a-Tako - Potranco,Esperansa Caviedes,189,20,Lobby,,9/26/25 10:23 AM,9/26/25 10:29 AM,6 minutes and 12 seconds,Mayra Luna
Tink-a-Tako - Potranco,Esperansa Caviedes,189,20,Prep,,9/26/25 10:23 AM,9/26/25 10:29 AM,6 minutes and 12 seconds,Mayra Luna
Tink-a-Tako - Potranco,Candy  Del angel ,190,,Lobby,,9/26/25 10:26 AM,9/26/25 10:30 AM,4 minutes and 23 seconds,Mayra Luna
Tink-a-Tako - Potranco,Rosa Compean,191,32,Lobby,,9/26/25 10:27 AM,9/26/25 10:32 AM,4 minutes and 25 seconds,Mayra Luna
Tink-a-Tako - Potranco,Rosa Compean,191,32,Prep,,9/26/25 10:27 AM,9/26/25 10:32 AM,4 minutes and 25 seconds,Mayra Luna
Tink-a-Tako - Potranco,Rosa Compean,191,32,Tortillero,,9/26/25 10:27 AM,9/26/25 10:32 AM,4 minutes and 25 seconds,Mayra Luna
Tink-a-Tako - Potranco,Candy  Del angel ,192,,Lobby,,9/26/25 10:30 AM,9/26/25 10:33 AM,3 minutes,Mayra Luna
Tink-a-Tako - Potranco,Norma Vasquez,193,25,Lobby,,9/26/25 10:31 AM,9/26/25 10:35 AM,3 minutes and 22 seconds,Mayra Luna
Tink-a-Tako - Potranco,Candy  Del angel ,162,,Lobby,,9/26/25 10:28 AM,9/26/25 10:37 AM,9 minutes and 4 seconds,Mayra Luna
Tink-a-Tako - Potranco,Norma Vasquez,193,25,,2,9/26/25 10:35 AM,9/26/25 10:37 AM,2 minutes and 40 seconds,Zoila Salinas
Tink-a-Tako - Potranco,Rosa Compean,191,32,,2,9/26/25 10:32 AM,9/26/25 10:37 AM,5 minutes and 48 seconds,Zoila Salinas
Tink-a-Tako - Potranco,Candy  Del angel ,194,,Lobby,,9/26/25 10:32 AM,9/26/25 10:38 AM,6 minutes and 40 seconds,Mayra Luna
Tink-a-Tako - Potranco,Candy  Del angel ,197,,Lobby,,9/26/25 10:35 AM,9/26/25 10:39 AM,4 minutes and 23 seconds,Mayra Luna
Tink-a-Tako - Potranco,Candy  Del angel ,196,,Lobby,,9/26/25 10:34 AM,9/26/25 10:40 AM,5 minutes and 34 seconds,Mayra Luna
Tink-a-Tako - Potranco,Candy  Del angel ,196,,Tortillero,,9/26/25 10:34 AM,9/26/25 10:40 AM,5 minutes and 34 seconds,Mayra Luna
Tink-a-Tako - Potranco,Norma Vasquez,195,37,Lobby,,9/26/25 10:34 AM,9/26/25 10:41 AM,6 minutes and 52 seconds,Mayra Luna
Tink-a-Tako - Potranco,Norma Vasquez,195,37,,2,9/26/25 10:41 AM,9/26/25 10:42 AM,41 seconds,Zoila Salinas
Tink-a-Tako - Potranco,Esperansa Caviedes,189,20,,2,9/26/25 10:29 AM,9/26/25 10:42 AM,12 minutes and 32 seconds,Zoila Salinas
Tink-a-Tako - Potranco,Silvia Hernandez,198,26,,2,9/26/25 10:38 AM,9/26/25 10:42 AM,3 minutes and 40 seconds,Zoila Salinas
Tink-a-Tako - Potranco,Candy  Del angel ,199,,Lobby,,9/26/25 10:41 AM,9/26/25 10:43 AM,1 minute and 42 seconds,Mayra Luna
Tink-a-Tako - Potranco,Candy  Del angel ,200,,Lobby,,9/26/25 10:43 AM,9/26/25 10:44 AM,1 minute and 32 seconds,Mayra Luna
Tink-a-Tako - Potranco,Candy  Del angel ,202,,Lobby,,9/26/25 10:44 AM,9/26/25 10:45 AM,1 minute and 43 seconds,Mayra Luna
Tink-a-Tako - Potranco,Esperansa Caviedes,189,20,Lobby,,9/26/25 10:45 AM,9/26/25 10:46 AM,1 minute and 7 seconds,Mayra Luna
Tink-a-Tako - Potranco,Rosa Compean,203,9,Lobby,,9/26/25 10:44 AM,9/26/25 10:50 AM,6 minutes and 5 seconds,Mayra Luna
Tink-a-Tako - Potranco,Rosa Compean,203,9,Tortillero,,9/26/25 10:44 AM,9/26/25 10:50 AM,6 minutes and 5 seconds,Mayra Luna
Tink-a-Tako - Potranco,Rosa Compean,203,9,Prep,,9/26/25 10:44 AM,9/26/25 10:50 AM,6 minutes and 5 seconds,Mayra Luna
Tink-a-Tako - Potranco,Candy  Del angel ,204,,Lobby,,9/26/25 10:45 AM,9/26/25 10:50 AM,4 minutes and 50 seconds,Mayra Luna
Tink-a-Tako - Potranco,Candy  Del angel ,206,,Lobby,,9/26/25 10:46 AM,9/26/25 10:51 AM,4 minutes and 54 seconds,Mayra Luna
Tink-a-Tako - Potranco,Candy  Del angel ,209,,Lobby,,9/26/25 10:48 AM,9/26/25 10:51 AM,2 minutes and 56 seconds,Mayra Luna
Tink-a-Tako - Potranco,Rosa Compean,215,,Lobby,,9/26/25 10:51 AM,9/26/25 10:52 AM,48 seconds,Mayra Luna
Tink-a-Tako - Potranco,Candy  Del angel ,211,,Lobby,,9/26/25 10:49 AM,9/26/25 10:52 AM,3 minutes and 15 seconds,Mayra Luna
Tink-a-Tako - Potranco,Candy  Del angel ,213,,Lobby,,9/26/25 10:50 AM,9/26/25 10:53 AM,3 minutes and 9 seconds,Mayra Luna
Tink-a-Tako - Potranco,Maria Majana,207,,Lobby,,9/26/25 10:48 AM,9/26/25 10:55 AM,6 minutes and 46 seconds,Mayra Luna
Tink-a-Tako - Potranco,Norma Vasquez,193,25,Lobby,,9/26/25 10:54 AM,9/26/25 10:55 AM,1 minute and 9 seconds,Mayra Luna
Tink-a-Tako - Potranco,Norma Vasquez,193,25,Prep,,9/26/25 10:54 AM,9/26/25 10:55 AM,1 minute and 9 seconds,Mayra Luna
Tink-a-Tako - Potranco,Maria Majana,207,,,2,9/26/25 10:55 AM,9/26/25 10:56 AM,1 minute and 2 seconds,Zoila Salinas
Tink-a-Tako - Potranco,Norma Vasquez,193,25,,2,9/26/25 10:55 AM,9/26/25 10:56 AM,49 seconds,Zoila Salinas
Tink-a-Tako - Potranco,Rosa Compean,203,9,Lobby,,9/26/25 10:55 AM,9/26/25 10:58 AM,3 minutes and 1 second,Mayra Luna
Tink-a-Tako - Potranco,Norma Vasquez,212,15,Lobby,,9/26/25 10:52 AM,9/26/25 10:58 AM,6 minutes and 18 seconds,Mayra Luna
Tink-a-Tako - Potranco,Candy  Del angel ,186,,Lobby,,9/26/25 10:57 AM,9/26/25 10:59 AM,2 minutes and 5 seconds,Mayra Luna
Tink-a-Tako - Potranco,Candy  Del angel ,218,,Lobby,,9/26/25 10:57 AM,9/26/25 11:00 AM,2 minutes and 30 seconds,Mayra Luna
Tink-a-Tako - Potranco,Rosa Compean,217,19,Lobby,,9/26/25 10:56 AM,9/26/25 11:00 AM,3 minutes and 56 seconds,Mayra Luna
Tink-a-Tako - Potranco,Rosa Compean,217,19,Prep,,9/26/25 10:56 AM,9/26/25 11:00 AM,3 minutes and 56 seconds,Mayra Luna
Tink-a-Tako - Potranco,Candy  Del angel ,219,,Lobby,,9/26/25 10:57 AM,9/26/25 11:00 AM,3 minutes and 4 seconds,Mayra Luna
Tink-a-Tako - Potranco,Rosa Compean,215,,,2,9/26/25 10:52 AM,9/26/25 11:02 AM,9 minutes and 39 seconds,Zoila Salinas
Tink-a-Tako - Potranco,Norma Vasquez,212,15,,2,9/26/25 10:58 AM,9/26/25 11:02 AM,3 minutes and 18 seconds,Zoila Salinas
Tink-a-Tako - Potranco,Rosa Compean,203,9,,2,9/26/25 10:50 AM,9/26/25 11:02 AM,11 minutes and 27 seconds,Zoila Salinas
Tink-a-Tako - Potranco,Candy  Del angel ,220,,Lobby,,9/26/25 10:58 AM,9/26/25 11:02 AM,3 minutes and 31 seconds,Mayra Luna
Tink-a-Tako - Potranco,Maria Majana,221,,Lobby,,9/26/25 10:59 AM,9/26/25 11:03 AM,3 minutes and 54 seconds,Mayra Luna
Tink-a-Tako - Potranco,Rosa Compean,203,9,Lobby,,9/26/25 10:54 AM,9/26/25 11:03 AM,8 minutes and 23 seconds,Mayra Luna
Tink-a-Tako - Potranco,Rosa Compean,203,9,Tortillero,,9/26/25 10:54 AM,9/26/25 11:03 AM,8 minutes and 23 seconds,Mayra Luna
Tink-a-Tako - Potranco,Rosa Compean,203,9,Prep,,9/26/25 10:54 AM,9/26/25 11:03 AM,8 minutes and 23 seconds,Mayra Luna
Tink-a-Tako - Potranco,Candy  Del angel ,222,,Lobby,,9/26/25 10:59 AM,9/26/25 11:04 AM,5 minutes and 14 seconds,Mayra Luna
Tink-a-Tako - Potranco,Rosa Compean,217,19,Lobby,,9/26/25 11:03 AM,9/26/25 11:04 AM,1 minute and 43 seconds,Mayra Luna
Tink-a-Tako - Potranco,Esperansa Caviedes,228,33,Lobby,,9/26/25 11:02 AM,9/26/25 11:05 AM,2 minutes and 53 seconds,Mayra Luna
Tink-a-Tako - Potranco,Rosa Compean,229,7,Lobby,,9/26/25 11:05 AM,9/26/25 11:05 AM,29 seconds,Mayra Luna
Tink-a-Tako - Potranco,Candy  Del angel ,224,,Lobby,,9/26/25 10:59 AM,9/26/25 11:06 AM,7 minutes and 4 seconds,Mayra Luna
Tink-a-Tako - Potranco,Norma Vasquez,230,38,Lobby,,9/26/25 11:07 AM,9/26/25 11:09 AM,1 minute and 47 seconds,Mayra Luna
Tink-a-Tako - Potranco,Candy  Del angel ,231,,Lobby,,9/26/25 11:09 AM,9/26/25 11:11 AM,1 minute and 51 seconds,Mayra Luna
Tink-a-Tako - Potranco,Silvia Hernandez,232,18,Lobby,,9/26/25 11:09 AM,9/26/25 11:12 AM,2 minutes and 24 seconds,Mayra Luna
Tink-a-Tako - Potranco,Candy  Del angel ,234,,Lobby,,9/26/25 11:11 AM,9/26/25 11:14 AM,3 minutes and 12 seconds,Mayra Luna
Tink-a-Tako - Potranco,Esperansa Caviedes,189,20,,2,9/26/25 10:46 AM,9/26/25 11:14 AM,28 minutes and 7 seconds,Zoila Salinas
Tink-a-Tako - Potranco,Rosa Compean,203,9,,2,9/26/25 10:58 AM,9/26/25 11:14 AM,15 minutes and 44 seconds,Zoila Salinas
Tink-a-Tako - Potranco,Rosa Compean,203,9,,2,9/26/25 11:03 AM,9/26/25 11:14 AM,11 minutes and 3 seconds,Zoila Salinas
Tink-a-Tako - Potranco,Maria Majana,221,,,2,9/26/25 11:03 AM,9/26/25 11:14 AM,11 minutes and 27 seconds,Zoila Salinas
Tink-a-Tako - Potranco,Rosa Compean,217,19,,2,9/26/25 11:00 AM,9/26/25 11:14 AM,14 minutes and 24 seconds,Zoila Salinas
Tink-a-Tako - Potranco,Esperansa Caviedes,228,33,,2,9/26/25 11:05 AM,9/26/25 11:14 AM,9 minutes and 1 second,Zoila Salinas
Tink-a-Tako - Potranco,Rosa Compean,217,19,,2,9/26/25 11:04 AM,9/26/25 11:14 AM,9 minutes and 43 seconds,Zoila Salinas
Tink-a-Tako - Potranco,Norma Vasquez,230,38,,2,9/26/25 11:09 AM,9/26/25 11:14 AM,5 minutes and 31 seconds,Zoila Salinas
Tink-a-Tako - Potranco,Rosa Compean,229,7,,2,9/26/25 11:05 AM,9/26/25 11:14 AM,9 minutes and 3 seconds,Zoila Salinas
Tink-a-Tako - Potranco,Esperansa Caviedes,233,31,Lobby,,9/26/25 11:11 AM,9/26/25 11:16 AM,4 minutes and 23 seconds,Mayra Luna
Tink-a-Tako - Potranco,Esperansa Caviedes,233,31,Tortillero,,9/26/25 11:11 AM,9/26/25 11:16 AM,4 minutes and 23 seconds,Mayra Luna
Tink-a-Tako - Potranco,Norma Vasquez,230,38,Lobby,,9/26/25 11:13 AM,9/26/25 11:17 AM,4 minutes and 26 seconds,Mayra Luna
Tink-a-Tako - Potranco,Norma Vasquez,230,38,Tortillero,,9/26/25 11:13 AM,9/26/25 11:17 AM,4 minutes and 26 seconds,Mayra Luna
Tink-a-Tako - Potranco,Norma Vasquez,230,38,Prep,,9/26/25 11:13 AM,9/26/25 11:17 AM,4 minutes and 26 seconds,Mayra Luna
Tink-a-Tako - Potranco,Silvia Hernandez,232,18,,2,9/26/25 11:12 AM,9/26/25 11:19 AM,7 minutes and 17 seconds,Zoila Salinas
Tink-a-Tako - Potranco,Esperansa Caviedes,233,31,,2,9/26/25 11:16 AM,9/26/25 11:19 AM,3 minutes and 31 seconds,Zoila Salinas
Tink-a-Tako - Potranco,Norma Vasquez,230,38,,2,9/26/25 11:17 AM,9/26/25 11:19 AM,1 minute and 58 seconds,Zoila Salinas
Tink-a-Tako - Potranco,Candy  Del angel ,238,,Lobby,,9/26/25 11:17 AM,9/26/25 11:19 AM,2 minutes and 21 seconds,Mayra Luna
Tink-a-Tako - Potranco,Brianna  Arias ,236,,Lobby,,9/26/25 11:17 AM,9/26/25 11:23 AM,6 minutes and 9 seconds,Mayra Luna
Tink-a-Tako - Potranco,Rosa Compean,235,11,Lobby,,9/26/25 11:16 AM,9/26/25 11:24 AM,7 minutes and 48 seconds,Mayra Luna
Tink-a-Tako - Potranco,Silvia Hernandez,237,10,Lobby,,9/26/25 11:19 AM,9/26/25 11:25 AM,5 minutes and 40 seconds,Mayra Luna
Tink-a-Tako - Potranco,Silvia Hernandez,237,10,Prep,,9/26/25 11:19 AM,9/26/25 11:25 AM,5 minutes and 40 seconds,Mayra Luna
Tink-a-Tako - Potranco,Rosa Compean,240,,Lobby,,9/26/25 11:20 AM,9/26/25 11:25 AM,5 minutes and 40 seconds,Mayra Luna
Tink-a-Tako - Potranco,Esperansa Caviedes,216,40,Lobby,,9/26/25 11:21 AM,9/26/25 11:27 AM,5 minutes and 59 seconds,Mayra Luna
Tink-a-Tako - Potranco,Esperansa Caviedes,216,40,Lobby,,9/26/25 11:28 AM,9/26/25 11:29 AM,1 minute and 9 seconds,Mayra Luna
Tink-a-Tako - Potranco,Norma Vasquez,242,24,Lobby,,9/26/25 11:22 AM,9/26/25 11:29 AM,7 minutes and 43 seconds,Mayra Luna
Tink-a-Tako - Potranco,Norma Vasquez,242,24,Tortillero,,9/26/25 11:22 AM,9/26/25 11:29 AM,7 minutes and 43 seconds,Mayra Luna
Tink-a-Tako - Potranco,Norma Vasquez,242,24,Prep,,9/26/25 11:22 AM,9/26/25 11:29 AM,7 minutes and 43 seconds,Mayra Luna
Tink-a-Tako - Potranco,Rosa Compean,235,11,,2,9/26/25 11:24 AM,9/26/25 11:30 AM,6 minutes and 32 seconds,Zoila Salinas
Tink-a-Tako - Potranco,Brianna  Arias ,236,,,2,9/26/25 11:23 AM,9/26/25 11:30 AM,6 minutes and 45 seconds,Zoila Salinas
Tink-a-Tako - Potranco,Rosa Compean,240,,,2,9/26/25 11:25 AM,9/26/25 11:30 AM,4 minutes and 47 seconds,Zoila Salinas
Tink-a-Tako - Potranco,Norma Vasquez,242,24,,2,9/26/25 11:29 AM,9/26/25 11:30 AM,47 seconds,Zoila Salinas
Tink-a-Tako - Potranco,Silvia Hernandez,237,10,,2,9/26/25 11:25 AM,9/26/25 11:30 AM,5 minutes and 7 seconds,Zoila Salinas
Tink-a-Tako - Potranco,Esperansa Caviedes,216,40,,2,9/26/25 11:27 AM,9/26/25 11:30 AM,2 minutes and 59 seconds,Zoila Salinas
Tink-a-Tako - Potranco,Esperansa Caviedes,216,40,,2,9/26/25 11:29 AM,9/26/25 11:30 AM,1 minute and 15 seconds,Zoila Salinas
Tink-a-Tako - Potranco,Candy  Del angel ,244,,Lobby,,9/26/25 11:28 AM,9/26/25 11:31 AM,3 minutes and 23 seconds,Mayra Luna
Tink-a-Tako - Potranco,Esperansa Caviedes,216,40,Lobby,,9/26/25 11:30 AM,9/26/25 11:31 AM,1 minute and 29 seconds,Mayra Luna
Tink-a-Tako - Potranco,Esperansa Caviedes,216,40,Tortillero,,9/26/25 11:30 AM,9/26/25 11:31 AM,1 minute and 29 seconds,Mayra Luna
Tink-a-Tako - Potranco,Esperansa Caviedes,216,40,Prep,,9/26/25 11:30 AM,9/26/25 11:31 AM,1 minute and 29 seconds,Mayra Luna
Tink-a-Tako - Potranco,Candy  Del angel ,246,,Lobby,,9/26/25 11:29 AM,9/26/25 11:33 AM,3 minutes and 50 seconds,Mayra Luna
Tink-a-Tako - Potranco,Candy  Del angel ,247,,Lobby,,9/26/25 11:30 AM,9/26/25 11:34 AM,3 minutes and 49 seconds,Mayra Luna
Tink-a-Tako - Potranco,Silvia Hernandez,249,23,Lobby,,9/26/25 11:30 AM,9/26/25 11:34 AM,3 minutes and 35 seconds,Mayra Luna
Tink-a-Tako - Potranco,Silvia Hernandez,249,23,Tortillero,,9/26/25 11:30 AM,9/26/25 11:34 AM,3 minutes and 35 seconds,Mayra Luna
Tink-a-Tako - Potranco,Silvia Hernandez,249,23,Prep,,9/26/25 11:30 AM,9/26/25 11:34 AM,3 minutes and 35 seconds,Mayra Luna
Tink-a-Tako - Potranco,Silvia Hernandez,249,23,Lobby,,9/26/25 11:31 AM,9/26/25 11:34 AM,3 minutes and 2 seconds,Mayra Luna
Tink-a-Tako - Potranco,Silvia Hernandez,249,23,Tortillero,,9/26/25 11:31 AM,9/26/25 11:34 AM,3 minutes and 2 seconds,Mayra Luna
Tink-a-Tako - Potranco,Silvia Hernandez,249,23,Prep,,9/26/25 11:31 AM,9/26/25 11:34 AM,3 minutes and 2 seconds,Mayra Luna
Tink-a-Tako - Potranco,Candy  Del angel ,248,,Lobby,,9/26/25 11:31 AM,9/26/25 11:34 AM,3 minutes and 11 seconds,Mayra Luna
Tink-a-Tako - Potranco,Candy  Del angel ,251,,Lobby,,9/26/25 11:33 AM,9/26/25 11:34 AM,58 seconds,Mayra Luna
Tink-a-Tako - Potranco,Rosa Compean,250,26,Lobby,,9/26/25 11:32 AM,9/26/25 11:36 AM,3 minutes and 52 seconds,Mayra Luna
Tink-a-Tako - Potranco,Esperansa Caviedes,253,17,Lobby,,9/26/25 11:35 AM,9/26/25 11:36 AM,1 minute and 12 seconds,Mayra Luna
Tink-a-Tako - Potranco,Norma Vasquez,212,15,,2,9/26/25 11:38 AM,9/26/25 11:38 AM,3 seconds,Zoila Salinas
Tink-a-Tako - Potranco,Rosa Compean,245,32,Lobby,,9/26/25 11:28 AM,9/26/25 11:39 AM,11 minutes and 39 seconds,Mayra Luna
Tink-a-Tako - Potranco,Norma Vasquez,212,15,Lobby,,9/26/25 11:38 AM,9/26/25 11:43 AM,4 minutes and 16 seconds,Mayra Luna
Tink-a-Tako - Potranco,Maria Majana,255,,Lobby,,9/26/25 11:39 AM,9/26/25 11:43 AM,4 minutes and 12 seconds,Mayra Luna
Tink-a-Tako - Potranco,Rosa Compean,245,32,Lobby,,9/26/25 11:41 AM,9/26/25 11:44 AM,2 minutes and 15 seconds,Mayra Luna
Tink-a-Tako - Potranco,Norma Vasquez,256,37,Lobby,,9/26/25 11:39 AM,9/26/25 11:45 AM,5 minutes and 23 seconds,Mayra Luna
Tink-a-Tako - Potranco,Candy  Del angel ,259,,Lobby,,9/26/25 11:42 AM,9/26/25 11:45 AM,2 minutes and 34 seconds,Mayra Luna
Tink-a-Tako - Potranco,Esperansa Caviedes,260,22,Lobby,,9/26/25 11:43 AM,9/26/25 11:45 AM,2 minutes and 37 seconds,Mayra Luna
Tink-a-Tako - Potranco,Esperansa Caviedes,260,22,,2,9/26/25 11:45 AM,9/26/25 11:47 AM,1 minute and 27 seconds,Zoila Salinas
Tink-a-Tako - Potranco,Norma Vasquez,256,37,,2,9/26/25 11:45 AM,9/26/25 11:47 AM,2 minutes and 12 seconds,Zoila Salinas
Tink-a-Tako - Potranco,Esperansa Caviedes,253,17,,2,9/26/25 11:36 AM,9/26/25 11:47 AM,10 minutes and 43 seconds,Zoila Salinas
Tink-a-Tako - Potranco,Maria Majana,255,,,2,9/26/25 11:43 AM,9/26/25 11:47 AM,3 minutes and 58 seconds,Zoila Salinas
Tink-a-Tako - Potranco,Rosa Compean,245,32,,2,9/26/25 11:44 AM,9/26/25 11:47 AM,3 minutes and 25 seconds,Zoila Salinas
Tink-a-Tako - Potranco,Silvia Hernandez,249,23,,2,9/26/25 11:34 AM,9/26/25 11:47 AM,12 minutes and 57 seconds,Zoila Salinas
Tink-a-Tako - Potranco,Norma Vasquez,212,15,,2,9/26/25 11:43 AM,9/26/25 11:47 AM,4 minutes and 30 seconds,Zoila Salinas
Tink-a-Tako - Potranco,Rosa Compean,245,32,,2,9/26/25 11:39 AM,9/26/25 11:47 AM,7 minutes and 41 seconds,Zoila Salinas
Tink-a-Tako - Potranco,Rosa Compean,250,26,,2,9/26/25 11:36 AM,9/26/25 11:47 AM,10 minutes and 46 seconds,Zoila Salinas
Tink-a-Tako - Potranco,Silvia Hernandez,249,23,,2,9/26/25 11:34 AM,9/26/25 11:47 AM,13 minutes,Zoila Salinas
Tink-a-Tako - Potranco,Esperansa Caviedes,216,40,,2,9/26/25 11:31 AM,9/26/25 11:47 AM,15 minutes and 41 seconds,Zoila Salinas
Tink-a-Tako - Potranco,Candy  Del angel ,261,,Lobby,,9/26/25 11:43 AM,9/26/25 11:48 AM,5 minutes and 12 seconds,Mayra Luna
Tink-a-Tako - Potranco,Maria Majana,262,,Lobby,,9/26/25 11:45 AM,9/26/25 11:48 AM,2 minutes and 21 seconds,Mayra Luna
Tink-a-Tako - Potranco,Candy  Del angel ,264,,Lobby,,9/26/25 11:46 AM,9/26/25 11:49 AM,2 minutes and 55 seconds,Mayra Luna
Tink-a-Tako - Potranco,Esperansa Caviedes,241,42,Lobby,,9/26/25 11:46 AM,9/26/25 11:50 AM,3 minutes and 39 seconds,Mayra Luna
Tink-a-Tako - Potranco,Esperansa Caviedes,241,42,Prep,,9/26/25 11:46 AM,9/26/25 11:50 AM,3 minutes and 39 seconds,Mayra Luna
Tink-a-Tako - Potranco,Candy  Del angel ,268,,Lobby,,9/26/25 11:49 AM,9/26/25 11:50 AM,49 seconds,Mayra Luna
Tink-a-Tako - Potranco,Rosa Compean,245,32,Lobby,,9/26/25 11:50 AM,9/26/25 11:50 AM,33 seconds,Mayra Luna
Tink-a-Tako - Potranco,Rosa Compean,265,25,Lobby,,9/26/25 11:46 AM,9/26/25 11:53 AM,6 minutes and 20 seconds,Mayra Luna
Tink-a-Tako - Potranco,Esperansa Caviedes,241,42,Lobby,,9/26/25 11:53 AM,9/26/25 11:53 AM,21 seconds,Mayra Luna
Tink-a-Tako - Potranco,Candy  Del angel ,269,,Lobby,,9/26/25 11:50 AM,9/26/25 11:54 AM,4 minutes and 17 seconds,Mayra Luna
Tink-a-Tako - Potranco,Silvia Hernandez,266,33,Lobby,,9/26/25 11:53 AM,9/26/25 11:54 AM,1 minute and 2 seconds,Mayra Luna
Tink-a-Tako - Potranco,Silvia Hernandez,266,33,Tortillero,,9/26/25 11:53 AM,9/26/25 11:54 AM,1 minute and 2 seconds,Mayra Luna
Tink-a-Tako - Potranco,Silvia Hernandez,266,33,Prep,,9/26/25 11:53 AM,9/26/25 11:54 AM,1 minute and 2 seconds,Mayra Luna
Tink-a-Tako - Potranco,Silvia Hernandez,267,34,Lobby,,9/26/25 11:50 AM,9/26/25 11:55 AM,4 minutes and 41 seconds,Mayra Luna
Tink-a-Tako - Potranco,Silvia Hernandez,267,34,Tortillero,,9/26/25 11:50 AM,9/26/25 11:55 AM,4 minutes and 41 seconds,Mayra Luna
Tink-a-Tako - Potranco,Silvia Hernandez,267,34,Prep,,9/26/25 11:50 AM,9/26/25 11:55 AM,4 minutes and 41 seconds,Mayra Luna
Tink-a-Tako - Potranco,Candy  Del angel ,270,,Lobby,,9/26/25 11:53 AM,9/26/25 11:57 AM,3 minutes and 55 seconds,Mayra Luna
Tink-a-Tako - Potranco,Candy  Del angel ,272,,Lobby,,9/26/25 11:56 AM,9/26/25 11:58 AM,2 minutes and 58 seconds,Mayra Luna
Tink-a-Tako - Potranco,Silvia Hernandez,266,33,,2,9/26/25 11:54 AM,9/26/25 11:59 AM,4 minutes and 55 seconds,Zoila Salinas
Tink-a-Tako - Potranco,Norma Vasquez,271,19,Lobby,,9/26/25 11:55 AM,9/26/25 11:59 AM,4 minutes and 51 seconds,Mayra Luna
Tink-a-Tako - Potranco,Norma Vasquez,271,19,Tortillero,,9/26/25 11:55 AM,9/26/25 11:59 AM,4 minutes and 51 seconds,Mayra Luna
Tink-a-Tako - Potranco,Silvia Hernandez,267,34,,2,9/26/25 11:55 AM,9/26/25 11:59 AM,4 minutes and 54 seconds,Zoila Salinas
Tink-a-Tako - Potranco,Esperansa Caviedes,241,42,,2,9/26/25 11:53 AM,9/26/25 11:59 AM,6 minutes and 1 second,Zoila Salinas
Tink-a-Tako - Potranco,Rosa Compean,265,25,,2,9/26/25 11:53 AM,9/26/25 11:59 AM,6 minutes and 42 seconds,Zoila Salinas
Tink-a-Tako - Potranco,Rosa Compean,245,32,,2,9/26/25 11:50 AM,9/26/25 12:00 PM,9 minutes and 21 seconds,Zoila Salinas
Tink-a-Tako - Potranco,Esperansa Caviedes,241,42,,2,9/26/25 11:50 AM,9/26/25 12:00 PM,9 minutes and 50 seconds,Zoila Salinas
Tink-a-Tako - Potranco,Maria Majana,262,,,2,9/26/25 11:48 AM,9/26/25 12:00 PM,11 minutes and 51 seconds,Zoila Salinas
Tink-a-Tako - Potranco,Candy  Del angel ,275,,Lobby,,9/26/25 12:00 PM,9/26/25 12:04 PM,3 minutes and 56 seconds,Mayra Luna
Tink-a-Tako - Potranco,Esperansa Caviedes,274,16,Lobby,,9/26/25 12:01 PM,9/26/25 12:06 PM,5 minutes and 4 seconds,Mayra Luna
Tink-a-Tako - Potranco,Norma Vasquez,271,19,,2,9/26/25 11:59 AM,9/26/25 12:06 PM,6 minutes and 37 seconds,Zoila Salinas
Tink-a-Tako - Potranco,Esperansa Caviedes,274,16,,2,9/26/25 12:06 PM,9/26/25 12:06 PM,23 seconds,Zoila Salinas
Tink-a-Tako - Potranco,Candy  Del angel ,280,,Lobby,,9/26/25 12:03 PM,9/26/25 12:09 PM,5 minutes and 28 seconds,Mayra Luna
Tink-a-Tako - Potranco,Candy  Del angel ,276,,Lobby,,9/26/25 12:01 PM,9/26/25 12:09 PM,7 minutes and 54 seconds,Mayra Luna
Tink-a-Tako - Potranco,Norma Vasquez,278,10,Lobby,,9/26/25 12:02 PM,9/26/25 12:09 PM,6 minutes and 48 seconds,Mayra Luna
Tink-a-Tako - Potranco,Norma Vasquez,278,10,Tortillero,,9/26/25 12:02 PM,9/26/25 12:09 PM,6 minutes and 48 seconds,Mayra Luna
Tink-a-Tako - Potranco,Rosa Compean,279,38,Lobby,,9/26/25 12:02 PM,9/26/25 12:09 PM,7 minutes and 15 seconds,Mayra Luna
Tink-a-Tako - Potranco,Norma Vasquez,278,10,,2,9/26/25 12:09 PM,9/26/25 12:09 PM,1 second,Zoila Salinas
Tink-a-Tako - Potranco,Norma Vasquez,277,20,Lobby,,9/26/25 12:02 PM,9/26/25 12:09 PM,7 minutes and 33 seconds,Mayra Luna
Tink-a-Tako - Potranco,Norma Vasquez,277,20,,2,9/26/25 12:09 PM,9/26/25 12:09 PM,13 seconds,Zoila Salinas
Tink-a-Tako - Potranco,Candy  Del angel ,281,,Lobby,,9/26/25 12:05 PM,9/26/25 12:10 PM,5 minutes and 3 seconds,Mayra Luna
Tink-a-Tako - Potranco,Esperansa Caviedes,260,22,Lobby,,9/26/25 12:14 PM,9/26/25 12:15 PM,1 minute,Mayra Luna
Tink-a-Tako - Potranco,Silvia Hernandez,282,7,Lobby,,9/26/25 12:06 PM,9/26/25 12:17 PM,10 minutes and 27 seconds,Mayra Luna
Tink-a-Tako - Potranco,Silvia Hernandez,282,7,Tortillero,,9/26/25 12:06 PM,9/26/25 12:17 PM,10 minutes and 27 seconds,Mayra Luna
Tink-a-Tako - Potranco,Esperansa Caviedes,260,22,,2,9/26/25 12:15 PM,9/26/25 12:23 PM,8 minutes and 3 seconds,Zoila Salinas
Tink-a-Tako - Potranco,Silvia Hernandez,282,7,,2,9/26/25 12:17 PM,9/26/25 12:23 PM,6 minutes and 8 seconds,Zoila Salinas
Tink-a-Tako - Potranco,Rosa Compean,284,39,Lobby,,9/26/25 12:12 PM,9/26/25 12:23 PM,11 minutes and 36 seconds,Mayra Luna
Tink-a-Tako - Potranco,Esperansa Caviedes,283,24,Lobby,,9/26/25 12:16 PM,9/26/25 12:24 PM,7 minutes and 51 seconds,Mayra Luna
Tink-a-Tako - Potranco,Norma Vasquez,288,15,Lobby,,9/26/25 12:22 PM,9/26/25 12:24 PM,2 minutes and 26 seconds,Mayra Luna
Tink-a-Tako - Potranco,Candy  Del angel ,285,,Lobby,,9/26/25 12:20 PM,9/26/25 12:24 PM,4 minutes and 8 seconds,Mayra Luna
Tink-a-Tako - Potranco,Candy  Del angel ,291,,Lobby,,9/26/25 12:25 PM,9/26/25 12:27 PM,1 minute and 40 seconds,Mayra Luna
Tink-a-Tako - Potranco,Silvia Hernandez,289,32,Lobby,,9/26/25 12:24 PM,9/26/25 12:27 PM,3 minutes and 12 seconds,Mayra Luna
Tink-a-Tako - Potranco,Silvia Hernandez,290,,Lobby,,9/26/25 12:26 PM,9/26/25 12:28 PM,2 minutes and 44 seconds,Mayra Luna
Tink-a-Tako - Potranco,Esperansa Caviedes,286,11,Lobby,,9/26/25 12:25 PM,9/26/25 12:29 PM,4 minutes and 43 seconds,Mayra Luna
Tink-a-Tako - Potranco,Norma Vasquez,288,15,Lobby,,9/26/25 12:26 PM,9/26/25 12:31 PM,4 minutes and 55 seconds,Mayra Luna
Tink-a-Tako - Potranco,Norma Vasquez,294,17,Lobby,,9/26/25 12:28 PM,9/26/25 12:31 PM,3 minutes and 46 seconds,Mayra Luna
Tink-a-Tako - Potranco,Esperansa Caviedes,286,11,,2,9/26/25 12:29 PM,9/26/25 12:33 PM,3 minutes and 19 seconds,Zoila Salinas
Tink-a-Tako - Potranco,Norma Vasquez,288,15,,2,9/26/25 12:24 PM,9/26/25 12:33 PM,8 minutes and 27 seconds,Zoila Salinas
Tink-a-Tako - Potranco,Silvia Hernandez,289,32,,2,9/26/25 12:27 PM,9/26/25 12:33 PM,5 minutes and 25 seconds,Zoila Salinas
Tink-a-Tako - Potranco,Norma Vasquez,288,15,,2,9/26/25 12:31 PM,9/26/25 12:33 PM,1 minute and 43 seconds,Zoila Salinas
Tink-a-Tako - Potranco,Silvia Hernandez,290,,,2,9/26/25 12:28 PM,9/26/25 12:33 PM,4 minutes and 32 seconds,Zoila Salinas
Tink-a-Tako - Potranco,Rosa Compean,284,39,,2,9/26/25 12:23 PM,9/26/25 12:33 PM,9 minutes and 38 seconds,Zoila Salinas
Tink-a-Tako - Potranco,Candy  Del angel ,285,,,2,9/26/25 12:24 PM,9/26/25 12:33 PM,8 minutes and 30 seconds,Zoila Salinas
Tink-a-Tako - Potranco,Norma Vasquez,294,17,,2,9/26/25 12:31 PM,9/26/25 12:33 PM,1 minute and 28 seconds,Zoila Salinas
Tink-a-Tako - Potranco,Esperansa Caviedes,283,24,,2,9/26/25 12:24 PM,9/26/25 12:33 PM,8 minutes and 35 seconds,Zoila Salinas
Tink-a-Tako - Potranco,Rosa Compean,279,38,,2,9/26/25 12:09 PM,9/26/25 12:33 PM,23 minutes and 51 seconds,Zoila Salinas
Tink-a-Tako - Potranco,Candy  Del angel ,295,,Lobby,,9/26/25 12:31 PM,9/26/25 12:34 PM,2 minutes and 53 seconds,Mayra Luna
Tink-a-Tako - Potranco,Candy  Del angel ,299,,Lobby,,9/26/25 12:36 PM,9/26/25 12:39 PM,2 minutes and 30 seconds,Mayra Luna
Tink-a-Tako - Potranco,Esperansa Caviedes,298,40,Lobby,,9/26/25 12:35 PM,9/26/25 12:39 PM,3 minutes and 23 seconds,Mayra Luna
Tink-a-Tako - Potranco,Esperansa Caviedes,298,40,Tortillero,,9/26/25 12:35 PM,9/26/25 12:39 PM,3 minutes and 23 seconds,Mayra Luna
Tink-a-Tako - Potranco,Esperansa Caviedes,298,40,Prep,,9/26/25 12:35 PM,9/26/25 12:39 PM,3 minutes and 23 seconds,Mayra Luna
Tink-a-Tako - Potranco,Candy  Del angel ,299,,Lobby,,9/26/25 12:37 PM,9/26/25 12:40 PM,3 minutes and 5 seconds,Mayra Luna
Tink-a-Tako - Potranco,Rosa Compean,296,23,Lobby,,9/26/25 12:35 PM,9/26/25 12:40 PM,4 minutes and 54 seconds,Mayra Luna
Tink-a-Tako - Potranco,Candy  Del angel ,301,,Lobby,,9/26/25 12:37 PM,9/26/25 12:41 PM,3 minutes and 45 seconds,Mayra Luna
Tink-a-Tako - Potranco,Rosa Compean,284,39,Lobby,,9/26/25 12:38 PM,9/26/25 12:44 PM,5 minutes and 18 seconds,Mayra Luna
Tink-a-Tako - Potranco,Candy  Del angel ,201,,Lobby,,9/26/25 12:38 PM,9/26/25 12:44 PM,5 minutes and 49 seconds,Mayra Luna
Tink-a-Tako - Potranco,Silvia Hernandez,300,22,Lobby,,9/26/25 12:38 PM,9/26/25 12:45 PM,7 minutes and 13 seconds,Mayra Luna
Tink-a-Tako - Potranco,Candy  Del angel ,304,,Lobby,,9/26/25 12:43 PM,9/26/25 12:47 PM,4 minutes and 15 seconds,Mayra Luna
Tink-a-Tako - Potranco,Candy  Del angel ,303,,Lobby,,9/26/25 12:42 PM,9/26/25 12:48 PM,5 minutes and 18 seconds,Mayra Luna
Tink-a-Tako - Potranco,Candy  Del angel ,309,,Lobby,,9/26/25 12:47 PM,9/26/25 12:49 PM,1 minute and 43 seconds,Mayra Luna
Tink-a-Tako - Potranco,Esperansa Caviedes,306,19,Lobby,,9/26/25 12:45 PM,9/26/25 12:49 PM,4 minutes and 10 seconds,Mayra Luna
Tink-a-Tako - Potranco,Esperansa Caviedes,306,19,,2,9/26/25 12:49 PM,9/26/25 12:51 PM,1 minute and 56 seconds,Zoila Salinas
Tink-a-Tako - Potranco,Silvia Hernandez,300,22,,2,9/26/25 12:45 PM,9/26/25 12:51 PM,6 minutes,Zoila Salinas
Tink-a-Tako - Potranco,Rosa Compean,284,39,,2,9/26/25 12:44 PM,9/26/25 12:51 PM,7 minutes and 46 seconds,Zoila Salinas
Tink-a-Tako - Potranco,Rosa Compean,296,23,,2,9/26/25 12:40 PM,9/26/25 12:51 PM,11 minutes and 19 seconds,Zoila Salinas
Tink-a-Tako - Potranco,Esperansa Caviedes,298,40,,2,9/26/25 12:39 PM,9/26/25 12:51 PM,12 minutes and 34 seconds,Zoila Salinas
Tink-a-Tako - Potranco,Candy  Del angel ,310,,Lobby,,9/26/25 12:50 PM,9/26/25 12:55 PM,5 minutes and 31 seconds,Mayra Luna
Tink-a-Tako - Potranco,Rosa Compean,311,10,Lobby,,9/26/25 12:49 PM,9/26/25 12:57 PM,7 minutes and 45 seconds,Mayra Luna
Tink-a-Tako - Potranco,Candy  Del angel ,316,,Lobby,,9/26/25 12:57 PM,9/26/25 12:57 PM,46 seconds,Mayra Luna
Tink-a-Tako - Potranco,Candy  Del angel ,316,,Tortillero,,9/26/25 12:57 PM,9/26/25 12:57 PM,46 seconds,Mayra Luna
Tink-a-Tako - Potranco,Candy  Del angel ,315,,Lobby,,9/26/25 12:55 PM,9/26/25 12:58 PM,2 minutes and 42 seconds,Mayra Luna
Tink-a-Tako - Potranco,Silvia Hernandez,314,33,Lobby,,9/26/25 12:55 PM,9/26/25 1:00 PM,5 minutes and 27 seconds,Mayra Luna
Tink-a-Tako - Potranco,Candy  Del angel ,319,,Lobby,,9/26/25 12:59 PM,9/26/25 1:05 PM,5 minutes and 30 seconds,Mayra Luna
Tink-a-Tako - Potranco,Esperansa Caviedes,318,25,Lobby,,9/26/25 12:57 PM,9/26/25 1:06 PM,8 minutes and 53 seconds,Mayra Luna
Tink-a-Tako - Potranco,Esperansa Caviedes,318,25,Tortillero,,9/26/25 12:57 PM,9/26/25 1:06 PM,8 minutes and 53 seconds,Mayra Luna
Tink-a-Tako - Potranco,Esperansa Caviedes,318,25,Prep,,9/26/25 12:57 PM,9/26/25 1:06 PM,8 minutes and 53 seconds,Mayra Luna
Tink-a-Tako - Potranco,Silvia Hernandez,314,33,,2,9/26/25 1:00 PM,9/26/25 1:08 PM,7 minutes and 33 seconds,Zoila Salinas
Tink-a-Tako - Potranco,Rosa Compean,322,37,Lobby,,9/26/25 1:01 PM,9/26/25 1:08 PM,7 minutes and 12 seconds,Mayra Luna
Tink-a-Tako - Potranco,Candy  Del angel ,320,,Lobby,,9/26/25 1:00 PM,9/26/25 1:08 PM,8 minutes and 10 seconds,Mayra Luna
Tink-a-Tako - Potranco,Norma Vasquez,324,40,Lobby,,9/26/25 1:01 PM,9/26/25 1:11 PM,9 minutes and 19 seconds,Mayra Luna
Tink-a-Tako - Potranco,Norma Vasquez,324,40,Tortillero,,9/26/25 1:01 PM,9/26/25 1:11 PM,9 minutes and 19 seconds,Mayra Luna
Tink-a-Tako - Potranco,Norma Vasquez,324,40,Prep,,9/26/25 1:01 PM,9/26/25 1:11 PM,9 minutes and 19 seconds,Mayra Luna
Tink-a-Tako - Potranco,Silvia Hernandez,323,35,Lobby,,9/26/25 1:01 PM,9/26/25 1:11 PM,9 minutes and 44 seconds,Mayra Luna
Tink-a-Tako - Potranco,Candy  Del angel ,321,,Lobby,,9/26/25 1:01 PM,9/26/25 1:11 PM,10 minutes and 7 seconds,Mayra Luna
Tink-a-Tako - Potranco,Silvia Hernandez,323,35,,2,9/26/25 1:11 PM,9/26/25 1:12 PM,1 minute and 21 seconds,Zoila Salinas
Tink-a-Tako - Potranco,Rosa Compean,322,37,,2,9/26/25 1:08 PM,9/26/25 1:12 PM,4 minutes and 24 seconds,Zoila Salinas
Tink-a-Tako - Potranco,Esperansa Caviedes,318,25,,2,9/26/25 1:06 PM,9/26/25 1:12 PM,5 minutes and 57 seconds,Zoila Salinas
Tink-a-Tako - Potranco,Norma Vasquez,324,40,,2,9/26/25 1:11 PM,9/26/25 1:12 PM,1 minute and 32 seconds,Zoila Salinas
Tink-a-Tako - Potranco,Norma Vasquez,326,17,Lobby,,9/26/25 1:09 PM,9/26/25 1:13 PM,4 minutes and 6 seconds,Mayra Luna
Tink-a-Tako - Potranco,Candy  Del angel ,328,,Lobby,,9/26/25 1:10 PM,9/26/25 1:13 PM,3 minutes and 6 seconds,Mayra Luna
Tink-a-Tako - Potranco,Esperansa Caviedes,327,18,Lobby,,9/26/25 1:11 PM,9/26/25 1:19 PM,8 minutes and 9 seconds,Mayra Luna
Tink-a-Tako - Potranco,Esperansa Caviedes,327,18,Tortillero,,9/26/25 1:11 PM,9/26/25 1:19 PM,8 minutes and 9 seconds,Mayra Luna
Tink-a-Tako - Potranco,Esperansa Caviedes,327,18,Prep,,9/26/25 1:11 PM,9/26/25 1:19 PM,8 minutes and 9 seconds,Mayra Luna
Tink-a-Tako - Potranco,Esperansa Caviedes,327,18,,2,9/26/25 1:19 PM,9/26/25 1:27 PM,7 minutes and 55 seconds,Zoila Salinas
Tink-a-Tako - Potranco,Rosa Compean,311,10,,2,9/26/25 12:57 PM,9/26/25 1:27 PM,30 minutes and 33 seconds,Zoila Salinas
Tink-a-Tako - Potranco,Lizeth Alonso,329,,Lobby,,9/26/25 1:21 PM,9/26/25 1:29 PM,8 minutes and 16 seconds,Mayra Luna
Tink-a-Tako - Potranco,Lizeth Alonso,331,,Lobby,,9/26/25 1:24 PM,9/26/25 1:30 PM,6 minutes and 12 seconds,Mayra Luna
Tink-a-Tako - Potranco,Lizeth Alonso,332,,Lobby,,9/26/25 1:27 PM,9/26/25 1:34 PM,7 minutes and 10 seconds,Mayra Luna
Tink-a-Tako - Potranco,Lizeth Alonso,336,,Prep,,9/26/25 1:40 PM,9/26/25 1:44 PM,4 minutes and 1 second,Mayra Luna
Tink-a-Tako - Potranco,Lizeth Alonso,336,,Lobby,,9/26/25 1:40 PM,9/26/25 1:44 PM,4 minutes and 1 second,Mayra Luna
Tink-a-Tako - Potranco,Lizeth Alonso,338,,Lobby,,9/26/25 1:41 PM,9/26/25 1:45 PM,3 minutes and 44 seconds,Mayra Luna
Tink-a-Tako - Potranco,Lizeth Alonso,338,,Lobby,,9/26/25 1:41 PM,9/26/25 1:47 PM,6 minutes and 3 seconds,Mayra Luna
Tink-a-Tako - Potranco,Lizeth Alonso,341,,Lobby,,9/26/25 1:41 PM,9/26/25 1:49 PM,7 minutes and 31 seconds,Mayra Luna
Tink-a-Tako - Potranco,Lizeth Alonso,344,,Lobby,,9/26/25 1:45 PM,9/26/25 1:49 PM,4 minutes and 44 seconds,Mayra Luna
Tink-a-Tako - Potranco,Rosa Compean,333,10,Lobby,,9/26/25 1:36 PM,9/26/25 1:51 PM,14 minutes and 18 seconds,Mayra Luna
Tink-a-Tako - Potranco,Norma Vasquez,340,24,Lobby,,9/26/25 1:42 PM,9/26/25 1:51 PM,8 minutes and 50 seconds,Mayra Luna
Tink-a-Tako - Potranco,Norma Vasquez,345,25,Lobby,,9/26/25 1:46 PM,9/26/25 1:51 PM,4 minutes and 46 seconds,Mayra Luna
Tink-a-Tako - Potranco,Lizeth Alonso,343,,Lobby,,9/26/25 1:43 PM,9/26/25 1:52 PM,8 minutes and 58 seconds,Mayra Luna
Tink-a-Tako - Potranco,Lizeth Alonso,347,,Lobby,,9/26/25 1:55 PM,9/26/25 1:56 PM,1 minute and 6 seconds,Mayra Luna
Tink-a-Tako - Potranco,Lizeth Alonso,346,,Lobby,,9/26/25 1:52 PM,9/26/25 1:57 PM,5 minutes and 17 seconds,Mayra Luna
Tink-a-Tako - Potranco,Norma Vasquez,326,17,,2,9/26/25 1:13 PM,9/26/25 1:57 PM,44 minutes and 21 seconds,Zoila Salinas
Tink-a-Tako - Potranco,Rosa Compean,333,10,,2,9/26/25 1:51 PM,9/26/25 1:57 PM,6 minutes and 29 seconds,Zoila Salinas
Tink-a-Tako - Potranco,Norma Vasquez,340,24,,2,9/26/25 1:51 PM,9/26/25 1:57 PM,6 minutes and 29 seconds,Zoila Salinas
Tink-a-Tako - Potranco,Norma Vasquez,345,25,,2,9/26/25 1:51 PM,9/26/25 1:57 PM,6 minutes and 28 seconds,Zoila Salinas
Tink-a-Tako - Potranco,Norma Vasquez,345,25,Lobby,,9/26/25 1:55 PM,9/26/25 2:03 PM,8 minutes and 16 seconds,Mayra Luna
Tink-a-Tako - Potranco,Rosa Compean,350,32,Lobby,,9/26/25 1:57 PM,9/26/25 2:05 PM,8 minutes and 1 second,Mayra Luna
Tink-a-Tako - Potranco,Rosa Compean,350,32,Tortillero,,9/26/25 1:57 PM,9/26/25 2:05 PM,8 minutes and 1 second,Mayra Luna
Tink-a-Tako - Potranco,Rosa Compean,350,32,Prep,,9/26/25 1:57 PM,9/26/25 2:05 PM,8 minutes and 1 second,Mayra Luna
Tink-a-Tako - Potranco,Norma Vasquez,345,25,Lobby,,9/26/25 2:03 PM,9/26/25 2:05 PM,1 minute and 23 seconds,Mayra Luna
Tink-a-Tako - Potranco,Lizeth Alonso,351,,Lobby,,9/26/25 2:04 PM,9/26/25 2:06 PM,2 minutes and 37 seconds,Mayra Luna
Tink-a-Tako - Potranco,Esperansa Caviedes,349,23,Lobby,,9/26/25 1:57 PM,9/26/25 2:07 PM,9 minutes and 43 seconds,Mayra Luna
Tink-a-Tako - Potranco,Esperansa Caviedes,349,23,,2,9/26/25 2:07 PM,9/26/25 2:09 PM,2 minutes and 30 seconds,Zoila Salinas
Tink-a-Tako - Potranco,Norma Vasquez,345,25,,2,9/26/25 2:03 PM,9/26/25 2:09 PM,6 minutes and 19 seconds,Zoila Salinas
Tink-a-Tako - Potranco,Norma Vasquez,345,25,,2,9/26/25 2:05 PM,9/26/25 2:09 PM,4 minutes and 32 seconds,Zoila Salinas
Tink-a-Tako - Potranco,Rosa Compean,350,32,,2,9/26/25 2:05 PM,9/26/25 2:09 PM,4 minutes and 32 seconds,Zoila Salinas
Tink-a-Tako - Potranco,Norma Vasquez,353,33,Lobby,,9/26/25 2:07 PM,9/26/25 2:16 PM,9 minutes and 10 seconds,Mayra Luna
Tink-a-Tako - Potranco,Juan  Camacho,355,7,Lobby,,9/26/25 2:21 PM,9/26/25 2:22 PM,51 seconds,Mayra Luna
Tink-a-Tako - Potranco,Juan  Camacho,354,18,Lobby,,9/26/25 2:16 PM,9/26/25 2:22 PM,6 minutes and 36 seconds,Mayra Luna
Tink-a-Tako - Potranco,Juan  Camacho,354,18,Prep,,9/26/25 2:16 PM,9/26/25 2:22 PM,6 minutes and 36 seconds,Mayra Luna
Tink-a-Tako - Potranco,Juan  Camacho,355,7,Lobby,,9/26/25 2:26 PM,9/26/25 2:31 PM,4 minutes and 37 seconds,Mayra Luna
Tink-a-Tako - Potranco,Juan  Camacho,355,7,Prep,,9/26/25 2:26 PM,9/26/25 2:31 PM,4 minutes and 37 seconds,Mayra Luna
Tink-a-Tako - Potranco,Lizeth Alonso,357,,Lobby,,9/26/25 2:29 PM,9/26/25 2:35 PM,5 minutes and 25 seconds,Mayra Luna
Tink-a-Tako - Potranco,Lizeth Alonso,356,,Prep,,9/26/25 2:25 PM,9/26/25 2:35 PM,9 minutes and 22 seconds,Mayra Luna
Tink-a-Tako - Potranco,Lizeth Alonso,356,,Lobby,,9/26/25 2:25 PM,9/26/25 2:35 PM,9 minutes and 22 seconds,Mayra Luna
Tink-a-Tako - Potranco,Lizeth Alonso,356,,Tortillero,,9/26/25 2:25 PM,9/26/25 2:35 PM,9 minutes and 22 seconds,Mayra Luna
Tink-a-Tako - Potranco,Juan  Camacho,355,7,,2,9/26/25 2:31 PM,9/26/25 2:36 PM,4 minutes and 47 seconds,Zoila Salinas
Tink-a-Tako - Potranco,Juan  Camacho,354,18,,2,9/26/25 2:22 PM,9/26/25 2:36 PM,13 minutes and 19 seconds,Zoila Salinas
Tink-a-Tako - Potranco,Juan  Camacho,355,7,,2,9/26/25 2:22 PM,9/26/25 2:36 PM,13 minutes and 19 seconds,Zoila Salinas
Tink-a-Tako - Potranco,Norma Vasquez,353,33,,2,9/26/25 2:16 PM,9/26/25 2:36 PM,19 minutes and 33 seconds,Zoila Salinas
Tink-a-Tako - Potranco,Juan  Camacho,358,8,Lobby,,9/26/25 2:26 PM,9/26/25 2:36 PM,9 minutes and 25 seconds,Mayra Luna
Tink-a-Tako - Potranco,Norma Vasquez,353,33,Lobby,,9/26/25 2:34 PM,9/26/25 2:42 PM,7 minutes and 29 seconds,Mayra Luna
Tink-a-Tako - Potranco,Juan  Camacho,358,8,Lobby,,9/26/25 2:27 PM,9/26/25 2:42 PM,15 minutes and 12 seconds,Mayra Luna
Tink-a-Tako - Potranco,Juan  Camacho,359,17,Lobby,,9/26/25 2:42 PM,9/26/25 2:53 PM,11 minutes and 19 seconds,Mayra Luna
Tink-a-Tako - Potranco,Lizeth Alonso,360,,Lobby,,9/26/25 3:00 PM,9/26/25 3:06 PM,6 minutes and 42 seconds,Mayra Luna
Tink-a-Tako - Potranco,Lizeth Alonso,362,,Lobby,,9/26/25 3:03 PM,9/26/25 3:06 PM,3 minutes and 40 seconds,Mayra Luna
Tink-a-Tako - Potranco,Lizeth Alonso,361,,Lobby,,9/26/25 3:02 PM,9/26/25 3:10 PM,7 minutes and 19 seconds,Mayra Luna
Tink-a-Tako - Potranco,Juan  Camacho,363,25,Lobby,,9/26/25 3:07 PM,9/26/25 3:16 PM,8 minutes and 57 seconds,Mayra Luna
Tink-a-Tako - Potranco,Juan  Camacho,364,23,Lobby,,9/26/25 3:10 PM,9/26/25 3:18 PM,7 minutes and 46 seconds,Mayra Luna
Tink-a-Tako - Potranco,Juan  Camacho,367,8,Lobby,,9/26/25 3:21 PM,9/26/25 3:27 PM,5 minutes and 51 seconds,Mayra Luna
Tink-a-Tako - Potranco,Juan  Camacho,367,8,Tortillero,,9/26/25 3:21 PM,9/26/25 3:27 PM,5 minutes and 51 seconds,Mayra Luna
Tink-a-Tako - Potranco,Juan  Camacho,367,8,Prep,,9/26/25 3:21 PM,9/26/25 3:27 PM,5 minutes and 51 seconds,Mayra Luna
Tink-a-Tako - Potranco,Lizeth Alonso,366,,Lobby,,9/26/25 3:26 PM,9/26/25 3:38 PM,11 minutes and 45 seconds,Mayra Luna
Tink-a-Tako - Potranco,Lizeth Alonso,366,,Tortillero,,9/26/25 3:26 PM,9/26/25 3:38 PM,11 minutes and 45 seconds,Mayra Luna
Tink-a-Tako - Potranco,Lizeth Alonso,369,,Lobby,,9/26/25 3:49 PM,9/26/25 3:55 PM,5 minutes and 56 seconds,Mayra Luna
Tink-a-Tako - Potranco,Juan  Camacho,368,32,Lobby,,9/26/25 3:45 PM,9/26/25 3:56 PM,10 minutes and 34 seconds,Mayra Luna
Tink-a-Tako - Potranco,Juan  Camacho,364,23,,2,9/26/25 3:18 PM,9/26/25 4:03 PM,45 minutes and 3 seconds,Zoila Salinas
Tink-a-Tako - Potranco,Isabel Cisneros,370,33,,2,9/26/25 3:57 PM,9/26/25 4:03 PM,6 minutes and 8 seconds,Zoila Salinas
Tink-a-Tako - Potranco,Juan  Camacho,368,32,,2,9/26/25 3:56 PM,9/26/25 4:03 PM,7 minutes and 27 seconds,Zoila Salinas
Tink-a-Tako - Potranco,Juan  Camacho,363,25,,2,9/26/25 3:16 PM,9/26/25 4:03 PM,47 minutes and 5 seconds,Zoila Salinas
Tink-a-Tako - Potranco,Juan  Camacho,359,17,,2,9/26/25 2:53 PM,9/26/25 4:03 PM,"1 hour, 9 minutes and 49 seconds",Zoila Salinas
Tink-a-Tako - Potranco,Norma Vasquez,353,33,,2,9/26/25 2:42 PM,9/26/25 4:03 PM,"1 hour, 21 minutes and 18 seconds",Zoila Salinas
Tink-a-Tako - Potranco,Lizeth Alonso,372,,Lobby,,9/26/25 4:00 PM,9/26/25 4:06 PM,5 minutes and 25 seconds,Mayra Luna
Tink-a-Tako - Potranco,Lizeth Alonso,371,,Prep,,9/26/25 4:00 PM,9/26/25 4:09 PM,9 minutes and 42 seconds,Mayra Luna
Tink-a-Tako - Potranco,Lizeth Alonso,371,,Lobby,,9/26/25 4:00 PM,9/26/25 4:09 PM,9 minutes and 42 seconds,Mayra Luna
Tink-a-Tako - Potranco,Lizeth Alonso,371,,Tortillero,,9/26/25 4:00 PM,9/26/25 4:09 PM,9 minutes and 42 seconds,Mayra Luna
Tink-a-Tako - Potranco,Lizeth Alonso,374,,Lobby,,9/26/25 4:05 PM,9/26/25 4:10 PM,4 minutes and 58 seconds,Mayra Luna
Tink-a-Tako - Potranco,Lizeth Alonso,373,,Lobby,,9/26/25 4:04 PM,9/26/25 4:10 PM,5 minutes and 10 seconds,Mayra Luna
Tink-a-Tako - Potranco,Lizeth Alonso,375,,Lobby,,9/26/25 4:13 PM,9/26/25 4:13 PM,44 seconds,Mayra Luna
Tink-a-Tako - Potranco,Juan  Camacho,378,42,Lobby,,9/26/25 4:21 PM,9/26/25 4:28 PM,6 minutes and 22 seconds,Mayra Luna
Tink-a-Tako - Potranco,Lizeth Alonso,374,,Lobby,,9/26/25 4:16 PM,9/26/25 4:28 PM,11 minutes and 58 seconds,Mayra Luna
Tink-a-Tako - Potranco,Lizeth Alonso,380,,Prep,,9/26/25 4:32 PM,9/26/25 4:51 PM,19 minutes and 25 seconds,Mayra Luna
Tink-a-Tako - Potranco,Lizeth Alonso,380,,Lobby,,9/26/25 4:32 PM,9/26/25 4:51 PM,19 minutes and 25 seconds,Mayra Luna
Tink-a-Tako - Potranco,Lizeth Alonso,380,,Tortillero,,9/26/25 4:32 PM,9/26/25 4:51 PM,19 minutes and 25 seconds,Mayra Luna
Tink-a-Tako - Potranco,Isabel Cisneros,381,25,Lobby,,9/26/25 4:41 PM,9/26/25 4:51 PM,10 minutes and 55 seconds,Mayra Luna
Tink-a-Tako - Potranco,Lizeth Alonso,382,,Lobby,,9/26/25 4:49 PM,9/26/25 5:00 PM,10 minutes and 27 seconds,Mayra Luna
Tink-a-Tako - Potranco,Lizeth Alonso,383,,Lobby,,9/26/25 4:58 PM,9/26/25 5:03 PM,4 minutes and 59 seconds,Mayra Luna
Tink-a-Tako - Potranco,Juan  Camacho,367,8,,2,9/26/25 3:27 PM,9/26/25 5:06 PM,"1 hour, 39 minutes and 17 seconds",Zoila Salinas
Tink-a-Tako - Potranco,Juan  Camacho,378,42,,2,9/26/25 4:28 PM,9/26/25 5:06 PM,38 minutes and 14 seconds,Zoila Salinas
Tink-a-Tako - Potranco,Juan  Camacho,358,8,,2,9/26/25 2:36 PM,9/26/25 5:06 PM,"2 hours, 29 minutes and 57 seconds",Zoila Salinas
Tink-a-Tako - Potranco,Juan  Camacho,358,8,,2,9/26/25 2:42 PM,9/26/25 5:06 PM,"2 hours, 23 minutes and 53 seconds",Zoila Salinas
Tink-a-Tako - Potranco,Isabel Cisneros,381,25,,2,9/26/25 4:51 PM,9/26/25 5:06 PM,14 minutes and 22 seconds,Zoila Salinas
Tink-a-Tako - Potranco,Lizeth Alonso,384,,Lobby,,9/26/25 5:02 PM,9/26/25 5:09 PM,6 minutes and 44 seconds,Mayra Luna
Tink-a-Tako - Potranco,Juan  Camacho,387,9,Lobby,,9/26/25 5:04 PM,9/26/25 5:10 PM,5 minutes and 39 seconds,Mayra Luna
Tink-a-Tako - Potranco,Juan  Camacho,388,9,Lobby,,9/26/25 5:04 PM,9/26/25 5:10 PM,5 minutes and 41 seconds,Mayra Luna
Tink-a-Tako - Potranco,Juan  Camacho,386,9,Lobby,,9/26/25 5:04 PM,9/26/25 5:10 PM,6 minutes and 9 seconds,Mayra Luna
Tink-a-Tako - Potranco,Lizeth Alonso,389,,Lobby,,9/26/25 5:05 PM,9/26/25 5:10 PM,5 minutes and 27 seconds,Mayra Luna
Tink-a-Tako - Potranco,Isabel Cisneros,390,17,Lobby,,9/26/25 5:06 PM,9/26/25 5:13 PM,6 minutes and 59 seconds,Mayra Luna
Tink-a-Tako - Potranco,Juan  Camacho,378,42,Lobby,,9/26/25 5:10 PM,9/26/25 5:17 PM,7 minutes and 5 seconds,Mayra Luna
Tink-a-Tako - Potranco,Lizeth Alonso,392,,Lobby,,9/26/25 5:22 PM,9/26/25 5:28 PM,5 minutes and 38 seconds,Mayra Luna
Tink-a-Tako - Potranco,Lizeth Alonso,394,,Lobby,,9/26/25 5:25 PM,9/26/25 5:28 PM,2 minutes and 44 seconds,Mayra Luna
Tink-a-Tako - Potranco,Juan  Camacho,391,18,Lobby,,9/26/25 5:20 PM,9/26/25 5:29 PM,9 minutes and 28 seconds,Mayra Luna
Tink-a-Tako - Potranco,Juan  Camacho,391,18,Prep,,9/26/25 5:20 PM,9/26/25 5:29 PM,9 minutes and 28 seconds,Mayra Luna
Tink-a-Tako - Potranco,Isabel Cisneros,393,25,Lobby,,9/26/25 5:24 PM,9/26/25 5:33 PM,9 minutes and 8 seconds,Mayra Luna
Tink-a-Tako - Potranco,Lizeth Alonso,395,,Lobby,,9/26/25 5:29 PM,9/26/25 5:36 PM,6 minutes and 52 seconds,Mayra Luna
Tink-a-Tako - Potranco,Lizeth Alonso,399,,Lobby,,9/26/25 5:32 PM,9/26/25 5:36 PM,4 minutes and 20 seconds,Mayra Luna
Tink-a-Tako - Potranco,Juan  Camacho,397,24,Lobby,,9/26/25 5:31 PM,9/26/25 5:37 PM,5 minutes and 32 seconds,Mayra Luna
Tink-a-Tako - Potranco,Juan  Camacho,397,24,Lobby,,9/26/25 5:31 PM,9/26/25 5:37 PM,5 minutes and 43 seconds,Mayra Luna
Tink-a-Tako - Potranco,Isabel Cisneros,398,32,Lobby,,9/26/25 5:31 PM,9/26/25 5:37 PM,5 minutes and 25 seconds,Mayra Luna
Tink-a-Tako - Potranco,Isabel Cisneros,398,32,Tortillero,,9/26/25 5:31 PM,9/26/25 5:37 PM,5 minutes and 25 seconds,Mayra Luna
Tink-a-Tako - Potranco,Isabel Cisneros,398,32,Prep,,9/26/25 5:31 PM,9/26/25 5:37 PM,5 minutes and 25 seconds,Mayra Luna
Tink-a-Tako - Potranco,Juan  Camacho,396,37,Lobby,,9/26/25 5:31 PM,9/26/25 5:37 PM,6 minutes and 12 seconds,Mayra Luna
Tink-a-Tako - Potranco,Juan  Camacho,396,37,Lobby,,9/26/25 5:36 PM,9/26/25 5:37 PM,43 seconds,Mayra Luna
Tink-a-Tako - Potranco,Juan  Camacho,391,18,,2,9/26/25 5:29 PM,9/26/25 5:39 PM,10 minutes and 10 seconds,Zoila Salinas
Tink-a-Tako - Potranco,Isabel Cisneros,390,17,,2,9/26/25 5:13 PM,9/26/25 5:39 PM,26 minutes and 39 seconds,Zoila Salinas
Tink-a-Tako - Potranco,Isabel Cisneros,393,25,,2,9/26/25 5:33 PM,9/26/25 5:39 PM,5 minutes and 56 seconds,Zoila Salinas
Tink-a-Tako - Potranco,Juan  Camacho,388,9,,2,9/26/25 5:10 PM,9/26/25 5:39 PM,29 minutes and 30 seconds,Zoila Salinas
Tink-a-Tako - Potranco,Juan  Camacho,378,42,,2,9/26/25 5:17 PM,9/26/25 5:39 PM,22 minutes and 10 seconds,Zoila Salinas
Tink-a-Tako - Potranco,Juan  Camacho,387,9,,2,9/26/25 5:10 PM,9/26/25 5:39 PM,29 minutes and 32 seconds,Zoila Salinas
Tink-a-Tako - Potranco,Juan  Camacho,386,9,,2,9/26/25 5:10 PM,9/26/25 5:39 PM,29 minutes and 2 seconds,Zoila Salinas
Tink-a-Tako - Potranco,Lizeth Alonso,400,,Lobby,,9/26/25 5:33 PM,9/26/25 5:41 PM,8 minutes and 8 seconds,Mayra Luna
Tink-a-Tako - Potranco,Juan  Camacho,396,37,Lobby,,9/26/25 5:31 PM,9/26/25 5:41 PM,10 minutes,Mayra Luna
Tink-a-Tako - Potranco,Lizeth Alonso,401,,Lobby,,9/26/25 5:37 PM,9/26/25 5:43 PM,5 minutes and 57 seconds,Mayra Luna
Tink-a-Tako - Potranco,Lizeth Alonso,405,,Lobby,,9/26/25 5:47 PM,9/26/25 5:52 PM,4 minutes and 34 seconds,Mayra Luna
Tink-a-Tako - Potranco,Isabel Cisneros,404,3,Lobby,,9/26/25 5:46 PM,9/26/25 5:54 PM,7 minutes and 55 seconds,Mayra Luna
Tink-a-Tako - Potranco,Juan  Camacho,409,23,Lobby,,9/26/25 5:50 PM,9/26/25 5:54 PM,4 minutes and 44 seconds,Mayra Luna
Tink-a-Tako - Potranco,Lizeth Alonso,407,,Lobby,,9/26/25 5:49 PM,9/26/25 5:55 PM,5 minutes and 16 seconds,Mayra Luna
Tink-a-Tako - Potranco,Lizeth Alonso,403,,Lobby,,9/26/25 5:45 PM,9/26/25 5:56 PM,11 minutes and 17 seconds,Mayra Luna
Tink-a-Tako - Potranco,Lizeth Alonso,406,,Lobby,,9/26/25 5:48 PM,9/26/25 5:56 PM,7 minutes and 31 seconds,Mayra Luna
Tink-a-Tako - Potranco,Lizeth Alonso,410,,Lobby,,9/26/25 5:54 PM,9/26/25 5:58 PM,3 minutes and 16 seconds,Mayra Luna
Tink-a-Tako - Potranco,Lizeth Alonso,411,,Lobby,,9/26/25 5:58 PM,9/26/25 5:59 PM,1 minute and 28 seconds,Mayra Luna
Tink-a-Tako - Potranco,Lizeth Alonso,411,,Prep,,9/26/25 5:58 PM,9/26/25 5:59 PM,1 minute and 28 seconds,Mayra Luna
Tink-a-Tako - Potranco,Juan  Camacho,409,23,Lobby,,9/26/25 5:55 PM,9/26/25 6:02 PM,6 minutes and 56 seconds,Mayra Luna
Tink-a-Tako - Potranco,Isabel Cisneros,404,3,Lobby,,9/26/25 5:54 PM,9/26/25 6:02 PM,7 minutes and 58 seconds,Mayra Luna
Tink-a-Tako - Potranco,Juan  Camacho,391,18,Lobby,,9/26/25 6:01 PM,9/26/25 6:04 PM,3 minutes and 23 seconds,Mayra Luna
Tink-a-Tako - Potranco,Juan  Camacho,391,18,Tortillero,,9/26/25 6:01 PM,9/26/25 6:04 PM,3 minutes and 23 seconds,Mayra Luna
Tink-a-Tako - Potranco,Juan  Camacho,391,18,Prep,,9/26/25 6:01 PM,9/26/25 6:04 PM,3 minutes and 23 seconds,Mayra Luna
Tink-a-Tako - Potranco,Juan  Camacho,391,18,Lobby,,9/26/25 6:01 PM,9/26/25 6:08 PM,7 minutes and 28 seconds,Mayra Luna
Tink-a-Tako - Potranco,Juan  Camacho,391,18,Tortillero,,9/26/25 6:01 PM,9/26/25 6:08 PM,7 minutes and 28 seconds,Mayra Luna
Tink-a-Tako - Potranco,Juan  Camacho,391,18,Prep,,9/26/25 6:01 PM,9/26/25 6:08 PM,7 minutes and 28 seconds,Mayra Luna
Tink-a-Tako - Potranco,Juan  Camacho,417,22,Lobby,,9/26/25 6:03 PM,9/26/25 6:10 PM,6 minutes and 47 seconds,Mayra Luna
Tink-a-Tako - Potranco,Lizeth Alonso,418,,Lobby,,9/26/25 6:04 PM,9/26/25 6:10 PM,6 minutes and 42 seconds,Mayra Luna
Tink-a-Tako - Potranco,Lizeth Alonso,412,,Lobby,,9/26/25 6:00 PM,9/26/25 6:10 PM,10 minutes and 3 seconds,Mayra Luna
Tink-a-Tako - Potranco,Lizeth Alonso,415,,Prep,,9/26/25 6:02 PM,9/26/25 6:10 PM,8 minutes and 28 seconds,Mayra Luna
Tink-a-Tako - Potranco,Lizeth Alonso,415,,Lobby,,9/26/25 6:02 PM,9/26/25 6:10 PM,8 minutes and 28 seconds,Mayra Luna
Tink-a-Tako - Potranco,Lizeth Alonso,415,,Tortillero,,9/26/25 6:02 PM,9/26/25 6:10 PM,8 minutes and 28 seconds,Mayra Luna
Tink-a-Tako - Potranco,Isabel Cisneros,414,41,Lobby,,9/26/25 6:08 PM,9/26/25 6:14 PM,6 minutes and 18 seconds,Mayra Luna
Tink-a-Tako - Potranco,Isabel Cisneros,419,39,Lobby,,9/26/25 6:08 PM,9/26/25 6:15 PM,6 minutes and 44 seconds,Mayra Luna
Tink-a-Tako - Potranco,Lizeth Alonso,420,,Lobby,,9/26/25 6:14 PM,9/26/25 6:18 PM,3 minutes and 40 seconds,Mayra Luna
Tink-a-Tako - Potranco,Lizeth Alonso,421,,Lobby,,9/26/25 6:15 PM,9/26/25 6:18 PM,3 minutes and 8 seconds,Mayra Luna
Tink-a-Tako - Potranco,Juan  Camacho,409,23,,2,9/26/25 5:54 PM,9/26/25 6:25 PM,30 minutes and 59 seconds,Zoila Salinas
Tink-a-Tako - Potranco,Isabel Cisneros,404,3,,2,9/26/25 6:02 PM,9/26/25 6:25 PM,23 minutes and 46 seconds,Zoila Salinas
Tink-a-Tako - Potranco,Juan  Camacho,396,37,,2,9/26/25 5:37 PM,9/26/25 6:25 PM,48 minutes and 35 seconds,Zoila Salinas
Tink-a-Tako - Potranco,Isabel Cisneros,398,32,,2,9/26/25 5:37 PM,9/26/25 6:25 PM,48 minutes and 37 seconds,Zoila Salinas
Tink-a-Tako - Potranco,Juan  Camacho,409,23,,2,9/26/25 6:02 PM,9/26/25 6:25 PM,23 minutes and 50 seconds,Zoila Salinas
Tink-a-Tako - Potranco,Isabel Cisneros,404,3,,2,9/26/25 5:54 PM,9/26/25 6:25 PM,31 minutes and 3 seconds,Zoila Salinas
Tink-a-Tako - Potranco,Juan  Camacho,417,22,,2,9/26/25 6:10 PM,9/26/25 6:25 PM,15 minutes and 31 seconds,Zoila Salinas
Tink-a-Tako - Potranco,Juan  Camacho,391,18,,2,9/26/25 6:08 PM,9/26/25 6:25 PM,17 minutes and 2 seconds,Zoila Salinas
Tink-a-Tako - Potranco,Juan  Camacho,391,18,,2,9/26/25 6:04 PM,9/26/25 6:25 PM,21 minutes and 20 seconds,Zoila Salinas
Tink-a-Tako - Potranco,Juan  Camacho,397,24,,2,9/26/25 5:37 PM,9/26/25 6:25 PM,48 minutes and 44 seconds,Zoila Salinas
Tink-a-Tako - Potranco,Isabel Cisneros,424,35,Lobby,,9/26/25 6:21 PM,9/26/25 6:30 PM,9 minutes and 36 seconds,Mayra Luna
Tink-a-Tako - Potranco,Isabel Cisneros,424,35,Tortillero,,9/26/25 6:21 PM,9/26/25 6:30 PM,9 minutes and 36 seconds,Mayra Luna
Tink-a-Tako - Potranco,Juan  Camacho,425,25,Lobby,,9/26/25 6:23 PM,9/26/25 6:30 PM,6 minutes and 51 seconds,Mayra Luna
Tink-a-Tako - Potranco,Isabel Cisneros,426,7,Lobby,,9/26/25 6:33 PM,9/26/25 6:42 PM,9 minutes and 7 seconds,Mayra Luna
Tink-a-Tako - Potranco,Isabel Cisneros,426,7,Tortillero,,9/26/25 6:33 PM,9/26/25 6:42 PM,9 minutes and 7 seconds,Mayra Luna
Tink-a-Tako - Potranco,Isabel Cisneros,426,7,Prep,,9/26/25 6:33 PM,9/26/25 6:42 PM,9 minutes and 7 seconds,Mayra Luna
Tink-a-Tako - Potranco,Juan  Camacho,427,32,Lobby,,9/26/25 6:34 PM,9/26/25 6:42 PM,7 minutes and 17 seconds,Mayra Luna
Tink-a-Tako - Potranco,Lizeth Alonso,428,,Lobby,,9/26/25 6:35 PM,9/26/25 6:51 PM,16 minutes and 38 seconds,Mayra Luna
Tink-a-Tako - Potranco,Juan  Camacho,429,24,Lobby,,9/26/25 6:37 PM,9/26/25 6:51 PM,14 minutes and 35 seconds,Mayra Luna
Tink-a-Tako - Potranco,Juan  Camacho,429,24,Tortillero,,9/26/25 6:37 PM,9/26/25 6:51 PM,14 minutes and 35 seconds,Mayra Luna
Tink-a-Tako - Potranco,Juan  Camacho,429,24,Prep,,9/26/25 6:37 PM,9/26/25 6:51 PM,14 minutes and 35 seconds,Mayra Luna
Tink-a-Tako - Potranco,Isabel Cisneros,426,7,Lobby,,9/26/25 6:59 PM,9/26/25 7:00 PM,1 minute and 57 seconds,Mayra Luna
Tink-a-Tako - Potranco,Juan  Camacho,430,9,Lobby,,9/26/25 6:49 PM,9/26/25 7:01 PM,12 minutes and 10 seconds,Mayra Luna
Tink-a-Tako - Potranco,Juan  Camacho,430,9,Tortillero,,9/26/25 6:49 PM,9/26/25 7:01 PM,12 minutes and 10 seconds,Mayra Luna
Tink-a-Tako - Potranco,Lizeth Alonso,431,,Lobby,,9/26/25 6:52 PM,9/26/25 7:04 PM,12 minutes and 12 seconds,Mayra Luna
Tink-a-Tako - Potranco,Lizeth Alonso,431,,Prep,,9/26/25 6:52 PM,9/26/25 7:04 PM,12 minutes and 12 seconds,Mayra Luna
Tink-a-Tako - Potranco,Juan  Camacho,430,9,Lobby,,9/26/25 7:06 PM,9/26/25 7:09 PM,3 minutes and 11 seconds,Mayra Luna
Tink-a-Tako - Potranco,Lizeth Alonso,432,,Lobby,,9/26/25 7:03 PM,9/26/25 7:09 PM,6 minutes and 4 seconds,Mayra Luna
Tink-a-Tako - Potranco,Juan  Camacho,429,24,,2,9/26/25 6:51 PM,9/26/25 7:11 PM,19 minutes and 42 seconds,Zoila Salinas
Tink-a-Tako - Potranco,Juan  Camacho,427,32,,2,9/26/25 6:42 PM,9/26/25 7:11 PM,29 minutes and 19 seconds,Zoila Salinas
Tink-a-Tako - Potranco,Isabel Cisneros,426,7,,2,9/26/25 6:42 PM,9/26/25 7:11 PM,29 minutes and 21 seconds,Zoila Salinas
Tink-a-Tako - Potranco,Isabel Cisneros,419,39,,2,9/26/25 6:15 PM,9/26/25 7:11 PM,56 minutes and 2 seconds,Zoila Salinas
Tink-a-Tako - Potranco,Isabel Cisneros,424,35,,2,9/26/25 6:30 PM,9/26/25 7:11 PM,40 minutes and 56 seconds,Zoila Salinas
Tink-a-Tako - Potranco,Isabel Cisneros,414,41,,2,9/26/25 6:14 PM,9/26/25 7:11 PM,57 minutes and 3 seconds,Zoila Salinas
Tink-a-Tako - Potranco,Juan  Camacho,397,24,,2,9/26/25 5:37 PM,9/26/25 7:11 PM,"1 hour, 34 minutes and 25 seconds",Zoila Salinas
Tink-a-Tako - Potranco,Juan  Camacho,396,37,,2,9/26/25 5:37 PM,9/26/25 7:11 PM,"1 hour, 34 minutes and 21 seconds",Zoila Salinas
Tink-a-Tako - Potranco,Juan  Camacho,425,25,,2,9/26/25 6:30 PM,9/26/25 7:11 PM,40 minutes and 58 seconds,Zoila Salinas
Tink-a-Tako - Potranco,Juan  Camacho,396,37,,2,9/26/25 5:41 PM,9/26/25 7:11 PM,"1 hour, 30 minutes and 17 seconds",Zoila Salinas
Tink-a-Tako - Potranco,Juan  Camacho,430,9,,2,9/26/25 7:01 PM,9/26/25 7:11 PM,9 minutes and 49 seconds,Zoila Salinas
Tink-a-Tako - Potranco,Isabel Cisneros,426,7,,2,9/26/25 7:00 PM,9/26/25 7:11 PM,10 minutes and 49 seconds,Zoila Salinas
Tink-a-Tako - Potranco,Lizeth Alonso,433,,Lobby,,9/26/25 7:08 PM,9/26/25 7:20 PM,12 minutes and 59 seconds,Mayra Luna
Tink-a-Tako - Potranco,Lizeth Alonso,436,,Lobby,,9/26/25 7:09 PM,9/26/25 7:23 PM,13 minutes and 39 seconds,Mayra Luna
Tink-a-Tako - Potranco,Lizeth Alonso,438,,Lobby,,9/26/25 7:16 PM,9/26/25 7:23 PM,6 minutes and 37 seconds,Mayra Luna
Tink-a-Tako - Potranco,Mayra Luna,435,33,Lobby,,9/26/25 7:09 PM,9/26/25 7:23 PM,13 minutes and 52 seconds,Mayra Luna
Tink-a-Tako - Potranco,Isabel Cisneros,437,31,Lobby,,9/26/25 7:11 PM,9/26/25 7:23 PM,12 minutes and 6 seconds,Mayra Luna
Tink-a-Tako - Potranco,Isabel Cisneros,439,37,Lobby,,9/26/25 7:13 PM,9/26/25 7:23 PM,10 minutes and 16 seconds,Mayra Luna
Tink-a-Tako - Potranco,Juan  Camacho,441,20,Lobby,,9/26/25 7:22 PM,9/26/25 7:33 PM,11 minutes and 7 seconds,Mayra Luna
Tink-a-Tako - Potranco,Lizeth Alonso,442,,Lobby,,9/26/25 7:27 PM,9/26/25 7:36 PM,8 minutes and 47 seconds,Mayra Luna
Tink-a-Tako - Potranco,Isabel Cisneros,443,38,Lobby,,9/26/25 7:29 PM,9/26/25 7:42 PM,12 minutes and 55 seconds,Mayra Luna
Tink-a-Tako - Potranco,Mayra Luna,444,32,Lobby,,9/26/25 7:30 PM,9/26/25 7:42 PM,12 minutes and 8 seconds,Mayra Luna
Tink-a-Tako - Potranco,Lizeth Alonso,446,,Lobby,,9/26/25 7:38 PM,9/26/25 7:48 PM,10 minutes and 41 seconds,Mayra Luna
Tink-a-Tako - Potranco,Lizeth Alonso,449,,Lobby,,9/26/25 7:45 PM,9/26/25 7:52 PM,6 minutes and 29 seconds,Mayra Luna
Tink-a-Tako - Potranco,Lizeth Alonso,450,,Lobby,,9/26/25 7:48 PM,9/26/25 7:57 PM,9 minutes and 16 seconds,Mayra Luna
Tink-a-Tako - Potranco,Lizeth Alonso,455,,Lobby,,9/26/25 8:11 PM,9/26/25 8:21 PM,10 minutes and 20 seconds,Mayra Luna
Tink-a-Tako - Potranco,Lizeth Alonso,454,,Lobby,,9/26/25 8:05 PM,9/26/25 8:21 PM,16 minutes and 5 seconds,Mayra Luna
Tink-a-Tako - Potranco,Lizeth Alonso,457,,Lobby,,9/26/25 8:12 PM,9/26/25 8:21 PM,9 minutes and 36 seconds,Mayra Luna
Tink-a-Tako - Potranco,Mayra Luna,435,33,,2,9/26/25 7:23 PM,9/26/25 8:23 PM,59 minutes and 24 seconds,Zoila Salinas
Tink-a-Tako - Potranco,Isabel Cisneros,437,31,,2,9/26/25 7:23 PM,9/26/25 8:23 PM,59 minutes and 25 seconds,Zoila Salinas
Tink-a-Tako - Potranco,Juan  Camacho,441,20,,2,9/26/25 7:33 PM,9/26/25 8:23 PM,49 minutes and 56 seconds,Zoila Salinas
Tink-a-Tako - Potranco,Lizeth Alonso,463,,Prep,,9/26/25 8:16 PM,9/26/25 8:27 PM,11 minutes and 25 seconds,Mayra Luna
Tink-a-Tako - Potranco,Lizeth Alonso,463,,Lobby,,9/26/25 8:16 PM,9/26/25 8:27 PM,11 minutes and 25 seconds,Mayra Luna
Tink-a-Tako - Potranco,Lizeth Alonso,463,,Tortillero,,9/26/25 8:16 PM,9/26/25 8:27 PM,11 minutes and 25 seconds,Mayra Luna
Tink-a-Tako - Potranco,Isabel Cisneros,466,,Lobby,,9/26/25 8:20 PM,9/26/25 8:27 PM,6 minutes and 55 seconds,Mayra Luna
Tink-a-Tako - Potranco,Juan  Camacho,456,25,Lobby,,9/26/25 8:12 PM,9/26/25 8:28 PM,16 minutes and 8 seconds,Mayra Luna
Tink-a-Tako - Potranco,Isabel Cisneros,414,41,Lobby,,9/26/25 8:34 PM,9/26/25 8:40 PM,6 minutes and 1 second,Mayra Luna
Tink-a-Tako - Potranco,Juan  Camacho,460,20,Lobby,,9/26/25 8:35 PM,9/26/25 8:40 PM,5 minutes and 4 seconds,Mayra Luna
Tink-a-Tako - Potranco,Juan  Camacho,460,20,Lobby,,9/26/25 8:16 PM,9/26/25 8:40 PM,24 minutes and 23 seconds,Mayra Luna
Tink-a-Tako - Potranco,Juan  Camacho,459,20,Lobby,,9/26/25 8:16 PM,9/26/25 8:40 PM,24 minutes and 25 seconds,Mayra Luna
Tink-a-Tako - Potranco,Juan  Camacho,459,20,Tortillero,,9/26/25 8:16 PM,9/26/25 8:40 PM,24 minutes and 25 seconds,Mayra Luna
Tink-a-Tako - Potranco,Juan  Camacho,459,20,Prep,,9/26/25 8:16 PM,9/26/25 8:40 PM,24 minutes and 25 seconds,Mayra Luna
Tink-a-Tako - Potranco,Juan  Camacho,460,20,Tortillero,,9/26/25 8:16 PM,9/26/25 8:40 PM,24 minutes and 23 seconds,Mayra Luna
Tink-a-Tako - Potranco,Juan  Camacho,460,20,Prep,,9/26/25 8:16 PM,9/26/25 8:40 PM,24 minutes and 23 seconds,Mayra Luna
Tink-a-Tako - Potranco,Juan  Camacho,441,20,Lobby,,9/26/25 8:16 PM,9/26/25 8:40 PM,24 minutes and 27 seconds,Mayra Luna
Tink-a-Tako - Potranco,Juan  Camacho,462,20,Lobby,,9/26/25 8:16 PM,9/26/25 8:40 PM,24 minutes and 29 seconds,Mayra Luna
Tink-a-Tako - Potranco,Juan  Camacho,461,20,Lobby,,9/26/25 8:16 PM,9/26/25 8:40 PM,24 minutes and 28 seconds,Mayra Luna
Tink-a-Tako - Potranco,Isabel Cisneros,465,8,Lobby,,9/26/25 8:20 PM,9/26/25 8:40 PM,20 minutes and 35 seconds,Mayra Luna
Tink-a-Tako - Potranco,Isabel Cisneros,467,24,Lobby,,9/26/25 8:22 PM,9/26/25 8:40 PM,17 minutes and 57 seconds,Mayra Luna
Tink-a-Tako - Potranco,Lizeth Alonso,468,,Lobby,,9/26/25 8:31 PM,9/26/25 8:42 PM,10 minutes and 59 seconds,Mayra Luna
Tink-a-Tako - Potranco,Isabel Cisneros,414,41,Lobby,,9/26/25 8:46 PM,9/26/25 8:48 PM,1 minute and 13 seconds,Mayra Luna
Tink-a-Tako - Potranco,Juan  Camacho,456,25,Lobby,,9/26/25 8:48 PM,9/26/25 8:50 PM,2 minutes and 52 seconds,Mayra Luna
Tink-a-Tako - Potranco,Isabel Cisneros,466,,,2,9/26/25 8:27 PM,9/26/25 8:58 PM,30 minutes and 22 seconds,Zoila Salinas
Tink-a-Tako - Potranco,Juan  Camacho,470,,Prep,,9/26/25 8:49 PM,9/26/25 9:08 PM,19 minutes and 13 seconds,Mayra Luna
Tink-a-Tako - Potranco,Juan  Camacho,470,,Lobby,,9/26/25 8:49 PM,9/26/25 9:08 PM,19 minutes and 13 seconds,Mayra Luna
Tink-a-Tako - Potranco,Juan  Camacho,476,35,Lobby,,9/26/25 9:20 PM,9/26/25 9:23 PM,3 minutes and 5 seconds,Mayra Luna
Tink-a-Tako - Potranco,Lizeth Alonso,472,,Lobby,,9/26/25 9:14 PM,9/26/25 9:23 PM,8 minutes and 56 seconds,Mayra Luna
Tink-a-Tako - Potranco,Lizeth Alonso,472,,Tortillero,,9/26/25 9:14 PM,9/26/25 9:23 PM,8 minutes and 56 seconds,Mayra Luna
Tink-a-Tako - Potranco,Juan  Camacho,470,,,2,9/26/25 9:08 PM,9/26/25 9:29 PM,20 minutes and 49 seconds,Zoila Salinas
Tink-a-Tako - Potranco,Isabel Cisneros,414,41,,2,9/26/25 8:48 PM,9/26/25 9:29 PM,41 minutes and 26 seconds,Zoila Salinas
Tink-a-Tako - Potranco,Juan  Camacho,476,35,,2,9/26/25 9:23 PM,9/26/25 9:29 PM,6 minutes and 26 seconds,Zoila Salinas
Tink-a-Tako - Potranco,Juan  Camacho,456,25,,2,9/26/25 8:50 PM,9/26/25 9:29 PM,38 minutes and 41 seconds,Zoila Salinas
Tink-a-Tako - Potranco,Isabel Cisneros,465,8,,2,9/26/25 8:40 PM,9/26/25 9:29 PM,48 minutes and 48 seconds,Zoila Salinas
Tink-a-Tako - Potranco,Juan  Camacho,460,20,,2,9/26/25 8:40 PM,9/26/25 9:29 PM,49 minutes and 23 seconds,Zoila Salinas
Tink-a-Tako - Potranco,Isabel Cisneros,414,41,,2,9/26/25 8:40 PM,9/26/25 9:29 PM,49 minutes and 32 seconds,Zoila Salinas
Tink-a-Tako - Potranco,Juan  Camacho,461,20,,2,9/26/25 8:40 PM,9/26/25 9:29 PM,48 minutes and 52 seconds,Zoila Salinas
Tink-a-Tako - Potranco,Isabel Cisneros,467,24,,2,9/26/25 8:40 PM,9/26/25 9:29 PM,48 minutes and 47 seconds,Zoila Salinas
Tink-a-Tako - Potranco,Juan  Camacho,462,20,,2,9/26/25 8:40 PM,9/26/25 9:29 PM,48 minutes and 51 seconds,Zoila Salinas
Tink-a-Tako - Potranco,Juan  Camacho,460,20,,2,9/26/25 8:40 PM,9/26/25 9:29 PM,48 minutes and 59 seconds,Zoila Salinas
Tink-a-Tako - Potranco,Juan  Camacho,456,25,,2,9/26/25 8:28 PM,9/26/25 9:29 PM,"1 hour, 1 minute and 22 seconds",Zoila Salinas
Tink-a-Tako - Potranco,Juan  Camacho,441,20,,2,9/26/25 8:40 PM,9/26/25 9:29 PM,48 minutes and 59 seconds,Zoila Salinas
Tink-a-Tako - Potranco,Juan  Camacho,459,20,,2,9/26/25 8:40 PM,9/26/25 9:29 PM,49 minutes,Zoila Salinas
Tink-a-Tako - Potranco,Mayra Luna,444,32,,2,9/26/25 7:42 PM,9/26/25 9:29 PM,"1 hour, 46 minutes and 59 seconds",Zoila Salinas
Tink-a-Tako - Potranco,Isabel Cisneros,443,38,,2,9/26/25 7:42 PM,9/26/25 9:29 PM,"1 hour, 47 minutes and 8 seconds",Zoila Salinas
Tink-a-Tako - Potranco,Isabel Cisneros,439,37,,2,9/26/25 7:23 PM,9/26/25 9:29 PM,"2 hours, 6 minutes and 19 seconds",Zoila Salinas
Tink-a-Tako - Potranco,Juan  Camacho,430,9,,2,9/26/25 7:09 PM,9/26/25 9:29 PM,"2 hours, 20 minutes and 29 seconds",Zoila Salinas
Tink-a-Tako - Potranco,Isabel Cisneros,478,23,Lobby,,9/26/25 9:22 PM,9/26/25 9:32 PM,9 minutes and 18 seconds,Mayra Luna
Tink-a-Tako - Potranco,Juan  Camacho,477,32,Lobby,,9/26/25 9:22 PM,9/26/25 9:32 PM,9 minutes and 10 seconds,Mayra Luna
Tink-a-Tako - Potranco,Juan  Camacho,477,32,Tortillero,,9/26/25 9:22 PM,9/26/25 9:32 PM,9 minutes and 10 seconds,Mayra Luna
Tink-a-Tako - Potranco,Juan  Camacho,477,32,Prep,,9/26/25 9:22 PM,9/26/25 9:32 PM,9 minutes and 10 seconds,Mayra Luna
Tink-a-Tako - Potranco,Juan  Camacho,477,32,Lobby,,9/26/25 9:30 PM,9/26/25 9:40 PM,10 minutes and 33 seconds,Mayra Luna
Tink-a-Tako - Potranco,Lizeth Alonso,479,,Lobby,,9/26/25 9:33 PM,9/26/25 9:40 PM,7 minutes and 25 seconds,Mayra Luna
Tink-a-Tako - Potranco,Lizeth Alonso,480,,Lobby,,9/26/25 9:42 PM,9/26/25 9:56 PM,13 minutes and 53 seconds,Mayra Luna
Tink-a-Tako - Potranco,Juan  Camacho,483,,Prep,,9/26/25 9:53 PM,9/26/25 9:56 PM,2 minutes and 25 seconds,Mayra Luna
Tink-a-Tako - Potranco,Juan  Camacho,483,,Lobby,,9/26/25 9:53 PM,9/26/25 9:56 PM,2 minutes and 25 seconds,Mayra Luna
