Location,Order #,Opened,# of Guests,Server,Table,Discount Amount,Amount,Tax,Tip,Gratuity
Tink-a-Tako - Potranco,1,9/26/25 6:36 AM,1,Candy  Del angel ,,0.00,8.67,0.72,0.00,0.00
Tink-a-Tako - Potranco,2,9/26/25 6:39 AM,1,Candy  Del angel ,,0.00,10.72,0.89,0.00,0.00
Tink-a-Tako - Potranco,3,9/26/25 6:39 AM,1,Norma Vasquez,,11.94,47.76,3.94,0.00,0.00
Tink-a-Tako - Potranco,4,9/26/25 6:43 AM,1,Candy  Del angel ,,0.00,14.37,1.19,0.00,0.00
Tink-a-Tako - Potranco,5,9/26/25 6:43 AM,1,Candy  Del angel ,,0.00,10.05,0.82,0.00,0.00
Tink-a-Tako - Potranco,6,9/26/25 6:47 AM,1,Candy  Del angel ,,0.00,10.57,0.87,0.00,0.00
Tink-a-Tako - Potranco,7,9/26/25 6:47 AM,2,Norma Vasquez,37,0.00,24.22,2.00,0.00,0.00
Tink-a-Tako - Potranco,8,9/26/25 6:47 AM,1,Candy  Del angel ,,0.00,22.51,1.85,0.00,0.00
Tink-a-Tako - Potranco,9,9/26/25 6:51 AM,1,Candy  Del angel ,,0.00,18.21,1.50,0.00,0.00
Tink-a-Tako - Potranco,10,9/26/25 6:51 AM,1,Candy  Del angel ,,0.00,11.79,0.97,0.00,0.00
Tink-a-Tako - Potranco,12,9/26/25 6:53 AM,1,Norma Vasquez,,0.00,14.01,1.15,0.00,0.00
Tink-a-Tako - Potranco,13,9/26/25 6:57 AM,1,Candy  Del angel ,,0.00,25.97,2.14,0.00,0.00
Tink-a-Tako - Potranco,14,9/26/25 6:59 AM,1,Norma Vasquez,24,0.00,2.49,0.21,0.00,0.00
Tink-a-Tako - Potranco,15,9/26/25 7:11 AM,1,Candy  Del angel ,,0.00,32.49,2.68,0.00,0.00
Tink-a-Tako - Potranco,16,9/26/25 7:13 AM,3,Norma Vasquez,11,0.00,33.93,2.80,0.00,0.00
Tink-a-Tako - Potranco,17,9/26/25 7:14 AM,1,Candy  Del angel ,,0.00,12.76,1.05,0.00,0.00
Tink-a-Tako - Potranco,19,9/26/25 7:15 AM,1,Norma Vasquez,26,0.00,7.57,0.63,0.00,0.00
Tink-a-Tako - Potranco,18,9/26/25 7:14 AM,1,Candy  Del angel ,,0.00,3.98,0.33,0.00,0.00
Tink-a-Tako - Potranco,20,9/26/25 7:15 AM,1,Candy  Del angel ,,0.00,4.99,0.41,0.00,0.00
Tink-a-Tako - Potranco,21,9/26/25 7:16 AM,1,Candy  Del angel ,,0.00,7.99,0.66,0.00,0.00
Tink-a-Tako - Potranco,23,9/26/25 7:24 AM,1,Candy  Del angel ,,0.00,5.98,0.49,1.00,0.00
Tink-a-Tako - Potranco,22,9/26/25 7:24 AM,1,Norma Vasquez,,0.00,13.06,1.07,0.00,0.00
Tink-a-Tako - Potranco,24,9/26/25 7:27 AM,1,Candy  Del angel ,,0.00,6.44,0.54,0.00,0.00
Tink-a-Tako - Potranco,26,9/26/25 7:29 AM,2,Norma Vasquez,18,0.00,15.96,1.32,0.00,0.00
Tink-a-Tako - Potranco,25,9/26/25 7:28 AM,1,Candy  Del angel ,,0.00,10.55,0.88,0.00,0.00
Tink-a-Tako - Potranco,28,9/26/25 7:31 AM,1,Candy  Del angel ,,0.00,22.77,1.89,0.00,0.00
Tink-a-Tako - Potranco,27,9/26/25 7:31 AM,1,Norma Vasquez,,0.00,66.37,5.48,8.15,0.00
Tink-a-Tako - Potranco,30,9/26/25 7:32 AM,1,Norma Vasquez,,0.00,21.31,1.75,2.00,0.00
Tink-a-Tako - Potranco,29,9/26/25 7:31 AM,1,Candy  Del angel ,,0.00,4.78,0.39,0.00,0.00
Tink-a-Tako - Potranco,32,9/26/25 7:33 AM,1,Candy  Del angel ,,0.00,2.29,0.19,0.00,0.00
Tink-a-Tako - Potranco,33,9/26/25 7:38 AM,1,Candy  Del angel ,,0.00,4.98,0.41,0.61,0.00
Tink-a-Tako - Potranco,34,9/26/25 7:39 AM,1,Candy  Del angel ,,0.00,14.47,1.20,0.00,0.00
Tink-a-Tako - Potranco,36,9/26/25 7:39 AM,1,Rosie  ORDONEZ,,0.00,0.00,0.00,0.00,0.00
Tink-a-Tako - Potranco,37,9/26/25 7:40 AM,2,Norma Vasquez,25,0.00,29.20,2.40,0.00,0.00
Tink-a-Tako - Potranco,38,9/26/25 7:42 AM,1,Candy  Del angel ,,0.00,4.58,0.38,0.00,0.00
Tink-a-Tako - Potranco,39,9/26/25 7:43 AM,1,Candy  Del angel ,,0.00,12.46,1.03,0.00,0.00
Tink-a-Tako - Potranco,40,9/26/25 7:46 AM,1,Candy  Del angel ,,0.00,18.13,1.49,3.00,0.00
Tink-a-Tako - Potranco,41,9/26/25 7:46 AM,1,Candy  Del angel ,,0.00,7.67,0.63,0.00,0.00
Tink-a-Tako - Potranco,42,9/26/25 7:49 AM,1,Candy  Del angel ,,0.00,2.49,0.21,0.00,0.00
Tink-a-Tako - Potranco,43,9/26/25 7:49 AM,1,Candy  Del angel ,,0.00,7.03,0.58,0.00,0.00
Tink-a-Tako - Potranco,44,9/26/25 7:53 AM,1,Maria Majana,,0.00,11.36,0.94,3.00,0.00
Tink-a-Tako - Potranco,45,9/26/25 7:54 AM,1,Candy  Del angel ,,0.00,4.28,0.35,1.00,0.00
Tink-a-Tako - Potranco,46,9/26/25 7:55 AM,1,Candy  Del angel ,,0.00,7.47,0.62,1.00,0.00
Tink-a-Tako - Potranco,47,9/26/25 7:55 AM,1,Candy  Del angel ,,0.00,4.39,0.36,0.00,0.00
Tink-a-Tako - Potranco,48,9/26/25 7:55 AM,1,Candy  Del angel ,,0.00,7.27,0.61,1.00,0.00
Tink-a-Tako - Potranco,49,9/26/25 7:56 AM,1,Candy  Del angel ,,0.00,18.62,1.53,0.00,0.00
Tink-a-Tako - Potranco,51,9/26/25 7:57 AM,1,Candy  Del angel ,,0.00,6.78,0.56,0.00,0.00
Tink-a-Tako - Potranco,54,9/26/25 8:00 AM,1,Maria Majana,,0.00,6.98,0.58,2.00,0.00
Tink-a-Tako - Potranco,55,9/26/25 8:06 AM,2,Norma Vasquez,7,0.00,26.65,2.19,8.00,0.00
Tink-a-Tako - Potranco,57,9/26/25 8:07 AM,1,Candy  Del angel ,,0.00,6.44,0.53,0.00,0.00
Tink-a-Tako - Potranco,58,9/26/25 8:07 AM,1,Candy  Del angel ,,0.00,18.33,1.50,0.00,0.00
Tink-a-Tako - Potranco,59,9/26/25 8:08 AM,1,Candy  Del angel ,,0.00,8.72,0.72,1.00,0.00
Tink-a-Tako - Potranco,56,9/26/25 8:06 AM,1,Maria Majana,,0.00,5.28,0.44,0.00,0.00
Tink-a-Tako - Potranco,61,9/26/25 8:11 AM,1,Candy  Del angel ,,0.00,8.67,0.71,0.00,0.00
Tink-a-Tako - Potranco,60,9/26/25 8:11 AM,1,Maria Majana,,0.00,7.67,0.62,2.00,0.00
Tink-a-Tako - Potranco,63,9/26/25 8:12 AM,1,Candy  Del angel ,,0.00,14.83,1.22,0.00,0.00
Tink-a-Tako - Potranco,66,9/26/25 8:13 AM,1,Rosie  ORDONEZ,,0.00,37.64,3.11,0.00,0.00
Tink-a-Tako - Potranco,64,9/26/25 8:12 AM,1,Candy  Del angel ,,0.00,2.99,0.25,0.00,0.00
Tink-a-Tako - Potranco,67,9/26/25 8:15 AM,1,Candy  Del angel ,,0.00,8.98,0.74,0.00,0.00
Tink-a-Tako - Potranco,68,9/26/25 8:17 AM,1,Candy  Del angel ,,0.00,10.56,0.87,0.00,0.00
Tink-a-Tako - Potranco,70,9/26/25 8:19 AM,1,Maria Majana,,0.00,13.21,1.08,0.00,0.00
Tink-a-Tako - Potranco,75,9/26/25 8:21 AM,1,Maria Majana,,0.00,3.98,0.32,0.00,0.00
Tink-a-Tako - Potranco,74,9/26/25 8:21 AM,1,Esperansa Caviedes,1,0.00,5.98,0.50,0.00,0.00
Tink-a-Tako - Potranco,76,9/26/25 8:22 AM,1,Candy  Del angel ,,0.00,22.65,1.86,3.00,0.00
Tink-a-Tako - Potranco,79,9/26/25 8:23 AM,1,Esperansa Caviedes,17,0.00,25.42,2.11,3.00,0.00
Tink-a-Tako - Potranco,80,9/26/25 8:24 AM,1,Maria Majana,,0.00,5.77,0.47,2.00,0.00
Tink-a-Tako - Potranco,73,9/26/25 8:20 AM,1,Maria Majana,,0.00,26.54,2.18,5.00,0.00
Tink-a-Tako - Potranco,52,9/26/25 7:57 AM,1,Candy  Del angel ,,0.00,29.18,2.41,0.00,0.00
Tink-a-Tako - Potranco,84,9/26/25 8:27 AM,2,Rosa Compean,32,0.00,37.70,3.10,0.00,0.00
Tink-a-Tako - Potranco,85,9/26/25 8:29 AM,1,Candy  Del angel ,,0.00,4.98,0.41,0.00,0.00
Tink-a-Tako - Potranco,86,9/26/25 8:29 AM,1,Candy  Del angel ,,0.00,21.26,1.76,3.00,0.00
Tink-a-Tako - Potranco,87,9/26/25 8:30 AM,1,Candy  Del angel ,,0.00,7.43,0.60,0.00,0.00
Tink-a-Tako - Potranco,88,9/26/25 8:33 AM,1,Candy  Del angel ,,0.00,9.23,0.76,0.00,0.00
Tink-a-Tako - Potranco,89,9/26/25 8:34 AM,2,Silvia Hernandez,11,0.00,29.10,2.38,2.00,0.00
Tink-a-Tako - Potranco,90,9/26/25 8:37 AM,1,Candy  Del angel ,,0.00,9.01,0.74,0.00,0.00
Tink-a-Tako - Potranco,91,9/26/25 8:38 AM,1,Candy  Del angel ,,0.00,5.37,0.44,3.00,0.00
Tink-a-Tako - Potranco,92,9/26/25 8:39 AM,1,Maria Majana,,0.00,6.94,0.58,0.00,0.00
Tink-a-Tako - Potranco,95,9/26/25 8:42 AM,1,Candy  Del angel ,,0.00,10.00,0.82,0.00,0.00
Tink-a-Tako - Potranco,96,9/26/25 8:44 AM,1,Candy  Del angel ,,0.00,8.78,0.72,0.00,0.00
Tink-a-Tako - Potranco,97,9/26/25 8:46 AM,3,Norma Vasquez,17,0.00,33.35,2.75,4.00,0.00
Tink-a-Tako - Potranco,98,9/26/25 8:46 AM,1,Maria Majana,,0.00,6.77,0.56,0.00,0.00
Tink-a-Tako - Potranco,101,9/26/25 8:47 AM,1,Maria Majana,,0.00,7.97,0.66,2.00,0.00
Tink-a-Tako - Potranco,99,9/26/25 8:46 AM,2,Esperansa Caviedes,37,0.00,32.12,2.65,4.82,0.00
Tink-a-Tako - Potranco,100,9/26/25 8:46 AM,1,Candy  Del angel ,,0.00,14.97,1.24,0.00,0.00
Tink-a-Tako - Potranco,104,9/26/25 8:49 AM,2,Norma Vasquez,18,3.40,19.54,1.61,0.00,0.00
Tink-a-Tako - Potranco,83,9/26/25 8:26 AM,1,Candy  Del angel ,,0.00,1.99,0.16,1.00,0.00
Tink-a-Tako - Potranco,105,9/26/25 8:50 AM,1,Candy  Del angel ,,0.00,2.99,0.25,0.00,0.00
Tink-a-Tako - Potranco,107,9/26/25 8:53 AM,2,Esperansa Caviedes,39,0.00,10.65,0.87,0.00,0.00
Tink-a-Tako - Potranco,109,9/26/25 8:54 AM,2,Silvia Hernandez,33,0.00,15.64,1.31,0.00,0.00
Tink-a-Tako - Potranco,108,9/26/25 8:54 AM,1,Maria Majana,,0.00,27.33,2.26,0.00,0.00
Tink-a-Tako - Potranco,110,9/26/25 8:56 AM,1,Rosa Compean,,0.00,6.57,0.54,0.00,0.00
Tink-a-Tako - Potranco,111,9/26/25 8:59 AM,1,Candy  Del angel ,,0.00,3.58,0.30,0.00,0.00
Tink-a-Tako - Potranco,112,9/26/25 8:59 AM,2,Rosa Compean,23,0.00,15.45,1.27,0.00,0.00
Tink-a-Tako - Potranco,113,9/26/25 9:00 AM,1,Candy  Del angel ,,0.00,4.78,0.39,0.00,0.00
Tink-a-Tako - Potranco,115,9/26/25 9:00 AM,1,Rosa Compean,16,0.00,18.42,1.52,5.00,0.00
Tink-a-Tako - Potranco,114,9/26/25 9:00 AM,1,Candy  Del angel ,,0.00,3.99,0.33,0.00,0.00
Tink-a-Tako - Potranco,116,9/26/25 9:02 AM,1,Candy  Del angel ,,0.00,22.71,1.87,0.00,0.00
Tink-a-Tako - Potranco,118,9/26/25 9:05 AM,1,Candy  Del angel ,,0.00,33.33,2.74,5.00,0.00
Tink-a-Tako - Potranco,121,9/26/25 9:07 AM,2,Esperansa Caviedes,32,0.00,25.68,2.11,0.00,0.00
Tink-a-Tako - Potranco,120,9/26/25 9:07 AM,1,Candy  Del angel ,,0.00,3.78,0.31,0.00,0.00
Tink-a-Tako - Potranco,119,9/26/25 9:06 AM,2,Silvia Hernandez,8,3.46,25.28,2.09,3.00,0.00
Tink-a-Tako - Potranco,122,9/26/25 9:08 AM,1,Candy  Del angel ,,0.00,8.95,0.73,0.00,0.00
Tink-a-Tako - Potranco,123,9/26/25 9:10 AM,4,Norma Vasquez,4,0.00,50.36,4.15,15.00,0.00
Tink-a-Tako - Potranco,125,9/26/25 9:13 AM,1,Silvia Hernandez,25,0.00,11.98,0.99,0.00,0.00
Tink-a-Tako - Potranco,124,9/26/25 9:13 AM,4,Rosa Compean,20,0.00,63.40,5.25,10.00,0.00
Tink-a-Tako - Potranco,126,9/26/25 9:14 AM,1,Candy  Del angel ,,0.00,7.77,0.64,0.00,0.00
Tink-a-Tako - Potranco,106,9/26/25 8:53 AM,1,Candy  Del angel ,,0.00,13.69,1.12,1.00,0.00
Tink-a-Tako - Potranco,128,9/26/25 9:17 AM,2,Esperansa Caviedes,11,0.00,25.72,2.12,5.00,0.00
Tink-a-Tako - Potranco,131,9/26/25 9:18 AM,3,Norma Vasquez,38,0.00,33.26,2.75,7.00,0.00
Tink-a-Tako - Potranco,132,9/26/25 9:18 AM,1,Maria Majana,,0.00,8.87,0.72,0.00,0.00
Tink-a-Tako - Potranco,133,9/26/25 9:19 AM,1,Maria Majana,,0.00,5.37,0.44,0.00,0.00
Tink-a-Tako - Potranco,134,9/26/25 9:19 AM,1,Candy  Del angel ,,0.00,11.99,0.99,0.00,0.00
Tink-a-Tako - Potranco,135,9/26/25 9:19 AM,1,Maria Majana,,0.00,11.45,0.94,2.00,0.00
Tink-a-Tako - Potranco,137,9/26/25 9:20 AM,1,Candy  Del angel ,,0.00,10.86,0.89,0.00,0.00
Tink-a-Tako - Potranco,136,9/26/25 9:20 AM,2,Rosa Compean,1,0.00,21.95,1.82,0.00,0.00
Tink-a-Tako - Potranco,138,9/26/25 9:20 AM,1,Maria Majana,,0.00,5.78,0.48,0.00,0.00
Tink-a-Tako - Potranco,141,9/26/25 9:22 AM,1,Candy  Del angel ,,0.00,13.66,1.12,0.00,0.00
Tink-a-Tako - Potranco,144,9/26/25 9:24 AM,1,Rosie  ORDONEZ,,0.00,3.98,0.33,0.00,0.00
Tink-a-Tako - Potranco,146,9/26/25 9:25 AM,1,Candy  Del angel ,,0.00,16.90,1.39,3.71,0.00
Tink-a-Tako - Potranco,143,9/26/25 9:24 AM,3,Silvia Hernandez,22,0.00,46.46,3.84,0.00,0.00
Tink-a-Tako - Potranco,147,9/26/25 9:26 AM,1,Candy  Del angel ,,0.00,7.29,0.60,0.00,0.00
Tink-a-Tako - Potranco,149,9/26/25 9:27 AM,1,Candy  Del angel ,,0.00,34.34,2.83,0.00,0.00
Tink-a-Tako - Potranco,150,9/26/25 9:28 AM,1,Candy  Del angel ,,0.00,20.74,1.70,0.00,0.00
Tink-a-Tako - Potranco,151,9/26/25 9:28 AM,1,Candy  Del angel ,,0.00,25.76,2.12,0.00,0.00
Tink-a-Tako - Potranco,152,9/26/25 9:29 AM,1,Candy  Del angel ,,0.00,11.75,0.97,0.00,0.00
Tink-a-Tako - Potranco,154,9/26/25 9:31 AM,1,Norma Vasquez,37,0.00,35.55,2.93,5.00,0.00
Tink-a-Tako - Potranco,155,9/26/25 9:36 AM,1,Candy  Del angel ,,0.00,3.45,0.28,0.00,0.00
Tink-a-Tako - Potranco,156,9/26/25 9:40 AM,1,Candy  Del angel ,,0.00,10.37,0.85,0.00,0.00
Tink-a-Tako - Potranco,157,9/26/25 9:41 AM,2,Norma Vasquez,32,0.00,14.35,1.18,0.00,0.00
Tink-a-Tako - Potranco,158,9/26/25 9:42 AM,1,Candy  Del angel ,,0.00,23.16,1.92,0.00,0.00
Tink-a-Tako - Potranco,159,9/26/25 9:43 AM,1,Candy  Del angel ,,0.00,11.97,0.99,1.00,0.00
Tink-a-Tako - Potranco,160,9/26/25 9:46 AM,2,Norma Vasquez,33,2.60,16.35,1.36,6.00,0.00
Tink-a-Tako - Potranco,153,9/26/25 9:30 AM,1,Candy  Del angel ,,1.00,9.25,0.76,0.00,0.00
Tink-a-Tako - Potranco,162,9/26/25 9:49 AM,1,Candy  Del angel ,,0.00,42.63,3.50,0.00,0.00
Tink-a-Tako - Potranco,163,9/26/25 9:52 AM,1,Candy  Del angel ,,0.00,18.98,1.56,0.00,0.00
Tink-a-Tako - Potranco,165,9/26/25 9:53 AM,1,Candy  Del angel ,,0.00,14.64,1.22,0.00,0.00
Tink-a-Tako - Potranco,166,9/26/25 9:54 AM,2,Rosa Compean,18,0.00,26.71,2.20,0.00,0.00
Tink-a-Tako - Potranco,168,9/26/25 9:56 AM,1,Maria Majana,,4.81,19.24,1.58,3.00,0.00
Tink-a-Tako - Potranco,170,9/26/25 9:58 AM,1,Candy  Del angel ,,0.00,7.99,0.66,0.00,0.00
Tink-a-Tako - Potranco,169,9/26/25 9:58 AM,1,Maria Majana,,1.12,4.46,0.37,0.00,0.00
Tink-a-Tako - Potranco,172,9/26/25 10:00 AM,3,Silvia Hernandez,38,0.00,34.75,2.86,0.00,0.00
Tink-a-Tako - Potranco,174,9/26/25 10:03 AM,1,Candy  Del angel ,,0.00,17.74,1.46,0.00,0.00
Tink-a-Tako - Potranco,175,9/26/25 10:04 AM,1,Norma Vasquez,,0.00,7.68,0.63,0.00,0.00
Tink-a-Tako - Potranco,176,9/26/25 10:05 AM,1,Candy  Del angel ,,0.00,3.98,0.32,0.00,0.00
Tink-a-Tako - Potranco,171,9/26/25 9:58 AM,1,Candy  Del angel ,,0.00,3.98,0.32,0.00,0.00
Tink-a-Tako - Potranco,179,9/26/25 10:07 AM,1,Maria Majana,,0.00,34.82,2.88,5.00,0.00
Tink-a-Tako - Potranco,180,9/26/25 10:07 AM,3,Esperansa Caviedes,23,0.00,53.18,4.40,11.00,0.00
Tink-a-Tako - Potranco,181,9/26/25 10:12 AM,1,Candy  Del angel ,,0.00,11.96,0.98,0.00,0.00
Tink-a-Tako - Potranco,182,9/26/25 10:13 AM,1,Candy  Del angel ,,0.00,10.07,0.82,0.00,0.00
Tink-a-Tako - Potranco,183,9/26/25 10:14 AM,1,Candy  Del angel ,,0.00,16.93,1.40,0.00,0.00
Tink-a-Tako - Potranco,184,9/26/25 10:16 AM,1,Candy  Del angel ,,0.00,11.97,0.99,0.00,0.00
Tink-a-Tako - Potranco,185,9/26/25 10:16 AM,4,Silvia Hernandez,39,0.00,44.90,3.71,0.00,0.00
Tink-a-Tako - Potranco,187,9/26/25 10:20 AM,1,Candy  Del angel ,,0.00,14.56,1.21,2.00,0.00
Tink-a-Tako - Potranco,189,9/26/25 10:21 AM,2,Esperansa Caviedes,20,0.00,26.44,2.19,0.00,0.00
Tink-a-Tako - Potranco,188,9/26/25 10:21 AM,1,Candy  Del angel ,,0.00,0.00,0.00,0.00,0.00
Tink-a-Tako - Potranco,190,9/26/25 10:25 AM,1,Candy  Del angel ,,0.00,7.97,0.65,0.00,0.00
Tink-a-Tako - Potranco,191,9/26/25 10:27 AM,2,Rosa Compean,32,0.00,14.48,1.20,0.00,0.00
Tink-a-Tako - Potranco,192,9/26/25 10:30 AM,1,Candy  Del angel ,,0.00,10.44,0.85,0.00,0.00
Tink-a-Tako - Potranco,193,9/26/25 10:31 AM,2,Norma Vasquez,25,0.00,22.92,1.89,0.00,0.00
Tink-a-Tako - Potranco,194,9/26/25 10:31 AM,1,Candy  Del angel ,,0.00,6.22,0.51,0.00,0.00
Tink-a-Tako - Potranco,195,9/26/25 10:34 AM,2,Norma Vasquez,37,0.00,14.97,1.23,5.00,0.00
Tink-a-Tako - Potranco,196,9/26/25 10:34 AM,1,Candy  Del angel ,,0.00,7.38,0.61,2.00,0.00
Tink-a-Tako - Potranco,197,9/26/25 10:34 AM,1,Candy  Del angel ,,0.00,24.16,1.99,0.00,0.00
Tink-a-Tako - Potranco,198,9/26/25 10:38 AM,1,Silvia Hernandez,26,0.00,7.77,0.64,0.00,0.00
Tink-a-Tako - Potranco,199,9/26/25 10:39 AM,1,Candy  Del angel ,,0.00,3.98,0.33,0.00,0.00
Tink-a-Tako - Potranco,200,9/26/25 10:42 AM,1,Candy  Del angel ,,0.00,6.38,0.52,0.00,0.00
Tink-a-Tako - Potranco,202,9/26/25 10:44 AM,1,Candy  Del angel ,,0.00,2.99,0.25,0.00,0.00
Tink-a-Tako - Potranco,203,9/26/25 10:44 AM,4,Rosa Compean,9,0.00,55.93,4.61,10.46,0.00
Tink-a-Tako - Potranco,204,9/26/25 10:45 AM,1,Candy  Del angel ,,0.00,29.95,2.47,0.00,0.00
Tink-a-Tako - Potranco,206,9/26/25 10:46 AM,1,Candy  Del angel ,,0.00,9.57,0.79,0.00,0.00
Tink-a-Tako - Potranco,207,9/26/25 10:47 AM,1,Maria Majana,,0.00,31.90,2.63,0.00,0.00
Tink-a-Tako - Potranco,209,9/26/25 10:48 AM,1,Candy  Del angel ,,0.00,5.98,0.49,0.00,0.00
Tink-a-Tako - Potranco,211,9/26/25 10:49 AM,1,Candy  Del angel ,,0.00,9.83,0.80,0.00,0.00
Tink-a-Tako - Potranco,213,9/26/25 10:50 AM,1,Candy  Del angel ,,0.00,20.43,1.68,0.00,0.00
Tink-a-Tako - Potranco,215,9/26/25 10:51 AM,1,Rosa Compean,,0.00,1.79,0.15,0.00,0.00
Tink-a-Tako - Potranco,212,9/26/25 10:50 AM,2,Norma Vasquez,15,0.00,39.03,3.21,1.23,0.00
Tink-a-Tako - Potranco,216,9/26/25 10:54 AM,5,Esperansa Caviedes,40,0.00,55.10,4.54,0.00,0.00
Tink-a-Tako - Potranco,217,9/26/25 10:55 AM,3,Rosa Compean,19,0.00,40.89,3.36,8.18,0.00
Tink-a-Tako - Potranco,186,9/26/25 10:20 AM,1,Candy  Del angel ,,0.00,13.22,1.09,2.00,0.00
Tink-a-Tako - Potranco,218,9/26/25 10:57 AM,1,Candy  Del angel ,,0.00,6.79,0.56,2.00,0.00
Tink-a-Tako - Potranco,219,9/26/25 10:57 AM,1,Candy  Del angel ,,0.00,15.00,1.24,0.00,0.00
Tink-a-Tako - Potranco,220,9/26/25 10:57 AM,1,Candy  Del angel ,,0.00,24.64,2.03,0.00,0.00
Tink-a-Tako - Potranco,221,9/26/25 10:58 AM,1,Maria Majana,,0.00,16.35,1.34,2.00,0.00
Tink-a-Tako - Potranco,222,9/26/25 10:58 AM,1,Candy  Del angel ,,0.00,15.76,1.30,0.00,0.00
Tink-a-Tako - Potranco,224,9/26/25 10:59 AM,1,Candy  Del angel ,,0.00,9.55,0.79,0.00,0.00
Tink-a-Tako - Potranco,228,9/26/25 11:02 AM,2,Esperansa Caviedes,33,0.00,19.67,1.62,3.71,0.00
Tink-a-Tako - Potranco,229,9/26/25 11:04 AM,1,Rosa Compean,7,0.00,7.43,0.61,4.00,0.00
Tink-a-Tako - Potranco,230,9/26/25 11:07 AM,2,Norma Vasquez,38,0.00,26.86,2.20,0.00,0.00
Tink-a-Tako - Potranco,231,9/26/25 11:09 AM,1,Candy  Del angel ,,0.00,10.77,0.89,0.00,0.00
Tink-a-Tako - Potranco,232,9/26/25 11:09 AM,2,Silvia Hernandez,18,0.00,11.96,1.00,0.00,0.00
Tink-a-Tako - Potranco,234,9/26/25 11:10 AM,1,Candy  Del angel ,,0.00,4.28,0.36,0.00,0.00
Tink-a-Tako - Potranco,233,9/26/25 11:10 AM,2,Esperansa Caviedes,31,6.40,24.84,2.05,6.87,0.00
Tink-a-Tako - Potranco,235,9/26/25 11:15 AM,2,Rosa Compean,11,0.00,24.98,2.06,5.00,0.00
Tink-a-Tako - Potranco,238,9/26/25 11:17 AM,1,Candy  Del angel ,,0.00,7.47,0.62,0.00,0.00
Tink-a-Tako - Potranco,237,9/26/25 11:17 AM,2,Silvia Hernandez,10,0.00,39.91,3.28,7.00,0.00
Tink-a-Tako - Potranco,236,9/26/25 11:15 AM,1,Brianna  Arias ,,4.39,0.00,0.00,0.00,0.00
Tink-a-Tako - Potranco,240,9/26/25 11:19 AM,1,Rosa Compean,,0.00,12.56,1.03,2.00,0.00
Tink-a-Tako - Potranco,241,9/26/25 11:21 AM,5,Esperansa Caviedes,42,0.00,51.64,4.26,10.00,0.00
Tink-a-Tako - Potranco,242,9/26/25 11:22 AM,2,Norma Vasquez,24,0.00,22.12,1.83,5.00,0.00
Tink-a-Tako - Potranco,245,9/26/25 11:28 AM,2,Rosa Compean,32,0.00,29.28,2.42,0.00,0.00
Tink-a-Tako - Potranco,244,9/26/25 11:27 AM,1,Candy  Del angel ,,0.00,14.03,1.15,0.00,0.00
Tink-a-Tako - Potranco,246,9/26/25 11:29 AM,1,Candy  Del angel ,,0.00,9.96,0.82,2.00,0.00
Tink-a-Tako - Potranco,247,9/26/25 11:30 AM,1,Candy  Del angel ,,0.00,11.97,0.99,0.00,0.00
Tink-a-Tako - Potranco,249,9/26/25 11:30 AM,3,Silvia Hernandez,23,0.00,35.70,2.95,6.00,0.00
Tink-a-Tako - Potranco,248,9/26/25 11:30 AM,1,Candy  Del angel ,,0.00,11.18,0.91,0.00,0.00
Tink-a-Tako - Potranco,250,9/26/25 11:32 AM,1,Rosa Compean,26,0.00,14.98,1.24,2.00,0.00
Tink-a-Tako - Potranco,251,9/26/25 11:33 AM,1,Candy  Del angel ,,0.00,9.67,0.79,0.00,0.00
Tink-a-Tako - Potranco,253,9/26/25 11:35 AM,2,Esperansa Caviedes,17,0.00,18.77,1.54,0.00,0.00
Tink-a-Tako - Potranco,254,9/26/25 11:38 AM,1,Candy  Del angel ,,0.00,0.00,0.00,0.00,0.00
Tink-a-Tako - Potranco,255,9/26/25 11:39 AM,1,Maria Majana,,0.00,12.99,1.07,0.00,0.00
Tink-a-Tako - Potranco,256,9/26/25 11:39 AM,2,Norma Vasquez,37,0.00,31.88,2.62,10.00,0.00
Tink-a-Tako - Potranco,259,9/26/25 11:42 AM,1,Candy  Del angel ,,0.00,18.07,1.49,0.00,0.00
Tink-a-Tako - Potranco,261,9/26/25 11:42 AM,1,Candy  Del angel ,,0.00,14.79,1.21,1.00,0.00
Tink-a-Tako - Potranco,260,9/26/25 11:42 AM,2,Esperansa Caviedes,22,0.00,35.52,2.93,0.00,0.00
Tink-a-Tako - Potranco,262,9/26/25 11:45 AM,1,Maria Majana,,0.00,15.98,1.32,0.00,0.00
Tink-a-Tako - Potranco,264,9/26/25 11:46 AM,1,Candy  Del angel ,,0.00,9.66,0.79,0.00,0.00
Tink-a-Tako - Potranco,265,9/26/25 11:46 AM,1,Rosa Compean,25,0.00,18.73,1.54,3.00,0.00
Tink-a-Tako - Potranco,266,9/26/25 11:47 AM,2,Silvia Hernandez,33,0.00,17.98,1.48,4.00,0.00
Tink-a-Tako - Potranco,268,9/26/25 11:49 AM,1,Candy  Del angel ,,0.00,4.58,0.38,0.00,0.00
Tink-a-Tako - Potranco,269,9/26/25 11:49 AM,1,Candy  Del angel ,,0.00,21.28,1.76,1.90,0.00
Tink-a-Tako - Potranco,267,9/26/25 11:48 AM,4,Silvia Hernandez,34,0.00,47.18,3.89,5.00,0.00
Tink-a-Tako - Potranco,270,9/26/25 11:52 AM,1,Candy  Del angel ,,0.00,15.46,1.28,0.00,0.00
Tink-a-Tako - Potranco,271,9/26/25 11:54 AM,3,Norma Vasquez,19,0.00,44.71,3.69,0.00,0.00
Tink-a-Tako - Potranco,272,9/26/25 11:55 AM,1,Candy  Del angel ,,0.00,26.23,2.16,0.00,0.00
Tink-a-Tako - Potranco,274,9/26/25 11:58 AM,2,Esperansa Caviedes,16,0.00,23.88,1.96,5.00,0.00
Tink-a-Tako - Potranco,275,9/26/25 11:59 AM,1,Candy  Del angel ,,0.00,8.73,0.72,2.00,0.00
Tink-a-Tako - Potranco,276,9/26/25 12:00 PM,1,Candy  Del angel ,,0.00,6.98,0.58,0.00,0.00
Tink-a-Tako - Potranco,277,9/26/25 12:01 PM,2,Norma Vasquez,20,0.00,25.91,2.14,5.00,0.00
Tink-a-Tako - Potranco,279,9/26/25 12:02 PM,2,Rosa Compean,38,0.00,29.93,2.46,5.00,0.00
Tink-a-Tako - Potranco,278,9/26/25 12:02 PM,2,Norma Vasquez,10,0.00,24.36,2.00,3.65,0.00
Tink-a-Tako - Potranco,280,9/26/25 12:03 PM,1,Candy  Del angel ,,0.00,9.63,0.79,1.00,0.00
Tink-a-Tako - Potranco,281,9/26/25 12:03 PM,1,Candy  Del angel ,,0.00,4.89,0.40,0.00,0.00
Tink-a-Tako - Potranco,282,9/26/25 12:05 PM,3,Silvia Hernandez,7,0.00,42.48,3.51,0.00,0.00
Tink-a-Tako - Potranco,283,9/26/25 12:10 PM,3,Esperansa Caviedes,24,0.00,37.95,3.13,0.00,0.00
Tink-a-Tako - Potranco,284,9/26/25 12:11 PM,2,Rosa Compean,39,0.00,31.70,2.61,0.00,0.00
Tink-a-Tako - Potranco,285,9/26/25 12:19 PM,1,Candy  Del angel ,,0.00,20.93,1.73,0.00,0.00
Tink-a-Tako - Potranco,286,9/26/25 12:20 PM,3,Esperansa Caviedes,11,0.00,37.80,3.10,8.00,0.00
Tink-a-Tako - Potranco,288,9/26/25 12:22 PM,2,Norma Vasquez,15,0.00,39.87,3.27,10.00,0.00
Tink-a-Tako - Potranco,289,9/26/25 12:24 PM,3,Silvia Hernandez,32,0.00,23.49,1.95,5.00,0.00
Tink-a-Tako - Potranco,291,9/26/25 12:25 PM,1,Candy  Del angel ,,0.00,10.57,0.86,2.00,0.00
Tink-a-Tako - Potranco,290,9/26/25 12:25 PM,1,Silvia Hernandez,,0.00,15.47,1.27,0.00,0.00
Tink-a-Tako - Potranco,294,9/26/25 12:27 PM,2,Norma Vasquez,17,0.00,18.50,1.54,5.00,0.00
Tink-a-Tako - Potranco,295,9/26/25 12:31 PM,1,Candy  Del angel ,,0.00,7.27,0.60,1.00,0.00
Tink-a-Tako - Potranco,296,9/26/25 12:33 PM,2,Rosa Compean,23,0.00,23.97,1.98,10.00,0.00
Tink-a-Tako - Potranco,298,9/26/25 12:35 PM,1,Esperansa Caviedes,40,0.00,8.99,0.74,1.98,0.00
Tink-a-Tako - Potranco,299,9/26/25 12:36 PM,1,Candy  Del angel ,,0.00,13.48,1.11,3.00,0.00
Tink-a-Tako - Potranco,301,9/26/25 12:37 PM,1,Candy  Del angel ,,0.00,9.26,0.77,0.00,0.00
Tink-a-Tako - Potranco,300,9/26/25 12:37 PM,2,Silvia Hernandez,22,0.00,23.13,1.91,4.00,0.00
Tink-a-Tako - Potranco,303,9/26/25 12:42 PM,1,Candy  Del angel ,,0.00,3.98,0.33,0.00,0.00
Tink-a-Tako - Potranco,304,9/26/25 12:42 PM,1,Candy  Del angel ,,0.00,13.33,1.09,2.00,0.00
Tink-a-Tako - Potranco,306,9/26/25 12:44 PM,3,Esperansa Caviedes,19,0.00,41.69,3.45,6.25,0.00
Tink-a-Tako - Potranco,309,9/26/25 12:47 PM,1,Candy  Del angel ,,0.00,3.38,0.27,0.00,0.00
Tink-a-Tako - Potranco,311,9/26/25 12:49 PM,2,Rosa Compean,10,1.90,14.97,1.22,3.00,0.00
Tink-a-Tako - Potranco,310,9/26/25 12:47 PM,1,Candy  Del angel ,,0.00,7.58,0.63,0.00,0.00
Tink-a-Tako - Potranco,313,9/26/25 12:52 PM,1,Candy  Del angel ,,0.00,0.00,0.00,0.00,0.00
Tink-a-Tako - Potranco,314,9/26/25 12:54 PM,2,Silvia Hernandez,33,0.00,27.16,2.24,0.00,0.00
Tink-a-Tako - Potranco,315,9/26/25 12:55 PM,1,Candy  Del angel ,,0.00,9.72,0.80,0.00,0.00
Tink-a-Tako - Potranco,316,9/26/25 12:56 PM,1,Candy  Del angel ,,0.00,8.68,0.71,0.00,0.00
Tink-a-Tako - Potranco,318,9/26/25 12:57 PM,2,Esperansa Caviedes,25,0.00,32.88,2.70,6.00,0.00
Tink-a-Tako - Potranco,319,9/26/25 12:59 PM,1,Candy  Del angel ,,0.00,12.27,1.01,0.00,0.00
Tink-a-Tako - Potranco,320,9/26/25 1:00 PM,1,Candy  Del angel ,,0.00,17.94,1.48,0.00,0.00
Tink-a-Tako - Potranco,322,9/26/25 1:00 PM,3,Rosa Compean,37,0.00,19.29,1.60,4.00,0.00
Tink-a-Tako - Potranco,323,9/26/25 1:00 PM,2,Silvia Hernandez,35,0.00,24.26,2.01,4.00,0.00
Tink-a-Tako - Potranco,321,9/26/25 1:00 PM,1,Candy  Del angel ,,0.00,33.34,2.74,2.00,0.00
Tink-a-Tako - Potranco,324,9/26/25 1:01 PM,2,Norma Vasquez,40,0.00,37.46,3.08,5.00,0.00
Tink-a-Tako - Potranco,325,9/26/25 1:05 PM,3,Esperansa Caviedes,18,0.00,0.00,0.00,0.00,0.00
Tink-a-Tako - Potranco,326,9/26/25 1:08 PM,2,Norma Vasquez,17,0.00,31.00,2.56,0.00,0.00
Tink-a-Tako - Potranco,328,9/26/25 1:10 PM,1,Candy  Del angel ,,0.00,3.99,0.33,0.00,0.00
Tink-a-Tako - Potranco,327,9/26/25 1:09 PM,3,Esperansa Caviedes,18,0.00,35.25,2.90,0.00,0.00
Tink-a-Tako - Potranco,329,9/26/25 1:20 PM,1,Lizeth Alonso,,0.00,11.99,0.99,0.00,0.00
Tink-a-Tako - Potranco,331,9/26/25 1:24 PM,1,Lizeth Alonso,,0.00,15.96,1.32,2.00,0.00
Tink-a-Tako - Potranco,332,9/26/25 1:27 PM,1,Lizeth Alonso,,0.00,12.99,1.07,0.00,0.00
Tink-a-Tako - Potranco,333,9/26/25 1:36 PM,3,Rosa Compean,10,0.00,33.47,2.76,7.00,0.00
Tink-a-Tako - Potranco,335,9/26/25 1:39 PM,1,Maria Majana,,0.00,2.99,0.25,0.00,0.00
Tink-a-Tako - Potranco,336,9/26/25 1:39 PM,1,Lizeth Alonso,,5.24,20.92,1.73,0.00,0.00
Tink-a-Tako - Potranco,338,9/26/25 1:40 PM,1,Lizeth Alonso,,0.00,8.67,0.71,0.00,0.00
Tink-a-Tako - Potranco,341,9/26/25 1:41 PM,1,Lizeth Alonso,,0.00,5.97,0.49,0.00,0.00
Tink-a-Tako - Potranco,340,9/26/25 1:41 PM,2,Norma Vasquez,24,0.00,25.21,2.09,4.00,0.00
Tink-a-Tako - Potranco,343,9/26/25 1:42 PM,1,Lizeth Alonso,,0.00,6.28,0.52,0.00,0.00
Tink-a-Tako - Potranco,344,9/26/25 1:44 PM,1,Lizeth Alonso,,0.00,29.27,2.42,0.00,0.00
Tink-a-Tako - Potranco,345,9/26/25 1:46 PM,3,Norma Vasquez,25,0.00,57.31,4.70,13.00,0.00
Tink-a-Tako - Potranco,346,9/26/25 1:51 PM,1,Lizeth Alonso,,0.00,15.96,1.32,0.00,0.00
Tink-a-Tako - Potranco,347,9/26/25 1:55 PM,1,Lizeth Alonso,,0.00,9.58,0.79,0.00,0.00
Tink-a-Tako - Potranco,350,9/26/25 1:57 PM,2,Rosa Compean,32,0.00,31.97,2.63,10.00,0.00
Tink-a-Tako - Potranco,349,9/26/25 1:55 PM,2,Esperansa Caviedes,23,0.00,31.43,2.59,7.00,0.00
Tink-a-Tako - Potranco,351,9/26/25 2:03 PM,1,Lizeth Alonso,,0.00,15.98,1.32,0.00,0.00
Tink-a-Tako - Potranco,353,9/26/25 2:07 PM,2,Norma Vasquez,33,0.00,33.66,2.77,0.00,0.00
Tink-a-Tako - Potranco,354,9/26/25 2:15 PM,2,Juan  Camacho,18,0.00,21.88,1.80,5.00,0.00
Tink-a-Tako - Potranco,355,9/26/25 2:21 PM,2,Juan  Camacho,7,0.00,43.10,3.54,0.00,0.00
Tink-a-Tako - Potranco,356,9/26/25 2:23 PM,1,Lizeth Alonso,,0.00,17.23,1.42,0.00,0.00
Tink-a-Tako - Potranco,358,9/26/25 2:26 PM,2,Juan  Camacho,8,0.00,31.75,2.62,0.00,0.00
Tink-a-Tako - Potranco,357,9/26/25 2:25 PM,1,Lizeth Alonso,,0.00,12.07,0.99,2.00,0.00
Tink-a-Tako - Potranco,359,9/26/25 2:42 PM,1,Juan  Camacho,17,0.00,19.44,1.60,4.00,0.00
Tink-a-Tako - Potranco,360,9/26/25 2:58 PM,1,Lizeth Alonso,,0.00,33.54,2.77,2.00,0.00
Tink-a-Tako - Potranco,361,9/26/25 3:01 PM,1,Lizeth Alonso,,0.00,16.06,1.32,0.00,0.00
Tink-a-Tako - Potranco,362,9/26/25 3:02 PM,1,Lizeth Alonso,,0.00,9.78,0.81,0.00,0.00
Tink-a-Tako - Potranco,363,9/26/25 3:06 PM,3,Juan  Camacho,25,0.00,35.35,2.92,7.00,0.00
Tink-a-Tako - Potranco,364,9/26/25 3:10 PM,2,Juan  Camacho,23,0.00,31.96,2.64,0.00,0.00
Tink-a-Tako - Potranco,365,9/26/25 3:20 PM,1,Lizeth Alonso,,0.00,2.39,0.20,0.00,0.00
Tink-a-Tako - Potranco,366,9/26/25 3:20 PM,1,Lizeth Alonso,,0.00,31.85,2.62,3.00,0.00
Tink-a-Tako - Potranco,368,9/26/25 3:44 PM,1,Juan  Camacho,32,0.00,13.68,1.12,0.00,0.00
Tink-a-Tako - Potranco,369,9/26/25 3:48 PM,1,Lizeth Alonso,,0.00,4.79,0.40,1.00,0.00
Tink-a-Tako - Potranco,370,9/26/25 3:57 PM,1,Isabel Cisneros,33,0.00,17.98,1.48,0.00,0.00
Tink-a-Tako - Potranco,371,9/26/25 3:58 PM,1,Lizeth Alonso,,0.00,13.99,1.15,3.00,0.00
Tink-a-Tako - Potranco,372,9/26/25 4:00 PM,1,Lizeth Alonso,,0.00,19.98,1.65,0.00,0.00
Tink-a-Tako - Potranco,373,9/26/25 4:04 PM,1,Lizeth Alonso,,0.00,1.79,0.15,0.00,0.00
Tink-a-Tako - Potranco,374,9/26/25 4:04 PM,1,Lizeth Alonso,,0.00,25.21,2.07,0.00,0.00
Tink-a-Tako - Potranco,375,9/26/25 4:12 PM,1,Lizeth Alonso,,0.00,3.49,0.29,0.00,0.00
Tink-a-Tako - Potranco,378,9/26/25 4:21 PM,4,Juan  Camacho,42,0.00,57.63,4.76,9.00,0.00
Tink-a-Tako - Potranco,379,9/26/25 4:21 PM,1,Juan  Camacho,1,0.00,10.99,0.91,0.00,0.00
Tink-a-Tako - Potranco,380,9/26/25 4:30 PM,1,Lizeth Alonso,,0.00,13.99,1.15,3.00,0.00
Tink-a-Tako - Potranco,381,9/26/25 4:39 PM,2,Isabel Cisneros,25,0.00,31.65,2.61,5.00,0.00
Tink-a-Tako - Potranco,382,9/26/25 4:47 PM,1,Lizeth Alonso,,0.00,29.62,2.44,1.00,0.00
Tink-a-Tako - Potranco,383,9/26/25 4:58 PM,1,Lizeth Alonso,,0.00,28.47,2.35,2.18,0.00
Tink-a-Tako - Potranco,384,9/26/25 5:01 PM,1,Lizeth Alonso,,0.00,27.84,2.28,0.00,0.00
Tink-a-Tako - Potranco,386,9/26/25 5:04 PM,3,Juan  Camacho,9,7.84,19.01,1.57,7.52,0.00
Tink-a-Tako - Potranco,389,9/26/25 5:04 PM,1,Lizeth Alonso,,0.00,26.96,2.23,0.00,0.00
Tink-a-Tako - Potranco,390,9/26/25 5:05 PM,2,Isabel Cisneros,17,0.00,18.25,1.51,0.00,0.00
Tink-a-Tako - Potranco,391,9/26/25 5:19 PM,3,Juan  Camacho,18,0.00,50.78,4.19,5.00,0.00
Tink-a-Tako - Potranco,392,9/26/25 5:21 PM,1,Lizeth Alonso,,0.00,17.98,1.48,0.00,0.00
Tink-a-Tako - Potranco,393,9/26/25 5:24 PM,1,Isabel Cisneros,25,0.00,17.44,1.43,2.00,0.00
Tink-a-Tako - Potranco,394,9/26/25 5:25 PM,1,Lizeth Alonso,,0.00,9.58,0.79,0.00,0.00
Tink-a-Tako - Potranco,395,9/26/25 5:29 PM,1,Lizeth Alonso,,0.00,29.36,2.41,0.00,0.00
Tink-a-Tako - Potranco,396,9/26/25 5:31 PM,2,Juan  Camacho,37,0.00,39.94,3.29,0.00,0.00
Tink-a-Tako - Potranco,397,9/26/25 5:31 PM,1,Juan  Camacho,24,0.00,16.73,1.38,10.00,0.00
Tink-a-Tako - Potranco,398,9/26/25 5:31 PM,2,Isabel Cisneros,32,0.00,21.43,1.76,3.00,0.00
Tink-a-Tako - Potranco,399,9/26/25 5:32 PM,1,Lizeth Alonso,,0.90,0.89,0.07,2.00,0.00
Tink-a-Tako - Potranco,400,9/26/25 5:33 PM,1,Lizeth Alonso,,0.00,10.99,0.91,0.00,0.00
Tink-a-Tako - Potranco,401,9/26/25 5:37 PM,1,Lizeth Alonso,,0.00,11.99,0.99,0.00,0.00
Tink-a-Tako - Potranco,403,9/26/25 5:44 PM,1,Lizeth Alonso,,0.00,4.99,0.41,0.00,0.00
Tink-a-Tako - Potranco,404,9/26/25 5:46 PM,3,Isabel Cisneros,3,0.00,51.79,4.26,7.77,0.00
Tink-a-Tako - Potranco,405,9/26/25 5:47 PM,1,Lizeth Alonso,,0.00,17.98,1.48,0.00,0.00
Tink-a-Tako - Potranco,406,9/26/25 5:47 PM,1,Lizeth Alonso,,0.00,17.68,1.45,0.00,0.00
Tink-a-Tako - Potranco,407,9/26/25 5:48 PM,1,Lizeth Alonso,,0.00,21.96,1.81,0.00,0.00
Tink-a-Tako - Potranco,409,9/26/25 5:49 PM,2,Juan  Camacho,23,0.00,42.91,3.53,0.00,0.00
Tink-a-Tako - Potranco,410,9/26/25 5:54 PM,1,Lizeth Alonso,,0.00,7.97,0.66,1.00,0.00
Tink-a-Tako - Potranco,411,9/26/25 5:57 PM,1,Lizeth Alonso,,0.00,14.98,1.24,0.00,0.00
Tink-a-Tako - Potranco,412,9/26/25 6:00 PM,1,Lizeth Alonso,,0.00,14.53,1.21,0.00,0.00
Tink-a-Tako - Potranco,414,9/26/25 6:00 PM,4,Isabel Cisneros,41,0.00,77.77,6.42,10.06,0.00
Tink-a-Tako - Potranco,415,9/26/25 6:02 PM,1,Lizeth Alonso,,0.00,13.49,1.11,2.00,0.00
Tink-a-Tako - Potranco,417,9/26/25 6:03 PM,2,Juan  Camacho,22,0.00,28.42,2.35,5.00,0.00
Tink-a-Tako - Potranco,418,9/26/25 6:03 PM,1,Lizeth Alonso,,0.00,24.21,2.00,5.00,0.00
Tink-a-Tako - Potranco,419,9/26/25 6:08 PM,2,Isabel Cisneros,39,0.00,31.95,2.64,0.00,0.00
Tink-a-Tako - Potranco,420,9/26/25 6:12 PM,1,Lizeth Alonso,,0.00,11.97,0.99,0.00,0.00
Tink-a-Tako - Potranco,421,9/26/25 6:15 PM,1,Lizeth Alonso,,0.00,2.79,0.23,0.00,0.00
Tink-a-Tako - Potranco,424,9/26/25 6:20 PM,2,Isabel Cisneros,35,0.00,21.66,1.78,0.00,0.00
Tink-a-Tako - Potranco,425,9/26/25 6:23 PM,2,Juan  Camacho,25,0.00,15.98,1.32,0.00,0.00
Tink-a-Tako - Potranco,426,9/26/25 6:32 PM,3,Isabel Cisneros,7,0.00,34.13,2.83,6.00,0.00
Tink-a-Tako - Potranco,427,9/26/25 6:34 PM,2,Juan  Camacho,32,0.00,39.70,3.28,0.00,0.00
Tink-a-Tako - Potranco,428,9/26/25 6:34 PM,1,Lizeth Alonso,,0.00,11.49,0.95,1.00,0.00
Tink-a-Tako - Potranco,429,9/26/25 6:36 PM,2,Juan  Camacho,24,0.00,40.41,3.33,10.00,0.00
Tink-a-Tako - Potranco,430,9/26/25 6:47 PM,3,Juan  Camacho,9,0.00,54.13,4.47,10.00,0.00
Tink-a-Tako - Potranco,431,9/26/25 6:52 PM,1,Lizeth Alonso,,0.00,23.98,1.98,0.00,0.00
Tink-a-Tako - Potranco,432,9/26/25 6:58 PM,1,Lizeth Alonso,,0.00,21.86,1.81,0.00,0.00
Tink-a-Tako - Potranco,433,9/26/25 7:05 PM,1,Lizeth Alonso,,0.00,48.63,4.01,0.00,0.00
Tink-a-Tako - Potranco,435,9/26/25 7:08 PM,4,Mayra Luna,33,0.00,93.38,7.69,15.00,0.00
Tink-a-Tako - Potranco,436,9/26/25 7:09 PM,1,Lizeth Alonso,,0.00,21.83,1.79,0.00,0.00
Tink-a-Tako - Potranco,437,9/26/25 7:10 PM,4,Isabel Cisneros,31,0.00,103.52,8.55,15.00,0.00
Tink-a-Tako - Potranco,439,9/26/25 7:13 PM,2,Isabel Cisneros,37,0.00,19.97,1.65,0.00,0.00
Tink-a-Tako - Potranco,438,9/26/25 7:10 PM,1,Lizeth Alonso,,0.00,15.96,1.32,0.00,0.00
Tink-a-Tako - Potranco,441,9/26/25 7:21 PM,25,Juan  Camacho,20,0.00,570.30,47.05,0.00,114.05
Tink-a-Tako - Potranco,442,9/26/25 7:24 PM,1,Lizeth Alonso,,0.00,45.47,3.76,0.00,0.00
Tink-a-Tako - Potranco,443,9/26/25 7:29 PM,3,Isabel Cisneros,38,0.00,63.60,5.24,10.00,0.00
Tink-a-Tako - Potranco,444,9/26/25 7:30 PM,2,Mayra Luna,32,0.00,32.88,2.70,8.00,0.00
Tink-a-Tako - Potranco,445,9/26/25 7:35 PM,1,Lizeth Alonso,,0.00,9.99,0.82,0.00,0.00
Tink-a-Tako - Potranco,446,9/26/25 7:37 PM,1,Lizeth Alonso,,0.00,4.89,0.40,0.00,0.00
Tink-a-Tako - Potranco,448,9/26/25 7:44 PM,2,Isabel Cisneros,7,0.00,6.98,0.58,2.00,0.00
Tink-a-Tako - Potranco,449,9/26/25 7:45 PM,1,Lizeth Alonso,,0.00,8.77,0.72,1.00,0.00
Tink-a-Tako - Potranco,450,9/26/25 7:46 PM,1,Lizeth Alonso,,0.00,12.36,1.02,0.00,0.00
Tink-a-Tako - Potranco,454,9/26/25 8:05 PM,1,Lizeth Alonso,,0.00,19.98,1.65,2.00,0.00
Tink-a-Tako - Potranco,455,9/26/25 8:11 PM,1,Lizeth Alonso,,0.00,6.99,0.58,0.00,0.00
Tink-a-Tako - Potranco,456,9/26/25 8:11 PM,2,Juan  Camacho,25,0.00,72.19,5.95,20.00,0.00
Tink-a-Tako - Potranco,457,9/26/25 8:11 PM,1,Lizeth Alonso,,0.00,12.38,1.02,0.00,0.00
Tink-a-Tako - Potranco,463,9/26/25 8:15 PM,1,Lizeth Alonso,,0.00,8.99,0.74,1.00,0.00
Tink-a-Tako - Potranco,465,9/26/25 8:19 PM,2,Isabel Cisneros,8,0.00,30.72,2.54,4.00,0.00
Tink-a-Tako - Potranco,466,9/26/25 8:20 PM,1,Isabel Cisneros,,0.00,6.98,0.58,0.44,0.00
Tink-a-Tako - Potranco,467,9/26/25 8:22 PM,2,Isabel Cisneros,24,0.00,20.98,1.73,3.00,0.00
Tink-a-Tako - Potranco,468,9/26/25 8:25 PM,1,Lizeth Alonso,,0.00,22.98,1.90,3.00,0.00
Tink-a-Tako - Potranco,470,9/26/25 8:46 PM,1,Juan  Camacho,,0.00,43.53,3.60,2.87,0.00
Tink-a-Tako - Potranco,471,9/26/25 8:56 PM,1,Lizeth Alonso,,0.00,6.90,0.56,10.00,0.00
Tink-a-Tako - Potranco,472,9/26/25 9:01 PM,1,Lizeth Alonso,,0.00,14.43,1.19,0.00,0.00
Tink-a-Tako - Potranco,476,9/26/25 9:19 PM,1,Juan  Camacho,35,0.00,5.98,0.50,0.00,0.00
Tink-a-Tako - Potranco,478,9/26/25 9:22 PM,4,Isabel Cisneros,23,0.00,49.73,4.10,0.00,0.00
Tink-a-Tako - Potranco,477,9/26/25 9:21 PM,3,Juan  Camacho,32,0.00,51.09,4.20,10.00,0.00
Tink-a-Tako - Potranco,479,9/26/25 9:33 PM,1,Lizeth Alonso,,0.00,12.99,1.07,1.00,0.00
Tink-a-Tako - Potranco,480,9/26/25 9:41 PM,1,Lizeth Alonso,,0.00,7.68,0.64,0.00,0.00
Tink-a-Tako - Potranco,483,9/26/25 9:53 PM,1,Juan  Camacho,,0.00,3.58,0.30,1.12,0.00
Tink-a-Tako - Potranco,484,9/26/25 10:00 PM,1,Lizeth Alonso,,3.90,9.09,0.75,0.00,0.00
