,Location,Employee,Job Title,In Date,Shift Closed Date,Out Date,Hours,Cash Tips Decl.,Cash on Hand,Cash in Drawer,Non-Cash Tips,Cash Gratuity,Non-Cash Gratuity,Tips Withheld,Non-Cash Sales,Cash Sales,Total Sales,Cash Collected?,Tips Paid?,Open,Paid,Closed,Tip Share Total
800000030018522472,Tink-a-Tako - Potranco,Rodolfo Alvarado,Cook,9/26/25 5:39 AM,9/27/25 4:08 AM,9/26/25 2:00 PM,8.35,0.00,0.00,0.00,0.00,0.00,0.00,0.00,0.00,0.00,0.00,yes,yes,0,0,0,0.00
800000030018657682,Tink-a-Tako - Potranco,Rosie  ORDONEZ,Shift Manager / Assistant Manager,9/26/25 6:07 AM,9/26/25 2:18 PM,9/26/25 2:18 PM,8.19,,0.00,0.00,0.00,0.00,0.00,0.00,45.06,0.00,45.06,yes,yes,0,0,2,0.00
800000030018687619,Tink-a-Tako - Potranco,Norma Vasquez,Server,9/26/25 6:11 AM,9/26/25 2:40 PM,9/26/25 2:40 PM,8.48,,178.39,0.00,122.03,0.00,0.00,0.00,913.47,178.39,1091.86,yes,yes,0,0,37,0.00
800000030018767310,Tink-a-Tako - Potranco,Candy  Del angel ,Drive-Thru,9/26/25 6:22 AM,9/26/25 1:12 PM,9/26/25 1:21 PM,6.99,,0.00,527.72,55.22,0.00,0.00,0.00,1324.14,527.72,1851.86,yes,yes,0,0,145,0.00
800000030019854551,Tink-a-Tako - Potranco,Esperansa Caviedes,Server,9/26/25 7:42 AM,9/26/25 2:31 PM,9/26/25 2:31 PM,6.81,,162.70,0.00,78.63,0.00,0.00,0.00,552.36,162.70,715.06,yes,yes,0,0,26,0.00
800000030019967111,Tink-a-Tako - Potranco,Rosa Compean,Server,9/26/25 7:48 AM,9/26/25 2:26 PM,9/26/25 2:26 PM,6.63,,103.71,0.00,88.64,0.00,0.00,0.00,542.02,103.71,645.73,yes,yes,0,0,24,0.00
800000030020116067,Tink-a-Tako - Potranco,Maria Majana,Host,9/26/25 7:56 AM,9/26/25 2:04 PM,9/26/25 2:04 PM,6.13,,0.00,95.30,28.00,0.00,0.00,0.00,278.02,46.69,324.71,yes,yes,0,0,24,0.00
800000030020125517,Tink-a-Tako - Potranco,Silvia Hernandez,Server,9/26/25 7:57 AM,9/26/25 1:53 PM,9/26/25 1:53 PM,5.94,,214.59,0.00,40.00,0.00,0.00,0.00,304.71,263.20,567.91,yes,yes,0,0,19,0.00
800000030030540474,Tink-a-Tako - Potranco,Lizeth Alonso,Host,9/26/25 1:04 PM,9/26/25 10:08 PM,9/26/25 10:15 PM,9.20,,0.00,453.65,48.18,0.00,0.00,0.00,686.84,453.65,1140.49,yes,yes,0,0,68,0.00
800000030032901992,Tink-a-Tako - Potranco,Jesus Calderon,Cook,9/26/25 1:58 PM,9/26/25 9:58 PM,9/26/25 9:58 PM,7.99,,0.00,0.00,0.00,0.00,0.00,0.00,0.00,0.00,0.00,yes,yes,0,0,0,0.00
800000030033283749,Tink-a-Tako - Potranco,Juan  Camacho,Server,9/26/25 2:07 PM,9/26/25 10:34 PM,9/26/25 11:15 PM,9.13,,127.31,0.00,106.51,0.00,114.05,0.00,1345.37,127.31,1472.68,yes,yes,0,0,34,0.00
800000030033290318,Tink-a-Tako - Potranco,Daniela Torres,Drive-Thru,9/26/25 2:07 PM,9/26/25 10:03 PM,9/26/25 10:03 PM,7.92,,0.00,0.00,0.00,0.00,0.00,0.00,0.00,0.00,0.00,yes,yes,0,0,0,0.00
800000030033367112,Tink-a-Tako - Potranco,Mayra Luna,Shift Manager / Assistant Manager,9/26/25 2:09 PM,9/26/25 10:38 PM,9/26/25 11:14 PM,9.09,,0.00,0.00,23.00,0.00,0.00,0.00,136.65,0.00,136.65,yes,yes,0,0,2,0.00
800000030034310889,Tink-a-Tako - Potranco,Jonathan Rueda,Busser,9/26/25 2:31 PM,9/26/25 10:09 PM,9/26/25 10:09 PM,7.63,,0.00,0.00,0.00,0.00,0.00,0.00,0.00,0.00,0.00,yes,yes,0,0,0,0.00
800000030037263413,Tink-a-Tako - Potranco,Isabel Cisneros,Server,9/26/25 3:41 PM,9/26/25 10:30 PM,9/26/25 10:46 PM,7.09,,228.65,0.00,68.27,0.00,0.00,0.00,449.57,228.65,678.22,yes,yes,0,0,23,0.00
