Location,Order #,Opened Date,Server,Table,Discount Name,Discount Reason,Comment,Discount Amount
Sandra's Cuisine - Potranco - 12060 Potranco Road,230,9/4/25 7:13 PM,Mario Jimenez,,Open % Check,,,4.80
Sandra's Cuisine - Potranco - 12060 Potranco Road,216,9/4/25 6:47 PM,Emanuel Sanchez,15,Open % Item,,,1.45
Sandra's Cuisine - Potranco - 12060 Potranco Road,215,9/4/25 6:44 PM,Emanuel Sanchez,10,Employee Discount - Check,Employee Discount,Employee,3.99
Sandra's Cuisine - Potranco - 12060 Potranco Road,207,9/4/25 5:48 PM,Adriana Navarro,3,Open % Item,,,1.50
Sandra's Cuisine - Potranco - 12060 Potranco Road,181,9/4/25 2:37 PM,Candy Del Angel,,Employee Discount - Check,Employee Discount,Employee,33.47
Sandra's Cuisine - Potranco - 12060 Potranco Road,176,9/4/25 2:33 PM,Mario Jimenez,,Open % Check,,,4.79
Sandra's Cuisine - Potranco - 12060 Potranco Road,129,9/4/25 11:43 AM,Leticia Roman,35,Open % Item,,,0.30
Sandra's Cuisine - Potranco - 12060 Potranco Road,125,9/4/25 11:41 AM,Melissa  Urena,,Open % Item,,,0.80
Sandra's Cuisine - Potranco - 12060 Potranco Road,68,9/4/25 9:29 AM,Melissa  Urena,,Reward Dollars,,,4.48
Sandra's Cuisine - Potranco - 12060 Potranco Road,67,9/4/25 9:21 AM,Gabriel Tovar ,,Employee Discount - Item,Employee Discount,Employee,3.49
Sandra's Cuisine - Potranco - 12060 Potranco Road,67,9/4/25 9:21 AM,Gabriel Tovar ,,Employee Discount - Item,Employee Discount,Employee,8.99
Sandra's Cuisine - Potranco - 12060 Potranco Road,67,9/4/25 9:21 AM,Gabriel Tovar ,,Employee Discount - Item,Employee Discount,Employee,2.99
Sandra's Cuisine - Potranco - 12060 Potranco Road,67,9/4/25 9:21 AM,Gabriel Tovar ,,Employee Discount - Item,Employee Discount,Employee,8.99
Sandra's Cuisine - Potranco - 12060 Potranco Road,67,9/4/25 9:21 AM,Gabriel Tovar ,,Employee Discount - Item,Employee Discount,Employee,8.99
Sandra's Cuisine - Potranco - 12060 Potranco Road,67,9/4/25 9:21 AM,Gabriel Tovar ,,Employee Discount - Item,Employee Discount,Employee,2.79
Sandra's Cuisine - Potranco - 12060 Potranco Road,50,9/4/25 8:59 AM,Leticia Roman,14,Reward Dollars,,,5.15
Sandra's Cuisine - Potranco - 12060 Potranco Road,50,9/4/25 8:59 AM,Leticia Roman,14,Open % Item,,,0.20
Sandra's Cuisine - Potranco - 12060 Potranco Road,38,9/4/25 8:19 AM,Melissa  Urena,,Reward Dollars,,,4.89
Sandra's Cuisine - Potranco - 12060 Potranco Road,34,9/4/25 8:09 AM,Melissa  Urena,,Reward Dollars,,,5.20
Sandra's Cuisine - Potranco - 12060 Potranco Road,19,9/4/25 7:36 AM,Lizbeth Garcia,17,Open % Item,,,0.30
Sandra's Cuisine - Potranco - 12060 Potranco Road,19,9/4/25 7:36 AM,Lizbeth Garcia,17,Open % Item,,,0.30
