Check #,Table,Payment Type,Server,Cashier,Tip,Amount,Cash Drawer,Date,Opened Date
1,,CREDIT,Melissa ,Melissa ,0.00,3.02,,9/4/25 6:30 AM,9/4/25 6:30 AM
2,,CASH,Melissa ,Melissa ,0.00,5.81,DRIVE THRU 1,9/4/25 6:32 AM,9/4/25 6:30 AM
3,,CREDIT,Melissa ,Melissa ,2.00,12.51,,9/4/25 6:45 AM,9/4/25 6:43 AM
5,,CASH,Melissa ,Melissa ,0.00,4.09,DRIVE THRU 1,9/4/25 6:47 AM,9/4/25 6:46 AM
6,,CREDIT,Melissa ,Melissa ,0.00,17.48,,9/4/25 6:54 AM,9/4/25 6:54 AM
7,,CREDIT,Melissa ,Melissa ,0.00,8.41,,9/4/25 7:04 AM,9/4/25 7:03 AM
8,,CREDIT,Melissa ,Melissa ,0.00,6.47,,9/4/25 7:13 AM,9/4/25 7:12 AM
9,,CREDIT,Melissa ,Melissa ,0.00,10.80,,9/4/25 7:16 AM,9/4/25 7:16 AM
13,,CREDIT,Melissa ,Melissa ,0.00,10.13,,9/4/25 7:22 AM,9/4/25 7:22 AM
14,,CREDIT,Melissa ,Melissa ,0.00,13.80,,9/4/25 7:24 AM,9/4/25 7:24 AM
15,,CREDIT,Melissa ,Melissa ,0.00,5.18,,9/4/25 7:28 AM,9/4/25 7:25 AM
16,,CREDIT,Melissa ,Melissa ,0.00,12.40,,9/4/25 7:29 AM,9/4/25 7:28 AM
18,,CREDIT,Melissa ,Melissa ,0.00,9.74,,9/4/25 7:35 AM,9/4/25 7:32 AM
18,,CASH,Melissa ,Melissa ,0.00,0.29,DRIVE THRU 1,9/4/25 7:38 AM,9/4/25 7:32 AM
4,27,CASH,Lizbeth,Lizbeth,0.00,17.50,,9/4/25 7:40 AM,9/4/25 6:37 AM
20,,CASH,Melissa ,Melissa ,0.00,4.42,DRIVE THRU 1,9/4/25 7:45 AM,9/4/25 7:44 AM
24,,CREDIT,Melissa ,Melissa ,4.00,16.85,,9/4/25 7:50 AM,9/4/25 7:50 AM
22,,CREDIT,Melissa ,Melissa ,0.00,19.54,,9/4/25 7:50 AM,9/4/25 7:48 AM
23,,CREDIT,Melissa ,Melissa ,0.00,8.61,,9/4/25 7:52 AM,9/4/25 7:49 AM
25,,CREDIT,Melissa ,Melissa ,1.00,4.30,,9/4/25 7:55 AM,9/4/25 7:54 AM
26,,CREDIT,Melissa ,Melissa ,1.10,5.39,,9/4/25 7:57 AM,9/4/25 7:55 AM
10,34,CREDIT,Leticia,Leticia,10.00,44.64,,9/4/25 7:58 AM,9/4/25 7:14 AM
29,,CREDIT,Melissa ,Melissa ,0.00,6.90,,9/4/25 7:59 AM,9/4/25 7:58 AM
30,,CREDIT,Melissa ,Melissa ,0.00,11.88,,9/4/25 8:04 AM,9/4/25 8:04 AM
31,,CREDIT,Melissa ,Melissa ,0.00,11.89,,9/4/25 8:06 AM,9/4/25 8:06 AM
19,17,CREDIT,Lizbeth,Lizbeth,3.00,9.06,,9/4/25 8:08 AM,9/4/25 7:37 AM
28,8,CREDIT,Lizbeth,,1.40,10.14,,9/4/25 8:10 AM,9/4/25 7:58 AM
34,,CREDIT,Melissa ,Melissa ,1.00,0.61,,9/4/25 8:12 AM,9/4/25 8:10 AM
36,,CREDIT,Melissa ,Melissa ,0.00,9.06,,9/4/25 8:16 AM,9/4/25 8:13 AM
37,,CREDIT,Melissa ,Melissa ,0.00,10.78,,9/4/25 8:19 AM,9/4/25 8:19 AM
33,3,CREDIT,Leticia,Leticia,5.00,12.18,,9/4/25 8:33 AM,9/4/25 8:10 AM
39,,CREDIT,Melissa ,Melissa ,0.00,12.41,,9/4/25 8:35 AM,9/4/25 8:35 AM
32,16,CREDIT,Lizbeth,Lizbeth,4.98,31.02,,9/4/25 8:36 AM,9/4/25 8:08 AM
42,,CASH,Melissa ,Melissa ,0.00,9.50,DRIVE THRU 1,9/4/25 8:38 AM,9/4/25 8:37 AM
43,,CREDIT,Melissa ,Melissa ,0.00,8.74,,9/4/25 8:40 AM,9/4/25 8:37 AM
44,,CREDIT,Carlos,Carlos,0.00,11.98,,9/4/25 8:41 AM,9/4/25 8:41 AM
40,18,CREDIT,Leticia,Leticia,3.00,12.97,,9/4/25 8:44 AM,9/4/25 8:29 AM
45,,CREDIT,Gabriel,Gabriel,2.00,5.94,,9/4/25 8:47 AM,9/4/25 8:47 AM
46,,CREDIT,Melissa ,Melissa ,0.00,18.46,,9/4/25 8:51 AM,9/4/25 8:50 AM
47,,CREDIT,Melissa ,Melissa ,2.00,9.81,,9/4/25 8:52 AM,9/4/25 8:50 AM
48,,CREDIT,Melissa ,Melissa ,0.00,4.63,,9/4/25 8:59 AM,9/4/25 8:57 AM
49,,CREDIT,Melissa ,Melissa ,0.00,9.49,,9/4/25 9:01 AM,9/4/25 8:59 AM
51,,CASH,Melissa ,Melissa ,0.00,2.15,DRIVE THRU 1,9/4/25 9:02 AM,9/4/25 9:00 AM
41,7,CREDIT,Gabriel,Gabriel,2.19,10.81,,9/4/25 9:04 AM,9/4/25 8:33 AM
53,,CREDIT,Melissa ,Melissa ,0.00,14.46,,9/4/25 9:07 AM,9/4/25 9:01 AM
55,,CREDIT,Melissa ,Melissa ,2.00,17.69,,9/4/25 9:07 AM,9/4/25 9:01 AM
56,,CREDIT,Melissa ,Melissa ,0.00,4.74,,9/4/25 9:10 AM,9/4/25 9:08 AM
57,,CREDIT,Melissa ,Melissa ,0.00,4.85,,9/4/25 9:11 AM,9/4/25 9:08 AM
59,,CREDIT,Melissa ,Melissa ,0.00,6.90,,9/4/25 9:13 AM,9/4/25 9:13 AM
65,,CREDIT,Melissa ,Melissa ,3.00,10.44,,9/4/25 9:20 AM,9/4/25 9:20 AM
50,14,CREDIT,Leticia,Leticia,6.00,7.58,,9/4/25 9:21 AM,9/4/25 8:59 AM
64,,CREDIT,Melissa ,Melissa ,0.00,7.13,,9/4/25 9:23 AM,9/4/25 9:20 AM
58,26,CREDIT,Lizbeth,,2.79,20.13,,9/4/25 9:26 AM,9/4/25 9:13 AM
52,21,CREDIT,Lizbeth,Lizbeth,5.00,17.47,,9/4/25 9:28 AM,9/4/25 9:01 AM
54,23,CREDIT,Gabriel,Gabriel,3.00,27.98,,9/4/25 9:29 AM,9/4/25 9:03 AM
69,,CREDIT,Melissa ,Melissa ,0.00,9.50,,9/4/25 9:33 AM,9/4/25 9:33 AM
70,,CREDIT,Melissa ,Melissa ,0.00,9.49,,9/4/25 9:34 AM,9/4/25 9:33 AM
60,3,CREDIT,Leticia,Leticia,5.00,28.09,,9/4/25 9:35 AM,9/4/25 9:18 AM
72,,CREDIT,Melissa ,Melissa ,0.00,14.35,,9/4/25 9:41 AM,9/4/25 9:39 AM
73,,CREDIT,Melissa ,Melissa ,0.00,12.98,,9/4/25 9:42 AM,9/4/25 9:41 AM
62,,CREDIT,Gabriel,Gabriel,0.00,48.39,,9/4/25 9:44 AM,9/4/25 9:19 AM
74,,CREDIT,Melissa ,Melissa ,0.00,12.50,,9/4/25 9:48 AM,9/4/25 9:41 AM
75,,CASH,Melissa ,Melissa ,0.00,2.48,DRIVE THRU 1,9/4/25 9:49 AM,9/4/25 9:41 AM
76,,CASH,Melissa ,Melissa ,0.00,7.23,DRIVE THRU 1,9/4/25 9:50 AM,9/4/25 9:48 AM
77,,CREDIT,Melissa ,Melissa ,0.00,9.50,,9/4/25 9:51 AM,9/4/25 9:49 AM
79,,CREDIT,Melissa ,Melissa ,0.00,10.03,,9/4/25 9:53 AM,9/4/25 9:49 AM
81,,CASH,Melissa ,Melissa ,0.00,5.00,DRIVE THRU 1,9/4/25 9:56 AM,9/4/25 9:50 AM
81,,CASH,Melissa ,Melissa ,0.00,13.46,DRIVE THRU 1,9/4/25 9:56 AM,9/4/25 9:50 AM
83,,CREDIT,Melissa ,Melissa ,0.00,10.03,,9/4/25 9:58 AM,9/4/25 9:53 AM
88,,CREDIT,Melissa ,Melissa ,3.00,7.11,,9/4/25 10:05 AM,9/4/25 10:05 AM
82,,CASH,Leticia,Carlos,0.00,2.15,Host Drawer,9/4/25 10:08 AM,9/4/25 9:55 AM
89,,CREDIT,Melissa ,Melissa ,0.00,13.38,,9/4/25 10:08 AM,9/4/25 10:06 AM
89,,CASH,Melissa ,Melissa ,0.00,1.94,DRIVE THRU 1,9/4/25 10:08 AM,9/4/25 10:06 AM
71,29,CREDIT,Gabriel,Gabriel,2.00,14.59,,9/4/25 10:12 AM,9/4/25 9:40 AM
80,15,CASH,Leticia,Leticia,0.00,25.68,,9/4/25 10:15 AM,9/4/25 9:50 AM
78,35,CREDIT,Lizbeth,Lizbeth,5.00,24.21,,9/4/25 10:16 AM,9/4/25 9:49 AM
91,,CREDIT,Melissa ,Melissa ,0.00,15.60,,9/4/25 10:20 AM,9/4/25 10:18 AM
84,27,CREDIT,Lizbeth,Lizbeth,8.44,31.06,,9/4/25 10:29 AM,9/4/25 9:57 AM
87,34,CREDIT,Leticia,Leticia,3.00,27.98,,9/4/25 10:35 AM,9/4/25 9:58 AM
90,1,CREDIT,Gabriel,Gabriel,2.00,10.81,,9/4/25 10:36 AM,9/4/25 10:15 AM
92,,CASH,Melissa ,Melissa ,0.00,19.99,,9/4/25 10:37 AM,9/4/25 10:35 AM
92,,CASH,Melissa ,Melissa ,0.00,-19.99,,9/4/25 10:37 AM,9/4/25 10:35 AM
92,,CREDIT,Melissa ,Melissa ,0.00,19.99,,9/4/25 10:38 AM,9/4/25 10:35 AM
95,,CREDIT,Gabriel,Gabriel,1.00,18.36,,9/4/25 10:38 AM,9/4/25 10:38 AM
99,,CREDIT,Melissa ,Melissa ,0.00,17.81,,9/4/25 10:44 AM,9/4/25 10:43 AM
100,,CREDIT,Melissa ,Melissa ,2.00,18.68,,9/4/25 10:48 AM,9/4/25 10:44 AM
101,,CASH,Melissa ,Melissa ,0.00,17.60,DRIVE THRU 1,9/4/25 10:53 AM,9/4/25 10:46 AM
86,25,CREDIT,Gabriel,Gabriel,5.00,30.28,,9/4/25 10:55 AM,9/4/25 9:57 AM
104,,CREDIT,Melissa ,Melissa ,0.00,14.45,,9/4/25 10:56 AM,9/4/25 10:51 AM
102,11,CASH,Adriana,Adriana,0.00,9.06,,9/4/25 11:00 AM,9/4/25 10:47 AM
107,,CASH,Melissa ,Melissa ,0.00,6.80,DRIVE THRU 1,9/4/25 11:02 AM,9/4/25 11:00 AM
94,2,CASH,Lizbeth,Lizbeth,0.00,34.04,,9/4/25 11:02 AM,9/4/25 10:36 AM
108,,CREDIT,Melissa ,Melissa ,0.00,5.72,,9/4/25 11:04 AM,9/4/25 11:03 AM
112,,CREDIT,Leticia,Leticia,0.00,17.38,,9/4/25 11:08 AM,9/4/25 11:08 AM
110,,CASH,Melissa ,Melissa ,0.00,17.55,DRIVE THRU 1,9/4/25 11:09 AM,9/4/25 11:09 AM
93,31,CREDIT,Adriana,,4.79,25.94,,9/4/25 11:10 AM,9/4/25 10:37 AM
113,,CREDIT,Melissa ,Melissa ,0.00,22.13,,9/4/25 11:11 AM,9/4/25 11:09 AM
98,4,CASH,Adriana,Adriana,0.00,13.39,,9/4/25 11:11 AM,9/4/25 10:42 AM
115,,CREDIT,Leticia,Leticia,0.00,19.01,,9/4/25 11:11 AM,9/4/25 11:11 AM
96,3,CASH,Leticia,Leticia,0.00,33.51,,9/4/25 11:13 AM,9/4/25 10:40 AM
114,,CREDIT,Melissa ,Melissa ,0.00,15.01,,9/4/25 11:18 AM,9/4/25 11:10 AM
105,34,CREDIT,Leticia,Leticia,4.00,12.38,,9/4/25 11:20 AM,9/4/25 10:52 AM
103,29,CASH,Lizbeth,Lizbeth,0.00,24.27,,9/4/25 11:20 AM,9/4/25 10:52 AM
118,,CREDIT,Melissa ,Melissa ,0.00,14.25,,9/4/25 11:23 AM,9/4/25 11:22 AM
119,,CREDIT,Carlos,Carlos,0.00,3.24,,9/4/25 11:24 AM,9/4/25 11:24 AM
111,14,CREDIT,Adriana,Adriana,14.00,56.25,,9/4/25 11:27 AM,9/4/25 11:07 AM
117,,CREDIT,Melissa ,Melissa ,2.00,51.74,,9/4/25 11:28 AM,9/4/25 11:19 AM
106,1,CREDIT,Gabriel,Gabriel,10.00,57.91,,9/4/25 11:30 AM,9/4/25 11:00 AM
122,,CREDIT,Melissa ,Melissa ,0.00,17.70,,9/4/25 11:34 AM,9/4/25 11:28 AM
124,,CREDIT,Melissa ,Melissa ,0.00,4.31,,9/4/25 11:38 AM,9/4/25 11:38 AM
97,23,CREDIT,Gabriel,Gabriel,0.00,44.31,,9/4/25 11:40 AM,9/4/25 10:41 AM
125,,CASH,Melissa ,Melissa ,0.00,7.77,DRIVE THRU 1,9/4/25 11:46 AM,9/4/25 11:41 AM
126,,CREDIT,Melissa ,Melissa ,7.00,18.47,,9/4/25 11:48 AM,9/4/25 11:42 AM
134,,CASH,Melissa ,Melissa ,0.00,3.78,DRIVE THRU 1,9/4/25 11:52 AM,9/4/25 11:48 AM
121,16,CASH,Melissa ,Leticia,0.00,26.52,,9/4/25 11:52 AM,9/4/25 11:25 AM
133,,CASH,Melissa ,Melissa ,0.00,6.03,DRIVE THRU 1,9/4/25 11:52 AM,9/4/25 11:46 AM
136,,CASH,Melissa ,Melissa ,0.00,3.99,DRIVE THRU 1,9/4/25 11:57 AM,9/4/25 11:57 AM
139,4,CREDIT,Adriana,Adriana,0.00,3.24,,9/4/25 11:58 AM,9/4/25 11:58 AM
129,35,CREDIT,Leticia,Leticia,0.00,6.15,,9/4/25 12:04 PM,9/4/25 11:43 AM
123,25,CREDIT,Lizbeth,Lizbeth,7.00,57.83,,9/4/25 12:05 PM,9/4/25 11:29 AM
130,16,CASH,Melissa ,Melissa ,0.00,2.48,DRIVE THRU 1,9/4/25 12:08 PM,9/4/25 11:44 AM
127,3,CREDIT,Gabriel,Gabriel,15.00,16.23,,9/4/25 12:08 PM,9/4/25 11:43 AM
142,,CREDIT,Melissa ,Melissa ,0.00,28.12,,9/4/25 12:10 PM,9/4/25 12:10 PM
132,2,CREDIT,Gabriel,Gabriel,7.00,27.88,,9/4/25 12:12 PM,9/4/25 11:47 AM
,,PAY_OUT,Zoila,,0.00,-144.00,House,9/4/25 12:18 PM,9/4/25 12:18 PM
128,18,CREDIT,Adriana,Adriana,0.00,36.37,,9/4/25 12:19 PM,9/4/25 11:44 AM
138,,CASH,Melissa ,Melissa ,0.00,8.43,DRIVE THRU 1,9/4/25 12:19 PM,9/4/25 12:04 PM
143,,CREDIT,Melissa ,Melissa ,0.00,4.69,,9/4/25 12:20 PM,9/4/25 12:18 PM
135,5,CREDIT,Lizbeth,Lizbeth,0.00,31.36,,9/4/25 12:23 PM,9/4/25 11:55 AM
137,27,CREDIT,Leticia,Leticia,10.00,32.31,,9/4/25 12:23 PM,9/4/25 12:02 PM
131,15,CREDIT,Lizbeth,Lizbeth,5.00,32.31,,9/4/25 12:24 PM,9/4/25 11:47 AM
152,,CREDIT,Melissa ,Melissa ,2.00,14.04,,9/4/25 12:31 PM,9/4/25 12:31 PM
151,,CREDIT,Melissa ,Melissa ,5.00,36.85,,9/4/25 12:33 PM,9/4/25 12:31 PM
144,29,CREDIT,Gabriel,Carlos,3.00,30.59,,9/4/25 12:34 PM,9/4/25 12:16 PM
141,14,CREDIT,Adriana,Adriana,5.00,30.27,,9/4/25 12:35 PM,9/4/25 12:02 PM
154,,CASH,Melissa ,Melissa ,0.00,11.24,DRIVE THRU 1,9/4/25 12:39 PM,9/4/25 12:38 PM
153,,CREDIT,Melissa ,Melissa ,0.00,14.06,,9/4/25 12:41 PM,9/4/25 12:38 PM
155,,CREDIT,Melissa ,Melissa ,0.00,32.20,,9/4/25 12:43 PM,9/4/25 12:39 PM
159,,CASH,Gabriel,Gabriel,0.00,1.94,Host Drawer,9/4/25 12:45 PM,9/4/25 12:45 PM
156,,CASH,Melissa ,Melissa ,0.00,15.13,DRIVE THRU 1,9/4/25 12:49 PM,9/4/25 12:40 PM
145,35,CREDIT,Lizbeth,Lizbeth,0.00,49.04,,9/4/25 12:50 PM,9/4/25 12:21 PM
157,,CREDIT,Melissa ,Melissa ,0.00,7.34,,9/4/25 12:53 PM,9/4/25 12:42 PM
160,,CREDIT,Melissa ,Melissa ,0.00,16.94,,9/4/25 12:54 PM,9/4/25 12:49 PM
148,12,CASH,Leticia,Leticia,0.00,17.57,,9/4/25 1:06 PM,9/4/25 12:25 PM
161,12,CASH,Leticia,Leticia,0.00,21.72,,9/4/25 1:07 PM,9/4/25 1:05 PM
146,,CREDIT,Adriana,Adriana,0.00,41.16,,9/4/25 1:08 PM,9/4/25 12:22 PM
164,,CREDIT,Melissa ,Melissa ,0.00,20.20,,9/4/25 1:24 PM,9/4/25 1:22 PM
163,,CREDIT,Melissa ,Melissa ,20.00,25.37,,9/4/25 1:26 PM,9/4/25 1:22 PM
162,1,CREDIT,Gabriel,Gabriel,7.00,19.46,,9/4/25 1:47 PM,9/4/25 1:09 PM
166,16,CREDIT,Lizbeth,,0.00,39.04,,9/4/25 1:49 PM,9/4/25 1:25 PM
167,,CASH,Melissa ,Melissa ,0.00,22.71,DRIVE THRU 1,9/4/25 1:53 PM,9/4/25 1:49 PM
168,,CREDIT,Melissa ,Melissa ,0.00,9.17,,9/4/25 1:55 PM,9/4/25 1:53 PM
169,,CASH,Melissa ,Melissa ,0.00,30.82,DRIVE THRU 1,9/4/25 2:02 PM,9/4/25 2:00 PM
,,CASH_COLLECTED,Leticia,Leticia,0.00,125.00*,House,9/4/25 2:05 PM,9/4/25 2:05 PM
,,TIP_OUT,Leticia,Leticia,-46.00,0.00,House,9/4/25 2:05 PM,9/4/25 2:05 PM
,,CASH_COLLECTED,Lizbeth,Lizbeth,0.00,75.81*,House,9/4/25 2:08 PM,9/4/25 2:08 PM
,,TIP_OUT,Lizbeth,Lizbeth,-42.61,0.00,House,9/4/25 2:08 PM,9/4/25 2:08 PM
,,TIP_OUT,Gabriel,Gabriel,-59.19,0.00,House,9/4/25 2:09 PM,9/4/25 2:09 PM
170,,CREDIT,Melissa ,Melissa ,0.00,10.27,,9/4/25 2:14 PM,9/4/25 2:09 PM
172,,CREDIT,Melissa ,Melissa ,0.00,4.96,,9/4/25 2:15 PM,9/4/25 2:14 PM
,,TIP_OUT,Melissa ,Melissa ,-57.10,0.00,House,9/4/25 2:18 PM,9/4/25 2:18 PM
165,37,CREDIT,Adriana,Adriana,20.00,100.29,,9/4/25 2:19 PM,9/4/25 1:23 PM
173,,CREDIT,Mario,Mario,3.86,27.89,,9/4/25 2:30 PM,9/4/25 2:29 PM
179,,CREDIT,Mario,Mario,0.00,5.18,,9/4/25 2:40 PM,9/4/25 2:36 PM
176,,CASH,Mario,Mario,0.00,12.12,DRIVE THRU 1,9/4/25 2:41 PM,9/4/25 2:34 PM
184,,CREDIT,Mario,Mario,1.00,17.31,,9/4/25 2:50 PM,9/4/25 2:50 PM
182,,CREDIT,Mario,Mario,0.00,12.85,,9/4/25 2:54 PM,9/4/25 2:52 PM
187,,CREDIT,Mario,Mario,0.00,31.53,,9/4/25 3:08 PM,9/4/25 3:08 PM
183,2,CREDIT,Adrian,Adrian,2.00,11.56,,9/4/25 3:09 PM,9/4/25 2:48 PM
186,3,CREDIT,Adriana,Adriana,5.00,11.56,,9/4/25 3:12 PM,9/4/25 2:55 PM
185,,CREDIT,Mario,Mario,2.10,15.12,,9/4/25 3:14 PM,9/4/25 3:10 PM
190,,CASH,Mario,Mario,0.00,5.29,DRIVE THRU 1,9/4/25 3:26 PM,9/4/25 3:25 PM
180,31,CREDIT,Adriana,Adriana,5.00,29.20,,9/4/25 3:40 PM,9/4/25 2:36 PM
191,,CREDIT,Mario,Mario,3.49,18.90,,9/4/25 3:42 PM,9/4/25 3:40 PM
194,,CREDIT,Adrian,Adrian,2.00,12.16,,9/4/25 3:45 PM,9/4/25 3:45 PM
192,,CREDIT,Mario,Mario,0.00,8.31,,9/4/25 3:46 PM,9/4/25 3:42 PM
197,,CREDIT,Mario,Mario,0.00,10.80,,9/4/25 4:34 PM,9/4/25 4:33 PM
198,,CASH,Mario,Mario,0.00,4.96,DRIVE THRU 1,9/4/25 4:40 PM,9/4/25 4:39 PM
196,4,CREDIT,Mario,Mario,0.00,33.52,,9/4/25 4:41 PM,9/4/25 4:29 PM
195,23,CREDIT,Adrian,Adrian,10.00,55.80,,9/4/25 4:48 PM,9/4/25 4:09 PM
200,,CREDIT,Mario,Mario,0.00,17.71,,9/4/25 4:51 PM,9/4/25 4:50 PM
201,,CREDIT,Mario,Mario,0.00,14.79,,9/4/25 5:07 PM,9/4/25 5:07 PM
199,,CREDIT,Mario,Mario,0.00,8.59,,9/4/25 5:14 PM,9/4/25 5:11 PM
204,,CREDIT,Mario,Mario,0.00,10.59,,9/4/25 5:16 PM,9/4/25 5:12 PM
205,,CREDIT,Mario,Mario,1.67,8.20,,9/4/25 5:23 PM,9/4/25 5:23 PM
,,TIP_OUT,Adrian,Adrian,-14.00,0.00,House,9/4/25 5:24 PM,9/4/25 5:24 PM
202,28,CREDIT,Adriana,Adriana,10.00,79.28,,9/4/25 5:57 PM,9/4/25 5:09 PM
208,,CREDIT,Mario,Mario,0.00,30.21,,9/4/25 6:29 PM,9/4/25 6:15 PM
212,,CREDIT,Mario,Mario,0.00,16.53,,9/4/25 6:33 PM,9/4/25 6:32 PM
207,3,CREDIT,Adriana,Adriana,7.00,42.69,,9/4/25 6:36 PM,9/4/25 5:49 PM
219,,CASH,Mario,Mario,0.00,12.31,DRIVE THRU 1,9/4/25 6:52 PM,9/4/25 6:51 PM
223,,CREDIT,Mario,Mario,2.00,42.50,,9/4/25 7:04 PM,9/4/25 7:03 PM
220,,CREDIT,Mario,Mario,0.00,11.90,,9/4/25 7:09 PM,9/4/25 7:09 PM
209,31,CREDIT,Emanuel,Candy,10.00,53.54,,9/4/25 7:11 PM,9/4/25 6:26 PM
225,,CREDIT,Mario,Mario,0.00,9.80,,9/4/25 7:16 PM,9/4/25 7:11 PM
227,,CREDIT,Mario,Mario,0.00,20.55,,9/4/25 7:16 PM,9/4/25 7:13 PM
230,,CASH,Mario,Mario,0.00,7.78,DRIVE THRU 1,9/4/25 7:22 PM,9/4/25 7:14 PM
233,,CREDIT,Candy,Candy,8.00,41.54,,9/4/25 7:26 PM,9/4/25 7:26 PM
218,16,CREDIT,Adriana,Adriana,5.00,29.20,,9/4/25 7:27 PM,9/4/25 6:49 PM
221,2,CREDIT,Emanuel,Emanuel,5.65,35.35,,9/4/25 7:29 PM,9/4/25 6:57 PM
222,12,CREDIT,Adriana,Adriana,0.00,30.25,,9/4/25 7:40 PM,9/4/25 6:57 PM
228,1,CREDIT,Adriana,Adriana,0.00,33.52,,9/4/25 7:43 PM,9/4/25 7:13 PM
216,15,CREDIT,Emanuel,,0.00,16.27,,9/4/25 7:50 PM,9/4/25 6:50 PM
235,15,CREDIT,Emanuel,,0.00,2.70,,9/4/25 7:50 PM,9/4/25 7:47 PM
232,14,CREDIT,Adriana,,6.19,33.52,,9/4/25 7:56 PM,9/4/25 7:22 PM
229,6,CREDIT,Emanuel,Emanuel,4.75,34.28,,9/4/25 8:14 PM,9/4/25 7:19 PM
237,,CREDIT,Mario,Mario,0.00,27.09,,9/4/25 8:30 PM,9/4/25 8:30 PM
236,2,CREDIT,Emanuel,Emanuel,5.00,26.77,,9/4/25 8:38 PM,9/4/25 8:01 PM
239,,CASH,Mario,Mario,0.00,21.09,DRIVE THRU 1,9/4/25 8:42 PM,9/4/25 8:36 PM
,,TIP_OUT,Candy,Candy,-8.00,0.00,House,9/4/25 8:54 PM,9/4/25 8:54 PM
,,TIP_OUT,Mario,Mario,-14.12,0.00,House,9/4/25 8:59 PM,9/4/25 8:59 PM
242,,CREDIT,Candy,Candy,1.00,10.88,,9/4/25 9:00 PM,9/4/25 8:58 PM
,,TIP_OUT,Candy,Candy,-9.00,0.00,House,9/4/25 9:02 PM,9/4/25 9:02 PM
,,TIP_OUT,Emanuel,Emanuel,-25.40,0.00,House,9/4/25 9:06 PM,9/4/25 9:06 PM
240,1,CREDIT,Adriana,Adriana,6.50,46.50,,9/4/25 9:10 PM,9/4/25 8:46 PM
,,CASH_COLLECTED,Adriana,Adriana,0.00,22.45*,House,9/4/25 9:13 PM,9/4/25 9:13 PM
,,TIP_OUT,Adriana,Adriana,-88.48,0.00,House,9/4/25 9:13 PM,9/4/25 9:13 PM
,,TOTAL,,,-8.00,3554.10,,,
