Employee,Job Title,In Date,Out Date,Auto Clock-out,Total Hours,Unpaid Break Time,Paid Break Time,Payable Hours
"Lino Santana, David ",Prep,9/4/25 5:08 AM,9/4/25 2:04 PM,No,8.94,0.00,0.00,8.94
"Farias, Claudia",Cook,9/4/25 5:08 AM,9/4/25 2:11 PM,No,9.06,0.00,0.00,9.06
"Cardenas, Salvador",Cook,9/4/25 5:32 AM,9/4/25 2:15 PM,No,8.72,0.00,0.00,8.72
"Garcia, Lizbeth",Server,9/4/25 6:20 AM,9/4/25 2:09 PM,No,7.81,0.00,0.00,7.81
"Urena, Melissa ",Host,9/4/25 6:27 AM,9/4/25 2:32 PM,No,8.08,0.00,0.00,8.08
"Roman, Leticia",Server,9/4/25 7:06 AM,9/4/25 2:12 PM,No,7.11,0.00,0.00,7.11
"Rosales, Elsa",Tortillera,9/4/25 7:30 AM,9/4/25 2:17 PM,No,6.79,0.00,0.00,6.79
"Morales, Carlos",Busser,9/4/25 7:57 AM,9/4/25 2:35 PM,No,6.64,0.00,0.00,6.64
"Salinas, Zoila",General Manager,9/4/25 8:01 AM,9/5/25 4:00 AM,Yes,19.97,0.00,0.00,19.97
"Tovar , Gabriel",Server,9/4/25 8:15 AM,9/4/25 2:12 PM,No,5.95,0.00,0.00,5.95
"Valderrama, Emmanuel",Prep,9/4/25 9:00 AM,9/4/25 2:11 PM,No,5.18,0.00,0.00,5.18
"Navarro, Adriana",Server,9/4/25 10:05 AM,9/4/25 9:14 PM,No,11.14,0.00,0.00,11.14
"Ojeda, George",Runner,9/4/25 2:07 PM,9/4/25 9:04 PM,No,6.96,0.00,0.00,6.96
"Garcia, Lizbeth",Server,9/4/25 2:09 PM,9/4/25 2:10 PM,No,0.02,0.00,0.00,0.02
"Del Angel, Candy",Shift Manager / Assistant Manager,9/4/25 2:11 PM,9/4/25 9:20 PM,No,7.15,0.00,0.00,7.15
"Aragon, Cecilia",Tortillera,9/4/25 2:14 PM,9/4/25 9:15 PM,No,7.02,0.00,0.00,7.02
"Jimenez, Mario",Driver,9/4/25 2:15 PM,9/4/25 9:00 PM,No,6.74,0.00,0.00,6.74
"Morales, Adrian",Server,9/4/25 2:16 PM,9/4/25 5:27 PM,No,3.19,0.00,0.00,3.19
"vanenzuela, felix",Cook,9/4/25 2:19 PM,9/4/25 9:05 PM,No,6.77,0.00,0.00,6.77
"Valderrama, Emmanuel",Prep,9/4/25 2:26 PM,9/4/25 9:16 PM,No,6.83,0.00,0.00,6.83
"Sanchez, Emanuel",Server,9/4/25 6:04 PM,9/4/25 9:17 PM,No,3.23,0.00,0.00,3.23
"Gonzales, David",Cook,9/4/25 5:00 PM,9/4/25 9:15 PM,No,4.25,0.00,0.00,4.25
