Location,Order #,Opened,# of Guests,Server,Table,Discount Amount,Amount,Tax,Tip,Gratuity
12060 Potranco Road,2,9/17/25 6:34 AM,1,Lizbeth Garcia,,0.00,5.37,0.44,0.00,0.00
12060 Potranco Road,3,9/17/25 6:53 AM,1,Melissa  Urena,,0.00,15.35,1.27,0.00,0.00
12060 Potranco Road,4,9/17/25 6:54 AM,1,Melissa  Urena,,0.00,2.29,0.19,0.00,0.00
12060 Potranco Road,5,9/17/25 6:56 AM,1,Melissa  Urena,,0.00,4.98,0.41,0.00,0.00
12060 Potranco Road,6,9/17/25 6:58 AM,1,Melissa  Urena,,0.00,9.37,0.77,3.00,0.00
12060 Potranco Road,7,9/17/25 7:10 AM,1,Melissa  Urena,,0.00,5.97,0.48,0.00,0.00
12060 Potranco Road,8,9/17/25 7:13 AM,1,Melissa  Urena,,0.00,1.79,0.15,0.00,0.00
12060 Potranco Road,9,9/17/25 7:15 AM,1,Melissa  Urena,,0.00,8.57,0.71,1.71,0.00
12060 Potranco Road,10,9/17/25 7:24 AM,1,Melissa  Urena,,0.00,3.98,0.32,1.00,0.00
12060 Potranco Road,11,9/17/25 7:26 AM,1,Melissa  Urena,,0.00,6.98,0.58,0.00,0.00
12060 Potranco Road,12,9/17/25 7:29 AM,1,Lizbeth Garcia,18,0.00,11.98,0.99,3.00,0.00
12060 Potranco Road,13,9/17/25 7:33 AM,1,Melissa  Urena,,0.00,3.98,0.33,0.00,0.00
12060 Potranco Road,14,9/17/25 7:34 AM,1,Melissa  Urena,,0.00,3.98,0.33,0.88,0.00
12060 Potranco Road,15,9/17/25 7:34 AM,1,Melissa  Urena,,0.00,12.75,1.06,0.00,0.00
12060 Potranco Road,16,9/17/25 7:34 AM,1,Melissa  Urena,,0.00,20.52,1.69,5.00,0.00
12060 Potranco Road,17,9/17/25 7:36 AM,1,Melissa  Urena,,0.00,5.89,0.48,0.00,0.00
12060 Potranco Road,19,9/17/25 7:39 AM,1,Melissa  Urena,,0.00,9.78,0.80,1.00,0.00
12060 Potranco Road,18,9/17/25 7:39 AM,2,Lizbeth Garcia,4,0.00,22.96,1.90,0.00,0.00
12060 Potranco Road,20,9/17/25 7:41 AM,2,Lizbeth Garcia,16,0.70,11.27,0.93,3.00,0.00
12060 Potranco Road,21,9/17/25 7:42 AM,1,Melissa  Urena,,0.00,7.68,0.63,0.00,0.00
12060 Potranco Road,22,9/17/25 7:50 AM,1,Melissa  Urena,,0.00,14.84,1.22,0.00,0.00
12060 Potranco Road,23,9/17/25 7:52 AM,1,Melissa  Urena,,0.00,9.37,0.77,1.00,0.00
12060 Potranco Road,24,9/17/25 8:06 AM,1,Melissa  Urena,,0.00,12.47,1.03,0.00,0.00
12060 Potranco Road,25,9/17/25 8:06 AM,1,Melissa  Urena,,0.00,5.57,0.46,0.00,0.00
12060 Potranco Road,26,9/17/25 8:14 AM,1,Melissa  Urena,,0.00,4.98,0.41,0.00,0.00
12060 Potranco Road,27,9/17/25 8:20 AM,1,Melissa  Urena,,0.00,9.38,0.77,0.00,0.00
12060 Potranco Road,28,9/17/25 8:23 AM,1,Melissa  Urena,,0.00,14.65,1.21,0.00,0.00
12060 Potranco Road,30,9/17/25 8:34 AM,7,Leticia Roman,37,0.00,92.60,7.63,18.00,0.00
12060 Potranco Road,31,9/17/25 8:35 AM,1,Lizbeth Garcia,,0.00,7.36,0.60,0.00,0.00
12060 Potranco Road,29,9/17/25 8:31 AM,1,Melissa  Urena,,0.00,5.77,0.48,0.00,0.00
12060 Potranco Road,32,9/17/25 8:35 AM,1,Candy Del Angel,,0.36,7.47,0.62,0.00,0.00
12060 Potranco Road,34,9/17/25 8:38 AM,1,Melissa  Urena,,8.85,4.31,0.35,0.00,0.00
12060 Potranco Road,35,9/17/25 8:38 AM,1,Melissa  Urena,,0.00,5.97,0.50,0.00,0.00
12060 Potranco Road,36,9/17/25 8:41 AM,1,Melissa  Urena,,0.00,19.98,1.64,0.00,0.00
12060 Potranco Road,37,9/17/25 8:41 AM,1,Melissa  Urena,,0.00,16.83,1.40,0.00,0.00
12060 Potranco Road,38,9/17/25 8:43 AM,1,Melissa  Urena,,0.00,7.08,0.58,0.00,0.00
12060 Potranco Road,39,9/17/25 8:43 AM,1,Candy Del Angel,,0.00,17.74,1.46,0.00,0.00
12060 Potranco Road,42,9/17/25 8:46 AM,1,Melissa  Urena,,0.00,12.06,0.99,3.00,0.00
12060 Potranco Road,43,9/17/25 8:51 AM,1,Melissa  Urena,,0.00,9.35,0.78,0.00,0.00
12060 Potranco Road,44,9/17/25 8:51 AM,1,Melissa  Urena,,0.00,11.78,0.97,2.59,0.00
12060 Potranco Road,45,9/17/25 8:51 AM,1,Melissa  Urena,,0.00,30.30,2.50,0.00,0.00
12060 Potranco Road,41,9/17/25 8:45 AM,1,Candy Del Angel,,26.25,0.00,0.00,0.00,0.00
12060 Potranco Road,46,9/17/25 8:55 AM,1,Melissa  Urena,,0.00,4.48,0.37,0.00,0.00
12060 Potranco Road,47,9/17/25 8:58 AM,1,Melissa  Urena,,0.00,5.97,0.49,0.00,0.00
12060 Potranco Road,48,9/17/25 8:58 AM,1,Melissa  Urena,,0.00,21.76,1.80,0.00,0.00
12060 Potranco Road,51,9/17/25 9:02 AM,1,Melissa  Urena,,0.00,8.56,0.71,0.00,0.00
12060 Potranco Road,49,9/17/25 9:01 AM,1,Emanuel Sanchez,21,0.00,16.53,1.36,3.00,0.00
12060 Potranco Road,53,9/17/25 9:07 AM,1,Melissa  Urena,,0.00,12.75,1.05,0.00,0.00
12060 Potranco Road,56,9/17/25 9:18 AM,2,Lizbeth Garcia,1,0.00,16.04,1.33,3.00,0.00
12060 Potranco Road,55,9/17/25 9:17 AM,1,Leticia Roman,,0.00,23.52,1.93,1.00,0.00
12060 Potranco Road,57,9/17/25 9:20 AM,3,Leticia Roman,2,0.90,32.54,2.70,4.00,0.00
12060 Potranco Road,58,9/17/25 9:27 AM,1,Melissa  Urena,,0.00,4.28,0.35,0.00,0.00
12060 Potranco Road,59,9/17/25 9:28 AM,1,Melissa  Urena,,0.00,2.29,0.19,0.00,0.00
12060 Potranco Road,60,9/17/25 9:30 AM,1,Candy Del Angel,,0.00,9.35,0.77,0.00,0.00
12060 Potranco Road,62,9/17/25 9:33 AM,1,Melissa  Urena,,0.00,5.57,0.46,0.00,0.00
12060 Potranco Road,63,9/17/25 9:36 AM,1,Melissa  Urena,,0.00,11.26,0.93,0.00,0.00
12060 Potranco Road,64,9/17/25 9:37 AM,1,Melissa  Urena,,0.00,3.98,0.33,0.00,0.00
12060 Potranco Road,65,9/17/25 9:40 AM,1,Melissa  Urena,,0.00,5.57,0.46,0.00,0.00
12060 Potranco Road,66,9/17/25 9:44 AM,1,Melissa  Urena,,0.00,10.23,0.84,0.00,0.00
12060 Potranco Road,69,9/17/25 9:49 AM,1,Melissa  Urena,,0.00,11.16,0.92,1.00,0.00
12060 Potranco Road,70,9/17/25 9:54 AM,1,Melissa  Urena,,0.00,12.84,1.06,0.00,0.00
12060 Potranco Road,71,9/17/25 10:01 AM,1,Melissa  Urena,,0.00,6.24,0.51,0.00,0.00
12060 Potranco Road,72,9/17/25 10:03 AM,1,Melissa  Urena,,0.00,5.58,0.46,5.00,0.00
12060 Potranco Road,73,9/17/25 10:04 AM,1,Leticia Roman,,0.00,7.97,0.65,3.00,0.00
12060 Potranco Road,74,9/17/25 10:08 AM,1,Leticia Roman,5,0.00,13.78,1.13,5.09,0.00
12060 Potranco Road,75,9/17/25 10:10 AM,1,Melissa  Urena,,0.00,6.77,0.55,0.00,0.00
12060 Potranco Road,77,9/17/25 10:16 AM,1,Leticia Roman,,0.00,28.33,2.33,5.00,0.00
12060 Potranco Road,78,9/17/25 10:18 AM,1,Candy Del Angel,,0.00,7.86,0.65,0.00,0.00
12060 Potranco Road,79,9/17/25 10:19 AM,1,Candy Del Angel,,0.00,3.58,0.30,0.00,0.00
12060 Potranco Road,80,9/17/25 10:22 AM,2,Emanuel Sanchez,14,0.00,22.94,1.90,0.00,0.00
12060 Potranco Road,81,9/17/25 10:37 AM,1,Candy Del Angel,,0.00,26.17,2.16,0.00,0.00
12060 Potranco Road,76,9/17/25 10:11 AM,1,Melissa  Urena,,0.00,15.15,1.25,0.00,0.00
12060 Potranco Road,82,9/17/25 10:39 AM,1,Candy Del Angel,,0.00,16.16,1.34,0.00,0.00
12060 Potranco Road,84,9/17/25 10:40 AM,1,Candy Del Angel,,0.00,4.58,0.38,0.00,0.00
12060 Potranco Road,83,9/17/25 10:39 AM,1,Melissa  Urena,,0.00,5.08,0.42,0.00,0.00
12060 Potranco Road,86,9/17/25 10:42 AM,1,Melissa  Urena,,0.00,30.18,2.49,0.00,0.00
12060 Potranco Road,87,9/17/25 10:46 AM,1,Leticia Roman,,0.00,0.00,0.00,0.00,0.00
12060 Potranco Road,88,9/17/25 10:50 AM,1,Melissa  Urena,,0.00,9.57,0.79,0.00,0.00
12060 Potranco Road,89,9/17/25 10:52 AM,1,Melissa  Urena,,0.00,7.83,0.65,3.00,0.00
12060 Potranco Road,91,9/17/25 10:57 AM,1,Melissa  Urena,,0.00,1.79,0.15,0.00,0.00
12060 Potranco Road,90,9/17/25 10:56 AM,1,Lizbeth Garcia,29,0.00,16.94,1.40,0.00,0.00
12060 Potranco Road,92,9/17/25 11:07 AM,1,Emanuel Sanchez,3,0.00,16.47,1.36,6.00,0.00
12060 Potranco Road,93,9/17/25 11:07 AM,2,Leticia Roman,15,0.00,17.26,1.42,0.00,0.00
12060 Potranco Road,94,9/17/25 11:12 AM,1,Melissa  Urena,,0.00,10.95,0.91,3.00,0.00
12060 Potranco Road,95,9/17/25 11:15 AM,2,Lizbeth Garcia,5,0.00,17.45,1.43,4.00,0.00
12060 Potranco Road,96,9/17/25 11:17 AM,2,Leticia Roman,12,0.00,20.05,1.65,3.01,0.00
12060 Potranco Road,97,9/17/25 11:27 AM,1,Melissa  Urena,,0.00,13.78,1.14,0.00,0.00
12060 Potranco Road,99,9/17/25 11:28 AM,1,Melissa  Urena,,0.00,8.77,0.71,0.00,0.00
12060 Potranco Road,100,9/17/25 11:32 AM,1,Melissa  Urena,,0.00,11.98,0.99,0.00,0.00
12060 Potranco Road,101,9/17/25 11:36 AM,2,Leticia Roman,2,0.00,40.46,3.34,8.00,0.00
12060 Potranco Road,102,9/17/25 11:38 AM,1,Lizbeth Garcia,14,0.00,9.14,0.75,3.00,0.00
12060 Potranco Road,103,9/17/25 11:39 AM,2,Emanuel Sanchez,21,0.89,33.21,2.74,6.00,0.00
12060 Potranco Road,104,9/17/25 11:44 AM,3,Emanuel Sanchez,16,0.00,76.70,6.31,10.00,0.00
12060 Potranco Road,105,9/17/25 11:47 AM,1,Melissa  Urena,,0.00,8.38,0.69,0.00,0.00
12060 Potranco Road,106,9/17/25 11:50 AM,1,Candy Del Angel,,0.00,6.57,0.54,0.00,0.00
12060 Potranco Road,107,9/17/25 11:50 AM,1,Melissa  Urena,,0.00,25.96,2.15,0.00,0.00
12060 Potranco Road,108,9/17/25 11:54 AM,1,Melissa  Urena,,0.00,19.98,1.65,0.00,0.00
12060 Potranco Road,110,9/17/25 11:58 AM,2,Lizbeth Garcia,23,0.00,45.96,3.79,5.00,0.00
12060 Potranco Road,111,9/17/25 11:59 AM,1,Melissa  Urena,,0.00,23.37,1.93,0.00,0.00
12060 Potranco Road,112,9/17/25 12:00 PM,1,Melissa  Urena,,0.00,10.07,0.83,0.00,0.00
12060 Potranco Road,113,9/17/25 12:02 PM,1,Melissa  Urena,,0.00,2.79,0.23,0.00,0.00
12060 Potranco Road,114,9/17/25 12:04 PM,1,Leticia Roman,27,0.00,5.48,0.46,0.00,0.00
12060 Potranco Road,115,9/17/25 12:06 PM,1,Melissa  Urena,,0.00,12.05,0.99,0.00,0.00
12060 Potranco Road,116,9/17/25 12:07 PM,2,Lizbeth Garcia,34,0.00,37.51,3.09,10.00,0.00
12060 Potranco Road,117,9/17/25 12:09 PM,2,Leticia Roman,25,0.00,37.72,3.11,5.00,0.00
12060 Potranco Road,120,9/17/25 12:13 PM,2,Emanuel Sanchez,5,0.00,22.00,1.81,2.00,0.00
12060 Potranco Road,122,9/17/25 12:23 PM,1,Lizbeth Garcia,6,0.00,1.99,0.16,0.00,0.00
12060 Potranco Road,123,9/17/25 12:30 PM,1,Melissa  Urena,,5.30,0.88,0.07,0.00,0.00
12060 Potranco Road,124,9/17/25 12:31 PM,2,Leticia Roman,14,0.00,31.46,2.59,0.00,0.00
12060 Potranco Road,125,9/17/25 12:33 PM,1,Melissa  Urena,,0.00,9.28,0.76,0.00,0.00
12060 Potranco Road,126,9/17/25 12:35 PM,1,Melissa  Urena,,0.00,4.29,0.35,0.00,0.00
12060 Potranco Road,129,9/17/25 12:40 PM,7,Leticia Roman,37,0.00,112.63,9.29,11.83,0.00
12060 Potranco Road,127,9/17/25 12:35 PM,2,Emanuel Sanchez,15,0.00,18.46,1.52,7.00,0.00
12060 Potranco Road,128,9/17/25 12:36 PM,1,Melissa  Urena,,0.00,8.48,0.70,0.00,0.00
12060 Potranco Road,131,9/17/25 12:44 PM,3,Lizbeth Garcia,21,0.00,43.92,3.62,20.00,0.00
12060 Potranco Road,132,9/17/25 12:46 PM,1,Melissa  Urena,,0.00,3.98,0.33,2.00,0.00
12060 Potranco Road,133,9/17/25 12:47 PM,1,Melissa  Urena,,0.00,8.38,0.69,2.00,0.00
12060 Potranco Road,135,9/17/25 12:51 PM,1,Melissa  Urena,,0.00,10.57,0.87,0.00,0.00
12060 Potranco Road,137,9/17/25 12:54 PM,1,Melissa  Urena,,0.00,21.55,1.77,20.00,0.00
12060 Potranco Road,134,9/17/25 12:50 PM,2,Emanuel Sanchez,12,0.00,31.24,2.57,7.00,0.00
12060 Potranco Road,138,9/17/25 1:07 PM,1,Melissa  Urena,,0.00,23.98,1.98,0.00,0.00
12060 Potranco Road,139,9/17/25 1:08 PM,3,Lizbeth Garcia,25,0.00,22.59,1.86,6.80,0.00
12060 Potranco Road,142,9/17/25 1:14 PM,1,Melissa  Urena,,0.00,11.99,0.99,0.00,0.00
12060 Potranco Road,140,9/17/25 1:13 PM,2,Leticia Roman,7,0.00,30.31,2.50,6.67,0.00
12060 Potranco Road,141,9/17/25 1:13 PM,1,Lizbeth Garcia,15,0.00,22.98,1.90,3.00,0.00
12060 Potranco Road,144,9/17/25 1:20 PM,1,Melissa  Urena,,0.00,21.33,1.76,0.00,0.00
12060 Potranco Road,143,9/17/25 1:19 PM,2,Lizbeth Garcia,2,0.00,35.94,2.97,12.00,0.00
12060 Potranco Road,145,9/17/25 1:27 PM,1,Melissa  Urena,,0.00,11.67,0.96,2.00,0.00
12060 Potranco Road,146,9/17/25 1:28 PM,1,Leticia Roman,23,0.00,13.99,1.15,2.00,0.00
12060 Potranco Road,153,9/17/25 1:38 PM,1,Melissa  Urena,,0.00,16.47,1.36,0.00,0.00
12060 Potranco Road,157,9/17/25 1:50 PM,2,Lizbeth Garcia,3,0.00,22.23,1.84,0.00,0.00
12060 Potranco Road,159,9/17/25 1:53 PM,3,Emanuel Sanchez,15,0.00,40.97,3.38,9.00,0.00
12060 Potranco Road,154,9/17/25 1:38 PM,1,Melissa  Urena,,0.00,2.99,0.25,0.00,0.00
12060 Potranco Road,160,9/17/25 2:09 PM,3,Leticia Roman,25,0.00,65.86,5.43,11.00,0.00
12060 Potranco Road,161,9/17/25 2:14 PM,1,Emanuel Sanchez,28,0.00,15.28,1.26,0.00,0.00
12060 Potranco Road,162,9/17/25 2:15 PM,1,Melissa  Urena,,0.00,27.98,2.31,0.00,0.00
12060 Potranco Road,163,9/17/25 2:19 PM,2,Leticia Roman,2,0.00,30.75,2.54,4.00,0.00
12060 Potranco Road,166,9/17/25 2:26 PM,1,Gabriel Tovar ,,0.00,6.99,0.58,2.00,0.00
12060 Potranco Road,168,9/17/25 2:28 PM,2,Emanuel Sanchez,12,0.00,30.47,2.51,0.00,0.00
12060 Potranco Road,172,9/17/25 2:46 PM,1,Mario Jimenez,,0.00,16.88,1.39,0.00,0.00
12060 Potranco Road,171,9/17/25 2:41 PM,2,Leticia Roman,20,0.00,0.00,0.00,0.00,0.00
12060 Potranco Road,173,9/17/25 2:49 PM,2,Leticia Roman,20,0.00,40.97,3.38,8.00,0.00
12060 Potranco Road,174,9/17/25 2:54 PM,2,Emanuel Sanchez,3,0.00,40.70,3.36,0.00,0.00
12060 Potranco Road,175,9/17/25 2:59 PM,2,Angelique Jacobo,34,0.00,24.27,2.00,0.00,0.00
12060 Potranco Road,176,9/17/25 3:13 PM,2,Emanuel Sanchez,6,0.00,27.48,2.27,3.25,0.00
12060 Potranco Road,177,9/17/25 3:17 PM,2,Emanuel Sanchez,1,0.00,19.16,1.57,3.00,0.00
12060 Potranco Road,178,9/17/25 3:21 PM,1,Gabriel Tovar ,,46.96,0.00,0.00,0.00,0.00
12060 Potranco Road,179,9/17/25 3:23 PM,2,Emanuel Sanchez,25,5.75,42.29,3.49,7.21,0.00
12060 Potranco Road,180,9/17/25 3:56 PM,1,Mario Jimenez,,0.00,3.98,0.33,0.00,0.00
12060 Potranco Road,182,9/17/25 4:00 PM,1,Lisa Velasquez,,0.00,54.96,4.53,2.51,0.00
12060 Potranco Road,184,9/17/25 4:05 PM,3,Angelique Jacobo,14,5.18,46.67,3.85,4.00,0.00
12060 Potranco Road,183,9/17/25 4:02 PM,1,Mario Jimenez,,0.00,49.93,4.12,15.00,0.00
12060 Potranco Road,185,9/17/25 4:10 PM,1,Mario Jimenez,,0.00,34.36,2.83,4.00,0.00
12060 Potranco Road,186,9/17/25 4:10 PM,1,Mario Jimenez,,0.00,0.00,0.00,0.00,0.00
12060 Potranco Road,164,9/17/25 2:20 PM,1,Mario Jimenez,,0.00,14.49,1.20,0.00,0.00
12060 Potranco Road,187,9/17/25 4:13 PM,1,Mario Jimenez,,0.00,34.00,2.81,1.00,0.00
12060 Potranco Road,188,9/17/25 4:16 PM,1,Mario Jimenez,,0.00,7.97,0.66,0.00,0.00
12060 Potranco Road,190,9/17/25 4:24 PM,1,Lisa Velasquez,,0.00,31.98,2.64,6.00,0.00
12060 Potranco Road,194,9/17/25 5:33 PM,2,Lisa Velasquez,3,0.00,85.21,7.03,23.00,0.00
12060 Potranco Road,192,9/17/25 4:47 PM,1,Mario Jimenez,,0.00,30.97,2.55,0.00,0.00
12060 Potranco Road,196,9/17/25 5:47 PM,1,Angelique Jacobo,2,0.00,29.37,2.41,20.00,0.00
12060 Potranco Road,198,9/17/25 6:07 PM,1,Mario Jimenez,,12.85,58.68,4.84,15.74,0.00
12060 Potranco Road,200,9/17/25 6:33 PM,2,Angelique Jacobo,15,0.00,34.97,2.89,5.00,0.00
12060 Potranco Road,199,9/17/25 6:32 PM,1,Mario Jimenez,,0.00,33.90,2.80,0.00,0.00
12060 Potranco Road,202,9/17/25 6:39 PM,6,Lisa Velasquez,37,0.00,184.21,15.17,0.00,36.84
12060 Potranco Road,203,9/17/25 6:42 PM,1,Mario Jimenez,,0.00,25.27,2.08,2.00,0.00
12060 Potranco Road,205,9/17/25 7:04 PM,3,Angelique Jacobo,25,0.00,42.47,3.50,0.00,0.00
12060 Potranco Road,207,9/17/25 7:15 PM,1,Mario Jimenez,,0.00,19.87,1.65,0.00,0.00
12060 Potranco Road,208,9/17/25 7:22 PM,1,Mario Jimenez,,0.00,7.18,0.59,0.00,0.00
12060 Potranco Road,209,9/17/25 7:25 PM,1,Mario Jimenez,,0.00,29.98,2.47,0.00,0.00
12060 Potranco Road,216,9/17/25 7:53 PM,1,Mario Jimenez,,0.00,23.98,1.98,0.00,0.00
12060 Potranco Road,217,9/17/25 8:02 PM,3,Lisa Velasquez,18,0.00,62.42,5.15,15.00,0.00
12060 Potranco Road,213,9/17/25 7:37 PM,1,Mario Jimenez,,0.00,18.47,1.52,0.00,0.00
12060 Potranco Road,218,9/17/25 8:54 PM,1,Mario Jimenez,,0.00,22.76,1.88,0.00,0.00
12060 Potranco Road,219,9/17/25 9:05 PM,1,Lisa Velasquez,18,0.00,7.98,0.66,1.60,0.00
