Employee,Job Title,Regular Hours,Overtime Hours,Hourly Rate,Regular Pay,Overtime Pay,Total Pay,Net Sales,Declared Tips,Non-Cash Tips,Total Tips,Tips Withheld,Total Gratuity,Employee ID,Job Code,Location,Location Code
"Aragon, Cecilia",Tortillera,7.31,0.0,13.00,95.03,0.00,95.03,0.00,,0.00,0.00,0.00,0.00,,,12060 Potranco Road,
"Cardenas, Salvador",Cook,8.81,0.0,15.00,132.15,0.00,132.15,0.00,,0.00,0.00,0.00,0.00,,,12060 Potranco Road,
"Del Angel, Candy",Shift Manager / Assistant Manager,5.91,0.0,,,,,99.48,,0.00,0.00,0.00,0.00,,,12060 Potranco Road,
"Farias, Claudia",Cook,8.45,0.0,15.00,126.75,0.00,126.75,0.00,,0.00,0.00,0.00,0.00,,,12060 Potranco Road,
"Garcia, Enriqueta",Chef,7.45,0.0,,,,,0.00,,0.00,0.00,0.00,0.00,,,12060 Potranco Road,
"Garcia, Lizbeth",Server,8.25,0.0,3.00,24.75,0.00,24.75,351.63,0.00,72.80,72.80,0.00,0.00,,,12060 Potranco Road,
"Gonzales, David",Cook,7.47,0.0,,,,,0.00,,0.00,0.00,0.00,0.00,,,12060 Potranco Road,
"Jacobo, Angelique",Server,5.23,0.0,3.00,15.69,0.00,15.69,177.75,5.00,29.00,34.00,0.00,0.00,,,12060 Potranco Road,
"Jimenez, Mario",Driver,6.71,0.0,14.00,93.94,0.00,93.94,432.67,0.00,37.74,37.74,0.00,0.00,,,12060 Potranco Road,
"Lino Santana, David ",Prep,7.77,0.0,15.00,116.55,0.00,116.55,0.00,,0.00,0.00,0.00,0.00,,,12060 Potranco Road,
"Morales, Carlos",Busser,5.69,0.0,11.00,62.59,0.00,62.59,0.00,,0.00,0.00,0.00,0.00,,,12060 Potranco Road,
"Roman, Leticia",Server,8.8,0.0,3.00,26.40,0.00,26.40,645.68,0.00,95.60,95.60,0.00,0.00,,,12060 Potranco Road,
"Rosales, Elsa",Tortillera,5.21,0.0,13.00,67.73,0.00,67.73,0.00,,0.00,0.00,0.00,0.00,,,12060 Potranco Road,
"Sanchez, Emanuel",Server,8.27,0.0,3.00,24.81,0.00,24.81,453.90,5.00,63.46,68.46,0.00,0.00,,,12060 Potranco Road,
"Tovar , Gabriel",Shift Leader,7.05,0.0,,,,,6.99,,2.00,2.00,0.00,0.00,,,12060 Potranco Road,
"Urena, Melissa ",Host,7.7,0.0,12.00,92.40,0.00,92.40,859.34,0.00,57.18,57.18,0.00,0.00,,,12060 Potranco Road,
"Velasquez, Lisa",Server,5.41,0.0,3.00,16.23,0.00,16.23,426.76,5.00,48.11,53.11,0.00,36.84,,,12060 Potranco Road,
"vanenzuela, felix",Cook,7.05,0.0,,,,,0.00,,0.00,0.00,0.00,0.00,,,12060 Potranco Road,
