Check #,Table,Payment Type,Server,Cashier,Tip,Amount,Cash Drawer,Date,Opened Date
1,,CREDIT,Giselle,Giselle,0.00,24.80,,8/24/25 7:58 AM,8/24/25 7:57 AM
3,,CREDIT,Giselle,Giselle,0.00,31.05,,8/24/25 8:04 AM,8/24/25 8:01 AM
10,,CREDIT,Sergio,Sergio,0.00,14.88,,8/24/25 8:10 AM,8/24/25 8:10 AM
5,,CREDIT,Giselle,Giselle,4.00,24.51,,8/24/25 8:12 AM,8/24/25 8:07 AM
6,,CREDIT,Giselle,Giselle,2.00,19.98,,8/24/25 8:16 AM,8/24/25 8:08 AM
9,,CREDIT,Giselle,Giselle,5.24,19.76,,8/24/25 8:19 AM,8/24/25 8:11 AM
12,,CREDIT,Giselle,Giselle,5.00,42.44,,8/24/25 8:23 AM,8/24/25 8:15 AM
2,33,CREDIT,Esperansa,,6.23,33.71,,8/24/25 8:24 AM,8/24/25 7:59 AM
13,,CREDIT,Giselle,Giselle,3.00,14.47,,8/24/25 8:28 AM,8/24/25 8:17 AM
14,,CASH,Giselle,Giselle,0.00,14.02,Drive Box,8/24/25 8:30 AM,8/24/25 8:18 AM
16,,CREDIT,Giselle,Giselle,3.00,21.84,,8/24/25 8:33 AM,8/24/25 8:20 AM
8,11,CREDIT,Sergio,Sergio,2.00,13.51,,8/24/25 8:33 AM,8/24/25 8:09 AM
22,1,CASH,Esperansa,Esperansa,0.00,8.62,,8/24/25 8:34 AM,8/24/25 8:30 AM
17,,CREDIT,Giselle,Giselle,2.00,9.70,,8/24/25 8:35 AM,8/24/25 8:24 AM
20,,CREDIT,Giselle,Giselle,0.00,12.78,,8/24/25 8:36 AM,8/24/25 8:28 AM
21,,CREDIT,Giselle,Giselle,0.00,18.98,,8/24/25 8:41 AM,8/24/25 8:30 AM
23,,CASH,Giselle,Giselle,0.00,12.90,Drive Box,8/24/25 8:43 AM,8/24/25 8:32 AM
24,,CREDIT,Giselle,Giselle,0.00,18.54,,8/24/25 8:46 AM,8/24/25 8:35 AM
26,,CREDIT,Giselle,Giselle,0.00,4.31,,8/24/25 8:48 AM,8/24/25 8:39 AM
27,,CREDIT,Giselle,Giselle,0.00,26.66,,8/24/25 8:50 AM,8/24/25 8:43 AM
29,,CREDIT,Giselle,Giselle,0.00,20.54,,8/24/25 8:52 AM,8/24/25 8:44 AM
31,,CASH,Giselle,Giselle,0.00,4.30,Drive Box,8/24/25 8:53 AM,8/24/25 8:48 AM
32,,CREDIT,Giselle,Giselle,0.00,13.16,,8/24/25 8:54 AM,8/24/25 8:49 AM
34,,CASH,Giselle,Giselle,0.00,9.70,Drive Box,8/24/25 8:56 AM,8/24/25 8:54 AM
7,35,CREDIT,Esperansa,Esperansa,10.00,24.39,,8/24/25 8:57 AM,8/24/25 8:10 AM
35,,CREDIT,Giselle,Giselle,0.00,25.55,,8/24/25 9:00 AM,8/24/25 8:56 AM
36,,CREDIT,Giselle,Giselle,0.00,23.81,,8/24/25 9:02 AM,8/24/25 8:58 AM
39,24,CREDIT,Rosa,Rosa,5.00,8.53,,8/24/25 9:07 AM,8/24/25 9:00 AM
25,24,CREDIT,Rosa,Rosa,4.00,6.04,,8/24/25 9:07 AM,8/24/25 8:40 AM
41,,CREDIT,Giselle,Giselle,0.00,10.78,,8/24/25 9:08 AM,8/24/25 9:07 AM
38,24,CREDIT,Rosa,Rosa,2.00,5.73,,8/24/25 9:08 AM,8/24/25 9:00 AM
13001,22,CREDIT,Isabel,Isabel,0.00,28.10,,8/24/25 9:09 AM,8/24/25 8:42 AM
43,,CREDIT,Giselle,Giselle,1.00,8.09,,8/24/25 9:11 AM,8/24/25 9:09 AM
28,20,CREDIT,Silvia,Silvia,0.00,18.15,,8/24/25 9:15 AM,8/24/25 8:44 AM
44,,CREDIT,Giselle,Giselle,4.00,19.94,,8/24/25 9:19 AM,8/24/25 9:15 AM
47,,CASH,Giselle,Giselle,0.00,20.30,Drive Box,8/24/25 9:21 AM,8/24/25 9:17 AM
40,,CREDIT,Daniela,Daniela,0.00,13.39,,8/24/25 9:23 AM,8/24/25 9:04 AM
49,,CREDIT,Giselle,Giselle,1.00,4.30,,8/24/25 9:24 AM,8/24/25 9:23 AM
50,,CREDIT,Giselle,Giselle,1.59,8.59,,8/24/25 9:29 AM,8/24/25 9:27 AM
45,38,CREDIT,Maria,Maria,4.00,15.97,,8/24/25 9:32 AM,8/24/25 9:14 AM
55,,CREDIT,Giselle,Giselle,0.00,11.43,,8/24/25 9:33 AM,8/24/25 9:28 AM
42,7,CREDIT,Isabel,Isabel,4.00,26.14,,8/24/25 9:33 AM,8/24/25 9:06 AM
57,,CASH,Giselle,Giselle,0.00,10.78,Drive Box,8/24/25 9:35 AM,8/24/25 9:29 AM
59,,CREDIT,Giselle,Giselle,0.00,28.20,,8/24/25 9:36 AM,8/24/25 9:31 AM
37,23,CASH,Sergio,Sergio,0.00,29.71,,8/24/25 9:38 AM,8/24/25 9:00 AM
33,34,CREDIT,Maria,Maria,14.00,70.87,,8/24/25 9:38 AM,8/24/25 9:00 AM
67,,CASH,Giselle,Giselle,0.00,1.07,Drive Box,8/24/25 9:39 AM,8/24/25 9:39 AM
60,,CREDIT,Giselle,Giselle,0.00,8.19,,8/24/25 9:41 AM,8/24/25 9:33 AM
68,,CREDIT,Silvia,Silvia,0.00,6.47,,8/24/25 9:41 AM,8/24/25 9:41 AM
61,,CREDIT,Giselle,Giselle,0.00,6.45,,8/24/25 9:42 AM,8/24/25 9:35 AM
63,,CREDIT,Giselle,Giselle,2.19,10.77,,8/24/25 9:44 AM,8/24/25 9:36 AM
52,,CREDIT,Daniela,Daniela,1.00,18.46,,8/24/25 9:44 AM,8/24/25 9:25 AM
64,,CASH,Giselle,Giselle,0.00,11.45,Drive Box,8/24/25 9:45 AM,8/24/25 9:37 AM
69,,CREDIT,Giselle,Giselle,0.00,24.51,,8/24/25 9:47 AM,8/24/25 9:41 AM
48,17,CREDIT,Esperansa,Esperansa,6.00,20.45,,8/24/25 9:48 AM,8/24/25 9:15 AM
72,,CREDIT,Giselle,Giselle,0.00,18.97,,8/24/25 9:50 AM,8/24/25 9:43 AM
56,33,CASH,Silvia,Silvia,0.00,9.72,,8/24/25 9:53 AM,8/24/25 9:28 AM
73,,CREDIT,Giselle,Giselle,0.00,11.64,,8/24/25 9:53 AM,8/24/25 9:44 AM
82,,CREDIT,Maria,Maria,2.00,11.34,,8/24/25 9:53 AM,8/24/25 9:53 AM
88,,CREDIT,Giselle,Giselle,0.00,4.32,,8/24/25 9:54 AM,8/24/25 9:54 AM
76,,CREDIT,Giselle,Giselle,0.00,10.56,,8/24/25 9:56 AM,8/24/25 9:47 AM
77,,CREDIT,Giselle,Giselle,0.90,6.46,,8/24/25 9:58 AM,8/24/25 9:50 AM
79,,CREDIT,Giselle,Giselle,0.00,7.44,,8/24/25 9:59 AM,8/24/25 9:50 AM
85,,CREDIT,Giselle,Giselle,1.15,6.25,,8/24/25 10:00 AM,8/24/25 9:53 AM
53,25,CREDIT,Silvia,,6.34,29.66,,8/24/25 10:00 AM,8/24/25 9:26 AM
89,,CREDIT,Giselle,Giselle,0.82,5.94,,8/24/25 10:01 AM,8/24/25 9:55 AM
91,,CREDIT,Giselle,Giselle,1.69,12.19,,8/24/25 10:02 AM,8/24/25 9:55 AM
93,,CREDIT,Giselle,Giselle,2.27,16.39,,8/24/25 10:04 AM,8/24/25 9:56 AM
65,18,CREDIT,Isabel,,3.00,21.62,,8/24/25 10:05 AM,8/24/25 9:38 AM
90,,CREDIT,Daniela,Daniela,0.00,10.13,,8/24/25 10:06 AM,8/24/25 9:55 AM
94,,CREDIT,Giselle,Giselle,0.00,20.29,,8/24/25 10:07 AM,8/24/25 9:56 AM
104,,CASH,Daniela,Daniela,0.00,14.40,,8/24/25 10:08 AM,8/24/25 10:08 AM
46,1,CREDIT,Rosa,Rosa,10.00,64.74,,8/24/25 10:10 AM,8/24/25 9:15 AM
96,,CREDIT,Giselle,Giselle,1.00,16.43,,8/24/25 10:10 AM,8/24/25 10:02 AM
99,,CREDIT,Giselle,Giselle,2.00,18.67,,8/24/25 10:14 AM,8/24/25 10:04 AM
102,,CREDIT,Giselle,Giselle,0.00,8.64,,8/24/25 10:15 AM,8/24/25 10:06 AM
66,,CREDIT,Giselle,Giselle,2.00,16.95,,8/24/25 10:17 AM,8/24/25 9:37 AM
70,24,CASH,Esperansa,Esperansa,0.00,22.09,,8/24/25 10:18 AM,8/24/25 9:42 AM
78,7,CREDIT,Isabel,Isabel,0.00,32.92,,8/24/25 10:18 AM,8/24/25 9:50 AM
87,11,CREDIT,Maria,Maria,6.00,48.54,,8/24/25 10:19 AM,8/24/25 9:57 AM
107,,CREDIT,Giselle,Giselle,0.00,14.66,,8/24/25 10:20 AM,8/24/25 10:10 AM
109,,CREDIT,Giselle,Giselle,3.67,19.87,,8/24/25 10:21 AM,8/24/25 10:10 AM
51,32,CREDIT,Sergio,Daniela,7.00,33.28,,8/24/25 10:21 AM,8/24/25 9:23 AM
110,,CREDIT,Giselle,Giselle,2.06,14.86,,8/24/25 10:22 AM,8/24/25 10:11 AM
80,23,CASH,Silvia,Silvia,0.00,22.69,,8/24/25 10:24 AM,8/24/25 9:53 AM
112,,CREDIT,Giselle,Giselle,3.21,17.35,,8/24/25 10:24 AM,8/24/25 10:13 AM
58,4,CASH,Isabel,Isabel,0.00,26.95,,8/24/25 10:26 AM,8/24/25 9:29 AM
71,41,CREDIT,Rosa,Rosa,0.00,88.03,,8/24/25 10:26 AM,8/24/25 9:44 AM
95,33,CREDIT,Rosa,,3.59,25.94,,8/24/25 10:27 AM,8/24/25 9:59 AM
115,,CREDIT,Daniela,Daniela,4.00,15.94,,8/24/25 10:27 AM,8/24/25 10:14 AM
113,,CREDIT,Giselle,Giselle,1.84,9.05,,8/24/25 10:27 AM,8/24/25 10:13 AM
97,37,CASH,Silvia,Silvia,0.00,40.63,,8/24/25 10:27 AM,8/24/25 10:03 AM
100,38,CREDIT,Silvia,Silvia,7.00,12.46,,8/24/25 10:29 AM,8/24/25 10:05 AM
114,,CREDIT,Giselle,Giselle,0.00,10.26,,8/24/25 10:29 AM,8/24/25 10:13 AM
129,,CASH,Daniela,Daniela,0.00,24.41,,8/24/25 10:29 AM,8/24/25 10:29 AM
123,,CASH,Giselle,Giselle,0.00,8.84,Drive Box,8/24/25 10:30 AM,8/24/25 10:26 AM
84,39,CREDIT,Rosa,Rosa,0.00,32.71,,8/24/25 10:31 AM,8/24/25 9:53 AM
111,20,CREDIT,Silvia,,9.00,44.31,,8/24/25 10:31 AM,8/24/25 10:13 AM
124,,CREDIT,Giselle,Giselle,0.00,9.59,,8/24/25 10:32 AM,8/24/25 10:27 AM
118,12,CREDIT,Esperansa,Mayra,5.00,22.70,,8/24/25 10:34 AM,8/24/25 10:17 AM
125,,CASH,Giselle,Giselle,0.00,9.50,Drive Box,8/24/25 10:34 AM,8/24/25 10:28 AM
126,,CREDIT,Giselle,Giselle,0.00,16.29,,8/24/25 10:36 AM,8/24/25 10:29 AM
130,,CREDIT,Giselle,Giselle,0.00,13.81,,8/24/25 10:38 AM,8/24/25 10:29 AM
131,,CREDIT,Giselle,Giselle,0.00,34.59,,8/24/25 10:39 AM,8/24/25 10:30 AM
147,,CASH,Giselle,Giselle,0.00,3.78,Drive Box,8/24/25 10:40 AM,8/24/25 10:40 AM
86,15,CREDIT,Esperansa,,0.00,46.74,,8/24/25 10:40 AM,8/24/25 9:54 AM
98,19,CREDIT,Isabel,Isabel,8.00,25.70,,8/24/25 10:41 AM,8/24/25 10:02 AM
101,10,CREDIT,Maria,,4.00,15.67,,8/24/25 10:41 AM,8/24/25 10:05 AM
132,,CREDIT,Giselle,Giselle,0.00,30.53,,8/24/25 10:44 AM,8/24/25 10:31 AM
119,24,CASH,Isabel,Isabel,0.00,32.42,,8/24/25 10:46 AM,8/24/25 10:19 AM
134,,CREDIT,Giselle,Giselle,0.00,14.57,,8/24/25 10:47 AM,8/24/25 10:31 AM
135,,CREDIT,Giselle,Giselle,0.00,22.88,,8/24/25 10:48 AM,8/24/25 10:32 AM
120,32,CASH,Maria,Maria,0.00,14.48,,8/24/25 10:49 AM,8/24/25 10:27 AM
136,,CREDIT,Giselle,Giselle,2.91,20.99,,8/24/25 10:49 AM,8/24/25 10:32 AM
152,31,CREDIT,Sergio,Sergio,0.00,70.70,,8/24/25 10:50 AM,8/24/25 10:49 AM
138,,CREDIT,Giselle,Giselle,0.00,22.54,,8/24/25 10:50 AM,8/24/25 10:33 AM
62,9,CREDIT,Maria,Maria,10.00,30.84,,8/24/25 10:51 AM,8/24/25 9:37 AM
116,35,CREDIT,Silvia,Silvia,0.00,25.68,,8/24/25 10:52 AM,8/24/25 10:14 AM
139,,CASH,Giselle,Giselle,0.00,19.56,Drive Box,8/24/25 10:52 AM,8/24/25 10:33 AM
83,22,CREDIT,Sergio,Sergio,10.00,44.69,,8/24/25 10:53 AM,8/24/25 9:54 AM
150,,CASH,Daniela,Daniela,0.00,10.00,,8/24/25 10:53 AM,8/24/25 10:46 AM
150,,CREDIT,Daniela,Daniela,0.00,18.06,,8/24/25 10:53 AM,8/24/25 10:46 AM
140,,CASH,Giselle,Giselle,0.00,15.21,Drive Box,8/24/25 10:53 AM,8/24/25 10:34 AM
142,,CASH,Giselle,Giselle,0.00,14.60,Drive Box,8/24/25 10:54 AM,8/24/25 10:34 AM
156,,CREDIT,Giselle,Giselle,0.00,13.80,,8/24/25 10:56 AM,8/24/25 10:50 AM
103,31,CREDIT,Sergio,Sergio,4.00,14.73,,8/24/25 10:57 AM,8/24/25 10:10 AM
127,7,CREDIT,Esperansa,Esperansa,3.00,25.68,,8/24/25 10:58 AM,8/24/25 10:29 AM
157,,CREDIT,Giselle,Giselle,1.49,8.09,,8/24/25 10:58 AM,8/24/25 10:50 AM
151,31,CREDIT,Sergio,Sergio,5.00,29.19,,8/24/25 10:58 AM,8/24/25 10:46 AM
122,25,CREDIT,Sergio,Sergio,0.00,19.45,,8/24/25 10:59 AM,8/24/25 10:25 AM
158,,CREDIT,Giselle,Giselle,0.00,30.74,,8/24/25 10:59 AM,8/24/25 10:51 AM
159,,CREDIT,Giselle,Giselle,2.00,22.08,,8/24/25 11:01 AM,8/24/25 10:52 AM
161,,CREDIT,Giselle,Giselle,0.00,18.78,,8/24/25 11:03 AM,8/24/25 10:52 AM
162,,CASH,Giselle,Giselle,0.00,4.75,Drive Box,8/24/25 11:04 AM,8/24/25 10:53 AM
168,,CREDIT,Giselle,Giselle,0.00,12.52,,8/24/25 11:05 AM,8/24/25 11:03 AM
146,37,CREDIT,Silvia,Silvia,5.00,28.43,,8/24/25 11:07 AM,8/24/25 10:40 AM
128,3,CREDIT,Rosa,Rosa,0.00,133.87,,8/24/25 11:07 AM,8/24/25 10:30 AM
169,,CASH,Giselle,Giselle,0.00,19.75,Drive Box,8/24/25 11:08 AM,8/24/25 11:04 AM
133,2,CREDIT,Silvia,,15.39,83.29,,8/24/25 11:09 AM,8/24/25 10:32 AM
144,1,CREDIT,Rosa,Rosa,0.00,47.83,,8/24/25 11:09 AM,8/24/25 10:35 AM
121,,CASH,Isabel,Isabel,0.00,27.78,,8/24/25 11:09 AM,8/24/25 10:23 AM
165,,CASH,Daniela,Daniela,0.00,17.80,,8/24/25 11:10 AM,8/24/25 10:55 AM
148,12,CREDIT,Maria,Daniela,5.00,29.19,,8/24/25 11:10 AM,8/24/25 10:42 AM
145,23,CREDIT,Isabel,Isabel,5.00,27.90,,8/24/25 11:11 AM,8/24/25 10:37 AM
170,,CREDIT,Giselle,Giselle,1.98,9.72,,8/24/25 11:12 AM,8/24/25 11:04 AM
171,,CREDIT,Giselle,Giselle,0.00,18.57,,8/24/25 11:13 AM,8/24/25 11:04 AM
173,,CREDIT,Giselle,Giselle,1.94,14.02,,8/24/25 11:15 AM,8/24/25 11:05 AM
175,,CASH,Giselle,Giselle,0.00,11.88,Drive Box,8/24/25 11:16 AM,8/24/25 11:06 AM
141,33,CREDIT,Sergio,Sergio,10.00,36.22,,8/24/25 11:17 AM,8/24/25 10:34 AM
176,,CREDIT,Giselle,Giselle,1.42,6.99,,8/24/25 11:18 AM,8/24/25 11:06 AM
11001,18,CREDIT,Rosa,Rosa,4.33,21.65,,8/24/25 11:19 AM,8/24/25 10:19 AM
164,42,CREDIT,Isabel,Isabel,0.00,94.86,,8/24/25 11:19 AM,8/24/25 10:55 AM
185,,CREDIT,Giselle,Giselle,0.00,3.99,,8/24/25 11:19 AM,8/24/25 11:18 AM
167,24,CREDIT,Silvia,Silvia,5.00,20.79,,8/24/25 11:19 AM,8/24/25 11:02 AM
177,,CREDIT,Giselle,Giselle,0.00,9.28,,8/24/25 11:21 AM,8/24/25 11:07 AM
178,,CREDIT,Giselle,Giselle,1.19,8.62,,8/24/25 11:23 AM,8/24/25 11:07 AM
183,,CREDIT,Giselle,Giselle,2.00,12.28,,8/24/25 11:24 AM,8/24/25 11:17 AM
187,,CREDIT,Giselle,Giselle,0.00,31.84,,8/24/25 11:27 AM,8/24/25 11:19 AM
166,19,CREDIT,Isabel,Isabel,0.00,39.51,,8/24/25 11:28 AM,8/24/25 10:56 AM
189,,CASH,Giselle,Giselle,0.00,17.65,Drive Box,8/24/25 11:29 AM,8/24/25 11:23 AM
149,39,CREDIT,Esperansa,Daniela,5.00,35.68,,8/24/25 11:31 AM,8/24/25 10:46 AM
174,22,CREDIT,Maria,Daniela,4.00,35.09,,8/24/25 11:32 AM,8/24/25 11:07 AM
191,,CASH,Giselle,Giselle,0.00,11.12,Drive Box,8/24/25 11:32 AM,8/24/25 11:27 AM
163,,CREDIT,Daniela,Daniela,0.00,39.77,,8/24/25 11:33 AM,8/24/25 10:54 AM
160,15,CREDIT,Rosa,Rosa,0.00,32.93,,8/24/25 11:34 AM,8/24/25 10:52 AM
193,,CASH,Giselle,Giselle,0.00,17.30,Drive Box,8/24/25 11:35 AM,8/24/25 11:27 AM
137,11,CREDIT,Maria,Maria,10.00,55.93,,8/24/25 11:35 AM,8/24/25 10:36 AM
195,,CASH,Giselle,Giselle,0.00,14.03,Drive Box,8/24/25 11:36 AM,8/24/25 11:31 AM
196,,CREDIT,Giselle,Giselle,0.00,16.88,,8/24/25 11:38 AM,8/24/25 11:32 AM
184,36,CREDIT,Maria,Maria,5.75,34.25,,8/24/25 11:39 AM,8/24/25 11:20 AM
199,,CREDIT,Giselle,Giselle,2.30,16.61,,8/24/25 11:40 AM,8/24/25 11:33 AM
172,20,CREDIT,Esperansa,Esperansa,9.00,46.75,,8/24/25 11:42 AM,8/24/25 11:04 AM
201,,CREDIT,Giselle,Giselle,0.00,19.23,,8/24/25 11:42 AM,8/24/25 11:35 AM
204,,CREDIT,Giselle,Giselle,0.00,21.35,,8/24/25 11:44 AM,8/24/25 11:38 AM
206,,CASH,Giselle,Giselle,0.00,14.90,Drive Box,8/24/25 11:46 AM,8/24/25 11:38 AM
207,,CASH,Giselle,Giselle,0.00,13.48,Drive Box,8/24/25 11:47 AM,8/24/25 11:42 AM
208,,CREDIT,Giselle,Giselle,0.00,28.95,,8/24/25 11:50 AM,8/24/25 11:43 AM
186,23,CASH,Esperansa,Esperansa,0.00,12.62,,8/24/25 11:50 AM,8/24/25 11:19 AM
188,38,CREDIT,Rosa,Rosa,5.00,18.38,,8/24/25 11:50 AM,8/24/25 11:22 AM
155,17,CASH,Esperansa,Esperansa,0.00,22.41,,8/24/25 11:51 AM,8/24/25 10:49 AM
181,37,CASH,Sergio,Sergio,0.00,15.08,,8/24/25 11:51 AM,8/24/25 11:15 AM
209,,CREDIT,Giselle,Giselle,0.00,7.75,,8/24/25 11:52 AM,8/24/25 11:44 AM
213,,CREDIT,Giselle,Giselle,0.00,15.08,,8/24/25 11:55 AM,8/24/25 11:49 AM
179,25,CREDIT,Rosa,Rosa,5.00,23.75,,8/24/25 11:56 AM,8/24/25 11:12 AM
203,,CREDIT,Daniela,Daniela,0.00,36.73,,8/24/25 11:56 AM,8/24/25 11:37 AM
182,32,CASH,Isabel,Isabel,0.00,25.88,,8/24/25 11:57 AM,8/24/25 11:15 AM
214,,CREDIT,Giselle,Giselle,2.00,28.50,,8/24/25 11:57 AM,8/24/25 11:50 AM
198,24,CREDIT,Maria,Maria,4.00,35.69,,8/24/25 11:58 AM,8/24/25 11:33 AM
217,,CREDIT,Giselle,Giselle,1.00,10.03,,8/24/25 12:01 PM,8/24/25 11:52 AM
218,,CREDIT,Giselle,Giselle,0.00,7.96,,8/24/25 12:03 PM,8/24/25 11:53 AM
197,26,CREDIT,Silvia,Silvia,7.00,8.41,,8/24/25 12:04 PM,8/24/25 11:33 AM
220,,CREDIT,Giselle,Giselle,0.00,64.89,,8/24/25 12:07 PM,8/24/25 11:55 AM
192,40,CREDIT,Esperansa,Esperansa,0.00,62.90,,8/24/25 12:08 PM,8/24/25 11:27 AM
19001,40,CREDIT,Esperansa,,3.42,29.20,,8/24/25 12:08 PM,8/24/25 12:01 PM
224,,CREDIT,Giselle,Giselle,0.00,34.56,,8/24/25 12:13 PM,8/24/25 12:00 PM
180,7,CASH,Silvia,Silvia,0.00,20.52,,8/24/25 12:14 PM,8/24/25 11:14 AM
222,1,CREDIT,Isabel,Daniela,0.00,22.89,,8/24/25 12:16 PM,8/24/25 11:54 AM
202,31,CREDIT,Rosa,Daniela,0.00,67.92,,8/24/25 12:16 PM,8/24/25 11:38 AM
228,,CREDIT,Giselle,Giselle,5.00,33.51,,8/24/25 12:18 PM,8/24/25 12:03 PM
231,,CASH,Giselle,Giselle,0.00,23.28,Drive Box,8/24/25 12:19 PM,8/24/25 12:04 PM
238,,CREDIT,Giselle,Giselle,0.00,21.11,,8/24/25 12:21 PM,8/24/25 12:07 PM
215,11,CREDIT,Rosa,Rosa,6.00,55.21,,8/24/25 12:22 PM,8/24/25 11:50 AM
243,,CREDIT,Giselle,Giselle,0.00,20.95,,8/24/25 12:23 PM,8/24/25 12:16 PM
210,18,CREDIT,Sergio,Daniela,5.00,52.95,,8/24/25 12:23 PM,8/24/25 11:50 AM
205,10,CREDIT,Isabel,Isabel,0.00,28.66,,8/24/25 12:23 PM,8/24/25 11:38 AM
190,18,CREDIT,Maria,Maria,3.00,12.97,,8/24/25 12:26 PM,8/24/25 11:33 AM
245,,CREDIT,Giselle,Giselle,0.00,36.57,,8/24/25 12:26 PM,8/24/25 12:17 PM
75,17,CASH,Esperansa,Esperansa,0.00,30.42,,8/24/25 12:27 PM,8/24/25 9:46 AM
194,35,CASH,Sergio,Sergio,0.00,29.51,,8/24/25 12:27 PM,8/24/25 11:29 AM
219,17,CASH,Esperansa,Esperansa,0.00,16.00,,8/24/25 12:28 PM,8/24/25 11:54 AM
248,,CASH,Giselle,Giselle,0.00,10.79,Drive Box,8/24/25 12:29 PM,8/24/25 12:20 PM
221,32,CREDIT,Silvia,,6.50,34.50,,8/24/25 12:29 PM,8/24/25 11:54 AM
200,16,CREDIT,Silvia,Silvia,6.00,27.02,,8/24/25 12:29 PM,8/24/25 11:34 AM
237,42,CREDIT,Sergio,Sergio,5.00,50.32,,8/24/25 12:30 PM,8/24/25 12:08 PM
250,,CREDIT,Giselle,Giselle,0.00,4.09,,8/24/25 12:31 PM,8/24/25 12:22 PM
251,,CASH,Giselle,Giselle,0.00,24.84,Drive Box,8/24/25 12:32 PM,8/24/25 12:24 PM
252,,CREDIT,Giselle,Giselle,0.00,20.18,,8/24/25 12:33 PM,8/24/25 12:25 PM
253,,CREDIT,Giselle,Giselle,2.00,10.78,,8/24/25 12:34 PM,8/24/25 12:26 PM
239,20,CREDIT,Maria,Maria,8.00,35.92,,8/24/25 12:35 PM,8/24/25 12:10 PM
223,38,CREDIT,Maria,Maria,2.00,11.89,,8/24/25 12:36 PM,8/24/25 11:55 AM
254,,CASH,Giselle,Giselle,0.00,10.35,Drive Box,8/24/25 12:37 PM,8/24/25 12:26 PM
256,,CREDIT,Giselle,Giselle,1.00,11.22,,8/24/25 12:38 PM,8/24/25 12:26 PM
225,36,CASH,Silvia,Silvia,0.00,23.17,,8/24/25 12:40 PM,8/24/25 12:00 PM
261,3,CREDIT,Rosa,Rosa,0.00,19.82,,8/24/25 12:42 PM,8/24/25 12:36 PM
233,,CASH,Giselle,Giselle,0.00,37.73,Drive Box,8/24/25 12:44 PM,8/24/25 12:05 PM
230,3,CREDIT,Rosa,Rosa,0.00,73.56,,8/24/25 12:44 PM,8/24/25 12:05 PM
232,34,CREDIT,Esperansa,Esperansa,5.00,61.27,,8/24/25 12:45 PM,8/24/25 12:06 PM
236,22,CREDIT,Esperansa,Esperansa,8.00,58.01,,8/24/25 12:45 PM,8/24/25 12:07 PM
241,,CREDIT,Daniela,Daniela,0.00,9.71,,8/24/25 12:45 PM,8/24/25 12:09 PM
262,,CREDIT,Giselle,Giselle,0.00,6.46,,8/24/25 12:46 PM,8/24/25 12:36 PM
264,,CREDIT,Giselle,Giselle,0.00,3.78,,8/24/25 12:47 PM,8/24/25 12:39 PM
242,15,CREDIT,Rosa,Rosa,5.00,32.93,,8/24/25 12:48 PM,8/24/25 12:10 PM
155,17,CASH,Esperansa,Mayra,0.00,-22.41,,8/24/25 12:48 PM,8/24/25 10:49 AM
155,17,CASH,Esperansa,Esperansa,0.00,11.87,,8/24/25 12:48 PM,8/24/25 10:49 AM
235,19,CREDIT,Silvia,Silvia,9.66,52.29,,8/24/25 12:49 PM,8/24/25 12:07 PM
270,22,CASH,Esperansa,Esperansa,0.00,1.07,,8/24/25 12:49 PM,8/24/25 12:44 PM
212,9,CREDIT,Isabel,,0.00,28.04,,8/24/25 12:51 PM,8/24/25 11:48 AM
265,,CREDIT,Giselle,Giselle,0.00,13.39,,8/24/25 12:51 PM,8/24/25 12:40 PM
211,9,CREDIT,Isabel,,0.00,46.86,,8/24/25 12:51 PM,8/24/25 11:48 AM
234,21,CREDIT,Silvia,Silvia,5.00,9.77,,8/24/25 12:52 PM,8/24/25 12:05 PM
277,9,CREDIT,Isabel,Isabel,0.00,43.86,,8/24/25 12:52 PM,8/24/25 12:49 PM
266,,CREDIT,Giselle,Giselle,0.00,16.41,,8/24/25 12:54 PM,8/24/25 12:41 PM
249,18,CASH,Maria,Maria,0.00,11.71,,8/24/25 12:56 PM,8/24/25 12:22 PM
271,,CREDIT,Giselle,Giselle,0.00,10.59,,8/24/25 12:56 PM,8/24/25 12:46 PM
276,,CREDIT,Giselle,Giselle,5.16,37.27,,8/24/25 12:58 PM,8/24/25 12:48 PM
244,25,CREDIT,Silvia,Silvia,10.00,35.12,,8/24/25 12:59 PM,8/24/25 12:15 PM
229,23,CREDIT,Silvia,Silvia,0.00,24.64,,8/24/25 12:59 PM,8/24/25 12:04 PM
260,32,CREDIT,Rosa,Rosa,0.00,21.66,,8/24/25 1:00 PM,8/24/25 12:35 PM
9001,23,CREDIT,Silvia,,3.63,26.23,,8/24/25 1:01 PM,8/24/25 12:55 PM
263,7,CREDIT,Isabel,Isabel,7.00,25.95,,8/24/25 1:03 PM,8/24/25 12:38 PM
19002,39,CREDIT,Esperansa,Esperansa,5.00,40.90,,8/24/25 1:04 PM,8/24/25 12:27 PM
280,,CASH,Giselle,Giselle,0.00,8.73,Drive Box,8/24/25 1:04 PM,8/24/25 12:52 PM
247,37,CREDIT,Maria,Daniela,5.00,40.16,,8/24/25 1:05 PM,8/24/25 12:21 PM
281,,CREDIT,Giselle,Giselle,0.00,13.49,,8/24/25 1:05 PM,8/24/25 12:55 PM
284,,CREDIT,Giselle,Giselle,2.00,8.94,,8/24/25 1:06 PM,8/24/25 12:57 PM
272,,CREDIT,Daniela,Daniela,0.00,16.71,,8/24/25 1:07 PM,8/24/25 12:47 PM
285,,CREDIT,Giselle,Giselle,2.13,23.87,,8/24/25 1:07 PM,8/24/25 12:59 PM
287,,CREDIT,Giselle,Giselle,3.00,24.16,,8/24/25 1:10 PM,8/24/25 1:04 PM
288,,CREDIT,Giselle,Giselle,0.00,11.99,,8/24/25 1:13 PM,8/24/25 1:07 PM
289,,CREDIT,Giselle,Giselle,0.00,14.26,,8/24/25 1:15 PM,8/24/25 1:09 PM
291,,CASH,Giselle,Giselle,0.00,25.73,Drive Box,8/24/25 1:17 PM,8/24/25 1:11 PM
293,,CREDIT,Giselle,Giselle,2.87,20.71,,8/24/25 1:18 PM,8/24/25 1:12 PM
278,20,CREDIT,Rosa,Rosa,7.00,42.18,,8/24/25 1:20 PM,8/24/25 12:50 PM
283,18,CREDIT,Maria,Maria,7.00,38.03,,8/24/25 1:21 PM,8/24/25 12:56 PM
294,,CREDIT,Giselle,Giselle,3.00,28.61,,8/24/25 1:22 PM,8/24/25 1:15 PM
273,35,CREDIT,Silvia,Silvia,5.00,38.61,,8/24/25 1:23 PM,8/24/25 12:48 PM
298,,CREDIT,Giselle,Giselle,2.18,15.76,,8/24/25 1:24 PM,8/24/25 1:21 PM
268,40,CREDIT,Sergio,Sergio,0.00,128.57,,8/24/25 1:24 PM,8/24/25 12:45 PM
301,,CREDIT,Giselle,Giselle,1.25,6.79,,8/24/25 1:26 PM,8/24/25 1:24 PM
246,24,CASH,Isabel,Isabel,0.00,44.30,,8/24/25 1:26 PM,8/24/25 12:16 PM
269,10,CREDIT,Silvia,Silvia,5.00,37.04,,8/24/25 1:27 PM,8/24/25 12:44 PM
303,,CREDIT,Giselle,Giselle,1.82,13.14,,8/24/25 1:27 PM,8/24/25 1:27 PM
286,33,CREDIT,Isabel,Isabel,5.00,49.33,,8/24/25 1:30 PM,8/24/25 1:01 PM
290,22,CREDIT,Esperansa,,2.69,24.31,,8/24/25 1:35 PM,8/24/25 1:09 PM
300,,CREDIT,Daniela,Daniela,0.00,25.96,,8/24/25 1:36 PM,8/24/25 1:21 PM
299,17,CASH,Isabel,Isabel,0.00,19.46,,8/24/25 1:38 PM,8/24/25 1:19 PM
279,1,CREDIT,Rosa,,5.91,42.66,,8/24/25 1:39 PM,8/24/25 12:51 PM
292,25,CREDIT,Silvia,Silvia,10.00,45.65,,8/24/25 1:41 PM,8/24/25 1:10 PM
307,,CREDIT,Daniela,Daniela,0.00,11.90,,8/24/25 1:41 PM,8/24/25 1:31 PM
310,,CASH,Giselle,Giselle,0.00,15.12,Drive Box,8/24/25 1:42 PM,8/24/25 1:37 PM
314,,CREDIT,Giselle,Giselle,0.00,11.22,,8/24/25 1:44 PM,8/24/25 1:39 PM
315,,CASH,Giselle,Giselle,0.00,5.40,Drive Box,8/24/25 1:51 PM,8/24/25 1:39 PM
323,,CREDIT,Giselle,Giselle,0.00,2.48,,8/24/25 1:53 PM,8/24/25 1:53 PM
317,,CASH,Giselle,Giselle,0.00,15.12,Drive Box,8/24/25 1:55 PM,8/24/25 1:43 PM
16001,,CREDIT,Giselle,Giselle,0.00,6.03,,8/24/25 1:57 PM,8/24/25 1:51 PM
326,,CREDIT,Giselle,Giselle,0.00,6.03,,8/24/25 1:58 PM,8/24/25 1:57 PM
308,33,CREDIT,Isabel,Isabel,0.00,29.63,,8/24/25 1:59 PM,8/24/25 1:35 PM
305,7,CREDIT,Rosa,Rosa,8.63,31.37,,8/24/25 2:00 PM,8/24/25 1:28 PM
275,11,CASH,Isabel,Isabel,0.00,20.54,,8/24/25 2:04 PM,8/24/25 12:48 PM
329,11,CASH,Isabel,Isabel,0.00,10.81,,8/24/25 2:04 PM,8/24/25 2:03 PM
311,21,CREDIT,Rosa,Rosa,4.00,17.79,,8/24/25 2:05 PM,8/24/25 1:37 PM
,,CASH_COLLECTED,Daniela,Daniela,0.00,66.61*,House,8/24/25 2:05 PM,8/24/25 2:05 PM
,,TIP_OUT,Daniela,Daniela,-5.00,0.00,House,8/24/25 2:05 PM,8/24/25 2:05 PM
306,18,CREDIT,Silvia,Silvia,6.00,35.84,,8/24/25 2:07 PM,8/24/25 1:31 PM
302,37,CREDIT,Esperansa,Esperansa,10.00,36.99,,8/24/25 2:07 PM,8/24/25 1:29 PM
296,32,CREDIT,Sergio,Sergio,4.00,32.97,,8/24/25 2:07 PM,8/24/25 1:17 PM
16002,,CASH,Giselle,Giselle,0.00,10.63,Drive Box,8/24/25 2:08 PM,8/24/25 2:04 PM
319,15,CASH,Maria,Maria,0.00,17.30,,8/24/25 2:08 PM,8/24/25 1:44 PM
304,38,CREDIT,Sergio,Sergio,5.59,28.41,,8/24/25 2:10 PM,8/24/25 1:27 PM
332,,CREDIT,Giselle,Giselle,0.00,4.31,,8/24/25 2:10 PM,8/24/25 2:10 PM
333,,CASH,Giselle,Giselle,0.00,16.65,Drive Box,8/24/25 2:13 PM,8/24/25 2:10 PM
320,42,CASH,Isabel,Isabel,0.00,51.49,,8/24/25 2:16 PM,8/24/25 1:49 PM
335,,CREDIT,Giselle,Giselle,0.00,11.43,,8/24/25 2:16 PM,8/24/25 2:12 PM
297,19,CREDIT,Esperansa,Esperansa,0.00,60.95,,8/24/25 2:17 PM,8/24/25 1:18 PM
337,,CREDIT,Giselle,Giselle,0.00,22.66,,8/24/25 2:19 PM,8/24/25 2:14 PM
316,35,CREDIT,Rosa,Rosa,0.00,79.91,,8/24/25 2:20 PM,8/24/25 1:43 PM
312,39,CREDIT,Isabel,Isabel,2.00,4.64,,8/24/25 2:21 PM,8/24/25 1:37 PM
322,9,CREDIT,Sergio,Sergio,0.00,89.22,,8/24/25 2:22 PM,8/24/25 1:54 PM
338,,CREDIT,Giselle,Giselle,0.00,9.72,,8/24/25 2:23 PM,8/24/25 2:20 PM
339,,CREDIT,Giselle,Giselle,0.43,18.57,,8/24/25 2:29 PM,8/24/25 2:25 PM
342,,CREDIT,Giselle,Giselle,0.00,11.90,,8/24/25 2:31 PM,8/24/25 2:29 PM
330,4,CREDIT,Isabel,,9.65,52.25,,8/24/25 2:33 PM,8/24/25 2:06 PM
324,25,CASH,Rosa,Rosa,0.00,45.85,,8/24/25 2:34 PM,8/24/25 1:56 PM
344,25,CREDIT,Rosa,Rosa,3.00,0.27,,8/24/25 2:35 PM,8/24/25 2:35 PM
345,24,CASH,Esperansa,Esperansa,0.00,1.94,,8/24/25 2:35 PM,8/24/25 2:35 PM
313,24,CREDIT,Esperansa,Esperansa,5.00,20.50,,8/24/25 2:39 PM,8/24/25 1:37 PM
347,,CREDIT,Giselle,Giselle,3.00,25.96,,8/24/25 2:39 PM,8/24/25 2:38 PM
346,24,CREDIT,Esperansa,Esperansa,2.00,19.40,,8/24/25 2:39 PM,8/24/25 2:36 PM
295,34,CREDIT,Rosa,Rosa,12.00,47.91,,8/24/25 2:40 PM,8/24/25 1:18 PM
348,,CASH,Silvia,Silvia,0.00,5.19,,8/24/25 2:42 PM,8/24/25 2:42 PM
318,2,CASH,Esperansa,Esperansa,0.00,27.52,,8/24/25 2:46 PM,8/24/25 1:45 PM
9002,20,CASH,Silvia,Silvia,0.00,34.42,,8/24/25 2:47 PM,8/24/25 1:47 PM
334,12,CREDIT,Silvia,,6.97,37.70,,8/24/25 2:49 PM,8/24/25 2:12 PM
328,10,CASH,Esperansa,Esperansa,0.00,84.45,,8/24/25 2:59 PM,8/24/25 2:02 PM
341,18,CREDIT,Isabel,Isabel,7.00,33.13,,8/24/25 2:59 PM,8/24/25 2:28 PM
343,19,CREDIT,Rosa,Rosa,0.00,138.94,,8/24/25 3:04 PM,8/24/25 2:34 PM
340,40,CREDIT,Esperansa,Esperansa,4.20,76.98,,8/24/25 3:09 PM,8/24/25 2:26 PM
336,7,CASH,Rosa,Rosa,0.00,35.63,,8/24/25 3:10 PM,8/24/25 2:12 PM
352,40,CASH,Esperansa,Esperansa,0.00,57.62,,8/24/25 3:10 PM,8/24/25 3:05 PM
,,CASH_COLLECTED,Sergio,Sergio,0.00,74.30*,House,8/24/25 3:11 PM,8/24/25 3:11 PM
,,TIP_OUT,Sergio,Sergio,-91.56,0.00,House,8/24/25 3:11 PM,8/24/25 3:11 PM
,,TIP_OUT,Giselle,Giselle,-111.70,0.00,House,8/24/25 3:15 PM,8/24/25 3:15 PM
4,,CASH,Rosie ,Rosie ,0.00,4.64,,8/24/25 3:15 PM,8/24/25 8:06 AM
,,CASH_COLLECTED,Rosie ,Rosie ,0.00,4.64*,House,8/24/25 3:17 PM,8/24/25 3:17 PM
321,17,CASH,Maria,Maria,0.00,26.76,,8/24/25 3:18 PM,8/24/25 1:54 PM
331,36,CASH,Rosa,Rosa,0.00,37.30,,8/24/25 3:21 PM,8/24/25 2:08 PM
,,CASH_COLLECTED,Esperansa,Esperansa,0.00,274.22*,House,8/24/25 3:21 PM,8/24/25 3:21 PM
,,TIP_OUT,Esperansa,Esperansa,-124.89,0.00,House,8/24/25 3:21 PM,8/24/25 3:21 PM
,,CASH_COLLECTED,Maria,Maria,0.00,70.25*,House,8/24/25 3:27 PM,8/24/25 3:27 PM
,,TIP_OUT,Maria,Maria,-93.75,0.00,House,8/24/25 3:27 PM,8/24/25 3:27 PM
,,CASH_COLLECTED,Rosa,Rosa,0.00,118.78*,House,8/24/25 3:36 PM,8/24/25 3:36 PM
,,TIP_OUT,Rosa,Rosa,-171.88,0.00,House,8/24/25 3:36 PM,8/24/25 3:36 PM
,,CASH_COLLECTED,Isabel,Isabel,0.00,259.63*,House,8/24/25 3:37 PM,8/24/25 3:37 PM
,,TIP_OUT,Isabel,Isabel,-83.96,0.00,House,8/24/25 3:37 PM,8/24/25 3:37 PM
,,CASH_COLLECTED,Silvia,Silvia,0.00,156.34*,House,8/24/25 3:38 PM,8/24/25 3:38 PM
,,TIP_OUT,Silvia,Silvia,-128.49,0.00,House,8/24/25 3:38 PM,8/24/25 3:38 PM
,,PAY_OUT,Mayra,,0.00,-20.00,House,8/24/25 3:43 PM,8/24/25 3:43 PM
,,PAY_OUT,Mayra,,0.00,-84.48,House,8/24/25 3:43 PM,8/24/25 3:43 PM
,,PAY_OUT,Mayra,,0.00,-11.48,House,8/24/25 3:44 PM,8/24/25 3:44 PM
,,CLOSE_OUT_EXACT,Mayra,,0.00,0.00,Drive Box,8/24/25 3:52 PM,8/24/25 3:52 PM
,,TOTAL,,,-184.05,8084.63,,,
