Location,Server,Check #,Table,Station,Expediter Level,Fired Date,Fulfilled Date,Fulfillment Time,Fulfilled By
Tink-a-Tako - Potranco,Giselle Cisneross,1,,Lobby,,8/24/25 7:57 AM,8/24/25 8:01 AM,3 minutes and 10 seconds,Mayra Luna
Tink-a-Tako - Potranco,Giselle Cisneross,1,,Prep,,8/24/25 7:57 AM,8/24/25 8:01 AM,3 minutes and 10 seconds,Mayra Luna
Tink-a-Tako - Potranco,Rosie  ORDONEZ,4,,,2,8/24/25 8:06 AM,8/24/25 8:06 AM,22 seconds,Mayra Luna
Tink-a-Tako - Potranco,Giselle Cisneross,3,,Lobby,,8/24/25 8:01 AM,8/24/25 8:07 AM,5 minutes and 34 seconds,Mayra Luna
Tink-a-Tako - Potranco,Giselle Cisneross,3,,Prep,,8/24/25 8:01 AM,8/24/25 8:07 AM,5 minutes and 34 seconds,Mayra Luna
Tink-a-Tako - Potranco,Esperansa Caviedes,2,33,Lobby,,8/24/25 7:59 AM,8/24/25 8:07 AM,8 minutes and 5 seconds,Mayra Luna
Tink-a-Tako - Potranco,Esperansa Caviedes,2,33,Tortillero,,8/24/25 7:59 AM,8/24/25 8:07 AM,8 minutes and 5 seconds,Mayra Luna
Tink-a-Tako - Potranco,Sergio Abundiz,8,11,Lobby,,8/24/25 8:09 AM,8/24/25 8:10 AM,1 minute and 11 seconds,Mayra Luna
Tink-a-Tako - Potranco,Giselle Cisneross,6,,Lobby,,8/24/25 8:08 AM,8/24/25 8:10 AM,2 minutes and 26 seconds,Mayra Luna
Tink-a-Tako - Potranco,Giselle Cisneross,5,,Lobby,,8/24/25 8:07 AM,8/24/25 8:11 AM,3 minutes and 48 seconds,Mayra Luna
Tink-a-Tako - Potranco,Giselle Cisneross,5,,Prep,,8/24/25 8:07 AM,8/24/25 8:11 AM,3 minutes and 48 seconds,Mayra Luna
Tink-a-Tako - Potranco,Sergio Abundiz,10,,Lobby,,8/24/25 8:10 AM,8/24/25 8:12 AM,2 minutes and 38 seconds,Mayra Luna
Tink-a-Tako - Potranco,Giselle Cisneross,5,,Lobby,,8/24/25 8:12 AM,8/24/25 8:13 AM,52 seconds,Mayra Luna
Tink-a-Tako - Potranco,Giselle Cisneross,9,,Lobby,,8/24/25 8:11 AM,8/24/25 8:14 AM,3 minutes and 3 seconds,Mayra Luna
Tink-a-Tako - Potranco,Esperansa Caviedes,7,35,Lobby,,8/24/25 8:10 AM,8/24/25 8:18 AM,8 minutes and 9 seconds,Mayra Luna
Tink-a-Tako - Potranco,Esperansa Caviedes,7,35,Prep,,8/24/25 8:10 AM,8/24/25 8:18 AM,8 minutes and 9 seconds,Mayra Luna
Tink-a-Tako - Potranco,Esperansa Caviedes,7,35,Tortillero,,8/24/25 8:10 AM,8/24/25 8:18 AM,8 minutes and 9 seconds,Mayra Luna
Tink-a-Tako - Potranco,Giselle Cisneross,12,,Lobby,,8/24/25 8:15 AM,8/24/25 8:19 AM,3 minutes and 55 seconds,Mayra Luna
Tink-a-Tako - Potranco,Giselle Cisneross,12,,Tortillero,,8/24/25 8:15 AM,8/24/25 8:19 AM,3 minutes and 55 seconds,Mayra Luna
Tink-a-Tako - Potranco,Giselle Cisneross,12,,Prep,,8/24/25 8:15 AM,8/24/25 8:19 AM,3 minutes and 55 seconds,Mayra Luna
Tink-a-Tako - Potranco,Giselle Cisneross,13,,Lobby,,8/24/25 8:17 AM,8/24/25 8:20 AM,3 minutes and 32 seconds,Mayra Luna
Tink-a-Tako - Potranco,Giselle Cisneross,13,,Prep,,8/24/25 8:17 AM,8/24/25 8:20 AM,3 minutes and 32 seconds,Mayra Luna
Tink-a-Tako - Potranco,Esperansa Caviedes,2,33,,2,8/24/25 8:07 AM,8/24/25 8:20 AM,13 minutes and 6 seconds,Mayra Luna
Tink-a-Tako - Potranco,Esperansa Caviedes,7,35,,2,8/24/25 8:18 AM,8/24/25 8:20 AM,1 minute and 50 seconds,Mayra Luna
Tink-a-Tako - Potranco,Sergio Abundiz,8,11,,2,8/24/25 8:10 AM,8/24/25 8:20 AM,10 minutes and 20 seconds,Mayra Luna
Tink-a-Tako - Potranco,Sergio Abundiz,10,,,2,8/24/25 8:12 AM,8/24/25 8:20 AM,8 minutes,Mayra Luna
Tink-a-Tako - Potranco,Mayra Luna,15,,Lobby,,8/24/25 8:20 AM,8/24/25 8:21 AM,42 seconds,Mayra Luna
Tink-a-Tako - Potranco,Giselle Cisneross,14,,Lobby,,8/24/25 8:18 AM,8/24/25 8:21 AM,3 minutes and 6 seconds,Mayra Luna
Tink-a-Tako - Potranco,Giselle Cisneross,14,,Prep,,8/24/25 8:18 AM,8/24/25 8:21 AM,3 minutes and 6 seconds,Mayra Luna
Tink-a-Tako - Potranco,Giselle Cisneross,16,,Lobby,,8/24/25 8:20 AM,8/24/25 8:22 AM,2 minutes and 15 seconds,Mayra Luna
Tink-a-Tako - Potranco,Giselle Cisneross,17,,Lobby,,8/24/25 8:24 AM,8/24/25 8:26 AM,1 minute and 37 seconds,Mayra Luna
Tink-a-Tako - Potranco,Esperansa Caviedes,7,35,Lobby,,8/24/25 8:20 AM,8/24/25 8:26 AM,5 minutes and 47 seconds,Mayra Luna
Tink-a-Tako - Potranco,Esperansa Caviedes,7,35,Prep,,8/24/25 8:20 AM,8/24/25 8:26 AM,5 minutes and 47 seconds,Mayra Luna
Tink-a-Tako - Potranco,Esperansa Caviedes,7,35,Tortillero,,8/24/25 8:20 AM,8/24/25 8:26 AM,5 minutes and 47 seconds,Mayra Luna
Tink-a-Tako - Potranco,Giselle Cisneross,20,,Lobby,,8/24/25 8:28 AM,8/24/25 8:29 AM,1 minute and 44 seconds,Mayra Luna
Tink-a-Tako - Potranco,Giselle Cisneross,21,,Lobby,,8/24/25 8:30 AM,8/24/25 8:31 AM,1 minute and 24 seconds,Mayra Luna
Tink-a-Tako - Potranco,Esperansa Caviedes,22,1,Lobby,,8/24/25 8:30 AM,8/24/25 8:35 AM,4 minutes and 17 seconds,Mayra Luna
Tink-a-Tako - Potranco,Giselle Cisneross,23,,Lobby,,8/24/25 8:32 AM,8/24/25 8:35 AM,2 minutes and 52 seconds,Mayra Luna
Tink-a-Tako - Potranco,Giselle Cisneross,24,,Lobby,,8/24/25 8:35 AM,8/24/25 8:37 AM,1 minute and 42 seconds,Mayra Luna
Tink-a-Tako - Potranco,Rosa Compean,25,24,Lobby,,8/24/25 8:40 AM,8/24/25 8:42 AM,2 minutes and 11 seconds,Mayra Luna
Tink-a-Tako - Potranco,Giselle Cisneross,26,,Lobby,,8/24/25 8:39 AM,8/24/25 8:43 AM,3 minutes and 59 seconds,Mayra Luna
Tink-a-Tako - Potranco,Rosa Compean,25,24,,2,8/24/25 8:42 AM,8/24/25 8:44 AM,1 minute and 52 seconds,Mayra Luna
Tink-a-Tako - Potranco,Rosa Compean,25,24,,2,8/24/25 8:43 AM,8/24/25 8:44 AM,58 seconds,Mayra Luna
Tink-a-Tako - Potranco,Giselle Cisneross,27,,Lobby,,8/24/25 8:43 AM,8/24/25 8:45 AM,1 minute and 26 seconds,Mayra Luna
Tink-a-Tako - Potranco,Esperansa Caviedes,22,1,,2,8/24/25 8:35 AM,8/24/25 8:45 AM,10 minutes and 48 seconds,Mayra Luna
Tink-a-Tako - Potranco,Esperansa Caviedes,7,35,,2,8/24/25 8:26 AM,8/24/25 8:45 AM,19 minutes and 26 seconds,Mayra Luna
Tink-a-Tako - Potranco,Mayra Luna,15,,,2,8/24/25 8:21 AM,8/24/25 8:45 AM,24 minutes and 53 seconds,Mayra Luna
Tink-a-Tako - Potranco,Isabel Cisneros,13001,22,Lobby,,8/24/25 8:42 AM,8/24/25 8:47 AM,4 minutes and 24 seconds,Mayra Luna
Tink-a-Tako - Potranco,Silvia Hernandez,28,20,Lobby,,8/24/25 8:44 AM,8/24/25 8:47 AM,3 minutes and 16 seconds,Mayra Luna
Tink-a-Tako - Potranco,Silvia Hernandez,28,20,Tortillero,,8/24/25 8:44 AM,8/24/25 8:47 AM,3 minutes and 16 seconds,Mayra Luna
Tink-a-Tako - Potranco,Giselle Cisneross,29,,Lobby,,8/24/25 8:44 AM,8/24/25 8:47 AM,2 minutes and 25 seconds,Mayra Luna
Tink-a-Tako - Potranco,Giselle Cisneross,29,,Prep,,8/24/25 8:44 AM,8/24/25 8:47 AM,2 minutes and 25 seconds,Mayra Luna
Tink-a-Tako - Potranco,Silvia Hernandez,28,20,,2,8/24/25 8:47 AM,8/24/25 8:48 AM,28 seconds,Mayra Luna
Tink-a-Tako - Potranco,Isabel Cisneros,13001,22,,2,8/24/25 8:47 AM,8/24/25 8:48 AM,43 seconds,Mayra Luna
Tink-a-Tako - Potranco,Giselle Cisneross,31,,Lobby,,8/24/25 8:48 AM,8/24/25 8:49 AM,1 minute and 46 seconds,Mayra Luna
Tink-a-Tako - Potranco,Giselle Cisneross,32,,Lobby,,8/24/25 8:49 AM,8/24/25 8:50 AM,1 minute and 13 seconds,Mayra Luna
Tink-a-Tako - Potranco,Giselle Cisneross,34,,Lobby,,8/24/25 8:54 AM,8/24/25 8:55 AM,1 minute and 15 seconds,Mayra Luna
Tink-a-Tako - Potranco,Giselle Cisneross,35,,Lobby,,8/24/25 8:56 AM,8/24/25 8:58 AM,2 minutes and 37 seconds,Mayra Luna
Tink-a-Tako - Potranco,Giselle Cisneross,36,,Lobby,,8/24/25 8:58 AM,8/24/25 9:00 AM,1 minute and 26 seconds,Mayra Luna
Tink-a-Tako - Potranco,Maria Majana,33,34,Lobby,,8/24/25 9:00 AM,8/24/25 9:06 AM,6 minutes and 26 seconds,Mayra Luna
Tink-a-Tako - Potranco,Sergio Abundiz,37,23,Lobby,,8/24/25 9:00 AM,8/24/25 9:07 AM,6 minutes and 16 seconds,Mayra Luna
Tink-a-Tako - Potranco,Giselle Cisneross,41,,Lobby,,8/24/25 9:07 AM,8/24/25 9:08 AM,1 minute and 6 seconds,Mayra Luna
Tink-a-Tako - Potranco,Daniela Torres,40,,Lobby,,8/24/25 9:04 AM,8/24/25 9:09 AM,5 minutes and 14 seconds,Mayra Luna
Tink-a-Tako - Potranco,Giselle Cisneross,43,,Lobby,,8/24/25 9:09 AM,8/24/25 9:09 AM,35 seconds,Mayra Luna
Tink-a-Tako - Potranco,Isabel Cisneros,42,7,Lobby,,8/24/25 9:06 AM,8/24/25 9:10 AM,3 minutes and 19 seconds,Mayra Luna
Tink-a-Tako - Potranco,Mayra Luna,15,,Lobby,,8/24/25 9:12 AM,8/24/25 9:13 AM,41 seconds,Mayra Luna
Tink-a-Tako - Potranco,Isabel Cisneros,42,7,,2,8/24/25 9:10 AM,8/24/25 9:14 AM,4 minutes and 19 seconds,Mayra Luna
Tink-a-Tako - Potranco,Maria Majana,33,34,,2,8/24/25 9:06 AM,8/24/25 9:14 AM,7 minutes and 34 seconds,Mayra Luna
Tink-a-Tako - Potranco,Mayra Luna,15,,,2,8/24/25 9:13 AM,8/24/25 9:14 AM,1 minute and 3 seconds,Mayra Luna
Tink-a-Tako - Potranco,Sergio Abundiz,37,23,,2,8/24/25 9:07 AM,8/24/25 9:14 AM,7 minutes and 32 seconds,Mayra Luna
Tink-a-Tako - Potranco,Daniela Torres,40,,,2,8/24/25 9:09 AM,8/24/25 9:14 AM,5 minutes and 23 seconds,Mayra Luna
Tink-a-Tako - Potranco,Giselle Cisneross,44,,Lobby,,8/24/25 9:15 AM,8/24/25 9:18 AM,3 minutes and 19 seconds,Mayra Luna
Tink-a-Tako - Potranco,Giselle Cisneross,44,,Prep,,8/24/25 9:15 AM,8/24/25 9:18 AM,3 minutes and 19 seconds,Mayra Luna
Tink-a-Tako - Potranco,Giselle Cisneross,47,,Lobby,,8/24/25 9:17 AM,8/24/25 9:20 AM,2 minutes and 6 seconds,Mayra Luna
Tink-a-Tako - Potranco,Maria Majana,45,38,Lobby,,8/24/25 9:14 AM,8/24/25 9:20 AM,5 minutes and 24 seconds,Mayra Luna
Tink-a-Tako - Potranco,Rosa Compean,46,1,Lobby,,8/24/25 9:15 AM,8/24/25 9:20 AM,4 minutes and 36 seconds,Mayra Luna
Tink-a-Tako - Potranco,Rosa Compean,46,1,Prep,,8/24/25 9:15 AM,8/24/25 9:20 AM,4 minutes and 36 seconds,Mayra Luna
Tink-a-Tako - Potranco,Esperansa Caviedes,48,17,Lobby,,8/24/25 9:15 AM,8/24/25 9:20 AM,4 minutes and 17 seconds,Mayra Luna
Tink-a-Tako - Potranco,Rosa Compean,46,1,Lobby,,8/24/25 9:19 AM,8/24/25 9:20 AM,1 minute and 9 seconds,Mayra Luna
Tink-a-Tako - Potranco,Mayra Luna,15,,Lobby,,8/24/25 9:16 AM,8/24/25 9:20 AM,3 minutes and 59 seconds,Mayra Luna
Tink-a-Tako - Potranco,Giselle Cisneross,47,,Lobby,,8/24/25 9:21 AM,8/24/25 9:22 AM,1 minute and 21 seconds,Mayra Luna
Tink-a-Tako - Potranco,Giselle Cisneross,47,,Prep,,8/24/25 9:21 AM,8/24/25 9:22 AM,1 minute and 21 seconds,Mayra Luna
Tink-a-Tako - Potranco,Giselle Cisneross,49,,Lobby,,8/24/25 9:23 AM,8/24/25 9:23 AM,32 seconds,Mayra Luna
Tink-a-Tako - Potranco,Sergio Abundiz,51,32,Lobby,,8/24/25 9:23 AM,8/24/25 9:25 AM,2 minutes and 2 seconds,Mayra Luna
Tink-a-Tako - Potranco,Sergio Abundiz,51,32,Prep,,8/24/25 9:23 AM,8/24/25 9:25 AM,2 minutes and 2 seconds,Mayra Luna
Tink-a-Tako - Potranco,Esperansa Caviedes,48,17,Lobby,,8/24/25 9:23 AM,8/24/25 9:29 AM,5 minutes and 48 seconds,Mayra Luna
Tink-a-Tako - Potranco,Daniela Torres,52,,Lobby,,8/24/25 9:25 AM,8/24/25 9:31 AM,5 minutes and 48 seconds,Mayra Luna
Tink-a-Tako - Potranco,Giselle Cisneross,55,,Lobby,,8/24/25 9:28 AM,8/24/25 9:32 AM,3 minutes and 19 seconds,Mayra Luna
Tink-a-Tako - Potranco,Giselle Cisneross,55,,Prep,,8/24/25 9:28 AM,8/24/25 9:32 AM,3 minutes and 19 seconds,Mayra Luna
Tink-a-Tako - Potranco,Giselle Cisneross,57,,Lobby,,8/24/25 9:29 AM,8/24/25 9:33 AM,3 minutes and 22 seconds,Mayra Luna
Tink-a-Tako - Potranco,Isabel Cisneros,58,4,Lobby,,8/24/25 9:29 AM,8/24/25 9:33 AM,3 minutes and 24 seconds,Mayra Luna
Tink-a-Tako - Potranco,Silvia Hernandez,56,33,Lobby,,8/24/25 9:28 AM,8/24/25 9:33 AM,4 minutes and 12 seconds,Mayra Luna
Tink-a-Tako - Potranco,Silvia Hernandez,53,25,Lobby,,8/24/25 9:26 AM,8/24/25 9:34 AM,7 minutes and 16 seconds,Mayra Luna
Tink-a-Tako - Potranco,Giselle Cisneross,59,,Lobby,,8/24/25 9:31 AM,8/24/25 9:34 AM,3 minutes and 20 seconds,Mayra Luna
Tink-a-Tako - Potranco,Giselle Cisneross,59,,Prep,,8/24/25 9:31 AM,8/24/25 9:34 AM,3 minutes and 20 seconds,Mayra Luna
Tink-a-Tako - Potranco,Giselle Cisneross,60,,Lobby,,8/24/25 9:33 AM,8/24/25 9:35 AM,2 minutes and 28 seconds,Mayra Luna
Tink-a-Tako - Potranco,Silvia Hernandez,53,25,,2,8/24/25 9:36 AM,8/24/25 9:36 AM,4 seconds,Mayra Luna
Tink-a-Tako - Potranco,Isabel Cisneros,58,4,,2,8/24/25 9:33 AM,8/24/25 9:36 AM,3 minutes and 3 seconds,Mayra Luna
Tink-a-Tako - Potranco,Silvia Hernandez,56,33,,2,8/24/25 9:33 AM,8/24/25 9:36 AM,3 minutes and 3 seconds,Mayra Luna
Tink-a-Tako - Potranco,Rosa Compean,46,1,,2,8/24/25 9:20 AM,8/24/25 9:36 AM,15 minutes and 58 seconds,Mayra Luna
Tink-a-Tako - Potranco,Mayra Luna,15,,,2,8/24/25 9:20 AM,8/24/25 9:36 AM,15 minutes and 56 seconds,Mayra Luna
Tink-a-Tako - Potranco,Esperansa Caviedes,48,17,,2,8/24/25 9:29 AM,8/24/25 9:36 AM,6 minutes and 58 seconds,Mayra Luna
Tink-a-Tako - Potranco,Silvia Hernandez,53,25,,2,8/24/25 9:34 AM,8/24/25 9:36 AM,2 minutes and 2 seconds,Mayra Luna
Tink-a-Tako - Potranco,Daniela Torres,52,,,2,8/24/25 9:31 AM,8/24/25 9:36 AM,4 minutes and 51 seconds,Mayra Luna
Tink-a-Tako - Potranco,Rosa Compean,46,1,,2,8/24/25 9:20 AM,8/24/25 9:36 AM,15 minutes and 55 seconds,Mayra Luna
Tink-a-Tako - Potranco,Giselle Cisneross,61,,Lobby,,8/24/25 9:35 AM,8/24/25 9:36 AM,1 minute and 32 seconds,Mayra Luna
Tink-a-Tako - Potranco,Maria Majana,45,38,,2,8/24/25 9:20 AM,8/24/25 9:36 AM,16 minutes and 1 second,Mayra Luna
Tink-a-Tako - Potranco,Sergio Abundiz,51,32,,2,8/24/25 9:25 AM,8/24/25 9:36 AM,10 minutes and 56 seconds,Mayra Luna
Tink-a-Tako - Potranco,Esperansa Caviedes,48,17,,2,8/24/25 9:20 AM,8/24/25 9:36 AM,15 minutes and 59 seconds,Mayra Luna
Tink-a-Tako - Potranco,Giselle Cisneross,63,,Lobby,,8/24/25 9:36 AM,8/24/25 9:38 AM,1 minute and 34 seconds,Mayra Luna
Tink-a-Tako - Potranco,Giselle Cisneross,63,,Prep,,8/24/25 9:36 AM,8/24/25 9:38 AM,1 minute and 34 seconds,Mayra Luna
Tink-a-Tako - Potranco,Giselle Cisneross,64,,Lobby,,8/24/25 9:37 AM,8/24/25 9:39 AM,1 minute and 36 seconds,Mayra Luna
Tink-a-Tako - Potranco,Giselle Cisneross,67,,Lobby,,8/24/25 9:39 AM,8/24/25 9:41 AM,2 minutes and 26 seconds,Mayra Luna
Tink-a-Tako - Potranco,Isabel Cisneros,58,4,Lobby,,8/24/25 9:37 AM,8/24/25 9:41 AM,4 minutes and 7 seconds,Mayra Luna
Tink-a-Tako - Potranco,Isabel Cisneros,65,18,Lobby,,8/24/25 9:38 AM,8/24/25 9:41 AM,3 minutes and 39 seconds,Mayra Luna
Tink-a-Tako - Potranco,Silvia Hernandez,68,,Lobby,,8/24/25 9:41 AM,8/24/25 9:42 AM,31 seconds,Mayra Luna
Tink-a-Tako - Potranco,Giselle Cisneross,67,,,2,8/24/25 9:41 AM,8/24/25 9:42 AM,1 minute and 17 seconds,Mayra Luna
Tink-a-Tako - Potranco,Isabel Cisneros,58,4,,2,8/24/25 9:41 AM,8/24/25 9:42 AM,1 minute and 4 seconds,Mayra Luna
Tink-a-Tako - Potranco,Silvia Hernandez,68,,,2,8/24/25 9:41 AM,8/24/25 9:42 AM,1 minute and 3 seconds,Mayra Luna
Tink-a-Tako - Potranco,Isabel Cisneros,65,18,,2,8/24/25 9:41 AM,8/24/25 9:42 AM,1 minute and 4 seconds,Mayra Luna
Tink-a-Tako - Potranco,Esperansa Caviedes,70,24,,2,8/24/25 9:42 AM,8/24/25 9:44 AM,2 minutes and 46 seconds,Mayra Luna
Tink-a-Tako - Potranco,Giselle Cisneross,72,,Lobby,,8/24/25 9:43 AM,8/24/25 9:45 AM,1 minute and 55 seconds,Mayra Luna
Tink-a-Tako - Potranco,Giselle Cisneross,69,,Lobby,,8/24/25 9:41 AM,8/24/25 9:45 AM,3 minutes and 6 seconds,Mayra Luna
Tink-a-Tako - Potranco,Giselle Cisneross,73,,Lobby,,8/24/25 9:44 AM,8/24/25 9:48 AM,4 minutes and 12 seconds,Mayra Luna
Tink-a-Tako - Potranco,Esperansa Caviedes,48,17,Lobby,,8/24/25 9:47 AM,8/24/25 9:48 AM,1 minute and 10 seconds,Mayra Luna
Tink-a-Tako - Potranco,Rosa Compean,71,41,Lobby,,8/24/25 9:44 AM,8/24/25 9:48 AM,4 minutes and 15 seconds,Mayra Luna
Tink-a-Tako - Potranco,Rosa Compean,71,41,Prep,,8/24/25 9:44 AM,8/24/25 9:48 AM,4 minutes and 15 seconds,Mayra Luna
Tink-a-Tako - Potranco,Rosa Compean,71,41,Tortillero,,8/24/25 9:44 AM,8/24/25 9:48 AM,4 minutes and 15 seconds,Mayra Luna
Tink-a-Tako - Potranco,Giselle Cisneross,76,,Lobby,,8/24/25 9:47 AM,8/24/25 9:49 AM,2 minutes and 34 seconds,Mayra Luna
Tink-a-Tako - Potranco,Giselle Cisneross,77,,Lobby,,8/24/25 9:50 AM,8/24/25 9:50 AM,39 seconds,Mayra Luna
Tink-a-Tako - Potranco,Giselle Cisneross,79,,Lobby,,8/24/25 9:50 AM,8/24/25 9:51 AM,45 seconds,Mayra Luna
Tink-a-Tako - Potranco,Isabel Cisneros,78,7,Lobby,,8/24/25 9:50 AM,8/24/25 9:53 AM,2 minutes and 30 seconds,Mayra Luna
Tink-a-Tako - Potranco,Isabel Cisneros,78,7,Prep,,8/24/25 9:50 AM,8/24/25 9:53 AM,2 minutes and 30 seconds,Mayra Luna
Tink-a-Tako - Potranco,Silvia Hernandez,80,23,Lobby,,8/24/25 9:53 AM,8/24/25 9:54 AM,1 minute and 4 seconds,Mayra Luna
Tink-a-Tako - Potranco,Silvia Hernandez,80,23,Prep,,8/24/25 9:53 AM,8/24/25 9:54 AM,1 minute and 4 seconds,Mayra Luna
Tink-a-Tako - Potranco,Giselle Cisneross,88,,Lobby,,8/24/25 9:54 AM,8/24/25 9:54 AM,14 seconds,Mayra Luna
Tink-a-Tako - Potranco,Maria Majana,82,,Lobby,,8/24/25 9:53 AM,8/24/25 9:55 AM,1 minute and 35 seconds,Mayra Luna
Tink-a-Tako - Potranco,Daniela Torres,90,,Lobby,,8/24/25 9:55 AM,8/24/25 9:56 AM,1 minute and 7 seconds,Mayra Luna
Tink-a-Tako - Potranco,Giselle Cisneross,85,,Lobby,,8/24/25 9:53 AM,8/24/25 9:56 AM,2 minutes and 26 seconds,Mayra Luna
Tink-a-Tako - Potranco,Giselle Cisneross,85,,Prep,,8/24/25 9:53 AM,8/24/25 9:56 AM,2 minutes and 26 seconds,Mayra Luna
Tink-a-Tako - Potranco,Giselle Cisneross,89,,Lobby,,8/24/25 9:55 AM,8/24/25 9:57 AM,1 minute and 55 seconds,Mayra Luna
Tink-a-Tako - Potranco,Rosa Compean,46,1,Lobby,,8/24/25 9:55 AM,8/24/25 9:57 AM,1 minute and 46 seconds,Mayra Luna
Tink-a-Tako - Potranco,Rosa Compean,46,1,Prep,,8/24/25 9:55 AM,8/24/25 9:57 AM,1 minute and 46 seconds,Mayra Luna
Tink-a-Tako - Potranco,Sergio Abundiz,83,22,Lobby,,8/24/25 9:54 AM,8/24/25 9:57 AM,3 minutes,Mayra Luna
Tink-a-Tako - Potranco,Giselle Cisneross,91,,Lobby,,8/24/25 9:55 AM,8/24/25 9:57 AM,2 minutes and 12 seconds,Mayra Luna
Tink-a-Tako - Potranco,Rosa Compean,84,39,Lobby,,8/24/25 9:53 AM,8/24/25 9:57 AM,4 minutes and 4 seconds,Mayra Luna
Tink-a-Tako - Potranco,Rosa Compean,84,39,Prep,,8/24/25 9:53 AM,8/24/25 9:57 AM,4 minutes and 4 seconds,Mayra Luna
Tink-a-Tako - Potranco,Giselle Cisneross,93,,Lobby,,8/24/25 9:56 AM,8/24/25 9:59 AM,3 minutes and 26 seconds,Mayra Luna
Tink-a-Tako - Potranco,Giselle Cisneross,93,,Prep,,8/24/25 9:56 AM,8/24/25 9:59 AM,3 minutes and 26 seconds,Mayra Luna
Tink-a-Tako - Potranco,Giselle Cisneross,94,,Lobby,,8/24/25 9:56 AM,8/24/25 10:01 AM,4 minutes and 20 seconds,Mayra Luna
Tink-a-Tako - Potranco,Esperansa Caviedes,86,15,Lobby,,8/24/25 9:54 AM,8/24/25 10:02 AM,7 minutes and 25 seconds,Mayra Luna
Tink-a-Tako - Potranco,Esperansa Caviedes,86,15,Prep,,8/24/25 9:54 AM,8/24/25 10:02 AM,7 minutes and 25 seconds,Mayra Luna
Tink-a-Tako - Potranco,Esperansa Caviedes,86,15,Tortillero,,8/24/25 9:54 AM,8/24/25 10:02 AM,7 minutes and 25 seconds,Mayra Luna
Tink-a-Tako - Potranco,Rosa Compean,95,33,Lobby,,8/24/25 9:59 AM,8/24/25 10:02 AM,2 minutes and 57 seconds,Mayra Luna
Tink-a-Tako - Potranco,Maria Majana,87,11,Lobby,,8/24/25 9:57 AM,8/24/25 10:02 AM,4 minutes and 32 seconds,Mayra Luna
Tink-a-Tako - Potranco,Maria Majana,87,11,Prep,,8/24/25 9:57 AM,8/24/25 10:02 AM,4 minutes and 32 seconds,Mayra Luna
Tink-a-Tako - Potranco,Giselle Cisneross,96,,Lobby,,8/24/25 10:02 AM,8/24/25 10:02 AM,40 seconds,Mayra Luna
Tink-a-Tako - Potranco,Silvia Hernandez,97,37,Lobby,,8/24/25 10:03 AM,8/24/25 10:06 AM,3 minutes and 34 seconds,Mayra Luna
Tink-a-Tako - Potranco,Giselle Cisneross,99,,Lobby,,8/24/25 10:04 AM,8/24/25 10:07 AM,2 minutes and 30 seconds,Mayra Luna
Tink-a-Tako - Potranco,Maria Majana,87,11,,2,8/24/25 10:02 AM,8/24/25 10:08 AM,5 minutes and 48 seconds,Mayra Luna
Tink-a-Tako - Potranco,Silvia Hernandez,100,38,Lobby,,8/24/25 10:07 AM,8/24/25 10:08 AM,38 seconds,Mayra Luna
Tink-a-Tako - Potranco,Giselle Cisneross,102,,Lobby,,8/24/25 10:06 AM,8/24/25 10:08 AM,1 minute and 56 seconds,Mayra Luna
Tink-a-Tako - Potranco,Maria Majana,101,10,Lobby,,8/24/25 10:05 AM,8/24/25 10:09 AM,3 minutes and 47 seconds,Mayra Luna
Tink-a-Tako - Potranco,Maria Majana,101,10,Tortillero,,8/24/25 10:05 AM,8/24/25 10:09 AM,3 minutes and 47 seconds,Mayra Luna
Tink-a-Tako - Potranco,Maria Majana,101,10,Prep,,8/24/25 10:05 AM,8/24/25 10:09 AM,3 minutes and 47 seconds,Mayra Luna
Tink-a-Tako - Potranco,Silvia Hernandez,97,37,Lobby,,8/24/25 10:08 AM,8/24/25 10:10 AM,1 minute and 52 seconds,Mayra Luna
Tink-a-Tako - Potranco,Daniela Torres,104,,Lobby,,8/24/25 10:08 AM,8/24/25 10:10 AM,1 minute and 44 seconds,Mayra Luna
Tink-a-Tako - Potranco,Daniela Torres,104,,Prep,,8/24/25 10:08 AM,8/24/25 10:10 AM,1 minute and 44 seconds,Mayra Luna
Tink-a-Tako - Potranco,Giselle Cisneross,66,,Lobby,,8/24/25 10:10 AM,8/24/25 10:11 AM,1 minute and 25 seconds,Mayra Luna
Tink-a-Tako - Potranco,Esperansa Caviedes,86,15,,2,8/24/25 10:02 AM,8/24/25 10:11 AM,9 minutes and 44 seconds,Mayra Luna
Tink-a-Tako - Potranco,Sergio Abundiz,83,22,,2,8/24/25 9:57 AM,8/24/25 10:11 AM,14 minutes and 2 seconds,Mayra Luna
Tink-a-Tako - Potranco,Giselle Cisneross,88,,,2,8/24/25 9:54 AM,8/24/25 10:11 AM,17 minutes and 5 seconds,Mayra Luna
Tink-a-Tako - Potranco,Silvia Hernandez,80,23,,2,8/24/25 9:54 AM,8/24/25 10:11 AM,17 minutes and 6 seconds,Mayra Luna
Tink-a-Tako - Potranco,Rosa Compean,46,1,,2,8/24/25 9:57 AM,8/24/25 10:11 AM,14 minutes and 17 seconds,Mayra Luna
Tink-a-Tako - Potranco,Rosa Compean,84,39,,2,8/24/25 9:57 AM,8/24/25 10:11 AM,14 minutes and 10 seconds,Mayra Luna
Tink-a-Tako - Potranco,Maria Majana,82,,,2,8/24/25 9:55 AM,8/24/25 10:12 AM,16 minutes and 41 seconds,Mayra Luna
Tink-a-Tako - Potranco,Daniela Torres,90,,,2,8/24/25 9:56 AM,8/24/25 10:12 AM,15 minutes and 51 seconds,Mayra Luna
Tink-a-Tako - Potranco,Isabel Cisneros,78,7,,2,8/24/25 9:53 AM,8/24/25 10:12 AM,18 minutes and 59 seconds,Mayra Luna
Tink-a-Tako - Potranco,Rosa Compean,95,33,,2,8/24/25 10:02 AM,8/24/25 10:12 AM,9 minutes and 48 seconds,Mayra Luna
Tink-a-Tako - Potranco,Maria Majana,101,10,,2,8/24/25 10:09 AM,8/24/25 10:12 AM,2 minutes and 27 seconds,Mayra Luna
Tink-a-Tako - Potranco,Isabel Cisneros,98,19,,2,8/24/25 10:02 AM,8/24/25 10:12 AM,9 minutes and 31 seconds,Mayra Luna
Tink-a-Tako - Potranco,Rosa Compean,71,41,,2,8/24/25 9:48 AM,8/24/25 10:12 AM,23 minutes and 31 seconds,Mayra Luna
Tink-a-Tako - Potranco,Giselle Cisneross,96,,Lobby,,8/24/25 10:10 AM,8/24/25 10:12 AM,2 minutes and 21 seconds,Mayra Luna
Tink-a-Tako - Potranco,Esperansa Caviedes,48,17,,2,8/24/25 9:48 AM,8/24/25 10:12 AM,23 minutes and 41 seconds,Mayra Luna
Tink-a-Tako - Potranco,Daniela Torres,104,,,2,8/24/25 10:10 AM,8/24/25 10:12 AM,1 minute and 56 seconds,Mayra Luna
Tink-a-Tako - Potranco,Silvia Hernandez,100,38,,2,8/24/25 10:08 AM,8/24/25 10:12 AM,3 minutes and 30 seconds,Mayra Luna
Tink-a-Tako - Potranco,Silvia Hernandez,97,37,,2,8/24/25 10:06 AM,8/24/25 10:12 AM,5 minutes and 21 seconds,Mayra Luna
Tink-a-Tako - Potranco,Silvia Hernandez,97,37,,2,8/24/25 10:10 AM,8/24/25 10:12 AM,2 minutes and 2 seconds,Mayra Luna
Tink-a-Tako - Potranco,Giselle Cisneross,107,,Lobby,,8/24/25 10:10 AM,8/24/25 10:13 AM,2 minutes and 32 seconds,Mayra Luna
Tink-a-Tako - Potranco,Giselle Cisneross,109,,Lobby,,8/24/25 10:10 AM,8/24/25 10:13 AM,2 minutes and 39 seconds,Mayra Luna
Tink-a-Tako - Potranco,Sergio Abundiz,103,31,Lobby,,8/24/25 10:10 AM,8/24/25 10:13 AM,3 minutes and 49 seconds,Mayra Luna
Tink-a-Tako - Potranco,Sergio Abundiz,103,31,Prep,,8/24/25 10:10 AM,8/24/25 10:13 AM,3 minutes and 49 seconds,Mayra Luna
Tink-a-Tako - Potranco,Esperansa Caviedes,75,17,Lobby,,8/24/25 10:09 AM,8/24/25 10:14 AM,5 minutes and 1 second,Mayra Luna
Tink-a-Tako - Potranco,Esperansa Caviedes,75,17,Prep,,8/24/25 10:09 AM,8/24/25 10:14 AM,5 minutes and 1 second,Mayra Luna
Tink-a-Tako - Potranco,Isabel Cisneros,98,19,Lobby,,8/24/25 10:10 AM,8/24/25 10:14 AM,4 minutes and 15 seconds,Mayra Luna
Tink-a-Tako - Potranco,Giselle Cisneross,110,,Lobby,,8/24/25 10:11 AM,8/24/25 10:15 AM,3 minutes and 48 seconds,Mayra Luna
Tink-a-Tako - Potranco,Giselle Cisneross,112,,Lobby,,8/24/25 10:13 AM,8/24/25 10:16 AM,3 minutes and 2 seconds,Mayra Luna
Tink-a-Tako - Potranco,Giselle Cisneross,112,,Prep,,8/24/25 10:13 AM,8/24/25 10:16 AM,3 minutes and 2 seconds,Mayra Luna
Tink-a-Tako - Potranco,Giselle Cisneross,113,,Lobby,,8/24/25 10:13 AM,8/24/25 10:16 AM,3 minutes and 16 seconds,Mayra Luna
Tink-a-Tako - Potranco,Giselle Cisneross,114,,Lobby,,8/24/25 10:13 AM,8/24/25 10:17 AM,3 minutes and 27 seconds,Mayra Luna
Tink-a-Tako - Potranco,Silvia Hernandez,111,20,Lobby,,8/24/25 10:15 AM,8/24/25 10:18 AM,2 minutes and 59 seconds,Mayra Luna
Tink-a-Tako - Potranco,Silvia Hernandez,111,20,Prep,,8/24/25 10:15 AM,8/24/25 10:18 AM,2 minutes and 59 seconds,Mayra Luna
Tink-a-Tako - Potranco,Silvia Hernandez,111,20,Tortillero,,8/24/25 10:15 AM,8/24/25 10:18 AM,2 minutes and 59 seconds,Mayra Luna
Tink-a-Tako - Potranco,Giselle Cisneross,61,,Lobby,,8/24/25 9:35 AM,8/24/25 10:19 AM,44 minutes and 13 seconds,Mayra Luna
Tink-a-Tako - Potranco,Daniela Torres,115,,Lobby,,8/24/25 10:14 AM,8/24/25 10:19 AM,5 minutes and 4 seconds,Mayra Luna
Tink-a-Tako - Potranco,Sergio Abundiz,103,31,Lobby,,8/24/25 10:20 AM,8/24/25 10:21 AM,1 minute and 7 seconds,Mayra Luna
Tink-a-Tako - Potranco,Sergio Abundiz,103,31,Prep,,8/24/25 10:20 AM,8/24/25 10:21 AM,1 minute and 7 seconds,Mayra Luna
Tink-a-Tako - Potranco,Sergio Abundiz,103,31,,2,8/24/25 10:13 AM,8/24/25 10:21 AM,7 minutes and 45 seconds,Mayra Luna
Tink-a-Tako - Potranco,Daniela Torres,115,,,2,8/24/25 10:19 AM,8/24/25 10:21 AM,2 minutes and 28 seconds,Mayra Luna
Tink-a-Tako - Potranco,Esperansa Caviedes,75,17,,2,8/24/25 10:14 AM,8/24/25 10:21 AM,7 minutes and 21 seconds,Mayra Luna
Tink-a-Tako - Potranco,Silvia Hernandez,111,20,,2,8/24/25 10:18 AM,8/24/25 10:21 AM,3 minutes and 9 seconds,Mayra Luna
Tink-a-Tako - Potranco,Isabel Cisneros,98,19,,2,8/24/25 10:14 AM,8/24/25 10:21 AM,7 minutes and 18 seconds,Mayra Luna
Tink-a-Tako - Potranco,Esperansa Caviedes,118,12,Lobby,,8/24/25 10:17 AM,8/24/25 10:21 AM,4 minutes and 16 seconds,Mayra Luna
Tink-a-Tako - Potranco,Isabel Cisneros,119,24,Lobby,,8/24/25 10:19 AM,8/24/25 10:21 AM,2 minutes and 57 seconds,Mayra Luna
Tink-a-Tako - Potranco,Silvia Hernandez,116,35,Lobby,,8/24/25 10:17 AM,8/24/25 10:21 AM,4 minutes and 14 seconds,Mayra Luna
Tink-a-Tako - Potranco,Isabel Cisneros,121,,Lobby,,8/24/25 10:23 AM,8/24/25 10:25 AM,1 minute and 11 seconds,Mayra Luna
Tink-a-Tako - Potranco,Isabel Cisneros,121,,Prep,,8/24/25 10:23 AM,8/24/25 10:25 AM,1 minute and 11 seconds,Mayra Luna
Tink-a-Tako - Potranco,Sergio Abundiz,122,25,Lobby,,8/24/25 10:25 AM,8/24/25 10:27 AM,1 minute and 52 seconds,Mayra Luna
Tink-a-Tako - Potranco,Sergio Abundiz,122,25,Prep,,8/24/25 10:25 AM,8/24/25 10:27 AM,1 minute and 52 seconds,Mayra Luna
Tink-a-Tako - Potranco,Sergio Abundiz,122,25,Tortillero,,8/24/25 10:25 AM,8/24/25 10:27 AM,1 minute and 52 seconds,Mayra Luna
Tink-a-Tako - Potranco,Giselle Cisneross,123,,Lobby,,8/24/25 10:26 AM,8/24/25 10:27 AM,1 minute and 2 seconds,Mayra Luna
Tink-a-Tako - Potranco,Sergio Abundiz,103,31,Lobby,,8/24/25 10:26 AM,8/24/25 10:28 AM,2 minutes and 5 seconds,Mayra Luna
Tink-a-Tako - Potranco,Maria Majana,120,32,Lobby,,8/24/25 10:27 AM,8/24/25 10:30 AM,2 minutes and 23 seconds,Mayra Luna
Tink-a-Tako - Potranco,Giselle Cisneross,125,,Lobby,,8/24/25 10:28 AM,8/24/25 10:30 AM,2 minutes and 8 seconds,Mayra Luna
Tink-a-Tako - Potranco,Maria Majana,62,9,Lobby,,8/24/25 10:29 AM,8/24/25 10:31 AM,2 minutes and 8 seconds,Mayra Luna
Tink-a-Tako - Potranco,Giselle Cisneross,124,,Lobby,,8/24/25 10:27 AM,8/24/25 10:31 AM,3 minutes and 51 seconds,Mayra Luna
Tink-a-Tako - Potranco,Giselle Cisneross,126,,Lobby,,8/24/25 10:29 AM,8/24/25 10:32 AM,3 minutes and 11 seconds,Mayra Luna
Tink-a-Tako - Potranco,Isabel Cisneros,121,,Lobby,,8/24/25 10:29 AM,8/24/25 10:32 AM,2 minutes and 54 seconds,Mayra Luna
Tink-a-Tako - Potranco,Esperansa Caviedes,127,7,Lobby,,8/24/25 10:29 AM,8/24/25 10:32 AM,3 minutes and 11 seconds,Mayra Luna
Tink-a-Tako - Potranco,Esperansa Caviedes,127,7,Prep,,8/24/25 10:29 AM,8/24/25 10:32 AM,3 minutes and 11 seconds,Mayra Luna
Tink-a-Tako - Potranco,Giselle Cisneross,130,,Lobby,,8/24/25 10:29 AM,8/24/25 10:33 AM,3 minutes and 48 seconds,Mayra Luna
Tink-a-Tako - Potranco,Giselle Cisneross,131,,Lobby,,8/24/25 10:30 AM,8/24/25 10:36 AM,5 minutes and 34 seconds,Mayra Luna
Tink-a-Tako - Potranco,Rosa Compean,128,3,Lobby,,8/24/25 10:30 AM,8/24/25 10:36 AM,6 minutes and 12 seconds,Mayra Luna
Tink-a-Tako - Potranco,Rosa Compean,128,3,Prep,,8/24/25 10:30 AM,8/24/25 10:36 AM,6 minutes and 12 seconds,Mayra Luna
Tink-a-Tako - Potranco,Rosa Compean,128,3,Tortillero,,8/24/25 10:30 AM,8/24/25 10:36 AM,6 minutes and 12 seconds,Mayra Luna
Tink-a-Tako - Potranco,Daniela Torres,129,,Lobby,,8/24/25 10:29 AM,8/24/25 10:37 AM,7 minutes and 22 seconds,Mayra Luna
Tink-a-Tako - Potranco,Silvia Hernandez,111,20,Lobby,,8/24/25 10:30 AM,8/24/25 10:37 AM,7 minutes and 33 seconds,Mayra Luna
Tink-a-Tako - Potranco,Silvia Hernandez,111,20,Tortillero,,8/24/25 10:30 AM,8/24/25 10:37 AM,7 minutes and 33 seconds,Mayra Luna
Tink-a-Tako - Potranco,Giselle Cisneross,134,,Lobby,,8/24/25 10:31 AM,8/24/25 10:39 AM,7 minutes and 24 seconds,Mayra Luna
Tink-a-Tako - Potranco,Giselle Cisneross,132,,Lobby,,8/24/25 10:31 AM,8/24/25 10:39 AM,8 minutes and 11 seconds,Mayra Luna
Tink-a-Tako - Potranco,Giselle Cisneross,135,,Lobby,,8/24/25 10:32 AM,8/24/25 10:40 AM,8 minutes and 25 seconds,Mayra Luna
Tink-a-Tako - Potranco,Silvia Hernandez,133,2,Lobby,,8/24/25 10:32 AM,8/24/25 10:40 AM,8 minutes and 10 seconds,Mayra Luna
Tink-a-Tako - Potranco,Sergio Abundiz,141,33,Lobby,,8/24/25 10:34 AM,8/24/25 10:41 AM,7 minutes and 20 seconds,Mayra Luna
Tink-a-Tako - Potranco,Sergio Abundiz,141,33,Prep,,8/24/25 10:34 AM,8/24/25 10:41 AM,7 minutes and 20 seconds,Mayra Luna
Tink-a-Tako - Potranco,Giselle Cisneross,136,,Lobby,,8/24/25 10:32 AM,8/24/25 10:41 AM,8 minutes and 59 seconds,Mayra Luna
Tink-a-Tako - Potranco,Giselle Cisneross,136,,Prep,,8/24/25 10:32 AM,8/24/25 10:41 AM,8 minutes and 59 seconds,Mayra Luna
Tink-a-Tako - Potranco,Rosa Compean,128,3,,2,8/24/25 10:36 AM,8/24/25 10:42 AM,5 minutes and 51 seconds,Mayra Luna
Tink-a-Tako - Potranco,Giselle Cisneross,138,,Lobby,,8/24/25 10:33 AM,8/24/25 10:43 AM,10 minutes and 35 seconds,Mayra Luna
Tink-a-Tako - Potranco,Giselle Cisneross,138,,Prep,,8/24/25 10:33 AM,8/24/25 10:43 AM,10 minutes and 35 seconds,Mayra Luna
Tink-a-Tako - Potranco,Rosa Compean,144,1,Lobby,,8/24/25 10:35 AM,8/24/25 10:44 AM,8 minutes and 58 seconds,Mayra Luna
Tink-a-Tako - Potranco,Giselle Cisneross,139,,Lobby,,8/24/25 10:33 AM,8/24/25 10:44 AM,11 minutes and 2 seconds,Mayra Luna
Tink-a-Tako - Potranco,Giselle Cisneross,139,,Prep,,8/24/25 10:33 AM,8/24/25 10:44 AM,11 minutes and 2 seconds,Mayra Luna
Tink-a-Tako - Potranco,Giselle Cisneross,140,,Lobby,,8/24/25 10:34 AM,8/24/25 10:46 AM,11 minutes and 57 seconds,Mayra Luna
Tink-a-Tako - Potranco,Giselle Cisneross,140,,Prep,,8/24/25 10:34 AM,8/24/25 10:46 AM,11 minutes and 57 seconds,Mayra Luna
Tink-a-Tako - Potranco,Maria Majana,137,11,Lobby,,8/24/25 10:38 AM,8/24/25 10:46 AM,8 minutes and 27 seconds,Mayra Luna
Tink-a-Tako - Potranco,Maria Majana,137,11,Lobby,,8/24/25 10:38 AM,8/24/25 10:46 AM,7 minutes and 45 seconds,Mayra Luna
Tink-a-Tako - Potranco,Isabel Cisneros,145,23,Lobby,,8/24/25 10:37 AM,8/24/25 10:46 AM,9 minutes and 21 seconds,Mayra Luna
Tink-a-Tako - Potranco,Giselle Cisneross,142,,Lobby,,8/24/25 10:34 AM,8/24/25 10:47 AM,12 minutes and 33 seconds,Mayra Luna
Tink-a-Tako - Potranco,Giselle Cisneross,142,,Prep,,8/24/25 10:34 AM,8/24/25 10:47 AM,12 minutes and 33 seconds,Mayra Luna
Tink-a-Tako - Potranco,Giselle Cisneross,147,,Tortillero,,8/24/25 10:40 AM,8/24/25 10:47 AM,7 minutes and 4 seconds,Mayra Luna
Tink-a-Tako - Potranco,Giselle Cisneross,147,,Lobby,,8/24/25 10:40 AM,8/24/25 10:47 AM,7 minutes and 4 seconds,Mayra Luna
Tink-a-Tako - Potranco,Giselle Cisneross,147,,Prep,,8/24/25 10:40 AM,8/24/25 10:47 AM,7 minutes and 4 seconds,Mayra Luna
Tink-a-Tako - Potranco,Maria Majana,148,12,Lobby,,8/24/25 10:47 AM,8/24/25 10:48 AM,44 seconds,Mayra Luna
Tink-a-Tako - Potranco,Sergio Abundiz,83,22,Lobby,,8/24/25 10:30 AM,8/24/25 10:48 AM,17 minutes and 55 seconds,Mayra Luna
Tink-a-Tako - Potranco,Esperansa Caviedes,75,17,Lobby,,8/24/25 10:35 AM,8/24/25 10:48 AM,13 minutes and 23 seconds,Mayra Luna
Tink-a-Tako - Potranco,Maria Majana,148,12,Lobby,,8/24/25 10:42 AM,8/24/25 10:49 AM,6 minutes and 10 seconds,Mayra Luna
Tink-a-Tako - Potranco,Esperansa Caviedes,149,39,Lobby,,8/24/25 10:46 AM,8/24/25 10:49 AM,2 minutes and 59 seconds,Mayra Luna
Tink-a-Tako - Potranco,Esperansa Caviedes,149,39,Prep,,8/24/25 10:46 AM,8/24/25 10:49 AM,2 minutes and 59 seconds,Mayra Luna
Tink-a-Tako - Potranco,Maria Majana,137,11,,2,8/24/25 10:46 AM,8/24/25 10:50 AM,4 minutes and 20 seconds,Mayra Luna
Tink-a-Tako - Potranco,Maria Majana,137,11,,2,8/24/25 10:46 AM,8/24/25 10:50 AM,4 minutes and 18 seconds,Mayra Luna
Tink-a-Tako - Potranco,Daniela Torres,150,,Lobby,,8/24/25 10:46 AM,8/24/25 10:51 AM,5 minutes,Mayra Luna
Tink-a-Tako - Potranco,Silvia Hernandez,146,37,Lobby,,8/24/25 10:40 AM,8/24/25 10:51 AM,11 minutes and 39 seconds,Mayra Luna
Tink-a-Tako - Potranco,Giselle Cisneross,157,,Lobby,,8/24/25 10:50 AM,8/24/25 10:53 AM,2 minutes and 39 seconds,Mayra Luna
Tink-a-Tako - Potranco,Maria Majana,148,12,,2,8/24/25 10:49 AM,8/24/25 10:53 AM,4 minutes and 35 seconds,Mayra Luna
Tink-a-Tako - Potranco,Maria Majana,148,12,,2,8/24/25 10:48 AM,8/24/25 10:53 AM,5 minutes and 22 seconds,Mayra Luna
Tink-a-Tako - Potranco,Giselle Cisneross,156,,Lobby,,8/24/25 10:50 AM,8/24/25 10:54 AM,3 minutes and 49 seconds,Mayra Luna
Tink-a-Tako - Potranco,Giselle Cisneross,158,,Lobby,,8/24/25 10:51 AM,8/24/25 10:55 AM,4 minutes and 2 seconds,Mayra Luna
Tink-a-Tako - Potranco,Giselle Cisneross,158,,Tortillero,,8/24/25 10:51 AM,8/24/25 10:55 AM,4 minutes and 2 seconds,Mayra Luna
Tink-a-Tako - Potranco,Giselle Cisneross,158,,Prep,,8/24/25 10:51 AM,8/24/25 10:55 AM,4 minutes and 2 seconds,Mayra Luna
Tink-a-Tako - Potranco,Giselle Cisneross,159,,Lobby,,8/24/25 10:52 AM,8/24/25 10:57 AM,4 minutes and 50 seconds,Mayra Luna
Tink-a-Tako - Potranco,Giselle Cisneross,161,,Lobby,,8/24/25 10:52 AM,8/24/25 10:58 AM,5 minutes and 50 seconds,Mayra Luna
Tink-a-Tako - Potranco,Giselle Cisneross,161,,Prep,,8/24/25 10:52 AM,8/24/25 10:58 AM,5 minutes and 50 seconds,Mayra Luna
Tink-a-Tako - Potranco,Giselle Cisneross,162,,Lobby,,8/24/25 10:53 AM,8/24/25 10:59 AM,5 minutes and 55 seconds,Mayra Luna
Tink-a-Tako - Potranco,Rosa Compean,128,3,Lobby,,8/24/25 11:00 AM,8/24/25 11:00 AM,24 seconds,Mayra Luna
Tink-a-Tako - Potranco,Isabel Cisneros,166,19,Lobby,,8/24/25 10:56 AM,8/24/25 11:00 AM,3 minutes and 25 seconds,Mayra Luna
Tink-a-Tako - Potranco,Isabel Cisneros,166,19,Prep,,8/24/25 10:56 AM,8/24/25 11:00 AM,3 minutes and 25 seconds,Mayra Luna
Tink-a-Tako - Potranco,Daniela Torres,163,,Lobby,,8/24/25 10:54 AM,8/24/25 11:02 AM,7 minutes and 37 seconds,Mayra Luna
Tink-a-Tako - Potranco,Rosa Compean,160,15,Lobby,,8/24/25 10:52 AM,8/24/25 11:03 AM,10 minutes and 17 seconds,Mayra Luna
Tink-a-Tako - Potranco,Isabel Cisneros,164,42,Lobby,,8/24/25 10:55 AM,8/24/25 11:03 AM,7 minutes and 52 seconds,Mayra Luna
Tink-a-Tako - Potranco,Isabel Cisneros,164,42,Prep,,8/24/25 10:55 AM,8/24/25 11:03 AM,7 minutes and 52 seconds,Mayra Luna
Tink-a-Tako - Potranco,Isabel Cisneros,164,42,Tortillero,,8/24/25 10:55 AM,8/24/25 11:03 AM,7 minutes and 52 seconds,Mayra Luna
Tink-a-Tako - Potranco,Rosa Compean,160,15,Prep,,8/24/25 10:52 AM,8/24/25 11:03 AM,10 minutes and 17 seconds,Mayra Luna
Tink-a-Tako - Potranco,Rosa Compean,160,15,Tortillero,,8/24/25 10:52 AM,8/24/25 11:03 AM,10 minutes and 17 seconds,Mayra Luna
Tink-a-Tako - Potranco,Daniela Torres,165,,Lobby,,8/24/25 10:55 AM,8/24/25 11:03 AM,8 minutes and 12 seconds,Mayra Luna
Tink-a-Tako - Potranco,Silvia Hernandez,167,24,Lobby,,8/24/25 11:02 AM,8/24/25 11:05 AM,2 minutes and 39 seconds,Mayra Luna
Tink-a-Tako - Potranco,Giselle Cisneross,168,,Lobby,,8/24/25 11:03 AM,8/24/25 11:05 AM,2 minutes and 28 seconds,Mayra Luna
Tink-a-Tako - Potranco,Giselle Cisneross,168,,Prep,,8/24/25 11:03 AM,8/24/25 11:05 AM,2 minutes and 28 seconds,Mayra Luna
Tink-a-Tako - Potranco,Giselle Cisneross,170,,Lobby,,8/24/25 11:04 AM,8/24/25 11:06 AM,2 minutes and 8 seconds,Mayra Luna
Tink-a-Tako - Potranco,Silvia Hernandez,133,2,Lobby,,8/24/25 11:03 AM,8/24/25 11:07 AM,4 minutes and 23 seconds,Mayra Luna
Tink-a-Tako - Potranco,Giselle Cisneross,171,,Lobby,,8/24/25 11:04 AM,8/24/25 11:07 AM,3 minutes and 3 seconds,Mayra Luna
Tink-a-Tako - Potranco,Giselle Cisneross,171,,Prep,,8/24/25 11:04 AM,8/24/25 11:07 AM,3 minutes and 3 seconds,Mayra Luna
Tink-a-Tako - Potranco,Maria Majana,174,22,Lobby,,8/24/25 11:07 AM,8/24/25 11:09 AM,1 minute and 35 seconds,Mayra Luna
Tink-a-Tako - Potranco,Maria Majana,174,22,Prep,,8/24/25 11:07 AM,8/24/25 11:09 AM,1 minute and 35 seconds,Mayra Luna
Tink-a-Tako - Potranco,Maria Majana,174,22,Tortillero,,8/24/25 11:07 AM,8/24/25 11:09 AM,1 minute and 35 seconds,Mayra Luna
Tink-a-Tako - Potranco,Giselle Cisneross,169,,Lobby,,8/24/25 11:04 AM,8/24/25 11:09 AM,5 minutes and 18 seconds,Mayra Luna
Tink-a-Tako - Potranco,Giselle Cisneross,175,,Lobby,,8/24/25 11:06 AM,8/24/25 11:10 AM,4 minutes and 44 seconds,Mayra Luna
Tink-a-Tako - Potranco,Giselle Cisneross,175,,Prep,,8/24/25 11:06 AM,8/24/25 11:10 AM,4 minutes and 44 seconds,Mayra Luna
Tink-a-Tako - Potranco,Giselle Cisneross,169,,Lobby,,8/24/25 11:07 AM,8/24/25 11:11 AM,3 minutes and 58 seconds,Mayra Luna
Tink-a-Tako - Potranco,Isabel Cisneros,166,19,,2,8/24/25 11:00 AM,8/24/25 11:11 AM,11 minutes and 15 seconds,Mayra Luna
Tink-a-Tako - Potranco,Giselle Cisneross,173,,Lobby,,8/24/25 11:05 AM,8/24/25 11:11 AM,6 minutes and 34 seconds,Mayra Luna
Tink-a-Tako - Potranco,Isabel Cisneros,164,42,,2,8/24/25 11:03 AM,8/24/25 11:11 AM,8 minutes and 37 seconds,Mayra Luna
Tink-a-Tako - Potranco,Daniela Torres,165,,,2,8/24/25 11:03 AM,8/24/25 11:11 AM,8 minutes and 7 seconds,Mayra Luna
Tink-a-Tako - Potranco,Daniela Torres,150,,,2,8/24/25 10:51 AM,8/24/25 11:11 AM,19 minutes and 57 seconds,Mayra Luna
Tink-a-Tako - Potranco,Daniela Torres,163,,,2,8/24/25 11:02 AM,8/24/25 11:11 AM,9 minutes and 33 seconds,Mayra Luna
Tink-a-Tako - Potranco,Rosa Compean,160,15,,2,8/24/25 11:03 AM,8/24/25 11:11 AM,8 minutes and 40 seconds,Mayra Luna
Tink-a-Tako - Potranco,Giselle Cisneross,176,,Lobby,,8/24/25 11:06 AM,8/24/25 11:13 AM,6 minutes and 22 seconds,Mayra Luna
Tink-a-Tako - Potranco,Giselle Cisneross,176,,Prep,,8/24/25 11:06 AM,8/24/25 11:13 AM,6 minutes and 22 seconds,Mayra Luna
Tink-a-Tako - Potranco,Isabel Cisneros,145,23,,2,8/24/25 10:46 AM,8/24/25 11:11 AM,25 minutes and 9 seconds,Mayra Luna
Tink-a-Tako - Potranco,Sergio Abundiz,141,33,,2,8/24/25 10:41 AM,8/24/25 11:11 AM,30 minutes and 6 seconds,Mayra Luna
Tink-a-Tako - Potranco,Rosa Compean,144,1,,2,8/24/25 10:44 AM,8/24/25 11:11 AM,27 minutes and 9 seconds,Mayra Luna
Tink-a-Tako - Potranco,Silvia Hernandez,111,20,,2,8/24/25 10:37 AM,8/24/25 11:11 AM,34 minutes and 14 seconds,Mayra Luna
Tink-a-Tako - Potranco,Esperansa Caviedes,75,17,,2,8/24/25 10:48 AM,8/24/25 11:11 AM,23 minutes and 19 seconds,Mayra Luna
Tink-a-Tako - Potranco,Daniela Torres,129,,,2,8/24/25 10:37 AM,8/24/25 11:11 AM,34 minutes and 51 seconds,Mayra Luna
Tink-a-Tako - Potranco,Esperansa Caviedes,127,7,,2,8/24/25 10:32 AM,8/24/25 11:11 AM,39 minutes and 22 seconds,Mayra Luna
Tink-a-Tako - Potranco,Sergio Abundiz,83,22,,2,8/24/25 10:48 AM,8/24/25 11:11 AM,23 minutes and 36 seconds,Mayra Luna
Tink-a-Tako - Potranco,Maria Majana,62,9,,2,8/24/25 10:31 AM,8/24/25 11:11 AM,40 minutes and 43 seconds,Mayra Luna
Tink-a-Tako - Potranco,Isabel Cisneros,121,,,2,8/24/25 10:25 AM,8/24/25 11:12 AM,46 minutes and 59 seconds,Mayra Luna
Tink-a-Tako - Potranco,Isabel Cisneros,121,,,2,8/24/25 10:32 AM,8/24/25 11:11 AM,39 minutes and 21 seconds,Mayra Luna
Tink-a-Tako - Potranco,Sergio Abundiz,103,31,,2,8/24/25 10:21 AM,8/24/25 11:12 AM,50 minutes and 51 seconds,Mayra Luna
Tink-a-Tako - Potranco,Sergio Abundiz,103,31,,2,8/24/25 10:28 AM,8/24/25 11:11 AM,43 minutes and 3 seconds,Mayra Luna
Tink-a-Tako - Potranco,Maria Majana,120,32,,2,8/24/25 10:30 AM,8/24/25 11:11 AM,41 minutes and 55 seconds,Mayra Luna
Tink-a-Tako - Potranco,Sergio Abundiz,122,25,,2,8/24/25 10:27 AM,8/24/25 11:12 AM,44 minutes and 30 seconds,Mayra Luna
Tink-a-Tako - Potranco,Rosa Compean,11001,18,,2,8/24/25 10:19 AM,8/24/25 11:12 AM,53 minutes and 1 second,Mayra Luna
Tink-a-Tako - Potranco,Silvia Hernandez,116,35,,2,8/24/25 10:21 AM,8/24/25 11:12 AM,50 minutes and 5 seconds,Mayra Luna
Tink-a-Tako - Potranco,Esperansa Caviedes,118,12,,2,8/24/25 10:21 AM,8/24/25 11:12 AM,50 minutes and 40 seconds,Mayra Luna
Tink-a-Tako - Potranco,Maria Majana,174,22,,2,8/24/25 11:09 AM,8/24/25 11:12 AM,2 minutes and 59 seconds,Mayra Luna
Tink-a-Tako - Potranco,Rosa Compean,128,3,,2,8/24/25 11:00 AM,8/24/25 11:12 AM,11 minutes and 40 seconds,Mayra Luna
Tink-a-Tako - Potranco,Silvia Hernandez,167,24,,2,8/24/25 11:05 AM,8/24/25 11:12 AM,6 minutes and 42 seconds,Mayra Luna
Tink-a-Tako - Potranco,Isabel Cisneros,119,24,,2,8/24/25 10:21 AM,8/24/25 11:12 AM,50 minutes and 6 seconds,Mayra Luna
Tink-a-Tako - Potranco,Silvia Hernandez,133,2,,2,8/24/25 10:40 AM,8/24/25 11:11 AM,31 minutes and 1 second,Mayra Luna
Tink-a-Tako - Potranco,Silvia Hernandez,133,2,,2,8/24/25 11:07 AM,8/24/25 11:12 AM,4 minutes and 26 seconds,Mayra Luna
Tink-a-Tako - Potranco,Silvia Hernandez,146,37,,2,8/24/25 10:51 AM,8/24/25 11:11 AM,19 minutes and 57 seconds,Mayra Luna
Tink-a-Tako - Potranco,Esperansa Caviedes,149,39,,2,8/24/25 10:49 AM,8/24/25 11:11 AM,22 minutes and 13 seconds,Mayra Luna
Tink-a-Tako - Potranco,Giselle Cisneross,177,,Lobby,,8/24/25 11:07 AM,8/24/25 11:15 AM,7 minutes and 57 seconds,Mayra Luna
Tink-a-Tako - Potranco,Rosa Compean,179,25,Lobby,,8/24/25 11:12 AM,8/24/25 11:16 AM,3 minutes and 38 seconds,Mayra Luna
Tink-a-Tako - Potranco,Rosa Compean,179,25,Prep,,8/24/25 11:12 AM,8/24/25 11:16 AM,3 minutes and 38 seconds,Mayra Luna
Tink-a-Tako - Potranco,Silvia Hernandez,180,7,Lobby,,8/24/25 11:14 AM,8/24/25 11:16 AM,2 minutes and 17 seconds,Mayra Luna
Tink-a-Tako - Potranco,Esperansa Caviedes,172,20,Lobby,,8/24/25 11:09 AM,8/24/25 11:16 AM,7 minutes and 20 seconds,Mayra Luna
Tink-a-Tako - Potranco,Giselle Cisneross,178,,Lobby,,8/24/25 11:07 AM,8/24/25 11:16 AM,8 minutes and 57 seconds,Mayra Luna
Tink-a-Tako - Potranco,Sergio Abundiz,181,37,Lobby,,8/24/25 11:15 AM,8/24/25 11:17 AM,1 minute and 54 seconds,Mayra Luna
Tink-a-Tako - Potranco,Giselle Cisneross,183,,Lobby,,8/24/25 11:17 AM,8/24/25 11:19 AM,1 minute and 53 seconds,Mayra Luna
Tink-a-Tako - Potranco,Giselle Cisneross,183,,Prep,,8/24/25 11:17 AM,8/24/25 11:19 AM,1 minute and 53 seconds,Mayra Luna
Tink-a-Tako - Potranco,Sergio Abundiz,181,37,,2,8/24/25 11:17 AM,8/24/25 11:20 AM,3 minutes and 17 seconds,Mayra Luna
Tink-a-Tako - Potranco,Esperansa Caviedes,172,20,,2,8/24/25 11:16 AM,8/24/25 11:20 AM,3 minutes and 54 seconds,Mayra Luna
Tink-a-Tako - Potranco,Rosa Compean,179,25,,2,8/24/25 11:16 AM,8/24/25 11:20 AM,4 minutes and 6 seconds,Mayra Luna
Tink-a-Tako - Potranco,Silvia Hernandez,180,7,,2,8/24/25 11:16 AM,8/24/25 11:20 AM,3 minutes and 57 seconds,Mayra Luna
Tink-a-Tako - Potranco,Isabel Cisneros,182,32,Lobby,,8/24/25 11:15 AM,8/24/25 11:21 AM,5 minutes and 48 seconds,Mayra Luna
Tink-a-Tako - Potranco,Isabel Cisneros,182,32,Prep,,8/24/25 11:15 AM,8/24/25 11:21 AM,5 minutes and 48 seconds,Mayra Luna
Tink-a-Tako - Potranco,Isabel Cisneros,166,19,Lobby,,8/24/25 11:18 AM,8/24/25 11:21 AM,2 minutes and 46 seconds,Mayra Luna
Tink-a-Tako - Potranco,Isabel Cisneros,166,19,Prep,,8/24/25 11:18 AM,8/24/25 11:21 AM,2 minutes and 46 seconds,Mayra Luna
Tink-a-Tako - Potranco,Giselle Cisneross,187,,Lobby,,8/24/25 11:19 AM,8/24/25 11:22 AM,2 minutes and 11 seconds,Mayra Luna
Tink-a-Tako - Potranco,Giselle Cisneross,187,,Prep,,8/24/25 11:19 AM,8/24/25 11:22 AM,2 minutes and 11 seconds,Mayra Luna
Tink-a-Tako - Potranco,Esperansa Caviedes,186,23,Lobby,,8/24/25 11:19 AM,8/24/25 11:24 AM,5 minutes and 10 seconds,Mayra Luna
Tink-a-Tako - Potranco,Maria Majana,184,36,Lobby,,8/24/25 11:20 AM,8/24/25 11:24 AM,4 minutes and 32 seconds,Mayra Luna
Tink-a-Tako - Potranco,Maria Majana,184,36,Prep,,8/24/25 11:20 AM,8/24/25 11:24 AM,4 minutes and 32 seconds,Mayra Luna
Tink-a-Tako - Potranco,Giselle Cisneross,189,,Lobby,,8/24/25 11:23 AM,8/24/25 11:25 AM,2 minutes and 10 seconds,Mayra Luna
Tink-a-Tako - Potranco,Giselle Cisneross,189,,Prep,,8/24/25 11:23 AM,8/24/25 11:25 AM,2 minutes and 10 seconds,Mayra Luna
Tink-a-Tako - Potranco,Isabel Cisneros,182,32,Lobby,,8/24/25 11:21 AM,8/24/25 11:26 AM,4 minutes and 59 seconds,Mayra Luna
Tink-a-Tako - Potranco,Rosa Compean,188,38,Lobby,,8/24/25 11:22 AM,8/24/25 11:27 AM,4 minutes and 33 seconds,Mayra Luna
Tink-a-Tako - Potranco,Giselle Cisneross,191,,Lobby,,8/24/25 11:27 AM,8/24/25 11:32 AM,4 minutes and 59 seconds,Mayra Luna
Tink-a-Tako - Potranco,Giselle Cisneross,191,,Prep,,8/24/25 11:27 AM,8/24/25 11:32 AM,4 minutes and 59 seconds,Mayra Luna
Tink-a-Tako - Potranco,Sergio Abundiz,194,35,Lobby,,8/24/25 11:29 AM,8/24/25 11:32 AM,2 minutes and 19 seconds,Mayra Luna
Tink-a-Tako - Potranco,Sergio Abundiz,194,35,Prep,,8/24/25 11:29 AM,8/24/25 11:32 AM,2 minutes and 19 seconds,Mayra Luna
Tink-a-Tako - Potranco,Silvia Hernandez,180,7,Lobby,,8/24/25 11:27 AM,8/24/25 11:32 AM,4 minutes and 19 seconds,Mayra Luna
Tink-a-Tako - Potranco,Silvia Hernandez,180,7,Prep,,8/24/25 11:27 AM,8/24/25 11:32 AM,4 minutes and 19 seconds,Mayra Luna
Tink-a-Tako - Potranco,Silvia Hernandez,180,7,Tortillero,,8/24/25 11:27 AM,8/24/25 11:32 AM,4 minutes and 19 seconds,Mayra Luna
Tink-a-Tako - Potranco,Giselle Cisneross,195,,Lobby,,8/24/25 11:31 AM,8/24/25 11:33 AM,2 minutes and 15 seconds,Mayra Luna
Tink-a-Tako - Potranco,Maria Majana,184,36,,2,8/24/25 11:24 AM,8/24/25 11:34 AM,9 minutes and 57 seconds,Mayra Luna
Tink-a-Tako - Potranco,Giselle Cisneross,196,,Lobby,,8/24/25 11:32 AM,8/24/25 11:34 AM,2 minutes and 32 seconds,Mayra Luna
Tink-a-Tako - Potranco,Maria Majana,190,18,Lobby,,8/24/25 11:34 AM,8/24/25 11:35 AM,1 minute and 2 seconds,Mayra Luna
Tink-a-Tako - Potranco,Silvia Hernandez,197,26,Lobby,,8/24/25 11:34 AM,8/24/25 11:35 AM,1 minute and 10 seconds,Mayra Luna
Tink-a-Tako - Potranco,Giselle Cisneross,199,,Lobby,,8/24/25 11:33 AM,8/24/25 11:36 AM,2 minutes and 28 seconds,Mayra Luna
Tink-a-Tako - Potranco,Maria Majana,190,18,Lobby,,8/24/25 11:33 AM,8/24/25 11:37 AM,4 minutes and 17 seconds,Mayra Luna
Tink-a-Tako - Potranco,Giselle Cisneross,201,,Lobby,,8/24/25 11:35 AM,8/24/25 11:38 AM,2 minutes and 24 seconds,Mayra Luna
Tink-a-Tako - Potranco,Giselle Cisneross,201,,Prep,,8/24/25 11:35 AM,8/24/25 11:38 AM,2 minutes and 24 seconds,Mayra Luna
Tink-a-Tako - Potranco,Silvia Hernandez,200,16,Lobby,,8/24/25 11:35 AM,8/24/25 11:39 AM,4 minutes and 10 seconds,Mayra Luna
Tink-a-Tako - Potranco,Maria Majana,198,24,Lobby,,8/24/25 11:33 AM,8/24/25 11:39 AM,5 minutes and 30 seconds,Mayra Luna
Tink-a-Tako - Potranco,Giselle Cisneross,204,,Lobby,,8/24/25 11:38 AM,8/24/25 11:39 AM,1 minute and 33 seconds,Mayra Luna
Tink-a-Tako - Potranco,Giselle Cisneross,204,,Prep,,8/24/25 11:38 AM,8/24/25 11:39 AM,1 minute and 33 seconds,Mayra Luna
Tink-a-Tako - Potranco,Maria Majana,198,24,,2,8/24/25 11:39 AM,8/24/25 11:40 AM,56 seconds,Mayra Luna
Tink-a-Tako - Potranco,Maria Majana,190,18,,2,8/24/25 11:37 AM,8/24/25 11:40 AM,2 minutes and 42 seconds,Mayra Luna
Tink-a-Tako - Potranco,Maria Majana,190,18,,2,8/24/25 11:35 AM,8/24/25 11:40 AM,4 minutes and 46 seconds,Mayra Luna
Tink-a-Tako - Potranco,Giselle Cisneross,206,,Lobby,,8/24/25 11:38 AM,8/24/25 11:42 AM,3 minutes and 20 seconds,Mayra Luna
Tink-a-Tako - Potranco,Esperansa Caviedes,192,40,Lobby,,8/24/25 11:37 AM,8/24/25 11:44 AM,6 minutes and 38 seconds,Mayra Luna
Tink-a-Tako - Potranco,Esperansa Caviedes,192,40,Prep,,8/24/25 11:37 AM,8/24/25 11:44 AM,6 minutes and 38 seconds,Mayra Luna
Tink-a-Tako - Potranco,Isabel Cisneros,205,10,Lobby,,8/24/25 11:38 AM,8/24/25 11:44 AM,5 minutes and 40 seconds,Mayra Luna
Tink-a-Tako - Potranco,Giselle Cisneross,207,,Lobby,,8/24/25 11:42 AM,8/24/25 11:44 AM,2 minutes and 24 seconds,Mayra Luna
Tink-a-Tako - Potranco,Rosa Compean,202,31,Lobby,,8/24/25 11:38 AM,8/24/25 11:44 AM,6 minutes and 3 seconds,Mayra Luna
Tink-a-Tako - Potranco,Rosa Compean,202,31,Prep,,8/24/25 11:38 AM,8/24/25 11:44 AM,6 minutes and 3 seconds,Mayra Luna
Tink-a-Tako - Potranco,Giselle Cisneross,209,,Lobby,,8/24/25 11:44 AM,8/24/25 11:45 AM,1 minute and 9 seconds,Mayra Luna
Tink-a-Tako - Potranco,Giselle Cisneross,209,,Prep,,8/24/25 11:44 AM,8/24/25 11:45 AM,1 minute and 9 seconds,Mayra Luna
Tink-a-Tako - Potranco,Esperansa Caviedes,186,23,,2,8/24/25 11:24 AM,8/24/25 11:45 AM,21 minutes and 23 seconds,Mayra Luna
Tink-a-Tako - Potranco,Isabel Cisneros,205,10,,2,8/24/25 11:44 AM,8/24/25 11:45 AM,1 minute and 32 seconds,Mayra Luna
Tink-a-Tako - Potranco,Rosa Compean,202,31,,2,8/24/25 11:44 AM,8/24/25 11:45 AM,1 minute and 3 seconds,Mayra Luna
Tink-a-Tako - Potranco,Rosa Compean,188,38,,2,8/24/25 11:27 AM,8/24/25 11:45 AM,18 minutes and 37 seconds,Mayra Luna
Tink-a-Tako - Potranco,Silvia Hernandez,180,7,,2,8/24/25 11:32 AM,8/24/25 11:45 AM,13 minutes and 47 seconds,Mayra Luna
Tink-a-Tako - Potranco,Silvia Hernandez,200,16,,2,8/24/25 11:39 AM,8/24/25 11:46 AM,6 minutes and 47 seconds,Mayra Luna
Tink-a-Tako - Potranco,Isabel Cisneros,166,19,,2,8/24/25 11:21 AM,8/24/25 11:45 AM,24 minutes and 53 seconds,Mayra Luna
Tink-a-Tako - Potranco,Sergio Abundiz,194,35,,2,8/24/25 11:32 AM,8/24/25 11:46 AM,13 minutes and 56 seconds,Mayra Luna
Tink-a-Tako - Potranco,Isabel Cisneros,182,32,,2,8/24/25 11:21 AM,8/24/25 11:46 AM,24 minutes and 58 seconds,Mayra Luna
Tink-a-Tako - Potranco,Silvia Hernandez,197,26,,2,8/24/25 11:35 AM,8/24/25 11:46 AM,10 minutes and 21 seconds,Mayra Luna
Tink-a-Tako - Potranco,Isabel Cisneros,182,32,,2,8/24/25 11:26 AM,8/24/25 11:45 AM,19 minutes and 37 seconds,Mayra Luna
Tink-a-Tako - Potranco,Giselle Cisneross,208,,Lobby,,8/24/25 11:43 AM,8/24/25 11:47 AM,3 minutes and 59 seconds,Mayra Luna
Tink-a-Tako - Potranco,Giselle Cisneross,208,,Prep,,8/24/25 11:43 AM,8/24/25 11:47 AM,3 minutes and 59 seconds,Mayra Luna
Tink-a-Tako - Potranco,Giselle Cisneross,208,,Tortillero,,8/24/25 11:43 AM,8/24/25 11:47 AM,3 minutes and 59 seconds,Mayra Luna
Tink-a-Tako - Potranco,Daniela Torres,203,,Lobby,,8/24/25 11:37 AM,8/24/25 11:48 AM,10 minutes and 58 seconds,Mayra Luna
Tink-a-Tako - Potranco,Giselle Cisneross,213,,Lobby,,8/24/25 11:49 AM,8/24/25 11:51 AM,1 minute and 42 seconds,Mayra Luna
Tink-a-Tako - Potranco,Esperansa Caviedes,75,17,Lobby,,8/24/25 11:49 AM,8/24/25 11:54 AM,4 minutes and 27 seconds,Mayra Luna
Tink-a-Tako - Potranco,Esperansa Caviedes,75,17,Prep,,8/24/25 11:49 AM,8/24/25 11:54 AM,4 minutes and 27 seconds,Mayra Luna
Tink-a-Tako - Potranco,Esperansa Caviedes,75,17,Tortillero,,8/24/25 11:49 AM,8/24/25 11:54 AM,4 minutes and 27 seconds,Mayra Luna
Tink-a-Tako - Potranco,Isabel Cisneros,211,9,Lobby,,8/24/25 11:50 AM,8/24/25 11:53 AM,3 minutes and 57 seconds,Mayra Luna
Tink-a-Tako - Potranco,Giselle Cisneross,217,,Lobby,,8/24/25 11:52 AM,8/24/25 11:54 AM,2 minutes and 19 seconds,Mayra Luna
Tink-a-Tako - Potranco,Giselle Cisneross,214,,Lobby,,8/24/25 11:50 AM,8/24/25 11:55 AM,5 minutes,Mayra Luna
Tink-a-Tako - Potranco,Giselle Cisneross,218,,Lobby,,8/24/25 11:53 AM,8/24/25 11:55 AM,1 minute and 58 seconds,Mayra Luna
Tink-a-Tako - Potranco,Giselle Cisneross,218,,Prep,,8/24/25 11:53 AM,8/24/25 11:55 AM,1 minute and 58 seconds,Mayra Luna
Tink-a-Tako - Potranco,Isabel Cisneros,212,9,Lobby,,8/24/25 11:50 AM,8/24/25 11:56 AM,6 minutes and 44 seconds,Mayra Luna
Tink-a-Tako - Potranco,Isabel Cisneros,212,9,Prep,,8/24/25 11:50 AM,8/24/25 11:56 AM,6 minutes and 44 seconds,Mayra Luna
Tink-a-Tako - Potranco,Isabel Cisneros,212,9,Tortillero,,8/24/25 11:50 AM,8/24/25 11:56 AM,6 minutes and 44 seconds,Mayra Luna
Tink-a-Tako - Potranco,Rosa Compean,215,11,Lobby,,8/24/25 11:50 AM,8/24/25 11:57 AM,7 minutes and 15 seconds,Mayra Luna
Tink-a-Tako - Potranco,Sergio Abundiz,210,18,Lobby,,8/24/25 11:50 AM,8/24/25 11:57 AM,7 minutes and 25 seconds,Mayra Luna
Tink-a-Tako - Potranco,Sergio Abundiz,210,18,Prep,,8/24/25 11:50 AM,8/24/25 11:57 AM,7 minutes and 25 seconds,Mayra Luna
Tink-a-Tako - Potranco,Sergio Abundiz,210,18,Tortillero,,8/24/25 11:50 AM,8/24/25 11:57 AM,7 minutes and 25 seconds,Mayra Luna
Tink-a-Tako - Potranco,Giselle Cisneross,220,,Lobby,,8/24/25 11:55 AM,8/24/25 11:59 AM,4 minutes and 5 seconds,Mayra Luna
Tink-a-Tako - Potranco,Giselle Cisneross,220,,Tortillero,,8/24/25 11:55 AM,8/24/25 11:59 AM,4 minutes and 5 seconds,Mayra Luna
Tink-a-Tako - Potranco,Esperansa Caviedes,75,17,Lobby,,8/24/25 11:57 AM,8/24/25 11:58 AM,57 seconds,Mayra Luna
Tink-a-Tako - Potranco,Isabel Cisneros,222,1,Lobby,,8/24/25 11:54 AM,8/24/25 11:58 AM,3 minutes and 58 seconds,Mayra Luna
Tink-a-Tako - Potranco,Maria Majana,223,38,Lobby,,8/24/25 11:55 AM,8/24/25 12:00 PM,5 minutes and 21 seconds,Mayra Luna
Tink-a-Tako - Potranco,Maria Majana,190,18,Lobby,,8/24/25 11:58 AM,8/24/25 12:00 PM,2 minutes and 35 seconds,Mayra Luna
Tink-a-Tako - Potranco,Maria Majana,190,18,Prep,,8/24/25 11:58 AM,8/24/25 12:00 PM,2 minutes and 35 seconds,Mayra Luna
Tink-a-Tako - Potranco,Maria Majana,190,18,Tortillero,,8/24/25 11:58 AM,8/24/25 12:00 PM,2 minutes and 35 seconds,Mayra Luna
Tink-a-Tako - Potranco,Silvia Hernandez,221,32,Lobby,,8/24/25 11:56 AM,8/24/25 12:02 PM,6 minutes and 4 seconds,Mayra Luna
Tink-a-Tako - Potranco,Silvia Hernandez,221,32,Prep,,8/24/25 11:56 AM,8/24/25 12:02 PM,6 minutes and 4 seconds,Mayra Luna
Tink-a-Tako - Potranco,Giselle Cisneross,224,,Lobby,,8/24/25 12:00 PM,8/24/25 12:04 PM,3 minutes and 56 seconds,Mayra Luna
Tink-a-Tako - Potranco,Giselle Cisneross,224,,Prep,,8/24/25 12:00 PM,8/24/25 12:04 PM,3 minutes and 56 seconds,Mayra Luna
Tink-a-Tako - Potranco,Giselle Cisneross,217,,Lobby,,8/24/25 12:01 PM,8/24/25 12:05 PM,4 minutes and 6 seconds,Mayra Luna
Tink-a-Tako - Potranco,Maria Majana,223,38,,2,8/24/25 12:00 PM,8/24/25 12:05 PM,4 minutes and 36 seconds,Mayra Luna
Tink-a-Tako - Potranco,Sergio Abundiz,210,18,,2,8/24/25 11:57 AM,8/24/25 12:05 PM,7 minutes and 42 seconds,Mayra Luna
Tink-a-Tako - Potranco,Rosa Compean,215,11,,2,8/24/25 11:57 AM,8/24/25 12:05 PM,7 minutes and 43 seconds,Mayra Luna
Tink-a-Tako - Potranco,Isabel Cisneros,222,1,,2,8/24/25 11:58 AM,8/24/25 12:05 PM,6 minutes and 19 seconds,Mayra Luna
Tink-a-Tako - Potranco,Giselle Cisneross,214,,,2,8/24/25 11:55 AM,8/24/25 12:05 PM,10 minutes and 12 seconds,Mayra Luna
Tink-a-Tako - Potranco,Isabel Cisneros,211,9,,2,8/24/25 11:53 AM,8/24/25 12:05 PM,11 minutes and 20 seconds,Mayra Luna
Tink-a-Tako - Potranco,Isabel Cisneros,212,9,,2,8/24/25 11:56 AM,8/24/25 12:05 PM,8 minutes and 31 seconds,Mayra Luna
Tink-a-Tako - Potranco,Esperansa Caviedes,75,17,,2,8/24/25 11:54 AM,8/24/25 12:05 PM,11 minutes and 19 seconds,Mayra Luna
Tink-a-Tako - Potranco,Giselle Cisneross,231,,Lobby,,8/24/25 12:04 PM,8/24/25 12:07 PM,2 minutes and 57 seconds,Mayra Luna
Tink-a-Tako - Potranco,Esperansa Caviedes,192,40,,2,8/24/25 11:44 AM,8/24/25 12:08 PM,24 minutes and 39 seconds,Mayra Luna
Tink-a-Tako - Potranco,Daniela Torres,203,,,2,8/24/25 11:48 AM,8/24/25 12:08 PM,20 minutes and 12 seconds,Mayra Luna
Tink-a-Tako - Potranco,Silvia Hernandez,221,32,,2,8/24/25 12:02 PM,8/24/25 12:08 PM,6 minutes and 17 seconds,Mayra Luna
Tink-a-Tako - Potranco,Maria Majana,190,18,,2,8/24/25 12:00 PM,8/24/25 12:08 PM,8 minutes and 20 seconds,Mayra Luna
Tink-a-Tako - Potranco,Esperansa Caviedes,75,17,,2,8/24/25 11:58 AM,8/24/25 12:08 PM,10 minutes and 7 seconds,Mayra Luna
Tink-a-Tako - Potranco,Giselle Cisneross,228,,Tortillero,,8/24/25 12:03 PM,8/24/25 12:09 PM,6 minutes and 18 seconds,Mayra Luna
Tink-a-Tako - Potranco,Giselle Cisneross,228,,Lobby,,8/24/25 12:03 PM,8/24/25 12:09 PM,6 minutes and 18 seconds,Mayra Luna
Tink-a-Tako - Potranco,Giselle Cisneross,228,,Prep,,8/24/25 12:03 PM,8/24/25 12:09 PM,6 minutes and 18 seconds,Mayra Luna
Tink-a-Tako - Potranco,Giselle Cisneross,220,,Lobby,,8/24/25 12:06 PM,8/24/25 12:11 PM,4 minutes and 40 seconds,Mayra Luna
Tink-a-Tako - Potranco,Giselle Cisneross,220,,Prep,,8/24/25 12:06 PM,8/24/25 12:11 PM,4 minutes and 40 seconds,Mayra Luna
Tink-a-Tako - Potranco,Rosa Compean,230,3,Lobby,,8/24/25 12:05 PM,8/24/25 12:12 PM,6 minutes and 24 seconds,Mayra Luna
Tink-a-Tako - Potranco,Rosa Compean,230,3,Prep,,8/24/25 12:05 PM,8/24/25 12:12 PM,6 minutes and 24 seconds,Mayra Luna
Tink-a-Tako - Potranco,Rosa Compean,230,3,Tortillero,,8/24/25 12:05 PM,8/24/25 12:12 PM,6 minutes and 24 seconds,Mayra Luna
Tink-a-Tako - Potranco,Silvia Hernandez,225,36,Lobby,,8/24/25 12:05 PM,8/24/25 12:12 PM,6 minutes and 42 seconds,Mayra Luna
Tink-a-Tako - Potranco,Esperansa Caviedes,232,34,Lobby,,8/24/25 12:06 PM,8/24/25 12:13 PM,6 minutes and 59 seconds,Mayra Luna
Tink-a-Tako - Potranco,Rosa Compean,215,11,Lobby,,8/24/25 12:08 PM,8/24/25 12:13 PM,5 minutes and 44 seconds,Mayra Luna
Tink-a-Tako - Potranco,Giselle Cisneross,233,,Lobby,,8/24/25 12:05 PM,8/24/25 12:16 PM,10 minutes and 3 seconds,Mayra Luna
Tink-a-Tako - Potranco,Giselle Cisneross,238,,Lobby,,8/24/25 12:07 PM,8/24/25 12:16 PM,8 minutes and 15 seconds,Mayra Luna
Tink-a-Tako - Potranco,Esperansa Caviedes,232,34,,2,8/24/25 12:13 PM,8/24/25 12:17 PM,3 minutes and 13 seconds,Mayra Luna
Tink-a-Tako - Potranco,Giselle Cisneross,233,,,2,8/24/25 12:16 PM,8/24/25 12:17 PM,1 minute and 7 seconds,Mayra Luna
Tink-a-Tako - Potranco,Rosa Compean,230,3,,2,8/24/25 12:12 PM,8/24/25 12:17 PM,4 minutes and 57 seconds,Mayra Luna
Tink-a-Tako - Potranco,Silvia Hernandez,225,36,,2,8/24/25 12:12 PM,8/24/25 12:17 PM,5 minutes and 5 seconds,Mayra Luna
Tink-a-Tako - Potranco,Rosa Compean,215,11,,2,8/24/25 12:13 PM,8/24/25 12:17 PM,3 minutes and 16 seconds,Mayra Luna
Tink-a-Tako - Potranco,Maria Majana,239,20,,2,8/24/25 12:10 PM,8/24/25 12:17 PM,6 minutes and 17 seconds,Mayra Luna
Tink-a-Tako - Potranco,Giselle Cisneross,243,,Lobby,,8/24/25 12:16 PM,8/24/25 12:21 PM,5 minutes and 18 seconds,Mayra Luna
Tink-a-Tako - Potranco,Silvia Hernandez,235,19,Lobby,,8/24/25 12:13 PM,8/24/25 12:23 PM,9 minutes and 26 seconds,Mayra Luna
Tink-a-Tako - Potranco,Silvia Hernandez,235,19,Prep,,8/24/25 12:13 PM,8/24/25 12:23 PM,9 minutes and 26 seconds,Mayra Luna
Tink-a-Tako - Potranco,Silvia Hernandez,235,19,Tortillero,,8/24/25 12:13 PM,8/24/25 12:23 PM,9 minutes and 26 seconds,Mayra Luna
Tink-a-Tako - Potranco,Esperansa Caviedes,236,22,Lobby,,8/24/25 12:12 PM,8/24/25 12:23 PM,10 minutes and 28 seconds,Mayra Luna
Tink-a-Tako - Potranco,Esperansa Caviedes,236,22,Prep,,8/24/25 12:12 PM,8/24/25 12:23 PM,10 minutes and 28 seconds,Mayra Luna
Tink-a-Tako - Potranco,Esperansa Caviedes,236,22,Tortillero,,8/24/25 12:12 PM,8/24/25 12:23 PM,10 minutes and 28 seconds,Mayra Luna
Tink-a-Tako - Potranco,Rosa Compean,242,15,Lobby,,8/24/25 12:10 PM,8/24/25 12:23 PM,12 minutes and 33 seconds,Mayra Luna
Tink-a-Tako - Potranco,Giselle Cisneross,245,,Lobby,,8/24/25 12:17 PM,8/24/25 12:24 PM,6 minutes and 28 seconds,Mayra Luna
Tink-a-Tako - Potranco,Giselle Cisneross,245,,Prep,,8/24/25 12:17 PM,8/24/25 12:24 PM,6 minutes and 28 seconds,Mayra Luna
Tink-a-Tako - Potranco,Silvia Hernandez,229,23,Lobby,,8/24/25 12:08 PM,8/24/25 12:24 PM,16 minutes and 5 seconds,Mayra Luna
Tink-a-Tako - Potranco,Daniela Torres,241,,Lobby,,8/24/25 12:09 PM,8/24/25 12:25 PM,15 minutes and 6 seconds,Mayra Luna
Tink-a-Tako - Potranco,Esperansa Caviedes,232,34,Lobby,,8/24/25 12:16 PM,8/24/25 12:25 PM,8 minutes and 22 seconds,Mayra Luna
Tink-a-Tako - Potranco,Silvia Hernandez,235,19,,2,8/24/25 12:23 PM,8/24/25 12:25 PM,2 minutes and 10 seconds,Mayra Luna
Tink-a-Tako - Potranco,Sergio Abundiz,237,42,Lobby,,8/24/25 12:08 PM,8/24/25 12:25 PM,16 minutes and 51 seconds,Mayra Luna
Tink-a-Tako - Potranco,Sergio Abundiz,237,42,Prep,,8/24/25 12:08 PM,8/24/25 12:25 PM,16 minutes and 51 seconds,Mayra Luna
Tink-a-Tako - Potranco,Sergio Abundiz,237,42,Tortillero,,8/24/25 12:08 PM,8/24/25 12:25 PM,16 minutes and 51 seconds,Mayra Luna
Tink-a-Tako - Potranco,Silvia Hernandez,229,23,,2,8/24/25 12:24 PM,8/24/25 12:25 PM,46 seconds,Mayra Luna
Tink-a-Tako - Potranco,Sergio Abundiz,237,42,,2,8/24/25 12:25 PM,8/24/25 12:25 PM,14 seconds,Mayra Luna
Tink-a-Tako - Potranco,Daniela Torres,241,,,2,8/24/25 12:25 PM,8/24/25 12:25 PM,33 seconds,Mayra Luna
Tink-a-Tako - Potranco,Giselle Cisneross,248,,Lobby,,8/24/25 12:20 PM,8/24/25 12:26 PM,5 minutes and 8 seconds,Mayra Luna
Tink-a-Tako - Potranco,Giselle Cisneross,238,,Lobby,,8/24/25 12:21 PM,8/24/25 12:26 PM,4 minutes and 45 seconds,Mayra Luna
Tink-a-Tako - Potranco,Silvia Hernandez,234,21,Lobby,,8/24/25 12:08 PM,8/24/25 12:26 PM,17 minutes and 27 seconds,Mayra Luna
Tink-a-Tako - Potranco,Giselle Cisneross,250,,Lobby,,8/24/25 12:22 PM,8/24/25 12:27 PM,4 minutes and 54 seconds,Mayra Luna
Tink-a-Tako - Potranco,Giselle Cisneross,250,,Prep,,8/24/25 12:22 PM,8/24/25 12:27 PM,4 minutes and 54 seconds,Mayra Luna
Tink-a-Tako - Potranco,Maria Majana,247,37,Lobby,,8/24/25 12:21 PM,8/24/25 12:27 PM,6 minutes and 21 seconds,Mayra Luna
Tink-a-Tako - Potranco,Maria Majana,247,37,Prep,,8/24/25 12:21 PM,8/24/25 12:27 PM,6 minutes and 21 seconds,Mayra Luna
Tink-a-Tako - Potranco,Maria Majana,247,37,Tortillero,,8/24/25 12:21 PM,8/24/25 12:27 PM,6 minutes and 21 seconds,Mayra Luna
Tink-a-Tako - Potranco,Silvia Hernandez,244,25,Lobby,,8/24/25 12:27 PM,8/24/25 12:29 PM,2 minutes and 2 seconds,Mayra Luna
Tink-a-Tako - Potranco,Isabel Cisneros,246,24,Lobby,,8/24/25 12:16 PM,8/24/25 12:30 PM,14 minutes and 2 seconds,Mayra Luna
Tink-a-Tako - Potranco,Giselle Cisneross,251,,Lobby,,8/24/25 12:24 PM,8/24/25 12:30 PM,6 minutes and 31 seconds,Mayra Luna
Tink-a-Tako - Potranco,Giselle Cisneross,251,,Prep,,8/24/25 12:24 PM,8/24/25 12:30 PM,6 minutes and 31 seconds,Mayra Luna
Tink-a-Tako - Potranco,Giselle Cisneross,252,,Lobby,,8/24/25 12:25 PM,8/24/25 12:32 PM,6 minutes and 6 seconds,Mayra Luna
Tink-a-Tako - Potranco,Giselle Cisneross,253,,Lobby,,8/24/25 12:26 PM,8/24/25 12:32 PM,6 minutes and 39 seconds,Mayra Luna
Tink-a-Tako - Potranco,Giselle Cisneross,254,,Lobby,,8/24/25 12:26 PM,8/24/25 12:33 PM,6 minutes and 53 seconds,Mayra Luna
Tink-a-Tako - Potranco,Giselle Cisneross,254,,Prep,,8/24/25 12:26 PM,8/24/25 12:33 PM,6 minutes and 53 seconds,Mayra Luna
Tink-a-Tako - Potranco,Giselle Cisneross,256,,Lobby,,8/24/25 12:26 PM,8/24/25 12:34 PM,7 minutes and 25 seconds,Mayra Luna
Tink-a-Tako - Potranco,Giselle Cisneross,256,,Prep,,8/24/25 12:26 PM,8/24/25 12:34 PM,7 minutes and 25 seconds,Mayra Luna
Tink-a-Tako - Potranco,Rosa Compean,260,32,Lobby,,8/24/25 12:35 PM,8/24/25 12:36 PM,1 minute and 23 seconds,Mayra Luna
Tink-a-Tako - Potranco,Giselle Cisneross,262,,Lobby,,8/24/25 12:36 PM,8/24/25 12:38 PM,1 minute and 28 seconds,Mayra Luna
Tink-a-Tako - Potranco,Giselle Cisneross,264,,Lobby,,8/24/25 12:39 PM,8/24/25 12:39 PM,38 seconds,Mayra Luna
Tink-a-Tako - Potranco,Esperansa Caviedes,19002,39,Lobby,,8/24/25 12:37 PM,8/24/25 12:39 PM,2 minutes and 41 seconds,Mayra Luna
Tink-a-Tako - Potranco,Isabel Cisneros,263,7,Lobby,,8/24/25 12:38 PM,8/24/25 12:42 PM,3 minutes and 22 seconds,Mayra Luna
Tink-a-Tako - Potranco,Esperansa Caviedes,19002,39,,2,8/24/25 12:39 PM,8/24/25 12:43 PM,3 minutes and 5 seconds,Mayra Luna
Tink-a-Tako - Potranco,Isabel Cisneros,246,24,,2,8/24/25 12:30 PM,8/24/25 12:43 PM,12 minutes and 31 seconds,Mayra Luna
Tink-a-Tako - Potranco,Esperansa Caviedes,236,22,,2,8/24/25 12:23 PM,8/24/25 12:43 PM,19 minutes and 39 seconds,Mayra Luna
Tink-a-Tako - Potranco,Giselle Cisneross,265,,Lobby,,8/24/25 12:40 PM,8/24/25 12:43 PM,2 minutes and 13 seconds,Mayra Luna
Tink-a-Tako - Potranco,Rosa Compean,260,32,,2,8/24/25 12:36 PM,8/24/25 12:43 PM,6 minutes and 10 seconds,Mayra Luna
Tink-a-Tako - Potranco,Rosa Compean,242,15,,2,8/24/25 12:23 PM,8/24/25 12:43 PM,19 minutes and 36 seconds,Mayra Luna
Tink-a-Tako - Potranco,Maria Majana,247,37,,2,8/24/25 12:27 PM,8/24/25 12:43 PM,15 minutes and 24 seconds,Mayra Luna
Tink-a-Tako - Potranco,Silvia Hernandez,244,25,,2,8/24/25 12:29 PM,8/24/25 12:43 PM,13 minutes and 34 seconds,Mayra Luna
Tink-a-Tako - Potranco,Esperansa Caviedes,232,34,,2,8/24/25 12:25 PM,8/24/25 12:43 PM,17 minutes and 59 seconds,Mayra Luna
Tink-a-Tako - Potranco,Isabel Cisneros,263,7,,2,8/24/25 12:42 PM,8/24/25 12:43 PM,1 minute and 10 seconds,Mayra Luna
Tink-a-Tako - Potranco,Silvia Hernandez,234,21,,2,8/24/25 12:26 PM,8/24/25 12:43 PM,16 minutes and 46 seconds,Mayra Luna
Tink-a-Tako - Potranco,Giselle Cisneross,266,,Lobby,,8/24/25 12:41 PM,8/24/25 12:43 PM,1 minute and 57 seconds,Mayra Luna
Tink-a-Tako - Potranco,Giselle Cisneross,266,,Prep,,8/24/25 12:41 PM,8/24/25 12:43 PM,1 minute and 57 seconds,Mayra Luna
Tink-a-Tako - Potranco,Silvia Hernandez,269,10,Lobby,,8/24/25 12:44 PM,8/24/25 12:47 PM,3 minutes and 5 seconds,Mayra Luna
Tink-a-Tako - Potranco,Silvia Hernandez,269,10,Prep,,8/24/25 12:44 PM,8/24/25 12:47 PM,3 minutes and 5 seconds,Mayra Luna
Tink-a-Tako - Potranco,Isabel Cisneros,275,11,Lobby,,8/24/25 12:48 PM,8/24/25 12:49 PM,45 seconds,Mayra Luna
Tink-a-Tako - Potranco,Giselle Cisneross,271,,Lobby,,8/24/25 12:46 PM,8/24/25 12:49 PM,2 minutes and 42 seconds,Mayra Luna
Tink-a-Tako - Potranco,Sergio Abundiz,268,40,Lobby,,8/24/25 12:45 PM,8/24/25 12:54 PM,8 minutes and 50 seconds,Mayra Luna
Tink-a-Tako - Potranco,Sergio Abundiz,268,40,Prep,,8/24/25 12:45 PM,8/24/25 12:54 PM,8 minutes and 50 seconds,Mayra Luna
Tink-a-Tako - Potranco,Sergio Abundiz,268,40,Tortillero,,8/24/25 12:45 PM,8/24/25 12:54 PM,8 minutes and 50 seconds,Mayra Luna
Tink-a-Tako - Potranco,Rosa Compean,278,20,Lobby,,8/24/25 12:50 PM,8/24/25 12:55 PM,5 minutes and 45 seconds,Mayra Luna
Tink-a-Tako - Potranco,Silvia Hernandez,273,35,Lobby,,8/24/25 12:50 PM,8/24/25 12:56 PM,5 minutes and 47 seconds,Mayra Luna
Tink-a-Tako - Potranco,Daniela Torres,272,,Lobby,,8/24/25 12:47 PM,8/24/25 12:56 PM,9 minutes and 17 seconds,Mayra Luna
Tink-a-Tako - Potranco,Daniela Torres,272,,Prep,,8/24/25 12:47 PM,8/24/25 12:56 PM,9 minutes and 17 seconds,Mayra Luna
Tink-a-Tako - Potranco,Silvia Hernandez,269,10,Lobby,,8/24/25 12:51 PM,8/24/25 12:56 PM,5 minutes and 37 seconds,Mayra Luna
Tink-a-Tako - Potranco,Silvia Hernandez,269,10,Tortillero,,8/24/25 12:51 PM,8/24/25 12:56 PM,5 minutes and 37 seconds,Mayra Luna
Tink-a-Tako - Potranco,Isabel Cisneros,275,11,Lobby,,8/24/25 12:48 PM,8/24/25 1:00 PM,12 minutes and 30 seconds,Mayra Luna
Tink-a-Tako - Potranco,Giselle Cisneross,280,,Lobby,,8/24/25 12:52 PM,8/24/25 1:00 PM,8 minutes and 23 seconds,Mayra Luna
Tink-a-Tako - Potranco,Rosa Compean,279,1,Lobby,,8/24/25 12:51 PM,8/24/25 1:00 PM,9 minutes and 34 seconds,Mayra Luna
Tink-a-Tako - Potranco,Rosa Compean,279,1,Prep,,8/24/25 12:51 PM,8/24/25 1:00 PM,9 minutes and 34 seconds,Mayra Luna
Tink-a-Tako - Potranco,Rosa Compean,279,1,Tortillero,,8/24/25 12:51 PM,8/24/25 1:00 PM,9 minutes and 34 seconds,Mayra Luna
Tink-a-Tako - Potranco,Giselle Cisneross,276,,Lobby,,8/24/25 12:48 PM,8/24/25 1:00 PM,11 minutes and 11 seconds,Mayra Luna
Tink-a-Tako - Potranco,Giselle Cisneross,281,,Lobby,,8/24/25 12:55 PM,8/24/25 1:01 PM,6 minutes and 12 seconds,Mayra Luna
Tink-a-Tako - Potranco,Giselle Cisneross,281,,Prep,,8/24/25 12:55 PM,8/24/25 1:01 PM,6 minutes and 12 seconds,Mayra Luna
Tink-a-Tako - Potranco,Giselle Cisneross,284,,Lobby,,8/24/25 12:57 PM,8/24/25 1:02 PM,5 minutes and 50 seconds,Mayra Luna
Tink-a-Tako - Potranco,Isabel Cisneros,286,33,Lobby,,8/24/25 1:01 PM,8/24/25 1:04 PM,3 minutes and 1 second,Mayra Luna
Tink-a-Tako - Potranco,Isabel Cisneros,275,11,Lobby,,8/24/25 1:03 PM,8/24/25 1:04 PM,1 minute and 1 second,Mayra Luna
Tink-a-Tako - Potranco,Giselle Cisneross,285,,Lobby,,8/24/25 12:59 PM,8/24/25 1:04 PM,5 minutes and 20 seconds,Mayra Luna
Tink-a-Tako - Potranco,Maria Majana,283,18,Lobby,,8/24/25 12:59 PM,8/24/25 1:06 PM,6 minutes and 50 seconds,Mayra Luna
Tink-a-Tako - Potranco,Maria Majana,283,18,Prep,,8/24/25 12:59 PM,8/24/25 1:06 PM,6 minutes and 50 seconds,Mayra Luna
Tink-a-Tako - Potranco,Giselle Cisneross,287,,Lobby,,8/24/25 1:04 PM,8/24/25 1:06 PM,1 minute and 55 seconds,Mayra Luna
Tink-a-Tako - Potranco,Giselle Cisneross,287,,Prep,,8/24/25 1:04 PM,8/24/25 1:06 PM,1 minute and 55 seconds,Mayra Luna
Tink-a-Tako - Potranco,Giselle Cisneross,288,,Lobby,,8/24/25 1:07 PM,8/24/25 1:08 PM,1 minute and 12 seconds,Mayra Luna
Tink-a-Tako - Potranco,Giselle Cisneross,289,,Lobby,,8/24/25 1:09 PM,8/24/25 1:09 PM,33 seconds,Mayra Luna
Tink-a-Tako - Potranco,Giselle Cisneross,291,,Lobby,,8/24/25 1:11 PM,8/24/25 1:12 PM,1 minute and 10 seconds,Mayra Luna
Tink-a-Tako - Potranco,Esperansa Caviedes,290,22,Lobby,,8/24/25 1:09 PM,8/24/25 1:13 PM,3 minutes and 50 seconds,Mayra Luna
Tink-a-Tako - Potranco,Esperansa Caviedes,290,22,Tortillero,,8/24/25 1:09 PM,8/24/25 1:13 PM,3 minutes and 50 seconds,Mayra Luna
Tink-a-Tako - Potranco,Silvia Hernandez,292,25,Lobby,,8/24/25 1:10 PM,8/24/25 1:13 PM,3 minutes and 13 seconds,Mayra Luna
Tink-a-Tako - Potranco,Daniela Torres,13002,,Lobby,,8/24/25 1:13 PM,8/24/25 1:13 PM,26 seconds,Mayra Luna
Tink-a-Tako - Potranco,Giselle Cisneross,293,,Lobby,,8/24/25 1:12 PM,8/24/25 1:15 PM,3 minutes and 29 seconds,Mayra Luna
Tink-a-Tako - Potranco,Giselle Cisneross,293,,Prep,,8/24/25 1:12 PM,8/24/25 1:15 PM,3 minutes and 29 seconds,Mayra Luna
Tink-a-Tako - Potranco,Silvia Hernandez,292,25,Lobby,,8/24/25 1:12 PM,8/24/25 1:15 PM,3 minutes and 4 seconds,Mayra Luna
Tink-a-Tako - Potranco,Giselle Cisneross,294,,Lobby,,8/24/25 1:15 PM,8/24/25 1:18 PM,2 minutes and 49 seconds,Mayra Luna
Tink-a-Tako - Potranco,Rosa Compean,295,34,Lobby,,8/24/25 1:18 PM,8/24/25 1:21 PM,3 minutes and 38 seconds,Mayra Luna
Tink-a-Tako - Potranco,Sergio Abundiz,296,32,Lobby,,8/24/25 1:17 PM,8/24/25 1:21 PM,3 minutes and 49 seconds,Mayra Luna
Tink-a-Tako - Potranco,Isabel Cisneros,299,17,Lobby,,8/24/25 1:19 PM,8/24/25 1:23 PM,4 minutes,Mayra Luna
Tink-a-Tako - Potranco,Giselle Cisneross,298,,Lobby,,8/24/25 1:21 PM,8/24/25 1:24 PM,3 minutes and 10 seconds,Mayra Luna
Tink-a-Tako - Potranco,Giselle Cisneross,298,,Prep,,8/24/25 1:21 PM,8/24/25 1:24 PM,3 minutes and 10 seconds,Mayra Luna
Tink-a-Tako - Potranco,Daniela Torres,300,,Lobby,,8/24/25 1:21 PM,8/24/25 1:24 PM,3 minutes and 4 seconds,Mayra Luna
Tink-a-Tako - Potranco,Giselle Cisneross,301,,Lobby,,8/24/25 1:24 PM,8/24/25 1:25 PM,1 minute and 5 seconds,Mayra Luna
Tink-a-Tako - Potranco,Rosa Compean,295,34,Lobby,,8/24/25 1:25 PM,8/24/25 1:25 PM,14 seconds,Mayra Luna
Tink-a-Tako - Potranco,Mayra Luna,15,,Lobby,,8/24/25 1:22 PM,8/24/25 1:26 PM,3 minutes and 52 seconds,Mayra Luna
Tink-a-Tako - Potranco,Giselle Cisneross,303,,Lobby,,8/24/25 1:27 PM,8/24/25 1:28 PM,1 minute and 11 seconds,Mayra Luna
Tink-a-Tako - Potranco,Giselle Cisneross,303,,Prep,,8/24/25 1:27 PM,8/24/25 1:28 PM,1 minute and 11 seconds,Mayra Luna
Tink-a-Tako - Potranco,Silvia Hernandez,292,25,,2,8/24/25 1:13 PM,8/24/25 1:31 PM,17 minutes and 37 seconds,Mayra Luna
Tink-a-Tako - Potranco,Esperansa Caviedes,290,22,,2,8/24/25 1:13 PM,8/24/25 1:31 PM,17 minutes and 38 seconds,Mayra Luna
Tink-a-Tako - Potranco,Daniela Torres,13002,,,2,8/24/25 1:13 PM,8/24/25 1:31 PM,17 minutes and 28 seconds,Mayra Luna
Tink-a-Tako - Potranco,Rosa Compean,295,34,,2,8/24/25 1:21 PM,8/24/25 1:31 PM,9 minutes and 30 seconds,Mayra Luna
Tink-a-Tako - Potranco,Silvia Hernandez,292,25,,2,8/24/25 1:15 PM,8/24/25 1:31 PM,15 minutes and 30 seconds,Mayra Luna
Tink-a-Tako - Potranco,Esperansa Caviedes,297,19,Lobby,,8/24/25 1:23 PM,8/24/25 1:35 PM,11 minutes and 50 seconds,Mayra Luna
Tink-a-Tako - Potranco,Esperansa Caviedes,297,19,Prep,,8/24/25 1:23 PM,8/24/25 1:35 PM,11 minutes and 50 seconds,Mayra Luna
Tink-a-Tako - Potranco,Esperansa Caviedes,297,19,Tortillero,,8/24/25 1:23 PM,8/24/25 1:35 PM,11 minutes and 50 seconds,Mayra Luna
Tink-a-Tako - Potranco,Sergio Abundiz,304,38,Lobby,,8/24/25 1:27 PM,8/24/25 1:35 PM,7 minutes and 26 seconds,Mayra Luna
Tink-a-Tako - Potranco,Esperansa Caviedes,302,37,Lobby,,8/24/25 1:29 PM,8/24/25 1:35 PM,5 minutes and 32 seconds,Mayra Luna
Tink-a-Tako - Potranco,Rosa Compean,305,7,Lobby,,8/24/25 1:28 PM,8/24/25 1:35 PM,6 minutes and 53 seconds,Mayra Luna
Tink-a-Tako - Potranco,Silvia Hernandez,306,18,Lobby,,8/24/25 1:31 PM,8/24/25 1:35 PM,4 minutes and 14 seconds,Mayra Luna
Tink-a-Tako - Potranco,Silvia Hernandez,306,18,Prep,,8/24/25 1:31 PM,8/24/25 1:35 PM,4 minutes and 14 seconds,Mayra Luna
Tink-a-Tako - Potranco,Isabel Cisneros,312,39,Lobby,,8/24/25 1:37 PM,8/24/25 1:38 PM,48 seconds,Mayra Luna
Tink-a-Tako - Potranco,Daniela Torres,307,,Lobby,,8/24/25 1:31 PM,8/24/25 1:38 PM,6 minutes and 35 seconds,Mayra Luna
Tink-a-Tako - Potranco,Isabel Cisneros,308,33,Lobby,,8/24/25 1:35 PM,8/24/25 1:38 PM,3 minutes and 39 seconds,Mayra Luna
Tink-a-Tako - Potranco,Giselle Cisneross,309,,Lobby,,8/24/25 1:36 PM,8/24/25 1:38 PM,2 minutes and 40 seconds,Mayra Luna
Tink-a-Tako - Potranco,Rosa Compean,311,21,Lobby,,8/24/25 1:37 PM,8/24/25 1:39 PM,1 minute and 59 seconds,Mayra Luna
Tink-a-Tako - Potranco,Giselle Cisneross,314,,Lobby,,8/24/25 1:39 PM,8/24/25 1:41 PM,1 minute and 57 seconds,Mayra Luna
Tink-a-Tako - Potranco,Giselle Cisneross,314,,Prep,,8/24/25 1:39 PM,8/24/25 1:41 PM,1 minute and 57 seconds,Mayra Luna
Tink-a-Tako - Potranco,Giselle Cisneross,310,,Lobby,,8/24/25 1:37 PM,8/24/25 1:41 PM,3 minutes and 53 seconds,Mayra Luna
Tink-a-Tako - Potranco,Giselle Cisneross,315,,Tortillero,,8/24/25 1:39 PM,8/24/25 1:42 PM,3 minutes and 9 seconds,Mayra Luna
Tink-a-Tako - Potranco,Giselle Cisneross,315,,Lobby,,8/24/25 1:39 PM,8/24/25 1:42 PM,3 minutes and 9 seconds,Mayra Luna
Tink-a-Tako - Potranco,Rosa Compean,316,35,Lobby,,8/24/25 1:46 PM,8/24/25 1:47 PM,58 seconds,Mayra Luna
Tink-a-Tako - Potranco,Rosa Compean,316,35,Prep,,8/24/25 1:46 PM,8/24/25 1:47 PM,58 seconds,Mayra Luna
Tink-a-Tako - Potranco,Rosa Compean,295,34,,2,8/24/25 1:25 PM,8/24/25 1:49 PM,23 minutes and 22 seconds,Mayra Luna
Tink-a-Tako - Potranco,Sergio Abundiz,304,38,,2,8/24/25 1:35 PM,8/24/25 1:49 PM,13 minutes and 52 seconds,Mayra Luna
Tink-a-Tako - Potranco,Rosa Compean,305,7,,2,8/24/25 1:35 PM,8/24/25 1:49 PM,13 minutes and 55 seconds,Mayra Luna
Tink-a-Tako - Potranco,Esperansa Caviedes,302,37,,2,8/24/25 1:35 PM,8/24/25 1:49 PM,13 minutes and 51 seconds,Mayra Luna
Tink-a-Tako - Potranco,Daniela Torres,300,,,2,8/24/25 1:24 PM,8/24/25 1:49 PM,24 minutes and 57 seconds,Mayra Luna
Tink-a-Tako - Potranco,Mayra Luna,15,,,2,8/24/25 1:26 PM,8/24/25 1:49 PM,22 minutes and 34 seconds,Mayra Luna
Tink-a-Tako - Potranco,Silvia Hernandez,306,18,,2,8/24/25 1:35 PM,8/24/25 1:49 PM,13 minutes and 54 seconds,Mayra Luna
Tink-a-Tako - Potranco,Esperansa Caviedes,297,19,,2,8/24/25 1:35 PM,8/24/25 1:49 PM,14 minutes and 2 seconds,Mayra Luna
Tink-a-Tako - Potranco,Daniela Torres,307,,,2,8/24/25 1:38 PM,8/24/25 1:49 PM,10 minutes and 41 seconds,Mayra Luna
Tink-a-Tako - Potranco,Isabel Cisneros,308,33,,2,8/24/25 1:38 PM,8/24/25 1:49 PM,10 minutes and 34 seconds,Mayra Luna
Tink-a-Tako - Potranco,Sergio Abundiz,296,32,,2,8/24/25 1:21 PM,8/24/25 1:49 PM,27 minutes and 33 seconds,Mayra Luna
Tink-a-Tako - Potranco,Rosa Compean,311,21,,2,8/24/25 1:39 PM,8/24/25 1:49 PM,9 minutes and 56 seconds,Mayra Luna
Tink-a-Tako - Potranco,Isabel Cisneros,312,39,,2,8/24/25 1:38 PM,8/24/25 1:49 PM,10 minutes and 50 seconds,Mayra Luna
Tink-a-Tako - Potranco,Isabel Cisneros,299,17,,2,8/24/25 1:23 PM,8/24/25 1:49 PM,25 minutes and 23 seconds,Mayra Luna
Tink-a-Tako - Potranco,Isabel Cisneros,275,11,,2,8/24/25 1:04 PM,8/24/25 1:49 PM,44 minutes and 35 seconds,Mayra Luna
Tink-a-Tako - Potranco,Isabel Cisneros,286,33,,2,8/24/25 1:04 PM,8/24/25 1:49 PM,44 minutes and 36 seconds,Mayra Luna
Tink-a-Tako - Potranco,Maria Majana,283,18,,2,8/24/25 1:06 PM,8/24/25 1:49 PM,42 minutes and 54 seconds,Mayra Luna
Tink-a-Tako - Potranco,Giselle Cisneross,315,,,2,8/24/25 1:42 PM,8/24/25 1:49 PM,6 minutes and 26 seconds,Mayra Luna
Tink-a-Tako - Potranco,Giselle Cisneross,314,,,2,8/24/25 1:41 PM,8/24/25 1:49 PM,8 minutes and 8 seconds,Mayra Luna
Tink-a-Tako - Potranco,Rosa Compean,279,1,,2,8/24/25 1:00 PM,8/24/25 1:49 PM,48 minutes and 44 seconds,Mayra Luna
Tink-a-Tako - Potranco,Rosa Compean,278,20,,2,8/24/25 12:55 PM,8/24/25 1:49 PM,53 minutes and 36 seconds,Mayra Luna
Tink-a-Tako - Potranco,Sergio Abundiz,268,40,,2,8/24/25 12:54 PM,8/24/25 1:49 PM,54 minutes and 51 seconds,Mayra Luna
Tink-a-Tako - Potranco,Rosa Compean,316,35,,2,8/24/25 1:47 PM,8/24/25 1:49 PM,1 minute and 37 seconds,Mayra Luna
Tink-a-Tako - Potranco,Silvia Hernandez,269,10,,2,8/24/25 12:47 PM,8/24/25 1:49 PM,"1 hour, 1 minute and 34 seconds",Mayra Luna
Tink-a-Tako - Potranco,Isabel Cisneros,275,11,,2,8/24/25 1:00 PM,8/24/25 1:49 PM,48 minutes and 59 seconds,Mayra Luna
Tink-a-Tako - Potranco,Isabel Cisneros,275,11,,2,8/24/25 12:49 PM,8/24/25 1:49 PM,1 hour and 29 seconds,Mayra Luna
Tink-a-Tako - Potranco,Silvia Hernandez,273,35,,2,8/24/25 12:56 PM,8/24/25 1:49 PM,52 minutes and 51 seconds,Mayra Luna
Tink-a-Tako - Potranco,Esperansa Caviedes,318,2,Lobby,,8/24/25 1:45 PM,8/24/25 1:50 PM,4 minutes and 37 seconds,Mayra Luna
Tink-a-Tako - Potranco,Silvia Hernandez,269,10,,2,8/24/25 12:56 PM,8/24/25 1:49 PM,52 minutes and 49 seconds,Mayra Luna
Tink-a-Tako - Potranco,Maria Majana,319,15,Lobby,,8/24/25 1:44 PM,8/24/25 1:50 PM,5 minutes and 37 seconds,Mayra Luna
Tink-a-Tako - Potranco,Giselle Cisneross,317,,Lobby,,8/24/25 1:43 PM,8/24/25 1:50 PM,6 minutes and 32 seconds,Mayra Luna
Tink-a-Tako - Potranco,Giselle Cisneross,317,,Tortillero,,8/24/25 1:43 PM,8/24/25 1:50 PM,6 minutes and 32 seconds,Mayra Luna
Tink-a-Tako - Potranco,Giselle Cisneross,317,,Prep,,8/24/25 1:43 PM,8/24/25 1:50 PM,6 minutes and 32 seconds,Mayra Luna
Tink-a-Tako - Potranco,Isabel Cisneros,275,11,Lobby,,8/24/25 1:43 PM,8/24/25 1:52 PM,8 minutes and 25 seconds,Mayra Luna
Tink-a-Tako - Potranco,Isabel Cisneros,275,11,Prep,,8/24/25 1:43 PM,8/24/25 1:52 PM,8 minutes and 25 seconds,Mayra Luna
Tink-a-Tako - Potranco,Isabel Cisneros,275,11,Tortillero,,8/24/25 1:43 PM,8/24/25 1:52 PM,8 minutes and 25 seconds,Mayra Luna
Tink-a-Tako - Potranco,Rosa Compean,316,35,Lobby,,8/24/25 1:43 PM,8/24/25 1:52 PM,8 minutes and 49 seconds,Mayra Luna
Tink-a-Tako - Potranco,Rosa Compean,316,35,Prep,,8/24/25 1:43 PM,8/24/25 1:52 PM,8 minutes and 49 seconds,Mayra Luna
Tink-a-Tako - Potranco,Silvia Hernandez,9002,20,Lobby,,8/24/25 1:47 PM,8/24/25 1:52 PM,5 minutes,Mayra Luna
Tink-a-Tako - Potranco,Silvia Hernandez,9002,20,Prep,,8/24/25 1:47 PM,8/24/25 1:52 PM,5 minutes,Mayra Luna
Tink-a-Tako - Potranco,Silvia Hernandez,9002,20,Tortillero,,8/24/25 1:47 PM,8/24/25 1:52 PM,5 minutes,Mayra Luna
Tink-a-Tako - Potranco,Giselle Cisneross,16001,,Lobby,,8/24/25 1:51 PM,8/24/25 1:52 PM,1 minute and 25 seconds,Mayra Luna
Tink-a-Tako - Potranco,Isabel Cisneros,320,42,Lobby,,8/24/25 1:49 PM,8/24/25 1:53 PM,3 minutes and 40 seconds,Mayra Luna
Tink-a-Tako - Potranco,Giselle Cisneross,323,,Lobby,,8/24/25 1:53 PM,8/24/25 1:54 PM,56 seconds,Mayra Luna
Tink-a-Tako - Potranco,Giselle Cisneross,323,,Prep,,8/24/25 1:53 PM,8/24/25 1:54 PM,56 seconds,Mayra Luna
Tink-a-Tako - Potranco,Silvia Hernandez,9002,20,,2,8/24/25 1:54 PM,8/24/25 1:54 PM,15 seconds,Mayra Luna
Tink-a-Tako - Potranco,Sergio Abundiz,322,9,Lobby,,8/24/25 1:54 PM,8/24/25 1:57 PM,3 minutes and 8 seconds,Mayra Luna
Tink-a-Tako - Potranco,Sergio Abundiz,322,9,Prep,,8/24/25 1:54 PM,8/24/25 1:57 PM,3 minutes and 8 seconds,Mayra Luna
Tink-a-Tako - Potranco,Maria Majana,321,17,Lobby,,8/24/25 1:54 PM,8/24/25 1:58 PM,3 minutes and 57 seconds,Mayra Luna
Tink-a-Tako - Potranco,Maria Majana,321,17,Prep,,8/24/25 1:54 PM,8/24/25 1:58 PM,3 minutes and 57 seconds,Mayra Luna
Tink-a-Tako - Potranco,Esperansa Caviedes,313,24,Lobby,,8/24/25 1:48 PM,8/24/25 1:58 PM,9 minutes and 36 seconds,Mayra Luna
Tink-a-Tako - Potranco,Esperansa Caviedes,313,24,Prep,,8/24/25 1:48 PM,8/24/25 1:58 PM,9 minutes and 36 seconds,Mayra Luna
Tink-a-Tako - Potranco,Esperansa Caviedes,313,24,Tortillero,,8/24/25 1:48 PM,8/24/25 1:58 PM,9 minutes and 36 seconds,Mayra Luna
Tink-a-Tako - Potranco,Esperansa Caviedes,297,19,Lobby,,8/24/25 1:50 PM,8/24/25 1:58 PM,7 minutes and 41 seconds,Mayra Luna
Tink-a-Tako - Potranco,Esperansa Caviedes,297,19,Prep,,8/24/25 1:50 PM,8/24/25 1:58 PM,7 minutes and 41 seconds,Mayra Luna
Tink-a-Tako - Potranco,Esperansa Caviedes,297,19,Tortillero,,8/24/25 1:50 PM,8/24/25 1:58 PM,7 minutes and 41 seconds,Mayra Luna
Tink-a-Tako - Potranco,Giselle Cisneross,326,,Lobby,,8/24/25 1:57 PM,8/24/25 1:58 PM,1 minute and 29 seconds,Mayra Luna
Tink-a-Tako - Potranco,Giselle Cisneross,326,,Prep,,8/24/25 1:57 PM,8/24/25 1:58 PM,1 minute and 29 seconds,Mayra Luna
Tink-a-Tako - Potranco,Rosa Compean,324,25,Lobby,,8/24/25 1:56 PM,8/24/25 1:59 PM,2 minutes and 54 seconds,Mayra Luna
Tink-a-Tako - Potranco,Rosa Compean,324,25,Lobby,,8/24/25 1:56 PM,8/24/25 2:00 PM,4 minutes and 41 seconds,Mayra Luna
Tink-a-Tako - Potranco,Rosa Compean,324,25,Prep,,8/24/25 1:56 PM,8/24/25 2:00 PM,4 minutes and 41 seconds,Mayra Luna
Tink-a-Tako - Potranco,Giselle Cisneross,16002,,Lobby,,8/24/25 2:04 PM,8/24/25 2:05 PM,43 seconds,Mayra Luna
Tink-a-Tako - Potranco,Isabel Cisneros,330,4,Lobby,,8/24/25 2:06 PM,8/24/25 2:10 PM,3 minutes and 41 seconds,Mayra Luna
Tink-a-Tako - Potranco,Giselle Cisneross,332,,Lobby,,8/24/25 2:10 PM,8/24/25 2:10 PM,51 seconds,Mayra Luna
Tink-a-Tako - Potranco,Giselle Cisneross,16001,,,2,8/24/25 1:52 PM,8/24/25 2:11 PM,19 minutes and 7 seconds,Mayra Luna
Tink-a-Tako - Potranco,Isabel Cisneros,320,42,,2,8/24/25 1:53 PM,8/24/25 2:11 PM,18 minutes and 44 seconds,Mayra Luna
Tink-a-Tako - Potranco,Esperansa Caviedes,313,24,,2,8/24/25 1:58 PM,8/24/25 2:11 PM,13 minutes and 18 seconds,Mayra Luna
Tink-a-Tako - Potranco,Silvia Hernandez,9002,20,,2,8/24/25 1:52 PM,8/24/25 2:11 PM,19 minutes and 20 seconds,Mayra Luna
Tink-a-Tako - Potranco,Maria Majana,321,17,,2,8/24/25 1:58 PM,8/24/25 2:11 PM,13 minutes and 37 seconds,Mayra Luna
Tink-a-Tako - Potranco,Rosa Compean,324,25,,2,8/24/25 2:00 PM,8/24/25 2:11 PM,11 minutes and 4 seconds,Mayra Luna
Tink-a-Tako - Potranco,Rosa Compean,324,25,,2,8/24/25 1:59 PM,8/24/25 2:11 PM,12 minutes and 5 seconds,Mayra Luna
Tink-a-Tako - Potranco,Sergio Abundiz,322,9,,2,8/24/25 1:57 PM,8/24/25 2:11 PM,14 minutes and 24 seconds,Mayra Luna
Tink-a-Tako - Potranco,Giselle Cisneross,333,,Lobby,,8/24/25 2:10 PM,8/24/25 2:12 PM,1 minute and 35 seconds,Mayra Luna
Tink-a-Tako - Potranco,Giselle Cisneross,333,,Prep,,8/24/25 2:10 PM,8/24/25 2:12 PM,1 minute and 35 seconds,Mayra Luna
Tink-a-Tako - Potranco,Giselle Cisneross,335,,Lobby,,8/24/25 2:12 PM,8/24/25 2:15 PM,2 minutes and 29 seconds,Mayra Luna
Tink-a-Tako - Potranco,Rosa Compean,331,36,Lobby,,8/24/25 2:08 PM,8/24/25 2:16 PM,8 minutes and 19 seconds,Mayra Luna
Tink-a-Tako - Potranco,Rosa Compean,331,36,Prep,,8/24/25 2:08 PM,8/24/25 2:16 PM,8 minutes and 19 seconds,Mayra Luna
Tink-a-Tako - Potranco,Rosa Compean,331,36,Tortillero,,8/24/25 2:08 PM,8/24/25 2:16 PM,8 minutes and 19 seconds,Mayra Luna
Tink-a-Tako - Potranco,Giselle Cisneross,337,,Lobby,,8/24/25 2:14 PM,8/24/25 2:17 PM,2 minutes and 8 seconds,Mayra Luna
Tink-a-Tako - Potranco,Rosa Compean,336,7,Lobby,,8/24/25 2:12 PM,8/24/25 2:20 PM,7 minutes and 14 seconds,Mayra Luna
Tink-a-Tako - Potranco,Rosa Compean,336,7,Prep,,8/24/25 2:12 PM,8/24/25 2:20 PM,7 minutes and 14 seconds,Mayra Luna
Tink-a-Tako - Potranco,Rosa Compean,336,7,Tortillero,,8/24/25 2:12 PM,8/24/25 2:20 PM,7 minutes and 14 seconds,Mayra Luna
Tink-a-Tako - Potranco,Silvia Hernandez,334,12,Lobby,,8/24/25 2:12 PM,8/24/25 2:20 PM,7 minutes and 47 seconds,Mayra Luna
Tink-a-Tako - Potranco,Rosa Compean,336,7,,2,8/24/25 2:20 PM,8/24/25 2:22 PM,2 minutes,Mayra Luna
Tink-a-Tako - Potranco,Silvia Hernandez,334,12,,2,8/24/25 2:20 PM,8/24/25 2:22 PM,1 minute and 52 seconds,Mayra Luna
Tink-a-Tako - Potranco,Rosa Compean,331,36,,2,8/24/25 2:16 PM,8/24/25 2:22 PM,5 minutes and 12 seconds,Mayra Luna
Tink-a-Tako - Potranco,Isabel Cisneros,330,4,,2,8/24/25 2:10 PM,8/24/25 2:22 PM,11 minutes and 44 seconds,Mayra Luna
Tink-a-Tako - Potranco,Isabel Cisneros,275,11,,2,8/24/25 1:52 PM,8/24/25 2:22 PM,29 minutes and 52 seconds,Mayra Luna
Tink-a-Tako - Potranco,Esperansa Caviedes,318,2,,2,8/24/25 1:50 PM,8/24/25 2:22 PM,32 minutes and 1 second,Mayra Luna
Tink-a-Tako - Potranco,Maria Majana,319,15,,2,8/24/25 1:50 PM,8/24/25 2:22 PM,31 minutes and 53 seconds,Mayra Luna
Tink-a-Tako - Potranco,Esperansa Caviedes,297,19,,2,8/24/25 1:58 PM,8/24/25 2:22 PM,23 minutes and 51 seconds,Mayra Luna
Tink-a-Tako - Potranco,Rosa Compean,316,35,,2,8/24/25 1:52 PM,8/24/25 2:22 PM,29 minutes and 55 seconds,Mayra Luna
Tink-a-Tako - Potranco,Esperansa Caviedes,328,10,Lobby,,8/24/25 2:12 PM,8/24/25 2:24 PM,11 minutes and 20 seconds,Mayra Luna
Tink-a-Tako - Potranco,Giselle Cisneross,338,,Lobby,,8/24/25 2:20 PM,8/24/25 2:25 PM,4 minutes and 57 seconds,Mayra Luna
Tink-a-Tako - Potranco,Giselle Cisneross,339,,Lobby,,8/24/25 2:25 PM,8/24/25 2:27 PM,2 minutes and 4 seconds,Mayra Luna
Tink-a-Tako - Potranco,Giselle Cisneross,339,,Prep,,8/24/25 2:25 PM,8/24/25 2:27 PM,2 minutes and 4 seconds,Mayra Luna
Tink-a-Tako - Potranco,Esperansa Caviedes,328,10,Lobby,,8/24/25 2:33 PM,8/24/25 2:33 PM,36 seconds,Mayra Luna
Tink-a-Tako - Potranco,Isabel Cisneros,341,18,Lobby,,8/24/25 2:28 PM,8/24/25 2:35 PM,7 minutes and 33 seconds,Mayra Luna
Tink-a-Tako - Potranco,Rosa Compean,344,25,Lobby,,8/24/25 2:35 PM,8/24/25 2:39 PM,4 minutes and 23 seconds,Mayra Luna
Tink-a-Tako - Potranco,Rosa Compean,343,19,Lobby,,8/24/25 2:34 PM,8/24/25 2:40 PM,6 minutes and 21 seconds,Mayra Luna
Tink-a-Tako - Potranco,Giselle Cisneross,342,,Lobby,,8/24/25 2:29 PM,8/24/25 2:43 PM,14 minutes and 20 seconds,Mayra Luna
Tink-a-Tako - Potranco,Giselle Cisneross,347,,Lobby,,8/24/25 2:38 PM,8/24/25 2:43 PM,4 minutes and 36 seconds,Mayra Luna
Tink-a-Tako - Potranco,Rosa Compean,343,19,,2,8/24/25 2:40 PM,8/24/25 2:44 PM,4 minutes and 6 seconds,Mayra Luna
Tink-a-Tako - Potranco,Esperansa Caviedes,328,10,,2,8/24/25 2:33 PM,8/24/25 2:44 PM,10 minutes and 49 seconds,Mayra Luna
Tink-a-Tako - Potranco,Silvia Hernandez,348,,,2,8/24/25 2:42 PM,8/24/25 2:44 PM,1 minute and 57 seconds,Mayra Luna
Tink-a-Tako - Potranco,Rosa Compean,343,19,Lobby,,8/24/25 2:44 PM,8/24/25 2:46 PM,2 minutes and 15 seconds,Mayra Luna
Tink-a-Tako - Potranco,Esperansa Caviedes,328,10,,2,8/24/25 2:24 PM,8/24/25 2:48 PM,24 minutes and 32 seconds,Mayra Luna
Tink-a-Tako - Potranco,Esperansa Caviedes,340,40,Lobby,,8/24/25 2:44 PM,8/24/25 2:52 PM,7 minutes and 24 seconds,Mayra Luna
Tink-a-Tako - Potranco,Esperansa Caviedes,340,40,Tortillero,,8/24/25 2:44 PM,8/24/25 2:52 PM,7 minutes and 24 seconds,Mayra Luna
Tink-a-Tako - Potranco,Esperansa Caviedes,340,40,Prep,,8/24/25 2:44 PM,8/24/25 2:52 PM,7 minutes and 24 seconds,Mayra Luna
Tink-a-Tako - Potranco,Esperansa Caviedes,340,40,Lobby,,8/24/25 2:54 PM,8/24/25 2:57 PM,2 minutes and 48 seconds,Mayra Luna
Tink-a-Tako - Potranco,Esperansa Caviedes,340,40,,2,8/24/25 2:57 PM,8/24/25 4:06 PM,"1 hour, 9 minutes and 25 seconds",Mayra Luna
Tink-a-Tako - Potranco,Esperansa Caviedes,340,40,,2,8/24/25 2:52 PM,8/24/25 4:06 PM,"1 hour, 14 minutes and 38 seconds",Mayra Luna
Tink-a-Tako - Potranco,Isabel Cisneros,341,18,,2,8/24/25 2:35 PM,8/24/25 4:06 PM,"1 hour, 30 minutes and 53 seconds",Mayra Luna
Tink-a-Tako - Potranco,Rosa Compean,344,25,,2,8/24/25 2:39 PM,8/24/25 4:06 PM,"1 hour, 27 minutes and 6 seconds",Mayra Luna
Tink-a-Tako - Potranco,Rosa Compean,343,19,,2,8/24/25 2:46 PM,8/24/25 4:06 PM,"1 hour, 19 minutes and 56 seconds",Mayra Luna
