Location,Order #,Opened,Server,Table,Revenue Center,Discount Amount,Amount,Tax,Tip,Gratuity,Duration (Opened to Paid)
Tink-a-Tako - Potranco,1,8/24/25 7:57 AM,Giselle Cisneross,,Dining Room,0.00,22.91,1.89,0.00,0.00,00:01:23
Tink-a-Tako - Potranco,2,8/24/25 7:58 AM,Esperansa Caviedes,33,Dining Room,0.00,31.15,2.56,6.23,0.00,00:26:19
Tink-a-Tako - Potranco,3,8/24/25 7:58 AM,Giselle Cisneross,,Dining Room,0.00,28.69,2.36,0.00,0.00,00:05:53
Tink-a-Tako - Potranco,4,8/24/25 8:05 AM,Rosie  ORDONEZ,,Dining Room,0.00,4.29,0.35,0.00,0.00,07:09:59
Tink-a-Tako - Potranco,5,8/24/25 8:07 AM,Giselle Cisneross,,Dining Room,0.00,22.63,1.88,4.00,0.00,00:37:16
Tink-a-Tako - Potranco,6,8/24/25 8:07 AM,Giselle Cisneross,,Dining Room,0.00,18.46,1.52,2.00,0.00,00:08:26
Tink-a-Tako - Potranco,8,8/24/25 8:08 AM,Sergio Abundiz,11,Dining Room,0.00,12.48,1.03,2.00,0.00,00:24:37
Tink-a-Tako - Potranco,10,8/24/25 8:09 AM,Sergio Abundiz,,Dining Room,0.00,13.75,1.13,0.00,0.00,00:01:14
Tink-a-Tako - Potranco,7,8/24/25 8:08 AM,Esperansa Caviedes,35,Dining Room,0.00,22.53,1.86,10.00,0.00,00:49:03
Tink-a-Tako - Potranco,9,8/24/25 8:09 AM,Giselle Cisneross,,Dining Room,0.00,18.25,1.51,5.24,0.00,00:10:35
Tink-a-Tako - Potranco,12,8/24/25 8:14 AM,Giselle Cisneross,,Dining Room,0.00,39.21,3.23,5.00,0.00,00:09:55
Tink-a-Tako - Potranco,13,8/24/25 8:16 AM,Giselle Cisneross,,Dining Room,0.00,13.36,1.11,3.00,0.00,00:11:46
Tink-a-Tako - Potranco,14,8/24/25 8:17 AM,Giselle Cisneross,,Dining Room,0.00,12.95,1.07,0.00,0.00,00:13:45
Tink-a-Tako - Potranco,15,8/24/25 8:18 AM,Mayra Luna,,Dining Room,42.72,0.00,0.00,0.00,0.00,07:34:03
Tink-a-Tako - Potranco,16,8/24/25 8:19 AM,Giselle Cisneross,,Dining Room,0.00,20.18,1.66,3.00,0.00,00:13:12
Tink-a-Tako - Potranco,17,8/24/25 8:24 AM,Giselle Cisneross,,Dining Room,0.00,8.96,0.74,2.00,0.00,00:11:24
Tink-a-Tako - Potranco,20,8/24/25 8:26 AM,Giselle Cisneross,,Dining Room,0.00,11.81,0.97,0.00,0.00,00:10:03
Tink-a-Tako - Potranco,21,8/24/25 8:29 AM,Giselle Cisneross,,Dining Room,0.00,17.53,1.45,0.00,0.00,00:11:26
Tink-a-Tako - Potranco,22,8/24/25 8:30 AM,Esperansa Caviedes,1,Dining Room,0.00,7.96,0.66,0.00,0.00,00:04:04
Tink-a-Tako - Potranco,23,8/24/25 8:31 AM,Giselle Cisneross,,Dining Room,0.00,11.92,0.98,0.00,0.00,00:11:58
Tink-a-Tako - Potranco,24,8/24/25 8:34 AM,Giselle Cisneross,,Dining Room,0.00,17.12,1.42,0.00,0.00,00:12:14
Tink-a-Tako - Potranco,26,8/24/25 8:39 AM,Giselle Cisneross,,Dining Room,0.00,3.98,0.33,0.00,0.00,00:09:00
Tink-a-Tako - Potranco,25,8/24/25 8:39 AM,Rosa Compean,24,Dining Room,0.00,18.75,1.55,11.00,0.00,00:29:15
Tink-a-Tako - Potranco,13001,8/24/25 8:42 AM,Isabel Cisneros,22,Dining Room,0.00,25.95,2.15,0.00,0.00,00:26:46
Tink-a-Tako - Potranco,27,8/24/25 8:42 AM,Giselle Cisneross,,Dining Room,0.00,24.64,2.02,0.00,0.00,00:07:52
Tink-a-Tako - Potranco,28,8/24/25 8:43 AM,Silvia Hernandez,20,Dining Room,0.00,16.76,1.39,0.00,0.00,00:32:14
Tink-a-Tako - Potranco,29,8/24/25 8:44 AM,Giselle Cisneross,,Dining Room,0.00,18.98,1.56,0.00,0.00,00:08:07
Tink-a-Tako - Potranco,31,8/24/25 8:47 AM,Giselle Cisneross,,Dining Room,0.00,3.98,0.32,0.00,0.00,00:06:10
Tink-a-Tako - Potranco,32,8/24/25 8:48 AM,Giselle Cisneross,,Dining Room,0.00,12.15,1.01,0.00,0.00,00:06:15
Tink-a-Tako - Potranco,34,8/24/25 8:54 AM,Giselle Cisneross,,Dining Room,0.00,8.96,0.74,0.00,0.00,00:02:19
Tink-a-Tako - Potranco,35,8/24/25 8:55 AM,Giselle Cisneross,,Dining Room,0.00,23.61,1.94,0.00,0.00,00:05:07
Tink-a-Tako - Potranco,36,8/24/25 8:58 AM,Giselle Cisneross,,Dining Room,0.00,21.99,1.82,0.00,0.00,00:04:03
Tink-a-Tako - Potranco,33,8/24/25 8:53 AM,Maria Majana,34,Dining Room,0.00,65.46,5.41,14.00,0.00,00:45:38
Tink-a-Tako - Potranco,37,8/24/25 8:59 AM,Sergio Abundiz,23,Dining Room,0.00,27.43,2.28,0.00,0.00,00:39:05
Tink-a-Tako - Potranco,40,8/24/25 9:03 AM,Daniela Torres,,Dining Room,0.00,12.37,1.02,0.00,0.00,00:20:23
Tink-a-Tako - Potranco,42,8/24/25 9:06 AM,Isabel Cisneros,7,Dining Room,0.00,24.15,1.99,4.00,0.00,00:27:22
Tink-a-Tako - Potranco,41,8/24/25 9:03 AM,Giselle Cisneross,,Dining Room,0.00,9.96,0.82,0.00,0.00,00:04:47
Tink-a-Tako - Potranco,43,8/24/25 9:07 AM,Giselle Cisneross,,Dining Room,0.00,7.47,0.62,1.00,0.00,00:04:00
Tink-a-Tako - Potranco,44,8/24/25 9:09 AM,Giselle Cisneross,,Dining Room,0.00,18.42,1.52,4.00,0.00,00:10:26
Tink-a-Tako - Potranco,45,8/24/25 9:13 AM,Maria Majana,38,Dining Room,0.00,14.75,1.22,4.00,0.00,00:19:11
Tink-a-Tako - Potranco,46,8/24/25 9:14 AM,Rosa Compean,1,Dining Room,0.00,59.81,4.93,10.00,0.00,00:56:31
Tink-a-Tako - Potranco,48,8/24/25 9:15 AM,Esperansa Caviedes,17,Dining Room,0.00,72.77,5.97,6.00,0.00,03:33:07
Tink-a-Tako - Potranco,47,8/24/25 9:15 AM,Giselle Cisneross,,Dining Room,0.00,18.76,1.54,0.00,0.00,00:06:01
Tink-a-Tako - Potranco,49,8/24/25 9:17 AM,Giselle Cisneross,,Dining Room,0.00,3.98,0.32,1.00,0.00,00:06:35
Tink-a-Tako - Potranco,51,8/24/25 9:22 AM,Sergio Abundiz,32,Dining Room,0.00,30.74,2.54,7.00,0.00,00:59:07
Tink-a-Tako - Potranco,52,8/24/25 9:24 AM,Daniela Torres,,Dining Room,0.00,17.05,1.41,1.00,0.00,00:19:41
Tink-a-Tako - Potranco,53,8/24/25 9:26 AM,Silvia Hernandez,25,Dining Room,0.00,27.41,2.25,6.34,0.00,00:34:19
Tink-a-Tako - Potranco,50,8/24/25 9:21 AM,Giselle Cisneross,,Dining Room,0.00,7.93,0.66,1.59,0.00,00:08:02
Tink-a-Tako - Potranco,56,8/24/25 9:28 AM,Silvia Hernandez,33,Dining Room,0.00,8.97,0.75,0.00,0.00,00:24:26
Tink-a-Tako - Potranco,55,8/24/25 9:28 AM,Giselle Cisneross,,Dining Room,0.00,10.56,0.87,0.00,0.00,00:05:11
Tink-a-Tako - Potranco,57,8/24/25 9:28 AM,Giselle Cisneross,,Dining Room,0.00,9.96,0.82,0.00,0.00,00:06:23
Tink-a-Tako - Potranco,58,8/24/25 9:29 AM,Isabel Cisneros,4,Dining Room,0.00,24.90,2.05,0.00,0.00,00:56:55
Tink-a-Tako - Potranco,59,8/24/25 9:30 AM,Giselle Cisneross,,Dining Room,0.00,26.05,2.15,0.00,0.00,00:07:11
Tink-a-Tako - Potranco,60,8/24/25 9:32 AM,Giselle Cisneross,,Dining Room,0.00,7.56,0.63,0.00,0.00,00:09:14
Tink-a-Tako - Potranco,61,8/24/25 9:34 AM,Giselle Cisneross,,Dining Room,0.00,5.97,0.48,0.00,0.00,00:44:46
Tink-a-Tako - Potranco,63,8/24/25 9:36 AM,Giselle Cisneross,,Dining Room,0.00,9.95,0.82,2.19,0.00,00:09:01
Tink-a-Tako - Potranco,64,8/24/25 9:37 AM,Giselle Cisneross,,Dining Room,0.00,26.24,2.16,2.00,0.00,00:41:30
Tink-a-Tako - Potranco,62,8/24/25 9:34 AM,Maria Majana,9,Dining Room,0.00,28.49,2.35,10.00,0.00,01:17:11
Tink-a-Tako - Potranco,65,8/24/25 9:37 AM,Isabel Cisneros,18,Dining Room,0.00,19.97,1.65,3.00,0.00,00:27:33
Tink-a-Tako - Potranco,67,8/24/25 9:38 AM,Giselle Cisneross,,Dining Room,0.00,0.99,0.08,0.00,0.00,00:00:33
Tink-a-Tako - Potranco,68,8/24/25 9:41 AM,Silvia Hernandez,,Dining Room,0.00,5.98,0.49,0.00,0.00,00:00:32
Tink-a-Tako - Potranco,69,8/24/25 9:41 AM,Giselle Cisneross,,Dining Room,0.00,22.64,1.87,0.00,0.00,00:07:49
Tink-a-Tako - Potranco,70,8/24/25 9:41 AM,Esperansa Caviedes,24,Dining Room,0.00,20.41,1.68,0.00,0.00,00:36:41
Tink-a-Tako - Potranco,72,8/24/25 9:41 AM,Giselle Cisneross,,Dining Room,0.00,17.53,1.44,0.00,0.00,00:10:50
Tink-a-Tako - Potranco,71,8/24/25 9:41 AM,Rosa Compean,41,Dining Room,0.00,68.62,5.69,0.00,13.72,00:44:58
Tink-a-Tako - Potranco,73,8/24/25 9:44 AM,Giselle Cisneross,,Dining Room,0.00,10.75,0.89,0.00,0.00,00:09:19
Tink-a-Tako - Potranco,76,8/24/25 9:46 AM,Giselle Cisneross,,Dining Room,0.00,9.75,0.81,0.00,0.00,00:09:47
Tink-a-Tako - Potranco,77,8/24/25 9:48 AM,Giselle Cisneross,,Dining Room,0.00,5.97,0.49,0.90,0.00,00:10:42
Tink-a-Tako - Potranco,78,8/24/25 9:50 AM,Isabel Cisneros,7,Dining Room,0.00,30.41,2.51,0.00,0.00,00:28:08
Tink-a-Tako - Potranco,79,8/24/25 9:50 AM,Giselle Cisneross,,Dining Room,0.00,6.88,0.56,0.00,0.00,00:09:20
Tink-a-Tako - Potranco,82,8/24/25 9:52 AM,Maria Majana,,Dining Room,0.00,10.47,0.87,2.00,0.00,00:01:02
Tink-a-Tako - Potranco,81,8/24/25 9:52 AM,Esperansa Caviedes,15,Dining Room,0.00,0.00,0.00,0.00,0.00,00:01:31
Tink-a-Tako - Potranco,85,8/24/25 9:53 AM,Giselle Cisneross,,Dining Room,0.00,5.77,0.48,1.15,0.00,00:06:56
Tink-a-Tako - Potranco,80,8/24/25 9:51 AM,Silvia Hernandez,23,Dining Room,0.00,20.96,1.73,0.00,0.00,00:32:13
Tink-a-Tako - Potranco,88,8/24/25 9:54 AM,Giselle Cisneross,,Dining Room,0.00,3.99,0.33,0.00,0.00,00:00:23
Tink-a-Tako - Potranco,86,8/24/25 9:53 AM,Esperansa Caviedes,15,Dining Room,0.00,43.19,3.55,0.00,0.00,00:46:57
Tink-a-Tako - Potranco,90,8/24/25 9:54 AM,Daniela Torres,,Dining Room,0.00,9.36,0.77,0.00,0.00,00:12:06
Tink-a-Tako - Potranco,83,8/24/25 9:53 AM,Sergio Abundiz,22,Dining Room,0.00,41.28,3.41,10.00,0.00,00:59:42
Tink-a-Tako - Potranco,89,8/24/25 9:54 AM,Giselle Cisneross,,Dining Room,0.00,5.48,0.46,0.82,0.00,00:07:01
Tink-a-Tako - Potranco,84,8/24/25 9:53 AM,Rosa Compean,39,Dining Room,0.00,30.22,2.49,0.00,0.00,00:38:12
Tink-a-Tako - Potranco,93,8/24/25 9:55 AM,Giselle Cisneross,,Dining Room,0.00,15.14,1.25,2.27,0.00,00:09:48
Tink-a-Tako - Potranco,91,8/24/25 9:55 AM,Giselle Cisneross,,Dining Room,0.00,11.27,0.92,1.69,0.00,00:08:08
Tink-a-Tako - Potranco,94,8/24/25 9:56 AM,Giselle Cisneross,,Dining Room,0.00,18.74,1.55,0.00,0.00,00:11:18
Tink-a-Tako - Potranco,87,8/24/25 9:54 AM,Maria Majana,11,Dining Room,0.00,44.85,3.69,6.00,0.00,00:25:18
Tink-a-Tako - Potranco,95,8/24/25 9:58 AM,Rosa Compean,33,Dining Room,0.00,23.96,1.98,3.59,0.00,00:28:13
Tink-a-Tako - Potranco,96,8/24/25 10:01 AM,Giselle Cisneross,,Dining Room,0.00,15.17,1.26,1.00,0.00,05:12:53
Tink-a-Tako - Potranco,98,8/24/25 10:02 AM,Isabel Cisneros,19,Dining Room,0.00,23.74,1.96,8.00,0.00,00:38:41
Tink-a-Tako - Potranco,97,8/24/25 10:02 AM,Silvia Hernandez,37,Dining Room,0.00,37.52,3.11,0.00,0.00,00:25:45
Tink-a-Tako - Potranco,99,8/24/25 10:03 AM,Giselle Cisneross,,Dining Room,0.00,17.26,1.41,2.00,0.00,00:10:31
Tink-a-Tako - Potranco,100,8/24/25 10:04 AM,Silvia Hernandez,38,Dining Room,0.00,11.51,0.95,7.00,0.00,00:24:24
Tink-a-Tako - Potranco,101,8/24/25 10:04 AM,Maria Majana,10,Dining Room,0.00,14.48,1.19,4.00,0.00,00:36:29
Tink-a-Tako - Potranco,102,8/24/25 10:06 AM,Giselle Cisneross,,Dining Room,0.00,7.98,0.66,0.00,0.00,00:10:32
Tink-a-Tako - Potranco,104,8/24/25 10:08 AM,Daniela Torres,,Dining Room,1.48,13.30,1.10,0.00,0.00,00:00:29
Tink-a-Tako - Potranco,105,8/24/25 10:08 AM,Giselle Cisneross,,Dining Room,0.00,0.00,0.00,0.00,0.00,00:00:35
Tink-a-Tako - Potranco,103,8/24/25 10:06 AM,Sergio Abundiz,31,Dining Room,0.00,105.88,8.74,9.00,0.00,00:51:38
Tink-a-Tako - Potranco,107,8/24/25 10:10 AM,Giselle Cisneross,,Dining Room,0.00,13.54,1.12,0.00,0.00,00:10:08
Tink-a-Tako - Potranco,109,8/24/25 10:10 AM,Giselle Cisneross,,Dining Room,0.00,18.36,1.51,3.67,0.00,00:11:09
Tink-a-Tako - Potranco,110,8/24/25 10:11 AM,Giselle Cisneross,,Dining Room,0.00,13.73,1.13,2.06,0.00,00:11:54
Tink-a-Tako - Potranco,112,8/24/25 10:11 AM,Giselle Cisneross,,Dining Room,0.00,16.03,1.32,3.21,0.00,00:14:51
Tink-a-Tako - Potranco,113,8/24/25 10:13 AM,Giselle Cisneross,,Dining Room,0.00,8.37,0.68,1.84,0.00,00:15:47
Tink-a-Tako - Potranco,114,8/24/25 10:13 AM,Giselle Cisneross,,Dining Room,0.00,9.47,0.79,0.00,0.00,00:16:17
Tink-a-Tako - Potranco,115,8/24/25 10:13 AM,Daniela Torres,,Dining Room,0.00,14.72,1.22,4.00,0.00,00:13:52
Tink-a-Tako - Potranco,111,8/24/25 10:11 AM,Silvia Hernandez,20,Dining Room,0.00,40.93,3.38,9.00,0.00,00:20:33
Tink-a-Tako - Potranco,116,8/24/25 10:13 AM,Silvia Hernandez,35,Dining Room,0.00,23.72,1.96,0.00,0.00,00:38:43
Tink-a-Tako - Potranco,118,8/24/25 10:16 AM,Esperansa Caviedes,12,Dining Room,0.00,20.97,1.73,5.00,0.00,00:17:37
Tink-a-Tako - Potranco,119,8/24/25 10:18 AM,Isabel Cisneros,24,Dining Room,0.00,29.94,2.48,0.00,0.00,00:28:14
Tink-a-Tako - Potranco,121,8/24/25 10:23 AM,Isabel Cisneros,,Dining Room,0.00,25.67,2.11,0.00,0.00,00:46:11
Tink-a-Tako - Potranco,11001,8/24/25 10:18 AM,Rosa Compean,18,Dining Room,0.00,20.00,1.65,4.33,0.00,01:01:08
Tink-a-Tako - Potranco,122,8/24/25 10:24 AM,Sergio Abundiz,25,Dining Room,0.00,17.97,1.48,0.00,0.00,00:34:50
Tink-a-Tako - Potranco,123,8/24/25 10:26 AM,Giselle Cisneross,,Dining Room,0.00,8.17,0.67,0.00,0.00,00:04:02
Tink-a-Tako - Potranco,124,8/24/25 10:26 AM,Giselle Cisneross,,Dining Room,0.00,8.86,0.73,0.00,0.00,00:05:36
Tink-a-Tako - Potranco,120,8/24/25 10:22 AM,Maria Majana,32,Dining Room,0.00,13.37,1.11,0.00,0.00,00:26:49
Tink-a-Tako - Potranco,125,8/24/25 10:28 AM,Giselle Cisneross,,Dining Room,0.00,8.78,0.72,0.00,0.00,00:06:55
Tink-a-Tako - Potranco,126,8/24/25 10:28 AM,Giselle Cisneross,,Dining Room,0.00,15.05,1.24,0.00,0.00,00:09:07
Tink-a-Tako - Potranco,130,8/24/25 10:29 AM,Giselle Cisneross,,Dining Room,0.00,12.76,1.05,0.00,0.00,00:09:35
Tink-a-Tako - Potranco,129,8/24/25 10:29 AM,Daniela Torres,,Dining Room,0.00,22.55,1.86,0.00,0.00,00:00:39
Tink-a-Tako - Potranco,127,8/24/25 10:28 AM,Esperansa Caviedes,7,Dining Room,0.00,23.72,1.96,3.00,0.00,00:29:25
Tink-a-Tako - Potranco,131,8/24/25 10:29 AM,Giselle Cisneross,,Dining Room,0.00,31.96,2.63,0.00,0.00,00:09:56
Tink-a-Tako - Potranco,128,8/24/25 10:28 AM,Rosa Compean,3,Dining Room,0.00,104.39,8.60,0.00,20.88,00:38:57
Tink-a-Tako - Potranco,132,8/24/25 10:30 AM,Giselle Cisneross,,Dining Room,0.00,28.20,2.33,0.00,0.00,00:15:49
Tink-a-Tako - Potranco,134,8/24/25 10:31 AM,Giselle Cisneross,,Dining Room,0.00,13.46,1.11,0.00,0.00,00:16:36
Tink-a-Tako - Potranco,135,8/24/25 10:31 AM,Giselle Cisneross,,Dining Room,0.00,21.14,1.74,0.00,0.00,00:17:21
Tink-a-Tako - Potranco,133,8/24/25 10:30 AM,Silvia Hernandez,2,Dining Room,0.00,76.93,6.36,15.39,0.00,00:38:17
Tink-a-Tako - Potranco,136,8/24/25 10:32 AM,Giselle Cisneross,,Dining Room,0.00,19.39,1.60,2.91,0.00,00:18:08
Tink-a-Tako - Potranco,138,8/24/25 10:32 AM,Giselle Cisneross,,Dining Room,0.00,20.83,1.71,0.00,0.00,00:18:19
Tink-a-Tako - Potranco,139,8/24/25 10:33 AM,Giselle Cisneross,,Dining Room,0.00,18.07,1.49,0.00,0.00,00:19:29
Tink-a-Tako - Potranco,140,8/24/25 10:33 AM,Giselle Cisneross,,Dining Room,0.00,14.05,1.16,0.00,0.00,00:20:07
Tink-a-Tako - Potranco,141,8/24/25 10:33 AM,Sergio Abundiz,33,Dining Room,0.00,33.46,2.76,10.00,0.00,00:43:36
Tink-a-Tako - Potranco,142,8/24/25 10:34 AM,Giselle Cisneross,,Dining Room,0.00,13.49,1.11,0.00,0.00,00:20:37
Tink-a-Tako - Potranco,144,8/24/25 10:35 AM,Rosa Compean,1,Dining Room,0.00,44.19,3.64,0.00,0.00,00:34:15
Tink-a-Tako - Potranco,137,8/24/25 10:32 AM,Maria Majana,11,Dining Room,0.00,51.66,4.27,10.00,0.00,01:02:44
Tink-a-Tako - Potranco,145,8/24/25 10:36 AM,Isabel Cisneros,23,Dining Room,0.00,25.79,2.11,5.00,0.00,00:34:57
Tink-a-Tako - Potranco,146,8/24/25 10:39 AM,Silvia Hernandez,37,Dining Room,0.00,26.26,2.17,5.00,0.00,00:27:42
Tink-a-Tako - Potranco,147,8/24/25 10:40 AM,Giselle Cisneross,,Dining Room,0.00,3.49,0.29,0.00,0.00,00:00:17
Tink-a-Tako - Potranco,148,8/24/25 10:41 AM,Maria Majana,12,Dining Room,0.00,26.96,2.23,5.00,0.00,00:29:14
Tink-a-Tako - Potranco,150,8/24/25 10:46 AM,Daniela Torres,,Dining Room,0.00,25.92,2.14,0.00,0.00,00:07:20
Tink-a-Tako - Potranco,149,8/24/25 10:45 AM,Esperansa Caviedes,39,Dining Room,0.00,32.96,2.72,5.00,0.00,00:46:00
Tink-a-Tako - Potranco,156,8/24/25 10:49 AM,Giselle Cisneross,,Dining Room,0.00,12.76,1.04,0.00,0.00,00:07:37
Tink-a-Tako - Potranco,157,8/24/25 10:50 AM,Giselle Cisneross,,Dining Room,0.00,7.47,0.62,1.49,0.00,00:08:40
Tink-a-Tako - Potranco,159,8/24/25 10:51 AM,Giselle Cisneross,,Dining Room,0.00,20.40,1.68,2.00,0.00,00:09:40
Tink-a-Tako - Potranco,158,8/24/25 10:50 AM,Giselle Cisneross,,Dining Room,0.00,28.40,2.34,0.00,0.00,00:09:35
Tink-a-Tako - Potranco,160,8/24/25 10:51 AM,Rosa Compean,15,Dining Room,0.00,30.43,2.50,0.00,0.00,00:42:13
Tink-a-Tako - Potranco,162,8/24/25 10:52 AM,Giselle Cisneross,,Dining Room,0.00,4.39,0.36,0.00,0.00,00:11:53
Tink-a-Tako - Potranco,161,8/24/25 10:52 AM,Giselle Cisneross,,Dining Room,0.00,17.34,1.44,0.00,0.00,00:10:48
Tink-a-Tako - Potranco,163,8/24/25 10:53 AM,Daniela Torres,,Dining Room,0.00,36.75,3.02,0.00,0.00,00:41:26
Tink-a-Tako - Potranco,164,8/24/25 10:54 AM,Isabel Cisneros,42,Dining Room,0.00,73.97,6.10,0.00,14.79,00:25:21
Tink-a-Tako - Potranco,165,8/24/25 10:54 AM,Daniela Torres,,Dining Room,0.00,16.44,1.36,0.00,0.00,00:15:24
Tink-a-Tako - Potranco,166,8/24/25 10:56 AM,Isabel Cisneros,19,Dining Room,0.00,36.50,3.01,0.00,0.00,00:31:46
Tink-a-Tako - Potranco,167,8/24/25 11:01 AM,Silvia Hernandez,24,Dining Room,0.00,19.20,1.59,5.00,0.00,00:17:45
Tink-a-Tako - Potranco,168,8/24/25 11:02 AM,Giselle Cisneross,,Dining Room,0.00,11.56,0.96,0.00,0.00,00:04:04
Tink-a-Tako - Potranco,169,8/24/25 11:02 AM,Giselle Cisneross,,Dining Room,0.00,18.24,1.51,0.00,0.00,00:05:44
Tink-a-Tako - Potranco,170,8/24/25 11:04 AM,Giselle Cisneross,,Dining Room,0.00,8.98,0.74,1.98,0.00,00:08:45
Tink-a-Tako - Potranco,172,8/24/25 11:04 AM,Esperansa Caviedes,20,Dining Room,0.00,43.20,3.55,9.00,0.00,00:37:42
Tink-a-Tako - Potranco,171,8/24/25 11:04 AM,Giselle Cisneross,,Dining Room,0.00,17.15,1.42,0.00,0.00,00:10:27
Tink-a-Tako - Potranco,173,8/24/25 11:04 AM,Giselle Cisneross,,Dining Room,0.00,12.96,1.06,1.94,0.00,00:10:48
Tink-a-Tako - Potranco,175,8/24/25 11:05 AM,Giselle Cisneross,,Dining Room,0.00,10.97,0.91,0.00,0.00,00:10:58
Tink-a-Tako - Potranco,176,8/24/25 11:06 AM,Giselle Cisneross,,Dining Room,0.00,6.47,0.52,1.42,0.00,00:13:48
Tink-a-Tako - Potranco,174,8/24/25 11:05 AM,Maria Majana,22,Dining Room,0.00,32.42,2.67,4.00,0.00,00:26:58
Tink-a-Tako - Potranco,177,8/24/25 11:06 AM,Giselle Cisneross,,Dining Room,0.00,8.57,0.71,0.00,0.00,00:16:05
Tink-a-Tako - Potranco,178,8/24/25 11:07 AM,Giselle Cisneross,,Dining Room,0.00,7.96,0.66,1.19,0.00,00:16:52
Tink-a-Tako - Potranco,179,8/24/25 11:11 AM,Rosa Compean,25,Dining Room,3.76,21.94,1.81,5.00,0.00,00:44:04
Tink-a-Tako - Potranco,180,8/24/25 11:13 AM,Silvia Hernandez,7,Dining Room,0.00,18.95,1.57,0.00,0.00,01:01:31
Tink-a-Tako - Potranco,181,8/24/25 11:14 AM,Sergio Abundiz,37,Dining Room,0.00,13.94,1.14,0.00,0.00,00:37:10
Tink-a-Tako - Potranco,182,8/24/25 11:14 AM,Isabel Cisneros,32,Dining Room,0.00,23.92,1.96,0.00,0.00,00:42:11
Tink-a-Tako - Potranco,183,8/24/25 11:17 AM,Giselle Cisneross,,Dining Room,0.00,11.36,0.92,2.00,0.00,00:08:21
Tink-a-Tako - Potranco,185,8/24/25 11:18 AM,Giselle Cisneross,,Dining Room,0.00,3.69,0.30,0.00,0.00,00:00:46
Tink-a-Tako - Potranco,186,8/24/25 11:18 AM,Esperansa Caviedes,23,Dining Room,0.00,11.66,0.96,0.00,0.00,00:32:03
Tink-a-Tako - Potranco,187,8/24/25 11:19 AM,Giselle Cisneross,,Dining Room,0.00,29.41,2.43,0.00,0.00,00:09:33
Tink-a-Tako - Potranco,184,8/24/25 11:18 AM,Maria Majana,36,Dining Room,0.00,31.64,2.61,5.75,0.00,00:21:14
Tink-a-Tako - Potranco,188,8/24/25 11:22 AM,Rosa Compean,38,Dining Room,0.00,16.98,1.40,5.00,0.00,00:28:40
Tink-a-Tako - Potranco,189,8/24/25 11:22 AM,Giselle Cisneross,,Dining Room,0.00,16.30,1.35,0.00,0.00,00:07:00
Tink-a-Tako - Potranco,192,8/24/25 11:26 AM,Esperansa Caviedes,40,Dining Room,0.00,71.84,5.90,3.42,14.36,00:42:32
Tink-a-Tako - Potranco,191,8/24/25 11:25 AM,Giselle Cisneross,,Dining Room,0.00,10.28,0.84,0.00,0.00,00:06:56
Tink-a-Tako - Potranco,193,8/24/25 11:27 AM,Giselle Cisneross,,Dining Room,0.00,15.98,1.32,0.00,0.00,00:08:00
Tink-a-Tako - Potranco,194,8/24/25 11:27 AM,Sergio Abundiz,35,Dining Room,0.00,27.25,2.26,0.00,0.00,01:00:09
Tink-a-Tako - Potranco,195,8/24/25 11:30 AM,Giselle Cisneross,,Dining Room,0.00,12.96,1.07,0.00,0.00,00:06:36
Tink-a-Tako - Potranco,196,8/24/25 11:31 AM,Giselle Cisneross,,Dining Room,0.00,15.60,1.28,0.00,0.00,00:07:52
Tink-a-Tako - Potranco,190,8/24/25 11:25 AM,Maria Majana,18,Dining Room,0.00,57.94,4.77,10.00,0.00,01:55:57
Tink-a-Tako - Potranco,197,8/24/25 11:32 AM,Silvia Hernandez,26,Dining Room,0.00,7.77,0.64,7.00,0.00,00:33:28
Tink-a-Tako - Potranco,199,8/24/25 11:33 AM,Giselle Cisneross,,Dining Room,0.00,15.35,1.26,2.30,0.00,00:07:49
Tink-a-Tako - Potranco,198,8/24/25 11:33 AM,Maria Majana,24,Dining Room,0.00,32.96,2.73,4.00,0.00,00:25:36
Tink-a-Tako - Potranco,200,8/24/25 11:33 AM,Silvia Hernandez,16,Dining Room,0.00,24.96,2.06,6.00,0.00,00:55:53
Tink-a-Tako - Potranco,201,8/24/25 11:35 AM,Giselle Cisneross,,Dining Room,0.00,17.77,1.46,0.00,0.00,00:07:01
Tink-a-Tako - Potranco,203,8/24/25 11:36 AM,Daniela Torres,,Dining Room,0.00,33.94,2.79,0.00,0.00,00:19:27
Tink-a-Tako - Potranco,204,8/24/25 11:37 AM,Giselle Cisneross,,Dining Room,0.00,19.72,1.63,0.00,0.00,00:08:09
Tink-a-Tako - Potranco,205,8/24/25 11:38 AM,Isabel Cisneros,10,Dining Room,0.00,26.48,2.18,0.00,0.00,00:45:30
Tink-a-Tako - Potranco,202,8/24/25 11:36 AM,Rosa Compean,31,Dining Room,0.00,52.95,4.38,0.00,10.59,00:40:52
Tink-a-Tako - Potranco,206,8/24/25 11:38 AM,Giselle Cisneross,,Dining Room,0.00,13.76,1.14,0.00,0.00,00:08:06
Tink-a-Tako - Potranco,207,8/24/25 11:41 AM,Giselle Cisneross,,Dining Room,0.00,12.45,1.03,0.00,0.00,00:05:46
Tink-a-Tako - Potranco,208,8/24/25 11:42 AM,Giselle Cisneross,,Dining Room,0.00,26.74,2.21,0.00,0.00,00:08:18
Tink-a-Tako - Potranco,209,8/24/25 11:44 AM,Giselle Cisneross,,Dining Room,0.00,7.16,0.59,0.00,0.00,00:11:03
Tink-a-Tako - Potranco,211,8/24/25 11:48 AM,Isabel Cisneros,9,Dining Room,0.00,92.60,7.64,0.00,18.52,01:04:07
Tink-a-Tako - Potranco,213,8/24/25 11:48 AM,Giselle Cisneross,,Dining Room,0.00,13.93,1.15,0.00,0.00,00:08:08
Tink-a-Tako - Potranco,214,8/24/25 11:49 AM,Giselle Cisneross,,Dining Room,0.00,26.33,2.17,2.00,0.00,00:09:33
Tink-a-Tako - Potranco,210,8/24/25 11:46 AM,Sergio Abundiz,18,Dining Room,0.00,48.91,4.04,5.00,0.00,00:36:39
Tink-a-Tako - Potranco,215,8/24/25 11:49 AM,Rosa Compean,11,Dining Room,0.00,51.01,4.20,6.00,0.00,00:32:52
Tink-a-Tako - Potranco,217,8/24/25 11:51 AM,Giselle Cisneross,,Dining Room,0.00,9.27,0.76,1.00,0.00,00:26:51
Tink-a-Tako - Potranco,218,8/24/25 11:52 AM,Giselle Cisneross,,Dining Room,0.00,7.36,0.60,0.00,0.00,00:11:33
Tink-a-Tako - Potranco,221,8/24/25 11:54 AM,Silvia Hernandez,32,Dining Room,0.00,31.88,2.62,6.50,0.00,00:35:10
Tink-a-Tako - Potranco,222,8/24/25 11:54 AM,Isabel Cisneros,1,Dining Room,0.00,21.16,1.73,0.00,0.00,00:21:34
Tink-a-Tako - Potranco,223,8/24/25 11:55 AM,Maria Majana,38,Dining Room,0.00,10.98,0.91,2.00,0.00,00:41:30
Tink-a-Tako - Potranco,220,8/24/25 11:53 AM,Giselle Cisneross,,Dining Room,0.00,59.95,4.94,0.00,0.00,00:13:11
Tink-a-Tako - Potranco,224,8/24/25 11:59 AM,Giselle Cisneross,,Dining Room,0.00,31.94,2.62,0.00,0.00,00:14:17
Tink-a-Tako - Potranco,225,8/24/25 11:59 AM,Silvia Hernandez,36,Dining Room,0.00,21.41,1.76,0.00,0.00,00:40:14
Tink-a-Tako - Potranco,228,8/24/25 12:03 PM,Giselle Cisneross,,Dining Room,0.00,30.96,2.55,5.00,0.00,00:15:14
Tink-a-Tako - Potranco,229,8/24/25 12:03 PM,Silvia Hernandez,23,Dining Room,0.00,46.99,3.88,3.63,0.00,00:58:17
Tink-a-Tako - Potranco,231,8/24/25 12:04 PM,Giselle Cisneross,,Dining Room,0.00,21.50,1.78,0.00,0.00,00:15:01
Tink-a-Tako - Potranco,234,8/24/25 12:05 PM,Silvia Hernandez,21,Dining Room,1.40,9.03,0.74,5.00,0.00,00:47:16
Tink-a-Tako - Potranco,230,8/24/25 12:03 PM,Rosa Compean,3,Dining Room,0.00,72.82,6.00,0.00,14.56,00:40:50
Tink-a-Tako - Potranco,233,8/24/25 12:05 PM,Giselle Cisneross,,Dining Room,0.00,34.87,2.86,0.00,0.00,00:38:55
Tink-a-Tako - Potranco,232,8/24/25 12:04 PM,Esperansa Caviedes,34,Dining Room,0.00,56.63,4.64,5.00,0.00,00:40:20
Tink-a-Tako - Potranco,236,8/24/25 12:06 PM,Esperansa Caviedes,22,Dining Room,0.00,54.58,4.50,8.00,0.00,00:42:40
Tink-a-Tako - Potranco,235,8/24/25 12:06 PM,Silvia Hernandez,19,Dining Room,0.00,48.32,3.97,9.66,0.00,00:43:38
Tink-a-Tako - Potranco,238,8/24/25 12:07 PM,Giselle Cisneross,,Dining Room,0.00,19.50,1.61,0.00,0.00,00:13:58
Tink-a-Tako - Potranco,237,8/24/25 12:07 PM,Sergio Abundiz,42,Dining Room,0.00,46.50,3.82,5.00,0.00,00:23:10
Tink-a-Tako - Potranco,241,8/24/25 12:08 PM,Daniela Torres,,Dining Room,0.00,8.97,0.74,0.00,0.00,00:37:21
Tink-a-Tako - Potranco,239,8/24/25 12:07 PM,Maria Majana,20,Dining Room,0.00,33.17,2.75,8.00,0.00,00:27:55
Tink-a-Tako - Potranco,242,8/24/25 12:10 PM,Rosa Compean,15,Dining Room,0.00,30.43,2.50,5.00,0.00,00:38:20
Tink-a-Tako - Potranco,244,8/24/25 12:15 PM,Silvia Hernandez,25,Dining Room,0.00,32.43,2.69,10.00,0.00,00:44:26
Tink-a-Tako - Potranco,243,8/24/25 12:14 PM,Giselle Cisneross,,Dining Room,0.00,19.36,1.59,0.00,0.00,00:08:37
Tink-a-Tako - Potranco,246,8/24/25 12:16 PM,Isabel Cisneros,24,Dining Room,0.00,40.92,3.38,0.00,0.00,01:10:16
Tink-a-Tako - Potranco,245,8/24/25 12:16 PM,Giselle Cisneross,,Dining Room,0.00,33.78,2.79,0.00,0.00,00:10:36
Tink-a-Tako - Potranco,248,8/24/25 12:20 PM,Giselle Cisneross,,Dining Room,0.00,9.97,0.82,0.00,0.00,00:08:21
Tink-a-Tako - Potranco,247,8/24/25 12:19 PM,Maria Majana,37,Dining Room,0.00,37.11,3.05,5.00,0.00,00:46:00
Tink-a-Tako - Potranco,250,8/24/25 12:22 PM,Giselle Cisneross,,Dining Room,0.00,3.78,0.31,0.00,0.00,00:08:39
Tink-a-Tako - Potranco,251,8/24/25 12:24 PM,Giselle Cisneross,,Dining Room,0.00,22.94,1.90,0.00,0.00,00:07:59
Tink-a-Tako - Potranco,252,8/24/25 12:25 PM,Giselle Cisneross,,Dining Room,0.00,18.65,1.53,0.00,0.00,00:07:46
Tink-a-Tako - Potranco,253,8/24/25 12:25 PM,Giselle Cisneross,,Dining Room,0.00,9.96,0.82,2.00,0.00,00:09:12
Tink-a-Tako - Potranco,254,8/24/25 12:26 PM,Giselle Cisneross,,Dining Room,0.00,9.56,0.79,0.00,0.00,00:10:42
Tink-a-Tako - Potranco,256,8/24/25 12:26 PM,Giselle Cisneross,,Dining Room,0.00,10.36,0.86,1.00,0.00,00:11:58
Tink-a-Tako - Potranco,19002,8/24/25 12:27 PM,Esperansa Caviedes,39,Dining Room,0.00,37.79,3.11,5.00,0.00,00:37:09
Tink-a-Tako - Potranco,260,8/24/25 12:35 PM,Rosa Compean,32,Dining Room,0.00,20.01,1.65,0.00,0.00,00:25:06
Tink-a-Tako - Potranco,262,8/24/25 12:36 PM,Giselle Cisneross,,Dining Room,0.00,5.97,0.49,0.00,0.00,00:10:00
Tink-a-Tako - Potranco,263,8/24/25 12:38 PM,Isabel Cisneros,7,Dining Room,0.00,23.98,1.97,7.00,0.00,00:25:04
Tink-a-Tako - Potranco,264,8/24/25 12:39 PM,Giselle Cisneross,,Dining Room,0.00,3.49,0.29,0.00,0.00,00:10:49
Tink-a-Tako - Potranco,265,8/24/25 12:40 PM,Giselle Cisneross,,Dining Room,0.00,12.36,1.03,0.00,0.00,00:13:16
Tink-a-Tako - Potranco,266,8/24/25 12:40 PM,Giselle Cisneross,,Dining Room,0.00,15.16,1.25,0.00,0.00,00:13:33
Tink-a-Tako - Potranco,269,8/24/25 12:43 PM,Silvia Hernandez,10,Dining Room,0.00,34.22,2.82,5.00,0.00,00:43:23
Tink-a-Tako - Potranco,268,8/24/25 12:43 PM,Sergio Abundiz,40,Dining Room,0.00,100.26,8.26,0.00,20.05,00:42:03
Tink-a-Tako - Potranco,271,8/24/25 12:46 PM,Giselle Cisneross,,Dining Room,0.00,9.78,0.81,0.00,0.00,00:11:16
Tink-a-Tako - Potranco,272,8/24/25 12:46 PM,Daniela Torres,,Dining Room,0.00,15.44,1.27,0.00,0.00,00:20:45
Tink-a-Tako - Potranco,275,8/24/25 12:47 PM,Isabel Cisneros,11,Dining Room,0.00,28.96,2.39,0.00,0.00,01:17:08
Tink-a-Tako - Potranco,273,8/24/25 12:47 PM,Silvia Hernandez,35,Dining Room,0.00,35.67,2.94,5.00,0.00,00:36:16
Tink-a-Tako - Potranco,276,8/24/25 12:48 PM,Giselle Cisneross,,Dining Room,0.00,34.43,2.84,5.16,0.00,00:10:23
Tink-a-Tako - Potranco,278,8/24/25 12:49 PM,Rosa Compean,20,Dining Room,0.00,38.97,3.21,7.00,0.00,00:30:14
Tink-a-Tako - Potranco,279,8/24/25 12:50 PM,Rosa Compean,1,Dining Room,0.00,39.42,3.24,5.91,0.00,00:49:21
Tink-a-Tako - Potranco,280,8/24/25 12:51 PM,Giselle Cisneross,,Dining Room,0.00,8.07,0.66,0.00,0.00,00:12:49
Tink-a-Tako - Potranco,281,8/24/25 12:52 PM,Giselle Cisneross,,Dining Room,0.00,12.46,1.03,0.00,0.00,00:13:08
Tink-a-Tako - Potranco,284,8/24/25 12:56 PM,Giselle Cisneross,,Dining Room,0.00,8.26,0.68,2.00,0.00,00:09:51
Tink-a-Tako - Potranco,285,8/24/25 12:59 PM,Giselle Cisneross,,Dining Room,0.00,22.06,1.81,2.13,0.00,00:08:43
Tink-a-Tako - Potranco,286,8/24/25 1:01 PM,Isabel Cisneros,33,Dining Room,0.00,45.57,3.76,5.00,0.00,00:29:16
Tink-a-Tako - Potranco,287,8/24/25 1:04 PM,Giselle Cisneross,,Dining Room,0.00,22.33,1.83,3.00,0.00,00:06:52
Tink-a-Tako - Potranco,288,8/24/25 1:06 PM,Giselle Cisneross,,Dining Room,0.00,11.07,0.92,0.00,0.00,00:07:29
Tink-a-Tako - Potranco,289,8/24/25 1:08 PM,Giselle Cisneross,,Dining Room,0.00,13.17,1.09,0.00,0.00,00:06:50
Tink-a-Tako - Potranco,290,8/24/25 1:08 PM,Esperansa Caviedes,22,Dining Room,0.00,22.46,1.85,2.69,0.00,00:26:34
Tink-a-Tako - Potranco,292,8/24/25 1:10 PM,Silvia Hernandez,25,Dining Room,0.00,42.17,3.48,10.00,0.00,00:30:58
Tink-a-Tako - Potranco,291,8/24/25 1:09 PM,Giselle Cisneross,,Dining Room,0.00,23.77,1.96,0.00,0.00,00:07:19
Tink-a-Tako - Potranco,293,8/24/25 1:11 PM,Giselle Cisneross,,Dining Room,0.00,19.13,1.58,2.87,0.00,00:09:13
Tink-a-Tako - Potranco,13002,8/24/25 1:11 PM,Daniela Torres,,Dining Room,0.00,0.00,0.00,0.00,0.00,00:02:14
Tink-a-Tako - Potranco,294,8/24/25 1:15 PM,Giselle Cisneross,,Dining Room,0.00,26.43,2.18,3.00,0.00,00:08:10
Tink-a-Tako - Potranco,297,8/24/25 1:17 PM,Esperansa Caviedes,19,Dining Room,0.00,56.33,4.62,0.00,0.00,00:59:39
Tink-a-Tako - Potranco,295,8/24/25 1:16 PM,Rosa Compean,34,Dining Room,0.00,44.26,3.65,12.00,0.00,01:23:24
Tink-a-Tako - Potranco,296,8/24/25 1:17 PM,Sergio Abundiz,32,Dining Room,0.00,30.45,2.52,4.00,0.00,00:50:36
Tink-a-Tako - Potranco,299,8/24/25 1:19 PM,Isabel Cisneros,17,Dining Room,0.00,17.97,1.49,0.00,0.00,00:18:29
Tink-a-Tako - Potranco,298,8/24/25 1:19 PM,Giselle Cisneross,,Dining Room,0.00,14.56,1.20,2.18,0.00,00:05:54
Tink-a-Tako - Potranco,300,8/24/25 1:20 PM,Daniela Torres,,Dining Room,0.00,23.98,1.98,0.00,0.00,00:15:47
Tink-a-Tako - Potranco,301,8/24/25 1:23 PM,Giselle Cisneross,,Dining Room,0.00,6.27,0.52,1.25,0.00,00:03:23
Tink-a-Tako - Potranco,303,8/24/25 1:26 PM,Giselle Cisneross,,Dining Room,0.00,12.14,1.00,1.82,0.00,00:02:30
Tink-a-Tako - Potranco,304,8/24/25 1:27 PM,Sergio Abundiz,38,Dining Room,0.00,26.24,2.17,5.59,0.00,00:43:35
Tink-a-Tako - Potranco,305,8/24/25 1:27 PM,Rosa Compean,7,Dining Room,0.00,28.98,2.39,8.63,0.00,00:32:45
Tink-a-Tako - Potranco,302,8/24/25 1:26 PM,Esperansa Caviedes,37,Dining Room,0.00,34.18,2.81,10.00,0.00,00:41:00
Tink-a-Tako - Potranco,306,8/24/25 1:29 PM,Silvia Hernandez,18,Dining Room,0.00,33.12,2.72,6.00,0.00,00:37:45
Tink-a-Tako - Potranco,307,8/24/25 1:31 PM,Daniela Torres,,Dining Room,0.00,10.99,0.91,0.00,0.00,00:09:52
Tink-a-Tako - Potranco,308,8/24/25 1:34 PM,Isabel Cisneros,33,Dining Room,0.00,27.37,2.26,0.00,0.00,00:24:17
Tink-a-Tako - Potranco,311,8/24/25 1:37 PM,Rosa Compean,21,Dining Room,0.00,16.44,1.35,4.00,0.00,00:27:56
Tink-a-Tako - Potranco,310,8/24/25 1:37 PM,Giselle Cisneross,,Dining Room,0.00,13.97,1.15,0.00,0.00,00:04:53
Tink-a-Tako - Potranco,312,8/24/25 1:37 PM,Isabel Cisneros,39,Dining Room,0.00,4.28,0.36,2.00,0.00,00:44:25
Tink-a-Tako - Potranco,313,8/24/25 1:37 PM,Esperansa Caviedes,24,Dining Room,0.00,38.66,3.18,7.00,0.00,01:02:33
Tink-a-Tako - Potranco,314,8/24/25 1:38 PM,Giselle Cisneross,,Dining Room,0.00,10.36,0.86,0.00,0.00,00:06:07
Tink-a-Tako - Potranco,315,8/24/25 1:39 PM,Giselle Cisneross,,Dining Room,0.00,4.99,0.41,0.00,0.00,00:11:41
Tink-a-Tako - Potranco,316,8/24/25 1:42 PM,Rosa Compean,35,Dining Room,0.00,73.84,6.07,0.00,0.00,00:37:50
Tink-a-Tako - Potranco,317,8/24/25 1:43 PM,Giselle Cisneross,,Dining Room,0.00,13.97,1.15,0.00,0.00,00:12:48
Tink-a-Tako - Potranco,319,8/24/25 1:44 PM,Maria Majana,15,Dining Room,0.00,15.98,1.32,0.00,0.00,00:24:36
Tink-a-Tako - Potranco,318,8/24/25 1:43 PM,Esperansa Caviedes,2,Dining Room,0.00,25.43,2.09,0.00,0.00,01:17:06
Tink-a-Tako - Potranco,9002,8/24/25 1:46 PM,Silvia Hernandez,20,Dining Room,0.00,31.81,2.61,0.00,0.00,01:00:36
Tink-a-Tako - Potranco,320,8/24/25 1:49 PM,Isabel Cisneros,42,Dining Room,0.00,47.57,3.92,0.00,0.00,00:27:18
Tink-a-Tako - Potranco,16001,8/24/25 1:50 PM,Giselle Cisneross,,Dining Room,0.00,5.57,0.46,0.00,0.00,00:07:16
Tink-a-Tako - Potranco,323,8/24/25 1:53 PM,Giselle Cisneross,,Dining Room,0.00,2.29,0.19,0.00,0.00,00:01:44
Tink-a-Tako - Potranco,321,8/24/25 1:51 PM,Maria Majana,17,Dining Room,0.00,24.73,2.03,0.00,0.00,01:27:10
Tink-a-Tako - Potranco,322,8/24/25 1:52 PM,Sergio Abundiz,9,Dining Room,0.00,69.59,5.71,0.00,13.92,00:30:06
Tink-a-Tako - Potranco,324,8/24/25 1:54 PM,Rosa Compean,25,Dining Room,0.00,42.36,3.49,0.00,0.00,00:40:20
Tink-a-Tako - Potranco,326,8/24/25 1:56 PM,Giselle Cisneross,,Dining Room,0.00,5.57,0.46,0.00,0.00,01:02:58
Tink-a-Tako - Potranco,328,8/24/25 2:02 PM,Esperansa Caviedes,10,Dining Room,0.00,78.03,6.42,0.00,0.00,00:58:47
Tink-a-Tako - Potranco,16002,8/24/25 2:04 PM,Giselle Cisneross,,Dining Room,6.39,9.83,0.80,0.00,0.00,00:04:04
Tink-a-Tako - Potranco,330,8/24/25 2:06 PM,Isabel Cisneros,4,Dining Room,0.00,48.27,3.98,9.65,0.00,00:27:26
Tink-a-Tako - Potranco,331,8/24/25 2:07 PM,Rosa Compean,36,Dining Room,0.00,34.46,2.84,0.00,0.00,01:13:27
Tink-a-Tako - Potranco,332,8/24/25 2:09 PM,Giselle Cisneross,,Dining Room,0.00,3.98,0.33,0.00,0.00,00:01:45
Tink-a-Tako - Potranco,333,8/24/25 2:10 PM,Giselle Cisneross,,Dining Room,0.00,15.38,1.27,0.00,0.00,00:03:30
Tink-a-Tako - Potranco,334,8/24/25 2:11 PM,Silvia Hernandez,12,Dining Room,0.00,34.83,2.87,6.97,0.00,00:37:28
Tink-a-Tako - Potranco,335,8/24/25 2:11 PM,Giselle Cisneross,,Dining Room,0.00,10.57,0.86,0.00,0.00,00:05:10
Tink-a-Tako - Potranco,336,8/24/25 2:12 PM,Rosa Compean,7,Dining Room,0.00,32.91,2.72,0.00,0.00,00:58:21
Tink-a-Tako - Potranco,337,8/24/25 2:14 PM,Giselle Cisneross,,Dining Room,0.00,20.93,1.73,0.00,0.00,00:05:25
Tink-a-Tako - Potranco,338,8/24/25 2:20 PM,Giselle Cisneross,,Dining Room,0.00,8.98,0.74,0.00,0.00,00:02:57
Tink-a-Tako - Potranco,339,8/24/25 2:24 PM,Giselle Cisneross,,Dining Room,0.00,17.15,1.42,0.43,0.00,00:05:28
Tink-a-Tako - Potranco,341,8/24/25 2:28 PM,Isabel Cisneros,18,Dining Room,0.00,30.62,2.51,7.00,0.00,00:31:49
Tink-a-Tako - Potranco,340,8/24/25 2:25 PM,Esperansa Caviedes,40,Dining Room,0.00,104.96,8.65,4.20,20.99,00:44:58
Tink-a-Tako - Potranco,342,8/24/25 2:28 PM,Giselle Cisneross,,Dining Room,0.00,10.99,0.91,0.00,0.00,00:02:37
Tink-a-Tako - Potranco,343,8/24/25 2:31 PM,Rosa Compean,19,Dining Room,0.00,108.35,8.92,0.00,21.67,00:32:41
Tink-a-Tako - Potranco,344,8/24/25 2:34 PM,Rosa Compean,25,Dining Room,0.00,0.25,0.02,3.00,0.00,00:04:44
Tink-a-Tako - Potranco,347,8/24/25 2:38 PM,Giselle Cisneross,,Dining Room,0.00,23.98,1.98,3.00,0.00,00:01:18
Tink-a-Tako - Potranco,348,8/24/25 2:42 PM,Silvia Hernandez,,Dining Room,0.00,4.79,0.40,0.00,0.00,00:00:16
Tink-a-Tako - Potranco,351,8/24/25 3:01 PM,Mayra Luna,,None,0.00,0.00,0.00,0.00,0.00,00:00:36
