Order #,Opened Date,Void Date,Server,Approver,Item Name,Reason,Item Quantity,Total Price
48,8/24/25 9:15 AM,8/24/25 12:27 PM,Esperansa Caviedes,Rosie  ORDONEZ,Side Guacamole,Server Error,1.0,3.50
65,8/24/25 9:37 AM,8/24/25 10:03 AM,Isabel Cisneros,Mayra Luna,Side Bacon,Customer Changed Mind,1.0,3.99
96,8/24/25 10:01 AM,8/24/25 3:14 PM,Giselle Cisneross,Mayra Luna,Avocado Taco,Customer Changed Mind,1.0,3.59
96,8/24/25 10:01 AM,8/24/25 3:14 PM,Giselle Cisneross,Mayra Luna,Barbacoa Taco,Customer Changed Mind,1.0,4.79
96,8/24/25 10:01 AM,8/24/25 3:14 PM,Giselle Cisneross,Mayra Luna,-------------,Customer Changed Mind,1.0,1.00
318,8/24/25 1:43 PM,8/24/25 3:00 PM,Esperansa Caviedes,Mayra Luna,Sweet Tea,Customer Changed Mind,1.0,3.45
96,8/24/25 10:01 AM,8/24/25 3:14 PM,Giselle Cisneross,Mayra Luna,Chorizo & Egg Taco,Customer Changed Mind,1.0,1.99
340,8/24/25 2:25 PM,8/24/25 3:01 PM,Esperansa Caviedes,Mayra Luna,caf�de olla,Customer Changed Mind,1.0,3.99
328,8/24/25 2:02 PM,8/24/25 3:01 PM,Esperansa Caviedes,Mayra Luna,Side Sliced Avocado,Customer Changed Mind,1.0,3.99
