Location,Order #,Opened,Server,Table,Revenue Center,Discount Amount,Amount,Tax,Tip,Gratuity,Duration (Opened to Paid)
Tink-a-Tako - Potranco,1,8/30/25 6:11 AM,Daniela Torres,,Dining Room,0.00,16.43,1.35,0.00,0.00,00:25:57
Tink-a-Tako - Potranco,2,8/30/25 6:35 AM,Daniela Torres,,Dining Room,0.00,4.88,0.41,0.00,0.00,00:05:00
Tink-a-Tako - Potranco,3,8/30/25 6:36 AM,Daniela Torres,,Dining Room,0.00,8.56,0.71,0.00,0.00,00:06:28
Tink-a-Tako - Potranco,4,8/30/25 6:40 AM,Daniela Torres,,Dining Room,0.00,71.70,5.91,0.00,0.00,00:13:32
Tink-a-Tako - Potranco,5,8/30/25 6:41 AM,Daniela Torres,,Dining Room,0.00,8.97,0.74,0.00,0.00,00:01:31
Tink-a-Tako - Potranco,6,8/30/25 6:46 AM,Sergio Abundiz,25,Dining Room,0.00,10.26,0.85,0.00,0.00,01:35:58
Tink-a-Tako - Potranco,7,8/30/25 6:56 AM,Daniela Torres,,Dining Room,0.00,4.89,0.40,0.00,0.00,00:11:56
Tink-a-Tako - Potranco,8,8/30/25 7:07 AM,Daniela Torres,,Dining Room,0.00,20.61,1.70,0.00,0.00,00:03:26
Tink-a-Tako - Potranco,9,8/30/25 7:07 AM,Daniela Torres,,Dining Room,0.00,19.10,1.56,2.87,0.00,00:05:21
Tink-a-Tako - Potranco,10,8/30/25 7:14 AM,Daniela Torres,,Dining Room,0.00,7.47,0.61,0.00,0.00,00:00:58
Tink-a-Tako - Potranco,11,8/30/25 7:19 AM,Rosie  ORDONEZ,17,Dining Room,0.00,23.91,1.97,15.00,0.00,00:47:10
Tink-a-Tako - Potranco,12,8/30/25 7:21 AM,Daniela Torres,,Dining Room,10.00,45.17,3.71,0.00,0.00,00:03:10
Tink-a-Tako - Potranco,14,8/30/25 7:24 AM,Daniela Torres,,Dining Room,0.00,8.47,0.70,0.00,0.00,00:05:28
Tink-a-Tako - Potranco,13,8/30/25 7:22 AM,Daniela Torres,,Dining Room,0.00,12.15,1.00,0.00,0.00,00:10:58
Tink-a-Tako - Potranco,15,8/30/25 7:33 AM,Daniela Torres,,Dining Room,0.00,9.18,0.76,0.00,0.00,00:04:44
Tink-a-Tako - Potranco,16,8/30/25 7:36 AM,Daniela Torres,,Dining Room,0.00,7.96,0.65,0.00,0.00,00:08:07
Tink-a-Tako - Potranco,18,8/30/25 7:44 AM,Daniela Torres,,Dining Room,0.00,9.37,0.77,2.00,0.00,00:04:55
Tink-a-Tako - Potranco,19,8/30/25 7:45 AM,Daniela Torres,,Dining Room,0.00,16.56,1.37,0.00,0.00,00:06:00
Tink-a-Tako - Potranco,20,8/30/25 7:45 AM,Daniela Torres,,Dining Room,0.00,17.43,1.44,0.00,0.00,00:06:33
Tink-a-Tako - Potranco,21,8/30/25 7:46 AM,Daniela Torres,,Dining Room,0.00,5.77,0.48,0.00,0.00,00:07:34
Tink-a-Tako - Potranco,22,8/30/25 7:46 AM,Sergio Abundiz,,Dining Room,0.00,19.44,1.60,2.00,0.00,00:01:24
Tink-a-Tako - Potranco,24,8/30/25 7:47 AM,Sergio Abundiz,39,Dining Room,0.00,11.69,0.96,0.00,0.00,00:30:09
Tink-a-Tako - Potranco,25,8/30/25 7:48 AM,Sergio Abundiz,37,Dining Room,0.00,10.47,0.86,2.00,0.00,00:28:08
Tink-a-Tako - Potranco,26,8/30/25 7:49 AM,Rosie  ORDONEZ,,Dining Room,0.00,10.36,0.86,0.00,0.00,00:12:50
Tink-a-Tako - Potranco,28,8/30/25 7:51 AM,Daniela Torres,,Dining Room,0.00,9.67,0.80,0.00,0.00,00:06:34
Tink-a-Tako - Potranco,29,8/30/25 7:55 AM,Daniela Torres,,Dining Room,0.00,6.48,0.54,0.00,0.00,00:00:20
Tink-a-Tako - Potranco,17,8/30/25 7:42 AM,Daniela Torres,,Dining Room,0.00,8.88,0.73,0.00,0.00,00:16:27
Tink-a-Tako - Potranco,32,8/30/25 7:58 AM,Sergio Abundiz,41,Dining Room,0.00,19.15,1.57,10.00,0.00,00:23:54
Tink-a-Tako - Potranco,31,8/30/25 7:57 AM,Daniela Torres,,Dining Room,0.00,60.67,5.00,2.00,0.00,00:04:39
Tink-a-Tako - Potranco,33,8/30/25 8:00 AM,Daniela Torres,,Dining Room,0.00,14.75,1.21,0.00,0.00,00:09:35
Tink-a-Tako - Potranco,35,8/30/25 8:03 AM,Daniela Torres,,Dining Room,0.00,3.99,0.33,0.00,0.00,00:00:57
Tink-a-Tako - Potranco,34,8/30/25 8:02 AM,Daniela Torres,,Dining Room,0.00,10.97,0.90,2.00,0.00,00:08:36
Tink-a-Tako - Potranco,36,8/30/25 8:07 AM,Daniela Torres,,Dining Room,0.00,18.15,1.50,0.00,0.00,00:05:06
Tink-a-Tako - Potranco,38,8/30/25 8:09 AM,Esperansa Caviedes,21,Dining Room,0.00,15.97,1.32,0.00,0.00,01:21:46
Tink-a-Tako - Potranco,37,8/30/25 8:07 AM,Daniela Torres,,Dining Room,0.00,9.95,0.82,0.00,0.00,00:06:07
Tink-a-Tako - Potranco,40,8/30/25 8:10 AM,Daniela Torres,,Dining Room,0.00,5.97,0.49,0.00,0.00,00:04:19
Tink-a-Tako - Potranco,41,8/30/25 8:11 AM,Silvia Hernandez,11,Dining Room,0.00,17.84,1.47,0.00,0.00,00:28:07
Tink-a-Tako - Potranco,42,8/30/25 8:11 AM,Daniela Torres,,Dining Room,0.00,7.96,0.66,0.00,0.00,00:04:05
Tink-a-Tako - Potranco,43,8/30/25 8:13 AM,Daniela Torres,,Dining Room,0.00,7.88,0.65,0.00,0.00,00:08:33
Tink-a-Tako - Potranco,44,8/30/25 8:14 AM,Daniela Torres,,Dining Room,0.00,3.58,0.30,0.00,0.00,00:09:19
Tink-a-Tako - Potranco,45,8/30/25 8:17 AM,Daniela Torres,,Dining Room,0.00,14.92,1.24,0.00,0.00,00:06:26
Tink-a-Tako - Potranco,47,8/30/25 8:22 AM,Isabel Cisneros,9,Dining Room,0.00,27.45,2.27,8.00,0.00,00:37:20
Tink-a-Tako - Potranco,46,8/30/25 8:19 AM,Daniela Torres,,Dining Room,0.00,8.97,0.74,0.00,0.00,00:06:07
Tink-a-Tako - Potranco,49,8/30/25 8:22 AM,Sergio Abundiz,22,Dining Room,0.00,36.38,2.99,0.00,0.00,00:43:23
Tink-a-Tako - Potranco,48,8/30/25 8:22 AM,Daniela Torres,,Dining Room,0.00,31.84,2.63,0.00,0.00,00:04:44
Tink-a-Tako - Potranco,51,8/30/25 8:23 AM,Daniela Torres,,Dining Room,0.00,14.74,1.21,0.00,0.00,00:07:20
Tink-a-Tako - Potranco,52,8/30/25 8:25 AM,Daniela Torres,,Dining Room,0.00,14.67,1.21,0.00,0.00,00:06:18
Tink-a-Tako - Potranco,53,8/30/25 8:25 AM,Giselle Cisneross,25,Dining Room,0.00,11.46,0.96,0.00,0.00,00:36:28
Tink-a-Tako - Potranco,54,8/30/25 8:26 AM,Daniela Torres,,Dining Room,0.00,9.07,0.75,0.00,0.00,00:06:46
Tink-a-Tako - Potranco,55,8/30/25 8:28 AM,Maria Majana,32,Dining Room,2.63,24.24,1.99,6.00,0.00,00:26:49
Tink-a-Tako - Potranco,56,8/30/25 8:30 AM,Daniela Torres,,Dining Room,0.00,9.93,0.83,0.00,0.00,00:03:41
Tink-a-Tako - Potranco,58,8/30/25 8:32 AM,Esperansa Caviedes,33,Dining Room,0.00,12.98,1.07,0.00,0.00,00:38:00
Tink-a-Tako - Potranco,59,8/30/25 8:32 AM,Sergio Abundiz,23,Dining Room,0.00,14.81,1.22,3.00,0.00,00:13:25
Tink-a-Tako - Potranco,60,8/30/25 8:34 AM,Daniela Torres,,Dining Room,0.00,9.56,0.79,1.00,0.00,00:01:10
Tink-a-Tako - Potranco,62,8/30/25 8:35 AM,Silvia Hernandez,19,Dining Room,0.00,15.76,1.29,4.00,0.00,00:27:17
Tink-a-Tako - Potranco,61,8/30/25 8:34 AM,Daniela Torres,,Dining Room,0.00,7.07,0.59,0.00,0.00,00:03:25
Tink-a-Tako - Potranco,64,8/30/25 8:40 AM,Isabel Cisneros,8,Dining Room,0.00,18.25,1.51,5.00,0.00,01:18:42
Tink-a-Tako - Potranco,63,8/30/25 8:37 AM,Daniela Torres,,Dining Room,0.00,13.75,1.14,0.00,0.00,00:05:07
Tink-a-Tako - Potranco,65,8/30/25 8:41 AM,Daniela Torres,,Dining Room,0.00,4.28,0.35,0.00,0.00,00:08:46
Tink-a-Tako - Potranco,67,8/30/25 8:42 AM,Daniela Torres,,Dining Room,0.00,9.07,0.75,0.00,0.00,00:09:29
Tink-a-Tako - Potranco,66,8/30/25 8:42 AM,Ivana Abundiz,,Dining Room,0.00,11.37,0.94,0.00,0.00,00:02:24
Tink-a-Tako - Potranco,70,8/30/25 8:47 AM,Daniela Torres,,Dining Room,0.00,6.68,0.55,0.00,0.00,00:05:30
Tink-a-Tako - Potranco,71,8/30/25 8:47 AM,Silvia Hernandez,,Dining Room,0.00,37.25,3.08,0.00,0.00,00:01:21
Tink-a-Tako - Potranco,73,8/30/25 8:49 AM,Silvia Hernandez,,Dining Room,0.00,15.87,1.31,0.00,0.00,00:00:23
Tink-a-Tako - Potranco,72,8/30/25 8:48 AM,Daniela Torres,,Dining Room,0.00,8.43,0.69,0.00,0.00,00:06:12
Tink-a-Tako - Potranco,76,8/30/25 8:50 AM,Silvia Hernandez,,Dining Room,0.00,6.47,0.54,0.00,0.00,00:00:31
Tink-a-Tako - Potranco,77,8/30/25 8:50 AM,Sergio Abundiz,20,Dining Room,0.00,18.56,1.54,0.00,0.00,01:13:10
Tink-a-Tako - Potranco,75,8/30/25 8:49 AM,Daniela Torres,,Dining Room,0.00,15.97,1.32,0.00,0.00,00:05:49
Tink-a-Tako - Potranco,78,8/30/25 8:52 AM,Daniela Torres,,Dining Room,0.00,3.98,0.33,0.00,0.00,00:06:37
Tink-a-Tako - Potranco,79,8/30/25 8:53 AM,Daniela Torres,,Dining Room,0.00,23.33,1.92,2.50,0.00,00:07:37
Tink-a-Tako - Potranco,80,8/30/25 8:54 AM,Esperansa Caviedes,24,Dining Room,0.00,16.94,1.40,0.00,0.00,00:36:40
Tink-a-Tako - Potranco,81,8/30/25 8:54 AM,Daniela Torres,,Dining Room,0.00,14.94,1.22,0.00,0.00,00:07:56
Tink-a-Tako - Potranco,82,8/30/25 8:56 AM,Daniela Torres,,Dining Room,0.00,7.97,0.65,0.00,0.00,00:07:39
Tink-a-Tako - Potranco,85,8/30/25 8:59 AM,Daniela Torres,,Dining Room,0.00,7.96,0.65,1.00,0.00,00:04:52
Tink-a-Tako - Potranco,84,8/30/25 8:59 AM,Rosie  ORDONEZ,,Dining Room,27.14,0.00,0.00,0.00,0.00,11:56:20
Tink-a-Tako - Potranco,86,8/30/25 9:00 AM,Giselle Cisneross,7,Dining Room,0.00,34.19,2.82,0.00,0.00,00:38:17
Tink-a-Tako - Potranco,87,8/30/25 9:00 AM,Daniela Torres,,Dining Room,0.00,19.03,1.56,0.00,0.00,00:06:21
Tink-a-Tako - Potranco,88,8/30/25 9:03 AM,Daniela Torres,,Dining Room,0.00,8.07,0.67,0.00,0.00,00:05:48
Tink-a-Tako - Potranco,83,8/30/25 8:56 AM,Maria Majana,34,Dining Room,6.50,60.51,5.01,17.00,13.40,01:11:57
Tink-a-Tako - Potranco,89,8/30/25 9:04 AM,Daniela Torres,,Dining Room,0.00,22.54,1.86,0.00,0.00,00:05:37
Tink-a-Tako - Potranco,91,8/30/25 9:05 AM,Silvia Hernandez,37,Dining Room,0.00,6.97,0.57,1.39,0.00,00:35:47
Tink-a-Tako - Potranco,90,8/30/25 9:05 AM,Daniela Torres,,Dining Room,0.00,15.73,1.29,5.00,0.00,00:06:41
Tink-a-Tako - Potranco,93,8/30/25 9:10 AM,Isabel Cisneros,25,Dining Room,0.00,29.96,2.48,0.00,0.00,00:58:13
Tink-a-Tako - Potranco,92,8/30/25 9:07 AM,Daniela Torres,,Dining Room,0.00,13.54,1.12,1.00,0.00,00:06:39
Tink-a-Tako - Potranco,96,8/30/25 9:12 AM,Giselle Cisneross,38,Dining Room,0.00,24.22,2.02,0.00,0.00,00:36:32
Tink-a-Tako - Potranco,95,8/30/25 9:11 AM,Isabel Cisneros,,Dining Room,0.00,27.82,2.29,5.00,0.00,00:01:37
Tink-a-Tako - Potranco,94,8/30/25 9:11 AM,Daniela Torres,,Dining Room,0.00,13.26,1.09,0.00,0.00,00:03:28
Tink-a-Tako - Potranco,97,8/30/25 9:13 AM,Daniela Torres,,Dining Room,0.00,11.57,0.95,0.00,0.00,00:04:01
Tink-a-Tako - Potranco,98,8/30/25 9:14 AM,Daniela Torres,,Dining Room,0.00,15.63,1.29,0.00,0.00,00:04:30
Tink-a-Tako - Potranco,99,8/30/25 9:16 AM,Daniela Torres,,Dining Room,0.00,20.34,1.67,2.00,0.00,00:04:48
Tink-a-Tako - Potranco,101,8/30/25 9:18 AM,Sergio Abundiz,17,Dining Room,0.00,17.75,1.46,0.00,0.00,00:46:43
Tink-a-Tako - Potranco,103,8/30/25 9:21 AM,Esperansa Caviedes,11,Dining Room,0.00,21.46,1.78,0.00,0.00,00:40:43
Tink-a-Tako - Potranco,105,8/30/25 9:23 AM,Maria Majana,31,Dining Room,0.00,55.71,4.60,0.00,0.00,00:45:11
Tink-a-Tako - Potranco,102,8/30/25 9:19 AM,Daniela Torres,,Dining Room,0.00,9.97,0.82,2.00,0.00,00:05:31
Tink-a-Tako - Potranco,104,8/30/25 9:22 AM,Silvia Hernandez,9,Dining Room,0.00,41.89,3.47,5.00,0.00,00:43:46
Tink-a-Tako - Potranco,106,8/30/25 9:24 AM,Daniela Torres,,Dining Room,0.00,13.56,1.11,1.00,0.00,00:06:21
Tink-a-Tako - Potranco,107,8/30/25 9:29 AM,Daniela Torres,,Dining Room,0.00,18.30,1.50,0.00,0.00,00:06:21
Tink-a-Tako - Potranco,110,8/30/25 9:30 AM,Maria Majana,12,Dining Room,0.00,34.95,2.87,10.00,0.00,00:45:03
Tink-a-Tako - Potranco,109,8/30/25 9:30 AM,Giselle Cisneross,18,Dining Room,0.00,22.66,1.86,0.00,0.00,00:41:32
Tink-a-Tako - Potranco,111,8/30/25 9:31 AM,Isabel Cisneros,24,Dining Room,0.00,39.46,3.28,0.00,0.00,01:34:19
Tink-a-Tako - Potranco,108,8/30/25 9:30 AM,Daniela Torres,,Dining Room,0.00,21.84,1.80,0.00,0.00,00:08:29
Tink-a-Tako - Potranco,112,8/30/25 9:32 AM,Ivana Abundiz,,Dining Room,0.00,15.15,1.24,1.00,0.00,00:20:26
Tink-a-Tako - Potranco,115,8/30/25 9:34 AM,Esperansa Caviedes,4,Dining Room,0.00,46.01,3.80,6.50,0.00,00:43:14
Tink-a-Tako - Potranco,114,8/30/25 9:34 AM,Sergio Abundiz,32,Dining Room,0.00,20.25,1.68,0.00,0.00,00:26:51
Tink-a-Tako - Potranco,113,8/30/25 9:33 AM,Daniela Torres,,Dining Room,0.00,30.51,2.51,0.00,0.00,00:06:58
Tink-a-Tako - Potranco,116,8/30/25 9:36 AM,Daniela Torres,,Dining Room,0.00,5.77,0.47,1.00,0.00,00:07:39
Tink-a-Tako - Potranco,118,8/30/25 9:37 AM,Giselle Cisneross,33,Dining Room,0.00,36.65,3.02,0.00,0.00,00:35:27
Tink-a-Tako - Potranco,117,8/30/25 9:37 AM,Daniela Torres,,Dining Room,0.00,40.18,3.31,2.00,0.00,00:08:28
Tink-a-Tako - Potranco,119,8/30/25 9:39 AM,Daniela Torres,,Dining Room,0.00,3.49,0.29,0.00,0.00,00:09:24
Tink-a-Tako - Potranco,120,8/30/25 9:40 AM,Daniela Torres,,Dining Room,0.00,18.12,1.50,0.00,0.00,00:09:24
Tink-a-Tako - Potranco,123,8/30/25 9:42 AM,Silvia Hernandez,15,Dining Room,0.00,40.63,3.35,0.00,0.00,00:39:46
Tink-a-Tako - Potranco,124,8/30/25 9:43 AM,Daniela Torres,,Dining Room,0.00,18.74,1.54,0.00,0.00,00:07:51
Tink-a-Tako - Potranco,125,8/30/25 9:44 AM,Daniela Torres,,Dining Room,0.00,41.53,3.42,0.00,0.00,00:10:47
Tink-a-Tako - Potranco,126,8/30/25 9:46 AM,Daniela Torres,,Dining Room,0.00,6.37,0.53,0.00,0.00,00:09:58
Tink-a-Tako - Potranco,127,8/30/25 9:49 AM,Daniela Torres,,Dining Room,0.00,14.21,1.17,0.00,0.00,00:08:38
Tink-a-Tako - Potranco,129,8/30/25 9:51 AM,Daniela Torres,,Dining Room,15.38,5.14,0.42,0.00,0.00,00:09:07
Tink-a-Tako - Potranco,133,8/30/25 9:52 AM,Esperansa Caviedes,19,Dining Room,0.00,31.93,2.64,3.00,0.00,00:21:37
Tink-a-Tako - Potranco,131,8/30/25 9:51 AM,Isabel Cisneros,39,Dining Room,0.00,55.30,4.55,2.00,0.00,01:05:21
Tink-a-Tako - Potranco,128,8/30/25 9:50 AM,Ivana Abundiz,,Dining Room,0.00,23.25,1.92,0.00,0.00,00:23:47
Tink-a-Tako - Potranco,135,8/30/25 9:53 AM,Sergio Abundiz,7,Dining Room,0.00,29.93,2.48,10.00,0.00,00:37:53
Tink-a-Tako - Potranco,134,8/30/25 9:53 AM,Rosie  ORDONEZ,2,Dining Room,8.88,8.89,0.73,0.00,0.00,01:12:32
Tink-a-Tako - Potranco,130,8/30/25 9:51 AM,Maria Majana,23,Dining Room,0.00,16.06,1.33,0.00,0.00,00:31:33
Tink-a-Tako - Potranco,136,8/30/25 9:55 AM,Daniela Torres,,Dining Room,0.00,12.26,1.02,0.00,0.00,00:06:27
Tink-a-Tako - Potranco,137,8/30/25 9:55 AM,Isabel Cisneros,22,Dining Room,0.00,20.74,1.71,0.00,0.00,00:29:40
Tink-a-Tako - Potranco,138,8/30/25 9:56 AM,Daniela Torres,,Dining Room,0.00,4.39,0.36,0.00,0.00,00:07:52
Tink-a-Tako - Potranco,140,8/30/25 9:57 AM,Silvia Hernandez,37,Dining Room,0.00,34.47,2.84,10.00,0.00,00:36:17
Tink-a-Tako - Potranco,139,8/30/25 9:56 AM,Daniela Torres,,Dining Room,0.00,19.55,1.61,0.00,0.00,00:08:22
Tink-a-Tako - Potranco,141,8/30/25 9:58 AM,Daniela Torres,,Dining Room,0.00,76.15,6.27,0.00,0.00,00:09:23
Tink-a-Tako - Potranco,144,8/30/25 10:01 AM,Esperansa Caviedes,,Dining Room,0.00,12.17,1.01,0.00,0.00,03:46:36
Tink-a-Tako - Potranco,143,8/30/25 10:01 AM,Ivana Abundiz,,Dining Room,0.00,10.32,0.86,0.00,0.00,00:00:33
Tink-a-Tako - Potranco,142,8/30/25 10:01 AM,Daniela Torres,,Dining Room,0.00,7.38,0.61,0.00,0.00,00:09:56
Tink-a-Tako - Potranco,146,8/30/25 10:02 AM,Maria Majana,11,Dining Room,0.00,18.55,1.53,5.00,0.00,00:17:50
Tink-a-Tako - Potranco,145,8/30/25 10:02 AM,Daniela Torres,,Dining Room,0.00,16.03,1.32,0.00,0.00,00:09:36
Tink-a-Tako - Potranco,149,8/30/25 10:07 AM,Daniela Torres,,Dining Room,0.00,4.98,0.41,0.00,0.00,00:06:22
Tink-a-Tako - Potranco,148,8/30/25 10:07 AM,Sergio Abundiz,1,Dining Room,0.00,33.21,2.74,4.00,0.00,00:39:31
Tink-a-Tako - Potranco,151,8/30/25 10:07 AM,Isabel Cisneros,20,Dining Room,0.00,51.45,4.25,8.00,0.00,01:10:01
Tink-a-Tako - Potranco,150,8/30/25 10:07 AM,Daniela Torres,,Dining Room,0.00,14.37,1.19,1.00,0.00,00:01:20
Tink-a-Tako - Potranco,153,8/30/25 10:09 AM,Ivana Abundiz,,Dining Room,0.00,5.98,0.49,0.00,0.00,00:00:30
Tink-a-Tako - Potranco,152,8/30/25 10:08 AM,Giselle Cisneross,35,Dining Room,0.00,36.91,3.06,0.00,0.00,01:05:39
Tink-a-Tako - Potranco,154,8/30/25 10:09 AM,Daniela Torres,,Dining Room,0.00,21.61,1.78,0.00,0.00,00:01:16
Tink-a-Tako - Potranco,155,8/30/25 10:09 AM,Silvia Hernandez,8,Dining Room,0.00,32.26,2.67,3.00,0.00,00:56:05
Tink-a-Tako - Potranco,159,8/30/25 10:10 AM,Daniela Torres,,Dining Room,0.00,5.57,0.46,0.00,0.00,00:08:29
Tink-a-Tako - Potranco,157,8/30/25 10:10 AM,Giselle Cisneross,42,Dining Room,0.00,91.41,7.55,15.00,18.29,01:33:11
Tink-a-Tako - Potranco,158,8/30/25 10:10 AM,Ivana Abundiz,,Dining Room,0.00,16.20,1.33,0.00,0.00,00:01:37
Tink-a-Tako - Potranco,160,8/30/25 10:10 AM,Daniela Torres,,Dining Room,0.00,16.78,1.38,0.00,0.00,00:01:28
Tink-a-Tako - Potranco,161,8/30/25 10:12 AM,Daniela Torres,,Dining Room,0.00,12.56,1.03,1.00,0.00,00:00:39
Tink-a-Tako - Potranco,163,8/30/25 10:13 AM,Maria Majana,9,Dining Room,0.00,35.48,2.94,5.00,0.00,00:45:54
Tink-a-Tako - Potranco,165,8/30/25 10:16 AM,Esperansa Caviedes,17,Dining Room,0.00,14.99,1.23,2.00,0.00,00:26:40
Tink-a-Tako - Potranco,162,8/30/25 10:13 AM,Daniela Torres,,Dining Room,0.00,6.98,0.58,0.00,0.00,00:08:55
Tink-a-Tako - Potranco,166,8/30/25 10:17 AM,Maria Majana,25,Dining Room,0.00,24.55,2.02,5.00,0.00,00:30:13
Tink-a-Tako - Potranco,167,8/30/25 10:19 AM,Daniela Torres,,Dining Room,0.00,27.24,2.24,0.00,0.00,00:05:35
Tink-a-Tako - Potranco,168,8/30/25 10:20 AM,Daniela Torres,,Dining Room,0.00,15.96,1.31,2.00,0.00,00:06:43
Tink-a-Tako - Potranco,170,8/30/25 10:21 AM,Maria Majana,18,Dining Room,0.00,44.29,3.66,10.00,0.00,00:43:26
Tink-a-Tako - Potranco,169,8/30/25 10:21 AM,Daniela Torres,,Dining Room,0.00,14.78,1.22,0.00,0.00,00:07:40
Tink-a-Tako - Potranco,171,8/30/25 10:21 AM,Daniela Torres,,Dining Room,0.00,5.28,0.44,0.00,0.00,00:07:48
Tink-a-Tako - Potranco,174,8/30/25 10:24 AM,Silvia Hernandez,10,Dining Room,0.00,15.43,1.27,0.00,0.00,00:23:36
Tink-a-Tako - Potranco,172,8/30/25 10:22 AM,Sergio Abundiz,34,Dining Room,0.00,50.17,4.14,0.00,0.00,00:40:35
Tink-a-Tako - Potranco,173,8/30/25 10:22 AM,Lizeth Alonso,,Dining Room,0.00,61.37,5.06,0.00,0.00,04:23:59
Tink-a-Tako - Potranco,177,8/30/25 10:26 AM,Esperansa Caviedes,38,Dining Room,0.00,18.36,1.52,5.00,0.00,01:23:46
Tink-a-Tako - Potranco,176,8/30/25 10:26 AM,Giselle Cisneross,23,Dining Room,0.00,17.07,1.41,0.00,0.00,00:32:15
Tink-a-Tako - Potranco,178,8/30/25 10:26 AM,Daniela Torres,,Dining Room,0.00,25.97,2.14,0.00,0.00,00:01:16
Tink-a-Tako - Potranco,179,8/30/25 10:27 AM,Daniela Torres,,Dining Room,0.00,12.35,1.01,0.00,0.00,00:09:49
Tink-a-Tako - Potranco,180,8/30/25 10:28 AM,Daniela Torres,,Dining Room,0.00,15.99,1.30,0.00,0.00,00:01:09
Tink-a-Tako - Potranco,182,8/30/25 10:29 AM,Giselle Cisneross,,Dining Room,0.00,0.00,0.00,0.00,0.00,03:15:10
Tink-a-Tako - Potranco,181,8/30/25 10:29 AM,Ivana Abundiz,,Dining Room,0.00,5.77,0.47,0.00,0.00,00:00:57
Tink-a-Tako - Potranco,183,8/30/25 10:29 AM,Daniela Torres,,Dining Room,0.00,30.53,2.52,0.00,0.00,00:01:13
Tink-a-Tako - Potranco,184,8/30/25 10:30 AM,Daniela Torres,,Dining Room,0.00,5.77,0.48,0.00,0.00,00:00:34
Tink-a-Tako - Potranco,185,8/30/25 10:31 AM,Daniela Torres,,Dining Room,1.06,10.80,0.89,0.00,0.00,00:01:44
Tink-a-Tako - Potranco,187,8/30/25 10:32 AM,Ivana Abundiz,,Dining Room,0.00,13.23,1.09,0.00,0.00,00:00:28
Tink-a-Tako - Potranco,188,8/30/25 10:32 AM,Isabel Cisneros,33,Dining Room,0.00,25.59,2.09,7.00,0.00,00:32:20
Tink-a-Tako - Potranco,190,8/30/25 10:33 AM,Daniela Torres,,Dining Room,0.00,11.36,0.95,0.00,0.00,00:00:45
Tink-a-Tako - Potranco,191,8/30/25 10:33 AM,Ivana Abundiz,,Dining Room,0.00,11.34,0.93,0.00,0.00,00:07:36
Tink-a-Tako - Potranco,192,8/30/25 10:33 AM,Daniela Torres,,Dining Room,0.00,14.55,1.20,0.00,0.00,00:10:32
Tink-a-Tako - Potranco,194,8/30/25 10:34 AM,Silvia Hernandez,36,Dining Room,0.00,31.10,2.56,0.00,0.00,00:38:15
Tink-a-Tako - Potranco,186,8/30/25 10:32 AM,Maria Majana,4,Dining Room,0.00,65.91,5.43,5.00,0.00,01:22:56
Tink-a-Tako - Potranco,195,8/30/25 10:35 AM,Silvia Hernandez,11,Dining Room,0.00,26.23,2.16,5.00,0.00,00:46:33
Tink-a-Tako - Potranco,197,8/30/25 10:37 AM,Esperansa Caviedes,3,Dining Room,0.00,45.74,3.78,5.00,0.00,00:34:28
Tink-a-Tako - Potranco,196,8/30/25 10:36 AM,Mayra Luna,31,Dining Room,0.00,41.41,3.43,8.00,0.00,00:45:55
Tink-a-Tako - Potranco,193,8/30/25 10:34 AM,Daniela Torres,,Dining Room,0.00,19.71,1.63,0.00,0.00,00:11:32
Tink-a-Tako - Potranco,202,8/30/25 10:43 AM,Ivana Abundiz,,Dining Room,0.00,11.28,0.93,0.00,0.00,00:00:39
Tink-a-Tako - Potranco,201,8/30/25 10:43 AM,Daniela Torres,,Dining Room,0.00,15.13,1.26,0.00,0.00,00:06:19
Tink-a-Tako - Potranco,200,8/30/25 10:42 AM,Silvia Hernandez,12,Dining Room,0.00,44.93,3.72,0.00,0.00,00:46:24
Tink-a-Tako - Potranco,203,8/30/25 10:44 AM,Daniela Torres,,Dining Room,0.00,9.65,0.79,0.00,0.00,00:07:22
Tink-a-Tako - Potranco,204,8/30/25 10:45 AM,Esperansa Caviedes,32,Dining Room,0.00,39.00,3.20,0.00,0.00,01:21:18
Tink-a-Tako - Potranco,205,8/30/25 10:46 AM,Daniela Torres,,Dining Room,0.00,27.02,2.22,4.00,0.00,00:08:27
Tink-a-Tako - Potranco,206,8/30/25 10:47 AM,Daniela Torres,,Dining Room,0.00,18.22,1.50,0.00,0.00,00:11:23
Tink-a-Tako - Potranco,208,8/30/25 10:49 AM,Giselle Cisneross,21,Dining Room,0.00,23.96,1.98,0.00,0.00,00:31:07
Tink-a-Tako - Potranco,207,8/30/25 10:48 AM,Daniela Torres,,Dining Room,0.00,11.94,0.99,0.00,0.00,00:12:01
Tink-a-Tako - Potranco,211,8/30/25 10:50 AM,Silvia Hernandez,26,Dining Room,0.00,12.66,1.04,0.00,0.00,00:17:45
Tink-a-Tako - Potranco,209,8/30/25 10:50 AM,Daniela Torres,,Dining Room,0.00,18.12,1.50,2.00,0.00,00:02:34
Tink-a-Tako - Potranco,213,8/30/25 10:52 AM,Daniela Torres,,Dining Room,0.00,11.16,0.92,0.00,0.00,00:00:52
Tink-a-Tako - Potranco,215,8/30/25 10:53 AM,Daniela Torres,,Dining Room,0.00,24.52,2.02,4.90,0.00,00:01:07
Tink-a-Tako - Potranco,212,8/30/25 10:52 AM,Maria Majana,25,Dining Room,0.00,21.98,1.80,5.00,0.00,01:02:02
Tink-a-Tako - Potranco,217,8/30/25 10:54 AM,Ivana Abundiz,,Dining Room,0.00,12.45,1.03,0.00,0.00,00:43:22
Tink-a-Tako - Potranco,214,8/30/25 10:53 AM,Isabel Cisneros,40,Dining Room,0.00,49.33,4.07,0.00,9.87,00:33:27
Tink-a-Tako - Potranco,218,8/30/25 10:54 AM,Daniela Torres,,Dining Room,0.00,11.03,0.91,1.65,0.00,00:00:43
Tink-a-Tako - Potranco,221,8/30/25 10:55 AM,Daniela Torres,,Dining Room,0.00,8.46,0.69,0.00,0.00,00:00:58
Tink-a-Tako - Potranco,222,8/30/25 10:56 AM,Daniela Torres,,Dining Room,0.00,12.98,1.07,0.00,0.00,00:12:45
Tink-a-Tako - Potranco,219,8/30/25 10:54 AM,Sergio Abundiz,19,Dining Room,0.00,102.33,8.46,13.00,20.47,00:55:40
Tink-a-Tako - Potranco,224,8/30/25 11:00 AM,Ivana Abundiz,,Dining Room,0.00,4.58,0.38,1.00,0.00,00:06:47
Tink-a-Tako - Potranco,227,8/30/25 11:02 AM,Esperansa Caviedes,39,Dining Room,0.00,31.88,2.62,7.00,0.00,00:24:56
Tink-a-Tako - Potranco,225,8/30/25 11:01 AM,Silvia Hernandez,17,Dining Room,0.00,32.41,2.67,0.00,0.00,00:54:11
Tink-a-Tako - Potranco,228,8/30/25 11:02 AM,Giselle Cisneross,7,Dining Room,0.00,27.42,2.26,8.00,0.00,00:25:32
Tink-a-Tako - Potranco,229,8/30/25 11:03 AM,Esperansa Caviedes,37,Dining Room,0.00,0.00,0.00,0.00,0.00,00:00:44
Tink-a-Tako - Potranco,231,8/30/25 11:05 AM,Rosie  ORDONEZ,37,Dining Room,0.00,12.98,1.07,5.00,0.00,00:32:23
Tink-a-Tako - Potranco,223,8/30/25 10:57 AM,Daniela Torres,,Dining Room,0.00,10.33,0.84,0.00,0.00,00:14:05
Tink-a-Tako - Potranco,232,8/30/25 11:07 AM,Daniela Torres,,Dining Room,0.00,9.77,0.82,0.00,0.00,00:06:57
Tink-a-Tako - Potranco,233,8/30/25 11:08 AM,Daniela Torres,,Dining Room,0.00,18.45,1.53,1.00,0.00,00:06:43
Tink-a-Tako - Potranco,234,8/30/25 11:09 AM,Daniela Torres,,Dining Room,0.00,6.57,0.53,0.00,0.00,00:07:16
Tink-a-Tako - Potranco,235,8/30/25 11:11 AM,Daniela Torres,,Dining Room,0.00,10.43,0.85,2.00,0.00,00:06:03
Tink-a-Tako - Potranco,237,8/30/25 11:12 AM,Isabel Cisneros,23,Dining Room,0.00,34.11,2.80,4.00,0.00,00:22:59
Tink-a-Tako - Potranco,236,8/30/25 11:12 AM,Daniela Torres,,Dining Room,0.00,18.45,1.52,0.00,0.00,00:07:57
Tink-a-Tako - Potranco,239,8/30/25 11:15 AM,Ivana Abundiz,,Dining Room,0.00,20.22,1.67,0.00,0.00,00:00:40
Tink-a-Tako - Potranco,238,8/30/25 11:14 AM,Daniela Torres,,Dining Room,0.00,9.16,0.76,0.00,0.00,00:08:13
Tink-a-Tako - Potranco,241,8/30/25 11:15 AM,Silvia Hernandez,9,Dining Room,0.00,47.87,3.93,7.73,0.00,01:02:04
Tink-a-Tako - Potranco,242,8/30/25 11:16 AM,Daniela Torres,,Dining Room,0.00,6.77,0.56,0.00,0.00,00:06:53
Tink-a-Tako - Potranco,243,8/30/25 11:17 AM,Daniela Torres,,Dining Room,0.00,9.77,0.81,0.00,0.00,00:07:20
Tink-a-Tako - Potranco,240,8/30/25 11:15 AM,Maria Majana,24,Dining Room,0.00,40.94,3.38,0.00,0.00,00:31:02
Tink-a-Tako - Potranco,246,8/30/25 11:18 AM,Sergio Abundiz,18,Dining Room,0.00,21.75,1.80,0.00,0.00,00:49:24
Tink-a-Tako - Potranco,244,8/30/25 11:17 AM,Esperansa Caviedes,22,Dining Room,0.00,30.76,2.52,0.00,0.00,00:54:11
Tink-a-Tako - Potranco,245,8/30/25 11:18 AM,Daniela Torres,,Dining Room,0.00,7.96,0.66,0.00,0.00,00:08:18
Tink-a-Tako - Potranco,248,8/30/25 11:23 AM,Isabel Cisneros,2,Dining Room,0.00,44.56,3.68,8.00,0.00,01:02:23
Tink-a-Tako - Potranco,247,8/30/25 11:21 AM,Daniela Torres,,Dining Room,0.00,33.11,2.72,0.00,0.00,00:06:00
Tink-a-Tako - Potranco,249,8/30/25 11:25 AM,Daniela Torres,,Dining Room,0.00,13.74,1.13,0.00,0.00,00:09:05
Tink-a-Tako - Potranco,250,8/30/25 11:26 AM,Daniela Torres,,Dining Room,0.00,8.66,0.71,0.00,0.00,00:09:21
Tink-a-Tako - Potranco,253,8/30/25 11:28 AM,Giselle Cisneross,8,Dining Room,0.00,59.57,4.91,11.00,0.00,00:59:14
Tink-a-Tako - Potranco,251,8/30/25 11:27 AM,Daniela Torres,,Dining Room,0.00,11.36,0.94,0.00,0.00,00:09:51
Tink-a-Tako - Potranco,256,8/30/25 11:29 AM,Daniela Torres,,Dining Room,0.00,5.77,0.48,0.00,0.00,00:08:48
Tink-a-Tako - Potranco,257,8/30/25 11:29 AM,Silvia Hernandez,11,Dining Room,0.00,40.14,3.30,0.00,0.00,00:57:48
Tink-a-Tako - Potranco,261,8/30/25 11:30 AM,Isabel Cisneros,26,Dining Room,0.00,36.42,3.00,5.00,0.00,00:25:42
Tink-a-Tako - Potranco,262,8/30/25 11:33 AM,Esperansa Caviedes,36,Dining Room,0.00,28.54,2.36,0.00,0.00,02:30:29
Tink-a-Tako - Potranco,264,8/30/25 11:34 AM,Daniela Torres,,Dining Room,0.00,11.46,0.95,0.00,0.00,00:05:50
Tink-a-Tako - Potranco,263,8/30/25 11:33 AM,Sergio Abundiz,33,Dining Room,0.00,35.62,2.93,3.00,0.00,00:35:39
Tink-a-Tako - Potranco,260,8/30/25 11:30 AM,Daniela Torres,,Dining Room,0.00,10.92,0.90,0.00,0.00,00:14:06
Tink-a-Tako - Potranco,265,8/30/25 11:35 AM,Maria Majana,31,Dining Room,0.00,48.99,4.01,10.00,0.00,00:38:11
Tink-a-Tako - Potranco,267,8/30/25 11:37 AM,Giselle Cisneross,10,Dining Room,0.00,37.42,3.08,25.00,0.00,00:48:38
Tink-a-Tako - Potranco,266,8/30/25 11:37 AM,Daniela Torres,,Dining Room,0.00,30.41,2.52,0.00,0.00,00:09:38
Tink-a-Tako - Potranco,268,8/30/25 11:38 AM,Daniela Torres,,Dining Room,0.00,21.76,1.79,0.00,0.00,00:01:23
Tink-a-Tako - Potranco,269,8/30/25 11:39 AM,Daniela Torres,,Dining Room,0.00,10.46,0.86,2.30,0.00,00:00:43
Tink-a-Tako - Potranco,271,8/30/25 11:40 AM,Daniela Torres,,Dining Room,0.00,23.73,1.95,0.00,0.00,00:14:19
Tink-a-Tako - Potranco,272,8/30/25 11:40 AM,Daniela Torres,,Dining Room,0.00,38.08,3.13,0.00,0.00,00:15:16
Tink-a-Tako - Potranco,274,8/30/25 11:42 AM,Silvia Hernandez,7,Dining Room,0.00,29.42,2.42,5.00,0.00,00:57:07
Tink-a-Tako - Potranco,275,8/30/25 11:42 AM,Daniela Torres,,Dining Room,0.00,11.99,0.99,0.00,0.00,00:15:47
Tink-a-Tako - Potranco,276,8/30/25 11:42 AM,Daniela Torres,,Dining Room,0.00,13.77,1.14,2.07,0.00,00:01:07
Tink-a-Tako - Potranco,277,8/30/25 11:43 AM,Daniela Torres,,Dining Room,0.00,25.32,2.10,0.00,0.00,00:01:07
Tink-a-Tako - Potranco,279,8/30/25 11:44 AM,Isabel Cisneros,20,Dining Room,0.00,22.57,1.85,0.00,0.00,00:24:10
Tink-a-Tako - Potranco,281,8/30/25 11:44 AM,Daniela Torres,,Dining Room,0.00,24.91,2.05,3.74,0.00,00:00:48
Tink-a-Tako - Potranco,278,8/30/25 11:44 AM,Ivana Abundiz,,Dining Room,0.00,19.13,1.59,0.00,0.00,00:15:32
Tink-a-Tako - Potranco,283,8/30/25 11:45 AM,Ivana Abundiz,,Dining Room,0.00,12.00,1.00,0.00,0.00,00:00:16
Tink-a-Tako - Potranco,282,8/30/25 11:45 AM,Daniela Torres,,Dining Room,0.00,7.77,0.64,0.00,0.00,00:15:18
Tink-a-Tako - Potranco,284,8/30/25 11:46 AM,Daniela Torres,,Dining Room,0.00,3.98,0.33,0.80,0.00,00:00:28
Tink-a-Tako - Potranco,280,8/30/25 11:44 AM,Maria Majana,35,Dining Room,0.00,9.67,0.78,0.00,0.00,00:39:57
Tink-a-Tako - Potranco,286,8/30/25 11:46 AM,Daniela Torres,,Dining Room,0.00,16.22,1.34,0.00,0.00,00:00:44
Tink-a-Tako - Potranco,287,8/30/25 11:54 AM,Rosie  ORDONEZ,25,Dining Room,0.00,24.21,2.00,0.00,0.00,00:19:20
Tink-a-Tako - Potranco,288,8/30/25 11:54 AM,Esperansa Caviedes,24,Dining Room,0.00,32.12,2.63,0.00,0.00,00:27:37
Tink-a-Tako - Potranco,290,8/30/25 11:57 AM,Isabel Cisneros,26,Dining Room,0.00,5.98,0.50,0.00,0.00,00:00:15
Tink-a-Tako - Potranco,292,8/30/25 12:00 PM,Isabel Cisneros,23,Dining Room,0.00,42.40,3.49,0.00,0.00,00:53:20
Tink-a-Tako - Potranco,291,8/30/25 12:00 PM,Daniela Torres,,Dining Room,0.00,6.77,0.56,0.00,0.00,00:00:45
Tink-a-Tako - Potranco,295,8/30/25 12:01 PM,Daniela Torres,,Dining Room,0.00,21.33,1.75,0.00,0.00,00:00:50
Tink-a-Tako - Potranco,294,8/30/25 12:01 PM,Ivana Abundiz,,Dining Room,0.00,0.00,0.00,0.00,0.00,00:01:17
Tink-a-Tako - Potranco,299,8/30/25 12:02 PM,Daniela Torres,,Dining Room,0.00,14.15,1.16,0.00,0.00,00:06:23
Tink-a-Tako - Potranco,297,8/30/25 12:02 PM,Esperansa Caviedes,12,Dining Room,0.00,19.52,1.61,0.00,0.00,01:43:51
Tink-a-Tako - Potranco,298,8/30/25 12:02 PM,Silvia Hernandez,34,Dining Room,0.00,35.86,2.94,0.00,0.00,00:26:50
Tink-a-Tako - Potranco,300,8/30/25 12:02 PM,Daniela Torres,,Dining Room,0.00,17.16,1.42,0.00,0.00,00:01:14
Tink-a-Tako - Potranco,293,8/30/25 12:01 PM,Maria Majana,37,Dining Room,0.00,18.00,1.49,5.00,0.00,00:30:03
Tink-a-Tako - Potranco,301,8/30/25 12:03 PM,Sergio Abundiz,42,Dining Room,0.00,68.79,5.66,10.00,0.00,00:39:38
Tink-a-Tako - Potranco,303,8/30/25 12:04 PM,Daniela Torres,,Dining Room,0.00,26.08,2.16,0.00,0.00,00:00:31
Tink-a-Tako - Potranco,302,8/30/25 12:03 PM,Ivana Abundiz,,Dining Room,0.00,42.51,3.51,0.00,0.00,00:02:12
Tink-a-Tako - Potranco,304,8/30/25 12:05 PM,Daniela Torres,,Dining Room,0.00,17.04,1.40,1.00,0.00,00:03:44
Tink-a-Tako - Potranco,308,8/30/25 12:08 PM,Ivana Abundiz,,Dining Room,0.00,7.38,0.60,0.00,0.00,00:00:42
Tink-a-Tako - Potranco,309,8/30/25 12:08 PM,Daniela Torres,,Dining Room,0.00,13.47,1.11,0.00,0.00,00:07:49
Tink-a-Tako - Potranco,310,8/30/25 12:09 PM,Daniela Torres,,Dining Room,0.00,27.48,2.27,0.00,0.00,00:16:27
Tink-a-Tako - Potranco,312,8/30/25 12:11 PM,Ivana Abundiz,,Dining Room,0.00,9.28,0.76,0.00,0.00,00:12:45
Tink-a-Tako - Potranco,315,8/30/25 12:14 PM,Daniela Torres,,Dining Room,0.00,0.00,0.00,0.00,0.00,01:06:08
Tink-a-Tako - Potranco,314,8/30/25 12:14 PM,Silvia Hernandez,38,Dining Room,0.00,36.78,3.03,0.00,0.00,00:15:46
Tink-a-Tako - Potranco,316,8/30/25 12:15 PM,Esperansa Caviedes,18,Dining Room,0.00,21.39,1.75,0.00,0.00,01:31:27
Tink-a-Tako - Potranco,317,8/30/25 12:15 PM,Maria Majana,33,Dining Room,0.00,35.55,2.91,0.00,0.00,00:23:07
Tink-a-Tako - Potranco,313,8/30/25 12:14 PM,Giselle Cisneross,19,Dining Room,0.00,104.71,8.63,20.00,20.94,00:45:33
Tink-a-Tako - Potranco,318,8/30/25 12:17 PM,Isabel Cisneros,4,Dining Room,0.00,18.37,1.51,3.00,0.00,00:33:54
Tink-a-Tako - Potranco,311,8/30/25 12:10 PM,Daniela Torres,,Dining Room,0.00,17.26,1.41,2.00,0.00,00:17:52
Tink-a-Tako - Potranco,320,8/30/25 12:19 PM,Silvia Hernandez,26,Dining Room,0.00,7.77,0.64,0.00,0.00,00:47:43
Tink-a-Tako - Potranco,319,8/30/25 12:18 PM,Daniela Torres,,Dining Room,0.67,6.01,0.49,0.00,0.00,00:13:29
Tink-a-Tako - Potranco,322,8/30/25 12:20 PM,Sergio Abundiz,20,Dining Room,0.00,35.95,2.97,10.00,0.00,00:38:45
Tink-a-Tako - Potranco,323,8/30/25 12:22 PM,Daniela Torres,,Dining Room,0.00,3.45,0.28,0.00,0.00,00:00:22
Tink-a-Tako - Potranco,321,8/30/25 12:20 PM,Daniela Torres,,Dining Room,0.00,5.77,0.47,0.00,0.00,00:13:40
Tink-a-Tako - Potranco,325,8/30/25 12:25 PM,Isabel Cisneros,32,Dining Room,0.00,18.54,1.54,5.00,0.00,00:46:09
Tink-a-Tako - Potranco,324,8/30/25 12:25 PM,Daniela Torres,,Dining Room,0.00,12.35,1.03,0.00,0.00,00:10:46
Tink-a-Tako - Potranco,326,8/30/25 12:26 PM,Daniela Torres,,Dining Room,0.00,16.39,1.35,0.00,0.00,00:10:21
Tink-a-Tako - Potranco,327,8/30/25 12:28 PM,Esperansa Caviedes,22,Dining Room,0.00,32.17,2.65,2.00,0.00,00:41:03
Tink-a-Tako - Potranco,328,8/30/25 12:31 PM,Daniela Torres,,Dining Room,0.00,9.78,0.81,2.00,0.00,00:06:47
Tink-a-Tako - Potranco,329,8/30/25 12:32 PM,Daniela Torres,,Dining Room,0.00,13.26,1.09,2.00,0.00,00:07:16
Tink-a-Tako - Potranco,330,8/30/25 12:34 PM,Daniela Torres,,Dining Room,0.00,6.97,0.57,0.00,0.00,00:07:07
Tink-a-Tako - Potranco,332,8/30/25 12:36 PM,Ivana Abundiz,,Dining Room,0.00,14.16,1.18,1.00,0.00,00:21:53
Tink-a-Tako - Potranco,333,8/30/25 12:38 PM,Daniela Torres,,Dining Room,0.00,6.28,0.52,0.00,0.00,00:06:05
Tink-a-Tako - Potranco,334,8/30/25 12:40 PM,Daniela Torres,,Dining Room,0.00,6.48,0.54,0.00,0.00,00:06:14
Tink-a-Tako - Potranco,336,8/30/25 12:40 PM,Silvia Hernandez,24,Dining Room,0.00,19.96,1.66,0.00,0.00,00:26:30
Tink-a-Tako - Potranco,335,8/30/25 12:40 PM,Daniela Torres,,Dining Room,0.00,38.60,3.18,1.00,0.00,00:07:15
Tink-a-Tako - Potranco,331,8/30/25 12:36 PM,Daniela Torres,,Dining Room,0.00,8.76,0.71,0.00,0.00,00:13:23
Tink-a-Tako - Potranco,339,8/30/25 12:42 PM,Daniela Torres,,Dining Room,0.00,3.99,0.33,0.00,0.00,00:00:07
Tink-a-Tako - Potranco,340,8/30/25 12:43 PM,Esperansa Caviedes,25,Dining Room,0.00,23.58,1.94,5.48,0.00,00:32:09
Tink-a-Tako - Potranco,338,8/30/25 12:42 PM,Maria Majana,21,Dining Room,0.00,16.69,1.37,0.00,0.00,00:58:10
Tink-a-Tako - Potranco,337,8/30/25 12:42 PM,Daniela Torres,,Dining Room,0.00,25.27,2.08,5.00,0.00,00:09:15
Tink-a-Tako - Potranco,342,8/30/25 12:46 PM,Silvia Hernandez,8,Dining Room,0.00,21.24,1.74,5.00,0.00,00:17:31
Tink-a-Tako - Potranco,341,8/30/25 12:44 PM,Daniela Torres,,Dining Room,0.00,7.99,0.66,0.00,0.00,00:09:41
Tink-a-Tako - Potranco,343,8/30/25 12:47 PM,Daniela Torres,,Dining Room,0.00,21.30,1.75,0.00,0.00,00:08:54
Tink-a-Tako - Potranco,344,8/30/25 12:51 PM,Daniela Torres,,Dining Room,0.00,33.09,2.72,3.00,0.00,00:09:02
Tink-a-Tako - Potranco,347,8/30/25 12:54 PM,Ivana Abundiz,,Dining Room,0.00,15.57,1.29,0.00,0.00,00:01:03
Tink-a-Tako - Potranco,346,8/30/25 12:52 PM,Daniela Torres,,Dining Room,0.00,9.88,0.81,0.00,0.00,00:10:22
Tink-a-Tako - Potranco,348,8/30/25 12:55 PM,Daniela Torres,,Dining Room,0.00,26.83,2.21,0.00,0.00,00:09:33
Tink-a-Tako - Potranco,349,8/30/25 12:56 PM,Daniela Torres,,Dining Room,0.00,24.79,2.04,0.00,0.00,00:10:49
Tink-a-Tako - Potranco,354,8/30/25 1:04 PM,Daniela Torres,,Dining Room,0.00,5.97,0.48,0.00,0.00,00:05:34
Tink-a-Tako - Potranco,353,8/30/25 1:04 PM,Isabel Cisneros,23,Dining Room,0.00,35.66,2.93,4.55,0.00,00:39:46
Tink-a-Tako - Potranco,352,8/30/25 1:04 PM,Esperansa Caviedes,31,Dining Room,0.00,38.81,3.20,0.00,0.00,00:37:53
Tink-a-Tako - Potranco,355,8/30/25 1:06 PM,Esperansa Caviedes,33,Dining Room,0.00,9.82,0.82,2.00,0.00,00:17:47
Tink-a-Tako - Potranco,356,8/30/25 1:10 PM,Daniela Torres,,Dining Room,0.00,14.97,1.24,0.00,0.00,00:00:51
Tink-a-Tako - Potranco,358,8/30/25 1:15 PM,Silvia Hernandez,7,Dining Room,0.00,12.99,1.07,0.00,0.00,00:22:12
Tink-a-Tako - Potranco,357,8/30/25 1:14 PM,Daniela Torres,,Dining Room,0.00,16.98,1.40,0.00,0.00,00:04:13
Tink-a-Tako - Potranco,359,8/30/25 1:19 PM,Lizeth Alonso,,Dining Room,0.00,14.95,1.23,0.00,0.00,00:18:23
Tink-a-Tako - Potranco,361,8/30/25 1:19 PM,Daniela Torres,,Dining Room,0.00,26.42,2.17,0.00,0.00,00:07:58
Tink-a-Tako - Potranco,362,8/30/25 1:21 PM,Lizeth Alonso,,Dining Room,0.00,15.12,1.24,0.00,0.00,00:12:29
Tink-a-Tako - Potranco,363,8/30/25 1:22 PM,Lizeth Alonso,,Dining Room,0.00,4.39,0.36,0.00,0.00,00:14:10
Tink-a-Tako - Potranco,360,8/30/25 1:19 PM,Maria Majana,24,Dining Room,0.00,33.95,2.81,0.00,0.00,00:35:05
Tink-a-Tako - Potranco,366,8/30/25 1:31 PM,Lizeth Alonso,,Dining Room,0.00,18.44,1.52,0.00,0.00,00:11:55
Tink-a-Tako - Potranco,367,8/30/25 1:33 PM,Lizeth Alonso,,Dining Room,0.00,19.94,1.64,3.00,0.00,00:20:02
Tink-a-Tako - Potranco,370,8/30/25 1:37 PM,Daniela Torres,,Dining Room,0.00,11.98,0.99,0.00,0.00,00:00:18
Tink-a-Tako - Potranco,371,8/30/25 1:38 PM,Lizeth Alonso,,Dining Room,0.00,0.00,0.00,0.00,0.00,00:00:46
Tink-a-Tako - Potranco,372,8/30/25 1:39 PM,Maria Majana,37,Dining Room,0.00,33.18,2.73,5.00,0.00,01:02:13
Tink-a-Tako - Potranco,373,8/30/25 1:40 PM,Lizeth Alonso,,Dining Room,0.00,10.99,0.91,0.00,0.00,00:19:24
Tink-a-Tako - Potranco,374,8/30/25 1:41 PM,Esperansa Caviedes,4,Dining Room,0.00,13.04,1.08,0.00,0.00,00:20:33
Tink-a-Tako - Potranco,375,8/30/25 1:43 PM,Maria Majana,25,Dining Room,0.00,42.63,3.51,10.00,0.00,00:28:37
Tink-a-Tako - Potranco,376,8/30/25 1:47 PM,Sergio Abundiz,38,Dining Room,0.00,81.41,6.72,0.00,0.00,01:30:05
Tink-a-Tako - Potranco,377,8/30/25 1:50 PM,Lizeth Alonso,,Dining Room,0.00,43.71,3.60,0.00,0.00,00:11:40
Tink-a-Tako - Potranco,378,8/30/25 1:54 PM,Lizeth Alonso,,Dining Room,0.00,22.03,1.82,0.00,0.00,00:00:46
Tink-a-Tako - Potranco,379,8/30/25 1:57 PM,Sergio Abundiz,33,Dining Room,0.00,17.65,1.45,2.65,0.00,00:35:03
Tink-a-Tako - Potranco,380,8/30/25 2:03 PM,Lizeth Alonso,,Dining Room,0.00,15.95,1.32,0.00,0.00,00:08:15
Tink-a-Tako - Potranco,381,8/30/25 2:07 PM,Lizeth Alonso,,Dining Room,0.00,24.56,2.03,0.00,0.00,00:06:36
Tink-a-Tako - Potranco,382,8/30/25 2:15 PM,Esperansa Caviedes,24,Dining Room,5.60,140.01,11.54,0.00,0.00,04:58:47
Tink-a-Tako - Potranco,383,8/30/25 2:18 PM,Maria Majana,,Dining Room,0.00,0.00,0.00,0.00,0.00,00:00:43
Tink-a-Tako - Potranco,385,8/30/25 2:20 PM,Maria Majana,,Dining Room,0.00,0.00,0.00,0.00,0.00,00:00:22
Tink-a-Tako - Potranco,386,8/30/25 2:20 PM,Lizeth Alonso,,Dining Room,0.00,2.00,0.16,0.00,0.00,00:00:25
Tink-a-Tako - Potranco,384,8/30/25 2:19 PM,Maria Majana,35,Dining Room,0.00,7.98,0.66,5.00,0.00,00:47:57
Tink-a-Tako - Potranco,387,8/30/25 2:24 PM,Sergio Abundiz,39,Dining Room,0.00,27.01,2.23,7.00,0.00,00:45:46
Tink-a-Tako - Potranco,388,8/30/25 2:31 PM,Esperansa Caviedes,18,Dining Room,0.00,63.38,5.23,0.00,0.00,01:28:00
Tink-a-Tako - Potranco,390,8/30/25 2:37 PM,Lizeth Alonso,,Dining Room,0.00,9.58,0.79,0.00,0.00,00:02:05
Tink-a-Tako - Potranco,389,8/30/25 2:33 PM,Maria Majana,23,Dining Room,0.00,115.89,9.53,0.00,23.18,00:57:07
Tink-a-Tako - Potranco,392,8/30/25 2:42 PM,Lizeth Alonso,,Dining Room,0.00,0.00,0.00,0.00,0.00,00:01:41
Tink-a-Tako - Potranco,393,8/30/25 2:43 PM,Esperansa Caviedes,32,Dining Room,0.00,54.89,4.52,2.00,0.00,00:59:53
Tink-a-Tako - Potranco,394,8/30/25 2:46 PM,Lizeth Alonso,,Dining Room,0.00,12.55,1.04,0.00,0.00,00:09:21
Tink-a-Tako - Potranco,395,8/30/25 2:46 PM,Sergio Abundiz,17,Dining Room,0.00,21.75,1.79,0.00,0.00,00:41:29
Tink-a-Tako - Potranco,396,8/30/25 2:47 PM,Lizeth Alonso,,Dining Room,0.00,14.97,1.24,0.00,0.00,00:10:49
Tink-a-Tako - Potranco,397,8/30/25 2:47 PM,Lizeth Alonso,,Dining Room,0.00,35.90,2.95,0.00,0.00,00:12:30
Tink-a-Tako - Potranco,398,8/30/25 2:53 PM,Lizeth Alonso,,Dining Room,0.00,32.41,2.67,0.00,0.00,00:10:14
Tink-a-Tako - Potranco,399,8/30/25 2:58 PM,Maria Majana,7,Dining Room,0.00,28.34,2.33,6.00,0.00,00:35:29
Tink-a-Tako - Potranco,400,8/30/25 3:01 PM,Lizeth Alonso,,Dining Room,0.00,3.69,0.30,0.00,0.00,00:00:04
Tink-a-Tako - Potranco,402,8/30/25 3:09 PM,Sergio Abundiz,33,Dining Room,5.80,26.63,2.19,0.00,0.00,00:48:20
Tink-a-Tako - Potranco,403,8/30/25 3:13 PM,Maria Majana,25,Dining Room,0.00,34.44,2.83,8.00,0.00,00:59:33
Tink-a-Tako - Potranco,401,8/30/25 3:03 PM,Lizeth Alonso,,Dining Room,0.00,22.98,1.90,0.00,0.00,00:15:01
Tink-a-Tako - Potranco,404,8/30/25 3:17 PM,Esperansa Caviedes,12,Dining Room,0.00,32.91,2.70,0.00,0.00,04:22:55
Tink-a-Tako - Potranco,405,8/30/25 3:20 PM,Lizeth Alonso,,Dining Room,0.00,13.57,1.12,0.00,0.00,00:10:18
Tink-a-Tako - Potranco,407,8/30/25 3:21 PM,Lizeth Alonso,,Dining Room,0.00,30.04,2.47,0.00,0.00,00:16:55
Tink-a-Tako - Potranco,409,8/30/25 3:32 PM,Lizeth Alonso,,Dining Room,0.00,13.43,1.10,1.00,0.00,00:01:22
Tink-a-Tako - Potranco,412,8/30/25 3:56 PM,Sergio Abundiz,7,Dining Room,0.00,36.87,3.03,5.00,0.00,00:44:14
Tink-a-Tako - Potranco,413,8/30/25 3:56 PM,Lizeth Alonso,,Dining Room,0.00,10.36,0.86,0.00,0.00,00:01:11
Tink-a-Tako - Potranco,414,8/30/25 4:01 PM,Lizeth Alonso,,Dining Room,0.00,2.99,0.25,0.00,0.00,00:01:00
Tink-a-Tako - Potranco,415,8/30/25 4:02 PM,Lizeth Alonso,,Dining Room,0.00,31.33,2.59,2.00,0.00,00:03:41
Tink-a-Tako - Potranco,416,8/30/25 4:03 PM,Lizeth Alonso,,Dining Room,0.00,3.58,0.30,0.00,0.00,00:06:55
Tink-a-Tako - Potranco,418,8/30/25 4:05 PM,Maria Majana,25,Dining Room,0.00,64.37,5.30,0.00,0.00,01:41:39
Tink-a-Tako - Potranco,419,8/30/25 4:11 PM,Lizeth Alonso,,Dining Room,0.00,7.99,0.66,0.00,0.00,00:00:17
Tink-a-Tako - Potranco,420,8/30/25 4:11 PM,Lizeth Alonso,,Dining Room,0.00,13.96,1.15,0.00,0.00,00:05:18
Tink-a-Tako - Potranco,421,8/30/25 4:16 PM,Lizeth Alonso,,Dining Room,0.00,10.98,0.90,2.00,0.00,00:09:17
Tink-a-Tako - Potranco,422,8/30/25 4:19 PM,Esperansa Caviedes,8,Dining Room,0.00,27.95,2.30,2.00,0.00,00:27:14
Tink-a-Tako - Potranco,423,8/30/25 4:22 PM,Lizeth Alonso,,Dining Room,0.00,16.96,1.40,0.00,0.00,00:06:45
Tink-a-Tako - Potranco,424,8/30/25 4:23 PM,Lizeth Alonso,,Dining Room,0.00,9.48,0.78,0.00,0.00,00:08:50
Tink-a-Tako - Potranco,425,8/30/25 4:26 PM,Maria Majana,37,Dining Room,0.00,17.69,1.45,5.00,0.00,00:43:31
Tink-a-Tako - Potranco,426,8/30/25 4:32 PM,Lizeth Alonso,,Dining Room,0.00,22.46,1.85,0.00,0.00,00:05:50
Tink-a-Tako - Potranco,428,8/30/25 4:43 PM,Lizeth Alonso,,Dining Room,0.00,7.58,0.63,0.00,0.00,00:01:37
Tink-a-Tako - Potranco,427,8/30/25 4:42 PM,Esperansa Caviedes,35,Dining Room,5.48,29.28,2.41,0.00,0.00,00:34:03
Tink-a-Tako - Potranco,429,8/30/25 4:44 PM,Lizeth Alonso,,Dining Room,0.00,13.48,1.12,0.00,0.00,00:05:57
Tink-a-Tako - Potranco,432,8/30/25 5:27 PM,Lizeth Alonso,,Dining Room,0.00,6.77,0.56,0.00,0.00,00:00:45
Tink-a-Tako - Potranco,433,8/30/25 5:29 PM,Lizeth Alonso,,Dining Room,0.00,13.99,1.15,0.00,0.00,00:02:13
Tink-a-Tako - Potranco,434,8/30/25 5:36 PM,Melissa Urena,37,Dining Room,0.00,44.54,3.67,0.00,0.00,00:55:50
Tink-a-Tako - Potranco,437,8/30/25 5:46 PM,Melissa Urena,2,Dining Room,0.00,68.44,5.66,30.00,0.00,01:53:15
Tink-a-Tako - Potranco,438,8/30/25 5:48 PM,Sergio Abundiz,32,Dining Room,0.00,29.16,2.41,0.00,0.00,00:26:00
Tink-a-Tako - Potranco,436,8/30/25 5:39 PM,Lizeth Alonso,,Dining Room,0.00,9.98,0.82,0.00,0.00,00:19:53
Tink-a-Tako - Potranco,439,8/30/25 6:03 PM,Esperansa Caviedes,23,Dining Room,0.00,21.39,1.75,6.00,0.00,00:44:41
Tink-a-Tako - Potranco,440,8/30/25 6:03 PM,Lizeth Alonso,,Dining Room,0.00,23.36,1.92,0.00,0.00,00:20:38
Tink-a-Tako - Potranco,441,8/30/25 6:05 PM,Lizeth Alonso,,Dining Room,0.00,6.19,0.51,0.00,0.00,00:01:39
Tink-a-Tako - Potranco,442,8/30/25 6:15 PM,Esperansa Caviedes,25,Dining Room,0.00,15.67,1.29,0.00,0.00,00:44:00
Tink-a-Tako - Potranco,445,8/30/25 6:22 PM,Melissa Urena,7,Dining Room,0.00,20.31,1.67,0.00,0.00,01:12:31
Tink-a-Tako - Potranco,448,8/30/25 6:27 PM,Lizeth Alonso,,Dining Room,0.00,7.96,0.66,0.00,0.00,00:00:33
Tink-a-Tako - Potranco,447,8/30/25 6:26 PM,Sergio Abundiz,31,Dining Room,0.00,182.99,15.06,41.61,36.60,01:07:05
Tink-a-Tako - Potranco,446,8/30/25 6:23 PM,Lizeth Alonso,,Dining Room,0.00,9.28,0.76,0.00,0.00,00:12:11
Tink-a-Tako - Potranco,450,8/30/25 6:41 PM,Esperansa Caviedes,32,Dining Room,0.00,25.98,2.14,4.00,0.00,00:29:38
Tink-a-Tako - Potranco,449,8/30/25 6:35 PM,Lizeth Alonso,,Dining Room,0.00,21.77,1.80,0.00,0.00,00:16:56
Tink-a-Tako - Potranco,453,8/30/25 6:55 PM,Lizeth Alonso,,Dining Room,0.00,21.98,1.81,0.00,0.00,00:02:19
Tink-a-Tako - Potranco,451,8/30/25 6:50 PM,Melissa Urena,41,Dining Room,0.00,248.46,20.48,0.00,49.69,00:58:45
Tink-a-Tako - Potranco,454,8/30/25 6:59 PM,Esperansa Caviedes,23,Dining Room,0.00,20.77,1.72,0.00,0.00,00:53:27
Tink-a-Tako - Potranco,456,8/30/25 7:05 PM,Melissa Urena,,Dining Room,0.00,42.42,3.50,0.00,0.00,00:47:15
Tink-a-Tako - Potranco,455,8/30/25 7:04 PM,Lizeth Alonso,,Dining Room,0.00,4.89,0.40,0.00,0.00,00:02:20
Tink-a-Tako - Potranco,452,8/30/25 6:51 PM,Lizeth Alonso,,Dining Room,0.00,22.76,1.87,0.00,0.00,00:23:19
Tink-a-Tako - Potranco,458,8/30/25 7:18 PM,Esperansa Caviedes,33,Dining Room,0.00,41.11,3.37,6.00,0.00,00:41:14
Tink-a-Tako - Potranco,460,8/30/25 7:38 PM,Esperansa Caviedes,24,Dining Room,0.00,35.21,2.90,10.00,0.00,00:32:03
Tink-a-Tako - Potranco,465,8/30/25 7:45 PM,Esperansa Caviedes,32,Dining Room,0.00,17.38,1.43,0.00,0.00,01:26:25
Tink-a-Tako - Potranco,466,8/30/25 7:46 PM,Daniela Torres,,Dining Room,0.00,33.75,2.79,2.00,0.00,00:00:47
Tink-a-Tako - Potranco,467,8/30/25 7:49 PM,Esperansa Caviedes,8,Dining Room,0.00,25.71,2.12,5.14,0.00,00:49:29
Tink-a-Tako - Potranco,468,8/30/25 7:56 PM,Melissa Urena,22,Dining Room,0.00,17.43,1.43,0.00,0.00,00:21:39
Tink-a-Tako - Potranco,469,8/30/25 7:57 PM,Lizeth Alonso,,Dining Room,0.00,8.58,0.71,0.00,0.00,00:14:19
Tink-a-Tako - Potranco,470,8/30/25 8:09 PM,Melissa Urena,37,Dining Room,0.00,39.63,3.27,6.00,0.00,01:10:52
Tink-a-Tako - Potranco,471,8/30/25 8:09 PM,Lizeth Alonso,,Dining Room,0.00,14.99,1.24,0.00,0.00,00:08:17
Tink-a-Tako - Potranco,457,8/30/25 7:14 PM,Lizeth Alonso,,Dining Room,0.00,11.49,0.95,0.00,0.00,01:04:20
Tink-a-Tako - Potranco,474,8/30/25 8:13 PM,Lizeth Alonso,,Dining Room,0.00,11.49,0.95,0.00,0.00,00:10:04
Tink-a-Tako - Potranco,473,8/30/25 8:11 PM,Daniela Torres,,Dining Room,0.00,17.36,1.43,2.00,0.00,00:04:31
Tink-a-Tako - Potranco,476,8/30/25 8:22 PM,Sergio Abundiz,2,Dining Room,0.00,78.96,6.51,25.00,0.00,00:31:25
Tink-a-Tako - Potranco,477,8/30/25 8:24 PM,Lizeth Alonso,,Dining Room,0.00,35.85,2.97,0.00,0.00,00:01:33
Tink-a-Tako - Potranco,478,8/30/25 8:26 PM,Esperansa Caviedes,36,Dining Room,0.00,40.59,3.33,0.00,0.00,00:53:57
Tink-a-Tako - Potranco,475,8/30/25 8:14 PM,Lizeth Alonso,,Dining Room,0.00,7.16,0.59,0.00,0.00,00:21:27
Tink-a-Tako - Potranco,480,8/30/25 8:33 PM,Esperansa Caviedes,23,Dining Room,0.00,44.84,3.68,10.00,0.00,00:34:09
Tink-a-Tako - Potranco,481,8/30/25 8:34 PM,Lizeth Alonso,,Dining Room,0.00,0.00,0.00,0.00,0.00,00:01:18
Tink-a-Tako - Potranco,482,8/30/25 8:36 PM,Lizeth Alonso,,Dining Room,0.00,11.55,0.95,2.00,0.00,00:09:50
Tink-a-Tako - Potranco,483,8/30/25 8:36 PM,Lizeth Alonso,,Dining Room,0.00,20.78,1.72,2.00,0.00,00:01:52
Tink-a-Tako - Potranco,484,8/30/25 8:38 PM,Melissa Urena,10,Dining Room,0.00,25.48,2.10,5.00,0.00,00:34:15
Tink-a-Tako - Potranco,485,8/30/25 8:41 PM,Melissa Urena,33,Dining Room,0.00,34.22,2.80,0.00,0.00,00:59:02
Tink-a-Tako - Potranco,479,8/30/25 8:32 PM,Lizeth Alonso,,Dining Room,0.00,39.42,3.25,0.00,0.00,00:16:54
Tink-a-Tako - Potranco,486,8/30/25 8:43 PM,Lizeth Alonso,,Dining Room,0.00,4.99,0.41,0.00,0.00,00:10:19
Tink-a-Tako - Potranco,488,8/30/25 8:55 PM,Melissa Urena,31,Dining Room,0.00,29.39,2.42,5.00,0.00,00:37:56
