Employee,Job Title,Regular Hours,Overtime Hours,Hourly Rate,Regular Pay,Overtime Pay,Total Pay,Net Sales,Declared Tips,Non-Cash Tips,Total Tips,Tips Withheld,Total Gratuity,Employee ID,Job Code,Location,Location Code
"Abundiz, Ivana",Host,6.52,0.0,14.00,91.28,0.00,91.28,281.17,,3.00,3.00,0.00,0.00,,,Tink-a-Tako - Potranco,
"Abundiz, Sergio",Dishwasher,0.05,16.03,12.50,0.62,300.56,301.18,1058.94,,148.26,148.26,0.00,57.07,,,Tink-a-Tako - Potranco,
"Alonso, Lizeth",Host,4.05,10.17,13.00,52.65,198.32,250.97,908.95,,12.00,12.00,0.00,0.00,,,Tink-a-Tako - Potranco,
"Alvarado, Rodolfo",Cook,8.35,0.0,17.00,141.95,0.00,141.95,0.00,,0.00,0.00,0.00,0.00,,,Tink-a-Tako - Potranco,
"Aviles, Genaro",Cook,0.0,8.86,15.00,0.00,199.35,199.35,0.00,,0.00,0.00,0.00,0.00,,,Tink-a-Tako - Potranco,
"Brito, Victor ",Regular,7.59,0.0,12.00,91.08,0.00,91.08,0.00,,0.00,0.00,0.00,0.00,,,Tink-a-Tako - Potranco,
"CANDELA, OLIVIA",Tortillero,7.95,0.0,14.00,111.30,0.00,111.30,0.00,0.00,0.00,0.00,0.00,0.00,,,Tink-a-Tako - Potranco,
"Calderon, Jesus",Cook,7.9,0.0,,,,,0.00,,0.00,0.00,0.00,0.00,,,Tink-a-Tako - Potranco,
"Caviedes, Esperansa",Server,14.26,0.0,3.00,42.78,0.00,42.78,1194.25,,83.12,83.12,0.00,0.00,,,Tink-a-Tako - Potranco,
"Cisneros, Isabel",Server,5.44,1.84,3.00,16.32,8.28,24.60,603.96,,64.55,64.55,0.00,9.87,,,Tink-a-Tako - Potranco,
"Cisneross, Giselle",Server,5.77,0.0,3.00,17.31,0.00,17.31,527.65,0.00,79.00,79.00,0.00,39.23,,,Tink-a-Tako - Potranco,
"Diaz, Diego",Cook,5.23,3.37,,,,,0.00,,0.00,0.00,0.00,0.00,,,Tink-a-Tako - Potranco,
"Dominguez, Jose ",Cook,0.17,8.41,17.00,2.89,214.46,217.35,0.00,0.00,0.00,0.00,0.00,0.00,,,Tink-a-Tako - Potranco,
"Gonzales (Line) , Maria",Cook,6.63,1.35,14.00,92.82,28.35,121.17,0.00,,0.00,0.00,0.00,0.00,,,Tink-a-Tako - Potranco,
"Gonzalez, Maria ",Tortillero,8.57,0.0,13.00,111.41,0.00,111.41,0.00,,0.00,0.00,0.00,0.00,,,Tink-a-Tako - Potranco,
"Hernandez, Silvia",Server,5.62,0.0,3.00,16.86,0.00,16.86,664.20,,46.12,46.12,0.00,0.00,,,Tink-a-Tako - Potranco,
"Luna, Mayra",Shift Manager / Assistant Manager,0.0,4.14,,,,,41.41,,8.00,8.00,0.00,0.00,1919,,Tink-a-Tako - Potranco,
"Majana, Maria",Server,10.04,0.0,3.00,30.12,0.00,30.12,950.54,,122.00,122.00,0.00,36.58,,,Tink-a-Tako - Potranco,
"ORDONEZ, Rosie ",Shift Manager / Assistant Manager,15.99,0.0,,,,,80.35,,20.00,20.00,0.00,0.00,,,Tink-a-Tako - Potranco,
"ROJAS, JAIME",Dishwasher,13.28,0.0,14.00,185.92,0.00,185.92,0.00,,0.00,0.00,0.00,0.00,,,Tink-a-Tako - Potranco,
"Ramirez Perez, Silvia",Cook,8.48,0.0,17.00,144.16,0.00,144.16,0.00,,0.00,0.00,0.00,0.00,,,Tink-a-Tako - Potranco,
"Rueda, Jonathan",Busser,10.9,1.93,12.00,130.80,34.74,165.54,0.00,,0.00,0.00,0.00,0.00,,,Tink-a-Tako - Potranco,
"Serrato, Joshua ",Busser,5.06,0.0,12.00,60.72,0.00,60.72,0.00,,0.00,0.00,0.00,0.00,,,Tink-a-Tako - Potranco,
"Torres, Daniela",Drive-Thru,8.14,6.72,,,,,2691.76,,75.83,75.83,0.00,0.00,,,Tink-a-Tako - Potranco,
"Trevino, Melissa",Dishwasher,6.16,0.0,13.00,80.08,0.00,80.08,0.00,,0.00,0.00,0.00,0.00,,,Tink-a-Tako - Potranco,
"Urena, Melissa",Server,5.44,0.0,3.00,16.32,0.00,16.32,570.32,,46.00,46.00,0.00,49.69,,,Tink-a-Tako - Potranco,
"Zuniga, Sebastian",Cook,8.99,0.0,15.00,134.85,0.00,134.85,0.00,,0.00,0.00,0.00,0.00,,,Tink-a-Tako - Potranco,
"huerta, Arturo ",Dishwasher,6.16,0.0,12.00,73.92,0.00,73.92,0.00,,0.00,0.00,0.00,0.00,,,Tink-a-Tako - Potranco,
