Location,Order #,Opened Date,Server,Table,Discount Name,Discount Reason,Comment,Discount Amount
Sandra's Cuisine - Potranco - 12060 Potranco Road,319,10/19/25 2:33 PM,Mario Jimenez,,Open % Check,,,1.02
Sandra's Cuisine - Potranco - 12060 Potranco Road,312,10/19/25 2:14 PM,Sugey Cabrera,21,Open % Item,,,0.80
Sandra's Cuisine - Potranco - 12060 Potranco Road,193,10/19/25 11:18 AM,Leticia Roman,11,Open % Item,,,1.20
Sandra's Cuisine - Potranco - 12060 Potranco Road,193,10/19/25 11:18 AM,Leticia Roman,11,Open % Item,,,1.20
Sandra's Cuisine - Potranco - 12060 Potranco Road,146,10/19/25 10:44 AM,Mario Jimenez,,Open % Check,,,1.44
Sandra's Cuisine - Potranco - 12060 Potranco Road,140,10/19/25 10:39 AM,Mario Jimenez,,Open % Check,,,1.45
Sandra's Cuisine - Potranco - 12060 Potranco Road,119,10/19/25 10:19 AM,Mario Jimenez,,Reward Dollars,,,7.60
Sandra's Cuisine - Potranco - 12060 Potranco Road,118,10/19/25 10:16 AM,Mario Jimenez,,Reward Dollars,,,5.25
Sandra's Cuisine - Potranco - 12060 Potranco Road,105,10/19/25 10:08 AM,Adrian Morales,20,Open $ Check,,,1.00
Sandra's Cuisine - Potranco - 12060 Potranco Road,30,10/19/25 8:50 AM,Sugey Cabrera,20,Reward Dollars,,,13.25
Sandra's Cuisine - Potranco - 12060 Potranco Road,11,10/19/25 8:15 AM,Sugey Cabrera,16,Open % Item,,,0.70
Sandra's Cuisine - Potranco - 12060 Potranco Road,10,10/19/25 8:12 AM,Mario Jimenez,,Open % Check,,,1.92
Sandra's Cuisine - Potranco - 12060 Potranco Road,9,10/19/25 8:05 AM,Sugey Cabrera,15,Open % Item,,,0.20
Sandra's Cuisine - Potranco - 12060 Potranco Road,9,10/19/25 8:05 AM,Sugey Cabrera,15,Open % Item,,,0.23
Sandra's Cuisine - Potranco - 12060 Potranco Road,8,10/19/25 8:05 AM,siri quiroz,,Open % Check,,,34.30
