Location,Order #,Opened,# of Guests,Server,Table,Discount Amount,Amount,Tax,Tip,Gratuity
12060 Potranco Road,1,10/19/25 7:36 AM,1,Mario Jimenez,,0.00,17.06,1.40,0.00,0.00
12060 Potranco Road,2,10/19/25 8:00 AM,1,Mario Jimenez,,0.00,6.27,0.51,0.00,0.00
12060 Potranco Road,5,10/19/25 8:02 AM,1,Mario Jimenez,,0.00,9.35,0.77,0.00,0.00
12060 Potranco Road,9,10/19/25 8:05 AM,3,Sugey Cabrera,15,0.43,39.68,3.27,0.00,0.00
12060 Potranco Road,8,10/19/25 8:05 AM,1,siri quiroz,,34.30,0.00,0.00,0.00,0.00
12060 Potranco Road,11,10/19/25 8:15 AM,1,Sugey Cabrera,16,0.70,6.29,0.52,0.00,0.00
12060 Potranco Road,12,10/19/25 8:18 AM,2,Leticia Roman,26,0.00,14.75,1.22,0.00,0.00
12060 Potranco Road,10,10/19/25 8:12 AM,1,Mario Jimenez,,1.92,17.33,1.44,2.00,0.00
12060 Potranco Road,14,10/19/25 8:26 AM,2,Sugey Cabrera,18,0.00,19.56,1.62,3.00,0.00
12060 Potranco Road,15,10/19/25 8:27 AM,1,Mario Jimenez,,0.00,13.93,1.15,0.00,0.00
12060 Potranco Road,16,10/19/25 8:27 AM,2,Sugey Cabrera,5,0.00,24.48,2.02,5.00,0.00
12060 Potranco Road,19,10/19/25 8:31 AM,2,Sugey Cabrera,12,0.00,17.17,1.41,3.00,0.00
12060 Potranco Road,18,10/19/25 8:29 AM,1,siri quiroz,,0.00,14.16,1.16,0.00,0.00
12060 Potranco Road,20,10/19/25 8:32 AM,1,Mario Jimenez,,0.00,16.93,1.40,0.00,0.00
12060 Potranco Road,17,10/19/25 8:29 AM,2,Leticia Roman,23,0.00,25.28,2.09,6.00,0.00
12060 Potranco Road,22,10/19/25 8:35 AM,2,Leticia Roman,14,0.00,19.55,1.62,5.00,0.00
12060 Potranco Road,21,10/19/25 8:33 AM,1,Mario Jimenez,,0.00,25.95,2.14,0.00,0.00
12060 Potranco Road,23,10/19/25 8:36 AM,1,Mario Jimenez,,0.00,9.16,0.76,0.00,0.00
12060 Potranco Road,24,10/19/25 8:36 AM,1,Mario Jimenez,,0.00,22.54,1.87,3.38,0.00
12060 Potranco Road,25,10/19/25 8:43 AM,1,siri quiroz,,0.00,26.54,2.19,2.00,0.00
12060 Potranco Road,27,10/19/25 8:45 AM,1,siri quiroz,,0.00,4.28,0.35,0.00,0.00
12060 Potranco Road,29,10/19/25 8:48 AM,1,Mario Jimenez,,0.00,13.98,1.15,0.00,0.00
12060 Potranco Road,30,10/19/25 8:50 AM,4,Sugey Cabrera,20,13.25,38.83,3.18,6.00,0.00
12060 Potranco Road,28,10/19/25 8:46 AM,1,Mario Jimenez,,0.00,21.14,1.74,5.00,0.00
12060 Potranco Road,31,10/19/25 8:54 AM,1,Mia Juliet,,0.00,20.32,1.68,0.00,0.00
12060 Potranco Road,32,10/19/25 8:55 AM,1,Mario Jimenez,,0.00,16.93,1.41,0.00,0.00
12060 Potranco Road,35,10/19/25 8:56 AM,2,Leticia Roman,2,0.00,23.82,1.96,4.76,0.00
12060 Potranco Road,36,10/19/25 9:01 AM,3,Fernanda  Loera,31,0.00,21.74,1.79,6.00,0.00
12060 Potranco Road,37,10/19/25 9:02 AM,1,Mario Jimenez,,0.00,3.78,0.31,0.00,0.00
12060 Potranco Road,38,10/19/25 9:02 AM,1,Mario Jimenez,,0.00,8.57,0.71,0.00,0.00
12060 Potranco Road,39,10/19/25 9:03 AM,1,Mario Jimenez,,0.00,12.56,1.04,0.00,0.00
12060 Potranco Road,41,10/19/25 9:05 AM,2,Sugey Cabrera,23,0.00,33.04,2.72,5.00,0.00
12060 Potranco Road,40,10/19/25 9:04 AM,1,Mario Jimenez,,0.00,21.97,1.81,2.00,0.00
12060 Potranco Road,43,10/19/25 9:07 AM,1,Mario Jimenez,,0.00,8.07,0.66,0.00,0.00
12060 Potranco Road,44,10/19/25 9:09 AM,1,Mario Jimenez,,0.00,7.83,0.65,0.00,0.00
12060 Potranco Road,47,10/19/25 9:11 AM,2,Fernanda  Loera,25,0.00,18.84,1.55,0.00,0.00
12060 Potranco Road,46,10/19/25 9:11 AM,2,Leticia Roman,34,0.00,6.37,0.53,1.40,0.00
12060 Potranco Road,45,10/19/25 9:10 AM,1,Mario Jimenez,,0.00,15.38,1.27,0.00,0.00
12060 Potranco Road,42,10/19/25 9:07 AM,1,siri quiroz,,0.00,14.44,1.19,1.00,0.00
12060 Potranco Road,50,10/19/25 9:14 AM,2,Sugey Cabrera,16,0.00,28.96,2.40,10.00,0.00
12060 Potranco Road,51,10/19/25 9:16 AM,1,Mario Jimenez,,0.00,3.98,0.33,0.00,0.00
12060 Potranco Road,49,10/19/25 9:14 AM,1,siri quiroz,,0.00,11.16,0.92,2.77,0.00
12060 Potranco Road,52,10/19/25 9:16 AM,1,Mario Jimenez,,0.00,5.28,0.44,0.00,0.00
12060 Potranco Road,53,10/19/25 9:19 AM,1,Mario Jimenez,,0.00,45.53,3.74,0.00,0.00
12060 Potranco Road,54,10/19/25 9:20 AM,1,Mario Jimenez,,0.00,4.18,0.35,0.00,0.00
12060 Potranco Road,55,10/19/25 9:23 AM,1,Mario Jimenez,,0.00,15.33,1.27,0.00,0.00
12060 Potranco Road,56,10/19/25 9:24 AM,1,Mario Jimenez,,0.00,3.98,0.33,0.00,0.00
12060 Potranco Road,58,10/19/25 9:25 AM,1,Mario Jimenez,,0.00,23.00,1.90,0.00,0.00
12060 Potranco Road,59,10/19/25 9:28 AM,2,Leticia Roman,3,0.00,31.85,2.62,6.37,0.00
12060 Potranco Road,57,10/19/25 9:25 AM,1,Mario Jimenez,,0.00,14.75,1.21,0.00,0.00
12060 Potranco Road,60,10/19/25 9:29 AM,1,Mario Jimenez,,0.00,7.08,0.59,0.00,0.00
12060 Potranco Road,61,10/19/25 9:30 AM,1,Mario Jimenez,,0.00,30.92,2.54,4.64,0.00
12060 Potranco Road,62,10/19/25 9:31 AM,1,Mario Jimenez,,0.00,14.13,1.16,0.00,0.00
12060 Potranco Road,65,10/19/25 9:33 AM,1,Mario Jimenez,,0.00,9.95,0.82,0.00,0.00
12060 Potranco Road,66,10/19/25 9:35 AM,1,Mario Jimenez,,0.00,15.64,1.30,0.00,0.00
12060 Potranco Road,67,10/19/25 9:35 AM,2,Fernanda  Loera,2,0.00,5.97,0.48,0.00,0.00
12060 Potranco Road,68,10/19/25 9:37 AM,1,Mario Jimenez,,0.00,28.90,2.39,0.00,0.00
12060 Potranco Road,64,10/19/25 9:32 AM,1,siri quiroz,,0.00,8.67,0.72,0.00,0.00
12060 Potranco Road,69,10/19/25 9:39 AM,1,Mario Jimenez,,0.00,7.56,0.62,0.00,0.00
12060 Potranco Road,75,10/19/25 9:42 AM,1,Mario Jimenez,,0.00,0.00,0.00,0.00,0.00
12060 Potranco Road,73,10/19/25 9:41 AM,1,Emanuel Sanchez,7,0.00,25.16,2.08,0.00,0.00
12060 Potranco Road,76,10/19/25 9:44 AM,1,Mario Jimenez,,0.00,9.07,0.75,0.00,0.00
12060 Potranco Road,78,10/19/25 9:46 AM,2,Leticia Roman,15,0.00,23.97,1.98,4.79,0.00
12060 Potranco Road,77,10/19/25 9:45 AM,1,Mario Jimenez,,0.00,47.05,3.87,2.00,0.00
12060 Potranco Road,79,10/19/25 9:47 AM,1,siri quiroz,,0.00,8.95,0.74,0.00,0.00
12060 Potranco Road,80,10/19/25 9:47 AM,1,Mario Jimenez,,0.00,11.15,0.91,0.00,0.00
12060 Potranco Road,18001,10/19/25 9:47 AM,2,Fernanda  Loera,14,0.00,28.96,2.40,5.79,0.00
12060 Potranco Road,81,10/19/25 9:48 AM,1,Mario Jimenez,,0.00,16.15,1.32,0.00,0.00
12060 Potranco Road,83,10/19/25 9:51 AM,2,Leticia Roman,12,0.00,11.76,0.97,2.35,0.00
12060 Potranco Road,85,10/19/25 9:52 AM,1,Mario Jimenez,,0.00,9.17,0.76,0.00,0.00
12060 Potranco Road,84,10/19/25 9:52 AM,2,Sugey Cabrera,26,0.00,18.23,1.50,3.00,0.00
12060 Potranco Road,86,10/19/25 9:52 AM,1,Mario Jimenez,,0.00,6.27,0.52,0.00,0.00
12060 Potranco Road,87,10/19/25 9:53 AM,2,Fernanda  Loera,34,0.00,10.66,0.88,3.00,0.00
12060 Potranco Road,88,10/19/25 9:54 AM,5,Sugey Cabrera,28,0.00,78.87,6.53,0.00,0.00
12060 Potranco Road,89,10/19/25 9:55 AM,1,Mario Jimenez,,0.00,9.86,0.81,0.00,0.00
12060 Potranco Road,92,10/19/25 10:01 AM,1,Mario Jimenez,,0.00,16.91,1.40,0.00,0.00
12060 Potranco Road,94,10/19/25 10:02 AM,1,siri quiroz,,0.00,10.16,0.84,0.00,0.00
12060 Potranco Road,93,10/19/25 10:01 AM,1,siri quiroz,,0.00,28.05,2.32,5.00,0.00
12060 Potranco Road,99,10/19/25 10:03 AM,1,Mario Jimenez,,0.00,11.17,0.92,1.68,0.00
12060 Potranco Road,96,10/19/25 10:02 AM,4,Emanuel Sanchez,1,0.00,57.93,4.79,11.59,0.00
12060 Potranco Road,100,10/19/25 10:04 AM,1,siri quiroz,,0.00,22.82,1.88,0.00,0.00
12060 Potranco Road,102,10/19/25 10:05 AM,1,Mario Jimenez,,0.00,26.39,2.18,1.00,0.00
12060 Potranco Road,104,10/19/25 10:07 AM,1,Mario Jimenez,,0.00,20.34,1.69,3.05,0.00
12060 Potranco Road,105,10/19/25 10:08 AM,2,Adrian Morales,20,1.00,19.34,1.60,0.00,0.00
12060 Potranco Road,106,10/19/25 10:09 AM,1,Mario Jimenez,,0.00,34.91,2.89,7.68,0.00
12060 Potranco Road,110,10/19/25 10:11 AM,1,Mario Jimenez,,0.00,7.16,0.59,1.58,0.00
12060 Potranco Road,112,10/19/25 10:12 AM,1,Mario Jimenez,,0.00,15.45,1.27,2.32,0.00
12060 Potranco Road,115,10/19/25 10:13 AM,2,Leticia Roman,31,0.00,26.35,2.18,3.95,0.00
12060 Potranco Road,113,10/19/25 10:12 AM,1,Mario Jimenez,,0.00,16.94,1.40,0.00,0.00
12060 Potranco Road,114,10/19/25 10:13 AM,4,Emanuel Sanchez,16,0.00,55.88,4.63,11.18,0.00
12060 Potranco Road,117,10/19/25 10:16 AM,2,Sugey Cabrera,10,0.00,29.99,2.48,10.00,0.00
12060 Potranco Road,116,10/19/25 10:15 AM,1,siri quiroz,,0.00,5.97,0.49,1.54,0.00
12060 Potranco Road,118,10/19/25 10:16 AM,1,Mario Jimenez,,5.25,20.46,1.69,0.00,0.00
12060 Potranco Road,119,10/19/25 10:19 AM,1,Mario Jimenez,,7.60,26.12,2.16,0.00,0.00
12060 Potranco Road,120,10/19/25 10:21 AM,1,Mario Jimenez,,0.00,7.97,0.66,0.00,0.00
12060 Potranco Road,122,10/19/25 10:22 AM,1,Mario Jimenez,,0.00,8.77,0.73,0.00,0.00
12060 Potranco Road,124,10/19/25 10:24 AM,1,Mario Jimenez,,0.00,8.18,0.67,0.00,0.00
12060 Potranco Road,123,10/19/25 10:24 AM,1,siri quiroz,,0.00,30.52,2.52,0.00,0.00
12060 Potranco Road,127,10/19/25 10:28 AM,4,Fernanda  Loera,2,0.00,51.11,4.22,9.42,0.00
12060 Potranco Road,126,10/19/25 10:27 AM,2,Emanuel Sanchez,21,0.00,25.05,2.07,5.88,0.00
12060 Potranco Road,129,10/19/25 10:31 AM,1,Mario Jimenez,,0.00,32.97,2.72,0.00,0.00
12060 Potranco Road,131,10/19/25 10:31 AM,1,siri quiroz,,0.00,5.97,0.49,0.00,0.00
12060 Potranco Road,128,10/19/25 10:30 AM,1,siri quiroz,,0.00,50.00,4.12,0.00,0.00
12060 Potranco Road,133,10/19/25 10:33 AM,1,Mario Jimenez,,0.00,23.01,1.90,0.00,0.00
12060 Potranco Road,134,10/19/25 10:34 AM,2,Leticia Roman,11,0.00,32.85,2.71,7.00,0.00
12060 Potranco Road,132,10/19/25 10:32 AM,4,Adrian Morales,4,0.00,58.57,4.82,11.71,0.00
12060 Potranco Road,135,10/19/25 10:35 AM,1,Mario Jimenez,,0.00,18.69,1.53,0.00,0.00
12060 Potranco Road,137,10/19/25 10:36 AM,2,Sugey Cabrera,15,0.00,20.67,1.71,5.00,0.00
12060 Potranco Road,138,10/19/25 10:37 AM,2,Adrian Morales,3,0.00,41.13,3.38,5.00,0.00
12060 Potranco Road,136,10/19/25 10:35 AM,1,Mario Jimenez,,0.00,14.26,1.17,0.00,0.00
12060 Potranco Road,140,10/19/25 10:39 AM,1,Mario Jimenez,,1.45,13.06,1.08,0.00,0.00
12060 Potranco Road,142,10/19/25 10:41 AM,1,siri quiroz,,0.00,0.00,0.00,0.00,0.00
12060 Potranco Road,139,10/19/25 10:38 AM,2,Emanuel Sanchez,6,0.00,21.44,1.77,2.00,0.00
12060 Potranco Road,141,10/19/25 10:41 AM,1,Mario Jimenez,,0.00,13.27,1.10,1.99,0.00
12060 Potranco Road,143,10/19/25 10:43 AM,1,Mario Jimenez,,0.00,15.97,1.32,3.51,0.00
12060 Potranco Road,144,10/19/25 10:43 AM,1,Mario Jimenez,,0.00,31.51,2.60,0.00,0.00
12060 Potranco Road,145,10/19/25 10:43 AM,1,siri quiroz,,0.00,14.25,1.17,0.00,0.00
12060 Potranco Road,146,10/19/25 10:44 AM,1,Mario Jimenez,,1.44,12.93,1.07,0.00,0.00
12060 Potranco Road,147,10/19/25 10:44 AM,1,siri quiroz,,0.00,28.92,2.38,6.00,0.00
12060 Potranco Road,149,10/19/25 10:45 AM,2,Fernanda  Loera,25,0.00,18.36,1.52,5.00,0.00
12060 Potranco Road,150,10/19/25 10:47 AM,2,Leticia Roman,12,0.00,19.27,1.59,5.00,0.00
12060 Potranco Road,148,10/19/25 10:45 AM,1,Mario Jimenez,,0.00,16.71,1.37,0.00,0.00
12060 Potranco Road,151,10/19/25 10:47 AM,1,Mario Jimenez,,0.00,30.70,2.53,0.00,0.00
12060 Potranco Road,153,10/19/25 10:51 AM,1,Mario Jimenez,,0.00,8.98,0.74,1.35,0.00
12060 Potranco Road,152,10/19/25 10:51 AM,4,Sugey Cabrera,17,0.00,49.12,4.05,5.00,0.00
12060 Potranco Road,154,10/19/25 10:51 AM,1,Mario Jimenez,,0.00,13.45,1.11,0.00,0.00
12060 Potranco Road,157,10/19/25 10:53 AM,1,siri quiroz,,0.00,12.27,1.01,0.00,0.00
12060 Potranco Road,158,10/19/25 10:53 AM,1,Emanuel Sanchez,,0.00,23.56,1.94,0.00,0.00
12060 Potranco Road,160,10/19/25 10:54 AM,1,siri quiroz,,0.00,22.74,1.88,0.00,0.00
12060 Potranco Road,162,10/19/25 10:55 AM,1,Mario Jimenez,,0.00,6.99,0.58,0.00,0.00
12060 Potranco Road,161,10/19/25 10:55 AM,1,siri quiroz,,0.00,7.48,0.62,0.00,0.00
12060 Potranco Road,163,10/19/25 10:55 AM,1,Mario Jimenez,,0.00,8.38,0.69,0.00,0.00
12060 Potranco Road,164,10/19/25 10:56 AM,1,Mario Jimenez,,0.00,52.24,4.31,5.06,0.00
12060 Potranco Road,165,10/19/25 10:57 AM,1,siri quiroz,,0.00,19.14,1.58,0.00,0.00
12060 Potranco Road,166,10/19/25 10:57 AM,1,Mario Jimenez,,0.00,21.90,1.81,0.00,0.00
12060 Potranco Road,169,10/19/25 11:00 AM,1,siri quiroz,,0.00,15.15,1.25,0.00,0.00
12060 Potranco Road,171,10/19/25 11:01 AM,2,Fernanda  Loera,14,0.00,15.44,1.28,4.00,0.00
12060 Potranco Road,172,10/19/25 11:02 AM,1,siri quiroz,,0.00,3.78,0.31,0.00,0.00
12060 Potranco Road,174,10/19/25 11:05 AM,4,Emanuel Sanchez,23,0.00,54.60,4.52,7.00,0.00
12060 Potranco Road,176,10/19/25 11:06 AM,1,Mario Jimenez,,0.00,22.40,1.84,0.00,0.00
12060 Potranco Road,177,10/19/25 11:07 AM,1,Mario Jimenez,,0.00,11.58,0.96,0.00,0.00
12060 Potranco Road,175,10/19/25 11:05 AM,1,siri quiroz,,0.00,35.93,2.97,0.00,0.00
12060 Potranco Road,178,10/19/25 11:10 AM,1,Mario Jimenez,,0.00,6.68,0.55,1.47,0.00
12060 Potranco Road,168,10/19/25 10:59 AM,1,Mario Jimenez,,0.00,12.34,1.02,0.00,0.00
12060 Potranco Road,180,10/19/25 11:11 AM,1,Mario Jimenez,,0.00,15.54,1.28,0.00,0.00
12060 Potranco Road,182,10/19/25 11:12 AM,2,Sugey Cabrera,27,0.00,15.98,1.32,0.00,0.00
12060 Potranco Road,181,10/19/25 11:12 AM,1,Mario Jimenez,,0.00,32.32,2.66,2.00,0.00
12060 Potranco Road,183,10/19/25 11:14 AM,1,Mario Jimenez,,0.00,22.11,1.83,1.00,0.00
12060 Potranco Road,185,10/19/25 11:14 AM,1,siri quiroz,,0.00,6.99,0.58,2.00,0.00
12060 Potranco Road,187,10/19/25 11:15 AM,1,Mario Jimenez,,0.00,5.97,0.49,1.31,0.00
12060 Potranco Road,188,10/19/25 11:15 AM,1,siri quiroz,,0.00,15.06,1.25,0.00,0.00
12060 Potranco Road,186,10/19/25 11:14 AM,2,Adrian Morales,7,0.00,65.96,5.44,13.19,0.00
12060 Potranco Road,184,10/19/25 11:14 AM,3,Emanuel Sanchez,1,0.00,33.54,2.77,0.00,0.00
12060 Potranco Road,189,10/19/25 11:15 AM,1,Mario Jimenez,,0.00,14.86,1.23,2.23,0.00
12060 Potranco Road,191,10/19/25 11:16 AM,1,siri quiroz,,0.00,6.58,0.55,0.00,0.00
12060 Potranco Road,192,10/19/25 11:16 AM,2,Sugey Cabrera,34,0.00,17.35,1.43,0.00,0.00
12060 Potranco Road,194,10/19/25 11:19 AM,2,Sugey Cabrera,11,0.00,0.00,0.00,0.00,0.00
12060 Potranco Road,195,10/19/25 11:20 AM,2,Fernanda  Loera,28,0.00,31.25,2.58,4.00,0.00
12060 Potranco Road,196,10/19/25 11:20 AM,1,Emanuel Sanchez,,0.00,6.97,0.58,0.00,0.00
12060 Potranco Road,193,10/19/25 11:18 AM,3,Leticia Roman,11,2.40,54.11,4.47,10.00,0.00
12060 Potranco Road,197,10/19/25 11:22 AM,1,Mario Jimenez,,0.00,51.77,4.28,0.00,0.00
12060 Potranco Road,199,10/19/25 11:23 AM,2,Adrian Morales,3,0.00,31.21,2.58,10.00,0.00
12060 Potranco Road,198,10/19/25 11:23 AM,1,Mario Jimenez,,0.00,11.26,0.93,0.00,0.00
12060 Potranco Road,204,10/19/25 11:25 AM,2,Leticia Roman,16,0.00,34.76,2.86,7.65,0.00
12060 Potranco Road,200,10/19/25 11:24 AM,4,Sugey Cabrera,15,0.00,37.78,3.14,9.08,0.00
12060 Potranco Road,205,10/19/25 11:25 AM,1,Sugey Cabrera,8,0.00,11.97,0.99,10.00,0.00
12060 Potranco Road,202,10/19/25 11:24 AM,1,Mario Jimenez,,0.00,26.51,2.19,0.00,0.00
12060 Potranco Road,206,10/19/25 11:27 AM,1,Mario Jimenez,,0.00,21.55,1.77,3.00,0.00
12060 Potranco Road,208,10/19/25 11:30 AM,2,Fernanda  Loera,26,0.00,25.85,2.13,8.02,0.00
12060 Potranco Road,203,10/19/25 11:24 AM,9,Adrian Morales,37,0.00,116.12,9.59,20.00,23.22
12060 Potranco Road,207,10/19/25 11:28 AM,1,Mario Jimenez,,0.00,7.97,0.65,1.75,0.00
12060 Potranco Road,209,10/19/25 11:32 AM,1,Mario Jimenez,,0.00,9.06,0.75,0.00,0.00
12060 Potranco Road,210,10/19/25 11:33 AM,1,Mario Jimenez,,0.00,6.58,0.55,0.00,0.00
12060 Potranco Road,212,10/19/25 11:36 AM,2,Leticia Roman,12,0.00,25.75,2.12,0.00,0.00
12060 Potranco Road,213,10/19/25 11:36 AM,1,Mario Jimenez,,0.00,6.58,0.55,0.00,0.00
12060 Potranco Road,211,10/19/25 11:35 AM,2,Emanuel Sanchez,21,0.00,23.48,1.94,4.70,0.00
12060 Potranco Road,214,10/19/25 11:36 AM,1,Mario Jimenez,,0.00,13.57,1.12,3.00,0.00
12060 Potranco Road,217,10/19/25 11:42 AM,1,siri quiroz,,0.00,11.34,0.93,0.00,0.00
12060 Potranco Road,218,10/19/25 11:43 AM,3,Sugey Cabrera,32,0.00,34.58,2.86,4.00,0.00
12060 Potranco Road,219,10/19/25 11:44 AM,1,Mario Jimenez,,0.00,8.77,0.73,0.00,0.00
12060 Potranco Road,223,10/19/25 11:48 AM,1,Mario Jimenez,,0.00,5.37,0.44,0.00,0.00
12060 Potranco Road,222,10/19/25 11:48 AM,2,Adrian Morales,6,0.00,37.71,3.12,8.00,0.00
12060 Potranco Road,224,10/19/25 11:49 AM,5,Fernanda  Loera,25,0.00,29.99,2.49,5.52,0.00
12060 Potranco Road,225,10/19/25 11:50 AM,1,Mario Jimenez,,0.00,37.98,3.14,0.00,0.00
12060 Potranco Road,227,10/19/25 11:51 AM,2,Adrian Morales,4,0.00,30.26,2.50,2.00,0.00
12060 Potranco Road,228,10/19/25 11:52 AM,1,siri quiroz,,0.00,2.29,0.19,0.00,0.00
12060 Potranco Road,229,10/19/25 11:54 AM,1,Mario Jimenez,,0.00,15.04,1.24,0.00,0.00
12060 Potranco Road,231,10/19/25 11:54 AM,1,Mario Jimenez,,0.00,11.77,0.97,1.77,0.00
12060 Potranco Road,235,10/19/25 11:57 AM,2,Emanuel Sanchez,20,0.00,19.17,1.59,10.00,0.00
12060 Potranco Road,238,10/19/25 12:01 PM,2,Fernanda  Loera,27,0.00,39.94,3.29,10.00,0.00
12060 Potranco Road,237,10/19/25 12:00 PM,2,Leticia Roman,31,0.00,25.01,2.06,5.00,0.00
12060 Potranco Road,233,10/19/25 11:55 AM,1,Mario Jimenez,,0.00,7.28,0.60,0.00,0.00
12060 Potranco Road,239,10/19/25 12:04 PM,2,Sugey Cabrera,10,0.00,32.95,2.72,5.00,0.00
12060 Potranco Road,240,10/19/25 12:05 PM,1,Mario Jimenez,,0.00,22.93,1.89,0.00,0.00
12060 Potranco Road,241,10/19/25 12:06 PM,1,siri quiroz,,0.00,0.00,0.00,0.00,0.00
12060 Potranco Road,243,10/19/25 12:11 PM,2,Adrian Morales,7,0.00,28.44,2.35,10.00,0.00
12060 Potranco Road,242,10/19/25 12:06 PM,4,Emanuel Sanchez,1,0.00,31.03,2.56,6.21,0.00
12060 Potranco Road,244,10/19/25 12:14 PM,2,Sugey Cabrera,15,0.00,42.25,3.49,10.00,0.00
12060 Potranco Road,246,10/19/25 12:15 PM,2,Fernanda  Loera,2,0.00,40.70,3.36,0.00,0.00
12060 Potranco Road,247,10/19/25 12:19 PM,5,Leticia Roman,30,0.00,58.30,4.80,8.00,0.00
12060 Potranco Road,248,10/19/25 12:21 PM,1,Mario Jimenez,,0.00,21.09,1.74,0.00,0.00
12060 Potranco Road,249,10/19/25 12:23 PM,1,Mario Jimenez,,0.00,18.33,1.51,0.00,0.00
12060 Potranco Road,245,10/19/25 12:14 PM,1,Mario Jimenez,,0.00,14.65,1.22,0.00,0.00
12060 Potranco Road,251,10/19/25 12:26 PM,5,Sugey Cabrera,17,0.00,80.28,6.63,0.00,0.00
12060 Potranco Road,250,10/19/25 12:26 PM,1,Mario Jimenez,,0.00,20.32,1.68,0.00,0.00
12060 Potranco Road,252,10/19/25 12:28 PM,1,Mario Jimenez,,0.00,11.54,0.96,0.00,0.00
12060 Potranco Road,255,10/19/25 12:31 PM,1,Mario Jimenez,,0.00,47.96,3.95,0.00,0.00
12060 Potranco Road,257,10/19/25 12:33 PM,1,Mario Jimenez,,0.00,49.50,4.09,2.00,0.00
12060 Potranco Road,256,10/19/25 12:31 PM,3,Emanuel Sanchez,21,0.00,63.83,5.25,12.77,0.00
12060 Potranco Road,259,10/19/25 12:36 PM,2,Adrian Morales,3,0.00,23.15,1.91,4.94,0.00
12060 Potranco Road,260,10/19/25 12:37 PM,1,Mario Jimenez,,0.00,30.23,2.51,0.00,0.00
12060 Potranco Road,261,10/19/25 12:39 PM,1,Mario Jimenez,,0.00,20.25,1.67,0.00,0.00
12060 Potranco Road,262,10/19/25 12:39 PM,1,siri quiroz,,0.00,11.97,0.99,0.00,0.00
12060 Potranco Road,265,10/19/25 12:41 PM,1,Mario Jimenez,,0.00,44.39,3.65,8.88,0.00
12060 Potranco Road,266,10/19/25 12:46 PM,1,Mario Jimenez,,0.00,18.86,1.55,0.00,0.00
12060 Potranco Road,267,10/19/25 12:48 PM,2,Leticia Roman,16,0.00,38.55,3.19,7.71,0.00
12060 Potranco Road,269,10/19/25 12:49 PM,4,Fernanda  Loera,14,0.00,62.30,5.15,10.00,0.00
12060 Potranco Road,268,10/19/25 12:49 PM,1,Mario Jimenez,,0.00,34.58,2.85,0.00,0.00
12060 Potranco Road,271,10/19/25 12:55 PM,2,Leticia Roman,31,0.00,26.73,2.20,0.00,0.00
12060 Potranco Road,272,10/19/25 12:55 PM,1,Mario Jimenez,,0.00,14.26,1.18,2.85,0.00
12060 Potranco Road,273,10/19/25 12:58 PM,1,Mario Jimenez,,0.00,19.34,1.60,2.00,0.00
12060 Potranco Road,274,10/19/25 12:58 PM,1,Mario Jimenez,,0.00,14.15,1.17,0.00,0.00
12060 Potranco Road,276,10/19/25 1:01 PM,1,Mario Jimenez,,0.00,6.97,0.57,0.00,0.00
12060 Potranco Road,275,10/19/25 1:01 PM,1,Mario Jimenez,,0.00,15.99,1.32,2.40,0.00
12060 Potranco Road,277,10/19/25 1:04 PM,1,Mario Jimenez,,0.00,37.55,3.10,0.00,0.00
12060 Potranco Road,278,10/19/25 1:05 PM,1,Mario Jimenez,,0.00,14.22,1.17,2.13,0.00
12060 Potranco Road,280,10/19/25 1:08 PM,1,siri quiroz,,0.00,4.29,0.35,0.00,0.00
12060 Potranco Road,283,10/19/25 1:15 PM,1,Mario Jimenez,,0.00,17.16,1.41,0.00,0.00
12060 Potranco Road,285,10/19/25 1:18 PM,1,Mario Jimenez,,0.00,8.27,0.68,0.00,0.00
12060 Potranco Road,284,10/19/25 1:17 PM,3,Emanuel Sanchez,23,0.00,79.71,6.57,11.96,0.00
12060 Potranco Road,286,10/19/25 1:19 PM,2,Adrian Morales,6,0.00,46.05,3.81,9.21,0.00
12060 Potranco Road,287,10/19/25 1:22 PM,2,Fernanda  Loera,2,0.00,33.35,2.75,6.00,0.00
12060 Potranco Road,288,10/19/25 1:22 PM,4,Sugey Cabrera,15,0.00,75.95,6.27,16.00,0.00
12060 Potranco Road,289,10/19/25 1:26 PM,1,Mario Jimenez,,0.00,31.95,2.63,7.03,0.00
12060 Potranco Road,290,10/19/25 1:28 PM,1,Mario Jimenez,,0.00,10.52,0.86,0.00,0.00
12060 Potranco Road,292,10/19/25 1:35 PM,2,Fernanda  Loera,28,0.00,20.86,1.71,6.00,0.00
12060 Potranco Road,293,10/19/25 1:39 PM,1,Mario Jimenez,,0.00,47.21,3.90,0.00,0.00
12060 Potranco Road,294,10/19/25 1:39 PM,2,Fernanda  Loera,26,0.00,30.97,2.56,6.00,0.00
12060 Potranco Road,295,10/19/25 1:40 PM,1,Mario Jimenez,,0.00,13.77,1.13,0.00,0.00
12060 Potranco Road,296,10/19/25 1:40 PM,2,Adrian Morales,3,0.00,33.28,2.75,3.00,0.00
12060 Potranco Road,298,10/19/25 1:41 PM,1,Mario Jimenez,,0.00,23.14,1.90,2.00,0.00
12060 Potranco Road,297,10/19/25 1:41 PM,4,Emanuel Sanchez,20,0.00,77.05,6.35,11.56,0.00
12060 Potranco Road,300,10/19/25 1:47 PM,2,Adrian Morales,4,0.00,33.96,2.80,8.00,0.00
12060 Potranco Road,302,10/19/25 1:54 PM,1,Mario Jimenez,,0.00,15.95,1.31,2.39,0.00
12060 Potranco Road,301,10/19/25 1:50 PM,2,Adrian Morales,37,0.00,122.99,10.14,20.00,24.60
12060 Potranco Road,303,10/19/25 1:59 PM,5,Sugey Cabrera,32,0.00,65.91,5.43,3.03,0.00
12060 Potranco Road,304,10/19/25 2:02 PM,2,Fernanda  Loera,14,0.00,39.45,3.25,7.89,0.00
12060 Potranco Road,305,10/19/25 2:03 PM,1,Mario Jimenez,,0.00,27.63,2.27,0.00,0.00
12060 Potranco Road,306,10/19/25 2:04 PM,2,Leticia Roman,12,0.00,38.26,3.15,8.42,0.00
12060 Potranco Road,309,10/19/25 2:12 PM,1,Mario Jimenez,,0.00,32.97,2.72,0.00,0.00
12060 Potranco Road,311,10/19/25 2:13 PM,3,Adrian Morales,1,0.00,97.75,8.08,21.50,0.00
12060 Potranco Road,312,10/19/25 2:14 PM,1,Sugey Cabrera,21,0.80,10.18,0.84,0.00,0.00
12060 Potranco Road,313,10/19/25 2:14 PM,1,siri quiroz,,0.00,4.58,0.38,0.00,0.00
12060 Potranco Road,310,10/19/25 2:12 PM,1,Mario Jimenez,,0.00,4.98,0.41,0.00,0.00
12060 Potranco Road,314,10/19/25 2:16 PM,1,Mario Jimenez,,0.00,20.55,1.69,0.00,0.00
12060 Potranco Road,316,10/19/25 2:22 PM,1,Mario Jimenez,,0.00,18.24,1.50,0.00,0.00
12060 Potranco Road,315,10/19/25 2:17 PM,1,Mario Jimenez,,0.00,32.98,2.72,0.00,0.00
12060 Potranco Road,317,10/19/25 2:26 PM,1,Mario Jimenez,,0.00,11.56,0.95,0.00,0.00
12060 Potranco Road,318,10/19/25 2:31 PM,1,Mario Jimenez,,0.00,15.35,1.27,0.00,0.00
12060 Potranco Road,319,10/19/25 2:33 PM,1,Mario Jimenez,,1.02,9.14,0.76,0.00,0.00
12060 Potranco Road,321,10/19/25 2:39 PM,1,siri quiroz,,0.00,32.14,2.65,0.00,0.00
12060 Potranco Road,322,10/19/25 2:43 PM,1,siri quiroz,,0.00,34.90,2.88,0.00,0.00
