Employee,Job Title,Regular Hours,Overtime Hours,Hourly Rate,Regular Pay,Overtime Pay,Total Pay,Net Sales,Declared Tips,Non-Cash Tips,Total Tips,Tips Withheld,Total Gratuity,Employee ID,Job Code,Location,Location Code
"Aragon, Cecilia",Tortillera,5.17,3.61,13.00,67.21,70.40,137.61,0.00,,0.00,0.00,0.00,0.00,,,12060 Potranco Road,
"Cabrera, Sugey",Server,0.0,8.2,3.00,0.00,36.90,36.90,830.07,0.00,112.11,112.11,0.00,0.00,,,12060 Potranco Road,
"Del Angel, Candy",Shift Manager / Assistant Manager,0.0,7.8,,,,,0.00,,0.00,0.00,0.00,0.00,,,12060 Potranco Road,
"Farias, Claudia",Cook,0.0,9.18,15.00,0.00,206.55,206.55,0.00,,0.00,0.00,0.00,0.00,,,12060 Potranco Road,
"GUTIERREZ, ERIC",Cook,4.95,2.64,16.00,79.20,63.36,142.56,0.00,,0.00,0.00,0.00,0.00,,,12060 Potranco Road,
"Jimenez, Mario",Driver,5.59,1.81,14.00,78.26,38.01,116.27,2366.79,0.00,97.45,97.45,0.00,0.00,,,12060 Potranco Road,
"Juliet, Mia",Host,20.03,0.0,,,,,20.32,0.00,0.00,0.00,0.00,0.00,,,12060 Potranco Road,
"Lino Santana, David ",Prep,0.0,10.58,15.00,0.00,238.05,238.05,0.00,,0.00,0.00,0.00,0.00,,,12060 Potranco Road,
"Loera, Fernanda ",Server,6.46,0.0,,,,,525.74,0.00,96.64,96.64,0.00,0.00,,,12060 Potranco Road,
"Martínez , Angelica ",Host,7.44,0.0,,,,,0.00,0.00,0.00,0.00,0.00,0.00,,,12060 Potranco Road,
"Morales, Adrian",Server,5.57,0.0,3.00,16.71,0.00,16.71,785.92,0.00,146.55,146.55,0.00,47.82,,,12060 Potranco Road,
"Morales, Carlos",Busser,0.0,6.66,11.00,0.00,109.89,109.89,0.00,,0.00,0.00,0.00,0.00,,,12060 Potranco Road,
"Ojeda, George",Runner,4.93,3.58,12.50,61.62,67.13,128.75,0.00,,0.00,0.00,0.00,0.00,,,12060 Potranco Road,
"Reyes , Jesús Ricardo",Prep,8.3,0.0,12.00,99.60,0.00,99.60,0.00,,0.00,0.00,0.00,0.00,,,12060 Potranco Road,
"Roman, Leticia",Server,7.56,0.0,3.00,22.68,0.00,22.68,537.29,0.00,93.40,93.40,0.00,0.00,,,12060 Potranco Road,
"Sanchez, Emanuel",Server,6.34,0.0,3.00,19.02,0.00,19.02,598.40,5.00,94.85,99.85,0.00,0.00,,,12060 Potranco Road,
"Vega, Estela",Tortillera,0.0,9.95,15.00,0.00,223.88,223.88,0.00,,0.00,0.00,0.00,0.00,,,12060 Potranco Road,
"quiroz, siri",Host,7.74,0.0,11.00,85.14,0.00,85.14,531.49,0.00,20.31,20.31,0.00,0.00,,,12060 Potranco Road,
