Location,Employee,Job Title,In Date,Out Date,Auto Clock-out,Total Hours,Unpaid Break Time,Paid Break Time,Payable Hours
12060 Potranco Road,"Vega, Estela",Tortillera,10/19/25 5:51 AM,10/19/25 3:48 PM,No,9.95,0.00,0.00,9.95
12060 Potranco Road,"Farias, Claudia",Cook,10/19/25 6:28 AM,10/19/25 3:39 PM,No,9.18,0.00,0.00,9.18
12060 Potranco Road,"Lino Santana, David ",Prep,10/19/25 6:49 AM,10/19/25 5:23 PM,No,10.58,0.00,0.00,10.58
12060 Potranco Road,"Ojeda, George",Runner,10/19/25 7:09 AM,10/19/25 3:40 PM,No,8.51,0.00,0.00,8.51
12060 Potranco Road,"Aragon, Cecilia",Tortillera,10/19/25 7:13 AM,10/19/25 4:00 PM,No,8.78,0.00,0.00,8.78
12060 Potranco Road,"Cabrera, Sugey",Server,10/19/25 7:34 AM,10/19/25 3:46 PM,No,8.20,0.00,0.00,8.20
12060 Potranco Road,"Jimenez, Mario",Driver,10/19/25 7:36 AM,10/19/25 3:00 PM,No,7.40,0.00,0.00,7.40
12060 Potranco Road,"Mart�nez , Angelica ",Host,10/19/25 7:53 AM,10/19/25 3:20 PM,No,7.44,0.00,0.00,7.44
12060 Potranco Road,"Juliet, Mia",Host,10/19/25 7:57 AM,10/20/25 4:00 AM,Yes,20.03,0.00,0.00,20.03
12060 Potranco Road,"Del Angel, Candy",Shift Manager / Assistant Manager,10/19/25 8:00 AM,10/19/25 3:48 PM,No,7.80,0.00,0.00,7.80
12060 Potranco Road,"quiroz, siri",Host,10/19/25 8:02 AM,10/19/25 3:46 PM,No,7.74,0.00,0.00,7.74
12060 Potranco Road,"Roman, Leticia",Server,10/19/25 8:02 AM,10/19/25 3:36 PM,No,7.56,0.00,0.00,7.56
12060 Potranco Road,"GUTIERREZ, ERIC",Cook,10/19/25 8:05 AM,10/19/25 3:40 PM,No,7.59,0.00,0.00,7.59
12060 Potranco Road,"Reyes , Jes�s Ricardo",Prep,10/19/25 8:12 AM,10/19/25 4:30 PM,No,8.30,0.00,0.00,8.30
12060 Potranco Road,"Loera, Fernanda ",Server,10/19/25 8:59 AM,10/19/25 3:26 PM,No,6.46,0.00,0.00,6.46
12060 Potranco Road,"Morales, Carlos",Busser,10/19/25 9:01 AM,10/19/25 3:41 PM,No,6.66,0.00,0.00,6.66
12060 Potranco Road,"Sanchez, Emanuel",Server,10/19/25 9:15 AM,10/19/25 3:35 PM,No,6.34,0.00,0.00,6.34
12060 Potranco Road,"Morales, Adrian",Server,10/19/25 9:54 AM,10/19/25 3:28 PM,No,5.57,0.00,0.00,5.57
