Location,Order #,Opened Date,Server,Table,Discount Name,Discount Reason,Comment,Discount Amount
Tink-a-Tako - Potranco,300,10/5/25 1:55 PM,Nadia  Reyes,31,Open % Item,,,2.20
Tink-a-Tako - Potranco,207,10/5/25 11:48 AM,Ivana Abundiz,,Military Discount,,,1.20
Tink-a-Tako - Potranco,202,10/5/25 11:44 AM,Ivana Abundiz,,Open % Check,,,4.74
Tink-a-Tako - Potranco,124,10/5/25 10:32 AM,Rosa Compean,21,Open % Item,,,2.12
Tink-a-Tako - Potranco,95,10/5/25 10:11 AM,Mayra Luna,,Manager Comp - Check,,,47.26
Tink-a-Tako - Potranco,73,10/5/25 9:51 AM,Rosie  ORDONEZ,33,Open % Item,,,2.00
Tink-a-Tako - Potranco,73,10/5/25 9:51 AM,Rosie  ORDONEZ,33,Open % Item,,,4.00
Tink-a-Tako - Potranco,73,10/5/25 9:51 AM,Rosie  ORDONEZ,33,Open % Item,,,3.50
Tink-a-Tako - Potranco,73,10/5/25 9:51 AM,Rosie  ORDONEZ,33,Open % Item,,,1.99
Tink-a-Tako - Potranco,73,10/5/25 9:51 AM,Rosie  ORDONEZ,33,Open % Item,,,2.90
Tink-a-Tako - Potranco,62,10/5/25 9:43 AM,Rosa Compean,20,Open % Item,,,0.40
Tink-a-Tako - Potranco,62,10/5/25 9:43 AM,Rosa Compean,20,Open % Item,,,0.40
Tink-a-Tako - Potranco,62,10/5/25 9:43 AM,Rosa Compean,20,Open % Item,,,0.40
Tink-a-Tako - Potranco,62,10/5/25 9:43 AM,Rosa Compean,20,Open % Item,,,0.40
Tink-a-Tako - Potranco,24,10/5/25 8:43 AM,Esperansa Caviedes,8,Open % Item,,,6.50
Tink-a-Tako - Potranco,24,10/5/25 8:43 AM,Esperansa Caviedes,8,Open % Item,,,3.00
Tink-a-Tako - Potranco,24,10/5/25 8:43 AM,Esperansa Caviedes,8,Open % Item,,,1.99
Tink-a-Tako - Potranco,24,10/5/25 8:43 AM,Esperansa Caviedes,8,Open % Item,,,6.00
