Employee,Job Title,Regular Hours,Overtime Hours,Hourly Rate,Regular Pay,Overtime Pay,Total Pay,Net Sales,Declared Tips,Non-Cash Tips,Total Tips,Tips Withheld,Total Gratuity,Employee ID,Job Code,Location,Location Code
"Abundiz, Ivana",Host,8.31,0.0,14.00,116.34,0.00,116.34,2402.00,,59.23,59.23,0.00,0.00,,,Tink-a-Tako - Potranco,
"Abundiz, Sergio",Server,0.0,8.55,,,,,0.00,,0.00,0.00,0.00,0.00,,,Tink-a-Tako - Potranco,
"Alonso, Lizeth",Host,0.0,7.24,13.00,0.00,141.18,141.18,0.00,,0.00,0.00,0.00,0.00,,,Tink-a-Tako - Potranco,
"Alvarado, Rodolfo",Cook,7.84,0.0,17.00,133.28,0.00,133.28,0.00,,0.00,0.00,0.00,0.00,,,Tink-a-Tako - Potranco,
"Aviles, Genaro",Cook,0.0,7.49,15.00,0.00,168.53,168.53,0.00,,0.00,0.00,0.00,0.00,,,Tink-a-Tako - Potranco,
"Calderon, Jesus",Cook,2.02,3.85,,,,,0.00,,0.00,0.00,0.00,0.00,,,Tink-a-Tako - Potranco,
"Camacho, Juan ",Server,0.0,8.06,3.00,0.00,36.27,36.27,0.00,,0.00,0.00,0.00,0.00,,,Tink-a-Tako - Potranco,
"Caviedes, Esperansa",Server,8.89,0.0,3.00,26.67,0.00,26.67,716.06,,51.00,51.00,0.00,35.01,,,Tink-a-Tako - Potranco,
"Cisneros, Isabel",Server,5.27,1.33,3.00,15.81,5.99,21.80,564.30,,36.00,36.00,0.00,14.28,,,Tink-a-Tako - Potranco,
"Compean, Rosa",Server,7.32,0.0,3.00,21.96,0.00,21.96,697.35,,64.78,64.78,0.00,32.95,,,Tink-a-Tako - Potranco,
"Diaz, Diego",Cook,0.0,8.69,,,,,0.00,,0.00,0.00,0.00,0.00,,,Tink-a-Tako - Potranco,
"Dominguez, Jose ",Cook,0.0,7.3,17.00,0.00,186.15,186.15,0.00,0.00,0.00,0.00,0.00,0.00,,,Tink-a-Tako - Potranco,
"Gonzales (Line) , Maria",Cook,0.0,9.12,14.00,0.00,191.52,191.52,0.00,,0.00,0.00,0.00,0.00,,,Tink-a-Tako - Potranco,
"Hernandez, Silvia",Server,7.38,0.0,3.00,22.14,0.00,22.14,407.53,,44.61,44.61,0.00,0.00,,,Tink-a-Tako - Potranco,
"Luna, Mayra",Shift Manager / Assistant Manager,0.0,5.78,,,,,25.00,,0.00,0.00,0.00,0.00,1919,,Tink-a-Tako - Potranco,
"Majana, Maria",Server,3.55,3.77,3.00,10.65,16.97,27.62,567.77,,54.05,54.05,0.00,27.77,,,Tink-a-Tako - Potranco,
"Nanez Partida, Jose",Cook,8.47,0.0,15.00,127.05,0.00,127.05,0.00,,0.00,0.00,0.00,0.00,,,Tink-a-Tako - Potranco,
"ORDONEZ, Rosie ",Shift Manager / Assistant Manager,8.3,0.0,,,,,213.92,0.00,48.00,48.00,0.00,0.00,,,Tink-a-Tako - Potranco,
"Ramirez Perez, Silvia",Cook,0.0,8.52,17.00,0.00,217.26,217.26,0.00,,0.00,0.00,0.00,0.00,,,Tink-a-Tako - Potranco,
"Reyes, Nadia ",Server,7.17,0.0,,,,,622.29,,65.91,65.91,0.00,0.00,,,Tink-a-Tako - Potranco,
"Rueda, Jonathan",Busser,5.68,1.26,12.00,68.16,22.68,90.84,0.00,,0.00,0.00,0.00,0.00,,,Tink-a-Tako - Potranco,
"Salinas, Zoila",Manager S.,0.0,2.07,18.75,0.00,58.22,58.22,1978.94,,212.00,212.00,0.00,395.79,,,Tink-a-Tako - Potranco,
"Serrato, Joshua ",Busser,7.05,0.0,12.00,84.60,0.00,84.60,0.00,,0.00,0.00,0.00,0.00,,,Tink-a-Tako - Potranco,
"Torres, Daniela",Drive-Thru,5.82,0.52,,,,,140.86,,14.00,14.00,0.00,0.00,,,Tink-a-Tako - Potranco,
"huerta, Arturo ",Dishwasher,6.67,1.01,12.00,80.04,18.18,98.22,0.00,,0.00,0.00,0.00,0.00,,,Tink-a-Tako - Potranco,
