,Location,Employee,Job Title,In Date,Shift Closed Date,Out Date,Hours,Cash Tips Decl.,Cash on Hand,Cash in Drawer,Non-Cash Tips,Cash Gratuity,Non-Cash Gratuity,Tips Withheld,Non-Cash Sales,Cash Sales,Total Sales,Cash Collected?,Tips Paid?,Open,Paid,Closed,Tip Share Total
800000030401197988,Tink-a-Tako - Potranco,Ivana Abundiz,Host,10/5/25 6:53 AM,10/5/25 3:00 PM,10/5/25 3:11 PM,8.31,,0.00,432.36,59.23,0.00,0.00,0.00,2167.72,432.36,2600.08,yes,yes,0,0,144,0.00
800000030401204403,Tink-a-Tako - Potranco,Esperansa Caviedes,Server,10/5/25 6:54 AM,10/5/25 3:33 PM,10/5/25 3:48 PM,8.89,,154.51,0.00,51.00,0.00,35.01,0.00,620.57,154.51,775.08,yes,yes,0,0,22,0.00
800000030401483086,Tink-a-Tako - Potranco,Sergio Abundiz,Server,10/5/25 7:28 AM,10/5/25 4:01 PM,10/5/25 4:01 PM,8.55,,0.00,0.00,0.00,0.00,0.00,0.00,0.00,0.00,0.00,yes,yes,0,0,0,0.00
800000030401634414,Tink-a-Tako - Potranco,Rosie  ORDONEZ,Shift Manager / Assistant Manager,10/5/25 7:42 AM,10/5/25 3:40 PM,10/5/25 4:00 PM,8.30,0.00,22.01,0.00,48.00,0.00,0.00,0.00,209.57,22.01,231.58,yes,yes,0,0,8,0.00
800000030401822806,Tink-a-Tako - Potranco,Lizeth Alonso,Host,10/5/25 7:56 AM,10/5/25 3:11 PM,10/5/25 3:11 PM,7.24,,0.00,0.00,0.00,0.00,0.00,0.00,0.00,0.00,0.00,yes,yes,0,0,0,0.00
800000030401848346,Tink-a-Tako - Potranco,Rosa Compean,Server,10/5/25 7:58 AM,10/5/25 3:18 PM,10/5/25 3:18 PM,7.32,,253.73,0.00,64.78,10.77,22.18,0.00,511.83,242.96,754.79,yes,yes,0,0,30,0.00
800000030401890469,Tink-a-Tako - Potranco,Juan  Camacho,Server,10/5/25 8:01 AM,10/5/25 4:05 PM,10/5/25 4:05 PM,8.06,,0.00,0.00,0.00,0.00,0.00,0.00,0.00,0.00,0.00,yes,yes,0,0,0,0.00
800000030401951032,Tink-a-Tako - Potranco,Silvia Hernandez,Server,10/5/25 8:04 AM,10/5/25 3:27 PM,10/5/25 3:27 PM,7.38,,76.50,0.00,44.61,0.00,0.00,0.00,364.68,76.50,441.18,yes,yes,0,0,18,0.00
800000030401964889,Tink-a-Tako - Potranco,Nadia  Reyes,Server,10/5/25 8:05 AM,10/5/25 3:13 PM,10/5/25 3:16 PM,7.17,,139.37,0.00,65.91,0.00,0.00,0.00,534.18,139.37,673.55,yes,yes,0,0,20,0.00
800000030401987697,Tink-a-Tako - Potranco,Maria Majana,Server,10/5/25 8:07 AM,10/5/25 3:26 PM,10/5/25 3:26 PM,7.32,,62.84,0.00,54.05,0.00,27.77,0.00,551.79,62.84,614.63,yes,yes,0,0,19,0.00
800000030402343730,Tink-a-Tako - Potranco,Jonathan Rueda,Busser,10/5/25 8:26 AM,10/5/25 3:22 PM,10/5/25 3:22 PM,6.94,,0.00,0.00,0.00,0.00,0.00,0.00,0.00,0.00,0.00,yes,yes,0,0,0,0.00
800000030402682777,Tink-a-Tako - Potranco,Jose  Dominguez,Cook,10/5/25 8:42 AM,10/6/25 4:07 AM,10/5/25 4:00 PM,7.30,0.00,0.00,0.00,0.00,0.00,0.00,0.00,0.00,0.00,0.00,yes,yes,0,0,0,0.00
800000030402694949,Tink-a-Tako - Potranco,Daniela Torres,Drive-Thru,10/5/25 8:42 AM,10/5/25 2:57 PM,10/5/25 3:03 PM,6.34,,0.00,0.00,14.00,0.00,0.00,0.00,152.49,0.00,152.49,yes,yes,0,0,9,0.00
800000030402772494,Tink-a-Tako - Potranco,Isabel Cisneros,Server,10/5/25 8:46 AM,10/5/25 3:12 PM,10/5/25 3:22 PM,6.60,,106.88,0.00,36.00,0.00,14.28,0.00,503.97,106.88,610.85,yes,yes,0,0,21,0.00
800000030403416577,Tink-a-Tako - Potranco,Jesus Calderon,Cook,10/5/25 9:12 AM,10/5/25 3:04 PM,10/5/25 3:04 PM,5.87,,0.00,0.00,0.00,0.00,0.00,0.00,0.00,0.00,0.00,yes,yes,0,0,0,0.00
800000030405412709,Tink-a-Tako - Potranco,Mayra Luna,Shift Manager / Assistant Manager,10/5/25 10:15 AM,10/5/25 4:01 PM,10/5/25 4:01 PM,5.78,,0.00,0.00,0.00,0.00,0.00,0.00,27.06,0.00,27.06,yes,yes,0,0,2,0.00
800000030411886219,Tink-a-Tako - Potranco,Zoila Salinas,Manager S.,10/5/25 12:16 PM,10/5/25 2:18 PM,10/5/25 2:20 PM,2.07,,16.66,0.00,212.00,2.60,393.19,0.00,2128.13,14.06,2142.19,yes,yes,0,0,6,0.00
