,Location,Employee,Job Title,In Date,Shift Closed Date,Out Date,Hours,Cash Tips Decl.,Cash on Hand,Cash in Drawer,Non-Cash Tips,Cash Gratuity,Non-Cash Gratuity,Tips Withheld,Non-Cash Sales,Cash Sales,Total Sales,Cash Collected?,Tips Paid?,Open,Paid,Closed,Tip Share Total
800000028507159213,2919 Blanco Rd,Maria  Salazar,Shift Manager / Assistant Manager,8/18/25 6:01 AM,8/18/25 12:52 PM,8/18/25 1:19 PM,7.31,,0.00,164.20,2.00,0.00,0.00,0.00,199.27,164.20,363.47,yes,yes,0,0,36,0.00
800000028507479209,2919 Blanco Rd,Sami Martinez ,Server,8/18/25 6:55 AM,8/18/25 12:44 PM,8/18/25 1:20 PM,6.42,,0.00,39.35,29.64,0.00,0.00,0.00,268.81,39.35,308.16,yes,yes,0,0,18,0.00
800000028507557646,2919 Blanco Rd,Martina Ovalle ,Drive-Thru,8/18/25 7:05 AM,8/18/25 1:13 PM,8/18/25 1:13 PM,6.14,,0.00,451.95,20.28,0.00,0.00,0.00,723.83,451.95,1175.78,yes,yes,0,0,110,0.00
800000028510290422,2919 Blanco Rd,Norma Navarro,Server,8/18/25 10:13 AM,8/18/25 12:51 PM,8/18/25 12:51 PM,2.64,,0.00,42.16,29.00,0.00,0.00,0.00,178.11,42.16,220.27,yes,yes,0,0,7,0.00
800000028515360632,2919 Blanco Rd,AM CASHIER,General Manager,8/18/25 12:47 PM,8/18/25 8:12 PM,8/18/25 8:12 PM,7.43,,0.00,69.57,0.00,0.00,0.00,0.00,98.51,69.57,168.08,yes,yes,0,0,11,0.00
800000028515513360,2919 Blanco Rd,Norma Navarro,Server,8/18/25 12:51 PM,8/18/25 8:04 PM,8/18/25 8:20 PM,7.47,,0.00,88.68,29.50,0.00,0.00,0.00,228.07,88.68,316.75,yes,yes,0,0,14,0.00
800000028516252882,2919 Blanco Rd,Martina Ovalle ,Drive-Thru,8/18/25 1:13 PM,8/18/25 8:00 PM,8/18/25 8:25 PM,7.20,,0.00,170.31,16.69,0.00,0.00,0.00,397.59,170.31,567.90,yes,yes,0,0,38,0.00
