Location,Order #,Opened Date,Server,Table,Discount Name,Discount Reason,Comment,Discount Amount
Tink-a-Tako - Potranco,317,10/28/25 5:41 PM,Nadia  Reyes,,Open % Check,,,7.50
Tink-a-Tako - Potranco,287,10/28/25 3:32 PM,Sergio Abundiz,1,Employee Discount - Check,Employee Discount,Meseros pm,46.93
Tink-a-Tako - Potranco,257,10/28/25 1:26 PM,Silvia Hernandez,32,Open % Item,,,2.60
Tink-a-Tako - Potranco,242,10/28/25 12:53 PM,Daniela Torres,,Military Discount,,,0.72
Tink-a-Tako - Potranco,195,10/28/25 11:40 AM,Daniela Torres,,Military Discount,,,1.05
Tink-a-Tako - Potranco,167,10/28/25 10:53 AM,Juan  Camacho,36,Employee Discount - Check,Employee Discount,Amiga de sra cristina,9.99
Tink-a-Tako - Potranco,166,10/28/25 10:51 AM,Daniela Torres,,Police Discount,,,1.50
Tink-a-Tako - Potranco,151,10/28/25 10:36 AM,Daniela Torres,,Military Discount,,,0.40
Tink-a-Tako - Potranco,151,10/28/25 10:36 AM,Daniela Torres,,Military Discount,,,0.18
Tink-a-Tako - Potranco,143,10/28/25 10:26 AM,Daniela Torres,,Military Discount,,,0.20
Tink-a-Tako - Potranco,143,10/28/25 10:26 AM,Daniela Torres,,Military Discount,,,0.20
Tink-a-Tako - Potranco,101,10/28/25 9:27 AM,Maria Majana,,Employee Discount - Check,Employee Discount,Meseras,5.98
Tink-a-Tako - Potranco,39,10/28/25 7:59 AM,Isabel Cisneros,23,Open % Item,,,0.75
Tink-a-Tako - Potranco,39,10/28/25 7:59 AM,Isabel Cisneros,23,Open % Item,,,1.44
Tink-a-Tako - Potranco,11,10/28/25 7:09 AM,Juan  Camacho,40,Employee Discount - Check,Employee Discount,Meseras,8.98
Tink-a-Tako - Potranco,10,10/28/25 7:00 AM,Daniela Torres,,Military Discount,,,0.60
Tink-a-Tako - Potranco,10,10/28/25 7:00 AM,Daniela Torres,,Military Discount,,,0.30
Tink-a-Tako - Potranco,2,10/28/25 6:32 AM,Daniela Torres,,Military Discount,,,0.20
