Location,Order #,Opened,# of Guests,Server,Table,Discount Amount,Amount,Tax,Tip,Gratuity
Tink-a-Tako - Potranco,1,10/28/25 6:10 AM,1,Daniela Torres,,0.00,8.23,0.68,0.00,0.00
Tink-a-Tako - Potranco,2,10/28/25 6:32 AM,1,Daniela Torres,,0.20,5.78,0.48,0.00,0.00
Tink-a-Tako - Potranco,16001,10/28/25 6:37 AM,1,Daniela Torres,,0.00,3.98,0.33,0.00,0.00
Tink-a-Tako - Potranco,3,10/28/25 6:32 AM,1,Daniela Torres,,0.00,6.27,0.51,0.00,0.00
Tink-a-Tako - Potranco,4,10/28/25 6:40 AM,2,Juan  Camacho,24,0.00,17.83,1.48,0.00,0.00
Tink-a-Tako - Potranco,5,10/28/25 6:41 AM,1,Daniela Torres,,0.00,7.47,0.61,0.00,0.00
Tink-a-Tako - Potranco,6,10/28/25 6:41 AM,1,Daniela Torres,,0.00,9.76,0.81,0.00,0.00
Tink-a-Tako - Potranco,7,10/28/25 6:50 AM,1,Daniela Torres,,0.00,25.88,2.14,0.00,0.00
Tink-a-Tako - Potranco,8,10/28/25 6:56 AM,1,Daniela Torres,,0.00,5.97,0.49,0.00,0.00
Tink-a-Tako - Potranco,9,10/28/25 7:00 AM,1,Daniela Torres,,0.00,3.99,0.33,0.00,0.00
Tink-a-Tako - Potranco,11,10/28/25 7:09 AM,1,Juan  Camacho,40,8.98,0.00,0.00,0.00,0.00
Tink-a-Tako - Potranco,10,10/28/25 7:00 AM,1,Daniela Torres,,0.90,8.07,0.66,3.00,0.00
Tink-a-Tako - Potranco,12,10/28/25 7:16 AM,1,Daniela Torres,,0.00,7.27,0.60,0.00,0.00
Tink-a-Tako - Potranco,13,10/28/25 7:18 AM,1,Daniela Torres,,0.00,3.49,0.29,0.00,0.00
Tink-a-Tako - Potranco,14,10/28/25 7:18 AM,1,Daniela Torres,,0.00,6.07,0.50,0.00,0.00
Tink-a-Tako - Potranco,15,10/28/25 7:19 AM,1,Juan  Camacho,4,0.00,17.67,1.46,0.00,0.00
Tink-a-Tako - Potranco,16,10/28/25 7:21 AM,1,Juan  Camacho,,0.00,10.56,0.87,0.00,0.00
Tink-a-Tako - Potranco,17,10/28/25 7:23 AM,1,Juan  Camacho,,0.00,1.99,0.16,0.00,0.00
Tink-a-Tako - Potranco,18,10/28/25 7:24 AM,1,Daniela Torres,,0.00,2.49,0.21,0.00,0.00
Tink-a-Tako - Potranco,19,10/28/25 7:24 AM,1,Daniela Torres,,0.00,2.79,0.23,0.00,0.00
Tink-a-Tako - Potranco,20,10/28/25 7:24 AM,1,Daniela Torres,,0.00,5.98,0.49,0.00,0.00
Tink-a-Tako - Potranco,22,10/28/25 7:27 AM,1,Daniela Torres,,0.00,7.97,0.66,0.00,0.00
Tink-a-Tako - Potranco,21,10/28/25 7:27 AM,1,Daniela Torres,,0.00,3.98,0.33,0.00,0.00
Tink-a-Tako - Potranco,23,10/28/25 7:27 AM,1,Daniela Torres,,0.00,10.83,0.89,0.00,0.00
Tink-a-Tako - Potranco,24,10/28/25 7:31 AM,1,Daniela Torres,,0.00,6.88,0.56,0.00,0.00
Tink-a-Tako - Potranco,25,10/28/25 7:31 AM,1,Daniela Torres,,0.00,5.48,0.46,0.00,0.00
Tink-a-Tako - Potranco,26,10/28/25 7:33 AM,1,Daniela Torres,,0.00,8.76,0.72,0.00,0.00
Tink-a-Tako - Potranco,28,10/28/25 7:37 AM,1,Daniela Torres,,0.00,8.68,0.71,0.00,0.00
Tink-a-Tako - Potranco,27,10/28/25 7:35 AM,1,Juan  Camacho,,0.00,12.25,1.02,1.73,0.00
Tink-a-Tako - Potranco,29,10/28/25 7:37 AM,1,Daniela Torres,,0.00,3.98,0.33,0.00,0.00
Tink-a-Tako - Potranco,30,10/28/25 7:40 AM,1,Daniela Torres,,0.00,1.00,0.08,0.00,0.00
Tink-a-Tako - Potranco,31,10/28/25 7:45 AM,1,Daniela Torres,,0.00,7.43,0.60,0.00,0.00
Tink-a-Tako - Potranco,33,10/28/25 7:48 AM,4,Juan  Camacho,31,0.00,63.68,5.26,15.00,0.00
Tink-a-Tako - Potranco,32,10/28/25 7:46 AM,1,Daniela Torres,,0.00,7.08,0.59,0.00,0.00
Tink-a-Tako - Potranco,34,10/28/25 7:52 AM,1,Daniela Torres,,0.00,7.96,0.66,0.00,0.00
Tink-a-Tako - Potranco,35,10/28/25 7:55 AM,1,Daniela Torres,,0.00,5.28,0.44,0.00,0.00
Tink-a-Tako - Potranco,36,10/28/25 7:56 AM,1,Daniela Torres,,0.00,6.68,0.55,0.00,0.00
Tink-a-Tako - Potranco,37,10/28/25 7:57 AM,1,Daniela Torres,,0.00,9.67,0.79,0.00,0.00
Tink-a-Tako - Potranco,39,10/28/25 7:59 AM,1,Isabel Cisneros,23,2.19,8.33,0.69,0.00,0.00
Tink-a-Tako - Potranco,40,10/28/25 7:59 AM,1,Juan  Camacho,37,0.00,11.98,0.99,3.00,0.00
Tink-a-Tako - Potranco,41,10/28/25 8:02 AM,1,Daniela Torres,,0.00,8.43,0.69,0.00,0.00
Tink-a-Tako - Potranco,42,10/28/25 8:03 AM,1,Daniela Torres,,0.00,15.22,1.25,2.00,0.00
Tink-a-Tako - Potranco,43,10/28/25 8:04 AM,1,Daniela Torres,,0.00,10.36,0.86,1.00,0.00
Tink-a-Tako - Potranco,44,10/28/25 8:07 AM,1,Daniela Torres,,0.00,10.57,0.86,0.00,0.00
Tink-a-Tako - Potranco,45,10/28/25 8:08 AM,1,Daniela Torres,,0.00,4.97,0.41,0.00,0.00
Tink-a-Tako - Potranco,46,10/28/25 8:08 AM,1,Daniela Torres,,0.00,7.97,0.65,0.00,0.00
Tink-a-Tako - Potranco,47,10/28/25 8:12 AM,2,Isabel Cisneros,3,0.00,27.26,2.26,5.00,0.00
Tink-a-Tako - Potranco,48,10/28/25 8:12 AM,1,Daniela Torres,,0.00,8.47,0.70,0.00,0.00
Tink-a-Tako - Potranco,49,10/28/25 8:14 AM,1,Daniela Torres,,0.00,8.97,0.74,0.00,0.00
Tink-a-Tako - Potranco,50,10/28/25 8:16 AM,1,Daniela Torres,,0.00,5.77,0.47,0.00,0.00
Tink-a-Tako - Potranco,51,10/28/25 8:16 AM,1,Daniela Torres,,0.00,7.08,0.59,0.00,0.00
Tink-a-Tako - Potranco,52,10/28/25 8:17 AM,1,Maria Majana,,0.00,9.26,0.76,3.00,0.00
Tink-a-Tako - Potranco,54,10/28/25 8:21 AM,1,Daniela Torres,,0.00,7.98,0.66,0.00,0.00
Tink-a-Tako - Potranco,55,10/28/25 8:25 AM,1,Daniela Torres,,0.00,6.87,0.57,0.00,0.00
Tink-a-Tako - Potranco,56,10/28/25 8:26 AM,1,Daniela Torres,,0.00,5.48,0.46,1.21,0.00
Tink-a-Tako - Potranco,57,10/28/25 8:26 AM,1,Daniela Torres,,0.00,7.56,0.63,1.66,0.00
Tink-a-Tako - Potranco,58,10/28/25 8:26 AM,1,Daniela Torres,,0.00,10.88,0.90,0.00,0.00
Tink-a-Tako - Potranco,60,10/28/25 8:28 AM,1,Silvia Hernandez,18,0.00,16.36,1.35,0.00,0.00
Tink-a-Tako - Potranco,61,10/28/25 8:28 AM,1,Daniela Torres,,0.00,11.22,0.92,0.00,0.00
Tink-a-Tako - Potranco,59,10/28/25 8:27 AM,1,Maria Majana,,0.00,9.92,0.82,2.00,0.00
Tink-a-Tako - Potranco,63,10/28/25 8:30 AM,1,Maria Majana,,0.00,11.74,0.96,3.00,0.00
Tink-a-Tako - Potranco,64,10/28/25 8:31 AM,1,Maria Majana,,0.00,6.97,0.57,2.00,0.00
Tink-a-Tako - Potranco,62,10/28/25 8:30 AM,1,Daniela Torres,,0.00,14.64,1.21,0.00,0.00
Tink-a-Tako - Potranco,66,10/28/25 8:34 AM,1,Daniela Torres,,0.00,5.24,0.43,0.00,0.00
Tink-a-Tako - Potranco,68,10/28/25 8:35 AM,1,Juan  Camacho,24,0.00,16.63,1.37,2.00,0.00
Tink-a-Tako - Potranco,67,10/28/25 8:35 AM,1,Daniela Torres,,0.00,13.95,1.15,0.00,0.00
Tink-a-Tako - Potranco,72,10/28/25 8:40 AM,1,Isabel Cisneros,8,0.00,12.17,1.01,2.00,0.00
Tink-a-Tako - Potranco,69,10/28/25 8:36 AM,1,Daniela Torres,,0.00,9.37,0.77,0.00,0.00
Tink-a-Tako - Potranco,73,10/28/25 8:43 AM,1,Daniela Torres,,0.00,3.78,0.31,0.00,0.00
Tink-a-Tako - Potranco,75,10/28/25 8:48 AM,1,Daniela Torres,,0.00,9.99,0.82,0.00,0.00
Tink-a-Tako - Potranco,74,10/28/25 8:47 AM,2,Silvia Hernandez,33,0.00,14.45,1.19,3.00,0.00
Tink-a-Tako - Potranco,76,10/28/25 8:48 AM,1,Daniela Torres,,0.00,7.97,0.66,0.00,0.00
Tink-a-Tako - Potranco,77,10/28/25 8:49 AM,1,Maria Majana,,0.00,7.96,0.66,2.00,0.00
Tink-a-Tako - Potranco,78,10/28/25 8:49 AM,1,Daniela Torres,,0.00,6.98,0.58,0.00,0.00
Tink-a-Tako - Potranco,82,10/28/25 8:53 AM,2,Isabel Cisneros,17,0.00,19.96,1.66,0.00,0.00
Tink-a-Tako - Potranco,84,10/28/25 8:57 AM,2,Isabel Cisneros,37,0.00,24.21,2.00,5.00,0.00
Tink-a-Tako - Potranco,83,10/28/25 8:56 AM,1,Daniela Torres,,0.00,4.28,0.35,0.00,0.00
Tink-a-Tako - Potranco,86,10/28/25 8:58 AM,1,Maria Majana,,0.00,28.97,2.39,3.00,0.00
Tink-a-Tako - Potranco,87,10/28/25 8:59 AM,1,Maria Majana,,0.00,17.31,1.43,0.00,0.00
Tink-a-Tako - Potranco,85,10/28/25 8:57 AM,1,Daniela Torres,,0.00,14.56,1.21,0.00,0.00
Tink-a-Tako - Potranco,89,10/28/25 9:02 AM,2,Silvia Hernandez,22,0.00,28.46,2.34,5.00,0.00
Tink-a-Tako - Potranco,90,10/28/25 9:05 AM,1,Daniela Torres,,0.00,2.29,0.19,0.00,0.00
Tink-a-Tako - Potranco,91,10/28/25 9:06 AM,1,Daniela Torres,,0.00,5.38,0.45,0.00,0.00
Tink-a-Tako - Potranco,93,10/28/25 9:11 AM,1,Maria Majana,,0.00,5.28,0.44,0.00,0.00
Tink-a-Tako - Potranco,94,10/28/25 9:14 AM,2,Juan  Camacho,25,0.00,19.80,1.63,6.00,0.00
Tink-a-Tako - Potranco,92,10/28/25 9:09 AM,1,Daniela Torres,,0.00,4.48,0.37,0.00,0.00
Tink-a-Tako - Potranco,96,10/28/25 9:18 AM,1,Daniela Torres,,0.00,7.77,0.64,0.00,0.00
Tink-a-Tako - Potranco,97,10/28/25 9:19 AM,1,Daniela Torres,,0.00,14.55,1.20,0.00,0.00
Tink-a-Tako - Potranco,98,10/28/25 9:21 AM,1,Daniela Torres,,0.00,4.08,0.34,0.00,0.00
Tink-a-Tako - Potranco,99,10/28/25 9:21 AM,1,Daniela Torres,,0.00,13.35,1.10,0.00,0.00
Tink-a-Tako - Potranco,100,10/28/25 9:23 AM,2,Isabel Cisneros,18,0.00,20.96,1.74,6.00,0.00
Tink-a-Tako - Potranco,102,10/28/25 9:27 AM,1,Daniela Torres,,0.00,5.97,0.48,0.00,0.00
Tink-a-Tako - Potranco,101,10/28/25 9:27 AM,1,Maria Majana,,5.98,0.00,0.00,0.00,0.00
Tink-a-Tako - Potranco,103,10/28/25 9:28 AM,1,Maria Majana,,0.00,4.28,0.35,0.00,0.00
Tink-a-Tako - Potranco,105,10/28/25 9:30 AM,1,Daniela Torres,,0.00,8.82,0.72,0.00,0.00
Tink-a-Tako - Potranco,106,10/28/25 9:31 AM,1,Daniela Torres,,0.00,5.77,0.48,0.00,0.00
Tink-a-Tako - Potranco,107,10/28/25 9:33 AM,2,Juan  Camacho,10,0.00,15.67,1.29,5.00,0.00
Tink-a-Tako - Potranco,108,10/28/25 9:33 AM,1,Daniela Torres,,0.00,27.52,2.27,0.00,0.00
Tink-a-Tako - Potranco,109,10/28/25 9:34 AM,1,Daniela Torres,,0.00,8.82,0.72,0.00,0.00
Tink-a-Tako - Potranco,110,10/28/25 9:34 AM,1,Daniela Torres,,0.00,12.04,0.99,0.00,0.00
Tink-a-Tako - Potranco,111,10/28/25 9:37 AM,1,Daniela Torres,,0.00,11.98,0.98,0.00,0.00
Tink-a-Tako - Potranco,112,10/28/25 9:38 AM,1,Daniela Torres,,0.00,19.55,1.61,0.00,0.00
Tink-a-Tako - Potranco,113,10/28/25 9:40 AM,1,Daniela Torres,,0.00,7.16,0.59,0.00,0.00
Tink-a-Tako - Potranco,114,10/28/25 9:42 AM,1,Daniela Torres,,0.00,19.01,1.57,0.00,0.00
Tink-a-Tako - Potranco,115,10/28/25 9:43 AM,2,Silvia Hernandez,32,0.00,21.95,1.81,0.00,0.00
Tink-a-Tako - Potranco,117,10/28/25 9:45 AM,1,Maria Majana,,0.00,11.77,0.97,0.00,0.00
Tink-a-Tako - Potranco,116,10/28/25 9:44 AM,1,Daniela Torres,,0.00,9.95,0.82,0.00,0.00
Tink-a-Tako - Potranco,119,10/28/25 9:48 AM,1,Daniela Torres,,0.00,4.98,0.41,0.75,0.00
Tink-a-Tako - Potranco,120,10/28/25 9:49 AM,1,Daniela Torres,,0.00,6.37,0.53,0.00,0.00
Tink-a-Tako - Potranco,121,10/28/25 9:52 AM,1,Daniela Torres,,0.00,17.78,1.47,0.00,0.00
Tink-a-Tako - Potranco,122,10/28/25 9:52 AM,1,Daniela Torres,,0.00,3.98,0.32,0.00,0.00
Tink-a-Tako - Potranco,125,10/28/25 10:02 AM,1,Silvia Hernandez,,0.00,13.27,1.09,0.00,0.00
Tink-a-Tako - Potranco,126,10/28/25 10:03 AM,1,Daniela Torres,,0.00,8.23,0.67,2.00,0.00
Tink-a-Tako - Potranco,127,10/28/25 10:04 AM,1,Daniela Torres,,0.00,7.78,0.64,0.00,0.00
Tink-a-Tako - Potranco,129,10/28/25 10:05 AM,1,Daniela Torres,,0.00,7.27,0.61,0.00,0.00
Tink-a-Tako - Potranco,128,10/28/25 10:04 AM,3,Isabel Cisneros,24,0.00,55.19,4.57,0.00,0.00
Tink-a-Tako - Potranco,130,10/28/25 10:06 AM,1,Daniela Torres,,0.00,19.33,1.59,0.00,0.00
Tink-a-Tako - Potranco,132,10/28/25 10:08 AM,2,Isabel Cisneros,17,0.00,18.45,1.52,3.69,0.00
Tink-a-Tako - Potranco,131,10/28/25 10:08 AM,1,Daniela Torres,,0.00,9.67,0.80,0.00,0.00
Tink-a-Tako - Potranco,134,10/28/25 10:14 AM,1,Silvia Hernandez,25,0.00,14.96,1.24,0.00,0.00
Tink-a-Tako - Potranco,135,10/28/25 10:16 AM,1,Daniela Torres,,0.00,20.20,1.67,0.00,0.00
Tink-a-Tako - Potranco,133,10/28/25 10:11 AM,1,Daniela Torres,,0.00,7.67,0.63,0.00,0.00
Tink-a-Tako - Potranco,137,10/28/25 10:20 AM,1,Daniela Torres,,0.00,5.97,0.49,0.00,0.00
Tink-a-Tako - Potranco,138,10/28/25 10:20 AM,1,Daniela Torres,,0.00,4.08,0.34,0.90,0.00
Tink-a-Tako - Potranco,136,10/28/25 10:20 AM,3,Isabel Cisneros,11,0.00,38.85,3.21,0.00,0.00
Tink-a-Tako - Potranco,139,10/28/25 10:20 AM,1,Daniela Torres,,0.00,6.68,0.55,0.00,0.00
Tink-a-Tako - Potranco,141,10/28/25 10:22 AM,2,Silvia Hernandez,8,0.00,26.96,2.23,6.00,0.00
Tink-a-Tako - Potranco,142,10/28/25 10:23 AM,1,Juan  Camacho,,0.00,3.98,0.33,0.00,0.00
Tink-a-Tako - Potranco,140,10/28/25 10:21 AM,1,Daniela Torres,,0.00,13.36,1.10,2.94,0.00
Tink-a-Tako - Potranco,143,10/28/25 10:26 AM,1,Daniela Torres,,0.40,3.58,0.30,0.00,0.00
Tink-a-Tako - Potranco,144,10/28/25 10:27 AM,1,Daniela Torres,,0.00,18.97,1.56,0.00,0.00
Tink-a-Tako - Potranco,146,10/28/25 10:29 AM,2,Juan  Camacho,37,0.00,31.17,2.55,0.00,0.00
Tink-a-Tako - Potranco,148,10/28/25 10:30 AM,1,Isabel Cisneros,33,0.00,12.77,1.06,0.00,0.00
Tink-a-Tako - Potranco,147,10/28/25 10:29 AM,1,Maria Majana,,0.00,12.97,1.07,0.00,0.00
Tink-a-Tako - Potranco,150,10/28/25 10:34 AM,3,Silvia Hernandez,38,0.00,32.94,2.72,0.00,0.00
Tink-a-Tako - Potranco,145,10/28/25 10:28 AM,1,Daniela Torres,,0.00,3.98,0.32,0.00,0.00
Tink-a-Tako - Potranco,151,10/28/25 10:36 AM,1,Daniela Torres,,0.58,5.20,0.43,0.00,0.00
Tink-a-Tako - Potranco,152,10/28/25 10:36 AM,1,Daniela Torres,,0.00,3.49,0.29,0.00,0.00
Tink-a-Tako - Potranco,153,10/28/25 10:38 AM,1,Daniela Torres,,0.00,20.85,1.73,4.17,0.00
Tink-a-Tako - Potranco,155,10/28/25 10:39 AM,4,Juan  Camacho,31,0.00,51.84,4.27,7.00,0.00
Tink-a-Tako - Potranco,154,10/28/25 10:38 AM,1,Daniela Torres,,0.00,25.64,2.12,0.00,0.00
Tink-a-Tako - Potranco,160,10/28/25 10:41 AM,3,Isabel Cisneros,20,0.00,22.82,1.88,0.00,0.00
Tink-a-Tako - Potranco,158,10/28/25 10:40 AM,1,Daniela Torres,,0.00,11.02,0.91,0.00,0.00
Tink-a-Tako - Potranco,161,10/28/25 10:42 AM,1,Daniela Torres,,0.00,19.93,1.64,4.38,0.00
Tink-a-Tako - Potranco,163,10/28/25 10:48 AM,1,Silvia Hernandez,25,0.00,15.55,1.28,0.00,0.00
Tink-a-Tako - Potranco,162,10/28/25 10:47 AM,1,Daniela Torres,,0.00,8.27,0.68,0.00,0.00
Tink-a-Tako - Potranco,164,10/28/25 10:49 AM,1,Daniela Torres,,0.00,3.98,0.32,0.00,0.00
Tink-a-Tako - Potranco,165,10/28/25 10:50 AM,1,Daniela Torres,,0.00,3.98,0.33,2.00,0.00
Tink-a-Tako - Potranco,167,10/28/25 10:53 AM,1,Juan  Camacho,36,9.99,0.00,0.00,0.00,0.00
Tink-a-Tako - Potranco,166,10/28/25 10:51 AM,1,Daniela Torres,,1.50,1.49,0.12,0.00,0.00
Tink-a-Tako - Potranco,169,10/28/25 10:54 AM,1,Juan  Camacho,,0.00,4.28,0.35,0.00,0.00
Tink-a-Tako - Potranco,168,10/28/25 10:54 AM,1,Daniela Torres,,0.00,6.88,0.57,0.00,0.00
Tink-a-Tako - Potranco,171,10/28/25 10:56 AM,1,Isabel Cisneros,32,0.00,9.67,0.80,5.00,0.00
Tink-a-Tako - Potranco,172,10/28/25 10:58 AM,2,Silvia Hernandez,33,0.00,20.88,1.72,0.00,0.00
Tink-a-Tako - Potranco,170,10/28/25 10:55 AM,1,Daniela Torres,,0.00,4.98,0.41,2.00,0.00
Tink-a-Tako - Potranco,174,10/28/25 11:00 AM,2,Isabel Cisneros,7,0.00,25.75,2.12,0.00,0.00
Tink-a-Tako - Potranco,176,10/28/25 11:00 AM,2,Juan  Camacho,9,0.00,31.12,2.56,4.00,0.00
Tink-a-Tako - Potranco,173,10/28/25 10:59 AM,1,Daniela Torres,,0.00,6.07,0.51,1.34,0.00
Tink-a-Tako - Potranco,177,10/28/25 11:06 AM,1,Daniela Torres,,0.00,9.78,0.81,0.00,0.00
Tink-a-Tako - Potranco,180,10/28/25 11:10 AM,2,Silvia Hernandez,18,0.00,30.97,2.55,5.00,0.00
Tink-a-Tako - Potranco,178,10/28/25 11:07 AM,1,Daniela Torres,,0.00,34.51,2.85,2.00,0.00
Tink-a-Tako - Potranco,181,10/28/25 11:11 AM,1,Daniela Torres,,0.00,9.77,0.81,0.00,0.00
Tink-a-Tako - Potranco,183,10/28/25 11:18 AM,1,Daniela Torres,,0.00,20.42,1.68,0.00,0.00
Tink-a-Tako - Potranco,184,10/28/25 11:18 AM,1,Juan  Camacho,35,0.00,17.23,1.42,6.00,0.00
Tink-a-Tako - Potranco,185,10/28/25 11:19 AM,1,Isabel Cisneros,22,0.00,13.69,1.12,0.00,0.00
Tink-a-Tako - Potranco,187,10/28/25 11:20 AM,1,Silvia Hernandez,23,0.00,8.99,0.74,2.00,0.00
Tink-a-Tako - Potranco,186,10/28/25 11:19 AM,1,Daniela Torres,,0.00,13.47,1.11,0.00,0.00
Tink-a-Tako - Potranco,188,10/28/25 11:24 AM,1,Daniela Torres,,0.00,24.41,2.01,0.00,0.00
Tink-a-Tako - Potranco,189,10/28/25 11:26 AM,1,Juan  Camacho,17,0.00,12.44,1.02,10.00,0.00
Tink-a-Tako - Potranco,192,10/28/25 11:29 AM,2,Isabel Cisneros,8,0.00,33.42,2.75,8.00,0.00
Tink-a-Tako - Potranco,191,10/28/25 11:27 AM,1,Daniela Torres,,0.00,5.98,0.49,0.00,0.00
Tink-a-Tako - Potranco,194,10/28/25 11:35 AM,1,Daniela Torres,,0.00,4.78,0.40,0.00,0.00
Tink-a-Tako - Potranco,193,10/28/25 11:35 AM,3,Juan  Camacho,24,0.00,32.62,2.70,0.00,0.00
Tink-a-Tako - Potranco,195,10/28/25 11:40 AM,1,Daniela Torres,,1.05,12.87,1.06,2.00,0.00
Tink-a-Tako - Potranco,196,10/28/25 11:45 AM,1,Isabel Cisneros,21,0.00,17.69,1.45,5.00,0.00
Tink-a-Tako - Potranco,197,10/28/25 11:45 AM,3,Isabel Cisneros,10,0.00,37.97,3.11,5.00,0.00
Tink-a-Tako - Potranco,198,10/28/25 11:46 AM,1,Daniela Torres,,0.00,12.38,1.02,0.00,0.00
Tink-a-Tako - Potranco,199,10/28/25 11:46 AM,4,Silvia Hernandez,31,0.00,48.04,3.97,8.00,0.00
Tink-a-Tako - Potranco,200,10/28/25 11:48 AM,1,Maria Majana,,0.00,6.88,0.56,0.00,0.00
Tink-a-Tako - Potranco,202,10/28/25 11:48 AM,1,Daniela Torres,,0.00,47.96,3.96,0.00,0.00
Tink-a-Tako - Potranco,204,10/28/25 11:48 AM,1,Daniela Torres,,0.00,8.94,0.73,0.00,0.00
Tink-a-Tako - Potranco,201,10/28/25 11:48 AM,1,Silvia Hernandez,26,0.00,14.20,1.17,2.00,0.00
Tink-a-Tako - Potranco,205,10/28/25 11:54 AM,3,Silvia Hernandez,11,0.00,47.31,3.89,9.51,0.00
Tink-a-Tako - Potranco,206,10/28/25 12:03 PM,2,Isabel Cisneros,25,0.00,25.86,2.12,6.01,0.00
Tink-a-Tako - Potranco,208,10/28/25 12:07 PM,2,Juan  Camacho,18,0.00,28.67,2.36,6.00,0.00
Tink-a-Tako - Potranco,209,10/28/25 12:08 PM,1,Daniela Torres,,0.00,7.28,0.60,0.00,0.00
Tink-a-Tako - Potranco,211,10/28/25 12:09 PM,1,Daniela Torres,,0.00,11.22,0.92,0.00,0.00
Tink-a-Tako - Potranco,210,10/28/25 12:09 PM,3,Silvia Hernandez,23,0.00,43.11,3.54,12.00,0.00
Tink-a-Tako - Potranco,213,10/28/25 12:11 PM,2,Juan  Camacho,17,0.00,26.91,2.22,5.00,0.00
Tink-a-Tako - Potranco,212,10/28/25 12:10 PM,2,Silvia Hernandez,19,0.00,28.63,2.35,6.00,0.00
Tink-a-Tako - Potranco,214,10/28/25 12:11 PM,1,Daniela Torres,,0.00,32.97,2.72,0.00,0.00
Tink-a-Tako - Potranco,216,10/28/25 12:12 PM,1,Daniela Torres,,0.00,0.65,0.05,0.00,0.00
Tink-a-Tako - Potranco,217,10/28/25 12:14 PM,2,Isabel Cisneros,24,0.00,28.42,2.34,0.00,0.00
Tink-a-Tako - Potranco,218,10/28/25 12:17 PM,1,Daniela Torres,,0.00,2.99,0.25,0.00,0.00
Tink-a-Tako - Potranco,219,10/28/25 12:17 PM,1,Daniela Torres,,0.00,8.48,0.70,0.00,0.00
Tink-a-Tako - Potranco,222,10/28/25 12:20 PM,2,Juan  Camacho,33,0.00,27.40,2.24,0.00,0.00
Tink-a-Tako - Potranco,224,10/28/25 12:22 PM,2,Isabel Cisneros,32,0.00,31.20,2.58,4.00,0.00
Tink-a-Tako - Potranco,225,10/28/25 12:23 PM,1,Juan  Camacho,37,0.00,18.98,1.57,7.00,0.00
Tink-a-Tako - Potranco,226,10/28/25 12:24 PM,1,Daniela Torres,,0.00,9.18,0.76,0.00,0.00
Tink-a-Tako - Potranco,227,10/28/25 12:24 PM,1,Isabel Cisneros,35,0.00,15.44,1.27,4.00,0.00
Tink-a-Tako - Potranco,228,10/28/25 12:24 PM,2,Silvia Hernandez,42,0.00,32.38,2.66,0.00,0.00
Tink-a-Tako - Potranco,230,10/28/25 12:27 PM,1,Silvia Hernandez,16,0.00,7.77,0.64,0.00,0.00
Tink-a-Tako - Potranco,229,10/28/25 12:24 PM,1,Daniela Torres,,0.00,12.41,1.02,0.00,0.00
Tink-a-Tako - Potranco,231,10/28/25 12:28 PM,4,Juan  Camacho,9,0.00,52.82,4.32,10.00,0.00
Tink-a-Tako - Potranco,232,10/28/25 12:29 PM,1,Daniela Torres,,0.00,10.99,0.91,1.00,0.00
Tink-a-Tako - Potranco,233,10/28/25 12:31 PM,1,Daniela Torres,,0.00,14.97,1.24,0.00,0.00
Tink-a-Tako - Potranco,234,10/28/25 12:38 PM,1,Daniela Torres,,0.00,7.97,0.66,0.00,0.00
Tink-a-Tako - Potranco,235,10/28/25 12:40 PM,1,Juan  Camacho,38,0.00,7.24,0.60,0.00,0.00
Tink-a-Tako - Potranco,237,10/28/25 12:42 PM,1,Maria Majana,,0.00,2.29,0.19,0.00,0.00
Tink-a-Tako - Potranco,236,10/28/25 12:40 PM,1,Daniela Torres,,0.00,22.96,1.90,0.00,0.00
Tink-a-Tako - Potranco,240,10/28/25 12:49 PM,2,Isabel Cisneros,33,0.00,31.95,2.64,6.41,0.00
Tink-a-Tako - Potranco,241,10/28/25 12:51 PM,1,Silvia Hernandez,7,0.00,16.21,1.32,5.00,0.00
Tink-a-Tako - Potranco,239,10/28/25 12:45 PM,1,Daniela Torres,,0.00,11.99,0.99,3.00,0.00
Tink-a-Tako - Potranco,242,10/28/25 12:53 PM,1,Daniela Torres,,0.72,6.44,0.53,0.00,0.00
Tink-a-Tako - Potranco,244,10/28/25 12:55 PM,1,Isabel Cisneros,26,0.00,11.92,0.98,8.00,0.00
Tink-a-Tako - Potranco,243,10/28/25 12:54 PM,1,Daniela Torres,,0.00,10.55,0.88,0.00,0.00
Tink-a-Tako - Potranco,245,10/28/25 12:55 PM,1,Daniela Torres,,0.00,4.58,0.38,1.00,0.00
Tink-a-Tako - Potranco,248,10/28/25 12:58 PM,3,Juan  Camacho,10,0.00,28.26,2.32,4.00,0.00
Tink-a-Tako - Potranco,250,10/28/25 1:08 PM,2,Juan  Camacho,18,0.00,9.97,0.83,0.00,0.00
Tink-a-Tako - Potranco,251,10/28/25 1:09 PM,2,Silvia Hernandez,24,0.00,32.13,2.64,6.00,0.00
Tink-a-Tako - Potranco,252,10/28/25 1:10 PM,1,Isabel Cisneros,8,0.00,12.44,1.02,3.00,0.00
Tink-a-Tako - Potranco,249,10/28/25 1:05 PM,1,Daniela Torres,,0.00,18.43,1.52,0.00,0.00
Tink-a-Tako - Potranco,253,10/28/25 1:14 PM,1,Daniela Torres,,0.00,7.18,0.59,0.00,0.00
Tink-a-Tako - Potranco,254,10/28/25 1:20 PM,2,Isabel Cisneros,9,0.00,35.30,2.90,5.00,0.00
Tink-a-Tako - Potranco,255,10/28/25 1:22 PM,1,Daniela Torres,,0.00,8.78,0.72,0.00,0.00
Tink-a-Tako - Potranco,256,10/28/25 1:24 PM,1,Daniela Torres,,0.00,9.78,0.81,0.00,0.00
Tink-a-Tako - Potranco,257,10/28/25 1:26 PM,1,Silvia Hernandez,32,2.60,13.84,1.14,0.00,0.00
Tink-a-Tako - Potranco,258,10/28/25 1:31 PM,1,Daniela Torres,,0.00,11.99,0.99,0.00,0.00
Tink-a-Tako - Potranco,260,10/28/25 1:39 PM,2,Silvia Hernandez,7,0.00,30.80,2.53,0.00,0.00
Tink-a-Tako - Potranco,261,10/28/25 1:45 PM,2,Juan  Camacho,25,0.00,34.08,2.80,0.00,0.00
Tink-a-Tako - Potranco,259,10/28/25 1:31 PM,1,Daniela Torres,,0.00,10.99,0.91,0.00,0.00
Tink-a-Tako - Potranco,262,10/28/25 1:45 PM,1,Daniela Torres,,0.00,7.98,0.66,0.00,0.00
Tink-a-Tako - Potranco,263,10/28/25 1:47 PM,1,Juan  Camacho,,0.00,9.28,0.76,1.00,0.00
Tink-a-Tako - Potranco,264,10/28/25 1:55 PM,1,Daniela Torres,,0.00,8.78,0.72,0.00,0.00
Tink-a-Tako - Potranco,266,10/28/25 1:57 PM,2,Juan  Camacho,24,0.00,38.12,3.13,9.75,0.00
Tink-a-Tako - Potranco,267,10/28/25 2:02 PM,2,Juan  Camacho,35,0.00,14.66,1.20,0.00,0.00
Tink-a-Tako - Potranco,268,10/28/25 2:08 PM,1,Daniela Torres,,0.00,24.33,2.00,0.00,0.00
Tink-a-Tako - Potranco,269,10/28/25 2:12 PM,1,Nadia  Reyes,,0.00,25.75,2.12,2.00,0.00
Tink-a-Tako - Potranco,272,10/28/25 2:14 PM,2,Juan  Camacho,32,0.00,25.97,2.14,2.00,0.00
Tink-a-Tako - Potranco,273,10/28/25 2:19 PM,1,Nadia  Reyes,,0.00,9.39,0.77,0.00,0.00
Tink-a-Tako - Potranco,274,10/28/25 2:25 PM,1,Nadia  Reyes,,0.00,19.92,1.64,2.00,0.00
Tink-a-Tako - Potranco,275,10/28/25 2:27 PM,1,Nadia  Reyes,,0.00,2.79,0.23,0.00,0.00
Tink-a-Tako - Potranco,276,10/28/25 2:27 PM,1,Nadia  Reyes,,0.00,32.05,2.64,0.00,0.00
Tink-a-Tako - Potranco,277,10/28/25 2:38 PM,1,Nadia  Reyes,,0.00,4.39,0.36,0.00,0.00
Tink-a-Tako - Potranco,278,10/28/25 2:38 PM,1,Nadia  Reyes,,0.00,10.99,0.91,0.00,0.00
Tink-a-Tako - Potranco,279,10/28/25 2:40 PM,1,Nadia  Reyes,,0.00,6.43,0.53,0.00,0.00
Tink-a-Tako - Potranco,280,10/28/25 2:48 PM,1,Nadia  Reyes,,0.00,8.77,0.73,1.32,0.00
Tink-a-Tako - Potranco,281,10/28/25 3:11 PM,2,Juan  Camacho,24,0.00,27.17,2.24,3.00,0.00
Tink-a-Tako - Potranco,283,10/28/25 3:13 PM,1,Nadia  Reyes,,0.00,13.99,1.15,0.00,0.00
Tink-a-Tako - Potranco,284,10/28/25 3:13 PM,6,Sergio Abundiz,31,0.00,97.85,8.07,0.00,19.57
Tink-a-Tako - Potranco,285,10/28/25 3:27 PM,1,Nadia  Reyes,,0.00,11.46,0.94,0.00,0.00
Tink-a-Tako - Potranco,286,10/28/25 3:28 PM,1,Nadia  Reyes,,0.00,7.77,0.64,0.00,0.00
Tink-a-Tako - Potranco,287,10/28/25 3:32 PM,1,Sergio Abundiz,1,46.93,0.00,0.00,0.00,0.00
Tink-a-Tako - Potranco,288,10/28/25 3:38 PM,1,Nadia  Reyes,,0.00,32.85,2.71,0.00,0.00
Tink-a-Tako - Potranco,289,10/28/25 3:42 PM,2,Juan  Camacho,7,0.00,26.47,2.18,5.00,0.00
Tink-a-Tako - Potranco,291,10/28/25 3:48 PM,1,Nadia  Reyes,,0.00,10.47,0.87,0.00,0.00
Tink-a-Tako - Potranco,292,10/28/25 3:50 PM,1,Nadia  Reyes,,0.00,11.99,0.99,0.00,0.00
Tink-a-Tako - Potranco,293,10/28/25 3:50 PM,2,Sergio Abundiz,25,0.00,39.45,3.25,7.00,0.00
Tink-a-Tako - Potranco,294,10/28/25 4:03 PM,2,Sergio Abundiz,33,0.00,36.87,3.04,5.00,0.00
Tink-a-Tako - Potranco,295,10/28/25 4:06 PM,1,Nadia  Reyes,,0.00,6.78,0.56,0.00,0.00
Tink-a-Tako - Potranco,297,10/28/25 4:11 PM,1,Juan  Camacho,35,0.00,46.21,3.80,7.00,0.00
Tink-a-Tako - Potranco,296,10/28/25 4:09 PM,1,Nadia  Reyes,,0.00,12.99,1.07,0.00,0.00
Tink-a-Tako - Potranco,299,10/28/25 4:16 PM,1,Nadia  Reyes,,0.00,5.48,0.45,0.00,0.00
Tink-a-Tako - Potranco,298,10/28/25 4:16 PM,1,Sergio Abundiz,38,0.00,23.98,1.98,5.00,0.00
Tink-a-Tako - Potranco,301,10/28/25 4:17 PM,1,Sergio Abundiz,37,0.00,11.99,0.99,4.00,0.00
Tink-a-Tako - Potranco,300,10/28/25 4:16 PM,1,Nadia  Reyes,,0.00,17.16,1.42,0.00,0.00
Tink-a-Tako - Potranco,302,10/28/25 4:41 PM,1,Nadia  Reyes,,0.00,5.78,0.48,2.00,0.00
Tink-a-Tako - Potranco,303,10/28/25 4:41 PM,1,Nadia  Reyes,,0.00,16.43,1.35,0.00,0.00
Tink-a-Tako - Potranco,304,10/28/25 4:42 PM,2,Sergio Abundiz,24,0.00,31.67,2.61,5.00,0.00
Tink-a-Tako - Potranco,305,10/28/25 4:51 PM,2,Juan  Camacho,10,0.00,27.38,2.25,5.00,0.00
Tink-a-Tako - Potranco,306,10/28/25 5:00 PM,1,Nadia  Reyes,,0.00,12.99,1.07,1.00,0.00
Tink-a-Tako - Potranco,307,10/28/25 5:09 PM,2,Sergio Abundiz,9,0.00,29.84,2.44,0.00,0.00
Tink-a-Tako - Potranco,308,10/28/25 5:11 PM,1,Nadia  Reyes,,0.00,38.36,3.16,7.67,0.00
Tink-a-Tako - Potranco,309,10/28/25 5:12 PM,1,Nadia  Reyes,,0.00,14.37,1.18,0.00,0.00
Tink-a-Tako - Potranco,310,10/28/25 5:13 PM,1,Nadia  Reyes,,0.00,11.49,0.95,0.00,0.00
Tink-a-Tako - Potranco,312,10/28/25 5:21 PM,1,Juan  Camacho,32,0.00,16.69,1.37,3.00,0.00
Tink-a-Tako - Potranco,311,10/28/25 5:16 PM,1,Nadia  Reyes,,0.00,15.49,1.28,2.32,0.00
Tink-a-Tako - Potranco,313,10/28/25 5:28 PM,3,Juan  Camacho,31,0.00,45.87,3.77,7.00,0.00
Tink-a-Tako - Potranco,315,10/28/25 5:31 PM,1,Juan  Camacho,35,0.00,41.75,3.45,9.00,0.00
Tink-a-Tako - Potranco,317,10/28/25 5:41 PM,1,Nadia  Reyes,,7.50,7.49,0.62,0.00,0.00
Tink-a-Tako - Potranco,319,10/28/25 5:45 PM,1,Sergio Abundiz,9,0.00,19.49,1.61,4.00,0.00
Tink-a-Tako - Potranco,320,10/28/25 6:03 PM,1,Nadia  Reyes,,0.00,24.93,2.05,0.00,0.00
Tink-a-Tako - Potranco,321,10/28/25 6:04 PM,1,Nadia  Reyes,,0.00,26.66,2.20,5.00,0.00
Tink-a-Tako - Potranco,322,10/28/25 6:07 PM,2,Juan  Camacho,24,0.00,31.61,2.59,6.32,0.00
Tink-a-Tako - Potranco,323,10/28/25 6:20 PM,1,Sergio Abundiz,38,0.00,14.97,1.24,4.00,0.00
Tink-a-Tako - Potranco,324,10/28/25 6:26 PM,1,Nadia  Reyes,,0.00,11.49,0.95,1.72,0.00
Tink-a-Tako - Potranco,325,10/28/25 6:30 PM,2,Juan  Camacho,25,0.00,20.98,1.73,4.62,0.00
Tink-a-Tako - Potranco,326,10/28/25 6:38 PM,2,Juan  Camacho,7,0.00,27.88,2.29,6.00,0.00
Tink-a-Tako - Potranco,327,10/28/25 6:41 PM,1,Nadia  Reyes,,0.00,9.99,0.82,0.00,0.00
Tink-a-Tako - Potranco,329,10/28/25 6:51 PM,3,Sergio Abundiz,37,0.00,33.75,2.80,0.00,0.00
Tink-a-Tako - Potranco,328,10/28/25 6:42 PM,1,Nadia  Reyes,,0.00,22.98,1.90,4.60,0.00
Tink-a-Tako - Potranco,330,10/28/25 7:18 PM,1,Nadia  Reyes,,0.00,11.99,0.99,0.00,0.00
Tink-a-Tako - Potranco,331,10/28/25 7:22 PM,5,Sergio Abundiz,34,0.00,79.23,6.53,16.00,0.00
Tink-a-Tako - Potranco,332,10/28/25 7:30 PM,4,Sergio Abundiz,3,0.00,39.84,3.27,5.00,0.00
Tink-a-Tako - Potranco,333,10/28/25 7:37 PM,3,Juan  Camacho,35,0.00,46.36,3.82,0.00,0.00
Tink-a-Tako - Potranco,335,10/28/25 7:41 PM,1,Rosie  ORDONEZ,36,0.00,8.99,0.74,0.00,0.00
Tink-a-Tako - Potranco,336,10/28/25 7:44 PM,1,Nadia  Reyes,,0.00,25.98,2.14,0.00,0.00
Tink-a-Tako - Potranco,337,10/28/25 7:53 PM,1,Sergio Abundiz,37,0.00,15.81,1.31,5.00,0.00
Tink-a-Tako - Potranco,338,10/28/25 7:56 PM,1,Nadia  Reyes,,0.00,27.44,2.27,5.49,0.00
Tink-a-Tako - Potranco,339,10/28/25 8:10 PM,2,Juan  Camacho,25,0.00,44.96,3.70,10.00,0.00
Tink-a-Tako - Potranco,340,10/28/25 8:11 PM,1,Nadia  Reyes,,0.00,27.74,2.29,0.00,0.00
Tink-a-Tako - Potranco,342,10/28/25 8:47 PM,1,Juan  Camacho,35,0.00,13.27,1.09,0.00,0.00
