Location,Employee,Job Title,In Date,Out Date,Total Hours,Unpaid Break Time,Paid Break Time,Payable Hours
Tink-a-Tako - Potranco,"Ramirez Perez, Silvia",Cook,10/28/25 5:30 AM,10/28/25 1:57 PM,8.46,0.00,0.00,8.46
Tink-a-Tako - Potranco,"Aviles, Genaro",Cook,10/28/25 5:30 AM,10/28/25 9:08 PM,15.63,0.00,0.00,15.63
Tink-a-Tako - Potranco,"Diaz, Diego",Cook,10/28/25 5:34 AM,10/28/25 2:06 PM,8.55,0.00,0.00,8.55
Tink-a-Tako - Potranco,"Dominguez, Jose ",Cook,10/28/25 5:49 AM,10/28/25 8:55 PM,15.10,0.00,0.00,15.10
Tink-a-Tako - Potranco,"Camacho, Juan ",Server,10/28/25 6:04 AM,10/28/25 9:27 PM,15.39,0.00,0.00,15.39
Tink-a-Tako - Potranco,"Torres, Daniela",Drive-Thru,10/28/25 6:10 AM,10/28/25 2:20 PM,8.15,0.00,0.00,8.15
Tink-a-Tako - Potranco,"Brito, Victor ",Regular,10/28/25 6:55 AM,10/28/25 2:35 PM,7.68,0.00,0.00,7.68
Tink-a-Tako - Potranco,"Cisneros, Isabel",Server,10/28/25 7:34 AM,10/28/25 3:18 PM,7.73,0.00,0.00,7.73
Tink-a-Tako - Potranco,"Majana, Maria",Host,10/28/25 7:57 AM,10/28/25 1:59 PM,6.04,0.00,0.00,6.04
Tink-a-Tako - Potranco,"Hernandez, Silvia",Server,10/28/25 7:57 AM,10/28/25 2:07 PM,6.18,0.00,0.00,6.18
Tink-a-Tako - Potranco,"Salinas, Zoila",Manager S.,10/28/25 8:28 AM,10/29/25 4:00 AM,19.52,0.00,0.00,19.52
Tink-a-Tako - Potranco,"Rueda, Jonathan",Busser,10/28/25 9:03 AM,10/28/25 2:06 PM,5.05,0.00,0.00,5.05
Tink-a-Tako - Potranco,"ORDONEZ, Rosie ",Shift Manager / Assistant Manager,10/28/25 1:02 PM,10/29/25 4:00 AM,14.96,0.00,0.00,14.96
Tink-a-Tako - Potranco,"Gonzalez, Maria ",Tortillero,10/28/25 1:47 PM,10/28/25 9:08 PM,7.35,0.00,0.00,7.35
Tink-a-Tako - Potranco,"Abundiz, Sergio",Server,10/28/25 1:54 PM,10/28/25 9:27 PM,7.55,0.00,0.00,7.55
Tink-a-Tako - Potranco,"Juarez, Maria ",Dishwasher,10/28/25 2:05 PM,10/28/25 9:06 PM,7.02,0.00,0.00,7.02
Tink-a-Tako - Potranco,"Reyes, Nadia ",Drive-Thru,10/28/25 2:12 PM,10/28/25 9:06 PM,6.89,0.00,0.00,6.89
