Check #,Table,Payment Type,Server,Cashier,Tip,Amount,Cash Drawer,Date,Opened Date
4,,CASH,Martina,Martina,0.00,10.82,Drive Thru Cash Drawer,8/6/25 5:58 AM,8/6/25 5:54 AM
5,,CASH,Martina,Martina,0.00,4.63,Drive Thru Cash Drawer,8/6/25 6:06 AM,8/6/25 6:04 AM
7,,CREDIT,Martina,Martina,0.00,13.96,,8/6/25 6:09 AM,8/6/25 6:08 AM
6,,CREDIT,Martina,Martina,0.00,14.03,,8/6/25 6:15 AM,8/6/25 6:10 AM
10,,CASH,Martina,Martina,0.00,12.92,Drive Thru Cash Drawer,8/6/25 6:16 AM,8/6/25 6:12 AM
12,,CASH,Martina,Martina,0.00,2.15,Drive Thru Cash Drawer,8/6/25 6:20 AM,8/6/25 6:18 AM
8,,CASH,AM,AM,0.00,9.71,Front Box Cash Drawer,8/6/25 6:21 AM,8/6/25 6:11 AM
13,,CREDIT,Martina,Martina,0.00,3.78,,8/6/25 6:22 AM,8/6/25 6:20 AM
11,,CASH,Martina,Martina,0.00,2.15,Drive Thru Cash Drawer,8/6/25 6:30 AM,8/6/25 6:28 AM
14,,CASH,Martina,Martina,0.00,11.63,Drive Thru Cash Drawer,8/6/25 6:32 AM,8/6/25 6:25 AM
16,,CASH,Martina,Martina,0.00,6.46,Drive Thru Cash Drawer,8/6/25 6:35 AM,8/6/25 6:31 AM
17,,CREDIT,Martina,Martina,0.00,6.78,,8/6/25 6:35 AM,8/6/25 6:35 AM
18,,CREDIT,Martina,Martina,0.00,4.96,,8/6/25 6:44 AM,8/6/25 6:41 AM
19,,CREDIT,Martina,Martina,0.00,10.19,,8/6/25 6:45 AM,8/6/25 6:41 AM
21,,CREDIT,Martina,Martina,0.00,14.53,,8/6/25 6:51 AM,8/6/25 6:48 AM
22,,CASH,Martina,Martina,0.00,2.96,Drive Thru Cash Drawer,8/6/25 6:52 AM,8/6/25 6:50 AM
25,,CREDIT,AM,AM,0.00,20.72,,8/6/25 6:57 AM,8/6/25 6:57 AM
26,,CREDIT,AM,AM,0.00,6.22,,8/6/25 6:58 AM,8/6/25 6:58 AM
23,,CASH,Martina,Martina,0.00,2.48,Drive Thru Cash Drawer,8/6/25 6:59 AM,8/6/25 6:57 AM
29,,CASH,Martina,Martina,0.00,4.30,Drive Thru Cash Drawer,8/6/25 7:00 AM,8/6/25 7:00 AM
30,,CASH,Martina,Martina,0.00,2.15,Drive Thru Cash Drawer,8/6/25 7:08 AM,8/6/25 7:07 AM
27,,CREDIT,Martina,Martina,5.00,14.27,,8/6/25 7:18 AM,8/6/25 7:14 AM
33,,CREDIT,Martina,Martina,0.00,2.15,,8/6/25 7:19 AM,8/6/25 7:18 AM
24,12,CASH,samantha,AM,0.00,12.60,Front Box Cash Drawer,8/6/25 7:22 AM,8/6/25 6:54 AM
34,,CREDIT,Martina,Martina,0.69,4.31,,8/6/25 7:23 AM,8/6/25 7:22 AM
38,,CASH,AM,AM,0.00,4.32,Front Box Cash Drawer,8/6/25 7:23 AM,8/6/25 7:23 AM
35,,CASH,Martina,Martina,0.00,2.15,Drive Thru Cash Drawer,8/6/25 7:25 AM,8/6/25 7:22 AM
36,,CASH,Martina,Martina,0.00,4.30,Drive Thru Cash Drawer,8/6/25 7:25 AM,8/6/25 7:23 AM
40,,CREDIT,Martina,Martina,2.00,4.31,,8/6/25 7:29 AM,8/6/25 7:27 AM
37,,CASH,Martina,Martina,0.00,9.38,Drive Thru Cash Drawer,8/6/25 7:31 AM,8/6/25 7:28 AM
41,,CASH,Martina,Martina,0.00,5.68,Drive Thru Cash Drawer,8/6/25 7:35 AM,8/6/25 7:33 AM
42,,CREDIT,Martina,Martina,1.00,5.17,,8/6/25 7:38 AM,8/6/25 7:37 AM
44,,CREDIT,Martina,Martina,0.00,4.31,,8/6/25 7:40 AM,8/6/25 7:39 AM
43,,CREDIT,Martina,Martina,0.00,5.39,,8/6/25 7:47 AM,8/6/25 7:43 AM
45,,CREDIT,Martina,Martina,0.00,5.17,,8/6/25 7:48 AM,8/6/25 7:44 AM
46,,CASH,Martina,Martina,0.00,9.17,Drive Thru Cash Drawer,8/6/25 7:49 AM,8/6/25 7:46 AM
47,,CASH,Martina,Martina,0.00,25.93,Drive Thru Cash Drawer,8/6/25 7:52 AM,8/6/25 7:52 AM
48,,CASH,AM,AM,0.00,20.19,Front Box Cash Drawer,8/6/25 7:52 AM,8/6/25 7:52 AM
50,,CREDIT,AM,AM,0.00,23.13,,8/6/25 7:53 AM,8/6/25 7:53 AM
49,,CREDIT,Martina,Martina,0.00,6.74,,8/6/25 7:55 AM,8/6/25 7:53 AM
51,,CREDIT,Martina,Martina,3.00,22.42,,8/6/25 7:58 AM,8/6/25 7:53 AM
53,,CREDIT,Martina,Martina,0.00,4.31,,8/6/25 8:05 AM,8/6/25 8:05 AM
55,,CREDIT,Martina,Martina,0.00,4.31,,8/6/25 8:09 AM,8/6/25 8:08 AM
57,,CASH,Martina,Martina,0.00,2.98,Drive Thru Cash Drawer,8/6/25 8:10 AM,8/6/25 8:08 AM
56,,CREDIT,Martina,Martina,0.00,4.30,,8/6/25 8:11 AM,8/6/25 8:09 AM
54,,CREDIT,Martina,AM,0.00,6.81,,8/6/25 8:18 AM,8/6/25 8:05 AM
58,,CASH,Martina,Martina,0.00,13.91,Drive Thru Cash Drawer,8/6/25 8:25 AM,8/6/25 8:23 AM
59,,CREDIT,Martina,Martina,0.00,21.63,,8/6/25 8:29 AM,8/6/25 8:28 AM
61,,CREDIT,Martina,Martina,0.00,2.15,,8/6/25 8:32 AM,8/6/25 8:29 AM
62,,CASH,Martina,Martina,0.00,8.15,Drive Thru Cash Drawer,8/6/25 8:32 AM,8/6/25 8:31 AM
63,,CASH,Martina,Martina,0.00,7.56,Drive Thru Cash Drawer,8/6/25 8:34 AM,8/6/25 8:31 AM
64,,CASH,Martina,Martina,0.00,16.40,Drive Thru Cash Drawer,8/6/25 8:36 AM,8/6/25 8:33 AM
65,,CASH,Martina,Martina,0.00,8.61,Drive Thru Cash Drawer,8/6/25 8:37 AM,8/6/25 8:34 AM
66,,CASH,Martina,Martina,0.00,6.90,Drive Thru Cash Drawer,8/6/25 8:39 AM,8/6/25 8:37 AM
68,,CREDIT,Martina,Martina,0.00,5.29,,8/6/25 8:41 AM,8/6/25 8:41 AM
69,,CASH,Martina,Martina,0.00,4.75,Drive Thru Cash Drawer,8/6/25 8:44 AM,8/6/25 8:42 AM
71,,CREDIT,Martina,Martina,0.00,17.58,,8/6/25 8:52 AM,8/6/25 8:50 AM
76,,CREDIT,Martina,Martina,0.00,9.70,,8/6/25 8:54 AM,8/6/25 8:54 AM
72,,CREDIT,Martina,Martina,2.00,14.55,,8/6/25 8:55 AM,8/6/25 8:50 AM
73,,CASH,Martina,Martina,0.00,4.63,Drive Thru Cash Drawer,8/6/25 8:56 AM,8/6/25 8:51 AM
78,,CREDIT,Martina,Martina,0.00,4.31,,8/6/25 8:57 AM,8/6/25 8:56 AM
82,,CREDIT,Martina,Martina,0.00,4.30,,8/6/25 9:03 AM,8/6/25 9:02 AM
83,,CREDIT,Martina,Martina,0.00,7.23,,8/6/25 9:08 AM,8/6/25 9:07 AM
84,,CASH,Martina,Martina,0.00,7.27,Drive Thru Cash Drawer,8/6/25 9:09 AM,8/6/25 9:07 AM
75,,CREDIT,Martina,Martina,5.00,55.60,,8/6/25 9:12 AM,8/6/25 8:54 AM
70,20,CREDIT,samantha,AM,5.00,29.57,,8/6/25 9:12 AM,8/6/25 8:45 AM
85,,CASH,Martina,Martina,0.00,5.88,Drive Thru Cash Drawer,8/6/25 9:14 AM,8/6/25 9:13 AM
87,,CASH,Martina,Martina,0.00,5.19,Drive Thru Cash Drawer,8/6/25 9:19 AM,8/6/25 9:17 AM
91,,CASH,AM,AM,0.00,8.09,Front Box Cash Drawer,8/6/25 9:23 AM,8/6/25 9:23 AM
92,,CASH,Martina,Martina,0.00,6.47,Drive Thru Cash Drawer,8/6/25 9:24 AM,8/6/25 9:24 AM
93,,CREDIT,Martina,Martina,1.00,10.81,,8/6/25 9:27 AM,8/6/25 9:26 AM
81,2,CREDIT,Sami,AM,4.00,17.58,,8/6/25 9:29 AM,8/6/25 9:01 AM
96,,CREDIT,Martina,Martina,0.00,4.32,,8/6/25 9:30 AM,8/6/25 9:30 AM
86,,CREDIT,Martina,Martina,0.00,6.46,,8/6/25 9:31 AM,8/6/25 9:29 AM
97,,CREDIT,Martina,Martina,0.00,3.02,,8/6/25 9:32 AM,8/6/25 9:31 AM
98,,CASH,Martina,Martina,0.00,15.02,Drive Thru Cash Drawer,8/6/25 9:34 AM,8/6/25 9:33 AM
100,,CASH,Martina,Martina,0.00,3.29,Drive Thru Cash Drawer,8/6/25 9:38 AM,8/6/25 9:37 AM
101,,CASH,Martina,Martina,0.00,18.35,Drive Thru Cash Drawer,8/6/25 9:39 AM,8/6/25 9:38 AM
95,,CASH,AM,AM,0.00,6.48,Front Box Cash Drawer,8/6/25 9:40 AM,8/6/25 9:39 AM
102,,CREDIT,Martina,Martina,1.00,12.79,,8/6/25 9:44 AM,8/6/25 9:40 AM
67,,CREDIT,Martina,Martina,0.00,6.47,,8/6/25 9:46 AM,8/6/25 8:40 AM
99,,CASH,AM,AM,0.00,15.21,Front Box Cash Drawer,8/6/25 9:46 AM,8/6/25 9:35 AM
105,,CASH,AM,AM,0.00,3.24,Front Box Cash Drawer,8/6/25 9:48 AM,8/6/25 9:48 AM
104,,CASH,Martina,Martina,0.00,2.48,Drive Thru Cash Drawer,8/6/25 9:49 AM,8/6/25 9:46 AM
107,,CREDIT,Martina,Martina,0.00,19.21,,8/6/25 9:52 AM,8/6/25 9:48 AM
108,,CASH,Martina,Martina,0.00,4.31,Drive Thru Cash Drawer,8/6/25 9:52 AM,8/6/25 9:49 AM
109,,CASH,Martina,Martina,0.00,49.42,Drive Thru Cash Drawer,8/6/25 9:53 AM,8/6/25 9:50 AM
89,5,CASH,Sami,AM,0.00,25.94,Front Box Cash Drawer,8/6/25 9:55 AM,8/6/25 9:25 AM
110,,CREDIT,Martina,Martina,0.00,2.70,,8/6/25 9:57 AM,8/6/25 9:51 AM
113,,CREDIT,Martina,Martina,5.00,58.78,,8/6/25 9:59 AM,8/6/25 9:56 AM
117,,CREDIT,Martina,Martina,0.00,6.97,,8/6/25 10:01 AM,8/6/25 9:58 AM
118,,CREDIT,Martina,Martina,4.18,25.82,,8/6/25 10:02 AM,8/6/25 9:59 AM
121,,CREDIT,Martina,Martina,0.00,8.03,,8/6/25 10:03 AM,8/6/25 10:01 AM
122,,CASH,Martina,Martina,0.00,8.04,Drive Thru Cash Drawer,8/6/25 10:05 AM,8/6/25 10:03 AM
90,18,CASH,samantha,AM,0.00,21.10,Front Box Cash Drawer,8/6/25 10:06 AM,8/6/25 9:22 AM
123,,CASH,Martina,Martina,0.00,8.62,Drive Thru Cash Drawer,8/6/25 10:08 AM,8/6/25 10:04 AM
106,13,CASH,samantha,AM,0.00,5.13,Front Box Cash Drawer,8/6/25 10:12 AM,8/6/25 9:48 AM
126,,CASH,Martina,Martina,0.00,5.72,Drive Thru Cash Drawer,8/6/25 10:13 AM,8/6/25 10:11 AM
128,,CREDIT,AM,AM,0.00,25.92,,8/6/25 10:20 AM,8/6/25 10:19 AM
129,,CREDIT,AM,AM,2.00,14.04,,8/6/25 10:21 AM,8/6/25 10:21 AM
130,,CASH,Martina,Martina,0.00,4.31,Drive Thru Cash Drawer,8/6/25 10:21 AM,8/6/25 10:21 AM
127,25,CASH,samantha,AM,0.00,2.15,Front Box Cash Drawer,8/6/25 10:23 AM,8/6/25 10:14 AM
111,15,CASH,samantha,AM,0.00,18.77,Front Box Cash Drawer,8/6/25 10:31 AM,8/6/25 9:53 AM
134,,CASH,Martina,Martina,0.00,5.94,Drive Thru Cash Drawer,8/6/25 10:31 AM,8/6/25 10:29 AM
116,20,CASH,Sami,AM,0.00,16.76,Front Box Cash Drawer,8/6/25 10:31 AM,8/6/25 10:00 AM
135,,CASH,Martina,Martina,0.00,8.03,Drive Thru Cash Drawer,8/6/25 10:37 AM,8/6/25 10:33 AM
140,,CREDIT,Martina,Martina,0.00,8.26,,8/6/25 10:38 AM,8/6/25 10:37 AM
142,,CASH,Martina,Martina,0.00,4.31,Drive Thru Cash Drawer,8/6/25 10:41 AM,8/6/25 10:40 AM
141,,CASH,Martina,Martina,0.00,22.58,Drive Thru Cash Drawer,8/6/25 10:43 AM,8/6/25 10:39 AM
143,,CREDIT,Martina,Martina,0.00,19.12,,8/6/25 10:45 AM,8/6/25 10:41 AM
144,,CASH,Martina,Martina,0.00,24.45,Drive Thru Cash Drawer,8/6/25 10:47 AM,8/6/25 10:43 AM
147,,CASH,Martina,Martina,0.00,7.55,Drive Thru Cash Drawer,8/6/25 10:51 AM,8/6/25 10:47 AM
148,,CREDIT,Martina,Martina,0.00,20.96,,8/6/25 10:52 AM,8/6/25 10:48 AM
149,,CASH,Martina,Martina,0.00,19.75,Drive Thru Cash Drawer,8/6/25 10:54 AM,8/6/25 10:51 AM
150,,CREDIT,Martina,Martina,2.00,35.59,,8/6/25 10:55 AM,8/6/25 10:52 AM
151,,CREDIT,Martina,Martina,0.00,4.30,,8/6/25 10:58 AM,8/6/25 10:55 AM
152,,CREDIT,Martina,Martina,1.00,6.21,,8/6/25 10:59 AM,8/6/25 10:56 AM
132,4,CASH,Sami,AM,0.00,23.58,Front Box Cash Drawer,8/6/25 10:59 AM,8/6/25 10:25 AM
133,9,CREDIT,samantha,AM,5.00,24.68,,8/6/25 11:00 AM,8/6/25 10:27 AM
153,,CREDIT,Martina,Martina,0.00,16.47,,8/6/25 11:00 AM,8/6/25 10:58 AM
136,25,CREDIT,samantha,AM,0.00,26.23,,8/6/25 11:04 AM,8/6/25 10:31 AM
139,3,CREDIT,Sami,AM,0.00,18.17,,8/6/25 11:04 AM,8/6/25 10:36 AM
159,,CASH,AM,AM,0.00,5.93,Front Box Cash Drawer,8/6/25 11:05 AM,8/6/25 11:05 AM
155,,CREDIT,Martina,Martina,0.00,4.85,,8/6/25 11:06 AM,8/6/25 10:59 AM
158,,CREDIT,Martina,Martina,0.00,7.02,,8/6/25 11:06 AM,8/6/25 11:05 AM
146,5,CREDIT,Sami,AM,0.00,23.34,,8/6/25 11:08 AM,8/6/25 10:47 AM
160,,CASH,Martina,Martina,0.00,4.30,Drive Thru Cash Drawer,8/6/25 11:08 AM,8/6/25 11:05 AM
161,,CASH,Martina,Martina,0.00,23.74,Drive Thru Cash Drawer,8/6/25 11:10 AM,8/6/25 11:07 AM
145,6,CREDIT,samantha,AM,0.00,15.23,,8/6/25 11:11 AM,8/6/25 10:46 AM
163,,CREDIT,Martina,Martina,0.00,15.96,,8/6/25 11:14 AM,8/6/25 11:12 AM
164,,CREDIT,Martina,Martina,0.00,11.76,,8/6/25 11:16 AM,8/6/25 11:14 AM
168,,CASH,AM,AM,0.00,6.47,Front Box Cash Drawer,8/6/25 11:22 AM,8/6/25 11:22 AM
156,4,CREDIT,Sami,AM,2.00,7.29,,8/6/25 11:26 AM,8/6/25 11:03 AM
137,,CREDIT,Martina,Martina,0.00,15.25,,8/6/25 11:30 AM,8/6/25 10:31 AM
170,,CREDIT,Martina,Martina,1.00,12.91,,8/6/25 11:32 AM,8/6/25 11:28 AM
165,,CREDIT,Martina,Martina,2.00,20.45,,8/6/25 11:33 AM,8/6/25 11:29 AM
119,2,CREDIT,Sami,AM,0.00,23.95,,8/6/25 11:34 AM,8/6/25 10:02 AM
175,,CASH,Martina,Martina,0.00,27.91,Drive Thru Cash Drawer,8/6/25 11:41 AM,8/6/25 11:38 AM
157,15,CASH,samantha,AM,0.00,16.43,Front Box Cash Drawer,8/6/25 11:44 AM,8/6/25 11:03 AM
184,,CASH,AM,AM,0.00,2.15,Front Box Cash Drawer,8/6/25 11:45 AM,8/6/25 11:45 AM
177,,CREDIT,Martina,Martina,2.00,18.22,,8/6/25 11:45 AM,8/6/25 11:41 AM
178,,CASH,Martina,Martina,0.00,19.17,Drive Thru Cash Drawer,8/6/25 11:47 AM,8/6/25 11:42 AM
173,,CASH,Martina,Martina,0.00,77.27,Drive Thru Cash Drawer,8/6/25 11:54 AM,8/6/25 11:37 AM
166,25,CASH,Sami,AM,0.00,29.68,Front Box Cash Drawer,8/6/25 11:54 AM,8/6/25 11:21 AM
171,5,CASH,samantha,AM,0.00,8.41,Front Box Cash Drawer,8/6/25 11:56 AM,8/6/25 11:30 AM
186,,CREDIT,Martina,Martina,0.00,15.07,,8/6/25 11:56 AM,8/6/25 11:51 AM
181,,CREDIT,Martina,Martina,0.00,25.94,,8/6/25 11:57 AM,8/6/25 11:43 AM
189,,CREDIT,Martina,Martina,0.00,18.39,,8/6/25 11:58 AM,8/6/25 11:57 AM
167,7,CASH,samantha,AM,0.00,13.51,Front Box Cash Drawer,8/6/25 11:59 AM,8/6/25 11:19 AM
191,,CASH,Martina,Martina,0.00,2.15,Drive Thru Cash Drawer,8/6/25 12:00 PM,8/6/25 11:57 AM
192,,CREDIT,Martina,Martina,2.00,41.27,,8/6/25 12:01 PM,8/6/25 12:00 PM
193,,CREDIT,AM,AM,0.00,7.90,,8/6/25 12:01 PM,8/6/25 12:01 PM
195,,CREDIT,Martina,Martina,0.00,16.18,,8/6/25 12:07 PM,8/6/25 12:04 PM
197,,CASH,AM,AM,0.00,31.07,Front Box Cash Drawer,8/6/25 12:07 PM,8/6/25 12:07 PM
202,,CREDIT,Martina,Martina,0.00,5.19,,8/6/25 12:19 PM,8/6/25 12:19 PM
187,,CASH,AM,AM,0.00,10.70,Front Box Cash Drawer,8/6/25 12:19 PM,8/6/25 11:50 AM
180,6,CREDIT,samantha,AM,0.00,26.92,,8/6/25 12:20 PM,8/6/25 11:42 AM
205,,CASH,AM,AM,0.00,9.93,Front Box Cash Drawer,8/6/25 12:21 PM,8/6/25 12:21 PM
204,,CREDIT,Martina,Martina,0.00,18.51,,8/6/25 12:23 PM,8/6/25 12:21 PM
203,,CREDIT,Martina,Martina,0.00,14.23,,8/6/25 12:29 PM,8/6/25 12:23 PM
182,4,CASH,Sami,AM,0.00,20.42,Front Box Cash Drawer,8/6/25 12:29 PM,8/6/25 11:44 AM
207,,CREDIT,Martina,Martina,0.00,16.20,,8/6/25 12:30 PM,8/6/25 12:24 PM
174,8,CREDIT,Sami,AM,0.00,18.80,,8/6/25 12:30 PM,8/6/25 11:37 AM
211,,CREDIT,Martina,Martina,2.00,25.96,,8/6/25 12:31 PM,8/6/25 12:29 PM
201,,CREDIT,Martina,Martina,0.00,37.85,,8/6/25 12:33 PM,8/6/25 12:18 PM
214,,CREDIT,AM,AM,0.00,22.38,,8/6/25 12:35 PM,8/6/25 12:33 PM
212,,CREDIT,AM,AM,0.00,4.31,,8/6/25 12:36 PM,8/6/25 12:30 PM
216,,CREDIT,Martina,Martina,0.00,7.99,,8/6/25 12:38 PM,8/6/25 12:36 PM
199,11,CREDIT,samantha,AM,0.00,16.01,,8/6/25 12:39 PM,8/6/25 12:11 PM
221,,CASH,Martina,Martina,0.00,13.34,Drive Thru Cash Drawer,8/6/25 12:42 PM,8/6/25 12:40 PM
223,,CASH,Martina,Martina,0.00,16.21,Drive Thru Cash Drawer,8/6/25 12:46 PM,8/6/25 12:42 PM
222,,CASH,Martina,Martina,0.00,13.36,Drive Thru Cash Drawer,8/6/25 12:51 PM,8/6/25 12:50 PM
225,,CREDIT,Martina,Martina,0.00,4.31,,8/6/25 12:52 PM,8/6/25 12:50 PM
12001,3,CASH,samantha,AM,0.00,38.99,Front Box Cash Drawer,8/6/25 12:52 PM,8/6/25 12:21 PM
226,,CASH,Martina,Martina,0.00,5.40,Drive Thru Cash Drawer,8/6/25 12:53 PM,8/6/25 12:52 PM
209,5,CASH,Sami,AM,0.00,19.21,Front Box Cash Drawer,8/6/25 12:54 PM,8/6/25 12:29 PM
218,17,CASH,samantha,AM,0.00,14.61,Front Box Cash Drawer,8/6/25 12:54 PM,8/6/25 12:36 PM
210,19,CASH,samantha,AM,0.00,10.81,Front Box Cash Drawer,8/6/25 1:03 PM,8/6/25 12:27 PM
206,7,CREDIT,samantha,AM,5.00,22.00,,8/6/25 1:09 PM,8/6/25 12:24 PM
231,22,CREDIT,samantha,AM,0.00,18.63,,8/6/25 1:14 PM,8/6/25 1:14 PM
232,22,CASH,samantha,AM,0.00,3.24,Front Box Cash Drawer,8/6/25 1:15 PM,8/6/25 1:15 PM
233,22,CREDIT,samantha,AM,2.94,14.06,,8/6/25 1:15 PM,8/6/25 1:15 PM
234,22,CREDIT,samantha,AM,2.00,16.01,,8/6/25 1:16 PM,8/6/25 1:15 PM
208,22,CREDIT,samantha,AM,5.00,13.79,,8/6/25 1:16 PM,8/6/25 12:26 PM
227,6,CASH,Sami,AM,0.00,14.30,Front Box Cash Drawer,8/6/25 1:18 PM,8/6/25 12:57 PM
228,4,CASH,samantha,AM,0.00,28.72,Front Box Cash Drawer,8/6/25 1:21 PM,8/6/25 12:53 PM
238,,CASH,AM,AM,0.00,23.38,Front Box Cash Drawer,8/6/25 1:32 PM,8/6/25 1:21 PM
245,14,CREDIT,Sami,AM,4.00,16.01,,8/6/25 1:35 PM,8/6/25 1:35 PM
246,14,CREDIT,Sami,AM,5.00,16.01,,8/6/25 1:36 PM,8/6/25 1:36 PM
242,5,CREDIT,samantha,AM,3.00,13.88,,8/6/25 1:36 PM,8/6/25 1:24 PM
247,14,CREDIT,Sami,AM,3.00,14.06,,8/6/25 1:37 PM,8/6/25 1:37 PM
248,14,CREDIT,Sami,AM,0.00,11.48,,8/6/25 1:38 PM,8/6/25 1:37 PM
200,14,CREDIT,Sami,AM,2.00,11.19,,8/6/25 1:38 PM,8/6/25 12:26 PM
249,,CREDIT,Martina,Martina,0.00,11.19,,8/6/25 1:47 PM,8/6/25 1:41 PM
251,,CREDIT,Martina,Martina,0.00,4.75,,8/6/25 1:47 PM,8/6/25 1:41 PM
254,,CASH,Martina,Martina,0.00,27.15,Drive Thru Cash Drawer,8/6/25 1:56 PM,8/6/25 1:54 PM
,,TIP_OUT,Martina,Martina,-41.87,0.00,Drive Thru Cash Drawer,8/6/25 1:58 PM,8/6/25 1:58 PM
,,CLOSE_OUT_EXACT,Martina,,0.00,0.00,Drive Thru Cash Drawer,8/6/25 1:58 PM,8/6/25 1:58 PM
243,3,CREDIT,Sami,AM,4.00,17.09,,8/6/25 1:58 PM,8/6/25 1:30 PM
256,9,CASH,Sami,AM,0.00,10.26,Front Box Cash Drawer,8/6/25 1:59 PM,8/6/25 1:59 PM
244,4,CREDIT,samantha,AM,0.00,12.44,,8/6/25 2:00 PM,8/6/25 1:33 PM
240,9,CASH,Sami,AM,0.00,5.94,Front Box Cash Drawer,8/6/25 2:01 PM,8/6/25 1:25 PM
241,25,CREDIT,samantha,AM,0.00,27.93,,8/6/25 2:05 PM,8/6/25 1:23 PM
,,TIP_OUT,Arturo,samantha,-27.94,0.00,Front Box Cash Drawer,8/6/25 2:07 PM,8/6/25 2:07 PM
,,TIP_OUT,Arturo,Sami,-24.00,0.00,Front Box Cash Drawer,8/6/25 2:09 PM,8/6/25 2:09 PM
,,TIP_OUT,AM,AM,-2.00,0.00,Front Box Cash Drawer,8/6/25 2:10 PM,8/6/25 2:10 PM
,,CLOSE_OUT_EXACT,AM,,0.00,0.00,Front Box Cash Drawer,8/6/25 2:10 PM,8/6/25 2:10 PM
250,11,CASH,Sami,PM Cashier,0.00,19.25,Front Box Cash Drawer (2),8/6/25 2:12 PM,8/6/25 1:42 PM
257,,CASH,Martina,Martina,0.00,21.35,Drive Thru Cash Drawer (2),8/6/25 2:13 PM,8/6/25 2:06 PM
259,,CREDIT,Martina,Martina,2.00,6.46,,8/6/25 2:15 PM,8/6/25 2:11 PM
260,,CASH,Martina,Martina,0.00,14.84,Drive Thru Cash Drawer (2),8/6/25 2:15 PM,8/6/25 2:12 PM
261,,CASH,Martina,Martina,0.00,20.27,Drive Thru Cash Drawer (2),8/6/25 2:18 PM,8/6/25 2:16 PM
262,,CREDIT,Martina,Martina,0.00,4.30,,8/6/25 2:24 PM,8/6/25 2:19 PM
264,,CASH,Martina,Martina,0.00,11.19,Drive Thru Cash Drawer (2),8/6/25 2:25 PM,8/6/25 2:24 PM
263,,CASH,Martina,Martina,0.00,25.82,Drive Thru Cash Drawer (2),8/6/25 2:35 PM,8/6/25 2:31 PM
267,,CASH,Martina,Martina,0.00,20.15,Drive Thru Cash Drawer (2),8/6/25 2:37 PM,8/6/25 2:37 PM
268,,CASH,Martina,Martina,0.00,16.19,Drive Thru Cash Drawer (2),8/6/25 2:39 PM,8/6/25 2:37 PM
269,,CASH,Martina,Martina,0.00,5.41,Drive Thru Cash Drawer (2),8/6/25 2:43 PM,8/6/25 2:39 PM
272,,CREDIT,AM,AM,0.00,24.21,,8/6/25 2:49 PM,8/6/25 2:48 PM
270,,CREDIT,PM Cashier,PM Cashier,0.00,18.36,,8/6/25 2:56 PM,8/6/25 2:46 PM
265,13,CREDIT,Sami,PM Cashier,0.00,37.31,,8/6/25 3:03 PM,8/6/25 2:26 PM
273,,CASH,Martina,Martina,0.00,3.24,Drive Thru Cash Drawer (2),8/6/25 3:03 PM,8/6/25 3:00 PM
275,,CASH,Martina,Martina,0.00,11.17,Drive Thru Cash Drawer (2),8/6/25 3:13 PM,8/6/25 3:12 PM
274,,CASH,Martina,Martina,0.00,11.89,Drive Thru Cash Drawer (2),8/6/25 3:22 PM,8/6/25 3:22 PM
279,,CASH,Martina,Martina,0.00,2.15,Drive Thru Cash Drawer (2),8/6/25 3:26 PM,8/6/25 3:26 PM
276,12,CREDIT,Sami,PM Cashier,5.00,39.13,,8/6/25 3:38 PM,8/6/25 3:17 PM
287,,CASH,Martina,Martina,0.00,8.65,Drive Thru Cash Drawer (2),8/6/25 4:02 PM,8/6/25 3:55 PM
285,,CASH,PM Cashier,PM Cashier,0.00,17.99,Front Box Cash Drawer (2),8/6/25 4:18 PM,8/6/25 3:49 PM
283,,CASH,PM Cashier,PM Cashier,0.00,38.89,Front Box Cash Drawer (2),8/6/25 4:22 PM,8/6/25 3:43 PM
292,,CASH,Martina,Martina,0.00,8.94,Drive Thru Cash Drawer (2),8/6/25 4:24 PM,8/6/25 4:22 PM
282,,CREDIT,PM Cashier,PM Cashier,4.00,27.90,,8/6/25 4:25 PM,8/6/25 3:42 PM
286,,CREDIT,PM Cashier,PM Cashier,0.00,31.63,,8/6/25 4:27 PM,8/6/25 3:51 PM
290,7,CASH,PM Cashier,PM Cashier,0.00,14.91,Front Box Cash Drawer (2),8/6/25 4:30 PM,8/6/25 4:01 PM
289,15,CREDIT,PM Cashier,PM Cashier,4.00,10.19,,8/6/25 4:31 PM,8/6/25 4:00 PM
288,,CREDIT,Martina,Martina,2.00,17.76,,8/6/25 4:33 PM,8/6/25 4:32 PM
294,,CREDIT,Martina,Martina,3.00,18.81,,8/6/25 4:34 PM,8/6/25 4:32 PM
296,,CASH,Martina,Martina,0.00,9.46,Drive Thru Cash Drawer (2),8/6/25 4:36 PM,8/6/25 4:36 PM
297,,CREDIT,Martina,Martina,4.00,11.90,,8/6/25 4:45 PM,8/6/25 4:44 PM
291,22,CREDIT,PM Cashier,PM Cashier,6.00,72.48,,8/6/25 4:46 PM,8/6/25 4:02 PM
298,,CREDIT,Martina,Martina,0.00,7.57,,8/6/25 4:55 PM,8/6/25 4:55 PM
301,,CREDIT,Martina,Martina,3.00,17.30,,8/6/25 5:03 PM,8/6/25 5:01 PM
299,5,CREDIT,Sami,PM Cashier,3.00,10.81,,8/6/25 5:03 PM,8/6/25 4:46 PM
293,3,CREDIT,Sami,PM Cashier,0.00,18.71,,8/6/25 5:07 PM,8/6/25 4:22 PM
304,,CREDIT,Martina,Martina,0.00,9.07,,8/6/25 5:19 PM,8/6/25 5:16 PM
306,,CREDIT,Martina,Martina,0.00,5.41,,8/6/25 5:23 PM,8/6/25 5:22 PM
307,,CASH,Martina,Martina,0.00,15.14,Drive Thru Cash Drawer (2),8/6/25 5:25 PM,8/6/25 5:23 PM
309,,CREDIT,Martina,Martina,0.00,12.92,,8/6/25 5:31 PM,8/6/25 5:28 PM
300,6,CREDIT,Sami,PM Cashier,5.00,45.36,,8/6/25 5:38 PM,8/6/25 4:55 PM
308,,CREDIT,Martina,Martina,0.00,15.13,,8/6/25 5:49 PM,8/6/25 5:47 PM
311,,CASH,Martina,Martina,0.00,4.30,Drive Thru Cash Drawer (2),8/6/25 6:03 PM,8/6/25 6:02 PM
313,,CASH,PM Cashier,PM Cashier,0.00,9.17,Front Box Cash Drawer (2),8/6/25 6:25 PM,8/6/25 6:25 PM
314,,CREDIT,Martina,Martina,0.00,11.40,,8/6/25 6:27 PM,8/6/25 6:26 PM
312,,CREDIT,Martina,Martina,0.00,8.62,,8/6/25 6:32 PM,8/6/25 6:30 PM
318,,CREDIT,PM Cashier,PM Cashier,0.00,9.50,,8/6/25 6:44 PM,8/6/25 6:44 PM
315,,CREDIT,Martina,Martina,0.00,57.60,,8/6/25 6:47 PM,8/6/25 6:43 PM
316,12,CREDIT,Sami,PM Cashier,4.00,20.20,,8/6/25 6:52 PM,8/6/25 6:36 PM
323,,CREDIT,Martina,Martina,0.00,14.06,,8/6/25 6:56 PM,8/6/25 6:50 PM
326,,CREDIT,PM Cashier,PM Cashier,0.00,30.26,,8/6/25 7:00 PM,8/6/25 7:00 PM
310,1,CREDIT,Sami,PM Cashier,7.00,68.01,,8/6/25 7:03 PM,8/6/25 5:47 PM
327,,CREDIT,PM Cashier,PM Cashier,0.00,11.89,,8/6/25 7:08 PM,8/6/25 7:08 PM
321,7,CASH,Sami,PM Cashier,0.00,8.48,Front Box Cash Drawer (2),8/6/25 7:09 PM,8/6/25 6:47 PM
331,,CREDIT,Martina,Martina,5.00,17.30,,8/6/25 7:28 PM,8/6/25 7:25 PM
333,,CASH,Martina,Martina,0.00,3.24,Drive Thru Cash Drawer (2),8/6/25 7:38 PM,8/6/25 7:37 PM
334,,CASH,PM Cashier,PM Cashier,0.00,4.31,Front Box Cash Drawer (2),8/6/25 7:43 PM,8/6/25 7:43 PM
325,5,CASH,Sami,PM Cashier,0.00,53.72,Front Box Cash Drawer (2),8/6/25 7:46 PM,8/6/25 6:58 PM
330,6,CASH,Sami,PM Cashier,0.00,24.45,Front Box Cash Drawer (2),8/6/25 7:48 PM,8/6/25 7:26 PM
,,PAY_OUT,AM,,0.00,-9.34,Front Box Cash Drawer (2),8/6/25 7:51 PM,8/6/25 7:51 PM
328,25,CREDIT,Sami,AM,3.00,41.91,,8/6/25 7:54 PM,8/6/25 7:12 PM
303,,CASH,Martina,Martina,0.00,28.78,Drive Thru Cash Drawer (2),8/6/25 7:58 PM,8/6/25 5:15 PM
,,TIP_OUT,Martina,Martina,-19.00,0.00,Drive Thru Cash Drawer (2),8/6/25 8:00 PM,8/6/25 8:00 PM
,,CLOSE_OUT_EXACT,Martina,,0.00,0.00,Drive Thru Cash Drawer (2),8/6/25 8:00 PM,8/6/25 8:00 PM
329,8,CASH,Sami,PM Cashier,0.00,14.60,Front Box Cash Drawer (2),8/6/25 8:01 PM,8/6/25 7:21 PM
,,TIP_OUT,Arturo,Sami,-27.00,0.00,Front Box Cash Drawer (2),8/6/25 8:05 PM,8/6/25 8:05 PM
,,TIP_OUT,PM Cashier,PM Cashier,-14.00,0.00,Front Box Cash Drawer (2),8/6/25 8:05 PM,8/6/25 8:05 PM
,,CLOSE_OUT_EXACT,PM Cashier,,0.00,0.00,Front Box Cash Drawer (2),8/6/25 8:05 PM,8/6/25 8:05 PM
,,TOTAL,,,0.00,3916.89,,,
