Location,Server,Check #,Table,Station,Expediter Level,Fired Date,Fulfilled Date,Fulfillment Time,Fulfilled By
2919 Blanco Rd,AM CASHIER,8,,,1,8/6/25 6:11 AM,8/6/25 6:51 AM,40 minutes,Arturo Rangel
2919 Blanco Rd,Martina Ovalle ,14,,,1,8/6/25 6:25 AM,8/6/25 6:51 AM,26 minutes and 38 seconds,Arturo Rangel
2919 Blanco Rd,AM CASHIER,25,,,1,8/6/25 6:57 AM,8/6/25 8:12 AM,"1 hour, 14 minutes and 41 seconds",Arturo Rangel
2919 Blanco Rd,AM CASHIER,26,,,1,8/6/25 6:58 AM,8/6/25 8:12 AM,"1 hour, 13 minutes and 56 seconds",Arturo Rangel
2919 Blanco Rd,samantha lopez,24,12,,1,8/6/25 6:54 AM,8/6/25 8:12 AM,"1 hour, 17 minutes and 45 seconds",Arturo Rangel
2919 Blanco Rd,AM CASHIER,48,,,1,8/6/25 7:52 AM,8/6/25 8:12 AM,19 minutes and 15 seconds,Arturo Rangel
2919 Blanco Rd,AM CASHIER,50,,,1,8/6/25 7:53 AM,8/6/25 8:12 AM,18 minutes and 9 seconds,Arturo Rangel
2919 Blanco Rd,samantha lopez,70,20,,1,8/6/25 8:45 AM,8/6/25 8:50 AM,4 minutes and 45 seconds,Arturo Rangel
2919 Blanco Rd,Martina Ovalle ,75,,,1,8/6/25 8:54 AM,8/6/25 9:03 AM,9 minutes and 12 seconds,Arturo Rangel
2919 Blanco Rd,Sami Martinez ,81,2,,1,8/6/25 9:01 AM,8/6/25 9:03 AM,2 minutes and 2 seconds,Arturo Rangel
2919 Blanco Rd,samantha lopez,90,18,,1,8/6/25 9:22 AM,8/6/25 9:28 AM,6 minutes and 27 seconds,Arturo Rangel
2919 Blanco Rd,Sami Martinez ,81,2,,1,8/6/25 9:20 AM,8/6/25 9:28 AM,8 minutes and 18 seconds,Arturo Rangel
2919 Blanco Rd,AM CASHIER,91,,,1,8/6/25 9:23 AM,8/6/25 9:28 AM,4 minutes and 42 seconds,Arturo Rangel
2919 Blanco Rd,Sami Martinez ,89,5,,1,8/6/25 9:25 AM,8/6/25 9:32 AM,7 minutes and 4 seconds,Arturo Rangel
2919 Blanco Rd,AM CASHIER,99,,,1,8/6/25 9:35 AM,8/6/25 9:36 AM,36 seconds,Arturo Rangel
2919 Blanco Rd,Sami Martinez ,89,5,,1,8/6/25 9:35 AM,8/6/25 9:36 AM,37 seconds,Arturo Rangel
2919 Blanco Rd,AM CASHIER,95,,,1,8/6/25 9:39 AM,8/6/25 9:42 AM,2 minutes and 55 seconds,Arturo Rangel
2919 Blanco Rd,samantha lopez,106,13,,1,8/6/25 9:48 AM,8/6/25 9:51 AM,3 minutes and 3 seconds,Arturo Rangel
2919 Blanco Rd,AM CASHIER,105,,,1,8/6/25 9:48 AM,8/6/25 9:51 AM,3 minutes and 18 seconds,Arturo Rangel
2919 Blanco Rd,samantha lopez,111,15,,1,8/6/25 9:53 AM,8/6/25 9:59 AM,5 minutes and 53 seconds,Arturo Rangel
2919 Blanco Rd,Sami Martinez ,116,20,,1,8/6/25 10:00 AM,8/6/25 10:17 AM,16 minutes and 45 seconds,Arturo Rangel
2919 Blanco Rd,Sami Martinez ,119,2,,1,8/6/25 10:02 AM,8/6/25 10:17 AM,14 minutes and 35 seconds,Arturo Rangel
2919 Blanco Rd,samantha lopez,127,25,,1,8/6/25 10:14 AM,8/6/25 10:17 AM,2 minutes and 31 seconds,Arturo Rangel
2919 Blanco Rd,AM CASHIER,128,,,1,8/6/25 10:19 AM,8/6/25 10:30 AM,10 minutes and 29 seconds,Arturo Rangel
2919 Blanco Rd,AM CASHIER,129,,,1,8/6/25 10:21 AM,8/6/25 10:32 AM,11 minutes and 41 seconds,Arturo Rangel
2919 Blanco Rd,Sami Martinez ,132,4,,1,8/6/25 10:25 AM,8/6/25 10:32 AM,7 minutes and 9 seconds,Arturo Rangel
2919 Blanco Rd,samantha lopez,133,9,,1,8/6/25 10:27 AM,8/6/25 10:33 AM,5 minutes and 29 seconds,Arturo Rangel
2919 Blanco Rd,samantha lopez,136,25,,1,8/6/25 10:31 AM,8/6/25 10:36 AM,5 minutes and 33 seconds,Arturo Rangel
2919 Blanco Rd,Sami Martinez ,139,3,,1,8/6/25 10:36 AM,8/6/25 10:44 AM,8 minutes and 7 seconds,Arturo Rangel
2919 Blanco Rd,samantha lopez,136,25,,1,8/6/25 10:43 AM,8/6/25 10:51 AM,8 minutes and 22 seconds,Arturo Rangel
2919 Blanco Rd,samantha lopez,145,6,,1,8/6/25 10:46 AM,8/6/25 10:51 AM,5 minutes and 7 seconds,Arturo Rangel
2919 Blanco Rd,Sami Martinez ,146,5,,1,8/6/25 10:47 AM,8/6/25 11:38 AM,50 minutes and 47 seconds,Arturo Rangel
2919 Blanco Rd,samantha lopez,157,15,,1,8/6/25 11:03 AM,8/6/25 11:38 AM,34 minutes and 50 seconds,Arturo Rangel
2919 Blanco Rd,Sami Martinez ,156,4,,1,8/6/25 11:03 AM,8/6/25 11:38 AM,35 minutes and 12 seconds,Arturo Rangel
2919 Blanco Rd,AM CASHIER,159,,,1,8/6/25 11:05 AM,8/6/25 11:38 AM,32 minutes and 25 seconds,Arturo Rangel
2919 Blanco Rd,Sami Martinez ,166,25,,1,8/6/25 11:21 AM,8/6/25 11:38 AM,16 minutes and 38 seconds,Arturo Rangel
2919 Blanco Rd,samantha lopez,167,7,,1,8/6/25 11:19 AM,8/6/25 11:38 AM,18 minutes and 56 seconds,Arturo Rangel
2919 Blanco Rd,samantha lopez,171,5,,1,8/6/25 11:30 AM,8/6/25 11:38 AM,7 minutes and 43 seconds,Arturo Rangel
2919 Blanco Rd,AM CASHIER,168,,,1,8/6/25 11:22 AM,8/6/25 11:38 AM,16 minutes and 8 seconds,Arturo Rangel
2919 Blanco Rd,Sami Martinez ,174,8,,1,8/6/25 11:37 AM,8/6/25 11:46 AM,8 minutes and 32 seconds,Arturo Rangel
2919 Blanco Rd,Martina Ovalle ,173,,,1,8/6/25 11:37 AM,8/6/25 11:52 AM,15 minutes and 13 seconds,Arturo Rangel
2919 Blanco Rd,samantha lopez,180,6,,1,8/6/25 11:42 AM,8/6/25 11:57 AM,15 minutes and 3 seconds,Arturo Rangel
2919 Blanco Rd,Sami Martinez ,182,4,,1,8/6/25 11:44 AM,8/6/25 11:57 AM,13 minutes and 23 seconds,Arturo Rangel
2919 Blanco Rd,AM CASHIER,184,,,1,8/6/25 11:45 AM,8/6/25 12:38 PM,53 minutes,Arturo Rangel
2919 Blanco Rd,AM CASHIER,187,,,1,8/6/25 11:50 AM,8/6/25 12:38 PM,47 minutes and 45 seconds,Arturo Rangel
2919 Blanco Rd,samantha lopez,199,11,,1,8/6/25 12:11 PM,8/6/25 12:38 PM,27 minutes and 20 seconds,Arturo Rangel
2919 Blanco Rd,samantha lopez,12001,3,,1,8/6/25 12:21 PM,8/6/25 12:38 PM,17 minutes and 39 seconds,Arturo Rangel
2919 Blanco Rd,AM CASHIER,197,,,1,8/6/25 12:07 PM,8/6/25 12:38 PM,30 minutes and 48 seconds,Arturo Rangel
2919 Blanco Rd,samantha lopez,206,7,,1,8/6/25 12:24 PM,8/6/25 12:39 PM,14 minutes and 48 seconds,Arturo Rangel
2919 Blanco Rd,AM CASHIER,205,,,1,8/6/25 12:21 PM,8/6/25 12:39 PM,18 minutes and 1 second,Arturo Rangel
2919 Blanco Rd,Sami Martinez ,200,14,,1,8/6/25 12:26 PM,8/6/25 12:41 PM,15 minutes and 3 seconds,Arturo Rangel
2919 Blanco Rd,samantha lopez,208,22,,1,8/6/25 12:26 PM,8/6/25 12:43 PM,17 minutes and 5 seconds,Arturo Rangel
2919 Blanco Rd,samantha lopez,210,19,,1,8/6/25 12:27 PM,8/6/25 12:43 PM,16 minutes and 2 seconds,Arturo Rangel
2919 Blanco Rd,Sami Martinez ,209,5,,1,8/6/25 12:29 PM,8/6/25 12:44 PM,14 minutes and 18 seconds,Arturo Rangel
2919 Blanco Rd,AM CASHIER,212,,,1,8/6/25 12:30 PM,8/6/25 12:44 PM,13 minutes and 10 seconds,Arturo Rangel
2919 Blanco Rd,AM CASHIER,214,,,1,8/6/25 12:33 PM,8/6/25 12:44 PM,10 minutes and 40 seconds,Arturo Rangel
2919 Blanco Rd,samantha lopez,218,17,,1,8/6/25 12:36 PM,8/6/25 12:44 PM,7 minutes and 17 seconds,Arturo Rangel
2919 Blanco Rd,Sami Martinez ,227,6,,1,8/6/25 12:57 PM,8/6/25 1:28 PM,31 minutes and 2 seconds,Arturo Rangel
2919 Blanco Rd,AM CASHIER,214,,,1,8/6/25 12:35 PM,8/6/25 1:28 PM,53 minutes and 9 seconds,Arturo Rangel
2919 Blanco Rd,AM CASHIER,238,,,1,8/6/25 1:21 PM,8/6/25 1:28 PM,7 minutes and 10 seconds,Arturo Rangel
2919 Blanco Rd,samantha lopez,228,4,,1,8/6/25 12:53 PM,8/6/25 1:28 PM,34 minutes and 19 seconds,Arturo Rangel
2919 Blanco Rd,samantha lopez,242,5,,1,8/6/25 1:24 PM,8/6/25 1:28 PM,3 minutes and 35 seconds,Arturo Rangel
2919 Blanco Rd,samantha lopez,242,5,,1,8/6/25 1:28 PM,8/6/25 1:28 PM,23 seconds,Arturo Rangel
2919 Blanco Rd,Sami Martinez ,240,9,,1,8/6/25 1:25 PM,8/6/25 2:27 PM,"1 hour, 1 minute and 45 seconds",Arturo Rangel
2919 Blanco Rd,samantha lopez,241,25,,1,8/6/25 1:23 PM,8/6/25 2:27 PM,"1 hour, 3 minutes and 38 seconds",Arturo Rangel
2919 Blanco Rd,Sami Martinez ,240,9,,1,8/6/25 1:32 PM,8/6/25 2:27 PM,54 minutes and 30 seconds,Arturo Rangel
2919 Blanco Rd,Sami Martinez ,243,3,,1,8/6/25 1:30 PM,8/6/25 2:27 PM,56 minutes and 28 seconds,Arturo Rangel
2919 Blanco Rd,Sami Martinez ,250,11,,1,8/6/25 1:42 PM,8/6/25 2:27 PM,45 minutes and 2 seconds,Arturo Rangel
2919 Blanco Rd,samantha lopez,244,4,,1,8/6/25 1:33 PM,8/6/25 2:27 PM,53 minutes and 30 seconds,Arturo Rangel
2919 Blanco Rd,Sami Martinez ,265,13,,1,8/6/25 2:57 PM,8/6/25 3:18 PM,20 minutes and 35 seconds,Arturo Rangel
2919 Blanco Rd,Sami Martinez ,265,13,,1,8/6/25 2:26 PM,8/6/25 3:18 PM,51 minutes and 40 seconds,Arturo Rangel
2919 Blanco Rd,PM Cashier C,270,,,1,8/6/25 2:46 PM,8/6/25 3:18 PM,31 minutes and 41 seconds,Arturo Rangel
2919 Blanco Rd,AM CASHIER,272,,,1,8/6/25 2:48 PM,8/6/25 3:18 PM,29 minutes and 36 seconds,Arturo Rangel
2919 Blanco Rd,PM Cashier C,285,,,1,8/6/25 3:51 PM,8/6/25 4:36 PM,44 minutes and 59 seconds,Arturo Rangel
2919 Blanco Rd,PM Cashier C,290,7,,1,8/6/25 4:01 PM,8/6/25 4:36 PM,35 minutes and 15 seconds,Arturo Rangel
2919 Blanco Rd,Sami Martinez ,293,3,,1,8/6/25 4:23 PM,8/6/25 4:36 PM,12 minutes and 50 seconds,Arturo Rangel
2919 Blanco Rd,PM Cashier C,286,,,1,8/6/25 3:51 PM,8/6/25 4:36 PM,45 minutes and 28 seconds,Arturo Rangel
2919 Blanco Rd,PM Cashier C,291,22,,1,8/6/25 4:02 PM,8/6/25 4:36 PM,34 minutes and 44 seconds,Arturo Rangel
2919 Blanco Rd,PM Cashier C,289,15,,1,8/6/25 4:00 PM,8/6/25 4:36 PM,36 minutes and 32 seconds,Arturo Rangel
2919 Blanco Rd,PM Cashier C,283,,,1,8/6/25 3:43 PM,8/6/25 4:36 PM,53 minutes and 11 seconds,Arturo Rangel
2919 Blanco Rd,Sami Martinez ,276,12,,1,8/6/25 3:17 PM,8/6/25 4:36 PM,"1 hour, 19 minutes and 23 seconds",Arturo Rangel
2919 Blanco Rd,PM Cashier C,282,,,1,8/6/25 3:42 PM,8/6/25 4:36 PM,54 minutes and 20 seconds,Arturo Rangel
2919 Blanco Rd,PM Cashier C,285,,,1,8/6/25 3:49 PM,8/6/25 4:36 PM,47 minutes and 32 seconds,Arturo Rangel
2919 Blanco Rd,Sami Martinez ,299,5,,1,8/6/25 4:46 PM,8/6/25 4:57 PM,10 minutes and 11 seconds,Arturo Rangel
2919 Blanco Rd,PM Cashier C,291,22,,1,8/6/25 4:39 PM,8/6/25 4:57 PM,17 minutes and 51 seconds,Arturo Rangel
2919 Blanco Rd,Sami Martinez ,293,3,,1,8/6/25 4:57 PM,8/6/25 5:09 PM,12 minutes and 10 seconds,Arturo Rangel
2919 Blanco Rd,Sami Martinez ,300,6,,1,8/6/25 4:55 PM,8/6/25 5:09 PM,14 minutes and 38 seconds,Arturo Rangel
2919 Blanco Rd,Sami Martinez ,310,1,,1,8/6/25 5:48 PM,8/6/25 6:32 PM,44 minutes and 10 seconds,Arturo Rangel
2919 Blanco Rd,PM Cashier C,313,,,1,8/6/25 6:25 PM,8/6/25 6:38 PM,12 minutes and 48 seconds,Arturo Rangel
2919 Blanco Rd,Sami Martinez ,316,12,,1,8/6/25 6:36 PM,8/6/25 6:42 PM,6 minutes and 19 seconds,Arturo Rangel
2919 Blanco Rd,Sami Martinez ,325,5,,1,8/6/25 6:58 PM,8/6/25 7:15 PM,17 minutes and 7 seconds,Arturo Rangel
2919 Blanco Rd,PM Cashier C,326,,,1,8/6/25 7:00 PM,8/6/25 7:15 PM,15 minutes and 45 seconds,Arturo Rangel
2919 Blanco Rd,PM Cashier C,318,,,1,8/6/25 6:44 PM,8/6/25 7:15 PM,31 minutes and 22 seconds,Arturo Rangel
2919 Blanco Rd,Sami Martinez ,310,1,,1,8/6/25 6:31 PM,8/6/25 7:16 PM,44 minutes and 42 seconds,Arturo Rangel
2919 Blanco Rd,Sami Martinez ,321,7,,1,8/6/25 6:47 PM,8/6/25 7:16 PM,28 minutes and 12 seconds,Arturo Rangel
2919 Blanco Rd,Sami Martinez ,310,1,,1,8/6/25 6:49 PM,8/6/25 7:16 PM,26 minutes and 44 seconds,Arturo Rangel
2919 Blanco Rd,PM Cashier C,327,,,1,8/6/25 7:08 PM,8/6/25 7:16 PM,7 minutes and 32 seconds,Arturo Rangel
2919 Blanco Rd,Sami Martinez ,325,5,,1,8/6/25 7:14 PM,8/6/25 7:35 PM,20 minutes and 29 seconds,Arturo Rangel
2919 Blanco Rd,Sami Martinez ,328,25,,1,8/6/25 7:12 PM,8/6/25 7:35 PM,22 minutes and 33 seconds,Arturo Rangel
2919 Blanco Rd,Sami Martinez ,328,25,,1,8/6/25 7:14 PM,8/6/25 7:35 PM,20 minutes and 12 seconds,Arturo Rangel
2919 Blanco Rd,Sami Martinez ,329,8,,1,8/6/25 7:21 PM,8/6/25 7:35 PM,14 minutes,Arturo Rangel
2919 Blanco Rd,Sami Martinez ,328,25,,1,8/6/25 7:27 PM,8/6/25 8:17 PM,50 minutes and 12 seconds,Arturo Rangel
2919 Blanco Rd,Sami Martinez ,330,6,,1,8/6/25 7:26 PM,8/6/25 8:17 PM,51 minutes and 8 seconds,Arturo Rangel
2919 Blanco Rd,PM Cashier C,334,,,1,8/6/25 7:43 PM,8/6/25 8:17 PM,33 minutes and 33 seconds,Arturo Rangel
