Location,Order #,Opened Date,Server,Table,Discount Name,Discount Reason,Comment,Discount Amount
Tink-a-Tako - Potranco,323,8/14/25 6:33 PM,Mayra Luna,17,Employee Discount - Item,Employee Discount,Mayra,0.32
Tink-a-Tako - Potranco,323,8/14/25 6:33 PM,Mayra Luna,17,Employee Discount - Item,Employee Discount,Mayra,9.50
Tink-a-Tako - Potranco,292,8/14/25 4:10 PM,Sergio Abundiz,35,Military Discount,,,1.50
Tink-a-Tako - Potranco,292,8/14/25 4:10 PM,Sergio Abundiz,35,Military Discount,,,1.60
Tink-a-Tako - Potranco,271,8/14/25 2:23 PM,Mayra Luna,,Manager Comp - Item,,,11.99
Tink-a-Tako - Potranco,257,8/14/25 1:35 PM,Esperansa Caviedes,38,Open % Item,,,2.40
Tink-a-Tako - Potranco,257,8/14/25 1:35 PM,Esperansa Caviedes,38,Open % Item,,,0.40
Tink-a-Tako - Potranco,197,8/14/25 11:38 AM,Daniela Torres,,Military Discount,,,1.52
Tink-a-Tako - Potranco,193,8/14/25 11:35 AM,Norma Vasquez,20,Open % Item,,,0.80
Tink-a-Tako - Potranco,193,8/14/25 11:35 AM,Norma Vasquez,20,Open % Item,,,1.60
Tink-a-Tako - Potranco,179,8/14/25 11:14 AM,Daniela Torres,,Military Discount,,,1.00
Tink-a-Tako - Potranco,179,8/14/25 11:14 AM,Daniela Torres,,Military Discount,,,1.00
Tink-a-Tako - Potranco,178,8/14/25 11:13 AM,Isabel Cisneros,24,Open % Item,,,1.80
Tink-a-Tako - Potranco,178,8/14/25 11:13 AM,Isabel Cisneros,24,Open % Item,,,1.60
Tink-a-Tako - Potranco,173,8/14/25 11:09 AM,Norma Vasquez,32,Open % Item,,,0.40
Tink-a-Tako - Potranco,173,8/14/25 11:09 AM,Norma Vasquez,32,Open % Item,,,1.40
Tink-a-Tako - Potranco,173,8/14/25 11:09 AM,Norma Vasquez,32,Open % Item,,,0.40
Tink-a-Tako - Potranco,101,8/14/25 9:15 AM,Ivana Abundiz,,Employee Discount - Check,Employee Discount,Meseras,43.85
Tink-a-Tako - Potranco,69,8/14/25 8:32 AM,Esperansa Caviedes,25,Open % Item,,,2.80
Tink-a-Tako - Potranco,69,8/14/25 8:32 AM,Esperansa Caviedes,25,Open % Item,,,0.43
Tink-a-Tako - Potranco,67,8/14/25 8:24 AM,Daniela Torres,,Police Discount,,,1.74
Tink-a-Tako - Potranco,67,8/14/25 8:24 AM,Daniela Torres,,Police Discount,,,1.24
Tink-a-Tako - Potranco,20,8/14/25 7:06 AM,Daniela Torres,,Police Discount,,,4.99
Tink-a-Tako - Potranco,14,8/14/25 6:55 AM,Daniela Torres,,Military Discount,,,0.20
Tink-a-Tako - Potranco,14,8/14/25 6:55 AM,Daniela Torres,,Military Discount,,,0.20
Tink-a-Tako - Potranco,6,8/14/25 6:35 AM,Daniela Torres,,Military Discount,,,0.44
Tink-a-Tako - Potranco,6,8/14/25 6:35 AM,Daniela Torres,,Military Discount,,,0.50
