,Location,Employee,Job Title,In Date,Shift Closed Date,Out Date,Hours,Cash Tips Decl.,Cash on Hand,Cash in Drawer,Non-Cash Tips,Cash Gratuity,Non-Cash Gratuity,Tips Withheld,Non-Cash Sales,Cash Sales,Total Sales,Cash Collected?,Tips Paid?,Open,Paid,Closed,Tip Share Total
800000028316362867,Tink-a-Tako - Potranco,Daniela Torres,Drive-Thru,8/14/25 6:07 AM,8/14/25 2:23 PM,8/14/25 2:26 PM,8.32,,658.20,0.00,24.90,0.00,0.00,0.00,1332.02,658.20,1990.22,yes,yes,0,0,147,0.00
800000028316381766,Tink-a-Tako - Potranco,Norma Vasquez,Server,8/14/25 6:10 AM,8/14/25 1:14 PM,8/14/25 1:15 PM,7.08,,113.23,0.00,53.00,0.00,11.52,0.00,457.16,113.23,570.39,yes,yes,0,0,29,0.00
800000028316490752,Tink-a-Tako - Potranco,Rosie  ORDONEZ,Shift Manager / Assistant Manager,8/14/25 6:26 AM,8/14/25 2:25 PM,8/14/25 2:25 PM,7.97,,0.00,0.00,0.00,0.00,0.00,0.00,0.00,0.00,0.00,yes,yes,0,0,0,0.00
800000028316741861,Tink-a-Tako - Potranco,Victor  Brito,Regular,8/14/25 6:57 AM,8/15/25 4:07 AM,8/15/25 4:00 AM,21.03,0.00,0.00,0.00,0.00,0.00,0.00,0.00,0.00,0.00,0.00,yes,yes,0,0,0,0.00
800000028317383845,Tink-a-Tako - Potranco,Esperansa Caviedes,Server,8/14/25 7:45 AM,8/14/25 2:18 PM,8/14/25 2:19 PM,6.57,,34.52,0.00,59.30,0.00,0.00,0.00,448.48,34.52,483.00,yes,yes,0,0,16,0.00
800000028317563509,Tink-a-Tako - Potranco,Isabel Cisneros,Server,8/14/25 7:56 AM,8/14/25 1:58 PM,8/14/25 7:38 PM,11.69,,134.12,0.00,25.50,0.00,0.00,0.00,198.93,134.12,333.05,yes,yes,0,0,17,0.00
800000028317575175,Tink-a-Tako - Potranco,Giselle Cisneross,Server,8/14/25 7:57 AM,8/14/25 2:01 PM,8/14/25 2:03 PM,6.10,,107.84,0.00,23.00,1.80,23.24,0.00,336.41,106.04,442.45,yes,yes,0,0,21,0.00
800000028317621709,Tink-a-Tako - Potranco,Ivana Abundiz,Host,8/14/25 8:00 AM,8/14/25 2:03 PM,8/14/25 2:05 PM,6.08,,0.00,102.19,56.69,0.00,0.00,0.00,390.25,102.19,492.44,yes,yes,0,0,19,0.00
800000028328440092,Tink-a-Tako - Potranco,Sergio Abundiz,Server,8/14/25 1:40 PM,8/14/25 9:22 PM,8/14/25 10:02 PM,8.37,,215.84,0.00,80.34,0.00,0.00,0.00,452.40,215.84,668.24,yes,yes,0,0,24,0.00
800000028329061279,Tink-a-Tako - Potranco,Juan  Camacho,Server,8/14/25 1:57 PM,8/14/25 10:03 PM,8/14/25 10:20 PM,8.38,,59.19,0.00,35.69,0.00,0.00,0.00,331.11,59.19,390.30,yes,yes,0,0,12,0.00
800000028329200948,Tink-a-Tako - Potranco,Jesus Calderon,Cook,8/14/25 2:00 PM,8/14/25 9:56 PM,8/14/25 9:56 PM,7.93,,0.00,0.00,0.00,0.00,0.00,0.00,0.00,0.00,0.00,yes,yes,0,0,0,0.00
800000028329373386,Tink-a-Tako - Potranco,Mayra Luna,Shift Manager / Assistant Manager,8/14/25 2:05 PM,8/14/25 10:05 PM,8/14/25 10:23 PM,8.29,,10.63,0.00,2.00,0.00,0.00,0.00,44.89,10.63,55.52,yes,yes,0,0,3,0.00
800000028329768589,Tink-a-Tako - Potranco,Melissa Urena,Drive-Thru,8/14/25 2:16 PM,8/14/25 10:01 PM,8/14/25 10:01 PM,7.75,,83.88,0.00,23.34,0.00,0.00,0.00,506.31,83.88,590.19,yes,yes,0,0,39,0.00
800000028333579613,Tink-a-Tako - Potranco,Jonathan Rueda,Busser,8/14/25 4:02 PM,8/14/25 9:45 PM,8/14/25 9:45 PM,5.72,,0.00,0.00,0.00,0.00,0.00,0.00,0.00,0.00,0.00,yes,yes,0,0,0,0.00
