Employee,Job Title,Regular Hours,Overtime Hours,Hourly Rate,Regular Pay,Overtime Pay,Total Pay,Net Sales,Declared Tips,Non-Cash Tips,Total Tips,Tips Withheld,Total Gratuity,Employee ID,Job Code,Location,Location Code
"CASHIER, AM",General Manager,0.0,7.3,,,,,408.01,,8.00,8.00,0.00,0.00,,,2919 Blanco Rd,
"Hernandez, Fidelia ",Cook,0.0,20.41,14.00,0.00,428.61,428.61,0.00,0.00,0.00,0.00,0.00,0.00,,,2919 Blanco Rd,
"Martinez , Sami",Server,0.0,6.27,3.00,0.00,28.22,28.22,1210.34,,123.00,123.00,0.00,21.66,,,2919 Blanco Rd,
"Melendez, Ninoska",Tortillero/a,0.0,5.78,13.00,0.00,112.71,112.71,0.00,,0.00,0.00,0.00,0.00,,,2919 Blanco Rd,
"Ovalle , Martina",Drive-Thru,0.0,6.26,,,,,2106.89,,70.59,70.59,0.00,0.00,,,2919 Blanco Rd,
"Pena , Vilma",Cook,7.34,0.68,14.00,102.76,14.28,117.04,0.00,,0.00,0.00,0.00,0.00,,,2919 Blanco Rd,
"Rivera, Dante Antonio ",Cook,0.0,6.7,,,,,0.00,,0.00,0.00,0.00,0.00,,,2919 Blanco Rd,
"Salazar, Maria ",Shift Manager / Assistant Manager,0.0,8.19,,,,,200.99,,26.87,26.87,0.00,0.00,,,2919 Blanco Rd,
"Villalobos , Veronica ",Cook,0.0,8.39,14.00,0.00,176.19,176.19,0.00,,0.00,0.00,0.00,0.00,,,2919 Blanco Rd,
