,Location,Employee,Job Title,In Date,Shift Closed Date,Out Date,Hours,Cash Tips Decl.,Cash on Hand,Cash in Drawer,Non-Cash Tips,Cash Gratuity,Non-Cash Gratuity,Tips Withheld,Non-Cash Sales,Cash Sales,Total Sales,Cash Collected?,Tips Paid?,Open,Paid,Closed,Tip Share Total
800000030950948918,2919 Blanco Rd,Fidelia  Hernandez,Cook,10/19/25 7:35 AM,10/20/25 4:08 AM,10/20/25 4:00 AM,20.41,0.00,0.00,0.00,0.00,0.00,0.00,0.00,0.00,0.00,0.00,yes,yes,0,0,0,0.00
800000030950963031,2919 Blanco Rd,Maria  Salazar,Shift Manager / Assistant Manager,10/19/25 7:36 AM,10/19/25 1:17 PM,10/19/25 3:48 PM,8.19,,0.00,0.00,26.87,0.00,0.00,0.00,217.54,0.00,217.54,yes,yes,0,0,11,0.00
800000030950984682,2919 Blanco Rd,AM CASHIER,General Manager,10/19/25 7:38 AM,10/19/25 2:56 PM,10/19/25 2:56 PM,7.30,,0.00,184.16,8.00,0.00,0.00,0.00,257.47,184.16,441.63,yes,yes,0,0,33,0.00
800000030952273919,2919 Blanco Rd,Martina Ovalle ,Drive-Thru,10/19/25 8:55 AM,10/19/25 2:56 PM,10/19/25 3:11 PM,6.26,,0.00,743.95,70.59,0.00,0.00,0.00,1536.52,743.95,2280.47,yes,yes,0,0,131,0.00
800000030952397790,2919 Blanco Rd,Sami Martinez ,Server,10/19/25 9:01 AM,10/19/25 2:55 PM,10/19/25 3:17 PM,6.27,,0.00,362.39,123.00,10.27,11.39,0.00,958.05,352.12,1310.17,yes,yes,0,0,43,0.00
