Location,Order #,Opened Date,Server,Table,Discount Name,Discount Reason,Comment,Discount Amount
Tink-a-Tako - Potranco,341,9/7/25 1:58 PM,Ivana Abundiz,,Police Discount,,,6.00
Tink-a-Tako - Potranco,341,9/7/25 1:58 PM,Ivana Abundiz,,Police Discount,,,1.74
Tink-a-Tako - Potranco,341,9/7/25 1:58 PM,Ivana Abundiz,,Police Discount,,,2.50
Tink-a-Tako - Potranco,332,9/7/25 1:45 PM,Ivana Abundiz,,Open % Check,,,6.37
Tink-a-Tako - Potranco,308,9/7/25 1:11 PM,Maria Majana,10,Military Discount,,,1.50
Tink-a-Tako - Potranco,300,9/7/25 1:07 PM,Adrianna  Navarro ,38,Open % Item,,,1.40
Tink-a-Tako - Potranco,300,9/7/25 1:07 PM,Adrianna  Navarro ,38,Open % Item,,,2.40
Tink-a-Tako - Potranco,284,9/7/25 12:53 PM,Silvia Hernandez,20,Open % Item,,,2.40
Tink-a-Tako - Potranco,284,9/7/25 12:53 PM,Silvia Hernandez,20,Open % Item,,,1.00
Tink-a-Tako - Potranco,263,9/7/25 12:35 PM,Ivana Abundiz,,Military Discount,,,0.52
Tink-a-Tako - Potranco,263,9/7/25 12:35 PM,Ivana Abundiz,,Military Discount,,,0.52
Tink-a-Tako - Potranco,263,9/7/25 12:35 PM,Ivana Abundiz,,Military Discount,,,0.55
Tink-a-Tako - Potranco,262,9/7/25 12:34 PM,Daniela Torres,,Military Discount,,,1.30
Tink-a-Tako - Potranco,210,9/7/25 11:47 AM,Ivana Abundiz,,Police Discount,,,2.90
Tink-a-Tako - Potranco,210,9/7/25 11:47 AM,Ivana Abundiz,,Police Discount,,,3.98
Tink-a-Tako - Potranco,210,9/7/25 11:47 AM,Ivana Abundiz,,Police Discount,,,0.90
Tink-a-Tako - Potranco,210,9/7/25 11:47 AM,Ivana Abundiz,,Police Discount,,,5.50
Tink-a-Tako - Potranco,131,9/7/25 10:35 AM,Daniela Torres,,Military Discount,,,0.18
Tink-a-Tako - Potranco,131,9/7/25 10:35 AM,Daniela Torres,,Military Discount,,,0.88
Tink-a-Tako - Potranco,131,9/7/25 10:35 AM,Daniela Torres,,Military Discount,,,1.44
Tink-a-Tako - Potranco,84,9/7/25 9:55 AM,Rosa Compean,19,Open % Item,,,0.40
Tink-a-Tako - Potranco,84,9/7/25 9:55 AM,Rosa Compean,19,Open % Item,,,0.40
Tink-a-Tako - Potranco,84,9/7/25 9:55 AM,Rosa Compean,19,Open % Item,,,0.40
Tink-a-Tako - Potranco,84,9/7/25 9:55 AM,Rosa Compean,19,Open % Item,,,0.28
Tink-a-Tako - Potranco,84,9/7/25 9:55 AM,Rosa Compean,19,Open % Item,,,0.40
Tink-a-Tako - Potranco,74,9/7/25 9:47 AM,Ivana Abundiz,,Open % Item,,,1.40
Tink-a-Tako - Potranco,74,9/7/25 9:47 AM,Ivana Abundiz,,Open % Item,,,1.24
Tink-a-Tako - Potranco,37,9/7/25 8:54 AM,Mayra Luna,,Manager Comp - Check,,,12.67
