Location,Server,Check #,Table,Station,Expediter Level,Fired Date,Fulfilled Date,Fulfillment Time,Fulfilled By
Tink-a-Tako - Potranco,Ivana Abundiz,3,,Lobby,,9/7/25 7:58 AM,9/7/25 8:02 AM,3 minutes and 39 seconds,Mayra Luna
Tink-a-Tako - Potranco,Ivana Abundiz,4,,Lobby,,9/7/25 7:58 AM,9/7/25 8:03 AM,4 minutes and 36 seconds,Mayra Luna
Tink-a-Tako - Potranco,Ivana Abundiz,6,,Lobby,,9/7/25 8:02 AM,9/7/25 8:03 AM,1 minute and 12 seconds,Mayra Luna
Tink-a-Tako - Potranco,Ivana Abundiz,5,,Lobby,,9/7/25 7:59 AM,9/7/25 8:07 AM,7 minutes and 31 seconds,Mayra Luna
Tink-a-Tako - Potranco,Ivana Abundiz,9,,Lobby,,9/7/25 8:06 AM,9/7/25 8:09 AM,2 minutes and 25 seconds,Mayra Luna
Tink-a-Tako - Potranco,Esperansa Caviedes,8,20,Lobby,,9/7/25 8:06 AM,9/7/25 8:12 AM,6 minutes and 9 seconds,Mayra Luna
Tink-a-Tako - Potranco,Esperansa Caviedes,8,20,Prep,,9/7/25 8:06 AM,9/7/25 8:12 AM,6 minutes and 9 seconds,Mayra Luna
Tink-a-Tako - Potranco,Esperansa Caviedes,8,20,Tortillero,,9/7/25 8:06 AM,9/7/25 8:12 AM,6 minutes and 9 seconds,Mayra Luna
Tink-a-Tako - Potranco,Ivana Abundiz,11,,Lobby,,9/7/25 8:17 AM,9/7/25 8:18 AM,1 minute and 7 seconds,Mayra Luna
Tink-a-Tako - Potranco,Ivana Abundiz,14,,Lobby,,9/7/25 8:22 AM,9/7/25 8:23 AM,59 seconds,Mayra Luna
Tink-a-Tako - Potranco,Ivana Abundiz,13,,Lobby,,9/7/25 8:21 AM,9/7/25 8:24 AM,3 minutes and 16 seconds,Mayra Luna
Tink-a-Tako - Potranco,Ivana Abundiz,15,,Lobby,,9/7/25 8:25 AM,9/7/25 8:25 AM,24 seconds,Mayra Luna
Tink-a-Tako - Potranco,Ivana Abundiz,15,,Prep,,9/7/25 8:25 AM,9/7/25 8:25 AM,24 seconds,Mayra Luna
Tink-a-Tako - Potranco,Ivana Abundiz,12,,Lobby,,9/7/25 8:20 AM,9/7/25 8:27 AM,7 minutes and 10 seconds,Mayra Luna
Tink-a-Tako - Potranco,Esperansa Caviedes,8,20,Lobby,,9/7/25 8:26 AM,9/7/25 8:29 AM,2 minutes and 32 seconds,Mayra Luna
Tink-a-Tako - Potranco,Ivana Abundiz,18,,Lobby,,9/7/25 8:31 AM,9/7/25 8:32 AM,53 seconds,Mayra Luna
Tink-a-Tako - Potranco,Esperansa Caviedes,17,35,Lobby,,9/7/25 8:29 AM,9/7/25 8:35 AM,5 minutes and 41 seconds,Mayra Luna
Tink-a-Tako - Potranco,Esperansa Caviedes,17,35,Prep,,9/7/25 8:29 AM,9/7/25 8:35 AM,5 minutes and 41 seconds,Mayra Luna
Tink-a-Tako - Potranco,Esperansa Caviedes,17,35,Tortillero,,9/7/25 8:29 AM,9/7/25 8:35 AM,5 minutes and 41 seconds,Mayra Luna
Tink-a-Tako - Potranco,Ivana Abundiz,19,,Lobby,,9/7/25 8:34 AM,9/7/25 8:37 AM,2 minutes and 32 seconds,Mayra Luna
Tink-a-Tako - Potranco,Ivana Abundiz,19,,Prep,,9/7/25 8:34 AM,9/7/25 8:37 AM,2 minutes and 32 seconds,Mayra Luna
Tink-a-Tako - Potranco,Rosa Compean,20,17,Lobby,,9/7/25 8:34 AM,9/7/25 8:37 AM,2 minutes and 50 seconds,Mayra Luna
Tink-a-Tako - Potranco,Rosa Compean,20,17,Prep,,9/7/25 8:34 AM,9/7/25 8:37 AM,2 minutes and 50 seconds,Mayra Luna
Tink-a-Tako - Potranco,Ivana Abundiz,22,,Lobby,,9/7/25 8:36 AM,9/7/25 8:39 AM,3 minutes and 18 seconds,Mayra Luna
Tink-a-Tako - Potranco,Esperansa Caviedes,8,20,,2,9/7/25 8:12 AM,9/7/25 8:42 AM,29 minutes and 41 seconds,Mayra Luna
Tink-a-Tako - Potranco,Rosa Compean,20,17,,2,9/7/25 8:37 AM,9/7/25 8:42 AM,4 minutes and 42 seconds,Mayra Luna
Tink-a-Tako - Potranco,Esperansa Caviedes,17,35,,2,9/7/25 8:35 AM,9/7/25 8:42 AM,6 minutes and 47 seconds,Mayra Luna
Tink-a-Tako - Potranco,Ivana Abundiz,21,,Lobby,,9/7/25 8:35 AM,9/7/25 8:42 AM,6 minutes and 36 seconds,Mayra Luna
Tink-a-Tako - Potranco,Ivana Abundiz,21,,Tortillero,,9/7/25 8:35 AM,9/7/25 8:42 AM,6 minutes and 36 seconds,Mayra Luna
Tink-a-Tako - Potranco,Ivana Abundiz,21,,Prep,,9/7/25 8:35 AM,9/7/25 8:42 AM,6 minutes and 36 seconds,Mayra Luna
Tink-a-Tako - Potranco,Esperansa Caviedes,8,20,,2,9/7/25 8:29 AM,9/7/25 8:42 AM,13 minutes and 6 seconds,Mayra Luna
Tink-a-Tako - Potranco,Sergio Abundiz,23,25,Lobby,,9/7/25 8:37 AM,9/7/25 8:42 AM,5 minutes and 21 seconds,Mayra Luna
Tink-a-Tako - Potranco,Maria Majana,24,10,Lobby,,9/7/25 8:40 AM,9/7/25 8:44 AM,3 minutes and 25 seconds,Mayra Luna
Tink-a-Tako - Potranco,Esperansa Caviedes,27,1,Lobby,,9/7/25 8:43 AM,9/7/25 8:44 AM,1 minute and 47 seconds,Mayra Luna
Tink-a-Tako - Potranco,Ivana Abundiz,25,,Lobby,,9/7/25 8:41 AM,9/7/25 8:45 AM,4 minutes and 10 seconds,Mayra Luna
Tink-a-Tako - Potranco,Esperansa Caviedes,27,1,Lobby,,9/7/25 8:42 AM,9/7/25 8:45 AM,3 minutes and 20 seconds,Mayra Luna
Tink-a-Tako - Potranco,Ivana Abundiz,28,,Lobby,,9/7/25 8:45 AM,9/7/25 8:46 AM,1 minute and 17 seconds,Mayra Luna
Tink-a-Tako - Potranco,Ivana Abundiz,31,,Lobby,,9/7/25 8:46 AM,9/7/25 8:48 AM,1 minute and 28 seconds,Mayra Luna
Tink-a-Tako - Potranco,Isabel Cisneros,32,,Lobby,,9/7/25 8:46 AM,9/7/25 8:48 AM,1 minute and 57 seconds,Mayra Luna
Tink-a-Tako - Potranco,Esperansa Caviedes,27,1,,2,9/7/25 8:44 AM,9/7/25 8:49 AM,4 minutes and 43 seconds,Mayra Luna
Tink-a-Tako - Potranco,Esperansa Caviedes,27,1,,2,9/7/25 8:45 AM,9/7/25 8:49 AM,3 minutes and 43 seconds,Mayra Luna
Tink-a-Tako - Potranco,Sergio Abundiz,23,25,,2,9/7/25 8:42 AM,9/7/25 8:49 AM,7 minutes and 1 second,Mayra Luna
Tink-a-Tako - Potranco,Isabel Cisneros,32,,,2,9/7/25 8:48 AM,9/7/25 8:49 AM,37 seconds,Mayra Luna
Tink-a-Tako - Potranco,Maria Majana,24,10,,2,9/7/25 8:44 AM,9/7/25 8:49 AM,5 minutes and 27 seconds,Mayra Luna
Tink-a-Tako - Potranco,Silvia Hernandez,30,24,Lobby,,9/7/25 8:48 AM,9/7/25 8:49 AM,1 minute and 16 seconds,Mayra Luna
Tink-a-Tako - Potranco,Ivana Abundiz,29,,Lobby,,9/7/25 8:50 AM,9/7/25 8:51 AM,44 seconds,Mayra Luna
Tink-a-Tako - Potranco,Ivana Abundiz,33,,Lobby,,9/7/25 8:51 AM,9/7/25 8:53 AM,2 minutes and 14 seconds,Mayra Luna
Tink-a-Tako - Potranco,Ivana Abundiz,35,,Lobby,,9/7/25 8:53 AM,9/7/25 8:54 AM,53 seconds,Mayra Luna
Tink-a-Tako - Potranco,Ivana Abundiz,35,,Prep,,9/7/25 8:53 AM,9/7/25 8:54 AM,53 seconds,Mayra Luna
Tink-a-Tako - Potranco,Ivana Abundiz,38,,Lobby,,9/7/25 8:56 AM,9/7/25 8:57 AM,1 minute and 18 seconds,Mayra Luna
Tink-a-Tako - Potranco,Mayra Luna,37,,Lobby,,9/7/25 8:55 AM,9/7/25 8:58 AM,3 minutes and 15 seconds,Mayra Luna
Tink-a-Tako - Potranco,Isabel Cisneros,36,7,Lobby,,9/7/25 8:54 AM,9/7/25 8:59 AM,5 minutes and 3 seconds,Mayra Luna
Tink-a-Tako - Potranco,Ivana Abundiz,39,,Lobby,,9/7/25 8:59 AM,9/7/25 9:03 AM,4 minutes and 49 seconds,Mayra Luna
Tink-a-Tako - Potranco,Ivana Abundiz,42,,Tortillero,,9/7/25 9:07 AM,9/7/25 9:10 AM,3 minutes and 20 seconds,Mayra Luna
Tink-a-Tako - Potranco,Ivana Abundiz,42,,Lobby,,9/7/25 9:07 AM,9/7/25 9:10 AM,3 minutes and 20 seconds,Mayra Luna
Tink-a-Tako - Potranco,Daniela Torres,41,,Lobby,,9/7/25 9:06 AM,9/7/25 9:11 AM,4 minutes and 27 seconds,Mayra Luna
Tink-a-Tako - Potranco,Daniela Torres,41,,Prep,,9/7/25 9:06 AM,9/7/25 9:11 AM,4 minutes and 27 seconds,Mayra Luna
Tink-a-Tako - Potranco,Rosa Compean,49,32,Lobby,,9/7/25 9:10 AM,9/7/25 9:13 AM,2 minutes and 15 seconds,Mayra Luna
Tink-a-Tako - Potranco,Rosa Compean,49,32,Prep,,9/7/25 9:10 AM,9/7/25 9:13 AM,2 minutes and 15 seconds,Mayra Luna
Tink-a-Tako - Potranco,Maria Majana,40,10,Prep,,9/7/25 9:08 AM,9/7/25 9:13 AM,4 minutes and 16 seconds,Mayra Luna
Tink-a-Tako - Potranco,Maria Majana,40,10,Lobby,,9/7/25 9:08 AM,9/7/25 9:13 AM,4 minutes and 16 seconds,Mayra Luna
Tink-a-Tako - Potranco,Daniela Torres,47,,Lobby,,9/7/25 9:10 AM,9/7/25 9:13 AM,3 minutes and 6 seconds,Mayra Luna
Tink-a-Tako - Potranco,Daniela Torres,47,,Prep,,9/7/25 9:10 AM,9/7/25 9:13 AM,3 minutes and 6 seconds,Mayra Luna
Tink-a-Tako - Potranco,Ivana Abundiz,50,,Lobby,,9/7/25 9:12 AM,9/7/25 9:13 AM,1 minute and 20 seconds,Mayra Luna
Tink-a-Tako - Potranco,Ivana Abundiz,50,,Prep,,9/7/25 9:12 AM,9/7/25 9:13 AM,1 minute and 20 seconds,Mayra Luna
Tink-a-Tako - Potranco,Ivana Abundiz,48,,Lobby,,9/7/25 9:10 AM,9/7/25 9:14 AM,3 minutes and 18 seconds,Mayra Luna
Tink-a-Tako - Potranco,Ivana Abundiz,44,,Lobby,,9/7/25 9:09 AM,9/7/25 9:14 AM,5 minutes and 21 seconds,Mayra Luna
Tink-a-Tako - Potranco,Ivana Abundiz,44,,Tortillero,,9/7/25 9:09 AM,9/7/25 9:14 AM,5 minutes and 21 seconds,Mayra Luna
Tink-a-Tako - Potranco,Ivana Abundiz,44,,Prep,,9/7/25 9:09 AM,9/7/25 9:14 AM,5 minutes and 21 seconds,Mayra Luna
Tink-a-Tako - Potranco,Ivana Abundiz,43,,Lobby,,9/7/25 9:09 AM,9/7/25 9:15 AM,5 minutes and 26 seconds,Mayra Luna
Tink-a-Tako - Potranco,Ivana Abundiz,44,,Lobby,,9/7/25 9:13 AM,9/7/25 9:15 AM,2 minutes and 6 seconds,Mayra Luna
Tink-a-Tako - Potranco,Rosa Compean,52,22,Lobby,,9/7/25 9:21 AM,9/7/25 9:27 AM,5 minutes and 30 seconds,Rosie  ORDONEZ
Tink-a-Tako - Potranco,Silvia Hernandez,30,24,,2,9/7/25 8:49 AM,9/7/25 9:28 AM,38 minutes and 33 seconds,Mayra Luna
Tink-a-Tako - Potranco,Maria Majana,40,10,,2,9/7/25 9:13 AM,9/7/25 9:28 AM,15 minutes and 14 seconds,Mayra Luna
Tink-a-Tako - Potranco,Mayra Luna,37,,,2,9/7/25 8:58 AM,9/7/25 9:28 AM,29 minutes and 40 seconds,Mayra Luna
Tink-a-Tako - Potranco,Isabel Cisneros,36,7,,2,9/7/25 8:59 AM,9/7/25 9:28 AM,28 minutes and 46 seconds,Mayra Luna
Tink-a-Tako - Potranco,Rosa Compean,49,32,,2,9/7/25 9:13 AM,9/7/25 9:28 AM,15 minutes and 15 seconds,Mayra Luna
Tink-a-Tako - Potranco,Rosa Compean,52,22,,2,9/7/25 9:27 AM,9/7/25 9:28 AM,1 minute and 13 seconds,Mayra Luna
Tink-a-Tako - Potranco,Daniela Torres,47,,,2,9/7/25 9:13 AM,9/7/25 9:28 AM,14 minutes and 51 seconds,Mayra Luna
Tink-a-Tako - Potranco,Esperansa Caviedes,12001,25,Lobby,,9/7/25 9:24 AM,9/7/25 9:29 AM,4 minutes and 52 seconds,Rosie  ORDONEZ
Tink-a-Tako - Potranco,Isabel Cisneros,53,23,Lobby,,9/7/25 9:22 AM,9/7/25 9:29 AM,6 minutes and 36 seconds,Rosie  ORDONEZ
Tink-a-Tako - Potranco,Isabel Cisneros,53,23,Prep,,9/7/25 9:22 AM,9/7/25 9:29 AM,6 minutes and 36 seconds,Rosie  ORDONEZ
Tink-a-Tako - Potranco,Isabel Cisneros,53,23,Tortillero,,9/7/25 9:22 AM,9/7/25 9:29 AM,6 minutes and 36 seconds,Rosie  ORDONEZ
Tink-a-Tako - Potranco,Ivana Abundiz,56,,Lobby,,9/7/25 9:28 AM,9/7/25 9:32 AM,3 minutes and 38 seconds,Mayra Luna
Tink-a-Tako - Potranco,Maria Majana,54,35,Lobby,,9/7/25 9:25 AM,9/7/25 9:32 AM,6 minutes and 57 seconds,Rosie  ORDONEZ
Tink-a-Tako - Potranco,Maria Majana,54,35,,2,9/7/25 9:32 AM,9/7/25 9:32 AM,18 seconds,Mayra Luna
Tink-a-Tako - Potranco,Sergio Abundiz,60,33,Lobby,,9/7/25 9:31 AM,9/7/25 9:34 AM,2 minutes and 15 seconds,Rosie  ORDONEZ
Tink-a-Tako - Potranco,Sergio Abundiz,57,39,Prep,,9/7/25 9:29 AM,9/7/25 9:34 AM,4 minutes and 52 seconds,Rosie  ORDONEZ
Tink-a-Tako - Potranco,Sergio Abundiz,57,39,Lobby,,9/7/25 9:29 AM,9/7/25 9:34 AM,4 minutes and 52 seconds,Rosie  ORDONEZ
Tink-a-Tako - Potranco,Ivana Abundiz,58,,Lobby,,9/7/25 9:29 AM,9/7/25 9:34 AM,4 minutes and 58 seconds,Mayra Luna
Tink-a-Tako - Potranco,Ivana Abundiz,58,,Prep,,9/7/25 9:29 AM,9/7/25 9:34 AM,4 minutes and 58 seconds,Mayra Luna
Tink-a-Tako - Potranco,Ivana Abundiz,59,,Lobby,,9/7/25 9:33 AM,9/7/25 9:36 AM,2 minutes and 51 seconds,Mayra Luna
Tink-a-Tako - Potranco,Ivana Abundiz,62,,Lobby,,9/7/25 9:34 AM,9/7/25 9:38 AM,4 minutes and 1 second,Mayra Luna
Tink-a-Tako - Potranco,Ivana Abundiz,62,,Prep,,9/7/25 9:34 AM,9/7/25 9:38 AM,4 minutes and 1 second,Mayra Luna
Tink-a-Tako - Potranco,Ivana Abundiz,64,,Lobby,,9/7/25 9:34 AM,9/7/25 9:38 AM,4 minutes,Mayra Luna
Tink-a-Tako - Potranco,Ivana Abundiz,64,,Prep,,9/7/25 9:34 AM,9/7/25 9:38 AM,4 minutes,Mayra Luna
Tink-a-Tako - Potranco,Esperansa Caviedes,12001,25,,2,9/7/25 9:29 AM,9/7/25 9:39 AM,10 minutes and 13 seconds,Mayra Luna
Tink-a-Tako - Potranco,Sergio Abundiz,57,39,,2,9/7/25 9:34 AM,9/7/25 9:39 AM,5 minutes and 13 seconds,Mayra Luna
Tink-a-Tako - Potranco,Isabel Cisneros,53,23,,2,9/7/25 9:29 AM,9/7/25 9:39 AM,10 minutes and 9 seconds,Mayra Luna
Tink-a-Tako - Potranco,Sergio Abundiz,60,33,,2,9/7/25 9:34 AM,9/7/25 9:39 AM,5 minutes and 14 seconds,Mayra Luna
Tink-a-Tako - Potranco,Ivana Abundiz,66,,Lobby,,9/7/25 9:37 AM,9/7/25 9:40 AM,3 minutes and 2 seconds,Mayra Luna
Tink-a-Tako - Potranco,Ivana Abundiz,68,,Lobby,,9/7/25 9:39 AM,9/7/25 9:41 AM,1 minute and 58 seconds,Mayra Luna
Tink-a-Tako - Potranco,Silvia Hernandez,63,42,Lobby,,9/7/25 9:35 AM,9/7/25 9:42 AM,7 minutes and 17 seconds,Rosie  ORDONEZ
Tink-a-Tako - Potranco,Silvia Hernandez,63,42,Prep,,9/7/25 9:35 AM,9/7/25 9:42 AM,7 minutes and 17 seconds,Rosie  ORDONEZ
Tink-a-Tako - Potranco,Silvia Hernandez,63,42,Tortillero,,9/7/25 9:35 AM,9/7/25 9:42 AM,7 minutes and 17 seconds,Rosie  ORDONEZ
Tink-a-Tako - Potranco,Ivana Abundiz,65,,Tortillero,,9/7/25 9:35 AM,9/7/25 9:43 AM,7 minutes and 56 seconds,Mayra Luna
Tink-a-Tako - Potranco,Ivana Abundiz,65,,Lobby,,9/7/25 9:35 AM,9/7/25 9:43 AM,7 minutes and 56 seconds,Mayra Luna
Tink-a-Tako - Potranco,Ivana Abundiz,65,,Prep,,9/7/25 9:35 AM,9/7/25 9:43 AM,7 minutes and 56 seconds,Mayra Luna
Tink-a-Tako - Potranco,Silvia Hernandez,67,24,Lobby,,9/7/25 9:36 AM,9/7/25 9:43 AM,7 minutes and 15 seconds,Rosie  ORDONEZ
Tink-a-Tako - Potranco,Silvia Hernandez,67,24,Prep,,9/7/25 9:36 AM,9/7/25 9:43 AM,7 minutes and 15 seconds,Rosie  ORDONEZ
Tink-a-Tako - Potranco,Silvia Hernandez,67,24,Tortillero,,9/7/25 9:36 AM,9/7/25 9:43 AM,7 minutes and 15 seconds,Rosie  ORDONEZ
Tink-a-Tako - Potranco,Isabel Cisneros,69,18,Lobby,,9/7/25 9:42 AM,9/7/25 9:44 AM,1 minute and 37 seconds,Rosie  ORDONEZ
Tink-a-Tako - Potranco,Isabel Cisneros,69,18,Prep,,9/7/25 9:42 AM,9/7/25 9:44 AM,1 minute and 37 seconds,Rosie  ORDONEZ
Tink-a-Tako - Potranco,Isabel Cisneros,69,18,Tortillero,,9/7/25 9:42 AM,9/7/25 9:44 AM,1 minute and 37 seconds,Rosie  ORDONEZ
Tink-a-Tako - Potranco,Ivana Abundiz,70,,Lobby,,9/7/25 9:43 AM,9/7/25 9:45 AM,1 minute and 43 seconds,Mayra Luna
Tink-a-Tako - Potranco,Ivana Abundiz,70,,Prep,,9/7/25 9:43 AM,9/7/25 9:45 AM,1 minute and 43 seconds,Mayra Luna
Tink-a-Tako - Potranco,Ivana Abundiz,71,,Lobby,,9/7/25 9:44 AM,9/7/25 9:46 AM,1 minute and 53 seconds,Mayra Luna
Tink-a-Tako - Potranco,Ivana Abundiz,71,,Prep,,9/7/25 9:44 AM,9/7/25 9:46 AM,1 minute and 53 seconds,Mayra Luna
Tink-a-Tako - Potranco,Ivana Abundiz,72,,Lobby,,9/7/25 9:45 AM,9/7/25 9:47 AM,2 minutes and 10 seconds,Mayra Luna
Tink-a-Tako - Potranco,Ivana Abundiz,72,,Prep,,9/7/25 9:45 AM,9/7/25 9:47 AM,2 minutes and 10 seconds,Mayra Luna
Tink-a-Tako - Potranco,Ivana Abundiz,73,,Lobby,,9/7/25 9:47 AM,9/7/25 9:48 AM,1 minute and 41 seconds,Mayra Luna
Tink-a-Tako - Potranco,Ivana Abundiz,74,,Lobby,,9/7/25 9:48 AM,9/7/25 9:50 AM,2 minutes and 52 seconds,Mayra Luna
Tink-a-Tako - Potranco,Ivana Abundiz,74,,Prep,,9/7/25 9:48 AM,9/7/25 9:50 AM,2 minutes and 52 seconds,Mayra Luna
Tink-a-Tako - Potranco,Ivana Abundiz,75,,Lobby,,9/7/25 9:50 AM,9/7/25 9:53 AM,3 minutes and 15 seconds,Mayra Luna
Tink-a-Tako - Potranco,Ivana Abundiz,76,,Lobby,,9/7/25 9:51 AM,9/7/25 9:55 AM,4 minutes and 36 seconds,Mayra Luna
Tink-a-Tako - Potranco,Ivana Abundiz,76,,Prep,,9/7/25 9:51 AM,9/7/25 9:55 AM,4 minutes and 36 seconds,Mayra Luna
Tink-a-Tako - Potranco,Isabel Cisneros,81,,Lobby,,9/7/25 9:53 AM,9/7/25 9:56 AM,2 minutes and 50 seconds,Mayra Luna
Tink-a-Tako - Potranco,Ivana Abundiz,78,,Lobby,,9/7/25 9:53 AM,9/7/25 9:57 AM,4 minutes and 31 seconds,Mayra Luna
Tink-a-Tako - Potranco,Ivana Abundiz,83,,Lobby,,9/7/25 9:55 AM,9/7/25 9:58 AM,2 minutes and 33 seconds,Mayra Luna
Tink-a-Tako - Potranco,Isabel Cisneros,69,18,,2,9/7/25 9:44 AM,9/7/25 9:59 AM,15 minutes and 25 seconds,Mayra Luna
Tink-a-Tako - Potranco,Silvia Hernandez,67,24,,2,9/7/25 9:43 AM,9/7/25 9:59 AM,16 minutes and 7 seconds,Mayra Luna
Tink-a-Tako - Potranco,Isabel Cisneros,81,,,2,9/7/25 9:56 AM,9/7/25 9:59 AM,3 minutes and 9 seconds,Mayra Luna
Tink-a-Tako - Potranco,Silvia Hernandez,63,42,,2,9/7/25 9:42 AM,9/7/25 9:59 AM,17 minutes and 7 seconds,Mayra Luna
Tink-a-Tako - Potranco,Ivana Abundiz,85,,Lobby,,9/7/25 9:57 AM,9/7/25 10:00 AM,2 minutes and 41 seconds,Mayra Luna
Tink-a-Tako - Potranco,Ivana Abundiz,86,,Lobby,,9/7/25 9:58 AM,9/7/25 10:00 AM,2 minutes and 44 seconds,Mayra Luna
Tink-a-Tako - Potranco,Ivana Abundiz,76,,Lobby,,9/7/25 9:58 AM,9/7/25 10:01 AM,2 minutes and 34 seconds,Mayra Luna
Tink-a-Tako - Potranco,Ivana Abundiz,76,,Prep,,9/7/25 9:58 AM,9/7/25 10:01 AM,2 minutes and 34 seconds,Mayra Luna
Tink-a-Tako - Potranco,Rosa Compean,84,19,Lobby,,9/7/25 9:56 AM,9/7/25 10:01 AM,4 minutes and 23 seconds,Rosie  ORDONEZ
Tink-a-Tako - Potranco,Sergio Abundiz,87,9,Lobby,,9/7/25 9:59 AM,9/7/25 10:02 AM,2 minutes and 10 seconds,Rosie  ORDONEZ
Tink-a-Tako - Potranco,Esperansa Caviedes,77,37,Lobby,,9/7/25 9:58 AM,9/7/25 10:04 AM,5 minutes and 47 seconds,Rosie  ORDONEZ
Tink-a-Tako - Potranco,Esperansa Caviedes,77,37,Prep,,9/7/25 9:58 AM,9/7/25 10:04 AM,5 minutes and 47 seconds,Rosie  ORDONEZ
Tink-a-Tako - Potranco,Rosa Compean,84,19,,2,9/7/25 10:01 AM,9/7/25 10:05 AM,4 minutes and 25 seconds,Mayra Luna
Tink-a-Tako - Potranco,Esperansa Caviedes,77,37,,2,9/7/25 10:04 AM,9/7/25 10:05 AM,1 minute and 33 seconds,Mayra Luna
Tink-a-Tako - Potranco,Sergio Abundiz,87,9,,2,9/7/25 10:02 AM,9/7/25 10:05 AM,3 minutes and 33 seconds,Mayra Luna
Tink-a-Tako - Potranco,Ivana Abundiz,88,,Lobby,,9/7/25 10:01 AM,9/7/25 10:06 AM,5 minutes and 3 seconds,Mayra Luna
Tink-a-Tako - Potranco,Isabel Cisneros,90,34,Lobby,,9/7/25 10:02 AM,9/7/25 10:06 AM,3 minutes and 18 seconds,Rosie  ORDONEZ
Tink-a-Tako - Potranco,Silvia Hernandez,92,10,Tortillero,,9/7/25 10:04 AM,9/7/25 10:07 AM,3 minutes and 6 seconds,Rosie  ORDONEZ
Tink-a-Tako - Potranco,Silvia Hernandez,92,10,Lobby,,9/7/25 10:04 AM,9/7/25 10:07 AM,3 minutes and 6 seconds,Rosie  ORDONEZ
Tink-a-Tako - Potranco,Silvia Hernandez,92,10,,2,9/7/25 10:07 AM,9/7/25 10:08 AM,56 seconds,Mayra Luna
Tink-a-Tako - Potranco,Isabel Cisneros,90,34,,2,9/7/25 10:06 AM,9/7/25 10:08 AM,1 minute and 55 seconds,Mayra Luna
Tink-a-Tako - Potranco,Adrianna  Navarro ,91,38,Lobby,,9/7/25 10:05 AM,9/7/25 10:08 AM,3 minutes and 24 seconds,Rosie  ORDONEZ
Tink-a-Tako - Potranco,Esperansa Caviedes,94,25,Lobby,,9/7/25 10:06 AM,9/7/25 10:09 AM,2 minutes and 49 seconds,Rosie  ORDONEZ
Tink-a-Tako - Potranco,Ivana Abundiz,89,,Lobby,,9/7/25 10:06 AM,9/7/25 10:10 AM,4 minutes and 25 seconds,Mayra Luna
Tink-a-Tako - Potranco,Ivana Abundiz,89,,Prep,,9/7/25 10:06 AM,9/7/25 10:10 AM,4 minutes and 25 seconds,Mayra Luna
Tink-a-Tako - Potranco,Ivana Abundiz,96,,Lobby,,9/7/25 10:08 AM,9/7/25 10:11 AM,2 minutes and 49 seconds,Mayra Luna
Tink-a-Tako - Potranco,Adrianna  Navarro ,91,38,Lobby,,9/7/25 10:12 AM,9/7/25 10:12 AM,23 seconds,Rosie  ORDONEZ
Tink-a-Tako - Potranco,Ivana Abundiz,97,,Lobby,,9/7/25 10:12 AM,9/7/25 10:13 AM,59 seconds,Mayra Luna
Tink-a-Tako - Potranco,Maria Majana,79,7,Lobby,,9/7/25 10:09 AM,9/7/25 10:13 AM,4 minutes and 11 seconds,Rosie  ORDONEZ
Tink-a-Tako - Potranco,Ivana Abundiz,102,,Lobby,,9/7/25 10:12 AM,9/7/25 10:14 AM,1 minute and 10 seconds,Mayra Luna
Tink-a-Tako - Potranco,Ivana Abundiz,103,,Lobby,,9/7/25 10:13 AM,9/7/25 10:15 AM,1 minute and 19 seconds,Mayra Luna
Tink-a-Tako - Potranco,Maria Majana,99,11,Lobby,,9/7/25 10:13 AM,9/7/25 10:15 AM,1 minute and 57 seconds,Rosie  ORDONEZ
Tink-a-Tako - Potranco,Ivana Abundiz,105,,Lobby,,9/7/25 10:15 AM,9/7/25 10:16 AM,55 seconds,Mayra Luna
Tink-a-Tako - Potranco,Sergio Abundiz,104,22,Prep,,9/7/25 10:14 AM,9/7/25 10:17 AM,2 minutes and 55 seconds,Rosie  ORDONEZ
Tink-a-Tako - Potranco,Sergio Abundiz,104,22,Tortillero,,9/7/25 10:14 AM,9/7/25 10:17 AM,2 minutes and 55 seconds,Rosie  ORDONEZ
Tink-a-Tako - Potranco,Sergio Abundiz,104,22,Lobby,,9/7/25 10:14 AM,9/7/25 10:17 AM,2 minutes and 55 seconds,Rosie  ORDONEZ
Tink-a-Tako - Potranco,Isabel Cisneros,108,1,Lobby,,9/7/25 10:15 AM,9/7/25 10:17 AM,1 minute and 32 seconds,Rosie  ORDONEZ
Tink-a-Tako - Potranco,Silvia Hernandez,100,32,Lobby,,9/7/25 10:16 AM,9/7/25 10:17 AM,39 seconds,Rosie  ORDONEZ
Tink-a-Tako - Potranco,Ivana Abundiz,109,,Lobby,,9/7/25 10:16 AM,9/7/25 10:17 AM,1 minute and 4 seconds,Mayra Luna
Tink-a-Tako - Potranco,Maria Majana,99,11,,2,9/7/25 10:15 AM,9/7/25 10:17 AM,2 minutes and 28 seconds,Mayra Luna
Tink-a-Tako - Potranco,Maria Majana,79,7,,2,9/7/25 10:13 AM,9/7/25 10:17 AM,4 minutes and 12 seconds,Mayra Luna
Tink-a-Tako - Potranco,Esperansa Caviedes,106,12,Lobby,,9/7/25 10:16 AM,9/7/25 10:18 AM,2 minutes and 2 seconds,Rosie  ORDONEZ
Tink-a-Tako - Potranco,Esperansa Caviedes,106,12,Prep,,9/7/25 10:16 AM,9/7/25 10:18 AM,2 minutes and 2 seconds,Rosie  ORDONEZ
Tink-a-Tako - Potranco,Ivana Abundiz,110,,Lobby,,9/7/25 10:18 AM,9/7/25 10:19 AM,44 seconds,Mayra Luna
Tink-a-Tako - Potranco,Rosa Compean,101,23,Lobby,,9/7/25 10:16 AM,9/7/25 10:21 AM,4 minutes and 37 seconds,Rosie  ORDONEZ
Tink-a-Tako - Potranco,Rosa Compean,101,23,Prep,,9/7/25 10:16 AM,9/7/25 10:21 AM,4 minutes and 37 seconds,Rosie  ORDONEZ
Tink-a-Tako - Potranco,Rosa Compean,101,23,Tortillero,,9/7/25 10:16 AM,9/7/25 10:21 AM,4 minutes and 37 seconds,Rosie  ORDONEZ
Tink-a-Tako - Potranco,Ivana Abundiz,105,,Lobby,,9/7/25 10:20 AM,9/7/25 10:21 AM,1 minute and 26 seconds,Mayra Luna
Tink-a-Tako - Potranco,Adrianna  Navarro ,107,17,Lobby,,9/7/25 10:16 AM,9/7/25 10:21 AM,4 minutes and 52 seconds,Rosie  ORDONEZ
Tink-a-Tako - Potranco,Adrianna  Navarro ,107,17,Prep,,9/7/25 10:16 AM,9/7/25 10:21 AM,4 minutes and 52 seconds,Rosie  ORDONEZ
Tink-a-Tako - Potranco,Adrianna  Navarro ,107,17,Tortillero,,9/7/25 10:16 AM,9/7/25 10:21 AM,4 minutes and 52 seconds,Rosie  ORDONEZ
Tink-a-Tako - Potranco,Rosa Compean,111,24,Lobby,,9/7/25 10:18 AM,9/7/25 10:21 AM,3 minutes and 29 seconds,Rosie  ORDONEZ
Tink-a-Tako - Potranco,Adrianna  Navarro ,117,16,Lobby,,9/7/25 10:22 AM,9/7/25 10:23 AM,1 minute and 3 seconds,Rosie  ORDONEZ
Tink-a-Tako - Potranco,Ivana Abundiz,114,,Lobby,,9/7/25 10:22 AM,9/7/25 10:24 AM,2 minutes and 9 seconds,Mayra Luna
Tink-a-Tako - Potranco,Ivana Abundiz,114,,Prep,,9/7/25 10:22 AM,9/7/25 10:24 AM,2 minutes and 9 seconds,Mayra Luna
Tink-a-Tako - Potranco,Maria Majana,113,20,Prep,,9/7/25 10:22 AM,9/7/25 10:24 AM,2 minutes and 47 seconds,Rosie  ORDONEZ
Tink-a-Tako - Potranco,Maria Majana,113,20,Lobby,,9/7/25 10:22 AM,9/7/25 10:24 AM,2 minutes and 47 seconds,Rosie  ORDONEZ
Tink-a-Tako - Potranco,Ivana Abundiz,109,,Lobby,,9/7/25 10:22 AM,9/7/25 10:25 AM,3 minutes and 13 seconds,Mayra Luna
Tink-a-Tako - Potranco,Rosa Compean,111,24,,2,9/7/25 10:21 AM,9/7/25 10:26 AM,4 minutes and 11 seconds,Mayra Luna
Tink-a-Tako - Potranco,Silvia Hernandez,100,32,,2,9/7/25 10:17 AM,9/7/25 10:26 AM,8 minutes and 57 seconds,Mayra Luna
Tink-a-Tako - Potranco,Maria Majana,113,20,,2,9/7/25 10:24 AM,9/7/25 10:26 AM,1 minute and 15 seconds,Mayra Luna
Tink-a-Tako - Potranco,Adrianna  Navarro ,117,16,,2,9/7/25 10:23 AM,9/7/25 10:26 AM,2 minutes and 11 seconds,Mayra Luna
Tink-a-Tako - Potranco,Sergio Abundiz,104,22,,2,9/7/25 10:17 AM,9/7/25 10:26 AM,9 minutes and 7 seconds,Mayra Luna
Tink-a-Tako - Potranco,Adrianna  Navarro ,107,17,,2,9/7/25 10:21 AM,9/7/25 10:26 AM,4 minutes and 16 seconds,Mayra Luna
Tink-a-Tako - Potranco,Adrianna  Navarro ,91,38,,2,9/7/25 10:12 AM,9/7/25 10:26 AM,13 minutes and 17 seconds,Mayra Luna
Tink-a-Tako - Potranco,Esperansa Caviedes,106,12,,2,9/7/25 10:18 AM,9/7/25 10:26 AM,7 minutes and 36 seconds,Mayra Luna
Tink-a-Tako - Potranco,Esperansa Caviedes,94,25,,2,9/7/25 10:09 AM,9/7/25 10:26 AM,16 minutes and 22 seconds,Mayra Luna
Tink-a-Tako - Potranco,Isabel Cisneros,108,1,,2,9/7/25 10:17 AM,9/7/25 10:26 AM,9 minutes and 5 seconds,Mayra Luna
Tink-a-Tako - Potranco,Adrianna  Navarro ,91,38,,2,9/7/25 10:08 AM,9/7/25 10:26 AM,17 minutes and 26 seconds,Mayra Luna
Tink-a-Tako - Potranco,Rosa Compean,101,23,,2,9/7/25 10:21 AM,9/7/25 10:26 AM,5 minutes and 11 seconds,Mayra Luna
Tink-a-Tako - Potranco,Silvia Hernandez,119,33,Lobby,,9/7/25 10:24 AM,9/7/25 10:26 AM,1 minute and 33 seconds,Rosie  ORDONEZ
Tink-a-Tako - Potranco,Daniela Torres,115,,Lobby,,9/7/25 10:22 AM,9/7/25 10:26 AM,4 minutes and 17 seconds,Mayra Luna
Tink-a-Tako - Potranco,Rosa Compean,123,41,Lobby,,9/7/25 10:27 AM,9/7/25 10:28 AM,1 minute and 29 seconds,Rosie  ORDONEZ
Tink-a-Tako - Potranco,Rosa Compean,123,41,Prep,,9/7/25 10:27 AM,9/7/25 10:28 AM,1 minute and 29 seconds,Rosie  ORDONEZ
Tink-a-Tako - Potranco,Isabel Cisneros,120,26,Lobby,,9/7/25 10:24 AM,9/7/25 10:29 AM,4 minutes and 9 seconds,Rosie  ORDONEZ
Tink-a-Tako - Potranco,Ivana Abundiz,116,,Lobby,,9/7/25 10:23 AM,9/7/25 10:29 AM,6 minutes and 14 seconds,Mayra Luna
Tink-a-Tako - Potranco,Ivana Abundiz,116,,Prep,,9/7/25 10:23 AM,9/7/25 10:29 AM,6 minutes and 14 seconds,Mayra Luna
Tink-a-Tako - Potranco,Silvia Hernandez,119,33,Lobby,,9/7/25 10:29 AM,9/7/25 10:29 AM,22 seconds,Rosie  ORDONEZ
Tink-a-Tako - Potranco,Daniela Torres,124,,Lobby,,9/7/25 10:28 AM,9/7/25 10:29 AM,1 minute and 44 seconds,Mayra Luna
Tink-a-Tako - Potranco,Daniela Torres,125,,Lobby,,9/7/25 10:27 AM,9/7/25 10:30 AM,2 minutes and 29 seconds,Mayra Luna
Tink-a-Tako - Potranco,Daniela Torres,125,,Prep,,9/7/25 10:27 AM,9/7/25 10:30 AM,2 minutes and 29 seconds,Mayra Luna
Tink-a-Tako - Potranco,Ivana Abundiz,121,,Lobby,,9/7/25 10:27 AM,9/7/25 10:30 AM,2 minutes and 57 seconds,Mayra Luna
Tink-a-Tako - Potranco,Ivana Abundiz,118,,Lobby,,9/7/25 10:24 AM,9/7/25 10:31 AM,7 minutes and 1 second,Mayra Luna
Tink-a-Tako - Potranco,Ivana Abundiz,118,,Prep,,9/7/25 10:24 AM,9/7/25 10:31 AM,7 minutes and 1 second,Mayra Luna
Tink-a-Tako - Potranco,Ivana Abundiz,128,,Lobby,,9/7/25 10:32 AM,9/7/25 10:33 AM,1 minute and 12 seconds,Mayra Luna
Tink-a-Tako - Potranco,Ivana Abundiz,128,,Prep,,9/7/25 10:32 AM,9/7/25 10:33 AM,1 minute and 12 seconds,Mayra Luna
Tink-a-Tako - Potranco,Rosa Compean,127,15,Lobby,,9/7/25 10:31 AM,9/7/25 10:33 AM,1 minute and 53 seconds,Rosie  ORDONEZ
Tink-a-Tako - Potranco,Esperansa Caviedes,106,12,Lobby,,9/7/25 10:34 AM,9/7/25 10:34 AM,21 seconds,Rosie  ORDONEZ
Tink-a-Tako - Potranco,Sergio Abundiz,126,31,Prep,,9/7/25 10:31 AM,9/7/25 10:35 AM,4 minutes and 4 seconds,Rosie  ORDONEZ
Tink-a-Tako - Potranco,Sergio Abundiz,126,31,Tortillero,,9/7/25 10:31 AM,9/7/25 10:35 AM,4 minutes and 4 seconds,Rosie  ORDONEZ
Tink-a-Tako - Potranco,Sergio Abundiz,126,31,Lobby,,9/7/25 10:31 AM,9/7/25 10:35 AM,4 minutes and 4 seconds,Rosie  ORDONEZ
Tink-a-Tako - Potranco,Ivana Abundiz,130,,Lobby,,9/7/25 10:36 AM,9/7/25 10:36 AM,24 seconds,Mayra Luna
Tink-a-Tako - Potranco,Ivana Abundiz,130,,Prep,,9/7/25 10:36 AM,9/7/25 10:36 AM,24 seconds,Mayra Luna
Tink-a-Tako - Potranco,Ivana Abundiz,129,,Lobby,,9/7/25 10:34 AM,9/7/25 10:36 AM,2 minutes and 15 seconds,Mayra Luna
Tink-a-Tako - Potranco,Rosa Compean,101,23,Prep,,9/7/25 10:37 AM,9/7/25 10:37 AM,4 seconds,Rosie  ORDONEZ
Tink-a-Tako - Potranco,Rosa Compean,101,23,Lobby,,9/7/25 10:37 AM,9/7/25 10:37 AM,4 seconds,Rosie  ORDONEZ
Tink-a-Tako - Potranco,Daniela Torres,131,,Lobby,,9/7/25 10:36 AM,9/7/25 10:38 AM,1 minute and 30 seconds,Mayra Luna
Tink-a-Tako - Potranco,Silvia Hernandez,119,33,Lobby,,9/7/25 10:38 AM,9/7/25 10:38 AM,22 seconds,Rosie  ORDONEZ
Tink-a-Tako - Potranco,Ivana Abundiz,133,,Lobby,,9/7/25 10:38 AM,9/7/25 10:40 AM,1 minute and 42 seconds,Mayra Luna
Tink-a-Tako - Potranco,Rosa Compean,127,15,,2,9/7/25 10:33 AM,9/7/25 10:40 AM,6 minutes and 52 seconds,Mayra Luna
Tink-a-Tako - Potranco,Sergio Abundiz,126,31,,2,9/7/25 10:35 AM,9/7/25 10:40 AM,5 minutes,Mayra Luna
Tink-a-Tako - Potranco,Isabel Cisneros,120,26,,2,9/7/25 10:29 AM,9/7/25 10:40 AM,11 minutes and 31 seconds,Mayra Luna
Tink-a-Tako - Potranco,Silvia Hernandez,119,33,,2,9/7/25 10:26 AM,9/7/25 10:40 AM,14 minutes and 5 seconds,Mayra Luna
Tink-a-Tako - Potranco,Rosa Compean,123,41,,2,9/7/25 10:28 AM,9/7/25 10:40 AM,11 minutes and 41 seconds,Mayra Luna
Tink-a-Tako - Potranco,Daniela Torres,125,,,2,9/7/25 10:30 AM,9/7/25 10:40 AM,10 minutes and 18 seconds,Mayra Luna
Tink-a-Tako - Potranco,Esperansa Caviedes,106,12,,2,9/7/25 10:34 AM,9/7/25 10:40 AM,5 minutes and 35 seconds,Mayra Luna
Tink-a-Tako - Potranco,Daniela Torres,131,,,2,9/7/25 10:38 AM,9/7/25 10:40 AM,2 minutes and 26 seconds,Mayra Luna
Tink-a-Tako - Potranco,Silvia Hernandez,134,18,Lobby,,9/7/25 10:39 AM,9/7/25 10:41 AM,2 minutes and 30 seconds,Rosie  ORDONEZ
Tink-a-Tako - Potranco,Esperansa Caviedes,122,3,Tortillero,,9/7/25 10:38 AM,9/7/25 10:42 AM,3 minutes and 38 seconds,Rosie  ORDONEZ
Tink-a-Tako - Potranco,Esperansa Caviedes,122,3,Lobby,,9/7/25 10:38 AM,9/7/25 10:42 AM,3 minutes and 38 seconds,Rosie  ORDONEZ
Tink-a-Tako - Potranco,Maria Majana,132,35,Prep,,9/7/25 10:38 AM,9/7/25 10:42 AM,4 minutes and 42 seconds,Rosie  ORDONEZ
Tink-a-Tako - Potranco,Maria Majana,132,35,Tortillero,,9/7/25 10:38 AM,9/7/25 10:42 AM,4 minutes and 42 seconds,Rosie  ORDONEZ
Tink-a-Tako - Potranco,Maria Majana,132,35,Lobby,,9/7/25 10:38 AM,9/7/25 10:42 AM,4 minutes and 42 seconds,Rosie  ORDONEZ
Tink-a-Tako - Potranco,Rosa Compean,127,15,Lobby,,9/7/25 10:41 AM,9/7/25 10:44 AM,2 minutes and 35 seconds,Rosie  ORDONEZ
Tink-a-Tako - Potranco,Rosa Compean,127,15,Prep,,9/7/25 10:41 AM,9/7/25 10:44 AM,2 minutes and 35 seconds,Rosie  ORDONEZ
Tink-a-Tako - Potranco,Rosa Compean,127,15,Tortillero,,9/7/25 10:41 AM,9/7/25 10:44 AM,2 minutes and 35 seconds,Rosie  ORDONEZ
Tink-a-Tako - Potranco,Silvia Hernandez,134,18,Prep,,9/7/25 10:40 AM,9/7/25 10:44 AM,4 minutes and 16 seconds,Rosie  ORDONEZ
Tink-a-Tako - Potranco,Silvia Hernandez,134,18,Tortillero,,9/7/25 10:40 AM,9/7/25 10:44 AM,4 minutes and 16 seconds,Rosie  ORDONEZ
Tink-a-Tako - Potranco,Silvia Hernandez,134,18,Lobby,,9/7/25 10:40 AM,9/7/25 10:44 AM,4 minutes and 16 seconds,Rosie  ORDONEZ
Tink-a-Tako - Potranco,Adrianna  Navarro ,107,17,Lobby,,9/7/25 10:43 AM,9/7/25 10:45 AM,1 minute and 10 seconds,Rosie  ORDONEZ
Tink-a-Tako - Potranco,Ivana Abundiz,135,,Lobby,,9/7/25 10:41 AM,9/7/25 10:45 AM,4 minutes and 21 seconds,Mayra Luna
Tink-a-Tako - Potranco,Ivana Abundiz,135,,Prep,,9/7/25 10:41 AM,9/7/25 10:45 AM,4 minutes and 21 seconds,Mayra Luna
Tink-a-Tako - Potranco,Rosa Compean,101,23,,2,9/7/25 10:37 AM,9/7/25 10:47 AM,9 minutes and 44 seconds,Mayra Luna
Tink-a-Tako - Potranco,Daniela Torres,124,,,2,9/7/25 10:29 AM,9/7/25 10:47 AM,17 minutes and 41 seconds,Mayra Luna
Tink-a-Tako - Potranco,Silvia Hernandez,119,33,,2,9/7/25 10:29 AM,9/7/25 10:47 AM,18 minutes and 11 seconds,Mayra Luna
Tink-a-Tako - Potranco,Silvia Hernandez,119,33,,2,9/7/25 10:38 AM,9/7/25 10:47 AM,8 minutes and 50 seconds,Mayra Luna
Tink-a-Tako - Potranco,Esperansa Caviedes,122,3,,2,9/7/25 10:42 AM,9/7/25 10:47 AM,5 minutes and 8 seconds,Mayra Luna
Tink-a-Tako - Potranco,Maria Majana,132,35,,2,9/7/25 10:42 AM,9/7/25 10:47 AM,4 minutes and 40 seconds,Mayra Luna
Tink-a-Tako - Potranco,Daniela Torres,115,,,2,9/7/25 10:26 AM,9/7/25 10:47 AM,20 minutes and 46 seconds,Mayra Luna
Tink-a-Tako - Potranco,Isabel Cisneros,139,8,Lobby,,9/7/25 10:46 AM,9/7/25 10:48 AM,2 minutes and 12 seconds,Rosie  ORDONEZ
Tink-a-Tako - Potranco,Isabel Cisneros,139,8,Prep,,9/7/25 10:46 AM,9/7/25 10:48 AM,2 minutes and 12 seconds,Rosie  ORDONEZ
Tink-a-Tako - Potranco,Isabel Cisneros,139,8,Tortillero,,9/7/25 10:46 AM,9/7/25 10:48 AM,2 minutes and 12 seconds,Rosie  ORDONEZ
Tink-a-Tako - Potranco,Ivana Abundiz,136,,Lobby,,9/7/25 10:43 AM,9/7/25 10:48 AM,4 minutes and 47 seconds,Mayra Luna
Tink-a-Tako - Potranco,Ivana Abundiz,136,,Tortillero,,9/7/25 10:43 AM,9/7/25 10:48 AM,4 minutes and 47 seconds,Mayra Luna
Tink-a-Tako - Potranco,Ivana Abundiz,136,,Lobby,,9/7/25 10:43 AM,9/7/25 10:48 AM,5 minutes and 15 seconds,Mayra Luna
Tink-a-Tako - Potranco,Ivana Abundiz,136,,Prep,,9/7/25 10:43 AM,9/7/25 10:48 AM,5 minutes and 15 seconds,Mayra Luna
Tink-a-Tako - Potranco,Ivana Abundiz,137,,Lobby,,9/7/25 10:45 AM,9/7/25 10:49 AM,3 minutes and 27 seconds,Mayra Luna
Tink-a-Tako - Potranco,Adrianna  Navarro ,107,17,,2,9/7/25 10:45 AM,9/7/25 10:49 AM,4 minutes and 49 seconds,Mayra Luna
Tink-a-Tako - Potranco,Silvia Hernandez,134,18,,2,9/7/25 10:41 AM,9/7/25 10:49 AM,8 minutes and 4 seconds,Mayra Luna
Tink-a-Tako - Potranco,Silvia Hernandez,134,18,,2,9/7/25 10:44 AM,9/7/25 10:49 AM,5 minutes and 9 seconds,Mayra Luna
Tink-a-Tako - Potranco,Rosa Compean,127,15,,2,9/7/25 10:44 AM,9/7/25 10:49 AM,5 minutes and 24 seconds,Mayra Luna
Tink-a-Tako - Potranco,Daniela Torres,141,,Lobby,,9/7/25 10:47 AM,9/7/25 10:50 AM,3 minutes and 26 seconds,Mayra Luna
Tink-a-Tako - Potranco,Daniela Torres,141,,Prep,,9/7/25 10:47 AM,9/7/25 10:50 AM,3 minutes and 26 seconds,Mayra Luna
Tink-a-Tako - Potranco,Esperansa Caviedes,138,32,Lobby,,9/7/25 10:46 AM,9/7/25 10:50 AM,3 minutes and 46 seconds,Rosie  ORDONEZ
Tink-a-Tako - Potranco,Esperansa Caviedes,138,32,Lobby,,9/7/25 10:46 AM,9/7/25 10:50 AM,4 minutes and 10 seconds,Rosie  ORDONEZ
Tink-a-Tako - Potranco,Esperansa Caviedes,138,32,Prep,,9/7/25 10:46 AM,9/7/25 10:50 AM,4 minutes and 10 seconds,Rosie  ORDONEZ
Tink-a-Tako - Potranco,Ivana Abundiz,142,,Lobby,,9/7/25 10:47 AM,9/7/25 10:51 AM,3 minutes and 47 seconds,Mayra Luna
Tink-a-Tako - Potranco,Ivana Abundiz,142,,Prep,,9/7/25 10:47 AM,9/7/25 10:51 AM,3 minutes and 47 seconds,Mayra Luna
Tink-a-Tako - Potranco,Daniela Torres,145,,Lobby,,9/7/25 10:51 AM,9/7/25 10:51 AM,34 seconds,Mayra Luna
Tink-a-Tako - Potranco,Isabel Cisneros,139,8,,2,9/7/25 10:48 AM,9/7/25 10:53 AM,5 minutes and 15 seconds,Mayra Luna
Tink-a-Tako - Potranco,Esperansa Caviedes,138,32,,2,9/7/25 10:50 AM,9/7/25 10:53 AM,2 minutes and 55 seconds,Mayra Luna
Tink-a-Tako - Potranco,Esperansa Caviedes,138,32,,2,9/7/25 10:50 AM,9/7/25 10:53 AM,3 minutes and 4 seconds,Mayra Luna
Tink-a-Tako - Potranco,Ivana Abundiz,143,,Tortillero,,9/7/25 10:48 AM,9/7/25 10:53 AM,5 minutes and 7 seconds,Mayra Luna
Tink-a-Tako - Potranco,Ivana Abundiz,143,,Lobby,,9/7/25 10:48 AM,9/7/25 10:53 AM,5 minutes and 7 seconds,Mayra Luna
Tink-a-Tako - Potranco,Rosa Compean,123,41,Lobby,,9/7/25 10:54 AM,9/7/25 10:54 AM,20 seconds,Rosie  ORDONEZ
Tink-a-Tako - Potranco,Silvia Hernandez,146,39,Lobby,,9/7/25 10:51 AM,9/7/25 10:54 AM,2 minutes and 48 seconds,Rosie  ORDONEZ
Tink-a-Tako - Potranco,Silvia Hernandez,146,39,Prep,,9/7/25 10:51 AM,9/7/25 10:54 AM,2 minutes and 48 seconds,Rosie  ORDONEZ
Tink-a-Tako - Potranco,Adrianna  Navarro ,144,23,Prep,,9/7/25 10:51 AM,9/7/25 10:56 AM,4 minutes and 42 seconds,Rosie  ORDONEZ
Tink-a-Tako - Potranco,Adrianna  Navarro ,144,23,Tortillero,,9/7/25 10:51 AM,9/7/25 10:56 AM,4 minutes and 42 seconds,Rosie  ORDONEZ
Tink-a-Tako - Potranco,Adrianna  Navarro ,144,23,Lobby,,9/7/25 10:51 AM,9/7/25 10:56 AM,4 minutes and 42 seconds,Rosie  ORDONEZ
Tink-a-Tako - Potranco,Ivana Abundiz,147,,Lobby,,9/7/25 10:52 AM,9/7/25 10:57 AM,4 minutes and 43 seconds,Mayra Luna
Tink-a-Tako - Potranco,Ivana Abundiz,147,,Prep,,9/7/25 10:52 AM,9/7/25 10:57 AM,4 minutes and 43 seconds,Mayra Luna
Tink-a-Tako - Potranco,Rosa Compean,150,37,Prep,,9/7/25 10:55 AM,9/7/25 10:58 AM,2 minutes and 37 seconds,Rosie  ORDONEZ
Tink-a-Tako - Potranco,Rosa Compean,150,37,Tortillero,,9/7/25 10:55 AM,9/7/25 10:58 AM,2 minutes and 37 seconds,Rosie  ORDONEZ
Tink-a-Tako - Potranco,Rosa Compean,150,37,Lobby,,9/7/25 10:55 AM,9/7/25 10:58 AM,2 minutes and 37 seconds,Rosie  ORDONEZ
Tink-a-Tako - Potranco,Rosie  ORDONEZ,151,24,Lobby,,9/7/25 10:57 AM,9/7/25 10:59 AM,1 minute and 57 seconds,Rosie  ORDONEZ
Tink-a-Tako - Potranco,Silvia Hernandez,156,26,Lobby,,9/7/25 10:58 AM,9/7/25 10:59 AM,27 seconds,Rosie  ORDONEZ
Tink-a-Tako - Potranco,Daniela Torres,157,,Lobby,,9/7/25 10:59 AM,9/7/25 10:59 AM,11 seconds,Mayra Luna
Tink-a-Tako - Potranco,Ivana Abundiz,153,,Lobby,,9/7/25 10:58 AM,9/7/25 10:59 AM,1 minute and 25 seconds,Mayra Luna
Tink-a-Tako - Potranco,Esperansa Caviedes,158,38,Lobby,,9/7/25 11:00 AM,9/7/25 11:02 AM,1 minute and 18 seconds,Rosie  ORDONEZ
Tink-a-Tako - Potranco,Ivana Abundiz,155,,Lobby,,9/7/25 11:00 AM,9/7/25 11:02 AM,2 minutes and 20 seconds,Mayra Luna
Tink-a-Tako - Potranco,Ivana Abundiz,155,,Prep,,9/7/25 11:00 AM,9/7/25 11:02 AM,2 minutes and 20 seconds,Mayra Luna
Tink-a-Tako - Potranco,Esperansa Caviedes,158,38,Lobby,,9/7/25 11:00 AM,9/7/25 11:02 AM,2 minutes and 16 seconds,Rosie  ORDONEZ
Tink-a-Tako - Potranco,Esperansa Caviedes,158,38,Prep,,9/7/25 11:00 AM,9/7/25 11:02 AM,2 minutes and 16 seconds,Rosie  ORDONEZ
Tink-a-Tako - Potranco,Rosa Compean,161,17,Lobby,,9/7/25 11:02 AM,9/7/25 11:03 AM,43 seconds,Rosie  ORDONEZ
Tink-a-Tako - Potranco,Isabel Cisneros,160,33,Lobby,,9/7/25 11:02 AM,9/7/25 11:04 AM,1 minute and 57 seconds,Rosie  ORDONEZ
Tink-a-Tako - Potranco,Rosa Compean,154,11,Lobby,,9/7/25 10:58 AM,9/7/25 11:04 AM,5 minutes and 50 seconds,Rosie  ORDONEZ
Tink-a-Tako - Potranco,Esperansa Caviedes,158,38,Lobby,,9/7/25 11:04 AM,9/7/25 11:07 AM,2 minutes and 13 seconds,Rosie  ORDONEZ
Tink-a-Tako - Potranco,Ivana Abundiz,153,,Lobby,,9/7/25 11:06 AM,9/7/25 11:07 AM,56 seconds,Mayra Luna
Tink-a-Tako - Potranco,Ivana Abundiz,163,,Lobby,,9/7/25 11:05 AM,9/7/25 11:07 AM,1 minute and 27 seconds,Mayra Luna
Tink-a-Tako - Potranco,Ivana Abundiz,159,,Lobby,,9/7/25 11:03 AM,9/7/25 11:07 AM,4 minutes and 8 seconds,Mayra Luna
Tink-a-Tako - Potranco,Ivana Abundiz,159,,Prep,,9/7/25 11:03 AM,9/7/25 11:07 AM,4 minutes and 8 seconds,Mayra Luna
Tink-a-Tako - Potranco,Esperansa Caviedes,122,3,Lobby,,9/7/25 11:07 AM,9/7/25 11:08 AM,1 minute and 1 second,Rosie  ORDONEZ
Tink-a-Tako - Potranco,Adrianna  Navarro ,144,23,Lobby,,9/7/25 11:09 AM,9/7/25 11:10 AM,17 seconds,Rosie  ORDONEZ
Tink-a-Tako - Potranco,Ivana Abundiz,167,,Lobby,,9/7/25 11:08 AM,9/7/25 11:10 AM,1 minute and 51 seconds,Mayra Luna
Tink-a-Tako - Potranco,Ivana Abundiz,168,,Lobby,,9/7/25 11:09 AM,9/7/25 11:13 AM,4 minutes and 7 seconds,Mayra Luna
Tink-a-Tako - Potranco,Rosa Compean,165,42,Prep,,9/7/25 11:09 AM,9/7/25 11:13 AM,4 minutes and 3 seconds,Rosie  ORDONEZ
Tink-a-Tako - Potranco,Rosa Compean,165,42,Tortillero,,9/7/25 11:09 AM,9/7/25 11:13 AM,4 minutes and 3 seconds,Rosie  ORDONEZ
Tink-a-Tako - Potranco,Rosa Compean,165,42,Lobby,,9/7/25 11:09 AM,9/7/25 11:13 AM,4 minutes and 3 seconds,Rosie  ORDONEZ
Tink-a-Tako - Potranco,Esperansa Caviedes,122,3,Lobby,,9/7/25 11:07 AM,9/7/25 11:13 AM,5 minutes and 40 seconds,Rosie  ORDONEZ
Tink-a-Tako - Potranco,Adrianna  Navarro ,170,20,Lobby,,9/7/25 11:11 AM,9/7/25 11:14 AM,3 minutes and 20 seconds,Rosie  ORDONEZ
Tink-a-Tako - Potranco,Rosa Compean,165,42,,2,9/7/25 11:13 AM,9/7/25 11:14 AM,1 minute and 43 seconds,Mayra Luna
Tink-a-Tako - Potranco,Ivana Abundiz,169,,Lobby,,9/7/25 11:10 AM,9/7/25 11:15 AM,4 minutes and 43 seconds,Mayra Luna
Tink-a-Tako - Potranco,Ivana Abundiz,169,,Prep,,9/7/25 11:10 AM,9/7/25 11:15 AM,4 minutes and 43 seconds,Mayra Luna
Tink-a-Tako - Potranco,Ivana Abundiz,163,,Lobby,,9/7/25 11:14 AM,9/7/25 11:16 AM,1 minute and 55 seconds,Mayra Luna
Tink-a-Tako - Potranco,Isabel Cisneros,172,32,Lobby,,9/7/25 11:11 AM,9/7/25 11:16 AM,4 minutes and 45 seconds,Rosie  ORDONEZ
Tink-a-Tako - Potranco,Maria Majana,166,25,Lobby,,9/7/25 11:10 AM,9/7/25 11:16 AM,5 minutes and 48 seconds,Rosie  ORDONEZ
Tink-a-Tako - Potranco,Ivana Abundiz,173,,Lobby,,9/7/25 11:14 AM,9/7/25 11:17 AM,2 minutes and 31 seconds,Mayra Luna
Tink-a-Tako - Potranco,Ivana Abundiz,173,,Prep,,9/7/25 11:14 AM,9/7/25 11:17 AM,2 minutes and 31 seconds,Mayra Luna
Tink-a-Tako - Potranco,Adrianna  Navarro ,176,36,Lobby,,9/7/25 11:16 AM,9/7/25 11:17 AM,16 seconds,Rosie  ORDONEZ
Tink-a-Tako - Potranco,Maria Majana,152,22,Lobby,,9/7/25 11:11 AM,9/7/25 11:17 AM,5 minutes and 27 seconds,Rosie  ORDONEZ
Tink-a-Tako - Potranco,Silvia Hernandez,146,39,Lobby,,9/7/25 11:12 AM,9/7/25 11:17 AM,5 minutes and 12 seconds,Rosie  ORDONEZ
Tink-a-Tako - Potranco,Ivana Abundiz,177,,Lobby,,9/7/25 11:17 AM,9/7/25 11:19 AM,1 minute and 52 seconds,Mayra Luna
Tink-a-Tako - Potranco,Ivana Abundiz,177,,Prep,,9/7/25 11:17 AM,9/7/25 11:19 AM,1 minute and 52 seconds,Mayra Luna
Tink-a-Tako - Potranco,Silvia Hernandez,175,18,Lobby,,9/7/25 11:16 AM,9/7/25 11:19 AM,3 minutes and 11 seconds,Rosie  ORDONEZ
Tink-a-Tako - Potranco,Maria Majana,152,22,,2,9/7/25 11:17 AM,9/7/25 11:20 AM,2 minutes and 44 seconds,Mayra Luna
Tink-a-Tako - Potranco,Isabel Cisneros,172,32,,2,9/7/25 11:16 AM,9/7/25 11:19 AM,3 minutes and 49 seconds,Mayra Luna
Tink-a-Tako - Potranco,Adrianna  Navarro ,170,20,,2,9/7/25 11:14 AM,9/7/25 11:19 AM,5 minutes and 33 seconds,Mayra Luna
Tink-a-Tako - Potranco,Silvia Hernandez,146,39,,2,9/7/25 11:17 AM,9/7/25 11:20 AM,2 minutes and 12 seconds,Mayra Luna
Tink-a-Tako - Potranco,Maria Majana,166,25,,2,9/7/25 11:16 AM,9/7/25 11:20 AM,3 minutes and 51 seconds,Mayra Luna
Tink-a-Tako - Potranco,Silvia Hernandez,175,18,,2,9/7/25 11:19 AM,9/7/25 11:20 AM,36 seconds,Mayra Luna
Tink-a-Tako - Potranco,Adrianna  Navarro ,176,36,,2,9/7/25 11:17 AM,9/7/25 11:20 AM,2 minutes and 58 seconds,Mayra Luna
Tink-a-Tako - Potranco,Esperansa Caviedes,122,3,,2,9/7/25 11:13 AM,9/7/25 11:20 AM,6 minutes and 51 seconds,Mayra Luna
Tink-a-Tako - Potranco,Esperansa Caviedes,122,3,,2,9/7/25 11:08 AM,9/7/25 11:20 AM,11 minutes and 12 seconds,Mayra Luna
Tink-a-Tako - Potranco,Esperansa Caviedes,158,38,,2,9/7/25 11:07 AM,9/7/25 11:20 AM,13 minutes,Mayra Luna
Tink-a-Tako - Potranco,Adrianna  Navarro ,144,23,,2,9/7/25 11:10 AM,9/7/25 11:20 AM,10 minutes and 5 seconds,Mayra Luna
Tink-a-Tako - Potranco,Rosa Compean,161,17,,2,9/7/25 11:03 AM,9/7/25 11:20 AM,17 minutes and 5 seconds,Mayra Luna
Tink-a-Tako - Potranco,Esperansa Caviedes,158,38,,2,9/7/25 11:02 AM,9/7/25 11:20 AM,18 minutes,Mayra Luna
Tink-a-Tako - Potranco,Isabel Cisneros,160,33,,2,9/7/25 11:04 AM,9/7/25 11:20 AM,16 minutes and 6 seconds,Mayra Luna
Tink-a-Tako - Potranco,Esperansa Caviedes,158,38,,2,9/7/25 11:02 AM,9/7/25 11:20 AM,17 minutes and 46 seconds,Mayra Luna
Tink-a-Tako - Potranco,Daniela Torres,157,,,2,9/7/25 10:59 AM,9/7/25 11:20 AM,20 minutes and 49 seconds,Mayra Luna
Tink-a-Tako - Potranco,Rosa Compean,154,11,,2,9/7/25 11:04 AM,9/7/25 11:20 AM,16 minutes and 9 seconds,Mayra Luna
Tink-a-Tako - Potranco,Rosie  ORDONEZ,151,24,,2,9/7/25 10:59 AM,9/7/25 11:20 AM,21 minutes and 7 seconds,Mayra Luna
Tink-a-Tako - Potranco,Rosa Compean,150,37,,2,9/7/25 10:58 AM,9/7/25 11:20 AM,22 minutes and 13 seconds,Mayra Luna
Tink-a-Tako - Potranco,Rosa Compean,123,41,,2,9/7/25 10:54 AM,9/7/25 11:20 AM,25 minutes and 46 seconds,Mayra Luna
Tink-a-Tako - Potranco,Silvia Hernandez,156,26,,2,9/7/25 10:59 AM,9/7/25 11:20 AM,20 minutes and 56 seconds,Mayra Luna
Tink-a-Tako - Potranco,Silvia Hernandez,146,39,,2,9/7/25 10:54 AM,9/7/25 11:20 AM,25 minutes and 42 seconds,Mayra Luna
Tink-a-Tako - Potranco,Daniela Torres,145,,,2,9/7/25 10:51 AM,9/7/25 11:20 AM,28 minutes and 26 seconds,Mayra Luna
Tink-a-Tako - Potranco,Daniela Torres,141,,,2,9/7/25 10:50 AM,9/7/25 11:20 AM,29 minutes and 46 seconds,Mayra Luna
Tink-a-Tako - Potranco,Adrianna  Navarro ,144,23,,2,9/7/25 10:56 AM,9/7/25 11:20 AM,24 minutes and 15 seconds,Mayra Luna
Tink-a-Tako - Potranco,Ivana Abundiz,178,,Lobby,,9/7/25 11:18 AM,9/7/25 11:20 AM,1 minute and 37 seconds,Mayra Luna
Tink-a-Tako - Potranco,Ivana Abundiz,178,,Prep,,9/7/25 11:18 AM,9/7/25 11:20 AM,1 minute and 37 seconds,Mayra Luna
Tink-a-Tako - Potranco,Rosa Compean,161,17,Lobby,,9/7/25 11:20 AM,9/7/25 11:20 AM,21 seconds,Rosie  ORDONEZ
Tink-a-Tako - Potranco,Ivana Abundiz,181,,Lobby,,9/7/25 11:19 AM,9/7/25 11:21 AM,1 minute and 37 seconds,Mayra Luna
Tink-a-Tako - Potranco,Ivana Abundiz,181,,Prep,,9/7/25 11:19 AM,9/7/25 11:21 AM,1 minute and 37 seconds,Mayra Luna
Tink-a-Tako - Potranco,Silvia Hernandez,179,7,Lobby,,9/7/25 11:19 AM,9/7/25 11:22 AM,2 minutes and 35 seconds,Rosie  ORDONEZ
Tink-a-Tako - Potranco,Silvia Hernandez,179,7,Prep,,9/7/25 11:19 AM,9/7/25 11:22 AM,2 minutes and 35 seconds,Rosie  ORDONEZ
Tink-a-Tako - Potranco,Ivana Abundiz,181,,Lobby,,9/7/25 11:20 AM,9/7/25 11:22 AM,2 minutes and 25 seconds,Mayra Luna
Tink-a-Tako - Potranco,Ivana Abundiz,184,,Lobby,,9/7/25 11:22 AM,9/7/25 11:24 AM,2 minutes and 12 seconds,Mayra Luna
Tink-a-Tako - Potranco,Ivana Abundiz,184,,Prep,,9/7/25 11:22 AM,9/7/25 11:24 AM,2 minutes and 12 seconds,Mayra Luna
Tink-a-Tako - Potranco,Mayra Luna,180,15,Lobby,,9/7/25 11:21 AM,9/7/25 11:26 AM,5 minutes and 34 seconds,Rosie  ORDONEZ
Tink-a-Tako - Potranco,Mayra Luna,180,15,Prep,,9/7/25 11:21 AM,9/7/25 11:26 AM,5 minutes and 34 seconds,Rosie  ORDONEZ
Tink-a-Tako - Potranco,Rosa Compean,186,10,Lobby,,9/7/25 11:24 AM,9/7/25 11:27 AM,3 minutes and 10 seconds,Rosie  ORDONEZ
Tink-a-Tako - Potranco,Sergio Abundiz,182,1,Lobby,,9/7/25 11:23 AM,9/7/25 11:28 AM,5 minutes and 21 seconds,Rosie  ORDONEZ
Tink-a-Tako - Potranco,Ivana Abundiz,185,,Lobby,,9/7/25 11:24 AM,9/7/25 11:28 AM,4 minutes and 16 seconds,Mayra Luna
Tink-a-Tako - Potranco,Ivana Abundiz,185,,Prep,,9/7/25 11:24 AM,9/7/25 11:28 AM,4 minutes and 16 seconds,Mayra Luna
Tink-a-Tako - Potranco,Sergio Abundiz,182,1,Prep,,9/7/25 11:23 AM,9/7/25 11:28 AM,5 minutes and 21 seconds,Rosie  ORDONEZ
Tink-a-Tako - Potranco,Sergio Abundiz,182,1,Tortillero,,9/7/25 11:23 AM,9/7/25 11:28 AM,5 minutes and 21 seconds,Rosie  ORDONEZ
Tink-a-Tako - Potranco,Ivana Abundiz,181,,Lobby,,9/7/25 11:26 AM,9/7/25 11:29 AM,2 minutes and 21 seconds,Mayra Luna
Tink-a-Tako - Potranco,Ivana Abundiz,187,,Lobby,,9/7/25 11:26 AM,9/7/25 11:29 AM,3 minutes and 21 seconds,Mayra Luna
Tink-a-Tako - Potranco,Rosie  ORDONEZ,151,24,Lobby,,9/7/25 11:28 AM,9/7/25 11:30 AM,1 minute and 17 seconds,Rosie  ORDONEZ
Tink-a-Tako - Potranco,Esperansa Caviedes,183,40,Lobby,,9/7/25 11:27 AM,9/7/25 11:30 AM,2 minutes and 56 seconds,Rosie  ORDONEZ
Tink-a-Tako - Potranco,Esperansa Caviedes,183,40,Prep,,9/7/25 11:27 AM,9/7/25 11:30 AM,2 minutes and 56 seconds,Rosie  ORDONEZ
Tink-a-Tako - Potranco,Esperansa Caviedes,183,40,Tortillero,,9/7/25 11:27 AM,9/7/25 11:30 AM,2 minutes and 56 seconds,Rosie  ORDONEZ
Tink-a-Tako - Potranco,Ivana Abundiz,189,,Lobby,,9/7/25 11:31 AM,9/7/25 11:33 AM,2 minutes and 23 seconds,Mayra Luna
Tink-a-Tako - Potranco,Ivana Abundiz,189,,Prep,,9/7/25 11:31 AM,9/7/25 11:33 AM,2 minutes and 23 seconds,Mayra Luna
Tink-a-Tako - Potranco,Ivana Abundiz,190,,Lobby,,9/7/25 11:32 AM,9/7/25 11:34 AM,1 minute and 54 seconds,Mayra Luna
Tink-a-Tako - Potranco,Ivana Abundiz,190,,Prep,,9/7/25 11:32 AM,9/7/25 11:34 AM,1 minute and 54 seconds,Mayra Luna
Tink-a-Tako - Potranco,Esperansa Caviedes,183,40,,2,9/7/25 11:30 AM,9/7/25 11:36 AM,6 minutes and 18 seconds,Mayra Luna
Tink-a-Tako - Potranco,Rosa Compean,186,10,,2,9/7/25 11:27 AM,9/7/25 11:36 AM,9 minutes and 30 seconds,Mayra Luna
Tink-a-Tako - Potranco,Sergio Abundiz,182,1,,2,9/7/25 11:28 AM,9/7/25 11:36 AM,8 minutes and 18 seconds,Mayra Luna
Tink-a-Tako - Potranco,Rosie  ORDONEZ,151,24,,2,9/7/25 11:30 AM,9/7/25 11:36 AM,6 minutes and 44 seconds,Mayra Luna
Tink-a-Tako - Potranco,Mayra Luna,180,15,,2,9/7/25 11:26 AM,9/7/25 11:36 AM,10 minutes and 4 seconds,Mayra Luna
Tink-a-Tako - Potranco,Isabel Cisneros,198,23,Lobby,,9/7/25 11:36 AM,9/7/25 11:37 AM,27 seconds,Rosie  ORDONEZ
Tink-a-Tako - Potranco,Rosa Compean,161,17,,2,9/7/25 11:20 AM,9/7/25 11:38 AM,17 minutes and 12 seconds,Mayra Luna
Tink-a-Tako - Potranco,Silvia Hernandez,179,7,,2,9/7/25 11:22 AM,9/7/25 11:38 AM,16 minutes and 5 seconds,Mayra Luna
Tink-a-Tako - Potranco,Isabel Cisneros,198,23,,2,9/7/25 11:37 AM,9/7/25 11:38 AM,1 minute and 6 seconds,Mayra Luna
Tink-a-Tako - Potranco,Daniela Torres,195,,Lobby,,9/7/25 11:36 AM,9/7/25 11:39 AM,2 minutes and 15 seconds,Mayra Luna
Tink-a-Tako - Potranco,Daniela Torres,193,,Lobby,,9/7/25 11:34 AM,9/7/25 11:39 AM,5 minutes and 11 seconds,Mayra Luna
Tink-a-Tako - Potranco,Daniela Torres,193,,Tortillero,,9/7/25 11:34 AM,9/7/25 11:39 AM,5 minutes and 11 seconds,Mayra Luna
Tink-a-Tako - Potranco,Daniela Torres,193,,Prep,,9/7/25 11:34 AM,9/7/25 11:39 AM,5 minutes and 11 seconds,Mayra Luna
Tink-a-Tako - Potranco,Maria Majana,196,17,Lobby,,9/7/25 11:37 AM,9/7/25 11:40 AM,2 minutes and 42 seconds,Rosie  ORDONEZ
Tink-a-Tako - Potranco,Daniela Torres,199,,Lobby,,9/7/25 11:37 AM,9/7/25 11:40 AM,2 minutes and 59 seconds,Mayra Luna
Tink-a-Tako - Potranco,Maria Majana,166,25,Lobby,,9/7/25 11:39 AM,9/7/25 11:40 AM,24 seconds,Rosie  ORDONEZ
Tink-a-Tako - Potranco,Ivana Abundiz,200,,Lobby,,9/7/25 11:38 AM,9/7/25 11:40 AM,2 minutes and 24 seconds,Mayra Luna
Tink-a-Tako - Potranco,Ivana Abundiz,205,,Lobby,,9/7/25 11:39 AM,9/7/25 11:41 AM,1 minute and 10 seconds,Mayra Luna
Tink-a-Tako - Potranco,Ivana Abundiz,205,,Prep,,9/7/25 11:39 AM,9/7/25 11:41 AM,1 minute and 10 seconds,Mayra Luna
Tink-a-Tako - Potranco,Ivana Abundiz,197,,Lobby,,9/7/25 11:37 AM,9/7/25 11:41 AM,4 minutes and 38 seconds,Mayra Luna
Tink-a-Tako - Potranco,Ivana Abundiz,197,,Prep,,9/7/25 11:37 AM,9/7/25 11:41 AM,4 minutes and 38 seconds,Mayra Luna
Tink-a-Tako - Potranco,Ivana Abundiz,206,,Lobby,,9/7/25 11:40 AM,9/7/25 11:44 AM,4 minutes and 2 seconds,Mayra Luna
Tink-a-Tako - Potranco,Ivana Abundiz,207,,Lobby,,9/7/25 11:42 AM,9/7/25 11:47 AM,4 minutes and 35 seconds,Mayra Luna
Tink-a-Tako - Potranco,Silvia Hernandez,204,33,Lobby,,9/7/25 11:43 AM,9/7/25 11:47 AM,3 minutes and 39 seconds,Rosie  ORDONEZ
Tink-a-Tako - Potranco,Maria Majana,192,20,Lobby,,9/7/25 11:43 AM,9/7/25 11:48 AM,4 minutes and 49 seconds,Rosie  ORDONEZ
Tink-a-Tako - Potranco,Silvia Hernandez,201,39,Lobby,,9/7/25 11:43 AM,9/7/25 11:48 AM,5 minutes and 7 seconds,Rosie  ORDONEZ
Tink-a-Tako - Potranco,Ivana Abundiz,209,,Lobby,,9/7/25 11:46 AM,9/7/25 11:49 AM,2 minutes and 3 seconds,Mayra Luna
Tink-a-Tako - Potranco,Ivana Abundiz,209,,Tortillero,,9/7/25 11:46 AM,9/7/25 11:49 AM,2 minutes and 3 seconds,Mayra Luna
Tink-a-Tako - Potranco,Isabel Cisneros,198,23,Lobby,,9/7/25 11:46 AM,9/7/25 11:51 AM,4 minutes and 35 seconds,Rosie  ORDONEZ
Tink-a-Tako - Potranco,Isabel Cisneros,198,23,Prep,,9/7/25 11:46 AM,9/7/25 11:51 AM,4 minutes and 35 seconds,Rosie  ORDONEZ
Tink-a-Tako - Potranco,Ivana Abundiz,210,,Lobby,,9/7/25 11:50 AM,9/7/25 11:52 AM,2 minutes and 50 seconds,Mayra Luna
Tink-a-Tako - Potranco,Ivana Abundiz,210,,Prep,,9/7/25 11:50 AM,9/7/25 11:52 AM,2 minutes and 50 seconds,Mayra Luna
Tink-a-Tako - Potranco,Maria Majana,166,25,,2,9/7/25 11:40 AM,9/7/25 11:53 AM,13 minutes and 25 seconds,Mayra Luna
Tink-a-Tako - Potranco,Maria Majana,196,17,,2,9/7/25 11:40 AM,9/7/25 11:53 AM,13 minutes and 40 seconds,Mayra Luna
Tink-a-Tako - Potranco,Daniela Torres,195,,,2,9/7/25 11:39 AM,9/7/25 11:53 AM,14 minutes and 44 seconds,Mayra Luna
Tink-a-Tako - Potranco,Daniela Torres,199,,,2,9/7/25 11:40 AM,9/7/25 11:53 AM,13 minutes and 32 seconds,Mayra Luna
Tink-a-Tako - Potranco,Ivana Abundiz,211,,Lobby,,9/7/25 11:52 AM,9/7/25 11:54 AM,1 minute and 36 seconds,Mayra Luna
Tink-a-Tako - Potranco,Ivana Abundiz,211,,Prep,,9/7/25 11:52 AM,9/7/25 11:54 AM,1 minute and 36 seconds,Mayra Luna
Tink-a-Tako - Potranco,Ivana Abundiz,214,,Lobby,,9/7/25 11:53 AM,9/7/25 11:56 AM,2 minutes and 19 seconds,Mayra Luna
Tink-a-Tako - Potranco,Ivana Abundiz,216,,Lobby,,9/7/25 11:55 AM,9/7/25 11:57 AM,1 minute and 55 seconds,Mayra Luna
Tink-a-Tako - Potranco,Ivana Abundiz,216,,Prep,,9/7/25 11:55 AM,9/7/25 11:57 AM,1 minute and 55 seconds,Mayra Luna
Tink-a-Tako - Potranco,Ivana Abundiz,217,,Lobby,,9/7/25 11:55 AM,9/7/25 11:57 AM,1 minute and 49 seconds,Mayra Luna
Tink-a-Tako - Potranco,Esperansa Caviedes,212,35,Lobby,,9/7/25 11:52 AM,9/7/25 11:58 AM,5 minutes and 38 seconds,Rosie  ORDONEZ
Tink-a-Tako - Potranco,Esperansa Caviedes,212,35,Prep,,9/7/25 11:52 AM,9/7/25 11:58 AM,5 minutes and 38 seconds,Rosie  ORDONEZ
Tink-a-Tako - Potranco,Esperansa Caviedes,212,35,Tortillero,,9/7/25 11:52 AM,9/7/25 11:58 AM,5 minutes and 38 seconds,Rosie  ORDONEZ
Tink-a-Tako - Potranco,Silvia Hernandez,204,33,,2,9/7/25 11:47 AM,9/7/25 11:58 AM,11 minutes and 7 seconds,Mayra Luna
Tink-a-Tako - Potranco,Daniela Torres,193,,,2,9/7/25 11:39 AM,9/7/25 11:58 AM,19 minutes,Mayra Luna
Tink-a-Tako - Potranco,Silvia Hernandez,201,39,,2,9/7/25 11:48 AM,9/7/25 11:58 AM,9 minutes and 38 seconds,Mayra Luna
Tink-a-Tako - Potranco,Daniela Torres,220,,Tortillero,,9/7/25 11:57 AM,9/7/25 11:59 AM,1 minute and 10 seconds,Mayra Luna
Tink-a-Tako - Potranco,Daniela Torres,220,,Lobby,,9/7/25 11:57 AM,9/7/25 11:59 AM,1 minute and 10 seconds,Mayra Luna
Tink-a-Tako - Potranco,Ivana Abundiz,218,,Lobby,,9/7/25 11:59 AM,9/7/25 12:00 PM,1 minute and 22 seconds,Mayra Luna
Tink-a-Tako - Potranco,Adrianna  Navarro ,215,12,Lobby,,9/7/25 11:55 AM,9/7/25 12:00 PM,5 minutes and 25 seconds,Rosie  ORDONEZ
Tink-a-Tako - Potranco,Adrianna  Navarro ,215,12,Prep,,9/7/25 11:55 AM,9/7/25 12:00 PM,5 minutes and 25 seconds,Rosie  ORDONEZ
Tink-a-Tako - Potranco,Silvia Hernandez,222,18,Lobby,,9/7/25 11:59 AM,9/7/25 12:03 PM,3 minutes and 40 seconds,Rosie  ORDONEZ
Tink-a-Tako - Potranco,Isabel Cisneros,221,32,Lobby,,9/7/25 11:58 AM,9/7/25 12:03 PM,4 minutes and 53 seconds,Rosie  ORDONEZ
Tink-a-Tako - Potranco,Isabel Cisneros,221,32,Prep,,9/7/25 11:58 AM,9/7/25 12:03 PM,4 minutes and 53 seconds,Rosie  ORDONEZ
Tink-a-Tako - Potranco,Rosa Compean,219,9,Lobby,,9/7/25 11:59 AM,9/7/25 12:05 PM,6 minutes and 20 seconds,Rosie  ORDONEZ
Tink-a-Tako - Potranco,Rosa Compean,219,9,Prep,,9/7/25 11:59 AM,9/7/25 12:05 PM,6 minutes and 20 seconds,Rosie  ORDONEZ
Tink-a-Tako - Potranco,Silvia Hernandez,222,18,Lobby,,9/7/25 12:04 PM,9/7/25 12:05 PM,29 seconds,Rosie  ORDONEZ
Tink-a-Tako - Potranco,Ivana Abundiz,218,,Lobby,,9/7/25 12:05 PM,9/7/25 12:05 PM,32 seconds,Mayra Luna
Tink-a-Tako - Potranco,Ivana Abundiz,218,,Prep,,9/7/25 12:05 PM,9/7/25 12:05 PM,32 seconds,Mayra Luna
Tink-a-Tako - Potranco,Ivana Abundiz,225,,Lobby,,9/7/25 12:04 PM,9/7/25 12:06 PM,2 minutes and 26 seconds,Mayra Luna
Tink-a-Tako - Potranco,Adrianna  Navarro ,215,12,,2,9/7/25 12:00 PM,9/7/25 12:06 PM,6 minutes and 3 seconds,Mayra Luna
Tink-a-Tako - Potranco,Esperansa Caviedes,212,35,,2,9/7/25 11:58 AM,9/7/25 12:06 PM,8 minutes and 49 seconds,Mayra Luna
Tink-a-Tako - Potranco,Isabel Cisneros,221,32,,2,9/7/25 12:03 PM,9/7/25 12:07 PM,3 minutes and 19 seconds,Mayra Luna
Tink-a-Tako - Potranco,Daniela Torres,220,,,2,9/7/25 11:59 AM,9/7/25 12:07 PM,8 minutes and 1 second,Mayra Luna
Tink-a-Tako - Potranco,Ivana Abundiz,223,,Lobby,,9/7/25 12:02 PM,9/7/25 12:07 PM,4 minutes and 45 seconds,Mayra Luna
Tink-a-Tako - Potranco,Ivana Abundiz,223,,Prep,,9/7/25 12:02 PM,9/7/25 12:07 PM,4 minutes and 45 seconds,Mayra Luna
Tink-a-Tako - Potranco,Esperansa Caviedes,162,38,Lobby,,9/7/25 12:06 PM,9/7/25 12:08 PM,2 minutes and 35 seconds,Rosie  ORDONEZ
Tink-a-Tako - Potranco,Esperansa Caviedes,162,38,Prep,,9/7/25 12:06 PM,9/7/25 12:08 PM,2 minutes and 35 seconds,Rosie  ORDONEZ
Tink-a-Tako - Potranco,Esperansa Caviedes,162,38,Tortillero,,9/7/25 12:06 PM,9/7/25 12:08 PM,2 minutes and 35 seconds,Rosie  ORDONEZ
Tink-a-Tako - Potranco,Ivana Abundiz,224,,Lobby,,9/7/25 12:03 PM,9/7/25 12:09 PM,6 minutes and 38 seconds,Mayra Luna
Tink-a-Tako - Potranco,Rosa Compean,227,7,Lobby,,9/7/25 12:06 PM,9/7/25 12:10 PM,3 minutes and 52 seconds,Rosie  ORDONEZ
Tink-a-Tako - Potranco,Rosa Compean,227,7,Tortillero,,9/7/25 12:06 PM,9/7/25 12:10 PM,3 minutes and 52 seconds,Rosie  ORDONEZ
Tink-a-Tako - Potranco,Maria Majana,192,20,Tortillero,,9/7/25 12:04 PM,9/7/25 12:10 PM,6 minutes and 5 seconds,Rosie  ORDONEZ
Tink-a-Tako - Potranco,Maria Majana,192,20,Lobby,,9/7/25 12:04 PM,9/7/25 12:10 PM,6 minutes and 5 seconds,Rosie  ORDONEZ
Tink-a-Tako - Potranco,Maria Majana,11001,17,Lobby,,9/7/25 12:10 PM,9/7/25 12:12 PM,1 minute and 45 seconds,Rosie  ORDONEZ
Tink-a-Tako - Potranco,Silvia Hernandez,230,25,Lobby,,9/7/25 12:07 PM,9/7/25 12:12 PM,5 minutes and 33 seconds,Rosie  ORDONEZ
Tink-a-Tako - Potranco,Silvia Hernandez,230,25,Tortillero,,9/7/25 12:07 PM,9/7/25 12:12 PM,5 minutes and 33 seconds,Rosie  ORDONEZ
Tink-a-Tako - Potranco,Rosa Compean,235,8,Lobby,,9/7/25 12:11 PM,9/7/25 12:13 PM,1 minute and 42 seconds,Rosie  ORDONEZ
Tink-a-Tako - Potranco,Ivana Abundiz,226,,Lobby,,9/7/25 12:06 PM,9/7/25 12:13 PM,7 minutes and 6 seconds,Mayra Luna
Tink-a-Tako - Potranco,Ivana Abundiz,226,,Prep,,9/7/25 12:06 PM,9/7/25 12:13 PM,7 minutes and 6 seconds,Mayra Luna
Tink-a-Tako - Potranco,Daniela Torres,231,,Lobby,,9/7/25 12:07 PM,9/7/25 12:14 PM,7 minutes and 10 seconds,Mayra Luna
Tink-a-Tako - Potranco,Ivana Abundiz,226,,Lobby,,9/7/25 12:13 PM,9/7/25 12:14 PM,1 minute and 3 seconds,Mayra Luna
Tink-a-Tako - Potranco,Isabel Cisneros,198,23,Prep,,9/7/25 12:10 PM,9/7/25 12:15 PM,5 minutes and 51 seconds,Rosie  ORDONEZ
Tink-a-Tako - Potranco,Isabel Cisneros,198,23,Tortillero,,9/7/25 12:10 PM,9/7/25 12:15 PM,5 minutes and 51 seconds,Rosie  ORDONEZ
Tink-a-Tako - Potranco,Isabel Cisneros,198,23,Lobby,,9/7/25 12:10 PM,9/7/25 12:15 PM,5 minutes and 51 seconds,Rosie  ORDONEZ
Tink-a-Tako - Potranco,Silvia Hernandez,230,25,,2,9/7/25 12:12 PM,9/7/25 12:16 PM,4 minutes,Mayra Luna
Tink-a-Tako - Potranco,Daniela Torres,231,,,2,9/7/25 12:14 PM,9/7/25 12:16 PM,2 minutes and 13 seconds,Mayra Luna
Tink-a-Tako - Potranco,Rosa Compean,235,8,,2,9/7/25 12:13 PM,9/7/25 12:16 PM,3 minutes and 49 seconds,Mayra Luna
Tink-a-Tako - Potranco,Rosa Compean,227,7,,2,9/7/25 12:10 PM,9/7/25 12:16 PM,6 minutes and 30 seconds,Mayra Luna
Tink-a-Tako - Potranco,Esperansa Caviedes,162,38,,2,9/7/25 12:08 PM,9/7/25 12:16 PM,7 minutes and 57 seconds,Mayra Luna
Tink-a-Tako - Potranco,Adrianna  Navarro ,234,42,Lobby,,9/7/25 12:11 PM,9/7/25 12:17 PM,5 minutes and 32 seconds,Rosie  ORDONEZ
Tink-a-Tako - Potranco,Adrianna  Navarro ,234,42,Prep,,9/7/25 12:11 PM,9/7/25 12:17 PM,5 minutes and 32 seconds,Rosie  ORDONEZ
Tink-a-Tako - Potranco,Ivana Abundiz,232,,Tortillero,,9/7/25 12:08 PM,9/7/25 12:17 PM,9 minutes and 5 seconds,Mayra Luna
Tink-a-Tako - Potranco,Ivana Abundiz,232,,Lobby,,9/7/25 12:08 PM,9/7/25 12:17 PM,9 minutes and 5 seconds,Mayra Luna
Tink-a-Tako - Potranco,Ivana Abundiz,232,,Prep,,9/7/25 12:08 PM,9/7/25 12:17 PM,9 minutes and 5 seconds,Mayra Luna
Tink-a-Tako - Potranco,Ivana Abundiz,237,,Lobby,,9/7/25 12:13 PM,9/7/25 12:18 PM,5 minutes and 14 seconds,Mayra Luna
Tink-a-Tako - Potranco,Ivana Abundiz,233,,Lobby,,9/7/25 12:09 PM,9/7/25 12:20 PM,10 minutes and 10 seconds,Mayra Luna
Tink-a-Tako - Potranco,Ivana Abundiz,233,,Prep,,9/7/25 12:09 PM,9/7/25 12:20 PM,10 minutes and 10 seconds,Mayra Luna
Tink-a-Tako - Potranco,Ivana Abundiz,236,,Lobby,,9/7/25 12:12 PM,9/7/25 12:22 PM,9 minutes and 17 seconds,Mayra Luna
Tink-a-Tako - Potranco,Ivana Abundiz,239,,Lobby,,9/7/25 12:16 PM,9/7/25 12:23 PM,7 minutes and 42 seconds,Mayra Luna
Tink-a-Tako - Potranco,Ivana Abundiz,239,,Prep,,9/7/25 12:16 PM,9/7/25 12:23 PM,7 minutes and 42 seconds,Mayra Luna
Tink-a-Tako - Potranco,Ivana Abundiz,243,,Lobby,,9/7/25 12:21 PM,9/7/25 12:25 PM,3 minutes and 51 seconds,Mayra Luna
Tink-a-Tako - Potranco,Ivana Abundiz,240,,Lobby,,9/7/25 12:19 PM,9/7/25 12:26 PM,7 minutes and 32 seconds,Mayra Luna
Tink-a-Tako - Potranco,Ivana Abundiz,239,,Lobby,,9/7/25 12:25 PM,9/7/25 12:27 PM,1 minute and 53 seconds,Mayra Luna
Tink-a-Tako - Potranco,Isabel Cisneros,242,19,Lobby,,9/7/25 12:19 PM,9/7/25 12:27 PM,7 minutes and 41 seconds,Rosie  ORDONEZ
Tink-a-Tako - Potranco,Rosa Compean,227,7,Prep,,9/7/25 12:25 PM,9/7/25 12:28 PM,3 minutes and 8 seconds,Rosie  ORDONEZ
Tink-a-Tako - Potranco,Rosa Compean,227,7,Tortillero,,9/7/25 12:25 PM,9/7/25 12:28 PM,3 minutes and 8 seconds,Rosie  ORDONEZ
Tink-a-Tako - Potranco,Rosa Compean,227,7,Lobby,,9/7/25 12:25 PM,9/7/25 12:28 PM,3 minutes and 8 seconds,Rosie  ORDONEZ
Tink-a-Tako - Potranco,Sergio Abundiz,246,40,Lobby,,9/7/25 12:24 PM,9/7/25 12:28 PM,4 minutes and 24 seconds,Rosie  ORDONEZ
Tink-a-Tako - Potranco,Adrianna  Navarro ,247,11,Prep,,9/7/25 12:24 PM,9/7/25 12:28 PM,4 minutes and 23 seconds,Rosie  ORDONEZ
Tink-a-Tako - Potranco,Adrianna  Navarro ,247,11,Lobby,,9/7/25 12:24 PM,9/7/25 12:28 PM,4 minutes and 23 seconds,Rosie  ORDONEZ
Tink-a-Tako - Potranco,Adrianna  Navarro ,247,11,Tortillero,,9/7/25 12:24 PM,9/7/25 12:28 PM,4 minutes and 23 seconds,Rosie  ORDONEZ
Tink-a-Tako - Potranco,Ivana Abundiz,248,,Lobby,,9/7/25 12:24 PM,9/7/25 12:30 PM,5 minutes and 50 seconds,Mayra Luna
Tink-a-Tako - Potranco,Silvia Hernandez,204,33,,2,9/7/25 12:30 PM,9/7/25 12:30 PM,3 seconds,Mayra Luna
Tink-a-Tako - Potranco,Rosa Compean,251,31,Lobby,,9/7/25 12:28 PM,9/7/25 12:30 PM,2 minutes and 44 seconds,Rosie  ORDONEZ
Tink-a-Tako - Potranco,Rosa Compean,251,31,Tortillero,,9/7/25 12:28 PM,9/7/25 12:30 PM,2 minutes and 44 seconds,Rosie  ORDONEZ
Tink-a-Tako - Potranco,Esperansa Caviedes,256,37,Lobby,,9/7/25 12:28 PM,9/7/25 12:31 PM,2 minutes and 13 seconds,Rosie  ORDONEZ
Tink-a-Tako - Potranco,Silvia Hernandez,249,15,Lobby,,9/7/25 12:27 PM,9/7/25 12:31 PM,4 minutes and 23 seconds,Rosie  ORDONEZ
Tink-a-Tako - Potranco,Ivana Abundiz,248,,Lobby,,9/7/25 12:30 PM,9/7/25 12:33 PM,3 minutes and 7 seconds,Mayra Luna
Tink-a-Tako - Potranco,Sergio Abundiz,246,40,Lobby,,9/7/25 12:33 PM,9/7/25 12:34 PM,17 seconds,Rosie  ORDONEZ
Tink-a-Tako - Potranco,Esperansa Caviedes,253,36,Lobby,,9/7/25 12:28 PM,9/7/25 12:34 PM,6 minutes and 33 seconds,Rosie  ORDONEZ
Tink-a-Tako - Potranco,Esperansa Caviedes,253,36,Prep,,9/7/25 12:28 PM,9/7/25 12:34 PM,6 minutes and 33 seconds,Rosie  ORDONEZ
Tink-a-Tako - Potranco,Ivana Abundiz,252,,Lobby,,9/7/25 12:27 PM,9/7/25 12:35 PM,7 minutes and 28 seconds,Mayra Luna
Tink-a-Tako - Potranco,Ivana Abundiz,252,,Prep,,9/7/25 12:27 PM,9/7/25 12:35 PM,7 minutes and 28 seconds,Mayra Luna
Tink-a-Tako - Potranco,Ivana Abundiz,254,,Lobby,,9/7/25 12:28 PM,9/7/25 12:36 PM,7 minutes and 31 seconds,Mayra Luna
Tink-a-Tako - Potranco,Ivana Abundiz,255,,Lobby,,9/7/25 12:30 PM,9/7/25 12:36 PM,6 minutes and 1 second,Mayra Luna
Tink-a-Tako - Potranco,Silvia Hernandez,249,15,Prep,,9/7/25 12:26 PM,9/7/25 12:37 PM,10 minutes and 9 seconds,Rosie  ORDONEZ
Tink-a-Tako - Potranco,Silvia Hernandez,249,15,Lobby,,9/7/25 12:26 PM,9/7/25 12:37 PM,10 minutes and 9 seconds,Rosie  ORDONEZ
Tink-a-Tako - Potranco,Ivana Abundiz,259,,Lobby,,9/7/25 12:31 PM,9/7/25 12:37 PM,5 minutes and 59 seconds,Mayra Luna
Tink-a-Tako - Potranco,Daniela Torres,257,,Lobby,,9/7/25 12:29 PM,9/7/25 12:38 PM,9 minutes and 32 seconds,Mayra Luna
Tink-a-Tako - Potranco,Daniela Torres,258,,Lobby,,9/7/25 12:31 PM,9/7/25 12:38 PM,6 minutes and 41 seconds,Mayra Luna
Tink-a-Tako - Potranco,Daniela Torres,258,,Prep,,9/7/25 12:31 PM,9/7/25 12:38 PM,6 minutes and 41 seconds,Mayra Luna
Tink-a-Tako - Potranco,Ivana Abundiz,254,,Lobby,,9/7/25 12:37 PM,9/7/25 12:40 PM,3 minutes and 20 seconds,Mayra Luna
Tink-a-Tako - Potranco,Daniela Torres,261,,Lobby,,9/7/25 12:32 PM,9/7/25 12:40 PM,7 minutes and 37 seconds,Mayra Luna
Tink-a-Tako - Potranco,Daniela Torres,261,,Prep,,9/7/25 12:32 PM,9/7/25 12:40 PM,7 minutes and 37 seconds,Mayra Luna
Tink-a-Tako - Potranco,Daniela Torres,261,,Tortillero,,9/7/25 12:32 PM,9/7/25 12:40 PM,7 minutes and 37 seconds,Mayra Luna
Tink-a-Tako - Potranco,Rosa Compean,251,31,Lobby,,9/7/25 12:34 PM,9/7/25 12:40 PM,6 minutes and 30 seconds,Rosie  ORDONEZ
Tink-a-Tako - Potranco,Maria Majana,260,22,Lobby,,9/7/25 12:34 PM,9/7/25 12:40 PM,6 minutes and 46 seconds,Rosie  ORDONEZ
Tink-a-Tako - Potranco,Ivana Abundiz,263,,Lobby,,9/7/25 12:35 PM,9/7/25 12:41 PM,5 minutes and 51 seconds,Mayra Luna
Tink-a-Tako - Potranco,Ivana Abundiz,270,,Lobby,,9/7/25 12:42 PM,9/7/25 12:43 PM,1 minute and 12 seconds,Mayra Luna
Tink-a-Tako - Potranco,Ivana Abundiz,270,,Prep,,9/7/25 12:42 PM,9/7/25 12:43 PM,1 minute and 12 seconds,Mayra Luna
Tink-a-Tako - Potranco,Rosa Compean,251,31,Lobby,,9/7/25 12:44 PM,9/7/25 12:44 PM,34 seconds,Rosie  ORDONEZ
Tink-a-Tako - Potranco,Rosa Compean,227,7,Lobby,,9/7/25 12:44 PM,9/7/25 12:45 PM,22 seconds,Rosie  ORDONEZ
Tink-a-Tako - Potranco,Daniela Torres,262,,Lobby,,9/7/25 12:35 PM,9/7/25 12:45 PM,9 minutes and 49 seconds,Mayra Luna
Tink-a-Tako - Potranco,Silvia Hernandez,266,12,Prep,,9/7/25 12:43 PM,9/7/25 12:45 PM,2 minutes and 16 seconds,Rosie  ORDONEZ
Tink-a-Tako - Potranco,Silvia Hernandez,266,12,Lobby,,9/7/25 12:43 PM,9/7/25 12:45 PM,2 minutes and 16 seconds,Rosie  ORDONEZ
Tink-a-Tako - Potranco,Ivana Abundiz,271,,Lobby,,9/7/25 12:43 PM,9/7/25 12:45 PM,2 minutes and 9 seconds,Mayra Luna
Tink-a-Tako - Potranco,Rosa Compean,272,26,Lobby,,9/7/25 12:44 PM,9/7/25 12:47 PM,3 minutes and 19 seconds,Rosie  ORDONEZ
Tink-a-Tako - Potranco,Rosa Compean,251,31,,2,9/7/25 12:30 PM,9/7/25 12:47 PM,16 minutes and 51 seconds,Mayra Luna
Tink-a-Tako - Potranco,Esperansa Caviedes,256,37,,2,9/7/25 12:31 PM,9/7/25 12:47 PM,16 minutes and 47 seconds,Mayra Luna
Tink-a-Tako - Potranco,Daniela Torres,257,,,2,9/7/25 12:38 PM,9/7/25 12:47 PM,9 minutes and 16 seconds,Mayra Luna
Tink-a-Tako - Potranco,Esperansa Caviedes,253,36,,2,9/7/25 12:34 PM,9/7/25 12:47 PM,13 minutes and 7 seconds,Mayra Luna
Tink-a-Tako - Potranco,Silvia Hernandez,249,15,,2,9/7/25 12:37 PM,9/7/25 12:47 PM,10 minutes and 52 seconds,Mayra Luna
Tink-a-Tako - Potranco,Adrianna  Navarro ,247,11,,2,9/7/25 12:28 PM,9/7/25 12:47 PM,18 minutes and 59 seconds,Mayra Luna
Tink-a-Tako - Potranco,Silvia Hernandez,249,15,,2,9/7/25 12:31 PM,9/7/25 12:47 PM,16 minutes and 18 seconds,Mayra Luna
Tink-a-Tako - Potranco,Daniela Torres,258,,,2,9/7/25 12:38 PM,9/7/25 12:47 PM,9 minutes and 16 seconds,Mayra Luna
Tink-a-Tako - Potranco,Rosa Compean,227,7,,2,9/7/25 12:28 PM,9/7/25 12:47 PM,19 minutes and 9 seconds,Mayra Luna
Tink-a-Tako - Potranco,Daniela Torres,261,,,2,9/7/25 12:40 PM,9/7/25 12:47 PM,7 minutes and 23 seconds,Mayra Luna
Tink-a-Tako - Potranco,Silvia Hernandez,266,12,,2,9/7/25 12:45 PM,9/7/25 12:48 PM,2 minutes and 27 seconds,Mayra Luna
Tink-a-Tako - Potranco,Maria Majana,260,22,,2,9/7/25 12:40 PM,9/7/25 12:47 PM,7 minutes and 3 seconds,Mayra Luna
Tink-a-Tako - Potranco,Sergio Abundiz,246,40,,2,9/7/25 12:34 PM,9/7/25 12:47 PM,13 minutes and 44 seconds,Mayra Luna
Tink-a-Tako - Potranco,Daniela Torres,262,,,2,9/7/25 12:45 PM,9/7/25 12:48 PM,2 minutes and 44 seconds,Mayra Luna
Tink-a-Tako - Potranco,Sergio Abundiz,246,40,,2,9/7/25 12:28 PM,9/7/25 12:48 PM,19 minutes and 8 seconds,Mayra Luna
Tink-a-Tako - Potranco,Rosa Compean,251,31,,2,9/7/25 12:40 PM,9/7/25 12:48 PM,7 minutes and 16 seconds,Mayra Luna
Tink-a-Tako - Potranco,Isabel Cisneros,242,19,,2,9/7/25 12:27 PM,9/7/25 12:48 PM,20 minutes and 36 seconds,Mayra Luna
Tink-a-Tako - Potranco,Isabel Cisneros,198,23,,2,9/7/25 12:15 PM,9/7/25 12:48 PM,32 minutes and 20 seconds,Mayra Luna
Tink-a-Tako - Potranco,Adrianna  Navarro ,234,42,,2,9/7/25 12:17 PM,9/7/25 12:48 PM,30 minutes and 44 seconds,Mayra Luna
Tink-a-Tako - Potranco,Maria Majana,11001,17,,2,9/7/25 12:12 PM,9/7/25 12:48 PM,36 minutes and 7 seconds,Mayra Luna
Tink-a-Tako - Potranco,Silvia Hernandez,222,18,,2,9/7/25 12:03 PM,9/7/25 12:48 PM,45 minutes and 6 seconds,Mayra Luna
Tink-a-Tako - Potranco,Silvia Hernandez,222,18,,2,9/7/25 12:05 PM,9/7/25 12:48 PM,42 minutes and 46 seconds,Mayra Luna
Tink-a-Tako - Potranco,Rosa Compean,219,9,,2,9/7/25 12:05 PM,9/7/25 12:48 PM,42 minutes and 50 seconds,Mayra Luna
Tink-a-Tako - Potranco,Maria Majana,192,20,,2,9/7/25 12:10 PM,9/7/25 12:48 PM,37 minutes and 52 seconds,Mayra Luna
Tink-a-Tako - Potranco,Ivana Abundiz,274,,Lobby,,9/7/25 12:44 PM,9/7/25 12:48 PM,3 minutes and 40 seconds,Mayra Luna
Tink-a-Tako - Potranco,Ivana Abundiz,263,,Lobby,,9/7/25 12:45 PM,9/7/25 12:48 PM,2 minutes and 40 seconds,Mayra Luna
Tink-a-Tako - Potranco,Adrianna  Navarro ,280,39,Lobby,,9/7/25 12:48 PM,9/7/25 12:50 PM,1 minute and 47 seconds,Rosie  ORDONEZ
Tink-a-Tako - Potranco,Ivana Abundiz,277,,Lobby,,9/7/25 12:47 PM,9/7/25 12:51 PM,4 minutes and 17 seconds,Mayra Luna
Tink-a-Tako - Potranco,Ivana Abundiz,277,,Prep,,9/7/25 12:47 PM,9/7/25 12:51 PM,4 minutes and 17 seconds,Mayra Luna
Tink-a-Tako - Potranco,Daniela Torres,258,,Tortillero,,9/7/25 12:51 PM,9/7/25 12:52 PM,1 minute and 20 seconds,Mayra Luna
Tink-a-Tako - Potranco,Daniela Torres,258,,Lobby,,9/7/25 12:51 PM,9/7/25 12:52 PM,1 minute and 20 seconds,Mayra Luna
Tink-a-Tako - Potranco,Daniela Torres,258,,Prep,,9/7/25 12:51 PM,9/7/25 12:52 PM,1 minute and 20 seconds,Mayra Luna
Tink-a-Tako - Potranco,Isabel Cisneros,273,4,Lobby,,9/7/25 12:45 PM,9/7/25 12:52 PM,7 minutes and 15 seconds,Rosie  ORDONEZ
Tink-a-Tako - Potranco,Isabel Cisneros,273,4,Prep,,9/7/25 12:45 PM,9/7/25 12:52 PM,7 minutes and 15 seconds,Rosie  ORDONEZ
Tink-a-Tako - Potranco,Isabel Cisneros,273,4,Tortillero,,9/7/25 12:45 PM,9/7/25 12:52 PM,7 minutes and 15 seconds,Rosie  ORDONEZ
Tink-a-Tako - Potranco,Esperansa Caviedes,269,35,Lobby,,9/7/25 12:45 PM,9/7/25 12:53 PM,7 minutes and 8 seconds,Rosie  ORDONEZ
Tink-a-Tako - Potranco,Esperansa Caviedes,269,35,Prep,,9/7/25 12:45 PM,9/7/25 12:53 PM,7 minutes and 8 seconds,Rosie  ORDONEZ
Tink-a-Tako - Potranco,Esperansa Caviedes,269,35,Tortillero,,9/7/25 12:45 PM,9/7/25 12:53 PM,7 minutes and 8 seconds,Rosie  ORDONEZ
Tink-a-Tako - Potranco,Sergio Abundiz,281,18,Lobby,,9/7/25 12:51 PM,9/7/25 12:54 PM,2 minutes and 26 seconds,Rosie  ORDONEZ
Tink-a-Tako - Potranco,Sergio Abundiz,281,18,Prep,,9/7/25 12:51 PM,9/7/25 12:54 PM,2 minutes and 26 seconds,Rosie  ORDONEZ
Tink-a-Tako - Potranco,Sergio Abundiz,281,18,Tortillero,,9/7/25 12:51 PM,9/7/25 12:54 PM,2 minutes and 26 seconds,Rosie  ORDONEZ
Tink-a-Tako - Potranco,Isabel Cisneros,275,32,Lobby,,9/7/25 12:46 PM,9/7/25 12:54 PM,7 minutes and 59 seconds,Rosie  ORDONEZ
Tink-a-Tako - Potranco,Isabel Cisneros,275,32,Prep,,9/7/25 12:46 PM,9/7/25 12:54 PM,7 minutes and 59 seconds,Rosie  ORDONEZ
Tink-a-Tako - Potranco,Isabel Cisneros,275,32,Tortillero,,9/7/25 12:46 PM,9/7/25 12:54 PM,7 minutes and 59 seconds,Rosie  ORDONEZ
Tink-a-Tako - Potranco,Rosa Compean,272,26,,2,9/7/25 12:47 PM,9/7/25 12:55 PM,7 minutes and 24 seconds,Mayra Luna
Tink-a-Tako - Potranco,Isabel Cisneros,198,23,,2,9/7/25 11:51 AM,9/7/25 12:55 PM,"1 hour, 3 minutes and 45 seconds",Mayra Luna
Tink-a-Tako - Potranco,Isabel Cisneros,273,4,,2,9/7/25 12:52 PM,9/7/25 12:55 PM,2 minutes and 11 seconds,Mayra Luna
Tink-a-Tako - Potranco,Isabel Cisneros,275,32,,2,9/7/25 12:54 PM,9/7/25 12:55 PM,26 seconds,Mayra Luna
Tink-a-Tako - Potranco,Esperansa Caviedes,269,35,,2,9/7/25 12:53 PM,9/7/25 12:55 PM,2 minutes and 3 seconds,Mayra Luna
Tink-a-Tako - Potranco,Adrianna  Navarro ,280,39,,2,9/7/25 12:50 PM,9/7/25 12:55 PM,5 minutes and 6 seconds,Mayra Luna
Tink-a-Tako - Potranco,Ivana Abundiz,279,,Lobby,,9/7/25 12:50 PM,9/7/25 12:56 PM,5 minutes and 45 seconds,Mayra Luna
Tink-a-Tako - Potranco,Ivana Abundiz,279,,Prep,,9/7/25 12:50 PM,9/7/25 12:56 PM,5 minutes and 45 seconds,Mayra Luna
Tink-a-Tako - Potranco,Ivana Abundiz,277,,Lobby,,9/7/25 12:54 PM,9/7/25 12:56 PM,1 minute and 47 seconds,Mayra Luna
Tink-a-Tako - Potranco,Ivana Abundiz,282,,Lobby,,9/7/25 12:51 PM,9/7/25 12:57 PM,5 minutes and 50 seconds,Mayra Luna
Tink-a-Tako - Potranco,Ivana Abundiz,283,,Lobby,,9/7/25 12:54 PM,9/7/25 12:57 PM,3 minutes and 49 seconds,Mayra Luna
Tink-a-Tako - Potranco,Silvia Hernandez,284,20,Lobby,,9/7/25 12:53 PM,9/7/25 12:58 PM,4 minutes and 51 seconds,Rosie  ORDONEZ
Tink-a-Tako - Potranco,Maria Majana,288,8,Lobby,,9/7/25 12:57 PM,9/7/25 12:58 PM,1 minute and 7 seconds,Rosie  ORDONEZ
Tink-a-Tako - Potranco,Isabel Cisneros,292,17,Lobby,,9/7/25 12:59 PM,9/7/25 12:59 PM,36 seconds,Rosie  ORDONEZ
Tink-a-Tako - Potranco,Sergio Abundiz,281,18,,2,9/7/25 12:54 PM,9/7/25 1:02 PM,8 minutes and 53 seconds,Mayra Luna
Tink-a-Tako - Potranco,Rosa Compean,251,31,,2,9/7/25 12:44 PM,9/7/25 1:02 PM,17 minutes and 59 seconds,Mayra Luna
Tink-a-Tako - Potranco,Maria Majana,192,20,,2,9/7/25 11:48 AM,9/7/25 1:03 PM,"1 hour, 14 minutes and 27 seconds",Mayra Luna
Tink-a-Tako - Potranco,Silvia Hernandez,284,20,,2,9/7/25 12:58 PM,9/7/25 1:03 PM,4 minutes and 34 seconds,Mayra Luna
Tink-a-Tako - Potranco,Daniela Torres,291,,Lobby,,9/7/25 12:59 PM,9/7/25 1:03 PM,4 minutes and 2 seconds,Mayra Luna
Tink-a-Tako - Potranco,Daniela Torres,291,,Prep,,9/7/25 12:59 PM,9/7/25 1:03 PM,4 minutes and 2 seconds,Mayra Luna
Tink-a-Tako - Potranco,Ivana Abundiz,283,,Lobby,,9/7/25 1:03 PM,9/7/25 1:05 PM,1 minute and 34 seconds,Mayra Luna
Tink-a-Tako - Potranco,Ivana Abundiz,289,,Lobby,,9/7/25 12:59 PM,9/7/25 1:06 PM,6 minutes and 35 seconds,Mayra Luna
Tink-a-Tako - Potranco,Juan  Camacho,290,1,Prep,,9/7/25 12:59 PM,9/7/25 1:06 PM,7 minutes and 8 seconds,Rosie  ORDONEZ
Tink-a-Tako - Potranco,Juan  Camacho,290,1,Tortillero,,9/7/25 12:59 PM,9/7/25 1:06 PM,7 minutes and 8 seconds,Rosie  ORDONEZ
Tink-a-Tako - Potranco,Juan  Camacho,290,1,Lobby,,9/7/25 12:59 PM,9/7/25 1:06 PM,7 minutes and 8 seconds,Rosie  ORDONEZ
Tink-a-Tako - Potranco,Ivana Abundiz,294,,Lobby,,9/7/25 1:02 PM,9/7/25 1:07 PM,4 minutes and 28 seconds,Mayra Luna
Tink-a-Tako - Potranco,Juan  Camacho,293,1,Lobby,,9/7/25 1:01 PM,9/7/25 1:08 PM,7 minutes and 1 second,Rosie  ORDONEZ
Tink-a-Tako - Potranco,Juan  Camacho,293,1,Prep,,9/7/25 1:01 PM,9/7/25 1:08 PM,7 minutes and 1 second,Rosie  ORDONEZ
Tink-a-Tako - Potranco,Juan  Camacho,293,1,Tortillero,,9/7/25 1:01 PM,9/7/25 1:08 PM,7 minutes and 1 second,Rosie  ORDONEZ
Tink-a-Tako - Potranco,Ivana Abundiz,295,,Lobby,,9/7/25 1:04 PM,9/7/25 1:10 PM,6 minutes and 3 seconds,Mayra Luna
Tink-a-Tako - Potranco,Ivana Abundiz,296,,Lobby,,9/7/25 1:05 PM,9/7/25 1:10 PM,5 minutes and 17 seconds,Mayra Luna
Tink-a-Tako - Potranco,Ivana Abundiz,296,,Prep,,9/7/25 1:05 PM,9/7/25 1:10 PM,5 minutes and 17 seconds,Mayra Luna
Tink-a-Tako - Potranco,Rosa Compean,302,3,Lobby,,9/7/25 1:08 PM,9/7/25 1:10 PM,2 minutes and 27 seconds,Rosie  ORDONEZ
Tink-a-Tako - Potranco,Ivana Abundiz,306,,Lobby,,9/7/25 1:10 PM,9/7/25 1:11 PM,28 seconds,Mayra Luna
Tink-a-Tako - Potranco,Ivana Abundiz,299,,Lobby,,9/7/25 1:07 PM,9/7/25 1:11 PM,4 minutes and 34 seconds,Mayra Luna
Tink-a-Tako - Potranco,Juan  Camacho,298,25,Lobby,,9/7/25 1:04 PM,9/7/25 1:11 PM,6 minutes and 55 seconds,Rosie  ORDONEZ
Tink-a-Tako - Potranco,Esperansa Caviedes,305,37,Prep,,9/7/25 1:10 PM,9/7/25 1:12 PM,1 minute and 55 seconds,Rosie  ORDONEZ
Tink-a-Tako - Potranco,Esperansa Caviedes,305,37,Lobby,,9/7/25 1:10 PM,9/7/25 1:12 PM,1 minute and 55 seconds,Rosie  ORDONEZ
Tink-a-Tako - Potranco,Ivana Abundiz,301,,Lobby,,9/7/25 1:08 PM,9/7/25 1:13 PM,4 minutes and 36 seconds,Mayra Luna
Tink-a-Tako - Potranco,Adrianna  Navarro ,300,38,Lobby,,9/7/25 1:07 PM,9/7/25 1:14 PM,6 minutes and 51 seconds,Rosie  ORDONEZ
Tink-a-Tako - Potranco,Ivana Abundiz,309,,Lobby,,9/7/25 1:14 PM,9/7/25 1:15 PM,56 seconds,Mayra Luna
Tink-a-Tako - Potranco,Mayra Luna,37,,Lobby,,9/7/25 1:14 PM,9/7/25 1:16 PM,1 minute and 51 seconds,Rosie  ORDONEZ
Tink-a-Tako - Potranco,Esperansa Caviedes,305,37,Lobby,,9/7/25 1:17 PM,9/7/25 1:18 PM,1 minute and 26 seconds,Rosie  ORDONEZ
Tink-a-Tako - Potranco,Juan  Camacho,290,1,Lobby,,9/7/25 1:15 PM,9/7/25 1:19 PM,4 minutes and 28 seconds,Rosie  ORDONEZ
Tink-a-Tako - Potranco,Silvia Hernandez,310,15,Lobby,,9/7/25 1:17 PM,9/7/25 1:24 PM,6 minutes and 18 seconds,Rosie  ORDONEZ
Tink-a-Tako - Potranco,Maria Majana,308,10,Lobby,,9/7/25 1:16 PM,9/7/25 1:24 PM,7 minutes and 30 seconds,Rosie  ORDONEZ
Tink-a-Tako - Potranco,Ivana Abundiz,312,,Lobby,,9/7/25 1:20 PM,9/7/25 1:24 PM,4 minutes and 49 seconds,Mayra Luna
Tink-a-Tako - Potranco,Isabel Cisneros,292,17,Lobby,,9/7/25 1:24 PM,9/7/25 1:25 PM,1 minute and 43 seconds,Rosie  ORDONEZ
Tink-a-Tako - Potranco,Isabel Cisneros,292,17,Prep,,9/7/25 1:24 PM,9/7/25 1:25 PM,1 minute and 43 seconds,Rosie  ORDONEZ
Tink-a-Tako - Potranco,Silvia Hernandez,311,24,Prep,,9/7/25 1:18 PM,9/7/25 1:27 PM,9 minutes and 2 seconds,Rosie  ORDONEZ
Tink-a-Tako - Potranco,Silvia Hernandez,311,24,Tortillero,,9/7/25 1:18 PM,9/7/25 1:27 PM,9 minutes and 2 seconds,Rosie  ORDONEZ
Tink-a-Tako - Potranco,Silvia Hernandez,311,24,Lobby,,9/7/25 1:18 PM,9/7/25 1:27 PM,9 minutes and 2 seconds,Rosie  ORDONEZ
Tink-a-Tako - Potranco,Isabel Cisneros,317,7,Lobby,,9/7/25 1:22 PM,9/7/25 1:27 PM,5 minutes and 39 seconds,Rosie  ORDONEZ
Tink-a-Tako - Potranco,Ivana Abundiz,314,,Lobby,,9/7/25 1:21 PM,9/7/25 1:28 PM,7 minutes and 15 seconds,Mayra Luna
Tink-a-Tako - Potranco,Ivana Abundiz,314,,Prep,,9/7/25 1:21 PM,9/7/25 1:28 PM,7 minutes and 15 seconds,Mayra Luna
Tink-a-Tako - Potranco,Juan  Camacho,320,33,Lobby,,9/7/25 1:22 PM,9/7/25 1:28 PM,5 minutes and 44 seconds,Rosie  ORDONEZ
Tink-a-Tako - Potranco,Juan  Camacho,320,33,Prep,,9/7/25 1:22 PM,9/7/25 1:28 PM,5 minutes and 44 seconds,Rosie  ORDONEZ
Tink-a-Tako - Potranco,Juan  Camacho,320,33,Tortillero,,9/7/25 1:22 PM,9/7/25 1:28 PM,5 minutes and 44 seconds,Rosie  ORDONEZ
Tink-a-Tako - Potranco,Ivana Abundiz,316,,Lobby,,9/7/25 1:22 PM,9/7/25 1:29 PM,7 minutes and 35 seconds,Mayra Luna
Tink-a-Tako - Potranco,Juan  Camacho,321,31,Lobby,,9/7/25 1:28 PM,9/7/25 1:30 PM,2 minutes and 20 seconds,Rosie  ORDONEZ
Tink-a-Tako - Potranco,Ivana Abundiz,315,,Lobby,,9/7/25 1:21 PM,9/7/25 1:31 PM,9 minutes and 36 seconds,Mayra Luna
Tink-a-Tako - Potranco,Ivana Abundiz,315,,Prep,,9/7/25 1:21 PM,9/7/25 1:31 PM,9 minutes and 36 seconds,Mayra Luna
Tink-a-Tako - Potranco,Ivana Abundiz,326,,Lobby,,9/7/25 1:31 PM,9/7/25 1:32 PM,1 minute and 4 seconds,Mayra Luna
Tink-a-Tako - Potranco,Mayra Luna,37,,,2,9/7/25 1:16 PM,9/7/25 1:32 PM,16 minutes and 27 seconds,Mayra Luna
Tink-a-Tako - Potranco,Juan  Camacho,290,1,,2,9/7/25 1:19 PM,9/7/25 1:32 PM,12 minutes and 42 seconds,Mayra Luna
Tink-a-Tako - Potranco,Maria Majana,308,10,,2,9/7/25 1:24 PM,9/7/25 1:32 PM,8 minutes and 9 seconds,Mayra Luna
Tink-a-Tako - Potranco,Esperansa Caviedes,305,37,,2,9/7/25 1:18 PM,9/7/25 1:32 PM,14 minutes and 4 seconds,Mayra Luna
Tink-a-Tako - Potranco,Silvia Hernandez,310,15,,2,9/7/25 1:24 PM,9/7/25 1:32 PM,8 minutes and 16 seconds,Mayra Luna
Tink-a-Tako - Potranco,Esperansa Caviedes,305,37,,2,9/7/25 1:12 PM,9/7/25 1:32 PM,19 minutes and 44 seconds,Mayra Luna
Tink-a-Tako - Potranco,Juan  Camacho,298,25,,2,9/7/25 1:11 PM,9/7/25 1:32 PM,20 minutes and 44 seconds,Mayra Luna
Tink-a-Tako - Potranco,Rosa Compean,302,3,,2,9/7/25 1:10 PM,9/7/25 1:32 PM,21 minutes and 36 seconds,Mayra Luna
Tink-a-Tako - Potranco,Adrianna  Navarro ,300,38,,2,9/7/25 1:14 PM,9/7/25 1:32 PM,18 minutes and 13 seconds,Mayra Luna
Tink-a-Tako - Potranco,Isabel Cisneros,317,7,,2,9/7/25 1:27 PM,9/7/25 1:32 PM,4 minutes and 42 seconds,Mayra Luna
Tink-a-Tako - Potranco,Silvia Hernandez,311,24,,2,9/7/25 1:27 PM,9/7/25 1:32 PM,4 minutes and 52 seconds,Mayra Luna
Tink-a-Tako - Potranco,Juan  Camacho,293,1,,2,9/7/25 1:08 PM,9/7/25 1:32 PM,24 minutes and 27 seconds,Mayra Luna
Tink-a-Tako - Potranco,Juan  Camacho,320,33,,2,9/7/25 1:28 PM,9/7/25 1:32 PM,4 minutes and 6 seconds,Mayra Luna
Tink-a-Tako - Potranco,Juan  Camacho,290,1,,2,9/7/25 1:06 PM,9/7/25 1:32 PM,25 minutes and 59 seconds,Mayra Luna
Tink-a-Tako - Potranco,Daniela Torres,258,,,2,9/7/25 12:52 PM,9/7/25 1:32 PM,39 minutes and 59 seconds,Mayra Luna
Tink-a-Tako - Potranco,Rosa Compean,227,7,,2,9/7/25 12:45 PM,9/7/25 1:32 PM,47 minutes and 45 seconds,Mayra Luna
Tink-a-Tako - Potranco,Juan  Camacho,323,31,Lobby,,9/7/25 1:28 PM,9/7/25 1:32 PM,4 minutes and 51 seconds,Rosie  ORDONEZ
Tink-a-Tako - Potranco,Juan  Camacho,323,31,Prep,,9/7/25 1:28 PM,9/7/25 1:32 PM,4 minutes and 51 seconds,Rosie  ORDONEZ
Tink-a-Tako - Potranco,Juan  Camacho,323,31,Tortillero,,9/7/25 1:28 PM,9/7/25 1:32 PM,4 minutes and 51 seconds,Rosie  ORDONEZ
Tink-a-Tako - Potranco,Maria Majana,288,8,,2,9/7/25 12:58 PM,9/7/25 1:32 PM,34 minutes and 18 seconds,Mayra Luna
Tink-a-Tako - Potranco,Juan  Camacho,322,31,Lobby,,9/7/25 1:28 PM,9/7/25 1:32 PM,4 minutes and 53 seconds,Rosie  ORDONEZ
Tink-a-Tako - Potranco,Esperansa Caviedes,327,8,Lobby,,9/7/25 1:31 PM,9/7/25 1:33 PM,2 minutes and 12 seconds,Rosie  ORDONEZ
Tink-a-Tako - Potranco,Esperansa Caviedes,327,8,Prep,,9/7/25 1:31 PM,9/7/25 1:33 PM,2 minutes and 12 seconds,Rosie  ORDONEZ
Tink-a-Tako - Potranco,Adrianna  Navarro ,325,40,Lobby,,9/7/25 1:29 PM,9/7/25 1:34 PM,4 minutes and 59 seconds,Rosie  ORDONEZ
Tink-a-Tako - Potranco,Ivana Abundiz,319,,Lobby,,9/7/25 1:27 PM,9/7/25 1:34 PM,7 minutes and 5 seconds,Mayra Luna
Tink-a-Tako - Potranco,Ivana Abundiz,319,,Prep,,9/7/25 1:27 PM,9/7/25 1:34 PM,7 minutes and 5 seconds,Mayra Luna
Tink-a-Tako - Potranco,Ivana Abundiz,328,,Lobby,,9/7/25 1:33 PM,9/7/25 1:36 PM,3 minutes and 23 seconds,Mayra Luna
Tink-a-Tako - Potranco,Ivana Abundiz,326,,Lobby,,9/7/25 1:39 PM,9/7/25 1:39 PM,36 seconds,Mayra Luna
Tink-a-Tako - Potranco,Ivana Abundiz,326,,Prep,,9/7/25 1:39 PM,9/7/25 1:39 PM,36 seconds,Mayra Luna
Tink-a-Tako - Potranco,Adrianna  Navarro ,325,40,Lobby,,9/7/25 1:44 PM,9/7/25 1:44 PM,40 seconds,Rosie  ORDONEZ
Tink-a-Tako - Potranco,Sergio Abundiz,329,18,Lobby,,9/7/25 1:41 PM,9/7/25 1:44 PM,3 minutes and 4 seconds,Rosie  ORDONEZ
Tink-a-Tako - Potranco,Maria Majana,330,22,Lobby,,9/7/25 1:48 PM,9/7/25 1:49 PM,47 seconds,Rosie  ORDONEZ
Tink-a-Tako - Potranco,Ivana Abundiz,335,,Lobby,,9/7/25 1:49 PM,9/7/25 1:52 PM,3 minutes and 31 seconds,Mayra Luna
Tink-a-Tako - Potranco,Maria Majana,330,22,Prep,,9/7/25 1:44 PM,9/7/25 1:53 PM,8 minutes and 34 seconds,Rosie  ORDONEZ
Tink-a-Tako - Potranco,Maria Majana,330,22,Lobby,,9/7/25 1:44 PM,9/7/25 1:53 PM,8 minutes and 34 seconds,Rosie  ORDONEZ
Tink-a-Tako - Potranco,Juan  Camacho,331,25,Lobby,,9/7/25 1:44 PM,9/7/25 1:53 PM,8 minutes and 52 seconds,Rosie  ORDONEZ
Tink-a-Tako - Potranco,Ivana Abundiz,332,,Lobby,,9/7/25 1:47 PM,9/7/25 1:55 PM,8 minutes and 30 seconds,Mayra Luna
Tink-a-Tako - Potranco,Ivana Abundiz,332,,Tortillero,,9/7/25 1:47 PM,9/7/25 1:55 PM,8 minutes and 30 seconds,Mayra Luna
Tink-a-Tako - Potranco,Ivana Abundiz,332,,Prep,,9/7/25 1:47 PM,9/7/25 1:55 PM,8 minutes and 30 seconds,Mayra Luna
Tink-a-Tako - Potranco,Ivana Abundiz,338,,Lobby,,9/7/25 1:54 PM,9/7/25 1:56 PM,2 minutes and 2 seconds,Mayra Luna
Tink-a-Tako - Potranco,Ivana Abundiz,333,,Tortillero,,9/7/25 1:48 PM,9/7/25 1:58 PM,10 minutes and 22 seconds,Mayra Luna
Tink-a-Tako - Potranco,Ivana Abundiz,333,,Lobby,,9/7/25 1:48 PM,9/7/25 1:58 PM,10 minutes and 22 seconds,Mayra Luna
Tink-a-Tako - Potranco,Ivana Abundiz,340,,Lobby,,9/7/25 1:58 PM,9/7/25 2:03 PM,5 minutes and 43 seconds,Mayra Luna
Tink-a-Tako - Potranco,Ivana Abundiz,340,,Tortillero,,9/7/25 1:58 PM,9/7/25 2:03 PM,5 minutes and 43 seconds,Mayra Luna
Tink-a-Tako - Potranco,Ivana Abundiz,340,,Prep,,9/7/25 1:58 PM,9/7/25 2:03 PM,5 minutes and 43 seconds,Mayra Luna
Tink-a-Tako - Potranco,Silvia Hernandez,339,35,Prep,,9/7/25 1:55 PM,9/7/25 2:06 PM,10 minutes and 32 seconds,Rosie  ORDONEZ
Tink-a-Tako - Potranco,Silvia Hernandez,339,35,Tortillero,,9/7/25 1:55 PM,9/7/25 2:06 PM,10 minutes and 32 seconds,Rosie  ORDONEZ
Tink-a-Tako - Potranco,Silvia Hernandez,339,35,Lobby,,9/7/25 1:55 PM,9/7/25 2:06 PM,10 minutes and 32 seconds,Rosie  ORDONEZ
Tink-a-Tako - Potranco,Ivana Abundiz,341,,Lobby,,9/7/25 2:01 PM,9/7/25 2:06 PM,5 minutes and 30 seconds,Mayra Luna
Tink-a-Tako - Potranco,Ivana Abundiz,346,,Lobby,,9/7/25 2:04 PM,9/7/25 2:09 PM,4 minutes and 7 seconds,Mayra Luna
Tink-a-Tako - Potranco,Isabel Cisneros,342,32,Prep,,9/7/25 2:02 PM,9/7/25 2:09 PM,7 minutes and 7 seconds,Rosie  ORDONEZ
Tink-a-Tako - Potranco,Isabel Cisneros,342,32,Tortillero,,9/7/25 2:02 PM,9/7/25 2:09 PM,7 minutes and 7 seconds,Rosie  ORDONEZ
Tink-a-Tako - Potranco,Isabel Cisneros,342,32,Lobby,,9/7/25 2:02 PM,9/7/25 2:09 PM,7 minutes and 7 seconds,Rosie  ORDONEZ
Tink-a-Tako - Potranco,Esperansa Caviedes,343,10,Lobby,,9/7/25 2:02 PM,9/7/25 2:09 PM,6 minutes and 46 seconds,Rosie  ORDONEZ
Tink-a-Tako - Potranco,Ivana Abundiz,347,,Lobby,,9/7/25 2:09 PM,9/7/25 2:09 PM,24 seconds,Mayra Luna
Tink-a-Tako - Potranco,Ivana Abundiz,344,,Lobby,,9/7/25 2:04 PM,9/7/25 2:09 PM,5 minutes and 21 seconds,Mayra Luna
Tink-a-Tako - Potranco,Adrianna  Navarro ,345,9,Lobby,,9/7/25 2:05 PM,9/7/25 2:13 PM,7 minutes and 32 seconds,Rosie  ORDONEZ
Tink-a-Tako - Potranco,Juan  Camacho,348,22,Lobby,,9/7/25 2:16 PM,9/7/25 2:24 PM,7 minutes and 55 seconds,Rosie  ORDONEZ
Tink-a-Tako - Potranco,Ivana Abundiz,352,,Lobby,,9/7/25 2:23 PM,9/7/25 2:26 PM,2 minutes and 53 seconds,Mayra Luna
Tink-a-Tako - Potranco,Ivana Abundiz,349,,Lobby,,9/7/25 2:18 PM,9/7/25 2:27 PM,8 minutes and 20 seconds,Mayra Luna
Tink-a-Tako - Potranco,Ivana Abundiz,349,,Lobby,,9/7/25 2:19 PM,9/7/25 2:28 PM,8 minutes and 40 seconds,Mayra Luna
Tink-a-Tako - Potranco,Ivana Abundiz,351,,Lobby,,9/7/25 2:20 PM,9/7/25 2:28 PM,8 minutes and 30 seconds,Mayra Luna
Tink-a-Tako - Potranco,Ivana Abundiz,351,,Prep,,9/7/25 2:20 PM,9/7/25 2:28 PM,8 minutes and 30 seconds,Mayra Luna
Tink-a-Tako - Potranco,Juan  Camacho,353,24,Lobby,,9/7/25 2:27 PM,9/7/25 2:29 PM,1 minute and 20 seconds,Rosie  ORDONEZ
Tink-a-Tako - Potranco,Juan  Camacho,348,22,Lobby,,9/7/25 2:26 PM,9/7/25 2:29 PM,2 minutes and 54 seconds,Rosie  ORDONEZ
Tink-a-Tako - Potranco,Juan  Camacho,350,37,Lobby,,9/7/25 2:26 PM,9/7/25 2:30 PM,4 minutes and 20 seconds,Rosie  ORDONEZ
Tink-a-Tako - Potranco,Ivana Abundiz,356,,Tortillero,,9/7/25 2:29 PM,9/7/25 2:32 PM,2 minutes and 50 seconds,Mayra Luna
Tink-a-Tako - Potranco,Ivana Abundiz,356,,Lobby,,9/7/25 2:29 PM,9/7/25 2:32 PM,2 minutes and 50 seconds,Mayra Luna
Tink-a-Tako - Potranco,Juan  Camacho,355,42,Lobby,,9/7/25 2:29 PM,9/7/25 2:32 PM,2 minutes and 51 seconds,Rosie  ORDONEZ
Tink-a-Tako - Potranco,Juan  Camacho,355,42,Tortillero,,9/7/25 2:29 PM,9/7/25 2:32 PM,2 minutes and 51 seconds,Rosie  ORDONEZ
Tink-a-Tako - Potranco,Juan  Camacho,353,24,Lobby,,9/7/25 2:37 PM,9/7/25 2:38 PM,33 seconds,Rosie  ORDONEZ
Tink-a-Tako - Potranco,Ivana Abundiz,357,,Lobby,,9/7/25 2:31 PM,9/7/25 2:38 PM,6 minutes and 57 seconds,Mayra Luna
Tink-a-Tako - Potranco,Ivana Abundiz,358,,Lobby,,9/7/25 2:33 PM,9/7/25 2:39 PM,6 minutes and 17 seconds,Mayra Luna
Tink-a-Tako - Potranco,Isabel Cisneros,359,38,Lobby,,9/7/25 2:33 PM,9/7/25 2:39 PM,6 minutes and 5 seconds,Rosie  ORDONEZ
Tink-a-Tako - Potranco,Ivana Abundiz,361,,Lobby,,9/7/25 2:35 PM,9/7/25 2:41 PM,5 minutes and 29 seconds,Mayra Luna
Tink-a-Tako - Potranco,Ivana Abundiz,356,,Lobby,,9/7/25 2:36 PM,9/7/25 2:42 PM,5 minutes and 7 seconds,Mayra Luna
Tink-a-Tako - Potranco,Sergio Abundiz,360,40,Lobby,,9/7/25 2:36 PM,9/7/25 2:42 PM,5 minutes and 53 seconds,Rosie  ORDONEZ
Tink-a-Tako - Potranco,Sergio Abundiz,360,40,Prep,,9/7/25 2:36 PM,9/7/25 2:42 PM,5 minutes and 53 seconds,Rosie  ORDONEZ
Tink-a-Tako - Potranco,Sergio Abundiz,360,40,Tortillero,,9/7/25 2:36 PM,9/7/25 2:42 PM,5 minutes and 53 seconds,Rosie  ORDONEZ
Tink-a-Tako - Potranco,Ivana Abundiz,357,,Lobby,,9/7/25 2:42 PM,9/7/25 2:46 PM,3 minutes and 31 seconds,Mayra Luna
Tink-a-Tako - Potranco,Ivana Abundiz,362,,Tortillero,,9/7/25 2:41 PM,9/7/25 2:46 PM,4 minutes and 5 seconds,Mayra Luna
Tink-a-Tako - Potranco,Ivana Abundiz,362,,Lobby,,9/7/25 2:41 PM,9/7/25 2:46 PM,4 minutes and 5 seconds,Mayra Luna
Tink-a-Tako - Potranco,Adrianna  Navarro ,364,35,Lobby,,9/7/25 2:49 PM,9/7/25 2:52 PM,2 minutes and 49 seconds,Rosie  ORDONEZ
Tink-a-Tako - Potranco,Ivana Abundiz,363,,Tortillero,,9/7/25 2:45 PM,9/7/25 2:53 PM,8 minutes and 3 seconds,Mayra Luna
Tink-a-Tako - Potranco,Ivana Abundiz,363,,Lobby,,9/7/25 2:45 PM,9/7/25 2:53 PM,8 minutes and 3 seconds,Mayra Luna
Tink-a-Tako - Potranco,Ivana Abundiz,363,,Prep,,9/7/25 2:45 PM,9/7/25 2:53 PM,8 minutes and 3 seconds,Mayra Luna
Tink-a-Tako - Potranco,Sergio Abundiz,360,40,Lobby,,9/7/25 2:50 PM,9/7/25 3:01 PM,10 minutes and 37 seconds,Rosie  ORDONEZ
Tink-a-Tako - Potranco,Ivana Abundiz,366,,Lobby,,9/7/25 2:55 PM,9/7/25 3:03 PM,7 minutes and 52 seconds,Mayra Luna
Tink-a-Tako - Potranco,Adrianna  Navarro ,345,9,,2,9/7/25 2:13 PM,9/7/25 3:31 PM,"1 hour, 18 minutes and 35 seconds",Mayra Luna
Tink-a-Tako - Potranco,Ivana Abundiz,344,,,2,9/7/25 2:09 PM,9/7/25 3:31 PM,1 hour and 22 minutes,Mayra Luna
Tink-a-Tako - Potranco,Juan  Camacho,353,24,,2,9/7/25 2:29 PM,9/7/25 3:31 PM,"1 hour, 2 minutes and 52 seconds",Mayra Luna
Tink-a-Tako - Potranco,Juan  Camacho,348,22,,2,9/7/25 2:29 PM,9/7/25 3:31 PM,"1 hour, 2 minutes and 51 seconds",Mayra Luna
Tink-a-Tako - Potranco,Juan  Camacho,355,42,,2,9/7/25 2:32 PM,9/7/25 3:32 PM,59 minutes and 22 seconds,Mayra Luna
Tink-a-Tako - Potranco,Isabel Cisneros,359,38,,2,9/7/25 2:39 PM,9/7/25 3:32 PM,52 minutes and 5 seconds,Mayra Luna
Tink-a-Tako - Potranco,Adrianna  Navarro ,364,35,,2,9/7/25 2:52 PM,9/7/25 3:32 PM,39 minutes and 14 seconds,Mayra Luna
Tink-a-Tako - Potranco,Sergio Abundiz,360,40,,2,9/7/25 3:01 PM,9/7/25 3:32 PM,30 minutes and 36 seconds,Mayra Luna
Tink-a-Tako - Potranco,Sergio Abundiz,360,40,,2,9/7/25 2:42 PM,9/7/25 3:32 PM,49 minutes and 17 seconds,Mayra Luna
Tink-a-Tako - Potranco,Juan  Camacho,353,24,,2,9/7/25 2:38 PM,9/7/25 3:32 PM,53 minutes and 57 seconds,Mayra Luna
Tink-a-Tako - Potranco,Juan  Camacho,348,22,,2,9/7/25 2:24 PM,9/7/25 3:32 PM,"1 hour, 7 minutes and 39 seconds",Mayra Luna
Tink-a-Tako - Potranco,Juan  Camacho,350,37,,2,9/7/25 2:30 PM,9/7/25 3:32 PM,"1 hour, 1 minute and 44 seconds",Mayra Luna
Tink-a-Tako - Potranco,Isabel Cisneros,342,32,,2,9/7/25 2:09 PM,9/7/25 3:32 PM,"1 hour, 23 minutes and 7 seconds",Mayra Luna
Tink-a-Tako - Potranco,Silvia Hernandez,339,35,,2,9/7/25 2:06 PM,9/7/25 3:32 PM,"1 hour, 26 minutes and 11 seconds",Mayra Luna
Tink-a-Tako - Potranco,Juan  Camacho,331,25,,2,9/7/25 1:53 PM,9/7/25 3:32 PM,"1 hour, 39 minutes and 9 seconds",Mayra Luna
Tink-a-Tako - Potranco,Maria Majana,330,22,,2,9/7/25 1:53 PM,9/7/25 3:32 PM,"1 hour, 39 minutes and 9 seconds",Mayra Luna
Tink-a-Tako - Potranco,Esperansa Caviedes,343,10,,2,9/7/25 2:09 PM,9/7/25 3:32 PM,"1 hour, 23 minutes and 6 seconds",Mayra Luna
Tink-a-Tako - Potranco,Adrianna  Navarro ,325,40,,2,9/7/25 1:44 PM,9/7/25 3:32 PM,"1 hour, 47 minutes and 38 seconds",Mayra Luna
Tink-a-Tako - Potranco,Maria Majana,330,22,,2,9/7/25 1:49 PM,9/7/25 3:32 PM,"1 hour, 43 minutes and 8 seconds",Mayra Luna
Tink-a-Tako - Potranco,Juan  Camacho,323,31,,2,9/7/25 1:32 PM,9/7/25 3:32 PM,"1 hour, 59 minutes and 36 seconds",Mayra Luna
Tink-a-Tako - Potranco,Esperansa Caviedes,327,8,,2,9/7/25 1:33 PM,9/7/25 3:32 PM,"1 hour, 58 minutes and 29 seconds",Mayra Luna
Tink-a-Tako - Potranco,Adrianna  Navarro ,325,40,,2,9/7/25 1:34 PM,9/7/25 3:32 PM,"1 hour, 58 minutes and 12 seconds",Mayra Luna
Tink-a-Tako - Potranco,Juan  Camacho,322,31,,2,9/7/25 1:32 PM,9/7/25 3:32 PM,"1 hour, 59 minutes and 33 seconds",Mayra Luna
Tink-a-Tako - Potranco,Juan  Camacho,321,31,,2,9/7/25 1:30 PM,9/7/25 3:32 PM,"2 hours, 2 minutes and 10 seconds",Mayra Luna
Tink-a-Tako - Potranco,Isabel Cisneros,292,17,,2,9/7/25 1:25 PM,9/7/25 3:32 PM,"2 hours, 6 minutes and 31 seconds",Mayra Luna
Tink-a-Tako - Potranco,Isabel Cisneros,292,17,,2,9/7/25 12:59 PM,9/7/25 3:32 PM,"2 hours, 32 minutes and 45 seconds",Mayra Luna
Tink-a-Tako - Potranco,Daniela Torres,291,,,2,9/7/25 1:03 PM,9/7/25 3:32 PM,"2 hours, 29 minutes and 8 seconds",Mayra Luna
Tink-a-Tako - Potranco,Sergio Abundiz,329,18,,2,9/7/25 1:44 PM,9/7/25 3:32 PM,"1 hour, 47 minutes and 50 seconds",Mayra Luna
