Employee,Job Title,Regular Hours,Overtime Hours,Hourly Rate,Regular Pay,Overtime Pay,Total Pay,Net Sales,Declared Tips,Non-Cash Tips,Total Tips,Tips Withheld,Total Gratuity,Employee ID,Job Code,Location,Location Code
"Abundiz, Ivana",Host,8.13,0.0,14.00,113.82,0.00,113.82,2536.91,,80.21,80.21,0.00,0.00,,,Tink-a-Tako - Potranco,
"Abundiz, Sergio",Server,0.0,8.81,,,,,597.77,,39.02,39.02,0.00,66.31,,,Tink-a-Tako - Potranco,
"Alvarado, Rodolfo",Cook,7.79,0.0,17.00,132.43,0.00,132.43,0.00,,0.00,0.00,0.00,0.00,,,Tink-a-Tako - Potranco,
"Calderon, Jesus",Cook,5.79,0.0,,,,,0.00,,0.00,0.00,0.00,0.00,,,Tink-a-Tako - Potranco,
"Camacho, Juan ",Server,0.0,7.95,3.00,0.00,35.78,35.78,546.53,,31.43,31.43,0.00,58.21,,,Tink-a-Tako - Potranco,
"Caviedes, Esperansa",Server,0.0,8.31,3.00,0.00,37.40,37.40,717.48,,66.18,66.18,0.00,39.46,,,Tink-a-Tako - Potranco,
"Cisneros, Isabel",Server,7.99,0.0,3.00,23.97,0.00,23.97,565.73,,51.00,51.00,0.00,13.96,,,Tink-a-Tako - Potranco,
"Compean, Rosa",Server,7.33,0.0,3.00,21.99,0.00,21.99,517.11,,31.77,31.77,0.00,26.11,,,Tink-a-Tako - Potranco,
"Diaz, Diego",Cook,0.0,8.69,,,,,0.00,,0.00,0.00,0.00,0.00,,,Tink-a-Tako - Potranco,
"Dominguez, Jose ",Cook,0.0,8.97,17.00,0.00,228.74,228.74,0.00,0.00,0.00,0.00,0.00,0.00,,,Tink-a-Tako - Potranco,
"Gonzales (Line) , Maria",Cook,2.12,6.18,14.00,29.68,129.78,159.46,0.00,,0.00,0.00,0.00,0.00,,,Tink-a-Tako - Potranco,
"Hernandez, Silvia",Server,6.97,0.0,3.00,20.91,0.00,20.91,582.44,,97.92,97.92,0.00,0.00,,,Tink-a-Tako - Potranco,
"Luna, Mayra",Shift Manager / Assistant Manager,2.64,3.19,,,,,58.82,,0.00,0.00,0.00,0.00,1919,,Tink-a-Tako - Potranco,
"Majana, Maria",Server,7.12,0.0,3.00,21.36,0.00,21.36,435.33,,60.45,60.45,0.00,0.00,,,Tink-a-Tako - Potranco,
"Nanez Partida, Jose",Cook,8.18,0.0,15.00,122.70,0.00,122.70,0.00,,0.00,0.00,0.00,0.00,,,Tink-a-Tako - Potranco,
"Navarro , Adrianna ",Server,5.85,0.0,3.00,17.55,0.00,17.55,489.27,,66.47,66.47,0.00,0.00,,,Tink-a-Tako - Potranco,
"ORDONEZ, Rosie ",Shift Manager / Assistant Manager,0.0,8.93,,,,,52.81,,0.00,0.00,0.00,0.00,,,Tink-a-Tako - Potranco,
"ROJAS, JAIME",Dishwasher,6.25,0.0,14.00,87.50,0.00,87.50,0.00,,0.00,0.00,0.00,0.00,,,Tink-a-Tako - Potranco,
"Ramirez Perez, Silvia",Cook,0.0,8.53,17.00,0.00,217.52,217.52,0.00,,0.00,0.00,0.00,0.00,,,Tink-a-Tako - Potranco,
"Rueda, Jonathan",Busser,5.89,0.0,12.00,70.68,0.00,70.68,0.00,,0.00,0.00,0.00,0.00,,,Tink-a-Tako - Potranco,
"Serrato, Joshua ",Busser,5.76,0.0,12.00,69.12,0.00,69.12,0.00,,0.00,0.00,0.00,0.00,,,Tink-a-Tako - Potranco,
"Torres, Daniela",Drive-Thru,6.99,0.0,,,,,322.84,,15.41,15.41,0.00,0.00,,,Tink-a-Tako - Potranco,
"huerta, Arturo ",Dishwasher,7.64,0.0,12.00,91.68,0.00,91.68,0.00,,0.00,0.00,0.00,0.00,,,Tink-a-Tako - Potranco,
