Location,Server,Check #,Table,Station,Expediter Level,Fired Date,Fulfilled Date,Fulfillment Time,Fulfilled By
Tink-a-Tako - Potranco,Candy  Del angel ,1,,Lobby,,8/18/25 6:30 AM,8/18/25 6:34 AM,4 minutes and 3 seconds,Zoila Salinas
Tink-a-Tako - Potranco,Maria Majana,2,,Lobby,,8/18/25 6:34 AM,8/18/25 6:36 AM,2 minutes and 29 seconds,Zoila Salinas
Tink-a-Tako - Potranco,Candy  Del angel ,3,,Lobby,,8/18/25 6:39 AM,8/18/25 6:41 AM,1 minute and 34 seconds,Zoila Salinas
Tink-a-Tako - Potranco,Candy  Del angel ,4,,Lobby,,8/18/25 6:40 AM,8/18/25 6:42 AM,1 minute and 21 seconds,Zoila Salinas
Tink-a-Tako - Potranco,Candy  Del angel ,5,,Lobby,,8/18/25 6:42 AM,8/18/25 6:44 AM,1 minute and 55 seconds,Zoila Salinas
Tink-a-Tako - Potranco,Maria Majana,7,22,Lobby,,8/18/25 6:45 AM,8/18/25 6:49 AM,4 minutes and 27 seconds,Zoila Salinas
Tink-a-Tako - Potranco,Candy  Del angel ,9,,Lobby,,8/18/25 6:50 AM,8/18/25 6:51 AM,1 minute,Zoila Salinas
Tink-a-Tako - Potranco,Candy  Del angel ,8,,Lobby,,8/18/25 6:48 AM,8/18/25 6:51 AM,3 minutes and 5 seconds,Zoila Salinas
Tink-a-Tako - Potranco,Candy  Del angel ,11,,Lobby,,8/18/25 6:54 AM,8/18/25 6:55 AM,44 seconds,Zoila Salinas
Tink-a-Tako - Potranco,Candy  Del angel ,10,,Lobby,,8/18/25 6:53 AM,8/18/25 6:55 AM,1 minute and 42 seconds,Zoila Salinas
Tink-a-Tako - Potranco,Candy  Del angel ,13,,Lobby,,8/18/25 7:01 AM,8/18/25 7:02 AM,1 minute and 29 seconds,Zoila Salinas
Tink-a-Tako - Potranco,Candy  Del angel ,14,,Lobby,,8/18/25 7:03 AM,8/18/25 7:04 AM,54 seconds,Zoila Salinas
Tink-a-Tako - Potranco,Candy  Del angel ,15,,Lobby,,8/18/25 7:09 AM,8/18/25 7:10 AM,56 seconds,Zoila Salinas
Tink-a-Tako - Potranco,Candy  Del angel ,16,,Lobby,,8/18/25 7:14 AM,8/18/25 7:15 AM,52 seconds,Zoila Salinas
Tink-a-Tako - Potranco,Maria Majana,18,,Lobby,,8/18/25 7:20 AM,8/18/25 7:21 AM,57 seconds,Zoila Salinas
Tink-a-Tako - Potranco,Candy  Del angel ,17,,Lobby,,8/18/25 7:21 AM,8/18/25 7:22 AM,24 seconds,Zoila Salinas
Tink-a-Tako - Potranco,Candy  Del angel ,20,,Lobby,,8/18/25 7:25 AM,8/18/25 7:25 AM,42 seconds,Zoila Salinas
Tink-a-Tako - Potranco,Candy  Del angel ,21,,Lobby,,8/18/25 7:25 AM,8/18/25 7:28 AM,2 minutes and 32 seconds,Zoila Salinas
Tink-a-Tako - Potranco,Candy  Del angel ,22,,Lobby,,8/18/25 7:26 AM,8/18/25 7:28 AM,2 minutes and 28 seconds,Zoila Salinas
Tink-a-Tako - Potranco,Candy  Del angel ,26,,Lobby,,8/18/25 7:33 AM,8/18/25 7:34 AM,33 seconds,Zoila Salinas
Tink-a-Tako - Potranco,Candy  Del angel ,24,,Lobby,,8/18/25 7:32 AM,8/18/25 7:34 AM,2 minutes and 7 seconds,Zoila Salinas
Tink-a-Tako - Potranco,Candy  Del angel ,27,,Lobby,,8/18/25 7:35 AM,8/18/25 7:36 AM,32 seconds,Zoila Salinas
Tink-a-Tako - Potranco,Candy  Del angel ,28,,Lobby,,8/18/25 7:35 AM,8/18/25 7:36 AM,25 seconds,Zoila Salinas
Tink-a-Tako - Potranco,Maria Majana,29,,Lobby,,8/18/25 7:39 AM,8/18/25 7:41 AM,1 minute and 21 seconds,Zoila Salinas
Tink-a-Tako - Potranco,Candy  Del angel ,30,,Lobby,,8/18/25 7:40 AM,8/18/25 7:41 AM,58 seconds,Zoila Salinas
Tink-a-Tako - Potranco,Candy  Del angel ,31,,Lobby,,8/18/25 7:42 AM,8/18/25 7:42 AM,41 seconds,Zoila Salinas
Tink-a-Tako - Potranco,Candy  Del angel ,32,,Lobby,,8/18/25 7:43 AM,8/18/25 7:44 AM,53 seconds,Zoila Salinas
Tink-a-Tako - Potranco,Candy  Del angel ,33,,Lobby,,8/18/25 7:46 AM,8/18/25 7:47 AM,30 seconds,Zoila Salinas
Tink-a-Tako - Potranco,Candy  Del angel ,34,,Lobby,,8/18/25 7:48 AM,8/18/25 7:49 AM,27 seconds,Zoila Salinas
Tink-a-Tako - Potranco,Maria Majana,36,,Lobby,,8/18/25 7:49 AM,8/18/25 7:49 AM,29 seconds,Zoila Salinas
Tink-a-Tako - Potranco,Candy  Del angel ,37,,Lobby,,8/18/25 7:50 AM,8/18/25 7:50 AM,29 seconds,Zoila Salinas
Tink-a-Tako - Potranco,Maria Majana,7,22,,2,8/18/25 6:49 AM,8/18/25 7:52 AM,"1 hour, 2 minutes and 28 seconds",Zoila Salinas
Tink-a-Tako - Potranco,Maria Majana,2,,,2,8/18/25 6:36 AM,8/18/25 7:52 AM,"1 hour, 15 minutes and 19 seconds",Zoila Salinas
Tink-a-Tako - Potranco,Maria Majana,18,,,2,8/18/25 7:21 AM,8/18/25 7:52 AM,30 minutes and 48 seconds,Zoila Salinas
Tink-a-Tako - Potranco,Maria Majana,29,,,2,8/18/25 7:41 AM,8/18/25 7:52 AM,11 minutes and 1 second,Zoila Salinas
Tink-a-Tako - Potranco,Maria Majana,36,,,2,8/18/25 7:49 AM,8/18/25 7:52 AM,2 minutes and 32 seconds,Zoila Salinas
Tink-a-Tako - Potranco,Candy  Del angel ,41,,Lobby,,8/18/25 7:57 AM,8/18/25 7:58 AM,40 seconds,Zoila Salinas
Tink-a-Tako - Potranco,Maria Majana,39,9,Lobby,,8/18/25 7:59 AM,8/18/25 8:00 AM,57 seconds,Zoila Salinas
Tink-a-Tako - Potranco,Candy  Del angel ,42,,Lobby,,8/18/25 7:58 AM,8/18/25 8:00 AM,2 minutes and 36 seconds,Zoila Salinas
Tink-a-Tako - Potranco,Candy  Del angel ,45,,Lobby,,8/18/25 8:01 AM,8/18/25 8:06 AM,4 minutes and 51 seconds,Zoila Salinas
Tink-a-Tako - Potranco,Candy  Del angel ,46,,Lobby,,8/18/25 8:03 AM,8/18/25 8:07 AM,3 minutes and 36 seconds,Zoila Salinas
Tink-a-Tako - Potranco,Rosie  ORDONEZ,40,18,Lobby,,8/18/25 7:58 AM,8/18/25 8:07 AM,9 minutes and 10 seconds,Zoila Salinas
Tink-a-Tako - Potranco,Rosie  ORDONEZ,40,18,Tortillero,,8/18/25 7:58 AM,8/18/25 8:07 AM,9 minutes and 10 seconds,Zoila Salinas
Tink-a-Tako - Potranco,Rosie  ORDONEZ,40,18,Prep,,8/18/25 7:58 AM,8/18/25 8:07 AM,9 minutes and 10 seconds,Zoila Salinas
Tink-a-Tako - Potranco,Maria Majana,44,24,Lobby,,8/18/25 8:00 AM,8/18/25 8:07 AM,7 minutes and 16 seconds,Zoila Salinas
Tink-a-Tako - Potranco,Maria Majana,44,24,Tortillero,,8/18/25 8:00 AM,8/18/25 8:07 AM,7 minutes and 16 seconds,Zoila Salinas
Tink-a-Tako - Potranco,Maria Majana,44,24,Prep,,8/18/25 8:00 AM,8/18/25 8:07 AM,7 minutes and 16 seconds,Zoila Salinas
Tink-a-Tako - Potranco,Candy  Del angel ,48,,Lobby,,8/18/25 8:09 AM,8/18/25 8:11 AM,1 minute and 44 seconds,Zoila Salinas
Tink-a-Tako - Potranco,Candy  Del angel ,51,,Lobby,,8/18/25 8:12 AM,8/18/25 8:13 AM,27 seconds,Zoila Salinas
Tink-a-Tako - Potranco,Maria Majana,44,24,,2,8/18/25 8:07 AM,8/18/25 8:13 AM,5 minutes and 25 seconds,Zoila Salinas
Tink-a-Tako - Potranco,Maria Majana,39,9,,2,8/18/25 8:00 AM,8/18/25 8:13 AM,13 minutes and 8 seconds,Zoila Salinas
Tink-a-Tako - Potranco,Candy  Del angel ,47,,Lobby,,8/18/25 8:07 AM,8/18/25 8:13 AM,5 minutes and 38 seconds,Zoila Salinas
Tink-a-Tako - Potranco,Candy  Del angel ,50,,Lobby,,8/18/25 8:10 AM,8/18/25 8:14 AM,3 minutes and 21 seconds,Zoila Salinas
Tink-a-Tako - Potranco,Candy  Del angel ,52,,Lobby,,8/18/25 8:11 AM,8/18/25 8:14 AM,2 minutes and 14 seconds,Zoila Salinas
Tink-a-Tako - Potranco,Rosa Compean,55,32,Lobby,,8/18/25 8:13 AM,8/18/25 8:15 AM,1 minute and 37 seconds,Zoila Salinas
Tink-a-Tako - Potranco,Rosa Compean,55,32,Tortillero,,8/18/25 8:13 AM,8/18/25 8:15 AM,1 minute and 37 seconds,Zoila Salinas
Tink-a-Tako - Potranco,Rosa Compean,55,32,Prep,,8/18/25 8:13 AM,8/18/25 8:15 AM,1 minute and 37 seconds,Zoila Salinas
Tink-a-Tako - Potranco,Silvia Hernandez,56,23,Lobby,,8/18/25 8:14 AM,8/18/25 8:17 AM,2 minutes and 46 seconds,Zoila Salinas
Tink-a-Tako - Potranco,Candy  Del angel ,54,,Lobby,,8/18/25 8:18 AM,8/18/25 8:20 AM,1 minute and 26 seconds,Zoila Salinas
Tink-a-Tako - Potranco,Rosie  ORDONEZ,40,18,Lobby,,8/18/25 8:22 AM,8/18/25 8:23 AM,55 seconds,Zoila Salinas
Tink-a-Tako - Potranco,Candy  Del angel ,58,,Lobby,,8/18/25 8:27 AM,8/18/25 8:29 AM,2 minutes,Zoila Salinas
Tink-a-Tako - Potranco,Candy  Del angel ,59,,Lobby,,8/18/25 8:27 AM,8/18/25 8:29 AM,2 minutes and 25 seconds,Zoila Salinas
Tink-a-Tako - Potranco,Candy  Del angel ,60,,Lobby,,8/18/25 8:28 AM,8/18/25 8:31 AM,3 minutes,Zoila Salinas
Tink-a-Tako - Potranco,Candy  Del angel ,62,,Lobby,,8/18/25 8:30 AM,8/18/25 8:31 AM,1 minute and 13 seconds,Zoila Salinas
Tink-a-Tako - Potranco,Candy  Del angel ,62,,Prep,,8/18/25 8:30 AM,8/18/25 8:31 AM,1 minute and 13 seconds,Zoila Salinas
Tink-a-Tako - Potranco,Ivana Abundiz,61,,Prep,,8/18/25 8:30 AM,8/18/25 8:32 AM,1 minute and 43 seconds,Zoila Salinas
Tink-a-Tako - Potranco,Ivana Abundiz,61,,Lobby,,8/18/25 8:30 AM,8/18/25 8:32 AM,1 minute and 43 seconds,Zoila Salinas
Tink-a-Tako - Potranco,Candy  Del angel ,63,,Lobby,,8/18/25 8:31 AM,8/18/25 8:32 AM,1 minute and 22 seconds,Zoila Salinas
Tink-a-Tako - Potranco,Ivana Abundiz,64,,Lobby,,8/18/25 8:31 AM,8/18/25 8:33 AM,2 minutes and 12 seconds,Zoila Salinas
Tink-a-Tako - Potranco,Rosa Compean,69,26,Lobby,,8/18/25 8:33 AM,8/18/25 8:35 AM,1 minute and 9 seconds,Zoila Salinas
Tink-a-Tako - Potranco,Rosa Compean,67,,Lobby,,8/18/25 8:33 AM,8/18/25 8:35 AM,1 minute and 55 seconds,Zoila Salinas
Tink-a-Tako - Potranco,Ivana Abundiz,68,,Lobby,,8/18/25 8:33 AM,8/18/25 8:35 AM,1 minute and 44 seconds,Zoila Salinas
Tink-a-Tako - Potranco,Rosa Compean,69,26,,2,8/18/25 8:35 AM,8/18/25 8:37 AM,2 minutes and 14 seconds,Zoila Salinas
Tink-a-Tako - Potranco,Maria Majana,65,22,Lobby,,8/18/25 8:33 AM,8/18/25 8:37 AM,3 minutes and 40 seconds,Zoila Salinas
Tink-a-Tako - Potranco,Rosie  ORDONEZ,40,18,,2,8/18/25 8:07 AM,8/18/25 8:37 AM,30 minutes and 3 seconds,Zoila Salinas
Tink-a-Tako - Potranco,Ivana Abundiz,61,,,2,8/18/25 8:32 AM,8/18/25 8:37 AM,5 minutes and 45 seconds,Zoila Salinas
Tink-a-Tako - Potranco,Rosie  ORDONEZ,40,18,,2,8/18/25 8:23 AM,8/18/25 8:37 AM,14 minutes and 1 second,Zoila Salinas
Tink-a-Tako - Potranco,Rosa Compean,55,32,,2,8/18/25 8:15 AM,8/18/25 8:37 AM,22 minutes and 28 seconds,Zoila Salinas
Tink-a-Tako - Potranco,Rosa Compean,67,,,2,8/18/25 8:35 AM,8/18/25 8:37 AM,2 minutes and 43 seconds,Zoila Salinas
Tink-a-Tako - Potranco,Silvia Hernandez,56,23,,2,8/18/25 8:17 AM,8/18/25 8:37 AM,20 minutes and 31 seconds,Zoila Salinas
Tink-a-Tako - Potranco,Candy  Del angel ,72,,Lobby,,8/18/25 8:37 AM,8/18/25 8:38 AM,16 seconds,Zoila Salinas
Tink-a-Tako - Potranco,Candy  Del angel ,71,,Lobby,,8/18/25 8:36 AM,8/18/25 8:39 AM,2 minutes and 13 seconds,Zoila Salinas
Tink-a-Tako - Potranco,Ivana Abundiz,74,,Lobby,,8/18/25 8:38 AM,8/18/25 8:39 AM,57 seconds,Zoila Salinas
Tink-a-Tako - Potranco,Ivana Abundiz,76,,Lobby,,8/18/25 8:39 AM,8/18/25 8:40 AM,53 seconds,Zoila Salinas
Tink-a-Tako - Potranco,Ivana Abundiz,77,,Lobby,,8/18/25 8:40 AM,8/18/25 8:40 AM,54 seconds,Zoila Salinas
Tink-a-Tako - Potranco,Silvia Hernandez,70,7,Lobby,,8/18/25 8:38 AM,8/18/25 8:41 AM,3 minutes and 17 seconds,Zoila Salinas
Tink-a-Tako - Potranco,Candy  Del angel ,75,,Lobby,,8/18/25 8:38 AM,8/18/25 8:41 AM,2 minutes and 44 seconds,Zoila Salinas
Tink-a-Tako - Potranco,Candy  Del angel ,78,,Lobby,,8/18/25 8:39 AM,8/18/25 8:42 AM,2 minutes and 24 seconds,Zoila Salinas
Tink-a-Tako - Potranco,Candy  Del angel ,81,,Lobby,,8/18/25 8:47 AM,8/18/25 8:50 AM,2 minutes and 4 seconds,Zoila Salinas
Tink-a-Tako - Potranco,Maria Majana,84,33,Lobby,,8/18/25 8:48 AM,8/18/25 8:51 AM,3 minutes and 8 seconds,Zoila Salinas
Tink-a-Tako - Potranco,Silvia Hernandez,82,38,Lobby,,8/18/25 8:48 AM,8/18/25 8:51 AM,3 minutes and 49 seconds,Zoila Salinas
Tink-a-Tako - Potranco,Silvia Hernandez,82,38,Tortillero,,8/18/25 8:48 AM,8/18/25 8:51 AM,3 minutes and 49 seconds,Zoila Salinas
Tink-a-Tako - Potranco,Silvia Hernandez,82,38,Prep,,8/18/25 8:48 AM,8/18/25 8:51 AM,3 minutes and 49 seconds,Zoila Salinas
Tink-a-Tako - Potranco,Candy  Del angel ,80,,Lobby,,8/18/25 8:47 AM,8/18/25 8:52 AM,4 minutes and 20 seconds,Zoila Salinas
Tink-a-Tako - Potranco,Ivana Abundiz,68,,,2,8/18/25 8:35 AM,8/18/25 8:52 AM,17 minutes and 21 seconds,Zoila Salinas
Tink-a-Tako - Potranco,Maria Majana,65,22,,2,8/18/25 8:37 AM,8/18/25 8:52 AM,14 minutes and 51 seconds,Zoila Salinas
Tink-a-Tako - Potranco,Ivana Abundiz,74,,,2,8/18/25 8:39 AM,8/18/25 8:52 AM,13 minutes and 7 seconds,Zoila Salinas
Tink-a-Tako - Potranco,Ivana Abundiz,64,,,2,8/18/25 8:33 AM,8/18/25 8:52 AM,19 minutes and 12 seconds,Zoila Salinas
Tink-a-Tako - Potranco,Candy  Del angel ,66,,Lobby,,8/18/25 8:51 AM,8/18/25 8:52 AM,1 minute and 21 seconds,Zoila Salinas
Tink-a-Tako - Potranco,Candy  Del angel ,86,,Lobby,,8/18/25 8:51 AM,8/18/25 8:53 AM,2 minutes and 4 seconds,Zoila Salinas
Tink-a-Tako - Potranco,Ivana Abundiz,79,,Lobby,,8/18/25 8:48 AM,8/18/25 8:54 AM,5 minutes and 54 seconds,Zoila Salinas
Tink-a-Tako - Potranco,Ivana Abundiz,89,,Lobby,,8/18/25 8:53 AM,8/18/25 8:55 AM,1 minute and 33 seconds,Zoila Salinas
Tink-a-Tako - Potranco,Ivana Abundiz,76,,,2,8/18/25 8:40 AM,8/18/25 8:56 AM,16 minutes and 29 seconds,Zoila Salinas
Tink-a-Tako - Potranco,Ivana Abundiz,89,,,2,8/18/25 8:55 AM,8/18/25 8:56 AM,1 minute and 21 seconds,Zoila Salinas
Tink-a-Tako - Potranco,Ivana Abundiz,77,,,2,8/18/25 8:40 AM,8/18/25 8:56 AM,15 minutes and 43 seconds,Zoila Salinas
Tink-a-Tako - Potranco,Ivana Abundiz,79,,,2,8/18/25 8:54 AM,8/18/25 8:56 AM,2 minutes and 34 seconds,Zoila Salinas
Tink-a-Tako - Potranco,Candy  Del angel ,87,,Lobby,,8/18/25 8:52 AM,8/18/25 8:56 AM,4 minutes and 15 seconds,Zoila Salinas
Tink-a-Tako - Potranco,Silvia Hernandez,85,37,Lobby,,8/18/25 8:52 AM,8/18/25 8:57 AM,4 minutes and 26 seconds,Zoila Salinas
Tink-a-Tako - Potranco,Candy  Del angel ,92,,Lobby,,8/18/25 8:58 AM,8/18/25 8:59 AM,1 minute and 1 second,Zoila Salinas
Tink-a-Tako - Potranco,Candy  Del angel ,95,,Lobby,,8/18/25 9:00 AM,8/18/25 9:01 AM,42 seconds,Zoila Salinas
Tink-a-Tako - Potranco,Candy  Del angel ,97,,Lobby,,8/18/25 9:03 AM,8/18/25 9:06 AM,2 minutes and 39 seconds,Zoila Salinas
Tink-a-Tako - Potranco,Candy  Del angel ,97,,Prep,,8/18/25 9:03 AM,8/18/25 9:06 AM,2 minutes and 39 seconds,Zoila Salinas
Tink-a-Tako - Potranco,Candy  Del angel ,101,,Lobby,,8/18/25 9:06 AM,8/18/25 9:06 AM,20 seconds,Zoila Salinas
Tink-a-Tako - Potranco,Rosa Compean,94,10,Lobby,,8/18/25 9:01 AM,8/18/25 9:07 AM,6 minutes and 16 seconds,Zoila Salinas
Tink-a-Tako - Potranco,Rosa Compean,94,10,Prep,,8/18/25 9:01 AM,8/18/25 9:07 AM,6 minutes and 16 seconds,Zoila Salinas
Tink-a-Tako - Potranco,Silvia Hernandez,96,23,Lobby,,8/18/25 9:03 AM,8/18/25 9:07 AM,3 minutes and 44 seconds,Zoila Salinas
Tink-a-Tako - Potranco,Maria Majana,98,34,Lobby,,8/18/25 9:06 AM,8/18/25 9:08 AM,1 minute and 49 seconds,Zoila Salinas
Tink-a-Tako - Potranco,Candy  Del angel ,99,,Tortillero,,8/18/25 9:04 AM,8/18/25 9:09 AM,4 minutes and 48 seconds,Zoila Salinas
Tink-a-Tako - Potranco,Candy  Del angel ,99,,Lobby,,8/18/25 9:04 AM,8/18/25 9:09 AM,4 minutes and 48 seconds,Zoila Salinas
Tink-a-Tako - Potranco,Candy  Del angel ,88,,Lobby,,8/18/25 9:09 AM,8/18/25 9:10 AM,1 minute and 1 second,Zoila Salinas
Tink-a-Tako - Potranco,Candy  Del angel ,100,,Lobby,,8/18/25 9:05 AM,8/18/25 9:11 AM,5 minutes and 54 seconds,Zoila Salinas
Tink-a-Tako - Potranco,Rosa Compean,105,32,Lobby,,8/18/25 9:10 AM,8/18/25 9:11 AM,1 minute and 1 second,Zoila Salinas
Tink-a-Tako - Potranco,Candy  Del angel ,104,,Lobby,,8/18/25 9:11 AM,8/18/25 9:12 AM,46 seconds,Zoila Salinas
Tink-a-Tako - Potranco,Silvia Hernandez,96,23,,2,8/18/25 9:07 AM,8/18/25 9:12 AM,5 minutes and 34 seconds,Zoila Salinas
Tink-a-Tako - Potranco,Silvia Hernandez,82,38,,2,8/18/25 8:51 AM,8/18/25 9:12 AM,21 minutes and 2 seconds,Zoila Salinas
Tink-a-Tako - Potranco,Rosa Compean,105,32,,2,8/18/25 9:11 AM,8/18/25 9:12 AM,1 minute and 21 seconds,Zoila Salinas
Tink-a-Tako - Potranco,Maria Majana,98,34,,2,8/18/25 9:08 AM,8/18/25 9:12 AM,4 minutes and 6 seconds,Zoila Salinas
Tink-a-Tako - Potranco,Silvia Hernandez,85,37,,2,8/18/25 8:57 AM,8/18/25 9:12 AM,15 minutes and 41 seconds,Zoila Salinas
Tink-a-Tako - Potranco,Rosa Compean,94,10,,2,8/18/25 9:07 AM,8/18/25 9:12 AM,5 minutes and 39 seconds,Zoila Salinas
Tink-a-Tako - Potranco,Maria Majana,84,33,,2,8/18/25 8:51 AM,8/18/25 9:12 AM,21 minutes and 2 seconds,Zoila Salinas
Tink-a-Tako - Potranco,Silvia Hernandez,70,7,,2,8/18/25 8:41 AM,8/18/25 9:12 AM,31 minutes and 36 seconds,Zoila Salinas
Tink-a-Tako - Potranco,Rosa Compean,105,32,Lobby,,8/18/25 9:11 AM,8/18/25 9:15 AM,3 minutes and 27 seconds,Zoila Salinas
Tink-a-Tako - Potranco,Rosa Compean,105,32,Tortillero,,8/18/25 9:11 AM,8/18/25 9:15 AM,3 minutes and 27 seconds,Zoila Salinas
Tink-a-Tako - Potranco,Rosa Compean,105,32,Prep,,8/18/25 9:11 AM,8/18/25 9:15 AM,3 minutes and 27 seconds,Zoila Salinas
Tink-a-Tako - Potranco,Ivana Abundiz,108,,Lobby,,8/18/25 9:14 AM,8/18/25 9:16 AM,1 minute and 36 seconds,Zoila Salinas
Tink-a-Tako - Potranco,Candy  Del angel ,110,,Lobby,,8/18/25 9:16 AM,8/18/25 9:18 AM,1 minute and 53 seconds,Zoila Salinas
Tink-a-Tako - Potranco,Candy  Del angel ,109,,Lobby,,8/18/25 9:15 AM,8/18/25 9:18 AM,2 minutes and 44 seconds,Zoila Salinas
Tink-a-Tako - Potranco,Rosa Compean,107,11,Lobby,,8/18/25 9:14 AM,8/18/25 9:18 AM,4 minutes and 49 seconds,Zoila Salinas
Tink-a-Tako - Potranco,Rosa Compean,107,11,Prep,,8/18/25 9:14 AM,8/18/25 9:18 AM,4 minutes and 49 seconds,Zoila Salinas
Tink-a-Tako - Potranco,Ivana Abundiz,112,,Lobby,,8/18/25 9:18 AM,8/18/25 9:20 AM,2 minutes and 22 seconds,Zoila Salinas
Tink-a-Tako - Potranco,Candy  Del angel ,111,,Lobby,,8/18/25 9:18 AM,8/18/25 9:21 AM,3 minutes and 11 seconds,Zoila Salinas
Tink-a-Tako - Potranco,Rosa Compean,107,11,Lobby,,8/18/25 9:20 AM,8/18/25 9:21 AM,58 seconds,Zoila Salinas
Tink-a-Tako - Potranco,Candy  Del angel ,114,,Lobby,,8/18/25 9:21 AM,8/18/25 9:22 AM,57 seconds,Zoila Salinas
Tink-a-Tako - Potranco,Candy  Del angel ,116,,Lobby,,8/18/25 9:25 AM,8/18/25 9:25 AM,36 seconds,Zoila Salinas
Tink-a-Tako - Potranco,Candy  Del angel ,117,,Lobby,,8/18/25 9:26 AM,8/18/25 9:27 AM,32 seconds,Zoila Salinas
Tink-a-Tako - Potranco,Candy  Del angel ,118,,Lobby,,8/18/25 9:28 AM,8/18/25 9:29 AM,1 minute and 23 seconds,Zoila Salinas
Tink-a-Tako - Potranco,Rosa Compean,119,9,Lobby,,8/18/25 9:31 AM,8/18/25 9:38 AM,6 minutes and 12 seconds,Zoila Salinas
Tink-a-Tako - Potranco,Silvia Hernandez,121,37,Lobby,,8/18/25 9:34 AM,8/18/25 9:38 AM,3 minutes and 39 seconds,Zoila Salinas
Tink-a-Tako - Potranco,Maria Majana,120,25,Lobby,,8/18/25 9:34 AM,8/18/25 9:39 AM,4 minutes and 51 seconds,Zoila Salinas
Tink-a-Tako - Potranco,Maria Majana,120,25,Tortillero,,8/18/25 9:34 AM,8/18/25 9:39 AM,4 minutes and 51 seconds,Zoila Salinas
Tink-a-Tako - Potranco,Maria Majana,120,25,Prep,,8/18/25 9:34 AM,8/18/25 9:39 AM,4 minutes and 51 seconds,Zoila Salinas
Tink-a-Tako - Potranco,Rosa Compean,107,11,,2,8/18/25 9:21 AM,8/18/25 9:39 AM,18 minutes and 31 seconds,Zoila Salinas
Tink-a-Tako - Potranco,Rosa Compean,105,32,,2,8/18/25 9:15 AM,8/18/25 9:39 AM,24 minutes and 42 seconds,Zoila Salinas
Tink-a-Tako - Potranco,Rosa Compean,107,11,,2,8/18/25 9:18 AM,8/18/25 9:39 AM,20 minutes and 56 seconds,Zoila Salinas
Tink-a-Tako - Potranco,Ivana Abundiz,108,,,2,8/18/25 9:16 AM,8/18/25 9:39 AM,23 minutes and 38 seconds,Zoila Salinas
Tink-a-Tako - Potranco,Ivana Abundiz,112,,,2,8/18/25 9:20 AM,8/18/25 9:39 AM,19 minutes and 32 seconds,Zoila Salinas
Tink-a-Tako - Potranco,Rosa Compean,119,9,,2,8/18/25 9:38 AM,8/18/25 9:39 AM,1 minute and 54 seconds,Zoila Salinas
Tink-a-Tako - Potranco,Silvia Hernandez,121,37,,2,8/18/25 9:38 AM,8/18/25 9:39 AM,1 minute and 55 seconds,Zoila Salinas
Tink-a-Tako - Potranco,Maria Majana,120,25,,2,8/18/25 9:39 AM,8/18/25 9:39 AM,50 seconds,Zoila Salinas
Tink-a-Tako - Potranco,Candy  Del angel ,124,,Lobby,,8/18/25 9:41 AM,8/18/25 9:42 AM,1 minute and 1 second,Zoila Salinas
Tink-a-Tako - Potranco,Candy  Del angel ,125,,Lobby,,8/18/25 9:43 AM,8/18/25 9:45 AM,2 minutes and 3 seconds,Zoila Salinas
Tink-a-Tako - Potranco,Rosa Compean,123,18,Lobby,,8/18/25 9:42 AM,8/18/25 9:46 AM,4 minutes and 8 seconds,Zoila Salinas
Tink-a-Tako - Potranco,Rosa Compean,123,18,Tortillero,,8/18/25 9:42 AM,8/18/25 9:46 AM,4 minutes and 8 seconds,Zoila Salinas
Tink-a-Tako - Potranco,Rosa Compean,123,18,Prep,,8/18/25 9:42 AM,8/18/25 9:46 AM,4 minutes and 8 seconds,Zoila Salinas
Tink-a-Tako - Potranco,Rosa Compean,94,10,Lobby,,8/18/25 9:43 AM,8/18/25 9:46 AM,2 minutes and 39 seconds,Zoila Salinas
Tink-a-Tako - Potranco,Rosa Compean,94,10,Prep,,8/18/25 9:43 AM,8/18/25 9:46 AM,2 minutes and 39 seconds,Zoila Salinas
Tink-a-Tako - Potranco,Silvia Hernandez,127,39,Lobby,,8/18/25 9:45 AM,8/18/25 9:46 AM,1 minute and 1 second,Zoila Salinas
Tink-a-Tako - Potranco,Rosa Compean,123,18,,2,8/18/25 9:46 AM,8/18/25 9:47 AM,1 minute and 14 seconds,Zoila Salinas
Tink-a-Tako - Potranco,Rosa Compean,123,18,,2,8/18/25 9:47 AM,8/18/25 9:47 AM,21 seconds,Zoila Salinas
Tink-a-Tako - Potranco,Candy  Del angel ,126,,Lobby,,8/18/25 9:46 AM,8/18/25 9:50 AM,3 minutes and 35 seconds,Zoila Salinas
Tink-a-Tako - Potranco,Candy  Del angel ,130,,Lobby,,8/18/25 9:48 AM,8/18/25 9:50 AM,2 minutes and 13 seconds,Zoila Salinas
Tink-a-Tako - Potranco,Rosa Compean,134,22,Lobby,,8/18/25 9:52 AM,8/18/25 9:53 AM,1 minute and 37 seconds,Zoila Salinas
Tink-a-Tako - Potranco,Candy  Del angel ,132,,Lobby,,8/18/25 9:53 AM,8/18/25 9:54 AM,1 minute and 13 seconds,Zoila Salinas
Tink-a-Tako - Potranco,Candy  Del angel ,131,,Lobby,,8/18/25 9:50 AM,8/18/25 9:57 AM,7 minutes,Zoila Salinas
Tink-a-Tako - Potranco,Candy  Del angel ,136,,Lobby,,8/18/25 9:54 AM,8/18/25 9:58 AM,4 minutes and 3 seconds,Zoila Salinas
Tink-a-Tako - Potranco,Candy  Del angel ,128,,Lobby,,8/18/25 9:56 AM,8/18/25 9:59 AM,2 minutes and 38 seconds,Zoila Salinas
Tink-a-Tako - Potranco,Maria Majana,133,33,Lobby,,8/18/25 9:53 AM,8/18/25 9:59 AM,5 minutes and 36 seconds,Zoila Salinas
Tink-a-Tako - Potranco,Maria Majana,133,33,Tortillero,,8/18/25 9:53 AM,8/18/25 9:59 AM,5 minutes and 36 seconds,Zoila Salinas
Tink-a-Tako - Potranco,Maria Majana,133,33,Prep,,8/18/25 9:53 AM,8/18/25 9:59 AM,5 minutes and 36 seconds,Zoila Salinas
Tink-a-Tako - Potranco,Silvia Hernandez,135,26,Lobby,,8/18/25 9:54 AM,8/18/25 9:59 AM,5 minutes and 16 seconds,Zoila Salinas
Tink-a-Tako - Potranco,Maria Majana,129,7,Lobby,,8/18/25 9:54 AM,8/18/25 9:59 AM,4 minutes and 59 seconds,Zoila Salinas
Tink-a-Tako - Potranco,Rosa Compean,142,32,Lobby,,8/18/25 9:59 AM,8/18/25 9:59 AM,20 seconds,Zoila Salinas
Tink-a-Tako - Potranco,Candy  Del angel ,141,,Lobby,,8/18/25 9:58 AM,8/18/25 10:01 AM,3 minutes and 24 seconds,Zoila Salinas
Tink-a-Tako - Potranco,Candy  Del angel ,143,,Lobby,,8/18/25 10:00 AM,8/18/25 10:01 AM,1 minute and 33 seconds,Zoila Salinas
Tink-a-Tako - Potranco,Silvia Hernandez,138,24,Lobby,,8/18/25 9:57 AM,8/18/25 10:02 AM,5 minutes and 7 seconds,Zoila Salinas
Tink-a-Tako - Potranco,Maria Majana,145,38,Lobby,,8/18/25 10:02 AM,8/18/25 10:03 AM,1 minute and 17 seconds,Zoila Salinas
Tink-a-Tako - Potranco,Silvia Hernandez,138,24,Lobby,,8/18/25 10:03 AM,8/18/25 10:03 AM,35 seconds,Zoila Salinas
Tink-a-Tako - Potranco,Silvia Hernandez,138,24,Prep,,8/18/25 10:03 AM,8/18/25 10:03 AM,35 seconds,Zoila Salinas
Tink-a-Tako - Potranco,Maria Majana,133,33,,2,8/18/25 9:59 AM,8/18/25 10:05 AM,5 minutes and 59 seconds,Zoila Salinas
Tink-a-Tako - Potranco,Rosa Compean,134,22,,2,8/18/25 9:53 AM,8/18/25 10:05 AM,11 minutes and 42 seconds,Zoila Salinas
Tink-a-Tako - Potranco,Rosa Compean,94,10,,2,8/18/25 9:46 AM,8/18/25 10:05 AM,19 minutes and 14 seconds,Zoila Salinas
Tink-a-Tako - Potranco,Silvia Hernandez,138,24,,2,8/18/25 10:02 AM,8/18/25 10:05 AM,2 minutes and 47 seconds,Zoila Salinas
Tink-a-Tako - Potranco,Silvia Hernandez,135,26,,2,8/18/25 9:59 AM,8/18/25 10:05 AM,5 minutes and 58 seconds,Zoila Salinas
Tink-a-Tako - Potranco,Maria Majana,129,7,,2,8/18/25 9:59 AM,8/18/25 10:05 AM,6 minutes,Zoila Salinas
Tink-a-Tako - Potranco,Silvia Hernandez,127,39,,2,8/18/25 9:46 AM,8/18/25 10:09 AM,22 minutes and 32 seconds,Zoila Salinas
Tink-a-Tako - Potranco,Maria Majana,145,38,,2,8/18/25 10:03 AM,8/18/25 10:09 AM,5 minutes and 27 seconds,Zoila Salinas
Tink-a-Tako - Potranco,Candy  Del angel ,149,,Lobby,,8/18/25 10:02 AM,8/18/25 10:10 AM,7 minutes and 47 seconds,Zoila Salinas
Tink-a-Tako - Potranco,Candy  Del angel ,152,,Lobby,,8/18/25 10:05 AM,8/18/25 10:11 AM,5 minutes and 16 seconds,Zoila Salinas
Tink-a-Tako - Potranco,Candy  Del angel ,152,,Tortillero,,8/18/25 10:05 AM,8/18/25 10:11 AM,5 minutes and 16 seconds,Zoila Salinas
Tink-a-Tako - Potranco,Candy  Del angel ,153,,Tortillero,,8/18/25 10:06 AM,8/18/25 10:11 AM,5 minutes and 21 seconds,Zoila Salinas
Tink-a-Tako - Potranco,Candy  Del angel ,153,,Prep,,8/18/25 10:06 AM,8/18/25 10:11 AM,5 minutes and 21 seconds,Zoila Salinas
Tink-a-Tako - Potranco,Candy  Del angel ,153,,Lobby,,8/18/25 10:06 AM,8/18/25 10:11 AM,5 minutes and 21 seconds,Zoila Salinas
Tink-a-Tako - Potranco,Candy  Del angel ,144,,Lobby,,8/18/25 10:08 AM,8/18/25 10:14 AM,5 minutes and 37 seconds,Zoila Salinas
Tink-a-Tako - Potranco,Candy  Del angel ,155,,Lobby,,8/18/25 10:16 AM,8/18/25 10:20 AM,3 minutes and 34 seconds,Zoila Salinas
Tink-a-Tako - Potranco,Candy  Del angel ,154,,Lobby,,8/18/25 10:19 AM,8/18/25 10:21 AM,1 minute and 59 seconds,Zoila Salinas
Tink-a-Tako - Potranco,Candy  Del angel ,156,,Lobby,,8/18/25 10:19 AM,8/18/25 10:21 AM,2 minutes and 33 seconds,Zoila Salinas
Tink-a-Tako - Potranco,Rosa Compean,157,35,Lobby,,8/18/25 10:19 AM,8/18/25 10:22 AM,2 minutes and 17 seconds,Zoila Salinas
Tink-a-Tako - Potranco,Ivana Abundiz,160,,Prep,,8/18/25 10:22 AM,8/18/25 10:23 AM,58 seconds,Zoila Salinas
Tink-a-Tako - Potranco,Ivana Abundiz,160,,Lobby,,8/18/25 10:22 AM,8/18/25 10:23 AM,58 seconds,Zoila Salinas
Tink-a-Tako - Potranco,Candy  Del angel ,161,,Lobby,,8/18/25 10:26 AM,8/18/25 10:27 AM,1 minute and 29 seconds,Zoila Salinas
Tink-a-Tako - Potranco,Candy  Del angel ,162,,Lobby,,8/18/25 10:27 AM,8/18/25 10:28 AM,1 minute and 3 seconds,Zoila Salinas
Tink-a-Tako - Potranco,Silvia Hernandez,159,25,Lobby,,8/18/25 10:21 AM,8/18/25 10:28 AM,6 minutes and 35 seconds,Zoila Salinas
Tink-a-Tako - Potranco,Candy  Del angel ,161,,Lobby,,8/18/25 10:28 AM,8/18/25 10:30 AM,1 minute and 9 seconds,Zoila Salinas
Tink-a-Tako - Potranco,Candy  Del angel ,163,,Lobby,,8/18/25 10:28 AM,8/18/25 10:30 AM,2 minutes and 12 seconds,Zoila Salinas
Tink-a-Tako - Potranco,Candy  Del angel ,163,,Prep,,8/18/25 10:28 AM,8/18/25 10:30 AM,2 minutes and 12 seconds,Zoila Salinas
Tink-a-Tako - Potranco,Candy  Del angel ,164,,Lobby,,8/18/25 10:31 AM,8/18/25 10:33 AM,1 minute and 59 seconds,Zoila Salinas
Tink-a-Tako - Potranco,Candy  Del angel ,165,,Lobby,,8/18/25 10:31 AM,8/18/25 10:33 AM,1 minute and 54 seconds,Zoila Salinas
Tink-a-Tako - Potranco,Candy  Del angel ,167,,Lobby,,8/18/25 10:33 AM,8/18/25 10:35 AM,2 minutes and 4 seconds,Zoila Salinas
Tink-a-Tako - Potranco,Candy  Del angel ,158,,Lobby,,8/18/25 10:32 AM,8/18/25 10:35 AM,2 minutes and 44 seconds,Zoila Salinas
Tink-a-Tako - Potranco,Ivana Abundiz,160,,,2,8/18/25 10:23 AM,8/18/25 10:40 AM,17 minutes and 46 seconds,Zoila Salinas
Tink-a-Tako - Potranco,Silvia Hernandez,138,24,,2,8/18/25 10:03 AM,8/18/25 10:40 AM,37 minutes and 11 seconds,Zoila Salinas
Tink-a-Tako - Potranco,Rosa Compean,157,35,,2,8/18/25 10:22 AM,8/18/25 10:40 AM,18 minutes and 43 seconds,Zoila Salinas
Tink-a-Tako - Potranco,Rosa Compean,142,32,,2,8/18/25 9:59 AM,8/18/25 10:40 AM,41 minutes and 13 seconds,Zoila Salinas
Tink-a-Tako - Potranco,Maria Majana,168,9,Lobby,,8/18/25 10:37 AM,8/18/25 10:40 AM,3 minutes and 45 seconds,Zoila Salinas
Tink-a-Tako - Potranco,Rosa Compean,172,24,Lobby,,8/18/25 10:42 AM,8/18/25 10:44 AM,1 minute and 45 seconds,Zoila Salinas
Tink-a-Tako - Potranco,Candy  Del angel ,170,,Lobby,,8/18/25 10:42 AM,8/18/25 10:44 AM,2 minutes and 36 seconds,Zoila Salinas
Tink-a-Tako - Potranco,Candy  Del angel ,173,,Lobby,,8/18/25 10:42 AM,8/18/25 10:45 AM,2 minutes and 9 seconds,Zoila Salinas
Tink-a-Tako - Potranco,Candy  Del angel ,169,,Lobby,,8/18/25 10:43 AM,8/18/25 10:46 AM,2 minutes and 31 seconds,Zoila Salinas
Tink-a-Tako - Potranco,Candy  Del angel ,174,,Lobby,,8/18/25 10:45 AM,8/18/25 10:46 AM,1 minute and 50 seconds,Zoila Salinas
Tink-a-Tako - Potranco,Candy  Del angel ,176,,Lobby,,8/18/25 10:48 AM,8/18/25 10:48 AM,24 seconds,Zoila Salinas
Tink-a-Tako - Potranco,Candy  Del angel ,178,,Lobby,,8/18/25 10:51 AM,8/18/25 10:52 AM,59 seconds,Zoila Salinas
Tink-a-Tako - Potranco,Maria Majana,177,26,Lobby,,8/18/25 10:51 AM,8/18/25 10:54 AM,3 minutes and 6 seconds,Zoila Salinas
Tink-a-Tako - Potranco,Maria Majana,177,26,Lobby,,8/18/25 10:54 AM,8/18/25 10:56 AM,2 minutes,Zoila Salinas
Tink-a-Tako - Potranco,Rosa Compean,172,24,,2,8/18/25 10:44 AM,8/18/25 10:57 AM,13 minutes and 15 seconds,Zoila Salinas
Tink-a-Tako - Potranco,Rosa Compean,179,11,Lobby,,8/18/25 10:56 AM,8/18/25 11:05 AM,9 minutes and 5 seconds,Zoila Salinas
Tink-a-Tako - Potranco,Rosa Compean,179,11,Tortillero,,8/18/25 10:56 AM,8/18/25 11:05 AM,9 minutes and 5 seconds,Zoila Salinas
Tink-a-Tako - Potranco,Rosa Compean,179,11,Prep,,8/18/25 10:56 AM,8/18/25 11:05 AM,9 minutes and 5 seconds,Zoila Salinas
Tink-a-Tako - Potranco,Candy  Del angel ,184,,Lobby,,8/18/25 11:05 AM,8/18/25 11:06 AM,1 minute and 7 seconds,Zoila Salinas
Tink-a-Tako - Potranco,Candy  Del angel ,185,,Lobby,,8/18/25 11:05 AM,8/18/25 11:07 AM,1 minute and 24 seconds,Zoila Salinas
Tink-a-Tako - Potranco,Silvia Hernandez,180,33,Lobby,,8/18/25 11:02 AM,8/18/25 11:07 AM,5 minutes and 33 seconds,Zoila Salinas
Tink-a-Tako - Potranco,Maria Majana,182,25,Lobby,,8/18/25 11:04 AM,8/18/25 11:08 AM,3 minutes and 11 seconds,Zoila Salinas
Tink-a-Tako - Potranco,Candy  Del angel ,175,,Lobby,,8/18/25 11:08 AM,8/18/25 11:10 AM,2 minutes and 19 seconds,Zoila Salinas
Tink-a-Tako - Potranco,Candy  Del angel ,175,,Tortillero,,8/18/25 11:08 AM,8/18/25 11:10 AM,2 minutes and 19 seconds,Zoila Salinas
Tink-a-Tako - Potranco,Maria Majana,168,9,,2,8/18/25 10:40 AM,8/18/25 11:10 AM,29 minutes and 46 seconds,Zoila Salinas
Tink-a-Tako - Potranco,Rosa Compean,179,11,,2,8/18/25 11:05 AM,8/18/25 11:10 AM,5 minutes and 2 seconds,Zoila Salinas
Tink-a-Tako - Potranco,Maria Majana,182,25,,2,8/18/25 11:08 AM,8/18/25 11:10 AM,2 minutes and 38 seconds,Zoila Salinas
Tink-a-Tako - Potranco,Silvia Hernandez,159,25,,2,8/18/25 10:28 AM,8/18/25 11:10 AM,42 minutes and 26 seconds,Zoila Salinas
Tink-a-Tako - Potranco,Silvia Hernandez,180,33,,2,8/18/25 11:07 AM,8/18/25 11:10 AM,3 minutes and 6 seconds,Zoila Salinas
Tink-a-Tako - Potranco,Maria Majana,177,26,,2,8/18/25 10:56 AM,8/18/25 11:10 AM,13 minutes and 59 seconds,Zoila Salinas
Tink-a-Tako - Potranco,Maria Majana,177,26,,2,8/18/25 10:54 AM,8/18/25 11:10 AM,16 minutes and 25 seconds,Zoila Salinas
Tink-a-Tako - Potranco,Candy  Del angel ,189,,Lobby,,8/18/25 11:10 AM,8/18/25 11:11 AM,1 minute and 36 seconds,Zoila Salinas
Tink-a-Tako - Potranco,Silvia Hernandez,188,23,Lobby,,8/18/25 11:11 AM,8/18/25 11:15 AM,3 minutes and 52 seconds,Zoila Salinas
Tink-a-Tako - Potranco,Rosa Compean,186,32,Lobby,,8/18/25 11:07 AM,8/18/25 11:15 AM,7 minutes and 58 seconds,Zoila Salinas
Tink-a-Tako - Potranco,Silvia Hernandez,188,23,Prep,,8/18/25 11:11 AM,8/18/25 11:15 AM,3 minutes and 52 seconds,Zoila Salinas
Tink-a-Tako - Potranco,Silvia Hernandez,191,7,Lobby,,8/18/25 11:14 AM,8/18/25 11:17 AM,2 minutes and 25 seconds,Zoila Salinas
Tink-a-Tako - Potranco,Silvia Hernandez,191,7,Prep,,8/18/25 11:14 AM,8/18/25 11:17 AM,2 minutes and 25 seconds,Zoila Salinas
Tink-a-Tako - Potranco,Candy  Del angel ,193,,Lobby,,8/18/25 11:19 AM,8/18/25 11:20 AM,1 minute and 14 seconds,Zoila Salinas
Tink-a-Tako - Potranco,Candy  Del angel ,187,,Lobby,,8/18/25 11:18 AM,8/18/25 11:21 AM,2 minutes and 51 seconds,Zoila Salinas
Tink-a-Tako - Potranco,Maria Majana,181,38,Lobby,,8/18/25 11:13 AM,8/18/25 11:21 AM,8 minutes and 29 seconds,Zoila Salinas
Tink-a-Tako - Potranco,Maria Majana,181,38,Tortillero,,8/18/25 11:13 AM,8/18/25 11:21 AM,8 minutes and 29 seconds,Zoila Salinas
Tink-a-Tako - Potranco,Maria Majana,181,38,Prep,,8/18/25 11:13 AM,8/18/25 11:21 AM,8 minutes and 29 seconds,Zoila Salinas
Tink-a-Tako - Potranco,Rosa Compean,195,36,Lobby,,8/18/25 11:20 AM,8/18/25 11:23 AM,3 minutes and 13 seconds,Zoila Salinas
Tink-a-Tako - Potranco,Rosa Compean,195,36,,2,8/18/25 11:23 AM,8/18/25 11:30 AM,6 minutes and 59 seconds,Zoila Salinas
Tink-a-Tako - Potranco,Rosa Compean,198,20,Lobby,,8/18/25 11:25 AM,8/18/25 11:30 AM,4 minutes and 27 seconds,Zoila Salinas
Tink-a-Tako - Potranco,Rosa Compean,198,20,Tortillero,,8/18/25 11:25 AM,8/18/25 11:30 AM,4 minutes and 27 seconds,Zoila Salinas
Tink-a-Tako - Potranco,Rosa Compean,198,20,Prep,,8/18/25 11:25 AM,8/18/25 11:30 AM,4 minutes and 27 seconds,Zoila Salinas
Tink-a-Tako - Potranco,Rosa Compean,186,32,,2,8/18/25 11:15 AM,8/18/25 11:30 AM,15 minutes and 14 seconds,Zoila Salinas
Tink-a-Tako - Potranco,Silvia Hernandez,197,37,,2,8/18/25 11:29 AM,8/18/25 11:31 AM,1 minute and 46 seconds,Zoila Salinas
Tink-a-Tako - Potranco,Rosa Compean,198,20,,2,8/18/25 11:30 AM,8/18/25 11:31 AM,1 minute,Zoila Salinas
Tink-a-Tako - Potranco,Maria Majana,196,40,Lobby,,8/18/25 11:23 AM,8/18/25 11:32 AM,8 minutes and 41 seconds,Zoila Salinas
Tink-a-Tako - Potranco,Maria Majana,196,40,Tortillero,,8/18/25 11:23 AM,8/18/25 11:32 AM,8 minutes and 41 seconds,Zoila Salinas
Tink-a-Tako - Potranco,Maria Majana,196,40,Prep,,8/18/25 11:23 AM,8/18/25 11:32 AM,8 minutes and 41 seconds,Zoila Salinas
Tink-a-Tako - Potranco,Silvia Hernandez,197,37,Lobby,,8/18/25 11:22 AM,8/18/25 11:32 AM,9 minutes and 26 seconds,Zoila Salinas
Tink-a-Tako - Potranco,Candy  Del angel ,199,,Lobby,,8/18/25 11:29 AM,8/18/25 11:32 AM,3 minutes and 18 seconds,Zoila Salinas
Tink-a-Tako - Potranco,Candy  Del angel ,201,,Lobby,,8/18/25 11:30 AM,8/18/25 11:33 AM,2 minutes and 53 seconds,Zoila Salinas
Tink-a-Tako - Potranco,Candy  Del angel ,194,,Lobby,,8/18/25 11:30 AM,8/18/25 11:33 AM,2 minutes and 32 seconds,Zoila Salinas
Tink-a-Tako - Potranco,Candy  Del angel ,204,,Lobby,,8/18/25 11:33 AM,8/18/25 11:33 AM,19 seconds,Zoila Salinas
Tink-a-Tako - Potranco,Ivana Abundiz,200,,Lobby,,8/18/25 11:31 AM,8/18/25 11:34 AM,3 minutes and 14 seconds,Zoila Salinas
Tink-a-Tako - Potranco,Maria Majana,203,17,Lobby,,8/18/25 11:34 AM,8/18/25 11:35 AM,1 minute and 39 seconds,Zoila Salinas
Tink-a-Tako - Potranco,Maria Majana,196,40,,2,8/18/25 11:32 AM,8/18/25 11:39 AM,7 minutes and 7 seconds,Zoila Salinas
Tink-a-Tako - Potranco,Maria Majana,181,38,,2,8/18/25 11:21 AM,8/18/25 11:39 AM,17 minutes and 31 seconds,Zoila Salinas
Tink-a-Tako - Potranco,Maria Majana,203,17,,2,8/18/25 11:35 AM,8/18/25 11:39 AM,3 minutes and 26 seconds,Zoila Salinas
Tink-a-Tako - Potranco,Candy  Del angel ,214,,Lobby,,8/18/25 11:39 AM,8/18/25 11:39 AM,40 seconds,Zoila Salinas
Tink-a-Tako - Potranco,Candy  Del angel ,215,,Lobby,,8/18/25 11:39 AM,8/18/25 11:40 AM,21 seconds,Zoila Salinas
Tink-a-Tako - Potranco,Silvia Hernandez,213,18,Lobby,,8/18/25 11:38 AM,8/18/25 11:40 AM,2 minutes and 23 seconds,Zoila Salinas
Tink-a-Tako - Potranco,Rosa Compean,205,3,Lobby,,8/18/25 11:34 AM,8/18/25 11:42 AM,8 minutes and 12 seconds,Zoila Salinas
Tink-a-Tako - Potranco,Rosa Compean,217,9,Lobby,,8/18/25 11:41 AM,8/18/25 11:42 AM,1 minute and 33 seconds,Zoila Salinas
Tink-a-Tako - Potranco,Candy  Del angel ,216,,Lobby,,8/18/25 11:42 AM,8/18/25 11:44 AM,2 minutes and 20 seconds,Zoila Salinas
Tink-a-Tako - Potranco,Candy  Del angel ,218,,Lobby,,8/18/25 11:42 AM,8/18/25 11:44 AM,2 minutes and 4 seconds,Zoila Salinas
Tink-a-Tako - Potranco,Candy  Del angel ,221,,Lobby,,8/18/25 11:44 AM,8/18/25 11:45 AM,1 minute and 29 seconds,Zoila Salinas
Tink-a-Tako - Potranco,Rosa Compean,220,39,Lobby,,8/18/25 11:42 AM,8/18/25 11:46 AM,3 minutes and 16 seconds,Zoila Salinas
Tink-a-Tako - Potranco,Maria Majana,219,38,Lobby,,8/18/25 11:43 AM,8/18/25 11:46 AM,3 minutes and 9 seconds,Zoila Salinas
Tink-a-Tako - Potranco,Candy  Del angel ,206,,Lobby,,8/18/25 11:46 AM,8/18/25 11:48 AM,1 minute and 59 seconds,Zoila Salinas
Tink-a-Tako - Potranco,Silvia Hernandez,223,10,Lobby,,8/18/25 11:46 AM,8/18/25 11:49 AM,2 minutes and 32 seconds,Zoila Salinas
Tink-a-Tako - Potranco,Ivana Abundiz,224,,Lobby,,8/18/25 11:48 AM,8/18/25 11:49 AM,1 minute and 19 seconds,Zoila Salinas
Tink-a-Tako - Potranco,Candy  Del angel ,218,,Lobby,,8/18/25 11:48 AM,8/18/25 11:49 AM,1 minute and 21 seconds,Zoila Salinas
Tink-a-Tako - Potranco,Maria Majana,227,25,Lobby,,8/18/25 11:49 AM,8/18/25 11:53 AM,3 minutes and 59 seconds,Zoila Salinas
Tink-a-Tako - Potranco,Candy  Del angel ,229,,Lobby,,8/18/25 11:54 AM,8/18/25 11:55 AM,43 seconds,Zoila Salinas
Tink-a-Tako - Potranco,Candy  Del angel ,230,,Lobby,,8/18/25 11:56 AM,8/18/25 11:57 AM,1 minute and 3 seconds,Zoila Salinas
Tink-a-Tako - Potranco,Silvia Hernandez,228,11,Lobby,,8/18/25 11:56 AM,8/18/25 11:58 AM,1 minute and 16 seconds,Zoila Salinas
Tink-a-Tako - Potranco,Silvia Hernandez,232,7,Lobby,,8/18/25 11:57 AM,8/18/25 11:59 AM,1 minute and 42 seconds,Zoila Salinas
Tink-a-Tako - Potranco,Rosa Compean,233,32,Lobby,,8/18/25 12:00 PM,8/18/25 12:01 PM,1 minute and 19 seconds,Zoila Salinas
Tink-a-Tako - Potranco,Maria Majana,219,38,,2,8/18/25 11:46 AM,8/18/25 12:04 PM,18 minutes and 25 seconds,Zoila Salinas
Tink-a-Tako - Potranco,Silvia Hernandez,235,24,Lobby,,8/18/25 12:03 PM,8/18/25 12:06 PM,2 minutes and 20 seconds,Zoila Salinas
Tink-a-Tako - Potranco,Silvia Hernandez,235,24,Tortillero,,8/18/25 12:03 PM,8/18/25 12:06 PM,2 minutes and 20 seconds,Zoila Salinas
Tink-a-Tako - Potranco,Silvia Hernandez,235,24,Prep,,8/18/25 12:03 PM,8/18/25 12:06 PM,2 minutes and 20 seconds,Zoila Salinas
Tink-a-Tako - Potranco,Rosa Compean,233,32,Lobby,,8/18/25 11:59 AM,8/18/25 12:11 PM,11 minutes and 8 seconds,Zoila Salinas
Tink-a-Tako - Potranco,Rosa Compean,233,32,Tortillero,,8/18/25 11:59 AM,8/18/25 12:11 PM,11 minutes and 8 seconds,Zoila Salinas
Tink-a-Tako - Potranco,Rosa Compean,233,32,Prep,,8/18/25 11:59 AM,8/18/25 12:11 PM,11 minutes and 8 seconds,Zoila Salinas
Tink-a-Tako - Potranco,Rosa Compean,236,33,Lobby,,8/18/25 12:06 PM,8/18/25 12:11 PM,4 minutes and 59 seconds,Zoila Salinas
Tink-a-Tako - Potranco,Rosa Compean,236,33,Tortillero,,8/18/25 12:06 PM,8/18/25 12:11 PM,4 minutes and 59 seconds,Zoila Salinas
Tink-a-Tako - Potranco,Rosa Compean,236,33,Prep,,8/18/25 12:06 PM,8/18/25 12:11 PM,4 minutes and 59 seconds,Zoila Salinas
Tink-a-Tako - Potranco,Silvia Hernandez,228,11,,2,8/18/25 11:58 AM,8/18/25 12:12 PM,14 minutes and 45 seconds,Zoila Salinas
Tink-a-Tako - Potranco,Ivana Abundiz,224,,,2,8/18/25 11:49 AM,8/18/25 12:12 PM,23 minutes and 31 seconds,Zoila Salinas
Tink-a-Tako - Potranco,Silvia Hernandez,235,24,,2,8/18/25 12:06 PM,8/18/25 12:12 PM,6 minutes and 42 seconds,Zoila Salinas
Tink-a-Tako - Potranco,Rosa Compean,233,32,,2,8/18/25 12:11 PM,8/18/25 12:12 PM,1 minute and 49 seconds,Zoila Salinas
Tink-a-Tako - Potranco,Silvia Hernandez,213,18,,2,8/18/25 11:40 AM,8/18/25 12:13 PM,32 minutes and 12 seconds,Zoila Salinas
Tink-a-Tako - Potranco,Rosa Compean,205,3,,2,8/18/25 11:42 AM,8/18/25 12:13 PM,30 minutes and 49 seconds,Zoila Salinas
Tink-a-Tako - Potranco,Ivana Abundiz,200,,,2,8/18/25 11:34 AM,8/18/25 12:13 PM,38 minutes and 27 seconds,Zoila Salinas
Tink-a-Tako - Potranco,Silvia Hernandez,191,7,,2,8/18/25 11:17 AM,8/18/25 12:13 PM,55 minutes and 40 seconds,Zoila Salinas
Tink-a-Tako - Potranco,Rosa Compean,217,9,,2,8/18/25 11:42 AM,8/18/25 12:13 PM,30 minutes and 19 seconds,Zoila Salinas
Tink-a-Tako - Potranco,Silvia Hernandez,197,37,,2,8/18/25 11:32 AM,8/18/25 12:13 PM,41 minutes and 6 seconds,Zoila Salinas
Tink-a-Tako - Potranco,Silvia Hernandez,188,23,,2,8/18/25 11:15 AM,8/18/25 12:13 PM,58 minutes and 1 second,Zoila Salinas
Tink-a-Tako - Potranco,Rosa Compean,220,39,,2,8/18/25 11:46 AM,8/18/25 12:13 PM,26 minutes and 54 seconds,Zoila Salinas
Tink-a-Tako - Potranco,Silvia Hernandez,232,7,,2,8/18/25 11:59 AM,8/18/25 12:13 PM,13 minutes and 40 seconds,Zoila Salinas
Tink-a-Tako - Potranco,Rosa Compean,233,32,,2,8/18/25 12:01 PM,8/18/25 12:13 PM,11 minutes and 32 seconds,Zoila Salinas
Tink-a-Tako - Potranco,Silvia Hernandez,223,10,,2,8/18/25 11:49 AM,8/18/25 12:13 PM,23 minutes and 51 seconds,Zoila Salinas
Tink-a-Tako - Potranco,Maria Majana,227,25,,2,8/18/25 11:53 AM,8/18/25 12:13 PM,19 minutes and 53 seconds,Zoila Salinas
Tink-a-Tako - Potranco,Rosa Compean,236,33,,2,8/18/25 12:11 PM,8/18/25 12:13 PM,2 minutes and 4 seconds,Zoila Salinas
Tink-a-Tako - Potranco,Rosa Compean,233,32,Lobby,,8/18/25 12:11 PM,8/18/25 12:15 PM,3 minutes and 49 seconds,Zoila Salinas
Tink-a-Tako - Potranco,Ivana Abundiz,239,,Lobby,,8/18/25 12:10 PM,8/18/25 12:15 PM,5 minutes and 18 seconds,Zoila Salinas
Tink-a-Tako - Potranco,Ivana Abundiz,237,,Lobby,,8/18/25 12:09 PM,8/18/25 12:15 PM,5 minutes and 55 seconds,Zoila Salinas
Tink-a-Tako - Potranco,Candy  Del angel ,241,,Lobby,,8/18/25 12:12 PM,8/18/25 12:15 PM,3 minutes and 16 seconds,Zoila Salinas
Tink-a-Tako - Potranco,Rosa Compean,233,32,,2,8/18/25 12:15 PM,8/18/25 12:15 PM,14 seconds,Zoila Salinas
Tink-a-Tako - Potranco,Ivana Abundiz,239,,,2,8/18/25 12:15 PM,8/18/25 12:15 PM,10 seconds,Zoila Salinas
Tink-a-Tako - Potranco,Ivana Abundiz,237,,,2,8/18/25 12:15 PM,8/18/25 12:15 PM,10 seconds,Zoila Salinas
Tink-a-Tako - Potranco,Candy  Del angel ,238,,Tortillero,,8/18/25 12:10 PM,8/18/25 12:16 PM,5 minutes and 42 seconds,Zoila Salinas
Tink-a-Tako - Potranco,Candy  Del angel ,238,,Lobby,,8/18/25 12:10 PM,8/18/25 12:16 PM,5 minutes and 42 seconds,Zoila Salinas
Tink-a-Tako - Potranco,Candy  Del angel ,240,,Lobby,,8/18/25 12:10 PM,8/18/25 12:17 PM,6 minutes and 30 seconds,Zoila Salinas
Tink-a-Tako - Potranco,Candy  Del angel ,222,,Lobby,,8/18/25 12:17 PM,8/18/25 12:20 PM,2 minutes and 52 seconds,Zoila Salinas
Tink-a-Tako - Potranco,Candy  Del angel ,222,,Tortillero,,8/18/25 12:17 PM,8/18/25 12:20 PM,2 minutes and 52 seconds,Zoila Salinas
Tink-a-Tako - Potranco,Silvia Hernandez,243,37,Lobby,,8/18/25 12:17 PM,8/18/25 12:20 PM,3 minutes and 23 seconds,Zoila Salinas
Tink-a-Tako - Potranco,Rosa Compean,247,7,Lobby,,8/18/25 12:20 PM,8/18/25 12:21 PM,51 seconds,Zoila Salinas
Tink-a-Tako - Potranco,Ivana Abundiz,248,,Lobby,,8/18/25 12:21 PM,8/18/25 12:23 PM,2 minutes and 4 seconds,Zoila Salinas
Tink-a-Tako - Potranco,Ivana Abundiz,246,,Lobby,,8/18/25 12:20 PM,8/18/25 12:23 PM,3 minutes and 23 seconds,Zoila Salinas
Tink-a-Tako - Potranco,Rosa Compean,244,12,Lobby,,8/18/25 12:18 PM,8/18/25 12:25 PM,7 minutes and 5 seconds,Zoila Salinas
Tink-a-Tako - Potranco,Rosa Compean,244,12,,2,8/18/25 12:25 PM,8/18/25 12:25 PM,11 seconds,Zoila Salinas
Tink-a-Tako - Potranco,Rosa Compean,247,7,,2,8/18/25 12:21 PM,8/18/25 12:25 PM,4 minutes and 10 seconds,Zoila Salinas
Tink-a-Tako - Potranco,Silvia Hernandez,251,9,Lobby,,8/18/25 12:24 PM,8/18/25 12:26 PM,1 minute and 48 seconds,Zoila Salinas
Tink-a-Tako - Potranco,Silvia Hernandez,251,9,Tortillero,,8/18/25 12:24 PM,8/18/25 12:26 PM,1 minute and 48 seconds,Zoila Salinas
Tink-a-Tako - Potranco,Maria Majana,253,17,Lobby,,8/18/25 12:29 PM,8/18/25 12:31 PM,2 minutes and 8 seconds,Zoila Salinas
Tink-a-Tako - Potranco,Candy  Del angel ,250,,Lobby,,8/18/25 12:30 PM,8/18/25 12:31 PM,1 minute and 44 seconds,Zoila Salinas
Tink-a-Tako - Potranco,Rosie  ORDONEZ,256,38,Lobby,,8/18/25 12:31 PM,8/18/25 12:34 PM,3 minutes and 21 seconds,Zoila Salinas
Tink-a-Tako - Potranco,Maria Majana,252,19,Lobby,,8/18/25 12:25 PM,8/18/25 12:34 PM,9 minutes and 25 seconds,Zoila Salinas
Tink-a-Tako - Potranco,Maria Majana,252,19,Tortillero,,8/18/25 12:25 PM,8/18/25 12:34 PM,9 minutes and 25 seconds,Zoila Salinas
Tink-a-Tako - Potranco,Maria Majana,252,19,Prep,,8/18/25 12:25 PM,8/18/25 12:34 PM,9 minutes and 25 seconds,Zoila Salinas
Tink-a-Tako - Potranco,Maria Majana,234,40,Lobby,,8/18/25 12:22 PM,8/18/25 12:34 PM,12 minutes and 42 seconds,Zoila Salinas
Tink-a-Tako - Potranco,Candy  Del angel ,257,,Lobby,,8/18/25 12:37 PM,8/18/25 12:38 PM,59 seconds,Zoila Salinas
Tink-a-Tako - Potranco,Rosa Compean,258,23,Lobby,,8/18/25 12:39 PM,8/18/25 12:41 PM,1 minute and 32 seconds,Zoila Salinas
Tink-a-Tako - Potranco,Rosa Compean,258,23,Prep,,8/18/25 12:39 PM,8/18/25 12:41 PM,1 minute and 32 seconds,Zoila Salinas
Tink-a-Tako - Potranco,Silvia Hernandez,259,10,Lobby,,8/18/25 12:42 PM,8/18/25 12:43 PM,1 minute and 57 seconds,Zoila Salinas
Tink-a-Tako - Potranco,Maria Majana,242,31,Lobby,,8/18/25 12:41 PM,8/18/25 12:44 PM,2 minutes and 59 seconds,Zoila Salinas
Tink-a-Tako - Potranco,Maria Majana,260,25,Lobby,,8/18/25 12:43 PM,8/18/25 12:46 PM,3 minutes and 5 seconds,Zoila Salinas
Tink-a-Tako - Potranco,Silvia Hernandez,259,10,Lobby,,8/18/25 12:41 PM,8/18/25 12:46 PM,5 minutes and 11 seconds,Zoila Salinas
Tink-a-Tako - Potranco,Silvia Hernandez,259,10,Tortillero,,8/18/25 12:41 PM,8/18/25 12:46 PM,5 minutes and 11 seconds,Zoila Salinas
Tink-a-Tako - Potranco,Silvia Hernandez,259,10,Prep,,8/18/25 12:41 PM,8/18/25 12:46 PM,5 minutes and 11 seconds,Zoila Salinas
Tink-a-Tako - Potranco,Candy  Del angel ,262,,Lobby,,8/18/25 12:43 PM,8/18/25 12:47 PM,3 minutes and 53 seconds,Zoila Salinas
Tink-a-Tako - Potranco,Silvia Hernandez,243,37,,2,8/18/25 12:20 PM,8/18/25 12:47 PM,26 minutes and 56 seconds,Zoila Salinas
Tink-a-Tako - Potranco,Ivana Abundiz,248,,,2,8/18/25 12:23 PM,8/18/25 12:47 PM,24 minutes and 25 seconds,Zoila Salinas
Tink-a-Tako - Potranco,Ivana Abundiz,246,,,2,8/18/25 12:23 PM,8/18/25 12:47 PM,23 minutes and 59 seconds,Zoila Salinas
Tink-a-Tako - Potranco,Maria Majana,234,40,,2,8/18/25 12:34 PM,8/18/25 12:47 PM,12 minutes and 56 seconds,Zoila Salinas
Tink-a-Tako - Potranco,Ivana Abundiz,261,,Lobby,,8/18/25 12:43 PM,8/18/25 12:48 PM,5 minutes and 3 seconds,Zoila Salinas
Tink-a-Tako - Potranco,Silvia Hernandez,251,9,,2,8/18/25 12:26 PM,8/18/25 12:48 PM,21 minutes and 48 seconds,Zoila Salinas
Tink-a-Tako - Potranco,Rosie  ORDONEZ,256,38,,2,8/18/25 12:34 PM,8/18/25 12:48 PM,13 minutes and 35 seconds,Zoila Salinas
Tink-a-Tako - Potranco,Maria Majana,252,19,,2,8/18/25 12:34 PM,8/18/25 12:48 PM,13 minutes and 32 seconds,Zoila Salinas
Tink-a-Tako - Potranco,Maria Majana,242,31,,2,8/18/25 12:44 PM,8/18/25 12:48 PM,4 minutes and 28 seconds,Zoila Salinas
Tink-a-Tako - Potranco,Rosa Compean,258,23,,2,8/18/25 12:41 PM,8/18/25 12:48 PM,7 minutes and 21 seconds,Zoila Salinas
Tink-a-Tako - Potranco,Maria Majana,253,17,,2,8/18/25 12:31 PM,8/18/25 12:48 PM,17 minutes and 19 seconds,Zoila Salinas
Tink-a-Tako - Potranco,Maria Majana,260,25,,2,8/18/25 12:46 PM,8/18/25 12:48 PM,1 minute and 34 seconds,Zoila Salinas
Tink-a-Tako - Potranco,Ivana Abundiz,261,,,2,8/18/25 12:48 PM,8/18/25 12:48 PM,28 seconds,Zoila Salinas
Tink-a-Tako - Potranco,Silvia Hernandez,259,10,,2,8/18/25 12:46 PM,8/18/25 12:48 PM,1 minute and 33 seconds,Zoila Salinas
Tink-a-Tako - Potranco,Silvia Hernandez,259,10,,2,8/18/25 12:43 PM,8/18/25 12:48 PM,4 minutes and 34 seconds,Zoila Salinas
Tink-a-Tako - Potranco,Candy  Del angel ,263,,Lobby,,8/18/25 12:46 PM,8/18/25 12:48 PM,2 minutes and 16 seconds,Zoila Salinas
Tink-a-Tako - Potranco,Candy  Del angel ,267,,Lobby,,8/18/25 12:53 PM,8/18/25 12:53 PM,42 seconds,Zoila Salinas
Tink-a-Tako - Potranco,Rosa Compean,265,33,,2,8/18/25 12:50 PM,8/18/25 12:57 PM,7 minutes and 28 seconds,Zoila Salinas
Tink-a-Tako - Potranco,Candy  Del angel ,273,,Lobby,,8/18/25 1:00 PM,8/18/25 1:01 PM,1 minute and 3 seconds,Zoila Salinas
Tink-a-Tako - Potranco,Candy  Del angel ,268,,Tortillero,,8/18/25 12:54 PM,8/18/25 1:02 PM,7 minutes and 18 seconds,Zoila Salinas
Tink-a-Tako - Potranco,Candy  Del angel ,268,,Lobby,,8/18/25 12:54 PM,8/18/25 1:02 PM,7 minutes and 18 seconds,Zoila Salinas
Tink-a-Tako - Potranco,Maria Majana,272,11,Lobby,,8/18/25 12:59 PM,8/18/25 1:06 PM,6 minutes and 13 seconds,Zoila Salinas
Tink-a-Tako - Potranco,Maria Majana,272,11,Tortillero,,8/18/25 12:59 PM,8/18/25 1:06 PM,6 minutes and 13 seconds,Zoila Salinas
Tink-a-Tako - Potranco,Maria Majana,272,11,Prep,,8/18/25 12:59 PM,8/18/25 1:06 PM,6 minutes and 13 seconds,Zoila Salinas
Tink-a-Tako - Potranco,Silvia Hernandez,270,18,Lobby,,8/18/25 12:58 PM,8/18/25 1:06 PM,7 minutes and 44 seconds,Zoila Salinas
Tink-a-Tako - Potranco,Silvia Hernandez,270,18,Tortillero,,8/18/25 12:58 PM,8/18/25 1:06 PM,7 minutes and 44 seconds,Zoila Salinas
Tink-a-Tako - Potranco,Silvia Hernandez,270,18,Prep,,8/18/25 12:58 PM,8/18/25 1:06 PM,7 minutes and 44 seconds,Zoila Salinas
Tink-a-Tako - Potranco,Silvia Hernandez,270,18,Lobby,,8/18/25 1:02 PM,8/18/25 1:06 PM,3 minutes and 46 seconds,Zoila Salinas
Tink-a-Tako - Potranco,Candy  Del angel ,269,,Tortillero,,8/18/25 12:58 PM,8/18/25 1:07 PM,8 minutes and 53 seconds,Zoila Salinas
Tink-a-Tako - Potranco,Candy  Del angel ,269,,Lobby,,8/18/25 12:58 PM,8/18/25 1:07 PM,8 minutes and 53 seconds,Zoila Salinas
Tink-a-Tako - Potranco,Rosa Compean,275,7,Lobby,,8/18/25 1:07 PM,8/18/25 1:10 PM,2 minutes and 19 seconds,Zoila Salinas
Tink-a-Tako - Potranco,Silvia Hernandez,277,42,Lobby,,8/18/25 1:10 PM,8/18/25 1:11 PM,1 minute,Zoila Salinas
Tink-a-Tako - Potranco,Rosa Compean,275,7,,2,8/18/25 1:10 PM,8/18/25 1:14 PM,4 minutes and 51 seconds,Zoila Salinas
Tink-a-Tako - Potranco,Silvia Hernandez,279,,Lobby,,8/18/25 1:11 PM,8/18/25 1:17 PM,6 minutes and 6 seconds,Zoila Salinas
Tink-a-Tako - Potranco,Candy  Del angel ,278,,Lobby,,8/18/25 1:12 PM,8/18/25 1:17 PM,5 minutes and 42 seconds,Zoila Salinas
Tink-a-Tako - Potranco,Rosa Compean,276,24,Lobby,,8/18/25 1:09 PM,8/18/25 1:18 PM,8 minutes and 38 seconds,Zoila Salinas
Tink-a-Tako - Potranco,Rosa Compean,276,24,Tortillero,,8/18/25 1:09 PM,8/18/25 1:18 PM,8 minutes and 38 seconds,Zoila Salinas
Tink-a-Tako - Potranco,Rosa Compean,276,24,Prep,,8/18/25 1:09 PM,8/18/25 1:18 PM,8 minutes and 38 seconds,Zoila Salinas
Tink-a-Tako - Potranco,Rosa Compean,281,9,Lobby,,8/18/25 1:13 PM,8/18/25 1:18 PM,4 minutes and 27 seconds,Zoila Salinas
Tink-a-Tako - Potranco,Rosa Compean,281,9,Tortillero,,8/18/25 1:13 PM,8/18/25 1:18 PM,4 minutes and 27 seconds,Zoila Salinas
Tink-a-Tako - Potranco,Rosa Compean,281,9,Prep,,8/18/25 1:13 PM,8/18/25 1:18 PM,4 minutes and 27 seconds,Zoila Salinas
Tink-a-Tako - Potranco,Candy  Del angel ,282,,Lobby,,8/18/25 1:16 PM,8/18/25 1:19 PM,2 minutes and 29 seconds,Zoila Salinas
Tink-a-Tako - Potranco,Candy  Del angel ,282,,Prep,,8/18/25 1:16 PM,8/18/25 1:19 PM,2 minutes and 29 seconds,Zoila Salinas
Tink-a-Tako - Potranco,Silvia Hernandez,270,18,,2,8/18/25 1:06 PM,8/18/25 1:21 PM,15 minutes and 39 seconds,Zoila Salinas
Tink-a-Tako - Potranco,Silvia Hernandez,270,18,,2,8/18/25 1:06 PM,8/18/25 1:21 PM,15 minutes and 39 seconds,Zoila Salinas
Tink-a-Tako - Potranco,Silvia Hernandez,277,42,,2,8/18/25 1:11 PM,8/18/25 1:21 PM,10 minutes and 45 seconds,Zoila Salinas
Tink-a-Tako - Potranco,Silvia Hernandez,283,17,Lobby,,8/18/25 1:17 PM,8/18/25 1:21 PM,4 minutes and 32 seconds,Zoila Salinas
Tink-a-Tako - Potranco,Silvia Hernandez,283,17,Tortillero,,8/18/25 1:17 PM,8/18/25 1:21 PM,4 minutes and 32 seconds,Zoila Salinas
Tink-a-Tako - Potranco,Silvia Hernandez,283,17,Prep,,8/18/25 1:17 PM,8/18/25 1:21 PM,4 minutes and 32 seconds,Zoila Salinas
Tink-a-Tako - Potranco,Maria Majana,272,11,,2,8/18/25 1:06 PM,8/18/25 1:21 PM,15 minutes and 42 seconds,Zoila Salinas
Tink-a-Tako - Potranco,Rosa Compean,281,9,,2,8/18/25 1:18 PM,8/18/25 1:22 PM,4 minutes and 38 seconds,Zoila Salinas
Tink-a-Tako - Potranco,Rosa Compean,276,24,,2,8/18/25 1:18 PM,8/18/25 1:22 PM,4 minutes and 39 seconds,Zoila Salinas
Tink-a-Tako - Potranco,Silvia Hernandez,283,17,,2,8/18/25 1:21 PM,8/18/25 1:22 PM,55 seconds,Zoila Salinas
Tink-a-Tako - Potranco,Silvia Hernandez,279,,,2,8/18/25 1:17 PM,8/18/25 1:22 PM,5 minutes,Zoila Salinas
Tink-a-Tako - Potranco,Silvia Hernandez,285,23,Lobby,,8/18/25 1:19 PM,8/18/25 1:23 PM,3 minutes and 44 seconds,Zoila Salinas
Tink-a-Tako - Potranco,Candy  Del angel ,286,,Lobby,,8/18/25 1:20 PM,8/18/25 1:26 PM,6 minutes and 9 seconds,Zoila Salinas
Tink-a-Tako - Potranco,Rosa Compean,287,32,Lobby,,8/18/25 1:22 PM,8/18/25 1:27 PM,4 minutes and 47 seconds,Zoila Salinas
Tink-a-Tako - Potranco,Maria Majana,242,31,Lobby,,8/18/25 1:31 PM,8/18/25 1:31 PM,28 seconds,Zoila Salinas
Tink-a-Tako - Potranco,Candy  Del angel ,284,,Lobby,,8/18/25 1:18 PM,8/18/25 1:33 PM,14 minutes and 33 seconds,Zoila Salinas
Tink-a-Tako - Potranco,Candy  Del angel ,289,,Lobby,,8/18/25 1:31 PM,8/18/25 1:33 PM,1 minute and 29 seconds,Zoila Salinas
Tink-a-Tako - Potranco,Maria Majana,242,31,Lobby,,8/18/25 1:19 PM,8/18/25 1:34 PM,15 minutes and 6 seconds,Zoila Salinas
Tink-a-Tako - Potranco,Maria Majana,242,31,Tortillero,,8/18/25 1:19 PM,8/18/25 1:34 PM,15 minutes and 6 seconds,Zoila Salinas
Tink-a-Tako - Potranco,Maria Majana,242,31,Prep,,8/18/25 1:19 PM,8/18/25 1:34 PM,15 minutes and 6 seconds,Zoila Salinas
Tink-a-Tako - Potranco,Candy  Del angel ,293,,Lobby,,8/18/25 1:37 PM,8/18/25 1:40 PM,2 minutes and 40 seconds,Zoila Salinas
Tink-a-Tako - Potranco,Candy  Del angel ,293,,Lobby,,8/18/25 1:39 PM,8/18/25 1:42 PM,2 minutes and 38 seconds,Zoila Salinas
Tink-a-Tako - Potranco,Candy  Del angel ,280,,Lobby,,8/18/25 1:40 PM,8/18/25 1:43 PM,2 minutes and 24 seconds,Zoila Salinas
Tink-a-Tako - Potranco,Candy  Del angel ,294,,Lobby,,8/18/25 1:40 PM,8/18/25 1:43 PM,3 minutes and 7 seconds,Zoila Salinas
Tink-a-Tako - Potranco,Candy  Del angel ,296,,Lobby,,8/18/25 1:42 PM,8/18/25 1:43 PM,41 seconds,Zoila Salinas
Tink-a-Tako - Potranco,Rosa Compean,290,22,Lobby,,8/18/25 1:31 PM,8/18/25 1:44 PM,13 minutes and 25 seconds,Zoila Salinas
Tink-a-Tako - Potranco,Rosa Compean,292,20,Lobby,,8/18/25 1:34 PM,8/18/25 1:44 PM,10 minutes and 5 seconds,Zoila Salinas
Tink-a-Tako - Potranco,Rosa Compean,292,20,Tortillero,,8/18/25 1:34 PM,8/18/25 1:44 PM,10 minutes and 5 seconds,Zoila Salinas
Tink-a-Tako - Potranco,Rosa Compean,292,20,Prep,,8/18/25 1:34 PM,8/18/25 1:44 PM,10 minutes and 5 seconds,Zoila Salinas
Tink-a-Tako - Potranco,Silvia Hernandez,299,26,Lobby,,8/18/25 1:48 PM,8/18/25 1:51 PM,3 minutes and 16 seconds,Zoila Salinas
Tink-a-Tako - Potranco,Candy  Del angel ,298,,Lobby,,8/18/25 1:47 PM,8/18/25 1:51 PM,4 minutes and 4 seconds,Zoila Salinas
Tink-a-Tako - Potranco,Silvia Hernandez,300,24,Lobby,,8/18/25 1:50 PM,8/18/25 1:53 PM,2 minutes and 32 seconds,Zoila Salinas
Tink-a-Tako - Potranco,Maria Majana,242,31,,2,8/18/25 1:31 PM,8/18/25 1:54 PM,22 minutes and 39 seconds,Zoila Salinas
Tink-a-Tako - Potranco,Rosa Compean,287,32,,2,8/18/25 1:27 PM,8/18/25 1:54 PM,27 minutes and 27 seconds,Zoila Salinas
Tink-a-Tako - Potranco,Maria Majana,242,31,,2,8/18/25 1:34 PM,8/18/25 1:54 PM,20 minutes and 20 seconds,Zoila Salinas
Tink-a-Tako - Potranco,Silvia Hernandez,285,23,,2,8/18/25 1:23 PM,8/18/25 1:54 PM,31 minutes and 32 seconds,Zoila Salinas
Tink-a-Tako - Potranco,Silvia Hernandez,300,24,,2,8/18/25 1:53 PM,8/18/25 1:54 PM,1 minute and 13 seconds,Zoila Salinas
Tink-a-Tako - Potranco,Rosa Compean,292,20,,2,8/18/25 1:44 PM,8/18/25 1:54 PM,9 minutes and 43 seconds,Zoila Salinas
Tink-a-Tako - Potranco,Rosa Compean,290,22,,2,8/18/25 1:44 PM,8/18/25 1:54 PM,9 minutes and 43 seconds,Zoila Salinas
Tink-a-Tako - Potranco,Silvia Hernandez,299,26,,2,8/18/25 1:51 PM,8/18/25 1:54 PM,3 minutes and 7 seconds,Zoila Salinas
Tink-a-Tako - Potranco,Candy  Del angel ,301,,Lobby,,8/18/25 1:52 PM,8/18/25 1:55 PM,2 minutes and 47 seconds,Zoila Salinas
Tink-a-Tako - Potranco,Candy  Del angel ,304,,Lobby,,8/18/25 2:03 PM,8/18/25 2:07 PM,4 minutes and 23 seconds,Zoila Salinas
Tink-a-Tako - Potranco,Candy  Del angel ,305,,Lobby,,8/18/25 2:05 PM,8/18/25 2:12 PM,6 minutes and 31 seconds,Zoila Salinas
Tink-a-Tako - Potranco,Isabel Cisneros,309,25,Lobby,,8/18/25 2:14 PM,8/18/25 2:18 PM,4 minutes and 14 seconds,Zoila Salinas
Tink-a-Tako - Potranco,Isabel Cisneros,309,25,Tortillero,,8/18/25 2:14 PM,8/18/25 2:18 PM,4 minutes and 14 seconds,Zoila Salinas
Tink-a-Tako - Potranco,Isabel Cisneros,309,25,Prep,,8/18/25 2:14 PM,8/18/25 2:18 PM,4 minutes and 14 seconds,Zoila Salinas
Tink-a-Tako - Potranco,Candy  Del angel ,306,,Lobby,,8/18/25 2:05 PM,8/18/25 2:18 PM,12 minutes and 41 seconds,Zoila Salinas
Tink-a-Tako - Potranco,Sergio Abundiz,310,18,Lobby,,8/18/25 2:22 PM,8/18/25 2:24 PM,1 minute and 15 seconds,Zoila Salinas
Tink-a-Tako - Potranco,Sergio Abundiz,311,7,Lobby,,8/18/25 2:25 PM,8/18/25 2:25 PM,43 seconds,Zoila Salinas
Tink-a-Tako - Potranco,Sergio Abundiz,311,7,Prep,,8/18/25 2:25 PM,8/18/25 2:25 PM,43 seconds,Zoila Salinas
Tink-a-Tako - Potranco,Isabel Cisneros,312,9,Lobby,,8/18/25 2:33 PM,8/18/25 2:41 PM,7 minutes and 38 seconds,Zoila Salinas
Tink-a-Tako - Potranco,Mayra Luna,315,,Lobby,,8/18/25 2:42 PM,8/18/25 2:44 PM,2 minutes,Zoila Salinas
Tink-a-Tako - Potranco,Mayra Luna,318,,Lobby,,8/18/25 2:57 PM,8/18/25 3:00 PM,2 minutes and 51 seconds,Zoila Salinas
Tink-a-Tako - Potranco,Sergio Abundiz,311,7,,2,8/18/25 2:25 PM,8/18/25 3:01 PM,36 minutes and 4 seconds,Zoila Salinas
Tink-a-Tako - Potranco,Isabel Cisneros,317,36,Lobby,,8/18/25 2:58 PM,8/18/25 3:01 PM,2 minutes and 55 seconds,Zoila Salinas
Tink-a-Tako - Potranco,Sergio Abundiz,310,18,,2,8/18/25 2:24 PM,8/18/25 3:01 PM,37 minutes and 43 seconds,Zoila Salinas
Tink-a-Tako - Potranco,Isabel Cisneros,312,9,,2,8/18/25 2:41 PM,8/18/25 3:01 PM,20 minutes and 14 seconds,Zoila Salinas
Tink-a-Tako - Potranco,Isabel Cisneros,317,36,Lobby,,8/18/25 2:55 PM,8/18/25 3:01 PM,6 minutes and 9 seconds,Zoila Salinas
Tink-a-Tako - Potranco,Isabel Cisneros,309,25,,2,8/18/25 2:18 PM,8/18/25 3:01 PM,43 minutes and 31 seconds,Zoila Salinas
Tink-a-Tako - Potranco,Isabel Cisneros,317,36,,2,8/18/25 3:01 PM,8/18/25 3:01 PM,3 seconds,Zoila Salinas
Tink-a-Tako - Potranco,Isabel Cisneros,317,36,,2,8/18/25 3:01 PM,8/18/25 3:01 PM,2 seconds,Zoila Salinas
Tink-a-Tako - Potranco,Sergio Abundiz,319,41,Lobby,,8/18/25 3:01 PM,8/18/25 3:08 PM,7 minutes and 11 seconds,Zoila Salinas
Tink-a-Tako - Potranco,Sergio Abundiz,320,25,Lobby,,8/18/25 3:07 PM,8/18/25 3:14 PM,7 minutes and 24 seconds,Zoila Salinas
Tink-a-Tako - Potranco,Sergio Abundiz,320,25,Tortillero,,8/18/25 3:07 PM,8/18/25 3:14 PM,7 minutes and 24 seconds,Zoila Salinas
Tink-a-Tako - Potranco,Sergio Abundiz,320,25,Prep,,8/18/25 3:07 PM,8/18/25 3:14 PM,7 minutes and 24 seconds,Zoila Salinas
Tink-a-Tako - Potranco,Sergio Abundiz,321,,Lobby,,8/18/25 3:21 PM,8/18/25 3:22 PM,1 minute and 14 seconds,Zoila Salinas
Tink-a-Tako - Potranco,Sergio Abundiz,320,25,,2,8/18/25 3:14 PM,8/18/25 3:23 PM,8 minutes and 55 seconds,Zoila Salinas
Tink-a-Tako - Potranco,Sergio Abundiz,319,41,,2,8/18/25 3:08 PM,8/18/25 3:23 PM,14 minutes and 38 seconds,Zoila Salinas
Tink-a-Tako - Potranco,Sergio Abundiz,322,,Lobby,,8/18/25 3:29 PM,8/18/25 3:31 PM,1 minute and 25 seconds,Zoila Salinas
Tink-a-Tako - Potranco,Sergio Abundiz,324,,Prep,,8/18/25 3:44 PM,8/18/25 3:49 PM,5 minutes and 4 seconds,Zoila Salinas
Tink-a-Tako - Potranco,Sergio Abundiz,324,,Lobby,,8/18/25 3:44 PM,8/18/25 3:49 PM,5 minutes and 4 seconds,Zoila Salinas
Tink-a-Tako - Potranco,Sergio Abundiz,325,,Lobby,,8/18/25 3:48 PM,8/18/25 3:51 PM,3 minutes and 24 seconds,Zoila Salinas
Tink-a-Tako - Potranco,Isabel Cisneros,326,24,Lobby,,8/18/25 3:51 PM,8/18/25 3:54 PM,3 minutes and 54 seconds,Zoila Salinas
Tink-a-Tako - Potranco,Mayra Luna,327,,Lobby,,8/18/25 3:54 PM,8/18/25 3:56 PM,2 minutes and 38 seconds,Zoila Salinas
Tink-a-Tako - Potranco,Brianna  Arias ,323,,Lobby,,8/18/25 3:44 PM,8/18/25 3:58 PM,13 minutes and 48 seconds,Zoila Salinas
Tink-a-Tako - Potranco,Isabel Cisneros,326,24,Lobby,,8/18/25 3:56 PM,8/18/25 4:00 PM,3 minutes and 38 seconds,Zoila Salinas
Tink-a-Tako - Potranco,Sergio Abundiz,325,,,2,8/18/25 3:51 PM,8/18/25 4:01 PM,10 minutes and 1 second,Zoila Salinas
Tink-a-Tako - Potranco,Brianna  Arias ,323,,,2,8/18/25 3:58 PM,8/18/25 4:01 PM,3 minutes and 14 seconds,Zoila Salinas
Tink-a-Tako - Potranco,Isabel Cisneros,326,24,,2,8/18/25 3:54 PM,8/18/25 4:01 PM,6 minutes and 45 seconds,Zoila Salinas
Tink-a-Tako - Potranco,Sergio Abundiz,324,,,2,8/18/25 3:49 PM,8/18/25 4:01 PM,12 minutes and 35 seconds,Zoila Salinas
Tink-a-Tako - Potranco,Isabel Cisneros,326,24,,2,8/18/25 4:00 PM,8/18/25 4:01 PM,1 minute and 11 seconds,Zoila Salinas
Tink-a-Tako - Potranco,Mayra Luna,328,,Lobby,,8/18/25 3:55 PM,8/18/25 4:04 PM,9 minutes and 17 seconds,Zoila Salinas
Tink-a-Tako - Potranco,Mayra Luna,330,,Lobby,,8/18/25 4:02 PM,8/18/25 4:08 PM,6 minutes and 16 seconds,Zoila Salinas
Tink-a-Tako - Potranco,Mayra Luna,331,,Lobby,,8/18/25 4:07 PM,8/18/25 4:09 PM,2 minutes and 3 seconds,Zoila Salinas
Tink-a-Tako - Potranco,Mayra Luna,332,,Lobby,,8/18/25 4:12 PM,8/18/25 4:14 PM,2 minutes and 7 seconds,Zoila Salinas
Tink-a-Tako - Potranco,Isabel Cisneros,334,,Lobby,,8/18/25 4:15 PM,8/18/25 4:16 PM,1 minute and 40 seconds,Zoila Salinas
Tink-a-Tako - Potranco,Mayra Luna,329,,Lobby,,8/18/25 4:00 PM,8/18/25 4:18 PM,18 minutes and 2 seconds,Zoila Salinas
Tink-a-Tako - Potranco,Sergio Abundiz,335,18,Lobby,,8/18/25 4:23 PM,8/18/25 4:33 PM,10 minutes and 45 seconds,Zoila Salinas
Tink-a-Tako - Potranco,Mayra Luna,339,,Lobby,,8/18/25 4:28 PM,8/18/25 4:34 PM,5 minutes and 41 seconds,Zoila Salinas
Tink-a-Tako - Potranco,Mayra Luna,339,,Prep,,8/18/25 4:28 PM,8/18/25 4:34 PM,5 minutes and 41 seconds,Zoila Salinas
Tink-a-Tako - Potranco,Sergio Abundiz,333,,Lobby,,8/18/25 4:16 PM,8/18/25 4:35 PM,19 minutes and 5 seconds,Zoila Salinas
Tink-a-Tako - Potranco,Sergio Abundiz,333,,Prep,,8/18/25 4:16 PM,8/18/25 4:35 PM,19 minutes and 5 seconds,Zoila Salinas
Tink-a-Tako - Potranco,Sergio Abundiz,336,35,Lobby,,8/18/25 4:23 PM,8/18/25 4:38 PM,14 minutes and 30 seconds,Zoila Salinas
Tink-a-Tako - Potranco,Isabel Cisneros,337,33,Lobby,,8/18/25 4:24 PM,8/18/25 4:38 PM,14 minutes and 48 seconds,Zoila Salinas
Tink-a-Tako - Potranco,Isabel Cisneros,338,17,Lobby,,8/18/25 4:24 PM,8/18/25 4:40 PM,15 minutes and 34 seconds,Zoila Salinas
Tink-a-Tako - Potranco,Isabel Cisneros,338,17,Tortillero,,8/18/25 4:24 PM,8/18/25 4:40 PM,15 minutes and 34 seconds,Zoila Salinas
Tink-a-Tako - Potranco,Isabel Cisneros,338,17,Prep,,8/18/25 4:24 PM,8/18/25 4:40 PM,15 minutes and 34 seconds,Zoila Salinas
Tink-a-Tako - Potranco,Isabel Cisneros,340,25,Lobby,,8/18/25 4:36 PM,8/18/25 4:41 PM,4 minutes and 28 seconds,Zoila Salinas
Tink-a-Tako - Potranco,Sergio Abundiz,341,,Lobby,,8/18/25 4:41 PM,8/18/25 4:41 PM,34 seconds,Zoila Salinas
Tink-a-Tako - Potranco,Isabel Cisneros,337,33,Lobby,,8/18/25 4:44 PM,8/18/25 4:48 PM,4 minutes and 1 second,Zoila Salinas
Tink-a-Tako - Potranco,Mayra Luna,329,,,2,8/18/25 4:18 PM,8/18/25 4:50 PM,32 minutes and 40 seconds,Zoila Salinas
Tink-a-Tako - Potranco,Isabel Cisneros,334,,,2,8/18/25 4:16 PM,8/18/25 4:50 PM,34 minutes and 11 seconds,Zoila Salinas
Tink-a-Tako - Potranco,Isabel Cisneros,337,33,,2,8/18/25 4:38 PM,8/18/25 4:51 PM,12 minutes and 7 seconds,Zoila Salinas
Tink-a-Tako - Potranco,Sergio Abundiz,333,,,2,8/18/25 4:35 PM,8/18/25 4:51 PM,15 minutes and 46 seconds,Zoila Salinas
Tink-a-Tako - Potranco,Sergio Abundiz,336,35,,2,8/18/25 4:38 PM,8/18/25 4:51 PM,12 minutes and 48 seconds,Zoila Salinas
Tink-a-Tako - Potranco,Sergio Abundiz,335,18,,2,8/18/25 4:33 PM,8/18/25 4:51 PM,17 minutes and 3 seconds,Zoila Salinas
Tink-a-Tako - Potranco,Isabel Cisneros,340,25,,2,8/18/25 4:41 PM,8/18/25 4:51 PM,9 minutes and 51 seconds,Zoila Salinas
Tink-a-Tako - Potranco,Isabel Cisneros,338,17,,2,8/18/25 4:40 PM,8/18/25 4:51 PM,10 minutes and 59 seconds,Zoila Salinas
Tink-a-Tako - Potranco,Sergio Abundiz,341,,,2,8/18/25 4:41 PM,8/18/25 4:51 PM,9 minutes and 26 seconds,Zoila Salinas
Tink-a-Tako - Potranco,Isabel Cisneros,337,33,,2,8/18/25 4:48 PM,8/18/25 4:51 PM,2 minutes and 42 seconds,Zoila Salinas
Tink-a-Tako - Potranco,Isabel Cisneros,338,17,Lobby,,8/18/25 4:50 PM,8/18/25 4:52 PM,1 minute and 9 seconds,Zoila Salinas
Tink-a-Tako - Potranco,Mayra Luna,329,,Lobby,,8/18/25 4:50 PM,8/18/25 4:52 PM,2 minutes and 36 seconds,Zoila Salinas
Tink-a-Tako - Potranco,Isabel Cisneros,343,38,Lobby,,8/18/25 4:49 PM,8/18/25 4:54 PM,5 minutes and 3 seconds,Zoila Salinas
Tink-a-Tako - Potranco,Sergio Abundiz,344,32,Lobby,,8/18/25 4:57 PM,8/18/25 5:04 PM,6 minutes and 11 seconds,Zoila Salinas
Tink-a-Tako - Potranco,Isabel Cisneros,338,17,,2,8/18/25 4:52 PM,8/18/25 5:10 PM,18 minutes and 37 seconds,Zoila Salinas
Tink-a-Tako - Potranco,Mayra Luna,329,,,2,8/18/25 4:52 PM,8/18/25 5:10 PM,17 minutes and 55 seconds,Zoila Salinas
Tink-a-Tako - Potranco,Sergio Abundiz,344,32,,2,8/18/25 5:04 PM,8/18/25 5:10 PM,6 minutes and 31 seconds,Zoila Salinas
Tink-a-Tako - Potranco,Isabel Cisneros,343,38,,2,8/18/25 4:54 PM,8/18/25 5:10 PM,15 minutes and 40 seconds,Zoila Salinas
Tink-a-Tako - Potranco,Isabel Cisneros,345,9,Lobby,,8/18/25 5:01 PM,8/18/25 5:11 PM,10 minutes and 5 seconds,Zoila Salinas
Tink-a-Tako - Potranco,Isabel Cisneros,345,9,Tortillero,,8/18/25 5:01 PM,8/18/25 5:11 PM,10 minutes and 5 seconds,Zoila Salinas
Tink-a-Tako - Potranco,Isabel Cisneros,345,9,Prep,,8/18/25 5:01 PM,8/18/25 5:11 PM,10 minutes and 5 seconds,Zoila Salinas
Tink-a-Tako - Potranco,Sergio Abundiz,346,18,Lobby,,8/18/25 5:02 PM,8/18/25 5:11 PM,8 minutes and 58 seconds,Zoila Salinas
Tink-a-Tako - Potranco,Sergio Abundiz,346,18,Tortillero,,8/18/25 5:02 PM,8/18/25 5:11 PM,8 minutes and 58 seconds,Zoila Salinas
Tink-a-Tako - Potranco,Sergio Abundiz,346,18,Prep,,8/18/25 5:02 PM,8/18/25 5:11 PM,8 minutes and 58 seconds,Zoila Salinas
Tink-a-Tako - Potranco,Isabel Cisneros,345,9,,2,8/18/25 5:11 PM,8/18/25 5:13 PM,1 minute and 39 seconds,Zoila Salinas
Tink-a-Tako - Potranco,Sergio Abundiz,346,18,,2,8/18/25 5:11 PM,8/18/25 5:13 PM,1 minute and 39 seconds,Zoila Salinas
Tink-a-Tako - Potranco,Isabel Cisneros,348,7,Lobby,,8/18/25 5:10 PM,8/18/25 5:15 PM,5 minutes and 26 seconds,Zoila Salinas
Tink-a-Tako - Potranco,Isabel Cisneros,348,7,Tortillero,,8/18/25 5:10 PM,8/18/25 5:15 PM,5 minutes and 26 seconds,Zoila Salinas
Tink-a-Tako - Potranco,Isabel Cisneros,348,7,Prep,,8/18/25 5:10 PM,8/18/25 5:15 PM,5 minutes and 26 seconds,Zoila Salinas
Tink-a-Tako - Potranco,Isabel Cisneros,347,24,Lobby,,8/18/25 5:09 PM,8/18/25 5:20 PM,10 minutes and 48 seconds,Zoila Salinas
Tink-a-Tako - Potranco,Isabel Cisneros,347,24,,2,8/18/25 5:09 PM,8/18/25 5:24 PM,14 minutes and 52 seconds,Zoila Salinas
Tink-a-Tako - Potranco,Isabel Cisneros,348,7,,2,8/18/25 5:15 PM,8/18/25 5:24 PM,9 minutes and 6 seconds,Zoila Salinas
Tink-a-Tako - Potranco,Isabel Cisneros,347,24,,2,8/18/25 5:20 PM,8/18/25 5:24 PM,4 minutes and 37 seconds,Zoila Salinas
Tink-a-Tako - Potranco,Sergio Abundiz,352,37,Lobby,,8/18/25 5:19 PM,8/18/25 5:26 PM,7 minutes and 31 seconds,Zoila Salinas
Tink-a-Tako - Potranco,Lizeth Alonso,350,,Lobby,,8/18/25 5:17 PM,8/18/25 5:27 PM,9 minutes and 42 seconds,Zoila Salinas
Tink-a-Tako - Potranco,Lizeth Alonso,349,,Lobby,,8/18/25 5:13 PM,8/18/25 5:27 PM,14 minutes and 6 seconds,Zoila Salinas
Tink-a-Tako - Potranco,Lizeth Alonso,354,,Lobby,,8/18/25 5:32 PM,8/18/25 5:33 PM,59 seconds,Zoila Salinas
Tink-a-Tako - Potranco,Isabel Cisneros,347,24,Lobby,,8/18/25 5:28 PM,8/18/25 5:34 PM,5 minutes and 50 seconds,Zoila Salinas
Tink-a-Tako - Potranco,Lizeth Alonso,353,,Tortillero,,8/18/25 5:27 PM,8/18/25 5:34 PM,7 minutes and 13 seconds,Zoila Salinas
Tink-a-Tako - Potranco,Lizeth Alonso,353,,Prep,,8/18/25 5:27 PM,8/18/25 5:34 PM,7 minutes and 13 seconds,Zoila Salinas
Tink-a-Tako - Potranco,Lizeth Alonso,353,,Lobby,,8/18/25 5:27 PM,8/18/25 5:34 PM,7 minutes and 13 seconds,Zoila Salinas
Tink-a-Tako - Potranco,Lizeth Alonso,353,,Lobby,,8/18/25 5:31 PM,8/18/25 5:34 PM,3 minutes and 10 seconds,Zoila Salinas
Tink-a-Tako - Potranco,Lizeth Alonso,357,,Lobby,,8/18/25 5:36 PM,8/18/25 5:38 PM,1 minute and 54 seconds,Zoila Salinas
Tink-a-Tako - Potranco,Sergio Abundiz,356,32,Lobby,,8/18/25 5:34 PM,8/18/25 5:40 PM,6 minutes and 7 seconds,Zoila Salinas
Tink-a-Tako - Potranco,Sergio Abundiz,356,32,Tortillero,,8/18/25 5:34 PM,8/18/25 5:40 PM,6 minutes and 7 seconds,Zoila Salinas
Tink-a-Tako - Potranco,Sergio Abundiz,356,32,Prep,,8/18/25 5:34 PM,8/18/25 5:40 PM,6 minutes and 7 seconds,Zoila Salinas
Tink-a-Tako - Potranco,Isabel Cisneros,358,25,Lobby,,8/18/25 5:35 PM,8/18/25 5:43 PM,7 minutes and 25 seconds,Zoila Salinas
Tink-a-Tako - Potranco,Isabel Cisneros,358,25,Tortillero,,8/18/25 5:35 PM,8/18/25 5:43 PM,7 minutes and 25 seconds,Zoila Salinas
Tink-a-Tako - Potranco,Isabel Cisneros,358,25,Prep,,8/18/25 5:35 PM,8/18/25 5:43 PM,7 minutes and 25 seconds,Zoila Salinas
Tink-a-Tako - Potranco,Lizeth Alonso,359,,Lobby,,8/18/25 5:37 PM,8/18/25 5:43 PM,5 minutes and 36 seconds,Zoila Salinas
Tink-a-Tako - Potranco,Sergio Abundiz,356,32,Lobby,,8/18/25 5:38 PM,8/18/25 5:43 PM,5 minutes and 41 seconds,Zoila Salinas
Tink-a-Tako - Potranco,Sergio Abundiz,356,32,Tortillero,,8/18/25 5:38 PM,8/18/25 5:43 PM,5 minutes and 41 seconds,Zoila Salinas
Tink-a-Tako - Potranco,Sergio Abundiz,356,32,Prep,,8/18/25 5:38 PM,8/18/25 5:43 PM,5 minutes and 41 seconds,Zoila Salinas
Tink-a-Tako - Potranco,Isabel Cisneros,358,25,Lobby,,8/18/25 5:52 PM,8/18/25 5:57 PM,5 minutes and 15 seconds,Zoila Salinas
Tink-a-Tako - Potranco,Isabel Cisneros,358,25,Tortillero,,8/18/25 5:52 PM,8/18/25 5:57 PM,5 minutes and 15 seconds,Zoila Salinas
Tink-a-Tako - Potranco,Isabel Cisneros,358,25,Prep,,8/18/25 5:52 PM,8/18/25 5:57 PM,5 minutes and 15 seconds,Zoila Salinas
Tink-a-Tako - Potranco,Lizeth Alonso,361,,Lobby,,8/18/25 6:03 PM,8/18/25 6:05 PM,1 minute and 59 seconds,Zoila Salinas
Tink-a-Tako - Potranco,Lizeth Alonso,360,,Tortillero,,8/18/25 6:00 PM,8/18/25 6:05 PM,5 minutes and 20 seconds,Zoila Salinas
Tink-a-Tako - Potranco,Lizeth Alonso,360,,Lobby,,8/18/25 6:00 PM,8/18/25 6:05 PM,5 minutes and 20 seconds,Zoila Salinas
Tink-a-Tako - Potranco,Sergio Abundiz,352,37,,2,8/18/25 5:26 PM,8/18/25 6:12 PM,45 minutes and 47 seconds,Zoila Salinas
Tink-a-Tako - Potranco,Isabel Cisneros,347,24,,2,8/18/25 5:34 PM,8/18/25 6:12 PM,37 minutes and 37 seconds,Zoila Salinas
Tink-a-Tako - Potranco,Sergio Abundiz,356,32,,2,8/18/25 5:40 PM,8/18/25 6:12 PM,32 minutes and 18 seconds,Zoila Salinas
Tink-a-Tako - Potranco,Isabel Cisneros,358,25,,2,8/18/25 5:43 PM,8/18/25 6:12 PM,29 minutes and 17 seconds,Zoila Salinas
Tink-a-Tako - Potranco,Sergio Abundiz,356,32,,2,8/18/25 5:43 PM,8/18/25 6:12 PM,28 minutes and 32 seconds,Zoila Salinas
Tink-a-Tako - Potranco,Isabel Cisneros,358,25,,2,8/18/25 5:57 PM,8/18/25 6:12 PM,15 minutes and 10 seconds,Zoila Salinas
Tink-a-Tako - Potranco,Lizeth Alonso,362,,Lobby,,8/18/25 6:07 PM,8/18/25 6:15 PM,8 minutes and 12 seconds,Zoila Salinas
Tink-a-Tako - Potranco,Sergio Abundiz,364,9,Lobby,,8/18/25 6:07 PM,8/18/25 6:15 PM,7 minutes and 40 seconds,Zoila Salinas
Tink-a-Tako - Potranco,Isabel Cisneros,365,18,Lobby,,8/18/25 6:16 PM,8/18/25 6:24 PM,8 minutes and 13 seconds,Zoila Salinas
Tink-a-Tako - Potranco,Isabel Cisneros,365,18,Tortillero,,8/18/25 6:16 PM,8/18/25 6:24 PM,8 minutes and 13 seconds,Zoila Salinas
Tink-a-Tako - Potranco,Isabel Cisneros,365,18,Prep,,8/18/25 6:16 PM,8/18/25 6:24 PM,8 minutes and 13 seconds,Zoila Salinas
Tink-a-Tako - Potranco,Lizeth Alonso,366,,Tortillero,,8/18/25 6:19 PM,8/18/25 6:27 PM,7 minutes and 40 seconds,Zoila Salinas
Tink-a-Tako - Potranco,Lizeth Alonso,366,,Prep,,8/18/25 6:19 PM,8/18/25 6:27 PM,7 minutes and 40 seconds,Zoila Salinas
Tink-a-Tako - Potranco,Lizeth Alonso,366,,Lobby,,8/18/25 6:19 PM,8/18/25 6:27 PM,7 minutes and 40 seconds,Zoila Salinas
Tink-a-Tako - Potranco,Sergio Abundiz,368,32,Lobby,,8/18/25 6:26 PM,8/18/25 6:28 PM,1 minute and 50 seconds,Zoila Salinas
Tink-a-Tako - Potranco,Lizeth Alonso,367,,Tortillero,,8/18/25 6:22 PM,8/18/25 6:31 PM,8 minutes and 53 seconds,Zoila Salinas
Tink-a-Tako - Potranco,Lizeth Alonso,367,,Prep,,8/18/25 6:22 PM,8/18/25 6:31 PM,8 minutes and 53 seconds,Zoila Salinas
Tink-a-Tako - Potranco,Lizeth Alonso,367,,Lobby,,8/18/25 6:22 PM,8/18/25 6:31 PM,8 minutes and 53 seconds,Zoila Salinas
Tink-a-Tako - Potranco,Sergio Abundiz,369,,Lobby,,8/18/25 6:38 PM,8/18/25 6:39 PM,1 minute and 3 seconds,Zoila Salinas
Tink-a-Tako - Potranco,Isabel Cisneros,370,7,Lobby,,8/18/25 6:43 PM,8/18/25 6:48 PM,5 minutes and 30 seconds,Zoila Salinas
Tink-a-Tako - Potranco,Sergio Abundiz,371,23,Lobby,,8/18/25 6:46 PM,8/18/25 7:00 PM,14 minutes and 20 seconds,Zoila Salinas
Tink-a-Tako - Potranco,Isabel Cisneros,373,25,Lobby,,8/18/25 6:56 PM,8/18/25 7:01 PM,5 minutes and 15 seconds,Zoila Salinas
Tink-a-Tako - Potranco,Isabel Cisneros,373,25,Tortillero,,8/18/25 6:56 PM,8/18/25 7:01 PM,5 minutes and 15 seconds,Zoila Salinas
Tink-a-Tako - Potranco,Isabel Cisneros,373,25,Prep,,8/18/25 6:56 PM,8/18/25 7:01 PM,5 minutes and 15 seconds,Zoila Salinas
Tink-a-Tako - Potranco,Lizeth Alonso,372,,Lobby,,8/18/25 6:58 PM,8/18/25 7:07 PM,9 minutes and 17 seconds,Zoila Salinas
Tink-a-Tako - Potranco,Lizeth Alonso,374,,Lobby,,8/18/25 7:07 PM,8/18/25 7:11 PM,4 minutes and 22 seconds,Zoila Salinas
Tink-a-Tako - Potranco,Lizeth Alonso,375,,Lobby,,8/18/25 7:11 PM,8/18/25 7:21 PM,9 minutes and 27 seconds,Zoila Salinas
Tink-a-Tako - Potranco,Sergio Abundiz,377,37,Lobby,,8/18/25 7:19 PM,8/18/25 7:26 PM,6 minutes and 41 seconds,Zoila Salinas
Tink-a-Tako - Potranco,Lizeth Alonso,378,,Lobby,,8/18/25 7:21 PM,8/18/25 7:34 PM,13 minutes and 9 seconds,Zoila Salinas
Tink-a-Tako - Potranco,Sergio Abundiz,377,37,,2,8/18/25 7:26 PM,8/18/25 7:35 PM,9 minutes and 15 seconds,Zoila Salinas
Tink-a-Tako - Potranco,Isabel Cisneros,373,25,,2,8/18/25 7:01 PM,8/18/25 7:35 PM,33 minutes and 44 seconds,Zoila Salinas
Tink-a-Tako - Potranco,Isabel Cisneros,370,7,,2,8/18/25 6:48 PM,8/18/25 7:35 PM,46 minutes and 44 seconds,Zoila Salinas
Tink-a-Tako - Potranco,Sergio Abundiz,364,9,,2,8/18/25 6:15 PM,8/18/25 7:35 PM,"1 hour, 20 minutes and 10 seconds",Zoila Salinas
Tink-a-Tako - Potranco,Sergio Abundiz,368,32,,2,8/18/25 6:28 PM,8/18/25 7:35 PM,"1 hour, 7 minutes and 23 seconds",Zoila Salinas
Tink-a-Tako - Potranco,Sergio Abundiz,371,23,,2,8/18/25 7:00 PM,8/18/25 7:35 PM,34 minutes and 45 seconds,Zoila Salinas
Tink-a-Tako - Potranco,Sergio Abundiz,369,,,2,8/18/25 6:39 PM,8/18/25 7:35 PM,56 minutes and 25 seconds,Zoila Salinas
Tink-a-Tako - Potranco,Isabel Cisneros,365,18,,2,8/18/25 6:24 PM,8/18/25 7:35 PM,"1 hour, 10 minutes and 50 seconds",Zoila Salinas
Tink-a-Tako - Potranco,Lizeth Alonso,379,,Lobby,,8/18/25 7:30 PM,8/18/25 7:39 PM,9 minutes and 12 seconds,Zoila Salinas
Tink-a-Tako - Potranco,Isabel Cisneros,380,,Lobby,,8/18/25 7:33 PM,8/18/25 7:39 PM,6 minutes and 10 seconds,Zoila Salinas
Tink-a-Tako - Potranco,Lizeth Alonso,381,,Lobby,,8/18/25 7:40 PM,8/18/25 7:48 PM,7 minutes and 27 seconds,Zoila Salinas
Tink-a-Tako - Potranco,Lizeth Alonso,382,,Lobby,,8/18/25 7:47 PM,8/18/25 7:48 PM,27 seconds,Zoila Salinas
Tink-a-Tako - Potranco,Isabel Cisneros,383,32,Lobby,,8/18/25 8:03 PM,8/18/25 8:09 PM,5 minutes and 44 seconds,Zoila Salinas
Tink-a-Tako - Potranco,Lizeth Alonso,384,,Lobby,,8/18/25 8:04 PM,8/18/25 8:18 PM,14 minutes and 2 seconds,Zoila Salinas
Tink-a-Tako - Potranco,Sergio Abundiz,389,37,Lobby,,8/18/25 8:23 PM,8/18/25 8:25 PM,1 minute and 52 seconds,Zoila Salinas
Tink-a-Tako - Potranco,Lizeth Alonso,385,,Lobby,,8/18/25 8:17 PM,8/18/25 8:26 PM,8 minutes and 12 seconds,Zoila Salinas
Tink-a-Tako - Potranco,Lizeth Alonso,386,,Lobby,,8/18/25 8:18 PM,8/18/25 8:30 PM,12 minutes,Zoila Salinas
Tink-a-Tako - Potranco,Lizeth Alonso,387,,Lobby,,8/18/25 8:22 PM,8/18/25 8:30 PM,8 minutes and 33 seconds,Zoila Salinas
Tink-a-Tako - Potranco,Sergio Abundiz,389,37,Lobby,,8/18/25 8:25 PM,8/18/25 8:30 PM,5 minutes and 34 seconds,Zoila Salinas
Tink-a-Tako - Potranco,Isabel Cisneros,391,35,Lobby,,8/18/25 8:34 PM,8/18/25 8:40 PM,6 minutes and 33 seconds,Zoila Salinas
Tink-a-Tako - Potranco,Sergio Abundiz,390,,Lobby,,8/18/25 8:35 PM,8/18/25 8:40 PM,4 minutes and 45 seconds,Zoila Salinas
Tink-a-Tako - Potranco,Sergio Abundiz,390,,Tortillero,,8/18/25 8:30 PM,8/18/25 8:42 PM,11 minutes and 36 seconds,Zoila Salinas
Tink-a-Tako - Potranco,Sergio Abundiz,390,,Prep,,8/18/25 8:30 PM,8/18/25 8:42 PM,11 minutes and 36 seconds,Zoila Salinas
Tink-a-Tako - Potranco,Sergio Abundiz,390,,Lobby,,8/18/25 8:30 PM,8/18/25 8:42 PM,11 minutes and 36 seconds,Zoila Salinas
Tink-a-Tako - Potranco,Isabel Cisneros,380,,,2,8/18/25 7:39 PM,8/18/25 8:44 PM,"1 hour, 4 minutes and 48 seconds",Zoila Salinas
Tink-a-Tako - Potranco,Isabel Cisneros,383,32,,2,8/18/25 8:09 PM,8/18/25 8:44 PM,35 minutes and 7 seconds,Zoila Salinas
Tink-a-Tako - Potranco,Sergio Abundiz,389,37,,2,8/18/25 8:30 PM,8/18/25 8:44 PM,13 minutes and 40 seconds,Zoila Salinas
Tink-a-Tako - Potranco,Isabel Cisneros,391,35,,2,8/18/25 8:40 PM,8/18/25 8:44 PM,4 minutes and 8 seconds,Zoila Salinas
Tink-a-Tako - Potranco,Sergio Abundiz,390,,,2,8/18/25 8:42 PM,8/18/25 8:44 PM,2 minutes and 15 seconds,Zoila Salinas
Tink-a-Tako - Potranco,Sergio Abundiz,389,37,,2,8/18/25 8:25 PM,8/18/25 8:44 PM,19 minutes and 39 seconds,Zoila Salinas
Tink-a-Tako - Potranco,Sergio Abundiz,390,,,2,8/18/25 8:40 PM,8/18/25 8:44 PM,4 minutes and 7 seconds,Zoila Salinas
Tink-a-Tako - Potranco,Sergio Abundiz,392,41,Lobby,,8/18/25 8:41 PM,8/18/25 8:53 PM,11 minutes and 3 seconds,Zoila Salinas
