Employee,Job Title,In Date,Out Date,Auto Clock-out,Total Hours,Unpaid Break Time,Paid Break Time,Payable Hours
"Aviles, Genaro",Cook,8/18/25 5:25 AM,8/18/25 2:27 PM,No,9.04,0.00,0.00,9.04
"Ramirez Perez, Silvia",Cook,8/18/25 5:25 AM,8/18/25 2:01 PM,No,8.61,0.00,0.00,8.61
"Diaz, Diego",Cook,8/18/25 5:26 AM,8/18/25 2:11 PM,No,8.75,0.00,0.00,8.75
"Dominguez, Jose ",Cook,8/18/25 5:51 AM,8/18/25 2:01 PM,No,8.16,0.00,0.00,8.16
"Majana, Maria",Server,8/18/25 5:59 AM,8/18/25 2:06 PM,No,8.12,0.00,0.00,8.12
"Del angel , Candy ",Drive-Thru,8/18/25 6:07 AM,8/18/25 2:14 PM,No,8.11,0.00,0.00,8.11
"ORDONEZ, Rosie ",Shift Manager / Assistant Manager,8/18/25 6:30 AM,8/18/25 2:13 PM,No,7.71,0.00,0.00,7.71
"Brito, Victor ",Regular,8/18/25 7:03 AM,8/19/25 4:00 AM,Yes,20.95,0.00,0.00,20.95
"Compean, Rosa",Server,8/18/25 7:53 AM,8/18/25 2:33 PM,No,6.67,0.00,0.00,6.67
"Hernandez, Silvia",Server,8/18/25 7:56 AM,8/18/25 2:20 PM,No,6.40,0.00,0.00,6.40
"Abundiz, Ivana",Host,8/18/25 8:00 AM,8/18/25 2:02 PM,No,6.03,0.00,0.00,6.03
"Serrato, Joshua ",Busser,8/18/25 8:50 AM,8/18/25 2:07 PM,No,5.28,0.00,0.00,5.28
"Abundiz, Sergio",Server,8/18/25 1:32 PM,8/18/25 9:32 PM,No,8.00,0.00,0.00,8.00
"Gonzalez, Maria ",Tortillero,8/18/25 1:44 PM,8/18/25 9:18 PM,No,7.58,0.00,0.00,7.58
"Gonzales (Line) , Maria",Cook,8/18/25 1:56 PM,8/18/25 8:56 PM,No,7.00,0.00,0.00,7.00
"huerta, Arturo ",Dishwasher,8/18/25 1:57 PM,8/18/25 9:03 PM,No,7.11,0.00,0.00,7.11
"Calderon, Jesus",Cook,8/18/25 1:59 PM,8/18/25 8:58 PM,No,6.98,0.00,0.00,6.98
"Cisneros, Isabel",Server,8/18/25 2:03 PM,8/18/25 9:20 PM,No,7.28,0.00,0.00,7.28
"Luna, Mayra",Shift Manager / Assistant Manager,8/18/25 2:10 PM,8/18/25 9:47 PM,No,7.61,0.00,0.00,7.61
"ROJAS, JAIME",Busser,8/18/25 4:01 PM,8/18/25 9:22 PM,No,5.35,0.00,0.00,5.35
"Alonso, Lizeth",Host,8/18/25 5:13 PM,8/18/25 9:22 PM,No,4.15,0.00,0.00,4.15
