Location,Order #,Opened Date,Server,Table,Discount Name,Discount Reason,Comment,Discount Amount
Sandra's Cuisine - Potranco - 12060 Potranco Road,31077,8/21/25 10:21 AM,Melissa  Urena,,Open % Item,,,0.98
Sandra's Cuisine - Potranco - 12060 Potranco Road,31077,8/21/25 10:21 AM,Melissa  Urena,,Open % Item,,,0.40
Sandra's Cuisine - Potranco - 12060 Potranco Road,159,8/21/25 7:19 PM,Adrian Morales,7,Open % Item,,,0.23
Sandra's Cuisine - Potranco - 12060 Potranco Road,159,8/21/25 7:19 PM,Adrian Morales,7,Open % Item,,,0.20
Sandra's Cuisine - Potranco - 12060 Potranco Road,145,8/21/25 6:18 PM,Emanuel Sanchez,2,Open % Item,,,1.30
Sandra's Cuisine - Potranco - 12060 Potranco Road,137,8/21/25 5:55 PM,Mario Jimenez,,Open % Check,,,4.07
Sandra's Cuisine - Potranco - 12060 Potranco Road,136,8/21/25 5:54 PM,Mario Jimenez,,Open % Check,,,3.50
Sandra's Cuisine - Potranco - 12060 Potranco Road,121,8/21/25 4:31 PM,Candy Del Angel,,Employee Discount - Check,Employee Discount,Employee,3.58
Sandra's Cuisine - Potranco - 12060 Potranco Road,118,8/21/25 3:38 PM,Adrian Morales,,Open % Check,,,0.75
Sandra's Cuisine - Potranco - 12060 Potranco Road,117,8/21/25 3:37 PM,Adrian Morales,2,Open % Item,,,1.10
Sandra's Cuisine - Potranco - 12060 Potranco Road,109,8/21/25 2:46 PM,Candy Del Angel,,Employee Discount - Check,Employee Discount,Employee,8.99
