Order #,Opened Date,Void Date,Server,Approver,Item Name,Reason,Item Quantity,Total Price
7,8/21/25 8:43 AM,8/21/25 3:25 PM,Zoila Salinas,Candy Del Angel,Bean & Cheese Taco,Customer Changed Mind,1.0,1.79
10,8/21/25 9:00 AM,8/21/25 3:25 PM,Zoila Salinas,Candy Del Angel,Bean & Cheese Taco,Customer Changed Mind,1.0,1.79
17,8/21/25 9:13 AM,8/21/25 3:26 PM,Zoila Salinas,Candy Del Angel,Bean & Cheese Taco,Customer Changed Mind,1.0,1.79
27,8/21/25 10:31 AM,8/21/25 3:25 PM,Zoila Salinas,Candy Del Angel,Bean & Cheese Taco,Customer Changed Mind,1.0,1.79
34,8/21/25 11:02 AM,8/21/25 2:30 PM,Leticia Roman,Zoila Salinas,Diet Coke,Customer Changed Mind,1.0,3.69
34,8/21/25 11:02 AM,8/21/25 2:30 PM,Leticia Roman,Zoila Salinas,water,Customer Changed Mind,1.0,0.00
47,8/21/25 11:55 AM,8/21/25 2:03 PM,Candy Del Angel,Candy Del Angel,Bean & Cheese Taco,Testing/Training,1.0,1.79
10,8/21/25 9:00 AM,8/21/25 3:25 PM,Zoila Salinas,Candy Del Angel,Bean & Cheese Taco,Customer Changed Mind,1.0,1.79
16002,8/21/25 11:43 AM,8/21/25 12:28 PM,Lizbeth Garcia,Zoila Salinas,Soft Chicken Tacos x2,Customer Changed Mind,1.0,6.99
47,8/21/25 11:55 AM,8/21/25 2:03 PM,Candy Del Angel,Candy Del Angel,Bean & Cheese Taco,Testing/Training,1.0,1.79
47,8/21/25 11:55 AM,8/21/25 2:03 PM,Candy Del Angel,Candy Del Angel,Bean & Cheese Taco,Testing/Training,1.0,1.79
