Location,Server,Check #,Table,Station,Expediter Level,Fired Date,Fulfilled Date,Fulfillment Time,Fulfilled By
2919 Blanco Rd,AM CASHIER,13,,,1,9/28/25 8:19 AM,9/28/25 9:08 AM,48 minutes and 47 seconds,Cinthia Patlan
2919 Blanco Rd,AM CASHIER,12,,,1,9/28/25 8:17 AM,9/28/25 9:08 AM,51 minutes and 18 seconds,Cinthia Patlan
2919 Blanco Rd,AM CASHIER,19,22,,1,9/28/25 8:38 AM,9/28/25 9:08 AM,30 minutes and 15 seconds,Cinthia Patlan
2919 Blanco Rd,Cin Cin,21,,,1,9/28/25 8:40 AM,9/28/25 9:08 AM,27 minutes and 51 seconds,Cinthia Patlan
2919 Blanco Rd,Cin Cin,15,3,,1,9/28/25 8:26 AM,9/28/25 9:08 AM,41 minutes and 46 seconds,Cinthia Patlan
2919 Blanco Rd,AM CASHIER,26,18,,1,9/28/25 8:55 AM,9/28/25 9:08 AM,12 minutes and 37 seconds,Cinthia Patlan
2919 Blanco Rd,AM CASHIER,26,18,,1,9/28/25 9:04 AM,9/28/25 9:08 AM,4 minutes and 8 seconds,Cinthia Patlan
2919 Blanco Rd,Sami Martinez ,28,2,,1,9/28/25 9:07 AM,9/28/25 9:08 AM,1 minute and 30 seconds,Cinthia Patlan
2919 Blanco Rd,Sami Martinez ,37,7,,1,9/28/25 9:22 AM,9/28/25 9:29 AM,6 minutes and 42 seconds,Cinthia Patlan
2919 Blanco Rd,Sami Martinez ,35,11,,1,9/28/25 9:22 AM,9/28/25 9:34 AM,12 minutes and 19 seconds,Cinthia Patlan
2919 Blanco Rd,AM CASHIER,26,18,,1,9/28/25 9:30 AM,9/28/25 9:34 AM,4 minutes and 48 seconds,Cinthia Patlan
2919 Blanco Rd,Sami Martinez ,44,13,,1,9/28/25 9:32 AM,9/28/25 9:36 AM,3 minutes and 51 seconds,Cinthia Patlan
2919 Blanco Rd,Sami Martinez ,43,8,,1,9/28/25 9:31 AM,9/28/25 9:39 AM,7 minutes and 47 seconds,Cinthia Patlan
2919 Blanco Rd,Sami Martinez ,46,4,,1,9/28/25 9:32 AM,9/28/25 9:46 AM,14 minutes and 20 seconds,Cinthia Patlan
2919 Blanco Rd,Sami Martinez ,37,7,,1,9/28/25 9:46 AM,9/28/25 9:54 AM,8 minutes and 9 seconds,Cinthia Patlan
2919 Blanco Rd,Cin Cin,54,,,1,9/28/25 9:53 AM,9/28/25 10:16 AM,23 minutes and 40 seconds,Cinthia Patlan
2919 Blanco Rd,Sami Martinez ,63,7,,1,9/28/25 10:05 AM,9/28/25 10:16 AM,11 minutes and 11 seconds,Cinthia Patlan
2919 Blanco Rd,AM CASHIER,59,,,1,9/28/25 10:01 AM,9/28/25 10:16 AM,15 minutes and 13 seconds,Cinthia Patlan
2919 Blanco Rd,Sami Martinez ,68,19,,1,9/28/25 10:16 AM,9/28/25 10:22 AM,6 minutes and 18 seconds,Cinthia Patlan
2919 Blanco Rd,Sami Martinez ,70,14,,1,9/28/25 10:18 AM,9/28/25 10:37 AM,18 minutes and 50 seconds,Cinthia Patlan
2919 Blanco Rd,AM CASHIER,77,,,1,9/28/25 10:27 AM,9/28/25 10:37 AM,9 minutes and 40 seconds,Cinthia Patlan
2919 Blanco Rd,AM CASHIER,78,,,1,9/28/25 10:28 AM,9/28/25 10:37 AM,8 minutes and 37 seconds,Cinthia Patlan
2919 Blanco Rd,Sami Martinez ,108,,,1,9/28/25 10:32 AM,9/28/25 10:46 AM,14 minutes and 39 seconds,Cinthia Patlan
2919 Blanco Rd,Sami Martinez ,91,18,,1,9/28/25 10:42 AM,9/28/25 10:50 AM,8 minutes and 4 seconds,Cinthia Patlan
2919 Blanco Rd,Sami Martinez ,90,13,,1,9/28/25 10:41 AM,9/28/25 10:50 AM,8 minutes and 59 seconds,Cinthia Patlan
2919 Blanco Rd,Sami Martinez ,99,1,,1,9/28/25 10:54 AM,9/28/25 11:04 AM,9 minutes and 41 seconds,Cinthia Patlan
2919 Blanco Rd,Sami Martinez ,93,5,,1,9/28/25 10:47 AM,9/28/25 11:04 AM,17 minutes and 9 seconds,Cinthia Patlan
2919 Blanco Rd,AM CASHIER,104,,,1,9/28/25 10:57 AM,9/28/25 11:08 AM,10 minutes and 46 seconds,Cinthia Patlan
2919 Blanco Rd,Sami Martinez ,93,5,,1,9/28/25 10:54 AM,9/28/25 11:15 AM,20 minutes and 21 seconds,Cinthia Patlan
2919 Blanco Rd,Sami Martinez ,96,20,,1,9/28/25 10:53 AM,9/28/25 11:15 AM,21 minutes and 25 seconds,Cinthia Patlan
2919 Blanco Rd,Sami Martinez ,100,25,,1,9/28/25 10:56 AM,9/28/25 11:15 AM,18 minutes and 47 seconds,Cinthia Patlan
2919 Blanco Rd,Sami Martinez ,70,14,,1,9/28/25 10:56 AM,9/28/25 11:15 AM,18 minutes and 58 seconds,Cinthia Patlan
2919 Blanco Rd,Sami Martinez ,103,17,,1,9/28/25 10:59 AM,9/28/25 11:15 AM,15 minutes and 30 seconds,Cinthia Patlan
2919 Blanco Rd,Sami Martinez ,102,7,,1,9/28/25 10:57 AM,9/28/25 11:15 AM,17 minutes and 5 seconds,Cinthia Patlan
2919 Blanco Rd,Sami Martinez ,108,,,1,9/28/25 11:01 AM,9/28/25 11:15 AM,13 minutes and 39 seconds,Cinthia Patlan
2919 Blanco Rd,AM CASHIER,113,,,1,9/28/25 11:07 AM,9/28/25 11:15 AM,8 minutes and 5 seconds,Cinthia Patlan
2919 Blanco Rd,Sami Martinez ,90,13,,1,9/28/25 11:08 AM,9/28/25 11:15 AM,7 minutes and 7 seconds,Cinthia Patlan
2919 Blanco Rd,Sami Martinez ,93,5,,1,9/28/25 11:16 AM,9/28/25 11:20 AM,3 minutes and 35 seconds,Cinthia Patlan
2919 Blanco Rd,Sami Martinez ,96,20,,1,9/28/25 11:13 AM,9/28/25 11:20 AM,6 minutes and 18 seconds,Cinthia Patlan
2919 Blanco Rd,Sami Martinez ,117,16,,1,9/28/25 11:13 AM,9/28/25 11:34 AM,21 minutes and 22 seconds,Cinthia Patlan
2919 Blanco Rd,AM CASHIER,131,,,1,9/28/25 11:27 AM,9/28/25 11:34 AM,7 minutes and 11 seconds,Cinthia Patlan
2919 Blanco Rd,Sami Martinez ,136,2,,1,9/28/25 11:29 AM,9/28/25 11:34 AM,5 minutes and 34 seconds,Cinthia Patlan
2919 Blanco Rd,Sami Martinez ,129,6,,1,9/28/25 11:25 AM,9/28/25 11:37 AM,12 minutes and 23 seconds,Cinthia Patlan
2919 Blanco Rd,Sami Martinez ,135,19,,1,9/28/25 11:30 AM,9/28/25 11:40 AM,9 minutes and 44 seconds,Cinthia Patlan
2919 Blanco Rd,Sami Martinez ,142,8,,1,9/28/25 11:36 AM,9/28/25 11:40 AM,3 minutes and 34 seconds,Cinthia Patlan
2919 Blanco Rd,Sami Martinez ,134,4,,1,9/28/25 11:28 AM,9/28/25 11:46 AM,17 minutes and 57 seconds,Cinthia Patlan
2919 Blanco Rd,AM CASHIER,140,,,1,9/28/25 11:31 AM,9/28/25 11:46 AM,15 minutes and 14 seconds,Cinthia Patlan
2919 Blanco Rd,Sami Martinez ,148,22,,1,9/28/25 11:41 AM,9/28/25 11:47 AM,5 minutes and 51 seconds,Cinthia Patlan
2919 Blanco Rd,Sami Martinez ,145,14,,1,9/28/25 11:38 AM,9/28/25 12:09 PM,30 minutes and 21 seconds,Cinthia Patlan
2919 Blanco Rd,Sami Martinez ,148,22,,1,9/28/25 11:48 AM,9/28/25 12:09 PM,21 minutes,Cinthia Patlan
2919 Blanco Rd,Sami Martinez ,151,5,,1,9/28/25 11:45 AM,9/28/25 12:09 PM,23 minutes and 44 seconds,Cinthia Patlan
2919 Blanco Rd,AM CASHIER,153,,,1,9/28/25 11:48 AM,9/28/25 12:09 PM,20 minutes and 51 seconds,Cinthia Patlan
2919 Blanco Rd,Cin Cin,156,,,1,9/28/25 11:52 AM,9/28/25 12:09 PM,17 minutes and 2 seconds,Cinthia Patlan
2919 Blanco Rd,Sami Martinez ,145,14,,1,9/28/25 11:56 AM,9/28/25 12:09 PM,12 minutes and 25 seconds,Cinthia Patlan
2919 Blanco Rd,Sami Martinez ,166,7,,1,9/28/25 12:03 PM,9/28/25 12:09 PM,5 minutes and 57 seconds,Cinthia Patlan
2919 Blanco Rd,AM CASHIER,162,,,1,9/28/25 11:59 AM,9/28/25 12:09 PM,9 minutes and 56 seconds,Cinthia Patlan
2919 Blanco Rd,Cin Cin,171,,,1,9/28/25 12:05 PM,9/28/25 12:19 PM,14 minutes and 8 seconds,Cinthia Patlan
2919 Blanco Rd,AM CASHIER,170,,,1,9/28/25 12:05 PM,9/28/25 12:19 PM,14 minutes and 14 seconds,Cinthia Patlan
2919 Blanco Rd,Sami Martinez ,134,4,,1,9/28/25 12:08 PM,9/28/25 12:19 PM,11 minutes and 9 seconds,Cinthia Patlan
2919 Blanco Rd,Sami Martinez ,175,25,,1,9/28/25 12:12 PM,9/28/25 12:24 PM,11 minutes and 28 seconds,Cinthia Patlan
2919 Blanco Rd,Sami Martinez ,176,9,,1,9/28/25 12:15 PM,9/28/25 12:37 PM,22 minutes and 24 seconds,Cinthia Patlan
2919 Blanco Rd,Sami Martinez ,184,1,,1,9/28/25 12:28 PM,9/28/25 12:37 PM,9 minutes and 16 seconds,Cinthia Patlan
2919 Blanco Rd,Sami Martinez ,189,4,,1,9/28/25 12:32 PM,9/28/25 12:38 PM,5 minutes and 47 seconds,Cinthia Patlan
2919 Blanco Rd,Sami Martinez ,193,2,,1,9/28/25 12:34 PM,9/28/25 12:39 PM,5 minutes and 34 seconds,Cinthia Patlan
2919 Blanco Rd,Sami Martinez ,186,22,,1,9/28/25 12:31 PM,9/28/25 12:43 PM,12 minutes and 11 seconds,Cinthia Patlan
2919 Blanco Rd,Sami Martinez ,199,15,,1,9/28/25 12:46 PM,9/28/25 1:02 PM,16 minutes and 3 seconds,Cinthia Patlan
2919 Blanco Rd,Sami Martinez ,194,5,,1,9/28/25 12:34 PM,9/28/25 1:02 PM,27 minutes and 36 seconds,Cinthia Patlan
2919 Blanco Rd,AM CASHIER,196,,,1,9/28/25 12:36 PM,9/28/25 1:02 PM,26 minutes and 13 seconds,Cinthia Patlan
2919 Blanco Rd,Sami Martinez ,201,6,,1,9/28/25 12:46 PM,9/28/25 1:02 PM,16 minutes and 17 seconds,Cinthia Patlan
2919 Blanco Rd,Sami Martinez ,206,7,,1,9/28/25 12:56 PM,9/28/25 1:51 PM,55 minutes and 9 seconds,Cinthia Patlan
2919 Blanco Rd,AM CASHIER,191,,,1,9/28/25 1:12 PM,9/28/25 1:51 PM,39 minutes and 13 seconds,Cinthia Patlan
2919 Blanco Rd,Sami Martinez ,215,12,,1,9/28/25 1:27 PM,9/28/25 1:51 PM,24 minutes and 16 seconds,Cinthia Patlan
2919 Blanco Rd,AM CASHIER,225,,,1,9/28/25 1:53 PM,9/28/25 2:04 PM,10 minutes and 51 seconds,Cinthia Patlan
2919 Blanco Rd,Sami Martinez ,224,7,,1,9/28/25 1:47 PM,9/28/25 2:04 PM,16 minutes and 28 seconds,Cinthia Patlan
2919 Blanco Rd,Sami Martinez ,229,6,,1,9/28/25 1:57 PM,9/28/25 2:07 PM,9 minutes and 25 seconds,Cinthia Patlan
2919 Blanco Rd,Sami Martinez ,215,12,,1,9/28/25 2:00 PM,9/28/25 2:19 PM,18 minutes and 53 seconds,Cinthia Patlan
2919 Blanco Rd,Sami Martinez ,229,6,,1,9/28/25 2:18 PM,9/28/25 2:19 PM,31 seconds,Cinthia Patlan
2919 Blanco Rd,Sami Martinez ,238,20,,1,9/28/25 2:15 PM,9/28/25 2:21 PM,6 minutes and 8 seconds,Cinthia Patlan
2919 Blanco Rd,Sami Martinez ,236,4,,1,9/28/25 2:15 PM,9/28/25 2:23 PM,8 minutes and 2 seconds,Cinthia Patlan
2919 Blanco Rd,Sami Martinez ,236,4,,1,9/28/25 2:15 PM,9/28/25 2:23 PM,7 minutes and 35 seconds,Cinthia Patlan
2919 Blanco Rd,Cin Cin,234,,,1,9/28/25 2:22 PM,9/28/25 2:53 PM,30 minutes and 36 seconds,Cinthia Patlan
