Order #,Opened Date,Void Date,Server,Approver,Item Name,Reason,Item Quantity,Total Price
16,9/28/25 8:33 AM,9/28/25 8:39 AM,Cin Cin,Maria  Salazar,Horchata,Customer Changed Mind,1.0,3.99
16,9/28/25 8:33 AM,9/28/25 8:39 AM,Cin Cin,Maria  Salazar,Dr. Pepper,Customer Changed Mind,1.0,3.15
153,9/28/25 11:48 AM,9/28/25 2:55 PM,AM CASHIER,AM CASHIER,Barbacoa Taco,86ed,1.0,6.29
153,9/28/25 11:48 AM,9/28/25 2:55 PM,AM CASHIER,AM CASHIER,Coffee?. ,86ed,1.0,2.75
153,9/28/25 11:48 AM,9/28/25 2:55 PM,AM CASHIER,AM CASHIER,Bean & Cheese Taco,86ed,6.0,11.94
