Location,Order #,Opened,# of Guests,Server,Table,Discount Amount,Amount,Tax,Tip,Gratuity
Tink-a-Tako - Potranco,1,10/11/25 6:08 AM,1,Ivana Abundiz,,1.99,1.99,0.16,0.00,0.00
Tink-a-Tako - Potranco,2,10/11/25 6:35 AM,1,Ivana Abundiz,,0.00,7.99,0.66,2.00,0.00
Tink-a-Tako - Potranco,3,10/11/25 6:37 AM,1,Ivana Abundiz,,0.00,16.94,1.40,3.00,0.00
Tink-a-Tako - Potranco,4,10/11/25 6:41 AM,1,Ivana Abundiz,,0.00,9.75,0.81,0.00,0.00
Tink-a-Tako - Potranco,5,10/11/25 6:43 AM,1,Ivana Abundiz,,0.00,10.08,0.83,0.00,0.00
Tink-a-Tako - Potranco,7,10/11/25 6:53 AM,1,Ivana Abundiz,,0.00,9.03,0.74,0.00,0.00
Tink-a-Tako - Potranco,8,10/11/25 6:53 AM,1,Ivana Abundiz,,0.00,9.27,0.77,0.00,0.00
Tink-a-Tako - Potranco,10,10/11/25 6:54 AM,1,Rosa Compean,,0.00,10.55,0.87,0.00,0.00
Tink-a-Tako - Potranco,11,10/11/25 7:00 AM,1,Ivana Abundiz,,0.00,6.98,0.57,0.00,0.00
Tink-a-Tako - Potranco,12,10/11/25 7:02 AM,1,Ivana Abundiz,,0.00,5.57,0.46,0.00,0.00
Tink-a-Tako - Potranco,14,10/11/25 7:04 AM,1,Rosa Compean,,0.00,71.70,5.91,0.00,0.00
Tink-a-Tako - Potranco,15,10/11/25 7:05 AM,2,Rosie  ORDONEZ,17,0.00,36.71,3.03,20.00,0.00
Tink-a-Tako - Potranco,17,10/11/25 7:14 AM,1,Ivana Abundiz,,0.00,11.94,0.98,1.08,0.00
Tink-a-Tako - Potranco,18,10/11/25 7:40 AM,1,Ivana Abundiz,,0.00,30.74,2.53,0.00,0.00
Tink-a-Tako - Potranco,16,10/11/25 7:12 AM,1,Ivana Abundiz,,0.00,3.68,0.30,0.00,0.00
Tink-a-Tako - Potranco,20,10/11/25 7:49 AM,1,Ivana Abundiz,,0.00,19.32,1.60,0.00,0.00
Tink-a-Tako - Potranco,21,10/11/25 7:50 AM,1,Ivana Abundiz,,0.00,16.05,1.33,2.41,0.00
Tink-a-Tako - Potranco,22,10/11/25 7:52 AM,1,Rosa Compean,,0.00,11.99,0.99,0.00,0.00
Tink-a-Tako - Potranco,23,10/11/25 7:56 AM,2,Rosa Compean,33,0.00,26.15,2.15,4.00,0.00
Tink-a-Tako - Potranco,25,10/11/25 8:01 AM,1,Ivana Abundiz,,0.00,28.71,2.36,3.00,0.00
Tink-a-Tako - Potranco,26,10/11/25 8:03 AM,1,Ivana Abundiz,,0.00,14.27,1.17,1.50,0.00
Tink-a-Tako - Potranco,27,10/11/25 8:03 AM,1,Esperansa Caviedes,2,0.00,19.22,1.59,3.84,0.00
Tink-a-Tako - Potranco,28,10/11/25 8:03 AM,1,Ivana Abundiz,,0.00,10.96,0.89,1.64,0.00
Tink-a-Tako - Potranco,29,10/11/25 8:06 AM,1,Ivana Abundiz,,1.28,7.49,0.62,1.93,0.00
Tink-a-Tako - Potranco,30,10/11/25 8:08 AM,1,Maria Majana,7,0.00,25.22,2.09,5.00,0.00
Tink-a-Tako - Potranco,31,10/11/25 8:09 AM,1,Silvia Hernandez,26,0.00,9.77,0.81,0.00,0.00
Tink-a-Tako - Potranco,32,10/11/25 8:09 AM,1,Sergio Abundiz,12,0.00,18.67,1.54,0.00,0.00
Tink-a-Tako - Potranco,33,10/11/25 8:11 AM,1,Ivana Abundiz,,0.00,8.87,0.74,0.00,0.00
Tink-a-Tako - Potranco,34,10/11/25 8:15 AM,1,Rosa Compean,,0.00,9.42,0.77,0.00,0.00
Tink-a-Tako - Potranco,36,10/11/25 8:15 AM,1,Ivana Abundiz,,0.00,12.36,1.02,0.00,0.00
Tink-a-Tako - Potranco,37,10/11/25 8:19 AM,1,Ivana Abundiz,,0.00,19.94,1.63,0.00,0.00
Tink-a-Tako - Potranco,38,10/11/25 8:21 AM,1,Ivana Abundiz,,0.00,6.77,0.56,0.00,0.00
Tink-a-Tako - Potranco,39,10/11/25 8:22 AM,1,Ivana Abundiz,,0.00,3.98,0.32,0.00,0.00
Tink-a-Tako - Potranco,40,10/11/25 8:22 AM,1,Ivana Abundiz,,0.00,11.27,0.92,0.00,0.00
Tink-a-Tako - Potranco,41,10/11/25 8:27 AM,1,Rosa Compean,,0.00,6.47,0.54,0.00,0.00
Tink-a-Tako - Potranco,42,10/11/25 8:27 AM,1,Ivana Abundiz,,0.00,13.04,1.08,2.61,0.00
Tink-a-Tako - Potranco,43,10/11/25 8:28 AM,1,Ivana Abundiz,,0.00,6.38,0.52,0.00,0.00
Tink-a-Tako - Potranco,45,10/11/25 8:28 AM,1,Esperansa Caviedes,18,0.00,22.65,1.87,0.00,0.00
Tink-a-Tako - Potranco,46,10/11/25 8:30 AM,1,Ivana Abundiz,,0.00,10.06,0.83,0.00,0.00
Tink-a-Tako - Potranco,47,10/11/25 8:31 AM,1,Ivana Abundiz,,0.00,11.96,1.00,0.00,0.00
Tink-a-Tako - Potranco,49,10/11/25 8:32 AM,2,Sergio Abundiz,17,0.00,27.96,2.31,8.00,0.00
Tink-a-Tako - Potranco,51,10/11/25 8:35 AM,1,Ivana Abundiz,,0.00,7.96,0.66,1.19,0.00
Tink-a-Tako - Potranco,50,10/11/25 8:34 AM,3,Rosa Compean,10,0.00,31.02,2.56,5.00,0.00
Tink-a-Tako - Potranco,52,10/11/25 8:35 AM,1,Ivana Abundiz,,0.00,9.55,0.79,0.00,0.00
Tink-a-Tako - Potranco,53,10/11/25 8:37 AM,2,Maria Majana,24,0.00,21.15,1.74,7.00,0.00
Tink-a-Tako - Potranco,54,10/11/25 8:40 AM,1,Ivana Abundiz,,0.00,6.78,0.56,0.00,0.00
Tink-a-Tako - Potranco,55,10/11/25 8:43 AM,1,Ivana Abundiz,,0.00,11.96,0.98,0.00,0.00
Tink-a-Tako - Potranco,56,10/11/25 8:48 AM,1,Ivana Abundiz,,0.00,16.01,1.31,0.00,0.00
Tink-a-Tako - Potranco,57,10/11/25 8:50 AM,1,Ivana Abundiz,,0.00,5.78,0.48,0.00,0.00
Tink-a-Tako - Potranco,58,10/11/25 8:50 AM,1,Ivana Abundiz,,0.00,11.14,0.92,0.00,0.00
Tink-a-Tako - Potranco,60,10/11/25 8:53 AM,1,Ivana Abundiz,,0.00,6.98,0.58,0.00,0.00
Tink-a-Tako - Potranco,59,10/11/25 8:52 AM,1,Isabel Cisneros,,0.00,0.00,0.00,0.00,0.00
Tink-a-Tako - Potranco,61,10/11/25 8:53 AM,1,Ivana Abundiz,,0.00,14.79,1.21,2.00,0.00
Tink-a-Tako - Potranco,63,10/11/25 8:54 AM,5,Rosie  ORDONEZ,34,0.00,75.61,6.24,0.00,0.00
Tink-a-Tako - Potranco,64,10/11/25 8:55 AM,1,Ivana Abundiz,,0.00,41.62,3.43,0.00,0.00
Tink-a-Tako - Potranco,65,10/11/25 8:57 AM,1,Ivana Abundiz,,0.00,29.16,2.41,0.00,0.00
Tink-a-Tako - Potranco,66,10/11/25 8:57 AM,1,Isabel Cisneros,8,0.00,12.77,1.06,5.00,0.00
Tink-a-Tako - Potranco,67,10/11/25 8:57 AM,1,Isabel Cisneros,,0.00,20.17,1.67,0.00,0.00
Tink-a-Tako - Potranco,68,10/11/25 8:58 AM,2,Rosa Compean,23,0.00,33.12,2.72,8.00,0.00
Tink-a-Tako - Potranco,69,10/11/25 8:59 AM,1,Ivana Abundiz,,0.00,20.54,1.70,0.00,0.00
Tink-a-Tako - Potranco,71,10/11/25 9:04 AM,1,Ivana Abundiz,,0.00,14.61,1.20,0.00,0.00
Tink-a-Tako - Potranco,73,10/11/25 9:04 AM,2,Sergio Abundiz,25,0.00,29.45,2.44,6.00,0.00
Tink-a-Tako - Potranco,74,10/11/25 9:06 AM,5,Esperansa Caviedes,1,0.00,50.72,4.19,0.00,0.00
Tink-a-Tako - Potranco,76,10/11/25 9:07 AM,1,Ivana Abundiz,,0.00,13.54,1.11,0.00,0.00
Tink-a-Tako - Potranco,78,10/11/25 9:11 AM,1,Ivana Abundiz,,0.00,31.04,2.57,0.00,0.00
Tink-a-Tako - Potranco,80,10/11/25 9:12 AM,1,Ivana Abundiz,,0.00,5.58,0.46,0.00,0.00
Tink-a-Tako - Potranco,81,10/11/25 9:12 AM,1,Isabel Cisneros,,0.00,11.94,0.98,0.00,0.00
Tink-a-Tako - Potranco,82,10/11/25 9:12 AM,2,Isabel Cisneros,24,0.00,21.86,1.80,5.00,0.00
Tink-a-Tako - Potranco,83,10/11/25 9:12 AM,1,Ivana Abundiz,,0.00,15.65,1.29,0.00,0.00
Tink-a-Tako - Potranco,84,10/11/25 9:13 AM,1,Ivana Abundiz,,0.00,4.39,0.36,0.00,0.00
Tink-a-Tako - Potranco,86,10/11/25 9:13 AM,1,Ivana Abundiz,,0.00,12.14,1.00,0.00,0.00
Tink-a-Tako - Potranco,87,10/11/25 9:14 AM,1,Ivana Abundiz,,0.00,12.76,1.05,0.00,0.00
Tink-a-Tako - Potranco,88,10/11/25 9:14 AM,1,Ivana Abundiz,,0.00,6.78,0.56,0.00,0.00
Tink-a-Tako - Potranco,90,10/11/25 9:14 AM,2,Rosa Compean,32,0.00,28.41,2.34,5.00,0.00
Tink-a-Tako - Potranco,89,10/11/25 9:14 AM,1,Ivana Abundiz,,0.00,21.05,1.73,0.00,0.00
Tink-a-Tako - Potranco,92,10/11/25 9:15 AM,1,Ivana Abundiz,,0.00,38.45,3.16,0.00,0.00
Tink-a-Tako - Potranco,85,10/11/25 9:13 AM,4,Silvia Hernandez,19,0.00,32.41,2.68,11.00,0.00
Tink-a-Tako - Potranco,93,10/11/25 9:15 AM,1,Ivana Abundiz,,0.00,4.28,0.36,0.94,0.00
Tink-a-Tako - Potranco,94,10/11/25 9:15 AM,1,Isabel Cisneros,,0.00,6.45,0.53,0.00,0.00
Tink-a-Tako - Potranco,95,10/11/25 9:16 AM,5,Silvia Hernandez,4,0.00,67.02,5.53,0.00,0.00
Tink-a-Tako - Potranco,97,10/11/25 9:20 AM,1,Rosa Compean,,0.00,0.00,0.00,0.00,0.00
Tink-a-Tako - Potranco,98,10/11/25 9:22 AM,1,Maria Majana,,0.00,20.35,1.68,0.00,0.00
Tink-a-Tako - Potranco,100,10/11/25 9:24 AM,2,Sergio Abundiz,22,0.00,24.75,2.04,5.00,0.00
Tink-a-Tako - Potranco,102,10/11/25 9:25 AM,4,Maria Majana,31,0.00,39.10,3.21,2.00,0.00
Tink-a-Tako - Potranco,104,10/11/25 9:27 AM,1,Isabel Cisneros,,0.00,9.86,0.82,0.00,0.00
Tink-a-Tako - Potranco,105,10/11/25 9:29 AM,1,Ivana Abundiz,,0.00,20.74,1.71,2.00,0.00
Tink-a-Tako - Potranco,106,10/11/25 9:30 AM,1,Ivana Abundiz,,0.00,31.59,2.60,0.00,0.00
Tink-a-Tako - Potranco,107,10/11/25 9:31 AM,2,Silvia Hernandez,33,0.00,31.91,2.63,5.00,0.00
Tink-a-Tako - Potranco,108,10/11/25 9:32 AM,1,Ivana Abundiz,,0.00,7.97,0.67,1.75,0.00
Tink-a-Tako - Potranco,109,10/11/25 9:33 AM,1,Ivana Abundiz,,0.00,12.98,1.07,0.00,0.00
Tink-a-Tako - Potranco,111,10/11/25 9:35 AM,2,Isabel Cisneros,23,0.00,16.85,1.39,8.00,0.00
Tink-a-Tako - Potranco,112,10/11/25 9:35 AM,2,Rosa Compean,37,0.00,22.76,1.87,5.00,0.00
Tink-a-Tako - Potranco,110,10/11/25 9:34 AM,1,Ivana Abundiz,,0.00,11.26,0.92,0.00,0.00
Tink-a-Tako - Potranco,113,10/11/25 9:36 AM,1,Ivana Abundiz,,0.00,15.74,1.31,0.00,0.00
Tink-a-Tako - Potranco,114,10/11/25 9:37 AM,2,Esperansa Caviedes,15,0.00,21.94,1.82,0.00,0.00
Tink-a-Tako - Potranco,115,10/11/25 9:37 AM,1,Ivana Abundiz,,0.00,15.06,1.25,2.00,0.00
Tink-a-Tako - Potranco,116,10/11/25 9:38 AM,1,Ivana Abundiz,,0.00,17.94,1.48,1.00,0.00
Tink-a-Tako - Potranco,117,10/11/25 9:39 AM,1,Ivana Abundiz,,0.00,36.22,2.98,0.00,0.00
Tink-a-Tako - Potranco,119,10/11/25 9:41 AM,1,Maria Majana,,0.00,31.88,2.62,0.00,0.00
Tink-a-Tako - Potranco,120,10/11/25 9:42 AM,1,Sergio Abundiz,26,0.00,16.93,1.39,3.00,0.00
Tink-a-Tako - Potranco,118,10/11/25 9:40 AM,1,Ivana Abundiz,,0.00,13.75,1.13,0.00,0.00
Tink-a-Tako - Potranco,125,10/11/25 9:43 AM,1,Ivana Abundiz,,0.00,17.56,1.45,2.00,0.00
Tink-a-Tako - Potranco,126,10/11/25 9:44 AM,1,Ivana Abundiz,,0.00,11.55,0.96,0.00,0.00
Tink-a-Tako - Potranco,128,10/11/25 9:50 AM,2,Maria Majana,17,0.00,0.00,0.00,0.00,0.00
Tink-a-Tako - Potranco,127,10/11/25 9:48 AM,1,Ivana Abundiz,,0.00,21.27,1.77,3.19,0.00
Tink-a-Tako - Potranco,130,10/11/25 9:50 AM,1,Ivana Abundiz,,0.00,11.35,0.93,0.00,0.00
Tink-a-Tako - Potranco,131,10/11/25 9:51 AM,1,Ivana Abundiz,,0.00,24.92,2.05,0.00,0.00
Tink-a-Tako - Potranco,132,10/11/25 9:51 AM,1,Ivana Abundiz,,0.00,5.48,0.46,0.00,0.00
Tink-a-Tako - Potranco,129,10/11/25 9:50 AM,2,Maria Majana,17,0.00,27.64,2.28,4.00,0.00
Tink-a-Tako - Potranco,133,10/11/25 9:52 AM,1,Ivana Abundiz,,0.00,57.58,4.76,0.00,0.00
Tink-a-Tako - Potranco,134,10/11/25 9:53 AM,1,Ivana Abundiz,,0.00,6.57,0.55,1.00,0.00
Tink-a-Tako - Potranco,135,10/11/25 9:53 AM,1,Ivana Abundiz,,0.00,3.98,0.32,1.00,0.00
Tink-a-Tako - Potranco,137,10/11/25 9:55 AM,2,Isabel Cisneros,11,0.00,27.86,2.29,0.00,0.00
Tink-a-Tako - Potranco,136,10/11/25 9:55 AM,2,Silvia Hernandez,9,0.00,18.96,1.57,0.00,0.00
Tink-a-Tako - Potranco,138,10/11/25 9:57 AM,2,Rosa Compean,38,0.00,47.28,3.88,4.00,0.00
Tink-a-Tako - Potranco,141,10/11/25 9:58 AM,1,Isabel Cisneros,2,0.00,7.99,0.66,0.00,0.00
Tink-a-Tako - Potranco,142,10/11/25 9:58 AM,3,Esperansa Caviedes,40,0.00,38.50,3.16,5.00,0.00
Tink-a-Tako - Potranco,143,10/11/25 9:58 AM,1,Ivana Abundiz,,0.00,15.15,1.25,0.00,0.00
Tink-a-Tako - Potranco,144,10/11/25 9:59 AM,1,Silvia Hernandez,18,0.00,9.99,0.82,0.00,0.00
Tink-a-Tako - Potranco,146,10/11/25 10:00 AM,2,Sergio Abundiz,24,0.00,10.95,0.90,2.00,0.00
Tink-a-Tako - Potranco,139,10/11/25 9:57 AM,2,Maria Majana,39,0.00,17.57,1.44,0.00,0.00
Tink-a-Tako - Potranco,145,10/11/25 9:59 AM,1,Ivana Abundiz,,0.00,68.44,5.64,2.00,0.00
Tink-a-Tako - Potranco,147,10/11/25 10:01 AM,1,Ivana Abundiz,,0.00,10.35,0.85,2.07,0.00
Tink-a-Tako - Potranco,149,10/11/25 10:04 AM,1,Ivana Abundiz,,0.00,10.05,0.83,2.01,0.00
Tink-a-Tako - Potranco,150,10/11/25 10:07 AM,1,Ivana Abundiz,,0.00,4.98,0.41,0.00,0.00
Tink-a-Tako - Potranco,151,10/11/25 10:07 AM,2,Rosa Compean,25,0.00,37.53,3.11,7.00,0.00
Tink-a-Tako - Potranco,152,10/11/25 10:08 AM,1,Ivana Abundiz,,0.00,9.58,0.79,0.00,0.00
Tink-a-Tako - Potranco,155,10/11/25 10:10 AM,2,Esperansa Caviedes,32,0.00,27.41,2.24,4.00,0.00
Tink-a-Tako - Potranco,156,10/11/25 10:11 AM,1,Isabel Cisneros,,0.00,18.33,1.51,2.00,0.00
Tink-a-Tako - Potranco,157,10/11/25 10:13 AM,1,Rosa Compean,38,0.00,7.18,0.59,10.00,0.00
Tink-a-Tako - Potranco,158,10/11/25 10:13 AM,1,Ivana Abundiz,,0.00,3.58,0.30,0.00,0.00
Tink-a-Tako - Potranco,160,10/11/25 10:14 AM,3,Sergio Abundiz,23,7.64,37.91,3.12,0.00,0.00
Tink-a-Tako - Potranco,159,10/11/25 10:13 AM,1,Ivana Abundiz,,0.00,20.93,1.72,0.00,0.00
Tink-a-Tako - Potranco,161,10/11/25 10:15 AM,1,Ivana Abundiz,,0.00,6.18,0.51,0.00,0.00
Tink-a-Tako - Potranco,162,10/11/25 10:15 AM,2,Silvia Hernandez,37,0.00,19.50,1.61,3.80,0.00
Tink-a-Tako - Potranco,164,10/11/25 10:16 AM,2,Isabel Cisneros,7,0.00,31.84,2.63,5.00,0.00
Tink-a-Tako - Potranco,163,10/11/25 10:15 AM,1,Ivana Abundiz,,0.00,15.79,1.30,2.91,0.00
Tink-a-Tako - Potranco,166,10/11/25 10:17 AM,2,Maria Majana,22,1.00,32.96,2.72,3.00,0.00
Tink-a-Tako - Potranco,167,10/11/25 10:19 AM,1,Ivana Abundiz,,0.00,13.83,1.15,1.00,0.00
Tink-a-Tako - Potranco,168,10/11/25 10:20 AM,1,Ivana Abundiz,,0.00,8.06,0.66,0.00,0.00
Tink-a-Tako - Potranco,169,10/11/25 10:20 AM,2,Rosa Compean,20,3.80,18.15,1.50,0.00,0.00
Tink-a-Tako - Potranco,171,10/11/25 10:21 AM,1,Ivana Abundiz,,0.00,19.05,1.57,0.00,0.00
Tink-a-Tako - Potranco,170,10/11/25 10:21 AM,3,Esperansa Caviedes,3,0.00,26.48,2.18,0.00,0.00
Tink-a-Tako - Potranco,172,10/11/25 10:22 AM,1,Ivana Abundiz,,0.00,25.71,2.11,2.00,0.00
Tink-a-Tako - Potranco,176,10/11/25 10:27 AM,1,Ivana Abundiz,,0.00,5.78,0.48,1.74,0.00
Tink-a-Tako - Potranco,177,10/11/25 10:27 AM,1,Ivana Abundiz,,0.00,34.77,2.86,3.00,0.00
Tink-a-Tako - Potranco,178,10/11/25 10:28 AM,1,Ivana Abundiz,,0.00,6.48,0.54,0.00,0.00
Tink-a-Tako - Potranco,179,10/11/25 10:28 AM,2,Sergio Abundiz,24,0.00,56.00,4.62,6.00,0.00
Tink-a-Tako - Potranco,180,10/11/25 10:28 AM,1,Ivana Abundiz,,0.00,56.42,4.65,8.46,0.00
Tink-a-Tako - Potranco,175,10/11/25 10:26 AM,2,Maria Majana,38,0.00,25.70,2.11,2.00,0.00
Tink-a-Tako - Potranco,181,10/11/25 10:29 AM,1,Ivana Abundiz,,0.00,12.52,1.03,1.00,0.00
Tink-a-Tako - Potranco,182,10/11/25 10:30 AM,1,Esperansa Caviedes,26,0.00,17.44,1.43,0.00,0.00
Tink-a-Tako - Potranco,183,10/11/25 10:30 AM,1,Ivana Abundiz,,0.00,11.85,0.98,0.00,0.00
Tink-a-Tako - Potranco,184,10/11/25 10:31 AM,1,Ivana Abundiz,,0.00,10.36,0.85,0.00,0.00
Tink-a-Tako - Potranco,185,10/11/25 10:31 AM,1,Ivana Abundiz,,0.00,7.88,0.65,0.00,0.00
Tink-a-Tako - Potranco,186,10/11/25 10:31 AM,2,Rosa Compean,8,0.00,18.46,1.53,0.00,0.00
Tink-a-Tako - Potranco,187,10/11/25 10:33 AM,1,Rosie  ORDONEZ,,0.00,4.99,0.41,0.00,0.00
Tink-a-Tako - Potranco,190,10/11/25 10:34 AM,5,Isabel Cisneros,18,0.00,41.34,3.41,0.00,0.00
Tink-a-Tako - Potranco,188,10/11/25 10:33 AM,6,Silvia Hernandez,31,0.00,80.90,6.66,0.00,16.18
Tink-a-Tako - Potranco,193,10/11/25 10:40 AM,1,Rosie  ORDONEZ,,0.00,15.98,1.32,0.00,0.00
Tink-a-Tako - Potranco,195,10/11/25 10:40 AM,1,Ivana Abundiz,,0.00,14.20,1.18,0.00,0.00
Tink-a-Tako - Potranco,197,10/11/25 10:41 AM,1,Ivana Abundiz,,0.00,17.25,1.43,2.00,0.00
Tink-a-Tako - Potranco,196,10/11/25 10:41 AM,1,Lizeth Alonso,,0.00,15.34,1.27,0.00,0.00
Tink-a-Tako - Potranco,199,10/11/25 10:42 AM,1,Ivana Abundiz,,0.00,12.99,1.07,0.00,0.00
Tink-a-Tako - Potranco,191,10/11/25 10:36 AM,6,Maria Majana,42,0.00,71.28,5.88,0.00,14.26
Tink-a-Tako - Potranco,201,10/11/25 10:43 AM,1,Ivana Abundiz,,0.00,7.38,0.61,0.00,0.00
Tink-a-Tako - Potranco,202,10/11/25 10:44 AM,1,Ivana Abundiz,,0.00,12.26,1.01,2.00,0.00
Tink-a-Tako - Potranco,204,10/11/25 10:46 AM,2,Rosa Compean,32,0.00,38.97,3.20,4.00,0.00
Tink-a-Tako - Potranco,203,10/11/25 10:46 AM,5,Sergio Abundiz,34,0.00,67.80,5.59,12.00,0.00
Tink-a-Tako - Potranco,205,10/11/25 10:46 AM,2,Silvia Hernandez,19,0.00,17.95,1.49,0.00,0.00
Tink-a-Tako - Potranco,207,10/11/25 10:48 AM,3,Esperansa Caviedes,33,0.00,29.54,2.44,4.00,0.00
Tink-a-Tako - Potranco,210,10/11/25 10:50 AM,2,Rosa Compean,37,0.00,29.50,2.44,5.00,0.00
Tink-a-Tako - Potranco,208,10/11/25 10:50 AM,2,Silvia Hernandez,16,0.00,25.21,2.07,0.00,0.00
Tink-a-Tako - Potranco,211,10/11/25 10:51 AM,1,Ivana Abundiz,,0.00,8.78,0.72,2.00,0.00
Tink-a-Tako - Potranco,213,10/11/25 10:52 AM,1,Lizeth Alonso,,0.00,0.00,0.00,0.00,0.00
Tink-a-Tako - Potranco,214,10/11/25 10:52 AM,1,Lizeth Alonso,,0.00,1.99,0.16,0.00,0.00
Tink-a-Tako - Potranco,215,10/11/25 10:53 AM,1,Ivana Abundiz,,0.00,19.16,1.58,0.00,0.00
Tink-a-Tako - Potranco,219,10/11/25 10:53 AM,2,Isabel Cisneros,10,0.00,20.95,1.73,0.00,0.00
Tink-a-Tako - Potranco,221,10/11/25 10:54 AM,1,Ivana Abundiz,,0.00,12.94,1.07,0.00,0.00
Tink-a-Tako - Potranco,220,10/11/25 10:54 AM,2,Sergio Abundiz,3,0.00,24.69,2.04,2.00,0.00
Tink-a-Tako - Potranco,222,10/11/25 10:55 AM,4,Esperansa Caviedes,12,0.00,64.78,5.32,3.19,0.00
Tink-a-Tako - Potranco,218,10/11/25 10:53 AM,2,Maria Majana,35,0.00,18.62,1.52,4.00,0.00
Tink-a-Tako - Potranco,224,10/11/25 10:56 AM,3,Isabel Cisneros,17,0.00,15.79,1.30,6.00,0.00
Tink-a-Tako - Potranco,223,10/11/25 10:55 AM,1,Ivana Abundiz,,0.00,18.05,1.49,0.00,0.00
Tink-a-Tako - Potranco,225,10/11/25 10:57 AM,1,Ivana Abundiz,,0.00,27.60,2.28,0.00,0.00
Tink-a-Tako - Potranco,226,10/11/25 10:58 AM,8,Maria Majana,40,0.00,87.65,7.21,0.00,17.53
Tink-a-Tako - Potranco,227,10/11/25 10:58 AM,1,Ivana Abundiz,,0.00,10.56,0.87,0.00,0.00
Tink-a-Tako - Potranco,228,10/11/25 10:59 AM,2,Rosie  ORDONEZ,7,0.00,21.54,1.77,5.00,0.00
Tink-a-Tako - Potranco,229,10/11/25 11:00 AM,1,Ivana Abundiz,,0.00,8.57,0.71,0.00,0.00
Tink-a-Tako - Potranco,230,10/11/25 11:02 AM,1,Lizeth Alonso,,0.00,25.43,2.10,0.00,0.00
Tink-a-Tako - Potranco,231,10/11/25 11:04 AM,1,Ivana Abundiz,,0.00,9.58,0.79,0.00,0.00
Tink-a-Tako - Potranco,232,10/11/25 11:04 AM,2,Isabel Cisneros,22,0.00,18.55,1.54,5.00,0.00
Tink-a-Tako - Potranco,235,10/11/25 11:05 AM,1,Ivana Abundiz,,0.00,25.96,2.15,0.00,0.00
Tink-a-Tako - Potranco,236,10/11/25 11:05 AM,5,Esperansa Caviedes,4,0.00,40.56,3.34,5.00,0.00
Tink-a-Tako - Potranco,237,10/11/25 11:06 AM,1,Ivana Abundiz,,0.00,7.67,0.63,0.00,0.00
Tink-a-Tako - Potranco,239,10/11/25 11:07 AM,1,Ivana Abundiz,,0.00,23.95,1.97,0.00,0.00
Tink-a-Tako - Potranco,240,10/11/25 11:08 AM,1,Ivana Abundiz,,0.00,13.67,1.12,0.00,0.00
Tink-a-Tako - Potranco,241,10/11/25 11:09 AM,1,Ivana Abundiz,,0.00,12.72,1.04,0.00,0.00
Tink-a-Tako - Potranco,244,10/11/25 11:14 AM,1,Ivana Abundiz,,0.00,11.55,0.95,0.00,0.00
Tink-a-Tako - Potranco,245,10/11/25 11:14 AM,1,Lizeth Alonso,,0.00,34.51,2.85,0.00,0.00
Tink-a-Tako - Potranco,248,10/11/25 11:16 AM,1,Ivana Abundiz,,0.00,8.77,0.72,1.93,0.00
Tink-a-Tako - Potranco,243,10/11/25 11:13 AM,2,Silvia Hernandez,2,0.00,35.96,2.96,0.00,0.00
Tink-a-Tako - Potranco,249,10/11/25 11:16 AM,1,Ivana Abundiz,,0.00,11.98,0.99,0.00,0.00
Tink-a-Tako - Potranco,250,10/11/25 11:18 AM,1,Ivana Abundiz,,0.00,29.54,2.44,0.00,0.00
Tink-a-Tako - Potranco,251,10/11/25 11:18 AM,1,Ivana Abundiz,,0.00,11.77,0.96,0.00,0.00
Tink-a-Tako - Potranco,252,10/11/25 11:19 AM,2,Isabel Cisneros,20,0.00,21.17,1.75,4.00,0.00
Tink-a-Tako - Potranco,253,10/11/25 11:19 AM,1,Ivana Abundiz,,0.00,12.74,1.05,1.91,0.00
Tink-a-Tako - Potranco,247,10/11/25 11:16 AM,5,Maria Majana,31,0.00,60.94,5.01,6.00,0.00
Tink-a-Tako - Potranco,255,10/11/25 11:19 AM,1,Ivana Abundiz,,0.00,17.56,1.44,0.00,0.00
Tink-a-Tako - Potranco,256,10/11/25 11:20 AM,1,Lizeth Alonso,,0.00,2.99,0.25,0.00,0.00
Tink-a-Tako - Potranco,254,10/11/25 11:19 AM,4,Rosa Compean,8,0.00,39.90,3.30,0.00,0.00
Tink-a-Tako - Potranco,257,10/11/25 11:20 AM,1,Ivana Abundiz,,0.00,20.94,1.72,4.19,0.00
Tink-a-Tako - Potranco,258,10/11/25 11:21 AM,1,Ivana Abundiz,,0.00,19.66,1.61,0.00,0.00
Tink-a-Tako - Potranco,259,10/11/25 11:22 AM,2,Silvia Hernandez,38,0.00,17.74,1.46,3.00,0.00
Tink-a-Tako - Potranco,260,10/11/25 11:25 AM,2,Esperansa Caviedes,24,0.00,16.74,1.38,4.00,0.00
Tink-a-Tako - Potranco,261,10/11/25 11:28 AM,2,Silvia Hernandez,37,0.00,33.36,2.74,9.00,0.00
Tink-a-Tako - Potranco,262,10/11/25 11:29 AM,2,Maria Majana,15,7.77,11.49,0.95,6.00,0.00
Tink-a-Tako - Potranco,263,10/11/25 11:31 AM,2,Isabel Cisneros,19,0.00,13.25,1.10,3.65,0.00
Tink-a-Tako - Potranco,264,10/11/25 11:32 AM,3,Isabel Cisneros,18,0.00,38.81,3.20,5.00,0.00
Tink-a-Tako - Potranco,266,10/11/25 11:33 AM,1,Isabel Cisneros,,0.00,11.82,0.96,3.00,0.00
Tink-a-Tako - Potranco,265,10/11/25 11:33 AM,12,Sergio Abundiz,10,0.00,178.80,14.69,3.00,35.75
Tink-a-Tako - Potranco,268,10/11/25 11:34 AM,1,Rosa Compean,21,0.00,17.16,1.42,4.00,0.00
Tink-a-Tako - Potranco,267,10/11/25 11:34 AM,1,Ivana Abundiz,,0.00,3.98,0.32,0.00,0.00
Tink-a-Tako - Potranco,270,10/11/25 11:35 AM,1,Ivana Abundiz,,0.00,22.24,1.84,0.00,0.00
Tink-a-Tako - Potranco,269,10/11/25 11:34 AM,1,Isabel Cisneros,,0.00,16.97,1.40,0.00,0.00
Tink-a-Tako - Potranco,271,10/11/25 11:36 AM,1,Ivana Abundiz,,0.00,32.08,2.64,0.00,0.00
Tink-a-Tako - Potranco,273,10/11/25 11:37 AM,2,Silvia Hernandez,39,0.00,30.88,2.54,0.00,0.00
Tink-a-Tako - Potranco,272,10/11/25 11:37 AM,1,Isabel Cisneros,,0.00,7.16,0.59,0.00,0.00
Tink-a-Tako - Potranco,274,10/11/25 11:38 AM,1,Ivana Abundiz,,0.00,8.77,0.73,1.93,0.00
Tink-a-Tako - Potranco,275,10/11/25 11:39 AM,1,Ivana Abundiz,,0.00,9.56,0.79,0.00,0.00
Tink-a-Tako - Potranco,276,10/11/25 11:39 AM,1,Ivana Abundiz,,0.00,8.34,0.68,1.25,0.00
Tink-a-Tako - Potranco,278,10/11/25 11:39 AM,2,Silvia Hernandez,33,0.00,29.94,2.48,4.49,0.00
Tink-a-Tako - Potranco,277,10/11/25 11:39 AM,3,Sergio Abundiz,25,0.00,24.96,2.05,5.00,0.00
Tink-a-Tako - Potranco,279,10/11/25 11:39 AM,1,Ivana Abundiz,,0.00,20.92,1.72,0.00,0.00
Tink-a-Tako - Potranco,280,10/11/25 11:40 AM,2,Silvia Hernandez,36,0.00,31.95,2.64,6.39,0.00
Tink-a-Tako - Potranco,281,10/11/25 11:40 AM,1,Ivana Abundiz,,0.00,21.14,1.74,4.65,0.00
Tink-a-Tako - Potranco,282,10/11/25 11:41 AM,1,Ivana Abundiz,,0.00,9.75,0.80,1.00,0.00
Tink-a-Tako - Potranco,283,10/11/25 11:41 AM,1,Ivana Abundiz,,0.00,44.73,3.69,2.00,0.00
Tink-a-Tako - Potranco,284,10/11/25 11:42 AM,1,Ivana Abundiz,,0.00,15.05,1.24,1.00,0.00
Tink-a-Tako - Potranco,285,10/11/25 11:44 AM,2,Rosa Compean,23,0.00,30.21,2.50,3.00,0.00
Tink-a-Tako - Potranco,286,10/11/25 11:44 AM,1,Isabel Cisneros,,0.00,32.52,2.68,0.00,0.00
Tink-a-Tako - Potranco,289,10/11/25 11:50 AM,3,Esperansa Caviedes,7,0.00,26.13,2.14,0.00,0.00
Tink-a-Tako - Potranco,291,10/11/25 11:52 AM,2,Maria Majana,1,0.00,37.57,3.11,5.64,0.00
Tink-a-Tako - Potranco,290,10/11/25 11:51 AM,2,Esperansa Caviedes,17,0.00,20.11,1.65,0.00,0.00
Tink-a-Tako - Potranco,292,10/11/25 11:52 AM,1,Ivana Abundiz,,0.00,33.58,2.77,0.00,0.00
Tink-a-Tako - Potranco,293,10/11/25 11:54 AM,1,Ivana Abundiz,,4.89,4.89,0.40,0.00,0.00
Tink-a-Tako - Potranco,294,10/11/25 11:55 AM,1,Ivana Abundiz,,0.00,6.88,0.56,1.03,0.00
Tink-a-Tako - Potranco,295,10/11/25 11:56 AM,1,Ivana Abundiz,,0.00,10.77,0.88,0.00,0.00
Tink-a-Tako - Potranco,296,10/11/25 11:58 AM,2,Isabel Cisneros,20,0.00,27.72,2.28,6.00,0.00
Tink-a-Tako - Potranco,297,10/11/25 11:59 AM,3,Esperansa Caviedes,4,0.00,37.45,3.09,5.00,0.00
Tink-a-Tako - Potranco,298,10/11/25 11:59 AM,2,Rosa Compean,22,0.00,26.92,2.21,6.00,0.00
Tink-a-Tako - Potranco,300,10/11/25 12:00 PM,2,Silvia Hernandez,3,0.00,24.96,2.06,3.00,0.00
Tink-a-Tako - Potranco,299,10/11/25 12:00 PM,4,Rosa Compean,35,0.00,40.33,3.32,6.98,0.00
Tink-a-Tako - Potranco,301,10/11/25 12:03 PM,1,Ivana Abundiz,,0.00,12.87,1.06,0.00,0.00
Tink-a-Tako - Potranco,302,10/11/25 12:03 PM,1,Ivana Abundiz,,0.00,25.02,2.06,2.00,0.00
Tink-a-Tako - Potranco,303,10/11/25 12:04 PM,1,Ivana Abundiz,,0.00,20.37,1.68,0.00,0.00
Tink-a-Tako - Potranco,304,10/11/25 12:05 PM,1,Maria Majana,25,0.00,16.18,1.33,3.56,0.00
Tink-a-Tako - Potranco,308,10/11/25 12:07 PM,2,Silvia Hernandez,38,0.00,24.31,2.00,0.00,0.00
Tink-a-Tako - Potranco,309,10/11/25 12:09 PM,1,Ivana Abundiz,,0.00,9.66,0.79,2.13,0.00
Tink-a-Tako - Potranco,310,10/11/25 12:10 PM,1,Ivana Abundiz,,0.00,51.68,4.25,7.75,0.00
Tink-a-Tako - Potranco,311,10/11/25 12:11 PM,1,Ivana Abundiz,,0.00,38.07,3.13,5.71,0.00
Tink-a-Tako - Potranco,312,10/11/25 12:12 PM,2,Rosa Compean,8,1.30,33.86,2.78,5.00,0.00
Tink-a-Tako - Potranco,313,10/11/25 12:15 PM,2,Silvia Hernandez,24,0.00,24.46,2.01,3.00,0.00
Tink-a-Tako - Potranco,314,10/11/25 12:16 PM,2,Isabel Cisneros,15,0.00,20.98,1.73,0.00,0.00
Tink-a-Tako - Potranco,315,10/11/25 12:16 PM,1,Ivana Abundiz,,0.00,13.96,1.16,0.00,0.00
Tink-a-Tako - Potranco,316,10/11/25 12:17 PM,2,Maria Majana,37,0.00,28.85,2.36,0.00,0.00
Tink-a-Tako - Potranco,317,10/11/25 12:17 PM,3,Esperansa Caviedes,32,0.00,29.42,2.42,5.00,0.00
Tink-a-Tako - Potranco,318,10/11/25 12:19 PM,1,Ivana Abundiz,,0.00,3.78,0.31,0.00,0.00
Tink-a-Tako - Potranco,320,10/11/25 12:21 PM,2,Sergio Abundiz,11,0.00,31.46,2.59,0.00,0.00
Tink-a-Tako - Potranco,321,10/11/25 12:22 PM,1,Ivana Abundiz,,0.56,8.00,0.67,0.00,0.00
Tink-a-Tako - Potranco,323,10/11/25 12:24 PM,1,Esperansa Caviedes,26,0.00,22.72,1.87,4.54,0.00
Tink-a-Tako - Potranco,322,10/11/25 12:24 PM,1,Ivana Abundiz,,0.00,54.14,4.45,0.00,0.00
Tink-a-Tako - Potranco,324,10/11/25 12:26 PM,1,Ivana Abundiz,,0.00,0.99,0.08,0.00,0.00
Tink-a-Tako - Potranco,325,10/11/25 12:27 PM,1,Maria Majana,34,0.00,18.72,1.54,4.00,0.00
Tink-a-Tako - Potranco,327,10/11/25 12:27 PM,4,Isabel Cisneros,17,0.00,29.00,2.39,5.00,0.00
Tink-a-Tako - Potranco,326,10/11/25 12:27 PM,2,Silvia Hernandez,40,0.00,29.07,2.39,5.00,0.00
Tink-a-Tako - Potranco,328,10/11/25 12:29 PM,1,Ivana Abundiz,,0.00,31.93,2.63,4.79,0.00
Tink-a-Tako - Potranco,329,10/11/25 12:30 PM,1,Ivana Abundiz,,0.00,7.77,0.64,0.00,0.00
Tink-a-Tako - Potranco,330,10/11/25 12:31 PM,1,Ivana Abundiz,,0.00,6.87,0.57,0.00,0.00
Tink-a-Tako - Potranco,331,10/11/25 12:33 PM,2,Esperansa Caviedes,33,0.00,42.15,3.47,5.00,0.00
Tink-a-Tako - Potranco,332,10/11/25 12:34 PM,1,Ivana Abundiz,,0.00,22.33,1.84,3.35,0.00
Tink-a-Tako - Potranco,333,10/11/25 12:40 PM,2,Silvia Hernandez,35,0.00,35.19,2.91,0.00,0.00
Tink-a-Tako - Potranco,334,10/11/25 12:40 PM,5,Isabel Cisneros,42,0.00,45.25,3.75,7.00,0.00
Tink-a-Tako - Potranco,335,10/11/25 12:40 PM,2,Esperansa Caviedes,36,0.00,32.66,2.69,0.00,0.00
Tink-a-Tako - Potranco,336,10/11/25 12:41 PM,1,Ivana Abundiz,,0.00,31.46,2.58,0.00,0.00
Tink-a-Tako - Potranco,337,10/11/25 12:42 PM,1,Ivana Abundiz,,0.00,14.35,1.19,0.00,0.00
Tink-a-Tako - Potranco,338,10/11/25 12:44 PM,1,Ivana Abundiz,,0.00,18.67,1.53,2.80,0.00
Tink-a-Tako - Potranco,340,10/11/25 12:45 PM,1,Ivana Abundiz,,0.00,11.84,0.97,0.00,0.00
Tink-a-Tako - Potranco,341,10/11/25 12:46 PM,1,Ivana Abundiz,,0.00,13.56,1.12,0.00,0.00
Tink-a-Tako - Potranco,342,10/11/25 12:47 PM,4,Rosa Compean,25,0.00,74.20,6.11,14.85,0.00
Tink-a-Tako - Potranco,343,10/11/25 12:49 PM,8,Rosa Compean,31,0.00,110.38,9.12,10.00,22.08
Tink-a-Tako - Potranco,344,10/11/25 12:50 PM,1,Ivana Abundiz,,0.00,3.58,0.30,0.00,0.00
Tink-a-Tako - Potranco,345,10/11/25 12:50 PM,3,Silvia Hernandez,39,0.00,48.64,4.01,5.00,0.00
Tink-a-Tako - Potranco,346,10/11/25 12:53 PM,2,Rosa Compean,22,0.00,24.05,1.99,0.00,0.00
Tink-a-Tako - Potranco,350,10/11/25 12:56 PM,1,Ivana Abundiz,,0.00,25.76,2.13,0.00,0.00
Tink-a-Tako - Potranco,351,10/11/25 12:57 PM,2,Maria Majana,24,0.00,42.04,3.47,8.00,0.00
Tink-a-Tako - Potranco,352,10/11/25 1:00 PM,1,Ivana Abundiz,,0.00,21.83,1.79,3.27,0.00
Tink-a-Tako - Potranco,353,10/11/25 1:01 PM,1,Ivana Abundiz,,0.00,14.36,1.18,0.00,0.00
Tink-a-Tako - Potranco,354,10/11/25 1:01 PM,2,Sergio Abundiz,40,0.00,39.88,3.28,4.00,0.00
Tink-a-Tako - Potranco,355,10/11/25 1:03 PM,2,Sergio Abundiz,19,0.00,20.95,1.73,0.00,0.00
Tink-a-Tako - Potranco,358,10/11/25 1:06 PM,1,Rosa Compean,16,0.00,7.38,0.61,3.00,0.00
Tink-a-Tako - Potranco,356,10/11/25 1:05 PM,2,Silvia Hernandez,37,0.00,30.41,2.51,6.00,0.00
Tink-a-Tako - Potranco,359,10/11/25 1:06 PM,1,Ivana Abundiz,,0.00,18.76,1.54,0.00,0.00
Tink-a-Tako - Potranco,361,10/11/25 1:10 PM,4,Esperansa Caviedes,2,0.00,67.80,5.57,10.00,0.00
Tink-a-Tako - Potranco,360,10/11/25 1:08 PM,1,Ivana Abundiz,,0.00,24.64,2.03,0.00,0.00
Tink-a-Tako - Potranco,363,10/11/25 1:11 PM,15,Isabel Cisneros,4,0.00,205.69,16.95,7.43,41.14
Tink-a-Tako - Potranco,369,10/11/25 1:12 PM,1,Ivana Abundiz,,0.00,15.99,1.32,0.00,0.00
Tink-a-Tako - Potranco,370,10/11/25 1:13 PM,2,Maria Majana,32,0.00,49.40,4.08,0.00,0.00
Tink-a-Tako - Potranco,371,10/11/25 1:15 PM,1,Ivana Abundiz,,0.00,4.98,0.41,0.00,0.00
Tink-a-Tako - Potranco,373,10/11/25 1:18 PM,1,Ivana Abundiz,,0.00,5.58,0.46,0.00,0.00
Tink-a-Tako - Potranco,374,10/11/25 1:18 PM,1,Ivana Abundiz,,0.00,7.68,0.63,0.00,0.00
Tink-a-Tako - Potranco,372,10/11/25 1:16 PM,1,Ivana Abundiz,,0.00,48.60,3.99,0.00,0.00
Tink-a-Tako - Potranco,375,10/11/25 1:19 PM,2,Silvia Hernandez,3,0.00,36.36,2.99,7.27,0.00
Tink-a-Tako - Potranco,381,10/11/25 1:22 PM,2,Rosa Compean,23,0.00,35.36,2.90,3.00,0.00
Tink-a-Tako - Potranco,380,10/11/25 1:22 PM,1,Ivana Abundiz,,0.00,4.58,0.38,0.00,0.00
Tink-a-Tako - Potranco,379,10/11/25 1:21 PM,2,Esperansa Caviedes,41,0.00,24.92,2.05,3.00,0.00
Tink-a-Tako - Potranco,382,10/11/25 1:22 PM,1,Ivana Abundiz,,0.00,8.38,0.69,1.26,0.00
Tink-a-Tako - Potranco,383,10/11/25 1:25 PM,6,Sergio Abundiz,10,0.00,78.90,6.50,5.00,15.78
Tink-a-Tako - Potranco,384,10/11/25 1:27 PM,1,Ivana Abundiz,,0.00,12.80,1.05,0.00,0.00
Tink-a-Tako - Potranco,385,10/11/25 1:27 PM,3,Maria Majana,17,0.00,49.89,4.11,0.00,0.00
Tink-a-Tako - Potranco,386,10/11/25 1:28 PM,6,Rosa Compean,8,0.00,92.07,7.55,10.00,18.41
Tink-a-Tako - Potranco,387,10/11/25 1:29 PM,1,Ivana Abundiz,,0.00,48.77,4.01,0.00,0.00
Tink-a-Tako - Potranco,388,10/11/25 1:32 PM,1,Ivana Abundiz,,0.00,7.36,0.60,0.00,0.00
Tink-a-Tako - Potranco,389,10/11/25 1:32 PM,1,Isabel Cisneros,,0.00,4.58,0.38,0.00,0.00
Tink-a-Tako - Potranco,391,10/11/25 1:34 PM,1,Ivana Abundiz,,0.00,16.35,1.35,0.00,0.00
Tink-a-Tako - Potranco,393,10/11/25 1:37 PM,1,Ivana Abundiz,,0.00,8.98,0.74,0.00,0.00
Tink-a-Tako - Potranco,394,10/11/25 1:40 PM,1,Ivana Abundiz,,0.00,0.00,0.00,0.00,0.00
Tink-a-Tako - Potranco,395,10/11/25 1:40 PM,4,Maria Majana,20,0.00,34.82,2.85,0.00,0.00
Tink-a-Tako - Potranco,398,10/11/25 1:42 PM,3,Esperansa Caviedes,9,0.00,33.37,2.74,0.00,0.00
Tink-a-Tako - Potranco,397,10/11/25 1:40 PM,1,Ivana Abundiz,,0.00,15.44,1.27,3.09,0.00
Tink-a-Tako - Potranco,400,10/11/25 1:45 PM,1,Rosa Compean,25,0.00,13.77,1.13,0.00,0.00
Tink-a-Tako - Potranco,402,10/11/25 1:52 PM,1,Ivana Abundiz,,0.00,10.85,0.89,0.00,0.00
Tink-a-Tako - Potranco,403,10/11/25 1:59 PM,4,Sergio Abundiz,11,0.00,68.33,5.63,15.00,0.00
Tink-a-Tako - Potranco,405,10/11/25 2:02 PM,3,Rosa Compean,18,0.00,45.97,3.79,9.19,0.00
Tink-a-Tako - Potranco,406,10/11/25 2:09 PM,2,Rosa Compean,33,0.00,22.23,1.83,0.00,0.00
Tink-a-Tako - Potranco,407,10/11/25 2:12 PM,1,Lizeth Alonso,,0.00,47.94,3.94,2.00,0.00
Tink-a-Tako - Potranco,408,10/11/25 2:13 PM,1,Lizeth Alonso,,0.00,12.05,0.99,0.00,0.00
Tink-a-Tako - Potranco,409,10/11/25 2:14 PM,1,Lizeth Alonso,,0.00,23.32,1.92,0.00,0.00
Tink-a-Tako - Potranco,410,10/11/25 2:15 PM,1,Lizeth Alonso,,0.00,8.18,0.67,0.00,0.00
Tink-a-Tako - Potranco,411,10/11/25 2:15 PM,1,Lizeth Alonso,,0.00,3.58,0.30,1.00,0.00
Tink-a-Tako - Potranco,417,10/11/25 2:21 PM,1,Lizeth Alonso,,0.00,3.45,0.28,0.00,0.00
Tink-a-Tako - Potranco,418,10/11/25 2:25 PM,1,Lizeth Alonso,,0.00,15.32,1.26,0.00,0.00
Tink-a-Tako - Potranco,419,10/11/25 2:29 PM,1,Lizeth Alonso,,0.00,5.98,0.49,0.00,0.00
Tink-a-Tako - Potranco,420,10/11/25 2:32 PM,1,Maria Majana,,0.00,14.02,1.16,0.00,0.00
Tink-a-Tako - Potranco,422,10/11/25 2:46 PM,3,Maria Majana,23,0.00,42.95,3.55,8.59,0.00
Tink-a-Tako - Potranco,423,10/11/25 2:51 PM,1,Lizeth Alonso,,0.00,24.98,2.06,0.00,0.00
Tink-a-Tako - Potranco,424,10/11/25 2:54 PM,1,Lizeth Alonso,,0.00,11.44,0.95,0.00,0.00
Tink-a-Tako - Potranco,425,10/11/25 2:55 PM,1,Lizeth Alonso,,0.00,10.48,0.86,0.00,0.00
Tink-a-Tako - Potranco,426,10/11/25 2:55 PM,1,Lizeth Alonso,,0.00,11.99,0.99,0.00,0.00
Tink-a-Tako - Potranco,428,10/11/25 3:13 PM,1,Maria Majana,,0.00,27.85,2.29,0.00,0.00
Tink-a-Tako - Potranco,429,10/11/25 3:15 PM,1,Maria Majana,,0.00,14.99,1.24,1.00,0.00
Tink-a-Tako - Potranco,430,10/11/25 3:18 PM,1,Lizeth Alonso,,0.00,9.98,0.82,0.00,0.00
Tink-a-Tako - Potranco,431,10/11/25 3:19 PM,1,Lizeth Alonso,,0.00,14.43,1.18,0.00,0.00
Tink-a-Tako - Potranco,433,10/11/25 3:24 PM,1,Maria Majana,,0.00,4.78,0.40,0.00,0.00
Tink-a-Tako - Potranco,434,10/11/25 3:27 PM,1,Lizeth Alonso,,0.00,14.73,1.22,0.00,0.00
Tink-a-Tako - Potranco,435,10/11/25 3:27 PM,1,Maria Majana,,0.00,29.88,2.46,0.00,0.00
Tink-a-Tako - Potranco,436,10/11/25 3:29 PM,3,Sergio Abundiz,38,0.00,18.02,1.49,3.00,0.00
Tink-a-Tako - Potranco,437,10/11/25 3:30 PM,1,Lizeth Alonso,,0.00,36.14,2.98,2.88,0.00
Tink-a-Tako - Potranco,438,10/11/25 3:41 PM,1,Lizeth Alonso,,0.00,32.28,2.66,0.00,0.00
Tink-a-Tako - Potranco,439,10/11/25 3:42 PM,1,Lizeth Alonso,,0.00,40.19,3.31,1.50,0.00
Tink-a-Tako - Potranco,440,10/11/25 3:45 PM,3,Nadia  Reyes,8,0.00,63.02,5.18,0.00,0.00
Tink-a-Tako - Potranco,441,10/11/25 3:55 PM,1,Maria Majana,,8.00,46.95,3.87,0.00,0.00
Tink-a-Tako - Potranco,442,10/11/25 3:57 PM,1,Maria Majana,,0.00,0.00,0.00,0.00,0.00
Tink-a-Tako - Potranco,443,10/11/25 3:59 PM,1,Lizeth Alonso,,0.00,20.17,1.66,0.00,0.00
Tink-a-Tako - Potranco,445,10/11/25 4:18 PM,2,Sergio Abundiz,25,0.00,28.92,2.39,0.00,0.00
Tink-a-Tako - Potranco,446,10/11/25 4:27 PM,2,Maria Majana,32,0.00,15.92,1.31,0.00,0.00
Tink-a-Tako - Potranco,447,10/11/25 4:30 PM,3,Nadia  Reyes,23,0.00,49.32,4.05,0.00,0.00
Tink-a-Tako - Potranco,449,10/11/25 4:37 PM,1,Lizeth Alonso,,0.00,22.46,1.85,5.00,0.00
Tink-a-Tako - Potranco,448,10/11/25 4:36 PM,1,Lizeth Alonso,,0.00,0.00,0.00,0.00,0.00
Tink-a-Tako - Potranco,451,10/11/25 4:41 PM,1,Nadia  Reyes,,0.00,26.58,2.19,4.00,0.00
Tink-a-Tako - Potranco,452,10/11/25 4:44 PM,2,Sergio Abundiz,24,0.00,35.08,2.88,0.00,0.00
Tink-a-Tako - Potranco,454,10/11/25 4:48 PM,3,Nadia  Reyes,37,0.00,36.06,2.98,0.00,0.00
Tink-a-Tako - Potranco,455,10/11/25 4:48 PM,1,Sergio Abundiz,33,0.00,10.76,0.88,0.00,0.00
Tink-a-Tako - Potranco,453,10/11/25 4:47 PM,1,Lizeth Alonso,,0.00,23.75,1.96,5.00,0.00
Tink-a-Tako - Potranco,456,10/11/25 4:54 PM,2,Maria Majana,8,0.00,11.17,0.92,0.00,0.00
Tink-a-Tako - Potranco,457,10/11/25 4:58 PM,1,Lizeth Alonso,,0.00,12.99,1.07,0.00,0.00
Tink-a-Tako - Potranco,460,10/11/25 5:03 PM,2,Nadia  Reyes,38,0.00,50.67,4.18,0.00,0.00
Tink-a-Tako - Potranco,461,10/11/25 5:03 PM,6,Nadia  Reyes,31,0.00,98.16,8.08,0.00,19.63
Tink-a-Tako - Potranco,462,10/11/25 5:17 PM,1,Lizeth Alonso,,0.00,13.26,1.09,0.00,0.00
Tink-a-Tako - Potranco,464,10/11/25 5:17 PM,1,Maria Majana,,0.00,14.99,1.24,0.00,0.00
Tink-a-Tako - Potranco,465,10/11/25 5:27 PM,2,Sergio Abundiz,25,0.00,41.42,3.41,8.00,0.00
Tink-a-Tako - Potranco,467,10/11/25 5:37 PM,5,Nadia  Reyes,41,0.00,60.83,5.01,5.00,0.00
Tink-a-Tako - Potranco,466,10/11/25 5:28 PM,1,Lizeth Alonso,,0.00,12.99,1.07,0.00,0.00
Tink-a-Tako - Potranco,469,10/11/25 5:44 PM,4,Sergio Abundiz,24,0.00,61.79,5.06,10.00,0.00
Tink-a-Tako - Potranco,468,10/11/25 5:44 PM,1,Maria Majana,,0.00,18.76,1.54,0.00,0.00
Tink-a-Tako - Potranco,472,10/11/25 5:49 PM,2,Nadia  Reyes,32,0.00,26.67,2.20,5.00,0.00
Tink-a-Tako - Potranco,470,10/11/25 5:45 PM,1,Maria Majana,,0.00,0.00,0.00,0.00,0.00
Tink-a-Tako - Potranco,473,10/11/25 5:55 PM,2,Maria Majana,8,0.00,34.12,2.80,0.00,0.00
Tink-a-Tako - Potranco,474,10/11/25 5:58 PM,2,Nadia  Reyes,7,0.00,30.66,2.52,2.00,0.00
Tink-a-Tako - Potranco,471,10/11/25 5:46 PM,1,Lizeth Alonso,,0.00,18.36,1.51,2.00,0.00
Tink-a-Tako - Potranco,475,10/11/25 6:07 PM,1,Lizeth Alonso,,0.00,11.96,0.99,1.00,0.00
Tink-a-Tako - Potranco,476,10/11/25 6:12 PM,1,Maria Majana,,0.00,27.85,2.30,0.00,0.00
Tink-a-Tako - Potranco,478,10/11/25 6:14 PM,2,Nadia  Reyes,25,0.00,27.39,2.25,0.00,0.00
Tink-a-Tako - Potranco,480,10/11/25 6:19 PM,2,Sergio Abundiz,37,0.00,24.67,2.03,6.00,0.00
Tink-a-Tako - Potranco,481,10/11/25 6:27 PM,2,Nadia  Reyes,33,0.00,26.42,2.18,5.28,0.00
Tink-a-Tako - Potranco,482,10/11/25 6:34 PM,1,Maria Majana,,4.00,15.98,1.32,0.00,0.00
Tink-a-Tako - Potranco,483,10/11/25 6:39 PM,1,Sergio Abundiz,38,0.00,15.00,1.24,3.00,0.00
Tink-a-Tako - Potranco,479,10/11/25 6:16 PM,1,Lizeth Alonso,,0.00,14.97,1.23,0.00,0.00
Tink-a-Tako - Potranco,485,10/11/25 6:49 PM,22,Sergio Abundiz,32,0.00,41.45,3.43,0.00,8.29
Tink-a-Tako - Potranco,486,10/11/25 6:49 PM,4,Nadia  Reyes,23,0.00,69.49,5.71,10.00,0.00
Tink-a-Tako - Potranco,487,10/11/25 7:02 PM,1,Lizeth Alonso,,0.00,37.75,3.11,0.00,0.00
Tink-a-Tako - Potranco,488,10/11/25 7:10 PM,2,Nadia  Reyes,8,0.00,43.57,3.58,5.00,0.00
Tink-a-Tako - Potranco,489,10/11/25 7:14 PM,1,Lizeth Alonso,,0.00,32.47,2.68,0.00,0.00
Tink-a-Tako - Potranco,490,10/11/25 7:16 PM,1,Lizeth Alonso,,0.00,0.00,0.00,0.00,0.00
Tink-a-Tako - Potranco,491,10/11/25 7:20 PM,2,Sergio Abundiz,17,0.00,23.43,1.93,0.00,0.00
Tink-a-Tako - Potranco,492,10/11/25 7:22 PM,1,Lizeth Alonso,,0.00,6.97,0.57,0.00,0.00
Tink-a-Tako - Potranco,494,10/11/25 7:29 PM,2,Nadia  Reyes,37,0.00,30.43,2.50,4.00,0.00
Tink-a-Tako - Potranco,495,10/11/25 7:33 PM,3,Sergio Abundiz,18,0.00,20.96,1.73,0.00,0.00
Tink-a-Tako - Potranco,496,10/11/25 7:35 PM,1,Lizeth Alonso,,0.00,18.32,1.51,0.00,0.00
Tink-a-Tako - Potranco,499,10/11/25 7:44 PM,1,Lizeth Alonso,,0.00,60.35,4.98,0.00,0.00
Tink-a-Tako - Potranco,502,10/11/25 7:59 PM,3,Nadia  Reyes,34,0.00,51.39,4.24,0.00,0.00
Tink-a-Tako - Potranco,503,10/11/25 7:59 PM,1,Lizeth Alonso,,0.00,18.48,1.53,0.00,0.00
Tink-a-Tako - Potranco,505,10/11/25 8:12 PM,1,Lizeth Alonso,,0.00,12.99,1.07,0.00,0.00
Tink-a-Tako - Potranco,507,10/11/25 8:57 PM,2,Nadia  Reyes,25,0.00,25.43,2.10,3.81,0.00
Tink-a-Tako - Potranco,508,10/11/25 9:05 PM,1,Sergio Abundiz,24,0.00,13.99,1.15,3.00,0.00
Tink-a-Tako - Potranco,506,10/11/25 8:22 PM,1,Lizeth Alonso,,0.00,36.80,3.03,0.00,0.00
