Employee,Job Title,Regular Hours,Overtime Hours,Hourly Rate,Regular Pay,Overtime Pay,Total Pay,Net Sales,Declared Tips,Non-Cash Tips,Total Tips,Tips Withheld,Total Gratuity,Employee ID,Job Code,Location,Location Code
"Abundiz, Ivana",Host,5.71,3.15,14.00,79.94,66.15,146.09,2792.25,,126.47,126.47,0.00,0.00,,,Tink-a-Tako - Potranco,
"Abundiz, Sergio",Server,6.94,7.23,,,,,1093.88,,109.00,109.00,0.00,59.82,,,Tink-a-Tako - Potranco,
"Alonso, Lizeth",Host,6.84,7.13,13.00,88.92,139.04,227.96,781.76,,20.38,20.38,0.00,0.00,,,Tink-a-Tako - Potranco,
"Alvarado, Rodolfo",Cook,8.36,0.0,17.00,142.12,0.00,142.12,0.00,,0.00,0.00,0.00,0.00,,,Tink-a-Tako - Potranco,
"Aviles, Genaro",Cook,0.0,10.71,15.00,0.00,240.98,240.98,0.00,,0.00,0.00,0.00,0.00,,,Tink-a-Tako - Potranco,
"Brito, Victor ",Regular,8.55,0.0,12.00,102.60,0.00,102.60,0.00,,0.00,0.00,0.00,0.00,,,Tink-a-Tako - Potranco,
"Calderon, Jesus",Cook,7.82,0.0,,,,,0.00,,0.00,0.00,0.00,0.00,,,Tink-a-Tako - Potranco,
"Caviedes, Esperansa",Server,7.21,0.0,3.00,21.63,0.00,21.63,712.71,,61.57,61.57,0.00,0.00,,,Tink-a-Tako - Potranco,
"Cisneros, Isabel",Server,2.84,3.4,3.00,8.52,15.30,23.82,757.47,,77.08,77.08,0.00,41.14,,,Tink-a-Tako - Potranco,
"Compean, Rosa",Server,9.03,0.0,3.00,27.09,0.00,27.09,1062.45,,132.02,132.02,0.00,40.49,,,Tink-a-Tako - Potranco,
"Diaz, Diego",Cook,5.15,3.57,,,,,0.00,,0.00,0.00,0.00,0.00,,,Tink-a-Tako - Potranco,
"Dominguez, Jose ",Cook,0.51,7.57,17.00,8.67,193.04,201.71,0.00,,0.00,0.00,0.00,0.00,,,Tink-a-Tako - Potranco,
"Gonzales (Line) , Maria",Cook,0.21,7.69,14.00,2.94,161.49,164.43,0.00,,0.00,0.00,0.00,0.00,,,Tink-a-Tako - Potranco,
"Gonzalez, Maria ",Tortillero,8.73,0.0,13.00,113.49,0.00,113.49,0.00,,0.00,0.00,0.00,0.00,,,Tink-a-Tako - Potranco,
"Hernandez, Silvia",Server,6.23,0.0,3.00,18.69,0.00,18.69,746.85,,71.95,71.95,0.00,16.18,,,Tink-a-Tako - Potranco,
"Juarez, Maria ",Dishwasher,14.02,0.0,12.00,168.24,0.00,168.24,0.00,,0.00,0.00,0.00,0.00,,,Tink-a-Tako - Potranco,
"Luna, Mayra",Shift Manager / Assistant Manager,4.21,0.0,,,,,0.00,,0.00,0.00,0.00,0.00,1919,,Tink-a-Tako - Potranco,
"Majana, Maria",Server,6.28,0.0,3.00,18.84,0.00,18.84,769.02,,60.20,60.20,0.00,31.79,,,Tink-a-Tako - Potranco,
"Majana, Maria",Host,5.7,0.0,14.00,79.80,0.00,79.80,320.21,,9.59,9.59,0.00,0.00,,,Tink-a-Tako - Potranco,
"Nanez Partida, Jose",Cook,6.81,0.0,15.00,102.15,0.00,102.15,0.00,,0.00,0.00,0.00,0.00,,,Tink-a-Tako - Potranco,
"ORDONEZ, Rosie ",Shift Manager / Assistant Manager,0.99,14.33,,,,,154.83,,25.00,25.00,0.00,0.00,,,Tink-a-Tako - Potranco,
"Ramirez Perez, Silvia",Cook,6.24,2.36,17.00,106.08,60.18,166.26,0.00,,0.00,0.00,0.00,0.00,,,Tink-a-Tako - Potranco,
"Reyes, Nadia ",Server,6.86,0.0,,,,,716.09,,44.09,44.09,0.00,19.63,,,Tink-a-Tako - Potranco,
"Rueda, Jonathan",Busser,12.86,0.0,12.00,154.32,0.00,154.32,0.00,,0.00,0.00,0.00,0.00,,,Tink-a-Tako - Potranco,
"Serrato, Joshua ",Busser,6.38,0.0,12.00,76.56,0.00,76.56,0.00,,0.00,0.00,0.00,0.00,,,Tink-a-Tako - Potranco,
"Trevino, Melissa",Dishwasher,7.1,0.0,13.00,92.30,0.00,92.30,0.00,,0.00,0.00,0.00,0.00,,,Tink-a-Tako - Potranco,
"Zuniga, Sebastian",Cook,8.54,0.0,15.00,128.10,0.00,128.10,0.00,,0.00,0.00,0.00,0.00,,,Tink-a-Tako - Potranco,
"huerta, Arturo ",Dishwasher,6.23,0.0,12.00,74.76,0.00,74.76,0.00,,0.00,0.00,0.00,0.00,,,Tink-a-Tako - Potranco,
