Employee,Job Title,Regular Hours,Overtime Hours,Hourly Rate,Regular Pay,Overtime Pay,Total Pay,Net Sales,Declared Tips,Non-Cash Tips,Total Tips,Tips Withheld,Total Gratuity,Employee ID,Job Code,Location,Location Code
"C, PM Cashier",Cashier,4.07,0.0,,,,,816.64,,24.48,24.48,0.00,0.00,,,2919 Blanco Rd,
"CASHIER, AM",General Manager,0.34,0.0,,,,,144.33,,3.00,3.00,0.00,0.00,,,2919 Blanco Rd,
"Hernandez, Celinda",Cook,0.0,8.78,16.00,0.00,210.72,210.72,0.00,,0.00,0.00,0.00,0.00,,,2919 Blanco Rd,
"Hernandez, Fidelia ",Cook,0.0,8.47,14.00,0.00,177.87,177.87,0.00,,0.00,0.00,0.00,0.00,,,2919 Blanco Rd,
"Martinez , Sami",Server,8.59,3.63,3.00,25.77,16.34,42.11,284.64,,12.00,12.00,0.00,0.00,,,2919 Blanco Rd,
"Melendez, Ninoska",Tortillero/a,0.0,11.31,13.00,0.00,220.55,220.55,0.00,,0.00,0.00,0.00,0.00,,,2919 Blanco Rd,
"Ovalle , Martina",Server,0.0,7.28,,,,,369.17,,47.07,47.07,0.00,0.00,,,2919 Blanco Rd,
"Rivera, Dante Antonio ",Cook,4.45,4.91,,,,,0.00,,0.00,0.00,0.00,0.00,,,2919 Blanco Rd,
"Salazar, Maria ",Shift Manager / Assistant Manager,0.0,7.46,,,,,323.46,,2.32,2.32,0.00,0.00,,,2919 Blanco Rd,
"Villalobos , Veronica ",Cook,7.78,0.22,14.00,108.92,4.62,113.54,0.00,,0.00,0.00,0.00,0.00,,,2919 Blanco Rd,
"lopez, samantha",Drive-Thru,0.0,10.6,13.00,0.00,206.70,206.70,1966.09,,80.59,80.59,0.00,0.00,,,2919 Blanco Rd,
