Employee,Job Title,In Date,Out Date,Auto Clock-out,Total Hours,Unpaid Break Time,Paid Break Time,Payable Hours
"Hernandez, Celinda",Cook,9/6/25 5:03 AM,9/6/25 1:50 PM,No,8.78,0.00,0.00,8.78
"Hernandez, Fidelia ",Cook,9/6/25 5:30 AM,9/6/25 1:58 PM,No,8.47,0.00,0.00,8.47
"Salazar, Maria ",Shift Manager / Assistant Manager,9/6/25 5:54 AM,9/6/25 1:22 PM,No,7.46,0.00,0.00,7.46
"Villalobos , Veronica ",Cook,9/6/25 5:55 AM,9/6/25 1:55 PM,No,8.00,0.00,0.00,8.00
"C, PM Cashier",Cashier,9/6/25 5:57 AM,9/6/25 10:01 AM,No,4.07,0.00,0.00,4.07
"Ovalle , Martina",Server,9/6/25 6:07 AM,9/6/25 1:24 PM,No,7.28,0.00,0.00,7.28
"Martinez , Sami",Server,9/6/25 8:02 AM,9/6/25 8:15 PM,No,12.22,0.00,0.00,12.22
"lopez, samantha",Drive-Thru,9/6/25 9:59 AM,9/6/25 1:10 PM,No,3.18,0.00,0.00,3.18
"Melendez, Ninoska",Tortillero/a,9/6/25 10:03 AM,9/6/25 9:22 PM,No,11.31,0.00,0.00,11.31
"Rivera, Dante Antonio ",Cook,9/6/25 11:59 AM,9/6/25 9:20 PM,No,9.36,0.00,0.00,9.36
"lopez, samantha",Drive-Thru,9/6/25 1:10 PM,9/6/25 8:36 PM,No,7.42,0.00,0.00,7.42
"CASHIER, AM",General Manager,9/6/25 8:03 PM,9/6/25 8:24 PM,No,0.34,0.00,0.00,0.34
