Check #,Table,Payment Type,Server,Cashier,Tip,Amount,Cash Drawer,Date,Opened Date
3,,CASH,Maria ,Maria ,0.00,6.46,Front Box Cash Drawer,9/9/25 6:10 AM,9/9/25 6:10 AM
2,,CASH,Maria ,Maria ,0.00,2.15,Front Box Cash Drawer,9/9/25 6:13 AM,9/9/25 6:09 AM
4,,CREDIT,Maria ,Maria ,0.00,8.69,,9/9/25 6:16 AM,9/9/25 6:11 AM
6,,CREDIT,Maria ,Maria ,2.00,12.75,,9/9/25 6:17 AM,9/9/25 6:12 AM
8,,CREDIT,Maria ,Maria ,0.00,8.95,,9/9/25 6:18 AM,9/9/25 6:13 AM
12,,CREDIT,samantha,samantha,0.00,9.49,,9/9/25 6:25 AM,9/9/25 6:21 AM
13,,CREDIT,samantha,samantha,2.00,2.96,,9/9/25 6:27 AM,9/9/25 6:23 AM
15,,CASH,samantha,samantha,0.00,6.46,Drive Thru Cash Drawer,9/9/25 6:28 AM,9/9/25 6:27 AM
10,,CASH,samantha,samantha,0.00,11.63,Drive Thru Cash Drawer,9/9/25 6:34 AM,9/9/25 6:21 AM
16,,CREDIT,samantha,samantha,5.00,12.92,,9/9/25 6:37 AM,9/9/25 6:33 AM
17,,CREDIT,samantha,samantha,0.00,14.50,,9/9/25 6:42 AM,9/9/25 6:36 AM
18,,CREDIT,samantha,samantha,0.00,4.96,,9/9/25 6:43 AM,9/9/25 6:42 AM
19,,CREDIT,samantha,samantha,0.00,4.30,,9/9/25 6:47 AM,9/9/25 6:43 AM
11,,CREDIT,Maria ,Maria ,0.00,8.90,,9/9/25 6:48 AM,9/9/25 6:47 AM
20,,CREDIT,samantha,samantha,0.00,25.12,,9/9/25 6:48 AM,9/9/25 6:45 AM
21,,CASH,samantha,samantha,0.00,2.15,Drive Thru Cash Drawer,9/9/25 6:52 AM,9/9/25 6:47 AM
24,,CREDIT,samantha,samantha,1.00,6.46,,9/9/25 6:52 AM,9/9/25 6:49 AM
25,,CREDIT,samantha,samantha,0.00,8.62,,9/9/25 6:54 AM,9/9/25 6:52 AM
26,,CASH,samantha,samantha,0.00,12.09,Drive Thru Cash Drawer,9/9/25 6:56 AM,9/9/25 6:54 AM
27,,CREDIT,samantha,samantha,0.00,10.78,,9/9/25 6:57 AM,9/9/25 6:55 AM
1,17,CASH,Maria ,Maria ,0.00,11.68,Front Box Cash Drawer,9/9/25 7:02 AM,9/9/25 6:09 AM
29,,CASH,samantha,samantha,0.00,3.24,Drive Thru Cash Drawer,9/9/25 7:02 AM,9/9/25 7:00 AM
30,,CREDIT,samantha,samantha,0.00,2.15,,9/9/25 7:04 AM,9/9/25 7:00 AM
31,,CREDIT,samantha,samantha,5.00,34.82,,9/9/25 7:06 AM,9/9/25 7:04 AM
33,,CREDIT,Maria ,Maria ,0.00,4.30,,9/9/25 7:08 AM,9/9/25 7:08 AM
32,,CREDIT,samantha,samantha,2.00,14.67,,9/9/25 7:08 AM,9/9/25 7:06 AM
35,,CREDIT,samantha,samantha,0.00,5.56,,9/9/25 7:12 AM,9/9/25 7:08 AM
36,,CREDIT,samantha,samantha,0.00,8.36,,9/9/25 7:13 AM,9/9/25 7:09 AM
37,,CREDIT,samantha,samantha,0.00,6.78,,9/9/25 7:13 AM,9/9/25 7:12 AM
38,,CASH,samantha,samantha,0.00,7.34,Drive Thru Cash Drawer,9/9/25 7:15 AM,9/9/25 7:13 AM
39,,CREDIT,samantha,samantha,0.00,8.93,,9/9/25 7:17 AM,9/9/25 7:14 AM
41,,CREDIT,samantha,samantha,0.00,4.31,,9/9/25 7:18 AM,9/9/25 7:16 AM
42,,CASH,samantha,samantha,0.00,6.26,Drive Thru Cash Drawer,9/9/25 7:19 AM,9/9/25 7:18 AM
43,,CASH,samantha,samantha,0.00,2.15,Drive Thru Cash Drawer,9/9/25 7:22 AM,9/9/25 7:19 AM
44,,CREDIT,samantha,samantha,2.00,8.37,,9/9/25 7:23 AM,9/9/25 7:19 AM
45,,CREDIT,samantha,samantha,2.00,6.04,,9/9/25 7:24 AM,9/9/25 7:22 AM
47,,CASH,samantha,samantha,0.00,8.94,Drive Thru Cash Drawer,9/9/25 7:25 AM,9/9/25 7:23 AM
48,,CREDIT,samantha,samantha,0.00,20.98,,9/9/25 7:28 AM,9/9/25 7:26 AM
50,,CASH,samantha,samantha,0.00,4.32,Drive Thru Cash Drawer,9/9/25 7:35 AM,9/9/25 7:32 AM
51,,CREDIT,samantha,samantha,0.00,12.14,,9/9/25 7:35 AM,9/9/25 7:32 AM
52,,CREDIT,samantha,samantha,0.00,14.00,,9/9/25 7:36 AM,9/9/25 7:33 AM
53,,CREDIT,samantha,samantha,0.00,4.30,,9/9/25 7:38 AM,9/9/25 7:36 AM
54,,CREDIT,samantha,samantha,2.08,12.92,,9/9/25 7:38 AM,9/9/25 7:37 AM
55,,CREDIT,samantha,samantha,0.00,4.85,,9/9/25 7:43 AM,9/9/25 7:39 AM
56,,CASH,samantha,samantha,0.00,24.08,Drive Thru Cash Drawer,9/9/25 7:44 AM,9/9/25 7:42 AM
57,,CASH,samantha,samantha,0.00,2.15,Drive Thru Cash Drawer,9/9/25 7:46 AM,9/9/25 7:43 AM
58,,CASH,samantha,samantha,0.00,4.31,Drive Thru Cash Drawer,9/9/25 7:47 AM,9/9/25 7:44 AM
59,,CASH,samantha,samantha,0.00,7.11,Drive Thru Cash Drawer,9/9/25 7:49 AM,9/9/25 7:47 AM
63,,CREDIT,Maria ,Maria ,0.00,13.60,,9/9/25 7:50 AM,9/9/25 7:50 AM
60,,CREDIT,samantha,samantha,0.00,5.50,,9/9/25 7:50 AM,9/9/25 7:48 AM
60,,CREDIT,samantha,samantha,0.00,17.30,,9/9/25 7:50 AM,9/9/25 7:48 AM
61,,CASH,samantha,samantha,0.00,10.77,Drive Thru Cash Drawer,9/9/25 7:52 AM,9/9/25 7:48 AM
65,,CREDIT,samantha,samantha,0.00,8.36,,9/9/25 7:54 AM,9/9/25 7:51 AM
66,,CASH,samantha,samantha,0.00,12.83,Drive Thru Cash Drawer,9/9/25 7:57 AM,9/9/25 7:52 AM
67,,CREDIT,samantha,samantha,0.00,4.30,,9/9/25 7:58 AM,9/9/25 7:53 AM
64,,CASH,Maria ,Maria ,0.00,3.73,Front Box Cash Drawer,9/9/25 7:59 AM,9/9/25 7:59 AM
68,,CASH,samantha,samantha,0.00,11.02,Drive Thru Cash Drawer,9/9/25 7:59 AM,9/9/25 7:56 AM
71,14,CREDIT,Maria ,Maria ,2.00,4.63,,9/9/25 8:01 AM,9/9/25 8:01 AM
69,,CASH,samantha,samantha,0.00,20.71,Drive Thru Cash Drawer,9/9/25 8:01 AM,9/9/25 7:56 AM
76,14,CREDIT,Maria ,Maria ,2.00,11.68,,9/9/25 8:01 AM,9/9/25 8:01 AM
46,14,CREDIT,Maria ,Maria ,2.00,5.13,,9/9/25 8:02 AM,9/9/25 7:23 AM
72,,CASH,samantha,samantha,0.00,4.31,Drive Thru Cash Drawer,9/9/25 8:02 AM,9/9/25 8:01 AM
74,,CREDIT,samantha,samantha,0.00,4.31,,9/9/25 8:02 AM,9/9/25 8:01 AM
79,,CREDIT,samantha,samantha,1.00,8.65,,9/9/25 8:07 AM,9/9/25 8:04 AM
80,,CREDIT,samantha,samantha,0.00,8.09,,9/9/25 8:08 AM,9/9/25 8:06 AM
81,,CASH,samantha,samantha,0.00,9.67,Drive Thru Cash Drawer,9/9/25 8:09 AM,9/9/25 8:09 AM
84,,CREDIT,Maria ,Maria ,0.00,8.65,,9/9/25 8:10 AM,9/9/25 8:10 AM
86,,CREDIT,Maria ,Maria ,0.00,5.40,,9/9/25 8:11 AM,9/9/25 8:11 AM
82,,CASH,samantha,samantha,0.00,8.03,Drive Thru Cash Drawer,9/9/25 8:12 AM,9/9/25 8:09 AM
87,,CREDIT,Maria ,Maria ,0.00,4.31,,9/9/25 8:12 AM,9/9/25 8:12 AM
83,,CREDIT,samantha,samantha,0.00,8.63,,9/9/25 8:12 AM,9/9/25 8:10 AM
89,,CREDIT,samantha,samantha,0.00,7.44,,9/9/25 8:13 AM,9/9/25 8:12 AM
93,,CREDIT,samantha,samantha,0.00,13.94,,9/9/25 8:19 AM,9/9/25 8:17 AM
97,,CREDIT,samantha,samantha,0.00,1.07,,9/9/25 8:21 AM,9/9/25 8:21 AM
98,,CASH,samantha,samantha,0.00,2.15,Drive Thru Cash Drawer,9/9/25 8:22 AM,9/9/25 8:22 AM
62,25,CASH,Maria ,Maria ,0.00,37.72,Front Box Cash Drawer,9/9/25 8:23 AM,9/9/25 7:49 AM
99,,CREDIT,samantha,samantha,0.00,3.24,,9/9/25 8:26 AM,9/9/25 8:24 AM
100,,CASH,samantha,samantha,0.00,2.15,Drive Thru Cash Drawer,9/9/25 8:27 AM,9/9/25 8:25 AM
101,,CREDIT,samantha,samantha,2.00,9.70,,9/9/25 8:27 AM,9/9/25 8:25 AM
90,13,CREDIT,Martina,Maria ,8.00,40.89,,9/9/25 8:29 AM,9/9/25 8:13 AM
104,,CASH,samantha,samantha,0.00,32.80,Drive Thru Cash Drawer,9/9/25 8:29 AM,9/9/25 8:27 AM
108,,CREDIT,Maria ,Maria ,0.00,10.19,,9/9/25 8:30 AM,9/9/25 8:30 AM
102,,CREDIT,Maria ,Maria ,0.00,13.26,,9/9/25 8:31 AM,9/9/25 8:26 AM
95,,CREDIT,Maria ,Maria ,0.00,8.04,,9/9/25 8:31 AM,9/9/25 8:18 AM
110,,CASH,Maria ,Maria ,0.00,11.98,Front Box Cash Drawer,9/9/25 8:31 AM,9/9/25 8:31 AM
112,,CREDIT,Maria ,Maria ,0.00,4.32,,9/9/25 8:33 AM,9/9/25 8:33 AM
105,,CREDIT,samantha,samantha,0.00,4.63,,9/9/25 8:34 AM,9/9/25 8:28 AM
106,,CREDIT,samantha,samantha,0.00,7.98,,9/9/25 8:34 AM,9/9/25 8:30 AM
70,,CASH,samantha,samantha,0.00,5.39,Drive Thru Cash Drawer,9/9/25 8:35 AM,9/9/25 8:31 AM
113,,CREDIT,Maria ,Maria ,0.00,6.92,,9/9/25 8:35 AM,9/9/25 8:35 AM
109,,CASH,samantha,samantha,0.00,9.99,Drive Thru Cash Drawer,9/9/25 8:36 AM,9/9/25 8:31 AM
115,,CASH,samantha,samantha,0.00,8.59,Drive Thru Cash Drawer,9/9/25 8:39 AM,9/9/25 8:36 AM
117,,CREDIT,samantha,samantha,0.00,4.30,,9/9/25 8:41 AM,9/9/25 8:37 AM
118,,CREDIT,samantha,samantha,0.00,10.76,,9/9/25 8:41 AM,9/9/25 8:37 AM
111,,CASH,samantha,samantha,0.00,8.04,Drive Thru Cash Drawer,9/9/25 8:42 AM,9/9/25 8:40 AM
119,,CREDIT,samantha,samantha,1.00,4.31,,9/9/25 8:43 AM,9/9/25 8:40 AM
120,,CREDIT,samantha,samantha,0.00,8.30,,9/9/25 8:44 AM,9/9/25 8:40 AM
122,,CREDIT,samantha,samantha,4.00,16.68,,9/9/25 8:44 AM,9/9/25 8:43 AM
123,,CREDIT,samantha,samantha,1.50,16.30,,9/9/25 8:49 AM,9/9/25 8:44 AM
125,,CASH,samantha,samantha,0.00,13.44,Drive Thru Cash Drawer,9/9/25 8:50 AM,9/9/25 8:45 AM
130,,CREDIT,samantha,samantha,0.00,9.28,,9/9/25 8:51 AM,9/9/25 8:49 AM
127,,CREDIT,samantha,samantha,2.00,13.24,,9/9/25 8:58 AM,9/9/25 8:46 AM
132,,CREDIT,samantha,samantha,0.00,20.83,,9/9/25 9:00 AM,9/9/25 8:53 AM
121,,CREDIT,samantha,samantha,0.00,3.02,,9/9/25 9:01 AM,9/9/25 8:56 AM
134,,CREDIT,samantha,samantha,0.00,8.62,,9/9/25 9:02 AM,9/9/25 8:56 AM
135,,CREDIT,samantha,samantha,0.00,4.31,,9/9/25 9:03 AM,9/9/25 8:57 AM
129,,CASH,Maria ,Maria ,0.00,8.66,Front Box Cash Drawer,9/9/25 9:04 AM,9/9/25 8:49 AM
139,,CASH,samantha,samantha,0.00,20.53,Drive Thru Cash Drawer,9/9/25 9:07 AM,9/9/25 9:02 AM
133,,CREDIT,samantha,samantha,0.00,25.46,,9/9/25 9:09 AM,9/9/25 9:04 AM
140,,CASH,samantha,samantha,0.00,11.01,Drive Thru Cash Drawer,9/9/25 9:11 AM,9/9/25 9:10 AM
142,,CREDIT,samantha,samantha,1.00,8.94,,9/9/25 9:15 AM,9/9/25 9:13 AM
92,5,CASH,Martina,Maria ,0.00,10.55,Front Box Cash Drawer,9/9/25 9:17 AM,9/9/25 8:14 AM
147,,CASH,Maria ,Maria ,0.00,7.31,Front Box Cash Drawer,9/9/25 9:20 AM,9/9/25 9:20 AM
146,,CASH,samantha,samantha,0.00,12.42,Drive Thru Cash Drawer,9/9/25 9:23 AM,9/9/25 9:19 AM
148,,CASH,samantha,samantha,0.00,14.56,Drive Thru Cash Drawer,9/9/25 9:25 AM,9/9/25 9:24 AM
149,,CREDIT,samantha,samantha,0.00,2.48,,9/9/25 9:28 AM,9/9/25 9:24 AM
150,,CASH,samantha,samantha,0.00,32.25,Drive Thru Cash Drawer,9/9/25 9:29 AM,9/9/25 9:26 AM
141,8,CREDIT,Maria ,Maria ,0.00,5.39,,9/9/25 9:31 AM,9/9/25 9:11 AM
152,,CASH,samantha,samantha,0.00,15.42,Drive Thru Cash Drawer,9/9/25 9:35 AM,9/9/25 9:30 AM
143,6,CREDIT,Martina,Maria ,2.00,8.70,,9/9/25 9:35 AM,9/9/25 9:14 AM
154,,CASH,samantha,samantha,0.00,4.30,Drive Thru Cash Drawer,9/9/25 9:36 AM,9/9/25 9:30 AM
155,,CASH,samantha,samantha,0.00,9.26,Drive Thru Cash Drawer,9/9/25 9:39 AM,9/9/25 9:36 AM
157,,CREDIT,samantha,samantha,0.00,25.08,,9/9/25 9:43 AM,9/9/25 9:37 AM
144,7,CREDIT,Martina,Maria ,0.00,20.28,,9/9/25 9:43 AM,9/9/25 9:15 AM
159,,CREDIT,samantha,samantha,0.00,6.46,,9/9/25 9:45 AM,9/9/25 9:39 AM
160,,CASH,samantha,samantha,0.00,5.39,Drive Thru Cash Drawer,9/9/25 9:46 AM,9/9/25 9:39 AM
162,,CASH,samantha,samantha,0.00,18.57,Drive Thru Cash Drawer,9/9/25 9:48 AM,9/9/25 9:44 AM
163,,CASH,samantha,samantha,0.00,13.22,Drive Thru Cash Drawer,9/9/25 9:49 AM,9/9/25 9:46 AM
164,,CREDIT,samantha,samantha,0.00,3.56,,9/9/25 9:54 AM,9/9/25 9:48 AM
165,,CREDIT,samantha,samantha,0.00,14.66,,9/9/25 9:55 AM,9/9/25 9:52 AM
168,,CASH,samantha,samantha,0.00,7.01,Drive Thru Cash Drawer,9/9/25 9:57 AM,9/9/25 9:54 AM
166,,CASH,samantha,samantha,0.00,6.69,Drive Thru Cash Drawer,9/9/25 9:58 AM,9/9/25 9:53 AM
169,,CREDIT,samantha,samantha,2.00,10.13,,9/9/25 10:07 AM,9/9/25 10:06 AM
158,19,CASH,Martina,Maria ,0.00,13.09,Front Box Cash Drawer,9/9/25 10:15 AM,9/9/25 9:38 AM
173,,CREDIT,samantha,samantha,0.00,26.79,,9/9/25 10:17 AM,9/9/25 10:14 AM
174,,CASH,samantha,samantha,0.00,2.15,Drive Thru Cash Drawer,9/9/25 10:19 AM,9/9/25 10:17 AM
170,15,CREDIT,Martina,Maria ,3.00,9.89,,9/9/25 10:24 AM,9/9/25 10:04 AM
178,,CASH,samantha,samantha,0.00,8.36,Drive Thru Cash Drawer,9/9/25 10:26 AM,9/9/25 10:22 AM
171,4,CASH,Martina,Maria ,0.00,23.99,Front Box Cash Drawer,9/9/25 10:29 AM,9/9/25 10:07 AM
179,,CREDIT,samantha,samantha,0.00,15.75,,9/9/25 10:30 AM,9/9/25 10:24 AM
175,,CREDIT,samantha,samantha,0.00,17.29,,9/9/25 10:33 AM,9/9/25 10:20 AM
181,,CREDIT,samantha,samantha,0.00,4.63,,9/9/25 10:39 AM,9/9/25 10:34 AM
183,,CREDIT,samantha,samantha,0.00,10.19,,9/9/25 10:40 AM,9/9/25 10:34 AM
184,,CASH,samantha,samantha,0.00,4.75,Drive Thru Cash Drawer,9/9/25 10:42 AM,9/9/25 10:39 AM
185,,CREDIT,samantha,samantha,0.00,11.90,,9/9/25 10:42 AM,9/9/25 10:41 AM
188,,CASH,Maria ,Maria ,0.00,11.99,Front Box Cash Drawer,9/9/25 10:44 AM,9/9/25 10:44 AM
151,25,CASH,Martina,Maria ,0.00,28.64,Front Box Cash Drawer,9/9/25 10:46 AM,9/9/25 9:28 AM
190,,CREDIT,samantha,samantha,0.00,18.07,,9/9/25 11:02 AM,9/9/25 10:56 AM
192,,CASH,Maria ,Maria ,0.00,7.46,Front Box Cash Drawer,9/9/25 11:02 AM,9/9/25 11:02 AM
194,,CREDIT,Maria ,Maria ,0.00,8.00,,9/9/25 11:03 AM,9/9/25 11:02 AM
191,,CASH,samantha,samantha,0.00,8.65,Drive Thru Cash Drawer,9/9/25 11:05 AM,9/9/25 10:57 AM
194,,CASH,Maria ,Maria ,0.00,0.36,Front Box Cash Drawer,9/9/25 11:05 AM,9/9/25 11:02 AM
196,,CREDIT,Maria ,Maria ,2.00,13.90,,9/9/25 11:06 AM,9/9/25 11:05 AM
195,,CREDIT,samantha,samantha,0.00,21.09,,9/9/25 11:06 AM,9/9/25 11:03 AM
199,,CASH,samantha,samantha,0.00,18.12,Drive Thru Cash Drawer,9/9/25 11:27 AM,9/9/25 11:23 AM
177,7,CREDIT,Martina,Maria ,4.00,8.21,,9/9/25 11:27 AM,9/9/25 10:22 AM
200,,CREDIT,samantha,samantha,0.00,6.21,,9/9/25 11:28 AM,9/9/25 11:26 AM
189,4,CREDIT,Martina,Maria ,5.00,26.06,,9/9/25 11:29 AM,9/9/25 10:52 AM
201,,CREDIT,samantha,samantha,0.00,8.09,,9/9/25 11:31 AM,9/9/25 11:29 AM
206,,CASH,Maria ,Maria ,0.00,2.15,Front Box Cash Drawer,9/9/25 11:38 AM,9/9/25 11:38 AM
204,,CREDIT,samantha,samantha,0.00,15.50,,9/9/25 11:40 AM,9/9/25 11:36 AM
198,6,CASH,Martina,Maria ,0.00,27.78,Front Box Cash Drawer,9/9/25 11:42 AM,9/9/25 11:15 AM
205,,CREDIT,samantha,samantha,1.00,15.60,,9/9/25 11:44 AM,9/9/25 11:36 AM
209,,CASH,samantha,samantha,0.00,29.69,Drive Thru Cash Drawer,9/9/25 11:46 AM,9/9/25 11:40 AM
210,,CREDIT,samantha,samantha,2.00,33.19,,9/9/25 11:50 AM,9/9/25 11:45 AM
212,,CASH,samantha,samantha,0.00,4.31,Drive Thru Cash Drawer,9/9/25 11:54 AM,9/9/25 11:51 AM
214,,CREDIT,samantha,samantha,1.00,10.82,,9/9/25 11:54 AM,9/9/25 11:53 AM
207,25,CREDIT,Martina,Maria ,0.00,23.71,,9/9/25 12:01 PM,9/9/25 11:38 AM
217,,CASH,samantha,samantha,0.00,6.96,Drive Thru Cash Drawer,9/9/25 12:02 PM,9/9/25 12:02 PM
202,5,CASH,Martina,Maria ,0.00,15.94,Front Box Cash Drawer,9/9/25 12:06 PM,9/9/25 11:31 AM
222,,CASH,samantha,samantha,0.00,9.50,Drive Thru Cash Drawer,9/9/25 12:09 PM,9/9/25 12:08 PM
223,,CASH,samantha,samantha,0.00,3.59,Drive Thru Cash Drawer,9/9/25 12:14 PM,9/9/25 12:14 PM
216,17,CREDIT,Martina,Maria ,5.00,13.46,,9/9/25 12:24 PM,9/9/25 11:55 AM
220,3,CASH,Martina,Maria ,0.00,27.93,Front Box Cash Drawer,9/9/25 12:27 PM,9/9/25 12:05 PM
228,,CREDIT,samantha,samantha,0.00,9.22,,9/9/25 12:30 PM,9/9/25 12:23 PM
221,20,CREDIT,Martina,Maria ,0.00,31.03,,9/9/25 12:32 PM,9/9/25 12:08 PM
219,8,CREDIT,Martina,Maria ,5.00,11.12,,9/9/25 12:33 PM,9/9/25 12:03 PM
230,,CREDIT,samantha,samantha,0.00,4.31,,9/9/25 12:33 PM,9/9/25 12:26 PM
233,,CASH,Maria ,Maria ,0.00,4.31,Front Box Cash Drawer,9/9/25 12:37 PM,9/9/25 12:37 PM
234,,CASH,Maria ,Maria ,0.00,8.04,Front Box Cash Drawer,9/9/25 12:41 PM,9/9/25 12:41 PM
231,,CREDIT,samantha,samantha,0.00,4.31,,9/9/25 12:41 PM,9/9/25 12:35 PM
236,,CASH,Maria ,Maria ,0.00,4.63,Front Box Cash Drawer,9/9/25 12:46 PM,9/9/25 12:46 PM
225,7,CASH,Martina,Maria ,0.00,10.81,Front Box Cash Drawer,9/9/25 12:47 PM,9/9/25 12:18 PM
238,,CASH,Maria ,Maria ,0.00,2.15,Front Box Cash Drawer,9/9/25 12:53 PM,9/9/25 12:52 PM
229,5,CREDIT,Martina,Maria ,6.00,31.01,,9/9/25 12:58 PM,9/9/25 12:27 PM
240,,CASH,samantha,samantha,0.00,17.08,Drive Thru Cash Drawer,9/9/25 1:00 PM,9/9/25 12:55 PM
186,2,CREDIT,Martina,Maria ,4.00,13.04,,9/9/25 1:02 PM,9/9/25 10:42 AM
227,15,CASH,Martina,Maria ,0.00,12.27,Front Box Cash Drawer,9/9/25 1:02 PM,9/9/25 12:21 PM
211,4,CASH,Martina,Maria ,0.00,16.39,Front Box Cash Drawer,9/9/25 1:05 PM,9/9/25 11:47 AM
237,,CASH,Maria ,Maria ,0.00,37.78,Front Box Cash Drawer,9/9/25 1:06 PM,9/9/25 12:53 PM
244,,CREDIT,Maria ,Maria ,0.00,4.31,,9/9/25 1:07 PM,9/9/25 1:07 PM
,,TIP_OUT,Martina,Martina,-42.00,0.00,Front Box Cash Drawer,9/9/25 1:10 PM,9/9/25 1:10 PM
,,PAY_OUT,Maria ,,0.00,-134.23,Front Box Cash Drawer,9/9/25 1:12 PM,9/9/25 1:12 PM
,,TIP_OUT,Maria ,Maria ,-10.00,0.00,Front Box Cash Drawer,9/9/25 1:13 PM,9/9/25 1:13 PM
,,CLOSE_OUT_EXACT,Maria ,,0.00,0.00,Front Box Cash Drawer,9/9/25 1:13 PM,9/9/25 1:13 PM
245,,CREDIT,samantha,samantha,0.00,25.66,,9/9/25 1:13 PM,9/9/25 1:10 PM
,,TIP_OUT,samantha,samantha,-39.58,0.00,Drive Thru Cash Drawer,9/9/25 1:15 PM,9/9/25 1:15 PM
,,CLOSE_OUT_EXACT,samantha,,0.00,0.00,Drive Thru Cash Drawer,9/9/25 1:15 PM,9/9/25 1:15 PM
247,,CASH,samantha,samantha,0.00,5.39,Drive Thru Cash Drawer (2),9/9/25 1:23 PM,9/9/25 1:17 PM
243,,CREDIT,Martina,Martina,2.00,38.50,,9/9/25 1:33 PM,9/9/25 1:07 PM
248,,CREDIT,samantha,samantha,0.00,4.63,,9/9/25 1:33 PM,9/9/25 1:32 PM
242,14,CASH,Martina,Martina,0.00,14.06,Front Box Cash Drawer (2),9/9/25 1:42 PM,9/9/25 1:02 PM
250,,CREDIT,samantha,samantha,0.00,4.31,,9/9/25 1:42 PM,9/9/25 1:39 PM
251,,CASH,samantha,samantha,0.00,30.27,Drive Thru Cash Drawer (2),9/9/25 1:46 PM,9/9/25 1:41 PM
252,,CREDIT,samantha,samantha,0.00,15.64,,9/9/25 1:47 PM,9/9/25 1:44 PM
253,,CREDIT,samantha,samantha,0.00,14.06,,9/9/25 1:51 PM,9/9/25 1:47 PM
257,6,CASH,Martina,Martina,0.00,6.48,Front Box Cash Drawer (2),9/9/25 1:56 PM,9/9/25 1:55 PM
255,,CREDIT,samantha,samantha,1.00,4.30,,9/9/25 1:56 PM,9/9/25 1:54 PM
258,6,CASH,Martina,Martina,0.00,15.95,Front Box Cash Drawer (2),9/9/25 1:57 PM,9/9/25 1:56 PM
226,6,CREDIT,Martina,Martina,8.00,44.83,,9/9/25 1:57 PM,9/9/25 12:19 PM
261,,CREDIT,samantha,samantha,0.00,12.98,,9/9/25 2:06 PM,9/9/25 2:01 PM
259,,CASH,samantha,samantha,0.00,17.28,Drive Thru Cash Drawer (2),9/9/25 2:13 PM,9/9/25 2:06 PM
263,,CASH,Martina,Martina,0.00,7.19,Front Box Cash Drawer (2),9/9/25 2:19 PM,9/9/25 2:15 PM
262,,CASH,samantha,samantha,0.00,24.34,Drive Thru Cash Drawer (2),9/9/25 2:20 PM,9/9/25 2:03 PM
267,,CREDIT,samantha,samantha,2.00,6.46,,9/9/25 2:20 PM,9/9/25 2:20 PM
254,3,CREDIT,Martina,,7.00,30.63,,9/9/25 2:28 PM,9/9/25 1:54 PM
264,,CREDIT,samantha,samantha,5.00,15.02,,9/9/25 2:30 PM,9/9/25 2:16 PM
270,,CASH,samantha,samantha,0.00,2.71,Drive Thru Cash Drawer (2),9/9/25 2:41 PM,9/9/25 2:41 PM
271,,CREDIT,samantha,samantha,0.00,6.90,,9/9/25 2:48 PM,9/9/25 2:47 PM
273,,CREDIT,samantha,samantha,0.00,20.53,,9/9/25 3:03 PM,9/9/25 2:57 PM
268,1,CREDIT,Martina,Martina,5.00,52.41,,9/9/25 3:05 PM,9/9/25 2:28 PM
272,4,CASH,Martina,Martina,0.00,16.33,Front Box Cash Drawer (2),9/9/25 3:09 PM,9/9/25 2:42 PM
274,,CREDIT,samantha,samantha,0.00,13.67,,9/9/25 3:10 PM,9/9/25 3:07 PM
279,,CASH,samantha,samantha,0.00,3.78,Drive Thru Cash Drawer (2),9/9/25 3:16 PM,9/9/25 3:16 PM
275,6,CASH,Martina,Martina,0.00,34.77,Front Box Cash Drawer (2),9/9/25 3:22 PM,9/9/25 3:02 PM
277,,CREDIT,samantha,samantha,0.00,19.20,,9/9/25 3:38 PM,9/9/25 3:31 PM
282,,CASH,samantha,samantha,0.00,6.46,Drive Thru Cash Drawer (2),9/9/25 3:39 PM,9/9/25 3:35 PM
283,,CREDIT,samantha,samantha,3.00,15.23,,9/9/25 3:47 PM,9/9/25 3:41 PM
284,,CASH,samantha,samantha,0.00,5.41,Drive Thru Cash Drawer (2),9/9/25 3:49 PM,9/9/25 3:45 PM
281,20,CREDIT,Martina,Martina,5.00,18.17,,9/9/25 3:50 PM,9/9/25 3:31 PM
285,,CREDIT,samantha,samantha,0.00,10.77,,9/9/25 4:00 PM,9/9/25 3:57 PM
290,,CREDIT,samantha,samantha,0.00,2.15,,9/9/25 4:16 PM,9/9/25 4:13 PM
291,,CREDIT,samantha,samantha,2.00,11.88,,9/9/25 4:26 PM,9/9/25 4:25 PM
294,,CASH,Martina,Martina,0.00,3.24,Front Box Cash Drawer (2),9/9/25 4:30 PM,9/9/25 4:30 PM
287,5,CASH,Martina,Martina,0.00,31.40,Front Box Cash Drawer (2),9/9/25 4:35 PM,9/9/25 3:58 PM
295,,CREDIT,Martina,Martina,0.00,21.65,,9/9/25 4:36 PM,9/9/25 4:36 PM
293,,CREDIT,samantha,samantha,3.00,32.34,,9/9/25 4:37 PM,9/9/25 4:27 PM
296,,CASH,samantha,samantha,0.00,4.31,Drive Thru Cash Drawer (2),9/9/25 4:42 PM,9/9/25 4:37 PM
298,,CREDIT,samantha,samantha,0.00,6.46,,9/9/25 4:50 PM,9/9/25 4:47 PM
288,21,CASH,Martina,Martina,0.00,33.96,Front Box Cash Drawer (2),9/9/25 4:52 PM,9/9/25 4:02 PM
299,,CREDIT,samantha,samantha,0.00,14.60,,9/9/25 5:00 PM,9/9/25 4:55 PM
301,,CREDIT,samantha,samantha,0.00,3.77,,9/9/25 5:01 PM,9/9/25 4:57 PM
302,,CASH,samantha,samantha,0.00,6.45,Drive Thru Cash Drawer (2),9/9/25 5:05 PM,9/9/25 4:58 PM
303,,CREDIT,samantha,samantha,0.00,38.94,,9/9/25 5:14 PM,9/9/25 5:11 PM
304,,CREDIT,samantha,samantha,0.00,4.32,,9/9/25 5:19 PM,9/9/25 5:18 PM
306,,CASH,samantha,samantha,0.00,30.26,Drive Thru Cash Drawer (2),9/9/25 5:27 PM,9/9/25 5:24 PM
307,,CASH,samantha,samantha,0.00,14.91,Drive Thru Cash Drawer (2),9/9/25 5:31 PM,9/9/25 5:24 PM
308,,CREDIT,samantha,samantha,0.00,29.18,,9/9/25 5:33 PM,9/9/25 5:25 PM
310,,CREDIT,samantha,samantha,0.00,11.75,,9/9/25 5:35 PM,9/9/25 5:31 PM
311,,CASH,samantha,samantha,0.00,4.96,Drive Thru Cash Drawer (2),9/9/25 5:36 PM,9/9/25 5:32 PM
305,17,CREDIT,Martina,Martina,3.00,12.48,,9/9/25 5:38 PM,9/9/25 5:21 PM
312,,CREDIT,samantha,samantha,0.00,11.19,,9/9/25 5:39 PM,9/9/25 5:38 PM
315,,CASH,samantha,samantha,0.00,6.79,Drive Thru Cash Drawer (2),9/9/25 5:46 PM,9/9/25 5:44 PM
318,,CASH,Martina,Martina,0.00,16.87,Front Box Cash Drawer (2),9/9/25 5:48 PM,9/9/25 5:48 PM
313,3,CASH,Martina,Martina,0.00,6.22,Front Box Cash Drawer (2),9/9/25 5:49 PM,9/9/25 5:35 PM
317,,CREDIT,samantha,samantha,0.00,10.26,,9/9/25 5:50 PM,9/9/25 5:45 PM
320,,CASH,samantha,samantha,0.00,27.03,Drive Thru Cash Drawer (2),9/9/25 5:55 PM,9/9/25 5:51 PM
316,,CREDIT,samantha,samantha,2.00,30.23,,9/9/25 6:00 PM,9/9/25 5:58 PM
322,,CREDIT,samantha,samantha,0.00,14.06,,9/9/25 6:05 PM,9/9/25 6:00 PM
319,,CREDIT,samantha,samantha,0.00,7.36,,9/9/25 6:09 PM,9/9/25 6:00 PM
329,,CASH,samantha,samantha,0.00,12.98,Drive Thru Cash Drawer (2),9/9/25 6:12 PM,9/9/25 6:12 PM
328,,CASH,samantha,samantha,0.00,7.57,Drive Thru Cash Drawer (2),9/9/25 6:21 PM,9/9/25 6:11 PM
330,,CREDIT,samantha,samantha,0.00,18.63,,9/9/25 6:23 PM,9/9/25 6:17 PM
327,,CASH,Martina,Martina,0.00,19.61,Front Box Cash Drawer (2),9/9/25 6:33 PM,9/9/25 6:09 PM
324,4,CREDIT,Martina,Martina,4.00,25.95,,9/9/25 6:38 PM,9/9/25 6:04 PM
332,19,CREDIT,Martina,Martina,0.00,24.16,,9/9/25 6:44 PM,9/9/25 6:30 PM
334,,CREDIT,samantha,samantha,2.00,33.93,,9/9/25 6:45 PM,9/9/25 6:40 PM
337,,CREDIT,samantha,samantha,3.00,12.98,,9/9/25 6:46 PM,9/9/25 6:42 PM
339,,CASH,samantha,samantha,0.00,12.60,Drive Thru Cash Drawer (2),9/9/25 6:47 PM,9/9/25 6:44 PM
335,,CREDIT,Martina,Martina,0.00,19.09,,9/9/25 6:54 PM,9/9/25 6:41 PM
341,,CREDIT,samantha,samantha,2.00,11.90,,9/9/25 6:58 PM,9/9/25 6:52 PM
338,,CREDIT,Martina,Martina,0.00,38.06,,9/9/25 7:02 PM,9/9/25 6:44 PM
342,,CASH,Martina,Martina,0.00,4.59,Front Box Cash Drawer (2),9/9/25 7:09 PM,9/9/25 7:05 PM
340,20,CASH,Martina,Martina,0.00,48.89,Front Box Cash Drawer (2),9/9/25 7:29 PM,9/9/25 6:51 PM
344,,CREDIT,samantha,samantha,0.00,14.06,,9/9/25 7:48 PM,9/9/25 7:48 PM
345,,CASH,samantha,samantha,0.00,22.38,Drive Thru Cash Drawer (2),9/9/25 7:57 PM,9/9/25 7:57 PM
,,TIP_OUT,samantha,samantha,-25.00,0.00,Drive Thru Cash Drawer (2),9/9/25 8:03 PM,9/9/25 8:03 PM
,,CLOSE_OUT_EXACT,samantha,,0.00,0.00,Drive Thru Cash Drawer (2),9/9/25 8:03 PM,9/9/25 8:03 PM
,,TIP_OUT,Martina,Martina,-34.00,0.00,Front Box Cash Drawer (2),9/9/25 8:06 PM,9/9/25 8:06 PM
,,CLOSE_OUT_EXACT,Martina,,0.00,0.00,Front Box Cash Drawer (2),9/9/25 8:07 PM,9/9/25 8:07 PM
,,TOTAL,,,0.00,3349.18,,,
