Location,Order #,Opened Date,Server,Table,Discount Name,Discount Reason,Comment,Discount Amount
Sandra's Cuisine - Potranco - 12060 Potranco Road,273,8/7/25 8:30 PM,Mia De los Santos,,Employee Discount - Item,Employee Discount,Empooyee,8.37
Sandra's Cuisine - Potranco - 12060 Potranco Road,262,8/7/25 7:29 PM,Lisa Velasquez,28,Open % Item,,,1.50
Sandra's Cuisine - Potranco - 12060 Potranco Road,262,8/7/25 7:29 PM,Lisa Velasquez,28,Open % Item,,,1.20
Sandra's Cuisine - Potranco - 12060 Potranco Road,262,8/7/25 7:29 PM,Lisa Velasquez,28,Open % Item,,,1.40
Sandra's Cuisine - Potranco - 12060 Potranco Road,248,8/7/25 6:42 PM,Lisa Velasquez,21,Open % Item,,,1.90
Sandra's Cuisine - Potranco - 12060 Potranco Road,240,8/7/25 6:17 PM,Lisa Velasquez,20,Open % Item,,,1.30
Sandra's Cuisine - Potranco - 12060 Potranco Road,240,8/7/25 6:17 PM,Lisa Velasquez,20,Open % Item,,,1.30
Sandra's Cuisine - Potranco - 12060 Potranco Road,209,8/7/25 4:25 PM,Mario Jimenez,,Open % Check,,,1.00
Sandra's Cuisine - Potranco - 12060 Potranco Road,207,8/7/25 4:18 PM,Mario Jimenez,,Open % Check,,,0.89
Sandra's Cuisine - Potranco - 12060 Potranco Road,206,8/7/25 4:09 PM,Mario Jimenez,,Open % Check,,,2.40
Sandra's Cuisine - Potranco - 12060 Potranco Road,205,8/7/25 4:01 PM,Lisa Velasquez,8,Reward Dollars,,,9.45
Sandra's Cuisine - Potranco - 12060 Potranco Road,188,8/7/25 2:00 PM,Nadia Reyes,,Open % Check,,,3.33
Sandra's Cuisine - Potranco - 12060 Potranco Road,178,8/7/25 1:21 PM,Sugey Cabrera,25,Open % Item,,,1.50
Sandra's Cuisine - Potranco - 12060 Potranco Road,178,8/7/25 1:21 PM,Sugey Cabrera,25,Open % Item,,,1.30
Sandra's Cuisine - Potranco - 12060 Potranco Road,172,8/7/25 1:10 PM,Nadia Reyes,,Open % Check,,,1.60
Sandra's Cuisine - Potranco - 12060 Potranco Road,159,8/7/25 12:49 PM,Nadia Reyes,,Open % Check,,,1.40
Sandra's Cuisine - Potranco - 12060 Potranco Road,142,8/7/25 12:01 PM,Nadia Reyes,,Open % Check,,,0.84
Sandra's Cuisine - Potranco - 12060 Potranco Road,136,8/7/25 11:49 AM,Nadia Reyes,,Open % Check,,,2.39
Sandra's Cuisine - Potranco - 12060 Potranco Road,121,8/7/25 11:23 AM,Nadia Reyes,,Birthday Rewards,,,5.00
Sandra's Cuisine - Potranco - 12060 Potranco Road,103,8/7/25 10:51 AM,Nadia Reyes,,Open % Check,,,11.98
Sandra's Cuisine - Potranco - 12060 Potranco Road,102,8/7/25 10:50 AM,Sugey Cabrera,6,Open % Item,,,0.23
Sandra's Cuisine - Potranco - 12060 Potranco Road,102,8/7/25 10:50 AM,Sugey Cabrera,6,Open % Item,,,0.23
Sandra's Cuisine - Potranco - 12060 Potranco Road,88,8/7/25 10:06 AM,Nadia Reyes,,Reward Dollars,,,9.25
Sandra's Cuisine - Potranco - 12060 Potranco Road,84,8/7/25 10:02 AM,Nadia Reyes,,Open % Check,,,0.80
Sandra's Cuisine - Potranco - 12060 Potranco Road,77,8/7/25 9:41 AM,Gabriel Tovar ,,Employee Discount - Item,Employee Discount,Employee,9.98
Sandra's Cuisine - Potranco - 12060 Potranco Road,77,8/7/25 9:41 AM,Gabriel Tovar ,,Employee Discount - Item,Employee Discount,Employee,12.99
Sandra's Cuisine - Potranco - 12060 Potranco Road,77,8/7/25 9:41 AM,Gabriel Tovar ,,Employee Discount - Item,Employee Discount,Employee,12.99
Sandra's Cuisine - Potranco - 12060 Potranco Road,77,8/7/25 9:41 AM,Gabriel Tovar ,,Employee Discount - Item,Employee Discount,Employee,8.99
Sandra's Cuisine - Potranco - 12060 Potranco Road,60,8/7/25 9:07 AM,Candy Del Angel,,Employee Discount - Check,Employee Discount,Employee,31.30
Sandra's Cuisine - Potranco - 12060 Potranco Road,59,8/7/25 9:04 AM,Lizbeth Garcia,21,Reward Dollars,,,6.75
Sandra's Cuisine - Potranco - 12060 Potranco Road,43,8/7/25 8:37 AM,Candy Del Angel,,Employee Discount - Check,Employee Discount,Employee,26.01
Sandra's Cuisine - Potranco - 12060 Potranco Road,28,8/7/25 8:02 AM,Lizbeth Garcia,17,Open % Item,,,0.90
Sandra's Cuisine - Potranco - 12060 Potranco Road,21,8/7/25 7:38 AM,Nadia Reyes,,Reward Dollars,,,3.78
