Employee,Job Title,Regular Hours,Overtime Hours,Hourly Rate,Regular Pay,Overtime Pay,Total Pay,Net Sales,Declared Tips,Non-Cash Tips,Total Tips,Tips Withheld,Total Gratuity,Employee ID,Job Code,Location,Location Code
"Aragon, Cecilia",Tortillera,7.49,0.0,13.00,97.37,0.00,97.37,0.00,,0.00,0.00,0.00,0.00,,,12060 Potranco Road,
"Barton, Arion",Cook,5.55,0.0,13.00,72.15,0.00,72.15,0.00,,0.00,0.00,0.00,0.00,,,12060 Potranco Road,
"Cabrera, Sugey",Server,6.76,0.0,3.00,20.28,0.00,20.28,567.03,0.00,99.48,99.48,0.00,0.00,,,12060 Potranco Road,
"Cardenas, Salvador",Cook,8.9,0.0,15.00,133.50,0.00,133.50,0.00,,0.00,0.00,0.00,0.00,,,12060 Potranco Road,
"De los Santos, Mia",Host,4.85,0.0,12.00,58.20,0.00,58.20,248.45,0.00,7.00,7.00,0.00,0.00,,,12060 Potranco Road,
"Del Angel, Candy",Shift Manager / Assistant Manager,5.18,0.0,,,,,10.25,,0.00,0.00,0.00,0.00,,,12060 Potranco Road,
"Farias, Claudia",Cook,9.12,0.0,15.00,136.80,0.00,136.80,0.00,,0.00,0.00,0.00,0.00,,,12060 Potranco Road,
"GUTIERREZ, ERIC",Cook,7.25,0.0,16.00,116.00,0.00,116.00,0.00,,0.00,0.00,0.00,0.00,,,12060 Potranco Road,
"Garcia, Lizbeth",Server,7.65,0.0,3.00,22.95,0.00,22.95,562.28,0.00,90.30,90.30,0.00,0.00,,,12060 Potranco Road,
"JOSSUETH, FRANLOD",Busser,6.58,0.0,13.00,85.54,0.00,85.54,0.00,,0.00,0.00,0.00,0.00,,,12060 Potranco Road,
"Jimenez, Mario",Driver,6.81,0.0,14.00,95.34,0.00,95.34,525.99,0.00,27.63,27.63,0.00,0.00,,,12060 Potranco Road,
"Lino Santana, David ",Prep,9.1,0.0,15.00,136.50,0.00,136.50,0.00,,0.00,0.00,0.00,0.00,,,12060 Potranco Road,
"Ojeda, George",Runner,7.17,0.0,12.50,89.62,0.00,89.62,0.00,,0.00,0.00,0.00,0.00,,,12060 Potranco Road,
"RODRIGUEZ , MARIO ",Prep,6.63,0.0,12.00,79.56,0.00,79.56,0.00,,0.00,0.00,0.00,0.00,,,12060 Potranco Road,
"Reyes, Nadia",Driver,8.2,0.0,15.00,123.00,0.00,123.00,1087.72,0.00,73.35,73.35,0.00,0.00,,,12060 Potranco Road,
"Rodriguez, Rosalinda",Server,4.55,0.0,3.00,13.65,0.00,13.65,671.57,0.00,123.80,123.80,0.00,0.00,,,12060 Potranco Road,
"Sanchez, Emanuel",Server,6.47,0.0,3.00,19.41,0.00,19.41,497.33,5.00,70.54,75.54,0.00,0.00,,,12060 Potranco Road,
"Tovar , Gabriel",Shift Leader,12.4,0.0,,,,,135.21,,6.00,6.00,0.00,0.00,,,12060 Potranco Road,
"Vega, Estela",Tortillera,9.23,0.0,15.00,138.45,0.00,138.45,0.00,,0.00,0.00,0.00,0.00,,,12060 Potranco Road,
"Velasquez, Lisa",Server,7.72,0.0,3.00,23.16,0.00,23.16,1060.72,5.00,118.51,123.51,0.00,40.05,,,12060 Potranco Road,
