,Location,Employee,Job Title,In Date,Shift Closed Date,Out Date,Hours,Cash Tips Decl.,Cash on Hand,Cash in Drawer,Non-Cash Tips,Cash Gratuity,Non-Cash Gratuity,Tips Withheld,Non-Cash Sales,Cash Sales,Total Sales,Cash Collected?,Tips Paid?,Open,Paid,Closed,Tip Share Total
800000028026269061,12060 Potranco Road,Candy Del Angel,Shift Manager / Assistant Manager,8/7/25 6:06 AM,8/7/25 9:34 AM,8/7/25 9:34 AM,3.46,,0.00,0.00,0.00,0.00,0.00,0.00,11.09,0.00,11.09,yes,yes,0,0,3,0.00
800000028026363558,12060 Potranco Road,Lizbeth Garcia,Server,8/7/25 6:21 AM,8/7/25 2:41 PM,8/7/25 2:00 PM,7.65,0.00,110.05,0.00,90.30,0.00,0.00,0.00,481.54,127.12,608.66,yes,yes,0,0,27,0.00
800000028026367104,12060 Potranco Road,Nadia Reyes,Driver,8/7/25 6:22 AM,8/7/25 2:17 PM,8/7/25 2:34 PM,8.20,0.00,17.07,225.05,73.35,0.00,0.00,0.00,972.58,204.85,1177.43,yes,yes,0,0,87,0.00
800000028027579029,12060 Potranco Road,Emanuel Sanchez,Server,8/7/25 8:04 AM,8/7/25 2:25 PM,8/7/25 2:32 PM,6.47,5.00,83.46,0.00,70.54,0.00,0.00,0.00,454.89,83.46,538.35,yes,yes,0,0,16,0.00
800000028027695273,12060 Potranco Road,Sugey Cabrera,Server,8/7/25 8:11 AM,8/7/25 2:51 PM,8/7/25 2:56 PM,6.76,0.00,78.44,0.00,99.48,0.00,0.00,0.00,535.33,78.44,613.77,yes,yes,0,0,19,0.00
800000028029037343,12060 Potranco Road,Gabriel Tovar ,Shift Leader,8/7/25 9:25 AM,8/7/25 9:33 PM,8/7/25 9:33 PM,12.14,,0.00,65.99,6.00,0.00,0.00,0.00,60.16,86.19,146.35,yes,yes,0,0,7,0.00
800000028038036324,12060 Potranco Road,Candy Del Angel,Shift Manager / Assistant Manager,8/7/25 1:25 PM,8/7/25 3:09 PM,8/7/25 3:09 PM,1.72,,0.00,0.00,0.00,0.00,0.00,0.00,0.00,0.00,0.00,yes,yes,0,0,0,0.00
800000028038630773,12060 Potranco Road,Lisa Velasquez,Server,8/7/25 1:41 PM,8/7/25 9:24 PM,8/7/25 9:24 PM,7.72,5.00,190.38,0.00,118.51,0.00,40.05,0.00,957.75,190.38,1148.13,yes,yes,0,0,24,0.00
800000028039811704,12060 Potranco Road,Mario Jimenez,Driver,8/7/25 2:11 PM,8/7/25 9:00 PM,8/7/25 9:00 PM,6.81,0.00,20.00,38.91,27.63,0.00,0.00,0.00,510.47,58.91,569.38,yes,yes,0,0,26,0.00
800000028046609696,12060 Potranco Road,Mia De los Santos,Host,8/7/25 4:56 PM,8/7/25 9:22 PM,8/7/25 9:47 PM,4.85,0.00,0.00,8.65,7.00,0.00,0.00,0.00,260.30,8.65,268.95,yes,yes,0,0,10,0.00
800000028047789289,12060 Potranco Road,Rosalinda Rodriguez,Server,8/7/25 5:15 PM,8/7/25 9:41 PM,8/7/25 9:48 PM,4.55,0.00,80.10,0.00,123.80,0.00,0.00,0.00,646.88,80.10,726.98,yes,yes,0,0,15,0.00
800000028062844240,12060 Potranco Road,Gabriel Tovar ,Shift Leader,8/7/25 9:33 PM,8/7/25 9:49 PM,8/7/25 9:49 PM,0.26,,0.00,0.00,0.00,0.00,0.00,0.00,0.00,0.00,0.00,yes,yes,0,0,0,0.00
