,Location,Employee,Job Title,In Date,Shift Closed Date,Out Date,Hours,Cash Tips Decl.,Cash on Hand,Cash in Drawer,Non-Cash Tips,Cash Gratuity,Non-Cash Gratuity,Tips Withheld,Non-Cash Sales,Cash Sales,Total Sales,Cash Collected?,Tips Paid?,Open,Paid,Closed,Tip Share Total
800000029982975196,2919 Blanco Rd,Maria  Salazar,Shift Manager / Assistant Manager,9/25/25 6:03 AM,9/25/25 1:26 PM,9/25/25 2:00 PM,7.95,0.00,0.00,251.74,20.00,0.00,0.00,0.00,392.46,251.74,644.20,yes,yes,0,0,50,0.00
800000029982983416,2919 Blanco Rd,PM Cashier C,Cashier,9/25/25 6:05 AM,9/25/25 7:57 AM,9/25/25 7:58 AM,1.89,,0.00,117.06,10.00,0.00,0.00,0.00,317.62,117.06,434.68,yes,yes,0,0,48,0.00
800000029982997540,2919 Blanco Rd,Sami Martinez ,Server,9/25/25 6:07 AM,9/25/25 1:18 PM,9/25/25 1:18 PM,7.18,,0.00,87.15,58.00,0.00,0.00,0.00,308.38,87.15,395.53,yes,yes,0,0,18,0.00
800000029984205302,2919 Blanco Rd,Martina Ovalle ,Drive-Thru,9/25/25 7:55 AM,9/25/25 4:13 PM,9/25/25 4:36 PM,8.68,,0.00,555.67,43.42,0.00,0.00,0.00,979.72,555.67,1535.39,yes,yes,0,0,124,0.00
800000029984661855,2919 Blanco Rd,samantha lopez,Server,9/25/25 8:22 AM,9/25/25 1:21 PM,9/25/25 1:22 PM,4.99,,0.00,205.01,29.34,0.00,0.00,0.00,178.03,205.01,383.04,yes,yes,0,0,17,0.00
800000029993560020,2919 Blanco Rd,samantha lopez,Server,9/25/25 1:22 PM,9/25/25 8:59 PM,9/25/25 9:19 PM,7.95,,0.00,137.40,74.00,0.00,0.00,0.00,445.38,137.40,582.78,yes,yes,0,0,26,0.00
800000029999193735,2919 Blanco Rd,Cin Cin,Drive-Thru,9/25/25 4:10 PM,9/25/25 9:02 PM,9/25/25 9:20 PM,5.17,,0.00,129.06,2.00,0.00,0.00,0.00,202.40,129.06,331.46,yes,yes,0,0,24,0.00
