Check #,Table,Payment Type,Server,Cashier,Tip,Amount,Cash Drawer,Date,Opened Date
1,,CREDIT,Daniela,Daniela,0.00,13.48,,8/16/25 6:36 AM,8/16/25 6:35 AM
2,,CASH,Daniela,Daniela,0.00,16.19,,8/16/25 6:39 AM,8/16/25 6:38 AM
3,,CREDIT,Daniela,Daniela,1.00,2.48,,8/16/25 6:44 AM,8/16/25 6:40 AM
4,,CREDIT,Daniela,Daniela,0.00,6.25,,8/16/25 6:48 AM,8/16/25 6:47 AM
6,,CASH,Daniela,Daniela,0.00,11.45,,8/16/25 6:58 AM,8/16/25 6:58 AM
8,,CREDIT,Daniela,Daniela,0.00,8.29,,8/16/25 7:02 AM,8/16/25 6:59 AM
9,,CREDIT,Daniela,Daniela,2.00,10.14,,8/16/25 7:02 AM,8/16/25 7:02 AM
10,,CREDIT,Daniela,Daniela,0.00,8.62,,8/16/25 7:04 AM,8/16/25 7:04 AM
11,,CREDIT,Daniela,Daniela,4.00,42.09,,8/16/25 7:08 AM,8/16/25 7:08 AM
7,32,CREDIT,Sergio,Sergio,0.00,15.97,,8/16/25 7:10 AM,8/16/25 6:50 AM
12,,CREDIT,Daniela,Daniela,0.00,15.50,,8/16/25 7:12 AM,8/16/25 7:10 AM
13,,CREDIT,Daniela,Daniela,1.00,6.03,,8/16/25 7:15 AM,8/16/25 7:11 AM
17,,CASH,Rosie ,Rosie ,0.00,21.16,Front Left,8/16/25 7:17 AM,8/16/25 7:16 AM
18,,CASH,Daniela,Daniela,0.00,25.04,,8/16/25 7:20 AM,8/16/25 7:19 AM
20,,CREDIT,Daniela,Daniela,0.00,21.92,,8/16/25 7:26 AM,8/16/25 7:25 AM
23,,CASH,Rosie ,Rosie ,0.00,4.85,Front Left,8/16/25 7:28 AM,8/16/25 7:28 AM
24,,CASH,Rosie ,Rosie ,0.00,10.82,Front Left,8/16/25 7:28 AM,8/16/25 7:28 AM
21,,CREDIT,Daniela,Daniela,0.00,8.19,,8/16/25 7:29 AM,8/16/25 7:26 AM
22,,CREDIT,Daniela,Daniela,0.00,9.07,,8/16/25 7:30 AM,8/16/25 7:27 AM
15,,CASH,Sergio,Rosie ,0.00,22.25,Front Left,8/16/25 7:33 AM,8/16/25 7:13 AM
26,,CREDIT,Daniela,Daniela,0.00,6.46,,8/16/25 7:33 AM,8/16/25 7:33 AM
27,,CREDIT,Daniela,Daniela,1.00,11.24,,8/16/25 7:36 AM,8/16/25 7:35 AM
28,,CREDIT,Daniela,Daniela,0.00,22.52,,8/16/25 7:43 AM,8/16/25 7:38 AM
30,,CREDIT,Daniela,Daniela,0.00,8.62,,8/16/25 7:46 AM,8/16/25 7:45 AM
33,,CREDIT,Daniela,Daniela,0.00,8.21,,8/16/25 7:48 AM,8/16/25 7:46 AM
34,,CREDIT,Daniela,Daniela,0.00,6.25,,8/16/25 7:50 AM,8/16/25 7:50 AM
25,7,CASH,Sergio,Sergio,0.00,36.10,,8/16/25 7:51 AM,8/16/25 7:31 AM
19,,CREDIT,Sergio,Sergio,0.00,22.74,,8/16/25 7:52 AM,8/16/25 7:27 AM
5,25,CASH,Sergio,Sergio,0.00,11.11,,8/16/25 7:54 AM,8/16/25 6:47 AM
37,,CREDIT,Daniela,Daniela,2.00,19.83,,8/16/25 7:54 AM,8/16/25 7:54 AM
38,,CASH,Daniela,Daniela,0.00,12.30,,8/16/25 7:59 AM,8/16/25 7:54 AM
40,,CREDIT,Daniela,Daniela,1.00,11.86,,8/16/25 7:59 AM,8/16/25 7:57 AM
32,,CREDIT,Daniela,Daniela,0.00,18.60,,8/16/25 8:02 AM,8/16/25 8:01 AM
44,,CREDIT,Daniela,Daniela,0.00,3.88,,8/16/25 8:14 AM,8/16/25 8:14 AM
45,,CASH,Daniela,Daniela,0.00,18.77,,8/16/25 8:17 AM,8/16/25 8:15 AM
41,,CREDIT,Daniela,Daniela,0.00,7.13,,8/16/25 8:19 AM,8/16/25 8:16 AM
46,,CREDIT,Daniela,Daniela,3.00,48.50,,8/16/25 8:21 AM,8/16/25 8:17 AM
50,,CASH,Daniela,Daniela,0.00,11.33,,8/16/25 8:27 AM,8/16/25 8:26 AM
31,32,CREDIT,Sergio,Sergio,5.00,17.61,,8/16/25 8:27 AM,8/16/25 7:41 AM
51,,CREDIT,Daniela,Daniela,4.96,12.04,,8/16/25 8:27 AM,8/16/25 8:26 AM
52,,CREDIT,Daniela,Daniela,0.00,14.41,,8/16/25 8:28 AM,8/16/25 8:26 AM
48,,CREDIT,Daniela,Daniela,0.00,42.31,,8/16/25 8:30 AM,8/16/25 8:22 AM
49,,CASH,Daniela,Daniela,0.00,50.00,,8/16/25 8:32 AM,8/16/25 8:26 AM
49,,CREDIT,Daniela,Daniela,0.00,6.38,,8/16/25 8:32 AM,8/16/25 8:26 AM
53,,CREDIT,Daniela,Daniela,0.00,20.53,,8/16/25 8:37 AM,8/16/25 8:27 AM
66,,CREDIT,Ivana,Ivana,0.00,9.93,,8/16/25 8:37 AM,8/16/25 8:37 AM
39,25,CREDIT,Sergio,Sergio,4.00,22.32,,8/16/25 8:38 AM,8/16/25 7:55 AM
57,,CREDIT,Daniela,Daniela,0.00,11.21,,8/16/25 8:38 AM,8/16/25 8:30 AM
58,,CASH,Daniela,Daniela,0.00,7.44,,8/16/25 8:39 AM,8/16/25 8:30 AM
59,,CASH,Daniela,Daniela,0.00,13.37,,8/16/25 8:41 AM,8/16/25 8:32 AM
61,,CREDIT,Daniela,Daniela,0.00,12.50,,8/16/25 8:42 AM,8/16/25 8:36 AM
68,,CREDIT,Daniela,Daniela,0.00,9.72,,8/16/25 8:43 AM,8/16/25 8:38 AM
73,31,CASH,Maria,Maria,0.00,5.19,,8/16/25 8:44 AM,8/16/25 8:44 AM
65,,CREDIT,Daniela,Daniela,0.00,8.53,,8/16/25 8:44 AM,8/16/25 8:40 AM
69,,CREDIT,Daniela,Daniela,0.00,28.92,,8/16/25 8:46 AM,8/16/25 8:43 AM
78,,CREDIT,Daniela,Daniela,0.00,8.64,,8/16/25 8:47 AM,8/16/25 8:47 AM
74,,CREDIT,Giselle,Giselle,10.00,67.44,,8/16/25 8:48 AM,8/16/25 8:47 AM
71,,CREDIT,Daniela,Daniela,0.00,7.75,,8/16/25 8:49 AM,8/16/25 8:44 AM
72,,CREDIT,Daniela,Daniela,0.00,12.74,,8/16/25 8:50 AM,8/16/25 8:45 AM
83,,CREDIT,Ivana,Ivana,0.00,6.79,,8/16/25 8:50 AM,8/16/25 8:50 AM
75,,CREDIT,Daniela,Daniela,1.00,10.78,,8/16/25 8:51 AM,8/16/25 8:49 AM
82,,CREDIT,Daniela,Daniela,0.00,9.50,,8/16/25 8:53 AM,8/16/25 8:52 AM
42,10,CREDIT,Esperansa,Esperansa,0.00,18.72,,8/16/25 8:54 AM,8/16/25 8:09 AM
86,,CREDIT,Daniela,Daniela,0.00,23.66,,8/16/25 8:56 AM,8/16/25 8:54 AM
87,,CASH,Daniela,Daniela,0.00,9.05,,8/16/25 9:00 AM,8/16/25 8:58 AM
89,,CREDIT,Daniela,Daniela,0.00,15.76,,8/16/25 9:01 AM,8/16/25 8:59 AM
64,22,CREDIT,Sergio,Ivana,0.00,22.70,,8/16/25 9:02 AM,8/16/25 8:36 AM
90,,CREDIT,Daniela,Daniela,0.00,13.81,,8/16/25 9:05 AM,8/16/25 8:59 AM
70,,CREDIT,Ivana,Ivana,3.00,23.56,,8/16/25 9:05 AM,8/16/25 8:45 AM
77,24,CREDIT,Isabel,Isabel,3.00,11.33,,8/16/25 9:06 AM,8/16/25 8:47 AM
92,,CREDIT,Daniela,Daniela,0.00,16.51,,8/16/25 9:06 AM,8/16/25 9:00 AM
63,,CREDIT,Ivana,Giselle,2.00,23.77,,8/16/25 9:07 AM,8/16/25 8:36 AM
60,,CREDIT,Giselle,Giselle,2.00,59.14,,8/16/25 9:09 AM,8/16/25 8:32 AM
55,35,CREDIT,Maria,,5.00,11.88,,8/16/25 9:10 AM,8/16/25 8:28 AM
80,33,CASH,Sergio,Sergio,0.00,18.99,,8/16/25 9:10 AM,8/16/25 8:48 AM
93,,CREDIT,Daniela,Daniela,0.00,24.78,,8/16/25 9:11 AM,8/16/25 9:01 AM
96,,CREDIT,Daniela,Daniela,0.00,9.50,,8/16/25 9:12 AM,8/16/25 9:03 AM
80,33,CASH,Sergio,Sergio,0.00,-18.99,,8/16/25 9:13 AM,8/16/25 8:48 AM
104,,CREDIT,Daniela,Daniela,0.00,14.69,,8/16/25 9:13 AM,8/16/25 9:13 AM
81,,CREDIT,Giselle,Ivana,0.00,10.35,,8/16/25 9:14 AM,8/16/25 8:50 AM
97,,CASH,Daniela,Daniela,0.00,6.57,,8/16/25 9:14 AM,8/16/25 9:06 AM
100,,CASH,Giselle,Ivana,0.00,26.58,Front Left,8/16/25 9:14 AM,8/16/25 9:05 AM
107,,CREDIT,Daniela,Daniela,0.00,2.15,,8/16/25 9:15 AM,8/16/25 9:14 AM
108,,CREDIT,Daniela,Daniela,0.00,6.24,,8/16/25 9:15 AM,8/16/25 9:15 AM
101,,CASH,Daniela,Daniela,0.00,7.22,,8/16/25 9:15 AM,8/16/25 9:08 AM
109,,CREDIT,Daniela,Daniela,0.00,8.63,,8/16/25 9:16 AM,8/16/25 9:16 AM
103,,CREDIT,Daniela,Daniela,0.00,2.70,,8/16/25 9:17 AM,8/16/25 9:08 AM
110,,CREDIT,Daniela,Daniela,0.00,51.97,,8/16/25 9:17 AM,8/16/25 9:17 AM
88,37,CASH,Isabel,Isabel,0.00,14.32,,8/16/25 9:17 AM,8/16/25 8:57 AM
111,,CREDIT,Daniela,Daniela,0.00,33.46,,8/16/25 9:19 AM,8/16/25 9:19 AM
98,2,CREDIT,Sergio,,3.79,20.54,,8/16/25 9:19 AM,8/16/25 9:04 AM
113,,CREDIT,Daniela,Daniela,0.00,8.62,,8/16/25 9:20 AM,8/16/25 9:20 AM
114,,CREDIT,Daniela,Daniela,2.98,21.48,,8/16/25 9:21 AM,8/16/25 9:21 AM
84,17,CREDIT,Rosa,Rosa,10.00,30.53,,8/16/25 9:21 AM,8/16/25 8:52 AM
116,,CREDIT,Daniela,Daniela,0.00,25.25,,8/16/25 9:22 AM,8/16/25 9:22 AM
118,,CREDIT,Daniela,Daniela,3.09,15.21,,8/16/25 9:24 AM,8/16/25 9:24 AM
120,,CREDIT,Daniela,Daniela,0.00,19.31,,8/16/25 9:25 AM,8/16/25 9:25 AM
91,25,CREDIT,Maria,Maria,7.00,17.23,,8/16/25 9:30 AM,8/16/25 9:01 AM
119,,CREDIT,Giselle,Ivana,0.00,27.05,,8/16/25 9:31 AM,8/16/25 9:24 AM
123,,CREDIT,Daniela,Daniela,0.00,23.10,,8/16/25 9:31 AM,8/16/25 9:31 AM
124,,CREDIT,Daniela,Daniela,0.00,10.59,,8/16/25 9:32 AM,8/16/25 9:32 AM
117,,CASH,Daniela,Daniela,0.00,9.50,,8/16/25 9:33 AM,8/16/25 9:23 AM
67,15,CREDIT,Rosa,Rosa,0.00,1.75,,8/16/25 9:33 AM,8/16/25 8:38 AM
125,,CREDIT,Daniela,Daniela,2.71,14.69,,8/16/25 9:33 AM,8/16/25 9:33 AM
67,15,CREDIT,Rosa,Rosa,4.00,8.82,,8/16/25 9:33 AM,8/16/25 8:38 AM
126,,CREDIT,Daniela,Daniela,0.80,4.31,,8/16/25 9:34 AM,8/16/25 9:34 AM
127,,CREDIT,Daniela,Daniela,0.00,27.68,,8/16/25 9:35 AM,8/16/25 9:35 AM
128,,CREDIT,Daniela,Daniela,2.84,20.50,,8/16/25 9:35 AM,8/16/25 9:35 AM
131,,CREDIT,Ivana,Ivana,2.00,15.10,,8/16/25 9:38 AM,8/16/25 9:38 AM
94,38,CREDIT,Melissa,Melissa,0.00,31.03,,8/16/25 9:43 AM,8/16/25 9:01 AM
135,,CASH,Daniela,Daniela,0.00,12.35,,8/16/25 9:45 AM,8/16/25 9:42 AM
85,18,CREDIT,Silvia,Silvia,3.00,32.91,,8/16/25 9:45 AM,8/16/25 8:52 AM
133,38,CREDIT,Melissa,Melissa,0.00,8.84,,8/16/25 9:46 AM,8/16/25 9:40 AM
136,,CREDIT,Daniela,Daniela,0.00,4.30,,8/16/25 9:47 AM,8/16/25 9:43 AM
115,4,CREDIT,Silvia,Silvia,0.00,45.82,,8/16/25 9:47 AM,8/16/25 9:23 AM
138,,CREDIT,Daniela,Daniela,0.00,23.31,,8/16/25 9:49 AM,8/16/25 9:44 AM
112,39,CREDIT,Rosa,Rosa,5.00,33.16,,8/16/25 9:49 AM,8/16/25 9:18 AM
139,,CREDIT,Daniela,Daniela,0.00,11.43,,8/16/25 9:52 AM,8/16/25 9:45 AM
140,,CASH,Daniela,Daniela,0.00,14.90,,8/16/25 9:54 AM,8/16/25 9:47 AM
122,10,CREDIT,Melissa,Melissa,10.00,44.97,,8/16/25 9:55 AM,8/16/25 9:31 AM
142,,CREDIT,Daniela,Daniela,3.00,11.54,,8/16/25 9:55 AM,8/16/25 9:48 AM
141,,CASH,Giselle,Giselle,0.00,22.21,Front Left,8/16/25 9:56 AM,8/16/25 9:47 AM
143,,CREDIT,Daniela,Daniela,0.00,17.38,,8/16/25 9:56 AM,8/16/25 9:50 AM
144,,CREDIT,Daniela,Daniela,0.00,10.19,,8/16/25 9:57 AM,8/16/25 9:52 AM
95,7,CASH,Esperansa,Esperansa,0.00,17.83,,8/16/25 9:59 AM,8/16/25 9:03 AM
145,,CREDIT,Daniela,Daniela,0.00,14.06,,8/16/25 10:00 AM,8/16/25 9:55 AM
132,37,CREDIT,Maria,Maria,5.15,31.85,,8/16/25 10:01 AM,8/16/25 9:39 AM
146,,CREDIT,Daniela,Daniela,2.00,22.45,,8/16/25 10:01 AM,8/16/25 9:57 AM
155,,CREDIT,Melissa,Melissa,0.00,14.06,,8/16/25 10:02 AM,8/16/25 10:01 AM
137,9,CREDIT,Silvia,Silvia,0.00,18.57,,8/16/25 10:02 AM,8/16/25 9:43 AM
121,24,CASH,Isabel,Isabel,0.00,44.55,,8/16/25 10:03 AM,8/16/25 9:27 AM
149,,CASH,Daniela,Daniela,0.00,2.15,,8/16/25 10:03 AM,8/16/25 9:58 AM
156,,CREDIT,Daniela,Daniela,0.00,11.44,,8/16/25 10:03 AM,8/16/25 10:03 AM
129,12,CREDIT,Sergio,Sergio,2.75,30.25,,8/16/25 10:04 AM,8/16/25 9:36 AM
150,,CREDIT,Daniela,Daniela,2.00,8.84,,8/16/25 10:05 AM,8/16/25 10:00 AM
158,,CREDIT,Daniela,Daniela,0.00,43.83,,8/16/25 10:05 AM,8/16/25 10:05 AM
160,,CREDIT,Daniela,Daniela,0.00,9.05,,8/16/25 10:06 AM,8/16/25 10:06 AM
151,,CREDIT,Daniela,Daniela,0.00,6.25,,8/16/25 10:07 AM,8/16/25 10:01 AM
134,33,CREDIT,Rosa,Rosa,7.00,36.70,,8/16/25 10:07 AM,8/16/25 9:41 AM
161,,CREDIT,Daniela,Daniela,0.00,21.15,,8/16/25 10:07 AM,8/16/25 10:07 AM
153,,CREDIT,Daniela,Daniela,1.00,5.40,,8/16/25 10:08 AM,8/16/25 10:02 AM
163,,CREDIT,Daniela,Daniela,0.00,20.84,,8/16/25 10:08 AM,8/16/25 10:08 AM
165,,CREDIT,Daniela,Daniela,0.00,9.06,,8/16/25 10:09 AM,8/16/25 10:09 AM
147,32,CREDIT,Melissa,Melissa,2.00,12.20,,8/16/25 10:09 AM,8/16/25 9:56 AM
102,22,CASH,Esperansa,Esperansa,0.00,20.00,,8/16/25 10:09 AM,8/16/25 9:09 AM
102,22,CREDIT,Esperansa,Esperansa,3.72,20.16,,8/16/25 10:09 AM,8/16/25 9:09 AM
130,20,CREDIT,Esperansa,Esperansa,3.00,20.63,,8/16/25 10:12 AM,8/16/25 9:38 AM
148,23,CREDIT,Esperansa,Mayra,2.00,18.87,,8/16/25 10:16 AM,8/16/25 9:56 AM
157,,CASH,Daniela,Daniela,0.00,27.65,,8/16/25 10:16 AM,8/16/25 10:04 AM
168,,CREDIT,Daniela,Daniela,1.50,10.79,,8/16/25 10:18 AM,8/16/25 10:18 AM
175,,CREDIT,Daniela,Daniela,0.00,45.54,,8/16/25 10:19 AM,8/16/25 10:19 AM
177,,CREDIT,Daniela,Daniela,0.00,20.20,,8/16/25 10:20 AM,8/16/25 10:20 AM
179,,CREDIT,Daniela,Daniela,0.00,20.71,,8/16/25 10:21 AM,8/16/25 10:21 AM
178,,CREDIT,Giselle,Giselle,0.00,13.37,,8/16/25 10:22 AM,8/16/25 10:22 AM
181,,CREDIT,Daniela,Daniela,0.00,7.02,,8/16/25 10:23 AM,8/16/25 10:22 AM
159,10,CREDIT,Silvia,Silvia,6.00,32.70,,8/16/25 10:30 AM,8/16/25 10:06 AM
184,,CASH,Daniela,Daniela,0.00,6.47,,8/16/25 10:31 AM,8/16/25 10:23 AM
186,,CASH,Daniela,Daniela,0.00,7.34,,8/16/25 10:33 AM,8/16/25 10:27 AM
188,,CREDIT,Daniela,Daniela,0.00,4.31,,8/16/25 10:34 AM,8/16/25 10:30 AM
43,31,CREDIT,Maria,Maria,10.00,39.65,,8/16/25 10:34 AM,8/16/25 8:08 AM
190,,CREDIT,Daniela,Daniela,0.00,18.25,,8/16/25 10:35 AM,8/16/25 10:33 AM
166,17,CREDIT,Isabel,Isabel,6.00,32.90,,8/16/25 10:36 AM,8/16/25 10:09 AM
170,18,CREDIT,Rosie ,Rosie ,7.00,18.84,,8/16/25 10:36 AM,8/16/25 10:12 AM
193,,CREDIT,Daniela,Daniela,0.00,15.41,,8/16/25 10:36 AM,8/16/25 10:35 AM
174,,CREDIT,Daniela,Daniela,0.00,30.02,,8/16/25 10:39 AM,8/16/25 10:20 AM
194,,CREDIT,Daniela,Daniela,0.00,20.72,,8/16/25 10:41 AM,8/16/25 10:36 AM
172,19,CREDIT,Isabel,Isabel,2.00,23.89,,8/16/25 10:42 AM,8/16/25 10:16 AM
152,26,CASH,Silvia,Silvia,0.00,8.41,,8/16/25 10:43 AM,8/16/25 10:01 AM
195,,CREDIT,Daniela,Daniela,0.00,2.70,,8/16/25 10:43 AM,8/16/25 10:36 AM
196,,CREDIT,Daniela,Daniela,3.00,22.61,,8/16/25 10:44 AM,8/16/25 10:37 AM
162,24,CREDIT,Esperansa,Esperansa,6.23,33.71,,8/16/25 10:44 AM,8/16/25 10:07 AM
202,,CREDIT,Daniela,Daniela,0.00,18.54,,8/16/25 10:46 AM,8/16/25 10:41 AM
209,,CREDIT,Daniela,Daniela,0.00,8.62,,8/16/25 10:48 AM,8/16/25 10:48 AM
207,,CASH,Giselle,Giselle,0.00,29.96,Front Left,8/16/25 10:48 AM,8/16/25 10:48 AM
189,38,CASH,Isabel,Isabel,0.00,11.01,,8/16/25 10:48 AM,8/16/25 10:28 AM
210,,CREDIT,Daniela,Daniela,0.00,8.19,,8/16/25 10:48 AM,8/16/25 10:48 AM
212,,CREDIT,Ivana,Ivana,0.00,34.59,,8/16/25 10:49 AM,8/16/25 10:49 AM
213,,CREDIT,Daniela,Daniela,0.00,17.58,,8/16/25 10:49 AM,8/16/25 10:49 AM
203,,CASH,Daniela,Daniela,0.00,7.44,,8/16/25 10:49 AM,8/16/25 10:42 AM
205,,CREDIT,Daniela,Daniela,0.00,7.98,,8/16/25 10:51 AM,8/16/25 10:44 AM
182,32,CREDIT,Rosa,Rosa,2.00,23.64,,8/16/25 10:51 AM,8/16/25 10:22 AM
216,,CREDIT,Daniela,Daniela,0.00,9.48,,8/16/25 10:51 AM,8/16/25 10:51 AM
171,15,CREDIT,Silvia,Silvia,5.00,43.02,,8/16/25 10:51 AM,8/16/25 10:15 AM
154,7,CREDIT,Rosa,Rosa,4.00,17.28,,8/16/25 10:52 AM,8/16/25 10:01 AM
219,,CREDIT,Daniela,Daniela,0.00,8.96,,8/16/25 10:52 AM,8/16/25 10:52 AM
206,,CASH,Daniela,Daniela,0.00,45.59,,8/16/25 10:53 AM,8/16/25 10:47 AM
167,25,CASH,Isabel,Isabel,0.00,12.73,,8/16/25 10:53 AM,8/16/25 10:09 AM
222,,CREDIT,Daniela,Daniela,0.00,26.53,,8/16/25 10:53 AM,8/16/25 10:53 AM
229,,CREDIT,Ivana,Ivana,0.00,27.63,,8/16/25 10:55 AM,8/16/25 10:55 AM
227,,CREDIT,Daniela,Daniela,0.00,9.05,,8/16/25 10:55 AM,8/16/25 10:55 AM
221,3,CREDIT,Rosa,Rosa,0.00,27.28,,8/16/25 10:55 AM,8/16/25 10:52 AM
198,,CREDIT,Giselle,Ivana,1.00,14.24,,8/16/25 10:56 AM,8/16/25 10:39 AM
187,34,CREDIT,Maria,Maria,6.00,54.32,,8/16/25 10:57 AM,8/16/25 10:28 AM
173,3,CASH,Rosa,Rosa,0.00,24.03,,8/16/25 10:58 AM,8/16/25 10:19 AM
208,,CREDIT,Ivana,Ivana,3.00,18.75,,8/16/25 10:58 AM,8/16/25 10:47 AM
183,33,CASH,Juan ,Juan ,0.00,37.20,,8/16/25 10:59 AM,8/16/25 10:23 AM
214,,CASH,Daniela,Daniela,0.00,27.64,,8/16/25 11:00 AM,8/16/25 10:50 AM
204,12,CREDIT,Esperansa,Esperansa,5.00,22.46,,8/16/25 11:00 AM,8/16/25 10:42 AM
169,,CREDIT,Melissa,Melissa,2.94,58.54,,8/16/25 11:00 AM,8/16/25 10:11 AM
220,3,CASH,Rosa,Rosa,0.00,38.42,,8/16/25 11:01 AM,8/16/25 10:52 AM
224,40,CASH,Sergio,Sergio,0.00,13.28,,8/16/25 11:02 AM,8/16/25 10:54 AM
218,,CASH,Daniela,Daniela,0.00,17.46,,8/16/25 11:02 AM,8/16/25 10:52 AM
191,16,CREDIT,Melissa,Melissa,0.00,4.31,,8/16/25 11:02 AM,8/16/25 10:31 AM
180,40,CASH,Sergio,Sergio,0.00,11.12,,8/16/25 11:03 AM,8/16/25 10:23 AM
223,40,CREDIT,Sergio,Sergio,2.21,14.79,,8/16/25 11:04 AM,8/16/25 10:54 AM
226,40,CASH,Sergio,Sergio,0.00,18.58,,8/16/25 11:05 AM,8/16/25 10:54 AM
237,,CREDIT,Daniela,Daniela,0.00,6.47,,8/16/25 11:06 AM,8/16/25 11:04 AM
228,40,CASH,Sergio,Sergio,0.00,7.50,,8/16/25 11:06 AM,8/16/25 10:54 AM
225,40,CASH,Sergio,Sergio,0.00,16.00,,8/16/25 11:06 AM,8/16/25 10:54 AM
238,,CREDIT,Daniela,Daniela,0.00,4.30,,8/16/25 11:07 AM,8/16/25 11:05 AM
185,22,CREDIT,Esperansa,,3.00,36.37,,8/16/25 11:07 AM,8/16/25 10:23 AM
231,,CREDIT,Ivana,Ivana,1.00,12.62,,8/16/25 11:08 AM,8/16/25 10:57 AM
200,39,CREDIT,Silvia,Silvia,8.00,15.88,,8/16/25 11:09 AM,8/16/25 10:41 AM
239,,CREDIT,Daniela,Daniela,0.00,10.03,,8/16/25 11:10 AM,8/16/25 11:09 AM
192,23,CASH,Silvia,Silvia,0.00,52.50,,8/16/25 11:13 AM,8/16/25 10:33 AM
234,,CREDIT,Ivana,Ivana,0.00,18.24,,8/16/25 11:16 AM,8/16/25 11:00 AM
211,18,CREDIT,Maria,Maria,4.00,24.07,,8/16/25 11:16 AM,8/16/25 10:51 AM
241,,CASH,Daniela,Daniela,0.00,27.04,,8/16/25 11:16 AM,8/16/25 11:11 AM
249,37,CREDIT,Melissa,Melissa,3.00,9.45,,8/16/25 11:18 AM,8/16/25 11:17 AM
176,37,CREDIT,Melissa,Melissa,3.40,11.60,,8/16/25 11:18 AM,8/16/25 10:18 AM
230,17,CREDIT,Rosa,Giselle,0.00,39.66,,8/16/25 11:18 AM,8/16/25 10:56 AM
201,35,CREDIT,Juan ,Juan ,0.00,136.58,,8/16/25 11:20 AM,8/16/25 10:41 AM
199,20,CREDIT,Sergio,Sergio,5.00,45.37,,8/16/25 11:21 AM,8/16/25 10:40 AM
242,,CASH,Daniela,Daniela,0.00,9.71,,8/16/25 11:21 AM,8/16/25 11:12 AM
243,,CREDIT,Daniela,Daniela,0.00,48.73,,8/16/25 11:24 AM,8/16/25 11:16 AM
246,,CREDIT,Daniela,Daniela,0.00,19.20,,8/16/25 11:26 AM,8/16/25 11:17 AM
252,3,CASH,Rosa,Rosa,0.00,5.81,,8/16/25 11:26 AM,8/16/25 11:21 AM
247,,CREDIT,Daniela,Daniela,0.00,34.06,,8/16/25 11:27 AM,8/16/25 11:20 AM
164,9,CREDIT,Maria,Giselle,0.00,12.96,,8/16/25 11:28 AM,8/16/25 10:11 AM
251,,CREDIT,Daniela,Daniela,0.00,10.13,,8/16/25 11:31 AM,8/16/25 11:23 AM
253,,CREDIT,Daniela,Daniela,0.00,31.49,,8/16/25 11:33 AM,8/16/25 11:25 AM
255,,CREDIT,Daniela,Daniela,0.88,11.12,,8/16/25 11:35 AM,8/16/25 11:30 AM
235,32,CREDIT,Isabel,Giselle,5.00,41.85,,8/16/25 11:36 AM,8/16/25 11:01 AM
258,,CREDIT,Daniela,Daniela,0.00,17.38,,8/16/25 11:37 AM,8/16/25 11:33 AM
250,33,CREDIT,Rosa,Rosa,7.00,34.50,,8/16/25 11:39 AM,8/16/25 11:18 AM
262,,CREDIT,Daniela,Daniela,0.00,14.46,,8/16/25 11:39 AM,8/16/25 11:34 AM
268,,CASH,Giselle,Giselle,0.00,10.96,Front Left,8/16/25 11:40 AM,8/16/25 11:40 AM
263,,CREDIT,Daniela,Daniela,0.00,24.98,,8/16/25 11:41 AM,8/16/25 11:35 AM
236,38,CASH,Silvia,Silvia,0.00,21.67,,8/16/25 11:41 AM,8/16/25 11:04 AM
240,31,CREDIT,Melissa,Giselle,5.00,67.75,,8/16/25 11:43 AM,8/16/25 11:10 AM
244,7,CREDIT,Silvia,Silvia,5.00,20.52,,8/16/25 11:43 AM,8/16/25 11:13 AM
264,,CREDIT,Daniela,Daniela,0.00,26.56,,8/16/25 11:45 AM,8/16/25 11:37 AM
280,,CREDIT,Daniela,Daniela,0.00,10.13,,8/16/25 11:46 AM,8/16/25 11:46 AM
282,,CREDIT,Daniela,Daniela,0.00,4.85,,8/16/25 11:47 AM,8/16/25 11:47 AM
265,,CASH,Daniela,Daniela,0.00,14.06,,8/16/25 11:47 AM,8/16/25 11:38 AM
283,,CREDIT,Daniela,Daniela,5.46,20.83,,8/16/25 11:48 AM,8/16/25 11:48 AM
267,,CREDIT,Daniela,Daniela,0.00,49.15,,8/16/25 11:48 AM,8/16/25 11:44 AM
284,,CREDIT,Daniela,Daniela,1.85,13.37,,8/16/25 11:49 AM,8/16/25 11:49 AM
256,40,CREDIT,Esperansa,Esperansa,7.72,55.72,,8/16/25 11:49 AM,8/16/25 11:29 AM
287,,CREDIT,Daniela,Daniela,0.00,2.48,,8/16/25 11:50 AM,8/16/25 11:49 AM
289,,CREDIT,Ivana,Ivana,0.00,20.11,,8/16/25 11:51 AM,8/16/25 11:51 AM
278,,CREDIT,Daniela,Daniela,0.00,7.34,,8/16/25 11:55 AM,8/16/25 11:45 AM
266,18,CREDIT,Isabel,Mayra,0.00,32.37,,8/16/25 11:58 AM,8/16/25 11:38 AM
261,17,CREDIT,Rosa,Rosa,7.00,31.84,,8/16/25 11:59 AM,8/16/25 11:32 AM
260,15,CREDIT,Sergio,Mayra,4.00,26.65,,8/16/25 12:01 PM,8/16/25 11:32 AM
248,23,CASH,Maria,Maria,0.00,17.89,,8/16/25 12:02 PM,8/16/25 11:20 AM
217,,CASH,Daniela,Daniela,0.00,10.11,,8/16/25 12:02 PM,8/16/25 10:52 AM
293,,CASH,Daniela,Daniela,0.00,6.03,,8/16/25 12:03 PM,8/16/25 12:01 PM
254,22,CASH,Isabel,Isabel,0.00,25.36,,8/16/25 12:04 PM,8/16/25 11:23 AM
257,34,CREDIT,Esperansa,Esperansa,0.00,74.95,,8/16/25 12:05 PM,8/16/25 11:29 AM
291,,CASH,Daniela,Daniela,0.00,48.42,,8/16/25 12:05 PM,8/16/25 12:02 PM
288,,CREDIT,Ivana,Giselle,0.00,26.33,,8/16/25 12:07 PM,8/16/25 11:50 AM
277,24,CREDIT,Rosa,Rosa,7.00,35.73,,8/16/25 12:08 PM,8/16/25 11:44 AM
276,39,CREDIT,Juan ,Juan ,5.00,20.19,,8/16/25 12:09 PM,8/16/25 11:44 AM
294,,CREDIT,Daniela,Daniela,0.00,14.69,,8/16/25 12:11 PM,8/16/25 12:03 PM
285,33,CREDIT,Isabel,Isabel,5.00,34.26,,8/16/25 12:12 PM,8/16/25 11:49 AM
296,,CREDIT,Daniela,Daniela,0.00,26.84,,8/16/25 12:13 PM,8/16/25 12:04 PM
259,37,CREDIT,Maria,Maria,5.00,25.55,,8/16/25 12:13 PM,8/16/25 11:35 AM
274,25,CREDIT,Melissa,,5.27,28.51,,8/16/25 12:14 PM,8/16/25 11:41 AM
279,23,CREDIT,Maria,Maria,5.00,22.63,,8/16/25 12:15 PM,8/16/25 11:44 AM
298,,CREDIT,Daniela,Daniela,0.00,12.53,,8/16/25 12:15 PM,8/16/25 12:08 PM
281,20,CREDIT,Sergio,Sergio,8.00,44.37,,8/16/25 12:15 PM,8/16/25 11:46 AM
300,,CREDIT,Daniela,Daniela,0.00,30.53,,8/16/25 12:17 PM,8/16/25 12:12 PM
270,2,CREDIT,Juan ,Juan ,0.00,80.00,,8/16/25 12:18 PM,8/16/25 11:40 AM
305,,CREDIT,Daniela,Daniela,0.00,11.84,,8/16/25 12:19 PM,8/16/25 12:13 PM
270,2,CASH,Juan ,Juan ,0.00,65.00,,8/16/25 12:19 PM,8/16/25 11:40 AM
270,2,CREDIT,Juan ,Juan ,0.00,7.98,,8/16/25 12:19 PM,8/16/25 11:40 AM
306,,CREDIT,Daniela,Daniela,2.00,15.54,,8/16/25 12:21 PM,8/16/25 12:14 PM
290,32,CREDIT,Silvia,Silvia,5.00,24.19,,8/16/25 12:23 PM,8/16/25 11:56 AM
308,,CREDIT,Daniela,Daniela,0.00,15.77,,8/16/25 12:23 PM,8/16/25 12:18 PM
310,,CREDIT,Daniela,Daniela,0.00,8.63,,8/16/25 12:25 PM,8/16/25 12:21 PM
313,,CREDIT,Daniela,Daniela,0.00,27.24,,8/16/25 12:25 PM,8/16/25 12:22 PM
314,,CREDIT,Daniela,Daniela,0.00,9.72,,8/16/25 12:28 PM,8/16/25 12:22 PM
316,,CREDIT,Daniela,Daniela,0.00,9.50,,8/16/25 12:29 PM,8/16/25 12:24 PM
275,3,CREDIT,Esperansa,Esperansa,8.00,53.10,,8/16/25 12:30 PM,8/16/25 11:45 AM
295,9,CREDIT,Sergio,Sergio,0.00,37.17,,8/16/25 12:31 PM,8/16/25 12:04 PM
317,,CREDIT,Daniela,Daniela,0.00,6.24,,8/16/25 12:31 PM,8/16/25 12:30 PM
292,42,CREDIT,Juan ,Juan ,5.00,42.32,,8/16/25 12:31 PM,8/16/25 12:02 PM
245,10,CASH,Juan ,Juan ,0.00,22.38,,8/16/25 12:32 PM,8/16/25 11:15 AM
323,,CREDIT,Daniela,Daniela,0.00,8.43,,8/16/25 12:34 PM,8/16/25 12:32 PM
324,,CASH,Daniela,Daniela,0.00,13.39,,8/16/25 12:36 PM,8/16/25 12:33 PM
322,,CASH,Daniela,Daniela,0.00,19.51,,8/16/25 12:39 PM,8/16/25 12:34 PM
325,,CREDIT,Daniela,Daniela,0.00,19.47,,8/16/25 12:40 PM,8/16/25 12:36 PM
311,8,CREDIT,Rosa,Rosa,4.00,14.02,,8/16/25 12:44 PM,8/16/25 12:19 PM
309,7,CREDIT,Esperansa,,5.00,56.37,,8/16/25 12:44 PM,8/16/25 12:15 PM
327,,CREDIT,Daniela,Daniela,1.00,16.29,,8/16/25 12:45 PM,8/16/25 12:37 PM
328,,CASH,Daniela,Daniela,0.00,4.31,,8/16/25 12:46 PM,8/16/25 12:40 PM
329,,CREDIT,Daniela,Daniela,0.00,31.93,,8/16/25 12:49 PM,8/16/25 12:43 PM
332,,CREDIT,Daniela,Daniela,0.00,7.34,,8/16/25 12:50 PM,8/16/25 12:45 PM
312,23,CREDIT,Maria,Maria,0.00,34.50,,8/16/25 12:52 PM,8/16/25 12:23 PM
299,31,CREDIT,Melissa,,0.00,16.65,,8/16/25 12:52 PM,8/16/25 12:09 PM
302,31,CREDIT,Melissa,,2.14,18.26,,8/16/25 12:52 PM,8/16/25 12:09 PM
303,31,CASH,Melissa,Melissa,0.00,20.48,,8/16/25 12:52 PM,8/16/25 12:09 PM
315,31,CREDIT,Melissa,Melissa,2.00,16.26,,8/16/25 12:53 PM,8/16/25 12:22 PM
269,11,CREDIT,Silvia,Silvia,3.00,32.65,,8/16/25 12:54 PM,8/16/25 11:41 AM
304,31,CREDIT,Melissa,Melissa,2.00,24.92,,8/16/25 12:55 PM,8/16/25 12:09 PM
301,31,CREDIT,Melissa,,2.70,23.06,,8/16/25 12:55 PM,8/16/25 12:09 PM
,,CASH_COLLECTED,Rosa,Rosa,0.00,68.26*,House,8/16/25 12:55 PM,8/16/25 12:55 PM
,,TIP_OUT,Rosa,Rosa,-70.99,0.00,House,8/16/25 12:55 PM,8/16/25 12:55 PM
333,,CASH,Daniela,Daniela,0.00,10.80,,8/16/25 12:56 PM,8/16/25 12:56 PM
319,15,CREDIT,Silvia,Silvia,7.72,41.78,,8/16/25 12:58 PM,8/16/25 12:28 PM
336,,CASH,Daniela,Daniela,0.00,5.29,,8/16/25 12:59 PM,8/16/25 12:56 PM
337,,CREDIT,Daniela,Daniela,0.00,26.47,,8/16/25 1:00 PM,8/16/25 12:59 PM
321,18,CREDIT,Isabel,Isabel,5.00,20.43,,8/16/25 1:01 PM,8/16/25 12:31 PM
,,CASH_COLLECTED,Silvia,Silvia,0.00,82.58*,House,8/16/25 1:01 PM,8/16/25 1:01 PM
,,TIP_OUT,Silvia,Silvia,-42.72,0.00,House,8/16/25 1:01 PM,8/16/25 1:01 PM
339,,CREDIT,Daniela,Daniela,1.00,10.15,,8/16/25 1:06 PM,8/16/25 12:59 PM
,,TIP_OUT,Rosie ,Rosie ,-7.00,0.00,House,8/16/25 1:08 PM,8/16/25 1:08 PM
318,24,CREDIT,Melissa,Giselle,0.00,20.51,,8/16/25 1:09 PM,8/16/25 12:25 PM
340,,CREDIT,Daniela,Daniela,0.00,7.23,,8/16/25 1:09 PM,8/16/25 1:00 PM
335,38,CREDIT,Ivana,Ivana,0.00,23.80,,8/16/25 1:09 PM,8/16/25 12:53 PM
343,38,CREDIT,Ivana,Ivana,0.00,7.98,,8/16/25 1:10 PM,8/16/25 1:09 PM
342,,CREDIT,Daniela,Daniela,0.00,13.40,,8/16/25 1:11 PM,8/16/25 1:10 PM
326,33,CASH,Juan ,Juan ,0.00,35.62,,8/16/25 1:20 PM,8/16/25 12:36 PM
338,38,CASH,Maria,Maria,0.00,8.89,,8/16/25 1:22 PM,8/16/25 1:01 PM
344,,CREDIT,Ivana,Daniela,0.00,28.20,,8/16/25 1:22 PM,8/16/25 1:11 PM
341,,CREDIT,Daniela,Daniela,0.00,9.69,,8/16/25 1:23 PM,8/16/25 1:01 PM
351,,CREDIT,Daniela,Daniela,0.00,27.42,,8/16/25 1:32 PM,8/16/25 1:30 PM
353,,CASH,Daniela,Daniela,0.00,3.44,,8/16/25 1:36 PM,8/16/25 1:35 PM
353,,CREDIT,Daniela,Daniela,0.00,0.55,,8/16/25 1:36 PM,8/16/25 1:35 PM
334,20,CREDIT,Esperansa,Esperansa,6.00,29.96,,8/16/25 1:37 PM,8/16/25 12:47 PM
345,,CREDIT,Daniela,Daniela,0.00,32.95,,8/16/25 1:38 PM,8/16/25 1:32 PM
352,,CREDIT,Daniela,Daniela,0.00,36.95,,8/16/25 1:40 PM,8/16/25 1:40 PM
,,CASH_COLLECTED,Daniela,Daniela,0.00,539.33*,House,8/16/25 1:42 PM,8/16/25 1:42 PM
,,TIP_OUT,Daniela,Daniela,-58.07,0.00,House,8/16/25 1:42 PM,8/16/25 1:42 PM
347,17,CREDIT,Isabel,Isabel,6.00,30.69,,8/16/25 1:44 PM,8/16/25 1:13 PM
348,8,CREDIT,Esperansa,Esperansa,3.00,16.64,,8/16/25 1:49 PM,8/16/25 1:17 PM
357,,CREDIT,Lizeth,Lizeth,0.00,25.06,,8/16/25 1:50 PM,8/16/25 1:45 PM
271,19,CASH,Melissa,Melissa,0.00,30.57,,8/16/25 1:50 PM,8/16/25 11:40 AM
,,CASH_COLLECTED,Esperansa,Esperansa,0.00,37.83*,House,8/16/25 1:51 PM,8/16/25 1:51 PM
,,TIP_OUT,Esperansa,Esperansa,-52.67,0.00,House,8/16/25 1:51 PM,8/16/25 1:51 PM
359,,CASH,Lizeth,Lizeth,0.00,12.31,Drive Box,8/16/25 1:53 PM,8/16/25 1:48 PM
360,,CASH,Lizeth,Lizeth,0.00,18.45,Drive Box,8/16/25 1:56 PM,8/16/25 1:50 PM
,,TIP_OUT,Ivana,Ivana,-11.00,0.00,House,8/16/25 1:57 PM,8/16/25 1:57 PM
349,32,CREDIT,Melissa,Melissa,6.00,55.23,,8/16/25 1:57 PM,8/16/25 1:18 PM
361,,CASH,Lizeth,Lizeth,0.00,20.94,Drive Box,8/16/25 1:59 PM,8/16/25 1:53 PM
331,4,CASH,Sergio,Sergio,0.00,34.49,,8/16/25 2:02 PM,8/16/25 12:44 PM
365,4,CREDIT,Sergio,,4.00,15.22,,8/16/25 2:02 PM,8/16/25 2:01 PM
366,,CASH,Lizeth,Lizeth,0.00,3.73,Drive Box,8/16/25 2:03 PM,8/16/25 2:02 PM
,,CASH_COLLECTED,Isabel,Isabel,0.00,107.97*,House,8/16/25 2:03 PM,8/16/25 2:03 PM
,,TIP_OUT,Isabel,Isabel,-32.00,0.00,House,8/16/25 2:03 PM,8/16/25 2:03 PM
363,,CREDIT,Lizeth,Lizeth,2.00,46.56,,8/16/25 2:05 PM,8/16/25 2:00 PM
,,CASH_COLLECTED,Melissa,Melissa,0.00,51.05*,House,8/16/25 2:07 PM,8/16/25 2:07 PM
,,TIP_OUT,Melissa,Melissa,-65.12,0.00,House,8/16/25 2:07 PM,8/16/25 2:07 PM
367,,CASH,Lizeth,Lizeth,0.00,10.80,Drive Box,8/16/25 2:09 PM,8/16/25 2:04 PM
369,,CREDIT,Lizeth,Lizeth,3.00,8.59,,8/16/25 2:12 PM,8/16/25 2:10 PM
350,38,CREDIT,Maria,Maria,0.00,41.82,,8/16/25 2:15 PM,8/16/25 1:22 PM
362,25,CREDIT,Maria,Maria,5.00,31.79,,8/16/25 2:15 PM,8/16/25 1:54 PM
355,33,CREDIT,Maria,Maria,10.00,36.46,,8/16/25 2:17 PM,8/16/25 1:40 PM
346,23,CASH,Juan ,Juan ,0.00,226.12,,8/16/25 2:17 PM,8/16/25 1:12 PM
372,,CREDIT,Lizeth,Lizeth,0.00,28.36,,8/16/25 2:23 PM,8/16/25 2:16 PM
358,39,CREDIT,Sergio,Sergio,0.00,20.00,,8/16/25 2:26 PM,8/16/25 1:44 PM
374,,CASH,Lizeth,Lizeth,0.00,9.67,Drive Box,8/16/25 2:31 PM,8/16/25 2:18 PM
376,,CREDIT,Lizeth,Lizeth,0.00,13.24,,8/16/25 2:32 PM,8/16/25 2:24 PM
377,,CASH,Lizeth,Lizeth,0.00,17.50,Drive Box,8/16/25 2:34 PM,8/16/25 2:33 PM
378,,CREDIT,Lizeth,Lizeth,0.00,9.93,,8/16/25 2:41 PM,8/16/25 2:34 PM
380,,CREDIT,Lizeth,Lizeth,0.00,8.86,,8/16/25 2:43 PM,8/16/25 2:42 PM
368,32,CREDIT,Maria,Maria,4.00,29.20,,8/16/25 2:43 PM,8/16/25 2:14 PM
381,,CREDIT,Lizeth,Lizeth,0.00,4.75,,8/16/25 2:50 PM,8/16/25 2:50 PM
375,7,CREDIT,Sergio,Sergio,0.00,38.54,,8/16/25 2:54 PM,8/16/25 2:22 PM
382,,CREDIT,Lizeth,Lizeth,0.00,50.75,,8/16/25 2:55 PM,8/16/25 2:54 PM
371,15,CREDIT,Sergio,Sergio,10.00,57.70,,8/16/25 2:57 PM,8/16/25 2:12 PM
373,35,CREDIT,Sergio,Sergio,5.00,39.35,,8/16/25 3:00 PM,8/16/25 2:17 PM
358,39,CASH,Sergio,Sergio,0.00,2.70,,8/16/25 3:00 PM,8/16/25 1:44 PM
384,,CASH,Lizeth,Lizeth,0.00,30.18,Drive Box,8/16/25 3:03 PM,8/16/25 2:56 PM
390,,CASH,Lizeth,Lizeth,0.00,5.19,Drive Box,8/16/25 3:19 PM,8/16/25 3:18 PM
393,,CASH,Lizeth,Lizeth,0.00,5.18,Drive Box,8/16/25 3:25 PM,8/16/25 3:24 PM
383,37,CREDIT,Maria,Maria,3.00,32.36,,8/16/25 3:40 PM,8/16/25 2:58 PM
387,25,CREDIT,Maria,Maria,0.00,36.09,,8/16/25 3:42 PM,8/16/25 3:08 PM
392,33,CREDIT,Sergio,Sergio,5.00,42.54,,8/16/25 3:43 PM,8/16/25 3:19 PM
388,24,CREDIT,Maria,Maria,6.32,27.61,,8/16/25 3:49 PM,8/16/25 3:16 PM
391,4,CREDIT,Sergio,Sergio,5.00,31.56,,8/16/25 4:05 PM,8/16/25 3:19 PM
394,,CREDIT,Lizeth,Lizeth,2.00,50.16,,8/16/25 4:08 PM,8/16/25 4:07 PM
386,33,CASH,Maria,Maria,0.00,27.04,,8/16/25 4:12 PM,8/16/25 3:03 PM
398,,CREDIT,Lizeth,Lizeth,0.00,5.39,,8/16/25 4:16 PM,8/16/25 4:08 PM
389,18,CASH,Juan ,Juan ,0.00,32.16,,8/16/25 4:16 PM,8/16/25 3:14 PM
395,,CREDIT,Lizeth,Lizeth,3.00,36.77,,8/16/25 4:20 PM,8/16/25 3:50 PM
403,,CASH,Lizeth,Lizeth,0.00,9.50,Drive Box,8/16/25 4:24 PM,8/16/25 4:24 PM
396,31,CASH,Juan ,Juan ,0.00,32.38,,8/16/25 4:25 PM,8/16/25 3:51 PM
404,,CASH,Lizeth,Lizeth,0.00,8.64,Drive Box,8/16/25 4:27 PM,8/16/25 4:27 PM
397,23,CREDIT,Sergio,Sergio,0.00,33.30,,8/16/25 4:38 PM,8/16/25 4:03 PM
402,25,CREDIT,Juan ,Juan ,0.00,27.59,,8/16/25 4:41 PM,8/16/25 4:19 PM
399,33,CREDIT,Maria,Giselle,3.00,43.89,,8/16/25 4:53 PM,8/16/25 4:12 PM
406,,CREDIT,Lizeth,Lizeth,2.00,44.49,,8/16/25 4:59 PM,8/16/25 4:58 PM
410,,CREDIT,Lizeth,Lizeth,0.00,24.64,,8/16/25 5:06 PM,8/16/25 5:04 PM
416,,CREDIT,Lizeth,Lizeth,1.00,18.15,,8/16/25 5:25 PM,8/16/25 5:24 PM
408,40,CREDIT,Maria,Giselle,8.00,63.55,,8/16/25 5:30 PM,8/16/25 4:48 PM
419,,CREDIT,Lizeth,Lizeth,1.00,25.29,,8/16/25 5:41 PM,8/16/25 5:40 PM
407,22,CASH,Sergio,Sergio,0.00,63.70,,8/16/25 5:46 PM,8/16/25 4:36 PM
411,10,CREDIT,Juan ,,13.73,74.30,,8/16/25 5:52 PM,8/16/25 5:09 PM
415,23,CREDIT,Juan ,Juan ,7.00,55.37,,8/16/25 5:54 PM,8/16/25 5:20 PM
412,33,CREDIT,Maria,Maria,8.00,51.39,,8/16/25 6:07 PM,8/16/25 5:14 PM
423,,CREDIT,Lizeth,Lizeth,1.00,6.90,,8/16/25 6:08 PM,8/16/25 6:07 PM
414,24,CREDIT,Juan ,Juan ,0.00,33.40,,8/16/25 6:12 PM,8/16/25 5:17 PM
418,42,CREDIT,Sergio,Giselle,5.00,65.23,,8/16/25 6:28 PM,8/16/25 5:33 PM
431,,CREDIT,Giselle,Giselle,0.00,4.32,,8/16/25 6:35 PM,8/16/25 6:35 PM
424,25,CREDIT,Juan ,,4.00,38.54,,8/16/25 6:35 PM,8/16/25 6:10 PM
420,39,CASH,Maria,Maria,0.00,44.88,,8/16/25 6:37 PM,8/16/25 5:55 PM
421,7,CREDIT,Mayra,Mayra,5.00,15.87,,8/16/25 6:41 PM,8/16/25 5:58 PM
437,32,CREDIT,Sergio,Giselle,0.00,27.04,,8/16/25 6:57 PM,8/16/25 6:57 PM
422,32,CASH,Sergio,Sergio,0.00,37.32,,8/16/25 6:58 PM,8/16/25 6:05 PM
429,24,CREDIT,Mayra,Mayra,0.00,26.39,,8/16/25 7:06 PM,8/16/25 6:33 PM
430,22,CREDIT,Mayra,Mayra,5.95,35.05,,8/16/25 7:09 PM,8/16/25 6:35 PM
434,25,CASH,Juan ,Juan ,0.00,32.93,,8/16/25 7:11 PM,8/16/25 6:44 PM
432,17,CREDIT,Mayra,Mayra,13.35,56.65,,8/16/25 7:11 PM,8/16/25 6:37 PM
447,35,CASH,Maria,Maria,0.00,10.80,,8/16/25 7:14 PM,8/16/25 7:07 PM
448,35,CASH,Maria,Maria,0.00,10.26,,8/16/25 7:14 PM,8/16/25 7:07 PM
433,35,CREDIT,Maria,Maria,3.00,15.14,,8/16/25 7:15 PM,8/16/25 6:41 PM
425,31,CREDIT,Sergio,Sergio,12.00,78.82,,8/16/25 7:17 PM,8/16/25 6:17 PM
435,,CREDIT,Lizeth,Lizeth,2.00,8.05,,8/16/25 7:18 PM,8/16/25 7:17 PM
449,40,CREDIT,Maria,,0.00,100.79,,8/16/25 7:24 PM,8/16/25 7:09 PM
451,40,CREDIT,Maria,Maria,0.00,42.85,,8/16/25 7:25 PM,8/16/25 7:09 PM
426,40,CREDIT,Maria,Maria,0.00,37.74,,8/16/25 7:25 PM,8/16/25 6:24 PM
428,36,CREDIT,Juan ,Juan ,6.00,45.14,,8/16/25 7:34 PM,8/16/25 6:33 PM
427,33,CASH,Juan ,Juan ,0.00,16.53,,8/16/25 7:34 PM,8/16/25 6:23 PM
454,,CREDIT,Maria,Mayra,0.00,26.42,,8/16/25 7:39 PM,8/16/25 7:22 PM
457,,CREDIT,Maria,Mayra,0.00,15.14,,8/16/25 7:42 PM,8/16/25 7:33 PM
461,,CASH,Lizeth,Lizeth,0.00,28.12,Drive Box,8/16/25 7:48 PM,8/16/25 7:48 PM
462,34,CREDIT,Sergio,Giselle,0.00,69.43,,8/16/25 7:55 PM,8/16/25 7:49 PM
436,34,CASH,Sergio,Sergio,0.00,42.59,,8/16/25 7:58 PM,8/16/25 6:55 PM
464,,CREDIT,Lizeth,Lizeth,0.00,28.12,,8/16/25 8:03 PM,8/16/25 8:01 PM
456,18,CREDIT,Mayra,Mayra,0.00,66.43,,8/16/25 8:06 PM,8/16/25 7:24 PM
452,32,CREDIT,Juan ,Juan ,0.00,61.11,,8/16/25 8:12 PM,8/16/25 7:15 PM
465,,CASH,Lizeth,Lizeth,0.00,7.44,Drive Box,8/16/25 8:13 PM,8/16/25 8:05 PM
442,12,CREDIT,Juan ,Juan ,10.00,56.28,,8/16/25 8:18 PM,8/16/25 7:00 PM
445,12,CREDIT,Juan ,Juan ,10.00,67.32,,8/16/25 8:19 PM,8/16/25 7:03 PM
441,12,CREDIT,Juan ,Juan ,0.00,42.79,,8/16/25 8:20 PM,8/16/25 7:00 PM
439,12,CREDIT,Juan ,Juan ,6.00,33.96,,8/16/25 8:21 PM,8/16/25 7:00 PM
463,7,CREDIT,Maria,Maria,0.00,30.77,,8/16/25 8:21 PM,8/16/25 7:54 PM
460,25,CREDIT,Sergio,Maria,5.00,21.08,,8/16/25 8:22 PM,8/16/25 7:45 PM
444,12,CREDIT,Juan ,Juan ,8.00,46.12,,8/16/25 8:22 PM,8/16/25 7:03 PM
453,24,CREDIT,Maria,Maria,6.00,41.51,,8/16/25 8:23 PM,8/16/25 7:19 PM
438,12,CREDIT,Juan ,Juan ,0.00,87.57,,8/16/25 8:24 PM,8/16/25 7:00 PM
459,37,CREDIT,Sergio,Sergio,0.00,32.31,,8/16/25 8:25 PM,8/16/25 7:43 PM
446,12,CREDIT,Juan ,Juan ,4.00,74.12,,8/16/25 8:25 PM,8/16/25 7:03 PM
469,,CASH,Lizeth,Lizeth,0.00,11.36,Drive Box,8/16/25 8:25 PM,8/16/25 8:19 PM
440,12,CREDIT,Juan ,Juan ,10.00,43.17,,8/16/25 8:27 PM,8/16/25 7:00 PM
443,12,CASH,Juan ,Juan ,0.00,101.48,,8/16/25 8:31 PM,8/16/25 7:03 PM
,,TIP_OUT,Giselle,Giselle,-13.00,0.00,House,8/16/25 8:37 PM,8/16/25 8:37 PM
472,,CASH,Juan ,Juan ,0.00,7.17,,8/16/25 8:40 PM,8/16/25 8:39 PM
473,,CASH,Lizeth,Lizeth,0.00,27.00,Drive Box,8/16/25 8:43 PM,8/16/25 8:42 PM
458,3,CREDIT,Juan ,Juan ,0.00,244.14,,8/16/25 8:49 PM,8/16/25 7:46 PM
471,38,CASH,Maria,Maria,0.00,7.34,,8/16/25 8:50 PM,8/16/25 8:19 PM
,,CASH_COLLECTED,Maria,Maria,0.00,132.29*,House,8/16/25 8:50 PM,8/16/25 8:50 PM
,,TIP_OUT,Maria,Maria,-131.76,0.00,House,8/16/25 8:50 PM,8/16/25 8:50 PM
474,,CASH,Lizeth,Lizeth,0.00,17.84,Drive Box,8/16/25 8:58 PM,8/16/25 8:57 PM
475,,CREDIT,Juan ,Mayra,0.00,58.35,,8/16/25 9:34 PM,8/16/25 9:00 PM
405,,CASH,Sergio,Sergio,0.00,11.80,,8/16/25 9:55 PM,8/16/25 4:31 PM
,,CASH_COLLECTED,Sergio,Sergio,0.00,306.29*,House,8/16/25 9:56 PM,8/16/25 9:56 PM
,,TIP_OUT,Sergio,Sergio,-103.22,0.00,House,8/16/25 9:56 PM,8/16/25 9:56 PM
,,TIP_OUT,Lizeth,Lizeth,-17.00,0.00,House,8/16/25 10:00 PM,8/16/25 10:00 PM
385,,CASH,Juan ,Juan ,0.00,8.12,,8/16/25 10:03 PM,8/16/25 2:59 PM
,,CASH_COLLECTED,Juan ,Juan ,0.00,617.09*,House,8/16/25 10:04 PM,8/16/25 10:04 PM
,,TIP_OUT,Juan ,Juan ,-293.43,0.00,House,8/16/25 10:04 PM,8/16/25 10:04 PM
,,PAY_OUT,Mayra,,0.00,-38.84,House,8/16/25 10:12 PM,8/16/25 10:12 PM
,,TIP_OUT,Mayra,Mayra,-24.30,0.00,House,8/16/25 10:14 PM,8/16/25 10:14 PM
,,CLOSE_OUT_EXACT,Mayra,,0.00,0.00,Front Left,8/16/25 10:17 PM,8/16/25 10:17 PM
,,CLOSE_OUT_EXACT,Mayra,,0.00,0.00,Drive Box,8/16/25 10:17 PM,8/16/25 10:17 PM
,,TOTAL,,,-283.12,10839.52,,,
