Location,Order #,Opened,Server,Table,Revenue Center,Discount Amount,Amount,Tax,Tip,Gratuity,Duration (Opened to Paid)
Tink-a-Tako - Potranco,1,8/16/25 6:04 AM,Daniela Torres,,Dining Room,0.00,12.46,1.02,0.00,0.00,00:31:25
Tink-a-Tako - Potranco,2,8/16/25 6:36 AM,Daniela Torres,,Dining Room,0.00,14.96,1.23,0.00,0.00,00:03:04
Tink-a-Tako - Potranco,3,8/16/25 6:40 AM,Daniela Torres,,Dining Room,2.29,2.29,0.19,1.00,0.00,00:03:35
Tink-a-Tako - Potranco,4,8/16/25 6:46 AM,Daniela Torres,,Dining Room,0.00,5.77,0.48,0.00,0.00,00:01:55
Tink-a-Tako - Potranco,5,8/16/25 6:46 AM,Sergio Abundiz,25,Dining Room,0.00,10.26,0.85,0.00,0.00,01:07:33
Tink-a-Tako - Potranco,7,8/16/25 6:50 AM,Sergio Abundiz,32,Dining Room,0.00,14.75,1.22,0.00,0.00,00:19:50
Tink-a-Tako - Potranco,6,8/16/25 6:48 AM,Daniela Torres,,Dining Room,0.00,10.58,0.87,0.00,0.00,00:10:08
Tink-a-Tako - Potranco,8,8/16/25 6:59 AM,Daniela Torres,,Dining Room,0.00,7.66,0.63,0.00,0.00,00:03:01
Tink-a-Tako - Potranco,9,8/16/25 7:01 AM,Daniela Torres,,Dining Room,0.00,9.36,0.78,2.00,0.00,00:01:05
Tink-a-Tako - Potranco,10,8/16/25 7:04 AM,Daniela Torres,,Dining Room,0.00,7.96,0.66,0.00,0.00,00:00:30
Tink-a-Tako - Potranco,11,8/16/25 7:07 AM,Daniela Torres,,Dining Room,0.00,38.89,3.20,4.00,0.00,00:00:58
Tink-a-Tako - Potranco,12,8/16/25 7:08 AM,Daniela Torres,,Dining Room,0.00,14.33,1.17,0.00,0.00,00:04:16
Tink-a-Tako - Potranco,13,8/16/25 7:10 AM,Daniela Torres,,Dining Room,0.00,5.57,0.46,1.00,0.00,00:04:56
Tink-a-Tako - Potranco,15,8/16/25 7:12 AM,Sergio Abundiz,,Dining Room,0.00,20.56,1.69,0.00,0.00,00:21:25
Tink-a-Tako - Potranco,16,8/16/25 7:15 AM,Daniela Torres,,Dining Room,0.00,0.00,0.00,0.00,0.00,00:00:07
Tink-a-Tako - Potranco,17,8/16/25 7:16 AM,Rosie  ORDONEZ,,Dining Room,0.00,19.55,1.61,0.00,0.00,00:00:58
Tink-a-Tako - Potranco,18,8/16/25 7:19 AM,Daniela Torres,,Dining Room,0.00,23.12,1.92,0.00,0.00,00:01:26
Tink-a-Tako - Potranco,20,8/16/25 7:25 AM,Daniela Torres,,Dining Room,0.00,20.26,1.66,0.00,0.00,00:01:28
Tink-a-Tako - Potranco,21,8/16/25 7:26 AM,Daniela Torres,,Dining Room,0.00,7.56,0.63,0.00,0.00,00:03:45
Tink-a-Tako - Potranco,22,8/16/25 7:26 AM,Daniela Torres,,Dining Room,0.00,8.37,0.70,0.00,0.00,00:03:34
Tink-a-Tako - Potranco,19,8/16/25 7:25 AM,Sergio Abundiz,,Dining Room,0.00,21.01,1.73,0.00,0.00,00:26:54
Tink-a-Tako - Potranco,23,8/16/25 7:27 AM,Rosie  ORDONEZ,,Dining Room,0.00,4.48,0.37,0.00,0.00,00:00:25
Tink-a-Tako - Potranco,24,8/16/25 7:28 AM,Rosie  ORDONEZ,,Dining Room,0.00,10.00,0.82,0.00,0.00,00:00:29
Tink-a-Tako - Potranco,25,8/16/25 7:31 AM,Sergio Abundiz,7,Dining Room,0.00,33.34,2.76,0.00,0.00,00:19:51
Tink-a-Tako - Potranco,26,8/16/25 7:33 AM,Daniela Torres,,Dining Room,0.00,5.97,0.49,0.00,0.00,00:00:36
Tink-a-Tako - Potranco,27,8/16/25 7:33 AM,Daniela Torres,,Dining Room,0.00,10.38,0.86,1.00,0.00,00:02:35
Tink-a-Tako - Potranco,28,8/16/25 7:36 AM,Daniela Torres,,Dining Room,0.00,20.81,1.71,0.00,0.00,00:07:30
Tink-a-Tako - Potranco,31,8/16/25 7:41 AM,Sergio Abundiz,32,Dining Room,0.00,16.26,1.35,5.00,0.00,00:46:40
Tink-a-Tako - Potranco,30,8/16/25 7:40 AM,Daniela Torres,,Dining Room,0.00,7.96,0.66,0.00,0.00,00:06:14
Tink-a-Tako - Potranco,33,8/16/25 7:46 AM,Daniela Torres,,Dining Room,0.00,7.58,0.63,0.00,0.00,00:01:18
Tink-a-Tako - Potranco,34,8/16/25 7:49 AM,Daniela Torres,,Dining Room,0.00,5.77,0.48,0.00,0.00,00:00:51
Tink-a-Tako - Potranco,37,8/16/25 7:52 AM,Daniela Torres,,Dining Room,0.00,18.32,1.51,2.00,0.00,00:02:04
Tink-a-Tako - Potranco,38,8/16/25 7:54 AM,Daniela Torres,,Dining Room,0.00,11.36,0.94,0.00,0.00,00:05:05
Tink-a-Tako - Potranco,39,8/16/25 7:54 AM,Sergio Abundiz,25,Dining Room,0.00,20.62,1.70,4.00,0.00,00:43:42
Tink-a-Tako - Potranco,40,8/16/25 7:57 AM,Daniela Torres,,Dining Room,0.00,10.96,0.90,1.00,0.00,00:01:45
Tink-a-Tako - Potranco,32,8/16/25 7:45 AM,Daniela Torres,,Dining Room,0.00,17.19,1.41,0.00,0.00,00:16:29
Tink-a-Tako - Potranco,43,8/16/25 8:07 AM,Maria Majana,31,Dining Room,0.00,41.41,3.43,10.00,0.00,02:26:25
Tink-a-Tako - Potranco,42,8/16/25 8:07 AM,Esperansa Caviedes,10,Dining Room,0.00,17.28,1.44,0.00,0.00,00:46:28
Tink-a-Tako - Potranco,44,8/16/25 8:13 AM,Daniela Torres,,Dining Room,0.00,3.58,0.30,0.00,0.00,00:01:20
Tink-a-Tako - Potranco,45,8/16/25 8:15 AM,Daniela Torres,,Dining Room,0.00,17.34,1.43,0.00,0.00,00:01:58
Tink-a-Tako - Potranco,41,8/16/25 8:01 AM,Daniela Torres,,Dining Room,0.00,6.58,0.55,0.00,0.00,00:17:42
Tink-a-Tako - Potranco,46,8/16/25 8:16 AM,Daniela Torres,,Dining Room,0.00,44.80,3.70,3.00,0.00,00:04:40
Tink-a-Tako - Potranco,47,8/16/25 8:17 AM,Daniela Torres,,Dining Room,0.00,34.92,2.86,4.96,0.00,00:10:33
Tink-a-Tako - Potranco,48,8/16/25 8:20 AM,Daniela Torres,,Dining Room,0.00,39.08,3.23,0.00,0.00,00:09:29
Tink-a-Tako - Potranco,49,8/16/25 8:22 AM,Daniela Torres,,Dining Room,0.00,52.10,4.28,0.00,0.00,00:10:11
Tink-a-Tako - Potranco,53,8/16/25 8:26 AM,Daniela Torres,,Dining Room,0.00,18.96,1.57,0.00,0.00,00:10:34
Tink-a-Tako - Potranco,55,8/16/25 8:28 AM,Maria Majana,35,Dining Room,0.00,10.97,0.91,5.00,0.00,00:42:01
Tink-a-Tako - Potranco,56,8/16/25 8:29 AM,Mayra Luna,,Dining Room,49.81,0.00,0.00,0.00,0.00,13:43:31
Tink-a-Tako - Potranco,57,8/16/25 8:29 AM,Daniela Torres,,Dining Room,0.00,10.35,0.86,0.00,0.00,00:08:45
Tink-a-Tako - Potranco,58,8/16/25 8:30 AM,Daniela Torres,,Dining Room,0.00,6.88,0.56,0.00,0.00,00:09:34
Tink-a-Tako - Potranco,60,8/16/25 8:31 AM,Giselle Cisneross,,Dining Room,0.00,54.64,4.50,2.00,0.00,00:37:56
Tink-a-Tako - Potranco,59,8/16/25 8:30 AM,Daniela Torres,,Dining Room,0.00,12.36,1.01,0.00,0.00,00:10:31
Tink-a-Tako - Potranco,61,8/16/25 8:32 AM,Daniela Torres,,Dining Room,0.00,11.54,0.96,0.00,0.00,00:09:38
Tink-a-Tako - Potranco,64,8/16/25 8:35 AM,Sergio Abundiz,22,Dining Room,0.00,20.96,1.74,0.00,0.00,00:27:53
Tink-a-Tako - Potranco,63,8/16/25 8:34 AM,Ivana Abundiz,,Dining Room,0.00,21.96,1.81,2.00,0.00,00:33:18
Tink-a-Tako - Potranco,66,8/16/25 8:37 AM,Ivana Abundiz,,Dining Room,0.00,9.17,0.76,0.00,0.00,00:00:16
Tink-a-Tako - Potranco,67,8/16/25 8:38 AM,Rosa Compean,15,Dining Room,0.00,9.76,0.81,4.00,0.00,00:55:47
Tink-a-Tako - Potranco,68,8/16/25 8:38 AM,Daniela Torres,,Dining Room,0.00,8.98,0.74,0.00,0.00,00:05:06
Tink-a-Tako - Potranco,65,8/16/25 8:36 AM,Daniela Torres,,Dining Room,0.00,7.88,0.65,0.00,0.00,00:08:51
Tink-a-Tako - Potranco,69,8/16/25 8:40 AM,Daniela Torres,,Dining Room,0.00,26.72,2.20,0.00,0.00,00:06:18
Tink-a-Tako - Potranco,71,8/16/25 8:43 AM,Daniela Torres,,Dining Room,0.00,7.16,0.59,0.00,0.00,00:06:03
Tink-a-Tako - Potranco,72,8/16/25 8:44 AM,Daniela Torres,,Dining Room,0.00,11.77,0.97,0.00,0.00,00:06:45
Tink-a-Tako - Potranco,70,8/16/25 8:43 AM,Ivana Abundiz,,Dining Room,2.20,21.77,1.79,3.00,0.00,00:21:57
Tink-a-Tako - Potranco,78,8/16/25 8:47 AM,Daniela Torres,,Dining Room,0.00,7.98,0.66,0.00,0.00,00:00:07
Tink-a-Tako - Potranco,77,8/16/25 8:47 AM,Isabel Cisneros,24,Dining Room,0.00,10.47,0.86,3.00,0.00,00:19:17
Tink-a-Tako - Potranco,76,8/16/25 8:46 AM,Silvia Hernandez,36,Dining Room,0.00,0.00,0.00,0.00,0.00,00:01:06
Tink-a-Tako - Potranco,74,8/16/25 8:45 AM,Giselle Cisneross,,Dining Room,0.00,62.31,5.13,10.00,0.00,00:03:00
Tink-a-Tako - Potranco,80,8/16/25 8:48 AM,Sergio Abundiz,33,Dining Room,0.00,0.00,0.00,0.00,0.00,00:24:48
Tink-a-Tako - Potranco,75,8/16/25 8:45 AM,Daniela Torres,,Dining Room,0.00,9.96,0.82,1.00,0.00,00:06:34
Tink-a-Tako - Potranco,81,8/16/25 8:49 AM,Giselle Cisneross,,Dining Room,0.00,9.56,0.79,0.00,0.00,00:24:22
Tink-a-Tako - Potranco,83,8/16/25 8:50 AM,Ivana Abundiz,,Dining Room,0.00,6.27,0.52,0.00,0.00,00:00:16
Tink-a-Tako - Potranco,85,8/16/25 8:52 AM,Silvia Hernandez,18,Dining Room,0.00,30.41,2.50,3.00,0.00,00:53:51
Tink-a-Tako - Potranco,84,8/16/25 8:51 AM,Rosa Compean,17,Dining Room,0.00,28.21,2.32,10.00,0.00,00:30:03
Tink-a-Tako - Potranco,82,8/16/25 8:49 AM,Daniela Torres,,Dining Room,0.00,8.78,0.72,0.00,0.00,00:03:13
Tink-a-Tako - Potranco,86,8/16/25 8:52 AM,Daniela Torres,,Dining Room,0.00,21.86,1.80,0.00,0.00,00:03:52
Tink-a-Tako - Potranco,88,8/16/25 8:57 AM,Isabel Cisneros,37,Dining Room,0.00,13.23,1.09,0.00,0.00,00:20:46
Tink-a-Tako - Potranco,87,8/16/25 8:54 AM,Daniela Torres,,Dining Room,0.00,8.37,0.68,0.00,0.00,00:06:18
Tink-a-Tako - Potranco,89,8/16/25 8:58 AM,Daniela Torres,,Dining Room,0.00,14.55,1.21,0.00,0.00,00:03:31
Tink-a-Tako - Potranco,90,8/16/25 8:59 AM,Daniela Torres,,Dining Room,0.00,12.76,1.05,0.00,0.00,00:06:21
Tink-a-Tako - Potranco,92,8/16/25 8:59 AM,Daniela Torres,,Dining Room,0.00,15.26,1.25,0.00,0.00,00:07:24
Tink-a-Tako - Potranco,93,8/16/25 9:00 AM,Daniela Torres,,Dining Room,1.00,22.90,1.88,0.00,0.00,00:11:24
Tink-a-Tako - Potranco,94,8/16/25 9:01 AM,Melissa Urena,38,Dining Room,0.00,36.85,3.02,0.00,0.00,00:45:07
Tink-a-Tako - Potranco,91,8/16/25 8:59 AM,Maria Majana,25,Dining Room,1.44,15.92,1.31,7.00,0.00,00:31:28
Tink-a-Tako - Potranco,96,8/16/25 9:03 AM,Daniela Torres,,Dining Room,0.00,8.78,0.72,0.00,0.00,00:09:31
Tink-a-Tako - Potranco,95,8/16/25 9:02 AM,Esperansa Caviedes,7,Dining Room,0.00,16.47,1.36,0.00,0.00,00:56:46
Tink-a-Tako - Potranco,98,8/16/25 9:04 AM,Sergio Abundiz,2,Dining Room,0.00,18.97,1.57,3.79,0.00,00:15:31
Tink-a-Tako - Potranco,100,8/16/25 9:05 AM,Giselle Cisneross,,Dining Room,0.00,24.56,2.02,0.00,0.00,00:09:53
Tink-a-Tako - Potranco,97,8/16/25 9:03 AM,Daniela Torres,,Dining Room,0.00,6.07,0.50,0.00,0.00,00:10:38
Tink-a-Tako - Potranco,101,8/16/25 9:06 AM,Daniela Torres,,Dining Room,0.00,6.67,0.55,0.00,0.00,00:09:43
Tink-a-Tako - Potranco,103,8/16/25 9:08 AM,Daniela Torres,,Dining Room,0.00,2.49,0.21,0.00,0.00,00:09:01
Tink-a-Tako - Potranco,102,8/16/25 9:07 AM,Esperansa Caviedes,22,Dining Room,0.00,37.09,3.07,3.72,0.00,01:02:11
Tink-a-Tako - Potranco,104,8/16/25 9:10 AM,Daniela Torres,,Dining Room,0.00,13.57,1.12,0.00,0.00,00:03:21
Tink-a-Tako - Potranco,107,8/16/25 9:13 AM,Daniela Torres,,Dining Room,0.00,7.76,0.63,0.00,0.00,00:01:45
Tink-a-Tako - Potranco,109,8/16/25 9:15 AM,Daniela Torres,,Dining Room,0.00,7.97,0.66,0.00,0.00,00:00:38
Tink-a-Tako - Potranco,110,8/16/25 9:16 AM,Daniela Torres,,Dining Room,0.00,48.01,3.96,0.00,0.00,00:01:23
Tink-a-Tako - Potranco,112,8/16/25 9:18 AM,Rosa Compean,39,Dining Room,0.00,30.65,2.51,5.00,0.00,00:31:17
Tink-a-Tako - Potranco,111,8/16/25 9:18 AM,Daniela Torres,,Dining Room,0.00,30.91,2.55,0.00,0.00,00:01:22
Tink-a-Tako - Potranco,113,8/16/25 9:19 AM,Daniela Torres,,Dining Room,0.00,7.96,0.66,0.00,0.00,00:00:25
Tink-a-Tako - Potranco,114,8/16/25 9:20 AM,Daniela Torres,,Dining Room,0.00,19.84,1.64,2.98,0.00,00:01:09
Tink-a-Tako - Potranco,116,8/16/25 9:21 AM,Daniela Torres,,Dining Room,0.00,23.31,1.94,0.00,0.00,00:01:12
Tink-a-Tako - Potranco,115,8/16/25 9:21 AM,Silvia Hernandez,4,Dining Room,0.00,42.35,3.47,0.00,0.00,00:26:49
Tink-a-Tako - Potranco,117,8/16/25 9:23 AM,Daniela Torres,,Dining Room,0.00,8.78,0.72,0.00,0.00,00:09:52
Tink-a-Tako - Potranco,118,8/16/25 9:23 AM,Daniela Torres,,Dining Room,0.00,14.04,1.17,3.09,0.00,00:00:54
Tink-a-Tako - Potranco,119,8/16/25 9:24 AM,Giselle Cisneross,,Dining Room,0.00,24.99,2.06,0.00,0.00,00:06:59
Tink-a-Tako - Potranco,120,8/16/25 9:24 AM,Daniela Torres,,Dining Room,0.00,17.84,1.47,0.00,0.00,00:01:07
Tink-a-Tako - Potranco,121,8/16/25 9:26 AM,Isabel Cisneros,24,Dining Room,0.00,41.16,3.39,0.00,0.00,00:36:53
Tink-a-Tako - Potranco,122,8/16/25 9:30 AM,Melissa Urena,10,Dining Room,0.00,41.53,3.44,10.00,0.00,00:25:18
Tink-a-Tako - Potranco,123,8/16/25 9:31 AM,Daniela Torres,,Dining Room,0.00,21.34,1.76,0.00,0.00,00:00:42
Tink-a-Tako - Potranco,124,8/16/25 9:32 AM,Daniela Torres,,Dining Room,0.00,9.78,0.81,0.00,0.00,00:00:37
Tink-a-Tako - Potranco,125,8/16/25 9:32 AM,Daniela Torres,,Dining Room,0.00,13.57,1.12,2.71,0.00,00:01:04
Tink-a-Tako - Potranco,126,8/16/25 9:33 AM,Daniela Torres,,Dining Room,0.00,3.98,0.33,0.80,0.00,00:00:36
Tink-a-Tako - Potranco,127,8/16/25 9:34 AM,Daniela Torres,,Dining Room,0.00,25.59,2.09,0.00,0.00,00:00:45
Tink-a-Tako - Potranco,128,8/16/25 9:35 AM,Daniela Torres,,Dining Room,0.00,18.94,1.56,2.84,0.00,00:00:46
Tink-a-Tako - Potranco,129,8/16/25 9:35 AM,Sergio Abundiz,12,Dining Room,0.00,27.96,2.29,2.75,0.00,00:28:29
Tink-a-Tako - Potranco,131,8/16/25 9:37 AM,Ivana Abundiz,,Dining Room,0.00,13.95,1.15,2.00,0.00,00:00:45
Tink-a-Tako - Potranco,130,8/16/25 9:36 AM,Esperansa Caviedes,20,Dining Room,0.00,19.05,1.58,3.00,0.00,00:35:31
Tink-a-Tako - Potranco,132,8/16/25 9:39 AM,Maria Majana,37,Dining Room,0.00,29.43,2.42,5.15,0.00,00:22:13
Tink-a-Tako - Potranco,134,8/16/25 9:40 AM,Rosa Compean,33,Dining Room,0.00,33.90,2.80,7.00,0.00,00:26:36
Tink-a-Tako - Potranco,135,8/16/25 9:42 AM,Daniela Torres,,Dining Room,0.00,11.41,0.94,0.00,0.00,00:03:11
Tink-a-Tako - Potranco,137,8/16/25 9:42 AM,Silvia Hernandez,9,Dining Room,0.00,17.15,1.42,0.00,0.00,00:20:17
Tink-a-Tako - Potranco,136,8/16/25 9:42 AM,Daniela Torres,,Dining Room,0.00,3.98,0.32,0.00,0.00,00:05:15
Tink-a-Tako - Potranco,138,8/16/25 9:43 AM,Daniela Torres,,Dining Room,0.00,21.54,1.77,0.00,0.00,00:05:18
Tink-a-Tako - Potranco,139,8/16/25 9:44 AM,Daniela Torres,,Dining Room,0.00,10.56,0.87,0.00,0.00,00:07:23
Tink-a-Tako - Potranco,141,8/16/25 9:46 AM,Giselle Cisneross,,Dining Room,0.00,20.51,1.70,0.00,0.00,00:09:32
Tink-a-Tako - Potranco,140,8/16/25 9:45 AM,Daniela Torres,,Dining Room,0.00,13.77,1.13,0.00,0.00,00:09:19
Tink-a-Tako - Potranco,142,8/16/25 9:47 AM,Daniela Torres,,Dining Room,0.00,10.66,0.88,3.00,0.00,00:07:59
Tink-a-Tako - Potranco,143,8/16/25 9:48 AM,Daniela Torres,,Dining Room,0.00,16.05,1.33,0.00,0.00,00:08:38
Tink-a-Tako - Potranco,144,8/16/25 9:50 AM,Daniela Torres,,Dining Room,0.00,9.42,0.77,0.00,0.00,00:07:23
Tink-a-Tako - Potranco,145,8/16/25 9:52 AM,Daniela Torres,,Dining Room,0.00,12.99,1.07,0.00,0.00,00:07:40
Tink-a-Tako - Potranco,147,8/16/25 9:56 AM,Melissa Urena,32,Dining Room,0.00,11.27,0.93,2.00,0.00,00:13:16
Tink-a-Tako - Potranco,148,8/16/25 9:56 AM,Esperansa Caviedes,23,Dining Room,0.00,17.44,1.43,2.00,0.00,00:19:57
Tink-a-Tako - Potranco,146,8/16/25 9:55 AM,Daniela Torres,,Dining Room,0.00,20.74,1.71,2.00,0.00,00:06:10
Tink-a-Tako - Potranco,149,8/16/25 9:57 AM,Daniela Torres,,Dining Room,0.00,1.99,0.16,0.00,0.00,00:05:39
Tink-a-Tako - Potranco,150,8/16/25 9:58 AM,Daniela Torres,,Dining Room,0.00,8.17,0.67,2.00,0.00,00:07:06
Tink-a-Tako - Potranco,152,8/16/25 10:00 AM,Silvia Hernandez,26,Dining Room,0.00,7.77,0.64,0.00,0.00,00:42:34
Tink-a-Tako - Potranco,151,8/16/25 10:00 AM,Daniela Torres,,Dining Room,0.00,5.77,0.48,0.00,0.00,00:06:57
Tink-a-Tako - Potranco,155,8/16/25 10:01 AM,Melissa Urena,,Dining Room,0.00,12.99,1.07,0.00,0.00,00:00:39
Tink-a-Tako - Potranco,154,8/16/25 10:01 AM,Rosa Compean,7,Dining Room,0.00,15.96,1.32,4.00,0.00,00:50:47
Tink-a-Tako - Potranco,153,8/16/25 10:01 AM,Daniela Torres,,Dining Room,0.00,4.98,0.42,1.00,0.00,00:07:07
Tink-a-Tako - Potranco,156,8/16/25 10:02 AM,Daniela Torres,,Dining Room,0.00,10.56,0.88,0.00,0.00,00:01:56
Tink-a-Tako - Potranco,157,8/16/25 10:04 AM,Daniela Torres,,Dining Room,0.00,25.54,2.11,0.00,0.00,00:12:15
Tink-a-Tako - Potranco,158,8/16/25 10:04 AM,Daniela Torres,,Dining Room,0.00,40.49,3.34,0.00,0.00,00:01:09
Tink-a-Tako - Potranco,160,8/16/25 10:05 AM,Daniela Torres,,Dining Room,0.00,8.36,0.69,0.00,0.00,00:00:45
Tink-a-Tako - Potranco,159,8/16/25 10:05 AM,Silvia Hernandez,10,Dining Room,0.00,30.20,2.50,6.00,0.00,00:25:32
Tink-a-Tako - Potranco,162,8/16/25 10:07 AM,Esperansa Caviedes,24,Dining Room,0.00,31.13,2.58,6.23,0.00,00:37:35
Tink-a-Tako - Potranco,161,8/16/25 10:06 AM,Daniela Torres,,Dining Room,0.00,19.54,1.61,0.00,0.00,00:01:22
Tink-a-Tako - Potranco,163,8/16/25 10:07 AM,Daniela Torres,,Dining Room,0.00,19.25,1.59,0.00,0.00,00:00:40
Tink-a-Tako - Potranco,165,8/16/25 10:08 AM,Daniela Torres,,Dining Room,0.00,8.37,0.69,0.00,0.00,00:00:45
Tink-a-Tako - Potranco,166,8/16/25 10:08 AM,Isabel Cisneros,17,Dining Room,0.00,30.40,2.50,6.00,0.00,00:27:28
Tink-a-Tako - Potranco,167,8/16/25 10:09 AM,Isabel Cisneros,25,Dining Room,0.00,11.76,0.97,0.00,0.00,00:44:32
Tink-a-Tako - Potranco,164,8/16/25 10:08 AM,Maria Majana,9,Dining Room,0.00,11.96,1.00,0.00,0.00,01:20:21
Tink-a-Tako - Potranco,169,8/16/25 10:10 AM,Melissa Urena,,Dining Room,0.00,54.08,4.46,2.94,0.00,00:50:03
Tink-a-Tako - Potranco,170,8/16/25 10:12 AM,Rosie  ORDONEZ,18,Dining Room,0.00,17.41,1.43,7.00,0.00,00:24:23
Tink-a-Tako - Potranco,171,8/16/25 10:14 AM,Silvia Hernandez,15,Dining Room,0.00,39.75,3.27,5.00,0.00,00:37:14
Tink-a-Tako - Potranco,172,8/16/25 10:15 AM,Isabel Cisneros,19,Dining Room,0.00,22.08,1.81,2.00,0.00,00:26:43
Tink-a-Tako - Potranco,168,8/16/25 10:09 AM,Daniela Torres,,Dining Room,0.00,9.97,0.82,1.50,0.00,00:08:58
Tink-a-Tako - Potranco,176,8/16/25 10:18 AM,Melissa Urena,37,Dining Room,0.00,19.45,1.60,6.40,0.00,01:00:19
Tink-a-Tako - Potranco,173,8/16/25 10:16 AM,Rosa Compean,3,Dining Room,0.00,69.97,5.77,0.00,13.99,00:45:14
Tink-a-Tako - Potranco,175,8/16/25 10:18 AM,Daniela Torres,,Dining Room,0.00,42.07,3.47,0.00,0.00,00:01:07
Tink-a-Tako - Potranco,177,8/16/25 10:19 AM,Daniela Torres,,Dining Room,0.00,18.66,1.54,0.00,0.00,00:00:38
Tink-a-Tako - Potranco,174,8/16/25 10:18 AM,Daniela Torres,,Dining Room,0.00,27.73,2.29,0.00,0.00,00:21:04
Tink-a-Tako - Potranco,179,8/16/25 10:20 AM,Daniela Torres,,Dining Room,0.00,19.13,1.58,0.00,0.00,00:01:01
Tink-a-Tako - Potranco,178,8/16/25 10:20 AM,Giselle Cisneross,,Dining Room,0.00,12.35,1.02,0.00,0.00,00:01:54
Tink-a-Tako - Potranco,182,8/16/25 10:21 AM,Rosa Compean,32,Dining Room,0.00,21.84,1.80,2.00,0.00,00:29:42
Tink-a-Tako - Potranco,181,8/16/25 10:21 AM,Daniela Torres,,Dining Room,0.00,6.48,0.54,0.00,0.00,00:01:47
Tink-a-Tako - Potranco,183,8/16/25 10:22 AM,Juan  Camacho,33,Dining Room,0.00,34.38,2.82,0.00,0.00,00:36:31
Tink-a-Tako - Potranco,185,8/16/25 10:23 AM,Esperansa Caviedes,22,Dining Room,0.00,33.60,2.77,3.00,0.00,00:44:15
Tink-a-Tako - Potranco,180,8/16/25 10:20 AM,Sergio Abundiz,40,Dining Room,0.00,75.06,6.21,2.21,0.00,00:45:48
Tink-a-Tako - Potranco,184,8/16/25 10:23 AM,Daniela Torres,,Dining Room,0.00,5.98,0.49,0.00,0.00,00:07:36
Tink-a-Tako - Potranco,186,8/16/25 10:23 AM,Daniela Torres,,Dining Room,0.00,6.77,0.57,0.00,0.00,00:09:30
Tink-a-Tako - Potranco,189,8/16/25 10:28 AM,Isabel Cisneros,38,Dining Room,0.00,10.17,0.84,0.00,0.00,00:20:15
Tink-a-Tako - Potranco,187,8/16/25 10:25 AM,Maria Majana,34,Dining Room,0.00,50.18,4.14,6.00,0.00,00:32:26
Tink-a-Tako - Potranco,188,8/16/25 10:27 AM,Daniela Torres,,Dining Room,0.00,3.98,0.33,0.00,0.00,00:06:10
Tink-a-Tako - Potranco,191,8/16/25 10:31 AM,Melissa Urena,16,Dining Room,0.00,3.98,0.33,0.00,0.00,00:31:05
Tink-a-Tako - Potranco,190,8/16/25 10:30 AM,Daniela Torres,,Dining Room,0.00,16.86,1.39,0.00,0.00,00:04:34
Tink-a-Tako - Potranco,192,8/16/25 10:31 AM,Silvia Hernandez,23,Dining Room,0.00,48.48,4.02,0.00,0.00,00:41:40
Tink-a-Tako - Potranco,193,8/16/25 10:33 AM,Daniela Torres,,Dining Room,0.00,14.25,1.16,0.00,0.00,00:03:23
Tink-a-Tako - Potranco,194,8/16/25 10:35 AM,Daniela Torres,,Dining Room,0.00,19.14,1.58,0.00,0.00,00:06:19
Tink-a-Tako - Potranco,195,8/16/25 10:36 AM,Daniela Torres,,Dining Room,0.00,2.49,0.21,0.00,0.00,00:07:10
Tink-a-Tako - Potranco,196,8/16/25 10:36 AM,Daniela Torres,,Dining Room,0.00,20.89,1.72,3.00,0.00,00:07:50
Tink-a-Tako - Potranco,198,8/16/25 10:38 AM,Giselle Cisneross,,Dining Room,0.00,13.16,1.08,1.00,0.00,00:17:47
Tink-a-Tako - Potranco,199,8/16/25 10:40 AM,Sergio Abundiz,20,Dining Room,0.00,41.93,3.44,5.00,0.00,00:41:20
Tink-a-Tako - Potranco,200,8/16/25 10:40 AM,Silvia Hernandez,39,Dining Room,0.00,14.67,1.21,8.00,0.00,00:28:57
Tink-a-Tako - Potranco,202,8/16/25 10:40 AM,Daniela Torres,,Dining Room,0.00,17.12,1.42,0.00,0.00,00:06:11
Tink-a-Tako - Potranco,201,8/16/25 10:40 AM,Juan  Camacho,35,Dining Room,0.00,106.49,8.79,0.00,21.30,00:40:24
Tink-a-Tako - Potranco,203,8/16/25 10:41 AM,Daniela Torres,,Dining Room,0.00,6.87,0.57,0.00,0.00,00:08:32
Tink-a-Tako - Potranco,204,8/16/25 10:42 AM,Esperansa Caviedes,12,Dining Room,0.00,20.74,1.72,5.00,0.00,00:18:58
Tink-a-Tako - Potranco,205,8/16/25 10:42 AM,Daniela Torres,,Dining Room,0.00,7.37,0.61,0.00,0.00,00:08:52
Tink-a-Tako - Potranco,208,8/16/25 10:47 AM,Ivana Abundiz,,Dining Room,0.00,17.31,1.44,3.00,0.00,00:11:33
Tink-a-Tako - Potranco,206,8/16/25 10:44 AM,Daniela Torres,,Dining Room,0.00,42.10,3.49,0.00,0.00,00:09:20
Tink-a-Tako - Potranco,209,8/16/25 10:47 AM,Daniela Torres,,Dining Room,0.00,7.96,0.66,0.00,0.00,00:00:45
Tink-a-Tako - Potranco,207,8/16/25 10:46 AM,Giselle Cisneross,,Dining Room,0.00,27.68,2.28,0.00,0.00,00:01:27
Tink-a-Tako - Potranco,210,8/16/25 10:48 AM,Daniela Torres,,Dining Room,0.00,7.56,0.63,0.00,0.00,00:00:39
Tink-a-Tako - Potranco,212,8/16/25 10:48 AM,Ivana Abundiz,,Dining Room,0.00,31.95,2.64,0.00,0.00,00:00:48
Tink-a-Tako - Potranco,213,8/16/25 10:49 AM,Daniela Torres,,Dining Room,0.00,16.24,1.34,0.00,0.00,00:00:53
Tink-a-Tako - Potranco,214,8/16/25 10:50 AM,Daniela Torres,,Dining Room,0.00,25.54,2.10,0.00,0.00,00:09:36
Tink-a-Tako - Potranco,211,8/16/25 10:48 AM,Maria Majana,18,Dining Room,0.00,22.24,1.83,4.00,0.00,00:28:14
Tink-a-Tako - Potranco,216,8/16/25 10:50 AM,Daniela Torres,,Dining Room,0.00,8.76,0.72,0.00,0.00,00:00:50
Tink-a-Tako - Potranco,217,8/16/25 10:51 AM,Daniela Torres,,Dining Room,1.04,9.33,0.78,0.00,0.00,01:11:03
Tink-a-Tako - Potranco,218,8/16/25 10:51 AM,Daniela Torres,,Dining Room,0.00,16.14,1.32,0.00,0.00,00:10:25
Tink-a-Tako - Potranco,219,8/16/25 10:52 AM,Daniela Torres,,Dining Room,0.00,8.28,0.68,0.00,0.00,00:00:46
Tink-a-Tako - Potranco,222,8/16/25 10:53 AM,Daniela Torres,,Dining Room,0.00,24.50,2.03,0.00,0.00,00:01:16
Tink-a-Tako - Potranco,227,8/16/25 10:54 AM,Daniela Torres,,Dining Room,0.00,8.37,0.68,0.00,0.00,00:06:13
Tink-a-Tako - Potranco,229,8/16/25 10:54 AM,Ivana Abundiz,,Dining Room,0.00,25.51,2.12,0.00,0.00,00:00:47
Tink-a-Tako - Potranco,230,8/16/25 10:56 AM,Rosa Compean,17,Dining Room,0.00,36.65,3.01,0.00,0.00,00:22:33
Tink-a-Tako - Potranco,231,8/16/25 10:56 AM,Ivana Abundiz,,Dining Room,0.00,11.65,0.97,1.00,0.00,00:12:00
Tink-a-Tako - Potranco,234,8/16/25 10:59 AM,Ivana Abundiz,,Dining Room,0.00,16.85,1.39,0.00,0.00,00:16:43
Tink-a-Tako - Potranco,235,8/16/25 11:01 AM,Isabel Cisneros,32,Dining Room,0.00,38.67,3.18,5.00,0.00,00:35:42
Tink-a-Tako - Potranco,236,8/16/25 11:04 AM,Silvia Hernandez,38,Dining Room,1.40,20.02,1.65,0.00,0.00,00:37:49
Tink-a-Tako - Potranco,237,8/16/25 11:04 AM,Daniela Torres,,Dining Room,0.00,5.97,0.50,0.00,0.00,00:01:56
Tink-a-Tako - Potranco,238,8/16/25 11:04 AM,Daniela Torres,,Dining Room,0.00,3.98,0.32,0.00,0.00,00:02:33
Tink-a-Tako - Potranco,239,8/16/25 11:05 AM,Daniela Torres,,Dining Room,0.00,9.26,0.77,0.00,0.00,00:05:10
Tink-a-Tako - Potranco,240,8/16/25 11:09 AM,Melissa Urena,31,Dining Room,0.00,62.59,5.16,5.00,0.00,00:33:26
Tink-a-Tako - Potranco,241,8/16/25 11:09 AM,Daniela Torres,,Dining Room,0.00,24.98,2.06,0.00,0.00,00:07:01
Tink-a-Tako - Potranco,242,8/16/25 11:11 AM,Daniela Torres,,Dining Room,0.00,8.97,0.74,0.00,0.00,00:10:32
Tink-a-Tako - Potranco,244,8/16/25 11:12 AM,Silvia Hernandez,7,Dining Room,0.00,18.95,1.57,5.00,0.00,00:30:37
Tink-a-Tako - Potranco,243,8/16/25 11:12 AM,Daniela Torres,,Dining Room,0.00,45.02,3.71,0.00,0.00,00:11:24
Tink-a-Tako - Potranco,245,8/16/25 11:15 AM,Juan  Camacho,10,Dining Room,0.00,20.67,1.71,0.00,0.00,01:16:20
Tink-a-Tako - Potranco,246,8/16/25 11:16 AM,Daniela Torres,,Dining Room,0.00,17.74,1.46,0.00,0.00,00:10:23
Tink-a-Tako - Potranco,250,8/16/25 11:18 AM,Rosa Compean,33,Dining Room,0.00,31.88,2.62,7.00,0.00,00:20:42
Tink-a-Tako - Potranco,248,8/16/25 11:17 AM,Maria Majana,23,Dining Room,0.00,37.43,3.09,5.00,0.00,00:57:36
Tink-a-Tako - Potranco,247,8/16/25 11:17 AM,Daniela Torres,,Dining Room,0.00,31.47,2.59,0.00,0.00,00:10:53
Tink-a-Tako - Potranco,252,8/16/25 11:21 AM,Rosa Compean,3,Dining Room,0.00,5.37,0.44,0.00,0.00,00:04:38
Tink-a-Tako - Potranco,251,8/16/25 11:20 AM,Daniela Torres,,Dining Room,0.00,9.36,0.77,0.00,0.00,00:11:38
Tink-a-Tako - Potranco,254,8/16/25 11:23 AM,Isabel Cisneros,22,Dining Room,0.00,23.43,1.93,0.00,0.00,02:39:44
Tink-a-Tako - Potranco,253,8/16/25 11:23 AM,Daniela Torres,,Dining Room,0.00,29.09,2.40,0.00,0.00,00:10:08
Tink-a-Tako - Potranco,256,8/16/25 11:27 AM,Esperansa Caviedes,40,Dining Room,0.00,51.48,4.24,7.72,0.00,00:23:31
Tink-a-Tako - Potranco,257,8/16/25 11:29 AM,Esperansa Caviedes,34,Dining Room,0.00,69.25,5.70,0.00,0.00,00:36:00
Tink-a-Tako - Potranco,255,8/16/25 11:25 AM,Daniela Torres,,Dining Room,0.00,10.27,0.85,0.88,0.00,00:10:33
Tink-a-Tako - Potranco,260,8/16/25 11:31 AM,Sergio Abundiz,15,Dining Room,0.00,24.62,2.03,4.00,0.00,00:29:14
Tink-a-Tako - Potranco,261,8/16/25 11:32 AM,Rosa Compean,17,Dining Room,0.00,29.42,2.42,7.00,0.00,00:27:29
Tink-a-Tako - Potranco,258,8/16/25 11:30 AM,Daniela Torres,,Dining Room,0.00,16.04,1.34,0.00,0.00,00:06:41
Tink-a-Tako - Potranco,262,8/16/25 11:33 AM,Daniela Torres,,Dining Room,0.00,13.35,1.11,0.00,0.00,00:05:54
Tink-a-Tako - Potranco,263,8/16/25 11:34 AM,Daniela Torres,,Dining Room,0.00,23.09,1.89,0.00,0.00,00:07:27
Tink-a-Tako - Potranco,259,8/16/25 11:31 AM,Maria Majana,37,Dining Room,0.00,23.60,1.95,5.00,0.00,00:42:19
Tink-a-Tako - Potranco,264,8/16/25 11:35 AM,Daniela Torres,,Dining Room,0.00,24.54,2.02,0.00,0.00,00:10:21
Tink-a-Tako - Potranco,265,8/16/25 11:37 AM,Daniela Torres,,Dining Room,0.00,12.99,1.07,0.00,0.00,00:09:52
Tink-a-Tako - Potranco,266,8/16/25 11:38 AM,Isabel Cisneros,18,Dining Room,0.00,29.90,2.47,0.00,0.00,00:20:08
Tink-a-Tako - Potranco,268,8/16/25 11:39 AM,Giselle Cisneross,,Dining Room,0.00,10.13,0.83,0.00,0.00,00:00:30
Tink-a-Tako - Potranco,270,8/16/25 11:40 AM,Juan  Camacho,2,Dining Room,0.00,119.27,9.86,0.00,23.85,00:39:36
Tink-a-Tako - Potranco,271,8/16/25 11:40 AM,Melissa Urena,19,Dining Room,0.00,28.24,2.33,0.00,0.00,02:10:23
Tink-a-Tako - Potranco,274,8/16/25 11:40 AM,Melissa Urena,25,Dining Room,0.00,26.34,2.17,5.27,0.00,00:34:04
Tink-a-Tako - Potranco,269,8/16/25 11:40 AM,Silvia Hernandez,11,Dining Room,0.00,30.16,2.49,3.00,0.00,01:14:50
Tink-a-Tako - Potranco,267,8/16/25 11:38 AM,Daniela Torres,,Dining Room,0.00,45.41,3.74,0.00,0.00,00:10:36
Tink-a-Tako - Potranco,277,8/16/25 11:44 AM,Rosa Compean,24,Dining Room,0.00,33.00,2.73,7.00,0.00,00:24:21
Tink-a-Tako - Potranco,276,8/16/25 11:44 AM,Juan  Camacho,39,Dining Room,0.00,18.66,1.53,5.00,0.00,00:24:56
Tink-a-Tako - Potranco,275,8/16/25 11:41 AM,Esperansa Caviedes,3,Dining Room,0.00,49.07,4.03,8.00,0.00,00:49:10
Tink-a-Tako - Potranco,278,8/16/25 11:44 AM,Daniela Torres,,Dining Room,0.00,6.77,0.57,0.00,0.00,00:11:09
Tink-a-Tako - Potranco,280,8/16/25 11:45 AM,Daniela Torres,,Dining Room,0.00,9.36,0.77,0.00,0.00,00:00:51
Tink-a-Tako - Potranco,281,8/16/25 11:45 AM,Sergio Abundiz,20,Dining Room,0.00,40.98,3.39,8.00,0.00,00:29:36
Tink-a-Tako - Potranco,282,8/16/25 11:46 AM,Daniela Torres,,Dining Room,0.00,4.48,0.37,0.00,0.00,00:00:56
Tink-a-Tako - Potranco,283,8/16/25 11:47 AM,Daniela Torres,,Dining Room,8.08,19.24,1.59,5.46,0.00,00:01:04
Tink-a-Tako - Potranco,284,8/16/25 11:48 AM,Daniela Torres,,Dining Room,0.00,12.35,1.02,1.85,0.00,00:00:36
Tink-a-Tako - Potranco,285,8/16/25 11:48 AM,Isabel Cisneros,33,Dining Room,0.00,31.66,2.60,5.00,0.00,00:23:44
Tink-a-Tako - Potranco,287,8/16/25 11:49 AM,Daniela Torres,,Dining Room,0.00,2.29,0.19,0.00,0.00,00:00:39
Tink-a-Tako - Potranco,288,8/16/25 11:49 AM,Ivana Abundiz,,Dining Room,0.00,24.32,2.01,0.00,0.00,00:17:32
Tink-a-Tako - Potranco,289,8/16/25 11:51 AM,Ivana Abundiz,,Dining Room,0.00,18.57,1.54,0.00,0.00,00:00:21
Tink-a-Tako - Potranco,290,8/16/25 11:56 AM,Silvia Hernandez,32,Dining Room,0.00,22.35,1.84,5.00,0.00,00:26:42
Tink-a-Tako - Potranco,293,8/16/25 12:01 PM,Daniela Torres,,Dining Room,0.00,5.57,0.46,0.00,0.00,00:01:46
Tink-a-Tako - Potranco,292,8/16/25 12:01 PM,Juan  Camacho,42,Dining Room,0.00,39.10,3.22,5.00,0.00,00:30:49
Tink-a-Tako - Potranco,291,8/16/25 11:58 AM,Daniela Torres,,Dining Room,0.00,44.74,3.68,0.00,0.00,00:07:19
Tink-a-Tako - Potranco,294,8/16/25 12:02 PM,Daniela Torres,,Dining Room,0.00,13.57,1.12,0.00,0.00,00:09:08
Tink-a-Tako - Potranco,295,8/16/25 12:03 PM,Sergio Abundiz,9,Dining Room,0.00,34.35,2.82,0.00,0.00,00:28:11
Tink-a-Tako - Potranco,296,8/16/25 12:03 PM,Daniela Torres,,Dining Room,0.00,24.80,2.04,0.00,0.00,00:09:57
Tink-a-Tako - Potranco,298,8/16/25 12:04 PM,Daniela Torres,,Dining Room,0.00,11.57,0.96,0.00,0.00,00:10:50
Tink-a-Tako - Potranco,299,8/16/25 12:08 PM,Melissa Urena,31,Dining Room,0.00,93.28,7.68,8.84,18.67,00:47:27
Tink-a-Tako - Potranco,300,8/16/25 12:08 PM,Daniela Torres,,Dining Room,0.00,28.21,2.32,0.00,0.00,00:08:26
Tink-a-Tako - Potranco,305,8/16/25 12:12 PM,Daniela Torres,,Dining Room,0.00,10.93,0.91,0.00,0.00,00:07:15
Tink-a-Tako - Potranco,306,8/16/25 12:13 PM,Daniela Torres,,Dining Room,0.00,14.36,1.18,2.00,0.00,00:08:06
Tink-a-Tako - Potranco,309,8/16/25 12:14 PM,Esperansa Caviedes,7,Dining Room,0.00,52.07,4.30,5.00,0.00,00:30:01
Tink-a-Tako - Potranco,308,8/16/25 12:14 PM,Daniela Torres,,Dining Room,0.00,14.56,1.21,0.00,0.00,00:09:13
Tink-a-Tako - Potranco,311,8/16/25 12:18 PM,Rosa Compean,8,Dining Room,0.00,12.96,1.06,4.00,0.00,00:25:18
Tink-a-Tako - Potranco,310,8/16/25 12:18 PM,Daniela Torres,,Dining Room,0.00,7.97,0.66,0.00,0.00,00:06:30
Tink-a-Tako - Potranco,313,8/16/25 12:21 PM,Daniela Torres,,Dining Room,0.00,25.16,2.08,0.00,0.00,00:04:37
Tink-a-Tako - Potranco,314,8/16/25 12:22 PM,Daniela Torres,,Dining Room,0.00,8.98,0.74,0.00,0.00,00:06:30
Tink-a-Tako - Potranco,312,8/16/25 12:21 PM,Maria Majana,23,Dining Room,0.00,31.87,2.63,0.00,0.00,00:31:07
Tink-a-Tako - Potranco,316,8/16/25 12:22 PM,Daniela Torres,,Dining Room,0.00,8.77,0.73,0.00,0.00,00:07:00
Tink-a-Tako - Potranco,318,8/16/25 12:25 PM,Melissa Urena,24,Dining Room,0.00,18.95,1.56,0.00,0.00,00:43:47
Tink-a-Tako - Potranco,319,8/16/25 12:26 PM,Silvia Hernandez,15,Dining Room,0.00,38.61,3.17,7.72,0.00,00:35:08
Tink-a-Tako - Potranco,317,8/16/25 12:24 PM,Daniela Torres,,Dining Room,0.00,5.77,0.47,0.00,0.00,00:07:53
Tink-a-Tako - Potranco,321,8/16/25 12:30 PM,Isabel Cisneros,18,Dining Room,0.00,18.88,1.55,5.00,0.00,00:30:27
Tink-a-Tako - Potranco,323,8/16/25 12:32 PM,Daniela Torres,,Dining Room,0.00,7.78,0.65,0.00,0.00,00:02:36
Tink-a-Tako - Potranco,324,8/16/25 12:32 PM,Daniela Torres,,Dining Room,0.00,12.37,1.02,0.00,0.00,00:03:39
Tink-a-Tako - Potranco,322,8/16/25 12:30 PM,Daniela Torres,,Dining Room,0.00,18.02,1.49,0.00,0.00,00:08:27
Tink-a-Tako - Potranco,326,8/16/25 12:35 PM,Juan  Camacho,33,Dining Room,0.00,32.91,2.71,0.00,0.00,00:44:28
Tink-a-Tako - Potranco,325,8/16/25 12:34 PM,Daniela Torres,,Dining Room,0.00,17.99,1.48,0.00,0.00,00:06:48
Tink-a-Tako - Potranco,327,8/16/25 12:36 PM,Daniela Torres,,Dining Room,0.00,15.05,1.24,1.00,0.00,00:08:17
Tink-a-Tako - Potranco,328,8/16/25 12:37 PM,Daniela Torres,,Dining Room,0.00,3.98,0.33,0.00,0.00,00:09:00
Tink-a-Tako - Potranco,329,8/16/25 12:40 PM,Daniela Torres,,Dining Room,0.00,29.50,2.43,0.00,0.00,00:08:33
Tink-a-Tako - Potranco,331,8/16/25 12:44 PM,Sergio Abundiz,4,Dining Room,0.00,45.93,3.78,4.00,0.00,01:17:54
Tink-a-Tako - Potranco,332,8/16/25 12:45 PM,Daniela Torres,,Dining Room,0.00,6.78,0.56,0.00,0.00,00:05:07
Tink-a-Tako - Potranco,334,8/16/25 12:47 PM,Esperansa Caviedes,20,Dining Room,0.00,27.68,2.28,6.00,0.00,00:49:45
Tink-a-Tako - Potranco,335,8/16/25 12:52 PM,Ivana Abundiz,38,Dining Room,0.00,29.36,2.42,0.00,0.00,00:17:49
Tink-a-Tako - Potranco,333,8/16/25 12:45 PM,Daniela Torres,,Dining Room,0.00,9.98,0.82,0.00,0.00,00:11:07
Tink-a-Tako - Potranco,336,8/16/25 12:56 PM,Daniela Torres,,Dining Room,0.00,4.89,0.40,0.00,0.00,00:03:10
Tink-a-Tako - Potranco,337,8/16/25 12:57 PM,Daniela Torres,,Dining Room,0.00,24.45,2.02,0.00,0.00,00:03:16
Tink-a-Tako - Potranco,339,8/16/25 12:59 PM,Daniela Torres,,Dining Room,0.00,9.38,0.77,1.00,0.00,00:07:53
Tink-a-Tako - Potranco,340,8/16/25 12:59 PM,Daniela Torres,,Dining Room,0.00,6.68,0.55,0.00,0.00,00:09:58
Tink-a-Tako - Potranco,338,8/16/25 12:58 PM,Maria Majana,38,Dining Room,0.00,46.86,3.85,0.00,0.00,01:16:26
Tink-a-Tako - Potranco,341,8/16/25 1:00 PM,Daniela Torres,,Dining Room,0.00,8.96,0.73,0.00,0.00,00:23:22
Tink-a-Tako - Potranco,342,8/16/25 1:01 PM,Daniela Torres,,Dining Room,0.00,12.38,1.02,0.00,0.00,00:10:01
Tink-a-Tako - Potranco,344,8/16/25 1:10 PM,Ivana Abundiz,,Dining Room,0.00,26.05,2.15,0.00,0.00,00:12:15
Tink-a-Tako - Potranco,346,8/16/25 1:12 PM,Juan  Camacho,23,Dining Room,0.00,176.30,14.56,0.00,35.26,01:05:08
Tink-a-Tako - Potranco,347,8/16/25 1:13 PM,Isabel Cisneros,17,Dining Room,0.00,28.36,2.33,6.00,0.00,00:31:02
Tink-a-Tako - Potranco,348,8/16/25 1:17 PM,Esperansa Caviedes,8,Dining Room,0.00,15.37,1.27,3.00,0.00,00:33:07
Tink-a-Tako - Potranco,349,8/16/25 1:18 PM,Melissa Urena,32,Dining Room,0.00,51.03,4.20,6.00,0.00,00:38:46
Tink-a-Tako - Potranco,351,8/16/25 1:30 PM,Daniela Torres,,Dining Room,0.00,25.32,2.10,0.00,0.00,00:02:00
Tink-a-Tako - Potranco,345,8/16/25 1:10 PM,Daniela Torres,,Dining Room,0.00,30.44,2.51,0.00,0.00,00:27:27
Tink-a-Tako - Potranco,353,8/16/25 1:35 PM,Daniela Torres,,Dining Room,0.00,3.69,0.30,0.00,0.00,00:01:53
Tink-a-Tako - Potranco,355,8/16/25 1:38 PM,Maria Majana,33,Dining Room,0.00,33.69,2.77,10.00,0.00,00:39:20
Tink-a-Tako - Potranco,352,8/16/25 1:32 PM,Daniela Torres,,Dining Room,0.00,34.14,2.81,0.00,0.00,00:08:03
Tink-a-Tako - Potranco,358,8/16/25 1:44 PM,Sergio Abundiz,39,Dining Room,0.00,20.97,1.73,0.00,0.00,01:15:51
Tink-a-Tako - Potranco,357,8/16/25 1:44 PM,Lizeth Alonso,,Dining Room,0.00,23.15,1.91,0.00,0.00,00:06:13
Tink-a-Tako - Potranco,359,8/16/25 1:47 PM,Lizeth Alonso,,Dining Room,0.00,11.36,0.95,0.00,0.00,00:06:00
Tink-a-Tako - Potranco,360,8/16/25 1:49 PM,Lizeth Alonso,,Dining Room,0.00,17.06,1.39,0.00,0.00,00:07:35
Tink-a-Tako - Potranco,361,8/16/25 1:52 PM,Lizeth Alonso,,Dining Room,0.00,19.35,1.59,0.00,0.00,00:07:23
Tink-a-Tako - Potranco,362,8/16/25 1:53 PM,Maria Majana,25,Dining Room,0.00,29.38,2.41,5.00,0.00,00:22:34
Tink-a-Tako - Potranco,363,8/16/25 1:59 PM,Lizeth Alonso,,Dining Room,0.00,43.02,3.54,2.00,0.00,00:05:23
Tink-a-Tako - Potranco,366,8/16/25 2:02 PM,Lizeth Alonso,,Dining Room,0.00,3.45,0.28,0.00,0.00,00:00:27
Tink-a-Tako - Potranco,367,8/16/25 2:04 PM,Lizeth Alonso,,Dining Room,0.00,9.98,0.82,0.00,0.00,00:05:30
Tink-a-Tako - Potranco,369,8/16/25 2:09 PM,Lizeth Alonso,,Dining Room,0.00,7.93,0.66,3.00,0.00,00:02:40
Tink-a-Tako - Potranco,371,8/16/25 2:11 PM,Sergio Abundiz,15,Dining Room,0.00,53.31,4.39,10.00,0.00,00:45:52
Tink-a-Tako - Potranco,368,8/16/25 2:06 PM,Maria Majana,32,Dining Room,0.00,26.98,2.22,4.00,0.00,00:37:37
Tink-a-Tako - Potranco,372,8/16/25 2:15 PM,Lizeth Alonso,,Dining Room,0.00,26.20,2.16,0.00,0.00,00:08:24
Tink-a-Tako - Potranco,373,8/16/25 2:16 PM,Sergio Abundiz,35,Dining Room,0.00,36.37,2.98,5.00,0.00,00:43:22
Tink-a-Tako - Potranco,374,8/16/25 2:17 PM,Lizeth Alonso,,Dining Room,0.00,8.94,0.73,0.00,0.00,00:13:56
Tink-a-Tako - Potranco,375,8/16/25 2:21 PM,Sergio Abundiz,7,Dining Room,0.00,35.62,2.92,0.00,0.00,00:32:23
Tink-a-Tako - Potranco,376,8/16/25 2:24 PM,Lizeth Alonso,,Dining Room,0.00,12.23,1.01,0.00,0.00,00:08:00
Tink-a-Tako - Potranco,377,8/16/25 2:32 PM,Lizeth Alonso,,Dining Room,0.00,16.17,1.33,0.00,0.00,00:02:00
Tink-a-Tako - Potranco,378,8/16/25 2:33 PM,Lizeth Alonso,,Dining Room,0.00,9.17,0.76,0.00,0.00,00:07:53
Tink-a-Tako - Potranco,380,8/16/25 2:41 PM,Lizeth Alonso,,Dining Room,0.00,8.18,0.68,0.00,0.00,00:01:46
Tink-a-Tako - Potranco,381,8/16/25 2:50 PM,Lizeth Alonso,,Dining Room,0.00,4.39,0.36,0.00,0.00,00:00:50
Tink-a-Tako - Potranco,382,8/16/25 2:53 PM,Lizeth Alonso,,Dining Room,0.00,46.89,3.86,0.00,0.00,00:01:49
Tink-a-Tako - Potranco,384,8/16/25 2:55 PM,Lizeth Alonso,,Dining Room,0.00,27.88,2.30,0.00,0.00,00:08:39
Tink-a-Tako - Potranco,383,8/16/25 2:54 PM,Maria Majana,37,Dining Room,0.00,29.90,2.46,3.00,0.00,00:46:03
Tink-a-Tako - Potranco,385,8/16/25 2:59 PM,Juan  Camacho,,Dining Room,0.00,7.50,0.62,0.00,0.00,07:04:08
Tink-a-Tako - Potranco,386,8/16/25 3:02 PM,Maria Majana,33,Dining Room,0.00,65.52,5.41,3.00,0.00,01:50:47
Tink-a-Tako - Potranco,387,8/16/25 3:06 PM,Maria Majana,25,Dining Room,0.00,33.35,2.74,0.00,0.00,00:35:21
Tink-a-Tako - Potranco,389,8/16/25 3:14 PM,Juan  Camacho,18,Dining Room,0.00,29.71,2.45,0.00,0.00,01:02:20
Tink-a-Tako - Potranco,388,8/16/25 3:13 PM,Maria Majana,24,Dining Room,0.00,25.52,2.09,6.32,0.00,00:36:08
Tink-a-Tako - Potranco,390,8/16/25 3:18 PM,Lizeth Alonso,,Dining Room,0.00,4.79,0.40,0.00,0.00,00:00:54
Tink-a-Tako - Potranco,391,8/16/25 3:18 PM,Sergio Abundiz,4,Dining Room,0.00,29.16,2.40,5.00,0.00,00:46:32
Tink-a-Tako - Potranco,392,8/16/25 3:19 PM,Sergio Abundiz,33,Dining Room,0.00,39.30,3.24,5.00,0.00,00:23:37
Tink-a-Tako - Potranco,393,8/16/25 3:23 PM,Lizeth Alonso,,Dining Room,0.00,4.78,0.40,0.00,0.00,00:01:32
Tink-a-Tako - Potranco,395,8/16/25 3:49 PM,Lizeth Alonso,,Dining Room,0.00,33.96,2.81,3.00,0.00,00:30:33
Tink-a-Tako - Potranco,396,8/16/25 3:50 PM,Juan  Camacho,31,Dining Room,0.00,29.91,2.47,0.00,0.00,00:35:30
Tink-a-Tako - Potranco,397,8/16/25 4:03 PM,Sergio Abundiz,23,Dining Room,0.00,30.76,2.54,0.00,0.00,00:35:22
Tink-a-Tako - Potranco,394,8/16/25 3:36 PM,Lizeth Alonso,,Dining Room,0.00,46.34,3.82,2.00,0.00,00:31:50
Tink-a-Tako - Potranco,398,8/16/25 4:07 PM,Lizeth Alonso,,Dining Room,0.00,4.98,0.41,0.00,0.00,00:09:20
Tink-a-Tako - Potranco,400,8/16/25 4:13 PM,Lizeth Alonso,,Dining Room,0.00,0.00,0.00,0.00,0.00,00:02:52
Tink-a-Tako - Potranco,402,8/16/25 4:19 PM,Juan  Camacho,25,Dining Room,0.00,25.50,2.09,0.00,0.00,00:22:45
Tink-a-Tako - Potranco,403,8/16/25 4:23 PM,Lizeth Alonso,,Dining Room,0.00,8.78,0.72,0.00,0.00,00:00:51
Tink-a-Tako - Potranco,404,8/16/25 4:27 PM,Lizeth Alonso,,Dining Room,0.00,7.98,0.66,0.00,0.00,00:00:46
Tink-a-Tako - Potranco,405,8/16/25 4:30 PM,Sergio Abundiz,,Dining Room,4.66,10.90,0.90,0.00,0.00,05:25:04
Tink-a-Tako - Potranco,407,8/16/25 4:36 PM,Sergio Abundiz,22,Dining Room,0.00,58.86,4.84,0.00,0.00,01:10:18
Tink-a-Tako - Potranco,409,8/16/25 4:52 PM,Maria Majana,40,Dining Room,0.00,58.70,4.85,8.00,0.00,00:38:01
Tink-a-Tako - Potranco,406,8/16/25 4:32 PM,Lizeth Alonso,,Dining Room,0.00,41.10,3.39,2.00,0.00,00:27:26
Tink-a-Tako - Potranco,410,8/16/25 5:03 PM,Lizeth Alonso,,Dining Room,0.00,22.77,1.87,0.00,0.00,00:03:01
Tink-a-Tako - Potranco,411,8/16/25 5:09 PM,Juan  Camacho,10,Dining Room,0.00,68.65,5.65,13.73,0.00,00:43:24
Tink-a-Tako - Potranco,413,8/16/25 5:14 PM,Maria Majana,33,Dining Room,0.00,47.47,3.92,8.00,0.00,00:53:24
Tink-a-Tako - Potranco,414,8/16/25 5:17 PM,Juan  Camacho,24,Dining Room,0.00,30.87,2.53,0.00,0.00,00:54:46
Tink-a-Tako - Potranco,415,8/16/25 5:19 PM,Juan  Camacho,23,Dining Room,0.00,51.15,4.22,7.00,0.00,00:35:13
Tink-a-Tako - Potranco,416,8/16/25 5:23 PM,Lizeth Alonso,,Dining Room,0.00,16.76,1.39,1.00,0.00,00:01:43
Tink-a-Tako - Potranco,418,8/16/25 5:32 PM,Sergio Abundiz,42,Dining Room,0.00,60.27,4.96,5.00,0.00,00:56:46
Tink-a-Tako - Potranco,419,8/16/25 5:39 PM,Lizeth Alonso,,Dining Room,0.00,23.36,1.93,1.00,0.00,00:01:32
Tink-a-Tako - Potranco,420,8/16/25 5:53 PM,Maria Majana,39,Dining Room,0.00,41.47,3.41,0.00,0.00,00:43:51
Tink-a-Tako - Potranco,421,8/16/25 5:57 PM,Mayra Luna,7,Dining Room,0.00,14.67,1.20,5.00,0.00,00:43:26
Tink-a-Tako - Potranco,422,8/16/25 6:04 PM,Sergio Abundiz,32,Dining Room,0.00,59.46,4.90,0.00,0.00,00:54:24
Tink-a-Tako - Potranco,423,8/16/25 6:07 PM,Lizeth Alonso,,Dining Room,0.00,6.38,0.52,1.00,0.00,00:00:54
Tink-a-Tako - Potranco,424,8/16/25 6:09 PM,Juan  Camacho,25,Dining Room,0.00,35.62,2.92,4.00,0.00,00:25:35
Tink-a-Tako - Potranco,425,8/16/25 6:16 PM,Sergio Abundiz,31,Dining Room,0.00,72.83,5.99,12.00,0.00,01:00:57
Tink-a-Tako - Potranco,427,8/16/25 6:23 PM,Juan  Camacho,33,Dining Room,0.00,15.26,1.27,0.00,0.00,01:11:32
Tink-a-Tako - Potranco,426,8/16/25 6:22 PM,Maria Majana,40,Dining Room,0.00,141.43,11.66,0.00,28.29,01:03:12
Tink-a-Tako - Potranco,429,8/16/25 6:32 PM,Mayra Luna,24,Dining Room,0.00,24.38,2.01,0.00,0.00,00:33:51
Tink-a-Tako - Potranco,428,8/16/25 6:31 PM,Juan  Camacho,36,Dining Room,0.00,41.69,3.45,6.00,0.00,01:02:41
Tink-a-Tako - Potranco,430,8/16/25 6:34 PM,Mayra Luna,22,Dining Room,0.00,32.38,2.67,5.95,0.00,00:35:00
Tink-a-Tako - Potranco,431,8/16/25 6:34 PM,Giselle Cisneross,,Dining Room,0.00,3.99,0.33,0.00,0.00,00:00:23
Tink-a-Tako - Potranco,432,8/16/25 6:36 PM,Mayra Luna,17,Dining Room,0.00,52.34,4.31,13.35,0.00,00:34:58
Tink-a-Tako - Potranco,433,8/16/25 6:37 PM,Maria Majana,35,Dining Room,0.00,33.45,2.75,3.00,0.00,00:37:31
Tink-a-Tako - Potranco,434,8/16/25 6:43 PM,Juan  Camacho,25,Dining Room,0.00,30.43,2.50,0.00,0.00,00:28:24
Tink-a-Tako - Potranco,436,8/16/25 6:53 PM,Sergio Abundiz,34,Dining Room,0.00,87.36,7.19,0.00,17.47,01:04:21
Tink-a-Tako - Potranco,438,8/16/25 6:59 PM,Juan  Camacho,12,Dining Room,0.00,431.11,35.48,48.00,86.22,01:32:06
Tink-a-Tako - Potranco,452,8/16/25 7:15 PM,Juan  Camacho,32,Dining Room,0.00,56.45,4.66,0.00,0.00,00:57:35
Tink-a-Tako - Potranco,435,8/16/25 6:51 PM,Lizeth Alonso,,Dining Room,0.00,7.44,0.61,2.00,0.00,00:27:13
Tink-a-Tako - Potranco,453,8/16/25 7:16 PM,Maria Majana,24,Dining Room,0.00,38.36,3.15,6.00,0.00,01:06:21
Tink-a-Tako - Potranco,454,8/16/25 7:21 PM,Maria Majana,,Dining Room,0.00,24.41,2.01,0.00,0.00,00:18:15
Tink-a-Tako - Potranco,456,8/16/25 7:23 PM,Mayra Luna,18,Dining Room,0.00,61.37,5.06,0.00,0.00,00:43:35
Tink-a-Tako - Potranco,457,8/16/25 7:32 PM,Maria Majana,,Dining Room,0.00,13.99,1.15,0.00,0.00,00:09:40
Tink-a-Tako - Potranco,459,8/16/25 7:42 PM,Sergio Abundiz,37,Dining Room,0.00,29.86,2.45,0.00,0.00,00:42:22
Tink-a-Tako - Potranco,460,8/16/25 7:45 PM,Sergio Abundiz,25,Dining Room,0.00,19.47,1.61,5.00,0.00,00:36:54
Tink-a-Tako - Potranco,458,8/16/25 7:42 PM,Juan  Camacho,3,Dining Room,0.00,190.37,15.70,0.00,38.07,01:06:57
Tink-a-Tako - Potranco,461,8/16/25 7:48 PM,Lizeth Alonso,,Dining Room,0.00,25.98,2.14,0.00,0.00,00:00:56
Tink-a-Tako - Potranco,463,8/16/25 7:53 PM,Maria Majana,7,Dining Room,0.00,28.43,2.34,0.00,0.00,00:28:03
Tink-a-Tako - Potranco,464,8/16/25 7:59 PM,Lizeth Alonso,,Dining Room,0.00,25.98,2.14,0.00,0.00,00:04:23
Tink-a-Tako - Potranco,465,8/16/25 8:05 PM,Lizeth Alonso,,Dining Room,0.00,6.88,0.56,0.00,0.00,00:08:31
Tink-a-Tako - Potranco,467,8/16/25 8:09 PM,Giselle Cisneross,,Dining Room,0.00,0.00,0.00,0.00,0.00,00:00:43
Tink-a-Tako - Potranco,469,8/16/25 8:19 PM,Lizeth Alonso,,Dining Room,4.50,10.49,0.87,0.00,0.00,00:06:34
Tink-a-Tako - Potranco,471,8/16/25 8:19 PM,Maria Majana,38,Dining Room,0.00,6.78,0.56,0.00,0.00,00:30:44
Tink-a-Tako - Potranco,472,8/16/25 8:39 PM,Juan  Camacho,,Dining Room,0.00,6.63,0.54,0.00,0.00,00:00:54
Tink-a-Tako - Potranco,473,8/16/25 8:40 PM,Lizeth Alonso,,Dining Room,0.00,24.94,2.06,0.00,0.00,00:03:07
Tink-a-Tako - Potranco,474,8/16/25 8:57 PM,Lizeth Alonso,,Dining Room,0.00,16.48,1.36,0.00,0.00,00:01:03
Tink-a-Tako - Potranco,475,8/16/25 8:57 PM,Juan  Camacho,,Dining Room,0.00,53.91,4.44,0.00,0.00,00:36:18
Tink-a-Tako - Potranco,476,8/16/25 9:02 PM,Mayra Luna,37,Dining Room,0.00,0.00,0.00,0.00,0.00,01:10:05
