Employee,Job Title,Regular Hours,Overtime Hours,Hourly Rate,Regular Pay,Overtime Pay,Total Pay,Net Sales,Declared Tips,Non-Cash Tips,Total Tips,Tips Withheld,Total Gratuity,Employee ID,Job Code,Location,Location Code
"Abundiz, Ivana",Host,6.39,0.0,14.00,89.46,0.00,89.46,274.69,,11.00,11.00,0.00,0.00,,,Tink-a-Tako - Potranco,
"Abundiz, Sergio",Server,7.74,8.42,,,,,1112.06,,85.75,85.75,0.00,17.47,,,Tink-a-Tako - Potranco,
"Alonso, Lizeth",Host,14.16,0.0,13.00,184.08,0.00,184.08,635.52,,17.00,17.00,0.00,0.00,,,Tink-a-Tako - Potranco,
"Alvarado, Rodolfo",Cook,8.45,0.0,17.00,143.65,0.00,143.65,0.00,,0.00,0.00,0.00,0.00,,,Tink-a-Tako - Potranco,
"Aviles, Genaro",Cook,0.0,8.94,15.00,0.00,201.15,201.15,0.00,,0.00,0.00,0.00,0.00,,,Tink-a-Tako - Potranco,
"Brito, Victor ",Regular,7.2,0.0,12.00,86.40,0.00,86.40,0.00,,0.00,0.00,0.00,0.00,,,Tink-a-Tako - Potranco,
"CANDELA, OLIVIA",Tortillero,7.88,0.0,14.00,110.32,0.00,110.32,0.00,,0.00,0.00,0.00,0.00,,,Tink-a-Tako - Potranco,
"Calderon, Jesus",Cook,7.82,0.0,,,,,0.00,,0.00,0.00,0.00,0.00,,,Tink-a-Tako - Potranco,
"Camacho, Juan ",Server,0.0,12.43,3.00,0.00,55.94,55.94,1652.54,,88.73,88.73,0.00,204.70,,,Tink-a-Tako - Potranco,
"Caviedes, Esperansa",Server,6.02,0.0,3.00,18.06,0.00,18.06,457.72,,52.67,52.67,0.00,0.00,,,Tink-a-Tako - Potranco,
"Cisneros, Isabel",Server,7.52,0.0,3.00,22.56,0.00,22.56,310.17,,32.00,32.00,0.00,0.00,,,Tink-a-Tako - Potranco,
"Cisneross, Giselle",Host,12.15,0.0,,,,,263.88,,13.00,13.00,0.00,0.00,,,Tink-a-Tako - Potranco,
"Compean, Rosa",Server,4.94,0.0,3.00,14.82,0.00,14.82,359.57,,57.00,57.00,0.00,13.99,,,Tink-a-Tako - Potranco,
"Diaz, Diego",Cook,4.91,4.18,,,,,0.00,,0.00,0.00,0.00,0.00,,,Tink-a-Tako - Potranco,
"Dominguez, Jose ",Cook,7.45,0.0,17.00,126.65,0.00,126.65,0.00,,0.00,0.00,0.00,0.00,,,Tink-a-Tako - Potranco,
"Gonzales (Line) , Maria",Cook,2.54,13.85,14.00,35.56,290.85,326.41,0.00,,0.00,0.00,0.00,0.00,,,Tink-a-Tako - Potranco,
"Gonzalez, Maria ",Tortillero,8.68,0.0,13.00,112.84,0.00,112.84,0.00,,0.00,0.00,0.00,0.00,,,Tink-a-Tako - Potranco,
"Hernandez, Silvia",Server,5.01,0.0,3.00,15.03,0.00,15.03,360.87,,42.72,42.72,0.00,0.00,,,Tink-a-Tako - Potranco,
"Luna, Mayra",Shift Manager / Assistant Manager,7.44,4.99,,,,,185.14,,24.30,24.30,0.00,0.00,1919,,Tink-a-Tako - Potranco,
"Majana, Maria",Server,12.84,0.0,3.00,38.52,0.00,38.52,1000.70,,103.47,103.47,0.00,28.29,,,Tink-a-Tako - Potranco,
"ORDONEZ, Rosie ",Shift Manager / Assistant Manager,0.62,5.83,,,,,51.44,,7.00,7.00,0.00,0.00,,,Tink-a-Tako - Potranco,
"ROJAS, JAIME",Dishwasher,8.44,0.0,14.00,118.16,0.00,118.16,0.00,,0.00,0.00,0.00,0.00,,,Tink-a-Tako - Potranco,
"Ramirez Perez, Silvia",Cook,5.67,2.9,17.00,96.39,73.95,170.34,0.00,,0.00,0.00,0.00,0.00,,,Tink-a-Tako - Potranco,
"Rueda, Jonathan",Busser,11.18,1.54,12.00,134.16,27.72,161.88,0.00,,0.00,0.00,0.00,0.00,,,Tink-a-Tako - Potranco,
"Serrato, Joshua ",Busser,5.11,0.0,12.00,61.32,0.00,61.32,0.00,,0.00,0.00,0.00,0.00,,,Tink-a-Tako - Potranco,
"Torres, Daniela",Drive-Thru,7.7,0.0,,,,,2663.50,,58.07,58.07,0.00,0.00,,,Tink-a-Tako - Potranco,
"Trevino, Melissa",Dishwasher,6.12,0.0,13.00,79.56,0.00,79.56,0.00,,0.00,0.00,0.00,0.00,,,Tink-a-Tako - Potranco,
"Urena, Melissa",Server,5.63,0.0,3.00,16.89,0.00,16.89,460.58,,46.45,46.45,0.00,18.67,,,Tink-a-Tako - Potranco,
"Zuniga, Sebastian",Cook,4.47,0.0,15.00,67.05,0.00,67.05,0.00,,0.00,0.00,0.00,0.00,,,Tink-a-Tako - Potranco,
"huerta, Arturo ",Dishwasher,6.19,0.0,12.00,74.28,0.00,74.28,0.00,,0.00,0.00,0.00,0.00,,,Tink-a-Tako - Potranco,
