Employee,Job Title,In Date,Out Date,Auto Clock-out,Total Hours,Unpaid Break Time,Paid Break Time,Payable Hours
"Diaz, Diego",Cook,8/16/25 5:27 AM,8/16/25 2:33 PM,No,9.09,0.00,0.00,9.09
"Gonzales (Line) , Maria",Cook,8/16/25 5:28 AM,8/16/25 9:51 PM,No,16.39,0.00,0.00,16.39
"Aviles, Genaro",Cook,8/16/25 5:26 AM,8/16/25 2:22 PM,No,8.94,0.00,0.00,8.94
"Ramirez Perez, Silvia",Cook,8/16/25 5:26 AM,8/16/25 2:00 PM,No,8.57,0.00,0.00,8.57
"Gonzalez, Maria ",Tortillero,8/16/25 5:33 AM,8/16/25 2:14 PM,No,8.68,0.00,0.00,8.68
"Alvarado, Rodolfo",Cook,8/16/25 5:39 AM,8/16/25 2:06 PM,No,8.45,0.00,0.00,8.45
"Torres, Daniela",Drive-Thru,8/16/25 6:04 AM,8/16/25 1:46 PM,No,7.70,0.00,0.00,7.70
"Abundiz, Sergio",Server,8/16/25 6:09 AM,8/16/25 10:19 PM,No,16.16,0.00,0.00,16.16
"Dominguez, Jose ",Cook,8/16/25 6:40 AM,8/16/25 2:07 PM,No,7.45,0.00,0.00,7.45
"ORDONEZ, Rosie ",Shift Manager / Assistant Manager,8/16/25 6:41 AM,8/16/25 1:08 PM,No,6.45,0.00,0.00,6.45
"Brito, Victor ",Regular,8/16/25 7:00 AM,8/16/25 2:12 PM,No,7.20,0.00,0.00,7.20
"Abundiz, Ivana",Host,8/16/25 7:38 AM,8/16/25 2:01 PM,No,6.39,0.00,0.00,6.39
"Caviedes, Esperansa",Server,8/16/25 7:50 AM,8/16/25 1:51 PM,No,6.02,0.00,0.00,6.02
"Trevino, Melissa",Dishwasher,8/16/25 7:55 AM,8/16/25 2:02 PM,No,6.12,0.00,0.00,6.12
"huerta, Arturo ",Dishwasher,8/16/25 7:56 AM,8/16/25 2:08 PM,No,6.19,0.00,0.00,6.19
"Alonso, Lizeth",Host,8/16/25 7:58 AM,8/16/25 10:07 PM,No,14.16,0.00,0.00,14.16
"Compean, Rosa",Server,8/16/25 7:59 AM,8/16/25 12:55 PM,No,4.94,0.00,0.00,4.94
"Majana, Maria",Server,8/16/25 8:00 AM,8/16/25 8:50 PM,No,12.84,0.00,0.00,12.84
"Hernandez, Silvia",Server,8/16/25 8:01 AM,8/16/25 1:01 PM,No,5.01,0.00,0.00,5.01
"Cisneros, Isabel",Server,8/16/25 8:11 AM,8/16/25 3:42 PM,No,7.52,0.00,0.00,7.52
"Cisneross, Giselle",Host,8/16/25 8:28 AM,8/16/25 8:37 PM,No,12.15,0.00,0.00,12.15
"Urena, Melissa",Server,8/16/25 8:29 AM,8/16/25 2:07 PM,No,5.63,0.00,0.00,5.63
"Serrato, Joshua ",Busser,8/16/25 8:58 AM,8/16/25 2:05 PM,No,5.11,0.00,0.00,5.11
"Rueda, Jonathan",Busser,8/16/25 8:59 AM,8/16/25 9:42 PM,No,12.72,0.00,0.00,12.72
"Zuniga, Sebastian",Cook,8/16/25 9:41 AM,8/16/25 2:10 PM,No,4.47,0.00,0.00,4.47
"Luna, Mayra",Shift Manager / Assistant Manager,8/16/25 10:11 AM,8/16/25 10:37 PM,No,12.43,0.00,0.00,12.43
"Camacho, Juan ",Server,8/16/25 10:12 AM,8/16/25 10:37 PM,No,12.43,0.00,0.00,12.43
"ROJAS, JAIME",Dishwasher,8/16/25 1:59 PM,8/16/25 10:25 PM,No,8.44,0.00,0.00,8.44
"CANDELA, OLIVIA",Tortillero,8/16/25 2:01 PM,8/16/25 9:53 PM,No,7.88,0.00,0.00,7.88
"Calderon, Jesus",Cook,8/16/25 2:02 PM,8/16/25 9:51 PM,No,7.82,0.00,0.00,7.82
