Order #,Opened Date,Void Date,Server,Approver,Item Name,Reason,Item Quantity,Total Price
80,8/16/25 8:48 AM,8/16/25 9:13 AM,Sergio Abundiz,Rosie  ORDONEZ,Orange Juice,Customer Changed Mind,1.0,2.59
80,8/16/25 8:48 AM,8/16/25 9:13 AM,Sergio Abundiz,Rosie  ORDONEZ,Agua,Customer Changed Mind,1.0,0.00
80,8/16/25 8:48 AM,8/16/25 9:13 AM,Sergio Abundiz,Rosie  ORDONEZ,Chorizo & Egg Taco,Customer Changed Mind,2.0,3.98
80,8/16/25 8:48 AM,8/16/25 9:13 AM,Sergio Abundiz,Rosie  ORDONEZ,_______________,Customer Changed Mind,1.0,0.00
80,8/16/25 8:48 AM,8/16/25 9:13 AM,Sergio Abundiz,Rosie  ORDONEZ,Oatmeal,Customer Changed Mind,1.0,8.99
80,8/16/25 8:48 AM,8/16/25 9:13 AM,Sergio Abundiz,Rosie  ORDONEZ,Chorizo & Egg Taco,Customer Changed Mind,1.0,1.99
181,8/16/25 10:21 AM,8/16/25 10:23 AM,Daniela Torres,Mayra Luna,Guacamole 8oz,Customer Changed Mind,1.0,7.99
254,8/16/25 11:23 AM,8/16/25 2:03 PM,Isabel Cisneros,Mayra Luna,Coffee,Customer Changed Mind,1.0,2.99
319,8/16/25 12:26 PM,8/16/25 1:00 PM,Silvia Hernandez,Mayra Luna,Side Bacon,Customer Changed Mind,1.0,3.99
372,8/16/25 2:15 PM,8/16/25 2:22 PM,Lizeth Alonso,Mayra Luna,Beef Fajita Taco,Customer Changed Mind,3.0,16.47
464,8/16/25 7:59 PM,8/16/25 8:03 PM,Lizeth Alonso,Mayra Luna,Side Pico,Customer Changed Mind,1.0,0.99
475,8/16/25 8:57 PM,8/16/25 9:29 PM,Juan  Camacho,Mayra Luna,Mexican Coke,Customer Changed Mind,1.0,2.95
