Location,Server,Check #,Table,Station,Expediter Level,Fired Date,Fulfilled Date,Fulfillment Time,Fulfilled By
2919 Blanco Rd,Martina Ovalle ,24,15,,1,9/29/25 6:53 AM,9/29/25 7:49 AM,55 minutes and 41 seconds,Cinthia Patlan
2919 Blanco Rd,Martina Ovalle ,47,2,,1,9/29/25 7:43 AM,9/29/25 7:49 AM,5 minutes and 42 seconds,Cinthia Patlan
2919 Blanco Rd,AM CASHIER,37,,,1,9/29/25 7:27 AM,9/29/25 7:49 AM,21 minutes and 59 seconds,Cinthia Patlan
2919 Blanco Rd,Martina Ovalle ,15,7,,1,9/29/25 6:32 AM,9/29/25 7:49 AM,"1 hour, 17 minutes and 13 seconds",Cinthia Patlan
2919 Blanco Rd,AM CASHIER,22,,,1,9/29/25 6:50 AM,9/29/25 7:49 AM,58 minutes and 58 seconds,Cinthia Patlan
2919 Blanco Rd,Martina Ovalle ,34,11,,1,9/29/25 7:17 AM,9/29/25 7:49 AM,31 minutes and 57 seconds,Cinthia Patlan
2919 Blanco Rd,Martina Ovalle ,9,17,,1,9/29/25 6:17 AM,9/29/25 7:49 AM,"1 hour, 32 minutes and 18 seconds",Cinthia Patlan
2919 Blanco Rd,AM CASHIER,44,,,1,9/29/25 7:40 AM,9/29/25 7:49 AM,9 minutes and 33 seconds,Cinthia Patlan
2919 Blanco Rd,AM CASHIER,48,,,1,9/29/25 7:44 AM,9/29/25 7:49 AM,5 minutes and 8 seconds,Cinthia Patlan
2919 Blanco Rd,Martina Ovalle ,55,21,,1,9/29/25 7:51 AM,9/29/25 8:10 AM,18 minutes and 49 seconds,Cinthia Patlan
2919 Blanco Rd,AM CASHIER,50,,,1,9/29/25 7:48 AM,9/29/25 8:10 AM,22 minutes and 10 seconds,Cinthia Patlan
2919 Blanco Rd,AM CASHIER,51,,,1,9/29/25 7:48 AM,9/29/25 8:10 AM,21 minutes and 47 seconds,Cinthia Patlan
2919 Blanco Rd,AM CASHIER,58,,,1,9/29/25 7:57 AM,9/29/25 8:10 AM,12 minutes and 38 seconds,Cinthia Patlan
2919 Blanco Rd,AM CASHIER,60,,,1,9/29/25 8:00 AM,9/29/25 8:10 AM,9 minutes and 44 seconds,Cinthia Patlan
2919 Blanco Rd,Martina Ovalle ,49,18,,1,9/29/25 7:48 AM,9/29/25 8:10 AM,22 minutes and 22 seconds,Cinthia Patlan
2919 Blanco Rd,AM CASHIER,59,,,1,9/29/25 7:58 AM,9/29/25 8:10 AM,11 minutes and 54 seconds,Cinthia Patlan
2919 Blanco Rd,AM CASHIER,63,,,1,9/29/25 8:03 AM,9/29/25 8:10 AM,6 minutes and 45 seconds,Cinthia Patlan
2919 Blanco Rd,AM CASHIER,74,,,1,9/29/25 8:15 AM,9/29/25 9:11 AM,55 minutes and 51 seconds,Cinthia Patlan
2919 Blanco Rd,AM CASHIER,103,,,1,9/29/25 9:10 AM,9/29/25 9:11 AM,1 minute and 44 seconds,Cinthia Patlan
2919 Blanco Rd,Martina Ovalle ,83,9,,1,9/29/25 8:52 AM,9/29/25 9:11 AM,18 minutes and 58 seconds,Cinthia Patlan
2919 Blanco Rd,AM CASHIER,68,,,1,9/29/25 8:10 AM,9/29/25 9:11 AM,1 hour and 58 seconds,Cinthia Patlan
2919 Blanco Rd,samantha lopez,92,,,1,9/29/25 8:50 AM,9/29/25 9:11 AM,20 minutes and 59 seconds,Cinthia Patlan
2919 Blanco Rd,AM CASHIER,70,,,1,9/29/25 8:13 AM,9/29/25 9:11 AM,58 minutes and 22 seconds,Cinthia Patlan
2919 Blanco Rd,Martina Ovalle ,83,9,,1,9/29/25 8:33 AM,9/29/25 9:11 AM,37 minutes and 55 seconds,Cinthia Patlan
2919 Blanco Rd,samantha lopez,90,,,1,9/29/25 8:46 AM,9/29/25 9:11 AM,25 minutes and 19 seconds,Cinthia Patlan
2919 Blanco Rd,Martina Ovalle ,88,4,,1,9/29/25 8:45 AM,9/29/25 9:11 AM,26 minutes and 1 second,Cinthia Patlan
2919 Blanco Rd,AM CASHIER,108,,,1,9/29/25 9:13 AM,9/29/25 9:43 AM,30 minutes and 35 seconds,Cinthia Patlan
2919 Blanco Rd,Martina Ovalle ,107,3,,1,9/29/25 9:11 AM,9/29/25 9:43 AM,32 minutes and 6 seconds,Cinthia Patlan
2919 Blanco Rd,Martina Ovalle ,111,6,,1,9/29/25 9:15 AM,9/29/25 9:43 AM,27 minutes and 49 seconds,Cinthia Patlan
2919 Blanco Rd,Martina Ovalle ,114,7,,1,9/29/25 9:18 AM,9/29/25 9:43 AM,25 minutes and 18 seconds,Cinthia Patlan
2919 Blanco Rd,AM CASHIER,102,,,1,9/29/25 9:23 AM,9/29/25 9:43 AM,20 minutes and 47 seconds,Cinthia Patlan
2919 Blanco Rd,Martina Ovalle ,124,7,,1,9/29/25 9:37 AM,9/29/25 9:43 AM,6 minutes and 17 seconds,Cinthia Patlan
2919 Blanco Rd,AM CASHIER,127,,,1,9/29/25 9:40 AM,9/29/25 10:14 AM,34 minutes and 37 seconds,Cinthia Patlan
2919 Blanco Rd,Martina Ovalle ,130,19,,1,9/29/25 9:43 AM,9/29/25 10:14 AM,31 minutes and 1 second,Cinthia Patlan
2919 Blanco Rd,Martina Ovalle ,129,5,,1,9/29/25 9:43 AM,9/29/25 10:14 AM,31 minutes and 55 seconds,Cinthia Patlan
2919 Blanco Rd,Martina Ovalle ,133,17,,1,9/29/25 9:46 AM,9/29/25 10:15 AM,28 minutes and 10 seconds,Cinthia Patlan
2919 Blanco Rd,AM CASHIER,138,,,1,9/29/25 9:54 AM,9/29/25 10:15 AM,20 minutes and 35 seconds,Cinthia Patlan
2919 Blanco Rd,Martina Ovalle ,128,8,,1,9/29/25 9:42 AM,9/29/25 10:14 AM,32 minutes and 25 seconds,Cinthia Patlan
2919 Blanco Rd,Martina Ovalle ,129,5,,1,9/29/25 9:55 AM,9/29/25 10:15 AM,20 minutes and 2 seconds,Cinthia Patlan
2919 Blanco Rd,Martina Ovalle ,137,4,,1,9/29/25 9:54 AM,9/29/25 10:15 AM,20 minutes and 9 seconds,Cinthia Patlan
2919 Blanco Rd,AM CASHIER,145,,,1,9/29/25 10:04 AM,9/29/25 10:15 AM,11 minutes and 3 seconds,Cinthia Patlan
2919 Blanco Rd,Martina Ovalle ,154,15,,1,9/29/25 10:15 AM,9/29/25 10:25 AM,9 minutes and 57 seconds,Cinthia Patlan
2919 Blanco Rd,Martina Ovalle ,147,3,,1,9/29/25 10:09 AM,9/29/25 10:25 AM,15 minutes and 20 seconds,Cinthia Patlan
2919 Blanco Rd,AM CASHIER,152,,,1,9/29/25 10:14 AM,9/29/25 10:25 AM,10 minutes and 34 seconds,Cinthia Patlan
2919 Blanco Rd,AM CASHIER,159,,,1,9/29/25 10:19 AM,9/29/25 10:53 AM,33 minutes and 32 seconds,Cinthia Patlan
2919 Blanco Rd,AM CASHIER,167,,,1,9/29/25 10:29 AM,9/29/25 10:53 AM,23 minutes and 45 seconds,Cinthia Patlan
2919 Blanco Rd,Martina Ovalle ,157,6,,1,9/29/25 10:19 AM,9/29/25 10:53 AM,33 minutes and 16 seconds,Cinthia Patlan
2919 Blanco Rd,AM CASHIER,161,,,1,9/29/25 10:22 AM,9/29/25 10:53 AM,31 minutes and 10 seconds,Cinthia Patlan
2919 Blanco Rd,Martina Ovalle ,157,6,,1,9/29/25 10:52 AM,9/29/25 10:57 AM,4 minutes and 24 seconds,Cinthia Patlan
2919 Blanco Rd,Martina Ovalle ,174,5,,1,9/29/25 10:43 AM,9/29/25 10:57 AM,13 minutes and 28 seconds,Cinthia Patlan
2919 Blanco Rd,AM CASHIER,189,,,1,9/29/25 11:16 AM,9/29/25 11:33 AM,17 minutes and 11 seconds,Cinthia Patlan
2919 Blanco Rd,Martina Ovalle ,181,17,,1,9/29/25 11:00 AM,9/29/25 11:33 AM,32 minutes and 17 seconds,Cinthia Patlan
2919 Blanco Rd,AM CASHIER,185,,,1,9/29/25 11:11 AM,9/29/25 11:33 AM,21 minutes and 29 seconds,Cinthia Patlan
2919 Blanco Rd,AM CASHIER,199,,,1,9/29/25 11:26 AM,9/29/25 11:33 AM,6 minutes and 41 seconds,Cinthia Patlan
2919 Blanco Rd,Martina Ovalle ,195,8,,1,9/29/25 11:21 AM,9/29/25 11:33 AM,11 minutes and 29 seconds,Cinthia Patlan
2919 Blanco Rd,AM CASHIER,202,,,1,9/29/25 11:30 AM,9/29/25 12:03 PM,32 minutes and 47 seconds,Cinthia Patlan
2919 Blanco Rd,Martina Ovalle ,207,6,,1,9/29/25 11:39 AM,9/29/25 12:03 PM,23 minutes and 54 seconds,Cinthia Patlan
2919 Blanco Rd,samantha lopez,210,,,1,9/29/25 11:53 AM,9/29/25 12:03 PM,9 minutes and 20 seconds,Cinthia Patlan
2919 Blanco Rd,Martina Ovalle ,212,2,,1,9/29/25 12:00 PM,9/29/25 12:22 PM,22 minutes and 34 seconds,Cinthia Patlan
2919 Blanco Rd,Martina Ovalle ,213,13,,1,9/29/25 12:00 PM,9/29/25 12:22 PM,22 minutes,Cinthia Patlan
2919 Blanco Rd,AM CASHIER,220,,,1,9/29/25 12:14 PM,9/29/25 12:22 PM,8 minutes and 40 seconds,Cinthia Patlan
2919 Blanco Rd,Martina Ovalle ,216,5,,1,9/29/25 12:03 PM,9/29/25 12:22 PM,19 minutes and 25 seconds,Cinthia Patlan
2919 Blanco Rd,Martina Ovalle ,222,15,,1,9/29/25 12:14 PM,9/29/25 12:22 PM,8 minutes and 6 seconds,Cinthia Patlan
2919 Blanco Rd,Martina Ovalle ,223,11,,1,9/29/25 12:14 PM,9/29/25 12:49 PM,34 minutes and 42 seconds,Cinthia Patlan
2919 Blanco Rd,Martina Ovalle ,224,25,,1,9/29/25 12:15 PM,9/29/25 12:49 PM,34 minutes and 15 seconds,Cinthia Patlan
2919 Blanco Rd,Martina Ovalle ,225,3,,1,9/29/25 12:15 PM,9/29/25 12:49 PM,33 minutes and 51 seconds,Cinthia Patlan
2919 Blanco Rd,AM CASHIER,237,,,1,9/29/25 12:35 PM,9/29/25 12:49 PM,14 minutes and 12 seconds,Cinthia Patlan
2919 Blanco Rd,Martina Ovalle ,141,7,,1,9/29/25 12:27 PM,9/29/25 12:49 PM,22 minutes and 24 seconds,Cinthia Patlan
2919 Blanco Rd,Martina Ovalle ,236,6,,1,9/29/25 12:34 PM,9/29/25 12:49 PM,14 minutes and 36 seconds,Cinthia Patlan
2919 Blanco Rd,Martina Ovalle ,238,18,,1,9/29/25 12:36 PM,9/29/25 12:49 PM,13 minutes and 34 seconds,Cinthia Patlan
2919 Blanco Rd,Martina Ovalle ,249,25,,1,9/29/25 1:00 PM,9/29/25 1:03 PM,2 minutes and 16 seconds,Cinthia Patlan
2919 Blanco Rd,Martina Ovalle ,244,4,,1,9/29/25 12:44 PM,9/29/25 1:03 PM,18 minutes and 40 seconds,Cinthia Patlan
2919 Blanco Rd,Martina Ovalle ,243,16,,1,9/29/25 12:44 PM,9/29/25 1:03 PM,19 minutes and 4 seconds,Cinthia Patlan
2919 Blanco Rd,Martina Ovalle ,141,7,,1,9/29/25 12:45 PM,9/29/25 1:03 PM,17 minutes and 13 seconds,Cinthia Patlan
2919 Blanco Rd,Maria  Salazar,246,5,,1,9/29/25 12:59 PM,9/29/25 1:03 PM,4 minutes and 12 seconds,Cinthia Patlan
2919 Blanco Rd,Maria  Salazar,265,,,1,9/29/25 1:44 PM,9/29/25 1:55 PM,10 minutes and 41 seconds,Cinthia Patlan
2919 Blanco Rd,Martina Ovalle ,238,18,,1,9/29/25 1:07 PM,9/29/25 2:21 PM,"1 hour, 13 minutes and 53 seconds",Cinthia Patlan
2919 Blanco Rd,Maria  Salazar,246,5,,1,9/29/25 12:59 PM,9/29/25 2:21 PM,"1 hour, 22 minutes and 15 seconds",Cinthia Patlan
2919 Blanco Rd,Maria  Salazar,258,6,,1,9/29/25 1:28 PM,9/29/25 2:21 PM,53 minutes and 1 second,Cinthia Patlan
2919 Blanco Rd,AM CASHIER,253,,,1,9/29/25 1:12 PM,9/29/25 2:21 PM,"1 hour, 8 minutes and 53 seconds",Cinthia Patlan
2919 Blanco Rd,Maria  Salazar,255,7,,1,9/29/25 1:17 PM,9/29/25 2:21 PM,"1 hour, 3 minutes and 51 seconds",Cinthia Patlan
2919 Blanco Rd,Maria  Salazar,246,5,,1,9/29/25 1:21 PM,9/29/25 2:21 PM,1 hour and 49 seconds,Cinthia Patlan
2919 Blanco Rd,Maria  Salazar,277,5,,1,9/29/25 2:21 PM,9/29/25 2:27 PM,5 minutes and 28 seconds,Cinthia Patlan
2919 Blanco Rd,Maria  Salazar,279,3,,1,9/29/25 2:26 PM,9/29/25 2:32 PM,6 minutes and 2 seconds,Cinthia Patlan
2919 Blanco Rd,Maria  Salazar,309,2,,1,9/29/25 3:53 PM,9/29/25 4:28 PM,34 minutes and 54 seconds,Cinthia Patlan
2919 Blanco Rd,Maria  Salazar,274,6,,1,9/29/25 2:15 PM,9/29/25 4:28 PM,"2 hours, 13 minutes and 34 seconds",Cinthia Patlan
2919 Blanco Rd,Maria  Salazar,283,,,1,9/29/25 2:42 PM,9/29/25 4:28 PM,"1 hour, 46 minutes and 9 seconds",Cinthia Patlan
2919 Blanco Rd,Maria  Salazar,298,5,,1,9/29/25 3:21 PM,9/29/25 4:28 PM,"1 hour, 7 minutes and 21 seconds",Cinthia Patlan
2919 Blanco Rd,Maria  Salazar,296,14,,1,9/29/25 3:18 PM,9/29/25 4:28 PM,"1 hour, 10 minutes and 13 seconds",Cinthia Patlan
2919 Blanco Rd,Maria  Salazar,315,,,1,9/29/25 4:25 PM,9/29/25 4:28 PM,3 minutes and 1 second,Cinthia Patlan
2919 Blanco Rd,Maria  Salazar,311,,,1,9/29/25 4:12 PM,9/29/25 4:28 PM,15 minutes and 43 seconds,Cinthia Patlan
2919 Blanco Rd,Maria  Salazar,314,10,,1,9/29/25 4:16 PM,9/29/25 4:28 PM,12 minutes and 36 seconds,Cinthia Patlan
2919 Blanco Rd,Maria  Salazar,326,15,,1,9/29/25 4:43 PM,9/29/25 5:44 PM,1 hour and 57 seconds,Cinthia Patlan
2919 Blanco Rd,Maria  Salazar,309,2,,1,9/29/25 4:45 PM,9/29/25 5:44 PM,58 minutes and 53 seconds,Cinthia Patlan
2919 Blanco Rd,Maria  Salazar,319,,,1,9/29/25 4:29 PM,9/29/25 5:44 PM,"1 hour, 15 minutes and 28 seconds",Cinthia Patlan
2919 Blanco Rd,Maria  Salazar,343,5,,1,9/29/25 6:03 PM,9/29/25 6:21 PM,17 minutes and 23 seconds,Cinthia Patlan
2919 Blanco Rd,Maria  Salazar,343,5,,1,9/29/25 5:59 PM,9/29/25 6:21 PM,21 minutes and 46 seconds,Cinthia Patlan
2919 Blanco Rd,Maria  Salazar,346,,,1,9/29/25 6:11 PM,9/29/25 6:52 PM,40 minutes and 18 seconds,Cinthia Patlan
2919 Blanco Rd,Maria  Salazar,346,,,1,9/29/25 6:11 PM,9/29/25 6:52 PM,40 minutes and 37 seconds,Cinthia Patlan
2919 Blanco Rd,Maria  Salazar,353,,,1,9/29/25 7:00 PM,9/29/25 7:07 PM,6 minutes and 27 seconds,Cinthia Patlan
2919 Blanco Rd,Maria  Salazar,355,,,1,9/29/25 7:26 PM,9/29/25 7:54 PM,28 minutes and 6 seconds,Cinthia Patlan
