Employee,Job Title,Regular Hours,Overtime Hours,Hourly Rate,Regular Pay,Overtime Pay,Total Pay,Net Sales,Declared Tips,Non-Cash Tips,Total Tips,Tips Withheld,Total Gratuity,Employee ID,Job Code,Location,Location Code
"CASHIER, AM",General Manager,7.56,0.0,,,,,306.35,,0.00,0.00,0.00,0.00,,,2919 Blanco Rd,
"Cin, Cin",Drive-Thru,4.45,0.0,,,,,349.47,,10.39,10.39,0.00,0.00,,,2919 Blanco Rd,
"Hernandez, Celinda",Cook,9.31,0.0,16.00,148.96,0.00,148.96,0.00,,0.00,0.00,0.00,0.00,,,2919 Blanco Rd,
"Hernandez, Fidelia ",Cook,9.14,0.0,14.00,127.96,0.00,127.96,0.00,,0.00,0.00,0.00,0.00,,,2919 Blanco Rd,
"Melendez, Ninoska",Tortillero/a,14.91,0.0,13.00,193.83,0.00,193.83,0.00,,0.00,0.00,0.00,0.00,,,2919 Blanco Rd,
"Ovalle , Martina",Server,8.47,0.0,,,,,708.07,,62.00,62.00,0.00,0.00,,,2919 Blanco Rd,
"Rivera, Dante Antonio ",Cook,8.17,0.0,,,,,0.00,,0.00,0.00,0.00,0.00,,,2919 Blanco Rd,
"Salazar, Maria ",Shift Manager / Assistant Manager,12.31,0.0,,,,,437.90,,27.00,27.00,0.00,0.00,,,2919 Blanco Rd,
"Villalobos , Veronica ",Cook,4.74,0.0,14.00,66.36,0.00,66.36,0.00,,0.00,0.00,0.00,0.00,,,2919 Blanco Rd,
"lopez, samantha",Drive-Thru,10.11,0.0,13.00,131.43,0.00,131.43,1691.43,,57.61,57.61,0.00,0.00,,,2919 Blanco Rd,
