Location,Order #,Opened Date,Server,Table,Discount Name,Discount Reason,Comment,Discount Amount
Tink-a-Tako - Potranco,318,10/1/25 3:36 PM,Lizeth Alonso,,Military Discount,,,0.70
Tink-a-Tako - Potranco,318,10/1/25 3:36 PM,Lizeth Alonso,,Military Discount,,,1.47
Tink-a-Tako - Potranco,318,10/1/25 3:36 PM,Lizeth Alonso,,Military Discount,,,0.50
Tink-a-Tako - Potranco,317,10/1/25 3:33 PM,Mayra Luna,,Manager Comp - Check,,,28.63
Tink-a-Tako - Potranco,250,10/1/25 12:41 PM,Ivana Abundiz,,Open % Check,,,15.99
Tink-a-Tako - Potranco,211,10/1/25 11:52 AM,Daniela Torres,,Military Discount,,,0.98
Tink-a-Tako - Potranco,198,10/1/25 11:32 AM,Daniela Torres,,Military Discount,,,2.20
Tink-a-Tako - Potranco,189,10/1/25 11:21 AM,Ivana Abundiz,,Open % Item,,,1.19
Tink-a-Tako - Potranco,189,10/1/25 11:21 AM,Ivana Abundiz,,Open % Item,,,0.54
Tink-a-Tako - Potranco,133,10/1/25 10:22 AM,Norma Vasquez,19,Open % Item,,,1.00
Tink-a-Tako - Potranco,133,10/1/25 10:22 AM,Norma Vasquez,19,Open % Item,,,0.20
Tink-a-Tako - Potranco,128,10/1/25 10:11 AM,Esperansa Caviedes,31,Open % Item,,,0.90
Tink-a-Tako - Potranco,128,10/1/25 10:11 AM,Esperansa Caviedes,31,Open % Item,,,0.20
Tink-a-Tako - Potranco,126,10/1/25 10:10 AM,Daniela Torres,,Military Discount,,,0.40
Tink-a-Tako - Potranco,126,10/1/25 10:10 AM,Daniela Torres,,Military Discount,,,0.18
Tink-a-Tako - Potranco,37,10/1/25 7:56 AM,Daniela Torres,,Open $ Item,,,2.00
Tink-a-Tako - Potranco,8,10/1/25 7:00 AM,Daniela Torres,,Police Discount,,,0.90
Tink-a-Tako - Potranco,8,10/1/25 7:00 AM,Daniela Torres,,Police Discount,,,1.00
