Location,Order #,Opened,# of Guests,Server,Table,Discount Amount,Amount,Tax,Tip,Gratuity
Tink-a-Tako - Potranco,1,10/1/25 6:20 AM,1,Daniela Torres,,0.00,31.48,2.59,0.00,0.00
Tink-a-Tako - Potranco,2,10/1/25 6:34 AM,1,Daniela Torres,,0.00,3.98,0.33,0.00,0.00
Tink-a-Tako - Potranco,3,10/1/25 6:47 AM,1,Daniela Torres,,0.00,1.99,0.16,0.00,0.00
Tink-a-Tako - Potranco,5,10/1/25 6:48 AM,1,Norma Vasquez,35,0.00,9.77,0.81,5.00,0.00
Tink-a-Tako - Potranco,4,10/1/25 6:47 AM,1,Daniela Torres,,0.00,6.17,0.51,0.00,0.00
Tink-a-Tako - Potranco,6,10/1/25 6:52 AM,1,Daniela Torres,,0.00,17.35,1.44,0.00,0.00
Tink-a-Tako - Potranco,7,10/1/25 6:55 AM,1,Daniela Torres,,0.00,8.47,0.70,0.00,0.00
Tink-a-Tako - Potranco,8,10/1/25 7:00 AM,1,Daniela Torres,,1.90,1.88,0.15,2.00,0.00
Tink-a-Tako - Potranco,9,10/1/25 7:03 AM,1,Daniela Torres,,0.00,12.54,1.04,0.00,0.00
Tink-a-Tako - Potranco,10,10/1/25 7:04 AM,1,Daniela Torres,,0.00,15.92,1.32,0.00,0.00
Tink-a-Tako - Potranco,11,10/1/25 7:07 AM,1,Daniela Torres,,0.00,23.37,1.92,0.00,0.00
Tink-a-Tako - Potranco,12,10/1/25 7:14 AM,1,Daniela Torres,,0.00,6.98,0.57,0.00,0.00
Tink-a-Tako - Potranco,13,10/1/25 7:15 AM,1,Daniela Torres,,0.00,4.48,0.37,0.00,0.00
Tink-a-Tako - Potranco,14,10/1/25 7:19 AM,1,Daniela Torres,,0.00,7.97,0.66,0.00,0.00
Tink-a-Tako - Potranco,16,10/1/25 7:20 AM,2,Norma Vasquez,39,0.00,15.40,1.25,5.00,0.00
Tink-a-Tako - Potranco,15,10/1/25 7:19 AM,1,Daniela Torres,,0.00,1.99,0.16,0.00,0.00
Tink-a-Tako - Potranco,17,10/1/25 7:21 AM,1,Daniela Torres,,0.00,8.99,0.74,0.00,0.00
Tink-a-Tako - Potranco,18,10/1/25 7:23 AM,1,Daniela Torres,,0.00,7.16,0.59,0.00,0.00
Tink-a-Tako - Potranco,19,10/1/25 7:24 AM,1,Norma Vasquez,,0.00,15.17,1.25,3.00,0.00
Tink-a-Tako - Potranco,20,10/1/25 7:25 AM,1,Daniela Torres,,0.00,3.58,0.30,0.00,0.00
Tink-a-Tako - Potranco,21,10/1/25 7:25 AM,1,Daniela Torres,,0.00,7.97,0.65,0.00,0.00
Tink-a-Tako - Potranco,22,10/1/25 7:30 AM,1,Daniela Torres,,0.00,5.97,0.49,0.00,0.00
Tink-a-Tako - Potranco,23,10/1/25 7:31 AM,1,Daniela Torres,,0.00,4.58,0.38,0.00,0.00
Tink-a-Tako - Potranco,24,10/1/25 7:33 AM,1,Daniela Torres,,0.00,4.48,0.37,0.00,0.00
Tink-a-Tako - Potranco,25,10/1/25 7:36 AM,1,Daniela Torres,,0.00,3.98,0.33,0.00,0.00
Tink-a-Tako - Potranco,26,10/1/25 7:40 AM,1,Daniela Torres,,0.00,7.97,0.65,0.00,0.00
Tink-a-Tako - Potranco,27,10/1/25 7:46 AM,1,Daniela Torres,,0.00,6.77,0.56,0.00,0.00
Tink-a-Tako - Potranco,28,10/1/25 7:48 AM,1,Zoila Salinas,,0.00,7.96,0.66,2.00,0.00
Tink-a-Tako - Potranco,30,10/1/25 7:49 AM,1,Daniela Torres,,0.00,12.86,1.06,0.00,0.00
Tink-a-Tako - Potranco,31,10/1/25 7:50 AM,1,Daniela Torres,,0.00,6.37,0.53,0.00,0.00
Tink-a-Tako - Potranco,32,10/1/25 7:52 AM,1,Daniela Torres,,0.00,13.76,1.13,2.00,0.00
Tink-a-Tako - Potranco,33,10/1/25 7:53 AM,1,Daniela Torres,,0.00,5.48,0.46,0.00,0.00
Tink-a-Tako - Potranco,34,10/1/25 7:53 AM,1,Daniela Torres,,0.00,0.00,0.00,0.00,0.00
Tink-a-Tako - Potranco,35,10/1/25 7:54 AM,1,Daniela Torres,,0.00,4.28,0.35,1.00,0.00
Tink-a-Tako - Potranco,36,10/1/25 7:55 AM,1,Norma Vasquez,,0.00,7.47,0.61,0.00,0.00
Tink-a-Tako - Potranco,37,10/1/25 7:56 AM,1,Daniela Torres,,2.00,9.68,0.79,0.00,0.00
Tink-a-Tako - Potranco,38,10/1/25 8:01 AM,1,Norma Vasquez,26,0.00,16.75,1.40,0.00,0.00
Tink-a-Tako - Potranco,39,10/1/25 8:03 AM,1,Daniela Torres,,0.00,3.98,0.33,0.00,0.00
Tink-a-Tako - Potranco,40,10/1/25 8:04 AM,1,Daniela Torres,,0.00,6.97,0.58,0.00,0.00
Tink-a-Tako - Potranco,41,10/1/25 8:10 AM,1,Daniela Torres,,0.00,4.98,0.42,0.00,0.00
Tink-a-Tako - Potranco,42,10/1/25 8:11 AM,1,Daniela Torres,,0.00,9.82,0.81,0.00,0.00
Tink-a-Tako - Potranco,43,10/1/25 8:11 AM,1,Daniela Torres,,0.00,5.28,0.44,0.00,0.00
Tink-a-Tako - Potranco,44,10/1/25 8:14 AM,1,Ivana Abundiz,,0.00,7.94,0.65,1.00,0.00
Tink-a-Tako - Potranco,45,10/1/25 8:14 AM,1,Daniela Torres,,0.00,15.93,1.31,0.00,0.00
Tink-a-Tako - Potranco,46,10/1/25 8:15 AM,1,Ivana Abundiz,,0.00,8.57,0.71,1.00,0.00
Tink-a-Tako - Potranco,47,10/1/25 8:19 AM,1,Daniela Torres,,0.00,3.98,0.32,0.00,0.00
Tink-a-Tako - Potranco,49,10/1/25 8:19 AM,2,Norma Vasquez,9,0.00,63.36,5.21,5.00,0.00
Tink-a-Tako - Potranco,51,10/1/25 8:20 AM,1,Norma Vasquez,18,0.00,22.97,1.90,0.00,0.00
Tink-a-Tako - Potranco,52,10/1/25 8:21 AM,1,Daniela Torres,,0.00,7.67,0.64,0.00,0.00
Tink-a-Tako - Potranco,53,10/1/25 8:21 AM,1,Daniela Torres,,0.00,4.97,0.41,0.00,0.00
Tink-a-Tako - Potranco,55,10/1/25 8:25 AM,4,Esperansa Caviedes,8,0.00,60.41,4.99,3.00,0.00
Tink-a-Tako - Potranco,56,10/1/25 8:25 AM,1,Daniela Torres,,0.00,8.97,0.74,0.00,0.00
Tink-a-Tako - Potranco,57,10/1/25 8:26 AM,3,Rosa Compean,24,0.00,18.85,1.56,5.00,0.00
Tink-a-Tako - Potranco,58,10/1/25 8:26 AM,1,Daniela Torres,,0.00,5.77,0.47,0.00,0.00
Tink-a-Tako - Potranco,61,10/1/25 8:31 AM,1,Norma Vasquez,16,0.00,7.77,0.64,0.00,0.00
Tink-a-Tako - Potranco,60,10/1/25 8:31 AM,3,Esperansa Caviedes,4,0.00,25.74,2.13,3.00,0.00
Tink-a-Tako - Potranco,59,10/1/25 8:28 AM,1,Daniela Torres,,0.00,33.85,2.79,0.00,0.00
Tink-a-Tako - Potranco,62,10/1/25 8:32 AM,1,Daniela Torres,,0.00,3.98,0.33,0.00,0.00
Tink-a-Tako - Potranco,63,10/1/25 8:36 AM,2,Rosa Compean,17,0.00,26.97,2.22,0.00,0.00
Tink-a-Tako - Potranco,64,10/1/25 8:42 AM,1,Daniela Torres,,0.00,7.47,0.62,0.00,0.00
Tink-a-Tako - Potranco,65,10/1/25 8:42 AM,1,Daniela Torres,,0.00,3.58,0.30,0.00,0.00
Tink-a-Tako - Potranco,66,10/1/25 8:44 AM,1,Daniela Torres,,0.00,1.99,0.16,0.00,0.00
Tink-a-Tako - Potranco,67,10/1/25 8:44 AM,1,Daniela Torres,,0.00,3.98,0.33,0.00,0.00
Tink-a-Tako - Potranco,68,10/1/25 8:45 AM,1,Daniela Torres,,0.00,18.39,1.51,0.00,0.00
Tink-a-Tako - Potranco,69,10/1/25 8:46 AM,1,Daniela Torres,,0.00,19.68,1.62,4.00,0.00
Tink-a-Tako - Potranco,70,10/1/25 8:48 AM,1,Daniela Torres,,0.00,14.94,1.23,5.00,0.00
Tink-a-Tako - Potranco,72,10/1/25 8:51 AM,1,Daniela Torres,,0.00,10.82,0.89,0.00,0.00
Tink-a-Tako - Potranco,73,10/1/25 8:51 AM,1,Esperansa Caviedes,33,0.00,9.99,0.82,4.00,0.00
Tink-a-Tako - Potranco,71,10/1/25 8:51 AM,1,Ivana Abundiz,,0.00,0.00,0.00,0.00,0.00
Tink-a-Tako - Potranco,74,10/1/25 8:54 AM,1,Ivana Abundiz,,0.00,11.99,0.99,0.00,0.00
Tink-a-Tako - Potranco,75,10/1/25 8:56 AM,2,Norma Vasquez,37,0.00,22.96,1.90,0.00,0.00
Tink-a-Tako - Potranco,76,10/1/25 8:57 AM,1,Daniela Torres,,0.00,1.99,0.16,0.00,0.00
Tink-a-Tako - Potranco,77,10/1/25 9:00 AM,1,Daniela Torres,,0.00,11.36,0.93,0.00,0.00
Tink-a-Tako - Potranco,78,10/1/25 9:02 AM,1,Daniela Torres,,0.00,17.14,1.41,0.00,0.00
Tink-a-Tako - Potranco,79,10/1/25 9:03 AM,1,Daniela Torres,,0.00,8.88,0.73,0.00,0.00
Tink-a-Tako - Potranco,80,10/1/25 9:04 AM,2,Norma Vasquez,32,0.00,18.76,1.55,0.00,0.00
Tink-a-Tako - Potranco,81,10/1/25 9:04 AM,1,Daniela Torres,,0.00,6.98,0.58,0.00,0.00
Tink-a-Tako - Potranco,82,10/1/25 9:06 AM,1,Daniela Torres,,0.00,4.98,0.41,0.00,0.00
Tink-a-Tako - Potranco,83,10/1/25 9:06 AM,1,Ivana Abundiz,,0.00,9.43,0.77,0.00,0.00
Tink-a-Tako - Potranco,84,10/1/25 9:06 AM,1,Daniela Torres,,0.00,5.97,0.49,0.00,0.00
Tink-a-Tako - Potranco,85,10/1/25 9:07 AM,1,Daniela Torres,,0.00,7.96,0.65,0.00,0.00
Tink-a-Tako - Potranco,86,10/1/25 9:08 AM,1,Ivana Abundiz,,0.00,3.98,0.33,1.69,0.00
Tink-a-Tako - Potranco,88,10/1/25 9:09 AM,2,Esperansa Caviedes,38,0.00,30.37,2.50,7.95,0.00
Tink-a-Tako - Potranco,87,10/1/25 9:08 AM,2,Rosa Compean,7,0.00,32.28,2.67,6.00,0.00
Tink-a-Tako - Potranco,89,10/1/25 9:15 AM,1,Daniela Torres,,0.00,4.38,0.36,0.00,0.00
Tink-a-Tako - Potranco,91,10/1/25 9:17 AM,3,Norma Vasquez,41,0.00,40.40,3.34,0.00,0.00
Tink-a-Tako - Potranco,90,10/1/25 9:17 AM,1,Daniela Torres,,0.00,12.95,1.07,0.00,0.00
Tink-a-Tako - Potranco,93,10/1/25 9:19 AM,1,Daniela Torres,,0.00,14.05,1.14,0.00,0.00
Tink-a-Tako - Potranco,95,10/1/25 9:19 AM,3,Rosa Compean,35,0.00,38.53,3.19,5.00,0.00
Tink-a-Tako - Potranco,96,10/1/25 9:21 AM,2,Esperansa Caviedes,25,0.00,20.95,1.73,0.00,0.00
Tink-a-Tako - Potranco,97,10/1/25 9:21 AM,1,Daniela Torres,,0.00,19.76,1.64,3.00,0.00
Tink-a-Tako - Potranco,98,10/1/25 9:22 AM,2,Rosa Compean,22,0.00,29.65,2.44,6.00,0.00
Tink-a-Tako - Potranco,99,10/1/25 9:22 AM,1,Daniela Torres,,0.00,8.37,0.69,3.00,0.00
Tink-a-Tako - Potranco,100,10/1/25 9:27 AM,2,Esperansa Caviedes,10,0.00,22.06,1.81,3.31,0.00
Tink-a-Tako - Potranco,101,10/1/25 9:29 AM,2,Norma Vasquez,18,0.00,36.35,3.00,0.00,0.00
Tink-a-Tako - Potranco,102,10/1/25 9:30 AM,1,Daniela Torres,,0.00,9.86,0.82,0.00,0.00
Tink-a-Tako - Potranco,103,10/1/25 9:32 AM,1,Daniela Torres,,0.00,8.48,0.70,0.00,0.00
Tink-a-Tako - Potranco,104,10/1/25 9:33 AM,1,Daniela Torres,,0.00,7.96,0.66,0.00,0.00
Tink-a-Tako - Potranco,105,10/1/25 9:36 AM,1,Daniela Torres,,0.00,3.78,0.31,1.00,0.00
Tink-a-Tako - Potranco,106,10/1/25 9:37 AM,1,Daniela Torres,,0.00,11.57,0.96,0.00,0.00
Tink-a-Tako - Potranco,107,10/1/25 9:37 AM,1,Daniela Torres,,0.00,6.58,0.54,0.00,0.00
Tink-a-Tako - Potranco,108,10/1/25 9:38 AM,2,Rosa Compean,24,0.00,14.92,1.22,0.00,0.00
Tink-a-Tako - Potranco,109,10/1/25 9:39 AM,1,Daniela Torres,,0.00,8.96,0.73,0.00,0.00
Tink-a-Tako - Potranco,110,10/1/25 9:41 AM,1,Daniela Torres,,0.00,19.57,1.62,0.00,0.00
Tink-a-Tako - Potranco,111,10/1/25 9:42 AM,1,Norma Vasquez,23,0.00,15.98,1.32,2.70,0.00
Tink-a-Tako - Potranco,112,10/1/25 9:43 AM,1,Daniela Torres,,0.00,3.78,0.31,0.00,0.00
Tink-a-Tako - Potranco,113,10/1/25 9:44 AM,1,Daniela Torres,,0.00,27.72,2.29,0.00,0.00
Tink-a-Tako - Potranco,115,10/1/25 9:45 AM,1,Ivana Abundiz,,0.00,22.98,1.90,1.00,0.00
Tink-a-Tako - Potranco,116,10/1/25 9:50 AM,1,Daniela Torres,,0.00,3.98,0.33,0.00,0.00
Tink-a-Tako - Potranco,117,10/1/25 9:52 AM,1,Daniela Torres,,0.00,15.83,1.30,0.00,0.00
Tink-a-Tako - Potranco,118,10/1/25 9:58 AM,1,Norma Vasquez,17,0.00,10.97,0.91,0.00,0.00
Tink-a-Tako - Potranco,119,10/1/25 10:00 AM,1,Daniela Torres,,0.00,11.96,0.99,0.00,0.00
Tink-a-Tako - Potranco,120,10/1/25 10:00 AM,1,Daniela Torres,,0.00,1.79,0.15,0.00,0.00
Tink-a-Tako - Potranco,121,10/1/25 10:00 AM,1,Daniela Torres,,0.00,5.98,0.50,0.00,0.00
Tink-a-Tako - Potranco,123,10/1/25 10:02 AM,2,Rosa Compean,8,0.00,13.42,1.11,5.00,0.00
Tink-a-Tako - Potranco,124,10/1/25 10:04 AM,1,Daniela Torres,,0.00,6.38,0.52,0.00,0.00
Tink-a-Tako - Potranco,125,10/1/25 10:07 AM,2,Norma Vasquez,25,0.00,16.65,1.35,0.00,0.00
Tink-a-Tako - Potranco,126,10/1/25 10:10 AM,1,Daniela Torres,,0.58,5.20,0.43,0.00,0.00
Tink-a-Tako - Potranco,127,10/1/25 10:10 AM,1,Daniela Torres,,0.00,2.99,0.25,0.00,0.00
Tink-a-Tako - Potranco,128,10/1/25 10:11 AM,1,Esperansa Caviedes,31,1.10,13.12,1.09,5.00,0.00
Tink-a-Tako - Potranco,129,10/1/25 10:13 AM,1,Esperansa Caviedes,7,0.00,42.09,3.47,8.00,0.00
Tink-a-Tako - Potranco,130,10/1/25 10:15 AM,2,Norma Vasquez,32,0.00,31.64,2.61,10.00,0.00
Tink-a-Tako - Potranco,131,10/1/25 10:16 AM,2,Rosa Compean,23,0.00,16.75,1.39,0.00,0.00
Tink-a-Tako - Potranco,133,10/1/25 10:22 AM,2,Norma Vasquez,19,1.20,10.78,0.89,0.00,0.00
Tink-a-Tako - Potranco,132,10/1/25 10:22 AM,1,Daniela Torres,,0.00,21.34,1.77,0.00,0.00
Tink-a-Tako - Potranco,135,10/1/25 10:23 AM,1,Daniela Torres,,0.00,9.22,0.76,0.00,0.00
Tink-a-Tako - Potranco,136,10/1/25 10:26 AM,1,Rosa Compean,33,0.00,17.69,1.45,0.00,0.00
Tink-a-Tako - Potranco,137,10/1/25 10:26 AM,1,Daniela Torres,,0.00,5.98,0.49,1.53,0.00
Tink-a-Tako - Potranco,138,10/1/25 10:26 AM,2,Esperansa Caviedes,37,0.00,30.11,2.48,4.52,0.00
Tink-a-Tako - Potranco,139,10/1/25 10:29 AM,1,Daniela Torres,,0.00,30.71,2.54,0.00,0.00
Tink-a-Tako - Potranco,140,10/1/25 10:31 AM,2,Rosa Compean,24,0.00,10.96,0.89,4.00,0.00
Tink-a-Tako - Potranco,141,10/1/25 10:31 AM,1,Daniela Torres,,0.00,9.22,0.75,0.00,0.00
Tink-a-Tako - Potranco,142,10/1/25 10:32 AM,1,Daniela Torres,,0.00,13.96,1.15,0.00,0.00
Tink-a-Tako - Potranco,143,10/1/25 10:35 AM,1,Daniela Torres,,0.00,15.15,1.25,0.00,0.00
Tink-a-Tako - Potranco,145,10/1/25 10:36 AM,3,Norma Vasquez,12,0.00,33.02,2.73,3.00,0.00
Tink-a-Tako - Potranco,146,10/1/25 10:36 AM,1,Daniela Torres,,0.00,15.95,1.31,3.00,0.00
Tink-a-Tako - Potranco,144,10/1/25 10:36 AM,2,Esperansa Caviedes,25,0.00,24.84,2.04,5.00,0.00
Tink-a-Tako - Potranco,147,10/1/25 10:40 AM,1,Daniela Torres,,0.00,3.78,0.31,0.00,0.00
Tink-a-Tako - Potranco,149,10/1/25 10:42 AM,1,Rosa Compean,21,0.00,11.98,0.99,0.00,0.00
Tink-a-Tako - Potranco,148,10/1/25 10:41 AM,1,Daniela Torres,,0.00,12.93,1.06,0.00,0.00
Tink-a-Tako - Potranco,150,10/1/25 10:42 AM,1,Rosa Compean,18,0.00,5.48,0.46,2.00,0.00
Tink-a-Tako - Potranco,153,10/1/25 10:43 AM,1,Daniela Torres,,0.00,3.98,0.33,0.00,0.00
Tink-a-Tako - Potranco,152,10/1/25 10:42 AM,2,Esperansa Caviedes,35,0.00,24.21,2.00,0.00,0.00
Tink-a-Tako - Potranco,154,10/1/25 10:45 AM,1,Daniela Torres,,0.00,10.96,0.91,0.00,0.00
Tink-a-Tako - Potranco,155,10/1/25 10:45 AM,3,Norma Vasquez,15,0.00,31.52,2.59,0.00,0.00
Tink-a-Tako - Potranco,156,10/1/25 10:46 AM,1,Daniela Torres,,0.00,10.17,0.84,0.00,0.00
Tink-a-Tako - Potranco,157,10/1/25 10:47 AM,1,Daniela Torres,,0.00,14.98,1.23,0.00,0.00
Tink-a-Tako - Potranco,158,10/1/25 10:48 AM,1,Daniela Torres,,0.00,9.98,0.82,0.00,0.00
Tink-a-Tako - Potranco,159,10/1/25 10:48 AM,1,Daniela Torres,,0.00,10.45,0.86,0.00,0.00
Tink-a-Tako - Potranco,160,10/1/25 10:51 AM,1,Norma Vasquez,9,0.00,12.98,1.07,3.00,0.00
Tink-a-Tako - Potranco,161,10/1/25 10:52 AM,1,Daniela Torres,,0.00,4.98,0.41,0.00,0.00
Tink-a-Tako - Potranco,162,10/1/25 10:53 AM,3,Esperansa Caviedes,33,0.00,31.95,2.63,0.00,0.00
Tink-a-Tako - Potranco,163,10/1/25 10:54 AM,2,Rosa Compean,22,0.00,26.88,2.20,5.00,0.00
Tink-a-Tako - Potranco,164,10/1/25 10:54 AM,1,Ivana Abundiz,,0.00,11.96,0.99,0.00,0.00
Tink-a-Tako - Potranco,165,10/1/25 10:56 AM,1,Daniela Torres,,0.00,21.52,1.77,0.00,0.00
Tink-a-Tako - Potranco,166,10/1/25 10:57 AM,2,Norma Vasquez,17,0.00,22.05,1.82,2.00,0.00
Tink-a-Tako - Potranco,167,10/1/25 10:58 AM,1,Daniela Torres,,0.00,23.64,1.94,0.00,0.00
Tink-a-Tako - Potranco,168,10/1/25 11:01 AM,1,Daniela Torres,,0.00,3.98,0.32,0.00,0.00
Tink-a-Tako - Potranco,169,10/1/25 11:01 AM,1,Daniela Torres,,0.00,33.97,2.79,2.00,0.00
Tink-a-Tako - Potranco,170,10/1/25 11:02 AM,2,Rosa Compean,23,0.00,14.97,1.24,2.00,0.00
Tink-a-Tako - Potranco,171,10/1/25 11:02 AM,1,Daniela Torres,,0.00,11.56,0.96,0.00,0.00
Tink-a-Tako - Potranco,172,10/1/25 11:05 AM,2,Esperansa Caviedes,32,0.00,32.21,2.66,0.00,0.00
Tink-a-Tako - Potranco,174,10/1/25 11:08 AM,1,Daniela Torres,,0.00,12.36,1.01,0.00,0.00
Tink-a-Tako - Potranco,176,10/1/25 11:09 AM,3,Norma Vasquez,38,0.00,32.69,2.68,5.00,0.00
Tink-a-Tako - Potranco,175,10/1/25 11:09 AM,1,Rosa Compean,,0.00,10.56,0.87,0.00,0.00
Tink-a-Tako - Potranco,177,10/1/25 11:09 AM,1,Daniela Torres,,0.00,19.57,1.61,5.00,0.00
Tink-a-Tako - Potranco,178,10/1/25 11:11 AM,1,Daniela Torres,,0.00,8.78,0.72,0.00,0.00
Tink-a-Tako - Potranco,180,10/1/25 11:12 AM,1,Daniela Torres,,0.00,10.78,0.88,0.00,0.00
Tink-a-Tako - Potranco,183,10/1/25 11:14 AM,1,Norma Vasquez,24,0.00,9.24,0.76,0.00,0.00
Tink-a-Tako - Potranco,184,10/1/25 11:14 AM,1,Daniela Torres,,0.00,13.17,1.09,0.00,0.00
Tink-a-Tako - Potranco,181,10/1/25 11:13 AM,1,Ivana Abundiz,,0.00,3.98,0.32,0.00,0.00
Tink-a-Tako - Potranco,186,10/1/25 11:15 AM,1,Ivana Abundiz,,0.00,3.98,0.33,1.69,0.00
Tink-a-Tako - Potranco,187,10/1/25 11:18 AM,2,Rosa Compean,37,0.00,28.95,2.38,6.00,0.00
Tink-a-Tako - Potranco,188,10/1/25 11:19 AM,2,Rosa Compean,20,0.00,38.18,3.15,0.00,0.00
Tink-a-Tako - Potranco,189,10/1/25 11:21 AM,1,Ivana Abundiz,,1.73,4.04,0.33,3.00,0.00
Tink-a-Tako - Potranco,190,10/1/25 11:21 AM,3,Esperansa Caviedes,10,0.00,55.94,4.61,0.00,0.00
Tink-a-Tako - Potranco,191,10/1/25 11:22 AM,2,Norma Vasquez,18,0.00,45.37,3.72,10.00,0.00
Tink-a-Tako - Potranco,193,10/1/25 11:24 AM,1,Daniela Torres,,0.00,1.99,0.16,0.00,0.00
Tink-a-Tako - Potranco,195,10/1/25 11:29 AM,1,Ivana Abundiz,,0.00,15.47,1.27,0.00,0.00
Tink-a-Tako - Potranco,194,10/1/25 11:24 AM,1,Daniela Torres,,0.00,16.66,1.37,2.00,0.00
Tink-a-Tako - Potranco,196,10/1/25 11:31 AM,1,Daniela Torres,,0.00,15.96,1.32,0.00,0.00
Tink-a-Tako - Potranco,198,10/1/25 11:32 AM,1,Daniela Torres,,2.20,19.78,1.63,0.00,0.00
Tink-a-Tako - Potranco,197,10/1/25 11:32 AM,2,Esperansa Caviedes,15,0.00,39.96,3.29,5.00,0.00
Tink-a-Tako - Potranco,200,10/1/25 11:35 AM,1,Rosa Compean,25,0.00,11.98,0.99,3.00,0.00
Tink-a-Tako - Potranco,199,10/1/25 11:35 AM,1,Daniela Torres,,0.00,11.67,0.96,0.00,0.00
Tink-a-Tako - Potranco,201,10/1/25 11:36 AM,1,Daniela Torres,,0.00,14.87,1.22,0.00,0.00
Tink-a-Tako - Potranco,202,10/1/25 11:39 AM,1,Daniela Torres,,0.00,19.05,1.57,0.00,0.00
Tink-a-Tako - Potranco,203,10/1/25 11:43 AM,1,Daniela Torres,,0.00,14.64,1.20,0.00,0.00
Tink-a-Tako - Potranco,204,10/1/25 11:44 AM,1,Daniela Torres,,0.00,4.99,0.41,0.00,0.00
Tink-a-Tako - Potranco,205,10/1/25 11:44 AM,1,Daniela Torres,,0.00,24.42,2.00,0.00,0.00
Tink-a-Tako - Potranco,206,10/1/25 11:45 AM,1,Daniela Torres,,0.00,6.97,0.57,0.00,0.00
Tink-a-Tako - Potranco,207,10/1/25 11:46 AM,2,Esperansa Caviedes,32,0.00,30.96,2.56,8.00,0.00
Tink-a-Tako - Potranco,209,10/1/25 11:48 AM,3,Norma Vasquez,23,0.00,43.57,3.58,0.00,0.00
Tink-a-Tako - Potranco,210,10/1/25 11:51 AM,2,Rosa Compean,24,0.00,22.95,1.89,5.00,0.00
Tink-a-Tako - Potranco,211,10/1/25 11:52 AM,1,Daniela Torres,,0.98,12.25,1.01,0.00,0.00
Tink-a-Tako - Potranco,212,10/1/25 11:52 AM,1,Daniela Torres,,0.00,6.18,0.51,0.00,0.00
Tink-a-Tako - Potranco,213,10/1/25 11:53 AM,1,Daniela Torres,,0.00,11.17,0.92,3.00,0.00
Tink-a-Tako - Potranco,214,10/1/25 11:53 AM,1,Daniela Torres,,0.00,5.58,0.46,0.00,0.00
Tink-a-Tako - Potranco,216,10/1/25 11:55 AM,1,Daniela Torres,,0.00,16.97,1.40,0.00,0.00
Tink-a-Tako - Potranco,215,10/1/25 11:55 AM,5,Norma Vasquez,31,0.00,77.53,6.36,10.00,0.00
Tink-a-Tako - Potranco,219,10/1/25 12:01 PM,1,Daniela Torres,,0.00,11.66,0.97,0.00,0.00
Tink-a-Tako - Potranco,220,10/1/25 12:01 PM,1,Esperansa Caviedes,33,0.00,17.23,1.42,5.00,0.00
Tink-a-Tako - Potranco,221,10/1/25 12:01 PM,1,Daniela Torres,,0.00,3.98,0.33,0.00,0.00
Tink-a-Tako - Potranco,222,10/1/25 12:02 PM,1,Daniela Torres,,0.00,3.58,0.30,0.00,0.00
Tink-a-Tako - Potranco,225,10/1/25 12:07 PM,1,Lizeth Alonso,,0.00,17.16,1.42,0.00,0.00
Tink-a-Tako - Potranco,226,10/1/25 12:08 PM,3,Rosa Compean,17,0.00,37.56,3.08,6.00,0.00
Tink-a-Tako - Potranco,227,10/1/25 12:09 PM,1,Lizeth Alonso,,0.00,28.39,2.34,0.00,0.00
Tink-a-Tako - Potranco,228,10/1/25 12:13 PM,1,Lizeth Alonso,,0.00,2.99,0.25,0.00,0.00
Tink-a-Tako - Potranco,229,10/1/25 12:14 PM,1,Lizeth Alonso,,0.00,11.16,0.92,0.00,0.00
Tink-a-Tako - Potranco,230,10/1/25 12:17 PM,2,Norma Vasquez,37,0.00,22.60,1.84,0.00,0.00
Tink-a-Tako - Potranco,235,10/1/25 12:21 PM,1,Lizeth Alonso,,0.00,12.24,1.01,0.00,0.00
Tink-a-Tako - Potranco,237,10/1/25 12:28 PM,1,Lizeth Alonso,,0.00,4.39,0.36,0.00,0.00
Tink-a-Tako - Potranco,238,10/1/25 12:29 PM,2,Rosa Compean,25,0.00,26.16,2.15,0.00,0.00
Tink-a-Tako - Potranco,239,10/1/25 12:29 PM,2,Norma Vasquez,18,0.00,27.46,2.27,0.00,0.00
Tink-a-Tako - Potranco,242,10/1/25 12:30 PM,2,Esperansa Caviedes,24,0.00,30.36,2.50,0.00,0.00
Tink-a-Tako - Potranco,241,10/1/25 12:30 PM,1,Lizeth Alonso,,0.00,8.96,0.74,0.00,0.00
Tink-a-Tako - Potranco,244,10/1/25 12:32 PM,1,Lizeth Alonso,,0.00,3.78,0.31,0.00,0.00
Tink-a-Tako - Potranco,243,10/1/25 12:32 PM,2,Rosa Compean,38,0.00,34.87,2.86,5.00,0.00
Tink-a-Tako - Potranco,245,10/1/25 12:32 PM,1,Lizeth Alonso,,0.00,11.99,0.99,0.00,0.00
Tink-a-Tako - Potranco,246,10/1/25 12:33 PM,1,Ivana Abundiz,,0.00,0.00,0.00,0.00,0.00
Tink-a-Tako - Potranco,250,10/1/25 12:41 PM,1,Ivana Abundiz,,15.99,0.00,0.00,0.00,0.00
Tink-a-Tako - Potranco,251,10/1/25 12:42 PM,1,Lizeth Alonso,,0.00,7.56,0.63,0.00,0.00
Tink-a-Tako - Potranco,254,10/1/25 12:44 PM,2,Norma Vasquez,32,0.00,19.62,1.61,0.00,0.00
Tink-a-Tako - Potranco,252,10/1/25 12:44 PM,2,Esperansa Caviedes,8,0.00,25.96,2.14,7.00,0.00
Tink-a-Tako - Potranco,255,10/1/25 12:45 PM,1,Lizeth Alonso,,0.00,15.32,1.26,0.00,0.00
Tink-a-Tako - Potranco,256,10/1/25 12:46 PM,1,Lizeth Alonso,,0.00,37.87,3.12,3.00,0.00
Tink-a-Tako - Potranco,258,10/1/25 12:47 PM,2,Rosa Compean,11,0.00,14.15,1.17,4.00,0.00
Tink-a-Tako - Potranco,257,10/1/25 12:47 PM,1,Lizeth Alonso,,0.00,13.73,1.13,2.00,0.00
Tink-a-Tako - Potranco,260,10/1/25 12:49 PM,2,Norma Vasquez,22,0.00,31.37,2.58,2.00,0.00
Tink-a-Tako - Potranco,261,10/1/25 12:53 PM,1,Lizeth Alonso,,0.00,7.28,0.60,0.00,0.00
Tink-a-Tako - Potranco,262,10/1/25 12:54 PM,1,Lizeth Alonso,,0.00,4.28,0.35,0.00,0.00
Tink-a-Tako - Potranco,263,10/1/25 12:59 PM,1,Norma Vasquez,21,0.00,17.44,1.43,5.00,0.00
Tink-a-Tako - Potranco,264,10/1/25 1:01 PM,1,Lizeth Alonso,,0.00,19.77,1.63,0.00,0.00
Tink-a-Tako - Potranco,265,10/1/25 1:02 PM,1,Esperansa Caviedes,16,0.00,20.91,1.72,0.00,0.00
Tink-a-Tako - Potranco,267,10/1/25 1:08 PM,3,Rosa Compean,35,0.00,62.58,5.15,10.00,0.00
Tink-a-Tako - Potranco,268,10/1/25 1:09 PM,1,Ivana Abundiz,,0.00,10.47,0.86,0.00,0.00
Tink-a-Tako - Potranco,266,10/1/25 1:07 PM,1,Lizeth Alonso,,0.00,32.99,2.72,0.00,0.00
Tink-a-Tako - Potranco,269,10/1/25 1:12 PM,1,Lizeth Alonso,,0.00,26.67,2.19,0.00,0.00
Tink-a-Tako - Potranco,270,10/1/25 1:13 PM,1,Norma Vasquez,25,0.00,12.98,1.07,0.00,0.00
Tink-a-Tako - Potranco,272,10/1/25 1:14 PM,2,Rosa Compean,10,0.00,17.98,1.48,3.00,0.00
Tink-a-Tako - Potranco,271,10/1/25 1:14 PM,1,Lizeth Alonso,,0.00,26.01,2.15,0.00,0.00
Tink-a-Tako - Potranco,274,10/1/25 1:15 PM,2,Esperansa Caviedes,33,0.00,28.66,2.35,5.00,0.00
Tink-a-Tako - Potranco,275,10/1/25 1:22 PM,2,Esperansa Caviedes,7,0.00,20.98,1.73,3.00,0.00
Tink-a-Tako - Potranco,276,10/1/25 1:22 PM,2,Norma Vasquez,20,0.00,49.94,4.13,0.00,0.00
Tink-a-Tako - Potranco,277,10/1/25 1:24 PM,1,Lizeth Alonso,,0.00,2.29,0.19,0.00,0.00
Tink-a-Tako - Potranco,278,10/1/25 1:27 PM,1,Rosa Compean,1,0.00,2.29,0.19,0.00,0.00
Tink-a-Tako - Potranco,279,10/1/25 1:29 PM,1,Norma Vasquez,24,0.00,18.93,1.56,5.00,0.00
Tink-a-Tako - Potranco,280,10/1/25 1:30 PM,2,Rosa Compean,12,0.00,33.88,2.78,6.34,0.00
Tink-a-Tako - Potranco,281,10/1/25 1:33 PM,1,Ivana Abundiz,,0.00,6.37,0.53,0.00,0.00
Tink-a-Tako - Potranco,282,10/1/25 1:38 PM,1,Lizeth Alonso,,0.00,3.98,0.33,0.00,0.00
Tink-a-Tako - Potranco,285,10/1/25 1:44 PM,1,Lizeth Alonso,,0.00,2.99,0.25,0.00,0.00
Tink-a-Tako - Potranco,286,10/1/25 1:49 PM,1,Lizeth Alonso,,0.00,19.44,1.60,3.00,0.00
Tink-a-Tako - Potranco,287,10/1/25 1:52 PM,4,Esperansa Caviedes,32,0.00,40.89,3.36,10.70,0.00
Tink-a-Tako - Potranco,288,10/1/25 1:52 PM,2,Rosa Compean,18,0.00,21.67,1.78,0.00,0.00
Tink-a-Tako - Potranco,289,10/1/25 1:58 PM,1,Lizeth Alonso,,0.00,14.23,1.17,0.00,0.00
Tink-a-Tako - Potranco,290,10/1/25 2:05 PM,1,Lizeth Alonso,,0.00,4.39,0.36,0.00,0.00
Tink-a-Tako - Potranco,291,10/1/25 2:09 PM,1,Sergio Abundiz,35,0.00,9.77,0.81,5.00,0.00
Tink-a-Tako - Potranco,292,10/1/25 2:09 PM,1,Lizeth Alonso,,0.00,10.83,0.89,0.00,0.00
Tink-a-Tako - Potranco,293,10/1/25 2:14 PM,1,Sergio Abundiz,25,0.00,17.98,1.49,0.00,0.00
Tink-a-Tako - Potranco,294,10/1/25 2:21 PM,1,Lizeth Alonso,,0.00,11.56,0.96,0.00,0.00
Tink-a-Tako - Potranco,295,10/1/25 2:28 PM,1,Lizeth Alonso,,0.00,14.68,1.21,0.00,0.00
Tink-a-Tako - Potranco,296,10/1/25 2:28 PM,1,Lizeth Alonso,,0.00,10.75,0.89,2.00,0.00
Tink-a-Tako - Potranco,297,10/1/25 2:28 PM,2,Juan  Camacho,7,0.00,15.26,1.27,0.00,0.00
Tink-a-Tako - Potranco,301,10/1/25 2:32 PM,1,Lizeth Alonso,,0.00,26.54,2.19,0.00,0.00
Tink-a-Tako - Potranco,302,10/1/25 2:33 PM,1,Lizeth Alonso,,0.00,32.73,2.70,0.00,0.00
Tink-a-Tako - Potranco,304,10/1/25 2:37 PM,2,Sergio Abundiz,37,0.00,9.97,0.83,0.00,0.00
Tink-a-Tako - Potranco,303,10/1/25 2:35 PM,1,Lizeth Alonso,,0.00,33.54,2.77,2.00,0.00
Tink-a-Tako - Potranco,305,10/1/25 2:38 PM,1,Lizeth Alonso,,0.00,8.78,0.72,0.00,0.00
Tink-a-Tako - Potranco,306,10/1/25 2:44 PM,2,Sergio Abundiz,8,0.00,15.72,1.29,0.00,0.00
Tink-a-Tako - Potranco,307,10/1/25 2:51 PM,1,Lizeth Alonso,,0.00,3.00,0.25,3.00,0.00
Tink-a-Tako - Potranco,309,10/1/25 3:10 PM,5,Sergio Abundiz,42,0.00,92.61,7.62,20.00,0.00
Tink-a-Tako - Potranco,308,10/1/25 3:01 PM,1,Lizeth Alonso,,0.00,15.15,1.25,1.00,0.00
Tink-a-Tako - Potranco,310,10/1/25 3:15 PM,1,Lizeth Alonso,,0.00,21.96,1.81,0.00,0.00
Tink-a-Tako - Potranco,311,10/1/25 3:18 PM,2,Juan  Camacho,25,0.00,32.33,2.66,7.00,0.00
Tink-a-Tako - Potranco,312,10/1/25 3:21 PM,1,Lizeth Alonso,,0.00,16.98,1.40,0.00,0.00
Tink-a-Tako - Potranco,313,10/1/25 3:22 PM,1,Lizeth Alonso,,0.00,10.48,0.86,0.00,0.00
Tink-a-Tako - Potranco,314,10/1/25 3:27 PM,3,Sergio Abundiz,23,0.00,44.96,3.71,0.00,0.00
Tink-a-Tako - Potranco,315,10/1/25 3:30 PM,1,Lizeth Alonso,,0.00,7.27,0.60,0.00,0.00
Tink-a-Tako - Potranco,316,10/1/25 3:32 PM,1,Sergio Abundiz,,0.00,10.99,0.91,0.00,0.00
Tink-a-Tako - Potranco,317,10/1/25 3:33 PM,1,Mayra Luna,,28.63,0.00,0.00,0.00,0.00
Tink-a-Tako - Potranco,318,10/1/25 3:36 PM,1,Lizeth Alonso,,2.67,27.43,2.26,0.00,0.00
Tink-a-Tako - Potranco,319,10/1/25 3:41 PM,1,Lizeth Alonso,,0.00,5.97,0.50,1.00,0.00
Tink-a-Tako - Potranco,321,10/1/25 3:49 PM,3,Juan  Camacho,39,0.00,46.73,3.86,0.00,0.00
Tink-a-Tako - Potranco,322,10/1/25 3:54 PM,1,Lizeth Alonso,,0.00,13.99,1.15,0.00,0.00
Tink-a-Tako - Potranco,323,10/1/25 3:56 PM,3,Sergio Abundiz,7,0.00,33.79,2.78,5.00,0.00
Tink-a-Tako - Potranco,324,10/1/25 3:58 PM,1,Lizeth Alonso,,0.00,9.63,0.79,0.00,0.00
Tink-a-Tako - Potranco,325,10/1/25 4:04 PM,2,Juan  Camacho,32,0.00,51.10,4.20,16.81,0.00
Tink-a-Tako - Potranco,326,10/1/25 4:06 PM,1,Lizeth Alonso,,0.00,15.98,1.32,0.00,0.00
Tink-a-Tako - Potranco,327,10/1/25 4:18 PM,1,Sergio Abundiz,,0.00,23.48,1.94,3.00,0.00
Tink-a-Tako - Potranco,328,10/1/25 4:21 PM,1,Lizeth Alonso,,0.00,10.99,0.91,0.00,0.00
Tink-a-Tako - Potranco,329,10/1/25 4:23 PM,1,Sergio Abundiz,,0.00,48.65,4.01,0.00,0.00
Tink-a-Tako - Potranco,330,10/1/25 4:28 PM,1,Lizeth Alonso,,0.00,4.58,0.38,1.00,0.00
Tink-a-Tako - Potranco,331,10/1/25 4:29 PM,1,Lizeth Alonso,,0.00,12.17,1.00,1.00,0.00
Tink-a-Tako - Potranco,332,10/1/25 4:30 PM,1,Lizeth Alonso,,0.00,21.56,1.77,0.00,0.00
Tink-a-Tako - Potranco,333,10/1/25 4:33 PM,1,Lizeth Alonso,,0.00,22.97,1.89,0.00,0.00
Tink-a-Tako - Potranco,334,10/1/25 4:34 PM,1,Lizeth Alonso,,0.00,27.90,2.31,2.00,0.00
Tink-a-Tako - Potranco,336,10/1/25 4:36 PM,1,Lizeth Alonso,,0.00,14.67,1.21,0.00,0.00
Tink-a-Tako - Potranco,340,10/1/25 4:51 PM,3,Juan  Camacho,25,0.00,37.51,3.09,5.00,0.00
Tink-a-Tako - Potranco,339,10/1/25 4:51 PM,1,Lizeth Alonso,,0.00,21.98,1.81,2.00,0.00
Tink-a-Tako - Potranco,341,10/1/25 4:53 PM,1,Lizeth Alonso,,0.00,12.47,1.03,0.00,0.00
Tink-a-Tako - Potranco,343,10/1/25 5:05 PM,1,Juan  Camacho,,0.00,0.00,0.00,0.00,0.00
Tink-a-Tako - Potranco,344,10/1/25 5:08 PM,1,Lizeth Alonso,,0.00,10.99,0.91,0.00,0.00
Tink-a-Tako - Potranco,346,10/1/25 5:09 PM,2,Juan  Camacho,32,0.00,45.54,3.75,5.71,0.00
Tink-a-Tako - Potranco,347,10/1/25 5:16 PM,2,Juan  Camacho,17,0.00,34.20,2.82,9.00,0.00
Tink-a-Tako - Potranco,348,10/1/25 5:22 PM,1,Sergio Abundiz,38,0.00,8.82,0.72,0.00,0.00
Tink-a-Tako - Potranco,350,10/1/25 5:30 PM,1,Lizeth Alonso,,0.00,27.62,2.28,0.00,0.00
Tink-a-Tako - Potranco,349,10/1/25 5:28 PM,1,Lizeth Alonso,,0.00,0.00,0.00,0.00,0.00
Tink-a-Tako - Potranco,351,10/1/25 5:33 PM,1,Lizeth Alonso,,0.00,8.82,0.72,0.00,0.00
Tink-a-Tako - Potranco,352,10/1/25 5:37 PM,1,Lizeth Alonso,,0.00,19.93,1.65,2.00,0.00
Tink-a-Tako - Potranco,354,10/1/25 5:46 PM,2,Sergio Abundiz,8,0.00,31.36,2.58,0.00,0.00
Tink-a-Tako - Potranco,353,10/1/25 5:44 PM,1,Lizeth Alonso,,0.00,14.38,1.19,0.00,0.00
Tink-a-Tako - Potranco,355,10/1/25 5:48 PM,2,Juan  Camacho,25,0.00,28.67,2.36,10.00,0.00
Tink-a-Tako - Potranco,356,10/1/25 5:49 PM,1,Juan  Camacho,,0.00,39.97,3.29,3.00,0.00
Tink-a-Tako - Potranco,357,10/1/25 5:54 PM,1,Lizeth Alonso,,0.00,8.78,0.72,2.00,0.00
Tink-a-Tako - Potranco,358,10/1/25 5:55 PM,1,Lizeth Alonso,,0.00,5.98,0.49,2.00,0.00
Tink-a-Tako - Potranco,359,10/1/25 5:58 PM,1,Lizeth Alonso,,0.00,6.78,0.56,0.00,0.00
Tink-a-Tako - Potranco,361,10/1/25 6:01 PM,2,Sergio Abundiz,35,0.00,29.88,2.45,10.00,0.00
Tink-a-Tako - Potranco,360,10/1/25 6:00 PM,1,Lizeth Alonso,,0.00,25.76,2.13,0.00,0.00
Tink-a-Tako - Potranco,363,10/1/25 6:03 PM,1,Juan  Camacho,32,0.00,19.46,1.61,5.00,0.00
Tink-a-Tako - Potranco,364,10/1/25 6:10 PM,2,Juan  Camacho,7,0.00,44.87,3.69,0.00,0.00
Tink-a-Tako - Potranco,365,10/1/25 6:11 PM,2,Sergio Abundiz,24,0.00,19.37,1.60,4.00,0.00
Tink-a-Tako - Potranco,367,10/1/25 6:11 PM,2,Sergio Abundiz,33,0.00,15.47,1.28,0.00,0.00
Tink-a-Tako - Potranco,366,10/1/25 6:11 PM,1,Lizeth Alonso,,0.00,16.99,1.39,2.00,0.00
Tink-a-Tako - Potranco,368,10/1/25 6:16 PM,1,Juan  Camacho,,0.00,5.37,0.44,0.00,0.00
Tink-a-Tako - Potranco,369,10/1/25 6:19 PM,2,Sergio Abundiz,23,0.00,24.92,2.05,4.00,0.00
Tink-a-Tako - Potranco,371,10/1/25 6:29 PM,2,Juan  Camacho,39,0.00,35.12,2.89,5.00,0.00
Tink-a-Tako - Potranco,372,10/1/25 6:36 PM,2,Sergio Abundiz,37,0.00,49.94,4.12,0.00,0.00
Tink-a-Tako - Potranco,373,10/1/25 6:40 PM,2,Sergio Abundiz,38,0.00,12.56,1.03,4.00,0.00
Tink-a-Tako - Potranco,370,10/1/25 6:25 PM,1,Lizeth Alonso,,0.00,13.13,1.07,0.00,0.00
Tink-a-Tako - Potranco,374,10/1/25 6:42 PM,1,Lizeth Alonso,,0.00,18.77,1.54,3.00,0.00
Tink-a-Tako - Potranco,375,10/1/25 6:54 PM,1,Lizeth Alonso,,0.00,14.07,1.16,0.00,0.00
Tink-a-Tako - Potranco,376,10/1/25 7:00 PM,1,Lizeth Alonso,,0.00,10.99,0.91,1.00,0.00
Tink-a-Tako - Potranco,377,10/1/25 7:02 PM,1,Juan  Camacho,36,0.00,18.44,1.52,0.00,0.00
Tink-a-Tako - Potranco,378,10/1/25 7:03 PM,6,Sergio Abundiz,4,0.00,91.45,7.52,0.00,18.29
Tink-a-Tako - Potranco,379,10/1/25 7:04 PM,1,Lizeth Alonso,,0.00,12.86,1.06,0.00,0.00
Tink-a-Tako - Potranco,380,10/1/25 7:18 PM,2,Juan  Camacho,25,0.00,25.92,2.13,5.00,0.00
Tink-a-Tako - Potranco,381,10/1/25 7:20 PM,1,Lizeth Alonso,,0.00,22.46,1.85,0.00,0.00
Tink-a-Tako - Potranco,383,10/1/25 7:23 PM,2,Sergio Abundiz,35,0.00,33.16,2.73,5.00,0.00
Tink-a-Tako - Potranco,384,10/1/25 7:29 PM,4,Sergio Abundiz,32,0.00,34.25,2.83,10.00,0.00
Tink-a-Tako - Potranco,385,10/1/25 7:30 PM,3,Juan  Camacho,9,0.00,42.11,3.46,0.00,0.00
Tink-a-Tako - Potranco,386,10/1/25 7:36 PM,5,Sergio Abundiz,42,0.00,73.68,6.07,10.25,0.00
Tink-a-Tako - Potranco,387,10/1/25 7:39 PM,3,Juan  Camacho,24,0.00,24.94,2.06,0.00,0.00
Tink-a-Tako - Potranco,388,10/1/25 7:42 PM,1,Lizeth Alonso,,0.00,12.99,1.07,0.00,0.00
Tink-a-Tako - Potranco,390,10/1/25 7:44 PM,2,Juan  Camacho,33,0.00,37.38,3.07,4.00,0.00
Tink-a-Tako - Potranco,389,10/1/25 7:42 PM,1,Lizeth Alonso,,0.00,13.55,1.12,0.00,0.00
Tink-a-Tako - Potranco,392,10/1/25 7:50 PM,2,Juan  Camacho,11,0.00,30.62,2.52,0.00,0.00
Tink-a-Tako - Potranco,393,10/1/25 7:56 PM,1,Lizeth Alonso,,0.00,13.99,1.15,0.00,0.00
Tink-a-Tako - Potranco,394,10/1/25 7:57 PM,1,Lizeth Alonso,,0.00,7.68,0.63,0.00,0.00
Tink-a-Tako - Potranco,395,10/1/25 8:15 PM,2,Sergio Abundiz,32,0.00,36.46,3.01,0.00,0.00
Tink-a-Tako - Potranco,396,10/1/25 8:24 PM,1,Juan  Camacho,33,0.00,22.58,1.85,10.00,0.00
Tink-a-Tako - Potranco,397,10/1/25 8:28 PM,4,Juan  Camacho,25,0.00,33.73,2.77,6.75,0.00
Tink-a-Tako - Potranco,398,10/1/25 8:38 PM,1,Lizeth Alonso,,0.00,3.98,0.33,1.50,0.00
Tink-a-Tako - Potranco,399,10/1/25 8:39 PM,1,Lizeth Alonso,,0.00,5.49,0.45,0.00,0.00
Tink-a-Tako - Potranco,402,10/1/25 8:45 PM,1,Sergio Abundiz,,0.00,8.99,0.74,0.00,0.00
Tink-a-Tako - Potranco,401,10/1/25 8:45 PM,3,Juan  Camacho,23,0.00,26.93,2.24,5.00,0.00
Tink-a-Tako - Potranco,403,10/1/25 8:50 PM,1,Juan  Camacho,35,0.00,14.99,1.24,0.00,0.00
Tink-a-Tako - Potranco,404,10/1/25 9:00 PM,1,Lizeth Alonso,,0.00,13.17,1.09,5.00,0.00
