Order #,Opened Date,Void Date,Server,Approver,Item Name,Reason,Item Quantity,Total Price
34,10/1/25 7:53 AM,10/1/25 8:23 AM,Daniela Torres,Mayra Luna,Barbacoa Taco,Customer Changed Mind,1.0,5.29
34,10/1/25 7:53 AM,10/1/25 8:23 AM,Daniela Torres,Mayra Luna,Sweet Tea,Customer Changed Mind,1.0,3.45
323,10/1/25 3:56 PM,10/1/25 4:37 PM,Sergio Abundiz,Mayra Luna,Enchiladas Plate,Customer Changed Mind,1.0,10.99
343,10/1/25 5:05 PM,10/1/25 9:20 PM,Juan  Camacho,Mayra Luna,Quesadilla Plt,Customer Changed Mind,1.0,11.99
343,10/1/25 5:05 PM,10/1/25 9:20 PM,Juan  Camacho,Mayra Luna,Lemonade,Customer Changed Mind,1.0,3.99
