Employee,Job Title,Regular Hours,Overtime Hours,Hourly Rate,Regular Pay,Overtime Pay,Total Pay,Net Sales,Declared Tips,Non-Cash Tips,Total Tips,Tips Withheld,Total Gratuity,Employee ID,Job Code,Location,Location Code
"Aragon, Brianna",Host,4.38,0.0,11.00,48.18,0.00,48.18,132.24,0.00,4.00,4.00,0.00,0.00,,,12060 Potranco Road,
"Aragon, Cecilia",Tortillera,7.48,0.0,13.00,97.24,0.00,97.24,0.00,,0.00,0.00,0.00,0.00,,,12060 Potranco Road,
"Barton, Arion",Cook,4.76,0.0,13.00,61.88,0.00,61.88,0.00,,0.00,0.00,0.00,0.00,,,12060 Potranco Road,
"Cabrera, Sugey",Server,7.77,0.0,3.00,23.31,0.00,23.31,885.08,0.00,94.15,94.15,0.00,56.68,,,12060 Potranco Road,
"Cardenas, Salvador",Cook,5.26,3.33,15.00,78.90,74.93,153.83,0.00,,0.00,0.00,0.00,0.00,,,12060 Potranco Road,
"Del Angel, Candy",Shift Manager / Assistant Manager,6.4,1.27,,,,,0.00,,0.00,0.00,0.00,0.00,,,12060 Potranco Road,
"Farias, Claudia",Cook,9.08,0.0,15.00,136.20,0.00,136.20,0.00,,0.00,0.00,0.00,0.00,,,12060 Potranco Road,
"GUTIERREZ, ERIC",Cook,6.9,0.0,16.00,110.40,0.00,110.40,0.00,,0.00,0.00,0.00,0.00,,,12060 Potranco Road,
"Garcia, Enriqueta",Chef,7.43,0.0,,,,,0.00,,0.00,0.00,0.00,0.00,,,12060 Potranco Road,
"Garcia, Lizbeth",Server,8.28,0.0,3.00,24.84,0.00,24.84,600.36,1.00,83.17,84.17,0.00,0.00,,,12060 Potranco Road,
"Jimenez, Mario",Driver,6.73,0.0,14.00,94.22,0.00,94.22,620.20,0.00,51.16,51.16,0.00,0.00,,,12060 Potranco Road,
"Lino Santana, David ",Prep,7.18,0.0,15.00,107.70,0.00,107.70,0.00,,0.00,0.00,0.00,0.00,,,12060 Potranco Road,
"Martínez , Angelica ",Server,6.16,0.0,,,,,469.74,5.00,46.13,51.13,0.00,0.00,,,12060 Potranco Road,
"Morales, Carlos",Busser,6.23,0.0,11.00,68.53,0.00,68.53,212.83,,11.00,11.00,0.00,0.00,,,12060 Potranco Road,
"Ojeda, George",Runner,7.16,0.0,12.50,89.50,0.00,89.50,0.00,,0.00,0.00,0.00,0.00,,,12060 Potranco Road,
"Roman, Leticia",Server,7.1,0.0,3.00,21.30,0.00,21.30,610.35,0.00,71.00,71.00,0.00,22.13,,,12060 Potranco Road,
"Rosales, Elsa",Tortillera,5.28,0.0,13.00,68.64,0.00,68.64,0.00,,0.00,0.00,0.00,0.00,,,12060 Potranco Road,
"Salinas, Zoila",General Manager,5.45,0.0,,,,,162.51,,11.03,11.03,0.00,0.00,,,12060 Potranco Road,
"Sanchez, Emanuel",Server,7.35,0.0,3.00,22.05,0.00,22.05,621.05,5.00,62.67,67.67,0.00,48.73,,,12060 Potranco Road,
"Urena, Melissa ",Host,7.48,0.0,12.00,89.76,0.00,89.76,1213.07,0.00,58.13,58.13,0.00,0.00,,,12060 Potranco Road,
"Vega, Estela",Tortillera,9.38,0.0,15.00,140.70,0.00,140.70,0.00,,0.00,0.00,0.00,0.00,,,12060 Potranco Road,
"Velasquez, Lisa",Server,7.43,0.0,3.00,22.29,0.00,22.29,692.78,5.00,77.31,82.31,0.00,0.00,,,12060 Potranco Road,
"vanenzuela, felix",Cook,6.63,0.0,,,,,0.00,,0.00,0.00,0.00,0.00,,,12060 Potranco Road,
"velasquez, maximilioano",Busser,4.18,0.0,12.00,50.16,0.00,50.16,0.00,,0.00,0.00,0.00,0.00,,,12060 Potranco Road,
