Location,Order #,Opened,# of Guests,Server,Table,Discount Amount,Amount,Tax,Tip,Gratuity
Tink-a-Tako - Potranco,1,9/24/25 6:29 AM,1,Daniela Torres,,0.00,7.38,0.61,0.00,0.00
Tink-a-Tako - Potranco,2,9/24/25 6:30 AM,1,Daniela Torres,,0.20,5.78,0.48,0.00,0.00
Tink-a-Tako - Potranco,3,9/24/25 6:35 AM,1,Daniela Torres,,0.00,5.97,0.49,0.00,0.00
Tink-a-Tako - Potranco,4,9/24/25 6:40 AM,1,Daniela Torres,,0.00,8.67,0.72,0.00,0.00
Tink-a-Tako - Potranco,5,9/24/25 6:41 AM,1,Daniela Torres,,0.00,6.68,0.55,0.00,0.00
Tink-a-Tako - Potranco,6,9/24/25 6:49 AM,1,Norma Vasquez,,0.00,27.78,2.28,0.00,0.00
Tink-a-Tako - Potranco,7,9/24/25 6:50 AM,1,Daniela Torres,,0.00,13.25,1.09,5.00,0.00
Tink-a-Tako - Potranco,8,9/24/25 6:51 AM,1,Daniela Torres,,0.00,3.58,0.30,0.00,0.00
Tink-a-Tako - Potranco,9,9/24/25 6:54 AM,1,Daniela Torres,,0.00,9.76,0.81,0.00,0.00
Tink-a-Tako - Potranco,10,9/24/25 6:57 AM,1,Daniela Torres,,0.00,1.99,0.16,0.00,0.00
Tink-a-Tako - Potranco,12,9/24/25 7:03 AM,1,Daniela Torres,,0.00,8.96,0.74,0.00,0.00
Tink-a-Tako - Potranco,13,9/24/25 7:04 AM,1,Daniela Torres,,0.00,13.91,1.15,0.00,0.00
Tink-a-Tako - Potranco,14,9/24/25 7:07 AM,1,Daniela Torres,,0.00,5.97,0.49,0.00,0.00
Tink-a-Tako - Potranco,11,9/24/25 6:57 AM,1,Daniela Torres,,0.00,4.68,0.39,1.03,0.00
Tink-a-Tako - Potranco,16,9/24/25 7:10 AM,1,Daniela Torres,,0.00,5.97,0.49,1.19,0.00
Tink-a-Tako - Potranco,17,9/24/25 7:10 AM,1,Daniela Torres,,0.00,9.03,0.74,0.00,0.00
Tink-a-Tako - Potranco,18,9/24/25 7:12 AM,1,Daniela Torres,,0.00,22.50,1.85,0.00,0.00
Tink-a-Tako - Potranco,19,9/24/25 7:13 AM,1,Daniela Torres,,0.00,6.88,0.56,0.00,0.00
Tink-a-Tako - Potranco,20,9/24/25 7:15 AM,1,Daniela Torres,,0.00,4.28,0.36,0.00,0.00
Tink-a-Tako - Potranco,21,9/24/25 7:26 AM,1,Daniela Torres,,0.00,13.77,1.14,0.00,0.00
Tink-a-Tako - Potranco,22,9/24/25 7:28 AM,1,Daniela Torres,,0.00,1.99,0.16,0.00,0.00
Tink-a-Tako - Potranco,23,9/24/25 7:31 AM,1,Daniela Torres,,0.00,4.99,0.41,0.00,0.00
Tink-a-Tako - Potranco,24,9/24/25 7:32 AM,1,Daniela Torres,,0.00,8.98,0.74,1.80,0.00
Tink-a-Tako - Potranco,25,9/24/25 7:34 AM,1,Daniela Torres,,0.00,14.37,1.19,2.16,0.00
Tink-a-Tako - Potranco,26,9/24/25 7:34 AM,1,Daniela Torres,,0.00,6.97,0.57,0.00,0.00
Tink-a-Tako - Potranco,28,9/24/25 7:36 AM,1,Norma Vasquez,,0.00,15.67,1.29,2.00,0.00
Tink-a-Tako - Potranco,29,9/24/25 7:37 AM,1,Daniela Torres,,0.00,7.23,0.59,0.00,0.00
Tink-a-Tako - Potranco,30,9/24/25 7:40 AM,1,Daniela Torres,,0.00,6.88,0.56,0.00,0.00
Tink-a-Tako - Potranco,31,9/24/25 7:40 AM,1,Daniela Torres,,0.00,9.98,0.82,0.00,0.00
Tink-a-Tako - Potranco,32,9/24/25 7:43 AM,1,Daniela Torres,,0.00,9.87,0.82,1.48,0.00
Tink-a-Tako - Potranco,33,9/24/25 7:44 AM,1,Daniela Torres,,0.00,8.95,0.74,0.00,0.00
Tink-a-Tako - Potranco,34,9/24/25 7:44 AM,1,Daniela Torres,,0.00,3.98,0.33,0.88,0.00
Tink-a-Tako - Potranco,35,9/24/25 7:49 AM,1,Daniela Torres,,0.00,3.78,0.31,0.00,0.00
Tink-a-Tako - Potranco,37,9/24/25 7:50 AM,2,Norma Vasquez,17,0.00,13.60,1.11,3.00,0.00
Tink-a-Tako - Potranco,36,9/24/25 7:49 AM,1,Daniela Torres,,0.00,8.97,0.74,0.00,0.00
Tink-a-Tako - Potranco,39,9/24/25 7:52 AM,1,Norma Vasquez,,0.00,16.66,1.37,0.00,0.00
Tink-a-Tako - Potranco,38,9/24/25 7:50 AM,1,Daniela Torres,,0.00,4.98,0.41,0.00,0.00
Tink-a-Tako - Potranco,41,9/24/25 7:57 AM,1,Daniela Torres,,0.00,27.59,2.28,0.00,0.00
Tink-a-Tako - Potranco,42,9/24/25 7:58 AM,1,Daniela Torres,,0.00,4.28,0.35,0.64,0.00
Tink-a-Tako - Potranco,43,9/24/25 7:59 AM,1,Daniela Torres,,0.00,7.43,0.61,0.00,0.00
Tink-a-Tako - Potranco,44,9/24/25 8:01 AM,1,Daniela Torres,,0.00,9.26,0.77,0.00,0.00
Tink-a-Tako - Potranco,45,9/24/25 8:06 AM,1,Daniela Torres,,0.00,7.67,0.63,0.00,0.00
Tink-a-Tako - Potranco,46,9/24/25 8:07 AM,1,Daniela Torres,,0.00,4.28,0.36,0.00,0.00
Tink-a-Tako - Potranco,48,9/24/25 8:11 AM,1,Daniela Torres,,0.00,6.77,0.56,0.00,0.00
Tink-a-Tako - Potranco,49,9/24/25 8:12 AM,1,Daniela Torres,,0.00,9.96,0.82,0.00,0.00
Tink-a-Tako - Potranco,50,9/24/25 8:14 AM,1,Daniela Torres,,0.00,7.96,0.66,0.00,0.00
Tink-a-Tako - Potranco,51,9/24/25 8:15 AM,1,Daniela Torres,,0.00,3.98,0.33,0.00,0.00
Tink-a-Tako - Potranco,52,9/24/25 8:19 AM,1,Daniela Torres,,0.00,7.57,0.62,0.00,0.00
Tink-a-Tako - Potranco,53,9/24/25 8:20 AM,1,Daniela Torres,,0.00,12.24,1.01,0.00,0.00
Tink-a-Tako - Potranco,55,9/24/25 8:24 AM,1,Daniela Torres,,0.00,14.17,1.17,0.00,0.00
Tink-a-Tako - Potranco,56,9/24/25 8:26 AM,1,Daniela Torres,,0.00,9.02,0.74,0.00,0.00
Tink-a-Tako - Potranco,57,9/24/25 8:33 AM,1,Daniela Torres,,0.00,25.12,2.08,3.77,0.00
Tink-a-Tako - Potranco,58,9/24/25 8:33 AM,1,Daniela Torres,,0.00,8.57,0.71,1.29,0.00
Tink-a-Tako - Potranco,59,9/24/25 8:34 AM,1,Daniela Torres,,0.00,0.00,0.00,0.00,0.00
Tink-a-Tako - Potranco,60,9/24/25 8:34 AM,1,Daniela Torres,,0.00,5.98,0.49,0.00,0.00
Tink-a-Tako - Potranco,61,9/24/25 8:34 AM,1,Daniela Torres,,0.00,17.64,1.46,0.00,0.00
Tink-a-Tako - Potranco,63,9/24/25 8:37 AM,1,Esperansa Caviedes,38,0.00,13.68,1.12,3.01,0.00
Tink-a-Tako - Potranco,64,9/24/25 8:38 AM,3,Norma Vasquez,9,0.00,34.37,2.83,8.00,0.00
Tink-a-Tako - Potranco,66,9/24/25 8:41 AM,1,Rosa Compean,15,0.00,8.96,0.73,5.31,0.00
Tink-a-Tako - Potranco,67,9/24/25 8:41 AM,1,Ivana Abundiz,,0.00,3.54,0.29,0.00,0.00
Tink-a-Tako - Potranco,62,9/24/25 8:36 AM,1,Daniela Torres,,0.00,9.37,0.77,0.00,0.00
Tink-a-Tako - Potranco,68,9/24/25 8:41 AM,1,Norma Vasquez,18,0.00,22.97,1.90,0.00,0.00
Tink-a-Tako - Potranco,69,9/24/25 8:42 AM,1,Daniela Torres,,0.00,6.57,0.53,0.00,0.00
Tink-a-Tako - Potranco,65,9/24/25 8:41 AM,2,Esperansa Caviedes,20,0.00,31.22,2.57,10.00,0.00
Tink-a-Tako - Potranco,70,9/24/25 8:43 AM,1,Daniela Torres,,0.00,12.47,1.02,0.00,0.00
Tink-a-Tako - Potranco,71,9/24/25 8:44 AM,1,Daniela Torres,,0.00,5.37,0.44,0.81,0.00
Tink-a-Tako - Potranco,73,9/24/25 8:48 AM,1,Ivana Abundiz,,0.00,24.78,2.05,0.00,0.00
Tink-a-Tako - Potranco,74,9/24/25 8:48 AM,1,Rosa Compean,34,0.00,14.22,1.18,5.00,0.00
Tink-a-Tako - Potranco,72,9/24/25 8:46 AM,1,Daniela Torres,,0.00,20.27,1.67,0.00,0.00
Tink-a-Tako - Potranco,75,9/24/25 8:48 AM,1,Daniela Torres,,0.00,3.98,0.32,0.00,0.00
Tink-a-Tako - Potranco,76,9/24/25 8:49 AM,2,Esperansa Caviedes,23,0.00,20.67,1.71,0.00,0.00
Tink-a-Tako - Potranco,78,9/24/25 8:50 AM,2,Norma Vasquez,32,0.00,33.12,2.72,5.00,0.00
Tink-a-Tako - Potranco,77,9/24/25 8:49 AM,1,Daniela Torres,,0.00,11.94,0.98,0.00,0.00
Tink-a-Tako - Potranco,80,9/24/25 8:52 AM,2,Rosa Compean,24,0.00,15.01,1.23,5.00,0.00
Tink-a-Tako - Potranco,79,9/24/25 8:51 AM,1,Daniela Torres,,0.00,16.96,1.40,3.73,0.00
Tink-a-Tako - Potranco,81,9/24/25 8:54 AM,1,Daniela Torres,,0.00,13.56,1.12,0.00,0.00
Tink-a-Tako - Potranco,82,9/24/25 9:01 AM,1,Daniela Torres,,0.00,8.67,0.71,0.00,0.00
Tink-a-Tako - Potranco,83,9/24/25 9:02 AM,1,Daniela Torres,,0.00,10.06,0.82,0.00,0.00
Tink-a-Tako - Potranco,84,9/24/25 9:03 AM,1,Daniela Torres,,0.00,2.49,0.21,0.00,0.00
Tink-a-Tako - Potranco,85,9/24/25 9:05 AM,1,Daniela Torres,,0.00,11.17,0.92,1.68,0.00
Tink-a-Tako - Potranco,86,9/24/25 9:06 AM,1,Daniela Torres,,0.00,15.93,1.31,0.00,0.00
Tink-a-Tako - Potranco,87,9/24/25 9:06 AM,1,Daniela Torres,,0.00,3.78,0.31,0.00,0.00
Tink-a-Tako - Potranco,89,9/24/25 9:08 AM,1,Ivana Abundiz,,0.56,5.01,0.42,0.00,0.00
Tink-a-Tako - Potranco,88,9/24/25 9:08 AM,1,Daniela Torres,,0.00,8.47,0.69,0.00,0.00
Tink-a-Tako - Potranco,90,9/24/25 9:10 AM,2,Norma Vasquez,33,0.00,12.36,1.02,0.00,0.00
Tink-a-Tako - Potranco,91,9/24/25 9:10 AM,1,Daniela Torres,,0.00,6.18,0.51,0.00,0.00
Tink-a-Tako - Potranco,92,9/24/25 9:13 AM,1,Esperansa Caviedes,36,5.80,6.89,0.56,4.00,0.00
Tink-a-Tako - Potranco,93,9/24/25 9:14 AM,1,Daniela Torres,,0.00,6.78,0.56,0.00,0.00
Tink-a-Tako - Potranco,95,9/24/25 9:15 AM,1,Ivana Abundiz,,0.00,3.98,0.33,1.69,0.00
Tink-a-Tako - Potranco,94,9/24/25 9:15 AM,1,Daniela Torres,,0.00,1.99,0.16,0.00,0.00
Tink-a-Tako - Potranco,97,9/24/25 9:16 AM,1,Rosa Compean,,0.00,16.48,1.36,2.00,0.00
Tink-a-Tako - Potranco,98,9/24/25 9:17 AM,1,Norma Vasquez,10,0.00,11.69,0.96,0.00,0.00
Tink-a-Tako - Potranco,96,9/24/25 9:15 AM,1,Daniela Torres,,0.00,8.38,0.69,0.00,0.00
Tink-a-Tako - Potranco,99,9/24/25 9:18 AM,1,Daniela Torres,,0.00,20.15,1.66,0.00,0.00
Tink-a-Tako - Potranco,100,9/24/25 9:20 AM,1,Daniela Torres,,0.00,7.76,0.64,0.00,0.00
Tink-a-Tako - Potranco,101,9/24/25 9:21 AM,1,Daniela Torres,,0.00,5.44,0.44,0.00,0.00
Tink-a-Tako - Potranco,102,9/24/25 9:22 AM,1,Daniela Torres,,0.00,18.82,1.55,0.00,0.00
Tink-a-Tako - Potranco,104,9/24/25 9:27 AM,1,Ivana Abundiz,,0.00,17.15,1.42,0.00,0.00
Tink-a-Tako - Potranco,103,9/24/25 9:25 AM,1,Daniela Torres,,0.00,27.80,2.30,0.00,0.00
Tink-a-Tako - Potranco,107,9/24/25 9:30 AM,2,Esperansa Caviedes,39,0.00,14.04,1.15,2.81,0.00
Tink-a-Tako - Potranco,106,9/24/25 9:29 AM,2,Rosa Compean,24,0.00,18.46,1.52,3.50,0.00
Tink-a-Tako - Potranco,105,9/24/25 9:29 AM,1,Daniela Torres,,0.00,6.47,0.53,0.00,0.00
Tink-a-Tako - Potranco,108,9/24/25 9:31 AM,1,Daniela Torres,,0.00,12.95,1.07,0.00,0.00
Tink-a-Tako - Potranco,109,9/24/25 9:33 AM,1,Daniela Torres,,0.00,7.56,0.63,1.13,0.00
Tink-a-Tako - Potranco,111,9/24/25 9:35 AM,2,Rosa Compean,7,0.00,22.92,1.89,3.00,0.00
Tink-a-Tako - Potranco,110,9/24/25 9:35 AM,1,Daniela Torres,,0.00,12.14,1.00,1.00,0.00
Tink-a-Tako - Potranco,113,9/24/25 9:41 AM,3,Norma Vasquez,25,0.00,10.47,0.87,0.00,0.00
Tink-a-Tako - Potranco,112,9/24/25 9:39 AM,1,Daniela Torres,,0.00,9.96,0.81,0.00,0.00
Tink-a-Tako - Potranco,114,9/24/25 9:43 AM,1,Ivana Abundiz,,0.00,7.47,0.61,3.00,0.00
Tink-a-Tako - Potranco,115,9/24/25 9:43 AM,1,Daniela Torres,,0.00,11.76,0.97,0.00,0.00
Tink-a-Tako - Potranco,116,9/24/25 9:46 AM,1,Daniela Torres,,0.00,19.24,1.59,0.00,0.00
Tink-a-Tako - Potranco,117,9/24/25 9:48 AM,1,Daniela Torres,,0.00,4.98,0.41,0.00,0.00
Tink-a-Tako - Potranco,118,9/24/25 9:49 AM,1,Daniela Torres,,0.00,31.10,2.55,0.00,0.00
Tink-a-Tako - Potranco,119,9/24/25 9:50 AM,1,Daniela Torres,,0.00,2.49,0.21,0.00,0.00
Tink-a-Tako - Potranco,121,9/24/25 9:54 AM,3,Esperansa Caviedes,23,0.00,60.60,4.98,5.00,0.00
Tink-a-Tako - Potranco,120,9/24/25 9:53 AM,1,Daniela Torres,,0.00,17.95,1.46,0.00,0.00
Tink-a-Tako - Potranco,122,9/24/25 9:54 AM,1,Daniela Torres,,0.00,1.99,0.16,0.00,0.00
Tink-a-Tako - Potranco,123,9/24/25 9:56 AM,1,Daniela Torres,,0.00,5.37,0.45,1.18,0.00
Tink-a-Tako - Potranco,125,9/24/25 9:57 AM,1,Norma Vasquez,26,0.00,7.77,0.64,0.00,0.00
Tink-a-Tako - Potranco,126,9/24/25 9:58 AM,2,Norma Vasquez,18,1.60,25.35,2.10,0.00,0.00
Tink-a-Tako - Potranco,124,9/24/25 9:56 AM,1,Daniela Torres,,0.00,12.77,1.05,0.00,0.00
Tink-a-Tako - Potranco,127,9/24/25 9:59 AM,1,Daniela Torres,,0.00,8.97,0.74,0.00,0.00
Tink-a-Tako - Potranco,129,9/24/25 10:01 AM,3,Rosa Compean,37,0.00,42.32,3.49,8.00,0.00
Tink-a-Tako - Potranco,128,9/24/25 10:00 AM,1,Daniela Torres,,0.00,12.86,1.06,0.00,0.00
Tink-a-Tako - Potranco,130,9/24/25 10:04 AM,2,Esperansa Caviedes,32,0.00,24.75,2.04,4.95,0.00
Tink-a-Tako - Potranco,131,9/24/25 10:05 AM,2,Rosa Compean,20,1.00,18.97,1.57,0.00,0.00
Tink-a-Tako - Potranco,132,9/24/25 10:06 AM,1,Daniela Torres,,0.00,3.98,0.33,0.00,0.00
Tink-a-Tako - Potranco,133,9/24/25 10:06 AM,1,Daniela Torres,,0.00,3.78,0.31,0.00,0.00
Tink-a-Tako - Potranco,134,9/24/25 10:07 AM,2,Esperansa Caviedes,33,0.00,18.96,1.56,0.00,0.00
Tink-a-Tako - Potranco,135,9/24/25 10:08 AM,2,Rosa Compean,38,0.00,33.96,2.80,0.00,0.00
Tink-a-Tako - Potranco,136,9/24/25 10:10 AM,1,Daniela Torres,,0.00,26.72,2.20,0.00,0.00
Tink-a-Tako - Potranco,137,9/24/25 10:11 AM,1,Daniela Torres,,0.00,6.27,0.51,0.00,0.00
Tink-a-Tako - Potranco,138,9/24/25 10:13 AM,2,Norma Vasquez,25,0.00,30.65,2.52,20.00,0.00
Tink-a-Tako - Potranco,139,9/24/25 10:14 AM,1,Daniela Torres,,0.00,3.49,0.29,0.00,0.00
Tink-a-Tako - Potranco,141,9/24/25 10:14 AM,1,Esperansa Caviedes,36,0.00,6.97,0.58,3.00,0.00
Tink-a-Tako - Potranco,140,9/24/25 10:14 AM,1,Daniela Torres,,0.00,8.37,0.69,2.00,0.00
Tink-a-Tako - Potranco,142,9/24/25 10:15 AM,1,Daniela Torres,,0.00,17.98,1.48,0.00,0.00
Tink-a-Tako - Potranco,143,9/24/25 10:20 AM,1,Daniela Torres,,0.00,6.18,0.51,0.00,0.00
Tink-a-Tako - Potranco,144,9/24/25 10:23 AM,1,Esperansa Caviedes,17,0.00,18.97,1.57,5.00,0.00
Tink-a-Tako - Potranco,145,9/24/25 10:23 AM,1,Daniela Torres,,0.00,22.98,1.90,0.00,0.00
Tink-a-Tako - Potranco,146,9/24/25 10:23 AM,1,Daniela Torres,,0.00,9.96,0.82,0.00,0.00
Tink-a-Tako - Potranco,147,9/24/25 10:24 AM,1,Daniela Torres,,0.00,8.97,0.74,1.29,0.00
Tink-a-Tako - Potranco,148,9/24/25 10:24 AM,2,Rosa Compean,24,0.00,33.96,2.80,0.00,0.00
Tink-a-Tako - Potranco,149,9/24/25 10:25 AM,1,Ivana Abundiz,,7.44,3.93,0.33,2.00,0.00
Tink-a-Tako - Potranco,150,9/24/25 10:26 AM,3,Norma Vasquez,19,0.00,55.96,4.62,12.00,0.00
Tink-a-Tako - Potranco,151,9/24/25 10:28 AM,2,Esperansa Caviedes,23,0.00,9.46,0.78,3.00,0.00
Tink-a-Tako - Potranco,152,9/24/25 10:28 AM,1,Daniela Torres,,0.00,18.36,1.51,0.00,0.00
Tink-a-Tako - Potranco,154,9/24/25 10:29 AM,1,Daniela Torres,,0.00,8.96,0.74,0.00,0.00
Tink-a-Tako - Potranco,155,9/24/25 10:31 AM,2,Norma Vasquez,39,0.00,18.00,1.48,0.00,0.00
Tink-a-Tako - Potranco,157,9/24/25 10:37 AM,1,Daniela Torres,,0.00,20.74,1.71,0.00,0.00
Tink-a-Tako - Potranco,158,9/24/25 10:39 AM,1,Daniela Torres,,0.00,7.97,0.66,0.00,0.00
Tink-a-Tako - Potranco,159,9/24/25 10:40 AM,1,Rosa Compean,3,0.00,10.98,0.91,0.00,0.00
Tink-a-Tako - Potranco,161,9/24/25 10:42 AM,1,Daniela Torres,,0.00,15.00,1.23,0.00,0.00
Tink-a-Tako - Potranco,162,9/24/25 10:43 AM,2,Norma Vasquez,36,0.00,11.96,1.00,4.00,0.00
Tink-a-Tako - Potranco,163,9/24/25 10:44 AM,1,Daniela Torres,,0.00,7.96,0.66,0.00,0.00
Tink-a-Tako - Potranco,164,9/24/25 10:51 AM,4,Rosa Compean,10,0.00,46.04,3.77,11.70,0.00
Tink-a-Tako - Potranco,165,9/24/25 10:52 AM,1,Daniela Torres,,0.00,3.58,0.30,0.00,0.00
Tink-a-Tako - Potranco,166,9/24/25 10:53 AM,1,Daniela Torres,,0.00,9.23,0.76,0.00,0.00
Tink-a-Tako - Potranco,167,9/24/25 10:53 AM,1,Daniela Torres,,0.00,7.99,0.66,0.00,0.00
Tink-a-Tako - Potranco,168,9/24/25 10:57 AM,2,Esperansa Caviedes,38,0.00,25.46,2.09,0.00,0.00
Tink-a-Tako - Potranco,169,9/24/25 10:59 AM,1,Rosa Compean,33,0.00,11.98,0.99,0.00,0.00
Tink-a-Tako - Potranco,171,9/24/25 11:01 AM,1,Daniela Torres,,0.00,1.99,0.16,0.00,0.00
Tink-a-Tako - Potranco,172,9/24/25 11:01 AM,1,Daniela Torres,,0.00,19.72,1.63,0.00,0.00
Tink-a-Tako - Potranco,170,9/24/25 11:00 AM,1,Ivana Abundiz,,0.00,88.67,7.32,6.01,0.00
Tink-a-Tako - Potranco,173,9/24/25 11:02 AM,1,Daniela Torres,,0.00,10.95,0.90,0.00,0.00
Tink-a-Tako - Potranco,174,9/24/25 11:02 AM,1,Daniela Torres,,0.00,11.74,0.97,0.00,0.00
Tink-a-Tako - Potranco,175,9/24/25 11:06 AM,1,Daniela Torres,,0.00,5.48,0.46,0.00,0.00
Tink-a-Tako - Potranco,177,9/24/25 11:07 AM,2,Esperansa Caviedes,25,0.00,17.61,1.44,3.60,0.00
Tink-a-Tako - Potranco,178,9/24/25 11:10 AM,1,Norma Vasquez,22,0.00,11.98,0.99,3.00,0.00
Tink-a-Tako - Potranco,179,9/24/25 11:10 AM,1,Norma Vasquez,20,0.00,33.66,2.77,8.00,0.00
Tink-a-Tako - Potranco,180,9/24/25 11:10 AM,2,Rosa Compean,32,0.00,35.04,2.89,7.00,0.00
Tink-a-Tako - Potranco,181,9/24/25 11:12 AM,1,Ivana Abundiz,,0.00,5.49,0.45,0.00,0.00
Tink-a-Tako - Potranco,182,9/24/25 11:12 AM,1,Daniela Torres,,0.00,18.99,1.57,0.00,0.00
Tink-a-Tako - Potranco,183,9/24/25 11:12 AM,1,Daniela Torres,,0.00,3.98,0.33,0.00,0.00
Tink-a-Tako - Potranco,185,9/24/25 11:16 AM,2,Norma Vasquez,37,0.00,30.95,2.56,0.00,0.00
Tink-a-Tako - Potranco,186,9/24/25 11:20 AM,1,Esperansa Caviedes,19,0.00,13.19,1.08,0.00,0.00
Tink-a-Tako - Potranco,191,9/24/25 11:22 AM,1,Daniela Torres,,0.00,14.34,1.18,0.00,0.00
Tink-a-Tako - Potranco,192,9/24/25 11:23 AM,1,Daniela Torres,,0.00,12.87,1.06,3.00,0.00
Tink-a-Tako - Potranco,194,9/24/25 11:26 AM,1,Daniela Torres,,0.00,5.97,0.48,0.00,0.00
Tink-a-Tako - Potranco,193,9/24/25 11:26 AM,2,Esperansa Caviedes,35,0.00,9.97,0.81,0.00,0.00
Tink-a-Tako - Potranco,195,9/24/25 11:26 AM,1,Daniela Torres,,0.00,8.36,0.69,0.00,0.00
Tink-a-Tako - Potranco,196,9/24/25 11:30 AM,1,Daniela Torres,,0.00,8.16,0.68,0.00,0.00
Tink-a-Tako - Potranco,197,9/24/25 11:30 AM,1,Daniela Torres,,0.00,9.66,0.79,0.00,0.00
Tink-a-Tako - Potranco,199,9/24/25 11:31 AM,1,Daniela Torres,,0.00,11.13,0.91,0.00,0.00
Tink-a-Tako - Potranco,201,9/24/25 11:33 AM,2,Norma Vasquez,33,0.00,25.36,2.10,0.00,0.00
Tink-a-Tako - Potranco,200,9/24/25 11:32 AM,2,Rosa Compean,17,0.00,27.41,2.26,0.00,0.00
Tink-a-Tako - Potranco,202,9/24/25 11:33 AM,2,Rosa Compean,18,0.00,25.07,2.06,0.00,0.00
Tink-a-Tako - Potranco,203,9/24/25 11:35 AM,1,Daniela Torres,,0.00,11.37,0.94,1.71,0.00
Tink-a-Tako - Potranco,204,9/24/25 11:35 AM,1,Daniela Torres,,0.00,3.78,0.31,0.00,0.00
Tink-a-Tako - Potranco,205,9/24/25 11:36 AM,1,Daniela Torres,,0.00,5.58,0.46,0.00,0.00
Tink-a-Tako - Potranco,207,9/24/25 11:37 AM,2,Rosa Compean,24,0.00,27.88,2.29,0.00,0.00
Tink-a-Tako - Potranco,208,9/24/25 11:39 AM,1,Daniela Torres,,0.00,6.98,0.58,0.00,0.00
Tink-a-Tako - Potranco,209,9/24/25 11:41 AM,1,Daniela Torres,,0.00,11.74,0.97,0.00,0.00
Tink-a-Tako - Potranco,210,9/24/25 11:41 AM,1,Ivana Abundiz,,0.00,16.24,1.34,0.00,0.00
Tink-a-Tako - Potranco,211,9/24/25 11:42 AM,1,Daniela Torres,,0.00,7.73,0.63,0.00,0.00
Tink-a-Tako - Potranco,212,9/24/25 11:42 AM,1,Daniela Torres,,0.00,9.98,0.82,0.00,0.00
Tink-a-Tako - Potranco,213,9/24/25 11:42 AM,3,Norma Vasquez,31,0.00,52.94,4.37,11.67,0.00
Tink-a-Tako - Potranco,214,9/24/25 11:43 AM,1,Daniela Torres,,0.00,4.58,0.38,0.00,0.00
Tink-a-Tako - Potranco,216,9/24/25 11:44 AM,1,Ivana Abundiz,,0.00,18.66,1.53,0.00,0.00
Tink-a-Tako - Potranco,217,9/24/25 11:45 AM,2,Esperansa Caviedes,7,0.00,21.98,1.81,5.50,0.00
Tink-a-Tako - Potranco,218,9/24/25 11:46 AM,1,Daniela Torres,,2.99,2.99,0.25,1.00,0.00
Tink-a-Tako - Potranco,219,9/24/25 11:46 AM,1,Daniela Torres,,0.84,11.22,0.93,0.00,0.00
Tink-a-Tako - Potranco,221,9/24/25 11:50 AM,3,Rosa Compean,22,0.00,72.95,6.00,10.00,0.00
Tink-a-Tako - Potranco,223,9/24/25 11:51 AM,3,Norma Vasquez,15,0.00,39.46,3.25,0.00,0.00
Tink-a-Tako - Potranco,220,9/24/25 11:50 AM,1,Daniela Torres,,0.00,4.78,0.40,0.00,0.00
Tink-a-Tako - Potranco,224,9/24/25 11:54 AM,3,Rosa Compean,32,0.00,41.45,3.40,0.00,0.00
Tink-a-Tako - Potranco,225,9/24/25 11:57 AM,1,Daniela Torres,,0.00,2.49,0.21,0.00,0.00
Tink-a-Tako - Potranco,226,9/24/25 11:57 AM,1,Daniela Torres,,0.00,12.77,1.05,0.00,0.00
Tink-a-Tako - Potranco,227,9/24/25 11:59 AM,2,Norma Vasquez,11,0.00,15.54,1.28,3.00,0.00
Tink-a-Tako - Potranco,228,9/24/25 12:00 PM,1,Daniela Torres,,0.00,4.58,0.38,0.00,0.00
Tink-a-Tako - Potranco,229,9/24/25 12:01 PM,2,Esperansa Caviedes,37,0.00,29.86,2.46,3.00,0.00
Tink-a-Tako - Potranco,235,9/24/25 12:08 PM,2,Rosa Compean,38,1.40,30.02,2.47,0.00,0.00
Tink-a-Tako - Potranco,236,9/24/25 12:09 PM,1,Daniela Torres,,0.00,10.47,0.86,0.00,0.00
Tink-a-Tako - Potranco,237,9/24/25 12:10 PM,1,Daniela Torres,,0.00,4.18,0.35,0.00,0.00
Tink-a-Tako - Potranco,238,9/24/25 12:11 PM,1,Daniela Torres,,0.00,12.99,1.07,0.00,0.00
Tink-a-Tako - Potranco,239,9/24/25 12:12 PM,1,Daniela Torres,,0.00,19.82,1.63,0.00,0.00
Tink-a-Tako - Potranco,240,9/24/25 12:17 PM,1,Daniela Torres,,0.00,6.18,0.51,0.00,0.00
Tink-a-Tako - Potranco,241,9/24/25 12:19 PM,1,Daniela Torres,,0.00,7.57,0.63,0.00,0.00
Tink-a-Tako - Potranco,242,9/24/25 12:24 PM,2,Norma Vasquez,33,0.00,23.48,1.93,2.00,0.00
Tink-a-Tako - Potranco,243,9/24/25 12:24 PM,1,Daniela Torres,,0.00,18.30,1.51,0.00,0.00
Tink-a-Tako - Potranco,244,9/24/25 12:25 PM,1,Daniela Torres,,0.00,13.87,1.14,0.00,0.00
Tink-a-Tako - Potranco,245,9/24/25 12:28 PM,1,Daniela Torres,,0.00,13.78,1.14,0.00,0.00
Tink-a-Tako - Potranco,246,9/24/25 12:31 PM,1,Daniela Torres,,0.00,3.98,0.33,0.00,0.00
Tink-a-Tako - Potranco,249,9/24/25 12:34 PM,1,Ivana Abundiz,,0.00,19.48,1.61,0.00,0.00
Tink-a-Tako - Potranco,250,9/24/25 12:39 PM,4,Esperansa Caviedes,37,0.00,64.84,5.33,5.00,0.00
Tink-a-Tako - Potranco,251,9/24/25 12:42 PM,1,Norma Vasquez,15,1.40,12.59,1.04,5.00,0.00
Tink-a-Tako - Potranco,252,9/24/25 12:44 PM,1,Esperansa Caviedes,1,0.00,0.00,0.00,0.00,0.00
Tink-a-Tako - Potranco,253,9/24/25 12:46 PM,1,Daniela Torres,,0.00,13.34,1.11,0.00,0.00
Tink-a-Tako - Potranco,254,9/24/25 12:47 PM,2,Rosa Compean,24,0.00,25.86,2.13,5.00,0.00
Tink-a-Tako - Potranco,258,9/24/25 12:56 PM,1,Norma Vasquez,26,0.00,8.44,0.69,3.00,0.00
Tink-a-Tako - Potranco,257,9/24/25 12:56 PM,1,Daniela Torres,,0.00,19.45,1.60,3.00,0.00
Tink-a-Tako - Potranco,259,9/24/25 12:56 PM,2,Rosa Compean,32,0.00,23.65,1.95,0.00,0.00
Tink-a-Tako - Potranco,262,9/24/25 1:00 PM,2,Norma Vasquez,7,0.00,25.96,2.14,0.00,0.00
Tink-a-Tako - Potranco,263,9/24/25 1:04 PM,1,Daniela Torres,,0.00,13.67,1.12,2.00,0.00
Tink-a-Tako - Potranco,264,9/24/25 1:04 PM,1,Daniela Torres,,0.00,8.47,0.69,0.00,0.00
Tink-a-Tako - Potranco,265,9/24/25 1:14 PM,1,Daniela Torres,,0.00,7.97,0.66,0.00,0.00
Tink-a-Tako - Potranco,266,9/24/25 1:14 PM,1,Daniela Torres,,0.00,18.43,1.52,0.00,0.00
Tink-a-Tako - Potranco,267,9/24/25 1:18 PM,1,Daniela Torres,,0.00,12.99,1.07,0.00,0.00
Tink-a-Tako - Potranco,268,9/24/25 1:19 PM,1,Daniela Torres,,0.00,9.95,0.82,0.00,0.00
Tink-a-Tako - Potranco,269,9/24/25 1:24 PM,1,Daniela Torres,,0.00,19.44,1.60,0.00,0.00
Tink-a-Tako - Potranco,270,9/24/25 1:27 PM,1,Daniela Torres,,0.00,14.13,1.17,0.00,0.00
Tink-a-Tako - Potranco,271,9/24/25 1:34 PM,1,Daniela Torres,,0.00,13.38,1.11,0.00,0.00
Tink-a-Tako - Potranco,273,9/24/25 1:43 PM,6,Esperansa Caviedes,31,0.00,62.96,5.20,0.00,12.59
Tink-a-Tako - Potranco,274,9/24/25 1:44 PM,1,Rosa Compean,18,0.00,8.24,0.68,0.00,0.00
Tink-a-Tako - Potranco,272,9/24/25 1:36 PM,1,Daniela Torres,,0.00,13.16,1.09,0.00,0.00
Tink-a-Tako - Potranco,275,9/24/25 1:47 PM,1,Daniela Torres,,0.00,7.99,0.66,0.00,0.00
Tink-a-Tako - Potranco,276,9/24/25 1:48 PM,1,Daniela Torres,,0.00,2.49,0.21,0.00,0.00
Tink-a-Tako - Potranco,277,9/24/25 1:53 PM,1,Daniela Torres,,0.00,6.28,0.52,2.00,0.00
Tink-a-Tako - Potranco,279,9/24/25 1:55 PM,1,Sergio Abundiz,,0.00,13.26,1.08,0.00,0.00
Tink-a-Tako - Potranco,280,9/24/25 2:19 PM,1,Lizeth Alonso,,0.00,5.49,0.45,0.00,0.00
Tink-a-Tako - Potranco,281,9/24/25 2:26 PM,1,Lizeth Alonso,,0.00,7.16,0.59,0.00,0.00
Tink-a-Tako - Potranco,282,9/24/25 2:44 PM,1,Lizeth Alonso,,0.00,16.16,1.34,0.00,0.00
Tink-a-Tako - Potranco,283,9/24/25 2:49 PM,1,Lizeth Alonso,,0.00,14.48,1.20,0.00,0.00
Tink-a-Tako - Potranco,284,9/24/25 2:58 PM,1,Juan  Camacho,25,0.00,12.68,1.04,0.00,0.00
Tink-a-Tako - Potranco,285,9/24/25 3:04 PM,2,Sergio Abundiz,37,0.00,31.97,2.64,0.00,0.00
Tink-a-Tako - Potranco,286,9/24/25 3:04 PM,1,Lizeth Alonso,,0.00,11.49,0.95,1.00,0.00
Tink-a-Tako - Potranco,287,9/24/25 3:18 PM,1,Lizeth Alonso,,0.00,12.99,1.07,0.00,0.00
Tink-a-Tako - Potranco,288,9/24/25 3:29 PM,2,Juan  Camacho,31,0.00,54.71,4.50,0.00,0.00
Tink-a-Tako - Potranco,289,9/24/25 3:29 PM,1,Lizeth Alonso,,0.00,9.18,0.76,0.00,0.00
Tink-a-Tako - Potranco,291,9/24/25 3:32 PM,1,Juan  Camacho,,0.00,7.97,0.66,0.00,0.00
Tink-a-Tako - Potranco,292,9/24/25 3:32 PM,1,Lizeth Alonso,,0.00,10.99,0.91,0.00,0.00
Tink-a-Tako - Potranco,293,9/24/25 3:33 PM,1,Lizeth Alonso,,0.00,7.16,0.59,2.00,0.00
Tink-a-Tako - Potranco,295,9/24/25 3:33 PM,2,Sergio Abundiz,26,0.00,21.43,1.76,0.00,0.00
Tink-a-Tako - Potranco,297,9/24/25 3:50 PM,3,Juan  Camacho,22,0.00,60.09,4.96,5.00,0.00
Tink-a-Tako - Potranco,298,9/24/25 3:52 PM,1,Sergio Abundiz,,0.00,11.27,0.92,0.00,0.00
Tink-a-Tako - Potranco,299,9/24/25 4:11 PM,3,Sergio Abundiz,25,0.00,53.99,4.45,0.00,0.00
Tink-a-Tako - Potranco,300,9/24/25 4:26 PM,2,Juan  Camacho,17,0.00,46.20,3.80,8.00,0.00
Tink-a-Tako - Potranco,301,9/24/25 4:30 PM,1,Lizeth Alonso,,0.00,15.77,1.30,0.00,0.00
Tink-a-Tako - Potranco,302,9/24/25 4:34 PM,1,Lizeth Alonso,,0.00,19.96,1.65,0.00,0.00
Tink-a-Tako - Potranco,303,9/24/25 4:35 PM,1,Lizeth Alonso,,0.00,15.85,1.30,0.00,0.00
Tink-a-Tako - Potranco,304,9/24/25 4:39 PM,2,Sergio Abundiz,32,0.00,34.88,2.86,0.00,0.00
Tink-a-Tako - Potranco,305,9/24/25 4:44 PM,1,Lizeth Alonso,,0.00,11.67,0.96,0.00,0.00
Tink-a-Tako - Potranco,307,9/24/25 4:51 PM,2,Juan  Camacho,7,0.70,13.27,1.10,0.00,0.00
Tink-a-Tako - Potranco,306,9/24/25 4:51 PM,1,Lizeth Alonso,,0.00,4.18,0.34,0.00,0.00
Tink-a-Tako - Potranco,308,9/24/25 5:04 PM,2,Sergio Abundiz,8,0.00,29.38,2.41,5.88,0.00
Tink-a-Tako - Potranco,309,9/24/25 5:11 PM,1,Lizeth Alonso,,0.00,10.99,0.91,0.00,0.00
Tink-a-Tako - Potranco,310,9/24/25 5:11 PM,3,Juan  Camacho,23,0.00,65.91,5.44,0.00,0.00
Tink-a-Tako - Potranco,311,9/24/25 5:14 PM,1,Lizeth Alonso,,0.00,9.50,0.79,0.00,0.00
Tink-a-Tako - Potranco,312,9/24/25 5:23 PM,1,Lizeth Alonso,,0.00,10.99,0.91,2.00,0.00
Tink-a-Tako - Potranco,313,9/24/25 5:26 PM,1,Lizeth Alonso,,0.00,4.79,0.40,1.00,0.00
Tink-a-Tako - Potranco,314,9/24/25 5:32 PM,1,Lizeth Alonso,,0.00,39.99,3.30,0.00,0.00
Tink-a-Tako - Potranco,315,9/24/25 5:38 PM,2,Sergio Abundiz,32,0.00,29.92,2.46,8.00,0.00
Tink-a-Tako - Potranco,316,9/24/25 5:42 PM,2,Mayra Luna,,26.97,0.00,0.00,0.00,0.00
Tink-a-Tako - Potranco,317,9/24/25 6:00 PM,1,Lizeth Alonso,,0.00,17.66,1.45,0.00,0.00
Tink-a-Tako - Potranco,319,9/24/25 6:10 PM,2,Sergio Abundiz,25,0.00,38.95,3.21,7.00,0.00
Tink-a-Tako - Potranco,318,9/24/25 6:05 PM,1,Lizeth Alonso,,0.00,27.48,2.27,0.00,0.00
Tink-a-Tako - Potranco,320,9/24/25 6:14 PM,1,Juan  Camacho,37,0.00,10.69,0.88,0.00,0.00
Tink-a-Tako - Potranco,321,9/24/25 6:19 PM,1,Lizeth Alonso,,0.00,9.15,0.74,0.00,0.00
Tink-a-Tako - Potranco,322,9/24/25 6:20 PM,1,Lizeth Alonso,,0.00,4.99,0.41,0.00,0.00
Tink-a-Tako - Potranco,325,9/24/25 6:24 PM,1,Lizeth Alonso,,0.00,4.98,0.41,1.00,0.00
Tink-a-Tako - Potranco,326,9/24/25 6:25 PM,1,Lizeth Alonso,,0.00,15.94,1.32,0.00,0.00
Tink-a-Tako - Potranco,327,9/24/25 6:28 PM,2,Sergio Abundiz,23,0.00,38.94,3.21,7.79,0.00
Tink-a-Tako - Potranco,328,9/24/25 6:29 PM,1,Lizeth Alonso,,2.03,22.21,1.84,2.00,0.00
Tink-a-Tako - Potranco,329,9/24/25 6:41 PM,1,Juan  Camacho,33,0.00,24.98,2.06,5.00,0.00
Tink-a-Tako - Potranco,330,9/24/25 6:42 PM,1,Lizeth Alonso,,0.00,9.78,0.81,0.00,0.00
Tink-a-Tako - Potranco,331,9/24/25 6:49 PM,3,Juan  Camacho,7,0.00,51.41,4.24,15.00,0.00
Tink-a-Tako - Potranco,333,9/24/25 6:54 PM,1,Lizeth Alonso,,0.00,39.43,3.26,2.00,0.00
Tink-a-Tako - Potranco,335,9/24/25 7:01 PM,1,Juan  Camacho,32,0.00,20.22,1.67,0.00,0.00
Tink-a-Tako - Potranco,334,9/24/25 7:00 PM,2,Sergio Abundiz,8,0.00,34.50,2.83,0.00,0.00
Tink-a-Tako - Potranco,336,9/24/25 7:08 PM,1,Lizeth Alonso,,0.00,23.76,1.96,0.00,0.00
Tink-a-Tako - Potranco,337,9/24/25 7:44 PM,1,Lizeth Alonso,,0.00,21.12,1.74,3.00,0.00
Tink-a-Tako - Potranco,338,9/24/25 7:47 PM,3,Sergio Abundiz,23,0.00,59.29,4.88,0.00,0.00
Tink-a-Tako - Potranco,339,9/24/25 7:47 PM,2,Juan  Camacho,25,0.00,13.87,1.14,0.00,0.00
Tink-a-Tako - Potranco,341,9/24/25 7:58 PM,2,Juan  Camacho,22,0.00,22.88,1.88,6.00,0.00
Tink-a-Tako - Potranco,340,9/24/25 7:51 PM,1,Lizeth Alonso,,0.00,38.00,3.13,0.00,0.00
Tink-a-Tako - Potranco,343,9/24/25 8:19 PM,6,Sergio Abundiz,31,0.00,108.14,8.90,0.00,21.63
Tink-a-Tako - Potranco,344,9/24/25 8:26 PM,1,Lizeth Alonso,,0.00,7.44,0.61,0.00,0.00
Tink-a-Tako - Potranco,345,9/24/25 8:52 PM,1,Lizeth Alonso,,0.00,6.68,0.55,0.00,0.00
