Employee,Job Title,Regular Hours,Overtime Hours,Hourly Rate,Regular Pay,Overtime Pay,Total Pay,Net Sales,Declared Tips,Non-Cash Tips,Total Tips,Tips Withheld,Total Gratuity,Employee ID,Job Code,Location,Location Code
"Abundiz, Ivana",Host,6.18,0.0,14.00,86.52,0.00,86.52,214.40,,12.70,12.70,0.00,0.00,,,Tink-a-Tako - Potranco,
"Abundiz, Sergio",Server,12.18,0.0,,,,,505.92,,28.67,28.67,0.00,21.63,,,Tink-a-Tako - Potranco,
"Alonso, Lizeth",Host,7.16,0.0,13.00,93.08,0.00,93.08,487.41,,14.00,14.00,0.00,0.00,,,Tink-a-Tako - Potranco,
"Alvarado, Rodolfo",Cook,8.31,0.0,17.00,141.27,0.00,141.27,0.00,0.00,0.00,0.00,0.00,0.00,,,Tink-a-Tako - Potranco,
"Aviles, Genaro",Cook,8.66,0.0,15.00,129.90,0.00,129.90,0.00,,0.00,0.00,0.00,0.00,,,Tink-a-Tako - Potranco,
"Calderon, Jesus",Cook,6.97,0.0,,,,,0.00,,0.00,0.00,0.00,0.00,,,Tink-a-Tako - Potranco,
"Camacho, Juan ",Server,7.91,0.0,3.00,23.73,0.00,23.73,404.88,,39.00,39.00,0.00,0.00,,,Tink-a-Tako - Potranco,
"Caviedes, Esperansa",Server,7.13,0.0,3.00,21.39,0.00,21.39,472.08,,57.87,57.87,0.00,12.59,,,Tink-a-Tako - Potranco,
"Compean, Rosa",Server,6.22,0.0,3.00,18.66,0.00,18.66,611.83,,65.51,65.51,0.00,0.00,,,Tink-a-Tako - Potranco,
"Diaz, Diego",Cook,8.64,0.0,,,,,0.00,,0.00,0.00,0.00,0.00,,,Tink-a-Tako - Potranco,
"Gonzales (Line) , Maria",Cook,6.94,0.0,14.00,97.16,0.00,97.16,0.00,,0.00,0.00,0.00,0.00,,,Tink-a-Tako - Potranco,
"Gonzalez, Maria ",Tortillero,7.66,0.0,13.00,99.58,0.00,99.58,0.00,,0.00,0.00,0.00,0.00,,,Tink-a-Tako - Potranco,
"Juarez, Maria",Dishwasher,7.0,0.0,12.00,84.00,0.00,84.00,0.00,0.00,0.00,0.00,0.00,0.00,,,Tink-a-Tako - Potranco,
"Luna, Mayra",Shift Manager / Assistant Manager,7.78,0.0,,,,,0.00,,0.00,0.00,0.00,0.00,1919,,Tink-a-Tako - Potranco,
"Ramirez Perez, Silvia",Cook,8.54,0.0,17.00,145.18,0.00,145.18,0.00,,0.00,0.00,0.00,0.00,,,Tink-a-Tako - Potranco,
"Rueda, Jonathan",Busser,4.93,0.0,12.00,59.16,0.00,59.16,0.00,,0.00,0.00,0.00,0.00,,,Tink-a-Tako - Potranco,
"Salinas, Zoila",Manager S.,18.84,0.0,18.75,353.25,0.00,353.25,0.00,0.00,0.00,0.00,0.00,0.00,,,Tink-a-Tako - Potranco,
"Serrato, Joshua ",Busser,5.07,0.0,12.00,60.84,0.00,60.84,0.00,,0.00,0.00,0.00,0.00,,,Tink-a-Tako - Potranco,
"Torres, Daniela",Drive-Thru,7.76,0.0,,,,,1648.00,,44.77,44.77,0.00,0.00,,,Tink-a-Tako - Potranco,
"Trevino, Melissa",Dishwasher,7.07,0.0,13.00,91.91,0.00,91.91,0.00,,0.00,0.00,0.00,0.00,,,Tink-a-Tako - Potranco,
"Vasquez, Norma",Server,7.57,0.0,5.00,37.85,0.00,37.85,628.74,,89.67,89.67,0.00,0.00,,,Tink-a-Tako - Potranco,
"huerta, Arturo ",Dishwasher,6.55,0.0,12.00,78.60,0.00,78.60,0.00,,0.00,0.00,0.00,0.00,,,Tink-a-Tako - Potranco,
