,Location,Employee,Job Title,In Date,Shift Closed Date,Out Date,Hours,Cash Tips Decl.,Cash on Hand,Cash in Drawer,Non-Cash Tips,Cash Gratuity,Non-Cash Gratuity,Tips Withheld,Non-Cash Sales,Cash Sales,Total Sales,Cash Collected?,Tips Paid?,Open,Paid,Closed,Tip Share Total
800000029950909051,Tink-a-Tako - Potranco,Rodolfo Alvarado,Cook,9/24/25 5:41 AM,9/25/25 4:07 AM,9/24/25 2:00 PM,8.31,0.00,0.00,0.00,0.00,0.00,0.00,0.00,0.00,0.00,0.00,yes,yes,0,0,0,0.00
800000029951020259,Tink-a-Tako - Potranco,Norma Vasquez,Server,9/24/25 6:11 AM,9/24/25 1:46 PM,9/24/25 1:46 PM,7.57,,80.57,0.00,89.67,0.00,0.00,0.00,600.00,80.57,680.57,yes,yes,0,0,30,0.00
800000029951050973,Tink-a-Tako - Potranco,Daniela Torres,Drive-Thru,9/24/25 6:17 AM,9/24/25 1:59 PM,9/24/25 2:03 PM,7.76,,394.96,0.00,44.77,0.00,0.00,0.00,1388.87,394.96,1783.83,yes,yes,0,0,168,0.00
800000029951920551,Tink-a-Tako - Potranco,Esperansa Caviedes,Server,9/24/25 7:40 AM,9/24/25 2:48 PM,9/24/25 2:48 PM,7.13,,125.66,0.00,57.87,0.00,12.59,0.00,385.26,125.66,510.92,yes,yes,0,0,24,0.00
800000029952107486,Tink-a-Tako - Potranco,Rosa Compean,Server,9/24/25 7:53 AM,9/24/25 2:06 PM,9/24/25 2:06 PM,6.22,,207.42,0.00,65.51,0.00,0.00,0.00,454.78,207.42,662.20,yes,yes,0,0,28,0.00
800000029952124953,Tink-a-Tako - Potranco,Ivana Abundiz,Host,9/24/25 7:54 AM,9/24/25 1:59 PM,9/24/25 2:05 PM,6.18,,0.00,3.83,12.70,0.00,0.00,0.00,228.27,3.83,232.10,yes,yes,0,0,12,0.00
800000029953350085,Tink-a-Tako - Potranco,Zoila Salinas,Manager S.,9/24/25 9:09 AM,9/25/25 4:07 AM,9/25/25 4:00 AM,18.84,0.00,0.00,0.00,0.00,0.00,0.00,0.00,0.00,0.00,0.00,yes,yes,0,0,0,0.00
800000029954005176,Tink-a-Tako - Potranco,Sergio Abundiz,Server,9/24/25 9:48 AM,9/24/25 9:23 PM,9/24/25 9:59 PM,12.18,,169.41,0.00,28.67,0.00,21.63,0.00,378.12,169.41,547.53,yes,yes,0,0,14,0.00
800000029962116626,Tink-a-Tako - Potranco,Lizeth Alonso,Host,9/24/25 1:55 PM,9/24/25 9:02 PM,9/24/25 9:04 PM,7.16,,0.00,140.40,14.00,0.00,0.00,0.00,387.23,140.40,527.63,yes,yes,0,0,33,0.00
800000029962196571,Tink-a-Tako - Potranco,Jesus Calderon,Cook,9/24/25 1:57 PM,9/24/25 8:55 PM,9/24/25 8:55 PM,6.97,,0.00,0.00,0.00,0.00,0.00,0.00,0.00,0.00,0.00,yes,yes,0,0,0,0.00
800000029962517433,Tink-a-Tako - Potranco,Juan  Camacho,Server,9/24/25 2:07 PM,9/24/25 9:28 PM,9/24/25 10:02 PM,7.91,,129.39,0.00,39.00,0.00,0.00,0.00,308.86,129.39,438.25,yes,yes,0,0,13,0.00
800000029962750981,Tink-a-Tako - Potranco,Mayra Luna,Shift Manager / Assistant Manager,9/24/25 2:15 PM,9/24/25 10:01 PM,9/24/25 10:01 PM,7.78,,0.00,0.00,0.00,0.00,0.00,0.00,0.00,0.00,0.00,yes,yes,0,0,1,0.00
800000029965967125,Tink-a-Tako - Potranco,Jonathan Rueda,Busser,9/24/25 4:00 PM,9/24/25 8:56 PM,9/24/25 8:56 PM,4.93,,0.00,0.00,0.00,0.00,0.00,0.00,0.00,0.00,0.00,yes,yes,0,0,0,0.00
