Location,Server,Check #,Table,Station,Expediter Level,Fired Date,Fulfilled Date,Fulfillment Time,Fulfilled By
2919 Blanco Rd,AM CASHIER,34,,,1,9/22/25 7:24 AM,9/22/25 8:12 AM,48 minutes,Cinthia Patlan
2919 Blanco Rd,Sami Martinez ,25,11,,1,9/22/25 7:04 AM,9/22/25 8:12 AM,"1 hour, 7 minutes and 54 seconds",Cinthia Patlan
2919 Blanco Rd,Sami Martinez ,11,17,,1,9/22/25 6:17 AM,9/22/25 8:12 AM,"1 hour, 55 minutes and 33 seconds",Cinthia Patlan
2919 Blanco Rd,Sami Martinez ,57,20,,1,9/22/25 8:02 AM,9/22/25 8:12 AM,10 minutes and 42 seconds,Cinthia Patlan
2919 Blanco Rd,AM CASHIER,8,,,1,9/22/25 6:09 AM,9/22/25 8:12 AM,"2 hours, 2 minutes and 54 seconds",Cinthia Patlan
2919 Blanco Rd,AM CASHIER,14,,,1,9/22/25 6:22 AM,9/22/25 8:12 AM,"1 hour, 50 minutes and 40 seconds",Cinthia Patlan
2919 Blanco Rd,AM CASHIER,7,,,1,9/22/25 6:09 AM,9/22/25 8:12 AM,"2 hours, 3 minutes and 25 seconds",Cinthia Patlan
2919 Blanco Rd,AM CASHIER,55,,,1,9/22/25 7:58 AM,9/22/25 8:12 AM,14 minutes and 28 seconds,Cinthia Patlan
2919 Blanco Rd,AM CASHIER,65,,,1,9/22/25 8:17 AM,9/22/25 8:27 AM,9 minutes and 57 seconds,Cinthia Patlan
2919 Blanco Rd,AM CASHIER,60,,,1,9/22/25 8:10 AM,9/22/25 8:27 AM,17 minutes and 4 seconds,Cinthia Patlan
2919 Blanco Rd,AM CASHIER,73,,,1,9/22/25 8:32 AM,9/22/25 9:16 AM,44 minutes and 9 seconds,Cinthia Patlan
2919 Blanco Rd,AM CASHIER,84,,,1,9/22/25 8:54 AM,9/22/25 9:16 AM,22 minutes and 39 seconds,Cinthia Patlan
2919 Blanco Rd,AM CASHIER,87,,,1,9/22/25 8:56 AM,9/22/25 9:16 AM,20 minutes and 47 seconds,Cinthia Patlan
2919 Blanco Rd,Sami Martinez ,95,6,,1,9/22/25 9:08 AM,9/22/25 9:16 AM,8 minutes and 20 seconds,Cinthia Patlan
2919 Blanco Rd,Sami Martinez ,96,1,,1,9/22/25 9:09 AM,9/22/25 9:21 AM,11 minutes and 22 seconds,Cinthia Patlan
2919 Blanco Rd,samantha lopez,94,13,,1,9/22/25 9:08 AM,9/22/25 9:21 AM,12 minutes and 28 seconds,Cinthia Patlan
2919 Blanco Rd,samantha lopez,101,3,,1,9/22/25 9:15 AM,9/22/25 9:24 AM,8 minutes and 51 seconds,Cinthia Patlan
2919 Blanco Rd,Sami Martinez ,102,5,,1,9/22/25 9:17 AM,9/22/25 9:24 AM,7 minutes and 4 seconds,Cinthia Patlan
2919 Blanco Rd,AM CASHIER,113,,,1,9/22/25 9:28 AM,9/22/25 9:45 AM,17 minutes and 25 seconds,Cinthia Patlan
2919 Blanco Rd,AM CASHIER,110,,,1,9/22/25 9:21 AM,9/22/25 9:45 AM,23 minutes and 38 seconds,Cinthia Patlan
2919 Blanco Rd,AM CASHIER,185,,,1,9/22/25 9:24 AM,9/22/25 9:45 AM,21 minutes and 31 seconds,Cinthia Patlan
2919 Blanco Rd,samantha lopez,121,19,,1,9/22/25 9:34 AM,9/22/25 9:46 AM,11 minutes and 44 seconds,Cinthia Patlan
2919 Blanco Rd,samantha lopez,127,6,,1,9/22/25 9:39 AM,9/22/25 9:47 AM,7 minutes and 42 seconds,Cinthia Patlan
2919 Blanco Rd,Sami Martinez ,126,4,,1,9/22/25 9:39 AM,9/22/25 9:52 AM,13 minutes and 31 seconds,Cinthia Patlan
2919 Blanco Rd,AM CASHIER,137,,,1,9/22/25 9:50 AM,9/22/25 10:00 AM,10 minutes and 7 seconds,Cinthia Patlan
2919 Blanco Rd,Sami Martinez ,138,20,,1,9/22/25 9:51 AM,9/22/25 10:00 AM,9 minutes and 25 seconds,Cinthia Patlan
2919 Blanco Rd,AM CASHIER,129,,,1,9/22/25 9:43 AM,9/22/25 10:00 AM,17 minutes and 21 seconds,Cinthia Patlan
2919 Blanco Rd,AM CASHIER,129,,,1,9/22/25 9:44 AM,9/22/25 10:00 AM,16 minutes and 34 seconds,Cinthia Patlan
2919 Blanco Rd,Sami Martinez ,128,17,,1,9/22/25 9:41 AM,9/22/25 10:00 AM,18 minutes and 57 seconds,Cinthia Patlan
2919 Blanco Rd,AM CASHIER,136,,,1,9/22/25 9:49 AM,9/22/25 10:00 AM,10 minutes and 50 seconds,Cinthia Patlan
2919 Blanco Rd,samantha lopez,130,7,,1,9/22/25 9:44 AM,9/22/25 10:00 AM,16 minutes and 17 seconds,Cinthia Patlan
2919 Blanco Rd,samantha lopez,142,22,,1,9/22/25 9:58 AM,9/22/25 10:11 AM,13 minutes and 14 seconds,Cinthia Patlan
2919 Blanco Rd,samantha lopez,150,6,,1,9/22/25 10:06 AM,9/22/25 10:12 AM,6 minutes and 16 seconds,Cinthia Patlan
2919 Blanco Rd,Sami Martinez ,148,5,,1,9/22/25 10:06 AM,9/22/25 10:19 AM,13 minutes and 34 seconds,Cinthia Patlan
2919 Blanco Rd,AM CASHIER,146,,,1,9/22/25 10:03 AM,9/22/25 10:19 AM,15 minutes and 58 seconds,Cinthia Patlan
2919 Blanco Rd,Sami Martinez ,128,17,,1,9/22/25 10:12 AM,9/22/25 10:19 AM,7 minutes and 54 seconds,Cinthia Patlan
2919 Blanco Rd,samantha lopez,178,5,,1,9/22/25 11:10 AM,9/22/25 11:18 AM,7 minutes and 50 seconds,Cinthia Patlan
2919 Blanco Rd,AM CASHIER,159,,,1,9/22/25 10:19 AM,9/22/25 11:27 AM,"1 hour, 7 minutes and 59 seconds",Cinthia Patlan
2919 Blanco Rd,AM CASHIER,171,,,1,9/22/25 11:05 AM,9/22/25 11:27 AM,22 minutes and 5 seconds,Cinthia Patlan
2919 Blanco Rd,samantha lopez,142,22,,1,9/22/25 10:21 AM,9/22/25 11:27 AM,"1 hour, 5 minutes and 43 seconds",Cinthia Patlan
2919 Blanco Rd,AM CASHIER,170,,,1,9/22/25 10:53 AM,9/22/25 11:27 AM,33 minutes and 44 seconds,Cinthia Patlan
2919 Blanco Rd,AM CASHIER,152,,,1,9/22/25 10:07 AM,9/22/25 11:27 AM,"1 hour, 19 minutes and 9 seconds",Cinthia Patlan
2919 Blanco Rd,AM CASHIER,163,,,1,9/22/25 10:29 AM,9/22/25 11:27 AM,57 minutes and 31 seconds,Cinthia Patlan
2919 Blanco Rd,Sami Martinez ,167,13,,1,9/22/25 11:18 AM,9/22/25 11:27 AM,9 minutes and 7 seconds,Cinthia Patlan
2919 Blanco Rd,Sami Martinez ,167,13,,1,9/22/25 10:39 AM,9/22/25 11:27 AM,47 minutes and 50 seconds,Cinthia Patlan
2919 Blanco Rd,Martina Ovalle ,176,,,1,9/22/25 11:18 AM,9/22/25 11:27 AM,9 minutes and 7 seconds,Cinthia Patlan
2919 Blanco Rd,Sami Martinez ,192,7,,1,9/22/25 11:42 AM,9/22/25 11:52 AM,10 minutes and 1 second,Cinthia Patlan
2919 Blanco Rd,Sami Martinez ,167,13,,1,9/22/25 11:38 AM,9/22/25 11:52 AM,14 minutes and 2 seconds,Cinthia Patlan
2919 Blanco Rd,samantha lopez,190,4,,1,9/22/25 11:33 AM,9/22/25 11:52 AM,18 minutes and 10 seconds,Cinthia Patlan
2919 Blanco Rd,AM CASHIER,171,,,1,9/22/25 11:45 AM,9/22/25 11:52 AM,6 minutes and 59 seconds,Cinthia Patlan
2919 Blanco Rd,AM CASHIER,171,,,1,9/22/25 11:33 AM,9/22/25 11:52 AM,18 minutes and 59 seconds,Cinthia Patlan
2919 Blanco Rd,Martina Ovalle ,195,,,1,9/22/25 11:49 AM,9/22/25 12:22 PM,33 minutes and 20 seconds,Cinthia Patlan
2919 Blanco Rd,samantha lopez,193,19,,1,9/22/25 11:46 AM,9/22/25 12:22 PM,36 minutes and 15 seconds,Cinthia Patlan
2919 Blanco Rd,samantha lopez,208,20,,1,9/22/25 12:19 PM,9/22/25 12:36 PM,17 minutes and 19 seconds,Cinthia Patlan
2919 Blanco Rd,Sami Martinez ,205,10,,1,9/22/25 12:22 PM,9/22/25 12:36 PM,14 minutes and 29 seconds,Cinthia Patlan
2919 Blanco Rd,samantha lopez,203,12,,1,9/22/25 12:14 PM,9/22/25 12:36 PM,22 minutes and 26 seconds,Cinthia Patlan
2919 Blanco Rd,Sami Martinez ,202,2,,1,9/22/25 12:11 PM,9/22/25 12:36 PM,24 minutes and 40 seconds,Cinthia Patlan
2919 Blanco Rd,Sami Martinez ,211,3,,1,9/22/25 12:26 PM,9/22/25 12:36 PM,10 minutes and 6 seconds,Cinthia Patlan
2919 Blanco Rd,samantha lopez,215,17,,1,9/22/25 12:32 PM,9/22/25 12:42 PM,10 minutes and 18 seconds,Cinthia Patlan
2919 Blanco Rd,Sami Martinez ,212,7,,1,9/22/25 12:32 PM,9/22/25 12:44 PM,11 minutes and 59 seconds,Cinthia Patlan
2919 Blanco Rd,Sami Martinez ,212,7,,1,9/22/25 12:49 PM,9/22/25 1:12 PM,22 minutes and 28 seconds,Cinthia Patlan
2919 Blanco Rd,AM CASHIER,221,,,1,9/22/25 12:48 PM,9/22/25 1:12 PM,24 minutes and 4 seconds,Cinthia Patlan
2919 Blanco Rd,AM CASHIER,225,,,1,9/22/25 1:03 PM,9/22/25 1:12 PM,9 minutes and 8 seconds,Cinthia Patlan
2919 Blanco Rd,samantha lopez,224,1,,1,9/22/25 1:09 PM,9/22/25 1:17 PM,8 minutes and 8 seconds,Cinthia Patlan
2919 Blanco Rd,samantha lopez,236,9,,1,9/22/25 1:32 PM,9/22/25 1:42 PM,9 minutes and 42 seconds,Cinthia Patlan
2919 Blanco Rd,samantha lopez,233,4,,1,9/22/25 1:31 PM,9/22/25 2:01 PM,30 minutes and 11 seconds,Cinthia Patlan
2919 Blanco Rd,samantha lopez,243,6,,1,9/22/25 1:55 PM,9/22/25 2:01 PM,5 minutes and 37 seconds,Cinthia Patlan
2919 Blanco Rd,samantha lopez,245,5,,1,9/22/25 2:11 PM,9/22/25 2:39 PM,27 minutes and 53 seconds,Cinthia Patlan
2919 Blanco Rd,samantha lopez,250,7,,1,9/22/25 2:32 PM,9/22/25 2:39 PM,7 minutes and 43 seconds,Cinthia Patlan
2919 Blanco Rd,samantha lopez,243,6,,1,9/22/25 2:26 PM,9/22/25 2:39 PM,13 minutes and 24 seconds,Cinthia Patlan
2919 Blanco Rd,Maria  Salazar,254,,,1,9/22/25 2:40 PM,9/22/25 3:15 PM,34 minutes and 13 seconds,Cinthia Patlan
2919 Blanco Rd,Maria  Salazar,253,,,1,9/22/25 2:37 PM,9/22/25 3:15 PM,37 minutes and 9 seconds,Cinthia Patlan
2919 Blanco Rd,samantha lopez,250,7,,1,9/22/25 3:03 PM,9/22/25 3:15 PM,11 minutes and 22 seconds,Cinthia Patlan
2919 Blanco Rd,samantha lopez,263,15,,1,9/22/25 3:16 PM,9/22/25 3:21 PM,5 minutes and 37 seconds,Cinthia Patlan
2919 Blanco Rd,samantha lopez,262,4,,1,9/22/25 3:09 PM,9/22/25 3:21 PM,12 minutes and 41 seconds,Cinthia Patlan
2919 Blanco Rd,samantha lopez,265,,,1,9/22/25 3:47 PM,9/22/25 3:58 PM,10 minutes and 52 seconds,Cinthia Patlan
2919 Blanco Rd,samantha lopez,266,5,,1,9/22/25 3:47 PM,9/22/25 4:16 PM,29 minutes and 6 seconds,Cinthia Patlan
2919 Blanco Rd,samantha lopez,276,14,,1,9/22/25 4:15 PM,9/22/25 4:22 PM,6 minutes and 57 seconds,Cinthia Patlan
2919 Blanco Rd,samantha lopez,276,14,,1,9/22/25 4:14 PM,9/22/25 4:22 PM,8 minutes and 51 seconds,Cinthia Patlan
2919 Blanco Rd,samantha lopez,275,,,1,9/22/25 4:24 PM,9/22/25 4:39 PM,15 minutes and 44 seconds,Cinthia Patlan
2919 Blanco Rd,samantha lopez,281,,,1,9/22/25 4:39 PM,9/22/25 4:39 PM,30 seconds,Cinthia Patlan
2919 Blanco Rd,samantha lopez,286,4,,1,9/22/25 4:46 PM,9/22/25 5:51 PM,"1 hour, 5 minutes and 4 seconds",Cinthia Patlan
2919 Blanco Rd,samantha lopez,295,20,,1,9/22/25 5:44 PM,9/22/25 5:58 PM,13 minutes and 41 seconds,Cinthia Patlan
2919 Blanco Rd,samantha lopez,296,16,,1,9/22/25 5:50 PM,9/22/25 6:04 PM,14 minutes and 13 seconds,Cinthia Patlan
2919 Blanco Rd,samantha lopez,305,,,1,9/22/25 6:46 PM,9/22/25 7:00 PM,13 minutes and 46 seconds,Cinthia Patlan
2919 Blanco Rd,samantha lopez,307,,,1,9/22/25 6:59 PM,9/22/25 7:13 PM,14 minutes and 3 seconds,Cinthia Patlan
2919 Blanco Rd,samantha lopez,295,20,,1,9/22/25 7:01 PM,9/22/25 7:13 PM,11 minutes and 47 seconds,Cinthia Patlan
