Employee,Job Title,Regular Hours,Overtime Hours,Hourly Rate,Regular Pay,Overtime Pay,Total Pay,Net Sales,Declared Tips,Non-Cash Tips,Total Tips,Tips Withheld,Total Gratuity,Employee ID,Job Code,Location,Location Code
"CASHIER, AM",General Manager,7.5,0.0,,,,,324.30,,4.00,4.00,0.00,0.00,,,2919 Blanco Rd,
"Cin, Cin",Drive-Thru,4.23,0.0,,,,,333.28,,7.47,7.47,0.00,0.00,,,2919 Blanco Rd,
"Hernandez, Celinda",Cook,9.11,0.0,16.00,145.76,0.00,145.76,0.00,,0.00,0.00,0.00,0.00,,,2919 Blanco Rd,
"Hernandez, Fidelia ",Cook,8.64,0.0,14.00,120.96,0.00,120.96,0.00,,0.00,0.00,0.00,0.00,,,2919 Blanco Rd,
"Martinez , Sami",Server,7.49,0.0,3.00,22.47,0.00,22.47,347.10,,25.50,25.50,0.00,0.00,,,2919 Blanco Rd,
"Melendez, Ninoska",Tortillero/a,15.51,0.0,13.00,201.63,0.00,201.63,0.00,,0.00,0.00,0.00,0.00,,,2919 Blanco Rd,
"Ovalle , Martina",Drive-Thru,7.41,0.0,,,,,1238.14,,38.14,38.14,0.00,0.00,,,2919 Blanco Rd,
"Rivera, Dante Antonio ",Cook,7.44,0.0,,,,,0.00,,0.00,0.00,0.00,0.00,,,2919 Blanco Rd,
"Salazar, Maria ",Shift Manager / Assistant Manager,8.12,0.0,,,,,322.90,,7.00,7.00,0.00,0.00,,,2919 Blanco Rd,
"Villalobos , Veronica ",Cook,6.07,0.0,14.00,84.98,0.00,84.98,0.00,,0.00,0.00,0.00,0.00,,,2919 Blanco Rd,
"lopez, samantha",Server,12.25,0.0,3.00,36.75,0.00,36.75,844.34,,56.00,56.00,0.00,0.00,,,2919 Blanco Rd,
