,Location,Employee,Job Title,In Date,Shift Closed Date,Out Date,Hours,Cash Tips Decl.,Cash on Hand,Cash in Drawer,Non-Cash Tips,Cash Gratuity,Non-Cash Gratuity,Tips Withheld,Non-Cash Sales,Cash Sales,Total Sales,Cash Collected?,Tips Paid?,Open,Paid,Closed,Tip Share Total
800000029894838133,2919 Blanco Rd,Martina Ovalle ,Drive-Thru,9/22/25 5:43 AM,9/22/25 1:02 PM,9/22/25 1:08 PM,7.41,,0.00,522.67,38.14,0.00,0.00,0.00,817.32,522.67,1339.99,yes,yes,0,0,130,0.00
800000029894878772,2919 Blanco Rd,AM CASHIER,General Manager,9/22/25 5:59 AM,9/22/25 1:28 PM,9/22/25 1:29 PM,7.50,,0.00,143.52,4.00,0.00,0.00,0.00,207.49,143.52,351.01,yes,yes,0,0,26,0.00
800000029894937346,2919 Blanco Rd,Sami Martinez ,Server,9/22/25 6:10 AM,9/22/25 1:11 PM,9/22/25 1:39 PM,7.49,,0.00,204.54,25.50,0.00,0.00,0.00,171.19,204.54,375.73,yes,yes,0,0,16,0.00
800000029895989358,2919 Blanco Rd,Maria  Salazar,Shift Manager / Assistant Manager,9/22/25 8:02 AM,9/22/25 4:09 PM,9/22/25 4:09 PM,8.12,,0.00,62.10,7.00,0.00,0.00,0.00,287.42,62.10,349.52,yes,yes,0,0,25,0.00
800000029896019752,2919 Blanco Rd,samantha lopez,Server,9/22/25 8:04 AM,9/22/25 1:28 PM,9/22/25 1:28 PM,5.39,,0.00,110.85,37.00,0.00,0.00,0.00,229.86,110.85,340.71,yes,yes,0,0,13,0.00
800000029904007310,2919 Blanco Rd,samantha lopez,Server,9/22/25 1:28 PM,9/22/25 7:59 PM,9/22/25 8:19 PM,6.86,,0.00,299.66,19.00,0.00,0.00,0.00,273.54,299.66,573.20,yes,yes,0,0,20,0.00
800000029908323105,2919 Blanco Rd,Cin Cin,Drive-Thru,9/22/25 4:06 PM,9/22/25 8:02 PM,9/22/25 8:20 PM,4.23,,0.00,90.48,7.47,0.00,0.00,0.00,270.27,90.48,360.75,yes,yes,0,0,23,0.00
