Location,Order #,Opened,# of Guests,Server,Table,Discount Amount,Amount,Tax,Tip,Gratuity
12060 Potranco Road,1,10/23/25 6:31 AM,1,Lizbeth Garcia,,0.00,6.88,0.57,1.00,0.00
12060 Potranco Road,2,10/23/25 6:33 AM,1,Melissa  Urena,,0.00,7.07,0.59,0.00,0.00
12060 Potranco Road,5,10/23/25 6:45 AM,1,Lizbeth Garcia,,0.00,6.18,0.51,0.00,0.00
12060 Potranco Road,3,10/23/25 6:33 AM,1,Melissa  Urena,,0.00,8.27,0.69,0.00,0.00
12060 Potranco Road,7,10/23/25 6:57 AM,1,Melissa  Urena,,0.84,7.52,0.63,0.00,0.00
12060 Potranco Road,8,10/23/25 7:02 AM,1,Melissa  Urena,,0.00,3.78,0.31,0.00,0.00
12060 Potranco Road,10,10/23/25 7:12 AM,1,Lizbeth Garcia,20,0.00,9.97,0.83,3.00,0.00
12060 Potranco Road,11,10/23/25 7:13 AM,1,Melissa  Urena,,0.00,5.97,0.49,0.00,0.00
12060 Potranco Road,13,10/23/25 7:22 AM,1,Melissa  Urena,,0.00,8.16,0.68,1.00,0.00
12060 Potranco Road,15,10/23/25 7:25 AM,1,Emanuel Sanchez,,0.00,12.57,1.04,2.00,0.00
12060 Potranco Road,16,10/23/25 7:30 AM,1,Emanuel Sanchez,,0.00,9.07,0.75,2.00,0.00
12060 Potranco Road,17,10/23/25 7:31 AM,1,Lizbeth Garcia,17,0.90,8.09,0.67,0.00,0.00
12060 Potranco Road,18,10/23/25 7:33 AM,1,Melissa  Urena,,0.00,4.28,0.35,0.00,0.00
12060 Potranco Road,19,10/23/25 7:34 AM,1,Melissa  Urena,,0.00,9.95,0.81,0.00,0.00
12060 Potranco Road,20,10/23/25 7:37 AM,1,Melissa  Urena,,4.25,0.00,0.00,0.00,0.00
12060 Potranco Road,22,10/23/25 7:47 AM,1,Melissa  Urena,,0.00,17.85,1.48,0.00,0.00
12060 Potranco Road,23,10/23/25 7:47 AM,1,Melissa  Urena,,0.00,19.46,1.60,0.00,0.00
12060 Potranco Road,21,10/23/25 7:47 AM,1,Sugey Cabrera,,0.00,0.00,0.00,0.00,0.00
12060 Potranco Road,24,10/23/25 7:52 AM,1,Sugey Cabrera,,0.00,10.36,0.86,2.00,0.00
12060 Potranco Road,25,10/23/25 7:52 AM,1,Sugey Cabrera,,0.00,9.07,0.74,0.00,0.00
12060 Potranco Road,27,10/23/25 7:54 AM,1,Melissa  Urena,,0.00,3.78,0.31,1.00,0.00
12060 Potranco Road,28,10/23/25 7:54 AM,1,Melissa  Urena,,0.00,17.84,1.48,2.00,0.00
12060 Potranco Road,29,10/23/25 7:56 AM,1,Melissa  Urena,,0.00,21.89,1.80,0.00,0.00
12060 Potranco Road,30,10/23/25 7:57 AM,1,Melissa  Urena,,0.00,10.78,0.89,1.00,0.00
12060 Potranco Road,31,10/23/25 8:00 AM,1,Melissa  Urena,,0.00,8.78,0.72,0.00,0.00
12060 Potranco Road,32,10/23/25 8:01 AM,1,Melissa  Urena,,0.00,5.08,0.42,0.00,0.00
12060 Potranco Road,33,10/23/25 8:04 AM,1,Melissa  Urena,,0.00,11.15,0.92,0.00,0.00
12060 Potranco Road,34,10/23/25 8:06 AM,1,Melissa  Urena,,0.00,17.97,1.48,0.00,0.00
12060 Potranco Road,35,10/23/25 8:07 AM,1,Melissa  Urena,,0.00,4.98,0.41,0.00,0.00
12060 Potranco Road,36,10/23/25 8:09 AM,1,Melissa  Urena,,0.00,9.56,0.79,0.00,0.00
12060 Potranco Road,37,10/23/25 8:10 AM,1,Melissa  Urena,,0.70,6.27,0.52,1.00,0.00
12060 Potranco Road,38,10/23/25 8:11 AM,1,Melissa  Urena,,0.00,0.00,0.00,0.00,0.00
12060 Potranco Road,39,10/23/25 8:12 AM,1,Melissa  Urena,,0.00,22.12,1.83,3.00,0.00
12060 Potranco Road,40,10/23/25 8:16 AM,1,Melissa  Urena,,0.00,8.38,0.69,0.00,0.00
12060 Potranco Road,42,10/23/25 8:19 AM,1,Melissa  Urena,,0.00,5.37,0.44,0.00,0.00
12060 Potranco Road,41,10/23/25 8:18 AM,1,Emanuel Sanchez,,0.00,25.68,2.12,0.00,0.00
12060 Potranco Road,43,10/23/25 8:25 AM,1,Melissa  Urena,,0.00,12.27,1.01,0.00,0.00
12060 Potranco Road,44,10/23/25 8:26 AM,1,Melissa  Urena,,0.00,17.20,1.42,0.00,0.00
12060 Potranco Road,45,10/23/25 8:27 AM,1,Melissa  Urena,,0.00,11.37,0.94,0.00,0.00
12060 Potranco Road,46,10/23/25 8:28 AM,1,Melissa  Urena,,0.00,5.39,0.44,0.00,0.00
12060 Potranco Road,47,10/23/25 8:30 AM,1,Melissa  Urena,,0.00,8.56,0.71,0.00,0.00
12060 Potranco Road,49,10/23/25 8:32 AM,1,Melissa  Urena,,0.00,8.96,0.74,0.00,0.00
12060 Potranco Road,50,10/23/25 8:33 AM,1,Melissa  Urena,,0.00,0.00,0.00,0.00,0.00
12060 Potranco Road,51,10/23/25 8:33 AM,1,Melissa  Urena,,0.00,7.27,0.60,0.00,0.00
12060 Potranco Road,48,10/23/25 8:32 AM,1,Sugey Cabrera,,35.02,0.00,0.00,0.00,0.00
12060 Potranco Road,52,10/23/25 8:38 AM,1,Melissa  Urena,,0.00,11.78,0.97,3.00,0.00
12060 Potranco Road,53,10/23/25 8:39 AM,1,Melissa  Urena,,0.00,11.67,0.96,0.00,0.00
12060 Potranco Road,54,10/23/25 8:46 AM,1,Lizbeth Garcia,,0.00,12.05,1.00,2.00,0.00
12060 Potranco Road,55,10/23/25 8:50 AM,1,Melissa  Urena,,0.00,2.49,0.21,0.00,0.00
12060 Potranco Road,57,10/23/25 8:56 AM,1,Sugey Cabrera,,0.00,9.47,0.78,2.00,0.00
12060 Potranco Road,56,10/23/25 8:50 AM,1,Melissa  Urena,,0.00,2.79,0.23,0.00,0.00
12060 Potranco Road,59,10/23/25 8:58 AM,1,Melissa  Urena,,0.00,11.35,0.93,0.00,0.00
12060 Potranco Road,60,10/23/25 9:08 AM,1,Melissa  Urena,,0.00,11.94,0.98,0.00,0.00
12060 Potranco Road,61,10/23/25 9:08 AM,1,Melissa  Urena,,0.00,21.70,1.79,2.00,0.00
12060 Potranco Road,62,10/23/25 9:12 AM,1,Melissa  Urena,,0.00,14.66,1.21,0.00,0.00
12060 Potranco Road,63,10/23/25 9:17 AM,1,Melissa  Urena,,0.00,11.26,0.93,0.00,0.00
12060 Potranco Road,64,10/23/25 9:19 AM,1,Melissa  Urena,,0.00,7.98,0.66,0.00,0.00
12060 Potranco Road,65,10/23/25 9:24 AM,1,Melissa  Urena,,0.00,26.61,2.20,0.00,0.00
12060 Potranco Road,68,10/23/25 9:24 AM,1,Melissa  Urena,,0.00,12.57,1.04,0.00,0.00
12060 Potranco Road,31001,10/23/25 9:26 AM,1,Melissa  Urena,,0.00,3.98,0.33,0.00,0.00
12060 Potranco Road,70,10/23/25 9:30 AM,1,Melissa  Urena,,0.00,9.67,0.79,2.00,0.00
12060 Potranco Road,71,10/23/25 9:33 AM,1,Melissa  Urena,,0.00,18.96,1.56,5.00,0.00
12060 Potranco Road,73,10/23/25 9:35 AM,1,Lizbeth Garcia,15,0.00,11.98,0.99,0.00,0.00
12060 Potranco Road,72,10/23/25 9:35 AM,2,Emanuel Sanchez,23,0.00,26.71,2.19,0.00,0.00
12060 Potranco Road,74,10/23/25 9:36 AM,1,Melissa  Urena,,0.00,11.66,0.96,1.00,0.00
12060 Potranco Road,75,10/23/25 9:38 AM,2,Sugey Cabrera,3,0.00,14.74,1.22,5.00,0.00
12060 Potranco Road,76,10/23/25 9:41 AM,1,Melissa  Urena,,0.00,2.79,0.23,0.00,0.00
12060 Potranco Road,78,10/23/25 9:42 AM,1,Melissa  Urena,,0.00,0.00,0.00,0.00,0.00
12060 Potranco Road,77,10/23/25 9:42 AM,1,Sugey Cabrera,,0.00,6.57,0.54,0.00,0.00
12060 Potranco Road,79,10/23/25 9:42 AM,1,Melissa  Urena,,0.00,8.76,0.73,1.75,0.00
12060 Potranco Road,80,10/23/25 9:42 AM,1,Melissa  Urena,,0.00,6.87,0.57,0.00,0.00
12060 Potranco Road,81,10/23/25 9:44 AM,1,Emanuel Sanchez,14,0.00,6.57,0.55,2.00,0.00
12060 Potranco Road,84,10/23/25 9:50 AM,1,Melissa  Urena,,0.00,5.37,0.44,0.00,0.00
12060 Potranco Road,83,10/23/25 9:50 AM,1,Melissa  Urena,,0.00,11.46,0.94,0.00,0.00
12060 Potranco Road,82,10/23/25 9:50 AM,2,Lizbeth Garcia,16,0.00,28.66,2.36,5.00,0.00
12060 Potranco Road,86,10/23/25 10:04 AM,1,Melissa  Urena,,0.00,11.85,0.98,0.00,0.00
12060 Potranco Road,88,10/23/25 10:08 AM,1,Melissa  Urena,,0.00,15.27,1.26,0.00,0.00
12060 Potranco Road,89,10/23/25 10:09 AM,1,Melissa  Urena,,0.00,1.99,0.16,0.00,0.00
12060 Potranco Road,90,10/23/25 10:12 AM,1,Melissa  Urena,,0.00,7.16,0.59,0.00,0.00
12060 Potranco Road,91,10/23/25 10:15 AM,1,Melissa  Urena,,0.00,11.36,0.94,0.00,0.00
12060 Potranco Road,92,10/23/25 10:18 AM,1,Melissa  Urena,,0.00,5.98,0.50,0.00,0.00
12060 Potranco Road,93,10/23/25 10:21 AM,1,Melissa  Urena,,0.00,10.99,0.91,2.00,0.00
12060 Potranco Road,94,10/23/25 10:23 AM,1,Melissa  Urena,,0.00,8.76,0.71,0.00,0.00
12060 Potranco Road,95,10/23/25 10:24 AM,1,Melissa  Urena,,0.00,27.42,2.26,0.00,0.00
12060 Potranco Road,97,10/23/25 10:27 AM,1,Lizbeth Garcia,20,0.00,7.08,0.58,3.00,0.00
12060 Potranco Road,96,10/23/25 10:26 AM,2,Emanuel Sanchez,14,0.00,31.61,2.60,6.32,0.00
12060 Potranco Road,98,10/23/25 10:35 AM,1,Melissa  Urena,,0.00,12.15,1.00,2.43,0.00
12060 Potranco Road,100,10/23/25 10:39 AM,1,Sugey Cabrera,,0.00,29.41,2.42,0.00,0.00
12060 Potranco Road,99,10/23/25 10:37 AM,1,Melissa  Urena,,0.00,21.90,1.80,0.00,0.00
12060 Potranco Road,102,10/23/25 10:44 AM,1,Sugey Cabrera,11,0.00,24.22,2.00,0.00,0.00
12060 Potranco Road,103,10/23/25 10:47 AM,1,Melissa  Urena,,0.00,5.47,0.45,0.00,0.00
12060 Potranco Road,104,10/23/25 10:51 AM,1,Lizbeth Garcia,,0.00,7.76,0.63,0.00,0.00
12060 Potranco Road,105,10/23/25 10:54 AM,1,Melissa  Urena,,0.00,14.72,1.22,0.00,0.00
12060 Potranco Road,107,10/23/25 10:58 AM,1,Melissa  Urena,,0.00,4.78,0.40,0.00,0.00
12060 Potranco Road,108,10/23/25 10:59 AM,1,Melissa  Urena,,0.00,15.37,1.27,0.00,0.00
12060 Potranco Road,109,10/23/25 11:01 AM,1,Melissa  Urena,,0.00,8.57,0.71,0.00,0.00
12060 Potranco Road,111,10/23/25 11:02 AM,1,Melissa  Urena,,0.00,7.87,0.65,0.00,0.00
12060 Potranco Road,110,10/23/25 11:02 AM,1,Sugey Cabrera,,0.00,8.99,0.74,0.00,0.00
12060 Potranco Road,113,10/23/25 11:07 AM,1,Melissa  Urena,,0.00,4.28,0.35,0.00,0.00
12060 Potranco Road,114,10/23/25 11:08 AM,1,Melissa  Urena,,0.00,36.01,2.98,0.00,0.00
12060 Potranco Road,115,10/23/25 11:08 AM,1,Lizbeth Garcia,22,0.00,5.98,0.50,0.00,0.00
12060 Potranco Road,116,10/23/25 11:11 AM,1,Melissa  Urena,,0.00,10.26,0.84,3.00,0.00
12060 Potranco Road,106,10/23/25 10:56 AM,44,Emanuel Sanchez,3,0.00,55.55,4.57,0.00,0.00
12060 Potranco Road,117,10/23/25 11:19 AM,1,Melissa  Urena,,0.00,26.24,2.17,1.00,0.00
12060 Potranco Road,119,10/23/25 11:20 AM,1,Melissa  Urena,,0.00,28.98,2.39,0.00,0.00
12060 Potranco Road,118,10/23/25 11:20 AM,2,Emanuel Sanchez,31,0.00,25.76,2.11,8.00,0.00
12060 Potranco Road,120,10/23/25 11:23 AM,1,Lizbeth Garcia,,0.00,30.69,2.54,6.00,0.00
12060 Potranco Road,121,10/23/25 11:31 AM,2,Emanuel Sanchez,1,0.00,19.54,1.60,2.93,0.00
12060 Potranco Road,123,10/23/25 11:39 AM,3,Lizbeth Garcia,16,0.00,69.99,5.78,15.00,0.00
12060 Potranco Road,122,10/23/25 11:38 AM,3,Emanuel Sanchez,12,0.00,56.83,4.67,11.36,0.00
12060 Potranco Road,124,10/23/25 11:41 AM,1,Melissa  Urena,,0.00,25.64,2.12,3.00,0.00
12060 Potranco Road,125,10/23/25 11:43 AM,1,Melissa  Urena,,0.00,17.28,1.42,0.00,0.00
12060 Potranco Road,126,10/23/25 11:43 AM,2,Emanuel Sanchez,34,0.00,0.00,0.00,0.00,0.00
12060 Potranco Road,127,10/23/25 11:45 AM,3,Lizbeth Garcia,21,0.00,40.16,3.31,0.00,0.00
12060 Potranco Road,128,10/23/25 11:53 AM,1,Melissa  Urena,,0.00,12.35,1.03,0.00,0.00
12060 Potranco Road,130,10/23/25 11:56 AM,1,Melissa  Urena,,0.00,16.06,1.32,0.00,0.00
12060 Potranco Road,132,10/23/25 12:08 PM,1,Melissa  Urena,,0.00,17.98,1.48,0.00,0.00
12060 Potranco Road,135,10/23/25 12:10 PM,1,Sugey Cabrera,,0.00,15.97,1.32,0.00,0.00
12060 Potranco Road,134,10/23/25 12:09 PM,2,Emanuel Sanchez,15,1.60,35.36,2.92,7.39,0.00
12060 Potranco Road,137,10/23/25 12:12 PM,4,Emanuel Sanchez,28,0.00,76.44,6.30,15.29,0.00
12060 Potranco Road,133,10/23/25 12:09 PM,1,Melissa  Urena,,0.00,30.62,2.52,0.00,0.00
12060 Potranco Road,138,10/23/25 12:16 PM,2,Lizbeth Garcia,18,0.00,22.27,1.83,6.00,0.00
12060 Potranco Road,139,10/23/25 12:16 PM,3,Lizbeth Garcia,7,0.00,45.97,3.79,5.00,0.00
12060 Potranco Road,140,10/23/25 12:17 PM,2,Sugey Cabrera,2,0.00,0.00,0.00,0.00,0.00
12060 Potranco Road,141,10/23/25 12:19 PM,2,Emanuel Sanchez,14,0.00,34.75,2.86,0.00,0.00
12060 Potranco Road,143,10/23/25 12:22 PM,1,Lizbeth Garcia,1,0.00,26.27,2.17,4.56,0.00
12060 Potranco Road,144,10/23/25 12:24 PM,2,Lizbeth Garcia,11,0.00,16.94,1.40,5.00,0.00
12060 Potranco Road,145,10/23/25 12:24 PM,1,Melissa  Urena,,0.00,14.98,1.24,0.00,0.00
12060 Potranco Road,146,10/23/25 12:27 PM,1,Melissa  Urena,,5.60,25.44,2.09,0.00,0.00
12060 Potranco Road,148,10/23/25 12:38 PM,1,Melissa  Urena,,0.00,13.37,1.10,0.00,0.00
12060 Potranco Road,147,10/23/25 12:38 PM,1,Sugey Cabrera,,0.00,19.96,1.65,0.00,0.00
12060 Potranco Road,150,10/23/25 12:38 PM,2,Emanuel Sanchez,4,0.00,29.96,2.47,5.00,0.00
12060 Potranco Road,152,10/23/25 12:39 PM,1,Lizbeth Garcia,21,0.00,21.07,1.74,5.00,0.00
12060 Potranco Road,153,10/23/25 12:40 PM,2,Emanuel Sanchez,16,0.00,23.46,1.93,5.16,0.00
12060 Potranco Road,155,10/23/25 12:44 PM,6,Lizbeth Garcia,37,5.90,101.33,8.36,0.00,0.00
12060 Potranco Road,151,10/23/25 12:38 PM,1,Melissa  Urena,,0.00,23.64,1.94,20.00,0.00
12060 Potranco Road,157,10/23/25 12:48 PM,1,Sugey Cabrera,,0.00,4.99,0.41,0.00,0.00
12060 Potranco Road,159,10/23/25 1:03 PM,1,Emanuel Sanchez,22,0.00,12.98,1.07,2.60,0.00
12060 Potranco Road,160,10/23/25 1:06 PM,1,Melissa  Urena,,0.00,9.27,0.77,0.00,0.00
12060 Potranco Road,161,10/23/25 1:14 PM,1,Melissa  Urena,,0.00,14.77,1.22,3.00,0.00
12060 Potranco Road,162,10/23/25 1:15 PM,2,Lizbeth Garcia,15,0.00,29.97,2.47,7.00,0.00
12060 Potranco Road,163,10/23/25 1:28 PM,2,Emanuel Sanchez,20,1.10,27.46,2.26,0.00,0.00
12060 Potranco Road,164,10/23/25 1:32 PM,1,Melissa  Urena,,0.00,6.97,0.58,2.00,0.00
12060 Potranco Road,165,10/23/25 1:33 PM,1,Melissa  Urena,,0.00,5.58,0.46,1.00,0.00
12060 Potranco Road,166,10/23/25 1:33 PM,2,Lizbeth Garcia,31,0.00,18.94,1.57,4.00,0.00
12060 Potranco Road,167,10/23/25 1:39 PM,1,Melissa  Urena,,0.00,11.99,0.99,0.00,0.00
12060 Potranco Road,168,10/23/25 1:41 PM,1,Emanuel Sanchez,,0.00,13.48,1.11,0.00,0.00
12060 Potranco Road,169,10/23/25 1:57 PM,1,Melissa  Urena,,0.00,13.96,1.16,0.00,0.00
12060 Potranco Road,170,10/23/25 1:59 PM,1,Melissa  Urena,,0.00,28.37,2.34,0.00,0.00
12060 Potranco Road,171,10/23/25 2:06 PM,1,Melissa  Urena,,0.00,16.47,1.36,0.00,0.00
12060 Potranco Road,172,10/23/25 2:11 PM,1,Melissa  Urena,,0.00,4.99,0.41,0.00,0.00
12060 Potranco Road,174,10/23/25 2:12 PM,1,Mario Jimenez,,0.00,9.24,0.76,0.00,0.00
12060 Potranco Road,175,10/23/25 2:22 PM,1,Mario Jimenez,,0.00,21.94,1.81,3.29,0.00
12060 Potranco Road,177,10/23/25 2:27 PM,1,Mario Jimenez,,0.00,88.97,7.34,17.79,0.00
12060 Potranco Road,176,10/23/25 2:27 PM,4,Leticia Roman,14,0.00,54.21,4.47,6.00,0.00
12060 Potranco Road,178,10/23/25 2:32 PM,4,Leticia Roman,26,0.00,44.94,3.71,8.00,0.00
12060 Potranco Road,179,10/23/25 2:34 PM,1,Mario Jimenez,,0.00,31.91,2.63,0.00,0.00
12060 Potranco Road,180,10/23/25 2:35 PM,3,Leticia Roman,16,0.00,72.75,6.00,2.00,0.00
12060 Potranco Road,181,10/23/25 2:37 PM,1,Mario Jimenez,,0.00,11.37,0.94,0.00,0.00
12060 Potranco Road,182,10/23/25 2:38 PM,1,Leticia Roman,,0.00,11.99,0.99,0.00,0.00
12060 Potranco Road,185,10/23/25 2:50 PM,1,Mario Jimenez,,0.00,20.94,1.73,2.00,0.00
12060 Potranco Road,186,10/23/25 2:51 PM,1,Candy Del Angel,,0.00,0.00,0.00,0.00,0.00
12060 Potranco Road,187,10/23/25 2:57 PM,1,Mario Jimenez,,0.00,10.99,0.91,0.00,0.00
12060 Potranco Road,189,10/23/25 2:58 PM,2,Leticia Roman,29,0.00,95.97,7.92,0.00,0.00
12060 Potranco Road,190,10/23/25 3:20 PM,1,Mario Jimenez,,0.00,54.21,4.46,0.00,0.00
12060 Potranco Road,191,10/23/25 3:33 PM,1,Mario Jimenez,,0.00,5.98,0.49,0.00,0.00
12060 Potranco Road,193,10/23/25 4:06 PM,2,Monica Herrera,15,0.00,34.36,2.84,6.70,0.00
12060 Potranco Road,197,10/23/25 4:18 PM,1,Brianna Aragon,,28.96,0.00,0.00,0.00,0.00
12060 Potranco Road,198,10/23/25 4:33 PM,1,Mario Jimenez,,0.00,13.98,1.16,0.00,0.00
12060 Potranco Road,201,10/23/25 4:44 PM,2,Brianna Aragon,2,0.00,41.16,3.39,10.45,0.00
12060 Potranco Road,203,10/23/25 4:56 PM,1,Mario Jimenez,,0.00,14.19,1.17,0.00,0.00
12060 Potranco Road,205,10/23/25 5:22 PM,3,Leticia Roman,3,0.00,37.63,3.11,0.00,0.00
12060 Potranco Road,204,10/23/25 5:21 PM,2,Monica Herrera,15,0.00,33.25,2.74,7.00,0.00
12060 Potranco Road,206,10/23/25 5:28 PM,1,Candy Del Angel,,0.00,10.99,0.91,0.00,0.00
12060 Potranco Road,207,10/23/25 5:29 PM,6,Brianna Aragon,7,0.00,88.30,7.28,15.00,0.00
12060 Potranco Road,208,10/23/25 5:40 PM,1,Mario Jimenez,,0.00,10.99,0.91,0.00,0.00
12060 Potranco Road,210,10/23/25 5:53 PM,1,Mario Jimenez,,0.00,0.00,0.00,0.00,0.00
12060 Potranco Road,211,10/23/25 5:54 PM,1,Monica Herrera,23,0.00,12.98,1.07,0.00,0.00
12060 Potranco Road,209,10/23/25 5:52 PM,2,Leticia Roman,12,0.00,39.70,3.27,7.94,0.00
12060 Potranco Road,212,10/23/25 5:58 PM,1,Mario Jimenez,,0.00,7.16,0.59,1.58,0.00
12060 Potranco Road,214,10/23/25 6:14 PM,1,Mario Jimenez,,0.00,41.97,3.46,0.00,0.00
12060 Potranco Road,215,10/23/25 6:18 PM,1,Mario Jimenez,,0.00,40.09,3.30,6.01,0.00
12060 Potranco Road,213,10/23/25 6:06 PM,1,Mario Jimenez,,0.00,15.78,1.30,0.00,0.00
12060 Potranco Road,217,10/23/25 6:22 PM,1,Mario Jimenez,,0.00,25.98,2.14,0.00,0.00
12060 Potranco Road,220,10/23/25 6:42 PM,2,Brianna Aragon,15,0.00,27.97,2.31,5.59,0.00
12060 Potranco Road,218,10/23/25 6:41 PM,1,Monica Herrera,11,0.00,19.98,1.65,0.00,0.00
12060 Potranco Road,221,10/23/25 6:43 PM,1,Mario Jimenez,,0.00,10.99,0.91,0.00,0.00
12060 Potranco Road,222,10/23/25 6:47 PM,2,Brianna Aragon,1,0.00,29.98,2.48,7.00,0.00
12060 Potranco Road,223,10/23/25 6:48 PM,1,Mario Jimenez,,0.00,18.19,1.50,0.00,0.00
12060 Potranco Road,224,10/23/25 6:48 PM,2,Leticia Roman,2,0.00,35.56,2.92,5.00,0.00
12060 Potranco Road,226,10/23/25 6:50 PM,1,Brianna Aragon,3,0.00,41.36,3.41,10.00,0.00
12060 Potranco Road,225,10/23/25 6:49 PM,2,Monica Herrera,3,0.00,37.90,3.13,4.00,0.00
12060 Potranco Road,228,10/23/25 6:55 PM,1,Mario Jimenez,,0.00,10.56,0.87,0.00,0.00
12060 Potranco Road,230,10/23/25 6:56 PM,1,Mario Jimenez,,0.00,13.98,1.15,0.00,0.00
12060 Potranco Road,227,10/23/25 6:52 PM,1,Mario Jimenez,,0.00,25.98,2.14,0.00,0.00
12060 Potranco Road,229,10/23/25 6:56 PM,6,Leticia Roman,37,0.00,75.42,6.22,11.31,0.00
12060 Potranco Road,232,10/23/25 7:06 PM,2,Brianna Aragon,14,0.00,36.36,2.99,4.00,0.00
12060 Potranco Road,234,10/23/25 7:10 PM,3,Leticia Roman,4,0.00,73.23,6.03,10.00,0.00
12060 Potranco Road,235,10/23/25 7:14 PM,1,Mario Jimenez,,0.00,3.78,0.31,0.00,0.00
12060 Potranco Road,236,10/23/25 7:19 PM,1,Mario Jimenez,,0.00,19.96,1.65,0.00,0.00
12060 Potranco Road,238,10/23/25 7:21 PM,2,Leticia Roman,6,0.00,40.61,3.34,8.12,0.00
12060 Potranco Road,237,10/23/25 7:19 PM,12,Monica Herrera,20,0.00,129.84,10.68,11.00,25.96
12060 Potranco Road,239,10/23/25 7:25 PM,1,Mario Jimenez,,0.00,13.27,1.10,0.00,0.00
12060 Potranco Road,241,10/23/25 7:26 PM,3,Brianna Aragon,31,0.00,39.54,3.26,7.00,0.00
12060 Potranco Road,240,10/23/25 7:25 PM,1,Mario Jimenez,,0.00,21.97,1.81,0.00,0.00
12060 Potranco Road,242,10/23/25 7:28 PM,1,Mario Jimenez,,0.00,13.75,1.13,2.06,0.00
12060 Potranco Road,244,10/23/25 7:30 PM,2,Monica Herrera,34,0.00,42.30,3.48,10.22,0.00
12060 Potranco Road,243,10/23/25 7:29 PM,1,Mario Jimenez,,0.00,14.97,1.24,0.00,0.00
12060 Potranco Road,246,10/23/25 7:53 PM,3,Leticia Roman,1,0.00,83.72,6.89,0.00,0.00
12060 Potranco Road,247,10/23/25 7:56 PM,1,Mario Jimenez,,0.00,5.57,0.46,0.00,0.00
12060 Potranco Road,252,10/23/25 8:01 PM,1,Mario Jimenez,,0.00,9.98,0.82,0.00,0.00
12060 Potranco Road,254,10/23/25 8:40 PM,1,Mario Jimenez,,0.00,23.98,1.98,4.80,0.00
