Location,Server,Check #,Table,Station,Expediter Level,Fired Date,Fulfilled Date,Fulfillment Time,Fulfilled By
2919 Blanco Rd,Maria  Salazar,1,7,,1,8/17/25 8:03 AM,8/17/25 8:09 AM,5 minutes and 45 seconds,Cinthia Patlan
2919 Blanco Rd,Maria  Salazar,6,,,1,8/17/25 8:13 AM,8/17/25 9:24 AM,"1 hour, 10 minutes and 52 seconds",Cinthia Patlan
2919 Blanco Rd,Maria  Salazar,10,18,,1,8/17/25 8:27 AM,8/17/25 9:24 AM,56 minutes and 45 seconds,Cinthia Patlan
2919 Blanco Rd,Maria  Salazar,12,14,,1,8/17/25 8:28 AM,8/17/25 9:24 AM,56 minutes and 10 seconds,Cinthia Patlan
2919 Blanco Rd,Maria  Salazar,19,9,,1,8/17/25 8:51 AM,8/17/25 9:24 AM,33 minutes and 17 seconds,Cinthia Patlan
2919 Blanco Rd,Maria  Salazar,10,18,,1,8/17/25 8:57 AM,8/17/25 9:24 AM,26 minutes and 48 seconds,Cinthia Patlan
2919 Blanco Rd,Martina Ovalle ,27,5,,1,8/17/25 9:02 AM,8/17/25 9:24 AM,21 minutes and 39 seconds,Cinthia Patlan
2919 Blanco Rd,Martina Ovalle ,33,16,,1,8/17/25 9:15 AM,8/17/25 9:24 AM,8 minutes and 56 seconds,Cinthia Patlan
2919 Blanco Rd,Maria  Salazar,31,,,1,8/17/25 9:13 AM,8/17/25 9:24 AM,10 minutes and 48 seconds,Cinthia Patlan
2919 Blanco Rd,Martina Ovalle ,38,6,,1,8/17/25 9:23 AM,8/17/25 9:39 AM,16 minutes and 28 seconds,Cinthia Patlan
2919 Blanco Rd,samantha lopez,46,,,1,8/17/25 9:35 AM,8/17/25 9:39 AM,4 minutes and 52 seconds,Cinthia Patlan
2919 Blanco Rd,Martina Ovalle ,33,16,,1,8/17/25 9:26 AM,8/17/25 9:39 AM,13 minutes and 2 seconds,Cinthia Patlan
2919 Blanco Rd,Martina Ovalle ,33,16,,1,8/17/25 9:37 AM,8/17/25 9:39 AM,2 minutes and 32 seconds,Cinthia Patlan
2919 Blanco Rd,samantha lopez,46,,,1,8/17/25 9:45 AM,8/17/25 9:49 AM,4 minutes and 8 seconds,Cinthia Patlan
2919 Blanco Rd,Martina Ovalle ,48,3,,1,8/17/25 9:37 AM,8/17/25 9:49 AM,11 minutes and 54 seconds,Cinthia Patlan
2919 Blanco Rd,samantha lopez,71,,,1,8/17/25 10:15 AM,8/17/25 10:23 AM,8 minutes and 21 seconds,Cinthia Patlan
2919 Blanco Rd,Martina Ovalle ,54,12,,1,8/17/25 9:45 AM,8/17/25 10:30 AM,44 minutes and 29 seconds,Cinthia Patlan
2919 Blanco Rd,Martina Ovalle ,58,20,,1,8/17/25 10:00 AM,8/17/25 10:30 AM,29 minutes and 53 seconds,Cinthia Patlan
2919 Blanco Rd,Martina Ovalle ,38,6,,1,8/17/25 9:50 AM,8/17/25 10:30 AM,39 minutes and 37 seconds,Cinthia Patlan
2919 Blanco Rd,Martina Ovalle ,57,19,,1,8/17/25 9:58 AM,8/17/25 10:30 AM,31 minutes and 42 seconds,Cinthia Patlan
2919 Blanco Rd,Maria  Salazar,67,,,1,8/17/25 10:10 AM,8/17/25 10:30 AM,19 minutes and 51 seconds,Cinthia Patlan
2919 Blanco Rd,Maria  Salazar,63,,,1,8/17/25 10:09 AM,8/17/25 10:30 AM,20 minutes and 47 seconds,Cinthia Patlan
2919 Blanco Rd,Martina Ovalle ,33,16,,1,8/17/25 10:15 AM,8/17/25 10:30 AM,14 minutes and 9 seconds,Cinthia Patlan
2919 Blanco Rd,Maria  Salazar,70,,,1,8/17/25 10:13 AM,8/17/25 10:30 AM,16 minutes and 46 seconds,Cinthia Patlan
2919 Blanco Rd,Martina Ovalle ,88,7,,1,8/17/25 10:40 AM,8/17/25 10:55 AM,14 minutes and 49 seconds,Cinthia Patlan
2919 Blanco Rd,Martina Ovalle ,10001,13,,1,8/17/25 10:43 AM,8/17/25 10:55 AM,11 minutes and 34 seconds,Cinthia Patlan
2919 Blanco Rd,Martina Ovalle ,82,5,,1,8/17/25 10:28 AM,8/17/25 10:55 AM,26 minutes and 44 seconds,Cinthia Patlan
2919 Blanco Rd,Martina Ovalle ,93,17,,1,8/17/25 10:47 AM,8/17/25 10:55 AM,7 minutes and 42 seconds,Cinthia Patlan
2919 Blanco Rd,Martina Ovalle ,90,8,,1,8/17/25 10:44 AM,8/17/25 10:55 AM,10 minutes and 42 seconds,Cinthia Patlan
2919 Blanco Rd,Martina Ovalle ,90,8,,1,8/17/25 10:55 AM,8/17/25 10:57 AM,2 minutes and 33 seconds,Cinthia Patlan
2919 Blanco Rd,Martina Ovalle ,90,8,,1,8/17/25 10:55 AM,8/17/25 10:57 AM,2 minutes and 22 seconds,Cinthia Patlan
2919 Blanco Rd,Martina Ovalle ,95,22,,1,8/17/25 10:57 AM,8/17/25 11:07 AM,10 minutes,Cinthia Patlan
2919 Blanco Rd,Maria  Salazar,96,,,1,8/17/25 10:57 AM,8/17/25 11:07 AM,10 minutes,Cinthia Patlan
2919 Blanco Rd,Martina Ovalle ,98,19,,1,8/17/25 11:00 AM,8/17/25 11:07 AM,7 minutes and 28 seconds,Cinthia Patlan
2919 Blanco Rd,Martina Ovalle ,100,1,,1,8/17/25 11:01 AM,8/17/25 11:07 AM,5 minutes and 39 seconds,Cinthia Patlan
2919 Blanco Rd,Maria  Salazar,108,,,1,8/17/25 11:11 AM,8/17/25 12:06 PM,55 minutes and 9 seconds,Cinthia Patlan
2919 Blanco Rd,Martina Ovalle ,102,6,,1,8/17/25 11:06 AM,8/17/25 12:06 PM,1 hour,Cinthia Patlan
2919 Blanco Rd,Martina Ovalle ,113,4,,1,8/17/25 11:15 AM,8/17/25 12:06 PM,51 minutes and 9 seconds,Cinthia Patlan
2919 Blanco Rd,Martina Ovalle ,112,5,,1,8/17/25 11:14 AM,8/17/25 12:06 PM,51 minutes and 52 seconds,Cinthia Patlan
2919 Blanco Rd,Maria  Salazar,114,,,1,8/17/25 11:16 AM,8/17/25 12:06 PM,49 minutes and 56 seconds,Cinthia Patlan
2919 Blanco Rd,Martina Ovalle ,102,6,,1,8/17/25 11:19 AM,8/17/25 12:06 PM,47 minutes and 3 seconds,Cinthia Patlan
2919 Blanco Rd,Maria  Salazar,117,,,1,8/17/25 11:20 AM,8/17/25 12:06 PM,46 minutes and 19 seconds,Cinthia Patlan
2919 Blanco Rd,Martina Ovalle ,124,3,,1,8/17/25 11:32 AM,8/17/25 12:06 PM,34 minutes and 3 seconds,Cinthia Patlan
2919 Blanco Rd,Martina Ovalle ,100,1,,1,8/17/25 11:56 AM,8/17/25 12:06 PM,10 minutes and 13 seconds,Cinthia Patlan
2919 Blanco Rd,Martina Ovalle ,100,1,,1,8/17/25 11:34 AM,8/17/25 12:06 PM,32 minutes and 34 seconds,Cinthia Patlan
2919 Blanco Rd,Martina Ovalle ,140,6,,1,8/17/25 11:57 AM,8/17/25 12:06 PM,9 minutes,Cinthia Patlan
2919 Blanco Rd,Martina Ovalle ,150,9,,1,8/17/25 11:58 AM,8/17/25 12:06 PM,8 minutes and 19 seconds,Cinthia Patlan
2919 Blanco Rd,Martina Ovalle ,147,25,,1,8/17/25 12:12 PM,8/17/25 12:28 PM,16 minutes and 32 seconds,Cinthia Patlan
2919 Blanco Rd,Martina Ovalle ,150,9,,1,8/17/25 12:14 PM,8/17/25 12:28 PM,13 minutes and 56 seconds,Cinthia Patlan
2919 Blanco Rd,Martina Ovalle ,145,7,,1,8/17/25 12:08 PM,8/17/25 12:28 PM,20 minutes and 32 seconds,Cinthia Patlan
2919 Blanco Rd,Martina Ovalle ,155,4,,1,8/17/25 12:18 PM,8/17/25 1:35 PM,"1 hour, 16 minutes and 57 seconds",Cinthia Patlan
2919 Blanco Rd,Maria  Salazar,153,,,1,8/17/25 12:17 PM,8/17/25 1:35 PM,"1 hour, 17 minutes and 18 seconds",Cinthia Patlan
2919 Blanco Rd,Maria  Salazar,159,,,1,8/17/25 12:25 PM,8/17/25 1:35 PM,"1 hour, 9 minutes and 33 seconds",Cinthia Patlan
2919 Blanco Rd,Martina Ovalle ,170,5,,1,8/17/25 12:45 PM,8/17/25 1:35 PM,49 minutes and 16 seconds,Cinthia Patlan
2919 Blanco Rd,Maria  Salazar,173,,,1,8/17/25 12:48 PM,8/17/25 1:35 PM,46 minutes and 25 seconds,Cinthia Patlan
2919 Blanco Rd,Maria  Salazar,163,,,1,8/17/25 12:41 PM,8/17/25 1:35 PM,53 minutes and 23 seconds,Cinthia Patlan
2919 Blanco Rd,Maria  Salazar,174,,,1,8/17/25 12:49 PM,8/17/25 1:35 PM,45 minutes and 27 seconds,Cinthia Patlan
2919 Blanco Rd,Martina Ovalle ,178,3,,1,8/17/25 12:54 PM,8/17/25 1:35 PM,40 minutes and 15 seconds,Cinthia Patlan
2919 Blanco Rd,Martina Ovalle ,182,9,,1,8/17/25 1:00 PM,8/17/25 1:35 PM,34 minutes and 53 seconds,Cinthia Patlan
2919 Blanco Rd,Maria  Salazar,175,,,1,8/17/25 12:55 PM,8/17/25 1:35 PM,39 minutes and 23 seconds,Cinthia Patlan
2919 Blanco Rd,Maria  Salazar,187,,,1,8/17/25 1:12 PM,8/17/25 1:35 PM,22 minutes and 17 seconds,Cinthia Patlan
2919 Blanco Rd,Martina Ovalle ,192,18,,1,8/17/25 1:21 PM,8/17/25 1:35 PM,13 minutes and 56 seconds,Cinthia Patlan
2919 Blanco Rd,Maria  Salazar,195,,,1,8/17/25 1:30 PM,8/17/25 1:53 PM,23 minutes and 7 seconds,Cinthia Patlan
2919 Blanco Rd,Maria  Salazar,191,,,1,8/17/25 1:29 PM,8/17/25 1:53 PM,23 minutes and 58 seconds,Cinthia Patlan
2919 Blanco Rd,Martina Ovalle ,198,6,,1,8/17/25 1:34 PM,8/17/25 1:53 PM,19 minutes and 3 seconds,Cinthia Patlan
2919 Blanco Rd,samantha lopez,199,,,1,8/17/25 1:34 PM,8/17/25 1:53 PM,19 minutes and 3 seconds,Cinthia Patlan
2919 Blanco Rd,Martina Ovalle ,201,12,,1,8/17/25 1:35 PM,8/17/25 1:53 PM,17 minutes and 23 seconds,Cinthia Patlan
2919 Blanco Rd,Martina Ovalle ,207,4,,1,8/17/25 1:51 PM,8/17/25 1:53 PM,2 minutes and 12 seconds,Cinthia Patlan
2919 Blanco Rd,Martina Ovalle ,208,5,,1,8/17/25 1:52 PM,8/17/25 1:53 PM,1 minute and 15 seconds,Cinthia Patlan
2919 Blanco Rd,Martina Ovalle ,217,7,,1,8/17/25 2:17 PM,8/17/25 3:02 PM,44 minutes and 28 seconds,Cinthia Patlan
2919 Blanco Rd,Maria  Salazar,221,,,1,8/17/25 2:23 PM,8/17/25 3:02 PM,38 minutes and 27 seconds,Cinthia Patlan
2919 Blanco Rd,Maria  Salazar,225,,,1,8/17/25 2:30 PM,8/17/25 3:02 PM,31 minutes and 46 seconds,Cinthia Patlan
