Location,Order #,Opened,Server,Table,Revenue Center,Discount Amount,Amount,Tax,Tip,Gratuity,Duration (Opened to Paid)
2919 Blanco Rd,1,8/17/25 8:03 AM,Maria  Salazar,7,Dining Room,0.00,7.23,0.60,0.00,0.00,00:29:50
2919 Blanco Rd,2,8/17/25 8:05 AM,samantha lopez,,Dining Room,0.00,24.99,2.06,3.00,0.00,00:03:47
2919 Blanco Rd,4,8/17/25 8:09 AM,samantha lopez,,Drive Thru,0.00,10.76,0.89,2.00,0.00,00:03:01
2919 Blanco Rd,6,8/17/25 8:13 AM,Maria  Salazar,,Dining Room,0.00,6.53,0.54,0.00,0.00,00:00:15
2919 Blanco Rd,3,8/17/25 8:06 AM,samantha lopez,,Dining Room,0.00,13.43,1.10,0.00,0.00,00:18:24
2919 Blanco Rd,8,8/17/25 8:25 AM,samantha lopez,,Drive Thru,0.00,1.99,0.16,0.00,0.00,00:00:50
2919 Blanco Rd,10,8/17/25 8:27 AM,Maria  Salazar,18,Dining Room,0.00,28.46,2.34,0.00,0.00,00:30:27
2919 Blanco Rd,12,8/17/25 8:28 AM,Maria  Salazar,14,Dining Room,2.36,9.84,0.81,0.00,0.00,00:55:51
2919 Blanco Rd,11,8/17/25 8:27 AM,samantha lopez,,Drive Thru,0.00,4.58,0.38,0.00,0.00,00:01:13
2919 Blanco Rd,13,8/17/25 8:33 AM,samantha lopez,,Dining Room,0.00,9.56,0.80,0.00,0.00,00:01:52
2919 Blanco Rd,15,8/17/25 8:46 AM,samantha lopez,,Dining Room,0.00,2.99,0.25,0.00,0.00,00:03:00
2919 Blanco Rd,16,8/17/25 8:49 AM,samantha lopez,,Drive Thru,0.00,38.95,3.20,0.00,0.00,00:48:41
2919 Blanco Rd,17,8/17/25 8:50 AM,samantha lopez,,Drive Thru,0.00,5.97,0.49,0.00,0.00,00:00:12
2919 Blanco Rd,19,8/17/25 8:50 AM,Maria  Salazar,9,Dining Room,0.00,15.72,1.30,0.00,0.00,00:31:29
2919 Blanco Rd,20,8/17/25 8:50 AM,samantha lopez,,Drive Thru,0.00,1.99,0.16,0.00,0.00,00:00:13
2919 Blanco Rd,22,8/17/25 8:52 AM,samantha lopez,,Dining Room,0.00,31.80,2.61,0.00,0.00,00:03:42
2919 Blanco Rd,21,8/17/25 8:51 AM,samantha lopez,,Drive Thru,0.00,19.50,1.60,0.00,0.00,00:06:10
2919 Blanco Rd,25,8/17/25 8:57 AM,samantha lopez,,Drive Thru,0.00,8.56,0.70,0.00,0.00,00:03:22
2919 Blanco Rd,27,8/17/25 9:01 AM,Martina Ovalle ,5,Dining Room,0.00,29.53,2.44,8.00,0.00,00:23:32
2919 Blanco Rd,28,8/17/25 9:02 AM,samantha lopez,,Drive Thru,0.00,3.98,0.32,0.00,0.00,00:03:08
2919 Blanco Rd,30,8/17/25 9:06 AM,samantha lopez,,Drive Thru,0.00,11.99,0.99,2.00,0.00,00:02:47
2919 Blanco Rd,31,8/17/25 9:12 AM,Maria  Salazar,,Dining Room,0.00,13.98,1.15,0.00,0.00,00:00:47
2919 Blanco Rd,33,8/17/25 9:14 AM,Martina Ovalle ,16,Dining Room,0.00,89.20,7.37,25.00,17.84,01:01:59
2919 Blanco Rd,35,8/17/25 9:19 AM,samantha lopez,,Drive Thru,0.00,7.96,0.66,0.00,0.00,00:01:37
2919 Blanco Rd,36,8/17/25 9:21 AM,samantha lopez,,Drive Thru,0.00,17.93,1.48,0.00,0.00,00:05:21
2919 Blanco Rd,38,8/17/25 9:22 AM,Martina Ovalle ,6,Dining Room,0.00,24.43,2.02,0.00,0.00,00:32:39
2919 Blanco Rd,41,8/17/25 9:29 AM,samantha lopez,,Drive Thru,0.00,30.54,2.52,0.00,0.00,00:01:28
2919 Blanco Rd,42,8/17/25 9:30 AM,samantha lopez,,Drive Thru,0.00,9.83,0.80,0.00,0.00,00:02:10
2919 Blanco Rd,43,8/17/25 9:31 AM,samantha lopez,,Drive Thru,0.00,14.56,1.20,0.00,0.00,00:03:01
2919 Blanco Rd,44,8/17/25 9:32 AM,samantha lopez,,Drive Thru,0.00,4.98,0.41,0.00,0.00,00:05:08
2919 Blanco Rd,45,8/17/25 9:33 AM,samantha lopez,,Drive Thru,0.00,0.00,0.00,0.00,0.00,00:00:24
2919 Blanco Rd,46,8/17/25 9:34 AM,samantha lopez,,Dining Room,0.00,13.94,1.15,1.00,0.00,00:10:29
2919 Blanco Rd,48,8/17/25 9:37 AM,Martina Ovalle ,3,Dining Room,0.00,6.73,0.56,2.00,0.00,00:40:15
2919 Blanco Rd,49,8/17/25 9:37 AM,samantha lopez,,Drive Thru,0.00,9.99,0.82,4.19,0.00,00:01:29
2919 Blanco Rd,51,8/17/25 9:42 AM,samantha lopez,,Dining Room,0.00,3.29,0.27,0.00,0.00,00:01:59
2919 Blanco Rd,52,8/17/25 9:44 AM,Maria  Salazar,,Dining Room,0.00,18.94,1.57,0.00,0.00,00:14:55
2919 Blanco Rd,54,8/17/25 9:44 AM,Martina Ovalle ,12,Dining Room,0.00,10.48,0.88,0.00,0.00,00:19:55
2919 Blanco Rd,55,8/17/25 9:46 AM,samantha lopez,,Drive Thru,0.00,13.93,1.15,0.00,0.00,00:00:37
2919 Blanco Rd,47,8/17/25 9:35 AM,Maria  Salazar,,Dining Room,4.69,10.95,0.89,0.00,0.00,00:47:53
2919 Blanco Rd,56,8/17/25 9:47 AM,samantha lopez,,Drive Thru,0.00,5.97,0.48,0.00,0.00,00:13:55
2919 Blanco Rd,57,8/17/25 9:58 AM,Martina Ovalle ,19,Dining Room,0.00,10.58,0.87,2.00,0.00,00:23:28
2919 Blanco Rd,58,8/17/25 9:59 AM,Martina Ovalle ,20,Dining Room,0.00,38.09,3.15,0.00,0.00,00:27:26
2919 Blanco Rd,60,8/17/25 10:04 AM,samantha lopez,,Dining Room,0.00,18.24,1.50,0.00,0.00,00:02:45
2919 Blanco Rd,62,8/17/25 10:05 AM,samantha lopez,,Dining Room,0.00,12.55,1.03,0.00,0.00,00:05:08
2919 Blanco Rd,64,8/17/25 10:08 AM,samantha lopez,,Drive Thru,0.00,6.27,0.52,0.00,0.00,00:02:32
2919 Blanco Rd,63,8/17/25 10:08 AM,Maria  Salazar,,Dining Room,0.00,19.14,1.59,0.00,0.00,00:14:11
2919 Blanco Rd,67,8/17/25 10:09 AM,Maria  Salazar,,Dining Room,0.00,18.48,1.52,0.00,0.00,00:00:42
2919 Blanco Rd,68,8/17/25 10:10 AM,samantha lopez,,Drive Thru,0.00,3.98,0.33,0.00,0.00,00:01:40
2919 Blanco Rd,70,8/17/25 10:12 AM,Maria  Salazar,,Dining Room,0.00,13.72,1.14,0.00,0.00,00:00:58
2919 Blanco Rd,72,8/17/25 10:13 AM,samantha lopez,,Dining Room,0.00,16.21,1.34,0.00,0.00,00:02:45
2919 Blanco Rd,73,8/17/25 10:13 AM,samantha lopez,,Dining Room,0.00,14.15,1.16,0.00,0.00,00:04:51
2919 Blanco Rd,71,8/17/25 10:13 AM,samantha lopez,,Dining Room,0.00,30.97,2.56,0.00,0.00,00:10:27
2919 Blanco Rd,75,8/17/25 10:15 AM,samantha lopez,,Drive Thru,0.00,0.00,0.00,0.00,0.00,00:01:24
2919 Blanco Rd,77,8/17/25 10:16 AM,samantha lopez,,Drive Thru,0.00,24.99,2.06,0.00,0.00,00:03:34
2919 Blanco Rd,79,8/17/25 10:21 AM,samantha lopez,,Drive Thru,0.00,46.48,3.82,3.00,0.00,00:59:54
2919 Blanco Rd,80,8/17/25 10:25 AM,samantha lopez,,Drive Thru,0.00,9.96,0.81,0.00,0.00,00:02:39
2919 Blanco Rd,82,8/17/25 10:28 AM,Martina Ovalle ,5,Dining Room,0.00,25.36,2.10,0.00,0.00,00:28:27
2919 Blanco Rd,83,8/17/25 10:28 AM,samantha lopez,,Drive Thru,0.00,13.56,1.12,2.00,0.00,00:01:27
2919 Blanco Rd,84,8/17/25 10:29 AM,samantha lopez,,Drive Thru,0.00,5.04,0.42,0.00,0.00,00:05:01
2919 Blanco Rd,85,8/17/25 10:33 AM,samantha lopez,,Drive Thru,0.00,9.95,0.82,0.00,0.00,00:02:02
2919 Blanco Rd,86,8/17/25 10:34 AM,samantha lopez,,Drive Thru,0.00,21.91,1.81,3.00,0.00,00:01:41
2919 Blanco Rd,87,8/17/25 10:39 AM,samantha lopez,,Dining Room,0.00,23.55,1.95,0.00,0.00,00:04:04
2919 Blanco Rd,88,8/17/25 10:39 AM,Martina Ovalle ,7,Dining Room,0.00,25.05,2.07,0.00,0.00,00:34:53
2919 Blanco Rd,89,8/17/25 10:40 AM,samantha lopez,,Drive Thru,0.00,2.50,0.21,0.00,0.00,00:03:29
2919 Blanco Rd,90,8/17/25 10:43 AM,Martina Ovalle ,8,Dining Room,4.88,11.38,0.94,0.00,0.00,00:55:41
2919 Blanco Rd,91,8/17/25 10:44 AM,samantha lopez,,Drive Thru,0.00,12.25,1.01,0.00,0.00,00:01:29
2919 Blanco Rd,92,8/17/25 10:45 AM,samantha lopez,,Drive Thru,0.00,11.21,0.92,0.00,0.00,00:05:26
2919 Blanco Rd,10001,8/17/25 10:42 AM,Martina Ovalle ,13,Dining Room,0.00,22.15,1.82,0.00,0.00,00:28:17
2919 Blanco Rd,93,8/17/25 10:46 AM,Martina Ovalle ,17,Dining Room,0.00,40.46,3.33,5.00,0.00,00:39:16
2919 Blanco Rd,95,8/17/25 10:56 AM,Martina Ovalle ,22,Dining Room,0.00,46.00,3.79,5.00,0.00,00:36:26
2919 Blanco Rd,96,8/17/25 10:57 AM,Maria  Salazar,,Dining Room,0.00,5.98,0.49,0.00,0.00,00:00:18
2919 Blanco Rd,98,8/17/25 10:59 AM,Martina Ovalle ,19,Dining Room,0.00,20.03,1.65,0.00,0.00,00:27:16
2919 Blanco Rd,99,8/17/25 11:00 AM,samantha lopez,,Dining Room,0.00,10.32,0.85,0.00,0.00,00:01:59
2919 Blanco Rd,101,8/17/25 11:01 AM,samantha lopez,,Dining Room,0.00,5.97,0.49,0.00,0.00,00:01:58
2919 Blanco Rd,100,8/17/25 11:01 AM,Martina Ovalle ,1,Dining Room,0.00,34.87,2.85,5.00,0.00,00:55:27
2919 Blanco Rd,102,8/17/25 11:06 AM,Martina Ovalle ,6,Dining Room,0.00,34.60,2.85,0.00,0.00,00:21:00
2919 Blanco Rd,103,8/17/25 11:06 AM,samantha lopez,,Dining Room,0.00,9.56,0.78,0.00,0.00,00:01:30
2919 Blanco Rd,104,8/17/25 11:07 AM,samantha lopez,,Drive Thru,0.00,27.62,2.28,0.00,0.00,00:02:47
2919 Blanco Rd,105,8/17/25 11:08 AM,samantha lopez,,Drive Thru,0.00,28.97,2.39,0.00,0.00,00:02:58
2919 Blanco Rd,107,8/17/25 11:09 AM,samantha lopez,,Dining Room,0.00,10.36,0.85,0.00,0.00,00:02:55
2919 Blanco Rd,108,8/17/25 11:11 AM,Maria  Salazar,,Dining Room,0.00,4.98,0.41,0.00,0.00,00:03:43
2919 Blanco Rd,110,8/17/25 11:13 AM,samantha lopez,,Drive Thru,0.00,11.99,0.99,0.00,0.00,00:00:13
2919 Blanco Rd,112,8/17/25 11:14 AM,Martina Ovalle ,5,Dining Room,0.00,29.58,2.44,5.00,0.00,00:39:08
2919 Blanco Rd,113,8/17/25 11:15 AM,Martina Ovalle ,4,Dining Room,0.00,11.49,0.95,5.00,0.00,00:25:48
2919 Blanco Rd,114,8/17/25 11:16 AM,Maria  Salazar,,Dining Room,0.00,16.13,1.33,0.00,0.00,00:24:53
2919 Blanco Rd,116,8/17/25 11:17 AM,samantha lopez,,Dining Room,0.00,5.98,0.49,0.00,0.00,00:02:20
2919 Blanco Rd,117,8/17/25 11:20 AM,Maria  Salazar,,Dining Room,0.00,17.62,1.45,0.00,0.00,00:12:19
2919 Blanco Rd,118,8/17/25 11:20 AM,samantha lopez,,Drive Thru,0.00,9.99,0.82,3.00,0.00,00:03:27
2919 Blanco Rd,120,8/17/25 11:22 AM,samantha lopez,,Drive Thru,0.00,14.94,1.23,0.00,0.00,00:03:18
2919 Blanco Rd,121,8/17/25 11:24 AM,samantha lopez,,Drive Thru,0.00,5.97,0.49,2.00,0.00,00:02:47
2919 Blanco Rd,122,8/17/25 11:26 AM,samantha lopez,,Drive Thru,0.00,7.47,0.61,1.92,0.00,00:03:37
2919 Blanco Rd,123,8/17/25 11:31 AM,samantha lopez,,Drive Thru,0.00,17.86,1.48,0.00,0.00,00:03:27
2919 Blanco Rd,124,8/17/25 11:32 AM,Martina Ovalle ,3,Dining Room,0.00,33.95,2.80,7.00,0.00,00:26:33
2919 Blanco Rd,125,8/17/25 11:32 AM,samantha lopez,,Drive Thru,0.00,20.00,1.65,5.00,0.00,00:02:42
2919 Blanco Rd,126,8/17/25 11:38 AM,samantha lopez,,Drive Thru,0.00,4.28,0.35,0.00,0.00,00:01:16
2919 Blanco Rd,127,8/17/25 11:38 AM,samantha lopez,,Drive Thru,0.00,11.11,0.92,0.00,0.00,00:02:55
2919 Blanco Rd,130,8/17/25 11:39 AM,samantha lopez,,Drive Thru,0.00,10.92,0.91,1.00,0.00,00:03:00
2919 Blanco Rd,132,8/17/25 11:44 AM,samantha lopez,,Drive Thru,0.00,8.98,0.74,0.00,0.00,00:00:30
2919 Blanco Rd,133,8/17/25 11:47 AM,samantha lopez,,Drive Thru,0.00,7.77,0.65,1.00,0.00,00:01:07
2919 Blanco Rd,134,8/17/25 11:48 AM,samantha lopez,,Drive Thru,0.00,9.68,0.80,0.00,0.00,00:02:09
2919 Blanco Rd,135,8/17/25 11:49 AM,samantha lopez,,Drive Thru,0.00,15.73,1.29,0.00,0.00,00:03:39
2919 Blanco Rd,136,8/17/25 11:51 AM,samantha lopez,,Drive Thru,0.00,9.77,0.80,0.00,0.00,00:03:11
2919 Blanco Rd,137,8/17/25 11:52 AM,samantha lopez,,Drive Thru,0.00,7.43,0.60,0.00,0.00,00:03:30
2919 Blanco Rd,140,8/17/25 11:57 AM,Martina Ovalle ,6,Dining Room,0.00,11.79,0.97,0.00,0.00,00:26:50
2919 Blanco Rd,141,8/17/25 11:58 AM,samantha lopez,,Dining Room,0.00,46.90,3.87,0.00,0.00,00:04:58
2919 Blanco Rd,143,8/17/25 12:06 PM,samantha lopez,,Drive Thru,0.00,11.99,0.97,0.00,0.00,00:01:18
2919 Blanco Rd,145,8/17/25 12:07 PM,Martina Ovalle ,7,Dining Room,0.00,44.82,3.70,0.00,0.00,00:20:39
2919 Blanco Rd,146,8/17/25 12:11 PM,samantha lopez,,Dining Room,0.00,14.55,1.20,0.00,0.00,00:01:39
2919 Blanco Rd,147,8/17/25 12:12 PM,Martina Ovalle ,25,Dining Room,0.00,31.28,2.58,0.00,0.00,01:02:09
2919 Blanco Rd,148,8/17/25 12:12 PM,samantha lopez,,Dining Room,0.00,4.74,0.39,0.00,0.00,00:02:27
2919 Blanco Rd,149,8/17/25 12:13 PM,samantha lopez,,Dining Room,0.00,3.98,0.32,0.00,0.00,00:03:19
2919 Blanco Rd,150,8/17/25 12:14 PM,Martina Ovalle ,9,Dining Room,0.00,40.62,3.35,3.00,0.00,00:18:27
2919 Blanco Rd,151,8/17/25 12:15 PM,samantha lopez,,Dining Room,0.00,10.42,0.86,1.00,0.00,00:01:27
2919 Blanco Rd,153,8/17/25 12:16 PM,Maria  Salazar,,Dining Room,0.00,30.16,2.49,0.00,0.00,00:19:00
2919 Blanco Rd,155,8/17/25 12:17 PM,Martina Ovalle ,4,Dining Room,0.00,34.58,2.84,0.00,0.00,00:44:44
2919 Blanco Rd,152,8/17/25 12:15 PM,samantha lopez,,Dining Room,0.00,67.66,5.59,0.00,0.00,00:04:20
2919 Blanco Rd,157,8/17/25 12:19 PM,samantha lopez,,Dining Room,0.00,11.47,0.95,3.00,0.00,00:07:41
2919 Blanco Rd,159,8/17/25 12:24 PM,Maria  Salazar,,Dining Room,0.00,0.00,0.00,0.00,0.00,02:35:40
2919 Blanco Rd,160,8/17/25 12:26 PM,samantha lopez,,Drive Thru,0.00,16.45,1.35,0.00,0.00,00:01:55
2919 Blanco Rd,161,8/17/25 12:27 PM,samantha lopez,,Drive Thru,0.00,0.00,0.00,0.00,0.00,00:19:54
2919 Blanco Rd,162,8/17/25 12:29 PM,samantha lopez,,Drive Thru,0.00,13.12,1.08,1.00,0.00,00:08:11
2919 Blanco Rd,164,8/17/25 12:37 PM,samantha lopez,,Drive Thru,0.00,18.79,1.56,0.00,0.00,00:05:06
2919 Blanco Rd,163,8/17/25 12:36 PM,Maria  Salazar,,Dining Room,0.00,7.63,0.63,0.00,0.00,00:11:26
2919 Blanco Rd,166,8/17/25 12:42 PM,samantha lopez,,Drive Thru,0.00,9.96,0.82,0.00,0.00,00:03:44
2919 Blanco Rd,167,8/17/25 12:43 PM,samantha lopez,,Drive Thru,0.00,18.75,1.55,0.00,0.00,00:04:40
2919 Blanco Rd,168,8/17/25 12:43 PM,samantha lopez,,Drive Thru,0.00,12.46,1.03,0.00,0.00,00:06:28
2919 Blanco Rd,170,8/17/25 12:45 PM,Martina Ovalle ,5,Dining Room,0.00,23.78,1.96,0.00,0.00,00:33:38
2919 Blanco Rd,171,8/17/25 12:47 PM,samantha lopez,,Drive Thru,0.00,4.98,0.41,0.00,0.00,00:03:34
2919 Blanco Rd,173,8/17/25 12:48 PM,Maria  Salazar,,Dining Room,0.00,8.14,0.67,0.00,0.00,00:00:25
2919 Blanco Rd,174,8/17/25 12:49 PM,Maria  Salazar,,Dining Room,0.00,20.28,1.67,0.00,0.00,00:00:43
2919 Blanco Rd,176,8/17/25 12:50 PM,samantha lopez,,Drive Thru,0.00,11.99,0.99,0.00,0.00,00:03:49
2919 Blanco Rd,177,8/17/25 12:53 PM,samantha lopez,,Drive Thru,0.00,30.73,2.53,0.00,0.00,00:05:45
2919 Blanco Rd,178,8/17/25 12:54 PM,Martina Ovalle ,3,Dining Room,0.00,35.77,2.96,10.00,0.00,00:23:18
2919 Blanco Rd,175,8/17/25 12:49 PM,Maria  Salazar,,Dining Room,0.00,12.41,1.02,0.00,0.00,00:06:04
2919 Blanco Rd,180,8/17/25 12:56 PM,samantha lopez,,Drive Thru,0.00,30.96,2.55,2.00,0.00,00:03:36
2919 Blanco Rd,181,8/17/25 12:57 PM,Maria  Salazar,,Dining Room,0.00,3.45,0.28,0.00,0.00,00:02:50
2919 Blanco Rd,182,8/17/25 12:58 PM,Martina Ovalle ,9,Dining Room,0.00,34.52,2.85,5.00,0.00,00:45:28
2919 Blanco Rd,185,8/17/25 1:06 PM,samantha lopez,,Dining Room,0.00,5.97,0.49,0.00,0.00,00:02:47
2919 Blanco Rd,186,8/17/25 1:12 PM,samantha lopez,,Dining Room,0.00,8.78,0.72,0.00,0.00,00:02:35
2919 Blanco Rd,187,8/17/25 1:12 PM,Maria  Salazar,,Dining Room,0.00,19.97,1.64,0.00,0.00,00:00:43
2919 Blanco Rd,188,8/17/25 1:14 PM,samantha lopez,,Drive Thru,0.00,16.98,1.40,2.00,0.00,00:01:32
2919 Blanco Rd,192,8/17/25 1:20 PM,Martina Ovalle ,18,Dining Room,0.00,25.15,2.07,4.08,0.00,00:25:19
2919 Blanco Rd,193,8/17/25 1:22 PM,samantha lopez,,Drive Thru,0.00,7.96,0.66,0.00,0.00,00:00:17
2919 Blanco Rd,194,8/17/25 1:22 PM,samantha lopez,,Drive Thru,0.00,9.86,0.81,2.00,0.00,00:06:31
2919 Blanco Rd,191,8/17/25 1:19 PM,Maria  Salazar,,Dining Room,0.00,11.99,0.99,0.00,0.00,00:10:04
2919 Blanco Rd,195,8/17/25 1:29 PM,Maria  Salazar,,Dining Room,0.00,25.98,2.14,0.00,0.00,00:00:49
2919 Blanco Rd,199,8/17/25 1:33 PM,samantha lopez,,Dining Room,0.00,24.50,2.03,0.00,0.00,00:13:01
2919 Blanco Rd,198,8/17/25 1:33 PM,Martina Ovalle ,6,Dining Room,0.00,41.21,3.40,10.00,0.00,00:38:20
2919 Blanco Rd,201,8/17/25 1:35 PM,Martina Ovalle ,12,Dining Room,0.00,6.38,0.52,0.00,0.00,00:20:17
2919 Blanco Rd,197,8/17/25 1:33 PM,samantha lopez,,Drive Thru,0.00,16.42,1.35,0.00,0.00,00:06:26
2919 Blanco Rd,203,8/17/25 1:38 PM,samantha lopez,,Dining Room,0.00,19.21,1.59,0.00,0.00,00:02:09
2919 Blanco Rd,204,8/17/25 1:40 PM,samantha lopez,,Drive Thru,0.00,3.98,0.33,0.00,0.00,00:05:34
2919 Blanco Rd,205,8/17/25 1:47 PM,samantha lopez,,Drive Thru,0.00,11.36,0.93,0.00,0.00,00:01:27
2919 Blanco Rd,206,8/17/25 1:50 PM,samantha lopez,,Dining Room,0.00,16.42,1.34,0.00,0.00,00:02:35
2919 Blanco Rd,207,8/17/25 1:50 PM,Martina Ovalle ,4,Dining Room,0.00,15.22,1.26,4.00,0.00,00:28:54
2919 Blanco Rd,208,8/17/25 1:51 PM,Martina Ovalle ,5,Dining Room,0.00,37.47,3.08,5.00,0.00,00:26:37
2919 Blanco Rd,209,8/17/25 1:52 PM,samantha lopez,,Dining Room,0.00,9.13,0.75,0.00,0.00,00:01:41
2919 Blanco Rd,210,8/17/25 2:03 PM,samantha lopez,,Dining Room,0.00,11.94,0.99,3.00,0.00,00:05:43
2919 Blanco Rd,211,8/17/25 2:06 PM,samantha lopez,,Dining Room,0.00,11.82,0.97,0.00,0.00,00:04:16
2919 Blanco Rd,215,8/17/25 2:15 PM,samantha lopez,,Dining Room,0.00,8.97,0.74,0.00,0.00,00:03:16
2919 Blanco Rd,216,8/17/25 2:15 PM,samantha lopez,,Dining Room,0.00,49.09,4.05,0.00,0.00,00:04:40
2919 Blanco Rd,218,8/17/25 2:17 PM,samantha lopez,,Dining Room,0.00,19.90,1.64,0.00,0.00,00:07:10
2919 Blanco Rd,219,8/17/25 2:21 PM,samantha lopez,,Drive Thru,0.00,9.65,0.80,0.00,0.00,00:05:25
2919 Blanco Rd,220,8/17/25 2:21 PM,samantha lopez,,Drive Thru,0.00,17.46,1.44,0.00,0.00,00:05:44
2919 Blanco Rd,222,8/17/25 2:21 PM,samantha lopez,,Drive Thru,0.00,9.58,0.79,1.00,0.00,00:06:09
2919 Blanco Rd,223,8/17/25 2:22 PM,samantha lopez,,Drive Thru,0.00,8.78,0.72,0.00,0.00,00:06:57
2919 Blanco Rd,221,8/17/25 2:21 PM,Maria  Salazar,,Dining Room,0.00,29.97,2.47,0.00,0.00,00:01:59
2919 Blanco Rd,217,8/17/25 2:16 PM,Martina Ovalle ,7,Dining Room,0.00,19.85,1.64,0.00,0.00,00:25:34
2919 Blanco Rd,225,8/17/25 2:23 PM,Maria  Salazar,,Dining Room,0.00,3.98,0.33,0.00,0.00,00:06:40
2919 Blanco Rd,228,8/17/25 2:34 PM,samantha lopez,,Dining Room,0.00,77.74,6.41,0.00,0.00,00:06:09
2919 Blanco Rd,229,8/17/25 2:40 PM,samantha lopez,,Drive Thru,0.00,5.97,0.49,0.00,0.00,00:04:01
2919 Blanco Rd,230,8/17/25 2:40 PM,samantha lopez,,Drive Thru,0.00,15.44,1.27,0.00,0.00,00:05:44
