Employee,Job Title,In Date,Out Date,Auto Clock-out,Total Hours,Unpaid Break Time,Paid Break Time,Payable Hours
"Hernandez, Celinda",Cook,8/17/25 7:21 AM,8/17/25 3:56 PM,No,8.57,0.00,0.00,8.57
"Villalobos , Veronica ",Cook,8/17/25 7:31 AM,8/17/25 3:55 PM,No,8.41,0.00,0.00,8.41
"Salazar, Maria ",Shift Manager / Assistant Manager,8/17/25 7:44 AM,8/17/25 3:19 PM,No,7.60,0.00,0.00,7.60
"Pena , Vilma",Cook,8/17/25 7:54 AM,8/17/25 3:58 PM,No,8.08,0.00,0.00,8.08
"lopez, samantha",Drive-Thru,8/17/25 8:03 AM,8/17/25 3:13 PM,No,7.16,0.00,0.00,7.16
"Ovalle , Martina",Server,8/17/25 9:00 AM,8/17/25 3:25 PM,No,6.41,0.00,0.00,6.41
"santander, yerlinson",Cook,8/17/25 9:04 AM,8/17/25 3:56 PM,No,6.87,0.00,0.00,6.87
"Melendez, Ninoska",Tortillero/a,8/17/25 10:08 AM,8/17/25 3:58 PM,No,5.83,0.00,0.00,5.83
