Location,Server,Check #,Table,Station,Expediter Level,Fired Date,Fulfilled Date,Fulfillment Time,Fulfilled By
2919 Blanco Rd,Maria  Salazar,33,18,,1,10/29/25 7:00 AM,10/29/25 8:17 AM,"1 hour, 17 minutes and 11 seconds",AM CASHIER
2919 Blanco Rd,AM CASHIER,21,,,1,10/29/25 6:43 AM,10/29/25 8:17 AM,"1 hour, 34 minutes and 6 seconds",AM CASHIER
2919 Blanco Rd,Maria  Salazar,6,17,,1,10/29/25 6:04 AM,10/29/25 8:17 AM,"2 hours, 12 minutes and 37 seconds",AM CASHIER
2919 Blanco Rd,PM Cashier C,25,,,1,10/29/25 6:52 AM,10/29/25 8:17 AM,"1 hour, 24 minutes and 48 seconds",AM CASHIER
2919 Blanco Rd,AM CASHIER,9,,,1,10/29/25 6:25 AM,10/29/25 8:17 AM,"1 hour, 51 minutes and 46 seconds",AM CASHIER
2919 Blanco Rd,Maria  Salazar,37,18,,1,10/29/25 7:06 AM,10/29/25 8:17 AM,"1 hour, 11 minutes and 7 seconds",AM CASHIER
2919 Blanco Rd,AM CASHIER,39,,,1,10/29/25 7:12 AM,10/29/25 8:17 AM,"1 hour, 4 minutes and 59 seconds",AM CASHIER
2919 Blanco Rd,AM CASHIER,13,,,1,10/29/25 6:33 AM,10/29/25 8:17 AM,"1 hour, 44 minutes and 13 seconds",AM CASHIER
2919 Blanco Rd,AM CASHIER,20,,,1,10/29/25 6:40 AM,10/29/25 8:17 AM,"1 hour, 37 minutes and 25 seconds",AM CASHIER
2919 Blanco Rd,Maria  Salazar,32,11,,1,10/29/25 6:59 AM,10/29/25 8:17 AM,"1 hour, 17 minutes and 50 seconds",AM CASHIER
2919 Blanco Rd,Maria  Salazar,42,7,,1,10/29/25 7:15 AM,10/29/25 8:17 AM,"1 hour, 2 minutes and 5 seconds",AM CASHIER
2919 Blanco Rd,AM CASHIER,45,,,1,10/29/25 7:20 AM,10/29/25 8:17 AM,57 minutes and 11 seconds,AM CASHIER
2919 Blanco Rd,AM CASHIER,40,,,1,10/29/25 7:13 AM,10/29/25 8:17 AM,"1 hour, 4 minutes and 23 seconds",AM CASHIER
2919 Blanco Rd,Maria  Salazar,60,2,,1,10/29/25 7:36 AM,10/29/25 8:17 AM,40 minutes and 43 seconds,AM CASHIER
2919 Blanco Rd,AM CASHIER,68,,,1,10/29/25 7:51 AM,10/29/25 8:17 AM,26 minutes and 20 seconds,AM CASHIER
2919 Blanco Rd,AM CASHIER,64,,,1,10/29/25 7:49 AM,10/29/25 8:17 AM,28 minutes and 29 seconds,AM CASHIER
2919 Blanco Rd,AM CASHIER,1,,,1,10/29/25 5:55 AM,10/29/25 8:17 AM,"2 hours, 22 minutes and 13 seconds",AM CASHIER
2919 Blanco Rd,Maria  Salazar,60,2,,1,10/29/25 7:36 AM,10/29/25 8:17 AM,40 minutes and 49 seconds,AM CASHIER
2919 Blanco Rd,AM CASHIER,70,,,1,10/29/25 7:52 AM,10/29/25 8:17 AM,24 minutes and 43 seconds,AM CASHIER
2919 Blanco Rd,Maria  Salazar,76,14,,1,10/29/25 7:57 AM,10/29/25 8:17 AM,19 minutes and 54 seconds,AM CASHIER
2919 Blanco Rd,AM CASHIER,75,,,1,10/29/25 7:56 AM,10/29/25 8:17 AM,21 minutes and 27 seconds,AM CASHIER
2919 Blanco Rd,Maria  Salazar,57,5,,1,10/29/25 7:31 AM,10/29/25 8:17 AM,45 minutes and 53 seconds,AM CASHIER
2919 Blanco Rd,AM CASHIER,69,,,1,10/29/25 7:52 AM,10/29/25 8:17 AM,25 minutes and 11 seconds,AM CASHIER
2919 Blanco Rd,AM CASHIER,68,,,1,10/29/25 7:52 AM,10/29/25 8:17 AM,25 minutes and 31 seconds,AM CASHIER
2919 Blanco Rd,AM CASHIER,83,,,1,10/29/25 8:05 AM,10/29/25 8:17 AM,11 minutes and 52 seconds,AM CASHIER
2919 Blanco Rd,Sami Martinez ,84,12,,1,10/29/25 8:07 AM,10/29/25 8:17 AM,10 minutes and 18 seconds,AM CASHIER
2919 Blanco Rd,Maria  Salazar,88,7,,1,10/29/25 8:18 AM,10/29/25 8:40 AM,22 minutes and 33 seconds,AM CASHIER
2919 Blanco Rd,AM CASHIER,98,,,1,10/29/25 8:26 AM,10/29/25 8:40 AM,14 minutes and 25 seconds,AM CASHIER
2919 Blanco Rd,AM CASHIER,100,,,1,10/29/25 8:28 AM,10/29/25 8:41 AM,12 minutes and 10 seconds,AM CASHIER
2919 Blanco Rd,AM CASHIER,91,,,1,10/29/25 8:19 AM,10/29/25 8:40 AM,21 minutes and 53 seconds,AM CASHIER
2919 Blanco Rd,AM CASHIER,109,,,1,10/29/25 8:42 AM,10/29/25 9:07 AM,25 minutes and 7 seconds,AM CASHIER
2919 Blanco Rd,Sami Martinez ,112,5,,1,10/29/25 8:45 AM,10/29/25 9:07 AM,21 minutes and 48 seconds,AM CASHIER
2919 Blanco Rd,Maria  Salazar,119,3,,1,10/29/25 8:58 AM,10/29/25 9:07 AM,9 minutes and 1 second,AM CASHIER
2919 Blanco Rd,Sami Martinez ,134,8,,1,10/29/25 9:12 AM,10/29/25 10:18 AM,"1 hour, 6 minutes and 9 seconds",AM CASHIER
2919 Blanco Rd,AM CASHIER,155,,,1,10/29/25 9:44 AM,10/29/25 10:18 AM,34 minutes and 11 seconds,AM CASHIER
2919 Blanco Rd,Maria  Salazar,133,4,,1,10/29/25 9:11 AM,10/29/25 10:18 AM,"1 hour, 7 minutes and 7 seconds",AM CASHIER
2919 Blanco Rd,AM CASHIER,129,,,1,10/29/25 9:09 AM,10/29/25 10:18 AM,"1 hour, 8 minutes and 56 seconds",AM CASHIER
2919 Blanco Rd,AM CASHIER,136,,,1,10/29/25 9:18 AM,10/29/25 10:18 AM,1 hour and 12 seconds,AM CASHIER
2919 Blanco Rd,AM CASHIER,139,,,1,10/29/25 9:20 AM,10/29/25 10:18 AM,58 minutes and 34 seconds,AM CASHIER
2919 Blanco Rd,Maria  Salazar,152,4,,1,10/29/25 9:48 AM,10/29/25 10:18 AM,30 minutes and 42 seconds,AM CASHIER
2919 Blanco Rd,Maria  Salazar,144,,,1,10/29/25 9:26 AM,10/29/25 10:18 AM,52 minutes and 20 seconds,AM CASHIER
2919 Blanco Rd,Sami Martinez ,158,5,,1,10/29/25 9:46 AM,10/29/25 10:18 AM,32 minutes and 20 seconds,AM CASHIER
2919 Blanco Rd,samantha lopez,159,,,1,10/29/25 9:46 AM,10/29/25 10:18 AM,32 minutes and 19 seconds,AM CASHIER
2919 Blanco Rd,Sami Martinez ,162,3,,1,10/29/25 9:51 AM,10/29/25 10:18 AM,27 minutes and 22 seconds,AM CASHIER
2919 Blanco Rd,Maria  Salazar,164,6,,1,10/29/25 9:57 AM,10/29/25 10:18 AM,21 minutes and 11 seconds,AM CASHIER
2919 Blanco Rd,AM CASHIER,171,,,1,10/29/25 10:09 AM,10/29/25 10:18 AM,9 minutes and 41 seconds,AM CASHIER
2919 Blanco Rd,AM CASHIER,165,,,1,10/29/25 10:10 AM,10/29/25 10:18 AM,8 minutes,AM CASHIER
2919 Blanco Rd,Sami Martinez ,169,25,,1,10/29/25 10:03 AM,10/29/25 10:18 AM,15 minutes and 16 seconds,AM CASHIER
2919 Blanco Rd,Sami Martinez ,169,25,,1,10/29/25 10:21 AM,10/29/25 10:32 AM,10 minutes and 36 seconds,AM CASHIER
2919 Blanco Rd,Sami Martinez ,175,15,,1,10/29/25 10:13 AM,10/29/25 10:32 AM,18 minutes and 18 seconds,AM CASHIER
2919 Blanco Rd,AM CASHIER,178,,,1,10/29/25 10:28 AM,10/29/25 10:46 AM,18 minutes and 3 seconds,AM CASHIER
2919 Blanco Rd,AM CASHIER,181,,,1,10/29/25 10:32 AM,10/29/25 10:46 AM,14 minutes and 35 seconds,AM CASHIER
2919 Blanco Rd,AM CASHIER,182,,,1,10/29/25 10:33 AM,10/29/25 10:46 AM,13 minutes and 43 seconds,AM CASHIER
2919 Blanco Rd,Maria  Salazar,185,17,,1,10/29/25 10:40 AM,10/29/25 10:46 AM,6 minutes and 3 seconds,AM CASHIER
2919 Blanco Rd,Sami Martinez ,187,8,,1,10/29/25 10:41 AM,10/29/25 10:51 AM,10 minutes and 22 seconds,AM CASHIER
2919 Blanco Rd,AM CASHIER,188,,,1,10/29/25 10:41 AM,10/29/25 10:51 AM,10 minutes and 2 seconds,AM CASHIER
2919 Blanco Rd,samantha lopez,190,,,1,10/29/25 10:43 AM,10/29/25 10:51 AM,8 minutes and 31 seconds,AM CASHIER
2919 Blanco Rd,Sami Martinez ,187,8,,1,10/29/25 10:47 AM,10/29/25 10:51 AM,4 minutes and 20 seconds,AM CASHIER
2919 Blanco Rd,AM CASHIER,192,,,1,10/29/25 10:51 AM,10/29/25 10:54 AM,2 minutes and 58 seconds,AM CASHIER
2919 Blanco Rd,Maria  Salazar,194,3,,1,10/29/25 10:49 AM,10/29/25 10:54 AM,4 minutes and 21 seconds,AM CASHIER
2919 Blanco Rd,Sami Martinez ,201,18,,1,10/29/25 11:06 AM,10/29/25 11:12 AM,5 minutes and 24 seconds,AM CASHIER
2919 Blanco Rd,Maria  Salazar,185,17,,1,10/29/25 11:07 AM,10/29/25 11:12 AM,5 minutes and 6 seconds,AM CASHIER
2919 Blanco Rd,Maria  Salazar,185,17,,1,10/29/25 11:11 AM,10/29/25 12:38 PM,"1 hour, 26 minutes and 51 seconds",AM CASHIER
2919 Blanco Rd,AM CASHIER,205,,,1,10/29/25 11:15 AM,10/29/25 12:38 PM,"1 hour, 22 minutes and 42 seconds",AM CASHIER
2919 Blanco Rd,Sami Martinez ,209,7,,1,10/29/25 11:24 AM,10/29/25 12:38 PM,"1 hour, 14 minutes and 22 seconds",AM CASHIER
2919 Blanco Rd,Sami Martinez ,227,20,,1,10/29/25 11:59 AM,10/29/25 12:38 PM,38 minutes and 37 seconds,AM CASHIER
2919 Blanco Rd,Maria  Salazar,211,22,,1,10/29/25 11:26 AM,10/29/25 12:38 PM,"1 hour, 12 minutes and 7 seconds",AM CASHIER
2919 Blanco Rd,AM CASHIER,222,,,1,10/29/25 11:55 AM,10/29/25 12:38 PM,42 minutes and 40 seconds,AM CASHIER
2919 Blanco Rd,Maria  Salazar,211,22,,1,10/29/25 11:47 AM,10/29/25 12:38 PM,51 minutes and 29 seconds,AM CASHIER
2919 Blanco Rd,Sami Martinez ,228,13,,1,10/29/25 12:03 PM,10/29/25 12:38 PM,35 minutes and 22 seconds,AM CASHIER
2919 Blanco Rd,AM CASHIER,230,,,1,10/29/25 12:05 PM,10/29/25 12:38 PM,32 minutes and 59 seconds,AM CASHIER
2919 Blanco Rd,AM CASHIER,232,,,1,10/29/25 12:24 PM,10/29/25 12:38 PM,14 minutes and 27 seconds,AM CASHIER
2919 Blanco Rd,AM CASHIER,231,,,1,10/29/25 12:07 PM,10/29/25 12:38 PM,31 minutes and 19 seconds,AM CASHIER
2919 Blanco Rd,Sami Martinez ,236,6,,1,10/29/25 12:13 PM,10/29/25 12:38 PM,25 minutes and 29 seconds,AM CASHIER
2919 Blanco Rd,Sami Martinez ,239,25,,1,10/29/25 12:15 PM,10/29/25 12:38 PM,22 minutes and 41 seconds,AM CASHIER
2919 Blanco Rd,samantha lopez,244,,,1,10/29/25 12:25 PM,10/29/25 12:38 PM,13 minutes and 37 seconds,AM CASHIER
2919 Blanco Rd,Sami Martinez ,252,4,,1,10/29/25 12:34 PM,10/29/25 12:38 PM,3 minutes and 54 seconds,AM CASHIER
2919 Blanco Rd,Sami Martinez ,257,25,,1,10/29/25 1:39 PM,10/29/25 2:58 PM,"1 hour, 18 minutes and 20 seconds",AM CASHIER
2919 Blanco Rd,Sami Martinez ,281,13,,1,10/29/25 1:58 PM,10/29/25 2:58 PM,1 hour and 3 seconds,AM CASHIER
2919 Blanco Rd,Sami Martinez ,257,25,,1,10/29/25 12:53 PM,10/29/25 2:58 PM,"2 hours, 4 minutes and 25 seconds",AM CASHIER
2919 Blanco Rd,AM CASHIER,268,2,,1,10/29/25 1:15 PM,10/29/25 2:58 PM,"1 hour, 42 minutes and 11 seconds",AM CASHIER
2919 Blanco Rd,AM CASHIER,287,,,1,10/29/25 2:20 PM,10/29/25 2:58 PM,37 minutes and 36 seconds,AM CASHIER
2919 Blanco Rd,Sami Martinez ,290,25,,1,10/29/25 2:36 PM,10/29/25 2:58 PM,21 minutes and 54 seconds,AM CASHIER
2919 Blanco Rd,samantha lopez,282,,,1,10/29/25 2:01 PM,10/29/25 2:58 PM,56 minutes and 57 seconds,AM CASHIER
2919 Blanco Rd,Sami Martinez ,276,6,,1,10/29/25 1:46 PM,10/29/25 2:58 PM,"1 hour, 11 minutes and 43 seconds",AM CASHIER
2919 Blanco Rd,Sami Martinez ,296,5,,1,10/29/25 2:48 PM,10/29/25 2:58 PM,9 minutes and 30 seconds,AM CASHIER
2919 Blanco Rd,AM CASHIER,299,,,1,10/29/25 2:55 PM,10/29/25 3:38 PM,42 minutes and 45 seconds,AM CASHIER
2919 Blanco Rd,Sami Martinez ,305,7,,1,10/29/25 3:22 PM,10/29/25 3:38 PM,16 minutes and 19 seconds,AM CASHIER
2919 Blanco Rd,Sami Martinez ,305,7,,1,10/29/25 3:33 PM,10/29/25 3:38 PM,5 minutes and 6 seconds,AM CASHIER
2919 Blanco Rd,AM CASHIER,314,,,1,10/29/25 4:00 PM,10/29/25 4:22 PM,22 minutes,AM CASHIER
2919 Blanco Rd,Sami Martinez ,312,16,,1,10/29/25 3:59 PM,10/29/25 4:22 PM,23 minutes and 31 seconds,AM CASHIER
2919 Blanco Rd,Sami Martinez ,317,12,,1,10/29/25 4:17 PM,10/29/25 4:22 PM,5 minutes and 47 seconds,AM CASHIER
2919 Blanco Rd,Sami Martinez ,317,12,,1,10/29/25 4:28 PM,10/29/25 5:46 PM,"1 hour, 17 minutes and 56 seconds",AM CASHIER
2919 Blanco Rd,AM CASHIER,318,,,1,10/29/25 4:29 PM,10/29/25 5:46 PM,"1 hour, 17 minutes and 13 seconds",AM CASHIER
2919 Blanco Rd,AM CASHIER,319,,,1,10/29/25 4:19 PM,10/29/25 5:46 PM,"1 hour, 26 minutes and 45 seconds",AM CASHIER
2919 Blanco Rd,Sami Martinez ,334,8,,1,10/29/25 5:21 PM,10/29/25 5:46 PM,24 minutes and 32 seconds,AM CASHIER
2919 Blanco Rd,Sami Martinez ,334,8,,1,10/29/25 5:27 PM,10/29/25 5:46 PM,18 minutes and 45 seconds,AM CASHIER
2919 Blanco Rd,Sami Martinez ,339,6,,1,10/29/25 5:46 PM,10/29/25 6:24 PM,38 minutes and 8 seconds,AM CASHIER
2919 Blanco Rd,Sami Martinez ,334,8,,1,10/29/25 5:49 PM,10/29/25 6:24 PM,34 minutes and 26 seconds,AM CASHIER
2919 Blanco Rd,Sami Martinez ,345,11,,1,10/29/25 6:21 PM,10/29/25 6:24 PM,3 minutes and 12 seconds,AM CASHIER
2919 Blanco Rd,Sami Martinez ,334,8,,1,10/29/25 5:55 PM,10/29/25 6:24 PM,28 minutes and 43 seconds,AM CASHIER
2919 Blanco Rd,Sami Martinez ,339,6,,1,10/29/25 5:56 PM,10/29/25 6:24 PM,28 minutes and 15 seconds,AM CASHIER
2919 Blanco Rd,Sami Martinez ,342,7,,1,10/29/25 5:56 PM,10/29/25 6:24 PM,28 minutes,AM CASHIER
2919 Blanco Rd,Sami Martinez ,342,7,,1,10/29/25 6:01 PM,10/29/25 6:24 PM,23 minutes and 23 seconds,AM CASHIER
2919 Blanco Rd,AM CASHIER,346,,,1,10/29/25 6:28 PM,10/29/25 7:53 PM,"1 hour, 25 minutes and 25 seconds",AM CASHIER
2919 Blanco Rd,Sami Martinez ,354,5,,1,10/29/25 6:45 PM,10/29/25 7:53 PM,"1 hour, 8 minutes and 28 seconds",AM CASHIER
2919 Blanco Rd,Sami Martinez ,359,4,,1,10/29/25 6:59 PM,10/29/25 7:53 PM,54 minutes and 13 seconds,AM CASHIER
2919 Blanco Rd,AM CASHIER,361,,,1,10/29/25 7:07 PM,10/29/25 7:53 PM,46 minutes and 15 seconds,AM CASHIER
2919 Blanco Rd,Sami Martinez ,359,4,,1,10/29/25 7:28 PM,10/29/25 7:53 PM,25 minutes and 29 seconds,AM CASHIER
2919 Blanco Rd,AM CASHIER,357,,,1,10/29/25 6:57 PM,10/29/25 7:53 PM,56 minutes and 2 seconds,AM CASHIER
2919 Blanco Rd,Sami Martinez ,363,6,,1,10/29/25 7:11 PM,10/29/25 7:53 PM,42 minutes and 43 seconds,AM CASHIER
