Employee,Job Title,Regular Hours,Overtime Hours,Hourly Rate,Regular Pay,Overtime Pay,Total Pay,Net Sales,Declared Tips,Non-Cash Tips,Total Tips,Tips Withheld,Total Gratuity,Employee ID,Job Code,Location,Location Code
"C, PM Cashier",Cashier,2.21,0.0,,,,,359.85,,8.71,8.71,0.00,0.00,,,2919 Blanco Rd,
"CASHIER, AM",General Manager,16.82,5.32,,,,,539.49,0.00,17.66,17.66,0.00,0.00,,,2919 Blanco Rd,
"Hernandez, Celinda",Cook,9.07,0.0,16.00,145.12,0.00,145.12,0.00,,0.00,0.00,0.00,0.00,,,2919 Blanco Rd,
"Hernandez, Fidelia ",Cook,13.55,0.0,14.00,189.70,0.00,189.70,0.00,,0.00,0.00,0.00,0.00,,,2919 Blanco Rd,
"Martinez , Sami",Server,12.370000000000001,0.0,3.00,37.11,0.00,37.11,673.39,,55.00,55.00,0.00,0.00,,,2919 Blanco Rd,
"Pena , Vilma",Cook,8.14,0.0,14.00,113.96,0.00,113.96,0.00,,0.00,0.00,0.00,0.00,,,2919 Blanco Rd,
"Rivera, Dante Antonio ",Cook,6.86,0.0,,,,,0.00,,0.00,0.00,0.00,0.00,,,2919 Blanco Rd,
"Salazar, Maria ",Shift Manager / Assistant Manager,7.46,0.0,,,,,329.93,,35.00,35.00,0.00,0.00,,,2919 Blanco Rd,
"Villalobos , Veronica ",Cook,8.47,0.0,14.00,118.58,0.00,118.58,0.00,,0.00,0.00,0.00,0.00,,,2919 Blanco Rd,
"lopez, samantha",Drive-Thru,12.75,0.0,13.00,165.75,0.00,165.75,1617.94,,58.75,58.75,0.00,0.00,,,2919 Blanco Rd,
