,Location,Employee,Job Title,In Date,Shift Closed Date,Out Date,Hours,Cash Tips Decl.,Cash on Hand,Cash in Drawer,Non-Cash Tips,Cash Gratuity,Non-Cash Gratuity,Tips Withheld,Non-Cash Sales,Cash Sales,Total Sales,Cash Collected?,Tips Paid?,Open,Paid,Closed,Tip Share Total
800000031308958168,2919 Blanco Rd,AM CASHIER,General Manager,10/29/25 5:51 AM,10/29/25 1:09 PM,10/29/25 1:09 PM,7.30,,0.00,227.03,9.00,0.00,0.00,0.00,190.64,227.03,417.67,yes,yes,0,0,37,0.00
800000031308958802,2919 Blanco Rd,Maria  Salazar,Shift Manager / Assistant Manager,10/29/25 5:51 AM,10/29/25 1:08 PM,10/29/25 1:19 PM,7.46,,0.00,159.13,35.00,0.00,0.00,0.00,198.00,159.13,357.13,yes,yes,0,0,17,0.00
800000031308960866,2919 Blanco Rd,PM Cashier C,Cashier,10/29/25 5:52 AM,10/29/25 8:05 AM,10/29/25 8:05 AM,2.21,,0.00,87.96,8.71,0.00,0.00,0.00,301.53,87.96,389.49,yes,yes,0,0,41,0.00
800000031310181911,2919 Blanco Rd,Sami Martinez ,Server,10/29/25 8:00 AM,10/29/25 1:07 PM,10/29/25 1:08 PM,5.13,,0.00,67.38,22.00,0.00,0.00,0.00,166.69,67.38,234.07,yes,yes,0,0,16,0.00
800000031310200826,2919 Blanco Rd,samantha lopez,Drive-Thru,10/29/25 8:01 AM,10/29/25 1:12 PM,10/29/25 1:13 PM,5.19,,0.00,412.99,31.00,0.00,0.00,0.00,708.43,412.99,1121.42,yes,yes,0,0,96,0.00
800000031318459233,2919 Blanco Rd,Sami Martinez ,Server,10/29/25 1:08 PM,10/29/25 8:09 PM,10/29/25 8:22 PM,7.24,,0.00,161.27,33.00,0.00,0.00,0.00,333.57,161.27,494.84,yes,yes,0,0,15,0.00
800000031318513317,2919 Blanco Rd,AM CASHIER,General Manager,10/29/25 1:09 PM,10/29/25 8:13 PM,10/30/25 4:00 AM,14.84,0.00,0.00,88.91,8.66,0.00,0.00,0.00,77.31,88.91,166.22,yes,yes,0,0,10,0.00
800000031318639303,2919 Blanco Rd,samantha lopez,Drive-Thru,10/29/25 1:13 PM,10/29/25 8:14 PM,10/29/25 8:46 PM,7.56,,0.00,157.03,27.75,0.00,0.00,0.00,472.80,157.03,629.83,yes,yes,0,0,50,0.00
