Location,Server,Check #,Table,Station,Expediter Level,Fired Date,Fulfilled Date,Fulfillment Time,Fulfilled By
2919 Blanco Rd,PM Cashier C,1,,,1,9/30/25 6:00 AM,9/30/25 7:36 AM,"1 hour, 36 minutes and 18 seconds",Cinthia Patlan
2919 Blanco Rd,Martina Ovalle ,23,,,1,9/30/25 6:38 AM,9/30/25 7:36 AM,58 minutes and 19 seconds,Cinthia Patlan
2919 Blanco Rd,Martina Ovalle ,7,,,1,9/30/25 6:08 AM,9/30/25 7:36 AM,"1 hour, 27 minutes and 46 seconds",Cinthia Patlan
2919 Blanco Rd,AM CASHIER,45,,,1,9/30/25 7:24 AM,9/30/25 7:36 AM,12 minutes and 26 seconds,Cinthia Patlan
2919 Blanco Rd,Martina Ovalle ,11,17,,1,9/30/25 6:42 AM,9/30/25 7:36 AM,54 minutes and 19 seconds,Cinthia Patlan
2919 Blanco Rd,Martina Ovalle ,11,17,,1,9/30/25 6:17 AM,9/30/25 7:36 AM,"1 hour, 18 minutes and 48 seconds",Cinthia Patlan
2919 Blanco Rd,AM CASHIER,20,,,1,9/30/25 6:34 AM,9/30/25 7:36 AM,"1 hour, 1 minute and 48 seconds",Cinthia Patlan
2919 Blanco Rd,PM Cashier C,14,,,1,9/30/25 6:25 AM,9/30/25 7:36 AM,1 hour and 11 minutes,Cinthia Patlan
2919 Blanco Rd,PM Cashier C,42,,,1,9/30/25 7:15 AM,9/30/25 7:36 AM,20 minutes and 47 seconds,Cinthia Patlan
2919 Blanco Rd,Martina Ovalle ,34,,,1,9/30/25 6:55 AM,9/30/25 7:36 AM,40 minutes and 59 seconds,Cinthia Patlan
2919 Blanco Rd,AM CASHIER,46,,,1,9/30/25 7:18 AM,9/30/25 7:36 AM,17 minutes and 36 seconds,Cinthia Patlan
2919 Blanco Rd,Martina Ovalle ,40,3,,1,9/30/25 7:12 AM,9/30/25 7:36 AM,24 minutes and 11 seconds,Cinthia Patlan
2919 Blanco Rd,Martina Ovalle ,56,10,,1,9/30/25 7:36 AM,9/30/25 8:34 AM,58 minutes and 24 seconds,Cinthia Patlan
2919 Blanco Rd,Martina Ovalle ,56,10,,1,9/30/25 7:40 AM,9/30/25 8:34 AM,53 minutes and 43 seconds,Cinthia Patlan
2919 Blanco Rd,Martina Ovalle ,55,18,,1,9/30/25 7:34 AM,9/30/25 8:34 AM,59 minutes and 43 seconds,Cinthia Patlan
2919 Blanco Rd,AM CASHIER,72,,,1,9/30/25 8:00 AM,9/30/25 8:34 AM,34 minutes and 20 seconds,Cinthia Patlan
2919 Blanco Rd,Martina Ovalle ,79,21,,1,9/30/25 8:05 AM,9/30/25 8:34 AM,29 minutes and 23 seconds,Cinthia Patlan
2919 Blanco Rd,AM CASHIER,94,,,1,9/30/25 8:22 AM,9/30/25 8:34 AM,12 minutes and 19 seconds,Cinthia Patlan
2919 Blanco Rd,AM CASHIER,82,,,1,9/30/25 8:09 AM,9/30/25 8:34 AM,24 minutes and 37 seconds,Cinthia Patlan
2919 Blanco Rd,AM CASHIER,113,,,1,9/30/25 8:36 AM,9/30/25 9:24 AM,47 minutes and 38 seconds,Cinthia Patlan
2919 Blanco Rd,Martina Ovalle ,100,14,,1,9/30/25 8:27 AM,9/30/25 9:24 AM,56 minutes and 31 seconds,Cinthia Patlan
2919 Blanco Rd,samantha lopez,124,,,1,9/30/25 8:56 AM,9/30/25 9:24 AM,27 minutes and 45 seconds,Cinthia Patlan
2919 Blanco Rd,AM CASHIER,127,,,1,9/30/25 8:57 AM,9/30/25 9:24 AM,27 minutes and 26 seconds,Cinthia Patlan
2919 Blanco Rd,Martina Ovalle ,106,,,1,9/30/25 8:29 AM,9/30/25 9:24 AM,54 minutes and 54 seconds,Cinthia Patlan
2919 Blanco Rd,Martina Ovalle ,100,14,,1,9/30/25 8:48 AM,9/30/25 9:24 AM,36 minutes and 15 seconds,Cinthia Patlan
2919 Blanco Rd,AM CASHIER,107,,,1,9/30/25 8:43 AM,9/30/25 9:24 AM,41 minutes and 7 seconds,Cinthia Patlan
2919 Blanco Rd,Martina Ovalle ,145,5,,1,9/30/25 9:15 AM,9/30/25 9:24 AM,8 minutes and 38 seconds,Cinthia Patlan
2919 Blanco Rd,AM CASHIER,128,,,1,9/30/25 9:11 AM,9/30/25 9:24 AM,13 minutes and 31 seconds,Cinthia Patlan
2919 Blanco Rd,AM CASHIER,139,,,1,9/30/25 9:13 AM,9/30/25 9:24 AM,10 minutes and 49 seconds,Cinthia Patlan
2919 Blanco Rd,Martina Ovalle ,131,4,,1,9/30/25 9:01 AM,9/30/25 9:24 AM,23 minutes and 33 seconds,Cinthia Patlan
2919 Blanco Rd,samantha lopez,144,,,1,9/30/25 9:16 AM,9/30/25 9:24 AM,8 minutes and 23 seconds,Cinthia Patlan
2919 Blanco Rd,AM CASHIER,147,,,1,9/30/25 9:18 AM,9/30/25 9:47 AM,28 minutes and 48 seconds,Cinthia Patlan
2919 Blanco Rd,Martina Ovalle ,145,5,,1,9/30/25 9:26 AM,9/30/25 9:47 AM,20 minutes and 55 seconds,Cinthia Patlan
2919 Blanco Rd,Martina Ovalle ,165,19,,1,9/30/25 9:39 AM,9/30/25 9:47 AM,8 minutes,Cinthia Patlan
2919 Blanco Rd,AM CASHIER,157,,,1,9/30/25 9:32 AM,9/30/25 9:47 AM,14 minutes and 50 seconds,Cinthia Patlan
2919 Blanco Rd,Martina Ovalle ,149,13,,1,9/30/25 9:19 AM,9/30/25 9:47 AM,27 minutes and 51 seconds,Cinthia Patlan
2919 Blanco Rd,AM CASHIER,171,,,1,9/30/25 9:46 AM,9/30/25 9:47 AM,1 minute,Cinthia Patlan
2919 Blanco Rd,samantha lopez,152,,,1,9/30/25 9:32 AM,9/30/25 9:47 AM,15 minutes and 17 seconds,Cinthia Patlan
2919 Blanco Rd,Martina Ovalle ,150,7,,1,9/30/25 9:24 AM,9/30/25 9:47 AM,23 minutes and 14 seconds,Cinthia Patlan
2919 Blanco Rd,AM CASHIER,154,,,1,9/30/25 9:34 AM,9/30/25 9:47 AM,12 minutes and 56 seconds,Cinthia Patlan
2919 Blanco Rd,AM CASHIER,158,,,1,9/30/25 9:33 AM,9/30/25 9:47 AM,13 minutes and 42 seconds,Cinthia Patlan
2919 Blanco Rd,AM CASHIER,170,,,1,9/30/25 9:45 AM,9/30/25 10:13 AM,28 minutes and 10 seconds,Cinthia Patlan
2919 Blanco Rd,Martina Ovalle ,184,4,,1,9/30/25 10:05 AM,9/30/25 10:13 AM,7 minutes and 54 seconds,Cinthia Patlan
2919 Blanco Rd,Martina Ovalle ,183,2,,1,9/30/25 10:01 AM,9/30/25 10:13 AM,12 minutes and 2 seconds,Cinthia Patlan
2919 Blanco Rd,AM CASHIER,189,,,1,9/30/25 10:18 AM,9/30/25 10:40 AM,22 minutes and 2 seconds,Cinthia Patlan
2919 Blanco Rd,Martina Ovalle ,185,5,,1,9/30/25 10:11 AM,9/30/25 10:40 AM,28 minutes and 47 seconds,Cinthia Patlan
2919 Blanco Rd,AM CASHIER,194,,,1,9/30/25 10:21 AM,9/30/25 10:40 AM,19 minutes and 30 seconds,Cinthia Patlan
2919 Blanco Rd,Martina Ovalle ,196,17,,1,9/30/25 10:24 AM,9/30/25 10:40 AM,16 minutes and 33 seconds,Cinthia Patlan
2919 Blanco Rd,Martina Ovalle ,200,22,,1,9/30/25 10:30 AM,9/30/25 10:44 AM,13 minutes and 8 seconds,Cinthia Patlan
2919 Blanco Rd,AM CASHIER,201,,,1,9/30/25 10:31 AM,9/30/25 10:44 AM,13 minutes and 4 seconds,Cinthia Patlan
2919 Blanco Rd,Martina Ovalle ,196,17,,1,9/30/25 10:31 AM,9/30/25 10:44 AM,12 minutes and 41 seconds,Cinthia Patlan
2919 Blanco Rd,AM CASHIER,203,,,1,9/30/25 10:32 AM,9/30/25 10:44 AM,11 minutes and 45 seconds,Cinthia Patlan
2919 Blanco Rd,Martina Ovalle ,207,6,,1,9/30/25 10:39 AM,9/30/25 10:46 AM,7 minutes and 11 seconds,Cinthia Patlan
2919 Blanco Rd,Martina Ovalle ,207,6,,1,9/30/25 10:38 AM,9/30/25 10:46 AM,7 minutes and 54 seconds,Cinthia Patlan
2919 Blanco Rd,Martina Ovalle ,230,7,,1,9/30/25 11:38 AM,9/30/25 11:42 AM,3 minutes and 36 seconds,Cinthia Patlan
2919 Blanco Rd,Martina Ovalle ,209,25,,1,9/30/25 10:40 AM,9/30/25 11:42 AM,1 hour and 2 minutes,Cinthia Patlan
2919 Blanco Rd,Martina Ovalle ,229,12,,1,9/30/25 11:35 AM,9/30/25 11:42 AM,6 minutes and 23 seconds,Cinthia Patlan
2919 Blanco Rd,Martina Ovalle ,214,3,,1,9/30/25 10:54 AM,9/30/25 11:42 AM,47 minutes and 38 seconds,Cinthia Patlan
2919 Blanco Rd,Martina Ovalle ,222,6,,1,9/30/25 11:26 AM,9/30/25 11:42 AM,15 minutes and 58 seconds,Cinthia Patlan
2919 Blanco Rd,AM CASHIER,223,,,1,9/30/25 11:28 AM,9/30/25 11:42 AM,14 minutes and 4 seconds,Cinthia Patlan
2919 Blanco Rd,Martina Ovalle ,225,2,,1,9/30/25 11:28 AM,9/30/25 11:42 AM,13 minutes and 53 seconds,Cinthia Patlan
2919 Blanco Rd,Martina Ovalle ,236,8,,1,9/30/25 11:54 AM,9/30/25 12:17 PM,22 minutes and 40 seconds,AM CASHIER
2919 Blanco Rd,Martina Ovalle ,232,5,,1,9/30/25 11:44 AM,9/30/25 12:17 PM,32 minutes and 52 seconds,AM CASHIER
2919 Blanco Rd,Martina Ovalle ,7002,2,,1,9/30/25 11:29 AM,9/30/25 12:17 PM,47 minutes and 38 seconds,AM CASHIER
2919 Blanco Rd,Martina Ovalle ,245,7,,1,9/30/25 12:13 PM,9/30/25 12:29 PM,15 minutes and 46 seconds,Cinthia Patlan
2919 Blanco Rd,AM CASHIER,238,,,1,9/30/25 11:56 AM,9/30/25 12:29 PM,32 minutes and 32 seconds,Cinthia Patlan
2919 Blanco Rd,Martina Ovalle ,244,15,,1,9/30/25 12:12 PM,9/30/25 12:29 PM,16 minutes and 13 seconds,Cinthia Patlan
2919 Blanco Rd,Martina Ovalle ,249,10,,1,9/30/25 12:24 PM,9/30/25 1:38 PM,"1 hour, 14 minutes and 7 seconds",Cinthia Patlan
2919 Blanco Rd,Martina Ovalle ,266,4,,1,9/30/25 12:58 PM,9/30/25 1:38 PM,39 minutes and 30 seconds,Cinthia Patlan
2919 Blanco Rd,AM CASHIER,254,,,1,9/30/25 12:29 PM,9/30/25 1:38 PM,"1 hour, 8 minutes and 55 seconds",Cinthia Patlan
2919 Blanco Rd,AM CASHIER,260,,,1,9/30/25 12:37 PM,9/30/25 1:38 PM,1 hour and 30 seconds,Cinthia Patlan
2919 Blanco Rd,Martina Ovalle ,275,,,1,9/30/25 1:23 PM,9/30/25 1:38 PM,14 minutes and 54 seconds,Cinthia Patlan
2919 Blanco Rd,Martina Ovalle ,263,3,,1,9/30/25 12:46 PM,9/30/25 1:38 PM,51 minutes and 24 seconds,Cinthia Patlan
2919 Blanco Rd,Martina Ovalle ,271,,,1,9/30/25 1:09 PM,9/30/25 1:38 PM,28 minutes and 28 seconds,Cinthia Patlan
2919 Blanco Rd,Martina Ovalle ,274,,,1,9/30/25 1:19 PM,9/30/25 1:38 PM,18 minutes and 25 seconds,Cinthia Patlan
2919 Blanco Rd,Martina Ovalle ,277,13,,1,9/30/25 1:37 PM,9/30/25 4:27 PM,"2 hours, 50 minutes and 13 seconds",Cinthia Patlan
2919 Blanco Rd,Martina Ovalle ,282,7,,1,9/30/25 1:45 PM,9/30/25 4:27 PM,"2 hours, 41 minutes and 49 seconds",Cinthia Patlan
2919 Blanco Rd,Martina Ovalle ,278,,,1,9/30/25 1:37 PM,9/30/25 4:27 PM,"2 hours, 49 minutes and 24 seconds",Cinthia Patlan
2919 Blanco Rd,Martina Ovalle ,281,,,1,9/30/25 1:48 PM,9/30/25 4:27 PM,"2 hours, 39 minutes and 9 seconds",Cinthia Patlan
2919 Blanco Rd,Martina Ovalle ,286,18,,1,9/30/25 2:06 PM,9/30/25 4:27 PM,"2 hours, 20 minutes and 46 seconds",Cinthia Patlan
2919 Blanco Rd,Martina Ovalle ,284,5,,1,9/30/25 1:53 PM,9/30/25 4:27 PM,"2 hours, 34 minutes and 1 second",Cinthia Patlan
2919 Blanco Rd,samantha lopez,295,,,1,9/30/25 2:29 PM,9/30/25 4:27 PM,"1 hour, 57 minutes and 49 seconds",Cinthia Patlan
2919 Blanco Rd,Martina Ovalle ,306,4,,1,9/30/25 3:14 PM,9/30/25 4:27 PM,"1 hour, 12 minutes and 31 seconds",Cinthia Patlan
2919 Blanco Rd,Martina Ovalle ,291,,,1,9/30/25 2:15 PM,9/30/25 4:27 PM,"2 hours, 11 minutes and 35 seconds",Cinthia Patlan
2919 Blanco Rd,Martina Ovalle ,296,3,,1,9/30/25 2:34 PM,9/30/25 4:27 PM,"1 hour, 52 minutes and 46 seconds",Cinthia Patlan
2919 Blanco Rd,Martina Ovalle ,296,3,,1,9/30/25 2:57 PM,9/30/25 4:27 PM,"1 hour, 29 minutes and 32 seconds",Cinthia Patlan
2919 Blanco Rd,Martina Ovalle ,296,3,,1,9/30/25 2:47 PM,9/30/25 4:27 PM,"1 hour, 40 minutes and 26 seconds",Cinthia Patlan
2919 Blanco Rd,Martina Ovalle ,311,7,,1,9/30/25 3:42 PM,9/30/25 4:27 PM,44 minutes and 39 seconds,Cinthia Patlan
2919 Blanco Rd,Martina Ovalle ,307,14,,1,9/30/25 3:19 PM,9/30/25 4:27 PM,"1 hour, 8 minutes and 2 seconds",Cinthia Patlan
2919 Blanco Rd,Martina Ovalle ,306,4,,1,9/30/25 3:33 PM,9/30/25 4:27 PM,53 minutes and 40 seconds,Cinthia Patlan
2919 Blanco Rd,Martina Ovalle ,309,6,,1,9/30/25 3:35 PM,9/30/25 4:27 PM,51 minutes and 42 seconds,Cinthia Patlan
2919 Blanco Rd,Martina Ovalle ,320,17,,1,9/30/25 4:19 PM,9/30/25 5:10 PM,51 minutes and 22 seconds,Cinthia Patlan
2919 Blanco Rd,Martina Ovalle ,323,,,1,9/30/25 4:25 PM,9/30/25 5:10 PM,45 minutes and 25 seconds,Cinthia Patlan
2919 Blanco Rd,Martina Ovalle ,325,,,1,9/30/25 4:29 PM,9/30/25 5:10 PM,41 minutes and 53 seconds,Cinthia Patlan
2919 Blanco Rd,Martina Ovalle ,326,,,1,9/30/25 4:29 PM,9/30/25 5:10 PM,41 minutes and 26 seconds,Cinthia Patlan
2919 Blanco Rd,Martina Ovalle ,334,14,,1,9/30/25 5:04 PM,9/30/25 6:52 PM,"1 hour, 47 minutes and 46 seconds",Cinthia Patlan
2919 Blanco Rd,Martina Ovalle ,334,14,,1,9/30/25 5:10 PM,9/30/25 6:52 PM,"1 hour, 41 minutes and 49 seconds",Cinthia Patlan
2919 Blanco Rd,Martina Ovalle ,327,,,1,9/30/25 4:30 PM,9/30/25 6:52 PM,"2 hours, 21 minutes and 35 seconds",Cinthia Patlan
2919 Blanco Rd,Martina Ovalle ,337,,,1,9/30/25 5:15 PM,9/30/25 6:52 PM,"1 hour, 36 minutes and 32 seconds",Cinthia Patlan
2919 Blanco Rd,Martina Ovalle ,348,,,1,9/30/25 6:19 PM,9/30/25 6:52 PM,33 minutes and 12 seconds,Cinthia Patlan
2919 Blanco Rd,Martina Ovalle ,347,6,,1,9/30/25 5:55 PM,9/30/25 6:52 PM,57 minutes and 19 seconds,Cinthia Patlan
2919 Blanco Rd,Martina Ovalle ,349,,,1,9/30/25 6:23 PM,9/30/25 6:52 PM,29 minutes and 7 seconds,Cinthia Patlan
2919 Blanco Rd,Martina Ovalle ,353,,,1,9/30/25 6:38 PM,9/30/25 6:52 PM,14 minutes and 17 seconds,Cinthia Patlan
2919 Blanco Rd,Martina Ovalle ,350,7,,1,9/30/25 6:22 PM,9/30/25 6:52 PM,30 minutes and 16 seconds,Cinthia Patlan
2919 Blanco Rd,Martina Ovalle ,355,,,1,9/30/25 6:37 PM,9/30/25 6:52 PM,15 minutes and 17 seconds,Cinthia Patlan
