Employee,Job Title,Regular Hours,Overtime Hours,Hourly Rate,Regular Pay,Overtime Pay,Total Pay,Net Sales,Declared Tips,Non-Cash Tips,Total Tips,Tips Withheld,Total Gratuity,Employee ID,Job Code,Location,Location Code
"C, PM Cashier",Cashier,1.98,0.0,,,,,341.47,,11.64,11.64,0.00,0.00,,,2919 Blanco Rd,
"CASHIER, AM",General Manager,7.21,0.0,,,,,273.91,,4.00,4.00,0.00,0.00,,,2919 Blanco Rd,
"Franco , Eduardo ",Cook,9.02,0.0,14.00,126.28,0.00,126.28,0.00,,0.00,0.00,0.00,0.00,,,2919 Blanco Rd,
"Hernandez, Celinda",Cook,20.91,0.0,16.00,334.56,0.00,334.56,0.00,0.00,0.00,0.00,0.00,0.00,,,2919 Blanco Rd,
"Hernandez, Fidelia ",Cook,8.72,0.0,14.00,122.08,0.00,122.08,0.00,,0.00,0.00,0.00,0.00,,,2919 Blanco Rd,
"Melendez, Ninoska",Tortillero/a,13.82,0.0,13.00,179.66,0.00,179.66,0.00,0.00,0.00,0.00,0.00,0.00,,,2919 Blanco Rd,
"Ovalle , Martina",Shift Manager / Assistant Manager,7.44,0.0,,,,,563.25,,67.08,67.08,0.00,0.00,,,2919 Blanco Rd,
"Ovalle , Martina",Server,7.08,0.0,,,,,583.34,,29.76,29.76,0.00,0.00,,,2919 Blanco Rd,
"Salazar, Betty",Chef,15.61,0.0,,,,,0.00,,0.00,0.00,0.00,0.00,,,2919 Blanco Rd,
"Salazar, Maria ",Shift Manager / Assistant Manager,4.99,0.0,,,,,0.00,,0.00,0.00,0.00,0.00,,,2919 Blanco Rd,
"lopez, samantha",Drive-Thru,12.24,0.0,13.00,159.12,0.00,159.12,1711.55,,39.52,39.52,0.00,0.00,,,2919 Blanco Rd,
