,Location,Employee,Job Title,In Date,Shift Closed Date,Out Date,Hours,Cash Tips Decl.,Cash on Hand,Cash in Drawer,Non-Cash Tips,Cash Gratuity,Non-Cash Gratuity,Tips Withheld,Non-Cash Sales,Cash Sales,Total Sales,Cash Collected?,Tips Paid?,Open,Paid,Closed,Tip Share Total
800000030193549532,2919 Blanco Rd,Martina Ovalle ,Shift Manager / Assistant Manager,9/30/25 5:41 AM,9/30/25 1:07 PM,9/30/25 1:08 PM,7.44,,0.00,217.28,67.08,0.00,0.00,0.00,392.41,217.28,609.69,yes,yes,0,0,31,0.00
800000030193587823,2919 Blanco Rd,AM CASHIER,General Manager,9/30/25 5:56 AM,9/30/25 1:09 PM,9/30/25 1:09 PM,7.21,,4.30,134.87,4.00,0.00,0.00,0.00,157.32,139.17,296.49,yes,yes,0,0,27,0.00
800000030193590247,2919 Blanco Rd,Betty Salazar,Chef,9/30/25 5:58 AM,9/30/25 9:34 PM,9/30/25 9:34 PM,15.61,,0.00,0.00,0.00,0.00,0.00,0.00,0.00,0.00,0.00,yes,yes,0,0,0,0.00
800000030193601727,2919 Blanco Rd,PM Cashier C,Cashier,9/30/25 6:01 AM,9/30/25 7:59 AM,9/30/25 8:00 AM,1.98,,0.00,156.44,11.64,0.00,0.00,0.00,213.13,156.44,369.57,yes,yes,0,0,43,0.00
800000030194778845,2919 Blanco Rd,samantha lopez,Drive-Thru,9/30/25 7:59 AM,9/30/25 1:08 PM,9/30/25 1:08 PM,5.16,,0.00,588.12,21.00,0.00,0.00,0.00,578.00,588.12,1166.12,yes,yes,0,0,97,0.00
800000030195514584,2919 Blanco Rd,Maria  Salazar,Shift Manager / Assistant Manager,9/30/25 8:29 AM,9/30/25 1:28 PM,9/30/25 1:28 PM,4.99,,0.00,0.00,0.00,0.00,0.00,0.00,0.00,0.00,0.00,yes,yes,0,0,0,0.00
800000030204222068,2919 Blanco Rd,Martina Ovalle ,Server,9/30/25 1:08 PM,9/30/25 7:58 PM,9/30/25 8:13 PM,7.08,,0.00,343.29,29.76,0.00,0.00,0.00,288.08,343.29,631.37,yes,yes,0,0,32,0.00
800000030204244166,2919 Blanco Rd,samantha lopez,Drive-Thru,9/30/25 1:08 PM,9/30/25 8:03 PM,9/30/25 8:13 PM,7.08,,0.00,317.04,18.52,0.00,0.00,0.00,369.34,317.04,686.38,yes,yes,0,0,42,0.00
800000030205888442,2919 Blanco Rd,Celinda Hernandez,Cook,9/30/25 1:56 PM,10/1/25 4:07 AM,10/1/25 4:00 AM,14.07,0.00,0.00,0.00,0.00,0.00,0.00,0.00,0.00,0.00,0.00,yes,yes,0,0,0,0.00
800000030206342945,2919 Blanco Rd,Ninoska Melendez,Tortillero/a,9/30/25 2:10 PM,10/1/25 4:07 AM,10/1/25 4:00 AM,13.82,0.00,0.00,0.00,0.00,0.00,0.00,0.00,0.00,0.00,0.00,yes,yes,0,0,0,0.00
