Location,Server,Check #,Table,Station,Expediter Level,Fired Date,Fulfilled Date,Fulfillment Time,Fulfilled By
2919 Blanco Rd,Maria  Salazar,14,22,,1,9/7/25 8:23 AM,9/7/25 8:39 AM,16 minutes and 7 seconds,Cinthia Patlan
2919 Blanco Rd,Maria  Salazar,11,,,1,9/7/25 8:26 AM,9/7/25 8:39 AM,12 minutes and 21 seconds,Cinthia Patlan
2919 Blanco Rd,Maria  Salazar,19,2,,1,9/7/25 8:38 AM,9/7/25 8:39 AM,45 seconds,Cinthia Patlan
2919 Blanco Rd,Maria  Salazar,5,,,1,9/7/25 8:03 AM,9/7/25 8:39 AM,35 minutes and 38 seconds,Cinthia Patlan
2919 Blanco Rd,Maria  Salazar,19,2,,1,9/7/25 8:28 AM,9/7/25 8:39 AM,10 minutes and 57 seconds,Cinthia Patlan
2919 Blanco Rd,Maria  Salazar,24,7,,1,9/7/25 8:46 AM,9/7/25 8:49 AM,2 minutes and 43 seconds,Cinthia Patlan
2919 Blanco Rd,Maria  Salazar,24,7,,1,9/7/25 8:38 AM,9/7/25 8:49 AM,10 minutes and 14 seconds,Cinthia Patlan
2919 Blanco Rd,Maria  Salazar,36,11,,1,9/7/25 9:05 AM,9/7/25 9:14 AM,9 minutes and 32 seconds,Cinthia Patlan
2919 Blanco Rd,Sami Martinez ,38,8,,1,9/7/25 9:09 AM,9/7/25 9:40 AM,31 minutes and 44 seconds,Cinthia Patlan
2919 Blanco Rd,Maria  Salazar,36,11,,1,9/7/25 9:24 AM,9/7/25 9:40 AM,15 minutes and 51 seconds,Cinthia Patlan
2919 Blanco Rd,Sami Martinez ,44,13,,1,9/7/25 9:22 AM,9/7/25 9:40 AM,18 minutes and 21 seconds,Cinthia Patlan
2919 Blanco Rd,Maria  Salazar,54,,,1,9/7/25 9:31 AM,9/7/25 9:40 AM,9 minutes and 28 seconds,Cinthia Patlan
2919 Blanco Rd,Maria  Salazar,51,,,1,9/7/25 9:31 AM,9/7/25 9:40 AM,9 minutes and 27 seconds,Cinthia Patlan
2919 Blanco Rd,samantha lopez,65,1,,1,9/7/25 9:40 AM,9/7/25 10:14 AM,33 minutes and 54 seconds,Cinthia Patlan
2919 Blanco Rd,Maria  Salazar,74,,,1,9/7/25 9:56 AM,9/7/25 10:14 AM,18 minutes and 17 seconds,Cinthia Patlan
2919 Blanco Rd,Sami Martinez ,76,4,,1,9/7/25 9:57 AM,9/7/25 10:14 AM,16 minutes and 52 seconds,Cinthia Patlan
2919 Blanco Rd,samantha lopez,81,7,,1,9/7/25 10:05 AM,9/7/25 10:14 AM,9 minutes and 29 seconds,Cinthia Patlan
2919 Blanco Rd,Maria  Salazar,89,,,1,9/7/25 10:13 AM,9/7/25 10:14 AM,1 minute and 9 seconds,Cinthia Patlan
2919 Blanco Rd,Maria  Salazar,83,,,1,9/7/25 10:05 AM,9/7/25 10:14 AM,9 minutes and 19 seconds,Cinthia Patlan
2919 Blanco Rd,samantha lopez,101,17,,1,9/7/25 10:28 AM,9/7/25 10:54 AM,25 minutes and 39 seconds,Cinthia Patlan
2919 Blanco Rd,Maria  Salazar,99,,,1,9/7/25 10:28 AM,9/7/25 10:54 AM,26 minutes and 18 seconds,Cinthia Patlan
2919 Blanco Rd,Sami Martinez ,98,25,,1,9/7/25 10:27 AM,9/7/25 10:54 AM,26 minutes and 49 seconds,Cinthia Patlan
2919 Blanco Rd,Sami Martinez ,112,7,,1,9/7/25 10:39 AM,9/7/25 10:54 AM,15 minutes and 29 seconds,Cinthia Patlan
2919 Blanco Rd,Sami Martinez ,103,19,,1,9/7/25 10:30 AM,9/7/25 10:54 AM,24 minutes and 12 seconds,Cinthia Patlan
2919 Blanco Rd,Maria  Salazar,108,,,1,9/7/25 10:34 AM,9/7/25 10:54 AM,20 minutes and 15 seconds,Cinthia Patlan
2919 Blanco Rd,samantha lopez,109,12,,1,9/7/25 10:35 AM,9/7/25 10:54 AM,19 minutes and 29 seconds,Cinthia Patlan
2919 Blanco Rd,samantha lopez,127,2,,1,9/7/25 10:56 AM,9/7/25 11:04 AM,7 minutes and 30 seconds,Cinthia Patlan
2919 Blanco Rd,samantha lopez,127,2,,1,9/7/25 10:57 AM,9/7/25 11:04 AM,7 minutes and 14 seconds,Cinthia Patlan
2919 Blanco Rd,Sami Martinez ,119,14,,1,9/7/25 10:51 AM,9/7/25 11:16 AM,24 minutes and 59 seconds,Cinthia Patlan
2919 Blanco Rd,samantha lopez,121,13,,1,9/7/25 10:52 AM,9/7/25 11:16 AM,23 minutes and 8 seconds,Cinthia Patlan
2919 Blanco Rd,Sami Martinez ,124,6,,1,9/7/25 10:55 AM,9/7/25 11:19 AM,24 minutes and 33 seconds,Cinthia Patlan
2919 Blanco Rd,Maria  Salazar,129,,,1,9/7/25 10:58 AM,9/7/25 11:20 AM,21 minutes and 34 seconds,Cinthia Patlan
2919 Blanco Rd,Sami Martinez ,128,5,,1,9/7/25 10:58 AM,9/7/25 11:20 AM,21 minutes and 9 seconds,Cinthia Patlan
2919 Blanco Rd,samantha lopez,134,1,,1,9/7/25 11:03 AM,9/7/25 11:20 AM,16 minutes and 48 seconds,Cinthia Patlan
2919 Blanco Rd,Maria  Salazar,138,18,,1,9/7/25 11:07 AM,9/7/25 11:20 AM,12 minutes and 56 seconds,Cinthia Patlan
2919 Blanco Rd,samantha lopez,123,8,,1,9/7/25 10:55 AM,9/7/25 11:23 AM,27 minutes and 44 seconds,Cinthia Patlan
2919 Blanco Rd,Maria  Salazar,142,,,1,9/7/25 11:09 AM,9/7/25 11:23 AM,13 minutes and 50 seconds,Cinthia Patlan
2919 Blanco Rd,samantha lopez,143,21,,1,9/7/25 11:10 AM,9/7/25 11:23 AM,12 minutes and 27 seconds,Cinthia Patlan
2919 Blanco Rd,Sami Martinez ,145,25,,1,9/7/25 11:14 AM,9/7/25 11:25 AM,10 minutes and 41 seconds,Cinthia Patlan
2919 Blanco Rd,Maria  Salazar,141,,,1,9/7/25 11:08 AM,9/7/25 11:40 AM,31 minutes and 57 seconds,Cinthia Patlan
2919 Blanco Rd,samantha lopez,147,16,,1,9/7/25 11:16 AM,9/7/25 11:40 AM,24 minutes and 20 seconds,Cinthia Patlan
2919 Blanco Rd,samantha lopez,151,3,,1,9/7/25 11:26 AM,9/7/25 11:40 AM,14 minutes and 17 seconds,Cinthia Patlan
2919 Blanco Rd,samantha lopez,157,4,,1,9/7/25 11:34 AM,9/7/25 11:41 AM,7 minutes and 34 seconds,Cinthia Patlan
2919 Blanco Rd,Sami Martinez ,124,6,,1,9/7/25 11:35 AM,9/7/25 12:05 PM,29 minutes and 58 seconds,Cinthia Patlan
2919 Blanco Rd,Maria  Salazar,162,,,1,9/7/25 11:40 AM,9/7/25 12:05 PM,24 minutes and 57 seconds,Cinthia Patlan
2919 Blanco Rd,Maria  Salazar,166,,,1,9/7/25 11:46 AM,9/7/25 12:05 PM,19 minutes and 36 seconds,Cinthia Patlan
2919 Blanco Rd,samantha lopez,165,15,,1,9/7/25 11:42 AM,9/7/25 12:05 PM,23 minutes and 11 seconds,Cinthia Patlan
2919 Blanco Rd,samantha lopez,127,2,,1,9/7/25 11:48 AM,9/7/25 12:05 PM,17 minutes and 9 seconds,Cinthia Patlan
2919 Blanco Rd,Maria  Salazar,176,,,1,9/7/25 11:58 AM,9/7/25 12:12 PM,14 minutes and 24 seconds,Cinthia Patlan
2919 Blanco Rd,samantha lopez,177,14,,1,9/7/25 11:59 AM,9/7/25 12:12 PM,12 minutes and 56 seconds,Cinthia Patlan
2919 Blanco Rd,samantha lopez,182,12,,1,9/7/25 12:05 PM,9/7/25 12:15 PM,9 minutes and 54 seconds,Cinthia Patlan
2919 Blanco Rd,samantha lopez,182,12,,1,9/7/25 12:06 PM,9/7/25 12:15 PM,9 minutes and 18 seconds,Cinthia Patlan
2919 Blanco Rd,Maria  Salazar,181,,,1,9/7/25 12:05 PM,9/7/25 12:15 PM,10 minutes and 10 seconds,Cinthia Patlan
2919 Blanco Rd,samantha lopez,180,5,,1,9/7/25 12:04 PM,9/7/25 12:15 PM,10 minutes and 32 seconds,Cinthia Patlan
2919 Blanco Rd,Sami Martinez ,150,9,,1,9/7/25 12:01 PM,9/7/25 12:17 PM,15 minutes and 37 seconds,Cinthia Patlan
2919 Blanco Rd,samantha lopez,174,17,,1,9/7/25 12:09 PM,9/7/25 12:33 PM,24 minutes and 14 seconds,Cinthia Patlan
2919 Blanco Rd,samantha lopez,184,13,,1,9/7/25 12:11 PM,9/7/25 12:33 PM,22 minutes and 22 seconds,Cinthia Patlan
2919 Blanco Rd,samantha lopez,157,4,,1,9/7/25 12:11 PM,9/7/25 12:33 PM,22 minutes and 1 second,Cinthia Patlan
2919 Blanco Rd,samantha lopez,182,12,,1,9/7/25 12:14 PM,9/7/25 12:34 PM,19 minutes and 22 seconds,Cinthia Patlan
2919 Blanco Rd,Sami Martinez ,191,25,,1,9/7/25 12:22 PM,9/7/25 12:34 PM,11 minutes and 51 seconds,Cinthia Patlan
2919 Blanco Rd,samantha lopez,174,17,,1,9/7/25 12:23 PM,9/7/25 12:34 PM,10 minutes and 35 seconds,Cinthia Patlan
2919 Blanco Rd,samantha lopez,196,6,,1,9/7/25 12:29 PM,9/7/25 12:34 PM,5 minutes and 18 seconds,Cinthia Patlan
2919 Blanco Rd,samantha lopez,182,12,,1,9/7/25 12:29 PM,9/7/25 12:34 PM,4 minutes and 49 seconds,Cinthia Patlan
2919 Blanco Rd,Maria  Salazar,203,,,1,9/7/25 12:33 PM,9/7/25 1:15 PM,42 minutes and 33 seconds,Cinthia Patlan
2919 Blanco Rd,Sami Martinez ,150,9,,1,9/7/25 12:35 PM,9/7/25 1:15 PM,40 minutes and 25 seconds,Cinthia Patlan
2919 Blanco Rd,Maria  Salazar,218,,,1,9/7/25 1:07 PM,9/7/25 1:15 PM,8 minutes and 47 seconds,Cinthia Patlan
2919 Blanco Rd,samantha lopez,198,17,,1,9/7/25 12:38 PM,9/7/25 1:15 PM,37 minutes and 26 seconds,Cinthia Patlan
2919 Blanco Rd,Sami Martinez ,209,15,,1,9/7/25 12:47 PM,9/7/25 1:15 PM,28 minutes and 37 seconds,Cinthia Patlan
2919 Blanco Rd,samantha lopez,224,4,,1,9/7/25 1:14 PM,9/7/25 1:39 PM,25 minutes and 5 seconds,Cinthia Patlan
2919 Blanco Rd,Sami Martinez ,223,3,,1,9/7/25 1:15 PM,9/7/25 1:39 PM,24 minutes and 34 seconds,Cinthia Patlan
2919 Blanco Rd,Sami Martinez ,223,3,,1,9/7/25 1:23 PM,9/7/25 1:39 PM,16 minutes,Cinthia Patlan
2919 Blanco Rd,Sami Martinez ,223,3,,1,9/7/25 1:34 PM,9/7/25 1:39 PM,4 minutes and 47 seconds,Cinthia Patlan
2919 Blanco Rd,samantha lopez,227,25,,1,9/7/25 1:29 PM,9/7/25 1:53 PM,23 minutes and 37 seconds,Cinthia Patlan
2919 Blanco Rd,Sami Martinez ,234,5,,1,9/7/25 1:41 PM,9/7/25 1:53 PM,11 minutes and 29 seconds,Cinthia Patlan
2919 Blanco Rd,Sami Martinez ,236,8,,1,9/7/25 1:47 PM,9/7/25 2:03 PM,16 minutes and 33 seconds,Cinthia Patlan
2919 Blanco Rd,Sami Martinez ,236,8,,1,9/7/25 1:56 PM,9/7/25 2:03 PM,7 minutes and 9 seconds,Cinthia Patlan
2919 Blanco Rd,Maria  Salazar,239,,,1,9/7/25 1:49 PM,9/7/25 2:03 PM,14 minutes and 27 seconds,Cinthia Patlan
2919 Blanco Rd,samantha lopez,246,6,,1,9/7/25 1:58 PM,9/7/25 2:07 PM,8 minutes and 40 seconds,Cinthia Patlan
2919 Blanco Rd,samantha lopez,244,2,,1,9/7/25 1:57 PM,9/7/25 2:07 PM,10 minutes and 20 seconds,Cinthia Patlan
2919 Blanco Rd,Maria  Salazar,251,,,1,9/7/25 2:07 PM,9/7/25 2:11 PM,4 minutes and 1 second,Cinthia Patlan
2919 Blanco Rd,Maria  Salazar,255,,,1,9/7/25 2:14 PM,9/7/25 2:19 PM,4 minutes and 47 seconds,Cinthia Patlan
2919 Blanco Rd,Sami Martinez ,234,5,,1,9/7/25 2:28 PM,9/7/25 3:07 PM,39 minutes and 44 seconds,Cinthia Patlan
2919 Blanco Rd,samantha lopez,256,18,,1,9/7/25 2:20 PM,9/7/25 3:07 PM,47 minutes and 40 seconds,Cinthia Patlan
2919 Blanco Rd,samantha lopez,256,18,,1,9/7/25 2:23 PM,9/7/25 3:07 PM,44 minutes and 33 seconds,Cinthia Patlan
2919 Blanco Rd,Maria  Salazar,259,,,1,9/7/25 2:30 PM,9/7/25 3:07 PM,37 minutes and 25 seconds,Cinthia Patlan
