Location,Order #,Opened,Server,Table,Revenue Center,Discount Amount,Amount,Tax,Tip,Gratuity,Duration (Opened to Paid)
2919 Blanco Rd,4,9/7/25 8:02 AM,Maria  Salazar,,Dining Room,0.00,9.44,0.78,0.00,0.00,00:03:07
2919 Blanco Rd,5,9/7/25 8:02 AM,Maria  Salazar,,Dining Room,0.00,24.99,2.06,0.00,0.00,00:05:13
2919 Blanco Rd,6,9/7/25 8:06 AM,Martina Ovalle ,,Dining Room,0.00,10.76,0.89,0.00,0.00,00:03:17
2919 Blanco Rd,8,9/7/25 8:09 AM,Maria  Salazar,,Dining Room,0.00,3.99,0.33,0.00,0.00,00:00:08
2919 Blanco Rd,10,9/7/25 8:10 AM,Martina Ovalle ,,Drive Thru,0.00,7.20,0.58,0.00,0.00,00:03:30
2919 Blanco Rd,9,9/7/25 8:09 AM,Martina Ovalle ,,Dining Room,0.00,12.54,1.04,0.00,0.00,00:11:51
2919 Blanco Rd,7,9/7/25 8:06 AM,Martina Ovalle ,,Dining Room,0.00,3.98,0.32,0.00,0.00,00:15:47
2919 Blanco Rd,13,9/7/25 8:20 AM,Martina Ovalle ,,Drive Thru,0.00,13.00,1.07,0.00,0.00,00:02:56
2919 Blanco Rd,14,9/7/25 8:22 AM,Maria  Salazar,22,Dining Room,0.00,10.74,0.89,0.00,0.00,01:13:07
2919 Blanco Rd,15,9/7/25 8:22 AM,Martina Ovalle ,,Drive Thru,0.00,13.70,1.13,0.00,0.00,00:02:47
2919 Blanco Rd,16,9/7/25 8:24 AM,Martina Ovalle ,,Drive Thru,0.00,8.56,0.71,0.00,0.00,00:03:31
2919 Blanco Rd,11,9/7/25 8:17 AM,Maria  Salazar,,Dining Room,0.00,11.18,0.92,0.00,0.00,00:09:15
2919 Blanco Rd,19,9/7/25 8:27 AM,Maria  Salazar,2,Dining Room,0.00,15.79,1.30,0.00,0.00,00:25:09
2919 Blanco Rd,20,9/7/25 8:27 AM,Martina Ovalle ,,Drive Thru,0.00,15.06,1.23,2.00,0.00,00:01:44
2919 Blanco Rd,21,9/7/25 8:36 AM,Martina Ovalle ,,Dining Room,0.00,1.99,0.16,0.00,0.00,00:02:34
2919 Blanco Rd,22,9/7/25 8:36 AM,Martina Ovalle ,,Dining Room,0.00,5.28,0.44,0.00,0.00,00:03:27
2919 Blanco Rd,24,9/7/25 8:38 AM,Maria  Salazar,7,Dining Room,0.00,16.08,1.33,0.00,0.00,00:49:12
2919 Blanco Rd,26,9/7/25 8:39 AM,Martina Ovalle ,,Drive Thru,0.00,6.57,0.54,0.00,0.00,00:02:21
2919 Blanco Rd,27,9/7/25 8:39 AM,Martina Ovalle ,,Drive Thru,0.00,3.98,0.33,0.00,0.00,00:03:24
2919 Blanco Rd,23,9/7/25 8:37 AM,Martina Ovalle ,,Dining Room,0.00,4.79,0.40,0.00,0.00,00:09:12
2919 Blanco Rd,28,9/7/25 8:43 AM,Martina Ovalle ,,Drive Thru,0.00,8.37,0.68,0.00,0.00,00:03:52
2919 Blanco Rd,29,9/7/25 8:44 AM,Martina Ovalle ,,Dining Room,0.00,11.66,0.96,2.00,0.00,00:06:31
2919 Blanco Rd,31,9/7/25 8:49 AM,Martina Ovalle ,,Dining Room,0.00,21.50,1.78,0.00,0.00,00:03:07
2919 Blanco Rd,32,9/7/25 8:50 AM,Martina Ovalle ,,Dining Room,0.00,9.43,0.77,0.00,0.00,00:14:37
2919 Blanco Rd,34,9/7/25 9:04 AM,Martina Ovalle ,,Drive Thru,0.00,4.98,0.41,0.00,0.00,00:01:56
2919 Blanco Rd,35,9/7/25 9:05 AM,Martina Ovalle ,,Drive Thru,0.00,5.97,0.49,0.00,0.00,00:02:43
2919 Blanco Rd,36,9/7/25 9:05 AM,Maria  Salazar,11,Dining Room,0.00,22.77,1.87,8.00,0.00,03:25:11
2919 Blanco Rd,37,9/7/25 9:06 AM,Martina Ovalle ,,Drive Thru,0.00,8.23,0.68,2.00,0.00,00:02:27
2919 Blanco Rd,38,9/7/25 9:07 AM,Sami Martinez ,8,Dining Room,0.00,11.03,0.91,0.00,0.00,00:16:22
2919 Blanco Rd,39,9/7/25 9:10 AM,Martina Ovalle ,,Dining Room,0.00,6.78,0.56,1.00,0.00,00:01:48
2919 Blanco Rd,41,9/7/25 9:12 AM,Martina Ovalle ,,Drive Thru,0.00,0.99,0.08,0.00,0.00,00:01:19
2919 Blanco Rd,42,9/7/25 9:15 AM,Martina Ovalle ,,Drive Thru,0.00,10.73,0.89,0.00,0.00,00:01:47
2919 Blanco Rd,40,9/7/25 9:10 AM,Martina Ovalle ,,Dining Room,0.00,13.97,1.16,0.00,0.00,00:15:15
2919 Blanco Rd,46,9/7/25 9:22 AM,Maria  Salazar,,Dining Room,0.00,5.50,0.46,0.00,0.00,00:00:20
2919 Blanco Rd,44,9/7/25 9:20 AM,Sami Martinez ,13,Dining Room,0.00,10.48,0.88,3.00,0.00,00:26:22
2919 Blanco Rd,45,9/7/25 9:21 AM,Martina Ovalle ,,Dining Room,0.00,12.76,1.05,2.00,0.00,00:05:57
2919 Blanco Rd,48,9/7/25 9:23 AM,Martina Ovalle ,,Dining Room,0.00,5.97,0.49,0.00,0.00,00:06:09
2919 Blanco Rd,52,9/7/25 9:27 AM,Martina Ovalle ,,Drive Thru,0.00,17.94,1.48,2.00,0.00,00:02:11
2919 Blanco Rd,53,9/7/25 9:29 AM,Martina Ovalle ,,Drive Thru,0.00,8.26,0.68,2.00,0.00,00:02:51
2919 Blanco Rd,55,9/7/25 9:30 AM,Martina Ovalle ,,Drive Thru,0.00,10.27,0.86,0.00,0.00,00:04:30
2919 Blanco Rd,51,9/7/25 9:27 AM,Maria  Salazar,,Dining Room,0.00,12.36,1.02,0.00,0.00,00:03:39
2919 Blanco Rd,54,9/7/25 9:29 AM,Maria  Salazar,,Dining Room,0.00,38.91,3.20,0.00,0.00,00:10:41
2919 Blanco Rd,58,9/7/25 9:32 AM,Martina Ovalle ,,Drive Thru,0.00,11.97,0.99,0.00,0.00,00:03:10
2919 Blanco Rd,60,9/7/25 9:34 AM,Martina Ovalle ,,Drive Thru,0.00,7.28,0.60,3.00,0.00,00:03:48
2919 Blanco Rd,59,9/7/25 9:34 AM,Maria  Salazar,,Dining Room,0.69,2.06,0.17,0.00,0.00,00:00:18
2919 Blanco Rd,62,9/7/25 9:39 AM,Martina Ovalle ,,Drive Thru,0.00,22.57,1.86,2.00,0.00,00:01:06
2919 Blanco Rd,65,9/7/25 9:40 AM,samantha lopez,1,Dining Room,0.00,22.51,1.85,5.00,0.00,00:41:18
2919 Blanco Rd,66,9/7/25 9:41 AM,Martina Ovalle ,,Dining Room,0.00,11.08,0.91,1.00,0.00,00:02:21
2919 Blanco Rd,68,9/7/25 9:42 AM,Martina Ovalle ,,Drive Thru,0.00,21.18,1.75,0.00,0.00,00:02:05
2919 Blanco Rd,69,9/7/25 9:44 AM,Martina Ovalle ,,Drive Thru,0.00,8.96,0.74,0.00,0.00,00:02:11
2919 Blanco Rd,70,9/7/25 9:45 AM,Martina Ovalle ,,Drive Thru,0.00,22.81,1.89,0.00,0.00,00:04:55
2919 Blanco Rd,71,9/7/25 9:49 AM,Martina Ovalle ,,Drive Thru,0.00,13.00,1.08,0.00,0.00,00:03:08
2919 Blanco Rd,67,9/7/25 9:41 AM,Martina Ovalle ,,Dining Room,0.00,19.92,1.64,0.00,0.00,00:17:53
2919 Blanco Rd,74,9/7/25 9:55 AM,Maria  Salazar,,Dining Room,0.00,4.58,0.38,0.00,0.00,00:00:44
2919 Blanco Rd,73,9/7/25 9:55 AM,Martina Ovalle ,,Dining Room,0.00,16.74,1.38,3.00,0.00,00:06:02
2919 Blanco Rd,76,9/7/25 9:56 AM,Sami Martinez ,4,Dining Room,0.00,22.71,1.88,0.00,0.00,00:29:27
2919 Blanco Rd,78,9/7/25 9:58 AM,Martina Ovalle ,,Drive Thru,0.00,9.95,0.82,0.00,0.00,00:04:49
2919 Blanco Rd,79,9/7/25 10:01 AM,Martina Ovalle ,,Drive Thru,0.00,10.26,0.85,0.00,0.00,00:02:48
2919 Blanco Rd,80,9/7/25 10:03 AM,Martina Ovalle ,,Drive Thru,0.00,15.98,1.32,1.00,0.00,00:03:16
2919 Blanco Rd,82,9/7/25 10:04 AM,Martina Ovalle ,,Drive Thru,0.00,10.88,0.88,0.00,0.00,00:03:56
2919 Blanco Rd,81,9/7/25 10:03 AM,samantha lopez,7,Dining Room,0.00,40.86,3.36,0.00,0.00,00:25:53
2919 Blanco Rd,83,9/7/25 10:05 AM,Maria  Salazar,,Dining Room,0.00,3.98,0.33,0.00,0.00,00:00:16
2919 Blanco Rd,84,9/7/25 10:06 AM,Martina Ovalle ,,Drive Thru,0.00,12.84,1.06,0.00,0.00,00:02:26
2919 Blanco Rd,85,9/7/25 10:08 AM,Martina Ovalle ,,Drive Thru,0.00,22.04,1.80,0.00,0.00,00:04:03
2919 Blanco Rd,86,9/7/25 10:11 AM,Martina Ovalle ,,Drive Thru,0.00,7.99,0.66,0.00,0.00,00:03:41
2919 Blanco Rd,87,9/7/25 10:12 AM,Martina Ovalle ,,Drive Thru,0.00,24.91,2.05,0.00,0.00,00:05:38
2919 Blanco Rd,89,9/7/25 10:13 AM,Maria  Salazar,,Dining Room,0.00,6.64,0.55,0.00,0.00,00:00:17
2919 Blanco Rd,91,9/7/25 10:15 AM,Martina Ovalle ,,Drive Thru,0.00,11.41,0.93,0.00,0.00,00:03:56
2919 Blanco Rd,92,9/7/25 10:18 AM,Martina Ovalle ,,Drive Thru,0.00,18.32,1.51,0.00,0.00,00:01:34
2919 Blanco Rd,93,9/7/25 10:18 AM,Martina Ovalle ,,Drive Thru,0.00,4.28,0.35,0.00,0.00,00:03:39
2919 Blanco Rd,94,9/7/25 10:18 AM,Martina Ovalle ,,Drive Thru,0.00,5.97,0.49,0.00,0.00,00:04:05
2919 Blanco Rd,96,9/7/25 10:21 AM,Martina Ovalle ,,Dining Room,0.00,14.84,1.22,2.00,0.00,00:02:56
2919 Blanco Rd,97,9/7/25 10:23 AM,Martina Ovalle ,,Dining Room,0.00,8.26,0.68,0.00,0.00,00:04:00
2919 Blanco Rd,100,9/7/25 10:26 AM,Martina Ovalle ,,Drive Thru,0.00,10.36,0.85,0.00,0.00,00:02:34
2919 Blanco Rd,98,9/7/25 10:25 AM,Sami Martinez ,25,Dining Room,0.00,39.07,3.22,5.00,0.00,00:23:51
2919 Blanco Rd,99,9/7/25 10:25 AM,Maria  Salazar,,Dining Room,0.00,14.00,1.15,2.00,0.00,00:02:35
2919 Blanco Rd,101,9/7/25 10:28 AM,samantha lopez,17,Dining Room,0.00,16.16,1.32,0.00,0.00,00:14:08
2919 Blanco Rd,104,9/7/25 10:30 AM,Martina Ovalle ,,Dining Room,0.00,13.11,1.08,0.00,0.00,00:01:31
2919 Blanco Rd,103,9/7/25 10:29 AM,Sami Martinez ,19,Dining Room,0.00,15.49,1.28,3.00,0.00,00:40:19
2919 Blanco Rd,105,9/7/25 10:30 AM,Martina Ovalle ,,Drive Thru,0.00,7.28,0.61,0.00,0.00,00:04:16
2919 Blanco Rd,106,9/7/25 10:31 AM,Martina Ovalle ,,Drive Thru,0.00,31.08,2.56,0.00,0.00,00:04:47
2919 Blanco Rd,108,9/7/25 10:33 AM,Maria  Salazar,,Dining Room,0.00,30.55,2.52,0.00,0.00,00:01:42
2919 Blanco Rd,109,9/7/25 10:34 AM,samantha lopez,12,Dining Room,0.00,18.74,1.55,5.00,0.00,00:57:12
2919 Blanco Rd,110,9/7/25 10:35 AM,Martina Ovalle ,,Drive Thru,0.00,11.41,0.94,0.00,0.00,00:04:07
2919 Blanco Rd,112,9/7/25 10:36 AM,Sami Martinez ,7,Dining Room,0.00,16.02,1.32,0.00,0.00,00:23:00
2919 Blanco Rd,113,9/7/25 10:39 AM,Martina Ovalle ,,Drive Thru,0.00,27.68,2.28,0.00,0.00,00:02:34
2919 Blanco Rd,114,9/7/25 10:39 AM,Martina Ovalle ,,Drive Thru,0.00,16.61,1.38,2.00,0.00,00:04:54
2919 Blanco Rd,115,9/7/25 10:42 AM,Martina Ovalle ,,Drive Thru,0.00,31.37,2.58,0.00,0.00,00:04:49
2919 Blanco Rd,116,9/7/25 10:44 AM,Martina Ovalle ,,Drive Thru,0.00,21.56,1.77,2.00,0.00,00:06:30
2919 Blanco Rd,117,9/7/25 10:47 AM,Martina Ovalle ,,Drive Thru,0.00,22.34,1.85,0.00,0.00,00:05:04
2919 Blanco Rd,119,9/7/25 10:47 AM,Sami Martinez ,14,Dining Room,0.00,91.42,7.56,0.00,0.00,00:45:22
2919 Blanco Rd,120,9/7/25 10:51 AM,Martina Ovalle ,,Drive Thru,0.00,18.58,1.53,5.00,0.00,00:01:59
2919 Blanco Rd,121,9/7/25 10:52 AM,samantha lopez,13,Dining Room,0.00,26.97,2.22,5.00,0.00,00:38:21
2919 Blanco Rd,122,9/7/25 10:53 AM,Martina Ovalle ,,Drive Thru,0.00,7.96,0.65,0.00,0.00,00:05:17
2919 Blanco Rd,125,9/7/25 10:54 AM,Martina Ovalle ,,Drive Thru,0.00,33.41,2.74,5.00,0.00,00:04:59
2919 Blanco Rd,124,9/7/25 10:53 AM,Sami Martinez ,6,Dining Room,0.00,31.19,2.58,5.00,0.00,00:42:23
2919 Blanco Rd,123,9/7/25 10:53 AM,samantha lopez,8,Dining Room,0.00,64.36,5.31,20.00,0.00,00:39:16
2919 Blanco Rd,127,9/7/25 10:56 AM,samantha lopez,2,Dining Room,0.00,18.05,1.49,0.00,0.00,01:32:21
2919 Blanco Rd,129,9/7/25 10:58 AM,Maria  Salazar,,Dining Room,0.00,14.96,1.24,0.00,0.00,00:19:30
2919 Blanco Rd,131,9/7/25 10:58 AM,Martina Ovalle ,,Drive Thru,0.00,7.96,0.66,0.00,0.00,00:01:29
2919 Blanco Rd,128,9/7/25 10:58 AM,Sami Martinez ,5,Dining Room,0.00,36.34,2.98,0.00,0.00,00:31:31
2919 Blanco Rd,132,9/7/25 10:59 AM,Martina Ovalle ,,Drive Thru,0.00,26.42,2.17,1.41,0.00,00:03:23
2919 Blanco Rd,133,9/7/25 11:00 AM,Martina Ovalle ,,Drive Thru,0.00,15.96,1.31,3.00,0.00,00:03:10
2919 Blanco Rd,135,9/7/25 11:02 AM,Martina Ovalle ,,Drive Thru,0.00,12.27,1.01,0.00,0.00,03:50:12
2919 Blanco Rd,134,9/7/25 11:02 AM,samantha lopez,1,Dining Room,0.00,45.27,3.74,8.00,0.00,00:51:09
2919 Blanco Rd,137,9/7/25 11:03 AM,Martina Ovalle ,,Drive Thru,0.00,25.94,2.13,5.00,0.00,00:09:24
2919 Blanco Rd,138,9/7/25 11:07 AM,Maria  Salazar,18,Dining Room,0.00,5.14,0.42,0.00,0.00,00:37:10
2919 Blanco Rd,139,9/7/25 11:07 AM,Martina Ovalle ,,Drive Thru,0.00,20.57,1.69,0.00,0.00,00:09:58
2919 Blanco Rd,141,9/7/25 11:08 AM,Maria  Salazar,,Dining Room,0.00,17.95,1.46,0.00,0.00,00:00:24
2919 Blanco Rd,142,9/7/25 11:08 AM,Maria  Salazar,,Dining Room,0.00,12.98,1.07,0.00,0.00,00:00:46
2919 Blanco Rd,143,9/7/25 11:10 AM,samantha lopez,21,Dining Room,0.00,33.28,2.74,5.00,0.00,00:20:43
2919 Blanco Rd,144,9/7/25 11:13 AM,Martina Ovalle ,,Drive Thru,0.00,19.20,1.58,0.00,0.00,00:06:10
2919 Blanco Rd,145,9/7/25 11:13 AM,Sami Martinez ,25,Dining Room,0.00,32.36,2.67,5.00,0.00,00:37:16
2919 Blanco Rd,147,9/7/25 11:14 AM,samantha lopez,16,Dining Room,0.00,55.96,4.62,0.00,0.00,00:36:53
2919 Blanco Rd,148,9/7/25 11:16 AM,Martina Ovalle ,,Drive Thru,0.00,15.65,1.29,0.00,0.00,00:03:59
2919 Blanco Rd,149,9/7/25 11:19 AM,Martina Ovalle ,,Drive Thru,0.00,22.40,1.84,0.00,0.00,00:06:01
2919 Blanco Rd,152,9/7/25 11:25 AM,Martina Ovalle ,,Drive Thru,0.00,6.38,0.52,0.00,0.00,00:03:12
2919 Blanco Rd,151,9/7/25 11:25 AM,samantha lopez,3,Dining Room,0.00,30.56,2.51,0.00,0.00,00:38:48
2919 Blanco Rd,153,9/7/25 11:26 AM,Martina Ovalle ,,Dining Room,0.00,47.95,3.94,3.00,0.00,00:04:18
2919 Blanco Rd,154,9/7/25 11:27 AM,Martina Ovalle ,,Dining Room,0.00,15.36,1.26,1.00,0.00,00:06:04
2919 Blanco Rd,157,9/7/25 11:33 AM,samantha lopez,4,Dining Room,0.00,47.37,3.91,0.00,0.00,00:49:10
2919 Blanco Rd,156,9/7/25 11:33 AM,Martina Ovalle ,,Drive Thru,0.00,13.25,1.09,0.00,0.00,00:01:27
2919 Blanco Rd,158,9/7/25 11:34 AM,Martina Ovalle ,,Drive Thru,0.00,7.96,0.65,0.00,0.00,00:04:49
2919 Blanco Rd,155,9/7/25 11:28 AM,Martina Ovalle ,,Dining Room,0.00,9.49,0.78,0.00,0.00,00:11:10
2919 Blanco Rd,162,9/7/25 11:40 AM,Maria  Salazar,,Drive Thru,0.00,15.03,1.24,0.00,0.00,00:32:40
2919 Blanco Rd,163,9/7/25 11:40 AM,Martina Ovalle ,,Drive Thru,0.00,10.99,0.91,0.00,0.00,00:04:14
2919 Blanco Rd,164,9/7/25 11:41 AM,Martina Ovalle ,,Drive Thru,0.00,12.60,1.04,0.00,0.00,00:00:43
2919 Blanco Rd,165,9/7/25 11:42 AM,samantha lopez,15,Dining Room,0.00,28.95,2.39,0.00,0.00,00:33:53
2919 Blanco Rd,166,9/7/25 11:45 AM,Maria  Salazar,,Dining Room,0.00,8.77,0.73,0.00,0.00,00:06:06
2919 Blanco Rd,167,9/7/25 11:46 AM,Martina Ovalle ,,Dining Room,0.00,21.92,1.82,0.00,0.00,00:02:12
2919 Blanco Rd,169,9/7/25 11:47 AM,Martina Ovalle ,,Drive Thru,0.00,8.45,0.70,1.00,0.00,00:03:29
2919 Blanco Rd,170,9/7/25 11:49 AM,Martina Ovalle ,,Dining Room,0.00,7.93,0.65,0.00,0.00,00:03:21
2919 Blanco Rd,171,9/7/25 11:53 AM,Martina Ovalle ,,Drive Thru,0.00,7.03,0.58,0.00,0.00,00:02:50
2919 Blanco Rd,168,9/7/25 11:46 AM,Martina Ovalle ,,Dining Room,0.00,9.77,0.81,0.00,0.00,00:14:24
2919 Blanco Rd,174,9/7/25 11:56 AM,samantha lopez,17,Dining Room,0.00,109.55,9.01,25.00,21.91,01:14:27
2919 Blanco Rd,150,9/7/25 11:24 AM,Sami Martinez ,9,Dining Room,0.00,144.61,11.91,0.00,28.92,02:07:30
2919 Blanco Rd,176,9/7/25 11:57 AM,Maria  Salazar,,Drive Thru,0.00,25.81,2.13,0.00,0.00,00:30:38
2919 Blanco Rd,177,9/7/25 11:58 AM,samantha lopez,14,Dining Room,0.00,63.02,5.21,0.00,12.60,01:00:46
2919 Blanco Rd,178,9/7/25 11:59 AM,Martina Ovalle ,,Drive Thru,0.00,63.78,5.26,10.50,0.00,00:02:41
2919 Blanco Rd,180,9/7/25 12:04 PM,samantha lopez,5,Dining Room,0.00,19.08,1.57,4.00,0.00,00:45:52
2919 Blanco Rd,181,9/7/25 12:04 PM,Maria  Salazar,,Dining Room,0.00,5.97,0.49,0.00,0.00,00:00:16
2919 Blanco Rd,182,9/7/25 12:05 PM,samantha lopez,12,Dining Room,0.00,44.04,3.64,8.00,0.00,00:32:54
2919 Blanco Rd,179,9/7/25 12:02 PM,Martina Ovalle ,,Drive Thru,0.00,14.94,1.23,0.00,0.00,00:09:57
2919 Blanco Rd,184,9/7/25 12:11 PM,samantha lopez,13,Dining Room,0.00,17.48,1.44,2.00,0.00,00:39:08
2919 Blanco Rd,183,9/7/25 12:09 PM,Martina Ovalle ,,Drive Thru,0.00,10.56,0.87,0.00,0.00,00:05:53
2919 Blanco Rd,185,9/7/25 12:15 PM,Martina Ovalle ,,Drive Thru,0.00,6.73,0.55,0.00,0.00,00:02:05
2919 Blanco Rd,187,9/7/25 12:16 PM,Maria  Salazar,,Dining Room,0.00,5.14,0.42,0.00,0.00,00:00:10
2919 Blanco Rd,186,9/7/25 12:16 PM,Martina Ovalle ,,Drive Thru,0.00,12.98,1.07,2.00,0.00,00:06:10
2919 Blanco Rd,190,9/7/25 12:17 PM,Martina Ovalle ,,Drive Thru,0.00,8.37,0.68,5.00,0.00,00:07:09
2919 Blanco Rd,191,9/7/25 12:20 PM,Sami Martinez ,25,Dining Room,0.00,33.27,2.75,0.00,0.00,00:40:16
2919 Blanco Rd,192,9/7/25 12:22 PM,Martina Ovalle ,,Drive Thru,0.00,22.72,1.87,0.00,0.00,00:05:01
2919 Blanco Rd,193,9/7/25 12:25 PM,Martina Ovalle ,,Drive Thru,0.00,27.99,2.29,0.00,0.00,00:04:02
2919 Blanco Rd,194,9/7/25 12:27 PM,Martina Ovalle ,,Drive Thru,0.00,12.94,1.07,0.00,0.00,00:02:38
2919 Blanco Rd,195,9/7/25 12:28 PM,Martina Ovalle ,,Drive Thru,0.00,25.05,2.05,0.00,0.00,00:06:08
2919 Blanco Rd,196,9/7/25 12:28 PM,samantha lopez,6,Dining Room,0.00,15.56,1.27,4.00,0.00,00:34:25
2919 Blanco Rd,199,9/7/25 12:30 PM,Martina Ovalle ,,Drive Thru,0.00,24.75,2.04,0.00,0.00,00:05:55
2919 Blanco Rd,203,9/7/25 12:32 PM,Maria  Salazar,,Dining Room,0.00,22.79,1.88,2.00,0.00,00:12:01
2919 Blanco Rd,202,9/7/25 12:32 PM,Martina Ovalle ,,Drive Thru,0.00,33.99,2.80,0.00,0.00,00:08:40
2919 Blanco Rd,204,9/7/25 12:35 PM,Martina Ovalle ,,Drive Thru,0.00,11.95,0.99,1.06,0.00,00:07:02
2919 Blanco Rd,205,9/7/25 12:40 PM,Martina Ovalle ,,Drive Thru,0.00,23.98,1.98,0.00,0.00,00:03:12
2919 Blanco Rd,206,9/7/25 12:42 PM,Martina Ovalle ,,Drive Thru,0.00,2.99,0.25,0.00,0.00,00:02:47
2919 Blanco Rd,207,9/7/25 12:44 PM,Martina Ovalle ,,Drive Thru,0.00,28.62,2.36,2.00,0.00,00:03:29
2919 Blanco Rd,208,9/7/25 12:45 PM,Martina Ovalle ,,Drive Thru,0.00,7.74,0.64,0.00,0.00,00:03:28
2919 Blanco Rd,209,9/7/25 12:46 PM,Sami Martinez ,15,Dining Room,0.00,12.06,0.98,0.00,0.00,01:13:49
2919 Blanco Rd,211,9/7/25 12:54 PM,Martina Ovalle ,,Drive Thru,0.00,27.24,2.25,0.00,0.00,00:03:30
2919 Blanco Rd,212,9/7/25 1:02 PM,Martina Ovalle ,,Dining Room,0.00,7.78,0.65,0.00,0.00,00:01:07
2919 Blanco Rd,214,9/7/25 1:03 PM,Martina Ovalle ,,Drive Thru,0.00,19.90,1.64,0.00,0.00,00:03:35
2919 Blanco Rd,218,9/7/25 1:06 PM,Maria  Salazar,,Dining Room,0.00,1.99,0.16,0.00,0.00,00:00:21
2919 Blanco Rd,213,9/7/25 1:02 PM,Martina Ovalle ,,Dining Room,0.00,39.57,3.25,3.00,0.00,00:10:52
2919 Blanco Rd,219,9/7/25 1:09 PM,Martina Ovalle ,,Dining Room,0.00,31.88,2.62,0.00,0.00,00:06:36
2919 Blanco Rd,221,9/7/25 1:12 PM,Martina Ovalle ,,Drive Thru,0.00,16.27,1.33,0.00,0.00,00:05:36
2919 Blanco Rd,224,9/7/25 1:13 PM,samantha lopez,4,Dining Room,0.00,67.31,5.56,0.00,0.00,00:48:46
2919 Blanco Rd,223,9/7/25 1:13 PM,Sami Martinez ,3,Dining Room,0.00,49.63,4.10,0.00,0.00,00:31:47
2919 Blanco Rd,225,9/7/25 1:17 PM,Martina Ovalle ,,Drive Thru,0.00,8.43,0.70,0.00,0.00,00:10:30
2919 Blanco Rd,226,9/7/25 1:26 PM,Martina Ovalle ,,Drive Thru,0.00,9.26,0.77,0.00,0.00,00:03:18
2919 Blanco Rd,227,9/7/25 1:29 PM,samantha lopez,25,Dining Room,0.00,37.42,3.08,5.00,0.00,00:32:17
2919 Blanco Rd,229,9/7/25 1:31 PM,Martina Ovalle ,,Drive Thru,0.00,16.78,1.39,0.00,0.00,00:02:48
2919 Blanco Rd,220,9/7/25 1:10 PM,Martina Ovalle ,,Dining Room,0.00,10.99,0.91,3.00,0.00,00:28:16
2919 Blanco Rd,232,9/7/25 1:37 PM,Martina Ovalle ,,Drive Thru,0.00,13.44,1.11,3.00,0.00,00:07:10
2919 Blanco Rd,234,9/7/25 1:40 PM,Sami Martinez ,5,Dining Room,0.00,30.39,2.52,9.09,0.00,00:55:46
2919 Blanco Rd,235,9/7/25 1:41 PM,Martina Ovalle ,,Drive Thru,0.00,29.18,2.39,4.43,0.00,00:03:57
2919 Blanco Rd,237,9/7/25 1:45 PM,Martina Ovalle ,,Drive Thru,0.00,15.34,1.26,0.00,0.00,00:04:24
2919 Blanco Rd,238,9/7/25 1:46 PM,Martina Ovalle ,,Drive Thru,0.00,10.44,0.86,0.00,0.00,00:04:55
2919 Blanco Rd,236,9/7/25 1:42 PM,Sami Martinez ,8,Dining Room,0.00,51.84,4.27,0.00,0.00,01:10:29
2919 Blanco Rd,240,9/7/25 1:48 PM,Martina Ovalle ,,Drive Thru,0.00,15.29,1.27,0.00,0.00,00:04:22
2919 Blanco Rd,239,9/7/25 1:48 PM,Maria  Salazar,,Dining Room,0.00,0.00,0.00,0.00,0.00,00:01:13
2919 Blanco Rd,241,9/7/25 1:51 PM,Martina Ovalle ,,Drive Thru,0.00,10.14,0.83,0.00,0.00,00:04:59
2919 Blanco Rd,243,9/7/25 1:55 PM,Martina Ovalle ,,Drive Thru,0.00,3.98,0.33,0.00,0.00,00:03:55
2919 Blanco Rd,244,9/7/25 1:57 PM,samantha lopez,2,Dining Room,0.00,22.98,1.90,0.00,0.00,00:32:45
2919 Blanco Rd,246,9/7/25 1:58 PM,samantha lopez,6,Dining Room,0.00,14.98,1.24,5.00,0.00,00:54:50
2919 Blanco Rd,245,9/7/25 1:58 PM,Martina Ovalle ,,Dining Room,0.00,7.96,0.66,0.00,0.00,00:04:02
2919 Blanco Rd,247,9/7/25 1:59 PM,Martina Ovalle ,,Dining Room,0.00,10.37,0.85,0.00,0.00,00:03:12
2919 Blanco Rd,248,9/7/25 2:01 PM,Martina Ovalle ,,Dining Room,0.00,28.18,2.32,0.00,0.00,00:06:54
2919 Blanco Rd,249,9/7/25 2:06 PM,Martina Ovalle ,,Drive Thru,0.00,4.98,0.41,0.00,0.00,00:03:52
2919 Blanco Rd,251,9/7/25 2:07 PM,Maria  Salazar,,Dining Room,0.00,16.74,1.39,0.00,0.00,00:00:23
2919 Blanco Rd,252,9/7/25 2:09 PM,Martina Ovalle ,,Drive Thru,0.00,23.85,1.97,0.00,0.00,00:02:26
2919 Blanco Rd,253,9/7/25 2:12 PM,Martina Ovalle ,,Dining Room,0.00,11.26,0.93,1.00,0.00,00:01:37
2919 Blanco Rd,255,9/7/25 2:14 PM,Maria  Salazar,,Dining Room,0.00,11.99,0.99,0.00,0.00,00:00:16
2919 Blanco Rd,256,9/7/25 2:19 PM,samantha lopez,18,Dining Room,0.00,42.91,3.53,5.00,0.00,00:31:57
2919 Blanco Rd,254,9/7/25 2:13 PM,Martina Ovalle ,,Dining Room,0.00,3.98,0.33,0.00,0.00,00:08:48
2919 Blanco Rd,257,9/7/25 2:20 PM,Martina Ovalle ,,Dining Room,0.00,8.78,0.73,0.00,0.00,00:05:02
2919 Blanco Rd,259,9/7/25 2:30 PM,Maria  Salazar,,Dining Room,0.00,11.41,0.94,0.00,0.00,00:10:24
2919 Blanco Rd,261,9/7/25 2:38 PM,Martina Ovalle ,,Drive Thru,0.00,10.99,0.91,0.00,0.00,00:00:08
2919 Blanco Rd,262,9/7/25 2:48 PM,Martina Ovalle ,,Dining Room,0.00,12.95,1.06,0.00,0.00,00:02:16
