Employee,Job Title,Regular Hours,Overtime Hours,Hourly Rate,Regular Pay,Overtime Pay,Total Pay,Net Sales,Declared Tips,Non-Cash Tips,Total Tips,Tips Withheld,Total Gratuity,Employee ID,Job Code,Location,Location Code
"Hernandez, Celinda",Cook,0.0,8.72,16.00,0.00,209.28,209.28,0.00,,0.00,0.00,0.00,0.00,,,2919 Blanco Rd,
"Hernandez, Fidelia ",Cook,0.0,8.08,14.00,0.00,169.68,169.68,0.00,,0.00,0.00,0.00,0.00,,,2919 Blanco Rd,
"Martinez , Sami",Server,0.0,6.03,3.00,0.00,27.14,27.14,627.91,,30.09,30.09,0.00,28.92,,,2919 Blanco Rd,
"Melendez, Ninoska",Tortillero/a,0.0,6.08,13.00,0.00,118.56,118.56,0.00,,0.00,0.00,0.00,0.00,,,2919 Blanco Rd,
"Ovalle , Martina",Drive-Thru,0.0,6.99,,,,,1946.15,,88.40,88.40,0.00,0.00,,,2919 Blanco Rd,
"Rivera, Dante Antonio ",Cook,0.0,6.06,,,,,0.00,,0.00,0.00,0.00,0.00,,,2919 Blanco Rd,
"Salazar, Maria ",Shift Manager / Assistant Manager,0.0,7.61,,,,,410.23,,12.00,12.00,0.00,0.00,,,2919 Blanco Rd,
"Villalobos , Veronica ",Cook,0.0,8.45,14.00,0.00,177.45,177.45,0.00,,0.00,0.00,0.00,0.00,,,2919 Blanco Rd,
"lopez, samantha",Server,0.0,6.12,3.00,0.00,27.54,27.54,903.37,,106.00,106.00,0.00,34.51,,,2919 Blanco Rd,
