Order #,Opened Date,Void Date,Server,Approver,Item Name,Reason,Item Quantity,Total Price
36,9/7/25 9:05 AM,9/7/25 12:30 PM,Maria  Salazar,Maria  Salazar,Coffee?. ,Customer Changed Mind,1.0,2.75
135,9/7/25 11:02 AM,9/7/25 2:53 PM,Martina Ovalle ,Martina Ovalle ,Country & Egg Taco,Server Error,1.0,2.29
239,9/7/25 1:48 PM,9/7/25 1:49 PM,Maria  Salazar,Maria  Salazar,Crispy Chich w/Egg,86ed,3.0,23.85
239,9/7/25 1:48 PM,9/7/25 1:49 PM,Maria  Salazar,Maria  Salazar,Coffee?. ,86ed,1.0,2.75
234,9/7/25 1:40 PM,9/7/25 2:36 PM,Sami Martinez ,Maria  Salazar,Pastel?,Customer Changed Mind,1.0,4.99
