Location,Order #,Opened,Server,Table,Revenue Center,Discount Amount,Amount,Tax,Tip,Gratuity,Duration (Opened to Paid)
Tink-a-Tako - Potranco,1,9/9/25 6:00 AM,Daniela Torres,,Dining Room,0.00,8.34,0.68,1.00,0.00,00:31:10
Tink-a-Tako - Potranco,2,9/9/25 6:30 AM,Daniela Torres,,Dining Room,0.00,4.98,0.41,0.00,0.00,00:03:40
Tink-a-Tako - Potranco,3,9/9/25 6:31 AM,Daniela Torres,,Dining Room,0.00,3.98,0.33,0.00,0.00,00:04:30
Tink-a-Tako - Potranco,4,9/9/25 6:32 AM,Daniela Torres,,Dining Room,0.00,5.97,0.48,0.00,0.00,00:04:33
Tink-a-Tako - Potranco,5,9/9/25 6:34 AM,Daniela Torres,,Dining Room,0.00,7.56,0.63,0.00,0.00,00:02:25
Tink-a-Tako - Potranco,7,9/9/25 6:35 AM,Juan  Camacho,25,Dining Room,0.00,10.96,0.92,4.00,0.00,00:32:39
Tink-a-Tako - Potranco,8,9/9/25 6:46 AM,Daniela Torres,,Dining Room,0.00,5.48,0.46,0.00,0.00,00:01:33
Tink-a-Tako - Potranco,9,9/9/25 6:47 AM,Daniela Torres,,Dining Room,0.00,6.97,0.58,1.00,0.00,00:09:39
Tink-a-Tako - Potranco,10,9/9/25 6:57 AM,Daniela Torres,,Dining Room,0.00,5.19,0.43,0.00,0.00,00:02:03
Tink-a-Tako - Potranco,11,9/9/25 6:59 AM,Daniela Torres,,Dining Room,0.00,21.29,1.76,0.00,0.00,00:03:28
Tink-a-Tako - Potranco,12,9/9/25 7:00 AM,Juan  Camacho,31,Dining Room,4.20,284.01,23.46,33.91,0.00,03:50:52
Tink-a-Tako - Potranco,13,9/9/25 7:06 AM,Daniela Torres,,Dining Room,0.00,8.77,0.73,0.00,0.00,00:00:52
Tink-a-Tako - Potranco,15,9/9/25 7:07 AM,Daniela Torres,,Dining Room,0.00,4.48,0.37,0.00,0.00,00:12:06
Tink-a-Tako - Potranco,16,9/9/25 7:15 AM,Daniela Torres,,Dining Room,0.00,3.58,0.30,0.00,0.00,00:04:41
Tink-a-Tako - Potranco,17,9/9/25 7:20 AM,Daniela Torres,,Dining Room,0.00,6.48,0.54,0.00,0.00,00:00:10
Tink-a-Tako - Potranco,18,9/9/25 7:20 AM,Daniela Torres,,Dining Room,0.00,2.49,0.21,0.00,0.00,00:02:05
Tink-a-Tako - Potranco,19,9/9/25 7:22 AM,Daniela Torres,,Dining Room,0.00,8.93,0.74,0.00,0.00,00:02:23
Tink-a-Tako - Potranco,21,9/9/25 7:26 AM,Daniela Torres,,Dining Room,0.00,4.08,0.34,0.00,0.00,00:00:38
Tink-a-Tako - Potranco,20,9/9/25 7:26 AM,Juan  Camacho,11,Dining Room,0.00,31.30,2.58,2.00,0.00,00:36:10
Tink-a-Tako - Potranco,23,9/9/25 7:29 AM,Rosie  ORDONEZ,35,Dining Room,0.00,9.77,0.81,5.00,0.00,00:35:02
Tink-a-Tako - Potranco,22,9/9/25 7:27 AM,Daniela Torres,,Dining Room,0.00,1.99,0.16,0.00,0.00,00:07:14
Tink-a-Tako - Potranco,24,9/9/25 7:33 AM,Daniela Torres,,Dining Room,0.00,7.47,0.62,1.00,0.00,00:01:34
Tink-a-Tako - Potranco,25,9/9/25 7:36 AM,Daniela Torres,,Dining Room,0.00,7.23,0.59,0.00,0.00,00:00:54
Tink-a-Tako - Potranco,26,9/9/25 7:37 AM,Daniela Torres,,Dining Room,0.56,5.02,0.41,1.00,0.00,00:04:16
Tink-a-Tako - Potranco,27,9/9/25 7:45 AM,Daniela Torres,,Dining Room,0.00,7.18,0.59,0.00,0.00,00:00:42
Tink-a-Tako - Potranco,28,9/9/25 7:45 AM,Daniela Torres,,Dining Room,0.00,9.75,0.80,2.00,0.00,00:01:31
Tink-a-Tako - Potranco,29,9/9/25 7:47 AM,Daniela Torres,,Dining Room,0.00,5.97,0.49,0.00,0.00,00:02:11
Tink-a-Tako - Potranco,30,9/9/25 7:50 AM,Daniela Torres,,Dining Room,0.00,9.96,0.82,0.00,0.00,00:00:50
Tink-a-Tako - Potranco,31,9/9/25 7:50 AM,Daniela Torres,,Dining Room,0.00,3.98,0.32,0.00,0.00,00:01:40
Tink-a-Tako - Potranco,33,9/9/25 7:53 AM,Daniela Torres,,Dining Room,0.00,7.56,0.63,0.00,0.00,00:01:20
Tink-a-Tako - Potranco,34,9/9/25 7:53 AM,Daniela Torres,,Dining Room,0.00,9.16,0.76,2.00,0.00,00:03:12
Tink-a-Tako - Potranco,35,9/9/25 7:54 AM,Daniela Torres,,Dining Room,0.00,6.68,0.55,2.00,0.00,00:03:28
Tink-a-Tako - Potranco,36,9/9/25 7:55 AM,Daniela Torres,,Dining Room,0.00,7.18,0.59,0.00,0.00,00:04:22
Tink-a-Tako - Potranco,37,9/9/25 7:57 AM,Daniela Torres,,Dining Room,0.00,4.28,0.36,0.00,0.00,00:02:56
Tink-a-Tako - Potranco,38,9/9/25 8:03 AM,Juan  Camacho,18,Dining Room,0.00,24.64,2.03,0.00,0.00,01:53:58
Tink-a-Tako - Potranco,39,9/9/25 8:04 AM,Daniela Torres,,Dining Room,0.00,2.79,0.23,0.00,0.00,00:00:32
Tink-a-Tako - Potranco,41,9/9/25 8:10 AM,Daniela Torres,,Dining Room,0.00,12.95,1.08,0.00,0.00,00:02:11
Tink-a-Tako - Potranco,42,9/9/25 8:10 AM,Daniela Torres,,Dining Room,0.00,6.07,0.50,2.00,0.00,00:04:14
Tink-a-Tako - Potranco,43,9/9/25 8:11 AM,Daniela Torres,,Dining Room,0.00,11.16,0.92,0.00,0.00,00:04:54
Tink-a-Tako - Potranco,44,9/9/25 8:14 AM,Daniela Torres,,Dining Room,0.00,6.57,0.54,0.00,0.00,00:02:42
Tink-a-Tako - Potranco,45,9/9/25 8:15 AM,Daniela Torres,,Dining Room,0.00,5.48,0.45,2.00,0.00,00:03:48
Tink-a-Tako - Potranco,47,9/9/25 8:16 AM,Daniela Torres,,Dining Room,0.00,13.96,1.16,0.00,0.00,00:03:43
Tink-a-Tako - Potranco,48,9/9/25 8:17 AM,Daniela Torres,,Dining Room,0.00,7.97,0.66,0.00,0.00,00:07:09
Tink-a-Tako - Potranco,49,9/9/25 8:17 AM,Daniela Torres,,Dining Room,0.00,4.78,0.39,0.00,0.00,00:03:22
Tink-a-Tako - Potranco,51,9/9/25 8:18 AM,Maria Majana,,Dining Room,0.00,7.96,0.65,0.00,0.00,00:09:38
Tink-a-Tako - Potranco,46,9/9/25 8:16 AM,Maria Majana,1,Dining Room,0.00,26.96,2.23,0.00,0.00,00:28:17
Tink-a-Tako - Potranco,52,9/9/25 8:18 AM,Maria Majana,,Dining Room,0.00,5.98,0.49,0.00,0.00,00:00:41
Tink-a-Tako - Potranco,54,9/9/25 8:20 AM,Juan  Camacho,10,Dining Room,2.40,12.83,1.06,5.00,0.00,00:47:17
Tink-a-Tako - Potranco,55,9/9/25 8:20 AM,Daniela Torres,,Dining Room,0.00,4.98,0.41,0.00,0.00,00:00:34
Tink-a-Tako - Potranco,56,9/9/25 8:25 AM,Isabel Cisneros,25,Dining Room,0.00,22.73,1.88,4.55,0.00,00:22:01
Tink-a-Tako - Potranco,57,9/9/25 8:28 AM,Daniela Torres,,Dining Room,0.00,27.47,2.25,2.00,0.00,00:13:51
Tink-a-Tako - Potranco,58,9/9/25 8:29 AM,Daniela Torres,,Dining Room,0.00,3.98,0.33,0.00,0.00,00:05:04
Tink-a-Tako - Potranco,59,9/9/25 8:30 AM,Daniela Torres,,Dining Room,0.00,1.99,0.16,0.00,0.00,00:04:18
Tink-a-Tako - Potranco,60,9/9/25 8:30 AM,Daniela Torres,,Dining Room,0.00,20.81,1.71,0.00,0.00,00:04:23
Tink-a-Tako - Potranco,66,9/9/25 8:35 AM,Silvia Hernandez,32,Dining Room,0.00,17.34,1.41,7.00,0.00,00:33:32
Tink-a-Tako - Potranco,69,9/9/25 8:42 AM,Daniela Torres,,Dining Room,0.00,12.36,1.02,0.00,0.00,00:04:18
Tink-a-Tako - Potranco,70,9/9/25 8:42 AM,Daniela Torres,,Dining Room,0.00,8.27,0.68,0.00,0.00,00:05:46
Tink-a-Tako - Potranco,71,9/9/25 8:44 AM,Daniela Torres,,Dining Room,0.00,14.55,1.21,0.00,0.00,00:03:49
Tink-a-Tako - Potranco,72,9/9/25 8:46 AM,Daniela Torres,,Dining Room,0.00,31.85,2.62,0.00,0.00,00:03:16
Tink-a-Tako - Potranco,76,9/9/25 8:50 AM,Daniela Torres,,Dining Room,0.00,2.29,0.19,0.00,0.00,00:03:56
Tink-a-Tako - Potranco,77,9/9/25 8:50 AM,Daniela Torres,,Dining Room,0.00,2.49,0.21,0.00,0.00,00:04:59
Tink-a-Tako - Potranco,75,9/9/25 8:50 AM,Silvia Hernandez,7,Dining Room,0.00,21.75,1.80,6.00,0.00,00:37:09
Tink-a-Tako - Potranco,78,9/9/25 8:50 AM,Daniela Torres,,Dining Room,0.00,3.98,0.32,0.00,0.00,00:06:33
Tink-a-Tako - Potranco,80,9/9/25 8:52 AM,Isabel Cisneros,24,Dining Room,0.00,27.87,2.29,5.00,0.00,00:24:56
Tink-a-Tako - Potranco,83,9/9/25 8:56 AM,Daniela Torres,,Dining Room,0.00,13.64,1.12,0.00,0.00,00:01:26
Tink-a-Tako - Potranco,84,9/9/25 8:57 AM,Daniela Torres,,Dining Room,0.00,19.84,1.63,0.00,0.00,00:04:07
Tink-a-Tako - Potranco,85,9/9/25 8:58 AM,Daniela Torres,,Dining Room,0.00,14.43,1.19,0.00,0.00,00:03:57
Tink-a-Tako - Potranco,86,9/9/25 8:58 AM,Daniela Torres,,Dining Room,0.00,0.00,0.00,0.00,0.00,00:05:16
Tink-a-Tako - Potranco,87,9/9/25 8:59 AM,Daniela Torres,,Dining Room,0.00,7.13,0.59,0.00,0.00,00:05:30
Tink-a-Tako - Potranco,88,9/9/25 9:03 AM,Daniela Torres,,Dining Room,0.00,6.38,0.52,0.00,0.00,00:02:03
Tink-a-Tako - Potranco,89,9/9/25 9:03 AM,Daniela Torres,,Dining Room,0.00,4.38,0.36,0.00,0.00,00:02:40
Tink-a-Tako - Potranco,90,9/9/25 9:06 AM,Silvia Hernandez,20,Dining Room,0.00,22.35,1.83,3.00,0.00,00:20:38
Tink-a-Tako - Potranco,91,9/9/25 9:06 AM,Daniela Torres,,Dining Room,0.00,12.66,1.04,0.00,0.00,00:00:38
Tink-a-Tako - Potranco,92,9/9/25 9:07 AM,Daniela Torres,,Dining Room,0.00,6.38,0.52,0.00,0.00,00:04:35
Tink-a-Tako - Potranco,93,9/9/25 9:07 AM,Daniela Torres,,Dining Room,0.00,7.18,0.59,0.00,0.00,00:05:26
Tink-a-Tako - Potranco,94,9/9/25 9:08 AM,Daniela Torres,,Dining Room,0.00,18.22,1.51,0.00,0.00,00:05:49
Tink-a-Tako - Potranco,96,9/9/25 9:10 AM,Silvia Hernandez,19,Dining Room,0.00,19.96,1.65,2.99,0.00,00:39:40
Tink-a-Tako - Potranco,97,9/9/25 9:11 AM,Daniela Torres,,Dining Room,0.00,8.97,0.74,0.00,0.00,00:04:20
Tink-a-Tako - Potranco,99,9/9/25 9:12 AM,Daniela Torres,,Dining Room,0.00,13.76,1.12,0.00,0.00,00:04:32
Tink-a-Tako - Potranco,102,9/9/25 9:20 AM,Daniela Torres,,Dining Room,0.00,12.55,1.04,0.00,0.00,00:01:43
Tink-a-Tako - Potranco,103,9/9/25 9:21 AM,Daniela Torres,,Dining Room,0.00,38.81,3.19,0.00,0.00,00:06:51
Tink-a-Tako - Potranco,104,9/9/25 9:22 AM,Silvia Hernandez,16,Dining Room,0.00,7.77,0.64,0.00,0.00,00:55:09
Tink-a-Tako - Potranco,105,9/9/25 9:22 AM,Daniela Torres,,Dining Room,0.00,10.37,0.85,0.00,0.00,00:06:40
Tink-a-Tako - Potranco,106,9/9/25 9:25 AM,Isabel Cisneros,18,Dining Room,0.00,12.36,1.02,0.00,0.00,00:35:16
Tink-a-Tako - Potranco,107,9/9/25 9:25 AM,Isabel Cisneros,37,Dining Room,0.00,21.92,1.80,0.00,0.00,00:17:32
Tink-a-Tako - Potranco,108,9/9/25 9:27 AM,Daniela Torres,,Dining Room,0.00,11.41,0.94,0.00,0.00,00:02:40
Tink-a-Tako - Potranco,109,9/9/25 9:27 AM,Daniela Torres,,Dining Room,0.00,9.47,0.78,0.00,0.00,00:03:30
Tink-a-Tako - Potranco,110,9/9/25 9:29 AM,Maria Majana,,Dining Room,32.53,0.00,0.00,0.00,0.00,04:09:26
Tink-a-Tako - Potranco,111,9/9/25 9:31 AM,Daniela Torres,,Dining Room,0.00,0.00,0.00,0.00,0.00,02:43:28
Tink-a-Tako - Potranco,112,9/9/25 9:31 AM,Daniela Torres,,Dining Room,0.00,13.36,1.11,0.00,0.00,00:13:42
Tink-a-Tako - Potranco,114,9/9/25 9:32 AM,Daniela Torres,,Dining Room,0.00,3.78,0.31,0.00,0.00,00:01:35
Tink-a-Tako - Potranco,115,9/9/25 9:34 AM,Daniela Torres,,Dining Room,0.00,5.98,0.49,0.00,0.00,00:01:33
Tink-a-Tako - Potranco,116,9/9/25 9:34 AM,Daniela Torres,,Dining Room,0.00,10.46,0.85,0.00,0.00,00:02:49
Tink-a-Tako - Potranco,118,9/9/25 9:36 AM,Daniela Torres,,Dining Room,0.00,19.56,1.60,0.00,0.00,00:07:10
Tink-a-Tako - Potranco,120,9/9/25 9:38 AM,Daniela Torres,,Dining Room,0.00,5.58,0.46,0.00,0.00,00:08:24
Tink-a-Tako - Potranco,121,9/9/25 9:38 AM,Daniela Torres,,Dining Room,0.00,11.57,0.96,0.00,0.00,00:08:56
Tink-a-Tako - Potranco,122,9/9/25 9:39 AM,Daniela Torres,,Dining Room,0.00,3.49,0.29,0.00,0.00,00:08:39
Tink-a-Tako - Potranco,125,9/9/25 9:41 AM,Maria Majana,,Dining Room,0.00,7.38,0.61,0.00,0.00,00:18:50
Tink-a-Tako - Potranco,128,9/9/25 9:43 AM,Daniela Torres,,Dining Room,0.00,0.00,0.00,0.00,0.00,00:00:46
Tink-a-Tako - Potranco,129,9/9/25 9:45 AM,Maria Majana,,Dining Room,0.00,5.98,0.49,0.00,0.00,00:00:16
Tink-a-Tako - Potranco,130,9/9/25 9:46 AM,Silvia Hernandez,17,Dining Room,0.00,37.41,3.09,7.50,0.00,00:39:03
Tink-a-Tako - Potranco,132,9/9/25 9:49 AM,Isabel Cisneros,38,Dining Room,0.00,20.35,1.67,5.43,0.00,00:49:52
Tink-a-Tako - Potranco,135,9/9/25 9:55 AM,Daniela Torres,,Dining Room,0.00,9.76,0.80,0.00,0.00,00:02:16
Tink-a-Tako - Potranco,136,9/9/25 9:55 AM,Daniela Torres,,Dining Room,0.40,3.58,0.30,0.00,0.00,00:03:13
Tink-a-Tako - Potranco,131,9/9/25 9:46 AM,Maria Majana,,Dining Room,0.00,6.99,0.58,3.00,0.00,00:36:51
Tink-a-Tako - Potranco,138,9/9/25 9:59 AM,Daniela Torres,,Dining Room,0.00,30.90,2.55,0.00,0.00,00:14:34
Tink-a-Tako - Potranco,137,9/9/25 9:58 AM,Daniela Torres,,Dining Room,0.00,14.27,1.17,0.00,0.00,00:10:39
Tink-a-Tako - Potranco,140,9/9/25 10:14 AM,Daniela Torres,,Dining Room,0.00,9.27,0.77,0.00,0.00,00:02:28
Tink-a-Tako - Potranco,141,9/9/25 10:15 AM,Isabel Cisneros,18,Dining Room,0.00,15.97,1.32,3.71,0.00,00:23:23
Tink-a-Tako - Potranco,142,9/9/25 10:19 AM,Daniela Torres,,Dining Room,0.00,10.22,0.84,0.00,0.00,00:07:11
Tink-a-Tako - Potranco,143,9/9/25 10:21 AM,Daniela Torres,,Dining Room,0.00,2.79,0.23,0.00,0.00,00:00:25
Tink-a-Tako - Potranco,144,9/9/25 10:22 AM,Silvia Hernandez,35,Dining Room,0.00,23.12,1.91,5.00,0.00,00:36:00
Tink-a-Tako - Potranco,145,9/9/25 10:32 AM,Silvia Hernandez,17,Dining Room,0.00,38.17,3.14,5.00,0.00,00:37:57
Tink-a-Tako - Potranco,146,9/9/25 10:33 AM,Daniela Torres,,Dining Room,0.00,9.66,0.79,0.00,0.00,00:00:43
Tink-a-Tako - Potranco,150,9/9/25 10:34 AM,Isabel Cisneros,11,Dining Room,0.00,13.10,1.08,0.00,0.00,01:28:05
Tink-a-Tako - Potranco,149,9/9/25 10:34 AM,Silvia Hernandez,15,Dining Room,1.10,10.08,0.82,5.00,0.00,00:19:11
Tink-a-Tako - Potranco,148,9/9/25 10:33 AM,Adrianna  Navarro ,25,Dining Room,0.00,22.85,1.87,3.00,0.00,00:29:56
Tink-a-Tako - Potranco,147,9/9/25 10:33 AM,Daniela Torres,,Dining Room,0.00,12.57,1.04,0.00,0.00,00:03:15
Tink-a-Tako - Potranco,152,9/9/25 10:39 AM,Adrianna  Navarro ,37,Dining Room,0.00,9.17,0.76,2.00,0.00,00:19:18
Tink-a-Tako - Potranco,153,9/9/25 10:41 AM,Daniela Torres,,Dining Room,0.00,7.97,0.66,0.00,0.00,00:01:34
Tink-a-Tako - Potranco,154,9/9/25 10:42 AM,Daniela Torres,,Dining Room,0.00,11.57,0.95,1.00,0.00,00:01:36
Tink-a-Tako - Potranco,155,9/9/25 10:47 AM,Isabel Cisneros,33,Dining Room,0.00,14.98,1.24,0.00,0.00,01:25:53
Tink-a-Tako - Potranco,156,9/9/25 10:51 AM,Daniela Torres,,Dining Room,0.00,9.42,0.77,2.00,0.00,00:01:18
Tink-a-Tako - Potranco,157,9/9/25 10:53 AM,Silvia Hernandez,20,Dining Room,0.00,22.62,1.86,4.52,0.00,00:20:38
Tink-a-Tako - Potranco,159,9/9/25 10:56 AM,Isabel Cisneros,19,Dining Room,0.00,25.13,2.06,7.00,0.00,01:02:57
Tink-a-Tako - Potranco,160,9/9/25 10:57 AM,Daniela Torres,,Dining Room,0.00,11.16,0.92,0.00,0.00,00:02:22
Tink-a-Tako - Potranco,158,9/9/25 10:54 AM,Silvia Hernandez,18,Dining Room,0.00,25.74,2.12,0.00,0.00,00:40:42
Tink-a-Tako - Potranco,161,9/9/25 11:02 AM,Silvia Hernandez,24,Dining Room,0.00,14.43,1.19,0.00,0.00,00:28:39
Tink-a-Tako - Potranco,162,9/9/25 11:04 AM,Daniela Torres,,Dining Room,0.00,1.99,0.16,0.00,0.00,00:01:26
Tink-a-Tako - Potranco,163,9/9/25 11:04 AM,Daniela Torres,,Dining Room,0.00,10.16,0.84,1.00,0.00,00:02:32
Tink-a-Tako - Potranco,164,9/9/25 11:04 AM,Daniela Torres,,Dining Room,0.00,6.38,0.52,0.00,0.00,00:07:02
Tink-a-Tako - Potranco,165,9/9/25 11:05 AM,Isabel Cisneros,37,Dining Room,0.00,34.93,2.89,5.18,0.00,00:58:47
Tink-a-Tako - Potranco,166,9/9/25 11:05 AM,Daniela Torres,,Dining Room,0.00,16.76,1.38,0.00,0.00,00:13:20
Tink-a-Tako - Potranco,167,9/9/25 11:08 AM,Juan  Camacho,34,Dining Room,0.00,31.67,2.61,2.00,0.00,00:43:15
Tink-a-Tako - Potranco,168,9/9/25 11:08 AM,Adrianna  Navarro ,39,Dining Room,0.00,18.46,1.52,0.00,0.00,00:59:26
Tink-a-Tako - Potranco,170,9/9/25 11:12 AM,Daniela Torres,,Dining Room,0.00,14.25,1.17,0.00,0.00,00:08:53
Tink-a-Tako - Potranco,172,9/9/25 11:14 AM,Silvia Hernandez,42,Dining Room,8.38,15.76,1.29,3.00,0.00,00:32:11
Tink-a-Tako - Potranco,171,9/9/25 11:13 AM,Daniela Torres,,Dining Room,0.00,11.96,0.99,0.00,0.00,00:09:12
Tink-a-Tako - Potranco,173,9/9/25 11:18 AM,Isabel Cisneros,41,Dining Room,0.00,20.87,1.70,0.00,0.00,00:38:05
Tink-a-Tako - Potranco,174,9/9/25 11:21 AM,Daniela Torres,,Dining Room,0.60,5.38,0.44,1.00,0.00,00:02:19
Tink-a-Tako - Potranco,175,9/9/25 11:23 AM,Daniela Torres,,Dining Room,0.00,19.47,1.60,0.00,0.00,00:08:06
Tink-a-Tako - Potranco,177,9/9/25 11:25 AM,Daniela Torres,,Dining Room,0.00,10.77,0.89,0.00,0.00,00:07:09
Tink-a-Tako - Potranco,151,9/9/25 10:36 AM,Daniela Torres,,Dining Room,0.00,0.00,0.00,0.00,0.00,01:38:12
Tink-a-Tako - Potranco,178,9/9/25 11:26 AM,Daniela Torres,,Dining Room,0.00,18.17,1.50,0.00,0.00,00:07:49
Tink-a-Tako - Potranco,180,9/9/25 11:28 AM,Adrianna  Navarro ,32,Dining Room,0.00,16.75,1.38,0.00,0.00,00:52:22
Tink-a-Tako - Potranco,181,9/9/25 11:30 AM,Daniela Torres,,Dining Room,0.00,18.86,1.54,0.00,0.00,00:07:26
Tink-a-Tako - Potranco,182,9/9/25 11:32 AM,Daniela Torres,,Dining Room,0.00,10.57,0.87,0.00,0.00,00:08:51
Tink-a-Tako - Potranco,183,9/9/25 11:33 AM,Daniela Torres,,Dining Room,0.00,16.68,1.37,0.00,0.00,00:08:31
Tink-a-Tako - Potranco,186,9/9/25 11:33 AM,Silvia Hernandez,7,Dining Room,0.00,14.99,1.24,4.00,0.00,00:23:19
Tink-a-Tako - Potranco,185,9/9/25 11:33 AM,Isabel Cisneros,17,Dining Room,0.00,18.43,1.52,6.00,0.00,00:39:08
Tink-a-Tako - Potranco,187,9/9/25 11:34 AM,Daniela Torres,,Dining Room,0.00,9.18,0.76,0.00,0.00,00:09:52
Tink-a-Tako - Potranco,189,9/9/25 11:35 AM,Juan  Camacho,31,Dining Room,0.00,7.43,0.61,0.00,0.00,00:02:29
Tink-a-Tako - Potranco,190,9/9/25 11:36 AM,Silvia Hernandez,25,Dining Room,0.00,11.49,0.95,3.00,0.00,00:24:46
Tink-a-Tako - Potranco,191,9/9/25 11:39 AM,Daniela Torres,,Dining Room,0.00,7.37,0.61,0.00,0.00,00:07:51
Tink-a-Tako - Potranco,179,9/9/25 11:27 AM,Daniela Torres,,Dining Room,0.00,2.29,0.19,0.00,0.00,00:19:40
Tink-a-Tako - Potranco,193,9/9/25 11:40 AM,Adrianna  Navarro ,38,Dining Room,2.40,12.56,1.04,0.00,0.00,02:35:26
Tink-a-Tako - Potranco,194,9/9/25 11:40 AM,Silvia Hernandez,20,Dining Room,0.00,43.24,3.58,2.00,0.00,00:57:51
Tink-a-Tako - Potranco,196,9/9/25 11:41 AM,Adrianna  Navarro ,20,Dining Room,0.00,52.62,4.33,1.00,0.00,00:41:02
Tink-a-Tako - Potranco,197,9/9/25 11:44 AM,Daniela Torres,,Dining Room,0.00,4.99,0.41,0.00,0.00,00:00:10
Tink-a-Tako - Potranco,198,9/9/25 11:45 AM,Adrianna  Navarro ,24,Dining Room,0.00,36.42,3.02,10.00,0.00,00:34:15
Tink-a-Tako - Potranco,200,9/9/25 11:46 AM,Isabel Cisneros,18,Dining Room,0.00,36.35,3.01,10.00,0.00,00:58:21
Tink-a-Tako - Potranco,201,9/9/25 11:48 AM,Daniela Torres,,Dining Room,0.00,4.78,0.40,0.00,0.00,00:00:52
Tink-a-Tako - Potranco,202,9/9/25 11:49 AM,Isabel Cisneros,12,Dining Room,0.00,9.15,0.75,0.00,0.00,00:14:30
Tink-a-Tako - Potranco,203,9/9/25 11:50 AM,Daniela Torres,,Dining Room,0.00,11.99,0.99,0.00,0.00,00:15:02
Tink-a-Tako - Potranco,204,9/9/25 11:55 AM,Juan  Camacho,15,Dining Room,0.00,37.37,3.07,5.00,0.00,01:08:49
Tink-a-Tako - Potranco,206,9/9/25 11:57 AM,Daniela Torres,,Dining Room,0.00,13.95,1.14,0.00,0.00,00:08:08
Tink-a-Tako - Potranco,195,9/9/25 11:40 AM,Daniela Torres,,Dining Room,0.00,23.54,1.95,0.00,0.00,00:27:21
Tink-a-Tako - Potranco,209,9/9/25 11:59 AM,Daniela Torres,,Dining Room,0.00,10.99,0.91,0.00,0.00,02:02:01
Tink-a-Tako - Potranco,211,9/9/25 12:00 PM,Silvia Hernandez,2,Dining Room,0.00,23.96,1.98,0.00,0.00,00:43:55
Tink-a-Tako - Potranco,214,9/9/25 12:03 PM,Adrianna  Navarro ,34,Dining Room,0.00,5.84,0.48,4.00,0.00,00:18:23
Tink-a-Tako - Potranco,215,9/9/25 12:04 PM,Adrianna  Navarro ,31,Dining Room,0.00,35.88,2.96,5.00,0.00,02:11:53
Tink-a-Tako - Potranco,210,9/9/25 11:59 AM,Daniela Torres,,Dining Room,0.80,7.17,0.60,1.00,0.00,00:13:51
Tink-a-Tako - Potranco,217,9/9/25 12:08 PM,Daniela Torres,,Dining Room,0.00,27.98,2.30,0.00,0.00,00:06:00
Tink-a-Tako - Potranco,216,9/9/25 12:08 PM,Daniela Torres,,Dining Room,0.00,22.95,1.90,0.00,0.00,00:10:24
Tink-a-Tako - Potranco,222,9/9/25 12:13 PM,Juan  Camacho,35,Dining Room,0.00,19.72,1.62,0.00,0.00,00:47:22
Tink-a-Tako - Potranco,223,9/9/25 12:14 PM,Maria Majana,,Dining Room,0.00,12.99,1.07,5.00,0.00,00:07:34
Tink-a-Tako - Potranco,218,9/9/25 12:09 PM,Daniela Torres,,Dining Room,0.00,21.97,1.81,0.00,0.00,00:18:11
Tink-a-Tako - Potranco,225,9/9/25 12:16 PM,Daniela Torres,,Dining Room,0.00,6.98,0.58,0.00,0.00,00:06:41
Tink-a-Tako - Potranco,227,9/9/25 12:21 PM,Isabel Cisneros,4,Dining Room,0.00,13.94,1.16,5.00,0.00,00:40:32
Tink-a-Tako - Potranco,228,9/9/25 12:21 PM,Silvia Hernandez,25,Dining Room,0.00,9.92,0.82,0.00,0.00,00:35:11
Tink-a-Tako - Potranco,229,9/9/25 12:23 PM,Juan  Camacho,7,Dining Room,0.00,15.94,1.31,0.00,0.00,00:23:54
Tink-a-Tako - Potranco,232,9/9/25 12:23 PM,Juan  Camacho,34,Dining Room,0.00,114.13,9.39,26.00,22.83,00:42:13
Tink-a-Tako - Potranco,233,9/9/25 12:23 PM,Daniela Torres,,Dining Room,0.00,11.96,0.99,0.00,0.00,00:20:18
Tink-a-Tako - Potranco,234,9/9/25 12:26 PM,Silvia Hernandez,19,Dining Room,0.00,12.44,1.02,0.00,0.00,00:42:32
Tink-a-Tako - Potranco,235,9/9/25 12:27 PM,Daniela Torres,,Dining Room,0.00,10.96,0.90,0.00,0.00,00:01:09
Tink-a-Tako - Potranco,236,9/9/25 12:28 PM,Maria Majana,,Dining Room,0.00,12.44,1.02,0.00,0.00,00:15:34
Tink-a-Tako - Potranco,226,9/9/25 12:16 PM,Daniela Torres,,Dining Room,0.00,8.78,0.72,0.00,0.00,00:18:44
Tink-a-Tako - Potranco,239,9/9/25 12:37 PM,Adrianna  Navarro ,23,Dining Room,0.00,31.41,2.58,10.00,0.00,00:36:15
Tink-a-Tako - Potranco,240,9/9/25 12:40 PM,Isabel Cisneros,37,Dining Room,0.00,28.87,2.37,0.00,0.00,00:25:42
Tink-a-Tako - Potranco,237,9/9/25 12:32 PM,Daniela Torres,,Dining Room,0.00,23.84,1.96,0.00,0.00,00:15:43
Tink-a-Tako - Potranco,241,9/9/25 12:42 PM,Daniela Torres,,Dining Room,0.00,17.94,1.48,0.00,0.00,00:06:28
Tink-a-Tako - Potranco,242,9/9/25 12:45 PM,Adrianna  Navarro ,24,Dining Room,0.00,44.46,3.65,0.00,0.00,00:41:47
Tink-a-Tako - Potranco,244,9/9/25 12:47 PM,Silvia Hernandez,39,Dining Room,0.00,21.97,1.81,4.00,0.00,00:41:51
Tink-a-Tako - Potranco,245,9/9/25 12:49 PM,Daniela Torres,,Dining Room,0.00,13.25,1.09,0.00,0.00,00:02:44
Tink-a-Tako - Potranco,248,9/9/25 12:53 PM,Isabel Cisneros,26,Dining Room,0.00,47.60,3.93,7.00,0.00,00:43:44
Tink-a-Tako - Potranco,249,9/9/25 12:57 PM,Silvia Hernandez,25,Dining Room,0.00,7.43,0.61,4.00,0.00,00:19:48
Tink-a-Tako - Potranco,250,9/9/25 12:58 PM,Rosie  ORDONEZ,18,Dining Room,0.00,0.00,0.00,0.00,0.00,06:35:27
Tink-a-Tako - Potranco,243,9/9/25 12:45 PM,Daniela Torres,,Dining Room,0.00,21.15,1.75,5.00,0.00,00:16:31
Tink-a-Tako - Potranco,253,9/9/25 1:02 PM,Daniela Torres,,Dining Room,0.00,4.39,0.36,0.00,0.00,00:04:41
Tink-a-Tako - Potranco,251,9/9/25 12:59 PM,Daniela Torres,,Dining Room,0.00,17.16,1.41,0.00,0.00,00:08:08
Tink-a-Tako - Potranco,255,9/9/25 1:04 PM,Daniela Torres,,Dining Room,0.00,23.50,1.93,0.00,0.00,00:07:11
Tink-a-Tako - Potranco,259,9/9/25 1:13 PM,Juan  Camacho,35,Dining Room,0.00,24.88,2.04,0.00,0.00,00:45:01
Tink-a-Tako - Potranco,260,9/9/25 1:14 PM,Daniela Torres,,Dining Room,0.00,0.00,0.00,0.00,0.00,00:10:18
Tink-a-Tako - Potranco,262,9/9/25 1:18 PM,Maria Majana,,Dining Room,0.00,5.37,0.44,0.00,0.00,00:00:18
Tink-a-Tako - Potranco,258,9/9/25 1:10 PM,Daniela Torres,,Dining Room,0.00,12.99,1.07,0.00,0.00,00:14:08
Tink-a-Tako - Potranco,263,9/9/25 1:21 PM,Daniela Torres,,Dining Room,0.00,7.98,0.66,0.00,0.00,00:07:45
Tink-a-Tako - Potranco,265,9/9/25 1:22 PM,Maria Majana,,Dining Room,0.00,7.68,0.63,1.00,0.00,00:00:44
Tink-a-Tako - Potranco,266,9/9/25 1:25 PM,Daniela Torres,,Dining Room,0.00,21.07,1.74,0.00,0.00,00:04:19
Tink-a-Tako - Potranco,268,9/9/25 1:27 PM,Adrianna  Navarro ,15,Dining Room,0.00,13.79,1.14,5.00,0.00,00:41:28
Tink-a-Tako - Potranco,269,9/9/25 1:33 PM,Isabel Cisneros,22,Dining Room,5.00,19.98,1.65,3.00,0.00,00:30:15
Tink-a-Tako - Potranco,270,9/9/25 1:39 PM,Daniela Torres,,Dining Room,0.00,11.97,0.99,1.00,0.00,00:03:12
Tink-a-Tako - Potranco,271,9/9/25 1:39 PM,Maria Majana,,Dining Room,0.00,4.39,0.36,0.00,0.00,00:00:29
Tink-a-Tako - Potranco,272,9/9/25 1:43 PM,Juan  Camacho,33,Dining Room,0.00,20.97,1.72,0.00,0.00,00:39:24
Tink-a-Tako - Potranco,264,9/9/25 1:21 PM,Daniela Torres,,Dining Room,0.00,7.86,0.65,0.00,0.00,00:25:11
Tink-a-Tako - Potranco,274,9/9/25 1:59 PM,Sergio Abundiz,25,Dining Room,0.00,10.97,0.91,0.00,0.00,00:20:24
Tink-a-Tako - Potranco,275,9/9/25 2:01 PM,Juan  Camacho,7,Dining Room,0.00,27.98,2.30,6.00,0.00,00:26:51
Tink-a-Tako - Potranco,276,9/9/25 2:02 PM,Juan  Camacho,23,Dining Room,0.00,20.76,1.71,0.00,0.00,00:26:35
Tink-a-Tako - Potranco,277,9/9/25 2:07 PM,Sergio Abundiz,32,Dining Room,0.00,24.97,2.07,0.00,0.00,00:34:55
Tink-a-Tako - Potranco,278,9/9/25 2:10 PM,Lizeth Alonso,,Dining Room,0.00,17.44,1.43,0.00,0.00,00:02:01
Tink-a-Tako - Potranco,279,9/9/25 2:11 PM,Lizeth Alonso,,Dining Room,0.00,9.78,0.81,0.00,0.00,00:07:28
Tink-a-Tako - Potranco,280,9/9/25 2:13 PM,Lizeth Alonso,,Dining Room,0.00,9.38,0.77,0.00,0.00,00:07:31
Tink-a-Tako - Potranco,282,9/9/25 2:15 PM,Juan  Camacho,3,Dining Room,0.00,26.56,2.17,6.00,0.00,00:46:24
Tink-a-Tako - Potranco,281,9/9/25 2:13 PM,Lizeth Alonso,,Dining Room,0.00,19.56,1.61,10.00,0.00,00:10:14
Tink-a-Tako - Potranco,283,9/9/25 2:18 PM,Sergio Abundiz,24,Dining Room,0.00,35.97,2.97,10.00,0.00,00:31:04
Tink-a-Tako - Potranco,284,9/9/25 2:19 PM,Juan  Camacho,17,Dining Room,0.00,20.26,1.68,0.00,0.00,00:47:39
Tink-a-Tako - Potranco,285,9/9/25 2:42 PM,Sergio Abundiz,20,Dining Room,0.00,88.68,7.31,20.00,0.00,00:35:14
Tink-a-Tako - Potranco,286,9/9/25 2:44 PM,Juan  Camacho,37,Dining Room,0.00,33.12,2.72,0.00,0.00,00:37:22
Tink-a-Tako - Potranco,287,9/9/25 2:48 PM,Lizeth Alonso,,Dining Room,0.00,12.99,1.07,2.00,0.00,00:00:34
Tink-a-Tako - Potranco,288,9/9/25 2:49 PM,Lizeth Alonso,,Dining Room,0.00,3.98,0.32,0.00,0.00,00:06:27
Tink-a-Tako - Potranco,289,9/9/25 2:50 PM,Lizeth Alonso,,Dining Room,0.00,30.41,2.50,0.00,0.00,00:07:23
Tink-a-Tako - Potranco,291,9/9/25 2:54 PM,Juan  Camacho,,Dining Room,0.00,62.21,5.13,5.00,0.00,00:03:04
Tink-a-Tako - Potranco,292,9/9/25 3:03 PM,Juan  Camacho,23,Dining Room,0.00,28.68,2.36,5.00,0.00,00:35:14
Tink-a-Tako - Potranco,293,9/9/25 3:04 PM,Sergio Abundiz,40,Dining Room,27.97,0.00,0.00,0.00,0.00,05:40:17
Tink-a-Tako - Potranco,294,9/9/25 3:05 PM,Sergio Abundiz,33,Dining Room,0.00,12.98,1.07,5.00,0.00,00:32:33
Tink-a-Tako - Potranco,295,9/9/25 3:08 PM,Lizeth Alonso,,Dining Room,0.00,10.36,0.85,2.00,0.00,00:01:28
Tink-a-Tako - Potranco,296,9/9/25 3:24 PM,Lizeth Alonso,,Dining Room,0.00,9.48,0.78,0.00,0.00,00:01:05
Tink-a-Tako - Potranco,297,9/9/25 3:30 PM,Lizeth Alonso,,Dining Room,0.00,12.38,1.02,1.60,0.00,00:02:21
Tink-a-Tako - Potranco,298,9/9/25 3:32 PM,Lizeth Alonso,,Dining Room,0.00,11.56,0.96,0.00,0.00,00:03:53
Tink-a-Tako - Potranco,299,9/9/25 3:41 PM,Lizeth Alonso,,Dining Room,0.00,46.26,3.82,0.00,0.00,00:02:55
Tink-a-Tako - Potranco,300,9/9/25 3:44 PM,Lizeth Alonso,,Dining Room,0.00,24.23,1.99,0.00,0.00,00:09:55
Tink-a-Tako - Potranco,301,9/9/25 3:46 PM,Lizeth Alonso,,Dining Room,0.00,25.05,2.06,0.00,0.00,00:39:59
Tink-a-Tako - Potranco,302,9/9/25 4:08 PM,Lizeth Alonso,,Dining Room,1.98,7.90,0.65,0.00,0.00,00:02:36
Tink-a-Tako - Potranco,305,9/9/25 4:30 PM,Sergio Abundiz,25,Dining Room,0.00,12.38,1.02,5.00,0.00,00:25:17
Tink-a-Tako - Potranco,306,9/9/25 4:36 PM,Lizeth Alonso,,Dining Room,0.00,14.67,1.21,0.00,0.00,00:00:32
Tink-a-Tako - Potranco,307,9/9/25 4:36 PM,Juan  Camacho,19,Dining Room,0.00,58.36,4.81,0.00,0.00,00:33:12
Tink-a-Tako - Potranco,308,9/9/25 4:37 PM,Lizeth Alonso,,Dining Room,0.00,5.77,0.48,0.00,0.00,00:02:26
Tink-a-Tako - Potranco,309,9/9/25 4:39 PM,Lizeth Alonso,,Dining Room,0.00,6.28,0.52,1.00,0.00,00:01:56
Tink-a-Tako - Potranco,310,9/9/25 4:43 PM,Lizeth Alonso,,Dining Room,0.00,6.98,0.58,0.00,0.00,00:00:34
Tink-a-Tako - Potranco,311,9/9/25 4:52 PM,Lizeth Alonso,,Dining Room,0.00,16.48,1.36,0.00,0.00,00:00:48
Tink-a-Tako - Potranco,312,9/9/25 4:53 PM,Lizeth Alonso,,Dining Room,0.00,11.41,0.93,0.00,0.00,00:06:31
Tink-a-Tako - Potranco,314,9/9/25 4:56 PM,Juan  Camacho,32,Dining Room,0.00,57.41,4.74,10.00,0.00,00:30:35
Tink-a-Tako - Potranco,315,9/9/25 5:02 PM,Sergio Abundiz,,Dining Room,0.00,0.00,0.00,0.00,0.00,00:02:21
Tink-a-Tako - Potranco,318,9/9/25 5:23 PM,Juan  Camacho,17,Dining Room,0.00,28.94,2.40,0.00,0.00,00:33:12
Tink-a-Tako - Potranco,317,9/9/25 5:22 PM,Sergio Abundiz,34,Dining Room,0.00,94.69,7.78,25.00,18.94,00:46:13
Tink-a-Tako - Potranco,319,9/9/25 5:28 PM,Sergio Abundiz,25,Dining Room,0.00,29.93,2.46,5.00,0.00,00:49:06
Tink-a-Tako - Potranco,320,9/9/25 5:30 PM,Juan  Camacho,24,Dining Room,0.00,43.56,3.58,0.00,0.00,00:40:13
Tink-a-Tako - Potranco,321,9/9/25 5:31 PM,Lizeth Alonso,,Dining Room,0.00,24.98,2.06,0.00,0.00,00:02:39
Tink-a-Tako - Potranco,322,9/9/25 5:33 PM,Lizeth Alonso,,Dining Room,2.00,7.98,0.66,0.00,0.00,00:09:02
Tink-a-Tako - Potranco,323,9/9/25 5:35 PM,Lizeth Alonso,,Dining Room,0.00,12.94,1.07,2.00,0.00,00:09:15
Tink-a-Tako - Potranco,325,9/9/25 5:38 PM,Sergio Abundiz,15,Dining Room,0.00,40.37,3.31,0.00,0.00,00:27:58
Tink-a-Tako - Potranco,327,9/9/25 5:53 PM,Juan  Camacho,7,Dining Room,0.00,27.92,2.30,0.00,0.00,00:49:46
Tink-a-Tako - Potranco,328,9/9/25 5:57 PM,Lizeth Alonso,,Dining Room,0.00,8.78,0.72,0.00,0.00,00:00:33
Tink-a-Tako - Potranco,329,9/9/25 6:05 PM,Lizeth Alonso,,Dining Room,0.00,4.98,0.41,0.00,0.00,00:00:24
Tink-a-Tako - Potranco,330,9/9/25 6:05 PM,Lizeth Alonso,,Dining Room,0.00,18.56,1.53,0.00,0.00,00:02:31
Tink-a-Tako - Potranco,331,9/9/25 6:10 PM,Sergio Abundiz,37,Dining Room,0.00,46.22,3.82,7.00,0.00,00:35:30
Tink-a-Tako - Potranco,332,9/9/25 6:14 PM,Lizeth Alonso,,Dining Room,0.00,2.99,0.25,0.00,0.00,00:01:42
Tink-a-Tako - Potranco,334,9/9/25 6:15 PM,Juan  Camacho,23,Dining Room,0.00,30.62,2.52,0.00,0.00,00:33:30
Tink-a-Tako - Potranco,335,9/9/25 6:18 PM,Sergio Abundiz,17,Dining Room,0.00,40.68,3.39,7.69,0.00,00:37:13
Tink-a-Tako - Potranco,326,9/9/25 5:40 PM,Lizeth Alonso,,Dining Room,0.00,7.56,0.63,1.00,0.00,00:39:56
Tink-a-Tako - Potranco,337,9/9/25 6:40 PM,Lizeth Alonso,,Dining Room,0.00,9.97,0.82,1.00,0.00,00:02:19
Tink-a-Tako - Potranco,338,9/9/25 6:41 PM,Lizeth Alonso,,Dining Room,0.00,0.00,0.00,0.00,0.00,00:01:34
Tink-a-Tako - Potranco,339,9/9/25 6:45 PM,Lizeth Alonso,,Dining Room,0.00,23.98,1.98,1.00,0.00,00:00:27
Tink-a-Tako - Potranco,340,9/9/25 6:49 PM,Sergio Abundiz,38,Dining Room,0.00,22.92,1.89,5.00,0.00,00:34:36
Tink-a-Tako - Potranco,343,9/9/25 7:00 PM,Lizeth Alonso,,Dining Room,0.00,11.99,0.99,0.00,0.00,00:15:28
Tink-a-Tako - Potranco,344,9/9/25 7:01 PM,Lizeth Alonso,,Dining Room,0.00,9.58,0.79,0.00,0.00,00:01:05
Tink-a-Tako - Potranco,345,9/9/25 7:04 PM,Lizeth Alonso,,Dining Room,0.00,28.45,2.35,1.20,0.00,00:01:29
Tink-a-Tako - Potranco,346,9/9/25 7:07 PM,Lizeth Alonso,,Dining Room,0.00,7.98,0.66,0.00,0.00,00:05:01
Tink-a-Tako - Potranco,347,9/9/25 7:14 PM,Lizeth Alonso,,Dining Room,0.00,12.99,1.07,1.00,0.00,00:08:29
Tink-a-Tako - Potranco,350,9/9/25 7:29 PM,Sergio Abundiz,32,Dining Room,0.00,43.34,3.58,10.00,0.00,00:33:54
Tink-a-Tako - Potranco,351,9/9/25 7:48 PM,Lizeth Alonso,,Dining Room,0.00,48.92,4.03,0.00,0.00,00:01:12
Tink-a-Tako - Potranco,352,9/9/25 7:53 PM,Juan  Camacho,24,Dining Room,0.00,30.22,2.50,5.00,0.00,00:36:32
Tink-a-Tako - Potranco,349,9/9/25 7:15 PM,Lizeth Alonso,,Dining Room,0.00,3.50,0.29,0.00,0.00,00:47:35
Tink-a-Tako - Potranco,354,9/9/25 8:13 PM,Lizeth Alonso,,Dining Room,0.00,12.99,1.07,2.00,0.00,00:00:47
Tink-a-Tako - Potranco,355,9/9/25 8:18 PM,Lizeth Alonso,,Dining Room,0.00,13.99,1.15,2.00,0.00,00:00:48
Tink-a-Tako - Potranco,356,9/9/25 8:26 PM,Lizeth Alonso,,Dining Room,0.00,23.98,1.98,0.00,0.00,00:14:40
Tink-a-Tako - Potranco,357,9/9/25 8:26 PM,Lizeth Alonso,,Dining Room,0.00,25.46,2.10,2.00,0.00,00:02:43
Tink-a-Tako - Potranco,358,9/9/25 8:33 PM,Lizeth Alonso,,Dining Room,0.00,12.76,1.05,2.00,0.00,00:04:30
