Employee,Job Title,Regular Hours,Overtime Hours,Hourly Rate,Regular Pay,Overtime Pay,Total Pay,Net Sales,Declared Tips,Non-Cash Tips,Total Tips,Tips Withheld,Total Gratuity,Employee ID,Job Code,Location,Location Code
"Abundiz, Sergio",Server,7.55,0.0,,,,,504.10,,99.69,99.69,0.00,18.94,,,Tink-a-Tako - Potranco,
"Alonso, Lizeth",Host,7.24,0.0,13.00,94.12,0.00,94.12,647.66,,31.80,31.80,0.00,0.00,,,Tink-a-Tako - Potranco,
"Aviles, Genaro",Cook,15.78,0.0,15.00,236.70,0.00,236.70,0.00,,0.00,0.00,0.00,0.00,,,Tink-a-Tako - Potranco,
"Brito, Victor ",Regular,7.49,0.0,12.00,89.88,0.00,89.88,0.00,,0.00,0.00,0.00,0.00,,,Tink-a-Tako - Potranco,
"Camacho, Juan ",Server,15.23,0.0,3.00,45.69,0.00,45.69,1132.45,,114.91,114.91,0.00,22.83,,,Tink-a-Tako - Potranco,
"Cisneros, Isabel",Server,8.89,0.0,3.00,26.67,0.00,26.67,404.53,,61.87,61.87,0.00,0.00,,,Tink-a-Tako - Potranco,
"Diaz, Diego",Cook,8.76,0.0,,,,,0.00,,0.00,0.00,0.00,0.00,,,Tink-a-Tako - Potranco,
"Dominguez, Jose ",Cook,15.37,0.0,17.00,261.29,0.00,261.29,0.00,,0.00,0.00,0.00,0.00,,,Tink-a-Tako - Potranco,
"Gonzalez, Maria ",Tortillero,7.03,0.0,13.00,91.39,0.00,91.39,0.00,,0.00,0.00,0.00,0.00,,,Tink-a-Tako - Potranco,
"Hernandez, Silvia",Server,5.72,0.0,3.00,17.16,0.00,17.16,421.94,,66.01,66.01,0.00,0.00,,,Tink-a-Tako - Potranco,
"Majana, Maria",Host,6.02,0.0,14.00,84.28,0.00,84.28,104.12,,9.00,9.00,0.00,0.00,,,Tink-a-Tako - Potranco,
"Navarro , Adrianna ",Server,4.47,0.0,3.00,13.41,0.00,13.41,300.21,,40.00,40.00,0.00,0.00,,,Tink-a-Tako - Potranco,
"ORDONEZ, Rosie ",Shift Manager / Assistant Manager,14.76,0.0,,,,,9.77,,5.00,5.00,0.00,0.00,,,Tink-a-Tako - Potranco,
"ROJAS, JAIME",Dishwasher,7.04,0.0,14.00,98.56,0.00,98.56,0.00,,0.00,0.00,0.00,0.00,,,Tink-a-Tako - Potranco,
"Ramirez Perez, Silvia",Cook,6.42,0.0,17.00,109.14,0.00,109.14,0.00,,0.00,0.00,0.00,0.00,,,Tink-a-Tako - Potranco,
"Rueda, Jonathan",Busser,8.629999999999999,0.0,12.00,103.56,0.00,103.56,0.00,,0.00,0.00,0.00,0.00,,,Tink-a-Tako - Potranco,
"Torres, Daniela",Drive-Thru,8.58,0.0,,,,,1393.56,,28.00,28.00,0.00,0.00,,,Tink-a-Tako - Potranco,
