Location,Entry Id,Created Date,Action,Amount,Cash Drawer,Payout Reason,No Sale Reason,Comment,Employee,Employee 2
2919 Blanco Rd,800000030531109129,10/9/25 6:13 AM,CASH_PAYMENT,6.65,Drive Thru Cash Drawer,,,Cash payment,Martina Ovalle ,
2919 Blanco Rd,800000030531116990,10/9/25 6:14 AM,CASH_PAYMENT,8.80,Drive Thru Cash Drawer,,,Cash payment,Martina Ovalle ,
2919 Blanco Rd,800000030531128879,10/9/25 6:16 AM,CASH_PAYMENT,6.11,Drive Thru Cash Drawer,,,Cash payment,Martina Ovalle ,
2919 Blanco Rd,800000030531136059,10/9/25 6:17 AM,CASH_PAYMENT,2.15,Drive Thru Cash Drawer,,,Cash payment,Martina Ovalle ,
2919 Blanco Rd,800000030531182666,10/9/25 6:24 AM,CASH_PAYMENT,14.55,Drive Thru Cash Drawer,,,Cash payment,Martina Ovalle ,
2919 Blanco Rd,800000030531239634,10/9/25 6:33 AM,CASH_PAYMENT,6.46,Drive Thru Cash Drawer,,,Cash payment,Martina Ovalle ,
2919 Blanco Rd,800000030531264982,10/9/25 6:36 AM,CASH_PAYMENT,2.15,Drive Thru Cash Drawer,,,Cash payment,Martina Ovalle ,
2919 Blanco Rd,800000030531271011,10/9/25 6:37 AM,CASH_PAYMENT,6.26,Drive Thru Cash Drawer,,,Cash payment,Martina Ovalle ,
2919 Blanco Rd,800000030531306103,10/9/25 6:41 AM,CASH_PAYMENT,5.39,Drive Thru Cash Drawer,,,Cash payment,Martina Ovalle ,
2919 Blanco Rd,800000030531315725,10/9/25 6:42 AM,CASH_PAYMENT,7.54,Drive Thru Cash Drawer,,,Cash payment,Martina Ovalle ,
2919 Blanco Rd,800000030531337582,10/9/25 6:45 AM,CASH_PAYMENT,2.48,Drive Thru Cash Drawer,,,Cash payment,Martina Ovalle ,
2919 Blanco Rd,800000030531408702,10/9/25 6:52 AM,CASH_PAYMENT,3.24,Drive Thru Cash Drawer,,,Cash payment,Martina Ovalle ,
2919 Blanco Rd,800000030531421809,10/9/25 6:54 AM,CASH_PAYMENT,3.24,Drive Thru Cash Drawer,,,Cash payment,Martina Ovalle ,
2919 Blanco Rd,800000030531459751,10/9/25 6:58 AM,CASH_PAYMENT,4.31,Drive Thru Cash Drawer,,,Cash payment,Martina Ovalle ,
2919 Blanco Rd,800000030531486695,10/9/25 7:01 AM,CASH_PAYMENT,15.31,Front Box Cash Drawer,,,Cash payment,AM CASHIER,
2919 Blanco Rd,800000030531492712,10/9/25 7:01 AM,CASH_PAYMENT,6.47,Drive Thru Cash Drawer,,,Cash payment,Martina Ovalle ,
2919 Blanco Rd,800000030531529187,10/9/25 7:04 AM,CASH_PAYMENT,13.05,Front Box Cash Drawer,,,Cash payment,AM CASHIER,
2919 Blanco Rd,800000030531636515,10/9/25 7:12 AM,CASH_PAYMENT,2.15,Drive Thru Cash Drawer,,,Cash payment,Martina Ovalle ,
2919 Blanco Rd,800000030532056798,10/9/25 7:40 AM,CASH_PAYMENT,15.33,Drive Thru Cash Drawer,,,Cash payment,Martina Ovalle ,
2919 Blanco Rd,800000030532114469,10/9/25 7:43 AM,CASH_PAYMENT,4.30,Drive Thru Cash Drawer,,,Cash payment,Martina Ovalle ,
2919 Blanco Rd,800000030532131005,10/9/25 7:44 AM,CASH_PAYMENT,10.77,Drive Thru Cash Drawer,,,Cash payment,Martina Ovalle ,
2919 Blanco Rd,800000030532137719,10/9/25 7:45 AM,CASH_PAYMENT,8.61,Front Box Cash Drawer,,,Cash payment,AM CASHIER,
2919 Blanco Rd,800000030532149294,10/9/25 7:45 AM,CASH_PAYMENT,7.72,Front Box Cash Drawer,,,Cash payment,AM CASHIER,
2919 Blanco Rd,800000030532179403,10/9/25 7:47 AM,CASH_PAYMENT,9.14,Front Box Cash Drawer,,,Cash payment,AM CASHIER,
2919 Blanco Rd,800000030532297378,10/9/25 7:54 AM,CASH_PAYMENT,2.15,Drive Thru Cash Drawer,,,Cash payment,Martina Ovalle ,
2919 Blanco Rd,800000030532323835,10/9/25 7:56 AM,CASH_PAYMENT,10.03,Front Box Cash Drawer,,,Cash payment,AM CASHIER,
2919 Blanco Rd,800000030532347663,10/9/25 7:57 AM,CASH_PAYMENT,10.63,Drive Thru Cash Drawer,,,Cash payment,Martina Ovalle ,
2919 Blanco Rd,800000030532373551,10/9/25 7:59 AM,CASH_PAYMENT,4.31,Drive Thru Cash Drawer,,,Cash payment,Martina Ovalle ,
2919 Blanco Rd,800000030532454107,10/9/25 8:03 AM,CASH_PAYMENT,8.19,Drive Thru Cash Drawer,,,Cash payment,Martina Ovalle ,
2919 Blanco Rd,800000030532561420,10/9/25 8:09 AM,CASH_PAYMENT,2.15,Drive Thru Cash Drawer,,,Cash payment,Martina Ovalle ,
2919 Blanco Rd,800000030532649338,10/9/25 8:15 AM,CASH_PAYMENT,11.75,Drive Thru Cash Drawer,,,Cash payment,Martina Ovalle ,
2919 Blanco Rd,800000030532678627,10/9/25 8:16 AM,CASH_PAYMENT,8.27,Front Box Cash Drawer,,,Cash payment,AM CASHIER,
2919 Blanco Rd,800000030532814456,10/9/25 8:24 AM,CASH_PAYMENT,4.30,Drive Thru Cash Drawer,,,Cash payment,Martina Ovalle ,
2919 Blanco Rd,800000030532831561,10/9/25 8:25 AM,CASH_PAYMENT,2.91,Front Box Cash Drawer,,,Cash payment,AM CASHIER,
2919 Blanco Rd,800000030532876702,10/9/25 8:28 AM,CASH_PAYMENT,5.88,Drive Thru Cash Drawer,,,Cash payment,Martina Ovalle ,
2919 Blanco Rd,800000030532892770,10/9/25 8:29 AM,CASH_PAYMENT,14.50,Drive Thru Cash Drawer,,,Cash payment,Martina Ovalle ,
2919 Blanco Rd,800000030532994903,10/9/25 8:34 AM,CASH_PAYMENT,12.93,Drive Thru Cash Drawer,,,Cash payment,Martina Ovalle ,
2919 Blanco Rd,800000030533024592,10/9/25 8:36 AM,CASH_PAYMENT,6.78,Front Box Cash Drawer,,,Cash payment,AM CASHIER,
2919 Blanco Rd,800000030533096686,10/9/25 8:40 AM,CASH_PAYMENT,7.07,Drive Thru Cash Drawer,,,Cash payment,Martina Ovalle ,
2919 Blanco Rd,800000030533133967,10/9/25 8:42 AM,CASH_PAYMENT,12.35,Drive Thru Cash Drawer,,,Cash payment,Martina Ovalle ,
2919 Blanco Rd,800000030533204711,10/9/25 8:46 AM,CASH_PAYMENT,15.49,Front Box Cash Drawer,,,Cash payment,AM CASHIER,
2919 Blanco Rd,800000030533239167,10/9/25 8:48 AM,CASH_PAYMENT,11.08,Drive Thru Cash Drawer,,,Cash payment,Martina Ovalle ,
2919 Blanco Rd,800000030533261729,10/9/25 8:50 AM,CASH_PAYMENT,2.48,Drive Thru Cash Drawer,,,Cash payment,Martina Ovalle ,
2919 Blanco Rd,800000030533271815,10/9/25 8:50 AM,CASH_PAYMENT,8.62,Front Box Cash Drawer,,,Cash payment,AM CASHIER,
2919 Blanco Rd,800000030533662394,10/9/25 9:12 AM,CASH_PAYMENT,31.05,Drive Thru Cash Drawer,,,Cash payment,Martina Ovalle ,
2919 Blanco Rd,800000030533706798,10/9/25 9:14 AM,CASH_PAYMENT,8.94,Drive Thru Cash Drawer,,,Cash payment,Martina Ovalle ,
2919 Blanco Rd,800000030533762701,10/9/25 9:17 AM,CASH_PAYMENT,8.65,Front Box Cash Drawer,,,Cash payment,AM CASHIER,
2919 Blanco Rd,800000030533833289,10/9/25 9:21 AM,CASH_PAYMENT,5.39,Front Box Cash Drawer,,,Cash payment,AM CASHIER,
2919 Blanco Rd,800000030533902395,10/9/25 9:25 AM,CASH_PAYMENT,9.50,Front Box Cash Drawer,,,Cash payment,AM CASHIER,
2919 Blanco Rd,800000030533996711,10/9/25 9:30 AM,CASH_PAYMENT,6.65,Drive Thru Cash Drawer,,,Cash payment,Martina Ovalle ,
2919 Blanco Rd,800000030534278853,10/9/25 9:45 AM,CASH_PAYMENT,12.97,Drive Thru Cash Drawer,,,Cash payment,Martina Ovalle ,
2919 Blanco Rd,800000030534501020,10/9/25 9:56 AM,CASH_PAYMENT,13.80,Front Box Cash Drawer,,,Cash payment,AM CASHIER,
2919 Blanco Rd,800000030534744788,10/9/25 10:07 AM,CASH_PAYMENT,1.45,Drive Thru Cash Drawer,,,Cash payment,Martina Ovalle ,
2919 Blanco Rd,800000030534841304,10/9/25 10:11 AM,CASH_PAYMENT,12.93,Drive Thru Cash Drawer,,,Cash payment,Martina Ovalle ,
2919 Blanco Rd,800000030534903365,10/9/25 10:14 AM,CASH_PAYMENT,27.38,Drive Thru Cash Drawer,,,Cash payment,Martina Ovalle ,
2919 Blanco Rd,800000030534965771,10/9/25 10:16 AM,CASH_PAYMENT,9.43,Drive Thru Cash Drawer,,,Cash payment,Martina Ovalle ,
2919 Blanco Rd,800000030535054729,10/9/25 10:20 AM,TIP_OUT,-3.00,Front Box Cash Drawer,,,Tips paid out from shift review.,Cinthia Patlan,Sami Martinez 
2919 Blanco Rd,800000030535190547,10/9/25 10:26 AM,CASH_PAYMENT,5.39,Drive Thru Cash Drawer,,,Cash payment,Martina Ovalle ,
2919 Blanco Rd,800000030535295300,10/9/25 10:30 AM,PAY_OUT,-65.00,Front Box Cash Drawer,Supplies,,Limpieza Yarda,AM CASHIER,
2919 Blanco Rd,800000030535307087,10/9/25 10:30 AM,CASH_PAYMENT,9.80,Front Box Cash Drawer,,,Cash payment,AM CASHIER,
2919 Blanco Rd,800000030535318491,10/9/25 10:31 AM,CASH_PAYMENT,7.57,Front Box Cash Drawer,,,Cash payment,AM CASHIER,
2919 Blanco Rd,800000030535395140,10/9/25 10:34 AM,PAY_OUT,-208.67,Drive Thru Cash Drawer,Supplies,,restaurant depot,Martina Ovalle ,
2919 Blanco Rd,800000030535412644,10/9/25 10:34 AM,CASH_PAYMENT,7.57,Drive Thru Cash Drawer,,,Cash payment,Martina Ovalle ,
2919 Blanco Rd,800000030535532173,10/9/25 10:38 AM,CASH_PAYMENT,4.30,Drive Thru Cash Drawer,,,Cash payment,Martina Ovalle ,
2919 Blanco Rd,800000030535576118,10/9/25 10:40 AM,CASH_PAYMENT,20.28,Drive Thru Cash Drawer,,,Cash payment,Martina Ovalle ,
2919 Blanco Rd,800000030535595547,10/9/25 10:41 AM,CASH_PAYMENT,20.32,Front Box Cash Drawer,,,Cash payment,AM CASHIER,
2919 Blanco Rd,800000030536235837,10/9/25 11:01 AM,CASH_PAYMENT,2.15,Front Box Cash Drawer,,,Cash payment,AM CASHIER,
2919 Blanco Rd,800000030536533150,10/9/25 11:09 AM,CASH_PAYMENT,6.47,Drive Thru Cash Drawer,,,Cash payment,Martina Ovalle ,
2919 Blanco Rd,800000030536659485,10/9/25 11:12 AM,CASH_PAYMENT,8.43,Drive Thru Cash Drawer,,,Cash payment,Martina Ovalle ,
2919 Blanco Rd,800000030537149265,10/9/25 11:23 AM,CASH_PAYMENT,4.31,Drive Thru Cash Drawer,,,Cash payment,Martina Ovalle ,
2919 Blanco Rd,800000030537467864,10/9/25 11:31 AM,CASH_PAYMENT,19.25,Front Box Cash Drawer,,,Cash payment,AM CASHIER,
2919 Blanco Rd,800000030537499482,10/9/25 11:31 AM,CASH_PAYMENT,21.98,Front Box Cash Drawer,,,Cash payment,AM CASHIER,
2919 Blanco Rd,800000030537597386,10/9/25 11:34 AM,CASH_PAYMENT,11.29,Drive Thru Cash Drawer,,,Cash payment,Martina Ovalle ,
2919 Blanco Rd,800000030537802830,10/9/25 11:38 AM,CASH_PAYMENT,23.79,Front Box Cash Drawer,,,Cash payment,AM CASHIER,
2919 Blanco Rd,800000030537829993,10/9/25 11:39 AM,CASH_PAYMENT,8.37,Front Box Cash Drawer,,,Cash payment,AM CASHIER,
2919 Blanco Rd,800000030537974847,10/9/25 11:42 AM,CASH_PAYMENT,6.26,Front Box Cash Drawer,,,Cash payment,AM CASHIER,
2919 Blanco Rd,800000030538141251,10/9/25 11:46 AM,CASH_PAYMENT,4.63,Drive Thru Cash Drawer,,,Cash payment,Martina Ovalle ,
2919 Blanco Rd,800000030538215248,10/9/25 11:48 AM,CASH_PAYMENT,3.73,Drive Thru Cash Drawer,,,Cash payment,Martina Ovalle ,
2919 Blanco Rd,800000030538401341,10/9/25 11:52 AM,CASH_PAYMENT,9.50,Drive Thru Cash Drawer,,,Cash payment,Martina Ovalle ,
2919 Blanco Rd,800000030538527271,10/9/25 11:55 AM,CASH_PAYMENT,4.31,Drive Thru Cash Drawer,,,Cash payment,Martina Ovalle ,
2919 Blanco Rd,800000030538543730,10/9/25 11:56 AM,CASH_PAYMENT,7.71,Drive Thru Cash Drawer,,,Cash payment,Martina Ovalle ,
2919 Blanco Rd,800000030538904333,10/9/25 12:04 PM,CASH_PAYMENT,2.91,Drive Thru Cash Drawer,,,Cash payment,Martina Ovalle ,
2919 Blanco Rd,800000030539673775,10/9/25 12:22 PM,CASH_PAYMENT,18.80,Front Box Cash Drawer,,,Cash payment,AM CASHIER,
2919 Blanco Rd,800000030539705566,10/9/25 12:22 PM,CASH_PAYMENT,10.26,Drive Thru Cash Drawer,,,Cash payment,Martina Ovalle ,
2919 Blanco Rd,800000030539915327,10/9/25 12:27 PM,CASH_PAYMENT,0.80,Drive Thru Cash Drawer,,,Cash payment,Martina Ovalle ,
2919 Blanco Rd,800000030540197775,10/9/25 12:34 PM,CASH_PAYMENT,17.09,Front Box Cash Drawer,,,Cash payment,AM CASHIER,
2919 Blanco Rd,800000030541229990,10/9/25 1:01 PM,TIP_OUT,-57.65,Drive Thru Cash Drawer,,,Tips paid out from shift review.,Martina Ovalle ,Martina Ovalle 
2919 Blanco Rd,800000030541240819,10/9/25 1:01 PM,CLOSE_OUT_EXACT,0.00,Drive Thru Cash Drawer,,,Close out balance matches expected balance,Martina Ovalle ,
2919 Blanco Rd,800000030541633579,10/9/25 1:11 PM,CASH_PAYMENT,54.07,Front Box Cash Drawer,,,Cash payment,AM CASHIER,
2919 Blanco Rd,800000030541893767,10/9/25 1:18 PM,TIP_OUT,-55.37,Front Box Cash Drawer,,,Tips paid out from shift review.,Cinthia Patlan,samantha lopez
2919 Blanco Rd,800000030541913732,10/9/25 1:19 PM,TIP_OUT,-8.00,Front Box Cash Drawer,,,Tips paid out from shift review.,AM CASHIER,AM CASHIER
2919 Blanco Rd,800000030541923443,10/9/25 1:19 PM,CLOSE_OUT_EXACT,0.00,Front Box Cash Drawer,,,Close out balance matches expected balance,AM CASHIER,
2919 Blanco Rd,800000030542183734,10/9/25 1:26 PM,CASH_PAYMENT,10.27,Drive Thru Cash Drawer (2),,,Cash payment,PM Cashier C,
2919 Blanco Rd,800000030542756502,10/9/25 1:43 PM,CASH_PAYMENT,6.90,Drive Thru Cash Drawer (2),,,Cash payment,PM Cashier C,
2919 Blanco Rd,800000030542873848,10/9/25 1:46 PM,CASH_PAYMENT,12.38,Front Box Cash Drawer (2),,,Cash payment,Martina Ovalle ,
2919 Blanco Rd,800000030543103881,10/9/25 1:53 PM,CASH_PAYMENT,6.46,Front Box Cash Drawer (2),,,Cash payment,Martina Ovalle ,
2919 Blanco Rd,800000030543416743,10/9/25 2:02 PM,CASH_PAYMENT,5.29,Drive Thru Cash Drawer (2),,,Cash payment,PM Cashier C,
2919 Blanco Rd,800000030543796554,10/9/25 2:13 PM,CASH_PAYMENT,12.26,Front Box Cash Drawer (2),,,Cash payment,Martina Ovalle ,
2919 Blanco Rd,800000030543915220,10/9/25 2:16 PM,CASH_PAYMENT,25.25,Drive Thru Cash Drawer (2),,,Cash payment,PM Cashier C,
2919 Blanco Rd,800000030544081148,10/9/25 2:21 PM,CASH_PAYMENT,6.78,Drive Thru Cash Drawer (2),,,Cash payment,PM Cashier C,
2919 Blanco Rd,800000030544818271,10/9/25 2:43 PM,CASH_PAYMENT,2.15,Drive Thru Cash Drawer (2),,,Cash payment,PM Cashier C,
2919 Blanco Rd,800000030544934790,10/9/25 2:47 PM,CASH_PAYMENT,32.47,Drive Thru Cash Drawer (2),,,Cash payment,PM Cashier C,
2919 Blanco Rd,800000030545064164,10/9/25 2:51 PM,CASH_PAYMENT,6.49,Drive Thru Cash Drawer (2),,,Cash payment,PM Cashier C,
2919 Blanco Rd,800000030545441842,10/9/25 3:03 PM,CASH_PAYMENT,31.29,Drive Thru Cash Drawer (2),,,Cash payment,PM Cashier C,
2919 Blanco Rd,800000030545662636,10/9/25 3:09 PM,CASH_PAYMENT,33.57,Front Box Cash Drawer (2),,,Cash payment,Martina Ovalle ,
2919 Blanco Rd,800000030547066378,10/9/25 3:51 PM,CASH_PAYMENT,21.63,Front Box Cash Drawer (2),,,Cash payment,Martina Ovalle ,
2919 Blanco Rd,800000030547080545,10/9/25 3:51 PM,CASH_PAYMENT,15.31,Front Box Cash Drawer (2),,,Cash payment,Martina Ovalle ,
2919 Blanco Rd,800000030547680675,10/9/25 4:07 PM,TIP_OUT,-17.00,Drive Thru Cash Drawer (2),,,Tips paid out from shift review.,PM Cashier C,PM Cashier C
2919 Blanco Rd,800000030547681299,10/9/25 4:07 PM,CLOSE_OUT_EXACT,0.00,Drive Thru Cash Drawer (2),,,Close out balance matches expected balance,PM Cashier C,
2919 Blanco Rd,800000030548058008,10/9/25 4:16 PM,TIP_OUT,-8.00,Front Box Cash Drawer (2),,,Tips paid out from shift review.,Maria  Salazar,Maria  Salazar
2919 Blanco Rd,800000030550200907,10/9/25 5:00 PM,CASH_PAYMENT,4.30,Drive Thru Cash Drawer (3),,,Cash payment,Cin Cin,
2919 Blanco Rd,800000030554724048,10/9/25 6:12 PM,CASH_PAYMENT,30.16,Front Box Cash Drawer (2),,,Cash payment,Martina Ovalle ,
2919 Blanco Rd,800000030556414018,10/9/25 6:38 PM,CASH_PAYMENT,7.54,Drive Thru Cash Drawer (3),,,Cash payment,Cin Cin,
2919 Blanco Rd,800000030557978643,10/9/25 7:03 PM,CASH_PAYMENT,11.90,Drive Thru Cash Drawer (3),,,Cash payment,Cin Cin,
2919 Blanco Rd,800000030559970824,10/9/25 7:38 PM,CASH_PAYMENT,10.19,Drive Thru Cash Drawer (3),,,Cash payment,Cin Cin,
2919 Blanco Rd,800000030561241889,10/9/25 8:03 PM,CASH_PAYMENT,15.31,Drive Thru Cash Drawer (3),,,Cash payment,Cin Cin,
2919 Blanco Rd,800000030561440700,10/9/25 8:07 PM,CASH_PAYMENT,10.80,Drive Thru Cash Drawer (3),,,Cash payment,Cin Cin,
2919 Blanco Rd,800000030563498824,10/9/25 8:59 PM,TIP_OUT,-50.00,Front Box Cash Drawer (2),,,Tips paid out from shift review.,Martina Ovalle ,Martina Ovalle 
2919 Blanco Rd,800000030563500670,10/9/25 9:00 PM,CLOSE_OUT_EXACT,0.00,Front Box Cash Drawer (2),,,Close out balance matches expected balance,Martina Ovalle ,
2919 Blanco Rd,800000030563565631,10/9/25 9:02 PM,VOID_CASH_PAYMENT,-15.31,Drive Thru Cash Drawer (3),,,Cash payment,Cin Cin,
2919 Blanco Rd,800000030563572422,10/9/25 9:02 PM,CASH_PAYMENT,11.90,Drive Thru Cash Drawer (3),,,Cash payment,Cin Cin,
2919 Blanco Rd,800000030563589364,10/9/25 9:02 PM,CLOSE_OUT_EXACT,0.00,Drive Thru Cash Drawer (3),,,Close out balance matches expected balance,Cin Cin,
