Location,Order #,Opened Date,Server,Table,Discount Name,Discount Reason,Comment,Discount Amount
Sandra's Cuisine - Potranco - 12060 Potranco Road,357,9/13/25 3:27 PM,Gabriel Tovar ,,Employee Discount - Item,Employee Discount,Employee,4.89
Sandra's Cuisine - Potranco - 12060 Potranco Road,357,9/13/25 3:27 PM,Gabriel Tovar ,,Employee Discount - Item,Employee Discount,Employee,6.99
Sandra's Cuisine - Potranco - 12060 Potranco Road,357,9/13/25 3:27 PM,Gabriel Tovar ,,Employee Discount - Item,Employee Discount,Employee,2.99
Sandra's Cuisine - Potranco - 12060 Potranco Road,331,9/13/25 1:55 PM,Gabriel Tovar ,,Employee Discount - Item,Employee Discount,Employee,9.99
Sandra's Cuisine - Potranco - 12060 Potranco Road,331,9/13/25 1:55 PM,Gabriel Tovar ,,Employee Discount - Item,Employee Discount,Employee,1.25
Sandra's Cuisine - Potranco - 12060 Potranco Road,331,9/13/25 1:55 PM,Gabriel Tovar ,,Employee Discount - Item,Employee Discount,Employee,7.98
Sandra's Cuisine - Potranco - 12060 Potranco Road,331,9/13/25 1:55 PM,Gabriel Tovar ,,Employee Discount - Item,Employee Discount,Employee,9.99
Sandra's Cuisine - Potranco - 12060 Potranco Road,326,9/13/25 1:44 PM,Carlos Morales,,Open % Check,,,2.15
Sandra's Cuisine - Potranco - 12060 Potranco Road,316,9/13/25 1:33 PM,Lisa Velasquez,14,Open $ Check,,,3.99
Sandra's Cuisine - Potranco - 12060 Potranco Road,300,9/13/25 1:07 PM,Lizbeth Garcia,3,Open % Item,,,1.40
Sandra's Cuisine - Potranco - 12060 Potranco Road,300,9/13/25 1:07 PM,Lizbeth Garcia,3,Open % Item,,,0.20
Sandra's Cuisine - Potranco - 12060 Potranco Road,291,9/13/25 12:45 PM,Melissa  Urena,,Open % Item,,,0.54
Sandra's Cuisine - Potranco - 12060 Potranco Road,279,9/13/25 12:34 PM,Sugey Cabrera,20,Open % Item,,,1.60
Sandra's Cuisine - Potranco - 12060 Potranco Road,279,9/13/25 12:34 PM,Sugey Cabrera,20,Open % Item,,,1.40
Sandra's Cuisine - Potranco - 12060 Potranco Road,279,9/13/25 12:34 PM,Sugey Cabrera,20,Open % Item,,,1.40
Sandra's Cuisine - Potranco - 12060 Potranco Road,269,9/13/25 12:22 PM,Melissa  Urena,,Open % Check,,,1.64
Sandra's Cuisine - Potranco - 12060 Potranco Road,239,9/13/25 11:43 AM,Melissa  Urena,,Reward Dollars,,,5.80
Sandra's Cuisine - Potranco - 12060 Potranco Road,226,9/13/25 11:31 AM,Adrian Morales,23,Open % Check,,,3.70
Sandra's Cuisine - Potranco - 12060 Potranco Road,217,9/13/25 11:25 AM,Lisa Velasquez,14,Birthday Rewards,,,5.00
Sandra's Cuisine - Potranco - 12060 Potranco Road,177,9/13/25 10:47 AM,Lizbeth Garcia,29,Open % Item,,,1.10
Sandra's Cuisine - Potranco - 12060 Potranco Road,177,9/13/25 10:47 AM,Lizbeth Garcia,29,Open % Item,,,0.48
Sandra's Cuisine - Potranco - 12060 Potranco Road,148,9/13/25 10:18 AM,Lisa Velasquez,35,Open % Item,,,1.40
Sandra's Cuisine - Potranco - 12060 Potranco Road,148,9/13/25 10:18 AM,Lisa Velasquez,35,Open % Item,,,1.20
Sandra's Cuisine - Potranco - 12060 Potranco Road,148,9/13/25 10:18 AM,Lisa Velasquez,35,Open % Item,,,1.60
Sandra's Cuisine - Potranco - 12060 Potranco Road,148,9/13/25 10:18 AM,Lisa Velasquez,35,Open % Item,,,1.40
Sandra's Cuisine - Potranco - 12060 Potranco Road,118,9/13/25 9:50 AM,Adrian Morales,18,Open % Item,,,0.18
Sandra's Cuisine - Potranco - 12060 Potranco Road,118,9/13/25 9:50 AM,Adrian Morales,18,Open % Item,,,0.49
Sandra's Cuisine - Potranco - 12060 Potranco Road,101,9/13/25 9:34 AM,Sugey Cabrera,17,Employee Discount - Check,Employee Discount,Employee,6.99
Sandra's Cuisine - Potranco - 12060 Potranco Road,40,9/13/25 8:27 AM,Melissa  Urena,,Reward Dollars,,,7.50
Sandra's Cuisine - Potranco - 12060 Potranco Road,37,9/13/25 8:24 AM,siri quiroz,,Employee Discount - Check,Employee Discount,Employee,35.24
