Employee,Job Title,Regular Hours,Overtime Hours,Hourly Rate,Regular Pay,Overtime Pay,Total Pay,Net Sales,Declared Tips,Non-Cash Tips,Total Tips,Tips Withheld,Total Gratuity,Employee ID,Job Code,Location,Location Code
"Aragon, Cecilia",Tortillera,7.4,0.0,13.00,96.20,0.00,96.20,0.00,,0.00,0.00,0.00,0.00,,,12060 Potranco Road,
"Barton, Arion",Cook,7.04,0.0,13.00,91.52,0.00,91.52,0.00,,0.00,0.00,0.00,0.00,,,12060 Potranco Road,
"Cabrera, Sugey",Server,7.54,0.0,3.00,22.62,0.00,22.62,811.20,0.00,117.96,117.96,0.00,19.96,,,12060 Potranco Road,
"Cardenas, Salvador",Cook,0.0,8.5,15.00,0.00,191.25,191.25,0.00,0.00,0.00,0.00,0.00,0.00,,,12060 Potranco Road,
"Casias, Rafael ",Prep,5.33,0.0,12.00,63.96,0.00,63.96,0.00,,0.00,0.00,0.00,0.00,,,12060 Potranco Road,
"Del Angel, Candy",Driver,6.89,0.0,,,,,3.99,0.00,0.00,0.00,0.00,0.00,,,12060 Potranco Road,
"Farias, Claudia",Cook,3.38,5.78,15.00,50.70,130.05,180.75,0.00,,0.00,0.00,0.00,0.00,,,12060 Potranco Road,
"Garcia, Enriqueta",Chef,12.76,0.0,,,,,0.00,,0.00,0.00,0.00,0.00,,,12060 Potranco Road,
"Garcia, Lizbeth",Server,7.94,0.0,3.00,23.82,0.00,23.82,587.57,0.00,94.55,94.55,0.00,0.00,,,12060 Potranco Road,
"Gonzales, David",Cook,4.44,0.0,,,,,0.00,,0.00,0.00,0.00,0.00,,,12060 Potranco Road,
"Jacobo, Angelique",Server,12.95,0.0,3.00,38.85,0.00,38.85,1021.12,50.00,165.69,215.69,0.00,18.98,,,12060 Potranco Road,
"Juliet, Mia",Host,4.01,0.0,,,,,22.98,0.00,4.00,4.00,0.00,0.00,,,12060 Potranco Road,
"Lino Santana, David ",Prep,4.64,3.13,15.00,69.60,70.43,140.03,0.00,,0.00,0.00,0.00,0.00,,,12060 Potranco Road,
"Morales, Adrian",Server,10.74,0.0,3.00,32.22,0.00,32.22,933.16,0.00,149.91,149.91,0.00,19.84,,,12060 Potranco Road,
"Morales, Carlos",Driver,11.35,0.0,,,,,606.86,0.00,29.74,29.74,0.00,0.00,,,12060 Potranco Road,
"Ojeda, George",Runner,13.25,0.0,12.50,165.62,0.00,165.62,0.00,,0.00,0.00,0.00,0.00,,,12060 Potranco Road,
"Rosales, Elsa",Tortillera,8.14,0.0,13.00,105.82,0.00,105.82,0.00,,0.00,0.00,0.00,0.00,,,12060 Potranco Road,
"Salinas, Zoila",General Manager,20.62,0.0,,,,,0.00,0.00,0.00,0.00,0.00,0.00,,,12060 Potranco Road,
"Sanchez, Emanuel",Server,7.22,0.0,3.00,21.66,0.00,21.66,397.02,5.00,60.25,65.25,0.00,0.00,,,12060 Potranco Road,
"Tovar , Gabriel",Shift Leader,5.44,2.16,,,,,72.57,,0.00,0.00,0.00,0.00,,,12060 Potranco Road,
"Urena, Melissa ",Host,0.9,6.85,12.00,10.80,123.30,134.10,2271.60,0.00,180.23,180.23,0.00,0.00,,,12060 Potranco Road,
"Vega, Estela",Tortillera,9.09,0.0,15.00,136.35,0.00,136.35,0.00,,0.00,0.00,0.00,0.00,,,12060 Potranco Road,
"Velasquez, Lisa",Server,6.46,0.0,3.00,19.38,0.00,19.38,759.07,5.00,130.50,135.50,0.00,0.00,,,12060 Potranco Road,
"quiroz, siri",Host,6.26,0.0,11.00,68.86,0.00,68.86,320.21,0.00,17.94,17.94,0.00,0.00,,,12060 Potranco Road,
"vanenzuela, felix",Cook,7.44,0.0,,,,,0.00,,0.00,0.00,0.00,0.00,,,12060 Potranco Road,
"velasquez, maximilioano",Busser,5.57,0.0,12.00,66.84,0.00,66.84,0.00,,0.00,0.00,0.00,0.00,,,12060 Potranco Road,
