Location,Order #,Opened Date,Server,Table,Discount Name,Discount Reason,Comment,Discount Amount
Tink-a-Tako - Potranco,450,9/13/25 6:33 PM,Lizeth Alonso,,Military Discount,,,0.60
Tink-a-Tako - Potranco,450,9/13/25 6:33 PM,Lizeth Alonso,,Military Discount,,,1.00
Tink-a-Tako - Potranco,437,9/13/25 5:24 PM,Lizeth Alonso,,Police Discount,,,2.50
Tink-a-Tako - Potranco,437,9/13/25 5:24 PM,Lizeth Alonso,,Police Discount,,,1.79
Tink-a-Tako - Potranco,435,9/13/25 5:23 PM,Lizeth Alonso,,Military Discount,,,1.40
Tink-a-Tako - Potranco,435,9/13/25 5:23 PM,Lizeth Alonso,,Military Discount,,,0.80
Tink-a-Tako - Potranco,382,9/13/25 1:45 PM,Isabel Cisneros,,Military Discount,,,1.20
Tink-a-Tako - Potranco,363,9/13/25 1:01 PM,Isabel Cisneros,25,Military Discount,,,0.80
Tink-a-Tako - Potranco,249,9/13/25 11:18 AM,Daniela Torres,,Military Discount,,,0.44
Tink-a-Tako - Potranco,249,9/13/25 11:18 AM,Daniela Torres,,Military Discount,,,0.18
Tink-a-Tako - Potranco,249,9/13/25 11:18 AM,Daniela Torres,,Military Discount,,,0.40
Tink-a-Tako - Potranco,203,9/13/25 10:41 AM,Maria Majana,35,Open % Item,,,1.26
Tink-a-Tako - Potranco,203,9/13/25 10:41 AM,Maria Majana,35,Open % Item,,,0.70
Tink-a-Tako - Potranco,165,9/13/25 10:11 AM,Rosa Compean,19,Open % Item,,,2.00
Tink-a-Tako - Potranco,103,9/13/25 9:21 AM,Daniela Torres,,Military Discount,,,0.40
Tink-a-Tako - Potranco,72,9/13/25 8:55 AM,Silvia Hernandez,18,Open % Item,,,2.00
Tink-a-Tako - Potranco,72,9/13/25 8:55 AM,Silvia Hernandez,18,Open % Item,,,0.20
Tink-a-Tako - Potranco,72,9/13/25 8:55 AM,Silvia Hernandez,18,Open % Item,,,0.40
Tink-a-Tako - Potranco,53,9/13/25 8:34 AM,Mayra Luna,,Manager Comp - Check,,,96.58
Tink-a-Tako - Potranco,23,9/13/25 7:35 AM,Sergio Abundiz,12,Open % Item,,,6.50
Tink-a-Tako - Potranco,23,9/13/25 7:35 AM,Sergio Abundiz,12,Open % Item,,,1.40
Tink-a-Tako - Potranco,23,9/13/25 7:35 AM,Sergio Abundiz,12,Open % Item,,,2.44
Tink-a-Tako - Potranco,23,9/13/25 7:35 AM,Sergio Abundiz,12,Open % Item,,,4.50
Tink-a-Tako - Potranco,1,9/13/25 6:13 AM,Daniela Torres,,Police Discount,,,0.90
Tink-a-Tako - Potranco,1,9/13/25 6:13 AM,Daniela Torres,,Police Discount,,,2.90
Tink-a-Tako - Potranco,1,9/13/25 6:13 AM,Daniela Torres,,Police Discount,,,3.98
