Location,Order #,Opened,# of Guests,Server,Table,Discount Amount,Amount,Tax,Tip,Gratuity
Tink-a-Tako - Potranco,1,9/13/25 6:13 AM,1,Daniela Torres,,7.78,7.76,0.64,0.00,0.00
Tink-a-Tako - Potranco,3,9/13/25 6:45 AM,2,Rosa Compean,25,0.00,9.96,0.82,0.00,0.00
Tink-a-Tako - Potranco,4,9/13/25 6:46 AM,2,Rosa Compean,9,0.00,22.57,1.85,0.00,0.00
Tink-a-Tako - Potranco,5,9/13/25 6:48 AM,1,Rosa Compean,,0.00,15.44,1.26,0.00,0.00
Tink-a-Tako - Potranco,2,9/13/25 6:43 AM,1,Daniela Torres,,0.00,3.58,0.30,1.00,0.00
Tink-a-Tako - Potranco,7,9/13/25 7:01 AM,1,Daniela Torres,,0.00,4.58,0.38,0.00,0.00
Tink-a-Tako - Potranco,8,9/13/25 7:02 AM,1,Rosa Compean,11,0.00,11.77,0.97,0.00,0.00
Tink-a-Tako - Potranco,9,9/13/25 7:08 AM,1,Daniela Torres,,0.00,9.37,0.77,0.00,0.00
Tink-a-Tako - Potranco,10,9/13/25 7:08 AM,1,Daniela Torres,,0.00,9.03,0.74,0.00,0.00
Tink-a-Tako - Potranco,11,9/13/25 7:13 AM,1,Daniela Torres,,0.00,7.56,0.62,2.00,0.00
Tink-a-Tako - Potranco,13,9/13/25 7:16 AM,1,Daniela Torres,,0.00,29.08,2.40,0.00,0.00
Tink-a-Tako - Potranco,12,9/13/25 7:16 AM,2,Rosie  ORDONEZ,17,0.00,25.65,2.11,20.00,0.00
Tink-a-Tako - Potranco,14,9/13/25 7:16 AM,1,Daniela Torres,,0.00,9.78,0.81,0.00,0.00
Tink-a-Tako - Potranco,16,9/13/25 7:18 AM,2,Rosa Compean,33,0.00,29.22,2.41,5.00,0.00
Tink-a-Tako - Potranco,17,9/13/25 7:24 AM,1,Daniela Torres,,0.00,7.97,0.66,0.00,0.00
Tink-a-Tako - Potranco,19,9/13/25 7:26 AM,1,Daniela Torres,,0.00,19.07,1.57,0.00,0.00
Tink-a-Tako - Potranco,18,9/13/25 7:24 AM,1,Daniela Torres,,0.00,9.95,0.82,0.00,0.00
Tink-a-Tako - Potranco,20,9/13/25 7:28 AM,1,Daniela Torres,,0.00,8.78,0.72,0.00,0.00
Tink-a-Tako - Potranco,23,9/13/25 7:35 AM,3,Sergio Abundiz,12,14.84,20.80,1.72,13.00,0.00
Tink-a-Tako - Potranco,25,9/13/25 7:44 AM,1,Daniela Torres,,0.00,10.58,0.87,2.00,0.00
Tink-a-Tako - Potranco,26,9/13/25 7:44 AM,1,Daniela Torres,,0.00,7.08,0.59,1.00,0.00
Tink-a-Tako - Potranco,27,9/13/25 7:45 AM,1,Daniela Torres,,0.00,13.64,1.13,0.00,0.00
Tink-a-Tako - Potranco,28,9/13/25 7:50 AM,1,Daniela Torres,,0.00,6.98,0.58,0.00,0.00
Tink-a-Tako - Potranco,29,9/13/25 7:50 AM,1,Daniela Torres,,0.00,5.37,0.44,0.00,0.00
Tink-a-Tako - Potranco,22,9/13/25 7:33 AM,1,Daniela Torres,,0.00,5.88,0.49,0.00,0.00
Tink-a-Tako - Potranco,30,9/13/25 7:58 AM,1,Daniela Torres,,0.00,9.58,0.79,0.00,0.00
Tink-a-Tako - Potranco,32,9/13/25 8:00 AM,1,Daniela Torres,,0.00,3.78,0.31,1.00,0.00
Tink-a-Tako - Potranco,34,9/13/25 8:08 AM,1,Ivana Abundiz,,0.00,54.78,4.52,0.00,0.00
Tink-a-Tako - Potranco,33,9/13/25 8:06 AM,1,Daniela Torres,,0.00,4.98,0.41,0.00,0.00
Tink-a-Tako - Potranco,36,9/13/25 8:12 AM,2,Esperansa Caviedes,32,0.00,27.29,2.27,5.00,0.00
Tink-a-Tako - Potranco,38,9/13/25 8:15 AM,1,Ivana Abundiz,,0.00,11.41,0.95,0.00,0.00
Tink-a-Tako - Potranco,37,9/13/25 8:15 AM,1,Giselle Cisneross,,0.00,36.88,3.04,0.00,0.00
Tink-a-Tako - Potranco,35,9/13/25 8:11 AM,1,Daniela Torres,,0.00,14.34,1.19,1.00,0.00
Tink-a-Tako - Potranco,39,9/13/25 8:17 AM,2,Maria Majana,25,0.00,26.55,2.18,5.84,0.00
Tink-a-Tako - Potranco,40,9/13/25 8:17 AM,1,Daniela Torres,,0.00,12.94,1.06,2.00,0.00
Tink-a-Tako - Potranco,43,9/13/25 8:24 AM,1,Daniela Torres,,0.00,14.76,1.23,0.00,0.00
Tink-a-Tako - Potranco,45,9/13/25 8:25 AM,1,Silvia Hernandez,24,0.00,10.47,0.86,1.57,0.00
Tink-a-Tako - Potranco,44,9/13/25 8:25 AM,1,Daniela Torres,,0.00,9.68,0.80,0.00,0.00
Tink-a-Tako - Potranco,46,9/13/25 8:26 AM,1,Daniela Torres,,0.00,7.47,0.62,0.00,0.00
Tink-a-Tako - Potranco,42,9/13/25 8:24 AM,1,Ivana Abundiz,,0.00,46.01,3.78,0.00,0.00
Tink-a-Tako - Potranco,47,9/13/25 8:26 AM,1,Daniela Torres,,0.00,3.98,0.33,0.00,0.00
Tink-a-Tako - Potranco,48,9/13/25 8:29 AM,1,Daniela Torres,,0.00,10.83,0.89,0.00,0.00
Tink-a-Tako - Potranco,49,9/13/25 8:31 AM,1,Daniela Torres,,0.00,8.96,0.74,0.00,0.00
Tink-a-Tako - Potranco,50,9/13/25 8:32 AM,1,Daniela Torres,,0.00,7.16,0.59,0.00,0.00
Tink-a-Tako - Potranco,52,9/13/25 8:33 AM,5,Rosa Compean,34,0.00,36.75,3.05,7.00,0.00
Tink-a-Tako - Potranco,53,9/13/25 8:34 AM,1,Mayra Luna,,96.58,0.00,0.00,0.00,0.00
Tink-a-Tako - Potranco,51,9/13/25 8:33 AM,1,Daniela Torres,,0.00,10.88,0.89,0.00,0.00
Tink-a-Tako - Potranco,54,9/13/25 8:35 AM,1,Daniela Torres,,0.00,4.28,0.36,1.00,0.00
Tink-a-Tako - Potranco,57,9/13/25 8:37 AM,2,Sergio Abundiz,22,0.00,23.86,1.96,6.00,0.00
Tink-a-Tako - Potranco,55,9/13/25 8:35 AM,1,Daniela Torres,,0.00,25.14,2.06,0.00,0.00
Tink-a-Tako - Potranco,56,9/13/25 8:37 AM,1,Daniela Torres,,0.00,13.06,1.07,2.00,0.00
Tink-a-Tako - Potranco,58,9/13/25 8:37 AM,4,Isabel Cisneros,19,0.00,55.10,4.57,8.00,0.00
Tink-a-Tako - Potranco,60,9/13/25 8:39 AM,1,Ivana Abundiz,,0.00,15.36,1.27,0.00,0.00
Tink-a-Tako - Potranco,61,9/13/25 8:45 AM,1,Maria Majana,,0.00,12.99,1.07,0.00,0.00
Tink-a-Tako - Potranco,63,9/13/25 8:46 AM,1,Daniela Torres,,0.00,20.04,1.66,0.00,0.00
Tink-a-Tako - Potranco,66,9/13/25 8:49 AM,2,Esperansa Caviedes,9,0.00,11.81,0.97,0.00,0.00
Tink-a-Tako - Potranco,64,9/13/25 8:47 AM,1,Daniela Torres,,0.00,19.14,1.58,0.00,0.00
Tink-a-Tako - Potranco,67,9/13/25 8:51 AM,1,Daniela Torres,,0.00,3.98,0.33,1.00,0.00
Tink-a-Tako - Potranco,68,9/13/25 8:52 AM,1,Daniela Torres,,0.00,30.89,2.56,0.00,0.00
Tink-a-Tako - Potranco,70,9/13/25 8:53 AM,1,Daniela Torres,,0.00,4.18,0.35,0.00,0.00
Tink-a-Tako - Potranco,69,9/13/25 8:53 AM,1,Ivana Abundiz,,0.00,26.05,2.15,0.00,0.00
Tink-a-Tako - Potranco,72,9/13/25 8:55 AM,2,Silvia Hernandez,18,2.60,18.36,1.52,6.00,0.00
Tink-a-Tako - Potranco,71,9/13/25 8:54 AM,1,Daniela Torres,,0.00,12.99,1.07,0.00,0.00
Tink-a-Tako - Potranco,73,9/13/25 8:56 AM,1,Daniela Torres,,0.00,14.75,1.21,0.00,0.00
Tink-a-Tako - Potranco,74,9/13/25 8:58 AM,1,Daniela Torres,,0.00,12.56,1.03,0.00,0.00
Tink-a-Tako - Potranco,76,9/13/25 8:59 AM,1,Maria Majana,22,0.00,24.19,2.01,0.00,0.00
Tink-a-Tako - Potranco,77,9/13/25 8:59 AM,2,Rosa Compean,41,0.00,16.34,1.35,0.00,0.00
Tink-a-Tako - Potranco,75,9/13/25 8:58 AM,1,Daniela Torres,,0.00,26.24,2.17,0.00,0.00
Tink-a-Tako - Potranco,78,9/13/25 9:02 AM,3,Isabel Cisneros,23,0.00,46.23,3.81,7.00,0.00
Tink-a-Tako - Potranco,80,9/13/25 9:03 AM,1,Esperansa Caviedes,1,0.00,11.44,0.95,0.00,0.00
Tink-a-Tako - Potranco,79,9/13/25 9:03 AM,1,Daniela Torres,,0.00,14.15,1.16,0.00,0.00
Tink-a-Tako - Potranco,81,9/13/25 9:03 AM,1,Rosa Compean,,0.00,6.47,0.54,0.00,0.00
Tink-a-Tako - Potranco,82,9/13/25 9:03 AM,1,Daniela Torres,,0.00,9.72,0.80,0.00,0.00
Tink-a-Tako - Potranco,86,9/13/25 9:06 AM,2,Sergio Abundiz,7,0.00,27.11,2.23,5.00,0.00
Tink-a-Tako - Potranco,84,9/13/25 9:05 AM,1,Daniela Torres,,0.00,5.78,0.48,1.00,0.00
Tink-a-Tako - Potranco,89,9/13/25 9:08 AM,2,Esperansa Caviedes,24,0.00,25.41,2.09,10.00,0.00
Tink-a-Tako - Potranco,87,9/13/25 9:08 AM,1,Daniela Torres,,0.00,12.77,1.06,0.00,0.00
Tink-a-Tako - Potranco,88,9/13/25 9:08 AM,2,Maria Majana,3,0.00,45.42,3.74,2.00,0.00
Tink-a-Tako - Potranco,91,9/13/25 9:09 AM,2,Silvia Hernandez,8,0.00,25.66,2.12,5.13,0.00
Tink-a-Tako - Potranco,90,9/13/25 9:08 AM,1,Daniela Torres,,0.00,15.14,1.25,2.00,0.00
Tink-a-Tako - Potranco,92,9/13/25 9:10 AM,1,Daniela Torres,,0.00,6.98,0.58,0.00,0.00
Tink-a-Tako - Potranco,93,9/13/25 9:11 AM,1,Giselle Cisneross,,0.00,38.49,3.19,0.00,0.00
Tink-a-Tako - Potranco,94,9/13/25 9:12 AM,1,Daniela Torres,,0.00,29.46,2.44,2.00,0.00
Tink-a-Tako - Potranco,95,9/13/25 9:13 AM,1,Daniela Torres,,0.00,21.73,1.79,0.00,0.00
Tink-a-Tako - Potranco,96,9/13/25 9:15 AM,1,Daniela Torres,,0.00,25.30,2.09,0.00,0.00
Tink-a-Tako - Potranco,97,9/13/25 9:15 AM,1,Daniela Torres,,0.00,13.45,1.11,0.00,0.00
Tink-a-Tako - Potranco,98,9/13/25 9:15 AM,1,Daniela Torres,,0.00,3.98,0.32,0.00,0.00
Tink-a-Tako - Potranco,99,9/13/25 9:17 AM,1,Daniela Torres,,0.00,12.36,1.02,0.00,0.00
Tink-a-Tako - Potranco,100,9/13/25 9:19 AM,1,Ivana Abundiz,,0.00,9.36,0.77,0.00,0.00
Tink-a-Tako - Potranco,101,9/13/25 9:20 AM,1,Daniela Torres,,0.00,13.99,1.15,0.00,0.00
Tink-a-Tako - Potranco,102,9/13/25 9:20 AM,1,Daniela Torres,,0.00,7.36,0.60,0.00,0.00
Tink-a-Tako - Potranco,103,9/13/25 9:21 AM,1,Daniela Torres,,0.40,3.58,0.30,0.00,0.00
Tink-a-Tako - Potranco,105,9/13/25 9:21 AM,1,Silvia Hernandez,32,0.00,12.16,1.00,0.00,0.00
Tink-a-Tako - Potranco,104,9/13/25 9:21 AM,1,Daniela Torres,,0.00,10.77,0.88,0.00,0.00
Tink-a-Tako - Potranco,106,9/13/25 9:22 AM,1,Daniela Torres,,0.00,24.86,2.04,0.00,0.00
Tink-a-Tako - Potranco,107,9/13/25 9:23 AM,1,Daniela Torres,,0.00,10.27,0.85,0.00,0.00
Tink-a-Tako - Potranco,108,9/13/25 9:24 AM,1,Daniela Torres,,0.00,9.16,0.76,0.00,0.00
Tink-a-Tako - Potranco,109,9/13/25 9:24 AM,2,Isabel Cisneros,10,0.00,40.75,3.37,8.00,0.00
Tink-a-Tako - Potranco,110,9/13/25 9:24 AM,1,Daniela Torres,,0.00,10.77,0.88,0.00,0.00
Tink-a-Tako - Potranco,114,9/13/25 9:31 AM,4,Rosa Compean,20,0.00,48.29,3.97,0.00,0.00
Tink-a-Tako - Potranco,111,9/13/25 9:25 AM,1,Daniela Torres,,0.00,11.95,0.99,0.00,0.00
Tink-a-Tako - Potranco,115,9/13/25 9:31 AM,1,Daniela Torres,,0.00,24.45,2.01,0.00,0.00
Tink-a-Tako - Potranco,116,9/13/25 9:33 AM,1,Daniela Torres,,0.00,11.45,0.95,0.00,0.00
Tink-a-Tako - Potranco,113,9/13/25 9:30 AM,11,Sergio Abundiz,35,0.00,128.15,10.59,0.00,25.63
Tink-a-Tako - Potranco,118,9/13/25 9:34 AM,1,Daniela Torres,,0.00,3.45,0.28,0.00,0.00
Tink-a-Tako - Potranco,120,9/13/25 9:35 AM,1,Ivana Abundiz,,0.00,9.58,0.79,0.00,0.00
Tink-a-Tako - Potranco,121,9/13/25 9:38 AM,2,Esperansa Caviedes,4,0.00,41.89,3.46,8.00,0.00
Tink-a-Tako - Potranco,117,9/13/25 9:33 AM,1,Daniela Torres,,0.00,13.25,1.10,0.00,0.00
Tink-a-Tako - Potranco,122,9/13/25 9:39 AM,1,Daniela Torres,,0.00,9.96,0.82,1.00,0.00
Tink-a-Tako - Potranco,123,9/13/25 9:39 AM,1,Daniela Torres,,0.00,5.97,0.49,0.00,0.00
Tink-a-Tako - Potranco,124,9/13/25 9:40 AM,1,Daniela Torres,,0.00,21.62,1.78,2.00,0.00
Tink-a-Tako - Potranco,125,9/13/25 9:41 AM,1,Daniela Torres,,0.00,6.88,0.56,0.00,0.00
Tink-a-Tako - Potranco,126,9/13/25 9:41 AM,1,Giselle Cisneross,,0.00,0.00,0.00,0.00,0.00
Tink-a-Tako - Potranco,128,9/13/25 9:43 AM,1,Giselle Cisneross,,0.00,3.78,0.31,0.00,0.00
Tink-a-Tako - Potranco,129,9/13/25 9:44 AM,1,Giselle Cisneross,,0.00,38.05,3.13,0.00,0.00
Tink-a-Tako - Potranco,127,9/13/25 9:42 AM,1,Daniela Torres,,0.00,6.38,0.52,0.00,0.00
Tink-a-Tako - Potranco,130,9/13/25 9:45 AM,1,Daniela Torres,,0.00,12.96,1.07,2.00,0.00
Tink-a-Tako - Potranco,132,9/13/25 9:47 AM,1,Ivana Abundiz,,0.00,50.98,4.21,0.00,0.00
Tink-a-Tako - Potranco,133,9/13/25 9:48 AM,1,Ivana Abundiz,,0.00,5.98,0.49,0.00,0.00
Tink-a-Tako - Potranco,131,9/13/25 9:45 AM,1,Daniela Torres,,0.00,13.82,1.14,0.00,0.00
Tink-a-Tako - Potranco,134,9/13/25 9:48 AM,2,Sergio Abundiz,25,0.00,30.75,2.54,0.00,0.00
Tink-a-Tako - Potranco,135,9/13/25 9:48 AM,1,Daniela Torres,,0.00,24.50,2.02,0.00,0.00
Tink-a-Tako - Potranco,136,9/13/25 9:49 AM,1,Daniela Torres,,0.00,17.88,1.47,2.68,0.00
Tink-a-Tako - Potranco,137,9/13/25 9:50 AM,1,Daniela Torres,,0.00,7.23,0.59,1.45,0.00
Tink-a-Tako - Potranco,138,9/13/25 9:51 AM,1,Daniela Torres,,0.00,28.32,2.34,0.00,0.00
Tink-a-Tako - Potranco,140,9/13/25 9:51 AM,2,Esperansa Caviedes,32,0.00,19.72,1.61,0.00,0.00
Tink-a-Tako - Potranco,139,9/13/25 9:51 AM,4,Silvia Hernandez,17,0.00,45.71,3.77,0.00,0.00
Tink-a-Tako - Potranco,141,9/13/25 9:52 AM,1,Daniela Torres,,0.00,8.56,0.71,0.00,0.00
Tink-a-Tako - Potranco,142,9/13/25 9:53 AM,1,Daniela Torres,,0.00,14.16,1.18,2.83,0.00
Tink-a-Tako - Potranco,143,9/13/25 9:54 AM,1,Ivana Abundiz,,0.00,11.96,0.99,2.00,0.00
Tink-a-Tako - Potranco,144,9/13/25 9:54 AM,2,Maria Majana,24,0.00,22.97,1.89,5.00,0.00
Tink-a-Tako - Potranco,145,9/13/25 9:55 AM,1,Daniela Torres,,0.00,11.86,0.98,5.00,0.00
Tink-a-Tako - Potranco,147,9/13/25 9:59 AM,1,Silvia Hernandez,33,0.00,13.68,1.12,3.00,0.00
Tink-a-Tako - Potranco,146,9/13/25 9:59 AM,1,Daniela Torres,,0.00,16.44,1.35,0.00,0.00
Tink-a-Tako - Potranco,149,9/13/25 10:01 AM,1,Daniela Torres,,0.00,24.45,2.02,2.00,0.00
Tink-a-Tako - Potranco,150,9/13/25 10:02 AM,1,Daniela Torres,,0.00,27.27,2.26,0.00,0.00
Tink-a-Tako - Potranco,152,9/13/25 10:03 AM,1,Ivana Abundiz,,0.00,36.33,2.99,0.00,0.00
Tink-a-Tako - Potranco,151,9/13/25 10:03 AM,1,Daniela Torres,,0.00,13.15,1.08,2.00,0.00
Tink-a-Tako - Potranco,155,9/13/25 10:08 AM,2,Isabel Cisneros,23,0.00,29.66,2.44,8.00,0.00
Tink-a-Tako - Potranco,157,9/13/25 10:08 AM,2,Isabel Cisneros,9,0.00,18.12,1.50,0.00,0.00
Tink-a-Tako - Potranco,153,9/13/25 10:05 AM,1,Daniela Torres,,0.00,13.54,1.11,0.00,0.00
Tink-a-Tako - Potranco,158,9/13/25 10:09 AM,2,Esperansa Caviedes,18,0.00,31.79,2.63,6.00,0.00
Tink-a-Tako - Potranco,156,9/13/25 10:08 AM,4,Rosa Compean,9,0.00,56.37,4.65,0.00,0.00
Tink-a-Tako - Potranco,159,9/13/25 10:09 AM,1,Daniela Torres,,0.00,8.97,0.73,0.00,0.00
Tink-a-Tako - Potranco,154,9/13/25 10:07 AM,2,Maria Majana,38,0.00,28.15,2.32,0.00,0.00
Tink-a-Tako - Potranco,160,9/13/25 10:09 AM,1,Daniela Torres,,0.00,15.94,1.31,0.00,0.00
Tink-a-Tako - Potranco,162,9/13/25 10:10 AM,1,Daniela Torres,,0.00,3.98,0.33,0.00,0.00
Tink-a-Tako - Potranco,163,9/13/25 10:10 AM,3,Sergio Abundiz,12,0.00,54.85,4.51,15.00,0.00
Tink-a-Tako - Potranco,167,9/13/25 10:12 AM,1,Daniela Torres,,0.00,1.79,0.15,0.00,0.00
Tink-a-Tako - Potranco,165,9/13/25 10:11 AM,3,Rosa Compean,19,2.00,27.46,2.25,0.00,0.00
Tink-a-Tako - Potranco,161,9/13/25 10:10 AM,1,Giselle Cisneross,,0.00,26.43,2.19,0.00,0.00
Tink-a-Tako - Potranco,168,9/13/25 10:13 AM,2,Rosa Compean,2,0.00,17.57,1.46,0.00,0.00
Tink-a-Tako - Potranco,166,9/13/25 10:12 AM,3,Silvia Hernandez,39,0.00,45.18,3.72,5.00,0.00
Tink-a-Tako - Potranco,164,9/13/25 10:11 AM,1,Daniela Torres,,0.00,12.99,1.07,0.00,0.00
Tink-a-Tako - Potranco,169,9/13/25 10:15 AM,1,Daniela Torres,,0.00,7.97,0.65,0.00,0.00
Tink-a-Tako - Potranco,171,9/13/25 10:16 AM,2,Esperansa Caviedes,22,0.00,34.48,2.84,8.00,0.00
Tink-a-Tako - Potranco,172,9/13/25 10:17 AM,2,Isabel Cisneros,20,0.00,15.96,1.32,2.72,0.00
Tink-a-Tako - Potranco,174,9/13/25 10:18 AM,1,Ivana Abundiz,,0.00,6.78,0.56,0.00,0.00
Tink-a-Tako - Potranco,170,9/13/25 10:16 AM,1,Daniela Torres,,0.00,16.84,1.40,0.00,0.00
Tink-a-Tako - Potranco,175,9/13/25 10:19 AM,1,Daniela Torres,,0.00,16.56,1.36,0.00,0.00
Tink-a-Tako - Potranco,173,9/13/25 10:18 AM,3,Silvia Hernandez,11,0.00,47.28,3.91,20.00,0.00
Tink-a-Tako - Potranco,176,9/13/25 10:19 AM,1,Daniela Torres,,0.00,9.27,0.76,2.00,0.00
Tink-a-Tako - Potranco,177,9/13/25 10:20 AM,1,Daniela Torres,,0.00,6.00,0.50,0.00,0.00
Tink-a-Tako - Potranco,180,9/13/25 10:22 AM,2,Isabel Cisneros,15,0.00,9.98,0.82,0.00,0.00
Tink-a-Tako - Potranco,179,9/13/25 10:21 AM,1,Daniela Torres,,0.00,8.56,0.71,0.00,0.00
Tink-a-Tako - Potranco,181,9/13/25 10:23 AM,4,Rosa Compean,25,0.00,34.56,2.82,5.00,0.00
Tink-a-Tako - Potranco,183,9/13/25 10:24 AM,2,Juan  Camacho,37,0.00,21.81,1.79,0.00,0.00
Tink-a-Tako - Potranco,184,9/13/25 10:25 AM,3,Sergio Abundiz,31,0.00,46.52,3.84,7.50,0.00
Tink-a-Tako - Potranco,186,9/13/25 10:27 AM,3,Rosa Compean,41,0.00,35.84,2.96,7.00,0.00
Tink-a-Tako - Potranco,187,9/13/25 10:28 AM,1,Daniela Torres,,0.00,11.54,0.96,0.00,0.00
Tink-a-Tako - Potranco,185,9/13/25 10:26 AM,2,Maria Majana,24,0.00,29.46,2.44,5.00,0.00
Tink-a-Tako - Potranco,188,9/13/25 10:29 AM,5,Esperansa Caviedes,34,0.00,69.28,5.72,6.00,0.00
Tink-a-Tako - Potranco,189,9/13/25 10:30 AM,1,Daniela Torres,,0.00,12.96,1.07,0.00,0.00
Tink-a-Tako - Potranco,190,9/13/25 10:30 AM,1,Daniela Torres,,0.00,17.12,1.40,0.00,0.00
Tink-a-Tako - Potranco,191,9/13/25 10:31 AM,1,Daniela Torres,,0.00,10.75,0.89,0.00,0.00
Tink-a-Tako - Potranco,192,9/13/25 10:32 AM,1,Daniela Torres,,0.00,0.00,0.00,0.00,0.00
Tink-a-Tako - Potranco,193,9/13/25 10:34 AM,1,Daniela Torres,,0.00,1.99,0.16,0.00,0.00
Tink-a-Tako - Potranco,194,9/13/25 10:34 AM,2,Silvia Hernandez,25,0.00,25.96,2.14,0.00,0.00
Tink-a-Tako - Potranco,182,9/13/25 10:23 AM,1,Daniela Torres,,0.00,14.20,1.17,0.00,0.00
Tink-a-Tako - Potranco,195,9/13/25 10:35 AM,1,Daniela Torres,,0.00,7.37,0.61,0.00,0.00
Tink-a-Tako - Potranco,196,9/13/25 10:36 AM,1,Daniela Torres,,0.00,14.14,1.17,0.00,0.00
Tink-a-Tako - Potranco,198,9/13/25 10:37 AM,1,Daniela Torres,,0.00,3.98,0.32,0.00,0.00
Tink-a-Tako - Potranco,197,9/13/25 10:37 AM,5,Esperansa Caviedes,20,0.00,62.99,5.18,8.00,0.00
Tink-a-Tako - Potranco,199,9/13/25 10:37 AM,1,Daniela Torres,,0.00,6.68,0.55,0.00,0.00
Tink-a-Tako - Potranco,200,9/13/25 10:38 AM,1,Daniela Torres,,0.00,7.78,0.65,0.00,0.00
Tink-a-Tako - Potranco,201,9/13/25 10:39 AM,1,Giselle Cisneross,,0.00,5.97,0.49,0.00,0.00
Tink-a-Tako - Potranco,202,9/13/25 10:39 AM,5,Rosa Compean,42,0.00,75.28,6.18,0.00,0.00
Tink-a-Tako - Potranco,204,9/13/25 10:41 AM,1,Ivana Abundiz,,0.00,7.96,0.66,0.38,0.00
Tink-a-Tako - Potranco,205,9/13/25 10:42 AM,2,Rosa Compean,33,0.00,19.39,1.61,5.00,0.00
Tink-a-Tako - Potranco,208,9/13/25 10:44 AM,1,Ivana Abundiz,,0.00,24.54,2.02,0.00,0.00
Tink-a-Tako - Potranco,209,9/13/25 10:45 AM,2,Isabel Cisneros,7,0.00,34.91,2.87,5.00,0.00
Tink-a-Tako - Potranco,210,9/13/25 10:45 AM,1,Daniela Torres,,0.00,28.68,2.36,4.00,0.00
Tink-a-Tako - Potranco,211,9/13/25 10:46 AM,1,Daniela Torres,,0.00,17.15,1.42,0.00,0.00
Tink-a-Tako - Potranco,213,9/13/25 10:47 AM,2,Silvia Hernandez,17,0.00,26.80,2.19,5.00,0.00
Tink-a-Tako - Potranco,203,9/13/25 10:41 AM,3,Maria Majana,35,1.96,54.55,4.48,0.00,0.00
Tink-a-Tako - Potranco,212,9/13/25 10:47 AM,1,Daniela Torres,,0.00,15.25,1.26,2.00,0.00
Tink-a-Tako - Potranco,214,9/13/25 10:47 AM,2,Silvia Hernandez,18,0.00,28.61,2.37,5.00,0.00
Tink-a-Tako - Potranco,215,9/13/25 10:48 AM,1,Daniela Torres,,0.00,21.00,1.74,0.00,0.00
Tink-a-Tako - Potranco,217,9/13/25 10:53 AM,2,Esperansa Caviedes,39,0.00,25.38,2.09,0.00,0.00
Tink-a-Tako - Potranco,216,9/13/25 10:50 AM,1,Daniela Torres,,0.00,24.35,2.01,0.00,0.00
Tink-a-Tako - Potranco,218,9/13/25 10:53 AM,2,Maria Majana,38,0.00,29.36,2.42,6.00,0.00
Tink-a-Tako - Potranco,220,9/13/25 10:54 AM,1,Daniela Torres,,0.00,9.26,0.77,1.00,0.00
Tink-a-Tako - Potranco,219,9/13/25 10:54 AM,2,Juan  Camacho,2,0.00,30.80,2.54,0.00,0.00
Tink-a-Tako - Potranco,222,9/13/25 10:55 AM,2,Isabel Cisneros,32,0.00,34.15,2.81,0.00,0.00
Tink-a-Tako - Potranco,223,9/13/25 10:55 AM,2,Juan  Camacho,1,0.00,19.21,1.58,2.00,0.00
Tink-a-Tako - Potranco,224,9/13/25 10:56 AM,1,Giselle Cisneross,,0.00,8.78,0.72,0.00,0.00
Tink-a-Tako - Potranco,226,9/13/25 10:59 AM,2,Esperansa Caviedes,22,0.00,36.55,3.00,5.00,0.00
Tink-a-Tako - Potranco,225,9/13/25 10:58 AM,1,Giselle Cisneross,,0.00,27.73,2.28,0.00,0.00
Tink-a-Tako - Potranco,227,9/13/25 10:59 AM,1,Giselle Cisneross,,0.00,24.99,2.06,0.00,0.00
Tink-a-Tako - Potranco,229,9/13/25 11:01 AM,1,Silvia Hernandez,16,0.00,17.08,1.40,10.00,0.00
Tink-a-Tako - Potranco,228,9/13/25 11:01 AM,2,Rosa Compean,36,0.00,23.30,1.90,0.00,0.00
Tink-a-Tako - Potranco,221,9/13/25 10:55 AM,1,Daniela Torres,,0.00,15.05,1.23,2.00,0.00
Tink-a-Tako - Potranco,230,9/13/25 11:02 AM,1,Daniela Torres,,0.00,37.47,3.10,0.00,0.00
Tink-a-Tako - Potranco,232,9/13/25 11:04 AM,1,Daniela Torres,,0.00,45.43,3.74,3.00,0.00
Tink-a-Tako - Potranco,233,9/13/25 11:06 AM,1,Daniela Torres,,0.00,5.57,0.46,0.00,0.00
Tink-a-Tako - Potranco,234,9/13/25 11:06 AM,3,Isabel Cisneros,40,0.00,39.35,3.23,0.00,0.00
Tink-a-Tako - Potranco,231,9/13/25 11:04 AM,2,Silvia Hernandez,21,0.00,41.02,3.38,5.00,0.00
Tink-a-Tako - Potranco,235,9/13/25 11:06 AM,5,Sergio Abundiz,10,0.00,62.70,5.16,10.00,0.00
Tink-a-Tako - Potranco,237,9/13/25 11:07 AM,2,Rosa Compean,23,0.00,32.42,2.66,0.00,0.00
Tink-a-Tako - Potranco,238,9/13/25 11:07 AM,1,Giselle Cisneross,,0.00,33.69,2.79,0.00,0.00
Tink-a-Tako - Potranco,240,9/13/25 11:09 AM,2,Silvia Hernandez,19,0.00,32.41,2.67,0.00,0.00
Tink-a-Tako - Potranco,241,9/13/25 11:10 AM,2,Esperansa Caviedes,37,0.00,26.90,2.21,10.00,0.00
Tink-a-Tako - Potranco,242,9/13/25 11:10 AM,1,Giselle Cisneross,,0.00,3.49,0.29,0.00,0.00
Tink-a-Tako - Potranco,243,9/13/25 11:10 AM,2,Isabel Cisneros,41,0.00,11.65,0.96,3.00,0.00
Tink-a-Tako - Potranco,236,9/13/25 11:06 AM,1,Daniela Torres,,0.00,8.47,0.70,1.00,0.00
Tink-a-Tako - Potranco,244,9/13/25 11:11 AM,1,Daniela Torres,,0.00,13.96,1.14,0.00,0.00
Tink-a-Tako - Potranco,245,9/13/25 11:12 AM,1,Daniela Torres,,0.00,9.42,0.78,0.00,0.00
Tink-a-Tako - Potranco,247,9/13/25 11:17 AM,1,Daniela Torres,,0.00,39.80,3.29,0.00,0.00
Tink-a-Tako - Potranco,248,9/13/25 11:18 AM,1,Juan  Camacho,7,0.00,10.48,0.86,3.00,0.00
Tink-a-Tako - Potranco,249,9/13/25 11:18 AM,1,Daniela Torres,,1.02,9.14,0.76,0.00,0.00
Tink-a-Tako - Potranco,246,9/13/25 11:15 AM,3,Maria Majana,20,0.00,74.85,6.16,2.00,0.00
Tink-a-Tako - Potranco,250,9/13/25 11:19 AM,1,Daniela Torres,,0.00,60.26,4.96,0.00,0.00
Tink-a-Tako - Potranco,252,9/13/25 11:20 AM,4,Rosa Compean,31,0.00,26.89,2.22,0.00,0.00
Tink-a-Tako - Potranco,253,9/13/25 11:25 AM,3,Silvia Hernandez,11,0.00,25.94,2.15,0.00,0.00
Tink-a-Tako - Potranco,254,9/13/25 11:26 AM,2,Esperansa Caviedes,12,0.00,17.98,1.48,2.00,0.00
Tink-a-Tako - Potranco,255,9/13/25 11:27 AM,2,Sergio Abundiz,25,0.00,20.57,1.69,0.00,0.00
Tink-a-Tako - Potranco,251,9/13/25 11:20 AM,1,Daniela Torres,,0.00,10.36,0.85,2.00,0.00
Tink-a-Tako - Potranco,257,9/13/25 11:28 AM,1,Daniela Torres,,0.00,5.57,0.46,0.00,0.00
Tink-a-Tako - Potranco,259,9/13/25 11:29 AM,1,Daniela Torres,,0.00,12.76,1.05,0.00,0.00
Tink-a-Tako - Potranco,260,9/13/25 11:30 AM,1,Daniela Torres,,0.00,12.94,1.07,0.00,0.00
Tink-a-Tako - Potranco,262,9/13/25 11:31 AM,2,Isabel Cisneros,17,0.00,26.75,2.20,3.00,0.00
Tink-a-Tako - Potranco,256,9/13/25 11:28 AM,2,Maria Majana,38,0.00,26.08,2.17,8.00,0.00
Tink-a-Tako - Potranco,261,9/13/25 11:31 AM,1,Daniela Torres,,0.00,6.58,0.55,1.00,0.00
Tink-a-Tako - Potranco,263,9/13/25 11:32 AM,1,Daniela Torres,,0.00,6.68,0.55,0.00,0.00
Tink-a-Tako - Potranco,264,9/13/25 11:33 AM,1,Daniela Torres,,0.00,6.77,0.56,0.00,0.00
Tink-a-Tako - Potranco,265,9/13/25 11:36 AM,1,Daniela Torres,,0.00,7.86,0.65,2.00,0.00
Tink-a-Tako - Potranco,267,9/13/25 11:38 AM,2,Isabel Cisneros,32,0.00,23.37,1.93,0.00,0.00
Tink-a-Tako - Potranco,266,9/13/25 11:37 AM,1,Daniela Torres,,0.00,18.02,1.48,0.00,0.00
Tink-a-Tako - Potranco,268,9/13/25 11:38 AM,1,Silvia Hernandez,1,0.00,18.49,1.53,2.00,0.00
Tink-a-Tako - Potranco,270,9/13/25 11:39 AM,2,Isabel Cisneros,18,0.00,27.94,2.31,0.00,0.00
Tink-a-Tako - Potranco,269,9/13/25 11:38 AM,1,Daniela Torres,,0.00,6.67,0.55,0.00,0.00
Tink-a-Tako - Potranco,271,9/13/25 11:40 AM,1,Daniela Torres,,0.00,22.35,1.85,0.00,0.00
Tink-a-Tako - Potranco,274,9/13/25 11:41 AM,2,Sergio Abundiz,23,0.00,26.67,2.19,6.00,0.00
Tink-a-Tako - Potranco,275,9/13/25 11:42 AM,4,Esperansa Caviedes,7,0.00,55.75,4.59,11.15,0.00
Tink-a-Tako - Potranco,272,9/13/25 11:40 AM,1,Daniela Torres,,0.00,15.05,1.24,1.00,0.00
Tink-a-Tako - Potranco,276,9/13/25 11:43 AM,4,Rosa Compean,9,0.00,45.74,3.75,9.15,0.00
Tink-a-Tako - Potranco,278,9/13/25 11:44 AM,1,Daniela Torres,,0.00,7.23,0.59,0.00,0.00
Tink-a-Tako - Potranco,279,9/13/25 11:45 AM,2,Maria Majana,35,0.00,19.77,1.62,0.00,0.00
Tink-a-Tako - Potranco,280,9/13/25 11:48 AM,1,Daniela Torres,,0.00,25.13,2.06,0.00,0.00
Tink-a-Tako - Potranco,281,9/13/25 11:49 AM,1,Daniela Torres,,0.00,20.10,1.66,0.00,0.00
Tink-a-Tako - Potranco,283,9/13/25 11:50 AM,1,Isabel Cisneros,37,0.00,14.07,1.15,3.00,0.00
Tink-a-Tako - Potranco,282,9/13/25 11:50 AM,1,Daniela Torres,,0.00,17.73,1.46,0.00,0.00
Tink-a-Tako - Potranco,285,9/13/25 11:52 AM,2,Rosa Compean,39,0.00,64.33,5.28,5.46,0.00
Tink-a-Tako - Potranco,286,9/13/25 11:52 AM,2,Silvia Hernandez,41,0.00,22.95,1.90,0.00,0.00
Tink-a-Tako - Potranco,287,9/13/25 11:53 AM,3,Silvia Hernandez,34,0.00,28.36,2.35,0.00,0.00
Tink-a-Tako - Potranco,284,9/13/25 11:52 AM,1,Daniela Torres,,0.00,50.72,4.18,0.00,0.00
Tink-a-Tako - Potranco,288,9/13/25 11:55 AM,1,Maria Majana,4,0.00,8.24,0.68,0.00,0.00
Tink-a-Tako - Potranco,289,9/13/25 11:55 AM,2,Esperansa Caviedes,33,0.00,9.18,0.76,0.00,0.00
Tink-a-Tako - Potranco,290,9/13/25 11:57 AM,1,Silvia Hernandez,26,0.00,7.77,0.64,0.00,0.00
Tink-a-Tako - Potranco,291,9/13/25 11:57 AM,1,Daniela Torres,,0.00,17.78,1.46,3.00,0.00
Tink-a-Tako - Potranco,294,9/13/25 11:58 AM,2,Isabel Cisneros,2,0.00,30.67,2.52,5.00,0.00
Tink-a-Tako - Potranco,293,9/13/25 11:58 AM,1,Daniela Torres,,0.00,3.98,0.32,0.00,0.00
Tink-a-Tako - Potranco,297,9/13/25 12:01 PM,2,Rosa Compean,1,0.00,21.50,1.77,0.00,0.00
Tink-a-Tako - Potranco,299,9/13/25 12:02 PM,1,Giselle Cisneross,,0.00,4.58,0.38,1.00,0.00
Tink-a-Tako - Potranco,298,9/13/25 12:02 PM,1,Ivana Abundiz,,0.00,10.36,0.85,2.00,0.00
Tink-a-Tako - Potranco,295,9/13/25 11:59 AM,1,Daniela Torres,,0.00,12.62,1.04,2.50,0.00
Tink-a-Tako - Potranco,300,9/13/25 12:03 PM,1,Daniela Torres,,0.00,12.96,1.07,0.00,0.00
Tink-a-Tako - Potranco,296,9/13/25 12:01 PM,2,Maria Majana,22,0.00,44.96,3.70,0.00,0.00
Tink-a-Tako - Potranco,302,9/13/25 12:05 PM,2,Esperansa Caviedes,15,0.00,15.96,1.32,0.00,0.00
Tink-a-Tako - Potranco,301,9/13/25 12:04 PM,1,Daniela Torres,,0.00,14.32,1.18,0.00,0.00
Tink-a-Tako - Potranco,304,9/13/25 12:07 PM,5,Sergio Abundiz,42,0.00,76.00,6.25,15.20,0.00
Tink-a-Tako - Potranco,303,9/13/25 12:06 PM,1,Daniela Torres,,0.00,26.20,2.16,2.00,0.00
Tink-a-Tako - Potranco,305,9/13/25 12:09 PM,1,Daniela Torres,,0.00,5.79,0.48,0.00,0.00
Tink-a-Tako - Potranco,307,9/13/25 12:12 PM,2,Isabel Cisneros,21,0.00,31.88,2.62,0.00,0.00
Tink-a-Tako - Potranco,306,9/13/25 12:10 PM,1,Daniela Torres,,0.00,1.99,0.16,0.00,0.00
Tink-a-Tako - Potranco,308,9/13/25 12:14 PM,1,Daniela Torres,,0.00,5.77,0.48,0.00,0.00
Tink-a-Tako - Potranco,310,9/13/25 12:14 PM,1,Rosa Compean,,0.00,15.90,1.31,0.00,0.00
Tink-a-Tako - Potranco,312,9/13/25 12:15 PM,2,Silvia Hernandez,19,0.00,25.98,2.14,2.00,0.00
Tink-a-Tako - Potranco,315,9/13/25 12:17 PM,2,Esperansa Caviedes,12,0.00,29.59,2.45,0.00,0.00
Tink-a-Tako - Potranco,309,9/13/25 12:14 PM,1,Daniela Torres,,0.00,23.81,1.95,0.00,0.00
Tink-a-Tako - Potranco,314,9/13/25 12:16 PM,4,Silvia Hernandez,18,0.00,27.66,2.27,4.15,0.00
Tink-a-Tako - Potranco,317,9/13/25 12:18 PM,2,Rosa Compean,40,0.00,38.22,3.14,4.00,0.00
Tink-a-Tako - Potranco,316,9/13/25 12:17 PM,2,Maria Majana,17,0.00,27.45,2.26,10.00,0.00
Tink-a-Tako - Potranco,318,9/13/25 12:18 PM,1,Daniela Torres,,0.00,22.56,1.86,0.00,0.00
Tink-a-Tako - Potranco,319,9/13/25 12:20 PM,1,Daniela Torres,,0.00,5.98,0.49,0.00,0.00
Tink-a-Tako - Potranco,322,9/13/25 12:21 PM,2,Silvia Hernandez,38,0.00,22.96,1.90,0.00,0.00
Tink-a-Tako - Potranco,320,9/13/25 12:21 PM,1,Daniela Torres,,0.00,21.36,1.76,0.00,0.00
Tink-a-Tako - Potranco,321,9/13/25 12:21 PM,3,Juan  Camacho,3,0.00,27.77,2.29,3.00,0.00
Tink-a-Tako - Potranco,326,9/13/25 12:25 PM,1,Juan  Camacho,32,0.00,16.68,1.37,0.00,0.00
Tink-a-Tako - Potranco,324,9/13/25 12:25 PM,1,Daniela Torres,,0.00,32.33,2.66,0.00,0.00
Tink-a-Tako - Potranco,325,9/13/25 12:25 PM,1,Daniela Torres,,0.00,4.89,0.40,0.00,0.00
Tink-a-Tako - Potranco,328,9/13/25 12:27 PM,2,Isabel Cisneros,9,0.00,25.43,2.10,0.00,0.00
Tink-a-Tako - Potranco,327,9/13/25 12:26 PM,1,Daniela Torres,,0.00,3.58,0.30,1.00,0.00
Tink-a-Tako - Potranco,329,9/13/25 12:27 PM,1,Daniela Torres,,0.00,19.01,1.56,0.00,0.00
Tink-a-Tako - Potranco,330,9/13/25 12:28 PM,4,Sergio Abundiz,1,0.00,76.52,6.30,10.00,0.00
Tink-a-Tako - Potranco,331,9/13/25 12:29 PM,1,Daniela Torres,,0.00,16.66,1.37,0.00,0.00
Tink-a-Tako - Potranco,333,9/13/25 12:31 PM,1,Daniela Torres,,0.00,3.98,0.32,0.00,0.00
Tink-a-Tako - Potranco,335,9/13/25 12:32 PM,2,Esperansa Caviedes,8,0.00,23.43,1.93,0.00,0.00
Tink-a-Tako - Potranco,334,9/13/25 12:32 PM,1,Daniela Torres,,0.00,17.97,1.48,0.00,0.00
Tink-a-Tako - Potranco,336,9/13/25 12:33 PM,1,Juan  Camacho,37,0.00,23.17,1.91,0.00,0.00
Tink-a-Tako - Potranco,337,9/13/25 12:33 PM,1,Daniela Torres,,0.00,12.97,1.07,0.00,0.00
Tink-a-Tako - Potranco,332,9/13/25 12:30 PM,3,Rosa Compean,23,0.00,55.58,4.59,0.00,0.00
Tink-a-Tako - Potranco,338,9/13/25 12:33 PM,2,Isabel Cisneros,11,0.00,27.64,2.28,6.08,0.00
Tink-a-Tako - Potranco,339,9/13/25 12:34 PM,1,Daniela Torres,,0.00,34.12,2.80,0.00,0.00
Tink-a-Tako - Potranco,341,9/13/25 12:34 PM,1,Daniela Torres,,0.00,3.58,0.30,0.00,0.00
Tink-a-Tako - Potranco,340,9/13/25 12:34 PM,1,Giselle Cisneross,,0.00,12.43,1.03,0.00,0.00
Tink-a-Tako - Potranco,343,9/13/25 12:35 PM,2,Maria Majana,7,0.00,40.91,3.36,6.73,0.00
Tink-a-Tako - Potranco,347,9/13/25 12:41 PM,4,Silvia Hernandez,31,0.00,65.42,5.40,0.00,0.00
Tink-a-Tako - Potranco,346,9/13/25 12:41 PM,1,Ivana Abundiz,,0.00,3.58,0.30,0.00,0.00
Tink-a-Tako - Potranco,342,9/13/25 12:35 PM,1,Daniela Torres,,0.00,5.98,0.49,0.00,0.00
Tink-a-Tako - Potranco,348,9/13/25 12:41 PM,1,Ivana Abundiz,,0.00,21.00,1.74,0.00,0.00
Tink-a-Tako - Potranco,345,9/13/25 12:40 PM,4,Juan  Camacho,4,0.00,71.05,5.85,10.00,0.00
Tink-a-Tako - Potranco,350,9/13/25 12:45 PM,4,Isabel Cisneros,35,0.00,41.51,3.43,0.00,0.00
Tink-a-Tako - Potranco,349,9/13/25 12:42 PM,1,Daniela Torres,,0.00,21.10,1.74,2.00,0.00
Tink-a-Tako - Potranco,352,9/13/25 12:48 PM,2,Rosa Compean,2,0.00,32.12,2.64,6.00,0.00
Tink-a-Tako - Potranco,351,9/13/25 12:47 PM,1,Daniela Torres,,0.00,10.99,0.91,0.00,0.00
Tink-a-Tako - Potranco,353,9/13/25 12:49 PM,1,Daniela Torres,,0.00,50.52,4.17,0.00,0.00
Tink-a-Tako - Potranco,354,9/13/25 12:50 PM,2,Sergio Abundiz,15,0.00,8.96,0.74,6.00,0.00
Tink-a-Tako - Potranco,355,9/13/25 12:50 PM,2,Esperansa Caviedes,41,0.00,13.98,1.16,0.00,0.00
Tink-a-Tako - Potranco,357,9/13/25 12:52 PM,1,Esperansa Caviedes,33,0.00,4.39,0.36,0.00,0.00
Tink-a-Tako - Potranco,356,9/13/25 12:51 PM,1,Daniela Torres,,0.00,3.78,0.31,0.00,0.00
Tink-a-Tako - Potranco,358,9/13/25 12:57 PM,1,Giselle Cisneross,,0.00,10.66,0.88,0.00,0.00
Tink-a-Tako - Potranco,359,9/13/25 12:57 PM,1,Daniela Torres,,0.00,31.56,2.61,0.00,0.00
Tink-a-Tako - Potranco,363,9/13/25 1:01 PM,2,Isabel Cisneros,25,0.80,21.17,1.75,3.00,0.00
Tink-a-Tako - Potranco,364,9/13/25 1:01 PM,3,Rosa Compean,17,0.00,47.56,3.90,2.00,0.00
Tink-a-Tako - Potranco,362,9/13/25 1:01 PM,4,Silvia Hernandez,22,0.00,66.41,5.46,0.00,0.00
Tink-a-Tako - Potranco,361,9/13/25 12:58 PM,1,Daniela Torres,,0.00,13.54,1.12,0.00,0.00
Tink-a-Tako - Potranco,366,9/13/25 1:05 PM,2,Silvia Hernandez,16,0.00,42.26,3.47,0.00,0.00
Tink-a-Tako - Potranco,365,9/13/25 1:04 PM,1,Daniela Torres,,0.00,18.43,1.52,2.00,0.00
Tink-a-Tako - Potranco,367,9/13/25 1:08 PM,1,Daniela Torres,,0.00,17.56,1.45,0.00,0.00
Tink-a-Tako - Potranco,370,9/13/25 1:17 PM,2,Esperansa Caviedes,18,0.00,21.63,1.78,0.00,0.00
Tink-a-Tako - Potranco,371,9/13/25 1:20 PM,2,Maria Majana,32,0.00,17.93,1.48,0.00,0.00
Tink-a-Tako - Potranco,372,9/13/25 1:22 PM,1,Daniela Torres,,0.00,48.63,4.01,0.00,0.00
Tink-a-Tako - Potranco,373,9/13/25 1:23 PM,2,Silvia Hernandez,33,0.00,35.38,2.90,5.00,0.00
Tink-a-Tako - Potranco,374,9/13/25 1:28 PM,1,Ivana Abundiz,,0.00,0.00,0.00,0.00,0.00
Tink-a-Tako - Potranco,375,9/13/25 1:29 PM,2,Ivana Abundiz,38,0.00,26.44,2.17,0.00,0.00
Tink-a-Tako - Potranco,368,9/13/25 1:11 PM,1,Daniela Torres,,0.00,14.37,1.19,1.00,0.00
Tink-a-Tako - Potranco,376,9/13/25 1:30 PM,1,Daniela Torres,,0.00,32.54,2.67,2.00,0.00
Tink-a-Tako - Potranco,378,9/13/25 1:39 PM,2,Juan  Camacho,24,0.00,29.88,2.46,0.00,0.00
Tink-a-Tako - Potranco,377,9/13/25 1:36 PM,1,Daniela Torres,,0.00,4.89,0.40,0.00,0.00
Tink-a-Tako - Potranco,381,9/13/25 1:43 PM,1,Giselle Cisneross,37,0.00,15.97,1.32,0.00,0.00
Tink-a-Tako - Potranco,380,9/13/25 1:42 PM,1,Rosa Compean,,0.00,0.00,0.00,0.00,0.00
Tink-a-Tako - Potranco,382,9/13/25 1:45 PM,1,Isabel Cisneros,,1.20,17.27,1.42,0.00,0.00
Tink-a-Tako - Potranco,384,9/13/25 1:48 PM,1,Lizeth Alonso,,0.00,9.99,0.82,0.00,0.00
Tink-a-Tako - Potranco,385,9/13/25 1:51 PM,3,Sergio Abundiz,42,0.00,39.87,3.27,0.00,0.00
Tink-a-Tako - Potranco,386,9/13/25 1:55 PM,6,Juan  Camacho,34,0.00,83.01,6.83,14.56,16.60
Tink-a-Tako - Potranco,387,9/13/25 1:58 PM,1,Lizeth Alonso,,0.00,17.18,1.41,0.00,0.00
Tink-a-Tako - Potranco,388,9/13/25 2:01 PM,1,Lizeth Alonso,,0.00,20.97,1.73,0.00,0.00
Tink-a-Tako - Potranco,390,9/13/25 2:01 PM,3,Sergio Abundiz,32,0.00,46.59,3.83,8.00,0.00
Tink-a-Tako - Potranco,391,9/13/25 2:12 PM,1,Lizeth Alonso,,0.00,21.13,1.73,0.00,0.00
Tink-a-Tako - Potranco,393,9/13/25 2:17 PM,2,Juan  Camacho,3,0.00,40.35,3.32,0.00,0.00
Tink-a-Tako - Potranco,394,9/13/25 2:19 PM,1,Lizeth Alonso,,0.00,32.58,2.67,2.00,0.00
Tink-a-Tako - Potranco,395,9/13/25 2:21 PM,2,Juan  Camacho,39,0.00,39.16,3.23,0.00,0.00
Tink-a-Tako - Potranco,397,9/13/25 2:25 PM,2,Juan  Camacho,18,0.00,37.04,3.05,0.00,0.00
Tink-a-Tako - Potranco,398,9/13/25 2:25 PM,2,Juan  Camacho,9,0.00,30.58,2.52,0.00,0.00
Tink-a-Tako - Potranco,396,9/13/25 2:24 PM,7,Sergio Abundiz,10,0.00,76.11,6.27,18.00,15.22
Tink-a-Tako - Potranco,399,9/13/25 2:27 PM,1,Lizeth Alonso,,0.00,11.65,0.96,0.00,0.00
Tink-a-Tako - Potranco,400,9/13/25 2:30 PM,1,Lizeth Alonso,,0.00,5.97,0.49,0.00,0.00
Tink-a-Tako - Potranco,401,9/13/25 2:36 PM,1,Lizeth Alonso,,0.00,11.55,0.96,0.00,0.00
Tink-a-Tako - Potranco,402,9/13/25 2:39 PM,1,Juan  Camacho,36,0.00,11.98,0.99,0.00,0.00
Tink-a-Tako - Potranco,404,9/13/25 2:48 PM,1,Lizeth Alonso,,0.00,5.37,0.44,0.00,0.00
Tink-a-Tako - Potranco,406,9/13/25 2:50 PM,1,Lizeth Alonso,,0.00,10.36,0.85,0.00,0.00
Tink-a-Tako - Potranco,408,9/13/25 3:00 PM,1,Lizeth Alonso,,0.00,8.78,0.72,0.00,0.00
Tink-a-Tako - Potranco,409,9/13/25 3:17 PM,2,Juan  Camacho,23,0.00,25.75,2.13,0.00,0.00
Tink-a-Tako - Potranco,410,9/13/25 3:17 PM,5,Sergio Abundiz,34,0.00,71.93,5.91,5.00,0.00
Tink-a-Tako - Potranco,411,9/13/25 3:32 PM,1,Lizeth Alonso,,0.00,7.98,0.66,0.00,0.00
Tink-a-Tako - Potranco,413,9/13/25 3:37 PM,2,Juan  Camacho,24,0.00,36.07,2.96,8.00,0.00
Tink-a-Tako - Potranco,412,9/13/25 3:35 PM,1,Lizeth Alonso,,0.00,3.98,0.33,0.00,0.00
Tink-a-Tako - Potranco,414,9/13/25 3:43 PM,2,Juan  Camacho,25,0.00,19.88,1.63,0.00,0.00
Tink-a-Tako - Potranco,415,9/13/25 3:46 PM,1,Juan  Camacho,,0.00,64.95,5.36,0.00,0.00
Tink-a-Tako - Potranco,416,9/13/25 3:48 PM,2,Sergio Abundiz,7,0.00,36.67,3.02,15.00,0.00
Tink-a-Tako - Potranco,417,9/13/25 3:54 PM,1,Lizeth Alonso,,0.00,39.16,3.23,5.61,0.00
Tink-a-Tako - Potranco,418,9/13/25 3:57 PM,2,Sergio Abundiz,9,0.00,27.70,2.28,4.00,0.00
Tink-a-Tako - Potranco,419,9/13/25 4:02 PM,3,Juan  Camacho,4,0.00,46.23,3.82,7.50,0.00
Tink-a-Tako - Potranco,421,9/13/25 4:05 PM,2,Sergio Abundiz,32,0.00,28.95,2.39,0.00,0.00
Tink-a-Tako - Potranco,422,9/13/25 4:09 PM,1,Juan  Camacho,33,0.00,17.69,1.45,0.00,0.00
Tink-a-Tako - Potranco,423,9/13/25 4:13 PM,1,Lizeth Alonso,,0.00,0.00,0.00,0.00,0.00
Tink-a-Tako - Potranco,424,9/13/25 4:16 PM,1,Lizeth Alonso,,0.00,21.95,1.81,3.00,0.00
Tink-a-Tako - Potranco,425,9/13/25 4:16 PM,2,Sergio Abundiz,1,0.00,42.13,3.47,0.00,0.00
Tink-a-Tako - Potranco,426,9/13/25 4:17 PM,2,Juan  Camacho,37,0.00,20.26,1.68,0.00,0.00
Tink-a-Tako - Potranco,427,9/13/25 4:21 PM,1,Juan  Camacho,,0.00,12.97,1.07,0.00,0.00
Tink-a-Tako - Potranco,405,9/13/25 2:49 PM,1,Lizeth Alonso,,0.00,8.97,0.74,1.29,0.00
Tink-a-Tako - Potranco,430,9/13/25 4:27 PM,1,Juan  Camacho,36,0.00,6.37,0.52,5.00,0.00
Tink-a-Tako - Potranco,431,9/13/25 4:30 PM,4,Sergio Abundiz,22,0.00,65.79,5.41,0.00,0.00
Tink-a-Tako - Potranco,432,9/13/25 4:35 PM,1,Giselle Cisneross,,0.00,0.00,0.00,0.00,0.00
Tink-a-Tako - Potranco,433,9/13/25 5:11 PM,2,Sergio Abundiz,25,0.00,34.54,2.85,2.00,0.00
Tink-a-Tako - Potranco,434,9/13/25 5:21 PM,2,Sergio Abundiz,8,0.00,40.86,3.36,5.00,0.00
Tink-a-Tako - Potranco,435,9/13/25 5:23 PM,1,Lizeth Alonso,,2.20,19.78,1.63,0.00,0.00
Tink-a-Tako - Potranco,436,9/13/25 5:24 PM,1,Lizeth Alonso,,0.00,13.67,1.12,0.00,0.00
Tink-a-Tako - Potranco,437,9/13/25 5:24 PM,1,Lizeth Alonso,,4.29,8.27,0.69,0.00,0.00
Tink-a-Tako - Potranco,438,9/13/25 5:27 PM,1,Lizeth Alonso,,0.00,21.98,1.81,0.00,0.00
Tink-a-Tako - Potranco,440,9/13/25 5:53 PM,1,Lizeth Alonso,,0.00,22.98,1.90,0.00,0.00
Tink-a-Tako - Potranco,441,9/13/25 5:55 PM,2,Sergio Abundiz,11,0.00,13.21,1.09,0.00,0.00
Tink-a-Tako - Potranco,442,9/13/25 5:55 PM,1,Lizeth Alonso,,0.00,14.16,1.17,0.00,0.00
Tink-a-Tako - Potranco,443,9/13/25 5:57 PM,2,Sergio Abundiz,33,0.00,25.90,2.13,0.00,0.00
Tink-a-Tako - Potranco,444,9/13/25 6:03 PM,1,Lizeth Alonso,,0.00,12.99,1.07,0.00,0.00
Tink-a-Tako - Potranco,445,9/13/25 6:13 PM,1,Giselle Cisneross,,0.00,6.00,0.50,0.00,0.00
Tink-a-Tako - Potranco,446,9/13/25 6:15 PM,1,Lizeth Alonso,,0.00,20.42,1.68,0.00,0.00
Tink-a-Tako - Potranco,447,9/13/25 6:22 PM,2,Sergio Abundiz,41,0.00,17.26,1.42,3.00,0.00
Tink-a-Tako - Potranco,448,9/13/25 6:27 PM,1,Lizeth Alonso,,0.00,12.78,1.06,0.00,0.00
Tink-a-Tako - Potranco,449,9/13/25 6:29 PM,2,Juan  Camacho,25,0.00,21.74,1.79,0.00,0.00
Tink-a-Tako - Potranco,452,9/13/25 6:35 PM,2,Juan  Camacho,4,0.00,49.34,4.07,7.00,0.00
Tink-a-Tako - Potranco,450,9/13/25 6:33 PM,1,Lizeth Alonso,,1.60,14.38,1.18,3.00,0.00
Tink-a-Tako - Potranco,454,9/13/25 6:42 PM,2,Giselle Cisneross,23,0.00,41.85,3.44,0.00,0.00
Tink-a-Tako - Potranco,455,9/13/25 6:44 PM,1,Lizeth Alonso,,0.00,28.13,2.33,0.00,0.00
Tink-a-Tako - Potranco,456,9/13/25 6:54 PM,2,Juan  Camacho,42,0.00,47.96,3.96,7.00,0.00
Tink-a-Tako - Potranco,457,9/13/25 7:02 PM,1,Lizeth Alonso,,0.00,10.99,0.91,0.00,0.00
Tink-a-Tako - Potranco,458,9/13/25 7:04 PM,1,Mayra Luna,,0.00,11.99,0.99,0.00,0.00
Tink-a-Tako - Potranco,459,9/13/25 7:07 PM,2,Sergio Abundiz,7,0.00,30.68,2.52,5.00,0.00
Tink-a-Tako - Potranco,460,9/13/25 7:11 PM,2,Sergio Abundiz,10,0.00,37.10,3.06,0.00,0.00
Tink-a-Tako - Potranco,461,9/13/25 7:12 PM,4,Juan  Camacho,31,0.00,30.26,2.49,4.00,0.00
Tink-a-Tako - Potranco,463,9/13/25 7:15 PM,1,Lizeth Alonso,,0.00,34.35,2.82,3.00,0.00
Tink-a-Tako - Potranco,464,9/13/25 7:18 PM,1,Lizeth Alonso,,0.00,3.45,0.28,0.00,0.00
Tink-a-Tako - Potranco,465,9/13/25 7:19 PM,4,Juan  Camacho,22,0.00,79.38,6.55,10.00,0.00
Tink-a-Tako - Potranco,466,9/13/25 7:25 PM,2,Sergio Abundiz,15,0.00,34.02,2.81,7.00,0.00
Tink-a-Tako - Potranco,467,9/13/25 7:26 PM,2,Sergio Abundiz,12,0.00,26.67,2.19,4.00,0.00
Tink-a-Tako - Potranco,468,9/13/25 7:28 PM,1,Lizeth Alonso,,0.00,25.98,2.14,0.00,0.00
Tink-a-Tako - Potranco,469,9/13/25 7:39 PM,3,Sergio Abundiz,17,0.00,25.95,2.14,0.00,0.00
Tink-a-Tako - Potranco,471,9/13/25 7:43 PM,1,Lizeth Alonso,,0.00,11.55,0.95,0.00,0.00
Tink-a-Tako - Potranco,470,9/13/25 7:41 PM,1,Mayra Luna,,0.00,65.01,5.35,0.00,0.00
Tink-a-Tako - Potranco,472,9/13/25 7:44 PM,2,Juan  Camacho,24,0.00,50.85,4.18,8.00,0.00
Tink-a-Tako - Potranco,473,9/13/25 7:46 PM,1,Juan  Camacho,37,0.00,17.37,1.42,10.00,0.00
Tink-a-Tako - Potranco,474,9/13/25 7:51 PM,2,Sergio Abundiz,32,0.00,16.78,1.39,0.00,0.00
Tink-a-Tako - Potranco,475,9/13/25 8:22 PM,1,Mayra Luna,,0.00,0.00,0.00,0.00,0.00
Tink-a-Tako - Potranco,476,9/13/25 8:33 PM,1,Lizeth Alonso,,0.00,20.04,1.65,0.00,0.00
Tink-a-Tako - Potranco,477,9/13/25 8:44 PM,1,Juan  Camacho,35,0.00,23.98,1.98,0.00,0.00
Tink-a-Tako - Potranco,478,9/13/25 9:05 PM,1,Lizeth Alonso,,0.00,9.99,0.82,0.00,0.00
Tink-a-Tako - Potranco,480,9/13/25 9:44 PM,1,Lizeth Alonso,,0.00,18.36,1.51,0.00,0.00
