Location,Server,Check #,Table,Station,Expediter Level,Fired Date,Fulfilled Date,Fulfillment Time,Fulfilled By
2919 Blanco Rd,Maria  Salazar,56,,,1,9/18/25 7:40 AM,9/18/25 8:01 AM,21 minutes and 1 second,Cinthia Patlan
2919 Blanco Rd,PM Cashier C,6,,,1,9/18/25 6:09 AM,9/18/25 8:01 AM,"1 hour, 52 minutes and 40 seconds",Cinthia Patlan
2919 Blanco Rd,samantha lopez,43,11,,1,9/18/25 7:19 AM,9/18/25 8:01 AM,41 minutes and 58 seconds,Cinthia Patlan
2919 Blanco Rd,Maria  Salazar,57,,,1,9/18/25 7:41 AM,9/18/25 8:01 AM,20 minutes and 35 seconds,Cinthia Patlan
2919 Blanco Rd,Maria  Salazar,7,,,1,9/18/25 6:33 AM,9/18/25 8:01 AM,"1 hour, 28 minutes and 33 seconds",Cinthia Patlan
2919 Blanco Rd,Maria  Salazar,8,17,,1,9/18/25 6:13 AM,9/18/25 8:01 AM,"1 hour, 47 minutes and 58 seconds",Cinthia Patlan
2919 Blanco Rd,Maria  Salazar,31,,,1,9/18/25 7:01 AM,9/18/25 8:01 AM,1 hour and 45 seconds,Cinthia Patlan
2919 Blanco Rd,Maria  Salazar,2,,,1,9/18/25 6:08 AM,9/18/25 8:01 AM,"1 hour, 53 minutes and 10 seconds",Cinthia Patlan
2919 Blanco Rd,PM Cashier C,14,,,1,9/18/25 6:27 AM,9/18/25 8:01 AM,"1 hour, 34 minutes and 25 seconds",Cinthia Patlan
2919 Blanco Rd,Maria  Salazar,26,,,1,9/18/25 6:55 AM,9/18/25 8:03 AM,"1 hour, 8 minutes and 7 seconds",Cinthia Patlan
2919 Blanco Rd,Maria  Salazar,65,,,1,9/18/25 7:44 AM,9/18/25 8:03 AM,18 minutes and 46 seconds,Cinthia Patlan
2919 Blanco Rd,Maria  Salazar,32,,,1,9/18/25 7:11 AM,9/18/25 8:03 AM,52 minutes and 29 seconds,Cinthia Patlan
2919 Blanco Rd,Maria  Salazar,46,,,1,9/18/25 7:23 AM,9/18/25 8:03 AM,39 minutes and 41 seconds,Cinthia Patlan
2919 Blanco Rd,Maria  Salazar,64,,,1,9/18/25 7:44 AM,9/18/25 8:03 AM,19 minutes and 11 seconds,Cinthia Patlan
2919 Blanco Rd,Maria  Salazar,77,,,1,9/18/25 7:53 AM,9/18/25 8:03 AM,10 minutes and 4 seconds,Cinthia Patlan
2919 Blanco Rd,Maria  Salazar,60,,,1,9/18/25 7:43 AM,9/18/25 8:03 AM,19 minutes and 36 seconds,Cinthia Patlan
2919 Blanco Rd,Maria  Salazar,79,,,1,9/18/25 7:54 AM,9/18/25 8:03 AM,9 minutes and 35 seconds,Cinthia Patlan
2919 Blanco Rd,Maria  Salazar,72,,,1,9/18/25 7:49 AM,9/18/25 8:03 AM,14 minutes,Cinthia Patlan
2919 Blanco Rd,Maria  Salazar,73,,,1,9/18/25 7:51 AM,9/18/25 8:03 AM,11 minutes and 42 seconds,Cinthia Patlan
2919 Blanco Rd,Maria  Salazar,80,,,1,9/18/25 7:55 AM,9/18/25 8:03 AM,7 minutes and 42 seconds,Cinthia Patlan
2919 Blanco Rd,Maria  Salazar,86,,,1,9/18/25 7:58 AM,9/18/25 8:03 AM,5 minutes and 20 seconds,Cinthia Patlan
2919 Blanco Rd,Maria  Salazar,97,,,1,9/18/25 8:26 AM,9/18/25 9:15 AM,49 minutes and 5 seconds,Cinthia Patlan
2919 Blanco Rd,samantha lopez,136,6,,1,9/18/25 9:01 AM,9/18/25 9:15 AM,14 minutes and 21 seconds,Cinthia Patlan
2919 Blanco Rd,Maria  Salazar,134,,,1,9/18/25 9:00 AM,9/18/25 9:15 AM,14 minutes and 49 seconds,Cinthia Patlan
2919 Blanco Rd,Maria  Salazar,96,,,1,9/18/25 8:08 AM,9/18/25 9:15 AM,"1 hour, 6 minutes and 53 seconds",Cinthia Patlan
2919 Blanco Rd,Maria  Salazar,127,,,1,9/18/25 8:48 AM,9/18/25 9:15 AM,27 minutes and 16 seconds,Cinthia Patlan
2919 Blanco Rd,Maria  Salazar,116,,,1,9/18/25 8:34 AM,9/18/25 9:15 AM,41 minutes and 27 seconds,Cinthia Patlan
2919 Blanco Rd,Sami Martinez ,150,5,,1,9/18/25 9:36 AM,9/18/25 9:48 AM,11 minutes and 42 seconds,Cinthia Patlan
2919 Blanco Rd,Maria  Salazar,146,8,,1,9/18/25 9:20 AM,9/18/25 9:48 AM,27 minutes and 46 seconds,Cinthia Patlan
2919 Blanco Rd,Sami Martinez ,155,19,,1,9/18/25 9:47 AM,9/18/25 9:54 AM,7 minutes and 11 seconds,Cinthia Patlan
2919 Blanco Rd,samantha lopez,154,3,,1,9/18/25 9:52 AM,9/18/25 9:54 AM,1 minute and 53 seconds,Cinthia Patlan
2919 Blanco Rd,samantha lopez,154,3,,1,9/18/25 9:44 AM,9/18/25 9:54 AM,9 minutes and 38 seconds,Cinthia Patlan
2919 Blanco Rd,Maria  Salazar,146,8,,1,9/18/25 9:50 AM,9/18/25 10:27 AM,36 minutes and 54 seconds,Cinthia Patlan
2919 Blanco Rd,samantha lopez,164,6,,1,9/18/25 10:02 AM,9/18/25 10:27 AM,25 minutes and 16 seconds,Cinthia Patlan
2919 Blanco Rd,Sami Martinez ,172,7,,1,9/18/25 10:29 AM,9/18/25 10:40 AM,11 minutes and 2 seconds,Cinthia Patlan
2919 Blanco Rd,samantha lopez,178,3,,1,9/18/25 10:36 AM,9/18/25 10:42 AM,5 minutes and 37 seconds,Cinthia Patlan
2919 Blanco Rd,Sami Martinez ,190,18,,1,9/18/25 11:02 AM,9/18/25 11:32 AM,29 minutes and 33 seconds,Cinthia Patlan
2919 Blanco Rd,Maria  Salazar,196,,,1,9/18/25 11:17 AM,9/18/25 11:32 AM,14 minutes and 15 seconds,Cinthia Patlan
2919 Blanco Rd,Sami Martinez ,190,18,,1,9/18/25 11:02 AM,9/18/25 11:32 AM,29 minutes and 9 seconds,Cinthia Patlan
2919 Blanco Rd,samantha lopez,197,15,,1,9/18/25 11:17 AM,9/18/25 11:32 AM,14 minutes and 24 seconds,Cinthia Patlan
2919 Blanco Rd,Maria  Salazar,200,,,1,9/18/25 11:22 AM,9/18/25 11:32 AM,9 minutes and 10 seconds,Cinthia Patlan
2919 Blanco Rd,samantha lopez,213,4,,1,9/18/25 11:45 AM,9/18/25 11:50 AM,4 minutes and 26 seconds,Cinthia Patlan
2919 Blanco Rd,Sami Martinez ,203,6,,1,9/18/25 11:29 AM,9/18/25 12:00 PM,31 minutes and 18 seconds,Cinthia Patlan
2919 Blanco Rd,Sami Martinez ,214,5,,1,9/18/25 11:52 AM,9/18/25 12:00 PM,8 minutes and 3 seconds,Cinthia Patlan
2919 Blanco Rd,samantha lopez,217,18,,1,9/18/25 12:09 PM,9/18/25 12:10 PM,6 seconds,Cinthia Patlan
2919 Blanco Rd,Sami Martinez ,216,10,,1,9/18/25 12:08 PM,9/18/25 12:10 PM,1 minute and 21 seconds,Cinthia Patlan
2919 Blanco Rd,samantha lopez,226,4,,1,9/18/25 12:27 PM,9/18/25 12:45 PM,18 minutes and 13 seconds,Cinthia Patlan
2919 Blanco Rd,samantha lopez,231,25,,1,9/18/25 12:38 PM,9/18/25 12:45 PM,7 minutes and 19 seconds,Cinthia Patlan
2919 Blanco Rd,samantha lopez,217,18,,1,9/18/25 12:09 PM,9/18/25 12:45 PM,36 minutes and 12 seconds,Cinthia Patlan
2919 Blanco Rd,Sami Martinez ,224,7,,1,9/18/25 12:24 PM,9/18/25 12:45 PM,20 minutes and 55 seconds,Cinthia Patlan
2919 Blanco Rd,samantha lopez,219,3,,1,9/18/25 12:17 PM,9/18/25 12:45 PM,27 minutes and 49 seconds,Cinthia Patlan
2919 Blanco Rd,Sami Martinez ,214,5,,1,9/18/25 12:18 PM,9/18/25 12:45 PM,26 minutes and 30 seconds,Cinthia Patlan
2919 Blanco Rd,samantha lopez,234,5,,1,9/18/25 12:51 PM,9/18/25 1:38 PM,46 minutes and 32 seconds,Cinthia Patlan
2919 Blanco Rd,samantha lopez,240,8,,1,9/18/25 1:11 PM,9/18/25 1:38 PM,26 minutes and 33 seconds,Cinthia Patlan
2919 Blanco Rd,samantha lopez,242,4,,1,9/18/25 1:17 PM,9/18/25 1:38 PM,20 minutes and 25 seconds,Cinthia Patlan
2919 Blanco Rd,samantha lopez,244,16,,1,9/18/25 1:32 PM,9/18/25 1:49 PM,16 minutes and 52 seconds,Cinthia Patlan
2919 Blanco Rd,samantha lopez,257,,,1,9/18/25 2:23 PM,9/18/25 3:14 PM,50 minutes and 8 seconds,Cinthia Patlan
2919 Blanco Rd,samantha lopez,266,,,1,9/18/25 2:59 PM,9/18/25 3:14 PM,14 minutes and 48 seconds,Cinthia Patlan
2919 Blanco Rd,samantha lopez,256,,,1,9/18/25 2:19 PM,9/18/25 3:14 PM,54 minutes and 23 seconds,Cinthia Patlan
2919 Blanco Rd,samantha lopez,268,7,,1,9/18/25 3:05 PM,9/18/25 3:14 PM,8 minutes and 52 seconds,Cinthia Patlan
2919 Blanco Rd,samantha lopez,269,5,,1,9/18/25 3:07 PM,9/18/25 3:16 PM,8 minutes and 24 seconds,Cinthia Patlan
2919 Blanco Rd,samantha lopez,270,18,,1,9/18/25 3:09 PM,9/18/25 3:16 PM,7 minutes and 42 seconds,Cinthia Patlan
2919 Blanco Rd,samantha lopez,268,7,,1,9/18/25 3:07 PM,9/18/25 3:17 PM,10 minutes and 37 seconds,Cinthia Patlan
2919 Blanco Rd,samantha lopez,273,13,,1,9/18/25 3:24 PM,9/18/25 3:50 PM,25 minutes and 54 seconds,Cinthia Patlan
2919 Blanco Rd,samantha lopez,268,7,,1,9/18/25 3:39 PM,9/18/25 3:50 PM,11 minutes and 2 seconds,Cinthia Patlan
2919 Blanco Rd,samantha lopez,278,5,,1,9/18/25 3:50 PM,9/18/25 5:00 PM,"1 hour, 9 minutes and 28 seconds",Cinthia Patlan
2919 Blanco Rd,Martina Ovalle ,279,,,1,9/18/25 3:59 PM,9/18/25 5:00 PM,1 hour and 27 seconds,Cinthia Patlan
2919 Blanco Rd,samantha lopez,286,,,1,9/18/25 4:46 PM,9/18/25 5:00 PM,14 minutes and 1 second,Cinthia Patlan
2919 Blanco Rd,samantha lopez,278,5,,1,9/18/25 4:16 PM,9/18/25 5:00 PM,43 minutes and 59 seconds,Cinthia Patlan
2919 Blanco Rd,samantha lopez,287,,,1,9/18/25 4:47 PM,9/18/25 5:00 PM,12 minutes and 8 seconds,Cinthia Patlan
2919 Blanco Rd,samantha lopez,295,,,1,9/18/25 5:01 PM,9/18/25 5:09 PM,8 minutes and 22 seconds,Cinthia Patlan
2919 Blanco Rd,samantha lopez,291,20,,1,9/18/25 4:55 PM,9/18/25 5:09 PM,14 minutes and 56 seconds,Cinthia Patlan
2919 Blanco Rd,samantha lopez,298,,,1,9/18/25 5:06 PM,9/18/25 5:11 PM,5 minutes and 26 seconds,Cinthia Patlan
2919 Blanco Rd,samantha lopez,297,3,,1,9/18/25 5:05 PM,9/18/25 5:12 PM,6 minutes and 54 seconds,Cinthia Patlan
2919 Blanco Rd,samantha lopez,299,5,,1,9/18/25 5:08 PM,9/18/25 5:13 PM,5 minutes and 21 seconds,Cinthia Patlan
2919 Blanco Rd,samantha lopez,299,5,,1,9/18/25 5:26 PM,9/18/25 5:58 PM,31 minutes and 17 seconds,Cinthia Patlan
2919 Blanco Rd,samantha lopez,303,17,,1,9/18/25 5:53 PM,9/18/25 5:58 PM,4 minutes and 42 seconds,Cinthia Patlan
2919 Blanco Rd,samantha lopez,304,6,,1,9/18/25 5:55 PM,9/18/25 6:04 PM,9 minutes and 2 seconds,Cinthia Patlan
2919 Blanco Rd,samantha lopez,306,4,,1,9/18/25 6:13 PM,9/18/25 6:31 PM,17 minutes and 53 seconds,Cinthia Patlan
2919 Blanco Rd,samantha lopez,308,5,,1,9/18/25 6:19 PM,9/18/25 6:31 PM,11 minutes and 43 seconds,Cinthia Patlan
2919 Blanco Rd,samantha lopez,309,19,,1,9/18/25 6:26 PM,9/18/25 7:00 PM,34 minutes and 1 second,Cinthia Patlan
2919 Blanco Rd,samantha lopez,308,5,,1,9/18/25 6:22 PM,9/18/25 7:00 PM,37 minutes and 2 seconds,Cinthia Patlan
2919 Blanco Rd,Martina Ovalle ,310,,,1,9/18/25 6:38 PM,9/18/25 7:00 PM,21 minutes and 37 seconds,Cinthia Patlan
2919 Blanco Rd,samantha lopez,316,15,,1,9/18/25 6:51 PM,9/18/25 7:00 PM,8 minutes and 39 seconds,Cinthia Patlan
2919 Blanco Rd,samantha lopez,317,3,,1,9/18/25 6:55 PM,9/18/25 7:06 PM,11 minutes and 11 seconds,Cinthia Patlan
2919 Blanco Rd,samantha lopez,319,17,,1,9/18/25 6:59 PM,9/18/25 7:09 PM,9 minutes and 23 seconds,Cinthia Patlan
2919 Blanco Rd,samantha lopez,317,3,,1,9/18/25 7:07 PM,9/18/25 7:39 PM,31 minutes and 34 seconds,Cinthia Patlan
2919 Blanco Rd,Martina Ovalle ,322,,,1,9/18/25 7:08 PM,9/18/25 7:39 PM,30 minutes and 53 seconds,Cinthia Patlan
2919 Blanco Rd,samantha lopez,330,4,,1,9/18/25 7:32 PM,9/18/25 7:39 PM,6 minutes and 47 seconds,Cinthia Patlan
2919 Blanco Rd,samantha lopez,329,25,,1,9/18/25 7:42 PM,9/18/25 8:14 PM,31 minutes and 58 seconds,Cinthia Patlan
2919 Blanco Rd,samantha lopez,329,25,,1,9/18/25 7:30 PM,9/18/25 8:14 PM,44 minutes and 22 seconds,Cinthia Patlan
2919 Blanco Rd,samantha lopez,328,,,1,9/18/25 7:41 PM,9/18/25 8:14 PM,33 minutes and 35 seconds,Cinthia Patlan
2919 Blanco Rd,samantha lopez,331,,,1,9/18/25 8:40 PM,9/18/25 8:45 PM,4 minutes and 8 seconds,Cinthia Patlan
