Check #,Table,Payment Type,Server,Cashier,Tip,Amount,Cash Drawer,Date,Opened Date
3,,CREDIT,Melissa ,Melissa ,2.00,11.75,,9/8/25 6:46 AM,9/8/25 6:45 AM
6,,CREDIT,Melissa ,Melissa ,0.00,4.31,,9/8/25 7:25 AM,9/8/25 7:25 AM
7,,CASH,Melissa ,Melissa ,0.00,4.31,DRIVE THRU 1,9/8/25 7:31 AM,9/8/25 7:30 AM
4,34,CREDIT,Sugey,Sugey,8.00,37.26,,9/8/25 7:33 AM,9/8/25 7:09 AM
5,,CASH,Leticia,Leticia,0.00,3.88,,9/8/25 7:34 AM,9/8/25 7:24 AM
8,,CREDIT,Melissa ,Melissa ,0.00,16.76,,9/8/25 7:49 AM,9/8/25 7:49 AM
11,,CREDIT,Melissa ,Melissa ,0.00,12.95,,9/8/25 7:54 AM,9/8/25 7:52 AM
12,,CASH,Melissa ,Melissa ,0.00,15.07,DRIVE THRU 1,9/8/25 7:56 AM,9/8/25 7:54 AM
13,,CASH,Melissa ,Melissa ,0.00,6.26,DRIVE THRU 1,9/8/25 8:04 AM,9/8/25 8:03 AM
14,,CASH,Melissa ,Melissa ,0.00,16.82,DRIVE THRU 1,9/8/25 8:18 AM,9/8/25 8:16 AM
15,,CASH,Melissa ,Melissa ,0.00,5.72,DRIVE THRU 1,9/8/25 8:18 AM,9/8/25 8:17 AM
10,15,CREDIT,Leticia,Leticia,5.00,22.36,,9/8/25 8:19 AM,9/8/25 7:51 AM
19,,CREDIT,Melissa ,Melissa ,0.00,11.33,,9/8/25 8:27 AM,9/8/25 8:27 AM
24,,CREDIT,Gabriel,Gabriel,2.00,7.00,,9/8/25 8:32 AM,9/8/25 8:32 AM
22,,CASH,Sugey,Sugey,0.00,11.53,,9/8/25 8:32 AM,9/8/25 8:30 AM
16,14,CASH,Gabriel,Gabriel,0.00,17.69,,9/8/25 8:33 AM,9/8/25 8:19 AM
9,16,CASH,Sugey,Sugey,0.00,6.13,,9/8/25 8:40 AM,9/8/25 7:44 AM
27,,CREDIT,Melissa ,Melissa ,2.00,18.47,,9/8/25 8:46 AM,9/8/25 8:45 AM
28,,CREDIT,Melissa ,Melissa ,0.00,15.67,,9/8/25 8:47 AM,9/8/25 8:46 AM
17,3,CREDIT,Sugey,Sugey,10.00,23.20,,9/8/25 8:47 AM,9/8/25 8:23 AM
18,7,CREDIT,Leticia,Leticia,5.00,18.80,,9/8/25 8:48 AM,9/8/25 8:27 AM
25,,CASH,Melissa ,Gabriel,0.00,16.30,Host Drawer,9/8/25 8:51 AM,9/8/25 8:33 AM
26,16,CREDIT,Sugey,Sugey,3.00,7.02,,9/8/25 8:53 AM,9/8/25 8:40 AM
31,,CREDIT,Melissa ,Melissa ,2.00,11.22,,9/8/25 9:01 AM,9/8/25 9:00 AM
30,,CASH,Melissa ,Melissa ,0.00,7.11,DRIVE THRU 1,9/8/25 9:02 AM,9/8/25 8:59 AM
32,,CREDIT,Melissa ,Melissa ,0.00,10.35,,9/8/25 9:06 AM,9/8/25 9:05 AM
29,,CREDIT,Gabriel,Gabriel,0.00,11.66,,9/8/25 9:07 AM,9/8/25 9:00 AM
33,,CASH,Gabriel,Gabriel,0.00,4.63,Host Drawer,9/8/25 9:11 AM,9/8/25 9:11 AM
34,,CREDIT,Melissa ,Melissa ,0.00,16.94,,9/8/25 9:13 AM,9/8/25 9:13 AM
37,,CASH,Gabriel,Carlos,0.00,2.80,Host Drawer,9/8/25 9:16 AM,9/8/25 9:16 AM
38,,CREDIT,Melissa ,Melissa ,1.00,9.07,,9/8/25 9:21 AM,9/8/25 9:21 AM
39,,CREDIT,Melissa ,Melissa ,0.00,6.20,,9/8/25 9:23 AM,9/8/25 9:22 AM
40,,CASH,Melissa ,Melissa ,0.00,6.69,DRIVE THRU 1,9/8/25 9:26 AM,9/8/25 9:23 AM
44,,CREDIT,Melissa ,Melissa ,0.00,4.74,,9/8/25 9:29 AM,9/8/25 9:28 AM
45,,CREDIT,Melissa ,Melissa ,1.00,4.63,,9/8/25 9:31 AM,9/8/25 9:29 AM
47,,CREDIT,Melissa ,Melissa ,0.00,24.92,,9/8/25 9:34 AM,9/8/25 9:31 AM
52,,CASH,Melissa ,Melissa ,0.00,8.09,DRIVE THRU 1,9/8/25 9:43 AM,9/8/25 9:41 AM
53,,CREDIT,Melissa ,Melissa ,0.00,5.39,,9/8/25 9:45 AM,9/8/25 9:42 AM
54,,CASH,Melissa ,Melissa ,0.00,2.00,DRIVE THRU 1,9/8/25 9:48 AM,9/8/25 9:44 AM
54,,CASH,Melissa ,Melissa ,0.00,4.46,DRIVE THRU 1,9/8/25 9:48 AM,9/8/25 9:44 AM
50,,CREDIT,Carlos,Gabriel,0.00,5.72,,9/8/25 9:49 AM,9/8/25 9:34 AM
55,,CASH,Melissa ,Melissa ,0.00,10.04,DRIVE THRU 1,9/8/25 9:51 AM,9/8/25 9:45 AM
,,PAY_OUT,Zoila,,0.00,-27.00,House,9/8/25 9:52 AM,9/8/25 9:52 AM
56,,CREDIT,Melissa ,Melissa ,0.00,4.09,,9/8/25 9:52 AM,9/8/25 9:46 AM
57,,CREDIT,Melissa ,Melissa ,1.00,14.33,,9/8/25 9:56 AM,9/8/25 9:56 AM
48,16,CREDIT,Sugey,Sugey,0.00,21.62,,9/8/25 9:59 AM,9/8/25 9:33 AM
58,,CREDIT,Melissa ,Melissa ,0.00,11.42,,9/8/25 10:01 AM,9/8/25 10:01 AM
58,,CREDIT,Melissa ,Melissa ,0.00,3.78,,9/8/25 10:02 AM,9/8/25 10:01 AM
59,,CREDIT,Melissa ,Melissa ,0.59,11.86,,9/8/25 10:05 AM,9/8/25 10:04 AM
41,7,CREDIT,Sugey,Sugey,0.00,34.73,,9/8/25 10:05 AM,9/8/25 9:25 AM
60,,CREDIT,Melissa ,Melissa ,0.00,4.09,,9/8/25 10:09 AM,9/8/25 10:08 AM
63,,CREDIT,Melissa ,Melissa ,0.00,3.24,,9/8/25 10:14 AM,9/8/25 10:14 AM
46,23,CASH,Gabriel,Gabriel,0.00,6.48,,9/8/25 10:15 AM,9/8/25 9:30 AM
51,3,CREDIT,Leticia,Leticia,4.00,22.04,,9/8/25 10:18 AM,9/8/25 9:37 AM
66,,CREDIT,Melissa ,Melissa ,0.00,23.11,,9/8/25 10:20 AM,9/8/25 10:19 AM
67,,CREDIT,Leticia,Leticia,0.00,11.89,,9/8/25 10:20 AM,9/8/25 10:20 AM
70,,CREDIT,Melissa ,Melissa ,0.00,14.67,,9/8/25 10:25 AM,9/8/25 10:22 AM
71,,CREDIT,Melissa ,Melissa ,1.60,24.40,,9/8/25 10:29 AM,9/8/25 10:28 AM
42,18,CREDIT,Leticia,,4.61,33.28,,9/8/25 10:34 AM,9/8/25 9:27 AM
72,,CREDIT,Melissa ,Melissa ,0.00,4.96,,9/8/25 10:36 AM,9/8/25 10:36 AM
69,21,CREDIT,Leticia,Leticia,4.49,24.28,,9/8/25 10:39 AM,9/8/25 10:21 AM
61,12,CREDIT,Gabriel,Gabriel,6.00,20.61,,9/8/25 10:39 AM,9/8/25 10:13 AM
73,,CASH,Melissa ,Melissa ,0.00,0.59,DRIVE THRU 1,9/8/25 10:40 AM,9/8/25 10:38 AM
73,,CREDIT,Melissa ,Melissa ,0.00,14.27,,9/8/25 10:40 AM,9/8/25 10:38 AM
75,,CREDIT,Melissa ,Melissa ,0.00,4.31,,9/8/25 10:50 AM,9/8/25 10:48 AM
74,,CREDIT,Leticia,Leticia,2.00,22.14,,9/8/25 10:51 AM,9/8/25 10:51 AM
76,,CREDIT,Melissa ,Melissa ,2.00,19.42,,9/8/25 10:51 AM,9/8/25 10:49 AM
77,,CASH,Melissa ,Melissa ,0.00,6.46,DRIVE THRU 1,9/8/25 10:53 AM,9/8/25 10:50 AM
78,,CASH,Melissa ,Melissa ,0.00,8.64,DRIVE THRU 1,9/8/25 10:54 AM,9/8/25 10:51 AM
49,15,CREDIT,Gabriel,Gabriel,3.00,23.53,,9/8/25 10:55 AM,9/8/25 9:37 AM
79,,CASH,Melissa ,Melissa ,0.00,7.77,DRIVE THRU 1,9/8/25 11:02 AM,9/8/25 11:00 AM
80,,CASH,Melissa ,Melissa ,0.00,6.47,DRIVE THRU 1,9/8/25 11:04 AM,9/8/25 11:03 AM
81,,CREDIT,Melissa ,Melissa ,0.00,10.58,,9/8/25 11:06 AM,9/8/25 11:04 AM
83,,CASH,Melissa ,Melissa ,0.00,14.03,DRIVE THRU 1,9/8/25 11:14 AM,9/8/25 11:13 AM
85,,CREDIT,Leticia,Leticia,0.00,16.08,,9/8/25 11:18 AM,9/8/25 11:18 AM
65,31,CASH,Sugey,Sugey,0.00,33.03,,9/8/25 11:19 AM,9/8/25 10:16 AM
84,,CREDIT,Melissa ,Melissa ,0.00,44.43,,9/8/25 11:21 AM,9/8/25 11:21 AM
62,2,CREDIT,Leticia,Leticia,3.00,11.88,,9/8/25 11:24 AM,9/8/25 10:12 AM
88,2,CASH,Leticia,Leticia,0.00,10.80,,9/8/25 11:24 AM,9/8/25 11:22 AM
87,,CREDIT,Melissa ,Melissa ,0.00,4.96,,9/8/25 11:33 AM,9/8/25 11:33 AM
90,,CASH,Melissa ,Melissa ,0.00,5.72,DRIVE THRU 1,9/8/25 11:35 AM,9/8/25 11:35 AM
82,23,CASH,Gabriel,Gabriel,0.00,9.72,Host Drawer,9/8/25 11:38 AM,9/8/25 11:09 AM
93,,CREDIT,Melissa ,Melissa ,0.00,5.29,,9/8/25 11:42 AM,9/8/25 11:41 AM
94,,CREDIT,Melissa ,Melissa ,0.00,16.62,,9/8/25 11:50 AM,9/8/25 11:49 AM
95,,CREDIT,Melissa ,Melissa ,3.00,28.80,,9/8/25 11:57 AM,9/8/25 11:56 AM
96,,CREDIT,Melissa ,Melissa ,2.00,8.40,,9/8/25 11:58 AM,9/8/25 11:57 AM
97,,CREDIT,Melissa ,Melissa ,4.00,14.35,,9/8/25 12:04 PM,9/8/25 11:59 AM
99,,CREDIT,Melissa ,Melissa ,0.00,6.79,,9/8/25 12:07 PM,9/8/25 12:06 PM
100,,CREDIT,Melissa ,Melissa ,2.00,42.38,,9/8/25 12:11 PM,9/8/25 12:08 PM
101,,CASH,Melissa ,Melissa ,0.00,20.18,DRIVE THRU 1,9/8/25 12:15 PM,9/8/25 12:14 PM
103,,CASH,Melissa ,Melissa ,0.00,7.87,DRIVE THRU 1,9/8/25 12:19 PM,9/8/25 12:18 PM
106,,CREDIT,Melissa ,Melissa ,1.00,18.27,,9/8/25 12:22 PM,9/8/25 12:20 PM
109,,CREDIT,Melissa ,Melissa ,0.00,9.72,,9/8/25 12:28 PM,9/8/25 12:21 PM
111,,CASH,Melissa ,Melissa ,0.00,18.46,DRIVE THRU 1,9/8/25 12:30 PM,9/8/25 12:23 PM
113,,CREDIT,Melissa ,Melissa ,0.00,28.43,,9/8/25 12:31 PM,9/8/25 12:27 PM
102,2,CASH,Leticia,Leticia,0.00,10.15,,9/8/25 12:31 PM,9/8/25 12:15 PM
92,27,CREDIT,Leticia,Zoila,5.00,33.46,,9/8/25 12:33 PM,9/8/25 11:37 AM
98,23,CREDIT,Gabriel,Zoila,10.00,44.26,,9/8/25 12:36 PM,9/8/25 12:03 PM
117,,CASH,Melissa ,Melissa ,0.00,10.47,DRIVE THRU 1,9/8/25 12:38 PM,9/8/25 12:29 PM
121,,CREDIT,Melissa ,Melissa ,0.00,19.46,,9/8/25 12:45 PM,9/8/25 12:36 PM
122,,CASH,Melissa ,Melissa ,0.00,17.71,DRIVE THRU 1,9/8/25 12:46 PM,9/8/25 12:40 PM
107,6,CREDIT,Gabriel,Gabriel,5.00,26.49,,9/8/25 12:51 PM,9/8/25 12:21 PM
124,,CREDIT,Melissa ,Melissa ,0.00,4.09,,9/8/25 12:51 PM,9/8/25 12:45 PM
128,,CREDIT,Melissa ,Melissa ,0.00,10.81,,9/8/25 12:52 PM,9/8/25 12:52 PM
129,21,CASH,Sugey,Sugey,0.00,10.48,,9/8/25 12:53 PM,9/8/25 12:53 PM
112,3,CREDIT,Leticia,Leticia,0.00,27.61,,9/8/25 12:53 PM,9/8/25 12:24 PM
105,34,CREDIT,Leticia,Leticia,8.00,36.12,,9/8/25 12:54 PM,9/8/25 12:22 PM
110,4,CREDIT,Gabriel,Gabriel,3.00,13.12,,9/8/25 12:54 PM,9/8/25 12:22 PM
104,21,CREDIT,Sugey,Sugey,0.00,51.22,,9/8/25 12:55 PM,9/8/25 12:20 PM
119,,CREDIT,Melissa ,Melissa ,0.00,82.21,,9/8/25 12:56 PM,9/8/25 12:35 PM
132,,CASH,Melissa ,Melissa ,0.00,6.90,DRIVE THRU 1,9/8/25 1:00 PM,9/8/25 12:59 PM
136,,CASH,Melissa ,Melissa ,0.00,2.15,DRIVE THRU 1,9/8/25 1:06 PM,9/8/25 1:05 PM
126,7,CASH,Gabriel,Gabriel,0.00,10.79,,9/8/25 1:06 PM,9/8/25 12:50 PM
133,,CASH,Melissa ,Melissa ,0.00,2.15,DRIVE THRU 1,9/8/25 1:06 PM,9/8/25 1:05 PM
118,22,CREDIT,Sugey,Zoila,7.00,44.64,,9/8/25 1:11 PM,9/8/25 12:30 PM
116,16,CASH,Gabriel,Gabriel,0.00,33.61,,9/8/25 1:11 PM,9/8/25 12:29 PM
120,15,CREDIT,Sugey,Sugey,2.00,12.53,,9/8/25 1:12 PM,9/8/25 12:35 PM
114,26,CREDIT,Sugey,Sugey,0.00,49.73,,9/8/25 1:12 PM,9/8/25 12:29 PM
125,,CREDIT,Zoila,Zoila,4.00,43.26,,9/8/25 1:13 PM,9/8/25 12:51 PM
130,1,CREDIT,Gabriel,Zoila,5.00,11.50,,9/8/25 1:16 PM,9/8/25 12:53 PM
123,2,CREDIT,Leticia,Leticia,0.00,63.81,,9/8/25 1:22 PM,9/8/25 12:45 PM
143,,CREDIT,Melissa ,Melissa ,1.00,6.03,,9/8/25 1:32 PM,9/8/25 1:27 PM
86,12,CREDIT,Sugey,Sugey,0.00,20.52,,9/8/25 1:41 PM,9/8/25 11:18 AM
142,,CREDIT,Melissa ,Melissa ,20.00,21.27,,9/8/25 1:42 PM,9/8/25 1:27 PM
134,20,CASH,Leticia,Leticia,0.00,33.68,,9/8/25 1:42 PM,9/8/25 1:01 PM
138,14,CREDIT,Sugey,Sugey,5.00,35.63,,9/8/25 1:42 PM,9/8/25 1:12 PM
131,35,CASH,Sugey,Sugey,0.00,62.38,,9/8/25 1:43 PM,9/8/25 12:58 PM
144,,CREDIT,Sugey,Melissa ,0.00,12.98,,9/8/25 1:44 PM,9/8/25 1:30 PM
147,,CREDIT,Melissa ,Melissa ,8.00,16.15,,9/8/25 1:46 PM,9/8/25 1:46 PM
139,29,CREDIT,Gabriel,Gabriel,0.00,29.19,,9/8/25 1:47 PM,9/8/25 1:14 PM
141,25,CREDIT,Leticia,,10.00,38.56,,9/8/25 2:03 PM,9/8/25 1:22 PM
149,,CASH,Melissa ,Melissa ,0.00,12.41,DRIVE THRU 1,9/8/25 2:07 PM,9/8/25 2:06 PM
,,PAY_OUT,Zoila,,0.00,-150.00,House,9/8/25 2:09 PM,9/8/25 2:09 PM
,,TIP_OUT,Melissa ,Melissa ,-54.19,0.00,House,9/8/25 2:14 PM,9/8/25 2:14 PM
145,15,CREDIT,Gabriel,Gabriel,6.00,40.54,,9/8/25 2:14 PM,9/8/25 1:34 PM
140,27,CREDIT,Sugey,Sugey,5.00,39.12,,9/8/25 2:15 PM,9/8/25 1:19 PM
152,,CASH,Mario,Mario,0.00,24.52,DRIVE THRU 1,9/8/25 2:26 PM,9/8/25 2:25 PM
,,CASH_COLLECTED,Gabriel,Gabriel,0.00,68.57*,House,9/8/25 2:32 PM,9/8/25 2:32 PM
,,TIP_OUT,Gabriel,Gabriel,-40.00,0.00,House,9/8/25 2:32 PM,9/8/25 2:32 PM
154,,CREDIT,Mario,Mario,0.00,30.34,,9/8/25 2:35 PM,9/8/25 2:33 PM
,,CASH_COLLECTED,Sugey,Sugey,0.00,123.55*,House,9/8/25 2:42 PM,9/8/25 2:42 PM
,,TIP_OUT,Sugey,Sugey,-40.00,0.00,House,9/8/25 2:42 PM,9/8/25 2:42 PM
,,CASH_COLLECTED,Leticia,Leticia,0.00,58.51*,House,9/8/25 2:43 PM,9/8/25 2:43 PM
,,TIP_OUT,Leticia,Leticia,-46.10,0.00,House,9/8/25 2:43 PM,9/8/25 2:43 PM
156,,CREDIT,Mario,Mario,0.00,22.73,,9/8/25 2:48 PM,9/8/25 2:44 PM
,,TIP_OUT,Zoila,Zoila,-4.00,0.00,House,9/8/25 2:54 PM,9/8/25 2:54 PM
157,,CREDIT,Mario,Mario,0.00,10.81,,9/8/25 2:57 PM,9/8/25 2:55 PM
159,,CASH,Mario,Mario,0.00,15.14,DRIVE THRU 1,9/8/25 3:11 PM,9/8/25 3:10 PM
161,,CASH,Mario,Mario,0.00,16.55,,9/8/25 3:26 PM,9/8/25 3:26 PM
163,,CREDIT,Mario,Mario,0.00,13.47,,9/8/25 3:37 PM,9/8/25 3:35 PM
165,,CREDIT,Mario,Mario,0.00,33.17,,9/8/25 3:47 PM,9/8/25 3:47 PM
151,18,CREDIT,Lisa,Lisa,4.70,21.30,,9/8/25 3:57 PM,9/8/25 2:19 PM
164,,CASH,Mario,Mario,0.00,3.88,Host Drawer,9/8/25 3:58 PM,9/8/25 3:45 PM
167,,CREDIT,Mario,Mario,0.00,12.73,,9/8/25 4:00 PM,9/8/25 3:59 PM
160,31,CASH,Lisa,Lisa,0.00,25.95,,9/8/25 4:01 PM,9/8/25 3:12 PM
,,PAY_OUT,Candy,,0.00,-77.32,House,9/8/25 4:05 PM,9/8/25 4:05 PM
162,,CREDIT,Candy,Adriana,0.00,40.99,,9/8/25 4:32 PM,9/8/25 3:31 PM
169,,CREDIT,Mario,Mario,0.00,5.18,,9/8/25 4:35 PM,9/8/25 4:34 PM
170,,CREDIT,Mario,Mario,0.00,13.79,,9/8/25 5:08 PM,9/8/25 5:08 PM
175,,CASH,Mario,Mario,0.00,7.75,DRIVE THRU 1,9/8/25 6:09 PM,9/8/25 6:08 PM
171,1,CREDIT,Lisa,Lisa,5.00,63.85,,9/8/25 6:10 PM,9/8/25 5:32 PM
177,,CREDIT,Mario,Mario,6.26,33.86,,9/8/25 6:23 PM,9/8/25 6:23 PM
180,5,CREDIT,Adriana,Adriana,10.00,83.28,,9/8/25 6:35 PM,9/8/25 6:34 PM
181,,CREDIT,Mario,Mario,4.58,33.08,,9/8/25 6:36 PM,9/8/25 6:36 PM
182,,CREDIT,Mario,Mario,0.00,32.20,,9/8/25 6:46 PM,9/8/25 6:38 PM
183,,CREDIT,Mario,Mario,0.00,15.88,,9/8/25 6:47 PM,9/8/25 6:43 PM
186,5,CASH,Adriana,Adriana,0.00,25.96,,9/8/25 6:56 PM,9/8/25 6:52 PM
176,,CREDIT,Candy,Candy,0.00,12.98,,9/8/25 6:58 PM,9/8/25 6:20 PM
191,,CREDIT,Mario,Mario,0.00,10.80,,9/8/25 7:27 PM,9/8/25 7:26 PM
184,15,CREDIT,Adriana,Adriana,8.82,42.18,,9/8/25 7:27 PM,9/8/25 6:42 PM
193,,CREDIT,Mario,Mario,0.00,5.03,,9/8/25 7:39 PM,9/8/25 7:38 PM
194,,CREDIT,Mario,Mario,0.00,12.07,,9/8/25 7:43 PM,9/8/25 7:42 PM
188,22,CREDIT,Lisa,Lisa,5.00,54.48,,9/8/25 7:43 PM,9/8/25 7:11 PM
197,28,CREDIT,Lisa,Lisa,4.00,12.44,,9/8/25 7:48 PM,9/8/25 7:46 PM
190,28,CREDIT,Lisa,Lisa,5.00,20.55,,9/8/25 7:49 PM,9/8/25 7:18 PM
189,1,CREDIT,Adriana,Adriana,5.50,28.12,,9/8/25 7:49 PM,9/8/25 7:11 PM
195,3,CREDIT,Lisa,Lisa,5.00,22.18,,9/8/25 7:57 PM,9/8/25 7:40 PM
199,,CREDIT,Mario,Mario,0.00,6.03,,9/8/25 8:05 PM,9/8/25 8:05 PM
192,5,CREDIT,Adriana,Adriana,10.00,45.08,,9/8/25 8:08 PM,9/8/25 7:26 PM
198,15,CREDIT,Adriana,Adriana,0.00,9.17,,9/8/25 8:17 PM,9/8/25 7:56 PM
200,,CREDIT,Candy,Candy,0.00,50.43,,9/8/25 8:28 PM,9/8/25 8:28 PM
201,,CREDIT,Mario,Mario,0.00,25.48,,9/8/25 8:37 PM,9/8/25 8:35 PM
,,CASH_COLLECTED,Adriana,Adriana,0.00,25.96*,House,9/8/25 8:53 PM,9/8/25 8:53 PM
,,TIP_OUT,Adriana,Adriana,-34.32,0.00,House,9/8/25 8:54 PM,9/8/25 8:54 PM
,,CASH_COLLECTED,Mario,Mario,0.00,16.55*,House,9/8/25 8:58 PM,9/8/25 8:58 PM
,,TIP_OUT,Mario,Mario,-10.84,0.00,House,9/8/25 8:58 PM,9/8/25 8:58 PM
,,CASH_COLLECTED,Lisa,Lisa,0.00,25.95*,House,9/8/25 9:02 PM,9/8/25 9:02 PM
,,TIP_OUT,Lisa,Lisa,-28.70,0.00,House,9/8/25 9:02 PM,9/8/25 9:02 PM
,,TOTAL,,,5.00,2998.82,,,
