Location,Order #,Opened,# of Guests,Server,Table,Discount Amount,Amount,Tax,Tip,Gratuity
Tink-a-Tako - Potranco,1,10/19/25 7:09 AM,1,Daniela Torres,,0.00,19.92,1.64,1.00,0.00
Tink-a-Tako - Potranco,2,10/19/25 8:01 AM,1,Daniela Torres,,0.00,7.28,0.60,0.00,0.00
Tink-a-Tako - Potranco,3,10/19/25 8:04 AM,1,Daniela Torres,,0.00,14.85,1.22,0.00,0.00
Tink-a-Tako - Potranco,4,10/19/25 8:04 AM,1,Daniela Torres,,0.00,8.26,0.67,0.00,0.00
Tink-a-Tako - Potranco,5,10/19/25 8:09 AM,1,Daniela Torres,,0.00,12.57,1.04,0.00,0.00
Tink-a-Tako - Potranco,6,10/19/25 8:11 AM,2,Rosa Compean,25,0.00,20.54,1.70,0.00,0.00
Tink-a-Tako - Potranco,7,10/19/25 8:13 AM,2,Sergio Abundiz,18,0.00,25.16,2.06,6.00,0.00
Tink-a-Tako - Potranco,10,10/19/25 8:16 AM,1,Daniela Torres,,0.00,3.00,0.25,0.00,0.00
Tink-a-Tako - Potranco,11,10/19/25 8:17 AM,1,Daniela Torres,,0.00,5.28,0.43,1.00,0.00
Tink-a-Tako - Potranco,8,10/19/25 8:15 AM,3,Esperansa Caviedes,32,0.00,47.63,3.93,0.00,0.00
Tink-a-Tako - Potranco,13,10/19/25 8:18 AM,1,Daniela Torres,,0.00,33.50,2.76,0.00,0.00
Tink-a-Tako - Potranco,14,10/19/25 8:21 AM,1,Lizeth Alonso,,42.88,0.00,0.00,0.00,0.00
Tink-a-Tako - Potranco,15,10/19/25 8:22 AM,1,Isabel Cisneros,7,0.00,15.23,1.26,4.00,0.00
Tink-a-Tako - Potranco,17,10/19/25 8:23 AM,1,Daniela Torres,,0.50,4.49,0.37,0.00,0.00
Tink-a-Tako - Potranco,16,10/19/25 8:23 AM,2,Silvia Hernandez,22,0.00,12.21,1.00,0.00,0.00
Tink-a-Tako - Potranco,18,10/19/25 8:24 AM,1,Daniela Torres,,0.00,8.56,0.71,2.00,0.00
Tink-a-Tako - Potranco,20,10/19/25 8:27 AM,2,Esperansa Caviedes,8,0.00,9.58,0.80,0.00,0.00
Tink-a-Tako - Potranco,19,10/19/25 8:26 AM,1,Daniela Torres,,0.00,16.36,1.35,3.00,0.00
Tink-a-Tako - Potranco,21,10/19/25 8:29 AM,1,Daniela Torres,,0.00,7.78,0.65,0.00,0.00
Tink-a-Tako - Potranco,22,10/19/25 8:29 AM,2,Sergio Abundiz,9,0.00,16.45,1.36,0.00,0.00
Tink-a-Tako - Potranco,23,10/19/25 8:31 AM,1,Maria Majana,11,0.00,8.68,0.72,0.00,0.00
Tink-a-Tako - Potranco,25,10/19/25 8:36 AM,1,Daniela Torres,,0.00,10.06,0.83,0.00,0.00
Tink-a-Tako - Potranco,26,10/19/25 8:37 AM,7,Rosa Compean,40,0.00,77.87,6.42,0.00,15.57
Tink-a-Tako - Potranco,27,10/19/25 8:40 AM,1,Lizeth Alonso,,0.00,50.51,4.17,5.32,0.00
Tink-a-Tako - Potranco,28,10/19/25 8:40 AM,4,Isabel Cisneros,19,0.00,52.31,4.33,10.00,0.00
Tink-a-Tako - Potranco,29,10/19/25 8:41 AM,1,Daniela Torres,,0.00,8.97,0.74,0.00,0.00
Tink-a-Tako - Potranco,30,10/19/25 8:43 AM,1,Daniela Torres,,0.00,25.19,2.09,0.00,0.00
Tink-a-Tako - Potranco,31,10/19/25 8:43 AM,1,Daniela Torres,,0.00,26.03,2.15,0.00,0.00
Tink-a-Tako - Potranco,33,10/19/25 8:45 AM,4,Maria Majana,11,0.00,83.24,6.85,5.00,0.00
Tink-a-Tako - Potranco,35,10/19/25 8:47 AM,1,Daniela Torres,,0.00,11.27,0.92,0.00,0.00
Tink-a-Tako - Potranco,34,10/19/25 8:47 AM,2,Silvia Hernandez,24,0.00,24.48,2.02,4.00,0.00
Tink-a-Tako - Potranco,36,10/19/25 8:51 AM,2,Esperansa Caviedes,38,0.00,24.22,2.00,0.00,0.00
Tink-a-Tako - Potranco,37,10/19/25 8:53 AM,1,Sergio Abundiz,37,0.00,14.97,1.24,3.00,0.00
Tink-a-Tako - Potranco,24,10/19/25 8:34 AM,1,Daniela Torres,,0.00,11.45,0.94,0.00,0.00
Tink-a-Tako - Potranco,38,10/19/25 8:55 AM,1,Daniela Torres,,0.00,10.88,0.89,0.00,0.00
Tink-a-Tako - Potranco,40,10/19/25 8:57 AM,1,Daniela Torres,,0.00,7.67,0.63,0.00,0.00
Tink-a-Tako - Potranco,41,10/19/25 8:58 AM,1,Daniela Torres,,0.00,9.96,0.82,0.00,0.00
Tink-a-Tako - Potranco,42,10/19/25 9:01 AM,1,Daniela Torres,,0.00,18.52,1.52,0.00,0.00
Tink-a-Tako - Potranco,44,10/19/25 9:02 AM,2,Maria Majana,33,2.83,11.30,0.93,7.00,0.00
Tink-a-Tako - Potranco,45,10/19/25 9:03 AM,1,Daniela Torres,,0.00,11.26,0.94,0.00,0.00
Tink-a-Tako - Potranco,46,10/19/25 9:04 AM,1,Daniela Torres,,0.00,10.74,0.89,0.00,0.00
Tink-a-Tako - Potranco,47,10/19/25 9:04 AM,1,Daniela Torres,,0.00,14.26,1.17,0.00,0.00
Tink-a-Tako - Potranco,48,10/19/25 9:09 AM,1,Daniela Torres,,0.00,1.99,0.16,0.00,0.00
Tink-a-Tako - Potranco,49,10/19/25 9:12 AM,2,Rosa Compean,7,0.00,28.91,2.38,5.00,0.00
Tink-a-Tako - Potranco,50,10/19/25 9:14 AM,1,Daniela Torres,,0.00,6.88,0.57,0.00,0.00
Tink-a-Tako - Potranco,51,10/19/25 9:15 AM,1,Daniela Torres,,0.00,10.23,0.84,2.00,0.00
Tink-a-Tako - Potranco,52,10/19/25 9:15 AM,1,Daniela Torres,,0.00,13.05,1.08,2.00,0.00
Tink-a-Tako - Potranco,53,10/19/25 9:16 AM,1,Isabel Cisneros,18,0.00,12.97,1.07,0.00,0.00
Tink-a-Tako - Potranco,54,10/19/25 9:18 AM,1,Daniela Torres,,0.00,7.97,0.66,0.00,0.00
Tink-a-Tako - Potranco,55,10/19/25 9:21 AM,1,Daniela Torres,,0.00,23.09,1.91,2.00,0.00
Tink-a-Tako - Potranco,56,10/19/25 9:23 AM,1,Daniela Torres,,0.00,5.48,0.46,0.00,0.00
Tink-a-Tako - Potranco,57,10/19/25 9:24 AM,1,Daniela Torres,,0.00,13.13,1.08,0.00,0.00
Tink-a-Tako - Potranco,58,10/19/25 9:24 AM,1,Daniela Torres,,0.00,12.08,1.00,2.00,0.00
Tink-a-Tako - Potranco,59,10/19/25 9:26 AM,1,Daniela Torres,,0.00,9.75,0.81,0.00,0.00
Tink-a-Tako - Potranco,60,10/19/25 9:28 AM,2,Esperansa Caviedes,24,0.00,18.35,1.51,5.00,0.00
Tink-a-Tako - Potranco,61,10/19/25 9:28 AM,1,Daniela Torres,,0.00,12.15,0.99,0.00,0.00
Tink-a-Tako - Potranco,62,10/19/25 9:28 AM,4,Silvia Hernandez,25,0.00,35.94,2.98,8.00,0.00
Tink-a-Tako - Potranco,64,10/19/25 9:30 AM,2,Sergio Abundiz,32,0.00,30.41,2.51,7.08,0.00
Tink-a-Tako - Potranco,65,10/19/25 9:30 AM,1,Lizeth Alonso,,0.00,4.78,0.40,0.00,0.00
Tink-a-Tako - Potranco,66,10/19/25 9:32 AM,1,Daniela Torres,,0.00,35.00,2.89,0.00,0.00
Tink-a-Tako - Potranco,67,10/19/25 9:35 AM,1,Daniela Torres,,0.00,15.35,1.26,0.00,0.00
Tink-a-Tako - Potranco,69,10/19/25 9:36 AM,1,Daniela Torres,,0.00,8.78,0.72,0.00,0.00
Tink-a-Tako - Potranco,68,10/19/25 9:36 AM,2,Rosa Compean,20,2.00,16.31,1.34,0.00,0.00
Tink-a-Tako - Potranco,70,10/19/25 9:37 AM,2,Rosa Compean,22,0.00,13.78,1.14,3.00,0.00
Tink-a-Tako - Potranco,71,10/19/25 9:37 AM,1,Daniela Torres,,0.00,11.98,0.99,0.00,0.00
Tink-a-Tako - Potranco,72,10/19/25 9:40 AM,1,Daniela Torres,,0.00,16.43,1.35,3.00,0.00
Tink-a-Tako - Potranco,73,10/19/25 9:44 AM,1,Daniela Torres,,0.00,12.81,1.05,0.00,0.00
Tink-a-Tako - Potranco,76,10/19/25 9:46 AM,1,Daniela Torres,,0.00,15.42,1.27,1.31,0.00
Tink-a-Tako - Potranco,77,10/19/25 9:47 AM,1,Daniela Torres,,0.00,5.37,0.44,0.00,0.00
Tink-a-Tako - Potranco,39,10/19/25 8:56 AM,1,Daniela Torres,,0.00,18.64,1.54,5.00,0.00
Tink-a-Tako - Potranco,80,10/19/25 9:50 AM,1,Isabel Cisneros,7,0.00,10.99,0.91,0.00,0.00
Tink-a-Tako - Potranco,81,10/19/25 9:53 AM,1,Lizeth Alonso,,0.00,16.45,1.36,0.00,0.00
Tink-a-Tako - Potranco,82,10/19/25 9:54 AM,1,Lizeth Alonso,,0.00,10.17,0.84,1.00,0.00
Tink-a-Tako - Potranco,83,10/19/25 9:55 AM,1,Daniela Torres,,0.00,11.96,0.98,1.06,0.00
Tink-a-Tako - Potranco,84,10/19/25 9:56 AM,1,Daniela Torres,,0.00,9.83,0.80,0.00,0.00
Tink-a-Tako - Potranco,85,10/19/25 9:57 AM,1,Daniela Torres,,0.00,10.87,0.90,2.00,0.00
Tink-a-Tako - Potranco,87,10/19/25 9:58 AM,3,Silvia Hernandez,33,0.00,31.18,2.58,5.24,0.00
Tink-a-Tako - Potranco,88,10/19/25 10:00 AM,1,Maria Majana,,0.00,21.52,1.78,0.00,0.00
Tink-a-Tako - Potranco,90,10/19/25 10:01 AM,3,Rosa Compean,17,0.00,21.83,1.81,3.00,0.00
Tink-a-Tako - Potranco,89,10/19/25 10:00 AM,1,Daniela Torres,,0.00,27.55,2.27,4.00,0.00
Tink-a-Tako - Potranco,91,10/19/25 10:02 AM,2,Esperansa Caviedes,18,0.00,25.00,2.06,6.28,0.00
Tink-a-Tako - Potranco,92,10/19/25 10:03 AM,1,Daniela Torres,,0.00,11.66,0.96,0.00,0.00
Tink-a-Tako - Potranco,94,10/19/25 10:04 AM,1,Daniela Torres,,0.00,12.36,1.02,0.00,0.00
Tink-a-Tako - Potranco,97,10/19/25 10:05 AM,1,Maria Majana,37,0.00,16.95,1.41,0.00,0.00
Tink-a-Tako - Potranco,79,10/19/25 9:49 AM,1,Daniela Torres,,0.00,25.12,2.06,0.00,0.00
Tink-a-Tako - Potranco,98,10/19/25 10:06 AM,1,Daniela Torres,,0.00,11.78,0.97,0.00,0.00
Tink-a-Tako - Potranco,100,10/19/25 10:08 AM,1,Isabel Cisneros,38,0.00,8.99,0.74,0.00,0.00
Tink-a-Tako - Potranco,101,10/19/25 10:11 AM,1,Daniela Torres,,0.00,16.83,1.39,0.00,0.00
Tink-a-Tako - Potranco,104,10/19/25 10:14 AM,1,Daniela Torres,,0.00,14.55,1.20,0.00,0.00
Tink-a-Tako - Potranco,102,10/19/25 10:13 AM,2,Rosa Compean,24,0.00,53.98,4.44,10.00,0.00
Tink-a-Tako - Potranco,103,10/19/25 10:13 AM,2,Esperansa Caviedes,8,0.00,26.79,2.21,5.89,0.00
Tink-a-Tako - Potranco,105,10/19/25 10:16 AM,2,Isabel Cisneros,25,0.00,44.68,3.68,10.00,0.00
Tink-a-Tako - Potranco,106,10/19/25 10:16 AM,1,Daniela Torres,,0.00,27.37,2.26,0.00,0.00
Tink-a-Tako - Potranco,107,10/19/25 10:18 AM,1,Daniela Torres,,0.00,15.35,1.27,0.00,0.00
Tink-a-Tako - Potranco,108,10/19/25 10:18 AM,1,Daniela Torres,,0.00,9.78,0.81,0.00,0.00
Tink-a-Tako - Potranco,111,10/19/25 10:19 AM,4,Maria Majana,15,0.00,36.55,3.03,10.00,0.00
Tink-a-Tako - Potranco,110,10/19/25 10:19 AM,3,Rosa Compean,19,0.00,29.19,2.41,0.00,0.00
Tink-a-Tako - Potranco,112,10/19/25 10:21 AM,2,Esperansa Caviedes,23,0.00,23.96,1.98,0.00,0.00
Tink-a-Tako - Potranco,99,10/19/25 10:06 AM,1,Daniela Torres,,0.00,7.56,0.63,0.00,0.00
Tink-a-Tako - Potranco,113,10/19/25 10:24 AM,2,Silvia Hernandez,9,0.00,25.95,2.15,5.00,0.00
Tink-a-Tako - Potranco,114,10/19/25 10:25 AM,6,Silvia Hernandez,3,0.00,92.04,7.60,20.00,18.41
Tink-a-Tako - Potranco,115,10/19/25 10:28 AM,2,Isabel Cisneros,7,0.00,25.92,2.13,0.00,0.00
Tink-a-Tako - Potranco,116,10/19/25 10:28 AM,2,Rosa Compean,32,0.00,19.35,1.60,5.00,0.00
Tink-a-Tako - Potranco,118,10/19/25 10:29 AM,1,Daniela Torres,,0.00,7.97,0.65,0.00,0.00
Tink-a-Tako - Potranco,119,10/19/25 10:30 AM,2,Juan  Camacho,38,0.00,13.97,1.15,0.00,0.00
Tink-a-Tako - Potranco,120,10/19/25 10:30 AM,1,Daniela Torres,,0.00,13.95,1.15,0.00,0.00
Tink-a-Tako - Potranco,122,10/19/25 10:31 AM,1,Daniela Torres,,0.00,11.45,0.94,0.00,0.00
Tink-a-Tako - Potranco,117,10/19/25 10:29 AM,7,Sergio Abundiz,40,0.00,120.01,9.88,0.00,24.00
Tink-a-Tako - Potranco,123,10/19/25 10:31 AM,2,Rosa Compean,21,4.80,25.14,2.08,0.00,0.00
Tink-a-Tako - Potranco,124,10/19/25 10:32 AM,1,Daniela Torres,,0.00,11.33,0.93,0.00,0.00
Tink-a-Tako - Potranco,126,10/19/25 10:32 AM,1,Lizeth Alonso,,0.00,9.27,0.77,0.00,0.00
Tink-a-Tako - Potranco,121,10/19/25 10:31 AM,6,Maria Majana,34,0.00,76.32,6.32,0.00,15.26
Tink-a-Tako - Potranco,128,10/19/25 10:33 AM,1,Daniela Torres,,0.00,3.78,0.31,0.00,0.00
Tink-a-Tako - Potranco,127,10/19/25 10:33 AM,6,Sergio Abundiz,31,0.00,76.57,6.30,0.00,15.31
Tink-a-Tako - Potranco,130,10/19/25 10:34 AM,1,Daniela Torres,,0.00,4.58,0.38,0.00,0.00
Tink-a-Tako - Potranco,133,10/19/25 10:35 AM,1,Silvia Hernandez,26,0.00,7.77,0.64,0.00,0.00
Tink-a-Tako - Potranco,129,10/19/25 10:33 AM,1,Daniela Torres,,0.00,32.19,2.65,0.00,0.00
Tink-a-Tako - Potranco,134,10/19/25 10:35 AM,1,Lizeth Alonso,,0.00,7.66,0.63,0.00,0.00
Tink-a-Tako - Potranco,138,10/19/25 10:37 AM,1,Daniela Torres,,0.00,6.38,0.52,0.00,0.00
Tink-a-Tako - Potranco,135,10/19/25 10:36 AM,3,Esperansa Caviedes,33,0.00,39.90,3.29,5.00,0.00
Tink-a-Tako - Potranco,136,10/19/25 10:37 AM,2,Rosie  ORDONEZ,35,0.00,20.14,1.65,0.00,0.00
Tink-a-Tako - Potranco,137,10/19/25 10:37 AM,1,Lizeth Alonso,,0.00,5.87,0.49,1.00,0.00
Tink-a-Tako - Potranco,139,10/19/25 10:38 AM,2,Maria Majana,17,0.00,43.69,3.60,0.00,0.00
Tink-a-Tako - Potranco,132,10/19/25 10:34 AM,1,Daniela Torres,,0.00,14.75,1.22,0.00,0.00
Tink-a-Tako - Potranco,140,10/19/25 10:39 AM,1,Daniela Torres,,0.00,0.00,0.00,0.00,0.00
Tink-a-Tako - Potranco,142,10/19/25 10:40 AM,3,Silvia Hernandez,10,0.00,30.24,2.50,0.00,0.00
Tink-a-Tako - Potranco,143,10/19/25 10:42 AM,1,Daniela Torres,,0.00,20.18,1.66,0.00,0.00
Tink-a-Tako - Potranco,144,10/19/25 10:42 AM,1,Daniela Torres,,0.00,7.18,0.59,0.00,0.00
Tink-a-Tako - Potranco,146,10/19/25 10:43 AM,3,Isabel Cisneros,37,0.00,44.85,3.69,15.00,0.00
Tink-a-Tako - Potranco,147,10/19/25 10:44 AM,2,Juan  Camacho,39,0.00,34.36,2.82,7.00,0.00
Tink-a-Tako - Potranco,148,10/19/25 10:44 AM,1,Daniela Torres,,0.00,27.52,2.26,0.00,0.00
Tink-a-Tako - Potranco,145,10/19/25 10:43 AM,1,Lizeth Alonso,,0.00,35.42,2.92,0.00,0.00
Tink-a-Tako - Potranco,149,10/19/25 10:45 AM,6,Juan  Camacho,42,0.00,91.26,7.52,1.00,18.25
Tink-a-Tako - Potranco,150,10/19/25 10:46 AM,3,Esperansa Caviedes,22,0.00,35.32,2.93,0.00,0.00
Tink-a-Tako - Potranco,151,10/19/25 10:47 AM,1,Daniela Torres,,0.00,33.39,2.76,0.00,0.00
Tink-a-Tako - Potranco,153,10/19/25 10:47 AM,1,Lizeth Alonso,,0.00,10.97,0.91,0.00,0.00
Tink-a-Tako - Potranco,155,10/19/25 10:48 AM,2,Rosa Compean,8,0.00,20.19,1.66,0.00,0.00
Tink-a-Tako - Potranco,157,10/19/25 10:49 AM,1,Lizeth Alonso,,0.00,0.00,0.00,0.00,0.00
Tink-a-Tako - Potranco,156,10/19/25 10:49 AM,1,Daniela Torres,,0.00,11.14,0.92,0.00,0.00
Tink-a-Tako - Potranco,160,10/19/25 10:51 AM,1,Isabel Cisneros,18,0.00,15.99,1.31,1.00,0.00
Tink-a-Tako - Potranco,162,10/19/25 10:53 AM,1,Lizeth Alonso,,0.00,13.76,1.14,0.00,0.00
Tink-a-Tako - Potranco,163,10/19/25 10:53 AM,3,Esperansa Caviedes,36,0.00,36.12,2.97,5.00,0.00
Tink-a-Tako - Potranco,161,10/19/25 10:52 AM,8,Rosa Compean,2,0.00,113.21,9.34,0.00,22.64
Tink-a-Tako - Potranco,164,10/19/25 10:55 AM,3,Rosa Compean,19,0.00,38.13,3.13,0.00,0.00
Tink-a-Tako - Potranco,165,10/19/25 10:56 AM,1,Daniela Torres,,0.00,24.92,2.05,0.00,0.00
Tink-a-Tako - Potranco,166,10/19/25 10:57 AM,1,Lizeth Alonso,,0.00,21.53,1.78,0.00,0.00
Tink-a-Tako - Potranco,167,10/19/25 10:57 AM,1,Daniela Torres,,0.00,6.97,0.57,0.00,0.00
Tink-a-Tako - Potranco,159,10/19/25 10:51 AM,2,Maria Majana,32,0.00,35.67,2.93,7.13,0.00
Tink-a-Tako - Potranco,169,10/19/25 10:59 AM,1,Daniela Torres,,0.00,6.97,0.57,0.00,0.00
Tink-a-Tako - Potranco,170,10/19/25 10:59 AM,1,Daniela Torres,,0.00,6.48,0.53,0.00,0.00
Tink-a-Tako - Potranco,171,10/19/25 11:00 AM,4,Silvia Hernandez,7,0.00,39.31,3.24,0.00,0.00
Tink-a-Tako - Potranco,172,10/19/25 11:00 AM,1,Daniela Torres,,0.00,9.67,0.80,0.00,0.00
Tink-a-Tako - Potranco,173,10/19/25 11:02 AM,1,Daniela Torres,,0.00,14.25,1.18,0.00,0.00
Tink-a-Tako - Potranco,176,10/19/25 11:03 AM,1,Rosie  ORDONEZ,,0.00,28.71,2.37,0.00,0.00
Tink-a-Tako - Potranco,174,10/19/25 11:02 AM,1,Lizeth Alonso,,0.00,24.24,1.98,0.00,0.00
Tink-a-Tako - Potranco,177,10/19/25 11:04 AM,2,Sergio Abundiz,38,0.00,44.84,3.69,15.00,0.00
Tink-a-Tako - Potranco,141,10/19/25 10:40 AM,1,Daniela Torres,,0.00,9.87,0.81,0.00,0.00
Tink-a-Tako - Potranco,178,10/19/25 11:05 AM,2,Maria Majana,11,0.00,26.66,2.20,4.00,0.00
Tink-a-Tako - Potranco,179,10/19/25 11:06 AM,1,Daniela Torres,,0.00,5.97,0.49,0.00,0.00
Tink-a-Tako - Potranco,183,10/19/25 11:09 AM,1,Isabel Cisneros,,0.00,39.12,3.23,8.00,0.00
Tink-a-Tako - Potranco,184,10/19/25 11:12 AM,1,Daniela Torres,,0.00,9.58,0.79,0.00,0.00
Tink-a-Tako - Potranco,185,10/19/25 11:13 AM,1,Daniela Torres,,0.00,10.16,0.84,0.00,0.00
Tink-a-Tako - Potranco,187,10/19/25 11:13 AM,2,Isabel Cisneros,15,0.00,56.34,4.64,10.00,0.00
Tink-a-Tako - Potranco,188,10/19/25 11:14 AM,1,Daniela Torres,,0.00,19.74,1.63,1.00,0.00
Tink-a-Tako - Potranco,189,10/19/25 11:16 AM,1,Lizeth Alonso,,0.00,22.61,1.85,0.00,0.00
Tink-a-Tako - Potranco,190,10/19/25 11:17 AM,1,Lizeth Alonso,,0.00,0.00,0.00,0.00,0.00
Tink-a-Tako - Potranco,191,10/19/25 11:18 AM,1,Daniela Torres,,0.00,4.98,0.41,0.00,0.00
Tink-a-Tako - Potranco,192,10/19/25 11:18 AM,1,Daniela Torres,,0.00,15.34,1.26,0.00,0.00
Tink-a-Tako - Potranco,194,10/19/25 11:20 AM,1,Sergio Abundiz,,0.00,33.76,2.78,0.00,0.00
Tink-a-Tako - Potranco,195,10/19/25 11:20 AM,1,Daniela Torres,,0.00,26.09,2.14,0.00,0.00
Tink-a-Tako - Potranco,196,10/19/25 11:21 AM,1,Daniela Torres,,0.00,1.79,0.15,0.00,0.00
Tink-a-Tako - Potranco,197,10/19/25 11:23 AM,1,Daniela Torres,,0.00,5.29,0.44,0.00,0.00
Tink-a-Tako - Potranco,199,10/19/25 11:23 AM,2,Silvia Hernandez,25,0.00,18.92,1.54,3.78,0.00
Tink-a-Tako - Potranco,198,10/19/25 11:23 AM,1,Daniela Torres,,0.00,13.25,1.09,0.00,0.00
Tink-a-Tako - Potranco,200,10/19/25 11:25 AM,3,Esperansa Caviedes,17,0.00,63.31,5.21,0.00,0.00
Tink-a-Tako - Potranco,201,10/19/25 11:26 AM,2,Rosa Compean,24,0.00,28.41,2.34,4.26,0.00
Tink-a-Tako - Potranco,202,10/19/25 11:27 AM,1,Lizeth Alonso,,0.00,12.35,1.02,0.00,0.00
Tink-a-Tako - Potranco,204,10/19/25 11:28 AM,1,Daniela Torres,,0.00,15.32,1.26,0.00,0.00
Tink-a-Tako - Potranco,205,10/19/25 11:28 AM,1,Silvia Hernandez,16,0.00,15.97,1.32,0.00,0.00
Tink-a-Tako - Potranco,206,10/19/25 11:29 AM,1,Daniela Torres,,0.00,19.98,1.65,0.00,0.00
Tink-a-Tako - Potranco,207,10/19/25 11:30 AM,1,Daniela Torres,,0.00,4.48,0.37,0.00,0.00
Tink-a-Tako - Potranco,209,10/19/25 11:30 AM,2,Silvia Hernandez,33,0.00,21.75,1.80,0.00,0.00
Tink-a-Tako - Potranco,211,10/19/25 11:31 AM,1,Daniela Torres,,0.00,8.56,0.71,0.00,0.00
Tink-a-Tako - Potranco,203,10/19/25 11:27 AM,6,Maria Majana,10,0.00,43.91,3.62,6.00,8.78
Tink-a-Tako - Potranco,213,10/19/25 11:33 AM,1,Daniela Torres,,0.00,8.98,0.74,0.00,0.00
Tink-a-Tako - Potranco,212,10/19/25 11:33 AM,8,Juan  Camacho,8,0.00,102.39,8.44,0.00,20.48
Tink-a-Tako - Potranco,214,10/19/25 11:37 AM,1,Daniela Torres,,0.00,13.86,1.14,0.00,0.00
Tink-a-Tako - Potranco,215,10/19/25 11:38 AM,7,Esperansa Caviedes,4,0.00,68.82,5.68,9.38,13.76
Tink-a-Tako - Potranco,216,10/19/25 11:39 AM,4,Juan  Camacho,32,0.00,31.55,2.60,0.00,0.00
Tink-a-Tako - Potranco,217,10/19/25 11:40 AM,1,Daniela Torres,,0.00,12.99,1.07,0.00,0.00
Tink-a-Tako - Potranco,219,10/19/25 11:42 AM,1,Daniela Torres,,0.00,21.04,1.74,0.00,0.00
Tink-a-Tako - Potranco,220,10/19/25 11:43 AM,3,Rosa Compean,36,0.00,34.78,2.85,6.00,0.00
Tink-a-Tako - Potranco,222,10/19/25 11:43 AM,2,Isabel Cisneros,19,0.00,30.21,2.49,5.00,0.00
Tink-a-Tako - Potranco,221,10/19/25 11:43 AM,1,Daniela Torres,,6.87,20.85,1.71,0.00,0.00
Tink-a-Tako - Potranco,218,10/19/25 11:41 AM,3,Maria Majana,22,0.00,31.19,2.57,6.24,0.00
Tink-a-Tako - Potranco,223,10/19/25 11:44 AM,1,Lizeth Alonso,,0.00,34.83,2.87,0.00,0.00
Tink-a-Tako - Potranco,224,10/19/25 11:45 AM,1,Lizeth Alonso,,0.00,12.45,1.03,0.00,0.00
Tink-a-Tako - Potranco,227,10/19/25 11:45 AM,1,Daniela Torres,,0.00,6.98,0.58,0.00,0.00
Tink-a-Tako - Potranco,230,10/19/25 11:46 AM,2,Rosa Compean,7,4.80,34.84,2.87,10.00,0.00
Tink-a-Tako - Potranco,225,10/19/25 11:45 AM,6,Sergio Abundiz,34,0.00,73.02,6.01,0.00,14.60
Tink-a-Tako - Potranco,229,10/19/25 11:46 AM,5,Silvia Hernandez,23,0.00,44.25,3.63,5.00,0.00
Tink-a-Tako - Potranco,232,10/19/25 11:47 AM,3,Isabel Cisneros,18,0.00,33.93,2.82,0.00,0.00
Tink-a-Tako - Potranco,231,10/19/25 11:47 AM,1,Lizeth Alonso,,0.00,0.00,0.00,0.00,0.00
Tink-a-Tako - Potranco,233,10/19/25 11:47 AM,2,Esperansa Caviedes,20,0.00,21.76,1.79,8.00,0.00
Tink-a-Tako - Potranco,234,10/19/25 11:48 AM,1,Daniela Torres,,0.00,7.86,0.65,0.00,0.00
Tink-a-Tako - Potranco,235,10/19/25 11:48 AM,1,Lizeth Alonso,,0.00,5.50,0.45,0.00,0.00
Tink-a-Tako - Potranco,236,10/19/25 11:49 AM,2,Silvia Hernandez,37,0.00,16.51,1.36,0.00,0.00
Tink-a-Tako - Potranco,237,10/19/25 11:50 AM,2,Rosa Compean,35,0.00,28.24,2.33,5.00,0.00
Tink-a-Tako - Potranco,181,10/19/25 11:09 AM,1,Daniela Torres,,0.00,28.71,2.36,0.00,0.00
Tink-a-Tako - Potranco,238,10/19/25 11:51 AM,1,Daniela Torres,,0.00,23.90,1.97,0.00,0.00
Tink-a-Tako - Potranco,244,10/19/25 11:56 AM,1,Daniela Torres,,2.20,19.78,1.63,0.00,0.00
Tink-a-Tako - Potranco,243,10/19/25 11:56 AM,1,Lizeth Alonso,,0.00,23.92,1.97,2.00,0.00
Tink-a-Tako - Potranco,245,10/19/25 11:58 AM,1,Lizeth Alonso,,0.00,2.29,0.19,0.00,0.00
Tink-a-Tako - Potranco,247,10/19/25 11:59 AM,1,Daniela Torres,,0.00,19.12,1.58,0.00,0.00
Tink-a-Tako - Potranco,250,10/19/25 12:01 PM,3,Esperansa Caviedes,1,0.00,38.95,3.20,6.00,0.00
Tink-a-Tako - Potranco,249,10/19/25 12:00 PM,1,Daniela Torres,,0.00,13.46,1.11,0.00,0.00
Tink-a-Tako - Potranco,252,10/19/25 12:01 PM,2,Rosa Compean,10,0.00,22.16,1.83,2.00,0.00
Tink-a-Tako - Potranco,253,10/19/25 12:04 PM,2,Silvia Hernandez,38,0.00,12.25,1.02,0.00,0.00
Tink-a-Tako - Potranco,255,10/19/25 12:05 PM,3,Rosa Compean,25,0.00,61.91,5.10,4.00,0.00
Tink-a-Tako - Potranco,256,10/19/25 12:06 PM,1,Daniela Torres,,0.00,18.93,1.56,0.00,0.00
Tink-a-Tako - Potranco,258,10/19/25 12:07 PM,1,Daniela Torres,,0.00,15.85,1.31,0.00,0.00
Tink-a-Tako - Potranco,257,10/19/25 12:07 PM,2,Maria Majana,24,0.00,12.05,0.99,3.00,0.00
Tink-a-Tako - Potranco,261,10/19/25 12:09 PM,2,Rosa Compean,17,0.00,30.71,2.53,2.00,0.00
Tink-a-Tako - Potranco,260,10/19/25 12:08 PM,5,Sergio Abundiz,40,0.00,82.99,6.84,0.00,0.00
Tink-a-Tako - Potranco,262,10/19/25 12:15 PM,1,Daniela Torres,,0.00,11.16,0.91,0.00,0.00
Tink-a-Tako - Potranco,263,10/19/25 12:15 PM,1,Rosa Compean,16,0.00,14.93,1.24,3.00,0.00
Tink-a-Tako - Potranco,264,10/19/25 12:16 PM,1,Daniela Torres,,0.00,17.06,1.40,0.00,0.00
Tink-a-Tako - Potranco,265,10/19/25 12:17 PM,2,Silvia Hernandez,32,0.00,23.81,1.96,4.76,0.00
Tink-a-Tako - Potranco,267,10/19/25 12:17 PM,1,Daniela Torres,,0.00,15.62,1.29,0.00,0.00
Tink-a-Tako - Potranco,268,10/19/25 12:18 PM,1,Lizeth Alonso,,0.00,15.81,1.30,0.00,0.00
Tink-a-Tako - Potranco,270,10/19/25 12:18 PM,4,Esperansa Caviedes,36,0.00,48.92,4.03,0.00,0.00
Tink-a-Tako - Potranco,266,10/19/25 12:17 PM,1,Lizeth Alonso,,0.00,26.23,2.16,0.00,0.00
Tink-a-Tako - Potranco,271,10/19/25 12:21 PM,1,Daniela Torres,,0.00,25.60,2.12,0.00,0.00
Tink-a-Tako - Potranco,272,10/19/25 12:21 PM,3,Juan  Camacho,22,0.00,31.64,2.59,0.00,0.00
Tink-a-Tako - Potranco,273,10/19/25 12:23 PM,1,Daniela Torres,,0.00,14.05,1.17,0.00,0.00
Tink-a-Tako - Potranco,274,10/19/25 12:23 PM,4,Silvia Hernandez,31,2.00,63.03,5.21,15.00,0.00
Tink-a-Tako - Potranco,275,10/19/25 12:25 PM,3,Maria Majana,19,0.00,64.35,5.30,10.00,0.00
Tink-a-Tako - Potranco,277,10/19/25 12:28 PM,2,Silvia Hernandez,33,0.00,27.51,2.27,0.00,0.00
Tink-a-Tako - Potranco,278,10/19/25 12:29 PM,1,Daniela Torres,,0.00,10.77,0.88,1.00,0.00
Tink-a-Tako - Potranco,279,10/19/25 12:32 PM,1,Daniela Torres,,0.00,1.99,0.16,0.00,0.00
Tink-a-Tako - Potranco,280,10/19/25 12:33 PM,1,Daniela Torres,,0.00,11.99,0.99,0.00,0.00
Tink-a-Tako - Potranco,281,10/19/25 12:34 PM,1,Daniela Torres,,0.00,24.45,2.02,0.00,0.00
Tink-a-Tako - Potranco,282,10/19/25 12:36 PM,6,Isabel Cisneros,42,0.00,54.87,4.51,0.00,10.97
Tink-a-Tako - Potranco,283,10/19/25 12:37 PM,1,Daniela Torres,,0.00,23.40,1.93,0.00,0.00
Tink-a-Tako - Potranco,285,10/19/25 12:38 PM,1,Lizeth Alonso,,0.00,16.47,1.36,3.00,0.00
Tink-a-Tako - Potranco,284,10/19/25 12:38 PM,1,Daniela Torres,,0.00,13.56,1.12,0.00,0.00
Tink-a-Tako - Potranco,287,10/19/25 12:40 PM,5,Isabel Cisneros,11,0.00,63.23,5.19,0.00,0.00
Tink-a-Tako - Potranco,288,10/19/25 12:42 PM,1,Daniela Torres,,0.00,7.76,0.64,0.00,0.00
Tink-a-Tako - Potranco,290,10/19/25 12:42 PM,2,Rosa Compean,20,0.00,44.19,3.64,12.00,0.00
Tink-a-Tako - Potranco,293,10/19/25 12:42 PM,1,Daniela Torres,,0.00,22.57,1.86,0.00,0.00
Tink-a-Tako - Potranco,292,10/19/25 12:42 PM,2,Esperansa Caviedes,38,0.00,25.41,2.09,0.00,0.00
Tink-a-Tako - Potranco,297,10/19/25 12:47 PM,1,Daniela Torres,,0.00,18.76,1.54,0.00,0.00
Tink-a-Tako - Potranco,296,10/19/25 12:46 PM,1,Lizeth Alonso,,0.00,3.58,0.30,0.00,0.00
Tink-a-Tako - Potranco,299,10/19/25 12:48 PM,1,Daniela Torres,,0.00,11.14,0.91,0.00,0.00
Tink-a-Tako - Potranco,298,10/19/25 12:48 PM,2,Sergio Abundiz,25,0.00,33.45,2.75,5.80,0.00
Tink-a-Tako - Potranco,301,10/19/25 12:53 PM,1,Rosa Compean,,0.00,7.99,0.66,0.00,0.00
Tink-a-Tako - Potranco,300,10/19/25 12:51 PM,3,Maria Majana,15,0.00,39.19,3.23,0.00,0.00
Tink-a-Tako - Potranco,303,10/19/25 12:59 PM,6,Silvia Hernandez,23,0.00,86.10,7.10,15.00,17.22
Tink-a-Tako - Potranco,304,10/19/25 1:01 PM,1,Daniela Torres,,0.00,14.57,1.20,0.00,0.00
Tink-a-Tako - Potranco,307,10/19/25 1:03 PM,2,Isabel Cisneros,24,0.00,22.37,1.83,4.00,0.00
Tink-a-Tako - Potranco,305,10/19/25 1:02 PM,1,Daniela Torres,,0.00,16.84,1.38,0.00,0.00
Tink-a-Tako - Potranco,308,10/19/25 1:06 PM,1,Daniela Torres,,0.00,13.99,1.15,3.00,0.00
Tink-a-Tako - Potranco,309,10/19/25 1:10 PM,1,Daniela Torres,,0.00,12.96,1.06,10.00,0.00
Tink-a-Tako - Potranco,311,10/19/25 1:11 PM,8,Juan  Camacho,3,0.00,82.60,6.81,0.00,16.52
Tink-a-Tako - Potranco,312,10/19/25 1:12 PM,1,Esperansa Caviedes,7,0.00,15.98,1.32,2.70,0.00
Tink-a-Tako - Potranco,313,10/19/25 1:13 PM,1,Silvia Hernandez,17,0.00,9.37,0.77,0.00,0.00
Tink-a-Tako - Potranco,310,10/19/25 1:11 PM,1,Daniela Torres,,0.00,8.38,0.69,1.00,0.00
Tink-a-Tako - Potranco,317,10/19/25 1:18 PM,1,Esperansa Caviedes,1,0.00,9.99,0.82,0.00,0.00
Tink-a-Tako - Potranco,318,10/19/25 1:20 PM,1,Daniela Torres,,0.00,6.90,0.56,5.00,0.00
Tink-a-Tako - Potranco,319,10/19/25 1:22 PM,1,Daniela Torres,,0.00,12.17,1.01,0.00,0.00
Tink-a-Tako - Potranco,320,10/19/25 1:22 PM,1,Daniela Torres,,0.00,23.15,1.91,0.00,0.00
Tink-a-Tako - Potranco,321,10/19/25 1:23 PM,1,Lizeth Alonso,,0.00,15.82,1.30,0.00,0.00
Tink-a-Tako - Potranco,322,10/19/25 1:23 PM,3,Sergio Abundiz,33,0.00,36.18,2.98,0.00,0.00
Tink-a-Tako - Potranco,324,10/19/25 1:28 PM,1,Daniela Torres,,0.00,20.04,1.65,0.00,0.00
Tink-a-Tako - Potranco,325,10/19/25 1:28 PM,1,Daniela Torres,,0.00,12.93,1.06,0.00,0.00
Tink-a-Tako - Potranco,327,10/19/25 1:30 PM,2,Rosa Compean,18,0.00,32.53,2.69,0.00,0.00
Tink-a-Tako - Potranco,323,10/19/25 1:27 PM,4,Rosa Compean,22,0.00,46.33,3.81,0.00,0.00
Tink-a-Tako - Potranco,328,10/19/25 1:36 PM,5,Isabel Cisneros,34,0.00,39.46,3.24,2.00,0.00
Tink-a-Tako - Potranco,329,10/19/25 1:38 PM,1,Daniela Torres,,0.00,29.84,2.46,0.00,0.00
Tink-a-Tako - Potranco,330,10/19/25 1:39 PM,1,Daniela Torres,,0.00,30.31,2.51,0.00,0.00
Tink-a-Tako - Potranco,331,10/19/25 1:52 PM,3,Silvia Hernandez,25,0.00,27.80,2.31,6.00,0.00
Tink-a-Tako - Potranco,332,10/19/25 1:54 PM,1,Daniela Torres,,0.00,10.76,0.90,0.00,0.00
Tink-a-Tako - Potranco,333,10/19/25 1:55 PM,1,Daniela Torres,,1.92,17.24,1.42,0.00,0.00
Tink-a-Tako - Potranco,334,10/19/25 1:59 PM,1,Daniela Torres,,0.00,15.92,1.30,2.00,0.00
Tink-a-Tako - Potranco,335,10/19/25 2:05 PM,2,Esperansa Caviedes,32,0.00,30.44,2.50,0.00,0.00
Tink-a-Tako - Potranco,336,10/19/25 2:07 PM,4,Rosa Compean,41,0.00,41.97,3.46,0.00,0.00
Tink-a-Tako - Potranco,337,10/19/25 2:07 PM,2,Silvia Hernandez,23,0.00,33.95,2.80,4.00,0.00
Tink-a-Tako - Potranco,338,10/19/25 2:11 PM,1,Daniela Torres,,0.00,4.98,0.41,0.00,0.00
Tink-a-Tako - Potranco,341,10/19/25 2:18 PM,1,Lizeth Alonso,,0.00,18.97,1.56,0.00,0.00
Tink-a-Tako - Potranco,340,10/19/25 2:13 PM,1,Daniela Torres,,0.00,4.48,0.37,0.00,0.00
Tink-a-Tako - Potranco,342,10/19/25 2:23 PM,1,Daniela Torres,,0.00,8.98,0.74,0.00,0.00
Tink-a-Tako - Potranco,343,10/19/25 2:43 PM,1,Daniela Torres,,0.00,20.48,1.69,0.00,0.00
