Employee,Job Title,Regular Hours,Overtime Hours,Hourly Rate,Regular Pay,Overtime Pay,Total Pay,Net Sales,Declared Tips,Non-Cash Tips,Total Tips,Tips Withheld,Total Gratuity,Employee ID,Job Code,Location,Location Code
"Abundiz, Ivana",Host,7.17,0.0,14.00,100.38,0.00,100.38,0.00,,0.00,0.00,0.00,0.00,,,Tink-a-Tako - Potranco,
"Abundiz, Sergio",Server,7.66,0.0,,,,,587.81,,36.88,36.88,0.00,53.91,,,Tink-a-Tako - Potranco,
"Alonso, Lizeth",Host,0.0,7.23,13.00,0.00,140.99,140.99,421.46,,12.32,12.32,0.00,0.00,,,Tink-a-Tako - Potranco,
"Alvarado, Rodolfo",Cook,7.79,0.0,17.00,132.43,0.00,132.43,0.00,,0.00,0.00,0.00,0.00,,,Tink-a-Tako - Potranco,
"Aviles, Genaro",Cook,0.0,6.62,15.00,0.00,148.95,148.95,0.00,,0.00,0.00,0.00,0.00,,,Tink-a-Tako - Potranco,
"Calderon, Jesus",Cook,2.27,3.76,,,,,0.00,,0.00,0.00,0.00,0.00,,,Tink-a-Tako - Potranco,
"Camacho, Juan ",Server,0.0,5.9,3.00,0.00,26.55,26.55,387.77,,8.00,8.00,0.00,55.25,,,Tink-a-Tako - Potranco,
"Caviedes, Esperansa",Server,6.71,1.43,3.00,20.13,6.44,26.57,610.45,,53.25,53.25,0.00,13.76,,,Tink-a-Tako - Potranco,
"Cisneros, Isabel",Server,5.37,1.9,3.00,16.11,8.55,24.66,571.46,,69.00,69.00,0.00,10.97,,,Tink-a-Tako - Potranco,
"Compean, Rosa",Server,7.31,0.0,3.00,21.93,0.00,21.93,907.42,,74.26,74.26,0.00,38.21,,,Tink-a-Tako - Potranco,
"Diaz, Diego",Cook,0.0,8.65,,,,,0.00,,0.00,0.00,0.00,0.00,,,Tink-a-Tako - Potranco,
"Dominguez, Jose ",Cook,0.0,8.38,17.00,0.00,213.69,213.69,0.00,,0.00,0.00,0.00,0.00,,,Tink-a-Tako - Potranco,
"Gonzales (Line) , Maria",Cook,0.0,8.81,14.00,0.00,185.01,185.01,0.00,,0.00,0.00,0.00,0.00,,,Tink-a-Tako - Potranco,
"Hernandez, Silvia",Server,7.15,0.0,3.00,21.45,0.00,21.45,700.34,,95.78,95.78,0.00,35.63,,,Tink-a-Tako - Potranco,
"Juarez, Maria ",Dishwasher,7.67,0.0,12.00,92.04,0.00,92.04,0.00,,0.00,0.00,0.00,0.00,,,Tink-a-Tako - Potranco,
"Majana, Maria",Server,7.13,0.0,3.00,21.39,0.00,21.39,551.27,,58.37,58.37,0.00,24.04,,,Tink-a-Tako - Potranco,
"Nanez Partida, Jose",Cook,8.46,0.0,15.00,126.90,0.00,126.90,0.00,,0.00,0.00,0.00,0.00,,,Tink-a-Tako - Potranco,
"ORDONEZ, Rosie ",Shift Manager / Assistant Manager,0.0,8.82,,,,,48.85,,0.00,0.00,0.00,0.00,,,Tink-a-Tako - Potranco,
"Ramirez Perez, Silvia",Cook,0.0,8.55,17.00,0.00,218.03,218.03,0.00,,0.00,0.00,0.00,0.00,,,Tink-a-Tako - Potranco,
"Rueda, Jonathan",Busser,0.0,5.65,12.00,0.00,101.70,101.70,0.00,,0.00,0.00,0.00,0.00,,,Tink-a-Tako - Potranco,
"Serrato, Joshua ",Busser,6.86,0.0,12.00,82.32,0.00,82.32,0.00,,0.00,0.00,0.00,0.00,,,Tink-a-Tako - Potranco,
"Torres, Daniela",Drive-Thru,0.0,7.92,,,,,1978.82,,54.37,54.37,0.00,0.00,,,Tink-a-Tako - Potranco,
"Trevino, Melissa",Dishwasher,7.42,0.0,13.00,96.46,0.00,96.46,0.00,,0.00,0.00,0.00,0.00,,,Tink-a-Tako - Potranco,
