Employee,Job Title,Regular Hours,Overtime Hours,Hourly Rate,Regular Pay,Overtime Pay,Total Pay,Net Sales,Declared Tips,Non-Cash Tips,Total Tips,Tips Withheld,Total Gratuity,Employee ID,Job Code,Location,Location Code
"C, PM Cashier",Cashier,2.22,0.0,,,,,352.20,,11.69,11.69,0.00,0.00,,,2919 Blanco Rd,
"Hernandez, Celinda",Cook,9.0,0.0,16.00,144.00,0.00,144.00,0.00,,0.00,0.00,0.00,0.00,,,2919 Blanco Rd,
"Hernandez, Fidelia ",Cook,7.82,5.67,14.00,109.48,119.07,228.55,0.00,,0.00,0.00,0.00,0.00,,,2919 Blanco Rd,
"Martinez , Sami",Server,7.88,0.0,3.00,23.64,0.00,23.64,355.73,0.00,39.53,39.53,0.00,0.00,,,2919 Blanco Rd,
"Melendez, Ninoska",Tortillero/a,7.45,0.0,13.00,96.85,0.00,96.85,0.00,,0.00,0.00,0.00,0.00,,,2919 Blanco Rd,
"Ovalle , Martina",Server,12.44,0.54,,,,,697.80,,38.00,38.00,0.00,0.00,,,2919 Blanco Rd,
"Pena , Vilma",Cook,8.29,0.0,14.00,116.06,0.00,116.06,0.00,,0.00,0.00,0.00,0.00,,,2919 Blanco Rd,
"Salazar, Maria ",Shift Manager / Assistant Manager,8.14,0.0,,,,,710.78,,52.00,52.00,0.00,0.00,,,2919 Blanco Rd,
"Salazar, Maria ",Drive-Thru,1.29,5.85,12.00,15.48,105.30,120.78,561.85,,20.00,20.00,0.00,0.00,,,2919 Blanco Rd,
"Villalobos , Veronica ",Cook,7.29,1.34,14.00,102.06,28.14,130.20,0.00,,0.00,0.00,0.00,0.00,,,2919 Blanco Rd,
"lopez, samantha",Drive-Thru,2.25,3.79,13.00,29.25,73.91,103.16,1270.40,,48.42,48.42,0.00,0.00,,,2919 Blanco Rd,
