,Location,Employee,Job Title,In Date,Shift Closed Date,Out Date,Hours,Cash Tips Decl.,Cash on Hand,Cash in Drawer,Non-Cash Tips,Cash Gratuity,Non-Cash Gratuity,Tips Withheld,Non-Cash Sales,Cash Sales,Total Sales,Cash Collected?,Tips Paid?,Open,Paid,Closed,Tip Share Total
800000028066116284,2919 Blanco Rd,Maria  Salazar,Shift Manager / Assistant Manager,8/8/25 5:47 AM,8/8/25 1:52 PM,8/8/25 1:56 PM,8.14,,0.00,224.66,52.00,0.00,0.00,0.00,544.70,224.66,769.36,yes,yes,0,0,41,0.00
800000028066157949,2919 Blanco Rd,PM Cashier C,Cashier,8/8/25 5:55 AM,8/8/25 8:09 AM,8/8/25 8:09 AM,2.22,,0.00,196.77,11.69,0.00,0.00,0.00,184.42,196.77,381.19,yes,yes,0,0,39,0.00
800000028066212682,2919 Blanco Rd,Sami Martinez ,Server,8/8/25 6:07 AM,8/8/25 1:52 PM,8/8/25 2:00 PM,7.88,0.00,0.00,121.03,39.53,0.00,0.00,0.00,264.03,121.03,385.06,yes,yes,0,0,20,0.00
800000028067538108,2919 Blanco Rd,Martina Ovalle ,Server,8/8/25 7:56 AM,8/8/25 1:28 PM,8/8/25 1:28 PM,5.52,,0.00,119.03,30.00,0.00,0.00,0.00,283.05,119.03,402.08,yes,yes,0,0,18,0.00
800000028067715122,2919 Blanco Rd,samantha lopez,Drive-Thru,8/8/25 8:06 AM,8/8/25 2:00 PM,8/8/25 2:08 PM,6.04,,0.00,396.36,48.42,0.00,0.00,0.00,978.60,396.36,1374.96,yes,yes,0,0,112,0.00
800000028079726621,2919 Blanco Rd,Martina Ovalle ,Server,8/8/25 1:28 PM,8/8/25 8:55 PM,8/8/25 8:55 PM,7.46,,0.00,204.91,8.00,0.00,0.00,0.00,148.28,204.91,353.19,yes,yes,0,0,17,0.00
800000028081045209,2919 Blanco Rd,Maria  Salazar,Drive-Thru,8/8/25 1:56 PM,8/8/25 8:52 PM,8/8/25 9:04 PM,7.14,,0.00,194.35,20.00,0.00,0.00,0.00,413.74,194.35,608.09,yes,yes,0,0,38,0.00
