,Location,Employee,Job Title,In Date,Shift Closed Date,Out Date,Hours,Cash Tips Decl.,Cash on Hand,Cash in Drawer,Non-Cash Tips,Cash Gratuity,Non-Cash Gratuity,Tips Withheld,Non-Cash Sales,Cash Sales,Total Sales,Cash Collected?,Tips Paid?,Open,Paid,Closed,Tip Share Total
800000030674706466,2919 Blanco Rd,Cin Cin,Drive-Thru,10/12/25 7:04 AM,10/12/25 1:44 PM,10/12/25 2:02 PM,6.97,,0.00,470.10,70.00,0.00,0.00,0.00,1568.00,470.10,2038.10,yes,yes,0,0,130,0.00
800000030674751452,2919 Blanco Rd,AM CASHIER,General Manager,10/12/25 7:09 AM,10/12/25 3:07 PM,10/12/25 3:07 PM,7.96,,0.00,155.20,0.00,0.00,0.00,0.00,168.02,155.20,323.22,yes,yes,0,0,26,0.00
800000030675291549,2919 Blanco Rd,Maria  Salazar,Shift Manager / Assistant Manager,10/12/25 8:01 AM,10/12/25 3:06 PM,10/12/25 3:12 PM,7.17,,0.00,69.76,21.00,0.00,0.00,0.00,143.95,69.76,213.71,yes,yes,0,0,10,0.00
800000030676360781,2919 Blanco Rd,Martina Ovalle ,Server,10/12/25 8:57 AM,10/12/25 3:03 PM,10/12/25 3:23 PM,6.42,,0.00,401.38,98.00,37.62,63.03,0.00,1176.99,363.76,1540.75,yes,yes,0,0,38,0.00
800000030677008271,2919 Blanco Rd,samantha lopez,Server,10/12/25 9:22 AM,10/12/25 3:25 PM,10/12/25 3:25 PM,6.04,,0.00,0.00,0.00,0.00,0.00,0.00,0.00,0.00,0.00,yes,yes,0,0,0,0.00
