Location,Order #,Opened,Server,Table,Revenue Center,Discount Amount,Amount,Tax,Tip,Gratuity,Duration (Opened to Paid)
2919 Blanco Rd,2,8/16/25 6:04 AM,AM CASHIER,,Dining Room,0.00,4.58,0.38,0.00,0.00,00:00:59
2919 Blanco Rd,3,8/16/25 6:22 AM,Martina Ovalle ,,Dining Room,0.00,8.56,0.71,1.00,0.00,00:01:57
2919 Blanco Rd,6,8/16/25 6:28 AM,Martina Ovalle ,,Dining Room,0.00,5.97,0.49,0.00,0.00,00:00:44
2919 Blanco Rd,7,8/16/25 6:28 AM,Martina Ovalle ,,Dining Room,0.00,16.24,1.34,0.00,0.00,00:10:24
2919 Blanco Rd,8,8/16/25 6:37 AM,Martina Ovalle ,,Dining Room,0.00,14.26,1.18,0.00,0.00,00:04:17
2919 Blanco Rd,12,8/16/25 6:54 AM,Martina Ovalle ,,Drive Thru,0.00,5.97,0.49,0.00,0.00,00:00:09
2919 Blanco Rd,4,8/16/25 6:22 AM,Martina Ovalle ,,Dining Room,0.00,8.37,0.68,0.00,0.00,00:35:48
2919 Blanco Rd,14,8/16/25 7:00 AM,Martina Ovalle ,,Dining Room,0.00,5.29,0.44,0.00,0.00,00:01:22
2919 Blanco Rd,15,8/16/25 7:00 AM,Martina Ovalle ,,Dining Room,0.00,29.17,2.41,1.00,0.00,00:07:49
2919 Blanco Rd,16,8/16/25 7:05 AM,Martina Ovalle ,,Dining Room,0.00,5.14,0.42,0.00,0.00,00:03:24
2919 Blanco Rd,17,8/16/25 7:10 AM,Eduardo  Franco ,25,Dining Room,0.00,11.79,0.97,2.00,0.00,00:27:39
2919 Blanco Rd,18,8/16/25 7:11 AM,Martina Ovalle ,,Drive Thru,0.00,12.75,1.06,0.00,0.00,00:02:05
2919 Blanco Rd,19,8/16/25 7:12 AM,Martina Ovalle ,,Drive Thru,0.00,7.99,0.67,0.00,0.00,00:03:39
2919 Blanco Rd,4001,8/16/25 7:18 AM,Eduardo  Franco ,11,Dining Room,0.00,50.38,4.14,10.00,0.00,00:14:03
2919 Blanco Rd,22,8/16/25 7:20 AM,AM CASHIER,,Dining Room,0.00,5.00,0.41,0.00,0.00,00:00:10
2919 Blanco Rd,23,8/16/25 7:23 AM,Eduardo  Franco ,3,Dining Room,0.00,7.14,0.59,2.00,0.00,00:07:44
2919 Blanco Rd,24,8/16/25 7:28 AM,Martina Ovalle ,,Dining Room,0.00,7.96,0.66,0.00,0.00,00:01:03
2919 Blanco Rd,26,8/16/25 7:34 AM,AM CASHIER,,Dining Room,0.00,13.94,1.14,1.92,0.00,00:14:25
2919 Blanco Rd,28,8/16/25 7:40 AM,AM CASHIER,,Dining Room,0.00,7.99,0.66,0.00,0.00,00:00:10
2919 Blanco Rd,29,8/16/25 7:41 AM,Martina Ovalle ,,Dining Room,0.00,3.98,0.32,2.00,0.00,00:01:19
2919 Blanco Rd,30,8/16/25 7:46 AM,AM CASHIER,,Dining Room,0.00,21.12,1.74,0.00,0.00,00:03:01
2919 Blanco Rd,31,8/16/25 7:48 AM,Martina Ovalle ,,Dining Room,0.00,12.01,0.99,3.00,0.00,00:03:00
2919 Blanco Rd,32,8/16/25 7:48 AM,Martina Ovalle ,,Dining Room,0.00,5.97,0.49,0.00,0.00,00:04:01
2919 Blanco Rd,33,8/16/25 7:53 AM,AM CASHIER,,Dining Room,0.00,5.94,0.49,1.00,0.00,00:00:36
2919 Blanco Rd,34,8/16/25 7:57 AM,Eduardo  Franco ,14,Dining Room,1.55,15.29,1.26,0.00,0.00,00:22:06
2919 Blanco Rd,35,8/16/25 7:58 AM,Martina Ovalle ,,Dining Room,0.00,23.93,1.98,0.00,0.00,00:21:20
2919 Blanco Rd,36,8/16/25 8:00 AM,Martina Ovalle ,,Dining Room,0.00,14.82,1.22,0.00,0.00,00:01:12
2919 Blanco Rd,37,8/16/25 8:04 AM,Martina Ovalle ,,Dining Room,0.00,4.48,0.37,0.00,0.00,00:01:05
2919 Blanco Rd,38,8/16/25 8:05 AM,Martina Ovalle ,,Dining Room,0.00,30.90,2.55,3.00,0.00,00:01:47
2919 Blanco Rd,39,8/16/25 8:06 AM,Martina Ovalle ,,Drive Thru,0.00,5.04,0.42,0.00,0.00,00:02:11
2919 Blanco Rd,41,8/16/25 8:14 AM,ADRIAN MORALES,6,Dining Room,0.00,34.73,2.87,2.40,0.00,00:28:27
2919 Blanco Rd,42,8/16/25 8:19 AM,Martina Ovalle ,,Drive Thru,0.00,20.50,1.69,3.00,0.00,00:01:50
2919 Blanco Rd,44,8/16/25 8:20 AM,Martina Ovalle ,,Drive Thru,0.00,3.99,0.32,0.00,0.00,00:02:39
2919 Blanco Rd,45,8/16/25 8:21 AM,Martina Ovalle ,,Drive Thru,0.00,7.43,0.60,0.00,0.00,00:02:54
2919 Blanco Rd,46,8/16/25 8:24 AM,Eduardo  Franco ,11,Dining Room,0.00,12.66,1.06,0.00,0.00,00:12:12
2919 Blanco Rd,47,8/16/25 8:24 AM,Martina Ovalle ,,Drive Thru,0.00,13.38,1.10,0.00,0.00,00:01:22
2919 Blanco Rd,49,8/16/25 8:25 AM,Martina Ovalle ,,Dining Room,0.00,3.98,0.33,0.00,0.00,00:01:40
2919 Blanco Rd,50,8/16/25 8:25 AM,Martina Ovalle ,,Dining Room,0.00,25.82,2.13,0.00,0.00,00:04:30
2919 Blanco Rd,53,8/16/25 8:35 AM,AM CASHIER,,Dining Room,0.00,12.62,1.03,0.00,0.00,00:20:57
2919 Blanco Rd,52,8/16/25 8:33 AM,ADRIAN MORALES,2,Dining Room,0.00,24.73,2.04,4.00,0.00,00:15:59
2919 Blanco Rd,54,8/16/25 8:35 AM,Martina Ovalle ,,Dining Room,0.00,17.48,1.45,0.00,0.00,00:06:01
2919 Blanco Rd,56,8/16/25 8:41 AM,Eduardo  Franco ,12,Dining Room,0.00,12.28,1.01,5.00,0.00,00:16:11
2919 Blanco Rd,57,8/16/25 8:41 AM,Martina Ovalle ,,Drive Thru,0.00,8.56,0.70,0.00,0.00,00:02:52
2919 Blanco Rd,58,8/16/25 8:47 AM,Martina Ovalle ,,Dining Room,0.00,15.92,1.31,0.00,0.00,00:02:58
2919 Blanco Rd,60,8/16/25 8:47 AM,ADRIAN MORALES,10,Dining Room,0.00,7.93,0.66,0.00,0.00,00:17:30
2919 Blanco Rd,59,8/16/25 8:47 AM,Martina Ovalle ,,Dining Room,0.00,5.29,0.44,0.00,0.00,00:05:02
2919 Blanco Rd,61,8/16/25 8:49 AM,Martina Ovalle ,,Dining Room,0.00,6.58,0.55,0.00,0.00,00:04:03
2919 Blanco Rd,63,8/16/25 8:56 AM,Martina Ovalle ,,Dining Room,0.00,13.82,1.13,0.00,0.00,00:01:59
2919 Blanco Rd,64,8/16/25 8:56 AM,Martina Ovalle ,,Dining Room,0.00,1.99,0.16,0.00,0.00,00:02:54
2919 Blanco Rd,66,8/16/25 8:58 AM,Martina Ovalle ,,Drive Thru,0.00,5.14,0.42,0.00,0.00,00:01:41
2919 Blanco Rd,67,8/16/25 8:59 AM,Martina Ovalle ,,Drive Thru,0.00,6.67,0.55,0.00,0.00,00:02:23
2919 Blanco Rd,68,8/16/25 9:00 AM,Martina Ovalle ,,Drive Thru,0.00,24.66,2.05,4.00,0.00,00:02:57
2919 Blanco Rd,69,8/16/25 9:02 AM,Martina Ovalle ,,Drive Thru,0.00,22.26,1.84,0.00,0.00,00:02:21
2919 Blanco Rd,70,8/16/25 9:02 AM,Eduardo  Franco ,4,Dining Room,0.00,21.76,1.79,5.00,0.00,00:24:55
2919 Blanco Rd,71,8/16/25 9:03 AM,Martina Ovalle ,,Drive Thru,0.00,17.95,1.47,0.00,0.00,00:03:25
2919 Blanco Rd,72,8/16/25 9:03 AM,AM CASHIER,,Dining Room,0.00,12.94,1.07,2.00,0.00,00:01:13
2919 Blanco Rd,73,8/16/25 9:05 AM,Martina Ovalle ,,Drive Thru,0.00,11.47,0.94,0.00,0.00,00:03:04
2919 Blanco Rd,74,8/16/25 9:06 AM,Martina Ovalle ,,Drive Thru,0.00,8.99,0.74,0.00,0.00,00:04:34
2919 Blanco Rd,75,8/16/25 9:08 AM,Martina Ovalle ,,Drive Thru,0.00,15.16,1.24,0.00,0.00,00:04:31
2919 Blanco Rd,77,8/16/25 9:11 AM,Martina Ovalle ,,Drive Thru,0.00,17.13,1.41,2.00,0.00,00:03:53
2919 Blanco Rd,76,8/16/25 9:11 AM,ADRIAN MORALES,5,Dining Room,0.00,10.16,0.84,4.00,0.00,00:23:53
2919 Blanco Rd,78,8/16/25 9:16 AM,Martina Ovalle ,,Drive Thru,0.00,1.99,0.16,0.00,0.00,00:00:37
2919 Blanco Rd,79,8/16/25 9:19 AM,Martina Ovalle ,,Dining Room,0.00,10.38,0.86,0.00,0.00,00:01:03
2919 Blanco Rd,80,8/16/25 9:21 AM,Martina Ovalle ,,Dining Room,0.00,7.99,0.66,0.00,0.00,00:03:26
2919 Blanco Rd,82,8/16/25 9:23 AM,Martina Ovalle ,,Drive Thru,0.00,8.56,0.70,1.00,0.00,00:03:30
2919 Blanco Rd,83,8/16/25 9:25 AM,Martina Ovalle ,,Drive Thru,0.00,38.86,3.18,0.00,0.00,00:06:16
2919 Blanco Rd,85,8/16/25 9:27 AM,Eduardo  Franco ,1,Dining Room,0.00,18.33,1.51,0.00,0.00,00:18:02
2919 Blanco Rd,86,8/16/25 9:31 AM,Martina Ovalle ,,Drive Thru,0.00,7.96,0.65,0.00,0.00,00:01:52
2919 Blanco Rd,87,8/16/25 9:32 AM,Martina Ovalle ,,Drive Thru,0.00,15.67,1.28,0.00,0.00,00:02:52
2919 Blanco Rd,89,8/16/25 9:33 AM,Martina Ovalle ,,Drive Thru,0.00,16.66,1.37,0.00,0.00,00:03:50
2919 Blanco Rd,90,8/16/25 9:33 AM,Martina Ovalle ,,Drive Thru,0.00,39.15,3.24,5.00,0.00,00:03:55
2919 Blanco Rd,91,8/16/25 9:36 AM,Martina Ovalle ,,Drive Thru,0.00,11.02,0.91,3.00,0.00,00:03:46
2919 Blanco Rd,92,8/16/25 9:37 AM,Martina Ovalle ,,Drive Thru,0.00,3.98,0.32,0.00,0.00,00:04:31
2919 Blanco Rd,94,8/16/25 9:38 AM,Martina Ovalle ,,Drive Thru,0.00,14.70,1.21,0.00,0.00,00:04:31
2919 Blanco Rd,93,8/16/25 9:38 AM,AM CASHIER,,Dining Room,0.00,13.94,1.15,0.00,0.00,00:27:40
2919 Blanco Rd,96,8/16/25 9:41 AM,Martina Ovalle ,,Drive Thru,0.00,16.26,1.34,0.00,0.00,00:04:33
2919 Blanco Rd,97,8/16/25 9:43 AM,Martina Ovalle ,,Drive Thru,0.00,15.04,1.25,0.00,0.00,00:03:42
2919 Blanco Rd,98,8/16/25 9:43 AM,Martina Ovalle ,,Drive Thru,0.00,6.44,0.53,0.00,0.00,00:04:15
2919 Blanco Rd,99,8/16/25 9:46 AM,AM CASHIER,,Dining Room,0.00,11.74,0.97,0.00,0.00,00:12:41
2919 Blanco Rd,100,8/16/25 9:48 AM,Martina Ovalle ,,Drive Thru,0.00,6.27,0.52,1.00,0.00,00:01:37
2919 Blanco Rd,101,8/16/25 9:49 AM,Martina Ovalle ,,Drive Thru,0.00,27.52,2.26,0.00,0.00,00:03:34
2919 Blanco Rd,102,8/16/25 9:50 AM,Martina Ovalle ,,Drive Thru,0.00,49.79,4.11,0.00,0.00,00:03:23
2919 Blanco Rd,103,8/16/25 9:50 AM,AM CASHIER,,Dining Room,0.00,14.26,1.18,2.00,0.00,00:07:05
2919 Blanco Rd,104,8/16/25 9:53 AM,Martina Ovalle ,,Drive Thru,0.00,2.29,0.19,0.00,0.00,00:02:25
2919 Blanco Rd,105,8/16/25 9:53 AM,Martina Ovalle ,,Drive Thru,0.00,7.93,0.65,0.00,0.00,00:04:04
2919 Blanco Rd,106,8/16/25 9:55 AM,ADRIAN MORALES,17,Dining Room,0.00,26.01,2.16,0.00,0.00,00:27:44
2919 Blanco Rd,107,8/16/25 9:57 AM,Martina Ovalle ,,Drive Thru,0.00,1.99,0.16,0.00,0.00,00:02:19
2919 Blanco Rd,108,8/16/25 9:57 AM,Martina Ovalle ,,Drive Thru,0.00,3.98,0.33,0.00,0.00,00:02:48
2919 Blanco Rd,109,8/16/25 10:04 AM,Martina Ovalle ,,Dining Room,0.00,15.24,1.25,2.00,0.00,00:02:41
2919 Blanco Rd,110,8/16/25 10:05 AM,Martina Ovalle ,,Dining Room,0.00,31.50,2.60,0.00,0.00,00:02:48
2919 Blanco Rd,111,8/16/25 10:13 AM,Martina Ovalle ,,Dining Room,0.00,20.38,1.68,0.00,0.00,00:01:41
2919 Blanco Rd,112,8/16/25 10:16 AM,Martina Ovalle ,,Drive Thru,0.00,31.03,2.56,2.00,0.00,00:02:27
2919 Blanco Rd,113,8/16/25 10:18 AM,Martina Ovalle ,,Drive Thru,0.00,6.99,0.58,0.00,0.00,00:00:48
2919 Blanco Rd,114,8/16/25 10:19 AM,Martina Ovalle ,,Drive Thru,0.00,24.10,1.98,0.00,0.00,00:02:01
2919 Blanco Rd,115,8/16/25 10:20 AM,Martina Ovalle ,,Drive Thru,0.00,17.86,1.48,0.00,0.00,00:04:42
2919 Blanco Rd,116,8/16/25 10:21 AM,Eduardo  Franco ,5,Dining Room,0.00,35.49,2.93,0.00,0.00,00:51:20
2919 Blanco Rd,117,8/16/25 10:23 AM,Martina Ovalle ,,Drive Thru,0.00,25.91,2.14,0.00,0.00,00:02:52
2919 Blanco Rd,118,8/16/25 10:23 AM,Martina Ovalle ,,Drive Thru,0.00,14.48,1.20,0.00,0.00,00:07:50
2919 Blanco Rd,119,8/16/25 10:24 AM,ADRIAN MORALES,21,Dining Room,0.00,27.34,2.25,6.00,0.00,00:40:05
2919 Blanco Rd,120,8/16/25 10:24 AM,Eduardo  Franco ,20,Dining Room,0.00,18.27,1.51,0.00,0.00,00:33:09
2919 Blanco Rd,121,8/16/25 10:26 AM,Martina Ovalle ,,Drive Thru,0.00,0.65,0.05,0.00,0.00,00:01:19
2919 Blanco Rd,124,8/16/25 10:28 AM,Martina Ovalle ,,Dining Room,0.00,18.42,1.51,0.00,0.00,00:17:14
2919 Blanco Rd,126,8/16/25 10:29 AM,ADRIAN MORALES,18,Dining Room,0.00,23.83,1.96,10.00,0.00,00:34:58
2919 Blanco Rd,128,8/16/25 10:30 AM,Martina Ovalle ,,Drive Thru,0.00,11.42,0.94,0.00,0.00,00:02:00
2919 Blanco Rd,127,8/16/25 10:30 AM,Martina Ovalle ,,Drive Thru,0.00,10.03,0.84,0.00,0.00,00:03:08
2919 Blanco Rd,129,8/16/25 10:31 AM,Martina Ovalle ,,Drive Thru,0.00,11.95,0.98,0.00,0.00,00:03:23
2919 Blanco Rd,130,8/16/25 10:31 AM,Martina Ovalle ,,Drive Thru,0.00,8.37,0.69,0.00,0.00,00:05:24
2919 Blanco Rd,131,8/16/25 10:31 AM,Martina Ovalle ,,Drive Thru,0.00,14.46,1.20,3.00,0.00,00:05:28
2919 Blanco Rd,133,8/16/25 10:36 AM,Martina Ovalle ,,Drive Thru,0.00,9.26,0.76,0.00,0.00,00:02:45
2919 Blanco Rd,134,8/16/25 10:37 AM,Martina Ovalle ,,Drive Thru,0.00,16.97,1.40,0.00,0.00,00:05:46
2919 Blanco Rd,125,8/16/25 10:29 AM,AM CASHIER,,Dining Room,0.00,13.45,1.11,0.00,0.00,00:20:48
2919 Blanco Rd,135,8/16/25 10:38 AM,Martina Ovalle ,,Drive Thru,0.00,13.99,1.15,0.00,0.00,00:06:34
2919 Blanco Rd,137,8/16/25 10:39 AM,Eduardo  Franco ,6,Dining Room,0.00,27.45,2.27,0.00,0.00,00:22:48
2919 Blanco Rd,136,8/16/25 10:39 AM,AM CASHIER,,Dining Room,0.00,7.38,0.61,0.00,0.00,00:00:33
2919 Blanco Rd,138,8/16/25 10:43 AM,AM CASHIER,,Dining Room,0.00,9.38,0.77,0.00,0.00,00:00:38
2919 Blanco Rd,140,8/16/25 10:45 AM,Martina Ovalle ,,Drive Thru,0.00,36.97,3.05,0.00,0.00,00:02:29
2919 Blanco Rd,141,8/16/25 10:45 AM,Martina Ovalle ,,Drive Thru,0.00,3.98,0.32,0.00,0.00,00:02:39
2919 Blanco Rd,142,8/16/25 10:49 AM,ADRIAN MORALES,2,Dining Room,0.00,12.74,1.05,0.00,0.00,00:25:33
2919 Blanco Rd,144,8/16/25 10:53 AM,Eduardo  Franco ,7,Dining Room,0.00,14.06,1.16,0.00,0.00,00:20:15
2919 Blanco Rd,145,8/16/25 10:53 AM,Martina Ovalle ,,Dining Room,0.00,10.00,0.82,0.00,0.00,00:02:03
2919 Blanco Rd,146,8/16/25 10:54 AM,AM CASHIER,,Dining Room,0.00,14.56,1.20,0.00,0.00,00:03:19
2919 Blanco Rd,148,8/16/25 10:55 AM,Martina Ovalle ,,Drive Thru,0.00,11.87,0.98,0.00,0.00,00:01:46
2919 Blanco Rd,149,8/16/25 10:56 AM,Martina Ovalle ,,Drive Thru,0.00,16.23,1.34,0.00,0.00,00:02:48
2919 Blanco Rd,147,8/16/25 10:54 AM,ADRIAN MORALES,3,Dining Room,0.00,36.31,3.00,5.00,0.00,00:39:28
2919 Blanco Rd,151,8/16/25 10:57 AM,Eduardo  Franco ,4,Dining Room,0.00,22.36,1.84,5.00,0.00,00:35:24
2919 Blanco Rd,152,8/16/25 10:57 AM,Martina Ovalle ,,Dining Room,0.00,19.07,1.58,3.00,0.00,00:03:03
2919 Blanco Rd,153,8/16/25 10:59 AM,Martina Ovalle ,,Drive Thru,0.00,3.98,0.33,0.00,0.00,00:03:16
2919 Blanco Rd,155,8/16/25 11:04 AM,Martina Ovalle ,,Drive Thru,0.00,5.97,0.48,0.00,0.00,00:00:38
2919 Blanco Rd,154,8/16/25 11:04 AM,AM CASHIER,,Dining Room,0.00,12.94,1.07,0.00,0.00,00:03:52
2919 Blanco Rd,158,8/16/25 11:05 AM,Martina Ovalle ,,Drive Thru,0.00,3.98,0.33,0.00,0.00,00:02:43
2919 Blanco Rd,157,8/16/25 11:04 AM,AM CASHIER,,Dining Room,0.00,12.77,1.05,0.00,0.00,00:16:58
2919 Blanco Rd,161,8/16/25 11:05 AM,Martina Ovalle ,,Drive Thru,0.00,25.21,2.08,4.00,0.00,00:03:36
2919 Blanco Rd,163,8/16/25 11:13 AM,Martina Ovalle ,,Dining Room,0.00,7.99,0.66,0.00,0.00,00:01:16
2919 Blanco Rd,167,8/16/25 11:17 AM,AM CASHIER,8,Dining Room,0.00,15.56,1.28,0.00,0.00,00:26:07
2919 Blanco Rd,166,8/16/25 11:17 AM,Martina Ovalle ,,Drive Thru,0.00,15.61,1.26,0.00,0.00,00:04:44
2919 Blanco Rd,168,8/16/25 11:17 AM,Martina Ovalle ,,Drive Thru,0.00,8.43,0.69,0.00,0.00,00:03:10
2919 Blanco Rd,171,8/16/25 11:20 AM,AM CASHIER,,Dining Room,0.00,27.02,2.22,5.00,0.00,00:00:55
2919 Blanco Rd,172,8/16/25 11:21 AM,Martina Ovalle ,,Drive Thru,0.00,5.97,0.49,0.00,0.00,00:01:29
2919 Blanco Rd,173,8/16/25 11:21 AM,Martina Ovalle ,,Drive Thru,0.00,33.90,2.80,0.00,0.00,00:02:28
2919 Blanco Rd,162,8/16/25 11:06 AM,ADRIAN MORALES,13,Dining Room,0.00,162.13,13.34,13.00,32.42,00:52:54
2919 Blanco Rd,175,8/16/25 11:23 AM,Martina Ovalle ,,Drive Thru,0.00,24.72,2.04,1.00,0.00,00:02:58
2919 Blanco Rd,176,8/16/25 11:24 AM,Martina Ovalle ,,Drive Thru,0.00,4.48,0.37,0.00,0.00,00:03:33
2919 Blanco Rd,178,8/16/25 11:26 AM,Martina Ovalle ,,Drive Thru,0.00,16.59,1.37,5.00,0.00,00:02:06
2919 Blanco Rd,164,8/16/25 11:13 AM,Martina Ovalle ,,Dining Room,0.00,3.98,0.33,0.00,0.00,00:19:02
2919 Blanco Rd,180,8/16/25 11:29 AM,Martina Ovalle ,,Drive Thru,0.00,11.96,0.99,4.00,0.00,00:04:24
2919 Blanco Rd,181,8/16/25 11:33 AM,Martina Ovalle ,,Drive Thru,0.00,5.97,0.49,0.00,0.00,00:02:36
2919 Blanco Rd,182,8/16/25 11:33 AM,Martina Ovalle ,,Drive Thru,0.00,5.49,0.45,0.00,0.00,00:03:22
2919 Blanco Rd,183,8/16/25 11:36 AM,Martina Ovalle ,,Drive Thru,0.00,15.13,1.25,0.00,0.00,00:02:35
2919 Blanco Rd,185,8/16/25 11:39 AM,Martina Ovalle ,,Drive Thru,0.00,20.88,1.72,2.00,0.00,00:03:18
2919 Blanco Rd,186,8/16/25 11:41 AM,Martina Ovalle ,,Drive Thru,0.00,9.46,0.78,2.00,0.00,00:02:54
2919 Blanco Rd,187,8/16/25 11:42 AM,Martina Ovalle ,,Drive Thru,0.00,24.52,2.02,0.00,0.00,00:03:28
2919 Blanco Rd,188,8/16/25 11:44 AM,Martina Ovalle ,,Drive Thru,0.00,18.25,1.51,0.00,0.00,00:03:37
2919 Blanco Rd,189,8/16/25 11:48 AM,Martina Ovalle ,,Drive Thru,0.00,12.36,1.01,0.00,0.00,00:02:14
2919 Blanco Rd,191,8/16/25 11:50 AM,Martina Ovalle ,,Drive Thru,0.00,3.98,0.33,0.00,0.00,00:01:27
2919 Blanco Rd,192,8/16/25 11:51 AM,ADRIAN MORALES,4,Dining Room,0.00,31.60,2.59,10.00,0.00,01:08:20
2919 Blanco Rd,179,8/16/25 11:29 AM,Martina Ovalle ,,Dining Room,0.00,5.97,0.49,0.00,0.00,00:24:48
2919 Blanco Rd,195,8/16/25 11:52 AM,AM CASHIER,,Dining Room,0.00,64.15,5.30,0.00,0.00,00:01:15
2919 Blanco Rd,196,8/16/25 11:52 AM,Martina Ovalle ,,Dining Room,0.00,21.50,1.78,0.00,0.00,00:02:20
2919 Blanco Rd,193,8/16/25 11:51 AM,Eduardo  Franco ,6,Dining Room,15.61,46.83,3.86,0.00,0.00,01:06:49
2919 Blanco Rd,200,8/16/25 11:57 AM,Martina Ovalle ,,Dining Room,0.00,4.28,0.35,0.00,0.00,00:03:05
2919 Blanco Rd,201,8/16/25 11:58 AM,Martina Ovalle ,,Drive Thru,0.00,10.42,0.85,1.00,0.00,00:02:46
2919 Blanco Rd,203,8/16/25 12:01 PM,Eduardo  Franco ,2,Dining Room,0.00,27.90,2.30,6.00,0.00,00:35:48
2919 Blanco Rd,204,8/16/25 12:01 PM,Martina Ovalle ,,Drive Thru,0.00,26.98,2.22,2.00,0.00,00:01:49
2919 Blanco Rd,205,8/16/25 12:03 PM,Martina Ovalle ,,Drive Thru,0.00,7.73,0.63,1.00,0.00,00:01:35
2919 Blanco Rd,202,8/16/25 12:01 PM,AM CASHIER,,Dining Room,0.00,32.93,2.72,0.00,0.00,00:03:21
2919 Blanco Rd,206,8/16/25 12:04 PM,Martina Ovalle ,,Drive Thru,0.00,18.44,1.52,6.00,0.00,00:06:39
2919 Blanco Rd,207,8/16/25 12:04 PM,AM CASHIER,,Dining Room,0.00,30.77,2.54,0.00,0.00,00:00:57
2919 Blanco Rd,208,8/16/25 12:05 PM,ADRIAN MORALES,1,Dining Room,0.00,19.16,1.57,4.00,0.00,02:27:26
2919 Blanco Rd,211,8/16/25 12:07 PM,Martina Ovalle ,,Dining Room,0.00,32.84,2.72,0.00,0.00,00:37:25
2919 Blanco Rd,213,8/16/25 12:10 PM,ADRIAN MORALES,3,Dining Room,0.00,25.47,2.11,0.00,0.00,01:05:30
2919 Blanco Rd,214,8/16/25 12:12 PM,Martina Ovalle ,,Drive Thru,0.00,8.99,0.74,0.00,0.00,00:00:20
2919 Blanco Rd,215,8/16/25 12:13 PM,Martina Ovalle ,,Dining Room,0.00,13.78,1.14,0.00,0.00,00:04:49
2919 Blanco Rd,216,8/16/25 12:14 PM,Martina Ovalle ,,Dining Room,0.00,19.03,1.57,0.00,0.00,00:05:05
2919 Blanco Rd,217,8/16/25 12:15 PM,Martina Ovalle ,,Dining Room,0.00,22.94,1.89,0.00,0.00,00:08:36
2919 Blanco Rd,218,8/16/25 12:15 PM,AM CASHIER,,Dining Room,0.00,19.97,1.65,0.00,0.00,00:00:18
2919 Blanco Rd,220,8/16/25 12:16 PM,ADRIAN MORALES,5,Dining Room,0.00,18.33,1.51,0.00,0.00,00:36:03
2919 Blanco Rd,222,8/16/25 12:23 PM,Martina Ovalle ,,Drive Thru,0.00,7.96,0.65,0.00,0.00,00:01:59
2919 Blanco Rd,223,8/16/25 12:24 PM,Martina Ovalle ,,Drive Thru,0.00,11.49,0.95,0.00,0.00,00:03:16
2919 Blanco Rd,221,8/16/25 12:22 PM,Martina Ovalle ,,Dining Room,0.00,5.97,0.49,0.00,0.00,00:11:14
2919 Blanco Rd,225,8/16/25 12:27 PM,Eduardo  Franco ,25,Dining Room,0.00,11.36,0.94,3.00,0.00,00:22:51
2919 Blanco Rd,226,8/16/25 12:32 PM,ADRIAN MORALES,7,Dining Room,0.00,4.24,0.35,0.00,0.00,00:21:18
2919 Blanco Rd,228,8/16/25 12:33 PM,Martina Ovalle ,,Drive Thru,0.00,16.16,1.33,0.00,0.00,00:01:04
2919 Blanco Rd,229,8/16/25 12:34 PM,Martina Ovalle ,,Drive Thru,0.00,16.77,1.37,0.00,0.00,00:03:56
2919 Blanco Rd,230,8/16/25 12:35 PM,ADRIAN MORALES,14,Dining Room,0.00,0.00,0.00,0.00,0.00,00:01:23
2919 Blanco Rd,231,8/16/25 12:35 PM,Martina Ovalle ,,Drive Thru,0.00,15.99,1.32,0.00,0.00,00:05:23
2919 Blanco Rd,233,8/16/25 12:36 PM,ADRIAN MORALES,15,Dining Room,0.00,0.00,0.00,0.00,0.00,00:00:14
2919 Blanco Rd,234,8/16/25 12:39 PM,Martina Ovalle ,,Drive Thru,0.00,17.46,1.44,0.00,0.00,00:02:40
2919 Blanco Rd,235,8/16/25 12:41 PM,Martina Ovalle ,,Drive Thru,0.00,36.35,3.00,0.00,0.00,00:05:50
2919 Blanco Rd,236,8/16/25 12:43 PM,AM CASHIER,,Dining Room,0.00,3.00,0.24,0.00,0.00,00:00:21
2919 Blanco Rd,237,8/16/25 12:45 PM,Martina Ovalle ,,Drive Thru,0.00,16.86,1.38,0.00,0.00,00:04:31
2919 Blanco Rd,238,8/16/25 12:49 PM,Martina Ovalle ,,Drive Thru,0.00,3.98,0.32,0.00,0.00,00:01:40
2919 Blanco Rd,240,8/16/25 12:50 PM,Martina Ovalle ,,Drive Thru,0.00,14.98,1.24,0.00,0.00,00:01:49
2919 Blanco Rd,241,8/16/25 12:50 PM,AM CASHIER,,Dining Room,0.00,2.50,0.21,0.00,0.00,00:00:50
2919 Blanco Rd,242,8/16/25 12:52 PM,Martina Ovalle ,,Drive Thru,0.00,7.96,0.66,0.00,0.00,00:02:05
2919 Blanco Rd,244,8/16/25 12:53 PM,Martina Ovalle ,,Dining Room,0.00,17.74,1.46,0.00,0.00,00:04:30
2919 Blanco Rd,245,8/16/25 1:05 PM,Martina Ovalle ,,Dining Room,0.00,9.95,0.81,0.00,0.00,00:02:48
2919 Blanco Rd,247,8/16/25 1:12 PM,Martina Ovalle ,,Dining Room,0.00,10.47,0.87,0.00,0.00,00:01:52
2919 Blanco Rd,246,8/16/25 1:12 PM,ADRIAN MORALES,14,Dining Room,0.00,63.18,5.20,0.00,0.00,00:31:32
2919 Blanco Rd,248,8/16/25 1:13 PM,Martina Ovalle ,,Dining Room,0.00,14.46,1.20,2.34,0.00,00:05:18
2919 Blanco Rd,251,8/16/25 1:19 PM,Martina Ovalle ,,Drive Thru,0.00,14.27,1.17,0.00,0.00,00:03:07
2919 Blanco Rd,252,8/16/25 1:21 PM,Martina Ovalle ,,Drive Thru,0.00,9.98,0.82,0.00,0.00,00:02:36
2919 Blanco Rd,253,8/16/25 1:22 PM,AM CASHIER,,Dining Room,0.00,9.95,0.81,2.00,0.00,00:00:18
2919 Blanco Rd,254,8/16/25 1:22 PM,Martina Ovalle ,,Drive Thru,0.00,14.81,1.20,0.00,0.00,00:03:31
2919 Blanco Rd,255,8/16/25 1:23 PM,AM CASHIER,,Dining Room,0.00,2.50,0.21,0.00,0.00,00:00:38
2919 Blanco Rd,256,8/16/25 1:23 PM,Martina Ovalle ,,Drive Thru,0.00,3.98,0.33,0.00,0.00,00:03:36
2919 Blanco Rd,259,8/16/25 1:24 PM,AM CASHIER,,Dining Room,0.00,9.83,0.80,2.00,0.00,00:00:14
2919 Blanco Rd,261,8/16/25 1:24 PM,Martina Ovalle ,,Drive Thru,0.00,14.76,1.22,0.00,0.00,00:02:54
2919 Blanco Rd,257,8/16/25 1:23 PM,ADRIAN MORALES,18,Dining Room,0.00,43.61,3.58,5.00,0.00,00:59:13
2919 Blanco Rd,262,8/16/25 1:28 PM,Martina Ovalle ,,Drive Thru,0.00,8.13,0.67,0.00,0.00,00:02:30
2919 Blanco Rd,264,8/16/25 1:31 PM,ADRIAN MORALES,5,Dining Room,0.00,34.63,2.85,0.00,0.00,00:41:46
2919 Blanco Rd,263,8/16/25 1:31 PM,Martina Ovalle ,,Drive Thru,0.00,9.98,0.82,0.00,0.00,00:02:22
2919 Blanco Rd,265,8/16/25 1:33 PM,Martina Ovalle ,,Drive Thru,0.00,1.99,0.16,0.00,0.00,00:00:12
2919 Blanco Rd,266,8/16/25 1:33 PM,ADRIAN MORALES,4,Dining Room,0.00,30.88,2.54,0.00,0.00,00:47:07
2919 Blanco Rd,260,8/16/25 1:24 PM,AM CASHIER,,Dining Room,0.00,12.83,1.06,0.00,0.00,00:11:49
2919 Blanco Rd,267,8/16/25 1:45 PM,Martina Ovalle ,,Dining Room,0.00,3.98,0.33,0.00,0.00,00:01:41
2919 Blanco Rd,268,8/16/25 1:45 PM,Martina Ovalle ,,Dining Room,0.00,4.79,0.40,0.00,0.00,00:01:58
2919 Blanco Rd,269,8/16/25 1:46 PM,Martina Ovalle ,,Dining Room,0.00,11.99,0.99,0.00,0.00,00:10:50
2919 Blanco Rd,271,8/16/25 1:57 PM,AM CASHIER,,Dining Room,0.00,6.88,0.56,0.00,0.00,00:01:15
2919 Blanco Rd,272,8/16/25 2:04 PM,Martina Ovalle ,,Dining Room,0.00,8.27,0.68,0.00,0.00,00:03:10
2919 Blanco Rd,273,8/16/25 2:05 PM,AM CASHIER,,Dining Room,0.00,17.44,1.43,0.00,0.00,00:16:19
2919 Blanco Rd,275,8/16/25 2:06 PM,Martina Ovalle ,,Drive Thru,0.00,16.19,1.33,1.00,0.00,00:01:51
2919 Blanco Rd,278,8/16/25 2:10 PM,Martina Ovalle ,,Dining Room,0.00,13.99,1.15,0.00,0.00,00:11:08
2919 Blanco Rd,279,8/16/25 2:10 PM,Martina Ovalle ,,Dining Room,0.00,14.98,1.23,0.00,0.00,00:03:15
2919 Blanco Rd,280,8/16/25 2:13 PM,AM CASHIER,,Dining Room,0.00,24.18,1.99,5.00,0.00,00:00:50
2919 Blanco Rd,281,8/16/25 2:18 PM,Martina Ovalle ,,Drive Thru,0.00,7.96,0.66,0.00,0.00,00:00:10
2919 Blanco Rd,282,8/16/25 2:21 PM,Martina Ovalle ,,Drive Thru,0.00,3.98,0.33,1.00,0.00,00:15:48
2919 Blanco Rd,283,8/16/25 2:22 PM,Martina Ovalle ,,Drive Thru,0.00,32.90,2.71,0.00,0.00,00:02:05
2919 Blanco Rd,284,8/16/25 2:25 PM,Martina Ovalle ,,Drive Thru,0.00,14.46,1.18,0.00,0.00,00:09:15
2919 Blanco Rd,286,8/16/25 2:29 PM,AM CASHIER,,Dining Room,0.00,17.44,1.43,2.00,0.00,00:00:34
2919 Blanco Rd,288,8/16/25 2:30 PM,Martina Ovalle ,,Drive Thru,0.00,17.69,1.45,0.00,0.00,00:04:48
2919 Blanco Rd,290,8/16/25 2:32 PM,ADRIAN MORALES,2,Dining Room,0.00,32.28,2.66,0.00,0.00,00:52:23
2919 Blanco Rd,292,8/16/25 2:37 PM,Martina Ovalle ,,Drive Thru,0.00,20.45,1.69,0.00,0.00,00:02:14
2919 Blanco Rd,293,8/16/25 2:47 PM,ADRIAN MORALES,5,Dining Room,0.00,17.49,1.44,5.00,0.00,00:23:28
2919 Blanco Rd,294,8/16/25 2:47 PM,Martina Ovalle ,,Drive Thru,0.00,12.92,1.07,0.00,0.00,00:01:18
2919 Blanco Rd,295,8/16/25 2:49 PM,Martina Ovalle ,,Drive Thru,0.00,10.98,0.90,1.00,0.00,00:05:32
2919 Blanco Rd,296,8/16/25 2:49 PM,Martina Ovalle ,,Drive Thru,0.00,15.91,1.31,0.00,0.00,00:06:29
2919 Blanco Rd,277,8/16/25 2:09 PM,Martina Ovalle ,,Dining Room,0.00,6.97,0.58,0.00,0.00,00:55:24
2919 Blanco Rd,297,8/16/25 2:59 PM,Martina Ovalle ,,Dining Room,0.00,6.75,0.56,0.00,0.00,00:07:24
2919 Blanco Rd,299,8/16/25 3:26 PM,Martina Ovalle ,,Dining Room,0.00,22.16,1.83,0.00,0.00,00:04:52
2919 Blanco Rd,300,8/16/25 3:36 PM,Martina Ovalle ,,Dining Room,0.00,26.48,2.19,0.00,0.00,00:06:06
2919 Blanco Rd,302,8/16/25 3:38 PM,ADRIAN MORALES,11,Dining Room,0.00,19.29,1.59,0.00,0.00,00:25:11
2919 Blanco Rd,303,8/16/25 3:55 PM,Martina Ovalle ,,Dining Room,0.00,10.99,0.91,4.00,0.00,00:05:00
2919 Blanco Rd,304,8/16/25 4:04 PM,Martina Ovalle ,,Dining Room,0.00,25.14,2.06,0.00,0.00,00:02:12
2919 Blanco Rd,306,8/16/25 4:06 PM,Martina Ovalle ,,Drive Thru,0.00,7.96,0.66,0.00,0.00,00:12:42
2919 Blanco Rd,307,8/16/25 4:17 PM,Martina Ovalle ,,Drive Thru,0.00,24.26,2.00,0.00,0.00,00:03:28
2919 Blanco Rd,308,8/16/25 4:21 PM,Martina Ovalle ,,Drive Thru,0.00,3.98,0.33,0.00,0.00,00:02:57
2919 Blanco Rd,309,8/16/25 4:40 PM,Martina Ovalle ,,Drive Thru,0.00,6.58,0.55,0.00,0.00,00:01:40
2919 Blanco Rd,305,8/16/25 4:04 PM,Martina Ovalle ,,Dining Room,0.00,8.78,0.72,0.00,0.00,00:59:34
2919 Blanco Rd,311,8/16/25 5:15 PM,ADRIAN MORALES,13,Dining Room,0.00,15.64,1.29,0.00,0.00,00:31:41
2919 Blanco Rd,312,8/16/25 5:24 PM,Martina Ovalle ,,Dining Room,0.00,16.25,1.34,0.00,0.00,00:01:41
2919 Blanco Rd,314,8/16/25 5:28 PM,Martina Ovalle ,,Drive Thru,0.00,30.63,2.52,0.00,0.00,00:01:50
2919 Blanco Rd,315,8/16/25 5:30 PM,Martina Ovalle ,,Drive Thru,0.00,15.14,1.25,0.61,0.00,00:14:16
2919 Blanco Rd,316,8/16/25 5:44 PM,Martina Ovalle ,,Drive Thru,0.00,3.45,0.28,0.00,0.00,00:02:41
2919 Blanco Rd,318,8/16/25 5:54 PM,Martina Ovalle ,,Dining Room,0.00,22.98,1.90,3.00,0.00,00:03:49
2919 Blanco Rd,320,8/16/25 5:59 PM,Martina Ovalle ,,Drive Thru,0.00,10.77,0.88,0.00,0.00,00:01:29
2919 Blanco Rd,321,8/16/25 6:21 PM,Martina Ovalle ,,Drive Thru,0.00,18.45,1.52,0.00,0.00,00:03:24
2919 Blanco Rd,323,8/16/25 6:21 PM,Martina Ovalle ,,Dining Room,0.00,21.98,1.81,0.00,0.00,00:05:41
2919 Blanco Rd,326,8/16/25 6:36 PM,Martina Ovalle ,,Dining Room,0.00,11.99,0.99,0.00,0.00,00:39:50
2919 Blanco Rd,328,8/16/25 6:45 PM,ADRIAN MORALES,6,Dining Room,0.00,35.08,2.89,6.00,0.00,00:37:33
2919 Blanco Rd,329,8/16/25 7:06 PM,Martina Ovalle ,,Dining Room,0.00,11.99,0.99,0.00,0.00,00:00:58
2919 Blanco Rd,332,8/16/25 7:13 PM,Martina Ovalle ,,Drive Thru,0.00,5.98,0.49,0.00,0.00,00:03:49
2919 Blanco Rd,335,8/16/25 7:15 PM,ADRIAN MORALES,7,Dining Room,0.00,32.92,2.72,0.00,0.00,00:37:40
2919 Blanco Rd,331,8/16/25 7:10 PM,Martina Ovalle ,,Dining Room,0.00,9.78,0.81,0.00,0.00,00:15:17
2919 Blanco Rd,338,8/16/25 7:56 PM,Martina Ovalle ,,Drive Thru,0.00,32.39,2.67,0.00,0.00,00:03:23
