Employee,Job Title,Regular Hours,Overtime Hours,Hourly Rate,Regular Pay,Overtime Pay,Total Pay,Net Sales,Declared Tips,Non-Cash Tips,Total Tips,Tips Withheld,Total Gratuity,Employee ID,Job Code,Location,Location Code
"CASHIER, AM",General Manager,2.95,8.89,,,,,491.50,,22.92,22.92,0.00,0.00,,,2919 Blanco Rd,
"Franco , Eduardo ",Server,7.91,0.0,,,,,353.35,,38.00,38.00,0.00,0.00,,,2919 Blanco Rd,
"Hernandez, Celinda",Cook,4.15,4.54,16.00,66.40,108.96,175.36,0.00,,0.00,0.00,0.00,0.00,,,2919 Blanco Rd,
"Hernandez, Fidelia ",Cook,0.0,8.09,14.00,0.00,169.89,169.89,0.00,,0.00,0.00,0.00,0.00,,,2919 Blanco Rd,
"MORALES, ADRIAN",Server,12.29,0.0,3.00,36.87,0.00,36.87,789.71,,74.40,74.40,0.00,32.42,,,2919 Blanco Rd,
"Melendez, Ninoska",Tortillero/a,3.33,7.3,13.00,43.29,142.35,185.64,0.00,,0.00,0.00,0.00,0.00,,,2919 Blanco Rd,
"Ovalle , Martina",Drive-Thru,0.0,14.940000000000001,,,,,2575.96,,79.95,79.95,0.00,0.00,,,2919 Blanco Rd,
"Pena , Vilma",Cook,8.18,0.0,14.00,114.52,0.00,114.52,0.00,,0.00,0.00,0.00,0.00,,,2919 Blanco Rd,
"Salazar, Maria ",Shift Manager / Assistant Manager,0.0,3.74,,,,,0.00,,0.00,0.00,0.00,0.00,,,2919 Blanco Rd,
"santander, yerlinson",Cook,5.04,4.72,14.00,70.56,99.12,169.68,0.00,,0.00,0.00,0.00,0.00,,,2919 Blanco Rd,
