,Location,Employee,Job Title,In Date,Shift Closed Date,Out Date,Hours,Cash Tips Decl.,Cash on Hand,Cash in Drawer,Non-Cash Tips,Cash Gratuity,Non-Cash Gratuity,Tips Withheld,Non-Cash Sales,Cash Sales,Total Sales,Cash Collected?,Tips Paid?,Open,Paid,Closed,Tip Share Total
800000028407780934,2919 Blanco Rd,Martina Ovalle ,Drive-Thru,8/16/25 5:27 AM,8/16/25 1:34 PM,8/16/25 1:37 PM,8.15,,0.00,622.47,69.34,0.00,0.00,0.00,1545.20,622.47,2167.67,yes,yes,0,0,149,0.00
800000028407844470,2919 Blanco Rd,Eduardo  Franco ,Server,8/16/25 6:03 AM,8/16/25 1:04 PM,8/16/25 1:58 PM,7.91,,0.00,135.25,38.00,0.00,0.00,0.00,247.24,135.25,382.49,yes,yes,0,0,16,0.00
800000028409103426,2919 Blanco Rd,ADRIAN MORALES,Server,8/16/25 8:08 AM,8/16/25 1:02 PM,8/16/25 1:03 PM,4.92,,0.00,26.97,54.40,0.00,32.42,0.00,427.73,26.97,454.70,yes,yes,0,0,16,0.00
800000028409327204,2919 Blanco Rd,AM CASHIER,General Manager,8/16/25 8:19 AM,8/16/25 1:05 PM,8/16/25 1:05 PM,4.78,,0.00,200.77,11.92,0.00,0.00,0.00,221.87,200.77,422.64,yes,yes,0,0,25,0.00
800000028412289847,2919 Blanco Rd,Maria  Salazar,Shift Manager / Assistant Manager,8/16/25 10:06 AM,8/16/25 1:51 PM,8/16/25 1:51 PM,3.74,,0.00,0.00,0.00,0.00,0.00,0.00,0.00,0.00,0.00,yes,yes,0,0,0,0.00
800000028421890513,2919 Blanco Rd,ADRIAN MORALES,Server,8/16/25 1:03 PM,8/16/25 8:05 PM,8/16/25 8:25 PM,7.37,,0.00,141.81,20.00,0.00,0.00,0.00,258.26,141.81,400.07,yes,yes,0,0,12,0.00
800000028422027977,2919 Blanco Rd,AM CASHIER,General Manager,8/16/25 1:05 PM,8/16/25 8:07 PM,8/16/25 8:09 PM,7.06,,0.00,10.15,11.00,0.00,0.00,0.00,99.19,10.15,109.34,yes,yes,0,0,8,0.00
800000028423971212,2919 Blanco Rd,Martina Ovalle ,Drive-Thru,8/16/25 1:37 PM,8/16/25 8:00 PM,8/16/25 8:24 PM,6.79,,0.00,131.10,10.61,0.00,0.00,0.00,489.42,131.10,620.52,yes,yes,0,0,40,0.00
