Employee,Job Title,In Date,Out Date,Auto Clock-out,Total Hours,Unpaid Break Time,Paid Break Time,Payable Hours
"Hernandez, Celinda",Cook,8/16/25 5:07 AM,8/16/25 1:48 PM,No,8.69,0.00,0.00,8.69
"Ovalle , Martina",Drive-Thru,8/16/25 5:27 AM,8/16/25 1:37 PM,No,8.15,0.00,0.00,8.15
"Hernandez, Fidelia ",Cook,8/16/25 5:51 AM,8/16/25 1:56 PM,No,8.09,0.00,0.00,8.09
"Pena , Vilma",Cook,8/16/25 5:51 AM,8/16/25 2:02 PM,No,8.18,0.00,0.00,8.18
"Franco , Eduardo ",Server,8/16/25 6:03 AM,8/16/25 1:58 PM,No,7.91,0.00,0.00,7.91
"MORALES, ADRIAN",Server,8/16/25 8:08 AM,8/16/25 1:03 PM,No,4.92,0.00,0.00,4.92
"CASHIER, AM",General Manager,8/16/25 8:19 AM,8/16/25 1:05 PM,No,4.78,0.00,0.00,4.78
"Salazar, Maria ",Shift Manager / Assistant Manager,8/16/25 10:06 AM,8/16/25 1:51 PM,No,3.74,0.00,0.00,3.74
"Melendez, Ninoska",Tortillero/a,8/16/25 10:08 AM,8/16/25 8:46 PM,No,10.63,0.00,0.00,10.63
"santander, yerlinson",Cook,8/16/25 11:00 AM,8/16/25 8:45 PM,No,9.76,0.00,0.00,9.76
"MORALES, ADRIAN",Server,8/16/25 1:03 PM,8/16/25 8:25 PM,No,7.37,0.00,0.00,7.37
"CASHIER, AM",General Manager,8/16/25 1:05 PM,8/16/25 8:09 PM,No,7.06,0.00,0.00,7.06
"Ovalle , Martina",Drive-Thru,8/16/25 1:37 PM,8/16/25 8:24 PM,No,6.79,0.00,0.00,6.79
