Location,Server,Check #,Table,Station,Expediter Level,Fired Date,Fulfilled Date,Fulfillment Time,Fulfilled By
Tink-a-Tako - Potranco,Candy  Del angel ,1,,Lobby,,8/25/25 6:29 AM,8/25/25 6:34 AM,4 minutes and 19 seconds,Mayra Luna
Tink-a-Tako - Potranco,Candy  Del angel ,2,,Lobby,,8/25/25 6:29 AM,8/25/25 6:34 AM,4 minutes and 54 seconds,Mayra Luna
Tink-a-Tako - Potranco,Candy  Del angel ,3,,Lobby,,8/25/25 6:30 AM,8/25/25 6:35 AM,5 minutes and 22 seconds,Mayra Luna
Tink-a-Tako - Potranco,Candy  Del angel ,4,,Lobby,,8/25/25 6:31 AM,8/25/25 6:36 AM,5 minutes and 9 seconds,Mayra Luna
Tink-a-Tako - Potranco,Candy  Del angel ,6,,Lobby,,8/25/25 6:35 AM,8/25/25 6:37 AM,1 minute and 24 seconds,Mayra Luna
Tink-a-Tako - Potranco,Candy  Del angel ,7,,Lobby,,8/25/25 6:37 AM,8/25/25 6:39 AM,1 minute and 24 seconds,Mayra Luna
Tink-a-Tako - Potranco,Candy  Del angel ,8,,Lobby,,8/25/25 6:37 AM,8/25/25 6:40 AM,3 minutes and 5 seconds,Mayra Luna
Tink-a-Tako - Potranco,Candy  Del angel ,9,,Lobby,,8/25/25 6:39 AM,8/25/25 6:42 AM,3 minutes and 11 seconds,Mayra Luna
Tink-a-Tako - Potranco,Maria Majana,5,25,Lobby,,8/25/25 6:40 AM,8/25/25 6:43 AM,3 minutes and 12 seconds,Mayra Luna
Tink-a-Tako - Potranco,Candy  Del angel ,7,,,2,8/25/25 6:39 AM,8/25/25 6:48 AM,9 minutes and 21 seconds,Mayra Luna
Tink-a-Tako - Potranco,Maria Majana,5,25,,2,8/25/25 6:43 AM,8/25/25 6:48 AM,5 minutes and 6 seconds,Mayra Luna
Tink-a-Tako - Potranco,Candy  Del angel ,10,,Lobby,,8/25/25 6:49 AM,8/25/25 6:50 AM,47 seconds,Mayra Luna
Tink-a-Tako - Potranco,Candy  Del angel ,11,,Lobby,,8/25/25 6:51 AM,8/25/25 6:53 AM,1 minute and 39 seconds,Mayra Luna
Tink-a-Tako - Potranco,Candy  Del angel ,11,,Prep,,8/25/25 6:51 AM,8/25/25 6:53 AM,1 minute and 39 seconds,Mayra Luna
Tink-a-Tako - Potranco,Maria Majana,13,11,Lobby,,8/25/25 7:07 AM,8/25/25 7:10 AM,3 minutes and 19 seconds,Mayra Luna
Tink-a-Tako - Potranco,Maria Majana,13,11,,2,8/25/25 7:10 AM,8/25/25 7:12 AM,1 minute and 39 seconds,Mayra Luna
Tink-a-Tako - Potranco,Candy  Del angel ,14,,Lobby,,8/25/25 7:11 AM,8/25/25 7:12 AM,1 minute and 3 seconds,Mayra Luna
Tink-a-Tako - Potranco,Candy  Del angel ,15,,Lobby,,8/25/25 7:13 AM,8/25/25 7:14 AM,1 minute and 31 seconds,Mayra Luna
Tink-a-Tako - Potranco,Candy  Del angel ,16,,Lobby,,8/25/25 7:15 AM,8/25/25 7:16 AM,1 minute and 23 seconds,Mayra Luna
Tink-a-Tako - Potranco,Candy  Del angel ,17,,Lobby,,8/25/25 7:17 AM,8/25/25 7:19 AM,2 minutes and 1 second,Mayra Luna
Tink-a-Tako - Potranco,Candy  Del angel ,18,,Lobby,,8/25/25 7:18 AM,8/25/25 7:20 AM,1 minute and 30 seconds,Mayra Luna
Tink-a-Tako - Potranco,Candy  Del angel ,19,,Lobby,,8/25/25 7:19 AM,8/25/25 7:21 AM,1 minute and 14 seconds,Mayra Luna
Tink-a-Tako - Potranco,Candy  Del angel ,21,,Lobby,,8/25/25 7:21 AM,8/25/25 7:26 AM,4 minutes and 40 seconds,Mayra Luna
Tink-a-Tako - Potranco,Candy  Del angel ,24,,Lobby,,8/25/25 7:23 AM,8/25/25 7:26 AM,2 minutes and 54 seconds,Mayra Luna
Tink-a-Tako - Potranco,Candy  Del angel ,25,,Lobby,,8/25/25 7:25 AM,8/25/25 7:28 AM,3 minutes and 9 seconds,Mayra Luna
Tink-a-Tako - Potranco,Maria Majana,20,,Lobby,,8/25/25 7:21 AM,8/25/25 7:28 AM,6 minutes and 21 seconds,Mayra Luna
Tink-a-Tako - Potranco,Candy  Del angel ,26,,Lobby,,8/25/25 7:29 AM,8/25/25 7:30 AM,57 seconds,Mayra Luna
Tink-a-Tako - Potranco,Maria Majana,28,,Lobby,,8/25/25 7:30 AM,8/25/25 7:32 AM,1 minute and 42 seconds,Mayra Luna
Tink-a-Tako - Potranco,Candy  Del angel ,29,,Lobby,,8/25/25 7:37 AM,8/25/25 7:38 AM,32 seconds,Mayra Luna
Tink-a-Tako - Potranco,Candy  Del angel ,30,,Lobby,,8/25/25 7:38 AM,8/25/25 7:39 AM,37 seconds,Mayra Luna
Tink-a-Tako - Potranco,Candy  Del angel ,31,,Lobby,,8/25/25 7:43 AM,8/25/25 7:46 AM,2 minutes and 49 seconds,Mayra Luna
Tink-a-Tako - Potranco,Candy  Del angel ,32,,Lobby,,8/25/25 7:45 AM,8/25/25 7:46 AM,53 seconds,Mayra Luna
Tink-a-Tako - Potranco,Maria Majana,34,23,Lobby,,8/25/25 7:47 AM,8/25/25 7:50 AM,2 minutes and 23 seconds,Mayra Luna
Tink-a-Tako - Potranco,Candy  Del angel ,36,,Lobby,,8/25/25 7:52 AM,8/25/25 7:53 AM,53 seconds,Mayra Luna
Tink-a-Tako - Potranco,Maria Majana,35,37,Lobby,,8/25/25 7:50 AM,8/25/25 7:53 AM,3 minutes and 35 seconds,Mayra Luna
Tink-a-Tako - Potranco,Maria Majana,34,23,Lobby,,8/25/25 7:51 AM,8/25/25 7:53 AM,2 minutes and 45 seconds,Mayra Luna
Tink-a-Tako - Potranco,Maria Majana,34,23,,2,8/25/25 7:53 AM,8/25/25 7:54 AM,1 minute,Mayra Luna
Tink-a-Tako - Potranco,Maria Majana,34,23,,2,8/25/25 7:50 AM,8/25/25 7:54 AM,4 minutes and 33 seconds,Mayra Luna
Tink-a-Tako - Potranco,Maria Majana,35,37,,2,8/25/25 7:53 AM,8/25/25 7:54 AM,1 minute and 11 seconds,Mayra Luna
Tink-a-Tako - Potranco,Candy  Del angel ,38,,Lobby,,8/25/25 7:53 AM,8/25/25 7:55 AM,1 minute and 53 seconds,Mayra Luna
Tink-a-Tako - Potranco,Candy  Del angel ,38,,Prep,,8/25/25 7:53 AM,8/25/25 7:55 AM,1 minute and 53 seconds,Mayra Luna
Tink-a-Tako - Potranco,Candy  Del angel ,37,,Lobby,,8/25/25 7:53 AM,8/25/25 7:55 AM,2 minutes and 18 seconds,Mayra Luna
Tink-a-Tako - Potranco,Candy  Del angel ,40,,Lobby,,8/25/25 7:55 AM,8/25/25 7:55 AM,38 seconds,Mayra Luna
Tink-a-Tako - Potranco,Maria Majana,20,,,2,8/25/25 7:28 AM,8/25/25 7:56 AM,27 minutes and 46 seconds,Mayra Luna
Tink-a-Tako - Potranco,Maria Majana,28,,,2,8/25/25 7:32 AM,8/25/25 7:56 AM,23 minutes and 40 seconds,Mayra Luna
Tink-a-Tako - Potranco,Candy  Del angel ,43,,Lobby,,8/25/25 8:01 AM,8/25/25 8:01 AM,33 seconds,Mayra Luna
Tink-a-Tako - Potranco,Candy  Del angel ,42,,Lobby,,8/25/25 8:00 AM,8/25/25 8:02 AM,1 minute and 22 seconds,Mayra Luna
Tink-a-Tako - Potranco,Candy  Del angel ,44,,Lobby,,8/25/25 8:01 AM,8/25/25 8:03 AM,1 minute and 25 seconds,Mayra Luna
Tink-a-Tako - Potranco,Ivana Abundiz,45,,Lobby,,8/25/25 8:04 AM,8/25/25 8:05 AM,1 minute and 17 seconds,Mayra Luna
Tink-a-Tako - Potranco,Ivana Abundiz,45,,Prep,,8/25/25 8:04 AM,8/25/25 8:05 AM,1 minute and 17 seconds,Mayra Luna
Tink-a-Tako - Potranco,Candy  Del angel ,47,,Lobby,,8/25/25 8:04 AM,8/25/25 8:06 AM,1 minute and 46 seconds,Mayra Luna
Tink-a-Tako - Potranco,Candy  Del angel ,46,,Lobby,,8/25/25 8:04 AM,8/25/25 8:07 AM,3 minutes and 36 seconds,Mayra Luna
Tink-a-Tako - Potranco,Ivana Abundiz,50,,Lobby,,8/25/25 8:09 AM,8/25/25 8:10 AM,44 seconds,Mayra Luna
Tink-a-Tako - Potranco,Ivana Abundiz,50,,Prep,,8/25/25 8:09 AM,8/25/25 8:10 AM,44 seconds,Mayra Luna
Tink-a-Tako - Potranco,Candy  Del angel ,39,,Lobby,,8/25/25 8:11 AM,8/25/25 8:12 AM,36 seconds,Mayra Luna
Tink-a-Tako - Potranco,Ivana Abundiz,45,,,2,8/25/25 8:05 AM,8/25/25 8:13 AM,8 minutes and 6 seconds,Mayra Luna
Tink-a-Tako - Potranco,Ivana Abundiz,50,,,2,8/25/25 8:10 AM,8/25/25 8:13 AM,2 minutes and 57 seconds,Mayra Luna
Tink-a-Tako - Potranco,Candy  Del angel ,51,,Lobby,,8/25/25 8:14 AM,8/25/25 8:14 AM,31 seconds,Mayra Luna
Tink-a-Tako - Potranco,Candy  Del angel ,52,,Lobby,,8/25/25 8:14 AM,8/25/25 8:16 AM,1 minute and 37 seconds,Mayra Luna
Tink-a-Tako - Potranco,Maria Majana,54,24,Lobby,,8/25/25 8:15 AM,8/25/25 8:16 AM,1 minute and 42 seconds,Mayra Luna
Tink-a-Tako - Potranco,Candy  Del angel ,53,,Lobby,,8/25/25 8:15 AM,8/25/25 8:18 AM,3 minutes and 5 seconds,Mayra Luna
Tink-a-Tako - Potranco,Candy  Del angel ,55,,Lobby,,8/25/25 8:25 AM,8/25/25 8:28 AM,2 minutes and 52 seconds,Mayra Luna
Tink-a-Tako - Potranco,Candy  Del angel ,56,,Lobby,,8/25/25 8:29 AM,8/25/25 8:29 AM,34 seconds,Mayra Luna
Tink-a-Tako - Potranco,Candy  Del angel ,57,,Lobby,,8/25/25 8:29 AM,8/25/25 8:31 AM,2 minutes and 1 second,Mayra Luna
Tink-a-Tako - Potranco,Candy  Del angel ,58,,Lobby,,8/25/25 8:34 AM,8/25/25 8:35 AM,46 seconds,Mayra Luna
Tink-a-Tako - Potranco,Candy  Del angel ,59,,Lobby,,8/25/25 8:37 AM,8/25/25 8:38 AM,46 seconds,Mayra Luna
Tink-a-Tako - Potranco,Candy  Del angel ,60,,Lobby,,8/25/25 8:38 AM,8/25/25 8:40 AM,1 minute and 18 seconds,Mayra Luna
Tink-a-Tako - Potranco,Candy  Del angel ,61,,Lobby,,8/25/25 8:39 AM,8/25/25 8:40 AM,42 seconds,Mayra Luna
Tink-a-Tako - Potranco,Candy  Del angel ,63,,Lobby,,8/25/25 8:42 AM,8/25/25 8:44 AM,1 minute and 39 seconds,Mayra Luna
Tink-a-Tako - Potranco,Candy  Del angel ,65,,Lobby,,8/25/25 8:45 AM,8/25/25 8:46 AM,49 seconds,Mayra Luna
Tink-a-Tako - Potranco,Candy  Del angel ,68,,Lobby,,8/25/25 8:46 AM,8/25/25 8:46 AM,30 seconds,Mayra Luna
Tink-a-Tako - Potranco,Maria Majana,67,,Lobby,,8/25/25 8:46 AM,8/25/25 8:47 AM,47 seconds,Mayra Luna
Tink-a-Tako - Potranco,Maria Majana,54,24,,2,8/25/25 8:16 AM,8/25/25 8:46 AM,30 minutes and 7 seconds,Mayra Luna
Tink-a-Tako - Potranco,Ivana Abundiz,70,,Lobby,,8/25/25 8:46 AM,8/25/25 8:47 AM,24 seconds,Mayra Luna
Tink-a-Tako - Potranco,Candy  Del angel ,71,,Lobby,,8/25/25 8:47 AM,8/25/25 8:47 AM,34 seconds,Mayra Luna
Tink-a-Tako - Potranco,Ivana Abundiz,70,,,2,8/25/25 8:47 AM,8/25/25 8:48 AM,1 minute and 47 seconds,Mayra Luna
Tink-a-Tako - Potranco,Maria Majana,67,,,2,8/25/25 8:47 AM,8/25/25 8:48 AM,1 minute and 45 seconds,Mayra Luna
Tink-a-Tako - Potranco,Candy  Del angel ,73,,Lobby,,8/25/25 8:48 AM,8/25/25 8:50 AM,2 minutes and 13 seconds,Mayra Luna
Tink-a-Tako - Potranco,Rosa Compean,74,12,Lobby,,8/25/25 8:49 AM,8/25/25 8:52 AM,2 minutes and 40 seconds,Mayra Luna
Tink-a-Tako - Potranco,Candy  Del angel ,75,,Lobby,,8/25/25 8:50 AM,8/25/25 8:53 AM,2 minutes and 13 seconds,Mayra Luna
Tink-a-Tako - Potranco,Candy  Del angel ,79,,Lobby,,8/25/25 8:53 AM,8/25/25 8:55 AM,1 minute and 22 seconds,Mayra Luna
Tink-a-Tako - Potranco,Rosa Compean,81,32,Lobby,,8/25/25 8:54 AM,8/25/25 8:57 AM,2 minutes and 32 seconds,Mayra Luna
Tink-a-Tako - Potranco,Candy  Del angel ,84,,Lobby,,8/25/25 8:57 AM,8/25/25 8:58 AM,1 minute and 26 seconds,Mayra Luna
Tink-a-Tako - Potranco,Candy  Del angel ,85,,Lobby,,8/25/25 8:58 AM,8/25/25 9:00 AM,1 minute and 17 seconds,Mayra Luna
Tink-a-Tako - Potranco,Rosa Compean,74,12,,2,8/25/25 8:52 AM,8/25/25 9:00 AM,7 minutes and 44 seconds,Mayra Luna
Tink-a-Tako - Potranco,Ivana Abundiz,82,,,2,8/25/25 9:00 AM,8/25/25 9:00 AM,2 seconds,Mayra Luna
Tink-a-Tako - Potranco,Ivana Abundiz,82,,Lobby,,8/25/25 8:56 AM,8/25/25 9:00 AM,4 minutes and 2 seconds,Mayra Luna
Tink-a-Tako - Potranco,Rosa Compean,81,32,,2,8/25/25 8:57 AM,8/25/25 9:00 AM,2 minutes and 58 seconds,Mayra Luna
Tink-a-Tako - Potranco,Silvia Hernandez,80,22,Lobby,,8/25/25 8:56 AM,8/25/25 9:01 AM,5 minutes and 22 seconds,Mayra Luna
Tink-a-Tako - Potranco,Silvia Hernandez,80,22,Tortillero,,8/25/25 8:56 AM,8/25/25 9:01 AM,5 minutes and 22 seconds,Mayra Luna
Tink-a-Tako - Potranco,Silvia Hernandez,88,37,Lobby,,8/25/25 8:59 AM,8/25/25 9:02 AM,2 minutes and 16 seconds,Mayra Luna
Tink-a-Tako - Potranco,Maria Majana,77,34,Lobby,,8/25/25 8:55 AM,8/25/25 9:03 AM,8 minutes and 2 seconds,Mayra Luna
Tink-a-Tako - Potranco,Ivana Abundiz,83,,Lobby,,8/25/25 8:57 AM,8/25/25 9:04 AM,7 minutes and 26 seconds,Mayra Luna
Tink-a-Tako - Potranco,Candy  Del angel ,91,,Lobby,,8/25/25 9:04 AM,8/25/25 9:05 AM,41 seconds,Mayra Luna
Tink-a-Tako - Potranco,Candy  Del angel ,90,,Lobby,,8/25/25 9:03 AM,8/25/25 9:07 AM,3 minutes and 45 seconds,Mayra Luna
Tink-a-Tako - Potranco,Candy  Del angel ,90,,Tortillero,,8/25/25 9:03 AM,8/25/25 9:07 AM,3 minutes and 45 seconds,Mayra Luna
Tink-a-Tako - Potranco,Candy  Del angel ,90,,Prep,,8/25/25 9:03 AM,8/25/25 9:07 AM,3 minutes and 45 seconds,Mayra Luna
Tink-a-Tako - Potranco,Candy  Del angel ,93,,Lobby,,8/25/25 9:07 AM,8/25/25 9:07 AM,34 seconds,Mayra Luna
Tink-a-Tako - Potranco,Candy  Del angel ,94,,Lobby,,8/25/25 9:07 AM,8/25/25 9:08 AM,48 seconds,Mayra Luna
Tink-a-Tako - Potranco,Maria Majana,92,24,Lobby,,8/25/25 9:08 AM,8/25/25 9:12 AM,4 minutes and 17 seconds,Mayra Luna
Tink-a-Tako - Potranco,Silvia Hernandez,98,23,Lobby,,8/25/25 9:10 AM,8/25/25 9:13 AM,2 minutes and 56 seconds,Mayra Luna
Tink-a-Tako - Potranco,Rosa Compean,97,35,Lobby,,8/25/25 9:09 AM,8/25/25 9:13 AM,3 minutes and 30 seconds,Mayra Luna
Tink-a-Tako - Potranco,Candy  Del angel ,96,,Lobby,,8/25/25 9:10 AM,8/25/25 9:13 AM,3 minutes and 4 seconds,Mayra Luna
Tink-a-Tako - Potranco,Maria Majana,77,34,,2,8/25/25 9:03 AM,8/25/25 9:13 AM,9 minutes and 43 seconds,Mayra Luna
Tink-a-Tako - Potranco,Maria Majana,92,24,,2,8/25/25 9:12 AM,8/25/25 9:13 AM,1 minute and 1 second,Mayra Luna
Tink-a-Tako - Potranco,Candy  Del angel ,99,,Tortillero,,8/25/25 9:11 AM,8/25/25 9:14 AM,2 minutes and 31 seconds,Mayra Luna
Tink-a-Tako - Potranco,Candy  Del angel ,99,,Lobby,,8/25/25 9:11 AM,8/25/25 9:14 AM,2 minutes and 31 seconds,Mayra Luna
Tink-a-Tako - Potranco,Silvia Hernandez,88,37,Lobby,,8/25/25 9:14 AM,8/25/25 9:15 AM,36 seconds,Mayra Luna
Tink-a-Tako - Potranco,Silvia Hernandez,80,22,Lobby,,8/25/25 9:11 AM,8/25/25 9:16 AM,5 minutes and 39 seconds,Mayra Luna
Tink-a-Tako - Potranco,Silvia Hernandez,80,22,Prep,,8/25/25 9:11 AM,8/25/25 9:16 AM,5 minutes and 39 seconds,Mayra Luna
Tink-a-Tako - Potranco,Silvia Hernandez,80,22,Tortillero,,8/25/25 9:11 AM,8/25/25 9:16 AM,5 minutes and 39 seconds,Mayra Luna
Tink-a-Tako - Potranco,Candy  Del angel ,101,,Lobby,,8/25/25 9:16 AM,8/25/25 9:17 AM,47 seconds,Mayra Luna
Tink-a-Tako - Potranco,Candy  Del angel ,105,,Lobby,,8/25/25 9:18 AM,8/25/25 9:20 AM,1 minute and 38 seconds,Mayra Luna
Tink-a-Tako - Potranco,Candy  Del angel ,107,,Lobby,,8/25/25 9:19 AM,8/25/25 9:22 AM,3 minutes and 25 seconds,Mayra Luna
Tink-a-Tako - Potranco,Ivana Abundiz,104,,Lobby,,8/25/25 9:17 AM,8/25/25 9:23 AM,5 minutes and 22 seconds,Mayra Luna
Tink-a-Tako - Potranco,Rosa Compean,97,35,,2,8/25/25 9:13 AM,8/25/25 9:24 AM,11 minutes and 32 seconds,Mayra Luna
Tink-a-Tako - Potranco,Ivana Abundiz,83,,,2,8/25/25 9:04 AM,8/25/25 9:24 AM,20 minutes and 24 seconds,Mayra Luna
Tink-a-Tako - Potranco,Silvia Hernandez,88,37,,2,8/25/25 9:02 AM,8/25/25 9:24 AM,22 minutes and 45 seconds,Mayra Luna
Tink-a-Tako - Potranco,Silvia Hernandez,98,23,,2,8/25/25 9:13 AM,8/25/25 9:24 AM,11 minutes and 35 seconds,Mayra Luna
Tink-a-Tako - Potranco,Rosa Compean,100,12,Lobby,,8/25/25 9:18 AM,8/25/25 9:25 AM,6 minutes and 43 seconds,Mayra Luna
Tink-a-Tako - Potranco,Maria Majana,113,,Lobby,,8/25/25 9:24 AM,8/25/25 9:25 AM,40 seconds,Mayra Luna
Tink-a-Tako - Potranco,Candy  Del angel ,109,,Lobby,,8/25/25 9:21 AM,8/25/25 9:26 AM,5 minutes and 30 seconds,Mayra Luna
Tink-a-Tako - Potranco,Rosa Compean,110,20,Lobby,,8/25/25 9:22 AM,8/25/25 9:28 AM,6 minutes and 28 seconds,Mayra Luna
Tink-a-Tako - Potranco,Mayra Luna,112,,Lobby,,8/25/25 9:24 AM,8/25/25 9:28 AM,4 minutes and 24 seconds,Mayra Luna
Tink-a-Tako - Potranco,Silvia Hernandez,106,25,Lobby,,8/25/25 9:20 AM,8/25/25 9:28 AM,8 minutes and 19 seconds,Mayra Luna
Tink-a-Tako - Potranco,Candy  Del angel ,111,,Lobby,,8/25/25 9:22 AM,8/25/25 9:28 AM,5 minutes and 54 seconds,Mayra Luna
Tink-a-Tako - Potranco,Candy  Del angel ,115,,Lobby,,8/25/25 9:30 AM,8/25/25 9:30 AM,20 seconds,Mayra Luna
Tink-a-Tako - Potranco,Candy  Del angel ,116,,Lobby,,8/25/25 9:30 AM,8/25/25 9:31 AM,30 seconds,Mayra Luna
Tink-a-Tako - Potranco,Maria Majana,108,7,Lobby,,8/25/25 9:27 AM,8/25/25 9:31 AM,4 minutes and 17 seconds,Mayra Luna
Tink-a-Tako - Potranco,Maria Majana,108,7,Prep,,8/25/25 9:27 AM,8/25/25 9:31 AM,4 minutes and 17 seconds,Mayra Luna
Tink-a-Tako - Potranco,Candy  Del angel ,117,,Lobby,,8/25/25 9:31 AM,8/25/25 9:33 AM,2 minutes and 11 seconds,Mayra Luna
Tink-a-Tako - Potranco,Candy  Del angel ,119,,Lobby,,8/25/25 9:35 AM,8/25/25 9:35 AM,38 seconds,Mayra Luna
Tink-a-Tako - Potranco,Candy  Del angel ,122,,Lobby,,8/25/25 9:36 AM,8/25/25 9:38 AM,1 minute and 19 seconds,Mayra Luna
Tink-a-Tako - Potranco,Rosa Compean,120,32,Lobby,,8/25/25 9:35 AM,8/25/25 9:39 AM,3 minutes and 58 seconds,Mayra Luna
Tink-a-Tako - Potranco,Candy  Del angel ,124,,Lobby,,8/25/25 9:39 AM,8/25/25 9:40 AM,53 seconds,Mayra Luna
Tink-a-Tako - Potranco,Candy  Del angel ,121,,Lobby,,8/25/25 9:36 AM,8/25/25 9:40 AM,4 minutes and 18 seconds,Mayra Luna
Tink-a-Tako - Potranco,Silvia Hernandez,123,37,Lobby,,8/25/25 9:39 AM,8/25/25 9:42 AM,2 minutes and 44 seconds,Mayra Luna
Tink-a-Tako - Potranco,Candy  Del angel ,125,,Lobby,,8/25/25 9:41 AM,8/25/25 9:43 AM,2 minutes,Mayra Luna
Tink-a-Tako - Potranco,Maria Majana,127,38,Lobby,,8/25/25 9:43 AM,8/25/25 9:46 AM,2 minutes and 42 seconds,Mayra Luna
Tink-a-Tako - Potranco,Maria Majana,127,38,Prep,,8/25/25 9:43 AM,8/25/25 9:46 AM,2 minutes and 42 seconds,Mayra Luna
Tink-a-Tako - Potranco,Maria Majana,127,38,Tortillero,,8/25/25 9:43 AM,8/25/25 9:46 AM,2 minutes and 42 seconds,Mayra Luna
Tink-a-Tako - Potranco,Rosa Compean,129,17,Lobby,,8/25/25 9:46 AM,8/25/25 9:47 AM,1 minute and 1 second,Mayra Luna
Tink-a-Tako - Potranco,Rosa Compean,129,17,Lobby,,8/25/25 9:46 AM,8/25/25 9:47 AM,1 minute and 17 seconds,Mayra Luna
Tink-a-Tako - Potranco,Maria Majana,108,7,,2,8/25/25 9:31 AM,8/25/25 9:50 AM,18 minutes and 37 seconds,Mayra Luna
Tink-a-Tako - Potranco,Mayra Luna,112,,,2,8/25/25 9:28 AM,8/25/25 9:50 AM,21 minutes and 37 seconds,Mayra Luna
Tink-a-Tako - Potranco,Rosa Compean,120,32,,2,8/25/25 9:39 AM,8/25/25 9:50 AM,10 minutes and 23 seconds,Mayra Luna
Tink-a-Tako - Potranco,Maria Majana,127,38,,2,8/25/25 9:46 AM,8/25/25 9:50 AM,3 minutes and 53 seconds,Mayra Luna
Tink-a-Tako - Potranco,Rosa Compean,129,17,,2,8/25/25 9:47 AM,8/25/25 9:50 AM,2 minutes and 21 seconds,Mayra Luna
Tink-a-Tako - Potranco,Rosa Compean,110,20,,2,8/25/25 9:28 AM,8/25/25 9:50 AM,21 minutes and 35 seconds,Mayra Luna
Tink-a-Tako - Potranco,Maria Majana,113,,,2,8/25/25 9:25 AM,8/25/25 9:50 AM,24 minutes and 42 seconds,Mayra Luna
Tink-a-Tako - Potranco,Rosa Compean,100,12,,2,8/25/25 9:25 AM,8/25/25 9:50 AM,25 minutes and 4 seconds,Mayra Luna
Tink-a-Tako - Potranco,Silvia Hernandez,106,25,,2,8/25/25 9:28 AM,8/25/25 9:50 AM,21 minutes and 41 seconds,Mayra Luna
Tink-a-Tako - Potranco,Silvia Hernandez,123,37,,2,8/25/25 9:42 AM,8/25/25 9:50 AM,7 minutes and 54 seconds,Mayra Luna
Tink-a-Tako - Potranco,Candy  Del angel ,130,,Lobby,,8/25/25 9:48 AM,8/25/25 9:51 AM,2 minutes and 46 seconds,Mayra Luna
Tink-a-Tako - Potranco,Maria Majana,114,33,Lobby,,8/25/25 9:47 AM,8/25/25 9:51 AM,3 minutes and 28 seconds,Mayra Luna
Tink-a-Tako - Potranco,Maria Majana,114,33,Lobby,,8/25/25 9:48 AM,8/25/25 9:51 AM,2 minutes and 58 seconds,Mayra Luna
Tink-a-Tako - Potranco,Silvia Hernandez,106,25,Lobby,,8/25/25 9:51 AM,8/25/25 9:51 AM,16 seconds,Mayra Luna
Tink-a-Tako - Potranco,Silvia Hernandez,135,22,Lobby,,8/25/25 9:50 AM,8/25/25 9:53 AM,3 minutes and 10 seconds,Mayra Luna
Tink-a-Tako - Potranco,Silvia Hernandez,135,22,Tortillero,,8/25/25 9:50 AM,8/25/25 9:53 AM,3 minutes and 10 seconds,Mayra Luna
Tink-a-Tako - Potranco,Silvia Hernandez,132,39,Lobby,,8/25/25 9:49 AM,8/25/25 9:53 AM,4 minutes and 8 seconds,Mayra Luna
Tink-a-Tako - Potranco,Silvia Hernandez,132,39,Prep,,8/25/25 9:49 AM,8/25/25 9:53 AM,4 minutes and 8 seconds,Mayra Luna
Tink-a-Tako - Potranco,Silvia Hernandez,132,39,Tortillero,,8/25/25 9:49 AM,8/25/25 9:53 AM,4 minutes and 8 seconds,Mayra Luna
Tink-a-Tako - Potranco,Candy  Del angel ,133,,Lobby,,8/25/25 9:49 AM,8/25/25 9:54 AM,5 minutes and 5 seconds,Mayra Luna
Tink-a-Tako - Potranco,Candy  Del angel ,130,,Lobby,,8/25/25 9:52 AM,8/25/25 9:55 AM,2 minutes and 28 seconds,Mayra Luna
Tink-a-Tako - Potranco,Silvia Hernandez,88,37,,2,8/25/25 9:15 AM,8/25/25 9:55 AM,40 minutes and 40 seconds,Mayra Luna
Tink-a-Tako - Potranco,Ivana Abundiz,104,,,2,8/25/25 9:23 AM,8/25/25 9:55 AM,32 minutes and 18 seconds,Mayra Luna
Tink-a-Tako - Potranco,Maria Majana,114,33,,2,8/25/25 9:51 AM,8/25/25 9:55 AM,4 minutes and 30 seconds,Mayra Luna
Tink-a-Tako - Potranco,Silvia Hernandez,80,22,,2,8/25/25 9:16 AM,8/25/25 9:55 AM,38 minutes and 59 seconds,Mayra Luna
Tink-a-Tako - Potranco,Silvia Hernandez,80,22,,2,8/25/25 9:01 AM,8/25/25 9:55 AM,54 minutes and 11 seconds,Mayra Luna
Tink-a-Tako - Potranco,Silvia Hernandez,132,39,,2,8/25/25 9:53 AM,8/25/25 9:55 AM,2 minutes and 5 seconds,Mayra Luna
Tink-a-Tako - Potranco,Rosa Compean,129,17,,2,8/25/25 9:47 AM,8/25/25 9:55 AM,8 minutes and 34 seconds,Mayra Luna
Tink-a-Tako - Potranco,Maria Majana,114,33,,2,8/25/25 9:51 AM,8/25/25 9:55 AM,4 minutes and 27 seconds,Mayra Luna
Tink-a-Tako - Potranco,Silvia Hernandez,135,22,,2,8/25/25 9:53 AM,8/25/25 9:55 AM,2 minutes and 6 seconds,Mayra Luna
Tink-a-Tako - Potranco,Silvia Hernandez,106,25,,2,8/25/25 9:51 AM,8/25/25 9:55 AM,4 minutes and 4 seconds,Mayra Luna
Tink-a-Tako - Potranco,Candy  Del angel ,136,,Lobby,,8/25/25 9:53 AM,8/25/25 9:56 AM,3 minutes and 9 seconds,Mayra Luna
Tink-a-Tako - Potranco,Candy  Del angel ,136,,Tortillero,,8/25/25 9:53 AM,8/25/25 9:56 AM,3 minutes and 9 seconds,Mayra Luna
Tink-a-Tako - Potranco,Candy  Del angel ,136,,Prep,,8/25/25 9:53 AM,8/25/25 9:56 AM,3 minutes and 9 seconds,Mayra Luna
Tink-a-Tako - Potranco,Candy  Del angel ,137,,Lobby,,8/25/25 9:55 AM,8/25/25 9:58 AM,2 minutes and 51 seconds,Mayra Luna
Tink-a-Tako - Potranco,Candy  Del angel ,139,,Lobby,,8/25/25 9:59 AM,8/25/25 10:00 AM,34 seconds,Mayra Luna
Tink-a-Tako - Potranco,Rosa Compean,138,24,Lobby,,8/25/25 10:00 AM,8/25/25 10:01 AM,1 minute and 7 seconds,Mayra Luna
Tink-a-Tako - Potranco,Candy  Del angel ,140,,Lobby,,8/25/25 10:00 AM,8/25/25 10:02 AM,1 minute and 32 seconds,Mayra Luna
Tink-a-Tako - Potranco,Candy  Del angel ,142,,Lobby,,8/25/25 10:01 AM,8/25/25 10:05 AM,3 minutes and 58 seconds,Mayra Luna
Tink-a-Tako - Potranco,Silvia Hernandez,141,31,Lobby,,8/25/25 10:02 AM,8/25/25 10:06 AM,4 minutes and 7 seconds,Mayra Luna
Tink-a-Tako - Potranco,Silvia Hernandez,141,31,Prep,,8/25/25 10:02 AM,8/25/25 10:06 AM,4 minutes and 7 seconds,Mayra Luna
Tink-a-Tako - Potranco,Silvia Hernandez,141,31,Tortillero,,8/25/25 10:02 AM,8/25/25 10:06 AM,4 minutes and 7 seconds,Mayra Luna
Tink-a-Tako - Potranco,Candy  Del angel ,147,,Lobby,,8/25/25 10:07 AM,8/25/25 10:08 AM,43 seconds,Mayra Luna
Tink-a-Tako - Potranco,Candy  Del angel ,149,,Lobby,,8/25/25 10:08 AM,8/25/25 10:08 AM,17 seconds,Mayra Luna
Tink-a-Tako - Potranco,Rosa Compean,148,17,Lobby,,8/25/25 10:08 AM,8/25/25 10:10 AM,2 minutes and 12 seconds,Mayra Luna
Tink-a-Tako - Potranco,Maria Majana,143,25,Lobby,,8/25/25 10:03 AM,8/25/25 10:10 AM,6 minutes and 59 seconds,Mayra Luna
Tink-a-Tako - Potranco,Candy  Del angel ,150,,Lobby,,8/25/25 10:10 AM,8/25/25 10:11 AM,1 minute and 4 seconds,Mayra Luna
Tink-a-Tako - Potranco,Candy  Del angel ,133,,Lobby,,8/25/25 10:13 AM,8/25/25 10:14 AM,1 minute and 31 seconds,Mayra Luna
Tink-a-Tako - Potranco,Silvia Hernandez,141,31,,2,8/25/25 10:06 AM,8/25/25 10:16 AM,9 minutes and 48 seconds,Mayra Luna
Tink-a-Tako - Potranco,Maria Majana,143,25,,2,8/25/25 10:10 AM,8/25/25 10:16 AM,5 minutes and 27 seconds,Mayra Luna
Tink-a-Tako - Potranco,Rosa Compean,138,24,,2,8/25/25 10:01 AM,8/25/25 10:16 AM,14 minutes and 53 seconds,Mayra Luna
Tink-a-Tako - Potranco,Rosa Compean,148,17,,2,8/25/25 10:10 AM,8/25/25 10:16 AM,5 minutes and 26 seconds,Mayra Luna
Tink-a-Tako - Potranco,Silvia Hernandez,152,36,Lobby,,8/25/25 10:15 AM,8/25/25 10:20 AM,5 minutes and 7 seconds,Mayra Luna
Tink-a-Tako - Potranco,Silvia Hernandez,152,36,Prep,,8/25/25 10:15 AM,8/25/25 10:20 AM,5 minutes and 7 seconds,Mayra Luna
Tink-a-Tako - Potranco,Rosa Compean,154,3,Lobby,,8/25/25 10:21 AM,8/25/25 10:21 AM,5 seconds,Mayra Luna
Tink-a-Tako - Potranco,Maria Majana,155,34,Lobby,,8/25/25 10:21 AM,8/25/25 10:22 AM,1 minute and 6 seconds,Mayra Luna
Tink-a-Tako - Potranco,Rosa Compean,154,3,Lobby,,8/25/25 10:20 AM,8/25/25 10:25 AM,5 minutes and 2 seconds,Mayra Luna
Tink-a-Tako - Potranco,Silvia Hernandez,152,36,,2,8/25/25 10:20 AM,8/25/25 10:25 AM,4 minutes and 36 seconds,Mayra Luna
Tink-a-Tako - Potranco,Rosa Compean,154,3,,2,8/25/25 10:25 AM,8/25/25 10:25 AM,2 seconds,Mayra Luna
Tink-a-Tako - Potranco,Silvia Hernandez,156,7,Lobby,,8/25/25 10:27 AM,8/25/25 10:29 AM,2 minutes and 13 seconds,Mayra Luna
Tink-a-Tako - Potranco,Maria Majana,157,23,Lobby,,8/25/25 10:29 AM,8/25/25 10:34 AM,4 minutes and 32 seconds,Mayra Luna
Tink-a-Tako - Potranco,Maria Majana,157,23,Prep,,8/25/25 10:29 AM,8/25/25 10:34 AM,4 minutes and 32 seconds,Mayra Luna
Tink-a-Tako - Potranco,Maria Majana,157,23,Tortillero,,8/25/25 10:29 AM,8/25/25 10:34 AM,4 minutes and 32 seconds,Mayra Luna
Tink-a-Tako - Potranco,Silvia Hernandez,160,24,Lobby,,8/25/25 10:31 AM,8/25/25 10:34 AM,2 minutes and 31 seconds,Mayra Luna
Tink-a-Tako - Potranco,Candy  Del angel ,162,,Lobby,,8/25/25 10:34 AM,8/25/25 10:35 AM,45 seconds,Mayra Luna
Tink-a-Tako - Potranco,Maria Majana,159,20,Lobby,,8/25/25 10:33 AM,8/25/25 10:36 AM,2 minutes and 52 seconds,Mayra Luna
Tink-a-Tako - Potranco,Rosa Compean,158,41,Lobby,,8/25/25 10:30 AM,8/25/25 10:36 AM,6 minutes and 2 seconds,Mayra Luna
Tink-a-Tako - Potranco,Rosa Compean,158,41,Prep,,8/25/25 10:30 AM,8/25/25 10:36 AM,6 minutes and 2 seconds,Mayra Luna
Tink-a-Tako - Potranco,Rosa Compean,158,41,Tortillero,,8/25/25 10:30 AM,8/25/25 10:36 AM,6 minutes and 2 seconds,Mayra Luna
Tink-a-Tako - Potranco,Maria Majana,157,23,Lobby,,8/25/25 10:36 AM,8/25/25 10:37 AM,54 seconds,Mayra Luna
Tink-a-Tako - Potranco,Rosa Compean,158,41,Lobby,,8/25/25 10:37 AM,8/25/25 10:37 AM,25 seconds,Mayra Luna
Tink-a-Tako - Potranco,Ivana Abundiz,161,,Lobby,,8/25/25 10:34 AM,8/25/25 10:38 AM,3 minutes and 59 seconds,Mayra Luna
Tink-a-Tako - Potranco,Candy  Del angel ,163,,Lobby,,8/25/25 10:37 AM,8/25/25 10:38 AM,29 seconds,Mayra Luna
Tink-a-Tako - Potranco,Rosa Compean,164,17,Lobby,,8/25/25 10:36 AM,8/25/25 10:39 AM,2 minutes and 53 seconds,Mayra Luna
Tink-a-Tako - Potranco,Candy  Del angel ,165,,Lobby,,8/25/25 10:38 AM,8/25/25 10:40 AM,1 minute and 23 seconds,Mayra Luna
Tink-a-Tako - Potranco,Ivana Abundiz,161,,,2,8/25/25 10:38 AM,8/25/25 10:43 AM,5 minutes and 21 seconds,Mayra Luna
Tink-a-Tako - Potranco,Maria Majana,155,34,,2,8/25/25 10:22 AM,8/25/25 10:43 AM,20 minutes and 51 seconds,Mayra Luna
Tink-a-Tako - Potranco,Maria Majana,157,23,,2,8/25/25 10:37 AM,8/25/25 10:43 AM,5 minutes and 42 seconds,Mayra Luna
Tink-a-Tako - Potranco,Rosa Compean,164,17,,2,8/25/25 10:39 AM,8/25/25 10:43 AM,4 minutes and 11 seconds,Mayra Luna
Tink-a-Tako - Potranco,Rosa Compean,158,41,,2,8/25/25 10:37 AM,8/25/25 10:43 AM,5 minutes and 29 seconds,Mayra Luna
Tink-a-Tako - Potranco,Rosa Compean,154,3,,2,8/25/25 10:21 AM,8/25/25 10:43 AM,22 minutes and 10 seconds,Mayra Luna
Tink-a-Tako - Potranco,Maria Majana,157,23,,2,8/25/25 10:34 AM,8/25/25 10:43 AM,9 minutes and 6 seconds,Mayra Luna
Tink-a-Tako - Potranco,Rosa Compean,158,41,,2,8/25/25 10:36 AM,8/25/25 10:43 AM,7 minutes and 6 seconds,Mayra Luna
Tink-a-Tako - Potranco,Silvia Hernandez,160,24,,2,8/25/25 10:34 AM,8/25/25 10:43 AM,9 minutes and 10 seconds,Mayra Luna
Tink-a-Tako - Potranco,Silvia Hernandez,156,7,,2,8/25/25 10:29 AM,8/25/25 10:43 AM,14 minutes and 2 seconds,Mayra Luna
Tink-a-Tako - Potranco,Maria Majana,159,20,,2,8/25/25 10:36 AM,8/25/25 10:43 AM,7 minutes and 14 seconds,Mayra Luna
Tink-a-Tako - Potranco,Rosa Compean,166,22,Lobby,,8/25/25 10:44 AM,8/25/25 10:45 AM,1 minute and 10 seconds,Mayra Luna
Tink-a-Tako - Potranco,Candy  Del angel ,151,,Lobby,,8/25/25 10:46 AM,8/25/25 10:48 AM,1 minute and 37 seconds,Mayra Luna
Tink-a-Tako - Potranco,Candy  Del angel ,169,,Lobby,,8/25/25 10:48 AM,8/25/25 10:51 AM,3 minutes and 25 seconds,Mayra Luna
Tink-a-Tako - Potranco,Silvia Hernandez,170,18,Lobby,,8/25/25 10:49 AM,8/25/25 10:52 AM,3 minutes and 21 seconds,Mayra Luna
Tink-a-Tako - Potranco,Rosa Compean,166,22,Lobby,,8/25/25 10:50 AM,8/25/25 10:52 AM,1 minute and 49 seconds,Mayra Luna
Tink-a-Tako - Potranco,Rosa Compean,166,22,Prep,,8/25/25 10:50 AM,8/25/25 10:52 AM,1 minute and 49 seconds,Mayra Luna
Tink-a-Tako - Potranco,Candy  Del angel ,168,,Lobby,,8/25/25 10:49 AM,8/25/25 10:53 AM,3 minutes and 51 seconds,Mayra Luna
Tink-a-Tako - Potranco,Candy  Del angel ,171,,Lobby,,8/25/25 10:51 AM,8/25/25 10:53 AM,2 minutes and 5 seconds,Mayra Luna
Tink-a-Tako - Potranco,Ivana Abundiz,172,,Lobby,,8/25/25 10:51 AM,8/25/25 10:54 AM,2 minutes and 43 seconds,Mayra Luna
Tink-a-Tako - Potranco,Candy  Del angel ,175,,Lobby,,8/25/25 10:54 AM,8/25/25 10:55 AM,58 seconds,Mayra Luna
Tink-a-Tako - Potranco,Silvia Hernandez,170,18,,2,8/25/25 10:52 AM,8/25/25 10:56 AM,4 minutes and 27 seconds,Mayra Luna
Tink-a-Tako - Potranco,Rosa Compean,166,22,,2,8/25/25 10:45 AM,8/25/25 10:56 AM,11 minutes and 5 seconds,Mayra Luna
Tink-a-Tako - Potranco,Rosa Compean,166,22,,2,8/25/25 10:52 AM,8/25/25 10:57 AM,4 minutes and 28 seconds,Mayra Luna
Tink-a-Tako - Potranco,Silvia Hernandez,176,37,Lobby,,8/25/25 10:56 AM,8/25/25 10:57 AM,37 seconds,Mayra Luna
Tink-a-Tako - Potranco,Candy  Del angel ,177,,Lobby,,8/25/25 10:58 AM,8/25/25 10:59 AM,1 minute and 8 seconds,Mayra Luna
Tink-a-Tako - Potranco,Silvia Hernandez,178,26,Lobby,,8/25/25 11:02 AM,8/25/25 11:02 AM,22 seconds,Mayra Luna
Tink-a-Tako - Potranco,Candy  Del angel ,180,,Lobby,,8/25/25 11:02 AM,8/25/25 11:03 AM,56 seconds,Mayra Luna
Tink-a-Tako - Potranco,Maria Majana,174,25,Lobby,,8/25/25 11:02 AM,8/25/25 11:03 AM,1 minute and 34 seconds,Mayra Luna
Tink-a-Tako - Potranco,Maria Majana,114,33,Lobby,,8/25/25 11:04 AM,8/25/25 11:05 AM,41 seconds,Mayra Luna
Tink-a-Tako - Potranco,Candy  Del angel ,177,,Lobby,,8/25/25 11:05 AM,8/25/25 11:05 AM,17 seconds,Mayra Luna
Tink-a-Tako - Potranco,Candy  Del angel ,181,,Lobby,,8/25/25 11:04 AM,8/25/25 11:07 AM,2 minutes and 30 seconds,Mayra Luna
Tink-a-Tako - Potranco,Candy  Del angel ,182,,Lobby,,8/25/25 11:06 AM,8/25/25 11:07 AM,55 seconds,Mayra Luna
Tink-a-Tako - Potranco,Candy  Del angel ,184,,Lobby,,8/25/25 11:08 AM,8/25/25 11:08 AM,39 seconds,Mayra Luna
Tink-a-Tako - Potranco,Maria Majana,183,32,Lobby,,8/25/25 11:09 AM,8/25/25 11:12 AM,3 minutes and 3 seconds,Mayra Luna
Tink-a-Tako - Potranco,Candy  Del angel ,185,,Lobby,,8/25/25 11:11 AM,8/25/25 11:13 AM,1 minute and 29 seconds,Mayra Luna
Tink-a-Tako - Potranco,Rosa Compean,179,35,Lobby,,8/25/25 11:02 AM,8/25/25 11:13 AM,10 minutes and 37 seconds,Mayra Luna
Tink-a-Tako - Potranco,Rosa Compean,179,35,Prep,,8/25/25 11:02 AM,8/25/25 11:13 AM,10 minutes and 37 seconds,Mayra Luna
Tink-a-Tako - Potranco,Rosa Compean,179,35,Tortillero,,8/25/25 11:02 AM,8/25/25 11:13 AM,10 minutes and 37 seconds,Mayra Luna
Tink-a-Tako - Potranco,Candy  Del angel ,189,,Lobby,,8/25/25 11:14 AM,8/25/25 11:15 AM,43 seconds,Mayra Luna
Tink-a-Tako - Potranco,Candy  Del angel ,191,,Lobby,,8/25/25 11:19 AM,8/25/25 11:19 AM,20 seconds,Mayra Luna
Tink-a-Tako - Potranco,Candy  Del angel ,192,,Lobby,,8/25/25 11:20 AM,8/25/25 11:21 AM,30 seconds,Mayra Luna
Tink-a-Tako - Potranco,Candy  Del angel ,195,,Lobby,,8/25/25 11:21 AM,8/25/25 11:21 AM,26 seconds,Mayra Luna
Tink-a-Tako - Potranco,Rosa Compean,190,24,Lobby,,8/25/25 11:17 AM,8/25/25 11:21 AM,3 minutes and 58 seconds,Mayra Luna
Tink-a-Tako - Potranco,Rosa Compean,190,24,Prep,,8/25/25 11:17 AM,8/25/25 11:21 AM,3 minutes and 58 seconds,Mayra Luna
Tink-a-Tako - Potranco,Rosa Compean,190,24,Tortillero,,8/25/25 11:17 AM,8/25/25 11:21 AM,3 minutes and 58 seconds,Mayra Luna
Tink-a-Tako - Potranco,Silvia Hernandez,194,16,Lobby,,8/25/25 11:24 AM,8/25/25 11:25 AM,1 minute and 7 seconds,Mayra Luna
Tink-a-Tako - Potranco,Maria Majana,188,36,Lobby,,8/25/25 11:20 AM,8/25/25 11:25 AM,5 minutes and 12 seconds,Mayra Luna
Tink-a-Tako - Potranco,Candy  Del angel ,198,,Lobby,,8/25/25 11:24 AM,8/25/25 11:26 AM,1 minute and 38 seconds,Mayra Luna
Tink-a-Tako - Potranco,Candy  Del angel ,197,,Lobby,,8/25/25 11:23 AM,8/25/25 11:27 AM,3 minutes and 38 seconds,Mayra Luna
Tink-a-Tako - Potranco,Rosa Compean,190,24,,2,8/25/25 11:21 AM,8/25/25 11:28 AM,6 minutes and 47 seconds,Mayra Luna
Tink-a-Tako - Potranco,Rosa Compean,179,35,,2,8/25/25 11:13 AM,8/25/25 11:28 AM,15 minutes and 11 seconds,Mayra Luna
Tink-a-Tako - Potranco,Rosa Compean,201,18,Lobby,,8/25/25 11:28 AM,8/25/25 11:29 AM,1 minute and 30 seconds,Mayra Luna
Tink-a-Tako - Potranco,Rosa Compean,196,33,Lobby,,8/25/25 11:23 AM,8/25/25 11:31 AM,8 minutes and 32 seconds,Mayra Luna
Tink-a-Tako - Potranco,Candy  Del angel ,203,,Lobby,,8/25/25 11:29 AM,8/25/25 11:32 AM,2 minutes and 52 seconds,Mayra Luna
Tink-a-Tako - Potranco,Candy  Del angel ,205,,Lobby,,8/25/25 11:30 AM,8/25/25 11:33 AM,2 minutes and 54 seconds,Mayra Luna
Tink-a-Tako - Potranco,Candy  Del angel ,207,,Lobby,,8/25/25 11:31 AM,8/25/25 11:33 AM,2 minutes and 20 seconds,Mayra Luna
Tink-a-Tako - Potranco,Silvia Hernandez,200,22,Lobby,,8/25/25 11:27 AM,8/25/25 11:34 AM,6 minutes and 50 seconds,Mayra Luna
Tink-a-Tako - Potranco,Silvia Hernandez,200,22,Prep,,8/25/25 11:27 AM,8/25/25 11:34 AM,6 minutes and 50 seconds,Mayra Luna
Tink-a-Tako - Potranco,Silvia Hernandez,200,22,Tortillero,,8/25/25 11:27 AM,8/25/25 11:34 AM,6 minutes and 50 seconds,Mayra Luna
Tink-a-Tako - Potranco,Maria Majana,193,7,Lobby,,8/25/25 11:28 AM,8/25/25 11:35 AM,6 minutes and 54 seconds,Mayra Luna
Tink-a-Tako - Potranco,Maria Majana,193,7,Prep,,8/25/25 11:28 AM,8/25/25 11:35 AM,6 minutes and 54 seconds,Mayra Luna
Tink-a-Tako - Potranco,Maria Majana,193,7,Tortillero,,8/25/25 11:28 AM,8/25/25 11:35 AM,6 minutes and 54 seconds,Mayra Luna
Tink-a-Tako - Potranco,Rosa Compean,196,33,Lobby,,8/25/25 11:34 AM,8/25/25 11:36 AM,2 minutes and 11 seconds,Mayra Luna
Tink-a-Tako - Potranco,Maria Majana,199,23,Lobby,,8/25/25 11:32 AM,8/25/25 11:37 AM,4 minutes and 27 seconds,Mayra Luna
Tink-a-Tako - Potranco,Maria Majana,199,23,Tortillero,,8/25/25 11:32 AM,8/25/25 11:37 AM,4 minutes and 27 seconds,Mayra Luna
Tink-a-Tako - Potranco,Candy  Del angel ,211,,Lobby,,8/25/25 11:32 AM,8/25/25 11:37 AM,4 minutes and 31 seconds,Mayra Luna
Tink-a-Tako - Potranco,Rosa Compean,196,33,,2,8/25/25 11:36 AM,8/25/25 11:37 AM,56 seconds,Mayra Luna
Tink-a-Tako - Potranco,Rosa Compean,196,33,,2,8/25/25 11:31 AM,8/25/25 11:37 AM,6 minutes and 13 seconds,Mayra Luna
Tink-a-Tako - Potranco,Rosa Compean,208,19,Lobby,,8/25/25 11:32 AM,8/25/25 11:38 AM,6 minutes and 21 seconds,Mayra Luna
Tink-a-Tako - Potranco,Rosa Compean,208,19,Tortillero,,8/25/25 11:32 AM,8/25/25 11:38 AM,6 minutes and 21 seconds,Mayra Luna
Tink-a-Tako - Potranco,Candy  Del angel ,209,,Lobby,,8/25/25 11:32 AM,8/25/25 11:40 AM,8 minutes and 1 second,Mayra Luna
Tink-a-Tako - Potranco,Silvia Hernandez,212,37,Lobby,,8/25/25 11:36 AM,8/25/25 11:40 AM,3 minutes and 25 seconds,Mayra Luna
Tink-a-Tako - Potranco,Candy  Del angel ,213,,Lobby,,8/25/25 11:36 AM,8/25/25 11:40 AM,4 minutes,Mayra Luna
Tink-a-Tako - Potranco,Candy  Del angel ,216,,Lobby,,8/25/25 11:38 AM,8/25/25 11:42 AM,3 minutes and 47 seconds,Mayra Luna
Tink-a-Tako - Potranco,Silvia Hernandez,215,38,Lobby,,8/25/25 11:37 AM,8/25/25 11:43 AM,6 minutes and 40 seconds,Mayra Luna
Tink-a-Tako - Potranco,Silvia Hernandez,215,38,Prep,,8/25/25 11:37 AM,8/25/25 11:43 AM,6 minutes and 40 seconds,Mayra Luna
Tink-a-Tako - Potranco,Silvia Hernandez,215,38,Tortillero,,8/25/25 11:37 AM,8/25/25 11:43 AM,6 minutes and 40 seconds,Mayra Luna
Tink-a-Tako - Potranco,Silvia Hernandez,218,15,Lobby,,8/25/25 11:40 AM,8/25/25 11:45 AM,4 minutes and 37 seconds,Mayra Luna
Tink-a-Tako - Potranco,Silvia Hernandez,218,15,Prep,,8/25/25 11:40 AM,8/25/25 11:45 AM,4 minutes and 37 seconds,Mayra Luna
Tink-a-Tako - Potranco,Silvia Hernandez,218,15,Tortillero,,8/25/25 11:40 AM,8/25/25 11:45 AM,4 minutes and 37 seconds,Mayra Luna
Tink-a-Tako - Potranco,Rosa Compean,220,32,Lobby,,8/25/25 11:43 AM,8/25/25 11:46 AM,3 minutes and 8 seconds,Mayra Luna
Tink-a-Tako - Potranco,Candy  Del angel ,217,,Lobby,,8/25/25 11:39 AM,8/25/25 11:46 AM,7 minutes and 35 seconds,Mayra Luna
Tink-a-Tako - Potranco,Maria Majana,193,7,,2,8/25/25 11:35 AM,8/25/25 11:47 AM,12 minutes and 40 seconds,Mayra Luna
Tink-a-Tako - Potranco,Maria Majana,188,36,,2,8/25/25 11:25 AM,8/25/25 11:47 AM,22 minutes and 38 seconds,Mayra Luna
Tink-a-Tako - Potranco,Rosa Compean,208,19,,2,8/25/25 11:38 AM,8/25/25 11:47 AM,9 minutes and 5 seconds,Mayra Luna
Tink-a-Tako - Potranco,Silvia Hernandez,194,16,,2,8/25/25 11:25 AM,8/25/25 11:47 AM,22 minutes and 41 seconds,Mayra Luna
Tink-a-Tako - Potranco,Silvia Hernandez,200,22,,2,8/25/25 11:34 AM,8/25/25 11:47 AM,13 minutes and 33 seconds,Mayra Luna
Tink-a-Tako - Potranco,Maria Majana,114,33,,2,8/25/25 11:05 AM,8/25/25 11:47 AM,42 minutes and 49 seconds,Mayra Luna
Tink-a-Tako - Potranco,Rosa Compean,201,18,,2,8/25/25 11:29 AM,8/25/25 11:47 AM,18 minutes and 19 seconds,Mayra Luna
Tink-a-Tako - Potranco,Silvia Hernandez,178,26,,2,8/25/25 11:02 AM,8/25/25 11:47 AM,45 minutes and 30 seconds,Mayra Luna
Tink-a-Tako - Potranco,Maria Majana,183,32,,2,8/25/25 11:12 AM,8/25/25 11:47 AM,35 minutes and 48 seconds,Mayra Luna
Tink-a-Tako - Potranco,Ivana Abundiz,172,,,2,8/25/25 10:54 AM,8/25/25 11:48 AM,53 minutes and 46 seconds,Mayra Luna
Tink-a-Tako - Potranco,Silvia Hernandez,176,37,,2,8/25/25 10:57 AM,8/25/25 11:48 AM,50 minutes and 38 seconds,Mayra Luna
Tink-a-Tako - Potranco,Candy  Del angel ,219,,Lobby,,8/25/25 11:43 AM,8/25/25 11:48 AM,5 minutes and 1 second,Mayra Luna
Tink-a-Tako - Potranco,Maria Majana,174,25,,2,8/25/25 11:03 AM,8/25/25 11:48 AM,44 minutes and 24 seconds,Mayra Luna
Tink-a-Tako - Potranco,Silvia Hernandez,212,37,,2,8/25/25 11:40 AM,8/25/25 11:48 AM,7 minutes and 54 seconds,Mayra Luna
Tink-a-Tako - Potranco,Silvia Hernandez,218,15,,2,8/25/25 11:45 AM,8/25/25 11:48 AM,3 minutes and 1 second,Mayra Luna
Tink-a-Tako - Potranco,Silvia Hernandez,215,38,,2,8/25/25 11:43 AM,8/25/25 11:48 AM,4 minutes and 22 seconds,Mayra Luna
Tink-a-Tako - Potranco,Maria Majana,199,23,,2,8/25/25 11:37 AM,8/25/25 11:48 AM,11 minutes and 11 seconds,Mayra Luna
Tink-a-Tako - Potranco,Rosa Compean,220,32,,2,8/25/25 11:46 AM,8/25/25 11:48 AM,1 minute and 59 seconds,Mayra Luna
Tink-a-Tako - Potranco,Rosa Compean,222,34,Lobby,,8/25/25 11:45 AM,8/25/25 11:48 AM,2 minutes and 31 seconds,Mayra Luna
Tink-a-Tako - Potranco,Silvia Hernandez,226,42,,2,8/25/25 11:47 AM,8/25/25 11:50 AM,2 minutes and 28 seconds,Mayra Luna
Tink-a-Tako - Potranco,Candy  Del angel ,227,,Lobby,,8/25/25 11:49 AM,8/25/25 11:50 AM,1 minute and 22 seconds,Mayra Luna
Tink-a-Tako - Potranco,Candy  Del angel ,224,,Lobby,,8/25/25 11:46 AM,8/25/25 11:51 AM,5 minutes and 9 seconds,Mayra Luna
Tink-a-Tako - Potranco,Candy  Del angel ,232,,Lobby,,8/25/25 11:53 AM,8/25/25 11:54 AM,53 seconds,Mayra Luna
Tink-a-Tako - Potranco,Ivana Abundiz,228,,Lobby,,8/25/25 11:53 AM,8/25/25 11:55 AM,2 minutes and 7 seconds,Mayra Luna
Tink-a-Tako - Potranco,Candy  Del angel ,233,,Lobby,,8/25/25 11:54 AM,8/25/25 11:56 AM,2 minutes and 5 seconds,Mayra Luna
Tink-a-Tako - Potranco,Candy  Del angel ,236,,Lobby,,8/25/25 11:57 AM,8/25/25 11:58 AM,47 seconds,Mayra Luna
Tink-a-Tako - Potranco,Candy  Del angel ,236,,Prep,,8/25/25 11:57 AM,8/25/25 11:58 AM,47 seconds,Mayra Luna
Tink-a-Tako - Potranco,Candy  Del angel ,238,,Lobby,,8/25/25 11:58 AM,8/25/25 11:59 AM,1 minute and 6 seconds,Mayra Luna
Tink-a-Tako - Potranco,Candy  Del angel ,221,,Tortillero,,8/25/25 11:45 AM,8/25/25 12:01 PM,16 minutes and 12 seconds,Mayra Luna
Tink-a-Tako - Potranco,Candy  Del angel ,221,,Lobby,,8/25/25 11:45 AM,8/25/25 12:01 PM,16 minutes and 12 seconds,Mayra Luna
Tink-a-Tako - Potranco,Rosa Compean,234,17,Lobby,,8/25/25 11:57 AM,8/25/25 12:01 PM,4 minutes and 34 seconds,Mayra Luna
Tink-a-Tako - Potranco,Rosa Compean,234,17,Prep,,8/25/25 11:57 AM,8/25/25 12:01 PM,4 minutes and 34 seconds,Mayra Luna
Tink-a-Tako - Potranco,Rosa Compean,234,17,Tortillero,,8/25/25 11:57 AM,8/25/25 12:01 PM,4 minutes and 34 seconds,Mayra Luna
Tink-a-Tako - Potranco,Maria Majana,235,40,Lobby,,8/25/25 11:58 AM,8/25/25 12:01 PM,3 minutes and 10 seconds,Mayra Luna
Tink-a-Tako - Potranco,Maria Majana,235,40,Prep,,8/25/25 11:58 AM,8/25/25 12:01 PM,3 minutes and 10 seconds,Mayra Luna
Tink-a-Tako - Potranco,Maria Majana,235,40,Tortillero,,8/25/25 11:58 AM,8/25/25 12:01 PM,3 minutes and 10 seconds,Mayra Luna
Tink-a-Tako - Potranco,Rosa Compean,237,31,Lobby,,8/25/25 11:59 AM,8/25/25 12:02 PM,2 minutes and 53 seconds,Mayra Luna
Tink-a-Tako - Potranco,Maria Majana,12001,20,Lobby,,8/25/25 11:55 AM,8/25/25 12:03 PM,8 minutes and 28 seconds,Mayra Luna
Tink-a-Tako - Potranco,Maria Majana,12001,20,Tortillero,,8/25/25 11:55 AM,8/25/25 12:03 PM,8 minutes and 28 seconds,Mayra Luna
Tink-a-Tako - Potranco,Maria Majana,235,40,Lobby,,8/25/25 11:59 AM,8/25/25 12:03 PM,4 minutes and 24 seconds,Mayra Luna
Tink-a-Tako - Potranco,Silvia Hernandez,239,4,Lobby,,8/25/25 12:00 PM,8/25/25 12:04 PM,3 minutes and 43 seconds,Mayra Luna
Tink-a-Tako - Potranco,Candy  Del angel ,240,,Lobby,,8/25/25 12:01 PM,8/25/25 12:04 PM,3 minutes and 25 seconds,Mayra Luna
Tink-a-Tako - Potranco,Ivana Abundiz,242,,Lobby,,8/25/25 12:05 PM,8/25/25 12:05 PM,12 seconds,Mayra Luna
Tink-a-Tako - Potranco,Silvia Hernandez,239,4,Lobby,,8/25/25 12:06 PM,8/25/25 12:08 PM,1 minute and 41 seconds,Mayra Luna
Tink-a-Tako - Potranco,Rosa Compean,243,9,Lobby,,8/25/25 12:06 PM,8/25/25 12:10 PM,4 minutes and 37 seconds,Mayra Luna
Tink-a-Tako - Potranco,Candy  Del angel ,241,,Tortillero,,8/25/25 12:04 PM,8/25/25 12:11 PM,7 minutes and 25 seconds,Mayra Luna
Tink-a-Tako - Potranco,Candy  Del angel ,241,,Lobby,,8/25/25 12:04 PM,8/25/25 12:11 PM,7 minutes and 25 seconds,Mayra Luna
Tink-a-Tako - Potranco,Candy  Del angel ,244,,Lobby,,8/25/25 12:06 PM,8/25/25 12:12 PM,5 minutes and 19 seconds,Mayra Luna
Tink-a-Tako - Potranco,Candy  Del angel ,244,,Tortillero,,8/25/25 12:06 PM,8/25/25 12:12 PM,5 minutes and 19 seconds,Mayra Luna
Tink-a-Tako - Potranco,Candy  Del angel ,245,,Lobby,,8/25/25 12:08 PM,8/25/25 12:13 PM,5 minutes and 19 seconds,Mayra Luna
Tink-a-Tako - Potranco,Maria Majana,235,40,,2,8/25/25 12:03 PM,8/25/25 12:13 PM,9 minutes and 52 seconds,Mayra Luna
Tink-a-Tako - Potranco,Maria Majana,246,35,Lobby,,8/25/25 12:08 PM,8/25/25 12:15 PM,7 minutes and 2 seconds,Mayra Luna
Tink-a-Tako - Potranco,Maria Majana,246,35,Prep,,8/25/25 12:08 PM,8/25/25 12:15 PM,7 minutes and 2 seconds,Mayra Luna
Tink-a-Tako - Potranco,Maria Majana,246,35,Tortillero,,8/25/25 12:08 PM,8/25/25 12:15 PM,7 minutes and 2 seconds,Mayra Luna
Tink-a-Tako - Potranco,Maria Majana,249,23,Lobby,,8/25/25 12:13 PM,8/25/25 12:17 PM,4 minutes and 8 seconds,Mayra Luna
Tink-a-Tako - Potranco,Rosa Compean,247,36,Lobby,,8/25/25 12:11 PM,8/25/25 12:17 PM,6 minutes and 32 seconds,Mayra Luna
Tink-a-Tako - Potranco,Candy  Del angel ,251,,Lobby,,8/25/25 12:13 PM,8/25/25 12:18 PM,5 minutes and 38 seconds,Mayra Luna
Tink-a-Tako - Potranco,Silvia Hernandez,248,10,,2,8/25/25 12:16 PM,8/25/25 12:20 PM,4 minutes and 36 seconds,Mayra Luna
Tink-a-Tako - Potranco,Candy  Del angel ,256,,Lobby,,8/25/25 12:19 PM,8/25/25 12:20 PM,1 minute and 4 seconds,Mayra Luna
Tink-a-Tako - Potranco,Maria Majana,249,23,,2,8/25/25 12:17 PM,8/25/25 12:22 PM,4 minutes and 48 seconds,Mayra Luna
Tink-a-Tako - Potranco,Maria Majana,253,2,Lobby,,8/25/25 12:16 PM,8/25/25 12:23 PM,7 minutes and 6 seconds,Mayra Luna
Tink-a-Tako - Potranco,Maria Majana,253,2,Tortillero,,8/25/25 12:16 PM,8/25/25 12:23 PM,7 minutes and 6 seconds,Mayra Luna
Tink-a-Tako - Potranco,Silvia Hernandez,252,3,Lobby,,8/25/25 12:16 PM,8/25/25 12:27 PM,11 minutes and 9 seconds,Mayra Luna
Tink-a-Tako - Potranco,Silvia Hernandez,252,3,Prep,,8/25/25 12:16 PM,8/25/25 12:27 PM,11 minutes and 9 seconds,Mayra Luna
Tink-a-Tako - Potranco,Silvia Hernandez,252,3,Tortillero,,8/25/25 12:16 PM,8/25/25 12:27 PM,11 minutes and 9 seconds,Mayra Luna
Tink-a-Tako - Potranco,Rosa Compean,255,24,Lobby,,8/25/25 12:19 PM,8/25/25 12:27 PM,8 minutes and 9 seconds,Mayra Luna
Tink-a-Tako - Potranco,Rosa Compean,258,38,Lobby,,8/25/25 12:20 PM,8/25/25 12:27 PM,6 minutes and 33 seconds,Mayra Luna
Tink-a-Tako - Potranco,Silvia Hernandez,250,18,Lobby,,8/25/25 12:16 PM,8/25/25 12:27 PM,11 minutes and 6 seconds,Mayra Luna
Tink-a-Tako - Potranco,Silvia Hernandez,250,18,Prep,,8/25/25 12:16 PM,8/25/25 12:27 PM,11 minutes and 6 seconds,Mayra Luna
Tink-a-Tako - Potranco,Silvia Hernandez,250,18,Tortillero,,8/25/25 12:16 PM,8/25/25 12:27 PM,11 minutes and 6 seconds,Mayra Luna
Tink-a-Tako - Potranco,Rosa Compean,254,22,Lobby,,8/25/25 12:20 PM,8/25/25 12:27 PM,7 minutes and 35 seconds,Mayra Luna
Tink-a-Tako - Potranco,Candy  Del angel ,259,,Lobby,,8/25/25 12:22 PM,8/25/25 12:27 PM,5 minutes and 5 seconds,Mayra Luna
Tink-a-Tako - Potranco,Candy  Del angel ,261,,Lobby,,8/25/25 12:25 PM,8/25/25 12:28 PM,2 minutes and 13 seconds,Mayra Luna
Tink-a-Tako - Potranco,Candy  Del angel ,257,,Lobby,,8/25/25 12:20 PM,8/25/25 12:28 PM,7 minutes and 54 seconds,Mayra Luna
Tink-a-Tako - Potranco,Candy  Del angel ,260,,Lobby,,8/25/25 12:24 PM,8/25/25 12:28 PM,4 minutes and 28 seconds,Mayra Luna
Tink-a-Tako - Potranco,Silvia Hernandez,239,4,Lobby,,8/25/25 12:31 PM,8/25/25 12:32 PM,48 seconds,Mayra Luna
Tink-a-Tako - Potranco,Candy  Del angel ,263,,Lobby,,8/25/25 12:31 PM,8/25/25 12:32 PM,55 seconds,Mayra Luna
Tink-a-Tako - Potranco,Candy  Del angel ,263,,Prep,,8/25/25 12:31 PM,8/25/25 12:32 PM,55 seconds,Mayra Luna
Tink-a-Tako - Potranco,Candy  Del angel ,263,,Lobby,,8/25/25 12:31 PM,8/25/25 12:34 PM,2 minutes and 49 seconds,Mayra Luna
Tink-a-Tako - Potranco,Candy  Del angel ,269,,Lobby,,8/25/25 12:35 PM,8/25/25 12:35 PM,33 seconds,Mayra Luna
Tink-a-Tako - Potranco,Candy  Del angel ,269,,Prep,,8/25/25 12:35 PM,8/25/25 12:35 PM,33 seconds,Mayra Luna
Tink-a-Tako - Potranco,Maria Majana,268,32,Lobby,,8/25/25 12:37 PM,8/25/25 12:38 PM,55 seconds,Mayra Luna
Tink-a-Tako - Potranco,Maria Majana,268,32,Tortillero,,8/25/25 12:37 PM,8/25/25 12:38 PM,55 seconds,Mayra Luna
Tink-a-Tako - Potranco,Silvia Hernandez,267,23,Lobby,,8/25/25 12:33 PM,8/25/25 12:40 PM,6 minutes and 41 seconds,Mayra Luna
Tink-a-Tako - Potranco,Silvia Hernandez,267,23,Prep,,8/25/25 12:33 PM,8/25/25 12:40 PM,6 minutes and 41 seconds,Mayra Luna
Tink-a-Tako - Potranco,Silvia Hernandez,267,23,Tortillero,,8/25/25 12:33 PM,8/25/25 12:40 PM,6 minutes and 41 seconds,Mayra Luna
Tink-a-Tako - Potranco,Rosa Compean,271,16,Lobby,,8/25/25 12:39 PM,8/25/25 12:40 PM,1 minute and 14 seconds,Mayra Luna
Tink-a-Tako - Potranco,Rosa Compean,272,15,Lobby,,8/25/25 12:40 PM,8/25/25 12:46 PM,6 minutes and 26 seconds,Mayra Luna
Tink-a-Tako - Potranco,Rosa Compean,272,15,Prep,,8/25/25 12:40 PM,8/25/25 12:46 PM,6 minutes and 26 seconds,Mayra Luna
Tink-a-Tako - Potranco,Rosa Compean,272,15,Tortillero,,8/25/25 12:40 PM,8/25/25 12:46 PM,6 minutes and 26 seconds,Mayra Luna
Tink-a-Tako - Potranco,Rosa Compean,270,20,Lobby,,8/25/25 12:38 PM,8/25/25 12:46 PM,8 minutes and 33 seconds,Mayra Luna
Tink-a-Tako - Potranco,Rosa Compean,270,20,Prep,,8/25/25 12:38 PM,8/25/25 12:46 PM,8 minutes and 33 seconds,Mayra Luna
Tink-a-Tako - Potranco,Rosa Compean,270,20,Tortillero,,8/25/25 12:38 PM,8/25/25 12:46 PM,8 minutes and 33 seconds,Mayra Luna
Tink-a-Tako - Potranco,Candy  Del angel ,275,,Lobby,,8/25/25 12:44 PM,8/25/25 12:47 PM,3 minutes,Mayra Luna
Tink-a-Tako - Potranco,Candy  Del angel ,274,,Lobby,,8/25/25 12:44 PM,8/25/25 12:51 PM,7 minutes and 25 seconds,Mayra Luna
Tink-a-Tako - Potranco,Candy  Del angel ,276,,Lobby,,8/25/25 12:45 PM,8/25/25 12:52 PM,6 minutes and 46 seconds,Mayra Luna
Tink-a-Tako - Potranco,Silvia Hernandez,273,33,Lobby,,8/25/25 12:44 PM,8/25/25 12:52 PM,8 minutes and 12 seconds,Mayra Luna
Tink-a-Tako - Potranco,Silvia Hernandez,239,4,,2,8/25/25 12:32 PM,8/25/25 12:56 PM,24 minutes and 15 seconds,Mayra Luna
Tink-a-Tako - Potranco,Silvia Hernandez,267,23,,2,8/25/25 12:40 PM,8/25/25 12:56 PM,16 minutes and 4 seconds,Mayra Luna
Tink-a-Tako - Potranco,Rosa Compean,254,22,,2,8/25/25 12:27 PM,8/25/25 12:56 PM,28 minutes and 41 seconds,Mayra Luna
Tink-a-Tako - Potranco,Candy  Del angel ,278,,Lobby,,8/25/25 12:55 PM,8/25/25 12:57 PM,2 minutes and 20 seconds,Mayra Luna
Tink-a-Tako - Potranco,Candy  Del angel ,277,,Lobby,,8/25/25 12:54 PM,8/25/25 12:58 PM,3 minutes and 26 seconds,Mayra Luna
Tink-a-Tako - Potranco,Rosa Compean,255,24,,2,8/25/25 12:27 PM,8/25/25 12:59 PM,32 minutes and 42 seconds,Mayra Luna
Tink-a-Tako - Potranco,Rosa Compean,258,38,,2,8/25/25 12:27 PM,8/25/25 12:59 PM,32 minutes and 38 seconds,Mayra Luna
Tink-a-Tako - Potranco,Rosa Compean,270,20,,2,8/25/25 12:46 PM,8/25/25 1:07 PM,20 minutes and 21 seconds,Mayra Luna
Tink-a-Tako - Potranco,Silvia Hernandez,262,37,Lobby,,8/25/25 12:55 PM,8/25/25 1:07 PM,11 minutes and 14 seconds,Mayra Luna
Tink-a-Tako - Potranco,Silvia Hernandez,262,37,Prep,,8/25/25 12:55 PM,8/25/25 1:07 PM,11 minutes and 14 seconds,Mayra Luna
Tink-a-Tako - Potranco,Maria Majana,268,32,,2,8/25/25 12:38 PM,8/25/25 1:07 PM,28 minutes and 32 seconds,Mayra Luna
Tink-a-Tako - Potranco,Silvia Hernandez,250,18,,2,8/25/25 12:27 PM,8/25/25 1:07 PM,40 minutes and 4 seconds,Mayra Luna
Tink-a-Tako - Potranco,Rosa Compean,271,16,,2,8/25/25 12:40 PM,8/25/25 1:07 PM,26 minutes and 42 seconds,Mayra Luna
Tink-a-Tako - Potranco,Rosa Compean,247,36,,2,8/25/25 12:17 PM,8/25/25 1:07 PM,49 minutes and 42 seconds,Mayra Luna
Tink-a-Tako - Potranco,Maria Majana,246,35,,2,8/25/25 12:15 PM,8/25/25 1:07 PM,51 minutes and 25 seconds,Mayra Luna
Tink-a-Tako - Potranco,Silvia Hernandez,252,3,,2,8/25/25 12:27 PM,8/25/25 1:07 PM,40 minutes and 7 seconds,Mayra Luna
Tink-a-Tako - Potranco,Maria Majana,12001,20,,2,8/25/25 12:03 PM,8/25/25 1:07 PM,"1 hour, 3 minutes and 37 seconds",Mayra Luna
Tink-a-Tako - Potranco,Maria Majana,253,2,,2,8/25/25 12:23 PM,8/25/25 1:07 PM,43 minutes and 41 seconds,Mayra Luna
Tink-a-Tako - Potranco,Rosa Compean,243,9,,2,8/25/25 12:10 PM,8/25/25 1:07 PM,56 minutes and 20 seconds,Mayra Luna
Tink-a-Tako - Potranco,Silvia Hernandez,239,4,,2,8/25/25 12:04 PM,8/25/25 1:07 PM,"1 hour, 3 minutes and 5 seconds",Mayra Luna
Tink-a-Tako - Potranco,Rosa Compean,237,31,,2,8/25/25 12:02 PM,8/25/25 1:07 PM,"1 hour, 5 minutes and 25 seconds",Mayra Luna
Tink-a-Tako - Potranco,Rosa Compean,234,17,,2,8/25/25 12:01 PM,8/25/25 1:07 PM,"1 hour, 5 minutes and 24 seconds",Mayra Luna
Tink-a-Tako - Potranco,Rosa Compean,272,15,,2,8/25/25 12:46 PM,8/25/25 1:07 PM,20 minutes and 36 seconds,Mayra Luna
Tink-a-Tako - Potranco,Ivana Abundiz,242,,,2,8/25/25 12:05 PM,8/25/25 1:07 PM,"1 hour, 1 minute and 28 seconds",Mayra Luna
Tink-a-Tako - Potranco,Maria Majana,235,40,,2,8/25/25 12:01 PM,8/25/25 1:07 PM,"1 hour, 5 minutes and 31 seconds",Mayra Luna
Tink-a-Tako - Potranco,Silvia Hernandez,273,33,,2,8/25/25 12:52 PM,8/25/25 1:07 PM,15 minutes and 17 seconds,Mayra Luna
Tink-a-Tako - Potranco,Ivana Abundiz,281,,Lobby,,8/25/25 1:08 PM,8/25/25 1:09 PM,40 seconds,Mayra Luna
Tink-a-Tako - Potranco,Candy  Del angel ,280,,Lobby,,8/25/25 1:08 PM,8/25/25 1:11 PM,2 minutes and 9 seconds,Mayra Luna
Tink-a-Tako - Potranco,Candy  Del angel ,282,,Lobby,,8/25/25 1:09 PM,8/25/25 1:12 PM,2 minutes and 30 seconds,Mayra Luna
Tink-a-Tako - Potranco,Candy  Del angel ,283,,Lobby,,8/25/25 1:10 PM,8/25/25 1:14 PM,3 minutes and 55 seconds,Mayra Luna
Tink-a-Tako - Potranco,Ivana Abundiz,228,,,2,8/25/25 11:55 AM,8/25/25 1:15 PM,"1 hour, 20 minutes and 14 seconds",Mayra Luna
Tink-a-Tako - Potranco,Rosa Compean,222,34,,2,8/25/25 11:48 AM,8/25/25 1:15 PM,"1 hour, 27 minutes and 23 seconds",Mayra Luna
Tink-a-Tako - Potranco,Silvia Hernandez,239,4,,2,8/25/25 12:08 PM,8/25/25 1:15 PM,"1 hour, 7 minutes and 17 seconds",Mayra Luna
Tink-a-Tako - Potranco,Ivana Abundiz,281,,,2,8/25/25 1:09 PM,8/25/25 1:15 PM,6 minutes and 47 seconds,Mayra Luna
Tink-a-Tako - Potranco,Silvia Hernandez,262,37,,2,8/25/25 1:07 PM,8/25/25 1:15 PM,8 minutes and 36 seconds,Mayra Luna
Tink-a-Tako - Potranco,Candy  Del angel ,287,,Lobby,,8/25/25 1:12 PM,8/25/25 1:15 PM,3 minutes and 37 seconds,Mayra Luna
Tink-a-Tako - Potranco,Candy  Del angel ,282,,,2,8/25/25 1:12 PM,8/25/25 1:15 PM,3 minutes and 50 seconds,Mayra Luna
Tink-a-Tako - Potranco,Silvia Hernandez,285,17,Lobby,,8/25/25 1:11 PM,8/25/25 1:20 PM,8 minutes and 41 seconds,Mayra Luna
Tink-a-Tako - Potranco,Silvia Hernandez,285,17,Prep,,8/25/25 1:11 PM,8/25/25 1:20 PM,8 minutes and 41 seconds,Mayra Luna
Tink-a-Tako - Potranco,Rosa Compean,187,41,Lobby,,8/25/25 1:15 PM,8/25/25 1:21 PM,6 minutes and 5 seconds,Mayra Luna
Tink-a-Tako - Potranco,Rosa Compean,187,41,Prep,,8/25/25 1:15 PM,8/25/25 1:21 PM,6 minutes and 5 seconds,Mayra Luna
Tink-a-Tako - Potranco,Rosa Compean,187,41,Tortillero,,8/25/25 1:15 PM,8/25/25 1:21 PM,6 minutes and 5 seconds,Mayra Luna
Tink-a-Tako - Potranco,Ivana Abundiz,289,,Lobby,,8/25/25 1:16 PM,8/25/25 1:22 PM,5 minutes and 58 seconds,Mayra Luna
Tink-a-Tako - Potranco,Candy  Del angel ,290,,Lobby,,8/25/25 1:25 PM,8/25/25 1:29 PM,3 minutes and 22 seconds,Mayra Luna
Tink-a-Tako - Potranco,Candy  Del angel ,291,,Lobby,,8/25/25 1:32 PM,8/25/25 1:33 PM,1 minute and 5 seconds,Mayra Luna
Tink-a-Tako - Potranco,Candy  Del angel ,292,,Lobby,,8/25/25 1:40 PM,8/25/25 1:43 PM,3 minutes,Mayra Luna
Tink-a-Tako - Potranco,Candy  Del angel ,293,,Tortillero,,8/25/25 1:40 PM,8/25/25 1:48 PM,7 minutes and 53 seconds,Mayra Luna
Tink-a-Tako - Potranco,Candy  Del angel ,293,,Lobby,,8/25/25 1:40 PM,8/25/25 1:48 PM,7 minutes and 53 seconds,Mayra Luna
Tink-a-Tako - Potranco,Candy  Del angel ,293,,Prep,,8/25/25 1:40 PM,8/25/25 1:48 PM,7 minutes and 53 seconds,Mayra Luna
Tink-a-Tako - Potranco,Candy  Del angel ,295,,Lobby,,8/25/25 1:48 PM,8/25/25 1:49 PM,47 seconds,Mayra Luna
Tink-a-Tako - Potranco,Silvia Hernandez,294,25,Lobby,,8/25/25 1:43 PM,8/25/25 1:49 PM,6 minutes and 15 seconds,Mayra Luna
Tink-a-Tako - Potranco,Silvia Hernandez,294,25,Prep,,8/25/25 1:43 PM,8/25/25 1:49 PM,6 minutes and 15 seconds,Mayra Luna
Tink-a-Tako - Potranco,Silvia Hernandez,294,25,Tortillero,,8/25/25 1:43 PM,8/25/25 1:49 PM,6 minutes and 15 seconds,Mayra Luna
Tink-a-Tako - Potranco,Candy  Del angel ,296,,Lobby,,8/25/25 1:49 PM,8/25/25 1:50 PM,58 seconds,Mayra Luna
Tink-a-Tako - Potranco,Rosa Compean,298,9,Lobby,,8/25/25 1:51 PM,8/25/25 1:55 PM,4 minutes and 22 seconds,Mayra Luna
Tink-a-Tako - Potranco,Lizeth Alonso,302,,Lobby,,8/25/25 1:56 PM,8/25/25 1:56 PM,20 seconds,Mayra Luna
Tink-a-Tako - Potranco,Candy  Del angel ,299,,Tortillero,,8/25/25 1:52 PM,8/25/25 1:58 PM,6 minutes and 4 seconds,Mayra Luna
Tink-a-Tako - Potranco,Candy  Del angel ,299,,Lobby,,8/25/25 1:52 PM,8/25/25 1:58 PM,6 minutes and 4 seconds,Mayra Luna
Tink-a-Tako - Potranco,Candy  Del angel ,299,,Prep,,8/25/25 1:52 PM,8/25/25 1:58 PM,6 minutes and 4 seconds,Mayra Luna
Tink-a-Tako - Potranco,Mayra Luna,300,10,Lobby,,8/25/25 1:56 PM,8/25/25 2:00 PM,4 minutes and 38 seconds,Mayra Luna
Tink-a-Tako - Potranco,Mayra Luna,300,10,Prep,,8/25/25 1:56 PM,8/25/25 2:00 PM,4 minutes and 38 seconds,Mayra Luna
Tink-a-Tako - Potranco,Mayra Luna,300,10,Tortillero,,8/25/25 1:56 PM,8/25/25 2:00 PM,4 minutes and 38 seconds,Mayra Luna
Tink-a-Tako - Potranco,Silvia Hernandez,285,17,,2,8/25/25 1:20 PM,8/25/25 2:02 PM,42 minutes and 21 seconds,Mayra Luna
Tink-a-Tako - Potranco,Ivana Abundiz,289,,,2,8/25/25 1:22 PM,8/25/25 2:02 PM,39 minutes and 57 seconds,Mayra Luna
Tink-a-Tako - Potranco,Candy  Del angel ,293,,,2,8/25/25 1:48 PM,8/25/25 2:02 PM,13 minutes and 58 seconds,Mayra Luna
Tink-a-Tako - Potranco,Rosa Compean,187,41,,2,8/25/25 1:21 PM,8/25/25 2:02 PM,40 minutes and 40 seconds,Mayra Luna
Tink-a-Tako - Potranco,Silvia Hernandez,294,25,,2,8/25/25 1:49 PM,8/25/25 2:02 PM,13 minutes,Mayra Luna
Tink-a-Tako - Potranco,Rosa Compean,298,9,,2,8/25/25 1:55 PM,8/25/25 2:02 PM,6 minutes and 50 seconds,Mayra Luna
Tink-a-Tako - Potranco,Mayra Luna,300,10,,2,8/25/25 2:00 PM,8/25/25 2:02 PM,1 minute and 54 seconds,Mayra Luna
Tink-a-Tako - Potranco,Silvia Hernandez,301,33,Lobby,,8/25/25 1:55 PM,8/25/25 2:08 PM,12 minutes and 53 seconds,Mayra Luna
Tink-a-Tako - Potranco,Lizeth Alonso,303,,Lobby,,8/25/25 2:05 PM,8/25/25 2:10 PM,4 minutes and 33 seconds,Mayra Luna
Tink-a-Tako - Potranco,Lizeth Alonso,305,,Lobby,,8/25/25 2:14 PM,8/25/25 2:16 PM,1 minute and 56 seconds,Mayra Luna
Tink-a-Tako - Potranco,Lizeth Alonso,306,,Lobby,,8/25/25 2:16 PM,8/25/25 2:21 PM,4 minutes and 27 seconds,Mayra Luna
Tink-a-Tako - Potranco,Silvia Hernandez,304,17,Lobby,,8/25/25 2:13 PM,8/25/25 2:23 PM,10 minutes and 33 seconds,Mayra Luna
Tink-a-Tako - Potranco,Silvia Hernandez,307,24,Lobby,,8/25/25 2:20 PM,8/25/25 2:26 PM,5 minutes and 30 seconds,Mayra Luna
Tink-a-Tako - Potranco,Rosa Compean,298,9,Lobby,,8/25/25 2:20 PM,8/25/25 2:26 PM,5 minutes and 7 seconds,Mayra Luna
Tink-a-Tako - Potranco,Sergio Abundiz,309,25,Lobby,,8/25/25 2:26 PM,8/25/25 2:31 PM,4 minutes and 43 seconds,Mayra Luna
Tink-a-Tako - Potranco,Isabel Cisneros,311,37,Lobby,,8/25/25 2:32 PM,8/25/25 2:36 PM,4 minutes and 3 seconds,Mayra Luna
Tink-a-Tako - Potranco,Isabel Cisneros,308,18,Lobby,,8/25/25 2:24 PM,8/25/25 2:38 PM,14 minutes and 24 seconds,Mayra Luna
Tink-a-Tako - Potranco,Isabel Cisneros,308,18,Prep,,8/25/25 2:24 PM,8/25/25 2:38 PM,14 minutes and 24 seconds,Mayra Luna
Tink-a-Tako - Potranco,Isabel Cisneros,308,18,Tortillero,,8/25/25 2:24 PM,8/25/25 2:38 PM,14 minutes and 24 seconds,Mayra Luna
Tink-a-Tako - Potranco,Sergio Abundiz,310,38,Lobby,,8/25/25 2:31 PM,8/25/25 2:38 PM,7 minutes and 26 seconds,Mayra Luna
Tink-a-Tako - Potranco,Isabel Cisneros,311,37,,2,8/25/25 2:36 PM,8/25/25 2:44 PM,8 minutes and 44 seconds,Mayra Luna
Tink-a-Tako - Potranco,Sergio Abundiz,310,38,,2,8/25/25 2:38 PM,8/25/25 2:44 PM,6 minutes and 26 seconds,Mayra Luna
Tink-a-Tako - Potranco,Sergio Abundiz,309,25,,2,8/25/25 2:31 PM,8/25/25 2:44 PM,13 minutes and 35 seconds,Mayra Luna
Tink-a-Tako - Potranco,Isabel Cisneros,308,18,,2,8/25/25 2:38 PM,8/25/25 2:44 PM,6 minutes and 28 seconds,Mayra Luna
Tink-a-Tako - Potranco,Silvia Hernandez,307,24,,2,8/25/25 2:26 PM,8/25/25 2:44 PM,18 minutes and 58 seconds,Mayra Luna
Tink-a-Tako - Potranco,Silvia Hernandez,301,33,,2,8/25/25 2:08 PM,8/25/25 2:45 PM,36 minutes and 14 seconds,Mayra Luna
Tink-a-Tako - Potranco,Rosa Compean,298,9,,2,8/25/25 2:26 PM,8/25/25 2:44 PM,18 minutes and 57 seconds,Mayra Luna
Tink-a-Tako - Potranco,Silvia Hernandez,304,17,,2,8/25/25 2:23 PM,8/25/25 2:45 PM,21 minutes and 25 seconds,Mayra Luna
Tink-a-Tako - Potranco,Isabel Cisneros,313,32,Lobby,,8/25/25 2:41 PM,8/25/25 2:47 PM,5 minutes and 48 seconds,Mayra Luna
Tink-a-Tako - Potranco,Sergio Abundiz,312,7,Lobby,,8/25/25 2:40 PM,8/25/25 2:48 PM,7 minutes and 54 seconds,Mayra Luna
Tink-a-Tako - Potranco,Sergio Abundiz,314,23,Lobby,,8/25/25 2:47 PM,8/25/25 2:55 PM,8 minutes and 10 seconds,Mayra Luna
Tink-a-Tako - Potranco,Isabel Cisneros,315,33,Lobby,,8/25/25 2:55 PM,8/25/25 2:58 PM,3 minutes and 22 seconds,Mayra Luna
Tink-a-Tako - Potranco,Isabel Cisneros,317,39,Lobby,,8/25/25 3:00 PM,8/25/25 3:05 PM,4 minutes and 42 seconds,Mayra Luna
Tink-a-Tako - Potranco,Sergio Abundiz,312,7,Lobby,,8/25/25 3:06 PM,8/25/25 3:07 PM,1 minute and 48 seconds,Mayra Luna
Tink-a-Tako - Potranco,Sergio Abundiz,312,7,Prep,,8/25/25 3:06 PM,8/25/25 3:07 PM,1 minute and 48 seconds,Mayra Luna
Tink-a-Tako - Potranco,Sergio Abundiz,312,7,Tortillero,,8/25/25 3:06 PM,8/25/25 3:07 PM,1 minute and 48 seconds,Mayra Luna
Tink-a-Tako - Potranco,Sergio Abundiz,316,4,Lobby,,8/25/25 3:00 PM,8/25/25 3:09 PM,8 minutes and 52 seconds,Mayra Luna
Tink-a-Tako - Potranco,Sergio Abundiz,316,4,Prep,,8/25/25 3:00 PM,8/25/25 3:09 PM,8 minutes and 52 seconds,Mayra Luna
Tink-a-Tako - Potranco,Sergio Abundiz,316,4,Tortillero,,8/25/25 3:00 PM,8/25/25 3:09 PM,8 minutes and 52 seconds,Mayra Luna
Tink-a-Tako - Potranco,Lizeth Alonso,319,,Lobby,,8/25/25 3:11 PM,8/25/25 3:13 PM,1 minute and 29 seconds,Mayra Luna
Tink-a-Tako - Potranco,Lizeth Alonso,320,,Lobby,,8/25/25 3:12 PM,8/25/25 3:13 PM,1 minute and 30 seconds,Mayra Luna
Tink-a-Tako - Potranco,Lizeth Alonso,318,,Lobby,,8/25/25 3:10 PM,8/25/25 3:14 PM,3 minutes and 40 seconds,Mayra Luna
Tink-a-Tako - Potranco,Sergio Abundiz,321,20,Lobby,,8/25/25 3:13 PM,8/25/25 3:17 PM,3 minutes and 24 seconds,Mayra Luna
Tink-a-Tako - Potranco,Sergio Abundiz,321,20,Prep,,8/25/25 3:13 PM,8/25/25 3:17 PM,3 minutes and 24 seconds,Mayra Luna
Tink-a-Tako - Potranco,Sergio Abundiz,321,20,Tortillero,,8/25/25 3:13 PM,8/25/25 3:17 PM,3 minutes and 24 seconds,Mayra Luna
Tink-a-Tako - Potranco,Lizeth Alonso,323,,Lobby,,8/25/25 3:21 PM,8/25/25 3:23 PM,2 minutes and 7 seconds,Mayra Luna
Tink-a-Tako - Potranco,Isabel Cisneros,322,25,Lobby,,8/25/25 3:17 PM,8/25/25 3:24 PM,6 minutes and 40 seconds,Mayra Luna
Tink-a-Tako - Potranco,Lizeth Alonso,325,,Lobby,,8/25/25 3:49 PM,8/25/25 3:49 PM,50 seconds,Mayra Luna
Tink-a-Tako - Potranco,Sergio Abundiz,312,7,,2,8/25/25 3:07 PM,8/25/25 3:50 PM,42 minutes and 50 seconds,Mayra Luna
Tink-a-Tako - Potranco,Isabel Cisneros,322,25,,2,8/25/25 3:24 PM,8/25/25 3:50 PM,26 minutes and 9 seconds,Mayra Luna
Tink-a-Tako - Potranco,Isabel Cisneros,317,39,,2,8/25/25 3:05 PM,8/25/25 3:50 PM,45 minutes and 33 seconds,Mayra Luna
Tink-a-Tako - Potranco,Sergio Abundiz,321,20,,2,8/25/25 3:17 PM,8/25/25 3:50 PM,33 minutes and 40 seconds,Mayra Luna
Tink-a-Tako - Potranco,Isabel Cisneros,315,33,,2,8/25/25 2:58 PM,8/25/25 3:50 PM,52 minutes and 9 seconds,Mayra Luna
Tink-a-Tako - Potranco,Sergio Abundiz,314,23,,2,8/25/25 2:55 PM,8/25/25 3:50 PM,55 minutes and 20 seconds,Mayra Luna
Tink-a-Tako - Potranco,Isabel Cisneros,313,32,,2,8/25/25 2:47 PM,8/25/25 3:50 PM,"1 hour, 3 minutes and 15 seconds",Mayra Luna
Tink-a-Tako - Potranco,Sergio Abundiz,312,7,,2,8/25/25 2:48 PM,8/25/25 3:50 PM,"1 hour, 2 minutes and 19 seconds",Mayra Luna
Tink-a-Tako - Potranco,Lizeth Alonso,328,,Lobby,,8/25/25 3:57 PM,8/25/25 4:04 PM,7 minutes and 25 seconds,Mayra Luna
Tink-a-Tako - Potranco,Lizeth Alonso,326,,Tortillero,,8/25/25 3:55 PM,8/25/25 4:04 PM,8 minutes and 33 seconds,Mayra Luna
Tink-a-Tako - Potranco,Lizeth Alonso,326,,Lobby,,8/25/25 3:55 PM,8/25/25 4:04 PM,8 minutes and 33 seconds,Mayra Luna
Tink-a-Tako - Potranco,Lizeth Alonso,327,,Lobby,,8/25/25 3:56 PM,8/25/25 4:04 PM,8 minutes and 9 seconds,Mayra Luna
Tink-a-Tako - Potranco,Lizeth Alonso,330,,Lobby,,8/25/25 4:23 PM,8/25/25 4:26 PM,2 minutes and 12 seconds,Mayra Luna
Tink-a-Tako - Potranco,Lizeth Alonso,330,,Prep,,8/25/25 4:23 PM,8/25/25 4:26 PM,2 minutes and 12 seconds,Mayra Luna
Tink-a-Tako - Potranco,Sergio Abundiz,329,18,Lobby,,8/25/25 4:22 PM,8/25/25 4:35 PM,13 minutes and 44 seconds,Mayra Luna
Tink-a-Tako - Potranco,Lizeth Alonso,333,,Lobby,,8/25/25 4:26 PM,8/25/25 4:36 PM,9 minutes and 15 seconds,Mayra Luna
Tink-a-Tako - Potranco,Sergio Abundiz,331,,Lobby,,8/25/25 4:24 PM,8/25/25 4:37 PM,12 minutes and 21 seconds,Mayra Luna
Tink-a-Tako - Potranco,Sergio Abundiz,331,,Tortillero,,8/25/25 4:24 PM,8/25/25 4:37 PM,12 minutes and 21 seconds,Mayra Luna
Tink-a-Tako - Potranco,Sergio Abundiz,331,,Prep,,8/25/25 4:24 PM,8/25/25 4:37 PM,12 minutes and 21 seconds,Mayra Luna
Tink-a-Tako - Potranco,Lizeth Alonso,335,,Lobby,,8/25/25 4:35 PM,8/25/25 4:39 PM,4 minutes and 23 seconds,Mayra Luna
Tink-a-Tako - Potranco,Lizeth Alonso,336,,Lobby,,8/25/25 4:39 PM,8/25/25 4:44 PM,4 minutes and 33 seconds,Mayra Luna
Tink-a-Tako - Potranco,Lizeth Alonso,334,,Lobby,,8/25/25 4:33 PM,8/25/25 4:44 PM,11 minutes and 26 seconds,Mayra Luna
Tink-a-Tako - Potranco,Lizeth Alonso,337,,Lobby,,8/25/25 4:43 PM,8/25/25 4:51 PM,7 minutes and 50 seconds,Mayra Luna
Tink-a-Tako - Potranco,Lizeth Alonso,337,,Lobby,,8/25/25 4:47 PM,8/25/25 4:51 PM,4 minutes and 16 seconds,Mayra Luna
Tink-a-Tako - Potranco,Lizeth Alonso,338,,Lobby,,8/25/25 4:58 PM,8/25/25 5:17 PM,18 minutes and 51 seconds,Mayra Luna
Tink-a-Tako - Potranco,Lizeth Alonso,340,,Lobby,,8/25/25 5:04 PM,8/25/25 5:17 PM,12 minutes and 52 seconds,Mayra Luna
Tink-a-Tako - Potranco,Lizeth Alonso,341,,Lobby,,8/25/25 5:12 PM,8/25/25 5:17 PM,4 minutes and 53 seconds,Mayra Luna
Tink-a-Tako - Potranco,Lizeth Alonso,341,,Lobby,,8/25/25 5:08 PM,8/25/25 5:17 PM,8 minutes and 46 seconds,Mayra Luna
Tink-a-Tako - Potranco,Isabel Cisneros,343,24,Lobby,,8/25/25 5:13 PM,8/25/25 5:20 PM,6 minutes and 36 seconds,Mayra Luna
Tink-a-Tako - Potranco,Isabel Cisneros,343,24,Prep,,8/25/25 5:13 PM,8/25/25 5:20 PM,6 minutes and 36 seconds,Mayra Luna
Tink-a-Tako - Potranco,Isabel Cisneros,343,24,Tortillero,,8/25/25 5:13 PM,8/25/25 5:20 PM,6 minutes and 36 seconds,Mayra Luna
Tink-a-Tako - Potranco,Isabel Cisneros,339,36,Lobby,,8/25/25 5:01 PM,8/25/25 5:20 PM,18 minutes and 32 seconds,Mayra Luna
Tink-a-Tako - Potranco,Isabel Cisneros,339,36,Prep,,8/25/25 5:01 PM,8/25/25 5:20 PM,18 minutes and 32 seconds,Mayra Luna
Tink-a-Tako - Potranco,Isabel Cisneros,339,36,Tortillero,,8/25/25 5:01 PM,8/25/25 5:20 PM,18 minutes and 32 seconds,Mayra Luna
Tink-a-Tako - Potranco,Lizeth Alonso,342,,Lobby,,8/25/25 5:10 PM,8/25/25 5:25 PM,14 minutes and 51 seconds,Mayra Luna
Tink-a-Tako - Potranco,Lizeth Alonso,342,,Tortillero,,8/25/25 5:10 PM,8/25/25 5:25 PM,14 minutes and 51 seconds,Mayra Luna
Tink-a-Tako - Potranco,Lizeth Alonso,342,,Prep,,8/25/25 5:10 PM,8/25/25 5:25 PM,14 minutes and 51 seconds,Mayra Luna
Tink-a-Tako - Potranco,Sergio Abundiz,329,18,,2,8/25/25 4:35 PM,8/25/25 5:33 PM,57 minutes and 43 seconds,Mayra Luna
Tink-a-Tako - Potranco,Sergio Abundiz,316,4,,2,8/25/25 3:09 PM,8/25/25 5:33 PM,"2 hours, 24 minutes and 29 seconds",Mayra Luna
Tink-a-Tako - Potranco,Sergio Abundiz,331,,,2,8/25/25 4:37 PM,8/25/25 5:33 PM,56 minutes and 34 seconds,Mayra Luna
Tink-a-Tako - Potranco,Isabel Cisneros,339,36,,2,8/25/25 5:20 PM,8/25/25 5:33 PM,13 minutes and 33 seconds,Mayra Luna
Tink-a-Tako - Potranco,Isabel Cisneros,343,24,,2,8/25/25 5:20 PM,8/25/25 5:33 PM,13 minutes and 36 seconds,Mayra Luna
Tink-a-Tako - Potranco,Sergio Abundiz,344,32,Lobby,,8/25/25 5:25 PM,8/25/25 5:35 PM,10 minutes and 19 seconds,Mayra Luna
Tink-a-Tako - Potranco,Sergio Abundiz,344,32,Prep,,8/25/25 5:25 PM,8/25/25 5:35 PM,10 minutes and 19 seconds,Mayra Luna
Tink-a-Tako - Potranco,Sergio Abundiz,344,32,Tortillero,,8/25/25 5:25 PM,8/25/25 5:35 PM,10 minutes and 19 seconds,Mayra Luna
Tink-a-Tako - Potranco,Sergio Abundiz,344,32,,2,8/25/25 5:35 PM,8/25/25 5:37 PM,2 minutes and 17 seconds,Mayra Luna
Tink-a-Tako - Potranco,Lizeth Alonso,345,,Lobby,,8/25/25 5:25 PM,8/25/25 5:41 PM,15 minutes and 9 seconds,Mayra Luna
Tink-a-Tako - Potranco,Isabel Cisneros,346,,Lobby,,8/25/25 5:36 PM,8/25/25 5:41 PM,4 minutes and 46 seconds,Mayra Luna
Tink-a-Tako - Potranco,Isabel Cisneros,346,,,2,8/25/25 5:41 PM,8/25/25 5:42 PM,59 seconds,Mayra Luna
Tink-a-Tako - Potranco,Lizeth Alonso,348,,Lobby,,8/25/25 5:38 PM,8/25/25 5:42 PM,4 minutes and 31 seconds,Mayra Luna
Tink-a-Tako - Potranco,Lizeth Alonso,347,,Lobby,,8/25/25 5:37 PM,8/25/25 5:46 PM,9 minutes and 12 seconds,Mayra Luna
Tink-a-Tako - Potranco,Sergio Abundiz,349,33,Lobby,,8/25/25 5:46 PM,8/25/25 5:51 PM,4 minutes and 48 seconds,Mayra Luna
Tink-a-Tako - Potranco,Lizeth Alonso,350,,Lobby,,8/25/25 5:58 PM,8/25/25 6:00 PM,1 minute and 40 seconds,Mayra Luna
Tink-a-Tako - Potranco,Sergio Abundiz,352,32,Lobby,,8/25/25 6:02 PM,8/25/25 6:06 PM,3 minutes and 35 seconds,Mayra Luna
Tink-a-Tako - Potranco,Isabel Cisneros,351,9,Lobby,,8/25/25 6:00 PM,8/25/25 6:06 PM,6 minutes,Mayra Luna
Tink-a-Tako - Potranco,Isabel Cisneros,351,9,Prep,,8/25/25 6:00 PM,8/25/25 6:06 PM,6 minutes,Mayra Luna
Tink-a-Tako - Potranco,Isabel Cisneros,351,9,Tortillero,,8/25/25 6:00 PM,8/25/25 6:06 PM,6 minutes,Mayra Luna
Tink-a-Tako - Potranco,Lizeth Alonso,353,,Lobby,,8/25/25 6:05 PM,8/25/25 6:10 PM,4 minutes and 48 seconds,Mayra Luna
Tink-a-Tako - Potranco,Isabel Cisneros,354,35,Lobby,,8/25/25 6:09 PM,8/25/25 6:14 PM,5 minutes and 44 seconds,Mayra Luna
Tink-a-Tako - Potranco,Lizeth Alonso,355,,Lobby,,8/25/25 6:10 PM,8/25/25 6:16 PM,6 minutes and 23 seconds,Mayra Luna
Tink-a-Tako - Potranco,Isabel Cisneros,351,9,,2,8/25/25 6:06 PM,8/25/25 6:19 PM,13 minutes and 20 seconds,Mayra Luna
Tink-a-Tako - Potranco,Sergio Abundiz,352,32,,2,8/25/25 6:06 PM,8/25/25 6:19 PM,13 minutes and 20 seconds,Mayra Luna
Tink-a-Tako - Potranco,Isabel Cisneros,354,35,,2,8/25/25 6:14 PM,8/25/25 6:19 PM,4 minutes and 29 seconds,Mayra Luna
Tink-a-Tako - Potranco,Sergio Abundiz,349,33,,2,8/25/25 5:51 PM,8/25/25 6:19 PM,28 minutes and 2 seconds,Mayra Luna
Tink-a-Tako - Potranco,Lizeth Alonso,357,,Lobby,,8/25/25 6:23 PM,8/25/25 6:31 PM,7 minutes and 56 seconds,Mayra Luna
Tink-a-Tako - Potranco,Lizeth Alonso,356,,Lobby,,8/25/25 6:23 PM,8/25/25 6:31 PM,8 minutes and 48 seconds,Mayra Luna
Tink-a-Tako - Potranco,Isabel Cisneros,359,24,Lobby,,8/25/25 6:30 PM,8/25/25 6:37 PM,6 minutes and 39 seconds,Mayra Luna
Tink-a-Tako - Potranco,Isabel Cisneros,359,24,Prep,,8/25/25 6:30 PM,8/25/25 6:37 PM,6 minutes and 39 seconds,Mayra Luna
Tink-a-Tako - Potranco,Isabel Cisneros,359,24,Tortillero,,8/25/25 6:30 PM,8/25/25 6:37 PM,6 minutes and 39 seconds,Mayra Luna
Tink-a-Tako - Potranco,Lizeth Alonso,360,,Tortillero,,8/25/25 6:33 PM,8/25/25 6:39 PM,5 minutes and 52 seconds,Mayra Luna
Tink-a-Tako - Potranco,Lizeth Alonso,360,,Lobby,,8/25/25 6:33 PM,8/25/25 6:39 PM,5 minutes and 52 seconds,Mayra Luna
Tink-a-Tako - Potranco,Lizeth Alonso,360,,Prep,,8/25/25 6:33 PM,8/25/25 6:39 PM,5 minutes and 52 seconds,Mayra Luna
Tink-a-Tako - Potranco,Sergio Abundiz,358,4,Lobby,,8/25/25 6:28 PM,8/25/25 6:41 PM,13 minutes and 7 seconds,Mayra Luna
Tink-a-Tako - Potranco,Sergio Abundiz,362,39,Lobby,,8/25/25 6:34 PM,8/25/25 6:42 PM,7 minutes and 56 seconds,Mayra Luna
Tink-a-Tako - Potranco,Sergio Abundiz,362,39,Prep,,8/25/25 6:34 PM,8/25/25 6:42 PM,7 minutes and 56 seconds,Mayra Luna
Tink-a-Tako - Potranco,Sergio Abundiz,362,39,Tortillero,,8/25/25 6:34 PM,8/25/25 6:42 PM,7 minutes and 56 seconds,Mayra Luna
Tink-a-Tako - Potranco,Lizeth Alonso,364,,Lobby,,8/25/25 6:46 PM,8/25/25 6:49 PM,2 minutes and 43 seconds,Mayra Luna
Tink-a-Tako - Potranco,Sergio Abundiz,366,32,Lobby,,8/25/25 6:53 PM,8/25/25 7:01 PM,8 minutes and 9 seconds,Mayra Luna
Tink-a-Tako - Potranco,Isabel Cisneros,365,23,Lobby,,8/25/25 6:49 PM,8/25/25 7:01 PM,11 minutes and 41 seconds,Mayra Luna
Tink-a-Tako - Potranco,Isabel Cisneros,365,23,Prep,,8/25/25 6:49 PM,8/25/25 7:01 PM,11 minutes and 41 seconds,Mayra Luna
Tink-a-Tako - Potranco,Isabel Cisneros,367,42,Lobby,,8/25/25 6:55 PM,8/25/25 7:01 PM,6 minutes and 15 seconds,Mayra Luna
Tink-a-Tako - Potranco,Isabel Cisneros,365,23,,2,8/25/25 7:01 PM,8/25/25 7:05 PM,3 minutes and 35 seconds,Mayra Luna
Tink-a-Tako - Potranco,Sergio Abundiz,366,32,,2,8/25/25 7:01 PM,8/25/25 7:05 PM,3 minutes and 36 seconds,Mayra Luna
Tink-a-Tako - Potranco,Isabel Cisneros,367,42,,2,8/25/25 7:01 PM,8/25/25 7:05 PM,3 minutes and 36 seconds,Mayra Luna
Tink-a-Tako - Potranco,Isabel Cisneros,368,25,Lobby,,8/25/25 6:57 PM,8/25/25 7:06 PM,8 minutes and 34 seconds,Mayra Luna
Tink-a-Tako - Potranco,Isabel Cisneros,368,25,Prep,,8/25/25 6:57 PM,8/25/25 7:06 PM,8 minutes and 34 seconds,Mayra Luna
Tink-a-Tako - Potranco,Isabel Cisneros,368,25,Tortillero,,8/25/25 6:57 PM,8/25/25 7:06 PM,8 minutes and 34 seconds,Mayra Luna
Tink-a-Tako - Potranco,Sergio Abundiz,366,32,Lobby,,8/25/25 7:02 PM,8/25/25 7:06 PM,3 minutes and 42 seconds,Mayra Luna
Tink-a-Tako - Potranco,Sergio Abundiz,370,35,Lobby,,8/25/25 7:04 PM,8/25/25 7:10 PM,5 minutes and 46 seconds,Mayra Luna
Tink-a-Tako - Potranco,Isabel Cisneros,371,33,Lobby,,8/25/25 7:08 PM,8/25/25 7:14 PM,5 minutes and 40 seconds,Mayra Luna
Tink-a-Tako - Potranco,Isabel Cisneros,371,33,Prep,,8/25/25 7:08 PM,8/25/25 7:14 PM,5 minutes and 40 seconds,Mayra Luna
Tink-a-Tako - Potranco,Isabel Cisneros,371,33,Tortillero,,8/25/25 7:08 PM,8/25/25 7:14 PM,5 minutes and 40 seconds,Mayra Luna
Tink-a-Tako - Potranco,Sergio Abundiz,366,32,,2,8/25/25 7:06 PM,8/25/25 7:16 PM,10 minutes and 19 seconds,Mayra Luna
Tink-a-Tako - Potranco,Sergio Abundiz,370,35,,2,8/25/25 7:10 PM,8/25/25 7:16 PM,6 minutes and 21 seconds,Mayra Luna
Tink-a-Tako - Potranco,Isabel Cisneros,359,24,,2,8/25/25 6:37 PM,8/25/25 7:16 PM,39 minutes and 11 seconds,Mayra Luna
Tink-a-Tako - Potranco,Sergio Abundiz,362,39,,2,8/25/25 6:42 PM,8/25/25 7:16 PM,34 minutes and 8 seconds,Mayra Luna
Tink-a-Tako - Potranco,Isabel Cisneros,368,25,,2,8/25/25 7:06 PM,8/25/25 7:16 PM,10 minutes and 22 seconds,Mayra Luna
Tink-a-Tako - Potranco,Isabel Cisneros,371,33,,2,8/25/25 7:14 PM,8/25/25 7:16 PM,2 minutes and 21 seconds,Mayra Luna
Tink-a-Tako - Potranco,Sergio Abundiz,358,4,,2,8/25/25 6:41 PM,8/25/25 7:16 PM,35 minutes and 43 seconds,Mayra Luna
Tink-a-Tako - Potranco,Isabel Cisneros,365,23,Lobby,,8/25/25 7:12 PM,8/25/25 7:18 PM,6 minutes and 19 seconds,Mayra Luna
Tink-a-Tako - Potranco,Sergio Abundiz,372,38,Lobby,,8/25/25 7:21 PM,8/25/25 7:34 PM,13 minutes and 39 seconds,Mayra Luna
Tink-a-Tako - Potranco,Sergio Abundiz,372,38,Lobby,,8/25/25 7:33 PM,8/25/25 7:35 PM,1 minute and 19 seconds,Mayra Luna
Tink-a-Tako - Potranco,Sergio Abundiz,366,32,Lobby,,8/25/25 7:23 PM,8/25/25 7:36 PM,12 minutes and 5 seconds,Mayra Luna
Tink-a-Tako - Potranco,Lizeth Alonso,374,,Lobby,,8/25/25 7:38 PM,8/25/25 7:42 PM,4 minutes and 23 seconds,Mayra Luna
Tink-a-Tako - Potranco,Sergio Abundiz,370,35,,2,8/25/25 7:34 PM,8/25/25 7:44 PM,9 minutes and 22 seconds,Mayra Luna
Tink-a-Tako - Potranco,Isabel Cisneros,365,23,,2,8/25/25 7:18 PM,8/25/25 7:44 PM,25 minutes and 50 seconds,Mayra Luna
Tink-a-Tako - Potranco,Sergio Abundiz,372,38,,2,8/25/25 7:34 PM,8/25/25 7:44 PM,9 minutes and 17 seconds,Mayra Luna
Tink-a-Tako - Potranco,Sergio Abundiz,366,32,,2,8/25/25 7:36 PM,8/25/25 7:44 PM,8 minutes and 13 seconds,Mayra Luna
Tink-a-Tako - Potranco,Sergio Abundiz,372,38,,2,8/25/25 7:35 PM,8/25/25 7:44 PM,9 minutes and 8 seconds,Mayra Luna
Tink-a-Tako - Potranco,Lizeth Alonso,376,,Lobby,,8/25/25 7:54 PM,8/25/25 7:58 PM,3 minutes and 27 seconds,Mayra Luna
Tink-a-Tako - Potranco,Lizeth Alonso,377,,Tortillero,,8/25/25 7:56 PM,8/25/25 8:08 PM,12 minutes and 14 seconds,Mayra Luna
Tink-a-Tako - Potranco,Lizeth Alonso,377,,Lobby,,8/25/25 7:56 PM,8/25/25 8:08 PM,12 minutes and 14 seconds,Mayra Luna
Tink-a-Tako - Potranco,Lizeth Alonso,377,,Prep,,8/25/25 7:56 PM,8/25/25 8:08 PM,12 minutes and 14 seconds,Mayra Luna
Tink-a-Tako - Potranco,Sergio Abundiz,375,37,Lobby,,8/25/25 7:55 PM,8/25/25 8:08 PM,13 minutes and 21 seconds,Mayra Luna
Tink-a-Tako - Potranco,Sergio Abundiz,375,37,Prep,,8/25/25 7:55 PM,8/25/25 8:08 PM,13 minutes and 21 seconds,Mayra Luna
Tink-a-Tako - Potranco,Sergio Abundiz,375,37,Tortillero,,8/25/25 7:55 PM,8/25/25 8:08 PM,13 minutes and 21 seconds,Mayra Luna
Tink-a-Tako - Potranco,Isabel Cisneros,379,25,Lobby,,8/25/25 8:12 PM,8/25/25 8:17 PM,4 minutes and 40 seconds,Mayra Luna
Tink-a-Tako - Potranco,Lizeth Alonso,380,,Lobby,,8/25/25 8:17 PM,8/25/25 8:21 PM,4 minutes and 39 seconds,Mayra Luna
Tink-a-Tako - Potranco,Lizeth Alonso,378,,Lobby,,8/25/25 8:13 PM,8/25/25 8:21 PM,8 minutes and 49 seconds,Mayra Luna
Tink-a-Tako - Potranco,Lizeth Alonso,378,,Prep,,8/25/25 8:13 PM,8/25/25 8:21 PM,8 minutes and 49 seconds,Mayra Luna
Tink-a-Tako - Potranco,Sergio Abundiz,375,37,Lobby,,8/25/25 8:23 PM,8/25/25 8:35 PM,12 minutes,Mayra Luna
Tink-a-Tako - Potranco,Sergio Abundiz,375,37,,2,8/25/25 8:35 PM,8/25/25 8:55 PM,20 minutes and 12 seconds,Mayra Luna
Tink-a-Tako - Potranco,Sergio Abundiz,375,37,,2,8/25/25 8:08 PM,8/25/25 8:55 PM,47 minutes and 31 seconds,Mayra Luna
Tink-a-Tako - Potranco,Isabel Cisneros,379,25,,2,8/25/25 8:17 PM,8/25/25 8:55 PM,38 minutes and 19 seconds,Mayra Luna
Tink-a-Tako - Potranco,Lizeth Alonso,381,,Lobby,,8/25/25 8:40 PM,8/25/25 8:57 PM,16 minutes and 33 seconds,Mayra Luna
Tink-a-Tako - Potranco,Lizeth Alonso,381,,Prep,,8/25/25 8:40 PM,8/25/25 8:57 PM,16 minutes and 33 seconds,Mayra Luna
Tink-a-Tako - Potranco,Lizeth Alonso,383,,Lobby,,8/25/25 8:52 PM,8/25/25 8:58 PM,5 minutes and 13 seconds,Mayra Luna
Tink-a-Tako - Potranco,Lizeth Alonso,382,,Lobby,,8/25/25 8:50 PM,8/25/25 8:58 PM,7 minutes and 57 seconds,Mayra Luna
