Location,Order #,Opened,Server,Table,Revenue Center,Discount Amount,Amount,Tax,Tip,Gratuity,Duration (Opened to Paid)
Tink-a-Tako - Potranco,1,8/25/25 6:26 AM,Candy  Del angel ,,Dining Room,0.00,3.98,0.33,0.00,0.00,00:04:33
Tink-a-Tako - Potranco,2,8/25/25 6:29 AM,Candy  Del angel ,,Dining Room,0.00,3.98,0.33,1.00,0.00,00:05:25
Tink-a-Tako - Potranco,3,8/25/25 6:29 AM,Candy  Del angel ,,Dining Room,0.00,7.47,0.62,0.00,0.00,00:07:09
Tink-a-Tako - Potranco,4,8/25/25 6:30 AM,Candy  Del angel ,,Dining Room,0.00,3.98,0.33,0.00,0.00,00:07:47
Tink-a-Tako - Potranco,5,8/25/25 6:30 AM,Maria Majana,25,Dining Room,0.00,18.95,1.57,3.00,0.00,00:35:21
Tink-a-Tako - Potranco,6,8/25/25 6:35 AM,Candy  Del angel ,,Dining Room,0.00,5.97,0.48,0.00,0.00,00:03:52
Tink-a-Tako - Potranco,7,8/25/25 6:37 AM,Candy  Del angel ,,Dining Room,0.00,9.77,0.81,0.00,0.00,00:15:29
Tink-a-Tako - Potranco,8,8/25/25 6:37 AM,Candy  Del angel ,,Dining Room,0.00,14.93,1.24,0.00,0.00,00:02:35
Tink-a-Tako - Potranco,9,8/25/25 6:39 AM,Candy  Del angel ,,Dining Room,0.00,6.48,0.54,0.00,0.00,00:04:35
Tink-a-Tako - Potranco,10,8/25/25 6:48 AM,Candy  Del angel ,,Dining Room,0.00,11.18,0.92,0.00,0.00,00:00:37
Tink-a-Tako - Potranco,11,8/25/25 6:49 AM,Candy  Del angel ,,Dining Room,0.00,14.35,1.18,0.00,0.00,00:06:05
Tink-a-Tako - Potranco,12,8/25/25 7:03 AM,Candy  Del angel ,,Dining Room,0.00,2.99,0.25,0.00,0.00,00:01:40
Tink-a-Tako - Potranco,13,8/25/25 7:06 AM,Maria Majana,11,Dining Room,0.00,22.58,1.85,0.00,0.00,00:30:52
Tink-a-Tako - Potranco,14,8/25/25 7:11 AM,Candy  Del angel ,,Dining Room,0.00,1.99,0.16,0.00,0.00,00:03:28
Tink-a-Tako - Potranco,15,8/25/25 7:11 AM,Candy  Del angel ,,Dining Room,0.00,4.89,0.40,0.00,0.00,00:04:14
Tink-a-Tako - Potranco,16,8/25/25 7:15 AM,Candy  Del angel ,,Dining Room,0.00,4.78,0.39,0.00,0.00,00:03:34
Tink-a-Tako - Potranco,17,8/25/25 7:16 AM,Candy  Del angel ,,Dining Room,0.00,19.37,1.59,0.00,0.00,00:03:33
Tink-a-Tako - Potranco,18,8/25/25 7:18 AM,Candy  Del angel ,,Dining Room,0.00,8.37,0.69,1.00,0.00,00:04:36
Tink-a-Tako - Potranco,19,8/25/25 7:19 AM,Candy  Del angel ,,Dining Room,0.00,11.25,0.93,0.00,0.00,00:04:19
Tink-a-Tako - Potranco,21,8/25/25 7:21 AM,Candy  Del angel ,,Dining Room,0.00,6.97,0.57,2.00,0.00,00:04:08
Tink-a-Tako - Potranco,20,8/25/25 7:20 AM,Maria Majana,,Dining Room,0.00,52.05,4.28,0.00,0.00,00:15:36
Tink-a-Tako - Potranco,24,8/25/25 7:23 AM,Candy  Del angel ,,Dining Room,0.00,7.96,0.65,0.00,0.00,00:04:34
Tink-a-Tako - Potranco,25,8/25/25 7:24 AM,Candy  Del angel ,,Dining Room,0.00,8.44,0.69,0.00,0.00,00:03:56
Tink-a-Tako - Potranco,26,8/25/25 7:29 AM,Candy  Del angel ,,Dining Room,0.00,1.99,0.16,0.00,0.00,00:04:02
Tink-a-Tako - Potranco,28,8/25/25 7:30 AM,Maria Majana,,Dining Room,0.00,4.78,0.39,0.00,0.00,00:08:49
Tink-a-Tako - Potranco,29,8/25/25 7:37 AM,Candy  Del angel ,,Dining Room,0.00,7.23,0.59,0.00,0.00,00:00:13
Tink-a-Tako - Potranco,30,8/25/25 7:37 AM,Candy  Del angel ,,Dining Room,0.00,5.97,0.49,0.00,0.00,00:05:53
Tink-a-Tako - Potranco,31,8/25/25 7:38 AM,Candy  Del angel ,,Dining Room,0.00,24.70,2.03,3.00,0.00,00:06:51
Tink-a-Tako - Potranco,32,8/25/25 7:45 AM,Candy  Del angel ,,Dining Room,0.00,3.78,0.31,0.00,0.00,00:08:11
Tink-a-Tako - Potranco,33,8/25/25 7:45 AM,Candy  Del angel ,,Dining Room,0.00,0.00,0.00,0.00,0.00,00:00:05
Tink-a-Tako - Potranco,34,8/25/25 7:46 AM,Maria Majana,23,Dining Room,0.00,23.20,1.93,0.00,0.00,01:04:33
Tink-a-Tako - Potranco,35,8/25/25 7:49 AM,Maria Majana,37,Dining Room,0.00,17.45,1.45,0.00,0.00,00:44:55
Tink-a-Tako - Potranco,36,8/25/25 7:51 AM,Candy  Del angel ,,Dining Room,0.00,2.49,0.21,0.00,0.00,00:06:26
Tink-a-Tako - Potranco,37,8/25/25 7:52 AM,Candy  Del angel ,,Dining Room,0.00,21.32,1.76,3.00,0.00,00:24:43
Tink-a-Tako - Potranco,38,8/25/25 7:53 AM,Candy  Del angel ,,Dining Room,0.00,12.99,1.07,0.00,0.00,00:06:05
Tink-a-Tako - Potranco,40,8/25/25 7:55 AM,Candy  Del angel ,,Dining Room,0.00,8.17,0.67,0.00,0.00,00:09:32
Tink-a-Tako - Potranco,42,8/25/25 8:00 AM,Candy  Del angel ,,Dining Room,0.00,15.35,1.27,0.00,0.00,00:00:33
Tink-a-Tako - Potranco,43,8/25/25 8:00 AM,Candy  Del angel ,,Dining Room,0.00,2.49,0.21,1.00,0.00,00:04:19
Tink-a-Tako - Potranco,44,8/25/25 8:01 AM,Candy  Del angel ,,Dining Room,0.00,30.53,2.52,0.00,0.00,00:04:27
Tink-a-Tako - Potranco,45,8/25/25 8:03 AM,Ivana Abundiz,,Dining Room,0.00,12.56,1.03,2.00,0.00,00:00:26
Tink-a-Tako - Potranco,46,8/25/25 8:04 AM,Candy  Del angel ,,Dining Room,0.00,7.96,0.66,0.00,0.00,00:06:16
Tink-a-Tako - Potranco,47,8/25/25 8:04 AM,Candy  Del angel ,,Dining Room,0.00,7.67,0.63,0.00,0.00,00:07:25
Tink-a-Tako - Potranco,50,8/25/25 8:09 AM,Ivana Abundiz,,Dining Room,0.00,5.37,0.44,0.00,0.00,00:06:03
Tink-a-Tako - Potranco,49,8/25/25 8:06 AM,Candy  Del angel ,,Dining Room,0.00,0.00,0.00,0.00,0.00,00:04:14
Tink-a-Tako - Potranco,51,8/25/25 8:14 AM,Candy  Del angel ,,Dining Room,0.00,3.98,0.33,0.00,0.00,00:04:10
Tink-a-Tako - Potranco,52,8/25/25 8:14 AM,Candy  Del angel ,,Dining Room,0.00,5.57,0.46,0.00,0.00,00:00:22
Tink-a-Tako - Potranco,54,8/25/25 8:14 AM,Maria Majana,24,Dining Room,0.00,7.43,0.60,2.00,0.00,00:27:13
Tink-a-Tako - Potranco,53,8/25/25 8:14 AM,Candy  Del angel ,,Dining Room,0.00,5.98,0.49,0.00,0.00,00:04:17
Tink-a-Tako - Potranco,55,8/25/25 8:25 AM,Candy  Del angel ,,Dining Room,0.00,7.58,0.63,3.00,0.00,00:00:24
Tink-a-Tako - Potranco,56,8/25/25 8:28 AM,Candy  Del angel ,,Dining Room,0.00,7.49,0.62,0.00,0.00,00:00:21
Tink-a-Tako - Potranco,57,8/25/25 8:29 AM,Candy  Del angel ,,Dining Room,0.00,9.96,0.83,0.00,0.00,00:02:20
Tink-a-Tako - Potranco,58,8/25/25 8:34 AM,Candy  Del angel ,,Dining Room,0.00,2.99,0.25,0.00,0.00,00:00:49
Tink-a-Tako - Potranco,59,8/25/25 8:36 AM,Candy  Del angel ,,Dining Room,0.00,8.06,0.67,0.00,0.00,00:02:36
Tink-a-Tako - Potranco,60,8/25/25 8:38 AM,Candy  Del angel ,,Dining Room,0.00,3.98,0.33,0.00,0.00,00:01:24
Tink-a-Tako - Potranco,61,8/25/25 8:39 AM,Candy  Del angel ,,Dining Room,0.00,9.58,0.79,0.00,0.00,00:03:30
Tink-a-Tako - Potranco,62,8/25/25 8:40 AM,Candy  Del angel ,,Dining Room,0.00,0.00,0.00,0.00,0.00,00:00:08
Tink-a-Tako - Potranco,63,8/25/25 8:41 AM,Candy  Del angel ,,Dining Room,0.00,40.00,3.29,5.00,0.00,00:03:41
Tink-a-Tako - Potranco,64,8/25/25 8:44 AM,Candy  Del angel ,,Dining Room,0.00,7.98,0.66,0.00,0.00,00:00:07
Tink-a-Tako - Potranco,65,8/25/25 8:44 AM,Candy  Del angel ,,Dining Room,0.00,2.49,0.21,2.00,0.00,00:03:31
Tink-a-Tako - Potranco,68,8/25/25 8:45 AM,Candy  Del angel ,,Dining Room,0.00,7.49,0.62,2.00,0.00,00:02:56
Tink-a-Tako - Potranco,67,8/25/25 8:45 AM,Maria Majana,,Dining Room,0.00,6.88,0.57,0.00,0.00,00:30:48
Tink-a-Tako - Potranco,70,8/25/25 8:46 AM,Ivana Abundiz,,Dining Room,0.00,3.49,0.29,0.00,0.00,00:00:42
Tink-a-Tako - Potranco,71,8/25/25 8:46 AM,Candy  Del angel ,,Dining Room,0.00,5.37,0.44,2.00,0.00,00:04:36
Tink-a-Tako - Potranco,73,8/25/25 8:48 AM,Candy  Del angel ,,Dining Room,0.00,20.57,1.69,2.00,0.00,00:04:57
Tink-a-Tako - Potranco,75,8/25/25 8:50 AM,Candy  Del angel ,,Dining Room,0.00,11.94,0.98,0.00,0.00,00:03:34
Tink-a-Tako - Potranco,77,8/25/25 8:51 AM,Maria Majana,34,Dining Room,0.00,34.59,2.87,5.00,0.00,00:30:41
Tink-a-Tako - Potranco,79,8/25/25 8:53 AM,Candy  Del angel ,,Dining Room,0.00,5.77,0.47,0.00,0.00,00:02:59
Tink-a-Tako - Potranco,81,8/25/25 8:54 AM,Rosa Compean,32,Dining Room,0.00,17.36,1.44,0.00,0.00,00:25:03
Tink-a-Tako - Potranco,80,8/25/25 8:54 AM,Silvia Hernandez,22,Dining Room,0.00,34.05,2.81,5.11,0.00,00:37:32
Tink-a-Tako - Potranco,82,8/25/25 8:56 AM,Ivana Abundiz,,Dining Room,0.00,4.98,0.41,0.00,0.00,00:00:14
Tink-a-Tako - Potranco,83,8/25/25 8:56 AM,Ivana Abundiz,,Dining Room,0.00,11.96,0.99,1.00,0.00,00:00:27
Tink-a-Tako - Potranco,84,8/25/25 8:56 AM,Candy  Del angel ,,Dining Room,0.00,28.52,2.36,2.00,0.00,00:03:57
Tink-a-Tako - Potranco,85,8/25/25 8:57 AM,Candy  Del angel ,,Dining Room,0.00,7.58,0.63,0.00,0.00,00:04:53
Tink-a-Tako - Potranco,88,8/25/25 8:59 AM,Silvia Hernandez,37,Dining Room,0.00,21.39,1.77,0.00,0.00,00:25:39
Tink-a-Tako - Potranco,90,8/25/25 9:03 AM,Candy  Del angel ,,Dining Room,0.00,19.47,1.61,0.00,0.00,00:01:58
Tink-a-Tako - Potranco,91,8/25/25 9:03 AM,Candy  Del angel ,,Dining Room,0.00,3.98,0.33,0.00,0.00,00:06:50
Tink-a-Tako - Potranco,93,8/25/25 9:07 AM,Candy  Del angel ,,Dining Room,0.00,5.98,0.49,0.00,0.00,00:05:24
Tink-a-Tako - Potranco,94,8/25/25 9:07 AM,Candy  Del angel ,,Dining Room,0.00,10.24,0.84,0.00,0.00,00:06:23
Tink-a-Tako - Potranco,92,8/25/25 9:06 AM,Maria Majana,24,Dining Room,0.00,25.73,2.12,5.00,0.00,00:31:46
Tink-a-Tako - Potranco,97,8/25/25 9:09 AM,Rosa Compean,35,Dining Room,0.00,22.75,1.88,0.00,0.00,00:24:51
Tink-a-Tako - Potranco,96,8/25/25 9:07 AM,Candy  Del angel ,,Dining Room,0.00,7.43,0.61,0.00,0.00,00:09:45
Tink-a-Tako - Potranco,98,8/25/25 9:09 AM,Silvia Hernandez,23,Dining Room,0.00,16.64,1.36,2.50,0.00,00:22:36
Tink-a-Tako - Potranco,99,8/25/25 9:10 AM,Candy  Del angel ,,Dining Room,0.00,23.55,1.94,0.00,0.00,00:08:00
Tink-a-Tako - Potranco,101,8/25/25 9:16 AM,Candy  Del angel ,,Dining Room,0.00,9.86,0.82,0.00,0.00,00:04:37
Tink-a-Tako - Potranco,104,8/25/25 9:17 AM,Ivana Abundiz,,Dining Room,0.00,9.98,0.82,0.00,0.00,00:00:52
Tink-a-Tako - Potranco,100,8/25/25 9:16 AM,Rosa Compean,12,Dining Room,9.48,91.43,7.53,1.83,20.19,00:57:54
Tink-a-Tako - Potranco,105,8/25/25 9:18 AM,Candy  Del angel ,,Dining Room,0.00,8.06,0.67,0.00,0.00,00:03:51
Tink-a-Tako - Potranco,107,8/25/25 9:19 AM,Candy  Del angel ,,Dining Room,0.00,10.06,0.83,0.00,0.00,00:04:09
Tink-a-Tako - Potranco,106,8/25/25 9:18 AM,Silvia Hernandez,25,Dining Room,3.40,21.55,1.78,6.00,0.00,00:32:40
Tink-a-Tako - Potranco,109,8/25/25 9:21 AM,Candy  Del angel ,,Dining Room,0.00,17.40,1.43,2.00,0.00,00:03:35
Tink-a-Tako - Potranco,110,8/25/25 9:21 AM,Rosa Compean,20,Dining Room,0.00,12.98,1.07,0.00,0.00,00:34:05
Tink-a-Tako - Potranco,111,8/25/25 9:22 AM,Candy  Del angel ,,Dining Room,0.00,13.16,1.08,0.00,0.00,00:06:17
Tink-a-Tako - Potranco,112,8/25/25 9:22 AM,Mayra Luna,,Dining Room,17.98,0.00,0.00,0.00,0.00,11:42:07
Tink-a-Tako - Potranco,108,8/25/25 9:19 AM,Maria Majana,7,Dining Room,0.00,31.61,2.61,0.00,0.00,00:45:10
Tink-a-Tako - Potranco,113,8/25/25 9:24 AM,Maria Majana,,Dining Room,0.00,9.58,0.79,1.44,0.00,00:03:55
Tink-a-Tako - Potranco,114,8/25/25 9:25 AM,Maria Majana,33,Dining Room,0.00,45.58,3.77,0.00,0.00,01:40:57
Tink-a-Tako - Potranco,115,8/25/25 9:30 AM,Candy  Del angel ,,Dining Room,0.00,1.99,0.16,0.00,0.00,00:02:43
Tink-a-Tako - Potranco,116,8/25/25 9:30 AM,Candy  Del angel ,,Dining Room,0.00,4.99,0.41,0.00,0.00,00:00:10
Tink-a-Tako - Potranco,117,8/25/25 9:31 AM,Candy  Del angel ,,Dining Room,0.00,10.95,0.91,0.00,0.00,00:02:55
Tink-a-Tako - Potranco,119,8/25/25 9:34 AM,Candy  Del angel ,,Dining Room,0.00,9.96,0.82,2.00,0.00,00:02:06
Tink-a-Tako - Potranco,120,8/25/25 9:35 AM,Rosa Compean,32,Dining Room,0.00,9.98,0.83,0.00,0.00,00:48:34
Tink-a-Tako - Potranco,121,8/25/25 9:35 AM,Candy  Del angel ,,Dining Room,0.00,21.77,1.80,0.00,0.00,00:03:51
Tink-a-Tako - Potranco,122,8/25/25 9:36 AM,Candy  Del angel ,,Dining Room,0.00,21.94,1.82,0.00,0.00,00:07:55
Tink-a-Tako - Potranco,124,8/25/25 9:39 AM,Candy  Del angel ,,Dining Room,0.00,3.98,0.32,0.00,0.00,00:07:55
Tink-a-Tako - Potranco,123,8/25/25 9:38 AM,Silvia Hernandez,37,Dining Room,0.00,22.85,1.88,3.00,0.00,00:26:45
Tink-a-Tako - Potranco,125,8/25/25 9:40 AM,Candy  Del angel ,,Dining Room,0.00,30.07,2.49,0.00,0.00,00:07:11
Tink-a-Tako - Potranco,127,8/25/25 9:41 AM,Maria Majana,38,Dining Room,0.00,14.76,1.23,2.00,0.00,00:26:15
Tink-a-Tako - Potranco,129,8/25/25 9:45 AM,Rosa Compean,17,Dining Room,0.00,18.64,1.55,5.00,0.00,00:22:44
Tink-a-Tako - Potranco,130,8/25/25 9:48 AM,Candy  Del angel ,,Dining Room,0.00,14.01,1.15,5.00,0.00,00:04:41
Tink-a-Tako - Potranco,132,8/25/25 9:48 AM,Silvia Hernandez,39,Dining Room,0.00,36.17,2.98,5.00,0.00,00:36:32
Tink-a-Tako - Potranco,133,8/25/25 9:49 AM,Candy  Del angel ,,Dining Room,0.00,43.08,3.53,2.00,0.00,01:09:07
Tink-a-Tako - Potranco,135,8/25/25 9:49 AM,Silvia Hernandez,22,Dining Room,0.00,20.47,1.69,6.00,0.00,00:32:41
Tink-a-Tako - Potranco,136,8/25/25 9:53 AM,Candy  Del angel ,,Dining Room,0.00,6.43,0.54,1.00,0.00,00:06:40
Tink-a-Tako - Potranco,137,8/25/25 9:55 AM,Candy  Del angel ,,Dining Room,0.00,6.57,0.55,0.00,0.00,00:05:33
Tink-a-Tako - Potranco,139,8/25/25 9:59 AM,Candy  Del angel ,,Dining Room,0.00,3.98,0.33,0.00,0.00,00:02:31
Tink-a-Tako - Potranco,138,8/25/25 9:59 AM,Rosa Compean,24,Dining Room,0.00,17.50,1.44,0.00,0.00,00:24:23
Tink-a-Tako - Potranco,140,8/25/25 10:00 AM,Candy  Del angel ,,Dining Room,0.00,5.97,0.49,0.00,0.00,00:03:55
Tink-a-Tako - Potranco,142,8/25/25 10:01 AM,Candy  Del angel ,,Dining Room,0.00,4.98,0.41,0.00,0.00,00:04:11
Tink-a-Tako - Potranco,141,8/25/25 10:00 AM,Silvia Hernandez,31,Dining Room,0.00,40.72,3.36,8.00,0.00,00:40:13
Tink-a-Tako - Potranco,143,8/25/25 10:02 AM,Maria Majana,25,Dining Room,0.00,38.92,3.21,0.00,0.00,00:32:25
Tink-a-Tako - Potranco,147,8/25/25 10:07 AM,Candy  Del angel ,,Dining Room,0.00,15.52,1.28,0.00,0.00,00:00:48
Tink-a-Tako - Potranco,148,8/25/25 10:08 AM,Rosa Compean,17,Dining Room,0.00,7.96,0.66,0.00,0.00,00:13:31
Tink-a-Tako - Potranco,150,8/25/25 10:10 AM,Candy  Del angel ,,Dining Room,0.00,0.65,0.05,0.00,0.00,00:00:20
Tink-a-Tako - Potranco,152,8/25/25 10:14 AM,Silvia Hernandez,36,Dining Room,0.00,34.68,2.85,0.00,0.00,00:19:40
Tink-a-Tako - Potranco,154,8/25/25 10:19 AM,Rosa Compean,3,Dining Room,0.00,30.99,2.54,8.00,0.00,00:26:35
Tink-a-Tako - Potranco,155,8/25/25 10:20 AM,Maria Majana,34,Dining Room,0.00,12.25,1.02,5.00,0.00,00:25:20
Tink-a-Tako - Potranco,156,8/25/25 10:26 AM,Silvia Hernandez,7,Dining Room,0.00,28.46,2.36,0.00,0.00,00:24:50
Tink-a-Tako - Potranco,157,8/25/25 10:27 AM,Maria Majana,23,Dining Room,0.00,34.89,2.88,0.00,0.00,00:31:56
Tink-a-Tako - Potranco,158,8/25/25 10:30 AM,Rosa Compean,41,Dining Room,0.00,62.56,5.15,10.00,0.00,03:21:49
Tink-a-Tako - Potranco,160,8/25/25 10:31 AM,Silvia Hernandez,24,Dining Room,0.00,10.46,0.86,2.09,0.00,00:21:02
Tink-a-Tako - Potranco,159,8/25/25 10:30 AM,Maria Majana,20,Dining Room,0.00,54.96,4.53,0.00,0.00,01:54:54
Tink-a-Tako - Potranco,161,8/25/25 10:33 AM,Ivana Abundiz,,Dining Room,0.00,21.92,1.81,0.00,0.00,00:01:02
Tink-a-Tako - Potranco,162,8/25/25 10:34 AM,Candy  Del angel ,,Dining Room,0.00,7.43,0.60,0.00,0.00,00:00:23
Tink-a-Tako - Potranco,164,8/25/25 10:36 AM,Rosa Compean,17,Dining Room,0.00,15.96,1.32,5.00,0.00,00:37:22
Tink-a-Tako - Potranco,163,8/25/25 10:35 AM,Candy  Del angel ,,Dining Room,0.00,1.99,0.16,0.00,0.00,00:03:57
Tink-a-Tako - Potranco,165,8/25/25 10:37 AM,Candy  Del angel ,,Dining Room,0.00,16.74,1.38,0.00,0.00,00:02:23
Tink-a-Tako - Potranco,166,8/25/25 10:44 AM,Rosa Compean,22,Dining Room,0.00,32.82,2.72,4.46,0.00,00:25:37
Tink-a-Tako - Potranco,167,8/25/25 10:45 AM,Candy  Del angel ,,Dining Room,0.00,0.00,0.00,0.00,0.00,00:00:39
Tink-a-Tako - Potranco,169,8/25/25 10:47 AM,Candy  Del angel ,,Dining Room,0.00,10.35,0.86,0.00,0.00,00:09:25
Tink-a-Tako - Potranco,170,8/25/25 10:48 AM,Silvia Hernandez,18,Dining Room,1.13,17.58,1.45,0.00,0.00,00:35:42
Tink-a-Tako - Potranco,172,8/25/25 10:50 AM,Ivana Abundiz,,Dining Room,0.00,13.97,1.14,0.00,0.00,00:23:08
Tink-a-Tako - Potranco,171,8/25/25 10:49 AM,Candy  Del angel ,,Dining Room,0.00,22.14,1.83,3.00,0.00,00:12:38
Tink-a-Tako - Potranco,174,8/25/25 10:52 AM,Maria Majana,25,Dining Room,0.00,16.66,1.37,0.00,0.00,00:41:32
Tink-a-Tako - Potranco,175,8/25/25 10:54 AM,Candy  Del angel ,,Dining Room,0.00,3.98,0.32,0.00,0.00,00:00:09
Tink-a-Tako - Potranco,176,8/25/25 10:56 AM,Silvia Hernandez,37,Dining Room,0.00,6.97,0.58,0.00,0.00,00:54:11
Tink-a-Tako - Potranco,177,8/25/25 10:57 AM,Candy  Del angel ,,Dining Room,0.00,26.34,2.17,0.00,0.00,00:07:58
Tink-a-Tako - Potranco,178,8/25/25 11:01 AM,Silvia Hernandez,26,Dining Room,0.00,7.47,0.62,0.00,0.00,00:57:10
Tink-a-Tako - Potranco,180,8/25/25 11:02 AM,Candy  Del angel ,,Dining Room,0.00,5.58,0.46,0.00,0.00,00:05:17
Tink-a-Tako - Potranco,179,8/25/25 11:02 AM,Rosa Compean,35,Dining Room,0.00,31.41,2.58,5.00,0.00,00:46:55
Tink-a-Tako - Potranco,181,8/25/25 11:04 AM,Candy  Del angel ,,Dining Room,0.00,12.88,1.06,5.00,0.00,00:04:38
Tink-a-Tako - Potranco,182,8/25/25 11:06 AM,Candy  Del angel ,,Dining Room,0.00,3.98,0.32,0.00,0.00,00:05:40
Tink-a-Tako - Potranco,184,8/25/25 11:08 AM,Candy  Del angel ,,Dining Room,0.00,4.98,0.41,0.00,0.00,00:06:22
Tink-a-Tako - Potranco,183,8/25/25 11:07 AM,Maria Majana,32,Dining Room,0.00,29.96,2.48,6.00,0.00,00:30:09
Tink-a-Tako - Potranco,185,8/25/25 11:10 AM,Candy  Del angel ,,Dining Room,0.00,35.67,2.95,0.00,0.00,00:06:33
Tink-a-Tako - Potranco,189,8/25/25 11:14 AM,Candy  Del angel ,,Dining Room,0.00,20.44,1.68,2.00,0.00,00:04:55
Tink-a-Tako - Potranco,190,8/25/25 11:16 AM,Rosa Compean,24,Dining Room,0.00,58.08,4.76,0.00,0.00,01:01:47
Tink-a-Tako - Potranco,191,8/25/25 11:19 AM,Candy  Del angel ,,Dining Room,0.00,2.29,0.19,0.00,0.00,00:02:13
Tink-a-Tako - Potranco,188,8/25/25 11:11 AM,Maria Majana,36,Dining Room,0.00,28.35,2.34,0.00,0.00,00:36:13
Tink-a-Tako - Potranco,192,8/25/25 11:20 AM,Candy  Del angel ,,Dining Room,0.00,4.98,0.41,1.00,0.00,00:02:30
Tink-a-Tako - Potranco,195,8/25/25 11:20 AM,Candy  Del angel ,,Dining Room,0.00,3.78,0.31,0.00,0.00,00:04:02
Tink-a-Tako - Potranco,193,8/25/25 11:20 AM,Maria Majana,7,Dining Room,0.00,25.37,2.08,0.00,0.00,01:00:58
Tink-a-Tako - Potranco,196,8/25/25 11:22 AM,Rosa Compean,33,Dining Room,0.00,48.32,3.97,0.00,0.00,01:11:23
Tink-a-Tako - Potranco,197,8/25/25 11:23 AM,Candy  Del angel ,,Dining Room,0.00,9.77,0.81,1.00,0.00,00:02:21
Tink-a-Tako - Potranco,194,8/25/25 11:20 AM,Silvia Hernandez,16,Dining Room,0.00,18.98,1.57,2.00,0.00,01:04:49
Tink-a-Tako - Potranco,198,8/25/25 11:24 AM,Candy  Del angel ,,Dining Room,0.00,12.35,1.03,0.00,0.00,00:04:32
Tink-a-Tako - Potranco,200,8/25/25 11:27 AM,Silvia Hernandez,22,Dining Room,0.00,21.43,1.76,5.00,0.00,00:37:03
Tink-a-Tako - Potranco,201,8/25/25 11:27 AM,Rosa Compean,18,Dining Room,0.00,21.51,1.77,4.00,0.00,00:29:31
Tink-a-Tako - Potranco,204,8/25/25 11:29 AM,Maria Majana,23,Dining Room,0.00,25.63,2.11,0.00,0.00,00:34:59
Tink-a-Tako - Potranco,203,8/25/25 11:29 AM,Candy  Del angel ,,Dining Room,0.00,22.32,1.83,0.00,0.00,00:01:46
Tink-a-Tako - Potranco,205,8/25/25 11:30 AM,Candy  Del angel ,,Dining Room,0.00,14.16,1.16,0.00,0.00,00:06:22
Tink-a-Tako - Potranco,206,8/25/25 11:30 AM,Candy  Del angel ,,Dining Room,0.00,0.00,0.00,0.00,0.00,00:00:04
Tink-a-Tako - Potranco,207,8/25/25 11:31 AM,Candy  Del angel ,,Dining Room,0.00,16.74,1.38,0.00,0.00,00:06:24
Tink-a-Tako - Potranco,209,8/25/25 11:32 AM,Candy  Del angel ,,Dining Room,0.00,7.97,0.65,2.00,0.00,00:06:35
Tink-a-Tako - Potranco,208,8/25/25 11:31 AM,Rosa Compean,19,Dining Room,0.00,28.41,2.33,4.00,0.00,00:36:54
Tink-a-Tako - Potranco,211,8/25/25 11:32 AM,Candy  Del angel ,,Dining Room,0.00,11.49,0.95,0.00,0.00,00:08:59
Tink-a-Tako - Potranco,213,8/25/25 11:36 AM,Candy  Del angel ,,Dining Room,0.00,11.23,0.92,0.00,0.00,00:05:56
Tink-a-Tako - Potranco,212,8/25/25 11:34 AM,Silvia Hernandez,37,Dining Room,0.00,45.95,3.80,6.39,0.00,02:14:08
Tink-a-Tako - Potranco,215,8/25/25 11:36 AM,Silvia Hernandez,38,Dining Room,0.00,20.19,1.66,0.00,0.00,00:31:48
Tink-a-Tako - Potranco,216,8/25/25 11:38 AM,Candy  Del angel ,,Dining Room,0.00,22.17,1.82,1.00,0.00,00:07:29
Tink-a-Tako - Potranco,217,8/25/25 11:38 AM,Candy  Del angel ,,Dining Room,0.00,15.99,1.32,0.00,0.00,00:09:22
Tink-a-Tako - Potranco,218,8/25/25 11:39 AM,Silvia Hernandez,15,Dining Room,0.00,15.77,1.30,0.00,0.00,00:45:34
Tink-a-Tako - Potranco,220,8/25/25 11:43 AM,Rosa Compean,32,Dining Room,0.00,33.12,2.72,0.00,0.00,00:51:02
Tink-a-Tako - Potranco,219,8/25/25 11:42 AM,Candy  Del angel ,,Dining Room,0.00,16.36,1.35,0.00,0.00,00:06:45
Tink-a-Tako - Potranco,221,8/25/25 11:44 AM,Candy  Del angel ,,Dining Room,3.69,33.25,2.74,0.00,0.00,00:06:56
Tink-a-Tako - Potranco,223,8/25/25 11:45 AM,Candy  Del angel ,,Dining Room,0.00,3.45,0.28,0.00,0.00,00:00:10
Tink-a-Tako - Potranco,222,8/25/25 11:45 AM,Rosa Compean,34,Dining Room,0.00,34.16,2.81,0.00,0.00,00:39:08
Tink-a-Tako - Potranco,224,8/25/25 11:45 AM,Candy  Del angel ,,Dining Room,0.00,26.75,2.21,3.00,0.00,00:10:40
Tink-a-Tako - Potranco,226,8/25/25 11:47 AM,Silvia Hernandez,42,Dining Room,0.00,9.72,0.79,0.00,0.00,00:57:22
Tink-a-Tako - Potranco,227,8/25/25 11:49 AM,Candy  Del angel ,,Dining Room,0.00,7.47,0.62,2.00,0.00,00:08:55
Tink-a-Tako - Potranco,228,8/25/25 11:51 AM,Ivana Abundiz,,Dining Room,0.00,11.37,0.93,1.00,0.00,00:02:09
Tink-a-Tako - Potranco,232,8/25/25 11:53 AM,Candy  Del angel ,,Dining Room,0.00,3.58,0.30,0.00,0.00,00:05:24
Tink-a-Tako - Potranco,233,8/25/25 11:53 AM,Candy  Del angel ,,Dining Room,0.00,15.28,1.26,0.00,0.00,00:07:15
Tink-a-Tako - Potranco,234,8/25/25 11:56 AM,Rosa Compean,17,Dining Room,0.00,31.96,2.63,6.00,0.00,00:40:42
Tink-a-Tako - Potranco,236,8/25/25 11:57 AM,Candy  Del angel ,,Dining Room,0.00,9.33,0.76,1.00,0.00,00:07:16
Tink-a-Tako - Potranco,238,8/25/25 11:58 AM,Candy  Del angel ,,Dining Room,0.00,5.58,0.46,0.00,0.00,00:07:37
Tink-a-Tako - Potranco,235,8/25/25 11:57 AM,Maria Majana,40,Dining Room,1.90,32.47,2.67,6.00,0.00,00:44:40
Tink-a-Tako - Potranco,237,8/25/25 11:57 AM,Rosa Compean,31,Dining Room,0.00,19.42,1.60,0.00,0.00,01:08:04
Tink-a-Tako - Potranco,239,8/25/25 11:59 AM,Silvia Hernandez,4,Dining Room,0.00,32.07,2.65,5.00,0.00,00:40:17
Tink-a-Tako - Potranco,240,8/25/25 12:01 PM,Candy  Del angel ,,Dining Room,0.00,5.87,0.49,0.00,0.00,00:05:43
Tink-a-Tako - Potranco,241,8/25/25 12:03 PM,Candy  Del angel ,,Dining Room,0.00,32.33,2.65,0.00,0.00,00:05:55
Tink-a-Tako - Potranco,242,8/25/25 12:05 PM,Ivana Abundiz,,Dining Room,0.00,4.39,0.36,0.00,0.00,00:08:54
Tink-a-Tako - Potranco,243,8/25/25 12:06 PM,Rosa Compean,9,Dining Room,0.00,24.68,2.03,10.00,0.00,00:26:05
Tink-a-Tako - Potranco,244,8/25/25 12:06 PM,Candy  Del angel ,,Dining Room,0.00,15.82,1.30,0.00,0.00,00:04:19
Tink-a-Tako - Potranco,245,8/25/25 12:07 PM,Candy  Del angel ,,Dining Room,0.00,7.96,0.65,0.00,0.00,00:10:44
Tink-a-Tako - Potranco,246,8/25/25 12:07 PM,Maria Majana,35,Dining Room,1.10,46.44,3.82,0.00,0.00,00:44:03
Tink-a-Tako - Potranco,247,8/25/25 12:10 PM,Rosa Compean,36,Dining Room,0.00,37.01,3.04,0.00,0.00,00:39:31
Tink-a-Tako - Potranco,248,8/25/25 12:11 PM,Silvia Hernandez,10,Dining Room,7.00,21.96,1.82,0.00,0.00,01:01:22
Tink-a-Tako - Potranco,251,8/25/25 12:12 PM,Candy  Del angel ,,Dining Room,0.00,9.27,0.76,0.00,0.00,00:05:58
Tink-a-Tako - Potranco,250,8/25/25 12:12 PM,Silvia Hernandez,18,Dining Room,0.00,11.98,0.99,0.00,0.00,00:45:34
Tink-a-Tako - Potranco,249,8/25/25 12:11 PM,Maria Majana,23,Dining Room,1.20,13.77,1.14,4.00,0.00,00:20:38
Tink-a-Tako - Potranco,252,8/25/25 12:14 PM,Silvia Hernandez,3,Dining Room,0.00,30.21,2.49,0.00,0.00,00:44:49
Tink-a-Tako - Potranco,253,8/25/25 12:15 PM,Maria Majana,2,Dining Room,0.00,16.46,1.36,0.00,0.00,01:00:46
Tink-a-Tako - Potranco,255,8/25/25 12:18 PM,Rosa Compean,24,Dining Room,0.00,20.88,1.72,5.00,0.00,00:34:15
Tink-a-Tako - Potranco,256,8/25/25 12:19 PM,Candy  Del angel ,,Dining Room,0.00,1.99,0.16,0.00,0.00,00:00:20
Tink-a-Tako - Potranco,254,8/25/25 12:17 PM,Rosa Compean,22,Dining Room,0.00,13.22,1.09,2.91,0.00,00:40:08
Tink-a-Tako - Potranco,257,8/25/25 12:19 PM,Candy  Del angel ,,Dining Room,0.00,9.42,0.77,0.00,0.00,00:02:16
Tink-a-Tako - Potranco,258,8/25/25 12:20 PM,Rosa Compean,38,Dining Room,0.00,9.28,0.77,0.00,0.00,00:29:56
Tink-a-Tako - Potranco,259,8/25/25 12:22 PM,Candy  Del angel ,,Dining Room,0.00,9.06,0.74,0.00,0.00,00:08:06
Tink-a-Tako - Potranco,260,8/25/25 12:22 PM,Candy  Del angel ,,Dining Room,0.00,20.60,1.69,0.00,0.00,00:10:32
Tink-a-Tako - Potranco,261,8/25/25 12:24 PM,Candy  Del angel ,,Dining Room,0.00,8.67,0.71,1.00,0.00,00:10:26
Tink-a-Tako - Potranco,263,8/25/25 12:30 PM,Candy  Del angel ,,Dining Room,0.00,18.87,1.55,0.00,0.00,00:04:54
Tink-a-Tako - Potranco,267,8/25/25 12:33 PM,Silvia Hernandez,23,Dining Room,2.05,18.43,1.52,3.00,0.00,00:41:10
Tink-a-Tako - Potranco,269,8/25/25 12:34 PM,Candy  Del angel ,,Dining Room,0.00,8.88,0.73,0.00,0.00,00:03:52
Tink-a-Tako - Potranco,268,8/25/25 12:34 PM,Maria Majana,32,Dining Room,0.00,19.45,1.61,0.00,0.00,00:22:25
Tink-a-Tako - Potranco,270,8/25/25 12:38 PM,Rosa Compean,20,Dining Room,0.00,21.68,1.78,0.00,0.00,00:39:27
Tink-a-Tako - Potranco,271,8/25/25 12:39 PM,Rosa Compean,16,Dining Room,0.00,17.55,1.46,0.00,0.00,00:26:51
Tink-a-Tako - Potranco,272,8/25/25 12:39 PM,Rosa Compean,15,Dining Room,0.00,18.97,1.57,0.00,0.00,00:34:34
Tink-a-Tako - Potranco,273,8/25/25 12:42 PM,Silvia Hernandez,33,Dining Room,0.00,38.96,3.21,0.00,0.00,00:44:39
Tink-a-Tako - Potranco,274,8/25/25 12:44 PM,Candy  Del angel ,,Dining Room,0.00,11.27,0.93,0.00,0.00,00:00:41
Tink-a-Tako - Potranco,275,8/25/25 12:44 PM,Candy  Del angel ,,Dining Room,0.00,7.57,0.63,0.00,0.00,00:09:50
Tink-a-Tako - Potranco,276,8/25/25 12:45 PM,Candy  Del angel ,,Dining Room,0.00,13.18,1.08,0.00,0.00,00:10:03
Tink-a-Tako - Potranco,277,8/25/25 12:54 PM,Candy  Del angel ,,Dining Room,0.00,27.19,2.24,10.00,0.00,00:24:39
Tink-a-Tako - Potranco,278,8/25/25 12:55 PM,Candy  Del angel ,,Dining Room,0.00,29.98,2.47,0.00,0.00,00:01:37
Tink-a-Tako - Potranco,279,8/25/25 12:56 PM,Ivana Abundiz,,Dining Room,0.00,5.98,0.50,0.00,0.00,00:00:23
Tink-a-Tako - Potranco,281,8/25/25 1:08 PM,Ivana Abundiz,,Dining Room,0.00,8.28,0.69,0.00,0.00,00:00:37
Tink-a-Tako - Potranco,280,8/25/25 1:07 PM,Candy  Del angel ,,Dining Room,0.00,2.99,0.25,0.00,0.00,00:01:39
Tink-a-Tako - Potranco,282,8/25/25 1:08 PM,Candy  Del angel ,,Dining Room,0.00,13.97,1.15,0.00,0.00,00:15:25
Tink-a-Tako - Potranco,283,8/25/25 1:09 PM,Candy  Del angel ,,Dining Room,0.00,24.21,1.99,1.00,0.00,00:04:37
Tink-a-Tako - Potranco,286,8/25/25 1:11 PM,Candy  Del angel ,,Dining Room,0.00,0.00,0.00,0.00,0.00,00:00:14
Tink-a-Tako - Potranco,285,8/25/25 1:10 PM,Silvia Hernandez,17,Dining Room,0.00,20.12,1.66,5.00,0.00,00:28:41
Tink-a-Tako - Potranco,288,8/25/25 1:14 PM,Rosa Compean,22,Dining Room,0.00,0.00,0.00,0.00,0.00,00:01:32
Tink-a-Tako - Potranco,289,8/25/25 1:15 PM,Ivana Abundiz,,Dining Room,0.00,16.38,1.35,0.00,0.00,00:08:09
Tink-a-Tako - Potranco,290,8/25/25 1:24 PM,Candy  Del angel ,,Dining Room,0.00,10.99,0.91,0.00,0.00,00:03:15
Tink-a-Tako - Potranco,291,8/25/25 1:30 PM,Candy  Del angel ,,Dining Room,0.00,10.37,0.85,0.00,0.00,00:01:33
Tink-a-Tako - Potranco,292,8/25/25 1:32 PM,Candy  Del angel ,,Dining Room,0.00,4.98,0.41,0.00,0.00,00:11:48
Tink-a-Tako - Potranco,293,8/25/25 1:39 PM,Candy  Del angel ,,Dining Room,0.00,12.44,1.02,1.54,0.00,00:08:04
Tink-a-Tako - Potranco,294,8/25/25 1:42 PM,Silvia Hernandez,25,Dining Room,0.00,29.88,2.45,0.00,0.00,00:22:14
Tink-a-Tako - Potranco,295,8/25/25 1:48 PM,Candy  Del angel ,,Dining Room,0.00,8.78,0.72,0.00,0.00,00:02:45
Tink-a-Tako - Potranco,296,8/25/25 1:48 PM,Candy  Del angel ,,Dining Room,0.00,13.68,1.12,0.00,0.00,00:03:54
Tink-a-Tako - Potranco,298,8/25/25 1:50 PM,Rosa Compean,9,Dining Room,0.00,75.54,6.22,9.00,0.00,00:39:25
Tink-a-Tako - Potranco,299,8/25/25 1:52 PM,Candy  Del angel ,,Dining Room,0.00,8.99,0.74,0.00,0.00,00:00:57
Tink-a-Tako - Potranco,301,8/25/25 1:55 PM,Silvia Hernandez,33,Dining Room,0.00,13.44,1.10,2.00,0.00,00:31:58
Tink-a-Tako - Potranco,300,8/25/25 1:55 PM,Mayra Luna,10,Dining Room,0.00,21.98,1.81,0.00,0.00,00:36:12
Tink-a-Tako - Potranco,302,8/25/25 1:56 PM,Lizeth Alonso,,Dining Room,0.00,3.78,0.31,0.00,0.00,00:04:39
Tink-a-Tako - Potranco,303,8/25/25 2:04 PM,Lizeth Alonso,,Dining Room,0.00,8.97,0.74,1.29,0.00,00:01:00
Tink-a-Tako - Potranco,304,8/25/25 2:11 PM,Silvia Hernandez,17,Dining Room,0.00,18.98,1.57,0.00,0.00,00:48:10
Tink-a-Tako - Potranco,305,8/25/25 2:13 PM,Lizeth Alonso,,Dining Room,0.00,6.98,0.58,0.00,0.00,00:02:07
Tink-a-Tako - Potranco,306,8/25/25 2:15 PM,Lizeth Alonso,,Dining Room,0.00,9.38,0.78,2.00,0.00,00:02:09
Tink-a-Tako - Potranco,307,8/25/25 2:20 PM,Silvia Hernandez,24,Dining Room,0.00,15.68,1.29,5.00,0.00,00:41:33
Tink-a-Tako - Potranco,308,8/25/25 2:23 PM,Isabel Cisneros,18,Dining Room,0.00,21.97,1.81,0.00,0.00,01:07:51
Tink-a-Tako - Potranco,309,8/25/25 2:24 PM,Sergio Abundiz,25,Dining Room,0.00,33.11,2.74,0.00,0.00,00:24:08
Tink-a-Tako - Potranco,310,8/25/25 2:30 PM,Sergio Abundiz,38,Dining Room,0.00,15.98,1.32,3.00,0.00,00:34:48
Tink-a-Tako - Potranco,311,8/25/25 2:31 PM,Isabel Cisneros,37,Dining Room,0.00,15.22,1.26,3.52,0.00,00:23:23
Tink-a-Tako - Potranco,312,8/25/25 2:39 PM,Sergio Abundiz,7,Dining Room,0.00,47.40,3.91,7.00,0.00,00:40:05
Tink-a-Tako - Potranco,313,8/25/25 2:41 PM,Isabel Cisneros,32,Dining Room,0.00,27.58,2.27,5.00,0.00,00:18:59
Tink-a-Tako - Potranco,314,8/25/25 2:47 PM,Sergio Abundiz,23,Dining Room,0.00,27.43,2.26,0.00,0.00,00:34:58
Tink-a-Tako - Potranco,315,8/25/25 2:55 PM,Isabel Cisneros,33,Dining Room,0.00,12.23,1.01,2.00,0.00,00:28:14
Tink-a-Tako - Potranco,316,8/25/25 2:59 PM,Sergio Abundiz,4,Dining Room,0.00,36.95,3.05,0.00,0.00,00:54:17
Tink-a-Tako - Potranco,317,8/25/25 3:00 PM,Isabel Cisneros,39,Dining Room,0.00,11.02,0.91,0.00,0.00,00:37:04
Tink-a-Tako - Potranco,318,8/25/25 3:10 PM,Lizeth Alonso,,Dining Room,0.00,11.37,0.94,0.00,0.00,00:01:42
Tink-a-Tako - Potranco,319,8/25/25 3:11 PM,Lizeth Alonso,,Dining Room,0.00,1.99,0.16,0.00,0.00,00:05:13
Tink-a-Tako - Potranco,320,8/25/25 3:11 PM,Lizeth Alonso,,Dining Room,0.00,5.24,0.43,0.00,0.00,00:06:12
Tink-a-Tako - Potranco,321,8/25/25 3:13 PM,Sergio Abundiz,20,Dining Room,0.00,31.92,2.63,8.00,0.00,00:28:48
Tink-a-Tako - Potranco,322,8/25/25 3:17 PM,Isabel Cisneros,25,Dining Room,0.00,21.31,1.75,4.00,0.00,00:33:47
Tink-a-Tako - Potranco,323,8/25/25 3:21 PM,Lizeth Alonso,,Dining Room,0.00,7.03,0.58,0.00,0.00,00:01:08
Tink-a-Tako - Potranco,324,8/25/25 3:21 PM,Sergio Abundiz,1,Dining Room,0.00,2.99,0.25,0.00,0.00,00:00:12
Tink-a-Tako - Potranco,325,8/25/25 3:48 PM,Lizeth Alonso,,Dining Room,0.00,3.98,0.32,0.00,0.00,00:00:56
Tink-a-Tako - Potranco,326,8/25/25 3:55 PM,Lizeth Alonso,,Dining Room,0.00,20.54,1.70,0.00,0.00,00:02:14
Tink-a-Tako - Potranco,327,8/25/25 3:55 PM,Lizeth Alonso,,Dining Room,0.00,9.27,0.76,0.00,0.00,00:09:11
Tink-a-Tako - Potranco,328,8/25/25 3:56 PM,Lizeth Alonso,,Dining Room,0.00,16.68,1.37,0.00,0.00,00:10:37
Tink-a-Tako - Potranco,329,8/25/25 4:21 PM,Sergio Abundiz,18,Dining Room,0.00,14.68,1.21,0.00,0.00,00:17:53
Tink-a-Tako - Potranco,330,8/25/25 4:22 PM,Lizeth Alonso,,Dining Room,0.00,13.44,1.10,0.00,0.00,00:03:42
Tink-a-Tako - Potranco,331,8/25/25 4:22 PM,Sergio Abundiz,,Dining Room,0.00,43.93,3.62,2.45,0.00,00:02:26
Tink-a-Tako - Potranco,332,8/25/25 4:23 PM,Lizeth Alonso,,Dining Room,0.00,0.00,0.00,0.00,0.00,00:02:13
Tink-a-Tako - Potranco,333,8/25/25 4:26 PM,Lizeth Alonso,,Dining Room,0.00,4.78,0.39,0.00,0.00,00:10:46
Tink-a-Tako - Potranco,334,8/25/25 4:26 PM,Lizeth Alonso,,Dining Room,0.00,36.76,3.03,0.00,0.00,00:06:38
Tink-a-Tako - Potranco,335,8/25/25 4:33 PM,Lizeth Alonso,,Dining Room,0.00,24.55,2.03,0.00,0.00,00:05:08
Tink-a-Tako - Potranco,336,8/25/25 4:39 PM,Lizeth Alonso,,Dining Room,0.00,9.18,0.75,0.00,0.00,00:08:09
Tink-a-Tako - Potranco,337,8/25/25 4:41 PM,Lizeth Alonso,,Dining Room,0.00,36.09,2.96,3.00,0.00,00:07:56
Tink-a-Tako - Potranco,338,8/25/25 4:58 PM,Lizeth Alonso,,Dining Room,0.00,19.96,1.65,0.00,0.00,00:00:48
Tink-a-Tako - Potranco,339,8/25/25 5:01 PM,Isabel Cisneros,36,Dining Room,0.00,0.00,0.00,0.00,0.00,04:03:33
Tink-a-Tako - Potranco,340,8/25/25 5:04 PM,Lizeth Alonso,,Dining Room,0.00,8.23,0.67,0.00,0.00,00:04:32
Tink-a-Tako - Potranco,341,8/25/25 5:07 PM,Lizeth Alonso,,Dining Room,0.00,23.37,1.92,0.00,0.00,00:05:20
Tink-a-Tako - Potranco,342,8/25/25 5:09 PM,Lizeth Alonso,,Dining Room,0.00,62.99,5.18,0.00,0.00,00:09:41
Tink-a-Tako - Potranco,343,8/25/25 5:13 PM,Isabel Cisneros,24,Dining Room,0.00,27.95,2.31,6.00,0.00,00:48:20
Tink-a-Tako - Potranco,344,8/25/25 5:24 PM,Sergio Abundiz,32,Dining Room,0.00,26.46,2.18,5.36,0.00,00:27:36
Tink-a-Tako - Potranco,345,8/25/25 5:25 PM,Lizeth Alonso,,Dining Room,0.00,3.49,0.29,0.00,0.00,00:03:28
Tink-a-Tako - Potranco,346,8/25/25 5:35 PM,Isabel Cisneros,,Dining Room,0.00,7.98,0.66,0.00,0.00,00:00:43
Tink-a-Tako - Potranco,347,8/25/25 5:37 PM,Lizeth Alonso,,Dining Room,0.00,24.47,2.01,0.00,0.00,00:01:01
Tink-a-Tako - Potranco,348,8/25/25 5:37 PM,Lizeth Alonso,,Dining Room,0.00,4.49,0.37,0.00,0.00,00:10:24
Tink-a-Tako - Potranco,349,8/25/25 5:46 PM,Sergio Abundiz,33,Dining Room,0.00,21.36,1.75,5.00,0.00,00:37:36
Tink-a-Tako - Potranco,350,8/25/25 5:58 PM,Lizeth Alonso,,Dining Room,0.00,5.98,0.50,0.00,0.00,00:00:43
Tink-a-Tako - Potranco,351,8/25/25 5:59 PM,Isabel Cisneros,9,Dining Room,0.00,50.93,4.21,7.81,0.00,00:46:53
Tink-a-Tako - Potranco,352,8/25/25 6:02 PM,Sergio Abundiz,32,Dining Room,0.00,17.48,1.45,4.07,0.00,00:26:47
Tink-a-Tako - Potranco,353,8/25/25 6:03 PM,Lizeth Alonso,,Dining Room,0.00,27.66,2.28,0.00,0.00,00:02:18
Tink-a-Tako - Potranco,354,8/25/25 6:08 PM,Isabel Cisneros,35,Dining Room,0.00,23.43,1.93,0.00,0.00,00:42:32
Tink-a-Tako - Potranco,355,8/25/25 6:10 PM,Lizeth Alonso,,Dining Room,0.00,8.78,0.72,0.00,0.00,00:00:46
Tink-a-Tako - Potranco,356,8/25/25 6:21 PM,Lizeth Alonso,,Dining Room,0.00,13.98,1.15,1.00,0.00,00:02:52
Tink-a-Tako - Potranco,357,8/25/25 6:23 PM,Lizeth Alonso,,Dining Room,0.00,5.38,0.45,0.00,0.00,00:09:22
Tink-a-Tako - Potranco,358,8/25/25 6:27 PM,Sergio Abundiz,4,Dining Room,0.00,58.44,4.81,8.00,0.00,01:26:57
Tink-a-Tako - Potranco,359,8/25/25 6:30 PM,Isabel Cisneros,24,Dining Room,0.00,29.95,2.47,0.00,0.00,00:27:50
Tink-a-Tako - Potranco,360,8/25/25 6:33 PM,Lizeth Alonso,,Dining Room,0.00,8.99,0.74,0.00,0.00,00:01:32
Tink-a-Tako - Potranco,362,8/25/25 6:34 PM,Sergio Abundiz,39,Dining Room,0.00,29.97,2.48,10.00,0.00,00:38:51
Tink-a-Tako - Potranco,364,8/25/25 6:46 PM,Lizeth Alonso,,Dining Room,0.50,8.18,0.67,2.00,0.00,00:04:28
Tink-a-Tako - Potranco,365,8/25/25 6:49 PM,Isabel Cisneros,23,Dining Room,0.00,38.29,3.15,0.00,0.00,00:34:56
Tink-a-Tako - Potranco,366,8/25/25 6:52 PM,Sergio Abundiz,32,Dining Room,0.00,42.17,3.46,0.00,0.00,00:37:27
Tink-a-Tako - Potranco,367,8/25/25 6:55 PM,Isabel Cisneros,42,Dining Room,0.00,34.42,2.84,8.00,0.00,00:45:32
Tink-a-Tako - Potranco,368,8/25/25 6:57 PM,Isabel Cisneros,25,Dining Room,0.00,21.42,1.76,5.00,0.00,00:51:12
Tink-a-Tako - Potranco,370,8/25/25 7:04 PM,Sergio Abundiz,35,Dining Room,0.00,38.37,3.16,10.00,0.00,00:45:46
Tink-a-Tako - Potranco,371,8/25/25 7:08 PM,Isabel Cisneros,33,Dining Room,0.00,19.98,1.65,0.00,0.00,00:24:53
Tink-a-Tako - Potranco,372,8/25/25 7:19 PM,Sergio Abundiz,38,Dining Room,0.00,27.12,2.23,3.00,0.00,00:36:09
Tink-a-Tako - Potranco,374,8/25/25 7:38 PM,Lizeth Alonso,,Dining Room,0.00,11.57,0.95,0.00,0.00,00:00:33
Tink-a-Tako - Potranco,376,8/25/25 7:54 PM,Lizeth Alonso,,Dining Room,0.00,9.98,0.82,0.00,0.00,00:00:29
Tink-a-Tako - Potranco,375,8/25/25 7:53 PM,Sergio Abundiz,37,Dining Room,0.00,45.80,3.77,0.00,0.00,00:38:22
Tink-a-Tako - Potranco,377,8/25/25 7:55 PM,Lizeth Alonso,,Dining Room,0.00,16.98,1.40,0.00,0.00,00:05:10
Tink-a-Tako - Potranco,379,8/25/25 8:12 PM,Isabel Cisneros,25,Dining Room,0.00,17.76,1.46,5.78,0.00,00:26:48
Tink-a-Tako - Potranco,378,8/25/25 8:12 PM,Lizeth Alonso,,Dining Room,0.00,31.11,2.56,1.00,0.00,00:02:18
Tink-a-Tako - Potranco,380,8/25/25 8:16 PM,Lizeth Alonso,,Dining Room,0.00,11.78,0.97,0.00,0.00,00:06:20
Tink-a-Tako - Potranco,381,8/25/25 8:37 PM,Lizeth Alonso,,Dining Room,0.00,68.70,5.67,10.00,0.00,00:03:33
Tink-a-Tako - Potranco,382,8/25/25 8:48 PM,Lizeth Alonso,,Dining Room,0.00,3.58,0.30,0.00,0.00,00:08:35
Tink-a-Tako - Potranco,383,8/25/25 8:50 PM,Lizeth Alonso,,Dining Room,0.00,5.49,0.45,0.00,0.00,00:08:57
