Employee,Job Title,In Date,Out Date,Auto Clock-out,Total Hours,Unpaid Break Time,Paid Break Time,Payable Hours
"Ramirez Perez, Silvia",Cook,8/25/25 5:27 AM,8/25/25 2:00 PM,No,8.55,0.00,0.00,8.55
"Aviles, Genaro",Cook,8/25/25 5:27 AM,8/25/25 3:22 PM,No,9.91,0.00,0.00,9.91
"Diaz, Diego",Cook,8/25/25 5:28 AM,8/25/25 2:14 PM,No,8.76,0.00,0.00,8.76
"Dominguez, Jose ",Cook,8/25/25 5:49 AM,8/25/25 2:01 PM,No,8.20,0.00,0.00,8.20
"Majana, Maria",Server,8/25/25 6:03 AM,8/25/25 1:30 PM,No,7.46,0.00,0.00,7.46
"Del angel , Candy ",Drive-Thru,8/25/25 6:21 AM,8/25/25 1:56 PM,No,7.58,0.00,0.00,7.58
"ORDONEZ, Rosie ",Shift Manager / Assistant Manager,8/25/25 6:26 AM,8/25/25 11:06 AM,No,4.66,0.00,0.00,4.66
"Brito, Victor ",Regular,8/25/25 6:54 AM,8/25/25 2:24 PM,No,7.49,0.00,0.00,7.49
"Hernandez, Silvia",Server,8/25/25 7:42 AM,8/25/25 3:03 PM,No,7.36,0.00,0.00,7.36
"Compean, Rosa",Server,8/25/25 7:47 AM,8/25/25 2:34 PM,No,6.77,0.00,0.00,6.77
"Abundiz, Ivana",Host,8/25/25 7:59 AM,8/25/25 2:00 PM,No,6.01,0.00,0.00,6.01
"Serrato, Joshua ",Busser,8/25/25 9:09 AM,8/25/25 2:00 PM,No,4.86,0.00,0.00,4.86
"Luna, Mayra",Shift Manager / Assistant Manager,8/25/25 11:03 AM,8/25/25 9:23 PM,No,10.33,0.00,0.00,10.33
"Gonzalez, Maria ",Tortillero,8/25/25 1:47 PM,8/25/25 9:19 PM,No,7.53,0.00,0.00,7.53
"huerta, Arturo ",Dishwasher,8/25/25 1:52 PM,8/25/25 9:04 PM,No,7.19,0.00,0.00,7.19
"Alonso, Lizeth",Host,8/25/25 1:53 PM,8/25/25 9:05 PM,No,7.20,0.00,0.00,7.20
"Calderon, Jesus",Cook,8/25/25 1:59 PM,8/25/25 8:57 PM,No,6.98,0.00,0.00,6.98
"Gonzales (Line) , Maria",Cook,8/25/25 2:04 PM,8/25/25 9:19 PM,No,7.24,0.00,0.00,7.24
"Cisneros, Isabel",Server,8/25/25 2:21 PM,8/25/25 9:21 PM,No,6.99,0.00,0.00,6.99
"Abundiz, Sergio",Dishwasher,8/25/25 2:21 PM,8/25/25 9:21 PM,No,7.00,0.00,0.00,7.00
"ROJAS, JAIME",Busser,8/25/25 3:59 PM,8/25/25 9:01 PM,No,5.03,0.00,0.00,5.03
