,Location,Employee,Job Title,In Date,Shift Closed Date,Out Date,Hours,Cash Tips Decl.,Cash on Hand,Cash in Drawer,Non-Cash Tips,Cash Gratuity,Non-Cash Gratuity,Tips Withheld,Non-Cash Sales,Cash Sales,Total Sales,Cash Collected?,Tips Paid?,Open,Paid,Closed,Tip Share Total
800000029745868100,2919 Blanco Rd,Cin Cin,Drive-Thru,9/19/25 5:05 AM,9/19/25 1:48 PM,9/19/25 2:08 PM,9.04,,0.00,662.33,89.11,0.00,0.00,0.00,1801.29,662.33,2463.62,yes,yes,0,0,180,0.00
800000029745917115,2919 Blanco Rd,AM CASHIER,General Manager,9/19/25 5:32 AM,9/19/25 1:38 PM,9/19/25 1:40 PM,8.13,,0.00,159.63,48.00,0.00,0.00,0.00,305.92,159.63,465.55,yes,yes,0,0,26,0.00
800000029746005781,2919 Blanco Rd,Martina Ovalle ,Shift Manager / Assistant Manager,9/19/25 5:53 AM,9/19/25 1:37 PM,9/19/25 1:51 PM,7.96,,0.00,22.94,14.00,0.00,0.00,0.00,113.55,22.94,136.49,yes,yes,0,0,12,0.00
800000029747794115,2919 Blanco Rd,samantha lopez,Server,9/19/25 8:07 AM,9/19/25 1:36 PM,9/19/25 1:37 PM,5.49,,0.00,115.18,41.35,0.00,0.00,0.00,233.93,115.18,349.11,yes,yes,0,0,15,0.00
800000029747813079,2919 Blanco Rd,Sami Martinez ,Server,9/19/25 8:08 AM,9/19/25 1:35 PM,9/19/25 1:36 PM,5.46,,0.00,217.68,35.00,0.00,0.00,0.00,242.75,217.68,460.43,yes,yes,0,0,16,0.00
800000029759458751,2919 Blanco Rd,Sami Martinez ,Server,9/19/25 1:36 PM,9/19/25 9:05 PM,9/19/25 9:16 PM,7.66,,0.00,194.18,37.00,0.00,0.00,0.00,213.42,194.18,407.60,yes,yes,0,0,15,0.00
800000029759492033,2919 Blanco Rd,samantha lopez,Drive-Thru,9/19/25 1:37 PM,9/19/25 9:03 PM,9/19/25 9:17 PM,7.68,,0.00,119.98,19.00,0.00,0.00,0.00,301.19,119.98,421.17,yes,yes,0,0,28,0.00
800000029789414014,2919 Blanco Rd,AM CASHIER,General Manager,9/19/25 9:06 PM,9/19/25 9:06 PM,9/19/25 9:06 PM,0.00,,0.00,38.95,0.00,0.00,0.00,0.00,11.90,38.95,50.85,yes,yes,0,0,8,0.00
