Location,Order #,Opened Date,Server,Table,Discount Name,Discount Reason,Comment,Discount Amount
Sandra's Cuisine - Potranco - 12060 Potranco Road,194,8/27/25 6:13 PM,Mario Jimenez,,Open % Check,,,1.50
Sandra's Cuisine - Potranco - 12060 Potranco Road,193,8/27/25 5:57 PM,Emanuel Sanchez,35,Open % Item,,,0.90
Sandra's Cuisine - Potranco - 12060 Potranco Road,191,8/27/25 5:44 PM,Emanuel Sanchez,14,Open % Item,,,1.40
Sandra's Cuisine - Potranco - 12060 Potranco Road,140,8/27/25 12:31 PM,Lizbeth Garcia,12,Open % Check,,,0.98
Sandra's Cuisine - Potranco - 12060 Potranco Road,92,8/27/25 10:37 AM,Adriana Navarro,20,Open % Item,,,0.70
Sandra's Cuisine - Potranco - 12060 Potranco Road,82,8/27/25 10:06 AM,Adriana Navarro,2,Open % Item,,,1.10
Sandra's Cuisine - Potranco - 12060 Potranco Road,59,8/27/25 9:17 AM,Candy Del Angel,,Employee Discount - Check,Employee Discount,Employee,16.27
Sandra's Cuisine - Potranco - 12060 Potranco Road,50,8/27/25 9:02 AM,Lizbeth Garcia,1,Open % Item,,,0.70
Sandra's Cuisine - Potranco - 12060 Potranco Road,3,8/27/25 6:27 AM,Melissa  Urena,,Reward Dollars,,,3.78
