Employee,Job Title,Regular Hours,Overtime Hours,Hourly Rate,Regular Pay,Overtime Pay,Total Pay,Net Sales,Declared Tips,Non-Cash Tips,Total Tips,Tips Withheld,Total Gratuity,Employee ID,Job Code,Location,Location Code
"Cardenas, Salvador",Cook,8.79,0.0,15.00,131.85,0.00,131.85,0.00,,0.00,0.00,0.00,0.00,,,12060 Potranco Road,
"Del Angel, Candy",Shift Manager / Assistant Manager,6.15,0.0,,,,,100.69,,9.00,9.00,0.00,0.00,,,12060 Potranco Road,
"Farias, Claudia",Cook,8.88,0.0,15.00,133.20,0.00,133.20,0.00,,0.00,0.00,0.00,0.00,,,12060 Potranco Road,
"GUTIERREZ, ERIC",Cook,6.91,0.0,16.00,110.56,0.00,110.56,0.00,,0.00,0.00,0.00,0.00,,,12060 Potranco Road,
"Garcia, Enriqueta",Chef,7.63,0.0,,,,,0.00,,0.00,0.00,0.00,0.00,,,12060 Potranco Road,
"Garcia, Lizbeth",Server,8.05,0.0,3.00,24.15,0.00,24.15,373.83,0.00,65.54,65.54,0.00,0.00,,,12060 Potranco Road,
"JOSSUETH, FRANLOD",Busser,6.25,0.0,13.00,81.25,0.00,81.25,0.00,,0.00,0.00,0.00,0.00,,,12060 Potranco Road,
"Jimenez, Mario",Driver,6.78,0.0,14.00,94.92,0.00,94.92,506.91,0.00,14.41,14.41,0.00,0.00,,,12060 Potranco Road,
"Lino Santana, David ",Prep,8.83,0.0,15.00,132.45,0.00,132.45,0.00,,0.00,0.00,0.00,0.00,,,12060 Potranco Road,
"Navarro, Adriana",Server,6.01,0.0,,,,,631.85,45.00,56.37,101.37,0.00,19.52,,,12060 Potranco Road,
"Rosales, Elsa",Tortillera,11.32,0.0,13.00,147.16,0.00,147.16,0.00,,0.00,0.00,0.00,0.00,,,12060 Potranco Road,
"Sanchez, Emanuel",Server,10.07,0.0,3.00,30.21,0.00,30.21,582.44,5.00,93.43,98.43,0.00,0.00,,,12060 Potranco Road,
"Tovar , Gabriel",Shift Leader,7.26,0.0,,,,,0.00,,0.00,0.00,0.00,0.00,,,12060 Potranco Road,
"Urena, Melissa ",Host,8.24,0.0,12.00,98.88,0.00,98.88,893.51,0.00,52.90,52.90,0.00,0.00,,,12060 Potranco Road,
"Velasquez, Lisa",Server,5.01,0.0,3.00,15.03,0.00,15.03,256.32,3.00,15.14,18.14,0.00,26.76,,,12060 Potranco Road,
"vanenzuela, felix",Cook,7.04,0.0,,,,,0.00,,0.00,0.00,0.00,0.00,,,12060 Potranco Road,
