,Location,Employee,Job Title,In Date,Shift Closed Date,Out Date,Hours,Cash Tips Decl.,Cash on Hand,Cash in Drawer,Non-Cash Tips,Cash Gratuity,Non-Cash Gratuity,Tips Withheld,Non-Cash Sales,Cash Sales,Total Sales,Cash Collected?,Tips Paid?,Open,Paid,Closed,Tip Share Total
800000028850000647,12060 Potranco Road,Melissa  Urena,Host,8/27/25 6:10 AM,8/27/25 2:24 PM,8/27/25 2:24 PM,8.24,0.00,0.00,253.18,52.90,0.00,0.00,0.00,714.07,253.18,967.25,yes,yes,0,0,82,0.00
800000028850045664,12060 Potranco Road,Lizbeth Garcia,Server,8/27/25 6:18 AM,8/27/25 2:15 PM,8/27/25 2:21 PM,8.05,0.00,106.29,0.00,65.54,0.00,0.00,0.00,298.42,106.29,404.71,yes,yes,0,0,25,0.00
800000028850403572,12060 Potranco Road,Enriqueta Garcia,Chef,8/27/25 7:03 AM,8/27/25 2:41 PM,8/27/25 2:41 PM,7.63,,0.00,0.00,0.00,0.00,0.00,0.00,0.00,0.00,0.00,yes,yes,0,0,0,0.00
800000028851925759,12060 Potranco Road,Candy Del Angel,Shift Manager / Assistant Manager,8/27/25 8:41 AM,8/27/25 2:11 PM,8/27/25 2:50 PM,6.15,,0.00,29.46,9.00,0.00,0.00,0.00,79.56,29.46,109.02,yes,yes,0,0,9,0.00
800000028852128040,12060 Potranco Road,Adriana Navarro,Server,8/27/25 8:53 AM,8/27/25 2:26 PM,8/27/25 2:52 PM,5.99,45.00,54.04,0.00,56.37,0.00,19.52,0.00,629.96,54.04,684.00,yes,yes,0,0,18,0.00
800000028854886321,12060 Potranco Road,Emanuel Sanchez,Server,8/27/25 11:01 AM,8/27/25 9:05 PM,8/27/25 9:06 PM,10.07,5.00,86.64,0.00,93.43,0.00,0.00,0.00,543.76,86.64,630.40,yes,yes,0,0,20,0.00
800000028861896307,12060 Potranco Road,Gabriel Tovar ,Shift Leader,8/27/25 2:02 PM,8/27/25 9:17 PM,8/27/25 9:17 PM,7.26,,0.00,0.00,0.00,0.00,0.00,0.00,0.00,0.00,0.00,yes,yes,0,0,0,0.00
800000028862268648,12060 Potranco Road,Mario Jimenez,Driver,8/27/25 2:13 PM,8/27/25 8:59 PM,8/27/25 9:00 PM,6.78,0.00,0.00,86.52,14.41,0.00,0.00,0.00,462.24,86.52,548.76,yes,yes,0,0,27,0.00
800000028862273573,12060 Potranco Road,felix vanenzuela,Cook,8/27/25 2:13 PM,8/27/25 9:16 PM,8/27/25 9:16 PM,7.04,,0.00,0.00,0.00,0.00,0.00,0.00,0.00,0.00,0.00,yes,yes,0,0,0,0.00
800000028863504633,12060 Potranco Road,Adriana Navarro,Server,8/27/25 2:52 PM,8/27/25 2:53 PM,8/27/25 2:53 PM,0.02,0.00,0.00,0.00,0.00,0.00,0.00,0.00,0.00,0.00,0.00,yes,yes,0,0,0,0.00
800000028865789062,12060 Potranco Road,Lisa Velasquez,Server,8/27/25 4:04 PM,8/27/25 9:05 PM,8/27/25 9:05 PM,5.01,3.00,33.42,0.00,15.14,0.00,26.76,0.00,244.01,33.42,277.43,yes,yes,0,0,5,0.00
