Location,Employee,Job Title,In Date,Out Date,Total Hours,Unpaid Break Time,Paid Break Time,Payable Hours
12060 Potranco Road,"Farias, Claudia",Cook,8/27/25 5:27 AM,8/27/25 2:20 PM,8.88,0.00,0.00,8.88
12060 Potranco Road,"Lino Santana, David ",Prep,8/27/25 5:27 AM,8/27/25 2:17 PM,8.83,0.00,0.00,8.83
12060 Potranco Road,"Cardenas, Salvador",Cook,8/27/25 5:27 AM,8/27/25 2:15 PM,8.79,0.00,0.00,8.79
12060 Potranco Road,"Urena, Melissa ",Host,8/27/25 6:10 AM,8/27/25 2:24 PM,8.24,0.00,0.00,8.24
12060 Potranco Road,"Garcia, Lizbeth",Server,8/27/25 6:18 AM,8/27/25 2:21 PM,8.05,0.00,0.00,8.05
12060 Potranco Road,"Garcia, Enriqueta",Chef,8/27/25 7:03 AM,8/27/25 2:41 PM,7.63,0.00,0.00,7.63
12060 Potranco Road,"JOSSUETH, FRANLOD",Busser,8/27/25 8:11 AM,8/27/25 2:25 PM,6.25,0.00,0.00,6.25
12060 Potranco Road,"Del Angel, Candy",Shift Manager / Assistant Manager,8/27/25 8:41 AM,8/27/25 2:50 PM,6.15,0.00,0.00,6.15
12060 Potranco Road,"Navarro, Adriana",Server,8/27/25 8:53 AM,8/27/25 2:52 PM,5.99,0.00,0.00,5.99
12060 Potranco Road,"Rosales, Elsa",Tortillera,8/27/25 9:51 AM,8/27/25 9:10 PM,11.32,0.00,0.00,11.32
12060 Potranco Road,"Sanchez, Emanuel",Server,8/27/25 11:01 AM,8/27/25 9:06 PM,10.07,0.00,0.00,10.07
12060 Potranco Road,"Tovar , Gabriel",Shift Leader,8/27/25 2:02 PM,8/27/25 9:17 PM,7.26,0.00,0.00,7.26
12060 Potranco Road,"Jimenez, Mario",Driver,8/27/25 2:13 PM,8/27/25 9:00 PM,6.78,0.00,0.00,6.78
12060 Potranco Road,"GUTIERREZ, ERIC",Cook,8/27/25 2:13 PM,8/27/25 9:08 PM,6.91,0.00,0.00,6.91
12060 Potranco Road,"vanenzuela, felix",Cook,8/27/25 2:13 PM,8/27/25 9:16 PM,7.04,0.00,0.00,7.04
12060 Potranco Road,"Cardenas, Salvador",Cook,8/27/25 2:17 PM,8/27/25 2:17 PM,0.00,0.00,0.00,0.00
12060 Potranco Road,"Navarro, Adriana",Server,8/27/25 2:52 PM,8/27/25 2:53 PM,0.02,0.00,0.00,0.02
12060 Potranco Road,"Velasquez, Lisa",Server,8/27/25 4:04 PM,8/27/25 9:05 PM,5.01,0.00,0.00,5.01
