Order #,Opened Date,Void Date,Server,Approver,Item Name,Reason,Item Quantity,Total Price
110,8/27/25 11:21 AM,8/27/25 2:23 PM,Melissa  Urena,Candy Del Angel,Chorizo & Egg Taco,Customer Changed Mind,1.0,3.29
145,8/27/25 1:04 PM,8/27/25 2:22 PM,Adriana Navarro,Candy Del Angel,Super Nacho,Customer Changed Mind,1.0,12.99
110,8/27/25 11:21 AM,8/27/25 2:23 PM,Melissa  Urena,Candy Del Angel,AGUAS FRESCAS,Customer Changed Mind,1.0,7.99
110,8/27/25 11:21 AM,8/27/25 2:23 PM,Melissa  Urena,Candy Del Angel,AGUAS FRESCAS,Customer Changed Mind,1.0,7.99
