Location,Order #,Opened,Server,Table,Revenue Center,Discount Amount,Amount,Tax,Tip,Gratuity,Duration (Opened to Paid)
2919 Blanco Rd,1,8/25/25 6:00 AM,Martina Ovalle ,,Dining Room,0.00,4.98,0.41,0.00,0.00,00:03:06
2919 Blanco Rd,2,8/25/25 6:01 AM,Martina Ovalle ,,Dining Room,0.00,13.95,1.15,0.00,0.00,00:09:43
2919 Blanco Rd,4,8/25/25 6:13 AM,Martina Ovalle ,,Drive Thru,0.00,8.97,0.74,0.00,0.00,00:01:33
2919 Blanco Rd,5,8/25/25 6:16 AM,Martina Ovalle ,,Dining Room,0.00,1.99,0.16,0.00,0.00,00:03:31
2919 Blanco Rd,3,8/25/25 6:06 AM,Martina Ovalle ,,Dining Room,0.00,7.43,0.61,0.00,0.00,00:12:12
2919 Blanco Rd,7,8/25/25 6:18 AM,Martina Ovalle ,,Drive Thru,0.00,1.99,0.16,0.00,0.00,00:02:33
2919 Blanco Rd,8,8/25/25 6:20 AM,Martina Ovalle ,,Drive Thru,0.00,5.98,0.49,0.00,0.00,00:00:41
2919 Blanco Rd,10,8/25/25 6:26 AM,Martina Ovalle ,,Dining Room,0.00,2.79,0.23,2.00,0.00,00:00:59
2919 Blanco Rd,12,8/25/25 6:26 AM,Martina Ovalle ,,Drive Thru,0.00,5.97,0.49,0.00,0.00,00:01:50
2919 Blanco Rd,13,8/25/25 6:27 AM,Martina Ovalle ,,Drive Thru,0.00,4.98,0.41,0.00,0.00,00:02:20
2919 Blanco Rd,9,8/25/25 6:25 AM,Sami Martinez ,,Dining Room,0.00,14.78,1.22,0.00,0.00,00:25:30
2919 Blanco Rd,6,8/25/25 6:16 AM,Martina Ovalle ,,Dining Room,0.00,7.96,0.66,0.00,0.00,00:19:11
2919 Blanco Rd,15,8/25/25 6:35 AM,Martina Ovalle ,,Dining Room,0.00,3.98,0.32,0.00,0.00,00:01:23
2919 Blanco Rd,16,8/25/25 6:35 AM,Martina Ovalle ,,Dining Room,0.00,9.27,0.77,0.00,0.00,00:09:28
2919 Blanco Rd,18,8/25/25 6:43 AM,AM CASHIER,,Dining Room,0.00,4.28,0.35,0.00,0.00,00:00:27
2919 Blanco Rd,19,8/25/25 6:50 AM,Sami Martinez ,12,Dining Room,0.00,9.74,0.81,5.00,0.00,00:36:35
2919 Blanco Rd,20,8/25/25 6:54 AM,Martina Ovalle ,,Drive Thru,0.00,5.97,0.49,0.00,0.00,00:00:22
2919 Blanco Rd,17,8/25/25 6:42 AM,Martina Ovalle ,,Dining Room,0.00,1.99,0.16,0.00,0.00,00:19:11
2919 Blanco Rd,21,8/25/25 7:00 AM,Martina Ovalle ,,Dining Room,0.00,12.54,1.03,0.00,0.00,00:07:04
2919 Blanco Rd,22,8/25/25 7:05 AM,Martina Ovalle ,,Dining Room,0.00,10.39,0.86,0.00,0.00,00:03:59
2919 Blanco Rd,23,8/25/25 7:05 AM,Martina Ovalle ,,Dining Room,0.00,13.38,1.10,0.00,0.00,00:06:04
2919 Blanco Rd,24,8/25/25 7:05 AM,AM CASHIER,,Dining Room,0.00,5.28,0.44,1.00,0.00,00:00:55
2919 Blanco Rd,27,8/25/25 7:10 AM,Martina Ovalle ,,Drive Thru,0.00,4.28,0.35,0.00,0.00,00:04:19
2919 Blanco Rd,25,8/25/25 7:06 AM,AM CASHIER,,Dining Room,0.00,3.98,0.33,0.00,0.00,00:19:35
2919 Blanco Rd,29,8/25/25 7:11 AM,Martina Ovalle ,,Dining Room,0.00,10.86,0.90,0.00,0.00,00:04:36
2919 Blanco Rd,31,8/25/25 7:14 AM,Martina Ovalle ,,Drive Thru,0.00,8.23,0.67,0.00,0.00,00:03:37
2919 Blanco Rd,32,8/25/25 7:16 AM,Martina Ovalle ,,Drive Thru,0.00,4.98,0.41,0.00,0.00,00:02:21
2919 Blanco Rd,33,8/25/25 7:19 AM,Martina Ovalle ,,Drive Thru,0.00,7.96,0.66,0.00,0.00,00:00:30
2919 Blanco Rd,26,8/25/25 7:06 AM,AM CASHIER,,Dining Room,0.00,13.01,1.07,0.00,0.00,00:17:13
2919 Blanco Rd,35,8/25/25 7:24 AM,AM CASHIER,,Dining Room,0.00,1.99,0.16,0.00,0.00,00:00:15
2919 Blanco Rd,36,8/25/25 7:25 AM,Martina Ovalle ,,Dining Room,0.00,7.49,0.62,0.00,0.00,00:02:37
2919 Blanco Rd,38,8/25/25 7:29 AM,AM CASHIER,,Dining Room,0.00,3.98,0.33,0.00,0.00,00:00:05
2919 Blanco Rd,30,8/25/25 7:12 AM,Martina Ovalle ,,Dining Room,0.00,4.28,0.35,1.00,0.00,00:20:54
2919 Blanco Rd,40,8/25/25 7:33 AM,AM CASHIER,,Dining Room,0.00,7.13,0.59,0.00,0.00,00:00:25
2919 Blanco Rd,41,8/25/25 7:34 AM,Martina Ovalle ,,Drive Thru,0.00,9.12,0.75,0.00,0.00,00:01:21
2919 Blanco Rd,42,8/25/25 7:35 AM,Martina Ovalle ,,Drive Thru,0.00,3.98,0.33,0.00,0.00,00:02:39
2919 Blanco Rd,43,8/25/25 7:37 AM,Martina Ovalle ,,Drive Thru,0.00,3.98,0.33,0.00,0.00,00:02:11
2919 Blanco Rd,44,8/25/25 7:39 AM,Martina Ovalle ,,Drive Thru,0.00,13.46,1.12,0.00,0.00,00:03:49
2919 Blanco Rd,45,8/25/25 7:39 AM,Martina Ovalle ,,Drive Thru,0.00,6.44,0.53,0.00,0.00,00:05:07
2919 Blanco Rd,47,8/25/25 7:42 AM,AM CASHIER,,Dining Room,0.00,4.73,0.39,0.00,0.00,00:00:53
2919 Blanco Rd,49,8/25/25 7:43 AM,Martina Ovalle ,,Drive Thru,0.00,7.93,0.65,0.00,0.00,00:02:37
2919 Blanco Rd,48,8/25/25 7:43 AM,AM CASHIER,,Dining Room,0.00,1.99,0.16,0.00,0.00,00:02:07
2919 Blanco Rd,50,8/25/25 7:44 AM,Martina Ovalle ,,Drive Thru,0.00,8.43,0.69,0.00,0.00,00:03:12
2919 Blanco Rd,51,8/25/25 7:48 AM,AM CASHIER,,Dining Room,0.00,1.99,0.16,0.00,0.00,00:00:27
2919 Blanco Rd,52,8/25/25 7:49 AM,AM CASHIER,,Dining Room,0.00,2.29,0.19,0.00,0.00,00:00:17
2919 Blanco Rd,53,8/25/25 7:50 AM,Martina Ovalle ,,Dining Room,0.00,7.43,0.61,0.00,0.00,00:02:39
2919 Blanco Rd,39,8/25/25 7:32 AM,Martina Ovalle ,,Dining Room,0.00,8.46,0.70,2.00,0.00,00:22:08
2919 Blanco Rd,55,8/25/25 7:51 AM,Martina Ovalle ,,Dining Room,0.00,7.03,0.58,0.00,0.00,00:05:50
2919 Blanco Rd,58,8/25/25 7:54 AM,AM CASHIER,,Dining Room,0.00,4.98,0.41,0.00,0.00,00:01:32
2919 Blanco Rd,59,8/25/25 7:54 AM,AM CASHIER,,Dining Room,0.00,24.95,2.06,3.00,0.00,00:10:59
2919 Blanco Rd,60,8/25/25 7:55 AM,AM CASHIER,,Dining Room,0.00,8.28,0.67,0.00,0.00,00:00:30
2919 Blanco Rd,62,8/25/25 7:56 AM,Martina Ovalle ,,Dining Room,0.00,4.28,0.35,0.00,0.00,00:02:14
2919 Blanco Rd,63,8/25/25 7:56 AM,AM CASHIER,,Dining Room,0.00,1.99,0.16,0.00,0.00,00:00:15
2919 Blanco Rd,64,8/25/25 7:57 AM,AM CASHIER,,Dining Room,0.00,5.97,0.49,0.00,0.00,00:00:45
2919 Blanco Rd,65,8/25/25 7:58 AM,Martina Ovalle ,,Drive Thru,0.00,9.43,0.77,0.00,0.00,00:01:56
2919 Blanco Rd,66,8/25/25 7:59 AM,Martina Ovalle ,,Drive Thru,0.00,5.00,0.41,0.00,0.00,00:01:33
2919 Blanco Rd,67,8/25/25 8:00 AM,Martina Ovalle ,,Drive Thru,0.00,5.97,0.49,0.00,0.00,00:01:50
2919 Blanco Rd,69,8/25/25 8:01 AM,Martina Ovalle ,,Drive Thru,0.00,5.97,0.49,0.00,0.00,00:02:32
2919 Blanco Rd,68,8/25/25 8:01 AM,Sami Martinez ,15,Dining Room,0.00,6.73,0.55,0.00,0.00,00:20:47
2919 Blanco Rd,70,8/25/25 8:03 AM,Martina Ovalle ,,Dining Room,0.00,1.99,0.16,0.00,0.00,00:01:08
2919 Blanco Rd,72,8/25/25 8:04 AM,Martina Ovalle ,,Drive Thru,0.00,2.25,0.19,0.00,0.00,00:03:23
2919 Blanco Rd,74,8/25/25 8:06 AM,AM CASHIER,,Dining Room,0.00,1.99,0.16,0.00,0.00,00:00:20
2919 Blanco Rd,76,8/25/25 8:06 AM,Martina Ovalle ,,Drive Thru,0.00,8.46,0.70,0.00,0.00,00:02:11
2919 Blanco Rd,77,8/25/25 8:07 AM,Martina Ovalle ,,Drive Thru,0.00,3.74,0.31,0.00,0.00,00:02:29
2919 Blanco Rd,75,8/25/25 8:06 AM,AM CASHIER,,Dining Room,0.00,1.99,0.16,0.00,0.00,00:04:21
2919 Blanco Rd,78,8/25/25 8:09 AM,Martina Ovalle ,,Drive Thru,0.00,7.23,0.60,1.00,0.00,00:01:39
2919 Blanco Rd,81,8/25/25 8:11 AM,Martina Ovalle ,,Drive Thru,0.00,6.87,0.57,0.00,0.00,00:00:13
2919 Blanco Rd,80,8/25/25 8:11 AM,AM CASHIER,,Dining Room,0.00,3.45,0.28,0.00,0.00,00:00:30
2919 Blanco Rd,73,8/25/25 8:05 AM,Sami Martinez ,1,Dining Room,0.00,42.85,3.53,5.00,0.00,00:31:10
2919 Blanco Rd,82,8/25/25 8:16 AM,samantha lopez,,Drive Thru,0.00,1.99,0.16,0.00,0.00,00:01:56
2919 Blanco Rd,83,8/25/25 8:18 AM,samantha lopez,,Drive Thru,0.00,3.98,0.32,1.00,0.00,00:00:53
2919 Blanco Rd,84,8/25/25 8:19 AM,samantha lopez,,Drive Thru,0.00,1.99,0.16,0.00,0.00,00:00:56
2919 Blanco Rd,85,8/25/25 8:20 AM,samantha lopez,,Drive Thru,0.00,5.97,0.49,0.00,0.00,00:09:48
2919 Blanco Rd,87,8/25/25 8:21 AM,AM CASHIER,,Dining Room,0.00,12.82,1.05,0.00,0.00,00:09:57
2919 Blanco Rd,86,8/25/25 8:20 AM,samantha lopez,,Drive Thru,0.00,16.96,1.40,0.00,0.00,00:03:34
2919 Blanco Rd,88,8/25/25 8:23 AM,samantha lopez,,Drive Thru,0.00,1.99,0.16,0.00,0.00,00:02:42
2919 Blanco Rd,89,8/25/25 8:24 AM,AM CASHIER,,Dining Room,2.09,4.89,0.40,0.00,0.00,04:17:50
2919 Blanco Rd,90,8/25/25 8:24 AM,AM CASHIER,,Dining Room,0.00,4.48,0.37,0.00,0.00,00:04:51
2919 Blanco Rd,91,8/25/25 8:24 AM,AM CASHIER,,Dining Room,0.00,12.87,1.06,0.00,0.00,00:10:38
2919 Blanco Rd,94,8/25/25 8:30 AM,samantha lopez,,Drive Thru,0.00,10.97,0.90,2.00,0.00,00:00:54
2919 Blanco Rd,95,8/25/25 8:31 AM,samantha lopez,,Drive Thru,0.00,4.28,0.35,0.00,0.00,00:01:46
2919 Blanco Rd,96,8/25/25 8:31 AM,AM CASHIER,,Dining Room,0.00,11.35,0.93,0.00,0.00,00:00:20
2919 Blanco Rd,93,8/25/25 8:30 AM,Sami Martinez ,6,Dining Room,0.00,7.53,0.63,0.00,0.00,00:18:09
2919 Blanco Rd,97,8/25/25 8:33 AM,samantha lopez,,Drive Thru,0.00,6.38,0.52,1.00,0.00,00:00:39
2919 Blanco Rd,98,8/25/25 8:33 AM,AM CASHIER,,Dining Room,0.00,5.97,0.49,0.00,0.00,00:00:13
2919 Blanco Rd,102,8/25/25 8:37 AM,samantha lopez,,Dining Room,0.00,1.99,0.16,0.00,0.00,00:01:37
2919 Blanco Rd,103,8/25/25 8:38 AM,samantha lopez,,Dining Room,0.00,15.12,1.25,0.00,0.00,00:05:33
2919 Blanco Rd,105,8/25/25 8:39 AM,AM CASHIER,,Dining Room,0.00,9.88,0.81,0.00,0.00,00:00:51
2919 Blanco Rd,107,8/25/25 8:42 AM,Martina Ovalle ,4,Dining Room,0.00,63.18,5.22,12.00,0.00,01:57:08
2919 Blanco Rd,109,8/25/25 8:44 AM,samantha lopez,,Drive Thru,0.00,14.35,1.18,0.00,0.00,00:15:23
2919 Blanco Rd,110,8/25/25 8:47 AM,samantha lopez,,Drive Thru,0.00,7.23,0.60,1.00,0.00,00:03:18
2919 Blanco Rd,112,8/25/25 8:48 AM,samantha lopez,,Drive Thru,0.00,10.17,0.83,0.00,0.00,00:03:38
2919 Blanco Rd,113,8/25/25 8:48 AM,samantha lopez,,Drive Thru,0.00,22.69,1.87,0.00,0.00,00:04:18
2919 Blanco Rd,116,8/25/25 8:54 AM,Martina Ovalle ,5,Dining Room,0.00,6.99,0.58,0.00,0.00,00:18:44
2919 Blanco Rd,115,8/25/25 8:53 AM,Martina Ovalle ,2,Dining Room,0.00,33.24,2.73,0.00,0.00,04:10:53
2919 Blanco Rd,117,8/25/25 8:58 AM,samantha lopez,,Dining Room,0.00,5.98,0.49,1.00,0.00,00:01:36
2919 Blanco Rd,118,8/25/25 8:58 AM,samantha lopez,,Dining Room,0.00,6.23,0.52,0.00,0.00,00:03:23
2919 Blanco Rd,120,8/25/25 9:04 AM,samantha lopez,,Dining Room,0.00,27.03,2.23,0.00,0.00,00:03:35
2919 Blanco Rd,121,8/25/25 9:06 AM,Sami Martinez ,1,Dining Room,0.00,55.54,4.59,6.00,0.00,01:06:35
2919 Blanco Rd,122,8/25/25 9:09 AM,samantha lopez,,Drive Thru,0.00,18.85,1.54,0.00,0.00,00:04:10
2919 Blanco Rd,124,8/25/25 9:14 AM,samantha lopez,,Dining Room,0.00,23.88,1.97,0.00,0.00,00:02:17
2919 Blanco Rd,126,8/25/25 9:20 AM,samantha lopez,,Dining Room,0.00,7.43,0.61,0.00,0.00,00:01:37
2919 Blanco Rd,127,8/25/25 9:21 AM,samantha lopez,,Dining Room,0.00,8.56,0.71,0.00,0.00,00:01:46
2919 Blanco Rd,128,8/25/25 9:22 AM,AM CASHIER,,Dining Room,0.00,8.78,0.72,0.00,0.00,00:00:11
2919 Blanco Rd,130,8/25/25 9:23 AM,samantha lopez,,Drive Thru,0.00,22.61,1.86,2.00,0.00,00:58:54
2919 Blanco Rd,133,8/25/25 9:26 AM,Martina Ovalle ,6,Dining Room,0.00,19.53,1.61,0.00,0.00,00:34:18
2919 Blanco Rd,134,8/25/25 9:32 AM,samantha lopez,,Dining Room,0.00,9.83,0.80,0.00,0.00,00:01:29
2919 Blanco Rd,138,8/25/25 9:38 AM,samantha lopez,,Dining Room,0.00,23.96,1.98,0.00,0.00,00:01:59
2919 Blanco Rd,139,8/25/25 9:38 AM,samantha lopez,,Dining Room,0.00,8.77,0.72,0.00,0.00,00:05:09
2919 Blanco Rd,141,8/25/25 9:39 AM,Sami Martinez ,3,Dining Room,0.00,17.73,1.47,0.00,0.00,00:50:38
2919 Blanco Rd,140,8/25/25 9:38 AM,samantha lopez,,Dining Room,0.00,5.48,0.45,0.00,0.00,00:09:38
2919 Blanco Rd,143,8/25/25 9:45 AM,Sami Martinez ,19,Dining Room,0.00,19.48,1.62,0.00,0.00,00:44:55
2919 Blanco Rd,144,8/25/25 9:46 AM,samantha lopez,,Dining Room,0.00,9.96,0.82,4.00,0.00,00:07:20
2919 Blanco Rd,145,8/25/25 9:51 AM,samantha lopez,,Dining Room,0.00,11.25,0.93,0.00,0.00,00:03:56
2919 Blanco Rd,146,8/25/25 9:54 AM,samantha lopez,,Dining Room,0.00,5.97,0.49,0.00,0.00,00:04:26
2919 Blanco Rd,147,8/25/25 9:58 AM,samantha lopez,,Drive Thru,0.00,10.25,0.85,0.00,0.00,00:01:32
2919 Blanco Rd,137,8/25/25 9:37 AM,AM CASHIER,,Dining Room,0.00,4.98,0.41,0.00,0.00,00:32:01
2919 Blanco Rd,150,8/25/25 10:02 AM,samantha lopez,,Dining Room,0.00,1.99,0.16,0.00,0.00,00:02:17
2919 Blanco Rd,151,8/25/25 10:08 AM,samantha lopez,,Drive Thru,0.00,11.99,0.99,0.00,0.00,00:00:50
2919 Blanco Rd,152,8/25/25 10:10 AM,samantha lopez,,Drive Thru,0.00,10.95,0.90,0.00,0.00,00:03:02
2919 Blanco Rd,155,8/25/25 10:12 AM,samantha lopez,,Dining Room,0.00,16.95,1.39,0.00,0.00,00:01:49
2919 Blanco Rd,157,8/25/25 10:14 AM,samantha lopez,,Drive Thru,0.00,7.47,0.62,0.00,0.00,00:01:16
2919 Blanco Rd,158,8/25/25 10:17 AM,samantha lopez,,Drive Thru,0.00,11.89,0.98,0.00,0.00,00:03:00
2919 Blanco Rd,159,8/25/25 10:21 AM,samantha lopez,,Drive Thru,0.00,3.98,0.32,0.00,0.00,00:01:26
2919 Blanco Rd,160,8/25/25 10:22 AM,samantha lopez,,Drive Thru,0.00,22.91,1.89,0.00,0.00,00:01:28
2919 Blanco Rd,162,8/25/25 10:26 AM,samantha lopez,,Dining Room,0.00,34.94,2.87,0.00,0.00,00:11:48
2919 Blanco Rd,156,8/25/25 10:13 AM,AM CASHIER,,Dining Room,0.00,10.13,0.83,0.00,0.00,00:16:17
2919 Blanco Rd,163,8/25/25 10:30 AM,samantha lopez,,Dining Room,0.00,3.98,0.33,0.00,0.00,00:01:37
2919 Blanco Rd,166,8/25/25 10:33 AM,samantha lopez,,Dining Room,0.00,8.43,0.69,0.00,0.00,00:03:44
2919 Blanco Rd,165,8/25/25 10:32 AM,Sami Martinez ,6,Dining Room,0.00,30.08,2.47,0.00,0.00,00:25:47
2919 Blanco Rd,164,8/25/25 10:30 AM,samantha lopez,,Dining Room,0.00,26.44,2.17,0.00,0.00,00:14:51
2919 Blanco Rd,169,8/25/25 10:43 AM,samantha lopez,,Dining Room,0.00,12.38,1.02,0.00,0.00,00:05:18
2919 Blanco Rd,171,8/25/25 10:44 AM,AM CASHIER,,Dining Room,0.00,16.18,1.33,0.00,0.00,00:00:37
2919 Blanco Rd,173,8/25/25 10:48 AM,samantha lopez,,Drive Thru,0.00,23.42,1.93,0.00,0.00,00:02:04
2919 Blanco Rd,174,8/25/25 10:50 AM,samantha lopez,,Drive Thru,0.00,12.65,1.04,0.00,0.00,00:02:16
2919 Blanco Rd,175,8/25/25 10:51 AM,samantha lopez,,Drive Thru,0.00,17.36,1.42,1.00,0.00,00:03:11
2919 Blanco Rd,176,8/25/25 10:54 AM,samantha lopez,,Drive Thru,0.00,3.99,0.33,0.00,0.00,00:02:52
2919 Blanco Rd,178,8/25/25 11:04 AM,Martina Ovalle ,11,Dining Room,0.00,16.19,1.34,0.00,0.00,00:17:20
2919 Blanco Rd,179,8/25/25 11:06 AM,samantha lopez,,Dining Room,0.00,12.99,1.07,0.00,0.00,00:02:13
2919 Blanco Rd,180,8/25/25 11:07 AM,samantha lopez,,Dining Room,0.00,34.34,2.84,0.00,0.00,00:02:55
2919 Blanco Rd,181,8/25/25 11:10 AM,samantha lopez,,Drive Thru,0.00,13.94,1.14,0.00,0.00,00:02:59
2919 Blanco Rd,183,8/25/25 11:11 AM,Sami Martinez ,17,Dining Room,0.00,8.03,0.67,0.00,0.00,00:17:13
2919 Blanco Rd,184,8/25/25 11:12 AM,samantha lopez,,Dining Room,0.00,3.98,0.33,2.00,0.00,00:06:28
2919 Blanco Rd,186,8/25/25 11:13 AM,samantha lopez,,Drive Thru,0.00,7.93,0.65,1.00,0.00,00:01:19
2919 Blanco Rd,188,8/25/25 11:14 AM,Martina Ovalle ,20,Dining Room,0.00,27.98,2.31,3.00,0.00,00:32:16
2919 Blanco Rd,189,8/25/25 11:15 AM,samantha lopez,,Drive Thru,0.00,6.98,0.58,0.00,0.00,00:01:57
2919 Blanco Rd,190,8/25/25 11:17 AM,samantha lopez,,Drive Thru,0.00,3.45,0.28,0.00,0.00,00:00:06
2919 Blanco Rd,192,8/25/25 11:19 AM,samantha lopez,,Drive Thru,0.00,9.77,0.81,0.00,0.00,00:00:32
2919 Blanco Rd,193,8/25/25 11:19 AM,samantha lopez,,Drive Thru,0.00,5.94,0.49,0.00,0.00,00:07:15
2919 Blanco Rd,194,8/25/25 11:24 AM,AM CASHIER,,Drive Thru,0.00,30.27,2.50,0.00,0.00,00:11:59
2919 Blanco Rd,196,8/25/25 11:26 AM,Sami Martinez ,8,Dining Room,6.00,26.33,2.17,0.00,0.00,00:36:39
2919 Blanco Rd,198,8/25/25 11:30 AM,samantha lopez,,Dining Room,0.00,14.62,1.20,2.00,0.00,00:05:55
2919 Blanco Rd,199,8/25/25 11:32 AM,AM CASHIER,,Dining Room,0.00,9.95,0.82,0.00,0.00,00:00:31
2919 Blanco Rd,201,8/25/25 11:34 AM,Martina Ovalle ,18,Dining Room,0.00,10.74,0.89,0.00,0.00,00:29:15
2919 Blanco Rd,200,8/25/25 11:33 AM,AM CASHIER,,Dining Room,0.00,15.38,1.27,0.00,0.00,00:02:15
2919 Blanco Rd,202,8/25/25 11:40 AM,samantha lopez,,Drive Thru,0.00,14.96,1.23,0.00,0.00,00:03:57
2919 Blanco Rd,203,8/25/25 11:41 AM,samantha lopez,,Drive Thru,0.00,3.98,0.33,0.00,0.00,00:04:09
2919 Blanco Rd,204,8/25/25 11:41 AM,samantha lopez,,Drive Thru,0.00,45.78,3.77,0.00,0.00,00:08:23
2919 Blanco Rd,205,8/25/25 11:46 AM,Sami Martinez ,5,Dining Room,0.00,5.79,0.47,0.00,0.00,00:30:06
2919 Blanco Rd,206,8/25/25 11:48 AM,samantha lopez,,Drive Thru,0.00,16.83,1.39,0.00,0.00,00:07:10
2919 Blanco Rd,208,8/25/25 11:50 AM,AM CASHIER,,Drive Thru,0.00,20.93,1.73,0.00,0.00,00:13:59
2919 Blanco Rd,209,8/25/25 11:51 AM,Martina Ovalle ,7,Dining Room,0.00,25.98,2.14,0.00,0.00,00:39:06
2919 Blanco Rd,207,8/25/25 11:49 AM,Sami Martinez ,3,Dining Room,0.00,30.21,2.50,0.00,0.00,00:38:40
2919 Blanco Rd,210,8/25/25 11:54 AM,samantha lopez,,Drive Thru,0.00,3.98,0.32,0.00,0.00,00:01:42
2919 Blanco Rd,211,8/25/25 11:59 AM,Martina Ovalle ,20,Dining Room,0.00,24.97,2.06,0.00,0.00,00:42:10
2919 Blanco Rd,212,8/25/25 12:01 PM,Sami Martinez ,25,Dining Room,0.00,13.44,1.11,2.00,0.00,00:33:37
2919 Blanco Rd,213,8/25/25 12:06 PM,samantha lopez,,Dining Room,0.00,27.97,2.31,0.00,0.00,00:04:23
2919 Blanco Rd,214,8/25/25 12:07 PM,samantha lopez,,Dining Room,0.00,6.97,0.58,0.00,0.00,00:06:10
2919 Blanco Rd,215,8/25/25 12:07 PM,samantha lopez,,Dining Room,0.00,17.44,1.43,0.00,0.00,00:06:42
2919 Blanco Rd,218,8/25/25 12:13 PM,Martina Ovalle ,6,Dining Room,0.00,32.83,2.70,0.00,0.00,00:24:05
2919 Blanco Rd,217,8/25/25 12:13 PM,samantha lopez,,Drive Thru,0.00,3.98,0.32,0.00,0.00,00:03:16
2919 Blanco Rd,221,8/25/25 12:28 PM,Sami Martinez ,12,Dining Room,0.00,10.49,0.87,2.00,0.00,00:26:09
2919 Blanco Rd,219,8/25/25 12:18 PM,samantha lopez,,Drive Thru,0.00,30.46,2.52,2.00,0.00,00:15:12
2919 Blanco Rd,223,8/25/25 12:32 PM,Martina Ovalle ,4,Dining Room,0.00,14.99,1.24,0.00,0.00,00:33:29
2919 Blanco Rd,224,8/25/25 12:32 PM,samantha lopez,,Dining Room,0.00,12.37,1.02,0.00,0.00,00:03:56
2919 Blanco Rd,225,8/25/25 12:33 PM,samantha lopez,,Drive Thru,0.00,21.68,1.79,0.81,0.00,01:21:40
2919 Blanco Rd,228,8/25/25 12:52 PM,samantha lopez,,Dining Room,0.00,54.70,4.50,0.00,0.00,00:30:08
2919 Blanco Rd,229,8/25/25 12:56 PM,Sami Martinez ,6,Dining Room,0.00,7.03,0.58,2.00,0.00,00:42:50
2919 Blanco Rd,230,8/25/25 12:56 PM,samantha lopez,,Dining Room,0.00,12.90,1.06,0.00,0.00,00:01:24
2919 Blanco Rd,231,8/25/25 12:59 PM,samantha lopez,,Dining Room,0.00,12.46,1.03,2.00,0.00,00:01:06
2919 Blanco Rd,233,8/25/25 1:11 PM,Sami Martinez ,19,Dining Room,0.00,16.79,1.38,0.00,0.00,00:23:32
2919 Blanco Rd,234,8/25/25 1:13 PM,samantha lopez,,Dining Room,0.00,7.96,0.65,0.00,0.00,00:04:27
2919 Blanco Rd,232,8/25/25 1:01 PM,samantha lopez,,Drive Thru,0.00,25.12,2.07,0.00,0.00,00:18:33
2919 Blanco Rd,236,8/25/25 1:23 PM,samantha lopez,,Drive Thru,0.00,8.97,0.74,0.00,0.00,00:00:56
2919 Blanco Rd,237,8/25/25 1:26 PM,samantha lopez,,Drive Thru,0.00,27.07,2.23,0.00,0.00,00:05:54
2919 Blanco Rd,240,8/25/25 1:28 PM,Sami Martinez ,,Dining Room,0.00,10.98,0.91,0.00,0.00,00:28:07
2919 Blanco Rd,239,8/25/25 1:28 PM,Sami Martinez ,17,Dining Room,0.00,56.89,4.69,0.00,0.00,00:50:46
2919 Blanco Rd,242,8/25/25 1:33 PM,samantha lopez,,Drive Thru,0.00,12.99,1.07,0.00,0.00,00:00:51
2919 Blanco Rd,244,8/25/25 1:59 PM,samantha lopez,,Dining Room,0.00,24.98,2.06,0.00,0.00,00:05:39
2919 Blanco Rd,245,8/25/25 2:01 PM,Sami Martinez ,5,Dining Room,0.00,33.96,2.78,2.00,0.00,00:42:23
2919 Blanco Rd,247,8/25/25 2:09 PM,Sami Martinez ,3,Dining Room,0.00,49.36,4.05,0.00,0.00,00:25:40
2919 Blanco Rd,248,8/25/25 2:17 PM,samantha lopez,,Drive Thru,0.00,5.99,0.49,0.00,0.00,00:00:16
2919 Blanco Rd,250,8/25/25 2:19 PM,samantha lopez,,Dining Room,0.00,7.27,0.60,0.00,0.00,00:02:37
2919 Blanco Rd,251,8/25/25 2:19 PM,samantha lopez,,Dining Room,0.00,18.98,1.56,0.00,0.00,00:04:24
2919 Blanco Rd,252,8/25/25 2:24 PM,Sami Martinez ,10,Dining Room,0.00,15.68,1.29,0.00,0.00,00:47:18
2919 Blanco Rd,253,8/25/25 2:31 PM,samantha lopez,,Dining Room,0.00,10.38,0.86,0.00,0.00,00:04:22
2919 Blanco Rd,254,8/25/25 2:32 PM,samantha lopez,,Dining Room,0.00,4.99,0.41,0.00,0.00,00:04:51
2919 Blanco Rd,255,8/25/25 2:36 PM,Sami Martinez ,19,Dining Room,0.00,27.82,2.30,0.00,0.00,00:25:12
2919 Blanco Rd,256,8/25/25 2:38 PM,samantha lopez,,Dining Room,0.00,12.99,1.07,0.00,0.00,00:11:00
2919 Blanco Rd,257,8/25/25 2:40 PM,samantha lopez,,Dining Room,0.00,16.89,1.39,5.00,0.00,00:05:30
2919 Blanco Rd,258,8/25/25 2:42 PM,samantha lopez,,Dining Room,0.00,18.98,1.56,3.00,0.00,00:06:00
2919 Blanco Rd,260,8/25/25 2:42 PM,Sami Martinez ,,Dining Room,0.00,0.00,0.00,0.00,0.00,00:00:07
2919 Blanco Rd,262,8/25/25 2:42 PM,AM CASHIER,,Dining Room,0.00,2.69,0.22,0.00,0.00,00:00:07
2919 Blanco Rd,269,8/25/25 3:03 PM,Sami Martinez ,1,Dining Room,0.00,39.41,3.26,0.00,0.00,01:01:51
2919 Blanco Rd,270,8/25/25 3:12 PM,samantha lopez,,Dining Room,0.00,30.59,2.53,0.00,0.00,00:02:40
2919 Blanco Rd,271,8/25/25 3:22 PM,Sami Martinez ,5,Dining Room,0.00,11.78,0.96,0.00,0.00,01:04:00
2919 Blanco Rd,272,8/25/25 3:26 PM,samantha lopez,,Dining Room,0.00,8.78,0.72,0.00,0.00,00:00:55
2919 Blanco Rd,274,8/25/25 3:32 PM,samantha lopez,,Dining Room,0.00,7.96,0.66,5.00,0.00,00:01:42
2919 Blanco Rd,275,8/25/25 3:32 PM,samantha lopez,,Dining Room,0.00,5.74,0.47,0.00,0.00,00:09:18
2919 Blanco Rd,276,8/25/25 3:42 PM,samantha lopez,,Drive Thru,0.00,11.68,0.96,0.00,0.00,00:04:49
2919 Blanco Rd,277,8/25/25 3:45 PM,samantha lopez,,Drive Thru,0.00,3.98,0.33,0.00,0.00,00:02:27
2919 Blanco Rd,278,8/25/25 3:56 PM,samantha lopez,,Dining Room,0.00,23.40,1.93,0.00,0.00,00:01:48
2919 Blanco Rd,280,8/25/25 4:12 PM,AM CASHIER,,Dining Room,0.00,5.50,0.45,0.00,0.00,00:00:44
2919 Blanco Rd,282,8/25/25 4:18 PM,samantha lopez,,Dining Room,0.00,16.65,1.37,0.00,0.00,00:02:00
2919 Blanco Rd,284,8/25/25 4:22 PM,Sami Martinez ,25,Dining Room,0.00,6.69,0.54,0.00,0.00,00:45:43
2919 Blanco Rd,285,8/25/25 4:23 PM,Sami Martinez ,7,Dining Room,0.00,30.36,2.50,0.00,0.00,00:30:10
2919 Blanco Rd,286,8/25/25 4:28 PM,AM CASHIER,,Dining Room,0.00,2.99,0.25,0.00,0.00,00:02:47
2919 Blanco Rd,288,8/25/25 4:31 PM,samantha lopez,,Dining Room,0.00,3.98,0.33,0.00,0.00,00:01:15
2919 Blanco Rd,287,8/25/25 4:31 PM,AM CASHIER,,Dining Room,0.00,18.88,1.54,0.00,0.00,00:10:27
2919 Blanco Rd,292,8/25/25 4:46 PM,samantha lopez,,Dining Room,0.00,14.76,1.21,0.00,0.00,00:02:02
2919 Blanco Rd,293,8/25/25 4:49 PM,Sami Martinez ,13,Dining Room,0.00,9.78,0.80,2.00,0.00,00:41:11
2919 Blanco Rd,294,8/25/25 4:54 PM,AM CASHIER,,Dining Room,0.00,12.38,1.02,0.00,0.00,00:00:37
2919 Blanco Rd,296,8/25/25 5:00 PM,samantha lopez,,Dining Room,0.00,5.77,0.47,0.00,0.00,00:02:58
2919 Blanco Rd,297,8/25/25 5:04 PM,Sami Martinez ,6,Dining Room,0.00,26.98,2.23,4.00,0.00,00:37:29
2919 Blanco Rd,298,8/25/25 5:06 PM,samantha lopez,,Drive Thru,0.00,6.99,0.58,1.00,0.00,00:00:21
2919 Blanco Rd,300,8/25/25 5:08 PM,samantha lopez,,Dining Room,0.00,10.99,0.91,0.00,0.00,00:02:40
2919 Blanco Rd,301,8/25/25 5:12 PM,Sami Martinez ,15,Dining Room,0.00,34.58,2.84,0.00,0.00,01:51:20
2919 Blanco Rd,302,8/25/25 5:13 PM,samantha lopez,,Drive Thru,0.00,22.41,1.85,1.00,0.00,00:02:24
2919 Blanco Rd,303,8/25/25 5:16 PM,samantha lopez,,Drive Thru,0.00,9.99,0.82,0.00,0.00,00:08:34
2919 Blanco Rd,306,8/25/25 5:21 PM,samantha lopez,,Dining Room,0.00,3.98,0.33,0.00,0.00,00:03:31
2919 Blanco Rd,307,8/25/25 5:23 PM,samantha lopez,,Drive Thru,0.00,17.96,1.47,0.00,0.00,00:05:43
2919 Blanco Rd,309,8/25/25 5:32 PM,samantha lopez,,Dining Room,0.00,23.61,1.95,0.00,0.00,00:02:57
2919 Blanco Rd,310,8/25/25 5:35 PM,samantha lopez,,Drive Thru,0.00,15.98,1.32,2.00,0.00,00:19:16
2919 Blanco Rd,312,8/25/25 5:56 PM,samantha lopez,,Drive Thru,0.00,30.96,2.55,0.00,0.00,00:03:51
2919 Blanco Rd,313,8/25/25 5:57 PM,samantha lopez,,Drive Thru,0.00,18.46,1.53,0.00,0.00,00:09:35
2919 Blanco Rd,315,8/25/25 6:05 PM,Sami Martinez ,8,Dining Room,0.00,27.58,2.26,0.00,0.00,00:35:50
2919 Blanco Rd,314,8/25/25 6:02 PM,samantha lopez,,Drive Thru,0.00,10.34,0.85,0.00,0.00,00:40:26
2919 Blanco Rd,318,8/25/25 6:49 PM,samantha lopez,13,Dining Room,0.00,29.71,2.45,3.00,0.00,01:14:29
2919 Blanco Rd,320,8/25/25 7:13 PM,Sami Martinez ,1,Dining Room,0.00,16.79,1.38,0.00,0.00,00:18:37
2919 Blanco Rd,323,8/25/25 8:00 PM,samantha lopez,,Dining Room,0.00,0.00,0.00,0.00,0.00,00:00:15
