Location,Server,Check #,Table,Station,Expediter Level,Fired Date,Fulfilled Date,Fulfillment Time,Fulfilled By
Tink-a-Tako - Potranco,Ivana Abundiz,1,,Lobby,,10/29/25 6:28 AM,10/29/25 6:31 AM,2 minutes and 47 seconds,Mayra Luna
Tink-a-Tako - Potranco,Ivana Abundiz,2,,Lobby,,10/29/25 6:29 AM,10/29/25 6:32 AM,3 minutes and 51 seconds,Mayra Luna
Tink-a-Tako - Potranco,Ivana Abundiz,3,,Lobby,,10/29/25 6:29 AM,10/29/25 6:35 AM,5 minutes and 35 seconds,Mayra Luna
Tink-a-Tako - Potranco,Ivana Abundiz,4,,Lobby,,10/29/25 6:38 AM,10/29/25 6:40 AM,1 minute and 13 seconds,Mayra Luna
Tink-a-Tako - Potranco,Ivana Abundiz,5,,Lobby,,10/29/25 6:39 AM,10/29/25 6:43 AM,3 minutes and 30 seconds,Mayra Luna
Tink-a-Tako - Potranco,Ivana Abundiz,6,,Lobby,,10/29/25 6:42 AM,10/29/25 6:45 AM,2 minutes and 10 seconds,Mayra Luna
Tink-a-Tako - Potranco,Ivana Abundiz,8,,Lobby,,10/29/25 6:43 AM,10/29/25 6:45 AM,1 minute and 33 seconds,Mayra Luna
Tink-a-Tako - Potranco,Ivana Abundiz,9,,Lobby,,10/29/25 6:44 AM,10/29/25 6:46 AM,1 minute and 56 seconds,Mayra Luna
Tink-a-Tako - Potranco,Ivana Abundiz,7,,Lobby,,10/29/25 6:43 AM,10/29/25 6:47 AM,3 minutes and 47 seconds,Mayra Luna
Tink-a-Tako - Potranco,Ivana Abundiz,7,,Prep,,10/29/25 6:43 AM,10/29/25 6:47 AM,3 minutes and 47 seconds,Mayra Luna
Tink-a-Tako - Potranco,Ivana Abundiz,10,,Lobby,,10/29/25 6:46 AM,10/29/25 6:49 AM,3 minutes,Mayra Luna
Tink-a-Tako - Potranco,Ivana Abundiz,11,,Lobby,,10/29/25 6:52 AM,10/29/25 6:55 AM,3 minutes and 18 seconds,Mayra Luna
Tink-a-Tako - Potranco,Ivana Abundiz,11,,Lobby,,10/29/25 6:54 AM,10/29/25 6:57 AM,2 minutes and 46 seconds,Mayra Luna
Tink-a-Tako - Potranco,Norma Vasquez,13,,Lobby,,10/29/25 6:55 AM,10/29/25 6:58 AM,2 minutes and 57 seconds,Mayra Luna
Tink-a-Tako - Potranco,Ivana Abundiz,15,,Lobby,,10/29/25 6:58 AM,10/29/25 7:00 AM,1 minute and 51 seconds,Mayra Luna
Tink-a-Tako - Potranco,Ivana Abundiz,16,,Lobby,,10/29/25 6:59 AM,10/29/25 7:01 AM,2 minutes and 3 seconds,Mayra Luna
Tink-a-Tako - Potranco,Ivana Abundiz,16,,Prep,,10/29/25 6:59 AM,10/29/25 7:01 AM,2 minutes and 3 seconds,Mayra Luna
Tink-a-Tako - Potranco,Ivana Abundiz,18,,Lobby,,10/29/25 7:09 AM,10/29/25 7:10 AM,50 seconds,Mayra Luna
Tink-a-Tako - Potranco,Ivana Abundiz,17,,Lobby,,10/29/25 7:07 AM,10/29/25 7:10 AM,2 minutes and 19 seconds,Mayra Luna
Tink-a-Tako - Potranco,Ivana Abundiz,19,,Lobby,,10/29/25 7:12 AM,10/29/25 7:15 AM,3 minutes and 10 seconds,Mayra Luna
Tink-a-Tako - Potranco,Ivana Abundiz,19,,Prep,,10/29/25 7:12 AM,10/29/25 7:15 AM,3 minutes and 10 seconds,Mayra Luna
Tink-a-Tako - Potranco,Ivana Abundiz,20,,Lobby,,10/29/25 7:16 AM,10/29/25 7:17 AM,1 minute and 32 seconds,Mayra Luna
Tink-a-Tako - Potranco,Ivana Abundiz,21,,Lobby,,10/29/25 7:18 AM,10/29/25 7:21 AM,2 minutes and 45 seconds,Mayra Luna
Tink-a-Tako - Potranco,Ivana Abundiz,22,,Lobby,,10/29/25 7:24 AM,10/29/25 7:25 AM,1 minute and 43 seconds,Mayra Luna
Tink-a-Tako - Potranco,Ivana Abundiz,22,,Prep,,10/29/25 7:24 AM,10/29/25 7:25 AM,1 minute and 43 seconds,Mayra Luna
Tink-a-Tako - Potranco,Ivana Abundiz,24,,Lobby,,10/29/25 7:24 AM,10/29/25 7:26 AM,1 minute and 53 seconds,Mayra Luna
Tink-a-Tako - Potranco,Ivana Abundiz,23,,Lobby,,10/29/25 7:24 AM,10/29/25 7:28 AM,3 minutes and 51 seconds,Mayra Luna
Tink-a-Tako - Potranco,Ivana Abundiz,26,,Lobby,,10/29/25 7:30 AM,10/29/25 7:30 AM,33 seconds,Mayra Luna
Tink-a-Tako - Potranco,Norma Vasquez,25,17,Lobby,,10/29/25 7:27 AM,10/29/25 7:33 AM,6 minutes,Mayra Luna
Tink-a-Tako - Potranco,Ivana Abundiz,27,,Lobby,,10/29/25 7:32 AM,10/29/25 7:35 AM,2 minutes and 25 seconds,Mayra Luna
Tink-a-Tako - Potranco,Ivana Abundiz,29,,Lobby,,10/29/25 7:33 AM,10/29/25 7:35 AM,2 minutes and 15 seconds,Mayra Luna
Tink-a-Tako - Potranco,Norma Vasquez,25,17,Lobby,,10/29/25 7:36 AM,10/29/25 7:37 AM,1 minute and 39 seconds,Mayra Luna
Tink-a-Tako - Potranco,Ivana Abundiz,30,,Lobby,,10/29/25 7:36 AM,10/29/25 7:38 AM,2 minutes and 35 seconds,Mayra Luna
Tink-a-Tako - Potranco,Norma Vasquez,28,,Lobby,,10/29/25 7:34 AM,10/29/25 7:39 AM,5 minutes and 5 seconds,Mayra Luna
Tink-a-Tako - Potranco,Norma Vasquez,31,,Lobby,,10/29/25 7:36 AM,10/29/25 7:40 AM,3 minutes and 35 seconds,Mayra Luna
Tink-a-Tako - Potranco,Ivana Abundiz,32,,Lobby,,10/29/25 7:44 AM,10/29/25 7:46 AM,1 minute and 43 seconds,Mayra Luna
Tink-a-Tako - Potranco,Ivana Abundiz,34,,Lobby,,10/29/25 7:47 AM,10/29/25 7:48 AM,50 seconds,Mayra Luna
Tink-a-Tako - Potranco,Norma Vasquez,35,,Lobby,,10/29/25 7:47 AM,10/29/25 7:49 AM,1 minute and 41 seconds,Mayra Luna
Tink-a-Tako - Potranco,Ivana Abundiz,33,,Lobby,,10/29/25 7:46 AM,10/29/25 7:51 AM,5 minutes and 14 seconds,Mayra Luna
Tink-a-Tako - Potranco,Norma Vasquez,37,31,Lobby,,10/29/25 7:49 AM,10/29/25 7:52 AM,2 minutes and 51 seconds,Mayra Luna
Tink-a-Tako - Potranco,Norma Vasquez,37,31,Prep,,10/29/25 7:49 AM,10/29/25 7:52 AM,2 minutes and 51 seconds,Mayra Luna
Tink-a-Tako - Potranco,Norma Vasquez,37,31,Tortillero,,10/29/25 7:49 AM,10/29/25 7:52 AM,2 minutes and 51 seconds,Mayra Luna
Tink-a-Tako - Potranco,Norma Vasquez,38,,Lobby,,10/29/25 7:51 AM,10/29/25 7:53 AM,2 minutes and 17 seconds,Mayra Luna
Tink-a-Tako - Potranco,Norma Vasquez,35,,,2,10/29/25 7:49 AM,10/29/25 7:58 AM,8 minutes and 35 seconds,Mayra Luna
Tink-a-Tako - Potranco,Norma Vasquez,38,,,2,10/29/25 7:53 AM,10/29/25 7:57 AM,3 minutes and 59 seconds,Mayra Luna
Tink-a-Tako - Potranco,Norma Vasquez,31,,,2,10/29/25 7:40 AM,10/29/25 7:57 AM,17 minutes and 27 seconds,Mayra Luna
Tink-a-Tako - Potranco,Norma Vasquez,28,,,2,10/29/25 7:39 AM,10/29/25 7:57 AM,18 minutes and 39 seconds,Mayra Luna
Tink-a-Tako - Potranco,Norma Vasquez,13,,,2,10/29/25 6:58 AM,10/29/25 7:58 AM,1 hour and 3 seconds,Mayra Luna
Tink-a-Tako - Potranco,Norma Vasquez,37,31,,2,10/29/25 7:52 AM,10/29/25 7:57 AM,5 minutes and 22 seconds,Mayra Luna
Tink-a-Tako - Potranco,Norma Vasquez,25,17,,2,10/29/25 7:33 AM,10/29/25 7:58 AM,24 minutes and 11 seconds,Mayra Luna
Tink-a-Tako - Potranco,Norma Vasquez,25,17,,2,10/29/25 7:37 AM,10/29/25 7:58 AM,20 minutes and 18 seconds,Mayra Luna
Tink-a-Tako - Potranco,Ivana Abundiz,42,,Lobby,,10/29/25 8:02 AM,10/29/25 8:03 AM,49 seconds,Mayra Luna
Tink-a-Tako - Potranco,Ivana Abundiz,43,,Lobby,,10/29/25 8:02 AM,10/29/25 8:03 AM,51 seconds,Mayra Luna
Tink-a-Tako - Potranco,Norma Vasquez,46,24,Lobby,,10/29/25 8:04 AM,10/29/25 8:06 AM,2 minutes and 29 seconds,Mayra Luna
Tink-a-Tako - Potranco,Norma Vasquez,44,37,Lobby,,10/29/25 8:03 AM,10/29/25 8:08 AM,4 minutes and 13 seconds,Mayra Luna
Tink-a-Tako - Potranco,Ivana Abundiz,45,,Lobby,,10/29/25 8:03 AM,10/29/25 8:08 AM,4 minutes and 8 seconds,Mayra Luna
Tink-a-Tako - Potranco,Ivana Abundiz,47,,Lobby,,10/29/25 8:08 AM,10/29/25 8:09 AM,1 minute and 16 seconds,Mayra Luna
Tink-a-Tako - Potranco,Ivana Abundiz,49,,Lobby,,10/29/25 8:08 AM,10/29/25 8:09 AM,1 minute and 19 seconds,Mayra Luna
Tink-a-Tako - Potranco,Ivana Abundiz,49,,Prep,,10/29/25 8:08 AM,10/29/25 8:09 AM,1 minute and 19 seconds,Mayra Luna
Tink-a-Tako - Potranco,Ivana Abundiz,50,,Lobby,,10/29/25 8:09 AM,10/29/25 8:10 AM,1 minute and 43 seconds,Mayra Luna
Tink-a-Tako - Potranco,Ivana Abundiz,50,,Prep,,10/29/25 8:09 AM,10/29/25 8:10 AM,1 minute and 43 seconds,Mayra Luna
Tink-a-Tako - Potranco,Norma Vasquez,48,39,Lobby,,10/29/25 8:08 AM,10/29/25 8:10 AM,2 minutes and 49 seconds,Mayra Luna
Tink-a-Tako - Potranco,Ivana Abundiz,51,,Lobby,,10/29/25 8:11 AM,10/29/25 8:13 AM,2 minutes and 22 seconds,Mayra Luna
Tink-a-Tako - Potranco,Ivana Abundiz,51,,Prep,,10/29/25 8:11 AM,10/29/25 8:13 AM,2 minutes and 22 seconds,Mayra Luna
Tink-a-Tako - Potranco,Ivana Abundiz,52,,Lobby,,10/29/25 8:12 AM,10/29/25 8:14 AM,1 minute and 30 seconds,Mayra Luna
Tink-a-Tako - Potranco,Ivana Abundiz,50,,Lobby,,10/29/25 8:13 AM,10/29/25 8:14 AM,58 seconds,Mayra Luna
Tink-a-Tako - Potranco,Ivana Abundiz,54,,Lobby,,10/29/25 8:13 AM,10/29/25 8:16 AM,2 minutes and 36 seconds,Mayra Luna
Tink-a-Tako - Potranco,Ivana Abundiz,54,,Prep,,10/29/25 8:13 AM,10/29/25 8:16 AM,2 minutes and 36 seconds,Mayra Luna
Tink-a-Tako - Potranco,Norma Vasquez,56,,Lobby,,10/29/25 8:15 AM,10/29/25 8:16 AM,1 minute and 34 seconds,Mayra Luna
Tink-a-Tako - Potranco,Norma Vasquez,48,39,,2,10/29/25 8:10 AM,10/29/25 8:16 AM,5 minutes and 57 seconds,Mayra Luna
Tink-a-Tako - Potranco,Norma Vasquez,44,37,,2,10/29/25 8:08 AM,10/29/25 8:16 AM,8 minutes and 54 seconds,Mayra Luna
Tink-a-Tako - Potranco,Norma Vasquez,46,24,,2,10/29/25 8:06 AM,10/29/25 8:16 AM,10 minutes and 3 seconds,Mayra Luna
Tink-a-Tako - Potranco,Norma Vasquez,56,,,2,10/29/25 8:16 AM,10/29/25 8:16 AM,5 seconds,Mayra Luna
Tink-a-Tako - Potranco,Norma Vasquez,57,10,Lobby,,10/29/25 8:15 AM,10/29/25 8:17 AM,1 minute and 39 seconds,Mayra Luna
Tink-a-Tako - Potranco,Ivana Abundiz,58,,Lobby,,10/29/25 8:18 AM,10/29/25 8:19 AM,44 seconds,Mayra Luna
Tink-a-Tako - Potranco,Ivana Abundiz,62,,Lobby,,10/29/25 8:24 AM,10/29/25 8:25 AM,1 minute and 38 seconds,Mayra Luna
Tink-a-Tako - Potranco,Ivana Abundiz,65,,Lobby,,10/29/25 8:25 AM,10/29/25 8:26 AM,1 minute and 19 seconds,Mayra Luna
Tink-a-Tako - Potranco,Ivana Abundiz,64,,Lobby,,10/29/25 8:24 AM,10/29/25 8:28 AM,3 minutes and 26 seconds,Mayra Luna
Tink-a-Tako - Potranco,Ivana Abundiz,64,,Lobby,,10/29/25 8:27 AM,10/29/25 8:28 AM,48 seconds,Mayra Luna
Tink-a-Tako - Potranco,Ivana Abundiz,66,,Lobby,,10/29/25 8:28 AM,10/29/25 8:30 AM,2 minutes and 5 seconds,Mayra Luna
Tink-a-Tako - Potranco,Norma Vasquez,67,33,Prep,,10/29/25 8:27 AM,10/29/25 8:30 AM,2 minutes and 51 seconds,Mayra Luna
Tink-a-Tako - Potranco,Norma Vasquez,67,33,Lobby,,10/29/25 8:27 AM,10/29/25 8:30 AM,2 minutes and 51 seconds,Mayra Luna
Tink-a-Tako - Potranco,Norma Vasquez,70,38,Lobby,,10/29/25 8:30 AM,10/29/25 8:30 AM,52 seconds,Mayra Luna
Tink-a-Tako - Potranco,Ivana Abundiz,69,,Lobby,,10/29/25 8:29 AM,10/29/25 8:32 AM,2 minutes and 43 seconds,Mayra Luna
Tink-a-Tako - Potranco,Ivana Abundiz,72,,Lobby,,10/29/25 8:31 AM,10/29/25 8:34 AM,3 minutes and 3 seconds,Mayra Luna
Tink-a-Tako - Potranco,Ivana Abundiz,72,,Prep,,10/29/25 8:31 AM,10/29/25 8:34 AM,3 minutes and 3 seconds,Mayra Luna
Tink-a-Tako - Potranco,Ivana Abundiz,75,,Lobby,,10/29/25 8:33 AM,10/29/25 8:35 AM,1 minute and 58 seconds,Mayra Luna
Tink-a-Tako - Potranco,Ivana Abundiz,75,,Prep,,10/29/25 8:33 AM,10/29/25 8:35 AM,1 minute and 58 seconds,Mayra Luna
Tink-a-Tako - Potranco,Esperansa Caviedes,74,25,Lobby,,10/29/25 8:35 AM,10/29/25 8:36 AM,1 minute and 35 seconds,Mayra Luna
Tink-a-Tako - Potranco,Ivana Abundiz,76,,Lobby,,10/29/25 8:34 AM,10/29/25 8:36 AM,2 minutes and 37 seconds,Mayra Luna
Tink-a-Tako - Potranco,Norma Vasquez,70,38,,2,10/29/25 8:30 AM,10/29/25 8:37 AM,6 minutes and 3 seconds,Mayra Luna
Tink-a-Tako - Potranco,Esperansa Caviedes,74,25,,2,10/29/25 8:36 AM,10/29/25 8:37 AM,22 seconds,Mayra Luna
Tink-a-Tako - Potranco,Daniela Torres,77,,Lobby,,10/29/25 8:34 AM,10/29/25 8:38 AM,3 minutes and 24 seconds,Mayra Luna
Tink-a-Tako - Potranco,Ivana Abundiz,78,,Lobby,,10/29/25 8:38 AM,10/29/25 8:40 AM,1 minute and 11 seconds,Mayra Luna
Tink-a-Tako - Potranco,Esperansa Caviedes,79,15,Prep,,10/29/25 8:41 AM,10/29/25 8:43 AM,1 minute and 34 seconds,Mayra Luna
Tink-a-Tako - Potranco,Esperansa Caviedes,79,15,Lobby,,10/29/25 8:41 AM,10/29/25 8:43 AM,1 minute and 34 seconds,Mayra Luna
Tink-a-Tako - Potranco,Rosa Compean,80,26,Lobby,,10/29/25 8:42 AM,10/29/25 8:44 AM,1 minute and 34 seconds,Mayra Luna
Tink-a-Tako - Potranco,Ivana Abundiz,81,,Lobby,,10/29/25 8:42 AM,10/29/25 8:44 AM,2 minutes and 35 seconds,Mayra Luna
Tink-a-Tako - Potranco,Ivana Abundiz,81,,Prep,,10/29/25 8:42 AM,10/29/25 8:44 AM,2 minutes and 35 seconds,Mayra Luna
Tink-a-Tako - Potranco,Ivana Abundiz,83,,Lobby,,10/29/25 8:47 AM,10/29/25 8:47 AM,39 seconds,Mayra Luna
Tink-a-Tako - Potranco,Norma Vasquez,48,39,Prep,,10/29/25 8:46 AM,10/29/25 8:49 AM,2 minutes and 55 seconds,Mayra Luna
Tink-a-Tako - Potranco,Norma Vasquez,48,39,Lobby,,10/29/25 8:46 AM,10/29/25 8:49 AM,2 minutes and 55 seconds,Mayra Luna
Tink-a-Tako - Potranco,Rosa Compean,84,7,Prep,,10/29/25 8:46 AM,10/29/25 8:52 AM,5 minutes and 48 seconds,Mayra Luna
Tink-a-Tako - Potranco,Rosa Compean,84,7,Lobby,,10/29/25 8:46 AM,10/29/25 8:52 AM,5 minutes and 48 seconds,Mayra Luna
Tink-a-Tako - Potranco,Rosa Compean,80,26,,2,10/29/25 8:44 AM,10/29/25 8:52 AM,8 minutes and 24 seconds,Mayra Luna
Tink-a-Tako - Potranco,Rosa Compean,84,7,,2,10/29/25 8:52 AM,10/29/25 8:52 AM,14 seconds,Mayra Luna
Tink-a-Tako - Potranco,Daniela Torres,77,,,2,10/29/25 8:38 AM,10/29/25 8:53 AM,14 minutes and 58 seconds,Mayra Luna
Tink-a-Tako - Potranco,Norma Vasquez,48,39,,2,10/29/25 8:49 AM,10/29/25 8:53 AM,3 minutes and 47 seconds,Mayra Luna
Tink-a-Tako - Potranco,Daniela Torres,77,,Lobby,,10/29/25 8:52 AM,10/29/25 8:53 AM,49 seconds,Mayra Luna
Tink-a-Tako - Potranco,Daniela Torres,77,,,2,10/29/25 8:53 AM,10/29/25 8:53 AM,3 seconds,Mayra Luna
Tink-a-Tako - Potranco,Esperansa Caviedes,79,15,,2,10/29/25 8:43 AM,10/29/25 8:53 AM,10 minutes,Mayra Luna
Tink-a-Tako - Potranco,Norma Vasquez,57,10,,2,10/29/25 8:17 AM,10/29/25 8:53 AM,35 minutes and 38 seconds,Mayra Luna
Tink-a-Tako - Potranco,Norma Vasquez,67,33,,2,10/29/25 8:30 AM,10/29/25 8:53 AM,22 minutes and 45 seconds,Mayra Luna
Tink-a-Tako - Potranco,Norma Vasquez,85,24,Lobby,,10/29/25 8:52 AM,10/29/25 8:55 AM,3 minutes and 17 seconds,Mayra Luna
Tink-a-Tako - Potranco,Esperansa Caviedes,86,31,Prep,,10/29/25 8:54 AM,10/29/25 8:56 AM,2 minutes and 28 seconds,Mayra Luna
Tink-a-Tako - Potranco,Esperansa Caviedes,86,31,Lobby,,10/29/25 8:54 AM,10/29/25 8:56 AM,2 minutes and 28 seconds,Mayra Luna
Tink-a-Tako - Potranco,Ivana Abundiz,82,,Lobby,,10/29/25 8:54 AM,10/29/25 8:56 AM,2 minutes and 14 seconds,Mayra Luna
Tink-a-Tako - Potranco,Ivana Abundiz,82,,Prep,,10/29/25 8:54 AM,10/29/25 8:56 AM,2 minutes and 14 seconds,Mayra Luna
Tink-a-Tako - Potranco,Ivana Abundiz,87,,Lobby,,10/29/25 8:56 AM,10/29/25 8:57 AM,28 seconds,Mayra Luna
Tink-a-Tako - Potranco,Esperansa Caviedes,79,15,Prep,,10/29/25 8:54 AM,10/29/25 8:57 AM,2 minutes and 59 seconds,Mayra Luna
Tink-a-Tako - Potranco,Esperansa Caviedes,79,15,Lobby,,10/29/25 8:54 AM,10/29/25 8:57 AM,2 minutes and 59 seconds,Mayra Luna
Tink-a-Tako - Potranco,Esperansa Caviedes,79,15,Tortillero,,10/29/25 8:54 AM,10/29/25 8:57 AM,2 minutes and 59 seconds,Mayra Luna
Tink-a-Tako - Potranco,Esperansa Caviedes,86,31,,2,10/29/25 8:56 AM,10/29/25 8:58 AM,1 minute and 52 seconds,Mayra Luna
Tink-a-Tako - Potranco,Norma Vasquez,85,24,,2,10/29/25 8:55 AM,10/29/25 8:58 AM,2 minutes and 53 seconds,Mayra Luna
Tink-a-Tako - Potranco,Esperansa Caviedes,79,15,,2,10/29/25 8:57 AM,10/29/25 8:58 AM,1 minute,Mayra Luna
Tink-a-Tako - Potranco,Norma Vasquez,88,21,Lobby,,10/29/25 9:02 AM,10/29/25 9:03 AM,35 seconds,Mayra Luna
Tink-a-Tako - Potranco,Daniela Torres,77,,,2,10/29/25 9:04 AM,10/29/25 9:04 AM,4 seconds,Mayra Luna
Tink-a-Tako - Potranco,Ivana Abundiz,90,,Lobby,,10/29/25 9:06 AM,10/29/25 9:07 AM,1 minute and 7 seconds,Mayra Luna
Tink-a-Tako - Potranco,Rosa Compean,89,17,Lobby,,10/29/25 9:03 AM,10/29/25 9:08 AM,4 minutes and 41 seconds,Mayra Luna
Tink-a-Tako - Potranco,Rosa Compean,89,17,Prep,,10/29/25 9:03 AM,10/29/25 9:08 AM,4 minutes and 41 seconds,Mayra Luna
Tink-a-Tako - Potranco,Ivana Abundiz,93,,Lobby,,10/29/25 9:07 AM,10/29/25 9:09 AM,2 minutes and 20 seconds,Mayra Luna
Tink-a-Tako - Potranco,Ivana Abundiz,94,,Lobby,,10/29/25 9:08 AM,10/29/25 9:11 AM,2 minutes and 9 seconds,Mayra Luna
Tink-a-Tako - Potranco,Ivana Abundiz,91,,Lobby,,10/29/25 9:06 AM,10/29/25 9:10 AM,4 minutes and 2 seconds,Mayra Luna
Tink-a-Tako - Potranco,Rosa Compean,84,7,Lobby,,10/29/25 9:10 AM,10/29/25 9:11 AM,32 seconds,Mayra Luna
Tink-a-Tako - Potranco,Ivana Abundiz,95,,Lobby,,10/29/25 9:12 AM,10/29/25 9:12 AM,8 seconds,Mayra Luna
Tink-a-Tako - Potranco,Esperansa Caviedes,97,32,Lobby,,10/29/25 9:14 AM,10/29/25 9:16 AM,1 minute and 38 seconds,Mayra Luna
Tink-a-Tako - Potranco,Esperansa Caviedes,97,32,Prep,,10/29/25 9:14 AM,10/29/25 9:16 AM,1 minute and 38 seconds,Mayra Luna
Tink-a-Tako - Potranco,Ivana Abundiz,99,,Lobby,,10/29/25 9:17 AM,10/29/25 9:18 AM,1 minute and 3 seconds,Mayra Luna
Tink-a-Tako - Potranco,Ivana Abundiz,99,,Prep,,10/29/25 9:17 AM,10/29/25 9:18 AM,1 minute and 3 seconds,Mayra Luna
Tink-a-Tako - Potranco,Rosa Compean,98,10,Lobby,,10/29/25 9:15 AM,10/29/25 9:18 AM,2 minutes and 57 seconds,Mayra Luna
Tink-a-Tako - Potranco,Ivana Abundiz,100,,Lobby,,10/29/25 9:17 AM,10/29/25 9:19 AM,2 minutes and 3 seconds,Mayra Luna
Tink-a-Tako - Potranco,Norma Vasquez,102,18,Lobby,,10/29/25 9:20 AM,10/29/25 9:22 AM,1 minute and 55 seconds,Mayra Luna
Tink-a-Tako - Potranco,Esperansa Caviedes,103,38,Lobby,,10/29/25 9:20 AM,10/29/25 9:22 AM,1 minute and 56 seconds,Mayra Luna
Tink-a-Tako - Potranco,Norma Vasquez,88,21,,2,10/29/25 9:03 AM,10/29/25 9:22 AM,18 minutes and 56 seconds,Mayra Luna
Tink-a-Tako - Potranco,Rosa Compean,89,17,,2,10/29/25 9:08 AM,10/29/25 9:22 AM,14 minutes,Mayra Luna
Tink-a-Tako - Potranco,Esperansa Caviedes,97,32,,2,10/29/25 9:16 AM,10/29/25 9:22 AM,6 minutes and 10 seconds,Mayra Luna
Tink-a-Tako - Potranco,Rosa Compean,84,7,,2,10/29/25 9:11 AM,10/29/25 9:22 AM,11 minutes and 13 seconds,Mayra Luna
Tink-a-Tako - Potranco,Rosa Compean,98,10,,2,10/29/25 9:18 AM,10/29/25 9:22 AM,3 minutes and 47 seconds,Mayra Luna
Tink-a-Tako - Potranco,Norma Vasquez,102,18,,2,10/29/25 9:22 AM,10/29/25 9:22 AM,19 seconds,Mayra Luna
Tink-a-Tako - Potranco,Esperansa Caviedes,103,38,,2,10/29/25 9:22 AM,10/29/25 9:22 AM,10 seconds,Mayra Luna
Tink-a-Tako - Potranco,Daniela Torres,104,,Lobby,,10/29/25 9:21 AM,10/29/25 9:23 AM,2 minutes and 30 seconds,Mayra Luna
Tink-a-Tako - Potranco,Esperansa Caviedes,103,38,Prep,,10/29/25 9:24 AM,10/29/25 9:24 AM,8 seconds,Mayra Luna
Tink-a-Tako - Potranco,Esperansa Caviedes,103,38,Lobby,,10/29/25 9:24 AM,10/29/25 9:24 AM,8 seconds,Mayra Luna
Tink-a-Tako - Potranco,Ivana Abundiz,106,,Lobby,,10/29/25 9:25 AM,10/29/25 9:25 AM,28 seconds,Mayra Luna
Tink-a-Tako - Potranco,Ivana Abundiz,109,,Lobby,,10/29/25 9:26 AM,10/29/25 9:26 AM,34 seconds,Mayra Luna
Tink-a-Tako - Potranco,Ivana Abundiz,111,,Lobby,,10/29/25 9:28 AM,10/29/25 9:29 AM,43 seconds,Mayra Luna
Tink-a-Tako - Potranco,Ivana Abundiz,111,,Prep,,10/29/25 9:28 AM,10/29/25 9:29 AM,43 seconds,Mayra Luna
Tink-a-Tako - Potranco,Daniela Torres,112,,Lobby,,10/29/25 9:28 AM,10/29/25 9:30 AM,1 minute and 13 seconds,Mayra Luna
Tink-a-Tako - Potranco,Rosa Compean,105,42,Lobby,,10/29/25 9:25 AM,10/29/25 9:30 AM,4 minutes and 55 seconds,Mayra Luna
Tink-a-Tako - Potranco,Ivana Abundiz,110,,Lobby,,10/29/25 9:27 AM,10/29/25 9:31 AM,3 minutes and 48 seconds,Mayra Luna
Tink-a-Tako - Potranco,Daniela Torres,108,,Lobby,,10/29/25 9:26 AM,10/29/25 9:32 AM,5 minutes and 40 seconds,Mayra Luna
Tink-a-Tako - Potranco,Daniela Torres,113,,Lobby,,10/29/25 9:34 AM,10/29/25 9:35 AM,38 seconds,Mayra Luna
Tink-a-Tako - Potranco,Esperansa Caviedes,103,38,,2,10/29/25 9:24 AM,10/29/25 9:37 AM,12 minutes and 48 seconds,Mayra Luna
Tink-a-Tako - Potranco,Daniela Torres,104,,,2,10/29/25 9:23 AM,10/29/25 9:37 AM,13 minutes and 9 seconds,Mayra Luna
Tink-a-Tako - Potranco,Rosa Compean,105,42,,2,10/29/25 9:30 AM,10/29/25 9:37 AM,6 minutes and 8 seconds,Mayra Luna
Tink-a-Tako - Potranco,Daniela Torres,113,,,2,10/29/25 9:35 AM,10/29/25 9:37 AM,1 minute and 41 seconds,Mayra Luna
Tink-a-Tako - Potranco,Daniela Torres,108,,,2,10/29/25 9:32 AM,10/29/25 9:37 AM,5 minutes,Mayra Luna
Tink-a-Tako - Potranco,Daniela Torres,112,,,2,10/29/25 9:30 AM,10/29/25 9:37 AM,6 minutes and 54 seconds,Mayra Luna
Tink-a-Tako - Potranco,Esperansa Caviedes,114,1,,2,10/29/25 9:35 AM,10/29/25 9:39 AM,3 minutes and 17 seconds,Mayra Luna
Tink-a-Tako - Potranco,Norma Vasquez,118,,Lobby,,10/29/25 9:38 AM,10/29/25 9:40 AM,1 minute and 33 seconds,Mayra Luna
Tink-a-Tako - Potranco,Ivana Abundiz,117,,Lobby,,10/29/25 9:38 AM,10/29/25 9:40 AM,2 minutes and 28 seconds,Mayra Luna
Tink-a-Tako - Potranco,Norma Vasquez,115,36,Lobby,,10/29/25 9:36 AM,10/29/25 9:41 AM,4 minutes and 38 seconds,Mayra Luna
Tink-a-Tako - Potranco,Norma Vasquez,116,33,Lobby,,10/29/25 9:37 AM,10/29/25 9:41 AM,3 minutes and 28 seconds,Mayra Luna
Tink-a-Tako - Potranco,Ivana Abundiz,120,,Lobby,,10/29/25 9:39 AM,10/29/25 9:41 AM,1 minute and 29 seconds,Mayra Luna
Tink-a-Tako - Potranco,Ivana Abundiz,121,,Lobby,,10/29/25 9:44 AM,10/29/25 9:45 AM,1 minute and 25 seconds,Mayra Luna
Tink-a-Tako - Potranco,Ivana Abundiz,121,,Prep,,10/29/25 9:44 AM,10/29/25 9:45 AM,1 minute and 25 seconds,Mayra Luna
Tink-a-Tako - Potranco,Esperansa Caviedes,122,19,Lobby,,10/29/25 9:46 AM,10/29/25 9:46 AM,25 seconds,Mayra Luna
Tink-a-Tako - Potranco,Rosa Compean,125,22,Lobby,,10/29/25 9:46 AM,10/29/25 9:47 AM,52 seconds,Mayra Luna
Tink-a-Tako - Potranco,Ivana Abundiz,123,,Lobby,,10/29/25 9:46 AM,10/29/25 9:47 AM,1 minute and 27 seconds,Mayra Luna
Tink-a-Tako - Potranco,Esperansa Caviedes,122,19,,2,10/29/25 9:46 AM,10/29/25 9:48 AM,2 minutes and 32 seconds,Mayra Luna
Tink-a-Tako - Potranco,Norma Vasquez,115,36,,2,10/29/25 9:41 AM,10/29/25 9:49 AM,7 minutes and 48 seconds,Mayra Luna
Tink-a-Tako - Potranco,Norma Vasquez,116,33,,2,10/29/25 9:41 AM,10/29/25 9:49 AM,7 minutes and 46 seconds,Mayra Luna
Tink-a-Tako - Potranco,Rosa Compean,125,22,,2,10/29/25 9:47 AM,10/29/25 9:49 AM,1 minute and 53 seconds,Mayra Luna
Tink-a-Tako - Potranco,Norma Vasquez,118,,,2,10/29/25 9:40 AM,10/29/25 9:49 AM,8 minutes and 57 seconds,Mayra Luna
Tink-a-Tako - Potranco,Esperansa Caviedes,122,19,Prep,,10/29/25 9:45 AM,10/29/25 9:49 AM,3 minutes and 24 seconds,Mayra Luna
Tink-a-Tako - Potranco,Esperansa Caviedes,122,19,Lobby,,10/29/25 9:45 AM,10/29/25 9:49 AM,3 minutes and 24 seconds,Mayra Luna
Tink-a-Tako - Potranco,Esperansa Caviedes,122,19,Tortillero,,10/29/25 9:45 AM,10/29/25 9:49 AM,3 minutes and 24 seconds,Mayra Luna
Tink-a-Tako - Potranco,Esperansa Caviedes,122,19,Lobby,,10/29/25 9:47 AM,10/29/25 9:49 AM,1 minute and 47 seconds,Mayra Luna
Tink-a-Tako - Potranco,Ivana Abundiz,124,,Lobby,,10/29/25 9:49 AM,10/29/25 9:49 AM,39 seconds,Mayra Luna
Tink-a-Tako - Potranco,Norma Vasquez,126,20,Lobby,,10/29/25 9:50 AM,10/29/25 9:51 AM,51 seconds,Mayra Luna
Tink-a-Tako - Potranco,Ivana Abundiz,128,,Lobby,,10/29/25 9:51 AM,10/29/25 9:53 AM,1 minute and 53 seconds,Mayra Luna
Tink-a-Tako - Potranco,Ivana Abundiz,128,,Prep,,10/29/25 9:51 AM,10/29/25 9:53 AM,1 minute and 53 seconds,Mayra Luna
Tink-a-Tako - Potranco,Rosa Compean,127,25,Lobby,,10/29/25 9:51 AM,10/29/25 9:54 AM,2 minutes and 45 seconds,Mayra Luna
Tink-a-Tako - Potranco,Norma Vasquez,126,20,Lobby,,10/29/25 9:55 AM,10/29/25 9:56 AM,48 seconds,Mayra Luna
Tink-a-Tako - Potranco,Norma Vasquez,126,20,,2,10/29/25 9:56 AM,10/29/25 9:57 AM,1 minute and 22 seconds,Mayra Luna
Tink-a-Tako - Potranco,Esperansa Caviedes,122,19,,2,10/29/25 9:49 AM,10/29/25 9:57 AM,8 minutes and 12 seconds,Mayra Luna
Tink-a-Tako - Potranco,Esperansa Caviedes,122,19,,2,10/29/25 9:49 AM,10/29/25 9:57 AM,8 minutes and 11 seconds,Mayra Luna
Tink-a-Tako - Potranco,Norma Vasquez,126,20,,2,10/29/25 9:51 AM,10/29/25 9:57 AM,6 minutes and 1 second,Mayra Luna
Tink-a-Tako - Potranco,Rosa Compean,127,25,,2,10/29/25 9:54 AM,10/29/25 9:57 AM,3 minutes and 7 seconds,Mayra Luna
Tink-a-Tako - Potranco,Daniela Torres,131,,Lobby,,10/29/25 9:59 AM,10/29/25 10:00 AM,1 minute and 35 seconds,Mayra Luna
Tink-a-Tako - Potranco,Ivana Abundiz,133,,Lobby,,10/29/25 10:00 AM,10/29/25 10:01 AM,1 minute and 31 seconds,Mayra Luna
Tink-a-Tako - Potranco,Ivana Abundiz,133,,Prep,,10/29/25 10:00 AM,10/29/25 10:01 AM,1 minute and 31 seconds,Mayra Luna
Tink-a-Tako - Potranco,Rosa Compean,132,32,Lobby,,10/29/25 10:00 AM,10/29/25 10:01 AM,1 minute and 37 seconds,Mayra Luna
Tink-a-Tako - Potranco,Esperansa Caviedes,129,18,Lobby,,10/29/25 9:52 AM,10/29/25 10:01 AM,8 minutes and 54 seconds,Mayra Luna
Tink-a-Tako - Potranco,Ivana Abundiz,134,,Lobby,,10/29/25 10:01 AM,10/29/25 10:02 AM,59 seconds,Mayra Luna
Tink-a-Tako - Potranco,Ivana Abundiz,134,,Lobby,,10/29/25 10:02 AM,10/29/25 10:05 AM,2 minutes and 35 seconds,Mayra Luna
Tink-a-Tako - Potranco,Norma Vasquez,135,7,Lobby,,10/29/25 10:03 AM,10/29/25 10:07 AM,4 minutes and 13 seconds,Mayra Luna
Tink-a-Tako - Potranco,Ivana Abundiz,140,,Lobby,,10/29/25 10:08 AM,10/29/25 10:09 AM,30 seconds,Mayra Luna
Tink-a-Tako - Potranco,Ivana Abundiz,141,,Lobby,,10/29/25 10:09 AM,10/29/25 10:10 AM,37 seconds,Mayra Luna
Tink-a-Tako - Potranco,Ivana Abundiz,143,,Lobby,,10/29/25 10:11 AM,10/29/25 10:12 AM,1 minute and 8 seconds,Mayra Luna
Tink-a-Tako - Potranco,Rosa Compean,132,32,,2,10/29/25 10:01 AM,10/29/25 10:12 AM,10 minutes and 52 seconds,Mayra Luna
Tink-a-Tako - Potranco,Ivana Abundiz,137,,Lobby,,10/29/25 10:06 AM,10/29/25 10:13 AM,7 minutes and 13 seconds,Mayra Luna
Tink-a-Tako - Potranco,Ivana Abundiz,137,,Prep,,10/29/25 10:06 AM,10/29/25 10:13 AM,7 minutes and 13 seconds,Mayra Luna
Tink-a-Tako - Potranco,Ivana Abundiz,137,,Tortillero,,10/29/25 10:06 AM,10/29/25 10:13 AM,7 minutes and 13 seconds,Mayra Luna
Tink-a-Tako - Potranco,Esperansa Caviedes,129,18,,2,10/29/25 10:01 AM,10/29/25 10:14 AM,12 minutes and 41 seconds,Mayra Luna
Tink-a-Tako - Potranco,Daniela Torres,131,,,2,10/29/25 10:00 AM,10/29/25 10:14 AM,13 minutes and 53 seconds,Mayra Luna
Tink-a-Tako - Potranco,Norma Vasquez,135,7,,2,10/29/25 10:07 AM,10/29/25 10:14 AM,6 minutes and 52 seconds,Mayra Luna
Tink-a-Tako - Potranco,Esperansa Caviedes,139,8,Prep,,10/29/25 10:10 AM,10/29/25 10:16 AM,6 minutes and 6 seconds,Mayra Luna
Tink-a-Tako - Potranco,Esperansa Caviedes,139,8,Lobby,,10/29/25 10:10 AM,10/29/25 10:16 AM,6 minutes and 6 seconds,Mayra Luna
Tink-a-Tako - Potranco,Esperansa Caviedes,139,8,Tortillero,,10/29/25 10:10 AM,10/29/25 10:16 AM,6 minutes and 6 seconds,Mayra Luna
Tink-a-Tako - Potranco,Rosa Compean,146,24,Lobby,,10/29/25 10:14 AM,10/29/25 10:16 AM,2 minutes and 20 seconds,Mayra Luna
Tink-a-Tako - Potranco,Ivana Abundiz,144,,Lobby,,10/29/25 10:14 AM,10/29/25 10:17 AM,2 minutes and 46 seconds,Mayra Luna
Tink-a-Tako - Potranco,Ivana Abundiz,149,,Lobby,,10/29/25 10:17 AM,10/29/25 10:18 AM,1 minute and 28 seconds,Mayra Luna
Tink-a-Tako - Potranco,Ivana Abundiz,147,,Lobby,,10/29/25 10:15 AM,10/29/25 10:18 AM,3 minutes and 23 seconds,Mayra Luna
Tink-a-Tako - Potranco,Ivana Abundiz,152,,Lobby,,10/29/25 10:19 AM,10/29/25 10:20 AM,1 minute and 23 seconds,Mayra Luna
Tink-a-Tako - Potranco,Ivana Abundiz,152,,Prep,,10/29/25 10:19 AM,10/29/25 10:20 AM,1 minute and 23 seconds,Mayra Luna
Tink-a-Tako - Potranco,Rosa Compean,132,32,Lobby,,10/29/25 10:19 AM,10/29/25 10:20 AM,57 seconds,Mayra Luna
Tink-a-Tako - Potranco,Norma Vasquez,153,,Lobby,,10/29/25 10:19 AM,10/29/25 10:21 AM,1 minute and 48 seconds,Mayra Luna
Tink-a-Tako - Potranco,Ivana Abundiz,148,,Lobby,,10/29/25 10:16 AM,10/29/25 10:22 AM,5 minutes and 23 seconds,Mayra Luna
Tink-a-Tako - Potranco,Esperansa Caviedes,150,39,Lobby,,10/29/25 10:19 AM,10/29/25 10:22 AM,3 minutes and 15 seconds,Mayra Luna
Tink-a-Tako - Potranco,Ivana Abundiz,155,,Lobby,,10/29/25 10:22 AM,10/29/25 10:23 AM,52 seconds,Mayra Luna
Tink-a-Tako - Potranco,Ivana Abundiz,154,,Lobby,,10/29/25 10:19 AM,10/29/25 10:25 AM,6 minutes and 1 second,Mayra Luna
Tink-a-Tako - Potranco,Norma Vasquez,156,37,Lobby,,10/29/25 10:23 AM,10/29/25 10:26 AM,3 minutes and 4 seconds,Mayra Luna
Tink-a-Tako - Potranco,Esperansa Caviedes,150,39,Lobby,,10/29/25 10:27 AM,10/29/25 10:28 AM,55 seconds,Mayra Luna
Tink-a-Tako - Potranco,Rosa Compean,157,3,Lobby,,10/29/25 10:24 AM,10/29/25 10:28 AM,3 minutes and 19 seconds,Mayra Luna
Tink-a-Tako - Potranco,Rosa Compean,157,3,Prep,,10/29/25 10:24 AM,10/29/25 10:28 AM,3 minutes and 19 seconds,Mayra Luna
Tink-a-Tako - Potranco,Rosa Compean,157,3,Tortillero,,10/29/25 10:24 AM,10/29/25 10:28 AM,3 minutes and 19 seconds,Mayra Luna
Tink-a-Tako - Potranco,Ivana Abundiz,158,,Lobby,,10/29/25 10:27 AM,10/29/25 10:30 AM,2 minutes and 57 seconds,Mayra Luna
Tink-a-Tako - Potranco,Ivana Abundiz,158,,Prep,,10/29/25 10:27 AM,10/29/25 10:30 AM,2 minutes and 57 seconds,Mayra Luna
Tink-a-Tako - Potranco,Ivana Abundiz,161,,Lobby,,10/29/25 10:29 AM,10/29/25 10:31 AM,2 minutes and 2 seconds,Mayra Luna
Tink-a-Tako - Potranco,Esperansa Caviedes,160,2,Lobby,,10/29/25 10:28 AM,10/29/25 10:31 AM,3 minutes and 18 seconds,Mayra Luna
Tink-a-Tako - Potranco,Ivana Abundiz,163,,Lobby,,10/29/25 10:29 AM,10/29/25 10:32 AM,2 minutes and 26 seconds,Mayra Luna
Tink-a-Tako - Potranco,Ivana Abundiz,165,,Lobby,,10/29/25 10:30 AM,10/29/25 10:32 AM,2 minutes and 21 seconds,Mayra Luna
Tink-a-Tako - Potranco,Ivana Abundiz,165,,Prep,,10/29/25 10:30 AM,10/29/25 10:32 AM,2 minutes and 21 seconds,Mayra Luna
Tink-a-Tako - Potranco,Norma Vasquez,166,17,Lobby,,10/29/25 10:32 AM,10/29/25 10:32 AM,17 seconds,Mayra Luna
Tink-a-Tako - Potranco,Ivana Abundiz,167,,Lobby,,10/29/25 10:32 AM,10/29/25 10:33 AM,49 seconds,Mayra Luna
Tink-a-Tako - Potranco,Ivana Abundiz,167,,Prep,,10/29/25 10:32 AM,10/29/25 10:33 AM,49 seconds,Mayra Luna
Tink-a-Tako - Potranco,Rosa Compean,164,12,Lobby,,10/29/25 10:29 AM,10/29/25 10:35 AM,6 minutes and 12 seconds,Mayra Luna
Tink-a-Tako - Potranco,Ivana Abundiz,169,,Lobby,,10/29/25 10:35 AM,10/29/25 10:35 AM,24 seconds,Mayra Luna
Tink-a-Tako - Potranco,Rosa Compean,157,3,,2,10/29/25 10:28 AM,10/29/25 10:35 AM,7 minutes and 43 seconds,Mayra Luna
Tink-a-Tako - Potranco,Rosa Compean,146,24,,2,10/29/25 10:16 AM,10/29/25 10:35 AM,19 minutes and 14 seconds,Mayra Luna
Tink-a-Tako - Potranco,Norma Vasquez,171,1,Lobby,,10/29/25 10:35 AM,10/29/25 10:35 AM,48 seconds,Mayra Luna
Tink-a-Tako - Potranco,Norma Vasquez,172,26,Prep,,10/29/25 10:35 AM,10/29/25 10:36 AM,35 seconds,Mayra Luna
Tink-a-Tako - Potranco,Norma Vasquez,172,26,Lobby,,10/29/25 10:35 AM,10/29/25 10:36 AM,35 seconds,Mayra Luna
Tink-a-Tako - Potranco,Rosa Compean,168,15,Lobby,,10/29/25 10:35 AM,10/29/25 10:37 AM,2 minutes and 16 seconds,Mayra Luna
Tink-a-Tako - Potranco,Norma Vasquez,166,17,,2,10/29/25 10:32 AM,10/29/25 10:38 AM,5 minutes and 46 seconds,Mayra Luna
Tink-a-Tako - Potranco,Norma Vasquez,156,37,,2,10/29/25 10:26 AM,10/29/25 10:38 AM,12 minutes,Mayra Luna
Tink-a-Tako - Potranco,Esperansa Caviedes,160,2,,2,10/29/25 10:31 AM,10/29/25 10:38 AM,6 minutes and 41 seconds,Mayra Luna
Tink-a-Tako - Potranco,Esperansa Caviedes,150,39,,2,10/29/25 10:22 AM,10/29/25 10:38 AM,15 minutes and 38 seconds,Mayra Luna
Tink-a-Tako - Potranco,Norma Vasquez,171,1,,2,10/29/25 10:35 AM,10/29/25 10:38 AM,2 minutes and 37 seconds,Mayra Luna
Tink-a-Tako - Potranco,Rosa Compean,164,12,,2,10/29/25 10:35 AM,10/29/25 10:38 AM,3 minutes and 14 seconds,Mayra Luna
Tink-a-Tako - Potranco,Esperansa Caviedes,150,39,,2,10/29/25 10:28 AM,10/29/25 10:38 AM,10 minutes and 31 seconds,Mayra Luna
Tink-a-Tako - Potranco,Norma Vasquez,172,26,,2,10/29/25 10:36 AM,10/29/25 10:38 AM,2 minutes and 21 seconds,Mayra Luna
Tink-a-Tako - Potranco,Rosa Compean,168,15,,2,10/29/25 10:37 AM,10/29/25 10:38 AM,58 seconds,Mayra Luna
Tink-a-Tako - Potranco,Rosa Compean,132,32,,2,10/29/25 10:20 AM,10/29/25 10:38 AM,17 minutes and 49 seconds,Mayra Luna
Tink-a-Tako - Potranco,Esperansa Caviedes,139,8,,2,10/29/25 10:16 AM,10/29/25 10:38 AM,22 minutes and 10 seconds,Mayra Luna
Tink-a-Tako - Potranco,Norma Vasquez,153,,,2,10/29/25 10:21 AM,10/29/25 10:38 AM,17 minutes and 28 seconds,Mayra Luna
Tink-a-Tako - Potranco,Esperansa Caviedes,150,39,Prep,,10/29/25 10:39 AM,10/29/25 10:39 AM,9 seconds,Mayra Luna
Tink-a-Tako - Potranco,Esperansa Caviedes,150,39,Lobby,,10/29/25 10:39 AM,10/29/25 10:39 AM,9 seconds,Mayra Luna
Tink-a-Tako - Potranco,Esperansa Caviedes,170,11,Lobby,,10/29/25 10:35 AM,10/29/25 10:39 AM,4 minutes and 8 seconds,Mayra Luna
Tink-a-Tako - Potranco,Ivana Abundiz,173,,Lobby,,10/29/25 10:39 AM,10/29/25 10:40 AM,1 minute and 33 seconds,Mayra Luna
Tink-a-Tako - Potranco,Ivana Abundiz,175,,Lobby,,10/29/25 10:40 AM,10/29/25 10:41 AM,45 seconds,Mayra Luna
Tink-a-Tako - Potranco,Ivana Abundiz,175,,Prep,,10/29/25 10:40 AM,10/29/25 10:41 AM,45 seconds,Mayra Luna
Tink-a-Tako - Potranco,Esperansa Caviedes,150,39,,2,10/29/25 10:39 AM,10/29/25 10:42 AM,3 minutes and 13 seconds,Mayra Luna
Tink-a-Tako - Potranco,Ivana Abundiz,175,,Lobby,,10/29/25 10:43 AM,10/29/25 10:44 AM,42 seconds,Mayra Luna
Tink-a-Tako - Potranco,Ivana Abundiz,175,,Prep,,10/29/25 10:43 AM,10/29/25 10:44 AM,42 seconds,Mayra Luna
Tink-a-Tako - Potranco,Esperansa Caviedes,177,22,Lobby,,10/29/25 10:40 AM,10/29/25 10:44 AM,3 minutes and 38 seconds,Mayra Luna
Tink-a-Tako - Potranco,Ivana Abundiz,174,,Lobby,,10/29/25 10:40 AM,10/29/25 10:44 AM,3 minutes and 52 seconds,Mayra Luna
Tink-a-Tako - Potranco,Ivana Abundiz,176,,Lobby,,10/29/25 10:42 AM,10/29/25 10:45 AM,2 minutes and 44 seconds,Mayra Luna
Tink-a-Tako - Potranco,Ivana Abundiz,176,,Prep,,10/29/25 10:42 AM,10/29/25 10:45 AM,2 minutes and 44 seconds,Mayra Luna
Tink-a-Tako - Potranco,Ivana Abundiz,178,,Lobby,,10/29/25 10:44 AM,10/29/25 10:47 AM,2 minutes and 44 seconds,Mayra Luna
Tink-a-Tako - Potranco,Ivana Abundiz,178,,Prep,,10/29/25 10:44 AM,10/29/25 10:47 AM,2 minutes and 44 seconds,Mayra Luna
Tink-a-Tako - Potranco,Ivana Abundiz,180,,Lobby,,10/29/25 10:45 AM,10/29/25 10:47 AM,1 minute and 49 seconds,Mayra Luna
Tink-a-Tako - Potranco,Ivana Abundiz,181,,Lobby,,10/29/25 10:46 AM,10/29/25 10:48 AM,2 minutes,Mayra Luna
Tink-a-Tako - Potranco,Norma Vasquez,182,34,Lobby,,10/29/25 10:49 AM,10/29/25 10:50 AM,1 minute and 38 seconds,Mayra Luna
Tink-a-Tako - Potranco,Esperansa Caviedes,170,11,,2,10/29/25 10:39 AM,10/29/25 10:51 AM,12 minutes and 4 seconds,Mayra Luna
Tink-a-Tako - Potranco,Esperansa Caviedes,177,22,,2,10/29/25 10:44 AM,10/29/25 10:51 AM,7 minutes and 10 seconds,Mayra Luna
Tink-a-Tako - Potranco,Ivana Abundiz,185,,Lobby,,10/29/25 10:52 AM,10/29/25 10:53 AM,53 seconds,Mayra Luna
Tink-a-Tako - Potranco,Rosa Compean,184,36,Lobby,,10/29/25 10:52 AM,10/29/25 10:53 AM,1 minute and 31 seconds,Mayra Luna
Tink-a-Tako - Potranco,Norma Vasquez,171,1,Lobby,,10/29/25 10:55 AM,10/29/25 10:57 AM,1 minute and 21 seconds,Mayra Luna
Tink-a-Tako - Potranco,Ivana Abundiz,186,,Lobby,,10/29/25 10:57 AM,10/29/25 10:58 AM,1 minute and 22 seconds,Mayra Luna
Tink-a-Tako - Potranco,Rosa Compean,184,36,,2,10/29/25 10:53 AM,10/29/25 11:03 AM,9 minutes and 6 seconds,Mayra Luna
Tink-a-Tako - Potranco,Norma Vasquez,182,34,,2,10/29/25 10:50 AM,10/29/25 11:03 AM,12 minutes and 15 seconds,Mayra Luna
Tink-a-Tako - Potranco,Esperansa Caviedes,187,33,Lobby,,10/29/25 10:59 AM,10/29/25 11:03 AM,3 minutes and 36 seconds,Mayra Luna
Tink-a-Tako - Potranco,Ivana Abundiz,188,,Lobby,,10/29/25 11:00 AM,10/29/25 11:06 AM,5 minutes and 44 seconds,Mayra Luna
Tink-a-Tako - Potranco,Ivana Abundiz,193,,Lobby,,10/29/25 11:06 AM,10/29/25 11:07 AM,55 seconds,Mayra Luna
Tink-a-Tako - Potranco,Ivana Abundiz,193,,Prep,,10/29/25 11:06 AM,10/29/25 11:07 AM,55 seconds,Mayra Luna
Tink-a-Tako - Potranco,Norma Vasquez,192,26,Lobby,,10/29/25 11:05 AM,10/29/25 11:07 AM,1 minute and 51 seconds,Mayra Luna
Tink-a-Tako - Potranco,Rosa Compean,191,8,Lobby,,10/29/25 11:03 AM,10/29/25 11:07 AM,4 minutes,Mayra Luna
Tink-a-Tako - Potranco,Rosa Compean,191,8,Prep,,10/29/25 11:03 AM,10/29/25 11:07 AM,4 minutes,Mayra Luna
Tink-a-Tako - Potranco,Ivana Abundiz,189,,Lobby,,10/29/25 11:02 AM,10/29/25 11:08 AM,6 minutes and 27 seconds,Mayra Luna
Tink-a-Tako - Potranco,Ivana Abundiz,194,,Lobby,,10/29/25 11:08 AM,10/29/25 11:09 AM,1 minute and 30 seconds,Mayra Luna
Tink-a-Tako - Potranco,Esperansa Caviedes,187,33,,2,10/29/25 11:03 AM,10/29/25 11:10 AM,7 minutes and 18 seconds,Mayra Luna
Tink-a-Tako - Potranco,Norma Vasquez,171,1,,2,10/29/25 10:57 AM,10/29/25 11:10 AM,13 minutes and 12 seconds,Mayra Luna
Tink-a-Tako - Potranco,Esperansa Caviedes,197,2,Lobby,,10/29/25 11:09 AM,10/29/25 11:10 AM,1 minute and 22 seconds,Mayra Luna
Tink-a-Tako - Potranco,Rosa Compean,164,12,Lobby,,10/29/25 11:09 AM,10/29/25 11:10 AM,57 seconds,Mayra Luna
Tink-a-Tako - Potranco,Ivana Abundiz,195,,Lobby,,10/29/25 11:08 AM,10/29/25 11:11 AM,2 minutes and 45 seconds,Mayra Luna
Tink-a-Tako - Potranco,Ivana Abundiz,190,,Lobby,,10/29/25 11:04 AM,10/29/25 11:12 AM,7 minutes and 35 seconds,Mayra Luna
Tink-a-Tako - Potranco,Ivana Abundiz,198,,Lobby,,10/29/25 11:11 AM,10/29/25 11:13 AM,1 minute and 5 seconds,Mayra Luna
Tink-a-Tako - Potranco,Ivana Abundiz,199,,Lobby,,10/29/25 11:14 AM,10/29/25 11:15 AM,33 seconds,Mayra Luna
Tink-a-Tako - Potranco,Norma Vasquez,192,26,,2,10/29/25 11:07 AM,10/29/25 11:18 AM,10 minutes and 42 seconds,Mayra Luna
Tink-a-Tako - Potranco,Rosa Compean,191,8,,2,10/29/25 11:07 AM,10/29/25 11:18 AM,10 minutes and 30 seconds,Mayra Luna
Tink-a-Tako - Potranco,Rosa Compean,164,12,,2,10/29/25 11:10 AM,10/29/25 11:18 AM,7 minutes and 14 seconds,Mayra Luna
Tink-a-Tako - Potranco,Esperansa Caviedes,197,2,,2,10/29/25 11:10 AM,10/29/25 11:18 AM,7 minutes and 13 seconds,Mayra Luna
Tink-a-Tako - Potranco,Ivana Abundiz,202,,Lobby,,10/29/25 11:20 AM,10/29/25 11:20 AM,30 seconds,Mayra Luna
Tink-a-Tako - Potranco,Ivana Abundiz,202,,Prep,,10/29/25 11:20 AM,10/29/25 11:20 AM,30 seconds,Mayra Luna
Tink-a-Tako - Potranco,Esperansa Caviedes,201,1,Lobby,,10/29/25 11:19 AM,10/29/25 11:22 AM,2 minutes and 47 seconds,Mayra Luna
Tink-a-Tako - Potranco,Ivana Abundiz,204,,Lobby,,10/29/25 11:22 AM,10/29/25 11:24 AM,1 minute and 48 seconds,Mayra Luna
Tink-a-Tako - Potranco,Rosa Compean,207,,Lobby,,10/29/25 11:25 AM,10/29/25 11:27 AM,1 minute and 52 seconds,Mayra Luna
Tink-a-Tako - Potranco,Esperansa Caviedes,200,18,Lobby,,10/29/25 11:25 AM,10/29/25 11:30 AM,4 minutes and 53 seconds,Mayra Luna
Tink-a-Tako - Potranco,Esperansa Caviedes,200,18,Prep,,10/29/25 11:25 AM,10/29/25 11:30 AM,4 minutes and 53 seconds,Mayra Luna
Tink-a-Tako - Potranco,Ivana Abundiz,210,,Lobby,,10/29/25 11:29 AM,10/29/25 11:30 AM,33 seconds,Mayra Luna
Tink-a-Tako - Potranco,Ivana Abundiz,208,,Lobby,,10/29/25 11:28 AM,10/29/25 11:30 AM,2 minutes and 46 seconds,Mayra Luna
Tink-a-Tako - Potranco,Esperansa Caviedes,200,18,,2,10/29/25 11:30 AM,10/29/25 11:31 AM,1 minute and 34 seconds,Mayra Luna
Tink-a-Tako - Potranco,Esperansa Caviedes,201,1,,2,10/29/25 11:22 AM,10/29/25 11:31 AM,9 minutes and 38 seconds,Mayra Luna
Tink-a-Tako - Potranco,Rosa Compean,207,,,2,10/29/25 11:27 AM,10/29/25 11:31 AM,3 minutes and 58 seconds,Mayra Luna
Tink-a-Tako - Potranco,Rosa Compean,206,24,Lobby,,10/29/25 11:26 AM,10/29/25 11:33 AM,7 minutes and 2 seconds,Mayra Luna
Tink-a-Tako - Potranco,Norma Vasquez,214,32,Lobby,,10/29/25 11:31 AM,10/29/25 11:33 AM,1 minute and 31 seconds,Mayra Luna
Tink-a-Tako - Potranco,Ivana Abundiz,205,,Lobby,,10/29/25 11:27 AM,10/29/25 11:33 AM,5 minutes and 49 seconds,Mayra Luna
Tink-a-Tako - Potranco,Norma Vasquez,215,7,Lobby,,10/29/25 11:32 AM,10/29/25 11:34 AM,1 minute and 37 seconds,Mayra Luna
Tink-a-Tako - Potranco,Rosa Compean,216,10,Lobby,,10/29/25 11:34 AM,10/29/25 11:36 AM,2 minutes and 3 seconds,Mayra Luna
Tink-a-Tako - Potranco,Rosa Compean,216,10,Prep,,10/29/25 11:34 AM,10/29/25 11:36 AM,2 minutes and 3 seconds,Mayra Luna
Tink-a-Tako - Potranco,Esperansa Caviedes,150,39,Prep,,10/29/25 11:34 AM,10/29/25 11:36 AM,1 minute and 48 seconds,Mayra Luna
Tink-a-Tako - Potranco,Esperansa Caviedes,150,39,Lobby,,10/29/25 11:34 AM,10/29/25 11:36 AM,1 minute and 48 seconds,Mayra Luna
Tink-a-Tako - Potranco,Daniela Torres,213,,Lobby,,10/29/25 11:31 AM,10/29/25 11:37 AM,5 minutes and 50 seconds,Mayra Luna
Tink-a-Tako - Potranco,Daniela Torres,213,,Tortillero,,10/29/25 11:31 AM,10/29/25 11:37 AM,5 minutes and 50 seconds,Mayra Luna
Tink-a-Tako - Potranco,Daniela Torres,213,,Prep,,10/29/25 11:31 AM,10/29/25 11:37 AM,5 minutes and 50 seconds,Mayra Luna
Tink-a-Tako - Potranco,Esperansa Caviedes,218,17,Lobby,,10/29/25 11:36 AM,10/29/25 11:37 AM,1 minute and 24 seconds,Mayra Luna
Tink-a-Tako - Potranco,Ivana Abundiz,211,,Tortillero,,10/29/25 11:32 AM,10/29/25 11:38 AM,5 minutes and 48 seconds,Mayra Luna
Tink-a-Tako - Potranco,Ivana Abundiz,211,,Lobby,,10/29/25 11:32 AM,10/29/25 11:38 AM,5 minutes and 48 seconds,Mayra Luna
Tink-a-Tako - Potranco,Ivana Abundiz,211,,Prep,,10/29/25 11:32 AM,10/29/25 11:38 AM,5 minutes and 48 seconds,Mayra Luna
Tink-a-Tako - Potranco,Ivana Abundiz,219,,Lobby,,10/29/25 11:36 AM,10/29/25 11:39 AM,2 minutes and 36 seconds,Mayra Luna
Tink-a-Tako - Potranco,Ivana Abundiz,219,,Prep,,10/29/25 11:36 AM,10/29/25 11:39 AM,2 minutes and 36 seconds,Mayra Luna
Tink-a-Tako - Potranco,Ivana Abundiz,217,,Lobby,,10/29/25 11:36 AM,10/29/25 11:40 AM,3 minutes and 33 seconds,Mayra Luna
Tink-a-Tako - Potranco,Ivana Abundiz,221,,Lobby,,10/29/25 11:37 AM,10/29/25 11:40 AM,2 minutes and 44 seconds,Mayra Luna
Tink-a-Tako - Potranco,Ivana Abundiz,217,,Lobby,,10/29/25 11:40 AM,10/29/25 11:41 AM,35 seconds,Mayra Luna
Tink-a-Tako - Potranco,Ivana Abundiz,224,,Lobby,,10/29/25 11:41 AM,10/29/25 11:43 AM,1 minute and 24 seconds,Mayra Luna
Tink-a-Tako - Potranco,Ivana Abundiz,224,,Prep,,10/29/25 11:41 AM,10/29/25 11:43 AM,1 minute and 24 seconds,Mayra Luna
Tink-a-Tako - Potranco,Rosa Compean,223,31,Prep,,10/29/25 11:42 AM,10/29/25 11:47 AM,4 minutes and 56 seconds,Mayra Luna
Tink-a-Tako - Potranco,Rosa Compean,223,31,Lobby,,10/29/25 11:42 AM,10/29/25 11:47 AM,4 minutes and 56 seconds,Mayra Luna
Tink-a-Tako - Potranco,Norma Vasquez,220,38,Prep,,10/29/25 11:37 AM,10/29/25 11:47 AM,10 minutes and 18 seconds,Mayra Luna
Tink-a-Tako - Potranco,Norma Vasquez,220,38,Lobby,,10/29/25 11:37 AM,10/29/25 11:47 AM,10 minutes and 18 seconds,Mayra Luna
Tink-a-Tako - Potranco,Norma Vasquez,220,38,Tortillero,,10/29/25 11:37 AM,10/29/25 11:47 AM,10 minutes and 18 seconds,Mayra Luna
Tink-a-Tako - Potranco,Rosa Compean,232,37,Lobby,,10/29/25 11:47 AM,10/29/25 11:48 AM,1 minute and 5 seconds,Mayra Luna
Tink-a-Tako - Potranco,Ivana Abundiz,228,,Lobby,,10/29/25 11:45 AM,10/29/25 11:48 AM,3 minutes and 33 seconds,Mayra Luna
Tink-a-Tako - Potranco,Ivana Abundiz,224,,Lobby,,10/29/25 11:47 AM,10/29/25 11:50 AM,2 minutes and 44 seconds,Mayra Luna
Tink-a-Tako - Potranco,Daniela Torres,230,,Lobby,,10/29/25 11:46 AM,10/29/25 11:50 AM,4 minutes and 3 seconds,Mayra Luna
Tink-a-Tako - Potranco,Norma Vasquez,233,26,Lobby,,10/29/25 11:47 AM,10/29/25 11:50 AM,2 minutes and 59 seconds,Mayra Luna
Tink-a-Tako - Potranco,Norma Vasquez,220,38,,2,10/29/25 11:47 AM,10/29/25 11:52 AM,5 minutes and 15 seconds,Mayra Luna
Tink-a-Tako - Potranco,Rosa Compean,223,31,,2,10/29/25 11:47 AM,10/29/25 11:52 AM,5 minutes and 30 seconds,Mayra Luna
Tink-a-Tako - Potranco,Esperansa Caviedes,218,17,,2,10/29/25 11:37 AM,10/29/25 11:52 AM,15 minutes and 3 seconds,Mayra Luna
Tink-a-Tako - Potranco,Rosa Compean,216,10,,2,10/29/25 11:36 AM,10/29/25 11:52 AM,16 minutes and 31 seconds,Mayra Luna
Tink-a-Tako - Potranco,Rosa Compean,232,37,,2,10/29/25 11:48 AM,10/29/25 11:52 AM,4 minutes and 31 seconds,Mayra Luna
Tink-a-Tako - Potranco,Norma Vasquez,215,7,Lobby,,10/29/25 11:52 AM,10/29/25 11:54 AM,1 minute and 49 seconds,Mayra Luna
Tink-a-Tako - Potranco,Norma Vasquez,214,32,,2,10/29/25 11:33 AM,10/29/25 11:54 AM,21 minutes and 15 seconds,Mayra Luna
Tink-a-Tako - Potranco,Esperansa Caviedes,150,39,,2,10/29/25 11:36 AM,10/29/25 11:54 AM,18 minutes and 4 seconds,Mayra Luna
Tink-a-Tako - Potranco,Norma Vasquez,215,7,,2,10/29/25 11:34 AM,10/29/25 11:54 AM,19 minutes and 57 seconds,Mayra Luna
Tink-a-Tako - Potranco,Daniela Torres,230,,,2,10/29/25 11:50 AM,10/29/25 11:54 AM,4 minutes and 4 seconds,Mayra Luna
Tink-a-Tako - Potranco,Norma Vasquez,233,26,,2,10/29/25 11:50 AM,10/29/25 11:54 AM,3 minutes and 38 seconds,Mayra Luna
Tink-a-Tako - Potranco,Norma Vasquez,215,7,,2,10/29/25 11:54 AM,10/29/25 11:54 AM,9 seconds,Mayra Luna
Tink-a-Tako - Potranco,Rosa Compean,206,24,,2,10/29/25 11:33 AM,10/29/25 11:54 AM,21 minutes and 27 seconds,Mayra Luna
Tink-a-Tako - Potranco,Daniela Torres,213,,,2,10/29/25 11:37 AM,10/29/25 11:54 AM,17 minutes and 16 seconds,Mayra Luna
Tink-a-Tako - Potranco,Esperansa Caviedes,235,18,Lobby,,10/29/25 11:52 AM,10/29/25 11:55 AM,2 minutes and 14 seconds,Mayra Luna
Tink-a-Tako - Potranco,Esperansa Caviedes,234,11,Lobby,,10/29/25 11:52 AM,10/29/25 11:58 AM,6 minutes and 20 seconds,Mayra Luna
Tink-a-Tako - Potranco,Ivana Abundiz,237,,Lobby,,10/29/25 11:56 AM,10/29/25 11:59 AM,2 minutes and 50 seconds,Mayra Luna
Tink-a-Tako - Potranco,Rosa Compean,239,17,Lobby,,10/29/25 11:57 AM,10/29/25 11:59 AM,2 minutes and 22 seconds,Mayra Luna
Tink-a-Tako - Potranco,Esperansa Caviedes,235,18,,2,10/29/25 11:55 AM,10/29/25 12:00 PM,5 minutes and 22 seconds,Mayra Luna
Tink-a-Tako - Potranco,Esperansa Caviedes,209,25,Lobby,,10/29/25 11:55 AM,10/29/25 12:01 PM,5 minutes and 8 seconds,Mayra Luna
Tink-a-Tako - Potranco,Ivana Abundiz,242,,Lobby,,10/29/25 12:01 PM,10/29/25 12:02 PM,58 seconds,Mayra Luna
Tink-a-Tako - Potranco,Ivana Abundiz,242,,Prep,,10/29/25 12:01 PM,10/29/25 12:02 PM,58 seconds,Mayra Luna
Tink-a-Tako - Potranco,Ivana Abundiz,240,,Lobby,,10/29/25 11:57 AM,10/29/25 12:02 PM,4 minutes and 51 seconds,Mayra Luna
Tink-a-Tako - Potranco,Ivana Abundiz,240,,Prep,,10/29/25 11:57 AM,10/29/25 12:02 PM,4 minutes and 51 seconds,Mayra Luna
Tink-a-Tako - Potranco,Ivana Abundiz,238,,Lobby,,10/29/25 11:57 AM,10/29/25 12:04 PM,6 minutes and 59 seconds,Mayra Luna
Tink-a-Tako - Potranco,Ivana Abundiz,227,,Lobby,,10/29/25 11:44 AM,10/29/25 12:04 PM,20 minutes and 32 seconds,Mayra Luna
Tink-a-Tako - Potranco,Ivana Abundiz,241,,Lobby,,10/29/25 12:00 PM,10/29/25 12:04 PM,4 minutes and 27 seconds,Mayra Luna
Tink-a-Tako - Potranco,Ivana Abundiz,244,,Lobby,,10/29/25 12:06 PM,10/29/25 12:07 PM,1 minute and 43 seconds,Mayra Luna
Tink-a-Tako - Potranco,Norma Vasquez,203,34,Lobby,,10/29/25 12:09 PM,10/29/25 12:11 PM,2 minutes and 14 seconds,Mayra Luna
Tink-a-Tako - Potranco,Norma Vasquez,233,26,Lobby,,10/29/25 12:10 PM,10/29/25 12:11 PM,45 seconds,Mayra Luna
Tink-a-Tako - Potranco,Esperansa Caviedes,209,25,Prep,,10/29/25 12:11 PM,10/29/25 12:12 PM,1 minute and 7 seconds,Mayra Luna
Tink-a-Tako - Potranco,Esperansa Caviedes,209,25,Lobby,,10/29/25 12:11 PM,10/29/25 12:12 PM,1 minute and 7 seconds,Mayra Luna
Tink-a-Tako - Potranco,Ivana Abundiz,246,,Lobby,,10/29/25 12:14 PM,10/29/25 12:15 PM,43 seconds,Mayra Luna
Tink-a-Tako - Potranco,Esperansa Caviedes,234,11,,2,10/29/25 11:58 AM,10/29/25 12:16 PM,17 minutes and 43 seconds,Mayra Luna
Tink-a-Tako - Potranco,Esperansa Caviedes,209,25,,2,10/29/25 12:01 PM,10/29/25 12:16 PM,15 minutes and 16 seconds,Mayra Luna
Tink-a-Tako - Potranco,Norma Vasquez,203,34,,2,10/29/25 12:11 PM,10/29/25 12:16 PM,4 minutes and 49 seconds,Mayra Luna
Tink-a-Tako - Potranco,Rosa Compean,239,17,,2,10/29/25 11:59 AM,10/29/25 12:16 PM,16 minutes and 47 seconds,Mayra Luna
Tink-a-Tako - Potranco,Norma Vasquez,233,26,,2,10/29/25 12:11 PM,10/29/25 12:16 PM,4 minutes and 49 seconds,Mayra Luna
Tink-a-Tako - Potranco,Esperansa Caviedes,209,25,,2,10/29/25 12:12 PM,10/29/25 12:16 PM,3 minutes and 43 seconds,Mayra Luna
Tink-a-Tako - Potranco,Daniela Torres,247,,Lobby,,10/29/25 12:15 PM,10/29/25 12:18 PM,2 minutes and 46 seconds,Mayra Luna
Tink-a-Tako - Potranco,Esperansa Caviedes,248,24,Lobby,,10/29/25 12:17 PM,10/29/25 12:20 PM,2 minutes and 18 seconds,Mayra Luna
Tink-a-Tako - Potranco,Ivana Abundiz,249,,Lobby,,10/29/25 12:21 PM,10/29/25 12:21 PM,40 seconds,Mayra Luna
Tink-a-Tako - Potranco,Daniela Torres,77,,,2,10/29/25 12:21 PM,10/29/25 12:21 PM,5 seconds,Mayra Luna
Tink-a-Tako - Potranco,Ivana Abundiz,250,,Lobby,,10/29/25 12:24 PM,10/29/25 12:26 PM,1 minute and 27 seconds,Mayra Luna
Tink-a-Tako - Potranco,Ivana Abundiz,222,,Lobby,,10/29/25 12:22 PM,10/29/25 12:26 PM,3 minutes and 38 seconds,Mayra Luna
Tink-a-Tako - Potranco,Ivana Abundiz,252,,Lobby,,10/29/25 12:25 PM,10/29/25 12:27 PM,2 minutes and 7 seconds,Mayra Luna
Tink-a-Tako - Potranco,Ivana Abundiz,252,,Prep,,10/29/25 12:25 PM,10/29/25 12:27 PM,2 minutes and 7 seconds,Mayra Luna
Tink-a-Tako - Potranco,Ivana Abundiz,253,,Lobby,,10/29/25 12:25 PM,10/29/25 12:28 PM,2 minutes and 41 seconds,Mayra Luna
Tink-a-Tako - Potranco,Ivana Abundiz,254,,Lobby,,10/29/25 12:28 PM,10/29/25 12:28 PM,46 seconds,Mayra Luna
Tink-a-Tako - Potranco,Ivana Abundiz,254,,Prep,,10/29/25 12:28 PM,10/29/25 12:28 PM,46 seconds,Mayra Luna
Tink-a-Tako - Potranco,Rosa Compean,255,,Lobby,,10/29/25 12:29 PM,10/29/25 12:30 PM,45 seconds,Mayra Luna
Tink-a-Tako - Potranco,Ivana Abundiz,256,,Lobby,,10/29/25 12:35 PM,10/29/25 12:37 PM,2 minutes and 18 seconds,Mayra Luna
Tink-a-Tako - Potranco,Rosa Compean,258,18,Lobby,,10/29/25 12:36 PM,10/29/25 12:39 PM,2 minutes and 22 seconds,Mayra Luna
Tink-a-Tako - Potranco,Rosa Compean,258,18,Prep,,10/29/25 12:36 PM,10/29/25 12:39 PM,2 minutes and 22 seconds,Mayra Luna
Tink-a-Tako - Potranco,Ivana Abundiz,257,,Lobby,,10/29/25 12:36 PM,10/29/25 12:39 PM,3 minutes and 23 seconds,Mayra Luna
Tink-a-Tako - Potranco,Norma Vasquez,251,34,Lobby,,10/29/25 12:41 PM,10/29/25 12:44 PM,3 minutes and 14 seconds,Mayra Luna
Tink-a-Tako - Potranco,Norma Vasquez,251,34,Prep,,10/29/25 12:41 PM,10/29/25 12:44 PM,3 minutes and 14 seconds,Mayra Luna
Tink-a-Tako - Potranco,Rosa Compean,260,32,Lobby,,10/29/25 12:45 PM,10/29/25 12:48 PM,3 minutes and 20 seconds,Mayra Luna
Tink-a-Tako - Potranco,Norma Vasquez,251,34,Lobby,,10/29/25 12:46 PM,10/29/25 12:49 PM,3 minutes and 1 second,Mayra Luna
Tink-a-Tako - Potranco,Ivana Abundiz,261,,Lobby,,10/29/25 12:49 PM,10/29/25 12:50 PM,1 minute and 4 seconds,Mayra Luna
Tink-a-Tako - Potranco,Norma Vasquez,251,34,,2,10/29/25 12:44 PM,10/29/25 12:54 PM,10 minutes and 29 seconds,Mayra Luna
Tink-a-Tako - Potranco,Rosa Compean,255,,,2,10/29/25 12:30 PM,10/29/25 12:54 PM,24 minutes and 15 seconds,Mayra Luna
Tink-a-Tako - Potranco,Esperansa Caviedes,248,24,,2,10/29/25 12:20 PM,10/29/25 12:54 PM,34 minutes and 40 seconds,Mayra Luna
Tink-a-Tako - Potranco,Norma Vasquez,251,34,,2,10/29/25 12:49 PM,10/29/25 12:54 PM,5 minutes and 9 seconds,Mayra Luna
Tink-a-Tako - Potranco,Daniela Torres,247,,,2,10/29/25 12:18 PM,10/29/25 12:54 PM,36 minutes and 31 seconds,Mayra Luna
Tink-a-Tako - Potranco,Rosa Compean,260,32,,2,10/29/25 12:48 PM,10/29/25 12:54 PM,6 minutes and 35 seconds,Mayra Luna
Tink-a-Tako - Potranco,Rosa Compean,258,18,,2,10/29/25 12:39 PM,10/29/25 12:54 PM,15 minutes and 48 seconds,Mayra Luna
Tink-a-Tako - Potranco,Norma Vasquez,262,9,Prep,,10/29/25 12:54 PM,10/29/25 12:57 PM,2 minutes and 49 seconds,Mayra Luna
Tink-a-Tako - Potranco,Norma Vasquez,262,9,Lobby,,10/29/25 12:54 PM,10/29/25 12:57 PM,2 minutes and 49 seconds,Mayra Luna
Tink-a-Tako - Potranco,Norma Vasquez,262,9,Tortillero,,10/29/25 12:54 PM,10/29/25 12:57 PM,2 minutes and 49 seconds,Mayra Luna
Tink-a-Tako - Potranco,Daniela Torres,264,,Lobby,,10/29/25 12:59 PM,10/29/25 1:02 PM,3 minutes and 23 seconds,Mayra Luna
Tink-a-Tako - Potranco,Esperansa Caviedes,263,25,Lobby,,10/29/25 12:59 PM,10/29/25 1:03 PM,4 minutes and 33 seconds,Mayra Luna
Tink-a-Tako - Potranco,Norma Vasquez,266,39,Lobby,,10/29/25 1:04 PM,10/29/25 1:06 PM,2 minutes and 30 seconds,Mayra Luna
Tink-a-Tako - Potranco,Norma Vasquez,262,9,,2,10/29/25 12:57 PM,10/29/25 1:09 PM,11 minutes and 34 seconds,Mayra Luna
Tink-a-Tako - Potranco,Esperansa Caviedes,263,25,,2,10/29/25 1:03 PM,10/29/25 1:09 PM,5 minutes and 32 seconds,Mayra Luna
Tink-a-Tako - Potranco,Esperansa Caviedes,259,4,Lobby,,10/29/25 1:03 PM,10/29/25 1:12 PM,8 minutes and 53 seconds,Mayra Luna
Tink-a-Tako - Potranco,Esperansa Caviedes,259,4,Prep,,10/29/25 1:03 PM,10/29/25 1:12 PM,8 minutes and 53 seconds,Mayra Luna
Tink-a-Tako - Potranco,Esperansa Caviedes,259,4,Tortillero,,10/29/25 1:03 PM,10/29/25 1:12 PM,8 minutes and 53 seconds,Mayra Luna
Tink-a-Tako - Potranco,Ivana Abundiz,265,,Lobby,,10/29/25 1:03 PM,10/29/25 1:12 PM,9 minutes and 16 seconds,Mayra Luna
Tink-a-Tako - Potranco,Rosa Compean,269,33,Lobby,,10/29/25 1:09 PM,10/29/25 1:14 PM,4 minutes and 38 seconds,Mayra Luna
Tink-a-Tako - Potranco,Esperansa Caviedes,267,24,Lobby,,10/29/25 1:06 PM,10/29/25 1:14 PM,7 minutes and 40 seconds,Mayra Luna
Tink-a-Tako - Potranco,Ivana Abundiz,270,,Lobby,,10/29/25 1:12 PM,10/29/25 1:15 PM,3 minutes and 15 seconds,Mayra Luna
Tink-a-Tako - Potranco,Daniela Torres,264,,,2,10/29/25 1:02 PM,10/29/25 1:16 PM,14 minutes and 10 seconds,Mayra Luna
Tink-a-Tako - Potranco,Esperansa Caviedes,259,4,,2,10/29/25 1:12 PM,10/29/25 1:16 PM,4 minutes and 20 seconds,Mayra Luna
Tink-a-Tako - Potranco,Esperansa Caviedes,267,24,,2,10/29/25 1:14 PM,10/29/25 1:16 PM,2 minutes and 56 seconds,Mayra Luna
Tink-a-Tako - Potranco,Norma Vasquez,266,39,,2,10/29/25 1:06 PM,10/29/25 1:16 PM,10 minutes,Mayra Luna
Tink-a-Tako - Potranco,Rosa Compean,271,37,Lobby,,10/29/25 1:15 PM,10/29/25 1:20 PM,4 minutes and 51 seconds,Mayra Luna
Tink-a-Tako - Potranco,Rosa Compean,271,37,Prep,,10/29/25 1:15 PM,10/29/25 1:20 PM,4 minutes and 51 seconds,Mayra Luna
Tink-a-Tako - Potranco,Rosa Compean,271,37,Tortillero,,10/29/25 1:15 PM,10/29/25 1:20 PM,4 minutes and 51 seconds,Mayra Luna
Tink-a-Tako - Potranco,Ivana Abundiz,272,,Lobby,,10/29/25 1:20 PM,10/29/25 1:22 PM,2 minutes and 8 seconds,Mayra Luna
Tink-a-Tako - Potranco,Ivana Abundiz,272,,Prep,,10/29/25 1:20 PM,10/29/25 1:22 PM,2 minutes and 8 seconds,Mayra Luna
Tink-a-Tako - Potranco,Ivana Abundiz,273,,Lobby,,10/29/25 1:21 PM,10/29/25 1:22 PM,1 minute and 10 seconds,Mayra Luna
Tink-a-Tako - Potranco,Ivana Abundiz,273,,Prep,,10/29/25 1:21 PM,10/29/25 1:22 PM,1 minute and 10 seconds,Mayra Luna
Tink-a-Tako - Potranco,Ivana Abundiz,272,,Lobby,,10/29/25 1:21 PM,10/29/25 1:22 PM,1 minute,Mayra Luna
Tink-a-Tako - Potranco,Ivana Abundiz,274,,Lobby,,10/29/25 1:24 PM,10/29/25 1:25 PM,49 seconds,Mayra Luna
Tink-a-Tako - Potranco,Ivana Abundiz,273,,Lobby,,10/29/25 1:25 PM,10/29/25 1:26 PM,45 seconds,Mayra Luna
Tink-a-Tako - Potranco,Ivana Abundiz,273,,Prep,,10/29/25 1:25 PM,10/29/25 1:26 PM,45 seconds,Mayra Luna
Tink-a-Tako - Potranco,Ivana Abundiz,275,,Lobby,,10/29/25 1:25 PM,10/29/25 1:28 PM,3 minutes and 22 seconds,Mayra Luna
Tink-a-Tako - Potranco,Esperansa Caviedes,276,26,Prep,,10/29/25 1:26 PM,10/29/25 1:29 PM,2 minutes and 55 seconds,Mayra Luna
Tink-a-Tako - Potranco,Esperansa Caviedes,276,26,Lobby,,10/29/25 1:26 PM,10/29/25 1:29 PM,2 minutes and 55 seconds,Mayra Luna
Tink-a-Tako - Potranco,Ivana Abundiz,277,,Lobby,,10/29/25 1:28 PM,10/29/25 1:31 PM,2 minutes and 42 seconds,Mayra Luna
Tink-a-Tako - Potranco,Ivana Abundiz,278,,Lobby,,10/29/25 1:31 PM,10/29/25 1:31 PM,45 seconds,Mayra Luna
Tink-a-Tako - Potranco,Rosa Compean,269,33,Lobby,,10/29/25 1:34 PM,10/29/25 1:34 PM,17 seconds,Mayra Luna
Tink-a-Tako - Potranco,Ivana Abundiz,279,,Lobby,,10/29/25 1:37 PM,10/29/25 1:42 PM,4 minutes and 46 seconds,Mayra Luna
Tink-a-Tako - Potranco,Rosa Compean,281,3,Lobby,,10/29/25 1:40 PM,10/29/25 1:42 PM,2 minutes and 52 seconds,Mayra Luna
Tink-a-Tako - Potranco,Rosa Compean,281,3,Tortillero,,10/29/25 1:40 PM,10/29/25 1:42 PM,2 minutes and 52 seconds,Mayra Luna
Tink-a-Tako - Potranco,Ivana Abundiz,280,,Lobby,,10/29/25 1:39 PM,10/29/25 1:43 PM,4 minutes and 13 seconds,Mayra Luna
Tink-a-Tako - Potranco,Rosa Compean,269,33,,2,10/29/25 1:34 PM,10/29/25 1:45 PM,11 minutes and 23 seconds,Mayra Luna
Tink-a-Tako - Potranco,Esperansa Caviedes,276,26,,2,10/29/25 1:29 PM,10/29/25 1:45 PM,16 minutes and 11 seconds,Mayra Luna
Tink-a-Tako - Potranco,Rosa Compean,269,33,,2,10/29/25 1:14 PM,10/29/25 1:45 PM,31 minutes and 56 seconds,Mayra Luna
Tink-a-Tako - Potranco,Rosa Compean,281,3,,2,10/29/25 1:42 PM,10/29/25 1:45 PM,3 minutes and 4 seconds,Mayra Luna
Tink-a-Tako - Potranco,Norma Vasquez,283,17,Lobby,,10/29/25 1:44 PM,10/29/25 1:47 PM,2 minutes and 40 seconds,Mayra Luna
Tink-a-Tako - Potranco,Ivana Abundiz,282,,Lobby,,10/29/25 1:45 PM,10/29/25 1:48 PM,2 minutes and 56 seconds,Mayra Luna
Tink-a-Tako - Potranco,Ivana Abundiz,284,,Lobby,,10/29/25 1:52 PM,10/29/25 1:52 PM,5 seconds,Mayra Luna
Tink-a-Tako - Potranco,Ivana Abundiz,284,,Lobby,,10/29/25 1:52 PM,10/29/25 1:54 PM,1 minute and 59 seconds,Mayra Luna
Tink-a-Tako - Potranco,Ivana Abundiz,285,,Lobby,,10/29/25 1:54 PM,10/29/25 1:56 PM,2 minutes and 22 seconds,Mayra Luna
Tink-a-Tako - Potranco,Ivana Abundiz,285,,Prep,,10/29/25 1:54 PM,10/29/25 1:56 PM,2 minutes and 22 seconds,Mayra Luna
Tink-a-Tako - Potranco,Ivana Abundiz,286,,Lobby,,10/29/25 1:55 PM,10/29/25 1:57 PM,1 minute and 31 seconds,Mayra Luna
Tink-a-Tako - Potranco,Norma Vasquez,283,17,,2,10/29/25 1:47 PM,10/29/25 1:59 PM,11 minutes and 50 seconds,Mayra Luna
Tink-a-Tako - Potranco,Rosa Compean,271,37,,2,10/29/25 1:20 PM,10/29/25 1:59 PM,38 minutes and 47 seconds,Mayra Luna
Tink-a-Tako - Potranco,Daniela Torres,288,,Lobby,,10/29/25 1:56 PM,10/29/25 2:00 PM,4 minutes and 10 seconds,Mayra Luna
Tink-a-Tako - Potranco,Norma Vasquez,289,33,Lobby,,10/29/25 1:58 PM,10/29/25 2:04 PM,5 minutes and 28 seconds,Mayra Luna
Tink-a-Tako - Potranco,Lizeth Alonso,291,,Lobby,,10/29/25 2:03 PM,10/29/25 2:12 PM,8 minutes and 3 seconds,Mayra Luna
Tink-a-Tako - Potranco,Lizeth Alonso,294,,Lobby,,10/29/25 2:04 PM,10/29/25 2:16 PM,11 minutes and 52 seconds,Mayra Luna
Tink-a-Tako - Potranco,Rosa Compean,292,,Lobby,,10/29/25 2:02 PM,10/29/25 2:16 PM,13 minutes and 22 seconds,Mayra Luna
Tink-a-Tako - Potranco,Lizeth Alonso,296,,Lobby,,10/29/25 2:13 PM,10/29/25 2:21 PM,7 minutes and 56 seconds,Mayra Luna
Tink-a-Tako - Potranco,Lizeth Alonso,295,,Lobby,,10/29/25 2:13 PM,10/29/25 2:23 PM,10 minutes and 14 seconds,Mayra Luna
Tink-a-Tako - Potranco,Lizeth Alonso,300,,Lobby,,10/29/25 2:17 PM,10/29/25 2:24 PM,6 minutes and 45 seconds,Mayra Luna
Tink-a-Tako - Potranco,Sergio Abundiz,299,24,Lobby,,10/29/25 2:14 PM,10/29/25 2:30 PM,15 minutes and 15 seconds,Mayra Luna
Tink-a-Tako - Potranco,Sergio Abundiz,297,25,Lobby,,10/29/25 2:13 PM,10/29/25 2:30 PM,16 minutes and 10 seconds,Mayra Luna
Tink-a-Tako - Potranco,Juan  Camacho,303,18,Lobby,,10/29/25 2:30 PM,10/29/25 2:39 PM,9 minutes and 45 seconds,Mayra Luna
Tink-a-Tako - Potranco,Juan  Camacho,303,18,,2,10/29/25 2:39 PM,10/29/25 2:43 PM,3 minutes and 24 seconds,Mayra Luna
Tink-a-Tako - Potranco,Sergio Abundiz,299,24,,2,10/29/25 2:30 PM,10/29/25 2:43 PM,13 minutes and 15 seconds,Mayra Luna
Tink-a-Tako - Potranco,Juan  Camacho,307,3,Prep,,10/29/25 2:39 PM,10/29/25 2:43 PM,4 minutes and 1 second,Mayra Luna
Tink-a-Tako - Potranco,Juan  Camacho,307,3,Lobby,,10/29/25 2:39 PM,10/29/25 2:43 PM,4 minutes and 1 second,Mayra Luna
Tink-a-Tako - Potranco,Mayra Luna,304,,Lobby,,10/29/25 2:35 PM,10/29/25 2:45 PM,10 minutes and 32 seconds,Mayra Luna
Tink-a-Tako - Potranco,Mayra Luna,304,,Prep,,10/29/25 2:35 PM,10/29/25 2:45 PM,10 minutes and 32 seconds,Mayra Luna
Tink-a-Tako - Potranco,Mayra Luna,304,,Tortillero,,10/29/25 2:35 PM,10/29/25 2:45 PM,10 minutes and 32 seconds,Mayra Luna
Tink-a-Tako - Potranco,Juan  Camacho,305,23,Prep,,10/29/25 2:37 PM,10/29/25 2:48 PM,11 minutes and 25 seconds,Mayra Luna
Tink-a-Tako - Potranco,Juan  Camacho,305,23,Lobby,,10/29/25 2:37 PM,10/29/25 2:48 PM,11 minutes and 25 seconds,Mayra Luna
Tink-a-Tako - Potranco,Juan  Camacho,305,23,Tortillero,,10/29/25 2:37 PM,10/29/25 2:48 PM,11 minutes and 25 seconds,Mayra Luna
Tink-a-Tako - Potranco,Juan  Camacho,306,34,Lobby,,10/29/25 2:38 PM,10/29/25 2:53 PM,14 minutes and 19 seconds,Mayra Luna
Tink-a-Tako - Potranco,Juan  Camacho,306,34,Prep,,10/29/25 2:38 PM,10/29/25 2:53 PM,14 minutes and 19 seconds,Mayra Luna
Tink-a-Tako - Potranco,Juan  Camacho,306,34,Tortillero,,10/29/25 2:38 PM,10/29/25 2:53 PM,14 minutes and 19 seconds,Mayra Luna
Tink-a-Tako - Potranco,Lizeth Alonso,311,,Tortillero,,10/29/25 2:47 PM,10/29/25 2:53 PM,6 minutes and 25 seconds,Mayra Luna
Tink-a-Tako - Potranco,Lizeth Alonso,311,,Lobby,,10/29/25 2:47 PM,10/29/25 2:53 PM,6 minutes and 25 seconds,Mayra Luna
Tink-a-Tako - Potranco,Lizeth Alonso,311,,Prep,,10/29/25 2:47 PM,10/29/25 2:53 PM,6 minutes and 25 seconds,Mayra Luna
Tink-a-Tako - Potranco,Lizeth Alonso,308,,Lobby,,10/29/25 2:39 PM,10/29/25 2:53 PM,14 minutes and 4 seconds,Mayra Luna
Tink-a-Tako - Potranco,Juan  Camacho,306,34,,2,10/29/25 2:48 PM,10/29/25 2:54 PM,5 minutes and 49 seconds,Mayra Luna
Tink-a-Tako - Potranco,Sergio Abundiz,310,7,Lobby,,10/29/25 2:42 PM,10/29/25 2:56 PM,14 minutes and 31 seconds,Mayra Luna
Tink-a-Tako - Potranco,Mayra Luna,304,,Lobby,,10/29/25 2:48 PM,10/29/25 2:56 PM,8 minutes and 26 seconds,Mayra Luna
Tink-a-Tako - Potranco,Sergio Abundiz,299,24,Lobby,,10/29/25 2:59 PM,10/29/25 3:00 PM,1 minute and 12 seconds,Mayra Luna
Tink-a-Tako - Potranco,Juan  Camacho,312,32,Prep,,10/29/25 2:55 PM,10/29/25 3:01 PM,6 minutes and 3 seconds,Mayra Luna
Tink-a-Tako - Potranco,Juan  Camacho,312,32,Lobby,,10/29/25 2:55 PM,10/29/25 3:01 PM,6 minutes and 3 seconds,Mayra Luna
Tink-a-Tako - Potranco,Juan  Camacho,312,32,Tortillero,,10/29/25 2:55 PM,10/29/25 3:01 PM,6 minutes and 3 seconds,Mayra Luna
Tink-a-Tako - Potranco,Juan  Camacho,313,31,Lobby,,10/29/25 2:57 PM,10/29/25 3:01 PM,4 minutes and 8 seconds,Mayra Luna
Tink-a-Tako - Potranco,Norma Vasquez,289,33,,2,10/29/25 2:04 PM,10/29/25 3:02 PM,57 minutes and 58 seconds,Mayra Luna
Tink-a-Tako - Potranco,Rosa Compean,292,,,2,10/29/25 2:16 PM,10/29/25 3:02 PM,45 minutes and 51 seconds,Mayra Luna
Tink-a-Tako - Potranco,Sergio Abundiz,297,25,,2,10/29/25 2:30 PM,10/29/25 3:02 PM,31 minutes and 57 seconds,Mayra Luna
Tink-a-Tako - Potranco,Mayra Luna,304,,,2,10/29/25 2:45 PM,10/29/25 3:02 PM,16 minutes and 13 seconds,Mayra Luna
Tink-a-Tako - Potranco,Daniela Torres,288,,,2,10/29/25 2:00 PM,10/29/25 3:02 PM,"1 hour, 1 minute and 20 seconds",Mayra Luna
Tink-a-Tako - Potranco,Juan  Camacho,305,23,,2,10/29/25 2:48 PM,10/29/25 3:02 PM,13 minutes and 35 seconds,Mayra Luna
Tink-a-Tako - Potranco,Juan  Camacho,306,34,,2,10/29/25 2:53 PM,10/29/25 3:02 PM,9 minutes and 7 seconds,Mayra Luna
Tink-a-Tako - Potranco,Mayra Luna,304,,,2,10/29/25 2:56 PM,10/29/25 3:02 PM,5 minutes and 37 seconds,Mayra Luna
Tink-a-Tako - Potranco,Sergio Abundiz,310,7,,2,10/29/25 2:56 PM,10/29/25 3:02 PM,5 minutes and 37 seconds,Mayra Luna
Tink-a-Tako - Potranco,Juan  Camacho,307,3,,2,10/29/25 2:43 PM,10/29/25 3:02 PM,18 minutes and 38 seconds,Mayra Luna
Tink-a-Tako - Potranco,Juan  Camacho,312,32,,2,10/29/25 3:01 PM,10/29/25 3:02 PM,23 seconds,Mayra Luna
Tink-a-Tako - Potranco,Juan  Camacho,313,31,,2,10/29/25 3:01 PM,10/29/25 3:02 PM,23 seconds,Mayra Luna
Tink-a-Tako - Potranco,Sergio Abundiz,299,24,,2,10/29/25 3:00 PM,10/29/25 3:02 PM,1 minute and 54 seconds,Mayra Luna
Tink-a-Tako - Potranco,Juan  Camacho,314,,Lobby,,10/29/25 3:00 PM,10/29/25 3:06 PM,6 minutes and 29 seconds,Mayra Luna
Tink-a-Tako - Potranco,Sergio Abundiz,317,39,Lobby,,10/29/25 3:01 PM,10/29/25 3:07 PM,5 minutes and 38 seconds,Mayra Luna
Tink-a-Tako - Potranco,Lizeth Alonso,316,,Lobby,,10/29/25 3:02 PM,10/29/25 3:09 PM,6 minutes and 57 seconds,Mayra Luna
Tink-a-Tako - Potranco,Lizeth Alonso,316,,Prep,,10/29/25 3:02 PM,10/29/25 3:09 PM,6 minutes and 57 seconds,Mayra Luna
Tink-a-Tako - Potranco,Juan  Camacho,315,,Lobby,,10/29/25 3:01 PM,10/29/25 3:10 PM,8 minutes and 35 seconds,Mayra Luna
Tink-a-Tako - Potranco,Lizeth Alonso,319,,Lobby,,10/29/25 3:20 PM,10/29/25 3:21 PM,1 minute and 4 seconds,Mayra Luna
Tink-a-Tako - Potranco,Juan  Camacho,315,,Lobby,,10/29/25 3:06 PM,10/29/25 3:21 PM,15 minutes and 17 seconds,Mayra Luna
Tink-a-Tako - Potranco,Lizeth Alonso,323,,Lobby,,10/29/25 3:27 PM,10/29/25 3:28 PM,1 minute and 3 seconds,Mayra Luna
Tink-a-Tako - Potranco,Lizeth Alonso,324,,Lobby,,10/29/25 3:41 PM,10/29/25 3:42 PM,1 minute and 44 seconds,Mayra Luna
Tink-a-Tako - Potranco,Lizeth Alonso,326,,Lobby,,10/29/25 4:04 PM,10/29/25 4:06 PM,1 minute and 35 seconds,Mayra Luna
Tink-a-Tako - Potranco,Lizeth Alonso,327,,Lobby,,10/29/25 4:05 PM,10/29/25 4:06 PM,1 minute and 11 seconds,Mayra Luna
Tink-a-Tako - Potranco,Lizeth Alonso,329,,Lobby,,10/29/25 4:12 PM,10/29/25 4:16 PM,4 minutes and 36 seconds,Mayra Luna
Tink-a-Tako - Potranco,Lizeth Alonso,328,,Lobby,,10/29/25 4:10 PM,10/29/25 4:16 PM,5 minutes and 47 seconds,Mayra Luna
Tink-a-Tako - Potranco,Juan  Camacho,315,,,2,10/29/25 3:10 PM,10/29/25 4:25 PM,"1 hour, 15 minutes and 1 second",Mayra Luna
Tink-a-Tako - Potranco,Juan  Camacho,314,,,2,10/29/25 3:06 PM,10/29/25 4:25 PM,"1 hour, 18 minutes and 32 seconds",Mayra Luna
Tink-a-Tako - Potranco,Lizeth Alonso,330,,Lobby,,10/29/25 4:14 PM,10/29/25 4:25 PM,11 minutes,Mayra Luna
Tink-a-Tako - Potranco,Juan  Camacho,331,39,Lobby,,10/29/25 4:19 PM,10/29/25 4:25 PM,5 minutes and 43 seconds,Mayra Luna
Tink-a-Tako - Potranco,Mayra Luna,318,,Lobby,,10/29/25 4:37 PM,10/29/25 4:47 PM,9 minutes and 50 seconds,Mayra Luna
Tink-a-Tako - Potranco,Lizeth Alonso,332,,Lobby,,10/29/25 4:41 PM,10/29/25 4:48 PM,7 minutes and 37 seconds,Mayra Luna
Tink-a-Tako - Potranco,Lizeth Alonso,333,,Lobby,,10/29/25 4:42 PM,10/29/25 4:51 PM,8 minutes and 25 seconds,Mayra Luna
Tink-a-Tako - Potranco,Lizeth Alonso,334,,Lobby,,10/29/25 4:46 PM,10/29/25 4:51 PM,5 minutes and 7 seconds,Mayra Luna
Tink-a-Tako - Potranco,Sergio Abundiz,335,25,Lobby,,10/29/25 4:45 PM,10/29/25 4:51 PM,5 minutes and 47 seconds,Mayra Luna
Tink-a-Tako - Potranco,Sergio Abundiz,337,8,Lobby,,10/29/25 4:51 PM,10/29/25 5:00 PM,8 minutes and 41 seconds,Mayra Luna
Tink-a-Tako - Potranco,Juan  Camacho,336,31,Lobby,,10/29/25 4:52 PM,10/29/25 5:00 PM,8 minutes and 12 seconds,Mayra Luna
Tink-a-Tako - Potranco,Juan  Camacho,336,31,Tortillero,,10/29/25 4:52 PM,10/29/25 5:00 PM,8 minutes and 12 seconds,Mayra Luna
Tink-a-Tako - Potranco,Juan  Camacho,336,31,Prep,,10/29/25 4:52 PM,10/29/25 5:00 PM,8 minutes and 12 seconds,Mayra Luna
Tink-a-Tako - Potranco,Juan  Camacho,336,31,Lobby,,10/29/25 4:56 PM,10/29/25 5:00 PM,4 minutes and 9 seconds,Mayra Luna
Tink-a-Tako - Potranco,Sergio Abundiz,317,39,,2,10/29/25 3:07 PM,10/29/25 5:02 PM,"1 hour, 55 minutes and 18 seconds",Mayra Luna
Tink-a-Tako - Potranco,Juan  Camacho,331,39,,2,10/29/25 4:25 PM,10/29/25 5:02 PM,37 minutes and 19 seconds,Mayra Luna
Tink-a-Tako - Potranco,Juan  Camacho,338,17,Lobby,,10/29/25 5:00 PM,10/29/25 5:02 PM,2 minutes and 23 seconds,Mayra Luna
Tink-a-Tako - Potranco,Mayra Luna,318,,,2,10/29/25 4:47 PM,10/29/25 5:02 PM,15 minutes and 4 seconds,Mayra Luna
Tink-a-Tako - Potranco,Juan  Camacho,315,,,2,10/29/25 3:21 PM,10/29/25 5:02 PM,"1 hour, 41 minutes and 5 seconds",Mayra Luna
Tink-a-Tako - Potranco,Sergio Abundiz,335,25,,2,10/29/25 4:51 PM,10/29/25 5:02 PM,11 minutes and 14 seconds,Mayra Luna
Tink-a-Tako - Potranco,Sergio Abundiz,337,8,,2,10/29/25 5:00 PM,10/29/25 5:02 PM,2 minutes and 34 seconds,Mayra Luna
Tink-a-Tako - Potranco,Juan  Camacho,336,31,,2,10/29/25 5:00 PM,10/29/25 5:02 PM,2 minutes and 34 seconds,Mayra Luna
Tink-a-Tako - Potranco,Juan  Camacho,338,17,Lobby,,10/29/25 5:00 PM,10/29/25 5:04 PM,4 minutes and 29 seconds,Mayra Luna
Tink-a-Tako - Potranco,Juan  Camacho,336,31,Lobby,,10/29/25 5:02 PM,10/29/25 5:15 PM,13 minutes and 19 seconds,Mayra Luna
Tink-a-Tako - Potranco,Lizeth Alonso,339,,Lobby,,10/29/25 5:02 PM,10/29/25 5:16 PM,13 minutes and 54 seconds,Mayra Luna
Tink-a-Tako - Potranco,Sergio Abundiz,340,24,Prep,,10/29/25 5:11 PM,10/29/25 5:22 PM,11 minutes and 8 seconds,Mayra Luna
Tink-a-Tako - Potranco,Sergio Abundiz,340,24,Lobby,,10/29/25 5:11 PM,10/29/25 5:22 PM,11 minutes and 8 seconds,Mayra Luna
Tink-a-Tako - Potranco,Sergio Abundiz,340,24,Tortillero,,10/29/25 5:11 PM,10/29/25 5:22 PM,11 minutes and 8 seconds,Mayra Luna
Tink-a-Tako - Potranco,Sergio Abundiz,341,32,Lobby,,10/29/25 5:12 PM,10/29/25 5:22 PM,10 minutes and 3 seconds,Mayra Luna
Tink-a-Tako - Potranco,Lizeth Alonso,343,,Lobby,,10/29/25 5:17 PM,10/29/25 5:24 PM,6 minutes and 34 seconds,Mayra Luna
Tink-a-Tako - Potranco,Sergio Abundiz,341,32,Lobby,,10/29/25 5:21 PM,10/29/25 5:27 PM,5 minutes and 1 second,Mayra Luna
Tink-a-Tako - Potranco,Juan  Camacho,342,35,Lobby,,10/29/25 5:14 PM,10/29/25 5:27 PM,12 minutes and 58 seconds,Mayra Luna
Tink-a-Tako - Potranco,Sergio Abundiz,345,37,Lobby,,10/29/25 5:22 PM,10/29/25 5:31 PM,8 minutes and 45 seconds,Mayra Luna
Tink-a-Tako - Potranco,Lizeth Alonso,344,35,Lobby,,10/29/25 5:24 PM,10/29/25 5:31 PM,7 minutes and 12 seconds,Mayra Luna
Tink-a-Tako - Potranco,Juan  Camacho,347,,Lobby,,10/29/25 5:40 PM,10/29/25 5:48 PM,8 minutes and 22 seconds,Mayra Luna
Tink-a-Tako - Potranco,Lizeth Alonso,349,,Tortillero,,10/29/25 5:53 PM,10/29/25 5:56 PM,3 minutes and 7 seconds,Mayra Luna
Tink-a-Tako - Potranco,Lizeth Alonso,349,,Lobby,,10/29/25 5:53 PM,10/29/25 5:56 PM,3 minutes and 7 seconds,Mayra Luna
Tink-a-Tako - Potranco,Lizeth Alonso,348,,Lobby,,10/29/25 5:51 PM,10/29/25 5:56 PM,5 minutes and 14 seconds,Mayra Luna
Tink-a-Tako - Potranco,Juan  Camacho,347,,Lobby,,10/29/25 5:52 PM,10/29/25 5:56 PM,3 minutes and 38 seconds,Mayra Luna
Tink-a-Tako - Potranco,Juan  Camacho,338,17,Lobby,,10/29/25 5:48 PM,10/29/25 5:56 PM,8 minutes and 31 seconds,Mayra Luna
Tink-a-Tako - Potranco,Lizeth Alonso,351,,Lobby,,10/29/25 6:02 PM,10/29/25 6:05 PM,2 minutes and 50 seconds,Mayra Luna
Tink-a-Tako - Potranco,Mayra Luna,318,,Lobby,,10/29/25 5:59 PM,10/29/25 6:05 PM,6 minutes and 27 seconds,Mayra Luna
Tink-a-Tako - Potranco,Juan  Camacho,338,17,,2,10/29/25 5:04 PM,10/29/25 6:13 PM,"1 hour, 9 minutes and 19 seconds",Mayra Luna
Tink-a-Tako - Potranco,Juan  Camacho,336,31,,2,10/29/25 5:00 PM,10/29/25 6:13 PM,"1 hour, 13 minutes and 32 seconds",Mayra Luna
Tink-a-Tako - Potranco,Juan  Camacho,338,17,,2,10/29/25 5:02 PM,10/29/25 6:13 PM,"1 hour, 11 minutes and 10 seconds",Mayra Luna
Tink-a-Tako - Potranco,Juan  Camacho,336,31,,2,10/29/25 5:15 PM,10/29/25 6:13 PM,58 minutes and 9 seconds,Mayra Luna
Tink-a-Tako - Potranco,Sergio Abundiz,340,24,,2,10/29/25 5:22 PM,10/29/25 6:13 PM,51 minutes and 3 seconds,Mayra Luna
Tink-a-Tako - Potranco,Juan  Camacho,342,35,,2,10/29/25 5:27 PM,10/29/25 6:13 PM,46 minutes and 35 seconds,Mayra Luna
Tink-a-Tako - Potranco,Sergio Abundiz,341,32,,2,10/29/25 5:22 PM,10/29/25 6:13 PM,51 minutes and 3 seconds,Mayra Luna
Tink-a-Tako - Potranco,Sergio Abundiz,341,32,,2,10/29/25 5:27 PM,10/29/25 6:13 PM,46 minutes and 56 seconds,Mayra Luna
Tink-a-Tako - Potranco,Sergio Abundiz,345,37,,2,10/29/25 5:31 PM,10/29/25 6:14 PM,42 minutes and 20 seconds,Mayra Luna
Tink-a-Tako - Potranco,Juan  Camacho,338,17,,2,10/29/25 5:56 PM,10/29/25 6:14 PM,17 minutes and 22 seconds,Mayra Luna
Tink-a-Tako - Potranco,Lizeth Alonso,344,35,,2,10/29/25 5:31 PM,10/29/25 6:14 PM,42 minutes and 20 seconds,Mayra Luna
Tink-a-Tako - Potranco,Juan  Camacho,347,,,2,10/29/25 5:48 PM,10/29/25 6:14 PM,25 minutes and 21 seconds,Mayra Luna
Tink-a-Tako - Potranco,Juan  Camacho,347,,,2,10/29/25 5:56 PM,10/29/25 6:14 PM,17 minutes and 28 seconds,Mayra Luna
Tink-a-Tako - Potranco,Mayra Luna,318,,,2,10/29/25 6:05 PM,10/29/25 6:14 PM,8 minutes and 21 seconds,Mayra Luna
Tink-a-Tako - Potranco,Sergio Abundiz,353,,Lobby,,10/29/25 6:12 PM,10/29/25 6:17 PM,5 minutes and 15 seconds,Mayra Luna
Tink-a-Tako - Potranco,Sergio Abundiz,352,,Tortillero,,10/29/25 6:11 PM,10/29/25 6:18 PM,7 minutes and 28 seconds,Mayra Luna
Tink-a-Tako - Potranco,Sergio Abundiz,352,,Lobby,,10/29/25 6:11 PM,10/29/25 6:18 PM,7 minutes and 28 seconds,Mayra Luna
Tink-a-Tako - Potranco,Sergio Abundiz,352,,Prep,,10/29/25 6:11 PM,10/29/25 6:18 PM,7 minutes and 28 seconds,Mayra Luna
Tink-a-Tako - Potranco,Lizeth Alonso,350,,Lobby,,10/29/25 6:19 PM,10/29/25 6:24 PM,4 minutes and 46 seconds,Mayra Luna
Tink-a-Tako - Potranco,Juan  Camacho,355,25,Lobby,,10/29/25 6:22 PM,10/29/25 6:27 PM,4 minutes and 22 seconds,Mayra Luna
Tink-a-Tako - Potranco,Juan  Camacho,355,25,Lobby,,10/29/25 6:22 PM,10/29/25 6:27 PM,4 minutes and 13 seconds,Mayra Luna
Tink-a-Tako - Potranco,Juan  Camacho,357,32,Prep,,10/29/25 6:44 PM,10/29/25 6:46 PM,1 minute and 51 seconds,Mayra Luna
Tink-a-Tako - Potranco,Juan  Camacho,357,32,Lobby,,10/29/25 6:44 PM,10/29/25 6:46 PM,1 minute and 51 seconds,Mayra Luna
Tink-a-Tako - Potranco,Juan  Camacho,357,32,Lobby,,10/29/25 6:44 PM,10/29/25 6:53 PM,8 minutes and 50 seconds,Mayra Luna
Tink-a-Tako - Potranco,Sergio Abundiz,356,7,Lobby,,10/29/25 6:44 PM,10/29/25 6:53 PM,9 minutes and 39 seconds,Mayra Luna
Tink-a-Tako - Potranco,Sergio Abundiz,358,24,Lobby,,10/29/25 6:50 PM,10/29/25 6:55 PM,4 minutes and 9 seconds,Mayra Luna
Tink-a-Tako - Potranco,Sergio Abundiz,358,24,Tortillero,,10/29/25 6:50 PM,10/29/25 6:55 PM,4 minutes and 9 seconds,Mayra Luna
Tink-a-Tako - Potranco,Juan  Camacho,357,32,Lobby,,10/29/25 6:56 PM,10/29/25 6:57 PM,53 seconds,Mayra Luna
Tink-a-Tako - Potranco,Sergio Abundiz,352,,,2,10/29/25 6:18 PM,10/29/25 6:59 PM,40 minutes and 25 seconds,Mayra Luna
Tink-a-Tako - Potranco,Sergio Abundiz,353,,,2,10/29/25 6:17 PM,10/29/25 6:59 PM,41 minutes and 20 seconds,Mayra Luna
Tink-a-Tako - Potranco,Juan  Camacho,355,25,,2,10/29/25 6:27 PM,10/29/25 6:59 PM,32 minutes and 18 seconds,Mayra Luna
Tink-a-Tako - Potranco,Juan  Camacho,355,25,,2,10/29/25 6:27 PM,10/29/25 6:59 PM,32 minutes and 21 seconds,Mayra Luna
Tink-a-Tako - Potranco,Sergio Abundiz,356,7,,2,10/29/25 6:53 PM,10/29/25 6:59 PM,5 minutes and 32 seconds,Mayra Luna
Tink-a-Tako - Potranco,Juan  Camacho,357,32,,2,10/29/25 6:46 PM,10/29/25 6:59 PM,12 minutes and 53 seconds,Mayra Luna
Tink-a-Tako - Potranco,Juan  Camacho,357,32,,2,10/29/25 6:53 PM,10/29/25 6:59 PM,5 minutes and 36 seconds,Mayra Luna
Tink-a-Tako - Potranco,Sergio Abundiz,358,24,,2,10/29/25 6:55 PM,10/29/25 6:59 PM,4 minutes and 30 seconds,Mayra Luna
Tink-a-Tako - Potranco,Juan  Camacho,357,32,,2,10/29/25 6:57 PM,10/29/25 6:59 PM,1 minute and 49 seconds,Mayra Luna
Tink-a-Tako - Potranco,Sergio Abundiz,360,39,Lobby,,10/29/25 6:58 PM,10/29/25 7:04 PM,6 minutes and 16 seconds,Mayra Luna
Tink-a-Tako - Potranco,Juan  Camacho,359,37,Lobby,,10/29/25 6:55 PM,10/29/25 7:08 PM,13 minutes and 6 seconds,Mayra Luna
Tink-a-Tako - Potranco,Juan  Camacho,359,37,Lobby,,10/29/25 7:08 PM,10/29/25 7:11 PM,2 minutes and 26 seconds,Mayra Luna
Tink-a-Tako - Potranco,Juan  Camacho,359,37,Lobby,,10/29/25 7:08 PM,10/29/25 7:11 PM,2 minutes and 21 seconds,Mayra Luna
Tink-a-Tako - Potranco,Juan  Camacho,362,36,Lobby,,10/29/25 7:10 PM,10/29/25 7:15 PM,5 minutes and 4 seconds,Mayra Luna
Tink-a-Tako - Potranco,Sergio Abundiz,361,38,Prep,,10/29/25 7:10 PM,10/29/25 7:15 PM,5 minutes and 22 seconds,Mayra Luna
Tink-a-Tako - Potranco,Sergio Abundiz,361,38,Lobby,,10/29/25 7:10 PM,10/29/25 7:15 PM,5 minutes and 22 seconds,Mayra Luna
Tink-a-Tako - Potranco,Sergio Abundiz,361,38,Tortillero,,10/29/25 7:10 PM,10/29/25 7:15 PM,5 minutes and 22 seconds,Mayra Luna
Tink-a-Tako - Potranco,Sergio Abundiz,364,8,Lobby,,10/29/25 7:16 PM,10/29/25 7:27 PM,10 minutes and 21 seconds,Mayra Luna
Tink-a-Tako - Potranco,Juan  Camacho,365,25,Lobby,,10/29/25 7:20 PM,10/29/25 7:28 PM,8 minutes and 17 seconds,Mayra Luna
Tink-a-Tako - Potranco,Juan  Camacho,365,25,Prep,,10/29/25 7:20 PM,10/29/25 7:28 PM,8 minutes and 17 seconds,Mayra Luna
Tink-a-Tako - Potranco,Juan  Camacho,365,25,Tortillero,,10/29/25 7:20 PM,10/29/25 7:28 PM,8 minutes and 17 seconds,Mayra Luna
Tink-a-Tako - Potranco,Lizeth Alonso,363,,Lobby,,10/29/25 7:31 PM,10/29/25 7:35 PM,4 minutes and 16 seconds,Mayra Luna
Tink-a-Tako - Potranco,Lizeth Alonso,366,,Lobby,,10/29/25 7:33 PM,10/29/25 7:39 PM,5 minutes and 57 seconds,Mayra Luna
Tink-a-Tako - Potranco,Lizeth Alonso,367,,Lobby,,10/29/25 7:36 PM,10/29/25 7:39 PM,2 minutes and 41 seconds,Mayra Luna
Tink-a-Tako - Potranco,Juan  Camacho,359,37,,2,10/29/25 7:11 PM,10/29/25 7:41 PM,30 minutes and 36 seconds,Mayra Luna
Tink-a-Tako - Potranco,Sergio Abundiz,360,39,,2,10/29/25 7:04 PM,10/29/25 7:41 PM,37 minutes and 18 seconds,Mayra Luna
Tink-a-Tako - Potranco,Juan  Camacho,359,37,,2,10/29/25 7:11 PM,10/29/25 7:41 PM,30 minutes and 28 seconds,Mayra Luna
Tink-a-Tako - Potranco,Juan  Camacho,359,37,,2,10/29/25 7:08 PM,10/29/25 7:41 PM,32 minutes and 47 seconds,Mayra Luna
Tink-a-Tako - Potranco,Sergio Abundiz,364,8,,2,10/29/25 7:27 PM,10/29/25 7:41 PM,14 minutes and 37 seconds,Mayra Luna
Tink-a-Tako - Potranco,Sergio Abundiz,361,38,,2,10/29/25 7:15 PM,10/29/25 7:41 PM,26 minutes and 2 seconds,Mayra Luna
Tink-a-Tako - Potranco,Juan  Camacho,362,36,,2,10/29/25 7:15 PM,10/29/25 7:41 PM,26 minutes and 4 seconds,Mayra Luna
Tink-a-Tako - Potranco,Juan  Camacho,365,25,,2,10/29/25 7:28 PM,10/29/25 7:41 PM,13 minutes and 15 seconds,Mayra Luna
Tink-a-Tako - Potranco,Sergio Abundiz,369,18,Lobby,,10/29/25 7:39 PM,10/29/25 7:46 PM,7 minutes and 13 seconds,Mayra Luna
Tink-a-Tako - Potranco,Lizeth Alonso,370,,Lobby,,10/29/25 7:41 PM,10/29/25 7:48 PM,6 minutes and 46 seconds,Mayra Luna
Tink-a-Tako - Potranco,Mayra Luna,368,39,Lobby,,10/29/25 7:39 PM,10/29/25 7:48 PM,8 minutes and 55 seconds,Mayra Luna
Tink-a-Tako - Potranco,Juan  Camacho,372,24,Lobby,,10/29/25 7:46 PM,10/29/25 7:52 PM,5 minutes and 48 seconds,Mayra Luna
Tink-a-Tako - Potranco,Juan  Camacho,372,24,Lobby,,10/29/25 7:46 PM,10/29/25 7:52 PM,6 minutes and 2 seconds,Mayra Luna
Tink-a-Tako - Potranco,Sergio Abundiz,364,8,Lobby,,10/29/25 7:52 PM,10/29/25 8:02 PM,9 minutes and 42 seconds,Mayra Luna
Tink-a-Tako - Potranco,Lizeth Alonso,373,,Lobby,,10/29/25 8:13 PM,10/29/25 8:19 PM,6 minutes and 17 seconds,Mayra Luna
Tink-a-Tako - Potranco,Lizeth Alonso,374,,Lobby,,10/29/25 8:15 PM,10/29/25 8:23 PM,7 minutes and 18 seconds,Mayra Luna
Tink-a-Tako - Potranco,Lizeth Alonso,375,,Lobby,,10/29/25 8:25 PM,10/29/25 8:32 PM,6 minutes and 15 seconds,Mayra Luna
Tink-a-Tako - Potranco,Lizeth Alonso,376,,Lobby,,10/29/25 8:26 PM,10/29/25 8:32 PM,5 minutes and 47 seconds,Mayra Luna
Tink-a-Tako - Potranco,Lizeth Alonso,377,,Lobby,,10/29/25 8:33 PM,10/29/25 8:41 PM,8 minutes and 6 seconds,Mayra Luna
Tink-a-Tako - Potranco,Mayra Luna,318,,Lobby,,10/29/25 8:41 PM,10/29/25 8:51 PM,10 minutes and 12 seconds,Mayra Luna
Tink-a-Tako - Potranco,Mayra Luna,318,,Lobby,,10/29/25 8:42 PM,10/29/25 8:51 PM,8 minutes and 47 seconds,Mayra Luna
Tink-a-Tako - Potranco,Mayra Luna,318,,,2,10/29/25 8:51 PM,10/29/25 8:52 PM,45 seconds,Mayra Luna
Tink-a-Tako - Potranco,Mayra Luna,318,,,2,10/29/25 8:51 PM,10/29/25 8:52 PM,47 seconds,Mayra Luna
Tink-a-Tako - Potranco,Lizeth Alonso,378,,Lobby,,10/29/25 8:49 PM,10/29/25 8:54 PM,4 minutes and 15 seconds,Mayra Luna
Tink-a-Tako - Potranco,Sergio Abundiz,369,18,,2,10/29/25 7:46 PM,10/29/25 9:35 PM,"1 hour, 49 minutes and 20 seconds",Mayra Luna
Tink-a-Tako - Potranco,Juan  Camacho,372,24,,2,10/29/25 7:52 PM,10/29/25 9:35 PM,"1 hour, 43 minutes and 10 seconds",Mayra Luna
Tink-a-Tako - Potranco,Juan  Camacho,372,24,,2,10/29/25 7:52 PM,10/29/25 9:35 PM,"1 hour, 43 minutes and 11 seconds",Mayra Luna
Tink-a-Tako - Potranco,Mayra Luna,368,39,,2,10/29/25 7:48 PM,10/29/25 9:35 PM,"1 hour, 47 minutes and 4 seconds",Mayra Luna
Tink-a-Tako - Potranco,Sergio Abundiz,364,8,,2,10/29/25 8:02 PM,10/29/25 9:35 PM,"1 hour, 33 minutes and 29 seconds",Mayra Luna
