Location,Order #,Opened,# of Guests,Server,Table,Discount Amount,Amount,Tax,Tip,Gratuity
Tink-a-Tako - Potranco,1,10/29/25 6:07 AM,1,Ivana Abundiz,,0.00,3.98,0.33,0.00,0.00
Tink-a-Tako - Potranco,2,10/29/25 6:28 AM,1,Ivana Abundiz,,0.00,15.92,1.32,0.00,0.00
Tink-a-Tako - Potranco,3,10/29/25 6:29 AM,1,Ivana Abundiz,,0.00,10.13,0.83,0.00,0.00
Tink-a-Tako - Potranco,4,10/29/25 6:38 AM,1,Ivana Abundiz,,0.00,8.67,0.72,0.00,0.00
Tink-a-Tako - Potranco,5,10/29/25 6:39 AM,1,Ivana Abundiz,,0.20,5.78,0.48,0.00,0.00
Tink-a-Tako - Potranco,6,10/29/25 6:42 AM,1,Ivana Abundiz,,7.78,7.76,0.63,2.00,0.00
Tink-a-Tako - Potranco,7,10/29/25 6:42 AM,1,Ivana Abundiz,,0.00,11.57,0.96,3.00,0.00
Tink-a-Tako - Potranco,8,10/29/25 6:43 AM,1,Ivana Abundiz,,0.00,3.98,0.33,0.00,0.00
Tink-a-Tako - Potranco,9,10/29/25 6:43 AM,1,Ivana Abundiz,,0.00,5.28,0.44,0.00,0.00
Tink-a-Tako - Potranco,10,10/29/25 6:46 AM,1,Ivana Abundiz,,0.00,7.97,0.65,0.00,0.00
Tink-a-Tako - Potranco,11,10/29/25 6:51 AM,1,Ivana Abundiz,,0.00,8.06,0.66,0.00,0.00
Tink-a-Tako - Potranco,13,10/29/25 6:54 AM,1,Norma Vasquez,,0.00,8.97,0.74,0.00,0.00
Tink-a-Tako - Potranco,15,10/29/25 6:58 AM,1,Ivana Abundiz,,0.00,3.98,0.32,1.00,0.00
Tink-a-Tako - Potranco,16,10/29/25 6:58 AM,1,Ivana Abundiz,,0.00,7.56,0.63,0.00,0.00
Tink-a-Tako - Potranco,17,10/29/25 7:07 AM,1,Ivana Abundiz,,0.00,6.17,0.51,0.00,0.00
Tink-a-Tako - Potranco,18,10/29/25 7:08 AM,1,Ivana Abundiz,,0.00,2.49,0.21,0.00,0.00
Tink-a-Tako - Potranco,19,10/29/25 7:11 AM,1,Ivana Abundiz,,0.00,11.14,0.92,0.00,0.00
Tink-a-Tako - Potranco,20,10/29/25 7:15 AM,1,Ivana Abundiz,,0.00,3.98,0.32,0.00,0.00
Tink-a-Tako - Potranco,21,10/29/25 7:18 AM,1,Ivana Abundiz,,0.00,10.92,0.90,1.18,0.00
Tink-a-Tako - Potranco,22,10/29/25 7:23 AM,1,Ivana Abundiz,,0.00,15.09,1.24,0.00,0.00
Tink-a-Tako - Potranco,23,10/29/25 7:24 AM,1,Ivana Abundiz,,0.00,9.95,0.82,0.00,0.00
Tink-a-Tako - Potranco,24,10/29/25 7:24 AM,1,Ivana Abundiz,,0.00,4.98,0.41,1.00,0.00
Tink-a-Tako - Potranco,25,10/29/25 7:27 AM,2,Norma Vasquez,17,0.00,17.95,1.48,3.95,0.00
Tink-a-Tako - Potranco,26,10/29/25 7:29 AM,1,Ivana Abundiz,,0.00,11.77,0.97,0.00,0.00
Tink-a-Tako - Potranco,27,10/29/25 7:31 AM,1,Ivana Abundiz,,0.00,15.49,1.28,0.00,0.00
Tink-a-Tako - Potranco,29,10/29/25 7:32 AM,1,Ivana Abundiz,,0.00,5.98,0.49,1.00,0.00
Tink-a-Tako - Potranco,28,10/29/25 7:32 AM,1,Norma Vasquez,,0.00,40.72,3.36,0.00,0.00
Tink-a-Tako - Potranco,30,10/29/25 7:36 AM,1,Ivana Abundiz,,0.00,3.98,0.32,0.00,0.00
Tink-a-Tako - Potranco,31,10/29/25 7:36 AM,1,Norma Vasquez,,0.00,15.17,1.25,0.00,0.00
Tink-a-Tako - Potranco,32,10/29/25 7:43 AM,1,Ivana Abundiz,,0.00,12.54,1.03,0.00,0.00
Tink-a-Tako - Potranco,33,10/29/25 7:45 AM,1,Ivana Abundiz,,0.00,3.98,0.33,0.00,0.00
Tink-a-Tako - Potranco,34,10/29/25 7:46 AM,1,Ivana Abundiz,,0.00,7.97,0.65,0.00,0.00
Tink-a-Tako - Potranco,35,10/29/25 7:47 AM,1,Norma Vasquez,,0.00,5.97,0.49,0.00,0.00
Tink-a-Tako - Potranco,36,10/29/25 7:47 AM,1,Ivana Abundiz,,0.00,3.69,0.30,0.00,0.00
Tink-a-Tako - Potranco,37,10/29/25 7:47 AM,4,Norma Vasquez,31,0.00,34.57,2.84,0.00,0.00
Tink-a-Tako - Potranco,38,10/29/25 7:50 AM,1,Norma Vasquez,,0.00,0.00,0.00,0.00,0.00
Tink-a-Tako - Potranco,42,10/29/25 8:00 AM,1,Ivana Abundiz,,0.00,7.97,0.66,0.00,0.00
Tink-a-Tako - Potranco,43,10/29/25 8:02 AM,1,Ivana Abundiz,,0.00,5.97,0.49,0.00,0.00
Tink-a-Tako - Potranco,44,10/29/25 8:03 AM,2,Norma Vasquez,37,0.00,14.47,1.20,4.00,0.00
Tink-a-Tako - Potranco,45,10/29/25 8:03 AM,1,Ivana Abundiz,,0.00,6.38,0.52,0.00,0.00
Tink-a-Tako - Potranco,46,10/29/25 8:03 AM,2,Norma Vasquez,24,0.00,11.66,0.96,0.00,0.00
Tink-a-Tako - Potranco,47,10/29/25 8:07 AM,1,Ivana Abundiz,,0.00,5.97,0.49,0.00,0.00
Tink-a-Tako - Potranco,48,10/29/25 8:07 AM,1,Norma Vasquez,39,0.00,31.44,2.59,5.00,0.00
Tink-a-Tako - Potranco,49,10/29/25 8:08 AM,1,Ivana Abundiz,,0.00,3.58,0.30,0.00,0.00
Tink-a-Tako - Potranco,50,10/29/25 8:08 AM,1,Ivana Abundiz,,0.00,15.71,1.30,0.00,0.00
Tink-a-Tako - Potranco,51,10/29/25 8:11 AM,1,Ivana Abundiz,,0.00,14.76,1.22,0.00,0.00
Tink-a-Tako - Potranco,52,10/29/25 8:12 AM,1,Ivana Abundiz,,0.00,7.96,0.64,0.00,0.00
Tink-a-Tako - Potranco,54,10/29/25 8:13 AM,1,Ivana Abundiz,,0.00,11.77,0.97,0.00,0.00
Tink-a-Tako - Potranco,56,10/29/25 8:14 AM,1,Norma Vasquez,,0.00,6.37,0.52,0.00,0.00
Tink-a-Tako - Potranco,57,10/29/25 8:15 AM,2,Norma Vasquez,10,0.00,15.87,1.31,3.00,0.00
Tink-a-Tako - Potranco,58,10/29/25 8:18 AM,1,Ivana Abundiz,,0.00,6.88,0.56,0.00,0.00
Tink-a-Tako - Potranco,62,10/29/25 8:23 AM,1,Ivana Abundiz,,0.00,5.77,0.47,2.00,0.00
Tink-a-Tako - Potranco,64,10/29/25 8:24 AM,1,Ivana Abundiz,,0.00,9.43,0.78,0.00,0.00
Tink-a-Tako - Potranco,65,10/29/25 8:24 AM,1,Ivana Abundiz,,0.00,18.35,1.52,2.75,0.00
Tink-a-Tako - Potranco,67,10/29/25 8:27 AM,2,Norma Vasquez,33,0.00,25.97,2.14,0.00,0.00
Tink-a-Tako - Potranco,66,10/29/25 8:27 AM,1,Ivana Abundiz,,0.00,11.57,0.96,0.00,0.00
Tink-a-Tako - Potranco,69,10/29/25 8:29 AM,1,Ivana Abundiz,,0.00,20.44,1.68,0.00,0.00
Tink-a-Tako - Potranco,70,10/29/25 8:30 AM,1,Norma Vasquez,38,0.00,7.38,0.61,3.00,0.00
Tink-a-Tako - Potranco,72,10/29/25 8:30 AM,1,Ivana Abundiz,,0.00,13.01,1.07,0.00,0.00
Tink-a-Tako - Potranco,74,10/29/25 8:31 AM,2,Esperansa Caviedes,25,0.00,16.64,1.37,3.66,0.00
Tink-a-Tako - Potranco,75,10/29/25 8:32 AM,1,Ivana Abundiz,,0.00,12.35,1.02,0.00,0.00
Tink-a-Tako - Potranco,76,10/29/25 8:33 AM,1,Ivana Abundiz,,0.00,13.95,1.16,3.07,0.00
Tink-a-Tako - Potranco,77,10/29/25 8:33 AM,1,Daniela Torres,,32.70,0.00,0.00,0.00,0.00
Tink-a-Tako - Potranco,78,10/29/25 8:38 AM,1,Ivana Abundiz,,0.00,3.98,0.32,0.00,0.00
Tink-a-Tako - Potranco,79,10/29/25 8:41 AM,2,Esperansa Caviedes,15,0.00,23.98,1.97,3.60,0.00
Tink-a-Tako - Potranco,81,10/29/25 8:41 AM,1,Ivana Abundiz,,0.00,6.18,0.51,0.00,0.00
Tink-a-Tako - Potranco,80,10/29/25 8:41 AM,2,Rosa Compean,26,0.00,9.96,0.82,0.00,0.00
Tink-a-Tako - Potranco,84,10/29/25 8:45 AM,2,Rosa Compean,7,0.00,33.54,2.76,1.76,0.00
Tink-a-Tako - Potranco,83,10/29/25 8:45 AM,1,Ivana Abundiz,,0.00,5.98,0.50,1.32,0.00
Tink-a-Tako - Potranco,85,10/29/25 8:52 AM,2,Norma Vasquez,24,0.00,19.47,1.61,4.00,0.00
Tink-a-Tako - Potranco,86,10/29/25 8:53 AM,1,Esperansa Caviedes,31,1.30,14.93,1.23,0.00,0.00
Tink-a-Tako - Potranco,82,10/29/25 8:45 AM,1,Ivana Abundiz,,0.00,13.05,1.08,2.61,0.00
Tink-a-Tako - Potranco,87,10/29/25 8:56 AM,1,Ivana Abundiz,,0.00,3.98,0.32,0.00,0.00
Tink-a-Tako - Potranco,88,10/29/25 9:02 AM,1,Norma Vasquez,21,0.00,6.97,0.57,0.00,0.00
Tink-a-Tako - Potranco,89,10/29/25 9:03 AM,2,Rosa Compean,17,0.00,24.50,2.01,0.00,0.00
Tink-a-Tako - Potranco,90,10/29/25 9:05 AM,1,Ivana Abundiz,,0.00,5.98,0.49,0.00,0.00
Tink-a-Tako - Potranco,91,10/29/25 9:06 AM,1,Ivana Abundiz,,0.00,10.47,0.86,0.00,0.00
Tink-a-Tako - Potranco,93,10/29/25 9:07 AM,1,Ivana Abundiz,,0.00,5.48,0.46,0.82,0.00
Tink-a-Tako - Potranco,94,10/29/25 9:08 AM,1,Ivana Abundiz,,0.00,19.65,1.62,2.95,0.00
Tink-a-Tako - Potranco,95,10/29/25 9:12 AM,1,Ivana Abundiz,,0.00,3.98,0.33,0.80,0.00
Tink-a-Tako - Potranco,97,10/29/25 9:13 AM,2,Esperansa Caviedes,32,0.00,16.36,1.34,0.00,0.00
Tink-a-Tako - Potranco,98,10/29/25 9:14 AM,2,Rosa Compean,10,0.00,21.30,1.76,5.00,0.00
Tink-a-Tako - Potranco,99,10/29/25 9:16 AM,1,Ivana Abundiz,,0.00,3.78,0.31,0.00,0.00
Tink-a-Tako - Potranco,100,10/29/25 9:17 AM,1,Ivana Abundiz,,1.88,16.89,1.40,0.00,0.00
Tink-a-Tako - Potranco,102,10/29/25 9:20 AM,2,Norma Vasquez,18,0.00,11.86,0.97,3.00,0.00
Tink-a-Tako - Potranco,103,10/29/25 9:20 AM,2,Esperansa Caviedes,38,0.00,12.93,1.06,5.00,0.00
Tink-a-Tako - Potranco,104,10/29/25 9:20 AM,1,Daniela Torres,,0.00,7.56,0.62,0.00,0.00
Tink-a-Tako - Potranco,106,10/29/25 9:24 AM,1,Ivana Abundiz,,0.00,9.07,0.76,0.00,0.00
Tink-a-Tako - Potranco,105,10/29/25 9:24 AM,3,Rosa Compean,42,0.00,39.89,3.28,0.00,0.00
Tink-a-Tako - Potranco,109,10/29/25 9:26 AM,1,Ivana Abundiz,,0.00,13.17,1.09,0.00,0.00
Tink-a-Tako - Potranco,108,10/29/25 9:25 AM,1,Daniela Torres,,0.75,6.72,0.56,0.00,0.00
Tink-a-Tako - Potranco,110,10/29/25 9:26 AM,1,Ivana Abundiz,,0.00,18.04,1.48,0.00,0.00
Tink-a-Tako - Potranco,111,10/29/25 9:28 AM,1,Ivana Abundiz,,0.00,3.78,0.31,0.00,0.00
Tink-a-Tako - Potranco,112,10/29/25 9:28 AM,1,Daniela Torres,,0.00,5.48,0.46,0.00,0.00
Tink-a-Tako - Potranco,113,10/29/25 9:34 AM,1,Daniela Torres,,0.00,4.89,0.40,0.00,0.00
Tink-a-Tako - Potranco,114,10/29/25 9:35 AM,1,Esperansa Caviedes,1,0.00,7.38,0.60,0.00,0.00
Tink-a-Tako - Potranco,115,10/29/25 9:36 AM,2,Norma Vasquez,36,1.60,20.36,1.69,0.00,0.00
Tink-a-Tako - Potranco,116,10/29/25 9:37 AM,2,Norma Vasquez,33,0.00,19.96,1.66,3.50,0.00
Tink-a-Tako - Potranco,117,10/29/25 9:37 AM,1,Ivana Abundiz,,0.00,6.97,0.58,1.05,0.00
Tink-a-Tako - Potranco,118,10/29/25 9:38 AM,1,Norma Vasquez,,0.00,6.88,0.56,0.00,0.00
Tink-a-Tako - Potranco,120,10/29/25 9:39 AM,1,Ivana Abundiz,,0.00,8.28,0.69,0.00,0.00
Tink-a-Tako - Potranco,121,10/29/25 9:43 AM,1,Ivana Abundiz,,0.00,14.15,1.16,0.00,0.00
Tink-a-Tako - Potranco,122,10/29/25 9:44 AM,3,Esperansa Caviedes,19,0.00,28.76,2.37,0.00,0.00
Tink-a-Tako - Potranco,123,10/29/25 9:45 AM,1,Ivana Abundiz,,0.00,12.99,1.07,0.00,0.00
Tink-a-Tako - Potranco,125,10/29/25 9:46 AM,1,Rosa Compean,22,0.00,12.98,1.07,3.00,0.00
Tink-a-Tako - Potranco,124,10/29/25 9:46 AM,1,Ivana Abundiz,,0.00,6.88,0.56,0.00,0.00
Tink-a-Tako - Potranco,126,10/29/25 9:50 AM,2,Norma Vasquez,20,1.28,27.74,2.30,5.00,0.00
Tink-a-Tako - Potranco,128,10/29/25 9:51 AM,1,Ivana Abundiz,,0.00,25.98,2.14,5.72,0.00
Tink-a-Tako - Potranco,127,10/29/25 9:50 AM,2,Rosa Compean,25,1.04,9.32,0.78,0.00,0.00
Tink-a-Tako - Potranco,129,10/29/25 9:51 AM,2,Esperansa Caviedes,18,0.00,35.17,2.89,0.00,0.00
Tink-a-Tako - Potranco,131,10/29/25 9:58 AM,1,Daniela Torres,,0.00,9.78,0.81,0.00,0.00
Tink-a-Tako - Potranco,133,10/29/25 9:59 AM,1,Ivana Abundiz,,0.00,5.37,0.44,1.18,0.00
Tink-a-Tako - Potranco,132,10/29/25 9:59 AM,1,Rosa Compean,32,0.00,8.96,0.73,0.00,0.00
Tink-a-Tako - Potranco,134,10/29/25 10:00 AM,1,Ivana Abundiz,,0.00,10.25,0.84,0.00,0.00
Tink-a-Tako - Potranco,135,10/29/25 10:02 AM,2,Norma Vasquez,7,0.00,21.06,1.73,5.00,0.00
Tink-a-Tako - Potranco,137,10/29/25 10:03 AM,1,Ivana Abundiz,,0.00,19.81,1.63,0.56,0.00
Tink-a-Tako - Potranco,140,10/29/25 10:08 AM,1,Ivana Abundiz,,0.00,4.58,0.38,0.92,0.00
Tink-a-Tako - Potranco,141,10/29/25 10:08 AM,1,Ivana Abundiz,,0.00,4.78,0.39,0.00,0.00
Tink-a-Tako - Potranco,139,10/29/25 10:08 AM,4,Esperansa Caviedes,8,0.00,41.78,3.43,0.00,0.00
Tink-a-Tako - Potranco,143,10/29/25 10:10 AM,1,Ivana Abundiz,,0.00,3.98,0.32,0.00,0.00
Tink-a-Tako - Potranco,146,10/29/25 10:13 AM,2,Rosa Compean,24,0.00,21.25,1.76,0.00,0.00
Tink-a-Tako - Potranco,144,10/29/25 10:11 AM,1,Ivana Abundiz,,0.00,4.78,0.40,0.00,0.00
Tink-a-Tako - Potranco,147,10/29/25 10:15 AM,1,Ivana Abundiz,,0.00,29.09,2.40,0.00,0.00
Tink-a-Tako - Potranco,148,10/29/25 10:16 AM,1,Ivana Abundiz,,0.00,4.99,0.41,0.00,0.00
Tink-a-Tako - Potranco,149,10/29/25 10:17 AM,1,Ivana Abundiz,,0.00,8.38,0.69,0.00,0.00
Tink-a-Tako - Potranco,152,10/29/25 10:18 AM,1,Ivana Abundiz,,0.00,14.55,1.19,0.00,0.00
Tink-a-Tako - Potranco,153,10/29/25 10:18 AM,1,Norma Vasquez,,0.00,4.28,0.35,0.00,0.00
Tink-a-Tako - Potranco,150,10/29/25 10:18 AM,2,Esperansa Caviedes,39,0.00,36.39,2.99,2.00,0.00
Tink-a-Tako - Potranco,154,10/29/25 10:19 AM,1,Ivana Abundiz,,0.00,14.76,1.22,2.21,0.00
Tink-a-Tako - Potranco,155,10/29/25 10:21 AM,1,Ivana Abundiz,,0.00,6.98,0.58,0.00,0.00
Tink-a-Tako - Potranco,156,10/29/25 10:23 AM,2,Norma Vasquez,37,0.00,18.70,1.56,0.00,0.00
Tink-a-Tako - Potranco,157,10/29/25 10:24 AM,2,Rosa Compean,3,0.00,36.16,2.98,0.00,0.00
Tink-a-Tako - Potranco,158,10/29/25 10:26 AM,1,Ivana Abundiz,,0.00,19.39,1.59,0.00,0.00
Tink-a-Tako - Potranco,160,10/29/25 10:27 AM,2,Esperansa Caviedes,2,0.00,19.96,1.66,5.00,0.00
Tink-a-Tako - Potranco,161,10/29/25 10:27 AM,1,Ivana Abundiz,,0.00,6.88,0.56,2.00,0.00
Tink-a-Tako - Potranco,164,10/29/25 10:29 AM,2,Rosa Compean,12,0.00,27.81,2.30,5.56,0.00
Tink-a-Tako - Potranco,163,10/29/25 10:29 AM,1,Ivana Abundiz,,0.00,6.77,0.56,0.00,0.00
Tink-a-Tako - Potranco,165,10/29/25 10:29 AM,1,Ivana Abundiz,,0.00,6.18,0.51,0.00,0.00
Tink-a-Tako - Potranco,166,10/29/25 10:32 AM,2,Norma Vasquez,17,0.00,15.76,1.31,0.00,0.00
Tink-a-Tako - Potranco,167,10/29/25 10:32 AM,1,Ivana Abundiz,,0.00,7.56,0.63,0.00,0.00
Tink-a-Tako - Potranco,169,10/29/25 10:34 AM,1,Ivana Abundiz,,0.00,4.79,0.40,0.00,0.00
Tink-a-Tako - Potranco,171,10/29/25 10:35 AM,1,Norma Vasquez,1,0.00,11.46,0.94,0.00,0.00
Tink-a-Tako - Potranco,168,10/29/25 10:34 AM,2,Rosa Compean,15,0.00,12.43,1.02,0.00,0.00
Tink-a-Tako - Potranco,170,10/29/25 10:34 AM,2,Esperansa Caviedes,11,0.00,20.52,1.69,4.51,0.00
Tink-a-Tako - Potranco,172,10/29/25 10:35 AM,1,Norma Vasquez,26,0.00,9.99,0.82,3.00,0.00
Tink-a-Tako - Potranco,173,10/29/25 10:38 AM,1,Ivana Abundiz,,0.00,27.13,2.24,4.07,0.00
Tink-a-Tako - Potranco,175,10/29/25 10:39 AM,1,Ivana Abundiz,,0.00,7.57,0.63,1.67,0.00
Tink-a-Tako - Potranco,177,10/29/25 10:40 AM,2,Esperansa Caviedes,22,0.00,21.62,1.77,5.00,0.00
Tink-a-Tako - Potranco,174,10/29/25 10:39 AM,1,Ivana Abundiz,,0.00,31.66,2.61,0.00,0.00
Tink-a-Tako - Potranco,176,10/29/25 10:40 AM,1,Ivana Abundiz,,0.00,11.62,0.95,0.00,0.00
Tink-a-Tako - Potranco,178,10/29/25 10:42 AM,1,Ivana Abundiz,,0.00,19.67,1.62,0.00,0.00
Tink-a-Tako - Potranco,180,10/29/25 10:44 AM,1,Ivana Abundiz,,0.00,23.77,1.96,0.00,0.00
Tink-a-Tako - Potranco,181,10/29/25 10:46 AM,1,Ivana Abundiz,,0.00,8.96,0.74,0.00,0.00
Tink-a-Tako - Potranco,182,10/29/25 10:48 AM,2,Norma Vasquez,34,1.58,77.00,6.35,15.00,0.00
Tink-a-Tako - Potranco,184,10/29/25 10:51 AM,2,Rosa Compean,36,0.00,21.86,1.80,4.00,0.00
Tink-a-Tako - Potranco,185,10/29/25 10:52 AM,1,Ivana Abundiz,,0.00,6.88,0.56,0.00,0.00
Tink-a-Tako - Potranco,186,10/29/25 10:55 AM,1,Ivana Abundiz,,0.00,10.46,0.87,0.00,0.00
Tink-a-Tako - Potranco,187,10/29/25 10:58 AM,2,Esperansa Caviedes,33,0.00,24.21,2.00,3.00,0.00
Tink-a-Tako - Potranco,188,10/29/25 11:00 AM,1,Ivana Abundiz,,0.00,32.04,2.64,0.00,0.00
Tink-a-Tako - Potranco,189,10/29/25 11:02 AM,1,Ivana Abundiz,,1.88,16.86,1.40,5.00,0.00
Tink-a-Tako - Potranco,191,10/29/25 11:02 AM,3,Rosa Compean,8,0.00,36.20,2.99,7.50,0.00
Tink-a-Tako - Potranco,190,10/29/25 11:02 AM,1,Ivana Abundiz,,0.00,13.99,1.15,0.00,0.00
Tink-a-Tako - Potranco,192,10/29/25 11:05 AM,2,Norma Vasquez,26,0.44,15.17,1.26,3.00,0.00
Tink-a-Tako - Potranco,193,10/29/25 11:06 AM,1,Ivana Abundiz,,0.00,10.13,0.83,0.00,0.00
Tink-a-Tako - Potranco,194,10/29/25 11:07 AM,1,Ivana Abundiz,,0.00,4.58,0.38,0.00,0.00
Tink-a-Tako - Potranco,195,10/29/25 11:08 AM,1,Ivana Abundiz,,0.00,5.97,0.49,0.00,0.00
Tink-a-Tako - Potranco,197,10/29/25 11:09 AM,1,Esperansa Caviedes,2,0.00,7.28,0.60,2.00,0.00
Tink-a-Tako - Potranco,198,10/29/25 11:11 AM,1,Ivana Abundiz,,0.00,6.78,0.56,0.00,0.00
Tink-a-Tako - Potranco,200,10/29/25 11:14 AM,4,Esperansa Caviedes,18,0.00,42.57,3.50,9.38,0.00
Tink-a-Tako - Potranco,199,10/29/25 11:11 AM,1,Ivana Abundiz,,0.00,10.77,0.88,0.00,0.00
Tink-a-Tako - Potranco,201,10/29/25 11:18 AM,1,Esperansa Caviedes,1,0.00,7.76,0.64,0.00,0.00
Tink-a-Tako - Potranco,202,10/29/25 11:19 AM,1,Ivana Abundiz,,0.00,4.78,0.40,0.00,0.00
Tink-a-Tako - Potranco,204,10/29/25 11:21 AM,1,Ivana Abundiz,,0.00,6.98,0.58,0.00,0.00
Tink-a-Tako - Potranco,207,10/29/25 11:25 AM,2,Rosa Compean,,0.00,0.00,0.00,0.00,0.00
Tink-a-Tako - Potranco,206,10/29/25 11:24 AM,2,Rosa Compean,24,0.00,43.65,3.59,10.00,0.00
Tink-a-Tako - Potranco,205,10/29/25 11:23 AM,1,Ivana Abundiz,,0.00,4.98,0.41,2.00,0.00
Tink-a-Tako - Potranco,209,10/29/25 11:28 AM,2,Esperansa Caviedes,25,0.00,37.95,3.13,0.00,0.00
Tink-a-Tako - Potranco,208,10/29/25 11:27 AM,1,Ivana Abundiz,,0.00,9.67,0.79,0.00,0.00
Tink-a-Tako - Potranco,210,10/29/25 11:29 AM,1,Ivana Abundiz,,0.46,4.12,0.34,0.00,0.00
Tink-a-Tako - Potranco,213,10/29/25 11:30 AM,1,Daniela Torres,,0.00,19.98,1.64,0.00,0.00
Tink-a-Tako - Potranco,214,10/29/25 11:31 AM,2,Norma Vasquez,32,1.23,18.02,1.49,0.00,0.00
Tink-a-Tako - Potranco,211,10/29/25 11:29 AM,1,Ivana Abundiz,,0.00,20.67,1.70,4.13,0.00
Tink-a-Tako - Potranco,215,10/29/25 11:32 AM,2,Norma Vasquez,7,0.00,19.06,1.58,4.19,0.00
Tink-a-Tako - Potranco,216,10/29/25 11:33 AM,2,Rosa Compean,10,0.00,18.98,1.56,0.00,0.00
Tink-a-Tako - Potranco,218,10/29/25 11:35 AM,2,Esperansa Caviedes,17,0.00,11.32,0.94,1.00,0.00
Tink-a-Tako - Potranco,217,10/29/25 11:34 AM,1,Ivana Abundiz,,1.34,19.40,1.60,1.62,0.00
Tink-a-Tako - Potranco,219,10/29/25 11:36 AM,1,Ivana Abundiz,,0.00,14.86,1.22,1.00,0.00
Tink-a-Tako - Potranco,220,10/29/25 11:36 AM,2,Norma Vasquez,38,0.00,24.11,1.99,5.00,0.00
Tink-a-Tako - Potranco,221,10/29/25 11:36 AM,1,Ivana Abundiz,,0.00,9.78,0.81,0.00,0.00
Tink-a-Tako - Potranco,224,10/29/25 11:41 AM,1,Ivana Abundiz,,0.00,23.37,1.92,0.00,0.00
Tink-a-Tako - Potranco,223,10/29/25 11:40 AM,5,Rosa Compean,31,0.00,64.18,5.29,15.00,0.00
Tink-a-Tako - Potranco,227,10/29/25 11:43 AM,1,Ivana Abundiz,,0.00,11.99,0.99,0.00,0.00
Tink-a-Tako - Potranco,228,10/29/25 11:45 AM,1,Ivana Abundiz,,0.00,13.18,1.08,0.00,0.00
Tink-a-Tako - Potranco,230,10/29/25 11:45 AM,1,Daniela Torres,,0.00,26.88,2.21,0.00,0.00
Tink-a-Tako - Potranco,232,10/29/25 11:46 AM,2,Rosa Compean,37,0.00,13.98,1.16,0.00,0.00
Tink-a-Tako - Potranco,233,10/29/25 11:47 AM,1,Norma Vasquez,26,0.00,21.26,1.75,0.00,0.00
Tink-a-Tako - Potranco,234,10/29/25 11:52 AM,2,Esperansa Caviedes,11,0.00,25.12,2.06,3.00,0.00
Tink-a-Tako - Potranco,235,10/29/25 11:52 AM,1,Esperansa Caviedes,18,0.00,2.24,0.18,0.00,0.00
Tink-a-Tako - Potranco,237,10/29/25 11:56 AM,1,Ivana Abundiz,,1.98,17.78,1.47,2.00,0.00
Tink-a-Tako - Potranco,239,10/29/25 11:57 AM,2,Rosa Compean,17,0.00,18.17,1.48,3.35,0.00
Tink-a-Tako - Potranco,238,10/29/25 11:56 AM,1,Ivana Abundiz,,0.00,17.97,1.49,0.00,0.00
Tink-a-Tako - Potranco,240,10/29/25 11:57 AM,1,Ivana Abundiz,,0.00,7.56,0.63,1.66,0.00
Tink-a-Tako - Potranco,241,10/29/25 12:00 PM,1,Ivana Abundiz,,0.00,12.47,1.03,0.00,0.00
Tink-a-Tako - Potranco,242,10/29/25 12:00 PM,1,Ivana Abundiz,,0.00,5.28,0.44,1.06,0.00
Tink-a-Tako - Potranco,244,10/29/25 12:05 PM,1,Ivana Abundiz,,0.00,19.23,1.59,2.88,0.00
Tink-a-Tako - Potranco,246,10/29/25 12:13 PM,1,Ivana Abundiz,,0.00,5.44,0.45,0.00,0.00
Tink-a-Tako - Potranco,247,10/29/25 12:15 PM,1,Daniela Torres,,0.00,13.53,1.11,0.00,0.00
Tink-a-Tako - Potranco,248,10/29/25 12:17 PM,3,Esperansa Caviedes,24,0.00,23.66,1.95,0.00,0.00
Tink-a-Tako - Potranco,249,10/29/25 12:20 PM,1,Ivana Abundiz,,0.00,2.99,0.25,0.00,0.00
Tink-a-Tako - Potranco,250,10/29/25 12:24 PM,1,Ivana Abundiz,,0.00,4.89,0.40,0.00,0.00
Tink-a-Tako - Potranco,252,10/29/25 12:24 PM,1,Ivana Abundiz,,0.00,11.31,0.93,0.00,0.00
Tink-a-Tako - Potranco,253,10/29/25 12:25 PM,1,Ivana Abundiz,,0.00,18.36,1.52,0.00,0.00
Tink-a-Tako - Potranco,254,10/29/25 12:27 PM,1,Ivana Abundiz,,0.00,7.18,0.59,0.00,0.00
Tink-a-Tako - Potranco,255,10/29/25 12:29 PM,1,Rosa Compean,,0.00,5.57,0.46,0.00,0.00
Tink-a-Tako - Potranco,256,10/29/25 12:33 PM,1,Ivana Abundiz,,0.00,10.47,0.86,0.00,0.00
Tink-a-Tako - Potranco,257,10/29/25 12:35 PM,1,Ivana Abundiz,,0.00,15.98,1.32,0.00,0.00
Tink-a-Tako - Potranco,258,10/29/25 12:36 PM,2,Rosa Compean,18,0.00,18.68,1.54,5.00,0.00
Tink-a-Tako - Potranco,259,10/29/25 12:40 PM,6,Esperansa Caviedes,4,0.00,88.00,7.24,0.00,17.60
Tink-a-Tako - Potranco,260,10/29/25 12:44 PM,2,Rosa Compean,32,0.00,25.66,2.11,10.00,0.00
Tink-a-Tako - Potranco,261,10/29/25 12:48 PM,1,Ivana Abundiz,,0.00,26.46,2.17,0.00,0.00
Tink-a-Tako - Potranco,262,10/29/25 12:54 PM,2,Norma Vasquez,9,0.00,23.22,1.91,0.00,0.00
Tink-a-Tako - Potranco,263,10/29/25 12:56 PM,2,Esperansa Caviedes,25,0.00,27.91,2.30,0.00,0.00
Tink-a-Tako - Potranco,264,10/29/25 12:58 PM,1,Daniela Torres,,0.00,7.48,0.62,0.00,0.00
Tink-a-Tako - Potranco,265,10/29/25 1:02 PM,1,Ivana Abundiz,,0.00,16.68,1.37,0.00,0.00
Tink-a-Tako - Potranco,266,10/29/25 1:04 PM,2,Norma Vasquez,39,0.00,21.79,1.78,6.43,0.00
Tink-a-Tako - Potranco,267,10/29/25 1:05 PM,3,Esperansa Caviedes,24,0.00,57.55,4.73,0.00,0.00
Tink-a-Tako - Potranco,269,10/29/25 1:08 PM,2,Rosa Compean,33,0.00,37.64,3.10,10.00,0.00
Tink-a-Tako - Potranco,270,10/29/25 1:11 PM,1,Ivana Abundiz,,0.00,26.56,2.18,0.00,0.00
Tink-a-Tako - Potranco,271,10/29/25 1:15 PM,3,Rosa Compean,37,0.00,59.86,4.92,10.00,0.00
Tink-a-Tako - Potranco,272,10/29/25 1:20 PM,1,Ivana Abundiz,,0.00,10.57,0.87,0.00,0.00
Tink-a-Tako - Potranco,273,10/29/25 1:21 PM,1,Ivana Abundiz,,0.00,7.16,0.59,1.00,0.00
Tink-a-Tako - Potranco,274,10/29/25 1:24 PM,1,Ivana Abundiz,,0.00,12.99,1.07,0.00,0.00
Tink-a-Tako - Potranco,275,10/29/25 1:25 PM,1,Ivana Abundiz,,0.00,6.38,0.52,0.00,0.00
Tink-a-Tako - Potranco,276,10/29/25 1:25 PM,1,Esperansa Caviedes,26,0.00,11.38,0.94,0.00,0.00
Tink-a-Tako - Potranco,277,10/29/25 1:28 PM,1,Ivana Abundiz,,0.00,21.42,1.76,0.00,0.00
Tink-a-Tako - Potranco,278,10/29/25 1:30 PM,1,Ivana Abundiz,,0.00,4.39,0.36,0.00,0.00
Tink-a-Tako - Potranco,279,10/29/25 1:37 PM,1,Ivana Abundiz,,0.00,3.78,0.31,0.00,0.00
Tink-a-Tako - Potranco,280,10/29/25 1:37 PM,1,Ivana Abundiz,,0.00,26.54,2.19,0.00,0.00
Tink-a-Tako - Potranco,281,10/29/25 1:38 PM,3,Rosa Compean,3,0.00,23.84,1.95,4.21,0.00
Tink-a-Tako - Potranco,283,10/29/25 1:44 PM,2,Norma Vasquez,17,0.00,20.98,1.73,2.00,0.00
Tink-a-Tako - Potranco,282,10/29/25 1:40 PM,1,Ivana Abundiz,,0.00,6.38,0.52,0.00,0.00
Tink-a-Tako - Potranco,284,10/29/25 1:51 PM,1,Ivana Abundiz,,0.00,5.57,0.46,0.00,0.00
Tink-a-Tako - Potranco,285,10/29/25 1:53 PM,1,Ivana Abundiz,,0.00,16.91,1.39,0.00,0.00
Tink-a-Tako - Potranco,286,10/29/25 1:54 PM,1,Ivana Abundiz,,0.00,24.43,2.01,0.00,0.00
Tink-a-Tako - Potranco,288,10/29/25 1:56 PM,1,Daniela Torres,,0.00,4.99,0.41,0.00,0.00
Tink-a-Tako - Potranco,289,10/29/25 1:58 PM,2,Norma Vasquez,33,0.00,24.09,2.00,3.00,0.00
Tink-a-Tako - Potranco,292,10/29/25 2:02 PM,1,Rosa Compean,,0.00,11.99,0.99,0.00,0.00
Tink-a-Tako - Potranco,291,10/29/25 2:01 PM,1,Lizeth Alonso,,0.00,18.97,1.56,0.00,0.00
Tink-a-Tako - Potranco,294,10/29/25 2:03 PM,1,Lizeth Alonso,,0.00,38.97,3.22,3.00,0.00
Tink-a-Tako - Potranco,295,10/29/25 2:12 PM,1,Lizeth Alonso,,0.00,22.42,1.84,0.00,0.00
Tink-a-Tako - Potranco,296,10/29/25 2:13 PM,1,Lizeth Alonso,,0.00,7.97,0.66,0.00,0.00
Tink-a-Tako - Potranco,297,10/29/25 2:13 PM,1,Sergio Abundiz,25,0.00,17.97,1.49,6.00,0.00
Tink-a-Tako - Potranco,299,10/29/25 2:14 PM,2,Sergio Abundiz,24,0.00,37.15,3.05,10.00,0.00
Tink-a-Tako - Potranco,300,10/29/25 2:17 PM,1,Lizeth Alonso,,0.00,8.28,0.69,0.00,0.00
Tink-a-Tako - Potranco,303,10/29/25 2:29 PM,2,Juan  Camacho,18,0.00,23.37,1.93,4.00,0.00
Tink-a-Tako - Potranco,304,10/29/25 2:33 PM,4,Mayra Luna,,85.00,71.57,5.89,10.00,0.00
Tink-a-Tako - Potranco,305,10/29/25 2:36 PM,2,Juan  Camacho,23,0.00,35.38,2.90,7.08,0.00
Tink-a-Tako - Potranco,306,10/29/25 2:38 PM,4,Juan  Camacho,34,0.00,62.56,5.15,0.00,0.00
Tink-a-Tako - Potranco,307,10/29/25 2:39 PM,3,Juan  Camacho,3,0.00,38.00,3.12,8.00,0.00
Tink-a-Tako - Potranco,308,10/29/25 2:39 PM,1,Lizeth Alonso,,0.00,12.99,1.07,0.00,0.00
Tink-a-Tako - Potranco,309,10/29/25 2:39 PM,1,Lizeth Alonso,,0.00,0.00,0.00,0.00,0.00
Tink-a-Tako - Potranco,310,10/29/25 2:41 PM,2,Sergio Abundiz,7,0.00,23.43,1.93,5.00,0.00
Tink-a-Tako - Potranco,311,10/29/25 2:46 PM,1,Lizeth Alonso,,0.00,13.44,1.10,0.00,0.00
Tink-a-Tako - Potranco,312,10/29/25 2:55 PM,2,Juan  Camacho,32,0.00,35.13,2.88,0.00,0.00
Tink-a-Tako - Potranco,313,10/29/25 2:57 PM,2,Juan  Camacho,31,0.00,25.38,2.08,5.00,0.00
Tink-a-Tako - Potranco,314,10/29/25 2:59 PM,1,Juan  Camacho,,0.00,20.98,1.73,0.00,0.00
Tink-a-Tako - Potranco,315,10/29/25 3:00 PM,1,Juan  Camacho,,0.00,20.97,1.74,0.00,0.00
Tink-a-Tako - Potranco,317,10/29/25 3:01 PM,3,Sergio Abundiz,39,0.00,53.10,4.37,10.00,0.00
Tink-a-Tako - Potranco,316,10/29/25 3:00 PM,1,Lizeth Alonso,,0.00,40.00,3.30,2.00,0.00
Tink-a-Tako - Potranco,319,10/29/25 3:19 PM,1,Lizeth Alonso,,0.00,20.55,1.69,0.00,0.00
Tink-a-Tako - Potranco,323,10/29/25 3:27 PM,1,Lizeth Alonso,,0.00,4.89,0.40,0.00,0.00
Tink-a-Tako - Potranco,324,10/29/25 3:39 PM,1,Lizeth Alonso,,0.00,5.37,0.44,1.00,0.00
Tink-a-Tako - Potranco,325,10/29/25 3:42 PM,1,Sergio Abundiz,1,0.00,6.00,0.50,0.00,0.00
Tink-a-Tako - Potranco,326,10/29/25 3:43 PM,1,Lizeth Alonso,,0.00,26.34,2.17,0.00,0.00
Tink-a-Tako - Potranco,327,10/29/25 4:04 PM,1,Lizeth Alonso,,0.00,12.23,1.00,0.00,0.00
Tink-a-Tako - Potranco,328,10/29/25 4:10 PM,1,Lizeth Alonso,,0.00,5.87,0.49,0.00,0.00
Tink-a-Tako - Potranco,329,10/29/25 4:11 PM,1,Lizeth Alonso,,0.00,4.99,0.41,0.00,0.00
Tink-a-Tako - Potranco,330,10/29/25 4:14 PM,1,Lizeth Alonso,,0.00,5.98,0.49,0.00,0.00
Tink-a-Tako - Potranco,331,10/29/25 4:19 PM,1,Juan  Camacho,39,0.00,10.88,0.89,0.00,0.00
Tink-a-Tako - Potranco,332,10/29/25 4:41 PM,1,Lizeth Alonso,,0.00,12.99,1.07,0.00,0.00
Tink-a-Tako - Potranco,333,10/29/25 4:42 PM,1,Lizeth Alonso,,0.00,13.99,1.15,0.00,0.00
Tink-a-Tako - Potranco,335,10/29/25 4:45 PM,2,Sergio Abundiz,25,0.00,36.38,2.99,0.00,0.00
Tink-a-Tako - Potranco,334,10/29/25 4:42 PM,1,Lizeth Alonso,,0.00,8.44,0.69,0.00,0.00
Tink-a-Tako - Potranco,337,10/29/25 4:51 PM,2,Sergio Abundiz,8,0.00,25.38,2.09,5.00,0.00
Tink-a-Tako - Potranco,336,10/29/25 4:51 PM,4,Juan  Camacho,31,0.00,57.53,4.72,0.00,0.00
Tink-a-Tako - Potranco,338,10/29/25 4:59 PM,2,Juan  Camacho,17,0.00,42.09,3.47,10.00,0.00
Tink-a-Tako - Potranco,339,10/29/25 5:01 PM,1,Lizeth Alonso,,0.00,3.99,0.33,0.00,0.00
Tink-a-Tako - Potranco,340,10/29/25 5:10 PM,2,Sergio Abundiz,24,0.00,35.37,2.91,5.00,0.00
Tink-a-Tako - Potranco,341,10/29/25 5:11 PM,4,Sergio Abundiz,32,0.00,54.90,4.49,5.00,0.00
Tink-a-Tako - Potranco,342,10/29/25 5:14 PM,1,Juan  Camacho,35,0.00,17.68,1.45,5.00,0.00
Tink-a-Tako - Potranco,343,10/29/25 5:16 PM,1,Lizeth Alonso,,0.00,34.71,2.86,0.00,0.00
Tink-a-Tako - Potranco,345,10/29/25 5:22 PM,4,Sergio Abundiz,37,0.00,57.82,4.76,11.56,0.00
Tink-a-Tako - Potranco,344,10/29/25 5:21 PM,1,Lizeth Alonso,35,0.00,27.62,2.27,2.11,0.00
Tink-a-Tako - Potranco,347,10/29/25 5:39 PM,1,Juan  Camacho,,0.00,33.92,2.80,11.00,0.00
Tink-a-Tako - Potranco,348,10/29/25 5:50 PM,1,Lizeth Alonso,,0.00,18.96,1.56,0.00,0.00
Tink-a-Tako - Potranco,349,10/29/25 5:51 PM,1,Lizeth Alonso,,0.00,9.88,0.81,0.00,0.00
Tink-a-Tako - Potranco,351,10/29/25 6:02 PM,1,Lizeth Alonso,,0.00,8.37,0.69,0.00,0.00
Tink-a-Tako - Potranco,352,10/29/25 6:10 PM,1,Sergio Abundiz,,0.00,23.17,1.91,4.00,0.00
Tink-a-Tako - Potranco,353,10/29/25 6:12 PM,1,Sergio Abundiz,,0.00,4.89,0.40,0.00,0.00
Tink-a-Tako - Potranco,350,10/29/25 5:53 PM,1,Lizeth Alonso,,0.00,27.77,2.30,2.00,0.00
Tink-a-Tako - Potranco,355,10/29/25 6:22 PM,2,Juan  Camacho,25,0.00,27.79,2.29,5.00,0.00
Tink-a-Tako - Potranco,356,10/29/25 6:43 PM,4,Sergio Abundiz,7,0.00,62.54,5.14,0.00,0.00
Tink-a-Tako - Potranco,357,10/29/25 6:44 PM,3,Juan  Camacho,32,0.00,43.95,3.62,0.00,0.00
Tink-a-Tako - Potranco,358,10/29/25 6:50 PM,2,Sergio Abundiz,24,0.00,29.77,2.44,0.00,0.00
Tink-a-Tako - Potranco,359,10/29/25 6:54 PM,2,Juan  Camacho,37,0.00,61.91,5.10,10.00,0.00
Tink-a-Tako - Potranco,360,10/29/25 6:57 PM,2,Sergio Abundiz,39,0.00,17.98,1.48,2.00,0.00
Tink-a-Tako - Potranco,361,10/29/25 7:09 PM,3,Sergio Abundiz,38,0.00,41.74,3.43,6.00,0.00
Tink-a-Tako - Potranco,362,10/29/25 7:10 PM,1,Juan  Camacho,36,0.00,13.98,1.16,0.00,0.00
Tink-a-Tako - Potranco,364,10/29/25 7:16 PM,3,Sergio Abundiz,8,0.00,49.72,4.09,5.00,0.00
Tink-a-Tako - Potranco,365,10/29/25 7:19 PM,3,Juan  Camacho,25,0.00,55.43,4.58,0.00,0.00
Tink-a-Tako - Potranco,363,10/29/25 7:10 PM,1,Lizeth Alonso,,0.00,35.99,2.97,2.00,0.00
Tink-a-Tako - Potranco,366,10/29/25 7:32 PM,1,Lizeth Alonso,,0.00,8.68,0.71,0.00,0.00
Tink-a-Tako - Potranco,367,10/29/25 7:36 PM,1,Lizeth Alonso,,0.00,8.78,0.72,0.00,0.00
Tink-a-Tako - Potranco,369,10/29/25 7:38 PM,2,Sergio Abundiz,18,0.00,26.41,2.18,5.00,0.00
Tink-a-Tako - Potranco,368,10/29/25 7:38 PM,2,Mayra Luna,39,0.00,8.15,0.67,0.00,0.00
Tink-a-Tako - Potranco,370,10/29/25 7:40 PM,1,Lizeth Alonso,,0.00,27.22,2.25,0.00,0.00
Tink-a-Tako - Potranco,371,10/29/25 7:41 PM,1,Lizeth Alonso,,0.00,3.99,0.33,0.00,0.00
Tink-a-Tako - Potranco,372,10/29/25 7:46 PM,2,Juan  Camacho,24,0.00,29.67,2.43,4.45,0.00
Tink-a-Tako - Potranco,373,10/29/25 8:04 PM,1,Lizeth Alonso,,0.00,12.99,1.07,0.00,0.00
Tink-a-Tako - Potranco,374,10/29/25 8:15 PM,1,Lizeth Alonso,,0.00,9.47,0.78,1.00,0.00
Tink-a-Tako - Potranco,375,10/29/25 8:25 PM,1,Lizeth Alonso,,0.00,17.12,1.41,0.00,0.00
Tink-a-Tako - Potranco,376,10/29/25 8:25 PM,1,Lizeth Alonso,,0.00,21.89,1.80,10.00,0.00
Tink-a-Tako - Potranco,377,10/29/25 8:32 PM,1,Lizeth Alonso,,0.00,44.98,3.70,0.00,0.00
Tink-a-Tako - Potranco,378,10/29/25 8:49 PM,1,Lizeth Alonso,,0.00,12.17,1.01,0.00,0.00
Tink-a-Tako - Potranco,379,10/29/25 8:51 PM,1,Lizeth Alonso,,0.00,34.76,2.87,5.00,0.00
