Location,Employee,Job Title,In Date,Out Date,Total Hours,Unpaid Break Time,Paid Break Time,Payable Hours
Tink-a-Tako - Potranco,"Ramirez Perez, Silvia",Cook,10/29/25 5:34 AM,10/29/25 1:58 PM,8.41,0.00,0.00,8.41
Tink-a-Tako - Potranco,"Aviles, Genaro",Cook,10/29/25 5:34 AM,10/29/25 2:08 PM,8.56,0.00,0.00,8.56
Tink-a-Tako - Potranco,"Diaz, Diego",Cook,10/29/25 5:35 AM,10/29/25 2:07 PM,8.55,0.00,0.00,8.55
Tink-a-Tako - Potranco,"Alvarado, Rodolfo",Cook,10/29/25 5:41 AM,10/29/25 2:02 PM,8.35,0.00,0.00,8.35
Tink-a-Tako - Potranco,"Abundiz, Ivana",Host,10/29/25 6:07 AM,10/29/25 2:16 PM,8.16,0.00,0.00,8.16
Tink-a-Tako - Potranco,"Vasquez, Norma",Server,10/29/25 6:12 AM,10/29/25 2:36 PM,8.39,0.00,0.00,8.39
Tink-a-Tako - Potranco,"Caviedes, Esperansa",Server,10/29/25 7:45 AM,10/29/25 2:08 PM,6.38,0.00,0.00,6.38
Tink-a-Tako - Potranco,"Compean, Rosa",Server,10/29/25 7:51 AM,10/29/25 2:21 PM,6.49,0.00,0.00,6.49
Tink-a-Tako - Potranco,"Trevino, Melissa",Dishwasher,10/29/25 8:04 AM,10/29/25 2:13 PM,6.15,0.00,0.00,6.15
Tink-a-Tako - Potranco,"Torres, Daniela",Drive-Thru,10/29/25 8:17 AM,10/29/25 2:02 PM,5.74,0.00,0.00,5.74
Tink-a-Tako - Potranco,"Serrato, Joshua ",Busser,10/29/25 8:59 AM,10/29/25 2:02 PM,5.04,0.00,0.00,5.04
Tink-a-Tako - Potranco,"Salinas, Zoila",Manager S.,10/29/25 10:06 AM,10/30/25 4:00 AM,17.89,0.00,0.00,17.89
Tink-a-Tako - Potranco,"Gonzalez, Maria ",Tortillero,10/29/25 1:45 PM,10/29/25 9:07 PM,7.37,0.00,0.00,7.37
Tink-a-Tako - Potranco,"Abundiz, Sergio",Server,10/29/25 1:46 PM,10/29/25 9:29 PM,7.71,0.00,0.00,7.71
Tink-a-Tako - Potranco,"Juarez, Maria ",Dishwasher,10/29/25 1:54 PM,10/29/25 9:08 PM,7.24,0.00,0.00,7.24
Tink-a-Tako - Potranco,"Gonzales (Line) , Maria",Cook,10/29/25 1:57 PM,10/29/25 9:03 PM,7.10,0.00,0.00,7.10
Tink-a-Tako - Potranco,"Alonso, Lizeth",Host,10/29/25 2:01 PM,10/30/25 4:00 AM,13.98,0.00,0.00,13.98
Tink-a-Tako - Potranco,"Calderon, Jesus",Cook,10/29/25 2:01 PM,10/29/25 9:01 PM,7.00,0.00,0.00,7.00
Tink-a-Tako - Potranco,"Camacho, Juan ",Server,10/29/25 2:09 PM,10/29/25 9:46 PM,7.63,0.00,0.00,7.63
Tink-a-Tako - Potranco,"Luna, Mayra",Shift Manager / Assistant Manager,10/29/25 2:12 PM,10/29/25 9:48 PM,7.60,0.00,0.00,7.60
Tink-a-Tako - Potranco,"Rueda, Jonathan",Busser,10/29/25 3:59 PM,10/29/25 8:02 PM,4.04,0.00,0.00,4.04
