Location,Server,Check #,Table,Station,Expediter Level,Fired Date,Fulfilled Date,Fulfillment Time,Fulfilled By
2919 Blanco Rd,AM CASHIER,1,,,1,9/20/25 6:06 AM,9/20/25 6:13 AM,7 minutes and 15 seconds,Cinthia Patlan
2919 Blanco Rd,AM CASHIER,4,10,,1,9/20/25 6:14 AM,9/20/25 6:20 AM,6 minutes and 6 seconds,Cinthia Patlan
2919 Blanco Rd,AM CASHIER,3,,,1,9/20/25 6:12 AM,9/20/25 7:35 AM,"1 hour, 22 minutes and 40 seconds",Cinthia Patlan
2919 Blanco Rd,Maria  Salazar,12,19,,1,9/20/25 6:57 AM,9/20/25 7:35 AM,37 minutes and 51 seconds,Cinthia Patlan
2919 Blanco Rd,Maria  Salazar,12,19,,1,9/20/25 7:09 AM,9/20/25 7:35 AM,26 minutes and 6 seconds,Cinthia Patlan
2919 Blanco Rd,AM CASHIER,18,,,1,9/20/25 7:36 AM,9/20/25 7:56 AM,20 minutes and 29 seconds,Cinthia Patlan
2919 Blanco Rd,Maria  Salazar,24,6,,1,9/20/25 7:51 AM,9/20/25 7:56 AM,5 minutes and 39 seconds,Cinthia Patlan
2919 Blanco Rd,Maria  Salazar,26,14,,1,9/20/25 8:00 AM,9/20/25 8:52 AM,52 minutes and 11 seconds,Cinthia Patlan
2919 Blanco Rd,Martina Ovalle ,35,7,,1,9/20/25 8:10 AM,9/20/25 8:52 AM,41 minutes and 54 seconds,Cinthia Patlan
2919 Blanco Rd,AM CASHIER,42,,,1,9/20/25 8:31 AM,9/20/25 8:52 AM,21 minutes and 20 seconds,Cinthia Patlan
2919 Blanco Rd,Sami Martinez ,53,5,,1,9/20/25 8:54 AM,9/20/25 9:10 AM,16 minutes and 5 seconds,Cinthia Patlan
2919 Blanco Rd,AM CASHIER,59,,,1,9/20/25 8:54 AM,9/20/25 9:10 AM,16 minutes and 20 seconds,Cinthia Patlan
2919 Blanco Rd,AM CASHIER,64,8,,1,9/20/25 8:58 AM,9/20/25 9:10 AM,12 minutes,Cinthia Patlan
2919 Blanco Rd,Sami Martinez ,53,5,,1,9/20/25 8:46 AM,9/20/25 9:10 AM,24 minutes and 2 seconds,Cinthia Patlan
2919 Blanco Rd,Martina Ovalle ,66,25,,1,9/20/25 9:01 AM,9/20/25 9:10 AM,9 minutes and 15 seconds,Cinthia Patlan
2919 Blanco Rd,AM CASHIER,69,,,1,9/20/25 9:02 AM,9/20/25 9:10 AM,8 minutes and 20 seconds,Cinthia Patlan
2919 Blanco Rd,Cin Cin,80,,,1,9/20/25 9:21 AM,9/20/25 9:38 AM,17 minutes and 3 seconds,Cinthia Patlan
2919 Blanco Rd,AM CASHIER,73,,,1,9/20/25 9:10 AM,9/20/25 9:38 AM,28 minutes and 51 seconds,Cinthia Patlan
2919 Blanco Rd,Sami Martinez ,81,6,,1,9/20/25 9:22 AM,9/20/25 9:38 AM,16 minutes and 8 seconds,Cinthia Patlan
2919 Blanco Rd,AM CASHIER,64,8,,1,9/20/25 9:23 AM,9/20/25 9:38 AM,15 minutes and 57 seconds,Cinthia Patlan
2919 Blanco Rd,Martina Ovalle ,84,22,,1,9/20/25 9:25 AM,9/20/25 9:39 AM,13 minutes and 56 seconds,Cinthia Patlan
2919 Blanco Rd,Martina Ovalle ,84,22,,1,9/20/25 9:40 AM,9/20/25 9:45 AM,5 minutes,Cinthia Patlan
2919 Blanco Rd,Martina Ovalle ,87,19,,1,9/20/25 9:29 AM,9/20/25 9:45 AM,15 minutes and 35 seconds,Cinthia Patlan
2919 Blanco Rd,Sami Martinez ,90,2,,1,9/20/25 9:40 AM,9/20/25 9:45 AM,5 minutes and 1 second,Cinthia Patlan
2919 Blanco Rd,Sami Martinez ,90,2,,1,9/20/25 9:41 AM,9/20/25 9:52 AM,10 minutes and 56 seconds,Cinthia Patlan
2919 Blanco Rd,Martina Ovalle ,94,13,,1,9/20/25 9:45 AM,9/20/25 9:52 AM,6 minutes and 10 seconds,Cinthia Patlan
2919 Blanco Rd,Sami Martinez ,95,4,,1,9/20/25 9:47 AM,9/20/25 9:55 AM,8 minutes and 15 seconds,Cinthia Patlan
2919 Blanco Rd,Martina Ovalle ,96,7,,1,9/20/25 9:46 AM,9/20/25 9:55 AM,8 minutes and 31 seconds,Cinthia Patlan
2919 Blanco Rd,Sami Martinez ,98,5,,1,9/20/25 10:03 AM,9/20/25 10:23 AM,20 minutes and 19 seconds,Cinthia Patlan
2919 Blanco Rd,Sami Martinez ,98,5,,1,9/20/25 9:49 AM,9/20/25 10:23 AM,34 minutes and 28 seconds,Cinthia Patlan
2919 Blanco Rd,AM CASHIER,100,,,1,9/20/25 9:50 AM,9/20/25 10:23 AM,33 minutes and 5 seconds,Cinthia Patlan
2919 Blanco Rd,AM CASHIER,120,,,1,9/20/25 10:14 AM,9/20/25 10:23 AM,8 minutes and 49 seconds,Cinthia Patlan
2919 Blanco Rd,AM CASHIER,123,,,1,9/20/25 10:15 AM,9/20/25 10:23 AM,8 minutes and 12 seconds,Cinthia Patlan
2919 Blanco Rd,Martina Ovalle ,124,21,,1,9/20/25 10:16 AM,9/20/25 10:27 AM,11 minutes and 2 seconds,Cinthia Patlan
2919 Blanco Rd,Martina Ovalle ,121,6,,1,9/20/25 10:15 AM,9/20/25 10:27 AM,11 minutes and 38 seconds,Cinthia Patlan
2919 Blanco Rd,Sami Martinez ,119,17,,1,9/20/25 10:19 AM,9/20/25 10:49 AM,29 minutes and 59 seconds,Cinthia Patlan
2919 Blanco Rd,AM CASHIER,129,,,1,9/20/25 10:20 AM,9/20/25 10:49 AM,28 minutes and 9 seconds,Cinthia Patlan
2919 Blanco Rd,Martina Ovalle ,124,21,,1,9/20/25 10:37 AM,9/20/25 11:25 AM,47 minutes and 54 seconds,Cinthia Patlan
2919 Blanco Rd,AM CASHIER,150,,,1,9/20/25 10:49 AM,9/20/25 11:25 AM,35 minutes and 55 seconds,Cinthia Patlan
2919 Blanco Rd,Martina Ovalle ,143,4,,1,9/20/25 10:41 AM,9/20/25 11:25 AM,43 minutes and 46 seconds,Cinthia Patlan
2919 Blanco Rd,Sami Martinez ,137,8,,1,9/20/25 10:35 AM,9/20/25 11:25 AM,50 minutes and 10 seconds,Cinthia Patlan
2919 Blanco Rd,AM CASHIER,125,,,1,9/20/25 10:47 AM,9/20/25 11:25 AM,37 minutes and 37 seconds,Cinthia Patlan
2919 Blanco Rd,Sami Martinez ,156,6,,1,9/20/25 11:02 AM,9/20/25 11:25 AM,23 minutes and 11 seconds,Cinthia Patlan
2919 Blanco Rd,Maria  Salazar,159,,,1,9/20/25 11:03 AM,9/20/25 11:25 AM,21 minutes and 39 seconds,Cinthia Patlan
2919 Blanco Rd,Maria  Salazar,157,,,1,9/20/25 11:03 AM,9/20/25 11:25 AM,22 minutes and 9 seconds,Cinthia Patlan
2919 Blanco Rd,Maria  Salazar,166,,,1,9/20/25 11:14 AM,9/20/25 11:25 AM,11 minutes and 20 seconds,Cinthia Patlan
2919 Blanco Rd,Martina Ovalle ,172,3,,1,9/20/25 11:17 AM,9/20/25 11:25 AM,7 minutes and 57 seconds,Cinthia Patlan
2919 Blanco Rd,Sami Martinez ,156,6,,1,9/20/25 11:24 AM,9/20/25 11:27 AM,2 minutes and 52 seconds,Cinthia Patlan
2919 Blanco Rd,Sami Martinez ,175,5,,1,9/20/25 11:24 AM,9/20/25 11:33 AM,9 minutes and 30 seconds,Cinthia Patlan
2919 Blanco Rd,Sami Martinez ,177,18,,1,9/20/25 11:26 AM,9/20/25 11:33 AM,7 minutes and 5 seconds,Cinthia Patlan
2919 Blanco Rd,Martina Ovalle ,172,3,,1,9/20/25 11:22 AM,9/20/25 11:33 AM,11 minutes and 34 seconds,Cinthia Patlan
2919 Blanco Rd,Martina Ovalle ,185,2,,1,9/20/25 11:35 AM,9/20/25 11:57 AM,21 minutes and 59 seconds,Cinthia Patlan
2919 Blanco Rd,Maria  Salazar,181,,,1,9/20/25 11:33 AM,9/20/25 11:57 AM,23 minutes and 51 seconds,Cinthia Patlan
2919 Blanco Rd,Cin Cin,182,,,1,9/20/25 11:40 AM,9/20/25 11:57 AM,17 minutes and 1 second,Cinthia Patlan
2919 Blanco Rd,Sami Martinez ,201,3,,1,9/20/25 11:54 AM,9/20/25 12:01 PM,6 minutes and 22 seconds,Cinthia Patlan
2919 Blanco Rd,Sami Martinez ,195,7,,1,9/20/25 11:48 AM,9/20/25 12:01 PM,12 minutes and 18 seconds,Cinthia Patlan
2919 Blanco Rd,Martina Ovalle ,198,25,,1,9/20/25 11:50 AM,9/20/25 12:01 PM,11 minutes and 8 seconds,Cinthia Patlan
2919 Blanco Rd,AM CASHIER,189,,,1,9/20/25 11:43 AM,9/20/25 12:01 PM,17 minutes and 23 seconds,Cinthia Patlan
2919 Blanco Rd,Maria  Salazar,192,,,1,9/20/25 11:46 AM,9/20/25 12:01 PM,15 minutes and 7 seconds,Cinthia Patlan
2919 Blanco Rd,Martina Ovalle ,203,8,,1,9/20/25 11:55 AM,9/20/25 12:11 PM,15 minutes and 29 seconds,Cinthia Patlan
2919 Blanco Rd,Maria  Salazar,214,,,1,9/20/25 12:00 PM,9/20/25 12:11 PM,10 minutes and 27 seconds,Cinthia Patlan
2919 Blanco Rd,Martina Ovalle ,219,6,,1,9/20/25 12:06 PM,9/20/25 12:19 PM,12 minutes and 44 seconds,Cinthia Patlan
2919 Blanco Rd,Martina Ovalle ,224,17,,1,9/20/25 12:13 PM,9/20/25 12:55 PM,42 minutes and 16 seconds,Cinthia Patlan
2919 Blanco Rd,Sami Martinez ,225,5,,1,9/20/25 12:19 PM,9/20/25 12:55 PM,36 minutes and 31 seconds,Cinthia Patlan
2919 Blanco Rd,Sami Martinez ,227,5,,1,9/20/25 12:17 PM,9/20/25 12:55 PM,38 minutes and 48 seconds,Cinthia Patlan
2919 Blanco Rd,Martina Ovalle ,241,12,,1,9/20/25 12:34 PM,9/20/25 12:55 PM,21 minutes and 53 seconds,Cinthia Patlan
2919 Blanco Rd,Martina Ovalle ,237,15,,1,9/20/25 12:28 PM,9/20/25 12:55 PM,27 minutes and 16 seconds,Cinthia Patlan
2919 Blanco Rd,Sami Martinez ,240,1,,1,9/20/25 12:35 PM,9/20/25 12:55 PM,20 minutes and 50 seconds,Cinthia Patlan
2919 Blanco Rd,Sami Martinez ,245,8,,1,9/20/25 12:40 PM,9/20/25 12:55 PM,15 minutes and 13 seconds,Cinthia Patlan
2919 Blanco Rd,Maria  Salazar,249,,,1,9/20/25 12:53 PM,9/20/25 1:21 PM,27 minutes and 33 seconds,Cinthia Patlan
2919 Blanco Rd,Martina Ovalle ,250,6,,1,9/20/25 12:50 PM,9/20/25 1:21 PM,30 minutes and 51 seconds,Cinthia Patlan
2919 Blanco Rd,Sami Martinez ,240,1,,1,9/20/25 1:03 PM,9/20/25 1:21 PM,18 minutes and 12 seconds,Cinthia Patlan
2919 Blanco Rd,Sami Martinez ,245,8,,1,9/20/25 1:07 PM,9/20/25 1:21 PM,13 minutes and 35 seconds,Cinthia Patlan
2919 Blanco Rd,AM CASHIER,260,,,1,9/20/25 1:20 PM,9/20/25 1:21 PM,33 seconds,Cinthia Patlan
2919 Blanco Rd,Sami Martinez ,258,25,,1,9/20/25 1:21 PM,9/20/25 2:30 PM,"1 hour, 8 minutes and 33 seconds",Cinthia Patlan
2919 Blanco Rd,AM CASHIER,262,,,1,9/20/25 1:22 PM,9/20/25 2:30 PM,"1 hour, 8 minutes and 5 seconds",Cinthia Patlan
2919 Blanco Rd,Martina Ovalle ,273,14,,1,9/20/25 1:48 PM,9/20/25 2:30 PM,42 minutes and 17 seconds,Cinthia Patlan
2919 Blanco Rd,Sami Martinez ,278,7,,1,9/20/25 1:55 PM,9/20/25 2:30 PM,35 minutes and 15 seconds,Cinthia Patlan
2919 Blanco Rd,Martina Ovalle ,273,14,,1,9/20/25 1:39 PM,9/20/25 2:30 PM,50 minutes and 53 seconds,Cinthia Patlan
2919 Blanco Rd,Sami Martinez ,277,12,,1,9/20/25 1:54 PM,9/20/25 2:30 PM,36 minutes and 3 seconds,Cinthia Patlan
2919 Blanco Rd,Sami Martinez ,283,8,,1,9/20/25 2:07 PM,9/20/25 2:30 PM,23 minutes and 14 seconds,Cinthia Patlan
2919 Blanco Rd,Sami Martinez ,284,6,,1,9/20/25 2:09 PM,9/20/25 2:30 PM,21 minutes and 10 seconds,Cinthia Patlan
2919 Blanco Rd,AM CASHIER,288,,,1,9/20/25 2:13 PM,9/20/25 2:30 PM,17 minutes and 2 seconds,Cinthia Patlan
2919 Blanco Rd,Sami Martinez ,296,3,,1,9/20/25 2:31 PM,9/20/25 2:54 PM,22 minutes and 40 seconds,Cinthia Patlan
2919 Blanco Rd,Sami Martinez ,297,7,,1,9/20/25 2:33 PM,9/20/25 2:54 PM,20 minutes and 40 seconds,Cinthia Patlan
2919 Blanco Rd,Sami Martinez ,298,14,,1,9/20/25 2:40 PM,9/20/25 2:57 PM,16 minutes and 42 seconds,Cinthia Patlan
2919 Blanco Rd,AM CASHIER,302,,,1,9/20/25 2:48 PM,9/20/25 2:57 PM,8 minutes and 25 seconds,Cinthia Patlan
2919 Blanco Rd,Sami Martinez ,301,18,,1,9/20/25 2:49 PM,9/20/25 2:57 PM,8 minutes and 5 seconds,Cinthia Patlan
2919 Blanco Rd,Sami Martinez ,220,4,,1,9/20/25 2:53 PM,9/20/25 3:15 PM,22 minutes and 20 seconds,Cinthia Patlan
2919 Blanco Rd,Sami Martinez ,307,2,,1,9/20/25 3:13 PM,9/20/25 3:18 PM,4 minutes and 34 seconds,Cinthia Patlan
2919 Blanco Rd,Martina Ovalle ,309,,,1,9/20/25 3:22 PM,9/20/25 5:45 PM,"2 hours, 22 minutes and 54 seconds",Cinthia Patlan
2919 Blanco Rd,Martina Ovalle ,319,,,1,9/20/25 4:15 PM,9/20/25 5:45 PM,"1 hour, 30 minutes and 38 seconds",Cinthia Patlan
2919 Blanco Rd,AM CASHIER,315,,,1,9/20/25 3:51 PM,9/20/25 5:45 PM,"1 hour, 54 minutes and 22 seconds",Cinthia Patlan
2919 Blanco Rd,Sami Martinez ,321,9,,1,9/20/25 4:20 PM,9/20/25 5:45 PM,"1 hour, 25 minutes and 9 seconds",Cinthia Patlan
2919 Blanco Rd,Sami Martinez ,321,9,,1,9/20/25 4:45 PM,9/20/25 5:45 PM,1 hour and 20 seconds,Cinthia Patlan
2919 Blanco Rd,AM CASHIER,328,,,1,9/20/25 5:35 PM,9/20/25 5:45 PM,10 minutes and 9 seconds,Cinthia Patlan
2919 Blanco Rd,Sami Martinez ,331,3,,1,9/20/25 6:08 PM,9/20/25 7:30 PM,"1 hour, 21 minutes and 17 seconds",Cinthia Patlan
2919 Blanco Rd,Sami Martinez ,329,15,,1,9/20/25 5:57 PM,9/20/25 7:30 PM,"1 hour, 32 minutes and 21 seconds",Cinthia Patlan
2919 Blanco Rd,Sami Martinez ,332,6,,1,9/20/25 6:10 PM,9/20/25 7:30 PM,"1 hour, 20 minutes and 1 second",Cinthia Patlan
2919 Blanco Rd,Sami Martinez ,333,19,,1,9/20/25 6:24 PM,9/20/25 7:30 PM,"1 hour, 5 minutes and 58 seconds",Cinthia Patlan
2919 Blanco Rd,Sami Martinez ,336,3,,1,9/20/25 6:51 PM,9/20/25 7:30 PM,39 minutes and 15 seconds,Cinthia Patlan
2919 Blanco Rd,AM CASHIER,335,,,1,9/20/25 7:12 PM,9/20/25 7:30 PM,17 minutes and 29 seconds,Cinthia Patlan
2919 Blanco Rd,Sami Martinez ,7001,7,,1,9/20/25 7:25 PM,9/20/25 7:30 PM,5 minutes and 13 seconds,Cinthia Patlan
2919 Blanco Rd,AM CASHIER,338,,,1,9/20/25 7:36 PM,9/20/25 8:02 PM,25 minutes and 40 seconds,Cinthia Patlan
2919 Blanco Rd,AM CASHIER,339,,,1,9/20/25 7:36 PM,9/20/25 8:02 PM,25 minutes and 5 seconds,Cinthia Patlan
