Employee,Job Title,Regular Hours,Overtime Hours,Hourly Rate,Regular Pay,Overtime Pay,Total Pay,Net Sales,Declared Tips,Non-Cash Tips,Total Tips,Tips Withheld,Total Gratuity,Employee ID,Job Code,Location,Location Code
"CASHIER, AM",General Manager,14.14,0.0,,,,,322.04,,6.00,6.00,0.00,0.00,,,2919 Blanco Rd,
"Cin, Cin",Drive-Thru,9.28,0.0,,,,,2296.61,,67.26,67.26,0.00,0.00,,,2919 Blanco Rd,
"Franco , Eduardo ",Cook,8.82,0.0,14.00,123.48,0.00,123.48,0.00,,0.00,0.00,0.00,0.00,,,2919 Blanco Rd,
"Hernandez, Celinda",Cook,1.56,7.4,16.00,24.96,177.60,202.56,0.00,,0.00,0.00,0.00,0.00,,,2919 Blanco Rd,
"Martinez , Sami",Server,1.99,10.51,3.00,5.97,47.30,53.27,947.96,,64.26,64.26,0.00,0.00,,,2919 Blanco Rd,
"Melendez, Ninoska",Tortillero/a,1.82,8.39,13.00,23.66,163.61,187.27,0.00,,0.00,0.00,0.00,0.00,,,2919 Blanco Rd,
"Ovalle , Martina",Server,0.0,6.04,,,,,495.77,,39.00,39.00,0.00,0.00,,,2919 Blanco Rd,
"Ovalle , Martina",Drive-Thru,0.0,6.66,,,,,392.08,,5.00,5.00,0.00,0.00,,,2919 Blanco Rd,
"Rivera, Dante Antonio ",Cook,12.53,0.0,,,,,0.00,,0.00,0.00,0.00,0.00,,,2919 Blanco Rd,
"Salazar, Maria ",Shift Manager / Assistant Manager,2.44,5.23,,,,,167.21,,5.72,5.72,0.00,0.00,,,2919 Blanco Rd,
"Villalobos , Veronica ",Cook,0.0,8.19,14.00,0.00,171.99,171.99,0.00,,0.00,0.00,0.00,0.00,,,2919 Blanco Rd,
