,Location,Employee,Job Title,In Date,Shift Closed Date,Out Date,Hours,Cash Tips Decl.,Cash on Hand,Cash in Drawer,Non-Cash Tips,Cash Gratuity,Non-Cash Gratuity,Tips Withheld,Non-Cash Sales,Cash Sales,Total Sales,Cash Collected?,Tips Paid?,Open,Paid,Closed,Tip Share Total
800000029796718938,2919 Blanco Rd,Cin Cin,Drive-Thru,9/20/25 5:01 AM,9/20/25 2:09 PM,9/20/25 2:18 PM,9.28,,0.00,918.80,67.26,0.00,0.00,0.00,1566.95,918.80,2485.75,yes,yes,0,0,167,0.00
800000029796810954,2919 Blanco Rd,AM CASHIER,General Manager,9/20/25 6:05 AM,9/20/25 2:02 PM,9/20/25 2:02 PM,7.95,,0.00,106.30,3.00,0.00,0.00,0.00,149.84,106.30,256.14,yes,yes,0,0,21,0.00
800000029796889437,2919 Blanco Rd,Maria  Salazar,Shift Manager / Assistant Manager,9/20/25 6:20 AM,9/20/25 2:01 PM,9/20/25 2:01 PM,7.67,,0.00,28.95,5.72,0.00,0.00,0.00,152.08,28.95,181.03,yes,yes,0,0,10,0.00
800000029797880295,2919 Blanco Rd,Martina Ovalle ,Server,9/20/25 7:57 AM,9/20/25 2:00 PM,9/20/25 2:00 PM,6.04,,0.00,109.98,39.00,0.00,0.00,0.00,426.71,109.98,536.69,yes,yes,0,0,20,0.00
800000029798092130,2919 Blanco Rd,Sami Martinez ,Server,9/20/25 8:09 AM,9/20/25 1:59 PM,9/20/25 1:59 PM,5.84,,0.00,140.24,28.26,0.00,0.00,0.00,326.44,140.24,466.68,yes,yes,0,0,17,0.00
800000029814868113,2919 Blanco Rd,Sami Martinez ,Server,9/20/25 2:00 PM,9/20/25 8:12 PM,9/20/25 8:39 PM,6.66,,0.00,274.68,36.00,0.00,0.00,0.00,284.74,274.68,559.42,yes,yes,0,0,21,0.00
800000029814910666,2919 Blanco Rd,Martina Ovalle ,Drive-Thru,9/20/25 2:00 PM,9/20/25 8:03 PM,9/20/25 8:40 PM,6.66,,0.00,118.93,5.00,0.00,0.00,0.00,305.40,118.93,424.33,yes,yes,0,0,23,0.00
800000029815027372,2919 Blanco Rd,AM CASHIER,General Manager,9/20/25 2:02 PM,9/20/25 8:13 PM,9/20/25 8:13 PM,6.19,,0.00,35.04,3.00,0.00,0.00,0.00,57.40,35.04,92.44,yes,yes,0,0,8,0.00
