Location,Order #,Opened Date,Server,Table,Discount Name,Discount Reason,Comment,Discount Amount
Sandra's Cuisine - Potranco - 12060 Potranco Road,232,10/8/25 8:39 PM,Mario Jimenez,,Open % Item,,,2.10
Sandra's Cuisine - Potranco - 12060 Potranco Road,202,10/8/25 6:45 PM,Candy Del Angel,,Open % Item,,,0.70
Sandra's Cuisine - Potranco - 12060 Potranco Road,202,10/8/25 6:45 PM,Candy Del Angel,,Open % Item,,,1.40
Sandra's Cuisine - Potranco - 12060 Potranco Road,194,10/8/25 6:23 PM,Melissa  Urena,16,Open % Item,,,1.60
Sandra's Cuisine - Potranco - 12060 Potranco Road,194,10/8/25 6:23 PM,Melissa  Urena,16,Open % Item,,,1.40
Sandra's Cuisine - Potranco - 12060 Potranco Road,180,10/8/25 5:21 PM,Lisa Velasquez,35,Open % Item,,,1.20
Sandra's Cuisine - Potranco - 12060 Potranco Road,180,10/8/25 5:21 PM,Lisa Velasquez,35,Open % Item,,,1.10
Sandra's Cuisine - Potranco - 12060 Potranco Road,180,10/8/25 5:21 PM,Lisa Velasquez,35,Open % Item,,,1.10
Sandra's Cuisine - Potranco - 12060 Potranco Road,179,10/8/25 5:20 PM,Melissa  Urena,,Open % Item,,,0.06
Sandra's Cuisine - Potranco - 12060 Potranco Road,179,10/8/25 5:20 PM,Melissa  Urena,,Open % Item,,,0.06
Sandra's Cuisine - Potranco - 12060 Potranco Road,179,10/8/25 5:20 PM,Melissa  Urena,,Open % Item,,,1.00
Sandra's Cuisine - Potranco - 12060 Potranco Road,163,10/8/25 2:06 PM,Carlos Morales,,Open % Check,,,1.20
Sandra's Cuisine - Potranco - 12060 Potranco Road,148,10/8/25 1:21 PM,Emanuel Sanchez,12,Open % Item,,,0.30
Sandra's Cuisine - Potranco - 12060 Potranco Road,148,10/8/25 1:21 PM,Emanuel Sanchez,12,Open % Item,,,0.48
Sandra's Cuisine - Potranco - 12060 Potranco Road,110,10/8/25 11:49 AM,Adrian Morales,15,Open % Item,,,0.23
Sandra's Cuisine - Potranco - 12060 Potranco Road,110,10/8/25 11:49 AM,Adrian Morales,15,Open % Item,,,0.25
Sandra's Cuisine - Potranco - 12060 Potranco Road,68,10/8/25 10:04 AM,Melissa  Urena,,Open % Item,,,1.08
Sandra's Cuisine - Potranco - 12060 Potranco Road,68,10/8/25 10:04 AM,Melissa  Urena,,Open % Item,,,0.18
Sandra's Cuisine - Potranco - 12060 Potranco Road,66,10/8/25 9:57 AM,Adrian Morales,34,Open % Item,,,1.20
Sandra's Cuisine - Potranco - 12060 Potranco Road,66,10/8/25 9:57 AM,Adrian Morales,34,Open % Item,,,0.40
Sandra's Cuisine - Potranco - 12060 Potranco Road,49,10/8/25 9:27 AM,Candy Del Angel,,Employee Discount - Check,Employee Discount,Employee,38.34
Sandra's Cuisine - Potranco - 12060 Potranco Road,26,10/8/25 8:27 AM,Melissa  Urena,,Open % Item,,,1.76
Sandra's Cuisine - Potranco - 12060 Potranco Road,26,10/8/25 8:27 AM,Melissa  Urena,,Open % Item,,,0.96
Sandra's Cuisine - Potranco - 12060 Potranco Road,26,10/8/25 8:27 AM,Melissa  Urena,,Open % Item,,,0.36
